Datetime,Open,High,Low,Close,Volume,Dividends,Stock Splits
2022-09-22 09:00:00+09:00,2131.0,2150.0,2131.0,2146.0,7700,0.0,0.0
2022-09-22 10:00:00+09:00,2151.0,2158.0,2150.0,2153.0,1600,0.0,0.0
2022-09-22 11:00:00+09:00,2156.0,2156.0,2143.0,2155.0,0,0.0,0.0
2022-09-22 12:00:00+09:00,2155.0,2177.0,2155.0,2177.0,15700,0.0,0.0
2022-09-22 13:00:00+09:00,2176.0,2191.0,2176.0,2180.0,3200,0.0,0.0
2022-09-22 14:00:00+09:00,2180.0,2183.0,2176.0,2177.0,6800,0.0,0.0
2022-09-26 09:00:00+09:00,2127.0,2127.0,2082.0,2100.0,0,0.0,0.0
2022-09-26 10:00:00+09:00,2100.0,2105.0,2099.0,2104.0,1900,0.0,0.0
2022-09-26 11:00:00+09:00,2109.0,2110.0,2099.0,2099.0,0,0.0,0.0
2022-09-26 12:00:00+09:00,2090.0,2091.0,2069.0,2076.0,19400,0.0,0.0
2022-09-26 13:00:00+09:00,2080.0,2080.0,2053.0,2062.0,0,0.0,0.0
2022-09-26 14:00:00+09:00,2060.0,2071.0,2060.0,2063.0,34600,0.0,0.0
2022-09-27 09:00:00+09:00,2065.0,2099.0,2056.0,2096.0,8300,0.0,0.0
2022-09-27 10:00:00+09:00,2099.0,2099.0,2084.0,2084.0,2100,0.0,0.0
2022-09-27 11:00:00+09:00,2095.0,2111.0,2093.0,2111.0,0,0.0,0.0
2022-09-27 12:00:00+09:00,2118.0,2118.0,2105.0,2107.0,13500,0.0,0.0
2022-09-27 13:00:00+09:00,2110.0,2117.0,2100.0,2117.0,3000,0.0,0.0
2022-09-27 14:00:00+09:00,2113.0,2114.0,2105.0,2109.0,2900,0.0,0.0
2022-09-28 09:00:00+09:00,2099.0,2109.0,2065.0,2088.0,9900,0.0,0.0
2022-09-28 10:00:00+09:00,2088.0,2088.0,2062.0,2077.0,5900,0.0,0.0
2022-09-28 11:00:00+09:00,2079.0,2082.0,2070.0,2073.0,0,0.0,0.0
2022-09-28 12:00:00+09:00,2066.0,2091.0,2063.0,2091.0,21300,0.0,0.0
2022-09-28 13:00:00+09:00,2087.0,2094.0,2077.0,2077.0,2900,0.0,0.0
2022-09-28 14:00:00+09:00,2077.0,2093.0,2062.0,2093.0,8400,0.0,0.0
2022-09-29 09:00:00+09:00,2100.0,2171.0,2100.0,2147.0,5600,0.0,0.0
2022-09-29 10:00:00+09:00,2147.0,2155.0,2132.0,2140.0,4800,0.0,0.0
2022-09-29 11:00:00+09:00,2133.0,2138.0,2120.0,2127.0,0,0.0,0.0
2022-09-29 12:00:00+09:00,2122.0,2139.0,2122.0,2134.0,13200,0.0,0.0
2022-09-29 13:00:00+09:00,2129.0,2143.0,2128.0,2136.0,3100,0.0,0.0
2022-09-29 14:00:00+09:00,2135.0,2135.0,2110.0,2121.0,7200,0.0,0.0
2022-09-30 09:00:00+09:00,2121.0,2139.0,2089.0,2138.0,8200,0.0,0.0
2022-09-30 10:00:00+09:00,2138.0,2167.0,2135.0,2135.0,9700,0.0,0.0
2022-09-30 11:00:00+09:00,2130.0,2137.0,2106.0,2114.0,0,0.0,0.0
2022-09-30 12:00:00+09:00,2125.0,2125.0,2090.0,2090.0,27200,0.0,0.0
2022-09-30 13:00:00+09:00,2090.0,2127.0,2086.0,2118.0,6300,0.0,0.0
2022-09-30 14:00:00+09:00,2118.0,2131.0,2113.0,2131.0,7700,0.0,0.0
2022-10-03 09:00:00+09:00,2110.0,2131.0,2080.0,2081.0,6700,0.0,0.0
2022-10-03 10:00:00+09:00,2094.0,2131.0,2094.0,2131.0,6500,0.0,0.0
2022-10-03 11:00:00+09:00,2119.0,2119.0,2119.0,2119.0,0,0.0,0.0
2022-10-03 12:00:00+09:00,2103.0,2138.0,2103.0,2115.0,15600,0.0,0.0
2022-10-03 13:00:00+09:00,2119.0,2121.0,2110.0,2121.0,3000,0.0,0.0
2022-10-03 14:00:00+09:00,2121.0,2137.0,2121.0,2137.0,4600,0.0,0.0
2022-10-04 09:00:00+09:00,2163.0,2210.0,2163.0,2205.0,12100,0.0,0.0
2022-10-04 10:00:00+09:00,2210.0,2210.0,2185.0,2185.0,1900,0.0,0.0
2022-10-04 11:00:00+09:00,2181.0,2184.0,2173.0,2179.0,0,0.0,0.0
2022-10-04 12:00:00+09:00,2172.0,2193.0,2172.0,2188.0,18700,0.0,0.0
2022-10-04 13:00:00+09:00,2192.0,2197.0,2191.0,2197.0,500,0.0,0.0
2022-10-04 14:00:00+09:00,2199.0,2199.0,2189.0,2196.0,6800,0.0,0.0
2022-10-05 09:00:00+09:00,2211.0,2233.0,2203.0,2203.0,9000,0.0,0.0
2022-10-05 10:00:00+09:00,2201.0,2201.0,2161.0,2169.0,3800,0.0,0.0
2022-10-05 11:00:00+09:00,2168.0,2168.0,2159.0,2167.0,0,0.0,0.0
2022-10-05 12:00:00+09:00,2162.0,2163.0,2149.0,2158.0,16600,0.0,0.0
2022-10-05 13:00:00+09:00,2160.0,2165.0,2148.0,2150.0,2200,0.0,0.0
2022-10-05 14:00:00+09:00,2151.0,2161.0,2144.0,2155.0,8400,0.0,0.0
2022-10-06 09:00:00+09:00,2151.0,2228.0,2151.0,2213.0,7500,0.0,0.0
2022-10-06 10:00:00+09:00,2212.0,2221.0,2210.0,2221.0,2900,0.0,0.0
2022-10-06 11:00:00+09:00,2222.0,2232.0,2217.0,2221.0,0,0.0,0.0
2022-10-06 12:00:00+09:00,2221.0,2230.0,2215.0,2215.0,20900,0.0,0.0
2022-10-06 13:00:00+09:00,2214.0,2220.0,2200.0,2220.0,3700,0.0,0.0
2022-10-06 14:00:00+09:00,2215.0,2218.0,2195.0,2195.0,12500,0.0,0.0
2022-10-07 09:00:00+09:00,2155.0,2217.0,2155.0,2204.0,7800,0.0,0.0
2022-10-07 10:00:00+09:00,2200.0,2201.0,2190.0,2194.0,3100,0.0,0.0
2022-10-07 11:00:00+09:00,2192.0,2194.0,2182.0,2190.0,0,0.0,0.0
2022-10-07 12:00:00+09:00,2184.0,2187.0,2178.0,2178.0,15300,0.0,0.0
2022-10-07 13:00:00+09:00,2178.0,2186.0,2170.0,2175.0,3800,0.0,0.0
2022-10-07 14:00:00+09:00,2176.0,2184.0,2173.0,2178.0,4000,0.0,0.0
2022-10-11 09:00:00+09:00,2160.0,2176.0,2133.0,2137.0,0,0.0,0.0
2022-10-11 10:00:00+09:00,2138.0,2138.0,2113.0,2121.0,9500,0.0,0.0
2022-10-11 11:00:00+09:00,2120.0,2125.0,2114.0,2118.0,0,0.0,0.0
2022-10-11 12:00:00+09:00,2118.0,2123.0,2114.0,2114.0,26900,0.0,0.0
2022-10-11 13:00:00+09:00,2114.0,2135.0,2114.0,2135.0,2600,0.0,0.0
2022-10-11 14:00:00+09:00,2137.0,2140.0,2121.0,2127.0,6800,0.0,0.0
2022-10-12 09:00:00+09:00,2132.0,2150.0,2106.0,2150.0,6500,0.0,0.0
2022-10-12 10:00:00+09:00,2150.0,2173.0,2150.0,2157.0,7400,0.0,0.0
2022-10-12 11:00:00+09:00,2154.0,2163.0,2154.0,2163.0,0,0.0,0.0
2022-10-12 12:00:00+09:00,2172.0,2172.0,2156.0,2159.0,17800,0.0,0.0
2022-10-12 13:00:00+09:00,2163.0,2182.0,2159.0,2182.0,11100,0.0,0.0
2022-10-12 14:00:00+09:00,2179.0,2184.0,2172.0,2184.0,5300,0.0,0.0
2022-10-13 09:00:00+09:00,2173.0,2223.0,2132.0,2223.0,11500,0.0,0.0
2022-10-13 10:00:00+09:00,2220.0,2220.0,2187.0,2206.0,4000,0.0,0.0
2022-10-13 11:00:00+09:00,2200.0,2203.0,2200.0,2203.0,0,0.0,0.0
2022-10-13 12:00:00+09:00,2203.0,2215.0,2195.0,2197.0,20600,0.0,0.0
2022-10-13 13:00:00+09:00,2198.0,2205.0,2193.0,2203.0,3900,0.0,0.0
2022-10-13 14:00:00+09:00,2203.0,2206.0,2189.0,2189.0,4800,0.0,0.0
2022-10-14 09:00:00+09:00,2221.0,2247.0,2198.0,2218.0,10900,0.0,0.0
2022-10-14 10:00:00+09:00,2215.0,2218.0,2208.0,2212.0,3000,0.0,0.0
2022-10-14 11:00:00+09:00,2209.0,2210.0,2205.0,2205.0,0,0.0,0.0
2022-10-14 12:00:00+09:00,2205.0,2212.0,2201.0,2203.0,17300,0.0,0.0
2022-10-14 13:00:00+09:00,2203.0,2250.0,2189.0,2232.0,19800,0.0,0.0
2022-10-14 14:00:00+09:00,2228.0,2231.0,2205.0,2205.0,5900,0.0,0.0
2022-10-17 09:00:00+09:00,2172.0,2204.0,2172.0,2196.0,5100,0.0,0.0
2022-10-17 10:00:00+09:00,2191.0,2201.0,2190.0,2192.0,3600,0.0,0.0
2022-10-17 11:00:00+09:00,2182.0,2198.0,2182.0,2198.0,0,0.0,0.0
2022-10-17 12:00:00+09:00,2190.0,2195.0,2184.0,2189.0,12500,0.0,0.0
2022-10-17 13:00:00+09:00,2188.0,2188.0,2180.0,2184.0,3600,0.0,0.0
2022-10-17 14:00:00+09:00,2185.0,2191.0,2165.0,2165.0,3900,0.0,0.0
2022-10-18 09:00:00+09:00,2196.0,2198.0,2164.0,2182.0,6200,0.0,0.0
2022-10-18 10:00:00+09:00,2177.0,2182.0,2164.0,2169.0,1700,0.0,0.0
2022-10-18 11:00:00+09:00,2170.0,2176.0,2170.0,2175.0,0,0.0,0.0
2022-10-18 12:00:00+09:00,2183.0,2183.0,2172.0,2172.0,10800,0.0,0.0
2022-10-18 13:00:00+09:00,2174.0,2179.0,2170.0,2175.0,3000,0.0,0.0
2022-10-18 14:00:00+09:00,2171.0,2177.0,2150.0,2177.0,13500,0.0,0.0
2022-10-19 09:00:00+09:00,2185.0,2185.0,2147.0,2150.0,4100,0.0,0.0
2022-10-19 10:00:00+09:00,2149.0,2154.0,2140.0,2150.0,3000,0.0,0.0
2022-10-19 11:00:00+09:00,2149.0,2149.0,2146.0,2147.0,0,0.0,0.0
2022-10-19 12:00:00+09:00,2149.0,2149.0,2124.0,2124.0,14500,0.0,0.0
2022-10-19 13:00:00+09:00,2120.0,2123.0,2087.0,2097.0,10300,0.0,0.0
2022-10-19 14:00:00+09:00,2097.0,2098.0,2077.0,2087.0,17300,0.0,0.0
2022-10-20 09:00:00+09:00,2069.0,2079.0,2025.0,2063.0,10700,0.0,0.0
2022-10-20 10:00:00+09:00,2056.0,2058.0,2029.0,2030.0,11600,0.0,0.0
2022-10-20 11:00:00+09:00,2030.0,2043.0,2030.0,2039.0,0,0.0,0.0
2022-10-20 12:00:00+09:00,2033.0,2033.0,2018.0,2028.0,32100,0.0,0.0
2022-10-20 13:00:00+09:00,2024.0,2033.0,2013.0,2023.0,7800,0.0,0.0
2022-10-20 14:00:00+09:00,2029.0,2045.0,2025.0,2041.0,8700,0.0,0.0
2022-10-21 09:00:00+09:00,2039.0,2039.0,1980.0,1993.0,0,0.0,0.0
2022-10-21 10:00:00+09:00,1995.0,2020.0,1991.0,2020.0,20900,0.0,0.0
2022-10-21 11:00:00+09:00,2023.0,2028.0,2022.0,2028.0,0,0.0,0.0
2022-10-21 12:00:00+09:00,2028.0,2039.0,2025.0,2025.0,25800,0.0,0.0
2022-10-21 13:00:00+09:00,2023.0,2026.0,2005.0,2007.0,4200,0.0,0.0
2022-10-21 14:00:00+09:00,2010.0,2017.0,2000.0,2001.0,7000,0.0,0.0
2022-10-24 09:00:00+09:00,2040.0,2040.0,2014.0,2030.0,6900,0.0,0.0
2022-10-24 10:00:00+09:00,2032.0,2043.0,2019.0,2035.0,3400,0.0,0.0
2022-10-24 11:00:00+09:00,2032.0,2032.0,2022.0,2027.0,0,0.0,0.0
2022-10-24 12:00:00+09:00,2023.0,2026.0,2012.0,2023.0,14100,0.0,0.0
2022-10-24 13:00:00+09:00,2022.0,2027.0,2014.0,2024.0,3400,0.0,0.0
2022-10-24 14:00:00+09:00,2026.0,2028.0,2015.0,2018.0,6400,0.0,0.0
2022-10-25 09:00:00+09:00,2017.0,2024.0,1998.0,2014.0,5200,0.0,0.0
2022-10-25 10:00:00+09:00,2015.0,2017.0,2008.0,2017.0,2600,0.0,0.0
2022-10-25 11:00:00+09:00,2017.0,2019.0,2011.0,2011.0,0,0.0,0.0
2022-10-25 12:00:00+09:00,2011.0,2016.0,2008.0,2016.0,10300,0.0,0.0
2022-10-25 13:00:00+09:00,2018.0,2018.0,2000.0,2007.0,3900,0.0,0.0
2022-10-25 14:00:00+09:00,2010.0,2014.0,2005.0,2009.0,3100,0.0,0.0
2022-10-26 09:00:00+09:00,2026.0,2026.0,2003.0,2010.0,4000,0.0,0.0
2022-10-26 10:00:00+09:00,2010.0,2015.0,2009.0,2010.0,1800,0.0,0.0
2022-10-26 11:00:00+09:00,2010.0,2011.0,2004.0,2004.0,0,0.0,0.0
2022-10-26 12:00:00+09:00,2018.0,2019.0,2003.0,2008.0,7600,0.0,0.0
2022-10-26 13:00:00+09:00,2003.0,2012.0,2000.0,2012.0,7700,0.0,0.0
2022-10-26 14:00:00+09:00,2014.0,2019.0,2010.0,2018.0,4600,0.0,0.0
2022-10-27 09:00:00+09:00,2016.0,2016.0,1990.0,2005.0,7000,0.0,0.0
2022-10-27 10:00:00+09:00,2006.0,2011.0,2006.0,2011.0,800,0.0,0.0
2022-10-27 11:00:00+09:00,2007.0,2007.0,2000.0,2006.0,0,0.0,0.0
2022-10-27 12:00:00+09:00,2019.0,2021.0,2013.0,2021.0,10900,0.0,0.0
2022-10-27 13:00:00+09:00,2022.0,2032.0,2022.0,2028.0,3900,0.0,0.0
2022-10-27 14:00:00+09:00,2027.0,2027.0,2015.0,2015.0,6100,0.0,0.0
2022-10-28 09:00:00+09:00,1985.0,2011.0,1985.0,2011.0,9500,0.0,0.0
2022-10-28 10:00:00+09:00,2006.0,2016.0,2002.0,2016.0,2900,0.0,0.0
2022-10-28 11:00:00+09:00,2014.0,2015.0,2003.0,2003.0,0,0.0,0.0
2022-10-28 12:00:00+09:00,2003.0,2010.0,1990.0,2000.0,18500,0.0,0.0
2022-10-28 13:00:00+09:00,1999.0,2035.0,1993.0,2033.0,7200,0.0,0.0
2022-10-28 14:00:00+09:00,2033.0,2033.0,2002.0,2004.0,11600,0.0,0.0
2022-10-31 09:00:00+09:00,2027.0,2078.0,2008.0,2060.0,0,0.0,0.0
2022-10-31 10:00:00+09:00,2060.0,2062.0,2046.0,2046.0,2800,0.0,0.0
2022-10-31 11:00:00+09:00,2050.0,2052.0,2040.0,2043.0,0,0.0,0.0
2022-10-31 12:00:00+09:00,2049.0,2049.0,2043.0,2047.0,17600,0.0,0.0
2022-10-31 13:00:00+09:00,2047.0,2057.0,2046.0,2053.0,4500,0.0,0.0
2022-10-31 14:00:00+09:00,2052.0,2054.0,2038.0,2050.0,6600,0.0,0.0
2022-11-01 09:00:00+09:00,2044.0,2052.0,2043.0,2043.0,1400,0.0,0.0
2022-11-01 10:00:00+09:00,2045.0,2045.0,2039.0,2039.0,500,0.0,0.0
2022-11-01 11:00:00+09:00,2045.0,2047.0,2041.0,2041.0,0,0.0,0.0
2022-11-01 12:00:00+09:00,2041.0,2041.0,2038.0,2038.0,3000,0.0,0.0
2022-11-01 13:00:00+09:00,2037.0,2038.0,2024.0,2034.0,4500,0.0,0.0
2022-11-01 14:00:00+09:00,2035.0,2039.0,2035.0,2036.0,2000,0.0,0.0
2022-11-02 09:00:00+09:00,2035.0,2076.0,2030.0,2073.0,9900,0.0,0.0
2022-11-02 10:00:00+09:00,2069.0,2080.0,2064.0,2071.0,2500,0.0,0.0
2022-11-02 11:00:00+09:00,2063.0,2071.0,2063.0,2071.0,0,0.0,0.0
2022-11-02 12:00:00+09:00,2064.0,2080.0,2064.0,2073.0,14600,0.0,0.0
2022-11-02 13:00:00+09:00,2073.0,2093.0,2068.0,2079.0,9500,0.0,0.0
2022-11-02 14:00:00+09:00,2075.0,2075.0,2059.0,2059.0,5100,0.0,0.0
2022-11-04 09:00:00+09:00,2050.0,2080.0,2050.0,2074.0,0,0.0,0.0
2022-11-04 10:00:00+09:00,2072.0,2072.0,2066.0,2068.0,2700,0.0,0.0
2022-11-04 11:00:00+09:00,2062.0,2062.0,2062.0,2062.0,0,0.0,0.0
2022-11-04 12:00:00+09:00,2068.0,2068.0,2056.0,2059.0,15200,0.0,0.0
2022-11-04 13:00:00+09:00,2056.0,2056.0,2041.0,2043.0,3200,0.0,0.0
2022-11-04 14:00:00+09:00,2047.0,2047.0,2035.0,2040.0,4100,0.0,0.0
2022-11-07 09:00:00+09:00,2054.0,2080.0,2054.0,2060.0,0,0.0,0.0
2022-11-07 10:00:00+09:00,2060.0,2072.0,2060.0,2061.0,2800,0.0,0.0
2022-11-07 11:00:00+09:00,2062.0,2073.0,2055.0,2072.0,0,0.0,0.0
2022-11-07 12:00:00+09:00,2072.0,2089.0,2072.0,2083.0,17900,0.0,0.0
2022-11-07 13:00:00+09:00,2084.0,2084.0,2084.0,2084.0,200,0.0,0.0
2022-11-07 14:00:00+09:00,2084.0,2084.0,2069.0,2074.0,4300,0.0,0.0
2022-11-08 09:00:00+09:00,2092.0,2120.0,2086.0,2092.0,7600,0.0,0.0
2022-11-08 10:00:00+09:00,2091.0,2106.0,2091.0,2099.0,2200,0.0,0.0
2022-11-08 11:00:00+09:00,2096.0,2109.0,2096.0,2109.0,0,0.0,0.0
2022-11-08 12:00:00+09:00,2116.0,2116.0,2106.0,2110.0,13400,0.0,0.0
2022-11-08 13:00:00+09:00,2109.0,2122.0,2105.0,2113.0,4800,0.0,0.0
2022-11-08 14:00:00+09:00,2116.0,2116.0,2095.0,2099.0,12300,0.0,0.0
2022-11-09 09:00:00+09:00,2112.0,2133.0,2098.0,2110.0,7900,0.0,0.0
2022-11-09 10:00:00+09:00,2110.0,2119.0,2102.0,2112.0,2600,0.0,0.0
2022-11-09 11:00:00+09:00,2110.0,2110.0,2103.0,2109.0,0,0.0,0.0
2022-11-09 12:00:00+09:00,2114.0,2114.0,2096.0,2099.0,15000,0.0,0.0
2022-11-09 13:00:00+09:00,2100.0,2106.0,2096.0,2104.0,2200,0.0,0.0
2022-11-09 14:00:00+09:00,2101.0,2106.0,2098.0,2100.0,4200,0.0,0.0
2022-11-10 09:00:00+09:00,2095.0,2140.0,2072.0,2119.0,20300,0.0,0.0
2022-11-10 10:00:00+09:00,2115.0,2124.0,2106.0,2112.0,11600,0.0,0.0
2022-11-10 11:00:00+09:00,2110.0,2111.0,2089.0,2089.0,0,0.0,0.0
2022-11-10 12:00:00+09:00,2108.0,2109.0,2089.0,2101.0,39200,0.0,0.0
2022-11-10 13:00:00+09:00,2098.0,2110.0,2095.0,2105.0,5000,0.0,0.0
2022-11-10 14:00:00+09:00,2104.0,2113.0,2101.0,2111.0,8400,0.0,0.0
2022-11-11 09:00:00+09:00,2310.0,2425.0,2250.0,2419.0,132900,0.0,0.0
2022-11-11 10:00:00+09:00,2418.0,2425.0,2342.0,2384.0,36300,0.0,0.0
2022-11-11 11:00:00+09:00,2380.0,2392.0,2314.0,2343.0,0,0.0,0.0
2022-11-11 12:00:00+09:00,2350.0,2356.0,2322.0,2350.0,193400,0.0,0.0
2022-11-11 13:00:00+09:00,2349.0,2356.0,2327.0,2334.0,13200,0.0,0.0
2022-11-11 14:00:00+09:00,2330.0,2355.0,2314.0,2349.0,25200,0.0,0.0
2022-11-14 09:00:00+09:00,2321.0,2334.0,2242.0,2262.0,54800,0.0,0.0
2022-11-14 10:00:00+09:00,2262.0,2264.0,2204.0,2217.0,0,0.0,0.0
2022-11-14 11:00:00+09:00,2216.0,2225.0,2216.0,2222.0,0,0.0,0.0
2022-11-14 12:00:00+09:00,2222.0,2222.0,2199.0,2202.0,97000,0.0,0.0
2022-11-14 13:00:00+09:00,2202.0,2235.0,2173.0,2233.0,19600,0.0,0.0
2022-11-14 14:00:00+09:00,2237.0,2241.0,2221.0,2232.0,9700,0.0,0.0
2022-11-15 09:00:00+09:00,2220.0,2280.0,2206.0,2269.0,15900,0.0,0.0
2022-11-15 10:00:00+09:00,2266.0,2296.0,2250.0,2291.0,6500,0.0,0.0
2022-11-15 11:00:00+09:00,2289.0,2291.0,2283.0,2287.0,0,0.0,0.0
2022-11-15 12:00:00+09:00,2294.0,2297.0,2269.0,2274.0,30000,0.0,0.0
2022-11-15 13:00:00+09:00,2279.0,2290.0,2271.0,2289.0,5600,0.0,0.0
2022-11-15 14:00:00+09:00,2286.0,2291.0,2266.0,2268.0,7100,0.0,0.0
2022-11-16 09:00:00+09:00,2275.0,2302.0,2240.0,2294.0,7900,0.0,0.0
2022-11-16 10:00:00+09:00,2285.0,2293.0,2279.0,2279.0,1300,0.0,0.0
2022-11-16 11:00:00+09:00,2278.0,2287.0,2278.0,2287.0,0,0.0,0.0
2022-11-16 12:00:00+09:00,2289.0,2289.0,2279.0,2282.0,12000,0.0,0.0
2022-11-16 13:00:00+09:00,2282.0,2284.0,2274.0,2276.0,3900,0.0,0.0
2022-11-16 14:00:00+09:00,2276.0,2291.0,2276.0,2287.0,6200,0.0,0.0
2022-11-17 09:00:00+09:00,2292.0,2338.0,2292.0,2327.0,0,0.0,0.0
2022-11-17 10:00:00+09:00,2339.0,2349.0,2338.0,2341.0,17700,0.0,0.0
2022-11-17 11:00:00+09:00,2341.0,2348.0,2339.0,2348.0,0,0.0,0.0
2022-11-17 12:00:00+09:00,2350.0,2362.0,2343.0,2343.0,26100,0.0,0.0
2022-11-17 13:00:00+09:00,2344.0,2349.0,2329.0,2329.0,2000,0.0,0.0
2022-11-17 14:00:00+09:00,2334.0,2339.0,2318.0,2330.0,9600,0.0,0.0
2022-11-18 09:00:00+09:00,2375.0,2394.0,2355.0,2386.0,11100,0.0,0.0
2022-11-18 10:00:00+09:00,2384.0,2389.0,2338.0,2340.0,11000,0.0,0.0
2022-11-18 11:00:00+09:00,2333.0,2335.0,2325.0,2335.0,0,0.0,0.0
2022-11-18 12:00:00+09:00,2345.0,2345.0,2331.0,2335.0,24700,0.0,0.0
2022-11-18 13:00:00+09:00,2337.0,2339.0,2326.0,2337.0,4700,0.0,0.0
2022-11-18 14:00:00+09:00,2336.0,2338.0,2324.0,2324.0,3800,0.0,0.0
2022-11-21 09:00:00+09:00,2325.0,2372.0,2324.0,2325.0,0,0.0,0.0
2022-11-21 10:00:00+09:00,2325.0,2343.0,2316.0,2320.0,7000,0.0,0.0
2022-11-21 11:00:00+09:00,2323.0,2326.0,2307.0,2320.0,0,0.0,0.0
2022-11-21 12:00:00+09:00,2320.0,2320.0,2309.0,2316.0,15800,0.0,0.0
2022-11-21 13:00:00+09:00,2320.0,2344.0,2320.0,2340.0,7200,0.0,0.0
2022-11-21 14:00:00+09:00,2345.0,2349.0,2323.0,2327.0,9800,0.0,0.0
2022-11-22 09:00:00+09:00,2331.0,2365.0,2329.0,2353.0,9800,0.0,0.0
2022-11-22 10:00:00+09:00,2355.0,2358.0,2335.0,2338.0,2900,0.0,0.0
2022-11-22 11:00:00+09:00,2331.0,2336.0,2330.0,2336.0,0,0.0,0.0
2022-11-22 12:00:00+09:00,2336.0,2353.0,2327.0,2350.0,19700,0.0,0.0
2022-11-22 13:00:00+09:00,2355.0,2359.0,2344.0,2344.0,9100,0.0,0.0
2022-11-22 14:00:00+09:00,2344.0,2345.0,2326.0,2342.0,5900,0.0,0.0
2022-11-24 09:00:00+09:00,2350.0,2378.0,2350.0,2358.0,7100,0.0,0.0
2022-11-24 10:00:00+09:00,2351.0,2362.0,2350.0,2362.0,2200,0.0,0.0
2022-11-24 11:00:00+09:00,2363.0,2365.0,2363.0,2364.0,0,0.0,0.0
2022-11-24 12:00:00+09:00,2366.0,2373.0,2362.0,2369.0,13800,0.0,0.0
2022-11-24 13:00:00+09:00,2373.0,2393.0,2373.0,2386.0,9100,0.0,0.0
2022-11-24 14:00:00+09:00,2386.0,2386.0,2368.0,2379.0,1900,0.0,0.0
2022-11-25 09:00:00+09:00,2380.0,2380.0,2358.0,2366.0,5300,0.0,0.0
2022-11-25 10:00:00+09:00,2366.0,2390.0,2360.0,2380.0,6700,0.0,0.0
2022-11-25 11:00:00+09:00,2373.0,2373.0,2355.0,2355.0,0,0.0,0.0
2022-11-25 12:00:00+09:00,2369.0,2369.0,2360.0,2360.0,14900,0.0,0.0
2022-11-25 13:00:00+09:00,2360.0,2363.0,2360.0,2360.0,1500,0.0,0.0
2022-11-25 14:00:00+09:00,2365.0,2367.0,2355.0,2363.0,6400,0.0,0.0
2022-11-28 09:00:00+09:00,2361.0,2428.0,2336.0,2428.0,21200,0.0,0.0
2022-11-28 10:00:00+09:00,2430.0,2430.0,2415.0,2422.0,3900,0.0,0.0
2022-11-28 11:00:00+09:00,2422.0,2422.0,2395.0,2395.0,0,0.0,0.0
2022-11-28 12:00:00+09:00,2395.0,2422.0,2395.0,2422.0,34900,0.0,0.0
2022-11-28 13:00:00+09:00,2423.0,2423.0,2411.0,2418.0,3500,0.0,0.0
2022-11-28 14:00:00+09:00,2419.0,2420.0,2410.0,2413.0,8800,0.0,0.0
2022-11-29 09:00:00+09:00,2385.0,2465.0,2373.0,2465.0,22700,0.0,0.0
2022-11-29 10:00:00+09:00,2468.0,2513.0,2466.0,2512.0,14100,0.0,0.0
2022-11-29 11:00:00+09:00,2510.0,2512.0,2488.0,2496.0,0,0.0,0.0
2022-11-29 12:00:00+09:00,2505.0,2515.0,2498.0,2510.0,48600,0.0,0.0
2022-11-29 13:00:00+09:00,2517.0,2532.0,2512.0,2519.0,11500,0.0,0.0
2022-11-29 14:00:00+09:00,2518.0,2530.0,2510.0,2526.0,9000,0.0,0.0
2022-11-30 09:00:00+09:00,2540.0,2566.0,2529.0,2545.0,14600,0.0,0.0
2022-11-30 10:00:00+09:00,2537.0,2537.0,2507.0,2507.0,4800,0.0,0.0
2022-11-30 11:00:00+09:00,2507.0,2508.0,2504.0,2506.0,0,0.0,0.0
2022-11-30 12:00:00+09:00,2517.0,2520.0,2507.0,2507.0,29200,0.0,0.0
2022-11-30 13:00:00+09:00,2516.0,2521.0,2492.0,2502.0,5200,0.0,0.0
2022-11-30 14:00:00+09:00,2500.0,2507.0,2492.0,2494.0,4700,0.0,0.0
2022-12-01 09:00:00+09:00,2517.0,2521.0,2457.0,2475.0,7300,0.0,0.0
2022-12-01 10:00:00+09:00,2473.0,2492.0,2467.0,2485.0,3000,0.0,0.0
2022-12-01 11:00:00+09:00,2486.0,2491.0,2483.0,2489.0,0,0.0,0.0
2022-12-01 12:00:00+09:00,2490.0,2512.0,2490.0,2511.0,14400,0.0,0.0
2022-12-01 13:00:00+09:00,2513.0,2513.0,2487.0,2488.0,5200,0.0,0.0
2022-12-01 14:00:00+09:00,2490.0,2491.0,2482.0,2490.0,3400,0.0,0.0
2022-12-02 09:00:00+09:00,2485.0,2498.0,2450.0,2488.0,5300,0.0,0.0
2022-12-02 10:00:00+09:00,2477.0,2500.0,2477.0,2494.0,2200,0.0,0.0
2022-12-02 11:00:00+09:00,2490.0,2490.0,2479.0,2482.0,0,0.0,0.0
2022-12-02 12:00:00+09:00,2450.0,2489.0,2450.0,2475.0,10300,0.0,0.0
2022-12-02 13:00:00+09:00,2482.0,2493.0,2475.0,2485.0,8800,0.0,0.0
2022-12-02 14:00:00+09:00,2487.0,2487.0,2471.0,2480.0,10400,0.0,0.0
2022-12-05 09:00:00+09:00,2461.0,2499.0,2432.0,2494.0,12800,0.0,0.0
2022-12-05 10:00:00+09:00,2490.0,2508.0,2478.0,2500.0,4600,0.0,0.0
2022-12-05 11:00:00+09:00,2505.0,2505.0,2495.0,2499.0,0,0.0,0.0
2022-12-05 12:00:00+09:00,2496.0,2500.0,2480.0,2489.0,21000,0.0,0.0
2022-12-05 13:00:00+09:00,2489.0,2489.0,2481.0,2485.0,2700,0.0,0.0
2022-12-05 14:00:00+09:00,2483.0,2487.0,2479.0,2487.0,6100,0.0,0.0
2022-12-06 09:00:00+09:00,2499.0,2550.0,2489.0,2494.0,13500,0.0,0.0
2022-12-06 10:00:00+09:00,2501.0,2513.0,2498.0,2507.0,1600,0.0,0.0
2022-12-06 11:00:00+09:00,2508.0,2513.0,2507.0,2513.0,0,0.0,0.0
2022-12-06 12:00:00+09:00,2513.0,2527.0,2504.0,2504.0,18800,0.0,0.0
2022-12-06 13:00:00+09:00,2506.0,2508.0,2495.0,2500.0,0,0.0,0.0
2022-12-06 14:00:00+09:00,2489.0,2502.0,2486.0,2501.0,27100,0.0,0.0
2022-12-07 09:00:00+09:00,2501.0,2570.0,2486.0,2555.0,8200,0.0,0.0
2022-12-07 10:00:00+09:00,2558.0,2560.0,2540.0,2546.0,4800,0.0,0.0
2022-12-07 11:00:00+09:00,2541.0,2544.0,2533.0,2536.0,0,0.0,0.0
2022-12-07 12:00:00+09:00,2547.0,2550.0,2527.0,2535.0,16100,0.0,0.0
2022-12-07 13:00:00+09:00,2538.0,2564.0,2538.0,2553.0,6700,0.0,0.0
2022-12-07 14:00:00+09:00,2552.0,2554.0,2541.0,2554.0,8200,0.0,0.0
2022-12-08 09:00:00+09:00,2545.0,2545.0,2508.0,2536.0,5400,0.0,0.0
2022-12-08 10:00:00+09:00,2530.0,2550.0,2530.0,2541.0,4000,0.0,0.0
2022-12-08 11:00:00+09:00,2548.0,2553.0,2548.0,2553.0,0,0.0,0.0
2022-12-08 12:00:00+09:00,2553.0,2559.0,2553.0,2554.0,12100,0.0,0.0
2022-12-08 13:00:00+09:00,2554.0,2555.0,2540.0,2540.0,2400,0.0,0.0
2022-12-08 14:00:00+09:00,2542.0,2542.0,2523.0,2538.0,4100,0.0,0.0
2022-12-09 09:00:00+09:00,2537.0,2570.0,2537.0,2569.0,8700,0.0,0.0
2022-12-09 10:00:00+09:00,2565.0,2570.0,2541.0,2541.0,3600,0.0,0.0
2022-12-09 11:00:00+09:00,2535.0,2540.0,2535.0,2540.0,0,0.0,0.0
2022-12-09 12:00:00+09:00,2540.0,2545.0,2538.0,2538.0,15300,0.0,0.0
2022-12-09 13:00:00+09:00,2535.0,2541.0,2531.0,2537.0,1400,0.0,0.0
2022-12-09 14:00:00+09:00,2537.0,2580.0,2537.0,2580.0,14600,0.0,0.0
2022-12-12 09:00:00+09:00,2561.0,2583.0,2553.0,2568.0,0,0.0,0.0
2022-12-12 10:00:00+09:00,2568.0,2578.0,2562.0,2562.0,1300,0.0,0.0
2022-12-12 11:00:00+09:00,2561.0,2562.0,2557.0,2557.0,0,0.0,0.0
2022-12-12 12:00:00+09:00,2557.0,2558.0,2553.0,2553.0,17800,0.0,0.0
2022-12-12 13:00:00+09:00,2553.0,2570.0,2550.0,2570.0,1100,0.0,0.0
2022-12-12 14:00:00+09:00,2564.0,2565.0,2545.0,2547.0,3900,0.0,0.0
2022-12-13 09:00:00+09:00,2570.0,2630.0,2570.0,2615.0,19500,0.0,0.0
2022-12-13 10:00:00+09:00,2621.0,2624.0,2607.0,2616.0,2400,0.0,0.0
2022-12-13 11:00:00+09:00,2620.0,2625.0,2612.0,2617.0,0,0.0,0.0
2022-12-13 12:00:00+09:00,2613.0,2620.0,2612.0,2620.0,28100,0.0,0.0
2022-12-13 13:00:00+09:00,2617.0,2618.0,2603.0,2605.0,0,0.0,0.0
2022-12-13 14:00:00+09:00,2605.0,2608.0,2596.0,2602.0,39600,0.0,0.0
2022-12-14 09:00:00+09:00,2608.0,2626.0,2587.0,2611.0,8300,0.0,0.0
2022-12-14 10:00:00+09:00,2615.0,2618.0,2602.0,2618.0,1300,0.0,0.0
2022-12-14 11:00:00+09:00,2612.0,2616.0,2609.0,2614.0,0,0.0,0.0
2022-12-14 12:00:00+09:00,2605.0,2620.0,2602.0,2602.0,12800,0.0,0.0
2022-12-14 13:00:00+09:00,2600.0,2600.0,2592.0,2592.0,1700,0.0,0.0
2022-12-14 14:00:00+09:00,2593.0,2630.0,2592.0,2616.0,9600,0.0,0.0
2022-12-15 09:00:00+09:00,2613.0,2656.0,2610.0,2646.0,6900,0.0,0.0
2022-12-15 10:00:00+09:00,2651.0,2663.0,2651.0,2660.0,2700,0.0,0.0
2022-12-15 11:00:00+09:00,2660.0,2660.0,2648.0,2651.0,0,0.0,0.0
2022-12-15 12:00:00+09:00,2651.0,2653.0,2650.0,2653.0,12500,0.0,0.0
2022-12-15 13:00:00+09:00,2655.0,2655.0,2624.0,2624.0,3600,0.0,0.0
2022-12-15 14:00:00+09:00,2628.0,2637.0,2621.0,2629.0,7100,0.0,0.0
2022-12-16 09:00:00+09:00,2637.0,2676.0,2600.0,2664.0,15400,0.0,0.0
2022-12-16 10:00:00+09:00,2662.0,2664.0,2650.0,2650.0,1900,0.0,0.0
2022-12-16 11:00:00+09:00,2650.0,2650.0,2644.0,2648.0,0,0.0,0.0
2022-12-16 12:00:00+09:00,2648.0,2655.0,2648.0,2648.0,18900,0.0,0.0
2022-12-16 13:00:00+09:00,2641.0,2641.0,2620.0,2620.0,2500,0.0,0.0
2022-12-16 14:00:00+09:00,2623.0,2640.0,2623.0,2630.0,8800,0.0,0.0
2022-12-19 09:00:00+09:00,2632.0,2638.0,2600.0,2638.0,10000,0.0,0.0
2022-12-19 10:00:00+09:00,2642.0,2642.0,2621.0,2621.0,2300,0.0,0.0
2022-12-19 11:00:00+09:00,2614.0,2644.0,2614.0,2637.0,0,0.0,0.0
2022-12-19 12:00:00+09:00,2649.0,2649.0,2624.0,2630.0,17700,0.0,0.0
2022-12-19 13:00:00+09:00,2630.0,2630.0,2614.0,2617.0,3300,0.0,0.0
2022-12-19 14:00:00+09:00,2615.0,2627.0,2611.0,2619.0,4700,0.0,0.0
2022-12-20 09:00:00+09:00,2626.0,2662.0,2506.0,2506.0,43700,0.0,0.0
2022-12-20 10:00:00+09:00,2509.0,2540.0,2500.0,2537.0,5200,0.0,0.0
2022-12-20 11:00:00+09:00,2533.0,2533.0,2524.0,2528.0,0,0.0,0.0
2022-12-20 12:00:00+09:00,2480.0,2480.0,2349.0,2390.0,95600,0.0,0.0
2022-12-20 13:00:00+09:00,2391.0,2420.0,2376.0,2393.0,23900,0.0,0.0
2022-12-20 14:00:00+09:00,2391.0,2408.0,2383.0,2402.0,14500,0.0,0.0
2022-12-21 09:00:00+09:00,2410.0,2422.0,2370.0,2389.0,22600,0.0,0.0
2022-12-21 10:00:00+09:00,2389.0,2427.0,2389.0,2407.0,5600,0.0,0.0
2022-12-21 11:00:00+09:00,2415.0,2424.0,2415.0,2421.0,0,0.0,0.0
2022-12-21 12:00:00+09:00,2421.0,2421.0,2407.0,2407.0,34200,0.0,0.0
2022-12-21 13:00:00+09:00,2407.0,2407.0,2388.0,2392.0,0,0.0,0.0
2022-12-21 14:00:00+09:00,2390.0,2390.0,2372.0,2377.0,42200,0.0,0.0
2022-12-22 09:00:00+09:00,2415.0,2434.0,2402.0,2424.0,15300,0.0,0.0
2022-12-22 10:00:00+09:00,2421.0,2421.0,2403.0,2405.0,5100,0.0,0.0
2022-12-22 11:00:00+09:00,2405.0,2424.0,2405.0,2423.0,0,0.0,0.0
2022-12-22 12:00:00+09:00,2423.0,2437.0,2422.0,2436.0,25400,0.0,0.0
2022-12-22 13:00:00+09:00,2435.0,2438.0,2427.0,2430.0,3700,0.0,0.0
2022-12-22 14:00:00+09:00,2433.0,2436.0,2421.0,2428.0,3800,0.0,0.0
2022-12-23 09:00:00+09:00,2429.0,2452.0,2386.0,2443.0,17500,0.0,0.0
2022-12-23 10:00:00+09:00,2436.0,2448.0,2430.0,2435.0,5100,0.0,0.0
2022-12-23 11:00:00+09:00,2439.0,2439.0,2434.0,2434.0,0,0.0,0.0
2022-12-23 12:00:00+09:00,2437.0,2442.0,2430.0,2442.0,25700,0.0,0.0
2022-12-23 13:00:00+09:00,2442.0,2443.0,2418.0,2420.0,4900,0.0,0.0
2022-12-23 14:00:00+09:00,2417.0,2419.0,2396.0,2396.0,5700,0.0,0.0
2022-12-26 09:00:00+09:00,2394.0,2409.0,2338.0,2338.0,44600,0.0,0.0
2022-12-26 10:00:00+09:00,2334.0,2334.0,2295.0,2302.0,6700,0.0,0.0
2022-12-26 11:00:00+09:00,2303.0,2308.0,2291.0,2291.0,0,0.0,0.0
2022-12-26 12:00:00+09:00,2293.0,2305.0,2250.0,2305.0,123800,0.0,0.0
2022-12-26 13:00:00+09:00,2308.0,2309.0,2299.0,2306.0,3400,0.0,0.0
2022-12-26 14:00:00+09:00,2309.0,2320.0,2300.0,2320.0,7200,0.0,0.0
2022-12-27 09:00:00+09:00,2345.0,2418.0,2345.0,2395.0,42600,0.0,0.0
2022-12-27 10:00:00+09:00,2398.0,2430.0,2396.0,2421.0,2500,0.0,0.0
2022-12-27 11:00:00+09:00,2421.0,2422.0,2420.0,2422.0,0,0.0,0.0
2022-12-27 12:00:00+09:00,2426.0,2440.0,2425.0,2426.0,55200,0.0,0.0
2022-12-27 13:00:00+09:00,2431.0,2431.0,2420.0,2427.0,2000,0.0,0.0
2022-12-27 14:00:00+09:00,2427.0,2440.0,2421.0,2424.0,4300,0.0,0.0
2022-12-28 09:00:00+09:00,2419.0,2428.0,2371.0,2423.0,65100,0.0,0.0
2022-12-28 10:00:00+09:00,2421.0,2421.0,2400.0,2408.0,900,0.0,0.0
2022-12-28 11:00:00+09:00,2415.0,2415.0,2407.0,2408.0,0,0.0,0.0
2022-12-28 12:00:00+09:00,2409.0,2411.0,2395.0,2395.0,96400,0.0,0.0
2022-12-28 13:00:00+09:00,2395.0,2395.0,2371.0,2379.0,12700,0.0,0.0
2022-12-28 14:00:00+09:00,2377.0,2377.0,2353.0,2359.0,10500,0.0,0.0
2022-12-29 09:00:00+09:00,2309.0,2323.0,2292.0,2322.0,24700,0.0,0.0
2022-12-29 10:00:00+09:00,2330.0,2335.0,2304.0,2309.0,3000,0.0,0.0
2022-12-29 11:00:00+09:00,2310.0,2318.0,2310.0,2318.0,0,0.0,0.0
2022-12-29 12:00:00+09:00,2318.0,2348.0,2307.0,2348.0,36100,0.0,0.0
2022-12-29 13:00:00+09:00,2342.0,2359.0,2334.0,2359.0,2400,0.0,0.0
2022-12-29 14:00:00+09:00,2359.0,2367.0,2346.0,2350.0,5500,0.0,0.0
2022-12-30 09:00:00+09:00,2359.0,2429.0,2358.0,2419.0,11900,0.0,0.0
2022-12-30 10:00:00+09:00,2419.0,2438.0,2414.0,2434.0,9200,0.0,0.0
2022-12-30 11:00:00+09:00,2434.0,2435.0,2421.0,2428.0,0,0.0,0.0
2022-12-30 12:00:00+09:00,2429.0,2436.0,2420.0,2424.0,30000,0.0,0.0
2022-12-30 13:00:00+09:00,2426.0,2433.0,2423.0,2423.0,2000,0.0,0.0
2022-12-30 14:00:00+09:00,2427.0,2428.0,2403.0,2411.0,2900,0.0,0.0
2023-01-04 09:00:00+09:00,2400.0,2400.0,2344.0,2353.0,0,0.0,0.0
2023-01-04 10:00:00+09:00,2358.0,2362.0,2355.0,2361.0,2500,0.0,0.0
2023-01-04 11:00:00+09:00,2360.0,2365.0,2360.0,2365.0,0,0.0,0.0
2023-01-04 12:00:00+09:00,2365.0,2365.0,2365.0,2365.0,16400,0.0,0.0
2023-01-04 13:00:00+09:00,2365.0,2365.0,2365.0,2365.0,200,0.0,0.0
2023-01-04 14:00:00+09:00,2370.0,2375.0,2367.0,2375.0,2200,0.0,0.0
2023-01-05 09:00:00+09:00,2370.0,2372.0,2348.0,2372.0,8600,0.0,0.0
2023-01-05 10:00:00+09:00,2368.0,2379.0,2361.0,2372.0,4400,0.0,0.0
2023-01-05 11:00:00+09:00,2371.0,2375.0,2364.0,2371.0,0,0.0,0.0
2023-01-05 12:00:00+09:00,2364.0,2368.0,2362.0,2362.0,17300,0.0,0.0
2023-01-05 13:00:00+09:00,2368.0,2386.0,2368.0,2385.0,2400,0.0,0.0
2023-01-05 14:00:00+09:00,2385.0,2397.0,2380.0,2397.0,2100,0.0,0.0
2023-01-06 09:00:00+09:00,2385.0,2489.0,2385.0,2486.0,19500,0.0,0.0
2023-01-06 10:00:00+09:00,2474.0,2474.0,2456.0,2456.0,5800,0.0,0.0
2023-01-06 11:00:00+09:00,2460.0,2460.0,2445.0,2445.0,0,0.0,0.0
2023-01-06 12:00:00+09:00,2441.0,2441.0,2428.0,2430.0,27000,0.0,0.0
2023-01-06 13:00:00+09:00,2427.0,2443.0,2427.0,2443.0,3000,0.0,0.0
2023-01-06 14:00:00+09:00,2440.0,2449.0,2432.0,2442.0,2300,0.0,0.0
2023-01-10 09:00:00+09:00,2483.0,2562.0,2475.0,2547.0,0,0.0,0.0
2023-01-10 10:00:00+09:00,2552.0,2552.0,2536.0,2544.0,22000,0.0,0.0
2023-01-10 11:00:00+09:00,2539.0,2559.0,2539.0,2555.0,0,0.0,0.0
2023-01-10 12:00:00+09:00,2555.0,2555.0,2540.0,2540.0,28800,0.0,0.0
2023-01-10 13:00:00+09:00,2543.0,2558.0,2543.0,2553.0,0,0.0,0.0
2023-01-10 14:00:00+09:00,2552.0,2564.0,2550.0,2559.0,40200,0.0,0.0
2023-01-11 09:00:00+09:00,2560.0,2584.0,2550.0,2551.0,7200,0.0,0.0
2023-01-11 10:00:00+09:00,2563.0,2580.0,2561.0,2565.0,4500,0.0,0.0
2023-01-11 11:00:00+09:00,2564.0,2564.0,2558.0,2563.0,0,0.0,0.0
2023-01-11 12:00:00+09:00,2563.0,2584.0,2563.0,2578.0,16200,0.0,0.0
2023-01-11 13:00:00+09:00,2580.0,2596.0,2580.0,2583.0,3700,0.0,0.0
2023-01-11 14:00:00+09:00,2583.0,2598.0,2583.0,2583.0,7400,0.0,0.0
2023-01-12 09:00:00+09:00,2608.0,2608.0,2537.0,2573.0,24200,0.0,0.0
2023-01-12 10:00:00+09:00,2578.0,2584.0,2548.0,2556.0,6500,0.0,0.0
2023-01-12 11:00:00+09:00,2556.0,2560.0,2553.0,2553.0,0,0.0,0.0
2023-01-12 12:00:00+09:00,2548.0,2562.0,2548.0,2555.0,35400,0.0,0.0
2023-01-12 13:00:00+09:00,2551.0,2562.0,2548.0,2551.0,4000,0.0,0.0
2023-01-12 14:00:00+09:00,2550.0,2553.0,2540.0,2548.0,9800,0.0,0.0
2023-01-13 09:00:00+09:00,2557.0,2602.0,2553.0,2602.0,17500,0.0,0.0
2023-01-13 10:00:00+09:00,2603.0,2607.0,2588.0,2602.0,5400,0.0,0.0
2023-01-13 11:00:00+09:00,2603.0,2606.0,2596.0,2596.0,0,0.0,0.0
2023-01-13 12:00:00+09:00,2588.0,2598.0,2585.0,2595.0,28600,0.0,0.0
2023-01-13 13:00:00+09:00,2595.0,2599.0,2583.0,2585.0,3400,0.0,0.0
2023-01-13 14:00:00+09:00,2587.0,2595.0,2567.0,2576.0,9100,0.0,0.0
2023-01-16 09:00:00+09:00,2575.0,2575.0,2523.0,2549.0,34100,0.0,0.0
2023-01-16 10:00:00+09:00,2544.0,2554.0,2536.0,2536.0,4800,0.0,0.0
2023-01-16 11:00:00+09:00,2534.0,2543.0,2522.0,2526.0,0,0.0,0.0
2023-01-16 12:00:00+09:00,2508.0,2520.0,2507.0,2508.0,46500,0.0,0.0
2023-01-16 13:00:00+09:00,2508.0,2534.0,2505.0,2534.0,5200,0.0,0.0
2023-01-16 14:00:00+09:00,2534.0,2534.0,2516.0,2520.0,11000,0.0,0.0
2023-01-17 09:00:00+09:00,2509.0,2548.0,2508.0,2548.0,6100,0.0,0.0
2023-01-17 10:00:00+09:00,2541.0,2550.0,2530.0,2535.0,5000,0.0,0.0
2023-01-17 11:00:00+09:00,2539.0,2543.0,2531.0,2531.0,0,0.0,0.0
2023-01-17 12:00:00+09:00,2531.0,2542.0,2531.0,2540.0,14300,0.0,0.0
2023-01-17 13:00:00+09:00,2538.0,2560.0,2538.0,2556.0,4300,0.0,0.0
2023-01-17 14:00:00+09:00,2558.0,2570.0,2554.0,2554.0,8300,0.0,0.0
2023-01-18 09:00:00+09:00,2522.0,2532.0,2468.0,2490.0,17300,0.0,0.0
2023-01-18 10:00:00+09:00,2481.0,2483.0,2473.0,2475.0,3700,0.0,0.0
2023-01-18 11:00:00+09:00,2474.0,2475.0,2469.0,2469.0,0,0.0,0.0
2023-01-18 12:00:00+09:00,2492.0,2525.0,2483.0,2510.0,30100,0.0,0.0
2023-01-18 13:00:00+09:00,2513.0,2515.0,2496.0,2512.0,2700,0.0,0.0
2023-01-18 14:00:00+09:00,2512.0,2523.0,2483.0,2494.0,11600,0.0,0.0
2023-01-19 09:00:00+09:00,2467.0,2494.0,2460.0,2460.0,4200,0.0,0.0
2023-01-19 10:00:00+09:00,2458.0,2480.0,2450.0,2480.0,3600,0.0,0.0
2023-01-19 11:00:00+09:00,2478.0,2478.0,2466.0,2466.0,0,0.0,0.0
2023-01-19 12:00:00+09:00,2466.0,2469.0,2458.0,2458.0,12400,0.0,0.0
2023-01-19 13:00:00+09:00,2453.0,2461.0,2450.0,2458.0,2400,0.0,0.0
2023-01-19 14:00:00+09:00,2457.0,2464.0,2452.0,2460.0,8800,0.0,0.0
2023-01-20 09:00:00+09:00,2412.0,2466.0,2412.0,2466.0,4500,0.0,0.0
2023-01-20 10:00:00+09:00,2457.0,2466.0,2457.0,2463.0,1300,0.0,0.0
2023-01-20 11:00:00+09:00,2462.0,2472.0,2462.0,2472.0,0,0.0,0.0
2023-01-20 12:00:00+09:00,2471.0,2483.0,2471.0,2476.0,12700,0.0,0.0
2023-01-20 13:00:00+09:00,2477.0,2486.0,2472.0,2483.0,2200,0.0,0.0
2023-01-20 14:00:00+09:00,2485.0,2486.0,2471.0,2471.0,3400,0.0,0.0
2023-01-23 09:00:00+09:00,2474.0,2474.0,2447.0,2454.0,6300,0.0,0.0
2023-01-23 10:00:00+09:00,2457.0,2481.0,2457.0,2470.0,3000,0.0,0.0
2023-01-23 11:00:00+09:00,2478.0,2480.0,2478.0,2480.0,0,0.0,0.0
2023-01-23 12:00:00+09:00,2480.0,2490.0,2480.0,2481.0,10100,0.0,0.0
2023-01-23 13:00:00+09:00,2480.0,2485.0,2478.0,2482.0,2200,0.0,0.0
2023-01-23 14:00:00+09:00,2477.0,2488.0,2476.0,2476.0,5000,0.0,0.0
2023-01-24 09:00:00+09:00,2470.0,2480.0,2460.0,2479.0,3400,0.0,0.0
2023-01-24 10:00:00+09:00,2484.0,2484.0,2476.0,2477.0,3600,0.0,0.0
2023-01-24 11:00:00+09:00,2476.0,2480.0,2476.0,2478.0,0,0.0,0.0
2023-01-24 12:00:00+09:00,2476.0,2478.0,2467.0,2478.0,13200,0.0,0.0
2023-01-24 13:00:00+09:00,2475.0,2483.0,2475.0,2480.0,700,0.0,0.0
2023-01-24 14:00:00+09:00,2476.0,2495.0,2476.0,2485.0,5500,0.0,0.0
2023-01-25 09:00:00+09:00,2477.0,2486.0,2461.0,2486.0,5100,0.0,0.0
2023-01-25 10:00:00+09:00,2492.0,2495.0,2478.0,2486.0,3400,0.0,0.0
2023-01-25 11:00:00+09:00,2488.0,2490.0,2488.0,2490.0,0,0.0,0.0
2023-01-25 12:00:00+09:00,2490.0,2506.0,2490.0,2497.0,18200,0.0,0.0
2023-01-25 13:00:00+09:00,2496.0,2500.0,2496.0,2496.0,1600,0.0,0.0
2023-01-25 14:00:00+09:00,2498.0,2533.0,2498.0,2514.0,9700,0.0,0.0
2023-01-26 09:00:00+09:00,2516.0,2516.0,2476.0,2477.0,5000,0.0,0.0
2023-01-26 10:00:00+09:00,2476.0,2492.0,2470.0,2492.0,4300,0.0,0.0
2023-01-26 11:00:00+09:00,2499.0,2503.0,2493.0,2503.0,0,0.0,0.0
2023-01-26 12:00:00+09:00,2496.0,2499.0,2492.0,2495.0,15400,0.0,0.0
2023-01-26 13:00:00+09:00,2495.0,2500.0,2491.0,2492.0,2400,0.0,0.0
2023-01-26 14:00:00+09:00,2492.0,2500.0,2483.0,2499.0,7300,0.0,0.0
2023-01-27 09:00:00+09:00,2479.0,2493.0,2464.0,2490.0,5800,0.0,0.0
2023-01-27 10:00:00+09:00,2489.0,2514.0,2489.0,2514.0,4000,0.0,0.0
2023-01-27 11:00:00+09:00,2513.0,2522.0,2513.0,2522.0,0,0.0,0.0
2023-01-27 12:00:00+09:00,2515.0,2527.0,2515.0,2522.0,12800,0.0,0.0
2023-01-27 13:00:00+09:00,2520.0,2549.0,2520.0,2542.0,4400,0.0,0.0
2023-01-27 14:00:00+09:00,2547.0,2556.0,2545.0,2550.0,5600,0.0,0.0
2023-01-30 09:00:00+09:00,2538.0,2624.0,2536.0,2620.0,9700,0.0,0.0
2023-01-30 10:00:00+09:00,2627.0,2628.0,2591.0,2591.0,7500,0.0,0.0
2023-01-30 11:00:00+09:00,2586.0,2597.0,2586.0,2591.0,0,0.0,0.0
2023-01-30 12:00:00+09:00,2591.0,2600.0,2585.0,2593.0,21600,0.0,0.0
2023-01-30 13:00:00+09:00,2590.0,2608.0,2588.0,2598.0,5700,0.0,0.0
2023-01-30 14:00:00+09:00,2592.0,2596.0,2564.0,2590.0,13700,0.0,0.0
2023-01-31 09:00:00+09:00,2580.0,2592.0,2555.0,2590.0,3500,0.0,0.0
2023-01-31 10:00:00+09:00,2592.0,2592.0,2572.0,2583.0,3500,0.0,0.0
2023-01-31 11:00:00+09:00,2583.0,2583.0,2575.0,2577.0,0,0.0,0.0
2023-01-31 12:00:00+09:00,2575.0,2575.0,2563.0,2568.0,9700,0.0,0.0
2023-01-31 13:00:00+09:00,2562.0,2586.0,2561.0,2585.0,3900,0.0,0.0
2023-01-31 14:00:00+09:00,2589.0,2597.0,2586.0,2594.0,2100,0.0,0.0
2023-02-01 09:00:00+09:00,2590.0,2620.0,2588.0,2610.0,5400,0.0,0.0
2023-02-01 10:00:00+09:00,2610.0,2633.0,2610.0,2625.0,7000,0.0,0.0
2023-02-01 11:00:00+09:00,2625.0,2631.0,2623.0,2631.0,0,0.0,0.0
2023-02-01 12:00:00+09:00,2631.0,2640.0,2628.0,2628.0,16500,0.0,0.0
2023-02-01 13:00:00+09:00,2627.0,2629.0,2619.0,2622.0,2100,0.0,0.0
2023-02-01 14:00:00+09:00,2616.0,2622.0,2609.0,2610.0,5900,0.0,0.0
2023-02-02 09:00:00+09:00,2608.0,2608.0,2560.0,2572.0,7600,0.0,0.0
2023-02-02 10:00:00+09:00,2568.0,2570.0,2548.0,2548.0,2800,0.0,0.0
2023-02-02 11:00:00+09:00,2541.0,2547.0,2531.0,2531.0,0,0.0,0.0
2023-02-02 12:00:00+09:00,2550.0,2550.0,2519.0,2519.0,13900,0.0,0.0
2023-02-02 13:00:00+09:00,2516.0,2527.0,2514.0,2525.0,3500,0.0,0.0
2023-02-02 14:00:00+09:00,2525.0,2532.0,2519.0,2523.0,7300,0.0,0.0
2023-02-03 09:00:00+09:00,2503.0,2550.0,2483.0,2550.0,6300,0.0,0.0
2023-02-03 10:00:00+09:00,2548.0,2558.0,2545.0,2545.0,2200,0.0,0.0
2023-02-03 11:00:00+09:00,2536.0,2545.0,2532.0,2541.0,0,0.0,0.0
2023-02-03 12:00:00+09:00,2538.0,2542.0,2538.0,2538.0,11100,0.0,0.0
2023-02-03 13:00:00+09:00,2535.0,2536.0,2532.0,2536.0,1200,0.0,0.0
2023-02-03 14:00:00+09:00,2535.0,2551.0,2533.0,2551.0,2300,0.0,0.0
2023-02-06 09:00:00+09:00,2585.0,2610.0,2561.0,2587.0,0,0.0,0.0
2023-02-06 10:00:00+09:00,2578.0,2578.0,2569.0,2569.0,18500,0.0,0.0
2023-02-06 11:00:00+09:00,2569.0,2569.0,2569.0,2569.0,0,0.0,0.0
2023-02-06 12:00:00+09:00,2568.0,2568.0,2568.0,2568.0,18700,0.0,0.0
2023-02-06 13:00:00+09:00,2560.0,2563.0,2557.0,2563.0,1500,0.0,0.0
2023-02-06 14:00:00+09:00,2560.0,2560.0,2554.0,2554.0,1900,0.0,0.0
2023-02-07 09:00:00+09:00,2551.0,2600.0,2530.0,2581.0,9700,0.0,0.0
2023-02-07 10:00:00+09:00,2582.0,2586.0,2577.0,2578.0,1800,0.0,0.0
2023-02-07 11:00:00+09:00,2583.0,2594.0,2583.0,2590.0,0,0.0,0.0
2023-02-07 12:00:00+09:00,2577.0,2579.0,2577.0,2579.0,12700,0.0,0.0
2023-02-07 13:00:00+09:00,2588.0,2588.0,2573.0,2573.0,4100,0.0,0.0
2023-02-07 14:00:00+09:00,2567.0,2567.0,2560.0,2564.0,1600,0.0,0.0
2023-02-08 09:00:00+09:00,2559.0,2595.0,2559.0,2582.0,4000,0.0,0.0
2023-02-08 10:00:00+09:00,2582.0,2612.0,2582.0,2596.0,4700,0.0,0.0
2023-02-08 11:00:00+09:00,2595.0,2595.0,2595.0,2595.0,0,0.0,0.0
2023-02-08 12:00:00+09:00,2595.0,2598.0,2590.0,2590.0,9600,0.0,0.0
2023-02-08 13:00:00+09:00,2596.0,2610.0,2596.0,2602.0,4300,0.0,0.0
2023-02-08 14:00:00+09:00,2601.0,2615.0,2598.0,2607.0,14900,0.0,0.0
2023-02-09 09:00:00+09:00,2591.0,2600.0,2574.0,2574.0,2000,0.0,0.0
2023-02-09 10:00:00+09:00,2575.0,2577.0,2569.0,2570.0,2100,0.0,0.0
2023-02-09 11:00:00+09:00,2570.0,2570.0,2560.0,2566.0,0,0.0,0.0
2023-02-09 12:00:00+09:00,2566.0,2567.0,2566.0,2567.0,5100,0.0,0.0
2023-02-09 13:00:00+09:00,2567.0,2574.0,2566.0,2570.0,2700,0.0,0.0
2023-02-09 14:00:00+09:00,2577.0,2590.0,2573.0,2586.0,3400,0.0,0.0
2023-02-10 09:00:00+09:00,2559.0,2614.0,2559.0,2614.0,4100,0.0,0.0
2023-02-10 10:00:00+09:00,2615.0,2627.0,2613.0,2616.0,6000,0.0,0.0
2023-02-10 11:00:00+09:00,2611.0,2611.0,2597.0,2597.0,0,0.0,0.0
2023-02-10 12:00:00+09:00,2597.0,2597.0,2588.0,2591.0,13600,0.0,0.0
2023-02-10 13:00:00+09:00,2596.0,2596.0,2588.0,2591.0,0,0.0,0.0
2023-02-10 14:00:00+09:00,2590.0,2592.0,2567.0,2571.0,20800,0.0,0.0
2023-02-13 09:00:00+09:00,2540.0,2557.0,2489.0,2491.0,23000,0.0,0.0
2023-02-13 10:00:00+09:00,2495.0,2499.0,2483.0,2493.0,4300,0.0,0.0
2023-02-13 11:00:00+09:00,2494.0,2494.0,2483.0,2483.0,0,0.0,0.0
2023-02-13 12:00:00+09:00,2470.0,2494.0,2469.0,2482.0,35700,0.0,0.0
2023-02-13 13:00:00+09:00,2481.0,2481.0,2467.0,2474.0,6200,0.0,0.0
2023-02-13 14:00:00+09:00,2474.0,2499.0,2473.0,2474.0,11300,0.0,0.0
2023-02-14 09:00:00+09:00,2474.0,2494.0,2414.0,2438.0,16400,0.0,0.0
2023-02-14 10:00:00+09:00,2434.0,2452.0,2434.0,2452.0,3800,0.0,0.0
2023-02-14 11:00:00+09:00,2453.0,2453.0,2433.0,2437.0,0,0.0,0.0
2023-02-14 12:00:00+09:00,2445.0,2455.0,2433.0,2455.0,26200,0.0,0.0
2023-02-14 13:00:00+09:00,2455.0,2465.0,2451.0,2459.0,4200,0.0,0.0
2023-02-14 14:00:00+09:00,2457.0,2474.0,2448.0,2474.0,12500,0.0,0.0
2023-02-15 09:00:00+09:00,2299.0,2309.0,2187.0,2216.0,144600,0.0,0.0
2023-02-15 10:00:00+09:00,2216.0,2221.0,2182.0,2188.0,28600,0.0,0.0
2023-02-15 11:00:00+09:00,2187.0,2189.0,2180.0,2185.0,0,0.0,0.0
2023-02-15 12:00:00+09:00,2214.0,2216.0,2190.0,2193.0,192000,0.0,0.0
2023-02-15 13:00:00+09:00,2192.0,2192.0,2150.0,2173.0,33000,0.0,0.0
2023-02-15 14:00:00+09:00,2174.0,2190.0,2163.0,2163.0,38200,0.0,0.0
2023-02-16 09:00:00+09:00,2160.0,2164.0,2140.0,2151.0,18900,0.0,0.0
2023-02-16 10:00:00+09:00,2151.0,2151.0,2120.0,2121.0,21900,0.0,0.0
2023-02-16 11:00:00+09:00,2120.0,2122.0,2120.0,2121.0,0,0.0,0.0
2023-02-16 12:00:00+09:00,2125.0,2150.0,2125.0,2147.0,51700,0.0,0.0
2023-02-16 13:00:00+09:00,2148.0,2179.0,2148.0,2160.0,6200,0.0,0.0
2023-02-16 14:00:00+09:00,2159.0,2164.0,2144.0,2149.0,4800,0.0,0.0
2023-02-17 09:00:00+09:00,2149.0,2167.0,2127.0,2130.0,11700,0.0,0.0
2023-02-17 10:00:00+09:00,2131.0,2140.0,2127.0,2132.0,4200,0.0,0.0
2023-02-17 11:00:00+09:00,2131.0,2131.0,2119.0,2127.0,0,0.0,0.0
2023-02-17 12:00:00+09:00,2125.0,2155.0,2125.0,2151.0,38800,0.0,0.0
2023-02-17 13:00:00+09:00,2151.0,2151.0,2130.0,2134.0,5100,0.0,0.0
2023-02-17 14:00:00+09:00,2133.0,2149.0,2128.0,2137.0,8300,0.0,0.0
2023-02-20 09:00:00+09:00,2142.0,2155.0,2131.0,2144.0,4500,0.0,0.0
2023-02-20 10:00:00+09:00,2140.0,2147.0,2140.0,2143.0,700,0.0,0.0
2023-02-20 11:00:00+09:00,2137.0,2137.0,2120.0,2134.0,0,0.0,0.0
2023-02-20 12:00:00+09:00,2134.0,2143.0,2134.0,2142.0,12800,0.0,0.0
2023-02-20 13:00:00+09:00,2145.0,2160.0,2145.0,2160.0,4200,0.0,0.0
2023-02-20 14:00:00+09:00,2159.0,2170.0,2158.0,2162.0,8900,0.0,0.0
2023-02-21 09:00:00+09:00,2151.0,2185.0,2140.0,2175.0,0,0.0,0.0
2023-02-21 10:00:00+09:00,2169.0,2189.0,2169.0,2186.0,13900,0.0,0.0
2023-02-21 11:00:00+09:00,2188.0,2192.0,2185.0,2185.0,0,0.0,0.0
2023-02-21 12:00:00+09:00,2185.0,2185.0,2174.0,2175.0,18700,0.0,0.0
2023-02-21 13:00:00+09:00,2172.0,2186.0,2158.0,2179.0,0,0.0,0.0
2023-02-21 14:00:00+09:00,2184.0,2187.0,2174.0,2174.0,28300,0.0,0.0
2023-02-22 09:00:00+09:00,2139.0,2151.0,2124.0,2139.0,16300,0.0,0.0
2023-02-22 10:00:00+09:00,2131.0,2135.0,2129.0,2130.0,2000,0.0,0.0
2023-02-22 11:00:00+09:00,2136.0,2149.0,2136.0,2147.0,0,0.0,0.0
2023-02-22 12:00:00+09:00,2141.0,2142.0,2137.0,2139.0,20700,0.0,0.0
2023-02-22 13:00:00+09:00,2143.0,2145.0,2141.0,2142.0,700,0.0,0.0
2023-02-22 14:00:00+09:00,2140.0,2140.0,2120.0,2127.0,11900,0.0,0.0
2023-02-24 09:00:00+09:00,2158.0,2158.0,2126.0,2148.0,14700,0.0,0.0
2023-02-24 10:00:00+09:00,2148.0,2151.0,2140.0,2144.0,2500,0.0,0.0
2023-02-24 11:00:00+09:00,2144.0,2144.0,2144.0,2144.0,0,0.0,0.0
2023-02-24 12:00:00+09:00,2140.0,2145.0,2137.0,2138.0,18700,0.0,0.0
2023-02-24 13:00:00+09:00,2137.0,2143.0,2131.0,2143.0,2300,0.0,0.0
2023-02-24 14:00:00+09:00,2140.0,2145.0,2140.0,2145.0,1200,0.0,0.0
2023-02-27 09:00:00+09:00,2157.0,2178.0,2149.0,2176.0,8700,0.0,0.0
2023-02-27 10:00:00+09:00,2177.0,2182.0,2175.0,2181.0,1900,0.0,0.0
2023-02-27 11:00:00+09:00,2183.0,2183.0,2175.0,2181.0,0,0.0,0.0
2023-02-27 12:00:00+09:00,2180.0,2182.0,2180.0,2182.0,14200,0.0,0.0
2023-02-27 13:00:00+09:00,2180.0,2180.0,2173.0,2177.0,2000,0.0,0.0
2023-02-27 14:00:00+09:00,2176.0,2178.0,2160.0,2167.0,5500,0.0,0.0
2023-02-28 09:00:00+09:00,2170.0,2180.0,2159.0,2176.0,3900,0.0,0.0
2023-02-28 10:00:00+09:00,2176.0,2176.0,2175.0,2175.0,500,0.0,0.0
2023-02-28 11:00:00+09:00,2169.0,2172.0,2166.0,2172.0,0,0.0,0.0
2023-02-28 12:00:00+09:00,2164.0,2164.0,2161.0,2161.0,8700,0.0,0.0
2023-02-28 13:00:00+09:00,2160.0,2160.0,2150.0,2156.0,1800,0.0,0.0
2023-02-28 14:00:00+09:00,2155.0,2158.0,2148.0,2158.0,5200,0.0,0.0
2023-03-01 09:00:00+09:00,2142.0,2161.0,2139.0,2150.0,3800,0.0,0.0
2023-03-01 10:00:00+09:00,2151.0,2159.0,2146.0,2155.0,3100,0.0,0.0
2023-03-01 11:00:00+09:00,2153.0,2153.0,2151.0,2151.0,0,0.0,0.0
2023-03-01 12:00:00+09:00,2146.0,2162.0,2146.0,2162.0,11400,0.0,0.0
2023-03-01 13:00:00+09:00,2169.0,2185.0,2163.0,2185.0,8700,0.0,0.0
2023-03-01 14:00:00+09:00,2182.0,2187.0,2180.0,2184.0,4100,0.0,0.0
2023-03-02 09:00:00+09:00,2175.0,2195.0,2175.0,2186.0,2000,0.0,0.0
2023-03-02 10:00:00+09:00,2186.0,2200.0,2183.0,2197.0,2800,0.0,0.0
2023-03-02 11:00:00+09:00,2197.0,2197.0,2186.0,2190.0,0,0.0,0.0
2023-03-02 12:00:00+09:00,2190.0,2190.0,2186.0,2190.0,7500,0.0,0.0
2023-03-02 13:00:00+09:00,2189.0,2190.0,2185.0,2187.0,2300,0.0,0.0
2023-03-02 14:00:00+09:00,2193.0,2194.0,2184.0,2190.0,3400,0.0,0.0
2023-03-03 09:00:00+09:00,2204.0,2223.0,2175.0,2223.0,21700,0.0,0.0
2023-03-03 10:00:00+09:00,2223.0,2239.0,2218.0,2235.0,6500,0.0,0.0
2023-03-03 11:00:00+09:00,2228.0,2228.0,2220.0,2221.0,0,0.0,0.0
2023-03-03 12:00:00+09:00,2222.0,2225.0,2215.0,2222.0,30900,0.0,0.0
2023-03-03 13:00:00+09:00,2222.0,2227.0,2218.0,2220.0,5300,0.0,0.0
2023-03-03 14:00:00+09:00,2223.0,2224.0,2215.0,2222.0,4300,0.0,0.0
2023-03-06 09:00:00+09:00,2243.0,2258.0,2231.0,2231.0,0,0.0,0.0
2023-03-06 10:00:00+09:00,2235.0,2236.0,2235.0,2235.0,8200,0.0,0.0
2023-03-06 11:00:00+09:00,2240.0,2242.0,2240.0,2240.0,0,0.0,0.0
2023-03-06 12:00:00+09:00,2234.0,2242.0,2232.0,2238.0,11200,0.0,0.0
2023-03-06 13:00:00+09:00,2236.0,2236.0,2224.0,2224.0,3200,0.0,0.0
2023-03-06 14:00:00+09:00,2221.0,2223.0,2207.0,2223.0,7000,0.0,0.0
2023-03-07 09:00:00+09:00,2238.0,2238.0,2225.0,2230.0,4000,0.0,0.0
2023-03-07 10:00:00+09:00,2226.0,2240.0,2224.0,2237.0,3600,0.0,0.0
2023-03-07 11:00:00+09:00,2236.0,2236.0,2236.0,2236.0,0,0.0,0.0
2023-03-07 12:00:00+09:00,2242.0,2255.0,2242.0,2254.0,10700,0.0,0.0
2023-03-07 13:00:00+09:00,2252.0,2259.0,2246.0,2249.0,3900,0.0,0.0
2023-03-07 14:00:00+09:00,2250.0,2250.0,2235.0,2241.0,3100,0.0,0.0
2023-03-08 09:00:00+09:00,2210.0,2241.0,2200.0,2234.0,3900,0.0,0.0
2023-03-08 10:00:00+09:00,2234.0,2244.0,2234.0,2244.0,1900,0.0,0.0
2023-03-08 11:00:00+09:00,2242.0,2242.0,2227.0,2227.0,0,0.0,0.0
2023-03-08 12:00:00+09:00,2226.0,2241.0,2226.0,2241.0,9300,0.0,0.0
2023-03-08 13:00:00+09:00,2241.0,2241.0,2234.0,2238.0,0,0.0,0.0
2023-03-08 14:00:00+09:00,2238.0,2244.0,2235.0,2244.0,14300,0.0,0.0
2023-03-09 09:00:00+09:00,2253.0,2271.0,2245.0,2269.0,0,0.0,0.0
2023-03-09 10:00:00+09:00,2267.0,2282.0,2267.0,2271.0,18900,0.0,0.0
2023-03-09 11:00:00+09:00,2269.0,2323.0,2269.0,2318.0,0,0.0,0.0
2023-03-09 12:00:00+09:00,2321.0,2321.0,2300.0,2300.0,40400,0.0,0.0
2023-03-09 13:00:00+09:00,2306.0,2308.0,2294.0,2295.0,3400,0.0,0.0
2023-03-09 14:00:00+09:00,2297.0,2303.0,2295.0,2301.0,3400,0.0,0.0
2023-03-10 09:00:00+09:00,2268.0,2279.0,2253.0,2257.0,16500,0.0,0.0
2023-03-10 10:00:00+09:00,2260.0,2266.0,2257.0,2257.0,3200,0.0,0.0
2023-03-10 11:00:00+09:00,2262.0,2262.0,2252.0,2252.0,0,0.0,0.0
2023-03-10 12:00:00+09:00,2255.0,2262.0,2236.0,2236.0,30200,0.0,0.0
2023-03-10 13:00:00+09:00,2231.0,2245.0,2230.0,2241.0,6900,0.0,0.0
2023-03-10 14:00:00+09:00,2242.0,2252.0,2242.0,2244.0,6300,0.0,0.0
2023-03-13 09:00:00+09:00,2206.0,2208.0,2169.0,2185.0,12000,0.0,0.0
2023-03-13 10:00:00+09:00,2178.0,2191.0,2172.0,2188.0,4300,0.0,0.0
2023-03-13 11:00:00+09:00,2187.0,2192.0,2184.0,2192.0,0,0.0,0.0
2023-03-13 12:00:00+09:00,2196.0,2211.0,2195.0,2195.0,21200,0.0,0.0
2023-03-13 13:00:00+09:00,2192.0,2194.0,2184.0,2186.0,2300,0.0,0.0
2023-03-13 14:00:00+09:00,2185.0,2202.0,2183.0,2202.0,3900,0.0,0.0
2023-03-14 09:00:00+09:00,2171.0,2171.0,2131.0,2132.0,10500,0.0,0.0
2023-03-14 10:00:00+09:00,2131.0,2145.0,2131.0,2145.0,4100,0.0,0.0
2023-03-14 11:00:00+09:00,2151.0,2163.0,2151.0,2163.0,0,0.0,0.0
2023-03-14 12:00:00+09:00,2165.0,2165.0,2156.0,2156.0,18200,0.0,0.0
2023-03-14 13:00:00+09:00,2152.0,2160.0,2135.0,2135.0,0,0.0,0.0
2023-03-14 14:00:00+09:00,2132.0,2142.0,2126.0,2137.0,33500,0.0,0.0
2023-03-15 09:00:00+09:00,2175.0,2208.0,2174.0,2199.0,14000,0.0,0.0
2023-03-15 10:00:00+09:00,2193.0,2196.0,2186.0,2196.0,1700,0.0,0.0
2023-03-15 11:00:00+09:00,2199.0,2199.0,2190.0,2193.0,0,0.0,0.0
2023-03-15 12:00:00+09:00,2181.0,2191.0,2181.0,2188.0,19500,0.0,0.0
2023-03-15 13:00:00+09:00,2188.0,2188.0,2186.0,2186.0,900,0.0,0.0
2023-03-15 14:00:00+09:00,2182.0,2185.0,2172.0,2180.0,9900,0.0,0.0
2023-03-16 09:00:00+09:00,2118.0,2144.0,2096.0,2144.0,6900,0.0,0.0
2023-03-16 10:00:00+09:00,2145.0,2154.0,2137.0,2141.0,3100,0.0,0.0
2023-03-16 11:00:00+09:00,2140.0,2147.0,2130.0,2136.0,0,0.0,0.0
2023-03-16 12:00:00+09:00,2127.0,2138.0,2127.0,2138.0,17800,0.0,0.0
2023-03-16 13:00:00+09:00,2139.0,2153.0,2139.0,2151.0,2500,0.0,0.0
2023-03-16 14:00:00+09:00,2153.0,2169.0,2147.0,2165.0,9500,0.0,0.0
2023-03-17 09:00:00+09:00,2212.0,2221.0,2184.0,2198.0,8900,0.0,0.0
2023-03-17 10:00:00+09:00,2196.0,2210.0,2191.0,2207.0,3800,0.0,0.0
2023-03-17 11:00:00+09:00,2205.0,2207.0,2200.0,2207.0,0,0.0,0.0
2023-03-17 12:00:00+09:00,2199.0,2218.0,2199.0,2208.0,18900,0.0,0.0
2023-03-17 13:00:00+09:00,2212.0,2222.0,2206.0,2206.0,0,0.0,0.0
2023-03-17 14:00:00+09:00,2201.0,2209.0,2196.0,2205.0,27300,0.0,0.0
2023-03-20 09:00:00+09:00,2204.0,2220.0,2187.0,2220.0,5900,0.0,0.0
2023-03-20 10:00:00+09:00,2219.0,2221.0,2206.0,2220.0,5400,0.0,0.0
2023-03-20 11:00:00+09:00,2218.0,2218.0,2172.0,2172.0,0,0.0,0.0
2023-03-20 12:00:00+09:00,2182.0,2191.0,2172.0,2179.0,19800,0.0,0.0
2023-03-20 13:00:00+09:00,2177.0,2182.0,2174.0,2178.0,2400,0.0,0.0
2023-03-20 14:00:00+09:00,2176.0,2189.0,2173.0,2173.0,5400,0.0,0.0
2023-03-22 09:00:00+09:00,2223.0,2244.0,2203.0,2242.0,7100,0.0,0.0
2023-03-22 10:00:00+09:00,2236.0,2236.0,2224.0,2233.0,1200,0.0,0.0
2023-03-22 11:00:00+09:00,2233.0,2235.0,2224.0,2229.0,0,0.0,0.0
2023-03-22 12:00:00+09:00,2228.0,2228.0,2222.0,2227.0,11800,0.0,0.0
2023-03-22 13:00:00+09:00,2221.0,2229.0,2220.0,2226.0,2500,0.0,0.0
2023-03-22 14:00:00+09:00,2223.0,2225.0,2214.0,2220.0,5400,0.0,0.0
2023-03-23 09:00:00+09:00,2188.0,2212.0,2188.0,2212.0,7200,0.0,0.0
2023-03-23 10:00:00+09:00,2215.0,2217.0,2209.0,2209.0,3000,0.0,0.0
2023-03-23 11:00:00+09:00,2211.0,2214.0,2211.0,2214.0,0,0.0,0.0
2023-03-23 12:00:00+09:00,2206.0,2219.0,2206.0,2209.0,13700,0.0,0.0
2023-03-23 13:00:00+09:00,2209.0,2210.0,2188.0,2191.0,0,0.0,0.0
2023-03-23 14:00:00+09:00,2189.0,2200.0,2188.0,2194.0,26700,0.0,0.0
2023-03-24 09:00:00+09:00,2197.0,2198.0,2172.0,2175.0,2900,0.0,0.0
2023-03-24 10:00:00+09:00,2173.0,2191.0,2173.0,2184.0,1500,0.0,0.0
2023-03-24 11:00:00+09:00,2190.0,2190.0,2172.0,2172.0,0,0.0,0.0
2023-03-24 12:00:00+09:00,2187.0,2195.0,2186.0,2189.0,10800,0.0,0.0
2023-03-24 13:00:00+09:00,2186.0,2189.0,2180.0,2186.0,1600,0.0,0.0
2023-03-24 14:00:00+09:00,2183.0,2204.0,2183.0,2195.0,8900,0.0,0.0
2023-03-27 09:00:00+09:00,2212.0,2215.0,2202.0,2208.0,8200,0.0,0.0
2023-03-27 10:00:00+09:00,2213.0,2227.0,2208.0,2208.0,5500,0.0,0.0
2023-03-27 11:00:00+09:00,2205.0,2205.0,2195.0,2195.0,0,0.0,0.0
2023-03-27 12:00:00+09:00,2194.0,2203.0,2194.0,2202.0,16800,0.0,0.0
2023-03-27 13:00:00+09:00,2203.0,2228.0,2203.0,2227.0,5200,0.0,0.0
2023-03-27 14:00:00+09:00,2226.0,2230.0,2223.0,2230.0,4500,0.0,0.0
2023-03-28 09:00:00+09:00,2250.0,2250.0,2220.0,2221.0,7000,0.0,0.0
2023-03-28 10:00:00+09:00,2212.0,2224.0,2212.0,2224.0,3700,0.0,0.0
2023-03-28 11:00:00+09:00,2227.0,2235.0,2227.0,2235.0,0,0.0,0.0
2023-03-28 12:00:00+09:00,2226.0,2228.0,2224.0,2224.0,14700,0.0,0.0
2023-03-28 13:00:00+09:00,2224.0,2235.0,2224.0,2235.0,4800,0.0,0.0
2023-03-28 14:00:00+09:00,2233.0,2233.0,2224.0,2224.0,4100,0.0,0.0
2023-03-29 09:00:00+09:00,2247.0,2247.0,2223.0,2235.0,3000,0.0,0.0
2023-03-29 10:00:00+09:00,2237.0,2248.0,2236.0,2241.0,2400,0.0,0.0
2023-03-29 11:00:00+09:00,2243.0,2243.0,2239.0,2240.0,0,0.0,0.0
2023-03-29 12:00:00+09:00,2240.0,2259.0,2240.0,2254.0,10500,0.0,0.0
2023-03-29 13:00:00+09:00,2254.0,2254.0,2248.0,2248.0,1300,0.0,0.0
2023-03-29 14:00:00+09:00,2249.0,2264.0,2246.0,2264.0,6800,0.0,0.0
2023-03-30 09:00:00+09:00,2261.0,2281.0,2242.0,2242.0,27200,0.0,0.0
2023-03-30 10:00:00+09:00,2249.0,2249.0,2249.0,2249.0,200,0.0,0.0
2023-03-30 11:00:00+09:00,2245.0,2257.0,2245.0,2257.0,0,0.0,0.0
2023-03-30 12:00:00+09:00,2262.0,2265.0,2256.0,2256.0,30300,0.0,0.0
2023-03-30 13:00:00+09:00,2260.0,2260.0,2260.0,2260.0,300,0.0,0.0
2023-03-30 14:00:00+09:00,2253.0,2261.0,2244.0,2253.0,8600,0.0,0.0
2023-03-31 09:00:00+09:00,2242.0,2288.0,2236.0,2280.0,29000,0.0,0.0
2023-03-31 10:00:00+09:00,2282.0,2298.0,2275.0,2293.0,4700,0.0,0.0
2023-03-31 11:00:00+09:00,2296.0,2296.0,2282.0,2289.0,0,0.0,0.0
2023-03-31 12:00:00+09:00,2289.0,2298.0,2288.0,2298.0,41000,0.0,0.0
2023-03-31 13:00:00+09:00,2296.0,2296.0,2286.0,2286.0,0,0.0,0.0
2023-03-31 14:00:00+09:00,2285.0,2287.0,2275.0,2279.0,46900,0.0,0.0
2023-04-03 09:00:00+09:00,2295.0,2295.0,2259.0,2277.0,7500,0.0,0.0
2023-04-03 10:00:00+09:00,2277.0,2278.0,2266.0,2278.0,4500,0.0,0.0
2023-04-03 11:00:00+09:00,2275.0,2277.0,2260.0,2268.0,0,0.0,0.0
2023-04-03 12:00:00+09:00,2272.0,2274.0,2268.0,2269.0,20400,0.0,0.0
2023-04-03 13:00:00+09:00,2268.0,2268.0,2259.0,2259.0,3300,0.0,0.0
2023-04-03 14:00:00+09:00,2260.0,2265.0,2259.0,2259.0,2700,0.0,0.0
2023-04-04 09:00:00+09:00,2259.0,2259.0,2205.0,2215.0,9100,0.0,0.0
2023-04-04 10:00:00+09:00,2215.0,2216.0,2210.0,2216.0,5700,0.0,0.0
2023-04-04 11:00:00+09:00,2217.0,2224.0,2211.0,2211.0,0,0.0,0.0
2023-04-04 12:00:00+09:00,2212.0,2221.0,2212.0,2218.0,20800,0.0,0.0
2023-04-04 13:00:00+09:00,2221.0,2222.0,2210.0,2210.0,4300,0.0,0.0
2023-04-04 14:00:00+09:00,2210.0,2225.0,2199.0,2220.0,11400,0.0,0.0
2023-04-05 09:00:00+09:00,2198.0,2208.0,2161.0,2173.0,9400,0.0,0.0
2023-04-05 10:00:00+09:00,2175.0,2175.0,2144.0,2144.0,6100,0.0,0.0
2023-04-05 11:00:00+09:00,2144.0,2152.0,2144.0,2152.0,0,0.0,0.0
2023-04-05 12:00:00+09:00,2140.0,2144.0,2136.0,2144.0,24300,0.0,0.0
2023-04-05 13:00:00+09:00,2142.0,2146.0,2138.0,2145.0,4700,0.0,0.0
2023-04-05 14:00:00+09:00,2147.0,2154.0,2141.0,2151.0,7200,0.0,0.0
2023-04-06 09:00:00+09:00,2139.0,2149.0,2128.0,2131.0,10900,0.0,0.0
2023-04-06 10:00:00+09:00,2138.0,2146.0,2135.0,2140.0,4800,0.0,0.0
2023-04-06 11:00:00+09:00,2138.0,2140.0,2138.0,2140.0,0,0.0,0.0
2023-04-06 12:00:00+09:00,2140.0,2140.0,2115.0,2118.0,21100,0.0,0.0
2023-04-06 13:00:00+09:00,2112.0,2115.0,2111.0,2114.0,1900,0.0,0.0
2023-04-06 14:00:00+09:00,2111.0,2113.0,2101.0,2106.0,9200,0.0,0.0
2023-04-07 09:00:00+09:00,2120.0,2163.0,2120.0,2140.0,11500,0.0,0.0
2023-04-07 10:00:00+09:00,2137.0,2137.0,2132.0,2136.0,2100,0.0,0.0
2023-04-07 11:00:00+09:00,2139.0,2142.0,2139.0,2140.0,0,0.0,0.0
2023-04-07 12:00:00+09:00,2139.0,2139.0,2132.0,2138.0,16700,0.0,0.0
2023-04-07 13:00:00+09:00,2137.0,2142.0,2136.0,2140.0,4100,0.0,0.0
2023-04-07 14:00:00+09:00,2141.0,2148.0,2141.0,2144.0,2000,0.0,0.0
2023-04-10 09:00:00+09:00,2162.0,2163.0,2145.0,2156.0,45300,0.0,0.0
2023-04-10 10:00:00+09:00,2154.0,2154.0,2151.0,2151.0,1200,0.0,0.0
2023-04-10 11:00:00+09:00,2154.0,2154.0,2152.0,2152.0,0,0.0,0.0
2023-04-10 12:00:00+09:00,2152.0,2165.0,2148.0,2165.0,54100,0.0,0.0
2023-04-10 13:00:00+09:00,2166.0,2166.0,2148.0,2148.0,8000,0.0,0.0
2023-04-10 14:00:00+09:00,2148.0,2148.0,2131.0,2145.0,8900,0.0,0.0
2023-04-11 09:00:00+09:00,2169.0,2169.0,2147.0,2153.0,3700,0.0,0.0
2023-04-11 10:00:00+09:00,2164.0,2173.0,2164.0,2173.0,1000,0.0,0.0
2023-04-11 11:00:00+09:00,2176.0,2179.0,2172.0,2172.0,0,0.0,0.0
2023-04-11 12:00:00+09:00,2163.0,2181.0,2163.0,2180.0,11400,0.0,0.0
2023-04-11 13:00:00+09:00,2181.0,2185.0,2172.0,2172.0,2800,0.0,0.0
2023-04-11 14:00:00+09:00,2171.0,2184.0,2169.0,2180.0,5600,0.0,0.0
2023-04-12 09:00:00+09:00,2184.0,2184.0,2151.0,2158.0,7700,0.0,0.0
2023-04-12 10:00:00+09:00,2160.0,2165.0,2157.0,2165.0,3500,0.0,0.0
2023-04-12 11:00:00+09:00,2168.0,2171.0,2168.0,2171.0,0,0.0,0.0
2023-04-12 12:00:00+09:00,2171.0,2173.0,2156.0,2170.0,17600,0.0,0.0
2023-04-12 13:00:00+09:00,2170.0,2171.0,2162.0,2169.0,2700,0.0,0.0
2023-04-12 14:00:00+09:00,2168.0,2180.0,2168.0,2177.0,6300,0.0,0.0
2023-04-13 09:00:00+09:00,2173.0,2193.0,2173.0,2193.0,6300,0.0,0.0
2023-04-13 10:00:00+09:00,2195.0,2202.0,2185.0,2196.0,6400,0.0,0.0
2023-04-13 11:00:00+09:00,2194.0,2198.0,2190.0,2198.0,0,0.0,0.0
2023-04-13 12:00:00+09:00,2200.0,2210.0,2198.0,2210.0,19200,0.0,0.0
2023-04-13 13:00:00+09:00,2212.0,2224.0,2212.0,2223.0,2400,0.0,0.0
2023-04-13 14:00:00+09:00,2225.0,2226.0,2212.0,2214.0,4300,0.0,0.0
2023-04-14 09:00:00+09:00,2213.0,2229.0,2200.0,2220.0,3800,0.0,0.0
2023-04-14 10:00:00+09:00,2220.0,2226.0,2217.0,2223.0,3300,0.0,0.0
2023-04-14 11:00:00+09:00,2223.0,2223.0,2217.0,2217.0,0,0.0,0.0
2023-04-14 12:00:00+09:00,2222.0,2222.0,2212.0,2221.0,8500,0.0,0.0
2023-04-14 13:00:00+09:00,2220.0,2220.0,2202.0,2205.0,0,0.0,0.0
2023-04-14 14:00:00+09:00,2205.0,2214.0,2195.0,2211.0,21800,0.0,0.0
2023-04-17 09:00:00+09:00,2214.0,2214.0,2197.0,2197.0,3300,0.0,0.0
2023-04-17 10:00:00+09:00,2203.0,2212.0,2203.0,2212.0,700,0.0,0.0
2023-04-17 11:00:00+09:00,2210.0,2211.0,2204.0,2204.0,0,0.0,0.0
2023-04-17 12:00:00+09:00,2204.0,2206.0,2200.0,2201.0,9000,0.0,0.0
2023-04-17 13:00:00+09:00,2204.0,2206.0,2204.0,2204.0,1200,0.0,0.0
2023-04-17 14:00:00+09:00,2207.0,2214.0,2207.0,2211.0,5100,0.0,0.0
2023-04-18 09:00:00+09:00,2217.0,2220.0,2202.0,2216.0,2100,0.0,0.0
2023-04-18 10:00:00+09:00,2218.0,2227.0,2218.0,2220.0,1400,0.0,0.0
2023-04-18 11:00:00+09:00,2222.0,2228.0,2222.0,2225.0,0,0.0,0.0
2023-04-18 12:00:00+09:00,2228.0,2233.0,2219.0,2226.0,9100,0.0,0.0
2023-04-18 13:00:00+09:00,2226.0,2233.0,2226.0,2226.0,2400,0.0,0.0
2023-04-18 14:00:00+09:00,2224.0,2227.0,2222.0,2227.0,2300,0.0,0.0
2023-04-19 09:00:00+09:00,2208.0,2210.0,2195.0,2196.0,8400,0.0,0.0
2023-04-19 10:00:00+09:00,2190.0,2199.0,2182.0,2199.0,4400,0.0,0.0
2023-04-19 11:00:00+09:00,2199.0,2204.0,2196.0,2204.0,0,0.0,0.0
2023-04-19 12:00:00+09:00,2204.0,2206.0,2196.0,2204.0,16000,0.0,0.0
2023-04-19 13:00:00+09:00,2207.0,2212.0,2206.0,2211.0,1300,0.0,0.0
2023-04-19 14:00:00+09:00,2212.0,2212.0,2204.0,2205.0,4900,0.0,0.0
2023-04-20 09:00:00+09:00,2199.0,2216.0,2181.0,2204.0,3700,0.0,0.0
2023-04-20 10:00:00+09:00,2202.0,2203.0,2195.0,2203.0,1300,0.0,0.0
2023-04-20 11:00:00+09:00,2204.0,2205.0,2195.0,2195.0,0,0.0,0.0
2023-04-20 12:00:00+09:00,2196.0,2211.0,2196.0,2210.0,11500,0.0,0.0
2023-04-20 13:00:00+09:00,2214.0,2216.0,2200.0,2203.0,6000,0.0,0.0
2023-04-20 14:00:00+09:00,2203.0,2210.0,2197.0,2207.0,5200,0.0,0.0
2023-04-21 09:00:00+09:00,2188.0,2222.0,2188.0,2222.0,0,0.0,0.0
2023-04-21 10:00:00+09:00,2221.0,2221.0,2216.0,2216.0,5600,0.0,0.0
2023-04-21 11:00:00+09:00,2212.0,2212.0,2212.0,2212.0,0,0.0,0.0
2023-04-21 12:00:00+09:00,2209.0,2212.0,2206.0,2206.0,7000,0.0,0.0
2023-04-21 13:00:00+09:00,2202.0,2204.0,2191.0,2198.0,3300,0.0,0.0
2023-04-21 14:00:00+09:00,2199.0,2203.0,2198.0,2199.0,2200,0.0,0.0
2023-04-24 09:00:00+09:00,2222.0,2226.0,2207.0,2226.0,7100,0.0,0.0
2023-04-24 10:00:00+09:00,2229.0,2230.0,2229.0,2229.0,800,0.0,0.0
2023-04-24 11:00:00+09:00,2227.0,2235.0,2227.0,2232.0,0,0.0,0.0
2023-04-24 12:00:00+09:00,2237.0,2245.0,2230.0,2245.0,12800,0.0,0.0
2023-04-24 13:00:00+09:00,2244.0,2250.0,2239.0,2249.0,3300,0.0,0.0
2023-04-24 14:00:00+09:00,2248.0,2248.0,2236.0,2237.0,9400,0.0,0.0
2023-04-25 09:00:00+09:00,2237.0,2253.0,2237.0,2241.0,2600,0.0,0.0
2023-04-25 10:00:00+09:00,2248.0,2261.0,2248.0,2261.0,3000,0.0,0.0
2023-04-25 11:00:00+09:00,2257.0,2257.0,2242.0,2242.0,0,0.0,0.0
2023-04-25 12:00:00+09:00,2250.0,2250.0,2236.0,2237.0,9400,0.0,0.0
2023-04-25 13:00:00+09:00,2233.0,2234.0,2224.0,2233.0,2200,0.0,0.0
2023-04-25 14:00:00+09:00,2230.0,2235.0,2228.0,2233.0,0,0.0,0.0
2023-04-26 09:00:00+09:00,2220.0,2229.0,2200.0,2219.0,6200,0.0,0.0
2023-04-26 10:00:00+09:00,2218.0,2227.0,2215.0,2219.0,3200,0.0,0.0
2023-04-26 11:00:00+09:00,2218.0,2218.0,2215.0,2215.0,0,0.0,0.0
2023-04-26 12:00:00+09:00,2215.0,2231.0,2206.0,2206.0,17600,0.0,0.0
2023-04-26 13:00:00+09:00,2204.0,2204.0,2193.0,2204.0,1700,0.0,0.0
2023-04-26 14:00:00+09:00,2207.0,2207.0,2195.0,2197.0,5400,0.0,0.0
2023-04-27 09:00:00+09:00,2196.0,2228.0,2196.0,2217.0,3200,0.0,0.0
2023-04-27 10:00:00+09:00,2220.0,2236.0,2216.0,2236.0,4500,0.0,0.0
2023-04-27 11:00:00+09:00,2231.0,2233.0,2228.0,2233.0,0,0.0,0.0
2023-04-27 12:00:00+09:00,2225.0,2234.0,2225.0,2232.0,13800,0.0,0.0
2023-04-27 13:00:00+09:00,2230.0,2235.0,2210.0,2212.0,6500,0.0,0.0
2023-04-27 14:00:00+09:00,2211.0,2246.0,2204.0,2246.0,10500,0.0,0.0
2023-04-28 09:00:00+09:00,2250.0,2287.0,2250.0,2284.0,9500,0.0,0.0
2023-04-28 10:00:00+09:00,2278.0,2281.0,2273.0,2275.0,5000,0.0,0.0
2023-04-28 11:00:00+09:00,2275.0,2275.0,2275.0,2275.0,0,0.0,0.0
2023-04-28 12:00:00+09:00,2262.0,2268.0,2262.0,2265.0,16200,0.0,0.0
2023-04-28 13:00:00+09:00,2269.0,2282.0,2263.0,2263.0,5600,0.0,0.0
2023-04-28 14:00:00+09:00,2265.0,2275.0,2261.0,2266.0,7100,0.0,0.0
2023-05-01 09:00:00+09:00,2288.0,2288.0,2264.0,2270.0,5300,0.0,0.0
2023-05-01 10:00:00+09:00,2265.0,2280.0,2260.0,2280.0,3500,0.0,0.0
2023-05-01 11:00:00+09:00,2277.0,2280.0,2270.0,2270.0,0,0.0,0.0
2023-05-01 12:00:00+09:00,2275.0,2275.0,2260.0,2260.0,13500,0.0,0.0
2023-05-01 13:00:00+09:00,2258.0,2262.0,2252.0,2254.0,5800,0.0,0.0
2023-05-01 14:00:00+09:00,2258.0,2262.0,2253.0,2253.0,4800,0.0,0.0
2023-05-02 09:00:00+09:00,2253.0,2260.0,2213.0,2222.0,2200,0.0,0.0
2023-05-02 10:00:00+09:00,2219.0,2221.0,2210.0,2219.0,2800,0.0,0.0
2023-05-02 11:00:00+09:00,2222.0,2222.0,2222.0,2222.0,0,0.0,0.0
2023-05-02 12:00:00+09:00,2222.0,2232.0,2222.0,2232.0,7400,0.0,0.0
2023-05-02 13:00:00+09:00,2234.0,2242.0,2234.0,2242.0,500,0.0,0.0
2023-05-02 14:00:00+09:00,2243.0,2243.0,2232.0,2233.0,2200,0.0,0.0
2023-05-08 09:00:00+09:00,2246.0,2270.0,2245.0,2258.0,7400,0.0,0.0
2023-05-08 10:00:00+09:00,2255.0,2273.0,2252.0,2273.0,3400,0.0,0.0
2023-05-08 11:00:00+09:00,2266.0,2266.0,2262.0,2262.0,0,0.0,0.0
2023-05-08 12:00:00+09:00,2262.0,2262.0,2262.0,2262.0,11500,0.0,0.0
2023-05-08 13:00:00+09:00,2268.0,2273.0,2258.0,2269.0,3400,0.0,0.0
2023-05-08 14:00:00+09:00,2269.0,2288.0,2269.0,2281.0,10600,0.0,0.0
2023-05-09 09:00:00+09:00,2282.0,2291.0,2266.0,2283.0,0,0.0,0.0
2023-05-09 10:00:00+09:00,2283.0,2295.0,2283.0,2292.0,8500,0.0,0.0
2023-05-09 11:00:00+09:00,2298.0,2304.0,2296.0,2296.0,0,0.0,0.0
2023-05-09 12:00:00+09:00,2296.0,2296.0,2293.0,2293.0,12200,0.0,0.0
2023-05-09 13:00:00+09:00,2297.0,2297.0,2280.0,2282.0,5000,0.0,0.0
2023-05-09 14:00:00+09:00,2283.0,2287.0,2276.0,2283.0,2500,0.0,0.0
2023-05-10 09:00:00+09:00,2271.0,2271.0,2225.0,2256.0,8600,0.0,0.0
2023-05-10 10:00:00+09:00,2253.0,2253.0,2235.0,2235.0,6700,0.0,0.0
2023-05-10 11:00:00+09:00,2237.0,2239.0,2226.0,2229.0,0,0.0,0.0
2023-05-10 12:00:00+09:00,2228.0,2241.0,2228.0,2237.0,21500,0.0,0.0
2023-05-10 13:00:00+09:00,2239.0,2240.0,2236.0,2236.0,800,0.0,0.0
2023-05-10 14:00:00+09:00,2237.0,2249.0,2231.0,2244.0,11800,0.0,0.0
2023-05-11 09:00:00+09:00,2265.0,2287.0,2263.0,2283.0,8900,0.0,0.0
2023-05-11 10:00:00+09:00,2283.0,2298.0,2273.0,2287.0,6100,0.0,0.0
2023-05-11 11:00:00+09:00,2284.0,2287.0,2266.0,2266.0,0,0.0,0.0
2023-05-11 12:00:00+09:00,2262.0,2267.0,2256.0,2265.0,19800,0.0,0.0
2023-05-11 13:00:00+09:00,2268.0,2278.0,2257.0,2259.0,5300,0.0,0.0
2023-05-11 14:00:00+09:00,2256.0,2262.0,2253.0,2261.0,7500,0.0,0.0
2023-05-12 09:00:00+09:00,2334.0,2362.0,2300.0,2320.0,24800,0.0,0.0
2023-05-12 10:00:00+09:00,2325.0,2382.0,2325.0,2379.0,19400,0.0,0.0
2023-05-12 11:00:00+09:00,2377.0,2400.0,2374.0,2398.0,0,0.0,0.0
2023-05-12 12:00:00+09:00,2383.0,2385.0,2359.0,2373.0,59400,0.0,0.0
2023-05-12 13:00:00+09:00,2365.0,2366.0,2283.0,2364.0,24900,0.0,0.0
2023-05-12 14:00:00+09:00,2363.0,2371.0,2350.0,2369.0,11400,0.0,0.0
2023-05-15 09:00:00+09:00,2369.0,2406.0,2365.0,2370.0,0,0.0,0.0
2023-05-15 10:00:00+09:00,2367.0,2384.0,2367.0,2377.0,3100,0.0,0.0
2023-05-15 11:00:00+09:00,2377.0,2387.0,2375.0,2378.0,0,0.0,0.0
2023-05-15 12:00:00+09:00,2380.0,2428.0,2378.0,2428.0,27700,0.0,0.0
2023-05-15 13:00:00+09:00,2431.0,2441.0,2425.0,2426.0,8900,0.0,0.0
2023-05-15 14:00:00+09:00,2428.0,2437.0,2422.0,2437.0,4400,0.0,0.0
2023-05-16 09:00:00+09:00,2411.0,2411.0,2368.0,2368.0,5000,0.0,0.0
2023-05-16 10:00:00+09:00,2365.0,2392.0,2365.0,2386.0,6300,0.0,0.0
2023-05-16 11:00:00+09:00,2382.0,2382.0,2378.0,2378.0,0,0.0,0.0
2023-05-16 12:00:00+09:00,2377.0,2385.0,2377.0,2385.0,14200,0.0,0.0
2023-05-16 13:00:00+09:00,2381.0,2381.0,2370.0,2377.0,4600,0.0,0.0
2023-05-16 14:00:00+09:00,2371.0,2383.0,2371.0,2373.0,4500,0.0,0.0
2023-05-17 09:00:00+09:00,2373.0,2379.0,2347.0,2361.0,2800,0.0,0.0
2023-05-17 10:00:00+09:00,2361.0,2384.0,2361.0,2381.0,2500,0.0,0.0
2023-05-17 11:00:00+09:00,2381.0,2381.0,2378.0,2378.0,0,0.0,0.0
2023-05-17 12:00:00+09:00,2378.0,2384.0,2371.0,2379.0,6400,0.0,0.0
2023-05-17 13:00:00+09:00,2379.0,2379.0,2377.0,2377.0,400,0.0,0.0
2023-05-17 14:00:00+09:00,2378.0,2386.0,2374.0,2374.0,4600,0.0,0.0
2023-05-18 09:00:00+09:00,2378.0,2399.0,2378.0,2387.0,3900,0.0,0.0
2023-05-18 10:00:00+09:00,2386.0,2386.0,2376.0,2382.0,1700,0.0,0.0
2023-05-18 11:00:00+09:00,2383.0,2387.0,2370.0,2376.0,0,0.0,0.0
2023-05-18 12:00:00+09:00,2370.0,2380.0,2357.0,2380.0,13100,0.0,0.0
2023-05-18 13:00:00+09:00,2380.0,2381.0,2357.0,2360.0,7900,0.0,0.0
2023-05-18 14:00:00+09:00,2362.0,2376.0,2358.0,2376.0,6300,0.0,0.0
2023-05-19 09:00:00+09:00,2378.0,2416.0,2377.0,2405.0,5400,0.0,0.0
2023-05-19 10:00:00+09:00,2418.0,2451.0,2412.0,2436.0,7100,0.0,0.0
2023-05-19 11:00:00+09:00,2439.0,2450.0,2439.0,2446.0,0,0.0,0.0
2023-05-19 12:00:00+09:00,2445.0,2465.0,2423.0,2423.0,17400,0.0,0.0
2023-05-19 13:00:00+09:00,2426.0,2431.0,2415.0,2423.0,4800,0.0,0.0
2023-05-19 14:00:00+09:00,2416.0,2431.0,2414.0,2431.0,4700,0.0,0.0
2023-05-22 09:00:00+09:00,2411.0,2411.0,2365.0,2393.0,0,0.0,0.0
2023-05-22 10:00:00+09:00,2389.0,2399.0,2385.0,2399.0,4000,0.0,0.0
2023-05-22 11:00:00+09:00,2401.0,2407.0,2401.0,2407.0,0,0.0,0.0
2023-05-22 12:00:00+09:00,2412.0,2412.0,2391.0,2399.0,12700,0.0,0.0
2023-05-22 13:00:00+09:00,2399.0,2421.0,2399.0,2421.0,3800,0.0,0.0
2023-05-22 14:00:00+09:00,2417.0,2419.0,2409.0,2409.0,4500,0.0,0.0
2023-05-23 09:00:00+09:00,2409.0,2423.0,2372.0,2391.0,0,0.0,0.0
2023-05-23 10:00:00+09:00,2393.0,2400.0,2372.0,2389.0,20200,0.0,0.0
2023-05-23 11:00:00+09:00,2387.0,2387.0,2372.0,2372.0,0,0.0,0.0
2023-05-23 12:00:00+09:00,2372.0,2375.0,2342.0,2350.0,29700,0.0,0.0
2023-05-23 13:00:00+09:00,2347.0,2350.0,2325.0,2341.0,9400,0.0,0.0
2023-05-23 14:00:00+09:00,2343.0,2346.0,2339.0,2341.0,4300,0.0,0.0
2023-05-24 09:00:00+09:00,2337.0,2360.0,2327.0,2333.0,5600,0.0,0.0
2023-05-24 10:00:00+09:00,2332.0,2332.0,2292.0,2301.0,6900,0.0,0.0
2023-05-24 11:00:00+09:00,2301.0,2303.0,2298.0,2298.0,0,0.0,0.0
2023-05-24 12:00:00+09:00,2297.0,2301.0,2280.0,2293.0,18300,0.0,0.0
2023-05-24 13:00:00+09:00,2298.0,2301.0,2297.0,2297.0,0,0.0,0.0
2023-05-24 14:00:00+09:00,2297.0,2305.0,2282.0,2287.0,24800,0.0,0.0
2023-05-25 09:00:00+09:00,2270.0,2301.0,2268.0,2297.0,3000,0.0,0.0
2023-05-25 10:00:00+09:00,2292.0,2292.0,2245.0,2263.0,10700,0.0,0.0
2023-05-25 11:00:00+09:00,2262.0,2269.0,2262.0,2266.0,0,0.0,0.0
2023-05-25 12:00:00+09:00,2262.0,2280.0,2261.0,2280.0,17500,0.0,0.0
2023-05-25 13:00:00+09:00,2270.0,2281.0,2268.0,2272.0,4300,0.0,0.0
2023-05-25 14:00:00+09:00,2270.0,2286.0,2267.0,2277.0,6500,0.0,0.0
2023-05-26 09:00:00+09:00,2268.0,2268.0,2236.0,2256.0,29800,0.0,0.0
2023-05-26 10:00:00+09:00,2260.0,2263.0,2248.0,2261.0,3500,0.0,0.0
2023-05-26 11:00:00+09:00,2268.0,2268.0,2268.0,2268.0,0,0.0,0.0
2023-05-26 12:00:00+09:00,2263.0,2273.0,2252.0,2266.0,35500,0.0,0.0
2023-05-26 13:00:00+09:00,2266.0,2266.0,2262.0,2264.0,700,0.0,0.0
2023-05-26 14:00:00+09:00,2267.0,2270.0,2255.0,2257.0,5900,0.0,0.0
2023-05-29 09:00:00+09:00,2292.0,2292.0,2273.0,2285.0,3900,0.0,0.0
2023-05-29 10:00:00+09:00,2292.0,2296.0,2291.0,2296.0,900,0.0,0.0
2023-05-29 11:00:00+09:00,2295.0,2295.0,2293.0,2293.0,0,0.0,0.0
2023-05-29 12:00:00+09:00,2281.0,2291.0,2281.0,2291.0,5700,0.0,0.0
2023-05-29 13:00:00+09:00,2292.0,2296.0,2292.0,2296.0,300,0.0,0.0
2023-05-29 14:00:00+09:00,2292.0,2295.0,2279.0,2281.0,4200,0.0,0.0
2023-05-30 09:00:00+09:00,2264.0,2282.0,2241.0,2246.0,7300,0.0,0.0
2023-05-30 10:00:00+09:00,2239.0,2262.0,2239.0,2250.0,5900,0.0,0.0
2023-05-30 11:00:00+09:00,2250.0,2251.0,2250.0,2250.0,0,0.0,0.0
2023-05-30 12:00:00+09:00,2239.0,2260.0,2239.0,2260.0,15600,0.0,0.0
2023-05-30 13:00:00+09:00,2260.0,2264.0,2254.0,2255.0,3300,0.0,0.0
2023-05-30 14:00:00+09:00,2259.0,2262.0,2242.0,2242.0,3600,0.0,0.0
2023-05-31 09:00:00+09:00,2242.0,2242.0,2198.0,2215.0,5200,0.0,0.0
2023-05-31 10:00:00+09:00,2213.0,2227.0,2213.0,2220.0,3100,0.0,0.0
2023-05-31 11:00:00+09:00,2220.0,2220.0,2211.0,2215.0,0,0.0,0.0
2023-05-31 12:00:00+09:00,2209.0,2222.0,2209.0,2218.0,12000,0.0,0.0
2023-05-31 13:00:00+09:00,2214.0,2215.0,2200.0,2212.0,3500,0.0,0.0
2023-05-31 14:00:00+09:00,2209.0,2210.0,2197.0,2198.0,6400,0.0,0.0
2023-06-01 09:00:00+09:00,2190.0,2214.0,2183.0,2212.0,0,0.0,0.0
2023-06-01 10:00:00+09:00,2206.0,2230.0,2205.0,2230.0,0,0.0,0.0
2023-06-01 11:00:00+09:00,2224.0,2228.0,2220.0,2228.0,0,0.0,0.0
2023-06-01 12:00:00+09:00,2214.0,2228.0,2214.0,2225.0,8300,0.0,0.0
2023-06-01 13:00:00+09:00,2224.0,2228.0,2220.0,2224.0,1700,0.0,0.0
2023-06-01 14:00:00+09:00,2224.0,2233.0,2222.0,2226.0,3700,0.0,0.0
2023-06-02 09:00:00+09:00,2240.0,2264.0,2240.0,2259.0,2200,0.0,0.0
2023-06-02 10:00:00+09:00,2262.0,2286.0,2262.0,2280.0,1900,0.0,0.0
2023-06-02 11:00:00+09:00,2277.0,2283.0,2277.0,2283.0,0,0.0,0.0
2023-06-02 12:00:00+09:00,2272.0,2283.0,2265.0,2280.0,10100,0.0,0.0
2023-06-02 13:00:00+09:00,2282.0,2289.0,2280.0,2280.0,8900,0.0,0.0
2023-06-02 14:00:00+09:00,2277.0,2288.0,2269.0,2279.0,13900,0.0,0.0
2023-06-05 09:00:00+09:00,2280.0,2323.0,2280.0,2323.0,0,0.0,0.0
2023-06-05 10:00:00+09:00,2313.0,2330.0,2309.0,2327.0,4800,0.0,0.0
2023-06-05 11:00:00+09:00,2320.0,2325.0,2320.0,2325.0,0,0.0,0.0
2023-06-05 12:00:00+09:00,2344.0,2345.0,2337.0,2341.0,37800,0.0,0.0
2023-06-05 13:00:00+09:00,2345.0,2354.0,2342.0,2349.0,2500,0.0,0.0
2023-06-05 14:00:00+09:00,2341.0,2344.0,2334.0,2334.0,1700,0.0,0.0
2023-06-06 09:00:00+09:00,2345.0,2368.0,2338.0,2360.0,4100,0.0,0.0
2023-06-06 10:00:00+09:00,2365.0,2365.0,2349.0,2363.0,3600,0.0,0.0
2023-06-06 11:00:00+09:00,2363.0,2367.0,2363.0,2367.0,0,0.0,0.0
2023-06-06 12:00:00+09:00,2351.0,2365.0,2351.0,2363.0,10600,0.0,0.0
2023-06-06 13:00:00+09:00,2359.0,2365.0,2357.0,2357.0,2500,0.0,0.0
2023-06-06 14:00:00+09:00,2363.0,2367.0,2353.0,2355.0,4200,0.0,0.0
2023-06-07 09:00:00+09:00,2351.0,2367.0,2336.0,2336.0,7900,0.0,0.0
2023-06-07 10:00:00+09:00,2331.0,2331.0,2310.0,2330.0,3800,0.0,0.0
2023-06-07 11:00:00+09:00,2321.0,2325.0,2321.0,2325.0,0,0.0,0.0
2023-06-07 12:00:00+09:00,2318.0,2335.0,2318.0,2331.0,16900,0.0,0.0
2023-06-07 13:00:00+09:00,2329.0,2338.0,2309.0,2338.0,6300,0.0,0.0
2023-06-07 14:00:00+09:00,2335.0,2337.0,2319.0,2319.0,2600,0.0,0.0
2023-06-08 09:00:00+09:00,2306.0,2337.0,2306.0,2317.0,3500,0.0,0.0
2023-06-08 10:00:00+09:00,2317.0,2317.0,2300.0,2310.0,4100,0.0,0.0
2023-06-08 11:00:00+09:00,2310.0,2310.0,2304.0,2304.0,0,0.0,0.0
2023-06-08 12:00:00+09:00,2304.0,2304.0,2287.0,2289.0,11100,0.0,0.0
2023-06-08 13:00:00+09:00,2293.0,2295.0,2275.0,2278.0,5900,0.0,0.0
2023-06-08 14:00:00+09:00,2275.0,2296.0,2275.0,2296.0,3600,0.0,0.0
2023-06-09 09:00:00+09:00,2328.0,2346.0,2316.0,2346.0,9100,0.0,0.0
2023-06-09 10:00:00+09:00,2346.0,2350.0,2325.0,2331.0,5300,0.0,0.0
2023-06-09 11:00:00+09:00,2327.0,2338.0,2320.0,2338.0,0,0.0,0.0
2023-06-09 12:00:00+09:00,2319.0,2330.0,2319.0,2329.0,20900,0.0,0.0
2023-06-09 13:00:00+09:00,2329.0,2338.0,2324.0,2335.0,3500,0.0,0.0
2023-06-09 14:00:00+09:00,2335.0,2337.0,2332.0,2334.0,2700,0.0,0.0
2023-06-12 09:00:00+09:00,2368.0,2378.0,2356.0,2363.0,2600,0.0,0.0
2023-06-12 10:00:00+09:00,2365.0,2375.0,2365.0,2368.0,1500,0.0,0.0
2023-06-12 11:00:00+09:00,2364.0,2364.0,2360.0,2360.0,0,0.0,0.0
2023-06-12 12:00:00+09:00,2351.0,2374.0,2351.0,2369.0,8700,0.0,0.0
2023-06-12 13:00:00+09:00,2372.0,2372.0,2352.0,2355.0,3300,0.0,0.0
2023-06-12 14:00:00+09:00,2359.0,2364.0,2348.0,2355.0,6100,0.0,0.0
2023-06-13 09:00:00+09:00,2372.0,2372.0,2340.0,2340.0,5500,0.0,0.0
2023-06-13 10:00:00+09:00,2341.0,2345.0,2341.0,2342.0,1300,0.0,0.0
2023-06-13 11:00:00+09:00,2345.0,2345.0,2336.0,2336.0,0,0.0,0.0
2023-06-13 12:00:00+09:00,2340.0,2355.0,2340.0,2350.0,9700,0.0,0.0
2023-06-13 13:00:00+09:00,2345.0,2351.0,2337.0,2341.0,5800,0.0,0.0
2023-06-13 14:00:00+09:00,2346.0,2358.0,2340.0,2345.0,4500,0.0,0.0
2023-06-14 09:00:00+09:00,2341.0,2363.0,2341.0,2352.0,2900,0.0,0.0
2023-06-14 10:00:00+09:00,2353.0,2359.0,2353.0,2359.0,2000,0.0,0.0
2023-06-14 11:00:00+09:00,2354.0,2360.0,2350.0,2357.0,0,0.0,0.0
2023-06-14 12:00:00+09:00,2368.0,2372.0,2364.0,2370.0,8500,0.0,0.0
2023-06-14 13:00:00+09:00,2375.0,2387.0,2367.0,2387.0,5000,0.0,0.0
2023-06-14 14:00:00+09:00,2386.0,2396.0,2381.0,2384.0,5700,0.0,0.0
2023-06-15 09:00:00+09:00,2371.0,2389.0,2358.0,2380.0,2400,0.0,0.0
2023-06-15 10:00:00+09:00,2372.0,2372.0,2362.0,2370.0,2100,0.0,0.0
2023-06-15 11:00:00+09:00,2363.0,2386.0,2361.0,2380.0,0,0.0,0.0
2023-06-15 12:00:00+09:00,2376.0,2382.0,2375.0,2381.0,9100,0.0,0.0
2023-06-15 13:00:00+09:00,2382.0,2386.0,2372.0,2384.0,3600,0.0,0.0
2023-06-15 14:00:00+09:00,2381.0,2381.0,2365.0,2365.0,3100,0.0,0.0
2023-06-16 09:00:00+09:00,2393.0,2393.0,2355.0,2389.0,4400,0.0,0.0
2023-06-16 10:00:00+09:00,2375.0,2391.0,2375.0,2391.0,1600,0.0,0.0
2023-06-16 11:00:00+09:00,2387.0,2393.0,2387.0,2392.0,0,0.0,0.0
2023-06-16 12:00:00+09:00,2392.0,2407.0,2385.0,2402.0,12600,0.0,0.0
2023-06-16 13:00:00+09:00,2401.0,2403.0,2393.0,2393.0,1800,0.0,0.0
2023-06-16 14:00:00+09:00,2390.0,2400.0,2375.0,2375.0,14200,0.0,0.0
2023-06-19 09:00:00+09:00,2390.0,2452.0,2390.0,2438.0,8400,0.0,0.0
2023-06-19 10:00:00+09:00,2435.0,2448.0,2435.0,2437.0,2500,0.0,0.0
2023-06-19 11:00:00+09:00,2434.0,2437.0,2433.0,2437.0,0,0.0,0.0
2023-06-19 12:00:00+09:00,2437.0,2437.0,2420.0,2420.0,14600,0.0,0.0
2023-06-19 13:00:00+09:00,2421.0,2426.0,2406.0,2421.0,7300,0.0,0.0
2023-06-19 14:00:00+09:00,2413.0,2428.0,2412.0,2417.0,3500,0.0,0.0
2023-06-20 09:00:00+09:00,2388.0,2405.0,2376.0,2386.0,3900,0.0,0.0
2023-06-20 10:00:00+09:00,2386.0,2397.0,2380.0,2392.0,3200,0.0,0.0
2023-06-20 11:00:00+09:00,2393.0,2395.0,2387.0,2387.0,0,0.0,0.0
2023-06-20 12:00:00+09:00,2382.0,2389.0,2382.0,2389.0,8300,0.0,0.0
2023-06-20 13:00:00+09:00,2386.0,2394.0,2385.0,2388.0,2600,0.0,0.0
2023-06-20 14:00:00+09:00,2393.0,2398.0,2391.0,2394.0,2300,0.0,0.0
2023-06-21 09:00:00+09:00,2386.0,2431.0,2372.0,2422.0,5100,0.0,0.0
2023-06-21 10:00:00+09:00,2428.0,2440.0,2428.0,2432.0,3800,0.0,0.0
2023-06-21 11:00:00+09:00,2433.0,2433.0,2427.0,2428.0,0,0.0,0.0
2023-06-21 12:00:00+09:00,2428.0,2445.0,2427.0,2433.0,14400,0.0,0.0
2023-06-21 13:00:00+09:00,2432.0,2442.0,2432.0,2436.0,4700,0.0,0.0
2023-06-21 14:00:00+09:00,2435.0,2438.0,2421.0,2421.0,4500,0.0,0.0
2023-06-22 09:00:00+09:00,2425.0,2425.0,2404.0,2409.0,5100,0.0,0.0
2023-06-22 10:00:00+09:00,2417.0,2417.0,2400.0,2400.0,2300,0.0,0.0
2023-06-22 11:00:00+09:00,2395.0,2402.0,2394.0,2402.0,0,0.0,0.0
2023-06-22 12:00:00+09:00,2402.0,2428.0,2402.0,2428.0,11200,0.0,0.0
2023-06-22 13:00:00+09:00,2427.0,2428.0,2410.0,2427.0,5900,0.0,0.0
2023-06-22 14:00:00+09:00,2424.0,2429.0,2406.0,2415.0,6200,0.0,0.0
2023-06-23 09:00:00+09:00,2417.0,2433.0,2417.0,2427.0,2700,0.0,0.0
2023-06-23 10:00:00+09:00,2411.0,2411.0,2379.0,2383.0,3300,0.0,0.0
2023-06-23 11:00:00+09:00,2392.0,2392.0,2379.0,2379.0,0,0.0,0.0
2023-06-23 12:00:00+09:00,2375.0,2387.0,2365.0,2387.0,11900,0.0,0.0
2023-06-23 13:00:00+09:00,2380.0,2385.0,2380.0,2383.0,1900,0.0,0.0
2023-06-23 14:00:00+09:00,2384.0,2388.0,2380.0,2387.0,2400,0.0,0.0
2023-06-26 09:00:00+09:00,2382.0,2382.0,2345.0,2382.0,2800,0.0,0.0
2023-06-26 10:00:00+09:00,2385.0,2388.0,2378.0,2378.0,2800,0.0,0.0
2023-06-26 11:00:00+09:00,2376.0,2383.0,2376.0,2380.0,0,0.0,0.0
2023-06-26 12:00:00+09:00,2376.0,2376.0,2358.0,2358.0,10600,0.0,0.0
2023-06-26 13:00:00+09:00,2361.0,2366.0,2358.0,2359.0,3600,0.0,0.0
2023-06-26 14:00:00+09:00,2355.0,2357.0,2344.0,2344.0,3800,0.0,0.0
2023-06-27 09:00:00+09:00,2336.0,2342.0,2322.0,2342.0,0,0.0,0.0
2023-06-27 10:00:00+09:00,2328.0,2333.0,2323.0,2333.0,3500,0.0,0.0
2023-06-27 11:00:00+09:00,2327.0,2330.0,2327.0,2330.0,0,0.0,0.0
2023-06-27 12:00:00+09:00,2333.0,2348.0,2332.0,2348.0,6100,0.0,0.0
2023-06-27 13:00:00+09:00,2351.0,2351.0,2343.0,2343.0,2700,0.0,0.0
2023-06-27 14:00:00+09:00,2343.0,2345.0,2341.0,2342.0,2400,0.0,0.0
2023-06-28 09:00:00+09:00,2370.0,2401.0,2370.0,2400.0,3400,0.0,0.0
2023-06-28 10:00:00+09:00,2394.0,2399.0,2391.0,2396.0,2300,0.0,0.0
2023-06-28 11:00:00+09:00,2394.0,2399.0,2389.0,2399.0,0,0.0,0.0
2023-06-28 12:00:00+09:00,2399.0,2400.0,2399.0,2400.0,10000,0.0,0.0
2023-06-28 13:00:00+09:00,2397.0,2397.0,2387.0,2392.0,4000,0.0,0.0
2023-06-28 14:00:00+09:00,2393.0,2393.0,2381.0,2390.0,6100,0.0,0.0
2023-06-29 09:00:00+09:00,2390.0,2421.0,2390.0,2402.0,0,0.0,0.0
2023-06-29 10:00:00+09:00,2396.0,2410.0,2390.0,2410.0,2400,0.0,0.0
2023-06-29 11:00:00+09:00,2405.0,2412.0,2400.0,2412.0,0,0.0,0.0
2023-06-29 12:00:00+09:00,2401.0,2412.0,2397.0,2412.0,8600,0.0,0.0
2023-06-29 13:00:00+09:00,2413.0,2413.0,2406.0,2407.0,800,0.0,0.0
2023-06-29 14:00:00+09:00,2409.0,2411.0,2394.0,2405.0,1900,0.0,0.0
2023-06-30 09:00:00+09:00,2411.0,2411.0,2391.0,2404.0,2000,0.0,0.0
2023-06-30 10:00:00+09:00,2404.0,2414.0,2402.0,2402.0,1200,0.0,0.0
2023-06-30 11:00:00+09:00,2409.0,2418.0,2407.0,2418.0,0,0.0,0.0
2023-06-30 12:00:00+09:00,2426.0,2432.0,2420.0,2432.0,6700,0.0,0.0
2023-06-30 13:00:00+09:00,2433.0,2435.0,2429.0,2434.0,1800,0.0,0.0
2023-06-30 14:00:00+09:00,2437.0,2437.0,2420.0,2420.0,3300,0.0,0.0
2023-07-03 09:00:00+09:00,2444.0,2479.0,2444.0,2465.0,0,0.0,0.0
2023-07-03 11:00:00+09:00,2463.0,2470.0,2460.0,2463.0,0,0.0,0.0
2023-07-03 12:00:00+09:00,2473.0,2479.0,2460.0,2479.0,15800,0.0,0.0
2023-07-03 13:00:00+09:00,2477.0,2477.0,2464.0,2464.0,1100,0.0,0.0
2023-07-03 14:00:00+09:00,2468.0,2473.0,2462.0,2473.0,5300,0.0,0.0
2023-07-04 09:00:00+09:00,2473.0,2473.0,2449.0,2454.0,2600,0.0,0.0
2023-07-04 10:00:00+09:00,2454.0,2464.0,2447.0,2450.0,2400,0.0,0.0
2023-07-04 11:00:00+09:00,2450.0,2454.0,2447.0,2452.0,0,0.0,0.0
2023-07-04 12:00:00+09:00,2452.0,2458.0,2441.0,2458.0,8200,0.0,0.0
2023-07-04 13:00:00+09:00,2462.0,2462.0,2455.0,2459.0,4100,0.0,0.0
2023-07-04 14:00:00+09:00,2457.0,2461.0,2455.0,2461.0,1300,0.0,0.0
2023-07-05 09:00:00+09:00,2424.0,2424.0,2397.0,2418.0,6600,0.0,0.0
2023-07-05 10:00:00+09:00,2425.0,2440.0,2420.0,2432.0,5500,0.0,0.0
2023-07-05 11:00:00+09:00,2426.0,2436.0,2424.0,2434.0,0,0.0,0.0
2023-07-05 12:00:00+09:00,2434.0,2439.0,2434.0,2435.0,15100,0.0,0.0
2023-07-05 13:00:00+09:00,2437.0,2438.0,2435.0,2438.0,1700,0.0,0.0
2023-07-05 14:00:00+09:00,2440.0,2449.0,2439.0,2449.0,2300,0.0,0.0
2023-07-06 09:00:00+09:00,2449.0,2450.0,2402.0,2446.0,2600,0.0,0.0
2023-07-06 10:00:00+09:00,2448.0,2453.0,2441.0,2445.0,2000,0.0,0.0
2023-07-06 11:00:00+09:00,2442.0,2456.0,2442.0,2454.0,0,0.0,0.0
2023-07-06 12:00:00+09:00,2454.0,2454.0,2437.0,2437.0,7900,0.0,0.0
2023-07-06 13:00:00+09:00,2435.0,2447.0,2433.0,2444.0,2800,0.0,0.0
2023-07-06 14:00:00+09:00,2442.0,2442.0,2428.0,2428.0,3400,0.0,0.0
2023-07-07 09:00:00+09:00,2428.0,2526.0,2428.0,2525.0,17500,0.0,0.0
2023-07-07 10:00:00+09:00,2525.0,2527.0,2515.0,2523.0,7800,0.0,0.0
2023-07-07 11:00:00+09:00,2524.0,2530.0,2515.0,2520.0,0,0.0,0.0
2023-07-07 12:00:00+09:00,2528.0,2528.0,2500.0,2510.0,38200,0.0,0.0
2023-07-07 13:00:00+09:00,2511.0,2511.0,2503.0,2503.0,3400,0.0,0.0
2023-07-07 14:00:00+09:00,2504.0,2512.0,2488.0,2501.0,9700,0.0,0.0
2023-07-10 09:00:00+09:00,2480.0,2547.0,2478.0,2540.0,14000,0.0,0.0
2023-07-10 10:00:00+09:00,2536.0,2545.0,2528.0,2529.0,7700,0.0,0.0
2023-07-10 11:00:00+09:00,2529.0,2542.0,2526.0,2540.0,0,0.0,0.0
2023-07-10 12:00:00+09:00,2546.0,2580.0,2542.0,2565.0,33900,0.0,0.0
2023-07-10 13:00:00+09:00,2561.0,2569.0,2550.0,2550.0,6400,0.0,0.0
2023-07-10 14:00:00+09:00,2551.0,2560.0,2539.0,2551.0,10200,0.0,0.0
2023-07-11 09:00:00+09:00,2522.0,2522.0,2464.0,2500.0,8300,0.0,0.0
2023-07-11 10:00:00+09:00,2496.0,2522.0,2494.0,2517.0,3200,0.0,0.0
2023-07-11 11:00:00+09:00,2518.0,2529.0,2514.0,2517.0,0,0.0,0.0
2023-07-11 12:00:00+09:00,2517.0,2529.0,2517.0,2522.0,17300,0.0,0.0
2023-07-11 13:00:00+09:00,2520.0,2521.0,2514.0,2515.0,2400,0.0,0.0
2023-07-11 14:00:00+09:00,2515.0,2524.0,2515.0,2523.0,4800,0.0,0.0
2023-07-12 09:00:00+09:00,2525.0,2612.0,2525.0,2611.0,15400,0.0,0.0
2023-07-12 10:00:00+09:00,2608.0,2608.0,2588.0,2599.0,3800,0.0,0.0
2023-07-12 11:00:00+09:00,2591.0,2606.0,2588.0,2601.0,0,0.0,0.0
2023-07-12 12:00:00+09:00,2600.0,2606.0,2592.0,2594.0,28900,0.0,0.0
2023-07-12 13:00:00+09:00,2592.0,2592.0,2559.0,2559.0,3300,0.0,0.0
2023-07-12 14:00:00+09:00,2561.0,2561.0,2535.0,2551.0,7300,0.0,0.0
2023-07-13 09:00:00+09:00,2588.0,2622.0,2575.0,2617.0,17800,0.0,0.0
2023-07-13 10:00:00+09:00,2617.0,2630.0,2605.0,2615.0,11500,0.0,0.0
2023-07-13 11:00:00+09:00,2615.0,2616.0,2604.0,2604.0,0,0.0,0.0
2023-07-13 12:00:00+09:00,2604.0,2604.0,2593.0,2602.0,36300,0.0,0.0
2023-07-13 13:00:00+09:00,2602.0,2617.0,2602.0,2603.0,10100,0.0,0.0
2023-07-13 14:00:00+09:00,2608.0,2618.0,2605.0,2618.0,14400,0.0,0.0
2023-07-14 09:00:00+09:00,2634.0,2650.0,2614.0,2614.0,17700,0.0,0.0
2023-07-14 10:00:00+09:00,2611.0,2633.0,2608.0,2627.0,5100,0.0,0.0
2023-07-14 11:00:00+09:00,2628.0,2643.0,2626.0,2640.0,0,0.0,0.0
2023-07-14 12:00:00+09:00,2640.0,2653.0,2606.0,2606.0,34200,0.0,0.0
2023-07-14 13:00:00+09:00,2613.0,2617.0,2604.0,2606.0,2500,0.0,0.0
2023-07-14 14:00:00+09:00,2608.0,2608.0,2580.0,2580.0,9700,0.0,0.0
2023-07-18 09:00:00+09:00,2589.0,2649.0,2572.0,2640.0,8700,0.0,0.0
2023-07-18 10:00:00+09:00,2640.0,2647.0,2637.0,2643.0,2900,0.0,0.0
2023-07-18 11:00:00+09:00,2642.0,2642.0,2635.0,2635.0,0,0.0,0.0
2023-07-18 12:00:00+09:00,2631.0,2631.0,2620.0,2620.0,13600,0.0,0.0
2023-07-18 13:00:00+09:00,2616.0,2616.0,2601.0,2603.0,2700,0.0,0.0
2023-07-18 14:00:00+09:00,2601.0,2604.0,2592.0,2603.0,4000,0.0,0.0
2023-07-19 09:00:00+09:00,2608.0,2695.0,2595.0,2685.0,25500,0.0,0.0
2023-07-19 10:00:00+09:00,2694.0,2716.0,2694.0,2705.0,15200,0.0,0.0
2023-07-19 11:00:00+09:00,2701.0,2703.0,2688.0,2701.0,0,0.0,0.0
2023-07-19 12:00:00+09:00,2700.0,2716.0,2695.0,2710.0,51500,0.0,0.0
2023-07-19 13:00:00+09:00,2708.0,2717.0,2700.0,2717.0,5500,0.0,0.0
2023-07-19 14:00:00+09:00,2716.0,2723.0,2702.0,2712.0,20800,0.0,0.0
2023-07-20 09:00:00+09:00,2714.0,2770.0,2714.0,2736.0,22300,0.0,0.0
2023-07-20 10:00:00+09:00,2736.0,2741.0,2701.0,2725.0,9300,0.0,0.0
2023-07-20 11:00:00+09:00,2723.0,2725.0,2706.0,2708.0,0,0.0,0.0
2023-07-20 12:00:00+09:00,2700.0,2709.0,2700.0,2709.0,38800,0.0,0.0
2023-07-20 13:00:00+09:00,2718.0,2720.0,2702.0,2720.0,2700,0.0,0.0
2023-07-20 14:00:00+09:00,2722.0,2729.0,2710.0,2717.0,6500,0.0,0.0
2023-07-21 09:00:00+09:00,2718.0,2718.0,2681.0,2709.0,0,0.0,0.0
2023-07-21 10:00:00+09:00,2702.0,2702.0,2690.0,2696.0,4700,0.0,0.0
2023-07-21 11:00:00+09:00,2690.0,2691.0,2688.0,2691.0,0,0.0,0.0
2023-07-21 12:00:00+09:00,2691.0,2712.0,2691.0,2699.0,6400,0.0,0.0
2023-07-21 13:00:00+09:00,2693.0,2707.0,2689.0,2707.0,0,0.0,0.0
2023-07-21 14:00:00+09:00,2707.0,2711.0,2703.0,2710.0,9800,0.0,0.0
2023-07-24 09:00:00+09:00,2752.0,2753.0,2730.0,2736.0,1900,0.0,0.0
2023-07-24 10:00:00+09:00,2737.0,2739.0,2737.0,2739.0,500,0.0,0.0
2023-07-24 11:00:00+09:00,2735.0,2735.0,2729.0,2729.0,0,0.0,0.0
2023-07-24 12:00:00+09:00,2730.0,2737.0,2726.0,2726.0,3500,0.0,0.0
2023-07-24 13:00:00+09:00,2726.0,2734.0,2722.0,2726.0,3200,0.0,0.0
2023-07-24 14:00:00+09:00,2725.0,2732.0,2718.0,2727.0,3200,0.0,0.0
2023-07-25 09:00:00+09:00,2743.0,2743.0,2691.0,2706.0,1700,0.0,0.0
2023-07-25 10:00:00+09:00,2715.0,2715.0,2690.0,2699.0,2100,0.0,0.0
2023-07-25 11:00:00+09:00,2696.0,2696.0,2696.0,2696.0,0,0.0,0.0
2023-07-25 12:00:00+09:00,2699.0,2710.0,2696.0,2701.0,5900,0.0,0.0
2023-07-25 13:00:00+09:00,2708.0,2711.0,2700.0,2706.0,1000,0.0,0.0
2023-07-25 14:00:00+09:00,2705.0,2707.0,2692.0,2693.0,2200,0.0,0.0
2023-07-26 09:00:00+09:00,2713.0,2713.0,2686.0,2692.0,1600,0.0,0.0
2023-07-26 10:00:00+09:00,2696.0,2696.0,2688.0,2691.0,900,0.0,0.0
2023-07-26 11:00:00+09:00,2691.0,2691.0,2691.0,2691.0,0,0.0,0.0
2023-07-26 12:00:00+09:00,2692.0,2695.0,2691.0,2693.0,3300,0.0,0.0
2023-07-26 13:00:00+09:00,2689.0,2710.0,2679.0,2710.0,7900,0.0,0.0
2023-07-26 14:00:00+09:00,2709.0,2709.0,2681.0,2690.0,5300,0.0,0.0
2023-07-27 09:00:00+09:00,2687.0,2700.0,2677.0,2695.0,3500,0.0,0.0
2023-07-27 10:00:00+09:00,2695.0,2714.0,2692.0,2708.0,2800,0.0,0.0
2023-07-27 11:00:00+09:00,2705.0,2710.0,2699.0,2710.0,0,0.0,0.0
2023-07-27 12:00:00+09:00,2710.0,2717.0,2710.0,2711.0,9000,0.0,0.0
2023-07-27 13:00:00+09:00,2711.0,2734.0,2704.0,2733.0,6000,0.0,0.0
2023-07-27 14:00:00+09:00,2735.0,2735.0,2726.0,2729.0,4300,0.0,0.0
2023-07-28 09:00:00+09:00,2697.0,2708.0,2670.0,2689.0,6500,0.0,0.0
2023-07-28 10:00:00+09:00,2677.0,2690.0,2677.0,2687.0,2100,0.0,0.0
2023-07-28 11:00:00+09:00,2682.0,2682.0,2681.0,2681.0,0,0.0,0.0
2023-07-28 12:00:00+09:00,2676.0,2706.0,2662.0,2665.0,17800,0.0,0.0
2023-07-28 13:00:00+09:00,2655.0,2655.0,2632.0,2639.0,6500,0.0,0.0
2023-07-28 14:00:00+09:00,2638.0,2649.0,2631.0,2641.0,8700,0.0,0.0
2023-07-31 09:00:00+09:00,2690.0,2720.0,2690.0,2718.0,14200,0.0,0.0
2023-07-31 10:00:00+09:00,2722.0,2722.0,2707.0,2713.0,2700,0.0,0.0
2023-07-31 11:00:00+09:00,2714.0,2714.0,2712.0,2712.0,0,0.0,0.0
2023-07-31 12:00:00+09:00,2712.0,2712.0,2708.0,2711.0,19100,0.0,0.0
2023-07-31 13:00:00+09:00,2713.0,2721.0,2712.0,2720.0,2100,0.0,0.0
2023-07-31 14:00:00+09:00,2720.0,2727.0,2719.0,2724.0,4400,0.0,0.0
2023-08-01 09:00:00+09:00,2687.0,2730.0,2687.0,2700.0,2800,0.0,0.0
2023-08-01 10:00:00+09:00,2696.0,2697.0,2678.0,2686.0,6800,0.0,0.0
2023-08-01 11:00:00+09:00,2689.0,2690.0,2685.0,2686.0,0,0.0,0.0
2023-08-01 12:00:00+09:00,2681.0,2684.0,2676.0,2682.0,15000,0.0,0.0
2023-08-01 13:00:00+09:00,2680.0,2680.0,2665.0,2671.0,1900,0.0,0.0
2023-08-01 14:00:00+09:00,2673.0,2677.0,2659.0,2659.0,3400,0.0,0.0
2023-08-02 09:00:00+09:00,2662.0,2666.0,2642.0,2657.0,5100,0.0,0.0
2023-08-02 10:00:00+09:00,2660.0,2660.0,2636.0,2636.0,3200,0.0,0.0
2023-08-02 11:00:00+09:00,2642.0,2642.0,2622.0,2622.0,0,0.0,0.0
2023-08-02 12:00:00+09:00,2622.0,2632.0,2622.0,2624.0,11600,0.0,0.0
2023-08-02 13:00:00+09:00,2626.0,2626.0,2603.0,2606.0,3300,0.0,0.0
2023-08-02 14:00:00+09:00,2605.0,2626.0,2605.0,2619.0,4200,0.0,0.0
2023-08-03 09:00:00+09:00,2584.0,2630.0,2560.0,2590.0,7400,0.0,0.0
2023-08-03 10:00:00+09:00,2593.0,2600.0,2584.0,2595.0,2800,0.0,0.0
2023-08-03 11:00:00+09:00,2592.0,2602.0,2592.0,2595.0,0,0.0,0.0
2023-08-03 12:00:00+09:00,2601.0,2601.0,2590.0,2600.0,13200,0.0,0.0
2023-08-03 13:00:00+09:00,2599.0,2599.0,2579.0,2581.0,2800,0.0,0.0
2023-08-03 14:00:00+09:00,2578.0,2591.0,2575.0,2582.0,9400,0.0,0.0
2023-08-04 09:00:00+09:00,2571.0,2602.0,2565.0,2602.0,3900,0.0,0.0
2023-08-04 10:00:00+09:00,2602.0,2610.0,2590.0,2592.0,2100,0.0,0.0
2023-08-04 11:00:00+09:00,2584.0,2584.0,2584.0,2584.0,0,0.0,0.0
2023-08-04 12:00:00+09:00,2592.0,2592.0,2576.0,2584.0,8400,0.0,0.0
2023-08-04 13:00:00+09:00,2581.0,2582.0,2571.0,2571.0,900,0.0,0.0
2023-08-04 14:00:00+09:00,2572.0,2576.0,2564.0,2571.0,6300,0.0,0.0
2023-08-07 09:00:00+09:00,2560.0,2562.0,2533.0,2550.0,8800,0.0,0.0
2023-08-07 10:00:00+09:00,2565.0,2573.0,2556.0,2563.0,1600,0.0,0.0
2023-08-07 11:00:00+09:00,2567.0,2568.0,2558.0,2561.0,0,0.0,0.0
2023-08-07 12:00:00+09:00,2570.0,2572.0,2551.0,2569.0,12800,0.0,0.0
2023-08-07 13:00:00+09:00,2566.0,2570.0,2553.0,2565.0,2600,0.0,0.0
2023-08-07 14:00:00+09:00,2565.0,2580.0,2558.0,2573.0,8600,0.0,0.0
2023-08-08 09:00:00+09:00,2632.0,2651.0,2611.0,2627.0,26700,0.0,0.0
2023-08-08 10:00:00+09:00,2622.0,2626.0,2603.0,2614.0,12400,0.0,0.0
2023-08-08 11:00:00+09:00,2610.0,2617.0,2606.0,2611.0,0,0.0,0.0
2023-08-08 12:00:00+09:00,2611.0,2618.0,2588.0,2588.0,50700,0.0,0.0
2023-08-08 13:00:00+09:00,2585.0,2597.0,2572.0,2597.0,14400,0.0,0.0
2023-08-08 14:00:00+09:00,2594.0,2600.0,2586.0,2586.0,16600,0.0,0.0
2023-08-09 09:00:00+09:00,2143.0,2200.0,2093.0,2118.0,220800,0.0,0.0
2023-08-09 10:00:00+09:00,2110.0,2124.0,2093.0,2101.0,102200,0.0,0.0
2023-08-09 11:00:00+09:00,2101.0,2105.0,2097.0,2097.0,0,0.0,0.0
2023-08-09 12:00:00+09:00,2097.0,2097.0,2093.0,2094.0,391800,0.0,0.0
2023-08-09 13:00:00+09:00,2094.0,2098.0,2093.0,2093.0,45400,0.0,0.0
2023-08-09 14:00:00+09:00,2093.0,2096.0,2093.0,2093.0,33800,0.0,0.0
2023-08-10 09:00:00+09:00,2076.0,2103.0,2055.0,2074.0,60600,0.0,0.0
2023-08-10 10:00:00+09:00,2077.0,2086.0,2061.0,2064.0,11800,0.0,0.0
2023-08-10 11:00:00+09:00,2062.0,2063.0,2056.0,2063.0,0,0.0,0.0
2023-08-10 12:00:00+09:00,2077.0,2077.0,2059.0,2063.0,90800,0.0,0.0
2023-08-10 13:00:00+09:00,2064.0,2065.0,2054.0,2061.0,17500,0.0,0.0
2023-08-10 14:00:00+09:00,2060.0,2063.0,2053.0,2058.0,17600,0.0,0.0
2023-08-14 09:00:00+09:00,2063.0,2080.0,2043.0,2068.0,27000,0.0,0.0
2023-08-14 10:00:00+09:00,2060.0,2060.0,2049.0,2057.0,7500,0.0,0.0
2023-08-14 11:00:00+09:00,2053.0,2054.0,2044.0,2046.0,0,0.0,0.0
2023-08-14 12:00:00+09:00,2045.0,2046.0,2022.0,2027.0,56600,0.0,0.0
2023-08-14 13:00:00+09:00,2025.0,2026.0,2014.0,2015.0,10500,0.0,0.0
2023-08-14 14:00:00+09:00,2016.0,2022.0,2012.0,2019.0,18100,0.0,0.0
2023-08-15 09:00:00+09:00,2009.0,2018.0,1975.0,2000.0,29200,0.0,0.0
2023-08-15 10:00:00+09:00,2003.0,2028.0,1999.0,2002.0,13400,0.0,0.0
2023-08-15 11:00:00+09:00,2002.0,2006.0,2000.0,2006.0,0,0.0,0.0
2023-08-15 12:00:00+09:00,2006.0,2020.0,2006.0,2020.0,48600,0.0,0.0
2023-08-15 13:00:00+09:00,2022.0,2029.0,2017.0,2024.0,5700,0.0,0.0
2023-08-15 14:00:00+09:00,2026.0,2043.0,2020.0,2024.0,13700,0.0,0.0
2023-08-16 09:00:00+09:00,2014.0,2022.0,1997.0,2011.0,14300,0.0,0.0
2023-08-16 10:00:00+09:00,2011.0,2028.0,2006.0,2009.0,4300,0.0,0.0
2023-08-16 11:00:00+09:00,2009.0,2018.0,2008.0,2018.0,0,0.0,0.0
2023-08-16 12:00:00+09:00,2017.0,2022.0,2013.0,2022.0,23400,0.0,0.0
2023-08-16 13:00:00+09:00,2020.0,2032.0,2018.0,2032.0,7800,0.0,0.0
2023-08-16 14:00:00+09:00,2031.0,2031.0,2013.0,2019.0,11600,0.0,0.0
2023-08-17 09:00:00+09:00,2047.0,2052.0,1996.0,2006.0,29500,0.0,0.0
2023-08-17 10:00:00+09:00,2003.0,2005.0,1980.0,1988.0,20500,0.0,0.0
2023-08-17 11:00:00+09:00,1989.0,2000.0,1983.0,2000.0,0,0.0,0.0
2023-08-17 12:00:00+09:00,1998.0,2006.0,1990.0,1996.0,63000,0.0,0.0
2023-08-17 13:00:00+09:00,1998.0,2001.0,1993.0,1998.0,12800,0.0,0.0
2023-08-17 14:00:00+09:00,1997.0,2000.0,1994.0,1997.0,6000,0.0,0.0
2023-08-18 09:00:00+09:00,1977.0,1982.0,1942.0,1960.0,32500,0.0,0.0
2023-08-18 10:00:00+09:00,1960.0,1976.0,1959.0,1976.0,5600,0.0,0.0
2023-08-18 11:00:00+09:00,1977.0,1983.0,1977.0,1979.0,0,0.0,0.0
2023-08-18 12:00:00+09:00,1990.0,1990.0,1971.0,1975.0,44200,0.0,0.0
2023-08-18 13:00:00+09:00,1975.0,1981.0,1968.0,1968.0,4000,0.0,0.0
2023-08-18 14:00:00+09:00,1967.0,1967.0,1960.0,1966.0,6200,0.0,0.0
2023-08-21 09:00:00+09:00,1970.0,2006.0,1970.0,1993.0,11500,0.0,0.0
2023-08-21 10:00:00+09:00,1990.0,1998.0,1978.0,1986.0,4300,0.0,0.0
2023-08-21 11:00:00+09:00,1989.0,2003.0,1989.0,1998.0,0,0.0,0.0
2023-08-21 12:00:00+09:00,1998.0,2008.0,1998.0,2004.0,20400,0.0,0.0
2023-08-21 13:00:00+09:00,2003.0,2020.0,2001.0,2013.0,11600,0.0,0.0
2023-08-21 14:00:00+09:00,2011.0,2012.0,2004.0,2007.0,2500,0.0,0.0
2023-08-22 09:00:00+09:00,2006.0,2015.0,1995.0,1995.0,7700,0.0,0.0
2023-08-22 10:00:00+09:00,1996.0,1996.0,1993.0,1996.0,4100,0.0,0.0
2023-08-22 11:00:00+09:00,1997.0,1998.0,1993.0,1993.0,0,0.0,0.0
2023-08-22 12:00:00+09:00,1995.0,2005.0,1995.0,2005.0,14200,0.0,0.0
2023-08-22 13:00:00+09:00,2001.0,2001.0,1992.0,1992.0,2500,0.0,0.0
2023-08-22 14:00:00+09:00,1993.0,1999.0,1993.0,1999.0,3400,0.0,0.0
2023-08-23 09:00:00+09:00,1995.0,2002.0,1987.0,1999.0,4800,0.0,0.0
2023-08-23 10:00:00+09:00,2002.0,2004.0,1994.0,1998.0,4700,0.0,0.0
2023-08-23 11:00:00+09:00,1999.0,2007.0,1995.0,1998.0,0,0.0,0.0
2023-08-23 12:00:00+09:00,1998.0,2002.0,1995.0,1997.0,16600,0.0,0.0
2023-08-23 13:00:00+09:00,1997.0,2011.0,1997.0,2011.0,3200,0.0,0.0
2023-08-23 14:00:00+09:00,2009.0,2010.0,1995.0,2002.0,22700,0.0,0.0
2023-08-24 09:00:00+09:00,2006.0,2012.0,1997.0,1997.0,12500,0.0,0.0
2023-08-24 10:00:00+09:00,1996.0,1996.0,1988.0,1988.0,4600,0.0,0.0
2023-08-24 11:00:00+09:00,1988.0,1997.0,1988.0,1997.0,0,0.0,0.0
2023-08-24 12:00:00+09:00,1998.0,2004.0,1997.0,1997.0,20800,0.0,0.0
2023-08-24 13:00:00+09:00,1997.0,2015.0,1996.0,2012.0,11000,0.0,0.0
2023-08-24 14:00:00+09:00,2010.0,2012.0,2004.0,2005.0,6400,0.0,0.0
2023-08-25 09:00:00+09:00,1999.0,1999.0,1979.0,1992.0,10000,0.0,0.0
2023-08-25 10:00:00+09:00,1988.0,1991.0,1979.0,1982.0,5900,0.0,0.0
2023-08-25 11:00:00+09:00,1984.0,1999.0,1980.0,1995.0,0,0.0,0.0
2023-08-25 12:00:00+09:00,1990.0,1998.0,1990.0,1998.0,22600,0.0,0.0
2023-08-25 13:00:00+09:00,1994.0,1999.0,1985.0,1988.0,9900,0.0,0.0
2023-08-25 14:00:00+09:00,1990.0,1990.0,1978.0,1983.0,12800,0.0,0.0
2023-08-28 09:00:00+09:00,1999.0,2002.0,1990.0,1995.0,6000,0.0,0.0
2023-08-28 10:00:00+09:00,1997.0,2003.0,1994.0,1996.0,5400,0.0,0.0
2023-08-28 11:00:00+09:00,1994.0,1994.0,1982.0,1982.0,0,0.0,0.0
2023-08-28 12:00:00+09:00,1986.0,1988.0,1978.0,1986.0,22900,0.0,0.0
2023-08-28 13:00:00+09:00,1986.0,1988.0,1984.0,1986.0,1800,0.0,0.0
2023-08-28 14:00:00+09:00,1988.0,1989.0,1981.0,1983.0,5200,0.0,0.0
2023-08-29 09:00:00+09:00,1991.0,2000.0,1987.0,1997.0,0,0.0,0.0
2023-08-29 10:00:00+09:00,1995.0,1999.0,1986.0,1994.0,21600,0.0,0.0
2023-08-29 11:00:00+09:00,1990.0,1994.0,1990.0,1992.0,0,0.0,0.0
2023-08-29 12:00:00+09:00,1998.0,1998.0,1989.0,1993.0,30500,0.0,0.0
2023-08-29 13:00:00+09:00,1997.0,2007.0,1996.0,1998.0,49300,0.0,0.0
2023-08-29 14:00:00+09:00,2000.0,2012.0,1999.0,2000.0,35000,0.0,0.0
2023-08-30 09:00:00+09:00,2021.0,2030.0,2010.0,2010.0,44800,0.0,0.0
2023-08-30 10:00:00+09:00,2010.0,2017.0,2006.0,2012.0,3600,0.0,0.0
2023-08-30 11:00:00+09:00,2014.0,2015.0,2003.0,2007.0,0,0.0,0.0
2023-08-30 12:00:00+09:00,2008.0,2008.0,2002.0,2002.0,60900,0.0,0.0
2023-08-30 13:00:00+09:00,2001.0,2006.0,2000.0,2004.0,4000,0.0,0.0
2023-08-30 14:00:00+09:00,2004.0,2005.0,1990.0,1997.0,11100,0.0,0.0
2023-08-31 09:00:00+09:00,1999.0,2007.0,1996.0,2005.0,9300,0.0,0.0
2023-08-31 10:00:00+09:00,2002.0,2002.0,1999.0,2000.0,6000,0.0,0.0
2023-08-31 11:00:00+09:00,2000.0,2006.0,2000.0,2002.0,0,0.0,0.0
2023-08-31 12:00:00+09:00,2002.0,2012.0,2002.0,2005.0,27200,0.0,0.0
2023-08-31 13:00:00+09:00,2008.0,2009.0,2005.0,2006.0,4600,0.0,0.0
2023-08-31 14:00:00+09:00,2006.0,2010.0,2002.0,2003.0,10800,0.0,0.0
2023-09-01 09:00:00+09:00,2002.0,2010.0,1991.0,2003.0,18600,0.0,0.0
2023-09-01 10:00:00+09:00,2000.0,2000.0,1994.0,1995.0,9000,0.0,0.0
2023-09-01 11:00:00+09:00,1995.0,1998.0,1994.0,1998.0,0,0.0,0.0
2023-09-01 12:00:00+09:00,1998.0,1999.0,1994.0,1999.0,30900,0.0,0.0
2023-09-01 13:00:00+09:00,1997.0,2001.0,1997.0,2000.0,6300,0.0,0.0
2023-09-01 14:00:00+09:00,2000.0,2004.0,1999.0,2001.0,3100,0.0,0.0
2023-09-04 09:00:00+09:00,2012.0,2035.0,2012.0,2025.0,0,0.0,0.0
2023-09-04 10:00:00+09:00,2024.0,2025.0,2022.0,2025.0,13700,0.0,0.0
2023-09-04 11:00:00+09:00,2024.0,2027.0,2016.0,2016.0,0,0.0,0.0
2023-09-04 12:00:00+09:00,2016.0,2018.0,2014.0,2018.0,19800,0.0,0.0
2023-09-04 13:00:00+09:00,2016.0,2028.0,2012.0,2023.0,3500,0.0,0.0
2023-09-04 14:00:00+09:00,2025.0,2030.0,2023.0,2029.0,3700,0.0,0.0
2023-09-05 09:00:00+09:00,2029.0,2037.0,2021.0,2030.0,7900,0.0,0.0
2023-09-05 10:00:00+09:00,2028.0,2032.0,2025.0,2032.0,700,0.0,0.0
2023-09-05 11:00:00+09:00,2031.0,2031.0,2025.0,2025.0,0,0.0,0.0
2023-09-05 12:00:00+09:00,2029.0,2029.0,2028.0,2028.0,9700,0.0,0.0
2023-09-05 13:00:00+09:00,2028.0,2031.0,2023.0,2027.0,4100,0.0,0.0
2023-09-05 14:00:00+09:00,2028.0,2049.0,2028.0,2048.0,13400,0.0,0.0
2023-09-06 09:00:00+09:00,2040.0,2047.0,2038.0,2038.0,6800,0.0,0.0
2023-09-06 10:00:00+09:00,2036.0,2039.0,2032.0,2037.0,4200,0.0,0.0
2023-09-06 11:00:00+09:00,2034.0,2041.0,2034.0,2041.0,0,0.0,0.0
2023-09-06 12:00:00+09:00,2041.0,2042.0,2038.0,2041.0,15400,0.0,0.0
2023-09-06 13:00:00+09:00,2039.0,2041.0,2036.0,2039.0,2800,0.0,0.0
2023-09-06 14:00:00+09:00,2036.0,2042.0,2032.0,2040.0,4500,0.0,0.0
2023-09-07 09:00:00+09:00,2033.0,2040.0,2022.0,2031.0,18400,0.0,0.0
2023-09-07 10:00:00+09:00,2031.0,2038.0,2021.0,2026.0,7000,0.0,0.0
2023-09-07 11:00:00+09:00,2027.0,2036.0,2027.0,2036.0,0,0.0,0.0
2023-09-07 12:00:00+09:00,2039.0,2044.0,2030.0,2044.0,34500,0.0,0.0
2023-09-07 13:00:00+09:00,2041.0,2041.0,2022.0,2025.0,10100,0.0,0.0
2023-09-07 14:00:00+09:00,2026.0,2031.0,2020.0,2024.0,8800,0.0,0.0
2023-09-08 09:00:00+09:00,2018.0,2035.0,2009.0,2015.0,9600,0.0,0.0
2023-09-08 10:00:00+09:00,2019.0,2021.0,2006.0,2009.0,5900,0.0,0.0
2023-09-08 11:00:00+09:00,2008.0,2017.0,2000.0,2017.0,0,0.0,0.0
2023-09-08 12:00:00+09:00,2010.0,2019.0,2010.0,2015.0,22200,0.0,0.0
2023-09-08 13:00:00+09:00,2015.0,2016.0,2013.0,2015.0,1500,0.0,0.0
2023-09-08 14:00:00+09:00,2012.0,2021.0,2012.0,2018.0,5700,0.0,0.0
2023-09-11 09:00:00+09:00,2020.0,2028.0,2006.0,2011.0,5700,0.0,0.0
2023-09-11 10:00:00+09:00,2009.0,2009.0,1991.0,1997.0,12900,0.0,0.0
2023-09-11 11:00:00+09:00,1996.0,1998.0,1993.0,1995.0,0,0.0,0.0
2023-09-11 12:00:00+09:00,1998.0,1998.0,1992.0,1996.0,27100,0.0,0.0
2023-09-11 13:00:00+09:00,1998.0,2003.0,1996.0,2000.0,2400,0.0,0.0
2023-09-11 14:00:00+09:00,2001.0,2007.0,1998.0,2006.0,2500,0.0,0.0
2023-09-12 09:00:00+09:00,2003.0,2022.0,2003.0,2015.0,2700,0.0,0.0
2023-09-12 10:00:00+09:00,2013.0,2013.0,2003.0,2007.0,4800,0.0,0.0
2023-09-12 11:00:00+09:00,2006.0,2012.0,2003.0,2010.0,0,0.0,0.0
2023-09-12 12:00:00+09:00,2010.0,2020.0,2010.0,2019.0,14700,0.0,0.0
2023-09-12 13:00:00+09:00,2019.0,2019.0,2006.0,2013.0,9500,0.0,0.0
2023-09-12 14:00:00+09:00,2015.0,2016.0,2008.0,2008.0,10600,0.0,0.0
2023-09-13 09:00:00+09:00,2008.0,2014.0,1996.0,2009.0,10300,0.0,0.0
2023-09-13 10:00:00+09:00,2007.0,2010.0,2005.0,2009.0,1500,0.0,0.0
2023-09-13 11:00:00+09:00,2011.0,2014.0,2004.0,2004.0,0,0.0,0.0
2023-09-13 12:00:00+09:00,2006.0,2014.0,2001.0,2014.0,15400,0.0,0.0
2023-09-13 13:00:00+09:00,2014.0,2025.0,2011.0,2025.0,0,0.0,0.0
2023-09-13 14:00:00+09:00,2022.0,2022.0,2009.0,2009.0,25000,0.0,0.0
2023-09-14 09:00:00+09:00,2011.0,2022.0,2004.0,2011.0,11200,0.0,0.0
2023-09-14 10:00:00+09:00,2011.0,2019.0,2011.0,2019.0,1900,0.0,0.0
2023-09-14 11:00:00+09:00,2019.0,2022.0,2018.0,2018.0,0,0.0,0.0
2023-09-14 12:00:00+09:00,2017.0,2026.0,2017.0,2025.0,18800,0.0,0.0
2023-09-14 13:00:00+09:00,2024.0,2031.0,2023.0,2029.0,4600,0.0,0.0
2023-09-14 14:00:00+09:00,2028.0,2030.0,2025.0,2027.0,4400,0.0,0.0
2023-09-15 09:00:00+09:00,2030.0,2047.0,2014.0,2043.0,9800,0.0,0.0
2023-09-15 10:00:00+09:00,2043.0,2050.0,2037.0,2037.0,5700,0.0,0.0
2023-09-15 11:00:00+09:00,2037.0,2045.0,2037.0,2041.0,0,0.0,0.0
2023-09-15 12:00:00+09:00,2041.0,2041.0,2036.0,2037.0,19600,0.0,0.0
2023-09-15 13:00:00+09:00,2034.0,2039.0,2033.0,2036.0,3400,0.0,0.0
2023-09-15 14:00:00+09:00,2037.0,2040.0,2026.0,2032.0,6600,0.0,0.0
2023-09-19 09:00:00+09:00,2022.0,2060.0,2022.0,2052.0,0,0.0,0.0
2023-09-19 10:00:00+09:00,2052.0,2075.0,2050.0,2072.0,18900,0.0,0.0
2023-09-19 11:00:00+09:00,2076.0,2079.0,2070.0,2074.0,0,0.0,0.0
2023-09-19 12:00:00+09:00,2067.0,2083.0,2063.0,2079.0,52800,0.0,0.0
2023-09-19 13:00:00+09:00,2080.0,2084.0,2076.0,2077.0,7500,0.0,0.0
2023-09-19 14:00:00+09:00,2079.0,2079.0,2070.0,2073.0,5400,0.0,0.0
2023-09-20 09:00:00+09:00,2080.0,2084.0,2057.0,2057.0,8300,0.0,0.0
2023-09-20 10:00:00+09:00,2057.0,2058.0,2043.0,2049.0,5000,0.0,0.0
2023-09-20 11:00:00+09:00,2045.0,2051.0,2040.0,2040.0,0,0.0,0.0
2023-09-20 12:00:00+09:00,2040.0,2043.0,2035.0,2040.0,19000,0.0,0.0
2023-09-20 13:00:00+09:00,2039.0,2041.0,2025.0,2026.0,19300,0.0,0.0
2023-09-20 14:00:00+09:00,2029.0,2029.0,2018.0,2018.0,13400,0.0,0.0
2023-09-21 09:00:00+09:00,2029.0,2037.0,2020.0,2020.0,7000,0.0,0.0
2023-09-21 10:00:00+09:00,2020.0,2022.0,2013.0,2015.0,3100,0.0,0.0
2023-09-21 11:00:00+09:00,2015.0,2016.0,2011.0,2013.0,0,0.0,0.0
2023-09-21 12:00:00+09:00,2014.0,2020.0,2011.0,2019.0,15700,0.0,0.0
2023-09-21 13:00:00+09:00,2021.0,2032.0,2020.0,2027.0,2700,0.0,0.0
2023-09-21 14:00:00+09:00,2025.0,2032.0,2025.0,2032.0,3800,0.0,0.0
2023-09-22 09:00:00+09:00,2008.0,2019.0,1988.0,2011.0,12700,0.0,0.0
2023-09-22 10:00:00+09:00,2013.0,2026.0,2013.0,2021.0,2300,0.0,0.0
2023-09-22 11:00:00+09:00,2021.0,2026.0,2019.0,2023.0,0,0.0,0.0
2023-09-22 12:00:00+09:00,2019.0,2033.0,2019.0,2032.0,17700,0.0,0.0
2023-09-22 13:00:00+09:00,2030.0,2035.0,2027.0,2035.0,2900,0.0,0.0
2023-09-22 14:00:00+09:00,2036.0,2040.0,2029.0,2029.0,10100,0.0,0.0
2023-09-25 09:00:00+09:00,2035.0,2060.0,2026.0,2060.0,12300,0.0,0.0
2023-09-25 10:00:00+09:00,2058.0,2067.0,2056.0,2056.0,6900,0.0,0.0
2023-09-25 11:00:00+09:00,2056.0,2057.0,2054.0,2057.0,0,0.0,0.0
2023-09-25 12:00:00+09:00,2055.0,2060.0,2051.0,2054.0,22000,0.0,0.0
2023-09-25 13:00:00+09:00,2053.0,2055.0,2047.0,2051.0,2300,0.0,0.0
2023-09-25 14:00:00+09:00,2052.0,2054.0,2044.0,2044.0,4600,0.0,0.0
2023-09-26 09:00:00+09:00,2046.0,2049.0,2027.0,2029.0,7100,0.0,0.0
2023-09-26 10:00:00+09:00,2030.0,2039.0,2030.0,2036.0,3800,0.0,0.0
2023-09-26 11:00:00+09:00,2037.0,2037.0,2033.0,2034.0,0,0.0,0.0
2023-09-26 12:00:00+09:00,2030.0,2042.0,2030.0,2037.0,12600,0.0,0.0
2023-09-26 13:00:00+09:00,2036.0,2039.0,2031.0,2036.0,2600,0.0,0.0
2023-09-26 14:00:00+09:00,2040.0,2046.0,2030.0,2030.0,7500,0.0,0.0
2023-09-27 09:00:00+09:00,2021.0,2032.0,2003.0,2013.0,7500,0.0,0.0
2023-09-27 10:00:00+09:00,2014.0,2022.0,2012.0,2019.0,2400,0.0,0.0
2023-09-27 11:00:00+09:00,2023.0,2025.0,2023.0,2025.0,0,0.0,0.0
2023-09-27 12:00:00+09:00,2019.0,2028.0,2019.0,2024.0,11400,0.0,0.0
2023-09-27 13:00:00+09:00,2027.0,2033.0,2022.0,2031.0,1800,0.0,0.0
2023-09-27 14:00:00+09:00,2033.0,2037.0,2027.0,2036.0,7300,0.0,0.0
2023-09-28 09:00:00+09:00,2023.0,2035.0,2019.0,2024.0,19800,0.0,0.0
2023-09-28 10:00:00+09:00,2026.0,2030.0,2023.0,2027.0,3300,0.0,0.0
2023-09-28 11:00:00+09:00,2026.0,2027.0,2012.0,2014.0,0,0.0,0.0
2023-09-28 12:00:00+09:00,2008.0,2013.0,2004.0,2010.0,30300,0.0,0.0
2023-09-28 13:00:00+09:00,2014.0,2015.0,2010.0,2015.0,2700,0.0,0.0
2023-09-28 14:00:00+09:00,2016.0,2036.0,2011.0,2013.0,10300,0.0,0.0
2023-09-29 09:00:00+09:00,2024.0,2028.0,2015.0,2015.0,3200,0.0,0.0
2023-09-29 10:00:00+09:00,2015.0,2019.0,2006.0,2009.0,4000,0.0,0.0
2023-09-29 11:00:00+09:00,2006.0,2010.0,2005.0,2010.0,0,0.0,0.0
2023-09-29 12:00:00+09:00,2011.0,2015.0,2010.0,2014.0,11200,0.0,0.0
2023-09-29 13:00:00+09:00,2012.0,2012.0,1997.0,1998.0,9800,0.0,0.0
2023-09-29 14:00:00+09:00,1996.0,2007.0,1991.0,2007.0,7600,0.0,0.0
2023-10-02 09:00:00+09:00,2019.0,2043.0,2017.0,2032.0,16100,0.0,0.0
2023-10-02 10:00:00+09:00,2031.0,2044.0,2028.0,2044.0,2600,0.0,0.0
2023-10-02 11:00:00+09:00,2041.0,2042.0,2037.0,2042.0,0,0.0,0.0
2023-10-02 12:00:00+09:00,2043.0,2043.0,2023.0,2025.0,22200,0.0,0.0
2023-10-02 13:00:00+09:00,2022.0,2033.0,2015.0,2025.0,4700,0.0,0.0
2023-10-02 14:00:00+09:00,2025.0,2026.0,2015.0,2020.0,6100,0.0,0.0
2023-10-03 09:00:00+09:00,2017.0,2017.0,1981.0,2000.0,17700,0.0,0.0
2023-10-03 10:00:00+09:00,1997.0,1997.0,1984.0,1989.0,5600,0.0,0.0
2023-10-03 11:00:00+09:00,1988.0,1994.0,1986.0,1994.0,0,0.0,0.0
2023-10-03 12:00:00+09:00,1990.0,1992.0,1981.0,1983.0,32600,0.0,0.0
2023-10-03 13:00:00+09:00,1983.0,1985.0,1978.0,1982.0,6300,0.0,0.0
2023-10-03 14:00:00+09:00,1982.0,1985.0,1972.0,1972.0,9300,0.0,0.0
2023-10-04 09:00:00+09:00,1953.0,1953.0,1901.0,1930.0,17800,0.0,0.0
2023-10-04 10:00:00+09:00,1932.0,1936.0,1923.0,1928.0,5700,0.0,0.0
2023-10-04 11:00:00+09:00,1928.0,1929.0,1919.0,1921.0,0,0.0,0.0
2023-10-04 12:00:00+09:00,1914.0,1917.0,1898.0,1902.0,39800,0.0,0.0
2023-10-04 13:00:00+09:00,1903.0,1924.0,1891.0,1915.0,6500,0.0,0.0
2023-10-04 14:00:00+09:00,1916.0,1916.0,1894.0,1899.0,7100,0.0,0.0
2023-10-05 09:00:00+09:00,1923.0,1950.0,1921.0,1942.0,6500,0.0,0.0
2023-10-05 10:00:00+09:00,1942.0,1950.0,1942.0,1946.0,4200,0.0,0.0
2023-10-05 11:00:00+09:00,1946.0,1952.0,1943.0,1952.0,0,0.0,0.0
2023-10-05 12:00:00+09:00,1950.0,1960.0,1949.0,1956.0,18900,0.0,0.0
2023-10-05 13:00:00+09:00,1956.0,1964.0,1956.0,1959.0,4500,0.0,0.0
2023-10-05 14:00:00+09:00,1957.0,1962.0,1952.0,1961.0,7900,0.0,0.0
2023-10-06 09:00:00+09:00,1963.0,1963.0,1936.0,1955.0,5300,0.0,0.0
2023-10-06 10:00:00+09:00,1957.0,1960.0,1949.0,1952.0,3400,0.0,0.0
2023-10-06 11:00:00+09:00,1952.0,1952.0,1943.0,1947.0,0,0.0,0.0
2023-10-06 12:00:00+09:00,1947.0,1956.0,1947.0,1955.0,14200,0.0,0.0
2023-10-06 13:00:00+09:00,1957.0,1964.0,1954.0,1954.0,2900,0.0,0.0
2023-10-06 14:00:00+09:00,1953.0,1953.0,1946.0,1948.0,7700,0.0,0.0
2023-10-10 09:00:00+09:00,1988.0,1996.0,1971.0,1990.0,10800,0.0,0.0
2023-10-10 10:00:00+09:00,1992.0,2002.0,1992.0,1999.0,11400,0.0,0.0
2023-10-10 11:00:00+09:00,1997.0,1997.0,1993.0,1996.0,0,0.0,0.0
2023-10-10 12:00:00+09:00,2000.0,2000.0,1995.0,1997.0,30800,0.0,0.0
2023-10-10 13:00:00+09:00,1994.0,1999.0,1994.0,1998.0,3200,0.0,0.0
2023-10-10 14:00:00+09:00,2000.0,2005.0,1998.0,2002.0,6700,0.0,0.0
2023-10-11 09:00:00+09:00,2005.0,2022.0,1995.0,2011.0,0,0.0,0.0
2023-10-11 10:00:00+09:00,2011.0,2011.0,2001.0,2005.0,17600,0.0,0.0
2023-10-11 11:00:00+09:00,2005.0,2005.0,2000.0,2003.0,0,0.0,0.0
2023-10-11 12:00:00+09:00,2005.0,2011.0,2005.0,2006.0,20600,0.0,0.0
2023-10-11 13:00:00+09:00,2005.0,2009.0,2005.0,2006.0,3200,0.0,0.0
2023-10-11 14:00:00+09:00,2006.0,2006.0,1993.0,2002.0,6100,0.0,0.0
2023-10-12 09:00:00+09:00,1981.0,1991.0,1971.0,1987.0,11900,0.0,0.0
2023-10-12 10:00:00+09:00,1988.0,1990.0,1982.0,1985.0,2000,0.0,0.0
2023-10-12 11:00:00+09:00,1985.0,1991.0,1985.0,1991.0,0,0.0,0.0
2023-10-12 12:00:00+09:00,1991.0,1997.0,1987.0,1987.0,19200,0.0,0.0
2023-10-12 13:00:00+09:00,1989.0,1989.0,1986.0,1987.0,1500,0.0,0.0
2023-10-12 14:00:00+09:00,1987.0,1993.0,1980.0,1993.0,7500,0.0,0.0
2023-10-13 09:00:00+09:00,1975.0,1976.0,1956.0,1956.0,12700,0.0,0.0
2023-10-13 10:00:00+09:00,1956.0,1965.0,1952.0,1952.0,7300,0.0,0.0
2023-10-13 11:00:00+09:00,1954.0,1958.0,1946.0,1946.0,0,0.0,0.0
2023-10-13 12:00:00+09:00,1946.0,1946.0,1937.0,1940.0,36400,0.0,0.0
2023-10-13 13:00:00+09:00,1940.0,1946.0,1934.0,1941.0,5500,0.0,0.0
2023-10-13 14:00:00+09:00,1939.0,1947.0,1938.0,1941.0,12000,0.0,0.0
2023-10-16 09:00:00+09:00,1940.0,1946.0,1926.0,1928.0,7700,0.0,0.0
2023-10-16 10:00:00+09:00,1929.0,1935.0,1926.0,1933.0,4200,0.0,0.0
2023-10-16 11:00:00+09:00,1928.0,1934.0,1927.0,1934.0,0,0.0,0.0
2023-10-16 12:00:00+09:00,1943.0,1948.0,1931.0,1931.0,18200,0.0,0.0
2023-10-16 13:00:00+09:00,1929.0,1938.0,1928.0,1938.0,0,0.0,0.0
2023-10-16 14:00:00+09:00,1936.0,1944.0,1933.0,1944.0,26700,0.0,0.0
2023-10-17 09:00:00+09:00,1951.0,1988.0,1951.0,1976.0,0,0.0,0.0
2023-10-17 10:00:00+09:00,1975.0,1976.0,1964.0,1971.0,9100,0.0,0.0
2023-10-17 11:00:00+09:00,1964.0,1968.0,1959.0,1959.0,0,0.0,0.0
2023-10-17 12:00:00+09:00,1959.0,1963.0,1955.0,1961.0,12900,0.0,0.0
2023-10-17 13:00:00+09:00,1959.0,1961.0,1951.0,1955.0,3000,0.0,0.0
2023-10-17 14:00:00+09:00,1956.0,1961.0,1952.0,1960.0,6000,0.0,0.0
2023-10-18 09:00:00+09:00,1959.0,1980.0,1959.0,1974.0,5400,0.0,0.0
2023-10-18 10:00:00+09:00,1970.0,1976.0,1965.0,1976.0,2000,0.0,0.0
2023-10-18 11:00:00+09:00,1972.0,1979.0,1972.0,1973.0,0,0.0,0.0
2023-10-18 12:00:00+09:00,1966.0,1977.0,1964.0,1974.0,11500,0.0,0.0
2023-10-18 13:00:00+09:00,1976.0,1987.0,1976.0,1984.0,4500,0.0,0.0
2023-10-18 14:00:00+09:00,1982.0,1995.0,1979.0,1995.0,7300,0.0,0.0
2023-10-19 09:00:00+09:00,1965.0,1991.0,1964.0,1987.0,6100,0.0,0.0
2023-10-19 10:00:00+09:00,1987.0,1987.0,1964.0,1964.0,3200,0.0,0.0
2023-10-19 11:00:00+09:00,1966.0,1967.0,1963.0,1967.0,0,0.0,0.0
2023-10-19 12:00:00+09:00,1967.0,1970.0,1965.0,1970.0,12300,0.0,0.0
2023-10-19 13:00:00+09:00,1967.0,1979.0,1966.0,1976.0,2700,0.0,0.0
2023-10-19 14:00:00+09:00,1978.0,1978.0,1970.0,1970.0,4300,0.0,0.0
2023-10-20 09:00:00+09:00,1956.0,1973.0,1954.0,1959.0,5700,0.0,0.0
2023-10-20 10:00:00+09:00,1959.0,1962.0,1951.0,1957.0,2100,0.0,0.0
2023-10-20 11:00:00+09:00,1957.0,1961.0,1957.0,1961.0,0,0.0,0.0
2023-10-20 12:00:00+09:00,1960.0,1969.0,1960.0,1966.0,8800,0.0,0.0
2023-10-20 13:00:00+09:00,1966.0,1974.0,1963.0,1972.0,2700,0.0,0.0
2023-10-20 14:00:00+09:00,1973.0,1977.0,1971.0,1974.0,3800,0.0,0.0
2023-10-23 09:00:00+09:00,1972.0,1974.0,1962.0,1968.0,2800,0.0,0.0
2023-10-23 10:00:00+09:00,1971.0,1975.0,1961.0,1966.0,2200,0.0,0.0
2023-10-23 11:00:00+09:00,1965.0,1968.0,1953.0,1953.0,0,0.0,0.0
2023-10-23 12:00:00+09:00,1953.0,1969.0,1949.0,1951.0,10800,0.0,0.0
2023-10-23 13:00:00+09:00,1950.0,1956.0,1949.0,1953.0,4700,0.0,0.0
2023-10-23 14:00:00+09:00,1956.0,1964.0,1956.0,1962.0,4100,0.0,0.0
2023-10-24 09:00:00+09:00,1964.0,1975.0,1948.0,1951.0,0,0.0,0.0
2023-10-24 10:00:00+09:00,1953.0,1953.0,1930.0,1934.0,19600,0.0,0.0
2023-10-24 11:00:00+09:00,1938.0,1968.0,1938.0,1958.0,0,0.0,0.0
2023-10-24 12:00:00+09:00,1950.0,1956.0,1948.0,1951.0,24900,0.0,0.0
2023-10-24 13:00:00+09:00,1950.0,1968.0,1950.0,1968.0,0,0.0,0.0
2023-10-24 14:00:00+09:00,1969.0,1979.0,1969.0,1977.0,35900,0.0,0.0
2023-10-25 09:00:00+09:00,1988.0,2015.0,1984.0,1999.0,13300,0.0,0.0
2023-10-25 10:00:00+09:00,2004.0,2011.0,1990.0,1994.0,6600,0.0,0.0
2023-10-25 11:00:00+09:00,1991.0,1995.0,1991.0,1993.0,0,0.0,0.0
2023-10-25 12:00:00+09:00,1993.0,2008.0,1993.0,2004.0,25000,0.0,0.0
2023-10-25 13:00:00+09:00,2007.0,2007.0,2002.0,2006.0,0,0.0,0.0
2023-10-25 14:00:00+09:00,2006.0,2008.0,2000.0,2006.0,38100,0.0,0.0
2023-10-26 09:00:00+09:00,1989.0,2000.0,1986.0,1992.0,0,0.0,0.0
2023-10-26 10:00:00+09:00,1990.0,2002.0,1990.0,1995.0,9800,0.0,0.0
2023-10-26 11:00:00+09:00,1990.0,1990.0,1978.0,1981.0,0,0.0,0.0
2023-10-26 12:00:00+09:00,1988.0,1988.0,1978.0,1983.0,13900,0.0,0.0
2023-10-26 13:00:00+09:00,1985.0,1991.0,1981.0,1984.0,5600,0.0,0.0
2023-10-26 14:00:00+09:00,1983.0,1988.0,1978.0,1978.0,9700,0.0,0.0
2023-10-27 09:00:00+09:00,1993.0,2005.0,1992.0,2005.0,5600,0.0,0.0
2023-10-27 10:00:00+09:00,2004.0,2006.0,1999.0,2005.0,4300,0.0,0.0
2023-10-27 11:00:00+09:00,2006.0,2007.0,2005.0,2005.0,0,0.0,0.0
2023-10-27 12:00:00+09:00,2005.0,2005.0,1998.0,2000.0,12500,0.0,0.0
2023-10-27 13:00:00+09:00,1998.0,2003.0,1998.0,1999.0,0,0.0,0.0
2023-10-27 14:00:00+09:00,2001.0,2010.0,1999.0,2006.0,25200,0.0,0.0
2023-10-30 09:00:00+09:00,2002.0,2004.0,1981.0,1988.0,3900,0.0,0.0
2023-10-30 10:00:00+09:00,1990.0,1991.0,1983.0,1985.0,2200,0.0,0.0
2023-10-30 11:00:00+09:00,1990.0,1990.0,1977.0,1980.0,0,0.0,0.0
2023-10-30 12:00:00+09:00,1980.0,1988.0,1980.0,1984.0,12000,0.0,0.0
2023-10-30 13:00:00+09:00,1982.0,1983.0,1978.0,1983.0,5700,0.0,0.0
2023-10-30 14:00:00+09:00,1985.0,2002.0,1985.0,1990.0,0,0.0,0.0
2023-10-31 09:00:00+09:00,1980.0,1986.0,1974.0,1986.0,4800,0.0,0.0
2023-10-31 10:00:00+09:00,1985.0,1988.0,1975.0,1981.0,1600,0.0,0.0
2023-10-31 11:00:00+09:00,1981.0,1981.0,1972.0,1975.0,0,0.0,0.0
2023-10-31 12:00:00+09:00,1985.0,1994.0,1980.0,1989.0,11400,0.0,0.0
2023-10-31 13:00:00+09:00,1991.0,2003.0,1989.0,1990.0,3300,0.0,0.0
2023-10-31 14:00:00+09:00,1989.0,1999.0,1987.0,1999.0,4700,0.0,0.0
2023-11-01 09:00:00+09:00,2001.0,2010.0,1993.0,2001.0,8500,0.0,0.0
2023-11-01 10:00:00+09:00,2003.0,2003.0,1994.0,1999.0,5000,0.0,0.0
2023-11-01 11:00:00+09:00,2001.0,2002.0,1998.0,1998.0,0,0.0,0.0
2023-11-01 12:00:00+09:00,2000.0,2003.0,1994.0,1995.0,22200,0.0,0.0
2023-11-01 13:00:00+09:00,1995.0,2002.0,1992.0,2002.0,3600,0.0,0.0
2023-11-01 14:00:00+09:00,2001.0,2006.0,1997.0,2006.0,5900,0.0,0.0
2023-11-02 09:00:00+09:00,2007.0,2038.0,2000.0,2033.0,0,0.0,0.0
2023-11-02 10:00:00+09:00,2028.0,2033.0,2026.0,2032.0,14800,0.0,0.0
2023-11-02 11:00:00+09:00,2031.0,2031.0,2020.0,2021.0,0,0.0,0.0
2023-11-02 12:00:00+09:00,2026.0,2026.0,2011.0,2016.0,20800,0.0,0.0
2023-11-02 13:00:00+09:00,2014.0,2019.0,2010.0,2011.0,3400,0.0,0.0
2023-11-02 14:00:00+09:00,2011.0,2027.0,2011.0,2020.0,6000,0.0,0.0
2023-11-06 09:00:00+09:00,2025.0,2042.0,2025.0,2031.0,8500,0.0,0.0
2023-11-06 10:00:00+09:00,2035.0,2036.0,2018.0,2020.0,7200,0.0,0.0
2023-11-06 11:00:00+09:00,2024.0,2024.0,2020.0,2021.0,0,0.0,0.0
2023-11-06 12:00:00+09:00,2025.0,2025.0,2017.0,2018.0,19500,0.0,0.0
2023-11-06 13:00:00+09:00,2016.0,2025.0,2016.0,2021.0,4100,0.0,0.0
2023-11-06 14:00:00+09:00,2021.0,2023.0,2004.0,2007.0,16700,0.0,0.0
2023-11-07 09:00:00+09:00,2018.0,2018.0,1978.0,1980.0,17500,0.0,0.0
2023-11-07 10:00:00+09:00,1981.0,1986.0,1978.0,1981.0,4100,0.0,0.0
2023-11-07 11:00:00+09:00,1981.0,1982.0,1973.0,1973.0,0,0.0,0.0
2023-11-07 12:00:00+09:00,1973.0,1974.0,1972.0,1974.0,27300,0.0,0.0
2023-11-07 13:00:00+09:00,1973.0,1973.0,1955.0,1960.0,13300,0.0,0.0
2023-11-07 14:00:00+09:00,1961.0,1973.0,1961.0,1973.0,5200,0.0,0.0
2023-11-08 09:00:00+09:00,1984.0,2001.0,1983.0,1989.0,8200,0.0,0.0
2023-11-08 10:00:00+09:00,1985.0,1985.0,1967.0,1973.0,5500,0.0,0.0
2023-11-08 11:00:00+09:00,1971.0,1980.0,1966.0,1978.0,0,0.0,0.0
2023-11-08 12:00:00+09:00,1982.0,1987.0,1960.0,1965.0,19400,0.0,0.0
2023-11-08 13:00:00+09:00,1961.0,1978.0,1956.0,1975.0,4100,0.0,0.0
2023-11-08 14:00:00+09:00,1975.0,1977.0,1965.0,1968.0,4900,0.0,0.0
2023-11-09 09:00:00+09:00,1958.0,1964.0,1945.0,1964.0,0,0.0,0.0
2023-11-09 10:00:00+09:00,1964.0,1978.0,1962.0,1962.0,14100,0.0,0.0
2023-11-09 11:00:00+09:00,1962.0,1974.0,1962.0,1972.0,0,0.0,0.0
2023-11-09 12:00:00+09:00,1977.0,1982.0,1970.0,1981.0,18800,0.0,0.0
2023-11-09 13:00:00+09:00,1977.0,1985.0,1974.0,1983.0,4100,0.0,0.0
2023-11-09 14:00:00+09:00,1979.0,1991.0,1979.0,1983.0,7900,0.0,0.0
2023-11-10 09:00:00+09:00,1989.0,1989.0,1943.0,1960.0,12500,0.0,0.0
2023-11-10 10:00:00+09:00,1961.0,1968.0,1959.0,1962.0,1300,0.0,0.0
2023-11-10 11:00:00+09:00,1961.0,1973.0,1958.0,1970.0,0,0.0,0.0
2023-11-10 12:00:00+09:00,1974.0,1978.0,1961.0,1961.0,22300,0.0,0.0
2023-11-10 13:00:00+09:00,1965.0,1973.0,1965.0,1972.0,5000,0.0,0.0
2023-11-10 14:00:00+09:00,1970.0,1977.0,1969.0,1974.0,4300,0.0,0.0
2023-11-13 09:00:00+09:00,2088.0,2150.0,2072.0,2137.0,72700,0.0,0.0
2023-11-13 10:00:00+09:00,2132.0,2140.0,2098.0,2123.0,16900,0.0,0.0
2023-11-13 11:00:00+09:00,2123.0,2154.0,2122.0,2150.0,0,0.0,0.0
2023-11-13 12:00:00+09:00,2150.0,2166.0,2142.0,2164.0,130800,0.0,0.0
2023-11-13 13:00:00+09:00,2164.0,2172.0,2138.0,2159.0,15300,0.0,0.0
2023-11-13 14:00:00+09:00,2158.0,2163.0,2152.0,2154.0,14000,0.0,0.0
2023-11-14 09:00:00+09:00,2160.0,2235.0,2160.0,2232.0,34600,0.0,0.0
2023-11-14 10:00:00+09:00,2231.0,2243.0,2228.0,2232.0,10300,0.0,0.0
2023-11-14 11:00:00+09:00,2235.0,2237.0,2216.0,2216.0,0,0.0,0.0
2023-11-14 12:00:00+09:00,2222.0,2230.0,2216.0,2222.0,57300,0.0,0.0
2023-11-14 13:00:00+09:00,2220.0,2226.0,2212.0,2212.0,7500,0.0,0.0
2023-11-14 14:00:00+09:00,2212.0,2223.0,2207.0,2213.0,17900,0.0,0.0
2023-11-15 09:00:00+09:00,2268.0,2269.0,2220.0,2221.0,32100,0.0,0.0
2023-11-15 10:00:00+09:00,2222.0,2246.0,2219.0,2240.0,6900,0.0,0.0
2023-11-15 11:00:00+09:00,2239.0,2242.0,2237.0,2240.0,0,0.0,0.0
2023-11-15 12:00:00+09:00,2240.0,2253.0,2240.0,2251.0,46000,0.0,0.0
2023-11-15 13:00:00+09:00,2253.0,2259.0,2237.0,2252.0,8000,0.0,0.0
2023-11-15 14:00:00+09:00,2253.0,2259.0,2250.0,2257.0,11800,0.0,0.0
2023-11-16 09:00:00+09:00,2265.0,2300.0,2260.0,2271.0,0,0.0,0.0
2023-11-16 10:00:00+09:00,2274.0,2283.0,2270.0,2279.0,21900,0.0,0.0
2023-11-16 11:00:00+09:00,2278.0,2278.0,2275.0,2276.0,0,0.0,0.0
2023-11-16 12:00:00+09:00,2276.0,2279.0,2273.0,2273.0,25700,0.0,0.0
2023-11-16 13:00:00+09:00,2273.0,2296.0,2272.0,2291.0,6900,0.0,0.0
2023-11-16 14:00:00+09:00,2291.0,2293.0,2285.0,2285.0,7300,0.0,0.0
2023-11-17 09:00:00+09:00,2300.0,2348.0,2299.0,2348.0,32000,0.0,0.0
2023-11-17 10:00:00+09:00,2348.0,2353.0,2343.0,2345.0,10200,0.0,0.0
2023-11-17 11:00:00+09:00,2344.0,2345.0,2341.0,2345.0,0,0.0,0.0
2023-11-17 12:00:00+09:00,2349.0,2355.0,2342.0,2351.0,52600,0.0,0.0
2023-11-17 13:00:00+09:00,2351.0,2352.0,2345.0,2349.0,6900,0.0,0.0
2023-11-17 14:00:00+09:00,2350.0,2352.0,2343.0,2343.0,7600,0.0,0.0
2023-11-20 09:00:00+09:00,2372.0,2404.0,2367.0,2394.0,19800,0.0,0.0
2023-11-20 10:00:00+09:00,2393.0,2393.0,2370.0,2385.0,4800,0.0,0.0
2023-11-20 11:00:00+09:00,2381.0,2381.0,2370.0,2371.0,0,0.0,0.0
2023-11-20 12:00:00+09:00,2377.0,2377.0,2357.0,2357.0,31000,0.0,0.0
2023-11-20 13:00:00+09:00,2356.0,2362.0,2355.0,2355.0,3200,0.0,0.0
2023-11-20 14:00:00+09:00,2354.0,2387.0,2353.0,2387.0,15000,0.0,0.0
2023-11-21 09:00:00+09:00,2390.0,2411.0,2388.0,2407.0,13100,0.0,0.0
2023-11-21 10:00:00+09:00,2403.0,2422.0,2403.0,2418.0,19600,0.0,0.0
2023-11-21 11:00:00+09:00,2418.0,2420.0,2412.0,2418.0,0,0.0,0.0
2023-11-21 12:00:00+09:00,2420.0,2428.0,2418.0,2422.0,51000,0.0,0.0
2023-11-21 13:00:00+09:00,2423.0,2425.0,2420.0,2423.0,5900,0.0,0.0
2023-11-21 14:00:00+09:00,2423.0,2426.0,2418.0,2424.0,7200,0.0,0.0
2023-11-22 09:00:00+09:00,2428.0,2450.0,2415.0,2438.0,16700,0.0,0.0
2023-11-22 10:00:00+09:00,2438.0,2439.0,2421.0,2425.0,4300,0.0,0.0
2023-11-22 11:00:00+09:00,2425.0,2425.0,2370.0,2374.0,0,0.0,0.0
2023-11-22 12:00:00+09:00,2375.0,2386.0,2373.0,2386.0,69400,0.0,0.0
2023-11-22 13:00:00+09:00,2385.0,2394.0,2379.0,2385.0,6500,0.0,0.0
2023-11-22 14:00:00+09:00,2390.0,2390.0,2380.0,2385.0,9300,0.0,0.0
2023-11-24 09:00:00+09:00,2413.0,2438.0,2407.0,2438.0,13200,0.0,0.0
2023-11-24 10:00:00+09:00,2436.0,2437.0,2412.0,2415.0,4400,0.0,0.0
2023-11-24 11:00:00+09:00,2415.0,2417.0,2412.0,2415.0,0,0.0,0.0
2023-11-24 12:00:00+09:00,2419.0,2442.0,2404.0,2440.0,30600,0.0,0.0
2023-11-24 13:00:00+09:00,2438.0,2456.0,2438.0,2450.0,7000,0.0,0.0
2023-11-24 14:00:00+09:00,2451.0,2455.0,2434.0,2434.0,15500,0.0,0.0
2023-11-27 09:00:00+09:00,2463.0,2463.0,2435.0,2439.0,0,0.0,0.0
2023-11-27 10:00:00+09:00,2439.0,2443.0,2431.0,2436.0,11400,0.0,0.0
2023-11-27 11:00:00+09:00,2432.0,2432.0,2427.0,2428.0,0,0.0,0.0
2023-11-27 12:00:00+09:00,2429.0,2429.0,2419.0,2425.0,15600,0.0,0.0
2023-11-27 13:00:00+09:00,2425.0,2427.0,2422.0,2424.0,1100,0.0,0.0
2023-11-27 14:00:00+09:00,2424.0,2427.0,2418.0,2418.0,7000,0.0,0.0
2023-11-28 09:00:00+09:00,2425.0,2445.0,2414.0,2428.0,0,0.0,0.0
2023-11-28 10:00:00+09:00,2434.0,2434.0,2425.0,2427.0,13600,0.0,0.0
2023-11-28 11:00:00+09:00,2429.0,2429.0,2424.0,2424.0,0,0.0,0.0
2023-11-28 12:00:00+09:00,2430.0,2430.0,2425.0,2425.0,16600,0.0,0.0
2023-11-28 13:00:00+09:00,2424.0,2426.0,2421.0,2424.0,3200,0.0,0.0
2023-11-28 14:00:00+09:00,2423.0,2426.0,2413.0,2416.0,5100,0.0,0.0
2023-11-29 09:00:00+09:00,2452.0,2468.0,2447.0,2460.0,11800,0.0,0.0
2023-11-29 10:00:00+09:00,2462.0,2465.0,2451.0,2459.0,3700,0.0,0.0
2023-11-29 11:00:00+09:00,2459.0,2460.0,2451.0,2455.0,0,0.0,0.0
2023-11-29 12:00:00+09:00,2459.0,2465.0,2459.0,2465.0,19800,0.0,0.0
2023-11-29 13:00:00+09:00,2465.0,2468.0,2461.0,2463.0,4100,0.0,0.0
2023-11-29 14:00:00+09:00,2464.0,2467.0,2458.0,2458.0,7400,0.0,0.0
2023-11-30 09:00:00+09:00,2470.0,2487.0,2467.0,2483.0,11400,0.0,0.0
2023-11-30 10:00:00+09:00,2481.0,2485.0,2472.0,2481.0,4500,0.0,0.0
2023-11-30 11:00:00+09:00,2481.0,2487.0,2478.0,2482.0,0,0.0,0.0
2023-11-30 12:00:00+09:00,2482.0,2488.0,2482.0,2487.0,20300,0.0,0.0
2023-11-30 13:00:00+09:00,2486.0,2486.0,2475.0,2482.0,4200,0.0,0.0
2023-11-30 14:00:00+09:00,2480.0,2486.0,2478.0,2478.0,3600,0.0,0.0
2023-12-01 09:00:00+09:00,2490.0,2494.0,2471.0,2471.0,13200,0.0,0.0
2023-12-01 10:00:00+09:00,2481.0,2491.0,2481.0,2488.0,2200,0.0,0.0
2023-12-01 11:00:00+09:00,2487.0,2487.0,2485.0,2486.0,0,0.0,0.0
2023-12-01 12:00:00+09:00,2493.0,2494.0,2488.0,2490.0,17300,0.0,0.0
2023-12-01 13:00:00+09:00,2492.0,2497.0,2491.0,2495.0,1600,0.0,0.0
2023-12-01 14:00:00+09:00,2493.0,2496.0,2489.0,2489.0,6000,0.0,0.0
2023-12-04 09:00:00+09:00,2490.0,2497.0,2481.0,2496.0,7900,0.0,0.0
2023-12-04 10:00:00+09:00,2494.0,2508.0,2490.0,2501.0,8600,0.0,0.0
2023-12-04 11:00:00+09:00,2500.0,2500.0,2497.0,2498.0,0,0.0,0.0
2023-12-04 12:00:00+09:00,2498.0,2500.0,2496.0,2497.0,20700,0.0,0.0
2023-12-04 13:00:00+09:00,2498.0,2498.0,2491.0,2492.0,2000,0.0,0.0
2023-12-04 14:00:00+09:00,2492.0,2493.0,2490.0,2490.0,2700,0.0,0.0
2023-12-05 09:00:00+09:00,2487.0,2487.0,2468.0,2476.0,9300,0.0,0.0
2023-12-05 10:00:00+09:00,2474.0,2474.0,2458.0,2460.0,5500,0.0,0.0
2023-12-05 11:00:00+09:00,2460.0,2463.0,2456.0,2456.0,0,0.0,0.0
2023-12-05 12:00:00+09:00,2456.0,2460.0,2451.0,2452.0,19400,0.0,0.0
2023-12-05 13:00:00+09:00,2459.0,2460.0,2453.0,2460.0,2400,0.0,0.0
2023-12-05 14:00:00+09:00,2460.0,2460.0,2452.0,2455.0,3700,0.0,0.0
2023-12-06 09:00:00+09:00,2451.0,2463.0,2447.0,2456.0,7400,0.0,0.0
2023-12-06 10:00:00+09:00,2456.0,2476.0,2456.0,2472.0,3000,0.0,0.0
2023-12-06 11:00:00+09:00,2471.0,2479.0,2470.0,2479.0,0,0.0,0.0
2023-12-06 12:00:00+09:00,2481.0,2484.0,2478.0,2484.0,17200,0.0,0.0
2023-12-06 13:00:00+09:00,2481.0,2487.0,2476.0,2487.0,3800,0.0,0.0
2023-12-06 14:00:00+09:00,2487.0,2488.0,2479.0,2483.0,5000,0.0,0.0
2023-12-07 09:00:00+09:00,2476.0,2489.0,2475.0,2482.0,27600,0.0,0.0
2023-12-07 10:00:00+09:00,2480.0,2503.0,2480.0,2500.0,8800,0.0,0.0
2023-12-07 11:00:00+09:00,2498.0,2502.0,2495.0,2498.0,0,0.0,0.0
2023-12-07 12:00:00+09:00,2499.0,2504.0,2492.0,2504.0,46700,0.0,0.0
2023-12-07 13:00:00+09:00,2503.0,2507.0,2498.0,2498.0,7100,0.0,0.0
2023-12-07 14:00:00+09:00,2500.0,2500.0,2481.0,2481.0,7400,0.0,0.0
2023-12-08 09:00:00+09:00,2475.0,2487.0,2452.0,2452.0,0,0.0,0.0
2023-12-08 10:00:00+09:00,2456.0,2467.0,2452.0,2466.0,26700,0.0,0.0
2023-12-08 11:00:00+09:00,2466.0,2469.0,2462.0,2464.0,0,0.0,0.0
2023-12-08 12:00:00+09:00,2471.0,2472.0,2463.0,2471.0,32500,0.0,0.0
2023-12-08 13:00:00+09:00,2475.0,2475.0,2461.0,2463.0,3400,0.0,0.0
2023-12-08 14:00:00+09:00,2464.0,2464.0,2439.0,2450.0,15600,0.0,0.0
2023-12-11 09:00:00+09:00,2501.0,2560.0,2500.0,2532.0,27200,0.0,0.0
2023-12-11 10:00:00+09:00,2533.0,2545.0,2523.0,2545.0,7200,0.0,0.0
2023-12-11 11:00:00+09:00,2544.0,2548.0,2544.0,2545.0,0,0.0,0.0
2023-12-11 12:00:00+09:00,2545.0,2549.0,2540.0,2547.0,41600,0.0,0.0
2023-12-11 13:00:00+09:00,2548.0,2553.0,2543.0,2544.0,4100,0.0,0.0
2023-12-11 14:00:00+09:00,2544.0,2553.0,2544.0,2553.0,5700,0.0,0.0
2023-12-12 09:00:00+09:00,2568.0,2571.0,2553.0,2565.0,10800,0.0,0.0
2023-12-12 10:00:00+09:00,2564.0,2567.0,2559.0,2564.0,4100,0.0,0.0
2023-12-12 11:00:00+09:00,2567.0,2567.0,2563.0,2563.0,0,0.0,0.0
2023-12-12 12:00:00+09:00,2569.0,2575.0,2568.0,2570.0,19900,0.0,0.0
2023-12-12 13:00:00+09:00,2568.0,2568.0,2556.0,2560.0,1900,0.0,0.0
2023-12-12 14:00:00+09:00,2559.0,2560.0,2556.0,2559.0,2600,0.0,0.0
2023-12-13 09:00:00+09:00,2572.0,2581.0,2569.0,2581.0,4400,0.0,0.0
2023-12-13 10:00:00+09:00,2581.0,2581.0,2558.0,2561.0,5300,0.0,0.0
2023-12-13 11:00:00+09:00,2564.0,2564.0,2558.0,2558.0,0,0.0,0.0
2023-12-13 12:00:00+09:00,2574.0,2574.0,2560.0,2565.0,12000,0.0,0.0
2023-12-13 13:00:00+09:00,2562.0,2562.0,2556.0,2562.0,2600,0.0,0.0
2023-12-13 14:00:00+09:00,2565.0,2572.0,2564.0,2564.0,4500,0.0,0.0
2023-12-14 09:00:00+09:00,2571.0,2589.0,2556.0,2558.0,6400,0.0,0.0
2023-12-14 10:00:00+09:00,2559.0,2570.0,2556.0,2565.0,3800,0.0,0.0
2023-12-14 11:00:00+09:00,2567.0,2570.0,2567.0,2567.0,0,0.0,0.0
2023-12-14 12:00:00+09:00,2568.0,2568.0,2520.0,2526.0,17500,0.0,0.0
2023-12-14 13:00:00+09:00,2527.0,2544.0,2511.0,2542.0,6600,0.0,0.0
2023-12-14 14:00:00+09:00,2546.0,2546.0,2534.0,2536.0,5000,0.0,0.0
2023-12-15 09:00:00+09:00,2532.0,2534.0,2492.0,2492.0,9100,0.0,0.0
2023-12-15 10:00:00+09:00,2492.0,2524.0,2492.0,2519.0,2900,0.0,0.0
2023-12-15 11:00:00+09:00,2518.0,2522.0,2518.0,2519.0,0,0.0,0.0
2023-12-15 12:00:00+09:00,2519.0,2522.0,2515.0,2517.0,14800,0.0,0.0
2023-12-15 13:00:00+09:00,2520.0,2527.0,2517.0,2517.0,3100,0.0,0.0
2023-12-15 14:00:00+09:00,2520.0,2525.0,2510.0,2522.0,6600,0.0,0.0
2023-12-18 09:00:00+09:00,2510.0,2522.0,2469.0,2469.0,13400,0.0,0.0
2023-12-18 10:00:00+09:00,2468.0,2470.0,2457.0,2464.0,1600,0.0,0.0
2023-12-18 11:00:00+09:00,2465.0,2471.0,2465.0,2470.0,0,0.0,0.0
2023-12-18 12:00:00+09:00,2470.0,2470.0,2461.0,2465.0,20300,0.0,0.0
2023-12-18 13:00:00+09:00,2463.0,2475.0,2463.0,2472.0,1700,0.0,0.0
2023-12-18 14:00:00+09:00,2474.0,2480.0,2467.0,2474.0,3200,0.0,0.0
2023-12-19 09:00:00+09:00,2486.0,2510.0,2478.0,2510.0,5800,0.0,0.0
2023-12-19 10:00:00+09:00,2505.0,2505.0,2490.0,2496.0,2500,0.0,0.0
2023-12-19 11:00:00+09:00,2498.0,2498.0,2497.0,2498.0,0,0.0,0.0
2023-12-19 12:00:00+09:00,2512.0,2518.0,2507.0,2507.0,11600,0.0,0.0
2023-12-19 13:00:00+09:00,2509.0,2509.0,2500.0,2501.0,1200,0.0,0.0
2023-12-19 14:00:00+09:00,2503.0,2506.0,2499.0,2505.0,3800,0.0,0.0
2023-12-20 09:00:00+09:00,2513.0,2545.0,2513.0,2536.0,8600,0.0,0.0
2023-12-20 10:00:00+09:00,2536.0,2542.0,2535.0,2536.0,4100,0.0,0.0
2023-12-20 11:00:00+09:00,2536.0,2536.0,2525.0,2530.0,0,0.0,0.0
2023-12-20 12:00:00+09:00,2525.0,2530.0,2525.0,2530.0,16000,0.0,0.0
2023-12-20 13:00:00+09:00,2532.0,2535.0,2520.0,2526.0,2100,0.0,0.0
2023-12-20 14:00:00+09:00,2527.0,2532.0,2522.0,2522.0,2900,0.0,0.0
2023-12-21 09:00:00+09:00,2519.0,2520.0,2501.0,2520.0,5100,0.0,0.0
2023-12-21 10:00:00+09:00,2515.0,2515.0,2509.0,2510.0,1100,0.0,0.0
2023-12-21 11:00:00+09:00,2510.0,2510.0,2507.0,2509.0,0,0.0,0.0
2023-12-21 12:00:00+09:00,2502.0,2510.0,2502.0,2510.0,7700,0.0,0.0
2023-12-21 13:00:00+09:00,2510.0,2524.0,2509.0,2523.0,3000,0.0,0.0
2023-12-21 14:00:00+09:00,2524.0,2524.0,2505.0,2505.0,4700,0.0,0.0
2023-12-22 09:00:00+09:00,2504.0,2523.0,2496.0,2517.0,0,0.0,0.0
2023-12-22 10:00:00+09:00,2520.0,2531.0,2520.0,2522.0,4300,0.0,0.0
2023-12-22 11:00:00+09:00,2521.0,2524.0,2516.0,2518.0,0,0.0,0.0
2023-12-22 12:00:00+09:00,2524.0,2524.0,2508.0,2508.0,15100,0.0,0.0
2023-12-22 13:00:00+09:00,2513.0,2513.0,2489.0,2489.0,8000,0.0,0.0
2023-12-22 14:00:00+09:00,2492.0,2495.0,2482.0,2493.0,6000,0.0,0.0
2023-12-25 09:00:00+09:00,2499.0,2500.0,2462.0,2465.0,0,0.0,0.0
2023-12-25 10:00:00+09:00,2469.0,2474.0,2452.0,2452.0,7300,0.0,0.0
2023-12-25 11:00:00+09:00,2452.0,2457.0,2450.0,2454.0,0,0.0,0.0
2023-12-25 12:00:00+09:00,2452.0,2457.0,2445.0,2457.0,35300,0.0,0.0
2023-12-25 13:00:00+09:00,2458.0,2464.0,2457.0,2461.0,2400,0.0,0.0
2023-12-25 14:00:00+09:00,2462.0,2469.0,2460.0,2467.0,4500,0.0,0.0
2023-12-26 09:00:00+09:00,2466.0,2466.0,2451.0,2453.0,10400,0.0,0.0
2023-12-26 10:00:00+09:00,2453.0,2453.0,2412.0,2415.0,14000,0.0,0.0
2023-12-26 11:00:00+09:00,2418.0,2430.0,2415.0,2430.0,0,0.0,0.0
2023-12-26 12:00:00+09:00,2411.0,2423.0,2393.0,2393.0,40800,0.0,0.0
2023-12-26 13:00:00+09:00,2393.0,2393.0,2369.0,2370.0,11100,0.0,0.0
2023-12-26 14:00:00+09:00,2371.0,2379.0,2370.0,2379.0,12000,0.0,0.0
2023-12-27 09:00:00+09:00,2382.0,2399.0,2362.0,2378.0,69700,0.0,0.0
2023-12-27 10:00:00+09:00,2377.0,2385.0,2369.0,2385.0,7700,0.0,0.0
2023-12-27 11:00:00+09:00,2388.0,2400.0,2388.0,2390.0,0,0.0,0.0
2023-12-27 12:00:00+09:00,2387.0,2388.0,2373.0,2385.0,115800,0.0,0.0
2023-12-27 13:00:00+09:00,2387.0,2395.0,2382.0,2390.0,8800,0.0,0.0
2023-12-27 14:00:00+09:00,2390.0,2393.0,2373.0,2373.0,17500,0.0,0.0
2023-12-28 09:00:00+09:00,2280.0,2319.0,2260.0,2312.0,67600,0.0,0.0
2023-12-28 10:00:00+09:00,2315.0,2318.0,2290.0,2304.0,9800,0.0,0.0
2023-12-28 11:00:00+09:00,2304.0,2304.0,2293.0,2295.0,0,0.0,0.0
2023-12-28 12:00:00+09:00,2295.0,2308.0,2290.0,2304.0,87600,0.0,0.0
2023-12-28 13:00:00+09:00,2307.0,2313.0,2306.0,2308.0,5300,0.0,0.0
2023-12-28 14:00:00+09:00,2308.0,2316.0,2308.0,2312.0,7400,0.0,0.0
2023-12-29 09:00:00+09:00,2300.0,2325.0,2279.0,2320.0,10500,0.0,0.0
2023-12-29 10:00:00+09:00,2322.0,2328.0,2315.0,2325.0,2700,0.0,0.0
2023-12-29 11:00:00+09:00,2325.0,2325.0,2321.0,2321.0,0,0.0,0.0
2023-12-29 12:00:00+09:00,2321.0,2326.0,2321.0,2324.0,14400,0.0,0.0
2023-12-29 13:00:00+09:00,2325.0,2325.0,2310.0,2310.0,5300,0.0,0.0
2023-12-29 14:00:00+09:00,2314.0,2315.0,2307.0,2313.0,2400,0.0,0.0
2024-01-04 09:00:00+09:00,2307.0,2307.0,2268.0,2282.0,11700,0.0,0.0
2024-01-04 10:00:00+09:00,2284.0,2312.0,2278.0,2312.0,5200,0.0,0.0
2024-01-04 11:00:00+09:00,2311.0,2314.0,2310.0,2313.0,0,0.0,0.0
2024-01-04 12:00:00+09:00,2314.0,2320.0,2314.0,2320.0,20400,0.0,0.0
2024-01-04 13:00:00+09:00,2322.0,2327.0,2315.0,2326.0,6200,0.0,0.0
2024-01-04 14:00:00+09:00,2322.0,2335.0,2318.0,2329.0,7100,0.0,0.0
2024-01-05 09:00:00+09:00,2355.0,2409.0,2355.0,2379.0,20000,0.0,0.0
2024-01-05 10:00:00+09:00,2379.0,2384.0,2367.0,2367.0,2600,0.0,0.0
2024-01-05 11:00:00+09:00,2361.0,2365.0,2355.0,2355.0,0,0.0,0.0
2024-01-05 12:00:00+09:00,2357.0,2368.0,2353.0,2353.0,30100,0.0,0.0
2024-01-05 13:00:00+09:00,2350.0,2357.0,2348.0,2351.0,3500,0.0,0.0
2024-01-05 14:00:00+09:00,2350.0,2354.0,2337.0,2343.0,6100,0.0,0.0
2024-01-09 09:00:00+09:00,2386.0,2386.0,2366.0,2366.0,8700,0.0,0.0
2024-01-09 10:00:00+09:00,2376.0,2384.0,2376.0,2379.0,1800,0.0,0.0
2024-01-09 11:00:00+09:00,2380.0,2383.0,2374.0,2383.0,0,0.0,0.0
2024-01-09 12:00:00+09:00,2376.0,2402.0,2372.0,2389.0,20300,0.0,0.0
2024-01-09 13:00:00+09:00,2392.0,2392.0,2372.0,2386.0,2300,0.0,0.0
2024-01-09 14:00:00+09:00,2387.0,2395.0,2387.0,2395.0,6300,0.0,0.0
2024-01-10 09:00:00+09:00,2389.0,2399.0,2377.0,2390.0,4900,0.0,0.0
2024-01-10 10:00:00+09:00,2391.0,2400.0,2391.0,2400.0,2800,0.0,0.0
2024-01-10 11:00:00+09:00,2400.0,2403.0,2397.0,2400.0,0,0.0,0.0
2024-01-10 12:00:00+09:00,2400.0,2400.0,2395.0,2400.0,10500,0.0,0.0
2024-01-10 13:00:00+09:00,2396.0,2398.0,2383.0,2385.0,4600,0.0,0.0
2024-01-10 14:00:00+09:00,2388.0,2388.0,2377.0,2379.0,3000,0.0,0.0
2024-01-11 09:00:00+09:00,2404.0,2409.0,2397.0,2404.0,2800,0.0,0.0
2024-01-11 10:00:00+09:00,2404.0,2408.0,2390.0,2390.0,7500,0.0,0.0
2024-01-11 11:00:00+09:00,2383.0,2396.0,2383.0,2396.0,0,0.0,0.0
2024-01-11 12:00:00+09:00,2396.0,2396.0,2382.0,2384.0,14400,0.0,0.0
2024-01-11 13:00:00+09:00,2384.0,2390.0,2383.0,2390.0,1200,0.0,0.0
2024-01-11 14:00:00+09:00,2388.0,2391.0,2385.0,2391.0,3500,0.0,0.0
2024-01-12 09:00:00+09:00,2389.0,2438.0,2389.0,2420.0,0,0.0,0.0
2024-01-12 10:00:00+09:00,2417.0,2428.0,2414.0,2418.0,5800,0.0,0.0
2024-01-12 11:00:00+09:00,2419.0,2423.0,2412.0,2420.0,0,0.0,0.0
2024-01-12 12:00:00+09:00,2419.0,2426.0,2416.0,2426.0,22200,0.0,0.0
2024-01-12 13:00:00+09:00,2423.0,2447.0,2423.0,2444.0,8900,0.0,0.0
2024-01-12 14:00:00+09:00,2446.0,2461.0,2445.0,2454.0,10100,0.0,0.0
2024-01-15 09:00:00+09:00,2437.0,2463.0,2437.0,2463.0,0,0.0,0.0
2024-01-15 10:00:00+09:00,2462.0,2464.0,2452.0,2456.0,9000,0.0,0.0
2024-01-15 11:00:00+09:00,2458.0,2462.0,2457.0,2462.0,0,0.0,0.0
2024-01-15 12:00:00+09:00,2462.0,2466.0,2456.0,2466.0,14700,0.0,0.0
2024-01-15 13:00:00+09:00,2468.0,2477.0,2465.0,2477.0,4500,0.0,0.0
2024-01-15 14:00:00+09:00,2480.0,2480.0,2471.0,2476.0,3100,0.0,0.0
2024-01-16 09:00:00+09:00,2476.0,2508.0,2476.0,2508.0,9700,0.0,0.0
2024-01-16 10:00:00+09:00,2504.0,2521.0,2491.0,2521.0,11800,0.0,0.0
2024-01-16 11:00:00+09:00,2521.0,2522.0,2510.0,2511.0,0,0.0,0.0
2024-01-16 12:00:00+09:00,2516.0,2516.0,2506.0,2508.0,30600,0.0,0.0
2024-01-16 13:00:00+09:00,2506.0,2506.0,2488.0,2490.0,2500,0.0,0.0
2024-01-16 14:00:00+09:00,2492.0,2504.0,2492.0,2495.0,4500,0.0,0.0
2024-01-17 09:00:00+09:00,2520.0,2520.0,2463.0,2468.0,8800,0.0,0.0
2024-01-17 10:00:00+09:00,2469.0,2483.0,2445.0,2450.0,9800,0.0,0.0
2024-01-17 11:00:00+09:00,2453.0,2455.0,2440.0,2448.0,0,0.0,0.0
2024-01-17 12:00:00+09:00,2466.0,2466.0,2442.0,2443.0,23100,0.0,0.0
2024-01-17 13:00:00+09:00,2445.0,2463.0,2445.0,2460.0,4500,0.0,0.0
2024-01-17 14:00:00+09:00,2461.0,2465.0,2448.0,2448.0,6300,0.0,0.0
2024-01-18 09:00:00+09:00,2470.0,2482.0,2462.0,2482.0,5400,0.0,0.0
2024-01-18 10:00:00+09:00,2484.0,2510.0,2471.0,2510.0,9300,0.0,0.0
2024-01-18 11:00:00+09:00,2508.0,2508.0,2496.0,2504.0,0,0.0,0.0
2024-01-18 12:00:00+09:00,2503.0,2511.0,2493.0,2508.0,24200,0.0,0.0
2024-01-18 13:00:00+09:00,2507.0,2515.0,2502.0,2509.0,6800,0.0,0.0
2024-01-18 14:00:00+09:00,2510.0,2511.0,2498.0,2508.0,4400,0.0,0.0
2024-01-19 09:00:00+09:00,2526.0,2552.0,2512.0,2551.0,19800,0.0,0.0
2024-01-19 10:00:00+09:00,2552.0,2575.0,2552.0,2565.0,7900,0.0,0.0
2024-01-19 11:00:00+09:00,2565.0,2569.0,2562.0,2569.0,0,0.0,0.0
2024-01-19 12:00:00+09:00,2567.0,2570.0,2555.0,2560.0,34600,0.0,0.0
2024-01-19 13:00:00+09:00,2558.0,2559.0,2547.0,2549.0,3500,0.0,0.0
2024-01-19 14:00:00+09:00,2550.0,2554.0,2546.0,2551.0,6300,0.0,0.0
2024-01-22 09:00:00+09:00,2542.0,2563.0,2540.0,2558.0,7000,0.0,0.0
2024-01-22 10:00:00+09:00,2558.0,2558.0,2543.0,2543.0,2900,0.0,0.0
2024-01-22 11:00:00+09:00,2547.0,2551.0,2547.0,2551.0,0,0.0,0.0
2024-01-22 12:00:00+09:00,2551.0,2551.0,2544.0,2544.0,14000,0.0,0.0
2024-01-22 13:00:00+09:00,2544.0,2551.0,2544.0,2551.0,500,0.0,0.0
2024-01-22 14:00:00+09:00,2547.0,2554.0,2544.0,2544.0,3100,0.0,0.0
2024-01-23 09:00:00+09:00,2566.0,2592.0,2564.0,2588.0,10500,0.0,0.0
2024-01-23 10:00:00+09:00,2590.0,2594.0,2586.0,2592.0,4500,0.0,0.0
2024-01-23 11:00:00+09:00,2591.0,2592.0,2589.0,2592.0,0,0.0,0.0
2024-01-23 12:00:00+09:00,2592.0,2595.0,2561.0,2561.0,23000,0.0,0.0
2024-01-23 13:00:00+09:00,2559.0,2574.0,2559.0,2571.0,6000,0.0,0.0
2024-01-23 14:00:00+09:00,2569.0,2570.0,2558.0,2558.0,2100,0.0,0.0
2024-01-24 09:00:00+09:00,2570.0,2583.0,2532.0,2533.0,4600,0.0,0.0
2024-01-24 10:00:00+09:00,2530.0,2532.0,2512.0,2512.0,2400,0.0,0.0
2024-01-24 11:00:00+09:00,2513.0,2513.0,2498.0,2498.0,0,0.0,0.0
2024-01-24 12:00:00+09:00,2482.0,2500.0,2482.0,2500.0,12600,0.0,0.0
2024-01-24 13:00:00+09:00,2501.0,2506.0,2501.0,2506.0,500,0.0,0.0
2024-01-24 14:00:00+09:00,2500.0,2508.0,2477.0,2482.0,5400,0.0,0.0
2024-01-25 09:00:00+09:00,2488.0,2515.0,2486.0,2515.0,0,0.0,0.0
2024-01-25 10:00:00+09:00,2507.0,2507.0,2477.0,2481.0,6600,0.0,0.0
2024-01-25 11:00:00+09:00,2483.0,2510.0,2483.0,2510.0,0,0.0,0.0
2024-01-25 12:00:00+09:00,2514.0,2514.0,2501.0,2501.0,10200,0.0,0.0
2024-01-25 13:00:00+09:00,2503.0,2531.0,2503.0,2520.0,4200,0.0,0.0
2024-01-25 14:00:00+09:00,2528.0,2529.0,2505.0,2526.0,6700,0.0,0.0
2024-01-26 09:00:00+09:00,2523.0,2555.0,2523.0,2551.0,0,0.0,0.0
2024-01-26 10:00:00+09:00,2551.0,2554.0,2539.0,2540.0,8300,0.0,0.0
2024-01-26 11:00:00+09:00,2544.0,2554.0,2544.0,2551.0,0,0.0,0.0
2024-01-26 12:00:00+09:00,2551.0,2554.0,2545.0,2554.0,11300,0.0,0.0
2024-01-26 13:00:00+09:00,2555.0,2556.0,2532.0,2532.0,4800,0.0,0.0
2024-01-26 14:00:00+09:00,2528.0,2540.0,2523.0,2537.0,2700,0.0,0.0
2024-01-29 09:00:00+09:00,2542.0,2608.0,2542.0,2598.0,14400,0.0,0.0
2024-01-29 10:00:00+09:00,2600.0,2615.0,2596.0,2615.0,8000,0.0,0.0
2024-01-29 11:00:00+09:00,2615.0,2618.0,2604.0,2606.0,0,0.0,0.0
2024-01-29 12:00:00+09:00,2606.0,2614.0,2606.0,2606.0,29100,0.0,0.0
2024-01-29 13:00:00+09:00,2606.0,2608.0,2600.0,2605.0,0,0.0,0.0
2024-01-29 14:00:00+09:00,2608.0,2612.0,2600.0,2612.0,37600,0.0,0.0
2024-01-30 09:00:00+09:00,2591.0,2591.0,2566.0,2586.0,4900,0.0,0.0
2024-01-30 10:00:00+09:00,2600.0,2600.0,2572.0,2589.0,3100,0.0,0.0
2024-01-30 11:00:00+09:00,2588.0,2596.0,2580.0,2590.0,0,0.0,0.0
2024-01-30 12:00:00+09:00,2581.0,2598.0,2581.0,2598.0,11100,0.0,0.0
2024-01-30 13:00:00+09:00,2591.0,2600.0,2585.0,2591.0,3000,0.0,0.0
2024-01-30 14:00:00+09:00,2585.0,2595.0,2540.0,2540.0,9200,0.0,0.0
2024-01-31 09:00:00+09:00,2534.0,2557.0,2525.0,2540.0,4300,0.0,0.0
2024-01-31 10:00:00+09:00,2543.0,2554.0,2540.0,2554.0,1700,0.0,0.0
2024-01-31 11:00:00+09:00,2555.0,2555.0,2547.0,2552.0,0,0.0,0.0
2024-01-31 12:00:00+09:00,2552.0,2555.0,2552.0,2555.0,7400,0.0,0.0
2024-01-31 13:00:00+09:00,2556.0,2564.0,2551.0,2564.0,1600,0.0,0.0
2024-01-31 14:00:00+09:00,2562.0,2563.0,2556.0,2563.0,3000,0.0,0.0
2024-02-01 09:00:00+09:00,2539.0,2558.0,2529.0,2555.0,0,0.0,0.0
2024-02-01 10:00:00+09:00,2558.0,2559.0,2553.0,2559.0,3600,0.0,0.0
2024-02-01 11:00:00+09:00,2558.0,2558.0,2554.0,2554.0,0,0.0,0.0
2024-02-01 12:00:00+09:00,2559.0,2564.0,2559.0,2564.0,5400,0.0,0.0
2024-02-01 13:00:00+09:00,2557.0,2562.0,2549.0,2562.0,3900,0.0,0.0
2024-02-01 14:00:00+09:00,2556.0,2562.0,2555.0,2562.0,5100,0.0,0.0
2024-02-02 09:00:00+09:00,2544.0,2570.0,2542.0,2570.0,7000,0.0,0.0
2024-02-02 10:00:00+09:00,2575.0,2580.0,2573.0,2576.0,2600,0.0,0.0
2024-02-02 11:00:00+09:00,2573.0,2573.0,2568.0,2568.0,0,0.0,0.0
2024-02-02 12:00:00+09:00,2568.0,2568.0,2558.0,2560.0,11700,0.0,0.0
2024-02-02 13:00:00+09:00,2556.0,2575.0,2554.0,2570.0,3700,0.0,0.0
2024-02-02 14:00:00+09:00,2569.0,2573.0,2557.0,2565.0,3600,0.0,0.0
2024-02-05 09:00:00+09:00,2573.0,2606.0,2566.0,2598.0,0,0.0,0.0
2024-02-05 10:00:00+09:00,2598.0,2613.0,2592.0,2592.0,21400,0.0,0.0
2024-02-05 11:00:00+09:00,2593.0,2599.0,2593.0,2599.0,0,0.0,0.0
2024-02-05 12:00:00+09:00,2599.0,2605.0,2593.0,2597.0,26700,0.0,0.0
2024-02-05 13:00:00+09:00,2597.0,2597.0,2595.0,2595.0,1700,0.0,0.0
2024-02-05 14:00:00+09:00,2596.0,2604.0,2596.0,2604.0,4500,0.0,0.0
2024-02-06 09:00:00+09:00,2575.0,2595.0,2566.0,2595.0,5200,0.0,0.0
2024-02-06 10:00:00+09:00,2585.0,2615.0,2583.0,2615.0,4200,0.0,0.0
2024-02-06 11:00:00+09:00,2615.0,2615.0,2603.0,2605.0,0,0.0,0.0
2024-02-06 12:00:00+09:00,2607.0,2607.0,2599.0,2599.0,11100,0.0,0.0
2024-02-06 13:00:00+09:00,2605.0,2633.0,2599.0,2615.0,6500,0.0,0.0
2024-02-06 14:00:00+09:00,2611.0,2617.0,2608.0,2610.0,1600,0.0,0.0
2024-02-07 09:00:00+09:00,2620.0,2635.0,2595.0,2634.0,6900,0.0,0.0
2024-02-07 10:00:00+09:00,2632.0,2655.0,2632.0,2640.0,9100,0.0,0.0
2024-02-07 11:00:00+09:00,2645.0,2645.0,2645.0,2645.0,0,0.0,0.0
2024-02-07 12:00:00+09:00,2650.0,2657.0,2643.0,2656.0,21800,0.0,0.0
2024-02-07 13:00:00+09:00,2655.0,2672.0,2653.0,2672.0,8600,0.0,0.0
2024-02-07 14:00:00+09:00,2672.0,2688.0,2668.0,2688.0,14100,0.0,0.0
2024-02-08 09:00:00+09:00,2681.0,2700.0,2662.0,2675.0,7700,0.0,0.0
2024-02-08 10:00:00+09:00,2680.0,2687.0,2665.0,2674.0,3000,0.0,0.0
2024-02-08 11:00:00+09:00,2674.0,2687.0,2673.0,2680.0,0,0.0,0.0
2024-02-08 12:00:00+09:00,2680.0,2683.0,2672.0,2680.0,19800,0.0,0.0
2024-02-08 13:00:00+09:00,2672.0,2678.0,2651.0,2662.0,0,0.0,0.0
2024-02-08 14:00:00+09:00,2660.0,2671.0,2657.0,2662.0,28700,0.0,0.0
2024-02-09 09:00:00+09:00,2651.0,2672.0,2638.0,2666.0,3400,0.0,0.0
2024-02-09 10:00:00+09:00,2664.0,2677.0,2662.0,2665.0,3800,0.0,0.0
2024-02-09 11:00:00+09:00,2663.0,2663.0,2650.0,2657.0,0,0.0,0.0
2024-02-09 12:00:00+09:00,2659.0,2661.0,2650.0,2655.0,11800,0.0,0.0
2024-02-09 13:00:00+09:00,2655.0,2660.0,2642.0,2652.0,2900,0.0,0.0
2024-02-09 14:00:00+09:00,2650.0,2675.0,2650.0,2668.0,5400,0.0,0.0
2024-02-13 09:00:00+09:00,2699.0,2740.0,2697.0,2724.0,26100,0.0,0.0
2024-02-13 10:00:00+09:00,2720.0,2748.0,2710.0,2714.0,18000,0.0,0.0
2024-02-13 11:00:00+09:00,2712.0,2731.0,2710.0,2729.0,0,0.0,0.0
2024-02-13 12:00:00+09:00,2718.0,2729.0,2712.0,2720.0,51500,0.0,0.0
2024-02-13 13:00:00+09:00,2713.0,2723.0,2700.0,2716.0,6800,0.0,0.0
2024-02-13 14:00:00+09:00,2710.0,2728.0,2707.0,2710.0,7200,0.0,0.0
2024-02-14 09:00:00+09:00,2690.0,2710.0,2616.0,2626.0,25500,0.0,0.0
2024-02-14 10:00:00+09:00,2620.0,2630.0,2607.0,2612.0,14500,0.0,0.0
2024-02-14 11:00:00+09:00,2614.0,2615.0,2593.0,2603.0,0,0.0,0.0
2024-02-14 12:00:00+09:00,2602.0,2647.0,2599.0,2623.0,63000,0.0,0.0
2024-02-14 13:00:00+09:00,2627.0,2635.0,2610.0,2624.0,15800,0.0,0.0
2024-02-14 14:00:00+09:00,2625.0,2645.0,2619.0,2635.0,14500,0.0,0.0
2024-02-15 09:00:00+09:00,2591.0,2615.0,2460.0,2462.0,71100,0.0,0.0
2024-02-15 10:00:00+09:00,2475.0,2481.0,2432.0,2451.0,23900,0.0,0.0
2024-02-15 11:00:00+09:00,2469.0,2470.0,2431.0,2432.0,0,0.0,0.0
2024-02-15 12:00:00+09:00,2438.0,2450.0,2426.0,2430.0,113300,0.0,0.0
2024-02-15 13:00:00+09:00,2432.0,2439.0,2419.0,2420.0,11700,0.0,0.0
2024-02-15 14:00:00+09:00,2419.0,2434.0,2406.0,2406.0,15600,0.0,0.0
2024-02-16 09:00:00+09:00,2410.0,2463.0,2393.0,2451.0,28900,0.0,0.0
2024-02-16 10:00:00+09:00,2451.0,2460.0,2447.0,2451.0,4900,0.0,0.0
2024-02-16 11:00:00+09:00,2450.0,2468.0,2450.0,2468.0,0,0.0,0.0
2024-02-16 12:00:00+09:00,2470.0,2485.0,2463.0,2463.0,50600,0.0,0.0
2024-02-16 13:00:00+09:00,2459.0,2459.0,2434.0,2439.0,7500,0.0,0.0
2024-02-16 14:00:00+09:00,2441.0,2446.0,2433.0,2434.0,7000,0.0,0.0
2024-02-19 09:00:00+09:00,2430.0,2445.0,2421.0,2430.0,0,0.0,0.0
2024-02-19 10:00:00+09:00,2437.0,2437.0,2423.0,2430.0,17000,0.0,0.0
2024-02-19 11:00:00+09:00,2427.0,2446.0,2427.0,2442.0,0,0.0,0.0
2024-02-19 12:00:00+09:00,2447.0,2455.0,2439.0,2454.0,26800,0.0,0.0
2024-02-19 13:00:00+09:00,2453.0,2472.0,2453.0,2466.0,7800,0.0,0.0
2024-02-19 14:00:00+09:00,2466.0,2466.0,2450.0,2457.0,6300,0.0,0.0
2024-02-20 09:00:00+09:00,2454.0,2470.0,2427.0,2456.0,11100,0.0,0.0
2024-02-20 10:00:00+09:00,2450.0,2456.0,2436.0,2443.0,1700,0.0,0.0
2024-02-20 11:00:00+09:00,2440.0,2440.0,2426.0,2426.0,0,0.0,0.0
2024-02-20 12:00:00+09:00,2426.0,2426.0,2412.0,2423.0,22300,0.0,0.0
2024-02-20 13:00:00+09:00,2425.0,2430.0,2419.0,2429.0,3400,0.0,0.0
2024-02-20 14:00:00+09:00,2422.0,2444.0,2422.0,2444.0,4100,0.0,0.0
2024-02-21 09:00:00+09:00,2422.0,2454.0,2412.0,2422.0,0,0.0,0.0
2024-02-21 10:00:00+09:00,2431.0,2449.0,2429.0,2445.0,13600,0.0,0.0
2024-02-21 11:00:00+09:00,2441.0,2441.0,2430.0,2433.0,0,0.0,0.0
2024-02-21 12:00:00+09:00,2433.0,2439.0,2433.0,2436.0,18700,0.0,0.0
2024-02-21 13:00:00+09:00,2441.0,2449.0,2438.0,2441.0,2700,0.0,0.0
2024-02-21 14:00:00+09:00,2444.0,2444.0,2435.0,2442.0,4200,0.0,0.0
2024-02-22 09:00:00+09:00,2435.0,2462.0,2415.0,2442.0,0,0.0,0.0
2024-02-22 10:00:00+09:00,2452.0,2460.0,2450.0,2460.0,18800,0.0,0.0
2024-02-22 11:00:00+09:00,2457.0,2459.0,2452.0,2459.0,0,0.0,0.0
2024-02-22 12:00:00+09:00,2460.0,2468.0,2451.0,2457.0,24800,0.0,0.0
2024-02-22 13:00:00+09:00,2454.0,2461.0,2442.0,2461.0,6100,0.0,0.0
2024-02-22 14:00:00+09:00,2461.0,2466.0,2456.0,2465.0,6700,0.0,0.0
2024-02-26 09:00:00+09:00,2468.0,2521.0,2462.0,2517.0,0,0.0,0.0
2024-02-26 10:00:00+09:00,2515.0,2520.0,2503.0,2517.0,23200,0.0,0.0
2024-02-26 11:00:00+09:00,2510.0,2510.0,2499.0,2507.0,0,0.0,0.0
2024-02-26 12:00:00+09:00,2503.0,2503.0,2486.0,2490.0,25600,0.0,0.0
2024-02-26 13:00:00+09:00,2486.0,2502.0,2485.0,2488.0,1300,0.0,0.0
2024-02-26 14:00:00+09:00,2496.0,2498.0,2486.0,2497.0,4500,0.0,0.0
2024-02-27 09:00:00+09:00,2489.0,2524.0,2489.0,2520.0,8300,0.0,0.0
2024-02-27 10:00:00+09:00,2524.0,2530.0,2519.0,2519.0,0,0.0,0.0
2024-02-27 11:00:00+09:00,2519.0,2532.0,2519.0,2531.0,0,0.0,0.0
2024-02-27 12:00:00+09:00,2526.0,2532.0,2521.0,2532.0,18800,0.0,0.0
2024-02-27 13:00:00+09:00,2532.0,2544.0,2529.0,2535.0,3500,0.0,0.0
2024-02-27 14:00:00+09:00,2541.0,2544.0,2526.0,2538.0,6100,0.0,0.0
2024-02-28 09:00:00+09:00,2499.0,2502.0,2465.0,2465.0,0,0.0,0.0
2024-02-28 10:00:00+09:00,2465.0,2465.0,2445.0,2465.0,20500,0.0,0.0
2024-02-28 11:00:00+09:00,2460.0,2464.0,2458.0,2461.0,0,0.0,0.0
2024-02-28 12:00:00+09:00,2462.0,2485.0,2456.0,2480.0,27400,0.0,0.0
2024-02-28 13:00:00+09:00,2475.0,2478.0,2469.0,2477.0,1500,0.0,0.0
2024-02-28 14:00:00+09:00,2475.0,2486.0,2474.0,2486.0,6100,0.0,0.0
2024-02-29 09:00:00+09:00,2469.0,2504.0,2461.0,2483.0,11400,0.0,0.0
2024-02-29 10:00:00+09:00,2479.0,2486.0,2474.0,2482.0,1600,0.0,0.0
2024-02-29 11:00:00+09:00,2481.0,2481.0,2466.0,2474.0,0,0.0,0.0
2024-02-29 12:00:00+09:00,2471.0,2480.0,2471.0,2480.0,16500,0.0,0.0
2024-02-29 13:00:00+09:00,2481.0,2488.0,2480.0,2488.0,1700,0.0,0.0
2024-02-29 14:00:00+09:00,2489.0,2490.0,2470.0,2470.0,4100,0.0,0.0
2024-03-01 09:00:00+09:00,2471.0,2494.0,2462.0,2479.0,7100,0.0,0.0
2024-03-01 10:00:00+09:00,2481.0,2481.0,2448.0,2449.0,6500,0.0,0.0
2024-03-01 11:00:00+09:00,2448.0,2450.0,2435.0,2443.0,0,0.0,0.0
2024-03-01 12:00:00+09:00,2442.0,2445.0,2435.0,2445.0,22500,0.0,0.0
2024-03-01 13:00:00+09:00,2449.0,2457.0,2440.0,2451.0,5100,0.0,0.0
2024-03-01 14:00:00+09:00,2457.0,2479.0,2456.0,2469.0,9900,0.0,0.0
2024-03-04 09:00:00+09:00,2470.0,2482.0,2431.0,2476.0,0,0.0,0.0
2024-03-04 10:00:00+09:00,2473.0,2485.0,2459.0,2459.0,23400,0.0,0.0
2024-03-04 11:00:00+09:00,2452.0,2458.0,2451.0,2452.0,0,0.0,0.0
2024-03-04 12:00:00+09:00,2453.0,2457.0,2449.0,2457.0,27300,0.0,0.0
2024-03-04 13:00:00+09:00,2459.0,2460.0,2448.0,2451.0,4900,0.0,0.0
2024-03-04 14:00:00+09:00,2448.0,2454.0,2441.0,2441.0,4300,0.0,0.0
2024-03-05 09:00:00+09:00,2425.0,2436.0,2406.0,2415.0,11800,0.0,0.0
2024-03-05 10:00:00+09:00,2418.0,2430.0,2418.0,2430.0,1100,0.0,0.0
2024-03-05 11:00:00+09:00,2433.0,2445.0,2433.0,2445.0,0,0.0,0.0
2024-03-05 12:00:00+09:00,2441.0,2459.0,2438.0,2451.0,20800,0.0,0.0
2024-03-05 13:00:00+09:00,2455.0,2467.0,2452.0,2465.0,7500,0.0,0.0
2024-03-05 14:00:00+09:00,2464.0,2494.0,2464.0,2493.0,7800,0.0,0.0
2024-03-06 09:00:00+09:00,2472.0,2613.0,2472.0,2593.0,33800,0.0,0.0
2024-03-06 10:00:00+09:00,2592.0,2592.0,2562.0,2584.0,7700,0.0,0.0
2024-03-06 11:00:00+09:00,2587.0,2589.0,2575.0,2575.0,0,0.0,0.0
2024-03-06 12:00:00+09:00,2575.0,2584.0,2567.0,2567.0,49200,0.0,0.0
2024-03-06 13:00:00+09:00,2564.0,2574.0,2549.0,2566.0,7500,0.0,0.0
2024-03-06 14:00:00+09:00,2564.0,2580.0,2550.0,2556.0,20500,0.0,0.0
2024-03-07 09:00:00+09:00,2579.0,2588.0,2554.0,2585.0,6500,0.0,0.0
2024-03-07 10:00:00+09:00,2577.0,2582.0,2552.0,2552.0,4300,0.0,0.0
2024-03-07 11:00:00+09:00,2550.0,2555.0,2545.0,2550.0,0,0.0,0.0
2024-03-07 12:00:00+09:00,2550.0,2550.0,2537.0,2547.0,12600,0.0,0.0
2024-03-07 13:00:00+09:00,2547.0,2572.0,2544.0,2549.0,3100,0.0,0.0
2024-03-07 14:00:00+09:00,2556.0,2572.0,2545.0,2572.0,3500,0.0,0.0
2024-03-08 09:00:00+09:00,2548.0,2627.0,2548.0,2625.0,0,0.0,0.0
2024-03-08 10:00:00+09:00,2623.0,2628.0,2602.0,2615.0,17000,0.0,0.0
2024-03-08 11:00:00+09:00,2606.0,2606.0,2603.0,2603.0,0,0.0,0.0
2024-03-08 12:00:00+09:00,2567.0,2612.0,2567.0,2595.0,21400,0.0,0.0
2024-03-08 13:00:00+09:00,2596.0,2604.0,2582.0,2582.0,3100,0.0,0.0
2024-03-08 14:00:00+09:00,2578.0,2592.0,2578.0,2592.0,3700,0.0,0.0
2024-03-11 09:00:00+09:00,2580.0,2602.0,2540.0,2546.0,11800,0.0,0.0
2024-03-11 10:00:00+09:00,2547.0,2554.0,2537.0,2548.0,3000,0.0,0.0
2024-03-11 11:00:00+09:00,2538.0,2538.0,2529.0,2533.0,0,0.0,0.0
2024-03-11 12:00:00+09:00,2583.0,2583.0,2526.0,2540.0,17800,0.0,0.0
2024-03-11 13:00:00+09:00,2537.0,2537.0,2504.0,2511.0,7600,0.0,0.0
2024-03-11 14:00:00+09:00,2514.0,2519.0,2500.0,2508.0,4200,0.0,0.0
2024-03-12 09:00:00+09:00,2534.0,2534.0,2499.0,2515.0,2600,0.0,0.0
2024-03-12 10:00:00+09:00,2503.0,2511.0,2493.0,2493.0,2300,0.0,0.0
2024-03-12 11:00:00+09:00,2499.0,2500.0,2490.0,2500.0,0,0.0,0.0
2024-03-12 12:00:00+09:00,2496.0,2517.0,2496.0,2510.0,8300,0.0,0.0
2024-03-12 13:00:00+09:00,2522.0,2529.0,2516.0,2529.0,800,0.0,0.0
2024-03-12 14:00:00+09:00,2529.0,2533.0,2520.0,2533.0,3300,0.0,0.0
2024-03-13 09:00:00+09:00,2569.0,2581.0,2493.0,2538.0,12500,0.0,0.0
2024-03-13 10:00:00+09:00,2540.0,2540.0,2520.0,2527.0,1100,0.0,0.0
2024-03-13 11:00:00+09:00,2527.0,2529.0,2520.0,2520.0,0,0.0,0.0
2024-03-13 12:00:00+09:00,2529.0,2529.0,2501.0,2508.0,17800,0.0,0.0
2024-03-13 13:00:00+09:00,2516.0,2527.0,2516.0,2525.0,1600,0.0,0.0
2024-03-13 14:00:00+09:00,2526.0,2527.0,2520.0,2520.0,1500,0.0,0.0
2024-03-14 09:00:00+09:00,2529.0,2529.0,2512.0,2517.0,1800,0.0,0.0
2024-03-14 10:00:00+09:00,2516.0,2518.0,2508.0,2518.0,1600,0.0,0.0
2024-03-14 11:00:00+09:00,2523.0,2528.0,2519.0,2519.0,0,0.0,0.0
2024-03-14 12:00:00+09:00,2528.0,2536.0,2520.0,2534.0,4800,0.0,0.0
2024-03-14 13:00:00+09:00,2534.0,2538.0,2529.0,2538.0,600,0.0,0.0
2024-03-14 14:00:00+09:00,2543.0,2548.0,2530.0,2542.0,3000,0.0,0.0
2024-03-15 09:00:00+09:00,2541.0,2544.0,2533.0,2533.0,500,0.0,0.0
2024-03-15 10:00:00+09:00,2531.0,2545.0,2531.0,2545.0,500,0.0,0.0
2024-03-15 11:00:00+09:00,2543.0,2553.0,2543.0,2553.0,0,0.0,0.0
2024-03-15 12:00:00+09:00,2553.0,2559.0,2553.0,2553.0,2900,0.0,0.0
2024-03-15 13:00:00+09:00,2560.0,2560.0,2529.0,2529.0,1500,0.0,0.0
2024-03-15 14:00:00+09:00,2529.0,2536.0,2521.0,2536.0,3100,0.0,0.0
2024-03-18 09:00:00+09:00,2540.0,2563.0,2520.0,2558.0,6500,0.0,0.0
2024-03-18 10:00:00+09:00,2560.0,2563.0,2552.0,2560.0,1200,0.0,0.0
2024-03-18 11:00:00+09:00,2556.0,2564.0,2555.0,2563.0,0,0.0,0.0
2024-03-18 12:00:00+09:00,2563.0,2578.0,2560.0,2578.0,11200,0.0,0.0
2024-03-18 13:00:00+09:00,2577.0,2580.0,2567.0,2579.0,2000,0.0,0.0
2024-03-18 14:00:00+09:00,2580.0,2603.0,2580.0,2602.0,9400,0.0,0.0
2024-03-19 09:00:00+09:00,2594.0,2648.0,2592.0,2643.0,11200,0.0,0.0
2024-03-19 10:00:00+09:00,2643.0,2644.0,2628.0,2637.0,1600,0.0,0.0
2024-03-19 11:00:00+09:00,2635.0,2640.0,2618.0,2618.0,0,0.0,0.0
2024-03-19 12:00:00+09:00,2592.0,2614.0,2592.0,2612.0,16700,0.0,0.0
2024-03-19 13:00:00+09:00,2619.0,2619.0,2605.0,2617.0,1700,0.0,0.0
2024-03-19 14:00:00+09:00,2612.0,2617.0,2599.0,2606.0,2900,0.0,0.0
2024-03-21 09:00:00+09:00,2624.0,2629.0,2597.0,2597.0,2400,0.0,0.0
2024-03-21 10:00:00+09:00,2608.0,2632.0,2597.0,2632.0,4700,0.0,0.0
2024-03-21 11:00:00+09:00,2628.0,2628.0,2627.0,2627.0,0,0.0,0.0
2024-03-21 12:00:00+09:00,2626.0,2626.0,2615.0,2616.0,9900,0.0,0.0
2024-03-21 13:00:00+09:00,2604.0,2621.0,2604.0,2621.0,1100,0.0,0.0
2024-03-21 14:00:00+09:00,2612.0,2618.0,2609.0,2611.0,700,0.0,0.0
2024-03-22 09:00:00+09:00,2620.0,2620.0,2587.0,2603.0,2800,0.0,0.0
2024-03-22 10:00:00+09:00,2605.0,2620.0,2605.0,2620.0,1100,0.0,0.0
2024-03-22 11:00:00+09:00,2616.0,2619.0,2606.0,2606.0,0,0.0,0.0
2024-03-22 12:00:00+09:00,2614.0,2618.0,2614.0,2618.0,5500,0.0,0.0
2024-03-22 13:00:00+09:00,2618.0,2629.0,2603.0,2629.0,1300,0.0,0.0
2024-03-22 14:00:00+09:00,2627.0,2634.0,2624.0,2632.0,3100,0.0,0.0
2024-03-25 09:00:00+09:00,2625.0,2662.0,2625.0,2662.0,11300,0.0,0.0
2024-03-25 10:00:00+09:00,2661.0,2670.0,2654.0,2660.0,6900,0.0,0.0
2024-03-25 11:00:00+09:00,2660.0,2660.0,2655.0,2659.0,0,0.0,0.0
2024-03-25 12:00:00+09:00,2659.0,2660.0,2651.0,2656.0,20200,0.0,0.0
2024-03-25 13:00:00+09:00,2655.0,2664.0,2653.0,2659.0,1800,0.0,0.0
2024-03-25 14:00:00+09:00,2660.0,2663.0,2655.0,2655.0,5800,0.0,0.0
2024-03-26 09:00:00+09:00,2639.0,2687.0,2639.0,2677.0,6400,0.0,0.0
2024-03-26 10:00:00+09:00,2672.0,2674.0,2659.0,2667.0,1700,0.0,0.0
2024-03-26 11:00:00+09:00,2665.0,2678.0,2665.0,2678.0,0,0.0,0.0
2024-03-26 12:00:00+09:00,2678.0,2678.0,2660.0,2661.0,10700,0.0,0.0
2024-03-26 13:00:00+09:00,2665.0,2668.0,2655.0,2655.0,1200,0.0,0.0
2024-03-26 14:00:00+09:00,2651.0,2663.0,2650.0,2650.0,1700,0.0,0.0
2024-03-27 09:00:00+09:00,2651.0,2668.0,2650.0,2657.0,2100,0.0,0.0
2024-03-27 10:00:00+09:00,2662.0,2676.0,2660.0,2665.0,4200,0.0,0.0
2024-03-27 11:00:00+09:00,2654.0,2654.0,2654.0,2654.0,0,0.0,0.0
2024-03-27 12:00:00+09:00,2661.0,2665.0,2650.0,2662.0,9400,0.0,0.0
2024-03-27 13:00:00+09:00,2662.0,2662.0,2652.0,2655.0,1000,0.0,0.0
2024-03-27 14:00:00+09:00,2661.0,2662.0,2650.0,2650.0,1900,0.0,0.0
2024-03-28 09:00:00+09:00,2653.0,2654.0,2646.0,2650.0,1100,0.0,0.0
2024-03-28 10:00:00+09:00,2648.0,2648.0,2628.0,2643.0,2300,0.0,0.0
2024-03-28 11:00:00+09:00,2631.0,2631.0,2631.0,2631.0,0,0.0,0.0
2024-03-28 12:00:00+09:00,2631.0,2631.0,2631.0,2631.0,3800,0.0,0.0
2024-03-28 13:00:00+09:00,2630.0,2633.0,2628.0,2628.0,1300,0.0,0.0
2024-03-28 14:00:00+09:00,2625.0,2631.0,2615.0,2627.0,2400,0.0,0.0
2024-03-29 09:00:00+09:00,2624.0,2663.0,2615.0,2640.0,5400,0.0,0.0
2024-03-29 10:00:00+09:00,2629.0,2656.0,2629.0,2656.0,6000,0.0,0.0
2024-03-29 11:00:00+09:00,2657.0,2661.0,2642.0,2642.0,0,0.0,0.0
2024-03-29 12:00:00+09:00,2654.0,2660.0,2654.0,2659.0,14100,0.0,0.0
2024-03-29 13:00:00+09:00,2659.0,2659.0,2634.0,2645.0,3300,0.0,0.0
2024-03-29 14:00:00+09:00,2647.0,2661.0,2645.0,2661.0,3100,0.0,0.0
2024-04-01 09:00:00+09:00,2671.0,2702.0,2667.0,2698.0,13000,0.0,0.0
2024-04-01 10:00:00+09:00,2692.0,2692.0,2682.0,2682.0,1300,0.0,0.0
2024-04-01 11:00:00+09:00,2687.0,2687.0,2679.0,2685.0,0,0.0,0.0
2024-04-01 12:00:00+09:00,2684.0,2719.0,2672.0,2710.0,20900,0.0,0.0
2024-04-01 13:00:00+09:00,2707.0,2717.0,2700.0,2709.0,2700,0.0,0.0
2024-04-01 14:00:00+09:00,2712.0,2712.0,2670.0,2674.0,3000,0.0,0.0
2024-04-02 09:00:00+09:00,2678.0,2682.0,2616.0,2637.0,9400,0.0,0.0
2024-04-02 10:00:00+09:00,2629.0,2646.0,2629.0,2634.0,1500,0.0,0.0
2024-04-02 11:00:00+09:00,2633.0,2641.0,2630.0,2630.0,0,0.0,0.0
2024-04-02 12:00:00+09:00,2630.0,2642.0,2612.0,2612.0,14200,0.0,0.0
2024-04-02 13:00:00+09:00,2610.0,2620.0,2604.0,2605.0,1200,0.0,0.0
2024-04-02 14:00:00+09:00,2606.0,2623.0,2601.0,2612.0,9800,0.0,0.0
2024-04-03 09:00:00+09:00,2603.0,2680.0,2601.0,2680.0,0,0.0,0.0
2024-04-03 10:00:00+09:00,2676.0,2677.0,2665.0,2669.0,9900,0.0,0.0
2024-04-03 11:00:00+09:00,2679.0,2679.0,2672.0,2672.0,0,0.0,0.0
2024-04-03 12:00:00+09:00,2677.0,2688.0,2677.0,2684.0,13000,0.0,0.0
2024-04-03 13:00:00+09:00,2682.0,2682.0,2679.0,2680.0,700,0.0,0.0
2024-04-03 14:00:00+09:00,2676.0,2678.0,2668.0,2675.0,0,0.0,0.0
2024-04-04 09:00:00+09:00,2695.0,2695.0,2662.0,2669.0,3100,0.0,0.0
2024-04-04 10:00:00+09:00,2662.0,2679.0,2662.0,2679.0,1100,0.0,0.0
2024-04-04 11:00:00+09:00,2689.0,2690.0,2679.0,2690.0,0,0.0,0.0
2024-04-04 12:00:00+09:00,2690.0,2695.0,2683.0,2690.0,5700,0.0,0.0
2024-04-04 13:00:00+09:00,2695.0,2718.0,2695.0,2704.0,5300,0.0,0.0
2024-04-04 14:00:00+09:00,2699.0,2713.0,2690.0,2690.0,3600,0.0,0.0
2024-04-05 09:00:00+09:00,2671.0,2762.0,2662.0,2760.0,15100,0.0,0.0
2024-04-05 10:00:00+09:00,2762.0,2773.0,2749.0,2754.0,7300,0.0,0.0
2024-04-05 11:00:00+09:00,2760.0,2762.0,2751.0,2755.0,0,0.0,0.0
2024-04-05 12:00:00+09:00,2763.0,2769.0,2754.0,2755.0,34300,0.0,0.0
2024-04-05 13:00:00+09:00,2755.0,2765.0,2745.0,2745.0,1100,0.0,0.0
2024-04-05 14:00:00+09:00,2747.0,2753.0,2731.0,2748.0,4600,0.0,0.0
2024-04-08 09:00:00+09:00,2773.0,2812.0,2773.0,2783.0,17600,0.0,0.0
2024-04-08 10:00:00+09:00,2783.0,2820.0,2777.0,2820.0,7500,0.0,0.0
2024-04-08 11:00:00+09:00,2825.0,2826.0,2819.0,2819.0,0,0.0,0.0
2024-04-08 12:00:00+09:00,2822.0,2831.0,2818.0,2829.0,33000,0.0,0.0
2024-04-08 13:00:00+09:00,2830.0,2830.0,2813.0,2817.0,3300,0.0,0.0
2024-04-08 14:00:00+09:00,2821.0,2835.0,2821.0,2835.0,5200,0.0,0.0
2024-04-09 09:00:00+09:00,2830.0,2880.0,2830.0,2876.0,9800,0.0,0.0
2024-04-09 10:00:00+09:00,2876.0,2876.0,2865.0,2865.0,0,0.0,0.0
2024-04-09 11:00:00+09:00,2867.0,2867.0,2867.0,2867.0,0,0.0,0.0
2024-04-09 12:00:00+09:00,2867.0,2877.0,2860.0,2860.0,12400,0.0,0.0
2024-04-09 13:00:00+09:00,2856.0,2856.0,2844.0,2846.0,3000,0.0,0.0
2024-04-09 14:00:00+09:00,2846.0,2871.0,2844.0,2867.0,3300,0.0,0.0
2024-04-10 09:00:00+09:00,2864.0,2907.0,2864.0,2900.0,7400,0.0,0.0
2024-04-10 10:00:00+09:00,2900.0,2904.0,2895.0,2895.0,2500,0.0,0.0
2024-04-10 11:00:00+09:00,2905.0,2922.0,2905.0,2921.0,0,0.0,0.0
2024-04-10 12:00:00+09:00,2921.0,2926.0,2921.0,2924.0,20100,0.0,0.0
2024-04-10 13:00:00+09:00,2918.0,2921.0,2901.0,2921.0,1400,0.0,0.0
2024-04-10 14:00:00+09:00,2913.0,2920.0,2873.0,2888.0,7700,0.0,0.0
2024-04-11 09:00:00+09:00,2866.0,2919.0,2866.0,2900.0,4600,0.0,0.0
2024-04-11 10:00:00+09:00,2909.0,2915.0,2897.0,2900.0,2100,0.0,0.0
2024-04-11 11:00:00+09:00,2901.0,2901.0,2901.0,2901.0,0,0.0,0.0
2024-04-11 12:00:00+09:00,2908.0,2915.0,2903.0,2911.0,8500,0.0,0.0
2024-04-11 13:00:00+09:00,2905.0,2905.0,2895.0,2895.0,500,0.0,0.0
2024-04-11 14:00:00+09:00,2895.0,2895.0,2868.0,2880.0,4200,0.0,0.0
2024-04-12 09:00:00+09:00,2907.0,2907.0,2850.0,2870.0,5500,0.0,0.0
2024-04-12 10:00:00+09:00,2883.0,2886.0,2883.0,2886.0,200,0.0,0.0
2024-04-12 11:00:00+09:00,2884.0,2884.0,2884.0,2884.0,0,0.0,0.0
2024-04-12 12:00:00+09:00,2887.0,2904.0,2879.0,2885.0,8200,0.0,0.0
2024-04-12 13:00:00+09:00,2874.0,2874.0,2871.0,2871.0,200,0.0,0.0
2024-04-12 14:00:00+09:00,2870.0,2886.0,2870.0,2886.0,2400,0.0,0.0
2024-04-15 09:00:00+09:00,2886.0,2944.0,2866.0,2934.0,9500,0.0,0.0
2024-04-15 10:00:00+09:00,2926.0,2945.0,2926.0,2930.0,2200,0.0,0.0
2024-04-15 11:00:00+09:00,2938.0,2950.0,2929.0,2943.0,0,0.0,0.0
2024-04-15 12:00:00+09:00,2947.0,2955.0,2940.0,2944.0,16700,0.0,0.0
2024-04-15 13:00:00+09:00,2951.0,2956.0,2945.0,2949.0,1800,0.0,0.0
2024-04-15 14:00:00+09:00,2954.0,2967.0,2954.0,2955.0,4700,0.0,0.0
2024-04-16 09:00:00+09:00,2968.0,2968.0,2894.0,2894.0,0,0.0,0.0
2024-04-16 10:00:00+09:00,2892.0,2892.0,2876.0,2891.0,8100,0.0,0.0
2024-04-16 11:00:00+09:00,2876.0,2876.0,2861.0,2861.0,0,0.0,0.0
2024-04-16 12:00:00+09:00,2868.0,2868.0,2837.0,2839.0,15300,0.0,0.0
2024-04-16 13:00:00+09:00,2839.0,2839.0,2825.0,2828.0,2600,0.0,0.0
2024-04-16 14:00:00+09:00,2831.0,2848.0,2831.0,2847.0,6300,0.0,0.0
2024-04-17 09:00:00+09:00,2835.0,2840.0,2780.0,2791.0,5000,0.0,0.0
2024-04-17 10:00:00+09:00,2786.0,2786.0,2775.0,2784.0,1600,0.0,0.0
2024-04-17 11:00:00+09:00,2785.0,2790.0,2780.0,2780.0,0,0.0,0.0
2024-04-17 12:00:00+09:00,2780.0,2815.0,2780.0,2815.0,9600,0.0,0.0
2024-04-17 13:00:00+09:00,2815.0,2815.0,2791.0,2799.0,3300,0.0,0.0
2024-04-17 14:00:00+09:00,2794.0,2797.0,2768.0,2768.0,3700,0.0,0.0
2024-04-18 09:00:00+09:00,2787.0,2856.0,2770.0,2839.0,0,0.0,0.0
2024-04-18 10:00:00+09:00,2840.0,2843.0,2836.0,2843.0,6300,0.0,0.0
2024-04-18 11:00:00+09:00,2851.0,2851.0,2850.0,2851.0,0,0.0,0.0
2024-04-18 12:00:00+09:00,2855.0,2861.0,2845.0,2845.0,10300,0.0,0.0
2024-04-18 13:00:00+09:00,2839.0,2850.0,2838.0,2838.0,3000,0.0,0.0
2024-04-18 14:00:00+09:00,2849.0,2852.0,2842.0,2851.0,2300,0.0,0.0
2024-04-19 09:00:00+09:00,2846.0,2862.0,2824.0,2843.0,4400,0.0,0.0
2024-04-19 10:00:00+09:00,2839.0,2839.0,2802.0,2815.0,2400,0.0,0.0
2024-04-19 11:00:00+09:00,2808.0,2808.0,2778.0,2778.0,0,0.0,0.0
2024-04-19 12:00:00+09:00,2790.0,2818.0,2790.0,2818.0,10800,0.0,0.0
2024-04-19 13:00:00+09:00,2818.0,2818.0,2817.0,2817.0,400,0.0,0.0
2024-04-19 14:00:00+09:00,2824.0,2828.0,2812.0,2812.0,2100,0.0,0.0
2024-04-22 09:00:00+09:00,2873.0,2939.0,2873.0,2932.0,10700,0.0,0.0
2024-04-22 10:00:00+09:00,2930.0,2949.0,2929.0,2942.0,4800,0.0,0.0
2024-04-22 11:00:00+09:00,2945.0,2958.0,2940.0,2958.0,0,0.0,0.0
2024-04-22 12:00:00+09:00,2960.0,2960.0,2938.0,2953.0,21500,0.0,0.0
2024-04-22 13:00:00+09:00,2946.0,2955.0,2946.0,2953.0,2200,0.0,0.0
2024-04-22 14:00:00+09:00,2954.0,2966.0,2950.0,2953.0,6200,0.0,0.0
2024-04-23 09:00:00+09:00,2980.0,2983.0,2933.0,2937.0,3500,0.0,0.0
2024-04-23 10:00:00+09:00,2947.0,2947.0,2932.0,2932.0,1200,0.0,0.0
2024-04-23 11:00:00+09:00,2932.0,2952.0,2932.0,2952.0,0,0.0,0.0
2024-04-23 12:00:00+09:00,2943.0,2957.0,2943.0,2957.0,6500,0.0,0.0
2024-04-23 13:00:00+09:00,2957.0,2958.0,2950.0,2954.0,1000,0.0,0.0
2024-04-23 14:00:00+09:00,2952.0,2954.0,2944.0,2944.0,2000,0.0,0.0
2024-04-24 09:00:00+09:00,2993.0,3095.0,2993.0,3030.0,12700,0.0,0.0
2024-04-24 10:00:00+09:00,3045.0,3050.0,3020.0,3020.0,1400,0.0,0.0
2024-04-24 11:00:00+09:00,3030.0,3035.0,3030.0,3030.0,0,0.0,0.0
2024-04-24 12:00:00+09:00,3030.0,3030.0,3010.0,3030.0,18000,0.0,0.0
2024-04-24 13:00:00+09:00,3030.0,3030.0,3005.0,3005.0,2500,0.0,0.0
2024-04-24 14:00:00+09:00,3005.0,3020.0,3000.0,3010.0,2000,0.0,0.0
2024-04-25 09:00:00+09:00,3020.0,3030.0,3010.0,3025.0,3200,0.0,0.0
2024-04-25 10:00:00+09:00,3015.0,3015.0,2985.0,2992.0,5500,0.0,0.0
2024-04-25 11:00:00+09:00,2997.0,3000.0,2990.0,2999.0,0,0.0,0.0
2024-04-25 12:00:00+09:00,3000.0,3000.0,2983.0,2983.0,11700,0.0,0.0
2024-04-25 13:00:00+09:00,2990.0,2990.0,2977.0,2978.0,700,0.0,0.0
2024-04-25 14:00:00+09:00,2974.0,2996.0,2974.0,2979.0,2000,0.0,0.0
2024-04-26 09:00:00+09:00,2961.0,2969.0,2926.0,2942.0,7300,0.0,0.0
2024-04-26 10:00:00+09:00,2960.0,2960.0,2960.0,2960.0,100,0.0,0.0
2024-04-26 11:00:00+09:00,2943.0,2943.0,2943.0,2943.0,0,0.0,0.0
2024-04-26 12:00:00+09:00,2947.0,2980.0,2947.0,2975.0,9300,0.0,0.0
2024-04-26 13:00:00+09:00,2974.0,2988.0,2963.0,2985.0,1600,0.0,0.0
2024-04-26 14:00:00+09:00,2975.0,2986.0,2919.0,2919.0,6100,0.0,0.0
2024-04-30 09:00:00+09:00,2930.0,2962.0,2930.0,2960.0,6000,0.0,0.0
2024-04-30 10:00:00+09:00,2957.0,2970.0,2955.0,2970.0,6500,0.0,0.0
2024-04-30 11:00:00+09:00,2975.0,2981.0,2975.0,2981.0,0,0.0,0.0
2024-04-30 12:00:00+09:00,2981.0,2997.0,2981.0,2992.0,14900,0.0,0.0
2024-04-30 13:00:00+09:00,2996.0,2996.0,2986.0,2986.0,800,0.0,0.0
2024-04-30 14:00:00+09:00,2982.0,2997.0,2972.0,2987.0,4700,0.0,0.0
2024-05-01 09:00:00+09:00,3000.0,3000.0,2964.0,2964.0,2400,0.0,0.0
2024-05-01 10:00:00+09:00,2976.0,2976.0,2961.0,2961.0,400,0.0,0.0
2024-05-01 11:00:00+09:00,2960.0,2960.0,2960.0,2960.0,0,0.0,0.0
2024-05-01 12:00:00+09:00,2972.0,2973.0,2972.0,2973.0,3800,0.0,0.0
2024-05-01 13:00:00+09:00,2983.0,2983.0,2978.0,2978.0,200,0.0,0.0
2024-05-01 14:00:00+09:00,2972.0,2972.0,2951.0,2957.0,1300,0.0,0.0
2024-05-02 09:00:00+09:00,2953.0,2980.0,2953.0,2970.0,1700,0.0,0.0
2024-05-02 10:00:00+09:00,2957.0,2957.0,2939.0,2939.0,800,0.0,0.0
2024-05-02 11:00:00+09:00,2939.0,2939.0,2938.0,2938.0,0,0.0,0.0
2024-05-02 12:00:00+09:00,2938.0,2938.0,2938.0,2938.0,3300,0.0,0.0
2024-05-02 14:00:00+09:00,2939.0,2950.0,2939.0,2950.0,1300,0.0,0.0
2024-05-07 09:00:00+09:00,2966.0,2966.0,2945.0,2945.0,2900,0.0,0.0
2024-05-07 10:00:00+09:00,2950.0,2962.0,2950.0,2962.0,1700,0.0,0.0
2024-05-07 11:00:00+09:00,2962.0,2968.0,2961.0,2968.0,0,0.0,0.0
2024-05-07 12:00:00+09:00,2962.0,2970.0,2962.0,2970.0,5600,0.0,0.0
2024-05-07 13:00:00+09:00,2975.0,2975.0,2968.0,2968.0,0,0.0,0.0
2024-05-07 14:00:00+09:00,2968.0,2970.0,2965.0,2970.0,6400,0.0,0.0
2024-05-08 09:00:00+09:00,2978.0,2978.0,2970.0,2975.0,1900,0.0,0.0
2024-05-08 10:00:00+09:00,2970.0,2970.0,2951.0,2951.0,1600,0.0,0.0
2024-05-08 11:00:00+09:00,2950.0,2950.0,2945.0,2945.0,0,0.0,0.0
2024-05-08 12:00:00+09:00,2945.0,2945.0,2945.0,2945.0,4500,0.0,0.0
2024-05-08 13:00:00+09:00,2946.0,2948.0,2941.0,2948.0,1400,0.0,0.0
2024-05-08 14:00:00+09:00,2948.0,2958.0,2944.0,2945.0,1900,0.0,0.0
2024-05-09 09:00:00+09:00,2972.0,2972.0,2941.0,2949.0,1800,0.0,0.0
2024-05-09 10:00:00+09:00,2949.0,2963.0,2949.0,2963.0,1500,0.0,0.0
2024-05-09 11:00:00+09:00,2963.0,2963.0,2963.0,2963.0,0,0.0,0.0
2024-05-09 12:00:00+09:00,2963.0,2963.0,2963.0,2963.0,3700,0.0,0.0
2024-05-09 14:00:00+09:00,2959.0,2959.0,2943.0,2943.0,1700,0.0,0.0
2024-05-10 09:00:00+09:00,2943.0,2957.0,2935.0,2935.0,1900,0.0,0.0
2024-05-10 10:00:00+09:00,2945.0,2955.0,2945.0,2955.0,800,0.0,0.0
2024-05-10 11:00:00+09:00,2955.0,2955.0,2955.0,2955.0,0,0.0,0.0
2024-05-10 12:00:00+09:00,2940.0,2940.0,2925.0,2925.0,4100,0.0,0.0
2024-05-10 13:00:00+09:00,2923.0,2927.0,2919.0,2919.0,1500,0.0,0.0
2024-05-10 14:00:00+09:00,2919.0,2921.0,2910.0,2916.0,1800,0.0,0.0
2024-05-13 09:00:00+09:00,2928.0,2928.0,2888.0,2890.0,7100,0.0,0.0
2024-05-13 10:00:00+09:00,2885.0,2895.0,2874.0,2883.0,3700,0.0,0.0
2024-05-13 11:00:00+09:00,2885.0,2914.0,2885.0,2910.0,0,0.0,0.0
2024-05-13 12:00:00+09:00,2914.0,2914.0,2900.0,2909.0,15800,0.0,0.0
2024-05-13 13:00:00+09:00,2896.0,2911.0,2893.0,2911.0,1400,0.0,0.0
2024-05-13 14:00:00+09:00,2899.0,2906.0,2883.0,2906.0,3000,0.0,0.0
2024-05-14 09:00:00+09:00,2850.0,2851.0,2752.0,2825.0,0,0.0,0.0
2024-05-14 10:00:00+09:00,2825.0,2841.0,2823.0,2830.0,18900,0.0,0.0
2024-05-14 11:00:00+09:00,2833.0,2833.0,2815.0,2827.0,0,0.0,0.0
2024-05-14 12:00:00+09:00,2827.0,2848.0,2822.0,2836.0,23600,0.0,0.0
2024-05-14 13:00:00+09:00,2836.0,2841.0,2831.0,2841.0,1000,0.0,0.0
2024-05-14 14:00:00+09:00,2841.0,2862.0,2841.0,2847.0,3000,0.0,0.0
2024-05-15 09:00:00+09:00,2845.0,2869.0,2835.0,2840.0,4300,0.0,0.0
2024-05-15 10:00:00+09:00,2835.0,2846.0,2833.0,2846.0,1500,0.0,0.0
2024-05-15 11:00:00+09:00,2837.0,2837.0,2827.0,2834.0,0,0.0,0.0
2024-05-15 12:00:00+09:00,2828.0,2832.0,2811.0,2820.0,10300,0.0,0.0
2024-05-15 13:00:00+09:00,2813.0,2823.0,2812.0,2816.0,1100,0.0,0.0
2024-05-15 14:00:00+09:00,2817.0,2820.0,2813.0,2813.0,800,0.0,0.0
2024-05-16 09:00:00+09:00,2828.0,2828.0,2766.0,2773.0,8600,0.0,0.0
2024-05-16 10:00:00+09:00,2776.0,2778.0,2767.0,2767.0,3100,0.0,0.0
2024-05-16 11:00:00+09:00,2766.0,2783.0,2763.0,2783.0,0,0.0,0.0
2024-05-16 12:00:00+09:00,2788.0,2797.0,2774.0,2790.0,16400,0.0,0.0
2024-05-16 13:00:00+09:00,2790.0,2790.0,2780.0,2780.0,800,0.0,0.0
2024-05-16 14:00:00+09:00,2782.0,2790.0,2771.0,2783.0,5500,0.0,0.0
2024-05-17 09:00:00+09:00,2820.0,2874.0,2777.0,2874.0,0,0.0,0.0
2024-05-17 10:00:00+09:00,2874.0,2882.0,2849.0,2862.0,9100,0.0,0.0
2024-05-17 11:00:00+09:00,2855.0,2855.0,2832.0,2850.0,0,0.0,0.0
2024-05-17 12:00:00+09:00,2850.0,2850.0,2832.0,2840.0,11100,0.0,0.0
2024-05-17 13:00:00+09:00,2838.0,2838.0,2798.0,2798.0,4700,0.0,0.0
2024-05-17 14:00:00+09:00,2810.0,2814.0,2789.0,2814.0,3300,0.0,0.0
2024-05-20 09:00:00+09:00,2817.0,2854.0,2816.0,2834.0,3400,0.0,0.0
2024-05-20 10:00:00+09:00,2850.0,2850.0,2850.0,2850.0,100,0.0,0.0
2024-05-20 11:00:00+09:00,2835.0,2848.0,2835.0,2848.0,0,0.0,0.0
2024-05-20 12:00:00+09:00,2848.0,2848.0,2835.0,2841.0,4700,0.0,0.0
2024-05-20 13:00:00+09:00,2841.0,2841.0,2829.0,2838.0,1300,0.0,0.0
2024-05-20 14:00:00+09:00,2829.0,2829.0,2823.0,2823.0,800,0.0,0.0
2024-05-21 09:00:00+09:00,2834.0,2855.0,2834.0,2851.0,3500,0.0,0.0
2024-05-21 10:00:00+09:00,2842.0,2844.0,2830.0,2830.0,2100,0.0,0.0
2024-05-21 11:00:00+09:00,2821.0,2821.0,2821.0,2821.0,0,0.0,0.0
2024-05-21 12:00:00+09:00,2819.0,2825.0,2807.0,2807.0,8900,0.0,0.0
2024-05-21 13:00:00+09:00,2807.0,2809.0,2803.0,2809.0,2200,0.0,0.0
2024-05-21 14:00:00+09:00,2807.0,2808.0,2790.0,2790.0,2200,0.0,0.0
2024-05-22 09:00:00+09:00,2790.0,2800.0,2771.0,2771.0,3500,0.0,0.0
2024-05-22 10:00:00+09:00,2780.0,2789.0,2769.0,2769.0,1900,0.0,0.0
2024-05-22 11:00:00+09:00,2772.0,2778.0,2772.0,2778.0,0,0.0,0.0
2024-05-22 12:00:00+09:00,2779.0,2786.0,2775.0,2775.0,8100,0.0,0.0
2024-05-22 13:00:00+09:00,2784.0,2784.0,2775.0,2775.0,200,0.0,0.0
2024-05-22 14:00:00+09:00,2772.0,2775.0,2772.0,2775.0,600,0.0,0.0
2024-05-23 09:00:00+09:00,2798.0,2798.0,2749.0,2760.0,6400,0.0,0.0
2024-05-23 10:00:00+09:00,2770.0,2771.0,2762.0,2762.0,600,0.0,0.0
2024-05-23 11:00:00+09:00,2762.0,2762.0,2762.0,2762.0,0,0.0,0.0
2024-05-23 12:00:00+09:00,2762.0,2775.0,2762.0,2775.0,8700,0.0,0.0
2024-05-23 13:00:00+09:00,2765.0,2765.0,2765.0,2765.0,100,0.0,0.0
2024-05-23 14:00:00+09:00,2765.0,2765.0,2743.0,2759.0,10100,0.0,0.0
2024-05-24 09:00:00+09:00,2745.0,2783.0,2743.0,2783.0,4000,0.0,0.0
2024-05-24 10:00:00+09:00,2774.0,2774.0,2774.0,2774.0,200,0.0,0.0
2024-05-24 11:00:00+09:00,2774.0,2781.0,2774.0,2781.0,0,0.0,0.0
2024-05-24 12:00:00+09:00,2781.0,2781.0,2771.0,2775.0,5600,0.0,0.0
2024-05-24 13:00:00+09:00,2775.0,2775.0,2762.0,2762.0,800,0.0,0.0
2024-05-24 14:00:00+09:00,2755.0,2756.0,2750.0,2756.0,500,0.0,0.0
2024-05-27 09:00:00+09:00,2741.0,2752.0,2741.0,2752.0,0,0.0,0.0
2024-05-27 10:00:00+09:00,2739.0,2740.0,2730.0,2730.0,3000,0.0,0.0
2024-05-27 11:00:00+09:00,2727.0,2727.0,2725.0,2725.0,0,0.0,0.0
2024-05-27 12:00:00+09:00,2722.0,2722.0,2701.0,2701.0,5000,0.0,0.0
2024-05-27 13:00:00+09:00,2721.0,2721.0,2721.0,2721.0,200,0.0,0.0
2024-05-27 14:00:00+09:00,2718.0,2740.0,2718.0,2728.0,3700,0.0,0.0
2024-05-28 09:00:00+09:00,2737.0,2754.0,2737.0,2754.0,2800,0.0,0.0
2024-05-28 10:00:00+09:00,2754.0,2760.0,2754.0,2760.0,400,0.0,0.0
2024-05-28 11:00:00+09:00,2760.0,2760.0,2760.0,2760.0,0,0.0,0.0
2024-05-28 12:00:00+09:00,2748.0,2748.0,2740.0,2741.0,4000,0.0,0.0
2024-05-28 13:00:00+09:00,2740.0,2742.0,2730.0,2732.0,800,0.0,0.0
2024-05-28 14:00:00+09:00,2732.0,2733.0,2710.0,2710.0,1400,0.0,0.0
2024-05-29 09:00:00+09:00,2730.0,2730.0,2720.0,2726.0,2200,0.0,0.0
2024-05-29 10:00:00+09:00,2719.0,2719.0,2710.0,2710.0,1500,0.0,0.0
2024-05-29 11:00:00+09:00,2715.0,2717.0,2710.0,2712.0,0,0.0,0.0
2024-05-29 12:00:00+09:00,2712.0,2715.0,2709.0,2709.0,5800,0.0,0.0
2024-05-29 13:00:00+09:00,2708.0,2708.0,2702.0,2705.0,1500,0.0,0.0
2024-05-29 14:00:00+09:00,2705.0,2706.0,2677.0,2683.0,7900,0.0,0.0
2024-05-30 09:00:00+09:00,2675.0,2675.0,2666.0,2671.0,2200,0.0,0.0
2024-05-30 10:00:00+09:00,2670.0,2706.0,2667.0,2698.0,0,0.0,0.0
2024-05-30 11:00:00+09:00,2698.0,2698.0,2698.0,2698.0,0,0.0,0.0
2024-05-30 12:00:00+09:00,2707.0,2726.0,2707.0,2726.0,6400,0.0,0.0
2024-05-30 13:00:00+09:00,2714.0,2714.0,2704.0,2704.0,800,0.0,0.0
2024-05-30 14:00:00+09:00,2703.0,2726.0,2684.0,2726.0,3200,0.0,0.0
2024-05-31 09:00:00+09:00,2733.0,2780.0,2723.0,2735.0,1100,0.0,0.0
2024-05-31 10:00:00+09:00,2740.0,2746.0,2740.0,2746.0,1100,0.0,0.0
2024-05-31 11:00:00+09:00,2747.0,2750.0,2747.0,2750.0,0,0.0,0.0
2024-05-31 12:00:00+09:00,2750.0,2750.0,2744.0,2744.0,3400,0.0,0.0
2024-05-31 13:00:00+09:00,2752.0,2752.0,2750.0,2752.0,300,0.0,0.0
2024-05-31 14:00:00+09:00,2745.0,2758.0,2745.0,2758.0,1300,0.0,0.0
2024-06-03 09:00:00+09:00,2797.0,2800.0,2781.0,2800.0,4900,0.0,0.0
2024-06-03 10:00:00+09:00,2802.0,2809.0,2773.0,2773.0,5400,0.0,0.0
2024-06-03 11:00:00+09:00,2772.0,2777.0,2771.0,2777.0,0,0.0,0.0
2024-06-03 12:00:00+09:00,2773.0,2781.0,2773.0,2781.0,11200,0.0,0.0
2024-06-03 13:00:00+09:00,2779.0,2800.0,2777.0,2800.0,2900,0.0,0.0
2024-06-03 14:00:00+09:00,2799.0,2799.0,2795.0,2799.0,1100,0.0,0.0
2024-06-04 09:00:00+09:00,2840.0,2850.0,2813.0,2835.0,6500,0.0,0.0
2024-06-04 10:00:00+09:00,2835.0,2835.0,2834.0,2834.0,400,0.0,0.0
2024-06-04 11:00:00+09:00,2835.0,2835.0,2835.0,2835.0,0,0.0,0.0
2024-06-04 12:00:00+09:00,2811.0,2836.0,2811.0,2836.0,8100,0.0,0.0
2024-06-04 13:00:00+09:00,2822.0,2838.0,2822.0,2836.0,900,0.0,0.0
2024-06-04 14:00:00+09:00,2836.0,2839.0,2826.0,2831.0,1400,0.0,0.0
2024-06-05 09:00:00+09:00,2788.0,2817.0,2788.0,2810.0,4900,0.0,0.0
2024-06-05 10:00:00+09:00,2816.0,2816.0,2811.0,2813.0,800,0.0,0.0
2024-06-05 11:00:00+09:00,2811.0,2815.0,2811.0,2812.0,0,0.0,0.0
2024-06-05 12:00:00+09:00,2804.0,2804.0,2776.0,2776.0,8700,0.0,0.0
2024-06-05 13:00:00+09:00,2778.0,2778.0,2761.0,2763.0,2000,0.0,0.0
2024-06-05 14:00:00+09:00,2757.0,2775.0,2751.0,2767.0,2300,0.0,0.0
2024-06-06 09:00:00+09:00,2802.0,2802.0,2766.0,2766.0,3400,0.0,0.0
2024-06-06 10:00:00+09:00,2766.0,2773.0,2761.0,2773.0,1400,0.0,0.0
2024-06-06 11:00:00+09:00,2773.0,2773.0,2773.0,2773.0,0,0.0,0.0
2024-06-06 12:00:00+09:00,2779.0,2779.0,2764.0,2764.0,5800,0.0,0.0
2024-06-06 13:00:00+09:00,2757.0,2761.0,2752.0,2761.0,700,0.0,0.0
2024-06-06 14:00:00+09:00,2753.0,2756.0,2750.0,2756.0,2300,0.0,0.0
2024-06-07 09:00:00+09:00,2768.0,2768.0,2760.0,2760.0,1500,0.0,0.0
2024-06-07 10:00:00+09:00,2757.0,2757.0,2747.0,2747.0,1000,0.0,0.0
2024-06-07 11:00:00+09:00,2750.0,2750.0,2750.0,2750.0,0,0.0,0.0
2024-06-07 12:00:00+09:00,2750.0,2761.0,2750.0,2755.0,5300,0.0,0.0
2024-06-07 13:00:00+09:00,2755.0,2755.0,2750.0,2750.0,200,0.0,0.0
2024-06-07 14:00:00+09:00,2754.0,2754.0,2728.0,2732.0,2100,0.0,0.0
2024-06-10 09:00:00+09:00,2787.0,2787.0,2744.0,2744.0,1600,0.0,0.0
2024-06-10 10:00:00+09:00,2747.0,2747.0,2742.0,2742.0,1200,0.0,0.0
2024-06-10 11:00:00+09:00,2746.0,2747.0,2746.0,2747.0,0,0.0,0.0
2024-06-10 12:00:00+09:00,2761.0,2763.0,2761.0,2763.0,3300,0.0,0.0
2024-06-10 13:00:00+09:00,2755.0,2755.0,2755.0,2755.0,200,0.0,0.0
2024-06-10 14:00:00+09:00,2756.0,2756.0,2741.0,2755.0,1200,0.0,0.0
2024-06-11 09:00:00+09:00,2774.0,2774.0,2753.0,2772.0,2000,0.0,0.0
2024-06-11 10:00:00+09:00,2775.0,2778.0,2762.0,2762.0,1000,0.0,0.0
2024-06-11 11:00:00+09:00,2759.0,2759.0,2759.0,2759.0,0,0.0,0.0
2024-06-11 12:00:00+09:00,2780.0,2780.0,2780.0,2780.0,4900,0.0,0.0
2024-06-11 13:00:00+09:00,2772.0,2775.0,2772.0,2774.0,900,0.0,0.0
2024-06-11 14:00:00+09:00,2772.0,2776.0,2750.0,2750.0,1300,0.0,0.0
2024-06-12 09:00:00+09:00,2762.0,2768.0,2753.0,2760.0,1900,0.0,0.0
2024-06-12 10:00:00+09:00,2774.0,2774.0,2761.0,2761.0,600,0.0,0.0
2024-06-12 11:00:00+09:00,2759.0,2759.0,2743.0,2743.0,0,0.0,0.0
2024-06-12 12:00:00+09:00,2771.0,2771.0,2771.0,2771.0,4100,0.0,0.0
2024-06-12 14:00:00+09:00,2761.0,2763.0,2740.0,2740.0,2200,0.0,0.0
2024-06-13 09:00:00+09:00,2748.0,2754.0,2730.0,2732.0,2100,0.0,0.0
2024-06-13 10:00:00+09:00,2730.0,2730.0,2708.0,2708.0,2400,0.0,0.0
2024-06-13 11:00:00+09:00,2712.0,2712.0,2701.0,2706.0,0,0.0,0.0
2024-06-13 12:00:00+09:00,2711.0,2713.0,2711.0,2713.0,7000,0.0,0.0
2024-06-13 13:00:00+09:00,2712.0,2716.0,2712.0,2716.0,300,0.0,0.0
2024-06-13 14:00:00+09:00,2718.0,2718.0,2695.0,2695.0,3500,0.0,0.0
2024-06-14 09:00:00+09:00,2742.0,2756.0,2723.0,2736.0,16600,0.0,0.0
2024-06-14 10:00:00+09:00,2736.0,2745.0,2736.0,2745.0,600,0.0,0.0
2024-06-14 11:00:00+09:00,2745.0,2745.0,2745.0,2745.0,0,0.0,0.0
2024-06-14 12:00:00+09:00,2770.0,2772.0,2720.0,2760.0,20200,0.0,0.0
2024-06-14 13:00:00+09:00,2765.0,2767.0,2748.0,2748.0,900,0.0,0.0
2024-06-14 14:00:00+09:00,2751.0,2757.0,2734.0,2734.0,2800,0.0,0.0
2024-06-17 09:00:00+09:00,2745.0,2745.0,2701.0,2701.0,1900,0.0,0.0
2024-06-17 10:00:00+09:00,2701.0,2701.0,2673.0,2685.0,7000,0.0,0.0
2024-06-17 11:00:00+09:00,2696.0,2709.0,2694.0,2709.0,0,0.0,0.0
2024-06-17 12:00:00+09:00,2714.0,2719.0,2708.0,2713.0,11000,0.0,0.0
2024-06-17 13:00:00+09:00,2708.0,2713.0,2701.0,2709.0,500,0.0,0.0
2024-06-17 14:00:00+09:00,2709.0,2717.0,2702.0,2702.0,2800,0.0,0.0
2024-06-18 09:00:00+09:00,2731.0,2756.0,2723.0,2738.0,2200,0.0,0.0
2024-06-18 10:00:00+09:00,2748.0,2750.0,2747.0,2749.0,600,0.0,0.0
2024-06-18 11:00:00+09:00,2748.0,2759.0,2748.0,2759.0,0,0.0,0.0
2024-06-18 12:00:00+09:00,2759.0,2759.0,2758.0,2759.0,4800,0.0,0.0
2024-06-18 13:00:00+09:00,2759.0,2759.0,2733.0,2743.0,2400,0.0,0.0
2024-06-18 14:00:00+09:00,2739.0,2744.0,2731.0,2738.0,1200,0.0,0.0
2024-06-19 09:00:00+09:00,2758.0,2806.0,2758.0,2798.0,7800,0.0,0.0
2024-06-19 10:00:00+09:00,2800.0,2805.0,2784.0,2784.0,3500,0.0,0.0
2024-06-19 11:00:00+09:00,2782.0,2782.0,2779.0,2779.0,0,0.0,0.0
2024-06-19 12:00:00+09:00,2779.0,2779.0,2775.0,2779.0,13800,0.0,0.0
2024-06-19 14:00:00+09:00,2782.0,2782.0,2767.0,2780.0,2300,0.0,0.0
2024-06-20 09:00:00+09:00,2791.0,2834.0,2768.0,2773.0,9800,0.0,0.0
2024-06-20 10:00:00+09:00,2766.0,2788.0,2765.0,2786.0,2600,0.0,0.0
2024-06-20 11:00:00+09:00,2778.0,2783.0,2771.0,2783.0,0,0.0,0.0
2024-06-20 12:00:00+09:00,2775.0,2789.0,2775.0,2789.0,13800,0.0,0.0
2024-06-20 13:00:00+09:00,2785.0,2801.0,2785.0,2801.0,3600,0.0,0.0
2024-06-20 14:00:00+09:00,2799.0,2803.0,2797.0,2803.0,1700,0.0,0.0
2024-06-21 09:00:00+09:00,2826.0,2832.0,2812.0,2812.0,3600,0.0,0.0
2024-06-21 10:00:00+09:00,2816.0,2818.0,2798.0,2816.0,4300,0.0,0.0
2024-06-21 11:00:00+09:00,2812.0,2812.0,2797.0,2801.0,0,0.0,0.0
2024-06-21 12:00:00+09:00,2809.0,2814.0,2802.0,2802.0,10300,0.0,0.0
2024-06-21 13:00:00+09:00,2801.0,2801.0,2785.0,2785.0,2800,0.0,0.0
2024-06-21 14:00:00+09:00,2793.0,2807.0,2772.0,2807.0,5200,0.0,0.0
2024-06-24 09:00:00+09:00,2810.0,2820.0,2783.0,2796.0,0,0.0,0.0
2024-06-24 10:00:00+09:00,2800.0,2812.0,2795.0,2812.0,1000,0.0,0.0
2024-06-24 11:00:00+09:00,2804.0,2806.0,2796.0,2797.0,0,0.0,0.0
2024-06-24 12:00:00+09:00,2797.0,2801.0,2790.0,2798.0,8300,0.0,0.0
2024-06-24 13:00:00+09:00,2802.0,2802.0,2798.0,2799.0,600,0.0,0.0
2024-06-24 14:00:00+09:00,2799.0,2804.0,2794.0,2804.0,2200,0.0,0.0
2024-06-25 09:00:00+09:00,2827.0,2827.0,2787.0,2805.0,6900,0.0,0.0
2024-06-25 10:00:00+09:00,2804.0,2813.0,2802.0,2806.0,1800,0.0,0.0
2024-06-25 11:00:00+09:00,2810.0,2819.0,2810.0,2819.0,0,0.0,0.0
2024-06-25 12:00:00+09:00,2819.0,2819.0,2803.0,2817.0,10900,0.0,0.0
2024-06-25 13:00:00+09:00,2817.0,2819.0,2814.0,2818.0,1200,0.0,0.0
2024-06-25 14:00:00+09:00,2817.0,2822.0,2810.0,2814.0,2300,0.0,0.0
2024-06-26 09:00:00+09:00,2814.0,2819.0,2795.0,2819.0,4900,0.0,0.0
2024-06-26 10:00:00+09:00,2820.0,2825.0,2817.0,2819.0,2000,0.0,0.0
2024-06-26 11:00:00+09:00,2825.0,2829.0,2825.0,2829.0,0,0.0,0.0
2024-06-26 12:00:00+09:00,2829.0,2829.0,2821.0,2821.0,9100,0.0,0.0
2024-06-26 13:00:00+09:00,2826.0,2826.0,2822.0,2823.0,800,0.0,0.0
2024-06-26 14:00:00+09:00,2818.0,2824.0,2807.0,2807.0,3100,0.0,0.0
2024-06-27 09:00:00+09:00,2838.0,2838.0,2791.0,2802.0,5300,0.0,0.0
2024-06-27 10:00:00+09:00,2806.0,2809.0,2801.0,2801.0,700,0.0,0.0
2024-06-27 11:00:00+09:00,2806.0,2806.0,2806.0,2806.0,0,0.0,0.0
2024-06-27 12:00:00+09:00,2814.0,2815.0,2794.0,2794.0,7400,0.0,0.0
2024-06-27 13:00:00+09:00,2794.0,2808.0,2794.0,2805.0,900,0.0,0.0
2024-06-27 14:00:00+09:00,2806.0,2814.0,2793.0,2814.0,2200,0.0,0.0
2024-06-28 09:00:00+09:00,2819.0,2819.0,2761.0,2771.0,6900,0.0,0.0
2024-06-28 10:00:00+09:00,2776.0,2778.0,2761.0,2763.0,3900,0.0,0.0
2024-06-28 11:00:00+09:00,2765.0,2765.0,2752.0,2760.0,0,0.0,0.0
2024-06-28 12:00:00+09:00,2757.0,2762.0,2755.0,2755.0,14200,0.0,0.0
2024-06-28 13:00:00+09:00,2755.0,2766.0,2753.0,2761.0,1200,0.0,0.0
2024-06-28 14:00:00+09:00,2760.0,2776.0,2758.0,2776.0,1400,0.0,0.0
2024-07-01 09:00:00+09:00,2824.0,2840.0,2807.0,2828.0,14800,0.0,0.0
2024-07-01 10:00:00+09:00,2833.0,2843.0,2827.0,2832.0,4000,0.0,0.0
2024-07-01 11:00:00+09:00,2835.0,2836.0,2828.0,2836.0,0,0.0,0.0
2024-07-01 12:00:00+09:00,2843.0,2860.0,2839.0,2842.0,27600,0.0,0.0
2024-07-01 13:00:00+09:00,2844.0,2854.0,2841.0,2854.0,2400,0.0,0.0
2024-07-01 14:00:00+09:00,2844.0,2849.0,2832.0,2849.0,3100,0.0,0.0
2024-07-02 09:00:00+09:00,2866.0,2888.0,2859.0,2884.0,8600,0.0,0.0
2024-07-02 10:00:00+09:00,2885.0,2890.0,2872.0,2872.0,3100,0.0,0.0
2024-07-02 11:00:00+09:00,2871.0,2876.0,2862.0,2876.0,0,0.0,0.0
2024-07-02 12:00:00+09:00,2883.0,2883.0,2874.0,2878.0,16100,0.0,0.0
2024-07-02 13:00:00+09:00,2878.0,2887.0,2875.0,2887.0,1300,0.0,0.0
2024-07-02 14:00:00+09:00,2887.0,2888.0,2875.0,2875.0,3200,0.0,0.0
2024-07-03 09:00:00+09:00,2895.0,2916.0,2886.0,2901.0,9200,0.0,0.0
2024-07-03 10:00:00+09:00,2889.0,2898.0,2873.0,2880.0,5700,0.0,0.0
2024-07-03 11:00:00+09:00,2881.0,2881.0,2881.0,2881.0,0,0.0,0.0
2024-07-03 12:00:00+09:00,2891.0,2891.0,2891.0,2891.0,16000,0.0,0.0
2024-07-03 13:00:00+09:00,2883.0,2883.0,2876.0,2876.0,2500,0.0,0.0
2024-07-03 14:00:00+09:00,2880.0,2883.0,2861.0,2868.0,3500,0.0,0.0
2024-07-04 09:00:00+09:00,2874.0,2957.0,2874.0,2957.0,7600,0.0,0.0
2024-07-04 10:00:00+09:00,2944.0,2963.0,2939.0,2963.0,3700,0.0,0.0
2024-07-04 11:00:00+09:00,2953.0,2954.0,2948.0,2948.0,0,0.0,0.0
2024-07-04 12:00:00+09:00,2951.0,2974.0,2951.0,2969.0,17100,0.0,0.0
2024-07-04 13:00:00+09:00,2958.0,2987.0,2958.0,2972.0,5700,0.0,0.0
2024-07-04 14:00:00+09:00,2972.0,2984.0,2972.0,2984.0,2200,0.0,0.0
2024-07-05 09:00:00+09:00,2985.0,2985.0,2931.0,2942.0,6600,0.0,0.0
2024-07-05 10:00:00+09:00,2950.0,2950.0,2928.0,2937.0,2200,0.0,0.0
2024-07-05 11:00:00+09:00,2937.0,2937.0,2937.0,2937.0,0,0.0,0.0
2024-07-05 12:00:00+09:00,2930.0,2930.0,2906.0,2920.0,12700,0.0,0.0
2024-07-05 14:00:00+09:00,2904.0,2913.0,2904.0,2913.0,1100,0.0,0.0
2024-07-08 09:00:00+09:00,2942.0,2942.0,2855.0,2855.0,7700,0.0,0.0
2024-07-08 10:00:00+09:00,2875.0,2881.0,2875.0,2876.0,1500,0.0,0.0
2024-07-08 11:00:00+09:00,2877.0,2885.0,2877.0,2885.0,0,0.0,0.0
2024-07-08 12:00:00+09:00,2885.0,2886.0,2885.0,2886.0,0,0.0,0.0
2024-07-08 13:00:00+09:00,2885.0,2885.0,2881.0,2882.0,10900,0.0,0.0
2024-07-08 14:00:00+09:00,2882.0,2884.0,2870.0,2876.0,2400,0.0,0.0
2024-07-09 09:00:00+09:00,2890.0,2890.0,2844.0,2851.0,6600,0.0,0.0
2024-07-09 10:00:00+09:00,2845.0,2851.0,2844.0,2850.0,800,0.0,0.0
2024-07-09 11:00:00+09:00,2859.0,2865.0,2854.0,2854.0,0,0.0,0.0
2024-07-09 12:00:00+09:00,2854.0,2861.0,2854.0,2855.0,10000,0.0,0.0
2024-07-09 13:00:00+09:00,2856.0,2866.0,2846.0,2859.0,3800,0.0,0.0
2024-07-09 14:00:00+09:00,2855.0,2877.0,2850.0,2869.0,2600,0.0,0.0
2024-07-10 09:00:00+09:00,2869.0,2869.0,2851.0,2864.0,500,0.0,0.0
2024-07-10 10:00:00+09:00,2867.0,2872.0,2865.0,2865.0,500,0.0,0.0
2024-07-10 11:00:00+09:00,2865.0,2865.0,2860.0,2860.0,0,0.0,0.0
2024-07-10 12:00:00+09:00,2860.0,2860.0,2856.0,2856.0,2300,0.0,0.0
2024-07-10 13:00:00+09:00,2855.0,2859.0,2851.0,2859.0,900,0.0,0.0
2024-07-10 14:00:00+09:00,2852.0,2860.0,2850.0,2850.0,2000,0.0,0.0
2024-07-11 09:00:00+09:00,2861.0,2875.0,2860.0,2860.0,3900,0.0,0.0
2024-07-11 10:00:00+09:00,2861.0,2866.0,2853.0,2856.0,1200,0.0,0.0
2024-07-11 11:00:00+09:00,2857.0,2857.0,2857.0,2857.0,0,0.0,0.0
2024-07-11 12:00:00+09:00,2868.0,2873.0,2865.0,2873.0,7100,0.0,0.0
2024-07-11 13:00:00+09:00,2868.0,2876.0,2867.0,2867.0,1600,0.0,0.0
2024-07-11 14:00:00+09:00,2867.0,2870.0,2860.0,2870.0,1000,0.0,0.0
2024-07-12 09:00:00+09:00,2858.0,2922.0,2858.0,2893.0,0,0.0,0.0
2024-07-12 10:00:00+09:00,2894.0,2905.0,2894.0,2905.0,8300,0.0,0.0
2024-07-12 11:00:00+09:00,2905.0,2905.0,2898.0,2898.0,0,0.0,0.0
2024-07-12 12:00:00+09:00,2891.0,2891.0,2891.0,2891.0,10300,0.0,0.0
2024-07-12 13:00:00+09:00,2888.0,2890.0,2884.0,2890.0,800,0.0,0.0
2024-07-12 14:00:00+09:00,2881.0,2887.0,2864.0,2880.0,1000,0.0,0.0
2024-07-16 09:00:00+09:00,2900.0,2920.0,2871.0,2920.0,2300,0.0,0.0
2024-07-16 10:00:00+09:00,2919.0,2961.0,2919.0,2950.0,6000,0.0,0.0
2024-07-16 11:00:00+09:00,2948.0,2948.0,2948.0,2948.0,0,0.0,0.0
2024-07-16 12:00:00+09:00,2947.0,2947.0,2947.0,2947.0,9900,0.0,0.0
2024-07-16 13:00:00+09:00,2931.0,2939.0,2925.0,2933.0,2700,0.0,0.0
2024-07-16 14:00:00+09:00,2924.0,2924.0,2920.0,2920.0,1000,0.0,0.0
2024-07-17 09:00:00+09:00,2920.0,2946.0,2920.0,2938.0,1500,0.0,0.0
2024-07-17 10:00:00+09:00,2939.0,2946.0,2939.0,2946.0,600,0.0,0.0
2024-07-17 11:00:00+09:00,2946.0,2946.0,2946.0,2946.0,0,0.0,0.0
2024-07-17 12:00:00+09:00,2946.0,2946.0,2932.0,2932.0,2500,0.0,0.0
2024-07-17 13:00:00+09:00,2931.0,2932.0,2922.0,2926.0,2900,0.0,0.0
2024-07-17 14:00:00+09:00,2920.0,2923.0,2908.0,2908.0,1900,0.0,0.0
2024-07-18 09:00:00+09:00,2908.0,2923.0,2900.0,2915.0,1500,0.0,0.0
2024-07-18 10:00:00+09:00,2912.0,2918.0,2908.0,2916.0,700,0.0,0.0
2024-07-18 11:00:00+09:00,2916.0,2916.0,2916.0,2916.0,0,0.0,0.0
2024-07-18 12:00:00+09:00,2905.0,2909.0,2896.0,2897.0,5300,0.0,0.0
2024-07-18 13:00:00+09:00,2895.0,2895.0,2883.0,2883.0,600,0.0,0.0
2024-07-18 14:00:00+09:00,2894.0,2895.0,2880.0,2888.0,1400,0.0,0.0
2024-07-19 09:00:00+09:00,2894.0,2894.0,2877.0,2877.0,1100,0.0,0.0
2024-07-19 10:00:00+09:00,2890.0,2893.0,2878.0,2878.0,1500,0.0,0.0
2024-07-19 11:00:00+09:00,2883.0,2890.0,2883.0,2888.0,0,0.0,0.0
2024-07-19 12:00:00+09:00,2877.0,2877.0,2865.0,2870.0,6100,0.0,0.0
2024-07-19 13:00:00+09:00,2865.0,2865.0,2858.0,2858.0,2000,0.0,0.0
2024-07-19 14:00:00+09:00,2864.0,2864.0,2856.0,2858.0,1800,0.0,0.0
2024-07-22 09:00:00+09:00,2854.0,2871.0,2833.0,2838.0,0,0.0,0.0
2024-07-22 10:00:00+09:00,2834.0,2834.0,2825.0,2832.0,2700,0.0,0.0
2024-07-22 11:00:00+09:00,2831.0,2831.0,2831.0,2831.0,0,0.0,0.0
2024-07-22 12:00:00+09:00,2831.0,2831.0,2824.0,2824.0,7200,0.0,0.0
2024-07-22 13:00:00+09:00,2823.0,2823.0,2815.0,2818.0,1600,0.0,0.0
2024-07-22 14:00:00+09:00,2817.0,2819.0,2817.0,2817.0,400,0.0,0.0
2024-07-23 09:00:00+09:00,2818.0,2860.0,2818.0,2847.0,2200,0.0,0.0
2024-07-23 10:00:00+09:00,2845.0,2845.0,2845.0,2845.0,100,0.0,0.0
2024-07-23 11:00:00+09:00,2836.0,2836.0,2836.0,2836.0,0,0.0,0.0
2024-07-23 12:00:00+09:00,2836.0,2836.0,2830.0,2831.0,4400,0.0,0.0
2024-07-23 13:00:00+09:00,2827.0,2828.0,2826.0,2827.0,1300,0.0,0.0
2024-07-23 14:00:00+09:00,2826.0,2826.0,2823.0,2823.0,300,0.0,0.0
2024-07-24 09:00:00+09:00,2820.0,2820.0,2813.0,2813.0,1900,0.0,0.0
2024-07-24 10:00:00+09:00,2812.0,2818.0,2798.0,2798.0,4800,0.0,0.0
2024-07-24 11:00:00+09:00,2797.0,2797.0,2785.0,2790.0,0,0.0,0.0
2024-07-24 12:00:00+09:00,2787.0,2787.0,2777.0,2777.0,9500,0.0,0.0
2024-07-24 13:00:00+09:00,2778.0,2779.0,2770.0,2770.0,5100,0.0,0.0
2024-07-24 14:00:00+09:00,2770.0,2774.0,2770.0,2770.0,2500,0.0,0.0
2024-07-25 09:00:00+09:00,2756.0,2756.0,2714.0,2729.0,10500,0.0,0.0
2024-07-25 10:00:00+09:00,2725.0,2730.0,2718.0,2727.0,3700,0.0,0.0
2024-07-25 11:00:00+09:00,2720.0,2736.0,2720.0,2736.0,0,0.0,0.0
2024-07-25 12:00:00+09:00,2741.0,2741.0,2718.0,2720.0,19000,0.0,0.0
2024-07-25 13:00:00+09:00,2725.0,2736.0,2725.0,2736.0,1600,0.0,0.0
2024-07-25 14:00:00+09:00,2725.0,2727.0,2715.0,2715.0,6500,0.0,0.0
2024-07-26 09:00:00+09:00,2742.0,2760.0,2724.0,2750.0,3800,0.0,0.0
2024-07-26 10:00:00+09:00,2750.0,2773.0,2750.0,2750.0,1500,0.0,0.0
2024-07-26 11:00:00+09:00,2755.0,2760.0,2755.0,2760.0,0,0.0,0.0
2024-07-26 12:00:00+09:00,2750.0,2771.0,2750.0,2761.0,6200,0.0,0.0
2024-07-26 13:00:00+09:00,2760.0,2760.0,2758.0,2760.0,1500,0.0,0.0
2024-07-26 14:00:00+09:00,2760.0,2760.0,2751.0,2751.0,2200,0.0,0.0
2024-07-29 09:00:00+09:00,2767.0,2803.0,2767.0,2800.0,3000,0.0,0.0
2024-07-29 10:00:00+09:00,2790.0,2790.0,2776.0,2790.0,1500,0.0,0.0
2024-07-29 11:00:00+09:00,2784.0,2793.0,2781.0,2781.0,0,0.0,0.0
2024-07-29 12:00:00+09:00,2791.0,2791.0,2782.0,2782.0,6700,0.0,0.0
2024-07-29 13:00:00+09:00,2789.0,2797.0,2781.0,2797.0,1000,0.0,0.0
2024-07-29 14:00:00+09:00,2792.0,2798.0,2786.0,2798.0,2500,0.0,0.0
2024-07-30 09:00:00+09:00,2800.0,2800.0,2750.0,2750.0,2400,0.0,0.0
2024-07-30 10:00:00+09:00,2751.0,2753.0,2751.0,2752.0,300,0.0,0.0
2024-07-30 11:00:00+09:00,2752.0,2762.0,2751.0,2762.0,0,0.0,0.0
2024-07-30 12:00:00+09:00,2767.0,2770.0,2767.0,2770.0,4500,0.0,0.0
2024-07-30 13:00:00+09:00,2762.0,2786.0,2762.0,2783.0,700,0.0,0.0
2024-07-30 14:00:00+09:00,2782.0,2810.0,2782.0,2806.0,5700,0.0,0.0
2024-07-31 09:00:00+09:00,2803.0,2825.0,2785.0,2820.0,4600,0.0,0.0
2024-07-31 10:00:00+09:00,2824.0,2831.0,2822.0,2831.0,900,0.0,0.0
2024-07-31 11:00:00+09:00,2831.0,2832.0,2831.0,2832.0,0,0.0,0.0
2024-07-31 12:00:00+09:00,2825.0,2835.0,2820.0,2820.0,6700,0.0,0.0
2024-07-31 13:00:00+09:00,2830.0,2830.0,2815.0,2830.0,2900,0.0,0.0
2024-07-31 14:00:00+09:00,2832.0,2849.0,2830.0,2849.0,2800,0.0,0.0
2024-08-01 09:00:00+09:00,2857.0,2870.0,2797.0,2797.0,2700,0.0,0.0
2024-08-01 10:00:00+09:00,2796.0,2796.0,2772.0,2793.0,3300,0.0,0.0
2024-08-01 11:00:00+09:00,2793.0,2800.0,2793.0,2800.0,0,0.0,0.0
2024-08-01 12:00:00+09:00,2789.0,2789.0,2778.0,2785.0,7700,0.0,0.0
2024-08-01 13:00:00+09:00,2787.0,2788.0,2772.0,2775.0,1300,0.0,0.0
2024-08-01 14:00:00+09:00,2776.0,2783.0,2772.0,2772.0,800,0.0,0.0
2024-08-02 09:00:00+09:00,2727.0,2731.0,2650.0,2650.0,21000,0.0,0.0
2024-08-02 10:00:00+09:00,2650.0,2698.0,2649.0,2697.0,2300,0.0,0.0
2024-08-02 11:00:00+09:00,2682.0,2682.0,2671.0,2671.0,0,0.0,0.0
2024-08-02 12:00:00+09:00,2673.0,2680.0,2668.0,2668.0,26100,0.0,0.0
2024-08-02 13:00:00+09:00,2670.0,2673.0,2650.0,2651.0,4900,0.0,0.0
2024-08-02 14:00:00+09:00,2653.0,2653.0,2630.0,2630.0,5200,0.0,0.0
2024-08-05 09:00:00+09:00,2500.0,2500.0,2429.0,2480.0,24100,0.0,0.0
2024-08-05 10:00:00+09:00,2485.0,2497.0,2440.0,2465.0,9700,0.0,0.0
2024-08-05 11:00:00+09:00,2468.0,2480.0,2453.0,2480.0,0,0.0,0.0
2024-08-05 12:00:00+09:00,2471.0,2488.0,2444.0,2444.0,46600,0.0,0.0
2024-08-05 13:00:00+09:00,2438.0,2438.0,2354.0,2354.0,13000,0.0,0.0
2024-08-05 14:00:00+09:00,2354.0,2400.0,2271.0,2400.0,10100,0.0,0.0
2024-08-06 09:00:00+09:00,2350.0,2532.0,2350.0,2515.0,14400,0.0,0.0
2024-08-06 10:00:00+09:00,2516.0,2527.0,2401.0,2438.0,7000,0.0,0.0
2024-08-06 11:00:00+09:00,2439.0,2460.0,2439.0,2454.0,0,0.0,0.0
2024-08-06 12:00:00+09:00,2493.0,2498.0,2454.0,2480.0,25100,0.0,0.0
2024-08-06 13:00:00+09:00,2499.0,2499.0,2422.0,2448.0,3600,0.0,0.0
2024-08-06 14:00:00+09:00,2447.0,2454.0,2447.0,2454.0,1300,0.0,0.0
2024-08-07 09:00:00+09:00,2430.0,2499.0,2430.0,2471.0,4100,0.0,0.0
2024-08-07 10:00:00+09:00,2471.0,2569.0,2471.0,2569.0,2600,0.0,0.0
2024-08-07 11:00:00+09:00,2534.0,2534.0,2503.0,2508.0,0,0.0,0.0
2024-08-07 12:00:00+09:00,2508.0,2560.0,2505.0,2559.0,9700,0.0,0.0
2024-08-07 13:00:00+09:00,2570.0,2584.0,2548.0,2554.0,2800,0.0,0.0
2024-08-07 14:00:00+09:00,2551.0,2574.0,2517.0,2517.0,1900,0.0,0.0
2024-08-08 09:00:00+09:00,2542.0,2542.0,2505.0,2510.0,4600,0.0,0.0
2024-08-08 10:00:00+09:00,2512.0,2516.0,2490.0,2495.0,5800,0.0,0.0
2024-08-08 11:00:00+09:00,2504.0,2508.0,2504.0,2506.0,0,0.0,0.0
2024-08-08 12:00:00+09:00,2506.0,2541.0,2506.0,2514.0,14000,0.0,0.0
2024-08-08 13:00:00+09:00,2510.0,2510.0,2495.0,2500.0,2100,0.0,0.0
2024-08-08 14:00:00+09:00,2500.0,2510.0,2493.0,2493.0,2900,0.0,0.0
2024-08-09 09:00:00+09:00,2557.0,2567.0,2527.0,2541.0,0,0.0,0.0
2024-08-09 10:00:00+09:00,2549.0,2562.0,2542.0,2542.0,11000,0.0,0.0
2024-08-09 11:00:00+09:00,2546.0,2546.0,2525.0,2525.0,0,0.0,0.0
2024-08-09 12:00:00+09:00,2513.0,2563.0,2507.0,2507.0,13200,0.0,0.0
2024-08-09 13:00:00+09:00,2510.0,2510.0,2485.0,2490.0,4100,0.0,0.0
2024-08-09 14:00:00+09:00,2482.0,2558.0,2482.0,2547.0,4900,0.0,0.0
2024-08-13 09:00:00+09:00,2575.0,2620.0,2566.0,2620.0,3700,0.0,0.0
2024-08-13 10:00:00+09:00,2603.0,2629.0,2587.0,2616.0,2300,0.0,0.0
2024-08-13 11:00:00+09:00,2615.0,2615.0,2594.0,2601.0,0,0.0,0.0
2024-08-13 12:00:00+09:00,2601.0,2601.0,2601.0,2601.0,7500,0.0,0.0
2024-08-13 13:00:00+09:00,2600.0,2600.0,2600.0,2600.0,300,0.0,0.0
2024-08-13 14:00:00+09:00,2603.0,2610.0,2603.0,2610.0,800,0.0,0.0
2024-08-14 09:00:00+09:00,2601.0,2622.0,2532.0,2532.0,7100,0.0,0.0
2024-08-14 10:00:00+09:00,2536.0,2570.0,2536.0,2570.0,2600,0.0,0.0
2024-08-14 11:00:00+09:00,2574.0,2580.0,2557.0,2578.0,0,0.0,0.0
2024-08-14 12:00:00+09:00,2572.0,2580.0,2572.0,2572.0,12400,0.0,0.0
2024-08-14 13:00:00+09:00,2571.0,2579.0,2563.0,2563.0,1200,0.0,0.0
2024-08-14 14:00:00+09:00,2565.0,2576.0,2562.0,2570.0,1300,0.0,0.0
2024-08-15 09:00:00+09:00,2570.0,2586.0,2570.0,2580.0,1500,0.0,0.0
2024-08-15 10:00:00+09:00,2593.0,2593.0,2578.0,2584.0,1000,0.0,0.0
2024-08-15 11:00:00+09:00,2583.0,2583.0,2583.0,2583.0,0,0.0,0.0
2024-08-15 12:00:00+09:00,2600.0,2604.0,2594.0,2595.0,3700,0.0,0.0
2024-08-15 13:00:00+09:00,2591.0,2596.0,2589.0,2589.0,500,0.0,0.0
2024-08-15 14:00:00+09:00,2589.0,2598.0,2582.0,2596.0,2000,0.0,0.0
2024-08-16 09:00:00+09:00,2635.0,2642.0,2618.0,2638.0,2900,0.0,0.0
2024-08-16 10:00:00+09:00,2625.0,2646.0,2625.0,2636.0,900,0.0,0.0
2024-08-16 11:00:00+09:00,2639.0,2639.0,2639.0,2639.0,0,0.0,0.0
2024-08-16 12:00:00+09:00,2639.0,2646.0,2639.0,2646.0,4500,0.0,0.0
2024-08-16 13:00:00+09:00,2641.0,2641.0,2621.0,2625.0,1800,0.0,0.0
2024-08-16 14:00:00+09:00,2638.0,2649.0,2638.0,2639.0,1500,0.0,0.0
2024-08-19 09:00:00+09:00,2649.0,2660.0,2632.0,2660.0,3000,0.0,0.0
2024-08-19 10:00:00+09:00,2670.0,2676.0,2670.0,2676.0,300,0.0,0.0
2024-08-19 11:00:00+09:00,2660.0,2660.0,2660.0,2660.0,0,0.0,0.0
2024-08-19 12:00:00+09:00,2660.0,2660.0,2650.0,2650.0,4700,0.0,0.0
2024-08-19 13:00:00+09:00,2650.0,2651.0,2629.0,2634.0,2000,0.0,0.0
2024-08-19 14:00:00+09:00,2634.0,2641.0,2632.0,2632.0,900,0.0,0.0
2024-08-20 09:00:00+09:00,2663.0,2663.0,2627.0,2627.0,1200,0.0,0.0
2024-08-20 10:00:00+09:00,2641.0,2648.0,2641.0,2648.0,1000,0.0,0.0
2024-08-20 11:00:00+09:00,2655.0,2655.0,2655.0,2655.0,0,0.0,0.0
2024-08-20 12:00:00+09:00,2661.0,2664.0,2653.0,2653.0,2900,0.0,0.0
2024-08-20 13:00:00+09:00,2654.0,2655.0,2649.0,2655.0,1000,0.0,0.0
2024-08-20 14:00:00+09:00,2655.0,2662.0,2655.0,2655.0,1700,0.0,0.0
2024-08-21 09:00:00+09:00,2655.0,2665.0,2640.0,2662.0,2400,0.0,0.0
2024-08-21 10:00:00+09:00,2662.0,2662.0,2644.0,2645.0,2300,0.0,0.0
2024-08-21 11:00:00+09:00,2646.0,2646.0,2646.0,2646.0,0,0.0,0.0
2024-08-21 12:00:00+09:00,2650.0,2650.0,2650.0,2650.0,5200,0.0,0.0
2024-08-21 14:00:00+09:00,2651.0,2651.0,2651.0,2651.0,200,0.0,0.0
2024-08-22 09:00:00+09:00,2662.0,2662.0,2652.0,2656.0,300,0.0,0.0
2024-08-22 11:00:00+09:00,2662.0,2662.0,2662.0,2662.0,0,0.0,0.0
2024-08-22 12:00:00+09:00,2664.0,2664.0,2649.0,2649.0,0,0.0,0.0
2024-08-22 13:00:00+09:00,2651.0,2672.0,2647.0,2672.0,6900,0.0,0.0
2024-08-22 14:00:00+09:00,2672.0,2674.0,2666.0,2666.0,1000,0.0,0.0
2024-08-23 09:00:00+09:00,2673.0,2705.0,2673.0,2701.0,4900,0.0,0.0
2024-08-23 10:00:00+09:00,2700.0,2700.0,2688.0,2688.0,1300,0.0,0.0
2024-08-23 11:00:00+09:00,2681.0,2694.0,2681.0,2694.0,0,0.0,0.0
2024-08-23 12:00:00+09:00,2696.0,2700.0,2696.0,2700.0,8400,0.0,0.0
2024-08-23 13:00:00+09:00,2693.0,2694.0,2693.0,2694.0,200,0.0,0.0
2024-08-23 14:00:00+09:00,2694.0,2702.0,2694.0,2696.0,1200,0.0,0.0
2024-08-26 09:00:00+09:00,2711.0,2718.0,2699.0,2705.0,2600,0.0,0.0
2024-08-26 10:00:00+09:00,2706.0,2706.0,2695.0,2695.0,1000,0.0,0.0
2024-08-26 11:00:00+09:00,2692.0,2692.0,2692.0,2692.0,0,0.0,0.0
2024-08-26 12:00:00+09:00,2708.0,2708.0,2691.0,2691.0,5100,0.0,0.0
2024-08-26 13:00:00+09:00,2690.0,2690.0,2682.0,2682.0,700,0.0,0.0
2024-08-26 14:00:00+09:00,2685.0,2702.0,2685.0,2700.0,2100,0.0,0.0
2024-08-27 09:00:00+09:00,2700.0,2700.0,2690.0,2690.0,1900,0.0,0.0
2024-08-27 10:00:00+09:00,2706.0,2707.0,2706.0,2706.0,1100,0.0,0.0
2024-08-27 11:00:00+09:00,2706.0,2706.0,2706.0,2706.0,0,0.0,0.0
2024-08-27 12:00:00+09:00,2708.0,2708.0,2694.0,2694.0,3300,0.0,0.0
2024-08-27 13:00:00+09:00,2700.0,2700.0,2695.0,2695.0,300,0.0,0.0
2024-08-27 14:00:00+09:00,2702.0,2702.0,2694.0,2694.0,300,0.0,0.0
2024-08-28 09:00:00+09:00,2704.0,2707.0,2691.0,2691.0,2100,0.0,0.0
2024-08-28 11:00:00+09:00,2700.0,2700.0,2691.0,2691.0,0,0.0,0.0
2024-08-28 13:00:00+09:00,2691.0,2692.0,2691.0,2692.0,2600,0.0,0.0
2024-08-28 14:00:00+09:00,2701.0,2701.0,2691.0,2692.0,900,0.0,0.0
2024-08-29 09:00:00+09:00,2693.0,2693.0,2665.0,2665.0,3300,0.0,0.0
2024-08-29 10:00:00+09:00,2665.0,2665.0,2662.0,2662.0,700,0.0,0.0
2024-08-29 11:00:00+09:00,2663.0,2666.0,2661.0,2661.0,0,0.0,0.0
2024-08-29 12:00:00+09:00,2689.0,2689.0,2661.0,2661.0,5300,0.0,0.0
2024-08-29 13:00:00+09:00,2674.0,2685.0,2674.0,2685.0,1000,0.0,0.0
2024-08-29 14:00:00+09:00,2685.0,2685.0,2664.0,2675.0,1800,0.0,0.0
2024-08-30 09:00:00+09:00,2700.0,2703.0,2687.0,2703.0,2700,0.0,0.0
2024-08-30 10:00:00+09:00,2703.0,2724.0,2700.0,2707.0,2400,0.0,0.0
2024-08-30 11:00:00+09:00,2700.0,2700.0,2689.0,2689.0,0,0.0,0.0
2024-08-30 12:00:00+09:00,2701.0,2702.0,2699.0,2702.0,6200,0.0,0.0
2024-08-30 13:00:00+09:00,2702.0,2705.0,2699.0,2699.0,1100,0.0,0.0
2024-08-30 14:00:00+09:00,2691.0,2691.0,2691.0,2691.0,300,0.0,0.0
2024-09-02 09:00:00+09:00,2702.0,2710.0,2677.0,2681.0,6000,0.0,0.0
2024-09-02 10:00:00+09:00,2683.0,2683.0,2666.0,2666.0,2000,0.0,0.0
2024-09-02 11:00:00+09:00,2665.0,2671.0,2661.0,2671.0,0,0.0,0.0
2024-09-02 12:00:00+09:00,2671.0,2683.0,2671.0,2680.0,9800,0.0,0.0
2024-09-02 13:00:00+09:00,2672.0,2672.0,2672.0,2672.0,100,0.0,0.0
2024-09-02 14:00:00+09:00,2679.0,2696.0,2679.0,2694.0,1200,0.0,0.0
2024-09-03 09:00:00+09:00,2702.0,2718.0,2700.0,2706.0,2400,0.0,0.0
2024-09-03 10:00:00+09:00,2706.0,2706.0,2706.0,2706.0,100,0.0,0.0
2024-09-03 11:00:00+09:00,2706.0,2706.0,2706.0,2706.0,0,0.0,0.0
2024-09-03 12:00:00+09:00,2706.0,2706.0,2705.0,2706.0,3000,0.0,0.0
2024-09-03 13:00:00+09:00,2706.0,2711.0,2705.0,2705.0,400,0.0,0.0
2024-09-03 14:00:00+09:00,2705.0,2705.0,2705.0,2705.0,100,0.0,0.0
2024-09-04 09:00:00+09:00,2685.0,2720.0,2627.0,2641.0,10200,0.0,0.0
2024-09-04 10:00:00+09:00,2641.0,2650.0,2640.0,2640.0,1300,0.0,0.0
2024-09-04 11:00:00+09:00,2640.0,2644.0,2635.0,2642.0,0,0.0,0.0
2024-09-04 12:00:00+09:00,2642.0,2645.0,2630.0,2641.0,14200,0.0,0.0
2024-09-04 13:00:00+09:00,2641.0,2641.0,2630.0,2631.0,900,0.0,0.0
2024-09-04 14:00:00+09:00,2631.0,2631.0,2608.0,2608.0,5200,0.0,0.0
2024-09-05 09:00:00+09:00,2590.0,2616.0,2558.0,2616.0,6200,0.0,0.0
2024-09-05 10:00:00+09:00,2614.0,2628.0,2614.0,2618.0,700,0.0,0.0
2024-09-05 11:00:00+09:00,2611.0,2618.0,2606.0,2618.0,0,0.0,0.0
2024-09-05 12:00:00+09:00,2644.0,2644.0,2606.0,2610.0,10500,0.0,0.0
2024-09-05 13:00:00+09:00,2605.0,2605.0,2580.0,2588.0,3000,0.0,0.0
2024-09-05 14:00:00+09:00,2585.0,2601.0,2585.0,2591.0,1200,0.0,0.0
2024-09-06 09:00:00+09:00,2611.0,2611.0,2589.0,2595.0,1300,0.0,0.0
2024-09-06 10:00:00+09:00,2590.0,2604.0,2586.0,2604.0,600,0.0,0.0
2024-09-06 11:00:00+09:00,2588.0,2588.0,2581.0,2581.0,0,0.0,0.0
2024-09-06 12:00:00+09:00,2596.0,2598.0,2590.0,2590.0,3100,0.0,0.0
2024-09-06 13:00:00+09:00,2595.0,2595.0,2595.0,2595.0,100,0.0,0.0
2024-09-06 14:00:00+09:00,2600.0,2605.0,2594.0,2605.0,2100,0.0,0.0
2024-09-09 09:00:00+09:00,2581.0,2600.0,2580.0,2583.0,2600,0.0,0.0
2024-09-09 10:00:00+09:00,2590.0,2610.0,2590.0,2610.0,900,0.0,0.0
2024-09-09 11:00:00+09:00,2602.0,2602.0,2599.0,2599.0,0,0.0,0.0
2024-09-09 12:00:00+09:00,2600.0,2600.0,2590.0,2590.0,4400,0.0,0.0
2024-09-09 13:00:00+09:00,2594.0,2615.0,2594.0,2605.0,1100,0.0,0.0
2024-09-09 14:00:00+09:00,2605.0,2611.0,2605.0,2611.0,500,0.0,0.0
2024-09-10 09:00:00+09:00,2605.0,2610.0,2605.0,2610.0,600,0.0,0.0
2024-09-10 11:00:00+09:00,2610.0,2610.0,2610.0,2610.0,0,0.0,0.0
2024-09-10 12:00:00+09:00,2610.0,2610.0,2605.0,2605.0,1300,0.0,0.0
2024-09-10 13:00:00+09:00,2603.0,2603.0,2591.0,2596.0,1000,0.0,0.0
2024-09-10 14:00:00+09:00,2595.0,2599.0,2591.0,2596.0,500,0.0,0.0
2024-09-11 09:00:00+09:00,2581.0,2581.0,2535.0,2536.0,5200,0.0,0.0
2024-09-11 10:00:00+09:00,2537.0,2537.0,2525.0,2531.0,2100,0.0,0.0
2024-09-11 11:00:00+09:00,2527.0,2527.0,2527.0,2527.0,0,0.0,0.0
2024-09-11 12:00:00+09:00,2526.0,2526.0,2505.0,2505.0,10700,0.0,0.0
2024-09-11 13:00:00+09:00,2501.0,2517.0,2490.0,2501.0,5800,0.0,0.0
2024-09-11 14:00:00+09:00,2501.0,2513.0,2495.0,2501.0,0,0.0,0.0
2024-09-12 09:00:00+09:00,2565.0,2565.0,2536.0,2544.0,3400,0.0,0.0
2024-09-12 10:00:00+09:00,2526.0,2526.0,2522.0,2522.0,400,0.0,0.0
2024-09-12 11:00:00+09:00,2533.0,2535.0,2525.0,2525.0,0,0.0,0.0
2024-09-12 12:00:00+09:00,2537.0,2537.0,2521.0,2536.0,4600,0.0,0.0
2024-09-12 13:00:00+09:00,2538.0,2550.0,2538.0,2541.0,1100,0.0,0.0
2024-09-12 14:00:00+09:00,2555.0,2563.0,2548.0,2550.0,2800,0.0,0.0
2024-09-13 09:00:00+09:00,2520.0,2530.0,2485.0,2487.0,13300,0.0,0.0
2024-09-13 10:00:00+09:00,2493.0,2503.0,2490.0,2503.0,1400,0.0,0.0
2024-09-13 11:00:00+09:00,2500.0,2500.0,2498.0,2498.0,0,0.0,0.0
2024-09-13 12:00:00+09:00,2498.0,2498.0,2495.0,2495.0,15500,0.0,0.0
2024-09-13 13:00:00+09:00,2496.0,2496.0,2491.0,2491.0,1100,0.0,0.0
2024-09-13 14:00:00+09:00,2496.0,2499.0,2491.0,2491.0,2100,0.0,0.0
2024-09-17 09:00:00+09:00,2540.0,2540.0,2512.0,2516.0,1900,0.0,0.0
2024-09-17 10:00:00+09:00,2516.0,2516.0,2492.0,2502.0,1700,0.0,0.0
2024-09-17 11:00:00+09:00,2511.0,2519.0,2511.0,2519.0,0,0.0,0.0
2024-09-17 12:00:00+09:00,2519.0,2525.0,2519.0,2519.0,4400,0.0,0.0
2024-09-17 13:00:00+09:00,2515.0,2517.0,2501.0,2501.0,700,0.0,0.0
2024-09-17 14:00:00+09:00,2501.0,2529.0,2501.0,2524.0,0,0.0,0.0
2024-09-18 09:00:00+09:00,2574.0,2574.0,2545.0,2550.0,3800,0.0,0.0
2024-09-18 10:00:00+09:00,2550.0,2550.0,2537.0,2537.0,600,0.0,0.0
2024-09-18 11:00:00+09:00,2535.0,2535.0,2535.0,2535.0,0,0.0,0.0
2024-09-18 12:00:00+09:00,2535.0,2539.0,2527.0,2532.0,6200,0.0,0.0
2024-09-18 13:00:00+09:00,2540.0,2545.0,2528.0,2528.0,600,0.0,0.0
2024-09-18 14:00:00+09:00,2539.0,2539.0,2527.0,2527.0,200,0.0,0.0
2024-09-19 09:00:00+09:00,2570.0,2570.0,2535.0,2546.0,3400,0.0,0.0
2024-09-19 10:00:00+09:00,2548.0,2548.0,2521.0,2521.0,4700,0.0,0.0
2024-09-19 11:00:00+09:00,2523.0,2534.0,2520.0,2534.0,0,0.0,0.0
2024-09-19 12:00:00+09:00,2534.0,2545.0,2523.0,2523.0,9600,0.0,0.0
2024-09-19 13:00:00+09:00,2530.0,2530.0,2529.0,2530.0,400,0.0,0.0
2024-09-19 14:00:00+09:00,2535.0,2541.0,2525.0,2535.0,2400,0.0,0.0
2024-09-20 09:00:00+09:00,2548.0,2549.0,2537.0,2547.0,1900,0.0,0.0
2024-09-20 10:00:00+09:00,2539.0,2545.0,2539.0,2545.0,200,0.0,0.0
2024-09-20 11:00:00+09:00,2545.0,2545.0,2545.0,2545.0,0,0.0,0.0
2024-09-20 12:00:00+09:00,2547.0,2551.0,2542.0,2542.0,3300,0.0,0.0
2024-09-20 13:00:00+09:00,2542.0,2542.0,2542.0,2542.0,100,0.0,0.0
2024-09-20 14:00:00+09:00,2550.0,2552.0,2531.0,2531.0,2300,0.0,0.0
