Datetime,Open,High,Low,Close,Volume,Dividends,Stock Splits
2024-06-07 09:00:00+09:00,921.0,921.0,910.0,921.0,0,0.0,0.0
2024-06-07 09:05:00+09:00,914.0,935.0,910.0,932.0,4373,0.0,0.0
2024-06-07 09:10:00+09:00,925.0,929.0,920.0,923.0,2892,0.0,0.0
2024-06-07 09:15:00+09:00,926.0,928.0,922.0,927.0,2239,0.0,0.0
2024-06-07 09:20:00+09:00,927.0,932.0,924.0,929.0,5427,0.0,0.0
2024-06-07 09:25:00+09:00,926.0,927.0,923.0,926.0,54,0.0,0.0
2024-06-07 09:30:00+09:00,925.0,928.0,923.0,927.0,401,0.0,0.0
2024-06-07 09:35:00+09:00,926.0,927.0,924.0,925.0,469,0.0,0.0
2024-06-07 09:40:00+09:00,925.0,925.0,925.0,925.0,107,0.0,0.0
2024-06-07 09:45:00+09:00,923.0,923.0,920.0,920.0,2266,0.0,0.0
2024-06-07 09:50:00+09:00,925.0,927.0,923.0,923.0,1359,0.0,0.0
2024-06-07 09:55:00+09:00,925.0,927.0,924.0,926.0,5224,0.0,0.0
2024-06-07 10:00:00+09:00,927.0,927.0,925.0,926.0,1456,0.0,0.0
2024-06-07 10:05:00+09:00,926.0,926.0,926.0,926.0,165,0.0,0.0
2024-06-07 10:10:00+09:00,924.0,924.0,921.0,921.0,2403,0.0,0.0
2024-06-07 10:15:00+09:00,922.0,922.0,916.0,917.0,2887,0.0,0.0
2024-06-07 10:20:00+09:00,918.0,924.0,917.0,917.0,200,0.0,0.0
2024-06-07 10:25:00+09:00,917.0,921.0,916.0,921.0,109,0.0,0.0
2024-06-07 10:30:00+09:00,921.0,925.0,921.0,925.0,2081,0.0,0.0
2024-06-07 10:35:00+09:00,925.0,925.0,915.0,923.0,418,0.0,0.0
2024-06-07 10:40:00+09:00,923.0,924.0,923.0,924.0,401,0.0,0.0
2024-06-07 10:45:00+09:00,924.0,924.0,917.0,920.0,1065,0.0,0.0
2024-06-07 10:50:00+09:00,921.0,921.0,920.0,920.0,50,0.0,0.0
2024-06-07 10:55:00+09:00,920.0,924.0,918.0,918.0,1563,0.0,0.0
2024-06-07 11:00:00+09:00,922.0,923.0,920.0,920.0,269,0.0,0.0
2024-06-07 11:05:00+09:00,920.0,920.0,920.0,920.0,1588,0.0,0.0
2024-06-07 11:10:00+09:00,922.0,923.0,922.0,923.0,0,0.0,0.0
2024-06-07 11:15:00+09:00,923.0,923.0,921.0,923.0,38,0.0,0.0
2024-06-07 11:20:00+09:00,923.0,923.0,918.0,923.0,2219,0.0,0.0
2024-06-07 11:25:00+09:00,923.0,923.0,915.0,915.0,2307,0.0,0.0
2024-06-07 11:30:00+09:00,916.0,923.0,916.0,923.0,144,0.0,0.0
2024-06-07 11:35:00+09:00,922.0,922.0,917.0,921.0,61,0.0,0.0
2024-06-07 11:40:00+09:00,921.0,922.0,916.0,922.0,122,0.0,0.0
2024-06-07 11:45:00+09:00,922.0,922.0,922.0,922.0,29,0.0,0.0
2024-06-07 11:50:00+09:00,917.0,922.0,916.0,919.0,714,0.0,0.0
2024-06-07 11:55:00+09:00,918.0,918.0,912.0,917.0,4288,0.0,0.0
2024-06-07 12:00:00+09:00,921.0,922.0,921.0,922.0,0,0.0,0.0
2024-06-07 12:05:00+09:00,922.0,922.0,922.0,922.0,200,0.0,0.0
2024-06-07 12:10:00+09:00,922.0,922.0,920.0,922.0,26,0.0,0.0
2024-06-07 12:15:00+09:00,921.0,921.0,919.0,919.0,552,0.0,0.0
2024-06-07 12:20:00+09:00,919.0,919.0,914.0,914.0,490,0.0,0.0
2024-06-07 12:25:00+09:00,914.0,917.0,913.0,917.0,744,0.0,0.0
2024-06-07 12:30:00+09:00,918.0,921.0,915.0,921.0,3363,0.0,0.0
2024-06-07 12:35:00+09:00,915.0,921.0,915.0,921.0,1991,0.0,0.0
2024-06-07 12:40:00+09:00,917.0,922.0,917.0,922.0,2118,0.0,0.0
2024-06-07 12:45:00+09:00,920.0,922.0,916.0,922.0,1546,0.0,0.0
2024-06-07 12:55:00+09:00,916.0,916.0,910.0,911.0,12373,0.0,0.0
2024-06-07 13:00:00+09:00,918.0,918.0,914.0,915.0,286,0.0,0.0
2024-06-07 13:05:00+09:00,917.0,918.0,916.0,918.0,2144,0.0,0.0
2024-06-07 13:10:00+09:00,917.0,918.0,917.0,918.0,81,0.0,0.0
2024-06-07 13:15:00+09:00,916.0,918.0,915.0,918.0,2042,0.0,0.0
2024-06-07 13:20:00+09:00,918.0,922.0,918.0,922.0,4889,0.0,0.0
2024-06-07 13:25:00+09:00,922.0,932.0,921.0,930.0,5884,0.0,0.0
2024-06-07 13:30:00+09:00,928.0,932.0,928.0,932.0,672,0.0,0.0
2024-06-07 13:35:00+09:00,930.0,930.0,930.0,930.0,8,0.0,0.0
2024-06-07 13:40:00+09:00,930.0,930.0,925.0,926.0,20,0.0,0.0
2024-06-07 13:45:00+09:00,925.0,925.0,921.0,921.0,951,0.0,0.0
2024-06-07 13:50:00+09:00,928.0,928.0,922.0,927.0,0,0.0,0.0
2024-06-07 13:55:00+09:00,927.0,927.0,921.0,921.0,298,0.0,0.0
2024-06-07 14:00:00+09:00,926.0,927.0,921.0,924.0,18,0.0,0.0
2024-06-07 14:05:00+09:00,923.0,923.0,919.0,922.0,2116,0.0,0.0
2024-06-07 14:10:00+09:00,922.0,924.0,922.0,924.0,1156,0.0,0.0
2024-06-07 14:15:00+09:00,924.0,924.0,922.0,924.0,171,0.0,0.0
2024-06-07 14:20:00+09:00,924.0,930.0,924.0,929.0,357,0.0,0.0
2024-06-07 14:25:00+09:00,927.0,929.0,926.0,929.0,478,0.0,0.0
2024-06-07 14:30:00+09:00,928.0,928.0,923.0,923.0,2248,0.0,0.0
2024-06-07 14:35:00+09:00,924.0,926.0,921.0,924.0,3919,0.0,0.0
2024-06-07 14:40:00+09:00,924.0,928.0,922.0,928.0,1017,0.0,0.0
2024-06-07 14:45:00+09:00,928.0,928.0,924.0,927.0,2098,0.0,0.0
2024-06-07 14:55:00+09:00,925.0,925.0,924.0,924.0,316,0.0,0.0
2024-06-10 09:00:00+09:00,943.0,944.0,931.0,931.0,0,0.0,0.0
2024-06-10 09:05:00+09:00,930.0,930.0,918.0,925.0,8697,0.0,0.0
2024-06-10 09:10:00+09:00,923.0,942.0,921.0,942.0,10029,0.0,0.0
2024-06-10 09:15:00+09:00,939.0,940.0,932.0,932.0,2145,0.0,0.0
2024-06-10 09:20:00+09:00,932.0,960.0,932.0,956.0,18018,0.0,0.0
2024-06-10 09:25:00+09:00,956.0,962.0,947.0,962.0,6100,0.0,0.0
2024-06-10 09:30:00+09:00,953.0,953.0,940.0,940.0,4693,0.0,0.0
2024-06-10 09:35:00+09:00,950.0,960.0,949.0,953.0,1564,0.0,0.0
2024-06-10 09:40:00+09:00,953.0,955.0,933.0,948.0,4779,0.0,0.0
2024-06-10 09:45:00+09:00,947.0,947.0,946.0,946.0,247,0.0,0.0
2024-06-10 09:50:00+09:00,946.0,946.0,938.0,938.0,1161,0.0,0.0
2024-06-10 09:55:00+09:00,937.0,937.0,933.0,937.0,1340,0.0,0.0
2024-06-10 10:00:00+09:00,937.0,937.0,937.0,937.0,6,0.0,0.0
2024-06-10 10:05:00+09:00,937.0,937.0,936.0,936.0,62,0.0,0.0
2024-06-10 10:10:00+09:00,937.0,937.0,936.0,937.0,227,0.0,0.0
2024-06-10 10:15:00+09:00,937.0,943.0,936.0,943.0,325,0.0,0.0
2024-06-10 10:20:00+09:00,942.0,943.0,942.0,943.0,622,0.0,0.0
2024-06-10 10:25:00+09:00,943.0,943.0,943.0,943.0,11,0.0,0.0
2024-06-10 10:30:00+09:00,939.0,939.0,935.0,936.0,556,0.0,0.0
2024-06-10 10:35:00+09:00,940.0,949.0,936.0,938.0,243,0.0,0.0
2024-06-10 10:40:00+09:00,945.0,945.0,945.0,945.0,9,0.0,0.0
2024-06-10 10:50:00+09:00,942.0,953.0,942.0,952.0,3459,0.0,0.0
2024-06-10 10:55:00+09:00,952.0,954.0,944.0,944.0,13076,0.0,0.0
2024-06-10 11:00:00+09:00,949.0,950.0,949.0,950.0,20,0.0,0.0
2024-06-10 11:05:00+09:00,949.0,949.0,947.0,947.0,271,0.0,0.0
2024-06-10 11:10:00+09:00,946.0,949.0,946.0,947.0,1634,0.0,0.0
2024-06-10 11:15:00+09:00,949.0,950.0,946.0,947.0,1890,0.0,0.0
2024-06-10 11:20:00+09:00,947.0,950.0,947.0,947.0,792,0.0,0.0
2024-06-10 11:25:00+09:00,947.0,947.0,947.0,947.0,6018,0.0,0.0
2024-06-10 11:30:00+09:00,946.0,947.0,945.0,945.0,0,0.0,0.0
2024-06-10 11:35:00+09:00,945.0,945.0,945.0,945.0,458,0.0,0.0
2024-06-10 11:40:00+09:00,944.0,945.0,942.0,945.0,2273,0.0,0.0
2024-06-10 11:45:00+09:00,945.0,945.0,945.0,945.0,1536,0.0,0.0
2024-06-10 11:50:00+09:00,943.0,943.0,938.0,938.0,943,0.0,0.0
2024-06-10 11:55:00+09:00,940.0,945.0,940.0,944.0,183,0.0,0.0
2024-06-10 12:00:00+09:00,944.0,944.0,944.0,944.0,1994,0.0,0.0
2024-06-10 12:05:00+09:00,943.0,944.0,943.0,944.0,1774,0.0,0.0
2024-06-10 12:10:00+09:00,940.0,943.0,940.0,943.0,172,0.0,0.0
2024-06-10 12:15:00+09:00,943.0,943.0,941.0,942.0,2160,0.0,0.0
2024-06-10 12:20:00+09:00,940.0,940.0,939.0,939.0,516,0.0,0.0
2024-06-10 12:25:00+09:00,939.0,940.0,939.0,939.0,0,0.0,0.0
2024-06-10 12:30:00+09:00,939.0,941.0,933.0,941.0,5002,0.0,0.0
2024-06-10 12:35:00+09:00,934.0,939.0,930.0,939.0,2024,0.0,0.0
2024-06-10 12:40:00+09:00,938.0,942.0,938.0,942.0,62,0.0,0.0
2024-06-10 12:45:00+09:00,941.0,941.0,941.0,941.0,0,0.0,0.0
2024-06-10 12:50:00+09:00,940.0,941.0,934.0,934.0,55,0.0,0.0
2024-06-10 13:05:00+09:00,939.0,942.0,939.0,942.0,1030,0.0,0.0
2024-06-10 13:10:00+09:00,941.0,941.0,941.0,941.0,1,0.0,0.0
2024-06-10 13:20:00+09:00,941.0,941.0,941.0,941.0,1,0.0,0.0
2024-06-10 13:25:00+09:00,941.0,941.0,941.0,941.0,2,0.0,0.0
2024-06-10 13:30:00+09:00,937.0,937.0,930.0,932.0,2725,0.0,0.0
2024-06-10 13:35:00+09:00,938.0,941.0,938.0,941.0,2942,0.0,0.0
2024-06-10 13:40:00+09:00,937.0,940.0,937.0,940.0,496,0.0,0.0
2024-06-10 13:45:00+09:00,940.0,940.0,940.0,940.0,0,0.0,0.0
2024-06-10 13:50:00+09:00,940.0,940.0,940.0,940.0,1,0.0,0.0
2024-06-10 13:55:00+09:00,940.0,940.0,940.0,940.0,6,0.0,0.0
2024-06-10 14:00:00+09:00,936.0,941.0,936.0,941.0,3875,0.0,0.0
2024-06-10 14:05:00+09:00,940.0,940.0,940.0,940.0,58,0.0,0.0
2024-06-10 14:10:00+09:00,937.0,937.0,935.0,935.0,94,0.0,0.0
2024-06-10 14:15:00+09:00,935.0,940.0,935.0,938.0,0,0.0,0.0
2024-06-10 14:20:00+09:00,940.0,940.0,940.0,940.0,9,0.0,0.0
2024-06-10 14:25:00+09:00,936.0,936.0,934.0,934.0,226,0.0,0.0
2024-06-10 14:30:00+09:00,934.0,939.0,934.0,939.0,167,0.0,0.0
2024-06-10 14:40:00+09:00,935.0,935.0,934.0,934.0,456,0.0,0.0
2024-06-10 14:45:00+09:00,934.0,937.0,933.0,934.0,1560,0.0,0.0
2024-06-10 14:50:00+09:00,934.0,934.0,934.0,934.0,4,0.0,0.0
2024-06-10 14:55:00+09:00,937.0,937.0,932.0,937.0,2718,0.0,0.0
2024-06-11 09:00:00+09:00,930.0,969.0,930.0,958.0,8049,0.0,0.0
2024-06-11 09:05:00+09:00,949.0,962.0,943.0,954.0,8228,0.0,0.0
2024-06-11 09:10:00+09:00,948.0,951.0,942.0,950.0,2032,0.0,0.0
2024-06-11 09:15:00+09:00,945.0,945.0,942.0,942.0,2620,0.0,0.0
2024-06-11 09:20:00+09:00,942.0,946.0,937.0,944.0,5717,0.0,0.0
2024-06-11 09:30:00+09:00,941.0,944.0,937.0,944.0,1787,0.0,0.0
2024-06-11 09:35:00+09:00,940.0,944.0,939.0,944.0,740,0.0,0.0
2024-06-11 09:40:00+09:00,941.0,944.0,941.0,944.0,1657,0.0,0.0
2024-06-11 09:45:00+09:00,940.0,944.0,940.0,944.0,103,0.0,0.0
2024-06-11 09:50:00+09:00,942.0,942.0,942.0,942.0,3655,0.0,0.0
2024-06-11 09:55:00+09:00,942.0,943.0,939.0,939.0,0,0.0,0.0
2024-06-11 10:00:00+09:00,939.0,944.0,938.0,944.0,758,0.0,0.0
2024-06-11 10:05:00+09:00,944.0,944.0,938.0,939.0,181,0.0,0.0
2024-06-11 10:10:00+09:00,944.0,944.0,939.0,942.0,219,0.0,0.0
2024-06-11 10:15:00+09:00,942.0,942.0,939.0,939.0,130,0.0,0.0
2024-06-11 10:20:00+09:00,941.0,941.0,940.0,941.0,524,0.0,0.0
2024-06-11 10:25:00+09:00,940.0,940.0,940.0,940.0,0,0.0,0.0
2024-06-11 10:30:00+09:00,940.0,940.0,940.0,940.0,0,0.0,0.0
2024-06-11 10:35:00+09:00,943.0,943.0,937.0,942.0,2178,0.0,0.0
2024-06-11 10:40:00+09:00,938.0,938.0,938.0,938.0,0,0.0,0.0
2024-06-11 10:45:00+09:00,938.0,942.0,938.0,938.0,42,0.0,0.0
2024-06-11 10:50:00+09:00,938.0,939.0,938.0,938.0,611,0.0,0.0
2024-06-11 10:55:00+09:00,941.0,943.0,941.0,943.0,6015,0.0,0.0
2024-06-11 11:00:00+09:00,940.0,943.0,940.0,943.0,168,0.0,0.0
2024-06-11 11:05:00+09:00,940.0,940.0,940.0,940.0,4000,0.0,0.0
2024-06-11 11:10:00+09:00,940.0,940.0,940.0,940.0,123,0.0,0.0
2024-06-11 11:15:00+09:00,940.0,943.0,940.0,943.0,0,0.0,0.0
2024-06-11 11:20:00+09:00,943.0,944.0,943.0,944.0,287,0.0,0.0
2024-06-11 11:25:00+09:00,943.0,946.0,943.0,946.0,1708,0.0,0.0
2024-06-11 11:30:00+09:00,944.0,946.0,940.0,946.0,1570,0.0,0.0
2024-06-11 11:35:00+09:00,946.0,946.0,938.0,938.0,6975,0.0,0.0
2024-06-11 11:40:00+09:00,942.0,946.0,942.0,946.0,0,0.0,0.0
2024-06-11 11:55:00+09:00,944.0,944.0,944.0,944.0,4,0.0,0.0
2024-06-11 12:00:00+09:00,943.0,944.0,943.0,944.0,1458,0.0,0.0
2024-06-11 12:05:00+09:00,944.0,945.0,942.0,945.0,1932,0.0,0.0
2024-06-11 12:10:00+09:00,941.0,945.0,941.0,945.0,1559,0.0,0.0
2024-06-11 12:15:00+09:00,945.0,945.0,945.0,945.0,3660,0.0,0.0
2024-06-11 12:20:00+09:00,943.0,943.0,941.0,943.0,204,0.0,0.0
2024-06-11 12:25:00+09:00,942.0,942.0,942.0,942.0,1818,0.0,0.0
2024-06-11 12:30:00+09:00,941.0,941.0,940.0,940.0,0,0.0,0.0
2024-06-11 12:35:00+09:00,941.0,941.0,938.0,941.0,564,0.0,0.0
2024-06-11 12:40:00+09:00,940.0,940.0,938.0,938.0,5974,0.0,0.0
2024-06-11 12:45:00+09:00,942.0,942.0,940.0,942.0,0,0.0,0.0
2024-06-11 12:50:00+09:00,939.0,939.0,937.0,937.0,3584,0.0,0.0
2024-06-11 12:55:00+09:00,938.0,940.0,936.0,940.0,2459,0.0,0.0
2024-06-11 13:00:00+09:00,939.0,942.0,938.0,942.0,97,0.0,0.0
2024-06-11 13:05:00+09:00,937.0,937.0,935.0,936.0,844,0.0,0.0
2024-06-11 13:10:00+09:00,935.0,939.0,933.0,933.0,8707,0.0,0.0
2024-06-11 13:15:00+09:00,933.0,942.0,928.0,942.0,17382,0.0,0.0
2024-06-11 13:20:00+09:00,933.0,938.0,929.0,938.0,771,0.0,0.0
2024-06-11 13:25:00+09:00,933.0,939.0,933.0,939.0,0,0.0,0.0
2024-06-11 13:30:00+09:00,939.0,939.0,936.0,936.0,1108,0.0,0.0
2024-06-11 13:35:00+09:00,940.0,941.0,940.0,941.0,4,0.0,0.0
2024-06-11 13:45:00+09:00,940.0,940.0,940.0,940.0,2,0.0,0.0
2024-06-11 13:50:00+09:00,934.0,940.0,928.0,936.0,1545,0.0,0.0
2024-06-11 13:55:00+09:00,939.0,940.0,929.0,929.0,4106,0.0,0.0
2024-06-11 14:00:00+09:00,930.0,930.0,929.0,929.0,3,0.0,0.0
2024-06-11 14:05:00+09:00,929.0,936.0,928.0,930.0,4922,0.0,0.0
2024-06-11 14:10:00+09:00,930.0,937.0,930.0,932.0,523,0.0,0.0
2024-06-11 14:15:00+09:00,931.0,931.0,923.0,923.0,6123,0.0,0.0
2024-06-11 14:20:00+09:00,924.0,929.0,921.0,929.0,10599,0.0,0.0
2024-06-11 14:25:00+09:00,930.0,930.0,922.0,923.0,2099,0.0,0.0
2024-06-11 14:30:00+09:00,923.0,923.0,921.0,921.0,713,0.0,0.0
2024-06-11 14:35:00+09:00,928.0,928.0,928.0,928.0,21,0.0,0.0
2024-06-11 14:40:00+09:00,922.0,930.0,919.0,930.0,7814,0.0,0.0
2024-06-11 14:45:00+09:00,930.0,930.0,930.0,930.0,9,0.0,0.0
2024-06-11 14:50:00+09:00,923.0,923.0,920.0,920.0,4241,0.0,0.0
2024-06-11 14:55:00+09:00,922.0,937.0,920.0,927.0,5749,0.0,0.0
2024-06-12 09:00:00+09:00,940.0,942.0,928.0,942.0,4177,0.0,0.0
2024-06-12 09:05:00+09:00,939.0,960.0,939.0,955.0,1909,0.0,0.0
2024-06-12 09:10:00+09:00,947.0,953.0,944.0,945.0,1694,0.0,0.0
2024-06-12 09:15:00+09:00,945.0,946.0,945.0,946.0,673,0.0,0.0
2024-06-12 09:20:00+09:00,943.0,945.0,940.0,945.0,7432,0.0,0.0
2024-06-12 09:25:00+09:00,945.0,948.0,922.0,948.0,13428,0.0,0.0
2024-06-12 09:30:00+09:00,943.0,943.0,930.0,943.0,256,0.0,0.0
2024-06-12 09:35:00+09:00,940.0,943.0,930.0,943.0,2439,0.0,0.0
2024-06-12 09:40:00+09:00,943.0,945.0,943.0,945.0,2141,0.0,0.0
2024-06-12 09:45:00+09:00,945.0,948.0,932.0,940.0,1240,0.0,0.0
2024-06-12 09:50:00+09:00,942.0,952.0,941.0,949.0,1982,0.0,0.0
2024-06-12 09:55:00+09:00,949.0,949.0,940.0,949.0,412,0.0,0.0
2024-06-12 10:00:00+09:00,949.0,1004.0,940.0,987.0,113263,0.0,0.0
2024-06-12 10:05:00+09:00,990.0,1024.0,970.0,971.0,387734,0.0,0.0
2024-06-12 10:10:00+09:00,972.0,983.0,969.0,974.0,52478,0.0,0.0
2024-06-12 10:15:00+09:00,974.0,976.0,962.0,962.0,17903,0.0,0.0
2024-06-12 10:20:00+09:00,965.0,965.0,950.0,951.0,17983,0.0,0.0
2024-06-12 10:25:00+09:00,952.0,964.0,950.0,951.0,6191,0.0,0.0
2024-06-12 10:30:00+09:00,960.0,960.0,952.0,960.0,1059,0.0,0.0
2024-06-12 10:35:00+09:00,960.0,960.0,950.0,952.0,7144,0.0,0.0
2024-06-12 10:40:00+09:00,952.0,957.0,952.0,952.0,2939,0.0,0.0
2024-06-12 10:45:00+09:00,957.0,957.0,951.0,951.0,13581,0.0,0.0
2024-06-12 10:50:00+09:00,957.0,961.0,957.0,961.0,387,0.0,0.0
2024-06-12 10:55:00+09:00,960.0,961.0,960.0,961.0,5288,0.0,0.0
2024-06-12 11:00:00+09:00,961.0,962.0,955.0,961.0,1232,0.0,0.0
2024-06-12 11:05:00+09:00,955.0,955.0,955.0,955.0,1538,0.0,0.0
2024-06-12 11:10:00+09:00,961.0,962.0,961.0,962.0,4718,0.0,0.0
2024-06-12 11:15:00+09:00,960.0,960.0,960.0,960.0,200,0.0,0.0
2024-06-12 11:20:00+09:00,960.0,960.0,958.0,960.0,512,0.0,0.0
2024-06-12 11:25:00+09:00,958.0,962.0,955.0,962.0,11002,0.0,0.0
2024-06-12 11:30:00+09:00,955.0,961.0,954.0,961.0,214,0.0,0.0
2024-06-12 11:35:00+09:00,954.0,960.0,953.0,960.0,7351,0.0,0.0
2024-06-12 11:40:00+09:00,953.0,965.0,953.0,962.0,8578,0.0,0.0
2024-06-12 11:45:00+09:00,963.0,966.0,963.0,964.0,2542,0.0,0.0
2024-06-12 11:50:00+09:00,965.0,965.0,955.0,957.0,71086,0.0,0.0
2024-06-12 11:55:00+09:00,959.0,963.0,957.0,963.0,7236,0.0,0.0
2024-06-12 12:00:00+09:00,963.0,966.0,957.0,957.0,4692,0.0,0.0
2024-06-12 12:05:00+09:00,957.0,957.0,955.0,955.0,2374,0.0,0.0
2024-06-12 12:10:00+09:00,956.0,962.0,956.0,960.0,844,0.0,0.0
2024-06-12 12:15:00+09:00,963.0,963.0,963.0,963.0,0,0.0,0.0
2024-06-12 12:20:00+09:00,960.0,961.0,960.0,961.0,1675,0.0,0.0
2024-06-12 12:25:00+09:00,957.0,961.0,956.0,959.0,0,0.0,0.0
2024-06-12 12:30:00+09:00,958.0,960.0,954.0,960.0,2068,0.0,0.0
2024-06-12 12:35:00+09:00,957.0,957.0,957.0,957.0,10,0.0,0.0
2024-06-12 12:40:00+09:00,957.0,957.0,955.0,955.0,408,0.0,0.0
2024-06-12 12:45:00+09:00,955.0,955.0,955.0,955.0,1,0.0,0.0
2024-06-12 12:50:00+09:00,956.0,960.0,955.0,955.0,740,0.0,0.0
2024-06-12 12:55:00+09:00,955.0,960.0,955.0,960.0,0,0.0,0.0
2024-06-12 13:00:00+09:00,960.0,960.0,955.0,955.0,504,0.0,0.0
2024-06-12 13:05:00+09:00,955.0,960.0,955.0,960.0,18,0.0,0.0
2024-06-12 13:10:00+09:00,959.0,959.0,959.0,959.0,19,0.0,0.0
2024-06-12 13:15:00+09:00,959.0,959.0,955.0,955.0,1871,0.0,0.0
2024-06-12 13:20:00+09:00,956.0,962.0,956.0,960.0,3907,0.0,0.0
2024-06-12 13:25:00+09:00,957.0,957.0,957.0,957.0,0,0.0,0.0
2024-06-12 13:30:00+09:00,956.0,956.0,956.0,956.0,30,0.0,0.0
2024-06-12 13:35:00+09:00,958.0,962.0,956.0,960.0,1007,0.0,0.0
2024-06-12 13:40:00+09:00,959.0,962.0,957.0,962.0,7,0.0,0.0
2024-06-12 13:45:00+09:00,960.0,962.0,957.0,962.0,20,0.0,0.0
2024-06-12 13:50:00+09:00,962.0,962.0,962.0,962.0,524,0.0,0.0
2024-06-12 14:00:00+09:00,962.0,962.0,958.0,958.0,4223,0.0,0.0
2024-06-12 14:05:00+09:00,958.0,961.0,956.0,961.0,4139,0.0,0.0
2024-06-12 14:10:00+09:00,961.0,961.0,960.0,960.0,6473,0.0,0.0
2024-06-12 14:15:00+09:00,958.0,961.0,958.0,961.0,441,0.0,0.0
2024-06-12 14:20:00+09:00,961.0,961.0,961.0,961.0,1100,0.0,0.0
2024-06-12 14:25:00+09:00,958.0,962.0,958.0,962.0,2089,0.0,0.0
2024-06-12 14:30:00+09:00,958.0,958.0,955.0,955.0,1532,0.0,0.0
2024-06-12 14:35:00+09:00,956.0,956.0,949.0,950.0,22112,0.0,0.0
2024-06-12 14:40:00+09:00,955.0,955.0,941.0,941.0,33156,0.0,0.0
2024-06-12 14:45:00+09:00,945.0,946.0,944.0,944.0,12,0.0,0.0
2024-06-12 14:50:00+09:00,944.0,944.0,942.0,942.0,3572,0.0,0.0
2024-06-12 14:55:00+09:00,943.0,946.0,943.0,946.0,105,0.0,0.0
2024-06-13 09:00:00+09:00,938.0,944.0,938.0,944.0,2958,0.0,0.0
2024-06-13 09:05:00+09:00,944.0,945.0,936.0,937.0,2258,0.0,0.0
2024-06-13 09:10:00+09:00,945.0,945.0,945.0,945.0,0,0.0,0.0
2024-06-13 09:15:00+09:00,941.0,970.0,941.0,966.0,4385,0.0,0.0
2024-06-13 09:20:00+09:00,968.0,970.0,955.0,967.0,5280,0.0,0.0
2024-06-13 09:25:00+09:00,957.0,965.0,951.0,963.0,4258,0.0,0.0
2024-06-13 09:30:00+09:00,960.0,961.0,952.0,953.0,1613,0.0,0.0
2024-06-13 09:35:00+09:00,953.0,960.0,952.0,953.0,4235,0.0,0.0
2024-06-13 09:40:00+09:00,958.0,960.0,952.0,952.0,383,0.0,0.0
2024-06-13 09:45:00+09:00,952.0,956.0,951.0,956.0,0,0.0,0.0
2024-06-13 09:50:00+09:00,956.0,956.0,956.0,956.0,54,0.0,0.0
2024-06-13 09:55:00+09:00,951.0,955.0,951.0,952.0,2212,0.0,0.0
2024-06-13 10:00:00+09:00,954.0,954.0,954.0,954.0,552,0.0,0.0
2024-06-13 10:05:00+09:00,952.0,952.0,951.0,952.0,1415,0.0,0.0
2024-06-13 10:10:00+09:00,952.0,955.0,952.0,955.0,12501,0.0,0.0
2024-06-13 10:15:00+09:00,954.0,955.0,950.0,955.0,0,0.0,0.0
2024-06-13 10:20:00+09:00,952.0,952.0,952.0,952.0,41,0.0,0.0
2024-06-13 10:25:00+09:00,952.0,952.0,951.0,952.0,1002,0.0,0.0
2024-06-13 10:30:00+09:00,951.0,951.0,951.0,951.0,1000,0.0,0.0
2024-06-13 10:35:00+09:00,953.0,953.0,950.0,953.0,1521,0.0,0.0
2024-06-13 10:40:00+09:00,953.0,953.0,949.0,949.0,74,0.0,0.0
2024-06-13 10:45:00+09:00,949.0,949.0,949.0,949.0,200,0.0,0.0
2024-06-13 10:50:00+09:00,949.0,953.0,948.0,953.0,1902,0.0,0.0
2024-06-13 10:55:00+09:00,948.0,948.0,947.0,947.0,1018,0.0,0.0
2024-06-13 11:05:00+09:00,952.0,952.0,952.0,952.0,21,0.0,0.0
2024-06-13 11:10:00+09:00,947.0,952.0,947.0,952.0,299,0.0,0.0
2024-06-13 11:20:00+09:00,952.0,952.0,947.0,947.0,210,0.0,0.0
2024-06-13 11:25:00+09:00,947.0,947.0,947.0,947.0,2,0.0,0.0
2024-06-13 11:30:00+09:00,947.0,947.0,944.0,946.0,6279,0.0,0.0
2024-06-13 11:35:00+09:00,945.0,946.0,944.0,945.0,3435,0.0,0.0
2024-06-13 11:40:00+09:00,946.0,946.0,945.0,945.0,1208,0.0,0.0
2024-06-13 11:45:00+09:00,946.0,946.0,946.0,946.0,0,0.0,0.0
2024-06-13 11:50:00+09:00,950.0,950.0,950.0,950.0,90,0.0,0.0
2024-06-13 11:55:00+09:00,950.0,950.0,950.0,950.0,2,0.0,0.0
2024-06-13 12:00:00+09:00,950.0,950.0,950.0,950.0,13,0.0,0.0
2024-06-13 12:05:00+09:00,950.0,950.0,950.0,950.0,6,0.0,0.0
2024-06-13 12:15:00+09:00,950.0,950.0,948.0,948.0,1257,0.0,0.0
2024-06-13 12:20:00+09:00,950.0,950.0,950.0,950.0,2857,0.0,0.0
2024-06-13 12:25:00+09:00,950.0,950.0,947.0,947.0,0,0.0,0.0
2024-06-13 12:30:00+09:00,947.0,947.0,945.0,945.0,2023,0.0,0.0
2024-06-13 12:35:00+09:00,945.0,945.0,945.0,945.0,926,0.0,0.0
2024-06-13 12:40:00+09:00,945.0,948.0,944.0,948.0,1434,0.0,0.0
2024-06-13 12:45:00+09:00,949.0,950.0,949.0,950.0,3987,0.0,0.0
2024-06-13 12:50:00+09:00,950.0,950.0,950.0,950.0,750,0.0,0.0
2024-06-13 12:55:00+09:00,950.0,955.0,950.0,955.0,1411,0.0,0.0
2024-06-13 13:00:00+09:00,955.0,955.0,954.0,954.0,218,0.0,0.0
2024-06-13 13:10:00+09:00,954.0,954.0,954.0,954.0,4,0.0,0.0
2024-06-13 13:15:00+09:00,954.0,955.0,954.0,955.0,252,0.0,0.0
2024-06-13 13:20:00+09:00,955.0,955.0,955.0,955.0,90,0.0,0.0
2024-06-13 13:25:00+09:00,955.0,956.0,955.0,955.0,2713,0.0,0.0
2024-06-13 13:30:00+09:00,955.0,960.0,953.0,953.0,315,0.0,0.0
2024-06-13 13:35:00+09:00,960.0,960.0,953.0,959.0,1294,0.0,0.0
2024-06-13 13:40:00+09:00,958.0,959.0,957.0,957.0,370,0.0,0.0
2024-06-13 13:45:00+09:00,956.0,958.0,955.0,957.0,422,0.0,0.0
2024-06-13 13:50:00+09:00,957.0,958.0,956.0,956.0,222,0.0,0.0
2024-06-13 13:55:00+09:00,953.0,953.0,948.0,948.0,1612,0.0,0.0
2024-06-13 14:00:00+09:00,948.0,957.0,946.0,951.0,15130,0.0,0.0
2024-06-13 14:05:00+09:00,952.0,956.0,952.0,955.0,0,0.0,0.0
2024-06-13 14:10:00+09:00,954.0,954.0,949.0,949.0,712,0.0,0.0
2024-06-13 14:15:00+09:00,954.0,956.0,953.0,956.0,180,0.0,0.0
2024-06-13 14:20:00+09:00,955.0,955.0,955.0,955.0,246,0.0,0.0
2024-06-13 14:25:00+09:00,953.0,953.0,953.0,953.0,2080,0.0,0.0
2024-06-13 14:30:00+09:00,954.0,954.0,953.0,954.0,0,0.0,0.0
2024-06-13 14:35:00+09:00,954.0,955.0,954.0,955.0,0,0.0,0.0
2024-06-13 14:40:00+09:00,955.0,956.0,950.0,950.0,913,0.0,0.0
2024-06-13 14:45:00+09:00,956.0,957.0,955.0,956.0,21097,0.0,0.0
2024-06-13 14:50:00+09:00,950.0,957.0,949.0,957.0,0,0.0,0.0
2024-06-14 09:00:00+09:00,957.0,960.0,953.0,958.0,4528,0.0,0.0
2024-06-14 09:05:00+09:00,956.0,956.0,948.0,948.0,10118,0.0,0.0
2024-06-14 09:10:00+09:00,948.0,948.0,938.0,940.0,4576,0.0,0.0
2024-06-14 09:15:00+09:00,940.0,950.0,938.0,950.0,6223,0.0,0.0
2024-06-14 09:20:00+09:00,952.0,952.0,938.0,940.0,11044,0.0,0.0
2024-06-14 09:25:00+09:00,939.0,950.0,937.0,950.0,2257,0.0,0.0
2024-06-14 09:30:00+09:00,947.0,947.0,947.0,947.0,0,0.0,0.0
2024-06-14 09:35:00+09:00,941.0,941.0,941.0,941.0,1,0.0,0.0
2024-06-14 09:40:00+09:00,941.0,945.0,941.0,942.0,253,0.0,0.0
2024-06-14 09:45:00+09:00,942.0,942.0,936.0,940.0,1253,0.0,0.0
2024-06-14 09:50:00+09:00,938.0,940.0,935.0,937.0,9635,0.0,0.0
2024-06-14 09:55:00+09:00,943.0,943.0,943.0,943.0,0,0.0,0.0
2024-06-14 10:00:00+09:00,943.0,943.0,943.0,943.0,9,0.0,0.0
2024-06-14 10:10:00+09:00,941.0,943.0,935.0,943.0,7776,0.0,0.0
2024-06-14 10:20:00+09:00,944.0,949.0,944.0,949.0,892,0.0,0.0
2024-06-14 10:25:00+09:00,944.0,944.0,936.0,941.0,1770,0.0,0.0
2024-06-14 10:30:00+09:00,946.0,948.0,939.0,939.0,3,0.0,0.0
2024-06-14 10:35:00+09:00,948.0,948.0,948.0,948.0,0,0.0,0.0
2024-06-14 10:45:00+09:00,941.0,941.0,941.0,941.0,800,0.0,0.0
2024-06-14 10:50:00+09:00,941.0,941.0,940.0,941.0,2109,0.0,0.0
2024-06-14 10:55:00+09:00,941.0,947.0,941.0,947.0,311,0.0,0.0
2024-06-14 11:00:00+09:00,944.0,944.0,944.0,944.0,191,0.0,0.0
2024-06-14 11:05:00+09:00,940.0,940.0,940.0,940.0,500,0.0,0.0
2024-06-14 11:10:00+09:00,942.0,943.0,942.0,943.0,778,0.0,0.0
2024-06-14 11:15:00+09:00,941.0,941.0,934.0,934.0,19966,0.0,0.0
2024-06-14 11:25:00+09:00,939.0,939.0,939.0,939.0,0,0.0,0.0
2024-06-14 11:30:00+09:00,939.0,939.0,939.0,939.0,527,0.0,0.0
2024-06-14 11:40:00+09:00,937.0,937.0,936.0,936.0,338,0.0,0.0
2024-06-14 11:45:00+09:00,936.0,936.0,936.0,936.0,1,0.0,0.0
2024-06-14 11:55:00+09:00,942.0,942.0,942.0,942.0,1,0.0,0.0
2024-06-14 12:10:00+09:00,940.0,940.0,940.0,940.0,1,0.0,0.0
2024-06-14 12:15:00+09:00,938.0,938.0,931.0,931.0,10915,0.0,0.0
2024-06-14 12:20:00+09:00,931.0,931.0,931.0,931.0,0,0.0,0.0
2024-06-14 12:25:00+09:00,935.0,935.0,933.0,933.0,3,0.0,0.0
2024-06-14 12:30:00+09:00,933.0,933.0,933.0,933.0,2600,0.0,0.0
2024-06-14 12:35:00+09:00,939.0,939.0,939.0,939.0,0,0.0,0.0
2024-06-14 12:45:00+09:00,939.0,939.0,932.0,932.0,2428,0.0,0.0
2024-06-14 12:50:00+09:00,934.0,936.0,933.0,934.0,425,0.0,0.0
2024-06-14 13:00:00+09:00,934.0,934.0,934.0,934.0,0,0.0,0.0
2024-06-14 13:05:00+09:00,936.0,937.0,936.0,937.0,1031,0.0,0.0
2024-06-14 13:10:00+09:00,937.0,938.0,937.0,938.0,0,0.0,0.0
2024-06-14 13:15:00+09:00,934.0,938.0,900.0,920.0,27517,0.0,0.0
2024-06-14 13:20:00+09:00,926.0,936.0,926.0,936.0,8,0.0,0.0
2024-06-14 13:25:00+09:00,935.0,935.0,935.0,935.0,8,0.0,0.0
2024-06-14 13:35:00+09:00,933.0,933.0,933.0,933.0,54,0.0,0.0
2024-06-14 13:40:00+09:00,927.0,927.0,920.0,920.0,9013,0.0,0.0
2024-06-14 13:45:00+09:00,922.0,927.0,922.0,927.0,0,0.0,0.0
2024-06-14 13:50:00+09:00,927.0,927.0,927.0,927.0,7,0.0,0.0
2024-06-14 13:55:00+09:00,927.0,930.0,927.0,928.0,589,0.0,0.0
2024-06-14 14:00:00+09:00,927.0,927.0,926.0,926.0,638,0.0,0.0
2024-06-14 14:05:00+09:00,927.0,928.0,919.0,928.0,5518,0.0,0.0
2024-06-14 14:10:00+09:00,926.0,928.0,923.0,923.0,681,0.0,0.0
2024-06-14 14:15:00+09:00,923.0,925.0,923.0,924.0,378,0.0,0.0
2024-06-14 14:20:00+09:00,924.0,924.0,919.0,919.0,1783,0.0,0.0
2024-06-14 14:25:00+09:00,918.0,918.0,917.0,917.0,536,0.0,0.0
2024-06-14 14:30:00+09:00,923.0,923.0,923.0,923.0,269,0.0,0.0
2024-06-14 14:35:00+09:00,923.0,926.0,920.0,926.0,4908,0.0,0.0
2024-06-14 14:40:00+09:00,925.0,925.0,923.0,925.0,996,0.0,0.0
2024-06-14 14:45:00+09:00,922.0,925.0,919.0,924.0,7178,0.0,0.0
2024-06-14 14:50:00+09:00,923.0,923.0,917.0,922.0,6553,0.0,0.0
2024-06-14 14:55:00+09:00,922.0,922.0,922.0,922.0,13,0.0,0.0
2024-06-17 09:00:00+09:00,940.0,941.0,921.0,940.0,0,0.0,0.0
2024-06-17 09:05:00+09:00,922.0,940.0,922.0,940.0,3134,0.0,0.0
2024-06-17 09:10:00+09:00,939.0,939.0,925.0,934.0,268,0.0,0.0
2024-06-17 09:15:00+09:00,926.0,934.0,917.0,934.0,5415,0.0,0.0
2024-06-17 09:20:00+09:00,925.0,930.0,917.0,930.0,1701,0.0,0.0
2024-06-17 09:25:00+09:00,921.0,925.0,917.0,925.0,3311,0.0,0.0
2024-06-17 09:30:00+09:00,925.0,929.0,925.0,926.0,259,0.0,0.0
2024-06-17 09:35:00+09:00,922.0,927.0,918.0,927.0,392,0.0,0.0
2024-06-17 09:40:00+09:00,927.0,927.0,918.0,918.0,2466,0.0,0.0
2024-06-17 09:45:00+09:00,919.0,922.0,919.0,922.0,10349,0.0,0.0
2024-06-17 09:50:00+09:00,923.0,923.0,923.0,923.0,2,0.0,0.0
2024-06-17 09:55:00+09:00,922.0,922.0,922.0,922.0,152,0.0,0.0
2024-06-17 10:00:00+09:00,923.0,925.0,917.0,918.0,2690,0.0,0.0
2024-06-17 10:05:00+09:00,918.0,923.0,916.0,923.0,6255,0.0,0.0
2024-06-17 10:10:00+09:00,924.0,927.0,924.0,927.0,6,0.0,0.0
2024-06-17 10:15:00+09:00,920.0,927.0,920.0,927.0,2012,0.0,0.0
2024-06-17 10:20:00+09:00,926.0,926.0,926.0,926.0,200,0.0,0.0
2024-06-17 10:30:00+09:00,921.0,926.0,920.0,926.0,0,0.0,0.0
2024-06-17 10:35:00+09:00,920.0,920.0,917.0,920.0,2420,0.0,0.0
2024-06-17 10:40:00+09:00,919.0,922.0,917.0,917.0,1888,0.0,0.0
2024-06-17 10:45:00+09:00,917.0,917.0,917.0,917.0,269,0.0,0.0
2024-06-17 10:50:00+09:00,917.0,917.0,917.0,917.0,17,0.0,0.0
2024-06-17 10:55:00+09:00,922.0,922.0,922.0,922.0,2,0.0,0.0
2024-06-17 11:05:00+09:00,920.0,926.0,917.0,917.0,1441,0.0,0.0
2024-06-17 11:10:00+09:00,917.0,917.0,915.0,915.0,3638,0.0,0.0
2024-06-17 11:15:00+09:00,916.0,918.0,915.0,918.0,212,0.0,0.0
2024-06-17 11:20:00+09:00,915.0,915.0,914.0,914.0,1378,0.0,0.0
2024-06-17 11:25:00+09:00,918.0,919.0,914.0,919.0,0,0.0,0.0
2024-06-17 11:30:00+09:00,914.0,917.0,912.0,917.0,4018,0.0,0.0
2024-06-17 11:35:00+09:00,913.0,913.0,913.0,913.0,60,0.0,0.0
2024-06-17 11:40:00+09:00,913.0,925.0,913.0,925.0,3946,0.0,0.0
2024-06-17 11:45:00+09:00,920.0,920.0,912.0,914.0,6681,0.0,0.0
2024-06-17 11:50:00+09:00,914.0,916.0,914.0,916.0,98,0.0,0.0
2024-06-17 12:05:00+09:00,915.0,915.0,915.0,915.0,1,0.0,0.0
2024-06-17 12:10:00+09:00,914.0,914.0,913.0,913.0,628,0.0,0.0
2024-06-17 12:15:00+09:00,915.0,917.0,912.0,917.0,482,0.0,0.0
2024-06-17 12:20:00+09:00,913.0,913.0,910.0,910.0,16618,0.0,0.0
2024-06-17 12:30:00+09:00,911.0,915.0,911.0,911.0,0,0.0,0.0
2024-06-17 12:35:00+09:00,915.0,915.0,915.0,915.0,0,0.0,0.0
2024-06-17 12:40:00+09:00,915.0,915.0,912.0,912.0,1107,0.0,0.0
2024-06-17 12:45:00+09:00,912.0,914.0,910.0,914.0,10773,0.0,0.0
2024-06-17 12:50:00+09:00,914.0,914.0,914.0,914.0,27,0.0,0.0
2024-06-17 12:55:00+09:00,914.0,914.0,909.0,909.0,4144,0.0,0.0
2024-06-17 13:00:00+09:00,914.0,915.0,914.0,915.0,1000,0.0,0.0
2024-06-17 13:05:00+09:00,913.0,915.0,906.0,915.0,5202,0.0,0.0
2024-06-17 13:10:00+09:00,910.0,910.0,905.0,905.0,5085,0.0,0.0
2024-06-17 13:15:00+09:00,907.0,914.0,905.0,914.0,0,0.0,0.0
2024-06-17 13:20:00+09:00,906.0,909.0,905.0,909.0,11976,0.0,0.0
2024-06-17 13:25:00+09:00,909.0,913.0,909.0,911.0,2327,0.0,0.0
2024-06-17 13:30:00+09:00,911.0,911.0,910.0,910.0,526,0.0,0.0
2024-06-17 13:35:00+09:00,913.0,914.0,913.0,914.0,12,0.0,0.0
2024-06-17 13:40:00+09:00,910.0,913.0,910.0,913.0,4,0.0,0.0
2024-06-17 13:45:00+09:00,913.0,913.0,913.0,913.0,1,0.0,0.0
2024-06-17 13:50:00+09:00,908.0,908.0,908.0,908.0,2,0.0,0.0
2024-06-17 13:55:00+09:00,908.0,912.0,908.0,912.0,532,0.0,0.0
2024-06-17 14:00:00+09:00,908.0,911.0,905.0,906.0,2578,0.0,0.0
2024-06-17 14:05:00+09:00,906.0,906.0,903.0,903.0,2757,0.0,0.0
2024-06-17 14:10:00+09:00,904.0,905.0,896.0,905.0,51083,0.0,0.0
2024-06-17 14:15:00+09:00,905.0,905.0,888.0,901.0,25924,0.0,0.0
2024-06-17 14:20:00+09:00,901.0,902.0,889.0,894.0,10507,0.0,0.0
2024-06-17 14:25:00+09:00,894.0,894.0,889.0,894.0,3714,0.0,0.0
2024-06-17 14:30:00+09:00,890.0,893.0,889.0,889.0,4427,0.0,0.0
2024-06-17 14:35:00+09:00,893.0,893.0,886.0,890.0,3593,0.0,0.0
2024-06-17 14:40:00+09:00,886.0,891.0,885.0,886.0,9087,0.0,0.0
2024-06-17 14:45:00+09:00,891.0,891.0,890.0,891.0,2193,0.0,0.0
2024-06-17 14:50:00+09:00,891.0,891.0,890.0,891.0,1404,0.0,0.0
2024-06-17 14:55:00+09:00,890.0,891.0,890.0,890.0,4259,0.0,0.0
2024-06-18 09:00:00+09:00,883.0,883.0,873.0,879.0,12129,0.0,0.0
2024-06-18 09:05:00+09:00,874.0,880.0,873.0,873.0,2475,0.0,0.0
2024-06-18 09:10:00+09:00,880.0,883.0,873.0,882.0,2963,0.0,0.0
2024-06-18 09:15:00+09:00,881.0,882.0,879.0,882.0,152,0.0,0.0
2024-06-18 09:20:00+09:00,880.0,882.0,874.0,874.0,6649,0.0,0.0
2024-06-18 09:25:00+09:00,879.0,882.0,879.0,882.0,1586,0.0,0.0
2024-06-18 09:30:00+09:00,881.0,883.0,881.0,881.0,3960,0.0,0.0
2024-06-18 09:35:00+09:00,881.0,881.0,879.0,879.0,7,0.0,0.0
2024-06-18 09:40:00+09:00,879.0,879.0,873.0,873.0,8382,0.0,0.0
2024-06-18 09:45:00+09:00,873.0,881.0,873.0,881.0,2208,0.0,0.0
2024-06-18 09:50:00+09:00,881.0,881.0,880.0,880.0,575,0.0,0.0
2024-06-18 09:55:00+09:00,881.0,881.0,881.0,881.0,11,0.0,0.0
2024-06-18 10:00:00+09:00,880.0,885.0,880.0,884.0,7461,0.0,0.0
2024-06-18 10:05:00+09:00,884.0,884.0,878.0,884.0,16,0.0,0.0
2024-06-18 10:10:00+09:00,884.0,884.0,883.0,884.0,266,0.0,0.0
2024-06-18 10:15:00+09:00,884.0,884.0,884.0,884.0,0,0.0,0.0
2024-06-18 10:20:00+09:00,884.0,884.0,881.0,884.0,1120,0.0,0.0
2024-06-18 10:25:00+09:00,883.0,883.0,883.0,883.0,2,0.0,0.0
2024-06-18 10:30:00+09:00,880.0,880.0,879.0,880.0,298,0.0,0.0
2024-06-18 10:40:00+09:00,884.0,884.0,884.0,884.0,11,0.0,0.0
2024-06-18 10:45:00+09:00,880.0,880.0,875.0,880.0,2219,0.0,0.0
2024-06-18 10:50:00+09:00,879.0,884.0,874.0,874.0,666,0.0,0.0
2024-06-18 10:55:00+09:00,882.0,883.0,882.0,883.0,0,0.0,0.0
2024-06-18 11:00:00+09:00,875.0,879.0,875.0,879.0,149,0.0,0.0
2024-06-18 11:05:00+09:00,876.0,876.0,874.0,875.0,619,0.0,0.0
2024-06-18 11:10:00+09:00,874.0,874.0,874.0,874.0,176,0.0,0.0
2024-06-18 11:15:00+09:00,875.0,883.0,873.0,883.0,1077,0.0,0.0
2024-06-18 11:20:00+09:00,882.0,882.0,875.0,877.0,1007,0.0,0.0
2024-06-18 11:25:00+09:00,877.0,877.0,877.0,877.0,20,0.0,0.0
2024-06-18 11:30:00+09:00,873.0,877.0,872.0,872.0,11594,0.0,0.0
2024-06-18 11:35:00+09:00,877.0,877.0,868.0,874.0,8505,0.0,0.0
2024-06-18 11:40:00+09:00,872.0,872.0,868.0,872.0,101,0.0,0.0
2024-06-18 11:45:00+09:00,872.0,874.0,868.0,874.0,1090,0.0,0.0
2024-06-18 11:50:00+09:00,870.0,874.0,870.0,874.0,217,0.0,0.0
2024-06-18 11:55:00+09:00,870.0,874.0,869.0,869.0,284,0.0,0.0
2024-06-18 12:00:00+09:00,874.0,874.0,874.0,874.0,0,0.0,0.0
2024-06-18 12:05:00+09:00,874.0,874.0,874.0,874.0,1,0.0,0.0
2024-06-18 12:10:00+09:00,870.0,874.0,870.0,870.0,1776,0.0,0.0
2024-06-18 12:15:00+09:00,870.0,870.0,870.0,870.0,697,0.0,0.0
2024-06-18 12:20:00+09:00,873.0,876.0,870.0,876.0,948,0.0,0.0
2024-06-18 12:25:00+09:00,869.0,869.0,868.0,868.0,1529,0.0,0.0
2024-06-18 12:30:00+09:00,870.0,870.0,870.0,870.0,23,0.0,0.0
2024-06-18 12:35:00+09:00,870.0,874.0,870.0,870.0,2032,0.0,0.0
2024-06-18 12:40:00+09:00,874.0,875.0,874.0,875.0,0,0.0,0.0
2024-06-18 12:50:00+09:00,873.0,873.0,865.0,865.0,10634,0.0,0.0
2024-06-18 12:55:00+09:00,865.0,865.0,845.0,858.0,25602,0.0,0.0
2024-06-18 13:00:00+09:00,860.0,870.0,860.0,870.0,1530,0.0,0.0
2024-06-18 13:05:00+09:00,869.0,874.0,865.0,865.0,387,0.0,0.0
2024-06-18 13:10:00+09:00,865.0,872.0,860.0,862.0,814,0.0,0.0
2024-06-18 13:15:00+09:00,864.0,873.0,864.0,873.0,57,0.0,0.0
2024-06-18 13:20:00+09:00,866.0,866.0,866.0,866.0,123,0.0,0.0
2024-06-18 13:30:00+09:00,865.0,865.0,860.0,862.0,2789,0.0,0.0
2024-06-18 13:35:00+09:00,862.0,862.0,857.0,861.0,15171,0.0,0.0
2024-06-18 13:40:00+09:00,860.0,861.0,860.0,861.0,0,0.0,0.0
2024-06-18 13:45:00+09:00,861.0,861.0,861.0,861.0,0,0.0,0.0
2024-06-18 13:50:00+09:00,860.0,860.0,860.0,860.0,141,0.0,0.0
2024-06-18 13:55:00+09:00,860.0,860.0,860.0,860.0,15,0.0,0.0
2024-06-18 14:00:00+09:00,859.0,860.0,858.0,858.0,453,0.0,0.0
2024-06-18 14:05:00+09:00,857.0,858.0,857.0,858.0,2619,0.0,0.0
2024-06-18 14:10:00+09:00,859.0,865.0,859.0,865.0,4044,0.0,0.0
2024-06-18 14:15:00+09:00,865.0,866.0,865.0,866.0,14,0.0,0.0
2024-06-18 14:20:00+09:00,866.0,873.0,862.0,862.0,1009,0.0,0.0
2024-06-18 14:25:00+09:00,864.0,864.0,864.0,864.0,1384,0.0,0.0
2024-06-18 14:30:00+09:00,867.0,867.0,867.0,867.0,0,0.0,0.0
2024-06-18 14:35:00+09:00,865.0,865.0,864.0,864.0,1191,0.0,0.0
2024-06-18 14:45:00+09:00,864.0,864.0,863.0,863.0,1247,0.0,0.0
2024-06-18 14:50:00+09:00,863.0,872.0,863.0,872.0,571,0.0,0.0
2024-06-18 14:55:00+09:00,872.0,875.0,870.0,874.0,4684,0.0,0.0
2024-06-19 09:00:00+09:00,871.0,874.0,865.0,872.0,1111,0.0,0.0
2024-06-19 09:05:00+09:00,868.0,872.0,862.0,872.0,3415,0.0,0.0
2024-06-19 09:10:00+09:00,864.0,870.0,859.0,868.0,8193,0.0,0.0
2024-06-19 09:15:00+09:00,861.0,866.0,859.0,859.0,6540,0.0,0.0
2024-06-19 09:20:00+09:00,859.0,868.0,859.0,863.0,3490,0.0,0.0
2024-06-19 09:25:00+09:00,864.0,864.0,864.0,864.0,0,0.0,0.0
2024-06-19 09:30:00+09:00,864.0,864.0,864.0,864.0,120,0.0,0.0
2024-06-19 09:35:00+09:00,861.0,864.0,859.0,860.0,1369,0.0,0.0
2024-06-19 09:40:00+09:00,860.0,861.0,859.0,861.0,2612,0.0,0.0
2024-06-19 09:45:00+09:00,859.0,861.0,845.0,851.0,44287,0.0,0.0
2024-06-19 09:50:00+09:00,850.0,854.0,847.0,852.0,2602,0.0,0.0
2024-06-19 09:55:00+09:00,852.0,854.0,852.0,854.0,120,0.0,0.0
2024-06-19 10:00:00+09:00,854.0,854.0,848.0,853.0,1400,0.0,0.0
2024-06-19 10:05:00+09:00,850.0,853.0,846.0,853.0,3891,0.0,0.0
2024-06-19 10:10:00+09:00,850.0,852.0,849.0,850.0,0,0.0,0.0
2024-06-19 10:15:00+09:00,852.0,854.0,848.0,849.0,1704,0.0,0.0
2024-06-19 10:20:00+09:00,849.0,852.0,848.0,852.0,4276,0.0,0.0
2024-06-19 10:25:00+09:00,852.0,852.0,846.0,846.0,3945,0.0,0.0
2024-06-19 10:30:00+09:00,851.0,851.0,848.0,848.0,3098,0.0,0.0
2024-06-19 10:35:00+09:00,848.0,851.0,848.0,849.0,1363,0.0,0.0
2024-06-19 10:40:00+09:00,850.0,851.0,849.0,850.0,2020,0.0,0.0
2024-06-19 10:45:00+09:00,850.0,850.0,847.0,848.0,1493,0.0,0.0
2024-06-19 10:50:00+09:00,852.0,852.0,850.0,850.0,4274,0.0,0.0
2024-06-19 10:55:00+09:00,850.0,850.0,846.0,850.0,3581,0.0,0.0
2024-06-19 11:00:00+09:00,850.0,852.0,848.0,848.0,1757,0.0,0.0
2024-06-19 11:05:00+09:00,848.0,852.0,845.0,852.0,14724,0.0,0.0
2024-06-19 11:10:00+09:00,850.0,852.0,850.0,852.0,89,0.0,0.0
2024-06-19 11:15:00+09:00,848.0,852.0,847.0,852.0,1537,0.0,0.0
2024-06-19 11:20:00+09:00,851.0,851.0,848.0,848.0,403,0.0,0.0
2024-06-19 11:25:00+09:00,849.0,849.0,849.0,849.0,0,0.0,0.0
2024-06-19 11:30:00+09:00,849.0,851.0,847.0,851.0,2136,0.0,0.0
2024-06-19 11:35:00+09:00,847.0,852.0,847.0,850.0,7060,0.0,0.0
2024-06-19 11:40:00+09:00,850.0,852.0,850.0,852.0,0,0.0,0.0
2024-06-19 11:45:00+09:00,848.0,851.0,846.0,851.0,897,0.0,0.0
2024-06-19 11:55:00+09:00,846.0,851.0,844.0,844.0,4027,0.0,0.0
2024-06-19 12:00:00+09:00,844.0,845.0,844.0,845.0,6043,0.0,0.0
2024-06-19 12:05:00+09:00,845.0,850.0,842.0,842.0,1617,0.0,0.0
2024-06-19 12:10:00+09:00,842.0,843.0,842.0,842.0,4081,0.0,0.0
2024-06-19 12:15:00+09:00,842.0,843.0,842.0,842.0,2560,0.0,0.0
2024-06-19 12:20:00+09:00,841.0,841.0,841.0,841.0,0,0.0,0.0
2024-06-19 12:25:00+09:00,846.0,846.0,845.0,845.0,152221,0.0,0.0
2024-06-19 12:30:00+09:00,845.0,845.0,842.0,842.0,0,0.0,0.0
2024-06-19 12:35:00+09:00,842.0,846.0,842.0,846.0,2219,0.0,0.0
2024-06-19 12:40:00+09:00,845.0,845.0,845.0,845.0,1,0.0,0.0
2024-06-19 12:45:00+09:00,843.0,844.0,843.0,843.0,2170,0.0,0.0
2024-06-19 12:50:00+09:00,843.0,844.0,842.0,844.0,1356,0.0,0.0
2024-06-19 12:55:00+09:00,844.0,848.0,841.0,841.0,2080,0.0,0.0
2024-06-19 13:00:00+09:00,848.0,848.0,841.0,841.0,2141,0.0,0.0
2024-06-19 13:05:00+09:00,848.0,848.0,841.0,848.0,0,0.0,0.0
2024-06-19 13:10:00+09:00,848.0,848.0,842.0,846.0,65,0.0,0.0
2024-06-19 13:15:00+09:00,844.0,845.0,843.0,845.0,617,0.0,0.0
2024-06-19 13:20:00+09:00,845.0,845.0,843.0,845.0,239,0.0,0.0
2024-06-19 13:25:00+09:00,845.0,845.0,845.0,845.0,2,0.0,0.0
2024-06-19 13:30:00+09:00,845.0,848.0,842.0,842.0,708,0.0,0.0
2024-06-19 13:35:00+09:00,848.0,848.0,848.0,848.0,0,0.0,0.0
2024-06-19 13:40:00+09:00,848.0,848.0,842.0,848.0,779,0.0,0.0
2024-06-19 13:45:00+09:00,844.0,848.0,844.0,844.0,118,0.0,0.0
2024-06-19 13:50:00+09:00,842.0,844.0,842.0,844.0,692,0.0,0.0
2024-06-19 13:55:00+09:00,844.0,848.0,844.0,848.0,1053,0.0,0.0
2024-06-19 14:00:00+09:00,848.0,848.0,842.0,848.0,1258,0.0,0.0
2024-06-19 14:05:00+09:00,847.0,847.0,847.0,847.0,4745,0.0,0.0
2024-06-19 14:10:00+09:00,847.0,848.0,843.0,848.0,7865,0.0,0.0
2024-06-19 14:20:00+09:00,845.0,848.0,845.0,845.0,1245,0.0,0.0
2024-06-19 14:35:00+09:00,846.0,846.0,843.0,846.0,553,0.0,0.0
2024-06-19 14:40:00+09:00,846.0,846.0,846.0,846.0,9,0.0,0.0
2024-06-19 14:45:00+09:00,846.0,848.0,846.0,848.0,2001,0.0,0.0
2024-06-19 14:50:00+09:00,848.0,848.0,848.0,848.0,116,0.0,0.0
2024-06-19 14:55:00+09:00,848.0,850.0,848.0,850.0,1160,0.0,0.0
2024-06-20 09:00:00+09:00,850.0,895.0,850.0,868.0,12031,0.0,0.0
2024-06-20 09:05:00+09:00,866.0,866.0,850.0,858.0,15188,0.0,0.0
2024-06-20 09:10:00+09:00,857.0,857.0,851.0,851.0,1535,0.0,0.0
2024-06-20 09:15:00+09:00,851.0,851.0,846.0,846.0,4195,0.0,0.0
2024-06-20 09:20:00+09:00,846.0,851.0,846.0,851.0,687,0.0,0.0
2024-06-20 09:25:00+09:00,851.0,855.0,851.0,855.0,2181,0.0,0.0
2024-06-20 09:30:00+09:00,855.0,864.0,851.0,864.0,6146,0.0,0.0
2024-06-20 09:35:00+09:00,855.0,855.0,852.0,853.0,4066,0.0,0.0
2024-06-20 09:40:00+09:00,853.0,862.0,852.0,862.0,1591,0.0,0.0
2024-06-20 09:45:00+09:00,861.0,862.0,860.0,862.0,3735,0.0,0.0
2024-06-20 09:50:00+09:00,861.0,861.0,851.0,859.0,686,0.0,0.0
2024-06-20 09:55:00+09:00,859.0,862.0,854.0,862.0,6076,0.0,0.0
2024-06-20 10:00:00+09:00,862.0,864.0,862.0,863.0,8806,0.0,0.0
2024-06-20 10:05:00+09:00,863.0,863.0,863.0,863.0,862,0.0,0.0
2024-06-20 10:10:00+09:00,863.0,863.0,863.0,863.0,0,0.0,0.0
2024-06-20 10:15:00+09:00,857.0,857.0,850.0,856.0,1086,0.0,0.0
2024-06-20 10:20:00+09:00,856.0,859.0,850.0,859.0,3907,0.0,0.0
2024-06-20 10:25:00+09:00,859.0,864.0,859.0,864.0,5947,0.0,0.0
2024-06-20 10:30:00+09:00,864.0,865.0,864.0,864.0,2589,0.0,0.0
2024-06-20 10:35:00+09:00,864.0,864.0,859.0,859.0,588,0.0,0.0
2024-06-20 10:40:00+09:00,859.0,867.0,856.0,867.0,8322,0.0,0.0
2024-06-20 10:45:00+09:00,867.0,867.0,867.0,867.0,46,0.0,0.0
2024-06-20 10:50:00+09:00,867.0,867.0,867.0,867.0,0,0.0,0.0
2024-06-20 10:55:00+09:00,862.0,862.0,855.0,859.0,3685,0.0,0.0
2024-06-20 11:00:00+09:00,858.0,858.0,853.0,853.0,14155,0.0,0.0
2024-06-20 11:05:00+09:00,852.0,854.0,850.0,854.0,4227,0.0,0.0
2024-06-20 11:20:00+09:00,854.0,854.0,853.0,853.0,412,0.0,0.0
2024-06-20 11:25:00+09:00,853.0,858.0,853.0,858.0,0,0.0,0.0
2024-06-20 11:30:00+09:00,851.0,851.0,851.0,851.0,51,0.0,0.0
2024-06-20 11:35:00+09:00,851.0,851.0,851.0,851.0,200,0.0,0.0
2024-06-20 11:40:00+09:00,852.0,852.0,851.0,851.0,1593,0.0,0.0
2024-06-20 11:45:00+09:00,857.0,857.0,857.0,857.0,8,0.0,0.0
2024-06-20 11:50:00+09:00,852.0,857.0,851.0,857.0,240,0.0,0.0
2024-06-20 12:15:00+09:00,857.0,859.0,857.0,859.0,730,0.0,0.0
2024-06-20 12:25:00+09:00,852.0,852.0,850.0,850.0,2508,0.0,0.0
2024-06-20 12:30:00+09:00,850.0,850.0,849.0,849.0,2841,0.0,0.0
2024-06-20 12:35:00+09:00,849.0,849.0,848.0,848.0,618,0.0,0.0
2024-06-20 12:40:00+09:00,848.0,850.0,847.0,847.0,9539,0.0,0.0
2024-06-20 12:45:00+09:00,850.0,854.0,850.0,854.0,2186,0.0,0.0
2024-06-20 12:50:00+09:00,854.0,854.0,854.0,854.0,2023,0.0,0.0
2024-06-20 12:55:00+09:00,852.0,852.0,852.0,852.0,576,0.0,0.0
2024-06-20 13:00:00+09:00,855.0,859.0,855.0,859.0,0,0.0,0.0
2024-06-20 13:05:00+09:00,851.0,859.0,850.0,859.0,3105,0.0,0.0
2024-06-20 13:10:00+09:00,859.0,859.0,859.0,859.0,124,0.0,0.0
2024-06-20 13:15:00+09:00,859.0,860.0,859.0,860.0,896,0.0,0.0
2024-06-20 13:20:00+09:00,860.0,860.0,860.0,860.0,2,0.0,0.0
2024-06-20 13:30:00+09:00,860.0,860.0,860.0,860.0,3,0.0,0.0
2024-06-20 13:35:00+09:00,860.0,860.0,860.0,860.0,10,0.0,0.0
2024-06-20 13:40:00+09:00,860.0,860.0,860.0,860.0,13,0.0,0.0
2024-06-20 13:55:00+09:00,856.0,856.0,855.0,855.0,19,0.0,0.0
2024-06-20 14:00:00+09:00,856.0,860.0,854.0,860.0,2228,0.0,0.0
2024-06-20 14:05:00+09:00,859.0,860.0,859.0,860.0,10,0.0,0.0
2024-06-20 14:10:00+09:00,859.0,859.0,852.0,859.0,511,0.0,0.0
2024-06-20 14:20:00+09:00,857.0,858.0,857.0,858.0,1550,0.0,0.0
2024-06-20 14:25:00+09:00,853.0,853.0,852.0,852.0,0,0.0,0.0
2024-06-20 14:30:00+09:00,852.0,857.0,852.0,857.0,404,0.0,0.0
2024-06-20 14:35:00+09:00,857.0,857.0,857.0,857.0,28,0.0,0.0
2024-06-20 14:45:00+09:00,857.0,857.0,852.0,856.0,531,0.0,0.0
2024-06-20 14:50:00+09:00,853.0,857.0,847.0,847.0,11517,0.0,0.0
2024-06-20 14:55:00+09:00,849.0,858.0,849.0,850.0,7546,0.0,0.0
2024-06-21 09:00:00+09:00,859.0,859.0,845.0,845.0,13225,0.0,0.0
2024-06-21 09:05:00+09:00,852.0,852.0,844.0,844.0,0,0.0,0.0
2024-06-21 09:10:00+09:00,850.0,851.0,844.0,851.0,1104,0.0,0.0
2024-06-21 09:15:00+09:00,851.0,851.0,844.0,844.0,3620,0.0,0.0
2024-06-21 09:20:00+09:00,851.0,851.0,843.0,844.0,1563,0.0,0.0
2024-06-21 09:25:00+09:00,844.0,848.0,840.0,841.0,7061,0.0,0.0
2024-06-21 09:30:00+09:00,844.0,847.0,842.0,847.0,920,0.0,0.0
2024-06-21 09:35:00+09:00,845.0,845.0,842.0,845.0,1022,0.0,0.0
2024-06-21 09:40:00+09:00,845.0,845.0,845.0,845.0,1,0.0,0.0
2024-06-21 09:45:00+09:00,843.0,844.0,840.0,842.0,576,0.0,0.0
2024-06-21 09:50:00+09:00,844.0,847.0,844.0,847.0,4689,0.0,0.0
2024-06-21 09:55:00+09:00,847.0,847.0,847.0,847.0,0,0.0,0.0
2024-06-21 10:00:00+09:00,847.0,847.0,847.0,847.0,175,0.0,0.0
2024-06-21 10:05:00+09:00,847.0,847.0,847.0,847.0,184,0.0,0.0
2024-06-21 10:10:00+09:00,847.0,847.0,847.0,847.0,198,0.0,0.0
2024-06-21 10:15:00+09:00,846.0,846.0,845.0,845.0,0,0.0,0.0
2024-06-21 10:20:00+09:00,846.0,846.0,844.0,844.0,5188,0.0,0.0
2024-06-21 10:25:00+09:00,847.0,849.0,845.0,845.0,1339,0.0,0.0
2024-06-21 10:30:00+09:00,850.0,850.0,849.0,850.0,0,0.0,0.0
2024-06-21 10:35:00+09:00,850.0,850.0,850.0,850.0,7,0.0,0.0
2024-06-21 10:40:00+09:00,849.0,849.0,849.0,849.0,30,0.0,0.0
2024-06-21 10:45:00+09:00,849.0,850.0,849.0,850.0,1680,0.0,0.0
2024-06-21 10:50:00+09:00,850.0,850.0,850.0,850.0,1643,0.0,0.0
2024-06-21 10:55:00+09:00,848.0,848.0,842.0,842.0,1901,0.0,0.0
2024-06-21 11:00:00+09:00,845.0,845.0,845.0,845.0,100,0.0,0.0
2024-06-21 11:05:00+09:00,844.0,844.0,844.0,844.0,2046,0.0,0.0
2024-06-21 11:10:00+09:00,844.0,844.0,844.0,844.0,0,0.0,0.0
2024-06-21 11:15:00+09:00,845.0,845.0,844.0,844.0,1629,0.0,0.0
2024-06-21 11:20:00+09:00,848.0,848.0,848.0,848.0,3,0.0,0.0
2024-06-21 11:25:00+09:00,848.0,848.0,845.0,845.0,357,0.0,0.0
2024-06-21 11:30:00+09:00,846.0,846.0,845.0,845.0,500,0.0,0.0
2024-06-21 11:40:00+09:00,845.0,845.0,845.0,845.0,2,0.0,0.0
2024-06-21 11:55:00+09:00,845.0,848.0,845.0,845.0,4035,0.0,0.0
2024-06-21 12:05:00+09:00,848.0,848.0,848.0,848.0,36,0.0,0.0
2024-06-21 12:10:00+09:00,846.0,847.0,845.0,847.0,74,0.0,0.0
2024-06-21 12:15:00+09:00,847.0,847.0,847.0,847.0,136,0.0,0.0
2024-06-21 12:20:00+09:00,847.0,847.0,845.0,845.0,3942,0.0,0.0
2024-06-21 12:25:00+09:00,845.0,845.0,844.0,844.0,0,0.0,0.0
2024-06-21 12:30:00+09:00,847.0,850.0,847.0,850.0,59,0.0,0.0
2024-06-21 12:35:00+09:00,850.0,850.0,850.0,850.0,380,0.0,0.0
2024-06-21 12:40:00+09:00,850.0,850.0,850.0,850.0,220,0.0,0.0
2024-06-21 12:50:00+09:00,844.0,845.0,844.0,844.0,11114,0.0,0.0
2024-06-21 12:55:00+09:00,844.0,844.0,844.0,844.0,0,0.0,0.0
2024-06-21 13:05:00+09:00,845.0,845.0,841.0,843.0,4237,0.0,0.0
2024-06-21 13:10:00+09:00,842.0,844.0,839.0,843.0,17265,0.0,0.0
2024-06-21 13:15:00+09:00,842.0,842.0,842.0,842.0,24,0.0,0.0
2024-06-21 13:20:00+09:00,839.0,841.0,839.0,840.0,324,0.0,0.0
2024-06-21 13:25:00+09:00,840.0,840.0,840.0,840.0,1303,0.0,0.0
2024-06-21 13:35:00+09:00,836.0,836.0,834.0,834.0,11179,0.0,0.0
2024-06-21 13:40:00+09:00,839.0,839.0,836.0,836.0,0,0.0,0.0
2024-06-21 13:45:00+09:00,836.0,836.0,835.0,836.0,484,0.0,0.0
2024-06-21 13:50:00+09:00,835.0,835.0,830.0,830.0,20954,0.0,0.0
2024-06-21 13:55:00+09:00,832.0,835.0,830.0,835.0,10674,0.0,0.0
2024-06-21 14:00:00+09:00,831.0,835.0,830.0,830.0,6216,0.0,0.0
2024-06-21 14:05:00+09:00,830.0,835.0,830.0,834.0,7518,0.0,0.0
2024-06-21 14:10:00+09:00,834.0,834.0,834.0,834.0,45,0.0,0.0
2024-06-21 14:15:00+09:00,834.0,834.0,834.0,834.0,540,0.0,0.0
2024-06-21 14:20:00+09:00,833.0,834.0,832.0,834.0,413,0.0,0.0
2024-06-21 14:25:00+09:00,832.0,833.0,826.0,832.0,8000,0.0,0.0
2024-06-21 14:30:00+09:00,830.0,831.0,830.0,831.0,1874,0.0,0.0
2024-06-21 14:35:00+09:00,830.0,831.0,830.0,831.0,806,0.0,0.0
2024-06-21 14:40:00+09:00,829.0,838.0,828.0,838.0,6955,0.0,0.0
2024-06-21 14:45:00+09:00,831.0,838.0,828.0,837.0,1024,0.0,0.0
2024-06-21 14:50:00+09:00,831.0,841.0,831.0,841.0,3312,0.0,0.0
2024-06-21 14:55:00+09:00,841.0,841.0,841.0,841.0,2164,0.0,0.0
2024-06-24 09:00:00+09:00,849.0,862.0,849.0,853.0,0,0.0,0.0
2024-06-24 09:05:00+09:00,853.0,853.0,846.0,846.0,6312,0.0,0.0
2024-06-24 09:10:00+09:00,846.0,855.0,846.0,855.0,3359,0.0,0.0
2024-06-24 09:15:00+09:00,855.0,855.0,848.0,848.0,3302,0.0,0.0
2024-06-24 09:20:00+09:00,847.0,848.0,847.0,847.0,1609,0.0,0.0
2024-06-24 09:25:00+09:00,848.0,848.0,848.0,848.0,0,0.0,0.0
2024-06-24 09:30:00+09:00,848.0,849.0,848.0,849.0,0,0.0,0.0
2024-06-24 09:35:00+09:00,848.0,849.0,848.0,848.0,1870,0.0,0.0
2024-06-24 09:40:00+09:00,847.0,847.0,841.0,841.0,14759,0.0,0.0
2024-06-24 09:45:00+09:00,841.0,841.0,841.0,841.0,905,0.0,0.0
2024-06-24 09:50:00+09:00,842.0,848.0,842.0,848.0,13,0.0,0.0
2024-06-24 09:55:00+09:00,846.0,849.0,842.0,842.0,1310,0.0,0.0
2024-06-24 10:00:00+09:00,846.0,849.0,846.0,849.0,12,0.0,0.0
2024-06-24 10:05:00+09:00,845.0,847.0,843.0,843.0,351,0.0,0.0
2024-06-24 10:10:00+09:00,843.0,843.0,843.0,843.0,5875,0.0,0.0
2024-06-24 10:15:00+09:00,844.0,844.0,842.0,842.0,0,0.0,0.0
2024-06-24 10:20:00+09:00,846.0,862.0,845.0,862.0,2289,0.0,0.0
2024-06-24 10:25:00+09:00,853.0,853.0,853.0,853.0,138,0.0,0.0
2024-06-24 10:30:00+09:00,859.0,861.0,845.0,850.0,63,0.0,0.0
2024-06-24 10:35:00+09:00,850.0,850.0,846.0,846.0,3176,0.0,0.0
2024-06-24 10:40:00+09:00,845.0,849.0,843.0,849.0,2273,0.0,0.0
2024-06-24 10:45:00+09:00,842.0,848.0,842.0,848.0,988,0.0,0.0
2024-06-24 10:50:00+09:00,843.0,850.0,842.0,847.0,91,0.0,0.0
2024-06-24 10:55:00+09:00,850.0,850.0,840.0,849.0,3942,0.0,0.0
2024-06-24 11:00:00+09:00,846.0,849.0,839.0,847.0,1996,0.0,0.0
2024-06-24 11:05:00+09:00,840.0,846.0,839.0,846.0,1214,0.0,0.0
2024-06-24 11:10:00+09:00,846.0,846.0,846.0,846.0,1,0.0,0.0
2024-06-24 11:15:00+09:00,839.0,842.0,838.0,842.0,202,0.0,0.0
2024-06-24 11:20:00+09:00,842.0,842.0,842.0,842.0,2,0.0,0.0
2024-06-24 11:25:00+09:00,839.0,842.0,838.0,838.0,1013,0.0,0.0
2024-06-24 11:30:00+09:00,842.0,844.0,838.0,844.0,797,0.0,0.0
2024-06-24 11:35:00+09:00,838.0,845.0,834.0,843.0,1177,0.0,0.0
2024-06-24 11:45:00+09:00,836.0,843.0,836.0,843.0,162,0.0,0.0
2024-06-24 11:50:00+09:00,843.0,843.0,843.0,843.0,19,0.0,0.0
2024-06-24 12:00:00+09:00,840.0,843.0,840.0,843.0,1997,0.0,0.0
2024-06-24 12:05:00+09:00,843.0,844.0,843.0,844.0,900,0.0,0.0
2024-06-24 12:10:00+09:00,844.0,844.0,844.0,844.0,0,0.0,0.0
2024-06-24 12:25:00+09:00,839.0,844.0,839.0,844.0,0,0.0,0.0
2024-06-24 12:30:00+09:00,840.0,840.0,836.0,836.0,428,0.0,0.0
2024-06-24 12:35:00+09:00,835.0,843.0,835.0,843.0,304,0.0,0.0
2024-06-24 12:50:00+09:00,842.0,843.0,837.0,837.0,128,0.0,0.0
2024-06-24 12:55:00+09:00,844.0,844.0,838.0,838.0,7,0.0,0.0
2024-06-24 13:00:00+09:00,844.0,844.0,844.0,844.0,0,0.0,0.0
2024-06-24 13:05:00+09:00,838.0,843.0,835.0,840.0,1449,0.0,0.0
2024-06-24 13:15:00+09:00,837.0,837.0,837.0,837.0,2,0.0,0.0
2024-06-24 13:20:00+09:00,840.0,840.0,840.0,840.0,1,0.0,0.0
2024-06-24 13:25:00+09:00,837.0,840.0,837.0,840.0,1487,0.0,0.0
2024-06-24 13:30:00+09:00,840.0,844.0,840.0,844.0,52,0.0,0.0
2024-06-24 13:35:00+09:00,843.0,843.0,843.0,843.0,499,0.0,0.0
2024-06-24 13:40:00+09:00,837.0,843.0,834.0,843.0,2001,0.0,0.0
2024-06-24 13:45:00+09:00,839.0,843.0,839.0,842.0,44,0.0,0.0
2024-06-24 13:50:00+09:00,840.0,842.0,840.0,842.0,5,0.0,0.0
2024-06-24 13:55:00+09:00,842.0,842.0,839.0,839.0,11,0.0,0.0
2024-06-24 14:00:00+09:00,838.0,839.0,837.0,839.0,7,0.0,0.0
2024-06-24 14:10:00+09:00,839.0,840.0,839.0,840.0,359,0.0,0.0
2024-06-24 14:15:00+09:00,836.0,840.0,834.0,840.0,3000,0.0,0.0
2024-06-24 14:20:00+09:00,836.0,840.0,834.0,840.0,878,0.0,0.0
2024-06-24 14:25:00+09:00,840.0,840.0,840.0,840.0,1,0.0,0.0
2024-06-24 14:30:00+09:00,836.0,839.0,835.0,839.0,51,0.0,0.0
2024-06-24 14:35:00+09:00,835.0,838.0,835.0,838.0,510,0.0,0.0
2024-06-24 14:45:00+09:00,838.0,838.0,835.0,838.0,1502,0.0,0.0
2024-06-24 14:50:00+09:00,838.0,838.0,835.0,835.0,602,0.0,0.0
2024-06-24 14:55:00+09:00,838.0,838.0,838.0,838.0,1,0.0,0.0
2024-06-25 09:00:00+09:00,825.0,879.0,825.0,852.0,6237,0.0,0.0
2024-06-25 09:10:00+09:00,844.0,844.0,839.0,839.0,301,0.0,0.0
2024-06-25 09:15:00+09:00,839.0,839.0,835.0,835.0,952,0.0,0.0
2024-06-25 09:20:00+09:00,835.0,837.0,833.0,837.0,9522,0.0,0.0
2024-06-25 09:25:00+09:00,837.0,837.0,837.0,837.0,679,0.0,0.0
2024-06-25 09:30:00+09:00,834.0,835.0,824.0,831.0,11812,0.0,0.0
2024-06-25 09:35:00+09:00,835.0,836.0,835.0,836.0,490,0.0,0.0
2024-06-25 09:40:00+09:00,833.0,836.0,831.0,836.0,0,0.0,0.0
2024-06-25 09:45:00+09:00,835.0,835.0,830.0,835.0,32450,0.0,0.0
2024-06-25 09:50:00+09:00,835.0,835.0,835.0,835.0,150,0.0,0.0
2024-06-25 09:55:00+09:00,831.0,841.0,831.0,841.0,14054,0.0,0.0
2024-06-25 10:00:00+09:00,841.0,841.0,833.0,833.0,2823,0.0,0.0
2024-06-25 10:05:00+09:00,832.0,832.0,832.0,832.0,2874,0.0,0.0
2024-06-25 10:10:00+09:00,838.0,839.0,832.0,839.0,1984,0.0,0.0
2024-06-25 10:15:00+09:00,832.0,832.0,832.0,832.0,17,0.0,0.0
2024-06-25 10:20:00+09:00,836.0,836.0,836.0,836.0,2,0.0,0.0
2024-06-25 10:25:00+09:00,836.0,838.0,836.0,838.0,115,0.0,0.0
2024-06-25 10:30:00+09:00,838.0,838.0,838.0,838.0,51,0.0,0.0
2024-06-25 10:35:00+09:00,838.0,838.0,833.0,833.0,1284,0.0,0.0
2024-06-25 10:40:00+09:00,838.0,838.0,838.0,838.0,0,0.0,0.0
2024-06-25 10:45:00+09:00,838.0,838.0,834.0,838.0,1002,0.0,0.0
2024-06-25 10:55:00+09:00,835.0,835.0,835.0,835.0,915,0.0,0.0
2024-06-25 11:00:00+09:00,837.0,845.0,837.0,845.0,1732,0.0,0.0
2024-06-25 11:05:00+09:00,840.0,845.0,835.0,845.0,1503,0.0,0.0
2024-06-25 11:10:00+09:00,837.0,843.0,835.0,840.0,0,0.0,0.0
2024-06-25 11:15:00+09:00,841.0,841.0,837.0,837.0,62324,0.0,0.0
2024-06-25 11:20:00+09:00,836.0,841.0,834.0,841.0,999,0.0,0.0
2024-06-25 11:30:00+09:00,834.0,841.0,834.0,841.0,158,0.0,0.0
2024-06-25 11:35:00+09:00,841.0,841.0,834.0,834.0,40,0.0,0.0
2024-06-25 11:40:00+09:00,841.0,841.0,841.0,841.0,1000,0.0,0.0
2024-06-25 11:55:00+09:00,838.0,838.0,838.0,838.0,0,0.0,0.0
2024-06-25 12:00:00+09:00,838.0,839.0,838.0,839.0,32,0.0,0.0
2024-06-25 12:05:00+09:00,839.0,839.0,839.0,839.0,16,0.0,0.0
2024-06-25 12:10:00+09:00,839.0,839.0,839.0,839.0,0,0.0,0.0
2024-06-25 12:15:00+09:00,839.0,841.0,834.0,841.0,6961,0.0,0.0
2024-06-25 12:20:00+09:00,834.0,838.0,834.0,837.0,823,0.0,0.0
2024-06-25 12:25:00+09:00,837.0,840.0,835.0,835.0,804,0.0,0.0
2024-06-25 12:30:00+09:00,840.0,840.0,840.0,840.0,0,0.0,0.0
2024-06-25 12:40:00+09:00,835.0,835.0,835.0,835.0,3,0.0,0.0
2024-06-25 12:45:00+09:00,835.0,835.0,835.0,835.0,200,0.0,0.0
2024-06-25 12:50:00+09:00,835.0,835.0,834.0,834.0,464,0.0,0.0
2024-06-25 12:55:00+09:00,834.0,838.0,834.0,838.0,1285,0.0,0.0
2024-06-25 13:10:00+09:00,838.0,838.0,838.0,838.0,103,0.0,0.0
2024-06-25 13:15:00+09:00,838.0,838.0,838.0,838.0,0,0.0,0.0
2024-06-25 13:20:00+09:00,835.0,835.0,835.0,835.0,948,0.0,0.0
2024-06-25 13:30:00+09:00,835.0,835.0,835.0,835.0,474,0.0,0.0
2024-06-25 13:40:00+09:00,837.0,837.0,837.0,837.0,0,0.0,0.0
2024-06-25 13:45:00+09:00,837.0,838.0,837.0,838.0,3464,0.0,0.0
2024-06-25 13:50:00+09:00,838.0,838.0,838.0,838.0,0,0.0,0.0
2024-06-25 13:55:00+09:00,837.0,837.0,837.0,837.0,13,0.0,0.0
2024-06-25 14:00:00+09:00,837.0,837.0,837.0,837.0,1051,0.0,0.0
2024-06-25 14:05:00+09:00,835.0,835.0,834.0,834.0,2978,0.0,0.0
2024-06-25 14:10:00+09:00,834.0,834.0,833.0,834.0,6077,0.0,0.0
2024-06-25 14:15:00+09:00,834.0,834.0,834.0,834.0,1774,0.0,0.0
2024-06-25 14:20:00+09:00,834.0,834.0,834.0,834.0,0,0.0,0.0
2024-06-25 14:25:00+09:00,836.0,838.0,834.0,834.0,17060,0.0,0.0
2024-06-25 14:30:00+09:00,841.0,841.0,841.0,841.0,8,0.0,0.0
2024-06-25 14:35:00+09:00,841.0,841.0,841.0,841.0,3,0.0,0.0
2024-06-25 14:45:00+09:00,836.0,843.0,834.0,843.0,3597,0.0,0.0
2024-06-25 14:50:00+09:00,842.0,842.0,842.0,842.0,20,0.0,0.0
2024-06-25 14:55:00+09:00,841.0,841.0,841.0,841.0,462,0.0,0.0
2024-06-26 09:00:00+09:00,828.0,840.0,828.0,840.0,13212,0.0,0.0
2024-06-26 09:05:00+09:00,839.0,840.0,834.0,836.0,1157,0.0,0.0
2024-06-26 09:10:00+09:00,838.0,840.0,838.0,840.0,191,0.0,0.0
2024-06-26 09:15:00+09:00,836.0,838.0,836.0,837.0,210,0.0,0.0
2024-06-26 09:20:00+09:00,839.0,839.0,839.0,839.0,0,0.0,0.0
2024-06-26 09:30:00+09:00,837.0,847.0,837.0,847.0,15699,0.0,0.0
2024-06-26 09:35:00+09:00,847.0,867.0,847.0,859.0,47185,0.0,0.0
2024-06-26 09:40:00+09:00,857.0,857.0,849.0,849.0,0,0.0,0.0
2024-06-26 09:45:00+09:00,850.0,850.0,849.0,849.0,79008,0.0,0.0
2024-06-26 09:50:00+09:00,849.0,850.0,849.0,849.0,633,0.0,0.0
2024-06-26 09:55:00+09:00,857.0,857.0,856.0,856.0,0,0.0,0.0
2024-06-26 10:00:00+09:00,854.0,854.0,853.0,854.0,79890,0.0,0.0
2024-06-26 10:05:00+09:00,849.0,849.0,846.0,846.0,654,0.0,0.0
2024-06-26 10:10:00+09:00,846.0,852.0,845.0,852.0,2122,0.0,0.0
2024-06-26 10:15:00+09:00,844.0,844.0,843.0,843.0,142,0.0,0.0
2024-06-26 10:20:00+09:00,842.0,848.0,840.0,840.0,1859,0.0,0.0
2024-06-26 10:25:00+09:00,840.0,840.0,840.0,840.0,2502,0.0,0.0
2024-06-26 10:30:00+09:00,840.0,840.0,839.0,839.0,430,0.0,0.0
2024-06-26 10:35:00+09:00,837.0,841.0,833.0,841.0,3262,0.0,0.0
2024-06-26 10:40:00+09:00,841.0,841.0,841.0,841.0,18,0.0,0.0
2024-06-26 10:45:00+09:00,841.0,843.0,841.0,843.0,0,0.0,0.0
2024-06-26 10:55:00+09:00,843.0,845.0,843.0,845.0,284,0.0,0.0
2024-06-26 11:05:00+09:00,845.0,845.0,841.0,841.0,2,0.0,0.0
2024-06-26 11:10:00+09:00,841.0,845.0,839.0,845.0,1674,0.0,0.0
2024-06-26 11:20:00+09:00,844.0,844.0,844.0,844.0,59,0.0,0.0
2024-06-26 11:35:00+09:00,840.0,840.0,835.0,835.0,1347,0.0,0.0
2024-06-26 11:40:00+09:00,836.0,844.0,836.0,844.0,776,0.0,0.0
2024-06-26 11:45:00+09:00,842.0,842.0,842.0,842.0,56,0.0,0.0
2024-06-26 11:55:00+09:00,838.0,839.0,832.0,839.0,4107,0.0,0.0
2024-06-26 12:05:00+09:00,834.0,839.0,834.0,839.0,70,0.0,0.0
2024-06-26 12:20:00+09:00,836.0,839.0,835.0,835.0,56,0.0,0.0
2024-06-26 12:25:00+09:00,839.0,839.0,834.0,834.0,314,0.0,0.0
2024-06-26 12:30:00+09:00,834.0,834.0,833.0,833.0,48,0.0,0.0
2024-06-26 12:35:00+09:00,834.0,835.0,834.0,835.0,6715,0.0,0.0
2024-06-26 12:40:00+09:00,835.0,835.0,835.0,835.0,0,0.0,0.0
2024-06-26 12:45:00+09:00,835.0,843.0,835.0,837.0,7832,0.0,0.0
2024-06-26 12:55:00+09:00,837.0,837.0,837.0,837.0,512,0.0,0.0
2024-06-26 13:00:00+09:00,842.0,842.0,842.0,842.0,2,0.0,0.0
2024-06-26 13:05:00+09:00,843.0,843.0,843.0,843.0,0,0.0,0.0
2024-06-26 13:15:00+09:00,842.0,842.0,842.0,842.0,2,0.0,0.0
2024-06-26 13:25:00+09:00,836.0,836.0,835.0,835.0,1000,0.0,0.0
2024-06-26 13:30:00+09:00,835.0,842.0,835.0,842.0,212,0.0,0.0
2024-06-26 13:45:00+09:00,842.0,842.0,841.0,841.0,65,0.0,0.0
2024-06-26 13:50:00+09:00,839.0,839.0,839.0,839.0,50,0.0,0.0
2024-06-26 14:05:00+09:00,839.0,840.0,832.0,839.0,5087,0.0,0.0
2024-06-26 14:10:00+09:00,833.0,835.0,831.0,835.0,7000,0.0,0.0
2024-06-26 14:15:00+09:00,835.0,835.0,835.0,835.0,604,0.0,0.0
2024-06-26 14:20:00+09:00,833.0,835.0,831.0,835.0,2203,0.0,0.0
2024-06-26 14:25:00+09:00,835.0,835.0,832.0,832.0,501,0.0,0.0
2024-06-26 14:30:00+09:00,835.0,835.0,835.0,835.0,0,0.0,0.0
2024-06-26 14:35:00+09:00,832.0,832.0,832.0,832.0,1,0.0,0.0
2024-06-26 14:40:00+09:00,835.0,835.0,835.0,835.0,2,0.0,0.0
2024-06-26 14:50:00+09:00,833.0,833.0,833.0,833.0,459,0.0,0.0
2024-06-26 14:55:00+09:00,833.0,833.0,833.0,833.0,0,0.0,0.0
2024-06-27 09:00:00+09:00,843.0,843.0,840.0,840.0,3152,0.0,0.0
2024-06-27 09:05:00+09:00,845.0,859.0,841.0,854.0,1046,0.0,0.0
2024-06-27 09:10:00+09:00,845.0,853.0,840.0,850.0,7070,0.0,0.0
2024-06-27 09:15:00+09:00,847.0,849.0,840.0,849.0,1208,0.0,0.0
2024-06-27 09:20:00+09:00,847.0,847.0,847.0,847.0,4,0.0,0.0
2024-06-27 09:25:00+09:00,844.0,849.0,841.0,841.0,2699,0.0,0.0
2024-06-27 09:30:00+09:00,844.0,847.0,844.0,847.0,0,0.0,0.0
2024-06-27 09:35:00+09:00,842.0,844.0,839.0,844.0,239,0.0,0.0
2024-06-27 09:40:00+09:00,838.0,838.0,837.0,837.0,0,0.0,0.0
2024-06-27 09:45:00+09:00,835.0,843.0,835.0,842.0,15875,0.0,0.0
2024-06-27 09:50:00+09:00,842.0,848.0,840.0,840.0,2345,0.0,0.0
2024-06-27 09:55:00+09:00,846.0,846.0,846.0,846.0,0,0.0,0.0
2024-06-27 10:00:00+09:00,841.0,841.0,835.0,835.0,1422,0.0,0.0
2024-06-27 10:05:00+09:00,845.0,845.0,844.0,844.0,0,0.0,0.0
2024-06-27 10:15:00+09:00,844.0,844.0,842.0,842.0,190,0.0,0.0
2024-06-27 10:20:00+09:00,842.0,842.0,835.0,835.0,0,0.0,0.0
2024-06-27 10:25:00+09:00,838.0,841.0,835.0,835.0,6003,0.0,0.0
2024-06-27 10:30:00+09:00,841.0,841.0,835.0,835.0,0,0.0,0.0
2024-06-27 10:35:00+09:00,841.0,841.0,840.0,840.0,421,0.0,0.0
2024-06-27 10:40:00+09:00,840.0,840.0,840.0,840.0,2,0.0,0.0
2024-06-27 10:45:00+09:00,840.0,840.0,840.0,840.0,16,0.0,0.0
2024-06-27 10:50:00+09:00,836.0,836.0,836.0,836.0,5,0.0,0.0
2024-06-27 10:55:00+09:00,835.0,836.0,835.0,835.0,3506,0.0,0.0
2024-06-27 11:00:00+09:00,835.0,835.0,833.0,834.0,0,0.0,0.0
2024-06-27 11:05:00+09:00,834.0,844.0,833.0,844.0,3693,0.0,0.0
2024-06-27 11:10:00+09:00,837.0,843.0,837.0,843.0,55,0.0,0.0
2024-06-27 11:25:00+09:00,836.0,836.0,833.0,833.0,206,0.0,0.0
2024-06-27 11:30:00+09:00,833.0,841.0,832.0,841.0,2535,0.0,0.0
2024-06-27 11:35:00+09:00,836.0,836.0,831.0,836.0,650,0.0,0.0
2024-06-27 11:40:00+09:00,835.0,835.0,835.0,835.0,0,0.0,0.0
2024-06-27 11:45:00+09:00,834.0,834.0,831.0,832.0,2088,0.0,0.0
2024-06-27 11:50:00+09:00,834.0,835.0,834.0,835.0,27,0.0,0.0
2024-06-27 12:05:00+09:00,832.0,835.0,831.0,831.0,1560,0.0,0.0
2024-06-27 12:10:00+09:00,832.0,832.0,832.0,832.0,0,0.0,0.0
2024-06-27 12:15:00+09:00,833.0,833.0,831.0,831.0,609,0.0,0.0
2024-06-27 12:20:00+09:00,832.0,832.0,830.0,830.0,40,0.0,0.0
2024-06-27 12:25:00+09:00,830.0,832.0,828.0,832.0,1993,0.0,0.0
2024-06-27 12:30:00+09:00,832.0,832.0,832.0,832.0,1199,0.0,0.0
2024-06-27 12:35:00+09:00,830.0,832.0,830.0,832.0,547,0.0,0.0
2024-06-27 12:40:00+09:00,832.0,832.0,832.0,832.0,0,0.0,0.0
2024-06-27 12:45:00+09:00,832.0,832.0,832.0,832.0,200,0.0,0.0
2024-06-27 12:50:00+09:00,831.0,831.0,831.0,831.0,440,0.0,0.0
2024-06-27 12:55:00+09:00,830.0,831.0,830.0,831.0,276,0.0,0.0
2024-06-27 13:00:00+09:00,830.0,834.0,830.0,834.0,111,0.0,0.0
2024-06-27 13:05:00+09:00,833.0,835.0,830.0,830.0,573,0.0,0.0
2024-06-27 13:10:00+09:00,834.0,834.0,834.0,834.0,0,0.0,0.0
2024-06-27 13:15:00+09:00,834.0,834.0,834.0,834.0,13,0.0,0.0
2024-06-27 13:20:00+09:00,830.0,834.0,829.0,834.0,211,0.0,0.0
2024-06-27 13:25:00+09:00,830.0,830.0,830.0,830.0,0,0.0,0.0
2024-06-27 13:30:00+09:00,834.0,835.0,834.0,835.0,7398,0.0,0.0
2024-06-27 13:35:00+09:00,830.0,835.0,830.0,835.0,0,0.0,0.0
2024-06-27 13:40:00+09:00,835.0,835.0,835.0,835.0,221,0.0,0.0
2024-06-27 13:45:00+09:00,837.0,837.0,837.0,837.0,1,0.0,0.0
2024-06-27 13:50:00+09:00,832.0,832.0,832.0,832.0,200,0.0,0.0
2024-06-27 13:55:00+09:00,836.0,836.0,830.0,830.0,1552,0.0,0.0
2024-06-27 14:00:00+09:00,829.0,830.0,829.0,830.0,62,0.0,0.0
2024-06-27 14:05:00+09:00,830.0,831.0,830.0,830.0,10695,0.0,0.0
2024-06-27 14:10:00+09:00,836.0,838.0,830.0,834.0,0,0.0,0.0
2024-06-27 14:15:00+09:00,830.0,832.0,830.0,832.0,318,0.0,0.0
2024-06-27 14:20:00+09:00,832.0,832.0,832.0,832.0,2,0.0,0.0
2024-06-27 14:30:00+09:00,831.0,832.0,827.0,827.0,1212,0.0,0.0
2024-06-27 14:35:00+09:00,828.0,829.0,828.0,829.0,15,0.0,0.0
2024-06-27 14:40:00+09:00,830.0,830.0,830.0,830.0,0,0.0,0.0
2024-06-27 14:45:00+09:00,830.0,831.0,827.0,831.0,1334,0.0,0.0
2024-06-27 14:50:00+09:00,831.0,835.0,831.0,835.0,101,0.0,0.0
2024-06-27 14:55:00+09:00,833.0,834.0,827.0,834.0,10874,0.0,0.0
2024-06-28 09:00:00+09:00,850.0,850.0,844.0,844.0,116,0.0,0.0
2024-06-28 09:05:00+09:00,844.0,844.0,843.0,844.0,55,0.0,0.0
2024-06-28 09:10:00+09:00,841.0,843.0,836.0,843.0,1089,0.0,0.0
2024-06-28 09:15:00+09:00,843.0,849.0,837.0,849.0,352,0.0,0.0
2024-06-28 09:20:00+09:00,849.0,849.0,849.0,849.0,1059,0.0,0.0
2024-06-28 09:25:00+09:00,841.0,849.0,840.0,849.0,2040,0.0,0.0
2024-06-28 09:30:00+09:00,849.0,850.0,849.0,850.0,483,0.0,0.0
2024-06-28 09:35:00+09:00,849.0,850.0,849.0,850.0,1166,0.0,0.0
2024-06-28 09:40:00+09:00,849.0,850.0,849.0,850.0,0,0.0,0.0
2024-06-28 09:45:00+09:00,843.0,849.0,842.0,849.0,139,0.0,0.0
2024-06-28 09:55:00+09:00,849.0,849.0,841.0,841.0,972,0.0,0.0
2024-06-28 10:00:00+09:00,849.0,850.0,849.0,850.0,0,0.0,0.0
2024-06-28 10:05:00+09:00,846.0,850.0,846.0,850.0,36,0.0,0.0
2024-06-28 10:10:00+09:00,846.0,850.0,845.0,849.0,263,0.0,0.0
2024-06-28 10:20:00+09:00,849.0,849.0,844.0,849.0,13,0.0,0.0
2024-06-28 10:25:00+09:00,849.0,849.0,843.0,843.0,107,0.0,0.0
2024-06-28 10:30:00+09:00,842.0,848.0,840.0,848.0,1050,0.0,0.0
2024-06-28 10:35:00+09:00,848.0,848.0,848.0,848.0,838,0.0,0.0
2024-06-28 10:40:00+09:00,847.0,848.0,847.0,848.0,2,0.0,0.0
2024-06-28 10:45:00+09:00,847.0,847.0,847.0,847.0,2,0.0,0.0
2024-06-28 10:50:00+09:00,847.0,847.0,847.0,847.0,600,0.0,0.0
2024-06-28 10:55:00+09:00,843.0,846.0,842.0,846.0,267,0.0,0.0
2024-06-28 11:00:00+09:00,842.0,846.0,842.0,846.0,15,0.0,0.0
2024-06-28 11:05:00+09:00,845.0,845.0,845.0,845.0,8,0.0,0.0
2024-06-28 11:15:00+09:00,845.0,845.0,845.0,845.0,3366,0.0,0.0
2024-06-28 11:20:00+09:00,841.0,844.0,836.0,844.0,2053,0.0,0.0
2024-06-28 11:25:00+09:00,844.0,844.0,844.0,844.0,1,0.0,0.0
2024-06-28 11:30:00+09:00,844.0,844.0,844.0,844.0,7,0.0,0.0
2024-06-28 11:35:00+09:00,840.0,840.0,840.0,840.0,0,0.0,0.0
2024-06-28 11:40:00+09:00,844.0,846.0,844.0,846.0,1178,0.0,0.0
2024-06-28 12:00:00+09:00,846.0,849.0,846.0,846.0,9046,0.0,0.0
2024-06-28 12:05:00+09:00,846.0,850.0,846.0,850.0,196,0.0,0.0
2024-06-28 12:20:00+09:00,847.0,847.0,847.0,847.0,24,0.0,0.0
2024-06-28 12:30:00+09:00,850.0,851.0,850.0,851.0,3556,0.0,0.0
2024-06-28 12:35:00+09:00,851.0,851.0,851.0,851.0,7,0.0,0.0
2024-06-28 12:45:00+09:00,850.0,851.0,850.0,851.0,116,0.0,0.0
2024-06-28 12:50:00+09:00,851.0,851.0,848.0,851.0,0,0.0,0.0
2024-06-28 12:55:00+09:00,848.0,851.0,843.0,851.0,5002,0.0,0.0
2024-06-28 13:00:00+09:00,851.0,851.0,851.0,851.0,199,0.0,0.0
2024-06-28 13:15:00+09:00,848.0,851.0,848.0,851.0,42,0.0,0.0
2024-06-28 13:20:00+09:00,850.0,850.0,850.0,850.0,20,0.0,0.0
2024-06-28 13:25:00+09:00,846.0,850.0,845.0,850.0,0,0.0,0.0
2024-06-28 13:30:00+09:00,845.0,850.0,844.0,850.0,12,0.0,0.0
2024-06-28 13:35:00+09:00,850.0,850.0,850.0,850.0,999,0.0,0.0
2024-06-28 13:50:00+09:00,844.0,844.0,844.0,844.0,0,0.0,0.0
2024-06-28 13:55:00+09:00,844.0,844.0,844.0,844.0,16,0.0,0.0
2024-06-28 14:00:00+09:00,844.0,844.0,844.0,844.0,1832,0.0,0.0
2024-06-28 14:05:00+09:00,844.0,844.0,844.0,844.0,0,0.0,0.0
2024-06-28 14:10:00+09:00,844.0,849.0,844.0,849.0,4703,0.0,0.0
2024-06-28 14:20:00+09:00,844.0,849.0,844.0,849.0,15448,0.0,0.0
2024-06-28 14:25:00+09:00,849.0,849.0,849.0,849.0,0,0.0,0.0
2024-06-28 14:30:00+09:00,850.0,851.0,850.0,851.0,71,0.0,0.0
2024-06-28 14:35:00+09:00,851.0,851.0,845.0,845.0,2300,0.0,0.0
2024-06-28 14:40:00+09:00,846.0,851.0,845.0,845.0,1205,0.0,0.0
2024-06-28 14:45:00+09:00,846.0,846.0,846.0,846.0,13,0.0,0.0
2024-06-28 14:50:00+09:00,846.0,846.0,846.0,846.0,360,0.0,0.0
2024-06-28 14:55:00+09:00,845.0,846.0,845.0,845.0,166,0.0,0.0
2024-07-01 09:00:00+09:00,844.0,890.0,841.0,849.0,0,0.0,0.0
2024-07-01 09:05:00+09:00,856.0,856.0,847.0,855.0,0,0.0,0.0
2024-07-01 09:10:00+09:00,855.0,855.0,855.0,855.0,1519,0.0,0.0
2024-07-01 09:15:00+09:00,851.0,853.0,841.0,853.0,8296,0.0,0.0
2024-07-01 09:20:00+09:00,853.0,854.0,843.0,843.0,5127,0.0,0.0
2024-07-01 09:30:00+09:00,843.0,850.0,843.0,850.0,404,0.0,0.0
2024-07-01 09:35:00+09:00,850.0,852.0,843.0,843.0,13696,0.0,0.0
2024-07-01 09:45:00+09:00,843.0,851.0,843.0,851.0,0,0.0,0.0
2024-07-01 09:50:00+09:00,851.0,859.0,851.0,859.0,11804,0.0,0.0
2024-07-01 09:55:00+09:00,859.0,859.0,859.0,859.0,50,0.0,0.0
2024-07-01 10:00:00+09:00,858.0,859.0,858.0,859.0,1166,0.0,0.0
2024-07-01 10:05:00+09:00,857.0,859.0,857.0,859.0,398,0.0,0.0
2024-07-01 10:10:00+09:00,859.0,859.0,857.0,857.0,14,0.0,0.0
2024-07-01 10:15:00+09:00,859.0,859.0,852.0,852.0,299,0.0,0.0
2024-07-01 10:20:00+09:00,859.0,859.0,859.0,859.0,8,0.0,0.0
2024-07-01 10:25:00+09:00,859.0,859.0,859.0,859.0,2,0.0,0.0
2024-07-01 10:50:00+09:00,854.0,854.0,852.0,852.0,84,0.0,0.0
2024-07-01 10:55:00+09:00,859.0,859.0,859.0,859.0,0,0.0,0.0
2024-07-01 11:00:00+09:00,858.0,859.0,857.0,859.0,55,0.0,0.0
2024-07-01 11:05:00+09:00,858.0,858.0,858.0,858.0,2,0.0,0.0
2024-07-01 11:10:00+09:00,853.0,853.0,853.0,853.0,5,0.0,0.0
2024-07-01 11:15:00+09:00,853.0,857.0,853.0,857.0,2,0.0,0.0
2024-07-01 11:20:00+09:00,854.0,854.0,854.0,854.0,4,0.0,0.0
2024-07-01 11:25:00+09:00,853.0,853.0,852.0,852.0,285,0.0,0.0
2024-07-01 11:30:00+09:00,854.0,854.0,852.0,852.0,363,0.0,0.0
2024-07-01 11:35:00+09:00,854.0,854.0,854.0,854.0,2,0.0,0.0
2024-07-01 11:45:00+09:00,853.0,853.0,853.0,853.0,54,0.0,0.0
2024-07-01 11:50:00+09:00,852.0,852.0,851.0,851.0,698,0.0,0.0
2024-07-01 11:55:00+09:00,854.0,854.0,854.0,854.0,0,0.0,0.0
2024-07-01 12:00:00+09:00,854.0,857.0,854.0,857.0,1008,0.0,0.0
2024-07-01 12:05:00+09:00,857.0,857.0,857.0,857.0,39,0.0,0.0
2024-07-01 12:10:00+09:00,857.0,857.0,857.0,857.0,2360,0.0,0.0
2024-07-01 12:15:00+09:00,857.0,857.0,857.0,857.0,0,0.0,0.0
2024-07-01 12:20:00+09:00,854.0,857.0,854.0,857.0,352,0.0,0.0
2024-07-01 12:30:00+09:00,857.0,857.0,857.0,857.0,1043,0.0,0.0
2024-07-01 12:35:00+09:00,858.0,858.0,858.0,858.0,0,0.0,0.0
2024-07-01 12:45:00+09:00,858.0,859.0,855.0,855.0,709,0.0,0.0
2024-07-01 12:50:00+09:00,855.0,859.0,855.0,859.0,545,0.0,0.0
2024-07-01 13:00:00+09:00,855.0,859.0,855.0,859.0,551,0.0,0.0
2024-07-01 13:10:00+09:00,859.0,859.0,859.0,859.0,6,0.0,0.0
2024-07-01 13:25:00+09:00,859.0,859.0,859.0,859.0,17,0.0,0.0
2024-07-01 13:30:00+09:00,859.0,859.0,859.0,859.0,142,0.0,0.0
2024-07-01 13:40:00+09:00,856.0,859.0,855.0,859.0,369,0.0,0.0
2024-07-01 13:50:00+09:00,858.0,858.0,855.0,855.0,1111,0.0,0.0
2024-07-01 13:55:00+09:00,854.0,858.0,854.0,858.0,0,0.0,0.0
2024-07-01 14:00:00+09:00,855.0,855.0,854.0,854.0,540,0.0,0.0
2024-07-01 14:10:00+09:00,854.0,857.0,853.0,853.0,553,0.0,0.0
2024-07-01 14:20:00+09:00,854.0,854.0,850.0,850.0,1900,0.0,0.0
2024-07-01 14:25:00+09:00,850.0,856.0,850.0,855.0,2144,0.0,0.0
2024-07-01 14:30:00+09:00,850.0,853.0,850.0,853.0,69,0.0,0.0
2024-07-01 14:45:00+09:00,850.0,850.0,850.0,850.0,201,0.0,0.0
2024-07-01 14:50:00+09:00,853.0,853.0,853.0,853.0,0,0.0,0.0
2024-07-01 14:55:00+09:00,853.0,853.0,853.0,853.0,1970,0.0,0.0
2024-07-02 09:00:00+09:00,855.0,855.0,841.0,849.0,2970,0.0,0.0
2024-07-02 09:05:00+09:00,849.0,853.0,849.0,853.0,1744,0.0,0.0
2024-07-02 09:10:00+09:00,853.0,853.0,847.0,847.0,0,0.0,0.0
2024-07-02 09:15:00+09:00,851.0,854.0,851.0,854.0,3030,0.0,0.0
2024-07-02 09:20:00+09:00,854.0,855.0,846.0,846.0,314,0.0,0.0
2024-07-02 09:25:00+09:00,847.0,847.0,847.0,847.0,199,0.0,0.0
2024-07-02 09:30:00+09:00,846.0,846.0,842.0,842.0,1393,0.0,0.0
2024-07-02 09:35:00+09:00,842.0,847.0,842.0,846.0,2368,0.0,0.0
2024-07-02 09:40:00+09:00,844.0,844.0,843.0,843.0,0,0.0,0.0
2024-07-02 09:45:00+09:00,844.0,851.0,843.0,851.0,111,0.0,0.0
2024-07-02 09:50:00+09:00,844.0,844.0,843.0,843.0,367,0.0,0.0
2024-07-02 09:55:00+09:00,844.0,844.0,837.0,843.0,5389,0.0,0.0
2024-07-02 10:00:00+09:00,843.0,843.0,839.0,843.0,3207,0.0,0.0
2024-07-02 10:10:00+09:00,839.0,842.0,839.0,839.0,246,0.0,0.0
2024-07-02 10:15:00+09:00,840.0,841.0,839.0,841.0,46,0.0,0.0
2024-07-02 10:20:00+09:00,841.0,842.0,839.0,842.0,3199,0.0,0.0
2024-07-02 10:25:00+09:00,842.0,842.0,842.0,842.0,99,0.0,0.0
2024-07-02 10:35:00+09:00,837.0,837.0,837.0,837.0,470,0.0,0.0
2024-07-02 10:40:00+09:00,842.0,842.0,842.0,842.0,0,0.0,0.0
2024-07-02 10:55:00+09:00,842.0,843.0,842.0,842.0,4601,0.0,0.0
2024-07-02 11:00:00+09:00,843.0,843.0,843.0,843.0,700,0.0,0.0
2024-07-02 11:05:00+09:00,838.0,838.0,838.0,838.0,1000,0.0,0.0
2024-07-02 11:15:00+09:00,838.0,838.0,838.0,838.0,0,0.0,0.0
2024-07-02 11:20:00+09:00,843.0,843.0,843.0,843.0,1,0.0,0.0
2024-07-02 11:25:00+09:00,839.0,839.0,838.0,838.0,2433,0.0,0.0
2024-07-02 11:30:00+09:00,837.0,837.0,834.0,834.0,837,0.0,0.0
2024-07-02 11:35:00+09:00,840.0,840.0,840.0,840.0,23,0.0,0.0
2024-07-02 11:45:00+09:00,836.0,841.0,830.0,840.0,7282,0.0,0.0
2024-07-02 12:05:00+09:00,834.0,834.0,833.0,833.0,1000,0.0,0.0
2024-07-02 12:20:00+09:00,840.0,840.0,833.0,839.0,2604,0.0,0.0
2024-07-02 12:25:00+09:00,833.0,833.0,833.0,833.0,29,0.0,0.0
2024-07-02 12:30:00+09:00,833.0,839.0,832.0,839.0,63,0.0,0.0
2024-07-02 12:35:00+09:00,833.0,839.0,833.0,839.0,5,0.0,0.0
2024-07-02 12:40:00+09:00,833.0,833.0,829.0,829.0,2999,0.0,0.0
2024-07-02 12:45:00+09:00,830.0,830.0,830.0,830.0,400,0.0,0.0
2024-07-02 12:50:00+09:00,829.0,833.0,829.0,831.0,345,0.0,0.0
2024-07-02 12:55:00+09:00,831.0,839.0,826.0,839.0,7320,0.0,0.0
2024-07-02 13:00:00+09:00,832.0,836.0,832.0,836.0,2,0.0,0.0
2024-07-02 13:05:00+09:00,831.0,835.0,830.0,835.0,202,0.0,0.0
2024-07-02 13:10:00+09:00,835.0,835.0,830.0,830.0,187,0.0,0.0
2024-07-02 13:25:00+09:00,831.0,835.0,831.0,835.0,0,0.0,0.0
2024-07-02 13:30:00+09:00,833.0,838.0,833.0,838.0,363,0.0,0.0
2024-07-02 13:35:00+09:00,837.0,837.0,837.0,837.0,2,0.0,0.0
2024-07-02 13:40:00+09:00,838.0,839.0,838.0,839.0,108,0.0,0.0
2024-07-02 13:50:00+09:00,834.0,835.0,834.0,835.0,11,0.0,0.0
2024-07-02 13:55:00+09:00,831.0,831.0,831.0,831.0,1,0.0,0.0
2024-07-02 14:00:00+09:00,831.0,834.0,831.0,834.0,7,0.0,0.0
2024-07-02 14:10:00+09:00,832.0,835.0,831.0,831.0,159,0.0,0.0
2024-07-02 14:20:00+09:00,834.0,834.0,834.0,834.0,1,0.0,0.0
2024-07-02 14:30:00+09:00,831.0,833.0,825.0,827.0,5295,0.0,0.0
2024-07-02 14:35:00+09:00,832.0,832.0,832.0,832.0,46,0.0,0.0
2024-07-02 14:45:00+09:00,827.0,831.0,825.0,831.0,596,0.0,0.0
2024-07-02 14:50:00+09:00,830.0,830.0,830.0,830.0,4,0.0,0.0
2024-07-02 14:55:00+09:00,825.0,830.0,825.0,830.0,853,0.0,0.0
2024-07-03 09:00:00+09:00,839.0,839.0,815.0,838.0,3887,0.0,0.0
2024-07-03 09:05:00+09:00,837.0,837.0,829.0,836.0,55,0.0,0.0
2024-07-03 09:10:00+09:00,836.0,836.0,836.0,836.0,201,0.0,0.0
2024-07-03 09:20:00+09:00,836.0,836.0,833.0,836.0,14,0.0,0.0
2024-07-03 09:25:00+09:00,835.0,835.0,835.0,835.0,0,0.0,0.0
2024-07-03 09:30:00+09:00,833.0,833.0,825.0,825.0,5734,0.0,0.0
2024-07-03 09:35:00+09:00,833.0,835.0,826.0,827.0,0,0.0,0.0
2024-07-03 09:40:00+09:00,828.0,828.0,825.0,826.0,1606,0.0,0.0
2024-07-03 09:45:00+09:00,827.0,827.0,824.0,826.0,182,0.0,0.0
2024-07-03 09:55:00+09:00,824.0,826.0,820.0,826.0,3805,0.0,0.0
2024-07-03 10:00:00+09:00,824.0,824.0,820.0,820.0,94,0.0,0.0
2024-07-03 10:05:00+09:00,824.0,824.0,821.0,821.0,432,0.0,0.0
2024-07-03 10:10:00+09:00,824.0,835.0,824.0,835.0,3068,0.0,0.0
2024-07-03 10:15:00+09:00,834.0,835.0,830.0,830.0,1092,0.0,0.0
2024-07-03 10:20:00+09:00,832.0,834.0,832.0,833.0,6,0.0,0.0
2024-07-03 10:25:00+09:00,833.0,833.0,831.0,833.0,4,0.0,0.0
2024-07-03 10:30:00+09:00,831.0,834.0,830.0,834.0,48,0.0,0.0
2024-07-03 10:35:00+09:00,833.0,834.0,830.0,834.0,21,0.0,0.0
2024-07-03 10:45:00+09:00,825.0,834.0,824.0,833.0,1623,0.0,0.0
2024-07-03 10:50:00+09:00,823.0,825.0,816.0,825.0,5246,0.0,0.0
2024-07-03 10:55:00+09:00,818.0,821.0,814.0,820.0,16092,0.0,0.0
2024-07-03 11:00:00+09:00,819.0,819.0,814.0,819.0,2364,0.0,0.0
2024-07-03 11:05:00+09:00,816.0,829.0,814.0,827.0,17396,0.0,0.0
2024-07-03 11:10:00+09:00,827.0,829.0,827.0,829.0,0,0.0,0.0
2024-07-03 11:15:00+09:00,819.0,828.0,816.0,828.0,249,0.0,0.0
2024-07-03 11:25:00+09:00,827.0,827.0,827.0,827.0,7,0.0,0.0
2024-07-03 11:30:00+09:00,821.0,821.0,820.0,820.0,575,0.0,0.0
2024-07-03 11:35:00+09:00,827.0,827.0,827.0,827.0,0,0.0,0.0
2024-07-03 11:40:00+09:00,827.0,829.0,827.0,829.0,5347,0.0,0.0
2024-07-03 11:50:00+09:00,829.0,829.0,829.0,829.0,5,0.0,0.0
2024-07-03 11:55:00+09:00,824.0,831.0,815.0,831.0,4934,0.0,0.0
2024-07-03 12:10:00+09:00,823.0,831.0,823.0,831.0,217,0.0,0.0
2024-07-03 12:15:00+09:00,823.0,823.0,823.0,823.0,0,0.0,0.0
2024-07-03 12:30:00+09:00,830.0,830.0,830.0,830.0,19,0.0,0.0
2024-07-03 12:40:00+09:00,829.0,829.0,817.0,819.0,3031,0.0,0.0
2024-07-03 12:45:00+09:00,816.0,819.0,816.0,816.0,809,0.0,0.0
2024-07-03 12:55:00+09:00,817.0,822.0,817.0,822.0,3,0.0,0.0
2024-07-03 13:10:00+09:00,819.0,819.0,819.0,819.0,219,0.0,0.0
2024-07-03 13:15:00+09:00,822.0,826.0,822.0,826.0,894,0.0,0.0
2024-07-03 13:25:00+09:00,825.0,825.0,825.0,825.0,3,0.0,0.0
2024-07-03 13:30:00+09:00,820.0,820.0,820.0,820.0,2,0.0,0.0
2024-07-03 13:35:00+09:00,818.0,820.0,818.0,820.0,2210,0.0,0.0
2024-07-03 13:40:00+09:00,818.0,823.0,818.0,823.0,267,0.0,0.0
2024-07-03 13:45:00+09:00,823.0,823.0,823.0,823.0,0,0.0,0.0
2024-07-03 13:50:00+09:00,819.0,819.0,818.0,818.0,1305,0.0,0.0
2024-07-03 13:55:00+09:00,818.0,818.0,816.0,816.0,1373,0.0,0.0
2024-07-03 14:00:00+09:00,823.0,823.0,823.0,823.0,1,0.0,0.0
2024-07-03 14:10:00+09:00,817.0,823.0,817.0,823.0,2907,0.0,0.0
2024-07-03 14:20:00+09:00,821.0,821.0,817.0,817.0,929,0.0,0.0
2024-07-03 14:25:00+09:00,817.0,817.0,816.0,816.0,962,0.0,0.0
2024-07-03 14:30:00+09:00,816.0,816.0,816.0,816.0,1001,0.0,0.0
2024-07-03 14:35:00+09:00,817.0,819.0,815.0,819.0,5450,0.0,0.0
2024-07-03 14:40:00+09:00,819.0,819.0,816.0,817.0,125,0.0,0.0
2024-07-03 14:45:00+09:00,816.0,818.0,814.0,818.0,10560,0.0,0.0
2024-07-03 14:50:00+09:00,815.0,818.0,814.0,818.0,426,0.0,0.0
2024-07-03 14:55:00+09:00,816.0,816.0,815.0,815.0,993,0.0,0.0
2024-07-04 09:00:00+09:00,829.0,850.0,823.0,829.0,1225,0.0,0.0
2024-07-04 09:05:00+09:00,829.0,836.0,828.0,828.0,183,0.0,0.0
2024-07-04 09:10:00+09:00,834.0,837.0,827.0,828.0,955,0.0,0.0
2024-07-04 09:15:00+09:00,828.0,828.0,828.0,828.0,50,0.0,0.0
2024-07-04 09:20:00+09:00,825.0,827.0,824.0,824.0,1035,0.0,0.0
2024-07-04 09:30:00+09:00,825.0,827.0,822.0,827.0,5539,0.0,0.0
2024-07-04 09:40:00+09:00,823.0,823.0,823.0,823.0,2,0.0,0.0
2024-07-04 09:45:00+09:00,826.0,828.0,826.0,828.0,216,0.0,0.0
2024-07-04 09:55:00+09:00,828.0,828.0,828.0,828.0,650,0.0,0.0
2024-07-04 10:00:00+09:00,828.0,828.0,826.0,828.0,0,0.0,0.0
2024-07-04 10:05:00+09:00,828.0,831.0,827.0,831.0,3194,0.0,0.0
2024-07-04 10:15:00+09:00,831.0,832.0,831.0,832.0,129,0.0,0.0
2024-07-04 10:20:00+09:00,827.0,827.0,826.0,826.0,1742,0.0,0.0
2024-07-04 10:25:00+09:00,827.0,827.0,823.0,823.0,1803,0.0,0.0
2024-07-04 10:30:00+09:00,827.0,827.0,827.0,827.0,0,0.0,0.0
2024-07-04 10:50:00+09:00,827.0,827.0,827.0,827.0,57,0.0,0.0
2024-07-04 10:55:00+09:00,823.0,823.0,823.0,823.0,12,0.0,0.0
2024-07-04 11:05:00+09:00,822.0,822.0,822.0,822.0,469,0.0,0.0
2024-07-04 11:15:00+09:00,826.0,826.0,826.0,826.0,2,0.0,0.0
2024-07-04 11:20:00+09:00,822.0,822.0,821.0,821.0,4,0.0,0.0
2024-07-04 11:30:00+09:00,826.0,826.0,821.0,826.0,501,0.0,0.0
2024-07-04 11:45:00+09:00,822.0,826.0,821.0,826.0,13445,0.0,0.0
2024-07-04 11:50:00+09:00,829.0,831.0,821.0,830.0,1004,0.0,0.0
2024-07-04 11:55:00+09:00,821.0,831.0,820.0,831.0,2027,0.0,0.0
2024-07-04 12:05:00+09:00,828.0,829.0,828.0,828.0,505,0.0,0.0
2024-07-04 12:10:00+09:00,821.0,828.0,817.0,828.0,816,0.0,0.0
2024-07-04 12:15:00+09:00,828.0,828.0,828.0,828.0,0,0.0,0.0
2024-07-04 12:20:00+09:00,828.0,828.0,827.0,827.0,912,0.0,0.0
2024-07-04 12:25:00+09:00,828.0,828.0,828.0,828.0,0,0.0,0.0
2024-07-04 12:45:00+09:00,823.0,826.0,820.0,826.0,4001,0.0,0.0
2024-07-04 12:50:00+09:00,829.0,830.0,829.0,830.0,2,0.0,0.0
2024-07-04 12:55:00+09:00,830.0,830.0,820.0,829.0,1522,0.0,0.0
2024-07-04 13:10:00+09:00,828.0,828.0,828.0,828.0,17,0.0,0.0
2024-07-04 13:25:00+09:00,821.0,821.0,821.0,821.0,1,0.0,0.0
2024-07-04 13:35:00+09:00,828.0,828.0,821.0,821.0,1146,0.0,0.0
2024-07-04 13:40:00+09:00,821.0,821.0,819.0,819.0,1173,0.0,0.0
2024-07-04 13:45:00+09:00,818.0,818.0,818.0,818.0,0,0.0,0.0
2024-07-04 13:50:00+09:00,827.0,827.0,827.0,827.0,2,0.0,0.0
2024-07-04 14:15:00+09:00,827.0,827.0,827.0,827.0,3,0.0,0.0
2024-07-04 14:25:00+09:00,827.0,827.0,827.0,827.0,1,0.0,0.0
2024-07-04 14:45:00+09:00,827.0,827.0,827.0,827.0,53,0.0,0.0
2024-07-04 14:50:00+09:00,827.0,827.0,820.0,820.0,1758,0.0,0.0
2024-07-04 14:55:00+09:00,827.0,827.0,820.0,820.0,1095,0.0,0.0
2024-07-05 09:00:00+09:00,836.0,838.0,828.0,837.0,794,0.0,0.0
2024-07-05 09:05:00+09:00,837.0,837.0,827.0,837.0,168,0.0,0.0
2024-07-05 09:10:00+09:00,832.0,832.0,827.0,827.0,154,0.0,0.0
2024-07-05 09:15:00+09:00,828.0,828.0,821.0,827.0,3514,0.0,0.0
2024-07-05 09:20:00+09:00,827.0,827.0,826.0,826.0,235,0.0,0.0
2024-07-05 09:25:00+09:00,826.0,838.0,826.0,838.0,3615,0.0,0.0
2024-07-05 09:30:00+09:00,829.0,835.0,829.0,835.0,424,0.0,0.0
2024-07-05 09:35:00+09:00,829.0,838.0,825.0,837.0,3252,0.0,0.0
2024-07-05 09:40:00+09:00,836.0,837.0,836.0,837.0,162,0.0,0.0
2024-07-05 09:45:00+09:00,831.0,831.0,831.0,831.0,0,0.0,0.0
2024-07-05 09:50:00+09:00,831.0,831.0,830.0,830.0,87,0.0,0.0
2024-07-05 09:55:00+09:00,831.0,831.0,829.0,831.0,22,0.0,0.0
2024-07-05 10:00:00+09:00,831.0,831.0,831.0,831.0,7,0.0,0.0
2024-07-05 10:05:00+09:00,829.0,829.0,827.0,827.0,54,0.0,0.0
2024-07-05 10:10:00+09:00,827.0,827.0,827.0,827.0,2,0.0,0.0
2024-07-05 10:25:00+09:00,826.0,831.0,825.0,831.0,601,0.0,0.0
2024-07-05 11:05:00+09:00,830.0,830.0,830.0,830.0,500,0.0,0.0
2024-07-05 11:15:00+09:00,828.0,828.0,828.0,828.0,46,0.0,0.0
2024-07-05 11:20:00+09:00,827.0,827.0,826.0,826.0,31,0.0,0.0
2024-07-05 11:25:00+09:00,826.0,826.0,826.0,826.0,376,0.0,0.0
2024-07-05 11:30:00+09:00,826.0,826.0,826.0,826.0,0,0.0,0.0
2024-07-05 11:45:00+09:00,828.0,828.0,828.0,828.0,0,0.0,0.0
2024-07-05 12:00:00+09:00,828.0,828.0,828.0,828.0,0,0.0,0.0
2024-07-05 12:05:00+09:00,828.0,830.0,828.0,830.0,1184,0.0,0.0
2024-07-05 12:10:00+09:00,830.0,836.0,830.0,836.0,2116,0.0,0.0
2024-07-05 12:15:00+09:00,836.0,836.0,836.0,836.0,20,0.0,0.0
2024-07-05 12:20:00+09:00,836.0,836.0,836.0,836.0,37,0.0,0.0
2024-07-05 12:25:00+09:00,836.0,836.0,836.0,836.0,2,0.0,0.0
2024-07-05 12:40:00+09:00,836.0,836.0,836.0,836.0,9,0.0,0.0
2024-07-05 12:45:00+09:00,827.0,830.0,825.0,829.0,7,0.0,0.0
2024-07-05 12:55:00+09:00,829.0,829.0,829.0,829.0,2,0.0,0.0
2024-07-05 13:10:00+09:00,830.0,833.0,830.0,833.0,127,0.0,0.0
2024-07-05 13:20:00+09:00,834.0,835.0,834.0,835.0,19,0.0,0.0
2024-07-05 13:25:00+09:00,829.0,835.0,829.0,835.0,38,0.0,0.0
2024-07-05 13:30:00+09:00,834.0,834.0,834.0,834.0,17,0.0,0.0
2024-07-05 13:40:00+09:00,829.0,834.0,825.0,834.0,265,0.0,0.0
2024-07-05 13:45:00+09:00,833.0,834.0,833.0,833.0,73,0.0,0.0
2024-07-05 13:50:00+09:00,833.0,833.0,833.0,833.0,71,0.0,0.0
2024-07-05 14:00:00+09:00,826.0,826.0,823.0,823.0,514,0.0,0.0
2024-07-05 14:05:00+09:00,823.0,828.0,821.0,828.0,3578,0.0,0.0
2024-07-05 14:15:00+09:00,827.0,827.0,821.0,821.0,194,0.0,0.0
2024-07-05 14:20:00+09:00,821.0,827.0,821.0,827.0,777,0.0,0.0
2024-07-05 14:30:00+09:00,827.0,827.0,827.0,827.0,60,0.0,0.0
2024-07-05 14:35:00+09:00,827.0,829.0,827.0,829.0,385,0.0,0.0
2024-07-05 14:40:00+09:00,823.0,823.0,823.0,823.0,3,0.0,0.0
2024-07-05 14:50:00+09:00,823.0,827.0,820.0,827.0,2465,0.0,0.0
2024-07-05 14:55:00+09:00,827.0,827.0,827.0,827.0,150,0.0,0.0
