Datetime,Open,High,Low,Close,Volume,Dividends,Stock Splits
2024-09-27 09:00:00+09:00,651.0,663.0,651.0,652.0,0,0.0,0.0
2024-09-27 09:05:00+09:00,656.0,656.0,651.0,651.0,6682,0.0,0.0
2024-09-27 09:10:00+09:00,651.0,652.0,651.0,652.0,0,0.0,0.0
2024-09-27 09:15:00+09:00,653.0,653.0,652.0,652.0,185,0.0,0.0
2024-09-27 09:20:00+09:00,651.0,651.0,649.0,649.0,13750,0.0,0.0
2024-09-27 09:25:00+09:00,650.0,650.0,649.0,650.0,2544,0.0,0.0
2024-09-27 09:30:00+09:00,649.0,657.0,649.0,657.0,447,0.0,0.0
2024-09-27 09:35:00+09:00,653.0,656.0,652.0,653.0,1587,0.0,0.0
2024-09-27 09:40:00+09:00,652.0,656.0,651.0,651.0,1058,0.0,0.0
2024-09-27 09:50:00+09:00,652.0,655.0,651.0,651.0,782,0.0,0.0
2024-09-27 09:55:00+09:00,654.0,654.0,652.0,652.0,4,0.0,0.0
2024-09-27 10:00:00+09:00,655.0,657.0,654.0,654.0,555,0.0,0.0
2024-09-27 10:05:00+09:00,654.0,656.0,653.0,653.0,220,0.0,0.0
2024-09-27 10:10:00+09:00,654.0,655.0,651.0,651.0,1852,0.0,0.0
2024-09-27 10:15:00+09:00,652.0,654.0,649.0,651.0,4409,0.0,0.0
2024-09-27 10:20:00+09:00,655.0,656.0,651.0,651.0,2440,0.0,0.0
2024-09-27 10:25:00+09:00,651.0,651.0,649.0,649.0,1365,0.0,0.0
2024-09-27 10:30:00+09:00,649.0,650.0,648.0,648.0,15627,0.0,0.0
2024-09-27 10:35:00+09:00,649.0,649.0,648.0,648.0,576,0.0,0.0
2024-09-27 10:40:00+09:00,649.0,649.0,649.0,649.0,0,0.0,0.0
2024-09-27 10:45:00+09:00,649.0,649.0,649.0,649.0,990,0.0,0.0
2024-09-27 10:50:00+09:00,649.0,649.0,649.0,649.0,2,0.0,0.0
2024-09-27 10:55:00+09:00,651.0,652.0,651.0,652.0,2,0.0,0.0
2024-09-27 11:10:00+09:00,650.0,650.0,649.0,649.0,11990,0.0,0.0
2024-09-27 11:15:00+09:00,651.0,651.0,651.0,651.0,0,0.0,0.0
2024-09-27 11:20:00+09:00,652.0,655.0,652.0,655.0,1401,0.0,0.0
2024-09-27 11:25:00+09:00,653.0,653.0,651.0,651.0,338,0.0,0.0
2024-09-27 11:30:00+09:00,652.0,652.0,650.0,650.0,3244,0.0,0.0
2024-09-27 11:35:00+09:00,652.0,652.0,652.0,652.0,0,0.0,0.0
2024-09-27 11:40:00+09:00,652.0,652.0,652.0,652.0,23,0.0,0.0
2024-09-27 11:50:00+09:00,652.0,652.0,652.0,652.0,0,0.0,0.0
2024-09-27 12:05:00+09:00,650.0,650.0,650.0,650.0,1890,0.0,0.0
2024-09-27 12:10:00+09:00,650.0,653.0,650.0,653.0,1357,0.0,0.0
2024-09-27 12:20:00+09:00,653.0,653.0,653.0,653.0,6,0.0,0.0
2024-09-27 12:25:00+09:00,652.0,652.0,650.0,650.0,15474,0.0,0.0
2024-09-27 12:30:00+09:00,650.0,650.0,650.0,650.0,0,0.0,0.0
2024-09-27 12:40:00+09:00,650.0,650.0,649.0,650.0,3638,0.0,0.0
2024-09-27 12:45:00+09:00,650.0,650.0,650.0,650.0,1051,0.0,0.0
2024-09-27 12:50:00+09:00,650.0,652.0,649.0,652.0,1468,0.0,0.0
2024-09-27 12:55:00+09:00,652.0,652.0,652.0,652.0,0,0.0,0.0
2024-09-27 13:00:00+09:00,652.0,652.0,652.0,652.0,0,0.0,0.0
2024-09-27 13:05:00+09:00,652.0,652.0,652.0,652.0,10,0.0,0.0
2024-09-27 13:10:00+09:00,652.0,652.0,651.0,651.0,13,0.0,0.0
2024-09-27 13:15:00+09:00,651.0,652.0,651.0,652.0,38,0.0,0.0
2024-09-27 13:20:00+09:00,651.0,651.0,651.0,651.0,68,0.0,0.0
2024-09-27 13:25:00+09:00,651.0,651.0,650.0,650.0,1211,0.0,0.0
2024-09-27 13:35:00+09:00,650.0,650.0,650.0,650.0,0,0.0,0.0
2024-09-27 13:40:00+09:00,651.0,651.0,651.0,651.0,0,0.0,0.0
2024-09-27 13:45:00+09:00,651.0,651.0,651.0,651.0,32,0.0,0.0
2024-09-27 13:50:00+09:00,651.0,651.0,651.0,651.0,38,0.0,0.0
2024-09-27 14:00:00+09:00,650.0,650.0,650.0,650.0,1747,0.0,0.0
2024-09-27 14:05:00+09:00,649.0,649.0,647.0,647.0,13908,0.0,0.0
2024-09-27 14:10:00+09:00,647.0,648.0,644.0,644.0,8477,0.0,0.0
2024-09-27 14:15:00+09:00,644.0,648.0,644.0,648.0,5923,0.0,0.0
2024-09-27 14:20:00+09:00,648.0,648.0,648.0,648.0,20,0.0,0.0
2024-09-27 14:30:00+09:00,648.0,648.0,648.0,648.0,45,0.0,0.0
2024-09-27 14:35:00+09:00,648.0,648.0,648.0,648.0,0,0.0,0.0
2024-09-27 14:40:00+09:00,647.0,647.0,647.0,647.0,1772,0.0,0.0
2024-09-27 14:45:00+09:00,649.0,650.0,649.0,650.0,6,0.0,0.0
2024-09-27 14:50:00+09:00,649.0,652.0,649.0,651.0,1507,0.0,0.0
2024-09-27 14:55:00+09:00,651.0,651.0,651.0,651.0,13,0.0,0.0
2024-09-30 09:00:00+09:00,645.0,650.0,644.0,646.0,0,0.0,0.0
2024-09-30 09:05:00+09:00,644.0,646.0,643.0,645.0,820,0.0,0.0
2024-09-30 09:10:00+09:00,647.0,650.0,645.0,646.0,20,0.0,0.0
2024-09-30 09:15:00+09:00,645.0,647.0,644.0,646.0,84,0.0,0.0
2024-09-30 09:20:00+09:00,647.0,647.0,644.0,644.0,718,0.0,0.0
2024-09-30 09:25:00+09:00,644.0,646.0,644.0,644.0,2857,0.0,0.0
2024-09-30 09:30:00+09:00,644.0,646.0,641.0,641.0,5761,0.0,0.0
2024-09-30 09:35:00+09:00,644.0,663.0,641.0,649.0,20007,0.0,0.0
2024-09-30 09:40:00+09:00,649.0,652.0,636.0,643.0,26109,0.0,0.0
2024-09-30 09:45:00+09:00,643.0,645.0,638.0,640.0,7839,0.0,0.0
2024-09-30 09:50:00+09:00,640.0,650.0,637.0,643.0,2744,0.0,0.0
2024-09-30 09:55:00+09:00,639.0,654.0,639.0,654.0,17028,0.0,0.0
2024-09-30 10:00:00+09:00,654.0,701.0,646.0,670.0,114005,0.0,0.0
2024-09-30 10:05:00+09:00,680.0,720.0,672.0,673.0,498033,0.0,0.0
2024-09-30 10:10:00+09:00,673.0,678.0,646.0,652.0,197496,0.0,0.0
2024-09-30 10:15:00+09:00,652.0,652.0,640.0,641.0,73526,0.0,0.0
2024-09-30 10:20:00+09:00,645.0,645.0,641.0,641.0,15435,0.0,0.0
2024-09-30 10:25:00+09:00,641.0,645.0,641.0,645.0,5997,0.0,0.0
2024-09-30 10:30:00+09:00,645.0,649.0,643.0,649.0,4472,0.0,0.0
2024-09-30 10:35:00+09:00,644.0,648.0,644.0,648.0,9748,0.0,0.0
2024-09-30 10:40:00+09:00,647.0,649.0,645.0,647.0,11245,0.0,0.0
2024-09-30 10:45:00+09:00,647.0,649.0,647.0,648.0,1896,0.0,0.0
2024-09-30 10:50:00+09:00,649.0,649.0,646.0,646.0,3817,0.0,0.0
2024-09-30 10:55:00+09:00,646.0,647.0,646.0,646.0,4042,0.0,0.0
2024-09-30 11:00:00+09:00,649.0,649.0,647.0,648.0,477,0.0,0.0
2024-09-30 11:05:00+09:00,646.0,648.0,645.0,648.0,1875,0.0,0.0
2024-09-30 11:10:00+09:00,646.0,648.0,645.0,647.0,2059,0.0,0.0
2024-09-30 11:15:00+09:00,645.0,647.0,644.0,645.0,6598,0.0,0.0
2024-09-30 11:20:00+09:00,645.0,647.0,643.0,647.0,7827,0.0,0.0
2024-09-30 11:25:00+09:00,644.0,646.0,643.0,644.0,20585,0.0,0.0
2024-09-30 11:30:00+09:00,645.0,645.0,644.0,644.0,135,0.0,0.0
2024-09-30 11:35:00+09:00,644.0,645.0,643.0,643.0,3974,0.0,0.0
2024-09-30 11:40:00+09:00,645.0,645.0,643.0,643.0,3558,0.0,0.0
2024-09-30 11:45:00+09:00,643.0,645.0,643.0,645.0,0,0.0,0.0
2024-09-30 11:50:00+09:00,645.0,645.0,643.0,643.0,1079,0.0,0.0
2024-09-30 11:55:00+09:00,643.0,643.0,642.0,642.0,1106,0.0,0.0
2024-09-30 12:00:00+09:00,644.0,644.0,641.0,641.0,9777,0.0,0.0
2024-09-30 12:05:00+09:00,642.0,643.0,640.0,642.0,1084,0.0,0.0
2024-09-30 12:10:00+09:00,642.0,642.0,642.0,642.0,420,0.0,0.0
2024-09-30 12:15:00+09:00,641.0,642.0,639.0,642.0,3662,0.0,0.0
2024-09-30 12:20:00+09:00,642.0,642.0,642.0,642.0,319,0.0,0.0
2024-09-30 12:25:00+09:00,642.0,644.0,640.0,644.0,8196,0.0,0.0
2024-09-30 12:30:00+09:00,645.0,649.0,645.0,645.0,8157,0.0,0.0
2024-09-30 12:35:00+09:00,646.0,650.0,646.0,648.0,3482,0.0,0.0
2024-09-30 12:40:00+09:00,650.0,650.0,645.0,649.0,3687,0.0,0.0
2024-09-30 12:45:00+09:00,649.0,650.0,646.0,647.0,1021,0.0,0.0
2024-09-30 12:50:00+09:00,650.0,650.0,646.0,646.0,441,0.0,0.0
2024-09-30 12:55:00+09:00,646.0,646.0,645.0,645.0,222,0.0,0.0
2024-09-30 13:00:00+09:00,646.0,650.0,645.0,650.0,5254,0.0,0.0
2024-09-30 13:05:00+09:00,648.0,648.0,647.0,647.0,139,0.0,0.0
2024-09-30 13:10:00+09:00,650.0,654.0,650.0,652.0,28230,0.0,0.0
2024-09-30 13:15:00+09:00,653.0,654.0,650.0,650.0,7507,0.0,0.0
2024-09-30 13:20:00+09:00,653.0,654.0,649.0,654.0,590,0.0,0.0
2024-09-30 13:25:00+09:00,649.0,649.0,645.0,647.0,3047,0.0,0.0
2024-09-30 13:30:00+09:00,646.0,647.0,646.0,647.0,2324,0.0,0.0
2024-09-30 13:35:00+09:00,646.0,650.0,645.0,645.0,6585,0.0,0.0
2024-09-30 13:40:00+09:00,645.0,645.0,644.0,645.0,3303,0.0,0.0
2024-09-30 13:45:00+09:00,646.0,648.0,646.0,648.0,2538,0.0,0.0
2024-09-30 13:50:00+09:00,646.0,648.0,645.0,646.0,1893,0.0,0.0
2024-09-30 13:55:00+09:00,649.0,649.0,649.0,649.0,1,0.0,0.0
2024-09-30 14:00:00+09:00,647.0,647.0,644.0,644.0,1847,0.0,0.0
2024-09-30 14:05:00+09:00,645.0,646.0,644.0,646.0,1661,0.0,0.0
2024-09-30 14:10:00+09:00,645.0,648.0,644.0,645.0,2494,0.0,0.0
2024-09-30 14:15:00+09:00,644.0,647.0,644.0,647.0,424,0.0,0.0
2024-09-30 14:20:00+09:00,646.0,647.0,642.0,643.0,2778,0.0,0.0
2024-09-30 14:25:00+09:00,643.0,645.0,642.0,645.0,595,0.0,0.0
2024-09-30 14:30:00+09:00,644.0,646.0,644.0,644.0,2954,0.0,0.0
2024-09-30 14:35:00+09:00,644.0,646.0,640.0,642.0,23794,0.0,0.0
2024-09-30 14:40:00+09:00,644.0,645.0,640.0,642.0,3109,0.0,0.0
2024-09-30 14:45:00+09:00,642.0,644.0,641.0,643.0,3253,0.0,0.0
2024-09-30 14:50:00+09:00,642.0,642.0,642.0,642.0,4213,0.0,0.0
2024-09-30 14:55:00+09:00,641.0,642.0,640.0,641.0,6912,0.0,0.0
2024-10-02 09:00:00+09:00,643.0,644.0,633.0,635.0,0,0.0,0.0
2024-10-02 09:05:00+09:00,635.0,648.0,635.0,644.0,18211,0.0,0.0
2024-10-02 09:10:00+09:00,641.0,673.0,640.0,654.0,76103,0.0,0.0
2024-10-02 09:15:00+09:00,654.0,663.0,649.0,655.0,43336,0.0,0.0
2024-10-02 09:20:00+09:00,655.0,655.0,641.0,644.0,43617,0.0,0.0
2024-10-02 09:25:00+09:00,645.0,651.0,644.0,646.0,12050,0.0,0.0
2024-10-02 09:30:00+09:00,646.0,649.0,642.0,645.0,696,0.0,0.0
2024-10-02 09:35:00+09:00,645.0,649.0,644.0,644.0,3307,0.0,0.0
2024-10-02 09:40:00+09:00,645.0,649.0,645.0,646.0,1967,0.0,0.0
2024-10-02 09:45:00+09:00,645.0,648.0,644.0,646.0,2201,0.0,0.0
2024-10-02 09:50:00+09:00,646.0,651.0,644.0,651.0,9255,0.0,0.0
2024-10-02 09:55:00+09:00,647.0,649.0,645.0,647.0,5985,0.0,0.0
2024-10-02 10:00:00+09:00,645.0,645.0,641.0,645.0,4422,0.0,0.0
2024-10-02 10:05:00+09:00,644.0,645.0,641.0,641.0,5401,0.0,0.0
2024-10-02 10:10:00+09:00,642.0,642.0,642.0,642.0,3721,0.0,0.0
2024-10-02 10:15:00+09:00,643.0,647.0,643.0,647.0,6,0.0,0.0
2024-10-02 10:20:00+09:00,647.0,647.0,645.0,645.0,616,0.0,0.0
2024-10-02 10:25:00+09:00,645.0,645.0,645.0,645.0,500,0.0,0.0
2024-10-02 10:30:00+09:00,645.0,652.0,645.0,651.0,3790,0.0,0.0
2024-10-02 10:35:00+09:00,650.0,656.0,648.0,652.0,7151,0.0,0.0
2024-10-02 10:40:00+09:00,652.0,660.0,650.0,654.0,12357,0.0,0.0
2024-10-02 10:45:00+09:00,652.0,653.0,650.0,653.0,1497,0.0,0.0
2024-10-02 10:50:00+09:00,650.0,650.0,650.0,650.0,1430,0.0,0.0
2024-10-02 10:55:00+09:00,650.0,650.0,649.0,649.0,780,0.0,0.0
2024-10-02 11:00:00+09:00,652.0,657.0,652.0,654.0,2105,0.0,0.0
2024-10-02 11:05:00+09:00,654.0,654.0,653.0,654.0,2754,0.0,0.0
2024-10-02 11:10:00+09:00,657.0,657.0,654.0,656.0,4108,0.0,0.0
2024-10-02 11:15:00+09:00,655.0,656.0,655.0,655.0,1841,0.0,0.0
2024-10-02 11:20:00+09:00,655.0,656.0,655.0,656.0,264,0.0,0.0
2024-10-02 11:25:00+09:00,655.0,655.0,653.0,653.0,2373,0.0,0.0
2024-10-02 11:30:00+09:00,653.0,653.0,652.0,652.0,152,0.0,0.0
2024-10-02 11:35:00+09:00,652.0,652.0,652.0,652.0,0,0.0,0.0
2024-10-02 11:40:00+09:00,654.0,654.0,652.0,652.0,148,0.0,0.0
2024-10-02 11:45:00+09:00,652.0,652.0,652.0,652.0,2,0.0,0.0
2024-10-02 11:50:00+09:00,653.0,654.0,652.0,652.0,173,0.0,0.0
2024-10-02 12:10:00+09:00,654.0,654.0,654.0,654.0,0,0.0,0.0
2024-10-02 12:15:00+09:00,652.0,652.0,652.0,652.0,2,0.0,0.0
2024-10-02 12:20:00+09:00,653.0,654.0,652.0,652.0,566,0.0,0.0
2024-10-02 12:25:00+09:00,651.0,651.0,651.0,651.0,480,0.0,0.0
2024-10-02 12:30:00+09:00,651.0,651.0,651.0,651.0,0,0.0,0.0
2024-10-02 12:35:00+09:00,653.0,657.0,653.0,656.0,10965,0.0,0.0
2024-10-02 12:40:00+09:00,657.0,657.0,655.0,655.0,5124,0.0,0.0
2024-10-02 12:45:00+09:00,656.0,658.0,656.0,658.0,1514,0.0,0.0
2024-10-02 12:50:00+09:00,654.0,654.0,654.0,654.0,3,0.0,0.0
2024-10-02 12:55:00+09:00,657.0,657.0,657.0,657.0,1,0.0,0.0
2024-10-02 13:00:00+09:00,654.0,654.0,650.0,650.0,3144,0.0,0.0
2024-10-02 13:10:00+09:00,657.0,657.0,657.0,657.0,1,0.0,0.0
2024-10-02 13:20:00+09:00,656.0,657.0,656.0,657.0,2658,0.0,0.0
2024-10-02 13:25:00+09:00,653.0,653.0,651.0,651.0,1470,0.0,0.0
2024-10-02 13:30:00+09:00,651.0,651.0,649.0,649.0,11229,0.0,0.0
2024-10-02 13:35:00+09:00,653.0,653.0,650.0,650.0,303,0.0,0.0
2024-10-02 13:40:00+09:00,650.0,650.0,648.0,648.0,523,0.0,0.0
2024-10-02 13:45:00+09:00,653.0,653.0,653.0,653.0,0,0.0,0.0
2024-10-02 13:50:00+09:00,653.0,653.0,653.0,653.0,0,0.0,0.0
2024-10-02 13:55:00+09:00,651.0,651.0,651.0,651.0,338574,0.0,0.0
2024-10-02 14:00:00+09:00,649.0,649.0,649.0,649.0,0,0.0,0.0
2024-10-02 14:05:00+09:00,650.0,653.0,650.0,653.0,3280,0.0,0.0
2024-10-02 14:10:00+09:00,653.0,653.0,650.0,650.0,519,0.0,0.0
2024-10-02 14:20:00+09:00,652.0,652.0,646.0,646.0,3907,0.0,0.0
2024-10-02 14:25:00+09:00,646.0,646.0,646.0,646.0,5279,0.0,0.0
2024-10-02 14:30:00+09:00,647.0,647.0,647.0,647.0,2,0.0,0.0
2024-10-02 14:35:00+09:00,647.0,647.0,647.0,647.0,46,0.0,0.0
2024-10-02 14:40:00+09:00,646.0,649.0,646.0,647.0,633,0.0,0.0
2024-10-02 14:45:00+09:00,646.0,649.0,646.0,647.0,924,0.0,0.0
2024-10-02 14:50:00+09:00,647.0,649.0,647.0,649.0,586,0.0,0.0
2024-10-02 14:55:00+09:00,647.0,649.0,645.0,646.0,7332,0.0,0.0
2024-10-04 09:00:00+09:00,644.0,653.0,644.0,645.0,0,0.0,0.0
2024-10-04 09:05:00+09:00,651.0,651.0,640.0,641.0,16259,0.0,0.0
2024-10-04 09:10:00+09:00,649.0,649.0,642.0,647.0,0,0.0,0.0
2024-10-04 09:15:00+09:00,642.0,642.0,640.0,640.0,1676,0.0,0.0
2024-10-04 09:20:00+09:00,640.0,640.0,638.0,638.0,2036,0.0,0.0
2024-10-04 09:25:00+09:00,638.0,649.0,638.0,648.0,12382,0.0,0.0
2024-10-04 09:30:00+09:00,648.0,648.0,641.0,641.0,230,0.0,0.0
2024-10-04 09:35:00+09:00,641.0,646.0,641.0,641.0,54,0.0,0.0
2024-10-04 09:40:00+09:00,641.0,644.0,640.0,644.0,1423,0.0,0.0
2024-10-04 09:50:00+09:00,642.0,642.0,640.0,640.0,4,0.0,0.0
2024-10-04 09:55:00+09:00,645.0,645.0,645.0,645.0,3,0.0,0.0
2024-10-04 10:00:00+09:00,645.0,645.0,645.0,645.0,1487,0.0,0.0
2024-10-04 10:05:00+09:00,645.0,646.0,645.0,646.0,21,0.0,0.0
2024-10-04 10:10:00+09:00,645.0,645.0,645.0,645.0,5993,0.0,0.0
2024-10-04 10:15:00+09:00,640.0,644.0,638.0,638.0,714,0.0,0.0
2024-10-04 10:20:00+09:00,640.0,644.0,638.0,644.0,515,0.0,0.0
2024-10-04 10:25:00+09:00,641.0,644.0,641.0,644.0,2,0.0,0.0
2024-10-04 10:30:00+09:00,644.0,644.0,644.0,644.0,1261,0.0,0.0
2024-10-04 10:35:00+09:00,644.0,644.0,643.0,644.0,2308,0.0,0.0
2024-10-04 10:40:00+09:00,642.0,642.0,641.0,641.0,1049,0.0,0.0
2024-10-04 10:45:00+09:00,642.0,644.0,642.0,644.0,0,0.0,0.0
2024-10-04 10:50:00+09:00,644.0,644.0,644.0,644.0,1113,0.0,0.0
2024-10-04 10:55:00+09:00,644.0,647.0,644.0,647.0,253,0.0,0.0
2024-10-04 11:05:00+09:00,647.0,647.0,647.0,647.0,12,0.0,0.0
2024-10-04 11:10:00+09:00,647.0,647.0,647.0,647.0,67,0.0,0.0
2024-10-04 11:15:00+09:00,647.0,647.0,647.0,647.0,11,0.0,0.0
2024-10-04 11:20:00+09:00,647.0,647.0,647.0,647.0,10,0.0,0.0
2024-10-04 11:30:00+09:00,644.0,647.0,641.0,647.0,3834,0.0,0.0
2024-10-04 11:35:00+09:00,642.0,646.0,642.0,646.0,3,0.0,0.0
2024-10-04 11:40:00+09:00,642.0,646.0,642.0,646.0,3,0.0,0.0
2024-10-04 11:55:00+09:00,644.0,644.0,644.0,644.0,339,0.0,0.0
2024-10-04 12:00:00+09:00,646.0,646.0,646.0,646.0,0,0.0,0.0
2024-10-04 12:25:00+09:00,644.0,645.0,644.0,645.0,14,0.0,0.0
2024-10-04 12:30:00+09:00,645.0,645.0,644.0,644.0,325,0.0,0.0
2024-10-04 12:35:00+09:00,643.0,643.0,643.0,643.0,50,0.0,0.0
2024-10-04 12:40:00+09:00,644.0,644.0,643.0,644.0,144,0.0,0.0
2024-10-04 12:45:00+09:00,644.0,644.0,644.0,644.0,42,0.0,0.0
2024-10-04 12:50:00+09:00,644.0,644.0,643.0,644.0,1820,0.0,0.0
2024-10-04 12:55:00+09:00,643.0,644.0,641.0,641.0,9491,0.0,0.0
2024-10-04 13:00:00+09:00,641.0,643.0,640.0,640.0,811,0.0,0.0
2024-10-04 13:05:00+09:00,640.0,641.0,640.0,641.0,723,0.0,0.0
2024-10-04 13:15:00+09:00,644.0,644.0,644.0,644.0,0,0.0,0.0
2024-10-04 13:20:00+09:00,643.0,643.0,642.0,642.0,623,0.0,0.0
2024-10-04 13:25:00+09:00,642.0,642.0,642.0,642.0,0,0.0,0.0
2024-10-04 13:30:00+09:00,641.0,641.0,641.0,641.0,677,0.0,0.0
2024-10-04 13:40:00+09:00,641.0,643.0,641.0,643.0,88,0.0,0.0
2024-10-04 13:45:00+09:00,640.0,642.0,639.0,642.0,14225,0.0,0.0
2024-10-04 13:50:00+09:00,639.0,639.0,638.0,638.0,816,0.0,0.0
2024-10-04 14:00:00+09:00,639.0,639.0,639.0,639.0,607,0.0,0.0
2024-10-04 14:05:00+09:00,639.0,639.0,639.0,639.0,200,0.0,0.0
2024-10-04 14:10:00+09:00,643.0,643.0,643.0,643.0,0,0.0,0.0
2024-10-04 14:15:00+09:00,639.0,643.0,639.0,643.0,13,0.0,0.0
2024-10-04 14:35:00+09:00,640.0,641.0,640.0,641.0,291,0.0,0.0
2024-10-04 14:40:00+09:00,641.0,643.0,641.0,643.0,17,0.0,0.0
2024-10-04 14:45:00+09:00,643.0,643.0,643.0,643.0,60,0.0,0.0
2024-10-04 14:50:00+09:00,643.0,643.0,643.0,643.0,333,0.0,0.0
2024-10-04 14:55:00+09:00,643.0,644.0,640.0,640.0,2168,0.0,0.0
2024-10-07 09:00:00+09:00,642.0,645.0,642.0,644.0,0,0.0,0.0
2024-10-07 09:05:00+09:00,644.0,644.0,639.0,640.0,16601,0.0,0.0
2024-10-07 09:10:00+09:00,640.0,644.0,640.0,644.0,5852,0.0,0.0
2024-10-07 09:15:00+09:00,643.0,644.0,643.0,644.0,507,0.0,0.0
2024-10-07 09:20:00+09:00,644.0,644.0,644.0,644.0,115,0.0,0.0
2024-10-07 09:25:00+09:00,644.0,644.0,643.0,643.0,171,0.0,0.0
2024-10-07 09:30:00+09:00,643.0,647.0,643.0,647.0,7275,0.0,0.0
2024-10-07 09:35:00+09:00,647.0,647.0,643.0,643.0,1248,0.0,0.0
2024-10-07 09:40:00+09:00,647.0,647.0,642.0,642.0,923,0.0,0.0
2024-10-07 09:45:00+09:00,646.0,646.0,642.0,642.0,2877,0.0,0.0
2024-10-07 09:50:00+09:00,641.0,642.0,640.0,640.0,12080,0.0,0.0
2024-10-07 09:55:00+09:00,645.0,645.0,640.0,640.0,2449,0.0,0.0
2024-10-07 10:00:00+09:00,645.0,645.0,642.0,642.0,0,0.0,0.0
2024-10-07 10:05:00+09:00,645.0,645.0,645.0,645.0,6,0.0,0.0
2024-10-07 10:10:00+09:00,645.0,647.0,645.0,647.0,1450,0.0,0.0
2024-10-07 10:15:00+09:00,646.0,646.0,646.0,646.0,122,0.0,0.0
2024-10-07 10:20:00+09:00,646.0,647.0,646.0,646.0,223,0.0,0.0
2024-10-07 10:25:00+09:00,644.0,647.0,644.0,647.0,933,0.0,0.0
2024-10-07 10:30:00+09:00,647.0,647.0,646.0,646.0,1550,0.0,0.0
2024-10-07 10:35:00+09:00,647.0,647.0,643.0,643.0,847,0.0,0.0
2024-10-07 10:40:00+09:00,646.0,646.0,644.0,644.0,1872,0.0,0.0
2024-10-07 10:45:00+09:00,644.0,644.0,644.0,644.0,723,0.0,0.0
2024-10-07 10:50:00+09:00,644.0,646.0,644.0,646.0,62,0.0,0.0
2024-10-07 10:55:00+09:00,644.0,644.0,644.0,644.0,11,0.0,0.0
2024-10-07 11:00:00+09:00,646.0,647.0,646.0,646.0,1666,0.0,0.0
2024-10-07 11:05:00+09:00,645.0,645.0,645.0,645.0,30,0.0,0.0
2024-10-07 11:10:00+09:00,647.0,647.0,647.0,647.0,110,0.0,0.0
2024-10-07 11:15:00+09:00,647.0,647.0,647.0,647.0,400,0.0,0.0
2024-10-07 11:20:00+09:00,647.0,647.0,647.0,647.0,132,0.0,0.0
2024-10-07 11:25:00+09:00,647.0,647.0,647.0,647.0,820,0.0,0.0
2024-10-07 11:35:00+09:00,647.0,647.0,647.0,647.0,107,0.0,0.0
2024-10-07 11:40:00+09:00,647.0,647.0,647.0,647.0,159,0.0,0.0
2024-10-07 11:45:00+09:00,647.0,647.0,647.0,647.0,400,0.0,0.0
2024-10-07 11:50:00+09:00,646.0,647.0,646.0,647.0,62,0.0,0.0
2024-10-07 11:55:00+09:00,647.0,647.0,647.0,647.0,26,0.0,0.0
2024-10-07 12:00:00+09:00,647.0,647.0,646.0,647.0,169,0.0,0.0
2024-10-07 12:05:00+09:00,647.0,647.0,646.0,646.0,1237,0.0,0.0
2024-10-07 12:10:00+09:00,646.0,646.0,646.0,646.0,0,0.0,0.0
2024-10-07 12:15:00+09:00,647.0,647.0,647.0,647.0,0,0.0,0.0
2024-10-07 12:20:00+09:00,647.0,647.0,647.0,647.0,224,0.0,0.0
2024-10-07 12:25:00+09:00,647.0,647.0,647.0,647.0,56,0.0,0.0
2024-10-07 12:30:00+09:00,647.0,647.0,647.0,647.0,27,0.0,0.0
2024-10-07 12:35:00+09:00,646.0,646.0,645.0,645.0,1390,0.0,0.0
2024-10-07 12:40:00+09:00,645.0,645.0,644.0,644.0,2545,0.0,0.0
2024-10-07 12:45:00+09:00,644.0,644.0,644.0,644.0,0,0.0,0.0
2024-10-07 12:50:00+09:00,643.0,644.0,643.0,644.0,237,0.0,0.0
2024-10-07 12:55:00+09:00,644.0,644.0,644.0,644.0,140,0.0,0.0
2024-10-07 13:00:00+09:00,644.0,646.0,641.0,641.0,2730,0.0,0.0
2024-10-07 13:05:00+09:00,646.0,646.0,646.0,646.0,1,0.0,0.0
2024-10-07 13:15:00+09:00,646.0,646.0,645.0,645.0,19,0.0,0.0
2024-10-07 13:20:00+09:00,646.0,646.0,645.0,645.0,158,0.0,0.0
2024-10-07 13:25:00+09:00,645.0,645.0,644.0,644.0,5966,0.0,0.0
2024-10-07 13:30:00+09:00,644.0,644.0,644.0,644.0,198,0.0,0.0
2024-10-07 13:35:00+09:00,645.0,647.0,645.0,646.0,2699,0.0,0.0
2024-10-07 13:40:00+09:00,645.0,646.0,645.0,645.0,82,0.0,0.0
2024-10-07 13:45:00+09:00,646.0,646.0,646.0,646.0,104,0.0,0.0
2024-10-07 13:50:00+09:00,646.0,646.0,646.0,646.0,45,0.0,0.0
2024-10-07 13:55:00+09:00,646.0,646.0,646.0,646.0,52,0.0,0.0
2024-10-07 14:00:00+09:00,646.0,646.0,646.0,646.0,212,0.0,0.0
2024-10-07 14:05:00+09:00,646.0,646.0,646.0,646.0,54,0.0,0.0
2024-10-07 14:10:00+09:00,646.0,646.0,646.0,646.0,27,0.0,0.0
2024-10-07 14:15:00+09:00,646.0,646.0,646.0,646.0,27,0.0,0.0
2024-10-07 14:20:00+09:00,646.0,646.0,646.0,646.0,148,0.0,0.0
2024-10-07 14:25:00+09:00,645.0,646.0,645.0,646.0,83,0.0,0.0
2024-10-07 14:30:00+09:00,646.0,646.0,646.0,646.0,1520,0.0,0.0
2024-10-07 14:35:00+09:00,645.0,645.0,645.0,645.0,375,0.0,0.0
2024-10-07 14:40:00+09:00,645.0,645.0,645.0,645.0,1889,0.0,0.0
2024-10-07 14:45:00+09:00,645.0,646.0,645.0,646.0,0,0.0,0.0
2024-10-07 14:50:00+09:00,645.0,645.0,645.0,645.0,26,0.0,0.0
2024-10-07 14:55:00+09:00,645.0,646.0,645.0,646.0,802,0.0,0.0
2024-10-08 09:00:00+09:00,650.0,651.0,641.0,642.0,4176,0.0,0.0
2024-10-08 09:05:00+09:00,644.0,646.0,644.0,646.0,11,0.0,0.0
2024-10-08 09:10:00+09:00,646.0,648.0,643.0,648.0,3193,0.0,0.0
2024-10-08 09:15:00+09:00,648.0,648.0,642.0,647.0,2044,0.0,0.0
2024-10-08 09:20:00+09:00,647.0,647.0,647.0,647.0,4,0.0,0.0
2024-10-08 09:25:00+09:00,647.0,647.0,647.0,647.0,8,0.0,0.0
2024-10-08 09:30:00+09:00,644.0,647.0,644.0,645.0,529,0.0,0.0
2024-10-08 09:35:00+09:00,645.0,645.0,645.0,645.0,3,0.0,0.0
2024-10-08 09:40:00+09:00,645.0,645.0,645.0,645.0,46,0.0,0.0
2024-10-08 09:45:00+09:00,644.0,644.0,643.0,643.0,1990,0.0,0.0
2024-10-08 09:50:00+09:00,645.0,645.0,645.0,645.0,24,0.0,0.0
2024-10-08 09:55:00+09:00,644.0,645.0,644.0,645.0,4,0.0,0.0
2024-10-08 10:00:00+09:00,644.0,644.0,644.0,644.0,26,0.0,0.0
2024-10-08 10:05:00+09:00,644.0,644.0,644.0,644.0,7,0.0,0.0
2024-10-08 10:10:00+09:00,644.0,644.0,644.0,644.0,42,0.0,0.0
2024-10-08 10:15:00+09:00,644.0,644.0,644.0,644.0,26,0.0,0.0
2024-10-08 10:20:00+09:00,643.0,643.0,643.0,643.0,1760,0.0,0.0
2024-10-08 10:25:00+09:00,643.0,643.0,643.0,643.0,0,0.0,0.0
2024-10-08 10:30:00+09:00,643.0,643.0,643.0,643.0,0,0.0,0.0
2024-10-08 10:35:00+09:00,642.0,644.0,642.0,642.0,1443,0.0,0.0
2024-10-08 10:40:00+09:00,641.0,642.0,641.0,642.0,138,0.0,0.0
2024-10-08 10:45:00+09:00,642.0,642.0,642.0,642.0,487,0.0,0.0
2024-10-08 10:50:00+09:00,641.0,644.0,641.0,644.0,3181,0.0,0.0
2024-10-08 10:55:00+09:00,643.0,644.0,643.0,644.0,2,0.0,0.0
2024-10-08 11:00:00+09:00,642.0,642.0,642.0,642.0,235,0.0,0.0
2024-10-08 11:10:00+09:00,643.0,643.0,643.0,643.0,0,0.0,0.0
2024-10-08 11:15:00+09:00,644.0,644.0,643.0,643.0,1048,0.0,0.0
2024-10-08 11:20:00+09:00,644.0,644.0,644.0,644.0,2,0.0,0.0
2024-10-08 11:25:00+09:00,645.0,645.0,645.0,645.0,1,0.0,0.0
2024-10-08 11:35:00+09:00,644.0,644.0,644.0,644.0,2537,0.0,0.0
2024-10-08 11:40:00+09:00,643.0,643.0,642.0,642.0,2389,0.0,0.0
2024-10-08 11:45:00+09:00,642.0,645.0,642.0,645.0,0,0.0,0.0
2024-10-08 11:50:00+09:00,645.0,645.0,645.0,645.0,2,0.0,0.0
2024-10-08 11:55:00+09:00,645.0,645.0,645.0,645.0,2429,0.0,0.0
2024-10-08 12:00:00+09:00,645.0,645.0,642.0,642.0,2340,0.0,0.0
2024-10-08 12:05:00+09:00,645.0,645.0,645.0,645.0,0,0.0,0.0
2024-10-08 12:10:00+09:00,644.0,644.0,644.0,644.0,99,0.0,0.0
2024-10-08 12:20:00+09:00,643.0,643.0,643.0,643.0,3673,0.0,0.0
2024-10-08 12:25:00+09:00,643.0,643.0,643.0,643.0,0,0.0,0.0
2024-10-08 12:35:00+09:00,643.0,643.0,643.0,643.0,0,0.0,0.0
2024-10-08 12:45:00+09:00,644.0,644.0,644.0,644.0,35,0.0,0.0
2024-10-08 12:55:00+09:00,644.0,646.0,644.0,646.0,2377,0.0,0.0
2024-10-08 13:00:00+09:00,646.0,646.0,646.0,646.0,0,0.0,0.0
2024-10-08 13:05:00+09:00,646.0,646.0,646.0,646.0,1,0.0,0.0
2024-10-08 13:15:00+09:00,646.0,646.0,645.0,645.0,446,0.0,0.0
2024-10-08 13:20:00+09:00,645.0,646.0,645.0,646.0,33,0.0,0.0
2024-10-08 13:30:00+09:00,646.0,646.0,645.0,646.0,3008,0.0,0.0
2024-10-08 13:35:00+09:00,645.0,646.0,645.0,646.0,6,0.0,0.0
2024-10-08 13:40:00+09:00,646.0,646.0,644.0,644.0,2893,0.0,0.0
2024-10-08 13:45:00+09:00,643.0,644.0,643.0,644.0,0,0.0,0.0
2024-10-08 13:50:00+09:00,643.0,643.0,643.0,643.0,284,0.0,0.0
2024-10-08 13:55:00+09:00,644.0,644.0,642.0,644.0,587,0.0,0.0
2024-10-08 14:00:00+09:00,644.0,644.0,644.0,644.0,0,0.0,0.0
2024-10-08 14:05:00+09:00,644.0,644.0,644.0,644.0,26,0.0,0.0
2024-10-08 14:10:00+09:00,643.0,643.0,643.0,643.0,81,0.0,0.0
2024-10-08 14:15:00+09:00,643.0,643.0,643.0,643.0,1053,0.0,0.0
2024-10-08 14:20:00+09:00,643.0,646.0,643.0,646.0,602,0.0,0.0
2024-10-08 14:25:00+09:00,646.0,647.0,646.0,647.0,1741,0.0,0.0
2024-10-08 14:30:00+09:00,646.0,646.0,646.0,646.0,0,0.0,0.0
2024-10-08 14:35:00+09:00,647.0,647.0,644.0,646.0,13,0.0,0.0
2024-10-08 14:40:00+09:00,644.0,645.0,644.0,645.0,23,0.0,0.0
2024-10-08 14:45:00+09:00,645.0,645.0,645.0,645.0,5113,0.0,0.0
2024-10-08 14:50:00+09:00,646.0,646.0,646.0,646.0,0,0.0,0.0
2024-10-08 14:55:00+09:00,645.0,646.0,645.0,646.0,3138,0.0,0.0
2024-10-10 09:00:00+09:00,644.0,647.0,644.0,647.0,0,0.0,0.0
2024-10-10 09:05:00+09:00,647.0,648.0,646.0,648.0,228,0.0,0.0
2024-10-10 09:10:00+09:00,648.0,648.0,643.0,644.0,5027,0.0,0.0
2024-10-10 09:20:00+09:00,643.0,644.0,642.0,642.0,13197,0.0,0.0
2024-10-10 09:25:00+09:00,644.0,644.0,643.0,643.0,0,0.0,0.0
2024-10-10 09:30:00+09:00,644.0,644.0,642.0,642.0,569,0.0,0.0
2024-10-10 09:35:00+09:00,643.0,643.0,643.0,643.0,12,0.0,0.0
2024-10-10 09:40:00+09:00,644.0,644.0,643.0,644.0,74,0.0,0.0
2024-10-10 09:45:00+09:00,643.0,643.0,642.0,642.0,3486,0.0,0.0
2024-10-10 09:50:00+09:00,643.0,643.0,643.0,643.0,33,0.0,0.0
2024-10-10 09:55:00+09:00,643.0,643.0,643.0,643.0,51,0.0,0.0
2024-10-10 10:00:00+09:00,643.0,643.0,640.0,641.0,6319,0.0,0.0
2024-10-10 10:05:00+09:00,643.0,643.0,640.0,641.0,31,0.0,0.0
2024-10-10 10:10:00+09:00,640.0,640.0,639.0,639.0,4880,0.0,0.0
2024-10-10 10:15:00+09:00,641.0,643.0,639.0,639.0,1663,0.0,0.0
2024-10-10 10:20:00+09:00,640.0,640.0,640.0,640.0,278,0.0,0.0
2024-10-10 10:25:00+09:00,641.0,642.0,639.0,640.0,200,0.0,0.0
2024-10-10 10:30:00+09:00,642.0,642.0,641.0,641.0,11,0.0,0.0
2024-10-10 10:35:00+09:00,642.0,642.0,640.0,641.0,257,0.0,0.0
2024-10-10 10:40:00+09:00,641.0,641.0,640.0,640.0,994,0.0,0.0
2024-10-10 10:45:00+09:00,640.0,640.0,640.0,640.0,0,0.0,0.0
2024-10-10 10:50:00+09:00,640.0,640.0,640.0,640.0,261,0.0,0.0
2024-10-10 10:55:00+09:00,640.0,641.0,640.0,641.0,1348,0.0,0.0
2024-10-10 11:00:00+09:00,641.0,641.0,641.0,641.0,0,0.0,0.0
2024-10-10 11:05:00+09:00,641.0,641.0,639.0,639.0,14745,0.0,0.0
2024-10-10 11:10:00+09:00,640.0,641.0,640.0,641.0,0,0.0,0.0
2024-10-10 11:15:00+09:00,640.0,640.0,640.0,640.0,11,0.0,0.0
2024-10-10 11:20:00+09:00,640.0,640.0,639.0,640.0,413,0.0,0.0
2024-10-10 11:25:00+09:00,639.0,640.0,639.0,640.0,327,0.0,0.0
2024-10-10 11:30:00+09:00,640.0,641.0,640.0,641.0,0,0.0,0.0
2024-10-10 11:35:00+09:00,640.0,640.0,637.0,637.0,23586,0.0,0.0
2024-10-10 11:40:00+09:00,637.0,638.0,637.0,638.0,703,0.0,0.0
2024-10-10 11:45:00+09:00,641.0,641.0,641.0,641.0,985,0.0,0.0
2024-10-10 11:50:00+09:00,641.0,641.0,636.0,636.0,10859,0.0,0.0
2024-10-10 11:55:00+09:00,636.0,636.0,636.0,636.0,7184,0.0,0.0
2024-10-10 12:05:00+09:00,639.0,639.0,638.0,638.0,25,0.0,0.0
2024-10-10 12:10:00+09:00,639.0,639.0,637.0,637.0,162,0.0,0.0
2024-10-10 12:15:00+09:00,637.0,641.0,637.0,641.0,285,0.0,0.0
2024-10-10 12:20:00+09:00,639.0,639.0,638.0,638.0,75,0.0,0.0
2024-10-10 12:25:00+09:00,638.0,638.0,637.0,638.0,5593,0.0,0.0
2024-10-10 12:30:00+09:00,637.0,637.0,637.0,637.0,899,0.0,0.0
2024-10-10 12:35:00+09:00,637.0,638.0,637.0,638.0,86,0.0,0.0
2024-10-10 12:45:00+09:00,638.0,639.0,638.0,638.0,225,0.0,0.0
2024-10-10 12:50:00+09:00,638.0,638.0,638.0,638.0,119,0.0,0.0
2024-10-10 12:55:00+09:00,640.0,640.0,638.0,638.0,196,0.0,0.0
2024-10-10 13:00:00+09:00,638.0,638.0,638.0,638.0,1,0.0,0.0
2024-10-10 13:05:00+09:00,637.0,637.0,637.0,637.0,619,0.0,0.0
2024-10-10 13:10:00+09:00,638.0,638.0,638.0,638.0,2002,0.0,0.0
2024-10-10 13:15:00+09:00,638.0,638.0,637.0,637.0,2279,0.0,0.0
2024-10-10 13:20:00+09:00,636.0,638.0,636.0,638.0,1408,0.0,0.0
2024-10-10 13:25:00+09:00,638.0,638.0,638.0,638.0,0,0.0,0.0
2024-10-10 13:30:00+09:00,638.0,638.0,638.0,638.0,2097,0.0,0.0
2024-10-10 13:35:00+09:00,638.0,638.0,638.0,638.0,208,0.0,0.0
2024-10-10 13:40:00+09:00,638.0,638.0,638.0,638.0,460,0.0,0.0
2024-10-10 13:45:00+09:00,637.0,637.0,637.0,637.0,1844,0.0,0.0
2024-10-10 13:55:00+09:00,637.0,638.0,637.0,638.0,68,0.0,0.0
2024-10-10 14:05:00+09:00,637.0,638.0,637.0,638.0,1286,0.0,0.0
2024-10-10 14:10:00+09:00,638.0,638.0,638.0,638.0,1841,0.0,0.0
2024-10-10 14:15:00+09:00,637.0,637.0,636.0,636.0,14959,0.0,0.0
2024-10-10 14:20:00+09:00,635.0,636.0,635.0,635.0,12163,0.0,0.0
2024-10-10 14:25:00+09:00,635.0,635.0,635.0,635.0,22,0.0,0.0
2024-10-10 14:30:00+09:00,634.0,635.0,632.0,635.0,16047,0.0,0.0
2024-10-10 14:35:00+09:00,635.0,637.0,632.0,636.0,1481,0.0,0.0
2024-10-10 14:40:00+09:00,633.0,634.0,632.0,634.0,762,0.0,0.0
2024-10-10 14:45:00+09:00,632.0,635.0,632.0,635.0,723,0.0,0.0
2024-10-10 14:55:00+09:00,635.0,636.0,634.0,634.0,1913,0.0,0.0
2024-10-11 09:00:00+09:00,638.0,639.0,638.0,639.0,1641,0.0,0.0
2024-10-11 09:05:00+09:00,640.0,641.0,640.0,641.0,42,0.0,0.0
2024-10-11 09:10:00+09:00,640.0,640.0,633.0,638.0,7171,0.0,0.0
2024-10-11 09:15:00+09:00,638.0,638.0,635.0,638.0,5338,0.0,0.0
2024-10-11 09:20:00+09:00,638.0,638.0,637.0,638.0,3833,0.0,0.0
2024-10-11 09:25:00+09:00,636.0,639.0,635.0,637.0,11,0.0,0.0
2024-10-11 09:30:00+09:00,638.0,638.0,636.0,636.0,580,0.0,0.0
2024-10-11 09:35:00+09:00,638.0,638.0,638.0,638.0,0,0.0,0.0
2024-10-11 09:40:00+09:00,638.0,638.0,637.0,638.0,28,0.0,0.0
2024-10-11 09:45:00+09:00,638.0,638.0,636.0,636.0,151,0.0,0.0
2024-10-11 09:50:00+09:00,636.0,637.0,636.0,636.0,1022,0.0,0.0
2024-10-11 09:55:00+09:00,638.0,638.0,638.0,638.0,0,0.0,0.0
2024-10-11 10:00:00+09:00,638.0,638.0,638.0,638.0,3799,0.0,0.0
2024-10-11 10:05:00+09:00,638.0,638.0,638.0,638.0,7,0.0,0.0
2024-10-11 10:10:00+09:00,637.0,638.0,636.0,636.0,70,0.0,0.0
2024-10-11 10:15:00+09:00,637.0,637.0,637.0,637.0,0,0.0,0.0
2024-10-11 10:20:00+09:00,637.0,640.0,637.0,640.0,3853,0.0,0.0
2024-10-11 10:25:00+09:00,640.0,641.0,640.0,640.0,3178,0.0,0.0
2024-10-11 10:30:00+09:00,641.0,642.0,641.0,642.0,108,0.0,0.0
2024-10-11 10:35:00+09:00,642.0,643.0,642.0,643.0,3957,0.0,0.0
2024-10-11 10:40:00+09:00,643.0,643.0,643.0,643.0,563,0.0,0.0
2024-10-11 10:45:00+09:00,642.0,643.0,642.0,642.0,10,0.0,0.0
2024-10-11 10:50:00+09:00,642.0,642.0,641.0,641.0,6079,0.0,0.0
2024-10-11 10:55:00+09:00,641.0,643.0,640.0,643.0,3289,0.0,0.0
2024-10-11 11:00:00+09:00,643.0,643.0,643.0,643.0,181,0.0,0.0
2024-10-11 11:05:00+09:00,641.0,641.0,641.0,641.0,50,0.0,0.0
2024-10-11 11:10:00+09:00,643.0,643.0,643.0,643.0,156,0.0,0.0
2024-10-11 11:15:00+09:00,642.0,642.0,641.0,641.0,1131,0.0,0.0
2024-10-11 11:25:00+09:00,642.0,642.0,640.0,641.0,1102,0.0,0.0
2024-10-11 11:30:00+09:00,641.0,641.0,641.0,641.0,583,0.0,0.0
2024-10-11 11:35:00+09:00,640.0,640.0,640.0,640.0,8029,0.0,0.0
2024-10-11 11:45:00+09:00,640.0,640.0,640.0,640.0,896,0.0,0.0
2024-10-11 11:50:00+09:00,640.0,640.0,639.0,639.0,100,0.0,0.0
2024-10-11 11:55:00+09:00,639.0,639.0,638.0,638.0,471,0.0,0.0
2024-10-11 12:00:00+09:00,638.0,638.0,638.0,638.0,100,0.0,0.0
2024-10-11 12:05:00+09:00,639.0,639.0,639.0,639.0,340,0.0,0.0
2024-10-11 12:20:00+09:00,639.0,639.0,638.0,638.0,1138,0.0,0.0
2024-10-11 12:25:00+09:00,638.0,638.0,638.0,638.0,8051,0.0,0.0
2024-10-11 12:50:00+09:00,638.0,639.0,638.0,639.0,172,0.0,0.0
2024-10-11 13:00:00+09:00,639.0,640.0,639.0,640.0,376,0.0,0.0
2024-10-11 13:05:00+09:00,639.0,639.0,639.0,639.0,680,0.0,0.0
2024-10-11 13:10:00+09:00,639.0,640.0,639.0,640.0,1906,0.0,0.0
2024-10-11 13:15:00+09:00,639.0,639.0,638.0,638.0,3145,0.0,0.0
2024-10-11 13:30:00+09:00,638.0,638.0,637.0,637.0,0,0.0,0.0
2024-10-11 13:35:00+09:00,637.0,638.0,637.0,638.0,371,0.0,0.0
2024-10-11 13:40:00+09:00,638.0,638.0,638.0,638.0,0,0.0,0.0
2024-10-11 13:45:00+09:00,637.0,637.0,637.0,637.0,666,0.0,0.0
2024-10-11 13:50:00+09:00,637.0,638.0,637.0,638.0,896,0.0,0.0
2024-10-11 13:55:00+09:00,637.0,637.0,636.0,637.0,1591,0.0,0.0
2024-10-11 14:00:00+09:00,637.0,637.0,636.0,636.0,1234,0.0,0.0
2024-10-11 14:05:00+09:00,636.0,637.0,636.0,637.0,23,0.0,0.0
2024-10-11 14:10:00+09:00,636.0,636.0,636.0,636.0,810,0.0,0.0
2024-10-11 14:15:00+09:00,637.0,637.0,636.0,637.0,2061,0.0,0.0
2024-10-11 14:20:00+09:00,638.0,638.0,636.0,636.0,6169,0.0,0.0
2024-10-11 14:25:00+09:00,636.0,636.0,636.0,636.0,0,0.0,0.0
2024-10-11 14:30:00+09:00,637.0,638.0,637.0,637.0,0,0.0,0.0
2024-10-11 14:35:00+09:00,636.0,636.0,636.0,636.0,1136,0.0,0.0
2024-10-11 14:40:00+09:00,636.0,636.0,636.0,636.0,2406,0.0,0.0
2024-10-11 14:45:00+09:00,637.0,637.0,636.0,636.0,0,0.0,0.0
2024-10-11 14:50:00+09:00,636.0,636.0,635.0,636.0,1821,0.0,0.0
2024-10-11 14:55:00+09:00,636.0,637.0,635.0,636.0,1340,0.0,0.0
2024-10-14 09:00:00+09:00,637.0,640.0,637.0,640.0,0,0.0,0.0
2024-10-14 09:05:00+09:00,640.0,642.0,640.0,642.0,477,0.0,0.0
2024-10-14 09:10:00+09:00,639.0,639.0,637.0,637.0,354,0.0,0.0
2024-10-14 09:15:00+09:00,639.0,639.0,639.0,639.0,39,0.0,0.0
2024-10-14 09:20:00+09:00,640.0,642.0,640.0,642.0,1838,0.0,0.0
2024-10-14 09:25:00+09:00,643.0,643.0,642.0,642.0,0,0.0,0.0
2024-10-14 09:30:00+09:00,643.0,643.0,642.0,642.0,408,0.0,0.0
2024-10-14 09:35:00+09:00,642.0,642.0,642.0,642.0,62,0.0,0.0
2024-10-14 09:40:00+09:00,643.0,643.0,639.0,641.0,949,0.0,0.0
2024-10-14 09:45:00+09:00,641.0,641.0,641.0,641.0,20,0.0,0.0
2024-10-14 09:50:00+09:00,641.0,641.0,640.0,640.0,260,0.0,0.0
2024-10-14 09:55:00+09:00,639.0,641.0,638.0,640.0,3926,0.0,0.0
2024-10-14 10:00:00+09:00,641.0,641.0,637.0,637.0,10829,0.0,0.0
2024-10-14 10:05:00+09:00,641.0,641.0,641.0,641.0,1,0.0,0.0
2024-10-14 10:10:00+09:00,641.0,641.0,641.0,641.0,2400,0.0,0.0
2024-10-14 10:15:00+09:00,641.0,641.0,640.0,640.0,0,0.0,0.0
2024-10-14 10:20:00+09:00,641.0,641.0,637.0,637.0,5921,0.0,0.0
2024-10-14 10:25:00+09:00,637.0,642.0,636.0,642.0,4334,0.0,0.0
2024-10-14 10:30:00+09:00,637.0,637.0,634.0,634.0,14824,0.0,0.0
2024-10-14 10:35:00+09:00,635.0,635.0,635.0,635.0,333,0.0,0.0
2024-10-14 10:40:00+09:00,636.0,636.0,635.0,635.0,1105,0.0,0.0
2024-10-14 10:45:00+09:00,635.0,635.0,634.0,635.0,577,0.0,0.0
2024-10-14 10:50:00+09:00,634.0,634.0,634.0,634.0,368,0.0,0.0
2024-10-14 10:55:00+09:00,635.0,636.0,635.0,636.0,364,0.0,0.0
2024-10-14 11:00:00+09:00,636.0,636.0,635.0,636.0,646,0.0,0.0
2024-10-14 11:05:00+09:00,635.0,635.0,635.0,635.0,2085,0.0,0.0
2024-10-14 11:10:00+09:00,634.0,635.0,634.0,635.0,0,0.0,0.0
2024-10-14 11:15:00+09:00,634.0,636.0,633.0,636.0,3323,0.0,0.0
2024-10-14 11:20:00+09:00,636.0,636.0,634.0,634.0,202,0.0,0.0
2024-10-14 11:25:00+09:00,634.0,634.0,634.0,634.0,26,0.0,0.0
2024-10-14 11:30:00+09:00,635.0,635.0,635.0,635.0,26,0.0,0.0
2024-10-14 11:35:00+09:00,635.0,635.0,635.0,635.0,1,0.0,0.0
2024-10-14 11:40:00+09:00,635.0,636.0,635.0,635.0,26,0.0,0.0
2024-10-14 11:45:00+09:00,635.0,635.0,635.0,635.0,12,0.0,0.0
2024-10-14 11:50:00+09:00,635.0,635.0,635.0,635.0,12,0.0,0.0
2024-10-14 11:55:00+09:00,635.0,635.0,635.0,635.0,12,0.0,0.0
2024-10-14 12:00:00+09:00,636.0,636.0,635.0,635.0,130,0.0,0.0
2024-10-14 12:05:00+09:00,635.0,635.0,635.0,635.0,534,0.0,0.0
2024-10-14 12:10:00+09:00,635.0,635.0,634.0,634.0,0,0.0,0.0
2024-10-14 12:20:00+09:00,636.0,636.0,635.0,635.0,158,0.0,0.0
2024-10-14 12:25:00+09:00,635.0,636.0,635.0,636.0,12,0.0,0.0
2024-10-14 12:30:00+09:00,636.0,636.0,636.0,636.0,2576,0.0,0.0
2024-10-14 12:40:00+09:00,640.0,641.0,640.0,641.0,812,0.0,0.0
2024-10-14 12:45:00+09:00,640.0,641.0,640.0,641.0,0,0.0,0.0
2024-10-14 12:55:00+09:00,641.0,641.0,641.0,641.0,1094,0.0,0.0
2024-10-14 13:00:00+09:00,641.0,641.0,641.0,641.0,2770,0.0,0.0
2024-10-14 13:05:00+09:00,637.0,637.0,636.0,636.0,140,0.0,0.0
2024-10-14 13:10:00+09:00,641.0,641.0,641.0,641.0,76,0.0,0.0
2024-10-14 13:15:00+09:00,636.0,636.0,636.0,636.0,0,0.0,0.0
2024-10-14 13:20:00+09:00,641.0,641.0,641.0,641.0,105,0.0,0.0
2024-10-14 13:35:00+09:00,637.0,637.0,637.0,637.0,2,0.0,0.0
2024-10-14 13:40:00+09:00,641.0,641.0,637.0,637.0,140,0.0,0.0
2024-10-14 13:50:00+09:00,638.0,638.0,638.0,638.0,10,0.0,0.0
2024-10-14 13:55:00+09:00,640.0,640.0,637.0,637.0,143,0.0,0.0
2024-10-14 14:00:00+09:00,640.0,640.0,637.0,637.0,118,0.0,0.0
2024-10-14 14:05:00+09:00,637.0,637.0,637.0,637.0,552,0.0,0.0
2024-10-14 14:15:00+09:00,636.0,636.0,636.0,636.0,1081,0.0,0.0
2024-10-14 14:20:00+09:00,637.0,637.0,637.0,637.0,105,0.0,0.0
2024-10-14 14:25:00+09:00,637.0,637.0,637.0,637.0,1575,0.0,0.0
2024-10-14 14:30:00+09:00,637.0,637.0,637.0,637.0,0,0.0,0.0
2024-10-14 14:35:00+09:00,637.0,640.0,637.0,640.0,3066,0.0,0.0
2024-10-14 14:40:00+09:00,640.0,640.0,640.0,640.0,3105,0.0,0.0
2024-10-14 14:55:00+09:00,640.0,640.0,640.0,640.0,1107,0.0,0.0
2024-10-15 09:00:00+09:00,637.0,642.0,636.0,642.0,2500,0.0,0.0
2024-10-15 09:05:00+09:00,638.0,638.0,637.0,637.0,1381,0.0,0.0
2024-10-15 09:10:00+09:00,637.0,642.0,637.0,642.0,7285,0.0,0.0
2024-10-15 09:15:00+09:00,642.0,642.0,642.0,642.0,0,0.0,0.0
2024-10-15 09:25:00+09:00,641.0,642.0,641.0,642.0,38,0.0,0.0
2024-10-15 09:30:00+09:00,642.0,642.0,637.0,638.0,2150,0.0,0.0
2024-10-15 09:35:00+09:00,638.0,641.0,637.0,637.0,415,0.0,0.0
2024-10-15 09:40:00+09:00,637.0,640.0,637.0,637.0,1585,0.0,0.0
2024-10-15 09:45:00+09:00,637.0,638.0,636.0,637.0,19929,0.0,0.0
2024-10-15 09:50:00+09:00,637.0,637.0,637.0,637.0,786,0.0,0.0
2024-10-15 09:55:00+09:00,639.0,639.0,637.0,638.0,12,0.0,0.0
2024-10-15 10:00:00+09:00,638.0,638.0,637.0,637.0,5333,0.0,0.0
2024-10-15 10:05:00+09:00,638.0,638.0,637.0,638.0,27,0.0,0.0
2024-10-15 10:10:00+09:00,638.0,638.0,637.0,637.0,3824,0.0,0.0
2024-10-15 10:15:00+09:00,638.0,642.0,638.0,642.0,2146,0.0,0.0
2024-10-15 10:20:00+09:00,640.0,640.0,640.0,640.0,18,0.0,0.0
2024-10-15 10:25:00+09:00,637.0,637.0,637.0,637.0,1240,0.0,0.0
2024-10-15 10:30:00+09:00,637.0,638.0,637.0,638.0,0,0.0,0.0
2024-10-15 10:35:00+09:00,637.0,639.0,637.0,637.0,121,0.0,0.0
2024-10-15 10:40:00+09:00,639.0,639.0,637.0,638.0,22,0.0,0.0
2024-10-15 10:45:00+09:00,637.0,638.0,637.0,637.0,2253,0.0,0.0
2024-10-15 10:50:00+09:00,636.0,638.0,636.0,638.0,232,0.0,0.0
2024-10-15 10:55:00+09:00,636.0,637.0,636.0,637.0,19,0.0,0.0
2024-10-15 11:00:00+09:00,637.0,638.0,637.0,638.0,379,0.0,0.0
2024-10-15 11:05:00+09:00,637.0,638.0,637.0,638.0,1350,0.0,0.0
2024-10-15 11:10:00+09:00,637.0,637.0,637.0,637.0,37,0.0,0.0
2024-10-15 11:15:00+09:00,638.0,638.0,638.0,638.0,10481,0.0,0.0
2024-10-15 11:20:00+09:00,638.0,642.0,638.0,642.0,15641,0.0,0.0
2024-10-15 11:25:00+09:00,641.0,643.0,641.0,643.0,11949,0.0,0.0
2024-10-15 11:30:00+09:00,643.0,643.0,637.0,642.0,11041,0.0,0.0
2024-10-15 11:35:00+09:00,643.0,643.0,642.0,643.0,0,0.0,0.0
2024-10-15 11:40:00+09:00,643.0,645.0,642.0,642.0,4786,0.0,0.0
2024-10-15 11:45:00+09:00,642.0,642.0,641.0,641.0,13,0.0,0.0
2024-10-15 11:50:00+09:00,641.0,642.0,636.0,642.0,4136,0.0,0.0
2024-10-15 11:55:00+09:00,640.0,641.0,640.0,641.0,0,0.0,0.0
2024-10-15 12:00:00+09:00,639.0,639.0,636.0,636.0,3153,0.0,0.0
2024-10-15 12:10:00+09:00,642.0,642.0,642.0,642.0,0,0.0,0.0
2024-10-15 12:20:00+09:00,640.0,640.0,637.0,637.0,80,0.0,0.0
2024-10-15 12:30:00+09:00,641.0,641.0,641.0,641.0,0,0.0,0.0
2024-10-15 12:35:00+09:00,641.0,641.0,641.0,641.0,3,0.0,0.0
2024-10-15 12:40:00+09:00,638.0,638.0,638.0,638.0,12,0.0,0.0
2024-10-15 13:00:00+09:00,641.0,641.0,640.0,640.0,231,0.0,0.0
2024-10-15 13:05:00+09:00,639.0,639.0,639.0,639.0,38,0.0,0.0
2024-10-15 13:10:00+09:00,639.0,639.0,639.0,639.0,2360,0.0,0.0
2024-10-15 13:15:00+09:00,639.0,643.0,639.0,643.0,1141,0.0,0.0
2024-10-15 13:45:00+09:00,639.0,639.0,638.0,638.0,885,0.0,0.0
2024-10-15 13:50:00+09:00,638.0,638.0,638.0,638.0,88,0.0,0.0
2024-10-15 13:55:00+09:00,642.0,642.0,642.0,642.0,0,0.0,0.0
2024-10-15 14:00:00+09:00,638.0,641.0,638.0,641.0,870,0.0,0.0
2024-10-15 14:05:00+09:00,638.0,640.0,638.0,640.0,204,0.0,0.0
2024-10-15 14:10:00+09:00,638.0,638.0,637.0,638.0,1400,0.0,0.0
2024-10-15 14:15:00+09:00,638.0,638.0,638.0,638.0,342,0.0,0.0
2024-10-15 14:30:00+09:00,638.0,642.0,638.0,642.0,1660,0.0,0.0
2024-10-15 14:40:00+09:00,638.0,638.0,638.0,638.0,14,0.0,0.0
2024-10-15 14:50:00+09:00,638.0,642.0,638.0,642.0,792,0.0,0.0
2024-10-16 09:00:00+09:00,641.0,644.0,641.0,641.0,8214,0.0,0.0
2024-10-16 09:05:00+09:00,640.0,641.0,640.0,640.0,2978,0.0,0.0
2024-10-16 09:10:00+09:00,641.0,650.0,641.0,642.0,3028,0.0,0.0
2024-10-16 09:15:00+09:00,643.0,646.0,641.0,645.0,4551,0.0,0.0
2024-10-16 09:20:00+09:00,646.0,649.0,646.0,649.0,939,0.0,0.0
2024-10-16 09:25:00+09:00,648.0,652.0,648.0,649.0,8002,0.0,0.0
2024-10-16 09:30:00+09:00,651.0,653.0,649.0,649.0,2276,0.0,0.0
2024-10-16 09:35:00+09:00,649.0,651.0,649.0,651.0,0,0.0,0.0
2024-10-16 09:40:00+09:00,649.0,651.0,643.0,643.0,1540,0.0,0.0
2024-10-16 09:50:00+09:00,643.0,643.0,643.0,643.0,351,0.0,0.0
2024-10-16 09:55:00+09:00,648.0,648.0,648.0,648.0,0,0.0,0.0
2024-10-16 10:00:00+09:00,645.0,648.0,645.0,646.0,631,0.0,0.0
2024-10-16 10:05:00+09:00,646.0,646.0,646.0,646.0,0,0.0,0.0
2024-10-16 10:10:00+09:00,647.0,647.0,646.0,646.0,445,0.0,0.0
2024-10-16 10:15:00+09:00,646.0,646.0,646.0,646.0,31,0.0,0.0
2024-10-16 10:20:00+09:00,645.0,645.0,644.0,644.0,79,0.0,0.0
2024-10-16 10:25:00+09:00,645.0,645.0,641.0,641.0,2049,0.0,0.0
2024-10-16 10:30:00+09:00,644.0,644.0,644.0,644.0,0,0.0,0.0
2024-10-16 10:35:00+09:00,644.0,644.0,644.0,644.0,31,0.0,0.0
2024-10-16 10:40:00+09:00,644.0,644.0,640.0,640.0,20834,0.0,0.0
2024-10-16 10:45:00+09:00,641.0,641.0,632.0,632.0,12489,0.0,0.0
2024-10-16 10:50:00+09:00,636.0,636.0,636.0,636.0,0,0.0,0.0
2024-10-16 11:00:00+09:00,640.0,640.0,640.0,640.0,0,0.0,0.0
2024-10-16 11:15:00+09:00,640.0,640.0,640.0,640.0,31,0.0,0.0
2024-10-16 11:20:00+09:00,640.0,641.0,637.0,637.0,1527,0.0,0.0
2024-10-16 11:25:00+09:00,641.0,641.0,641.0,641.0,0,0.0,0.0
2024-10-16 12:00:00+09:00,639.0,639.0,639.0,639.0,511,0.0,0.0
2024-10-16 12:05:00+09:00,639.0,639.0,639.0,639.0,51,0.0,0.0
2024-10-16 12:10:00+09:00,639.0,639.0,639.0,639.0,10,0.0,0.0
2024-10-16 12:20:00+09:00,639.0,640.0,639.0,640.0,2,0.0,0.0
2024-10-16 12:25:00+09:00,638.0,638.0,638.0,638.0,600,0.0,0.0
2024-10-16 12:30:00+09:00,639.0,639.0,638.0,638.0,606,0.0,0.0
2024-10-16 12:35:00+09:00,637.0,638.0,637.0,637.0,1006,0.0,0.0
2024-10-16 12:40:00+09:00,637.0,637.0,637.0,637.0,2014,0.0,0.0
2024-10-16 12:50:00+09:00,637.0,637.0,637.0,637.0,170,0.0,0.0
2024-10-16 13:05:00+09:00,639.0,639.0,639.0,639.0,972,0.0,0.0
2024-10-16 13:10:00+09:00,638.0,638.0,638.0,638.0,2001,0.0,0.0
2024-10-16 13:30:00+09:00,637.0,640.0,637.0,640.0,4208,0.0,0.0
2024-10-16 13:35:00+09:00,640.0,640.0,640.0,640.0,0,0.0,0.0
2024-10-16 13:40:00+09:00,637.0,637.0,637.0,637.0,100,0.0,0.0
2024-10-16 13:45:00+09:00,640.0,640.0,640.0,640.0,0,0.0,0.0
2024-10-16 13:50:00+09:00,640.0,640.0,640.0,640.0,470,0.0,0.0
2024-10-16 13:55:00+09:00,640.0,640.0,640.0,640.0,2938,0.0,0.0
2024-10-16 14:00:00+09:00,638.0,639.0,638.0,638.0,0,0.0,0.0
2024-10-16 14:05:00+09:00,638.0,639.0,638.0,639.0,0,0.0,0.0
2024-10-16 14:10:00+09:00,640.0,640.0,640.0,640.0,0,0.0,0.0
2024-10-16 14:15:00+09:00,639.0,640.0,639.0,640.0,1829,0.0,0.0
2024-10-16 14:25:00+09:00,638.0,646.0,638.0,646.0,2210,0.0,0.0
2024-10-16 14:40:00+09:00,644.0,644.0,644.0,644.0,0,0.0,0.0
2024-10-16 14:50:00+09:00,646.0,646.0,646.0,646.0,812,0.0,0.0
2024-10-17 09:00:00+09:00,635.0,640.0,635.0,635.0,6435,0.0,0.0
2024-10-17 09:05:00+09:00,635.0,640.0,635.0,640.0,1977,0.0,0.0
2024-10-17 09:10:00+09:00,640.0,640.0,640.0,640.0,209,0.0,0.0
2024-10-17 09:15:00+09:00,637.0,637.0,634.0,637.0,5489,0.0,0.0
2024-10-17 09:20:00+09:00,636.0,636.0,636.0,636.0,8,0.0,0.0
2024-10-17 09:25:00+09:00,635.0,637.0,634.0,637.0,611,0.0,0.0
2024-10-17 09:35:00+09:00,636.0,637.0,633.0,637.0,2081,0.0,0.0
2024-10-17 09:40:00+09:00,637.0,637.0,635.0,636.0,11,0.0,0.0
2024-10-17 09:45:00+09:00,635.0,636.0,635.0,636.0,504,0.0,0.0
2024-10-17 09:50:00+09:00,634.0,636.0,634.0,636.0,349,0.0,0.0
2024-10-17 09:55:00+09:00,637.0,637.0,636.0,636.0,258,0.0,0.0
2024-10-17 10:00:00+09:00,636.0,637.0,635.0,637.0,51,0.0,0.0
2024-10-17 10:05:00+09:00,635.0,635.0,630.0,630.0,30297,0.0,0.0
2024-10-17 10:10:00+09:00,630.0,630.0,620.0,625.0,58565,0.0,0.0
2024-10-17 10:15:00+09:00,624.0,631.0,617.0,629.0,25226,0.0,0.0
2024-10-17 10:20:00+09:00,629.0,631.0,627.0,628.0,12764,0.0,0.0
2024-10-17 10:25:00+09:00,629.0,629.0,629.0,629.0,0,0.0,0.0
2024-10-17 10:30:00+09:00,630.0,631.0,630.0,630.0,93,0.0,0.0
2024-10-17 10:35:00+09:00,630.0,630.0,629.0,630.0,436,0.0,0.0
2024-10-17 10:40:00+09:00,631.0,631.0,630.0,630.0,0,0.0,0.0
2024-10-17 10:45:00+09:00,629.0,630.0,628.0,630.0,903,0.0,0.0
2024-10-17 10:50:00+09:00,629.0,630.0,629.0,630.0,277,0.0,0.0
2024-10-17 11:00:00+09:00,631.0,631.0,631.0,631.0,0,0.0,0.0
2024-10-17 11:10:00+09:00,630.0,632.0,630.0,632.0,1,0.0,0.0
2024-10-17 11:20:00+09:00,630.0,630.0,630.0,630.0,146,0.0,0.0
2024-10-17 11:25:00+09:00,629.0,632.0,628.0,632.0,1444,0.0,0.0
2024-10-17 11:30:00+09:00,632.0,632.0,632.0,632.0,1,0.0,0.0
2024-10-17 11:35:00+09:00,628.0,628.0,628.0,628.0,4,0.0,0.0
2024-10-17 11:40:00+09:00,629.0,629.0,626.0,627.0,10179,0.0,0.0
2024-10-17 11:45:00+09:00,625.0,627.0,620.0,620.0,10050,0.0,0.0
2024-10-17 11:50:00+09:00,620.0,624.0,620.0,620.0,481,0.0,0.0
2024-10-17 11:55:00+09:00,624.0,625.0,624.0,625.0,46,0.0,0.0
2024-10-17 12:00:00+09:00,627.0,627.0,627.0,627.0,5042,0.0,0.0
2024-10-17 12:10:00+09:00,627.0,630.0,626.0,630.0,59,0.0,0.0
2024-10-17 12:15:00+09:00,630.0,630.0,630.0,630.0,3,0.0,0.0
2024-10-17 12:25:00+09:00,626.0,629.0,626.0,629.0,71,0.0,0.0
2024-10-17 12:30:00+09:00,626.0,626.0,625.0,625.0,2803,0.0,0.0
2024-10-17 12:35:00+09:00,628.0,629.0,628.0,629.0,1179,0.0,0.0
2024-10-17 12:40:00+09:00,628.0,628.0,628.0,628.0,0,0.0,0.0
2024-10-17 12:45:00+09:00,628.0,630.0,628.0,630.0,4003,0.0,0.0
2024-10-17 12:50:00+09:00,627.0,629.0,625.0,629.0,414,0.0,0.0
2024-10-17 12:55:00+09:00,629.0,629.0,622.0,623.0,20003,0.0,0.0
2024-10-17 13:00:00+09:00,624.0,627.0,622.0,623.0,1088,0.0,0.0
2024-10-17 13:05:00+09:00,624.0,624.0,624.0,624.0,0,0.0,0.0
2024-10-17 13:15:00+09:00,624.0,626.0,623.0,626.0,4016,0.0,0.0
2024-10-17 13:20:00+09:00,627.0,630.0,627.0,630.0,4295,0.0,0.0
2024-10-17 13:25:00+09:00,631.0,631.0,630.0,630.0,1221,0.0,0.0
2024-10-17 13:30:00+09:00,629.0,629.0,629.0,629.0,0,0.0,0.0
2024-10-17 13:35:00+09:00,629.0,629.0,629.0,629.0,12,0.0,0.0
2024-10-17 13:40:00+09:00,629.0,630.0,627.0,627.0,379,0.0,0.0
2024-10-17 13:45:00+09:00,627.0,627.0,627.0,627.0,997,0.0,0.0
2024-10-17 13:50:00+09:00,628.0,629.0,627.0,627.0,7298,0.0,0.0
2024-10-17 14:00:00+09:00,625.0,626.0,625.0,626.0,0,0.0,0.0
2024-10-17 14:05:00+09:00,626.0,626.0,625.0,625.0,499,0.0,0.0
2024-10-17 14:15:00+09:00,626.0,630.0,626.0,629.0,6313,0.0,0.0
2024-10-17 14:25:00+09:00,629.0,629.0,629.0,629.0,1706,0.0,0.0
2024-10-17 14:30:00+09:00,629.0,629.0,627.0,627.0,13,0.0,0.0
2024-10-17 14:35:00+09:00,627.0,627.0,627.0,627.0,121,0.0,0.0
2024-10-17 14:40:00+09:00,626.0,627.0,626.0,627.0,1581,0.0,0.0
2024-10-17 14:45:00+09:00,626.0,627.0,626.0,627.0,301,0.0,0.0
2024-10-17 14:50:00+09:00,626.0,627.0,626.0,627.0,13,0.0,0.0
2024-10-17 14:55:00+09:00,627.0,628.0,627.0,628.0,21,0.0,0.0
2024-10-18 09:00:00+09:00,625.0,626.0,625.0,625.0,4712,0.0,0.0
2024-10-18 09:05:00+09:00,626.0,627.0,625.0,625.0,3631,0.0,0.0
2024-10-18 09:10:00+09:00,625.0,627.0,624.0,627.0,0,0.0,0.0
2024-10-18 09:15:00+09:00,626.0,627.0,626.0,627.0,17,0.0,0.0
2024-10-18 09:20:00+09:00,625.0,626.0,624.0,626.0,2557,0.0,0.0
2024-10-18 09:25:00+09:00,625.0,626.0,625.0,626.0,34,0.0,0.0
2024-10-18 09:30:00+09:00,627.0,629.0,627.0,629.0,338,0.0,0.0
2024-10-18 09:35:00+09:00,629.0,629.0,629.0,629.0,30,0.0,0.0
2024-10-18 09:40:00+09:00,629.0,629.0,629.0,629.0,312,0.0,0.0
2024-10-18 09:45:00+09:00,629.0,629.0,627.0,627.0,162,0.0,0.0
2024-10-18 09:50:00+09:00,627.0,627.0,627.0,627.0,12,0.0,0.0
2024-10-18 09:55:00+09:00,627.0,627.0,627.0,627.0,887,0.0,0.0
2024-10-18 10:00:00+09:00,626.0,627.0,626.0,627.0,0,0.0,0.0
2024-10-18 10:05:00+09:00,627.0,627.0,626.0,626.0,2027,0.0,0.0
2024-10-18 10:10:00+09:00,626.0,626.0,625.0,625.0,1100,0.0,0.0
2024-10-18 10:20:00+09:00,625.0,625.0,625.0,625.0,20,0.0,0.0
2024-10-18 10:25:00+09:00,625.0,625.0,625.0,625.0,230,0.0,0.0
2024-10-18 10:30:00+09:00,625.0,627.0,625.0,627.0,396,0.0,0.0
2024-10-18 10:35:00+09:00,626.0,627.0,626.0,627.0,12,0.0,0.0
2024-10-18 10:40:00+09:00,626.0,626.0,626.0,626.0,611,0.0,0.0
2024-10-18 10:45:00+09:00,626.0,626.0,626.0,626.0,0,0.0,0.0
2024-10-18 10:50:00+09:00,626.0,626.0,626.0,626.0,4,0.0,0.0
2024-10-18 10:55:00+09:00,626.0,626.0,626.0,626.0,28,0.0,0.0
2024-10-18 11:00:00+09:00,626.0,627.0,626.0,627.0,10,0.0,0.0
2024-10-18 11:05:00+09:00,626.0,626.0,626.0,626.0,2130,0.0,0.0
2024-10-18 11:10:00+09:00,625.0,625.0,625.0,625.0,2324,0.0,0.0
2024-10-18 11:15:00+09:00,624.0,624.0,623.0,623.0,9355,0.0,0.0
2024-10-18 11:20:00+09:00,623.0,623.0,622.0,622.0,914,0.0,0.0
2024-10-18 11:25:00+09:00,622.0,622.0,621.0,622.0,2001,0.0,0.0
2024-10-18 11:35:00+09:00,623.0,623.0,623.0,623.0,48,0.0,0.0
2024-10-18 11:40:00+09:00,623.0,624.0,623.0,623.0,56,0.0,0.0
2024-10-18 11:45:00+09:00,625.0,626.0,623.0,626.0,204,0.0,0.0
2024-10-18 11:50:00+09:00,624.0,626.0,624.0,624.0,55,0.0,0.0
2024-10-18 11:55:00+09:00,626.0,626.0,626.0,626.0,311,0.0,0.0
2024-10-18 12:00:00+09:00,625.0,625.0,625.0,625.0,0,0.0,0.0
2024-10-18 12:05:00+09:00,625.0,625.0,624.0,624.0,2636,0.0,0.0
2024-10-18 12:10:00+09:00,623.0,624.0,623.0,624.0,1577,0.0,0.0
2024-10-18 12:15:00+09:00,623.0,623.0,623.0,623.0,149,0.0,0.0
2024-10-18 12:20:00+09:00,624.0,624.0,624.0,624.0,51,0.0,0.0
2024-10-18 12:25:00+09:00,624.0,624.0,623.0,624.0,50,0.0,0.0
2024-10-18 12:30:00+09:00,623.0,623.0,623.0,623.0,250,0.0,0.0
2024-10-18 12:35:00+09:00,624.0,624.0,623.0,624.0,15,0.0,0.0
2024-10-18 12:40:00+09:00,623.0,624.0,623.0,624.0,260,0.0,0.0
2024-10-18 12:45:00+09:00,623.0,623.0,623.0,623.0,11,0.0,0.0
2024-10-18 12:50:00+09:00,624.0,624.0,623.0,623.0,25,0.0,0.0
2024-10-18 12:55:00+09:00,623.0,623.0,623.0,623.0,37,0.0,0.0
2024-10-18 13:00:00+09:00,624.0,624.0,623.0,623.0,2861,0.0,0.0
2024-10-18 13:05:00+09:00,623.0,623.0,623.0,623.0,56,0.0,0.0
2024-10-18 13:10:00+09:00,624.0,624.0,624.0,624.0,4201,0.0,0.0
2024-10-18 13:15:00+09:00,624.0,624.0,624.0,624.0,0,0.0,0.0
2024-10-18 13:20:00+09:00,625.0,625.0,623.0,623.0,0,0.0,0.0
2024-10-18 13:25:00+09:00,623.0,624.0,623.0,624.0,4657,0.0,0.0
2024-10-18 13:30:00+09:00,623.0,624.0,623.0,624.0,62,0.0,0.0
2024-10-18 13:35:00+09:00,623.0,624.0,623.0,624.0,684,0.0,0.0
2024-10-18 13:40:00+09:00,623.0,623.0,623.0,623.0,1830,0.0,0.0
2024-10-18 13:45:00+09:00,622.0,625.0,622.0,625.0,6966,0.0,0.0
2024-10-18 13:55:00+09:00,622.0,622.0,622.0,622.0,3388,0.0,0.0
2024-10-18 14:00:00+09:00,622.0,622.0,622.0,622.0,0,0.0,0.0
2024-10-18 14:05:00+09:00,622.0,625.0,620.0,625.0,8676,0.0,0.0
2024-10-18 14:10:00+09:00,625.0,625.0,625.0,625.0,206,0.0,0.0
2024-10-18 14:30:00+09:00,622.0,622.0,621.0,621.0,509,0.0,0.0
2024-10-18 14:35:00+09:00,625.0,625.0,625.0,625.0,0,0.0,0.0
2024-10-18 14:55:00+09:00,625.0,625.0,625.0,625.0,9,0.0,0.0
2024-10-21 09:00:00+09:00,618.0,620.0,618.0,620.0,0,0.0,0.0
2024-10-21 09:05:00+09:00,620.0,620.0,619.0,619.0,1962,0.0,0.0
2024-10-21 09:10:00+09:00,620.0,620.0,618.0,619.0,3665,0.0,0.0
2024-10-21 09:15:00+09:00,618.0,619.0,616.0,616.0,8796,0.0,0.0
2024-10-21 09:20:00+09:00,616.0,616.0,615.0,615.0,3567,0.0,0.0
2024-10-21 09:25:00+09:00,614.0,616.0,613.0,616.0,4617,0.0,0.0
2024-10-21 09:30:00+09:00,617.0,618.0,616.0,617.0,4916,0.0,0.0
2024-10-21 09:35:00+09:00,617.0,617.0,616.0,616.0,3624,0.0,0.0
2024-10-21 09:40:00+09:00,617.0,617.0,609.0,609.0,21060,0.0,0.0
2024-10-21 09:45:00+09:00,611.0,612.0,607.0,607.0,12548,0.0,0.0
2024-10-21 09:50:00+09:00,607.0,608.0,603.0,603.0,18675,0.0,0.0
2024-10-21 09:55:00+09:00,602.0,602.0,592.0,596.0,35195,0.0,0.0
2024-10-21 10:00:00+09:00,596.0,596.0,586.0,594.0,88069,0.0,0.0
2024-10-21 10:05:00+09:00,590.0,593.0,587.0,591.0,11565,0.0,0.0
2024-10-21 10:10:00+09:00,593.0,593.0,592.0,593.0,912,0.0,0.0
2024-10-21 10:15:00+09:00,593.0,595.0,591.0,595.0,2231,0.0,0.0
2024-10-21 10:20:00+09:00,595.0,596.0,585.0,585.0,11467,0.0,0.0
2024-10-21 10:25:00+09:00,587.0,593.0,585.0,593.0,6139,0.0,0.0
2024-10-21 10:30:00+09:00,593.0,593.0,592.0,592.0,1806,0.0,0.0
2024-10-21 10:35:00+09:00,592.0,592.0,592.0,592.0,1009,0.0,0.0
2024-10-21 10:40:00+09:00,593.0,593.0,588.0,589.0,6311,0.0,0.0
2024-10-21 10:45:00+09:00,589.0,592.0,589.0,590.0,10900,0.0,0.0
2024-10-21 10:50:00+09:00,593.0,593.0,593.0,593.0,0,0.0,0.0
2024-10-21 10:55:00+09:00,593.0,593.0,591.0,591.0,211,0.0,0.0
2024-10-21 11:00:00+09:00,593.0,593.0,586.0,587.0,21151,0.0,0.0
2024-10-21 11:05:00+09:00,587.0,587.0,573.0,585.0,20631,0.0,0.0
2024-10-21 11:10:00+09:00,583.0,584.0,579.0,584.0,649,0.0,0.0
2024-10-21 11:15:00+09:00,584.0,585.0,582.0,582.0,111,0.0,0.0
2024-10-21 11:20:00+09:00,582.0,582.0,577.0,578.0,9710,0.0,0.0
2024-10-21 11:25:00+09:00,582.0,582.0,579.0,580.0,7666,0.0,0.0
2024-10-21 11:30:00+09:00,583.0,585.0,583.0,585.0,1322,0.0,0.0
2024-10-21 11:35:00+09:00,585.0,589.0,585.0,589.0,3630,0.0,0.0
2024-10-21 11:40:00+09:00,590.0,590.0,583.0,590.0,6863,0.0,0.0
2024-10-21 11:45:00+09:00,585.0,585.0,584.0,585.0,110,0.0,0.0
2024-10-21 11:50:00+09:00,585.0,586.0,580.0,585.0,12640,0.0,0.0
2024-10-21 11:55:00+09:00,586.0,586.0,576.0,576.0,32154,0.0,0.0
2024-10-21 12:00:00+09:00,576.0,580.0,573.0,578.0,26455,0.0,0.0
2024-10-21 12:05:00+09:00,578.0,581.0,575.0,581.0,13350,0.0,0.0
2024-10-21 12:10:00+09:00,580.0,580.0,575.0,578.0,6604,0.0,0.0
2024-10-21 12:15:00+09:00,578.0,585.0,578.0,585.0,25175,0.0,0.0
2024-10-21 12:20:00+09:00,584.0,584.0,583.0,583.0,97,0.0,0.0
2024-10-21 12:25:00+09:00,584.0,584.0,583.0,583.0,616,0.0,0.0
2024-10-21 12:30:00+09:00,583.0,583.0,583.0,583.0,275,0.0,0.0
2024-10-21 12:35:00+09:00,584.0,590.0,583.0,583.0,6661,0.0,0.0
2024-10-21 12:40:00+09:00,583.0,584.0,583.0,584.0,583,0.0,0.0
2024-10-21 12:45:00+09:00,586.0,587.0,585.0,587.0,226,0.0,0.0
2024-10-21 12:50:00+09:00,585.0,586.0,582.0,586.0,9185,0.0,0.0
2024-10-21 12:55:00+09:00,585.0,586.0,583.0,583.0,639,0.0,0.0
2024-10-21 13:00:00+09:00,583.0,584.0,583.0,584.0,4271,0.0,0.0
2024-10-21 13:05:00+09:00,584.0,585.0,584.0,585.0,0,0.0,0.0
2024-10-21 13:10:00+09:00,582.0,583.0,582.0,583.0,309,0.0,0.0
2024-10-21 13:15:00+09:00,583.0,583.0,579.0,579.0,4118,0.0,0.0
2024-10-21 13:20:00+09:00,583.0,583.0,583.0,583.0,0,0.0,0.0
2024-10-21 13:25:00+09:00,582.0,583.0,579.0,580.0,2298,0.0,0.0
2024-10-21 13:30:00+09:00,580.0,580.0,577.0,579.0,20272,0.0,0.0
2024-10-21 13:35:00+09:00,579.0,585.0,578.0,583.0,29601,0.0,0.0
2024-10-21 13:40:00+09:00,583.0,583.0,583.0,583.0,71,0.0,0.0
2024-10-21 13:45:00+09:00,579.0,583.0,579.0,579.0,60,0.0,0.0
2024-10-21 13:50:00+09:00,582.0,582.0,582.0,582.0,5,0.0,0.0
2024-10-21 13:55:00+09:00,579.0,582.0,574.0,578.0,25531,0.0,0.0
2024-10-21 14:00:00+09:00,578.0,578.0,574.0,577.0,3505,0.0,0.0
2024-10-21 14:05:00+09:00,578.0,580.0,578.0,580.0,3357,0.0,0.0
2024-10-21 14:10:00+09:00,580.0,580.0,578.0,579.0,828,0.0,0.0
2024-10-21 14:15:00+09:00,579.0,580.0,579.0,580.0,393,0.0,0.0
2024-10-21 14:20:00+09:00,580.0,580.0,579.0,580.0,1668,0.0,0.0
2024-10-21 14:25:00+09:00,580.0,580.0,579.0,579.0,2668,0.0,0.0
2024-10-21 14:30:00+09:00,579.0,579.0,578.0,578.0,9066,0.0,0.0
2024-10-21 14:35:00+09:00,578.0,580.0,578.0,580.0,902,0.0,0.0
2024-10-21 14:40:00+09:00,580.0,580.0,578.0,578.0,4403,0.0,0.0
2024-10-21 14:45:00+09:00,578.0,578.0,576.0,576.0,20315,0.0,0.0
2024-10-21 14:50:00+09:00,576.0,578.0,575.0,575.0,3663,0.0,0.0
2024-10-21 14:55:00+09:00,576.0,580.0,576.0,578.0,6092,0.0,0.0
2024-10-22 09:00:00+09:00,576.0,588.0,576.0,588.0,15549,0.0,0.0
2024-10-22 09:05:00+09:00,582.0,582.0,578.0,580.0,2957,0.0,0.0
2024-10-22 09:10:00+09:00,577.0,578.0,573.0,577.0,9931,0.0,0.0
2024-10-22 09:15:00+09:00,577.0,577.0,569.0,573.0,14575,0.0,0.0
2024-10-22 09:20:00+09:00,574.0,578.0,574.0,574.0,1324,0.0,0.0
2024-10-22 09:25:00+09:00,573.0,576.0,570.0,575.0,617,0.0,0.0
2024-10-22 09:30:00+09:00,575.0,576.0,573.0,575.0,237,0.0,0.0
2024-10-22 09:35:00+09:00,574.0,575.0,571.0,574.0,2467,0.0,0.0
2024-10-22 09:40:00+09:00,571.0,573.0,567.0,567.0,14636,0.0,0.0
2024-10-22 09:45:00+09:00,566.0,570.0,565.0,569.0,17047,0.0,0.0
2024-10-22 09:50:00+09:00,567.0,569.0,559.0,559.0,23780,0.0,0.0
2024-10-22 09:55:00+09:00,559.0,560.0,559.0,559.0,5457,0.0,0.0
2024-10-22 10:00:00+09:00,559.0,567.0,559.0,567.0,3261,0.0,0.0
2024-10-22 10:05:00+09:00,567.0,567.0,560.0,566.0,1670,0.0,0.0
2024-10-22 10:10:00+09:00,566.0,566.0,561.0,564.0,208,0.0,0.0
2024-10-22 10:15:00+09:00,560.0,563.0,560.0,563.0,3024,0.0,0.0
2024-10-22 10:25:00+09:00,562.0,563.0,562.0,563.0,35,0.0,0.0
2024-10-22 10:30:00+09:00,562.0,562.0,555.0,555.0,16641,0.0,0.0
2024-10-22 10:35:00+09:00,557.0,562.0,556.0,562.0,2061,0.0,0.0
2024-10-22 10:40:00+09:00,558.0,562.0,557.0,562.0,1918,0.0,0.0
2024-10-22 10:45:00+09:00,562.0,562.0,556.0,556.0,7735,0.0,0.0
2024-10-22 10:55:00+09:00,557.0,557.0,557.0,557.0,0,0.0,0.0
2024-10-22 11:00:00+09:00,558.0,558.0,557.0,557.0,1297,0.0,0.0
2024-10-22 11:05:00+09:00,557.0,558.0,556.0,558.0,3657,0.0,0.0
2024-10-22 11:10:00+09:00,558.0,559.0,556.0,559.0,852,0.0,0.0
2024-10-22 11:15:00+09:00,558.0,558.0,558.0,558.0,60,0.0,0.0
2024-10-22 11:25:00+09:00,557.0,557.0,555.0,555.0,6606,0.0,0.0
2024-10-22 11:30:00+09:00,557.0,557.0,556.0,556.0,0,0.0,0.0
2024-10-22 11:35:00+09:00,557.0,560.0,557.0,557.0,354,0.0,0.0
2024-10-22 11:40:00+09:00,557.0,560.0,557.0,560.0,3,0.0,0.0
2024-10-22 11:45:00+09:00,559.0,559.0,559.0,559.0,105,0.0,0.0
2024-10-22 11:50:00+09:00,557.0,557.0,556.0,556.0,100,0.0,0.0
2024-10-22 12:00:00+09:00,557.0,558.0,557.0,557.0,505,0.0,0.0
2024-10-22 12:05:00+09:00,557.0,558.0,557.0,558.0,1614,0.0,0.0
2024-10-22 12:10:00+09:00,558.0,560.0,557.0,559.0,1651,0.0,0.0
2024-10-22 12:15:00+09:00,559.0,559.0,559.0,559.0,8,0.0,0.0
2024-10-22 12:20:00+09:00,559.0,560.0,558.0,558.0,15,0.0,0.0
2024-10-22 12:25:00+09:00,559.0,559.0,558.0,558.0,995,0.0,0.0
2024-10-22 12:30:00+09:00,557.0,558.0,557.0,557.0,0,0.0,0.0
2024-10-22 12:35:00+09:00,557.0,557.0,556.0,557.0,119,0.0,0.0
2024-10-22 12:40:00+09:00,556.0,557.0,555.0,555.0,6760,0.0,0.0
2024-10-22 12:45:00+09:00,555.0,555.0,552.0,552.0,8645,0.0,0.0
2024-10-22 12:50:00+09:00,553.0,555.0,553.0,555.0,1044,0.0,0.0
2024-10-22 12:55:00+09:00,553.0,553.0,553.0,553.0,2658,0.0,0.0
2024-10-22 13:00:00+09:00,554.0,555.0,552.0,552.0,6340,0.0,0.0
2024-10-22 13:05:00+09:00,553.0,553.0,552.0,553.0,525,0.0,0.0
2024-10-22 13:10:00+09:00,553.0,553.0,552.0,552.0,1528,0.0,0.0
2024-10-22 13:15:00+09:00,553.0,553.0,553.0,553.0,0,0.0,0.0
2024-10-22 13:20:00+09:00,552.0,553.0,552.0,553.0,212,0.0,0.0
2024-10-22 13:25:00+09:00,553.0,555.0,553.0,555.0,4489,0.0,0.0
2024-10-22 13:30:00+09:00,555.0,558.0,552.0,554.0,5014,0.0,0.0
2024-10-22 13:35:00+09:00,554.0,557.0,554.0,557.0,394,0.0,0.0
2024-10-22 13:40:00+09:00,557.0,559.0,557.0,559.0,2628,0.0,0.0
2024-10-22 13:45:00+09:00,558.0,559.0,558.0,559.0,465,0.0,0.0
2024-10-22 13:50:00+09:00,560.0,560.0,560.0,560.0,0,0.0,0.0
2024-10-22 13:55:00+09:00,559.0,559.0,559.0,559.0,201,0.0,0.0
2024-10-22 14:00:00+09:00,559.0,559.0,558.0,558.0,890,0.0,0.0
2024-10-22 14:05:00+09:00,558.0,559.0,558.0,559.0,27,0.0,0.0
2024-10-22 14:10:00+09:00,559.0,560.0,558.0,560.0,583,0.0,0.0
2024-10-22 14:15:00+09:00,558.0,559.0,557.0,559.0,1013,0.0,0.0
2024-10-22 14:20:00+09:00,558.0,558.0,558.0,558.0,404,0.0,0.0
2024-10-22 14:25:00+09:00,560.0,560.0,560.0,560.0,4178,0.0,0.0
2024-10-22 14:30:00+09:00,560.0,561.0,560.0,560.0,0,0.0,0.0
2024-10-22 14:35:00+09:00,560.0,563.0,560.0,563.0,1441,0.0,0.0
2024-10-22 14:40:00+09:00,562.0,564.0,562.0,564.0,3094,0.0,0.0
2024-10-22 14:45:00+09:00,562.0,562.0,562.0,562.0,131,0.0,0.0
2024-10-22 14:50:00+09:00,562.0,562.0,562.0,562.0,0,0.0,0.0
2024-10-22 14:55:00+09:00,560.0,561.0,560.0,561.0,21,0.0,0.0
2024-10-23 09:00:00+09:00,568.0,572.0,568.0,571.0,9252,0.0,0.0
2024-10-23 09:05:00+09:00,572.0,572.0,568.0,568.0,11683,0.0,0.0
2024-10-23 09:10:00+09:00,565.0,565.0,560.0,560.0,7939,0.0,0.0
2024-10-23 09:15:00+09:00,561.0,561.0,556.0,561.0,1256,0.0,0.0
2024-10-23 09:20:00+09:00,558.0,558.0,558.0,558.0,7,0.0,0.0
2024-10-23 09:25:00+09:00,558.0,558.0,558.0,558.0,12800,0.0,0.0
2024-10-23 09:30:00+09:00,561.0,565.0,558.0,564.0,77,0.0,0.0
2024-10-23 09:40:00+09:00,564.0,564.0,564.0,564.0,911,0.0,0.0
2024-10-23 09:45:00+09:00,564.0,564.0,564.0,564.0,9401,0.0,0.0
2024-10-23 09:50:00+09:00,560.0,560.0,560.0,560.0,0,0.0,0.0
2024-10-23 09:55:00+09:00,559.0,560.0,558.0,560.0,74,0.0,0.0
2024-10-23 10:00:00+09:00,559.0,559.0,557.0,558.0,2688,0.0,0.0
2024-10-23 10:05:00+09:00,559.0,560.0,559.0,560.0,4602,0.0,0.0
2024-10-23 10:10:00+09:00,564.0,564.0,560.0,560.0,0,0.0,0.0
2024-10-23 10:15:00+09:00,560.0,560.0,558.0,560.0,2197,0.0,0.0
2024-10-23 10:20:00+09:00,557.0,557.0,556.0,556.0,325,0.0,0.0
2024-10-23 10:25:00+09:00,556.0,557.0,556.0,557.0,820,0.0,0.0
2024-10-23 10:35:00+09:00,557.0,557.0,557.0,557.0,93,0.0,0.0
2024-10-23 10:40:00+09:00,557.0,559.0,557.0,559.0,2,0.0,0.0
2024-10-23 10:45:00+09:00,556.0,560.0,556.0,560.0,613,0.0,0.0
2024-10-23 10:50:00+09:00,559.0,560.0,557.0,557.0,368,0.0,0.0
2024-10-23 10:55:00+09:00,559.0,560.0,557.0,557.0,2018,0.0,0.0
2024-10-23 11:00:00+09:00,557.0,557.0,557.0,557.0,677,0.0,0.0
2024-10-23 11:05:00+09:00,557.0,557.0,557.0,557.0,14,0.0,0.0
2024-10-23 11:10:00+09:00,558.0,560.0,557.0,559.0,896,0.0,0.0
2024-10-23 11:15:00+09:00,560.0,560.0,560.0,560.0,0,0.0,0.0
2024-10-23 11:20:00+09:00,560.0,560.0,559.0,560.0,411,0.0,0.0
2024-10-23 11:25:00+09:00,560.0,560.0,560.0,560.0,0,0.0,0.0
2024-10-23 11:30:00+09:00,559.0,560.0,559.0,560.0,121,0.0,0.0
2024-10-23 11:50:00+09:00,560.0,560.0,560.0,560.0,249,0.0,0.0
2024-10-23 12:00:00+09:00,560.0,560.0,560.0,560.0,918,0.0,0.0
2024-10-23 12:05:00+09:00,560.0,560.0,559.0,559.0,2386,0.0,0.0
2024-10-23 12:10:00+09:00,560.0,560.0,560.0,560.0,0,0.0,0.0
2024-10-23 12:15:00+09:00,560.0,560.0,559.0,560.0,3278,0.0,0.0
2024-10-23 12:20:00+09:00,561.0,563.0,561.0,562.0,1121,0.0,0.0
2024-10-23 12:30:00+09:00,563.0,563.0,563.0,563.0,2,0.0,0.0
2024-10-23 12:40:00+09:00,563.0,563.0,562.0,562.0,272,0.0,0.0
2024-10-23 12:45:00+09:00,561.0,563.0,561.0,561.0,58,0.0,0.0
2024-10-23 12:50:00+09:00,561.0,561.0,560.0,560.0,3010,0.0,0.0
2024-10-23 12:55:00+09:00,560.0,560.0,560.0,560.0,1135,0.0,0.0
2024-10-23 13:00:00+09:00,559.0,559.0,557.0,557.0,4410,0.0,0.0
2024-10-23 13:05:00+09:00,558.0,558.0,557.0,558.0,601,0.0,0.0
2024-10-23 13:10:00+09:00,560.0,561.0,560.0,561.0,677,0.0,0.0
2024-10-23 13:20:00+09:00,561.0,561.0,561.0,561.0,10,0.0,0.0
2024-10-23 13:25:00+09:00,561.0,561.0,561.0,561.0,20,0.0,0.0
2024-10-23 13:30:00+09:00,561.0,561.0,558.0,558.0,236,0.0,0.0
2024-10-23 13:35:00+09:00,561.0,561.0,561.0,561.0,0,0.0,0.0
2024-10-23 13:40:00+09:00,561.0,561.0,561.0,561.0,2450,0.0,0.0
2024-10-23 13:45:00+09:00,561.0,562.0,559.0,561.0,353,0.0,0.0
2024-10-23 13:50:00+09:00,561.0,563.0,561.0,562.0,5321,0.0,0.0
2024-10-23 13:55:00+09:00,564.0,564.0,564.0,564.0,1994,0.0,0.0
2024-10-23 14:00:00+09:00,564.0,565.0,564.0,565.0,3105,0.0,0.0
2024-10-23 14:05:00+09:00,565.0,565.0,565.0,565.0,0,0.0,0.0
2024-10-23 14:10:00+09:00,565.0,566.0,563.0,566.0,2961,0.0,0.0
2024-10-23 14:15:00+09:00,566.0,566.0,564.0,566.0,116,0.0,0.0
2024-10-23 14:20:00+09:00,566.0,566.0,566.0,566.0,129,0.0,0.0
2024-10-23 14:25:00+09:00,566.0,566.0,566.0,566.0,427,0.0,0.0
2024-10-23 14:30:00+09:00,566.0,566.0,566.0,566.0,1441,0.0,0.0
2024-10-23 14:35:00+09:00,566.0,566.0,566.0,566.0,411,0.0,0.0
2024-10-23 14:40:00+09:00,565.0,566.0,565.0,565.0,12,0.0,0.0
2024-10-23 14:45:00+09:00,566.0,566.0,565.0,565.0,58,0.0,0.0
2024-10-23 14:50:00+09:00,565.0,565.0,565.0,565.0,0,0.0,0.0
2024-10-23 14:55:00+09:00,564.0,567.0,563.0,567.0,2095,0.0,0.0
2024-10-24 09:00:00+09:00,560.0,567.0,560.0,565.0,31848,0.0,0.0
2024-10-24 09:05:00+09:00,565.0,565.0,560.0,564.0,246,0.0,0.0
2024-10-24 09:10:00+09:00,564.0,564.0,560.0,563.0,7405,0.0,0.0
2024-10-24 09:15:00+09:00,563.0,563.0,559.0,559.0,5800,0.0,0.0
2024-10-24 09:20:00+09:00,560.0,561.0,560.0,560.0,800,0.0,0.0
2024-10-24 09:25:00+09:00,560.0,560.0,560.0,560.0,3751,0.0,0.0
2024-10-24 09:30:00+09:00,560.0,561.0,560.0,561.0,0,0.0,0.0
2024-10-24 09:35:00+09:00,560.0,561.0,560.0,561.0,96,0.0,0.0
2024-10-24 09:40:00+09:00,561.0,561.0,559.0,559.0,613,0.0,0.0
2024-10-24 09:45:00+09:00,560.0,560.0,559.0,559.0,65,0.0,0.0
2024-10-24 09:50:00+09:00,560.0,560.0,559.0,560.0,42,0.0,0.0
2024-10-24 09:55:00+09:00,560.0,560.0,557.0,559.0,2697,0.0,0.0
2024-10-24 10:00:00+09:00,558.0,559.0,557.0,559.0,156,0.0,0.0
2024-10-24 10:05:00+09:00,559.0,559.0,558.0,558.0,27,0.0,0.0
2024-10-24 10:10:00+09:00,557.0,557.0,557.0,557.0,1460,0.0,0.0
2024-10-24 10:15:00+09:00,557.0,557.0,554.0,554.0,2998,0.0,0.0
2024-10-24 10:20:00+09:00,554.0,557.0,553.0,557.0,1051,0.0,0.0
2024-10-24 10:25:00+09:00,557.0,560.0,557.0,557.0,3601,0.0,0.0
2024-10-24 10:30:00+09:00,557.0,560.0,554.0,554.0,0,0.0,0.0
2024-10-24 10:35:00+09:00,559.0,559.0,559.0,559.0,1,0.0,0.0
2024-10-24 10:40:00+09:00,559.0,560.0,559.0,560.0,26,0.0,0.0
2024-10-24 10:45:00+09:00,560.0,560.0,557.0,559.0,1005,0.0,0.0
2024-10-24 10:50:00+09:00,557.0,557.0,557.0,557.0,1044,0.0,0.0
2024-10-24 10:55:00+09:00,559.0,559.0,559.0,559.0,0,0.0,0.0
2024-10-24 11:00:00+09:00,560.0,560.0,560.0,560.0,501,0.0,0.0
2024-10-24 11:05:00+09:00,560.0,560.0,560.0,560.0,362,0.0,0.0
2024-10-24 11:10:00+09:00,559.0,559.0,557.0,558.0,1892,0.0,0.0
2024-10-24 11:15:00+09:00,557.0,557.0,556.0,556.0,1012,0.0,0.0
2024-10-24 11:20:00+09:00,558.0,558.0,558.0,558.0,2,0.0,0.0
2024-10-24 11:30:00+09:00,557.0,557.0,557.0,557.0,47,0.0,0.0
2024-10-24 11:35:00+09:00,558.0,558.0,557.0,557.0,616,0.0,0.0
2024-10-24 11:40:00+09:00,557.0,557.0,556.0,556.0,3459,0.0,0.0
2024-10-24 11:45:00+09:00,557.0,557.0,556.0,557.0,3031,0.0,0.0
2024-10-24 11:50:00+09:00,556.0,556.0,556.0,556.0,22,0.0,0.0
2024-10-24 11:55:00+09:00,557.0,557.0,556.0,557.0,57,0.0,0.0
2024-10-24 12:00:00+09:00,558.0,558.0,558.0,558.0,1,0.0,0.0
2024-10-24 12:05:00+09:00,558.0,558.0,557.0,557.0,311,0.0,0.0
2024-10-24 12:10:00+09:00,557.0,558.0,557.0,558.0,67,0.0,0.0
2024-10-24 12:20:00+09:00,558.0,558.0,557.0,557.0,39,0.0,0.0
2024-10-24 12:25:00+09:00,557.0,558.0,557.0,558.0,790,0.0,0.0
2024-10-24 12:30:00+09:00,560.0,560.0,560.0,560.0,108,0.0,0.0
2024-10-24 12:35:00+09:00,559.0,559.0,559.0,559.0,23,0.0,0.0
2024-10-24 12:40:00+09:00,559.0,559.0,559.0,559.0,603,0.0,0.0
2024-10-24 12:45:00+09:00,559.0,559.0,559.0,559.0,459,0.0,0.0
2024-10-24 12:50:00+09:00,559.0,559.0,559.0,559.0,3412,0.0,0.0
2024-10-24 12:55:00+09:00,559.0,559.0,558.0,558.0,0,0.0,0.0
2024-10-24 13:00:00+09:00,559.0,560.0,556.0,557.0,2393,0.0,0.0
2024-10-24 13:05:00+09:00,557.0,558.0,557.0,558.0,1083,0.0,0.0
2024-10-24 13:10:00+09:00,561.0,561.0,561.0,561.0,0,0.0,0.0
2024-10-24 13:15:00+09:00,558.0,560.0,558.0,560.0,126,0.0,0.0
2024-10-24 13:20:00+09:00,558.0,559.0,558.0,559.0,590,0.0,0.0
2024-10-24 13:25:00+09:00,559.0,559.0,558.0,558.0,24,0.0,0.0
2024-10-24 13:30:00+09:00,559.0,559.0,557.0,557.0,1755,0.0,0.0
2024-10-24 13:35:00+09:00,556.0,558.0,555.0,558.0,2380,0.0,0.0
2024-10-24 13:40:00+09:00,556.0,559.0,555.0,555.0,2156,0.0,0.0
2024-10-24 13:45:00+09:00,554.0,555.0,554.0,555.0,336,0.0,0.0
2024-10-24 13:50:00+09:00,555.0,557.0,555.0,556.0,1999,0.0,0.0
2024-10-24 13:55:00+09:00,556.0,557.0,556.0,557.0,4039,0.0,0.0
2024-10-24 14:00:00+09:00,555.0,556.0,555.0,556.0,919,0.0,0.0
2024-10-24 14:05:00+09:00,556.0,556.0,556.0,556.0,185,0.0,0.0
2024-10-24 14:10:00+09:00,555.0,556.0,555.0,556.0,17,0.0,0.0
2024-10-24 14:15:00+09:00,555.0,556.0,555.0,555.0,2175,0.0,0.0
2024-10-24 14:20:00+09:00,555.0,556.0,555.0,556.0,14,0.0,0.0
2024-10-24 14:25:00+09:00,555.0,556.0,555.0,555.0,2569,0.0,0.0
2024-10-24 14:30:00+09:00,556.0,556.0,555.0,556.0,2013,0.0,0.0
2024-10-24 14:35:00+09:00,555.0,556.0,554.0,555.0,1504,0.0,0.0
2024-10-24 14:40:00+09:00,555.0,555.0,555.0,555.0,0,0.0,0.0
2024-10-24 14:45:00+09:00,555.0,556.0,553.0,556.0,4389,0.0,0.0
2024-10-24 14:50:00+09:00,553.0,556.0,553.0,556.0,4318,0.0,0.0
2024-10-24 14:55:00+09:00,556.0,556.0,556.0,556.0,1999,0.0,0.0
2024-10-25 09:00:00+09:00,548.0,555.0,546.0,553.0,20924,0.0,0.0
2024-10-25 09:05:00+09:00,551.0,554.0,548.0,550.0,3555,0.0,0.0
2024-10-25 09:10:00+09:00,554.0,554.0,550.0,554.0,109,0.0,0.0
2024-10-25 09:15:00+09:00,552.0,554.0,550.0,553.0,2034,0.0,0.0
2024-10-25 09:20:00+09:00,554.0,554.0,553.0,554.0,162,0.0,0.0
2024-10-25 09:25:00+09:00,554.0,554.0,553.0,553.0,1339,0.0,0.0
2024-10-25 09:30:00+09:00,554.0,554.0,548.0,553.0,2212,0.0,0.0
2024-10-25 09:35:00+09:00,553.0,553.0,549.0,553.0,33,0.0,0.0
2024-10-25 09:40:00+09:00,553.0,553.0,549.0,550.0,975,0.0,0.0
2024-10-25 09:45:00+09:00,549.0,549.0,549.0,549.0,36,0.0,0.0
2024-10-25 09:50:00+09:00,549.0,549.0,545.0,545.0,6747,0.0,0.0
2024-10-25 09:55:00+09:00,546.0,551.0,545.0,551.0,132,0.0,0.0
2024-10-25 10:00:00+09:00,549.0,550.0,546.0,546.0,0,0.0,0.0
2024-10-25 10:05:00+09:00,549.0,550.0,549.0,550.0,2,0.0,0.0
2024-10-25 10:10:00+09:00,548.0,549.0,548.0,548.0,17,0.0,0.0
2024-10-25 10:15:00+09:00,548.0,548.0,546.0,546.0,124,0.0,0.0
2024-10-25 10:20:00+09:00,547.0,548.0,546.0,546.0,291,0.0,0.0
2024-10-25 10:25:00+09:00,546.0,546.0,546.0,546.0,71,0.0,0.0
2024-10-25 10:30:00+09:00,546.0,546.0,546.0,546.0,0,0.0,0.0
2024-10-25 10:35:00+09:00,546.0,546.0,545.0,545.0,1683,0.0,0.0
2024-10-25 10:40:00+09:00,546.0,546.0,544.0,544.0,5903,0.0,0.0
2024-10-25 10:45:00+09:00,544.0,546.0,542.0,546.0,2610,0.0,0.0
2024-10-25 10:50:00+09:00,545.0,545.0,545.0,545.0,22,0.0,0.0
2024-10-25 10:55:00+09:00,544.0,544.0,542.0,543.0,373,0.0,0.0
2024-10-25 11:00:00+09:00,542.0,546.0,537.0,537.0,14099,0.0,0.0
2024-10-25 11:05:00+09:00,536.0,538.0,535.0,538.0,7149,0.0,0.0
2024-10-25 11:10:00+09:00,538.0,539.0,536.0,536.0,1532,0.0,0.0
2024-10-25 11:15:00+09:00,539.0,546.0,538.0,546.0,619,0.0,0.0
2024-10-25 11:25:00+09:00,543.0,546.0,543.0,546.0,0,0.0,0.0
2024-10-25 11:35:00+09:00,545.0,545.0,544.0,544.0,6,0.0,0.0
2024-10-25 11:45:00+09:00,545.0,545.0,545.0,545.0,228,0.0,0.0
2024-10-25 11:50:00+09:00,545.0,545.0,545.0,545.0,200,0.0,0.0
2024-10-25 11:55:00+09:00,545.0,545.0,545.0,545.0,440,0.0,0.0
2024-10-25 12:05:00+09:00,541.0,543.0,541.0,541.0,2057,0.0,0.0
2024-10-25 12:10:00+09:00,545.0,546.0,545.0,546.0,1008,0.0,0.0
2024-10-25 12:20:00+09:00,545.0,545.0,542.0,542.0,501,0.0,0.0
2024-10-25 12:25:00+09:00,545.0,546.0,545.0,546.0,2587,0.0,0.0
2024-10-25 12:35:00+09:00,546.0,546.0,546.0,546.0,0,0.0,0.0
2024-10-25 12:40:00+09:00,544.0,544.0,544.0,544.0,90214,0.0,0.0
2024-10-25 12:55:00+09:00,546.0,546.0,546.0,546.0,0,0.0,0.0
2024-10-25 13:00:00+09:00,548.0,548.0,548.0,548.0,17,0.0,0.0
2024-10-25 13:05:00+09:00,545.0,545.0,545.0,545.0,0,0.0,0.0
2024-10-25 13:15:00+09:00,544.0,544.0,542.0,542.0,88170,0.0,0.0
2024-10-25 13:20:00+09:00,543.0,548.0,543.0,548.0,299,0.0,0.0
2024-10-25 13:25:00+09:00,547.0,548.0,542.0,542.0,274,0.0,0.0
2024-10-25 13:30:00+09:00,547.0,547.0,547.0,547.0,0,0.0,0.0
2024-10-25 13:35:00+09:00,546.0,547.0,546.0,547.0,131,0.0,0.0
2024-10-25 13:45:00+09:00,543.0,546.0,543.0,546.0,14,0.0,0.0
2024-10-25 13:50:00+09:00,546.0,549.0,546.0,549.0,1478,0.0,0.0
2024-10-25 13:55:00+09:00,548.0,549.0,548.0,549.0,1263,0.0,0.0
2024-10-25 14:00:00+09:00,549.0,549.0,547.0,547.0,0,0.0,0.0
2024-10-25 14:05:00+09:00,548.0,548.0,548.0,548.0,1,0.0,0.0
2024-10-25 14:10:00+09:00,547.0,547.0,547.0,547.0,1778,0.0,0.0
2024-10-25 14:15:00+09:00,546.0,546.0,546.0,546.0,0,0.0,0.0
2024-10-25 14:20:00+09:00,546.0,546.0,546.0,546.0,382,0.0,0.0
2024-10-25 14:25:00+09:00,546.0,546.0,546.0,546.0,418,0.0,0.0
2024-10-25 14:35:00+09:00,546.0,546.0,546.0,546.0,81,0.0,0.0
2024-10-25 14:40:00+09:00,547.0,547.0,541.0,546.0,13985,0.0,0.0
2024-10-25 14:45:00+09:00,541.0,545.0,537.0,539.0,0,0.0,0.0
2024-10-25 14:50:00+09:00,543.0,543.0,543.0,543.0,239,0.0,0.0
2024-10-25 14:55:00+09:00,543.0,543.0,543.0,543.0,0,0.0,0.0
