Datetime,Open,High,Low,Close,Volume,Dividends,Stock Splits
2024-05-30 09:00:00+09:00,965.0,966.0,963.0,963.0,3000,0.0,0.0
2024-05-30 09:05:00+09:00,962.0,962.0,962.0,962.0,200,0.0,0.0
2024-05-30 09:10:00+09:00,962.0,963.0,956.0,957.0,2600,0.0,0.0
2024-05-30 09:15:00+09:00,957.0,957.0,952.0,953.0,1200,0.0,0.0
2024-05-30 09:20:00+09:00,953.0,955.0,953.0,954.0,2400,0.0,0.0
2024-05-30 09:25:00+09:00,956.0,959.0,956.0,959.0,2300,0.0,0.0
2024-05-30 09:30:00+09:00,958.0,958.0,956.0,956.0,900,0.0,0.0
2024-05-30 09:35:00+09:00,956.0,956.0,956.0,956.0,200,0.0,0.0
2024-05-30 09:45:00+09:00,955.0,955.0,953.0,954.0,2400,0.0,0.0
2024-05-30 09:50:00+09:00,953.0,953.0,949.0,949.0,6500,0.0,0.0
2024-05-30 09:55:00+09:00,948.0,949.0,946.0,949.0,7100,0.0,0.0
2024-05-30 10:00:00+09:00,949.0,952.0,949.0,951.0,500,0.0,0.0
2024-05-30 10:05:00+09:00,951.0,953.0,951.0,953.0,1200,0.0,0.0
2024-05-30 10:10:00+09:00,951.0,951.0,950.0,951.0,600,0.0,0.0
2024-05-30 10:15:00+09:00,950.0,950.0,949.0,949.0,200,0.0,0.0
2024-05-30 10:20:00+09:00,950.0,952.0,950.0,952.0,2000,0.0,0.0
2024-05-30 10:25:00+09:00,953.0,955.0,952.0,955.0,1700,0.0,0.0
2024-05-30 10:30:00+09:00,955.0,955.0,954.0,955.0,900,0.0,0.0
2024-05-30 10:35:00+09:00,954.0,956.0,954.0,956.0,700,0.0,0.0
2024-05-30 10:40:00+09:00,956.0,956.0,955.0,955.0,600,0.0,0.0
2024-05-30 10:45:00+09:00,955.0,955.0,954.0,954.0,400,0.0,0.0
2024-05-30 10:50:00+09:00,953.0,953.0,952.0,952.0,1100,0.0,0.0
2024-05-30 11:00:00+09:00,953.0,953.0,953.0,953.0,600,0.0,0.0
2024-05-30 11:05:00+09:00,952.0,952.0,952.0,952.0,200,0.0,0.0
2024-05-30 11:10:00+09:00,952.0,952.0,952.0,952.0,100,0.0,0.0
2024-05-30 11:15:00+09:00,952.0,954.0,952.0,954.0,700,0.0,0.0
2024-05-30 11:25:00+09:00,955.0,961.0,955.0,960.0,3200,0.0,0.0
2024-05-30 11:30:00+09:00,962.0,962.0,962.0,962.0,100,0.0,0.0
2024-05-30 11:35:00+09:00,962.0,962.0,962.0,962.0,0,0.0,0.0
2024-05-30 12:30:00+09:00,960.0,963.0,959.0,960.0,51300,0.0,0.0
2024-05-30 12:35:00+09:00,960.0,962.0,960.0,961.0,1400,0.0,0.0
2024-05-30 12:40:00+09:00,960.0,960.0,951.0,954.0,16000,0.0,0.0
2024-05-30 12:45:00+09:00,954.0,956.0,954.0,956.0,2200,0.0,0.0
2024-05-30 12:50:00+09:00,957.0,958.0,957.0,958.0,1700,0.0,0.0
2024-05-30 12:55:00+09:00,960.0,961.0,959.0,959.0,2800,0.0,0.0
2024-05-30 13:00:00+09:00,959.0,960.0,959.0,960.0,600,0.0,0.0
2024-05-30 13:05:00+09:00,961.0,961.0,960.0,960.0,1100,0.0,0.0
2024-05-30 13:10:00+09:00,961.0,961.0,960.0,960.0,500,0.0,0.0
2024-05-30 13:15:00+09:00,960.0,961.0,959.0,961.0,3100,0.0,0.0
2024-05-30 13:20:00+09:00,962.0,964.0,962.0,964.0,1700,0.0,0.0
2024-05-30 13:25:00+09:00,963.0,963.0,962.0,962.0,1200,0.0,0.0
2024-05-30 13:30:00+09:00,962.0,962.0,962.0,962.0,500,0.0,0.0
2024-05-30 13:35:00+09:00,962.0,962.0,962.0,962.0,400,0.0,0.0
2024-05-30 13:40:00+09:00,961.0,962.0,961.0,962.0,2000,0.0,0.0
2024-05-30 13:45:00+09:00,962.0,962.0,962.0,962.0,700,0.0,0.0
2024-05-30 13:55:00+09:00,961.0,962.0,961.0,962.0,1300,0.0,0.0
2024-05-30 14:00:00+09:00,963.0,963.0,963.0,963.0,300,0.0,0.0
2024-05-30 14:05:00+09:00,963.0,968.0,963.0,966.0,5400,0.0,0.0
2024-05-30 14:10:00+09:00,966.0,966.0,966.0,966.0,400,0.0,0.0
2024-05-30 14:15:00+09:00,965.0,965.0,965.0,965.0,100,0.0,0.0
2024-05-30 14:20:00+09:00,966.0,966.0,966.0,966.0,300,0.0,0.0
2024-05-30 14:25:00+09:00,965.0,965.0,965.0,965.0,900,0.0,0.0
2024-05-30 14:30:00+09:00,965.0,965.0,964.0,964.0,2900,0.0,0.0
2024-05-30 14:35:00+09:00,963.0,963.0,962.0,962.0,1200,0.0,0.0
2024-05-30 14:40:00+09:00,962.0,963.0,962.0,963.0,2100,0.0,0.0
2024-05-30 14:45:00+09:00,961.0,962.0,961.0,962.0,1900,0.0,0.0
2024-05-30 14:50:00+09:00,962.0,963.0,962.0,962.0,1000,0.0,0.0
2024-05-30 14:55:00+09:00,963.0,965.0,963.0,965.0,3400,0.0,0.0
2024-05-31 09:00:00+09:00,981.0,990.0,981.0,990.0,6200,0.0,0.0
2024-05-31 09:05:00+09:00,990.0,993.0,987.0,987.0,2900,0.0,0.0
2024-05-31 09:10:00+09:00,985.0,985.0,982.0,983.0,5500,0.0,0.0
2024-05-31 09:15:00+09:00,984.0,990.0,984.0,990.0,2300,0.0,0.0
2024-05-31 09:20:00+09:00,991.0,993.0,989.0,989.0,3000,0.0,0.0
2024-05-31 09:25:00+09:00,989.0,990.0,985.0,985.0,2900,0.0,0.0
2024-05-31 09:30:00+09:00,984.0,984.0,981.0,981.0,1600,0.0,0.0
2024-05-31 09:35:00+09:00,980.0,981.0,979.0,979.0,1400,0.0,0.0
2024-05-31 09:40:00+09:00,980.0,980.0,979.0,979.0,600,0.0,0.0
2024-05-31 09:45:00+09:00,978.0,978.0,975.0,975.0,800,0.0,0.0
2024-05-31 09:50:00+09:00,976.0,976.0,975.0,976.0,0,0.0,0.0
2024-05-31 09:55:00+09:00,975.0,975.0,975.0,975.0,29100,0.0,0.0
2024-05-31 10:00:00+09:00,975.0,975.0,973.0,973.0,3600,0.0,0.0
2024-05-31 10:15:00+09:00,973.0,974.0,973.0,974.0,500,0.0,0.0
2024-05-31 10:20:00+09:00,973.0,974.0,973.0,974.0,0,0.0,0.0
2024-05-31 10:30:00+09:00,973.0,974.0,973.0,974.0,35100,0.0,0.0
2024-05-31 10:35:00+09:00,974.0,974.0,974.0,974.0,200,0.0,0.0
2024-05-31 10:40:00+09:00,974.0,974.0,974.0,974.0,200,0.0,0.0
2024-05-31 10:45:00+09:00,974.0,975.0,974.0,975.0,400,0.0,0.0
2024-05-31 10:50:00+09:00,974.0,974.0,974.0,974.0,900,0.0,0.0
2024-05-31 11:00:00+09:00,974.0,974.0,974.0,974.0,400,0.0,0.0
2024-05-31 11:05:00+09:00,974.0,974.0,974.0,974.0,200,0.0,0.0
2024-05-31 11:10:00+09:00,973.0,973.0,973.0,973.0,200,0.0,0.0
2024-05-31 11:15:00+09:00,973.0,973.0,973.0,973.0,100,0.0,0.0
2024-05-31 11:25:00+09:00,974.0,978.0,974.0,976.0,4100,0.0,0.0
2024-05-31 11:30:00+09:00,977.0,977.0,977.0,977.0,100,0.0,0.0
2024-05-31 11:35:00+09:00,977.0,977.0,977.0,977.0,0,0.0,0.0
2024-05-31 12:30:00+09:00,982.0,982.0,979.0,980.0,46300,0.0,0.0
2024-05-31 12:35:00+09:00,980.0,982.0,980.0,982.0,400,0.0,0.0
2024-05-31 12:40:00+09:00,980.0,981.0,979.0,981.0,700,0.0,0.0
2024-05-31 13:00:00+09:00,985.0,986.0,985.0,986.0,5500,0.0,0.0
2024-05-31 13:05:00+09:00,986.0,986.0,986.0,986.0,700,0.0,0.0
2024-05-31 13:10:00+09:00,986.0,986.0,985.0,986.0,1000,0.0,0.0
2024-05-31 13:15:00+09:00,986.0,986.0,977.0,977.0,900,0.0,0.0
2024-05-31 13:20:00+09:00,985.0,985.0,984.0,984.0,2000,0.0,0.0
2024-05-31 13:30:00+09:00,985.0,985.0,985.0,985.0,100,0.0,0.0
2024-05-31 13:35:00+09:00,986.0,986.0,985.0,985.0,1600,0.0,0.0
2024-05-31 13:45:00+09:00,986.0,986.0,985.0,985.0,800,0.0,0.0
2024-05-31 13:50:00+09:00,984.0,984.0,984.0,984.0,600,0.0,0.0
2024-05-31 13:55:00+09:00,984.0,984.0,984.0,984.0,900,0.0,0.0
2024-05-31 14:00:00+09:00,985.0,985.0,984.0,984.0,1000,0.0,0.0
2024-05-31 14:05:00+09:00,985.0,987.0,985.0,987.0,5800,0.0,0.0
2024-05-31 14:10:00+09:00,986.0,988.0,986.0,988.0,3200,0.0,0.0
2024-05-31 14:15:00+09:00,987.0,987.0,986.0,986.0,800,0.0,0.0
2024-05-31 14:20:00+09:00,986.0,986.0,984.0,984.0,2000,0.0,0.0
2024-05-31 14:25:00+09:00,986.0,989.0,986.0,989.0,3400,0.0,0.0
2024-05-31 14:30:00+09:00,990.0,997.0,990.0,996.0,6100,0.0,0.0
2024-05-31 14:35:00+09:00,997.0,998.0,993.0,993.0,10000,0.0,0.0
2024-05-31 14:40:00+09:00,992.0,995.0,991.0,994.0,6600,0.0,0.0
2024-05-31 14:45:00+09:00,994.0,996.0,994.0,996.0,4700,0.0,0.0
2024-05-31 14:50:00+09:00,996.0,999.0,996.0,997.0,9800,0.0,0.0
2024-05-31 14:55:00+09:00,998.0,999.0,997.0,998.0,8400,0.0,0.0
2024-06-03 09:00:00+09:00,1002.0,1020.0,1002.0,1018.0,20900,0.0,0.0
2024-06-03 09:05:00+09:00,1016.0,1019.0,1016.0,1017.0,1600,0.0,0.0
2024-06-03 09:10:00+09:00,1016.0,1016.0,1012.0,1012.0,2900,0.0,0.0
2024-06-03 09:15:00+09:00,1012.0,1015.0,1011.0,1013.0,3500,0.0,0.0
2024-06-03 09:20:00+09:00,1015.0,1016.0,1015.0,1016.0,300,0.0,0.0
2024-06-03 09:25:00+09:00,1014.0,1014.0,1011.0,1011.0,2600,0.0,0.0
2024-06-03 09:30:00+09:00,1011.0,1012.0,1010.0,1010.0,3500,0.0,0.0
2024-06-03 09:35:00+09:00,1009.0,1009.0,1004.0,1005.0,6300,0.0,0.0
2024-06-03 09:40:00+09:00,1004.0,1004.0,1001.0,1003.0,4000,0.0,0.0
2024-06-03 09:45:00+09:00,1003.0,1003.0,1003.0,1003.0,200,0.0,0.0
2024-06-03 09:50:00+09:00,1003.0,1003.0,1003.0,1003.0,400,0.0,0.0
2024-06-03 09:55:00+09:00,1002.0,1003.0,1001.0,1003.0,1400,0.0,0.0
2024-06-03 10:00:00+09:00,1003.0,1005.0,1003.0,1005.0,1600,0.0,0.0
2024-06-03 10:05:00+09:00,1004.0,1004.0,1002.0,1002.0,900,0.0,0.0
2024-06-03 10:10:00+09:00,1001.0,1001.0,1000.0,1000.0,1600,0.0,0.0
2024-06-03 10:15:00+09:00,1000.0,1000.0,997.0,997.0,4000,0.0,0.0
2024-06-03 10:20:00+09:00,998.0,1000.0,998.0,1000.0,2100,0.0,0.0
2024-06-03 10:25:00+09:00,1000.0,1001.0,999.0,1001.0,300,0.0,0.0
2024-06-03 10:30:00+09:00,1000.0,1001.0,999.0,999.0,3200,0.0,0.0
2024-06-03 10:35:00+09:00,998.0,998.0,998.0,998.0,1000,0.0,0.0
2024-06-03 10:40:00+09:00,996.0,996.0,996.0,996.0,100,0.0,0.0
2024-06-03 10:45:00+09:00,997.0,997.0,996.0,996.0,1000,0.0,0.0
2024-06-03 10:50:00+09:00,996.0,997.0,996.0,997.0,1500,0.0,0.0
2024-06-03 11:00:00+09:00,996.0,996.0,996.0,996.0,1000,0.0,0.0
2024-06-03 11:05:00+09:00,996.0,998.0,996.0,998.0,1600,0.0,0.0
2024-06-03 11:10:00+09:00,996.0,996.0,996.0,996.0,100,0.0,0.0
2024-06-03 11:15:00+09:00,997.0,997.0,996.0,996.0,900,0.0,0.0
2024-06-03 11:20:00+09:00,995.0,995.0,994.0,994.0,1100,0.0,0.0
2024-06-03 11:25:00+09:00,994.0,994.0,993.0,993.0,300,0.0,0.0
2024-06-03 11:30:00+09:00,994.0,994.0,994.0,994.0,200,0.0,0.0
2024-06-03 11:35:00+09:00,994.0,994.0,994.0,994.0,0,0.0,0.0
2024-06-03 12:30:00+09:00,994.0,997.0,993.0,997.0,73900,0.0,0.0
2024-06-03 12:35:00+09:00,996.0,997.0,995.0,995.0,1800,0.0,0.0
2024-06-03 12:55:00+09:00,996.0,996.0,995.0,995.0,400,0.0,0.0
2024-06-03 13:00:00+09:00,995.0,996.0,995.0,996.0,500,0.0,0.0
2024-06-03 13:05:00+09:00,995.0,998.0,994.0,996.0,5100,0.0,0.0
2024-06-03 13:10:00+09:00,995.0,995.0,994.0,994.0,1100,0.0,0.0
2024-06-03 13:15:00+09:00,994.0,994.0,993.0,993.0,200,0.0,0.0
2024-06-03 13:20:00+09:00,993.0,993.0,992.0,992.0,400,0.0,0.0
2024-06-03 13:25:00+09:00,992.0,992.0,991.0,991.0,500,0.0,0.0
2024-06-03 13:30:00+09:00,991.0,991.0,991.0,991.0,900,0.0,0.0
2024-06-03 13:40:00+09:00,991.0,991.0,991.0,991.0,400,0.0,0.0
2024-06-03 13:45:00+09:00,991.0,991.0,991.0,991.0,100,0.0,0.0
2024-06-03 13:50:00+09:00,990.0,991.0,989.0,990.0,2500,0.0,0.0
2024-06-03 13:55:00+09:00,990.0,990.0,990.0,990.0,600,0.0,0.0
2024-06-03 14:00:00+09:00,990.0,990.0,990.0,990.0,200,0.0,0.0
2024-06-03 14:05:00+09:00,990.0,990.0,990.0,990.0,100,0.0,0.0
2024-06-03 14:10:00+09:00,990.0,990.0,989.0,990.0,1700,0.0,0.0
2024-06-03 14:15:00+09:00,991.0,991.0,990.0,990.0,200,0.0,0.0
2024-06-03 14:20:00+09:00,990.0,990.0,990.0,990.0,400,0.0,0.0
2024-06-03 14:25:00+09:00,989.0,990.0,989.0,990.0,200,0.0,0.0
2024-06-03 14:30:00+09:00,989.0,989.0,988.0,988.0,800,0.0,0.0
2024-06-03 14:35:00+09:00,988.0,988.0,988.0,988.0,1400,0.0,0.0
2024-06-03 14:40:00+09:00,987.0,988.0,986.0,988.0,2300,0.0,0.0
2024-06-03 14:45:00+09:00,987.0,987.0,986.0,987.0,800,0.0,0.0
2024-06-03 14:50:00+09:00,987.0,987.0,985.0,986.0,3200,0.0,0.0
2024-06-03 14:55:00+09:00,987.0,987.0,984.0,987.0,2500,0.0,0.0
2024-06-04 09:00:00+09:00,983.0,985.0,981.0,985.0,2500,0.0,0.0
2024-06-04 09:10:00+09:00,981.0,985.0,980.0,985.0,2100,0.0,0.0
2024-06-04 09:15:00+09:00,984.0,984.0,984.0,984.0,200,0.0,0.0
2024-06-04 09:20:00+09:00,985.0,986.0,985.0,986.0,700,0.0,0.0
2024-06-04 09:25:00+09:00,984.0,985.0,984.0,985.0,800,0.0,0.0
2024-06-04 09:30:00+09:00,984.0,984.0,984.0,984.0,800,0.0,0.0
2024-06-04 09:35:00+09:00,983.0,985.0,983.0,984.0,1200,0.0,0.0
2024-06-04 09:40:00+09:00,983.0,984.0,979.0,979.0,1700,0.0,0.0
2024-06-04 09:45:00+09:00,979.0,980.0,976.0,976.0,3300,0.0,0.0
2024-06-04 09:50:00+09:00,976.0,977.0,975.0,977.0,2300,0.0,0.0
2024-06-04 09:55:00+09:00,976.0,976.0,976.0,976.0,200,0.0,0.0
2024-06-04 10:00:00+09:00,975.0,975.0,975.0,975.0,400,0.0,0.0
2024-06-04 10:05:00+09:00,974.0,974.0,973.0,973.0,600,0.0,0.0
2024-06-04 10:10:00+09:00,973.0,975.0,973.0,975.0,300,0.0,0.0
2024-06-04 10:20:00+09:00,974.0,974.0,973.0,973.0,700,0.0,0.0
2024-06-04 10:25:00+09:00,974.0,974.0,974.0,974.0,300,0.0,0.0
2024-06-04 10:30:00+09:00,974.0,974.0,974.0,974.0,100,0.0,0.0
2024-06-04 10:50:00+09:00,974.0,975.0,973.0,975.0,2400,0.0,0.0
2024-06-04 10:55:00+09:00,974.0,974.0,974.0,974.0,100,0.0,0.0
2024-06-04 11:00:00+09:00,973.0,973.0,973.0,973.0,100,0.0,0.0
2024-06-04 11:05:00+09:00,973.0,974.0,973.0,973.0,800,0.0,0.0
2024-06-04 11:10:00+09:00,973.0,973.0,972.0,972.0,500,0.0,0.0
2024-06-04 11:20:00+09:00,973.0,974.0,973.0,973.0,800,0.0,0.0
2024-06-04 11:25:00+09:00,972.0,972.0,972.0,972.0,500,0.0,0.0
2024-06-04 11:30:00+09:00,972.0,972.0,972.0,972.0,200,0.0,0.0
2024-06-04 11:35:00+09:00,972.0,972.0,972.0,972.0,0,0.0,0.0
2024-06-04 12:30:00+09:00,974.0,976.0,972.0,975.0,31400,0.0,0.0
2024-06-04 12:35:00+09:00,975.0,976.0,975.0,975.0,1400,0.0,0.0
2024-06-04 12:40:00+09:00,975.0,975.0,974.0,974.0,1100,0.0,0.0
2024-06-04 12:45:00+09:00,975.0,976.0,975.0,975.0,1100,0.0,0.0
2024-06-04 12:50:00+09:00,975.0,975.0,975.0,975.0,1300,0.0,0.0
2024-06-04 12:55:00+09:00,974.0,975.0,974.0,975.0,1700,0.0,0.0
2024-06-04 13:00:00+09:00,975.0,976.0,974.0,976.0,1300,0.0,0.0
2024-06-04 13:05:00+09:00,976.0,982.0,976.0,981.0,4400,0.0,0.0
2024-06-04 13:10:00+09:00,981.0,981.0,980.0,980.0,1000,0.0,0.0
2024-06-04 13:15:00+09:00,980.0,980.0,980.0,980.0,800,0.0,0.0
2024-06-04 13:20:00+09:00,980.0,980.0,979.0,980.0,1800,0.0,0.0
2024-06-04 13:25:00+09:00,980.0,980.0,980.0,980.0,200,0.0,0.0
2024-06-04 13:30:00+09:00,979.0,979.0,977.0,977.0,800,0.0,0.0
2024-06-04 13:35:00+09:00,977.0,978.0,976.0,978.0,1500,0.0,0.0
2024-06-04 13:40:00+09:00,978.0,978.0,977.0,977.0,300,0.0,0.0
2024-06-04 13:45:00+09:00,978.0,978.0,978.0,978.0,200,0.0,0.0
2024-06-04 13:50:00+09:00,977.0,977.0,977.0,977.0,1900,0.0,0.0
2024-06-04 13:55:00+09:00,977.0,977.0,977.0,977.0,500,0.0,0.0
2024-06-04 14:00:00+09:00,977.0,977.0,977.0,977.0,700,0.0,0.0
2024-06-04 14:10:00+09:00,976.0,976.0,976.0,976.0,100,0.0,0.0
2024-06-04 14:15:00+09:00,976.0,977.0,976.0,977.0,1200,0.0,0.0
2024-06-04 14:25:00+09:00,976.0,976.0,976.0,976.0,600,0.0,0.0
2024-06-04 14:30:00+09:00,976.0,976.0,976.0,976.0,100,0.0,0.0
2024-06-04 14:35:00+09:00,976.0,979.0,976.0,979.0,3600,0.0,0.0
2024-06-04 14:40:00+09:00,978.0,979.0,977.0,979.0,2300,0.0,0.0
2024-06-04 14:45:00+09:00,978.0,979.0,977.0,978.0,3200,0.0,0.0
2024-06-04 14:50:00+09:00,977.0,977.0,977.0,977.0,200,0.0,0.0
2024-06-04 14:55:00+09:00,977.0,978.0,975.0,978.0,3000,0.0,0.0
2024-06-05 09:00:00+09:00,991.0,991.0,974.0,980.0,18600,0.0,0.0
2024-06-05 09:05:00+09:00,980.0,981.0,979.0,979.0,2200,0.0,0.0
2024-06-05 09:10:00+09:00,978.0,979.0,973.0,976.0,5900,0.0,0.0
2024-06-05 09:15:00+09:00,977.0,978.0,975.0,976.0,1400,0.0,0.0
2024-06-05 09:20:00+09:00,975.0,976.0,974.0,975.0,2200,0.0,0.0
2024-06-05 09:25:00+09:00,975.0,976.0,975.0,976.0,700,0.0,0.0
2024-06-05 09:30:00+09:00,976.0,980.0,976.0,980.0,5200,0.0,0.0
2024-06-05 09:35:00+09:00,979.0,979.0,977.0,978.0,4300,0.0,0.0
2024-06-05 09:40:00+09:00,979.0,979.0,977.0,977.0,1400,0.0,0.0
2024-06-05 09:45:00+09:00,977.0,980.0,976.0,980.0,4400,0.0,0.0
2024-06-05 09:50:00+09:00,980.0,980.0,977.0,977.0,2800,0.0,0.0
2024-06-05 09:55:00+09:00,977.0,979.0,977.0,979.0,1900,0.0,0.0
2024-06-05 10:00:00+09:00,979.0,979.0,979.0,979.0,400,0.0,0.0
2024-06-05 10:05:00+09:00,978.0,978.0,978.0,978.0,0,0.0,0.0
2024-06-05 10:10:00+09:00,978.0,978.0,977.0,977.0,52000,0.0,0.0
2024-06-05 10:15:00+09:00,977.0,977.0,976.0,977.0,500,0.0,0.0
2024-06-05 10:20:00+09:00,976.0,977.0,975.0,975.0,400,0.0,0.0
2024-06-05 10:30:00+09:00,975.0,975.0,973.0,973.0,3000,0.0,0.0
2024-06-05 10:35:00+09:00,972.0,973.0,972.0,973.0,200,0.0,0.0
2024-06-05 10:40:00+09:00,974.0,975.0,974.0,975.0,600,0.0,0.0
2024-06-05 10:45:00+09:00,975.0,975.0,974.0,974.0,300,0.0,0.0
2024-06-05 10:50:00+09:00,975.0,975.0,975.0,975.0,200,0.0,0.0
2024-06-05 11:00:00+09:00,974.0,975.0,974.0,974.0,1300,0.0,0.0
2024-06-05 11:05:00+09:00,975.0,975.0,975.0,975.0,200,0.0,0.0
2024-06-05 11:10:00+09:00,975.0,975.0,974.0,974.0,300,0.0,0.0
2024-06-05 11:15:00+09:00,974.0,974.0,972.0,974.0,3300,0.0,0.0
2024-06-05 11:20:00+09:00,974.0,974.0,974.0,974.0,500,0.0,0.0
2024-06-05 11:25:00+09:00,973.0,973.0,973.0,973.0,100,0.0,0.0
2024-06-05 11:30:00+09:00,975.0,975.0,975.0,975.0,200,0.0,0.0
2024-06-05 11:35:00+09:00,975.0,975.0,975.0,975.0,0,0.0,0.0
2024-06-05 12:30:00+09:00,971.0,974.0,971.0,974.0,65200,0.0,0.0
2024-06-05 12:35:00+09:00,975.0,975.0,973.0,974.0,3100,0.0,0.0
2024-06-05 12:40:00+09:00,975.0,975.0,973.0,974.0,3200,0.0,0.0
2024-06-05 12:45:00+09:00,974.0,974.0,973.0,974.0,700,0.0,0.0
2024-06-05 12:50:00+09:00,974.0,974.0,974.0,974.0,800,0.0,0.0
2024-06-05 12:55:00+09:00,974.0,974.0,974.0,974.0,200,0.0,0.0
2024-06-05 13:00:00+09:00,974.0,974.0,974.0,974.0,300,0.0,0.0
2024-06-05 13:05:00+09:00,974.0,974.0,974.0,974.0,1800,0.0,0.0
2024-06-05 13:10:00+09:00,974.0,974.0,974.0,974.0,100,0.0,0.0
2024-06-05 13:15:00+09:00,973.0,974.0,973.0,974.0,1100,0.0,0.0
2024-06-05 13:20:00+09:00,973.0,974.0,973.0,974.0,200,0.0,0.0
2024-06-05 13:25:00+09:00,973.0,973.0,972.0,972.0,700,0.0,0.0
2024-06-05 13:30:00+09:00,972.0,974.0,972.0,973.0,1000,0.0,0.0
2024-06-05 13:40:00+09:00,972.0,972.0,971.0,971.0,3100,0.0,0.0
2024-06-05 13:55:00+09:00,971.0,971.0,970.0,970.0,4300,0.0,0.0
2024-06-05 14:00:00+09:00,970.0,970.0,970.0,970.0,1500,0.0,0.0
2024-06-05 14:05:00+09:00,970.0,970.0,970.0,970.0,200,0.0,0.0
2024-06-05 14:10:00+09:00,970.0,970.0,970.0,970.0,100,0.0,0.0
2024-06-05 14:15:00+09:00,970.0,970.0,969.0,969.0,1000,0.0,0.0
2024-06-05 14:20:00+09:00,968.0,968.0,967.0,967.0,3400,0.0,0.0
2024-06-05 14:25:00+09:00,967.0,967.0,967.0,967.0,1700,0.0,0.0
2024-06-05 14:30:00+09:00,967.0,967.0,966.0,966.0,2500,0.0,0.0
2024-06-05 14:40:00+09:00,966.0,966.0,966.0,966.0,700,0.0,0.0
2024-06-05 14:45:00+09:00,966.0,967.0,966.0,967.0,900,0.0,0.0
2024-06-05 14:50:00+09:00,967.0,967.0,967.0,967.0,2500,0.0,0.0
2024-06-05 14:55:00+09:00,967.0,969.0,966.0,966.0,5800,0.0,0.0
2024-06-06 09:00:00+09:00,961.0,966.0,958.0,964.0,21800,0.0,0.0
2024-06-06 09:05:00+09:00,965.0,967.0,965.0,965.0,2700,0.0,0.0
2024-06-06 09:10:00+09:00,966.0,968.0,965.0,965.0,3000,0.0,0.0
2024-06-06 09:15:00+09:00,966.0,967.0,966.0,966.0,2500,0.0,0.0
2024-06-06 09:20:00+09:00,967.0,967.0,965.0,966.0,2100,0.0,0.0
2024-06-06 09:25:00+09:00,966.0,966.0,963.0,966.0,6100,0.0,0.0
2024-06-06 09:30:00+09:00,966.0,968.0,966.0,966.0,1300,0.0,0.0
2024-06-06 09:35:00+09:00,968.0,968.0,968.0,968.0,1100,0.0,0.0
2024-06-06 09:40:00+09:00,967.0,967.0,966.0,966.0,2300,0.0,0.0
2024-06-06 09:45:00+09:00,966.0,966.0,965.0,965.0,300,0.0,0.0
2024-06-06 09:50:00+09:00,965.0,965.0,964.0,964.0,1200,0.0,0.0
2024-06-06 09:55:00+09:00,963.0,963.0,962.0,963.0,1500,0.0,0.0
2024-06-06 10:00:00+09:00,962.0,963.0,962.0,963.0,2400,0.0,0.0
2024-06-06 10:05:00+09:00,963.0,963.0,962.0,962.0,0,0.0,0.0
2024-06-06 10:10:00+09:00,961.0,961.0,960.0,960.0,52800,0.0,0.0
2024-06-06 10:15:00+09:00,961.0,962.0,961.0,962.0,600,0.0,0.0
2024-06-06 10:20:00+09:00,963.0,964.0,963.0,964.0,700,0.0,0.0
2024-06-06 10:25:00+09:00,964.0,964.0,962.0,962.0,1500,0.0,0.0
2024-06-06 10:30:00+09:00,962.0,962.0,962.0,962.0,600,0.0,0.0
2024-06-06 10:35:00+09:00,962.0,962.0,962.0,962.0,200,0.0,0.0
2024-06-06 10:40:00+09:00,962.0,963.0,962.0,963.0,600,0.0,0.0
2024-06-06 10:45:00+09:00,963.0,963.0,963.0,963.0,200,0.0,0.0
2024-06-06 10:50:00+09:00,964.0,965.0,963.0,963.0,2800,0.0,0.0
2024-06-06 10:55:00+09:00,963.0,963.0,963.0,963.0,700,0.0,0.0
2024-06-06 11:00:00+09:00,962.0,962.0,961.0,961.0,700,0.0,0.0
2024-06-06 11:05:00+09:00,961.0,961.0,960.0,961.0,1000,0.0,0.0
2024-06-06 11:10:00+09:00,960.0,961.0,960.0,961.0,600,0.0,0.0
2024-06-06 11:25:00+09:00,960.0,960.0,959.0,959.0,4400,0.0,0.0
2024-06-06 11:30:00+09:00,960.0,960.0,960.0,960.0,200,0.0,0.0
2024-06-06 11:35:00+09:00,960.0,960.0,960.0,960.0,0,0.0,0.0
2024-06-06 12:30:00+09:00,962.0,968.0,961.0,968.0,79500,0.0,0.0
2024-06-06 12:35:00+09:00,967.0,967.0,966.0,967.0,2500,0.0,0.0
2024-06-06 12:40:00+09:00,967.0,967.0,966.0,966.0,1400,0.0,0.0
2024-06-06 12:45:00+09:00,966.0,966.0,966.0,966.0,400,0.0,0.0
2024-06-06 12:50:00+09:00,967.0,967.0,967.0,967.0,200,0.0,0.0
2024-06-06 12:55:00+09:00,966.0,966.0,964.0,964.0,2400,0.0,0.0
2024-06-06 13:00:00+09:00,964.0,964.0,963.0,963.0,300,0.0,0.0
2024-06-06 13:05:00+09:00,963.0,963.0,962.0,962.0,1100,0.0,0.0
2024-06-06 13:10:00+09:00,962.0,962.0,962.0,962.0,1100,0.0,0.0
2024-06-06 13:15:00+09:00,963.0,964.0,963.0,963.0,1000,0.0,0.0
2024-06-06 13:20:00+09:00,962.0,962.0,962.0,962.0,900,0.0,0.0
2024-06-06 13:25:00+09:00,962.0,962.0,962.0,962.0,100,0.0,0.0
2024-06-06 13:30:00+09:00,961.0,961.0,961.0,961.0,1300,0.0,0.0
2024-06-06 13:35:00+09:00,961.0,962.0,961.0,962.0,600,0.0,0.0
2024-06-06 13:40:00+09:00,961.0,961.0,961.0,961.0,700,0.0,0.0
2024-06-06 13:45:00+09:00,961.0,962.0,961.0,961.0,1500,0.0,0.0
2024-06-06 13:50:00+09:00,961.0,961.0,961.0,961.0,100,0.0,0.0
2024-06-06 13:55:00+09:00,960.0,960.0,960.0,960.0,1800,0.0,0.0
2024-06-06 14:00:00+09:00,960.0,960.0,960.0,960.0,900,0.0,0.0
2024-06-06 14:05:00+09:00,960.0,960.0,960.0,960.0,100,0.0,0.0
2024-06-06 14:10:00+09:00,960.0,961.0,960.0,961.0,1300,0.0,0.0
2024-06-06 14:15:00+09:00,962.0,962.0,961.0,962.0,2900,0.0,0.0
2024-06-06 14:20:00+09:00,962.0,962.0,962.0,962.0,100,0.0,0.0
2024-06-06 14:25:00+09:00,962.0,962.0,962.0,962.0,500,0.0,0.0
2024-06-06 14:30:00+09:00,962.0,962.0,962.0,962.0,300,0.0,0.0
2024-06-06 14:35:00+09:00,962.0,963.0,962.0,963.0,3700,0.0,0.0
2024-06-06 14:40:00+09:00,962.0,962.0,962.0,962.0,3500,0.0,0.0
2024-06-06 14:45:00+09:00,961.0,961.0,960.0,960.0,3600,0.0,0.0
2024-06-06 14:50:00+09:00,960.0,960.0,960.0,960.0,1900,0.0,0.0
2024-06-06 14:55:00+09:00,960.0,961.0,959.0,960.0,5100,0.0,0.0
2024-06-07 09:00:00+09:00,965.0,965.0,963.0,963.0,2600,0.0,0.0
2024-06-07 09:05:00+09:00,962.0,962.0,961.0,961.0,900,0.0,0.0
2024-06-07 09:10:00+09:00,961.0,962.0,960.0,962.0,900,0.0,0.0
2024-06-07 09:15:00+09:00,960.0,960.0,955.0,957.0,2500,0.0,0.0
2024-06-07 09:20:00+09:00,957.0,958.0,957.0,958.0,400,0.0,0.0
2024-06-07 09:25:00+09:00,958.0,959.0,958.0,959.0,200,0.0,0.0
2024-06-07 09:30:00+09:00,958.0,958.0,958.0,958.0,500,0.0,0.0
2024-06-07 09:35:00+09:00,958.0,958.0,958.0,958.0,200,0.0,0.0
2024-06-07 09:40:00+09:00,959.0,960.0,959.0,960.0,1000,0.0,0.0
2024-06-07 09:45:00+09:00,961.0,961.0,960.0,960.0,200,0.0,0.0
2024-06-07 09:50:00+09:00,959.0,959.0,958.0,959.0,1200,0.0,0.0
2024-06-07 10:00:00+09:00,958.0,958.0,958.0,958.0,200,0.0,0.0
2024-06-07 10:15:00+09:00,959.0,959.0,958.0,958.0,600,0.0,0.0
2024-06-07 10:20:00+09:00,959.0,960.0,959.0,960.0,200,0.0,0.0
2024-06-07 10:25:00+09:00,960.0,960.0,960.0,960.0,100,0.0,0.0
2024-06-07 10:30:00+09:00,961.0,961.0,961.0,961.0,600,0.0,0.0
2024-06-07 10:35:00+09:00,961.0,961.0,960.0,960.0,700,0.0,0.0
2024-06-07 10:55:00+09:00,960.0,960.0,960.0,960.0,100,0.0,0.0
2024-06-07 11:00:00+09:00,959.0,959.0,958.0,958.0,1900,0.0,0.0
2024-06-07 11:05:00+09:00,957.0,957.0,957.0,957.0,100,0.0,0.0
2024-06-07 11:20:00+09:00,957.0,957.0,956.0,956.0,1800,0.0,0.0
2024-06-07 11:25:00+09:00,956.0,957.0,956.0,957.0,500,0.0,0.0
2024-06-07 11:30:00+09:00,958.0,958.0,958.0,958.0,200,0.0,0.0
2024-06-07 11:35:00+09:00,958.0,958.0,958.0,958.0,0,0.0,0.0
2024-06-07 12:30:00+09:00,960.0,960.0,958.0,958.0,19200,0.0,0.0
2024-06-07 12:35:00+09:00,959.0,959.0,958.0,959.0,1500,0.0,0.0
2024-06-07 12:40:00+09:00,958.0,959.0,957.0,957.0,2100,0.0,0.0
2024-06-07 12:50:00+09:00,957.0,957.0,957.0,957.0,600,0.0,0.0
2024-06-07 12:55:00+09:00,956.0,958.0,955.0,958.0,1100,0.0,0.0
2024-06-07 13:00:00+09:00,958.0,958.0,958.0,958.0,400,0.0,0.0
2024-06-07 13:05:00+09:00,958.0,958.0,958.0,958.0,100,0.0,0.0
2024-06-07 13:10:00+09:00,957.0,958.0,957.0,958.0,1300,0.0,0.0
2024-06-07 13:15:00+09:00,958.0,958.0,958.0,958.0,100,0.0,0.0
2024-06-07 13:25:00+09:00,958.0,958.0,958.0,958.0,100,0.0,0.0
2024-06-07 13:35:00+09:00,957.0,957.0,957.0,957.0,100,0.0,0.0
2024-06-07 13:40:00+09:00,957.0,957.0,956.0,956.0,1200,0.0,0.0
2024-06-07 13:55:00+09:00,956.0,957.0,956.0,956.0,400,0.0,0.0
2024-06-07 14:00:00+09:00,956.0,956.0,956.0,956.0,1200,0.0,0.0
2024-06-07 14:20:00+09:00,955.0,956.0,955.0,956.0,800,0.0,0.0
2024-06-07 14:25:00+09:00,955.0,955.0,953.0,955.0,2600,0.0,0.0
2024-06-07 14:30:00+09:00,955.0,955.0,955.0,955.0,100,0.0,0.0
2024-06-07 14:35:00+09:00,956.0,956.0,956.0,956.0,300,0.0,0.0
2024-06-07 14:40:00+09:00,955.0,956.0,955.0,956.0,200,0.0,0.0
2024-06-07 14:45:00+09:00,956.0,958.0,956.0,957.0,1800,0.0,0.0
2024-06-07 14:50:00+09:00,957.0,958.0,956.0,956.0,900,0.0,0.0
2024-06-07 14:55:00+09:00,957.0,958.0,955.0,955.0,2300,0.0,0.0
2024-06-10 09:00:00+09:00,952.0,960.0,952.0,960.0,7000,0.0,0.0
2024-06-10 09:05:00+09:00,959.0,963.0,958.0,963.0,2200,0.0,0.0
2024-06-10 09:10:00+09:00,962.0,964.0,962.0,962.0,1400,0.0,0.0
2024-06-10 09:15:00+09:00,961.0,963.0,961.0,962.0,700,0.0,0.0
2024-06-10 09:20:00+09:00,963.0,964.0,963.0,964.0,700,0.0,0.0
2024-06-10 09:25:00+09:00,963.0,964.0,963.0,964.0,700,0.0,0.0
2024-06-10 09:30:00+09:00,965.0,967.0,965.0,967.0,1000,0.0,0.0
2024-06-10 09:35:00+09:00,966.0,966.0,966.0,966.0,300,0.0,0.0
2024-06-10 09:40:00+09:00,965.0,970.0,965.0,969.0,2300,0.0,0.0
2024-06-10 09:45:00+09:00,968.0,968.0,966.0,966.0,900,0.0,0.0
2024-06-10 09:50:00+09:00,965.0,968.0,965.0,968.0,1000,0.0,0.0
2024-06-10 09:55:00+09:00,968.0,968.0,963.0,963.0,1500,0.0,0.0
2024-06-10 10:00:00+09:00,964.0,964.0,964.0,964.0,200,0.0,0.0
2024-06-10 10:05:00+09:00,963.0,963.0,963.0,963.0,100,0.0,0.0
2024-06-10 10:10:00+09:00,964.0,965.0,963.0,964.0,800,0.0,0.0
2024-06-10 10:15:00+09:00,965.0,966.0,965.0,966.0,500,0.0,0.0
2024-06-10 10:20:00+09:00,964.0,964.0,963.0,963.0,1500,0.0,0.0
2024-06-10 10:25:00+09:00,965.0,965.0,965.0,965.0,100,0.0,0.0
2024-06-10 10:30:00+09:00,964.0,964.0,963.0,964.0,1800,0.0,0.0
2024-06-10 10:35:00+09:00,964.0,964.0,964.0,964.0,100,0.0,0.0
2024-06-10 10:40:00+09:00,964.0,964.0,964.0,964.0,200,0.0,0.0
2024-06-10 10:45:00+09:00,964.0,965.0,964.0,964.0,300,0.0,0.0
2024-06-10 10:50:00+09:00,964.0,965.0,964.0,965.0,500,0.0,0.0
2024-06-10 10:55:00+09:00,965.0,965.0,965.0,965.0,100,0.0,0.0
2024-06-10 11:00:00+09:00,965.0,966.0,965.0,966.0,700,0.0,0.0
2024-06-10 11:05:00+09:00,965.0,966.0,965.0,966.0,700,0.0,0.0
2024-06-10 11:15:00+09:00,966.0,968.0,966.0,968.0,800,0.0,0.0
2024-06-10 11:25:00+09:00,968.0,971.0,968.0,971.0,2200,0.0,0.0
2024-06-10 11:30:00+09:00,972.0,972.0,972.0,972.0,200,0.0,0.0
2024-06-10 11:35:00+09:00,972.0,972.0,972.0,972.0,0,0.0,0.0
2024-06-10 12:30:00+09:00,975.0,984.0,975.0,982.0,38900,0.0,0.0
2024-06-10 12:35:00+09:00,981.0,981.0,978.0,980.0,3100,0.0,0.0
2024-06-10 12:40:00+09:00,978.0,979.0,978.0,978.0,1600,0.0,0.0
2024-06-10 12:45:00+09:00,977.0,977.0,976.0,977.0,900,0.0,0.0
2024-06-10 12:50:00+09:00,977.0,977.0,977.0,977.0,300,0.0,0.0
2024-06-10 12:55:00+09:00,976.0,977.0,976.0,977.0,300,0.0,0.0
2024-06-10 13:00:00+09:00,976.0,977.0,976.0,977.0,200,0.0,0.0
2024-06-10 13:05:00+09:00,977.0,979.0,977.0,979.0,700,0.0,0.0
2024-06-10 13:10:00+09:00,978.0,978.0,978.0,978.0,100,0.0,0.0
2024-06-10 13:15:00+09:00,978.0,978.0,977.0,977.0,600,0.0,0.0
2024-06-10 13:20:00+09:00,978.0,980.0,978.0,979.0,1700,0.0,0.0
2024-06-10 13:25:00+09:00,979.0,979.0,979.0,979.0,200,0.0,0.0
2024-06-10 13:30:00+09:00,979.0,981.0,979.0,981.0,1100,0.0,0.0
2024-06-10 13:35:00+09:00,981.0,981.0,981.0,981.0,300,0.0,0.0
2024-06-10 13:40:00+09:00,981.0,983.0,981.0,983.0,2600,0.0,0.0
2024-06-10 13:45:00+09:00,983.0,983.0,983.0,983.0,200,0.0,0.0
2024-06-10 13:50:00+09:00,983.0,984.0,983.0,983.0,500,0.0,0.0
2024-06-10 13:55:00+09:00,984.0,986.0,984.0,986.0,2100,0.0,0.0
2024-06-10 14:00:00+09:00,986.0,988.0,986.0,988.0,1800,0.0,0.0
2024-06-10 14:05:00+09:00,987.0,987.0,987.0,987.0,1000,0.0,0.0
2024-06-10 14:10:00+09:00,986.0,987.0,986.0,987.0,200,0.0,0.0
2024-06-10 14:20:00+09:00,986.0,986.0,986.0,986.0,300,0.0,0.0
2024-06-10 14:25:00+09:00,985.0,985.0,985.0,985.0,100,0.0,0.0
2024-06-10 14:30:00+09:00,985.0,985.0,985.0,985.0,400,0.0,0.0
2024-06-10 14:35:00+09:00,985.0,985.0,984.0,984.0,300,0.0,0.0
2024-06-10 14:40:00+09:00,984.0,984.0,984.0,984.0,500,0.0,0.0
2024-06-10 14:45:00+09:00,985.0,986.0,985.0,986.0,2400,0.0,0.0
2024-06-10 14:50:00+09:00,985.0,988.0,985.0,987.0,2700,0.0,0.0
2024-06-10 14:55:00+09:00,986.0,987.0,985.0,987.0,1500,0.0,0.0
2024-06-11 09:00:00+09:00,985.0,988.0,985.0,988.0,2100,0.0,0.0
2024-06-11 09:05:00+09:00,988.0,988.0,988.0,988.0,200,0.0,0.0
2024-06-11 09:10:00+09:00,988.0,988.0,988.0,988.0,100,0.0,0.0
2024-06-11 09:15:00+09:00,987.0,997.0,987.0,996.0,4300,0.0,0.0
2024-06-11 09:20:00+09:00,995.0,996.0,994.0,996.0,1500,0.0,0.0
2024-06-11 09:25:00+09:00,994.0,996.0,994.0,996.0,700,0.0,0.0
2024-06-11 09:30:00+09:00,996.0,998.0,996.0,997.0,1800,0.0,0.0
2024-06-11 09:35:00+09:00,998.0,999.0,998.0,998.0,1200,0.0,0.0
2024-06-11 09:45:00+09:00,998.0,1000.0,998.0,999.0,2900,0.0,0.0
2024-06-11 09:55:00+09:00,999.0,999.0,999.0,999.0,100,0.0,0.0
2024-06-11 10:00:00+09:00,999.0,1000.0,999.0,1000.0,2300,0.0,0.0
2024-06-11 10:05:00+09:00,999.0,1001.0,999.0,1001.0,1400,0.0,0.0
2024-06-11 10:10:00+09:00,1001.0,1003.0,1001.0,1003.0,600,0.0,0.0
2024-06-11 10:25:00+09:00,1002.0,1002.0,1002.0,1002.0,400,0.0,0.0
2024-06-11 10:30:00+09:00,1002.0,1002.0,1001.0,1002.0,700,0.0,0.0
2024-06-11 10:35:00+09:00,1002.0,1002.0,1002.0,1002.0,200,0.0,0.0
2024-06-11 10:40:00+09:00,1002.0,1002.0,1002.0,1002.0,200,0.0,0.0
2024-06-11 10:45:00+09:00,1002.0,1002.0,1002.0,1002.0,200,0.0,0.0
2024-06-11 10:50:00+09:00,1002.0,1002.0,1002.0,1002.0,100,0.0,0.0
2024-06-11 11:00:00+09:00,1002.0,1005.0,1002.0,1005.0,2400,0.0,0.0
2024-06-11 11:05:00+09:00,1005.0,1005.0,1005.0,1005.0,100,0.0,0.0
2024-06-11 11:15:00+09:00,1004.0,1004.0,1003.0,1003.0,2000,0.0,0.0
2024-06-11 11:20:00+09:00,1004.0,1005.0,1004.0,1005.0,500,0.0,0.0
2024-06-11 11:25:00+09:00,1004.0,1006.0,1004.0,1005.0,1900,0.0,0.0
2024-06-11 11:30:00+09:00,1006.0,1006.0,1006.0,1006.0,1300,0.0,0.0
2024-06-11 11:35:00+09:00,1006.0,1006.0,1006.0,1006.0,0,0.0,0.0
2024-06-11 12:30:00+09:00,1006.0,1010.0,1006.0,1009.0,35800,0.0,0.0
2024-06-11 12:35:00+09:00,1008.0,1008.0,1006.0,1006.0,800,0.0,0.0
2024-06-11 12:40:00+09:00,1007.0,1007.0,1006.0,1006.0,400,0.0,0.0
2024-06-11 12:45:00+09:00,1007.0,1007.0,1007.0,1007.0,200,0.0,0.0
2024-06-11 12:50:00+09:00,1006.0,1007.0,1006.0,1007.0,400,0.0,0.0
2024-06-11 12:55:00+09:00,1008.0,1010.0,1007.0,1007.0,2600,0.0,0.0
2024-06-11 13:00:00+09:00,1008.0,1009.0,1008.0,1008.0,800,0.0,0.0
2024-06-11 13:05:00+09:00,1008.0,1008.0,1008.0,1008.0,300,0.0,0.0
2024-06-11 13:10:00+09:00,1008.0,1009.0,1008.0,1009.0,300,0.0,0.0
2024-06-11 13:15:00+09:00,1009.0,1010.0,1009.0,1010.0,200,0.0,0.0
2024-06-11 13:25:00+09:00,1008.0,1009.0,1008.0,1009.0,600,0.0,0.0
2024-06-11 13:30:00+09:00,1008.0,1008.0,1008.0,1008.0,100,0.0,0.0
2024-06-11 13:40:00+09:00,1007.0,1007.0,1005.0,1005.0,1500,0.0,0.0
2024-06-11 13:45:00+09:00,1005.0,1005.0,1005.0,1005.0,300,0.0,0.0
2024-06-11 13:50:00+09:00,1006.0,1006.0,1006.0,1006.0,100,0.0,0.0
2024-06-11 13:55:00+09:00,1005.0,1005.0,1005.0,1005.0,300,0.0,0.0
2024-06-11 14:00:00+09:00,1004.0,1004.0,1004.0,1004.0,1200,0.0,0.0
2024-06-11 14:05:00+09:00,1003.0,1003.0,1003.0,1003.0,1000,0.0,0.0
2024-06-11 14:10:00+09:00,1003.0,1003.0,1003.0,1003.0,100,0.0,0.0
2024-06-11 14:15:00+09:00,1002.0,1002.0,1002.0,1002.0,100,0.0,0.0
2024-06-11 14:20:00+09:00,1001.0,1001.0,1000.0,1001.0,1500,0.0,0.0
2024-06-11 14:25:00+09:00,1000.0,1000.0,1000.0,1000.0,900,0.0,0.0
2024-06-11 14:30:00+09:00,1000.0,1000.0,999.0,999.0,300,0.0,0.0
2024-06-11 14:35:00+09:00,999.0,999.0,999.0,999.0,800,0.0,0.0
2024-06-11 14:40:00+09:00,998.0,998.0,997.0,997.0,1000,0.0,0.0
2024-06-11 14:50:00+09:00,996.0,996.0,995.0,995.0,1000,0.0,0.0
2024-06-11 14:55:00+09:00,995.0,996.0,991.0,992.0,1900,0.0,0.0
2024-06-12 09:00:00+09:00,992.0,998.0,992.0,998.0,3700,0.0,0.0
2024-06-12 09:05:00+09:00,996.0,1001.0,996.0,1001.0,2400,0.0,0.0
2024-06-12 09:10:00+09:00,1001.0,1002.0,1000.0,1002.0,700,0.0,0.0
2024-06-12 09:15:00+09:00,1003.0,1004.0,1003.0,1003.0,800,0.0,0.0
2024-06-12 09:20:00+09:00,1002.0,1003.0,1001.0,1003.0,800,0.0,0.0
2024-06-12 09:25:00+09:00,1003.0,1004.0,1002.0,1002.0,1400,0.0,0.0
2024-06-12 09:30:00+09:00,1001.0,1001.0,1001.0,1001.0,1000,0.0,0.0
2024-06-12 09:35:00+09:00,1000.0,1000.0,1000.0,1000.0,200,0.0,0.0
2024-06-12 09:40:00+09:00,999.0,999.0,999.0,999.0,200,0.0,0.0
2024-06-12 09:45:00+09:00,999.0,999.0,999.0,999.0,400,0.0,0.0
2024-06-12 09:50:00+09:00,998.0,999.0,998.0,999.0,300,0.0,0.0
2024-06-12 09:55:00+09:00,1000.0,1001.0,1000.0,1001.0,1300,0.0,0.0
2024-06-12 10:00:00+09:00,999.0,999.0,999.0,999.0,400,0.0,0.0
2024-06-12 10:05:00+09:00,998.0,998.0,998.0,998.0,300,0.0,0.0
2024-06-12 10:10:00+09:00,998.0,998.0,996.0,996.0,900,0.0,0.0
2024-06-12 10:15:00+09:00,996.0,996.0,996.0,996.0,200,0.0,0.0
2024-06-12 10:25:00+09:00,996.0,996.0,994.0,995.0,1300,0.0,0.0
2024-06-12 10:30:00+09:00,995.0,995.0,995.0,995.0,100,0.0,0.0
2024-06-12 10:35:00+09:00,994.0,994.0,994.0,994.0,100,0.0,0.0
2024-06-12 10:40:00+09:00,994.0,994.0,994.0,994.0,100,0.0,0.0
2024-06-12 10:45:00+09:00,995.0,995.0,995.0,995.0,200,0.0,0.0
2024-06-12 10:50:00+09:00,995.0,995.0,995.0,995.0,1000,0.0,0.0
2024-06-12 10:55:00+09:00,994.0,994.0,994.0,994.0,200,0.0,0.0
2024-06-12 11:00:00+09:00,994.0,999.0,994.0,998.0,5700,0.0,0.0
2024-06-12 11:05:00+09:00,997.0,997.0,997.0,997.0,800,0.0,0.0
2024-06-12 11:10:00+09:00,998.0,998.0,998.0,998.0,100,0.0,0.0
2024-06-12 11:15:00+09:00,997.0,997.0,997.0,997.0,100,0.0,0.0
2024-06-12 11:20:00+09:00,997.0,997.0,997.0,997.0,800,0.0,0.0
2024-06-12 11:25:00+09:00,997.0,997.0,996.0,996.0,1000,0.0,0.0
2024-06-12 11:30:00+09:00,996.0,996.0,996.0,996.0,1100,0.0,0.0
2024-06-12 11:35:00+09:00,996.0,996.0,996.0,996.0,0,0.0,0.0
2024-06-12 12:30:00+09:00,995.0,999.0,994.0,998.0,30100,0.0,0.0
2024-06-12 12:35:00+09:00,998.0,998.0,998.0,998.0,100,0.0,0.0
2024-06-12 12:40:00+09:00,999.0,999.0,999.0,999.0,100,0.0,0.0
2024-06-12 12:45:00+09:00,998.0,998.0,998.0,998.0,900,0.0,0.0
2024-06-12 12:50:00+09:00,998.0,999.0,998.0,998.0,1000,0.0,0.0
2024-06-12 12:55:00+09:00,998.0,998.0,997.0,997.0,300,0.0,0.0
2024-06-12 13:00:00+09:00,997.0,997.0,994.0,995.0,2800,0.0,0.0
2024-06-12 13:05:00+09:00,995.0,995.0,992.0,992.0,5400,0.0,0.0
2024-06-12 13:10:00+09:00,992.0,993.0,992.0,993.0,2300,0.0,0.0
2024-06-12 13:25:00+09:00,993.0,994.0,993.0,994.0,200,0.0,0.0
2024-06-12 13:30:00+09:00,994.0,994.0,994.0,994.0,100,0.0,0.0
2024-06-12 13:35:00+09:00,994.0,995.0,994.0,994.0,1400,0.0,0.0
2024-06-12 13:50:00+09:00,993.0,993.0,993.0,993.0,100,0.0,0.0
2024-06-12 13:55:00+09:00,993.0,993.0,993.0,993.0,0,0.0,0.0
2024-06-12 14:00:00+09:00,992.0,992.0,991.0,991.0,47600,0.0,0.0
2024-06-12 14:05:00+09:00,991.0,992.0,991.0,992.0,1200,0.0,0.0
2024-06-12 14:10:00+09:00,991.0,991.0,991.0,991.0,100,0.0,0.0
2024-06-12 14:15:00+09:00,992.0,992.0,992.0,992.0,600,0.0,0.0
2024-06-12 14:20:00+09:00,992.0,992.0,992.0,992.0,200,0.0,0.0
2024-06-12 14:30:00+09:00,993.0,993.0,993.0,993.0,500,0.0,0.0
2024-06-12 14:35:00+09:00,993.0,993.0,993.0,993.0,100,0.0,0.0
2024-06-12 14:40:00+09:00,993.0,993.0,992.0,992.0,500,0.0,0.0
2024-06-12 14:45:00+09:00,993.0,993.0,993.0,993.0,500,0.0,0.0
2024-06-12 14:50:00+09:00,992.0,994.0,992.0,993.0,2800,0.0,0.0
2024-06-12 14:55:00+09:00,993.0,995.0,992.0,995.0,2100,0.0,0.0
2024-06-13 09:00:00+09:00,992.0,994.0,982.0,992.0,11300,0.0,0.0
2024-06-13 09:05:00+09:00,992.0,992.0,987.0,991.0,2300,0.0,0.0
2024-06-13 09:10:00+09:00,991.0,991.0,990.0,990.0,1100,0.0,0.0
2024-06-13 09:15:00+09:00,991.0,991.0,989.0,989.0,1100,0.0,0.0
2024-06-13 09:20:00+09:00,988.0,988.0,987.0,987.0,1300,0.0,0.0
2024-06-13 09:25:00+09:00,986.0,986.0,984.0,985.0,2000,0.0,0.0
2024-06-13 09:30:00+09:00,984.0,985.0,983.0,985.0,2300,0.0,0.0
2024-06-13 09:35:00+09:00,984.0,984.0,983.0,984.0,600,0.0,0.0
2024-06-13 09:40:00+09:00,984.0,984.0,983.0,984.0,1200,0.0,0.0
2024-06-13 09:45:00+09:00,984.0,984.0,977.0,977.0,7300,0.0,0.0
2024-06-13 09:50:00+09:00,975.0,975.0,973.0,975.0,2100,0.0,0.0
2024-06-13 09:55:00+09:00,975.0,979.0,975.0,979.0,1800,0.0,0.0
2024-06-13 10:00:00+09:00,978.0,979.0,978.0,979.0,3300,0.0,0.0
2024-06-13 10:05:00+09:00,978.0,979.0,978.0,978.0,400,0.0,0.0
2024-06-13 10:10:00+09:00,977.0,977.0,976.0,977.0,1500,0.0,0.0
2024-06-13 10:15:00+09:00,978.0,978.0,977.0,977.0,600,0.0,0.0
2024-06-13 10:20:00+09:00,976.0,978.0,976.0,978.0,2100,0.0,0.0
2024-06-13 10:25:00+09:00,977.0,978.0,977.0,978.0,400,0.0,0.0
2024-06-13 10:30:00+09:00,977.0,977.0,976.0,976.0,200,0.0,0.0
2024-06-13 10:35:00+09:00,976.0,976.0,976.0,976.0,300,0.0,0.0
2024-06-13 10:40:00+09:00,975.0,976.0,975.0,976.0,500,0.0,0.0
2024-06-13 10:45:00+09:00,976.0,976.0,976.0,976.0,200,0.0,0.0
2024-06-13 10:50:00+09:00,975.0,976.0,975.0,976.0,200,0.0,0.0
2024-06-13 10:55:00+09:00,975.0,976.0,975.0,976.0,200,0.0,0.0
2024-06-13 11:00:00+09:00,976.0,976.0,975.0,976.0,300,0.0,0.0
2024-06-13 11:05:00+09:00,976.0,983.0,976.0,982.0,4600,0.0,0.0
2024-06-13 11:10:00+09:00,981.0,981.0,979.0,979.0,900,0.0,0.0
2024-06-13 11:20:00+09:00,977.0,977.0,977.0,977.0,100,0.0,0.0
2024-06-13 11:25:00+09:00,976.0,976.0,975.0,975.0,1700,0.0,0.0
2024-06-13 11:30:00+09:00,974.0,974.0,974.0,974.0,200,0.0,0.0
2024-06-13 11:35:00+09:00,974.0,974.0,974.0,974.0,0,0.0,0.0
2024-06-13 12:30:00+09:00,973.0,979.0,973.0,979.0,58300,0.0,0.0
2024-06-13 12:35:00+09:00,982.0,982.0,980.0,980.0,1600,0.0,0.0
2024-06-13 12:40:00+09:00,979.0,979.0,978.0,979.0,1100,0.0,0.0
2024-06-13 12:45:00+09:00,980.0,980.0,980.0,980.0,100,0.0,0.0
2024-06-13 12:50:00+09:00,979.0,980.0,979.0,979.0,1600,0.0,0.0
2024-06-13 12:55:00+09:00,980.0,980.0,978.0,978.0,500,0.0,0.0
2024-06-13 13:00:00+09:00,977.0,977.0,977.0,977.0,600,0.0,0.0
2024-06-13 13:05:00+09:00,978.0,978.0,978.0,978.0,100,0.0,0.0
2024-06-13 13:10:00+09:00,978.0,978.0,977.0,977.0,1500,0.0,0.0
2024-06-13 13:15:00+09:00,977.0,977.0,977.0,977.0,500,0.0,0.0
2024-06-13 13:20:00+09:00,976.0,976.0,976.0,976.0,100,0.0,0.0
2024-06-13 13:25:00+09:00,976.0,976.0,976.0,976.0,1000,0.0,0.0
2024-06-13 13:30:00+09:00,976.0,976.0,976.0,976.0,400,0.0,0.0
2024-06-13 13:40:00+09:00,975.0,978.0,975.0,978.0,1200,0.0,0.0
2024-06-13 13:45:00+09:00,978.0,978.0,977.0,978.0,900,0.0,0.0
2024-06-13 13:55:00+09:00,977.0,977.0,977.0,977.0,100,0.0,0.0
2024-06-13 14:00:00+09:00,978.0,978.0,977.0,977.0,500,0.0,0.0
2024-06-13 14:05:00+09:00,976.0,976.0,976.0,976.0,1000,0.0,0.0
2024-06-13 14:10:00+09:00,975.0,975.0,975.0,975.0,100,0.0,0.0
2024-06-13 14:15:00+09:00,975.0,975.0,975.0,975.0,400,0.0,0.0
2024-06-13 14:20:00+09:00,976.0,976.0,976.0,976.0,900,0.0,0.0
2024-06-13 14:25:00+09:00,976.0,976.0,976.0,976.0,100,0.0,0.0
2024-06-13 14:30:00+09:00,975.0,975.0,974.0,975.0,4900,0.0,0.0
2024-06-13 14:35:00+09:00,976.0,978.0,976.0,976.0,2200,0.0,0.0
2024-06-13 14:40:00+09:00,975.0,975.0,975.0,975.0,100,0.0,0.0
2024-06-13 14:45:00+09:00,975.0,976.0,975.0,975.0,1400,0.0,0.0
2024-06-13 14:50:00+09:00,974.0,975.0,974.0,975.0,2800,0.0,0.0
2024-06-13 14:55:00+09:00,976.0,976.0,974.0,976.0,2000,0.0,0.0
2024-06-14 09:00:00+09:00,982.0,994.0,976.0,992.0,32900,0.0,0.0
2024-06-14 09:05:00+09:00,994.0,995.0,992.0,994.0,2700,0.0,0.0
2024-06-14 09:10:00+09:00,993.0,997.0,991.0,994.0,3700,0.0,0.0
2024-06-14 09:15:00+09:00,995.0,998.0,995.0,998.0,2400,0.0,0.0
2024-06-14 09:20:00+09:00,997.0,997.0,992.0,992.0,2200,0.0,0.0
2024-06-14 09:25:00+09:00,991.0,991.0,987.0,988.0,2000,0.0,0.0
2024-06-14 09:30:00+09:00,988.0,991.0,988.0,989.0,2500,0.0,0.0
2024-06-14 09:35:00+09:00,989.0,992.0,989.0,991.0,900,0.0,0.0
2024-06-14 09:40:00+09:00,991.0,992.0,991.0,991.0,1200,0.0,0.0
2024-06-14 09:50:00+09:00,991.0,996.0,991.0,996.0,1500,0.0,0.0
2024-06-14 09:55:00+09:00,995.0,995.0,993.0,993.0,600,0.0,0.0
2024-06-14 10:00:00+09:00,993.0,995.0,993.0,995.0,400,0.0,0.0
2024-06-14 10:05:00+09:00,996.0,996.0,995.0,995.0,200,0.0,0.0
2024-06-14 10:10:00+09:00,996.0,996.0,995.0,995.0,500,0.0,0.0
2024-06-14 10:15:00+09:00,995.0,996.0,995.0,996.0,700,0.0,0.0
2024-06-14 10:25:00+09:00,996.0,996.0,996.0,996.0,400,0.0,0.0
2024-06-14 10:30:00+09:00,997.0,997.0,997.0,997.0,800,0.0,0.0
2024-06-14 10:35:00+09:00,998.0,998.0,998.0,998.0,3300,0.0,0.0
2024-06-14 10:40:00+09:00,997.0,997.0,997.0,997.0,500,0.0,0.0
2024-06-14 10:45:00+09:00,997.0,998.0,997.0,998.0,300,0.0,0.0
2024-06-14 10:50:00+09:00,999.0,999.0,999.0,999.0,100,0.0,0.0
2024-06-14 10:55:00+09:00,998.0,999.0,997.0,997.0,1300,0.0,0.0
2024-06-14 11:00:00+09:00,997.0,997.0,997.0,997.0,100,0.0,0.0
2024-06-14 11:05:00+09:00,997.0,997.0,997.0,997.0,200,0.0,0.0
2024-06-14 11:10:00+09:00,997.0,999.0,997.0,999.0,1100,0.0,0.0
2024-06-14 11:15:00+09:00,998.0,998.0,997.0,997.0,500,0.0,0.0
2024-06-14 11:20:00+09:00,996.0,996.0,996.0,996.0,100,0.0,0.0
2024-06-14 11:25:00+09:00,996.0,997.0,996.0,997.0,800,0.0,0.0
2024-06-14 11:30:00+09:00,997.0,997.0,996.0,996.0,400,0.0,0.0
2024-06-14 11:35:00+09:00,996.0,996.0,996.0,996.0,0,0.0,0.0
2024-06-14 12:30:00+09:00,998.0,998.0,997.0,997.0,68400,0.0,0.0
2024-06-14 12:35:00+09:00,996.0,996.0,994.0,996.0,2600,0.0,0.0
2024-06-14 12:40:00+09:00,997.0,998.0,997.0,997.0,1700,0.0,0.0
2024-06-14 12:50:00+09:00,997.0,1000.0,997.0,998.0,4200,0.0,0.0
2024-06-14 12:55:00+09:00,998.0,998.0,997.0,997.0,500,0.0,0.0
2024-06-14 13:00:00+09:00,997.0,997.0,997.0,997.0,100,0.0,0.0
2024-06-14 13:05:00+09:00,996.0,996.0,996.0,996.0,200,0.0,0.0
2024-06-14 13:10:00+09:00,995.0,995.0,994.0,994.0,500,0.0,0.0
2024-06-14 13:15:00+09:00,995.0,995.0,995.0,995.0,400,0.0,0.0
2024-06-14 13:20:00+09:00,996.0,996.0,996.0,996.0,100,0.0,0.0
2024-06-14 13:25:00+09:00,996.0,998.0,996.0,998.0,900,0.0,0.0
2024-06-14 13:30:00+09:00,997.0,997.0,995.0,995.0,2100,0.0,0.0
2024-06-14 13:35:00+09:00,996.0,997.0,996.0,997.0,800,0.0,0.0
2024-06-14 13:40:00+09:00,997.0,997.0,997.0,997.0,200,0.0,0.0
2024-06-14 13:45:00+09:00,996.0,996.0,996.0,996.0,100,0.0,0.0
2024-06-14 13:50:00+09:00,997.0,997.0,997.0,997.0,300,0.0,0.0
2024-06-14 13:55:00+09:00,996.0,996.0,996.0,996.0,1400,0.0,0.0
2024-06-14 14:00:00+09:00,996.0,996.0,996.0,996.0,100,0.0,0.0
2024-06-14 14:05:00+09:00,996.0,996.0,996.0,996.0,200,0.0,0.0
2024-06-14 14:10:00+09:00,996.0,998.0,996.0,998.0,1600,0.0,0.0
2024-06-14 14:15:00+09:00,998.0,998.0,997.0,997.0,1500,0.0,0.0
2024-06-14 14:20:00+09:00,996.0,996.0,994.0,994.0,900,0.0,0.0
2024-06-14 14:25:00+09:00,994.0,994.0,994.0,994.0,1300,0.0,0.0
2024-06-14 14:30:00+09:00,993.0,994.0,993.0,993.0,1100,0.0,0.0
2024-06-14 14:35:00+09:00,992.0,993.0,992.0,993.0,2100,0.0,0.0
2024-06-14 14:40:00+09:00,994.0,994.0,994.0,994.0,200,0.0,0.0
2024-06-14 14:45:00+09:00,994.0,994.0,993.0,993.0,3200,0.0,0.0
2024-06-14 14:50:00+09:00,993.0,995.0,992.0,994.0,4000,0.0,0.0
2024-06-14 14:55:00+09:00,994.0,997.0,993.0,997.0,5400,0.0,0.0
2024-06-17 09:00:00+09:00,1020.0,1027.0,1013.0,1021.0,61300,0.0,0.0
2024-06-17 09:05:00+09:00,1020.0,1027.0,1017.0,1022.0,21000,0.0,0.0
2024-06-17 09:10:00+09:00,1020.0,1020.0,1004.0,1006.0,7900,0.0,0.0
2024-06-17 09:15:00+09:00,1004.0,1009.0,1004.0,1006.0,3100,0.0,0.0
2024-06-17 09:20:00+09:00,1007.0,1011.0,1007.0,1008.0,5500,0.0,0.0
2024-06-17 09:25:00+09:00,1009.0,1011.0,1009.0,1011.0,4800,0.0,0.0
2024-06-17 09:30:00+09:00,1010.0,1010.0,1009.0,1010.0,4200,0.0,0.0
2024-06-17 09:35:00+09:00,1008.0,1010.0,1007.0,1008.0,4800,0.0,0.0
2024-06-17 09:40:00+09:00,1007.0,1007.0,1006.0,1006.0,3300,0.0,0.0
2024-06-17 09:45:00+09:00,1005.0,1005.0,1003.0,1003.0,5400,0.0,0.0
2024-06-17 09:50:00+09:00,1003.0,1003.0,1000.0,1000.0,1300,0.0,0.0
2024-06-17 09:55:00+09:00,999.0,1002.0,999.0,1001.0,3400,0.0,0.0
2024-06-17 10:00:00+09:00,1001.0,1001.0,998.0,998.0,1800,0.0,0.0
2024-06-17 10:05:00+09:00,997.0,999.0,996.0,999.0,0,0.0,0.0
2024-06-17 10:10:00+09:00,998.0,998.0,994.0,994.0,132900,0.0,0.0
2024-06-17 10:15:00+09:00,994.0,994.0,990.0,991.0,2900,0.0,0.0
2024-06-17 10:20:00+09:00,991.0,991.0,990.0,990.0,3000,0.0,0.0
2024-06-17 10:25:00+09:00,991.0,991.0,989.0,989.0,4000,0.0,0.0
2024-06-17 10:30:00+09:00,989.0,989.0,987.0,987.0,1000,0.0,0.0
2024-06-17 10:35:00+09:00,985.0,985.0,985.0,985.0,1200,0.0,0.0
2024-06-17 10:40:00+09:00,985.0,985.0,985.0,985.0,800,0.0,0.0
2024-06-17 10:45:00+09:00,986.0,990.0,986.0,990.0,3700,0.0,0.0
2024-06-17 10:50:00+09:00,990.0,994.0,990.0,994.0,5700,0.0,0.0
2024-06-17 10:55:00+09:00,994.0,995.0,994.0,995.0,1100,0.0,0.0
2024-06-17 11:00:00+09:00,995.0,995.0,995.0,995.0,600,0.0,0.0
2024-06-17 11:05:00+09:00,994.0,994.0,992.0,992.0,1300,0.0,0.0
2024-06-17 11:10:00+09:00,992.0,992.0,992.0,992.0,400,0.0,0.0
2024-06-17 11:15:00+09:00,992.0,995.0,992.0,994.0,2400,0.0,0.0
2024-06-17 11:20:00+09:00,994.0,994.0,993.0,994.0,500,0.0,0.0
2024-06-17 11:25:00+09:00,994.0,997.0,994.0,996.0,1900,0.0,0.0
2024-06-17 11:30:00+09:00,998.0,998.0,998.0,998.0,200,0.0,0.0
2024-06-17 11:35:00+09:00,998.0,998.0,998.0,998.0,0,0.0,0.0
2024-06-17 12:30:00+09:00,996.0,1001.0,996.0,1001.0,169900,0.0,0.0
2024-06-17 12:35:00+09:00,1001.0,1001.0,999.0,999.0,2400,0.0,0.0
2024-06-17 12:40:00+09:00,999.0,999.0,997.0,997.0,1800,0.0,0.0
2024-06-17 12:45:00+09:00,997.0,997.0,995.0,995.0,2900,0.0,0.0
2024-06-17 12:50:00+09:00,995.0,995.0,995.0,995.0,800,0.0,0.0
2024-06-17 12:55:00+09:00,995.0,995.0,995.0,995.0,1000,0.0,0.0
2024-06-17 13:00:00+09:00,995.0,995.0,994.0,994.0,500,0.0,0.0
2024-06-17 13:05:00+09:00,994.0,995.0,993.0,993.0,3800,0.0,0.0
2024-06-17 13:10:00+09:00,992.0,992.0,991.0,991.0,1600,0.0,0.0
2024-06-17 13:15:00+09:00,990.0,990.0,990.0,990.0,1100,0.0,0.0
2024-06-17 13:20:00+09:00,990.0,993.0,990.0,993.0,4300,0.0,0.0
2024-06-17 13:25:00+09:00,993.0,993.0,993.0,993.0,800,0.0,0.0
2024-06-17 13:30:00+09:00,994.0,998.0,994.0,997.0,2300,0.0,0.0
2024-06-17 13:35:00+09:00,997.0,997.0,997.0,997.0,600,0.0,0.0
2024-06-17 13:40:00+09:00,997.0,998.0,997.0,997.0,1300,0.0,0.0
2024-06-17 13:45:00+09:00,997.0,997.0,996.0,996.0,400,0.0,0.0
2024-06-17 13:50:00+09:00,997.0,997.0,996.0,996.0,800,0.0,0.0
2024-06-17 13:55:00+09:00,997.0,997.0,996.0,997.0,600,0.0,0.0
2024-06-17 14:00:00+09:00,996.0,997.0,996.0,997.0,2700,0.0,0.0
2024-06-17 14:05:00+09:00,997.0,998.0,997.0,998.0,1500,0.0,0.0
2024-06-17 14:10:00+09:00,998.0,1002.0,998.0,1001.0,4900,0.0,0.0
2024-06-17 14:15:00+09:00,1001.0,1001.0,1001.0,1001.0,500,0.0,0.0
2024-06-17 14:20:00+09:00,1001.0,1002.0,1001.0,1002.0,2600,0.0,0.0
2024-06-17 14:25:00+09:00,1002.0,1002.0,1001.0,1001.0,2200,0.0,0.0
2024-06-17 14:30:00+09:00,1001.0,1007.0,1001.0,1007.0,9900,0.0,0.0
2024-06-17 14:35:00+09:00,1008.0,1009.0,1007.0,1007.0,3600,0.0,0.0
2024-06-17 14:40:00+09:00,1007.0,1008.0,1007.0,1008.0,2600,0.0,0.0
2024-06-17 14:45:00+09:00,1008.0,1008.0,1007.0,1007.0,2600,0.0,0.0
2024-06-17 14:50:00+09:00,1006.0,1008.0,1006.0,1006.0,6800,0.0,0.0
2024-06-17 14:55:00+09:00,1006.0,1007.0,1002.0,1002.0,11400,0.0,0.0
2024-06-18 09:00:00+09:00,995.0,1001.0,986.0,994.0,17900,0.0,0.0
2024-06-18 09:05:00+09:00,994.0,994.0,991.0,992.0,1600,0.0,0.0
2024-06-18 09:10:00+09:00,991.0,999.0,991.0,999.0,5100,0.0,0.0
2024-06-18 09:15:00+09:00,999.0,1001.0,999.0,999.0,1000,0.0,0.0
2024-06-18 09:20:00+09:00,1000.0,1003.0,1000.0,1003.0,1300,0.0,0.0
2024-06-18 09:25:00+09:00,1003.0,1004.0,1001.0,1001.0,2800,0.0,0.0
2024-06-18 09:30:00+09:00,1000.0,1000.0,994.0,994.0,1400,0.0,0.0
2024-06-18 09:35:00+09:00,993.0,995.0,990.0,995.0,8100,0.0,0.0
2024-06-18 09:40:00+09:00,995.0,995.0,995.0,995.0,1200,0.0,0.0
2024-06-18 09:45:00+09:00,995.0,995.0,992.0,992.0,2500,0.0,0.0
2024-06-18 09:50:00+09:00,991.0,991.0,991.0,991.0,300,0.0,0.0
2024-06-18 09:55:00+09:00,991.0,991.0,988.0,988.0,3900,0.0,0.0
2024-06-18 10:00:00+09:00,988.0,988.0,987.0,988.0,1100,0.0,0.0
2024-06-18 10:05:00+09:00,989.0,995.0,989.0,995.0,7000,0.0,0.0
2024-06-18 10:10:00+09:00,995.0,995.0,995.0,995.0,500,0.0,0.0
2024-06-18 10:15:00+09:00,995.0,997.0,995.0,997.0,1400,0.0,0.0
2024-06-18 10:20:00+09:00,997.0,999.0,996.0,999.0,2300,0.0,0.0
2024-06-18 10:25:00+09:00,999.0,999.0,998.0,998.0,1000,0.0,0.0
2024-06-18 10:30:00+09:00,998.0,998.0,998.0,998.0,800,0.0,0.0
2024-06-18 10:35:00+09:00,999.0,999.0,998.0,998.0,200,0.0,0.0
2024-06-18 10:40:00+09:00,998.0,998.0,996.0,997.0,4600,0.0,0.0
2024-06-18 10:45:00+09:00,997.0,997.0,997.0,997.0,500,0.0,0.0
2024-06-18 10:50:00+09:00,998.0,999.0,998.0,998.0,900,0.0,0.0
2024-06-18 10:55:00+09:00,996.0,996.0,995.0,996.0,1300,0.0,0.0
2024-06-18 11:00:00+09:00,997.0,997.0,997.0,997.0,800,0.0,0.0
2024-06-18 11:05:00+09:00,996.0,996.0,996.0,996.0,400,0.0,0.0
2024-06-18 11:10:00+09:00,996.0,997.0,996.0,997.0,1400,0.0,0.0
2024-06-18 11:15:00+09:00,997.0,997.0,996.0,996.0,1100,0.0,0.0
2024-06-18 11:20:00+09:00,996.0,997.0,996.0,997.0,900,0.0,0.0
2024-06-18 11:25:00+09:00,997.0,1001.0,997.0,1000.0,2000,0.0,0.0
2024-06-18 11:30:00+09:00,1002.0,1002.0,1002.0,1002.0,100,0.0,0.0
2024-06-18 11:35:00+09:00,1002.0,1002.0,1002.0,1002.0,0,0.0,0.0
2024-06-18 12:30:00+09:00,996.0,1005.0,996.0,1001.0,83300,0.0,0.0
2024-06-18 12:35:00+09:00,1000.0,1000.0,999.0,999.0,1500,0.0,0.0
2024-06-18 12:40:00+09:00,998.0,999.0,998.0,998.0,1200,0.0,0.0
2024-06-18 12:45:00+09:00,997.0,998.0,997.0,998.0,1600,0.0,0.0
2024-06-18 12:50:00+09:00,998.0,999.0,998.0,998.0,2700,0.0,0.0
2024-06-18 12:55:00+09:00,997.0,997.0,997.0,997.0,900,0.0,0.0
2024-06-18 13:00:00+09:00,997.0,997.0,997.0,997.0,700,0.0,0.0
2024-06-18 13:05:00+09:00,996.0,999.0,996.0,998.0,6000,0.0,0.0
2024-06-18 13:10:00+09:00,997.0,998.0,997.0,997.0,700,0.0,0.0
2024-06-18 13:15:00+09:00,997.0,998.0,997.0,998.0,1000,0.0,0.0
2024-06-18 13:20:00+09:00,997.0,997.0,997.0,997.0,600,0.0,0.0
2024-06-18 13:25:00+09:00,996.0,997.0,995.0,995.0,2900,0.0,0.0
2024-06-18 13:30:00+09:00,995.0,995.0,994.0,994.0,800,0.0,0.0
2024-06-18 13:35:00+09:00,993.0,995.0,993.0,995.0,3700,0.0,0.0
2024-06-18 13:40:00+09:00,995.0,995.0,994.0,994.0,1000,0.0,0.0
2024-06-18 13:45:00+09:00,994.0,995.0,994.0,995.0,1300,0.0,0.0
2024-06-18 13:50:00+09:00,995.0,996.0,995.0,996.0,1400,0.0,0.0
2024-06-18 13:55:00+09:00,995.0,996.0,994.0,994.0,1100,0.0,0.0
2024-06-18 14:00:00+09:00,994.0,995.0,994.0,994.0,1200,0.0,0.0
2024-06-18 14:05:00+09:00,994.0,994.0,994.0,994.0,1600,0.0,0.0
2024-06-18 14:10:00+09:00,994.0,994.0,994.0,994.0,900,0.0,0.0
2024-06-18 14:15:00+09:00,994.0,994.0,993.0,993.0,1200,0.0,0.0
2024-06-18 14:20:00+09:00,993.0,993.0,993.0,993.0,1100,0.0,0.0
2024-06-18 14:25:00+09:00,993.0,996.0,993.0,996.0,5100,0.0,0.0
2024-06-18 14:30:00+09:00,995.0,995.0,995.0,995.0,1900,0.0,0.0
2024-06-18 14:35:00+09:00,994.0,994.0,994.0,994.0,3000,0.0,0.0
2024-06-18 14:40:00+09:00,994.0,994.0,994.0,994.0,900,0.0,0.0
2024-06-18 14:45:00+09:00,994.0,994.0,993.0,994.0,3100,0.0,0.0
2024-06-18 14:50:00+09:00,993.0,993.0,993.0,993.0,1100,0.0,0.0
2024-06-18 14:55:00+09:00,993.0,994.0,991.0,991.0,4300,0.0,0.0
2024-06-19 09:00:00+09:00,993.0,1001.0,993.0,996.0,6500,0.0,0.0
2024-06-19 09:05:00+09:00,996.0,999.0,996.0,999.0,1900,0.0,0.0
2024-06-19 09:10:00+09:00,999.0,1002.0,999.0,1001.0,1600,0.0,0.0
2024-06-19 09:15:00+09:00,1001.0,1002.0,1000.0,1000.0,600,0.0,0.0
2024-06-19 09:20:00+09:00,999.0,1001.0,999.0,1000.0,1600,0.0,0.0
2024-06-19 09:25:00+09:00,1001.0,1003.0,1001.0,1003.0,2100,0.0,0.0
2024-06-19 09:30:00+09:00,1004.0,1004.0,1002.0,1002.0,2300,0.0,0.0
2024-06-19 09:35:00+09:00,1001.0,1001.0,1001.0,1001.0,1100,0.0,0.0
2024-06-19 09:40:00+09:00,1001.0,1002.0,1001.0,1001.0,800,0.0,0.0
2024-06-19 09:45:00+09:00,1001.0,1001.0,1001.0,1001.0,1300,0.0,0.0
2024-06-19 09:50:00+09:00,1001.0,1001.0,1001.0,1001.0,3600,0.0,0.0
2024-06-19 09:55:00+09:00,1001.0,1002.0,1001.0,1002.0,900,0.0,0.0
2024-06-19 10:00:00+09:00,1002.0,1002.0,1002.0,1002.0,1200,0.0,0.0
2024-06-19 10:05:00+09:00,1002.0,1003.0,1001.0,1002.0,0,0.0,0.0
2024-06-19 10:10:00+09:00,1002.0,1002.0,1002.0,1002.0,30700,0.0,0.0
2024-06-19 10:15:00+09:00,1002.0,1002.0,1001.0,1001.0,1400,0.0,0.0
2024-06-19 10:20:00+09:00,1001.0,1001.0,1001.0,1001.0,600,0.0,0.0
2024-06-19 10:25:00+09:00,1000.0,1000.0,1000.0,1000.0,200,0.0,0.0
2024-06-19 10:30:00+09:00,1000.0,1000.0,1000.0,1000.0,400,0.0,0.0
2024-06-19 10:35:00+09:00,1000.0,1000.0,999.0,999.0,700,0.0,0.0
2024-06-19 10:40:00+09:00,999.0,999.0,997.0,998.0,1600,0.0,0.0
2024-06-19 10:50:00+09:00,997.0,997.0,996.0,996.0,700,0.0,0.0
2024-06-19 10:55:00+09:00,996.0,997.0,995.0,996.0,1000,0.0,0.0
2024-06-19 11:00:00+09:00,995.0,995.0,995.0,995.0,2100,0.0,0.0
2024-06-19 11:05:00+09:00,995.0,996.0,995.0,996.0,800,0.0,0.0
2024-06-19 11:10:00+09:00,995.0,995.0,995.0,995.0,500,0.0,0.0
2024-06-19 11:15:00+09:00,994.0,994.0,994.0,994.0,300,0.0,0.0
2024-06-19 11:20:00+09:00,994.0,995.0,994.0,994.0,600,0.0,0.0
2024-06-19 11:25:00+09:00,994.0,995.0,994.0,994.0,1000,0.0,0.0
2024-06-19 11:30:00+09:00,994.0,994.0,994.0,994.0,100,0.0,0.0
2024-06-19 11:35:00+09:00,994.0,994.0,994.0,994.0,0,0.0,0.0
2024-06-19 12:30:00+09:00,996.0,1000.0,995.0,999.0,50700,0.0,0.0
2024-06-19 12:35:00+09:00,1000.0,1000.0,1000.0,1000.0,1100,0.0,0.0
2024-06-19 12:40:00+09:00,999.0,999.0,997.0,997.0,3500,0.0,0.0
2024-06-19 12:45:00+09:00,998.0,1000.0,998.0,1000.0,1100,0.0,0.0
2024-06-19 12:50:00+09:00,1000.0,1000.0,999.0,1000.0,500,0.0,0.0
2024-06-19 12:55:00+09:00,999.0,1000.0,999.0,999.0,400,0.0,0.0
2024-06-19 13:00:00+09:00,999.0,1002.0,999.0,1001.0,3300,0.0,0.0
2024-06-19 13:05:00+09:00,1001.0,1001.0,1001.0,1001.0,100,0.0,0.0
2024-06-19 13:10:00+09:00,1001.0,1001.0,1001.0,1001.0,1900,0.0,0.0
2024-06-19 13:15:00+09:00,1001.0,1001.0,1001.0,1001.0,600,0.0,0.0
2024-06-19 13:20:00+09:00,1001.0,1002.0,1001.0,1002.0,2100,0.0,0.0
2024-06-19 13:25:00+09:00,1002.0,1003.0,1002.0,1002.0,3900,0.0,0.0
2024-06-19 13:30:00+09:00,1002.0,1002.0,1001.0,1001.0,2000,0.0,0.0
2024-06-19 13:35:00+09:00,1000.0,1000.0,1000.0,1000.0,400,0.0,0.0
2024-06-19 13:40:00+09:00,1000.0,1000.0,999.0,1000.0,3100,0.0,0.0
2024-06-19 13:45:00+09:00,1000.0,1000.0,1000.0,1000.0,2100,0.0,0.0
2024-06-19 13:50:00+09:00,1000.0,1000.0,1000.0,1000.0,400,0.0,0.0
2024-06-19 13:55:00+09:00,1000.0,1001.0,1000.0,1001.0,800,0.0,0.0
2024-06-19 14:00:00+09:00,1002.0,1002.0,1001.0,1001.0,400,0.0,0.0
2024-06-19 14:05:00+09:00,1001.0,1002.0,1001.0,1002.0,500,0.0,0.0
2024-06-19 14:10:00+09:00,1001.0,1001.0,1001.0,1001.0,700,0.0,0.0
2024-06-19 14:15:00+09:00,1002.0,1002.0,1002.0,1002.0,2400,0.0,0.0
2024-06-19 14:20:00+09:00,1002.0,1002.0,1001.0,1002.0,900,0.0,0.0
2024-06-19 14:25:00+09:00,1003.0,1003.0,1002.0,1002.0,300,0.0,0.0
2024-06-19 14:30:00+09:00,1003.0,1003.0,1002.0,1003.0,1600,0.0,0.0
2024-06-19 14:35:00+09:00,1003.0,1003.0,1003.0,1003.0,600,0.0,0.0
2024-06-19 14:40:00+09:00,1002.0,1003.0,1001.0,1001.0,4400,0.0,0.0
2024-06-19 14:45:00+09:00,1001.0,1002.0,1001.0,1002.0,700,0.0,0.0
2024-06-19 14:50:00+09:00,1001.0,1003.0,1001.0,1002.0,5900,0.0,0.0
2024-06-19 14:55:00+09:00,1002.0,1004.0,1002.0,1004.0,1900,0.0,0.0
2024-06-20 09:00:00+09:00,1009.0,1017.0,1008.0,1008.0,12800,0.0,0.0
2024-06-20 09:05:00+09:00,1007.0,1008.0,1005.0,1005.0,1500,0.0,0.0
2024-06-20 09:10:00+09:00,1004.0,1004.0,1000.0,1003.0,7200,0.0,0.0
2024-06-20 09:15:00+09:00,1004.0,1006.0,1004.0,1006.0,3500,0.0,0.0
2024-06-20 09:20:00+09:00,1007.0,1009.0,1007.0,1008.0,1900,0.0,0.0
2024-06-20 09:25:00+09:00,1008.0,1008.0,1007.0,1007.0,2400,0.0,0.0
2024-06-20 09:30:00+09:00,1006.0,1009.0,1006.0,1007.0,4300,0.0,0.0
2024-06-20 09:35:00+09:00,1005.0,1005.0,1003.0,1003.0,1300,0.0,0.0
2024-06-20 09:40:00+09:00,1002.0,1002.0,1001.0,1001.0,2900,0.0,0.0
2024-06-20 09:45:00+09:00,1000.0,1000.0,994.0,995.0,5000,0.0,0.0
2024-06-20 09:50:00+09:00,995.0,1001.0,995.0,1001.0,5000,0.0,0.0
2024-06-20 09:55:00+09:00,1001.0,1003.0,1001.0,1003.0,400,0.0,0.0
2024-06-20 10:00:00+09:00,1003.0,1003.0,1000.0,1000.0,2900,0.0,0.0
2024-06-20 10:05:00+09:00,1000.0,1002.0,1000.0,1002.0,0,0.0,0.0
2024-06-20 10:10:00+09:00,1002.0,1002.0,1001.0,1001.0,55600,0.0,0.0
2024-06-20 10:15:00+09:00,1002.0,1003.0,1002.0,1003.0,1400,0.0,0.0
2024-06-20 10:20:00+09:00,1002.0,1002.0,1002.0,1002.0,2200,0.0,0.0
2024-06-20 10:25:00+09:00,1002.0,1003.0,1001.0,1003.0,2900,0.0,0.0
2024-06-20 10:30:00+09:00,1003.0,1003.0,1003.0,1003.0,300,0.0,0.0
2024-06-20 10:35:00+09:00,1003.0,1004.0,1003.0,1004.0,2700,0.0,0.0
2024-06-20 10:40:00+09:00,1004.0,1004.0,1002.0,1002.0,2600,0.0,0.0
2024-06-20 10:45:00+09:00,1002.0,1002.0,1002.0,1002.0,1000,0.0,0.0
2024-06-20 10:50:00+09:00,1002.0,1005.0,1002.0,1004.0,4200,0.0,0.0
2024-06-20 10:55:00+09:00,1003.0,1005.0,1003.0,1004.0,2500,0.0,0.0
2024-06-20 11:00:00+09:00,1003.0,1003.0,1003.0,1003.0,100,0.0,0.0
2024-06-20 11:05:00+09:00,1003.0,1003.0,1003.0,1003.0,800,0.0,0.0
2024-06-20 11:10:00+09:00,1003.0,1003.0,1001.0,1001.0,3300,0.0,0.0
2024-06-20 11:15:00+09:00,1001.0,1003.0,1001.0,1003.0,1500,0.0,0.0
2024-06-20 11:20:00+09:00,1002.0,1002.0,1001.0,1001.0,1700,0.0,0.0
2024-06-20 11:25:00+09:00,1001.0,1001.0,1000.0,1001.0,800,0.0,0.0
2024-06-20 11:30:00+09:00,1001.0,1001.0,1001.0,1001.0,100,0.0,0.0
2024-06-20 11:35:00+09:00,1001.0,1001.0,1001.0,1001.0,0,0.0,0.0
2024-06-20 12:30:00+09:00,999.0,1004.0,999.0,1002.0,92300,0.0,0.0
2024-06-20 12:35:00+09:00,1001.0,1001.0,1000.0,1001.0,2800,0.0,0.0
2024-06-20 12:40:00+09:00,1001.0,1001.0,1000.0,1000.0,2000,0.0,0.0
2024-06-20 12:45:00+09:00,1000.0,1001.0,1000.0,1001.0,4500,0.0,0.0
2024-06-20 12:50:00+09:00,1000.0,1000.0,1000.0,1000.0,800,0.0,0.0
2024-06-20 12:55:00+09:00,1000.0,1000.0,999.0,999.0,1800,0.0,0.0
2024-06-20 13:00:00+09:00,999.0,999.0,999.0,999.0,300,0.0,0.0
2024-06-20 13:05:00+09:00,998.0,998.0,996.0,996.0,3300,0.0,0.0
2024-06-20 13:10:00+09:00,996.0,998.0,996.0,998.0,2900,0.0,0.0
2024-06-20 13:15:00+09:00,998.0,998.0,998.0,998.0,1000,0.0,0.0
2024-06-20 13:20:00+09:00,999.0,999.0,998.0,999.0,700,0.0,0.0
2024-06-20 13:25:00+09:00,999.0,1002.0,999.0,1001.0,3500,0.0,0.0
2024-06-20 13:30:00+09:00,1002.0,1003.0,1002.0,1003.0,600,0.0,0.0
2024-06-20 13:35:00+09:00,1003.0,1004.0,1002.0,1004.0,1700,0.0,0.0
2024-06-20 13:40:00+09:00,1004.0,1004.0,1004.0,1004.0,800,0.0,0.0
2024-06-20 13:45:00+09:00,1004.0,1005.0,1004.0,1005.0,1100,0.0,0.0
2024-06-20 13:50:00+09:00,1005.0,1005.0,1005.0,1005.0,500,0.0,0.0
2024-06-20 13:55:00+09:00,1004.0,1005.0,1004.0,1005.0,700,0.0,0.0
2024-06-20 14:00:00+09:00,1005.0,1005.0,1004.0,1005.0,1000,0.0,0.0
2024-06-20 14:05:00+09:00,1005.0,1006.0,1004.0,1006.0,1800,0.0,0.0
2024-06-20 14:10:00+09:00,1006.0,1006.0,1006.0,1006.0,400,0.0,0.0
2024-06-20 14:15:00+09:00,1006.0,1006.0,1005.0,1006.0,1400,0.0,0.0
2024-06-20 14:20:00+09:00,1005.0,1008.0,1005.0,1008.0,2400,0.0,0.0
2024-06-20 14:25:00+09:00,1008.0,1008.0,1007.0,1007.0,3600,0.0,0.0
2024-06-20 14:30:00+09:00,1006.0,1008.0,1006.0,1008.0,1100,0.0,0.0
2024-06-20 14:35:00+09:00,1008.0,1008.0,1007.0,1007.0,4500,0.0,0.0
2024-06-20 14:40:00+09:00,1006.0,1006.0,1005.0,1006.0,4500,0.0,0.0
2024-06-20 14:45:00+09:00,1005.0,1006.0,1005.0,1005.0,900,0.0,0.0
2024-06-20 14:50:00+09:00,1005.0,1006.0,1005.0,1005.0,1900,0.0,0.0
2024-06-20 14:55:00+09:00,1006.0,1006.0,1002.0,1006.0,4800,0.0,0.0
2024-06-21 09:00:00+09:00,998.0,1005.0,997.0,997.0,5200,0.0,0.0
2024-06-21 09:05:00+09:00,1000.0,1001.0,997.0,1000.0,3100,0.0,0.0
2024-06-21 09:10:00+09:00,1000.0,1000.0,999.0,999.0,500,0.0,0.0
2024-06-21 09:15:00+09:00,1000.0,1001.0,999.0,1000.0,2200,0.0,0.0
2024-06-21 09:20:00+09:00,1001.0,1006.0,1001.0,1005.0,3000,0.0,0.0
2024-06-21 09:25:00+09:00,1004.0,1004.0,1002.0,1003.0,1500,0.0,0.0
2024-06-21 09:30:00+09:00,1003.0,1005.0,1003.0,1005.0,1200,0.0,0.0
2024-06-21 09:35:00+09:00,1005.0,1006.0,1003.0,1003.0,2900,0.0,0.0
2024-06-21 09:40:00+09:00,1002.0,1003.0,1002.0,1002.0,900,0.0,0.0
2024-06-21 09:45:00+09:00,1002.0,1002.0,1000.0,1002.0,1900,0.0,0.0
2024-06-21 09:50:00+09:00,1002.0,1002.0,1002.0,1002.0,0,0.0,0.0
2024-06-21 09:55:00+09:00,1002.0,1002.0,1002.0,1002.0,23200,0.0,0.0
2024-06-21 10:00:00+09:00,1002.0,1002.0,1002.0,1002.0,700,0.0,0.0
2024-06-21 10:05:00+09:00,1001.0,1001.0,999.0,999.0,0,0.0,0.0
2024-06-21 10:10:00+09:00,998.0,1000.0,998.0,1000.0,27600,0.0,0.0
2024-06-21 10:15:00+09:00,1000.0,1000.0,1000.0,1000.0,1100,0.0,0.0
2024-06-21 10:20:00+09:00,1000.0,1000.0,1000.0,1000.0,900,0.0,0.0
2024-06-21 10:25:00+09:00,999.0,999.0,999.0,999.0,400,0.0,0.0
2024-06-21 10:30:00+09:00,1000.0,1000.0,999.0,999.0,800,0.0,0.0
2024-06-21 10:35:00+09:00,998.0,999.0,998.0,999.0,1200,0.0,0.0
2024-06-21 10:40:00+09:00,999.0,999.0,999.0,999.0,400,0.0,0.0
2024-06-21 10:45:00+09:00,999.0,999.0,998.0,999.0,1000,0.0,0.0
2024-06-21 10:50:00+09:00,998.0,998.0,998.0,998.0,300,0.0,0.0
2024-06-21 10:55:00+09:00,998.0,998.0,998.0,998.0,1100,0.0,0.0
2024-06-21 11:00:00+09:00,998.0,998.0,998.0,998.0,400,0.0,0.0
2024-06-21 11:05:00+09:00,998.0,999.0,998.0,998.0,300,0.0,0.0
2024-06-21 11:10:00+09:00,998.0,999.0,998.0,998.0,1100,0.0,0.0
2024-06-21 11:15:00+09:00,998.0,998.0,997.0,998.0,500,0.0,0.0
2024-06-21 11:20:00+09:00,998.0,999.0,998.0,998.0,1000,0.0,0.0
2024-06-21 11:25:00+09:00,998.0,999.0,998.0,998.0,600,0.0,0.0
2024-06-21 11:30:00+09:00,998.0,998.0,998.0,998.0,100,0.0,0.0
2024-06-21 11:35:00+09:00,998.0,998.0,998.0,998.0,0,0.0,0.0
2024-06-21 12:30:00+09:00,997.0,1000.0,997.0,999.0,43500,0.0,0.0
2024-06-21 12:35:00+09:00,998.0,998.0,998.0,998.0,1500,0.0,0.0
2024-06-21 12:40:00+09:00,997.0,997.0,997.0,997.0,700,0.0,0.0
2024-06-21 12:45:00+09:00,997.0,997.0,996.0,997.0,1500,0.0,0.0
2024-06-21 12:50:00+09:00,997.0,997.0,997.0,997.0,600,0.0,0.0
2024-06-21 12:55:00+09:00,997.0,997.0,996.0,996.0,800,0.0,0.0
2024-06-21 13:00:00+09:00,996.0,996.0,996.0,996.0,600,0.0,0.0
2024-06-21 13:05:00+09:00,996.0,996.0,996.0,996.0,800,0.0,0.0
2024-06-21 13:10:00+09:00,996.0,997.0,996.0,997.0,1400,0.0,0.0
2024-06-21 13:15:00+09:00,996.0,996.0,996.0,996.0,200,0.0,0.0
2024-06-21 13:20:00+09:00,996.0,996.0,996.0,996.0,500,0.0,0.0
2024-06-21 13:25:00+09:00,996.0,996.0,995.0,995.0,1000,0.0,0.0
2024-06-21 13:30:00+09:00,996.0,996.0,996.0,996.0,600,0.0,0.0
2024-06-21 13:35:00+09:00,995.0,995.0,991.0,991.0,5300,0.0,0.0
2024-06-21 13:40:00+09:00,991.0,991.0,991.0,991.0,400,0.0,0.0
2024-06-21 13:45:00+09:00,991.0,991.0,991.0,991.0,1400,0.0,0.0
2024-06-21 13:50:00+09:00,991.0,991.0,990.0,990.0,600,0.0,0.0
2024-06-21 13:55:00+09:00,990.0,990.0,987.0,987.0,5400,0.0,0.0
2024-06-21 14:00:00+09:00,986.0,987.0,985.0,986.0,1900,0.0,0.0
2024-06-21 14:05:00+09:00,986.0,986.0,986.0,986.0,200,0.0,0.0
2024-06-21 14:10:00+09:00,986.0,986.0,986.0,986.0,600,0.0,0.0
2024-06-21 14:15:00+09:00,986.0,986.0,981.0,981.0,5600,0.0,0.0
2024-06-21 14:20:00+09:00,981.0,981.0,980.0,981.0,3500,0.0,0.0
2024-06-21 14:25:00+09:00,980.0,983.0,980.0,983.0,2500,0.0,0.0
2024-06-21 14:30:00+09:00,983.0,984.0,983.0,984.0,900,0.0,0.0
2024-06-21 14:35:00+09:00,985.0,987.0,985.0,987.0,2200,0.0,0.0
2024-06-21 14:40:00+09:00,987.0,987.0,986.0,986.0,2700,0.0,0.0
2024-06-21 14:45:00+09:00,985.0,985.0,983.0,983.0,3400,0.0,0.0
2024-06-21 14:50:00+09:00,983.0,984.0,982.0,982.0,10000,0.0,0.0
2024-06-21 14:55:00+09:00,983.0,984.0,974.0,978.0,19900,0.0,0.0
2024-06-24 09:00:00+09:00,977.0,977.0,974.0,976.0,12500,0.0,0.0
2024-06-24 09:05:00+09:00,975.0,976.0,974.0,975.0,3200,0.0,0.0
2024-06-24 09:10:00+09:00,975.0,977.0,974.0,975.0,7900,0.0,0.0
2024-06-24 09:15:00+09:00,974.0,974.0,970.0,972.0,4200,0.0,0.0
2024-06-24 09:20:00+09:00,972.0,972.0,971.0,971.0,1600,0.0,0.0
2024-06-24 09:25:00+09:00,972.0,972.0,968.0,972.0,9400,0.0,0.0
2024-06-24 09:30:00+09:00,973.0,973.0,972.0,972.0,600,0.0,0.0
2024-06-24 09:35:00+09:00,972.0,973.0,972.0,973.0,1700,0.0,0.0
2024-06-24 09:40:00+09:00,973.0,973.0,971.0,971.0,1800,0.0,0.0
2024-06-24 09:45:00+09:00,971.0,975.0,971.0,974.0,4100,0.0,0.0
2024-06-24 09:50:00+09:00,973.0,973.0,972.0,972.0,700,0.0,0.0
2024-06-24 09:55:00+09:00,972.0,973.0,972.0,972.0,500,0.0,0.0
2024-06-24 10:00:00+09:00,971.0,971.0,968.0,968.0,2000,0.0,0.0
2024-06-24 10:05:00+09:00,968.0,968.0,965.0,967.0,3500,0.0,0.0
2024-06-24 10:10:00+09:00,966.0,967.0,965.0,966.0,6100,0.0,0.0
2024-06-24 10:15:00+09:00,966.0,966.0,964.0,964.0,3000,0.0,0.0
2024-06-24 10:20:00+09:00,964.0,964.0,963.0,964.0,1400,0.0,0.0
2024-06-24 10:25:00+09:00,965.0,969.0,965.0,969.0,6300,0.0,0.0
2024-06-24 10:30:00+09:00,969.0,970.0,969.0,969.0,600,0.0,0.0
2024-06-24 10:35:00+09:00,968.0,968.0,968.0,968.0,200,0.0,0.0
2024-06-24 10:40:00+09:00,968.0,968.0,968.0,968.0,700,0.0,0.0
2024-06-24 10:45:00+09:00,968.0,969.0,968.0,969.0,2600,0.0,0.0
2024-06-24 10:50:00+09:00,969.0,970.0,969.0,969.0,800,0.0,0.0
2024-06-24 10:55:00+09:00,969.0,969.0,969.0,969.0,800,0.0,0.0
2024-06-24 11:00:00+09:00,969.0,971.0,969.0,971.0,2300,0.0,0.0
2024-06-24 11:05:00+09:00,972.0,972.0,971.0,972.0,1300,0.0,0.0
2024-06-24 11:10:00+09:00,970.0,970.0,970.0,970.0,500,0.0,0.0
2024-06-24 11:15:00+09:00,970.0,970.0,970.0,970.0,1200,0.0,0.0
2024-06-24 11:20:00+09:00,970.0,972.0,970.0,972.0,1500,0.0,0.0
2024-06-24 11:25:00+09:00,972.0,975.0,971.0,975.0,1500,0.0,0.0
2024-06-24 11:30:00+09:00,973.0,973.0,973.0,973.0,200,0.0,0.0
2024-06-24 11:35:00+09:00,973.0,973.0,973.0,973.0,0,0.0,0.0
2024-06-24 12:30:00+09:00,973.0,977.0,973.0,977.0,91500,0.0,0.0
2024-06-24 12:35:00+09:00,976.0,976.0,976.0,976.0,1900,0.0,0.0
2024-06-24 12:40:00+09:00,976.0,976.0,976.0,976.0,800,0.0,0.0
2024-06-24 12:45:00+09:00,976.0,976.0,975.0,976.0,1700,0.0,0.0
2024-06-24 12:50:00+09:00,976.0,977.0,976.0,976.0,500,0.0,0.0
2024-06-24 12:55:00+09:00,976.0,977.0,976.0,976.0,1100,0.0,0.0
2024-06-24 13:00:00+09:00,976.0,977.0,976.0,976.0,1100,0.0,0.0
2024-06-24 13:05:00+09:00,976.0,977.0,976.0,976.0,1000,0.0,0.0
2024-06-24 13:10:00+09:00,976.0,979.0,976.0,979.0,1700,0.0,0.0
2024-06-24 13:15:00+09:00,978.0,978.0,978.0,978.0,500,0.0,0.0
2024-06-24 13:20:00+09:00,978.0,979.0,978.0,978.0,900,0.0,0.0
2024-06-24 13:25:00+09:00,978.0,980.0,978.0,980.0,1900,0.0,0.0
2024-06-24 13:30:00+09:00,978.0,978.0,978.0,978.0,200,0.0,0.0
2024-06-24 13:35:00+09:00,978.0,979.0,978.0,979.0,1000,0.0,0.0
2024-06-24 13:40:00+09:00,978.0,979.0,978.0,979.0,1000,0.0,0.0
2024-06-24 13:45:00+09:00,978.0,980.0,978.0,980.0,1600,0.0,0.0
2024-06-24 13:50:00+09:00,980.0,980.0,979.0,979.0,200,0.0,0.0
2024-06-24 13:55:00+09:00,979.0,979.0,979.0,979.0,1200,0.0,0.0
2024-06-24 14:00:00+09:00,978.0,978.0,978.0,978.0,1000,0.0,0.0
2024-06-24 14:05:00+09:00,979.0,979.0,978.0,978.0,500,0.0,0.0
2024-06-24 14:10:00+09:00,978.0,979.0,978.0,979.0,500,0.0,0.0
2024-06-24 14:15:00+09:00,978.0,978.0,973.0,975.0,13400,0.0,0.0
2024-06-24 14:20:00+09:00,975.0,975.0,974.0,974.0,200,0.0,0.0
2024-06-24 14:25:00+09:00,974.0,974.0,974.0,974.0,500,0.0,0.0
2024-06-24 14:30:00+09:00,974.0,977.0,974.0,976.0,1300,0.0,0.0
2024-06-24 14:35:00+09:00,975.0,976.0,975.0,976.0,1200,0.0,0.0
2024-06-24 14:40:00+09:00,976.0,976.0,976.0,976.0,500,0.0,0.0
2024-06-24 14:45:00+09:00,976.0,976.0,975.0,975.0,300,0.0,0.0
2024-06-24 14:50:00+09:00,975.0,976.0,975.0,976.0,3900,0.0,0.0
2024-06-24 14:55:00+09:00,976.0,977.0,976.0,977.0,2700,0.0,0.0
2024-06-25 09:00:00+09:00,980.0,985.0,979.0,985.0,9600,0.0,0.0
2024-06-25 09:05:00+09:00,985.0,986.0,982.0,982.0,5100,0.0,0.0
2024-06-25 09:10:00+09:00,983.0,986.0,983.0,986.0,2100,0.0,0.0
2024-06-25 09:15:00+09:00,987.0,987.0,986.0,987.0,1900,0.0,0.0
2024-06-25 09:20:00+09:00,987.0,987.0,984.0,984.0,1300,0.0,0.0
2024-06-25 09:25:00+09:00,984.0,986.0,984.0,986.0,3200,0.0,0.0
2024-06-25 09:30:00+09:00,987.0,987.0,985.0,985.0,3000,0.0,0.0
2024-06-25 09:35:00+09:00,986.0,987.0,986.0,986.0,1800,0.0,0.0
2024-06-25 09:40:00+09:00,986.0,986.0,986.0,986.0,1000,0.0,0.0
2024-06-25 09:45:00+09:00,986.0,986.0,985.0,986.0,1500,0.0,0.0
2024-06-25 09:50:00+09:00,986.0,986.0,986.0,986.0,1100,0.0,0.0
2024-06-25 09:55:00+09:00,985.0,987.0,985.0,987.0,3200,0.0,0.0
2024-06-25 10:00:00+09:00,986.0,986.0,986.0,986.0,700,0.0,0.0
2024-06-25 10:05:00+09:00,985.0,988.0,985.0,988.0,2500,0.0,0.0
2024-06-25 10:10:00+09:00,987.0,988.0,987.0,988.0,200,0.0,0.0
2024-06-25 10:15:00+09:00,988.0,988.0,988.0,988.0,1500,0.0,0.0
2024-06-25 10:20:00+09:00,988.0,991.0,988.0,991.0,2600,0.0,0.0
2024-06-25 10:25:00+09:00,990.0,991.0,990.0,991.0,1200,0.0,0.0
2024-06-25 10:30:00+09:00,991.0,993.0,991.0,993.0,2000,0.0,0.0
2024-06-25 10:35:00+09:00,993.0,993.0,992.0,992.0,300,0.0,0.0
2024-06-25 10:40:00+09:00,993.0,993.0,992.0,992.0,700,0.0,0.0
2024-06-25 10:45:00+09:00,992.0,993.0,989.0,989.0,1700,0.0,0.0
2024-06-25 10:50:00+09:00,989.0,989.0,988.0,989.0,2000,0.0,0.0
2024-06-25 10:55:00+09:00,989.0,989.0,989.0,989.0,200,0.0,0.0
2024-06-25 11:00:00+09:00,989.0,990.0,989.0,990.0,1200,0.0,0.0
2024-06-25 11:05:00+09:00,990.0,990.0,990.0,990.0,1100,0.0,0.0
2024-06-25 11:10:00+09:00,990.0,990.0,990.0,990.0,300,0.0,0.0
2024-06-25 11:15:00+09:00,989.0,990.0,989.0,990.0,1300,0.0,0.0
2024-06-25 11:20:00+09:00,990.0,990.0,990.0,990.0,600,0.0,0.0
2024-06-25 11:25:00+09:00,990.0,991.0,990.0,991.0,700,0.0,0.0
2024-06-25 11:30:00+09:00,991.0,991.0,991.0,991.0,100,0.0,0.0
2024-06-25 11:35:00+09:00,991.0,991.0,991.0,991.0,0,0.0,0.0
2024-06-25 12:30:00+09:00,989.0,992.0,986.0,986.0,63600,0.0,0.0
2024-06-25 12:35:00+09:00,986.0,986.0,982.0,982.0,2500,0.0,0.0
2024-06-25 12:40:00+09:00,980.0,980.0,979.0,980.0,3300,0.0,0.0
2024-06-25 12:45:00+09:00,981.0,985.0,981.0,985.0,5600,0.0,0.0
2024-06-25 12:50:00+09:00,986.0,987.0,986.0,986.0,1400,0.0,0.0
2024-06-25 12:55:00+09:00,986.0,986.0,984.0,985.0,4600,0.0,0.0
2024-06-25 13:00:00+09:00,984.0,985.0,984.0,985.0,1400,0.0,0.0
2024-06-25 13:05:00+09:00,985.0,985.0,985.0,985.0,700,0.0,0.0
2024-06-25 13:10:00+09:00,985.0,987.0,985.0,987.0,1200,0.0,0.0
2024-06-25 13:15:00+09:00,986.0,986.0,986.0,986.0,1000,0.0,0.0
2024-06-25 13:20:00+09:00,986.0,987.0,986.0,986.0,1000,0.0,0.0
2024-06-25 13:25:00+09:00,985.0,985.0,985.0,985.0,200,0.0,0.0
2024-06-25 13:30:00+09:00,985.0,986.0,985.0,986.0,1700,0.0,0.0
2024-06-25 13:35:00+09:00,986.0,986.0,986.0,986.0,1500,0.0,0.0
2024-06-25 13:40:00+09:00,985.0,985.0,985.0,985.0,200,0.0,0.0
2024-06-25 13:45:00+09:00,985.0,987.0,985.0,985.0,1600,0.0,0.0
2024-06-25 13:50:00+09:00,985.0,985.0,985.0,985.0,1000,0.0,0.0
2024-06-25 13:55:00+09:00,985.0,985.0,984.0,984.0,1000,0.0,0.0
2024-06-25 14:00:00+09:00,984.0,984.0,984.0,984.0,900,0.0,0.0
2024-06-25 14:05:00+09:00,984.0,985.0,984.0,984.0,1100,0.0,0.0
2024-06-25 14:10:00+09:00,983.0,984.0,983.0,983.0,1500,0.0,0.0
2024-06-25 14:15:00+09:00,983.0,983.0,983.0,983.0,1100,0.0,0.0
2024-06-25 14:20:00+09:00,983.0,983.0,982.0,982.0,1700,0.0,0.0
2024-06-25 14:25:00+09:00,981.0,982.0,981.0,982.0,2200,0.0,0.0
2024-06-25 14:30:00+09:00,983.0,984.0,983.0,984.0,2900,0.0,0.0
2024-06-25 14:35:00+09:00,985.0,985.0,983.0,983.0,1800,0.0,0.0
2024-06-25 14:40:00+09:00,983.0,983.0,982.0,982.0,1200,0.0,0.0
2024-06-25 14:45:00+09:00,983.0,984.0,983.0,983.0,3100,0.0,0.0
2024-06-25 14:50:00+09:00,983.0,983.0,982.0,983.0,2800,0.0,0.0
2024-06-25 14:55:00+09:00,982.0,983.0,981.0,982.0,3000,0.0,0.0
2024-06-26 09:00:00+09:00,979.0,979.0,972.0,975.0,23500,0.0,0.0
2024-06-26 09:05:00+09:00,975.0,978.0,975.0,976.0,3500,0.0,0.0
2024-06-26 09:10:00+09:00,975.0,975.0,973.0,975.0,4000,0.0,0.0
2024-06-26 09:15:00+09:00,973.0,981.0,973.0,981.0,3800,0.0,0.0
2024-06-26 09:20:00+09:00,980.0,981.0,979.0,981.0,3300,0.0,0.0
2024-06-26 09:25:00+09:00,980.0,981.0,978.0,978.0,2300,0.0,0.0
2024-06-26 09:30:00+09:00,978.0,981.0,978.0,980.0,2600,0.0,0.0
2024-06-26 09:35:00+09:00,980.0,981.0,979.0,979.0,1700,0.0,0.0
2024-06-26 09:40:00+09:00,979.0,979.0,978.0,979.0,2700,0.0,0.0
2024-06-26 09:45:00+09:00,979.0,980.0,978.0,978.0,1500,0.0,0.0
2024-06-26 09:50:00+09:00,978.0,979.0,978.0,979.0,1100,0.0,0.0
2024-06-26 09:55:00+09:00,979.0,979.0,979.0,979.0,500,0.0,0.0
2024-06-26 10:00:00+09:00,979.0,979.0,979.0,979.0,500,0.0,0.0
2024-06-26 10:05:00+09:00,979.0,980.0,979.0,980.0,2100,0.0,0.0
2024-06-26 10:10:00+09:00,981.0,981.0,980.0,980.0,1500,0.0,0.0
2024-06-26 10:15:00+09:00,980.0,981.0,980.0,980.0,1000,0.0,0.0
2024-06-26 10:20:00+09:00,980.0,980.0,979.0,979.0,1400,0.0,0.0
2024-06-26 10:25:00+09:00,979.0,981.0,979.0,980.0,3000,0.0,0.0
2024-06-26 10:30:00+09:00,979.0,979.0,979.0,979.0,700,0.0,0.0
2024-06-26 10:35:00+09:00,979.0,979.0,979.0,979.0,200,0.0,0.0
2024-06-26 10:40:00+09:00,979.0,980.0,978.0,978.0,900,0.0,0.0
2024-06-26 10:45:00+09:00,978.0,978.0,977.0,977.0,2100,0.0,0.0
2024-06-26 10:50:00+09:00,978.0,978.0,978.0,978.0,2400,0.0,0.0
2024-06-26 10:55:00+09:00,977.0,977.0,976.0,976.0,4300,0.0,0.0
2024-06-26 11:00:00+09:00,977.0,978.0,976.0,978.0,2700,0.0,0.0
2024-06-26 11:05:00+09:00,977.0,977.0,977.0,977.0,300,0.0,0.0
2024-06-26 11:10:00+09:00,977.0,977.0,975.0,976.0,4000,0.0,0.0
2024-06-26 11:15:00+09:00,976.0,978.0,976.0,977.0,4100,0.0,0.0
2024-06-26 11:20:00+09:00,978.0,979.0,976.0,976.0,2300,0.0,0.0
2024-06-26 11:25:00+09:00,976.0,978.0,976.0,976.0,1900,0.0,0.0
2024-06-26 11:30:00+09:00,976.0,976.0,976.0,976.0,1200,0.0,0.0
2024-06-26 11:35:00+09:00,976.0,976.0,976.0,976.0,0,0.0,0.0
2024-06-26 12:30:00+09:00,976.0,978.0,975.0,976.0,99100,0.0,0.0
2024-06-26 12:35:00+09:00,976.0,976.0,975.0,976.0,2400,0.0,0.0
2024-06-26 12:40:00+09:00,976.0,976.0,976.0,976.0,300,0.0,0.0
2024-06-26 12:45:00+09:00,976.0,978.0,976.0,978.0,4500,0.0,0.0
2024-06-26 12:55:00+09:00,977.0,977.0,977.0,977.0,3500,0.0,0.0
2024-06-26 13:10:00+09:00,975.0,976.0,975.0,976.0,2800,0.0,0.0
2024-06-26 13:15:00+09:00,975.0,975.0,974.0,974.0,1000,0.0,0.0
2024-06-26 13:20:00+09:00,974.0,974.0,974.0,974.0,600,0.0,0.0
2024-06-26 13:25:00+09:00,974.0,975.0,973.0,974.0,1500,0.0,0.0
2024-06-26 13:30:00+09:00,973.0,973.0,973.0,973.0,1000,0.0,0.0
2024-06-26 13:35:00+09:00,972.0,972.0,971.0,972.0,3400,0.0,0.0
2024-06-26 13:40:00+09:00,971.0,971.0,971.0,971.0,2000,0.0,0.0
2024-06-26 13:45:00+09:00,971.0,971.0,971.0,971.0,5200,0.0,0.0
2024-06-26 13:50:00+09:00,971.0,972.0,971.0,972.0,600,0.0,0.0
2024-06-26 13:55:00+09:00,971.0,972.0,971.0,971.0,2400,0.0,0.0
2024-06-26 14:00:00+09:00,971.0,971.0,971.0,971.0,500,0.0,0.0
2024-06-26 14:05:00+09:00,971.0,972.0,971.0,972.0,2500,0.0,0.0
2024-06-26 14:10:00+09:00,972.0,972.0,971.0,972.0,1400,0.0,0.0
2024-06-26 14:15:00+09:00,973.0,973.0,973.0,973.0,1600,0.0,0.0
2024-06-26 14:20:00+09:00,973.0,974.0,972.0,972.0,1700,0.0,0.0
2024-06-26 14:25:00+09:00,972.0,973.0,972.0,972.0,1200,0.0,0.0
2024-06-26 14:30:00+09:00,972.0,972.0,971.0,971.0,2600,0.0,0.0
2024-06-26 14:35:00+09:00,971.0,972.0,971.0,971.0,2500,0.0,0.0
2024-06-26 14:40:00+09:00,972.0,973.0,971.0,973.0,3200,0.0,0.0
2024-06-26 14:45:00+09:00,974.0,974.0,973.0,973.0,1700,0.0,0.0
2024-06-26 14:50:00+09:00,973.0,973.0,972.0,973.0,3700,0.0,0.0
2024-06-26 14:55:00+09:00,973.0,976.0,973.0,973.0,4700,0.0,0.0
2024-06-27 09:00:00+09:00,971.0,974.0,966.0,974.0,9200,0.0,0.0
2024-06-27 09:05:00+09:00,974.0,975.0,973.0,974.0,2500,0.0,0.0
2024-06-27 09:10:00+09:00,974.0,975.0,972.0,972.0,2200,0.0,0.0
2024-06-27 09:15:00+09:00,972.0,973.0,972.0,972.0,2600,0.0,0.0
2024-06-27 09:20:00+09:00,971.0,971.0,970.0,971.0,3300,0.0,0.0
2024-06-27 09:25:00+09:00,970.0,971.0,968.0,970.0,6000,0.0,0.0
2024-06-27 09:30:00+09:00,970.0,971.0,969.0,970.0,2700,0.0,0.0
2024-06-27 09:35:00+09:00,970.0,972.0,969.0,972.0,2000,0.0,0.0
2024-06-27 09:40:00+09:00,971.0,971.0,971.0,971.0,1000,0.0,0.0
2024-06-27 09:45:00+09:00,970.0,970.0,969.0,969.0,2400,0.0,0.0
2024-06-27 09:50:00+09:00,969.0,969.0,969.0,969.0,400,0.0,0.0
2024-06-27 09:55:00+09:00,969.0,969.0,969.0,969.0,1000,0.0,0.0
2024-06-27 10:00:00+09:00,969.0,970.0,969.0,969.0,2300,0.0,0.0
2024-06-27 10:05:00+09:00,969.0,969.0,969.0,969.0,200,0.0,0.0
2024-06-27 10:10:00+09:00,969.0,969.0,968.0,969.0,1900,0.0,0.0
2024-06-27 10:15:00+09:00,969.0,969.0,969.0,969.0,900,0.0,0.0
2024-06-27 10:20:00+09:00,970.0,971.0,970.0,971.0,1400,0.0,0.0
2024-06-27 10:25:00+09:00,971.0,971.0,971.0,971.0,100,0.0,0.0
2024-06-27 10:30:00+09:00,970.0,971.0,970.0,971.0,1400,0.0,0.0
2024-06-27 10:35:00+09:00,970.0,970.0,970.0,970.0,1600,0.0,0.0
2024-06-27 10:45:00+09:00,971.0,971.0,970.0,970.0,200,0.0,0.0
2024-06-27 10:50:00+09:00,970.0,970.0,969.0,969.0,3000,0.0,0.0
2024-06-27 10:55:00+09:00,969.0,969.0,969.0,969.0,500,0.0,0.0
2024-06-27 11:00:00+09:00,969.0,969.0,969.0,969.0,1400,0.0,0.0
2024-06-27 11:05:00+09:00,969.0,970.0,969.0,970.0,400,0.0,0.0
2024-06-27 11:10:00+09:00,970.0,973.0,970.0,973.0,2700,0.0,0.0
2024-06-27 11:15:00+09:00,973.0,973.0,973.0,973.0,100,0.0,0.0
2024-06-27 11:20:00+09:00,973.0,973.0,973.0,973.0,100,0.0,0.0
2024-06-27 11:25:00+09:00,973.0,973.0,972.0,972.0,700,0.0,0.0
2024-06-27 11:30:00+09:00,972.0,972.0,972.0,972.0,200,0.0,0.0
2024-06-27 11:35:00+09:00,972.0,972.0,972.0,972.0,0,0.0,0.0
2024-06-27 12:30:00+09:00,971.0,975.0,971.0,974.0,60600,0.0,0.0
2024-06-27 12:35:00+09:00,975.0,975.0,975.0,975.0,0,0.0,0.0
2024-06-27 12:40:00+09:00,975.0,977.0,974.0,977.0,65200,0.0,0.0
2024-06-27 12:45:00+09:00,977.0,979.0,977.0,979.0,1200,0.0,0.0
2024-06-27 12:50:00+09:00,979.0,981.0,979.0,980.0,3500,0.0,0.0
2024-06-27 12:55:00+09:00,979.0,980.0,979.0,979.0,2200,0.0,0.0
2024-06-27 13:00:00+09:00,980.0,980.0,979.0,979.0,1500,0.0,0.0
2024-06-27 13:05:00+09:00,979.0,979.0,979.0,979.0,100,0.0,0.0
2024-06-27 13:10:00+09:00,979.0,979.0,978.0,978.0,1500,0.0,0.0
2024-06-27 13:15:00+09:00,977.0,977.0,976.0,977.0,1400,0.0,0.0
2024-06-27 13:20:00+09:00,976.0,976.0,976.0,976.0,900,0.0,0.0
2024-06-27 13:25:00+09:00,976.0,976.0,976.0,976.0,1400,0.0,0.0
2024-06-27 13:30:00+09:00,977.0,977.0,977.0,977.0,100,0.0,0.0
2024-06-27 13:35:00+09:00,977.0,977.0,977.0,977.0,1700,0.0,0.0
2024-06-27 13:40:00+09:00,976.0,977.0,976.0,977.0,200,0.0,0.0
2024-06-27 13:45:00+09:00,977.0,977.0,975.0,976.0,4300,0.0,0.0
2024-06-27 13:50:00+09:00,976.0,976.0,975.0,975.0,0,0.0,0.0
2024-06-27 13:55:00+09:00,975.0,976.0,975.0,976.0,87200,0.0,0.0
2024-06-27 14:00:00+09:00,975.0,976.0,975.0,976.0,1700,0.0,0.0
2024-06-27 14:05:00+09:00,976.0,976.0,976.0,976.0,800,0.0,0.0
2024-06-27 14:10:00+09:00,976.0,976.0,975.0,975.0,1600,0.0,0.0
2024-06-27 14:15:00+09:00,975.0,975.0,975.0,975.0,1300,0.0,0.0
2024-06-27 14:20:00+09:00,974.0,974.0,974.0,974.0,4300,0.0,0.0
2024-06-27 14:25:00+09:00,974.0,974.0,973.0,973.0,600,0.0,0.0
2024-06-27 14:30:00+09:00,973.0,974.0,973.0,974.0,2500,0.0,0.0
2024-06-27 14:35:00+09:00,975.0,975.0,974.0,974.0,500,0.0,0.0
2024-06-27 14:40:00+09:00,975.0,975.0,974.0,974.0,1500,0.0,0.0
2024-06-27 14:45:00+09:00,974.0,975.0,974.0,974.0,3500,0.0,0.0
2024-06-27 14:50:00+09:00,974.0,974.0,973.0,973.0,3600,0.0,0.0
2024-06-27 14:55:00+09:00,973.0,977.0,972.0,977.0,7200,0.0,0.0
2024-06-28 09:00:00+09:00,977.0,977.0,971.0,975.0,8800,0.0,0.0
2024-06-28 09:05:00+09:00,975.0,977.0,975.0,975.0,3000,0.0,0.0
2024-06-28 09:10:00+09:00,975.0,976.0,975.0,975.0,1200,0.0,0.0
2024-06-28 09:15:00+09:00,976.0,976.0,975.0,975.0,5000,0.0,0.0
2024-06-28 09:20:00+09:00,975.0,975.0,975.0,975.0,800,0.0,0.0
2024-06-28 09:25:00+09:00,976.0,976.0,970.0,974.0,13100,0.0,0.0
2024-06-28 09:30:00+09:00,974.0,976.0,974.0,976.0,1100,0.0,0.0
2024-06-28 09:35:00+09:00,975.0,975.0,975.0,975.0,1400,0.0,0.0
2024-06-28 09:40:00+09:00,975.0,976.0,975.0,976.0,1700,0.0,0.0
2024-06-28 09:45:00+09:00,976.0,977.0,976.0,976.0,600,0.0,0.0
2024-06-28 09:50:00+09:00,976.0,976.0,976.0,976.0,1200,0.0,0.0
2024-06-28 09:55:00+09:00,976.0,976.0,976.0,976.0,700,0.0,0.0
2024-06-28 10:00:00+09:00,976.0,976.0,976.0,976.0,100,0.0,0.0
2024-06-28 10:05:00+09:00,976.0,978.0,976.0,978.0,1700,0.0,0.0
2024-06-28 10:10:00+09:00,978.0,978.0,978.0,978.0,900,0.0,0.0
2024-06-28 10:15:00+09:00,978.0,978.0,977.0,977.0,1600,0.0,0.0
2024-06-28 10:20:00+09:00,976.0,976.0,976.0,976.0,0,0.0,0.0
2024-06-28 10:25:00+09:00,975.0,975.0,974.0,974.0,46900,0.0,0.0
2024-06-28 10:30:00+09:00,974.0,975.0,974.0,975.0,1600,0.0,0.0
2024-06-28 10:35:00+09:00,975.0,975.0,975.0,975.0,400,0.0,0.0
2024-06-28 10:40:00+09:00,974.0,974.0,973.0,973.0,2900,0.0,0.0
2024-06-28 10:45:00+09:00,973.0,973.0,972.0,972.0,2200,0.0,0.0
2024-06-28 10:50:00+09:00,972.0,972.0,971.0,972.0,2100,0.0,0.0
2024-06-28 10:55:00+09:00,971.0,971.0,971.0,971.0,500,0.0,0.0
2024-06-28 11:00:00+09:00,970.0,970.0,969.0,970.0,2800,0.0,0.0
2024-06-28 11:05:00+09:00,971.0,971.0,971.0,971.0,100,0.0,0.0
2024-06-28 11:10:00+09:00,971.0,971.0,971.0,971.0,700,0.0,0.0
2024-06-28 11:15:00+09:00,971.0,973.0,971.0,972.0,1200,0.0,0.0
2024-06-28 11:20:00+09:00,971.0,971.0,970.0,970.0,600,0.0,0.0
2024-06-28 11:25:00+09:00,971.0,972.0,971.0,972.0,800,0.0,0.0
2024-06-28 11:30:00+09:00,972.0,972.0,972.0,972.0,200,0.0,0.0
2024-06-28 11:35:00+09:00,972.0,972.0,972.0,972.0,0,0.0,0.0
2024-06-28 12:30:00+09:00,972.0,974.0,972.0,974.0,65900,0.0,0.0
2024-06-28 12:35:00+09:00,974.0,975.0,974.0,974.0,2700,0.0,0.0
2024-06-28 12:40:00+09:00,974.0,974.0,974.0,974.0,700,0.0,0.0
2024-06-28 12:45:00+09:00,975.0,976.0,975.0,975.0,2800,0.0,0.0
2024-06-28 12:50:00+09:00,975.0,975.0,975.0,975.0,100,0.0,0.0
2024-06-28 12:55:00+09:00,975.0,975.0,974.0,974.0,400,0.0,0.0
2024-06-28 13:00:00+09:00,975.0,975.0,974.0,974.0,1200,0.0,0.0
2024-06-28 13:05:00+09:00,974.0,977.0,974.0,977.0,4000,0.0,0.0
2024-06-28 13:15:00+09:00,977.0,982.0,977.0,982.0,5100,0.0,0.0
2024-06-28 13:20:00+09:00,982.0,986.0,982.0,986.0,3100,0.0,0.0
2024-06-28 13:25:00+09:00,985.0,985.0,981.0,981.0,9200,0.0,0.0
2024-06-28 13:30:00+09:00,981.0,982.0,980.0,982.0,1100,0.0,0.0
2024-06-28 13:35:00+09:00,982.0,982.0,981.0,981.0,800,0.0,0.0
2024-06-28 13:40:00+09:00,981.0,981.0,981.0,981.0,1900,0.0,0.0
2024-06-28 13:45:00+09:00,981.0,982.0,981.0,982.0,800,0.0,0.0
2024-06-28 13:50:00+09:00,981.0,982.0,981.0,982.0,5500,0.0,0.0
2024-06-28 13:55:00+09:00,982.0,986.0,982.0,986.0,5000,0.0,0.0
2024-06-28 14:00:00+09:00,985.0,986.0,984.0,986.0,3800,0.0,0.0
2024-06-28 14:05:00+09:00,986.0,987.0,985.0,985.0,5300,0.0,0.0
2024-06-28 14:10:00+09:00,985.0,985.0,985.0,985.0,100,0.0,0.0
2024-06-28 14:15:00+09:00,984.0,984.0,984.0,984.0,200,0.0,0.0
2024-06-28 14:20:00+09:00,984.0,985.0,984.0,985.0,1800,0.0,0.0
2024-06-28 14:25:00+09:00,985.0,985.0,985.0,985.0,500,0.0,0.0
2024-06-28 14:30:00+09:00,985.0,986.0,985.0,986.0,1800,0.0,0.0
2024-06-28 14:35:00+09:00,986.0,987.0,986.0,986.0,1400,0.0,0.0
2024-06-28 14:40:00+09:00,986.0,986.0,985.0,985.0,4200,0.0,0.0
2024-06-28 14:45:00+09:00,985.0,987.0,985.0,987.0,1600,0.0,0.0
2024-06-28 14:50:00+09:00,986.0,986.0,984.0,984.0,2400,0.0,0.0
2024-06-28 14:55:00+09:00,985.0,990.0,985.0,988.0,3500,0.0,0.0
