Datetime,Open,High,Low,Close,Volume,Dividends,Stock Splits
2024-05-30 09:00:00+09:00,6900.0,6900.0,6820.0,6840.0,16600,0.0,0.0
2024-05-30 09:05:00+09:00,6820.0,6870.0,6820.0,6870.0,900,0.0,0.0
2024-05-30 09:10:00+09:00,6870.0,6870.0,6840.0,6840.0,300,0.0,0.0
2024-05-30 09:15:00+09:00,6870.0,6870.0,6860.0,6860.0,900,0.0,0.0
2024-05-30 09:20:00+09:00,6860.0,6890.0,6860.0,6860.0,1300,0.0,0.0
2024-05-30 09:25:00+09:00,6860.0,6870.0,6860.0,6870.0,900,0.0,0.0
2024-05-30 09:30:00+09:00,6870.0,6880.0,6870.0,6880.0,1000,0.0,0.0
2024-05-30 09:35:00+09:00,6880.0,6880.0,6840.0,6840.0,1900,0.0,0.0
2024-05-30 09:40:00+09:00,6840.0,6850.0,6840.0,6850.0,600,0.0,0.0
2024-05-30 09:45:00+09:00,6840.0,6850.0,6840.0,6850.0,400,0.0,0.0
2024-05-30 09:50:00+09:00,6830.0,6830.0,6820.0,6820.0,1000,0.0,0.0
2024-05-30 09:55:00+09:00,6840.0,6840.0,6830.0,6840.0,1300,0.0,0.0
2024-05-30 10:00:00+09:00,6850.0,6920.0,6850.0,6900.0,8900,0.0,0.0
2024-05-30 10:05:00+09:00,6890.0,6890.0,6890.0,6890.0,700,0.0,0.0
2024-05-30 10:10:00+09:00,6890.0,6890.0,6890.0,6890.0,400,0.0,0.0
2024-05-30 10:15:00+09:00,6910.0,6910.0,6890.0,6890.0,900,0.0,0.0
2024-05-30 10:20:00+09:00,6890.0,6890.0,6890.0,6890.0,100,0.0,0.0
2024-05-30 10:25:00+09:00,6880.0,6880.0,6870.0,6870.0,700,0.0,0.0
2024-05-30 10:35:00+09:00,6880.0,6920.0,6870.0,6920.0,1500,0.0,0.0
2024-05-30 10:40:00+09:00,6920.0,6930.0,6920.0,6920.0,500,0.0,0.0
2024-05-30 10:45:00+09:00,6930.0,6930.0,6930.0,6930.0,100,0.0,0.0
2024-05-30 10:50:00+09:00,6930.0,6940.0,6930.0,6940.0,300,0.0,0.0
2024-05-30 10:55:00+09:00,6940.0,6940.0,6920.0,6920.0,900,0.0,0.0
2024-05-30 11:00:00+09:00,6930.0,6950.0,6930.0,6950.0,1400,0.0,0.0
2024-05-30 11:05:00+09:00,6940.0,6940.0,6920.0,6920.0,1500,0.0,0.0
2024-05-30 11:10:00+09:00,6930.0,6930.0,6930.0,6930.0,600,0.0,0.0
2024-05-30 11:15:00+09:00,6930.0,6950.0,6930.0,6950.0,700,0.0,0.0
2024-05-30 11:20:00+09:00,6950.0,6960.0,6940.0,6950.0,600,0.0,0.0
2024-05-30 11:25:00+09:00,6950.0,6960.0,6950.0,6960.0,200,0.0,0.0
2024-05-30 11:30:00+09:00,6960.0,6960.0,6960.0,6960.0,100,0.0,0.0
2024-05-30 11:35:00+09:00,6960.0,6960.0,6960.0,6960.0,0,0.0,0.0
2024-05-30 12:30:00+09:00,6960.0,7000.0,6960.0,6980.0,50200,0.0,0.0
2024-05-30 12:35:00+09:00,6970.0,6970.0,6920.0,6940.0,3400,0.0,0.0
2024-05-30 12:40:00+09:00,6930.0,6970.0,6930.0,6940.0,2100,0.0,0.0
2024-05-30 12:45:00+09:00,6940.0,6940.0,6920.0,6920.0,1200,0.0,0.0
2024-05-30 12:50:00+09:00,6930.0,6930.0,6930.0,6930.0,300,0.0,0.0
2024-05-30 12:55:00+09:00,6930.0,6930.0,6920.0,6920.0,900,0.0,0.0
2024-05-30 13:00:00+09:00,6920.0,6920.0,6920.0,6920.0,1100,0.0,0.0
2024-05-30 13:05:00+09:00,6910.0,6930.0,6910.0,6930.0,400,0.0,0.0
2024-05-30 13:10:00+09:00,6930.0,6930.0,6930.0,6930.0,100,0.0,0.0
2024-05-30 13:15:00+09:00,6920.0,6930.0,6920.0,6930.0,300,0.0,0.0
2024-05-30 13:20:00+09:00,6930.0,6930.0,6920.0,6920.0,300,0.0,0.0
2024-05-30 13:25:00+09:00,6930.0,6930.0,6930.0,6930.0,500,0.0,0.0
2024-05-30 13:30:00+09:00,6940.0,6940.0,6930.0,6930.0,1800,0.0,0.0
2024-05-30 13:35:00+09:00,6920.0,6920.0,6910.0,6910.0,900,0.0,0.0
2024-05-30 13:40:00+09:00,6900.0,6900.0,6900.0,6900.0,200,0.0,0.0
2024-05-30 13:45:00+09:00,6900.0,6910.0,6890.0,6910.0,2000,0.0,0.0
2024-05-30 13:50:00+09:00,6920.0,6920.0,6920.0,6920.0,400,0.0,0.0
2024-05-30 13:55:00+09:00,6920.0,6920.0,6920.0,6920.0,100,0.0,0.0
2024-05-30 14:00:00+09:00,6920.0,6930.0,6920.0,6930.0,700,0.0,0.0
2024-05-30 14:05:00+09:00,6930.0,6940.0,6920.0,6920.0,1500,0.0,0.0
2024-05-30 14:15:00+09:00,6910.0,6910.0,6910.0,6910.0,1400,0.0,0.0
2024-05-30 14:20:00+09:00,6910.0,6910.0,6900.0,6900.0,600,0.0,0.0
2024-05-30 14:25:00+09:00,6900.0,6900.0,6890.0,6890.0,900,0.0,0.0
2024-05-30 14:30:00+09:00,6880.0,6880.0,6870.0,6870.0,1600,0.0,0.0
2024-05-30 14:35:00+09:00,6870.0,6880.0,6870.0,6880.0,600,0.0,0.0
2024-05-30 14:40:00+09:00,6870.0,6870.0,6860.0,6870.0,2000,0.0,0.0
2024-05-30 14:45:00+09:00,6870.0,6880.0,6870.0,6880.0,1000,0.0,0.0
2024-05-30 14:50:00+09:00,6880.0,6890.0,6870.0,6870.0,3700,0.0,0.0
2024-05-30 14:55:00+09:00,6880.0,6920.0,6880.0,6920.0,3900,0.0,0.0
2024-05-31 09:00:00+09:00,6900.0,7020.0,6890.0,7020.0,3900,0.0,0.0
2024-05-31 09:05:00+09:00,7010.0,7010.0,6950.0,6950.0,900,0.0,0.0
2024-05-31 09:10:00+09:00,6970.0,7020.0,6970.0,7020.0,1100,0.0,0.0
2024-05-31 09:15:00+09:00,7020.0,7040.0,7020.0,7040.0,1100,0.0,0.0
2024-05-31 09:20:00+09:00,7040.0,7150.0,7040.0,7150.0,5800,0.0,0.0
2024-05-31 09:25:00+09:00,7150.0,7170.0,7140.0,7150.0,2100,0.0,0.0
2024-05-31 09:30:00+09:00,7140.0,7160.0,7140.0,7160.0,800,0.0,0.0
2024-05-31 09:35:00+09:00,7160.0,7160.0,7120.0,7120.0,2000,0.0,0.0
2024-05-31 09:40:00+09:00,7120.0,7120.0,7110.0,7110.0,500,0.0,0.0
2024-05-31 09:45:00+09:00,7100.0,7140.0,7100.0,7110.0,3200,0.0,0.0
2024-05-31 09:50:00+09:00,7120.0,7120.0,7110.0,7110.0,1100,0.0,0.0
2024-05-31 09:55:00+09:00,7120.0,7160.0,7120.0,7160.0,1100,0.0,0.0
2024-05-31 10:00:00+09:00,7160.0,7180.0,7150.0,7170.0,3200,0.0,0.0
2024-05-31 10:05:00+09:00,7150.0,7150.0,7140.0,7140.0,400,0.0,0.0
2024-05-31 10:10:00+09:00,7150.0,7150.0,7150.0,7150.0,100,0.0,0.0
2024-05-31 10:15:00+09:00,7150.0,7150.0,7150.0,7150.0,300,0.0,0.0
2024-05-31 10:20:00+09:00,7140.0,7150.0,7140.0,7150.0,300,0.0,0.0
2024-05-31 10:25:00+09:00,7140.0,7160.0,7140.0,7160.0,200,0.0,0.0
2024-05-31 10:30:00+09:00,7160.0,7160.0,7160.0,7160.0,400,0.0,0.0
2024-05-31 10:35:00+09:00,7170.0,7170.0,7170.0,7170.0,500,0.0,0.0
2024-05-31 10:40:00+09:00,7180.0,7240.0,7180.0,7240.0,4600,0.0,0.0
2024-05-31 10:45:00+09:00,7230.0,7230.0,7190.0,7200.0,1300,0.0,0.0
2024-05-31 10:50:00+09:00,7190.0,7190.0,7190.0,7190.0,200,0.0,0.0
2024-05-31 10:55:00+09:00,7180.0,7180.0,7180.0,7180.0,900,0.0,0.0
2024-05-31 11:10:00+09:00,7180.0,7180.0,7180.0,7180.0,100,0.0,0.0
2024-05-31 11:15:00+09:00,7200.0,7200.0,7170.0,7190.0,2500,0.0,0.0
2024-05-31 11:20:00+09:00,7170.0,7180.0,7170.0,7180.0,200,0.0,0.0
2024-05-31 11:25:00+09:00,7190.0,7220.0,7190.0,7220.0,1000,0.0,0.0
2024-05-31 11:30:00+09:00,7200.0,7200.0,7200.0,7200.0,300,0.0,0.0
2024-05-31 11:35:00+09:00,7200.0,7200.0,7200.0,7200.0,0,0.0,0.0
2024-05-31 12:30:00+09:00,7230.0,7280.0,7220.0,7280.0,46700,0.0,0.0
2024-05-31 12:35:00+09:00,7260.0,7260.0,7260.0,7260.0,600,0.0,0.0
2024-05-31 12:40:00+09:00,7260.0,7270.0,7260.0,7270.0,800,0.0,0.0
2024-05-31 12:45:00+09:00,7260.0,7260.0,7240.0,7260.0,1600,0.0,0.0
2024-05-31 13:00:00+09:00,7250.0,7250.0,7250.0,7250.0,0,0.0,0.0
2024-05-31 13:05:00+09:00,7250.0,7250.0,7250.0,7250.0,52500,0.0,0.0
2024-05-31 13:10:00+09:00,7250.0,7250.0,7250.0,7250.0,400,0.0,0.0
2024-05-31 13:15:00+09:00,7200.0,7280.0,7200.0,7280.0,2800,0.0,0.0
2024-05-31 13:20:00+09:00,7280.0,7290.0,7220.0,7230.0,3100,0.0,0.0
2024-05-31 13:25:00+09:00,7240.0,7250.0,7240.0,7250.0,1000,0.0,0.0
2024-05-31 13:30:00+09:00,7250.0,7250.0,7250.0,7250.0,100,0.0,0.0
2024-05-31 13:35:00+09:00,7230.0,7230.0,7200.0,7220.0,2500,0.0,0.0
2024-05-31 13:40:00+09:00,7210.0,7240.0,7210.0,7240.0,800,0.0,0.0
2024-05-31 13:45:00+09:00,7230.0,7230.0,7230.0,7230.0,100,0.0,0.0
2024-05-31 13:50:00+09:00,7240.0,7240.0,7230.0,7240.0,1000,0.0,0.0
2024-05-31 13:55:00+09:00,7230.0,7230.0,7230.0,7230.0,700,0.0,0.0
2024-05-31 14:00:00+09:00,7230.0,7230.0,7230.0,7230.0,200,0.0,0.0
2024-05-31 14:05:00+09:00,7230.0,7230.0,7230.0,7230.0,500,0.0,0.0
2024-05-31 14:10:00+09:00,7230.0,7260.0,7230.0,7240.0,5200,0.0,0.0
2024-05-31 14:15:00+09:00,7260.0,7270.0,7260.0,7270.0,800,0.0,0.0
2024-05-31 14:20:00+09:00,7250.0,7250.0,7250.0,7250.0,0,0.0,0.0
2024-05-31 14:30:00+09:00,7260.0,7270.0,7260.0,7270.0,73400,0.0,0.0
2024-05-31 14:35:00+09:00,7270.0,7280.0,7260.0,7260.0,400,0.0,0.0
2024-05-31 14:40:00+09:00,7260.0,7280.0,7260.0,7280.0,400,0.0,0.0
2024-05-31 14:45:00+09:00,7280.0,7280.0,7270.0,7280.0,2800,0.0,0.0
2024-05-31 14:50:00+09:00,7280.0,7290.0,7270.0,7280.0,2600,0.0,0.0
2024-05-31 14:55:00+09:00,7280.0,7290.0,7270.0,7290.0,4500,0.0,0.0
2024-06-03 09:00:00+09:00,7330.0,7330.0,7250.0,7270.0,5900,0.0,0.0
2024-06-03 09:05:00+09:00,7260.0,7270.0,7260.0,7270.0,400,0.0,0.0
2024-06-03 09:10:00+09:00,7270.0,7280.0,7250.0,7280.0,2000,0.0,0.0
2024-06-03 09:15:00+09:00,7300.0,7310.0,7260.0,7260.0,1300,0.0,0.0
2024-06-03 09:20:00+09:00,7260.0,7260.0,7230.0,7230.0,2500,0.0,0.0
2024-06-03 09:25:00+09:00,7220.0,7260.0,7220.0,7230.0,1700,0.0,0.0
2024-06-03 09:30:00+09:00,7230.0,7250.0,7230.0,7250.0,400,0.0,0.0
2024-06-03 09:35:00+09:00,7250.0,7250.0,7230.0,7240.0,500,0.0,0.0
2024-06-03 09:40:00+09:00,7230.0,7230.0,7180.0,7180.0,2500,0.0,0.0
2024-06-03 09:45:00+09:00,7190.0,7220.0,7190.0,7220.0,600,0.0,0.0
2024-06-03 09:50:00+09:00,7230.0,7230.0,7230.0,7230.0,100,0.0,0.0
2024-06-03 09:55:00+09:00,7240.0,7250.0,7240.0,7250.0,800,0.0,0.0
2024-06-03 10:00:00+09:00,7250.0,7250.0,7250.0,7250.0,400,0.0,0.0
2024-06-03 10:05:00+09:00,7240.0,7270.0,7240.0,7260.0,0,0.0,0.0
2024-06-03 10:10:00+09:00,7240.0,7240.0,7240.0,7240.0,21300,0.0,0.0
2024-06-03 10:15:00+09:00,7240.0,7240.0,7240.0,7240.0,100,0.0,0.0
2024-06-03 10:20:00+09:00,7250.0,7250.0,7250.0,7250.0,100,0.0,0.0
2024-06-03 10:25:00+09:00,7260.0,7260.0,7260.0,7260.0,300,0.0,0.0
2024-06-03 10:30:00+09:00,7250.0,7250.0,7230.0,7230.0,1000,0.0,0.0
2024-06-03 10:40:00+09:00,7230.0,7260.0,7230.0,7260.0,300,0.0,0.0
2024-06-03 10:45:00+09:00,7260.0,7260.0,7260.0,7260.0,100,0.0,0.0
2024-06-03 10:50:00+09:00,7260.0,7260.0,7260.0,7260.0,100,0.0,0.0
2024-06-03 10:55:00+09:00,7260.0,7310.0,7260.0,7290.0,3400,0.0,0.0
2024-06-03 11:00:00+09:00,7280.0,7280.0,7250.0,7250.0,500,0.0,0.0
2024-06-03 11:10:00+09:00,7270.0,7270.0,7270.0,7270.0,100,0.0,0.0
2024-06-03 11:20:00+09:00,7280.0,7280.0,7270.0,7270.0,200,0.0,0.0
2024-06-03 11:25:00+09:00,7280.0,7280.0,7280.0,7280.0,200,0.0,0.0
2024-06-03 11:30:00+09:00,7290.0,7290.0,7290.0,7290.0,100,0.0,0.0
2024-06-03 11:35:00+09:00,7290.0,7290.0,7290.0,7290.0,0,0.0,0.0
2024-06-03 12:30:00+09:00,7270.0,7270.0,7260.0,7260.0,30200,0.0,0.0
2024-06-03 12:35:00+09:00,7290.0,7290.0,7290.0,7290.0,200,0.0,0.0
2024-06-03 12:40:00+09:00,7290.0,7300.0,7290.0,7300.0,300,0.0,0.0
2024-06-03 12:45:00+09:00,7300.0,7300.0,7280.0,7280.0,600,0.0,0.0
2024-06-03 12:50:00+09:00,7280.0,7290.0,7280.0,7290.0,400,0.0,0.0
2024-06-03 12:55:00+09:00,7300.0,7300.0,7300.0,7300.0,500,0.0,0.0
2024-06-03 13:00:00+09:00,7310.0,7310.0,7310.0,7310.0,100,0.0,0.0
2024-06-03 13:05:00+09:00,7310.0,7310.0,7310.0,7310.0,300,0.0,0.0
2024-06-03 13:10:00+09:00,7300.0,7320.0,7300.0,7320.0,800,0.0,0.0
2024-06-03 13:15:00+09:00,7310.0,7310.0,7310.0,7310.0,100,0.0,0.0
2024-06-03 13:20:00+09:00,7320.0,7320.0,7320.0,7320.0,100,0.0,0.0
2024-06-03 13:25:00+09:00,7310.0,7320.0,7310.0,7320.0,400,0.0,0.0
2024-06-03 13:30:00+09:00,7310.0,7310.0,7310.0,7310.0,100,0.0,0.0
2024-06-03 13:35:00+09:00,7320.0,7320.0,7310.0,7310.0,200,0.0,0.0
2024-06-03 13:45:00+09:00,7320.0,7320.0,7300.0,7300.0,300,0.0,0.0
2024-06-03 13:50:00+09:00,7300.0,7300.0,7300.0,7300.0,1000,0.0,0.0
2024-06-03 13:55:00+09:00,7290.0,7290.0,7290.0,7290.0,100,0.0,0.0
2024-06-03 14:00:00+09:00,7300.0,7300.0,7300.0,7300.0,100,0.0,0.0
2024-06-03 14:05:00+09:00,7290.0,7290.0,7290.0,7290.0,400,0.0,0.0
2024-06-03 14:10:00+09:00,7300.0,7300.0,7300.0,7300.0,100,0.0,0.0
2024-06-03 14:15:00+09:00,7300.0,7300.0,7300.0,7300.0,500,0.0,0.0
2024-06-03 14:20:00+09:00,7310.0,7310.0,7310.0,7310.0,100,0.0,0.0
2024-06-03 14:30:00+09:00,7310.0,7310.0,7300.0,7300.0,200,0.0,0.0
2024-06-03 14:35:00+09:00,7310.0,7310.0,7310.0,7310.0,900,0.0,0.0
2024-06-03 14:40:00+09:00,7310.0,7310.0,7290.0,7290.0,1000,0.0,0.0
2024-06-03 14:45:00+09:00,7290.0,7290.0,7280.0,7290.0,1200,0.0,0.0
2024-06-03 14:50:00+09:00,7300.0,7310.0,7300.0,7310.0,1000,0.0,0.0
2024-06-03 14:55:00+09:00,7320.0,7350.0,7320.0,7340.0,4700,0.0,0.0
2024-06-04 09:00:00+09:00,7360.0,7420.0,7280.0,7420.0,4400,0.0,0.0
2024-06-04 09:05:00+09:00,7410.0,7410.0,7340.0,7390.0,3100,0.0,0.0
2024-06-04 09:10:00+09:00,7380.0,7410.0,7360.0,7390.0,2400,0.0,0.0
2024-06-04 09:15:00+09:00,7360.0,7380.0,7350.0,7350.0,1400,0.0,0.0
2024-06-04 09:20:00+09:00,7340.0,7370.0,7340.0,7360.0,600,0.0,0.0
2024-06-04 09:25:00+09:00,7350.0,7350.0,7350.0,7350.0,300,0.0,0.0
2024-06-04 09:30:00+09:00,7340.0,7340.0,7340.0,7340.0,400,0.0,0.0
2024-06-04 09:35:00+09:00,7350.0,7350.0,7350.0,7350.0,400,0.0,0.0
2024-06-04 09:40:00+09:00,7340.0,7340.0,7340.0,7340.0,0,0.0,0.0
2024-06-04 09:45:00+09:00,7340.0,7430.0,7340.0,7410.0,24300,0.0,0.0
2024-06-04 09:50:00+09:00,7420.0,7600.0,7420.0,7600.0,8700,0.0,0.0
2024-06-04 09:55:00+09:00,7570.0,7570.0,7500.0,7510.0,11600,0.0,0.0
2024-06-04 10:00:00+09:00,7530.0,7590.0,7530.0,7590.0,800,0.0,0.0
2024-06-04 10:05:00+09:00,7590.0,7630.0,7580.0,7630.0,4300,0.0,0.0
2024-06-04 10:10:00+09:00,7630.0,7630.0,7560.0,7560.0,4700,0.0,0.0
2024-06-04 10:15:00+09:00,7560.0,7570.0,7560.0,7570.0,500,0.0,0.0
2024-06-04 10:20:00+09:00,7580.0,7590.0,7580.0,7590.0,700,0.0,0.0
2024-06-04 10:25:00+09:00,7590.0,7590.0,7590.0,7590.0,500,0.0,0.0
2024-06-04 10:30:00+09:00,7590.0,7700.0,7590.0,7660.0,7000,0.0,0.0
2024-06-04 10:35:00+09:00,7660.0,7680.0,7610.0,7610.0,3400,0.0,0.0
2024-06-04 10:40:00+09:00,7620.0,7630.0,7600.0,7630.0,2400,0.0,0.0
2024-06-04 10:45:00+09:00,7630.0,7710.0,7630.0,7680.0,5300,0.0,0.0
2024-06-04 10:50:00+09:00,7680.0,7680.0,7650.0,7670.0,2400,0.0,0.0
2024-06-04 11:00:00+09:00,7680.0,7680.0,7670.0,7670.0,600,0.0,0.0
2024-06-04 11:05:00+09:00,7660.0,7680.0,7660.0,7680.0,600,0.0,0.0
2024-06-04 11:10:00+09:00,7670.0,7680.0,7670.0,7670.0,700,0.0,0.0
2024-06-04 11:15:00+09:00,7670.0,7710.0,7670.0,7710.0,2800,0.0,0.0
2024-06-04 11:20:00+09:00,7710.0,7710.0,7680.0,7700.0,2100,0.0,0.0
2024-06-04 11:25:00+09:00,7710.0,7730.0,7710.0,7720.0,1800,0.0,0.0
2024-06-04 11:30:00+09:00,7730.0,7730.0,7730.0,7730.0,200,0.0,0.0
2024-06-04 11:35:00+09:00,7730.0,7730.0,7730.0,7730.0,0,0.0,0.0
2024-06-04 12:30:00+09:00,7740.0,7740.0,7640.0,7680.0,91900,0.0,0.0
2024-06-04 12:35:00+09:00,7680.0,7680.0,7630.0,7630.0,2600,0.0,0.0
2024-06-04 12:40:00+09:00,7660.0,7690.0,7660.0,7680.0,800,0.0,0.0
2024-06-04 12:45:00+09:00,7680.0,7680.0,7660.0,7680.0,500,0.0,0.0
2024-06-04 12:50:00+09:00,7660.0,7680.0,7650.0,7670.0,3200,0.0,0.0
2024-06-04 12:55:00+09:00,7670.0,7670.0,7670.0,7670.0,300,0.0,0.0
2024-06-04 13:00:00+09:00,7660.0,7660.0,7640.0,7640.0,800,0.0,0.0
2024-06-04 13:05:00+09:00,7660.0,7660.0,7650.0,7650.0,300,0.0,0.0
2024-06-04 13:10:00+09:00,7660.0,7680.0,7660.0,7680.0,800,0.0,0.0
2024-06-04 13:15:00+09:00,7680.0,7680.0,7680.0,7680.0,100,0.0,0.0
2024-06-04 13:20:00+09:00,7660.0,7660.0,7630.0,7630.0,1400,0.0,0.0
2024-06-04 13:25:00+09:00,7630.0,7630.0,7610.0,7610.0,500,0.0,0.0
2024-06-04 13:30:00+09:00,7610.0,7610.0,7600.0,7600.0,1400,0.0,0.0
2024-06-04 13:35:00+09:00,7630.0,7630.0,7630.0,7630.0,100,0.0,0.0
2024-06-04 13:40:00+09:00,7620.0,7620.0,7610.0,7610.0,0,0.0,0.0
2024-06-04 13:45:00+09:00,7600.0,7640.0,7600.0,7640.0,108100,0.0,0.0
2024-06-04 13:50:00+09:00,7640.0,7640.0,7620.0,7620.0,700,0.0,0.0
2024-06-04 13:55:00+09:00,7620.0,7640.0,7620.0,7620.0,2200,0.0,0.0
2024-06-04 14:00:00+09:00,7630.0,7630.0,7600.0,7620.0,1200,0.0,0.0
2024-06-04 14:05:00+09:00,7610.0,7620.0,7610.0,7620.0,400,0.0,0.0
2024-06-04 14:10:00+09:00,7610.0,7610.0,7610.0,7610.0,400,0.0,0.0
2024-06-04 14:15:00+09:00,7610.0,7610.0,7610.0,7610.0,500,0.0,0.0
2024-06-04 14:20:00+09:00,7620.0,7660.0,7620.0,7660.0,2700,0.0,0.0
2024-06-04 14:25:00+09:00,7650.0,7650.0,7630.0,7640.0,2200,0.0,0.0
2024-06-04 14:30:00+09:00,7650.0,7650.0,7650.0,7650.0,100,0.0,0.0
2024-06-04 14:35:00+09:00,7640.0,7650.0,7640.0,7650.0,2900,0.0,0.0
2024-06-04 14:40:00+09:00,7640.0,7650.0,7630.0,7650.0,1900,0.0,0.0
2024-06-04 14:45:00+09:00,7660.0,7670.0,7650.0,7670.0,2500,0.0,0.0
2024-06-04 14:50:00+09:00,7680.0,7690.0,7670.0,7690.0,3300,0.0,0.0
2024-06-04 14:55:00+09:00,7690.0,7720.0,7670.0,7700.0,10400,0.0,0.0
2024-06-05 09:00:00+09:00,7490.0,7650.0,7490.0,7620.0,13100,0.0,0.0
2024-06-05 09:05:00+09:00,7640.0,7640.0,7540.0,7560.0,3600,0.0,0.0
2024-06-05 09:10:00+09:00,7600.0,7600.0,7530.0,7550.0,1500,0.0,0.0
2024-06-05 09:15:00+09:00,7550.0,7550.0,7540.0,7550.0,800,0.0,0.0
2024-06-05 09:20:00+09:00,7560.0,7590.0,7530.0,7550.0,2000,0.0,0.0
2024-06-05 09:25:00+09:00,7540.0,7590.0,7500.0,7590.0,8200,0.0,0.0
2024-06-05 09:30:00+09:00,7600.0,7660.0,7600.0,7610.0,3000,0.0,0.0
2024-06-05 09:35:00+09:00,7600.0,7620.0,7570.0,7620.0,1500,0.0,0.0
2024-06-05 09:40:00+09:00,7620.0,7640.0,7600.0,7640.0,2200,0.0,0.0
2024-06-05 09:45:00+09:00,7650.0,7720.0,7650.0,7660.0,5900,0.0,0.0
2024-06-05 09:50:00+09:00,7660.0,7660.0,7650.0,7650.0,300,0.0,0.0
2024-06-05 09:55:00+09:00,7670.0,7680.0,7670.0,7680.0,900,0.0,0.0
2024-06-05 10:00:00+09:00,7680.0,7680.0,7650.0,7680.0,1600,0.0,0.0
2024-06-05 10:05:00+09:00,7680.0,7680.0,7680.0,7680.0,100,0.0,0.0
2024-06-05 10:10:00+09:00,7670.0,7690.0,7670.0,7670.0,500,0.0,0.0
2024-06-05 10:15:00+09:00,7690.0,7690.0,7690.0,7690.0,200,0.0,0.0
2024-06-05 10:25:00+09:00,7680.0,7680.0,7680.0,7680.0,400,0.0,0.0
2024-06-05 10:30:00+09:00,7680.0,7680.0,7680.0,7680.0,300,0.0,0.0
2024-06-05 10:35:00+09:00,7670.0,7690.0,7660.0,7680.0,1300,0.0,0.0
2024-06-05 10:40:00+09:00,7700.0,7700.0,7700.0,7700.0,1500,0.0,0.0
2024-06-05 10:45:00+09:00,7710.0,7730.0,7710.0,7720.0,1200,0.0,0.0
2024-06-05 10:50:00+09:00,7700.0,7700.0,7650.0,7650.0,3100,0.0,0.0
2024-06-05 10:55:00+09:00,7660.0,7660.0,7650.0,7650.0,700,0.0,0.0
2024-06-05 11:00:00+09:00,7660.0,7680.0,7660.0,7680.0,800,0.0,0.0
2024-06-05 11:05:00+09:00,7680.0,7680.0,7670.0,7670.0,400,0.0,0.0
2024-06-05 11:10:00+09:00,7680.0,7680.0,7680.0,7680.0,100,0.0,0.0
2024-06-05 11:15:00+09:00,7680.0,7710.0,7680.0,7710.0,600,0.0,0.0
2024-06-05 11:20:00+09:00,7700.0,7700.0,7700.0,7700.0,100,0.0,0.0
2024-06-05 11:25:00+09:00,7700.0,7710.0,7670.0,7710.0,2100,0.0,0.0
2024-06-05 11:30:00+09:00,7710.0,7710.0,7710.0,7710.0,400,0.0,0.0
2024-06-05 11:35:00+09:00,7710.0,7710.0,7710.0,7710.0,0,0.0,0.0
2024-06-05 12:30:00+09:00,7710.0,7710.0,7690.0,7700.0,60500,0.0,0.0
2024-06-05 12:35:00+09:00,7710.0,7710.0,7690.0,7690.0,500,0.0,0.0
2024-06-05 12:40:00+09:00,7700.0,7700.0,7700.0,7700.0,100,0.0,0.0
2024-06-05 12:45:00+09:00,7690.0,7690.0,7680.0,7680.0,300,0.0,0.0
2024-06-05 12:50:00+09:00,7680.0,7680.0,7680.0,7680.0,400,0.0,0.0
2024-06-05 12:55:00+09:00,7680.0,7690.0,7680.0,7690.0,200,0.0,0.0
2024-06-05 13:00:00+09:00,7670.0,7670.0,7670.0,7670.0,200,0.0,0.0
2024-06-05 13:05:00+09:00,7650.0,7650.0,7640.0,7640.0,1400,0.0,0.0
2024-06-05 13:10:00+09:00,7630.0,7640.0,7600.0,7600.0,1600,0.0,0.0
2024-06-05 13:15:00+09:00,7610.0,7610.0,7600.0,7600.0,1200,0.0,0.0
2024-06-05 13:20:00+09:00,7610.0,7660.0,7610.0,7640.0,1800,0.0,0.0
2024-06-05 13:25:00+09:00,7650.0,7650.0,7610.0,7640.0,5700,0.0,0.0
2024-06-05 13:30:00+09:00,7650.0,7660.0,7650.0,7660.0,300,0.0,0.0
2024-06-05 13:35:00+09:00,7660.0,7660.0,7660.0,7660.0,300,0.0,0.0
2024-06-05 13:40:00+09:00,7660.0,7670.0,7660.0,7670.0,200,0.0,0.0
2024-06-05 13:45:00+09:00,7670.0,7670.0,7670.0,7670.0,500,0.0,0.0
2024-06-05 13:50:00+09:00,7680.0,7680.0,7680.0,7680.0,400,0.0,0.0
2024-06-05 13:55:00+09:00,7700.0,7710.0,7700.0,7710.0,700,0.0,0.0
2024-06-05 14:00:00+09:00,7710.0,7710.0,7700.0,7700.0,900,0.0,0.0
2024-06-05 14:05:00+09:00,7690.0,7690.0,7680.0,7680.0,300,0.0,0.0
2024-06-05 14:10:00+09:00,7700.0,7700.0,7690.0,7690.0,200,0.0,0.0
2024-06-05 14:15:00+09:00,7680.0,7680.0,7670.0,7670.0,700,0.0,0.0
2024-06-05 14:20:00+09:00,7670.0,7670.0,7660.0,7660.0,300,0.0,0.0
2024-06-05 14:25:00+09:00,7660.0,7670.0,7660.0,7670.0,700,0.0,0.0
2024-06-05 14:30:00+09:00,7670.0,7670.0,7670.0,7670.0,200,0.0,0.0
2024-06-05 14:35:00+09:00,7670.0,7680.0,7660.0,7670.0,1300,0.0,0.0
2024-06-05 14:40:00+09:00,7660.0,7670.0,7660.0,7660.0,800,0.0,0.0
2024-06-05 14:45:00+09:00,7660.0,7660.0,7660.0,7660.0,900,0.0,0.0
2024-06-05 14:50:00+09:00,7650.0,7670.0,7650.0,7650.0,1800,0.0,0.0
2024-06-05 14:55:00+09:00,7650.0,7680.0,7650.0,7680.0,2200,0.0,0.0
2024-06-06 09:00:00+09:00,7670.0,7850.0,7660.0,7760.0,13500,0.0,0.0
2024-06-06 09:05:00+09:00,7750.0,7750.0,7660.0,7670.0,3600,0.0,0.0
2024-06-06 09:10:00+09:00,7680.0,7700.0,7670.0,7700.0,700,0.0,0.0
2024-06-06 09:15:00+09:00,7730.0,7750.0,7690.0,7730.0,3100,0.0,0.0
2024-06-06 09:20:00+09:00,7740.0,7780.0,7730.0,7740.0,4200,0.0,0.0
2024-06-06 09:25:00+09:00,7750.0,7760.0,7730.0,7740.0,1800,0.0,0.0
2024-06-06 09:30:00+09:00,7740.0,7740.0,7730.0,7740.0,1300,0.0,0.0
2024-06-06 09:35:00+09:00,7730.0,7750.0,7730.0,7750.0,600,0.0,0.0
2024-06-06 09:40:00+09:00,7740.0,7740.0,7720.0,7720.0,1000,0.0,0.0
2024-06-06 09:45:00+09:00,7720.0,7720.0,7720.0,7720.0,200,0.0,0.0
2024-06-06 09:55:00+09:00,7740.0,7740.0,7730.0,7730.0,300,0.0,0.0
2024-06-06 10:00:00+09:00,7720.0,7720.0,7650.0,7650.0,2400,0.0,0.0
2024-06-06 10:05:00+09:00,7650.0,7670.0,7600.0,7640.0,0,0.0,0.0
2024-06-06 10:10:00+09:00,7640.0,7640.0,7610.0,7610.0,37800,0.0,0.0
2024-06-06 10:15:00+09:00,7610.0,7640.0,7610.0,7640.0,600,0.0,0.0
2024-06-06 10:20:00+09:00,7630.0,7630.0,7630.0,7630.0,100,0.0,0.0
2024-06-06 10:25:00+09:00,7610.0,7610.0,7600.0,7600.0,1000,0.0,0.0
2024-06-06 10:30:00+09:00,7620.0,7640.0,7620.0,7640.0,300,0.0,0.0
2024-06-06 10:35:00+09:00,7630.0,7630.0,7630.0,7630.0,100,0.0,0.0
2024-06-06 10:40:00+09:00,7620.0,7620.0,7610.0,7620.0,500,0.0,0.0
2024-06-06 10:45:00+09:00,7630.0,7640.0,7630.0,7640.0,1100,0.0,0.0
2024-06-06 10:50:00+09:00,7650.0,7660.0,7640.0,7640.0,900,0.0,0.0
2024-06-06 11:05:00+09:00,7630.0,7630.0,7610.0,7610.0,700,0.0,0.0
2024-06-06 11:10:00+09:00,7600.0,7610.0,7600.0,7610.0,900,0.0,0.0
2024-06-06 11:15:00+09:00,7610.0,7610.0,7590.0,7600.0,1100,0.0,0.0
2024-06-06 11:20:00+09:00,7590.0,7590.0,7530.0,7530.0,3500,0.0,0.0
2024-06-06 11:25:00+09:00,7540.0,7580.0,7510.0,7570.0,6600,0.0,0.0
2024-06-06 11:30:00+09:00,7560.0,7560.0,7560.0,7560.0,100,0.0,0.0
2024-06-06 11:35:00+09:00,7560.0,7560.0,7560.0,7560.0,0,0.0,0.0
2024-06-06 12:30:00+09:00,7550.0,7560.0,7510.0,7560.0,58100,0.0,0.0
2024-06-06 12:35:00+09:00,7560.0,7580.0,7560.0,7580.0,500,0.0,0.0
2024-06-06 12:40:00+09:00,7580.0,7590.0,7570.0,7570.0,1000,0.0,0.0
2024-06-06 12:45:00+09:00,7580.0,7580.0,7580.0,7580.0,200,0.0,0.0
2024-06-06 12:50:00+09:00,7580.0,7580.0,7570.0,7580.0,400,0.0,0.0
2024-06-06 12:55:00+09:00,7580.0,7590.0,7580.0,7580.0,500,0.0,0.0
2024-06-06 13:00:00+09:00,7590.0,7590.0,7590.0,7590.0,200,0.0,0.0
2024-06-06 13:05:00+09:00,7590.0,7590.0,7570.0,7570.0,400,0.0,0.0
2024-06-06 13:10:00+09:00,7570.0,7570.0,7570.0,7570.0,500,0.0,0.0
2024-06-06 13:25:00+09:00,7560.0,7560.0,7540.0,7540.0,1400,0.0,0.0
2024-06-06 13:30:00+09:00,7540.0,7540.0,7520.0,7520.0,400,0.0,0.0
2024-06-06 13:35:00+09:00,7530.0,7530.0,7530.0,7530.0,200,0.0,0.0
2024-06-06 13:40:00+09:00,7530.0,7530.0,7520.0,7520.0,0,0.0,0.0
2024-06-06 13:45:00+09:00,7520.0,7550.0,7520.0,7530.0,65700,0.0,0.0
2024-06-06 13:50:00+09:00,7530.0,7530.0,7520.0,7520.0,400,0.0,0.0
2024-06-06 13:55:00+09:00,7530.0,7530.0,7530.0,7530.0,700,0.0,0.0
2024-06-06 14:00:00+09:00,7550.0,7560.0,7540.0,7550.0,1100,0.0,0.0
2024-06-06 14:05:00+09:00,7550.0,7550.0,7550.0,7550.0,200,0.0,0.0
2024-06-06 14:10:00+09:00,7550.0,7550.0,7550.0,7550.0,100,0.0,0.0
2024-06-06 14:30:00+09:00,7540.0,7550.0,7530.0,7550.0,1100,0.0,0.0
2024-06-06 14:35:00+09:00,7540.0,7540.0,7540.0,7540.0,300,0.0,0.0
2024-06-06 14:40:00+09:00,7550.0,7550.0,7540.0,7540.0,500,0.0,0.0
2024-06-06 14:45:00+09:00,7530.0,7540.0,7520.0,7540.0,2200,0.0,0.0
2024-06-06 14:50:00+09:00,7540.0,7550.0,7540.0,7540.0,1700,0.0,0.0
2024-06-06 14:55:00+09:00,7550.0,7570.0,7550.0,7550.0,3100,0.0,0.0
2024-06-07 09:00:00+09:00,7600.0,7680.0,7580.0,7600.0,5800,0.0,0.0
2024-06-07 09:05:00+09:00,7580.0,7580.0,7540.0,7540.0,2200,0.0,0.0
2024-06-07 09:10:00+09:00,7550.0,7600.0,7550.0,7600.0,500,0.0,0.0
2024-06-07 09:15:00+09:00,7590.0,7610.0,7580.0,7610.0,1200,0.0,0.0
2024-06-07 09:20:00+09:00,7600.0,7600.0,7600.0,7600.0,200,0.0,0.0
2024-06-07 09:25:00+09:00,7610.0,7610.0,7590.0,7590.0,1000,0.0,0.0
2024-06-07 09:30:00+09:00,7600.0,7600.0,7600.0,7600.0,600,0.0,0.0
2024-06-07 09:35:00+09:00,7600.0,7630.0,7600.0,7630.0,300,0.0,0.0
2024-06-07 09:40:00+09:00,7620.0,7620.0,7530.0,7530.0,2400,0.0,0.0
2024-06-07 09:45:00+09:00,7540.0,7570.0,7540.0,7570.0,900,0.0,0.0
2024-06-07 09:50:00+09:00,7570.0,7570.0,7550.0,7550.0,600,0.0,0.0
2024-06-07 10:00:00+09:00,7540.0,7600.0,7540.0,7570.0,5000,0.0,0.0
2024-06-07 10:05:00+09:00,7570.0,7570.0,7560.0,7560.0,800,0.0,0.0
2024-06-07 10:10:00+09:00,7550.0,7550.0,7540.0,7540.0,500,0.0,0.0
2024-06-07 10:15:00+09:00,7550.0,7550.0,7550.0,7550.0,100,0.0,0.0
2024-06-07 10:20:00+09:00,7550.0,7550.0,7540.0,7540.0,400,0.0,0.0
2024-06-07 10:25:00+09:00,7530.0,7550.0,7530.0,7550.0,200,0.0,0.0
2024-06-07 10:35:00+09:00,7540.0,7540.0,7520.0,7520.0,1800,0.0,0.0
2024-06-07 10:40:00+09:00,7520.0,7520.0,7510.0,7510.0,300,0.0,0.0
2024-06-07 10:45:00+09:00,7510.0,7510.0,7490.0,7490.0,800,0.0,0.0
2024-06-07 10:50:00+09:00,7480.0,7480.0,7440.0,7440.0,1700,0.0,0.0
2024-06-07 10:55:00+09:00,7440.0,7440.0,7420.0,7430.0,500,0.0,0.0
2024-06-07 11:00:00+09:00,7420.0,7440.0,7420.0,7440.0,800,0.0,0.0
2024-06-07 11:05:00+09:00,7460.0,7460.0,7460.0,7460.0,300,0.0,0.0
2024-06-07 11:10:00+09:00,7470.0,7480.0,7470.0,7480.0,200,0.0,0.0
2024-06-07 11:15:00+09:00,7480.0,7480.0,7480.0,7480.0,200,0.0,0.0
2024-06-07 11:25:00+09:00,7470.0,7480.0,7470.0,7480.0,700,0.0,0.0
2024-06-07 11:30:00+09:00,7490.0,7490.0,7490.0,7490.0,100,0.0,0.0
2024-06-07 11:35:00+09:00,7490.0,7490.0,7490.0,7490.0,0,0.0,0.0
2024-06-07 12:30:00+09:00,7450.0,7480.0,7450.0,7460.0,34100,0.0,0.0
2024-06-07 12:35:00+09:00,7450.0,7450.0,7450.0,7450.0,200,0.0,0.0
2024-06-07 12:40:00+09:00,7450.0,7450.0,7440.0,7440.0,400,0.0,0.0
2024-06-07 12:55:00+09:00,7450.0,7450.0,7450.0,7450.0,500,0.0,0.0
2024-06-07 13:00:00+09:00,7460.0,7460.0,7440.0,7440.0,800,0.0,0.0
2024-06-07 13:05:00+09:00,7450.0,7450.0,7440.0,7440.0,400,0.0,0.0
2024-06-07 13:10:00+09:00,7430.0,7430.0,7430.0,7430.0,700,0.0,0.0
2024-06-07 13:15:00+09:00,7440.0,7440.0,7440.0,7440.0,200,0.0,0.0
2024-06-07 13:20:00+09:00,7440.0,7440.0,7440.0,7440.0,100,0.0,0.0
2024-06-07 13:25:00+09:00,7440.0,7440.0,7440.0,7440.0,100,0.0,0.0
2024-06-07 13:30:00+09:00,7440.0,7450.0,7440.0,7450.0,500,0.0,0.0
2024-06-07 13:35:00+09:00,7460.0,7460.0,7440.0,7440.0,400,0.0,0.0
2024-06-07 13:45:00+09:00,7450.0,7450.0,7450.0,7450.0,100,0.0,0.0
2024-06-07 13:50:00+09:00,7450.0,7450.0,7450.0,7450.0,300,0.0,0.0
2024-06-07 14:10:00+09:00,7440.0,7440.0,7430.0,7430.0,1100,0.0,0.0
2024-06-07 14:15:00+09:00,7420.0,7420.0,7420.0,7420.0,600,0.0,0.0
2024-06-07 14:20:00+09:00,7420.0,7420.0,7420.0,7420.0,200,0.0,0.0
2024-06-07 14:25:00+09:00,7420.0,7420.0,7420.0,7420.0,500,0.0,0.0
2024-06-07 14:30:00+09:00,7430.0,7440.0,7420.0,7440.0,1200,0.0,0.0
2024-06-07 14:35:00+09:00,7440.0,7440.0,7430.0,7430.0,200,0.0,0.0
2024-06-07 14:40:00+09:00,7440.0,7440.0,7410.0,7420.0,2200,0.0,0.0
2024-06-07 14:45:00+09:00,7410.0,7410.0,7400.0,7400.0,1700,0.0,0.0
2024-06-07 14:50:00+09:00,7410.0,7410.0,7390.0,7400.0,5600,0.0,0.0
2024-06-07 14:55:00+09:00,7410.0,7430.0,7400.0,7420.0,2700,0.0,0.0
2024-06-10 09:00:00+09:00,7350.0,7480.0,7320.0,7470.0,7000,0.0,0.0
2024-06-10 09:05:00+09:00,7480.0,7570.0,7480.0,7570.0,3000,0.0,0.0
2024-06-10 09:10:00+09:00,7540.0,7590.0,7500.0,7580.0,2900,0.0,0.0
2024-06-10 09:15:00+09:00,7590.0,7600.0,7580.0,7600.0,1000,0.0,0.0
2024-06-10 09:20:00+09:00,7600.0,7660.0,7600.0,7660.0,3200,0.0,0.0
2024-06-10 09:25:00+09:00,7670.0,7700.0,7660.0,7670.0,2800,0.0,0.0
2024-06-10 09:30:00+09:00,7680.0,7690.0,7680.0,7680.0,900,0.0,0.0
2024-06-10 09:35:00+09:00,7670.0,7670.0,7620.0,7640.0,1800,0.0,0.0
2024-06-10 09:40:00+09:00,7630.0,7660.0,7630.0,7650.0,1500,0.0,0.0
2024-06-10 09:45:00+09:00,7670.0,7680.0,7670.0,7680.0,1000,0.0,0.0
2024-06-10 09:50:00+09:00,7680.0,7720.0,7680.0,7710.0,2500,0.0,0.0
2024-06-10 09:55:00+09:00,7710.0,7710.0,7680.0,7680.0,800,0.0,0.0
2024-06-10 10:00:00+09:00,7690.0,7750.0,7690.0,7750.0,3500,0.0,0.0
2024-06-10 10:05:00+09:00,7750.0,7750.0,7730.0,7730.0,900,0.0,0.0
2024-06-10 10:10:00+09:00,7740.0,7740.0,7740.0,7740.0,300,0.0,0.0
2024-06-10 10:15:00+09:00,7730.0,7730.0,7710.0,7710.0,700,0.0,0.0
2024-06-10 10:20:00+09:00,7720.0,7720.0,7710.0,7720.0,300,0.0,0.0
2024-06-10 10:25:00+09:00,7730.0,7740.0,7730.0,7730.0,1300,0.0,0.0
2024-06-10 10:30:00+09:00,7740.0,7750.0,7730.0,7740.0,2100,0.0,0.0
2024-06-10 10:35:00+09:00,7760.0,7770.0,7760.0,7770.0,1200,0.0,0.0
2024-06-10 10:40:00+09:00,7780.0,7790.0,7780.0,7790.0,1000,0.0,0.0
2024-06-10 10:45:00+09:00,7780.0,7780.0,7780.0,7780.0,600,0.0,0.0
2024-06-10 10:50:00+09:00,7770.0,7770.0,7750.0,7750.0,700,0.0,0.0
2024-06-10 10:55:00+09:00,7760.0,7760.0,7750.0,7750.0,1000,0.0,0.0
2024-06-10 11:00:00+09:00,7740.0,7760.0,7720.0,7760.0,1000,0.0,0.0
2024-06-10 11:05:00+09:00,7770.0,7770.0,7770.0,7770.0,300,0.0,0.0
2024-06-10 11:10:00+09:00,7770.0,7770.0,7760.0,7760.0,900,0.0,0.0
2024-06-10 11:15:00+09:00,7750.0,7750.0,7750.0,7750.0,600,0.0,0.0
2024-06-10 11:20:00+09:00,7770.0,7770.0,7750.0,7770.0,700,0.0,0.0
2024-06-10 11:25:00+09:00,7760.0,7760.0,7740.0,7740.0,1000,0.0,0.0
2024-06-10 11:30:00+09:00,7740.0,7740.0,7740.0,7740.0,1100,0.0,0.0
2024-06-10 11:35:00+09:00,7740.0,7740.0,7740.0,7740.0,0,0.0,0.0
2024-06-10 12:30:00+09:00,7780.0,7790.0,7770.0,7770.0,52200,0.0,0.0
2024-06-10 12:35:00+09:00,7770.0,7770.0,7760.0,7760.0,600,0.0,0.0
2024-06-10 12:40:00+09:00,7750.0,7760.0,7740.0,7760.0,1300,0.0,0.0
2024-06-10 12:45:00+09:00,7760.0,7760.0,7750.0,7760.0,1400,0.0,0.0
2024-06-10 12:50:00+09:00,7770.0,7780.0,7770.0,7770.0,1200,0.0,0.0
2024-06-10 12:55:00+09:00,7760.0,7760.0,7740.0,7740.0,1200,0.0,0.0
2024-06-10 13:00:00+09:00,7740.0,7770.0,7740.0,7770.0,1600,0.0,0.0
2024-06-10 13:05:00+09:00,7780.0,7780.0,7770.0,7770.0,500,0.0,0.0
2024-06-10 13:10:00+09:00,7760.0,7760.0,7750.0,7750.0,600,0.0,0.0
2024-06-10 13:15:00+09:00,7750.0,7750.0,7750.0,7750.0,200,0.0,0.0
2024-06-10 13:20:00+09:00,7760.0,7760.0,7750.0,7750.0,400,0.0,0.0
2024-06-10 13:25:00+09:00,7760.0,7770.0,7760.0,7760.0,900,0.0,0.0
2024-06-10 13:30:00+09:00,7760.0,7760.0,7760.0,7760.0,300,0.0,0.0
2024-06-10 13:35:00+09:00,7760.0,7760.0,7760.0,7760.0,100,0.0,0.0
2024-06-10 13:40:00+09:00,7760.0,7780.0,7760.0,7780.0,800,0.0,0.0
2024-06-10 13:45:00+09:00,7780.0,7780.0,7770.0,7780.0,1500,0.0,0.0
2024-06-10 13:50:00+09:00,7780.0,7780.0,7780.0,7780.0,100,0.0,0.0
2024-06-10 13:55:00+09:00,7790.0,7790.0,7790.0,7790.0,300,0.0,0.0
2024-06-10 14:00:00+09:00,7790.0,7800.0,7790.0,7800.0,1300,0.0,0.0
2024-06-10 14:05:00+09:00,7800.0,7800.0,7790.0,7800.0,500,0.0,0.0
2024-06-10 14:10:00+09:00,7800.0,7800.0,7800.0,7800.0,100,0.0,0.0
2024-06-10 14:15:00+09:00,7790.0,7820.0,7790.0,7810.0,4700,0.0,0.0
2024-06-10 14:20:00+09:00,7810.0,7810.0,7810.0,7810.0,600,0.0,0.0
2024-06-10 14:25:00+09:00,7810.0,7810.0,7800.0,7800.0,1000,0.0,0.0
2024-06-10 14:30:00+09:00,7790.0,7800.0,7790.0,7800.0,1000,0.0,0.0
2024-06-10 14:35:00+09:00,7800.0,7800.0,7790.0,7790.0,500,0.0,0.0
2024-06-10 14:40:00+09:00,7800.0,7800.0,7800.0,7800.0,200,0.0,0.0
2024-06-10 14:45:00+09:00,7800.0,7820.0,7800.0,7820.0,2600,0.0,0.0
2024-06-10 14:50:00+09:00,7830.0,7830.0,7810.0,7810.0,1900,0.0,0.0
2024-06-10 14:55:00+09:00,7820.0,7830.0,7810.0,7820.0,1700,0.0,0.0
2024-06-11 09:00:00+09:00,7880.0,7940.0,7830.0,7830.0,11300,0.0,0.0
2024-06-11 09:05:00+09:00,7850.0,7850.0,7740.0,7760.0,7000,0.0,0.0
2024-06-11 09:10:00+09:00,7770.0,7820.0,7770.0,7790.0,2200,0.0,0.0
2024-06-11 09:15:00+09:00,7780.0,7810.0,7770.0,7810.0,900,0.0,0.0
2024-06-11 09:20:00+09:00,7810.0,7840.0,7810.0,7840.0,800,0.0,0.0
2024-06-11 09:25:00+09:00,7850.0,7850.0,7800.0,7820.0,3100,0.0,0.0
2024-06-11 09:30:00+09:00,7820.0,7820.0,7800.0,7800.0,800,0.0,0.0
2024-06-11 09:35:00+09:00,7820.0,7840.0,7820.0,7840.0,800,0.0,0.0
2024-06-11 09:40:00+09:00,7840.0,7840.0,7820.0,7820.0,500,0.0,0.0
2024-06-11 09:45:00+09:00,7820.0,7830.0,7820.0,7830.0,600,0.0,0.0
2024-06-11 09:50:00+09:00,7830.0,7840.0,7820.0,7840.0,0,0.0,0.0
2024-06-11 09:55:00+09:00,7840.0,7840.0,7820.0,7820.0,30600,0.0,0.0
2024-06-11 10:00:00+09:00,7800.0,7800.0,7780.0,7790.0,2700,0.0,0.0
2024-06-11 10:05:00+09:00,7810.0,7830.0,7810.0,7830.0,800,0.0,0.0
2024-06-11 10:10:00+09:00,7830.0,7830.0,7810.0,7810.0,1300,0.0,0.0
2024-06-11 10:15:00+09:00,7800.0,7800.0,7750.0,7780.0,5900,0.0,0.0
2024-06-11 10:20:00+09:00,7790.0,7800.0,7790.0,7800.0,500,0.0,0.0
2024-06-11 10:25:00+09:00,7800.0,7800.0,7800.0,7800.0,300,0.0,0.0
2024-06-11 10:30:00+09:00,7800.0,7810.0,7780.0,7810.0,1500,0.0,0.0
2024-06-11 10:35:00+09:00,7810.0,7830.0,7810.0,7830.0,400,0.0,0.0
2024-06-11 10:40:00+09:00,7810.0,7810.0,7790.0,7790.0,800,0.0,0.0
2024-06-11 10:45:00+09:00,7810.0,7850.0,7810.0,7850.0,1800,0.0,0.0
2024-06-11 10:50:00+09:00,7850.0,7850.0,7840.0,7840.0,300,0.0,0.0
2024-06-11 10:55:00+09:00,7850.0,7860.0,7850.0,7860.0,800,0.0,0.0
2024-06-11 11:00:00+09:00,7870.0,7870.0,7830.0,7830.0,700,0.0,0.0
2024-06-11 11:10:00+09:00,7830.0,7830.0,7830.0,7830.0,600,0.0,0.0
2024-06-11 11:15:00+09:00,7850.0,7850.0,7850.0,7850.0,200,0.0,0.0
2024-06-11 11:20:00+09:00,7850.0,7850.0,7840.0,7850.0,500,0.0,0.0
2024-06-11 11:25:00+09:00,7840.0,7840.0,7840.0,7840.0,100,0.0,0.0
2024-06-11 11:30:00+09:00,7860.0,7860.0,7860.0,7860.0,100,0.0,0.0
2024-06-11 11:35:00+09:00,7860.0,7860.0,7860.0,7860.0,0,0.0,0.0
2024-06-11 12:30:00+09:00,7860.0,7860.0,7850.0,7860.0,52000,0.0,0.0
2024-06-11 12:35:00+09:00,7850.0,7890.0,7850.0,7880.0,2400,0.0,0.0
2024-06-11 12:40:00+09:00,7870.0,7870.0,7870.0,7870.0,100,0.0,0.0
2024-06-11 12:45:00+09:00,7860.0,7860.0,7830.0,7830.0,500,0.0,0.0
2024-06-11 12:50:00+09:00,7840.0,7840.0,7840.0,7840.0,100,0.0,0.0
2024-06-11 12:55:00+09:00,7840.0,7840.0,7840.0,7840.0,100,0.0,0.0
2024-06-11 13:00:00+09:00,7830.0,7830.0,7820.0,7820.0,1100,0.0,0.0
2024-06-11 13:05:00+09:00,7830.0,7840.0,7830.0,7840.0,300,0.0,0.0
2024-06-11 13:10:00+09:00,7840.0,7850.0,7840.0,7850.0,200,0.0,0.0
2024-06-11 13:15:00+09:00,7830.0,7830.0,7830.0,7830.0,100,0.0,0.0
2024-06-11 13:20:00+09:00,7850.0,7860.0,7840.0,7860.0,500,0.0,0.0
2024-06-11 13:25:00+09:00,7860.0,7860.0,7850.0,7850.0,200,0.0,0.0
2024-06-11 13:35:00+09:00,7840.0,7840.0,7830.0,7830.0,600,0.0,0.0
2024-06-11 13:40:00+09:00,7840.0,7840.0,7840.0,7840.0,100,0.0,0.0
2024-06-11 13:45:00+09:00,7850.0,7850.0,7840.0,7840.0,500,0.0,0.0
2024-06-11 13:55:00+09:00,7840.0,7840.0,7840.0,7840.0,400,0.0,0.0
2024-06-11 14:00:00+09:00,7830.0,7830.0,7830.0,7830.0,100,0.0,0.0
2024-06-11 14:05:00+09:00,7830.0,7830.0,7830.0,7830.0,100,0.0,0.0
2024-06-11 14:10:00+09:00,7840.0,7850.0,7840.0,7850.0,400,0.0,0.0
2024-06-11 14:15:00+09:00,7850.0,7850.0,7840.0,7840.0,300,0.0,0.0
2024-06-11 14:20:00+09:00,7840.0,7850.0,7840.0,7850.0,200,0.0,0.0
2024-06-11 14:25:00+09:00,7840.0,7840.0,7840.0,7840.0,300,0.0,0.0
2024-06-11 14:30:00+09:00,7830.0,7830.0,7830.0,7830.0,100,0.0,0.0
2024-06-11 14:35:00+09:00,7830.0,7830.0,7830.0,7830.0,300,0.0,0.0
2024-06-11 14:40:00+09:00,7830.0,7830.0,7800.0,7800.0,900,0.0,0.0
2024-06-11 14:45:00+09:00,7810.0,7810.0,7810.0,7810.0,300,0.0,0.0
2024-06-11 14:50:00+09:00,7810.0,7810.0,7800.0,7800.0,400,0.0,0.0
2024-06-11 14:55:00+09:00,7800.0,7810.0,7790.0,7800.0,1800,0.0,0.0
2024-06-12 09:00:00+09:00,7730.0,7830.0,7720.0,7720.0,6300,0.0,0.0
2024-06-12 09:05:00+09:00,7740.0,7740.0,7700.0,7700.0,1000,0.0,0.0
2024-06-12 09:10:00+09:00,7710.0,7720.0,7700.0,7710.0,1100,0.0,0.0
2024-06-12 09:15:00+09:00,7740.0,7750.0,7740.0,7750.0,400,0.0,0.0
2024-06-12 09:20:00+09:00,7750.0,7770.0,7730.0,7730.0,900,0.0,0.0
2024-06-12 09:25:00+09:00,7740.0,7740.0,7730.0,7730.0,800,0.0,0.0
2024-06-12 09:30:00+09:00,7720.0,7720.0,7710.0,7710.0,400,0.0,0.0
2024-06-12 09:35:00+09:00,7720.0,7730.0,7720.0,7730.0,600,0.0,0.0
2024-06-12 09:45:00+09:00,7730.0,7730.0,7700.0,7710.0,900,0.0,0.0
2024-06-12 09:50:00+09:00,7720.0,7720.0,7720.0,7720.0,200,0.0,0.0
2024-06-12 09:55:00+09:00,7740.0,7750.0,7740.0,7750.0,500,0.0,0.0
2024-06-12 10:10:00+09:00,7730.0,7730.0,7720.0,7720.0,600,0.0,0.0
2024-06-12 10:15:00+09:00,7720.0,7730.0,7720.0,7730.0,200,0.0,0.0
2024-06-12 10:25:00+09:00,7730.0,7750.0,7730.0,7750.0,600,0.0,0.0
2024-06-12 10:30:00+09:00,7760.0,7760.0,7750.0,7750.0,700,0.0,0.0
2024-06-12 10:45:00+09:00,7760.0,7770.0,7760.0,7770.0,200,0.0,0.0
2024-06-12 10:50:00+09:00,7780.0,7780.0,7780.0,7780.0,400,0.0,0.0
2024-06-12 10:55:00+09:00,7770.0,7770.0,7750.0,7750.0,400,0.0,0.0
2024-06-12 11:25:00+09:00,7750.0,7750.0,7740.0,7750.0,600,0.0,0.0
2024-06-12 11:35:00+09:00,7750.0,7750.0,7750.0,7750.0,0,0.0,0.0
2024-06-12 12:30:00+09:00,7770.0,7790.0,7770.0,7790.0,19100,0.0,0.0
2024-06-12 12:40:00+09:00,7770.0,7770.0,7770.0,7770.0,100,0.0,0.0
2024-06-12 12:55:00+09:00,7770.0,7770.0,7770.0,7770.0,200,0.0,0.0
2024-06-12 13:10:00+09:00,7760.0,7770.0,7760.0,7770.0,200,0.0,0.0
2024-06-12 13:20:00+09:00,7770.0,7770.0,7760.0,7760.0,600,0.0,0.0
2024-06-12 13:35:00+09:00,7770.0,7770.0,7770.0,7770.0,300,0.0,0.0
2024-06-12 13:45:00+09:00,7770.0,7770.0,7770.0,7770.0,500,0.0,0.0
2024-06-12 13:50:00+09:00,7760.0,7760.0,7760.0,7760.0,200,0.0,0.0
2024-06-12 14:05:00+09:00,7760.0,7760.0,7760.0,7760.0,100,0.0,0.0
2024-06-12 14:10:00+09:00,7760.0,7760.0,7750.0,7750.0,300,0.0,0.0
2024-06-12 14:25:00+09:00,7740.0,7760.0,7740.0,7760.0,500,0.0,0.0
2024-06-12 14:30:00+09:00,7750.0,7750.0,7750.0,7750.0,300,0.0,0.0
2024-06-12 14:45:00+09:00,7750.0,7760.0,7750.0,7760.0,800,0.0,0.0
2024-06-12 14:50:00+09:00,7770.0,7780.0,7770.0,7780.0,500,0.0,0.0
2024-06-12 14:55:00+09:00,7780.0,7790.0,7770.0,7780.0,1200,0.0,0.0
2024-06-13 09:00:00+09:00,7890.0,7910.0,7840.0,7840.0,5400,0.0,0.0
2024-06-13 09:05:00+09:00,7820.0,7890.0,7780.0,7890.0,2200,0.0,0.0
2024-06-13 09:10:00+09:00,7890.0,7890.0,7860.0,7860.0,2200,0.0,0.0
2024-06-13 09:15:00+09:00,7860.0,7860.0,7860.0,7860.0,600,0.0,0.0
2024-06-13 09:20:00+09:00,7860.0,7860.0,7860.0,7860.0,600,0.0,0.0
2024-06-13 09:25:00+09:00,7850.0,7850.0,7850.0,7850.0,100,0.0,0.0
2024-06-13 09:30:00+09:00,7840.0,7840.0,7820.0,7820.0,200,0.0,0.0
2024-06-13 09:35:00+09:00,7820.0,7850.0,7810.0,7810.0,1700,0.0,0.0
2024-06-13 09:40:00+09:00,7830.0,7850.0,7830.0,7850.0,900,0.0,0.0
2024-06-13 09:45:00+09:00,7820.0,7820.0,7810.0,7820.0,800,0.0,0.0
2024-06-13 09:50:00+09:00,7830.0,7850.0,7830.0,7840.0,1000,0.0,0.0
2024-06-13 09:55:00+09:00,7850.0,7870.0,7850.0,7850.0,600,0.0,0.0
2024-06-13 10:00:00+09:00,7850.0,8000.0,7850.0,8000.0,15100,0.0,0.0
2024-06-13 10:05:00+09:00,8000.0,8030.0,7950.0,7950.0,8900,0.0,0.0
2024-06-13 10:10:00+09:00,7960.0,7980.0,7950.0,7980.0,1600,0.0,0.0
2024-06-13 10:15:00+09:00,7980.0,8020.0,7970.0,8000.0,2600,0.0,0.0
2024-06-13 10:20:00+09:00,8010.0,8010.0,8000.0,8000.0,2400,0.0,0.0
2024-06-13 10:25:00+09:00,8000.0,8020.0,8000.0,8020.0,800,0.0,0.0
2024-06-13 10:30:00+09:00,8020.0,8030.0,8020.0,8030.0,300,0.0,0.0
2024-06-13 10:35:00+09:00,8030.0,8070.0,8030.0,8050.0,3300,0.0,0.0
2024-06-13 10:40:00+09:00,8060.0,8060.0,8040.0,8040.0,1200,0.0,0.0
2024-06-13 10:45:00+09:00,8060.0,8060.0,8040.0,8050.0,1400,0.0,0.0
2024-06-13 10:50:00+09:00,8050.0,8050.0,8020.0,8030.0,800,0.0,0.0
2024-06-13 10:55:00+09:00,8030.0,8030.0,8000.0,8020.0,1300,0.0,0.0
2024-06-13 11:00:00+09:00,8010.0,8010.0,8010.0,8010.0,300,0.0,0.0
2024-06-13 11:05:00+09:00,8020.0,8020.0,8020.0,8020.0,200,0.0,0.0
2024-06-13 11:10:00+09:00,8030.0,8100.0,8030.0,8080.0,0,0.0,0.0
2024-06-13 11:15:00+09:00,8080.0,8080.0,8070.0,8070.0,63100,0.0,0.0
2024-06-13 11:25:00+09:00,8050.0,8060.0,8040.0,8060.0,1100,0.0,0.0
2024-06-13 11:30:00+09:00,8040.0,8040.0,8040.0,8040.0,300,0.0,0.0
2024-06-13 11:35:00+09:00,8040.0,8040.0,8040.0,8040.0,0,0.0,0.0
2024-06-13 12:30:00+09:00,8040.0,8040.0,7990.0,8020.0,68400,0.0,0.0
2024-06-13 12:35:00+09:00,8020.0,8020.0,8010.0,8010.0,900,0.0,0.0
2024-06-13 12:40:00+09:00,8000.0,8000.0,7980.0,8000.0,1200,0.0,0.0
2024-06-13 12:45:00+09:00,8010.0,8020.0,8010.0,8020.0,500,0.0,0.0
2024-06-13 12:50:00+09:00,8020.0,8020.0,8020.0,8020.0,300,0.0,0.0
2024-06-13 12:55:00+09:00,8020.0,8020.0,8010.0,8010.0,200,0.0,0.0
2024-06-13 13:00:00+09:00,8010.0,8010.0,8010.0,8010.0,100,0.0,0.0
2024-06-13 13:05:00+09:00,8000.0,8000.0,8000.0,8000.0,100,0.0,0.0
2024-06-13 13:10:00+09:00,8000.0,8000.0,8000.0,8000.0,300,0.0,0.0
2024-06-13 13:15:00+09:00,8010.0,8020.0,8010.0,8020.0,400,0.0,0.0
2024-06-13 13:20:00+09:00,8010.0,8010.0,8010.0,8010.0,100,0.0,0.0
2024-06-13 13:25:00+09:00,8010.0,8020.0,8010.0,8020.0,500,0.0,0.0
2024-06-13 13:30:00+09:00,8020.0,8030.0,8020.0,8030.0,200,0.0,0.0
2024-06-13 13:35:00+09:00,8030.0,8070.0,8020.0,8020.0,8400,0.0,0.0
2024-06-13 13:40:00+09:00,8030.0,8030.0,8020.0,8030.0,400,0.0,0.0
2024-06-13 13:45:00+09:00,8030.0,8030.0,8020.0,8020.0,500,0.0,0.0
2024-06-13 13:50:00+09:00,8030.0,8030.0,8030.0,8030.0,100,0.0,0.0
2024-06-13 13:55:00+09:00,8020.0,8020.0,7990.0,7990.0,2100,0.0,0.0
2024-06-13 14:00:00+09:00,7980.0,7980.0,7920.0,7940.0,6400,0.0,0.0
2024-06-13 14:05:00+09:00,7930.0,7940.0,7900.0,7900.0,1600,0.0,0.0
2024-06-13 14:10:00+09:00,7890.0,7940.0,7890.0,7940.0,1900,0.0,0.0
2024-06-13 14:15:00+09:00,7940.0,7940.0,7930.0,7930.0,900,0.0,0.0
2024-06-13 14:20:00+09:00,7920.0,7920.0,7910.0,7910.0,500,0.0,0.0
2024-06-13 14:25:00+09:00,7920.0,7930.0,7920.0,7930.0,700,0.0,0.0
2024-06-13 14:30:00+09:00,7940.0,7950.0,7940.0,7950.0,1600,0.0,0.0
2024-06-13 14:35:00+09:00,7940.0,7940.0,7940.0,7940.0,700,0.0,0.0
2024-06-13 14:40:00+09:00,7940.0,7940.0,7920.0,7940.0,1300,0.0,0.0
2024-06-13 14:45:00+09:00,7920.0,7920.0,7890.0,7920.0,4800,0.0,0.0
2024-06-13 14:50:00+09:00,7910.0,7940.0,7900.0,7940.0,2300,0.0,0.0
2024-06-13 14:55:00+09:00,7940.0,7940.0,7900.0,7900.0,3200,0.0,0.0
2024-06-14 09:00:00+09:00,8010.0,8320.0,8000.0,8270.0,37400,0.0,0.0
2024-06-14 09:05:00+09:00,8290.0,8380.0,8270.0,8290.0,12500,0.0,0.0
2024-06-14 09:10:00+09:00,8300.0,8300.0,8180.0,8230.0,5300,0.0,0.0
2024-06-14 09:15:00+09:00,8240.0,8260.0,8180.0,8230.0,5500,0.0,0.0
2024-06-14 09:20:00+09:00,8210.0,8280.0,8210.0,8280.0,2400,0.0,0.0
2024-06-14 09:25:00+09:00,8280.0,8300.0,8200.0,8230.0,3900,0.0,0.0
2024-06-14 09:30:00+09:00,8210.0,8270.0,8160.0,8240.0,7100,0.0,0.0
2024-06-14 09:35:00+09:00,8240.0,8260.0,8180.0,8180.0,3300,0.0,0.0
2024-06-14 09:40:00+09:00,8170.0,8170.0,8100.0,8130.0,5800,0.0,0.0
2024-06-14 09:45:00+09:00,8140.0,8180.0,8140.0,8160.0,3600,0.0,0.0
2024-06-14 09:50:00+09:00,8170.0,8170.0,8130.0,8130.0,700,0.0,0.0
2024-06-14 09:55:00+09:00,8140.0,8180.0,8140.0,8180.0,2200,0.0,0.0
2024-06-14 10:00:00+09:00,8170.0,8220.0,8150.0,8210.0,3100,0.0,0.0
2024-06-14 10:05:00+09:00,8210.0,8210.0,8180.0,8180.0,1400,0.0,0.0
2024-06-14 10:10:00+09:00,8170.0,8200.0,8170.0,8180.0,1400,0.0,0.0
2024-06-14 10:15:00+09:00,8180.0,8200.0,8170.0,8170.0,1400,0.0,0.0
2024-06-14 10:20:00+09:00,8170.0,8180.0,8170.0,8180.0,400,0.0,0.0
2024-06-14 10:25:00+09:00,8170.0,8280.0,8170.0,8260.0,4400,0.0,0.0
2024-06-14 10:30:00+09:00,8250.0,8250.0,8240.0,8240.0,700,0.0,0.0
2024-06-14 10:35:00+09:00,8250.0,8260.0,8250.0,8260.0,700,0.0,0.0
2024-06-14 10:40:00+09:00,8250.0,8260.0,8250.0,8260.0,300,0.0,0.0
2024-06-14 10:45:00+09:00,8250.0,8260.0,8210.0,8220.0,3100,0.0,0.0
2024-06-14 10:50:00+09:00,8220.0,8220.0,8210.0,8220.0,500,0.0,0.0
2024-06-14 10:55:00+09:00,8230.0,8230.0,8190.0,8190.0,2700,0.0,0.0
2024-06-14 11:00:00+09:00,8200.0,8200.0,8200.0,8200.0,400,0.0,0.0
2024-06-14 11:05:00+09:00,8220.0,8220.0,8220.0,8220.0,100,0.0,0.0
2024-06-14 11:10:00+09:00,8220.0,8230.0,8220.0,8230.0,400,0.0,0.0
2024-06-14 11:20:00+09:00,8220.0,8240.0,8210.0,8230.0,2100,0.0,0.0
2024-06-14 11:25:00+09:00,8240.0,8270.0,8240.0,8270.0,7200,0.0,0.0
2024-06-14 11:30:00+09:00,8280.0,8280.0,8280.0,8280.0,400,0.0,0.0
2024-06-14 11:35:00+09:00,8280.0,8280.0,8280.0,8280.0,0,0.0,0.0
2024-06-14 12:30:00+09:00,8300.0,8310.0,8210.0,8250.0,128100,0.0,0.0
2024-06-14 12:35:00+09:00,8260.0,8270.0,8260.0,8270.0,700,0.0,0.0
2024-06-14 12:40:00+09:00,8280.0,8280.0,8280.0,8280.0,800,0.0,0.0
2024-06-14 12:45:00+09:00,8280.0,8290.0,8270.0,8280.0,1900,0.0,0.0
2024-06-14 12:50:00+09:00,8290.0,8300.0,8270.0,8270.0,2700,0.0,0.0
2024-06-14 12:55:00+09:00,8260.0,8270.0,8240.0,8260.0,900,0.0,0.0
2024-06-14 13:00:00+09:00,8260.0,8270.0,8260.0,8260.0,400,0.0,0.0
2024-06-14 13:05:00+09:00,8260.0,8260.0,8240.0,8240.0,1700,0.0,0.0
2024-06-14 13:10:00+09:00,8240.0,8250.0,8220.0,8250.0,700,0.0,0.0
2024-06-14 13:15:00+09:00,8260.0,8260.0,8250.0,8260.0,900,0.0,0.0
2024-06-14 13:20:00+09:00,8240.0,8240.0,8240.0,8240.0,300,0.0,0.0
2024-06-14 13:25:00+09:00,8250.0,8250.0,8220.0,8220.0,1400,0.0,0.0
2024-06-14 13:30:00+09:00,8220.0,8220.0,8210.0,8210.0,500,0.0,0.0
2024-06-14 13:35:00+09:00,8220.0,8240.0,8220.0,8240.0,1100,0.0,0.0
2024-06-14 13:40:00+09:00,8240.0,8240.0,8180.0,8180.0,2400,0.0,0.0
2024-06-14 13:45:00+09:00,8190.0,8190.0,8190.0,8190.0,100,0.0,0.0
2024-06-14 13:50:00+09:00,8200.0,8200.0,8170.0,8180.0,2400,0.0,0.0
2024-06-14 13:55:00+09:00,8160.0,8160.0,8150.0,8150.0,400,0.0,0.0
2024-06-14 14:00:00+09:00,8150.0,8160.0,8140.0,8140.0,1300,0.0,0.0
2024-06-14 14:05:00+09:00,8150.0,8150.0,8140.0,8140.0,800,0.0,0.0
2024-06-14 14:10:00+09:00,8160.0,8190.0,8160.0,8190.0,3200,0.0,0.0
2024-06-14 14:15:00+09:00,8200.0,8200.0,8180.0,8190.0,400,0.0,0.0
2024-06-14 14:20:00+09:00,8180.0,8180.0,8170.0,8180.0,1700,0.0,0.0
2024-06-14 14:25:00+09:00,8180.0,8200.0,8180.0,8200.0,1100,0.0,0.0
2024-06-14 14:30:00+09:00,8200.0,8220.0,8190.0,8190.0,1700,0.0,0.0
2024-06-14 14:35:00+09:00,8180.0,8190.0,8170.0,8190.0,500,0.0,0.0
2024-06-14 14:40:00+09:00,8190.0,8200.0,8180.0,8190.0,1400,0.0,0.0
2024-06-14 14:45:00+09:00,8200.0,8200.0,8200.0,8200.0,1600,0.0,0.0
2024-06-14 14:50:00+09:00,8200.0,8200.0,8190.0,8190.0,2500,0.0,0.0
2024-06-14 14:55:00+09:00,8200.0,8240.0,8200.0,8240.0,4700,0.0,0.0
2024-06-17 09:00:00+09:00,7980.0,8030.0,7940.0,7990.0,15200,0.0,0.0
2024-06-17 09:05:00+09:00,7960.0,7970.0,7880.0,7960.0,7300,0.0,0.0
2024-06-17 09:10:00+09:00,7960.0,8040.0,7920.0,8020.0,6400,0.0,0.0
2024-06-17 09:15:00+09:00,8000.0,8000.0,7970.0,7970.0,600,0.0,0.0
2024-06-17 09:20:00+09:00,7970.0,8000.0,7970.0,7980.0,1800,0.0,0.0
2024-06-17 09:25:00+09:00,7990.0,7990.0,7980.0,7990.0,1300,0.0,0.0
2024-06-17 09:30:00+09:00,8000.0,8020.0,7990.0,8020.0,1100,0.0,0.0
2024-06-17 09:35:00+09:00,8020.0,8040.0,8020.0,8040.0,1400,0.0,0.0
2024-06-17 09:40:00+09:00,8040.0,8040.0,8010.0,8010.0,1700,0.0,0.0
2024-06-17 09:45:00+09:00,8010.0,8010.0,7990.0,7990.0,1400,0.0,0.0
2024-06-17 09:50:00+09:00,7980.0,7990.0,7980.0,7990.0,500,0.0,0.0
2024-06-17 09:55:00+09:00,7980.0,7980.0,7970.0,7970.0,600,0.0,0.0
2024-06-17 10:00:00+09:00,7960.0,7980.0,7960.0,7980.0,1800,0.0,0.0
2024-06-17 10:05:00+09:00,7970.0,7990.0,7970.0,7990.0,0,0.0,0.0
2024-06-17 10:10:00+09:00,7980.0,7990.0,7920.0,7920.0,43700,0.0,0.0
2024-06-17 10:15:00+09:00,7920.0,7920.0,7910.0,7920.0,700,0.0,0.0
2024-06-17 10:20:00+09:00,7910.0,7910.0,7890.0,7890.0,1700,0.0,0.0
2024-06-17 10:25:00+09:00,7880.0,7900.0,7880.0,7900.0,1300,0.0,0.0
2024-06-17 10:30:00+09:00,7900.0,7920.0,7900.0,7920.0,900,0.0,0.0
2024-06-17 10:35:00+09:00,7930.0,7930.0,7930.0,7930.0,300,0.0,0.0
2024-06-17 10:40:00+09:00,7930.0,7930.0,7930.0,7930.0,500,0.0,0.0
2024-06-17 10:45:00+09:00,7940.0,7970.0,7940.0,7970.0,1000,0.0,0.0
2024-06-17 10:50:00+09:00,7970.0,7970.0,7960.0,7960.0,600,0.0,0.0
2024-06-17 10:55:00+09:00,7960.0,7960.0,7950.0,7950.0,200,0.0,0.0
2024-06-17 11:00:00+09:00,7960.0,7960.0,7950.0,7950.0,400,0.0,0.0
2024-06-17 11:05:00+09:00,7960.0,7960.0,7960.0,7960.0,100,0.0,0.0
2024-06-17 11:15:00+09:00,7950.0,7950.0,7940.0,7940.0,700,0.0,0.0
2024-06-17 11:20:00+09:00,7950.0,7950.0,7950.0,7950.0,400,0.0,0.0
2024-06-17 11:25:00+09:00,7930.0,7930.0,7910.0,7910.0,600,0.0,0.0
2024-06-17 11:30:00+09:00,7930.0,7930.0,7930.0,7930.0,100,0.0,0.0
2024-06-17 11:35:00+09:00,7930.0,7930.0,7930.0,7930.0,0,0.0,0.0
2024-06-17 12:30:00+09:00,7930.0,7950.0,7930.0,7950.0,55700,0.0,0.0
2024-06-17 12:35:00+09:00,7940.0,7940.0,7930.0,7930.0,700,0.0,0.0
2024-06-17 12:40:00+09:00,7920.0,7920.0,7910.0,7910.0,1200,0.0,0.0
2024-06-17 12:45:00+09:00,7900.0,7910.0,7900.0,7910.0,200,0.0,0.0
2024-06-17 12:50:00+09:00,7900.0,7900.0,7900.0,7900.0,100,0.0,0.0
2024-06-17 12:55:00+09:00,7910.0,7920.0,7910.0,7920.0,600,0.0,0.0
2024-06-17 13:00:00+09:00,7920.0,7960.0,7920.0,7940.0,1700,0.0,0.0
2024-06-17 13:05:00+09:00,7950.0,7950.0,7950.0,7950.0,200,0.0,0.0
2024-06-17 13:10:00+09:00,7940.0,7940.0,7930.0,7930.0,200,0.0,0.0
2024-06-17 13:15:00+09:00,7920.0,7920.0,7920.0,7920.0,100,0.0,0.0
2024-06-17 13:20:00+09:00,7930.0,7950.0,7920.0,7950.0,1100,0.0,0.0
2024-06-17 13:25:00+09:00,7950.0,7950.0,7950.0,7950.0,100,0.0,0.0
2024-06-17 13:35:00+09:00,7950.0,7950.0,7920.0,7920.0,700,0.0,0.0
2024-06-17 13:50:00+09:00,7920.0,7920.0,7920.0,7920.0,100,0.0,0.0
2024-06-17 13:55:00+09:00,7920.0,7940.0,7920.0,7940.0,1200,0.0,0.0
2024-06-17 14:00:00+09:00,7950.0,7950.0,7940.0,7940.0,500,0.0,0.0
2024-06-17 14:05:00+09:00,7960.0,7990.0,7960.0,7990.0,1600,0.0,0.0
2024-06-17 14:10:00+09:00,8000.0,8030.0,8000.0,8020.0,2400,0.0,0.0
2024-06-17 14:15:00+09:00,8010.0,8010.0,8000.0,8000.0,700,0.0,0.0
2024-06-17 14:20:00+09:00,8000.0,8030.0,8000.0,8030.0,1700,0.0,0.0
2024-06-17 14:25:00+09:00,8040.0,8040.0,8040.0,8040.0,100,0.0,0.0
2024-06-17 14:30:00+09:00,8040.0,8050.0,8040.0,8050.0,800,0.0,0.0
2024-06-17 14:35:00+09:00,8050.0,8060.0,8050.0,8060.0,300,0.0,0.0
2024-06-17 14:40:00+09:00,8050.0,8050.0,8040.0,8050.0,900,0.0,0.0
2024-06-17 14:45:00+09:00,8050.0,8060.0,8050.0,8060.0,1200,0.0,0.0
2024-06-17 14:50:00+09:00,8050.0,8050.0,8030.0,8030.0,3200,0.0,0.0
2024-06-17 14:55:00+09:00,8040.0,8040.0,8030.0,8040.0,1800,0.0,0.0
2024-06-18 09:00:00+09:00,8170.0,8200.0,8110.0,8150.0,10900,0.0,0.0
2024-06-18 09:05:00+09:00,8170.0,8170.0,8140.0,8140.0,900,0.0,0.0
2024-06-18 09:10:00+09:00,8140.0,8140.0,8130.0,8130.0,500,0.0,0.0
2024-06-18 09:15:00+09:00,8110.0,8110.0,8050.0,8050.0,1700,0.0,0.0
2024-06-18 09:20:00+09:00,8070.0,8100.0,8070.0,8080.0,2000,0.0,0.0
2024-06-18 09:25:00+09:00,8070.0,8080.0,8070.0,8080.0,800,0.0,0.0
2024-06-18 09:30:00+09:00,8090.0,8090.0,8090.0,8090.0,200,0.0,0.0
2024-06-18 09:35:00+09:00,8090.0,8090.0,8090.0,8090.0,400,0.0,0.0
2024-06-18 09:40:00+09:00,8110.0,8110.0,8080.0,8080.0,1100,0.0,0.0
2024-06-18 09:45:00+09:00,8070.0,8070.0,8060.0,8060.0,400,0.0,0.0
2024-06-18 09:55:00+09:00,8060.0,8070.0,8060.0,8060.0,1400,0.0,0.0
2024-06-18 10:00:00+09:00,8060.0,8080.0,8050.0,8080.0,1400,0.0,0.0
2024-06-18 10:05:00+09:00,8090.0,8090.0,8090.0,8090.0,100,0.0,0.0
2024-06-18 10:10:00+09:00,8110.0,8120.0,8100.0,8120.0,500,0.0,0.0
2024-06-18 10:15:00+09:00,8120.0,8140.0,8120.0,8140.0,1100,0.0,0.0
2024-06-18 10:25:00+09:00,8140.0,8160.0,8130.0,8150.0,1400,0.0,0.0
2024-06-18 10:30:00+09:00,8170.0,8170.0,8120.0,8130.0,2000,0.0,0.0
2024-06-18 10:35:00+09:00,8130.0,8150.0,8130.0,8150.0,400,0.0,0.0
2024-06-18 10:40:00+09:00,8160.0,8160.0,8160.0,8160.0,200,0.0,0.0
2024-06-18 10:45:00+09:00,8170.0,8170.0,8160.0,8160.0,900,0.0,0.0
2024-06-18 10:50:00+09:00,8180.0,8180.0,8160.0,8160.0,200,0.0,0.0
2024-06-18 10:55:00+09:00,8160.0,8160.0,8160.0,8160.0,200,0.0,0.0
2024-06-18 11:00:00+09:00,8150.0,8150.0,8150.0,8150.0,100,0.0,0.0
2024-06-18 11:05:00+09:00,8140.0,8140.0,8120.0,8120.0,1400,0.0,0.0
2024-06-18 11:10:00+09:00,8150.0,8150.0,8150.0,8150.0,300,0.0,0.0
2024-06-18 11:15:00+09:00,8150.0,8180.0,8150.0,8180.0,1100,0.0,0.0
2024-06-18 11:20:00+09:00,8190.0,8200.0,8180.0,8200.0,900,0.0,0.0
2024-06-18 11:25:00+09:00,8200.0,8240.0,8200.0,8240.0,2100,0.0,0.0
2024-06-18 11:35:00+09:00,8240.0,8240.0,8240.0,8240.0,0,0.0,0.0
2024-06-18 12:30:00+09:00,8240.0,8240.0,8210.0,8210.0,36400,0.0,0.0
2024-06-18 12:35:00+09:00,8200.0,8200.0,8200.0,8200.0,300,0.0,0.0
2024-06-18 12:40:00+09:00,8200.0,8200.0,8180.0,8190.0,1400,0.0,0.0
2024-06-18 12:45:00+09:00,8180.0,8180.0,8180.0,8180.0,200,0.0,0.0
2024-06-18 12:50:00+09:00,8200.0,8200.0,8200.0,8200.0,100,0.0,0.0
2024-06-18 13:00:00+09:00,8200.0,8200.0,8200.0,8200.0,600,0.0,0.0
2024-06-18 13:05:00+09:00,8200.0,8210.0,8190.0,8210.0,700,0.0,0.0
2024-06-18 13:20:00+09:00,8210.0,8210.0,8210.0,8210.0,100,0.0,0.0
2024-06-18 13:30:00+09:00,8200.0,8200.0,8190.0,8190.0,700,0.0,0.0
2024-06-18 13:40:00+09:00,8180.0,8180.0,8170.0,8170.0,1100,0.0,0.0
2024-06-18 13:45:00+09:00,8180.0,8190.0,8180.0,8190.0,200,0.0,0.0
2024-06-18 13:50:00+09:00,8190.0,8190.0,8180.0,8190.0,800,0.0,0.0
2024-06-18 13:55:00+09:00,8190.0,8190.0,8180.0,8180.0,400,0.0,0.0
2024-06-18 14:05:00+09:00,8170.0,8170.0,8170.0,8170.0,100,0.0,0.0
2024-06-18 14:10:00+09:00,8170.0,8170.0,8130.0,8150.0,4100,0.0,0.0
2024-06-18 14:15:00+09:00,8140.0,8140.0,8130.0,8130.0,200,0.0,0.0
2024-06-18 14:20:00+09:00,8120.0,8130.0,8120.0,8130.0,400,0.0,0.0
2024-06-18 14:30:00+09:00,8110.0,8120.0,8110.0,8120.0,500,0.0,0.0
2024-06-18 14:35:00+09:00,8120.0,8130.0,8120.0,8130.0,700,0.0,0.0
2024-06-18 14:40:00+09:00,8120.0,8120.0,8110.0,8110.0,700,0.0,0.0
2024-06-18 14:45:00+09:00,8110.0,8140.0,8110.0,8140.0,2400,0.0,0.0
2024-06-18 14:50:00+09:00,8140.0,8160.0,8140.0,8160.0,2700,0.0,0.0
2024-06-18 14:55:00+09:00,8160.0,8200.0,8120.0,8140.0,8900,0.0,0.0
2024-06-19 09:00:00+09:00,8130.0,8210.0,8130.0,8210.0,4000,0.0,0.0
2024-06-19 09:05:00+09:00,8200.0,8200.0,8100.0,8130.0,3300,0.0,0.0
2024-06-19 09:10:00+09:00,8140.0,8160.0,8140.0,8160.0,1100,0.0,0.0
2024-06-19 09:15:00+09:00,8170.0,8190.0,8170.0,8180.0,700,0.0,0.0
2024-06-19 09:20:00+09:00,8180.0,8180.0,8150.0,8150.0,1000,0.0,0.0
2024-06-19 09:25:00+09:00,8150.0,8150.0,8120.0,8130.0,1100,0.0,0.0
2024-06-19 09:30:00+09:00,8130.0,8130.0,8130.0,8130.0,100,0.0,0.0
2024-06-19 09:35:00+09:00,8120.0,8120.0,8100.0,8100.0,1500,0.0,0.0
2024-06-19 09:40:00+09:00,8110.0,8110.0,8110.0,8110.0,100,0.0,0.0
2024-06-19 09:45:00+09:00,8120.0,8130.0,8120.0,8130.0,300,0.0,0.0
2024-06-19 09:50:00+09:00,8130.0,8130.0,8060.0,8080.0,4000,0.0,0.0
2024-06-19 09:55:00+09:00,8060.0,8060.0,8010.0,8020.0,2800,0.0,0.0
2024-06-19 10:00:00+09:00,8040.0,8040.0,7990.0,7990.0,800,0.0,0.0
2024-06-19 10:05:00+09:00,7980.0,7980.0,7900.0,7900.0,6900,0.0,0.0
2024-06-19 10:10:00+09:00,7910.0,7980.0,7900.0,7980.0,5000,0.0,0.0
2024-06-19 10:15:00+09:00,7970.0,7970.0,7940.0,7940.0,1000,0.0,0.0
2024-06-19 10:20:00+09:00,7950.0,7960.0,7950.0,7960.0,800,0.0,0.0
2024-06-19 10:25:00+09:00,7950.0,7950.0,7950.0,7950.0,100,0.0,0.0
2024-06-19 10:30:00+09:00,7930.0,8000.0,7930.0,8000.0,1000,0.0,0.0
2024-06-19 10:35:00+09:00,8000.0,8010.0,7990.0,7990.0,700,0.0,0.0
2024-06-19 10:40:00+09:00,7980.0,7980.0,7970.0,7970.0,200,0.0,0.0
2024-06-19 10:50:00+09:00,7960.0,7970.0,7960.0,7970.0,400,0.0,0.0
2024-06-19 10:55:00+09:00,7970.0,7990.0,7970.0,7990.0,900,0.0,0.0
2024-06-19 11:00:00+09:00,7970.0,7970.0,7970.0,7970.0,200,0.0,0.0
2024-06-19 11:05:00+09:00,7960.0,7970.0,7960.0,7960.0,800,0.0,0.0
2024-06-19 11:10:00+09:00,7950.0,8000.0,7940.0,7980.0,3700,0.0,0.0
2024-06-19 11:15:00+09:00,7990.0,8000.0,7990.0,8000.0,200,0.0,0.0
2024-06-19 11:20:00+09:00,7990.0,7990.0,7980.0,7980.0,400,0.0,0.0
2024-06-19 11:25:00+09:00,7990.0,8000.0,7990.0,8000.0,200,0.0,0.0
2024-06-19 11:30:00+09:00,7990.0,7990.0,7990.0,7990.0,200,0.0,0.0
2024-06-19 11:35:00+09:00,7990.0,7990.0,7990.0,7990.0,0,0.0,0.0
2024-06-19 12:30:00+09:00,8040.0,8040.0,7990.0,7990.0,45600,0.0,0.0
2024-06-19 12:35:00+09:00,7970.0,7970.0,7970.0,7970.0,400,0.0,0.0
2024-06-19 12:40:00+09:00,7970.0,7970.0,7960.0,7960.0,700,0.0,0.0
2024-06-19 12:45:00+09:00,7950.0,7950.0,7930.0,7930.0,800,0.0,0.0
2024-06-19 12:50:00+09:00,7930.0,7940.0,7920.0,7940.0,1000,0.0,0.0
2024-06-19 12:55:00+09:00,7930.0,7930.0,7930.0,7930.0,300,0.0,0.0
2024-06-19 13:00:00+09:00,7930.0,7930.0,7930.0,7930.0,100,0.0,0.0
2024-06-19 13:10:00+09:00,7930.0,7930.0,7920.0,7930.0,900,0.0,0.0
2024-06-19 13:20:00+09:00,7910.0,7910.0,7900.0,7910.0,3900,0.0,0.0
2024-06-19 13:25:00+09:00,7920.0,7920.0,7920.0,7920.0,200,0.0,0.0
2024-06-19 13:30:00+09:00,7910.0,7910.0,7900.0,7900.0,500,0.0,0.0
2024-06-19 13:35:00+09:00,7900.0,7900.0,7900.0,7900.0,100,0.0,0.0
2024-06-19 13:40:00+09:00,7890.0,7890.0,7890.0,7890.0,400,0.0,0.0
2024-06-19 13:45:00+09:00,7890.0,7890.0,7890.0,7890.0,100,0.0,0.0
2024-06-19 13:50:00+09:00,7890.0,7890.0,7890.0,7890.0,0,0.0,0.0
2024-06-19 13:55:00+09:00,7880.0,7880.0,7860.0,7860.0,58600,0.0,0.0
2024-06-19 14:00:00+09:00,7860.0,7860.0,7850.0,7860.0,500,0.0,0.0
2024-06-19 14:05:00+09:00,7860.0,7880.0,7860.0,7880.0,400,0.0,0.0
2024-06-19 14:10:00+09:00,7880.0,7890.0,7870.0,7870.0,1000,0.0,0.0
2024-06-19 14:15:00+09:00,7880.0,7890.0,7880.0,7890.0,300,0.0,0.0
2024-06-19 14:20:00+09:00,7880.0,7880.0,7880.0,7880.0,600,0.0,0.0
2024-06-19 14:25:00+09:00,7890.0,7890.0,7870.0,7870.0,900,0.0,0.0
2024-06-19 14:30:00+09:00,7860.0,7860.0,7860.0,7860.0,400,0.0,0.0
2024-06-19 14:35:00+09:00,7860.0,7870.0,7860.0,7870.0,500,0.0,0.0
2024-06-19 14:40:00+09:00,7860.0,7880.0,7860.0,7880.0,1200,0.0,0.0
2024-06-19 14:45:00+09:00,7880.0,7880.0,7860.0,7870.0,1300,0.0,0.0
2024-06-19 14:50:00+09:00,7870.0,7900.0,7870.0,7900.0,3000,0.0,0.0
2024-06-19 14:55:00+09:00,7900.0,7930.0,7900.0,7900.0,3400,0.0,0.0
2024-06-20 09:00:00+09:00,7840.0,7950.0,7840.0,7950.0,6200,0.0,0.0
2024-06-20 09:05:00+09:00,7930.0,7930.0,7920.0,7930.0,600,0.0,0.0
2024-06-20 09:10:00+09:00,7930.0,8000.0,7920.0,7950.0,1700,0.0,0.0
2024-06-20 09:15:00+09:00,7960.0,7960.0,7950.0,7950.0,300,0.0,0.0
2024-06-20 09:20:00+09:00,7940.0,7950.0,7930.0,7950.0,400,0.0,0.0
2024-06-20 09:25:00+09:00,7970.0,8060.0,7960.0,8060.0,7200,0.0,0.0
2024-06-20 09:30:00+09:00,8050.0,8060.0,8020.0,8060.0,1800,0.0,0.0
2024-06-20 09:35:00+09:00,8070.0,8090.0,8070.0,8090.0,1200,0.0,0.0
2024-06-20 09:40:00+09:00,8080.0,8080.0,8070.0,8080.0,1300,0.0,0.0
2024-06-20 09:45:00+09:00,8060.0,8060.0,8050.0,8060.0,700,0.0,0.0
2024-06-20 09:50:00+09:00,8070.0,8070.0,8070.0,8070.0,400,0.0,0.0
2024-06-20 09:55:00+09:00,8080.0,8080.0,8070.0,8070.0,1200,0.0,0.0
2024-06-20 10:00:00+09:00,8090.0,8100.0,8080.0,8090.0,1500,0.0,0.0
2024-06-20 10:05:00+09:00,8080.0,8080.0,8060.0,8070.0,2100,0.0,0.0
2024-06-20 10:10:00+09:00,8080.0,8130.0,8080.0,8120.0,3300,0.0,0.0
2024-06-20 10:15:00+09:00,8110.0,8120.0,8110.0,8110.0,900,0.0,0.0
2024-06-20 10:20:00+09:00,8100.0,8100.0,8060.0,8070.0,1400,0.0,0.0
2024-06-20 10:25:00+09:00,8060.0,8060.0,8060.0,8060.0,500,0.0,0.0
2024-06-20 10:30:00+09:00,8060.0,8060.0,8060.0,8060.0,300,0.0,0.0
2024-06-20 10:35:00+09:00,8050.0,8060.0,8050.0,8060.0,1600,0.0,0.0
2024-06-20 10:40:00+09:00,8070.0,8080.0,8070.0,8080.0,700,0.0,0.0
2024-06-20 10:45:00+09:00,8080.0,8080.0,8060.0,8060.0,1300,0.0,0.0
2024-06-20 10:50:00+09:00,8070.0,8070.0,8070.0,8070.0,0,0.0,0.0
2024-06-20 10:55:00+09:00,8070.0,8070.0,8070.0,8070.0,37400,0.0,0.0
2024-06-20 11:05:00+09:00,8060.0,8070.0,8060.0,8070.0,900,0.0,0.0
2024-06-20 11:10:00+09:00,8070.0,8070.0,8030.0,8030.0,800,0.0,0.0
2024-06-20 11:15:00+09:00,8030.0,8040.0,8030.0,8030.0,1700,0.0,0.0
2024-06-20 11:20:00+09:00,8040.0,8040.0,8040.0,8040.0,100,0.0,0.0
2024-06-20 11:25:00+09:00,8050.0,8050.0,8050.0,8050.0,1400,0.0,0.0
2024-06-20 11:30:00+09:00,8050.0,8050.0,8050.0,8050.0,200,0.0,0.0
2024-06-20 11:35:00+09:00,8050.0,8050.0,8050.0,8050.0,0,0.0,0.0
2024-06-20 12:30:00+09:00,8050.0,8070.0,7950.0,7960.0,47400,0.0,0.0
2024-06-20 12:35:00+09:00,7940.0,7940.0,7920.0,7920.0,1300,0.0,0.0
2024-06-20 12:40:00+09:00,7910.0,7960.0,7910.0,7960.0,3100,0.0,0.0
2024-06-20 12:45:00+09:00,7960.0,7960.0,7940.0,7950.0,800,0.0,0.0
2024-06-20 12:50:00+09:00,7950.0,7950.0,7950.0,7950.0,900,0.0,0.0
2024-06-20 12:55:00+09:00,7950.0,7950.0,7950.0,7950.0,200,0.0,0.0
2024-06-20 13:00:00+09:00,7960.0,7960.0,7960.0,7960.0,200,0.0,0.0
2024-06-20 13:05:00+09:00,7960.0,7960.0,7960.0,7960.0,100,0.0,0.0
2024-06-20 13:15:00+09:00,7960.0,7960.0,7960.0,7960.0,1400,0.0,0.0
2024-06-20 13:20:00+09:00,7960.0,7960.0,7960.0,7960.0,300,0.0,0.0
2024-06-20 13:25:00+09:00,7960.0,7990.0,7960.0,7980.0,3200,0.0,0.0
2024-06-20 13:30:00+09:00,7980.0,7980.0,7980.0,7980.0,100,0.0,0.0
2024-06-20 13:35:00+09:00,7990.0,7990.0,7990.0,7990.0,200,0.0,0.0
2024-06-20 13:40:00+09:00,7960.0,7970.0,7960.0,7970.0,1100,0.0,0.0
2024-06-20 13:50:00+09:00,7980.0,7980.0,7980.0,7980.0,300,0.0,0.0
2024-06-20 13:55:00+09:00,7980.0,7990.0,7970.0,7970.0,2000,0.0,0.0
2024-06-20 14:00:00+09:00,7950.0,7950.0,7950.0,7950.0,100,0.0,0.0
2024-06-20 14:05:00+09:00,7960.0,7960.0,7960.0,7960.0,200,0.0,0.0
2024-06-20 14:15:00+09:00,7970.0,7970.0,7970.0,7970.0,1800,0.0,0.0
2024-06-20 14:25:00+09:00,7980.0,7990.0,7950.0,7950.0,3100,0.0,0.0
2024-06-20 14:30:00+09:00,7950.0,7950.0,7950.0,7950.0,100,0.0,0.0
2024-06-20 14:35:00+09:00,7950.0,7950.0,7950.0,7950.0,900,0.0,0.0
2024-06-20 14:40:00+09:00,7950.0,7960.0,7940.0,7940.0,2000,0.0,0.0
2024-06-20 14:45:00+09:00,7940.0,7940.0,7930.0,7940.0,1400,0.0,0.0
2024-06-20 14:50:00+09:00,7940.0,7940.0,7930.0,7930.0,2100,0.0,0.0
2024-06-20 14:55:00+09:00,7940.0,7950.0,7940.0,7940.0,2000,0.0,0.0
2024-06-21 09:00:00+09:00,7910.0,8000.0,7850.0,8000.0,8500,0.0,0.0
2024-06-21 09:05:00+09:00,7980.0,8000.0,7950.0,7990.0,2400,0.0,0.0
2024-06-21 09:10:00+09:00,7990.0,7990.0,7980.0,7980.0,300,0.0,0.0
2024-06-21 09:15:00+09:00,7940.0,7990.0,7940.0,7950.0,2200,0.0,0.0
2024-06-21 09:20:00+09:00,7970.0,8030.0,7960.0,8030.0,1000,0.0,0.0
2024-06-21 09:25:00+09:00,8040.0,8050.0,8020.0,8020.0,2000,0.0,0.0
2024-06-21 09:30:00+09:00,8030.0,8040.0,8030.0,8040.0,300,0.0,0.0
2024-06-21 09:35:00+09:00,8050.0,8060.0,8050.0,8060.0,1100,0.0,0.0
2024-06-21 09:40:00+09:00,8040.0,8040.0,8000.0,8010.0,1900,0.0,0.0
2024-06-21 09:45:00+09:00,8010.0,8010.0,8000.0,8010.0,1400,0.0,0.0
2024-06-21 09:50:00+09:00,8020.0,8020.0,8010.0,8020.0,600,0.0,0.0
2024-06-21 09:55:00+09:00,8020.0,8030.0,8010.0,8020.0,2500,0.0,0.0
2024-06-21 10:00:00+09:00,8030.0,8030.0,7960.0,7960.0,0,0.0,0.0
2024-06-21 10:05:00+09:00,7970.0,7970.0,7970.0,7970.0,27500,0.0,0.0
2024-06-21 10:10:00+09:00,7990.0,7990.0,7970.0,7980.0,300,0.0,0.0
2024-06-21 10:15:00+09:00,7990.0,8030.0,7990.0,8030.0,2300,0.0,0.0
2024-06-21 10:20:00+09:00,8030.0,8030.0,8010.0,8020.0,1600,0.0,0.0
2024-06-21 10:25:00+09:00,8010.0,8020.0,8010.0,8020.0,200,0.0,0.0
2024-06-21 10:30:00+09:00,8020.0,8020.0,7990.0,8000.0,800,0.0,0.0
2024-06-21 10:35:00+09:00,8010.0,8010.0,8010.0,8010.0,300,0.0,0.0
2024-06-21 10:40:00+09:00,8000.0,8000.0,7990.0,8000.0,600,0.0,0.0
2024-06-21 10:45:00+09:00,8000.0,8000.0,7980.0,7980.0,1000,0.0,0.0
2024-06-21 10:50:00+09:00,7960.0,7970.0,7960.0,7970.0,400,0.0,0.0
2024-06-21 10:55:00+09:00,7980.0,7990.0,7980.0,7990.0,800,0.0,0.0
2024-06-21 11:00:00+09:00,7970.0,7970.0,7960.0,7960.0,400,0.0,0.0
2024-06-21 11:05:00+09:00,7950.0,7960.0,7950.0,7960.0,300,0.0,0.0
2024-06-21 11:10:00+09:00,7970.0,7970.0,7970.0,7970.0,100,0.0,0.0
2024-06-21 11:15:00+09:00,7960.0,7970.0,7960.0,7970.0,1000,0.0,0.0
2024-06-21 11:20:00+09:00,7970.0,7970.0,7910.0,7910.0,3900,0.0,0.0
2024-06-21 11:25:00+09:00,7910.0,7910.0,7910.0,7910.0,100,0.0,0.0
2024-06-21 11:35:00+09:00,7910.0,7910.0,7910.0,7910.0,0,0.0,0.0
2024-06-21 12:30:00+09:00,7940.0,7940.0,7890.0,7900.0,44500,0.0,0.0
2024-06-21 12:35:00+09:00,7900.0,7910.0,7890.0,7900.0,2100,0.0,0.0
2024-06-21 12:40:00+09:00,7900.0,7910.0,7900.0,7910.0,700,0.0,0.0
2024-06-21 12:45:00+09:00,7900.0,7910.0,7900.0,7910.0,600,0.0,0.0
2024-06-21 12:50:00+09:00,7910.0,7910.0,7890.0,7890.0,500,0.0,0.0
2024-06-21 12:55:00+09:00,7880.0,7890.0,7880.0,7890.0,2300,0.0,0.0
2024-06-21 13:00:00+09:00,7900.0,7900.0,7900.0,7900.0,300,0.0,0.0
2024-06-21 13:05:00+09:00,7900.0,7900.0,7900.0,7900.0,200,0.0,0.0
2024-06-21 13:10:00+09:00,7900.0,7900.0,7900.0,7900.0,100,0.0,0.0
2024-06-21 13:15:00+09:00,7910.0,7910.0,7910.0,7910.0,500,0.0,0.0
2024-06-21 13:20:00+09:00,7910.0,7910.0,7910.0,7910.0,700,0.0,0.0
2024-06-21 13:25:00+09:00,7910.0,7910.0,7910.0,7910.0,100,0.0,0.0
2024-06-21 13:30:00+09:00,7910.0,7910.0,7870.0,7870.0,0,0.0,0.0
2024-06-21 13:35:00+09:00,7880.0,7880.0,7870.0,7870.0,55500,0.0,0.0
2024-06-21 13:40:00+09:00,7870.0,7880.0,7870.0,7870.0,600,0.0,0.0
2024-06-21 13:45:00+09:00,7870.0,7870.0,7870.0,7870.0,100,0.0,0.0
2024-06-21 13:50:00+09:00,7870.0,7880.0,7870.0,7880.0,1000,0.0,0.0
2024-06-21 13:55:00+09:00,7880.0,7880.0,7870.0,7870.0,1300,0.0,0.0
2024-06-21 14:00:00+09:00,7870.0,7880.0,7870.0,7880.0,500,0.0,0.0
2024-06-21 14:05:00+09:00,7870.0,7870.0,7860.0,7860.0,700,0.0,0.0
2024-06-21 14:10:00+09:00,7870.0,7870.0,7860.0,7860.0,1500,0.0,0.0
2024-06-21 14:15:00+09:00,7860.0,7860.0,7860.0,7860.0,600,0.0,0.0
2024-06-21 14:20:00+09:00,7860.0,7860.0,7830.0,7830.0,3000,0.0,0.0
2024-06-21 14:25:00+09:00,7820.0,7830.0,7810.0,7810.0,1400,0.0,0.0
2024-06-21 14:30:00+09:00,7810.0,7830.0,7800.0,7810.0,3700,0.0,0.0
2024-06-21 14:35:00+09:00,7810.0,7810.0,7810.0,7810.0,1100,0.0,0.0
2024-06-21 14:40:00+09:00,7800.0,7800.0,7790.0,7790.0,1400,0.0,0.0
2024-06-21 14:45:00+09:00,7800.0,7810.0,7800.0,7810.0,2100,0.0,0.0
2024-06-21 14:50:00+09:00,7810.0,7830.0,7810.0,7830.0,1500,0.0,0.0
2024-06-21 14:55:00+09:00,7820.0,7830.0,7820.0,7830.0,4900,0.0,0.0
2024-06-24 09:00:00+09:00,7800.0,7820.0,7760.0,7820.0,2200,0.0,0.0
2024-06-24 09:05:00+09:00,7820.0,7860.0,7750.0,7760.0,2800,0.0,0.0
2024-06-24 09:10:00+09:00,7770.0,7780.0,7770.0,7780.0,700,0.0,0.0
2024-06-24 09:15:00+09:00,7800.0,7810.0,7780.0,7790.0,800,0.0,0.0
2024-06-24 09:20:00+09:00,7790.0,7800.0,7780.0,7780.0,400,0.0,0.0
2024-06-24 09:25:00+09:00,7800.0,7810.0,7800.0,7810.0,600,0.0,0.0
2024-06-24 09:30:00+09:00,7810.0,7820.0,7800.0,7800.0,500,0.0,0.0
2024-06-24 09:35:00+09:00,7820.0,7830.0,7810.0,7810.0,700,0.0,0.0
2024-06-24 09:40:00+09:00,7820.0,7820.0,7820.0,7820.0,100,0.0,0.0
2024-06-24 09:45:00+09:00,7830.0,7830.0,7820.0,7830.0,700,0.0,0.0
2024-06-24 09:50:00+09:00,7840.0,7840.0,7840.0,7840.0,400,0.0,0.0
2024-06-24 09:55:00+09:00,7850.0,7910.0,7850.0,7910.0,2700,0.0,0.0
2024-06-24 10:00:00+09:00,7870.0,7870.0,7860.0,7860.0,400,0.0,0.0
2024-06-24 10:05:00+09:00,7850.0,7850.0,7840.0,7840.0,500,0.0,0.0
2024-06-24 10:10:00+09:00,7850.0,7850.0,7850.0,7850.0,100,0.0,0.0
2024-06-24 10:15:00+09:00,7840.0,7850.0,7840.0,7850.0,500,0.0,0.0
2024-06-24 10:20:00+09:00,7840.0,7840.0,7840.0,7840.0,100,0.0,0.0
2024-06-24 10:25:00+09:00,7850.0,7850.0,7850.0,7850.0,100,0.0,0.0
2024-06-24 10:30:00+09:00,7850.0,7870.0,7850.0,7870.0,700,0.0,0.0
2024-06-24 10:35:00+09:00,7860.0,7860.0,7820.0,7830.0,1300,0.0,0.0
2024-06-24 10:40:00+09:00,7810.0,7810.0,7780.0,7780.0,900,0.0,0.0
2024-06-24 10:45:00+09:00,7800.0,7800.0,7790.0,7790.0,600,0.0,0.0
2024-06-24 10:50:00+09:00,7810.0,7830.0,7810.0,7830.0,800,0.0,0.0
2024-06-24 10:55:00+09:00,7810.0,7810.0,7810.0,7810.0,100,0.0,0.0
2024-06-24 11:00:00+09:00,7820.0,7820.0,7820.0,7820.0,400,0.0,0.0
2024-06-24 11:05:00+09:00,7840.0,7840.0,7820.0,7820.0,1200,0.0,0.0
2024-06-24 11:10:00+09:00,7820.0,7820.0,7810.0,7810.0,200,0.0,0.0
2024-06-24 11:15:00+09:00,7810.0,7810.0,7800.0,7800.0,400,0.0,0.0
2024-06-24 11:20:00+09:00,7780.0,7780.0,7780.0,7780.0,100,0.0,0.0
2024-06-24 11:25:00+09:00,7780.0,7780.0,7780.0,7780.0,300,0.0,0.0
2024-06-24 11:30:00+09:00,7790.0,7790.0,7790.0,7790.0,100,0.0,0.0
2024-06-24 11:35:00+09:00,7790.0,7790.0,7790.0,7790.0,0,0.0,0.0
2024-06-24 12:30:00+09:00,7800.0,7800.0,7790.0,7790.0,23900,0.0,0.0
2024-06-24 12:35:00+09:00,7790.0,7790.0,7760.0,7760.0,1300,0.0,0.0
2024-06-24 12:40:00+09:00,7780.0,7780.0,7780.0,7780.0,600,0.0,0.0
2024-06-24 12:45:00+09:00,7780.0,7790.0,7780.0,7790.0,500,0.0,0.0
2024-06-24 12:50:00+09:00,7790.0,7790.0,7770.0,7770.0,900,0.0,0.0
2024-06-24 13:00:00+09:00,7780.0,7780.0,7780.0,7780.0,500,0.0,0.0
2024-06-24 13:05:00+09:00,7790.0,7800.0,7790.0,7800.0,900,0.0,0.0
2024-06-24 13:10:00+09:00,7810.0,7810.0,7810.0,7810.0,200,0.0,0.0
2024-06-24 13:15:00+09:00,7810.0,7810.0,7810.0,7810.0,800,0.0,0.0
2024-06-24 13:20:00+09:00,7800.0,7800.0,7790.0,7790.0,700,0.0,0.0
2024-06-24 13:25:00+09:00,7800.0,7820.0,7800.0,7820.0,900,0.0,0.0
2024-06-24 13:30:00+09:00,7820.0,7820.0,7810.0,7810.0,900,0.0,0.0
2024-06-24 13:40:00+09:00,7810.0,7810.0,7810.0,7810.0,400,0.0,0.0
2024-06-24 13:50:00+09:00,7800.0,7810.0,7800.0,7810.0,400,0.0,0.0
2024-06-24 13:55:00+09:00,7810.0,7810.0,7810.0,7810.0,600,0.0,0.0
2024-06-24 14:05:00+09:00,7810.0,7810.0,7780.0,7780.0,900,0.0,0.0
2024-06-24 14:10:00+09:00,7780.0,7780.0,7770.0,7770.0,200,0.0,0.0
2024-06-24 14:15:00+09:00,7760.0,7770.0,7730.0,7740.0,3200,0.0,0.0
2024-06-24 14:20:00+09:00,7740.0,7750.0,7740.0,7750.0,500,0.0,0.0
2024-06-24 14:25:00+09:00,7740.0,7740.0,7730.0,7730.0,300,0.0,0.0
2024-06-24 14:30:00+09:00,7730.0,7740.0,7720.0,7720.0,2100,0.0,0.0
2024-06-24 14:35:00+09:00,7740.0,7740.0,7730.0,7730.0,500,0.0,0.0
2024-06-24 14:40:00+09:00,7730.0,7770.0,7730.0,7770.0,3500,0.0,0.0
2024-06-24 14:45:00+09:00,7760.0,7760.0,7750.0,7750.0,300,0.0,0.0
2024-06-24 14:50:00+09:00,7760.0,7760.0,7750.0,7760.0,900,0.0,0.0
2024-06-24 14:55:00+09:00,7760.0,7770.0,7760.0,7760.0,2300,0.0,0.0
2024-06-25 09:00:00+09:00,7740.0,7810.0,7660.0,7800.0,6800,0.0,0.0
2024-06-25 09:05:00+09:00,7810.0,7810.0,7760.0,7790.0,2800,0.0,0.0
2024-06-25 09:10:00+09:00,7790.0,7810.0,7720.0,7720.0,3300,0.0,0.0
2024-06-25 09:15:00+09:00,7710.0,7710.0,7690.0,7690.0,1500,0.0,0.0
2024-06-25 09:20:00+09:00,7710.0,7710.0,7680.0,7680.0,1300,0.0,0.0
2024-06-25 09:25:00+09:00,7680.0,7690.0,7670.0,7690.0,800,0.0,0.0
2024-06-25 09:30:00+09:00,7680.0,7680.0,7670.0,7670.0,500,0.0,0.0
2024-06-25 09:35:00+09:00,7690.0,7690.0,7690.0,7690.0,300,0.0,0.0
2024-06-25 09:40:00+09:00,7670.0,7680.0,7670.0,7680.0,500,0.0,0.0
2024-06-25 09:45:00+09:00,7690.0,7720.0,7690.0,7720.0,1700,0.0,0.0
2024-06-25 09:50:00+09:00,7720.0,7720.0,7710.0,7710.0,700,0.0,0.0
2024-06-25 09:55:00+09:00,7720.0,7720.0,7720.0,7720.0,0,0.0,0.0
2024-06-25 10:00:00+09:00,7730.0,7740.0,7680.0,7710.0,23500,0.0,0.0
2024-06-25 10:10:00+09:00,7720.0,7720.0,7720.0,7720.0,100,0.0,0.0
2024-06-25 10:15:00+09:00,7710.0,7730.0,7710.0,7730.0,1200,0.0,0.0
2024-06-25 10:25:00+09:00,7730.0,7740.0,7730.0,7740.0,800,0.0,0.0
2024-06-25 10:30:00+09:00,7750.0,7780.0,7750.0,7770.0,3200,0.0,0.0
2024-06-25 10:40:00+09:00,7740.0,7740.0,7740.0,7740.0,500,0.0,0.0
2024-06-25 10:50:00+09:00,7750.0,7750.0,7740.0,7740.0,500,0.0,0.0
2024-06-25 10:55:00+09:00,7740.0,7740.0,7740.0,7740.0,100,0.0,0.0
2024-06-25 11:00:00+09:00,7750.0,7750.0,7750.0,7750.0,100,0.0,0.0
2024-06-25 11:05:00+09:00,7750.0,7760.0,7750.0,7760.0,1100,0.0,0.0
2024-06-25 11:10:00+09:00,7770.0,7770.0,7730.0,7730.0,2000,0.0,0.0
2024-06-25 11:15:00+09:00,7750.0,7750.0,7750.0,7750.0,100,0.0,0.0
2024-06-25 11:25:00+09:00,7750.0,7760.0,7750.0,7760.0,700,0.0,0.0
2024-06-25 11:30:00+09:00,7770.0,7770.0,7770.0,7770.0,400,0.0,0.0
2024-06-25 11:35:00+09:00,7770.0,7770.0,7770.0,7770.0,0,0.0,0.0
2024-06-25 12:30:00+09:00,7780.0,7780.0,7770.0,7780.0,36300,0.0,0.0
2024-06-25 12:35:00+09:00,7780.0,7790.0,7770.0,7770.0,600,0.0,0.0
2024-06-25 12:40:00+09:00,7770.0,7780.0,7770.0,7780.0,300,0.0,0.0
2024-06-25 12:45:00+09:00,7780.0,7780.0,7780.0,7780.0,300,0.0,0.0
2024-06-25 12:50:00+09:00,7790.0,7790.0,7780.0,7780.0,3000,0.0,0.0
2024-06-25 12:55:00+09:00,7780.0,7800.0,7780.0,7780.0,4400,0.0,0.0
2024-06-25 13:00:00+09:00,7770.0,7840.0,7770.0,7840.0,10500,0.0,0.0
2024-06-25 13:05:00+09:00,7840.0,7840.0,7810.0,7810.0,3300,0.0,0.0
2024-06-25 13:10:00+09:00,7810.0,7810.0,7810.0,7810.0,100,0.0,0.0
2024-06-25 13:15:00+09:00,7820.0,7820.0,7810.0,7820.0,700,0.0,0.0
2024-06-25 13:20:00+09:00,7820.0,7820.0,7800.0,7800.0,500,0.0,0.0
2024-06-25 13:25:00+09:00,7820.0,7820.0,7810.0,7810.0,300,0.0,0.0
2024-06-25 13:30:00+09:00,7810.0,7810.0,7800.0,7800.0,2400,0.0,0.0
2024-06-25 13:35:00+09:00,7800.0,7800.0,7800.0,7800.0,100,0.0,0.0
2024-06-25 13:45:00+09:00,7810.0,7820.0,7800.0,7800.0,4200,0.0,0.0
2024-06-25 13:50:00+09:00,7810.0,7810.0,7810.0,7810.0,400,0.0,0.0
2024-06-25 13:55:00+09:00,7810.0,7810.0,7810.0,7810.0,1200,0.0,0.0
2024-06-25 14:00:00+09:00,7820.0,7820.0,7810.0,7810.0,800,0.0,0.0
2024-06-25 14:05:00+09:00,7810.0,7810.0,7810.0,7810.0,100,0.0,0.0
2024-06-25 14:10:00+09:00,7820.0,7820.0,7820.0,7820.0,100,0.0,0.0
2024-06-25 14:15:00+09:00,7820.0,7820.0,7820.0,7820.0,500,0.0,0.0
2024-06-25 14:20:00+09:00,7830.0,7830.0,7830.0,7830.0,300,0.0,0.0
2024-06-25 14:25:00+09:00,7840.0,7850.0,7840.0,7850.0,1300,0.0,0.0
2024-06-25 14:30:00+09:00,7860.0,7870.0,7860.0,7870.0,700,0.0,0.0
2024-06-25 14:35:00+09:00,7880.0,7880.0,7870.0,7870.0,400,0.0,0.0
2024-06-25 14:40:00+09:00,7860.0,7910.0,7860.0,7910.0,2500,0.0,0.0
2024-06-25 14:45:00+09:00,7910.0,7920.0,7900.0,7900.0,3000,0.0,0.0
2024-06-25 14:50:00+09:00,7910.0,7950.0,7910.0,7950.0,3000,0.0,0.0
2024-06-25 14:55:00+09:00,7940.0,7980.0,7940.0,7980.0,4300,0.0,0.0
2024-06-26 09:00:00+09:00,7950.0,7950.0,7870.0,7870.0,5600,0.0,0.0
2024-06-26 09:05:00+09:00,7880.0,7880.0,7790.0,7830.0,5000,0.0,0.0
2024-06-26 09:10:00+09:00,7850.0,7880.0,7850.0,7880.0,1100,0.0,0.0
2024-06-26 09:15:00+09:00,7850.0,7900.0,7850.0,7880.0,1100,0.0,0.0
2024-06-26 09:20:00+09:00,7880.0,7880.0,7850.0,7860.0,600,0.0,0.0
2024-06-26 09:25:00+09:00,7860.0,7860.0,7850.0,7860.0,700,0.0,0.0
2024-06-26 09:30:00+09:00,7840.0,7870.0,7820.0,7870.0,2100,0.0,0.0
2024-06-26 09:35:00+09:00,7860.0,7860.0,7840.0,7840.0,800,0.0,0.0
2024-06-26 09:40:00+09:00,7850.0,7860.0,7850.0,7860.0,500,0.0,0.0
2024-06-26 09:45:00+09:00,7850.0,7850.0,7830.0,7840.0,1100,0.0,0.0
2024-06-26 09:50:00+09:00,7870.0,7960.0,7870.0,7950.0,5500,0.0,0.0
2024-06-26 09:55:00+09:00,7990.0,8040.0,7990.0,8020.0,2800,0.0,0.0
2024-06-26 10:00:00+09:00,8010.0,8010.0,8000.0,8000.0,800,0.0,0.0
2024-06-26 10:05:00+09:00,8000.0,8010.0,8000.0,8010.0,900,0.0,0.0
2024-06-26 10:10:00+09:00,8010.0,8040.0,8010.0,8040.0,900,0.0,0.0
2024-06-26 10:15:00+09:00,8040.0,8070.0,8040.0,8060.0,2700,0.0,0.0
2024-06-26 10:20:00+09:00,8060.0,8080.0,8050.0,8050.0,1800,0.0,0.0
2024-06-26 10:25:00+09:00,8070.0,8110.0,8070.0,8110.0,3200,0.0,0.0
2024-06-26 10:30:00+09:00,8100.0,8160.0,8100.0,8140.0,4100,0.0,0.0
2024-06-26 10:35:00+09:00,8140.0,8160.0,8140.0,8150.0,2600,0.0,0.0
2024-06-26 10:40:00+09:00,8130.0,8130.0,8100.0,8110.0,1300,0.0,0.0
2024-06-26 10:45:00+09:00,8120.0,8120.0,8110.0,8120.0,1800,0.0,0.0
2024-06-26 10:50:00+09:00,8120.0,8140.0,8120.0,8130.0,2500,0.0,0.0
2024-06-26 10:55:00+09:00,8150.0,8150.0,8120.0,8120.0,800,0.0,0.0
2024-06-26 11:00:00+09:00,8100.0,8100.0,8090.0,8090.0,900,0.0,0.0
2024-06-26 11:05:00+09:00,8090.0,8090.0,8090.0,8090.0,100,0.0,0.0
2024-06-26 11:10:00+09:00,8080.0,8080.0,8070.0,8070.0,1500,0.0,0.0
2024-06-26 11:15:00+09:00,8070.0,8090.0,8070.0,8070.0,300,0.0,0.0
2024-06-26 11:20:00+09:00,8070.0,8080.0,8070.0,8080.0,500,0.0,0.0
2024-06-26 11:25:00+09:00,8070.0,8110.0,8070.0,8090.0,2000,0.0,0.0
2024-06-26 11:30:00+09:00,8110.0,8110.0,8110.0,8110.0,300,0.0,0.0
2024-06-26 11:35:00+09:00,8110.0,8110.0,8110.0,8110.0,0,0.0,0.0
2024-06-26 12:30:00+09:00,8140.0,8140.0,8060.0,8090.0,62200,0.0,0.0
2024-06-26 12:35:00+09:00,8070.0,8080.0,8070.0,8080.0,1100,0.0,0.0
2024-06-26 12:40:00+09:00,8080.0,8080.0,8070.0,8080.0,1300,0.0,0.0
2024-06-26 12:45:00+09:00,8090.0,8090.0,8080.0,8090.0,500,0.0,0.0
2024-06-26 12:50:00+09:00,8080.0,8090.0,8070.0,8070.0,1400,0.0,0.0
2024-06-26 12:55:00+09:00,8090.0,8090.0,8090.0,8090.0,400,0.0,0.0
2024-06-26 13:05:00+09:00,8080.0,8080.0,8080.0,8080.0,0,0.0,0.0
2024-06-26 13:10:00+09:00,8080.0,8080.0,8080.0,8080.0,68200,0.0,0.0
2024-06-26 13:15:00+09:00,8080.0,8080.0,8030.0,8030.0,3400,0.0,0.0
2024-06-26 13:20:00+09:00,8030.0,8030.0,8030.0,8030.0,200,0.0,0.0
2024-06-26 13:25:00+09:00,8020.0,8030.0,8020.0,8030.0,1300,0.0,0.0
2024-06-26 13:30:00+09:00,8030.0,8030.0,8010.0,8010.0,1200,0.0,0.0
2024-06-26 13:35:00+09:00,8010.0,8010.0,8010.0,8010.0,800,0.0,0.0
2024-06-26 13:40:00+09:00,8010.0,8020.0,8010.0,8020.0,0,0.0,0.0
2024-06-26 13:45:00+09:00,8010.0,8020.0,8010.0,8020.0,76800,0.0,0.0
2024-06-26 13:50:00+09:00,8010.0,8010.0,8010.0,8010.0,200,0.0,0.0
2024-06-26 13:55:00+09:00,8020.0,8040.0,7990.0,7990.0,2500,0.0,0.0
2024-06-26 14:00:00+09:00,7980.0,7990.0,7980.0,7990.0,700,0.0,0.0
2024-06-26 14:05:00+09:00,7990.0,8000.0,7990.0,8000.0,600,0.0,0.0
2024-06-26 14:10:00+09:00,8000.0,8000.0,7980.0,8000.0,2400,0.0,0.0
2024-06-26 14:15:00+09:00,7990.0,8010.0,7990.0,8000.0,2300,0.0,0.0
2024-06-26 14:20:00+09:00,8010.0,8020.0,8010.0,8010.0,800,0.0,0.0
2024-06-26 14:25:00+09:00,8000.0,8000.0,8000.0,8000.0,500,0.0,0.0
2024-06-26 14:30:00+09:00,8000.0,8020.0,8000.0,8010.0,1900,0.0,0.0
2024-06-26 14:35:00+09:00,8000.0,8000.0,7990.0,7990.0,900,0.0,0.0
2024-06-26 14:40:00+09:00,7980.0,7980.0,7950.0,7950.0,2000,0.0,0.0
2024-06-26 14:45:00+09:00,7960.0,7960.0,7940.0,7960.0,3300,0.0,0.0
2024-06-26 14:50:00+09:00,7950.0,7960.0,7950.0,7960.0,500,0.0,0.0
2024-06-26 14:55:00+09:00,7960.0,7980.0,7950.0,7970.0,2400,0.0,0.0
2024-06-27 09:00:00+09:00,7940.0,8020.0,7890.0,7890.0,3500,0.0,0.0
2024-06-27 09:05:00+09:00,7920.0,7920.0,7870.0,7880.0,1900,0.0,0.0
2024-06-27 09:10:00+09:00,7870.0,7880.0,7850.0,7850.0,1700,0.0,0.0
2024-06-27 09:15:00+09:00,7850.0,7880.0,7850.0,7880.0,1900,0.0,0.0
2024-06-27 09:20:00+09:00,7870.0,7870.0,7870.0,7870.0,300,0.0,0.0
2024-06-27 09:25:00+09:00,7870.0,7880.0,7870.0,7870.0,400,0.0,0.0
2024-06-27 09:30:00+09:00,7880.0,7880.0,7860.0,7860.0,200,0.0,0.0
2024-06-27 09:35:00+09:00,7870.0,7870.0,7860.0,7860.0,500,0.0,0.0
2024-06-27 09:40:00+09:00,7880.0,7880.0,7870.0,7870.0,200,0.0,0.0
2024-06-27 09:45:00+09:00,7870.0,7870.0,7870.0,7870.0,100,0.0,0.0
2024-06-27 09:50:00+09:00,7860.0,7890.0,7850.0,7890.0,2300,0.0,0.0
2024-06-27 09:55:00+09:00,7900.0,7940.0,7900.0,7930.0,1500,0.0,0.0
2024-06-27 10:00:00+09:00,7930.0,7940.0,7930.0,7940.0,0,0.0,0.0
2024-06-27 10:05:00+09:00,7940.0,7940.0,7940.0,7940.0,14800,0.0,0.0
2024-06-27 10:10:00+09:00,7930.0,7930.0,7920.0,7920.0,0,0.0,0.0
2024-06-27 10:15:00+09:00,7910.0,7910.0,7890.0,7900.0,16900,0.0,0.0
2024-06-27 10:20:00+09:00,7880.0,7880.0,7880.0,7880.0,100,0.0,0.0
2024-06-27 10:25:00+09:00,7900.0,7930.0,7900.0,7930.0,800,0.0,0.0
2024-06-27 10:30:00+09:00,7920.0,7940.0,7920.0,7940.0,500,0.0,0.0
2024-06-27 10:35:00+09:00,7950.0,7950.0,7930.0,7940.0,500,0.0,0.0
2024-06-27 10:40:00+09:00,7920.0,7980.0,7920.0,7980.0,1700,0.0,0.0
2024-06-27 10:45:00+09:00,7990.0,7990.0,7990.0,7990.0,200,0.0,0.0
2024-06-27 10:50:00+09:00,7990.0,7990.0,7970.0,7970.0,400,0.0,0.0
2024-06-27 10:55:00+09:00,7960.0,7960.0,7960.0,7960.0,700,0.0,0.0
2024-06-27 11:05:00+09:00,7970.0,7970.0,7970.0,7970.0,100,0.0,0.0
2024-06-27 11:10:00+09:00,7970.0,7970.0,7970.0,7970.0,400,0.0,0.0
2024-06-27 11:15:00+09:00,7970.0,7970.0,7970.0,7970.0,100,0.0,0.0
2024-06-27 11:25:00+09:00,7970.0,7980.0,7970.0,7970.0,500,0.0,0.0
2024-06-27 11:30:00+09:00,7960.0,7960.0,7960.0,7960.0,300,0.0,0.0
2024-06-27 11:35:00+09:00,7960.0,7960.0,7960.0,7960.0,0,0.0,0.0
2024-06-27 12:30:00+09:00,7970.0,7990.0,7970.0,7990.0,25800,0.0,0.0
2024-06-27 12:35:00+09:00,7990.0,7990.0,7980.0,7980.0,0,0.0,0.0
2024-06-27 12:40:00+09:00,7980.0,8020.0,7980.0,8020.0,28200,0.0,0.0
2024-06-27 12:45:00+09:00,8020.0,8050.0,8020.0,8050.0,1200,0.0,0.0
2024-06-27 12:50:00+09:00,8040.0,8050.0,8040.0,8050.0,700,0.0,0.0
2024-06-27 12:55:00+09:00,8040.0,8040.0,8020.0,8020.0,1000,0.0,0.0
2024-06-27 13:00:00+09:00,8040.0,8040.0,8040.0,8040.0,100,0.0,0.0
2024-06-27 13:05:00+09:00,8020.0,8030.0,8020.0,8030.0,500,0.0,0.0
2024-06-27 13:10:00+09:00,8050.0,8050.0,8040.0,8040.0,400,0.0,0.0
2024-06-27 13:20:00+09:00,8040.0,8040.0,8030.0,8030.0,500,0.0,0.0
2024-06-27 13:25:00+09:00,8040.0,8060.0,8040.0,8060.0,1000,0.0,0.0
2024-06-27 13:30:00+09:00,8060.0,8060.0,8040.0,8040.0,1200,0.0,0.0
2024-06-27 13:35:00+09:00,8040.0,8040.0,8040.0,8040.0,200,0.0,0.0
2024-06-27 13:40:00+09:00,8050.0,8050.0,8050.0,8050.0,400,0.0,0.0
2024-06-27 13:55:00+09:00,8040.0,8050.0,8040.0,8050.0,600,0.0,0.0
2024-06-27 14:00:00+09:00,8040.0,8040.0,8030.0,8030.0,200,0.0,0.0
2024-06-27 14:05:00+09:00,8030.0,8030.0,8020.0,8020.0,400,0.0,0.0
2024-06-27 14:10:00+09:00,8010.0,8010.0,7990.0,7990.0,400,0.0,0.0
2024-06-27 14:15:00+09:00,7980.0,7980.0,7980.0,7980.0,100,0.0,0.0
2024-06-27 14:20:00+09:00,7980.0,7980.0,7980.0,7980.0,100,0.0,0.0
2024-06-27 14:25:00+09:00,7990.0,8010.0,7990.0,8010.0,1700,0.0,0.0
2024-06-27 14:30:00+09:00,8020.0,8030.0,8020.0,8030.0,600,0.0,0.0
2024-06-27 14:35:00+09:00,8020.0,8020.0,8010.0,8010.0,500,0.0,0.0
2024-06-27 14:40:00+09:00,8000.0,8000.0,8000.0,8000.0,200,0.0,0.0
2024-06-27 14:50:00+09:00,8010.0,8010.0,8000.0,8000.0,700,0.0,0.0
2024-06-27 14:55:00+09:00,8010.0,8040.0,8000.0,8040.0,2800,0.0,0.0
2024-06-28 09:00:00+09:00,8090.0,8170.0,8010.0,8010.0,10000,0.0,0.0
2024-06-28 09:05:00+09:00,8020.0,8020.0,7920.0,7920.0,3600,0.0,0.0
2024-06-28 09:10:00+09:00,7920.0,7930.0,7920.0,7930.0,2000,0.0,0.0
2024-06-28 09:15:00+09:00,7920.0,7930.0,7920.0,7920.0,700,0.0,0.0
2024-06-28 09:20:00+09:00,7940.0,7970.0,7940.0,7970.0,1500,0.0,0.0
2024-06-28 09:25:00+09:00,7970.0,7970.0,7960.0,7960.0,1000,0.0,0.0
2024-06-28 09:30:00+09:00,7950.0,7950.0,7950.0,7950.0,100,0.0,0.0
2024-06-28 09:35:00+09:00,7960.0,7960.0,7950.0,7960.0,400,0.0,0.0
2024-06-28 09:40:00+09:00,7950.0,7960.0,7950.0,7960.0,700,0.0,0.0
2024-06-28 09:45:00+09:00,7970.0,7980.0,7970.0,7970.0,1100,0.0,0.0
2024-06-28 09:50:00+09:00,7960.0,7960.0,7960.0,7960.0,300,0.0,0.0
2024-06-28 09:55:00+09:00,7970.0,8000.0,7970.0,8000.0,1200,0.0,0.0
2024-06-28 10:00:00+09:00,8010.0,8010.0,7970.0,7970.0,1400,0.0,0.0
2024-06-28 10:05:00+09:00,7980.0,7980.0,7970.0,7970.0,200,0.0,0.0
2024-06-28 10:10:00+09:00,7990.0,8000.0,7990.0,8000.0,900,0.0,0.0
2024-06-28 10:15:00+09:00,8000.0,8000.0,7990.0,7990.0,500,0.0,0.0
2024-06-28 10:20:00+09:00,7990.0,8000.0,7990.0,8000.0,200,0.0,0.0
2024-06-28 10:25:00+09:00,8000.0,8060.0,8000.0,8040.0,4300,0.0,0.0
2024-06-28 10:30:00+09:00,8040.0,8050.0,8040.0,8050.0,600,0.0,0.0
2024-06-28 10:35:00+09:00,8050.0,8050.0,8040.0,8050.0,1400,0.0,0.0
2024-06-28 10:40:00+09:00,8050.0,8050.0,8040.0,8050.0,300,0.0,0.0
2024-06-28 10:45:00+09:00,8060.0,8070.0,8050.0,8070.0,1400,0.0,0.0
2024-06-28 10:50:00+09:00,8080.0,8100.0,8080.0,8100.0,1900,0.0,0.0
2024-06-28 10:55:00+09:00,8090.0,8090.0,8080.0,8080.0,500,0.0,0.0
2024-06-28 11:00:00+09:00,8090.0,8130.0,8090.0,8130.0,1800,0.0,0.0
2024-06-28 11:05:00+09:00,8130.0,8150.0,8130.0,8150.0,3300,0.0,0.0
2024-06-28 11:10:00+09:00,8140.0,8140.0,8140.0,8140.0,400,0.0,0.0
2024-06-28 11:15:00+09:00,8140.0,8150.0,8140.0,8150.0,1100,0.0,0.0
2024-06-28 11:20:00+09:00,8150.0,8150.0,8150.0,8150.0,100,0.0,0.0
2024-06-28 11:25:00+09:00,8150.0,8160.0,8130.0,8160.0,2300,0.0,0.0
2024-06-28 11:30:00+09:00,8140.0,8140.0,8140.0,8140.0,200,0.0,0.0
2024-06-28 11:35:00+09:00,8140.0,8140.0,8140.0,8140.0,0,0.0,0.0
2024-06-28 12:30:00+09:00,8160.0,8160.0,8110.0,8120.0,0,0.0,0.0
2024-06-28 12:35:00+09:00,8120.0,8130.0,8120.0,8130.0,49100,0.0,0.0
2024-06-28 12:40:00+09:00,8130.0,8130.0,8110.0,8110.0,500,0.0,0.0
2024-06-28 12:45:00+09:00,8100.0,8100.0,8090.0,8090.0,2800,0.0,0.0
2024-06-28 12:50:00+09:00,8080.0,8080.0,8080.0,8080.0,200,0.0,0.0
2024-06-28 12:55:00+09:00,8080.0,8080.0,8030.0,8040.0,1600,0.0,0.0
2024-06-28 13:00:00+09:00,8030.0,8030.0,8030.0,8030.0,900,0.0,0.0
2024-06-28 13:05:00+09:00,8020.0,8020.0,8000.0,8000.0,1300,0.0,0.0
2024-06-28 13:10:00+09:00,8000.0,8030.0,8000.0,8030.0,1000,0.0,0.0
2024-06-28 13:15:00+09:00,8030.0,8030.0,8000.0,8000.0,1000,0.0,0.0
2024-06-28 13:20:00+09:00,8010.0,8060.0,8010.0,8060.0,2800,0.0,0.0
2024-06-28 13:25:00+09:00,8070.0,8080.0,8070.0,8080.0,700,0.0,0.0
2024-06-28 13:30:00+09:00,8070.0,8070.0,8060.0,8070.0,1400,0.0,0.0
2024-06-28 13:35:00+09:00,8080.0,8080.0,8060.0,8060.0,1000,0.0,0.0
2024-06-28 13:40:00+09:00,8060.0,8060.0,8060.0,8060.0,200,0.0,0.0
2024-06-28 13:45:00+09:00,8050.0,8050.0,8050.0,8050.0,200,0.0,0.0
2024-06-28 13:50:00+09:00,8040.0,8050.0,8020.0,8050.0,1100,0.0,0.0
2024-06-28 13:55:00+09:00,8040.0,8040.0,8040.0,8040.0,300,0.0,0.0
2024-06-28 14:00:00+09:00,8030.0,8030.0,8020.0,8020.0,1600,0.0,0.0
2024-06-28 14:05:00+09:00,8020.0,8020.0,8010.0,8010.0,1000,0.0,0.0
2024-06-28 14:10:00+09:00,8000.0,8010.0,8000.0,8000.0,800,0.0,0.0
2024-06-28 14:15:00+09:00,8000.0,8000.0,8000.0,8000.0,600,0.0,0.0
2024-06-28 14:20:00+09:00,8010.0,8010.0,7980.0,7980.0,2500,0.0,0.0
2024-06-28 14:25:00+09:00,7990.0,8010.0,7990.0,8010.0,2100,0.0,0.0
2024-06-28 14:30:00+09:00,8010.0,8020.0,8010.0,8010.0,1300,0.0,0.0
2024-06-28 14:35:00+09:00,8000.0,8000.0,7980.0,8000.0,1600,0.0,0.0
2024-06-28 14:40:00+09:00,8000.0,8030.0,8000.0,8030.0,2300,0.0,0.0
2024-06-28 14:45:00+09:00,8030.0,8030.0,8030.0,8030.0,400,0.0,0.0
2024-06-28 14:50:00+09:00,8020.0,8030.0,8010.0,8010.0,3200,0.0,0.0
2024-06-28 14:55:00+09:00,8020.0,8030.0,8000.0,8020.0,3600,0.0,0.0
