Datetime,Open,High,Low,Close,Volume,Dividends,Stock Splits
2022-10-13 09:00:00+09:00,563.0,569.0,563.0,569.0,500,0.0,0.0
2022-10-13 11:00:00+09:00,569.0,569.0,569.0,569.0,0,0.0,0.0
2022-10-13 14:00:00+09:00,562.0,562.0,562.0,562.0,600,0.0,0.0
2022-10-14 09:00:00+09:00,570.0,570.0,570.0,570.0,200,0.0,0.0
2022-10-14 11:00:00+09:00,570.0,570.0,570.0,570.0,0,0.0,0.0
2022-10-14 13:00:00+09:00,560.0,563.0,560.0,563.0,1500,0.0,0.0
2022-10-14 14:00:00+09:00,559.0,560.0,559.0,559.0,400,0.0,0.0
2022-10-17 09:00:00+09:00,559.0,559.0,559.0,559.0,400,0.0,0.0
2022-10-17 10:00:00+09:00,560.0,560.0,560.0,560.0,100,0.0,0.0
2022-10-17 11:00:00+09:00,560.0,560.0,560.0,560.0,0,0.0,0.0
2022-10-17 12:00:00+09:00,556.0,561.0,556.0,561.0,1200,0.0,0.0
2022-10-17 13:00:00+09:00,560.0,562.0,560.0,562.0,600,0.0,0.0
2022-10-17 14:00:00+09:00,560.0,561.0,556.0,561.0,1800,0.0,0.0
2022-10-18 11:00:00+09:00,560.0,560.0,560.0,560.0,500,0.0,0.0
2022-10-18 12:00:00+09:00,560.0,560.0,560.0,560.0,35500,0.0,0.0
2022-10-18 13:00:00+09:00,563.0,564.0,563.0,564.0,200,0.0,0.0
2022-10-20 09:00:00+09:00,555.0,560.0,555.0,560.0,1600,0.0,0.0
2022-10-20 11:00:00+09:00,560.0,560.0,560.0,560.0,0,0.0,0.0
2022-10-20 13:00:00+09:00,561.0,561.0,561.0,561.0,1700,0.0,0.0
2022-10-20 14:00:00+09:00,557.0,560.0,557.0,560.0,300,0.0,0.0
2022-10-21 12:00:00+09:00,561.0,563.0,561.0,562.0,200,0.0,0.0
2022-10-24 09:00:00+09:00,560.0,563.0,560.0,562.0,1400,0.0,0.0
2022-10-24 10:00:00+09:00,562.0,562.0,562.0,562.0,100,0.0,0.0
2022-10-24 11:00:00+09:00,560.0,562.0,559.0,562.0,0,0.0,0.0
2022-10-24 12:00:00+09:00,560.0,560.0,560.0,560.0,2400,0.0,0.0
2022-10-25 09:00:00+09:00,560.0,560.0,560.0,560.0,300,0.0,0.0
2022-10-25 11:00:00+09:00,560.0,560.0,560.0,560.0,0,0.0,0.0
2022-10-25 13:00:00+09:00,560.0,560.0,560.0,560.0,700,0.0,0.0
2022-10-25 14:00:00+09:00,558.0,560.0,558.0,560.0,600,0.0,0.0
2022-10-26 09:00:00+09:00,561.0,561.0,560.0,560.0,700,0.0,0.0
2022-10-26 11:00:00+09:00,560.0,560.0,560.0,560.0,0,0.0,0.0
2022-10-27 09:00:00+09:00,560.0,560.0,560.0,560.0,300,0.0,0.0
2022-10-27 11:00:00+09:00,560.0,560.0,560.0,560.0,0,0.0,0.0
2022-10-27 13:00:00+09:00,558.0,560.0,558.0,560.0,500,0.0,0.0
2022-10-27 14:00:00+09:00,561.0,561.0,561.0,561.0,100,0.0,0.0
2022-10-28 09:00:00+09:00,563.0,563.0,561.0,561.0,200,0.0,0.0
2022-10-28 11:00:00+09:00,561.0,561.0,561.0,561.0,0,0.0,0.0
2022-10-28 12:00:00+09:00,560.0,561.0,560.0,561.0,500,0.0,0.0
2022-10-28 13:00:00+09:00,560.0,561.0,560.0,561.0,600,0.0,0.0
2022-10-28 14:00:00+09:00,560.0,562.0,560.0,562.0,300,0.0,0.0
2022-10-31 09:00:00+09:00,566.0,566.0,566.0,566.0,1200,0.0,0.0
2022-10-31 11:00:00+09:00,566.0,566.0,566.0,566.0,0,0.0,0.0
2022-10-31 14:00:00+09:00,566.0,566.0,562.0,562.0,1500,0.0,0.0
2022-11-01 09:00:00+09:00,567.0,567.0,567.0,567.0,100,0.0,0.0
2022-11-01 10:00:00+09:00,567.0,567.0,567.0,567.0,100,0.0,0.0
2022-11-01 11:00:00+09:00,567.0,567.0,567.0,567.0,0,0.0,0.0
2022-11-01 13:00:00+09:00,566.0,566.0,566.0,566.0,300,0.0,0.0
2022-11-01 14:00:00+09:00,563.0,563.0,563.0,563.0,400,0.0,0.0
2022-11-02 13:00:00+09:00,558.0,565.0,558.0,562.0,1700,0.0,0.0
2022-11-02 14:00:00+09:00,569.0,569.0,562.0,564.0,300,0.0,0.0
2022-11-04 09:00:00+09:00,560.0,560.0,558.0,558.0,200,0.0,0.0
2022-11-04 11:00:00+09:00,558.0,558.0,558.0,558.0,0,0.0,0.0
2022-11-04 12:00:00+09:00,554.0,556.0,548.0,553.0,33100,0.0,0.0
2022-11-04 13:00:00+09:00,550.0,550.0,546.0,549.0,1400,0.0,0.0
2022-11-04 14:00:00+09:00,548.0,551.0,546.0,546.0,1600,0.0,0.0
2022-11-07 09:00:00+09:00,550.0,550.0,550.0,550.0,100,0.0,0.0
2022-11-07 11:00:00+09:00,550.0,550.0,550.0,550.0,0,0.0,0.0
2022-11-07 14:00:00+09:00,548.0,548.0,548.0,548.0,300,0.0,0.0
2022-11-08 09:00:00+09:00,552.0,552.0,550.0,551.0,2600,0.0,0.0
2022-11-08 11:00:00+09:00,553.0,566.0,553.0,566.0,0,0.0,0.0
2022-11-08 12:00:00+09:00,573.0,573.0,573.0,573.0,3200,0.0,0.0
2022-11-08 14:00:00+09:00,551.0,566.0,551.0,566.0,900,0.0,0.0
2022-11-09 10:00:00+09:00,556.0,556.0,546.0,555.0,1300,0.0,0.0
2022-11-09 11:00:00+09:00,555.0,555.0,555.0,555.0,0,0.0,0.0
2022-11-10 09:00:00+09:00,546.0,549.0,546.0,549.0,600,0.0,0.0
2022-11-10 11:00:00+09:00,549.0,549.0,549.0,549.0,0,0.0,0.0
2022-11-10 13:00:00+09:00,549.0,550.0,549.0,550.0,800,0.0,0.0
2022-11-11 09:00:00+09:00,544.0,560.0,543.0,560.0,2900,0.0,0.0
2022-11-11 11:00:00+09:00,560.0,560.0,560.0,560.0,0,0.0,0.0
2022-11-14 09:00:00+09:00,560.0,560.0,560.0,560.0,200,0.0,0.0
2022-11-14 11:00:00+09:00,560.0,560.0,560.0,560.0,0,0.0,0.0
2022-11-14 14:00:00+09:00,559.0,559.0,559.0,559.0,300,0.0,0.0
2022-11-15 13:00:00+09:00,551.0,554.0,549.0,554.0,800,0.0,0.0
2022-11-16 09:00:00+09:00,548.0,551.0,548.0,551.0,700,0.0,0.0
2022-11-16 11:00:00+09:00,551.0,551.0,551.0,551.0,0,0.0,0.0
2022-11-16 14:00:00+09:00,551.0,551.0,551.0,551.0,1000,0.0,0.0
2022-11-17 09:00:00+09:00,550.0,550.0,550.0,550.0,100,0.0,0.0
2022-11-17 10:00:00+09:00,550.0,550.0,550.0,550.0,200,0.0,0.0
2022-11-17 11:00:00+09:00,550.0,550.0,550.0,550.0,0,0.0,0.0
2022-11-17 12:00:00+09:00,549.0,549.0,548.0,549.0,800,0.0,0.0
2022-11-17 13:00:00+09:00,548.0,549.0,548.0,549.0,200,0.0,0.0
2022-11-17 14:00:00+09:00,548.0,548.0,548.0,548.0,200,0.0,0.0
2022-11-18 09:00:00+09:00,548.0,549.0,548.0,549.0,200,0.0,0.0
2022-11-18 11:00:00+09:00,549.0,549.0,549.0,549.0,0,0.0,0.0
2022-11-18 12:00:00+09:00,547.0,547.0,545.0,547.0,900,0.0,0.0
2022-11-18 14:00:00+09:00,548.0,548.0,548.0,548.0,100,0.0,0.0
2022-11-21 09:00:00+09:00,548.0,548.0,545.0,546.0,500,0.0,0.0
2022-11-21 11:00:00+09:00,545.0,545.0,545.0,545.0,0,0.0,0.0
2022-11-21 13:00:00+09:00,544.0,544.0,544.0,544.0,800,0.0,0.0
2022-11-21 14:00:00+09:00,544.0,544.0,544.0,544.0,100,0.0,0.0
2022-11-22 09:00:00+09:00,547.0,547.0,547.0,547.0,100,0.0,0.0
2022-11-22 11:00:00+09:00,547.0,547.0,547.0,547.0,0,0.0,0.0
2022-11-22 14:00:00+09:00,545.0,547.0,545.0,547.0,800,0.0,0.0
2022-11-24 09:00:00+09:00,549.0,549.0,547.0,549.0,700,0.0,0.0
2022-11-24 10:00:00+09:00,550.0,550.0,549.0,549.0,200,0.0,0.0
2022-11-24 11:00:00+09:00,548.0,548.0,548.0,548.0,0,0.0,0.0
2022-11-24 12:00:00+09:00,546.0,547.0,546.0,547.0,41500,0.0,0.0
2022-11-24 13:00:00+09:00,548.0,548.0,548.0,548.0,100,0.0,0.0
2022-11-25 09:00:00+09:00,549.0,549.0,549.0,549.0,200,0.0,0.0
2022-11-25 11:00:00+09:00,549.0,549.0,549.0,549.0,0,0.0,0.0
2022-11-25 12:00:00+09:00,548.0,548.0,548.0,548.0,300,0.0,0.0
2022-11-25 13:00:00+09:00,549.0,549.0,546.0,548.0,900,0.0,0.0
2022-11-25 14:00:00+09:00,546.0,546.0,543.0,543.0,600,0.0,0.0
2022-11-28 09:00:00+09:00,543.0,543.0,540.0,541.0,1700,0.0,0.0
2022-11-28 10:00:00+09:00,543.0,543.0,543.0,543.0,200,0.0,0.0
2022-11-28 11:00:00+09:00,543.0,543.0,543.0,543.0,0,0.0,0.0
2022-11-28 12:00:00+09:00,543.0,543.0,543.0,543.0,2000,0.0,0.0
2022-11-28 13:00:00+09:00,543.0,544.0,543.0,544.0,1300,0.0,0.0
2022-11-29 09:00:00+09:00,544.0,544.0,543.0,543.0,500,0.0,0.0
2022-11-29 10:00:00+09:00,543.0,543.0,543.0,543.0,100,0.0,0.0
2022-11-29 11:00:00+09:00,543.0,543.0,543.0,543.0,0,0.0,0.0
2022-11-29 13:00:00+09:00,543.0,544.0,543.0,544.0,0,0.0,0.0
2022-11-30 09:00:00+09:00,545.0,545.0,545.0,545.0,1400,0.0,0.0
2022-11-30 11:00:00+09:00,545.0,545.0,545.0,545.0,0,0.0,0.0
2022-11-30 12:00:00+09:00,544.0,544.0,544.0,544.0,1600,0.0,0.0
2022-12-01 09:00:00+09:00,544.0,544.0,543.0,544.0,600,0.0,0.0
2022-12-01 11:00:00+09:00,545.0,545.0,545.0,545.0,0,0.0,0.0
2022-12-01 13:00:00+09:00,543.0,543.0,543.0,543.0,800,0.0,0.0
2022-12-01 14:00:00+09:00,544.0,544.0,542.0,544.0,500,0.0,0.0
2022-12-02 12:00:00+09:00,544.0,544.0,544.0,544.0,100,0.0,0.0
2022-12-02 13:00:00+09:00,544.0,544.0,544.0,544.0,100,0.0,0.0
2022-12-05 09:00:00+09:00,541.0,541.0,540.0,540.0,1300,0.0,0.0
2022-12-05 10:00:00+09:00,540.0,540.0,540.0,540.0,300,0.0,0.0
2022-12-05 11:00:00+09:00,540.0,540.0,540.0,540.0,0,0.0,0.0
2022-12-05 12:00:00+09:00,542.0,542.0,540.0,540.0,8000,0.0,0.0
2022-12-05 13:00:00+09:00,541.0,541.0,541.0,541.0,200,0.0,0.0
2022-12-05 14:00:00+09:00,541.0,541.0,540.0,540.0,500,0.0,0.0
2022-12-06 09:00:00+09:00,541.0,541.0,541.0,541.0,400,0.0,0.0
2022-12-06 11:00:00+09:00,541.0,541.0,541.0,541.0,0,0.0,0.0
2022-12-06 12:00:00+09:00,540.0,540.0,540.0,540.0,500,0.0,0.0
2022-12-06 13:00:00+09:00,540.0,540.0,540.0,540.0,100,0.0,0.0
2022-12-06 14:00:00+09:00,540.0,540.0,540.0,540.0,100,0.0,0.0
2022-12-07 09:00:00+09:00,538.0,538.0,538.0,538.0,100,0.0,0.0
2022-12-07 10:00:00+09:00,538.0,538.0,538.0,538.0,0,0.0,0.0
2022-12-07 11:00:00+09:00,536.0,536.0,535.0,535.0,0,0.0,0.0
2022-12-07 12:00:00+09:00,535.0,535.0,535.0,535.0,27200,0.0,0.0
2022-12-07 14:00:00+09:00,536.0,536.0,536.0,536.0,200,0.0,0.0
2022-12-08 14:00:00+09:00,538.0,538.0,538.0,538.0,100,0.0,0.0
2022-12-09 09:00:00+09:00,539.0,539.0,539.0,539.0,54300,0.0,0.0
2022-12-09 10:00:00+09:00,539.0,540.0,539.0,540.0,200,0.0,0.0
2022-12-09 11:00:00+09:00,540.0,540.0,540.0,540.0,0,0.0,0.0
2022-12-09 12:00:00+09:00,540.0,540.0,540.0,540.0,81400,0.0,0.0
2022-12-09 13:00:00+09:00,539.0,539.0,539.0,539.0,100,0.0,0.0
2022-12-12 09:00:00+09:00,540.0,540.0,540.0,540.0,900,0.0,0.0
2022-12-12 11:00:00+09:00,540.0,540.0,540.0,540.0,0,0.0,0.0
2022-12-12 12:00:00+09:00,540.0,540.0,540.0,540.0,1200,0.0,0.0
2022-12-13 09:00:00+09:00,539.0,540.0,538.0,538.0,1500,0.0,0.0
2022-12-13 11:00:00+09:00,539.0,539.0,539.0,539.0,0,0.0,0.0
2022-12-13 12:00:00+09:00,539.0,540.0,539.0,540.0,83700,0.0,0.0
2022-12-14 09:00:00+09:00,541.0,541.0,540.0,540.0,300,0.0,0.0
2022-12-14 11:00:00+09:00,540.0,540.0,540.0,540.0,0,0.0,0.0
2022-12-14 14:00:00+09:00,541.0,541.0,541.0,541.0,500,0.0,0.0
2022-12-15 09:00:00+09:00,541.0,541.0,539.0,540.0,300,0.0,0.0
2022-12-15 11:00:00+09:00,540.0,540.0,540.0,540.0,0,0.0,0.0
2022-12-15 12:00:00+09:00,540.0,540.0,540.0,540.0,600,0.0,0.0
2022-12-16 09:00:00+09:00,540.0,540.0,540.0,540.0,100,0.0,0.0
2022-12-16 11:00:00+09:00,540.0,540.0,540.0,540.0,0,0.0,0.0
2022-12-16 13:00:00+09:00,538.0,538.0,538.0,538.0,300,0.0,0.0
2022-12-19 09:00:00+09:00,535.0,538.0,535.0,538.0,41300,0.0,0.0
2022-12-19 10:00:00+09:00,535.0,535.0,535.0,535.0,400,0.0,0.0
2022-12-19 11:00:00+09:00,537.0,538.0,537.0,538.0,0,0.0,0.0
2022-12-19 12:00:00+09:00,538.0,538.0,538.0,538.0,50200,0.0,0.0
2022-12-20 12:00:00+09:00,537.0,537.0,536.0,536.0,300,0.0,0.0
2022-12-20 14:00:00+09:00,537.0,538.0,537.0,538.0,500,0.0,0.0
2022-12-21 10:00:00+09:00,536.0,536.0,536.0,536.0,600,0.0,0.0
2022-12-21 11:00:00+09:00,535.0,535.0,535.0,535.0,0,0.0,0.0
2022-12-21 12:00:00+09:00,535.0,535.0,535.0,535.0,21600,0.0,0.0
2022-12-21 13:00:00+09:00,538.0,538.0,538.0,538.0,100,0.0,0.0
2022-12-21 14:00:00+09:00,538.0,538.0,538.0,538.0,100,0.0,0.0
2022-12-22 09:00:00+09:00,536.0,536.0,535.0,535.0,600,0.0,0.0
2022-12-22 10:00:00+09:00,537.0,537.0,536.0,536.0,200,0.0,0.0
2022-12-22 11:00:00+09:00,536.0,536.0,536.0,536.0,0,0.0,0.0
2022-12-22 14:00:00+09:00,536.0,538.0,536.0,538.0,1600,0.0,0.0
2022-12-23 09:00:00+09:00,535.0,537.0,535.0,537.0,300,0.0,0.0
2022-12-23 10:00:00+09:00,535.0,537.0,535.0,537.0,300,0.0,0.0
2022-12-23 11:00:00+09:00,537.0,537.0,537.0,537.0,0,0.0,0.0
2022-12-23 12:00:00+09:00,535.0,535.0,535.0,535.0,1100,0.0,0.0
2022-12-23 13:00:00+09:00,536.0,536.0,536.0,536.0,300,0.0,0.0
2022-12-23 14:00:00+09:00,536.0,536.0,536.0,536.0,200,0.0,0.0
2022-12-26 09:00:00+09:00,537.0,537.0,537.0,537.0,700,0.0,0.0
2022-12-26 10:00:00+09:00,536.0,536.0,535.0,535.0,400,0.0,0.0
2022-12-26 11:00:00+09:00,535.0,535.0,535.0,535.0,0,0.0,0.0
2022-12-26 12:00:00+09:00,534.0,534.0,534.0,534.0,1200,0.0,0.0
2022-12-26 13:00:00+09:00,533.0,533.0,531.0,531.0,800,0.0,0.0
2022-12-26 14:00:00+09:00,531.0,532.0,530.0,530.0,1200,0.0,0.0
2022-12-27 09:00:00+09:00,530.0,531.0,530.0,531.0,12600,0.0,0.0
2022-12-27 10:00:00+09:00,530.0,532.0,530.0,532.0,1500,0.0,0.0
2022-12-27 11:00:00+09:00,531.0,532.0,531.0,532.0,0,0.0,0.0
2022-12-27 12:00:00+09:00,534.0,534.0,534.0,534.0,15000,0.0,0.0
2022-12-27 13:00:00+09:00,534.0,534.0,534.0,534.0,100,0.0,0.0
2022-12-28 09:00:00+09:00,534.0,534.0,532.0,533.0,0,0.0,0.0
2022-12-28 10:00:00+09:00,534.0,537.0,534.0,537.0,1800,0.0,0.0
2022-12-28 11:00:00+09:00,533.0,533.0,533.0,533.0,0,0.0,0.0
2022-12-28 12:00:00+09:00,533.0,533.0,533.0,533.0,32000,0.0,0.0
2022-12-28 13:00:00+09:00,534.0,534.0,534.0,534.0,2000,0.0,0.0
2022-12-28 14:00:00+09:00,534.0,536.0,532.0,536.0,600,0.0,0.0
2022-12-29 09:00:00+09:00,536.0,543.0,536.0,543.0,200,0.0,0.0
2022-12-29 11:00:00+09:00,543.0,543.0,543.0,543.0,0,0.0,0.0
2022-12-29 13:00:00+09:00,539.0,539.0,539.0,539.0,300,0.0,0.0
2022-12-29 14:00:00+09:00,540.0,540.0,540.0,540.0,200,0.0,0.0
2022-12-30 09:00:00+09:00,545.0,545.0,545.0,545.0,1300,0.0,0.0
2022-12-30 11:00:00+09:00,545.0,545.0,545.0,545.0,0,0.0,0.0
2022-12-30 12:00:00+09:00,545.0,547.0,545.0,547.0,0,0.0,0.0
2022-12-30 13:00:00+09:00,545.0,545.0,545.0,545.0,1600,0.0,0.0
2023-01-04 09:00:00+09:00,550.0,550.0,550.0,550.0,100,0.0,0.0
2023-01-04 10:00:00+09:00,545.0,545.0,540.0,540.0,900,0.0,0.0
2023-01-04 11:00:00+09:00,545.0,545.0,545.0,545.0,0,0.0,0.0
2023-01-05 09:00:00+09:00,545.0,545.0,541.0,541.0,300,0.0,0.0
2023-01-05 11:00:00+09:00,541.0,541.0,541.0,541.0,0,0.0,0.0
2023-01-05 13:00:00+09:00,539.0,539.0,539.0,539.0,800,0.0,0.0
2023-01-06 10:00:00+09:00,544.0,545.0,539.0,540.0,500,0.0,0.0
2023-01-06 11:00:00+09:00,540.0,540.0,540.0,540.0,0,0.0,0.0
2023-01-06 13:00:00+09:00,539.0,539.0,539.0,539.0,600,0.0,0.0
2023-01-06 14:00:00+09:00,542.0,542.0,542.0,542.0,100,0.0,0.0
2023-01-10 10:00:00+09:00,538.0,540.0,535.0,540.0,1200,0.0,0.0
2023-01-10 11:00:00+09:00,540.0,540.0,540.0,540.0,0,0.0,0.0
2023-01-10 12:00:00+09:00,540.0,540.0,540.0,540.0,1300,0.0,0.0
2023-01-11 09:00:00+09:00,542.0,542.0,542.0,542.0,100,0.0,0.0
2023-01-11 11:00:00+09:00,542.0,542.0,542.0,542.0,0,0.0,0.0
2023-01-11 14:00:00+09:00,542.0,542.0,542.0,542.0,200,0.0,0.0
2023-01-12 09:00:00+09:00,542.0,542.0,539.0,539.0,600,0.0,0.0
2023-01-12 11:00:00+09:00,539.0,539.0,539.0,539.0,0,0.0,0.0
2023-01-12 12:00:00+09:00,540.0,540.0,540.0,540.0,1000,0.0,0.0
2023-01-12 13:00:00+09:00,540.0,541.0,538.0,541.0,800,0.0,0.0
2023-01-13 09:00:00+09:00,540.0,540.0,537.0,537.0,900,0.0,0.0
2023-01-13 11:00:00+09:00,538.0,538.0,537.0,537.0,0,0.0,0.0
2023-01-13 12:00:00+09:00,539.0,539.0,539.0,539.0,1200,0.0,0.0
2023-01-13 13:00:00+09:00,539.0,539.0,538.0,538.0,500,0.0,0.0
2023-01-13 14:00:00+09:00,538.0,540.0,538.0,540.0,300,0.0,0.0
2023-01-16 09:00:00+09:00,540.0,540.0,540.0,540.0,100,0.0,0.0
2023-01-16 11:00:00+09:00,540.0,540.0,540.0,540.0,0,0.0,0.0
2023-01-16 12:00:00+09:00,540.0,540.0,540.0,540.0,300,0.0,0.0
2023-01-16 14:00:00+09:00,537.0,537.0,534.0,537.0,1300,0.0,0.0
2023-01-17 09:00:00+09:00,538.0,538.0,537.0,537.0,200,0.0,0.0
2023-01-17 11:00:00+09:00,537.0,537.0,537.0,537.0,0,0.0,0.0
2023-01-17 13:00:00+09:00,537.0,537.0,537.0,537.0,400,0.0,0.0
2023-01-17 14:00:00+09:00,535.0,535.0,535.0,535.0,100,0.0,0.0
2023-01-18 09:00:00+09:00,535.0,535.0,535.0,535.0,500,0.0,0.0
2023-01-18 11:00:00+09:00,535.0,535.0,535.0,535.0,0,0.0,0.0
2023-01-18 13:00:00+09:00,536.0,536.0,536.0,536.0,700,0.0,0.0
2023-01-18 14:00:00+09:00,537.0,537.0,537.0,537.0,100,0.0,0.0
2023-01-19 09:00:00+09:00,535.0,535.0,535.0,535.0,200,0.0,0.0
2023-01-19 10:00:00+09:00,535.0,535.0,535.0,535.0,0,0.0,0.0
2023-01-19 11:00:00+09:00,537.0,537.0,537.0,537.0,0,0.0,0.0
2023-01-19 13:00:00+09:00,537.0,537.0,537.0,537.0,600,0.0,0.0
2023-01-19 14:00:00+09:00,535.0,535.0,535.0,535.0,200,0.0,0.0
2023-01-20 09:00:00+09:00,535.0,535.0,535.0,535.0,100,0.0,0.0
2023-01-20 10:00:00+09:00,538.0,540.0,538.0,540.0,1000,0.0,0.0
2023-01-20 11:00:00+09:00,540.0,540.0,540.0,540.0,0,0.0,0.0
2023-01-20 12:00:00+09:00,540.0,540.0,540.0,540.0,1200,0.0,0.0
2023-01-23 09:00:00+09:00,540.0,540.0,540.0,540.0,100,0.0,0.0
2023-01-23 11:00:00+09:00,540.0,540.0,540.0,540.0,0,0.0,0.0
2023-01-23 12:00:00+09:00,540.0,540.0,540.0,540.0,200,0.0,0.0
2023-01-23 14:00:00+09:00,539.0,539.0,539.0,539.0,100,0.0,0.0
2023-01-24 09:00:00+09:00,539.0,540.0,539.0,540.0,500,0.0,0.0
2023-01-24 11:00:00+09:00,540.0,540.0,540.0,540.0,0,0.0,0.0
2023-01-24 12:00:00+09:00,540.0,540.0,540.0,540.0,700,0.0,0.0
2023-01-24 13:00:00+09:00,540.0,540.0,540.0,540.0,100,0.0,0.0
2023-01-24 14:00:00+09:00,540.0,540.0,540.0,540.0,400,0.0,0.0
2023-01-25 09:00:00+09:00,540.0,540.0,540.0,540.0,100,0.0,0.0
2023-01-25 11:00:00+09:00,539.0,539.0,539.0,539.0,0,0.0,0.0
2023-01-25 13:00:00+09:00,539.0,540.0,539.0,540.0,400,0.0,0.0
2023-01-26 09:00:00+09:00,540.0,543.0,540.0,543.0,3600,0.0,0.0
2023-01-26 11:00:00+09:00,545.0,545.0,545.0,545.0,0,0.0,0.0
2023-01-26 13:00:00+09:00,541.0,543.0,540.0,543.0,5700,0.0,0.0
2023-01-26 14:00:00+09:00,543.0,543.0,543.0,543.0,200,0.0,0.0
2023-01-27 09:00:00+09:00,540.0,542.0,540.0,542.0,1200,0.0,0.0
2023-01-27 10:00:00+09:00,543.0,543.0,543.0,543.0,200,0.0,0.0
2023-01-27 11:00:00+09:00,543.0,543.0,543.0,543.0,0,0.0,0.0
2023-01-27 12:00:00+09:00,542.0,543.0,540.0,541.0,2300,0.0,0.0
2023-01-27 13:00:00+09:00,542.0,542.0,542.0,542.0,100,0.0,0.0
2023-01-27 14:00:00+09:00,543.0,543.0,543.0,543.0,100,0.0,0.0
2023-01-30 09:00:00+09:00,543.0,543.0,542.0,542.0,300,0.0,0.0
2023-01-30 11:00:00+09:00,542.0,542.0,542.0,542.0,0,0.0,0.0
2023-01-30 14:00:00+09:00,543.0,545.0,543.0,545.0,700,0.0,0.0
2023-01-31 09:00:00+09:00,549.0,549.0,549.0,549.0,1500,0.0,0.0
2023-01-31 11:00:00+09:00,549.0,549.0,549.0,549.0,0,0.0,0.0
2023-01-31 14:00:00+09:00,548.0,548.0,548.0,548.0,1700,0.0,0.0
2023-02-01 09:00:00+09:00,550.0,550.0,548.0,548.0,200,0.0,0.0
2023-02-01 10:00:00+09:00,549.0,549.0,549.0,549.0,100,0.0,0.0
2023-02-01 11:00:00+09:00,549.0,549.0,549.0,549.0,0,0.0,0.0
2023-02-01 12:00:00+09:00,544.0,549.0,543.0,549.0,1200,0.0,0.0
2023-02-01 14:00:00+09:00,547.0,547.0,547.0,547.0,100,0.0,0.0
2023-02-02 14:00:00+09:00,549.0,549.0,549.0,549.0,100,0.0,0.0
2023-02-03 09:00:00+09:00,539.0,540.0,539.0,540.0,1500,0.0,0.0
2023-02-03 10:00:00+09:00,542.0,543.0,541.0,541.0,300,0.0,0.0
2023-02-03 11:00:00+09:00,543.0,543.0,543.0,543.0,0,0.0,0.0
2023-02-03 12:00:00+09:00,540.0,541.0,540.0,541.0,2500,0.0,0.0
2023-02-03 13:00:00+09:00,543.0,543.0,543.0,543.0,100,0.0,0.0
2023-02-03 14:00:00+09:00,543.0,543.0,543.0,543.0,100,0.0,0.0
2023-02-06 09:00:00+09:00,543.0,545.0,543.0,545.0,200,0.0,0.0
2023-02-06 10:00:00+09:00,543.0,543.0,543.0,543.0,0,0.0,0.0
2023-02-06 11:00:00+09:00,543.0,543.0,543.0,543.0,0,0.0,0.0
2023-02-06 13:00:00+09:00,543.0,543.0,538.0,538.0,1700,0.0,0.0
2023-02-07 09:00:00+09:00,538.0,538.0,538.0,538.0,400,0.0,0.0
2023-02-07 10:00:00+09:00,537.0,539.0,537.0,538.0,400,0.0,0.0
2023-02-07 11:00:00+09:00,538.0,538.0,538.0,538.0,0,0.0,0.0
2023-02-07 12:00:00+09:00,528.0,531.0,528.0,531.0,6700,0.0,0.0
2023-02-07 14:00:00+09:00,530.0,532.0,529.0,532.0,1200,0.0,0.0
2023-02-08 09:00:00+09:00,532.0,532.0,532.0,532.0,100,0.0,0.0
2023-02-08 11:00:00+09:00,532.0,532.0,532.0,532.0,0,0.0,0.0
2023-02-08 12:00:00+09:00,529.0,532.0,529.0,532.0,800,0.0,0.0
2023-02-08 13:00:00+09:00,531.0,532.0,531.0,532.0,200,0.0,0.0
2023-02-08 14:00:00+09:00,532.0,532.0,532.0,532.0,300,0.0,0.0
2023-02-09 09:00:00+09:00,528.0,530.0,528.0,530.0,700,0.0,0.0
2023-02-09 10:00:00+09:00,529.0,529.0,529.0,529.0,100,0.0,0.0
2023-02-09 11:00:00+09:00,535.0,537.0,535.0,537.0,0,0.0,0.0
2023-02-09 12:00:00+09:00,532.0,537.0,530.0,535.0,2100,0.0,0.0
2023-02-09 14:00:00+09:00,532.0,540.0,532.0,540.0,700,0.0,0.0
2023-02-10 09:00:00+09:00,540.0,545.0,540.0,545.0,1100,0.0,0.0
2023-02-10 11:00:00+09:00,545.0,545.0,545.0,545.0,0,0.0,0.0
2023-02-10 12:00:00+09:00,539.0,541.0,539.0,541.0,1300,0.0,0.0
2023-02-10 14:00:00+09:00,541.0,543.0,540.0,543.0,300,0.0,0.0
2023-02-13 09:00:00+09:00,543.0,543.0,538.0,538.0,400,0.0,0.0
2023-02-13 11:00:00+09:00,538.0,538.0,538.0,538.0,0,0.0,0.0
2023-02-13 12:00:00+09:00,540.0,540.0,540.0,540.0,0,0.0,0.0
2023-02-13 13:00:00+09:00,542.0,542.0,542.0,542.0,700,0.0,0.0
2023-02-13 14:00:00+09:00,543.0,543.0,542.0,542.0,200,0.0,0.0
2023-02-14 09:00:00+09:00,542.0,542.0,542.0,542.0,100,0.0,0.0
2023-02-14 11:00:00+09:00,539.0,539.0,539.0,539.0,0,0.0,0.0
2023-02-14 12:00:00+09:00,530.0,536.0,530.0,536.0,1900,0.0,0.0
2023-02-14 14:00:00+09:00,533.0,535.0,532.0,535.0,500,0.0,0.0
2023-02-15 09:00:00+09:00,538.0,538.0,538.0,538.0,100,0.0,0.0
2023-02-15 11:00:00+09:00,535.0,535.0,535.0,535.0,0,0.0,0.0
2023-02-15 12:00:00+09:00,533.0,533.0,533.0,533.0,500,0.0,0.0
2023-02-15 13:00:00+09:00,535.0,535.0,535.0,535.0,400,0.0,0.0
2023-02-16 09:00:00+09:00,535.0,535.0,535.0,535.0,700,0.0,0.0
2023-02-16 10:00:00+09:00,535.0,536.0,535.0,536.0,200,0.0,0.0
2023-02-16 11:00:00+09:00,536.0,536.0,536.0,536.0,0,0.0,0.0
2023-02-16 13:00:00+09:00,536.0,536.0,536.0,536.0,1000,0.0,0.0
2023-02-17 09:00:00+09:00,536.0,536.0,536.0,536.0,200,0.0,0.0
2023-02-17 10:00:00+09:00,535.0,535.0,535.0,535.0,100,0.0,0.0
2023-02-17 11:00:00+09:00,535.0,535.0,535.0,535.0,0,0.0,0.0
2023-02-17 13:00:00+09:00,531.0,533.0,530.0,533.0,2000,0.0,0.0
2023-02-17 14:00:00+09:00,535.0,535.0,531.0,531.0,600,0.0,0.0
2023-02-20 09:00:00+09:00,532.0,535.0,532.0,535.0,300,0.0,0.0
2023-02-20 11:00:00+09:00,535.0,535.0,535.0,535.0,0,0.0,0.0
2023-02-21 09:00:00+09:00,535.0,535.0,533.0,535.0,400,0.0,0.0
2023-02-21 10:00:00+09:00,533.0,533.0,532.0,533.0,800,0.0,0.0
2023-02-21 11:00:00+09:00,532.0,534.0,532.0,534.0,0,0.0,0.0
2023-02-21 12:00:00+09:00,535.0,535.0,535.0,535.0,1500,0.0,0.0
2023-02-21 13:00:00+09:00,535.0,535.0,535.0,535.0,100,0.0,0.0
2023-02-22 09:00:00+09:00,535.0,535.0,535.0,535.0,400,0.0,0.0
2023-02-22 10:00:00+09:00,534.0,535.0,532.0,535.0,1600,0.0,0.0
2023-02-22 11:00:00+09:00,535.0,535.0,535.0,535.0,0,0.0,0.0
2023-02-22 12:00:00+09:00,534.0,534.0,532.0,532.0,3100,0.0,0.0
2023-02-22 13:00:00+09:00,533.0,533.0,533.0,533.0,100,0.0,0.0
2023-02-24 09:00:00+09:00,535.0,535.0,535.0,535.0,200,0.0,0.0
2023-02-24 10:00:00+09:00,534.0,534.0,534.0,534.0,100,0.0,0.0
2023-02-24 11:00:00+09:00,534.0,534.0,534.0,534.0,0,0.0,0.0
2023-02-24 12:00:00+09:00,534.0,534.0,533.0,534.0,1200,0.0,0.0
2023-02-24 13:00:00+09:00,532.0,535.0,531.0,535.0,1800,0.0,0.0
2023-02-24 14:00:00+09:00,535.0,535.0,535.0,535.0,200,0.0,0.0
2023-02-27 09:00:00+09:00,534.0,534.0,534.0,534.0,1200,0.0,0.0
2023-02-27 11:00:00+09:00,534.0,534.0,534.0,534.0,0,0.0,0.0
2023-02-27 12:00:00+09:00,534.0,534.0,534.0,534.0,1300,0.0,0.0
2023-02-27 13:00:00+09:00,534.0,534.0,534.0,534.0,200,0.0,0.0
2023-02-27 14:00:00+09:00,532.0,534.0,532.0,534.0,1300,0.0,0.0
2023-02-28 09:00:00+09:00,535.0,537.0,535.0,537.0,3000,0.0,0.0
2023-02-28 10:00:00+09:00,537.0,537.0,537.0,537.0,100,0.0,0.0
2023-02-28 11:00:00+09:00,537.0,537.0,537.0,537.0,0,0.0,0.0
2023-02-28 14:00:00+09:00,535.0,535.0,535.0,535.0,3500,0.0,0.0
2023-03-01 09:00:00+09:00,535.0,537.0,535.0,536.0,300,0.0,0.0
2023-03-01 11:00:00+09:00,535.0,535.0,529.0,530.0,0,0.0,0.0
2023-03-01 12:00:00+09:00,533.0,533.0,533.0,533.0,4000,0.0,0.0
2023-03-01 13:00:00+09:00,532.0,532.0,530.0,532.0,1000,0.0,0.0
2023-03-01 14:00:00+09:00,533.0,533.0,533.0,533.0,100,0.0,0.0
2023-03-02 09:00:00+09:00,534.0,535.0,534.0,535.0,200,0.0,0.0
2023-03-02 10:00:00+09:00,535.0,535.0,535.0,535.0,100,0.0,0.0
2023-03-02 11:00:00+09:00,535.0,535.0,535.0,535.0,0,0.0,0.0
2023-03-02 12:00:00+09:00,535.0,535.0,535.0,535.0,500,0.0,0.0
2023-03-02 13:00:00+09:00,533.0,533.0,531.0,532.0,600,0.0,0.0
2023-03-02 14:00:00+09:00,536.0,536.0,536.0,536.0,100,0.0,0.0
2023-03-03 09:00:00+09:00,536.0,536.0,536.0,536.0,100,0.0,0.0
2023-03-03 11:00:00+09:00,536.0,536.0,536.0,536.0,0,0.0,0.0
2023-03-03 12:00:00+09:00,536.0,536.0,536.0,536.0,300,0.0,0.0
2023-03-03 13:00:00+09:00,534.0,537.0,533.0,537.0,1500,0.0,0.0
2023-03-03 14:00:00+09:00,535.0,537.0,533.0,537.0,800,0.0,0.0
2023-03-06 09:00:00+09:00,542.0,542.0,538.0,538.0,800,0.0,0.0
2023-03-06 11:00:00+09:00,538.0,538.0,538.0,538.0,0,0.0,0.0
2023-03-06 13:00:00+09:00,538.0,538.0,538.0,538.0,900,0.0,0.0
2023-03-07 09:00:00+09:00,541.0,541.0,540.0,540.0,300,0.0,0.0
2023-03-07 10:00:00+09:00,538.0,540.0,538.0,540.0,400,0.0,0.0
2023-03-07 11:00:00+09:00,540.0,540.0,540.0,540.0,0,0.0,0.0
2023-03-07 14:00:00+09:00,540.0,540.0,540.0,540.0,800,0.0,0.0
2023-03-08 09:00:00+09:00,540.0,540.0,540.0,540.0,100,0.0,0.0
2023-03-08 10:00:00+09:00,540.0,540.0,539.0,540.0,300,0.0,0.0
2023-03-08 11:00:00+09:00,540.0,540.0,540.0,540.0,0,0.0,0.0
2023-03-08 13:00:00+09:00,540.0,540.0,535.0,540.0,2100,0.0,0.0
2023-03-09 09:00:00+09:00,540.0,540.0,536.0,537.0,1000,0.0,0.0
2023-03-09 10:00:00+09:00,539.0,540.0,539.0,540.0,200,0.0,0.0
2023-03-09 11:00:00+09:00,540.0,540.0,540.0,540.0,0,0.0,0.0
2023-03-09 12:00:00+09:00,540.0,540.0,540.0,540.0,1900,0.0,0.0
2023-03-09 13:00:00+09:00,540.0,540.0,540.0,540.0,100,0.0,0.0
2023-03-09 14:00:00+09:00,541.0,544.0,541.0,544.0,1000,0.0,0.0
2023-03-10 09:00:00+09:00,544.0,544.0,544.0,544.0,500,0.0,0.0
2023-03-10 10:00:00+09:00,545.0,545.0,545.0,545.0,200,0.0,0.0
2023-03-10 11:00:00+09:00,544.0,544.0,544.0,544.0,0,0.0,0.0
2023-03-10 13:00:00+09:00,544.0,544.0,540.0,544.0,1800,0.0,0.0
2023-03-10 14:00:00+09:00,539.0,543.0,539.0,543.0,400,0.0,0.0
2023-03-13 09:00:00+09:00,545.0,545.0,535.0,542.0,2800,0.0,0.0
2023-03-13 11:00:00+09:00,542.0,542.0,542.0,542.0,0,0.0,0.0
2023-03-13 12:00:00+09:00,542.0,542.0,542.0,542.0,2900,0.0,0.0
2023-03-14 09:00:00+09:00,535.0,541.0,535.0,536.0,1100,0.0,0.0
2023-03-14 10:00:00+09:00,534.0,538.0,534.0,538.0,800,0.0,0.0
2023-03-14 11:00:00+09:00,541.0,541.0,541.0,541.0,0,0.0,0.0
2023-03-14 14:00:00+09:00,541.0,542.0,536.0,541.0,2700,0.0,0.0
2023-03-15 09:00:00+09:00,542.0,544.0,542.0,544.0,200,0.0,0.0
2023-03-15 10:00:00+09:00,544.0,544.0,544.0,544.0,100,0.0,0.0
2023-03-15 11:00:00+09:00,544.0,544.0,544.0,544.0,0,0.0,0.0
2023-03-15 13:00:00+09:00,541.0,541.0,541.0,541.0,400,0.0,0.0
2023-03-16 09:00:00+09:00,542.0,543.0,540.0,543.0,400,0.0,0.0
2023-03-16 10:00:00+09:00,543.0,543.0,543.0,543.0,100,0.0,0.0
2023-03-16 11:00:00+09:00,543.0,543.0,543.0,543.0,0,0.0,0.0
2023-03-16 12:00:00+09:00,545.0,545.0,545.0,545.0,600,0.0,0.0
2023-03-16 13:00:00+09:00,546.0,546.0,546.0,546.0,100,0.0,0.0
2023-03-16 14:00:00+09:00,548.0,548.0,548.0,548.0,100,0.0,0.0
2023-03-17 09:00:00+09:00,547.0,547.0,547.0,547.0,100,0.0,0.0
2023-03-17 11:00:00+09:00,547.0,547.0,547.0,547.0,0,0.0,0.0
2023-03-20 09:00:00+09:00,542.0,546.0,542.0,546.0,1100,0.0,0.0
2023-03-20 10:00:00+09:00,546.0,547.0,542.0,547.0,1800,0.0,0.0
2023-03-20 11:00:00+09:00,546.0,547.0,546.0,547.0,0,0.0,0.0
2023-03-20 14:00:00+09:00,545.0,545.0,545.0,545.0,3200,0.0,0.0
2023-03-22 09:00:00+09:00,545.0,545.0,544.0,545.0,400,0.0,0.0
2023-03-22 11:00:00+09:00,545.0,545.0,545.0,545.0,0,0.0,0.0
2023-03-22 12:00:00+09:00,544.0,544.0,544.0,544.0,1300,0.0,0.0
2023-03-23 09:00:00+09:00,544.0,544.0,544.0,544.0,100,0.0,0.0
2023-03-23 11:00:00+09:00,544.0,544.0,544.0,544.0,0,0.0,0.0
2023-03-23 12:00:00+09:00,543.0,544.0,538.0,544.0,1900,0.0,0.0
2023-03-23 13:00:00+09:00,542.0,544.0,538.0,544.0,0,0.0,0.0
2023-03-23 14:00:00+09:00,543.0,543.0,543.0,543.0,2800,0.0,0.0
2023-03-24 09:00:00+09:00,545.0,545.0,545.0,545.0,100,0.0,0.0
2023-03-24 11:00:00+09:00,545.0,545.0,545.0,545.0,0,0.0,0.0
2023-03-24 14:00:00+09:00,545.0,545.0,545.0,545.0,200,0.0,0.0
2023-03-27 09:00:00+09:00,545.0,545.0,545.0,545.0,900,0.0,0.0
2023-03-27 11:00:00+09:00,545.0,545.0,545.0,545.0,0,0.0,0.0
2023-03-27 12:00:00+09:00,539.0,543.0,539.0,543.0,92800,0.0,0.0
2023-03-27 13:00:00+09:00,543.0,543.0,543.0,543.0,100,0.0,0.0
2023-03-28 09:00:00+09:00,545.0,545.0,545.0,545.0,400,0.0,0.0
2023-03-28 10:00:00+09:00,545.0,545.0,545.0,545.0,0,0.0,0.0
2023-03-28 11:00:00+09:00,545.0,545.0,545.0,545.0,0,0.0,0.0
2023-03-28 13:00:00+09:00,543.0,545.0,541.0,545.0,1600,0.0,0.0
2023-03-28 14:00:00+09:00,545.0,548.0,545.0,548.0,600,0.0,0.0
2023-03-29 09:00:00+09:00,549.0,549.0,549.0,549.0,300,0.0,0.0
2023-03-29 10:00:00+09:00,548.0,549.0,548.0,549.0,200,0.0,0.0
2023-03-29 11:00:00+09:00,549.0,549.0,549.0,549.0,0,0.0,0.0
2023-03-29 12:00:00+09:00,549.0,549.0,549.0,549.0,800,0.0,0.0
2023-03-29 13:00:00+09:00,548.0,548.0,546.0,548.0,400,0.0,0.0
2023-03-29 14:00:00+09:00,548.0,550.0,548.0,550.0,600,0.0,0.0
2023-03-30 09:00:00+09:00,542.0,555.0,542.0,553.0,1400,0.0,0.0
2023-03-30 10:00:00+09:00,544.0,549.0,544.0,549.0,200,0.0,0.0
2023-03-30 11:00:00+09:00,549.0,549.0,549.0,549.0,0,0.0,0.0
2023-03-30 12:00:00+09:00,549.0,549.0,549.0,549.0,1700,0.0,0.0
2023-03-30 14:00:00+09:00,547.0,549.0,542.0,549.0,1300,0.0,0.0
2023-03-31 09:00:00+09:00,550.0,550.0,545.0,549.0,0,0.0,0.0
2023-03-31 11:00:00+09:00,549.0,549.0,549.0,549.0,0,0.0,0.0
2023-03-31 14:00:00+09:00,546.0,546.0,546.0,546.0,1900,0.0,0.0
2023-04-03 09:00:00+09:00,542.0,544.0,539.0,539.0,1300,0.0,0.0
2023-04-03 10:00:00+09:00,540.0,540.0,540.0,540.0,100,0.0,0.0
2023-04-03 11:00:00+09:00,540.0,540.0,540.0,540.0,0,0.0,0.0
2023-04-03 13:00:00+09:00,538.0,539.0,538.0,539.0,1600,0.0,0.0
2023-04-04 09:00:00+09:00,538.0,538.0,538.0,538.0,100,0.0,0.0
2023-04-04 10:00:00+09:00,538.0,539.0,536.0,539.0,300,0.0,0.0
2023-04-04 11:00:00+09:00,539.0,539.0,539.0,539.0,0,0.0,0.0
2023-04-04 12:00:00+09:00,539.0,540.0,539.0,540.0,700,0.0,0.0
2023-04-05 10:00:00+09:00,538.0,538.0,537.0,537.0,400,0.0,0.0
2023-04-05 11:00:00+09:00,537.0,537.0,537.0,537.0,0,0.0,0.0
2023-04-05 12:00:00+09:00,538.0,540.0,538.0,540.0,800,0.0,0.0
2023-04-05 14:00:00+09:00,537.0,540.0,537.0,540.0,200,0.0,0.0
2023-04-06 09:00:00+09:00,540.0,540.0,537.0,537.0,400,0.0,0.0
2023-04-06 10:00:00+09:00,539.0,539.0,537.0,539.0,400,0.0,0.0
2023-04-06 11:00:00+09:00,537.0,539.0,537.0,539.0,0,0.0,0.0
2023-04-06 14:00:00+09:00,539.0,539.0,539.0,539.0,1100,0.0,0.0
2023-04-07 09:00:00+09:00,539.0,544.0,539.0,544.0,800,0.0,0.0
2023-04-07 10:00:00+09:00,539.0,543.0,538.0,543.0,300,0.0,0.0
2023-04-07 11:00:00+09:00,538.0,539.0,538.0,539.0,0,0.0,0.0
2023-04-07 13:00:00+09:00,541.0,541.0,541.0,541.0,1400,0.0,0.0
2023-04-07 14:00:00+09:00,540.0,540.0,540.0,540.0,100,0.0,0.0
2023-04-10 09:00:00+09:00,540.0,540.0,540.0,540.0,500,0.0,0.0
2023-04-10 10:00:00+09:00,537.0,540.0,537.0,540.0,300,0.0,0.0
2023-04-10 11:00:00+09:00,538.0,540.0,536.0,540.0,0,0.0,0.0
2023-04-10 12:00:00+09:00,541.0,541.0,541.0,541.0,1700,0.0,0.0
2023-04-11 09:00:00+09:00,541.0,541.0,541.0,541.0,100,0.0,0.0
2023-04-11 10:00:00+09:00,539.0,540.0,539.0,540.0,500,0.0,0.0
2023-04-11 11:00:00+09:00,540.0,540.0,540.0,540.0,0,0.0,0.0
2023-04-11 12:00:00+09:00,538.0,542.0,538.0,542.0,1300,0.0,0.0
2023-04-11 13:00:00+09:00,539.0,539.0,539.0,539.0,200,0.0,0.0
2023-04-11 14:00:00+09:00,540.0,540.0,540.0,540.0,100,0.0,0.0
2023-04-12 09:00:00+09:00,540.0,540.0,540.0,540.0,100,0.0,0.0
2023-04-12 10:00:00+09:00,539.0,539.0,539.0,539.0,200,0.0,0.0
2023-04-12 11:00:00+09:00,539.0,539.0,539.0,539.0,0,0.0,0.0
2023-04-12 13:00:00+09:00,538.0,538.0,538.0,538.0,500,0.0,0.0
2023-04-12 14:00:00+09:00,540.0,540.0,540.0,540.0,100,0.0,0.0
2023-04-13 09:00:00+09:00,539.0,539.0,538.0,538.0,200,0.0,0.0
2023-04-13 10:00:00+09:00,539.0,539.0,539.0,539.0,100,0.0,0.0
2023-04-13 11:00:00+09:00,539.0,539.0,539.0,539.0,0,0.0,0.0
2023-04-13 12:00:00+09:00,538.0,538.0,537.0,537.0,500,0.0,0.0
2023-04-13 13:00:00+09:00,538.0,538.0,538.0,538.0,0,0.0,0.0
2023-04-13 14:00:00+09:00,539.0,539.0,539.0,539.0,700,0.0,0.0
2023-04-14 09:00:00+09:00,539.0,539.0,537.0,539.0,1900,0.0,0.0
2023-04-14 10:00:00+09:00,540.0,540.0,540.0,540.0,100,0.0,0.0
2023-04-14 11:00:00+09:00,540.0,540.0,540.0,540.0,0,0.0,0.0
2023-04-14 12:00:00+09:00,539.0,539.0,539.0,539.0,2100,0.0,0.0
2023-04-14 14:00:00+09:00,539.0,539.0,539.0,539.0,100,0.0,0.0
2023-04-17 12:00:00+09:00,539.0,539.0,539.0,539.0,100,0.0,0.0
2023-04-17 13:00:00+09:00,537.0,537.0,536.0,537.0,500,0.0,0.0
2023-04-17 14:00:00+09:00,537.0,538.0,535.0,538.0,1100,0.0,0.0
2023-04-18 09:00:00+09:00,538.0,539.0,538.0,539.0,200,0.0,0.0
2023-04-18 11:00:00+09:00,539.0,539.0,539.0,539.0,0,0.0,0.0
2023-04-18 12:00:00+09:00,537.0,538.0,537.0,538.0,500,0.0,0.0
2023-04-18 14:00:00+09:00,537.0,539.0,537.0,539.0,200,0.0,0.0
2023-04-19 09:00:00+09:00,538.0,538.0,538.0,538.0,0,0.0,0.0
2023-04-19 11:00:00+09:00,538.0,538.0,538.0,538.0,0,0.0,0.0
2023-04-19 12:00:00+09:00,538.0,538.0,536.0,538.0,1400,0.0,0.0
2023-04-19 13:00:00+09:00,539.0,539.0,539.0,539.0,100,0.0,0.0
2023-04-20 10:00:00+09:00,539.0,539.0,539.0,539.0,100,0.0,0.0
2023-04-20 11:00:00+09:00,539.0,539.0,539.0,539.0,0,0.0,0.0
2023-04-20 13:00:00+09:00,537.0,539.0,537.0,539.0,800,0.0,0.0
2023-04-20 14:00:00+09:00,538.0,539.0,538.0,539.0,300,0.0,0.0
2023-04-21 09:00:00+09:00,539.0,539.0,535.0,538.0,1700,0.0,0.0
2023-04-21 10:00:00+09:00,537.0,539.0,537.0,537.0,800,0.0,0.0
2023-04-21 11:00:00+09:00,539.0,539.0,539.0,539.0,0,0.0,0.0
2023-04-21 12:00:00+09:00,539.0,539.0,539.0,539.0,2800,0.0,0.0
2023-04-21 14:00:00+09:00,538.0,538.0,537.0,538.0,400,0.0,0.0
2023-04-24 09:00:00+09:00,536.0,537.0,534.0,537.0,0,0.0,0.0
2023-04-24 10:00:00+09:00,536.0,538.0,536.0,538.0,2200,0.0,0.0
2023-04-24 11:00:00+09:00,538.0,538.0,538.0,538.0,0,0.0,0.0
2023-04-25 09:00:00+09:00,534.0,537.0,534.0,537.0,0,0.0,0.0
2023-04-25 10:00:00+09:00,534.0,535.0,534.0,535.0,2600,0.0,0.0
2023-04-25 11:00:00+09:00,537.0,537.0,537.0,537.0,0,0.0,0.0
2023-04-25 13:00:00+09:00,535.0,535.0,534.0,535.0,3500,0.0,0.0
2023-04-25 14:00:00+09:00,536.0,536.0,534.0,536.0,200,0.0,0.0
2023-04-26 09:00:00+09:00,539.0,539.0,536.0,538.0,1100,0.0,0.0
2023-04-26 10:00:00+09:00,535.0,535.0,533.0,533.0,1000,0.0,0.0
2023-04-26 11:00:00+09:00,533.0,533.0,533.0,533.0,0,0.0,0.0
2023-04-26 12:00:00+09:00,533.0,535.0,533.0,535.0,42400,0.0,0.0
2023-04-26 14:00:00+09:00,533.0,536.0,533.0,536.0,400,0.0,0.0
2023-04-27 12:00:00+09:00,536.0,536.0,536.0,536.0,8400,0.0,0.0
2023-04-27 13:00:00+09:00,536.0,536.0,536.0,536.0,100,0.0,0.0
2023-04-27 14:00:00+09:00,537.0,537.0,537.0,537.0,100,0.0,0.0
2023-04-28 09:00:00+09:00,537.0,538.0,535.0,537.0,1500,0.0,0.0
2023-04-28 11:00:00+09:00,537.0,537.0,537.0,537.0,0,0.0,0.0
2023-04-28 12:00:00+09:00,538.0,538.0,538.0,538.0,1600,0.0,0.0
2023-04-28 14:00:00+09:00,537.0,537.0,537.0,537.0,100,0.0,0.0
2023-05-01 09:00:00+09:00,537.0,538.0,537.0,538.0,300,0.0,0.0
2023-05-01 10:00:00+09:00,536.0,536.0,536.0,536.0,100,0.0,0.0
2023-05-01 11:00:00+09:00,536.0,536.0,536.0,536.0,0,0.0,0.0
2023-05-01 12:00:00+09:00,536.0,537.0,536.0,537.0,1200,0.0,0.0
2023-05-01 14:00:00+09:00,538.0,538.0,538.0,538.0,200,0.0,0.0
2023-05-02 09:00:00+09:00,538.0,539.0,538.0,539.0,200,0.0,0.0
2023-05-02 11:00:00+09:00,539.0,539.0,539.0,539.0,0,0.0,0.0
2023-05-02 12:00:00+09:00,540.0,540.0,540.0,540.0,300,0.0,0.0
2023-05-02 13:00:00+09:00,538.0,538.0,537.0,537.0,700,0.0,0.0
2023-05-02 14:00:00+09:00,539.0,539.0,539.0,539.0,100,0.0,0.0
2023-05-08 14:00:00+09:00,539.0,539.0,538.0,538.0,200,0.0,0.0
2023-05-09 09:00:00+09:00,541.0,541.0,537.0,537.0,600,0.0,0.0
2023-05-09 10:00:00+09:00,539.0,540.0,539.0,540.0,400,0.0,0.0
2023-05-09 11:00:00+09:00,540.0,540.0,540.0,540.0,0,0.0,0.0
2023-05-09 14:00:00+09:00,540.0,541.0,538.0,538.0,1800,0.0,0.0
2023-05-10 09:00:00+09:00,533.0,536.0,533.0,536.0,3200,0.0,0.0
2023-05-10 10:00:00+09:00,536.0,537.0,535.0,535.0,300,0.0,0.0
2023-05-10 11:00:00+09:00,537.0,537.0,537.0,537.0,0,0.0,0.0
2023-05-10 13:00:00+09:00,537.0,538.0,536.0,538.0,4200,0.0,0.0
2023-05-10 14:00:00+09:00,539.0,539.0,538.0,539.0,400,0.0,0.0
2023-05-11 09:00:00+09:00,537.0,537.0,531.0,536.0,5600,0.0,0.0
2023-05-11 10:00:00+09:00,536.0,539.0,536.0,539.0,300,0.0,0.0
2023-05-11 11:00:00+09:00,540.0,551.0,540.0,551.0,0,0.0,0.0
2023-05-11 12:00:00+09:00,559.0,559.0,533.0,536.0,13100,0.0,0.0
2023-05-11 13:00:00+09:00,538.0,542.0,537.0,541.0,800,0.0,0.0
2023-05-11 14:00:00+09:00,538.0,541.0,537.0,537.0,1400,0.0,0.0
2023-05-12 09:00:00+09:00,540.0,540.0,535.0,537.0,1200,0.0,0.0
2023-05-12 10:00:00+09:00,536.0,537.0,536.0,536.0,300,0.0,0.0
2023-05-12 11:00:00+09:00,536.0,536.0,536.0,536.0,0,0.0,0.0
2023-05-12 12:00:00+09:00,529.0,537.0,529.0,537.0,27700,0.0,0.0
2023-05-12 13:00:00+09:00,537.0,538.0,534.0,536.0,2300,0.0,0.0
2023-05-15 09:00:00+09:00,536.0,538.0,536.0,538.0,1700,0.0,0.0
2023-05-15 10:00:00+09:00,539.0,539.0,539.0,539.0,200,0.0,0.0
2023-05-15 11:00:00+09:00,539.0,539.0,539.0,539.0,0,0.0,0.0
2023-05-15 13:00:00+09:00,540.0,540.0,540.0,540.0,2000,0.0,0.0
2023-05-15 14:00:00+09:00,540.0,540.0,538.0,538.0,200,0.0,0.0
2023-05-16 09:00:00+09:00,540.0,540.0,540.0,540.0,100,0.0,0.0
2023-05-16 10:00:00+09:00,540.0,540.0,540.0,540.0,900,0.0,0.0
2023-05-16 11:00:00+09:00,542.0,542.0,542.0,542.0,0,0.0,0.0
2023-05-16 12:00:00+09:00,543.0,543.0,540.0,543.0,1800,0.0,0.0
2023-05-16 13:00:00+09:00,543.0,543.0,540.0,543.0,300,0.0,0.0
2023-05-16 14:00:00+09:00,544.0,544.0,541.0,542.0,500,0.0,0.0
2023-05-17 09:00:00+09:00,544.0,544.0,543.0,543.0,600,0.0,0.0
2023-05-17 10:00:00+09:00,543.0,543.0,543.0,543.0,100,0.0,0.0
2023-05-17 11:00:00+09:00,543.0,543.0,543.0,543.0,0,0.0,0.0
2023-05-17 12:00:00+09:00,544.0,544.0,544.0,544.0,800,0.0,0.0
2023-05-17 14:00:00+09:00,540.0,541.0,539.0,540.0,900,0.0,0.0
2023-05-18 13:00:00+09:00,537.0,544.0,535.0,540.0,1800,0.0,0.0
2023-05-18 14:00:00+09:00,541.0,541.0,538.0,538.0,300,0.0,0.0
2023-05-19 09:00:00+09:00,541.0,541.0,541.0,541.0,100,0.0,0.0
2023-05-19 10:00:00+09:00,538.0,538.0,538.0,538.0,100,0.0,0.0
2023-05-19 11:00:00+09:00,538.0,538.0,538.0,538.0,0,0.0,0.0
2023-05-19 12:00:00+09:00,541.0,541.0,541.0,541.0,300,0.0,0.0
2023-05-19 13:00:00+09:00,539.0,541.0,537.0,541.0,500,0.0,0.0
2023-05-19 14:00:00+09:00,539.0,539.0,538.0,539.0,400,0.0,0.0
2023-05-22 12:00:00+09:00,542.0,542.0,537.0,541.0,700,0.0,0.0
2023-05-23 09:00:00+09:00,539.0,539.0,538.0,539.0,300,0.0,0.0
2023-05-23 10:00:00+09:00,539.0,539.0,539.0,539.0,100,0.0,0.0
2023-05-23 11:00:00+09:00,538.0,540.0,538.0,540.0,0,0.0,0.0
2023-05-23 12:00:00+09:00,540.0,540.0,540.0,540.0,900,0.0,0.0
2023-05-24 12:00:00+09:00,540.0,540.0,540.0,540.0,200,0.0,0.0
2023-05-24 13:00:00+09:00,539.0,540.0,539.0,540.0,200,0.0,0.0
2023-05-24 14:00:00+09:00,540.0,540.0,540.0,540.0,300,0.0,0.0
2023-05-25 09:00:00+09:00,540.0,541.0,540.0,541.0,300,0.0,0.0
2023-05-25 11:00:00+09:00,541.0,541.0,541.0,541.0,0,0.0,0.0
2023-05-25 12:00:00+09:00,541.0,541.0,541.0,541.0,500,0.0,0.0
2023-05-25 13:00:00+09:00,540.0,540.0,540.0,540.0,100,0.0,0.0
2023-05-25 14:00:00+09:00,541.0,541.0,541.0,541.0,100,0.0,0.0
2023-05-26 09:00:00+09:00,544.0,545.0,544.0,544.0,1000,0.0,0.0
2023-05-26 10:00:00+09:00,542.0,544.0,542.0,544.0,300,0.0,0.0
2023-05-26 11:00:00+09:00,542.0,542.0,542.0,542.0,0,0.0,0.0
2023-05-26 12:00:00+09:00,542.0,543.0,542.0,543.0,2100,0.0,0.0
2023-05-26 14:00:00+09:00,542.0,544.0,542.0,544.0,200,0.0,0.0
2023-05-29 09:00:00+09:00,543.0,546.0,543.0,545.0,1900,0.0,0.0
2023-05-29 11:00:00+09:00,545.0,545.0,545.0,545.0,0,0.0,0.0
2023-05-29 14:00:00+09:00,543.0,544.0,542.0,544.0,3100,0.0,0.0
2023-05-30 09:00:00+09:00,544.0,545.0,542.0,544.0,600,0.0,0.0
2023-05-30 11:00:00+09:00,544.0,544.0,544.0,544.0,0,0.0,0.0
2023-05-30 13:00:00+09:00,541.0,544.0,541.0,544.0,800,0.0,0.0
2023-05-30 14:00:00+09:00,541.0,544.0,540.0,543.0,1200,0.0,0.0
2023-05-31 09:00:00+09:00,544.0,544.0,543.0,543.0,1500,0.0,0.0
2023-05-31 10:00:00+09:00,543.0,543.0,543.0,543.0,100,0.0,0.0
2023-05-31 11:00:00+09:00,541.0,541.0,541.0,541.0,0,0.0,0.0
2023-05-31 12:00:00+09:00,541.0,543.0,541.0,543.0,2000,0.0,0.0
2023-05-31 13:00:00+09:00,541.0,543.0,541.0,543.0,200,0.0,0.0
2023-05-31 14:00:00+09:00,540.0,542.0,540.0,541.0,600,0.0,0.0
2023-06-01 09:00:00+09:00,540.0,540.0,540.0,540.0,0,0.0,0.0
2023-06-01 11:00:00+09:00,540.0,540.0,540.0,540.0,0,0.0,0.0
2023-06-01 12:00:00+09:00,541.0,541.0,541.0,541.0,500,0.0,0.0
2023-06-01 14:00:00+09:00,540.0,544.0,539.0,542.0,1000,0.0,0.0
2023-06-02 10:00:00+09:00,538.0,543.0,538.0,543.0,500,0.0,0.0
2023-06-02 11:00:00+09:00,540.0,542.0,540.0,542.0,0,0.0,0.0
2023-06-02 13:00:00+09:00,539.0,539.0,539.0,539.0,1400,0.0,0.0
2023-06-02 14:00:00+09:00,541.0,543.0,540.0,542.0,1300,0.0,0.0
2023-06-05 09:00:00+09:00,541.0,541.0,541.0,541.0,200,0.0,0.0
2023-06-05 11:00:00+09:00,539.0,539.0,539.0,539.0,0,0.0,0.0
2023-06-05 12:00:00+09:00,540.0,540.0,540.0,540.0,500,0.0,0.0
2023-06-05 13:00:00+09:00,539.0,539.0,537.0,538.0,1200,0.0,0.0
2023-06-05 14:00:00+09:00,539.0,539.0,537.0,537.0,2400,0.0,0.0
2023-06-06 09:00:00+09:00,536.0,540.0,535.0,538.0,2000,0.0,0.0
2023-06-06 10:00:00+09:00,537.0,539.0,537.0,538.0,500,0.0,0.0
2023-06-06 11:00:00+09:00,539.0,539.0,532.0,538.0,0,0.0,0.0
2023-06-06 12:00:00+09:00,538.0,538.0,533.0,536.0,5100,0.0,0.0
2023-06-06 13:00:00+09:00,536.0,536.0,536.0,536.0,100,0.0,0.0
2023-06-06 14:00:00+09:00,536.0,539.0,536.0,539.0,700,0.0,0.0
2023-06-07 09:00:00+09:00,536.0,539.0,536.0,539.0,800,0.0,0.0
2023-06-07 10:00:00+09:00,537.0,538.0,536.0,538.0,400,0.0,0.0
2023-06-07 11:00:00+09:00,538.0,538.0,538.0,538.0,0,0.0,0.0
2023-06-08 09:00:00+09:00,537.0,537.0,537.0,537.0,100,0.0,0.0
2023-06-08 11:00:00+09:00,537.0,537.0,537.0,537.0,0,0.0,0.0
2023-06-08 13:00:00+09:00,536.0,536.0,536.0,536.0,200,0.0,0.0
2023-06-08 14:00:00+09:00,535.0,537.0,534.0,535.0,500,0.0,0.0
2023-06-09 09:00:00+09:00,535.0,535.0,535.0,535.0,100,0.0,0.0
2023-06-09 10:00:00+09:00,537.0,537.0,536.0,536.0,600,0.0,0.0
2023-06-09 11:00:00+09:00,538.0,539.0,538.0,539.0,0,0.0,0.0
2023-06-09 12:00:00+09:00,539.0,539.0,539.0,539.0,1200,0.0,0.0
2023-06-12 09:00:00+09:00,539.0,539.0,539.0,539.0,100,0.0,0.0
2023-06-12 11:00:00+09:00,539.0,539.0,539.0,539.0,0,0.0,0.0
2023-06-12 12:00:00+09:00,537.0,539.0,537.0,539.0,300,0.0,0.0
2023-06-13 09:00:00+09:00,540.0,540.0,540.0,540.0,200,0.0,0.0
2023-06-13 11:00:00+09:00,540.0,540.0,540.0,540.0,0,0.0,0.0
2023-06-13 12:00:00+09:00,536.0,536.0,533.0,533.0,2200,0.0,0.0
2023-06-13 13:00:00+09:00,536.0,537.0,530.0,537.0,1500,0.0,0.0
2023-06-13 14:00:00+09:00,537.0,537.0,537.0,537.0,200,0.0,0.0
2023-06-14 09:00:00+09:00,537.0,538.0,531.0,538.0,3000,0.0,0.0
2023-06-14 10:00:00+09:00,534.0,536.0,533.0,536.0,300,0.0,0.0
2023-06-14 11:00:00+09:00,536.0,536.0,536.0,536.0,0,0.0,0.0
2023-06-14 13:00:00+09:00,534.0,537.0,534.0,537.0,3800,0.0,0.0
2023-06-14 14:00:00+09:00,537.0,537.0,537.0,537.0,100,0.0,0.0
2023-06-15 09:00:00+09:00,537.0,537.0,537.0,537.0,300,0.0,0.0
2023-06-15 10:00:00+09:00,537.0,539.0,537.0,539.0,500,0.0,0.0
2023-06-15 11:00:00+09:00,539.0,539.0,539.0,539.0,0,0.0,0.0
2023-06-15 13:00:00+09:00,539.0,539.0,539.0,539.0,900,0.0,0.0
2023-06-15 14:00:00+09:00,536.0,538.0,536.0,538.0,400,0.0,0.0
2023-06-16 09:00:00+09:00,540.0,540.0,540.0,540.0,300,0.0,0.0
2023-06-16 11:00:00+09:00,540.0,540.0,540.0,540.0,0,0.0,0.0
2023-06-16 13:00:00+09:00,540.0,540.0,538.0,540.0,600,0.0,0.0
2023-06-19 09:00:00+09:00,540.0,540.0,540.0,540.0,100,0.0,0.0
2023-06-19 11:00:00+09:00,539.0,539.0,539.0,539.0,0,0.0,0.0
2023-06-19 12:00:00+09:00,540.0,540.0,540.0,540.0,300,0.0,0.0
2023-06-19 13:00:00+09:00,539.0,539.0,539.0,539.0,100,0.0,0.0
2023-06-19 14:00:00+09:00,540.0,541.0,540.0,541.0,700,0.0,0.0
2023-06-20 09:00:00+09:00,541.0,541.0,540.0,540.0,0,0.0,0.0
2023-06-20 10:00:00+09:00,540.0,547.0,540.0,547.0,2400,0.0,0.0
2023-06-20 11:00:00+09:00,547.0,547.0,547.0,547.0,0,0.0,0.0
2023-06-20 14:00:00+09:00,547.0,547.0,547.0,547.0,2500,0.0,0.0
2023-06-21 09:00:00+09:00,542.0,546.0,542.0,542.0,500,0.0,0.0
2023-06-21 10:00:00+09:00,545.0,545.0,545.0,545.0,100,0.0,0.0
2023-06-21 11:00:00+09:00,546.0,546.0,546.0,546.0,0,0.0,0.0
2023-06-21 14:00:00+09:00,543.0,545.0,542.0,545.0,1400,0.0,0.0
2023-06-22 09:00:00+09:00,545.0,545.0,545.0,545.0,300,0.0,0.0
2023-06-22 10:00:00+09:00,545.0,547.0,545.0,547.0,1000,0.0,0.0
2023-06-22 11:00:00+09:00,547.0,547.0,547.0,547.0,0,0.0,0.0
2023-06-22 12:00:00+09:00,545.0,546.0,545.0,546.0,1600,0.0,0.0
2023-06-22 14:00:00+09:00,545.0,547.0,545.0,547.0,200,0.0,0.0
2023-06-23 09:00:00+09:00,550.0,550.0,550.0,550.0,1600,0.0,0.0
2023-06-23 10:00:00+09:00,550.0,550.0,550.0,550.0,100,0.0,0.0
2023-06-23 11:00:00+09:00,546.0,550.0,545.0,550.0,0,0.0,0.0
2023-06-23 12:00:00+09:00,550.0,550.0,550.0,550.0,2500,0.0,0.0
2023-06-23 13:00:00+09:00,547.0,549.0,546.0,549.0,500,0.0,0.0
2023-06-23 14:00:00+09:00,547.0,549.0,547.0,549.0,200,0.0,0.0
2023-06-26 09:00:00+09:00,547.0,547.0,547.0,547.0,1200,0.0,0.0
2023-06-26 10:00:00+09:00,548.0,549.0,544.0,549.0,1700,0.0,0.0
2023-06-26 11:00:00+09:00,549.0,549.0,549.0,549.0,0,0.0,0.0
2023-06-26 13:00:00+09:00,548.0,548.0,548.0,548.0,3000,0.0,0.0
2023-06-27 09:00:00+09:00,546.0,548.0,546.0,548.0,1500,0.0,0.0
2023-06-27 11:00:00+09:00,548.0,548.0,548.0,548.0,0,0.0,0.0
2023-06-27 12:00:00+09:00,548.0,548.0,548.0,548.0,1800,0.0,0.0
2023-06-27 13:00:00+09:00,546.0,546.0,546.0,546.0,200,0.0,0.0
2023-06-27 14:00:00+09:00,547.0,548.0,547.0,548.0,300,0.0,0.0
2023-06-28 09:00:00+09:00,547.0,547.0,547.0,547.0,100,0.0,0.0
2023-06-28 10:00:00+09:00,547.0,547.0,547.0,547.0,100,0.0,0.0
2023-06-28 11:00:00+09:00,547.0,547.0,547.0,547.0,0,0.0,0.0
2023-06-28 12:00:00+09:00,544.0,546.0,544.0,546.0,700,0.0,0.0
2023-06-28 13:00:00+09:00,547.0,547.0,547.0,547.0,100,0.0,0.0
2023-06-28 14:00:00+09:00,547.0,547.0,547.0,547.0,0,0.0,0.0
2023-06-29 09:00:00+09:00,549.0,549.0,548.0,548.0,300,0.0,0.0
2023-06-29 11:00:00+09:00,548.0,548.0,548.0,548.0,0,0.0,0.0
2023-06-29 13:00:00+09:00,547.0,547.0,547.0,547.0,400,0.0,0.0
2023-06-29 14:00:00+09:00,546.0,546.0,541.0,544.0,1900,0.0,0.0
2023-06-30 09:00:00+09:00,546.0,546.0,544.0,546.0,1600,0.0,0.0
2023-06-30 11:00:00+09:00,544.0,544.0,543.0,543.0,0,0.0,0.0
2023-06-30 12:00:00+09:00,545.0,545.0,545.0,545.0,2200,0.0,0.0
2023-06-30 13:00:00+09:00,544.0,546.0,541.0,546.0,1600,0.0,0.0
2023-06-30 14:00:00+09:00,543.0,545.0,541.0,544.0,1100,0.0,0.0
2023-07-03 09:00:00+09:00,546.0,546.0,545.0,546.0,0,0.0,0.0
2023-07-03 10:00:00+09:00,546.0,546.0,545.0,546.0,1800,0.0,0.0
2023-07-03 11:00:00+09:00,546.0,546.0,546.0,546.0,0,0.0,0.0
2023-07-03 13:00:00+09:00,546.0,546.0,546.0,546.0,2100,0.0,0.0
2023-07-03 14:00:00+09:00,546.0,546.0,546.0,546.0,100,0.0,0.0
2023-07-04 09:00:00+09:00,547.0,547.0,546.0,546.0,200,0.0,0.0
2023-07-04 10:00:00+09:00,548.0,548.0,548.0,548.0,100,0.0,0.0
2023-07-04 11:00:00+09:00,548.0,548.0,548.0,548.0,0,0.0,0.0
2023-07-04 12:00:00+09:00,548.0,548.0,548.0,548.0,400,0.0,0.0
2023-07-04 14:00:00+09:00,547.0,548.0,543.0,547.0,1100,0.0,0.0
2023-07-05 09:00:00+09:00,548.0,548.0,548.0,548.0,200,0.0,0.0
2023-07-05 10:00:00+09:00,549.0,549.0,549.0,549.0,200,0.0,0.0
2023-07-05 11:00:00+09:00,550.0,550.0,550.0,550.0,0,0.0,0.0
2023-07-05 12:00:00+09:00,551.0,551.0,551.0,551.0,700,0.0,0.0
2023-07-05 14:00:00+09:00,548.0,551.0,548.0,551.0,200,0.0,0.0
2023-07-06 09:00:00+09:00,550.0,550.0,550.0,550.0,400,0.0,0.0
2023-07-06 10:00:00+09:00,549.0,551.0,549.0,551.0,600,0.0,0.0
2023-07-06 11:00:00+09:00,551.0,551.0,551.0,551.0,0,0.0,0.0
2023-07-06 12:00:00+09:00,551.0,551.0,551.0,551.0,1100,0.0,0.0
2023-07-06 14:00:00+09:00,548.0,551.0,548.0,551.0,900,0.0,0.0
2023-07-07 09:00:00+09:00,550.0,550.0,548.0,550.0,500,0.0,0.0
2023-07-07 10:00:00+09:00,550.0,550.0,550.0,550.0,300,0.0,0.0
2023-07-07 11:00:00+09:00,550.0,550.0,550.0,550.0,0,0.0,0.0
2023-07-07 13:00:00+09:00,550.0,550.0,550.0,550.0,1000,0.0,0.0
2023-07-07 14:00:00+09:00,550.0,553.0,550.0,553.0,1800,0.0,0.0
2023-07-10 09:00:00+09:00,565.0,565.0,550.0,557.0,6200,0.0,0.0
2023-07-10 11:00:00+09:00,557.0,557.0,557.0,557.0,0,0.0,0.0
2023-07-10 13:00:00+09:00,550.0,556.0,550.0,556.0,7000,0.0,0.0
2023-07-10 14:00:00+09:00,557.0,557.0,557.0,557.0,100,0.0,0.0
2023-07-11 09:00:00+09:00,553.0,555.0,553.0,555.0,800,0.0,0.0
2023-07-11 11:00:00+09:00,553.0,553.0,553.0,553.0,0,0.0,0.0
2023-07-11 12:00:00+09:00,546.0,554.0,546.0,549.0,4000,0.0,0.0
2023-07-11 14:00:00+09:00,548.0,550.0,548.0,550.0,400,0.0,0.0
2023-07-12 09:00:00+09:00,550.0,550.0,545.0,546.0,400,0.0,0.0
2023-07-12 10:00:00+09:00,548.0,548.0,542.0,545.0,1300,0.0,0.0
2023-07-12 11:00:00+09:00,546.0,549.0,543.0,549.0,0,0.0,0.0
2023-07-12 12:00:00+09:00,549.0,549.0,549.0,549.0,2300,0.0,0.0
2023-07-13 09:00:00+09:00,546.0,549.0,546.0,546.0,300,0.0,0.0
2023-07-13 10:00:00+09:00,546.0,549.0,546.0,549.0,0,0.0,0.0
2023-07-13 11:00:00+09:00,549.0,549.0,549.0,549.0,0,0.0,0.0
2023-07-13 13:00:00+09:00,548.0,550.0,548.0,550.0,800,0.0,0.0
2023-07-14 09:00:00+09:00,547.0,550.0,547.0,547.0,0,0.0,0.0
2023-07-14 10:00:00+09:00,548.0,548.0,548.0,548.0,800,0.0,0.0
2023-07-14 11:00:00+09:00,548.0,548.0,548.0,548.0,0,0.0,0.0
2023-07-14 12:00:00+09:00,546.0,550.0,546.0,550.0,0,0.0,0.0
2023-07-14 13:00:00+09:00,548.0,551.0,548.0,551.0,0,0.0,0.0
2023-07-18 09:00:00+09:00,546.0,548.0,546.0,548.0,300,0.0,0.0
2023-07-18 10:00:00+09:00,548.0,548.0,547.0,547.0,200,0.0,0.0
2023-07-18 11:00:00+09:00,547.0,547.0,547.0,547.0,0,0.0,0.0
2023-07-18 12:00:00+09:00,549.0,549.0,549.0,549.0,600,0.0,0.0
2023-07-18 13:00:00+09:00,549.0,549.0,549.0,549.0,100,0.0,0.0
2023-07-18 14:00:00+09:00,549.0,550.0,549.0,550.0,200,0.0,0.0
2023-07-19 09:00:00+09:00,549.0,549.0,548.0,549.0,500,0.0,0.0
2023-07-19 10:00:00+09:00,550.0,551.0,550.0,551.0,400,0.0,0.0
2023-07-19 11:00:00+09:00,551.0,551.0,551.0,551.0,0,0.0,0.0
2023-07-20 09:00:00+09:00,551.0,551.0,548.0,550.0,500,0.0,0.0
2023-07-20 11:00:00+09:00,550.0,550.0,550.0,550.0,0,0.0,0.0
2023-07-20 12:00:00+09:00,550.0,551.0,550.0,551.0,700,0.0,0.0
2023-07-20 14:00:00+09:00,548.0,550.0,548.0,550.0,300,0.0,0.0
2023-07-21 10:00:00+09:00,550.0,550.0,548.0,548.0,200,0.0,0.0
2023-07-21 11:00:00+09:00,550.0,551.0,550.0,551.0,0,0.0,0.0
2023-07-21 13:00:00+09:00,551.0,551.0,551.0,551.0,600,0.0,0.0
2023-07-24 09:00:00+09:00,551.0,552.0,551.0,552.0,200,0.0,0.0
2023-07-24 10:00:00+09:00,551.0,551.0,551.0,551.0,100,0.0,0.0
2023-07-24 11:00:00+09:00,551.0,551.0,551.0,551.0,0,0.0,0.0
2023-07-24 12:00:00+09:00,552.0,552.0,551.0,551.0,500,0.0,0.0
2023-07-24 14:00:00+09:00,553.0,553.0,553.0,553.0,100,0.0,0.0
2023-07-25 09:00:00+09:00,550.0,553.0,550.0,552.0,600,0.0,0.0
2023-07-25 10:00:00+09:00,553.0,555.0,547.0,555.0,2000,0.0,0.0
2023-07-25 11:00:00+09:00,555.0,555.0,555.0,555.0,0,0.0,0.0
2023-07-25 12:00:00+09:00,553.0,553.0,553.0,553.0,2700,0.0,0.0
2023-07-25 14:00:00+09:00,552.0,552.0,550.0,550.0,0,0.0,0.0
2023-07-26 09:00:00+09:00,552.0,552.0,548.0,548.0,2300,0.0,0.0
2023-07-26 10:00:00+09:00,548.0,549.0,548.0,549.0,200,0.0,0.0
2023-07-26 11:00:00+09:00,549.0,549.0,549.0,549.0,0,0.0,0.0
2023-07-26 12:00:00+09:00,550.0,550.0,550.0,550.0,2600,0.0,0.0
2023-07-27 09:00:00+09:00,548.0,548.0,548.0,548.0,100,0.0,0.0
2023-07-27 11:00:00+09:00,548.0,548.0,548.0,548.0,0,0.0,0.0
2023-07-27 12:00:00+09:00,550.0,550.0,550.0,550.0,200,0.0,0.0
2023-07-27 13:00:00+09:00,548.0,548.0,548.0,548.0,100,0.0,0.0
2023-07-27 14:00:00+09:00,550.0,550.0,550.0,550.0,0,0.0,0.0
2023-07-28 09:00:00+09:00,549.0,549.0,548.0,549.0,600,0.0,0.0
2023-07-28 11:00:00+09:00,549.0,549.0,549.0,549.0,0,0.0,0.0
2023-07-28 12:00:00+09:00,550.0,550.0,550.0,550.0,700,0.0,0.0
2023-07-28 13:00:00+09:00,550.0,550.0,548.0,548.0,500,0.0,0.0
2023-07-28 14:00:00+09:00,548.0,548.0,548.0,548.0,100,0.0,0.0
2023-07-31 09:00:00+09:00,550.0,550.0,550.0,550.0,1400,0.0,0.0
2023-07-31 10:00:00+09:00,548.0,548.0,548.0,548.0,300,0.0,0.0
2023-07-31 11:00:00+09:00,548.0,548.0,548.0,548.0,0,0.0,0.0
2023-07-31 12:00:00+09:00,548.0,548.0,548.0,548.0,1800,0.0,0.0
2023-07-31 14:00:00+09:00,549.0,550.0,549.0,550.0,800,0.0,0.0
2023-08-01 09:00:00+09:00,550.0,551.0,550.0,551.0,500,0.0,0.0
2023-08-01 10:00:00+09:00,550.0,550.0,548.0,548.0,1100,0.0,0.0
2023-08-01 11:00:00+09:00,550.0,550.0,550.0,550.0,0,0.0,0.0
2023-08-01 14:00:00+09:00,551.0,551.0,551.0,551.0,1900,0.0,0.0
2023-08-02 09:00:00+09:00,549.0,549.0,549.0,549.0,100,0.0,0.0
2023-08-02 10:00:00+09:00,550.0,550.0,550.0,550.0,100,0.0,0.0
2023-08-02 11:00:00+09:00,550.0,550.0,550.0,550.0,0,0.0,0.0
2023-08-02 12:00:00+09:00,549.0,549.0,549.0,549.0,300,0.0,0.0
2023-08-02 14:00:00+09:00,548.0,549.0,548.0,548.0,800,0.0,0.0
2023-08-03 10:00:00+09:00,547.0,547.0,545.0,546.0,1800,0.0,0.0
2023-08-03 11:00:00+09:00,546.0,546.0,546.0,546.0,0,0.0,0.0
2023-08-03 12:00:00+09:00,546.0,546.0,546.0,546.0,2000,0.0,0.0
2023-08-03 14:00:00+09:00,546.0,547.0,546.0,547.0,300,0.0,0.0
2023-08-04 09:00:00+09:00,550.0,550.0,546.0,549.0,4300,0.0,0.0
2023-08-04 10:00:00+09:00,548.0,548.0,547.0,547.0,700,0.0,0.0
2023-08-04 11:00:00+09:00,547.0,550.0,547.0,550.0,0,0.0,0.0
2023-08-04 14:00:00+09:00,550.0,550.0,550.0,550.0,6500,0.0,0.0
2023-08-07 09:00:00+09:00,550.0,550.0,550.0,550.0,300,0.0,0.0
2023-08-07 10:00:00+09:00,550.0,552.0,550.0,552.0,500,0.0,0.0
2023-08-07 11:00:00+09:00,552.0,552.0,552.0,552.0,0,0.0,0.0
2023-08-07 12:00:00+09:00,550.0,553.0,550.0,553.0,1000,0.0,0.0
2023-08-07 14:00:00+09:00,553.0,554.0,553.0,554.0,0,0.0,0.0
2023-08-08 11:00:00+09:00,554.0,554.0,554.0,554.0,300,0.0,0.0
2023-08-08 13:00:00+09:00,554.0,554.0,554.0,554.0,400,0.0,0.0
2023-08-08 14:00:00+09:00,555.0,555.0,555.0,555.0,100,0.0,0.0
2023-08-09 09:00:00+09:00,555.0,555.0,552.0,552.0,200,0.0,0.0
2023-08-09 10:00:00+09:00,555.0,556.0,555.0,556.0,300,0.0,0.0
2023-08-09 11:00:00+09:00,556.0,556.0,556.0,556.0,0,0.0,0.0
2023-08-09 13:00:00+09:00,556.0,556.0,556.0,556.0,600,0.0,0.0
2023-08-10 09:00:00+09:00,558.0,562.0,558.0,562.0,2700,0.0,0.0
2023-08-10 10:00:00+09:00,561.0,561.0,558.0,558.0,300,0.0,0.0
2023-08-10 11:00:00+09:00,559.0,560.0,559.0,559.0,0,0.0,0.0
2023-08-10 12:00:00+09:00,553.0,553.0,548.0,548.0,6500,0.0,0.0
2023-08-10 13:00:00+09:00,551.0,556.0,551.0,556.0,300,0.0,0.0
2023-08-10 14:00:00+09:00,555.0,556.0,555.0,556.0,400,0.0,0.0
2023-08-14 09:00:00+09:00,555.0,555.0,550.0,552.0,1000,0.0,0.0
2023-08-14 10:00:00+09:00,552.0,553.0,550.0,550.0,400,0.0,0.0
2023-08-14 11:00:00+09:00,550.0,550.0,550.0,550.0,0,0.0,0.0
2023-08-14 12:00:00+09:00,550.0,550.0,548.0,548.0,2200,0.0,0.0
2023-08-14 13:00:00+09:00,549.0,550.0,548.0,550.0,700,0.0,0.0
2023-08-14 14:00:00+09:00,550.0,550.0,548.0,550.0,500,0.0,0.0
2023-08-15 09:00:00+09:00,550.0,550.0,550.0,550.0,100,0.0,0.0
2023-08-15 11:00:00+09:00,552.0,552.0,552.0,552.0,0,0.0,0.0
2023-08-15 12:00:00+09:00,553.0,553.0,552.0,553.0,600,0.0,0.0
2023-08-15 13:00:00+09:00,553.0,553.0,553.0,553.0,100,0.0,0.0
2023-08-16 09:00:00+09:00,552.0,552.0,550.0,552.0,300,0.0,0.0
2023-08-16 10:00:00+09:00,552.0,552.0,552.0,552.0,100,0.0,0.0
2023-08-16 11:00:00+09:00,552.0,553.0,551.0,551.0,0,0.0,0.0
2023-08-16 13:00:00+09:00,552.0,552.0,552.0,552.0,800,0.0,0.0
2023-08-16 14:00:00+09:00,552.0,552.0,550.0,552.0,400,0.0,0.0
2023-08-17 09:00:00+09:00,552.0,552.0,550.0,552.0,400,0.0,0.0
2023-08-17 10:00:00+09:00,550.0,550.0,550.0,550.0,300,0.0,0.0
2023-08-17 11:00:00+09:00,549.0,551.0,549.0,551.0,0,0.0,0.0
2023-08-17 12:00:00+09:00,549.0,549.0,549.0,549.0,0,0.0,0.0
2023-08-17 13:00:00+09:00,550.0,552.0,550.0,552.0,1200,0.0,0.0
2023-08-17 14:00:00+09:00,550.0,551.0,548.0,551.0,700,0.0,0.0
2023-08-18 09:00:00+09:00,550.0,551.0,549.0,551.0,300,0.0,0.0
2023-08-18 10:00:00+09:00,551.0,551.0,551.0,551.0,100,0.0,0.0
2023-08-18 11:00:00+09:00,552.0,552.0,552.0,552.0,0,0.0,0.0
2023-08-18 12:00:00+09:00,549.0,551.0,548.0,551.0,900,0.0,0.0
2023-08-18 13:00:00+09:00,548.0,548.0,548.0,548.0,100,0.0,0.0
2023-08-18 14:00:00+09:00,548.0,549.0,548.0,549.0,800,0.0,0.0
2023-08-21 12:00:00+09:00,549.0,549.0,547.0,548.0,800,0.0,0.0
2023-08-21 13:00:00+09:00,547.0,547.0,547.0,547.0,200,0.0,0.0
2023-08-21 14:00:00+09:00,547.0,547.0,546.0,546.0,400,0.0,0.0
2023-08-22 09:00:00+09:00,546.0,546.0,546.0,546.0,100,0.0,0.0
2023-08-22 10:00:00+09:00,546.0,546.0,545.0,545.0,600,0.0,0.0
2023-08-22 11:00:00+09:00,545.0,546.0,545.0,546.0,0,0.0,0.0
2023-08-22 12:00:00+09:00,544.0,545.0,544.0,545.0,2300,0.0,0.0
2023-08-22 13:00:00+09:00,544.0,546.0,544.0,546.0,300,0.0,0.0
2023-08-23 13:00:00+09:00,545.0,545.0,544.0,544.0,400,0.0,0.0
2023-08-23 14:00:00+09:00,545.0,545.0,545.0,545.0,200,0.0,0.0
2023-08-24 09:00:00+09:00,546.0,546.0,545.0,546.0,0,0.0,0.0
2023-08-24 11:00:00+09:00,546.0,546.0,546.0,546.0,0,0.0,0.0
2023-08-24 12:00:00+09:00,546.0,546.0,545.0,546.0,1200,0.0,0.0
2023-08-24 13:00:00+09:00,545.0,546.0,545.0,546.0,300,0.0,0.0
2023-08-24 14:00:00+09:00,546.0,547.0,546.0,547.0,300,0.0,0.0
2023-08-25 09:00:00+09:00,547.0,548.0,547.0,548.0,200,0.0,0.0
2023-08-25 10:00:00+09:00,547.0,548.0,547.0,548.0,200,0.0,0.0
2023-08-25 11:00:00+09:00,548.0,548.0,548.0,548.0,0,0.0,0.0
2023-08-25 14:00:00+09:00,548.0,548.0,548.0,548.0,600,0.0,0.0
2023-08-28 09:00:00+09:00,551.0,551.0,548.0,549.0,1000,0.0,0.0
2023-08-28 10:00:00+09:00,550.0,550.0,550.0,550.0,100,0.0,0.0
2023-08-28 11:00:00+09:00,550.0,550.0,550.0,550.0,0,0.0,0.0
2023-08-28 12:00:00+09:00,549.0,549.0,549.0,549.0,1200,0.0,0.0
2023-08-28 13:00:00+09:00,549.0,549.0,549.0,549.0,100,0.0,0.0
2023-08-28 14:00:00+09:00,549.0,549.0,549.0,549.0,0,0.0,0.0
2023-08-29 09:00:00+09:00,549.0,550.0,549.0,550.0,400,0.0,0.0
2023-08-29 11:00:00+09:00,548.0,548.0,545.0,545.0,0,0.0,0.0
2023-08-29 12:00:00+09:00,545.0,547.0,545.0,547.0,0,0.0,0.0
2023-08-29 14:00:00+09:00,547.0,547.0,547.0,547.0,37200,0.0,0.0
2023-08-30 09:00:00+09:00,547.0,547.0,546.0,547.0,400,0.0,0.0
2023-08-30 10:00:00+09:00,548.0,548.0,548.0,548.0,100,0.0,0.0
2023-08-30 11:00:00+09:00,546.0,547.0,542.0,542.0,0,0.0,0.0
2023-08-30 12:00:00+09:00,546.0,547.0,546.0,547.0,4400,0.0,0.0
2023-08-30 14:00:00+09:00,547.0,548.0,546.0,548.0,400,0.0,0.0
2023-08-31 09:00:00+09:00,548.0,549.0,548.0,549.0,1600,0.0,0.0
2023-08-31 10:00:00+09:00,547.0,548.0,547.0,548.0,400,0.0,0.0
2023-08-31 11:00:00+09:00,547.0,547.0,547.0,547.0,0,0.0,0.0
2023-08-31 12:00:00+09:00,547.0,547.0,547.0,547.0,2400,0.0,0.0
2023-08-31 13:00:00+09:00,547.0,547.0,547.0,547.0,200,0.0,0.0
2023-08-31 14:00:00+09:00,548.0,548.0,548.0,548.0,100,0.0,0.0
2023-09-01 09:00:00+09:00,549.0,549.0,549.0,549.0,300,0.0,0.0
2023-09-01 11:00:00+09:00,549.0,549.0,549.0,549.0,0,0.0,0.0
2023-09-01 14:00:00+09:00,548.0,549.0,548.0,549.0,500,0.0,0.0
2023-09-04 09:00:00+09:00,550.0,550.0,549.0,550.0,400,0.0,0.0
2023-09-04 10:00:00+09:00,550.0,550.0,550.0,550.0,100,0.0,0.0
2023-09-04 11:00:00+09:00,550.0,550.0,550.0,550.0,0,0.0,0.0
2023-09-04 12:00:00+09:00,550.0,550.0,550.0,550.0,600,0.0,0.0
2023-09-04 13:00:00+09:00,549.0,550.0,549.0,549.0,300,0.0,0.0
2023-09-04 14:00:00+09:00,549.0,552.0,548.0,552.0,700,0.0,0.0
2023-09-05 10:00:00+09:00,550.0,552.0,550.0,552.0,300,0.0,0.0
2023-09-05 11:00:00+09:00,552.0,552.0,552.0,552.0,0,0.0,0.0
2023-09-05 13:00:00+09:00,552.0,552.0,552.0,552.0,500,0.0,0.0
2023-09-05 14:00:00+09:00,552.0,552.0,552.0,552.0,400,0.0,0.0
2023-09-06 09:00:00+09:00,550.0,552.0,550.0,552.0,800,0.0,0.0
2023-09-06 10:00:00+09:00,550.0,550.0,550.0,550.0,200,0.0,0.0
2023-09-06 11:00:00+09:00,551.0,552.0,551.0,552.0,0,0.0,0.0
2023-09-06 12:00:00+09:00,550.0,552.0,550.0,552.0,1400,0.0,0.0
2023-09-06 14:00:00+09:00,550.0,550.0,550.0,550.0,100,0.0,0.0
2023-09-07 09:00:00+09:00,550.0,550.0,550.0,550.0,100,0.0,0.0
2023-09-07 11:00:00+09:00,550.0,552.0,550.0,552.0,0,0.0,0.0
2023-09-07 13:00:00+09:00,552.0,552.0,552.0,552.0,600,0.0,0.0
2023-09-07 14:00:00+09:00,552.0,552.0,552.0,552.0,100,0.0,0.0
2023-09-08 10:00:00+09:00,550.0,550.0,549.0,549.0,200,0.0,0.0
2023-09-08 11:00:00+09:00,551.0,551.0,551.0,551.0,0,0.0,0.0
2023-09-08 14:00:00+09:00,551.0,551.0,551.0,551.0,400,0.0,0.0
2023-09-11 09:00:00+09:00,551.0,552.0,551.0,551.0,300,0.0,0.0
2023-09-11 11:00:00+09:00,551.0,551.0,551.0,551.0,0,0.0,0.0
2023-09-11 12:00:00+09:00,550.0,552.0,550.0,552.0,500,0.0,0.0
2023-09-11 14:00:00+09:00,552.0,552.0,547.0,547.0,1600,0.0,0.0
2023-09-12 09:00:00+09:00,549.0,549.0,549.0,549.0,100,0.0,0.0
2023-09-12 10:00:00+09:00,549.0,550.0,547.0,548.0,400,0.0,0.0
2023-09-12 11:00:00+09:00,548.0,548.0,548.0,548.0,0,0.0,0.0
2023-09-12 12:00:00+09:00,551.0,551.0,549.0,549.0,700,0.0,0.0
2023-09-13 09:00:00+09:00,555.0,555.0,548.0,553.0,1600,0.0,0.0
2023-09-13 10:00:00+09:00,550.0,550.0,550.0,550.0,0,0.0,0.0
2023-09-13 11:00:00+09:00,551.0,551.0,551.0,551.0,0,0.0,0.0
2023-09-13 13:00:00+09:00,550.0,550.0,550.0,550.0,2000,0.0,0.0
2023-09-13 14:00:00+09:00,550.0,552.0,550.0,552.0,300,0.0,0.0
2023-09-14 11:00:00+09:00,550.0,550.0,550.0,550.0,200,0.0,0.0
2023-09-14 13:00:00+09:00,549.0,549.0,549.0,549.0,300,0.0,0.0
2023-09-14 14:00:00+09:00,549.0,550.0,549.0,550.0,800,0.0,0.0
2023-09-15 10:00:00+09:00,553.0,553.0,550.0,553.0,300,0.0,0.0
2023-09-15 11:00:00+09:00,553.0,553.0,553.0,553.0,0,0.0,0.0
2023-09-15 13:00:00+09:00,552.0,552.0,552.0,552.0,400,0.0,0.0
2023-09-19 09:00:00+09:00,557.0,558.0,557.0,558.0,800,0.0,0.0
2023-09-19 10:00:00+09:00,553.0,554.0,553.0,554.0,200,0.0,0.0
2023-09-19 11:00:00+09:00,554.0,554.0,554.0,554.0,0,0.0,0.0
2023-09-19 12:00:00+09:00,555.0,555.0,555.0,555.0,1100,0.0,0.0
2023-09-19 13:00:00+09:00,555.0,555.0,554.0,554.0,200,0.0,0.0
2023-09-20 09:00:00+09:00,556.0,556.0,553.0,555.0,1000,0.0,0.0
2023-09-20 10:00:00+09:00,553.0,553.0,553.0,553.0,400,0.0,0.0
2023-09-20 11:00:00+09:00,553.0,553.0,553.0,553.0,0,0.0,0.0
2023-09-20 12:00:00+09:00,553.0,553.0,553.0,553.0,1600,0.0,0.0
2023-09-20 14:00:00+09:00,553.0,553.0,553.0,553.0,200,0.0,0.0
2023-09-21 10:00:00+09:00,554.0,554.0,553.0,553.0,200,0.0,0.0
2023-09-21 11:00:00+09:00,553.0,553.0,553.0,553.0,0,0.0,0.0
2023-09-21 13:00:00+09:00,552.0,552.0,552.0,552.0,600,0.0,0.0
2023-09-21 14:00:00+09:00,553.0,553.0,553.0,553.0,100,0.0,0.0
2023-09-22 09:00:00+09:00,553.0,553.0,553.0,553.0,100,0.0,0.0
2023-09-22 11:00:00+09:00,553.0,554.0,553.0,554.0,0,0.0,0.0
2023-09-22 12:00:00+09:00,554.0,554.0,551.0,551.0,1400,0.0,0.0
2023-09-22 13:00:00+09:00,552.0,552.0,550.0,552.0,700,0.0,0.0
2023-09-22 14:00:00+09:00,553.0,553.0,553.0,553.0,0,0.0,0.0
2023-09-25 09:00:00+09:00,552.0,552.0,551.0,551.0,300,0.0,0.0
2023-09-25 11:00:00+09:00,551.0,551.0,551.0,551.0,0,0.0,0.0
2023-09-25 12:00:00+09:00,552.0,552.0,552.0,552.0,400,0.0,0.0
2023-09-25 13:00:00+09:00,553.0,553.0,550.0,550.0,200,0.0,0.0
2023-09-25 14:00:00+09:00,553.0,553.0,553.0,553.0,100,0.0,0.0
2023-09-26 09:00:00+09:00,554.0,555.0,553.0,555.0,1200,0.0,0.0
2023-09-26 11:00:00+09:00,555.0,555.0,555.0,555.0,0,0.0,0.0
2023-09-26 12:00:00+09:00,552.0,554.0,552.0,554.0,1500,0.0,0.0
2023-09-26 13:00:00+09:00,552.0,552.0,552.0,552.0,100,0.0,0.0
2023-09-27 09:00:00+09:00,555.0,555.0,555.0,555.0,200,0.0,0.0
2023-09-27 11:00:00+09:00,555.0,555.0,555.0,555.0,0,0.0,0.0
2023-09-27 13:00:00+09:00,555.0,555.0,552.0,552.0,500,0.0,0.0
2023-09-28 09:00:00+09:00,555.0,555.0,555.0,555.0,100,0.0,0.0
2023-09-28 11:00:00+09:00,555.0,555.0,555.0,555.0,0,0.0,0.0
2023-09-28 12:00:00+09:00,555.0,555.0,554.0,554.0,400,0.0,0.0
2023-09-28 13:00:00+09:00,555.0,555.0,555.0,555.0,100,0.0,0.0
2023-09-28 14:00:00+09:00,553.0,555.0,553.0,555.0,400,0.0,0.0
2023-09-29 09:00:00+09:00,556.0,556.0,555.0,555.0,1600,0.0,0.0
2023-09-29 10:00:00+09:00,556.0,556.0,556.0,556.0,200,0.0,0.0
2023-09-29 11:00:00+09:00,555.0,555.0,550.0,550.0,0,0.0,0.0
2023-09-29 12:00:00+09:00,551.0,551.0,550.0,550.0,3800,0.0,0.0
2023-09-29 13:00:00+09:00,551.0,551.0,550.0,550.0,500,0.0,0.0
2023-09-29 14:00:00+09:00,554.0,554.0,554.0,554.0,100,0.0,0.0
2023-10-02 09:00:00+09:00,554.0,554.0,554.0,554.0,200,0.0,0.0
2023-10-02 11:00:00+09:00,554.0,554.0,554.0,554.0,0,0.0,0.0
2023-10-02 12:00:00+09:00,555.0,555.0,553.0,553.0,700,0.0,0.0
2023-10-02 13:00:00+09:00,552.0,554.0,552.0,554.0,300,0.0,0.0
2023-10-03 09:00:00+09:00,551.0,551.0,550.0,551.0,800,0.0,0.0
2023-10-03 11:00:00+09:00,551.0,551.0,551.0,551.0,0,0.0,0.0
2023-10-03 12:00:00+09:00,548.0,548.0,548.0,548.0,1300,0.0,0.0
2023-10-03 13:00:00+09:00,547.0,549.0,547.0,549.0,200,0.0,0.0
2023-10-03 14:00:00+09:00,549.0,549.0,549.0,549.0,100,0.0,0.0
2023-10-04 09:00:00+09:00,549.0,549.0,549.0,549.0,200,0.0,0.0
2023-10-04 10:00:00+09:00,546.0,546.0,546.0,546.0,100,0.0,0.0
2023-10-04 11:00:00+09:00,547.0,547.0,547.0,547.0,0,0.0,0.0
2023-10-04 12:00:00+09:00,547.0,547.0,547.0,547.0,1000,0.0,0.0
2023-10-04 13:00:00+09:00,547.0,547.0,547.0,547.0,100,0.0,0.0
2023-10-04 14:00:00+09:00,546.0,548.0,545.0,548.0,900,0.0,0.0
2023-10-05 09:00:00+09:00,541.0,546.0,541.0,546.0,15900,0.0,0.0
2023-10-05 10:00:00+09:00,544.0,549.0,544.0,549.0,1800,0.0,0.0
2023-10-05 11:00:00+09:00,549.0,549.0,549.0,549.0,0,0.0,0.0
2023-10-05 13:00:00+09:00,546.0,546.0,546.0,546.0,17800,0.0,0.0
2023-10-05 14:00:00+09:00,547.0,549.0,547.0,549.0,300,0.0,0.0
2023-10-06 09:00:00+09:00,547.0,552.0,547.0,552.0,400,0.0,0.0
2023-10-06 11:00:00+09:00,552.0,552.0,552.0,552.0,0,0.0,0.0
2023-10-06 12:00:00+09:00,552.0,552.0,552.0,552.0,500,0.0,0.0
2023-10-06 13:00:00+09:00,551.0,552.0,550.0,552.0,1000,0.0,0.0
2023-10-06 14:00:00+09:00,550.0,552.0,550.0,552.0,200,0.0,0.0
2023-10-10 09:00:00+09:00,552.0,552.0,552.0,552.0,300,0.0,0.0
2023-10-10 11:00:00+09:00,552.0,552.0,552.0,552.0,0,0.0,0.0
2023-10-10 12:00:00+09:00,550.0,552.0,549.0,552.0,700,0.0,0.0
2023-10-10 13:00:00+09:00,548.0,550.0,545.0,550.0,2000,0.0,0.0
2023-10-11 10:00:00+09:00,552.0,552.0,552.0,552.0,100,0.0,0.0
2023-10-11 11:00:00+09:00,552.0,552.0,552.0,552.0,0,0.0,0.0
2023-10-11 13:00:00+09:00,550.0,550.0,548.0,548.0,400,0.0,0.0
2023-10-11 14:00:00+09:00,549.0,550.0,549.0,550.0,200,0.0,0.0
2023-10-12 09:00:00+09:00,548.0,550.0,548.0,548.0,2100,0.0,0.0
2023-10-12 10:00:00+09:00,549.0,549.0,549.0,549.0,500,0.0,0.0
2023-10-12 11:00:00+09:00,549.0,550.0,549.0,550.0,0,0.0,0.0
2023-10-12 14:00:00+09:00,550.0,550.0,548.0,550.0,4000,0.0,0.0
2023-10-13 09:00:00+09:00,553.0,553.0,553.0,553.0,100,0.0,0.0
2023-10-13 10:00:00+09:00,551.0,551.0,551.0,551.0,100,0.0,0.0
2023-10-13 11:00:00+09:00,551.0,551.0,551.0,551.0,0,0.0,0.0
2023-10-13 13:00:00+09:00,552.0,552.0,552.0,552.0,300,0.0,0.0
2023-10-16 09:00:00+09:00,552.0,552.0,550.0,550.0,200,0.0,0.0
2023-10-16 10:00:00+09:00,549.0,550.0,549.0,550.0,300,0.0,0.0
2023-10-16 11:00:00+09:00,550.0,550.0,550.0,550.0,0,0.0,0.0
2023-10-16 12:00:00+09:00,549.0,549.0,549.0,549.0,1000,0.0,0.0
2023-10-16 13:00:00+09:00,549.0,550.0,549.0,550.0,500,0.0,0.0
2023-10-16 14:00:00+09:00,548.0,548.0,548.0,548.0,700,0.0,0.0
2023-10-17 09:00:00+09:00,547.0,549.0,547.0,549.0,2900,0.0,0.0
2023-10-17 11:00:00+09:00,549.0,549.0,549.0,549.0,0,0.0,0.0
2023-10-17 13:00:00+09:00,548.0,549.0,548.0,549.0,3500,0.0,0.0
2023-10-18 12:00:00+09:00,546.0,548.0,546.0,548.0,15000,0.0,0.0
2023-10-18 13:00:00+09:00,549.0,549.0,549.0,549.0,500,0.0,0.0
2023-10-18 14:00:00+09:00,548.0,550.0,548.0,550.0,300,0.0,0.0
2023-10-19 09:00:00+09:00,549.0,549.0,549.0,549.0,200,0.0,0.0
2023-10-19 11:00:00+09:00,549.0,549.0,549.0,549.0,0,0.0,0.0
2023-10-19 13:00:00+09:00,547.0,548.0,547.0,548.0,500,0.0,0.0
2023-10-19 14:00:00+09:00,548.0,550.0,548.0,550.0,1000,0.0,0.0
2023-10-20 09:00:00+09:00,550.0,550.0,550.0,550.0,100,0.0,0.0
2023-10-20 11:00:00+09:00,550.0,550.0,550.0,550.0,0,0.0,0.0
2023-10-20 12:00:00+09:00,548.0,550.0,548.0,550.0,1000,0.0,0.0
2023-10-20 14:00:00+09:00,548.0,550.0,548.0,550.0,200,0.0,0.0
2023-10-23 09:00:00+09:00,551.0,552.0,549.0,552.0,800,0.0,0.0
2023-10-23 10:00:00+09:00,550.0,550.0,547.0,548.0,1500,0.0,0.0
2023-10-23 11:00:00+09:00,548.0,548.0,548.0,548.0,0,0.0,0.0
2023-10-23 12:00:00+09:00,547.0,549.0,546.0,547.0,3700,0.0,0.0
2023-10-23 13:00:00+09:00,549.0,549.0,549.0,549.0,100,0.0,0.0
2023-10-23 14:00:00+09:00,547.0,549.0,546.0,549.0,300,0.0,0.0
2023-10-24 09:00:00+09:00,545.0,547.0,545.0,547.0,3000,0.0,0.0
2023-10-24 10:00:00+09:00,547.0,548.0,546.0,548.0,900,0.0,0.0
2023-10-24 11:00:00+09:00,546.0,546.0,545.0,545.0,0,0.0,0.0
2023-10-24 12:00:00+09:00,545.0,547.0,545.0,547.0,39900,0.0,0.0
2023-10-24 13:00:00+09:00,548.0,549.0,545.0,549.0,700,0.0,0.0
2023-10-24 14:00:00+09:00,547.0,550.0,547.0,550.0,700,0.0,0.0
2023-10-25 11:00:00+09:00,549.0,549.0,549.0,549.0,200,0.0,0.0
2023-10-25 12:00:00+09:00,549.0,549.0,549.0,549.0,400,0.0,0.0
2023-10-26 09:00:00+09:00,550.0,550.0,549.0,550.0,0,0.0,0.0
2023-10-26 10:00:00+09:00,549.0,549.0,548.0,549.0,1600,0.0,0.0
2023-10-26 11:00:00+09:00,550.0,550.0,550.0,550.0,0,0.0,0.0
2023-10-26 12:00:00+09:00,549.0,549.0,549.0,549.0,1800,0.0,0.0
2023-10-27 09:00:00+09:00,549.0,550.0,548.0,549.0,600,0.0,0.0
2023-10-27 10:00:00+09:00,548.0,548.0,548.0,548.0,400,0.0,0.0
2023-10-27 11:00:00+09:00,549.0,549.0,549.0,549.0,0,0.0,0.0
2023-10-27 13:00:00+09:00,547.0,549.0,547.0,549.0,1500,0.0,0.0
2023-10-30 09:00:00+09:00,547.0,547.0,547.0,547.0,200,0.0,0.0
2023-10-30 11:00:00+09:00,547.0,547.0,547.0,547.0,0,0.0,0.0
2023-10-30 12:00:00+09:00,548.0,548.0,548.0,548.0,0,0.0,0.0
2023-10-30 13:00:00+09:00,548.0,548.0,547.0,547.0,500,0.0,0.0
2023-10-30 14:00:00+09:00,549.0,549.0,549.0,549.0,100,0.0,0.0
2023-10-31 09:00:00+09:00,549.0,549.0,549.0,549.0,1200,0.0,0.0
2023-10-31 10:00:00+09:00,547.0,549.0,546.0,549.0,700,0.0,0.0
2023-10-31 11:00:00+09:00,549.0,549.0,549.0,549.0,0,0.0,0.0
2023-10-31 13:00:00+09:00,548.0,549.0,540.0,549.0,9900,0.0,0.0
2023-10-31 14:00:00+09:00,547.0,547.0,547.0,547.0,100,0.0,0.0
2023-11-01 09:00:00+09:00,550.0,551.0,550.0,551.0,400,0.0,0.0
2023-11-01 11:00:00+09:00,551.0,551.0,551.0,551.0,0,0.0,0.0
2023-11-01 13:00:00+09:00,548.0,550.0,548.0,550.0,0,0.0,0.0
2023-11-02 09:00:00+09:00,548.0,549.0,548.0,549.0,700,0.0,0.0
2023-11-02 10:00:00+09:00,549.0,549.0,549.0,549.0,100,0.0,0.0
2023-11-02 11:00:00+09:00,548.0,548.0,548.0,548.0,0,0.0,0.0
2023-11-02 12:00:00+09:00,550.0,550.0,550.0,550.0,1000,0.0,0.0
2023-11-02 14:00:00+09:00,548.0,550.0,548.0,550.0,600,0.0,0.0
2023-11-06 09:00:00+09:00,550.0,550.0,550.0,550.0,500,0.0,0.0
2023-11-06 10:00:00+09:00,549.0,551.0,547.0,547.0,600,0.0,0.0
2023-11-06 11:00:00+09:00,550.0,550.0,550.0,550.0,0,0.0,0.0
2023-11-06 12:00:00+09:00,548.0,548.0,548.0,548.0,1400,0.0,0.0
2023-11-06 13:00:00+09:00,549.0,549.0,549.0,549.0,100,0.0,0.0
2023-11-07 10:00:00+09:00,550.0,550.0,548.0,550.0,400,0.0,0.0
2023-11-07 11:00:00+09:00,550.0,550.0,550.0,550.0,0,0.0,0.0
2023-11-07 14:00:00+09:00,550.0,550.0,550.0,550.0,500,0.0,0.0
2023-11-08 10:00:00+09:00,550.0,551.0,549.0,549.0,400,0.0,0.0
2023-11-08 11:00:00+09:00,549.0,549.0,549.0,549.0,0,0.0,0.0
2023-11-08 12:00:00+09:00,548.0,549.0,548.0,549.0,600,0.0,0.0
2023-11-08 13:00:00+09:00,550.0,550.0,550.0,550.0,100,0.0,0.0
2023-11-09 09:00:00+09:00,543.0,545.0,543.0,545.0,2600,0.0,0.0
2023-11-09 10:00:00+09:00,547.0,547.0,547.0,547.0,200,0.0,0.0
2023-11-09 11:00:00+09:00,548.0,550.0,548.0,548.0,0,0.0,0.0
2023-11-09 12:00:00+09:00,549.0,550.0,548.0,550.0,5700,0.0,0.0
2023-11-09 13:00:00+09:00,550.0,552.0,550.0,551.0,1900,0.0,0.0
2023-11-09 14:00:00+09:00,549.0,551.0,549.0,551.0,300,0.0,0.0
2023-11-10 09:00:00+09:00,552.0,552.0,549.0,551.0,400,0.0,0.0
2023-11-10 10:00:00+09:00,549.0,551.0,549.0,551.0,200,0.0,0.0
2023-11-10 11:00:00+09:00,549.0,552.0,549.0,552.0,0,0.0,0.0
2023-11-10 14:00:00+09:00,551.0,551.0,551.0,551.0,1600,0.0,0.0
2023-11-13 09:00:00+09:00,551.0,552.0,549.0,552.0,500,0.0,0.0
2023-11-13 11:00:00+09:00,552.0,552.0,550.0,550.0,0,0.0,0.0
2023-11-13 13:00:00+09:00,550.0,550.0,550.0,550.0,900,0.0,0.0
2023-11-13 14:00:00+09:00,548.0,550.0,548.0,550.0,300,0.0,0.0
2023-11-14 12:00:00+09:00,549.0,550.0,549.0,550.0,300,0.0,0.0
2023-11-14 14:00:00+09:00,549.0,549.0,549.0,549.0,100,0.0,0.0
2023-11-15 09:00:00+09:00,550.0,550.0,550.0,550.0,1000,0.0,0.0
2023-11-15 11:00:00+09:00,550.0,551.0,550.0,551.0,0,0.0,0.0
2023-11-15 12:00:00+09:00,549.0,551.0,549.0,551.0,22600,0.0,0.0
2023-11-15 14:00:00+09:00,549.0,551.0,549.0,549.0,400,0.0,0.0
2023-11-16 09:00:00+09:00,551.0,551.0,551.0,551.0,100,0.0,0.0
2023-11-16 10:00:00+09:00,549.0,551.0,549.0,551.0,200,0.0,0.0
2023-11-16 11:00:00+09:00,551.0,551.0,551.0,551.0,0,0.0,0.0
2023-11-16 12:00:00+09:00,549.0,549.0,549.0,549.0,400,0.0,0.0
2023-11-16 13:00:00+09:00,550.0,550.0,550.0,550.0,100,0.0,0.0
2023-11-16 14:00:00+09:00,550.0,550.0,550.0,550.0,100,0.0,0.0
2023-11-17 09:00:00+09:00,552.0,552.0,552.0,552.0,1000,0.0,0.0
2023-11-17 10:00:00+09:00,549.0,549.0,549.0,549.0,300,0.0,0.0
2023-11-17 11:00:00+09:00,549.0,549.0,549.0,549.0,0,0.0,0.0
2023-11-17 14:00:00+09:00,550.0,550.0,550.0,550.0,1600,0.0,0.0
2023-11-20 09:00:00+09:00,550.0,550.0,550.0,550.0,200,0.0,0.0
2023-11-20 10:00:00+09:00,549.0,549.0,549.0,549.0,0,0.0,0.0
2023-11-20 11:00:00+09:00,550.0,550.0,550.0,550.0,0,0.0,0.0
2023-11-21 09:00:00+09:00,552.0,552.0,546.0,546.0,2000,0.0,0.0
2023-11-21 10:00:00+09:00,548.0,548.0,541.0,545.0,2800,0.0,0.0
2023-11-21 11:00:00+09:00,544.0,544.0,541.0,541.0,0,0.0,0.0
2023-11-21 12:00:00+09:00,541.0,544.0,541.0,543.0,19300,0.0,0.0
2023-11-21 13:00:00+09:00,542.0,545.0,542.0,545.0,500,0.0,0.0
2023-11-21 14:00:00+09:00,544.0,544.0,543.0,543.0,300,0.0,0.0
2023-11-22 09:00:00+09:00,543.0,546.0,543.0,546.0,92800,0.0,0.0
2023-11-22 10:00:00+09:00,546.0,549.0,546.0,549.0,300,0.0,0.0
2023-11-22 11:00:00+09:00,548.0,548.0,547.0,547.0,0,0.0,0.0
2023-11-22 12:00:00+09:00,547.0,547.0,547.0,547.0,93500,0.0,0.0
2023-11-22 13:00:00+09:00,546.0,547.0,546.0,547.0,500,0.0,0.0
2023-11-22 14:00:00+09:00,547.0,547.0,547.0,547.0,0,0.0,0.0
2023-11-24 09:00:00+09:00,548.0,548.0,548.0,548.0,100,0.0,0.0
2023-11-24 11:00:00+09:00,548.0,548.0,548.0,548.0,0,0.0,0.0
2023-11-24 12:00:00+09:00,547.0,547.0,546.0,546.0,300,0.0,0.0
2023-11-24 13:00:00+09:00,547.0,547.0,547.0,547.0,100,0.0,0.0
2023-11-24 14:00:00+09:00,547.0,548.0,547.0,547.0,5500,0.0,0.0
2023-11-27 09:00:00+09:00,547.0,547.0,547.0,547.0,0,0.0,0.0
2023-11-27 10:00:00+09:00,546.0,546.0,540.0,546.0,6900,0.0,0.0
2023-11-27 11:00:00+09:00,547.0,547.0,546.0,546.0,0,0.0,0.0
2023-11-27 12:00:00+09:00,548.0,548.0,547.0,547.0,7400,0.0,0.0
2023-11-27 13:00:00+09:00,546.0,548.0,546.0,548.0,200,0.0,0.0
2023-11-27 14:00:00+09:00,546.0,548.0,546.0,546.0,700,0.0,0.0
2023-11-28 09:00:00+09:00,547.0,548.0,547.0,548.0,300,0.0,0.0
2023-11-28 10:00:00+09:00,549.0,549.0,547.0,548.0,300,0.0,0.0
2023-11-28 11:00:00+09:00,548.0,548.0,548.0,548.0,0,0.0,0.0
2023-11-28 12:00:00+09:00,549.0,549.0,549.0,549.0,700,0.0,0.0
2023-11-28 13:00:00+09:00,548.0,548.0,547.0,548.0,600,0.0,0.0
2023-11-29 09:00:00+09:00,548.0,548.0,548.0,548.0,200,0.0,0.0
2023-11-29 10:00:00+09:00,549.0,549.0,549.0,549.0,100,0.0,0.0
2023-11-29 11:00:00+09:00,549.0,549.0,549.0,549.0,0,0.0,0.0
2023-11-29 12:00:00+09:00,547.0,549.0,547.0,549.0,1200,0.0,0.0
2023-11-29 13:00:00+09:00,548.0,549.0,547.0,549.0,1000,0.0,0.0
2023-11-29 14:00:00+09:00,549.0,549.0,548.0,549.0,500,0.0,0.0
2023-11-30 09:00:00+09:00,549.0,549.0,548.0,549.0,1800,0.0,0.0
2023-11-30 10:00:00+09:00,549.0,549.0,549.0,549.0,200,0.0,0.0
2023-11-30 11:00:00+09:00,549.0,549.0,549.0,549.0,0,0.0,0.0
2023-11-30 12:00:00+09:00,549.0,549.0,549.0,549.0,2200,0.0,0.0
2023-11-30 14:00:00+09:00,549.0,549.0,549.0,549.0,200,0.0,0.0
2023-12-01 09:00:00+09:00,549.0,550.0,549.0,550.0,300,0.0,0.0
2023-12-01 10:00:00+09:00,550.0,550.0,549.0,549.0,300,0.0,0.0
2023-12-01 11:00:00+09:00,549.0,549.0,549.0,549.0,0,0.0,0.0
2023-12-01 12:00:00+09:00,549.0,549.0,549.0,549.0,700,0.0,0.0
2023-12-01 13:00:00+09:00,548.0,549.0,548.0,549.0,200,0.0,0.0
2023-12-01 14:00:00+09:00,549.0,549.0,548.0,548.0,400,0.0,0.0
2023-12-04 09:00:00+09:00,550.0,550.0,550.0,550.0,1400,0.0,0.0
2023-12-04 10:00:00+09:00,550.0,550.0,550.0,550.0,200,0.0,0.0
2023-12-04 11:00:00+09:00,550.0,550.0,550.0,550.0,0,0.0,0.0
2023-12-04 12:00:00+09:00,549.0,550.0,549.0,550.0,1800,0.0,0.0
2023-12-04 14:00:00+09:00,550.0,550.0,549.0,549.0,600,0.0,0.0
2023-12-05 09:00:00+09:00,549.0,549.0,549.0,549.0,200,0.0,0.0
2023-12-05 11:00:00+09:00,549.0,549.0,549.0,549.0,0,0.0,0.0
2023-12-05 12:00:00+09:00,549.0,549.0,549.0,549.0,300,0.0,0.0
2023-12-05 14:00:00+09:00,550.0,550.0,550.0,550.0,100,0.0,0.0
2023-12-06 09:00:00+09:00,550.0,550.0,550.0,550.0,400,0.0,0.0
2023-12-06 10:00:00+09:00,550.0,550.0,550.0,550.0,100,0.0,0.0
2023-12-06 11:00:00+09:00,550.0,550.0,549.0,549.0,0,0.0,0.0
2023-12-06 12:00:00+09:00,550.0,550.0,549.0,549.0,2000,0.0,0.0
2023-12-06 13:00:00+09:00,549.0,549.0,549.0,549.0,100,0.0,0.0
2023-12-07 09:00:00+09:00,548.0,549.0,548.0,549.0,1300,0.0,0.0
2023-12-07 10:00:00+09:00,549.0,549.0,549.0,549.0,200,0.0,0.0
2023-12-07 11:00:00+09:00,549.0,550.0,549.0,549.0,0,0.0,0.0
2023-12-07 13:00:00+09:00,549.0,550.0,549.0,550.0,2300,0.0,0.0
2023-12-07 14:00:00+09:00,550.0,550.0,549.0,549.0,1100,0.0,0.0
2023-12-08 09:00:00+09:00,551.0,551.0,549.0,549.0,200,0.0,0.0
2023-12-08 10:00:00+09:00,550.0,550.0,548.0,549.0,300,0.0,0.0
2023-12-08 11:00:00+09:00,549.0,549.0,549.0,549.0,0,0.0,0.0
2023-12-08 13:00:00+09:00,550.0,550.0,547.0,547.0,900,0.0,0.0
2023-12-08 14:00:00+09:00,548.0,550.0,548.0,550.0,400,0.0,0.0
2023-12-11 09:00:00+09:00,553.0,553.0,548.0,548.0,1500,0.0,0.0
2023-12-11 10:00:00+09:00,550.0,550.0,550.0,550.0,100,0.0,0.0
2023-12-11 11:00:00+09:00,550.0,550.0,550.0,550.0,0,0.0,0.0
2023-12-12 09:00:00+09:00,550.0,550.0,549.0,550.0,500,0.0,0.0
2023-12-12 10:00:00+09:00,550.0,550.0,550.0,550.0,100,0.0,0.0
2023-12-12 11:00:00+09:00,550.0,550.0,550.0,550.0,0,0.0,0.0
2023-12-12 12:00:00+09:00,549.0,549.0,549.0,549.0,1600,0.0,0.0
2023-12-13 09:00:00+09:00,548.0,550.0,548.0,550.0,2300,0.0,0.0
2023-12-13 11:00:00+09:00,549.0,549.0,549.0,549.0,0,0.0,0.0
2023-12-13 12:00:00+09:00,549.0,550.0,548.0,550.0,3400,0.0,0.0
2023-12-13 13:00:00+09:00,551.0,551.0,551.0,551.0,100,0.0,0.0
2023-12-14 09:00:00+09:00,555.0,555.0,550.0,550.0,1700,0.0,0.0
2023-12-14 10:00:00+09:00,553.0,553.0,550.0,550.0,1000,0.0,0.0
2023-12-14 11:00:00+09:00,550.0,553.0,550.0,551.0,0,0.0,0.0
2023-12-14 12:00:00+09:00,550.0,554.0,550.0,553.0,3700,0.0,0.0
2023-12-14 13:00:00+09:00,550.0,551.0,550.0,551.0,200,0.0,0.0
2023-12-14 14:00:00+09:00,550.0,550.0,550.0,550.0,200,0.0,0.0
2023-12-15 09:00:00+09:00,555.0,555.0,552.0,552.0,1300,0.0,0.0
2023-12-15 11:00:00+09:00,552.0,552.0,552.0,552.0,0,0.0,0.0
2023-12-15 12:00:00+09:00,552.0,553.0,550.0,553.0,3400,0.0,0.0
2023-12-15 13:00:00+09:00,550.0,553.0,550.0,553.0,600,0.0,0.0
2023-12-15 14:00:00+09:00,553.0,553.0,551.0,552.0,300,0.0,0.0
2023-12-18 09:00:00+09:00,556.0,557.0,552.0,557.0,1700,0.0,0.0
2023-12-18 10:00:00+09:00,554.0,554.0,554.0,554.0,100,0.0,0.0
2023-12-18 11:00:00+09:00,556.0,556.0,553.0,553.0,0,0.0,0.0
2023-12-18 12:00:00+09:00,555.0,555.0,552.0,554.0,2700,0.0,0.0
2023-12-18 13:00:00+09:00,554.0,554.0,554.0,554.0,100,0.0,0.0
2023-12-19 09:00:00+09:00,557.0,557.0,555.0,556.0,1200,0.0,0.0
2023-12-19 11:00:00+09:00,554.0,557.0,554.0,557.0,0,0.0,0.0
2023-12-19 12:00:00+09:00,557.0,557.0,557.0,557.0,1600,0.0,0.0
2023-12-19 13:00:00+09:00,559.0,559.0,559.0,559.0,100,0.0,0.0
2023-12-19 14:00:00+09:00,556.0,556.0,555.0,555.0,400,0.0,0.0
2023-12-20 09:00:00+09:00,557.0,557.0,554.0,557.0,1700,0.0,0.0
2023-12-20 10:00:00+09:00,557.0,557.0,552.0,552.0,1300,0.0,0.0
2023-12-20 11:00:00+09:00,551.0,552.0,551.0,552.0,0,0.0,0.0
2023-12-20 12:00:00+09:00,550.0,552.0,550.0,551.0,4800,0.0,0.0
2023-12-20 13:00:00+09:00,553.0,553.0,553.0,553.0,100,0.0,0.0
2023-12-20 14:00:00+09:00,553.0,554.0,553.0,553.0,500,0.0,0.0
2023-12-21 09:00:00+09:00,553.0,554.0,550.0,553.0,1300,0.0,0.0
2023-12-21 10:00:00+09:00,553.0,553.0,553.0,553.0,100,0.0,0.0
2023-12-21 11:00:00+09:00,553.0,553.0,553.0,553.0,0,0.0,0.0
2023-12-21 12:00:00+09:00,553.0,553.0,553.0,553.0,1800,0.0,0.0
2023-12-21 13:00:00+09:00,553.0,558.0,552.0,554.0,6300,0.0,0.0
2023-12-21 14:00:00+09:00,554.0,557.0,554.0,555.0,2800,0.0,0.0
2023-12-22 09:00:00+09:00,555.0,557.0,555.0,556.0,300,0.0,0.0
2023-12-22 11:00:00+09:00,553.0,553.0,553.0,553.0,0,0.0,0.0
2023-12-22 12:00:00+09:00,553.0,559.0,553.0,558.0,3500,0.0,0.0
2023-12-25 09:00:00+09:00,550.0,553.0,550.0,550.0,7000,0.0,0.0
2023-12-25 10:00:00+09:00,551.0,552.0,550.0,551.0,1400,0.0,0.0
2023-12-25 11:00:00+09:00,551.0,551.0,550.0,550.0,0,0.0,0.0
2023-12-25 12:00:00+09:00,550.0,550.0,549.0,549.0,11800,0.0,0.0
2023-12-25 13:00:00+09:00,550.0,553.0,549.0,552.0,900,0.0,0.0
2023-12-25 14:00:00+09:00,551.0,556.0,551.0,552.0,1300,0.0,0.0
2023-12-26 09:00:00+09:00,559.0,559.0,551.0,556.0,1300,0.0,0.0
2023-12-26 11:00:00+09:00,556.0,556.0,556.0,556.0,0,0.0,0.0
2023-12-26 12:00:00+09:00,556.0,556.0,556.0,556.0,2800,0.0,0.0
2023-12-26 14:00:00+09:00,557.0,557.0,557.0,557.0,100,0.0,0.0
2023-12-27 09:00:00+09:00,552.0,555.0,552.0,555.0,1500,0.0,0.0
2023-12-27 10:00:00+09:00,555.0,555.0,549.0,549.0,2600,0.0,0.0
2023-12-27 11:00:00+09:00,551.0,551.0,551.0,551.0,0,0.0,0.0
2023-12-27 12:00:00+09:00,550.0,550.0,550.0,550.0,7900,0.0,0.0
2023-12-27 14:00:00+09:00,550.0,551.0,550.0,551.0,300,0.0,0.0
2023-12-28 09:00:00+09:00,552.0,552.0,550.0,552.0,1700,0.0,0.0
2023-12-28 10:00:00+09:00,552.0,554.0,552.0,554.0,400,0.0,0.0
2023-12-28 11:00:00+09:00,554.0,554.0,554.0,554.0,0,0.0,0.0
2023-12-28 12:00:00+09:00,554.0,555.0,554.0,555.0,2800,0.0,0.0
2023-12-28 13:00:00+09:00,555.0,555.0,555.0,555.0,100,0.0,0.0
2023-12-28 14:00:00+09:00,555.0,555.0,554.0,555.0,300,0.0,0.0
2023-12-29 09:00:00+09:00,558.0,558.0,558.0,558.0,1300,0.0,0.0
2023-12-29 10:00:00+09:00,556.0,558.0,556.0,558.0,500,0.0,0.0
2023-12-29 11:00:00+09:00,559.0,559.0,559.0,559.0,0,0.0,0.0
2023-12-29 12:00:00+09:00,555.0,558.0,555.0,557.0,3800,0.0,0.0
2023-12-29 13:00:00+09:00,557.0,558.0,557.0,558.0,300,0.0,0.0
2023-12-29 14:00:00+09:00,557.0,557.0,557.0,557.0,100,0.0,0.0
2024-01-04 09:00:00+09:00,558.0,559.0,557.0,559.0,1100,0.0,0.0
2024-01-04 10:00:00+09:00,557.0,558.0,553.0,558.0,3700,0.0,0.0
2024-01-04 11:00:00+09:00,558.0,559.0,558.0,559.0,0,0.0,0.0
2024-01-04 12:00:00+09:00,559.0,562.0,556.0,557.0,14500,0.0,0.0
2024-01-04 13:00:00+09:00,560.0,560.0,560.0,560.0,200,0.0,0.0
2024-01-05 09:00:00+09:00,562.0,591.0,562.0,569.0,8800,0.0,0.0
2024-01-05 10:00:00+09:00,578.0,579.0,571.0,576.0,5800,0.0,0.0
2024-01-05 11:00:00+09:00,573.0,573.0,565.0,565.0,0,0.0,0.0
2024-01-05 12:00:00+09:00,564.0,570.0,564.0,570.0,23200,0.0,0.0
2024-01-05 13:00:00+09:00,569.0,573.0,563.0,573.0,2000,0.0,0.0
2024-01-05 14:00:00+09:00,573.0,573.0,573.0,573.0,100,0.0,0.0
2024-01-09 09:00:00+09:00,573.0,574.0,573.0,574.0,3100,0.0,0.0
2024-01-09 10:00:00+09:00,582.0,583.0,574.0,577.0,600,0.0,0.0
2024-01-09 11:00:00+09:00,576.0,576.0,576.0,576.0,0,0.0,0.0
2024-01-09 12:00:00+09:00,576.0,579.0,576.0,579.0,4900,0.0,0.0
2024-01-09 14:00:00+09:00,579.0,579.0,579.0,579.0,100,0.0,0.0
2024-01-10 09:00:00+09:00,577.0,582.0,577.0,581.0,900,0.0,0.0
2024-01-10 10:00:00+09:00,579.0,580.0,579.0,580.0,300,0.0,0.0
2024-01-10 11:00:00+09:00,579.0,580.0,579.0,580.0,0,0.0,0.0
2024-01-10 12:00:00+09:00,579.0,580.0,579.0,580.0,3100,0.0,0.0
2024-01-10 14:00:00+09:00,580.0,581.0,579.0,581.0,1500,0.0,0.0
2024-01-11 09:00:00+09:00,581.0,581.0,577.0,577.0,1400,0.0,0.0
2024-01-11 10:00:00+09:00,577.0,579.0,576.0,579.0,1300,0.0,0.0
2024-01-11 11:00:00+09:00,579.0,579.0,579.0,579.0,0,0.0,0.0
2024-01-11 12:00:00+09:00,579.0,583.0,579.0,583.0,7000,0.0,0.0
2024-01-11 14:00:00+09:00,583.0,583.0,582.0,583.0,1400,0.0,0.0
2024-01-12 09:00:00+09:00,579.0,585.0,579.0,585.0,0,0.0,0.0
2024-01-12 11:00:00+09:00,585.0,585.0,585.0,585.0,0,0.0,0.0
2024-01-12 12:00:00+09:00,581.0,584.0,581.0,584.0,5300,0.0,0.0
2024-01-12 13:00:00+09:00,581.0,585.0,581.0,584.0,400,0.0,0.0
2024-01-12 14:00:00+09:00,584.0,585.0,584.0,584.0,500,0.0,0.0
2024-01-15 09:00:00+09:00,585.0,585.0,584.0,584.0,0,0.0,0.0
2024-01-15 10:00:00+09:00,582.0,582.0,580.0,582.0,1400,0.0,0.0
2024-01-15 11:00:00+09:00,580.0,580.0,580.0,580.0,0,0.0,0.0
2024-01-15 12:00:00+09:00,580.0,586.0,580.0,586.0,5500,0.0,0.0
2024-01-15 13:00:00+09:00,586.0,586.0,586.0,586.0,100,0.0,0.0
2024-01-15 14:00:00+09:00,584.0,587.0,584.0,587.0,600,0.0,0.0
2024-01-16 09:00:00+09:00,582.0,586.0,582.0,586.0,3000,0.0,0.0
2024-01-16 10:00:00+09:00,585.0,585.0,584.0,584.0,200,0.0,0.0
2024-01-16 11:00:00+09:00,584.0,585.0,584.0,585.0,0,0.0,0.0
2024-01-16 12:00:00+09:00,578.0,582.0,578.0,582.0,10000,0.0,0.0
2024-01-16 14:00:00+09:00,580.0,583.0,580.0,583.0,500,0.0,0.0
2024-01-17 09:00:00+09:00,556.0,561.0,555.0,561.0,34500,0.0,0.0
2024-01-17 10:00:00+09:00,561.0,561.0,556.0,561.0,12000,0.0,0.0
2024-01-17 11:00:00+09:00,559.0,565.0,557.0,565.0,0,0.0,0.0
2024-01-17 12:00:00+09:00,565.0,565.0,565.0,565.0,51700,0.0,0.0
2024-01-17 13:00:00+09:00,563.0,564.0,563.0,564.0,300,0.0,0.0
2024-01-17 14:00:00+09:00,562.0,563.0,562.0,563.0,300,0.0,0.0
2024-01-18 09:00:00+09:00,565.0,567.0,562.0,563.0,2400,0.0,0.0
2024-01-18 10:00:00+09:00,564.0,564.0,562.0,563.0,400,0.0,0.0
2024-01-18 11:00:00+09:00,563.0,563.0,563.0,563.0,0,0.0,0.0
2024-01-18 12:00:00+09:00,562.0,564.0,562.0,564.0,6100,0.0,0.0
2024-01-18 14:00:00+09:00,563.0,564.0,563.0,564.0,300,0.0,0.0
2024-01-19 09:00:00+09:00,566.0,566.0,564.0,564.0,200,0.0,0.0
2024-01-19 11:00:00+09:00,564.0,564.0,564.0,564.0,0,0.0,0.0
2024-01-19 12:00:00+09:00,563.0,565.0,563.0,565.0,3700,0.0,0.0
2024-01-19 13:00:00+09:00,565.0,565.0,564.0,564.0,1000,0.0,0.0
2024-01-19 14:00:00+09:00,564.0,566.0,562.0,566.0,1400,0.0,0.0
2024-01-22 09:00:00+09:00,565.0,565.0,563.0,565.0,0,0.0,0.0
2024-01-22 10:00:00+09:00,565.0,565.0,565.0,565.0,200,0.0,0.0
2024-01-22 11:00:00+09:00,565.0,565.0,565.0,565.0,0,0.0,0.0
2024-01-22 12:00:00+09:00,561.0,564.0,561.0,564.0,8000,0.0,0.0
2024-01-22 13:00:00+09:00,564.0,565.0,564.0,565.0,400,0.0,0.0
2024-01-22 14:00:00+09:00,564.0,564.0,560.0,564.0,4400,0.0,0.0
2024-01-23 09:00:00+09:00,556.0,562.0,556.0,562.0,7200,0.0,0.0
2024-01-23 10:00:00+09:00,560.0,562.0,560.0,562.0,2600,0.0,0.0
2024-01-23 11:00:00+09:00,562.0,562.0,562.0,562.0,0,0.0,0.0
2024-01-23 12:00:00+09:00,561.0,561.0,561.0,561.0,10300,0.0,0.0
2024-01-23 13:00:00+09:00,561.0,561.0,561.0,561.0,400,0.0,0.0
2024-01-23 14:00:00+09:00,561.0,561.0,557.0,559.0,2400,0.0,0.0
2024-01-24 09:00:00+09:00,559.0,563.0,559.0,562.0,1600,0.0,0.0
2024-01-24 11:00:00+09:00,562.0,562.0,562.0,562.0,0,0.0,0.0
2024-01-24 12:00:00+09:00,562.0,562.0,562.0,562.0,1700,0.0,0.0
2024-01-24 14:00:00+09:00,560.0,561.0,560.0,561.0,1200,0.0,0.0
2024-01-25 09:00:00+09:00,562.0,563.0,562.0,563.0,300,0.0,0.0
2024-01-25 10:00:00+09:00,561.0,562.0,559.0,562.0,1100,0.0,0.0
2024-01-25 11:00:00+09:00,561.0,562.0,561.0,562.0,0,0.0,0.0
2024-01-25 12:00:00+09:00,562.0,562.0,562.0,562.0,1900,0.0,0.0
2024-01-25 14:00:00+09:00,560.0,562.0,560.0,561.0,600,0.0,0.0
2024-01-26 09:00:00+09:00,562.0,562.0,562.0,562.0,1700,0.0,0.0
2024-01-26 11:00:00+09:00,562.0,562.0,562.0,562.0,0,0.0,0.0
2024-01-26 12:00:00+09:00,562.0,563.0,562.0,563.0,4400,0.0,0.0
2024-01-26 13:00:00+09:00,563.0,563.0,563.0,563.0,1300,0.0,0.0
2024-01-26 14:00:00+09:00,564.0,564.0,564.0,564.0,100,0.0,0.0
2024-01-29 09:00:00+09:00,563.0,564.0,562.0,564.0,1700,0.0,0.0
2024-01-29 11:00:00+09:00,564.0,564.0,564.0,564.0,0,0.0,0.0
2024-01-29 12:00:00+09:00,560.0,563.0,560.0,563.0,6600,0.0,0.0
2024-01-29 14:00:00+09:00,563.0,563.0,562.0,562.0,200,0.0,0.0
2024-01-30 09:00:00+09:00,561.0,562.0,561.0,562.0,0,0.0,0.0
2024-01-30 11:00:00+09:00,562.0,562.0,562.0,562.0,0,0.0,0.0
2024-01-30 12:00:00+09:00,562.0,563.0,562.0,563.0,4200,0.0,0.0
2024-01-30 13:00:00+09:00,563.0,563.0,563.0,563.0,400,0.0,0.0
2024-01-30 14:00:00+09:00,563.0,563.0,563.0,563.0,300,0.0,0.0
2024-01-31 09:00:00+09:00,563.0,564.0,563.0,564.0,2000,0.0,0.0
2024-01-31 10:00:00+09:00,564.0,564.0,563.0,564.0,600,0.0,0.0
2024-01-31 11:00:00+09:00,564.0,564.0,564.0,564.0,0,0.0,0.0
2024-01-31 13:00:00+09:00,564.0,564.0,564.0,564.0,2800,0.0,0.0
2024-01-31 14:00:00+09:00,565.0,565.0,565.0,565.0,100,0.0,0.0
2024-02-01 09:00:00+09:00,567.0,567.0,566.0,566.0,800,0.0,0.0
2024-02-01 10:00:00+09:00,566.0,566.0,566.0,566.0,0,0.0,0.0
2024-02-01 11:00:00+09:00,567.0,567.0,567.0,567.0,0,0.0,0.0
2024-02-01 12:00:00+09:00,567.0,567.0,565.0,566.0,2100,0.0,0.0
2024-02-01 13:00:00+09:00,566.0,566.0,566.0,566.0,100,0.0,0.0
2024-02-02 09:00:00+09:00,566.0,566.0,566.0,566.0,200,0.0,0.0
2024-02-02 10:00:00+09:00,566.0,567.0,566.0,566.0,400,0.0,0.0
2024-02-02 11:00:00+09:00,566.0,567.0,566.0,567.0,0,0.0,0.0
2024-02-02 12:00:00+09:00,566.0,570.0,566.0,570.0,6200,0.0,0.0
2024-02-02 14:00:00+09:00,568.0,570.0,566.0,570.0,1200,0.0,0.0
2024-02-05 09:00:00+09:00,573.0,573.0,570.0,570.0,0,0.0,0.0
2024-02-05 10:00:00+09:00,571.0,571.0,571.0,571.0,2500,0.0,0.0
2024-02-05 11:00:00+09:00,572.0,572.0,572.0,572.0,0,0.0,0.0
2024-02-05 12:00:00+09:00,572.0,572.0,572.0,572.0,3100,0.0,0.0
2024-02-05 14:00:00+09:00,572.0,572.0,571.0,571.0,1000,0.0,0.0
2024-02-06 09:00:00+09:00,568.0,571.0,568.0,571.0,3100,0.0,0.0
2024-02-06 11:00:00+09:00,571.0,571.0,571.0,571.0,0,0.0,0.0
2024-02-06 12:00:00+09:00,570.0,571.0,570.0,571.0,4900,0.0,0.0
2024-02-06 13:00:00+09:00,570.0,571.0,569.0,569.0,1000,0.0,0.0
2024-02-06 14:00:00+09:00,568.0,570.0,567.0,570.0,1500,0.0,0.0
2024-02-07 09:00:00+09:00,570.0,570.0,570.0,570.0,200,0.0,0.0
2024-02-07 11:00:00+09:00,569.0,569.0,569.0,569.0,0,0.0,0.0
2024-02-07 12:00:00+09:00,569.0,570.0,569.0,570.0,4200,0.0,0.0
2024-02-07 13:00:00+09:00,570.0,571.0,570.0,571.0,200,0.0,0.0
2024-02-07 14:00:00+09:00,572.0,572.0,572.0,572.0,2100,0.0,0.0
2024-02-08 09:00:00+09:00,575.0,575.0,574.0,574.0,1200,0.0,0.0
2024-02-08 10:00:00+09:00,574.0,574.0,573.0,573.0,600,0.0,0.0
2024-02-08 11:00:00+09:00,573.0,573.0,569.0,569.0,0,0.0,0.0
2024-02-08 12:00:00+09:00,568.0,570.0,567.0,569.0,7400,0.0,0.0
2024-02-08 13:00:00+09:00,569.0,569.0,568.0,569.0,700,0.0,0.0
2024-02-08 14:00:00+09:00,570.0,572.0,570.0,572.0,500,0.0,0.0
2024-02-09 09:00:00+09:00,572.0,572.0,569.0,569.0,300,0.0,0.0
2024-02-09 10:00:00+09:00,569.0,569.0,569.0,569.0,100,0.0,0.0
2024-02-09 11:00:00+09:00,569.0,569.0,569.0,569.0,0,0.0,0.0
2024-02-09 12:00:00+09:00,566.0,569.0,566.0,569.0,0,0.0,0.0
2024-02-09 13:00:00+09:00,568.0,569.0,568.0,569.0,4600,0.0,0.0
2024-02-09 14:00:00+09:00,569.0,570.0,566.0,570.0,1000,0.0,0.0
2024-02-13 09:00:00+09:00,566.0,568.0,566.0,568.0,2300,0.0,0.0
2024-02-13 10:00:00+09:00,569.0,569.0,569.0,569.0,200,0.0,0.0
2024-02-13 11:00:00+09:00,569.0,569.0,569.0,569.0,0,0.0,0.0
2024-02-13 12:00:00+09:00,569.0,569.0,568.0,568.0,3200,0.0,0.0
2024-02-13 13:00:00+09:00,569.0,569.0,568.0,569.0,800,0.0,0.0
2024-02-14 09:00:00+09:00,570.0,571.0,570.0,571.0,200,0.0,0.0
2024-02-14 10:00:00+09:00,569.0,569.0,568.0,569.0,300,0.0,0.0
2024-02-14 11:00:00+09:00,569.0,569.0,569.0,569.0,0,0.0,0.0
2024-02-14 12:00:00+09:00,569.0,570.0,569.0,570.0,4100,0.0,0.0
2024-02-14 14:00:00+09:00,569.0,570.0,569.0,570.0,400,0.0,0.0
2024-02-15 09:00:00+09:00,569.0,570.0,569.0,570.0,2300,0.0,0.0
2024-02-15 10:00:00+09:00,568.0,568.0,568.0,568.0,200,0.0,0.0
2024-02-15 11:00:00+09:00,568.0,568.0,568.0,568.0,0,0.0,0.0
2024-02-15 12:00:00+09:00,568.0,568.0,568.0,568.0,3100,0.0,0.0
2024-02-15 13:00:00+09:00,569.0,569.0,569.0,569.0,100,0.0,0.0
2024-02-15 14:00:00+09:00,568.0,569.0,568.0,569.0,1500,0.0,0.0
2024-02-16 09:00:00+09:00,569.0,569.0,566.0,569.0,2100,0.0,0.0
2024-02-16 10:00:00+09:00,568.0,568.0,568.0,568.0,100,0.0,0.0
2024-02-16 11:00:00+09:00,568.0,569.0,568.0,569.0,0,0.0,0.0
2024-02-16 12:00:00+09:00,570.0,570.0,570.0,570.0,2600,0.0,0.0
2024-02-16 13:00:00+09:00,570.0,570.0,570.0,570.0,200,0.0,0.0
2024-02-16 14:00:00+09:00,570.0,571.0,570.0,571.0,200,0.0,0.0
2024-02-19 09:00:00+09:00,573.0,573.0,571.0,571.0,800,0.0,0.0
2024-02-19 10:00:00+09:00,571.0,571.0,570.0,570.0,200,0.0,0.0
2024-02-19 11:00:00+09:00,571.0,571.0,571.0,571.0,0,0.0,0.0
2024-02-19 12:00:00+09:00,568.0,571.0,568.0,571.0,3400,0.0,0.0
2024-02-19 13:00:00+09:00,572.0,573.0,568.0,570.0,900,0.0,0.0
2024-02-19 14:00:00+09:00,571.0,572.0,571.0,572.0,300,0.0,0.0
2024-02-20 09:00:00+09:00,571.0,572.0,571.0,572.0,700,0.0,0.0
2024-02-20 10:00:00+09:00,572.0,573.0,572.0,573.0,400,0.0,0.0
2024-02-20 11:00:00+09:00,573.0,573.0,573.0,573.0,0,0.0,0.0
2024-02-20 12:00:00+09:00,572.0,572.0,572.0,572.0,1200,0.0,0.0
2024-02-20 13:00:00+09:00,572.0,573.0,569.0,573.0,800,0.0,0.0
2024-02-20 14:00:00+09:00,572.0,573.0,572.0,573.0,300,0.0,0.0
2024-02-21 09:00:00+09:00,573.0,573.0,573.0,573.0,200,0.0,0.0
2024-02-21 10:00:00+09:00,573.0,573.0,573.0,573.0,100,0.0,0.0
2024-02-21 11:00:00+09:00,573.0,573.0,573.0,573.0,0,0.0,0.0
2024-02-21 12:00:00+09:00,573.0,573.0,570.0,572.0,1700,0.0,0.0
2024-02-21 13:00:00+09:00,573.0,573.0,573.0,573.0,100,0.0,0.0
2024-02-21 14:00:00+09:00,573.0,574.0,573.0,574.0,400,0.0,0.0
2024-02-22 09:00:00+09:00,570.0,574.0,570.0,574.0,1700,0.0,0.0
2024-02-22 11:00:00+09:00,574.0,574.0,574.0,574.0,0,0.0,0.0
2024-02-22 12:00:00+09:00,570.0,575.0,570.0,574.0,5300,0.0,0.0
2024-02-22 13:00:00+09:00,574.0,575.0,574.0,575.0,400,0.0,0.0
2024-02-22 14:00:00+09:00,574.0,575.0,574.0,575.0,600,0.0,0.0
2024-02-26 09:00:00+09:00,575.0,575.0,575.0,575.0,0,0.0,0.0
2024-02-26 11:00:00+09:00,575.0,575.0,575.0,575.0,0,0.0,0.0
2024-02-26 12:00:00+09:00,575.0,576.0,575.0,576.0,2300,0.0,0.0
2024-02-26 13:00:00+09:00,575.0,575.0,575.0,575.0,100,0.0,0.0
2024-02-26 14:00:00+09:00,576.0,576.0,576.0,576.0,100,0.0,0.0
2024-02-27 09:00:00+09:00,577.0,580.0,577.0,580.0,600,0.0,0.0
2024-02-27 11:00:00+09:00,580.0,580.0,580.0,580.0,0,0.0,0.0
2024-02-27 12:00:00+09:00,578.0,578.0,578.0,578.0,1100,0.0,0.0
2024-02-27 13:00:00+09:00,580.0,580.0,579.0,579.0,300,0.0,0.0
2024-02-28 09:00:00+09:00,579.0,579.0,579.0,579.0,600,0.0,0.0
2024-02-28 11:00:00+09:00,580.0,580.0,580.0,580.0,0,0.0,0.0
2024-02-28 12:00:00+09:00,578.0,580.0,578.0,579.0,2100,0.0,0.0
2024-02-28 13:00:00+09:00,580.0,582.0,580.0,582.0,500,0.0,0.0
2024-02-28 14:00:00+09:00,581.0,582.0,581.0,582.0,200,0.0,0.0
2024-02-29 09:00:00+09:00,585.0,585.0,580.0,583.0,2900,0.0,0.0
2024-02-29 10:00:00+09:00,581.0,582.0,581.0,582.0,600,0.0,0.0
2024-02-29 11:00:00+09:00,582.0,582.0,582.0,582.0,0,0.0,0.0
2024-02-29 12:00:00+09:00,582.0,583.0,580.0,583.0,6000,0.0,0.0
2024-02-29 13:00:00+09:00,582.0,583.0,582.0,583.0,200,0.0,0.0
2024-02-29 14:00:00+09:00,584.0,585.0,584.0,585.0,800,0.0,0.0
2024-03-01 09:00:00+09:00,588.0,588.0,586.0,588.0,900,0.0,0.0
2024-03-01 10:00:00+09:00,583.0,587.0,581.0,587.0,1000,0.0,0.0
2024-03-01 11:00:00+09:00,587.0,587.0,587.0,587.0,0,0.0,0.0
2024-03-01 12:00:00+09:00,586.0,587.0,580.0,587.0,4500,0.0,0.0
2024-03-01 13:00:00+09:00,585.0,587.0,581.0,587.0,2800,0.0,0.0
2024-03-01 14:00:00+09:00,588.0,588.0,588.0,588.0,100,0.0,0.0
2024-03-04 09:00:00+09:00,590.0,590.0,588.0,588.0,700,0.0,0.0
2024-03-04 11:00:00+09:00,589.0,590.0,589.0,590.0,0,0.0,0.0
2024-03-04 12:00:00+09:00,590.0,590.0,590.0,590.0,1300,0.0,0.0
2024-03-04 13:00:00+09:00,589.0,589.0,589.0,589.0,100,0.0,0.0
2024-03-04 14:00:00+09:00,590.0,590.0,587.0,590.0,300,0.0,0.0
2024-03-05 09:00:00+09:00,584.0,588.0,583.0,587.0,3300,0.0,0.0
2024-03-05 10:00:00+09:00,585.0,586.0,583.0,585.0,500,0.0,0.0
2024-03-05 11:00:00+09:00,586.0,586.0,586.0,586.0,0,0.0,0.0
2024-03-05 12:00:00+09:00,587.0,587.0,587.0,587.0,4000,0.0,0.0
2024-03-05 14:00:00+09:00,587.0,589.0,586.0,589.0,900,0.0,0.0
2024-03-06 09:00:00+09:00,589.0,589.0,587.0,588.0,700,0.0,0.0
2024-03-06 10:00:00+09:00,589.0,590.0,587.0,590.0,800,0.0,0.0
2024-03-06 11:00:00+09:00,590.0,590.0,590.0,590.0,0,0.0,0.0
2024-03-06 12:00:00+09:00,587.0,590.0,587.0,590.0,3700,0.0,0.0
2024-03-06 13:00:00+09:00,590.0,590.0,590.0,590.0,100,0.0,0.0
2024-03-06 14:00:00+09:00,590.0,595.0,590.0,592.0,2200,0.0,0.0
2024-03-07 09:00:00+09:00,588.0,592.0,588.0,589.0,2000,0.0,0.0
2024-03-07 10:00:00+09:00,590.0,590.0,590.0,590.0,100,0.0,0.0
2024-03-07 11:00:00+09:00,589.0,589.0,589.0,589.0,0,0.0,0.0
2024-03-07 12:00:00+09:00,589.0,592.0,589.0,592.0,4100,0.0,0.0
2024-03-07 14:00:00+09:00,591.0,591.0,589.0,589.0,400,0.0,0.0
2024-03-08 09:00:00+09:00,592.0,592.0,589.0,590.0,400,0.0,0.0
2024-03-08 10:00:00+09:00,590.0,590.0,590.0,590.0,100,0.0,0.0
2024-03-08 11:00:00+09:00,590.0,590.0,590.0,590.0,0,0.0,0.0
2024-03-08 12:00:00+09:00,590.0,591.0,588.0,589.0,2400,0.0,0.0
2024-03-08 13:00:00+09:00,590.0,591.0,590.0,591.0,200,0.0,0.0
2024-03-08 14:00:00+09:00,591.0,591.0,590.0,590.0,400,0.0,0.0
2024-03-11 09:00:00+09:00,590.0,594.0,590.0,593.0,300,0.0,0.0
2024-03-11 10:00:00+09:00,593.0,593.0,593.0,593.0,100,0.0,0.0
2024-03-11 11:00:00+09:00,591.0,591.0,591.0,591.0,0,0.0,0.0
2024-03-11 12:00:00+09:00,590.0,591.0,590.0,591.0,2200,0.0,0.0
2024-03-11 13:00:00+09:00,591.0,592.0,590.0,590.0,0,0.0,0.0
2024-03-11 14:00:00+09:00,592.0,596.0,591.0,596.0,3700,0.0,0.0
2024-03-12 09:00:00+09:00,593.0,596.0,593.0,596.0,3400,0.0,0.0
2024-03-12 10:00:00+09:00,593.0,594.0,593.0,594.0,400,0.0,0.0
2024-03-12 11:00:00+09:00,594.0,594.0,594.0,594.0,0,0.0,0.0
2024-03-12 12:00:00+09:00,593.0,594.0,591.0,594.0,7400,0.0,0.0
2024-03-12 13:00:00+09:00,594.0,594.0,593.0,593.0,200,0.0,0.0
2024-03-12 14:00:00+09:00,594.0,594.0,594.0,594.0,100,0.0,0.0
2024-03-13 09:00:00+09:00,591.0,591.0,588.0,590.0,4500,0.0,0.0
2024-03-13 11:00:00+09:00,590.0,590.0,588.0,588.0,0,0.0,0.0
2024-03-13 12:00:00+09:00,582.0,586.0,582.0,586.0,102800,0.0,0.0
2024-03-13 13:00:00+09:00,584.0,585.0,583.0,584.0,600,0.0,0.0
2024-03-13 14:00:00+09:00,583.0,587.0,582.0,585.0,1600,0.0,0.0
2024-03-14 09:00:00+09:00,589.0,589.0,589.0,589.0,100,0.0,0.0
2024-03-14 10:00:00+09:00,587.0,587.0,587.0,587.0,100,0.0,0.0
2024-03-14 11:00:00+09:00,589.0,589.0,589.0,589.0,0,0.0,0.0
2024-03-14 12:00:00+09:00,589.0,589.0,588.0,589.0,1200,0.0,0.0
2024-03-14 14:00:00+09:00,588.0,591.0,588.0,591.0,300,0.0,0.0
2024-03-15 09:00:00+09:00,592.0,592.0,591.0,591.0,500,0.0,0.0
2024-03-15 10:00:00+09:00,591.0,591.0,591.0,591.0,100,0.0,0.0
2024-03-15 11:00:00+09:00,591.0,591.0,591.0,591.0,0,0.0,0.0
2024-03-15 12:00:00+09:00,591.0,591.0,591.0,591.0,700,0.0,0.0
2024-03-15 13:00:00+09:00,591.0,591.0,590.0,590.0,300,0.0,0.0
2024-03-15 14:00:00+09:00,591.0,591.0,591.0,591.0,300,0.0,0.0
2024-03-18 09:00:00+09:00,593.0,593.0,593.0,593.0,800,0.0,0.0
2024-03-18 10:00:00+09:00,593.0,593.0,591.0,593.0,500,0.0,0.0
2024-03-18 11:00:00+09:00,593.0,593.0,593.0,593.0,0,0.0,0.0
2024-03-18 12:00:00+09:00,593.0,593.0,593.0,593.0,1600,0.0,0.0
2024-03-18 13:00:00+09:00,593.0,594.0,593.0,594.0,400,0.0,0.0
2024-03-18 14:00:00+09:00,594.0,594.0,593.0,594.0,400,0.0,0.0
2024-03-19 09:00:00+09:00,593.0,594.0,593.0,594.0,700,0.0,0.0
2024-03-19 11:00:00+09:00,594.0,594.0,594.0,594.0,0,0.0,0.0
2024-03-19 12:00:00+09:00,593.0,593.0,592.0,593.0,2000,0.0,0.0
2024-03-19 13:00:00+09:00,594.0,594.0,594.0,594.0,200,0.0,0.0
2024-03-21 09:00:00+09:00,594.0,595.0,590.0,593.0,3100,0.0,0.0
2024-03-21 10:00:00+09:00,593.0,593.0,593.0,593.0,200,0.0,0.0
2024-03-21 11:00:00+09:00,593.0,593.0,593.0,593.0,0,0.0,0.0
2024-03-21 12:00:00+09:00,593.0,593.0,593.0,593.0,3800,0.0,0.0
2024-03-21 13:00:00+09:00,593.0,595.0,593.0,595.0,1200,0.0,0.0
2024-03-21 14:00:00+09:00,595.0,597.0,595.0,597.0,200,0.0,0.0
2024-03-22 09:00:00+09:00,597.0,597.0,594.0,595.0,1500,0.0,0.0
2024-03-22 11:00:00+09:00,596.0,596.0,596.0,596.0,0,0.0,0.0
2024-03-22 12:00:00+09:00,596.0,597.0,596.0,597.0,2200,0.0,0.0
2024-03-22 13:00:00+09:00,596.0,597.0,596.0,597.0,0,0.0,0.0
2024-03-22 14:00:00+09:00,597.0,599.0,597.0,599.0,3600,0.0,0.0
2024-03-25 09:00:00+09:00,600.0,603.0,600.0,603.0,4500,0.0,0.0
2024-03-25 10:00:00+09:00,603.0,603.0,600.0,600.0,1000,0.0,0.0
2024-03-25 11:00:00+09:00,603.0,605.0,603.0,605.0,0,0.0,0.0
2024-03-25 12:00:00+09:00,605.0,605.0,601.0,601.0,6600,0.0,0.0
2024-03-25 13:00:00+09:00,602.0,604.0,601.0,604.0,800,0.0,0.0
2024-03-25 14:00:00+09:00,604.0,607.0,604.0,607.0,1200,0.0,0.0
2024-03-26 09:00:00+09:00,609.0,609.0,605.0,605.0,1500,0.0,0.0
2024-03-26 10:00:00+09:00,606.0,606.0,605.0,606.0,1700,0.0,0.0
2024-03-26 11:00:00+09:00,606.0,606.0,606.0,606.0,0,0.0,0.0
2024-03-26 12:00:00+09:00,607.0,607.0,607.0,607.0,3900,0.0,0.0
2024-03-26 13:00:00+09:00,606.0,609.0,606.0,607.0,1400,0.0,0.0
2024-03-26 14:00:00+09:00,606.0,609.0,606.0,609.0,900,0.0,0.0
2024-03-27 09:00:00+09:00,610.0,610.0,609.0,610.0,1400,0.0,0.0
2024-03-27 10:00:00+09:00,610.0,611.0,610.0,611.0,1300,0.0,0.0
2024-03-27 11:00:00+09:00,611.0,611.0,611.0,611.0,0,0.0,0.0
2024-03-27 12:00:00+09:00,613.0,615.0,613.0,613.0,3600,0.0,0.0
2024-03-27 13:00:00+09:00,615.0,619.0,615.0,619.0,600,0.0,0.0
2024-03-27 14:00:00+09:00,618.0,619.0,609.0,618.0,1700,0.0,0.0
2024-03-28 09:00:00+09:00,598.0,605.0,595.0,595.0,3200,0.0,0.0
2024-03-28 10:00:00+09:00,596.0,605.0,596.0,602.0,1000,0.0,0.0
2024-03-28 11:00:00+09:00,602.0,602.0,602.0,602.0,0,0.0,0.0
2024-03-28 12:00:00+09:00,601.0,603.0,600.0,600.0,4700,0.0,0.0
2024-03-28 13:00:00+09:00,601.0,603.0,600.0,603.0,600,0.0,0.0
2024-03-28 14:00:00+09:00,599.0,607.0,597.0,607.0,1800,0.0,0.0
2024-03-29 09:00:00+09:00,613.0,613.0,607.0,612.0,1700,0.0,0.0
2024-03-29 11:00:00+09:00,612.0,612.0,612.0,612.0,0,0.0,0.0
2024-03-29 12:00:00+09:00,612.0,612.0,604.0,607.0,2200,0.0,0.0
2024-03-29 13:00:00+09:00,609.0,610.0,603.0,610.0,800,0.0,0.0
2024-03-29 14:00:00+09:00,605.0,609.0,605.0,609.0,200,0.0,0.0
2024-04-01 09:00:00+09:00,609.0,609.0,608.0,608.0,200,0.0,0.0
2024-04-01 10:00:00+09:00,607.0,607.0,604.0,604.0,500,0.0,0.0
2024-04-01 11:00:00+09:00,604.0,604.0,604.0,604.0,0,0.0,0.0
2024-04-01 12:00:00+09:00,604.0,604.0,600.0,604.0,2300,0.0,0.0
2024-04-01 14:00:00+09:00,603.0,604.0,603.0,604.0,300,0.0,0.0
2024-04-02 09:00:00+09:00,602.0,605.0,602.0,604.0,0,0.0,0.0
2024-04-02 11:00:00+09:00,604.0,604.0,604.0,604.0,0,0.0,0.0
2024-04-02 12:00:00+09:00,601.0,604.0,601.0,603.0,4600,0.0,0.0
2024-04-02 14:00:00+09:00,603.0,603.0,603.0,603.0,100,0.0,0.0
2024-04-03 09:00:00+09:00,598.0,598.0,596.0,598.0,2300,0.0,0.0
2024-04-03 10:00:00+09:00,599.0,599.0,597.0,599.0,1000,0.0,0.0
2024-04-03 11:00:00+09:00,596.0,596.0,596.0,596.0,0,0.0,0.0
2024-04-03 12:00:00+09:00,596.0,599.0,596.0,599.0,5900,0.0,0.0
2024-04-03 13:00:00+09:00,598.0,599.0,598.0,599.0,300,0.0,0.0
2024-04-03 14:00:00+09:00,599.0,599.0,599.0,599.0,200,0.0,0.0
2024-04-04 09:00:00+09:00,595.0,598.0,590.0,598.0,5600,0.0,0.0
2024-04-04 10:00:00+09:00,598.0,600.0,598.0,599.0,700,0.0,0.0
2024-04-04 11:00:00+09:00,599.0,601.0,599.0,599.0,0,0.0,0.0
2024-04-04 12:00:00+09:00,598.0,600.0,598.0,600.0,9200,0.0,0.0
2024-04-04 13:00:00+09:00,599.0,601.0,599.0,601.0,1000,0.0,0.0
2024-04-04 14:00:00+09:00,599.0,600.0,599.0,600.0,900,0.0,0.0
2024-04-05 09:00:00+09:00,595.0,595.0,587.0,587.0,1800,0.0,0.0
2024-04-05 10:00:00+09:00,593.0,593.0,593.0,593.0,200,0.0,0.0
2024-04-05 11:00:00+09:00,594.0,594.0,587.0,592.0,0,0.0,0.0
2024-04-05 12:00:00+09:00,592.0,592.0,589.0,589.0,3100,0.0,0.0
2024-04-05 13:00:00+09:00,590.0,591.0,589.0,589.0,700,0.0,0.0
2024-04-05 14:00:00+09:00,589.0,594.0,576.0,586.0,5500,0.0,0.0
2024-04-08 09:00:00+09:00,590.0,590.0,590.0,590.0,300,0.0,0.0
2024-04-08 10:00:00+09:00,590.0,590.0,590.0,590.0,200,0.0,0.0
2024-04-08 11:00:00+09:00,590.0,590.0,590.0,590.0,0,0.0,0.0
2024-04-08 12:00:00+09:00,590.0,591.0,590.0,591.0,1600,0.0,0.0
2024-04-08 14:00:00+09:00,593.0,593.0,591.0,591.0,200,0.0,0.0
2024-04-09 09:00:00+09:00,591.0,591.0,591.0,591.0,400,0.0,0.0
2024-04-09 10:00:00+09:00,590.0,590.0,590.0,590.0,100,0.0,0.0
2024-04-09 11:00:00+09:00,590.0,590.0,590.0,590.0,0,0.0,0.0
2024-04-09 12:00:00+09:00,590.0,590.0,590.0,590.0,700,0.0,0.0
2024-04-09 13:00:00+09:00,590.0,591.0,589.0,591.0,600,0.0,0.0
2024-04-09 14:00:00+09:00,591.0,591.0,590.0,591.0,600,0.0,0.0
2024-04-10 09:00:00+09:00,591.0,591.0,587.0,591.0,800,0.0,0.0
2024-04-10 10:00:00+09:00,590.0,590.0,590.0,590.0,200,0.0,0.0
2024-04-10 11:00:00+09:00,590.0,590.0,590.0,590.0,0,0.0,0.0
2024-04-10 12:00:00+09:00,590.0,590.0,590.0,590.0,1200,0.0,0.0
2024-04-10 13:00:00+09:00,589.0,590.0,586.0,590.0,1200,0.0,0.0
2024-04-10 14:00:00+09:00,590.0,590.0,590.0,590.0,200,0.0,0.0
2024-04-11 09:00:00+09:00,589.0,589.0,585.0,588.0,3100,0.0,0.0
2024-04-11 10:00:00+09:00,589.0,589.0,589.0,589.0,300,0.0,0.0
2024-04-11 11:00:00+09:00,589.0,589.0,589.0,589.0,0,0.0,0.0
2024-04-11 12:00:00+09:00,589.0,589.0,585.0,589.0,4900,0.0,0.0
2024-04-11 14:00:00+09:00,588.0,589.0,588.0,589.0,300,0.0,0.0
2024-04-12 09:00:00+09:00,587.0,590.0,587.0,589.0,1000,0.0,0.0
2024-04-12 10:00:00+09:00,588.0,588.0,586.0,588.0,1100,0.0,0.0
2024-04-12 11:00:00+09:00,588.0,588.0,588.0,588.0,0,0.0,0.0
2024-04-12 14:00:00+09:00,588.0,589.0,588.0,589.0,2300,0.0,0.0
2024-04-15 09:00:00+09:00,588.0,588.0,588.0,588.0,200,0.0,0.0
2024-04-15 10:00:00+09:00,588.0,588.0,588.0,588.0,400,0.0,0.0
2024-04-15 11:00:00+09:00,588.0,588.0,588.0,588.0,0,0.0,0.0
2024-04-15 12:00:00+09:00,587.0,587.0,587.0,587.0,900,0.0,0.0
2024-04-15 13:00:00+09:00,588.0,589.0,587.0,587.0,1500,0.0,0.0
2024-04-15 14:00:00+09:00,587.0,588.0,586.0,586.0,1900,0.0,0.0
2024-04-16 09:00:00+09:00,585.0,585.0,585.0,585.0,300,0.0,0.0
2024-04-16 10:00:00+09:00,585.0,588.0,585.0,586.0,2400,0.0,0.0
2024-04-16 11:00:00+09:00,587.0,589.0,585.0,586.0,0,0.0,0.0
2024-04-16 12:00:00+09:00,586.0,588.0,586.0,588.0,3600,0.0,0.0
2024-04-16 13:00:00+09:00,588.0,589.0,588.0,588.0,400,0.0,0.0
2024-04-16 14:00:00+09:00,587.0,590.0,584.0,585.0,3500,0.0,0.0
2024-04-17 09:00:00+09:00,589.0,589.0,587.0,588.0,800,0.0,0.0
2024-04-17 10:00:00+09:00,588.0,588.0,586.0,586.0,400,0.0,0.0
2024-04-17 11:00:00+09:00,586.0,586.0,585.0,585.0,0,0.0,0.0
2024-04-17 12:00:00+09:00,587.0,587.0,587.0,587.0,1600,0.0,0.0
2024-04-17 13:00:00+09:00,587.0,587.0,587.0,587.0,100,0.0,0.0
2024-04-17 14:00:00+09:00,588.0,588.0,588.0,588.0,100,0.0,0.0
2024-04-18 09:00:00+09:00,589.0,589.0,589.0,589.0,200,0.0,0.0
2024-04-18 10:00:00+09:00,589.0,590.0,589.0,590.0,400,0.0,0.0
2024-04-18 11:00:00+09:00,590.0,592.0,589.0,590.0,0,0.0,0.0
2024-04-18 12:00:00+09:00,590.0,592.0,588.0,590.0,2100,0.0,0.0
2024-04-19 10:00:00+09:00,589.0,589.0,589.0,589.0,200,0.0,0.0
2024-04-19 11:00:00+09:00,589.0,589.0,589.0,589.0,0,0.0,0.0
2024-04-19 14:00:00+09:00,588.0,588.0,588.0,588.0,300,0.0,0.0
2024-04-22 09:00:00+09:00,591.0,598.0,591.0,598.0,500,0.0,0.0
2024-04-22 10:00:00+09:00,597.0,597.0,591.0,591.0,600,0.0,0.0
2024-04-22 11:00:00+09:00,594.0,594.0,590.0,590.0,0,0.0,0.0
2024-04-22 12:00:00+09:00,586.0,589.0,586.0,589.0,9400,0.0,0.0
2024-04-22 13:00:00+09:00,589.0,589.0,588.0,588.0,200,0.0,0.0
2024-04-22 14:00:00+09:00,589.0,589.0,587.0,587.0,300,0.0,0.0
2024-04-23 09:00:00+09:00,588.0,589.0,588.0,589.0,400,0.0,0.0
2024-04-23 10:00:00+09:00,588.0,589.0,588.0,589.0,300,0.0,0.0
2024-04-23 11:00:00+09:00,589.0,589.0,589.0,589.0,0,0.0,0.0
2024-04-23 12:00:00+09:00,588.0,589.0,587.0,589.0,1200,0.0,0.0
2024-04-23 14:00:00+09:00,588.0,589.0,587.0,589.0,400,0.0,0.0
2024-04-24 10:00:00+09:00,589.0,589.0,589.0,589.0,500,0.0,0.0
2024-04-24 11:00:00+09:00,589.0,589.0,589.0,589.0,0,0.0,0.0
2024-04-24 12:00:00+09:00,590.0,591.0,590.0,591.0,700,0.0,0.0
2024-04-25 09:00:00+09:00,588.0,591.0,588.0,591.0,700,0.0,0.0
2024-04-25 10:00:00+09:00,591.0,591.0,591.0,591.0,200,0.0,0.0
2024-04-25 11:00:00+09:00,591.0,591.0,591.0,591.0,0,0.0,0.0
2024-04-25 12:00:00+09:00,591.0,591.0,591.0,591.0,1000,0.0,0.0
2024-04-25 13:00:00+09:00,591.0,592.0,590.0,591.0,500,0.0,0.0
2024-04-26 09:00:00+09:00,593.0,593.0,593.0,593.0,600,0.0,0.0
2024-04-26 10:00:00+09:00,593.0,593.0,593.0,593.0,100,0.0,0.0
2024-04-26 11:00:00+09:00,593.0,593.0,593.0,593.0,0,0.0,0.0
2024-04-26 12:00:00+09:00,593.0,594.0,591.0,591.0,1000,0.0,0.0
2024-04-26 13:00:00+09:00,593.0,593.0,593.0,593.0,100,0.0,0.0
2024-04-26 14:00:00+09:00,590.0,594.0,590.0,594.0,0,0.0,0.0
2024-04-30 09:00:00+09:00,598.0,598.0,598.0,598.0,1200,0.0,0.0
2024-04-30 10:00:00+09:00,594.0,594.0,594.0,594.0,100,0.0,0.0
2024-04-30 11:00:00+09:00,597.0,597.0,597.0,597.0,0,0.0,0.0
2024-04-30 13:00:00+09:00,597.0,597.0,597.0,597.0,1500,0.0,0.0
2024-05-01 09:00:00+09:00,598.0,599.0,598.0,599.0,200,0.0,0.0
2024-05-01 10:00:00+09:00,599.0,601.0,595.0,601.0,500,0.0,0.0
2024-05-01 11:00:00+09:00,602.0,602.0,602.0,602.0,0,0.0,0.0
2024-05-01 12:00:00+09:00,598.0,598.0,597.0,597.0,1000,0.0,0.0
2024-05-01 13:00:00+09:00,598.0,599.0,595.0,599.0,600,0.0,0.0
2024-05-02 12:00:00+09:00,599.0,600.0,599.0,600.0,200,0.0,0.0
2024-05-02 13:00:00+09:00,600.0,600.0,600.0,600.0,100,0.0,0.0
2024-05-07 09:00:00+09:00,598.0,598.0,598.0,598.0,200,0.0,0.0
2024-05-07 11:00:00+09:00,595.0,597.0,595.0,597.0,0,0.0,0.0
2024-05-07 12:00:00+09:00,597.0,597.0,595.0,596.0,1300,0.0,0.0
2024-05-07 13:00:00+09:00,597.0,597.0,595.0,597.0,300,0.0,0.0
2024-05-07 14:00:00+09:00,597.0,597.0,597.0,597.0,100,0.0,0.0
2024-05-08 09:00:00+09:00,597.0,597.0,597.0,597.0,100,0.0,0.0
2024-05-08 10:00:00+09:00,597.0,597.0,597.0,597.0,100,0.0,0.0
2024-05-08 11:00:00+09:00,597.0,597.0,597.0,597.0,0,0.0,0.0
2024-05-09 09:00:00+09:00,595.0,596.0,595.0,596.0,200,0.0,0.0
2024-05-09 10:00:00+09:00,598.0,601.0,595.0,595.0,3900,0.0,0.0
2024-05-09 11:00:00+09:00,598.0,610.0,598.0,600.0,0,0.0,0.0
2024-05-09 12:00:00+09:00,650.0,675.0,624.0,626.0,40000,0.0,0.0
2024-05-09 13:00:00+09:00,632.0,648.0,628.0,628.0,10000,0.0,0.0
2024-05-09 14:00:00+09:00,628.0,631.0,621.0,626.0,10200,0.0,0.0
2024-05-10 09:00:00+09:00,636.0,636.0,618.0,626.0,5800,0.0,0.0
2024-05-10 10:00:00+09:00,621.0,626.0,617.0,626.0,1600,0.0,0.0
2024-05-10 11:00:00+09:00,621.0,621.0,621.0,621.0,0,0.0,0.0
2024-05-10 12:00:00+09:00,621.0,621.0,621.0,621.0,7800,0.0,0.0
2024-05-10 13:00:00+09:00,620.0,622.0,619.0,622.0,1800,0.0,0.0
2024-05-10 14:00:00+09:00,623.0,623.0,620.0,620.0,600,0.0,0.0
2024-05-13 09:00:00+09:00,621.0,621.0,621.0,621.0,800,0.0,0.0
2024-05-13 10:00:00+09:00,626.0,626.0,619.0,625.0,1400,0.0,0.0
2024-05-13 11:00:00+09:00,625.0,625.0,625.0,625.0,0,0.0,0.0
2024-05-13 12:00:00+09:00,623.0,625.0,623.0,623.0,3000,0.0,0.0
2024-05-13 13:00:00+09:00,624.0,625.0,619.0,620.0,3200,0.0,0.0
2024-05-13 14:00:00+09:00,618.0,620.0,616.0,617.0,2500,0.0,0.0
2024-05-14 09:00:00+09:00,615.0,615.0,612.0,614.0,1100,0.0,0.0
2024-05-14 10:00:00+09:00,617.0,617.0,617.0,617.0,100,0.0,0.0
2024-05-14 11:00:00+09:00,617.0,617.0,617.0,617.0,0,0.0,0.0
2024-05-14 12:00:00+09:00,612.0,617.0,612.0,617.0,2400,0.0,0.0
2024-05-14 14:00:00+09:00,616.0,616.0,612.0,615.0,1100,0.0,0.0
2024-05-15 09:00:00+09:00,619.0,619.0,613.0,615.0,400,0.0,0.0
2024-05-15 10:00:00+09:00,617.0,618.0,616.0,616.0,300,0.0,0.0
2024-05-15 11:00:00+09:00,616.0,616.0,616.0,616.0,0,0.0,0.0
2024-05-15 14:00:00+09:00,616.0,616.0,614.0,616.0,1600,0.0,0.0
2024-05-16 09:00:00+09:00,613.0,616.0,611.0,615.0,1400,0.0,0.0
2024-05-16 11:00:00+09:00,615.0,615.0,615.0,615.0,0,0.0,0.0
2024-05-16 12:00:00+09:00,610.0,610.0,610.0,610.0,1700,0.0,0.0
2024-05-16 13:00:00+09:00,615.0,615.0,615.0,615.0,100,0.0,0.0
2024-05-16 14:00:00+09:00,615.0,616.0,611.0,616.0,300,0.0,0.0
2024-05-17 09:00:00+09:00,615.0,615.0,615.0,615.0,100,0.0,0.0
2024-05-17 11:00:00+09:00,615.0,615.0,615.0,615.0,0,0.0,0.0
2024-05-17 12:00:00+09:00,613.0,613.0,613.0,613.0,300,0.0,0.0
2024-05-17 13:00:00+09:00,614.0,614.0,614.0,614.0,100,0.0,0.0
2024-05-17 14:00:00+09:00,614.0,614.0,610.0,613.0,1800,0.0,0.0
2024-05-20 09:00:00+09:00,616.0,619.0,616.0,619.0,600,0.0,0.0
2024-05-20 10:00:00+09:00,619.0,619.0,619.0,619.0,100,0.0,0.0
2024-05-20 11:00:00+09:00,617.0,617.0,617.0,617.0,0,0.0,0.0
2024-05-20 12:00:00+09:00,619.0,620.0,617.0,620.0,2400,0.0,0.0
2024-05-20 13:00:00+09:00,619.0,620.0,617.0,620.0,1800,0.0,0.0
2024-05-20 14:00:00+09:00,620.0,620.0,619.0,619.0,200,0.0,0.0
2024-05-21 09:00:00+09:00,620.0,623.0,620.0,623.0,800,0.0,0.0
2024-05-21 10:00:00+09:00,625.0,625.0,623.0,623.0,1100,0.0,0.0
2024-05-21 11:00:00+09:00,623.0,623.0,623.0,623.0,0,0.0,0.0
2024-05-21 12:00:00+09:00,621.0,622.0,621.0,622.0,2100,0.0,0.0
2024-05-21 14:00:00+09:00,623.0,624.0,621.0,624.0,400,0.0,0.0
2024-05-22 09:00:00+09:00,624.0,624.0,624.0,624.0,100,0.0,0.0
2024-05-22 11:00:00+09:00,624.0,624.0,624.0,624.0,0,0.0,0.0
2024-05-22 12:00:00+09:00,622.0,622.0,621.0,621.0,1400,0.0,0.0
2024-05-22 13:00:00+09:00,623.0,623.0,623.0,623.0,100,0.0,0.0
2024-05-22 14:00:00+09:00,622.0,623.0,622.0,623.0,200,0.0,0.0
2024-05-23 09:00:00+09:00,621.0,622.0,618.0,622.0,1000,0.0,0.0
2024-05-23 10:00:00+09:00,622.0,622.0,622.0,622.0,100,0.0,0.0
2024-05-23 11:00:00+09:00,622.0,622.0,622.0,622.0,0,0.0,0.0
2024-05-23 12:00:00+09:00,620.0,622.0,620.0,622.0,1400,0.0,0.0
2024-05-23 14:00:00+09:00,622.0,622.0,619.0,619.0,200,0.0,0.0
2024-05-24 09:00:00+09:00,615.0,618.0,615.0,618.0,1100,0.0,0.0
2024-05-24 10:00:00+09:00,619.0,619.0,613.0,619.0,1200,0.0,0.0
2024-05-24 11:00:00+09:00,619.0,619.0,619.0,619.0,0,0.0,0.0
2024-05-24 12:00:00+09:00,618.0,619.0,618.0,618.0,2600,0.0,0.0
2024-05-24 13:00:00+09:00,616.0,619.0,615.0,619.0,300,0.0,0.0
2024-05-24 14:00:00+09:00,617.0,618.0,616.0,616.0,300,0.0,0.0
2024-05-27 09:00:00+09:00,627.0,627.0,616.0,622.0,3000,0.0,0.0
2024-05-27 10:00:00+09:00,622.0,623.0,622.0,623.0,300,0.0,0.0
2024-05-27 11:00:00+09:00,623.0,623.0,623.0,623.0,0,0.0,0.0
2024-05-27 12:00:00+09:00,621.0,621.0,621.0,621.0,3400,0.0,0.0
2024-05-27 13:00:00+09:00,620.0,621.0,620.0,621.0,300,0.0,0.0
2024-05-27 14:00:00+09:00,619.0,619.0,619.0,619.0,100,0.0,0.0
2024-05-28 09:00:00+09:00,621.0,621.0,621.0,621.0,100,0.0,0.0
2024-05-28 10:00:00+09:00,621.0,622.0,621.0,622.0,300,0.0,0.0
2024-05-28 11:00:00+09:00,622.0,622.0,622.0,622.0,0,0.0,0.0
2024-05-28 12:00:00+09:00,620.0,620.0,620.0,620.0,500,0.0,0.0
2024-05-28 14:00:00+09:00,620.0,620.0,620.0,620.0,100,0.0,0.0
2024-05-29 09:00:00+09:00,619.0,619.0,619.0,619.0,100,0.0,0.0
2024-05-29 10:00:00+09:00,620.0,620.0,620.0,620.0,100,0.0,0.0
2024-05-29 11:00:00+09:00,620.0,620.0,620.0,620.0,0,0.0,0.0
2024-05-29 12:00:00+09:00,618.0,620.0,616.0,620.0,1600,0.0,0.0
2024-05-29 13:00:00+09:00,619.0,620.0,618.0,618.0,300,0.0,0.0
2024-05-29 14:00:00+09:00,618.0,619.0,616.0,616.0,400,0.0,0.0
2024-05-30 09:00:00+09:00,615.0,615.0,612.0,615.0,1400,0.0,0.0
2024-05-30 11:00:00+09:00,615.0,615.0,615.0,615.0,0,0.0,0.0
2024-05-30 12:00:00+09:00,615.0,615.0,615.0,615.0,1500,0.0,0.0
2024-05-30 14:00:00+09:00,615.0,615.0,614.0,614.0,200,0.0,0.0
2024-05-31 09:00:00+09:00,617.0,617.0,615.0,615.0,2100,0.0,0.0
2024-05-31 10:00:00+09:00,615.0,615.0,615.0,615.0,600,0.0,0.0
2024-05-31 11:00:00+09:00,616.0,616.0,616.0,616.0,0,0.0,0.0
2024-05-31 12:00:00+09:00,615.0,616.0,615.0,615.0,2900,0.0,0.0
2024-05-31 14:00:00+09:00,617.0,618.0,612.0,618.0,2100,0.0,0.0
2024-06-03 09:00:00+09:00,619.0,619.0,619.0,619.0,200,0.0,0.0
2024-06-03 11:00:00+09:00,619.0,619.0,619.0,619.0,0,0.0,0.0
2024-06-03 12:00:00+09:00,618.0,618.0,618.0,618.0,300,0.0,0.0
2024-06-03 13:00:00+09:00,620.0,620.0,620.0,620.0,100,0.0,0.0
2024-06-04 09:00:00+09:00,620.0,620.0,620.0,620.0,300,0.0,0.0
2024-06-04 10:00:00+09:00,621.0,621.0,621.0,621.0,200,0.0,0.0
2024-06-04 11:00:00+09:00,622.0,625.0,619.0,620.0,0,0.0,0.0
2024-06-04 12:00:00+09:00,619.0,619.0,619.0,619.0,2100,0.0,0.0
2024-06-04 14:00:00+09:00,621.0,621.0,620.0,620.0,300,0.0,0.0
2024-06-05 09:00:00+09:00,620.0,620.0,615.0,619.0,3200,0.0,0.0
2024-06-05 10:00:00+09:00,619.0,619.0,619.0,619.0,100,0.0,0.0
2024-06-05 11:00:00+09:00,616.0,618.0,616.0,618.0,0,0.0,0.0
2024-06-05 12:00:00+09:00,617.0,618.0,617.0,618.0,4100,0.0,0.0
2024-06-05 14:00:00+09:00,618.0,618.0,617.0,617.0,200,0.0,0.0
2024-06-06 09:00:00+09:00,618.0,619.0,614.0,619.0,1300,0.0,0.0
2024-06-06 10:00:00+09:00,619.0,619.0,619.0,619.0,100,0.0,0.0
2024-06-06 11:00:00+09:00,619.0,619.0,619.0,619.0,0,0.0,0.0
2024-06-06 12:00:00+09:00,615.0,619.0,610.0,619.0,5600,0.0,0.0
2024-06-06 13:00:00+09:00,619.0,619.0,619.0,619.0,300,0.0,0.0
2024-06-06 14:00:00+09:00,618.0,618.0,616.0,616.0,900,0.0,0.0
2024-06-07 09:00:00+09:00,617.0,618.0,617.0,618.0,300,0.0,0.0
2024-06-07 11:00:00+09:00,617.0,619.0,617.0,619.0,0,0.0,0.0
2024-06-07 12:00:00+09:00,618.0,618.0,618.0,618.0,1300,0.0,0.0
2024-06-07 14:00:00+09:00,615.0,618.0,615.0,618.0,200,0.0,0.0
2024-06-10 09:00:00+09:00,616.0,617.0,612.0,617.0,2100,0.0,0.0
2024-06-10 11:00:00+09:00,617.0,617.0,617.0,617.0,0,0.0,0.0
2024-06-10 12:00:00+09:00,615.0,615.0,615.0,615.0,2200,0.0,0.0
2024-06-10 13:00:00+09:00,616.0,616.0,616.0,616.0,200,0.0,0.0
2024-06-10 14:00:00+09:00,615.0,617.0,615.0,617.0,400,0.0,0.0
2024-06-11 09:00:00+09:00,617.0,618.0,617.0,618.0,500,0.0,0.0
2024-06-11 11:00:00+09:00,617.0,618.0,617.0,618.0,0,0.0,0.0
2024-06-11 12:00:00+09:00,616.0,616.0,616.0,616.0,800,0.0,0.0
2024-06-11 13:00:00+09:00,618.0,618.0,618.0,618.0,100,0.0,0.0
2024-06-11 14:00:00+09:00,616.0,616.0,616.0,616.0,100,0.0,0.0
2024-06-12 09:00:00+09:00,612.0,615.0,612.0,615.0,2500,0.0,0.0
2024-06-12 10:00:00+09:00,615.0,615.0,615.0,615.0,0,0.0,0.0
2024-06-12 11:00:00+09:00,616.0,616.0,616.0,616.0,0,0.0,0.0
2024-06-12 12:00:00+09:00,614.0,614.0,614.0,614.0,3100,0.0,0.0
2024-06-12 13:00:00+09:00,614.0,614.0,614.0,614.0,100,0.0,0.0
2024-06-12 14:00:00+09:00,615.0,615.0,614.0,614.0,200,0.0,0.0
2024-06-13 09:00:00+09:00,614.0,615.0,614.0,615.0,300,0.0,0.0
2024-06-13 11:00:00+09:00,615.0,615.0,615.0,615.0,0,0.0,0.0
2024-06-13 12:00:00+09:00,614.0,614.0,614.0,614.0,400,0.0,0.0
2024-06-13 14:00:00+09:00,616.0,617.0,615.0,615.0,300,0.0,0.0
2024-06-14 09:00:00+09:00,613.0,614.0,613.0,614.0,1000,0.0,0.0
2024-06-14 10:00:00+09:00,616.0,616.0,616.0,616.0,200,0.0,0.0
2024-06-14 11:00:00+09:00,616.0,616.0,616.0,616.0,0,0.0,0.0
2024-06-14 12:00:00+09:00,616.0,616.0,616.0,616.0,1400,0.0,0.0
2024-06-14 13:00:00+09:00,616.0,618.0,616.0,618.0,1400,0.0,0.0
2024-06-14 14:00:00+09:00,618.0,620.0,616.0,616.0,1500,0.0,0.0
2024-06-17 09:00:00+09:00,622.0,622.0,612.0,617.0,3800,0.0,0.0
2024-06-17 10:00:00+09:00,617.0,617.0,614.0,614.0,700,0.0,0.0
2024-06-17 11:00:00+09:00,614.0,614.0,614.0,614.0,0,0.0,0.0
2024-06-17 12:00:00+09:00,618.0,618.0,618.0,618.0,4800,0.0,0.0
2024-06-17 14:00:00+09:00,620.0,620.0,615.0,615.0,300,0.0,0.0
2024-06-18 09:00:00+09:00,615.0,615.0,615.0,615.0,100,0.0,0.0
2024-06-18 10:00:00+09:00,617.0,617.0,617.0,617.0,200,0.0,0.0
2024-06-18 11:00:00+09:00,617.0,617.0,617.0,617.0,0,0.0,0.0
2024-06-18 12:00:00+09:00,616.0,618.0,616.0,618.0,700,0.0,0.0
2024-06-18 14:00:00+09:00,620.0,620.0,618.0,618.0,200,0.0,0.0
2024-06-19 09:00:00+09:00,617.0,617.0,617.0,617.0,100,0.0,0.0
2024-06-19 11:00:00+09:00,620.0,620.0,620.0,620.0,0,0.0,0.0
2024-06-19 12:00:00+09:00,617.0,617.0,617.0,617.0,400,0.0,0.0
2024-06-19 13:00:00+09:00,619.0,619.0,619.0,619.0,100,0.0,0.0
2024-06-19 14:00:00+09:00,617.0,617.0,611.0,617.0,4700,0.0,0.0
2024-06-20 09:00:00+09:00,615.0,615.0,615.0,615.0,200,0.0,0.0
2024-06-20 11:00:00+09:00,615.0,615.0,615.0,615.0,0,0.0,0.0
2024-06-20 12:00:00+09:00,615.0,617.0,615.0,617.0,400,0.0,0.0
2024-06-20 13:00:00+09:00,618.0,618.0,618.0,618.0,200,0.0,0.0
2024-06-20 14:00:00+09:00,615.0,615.0,614.0,615.0,700,0.0,0.0
2024-06-21 09:00:00+09:00,614.0,616.0,614.0,616.0,300,0.0,0.0
2024-06-21 11:00:00+09:00,616.0,616.0,616.0,616.0,0,0.0,0.0
2024-06-21 12:00:00+09:00,614.0,615.0,610.0,615.0,4300,0.0,0.0
2024-06-21 13:00:00+09:00,614.0,616.0,614.0,616.0,400,0.0,0.0
2024-06-21 14:00:00+09:00,615.0,618.0,615.0,616.0,400,0.0,0.0
2024-06-24 09:00:00+09:00,620.0,622.0,620.0,622.0,400,0.0,0.0
2024-06-24 10:00:00+09:00,619.0,619.0,619.0,619.0,100,0.0,0.0
2024-06-24 11:00:00+09:00,620.0,621.0,620.0,621.0,0,0.0,0.0
2024-06-24 12:00:00+09:00,617.0,617.0,616.0,616.0,1000,0.0,0.0
2024-06-24 13:00:00+09:00,616.0,618.0,610.0,618.0,5000,0.0,0.0
2024-06-24 14:00:00+09:00,616.0,618.0,616.0,616.0,700,0.0,0.0
2024-06-25 09:00:00+09:00,616.0,616.0,615.0,615.0,300,0.0,0.0
2024-06-25 10:00:00+09:00,615.0,616.0,615.0,616.0,300,0.0,0.0
2024-06-25 11:00:00+09:00,616.0,616.0,616.0,616.0,0,0.0,0.0
2024-06-25 12:00:00+09:00,616.0,616.0,616.0,616.0,900,0.0,0.0
2024-06-25 13:00:00+09:00,616.0,616.0,616.0,616.0,100,0.0,0.0
2024-06-25 14:00:00+09:00,616.0,616.0,615.0,615.0,200,0.0,0.0
2024-06-26 09:00:00+09:00,614.0,615.0,608.0,615.0,6000,0.0,0.0
2024-06-26 11:00:00+09:00,614.0,614.0,614.0,614.0,0,0.0,0.0
2024-06-26 12:00:00+09:00,613.0,615.0,613.0,615.0,6600,0.0,0.0
2024-06-26 14:00:00+09:00,615.0,615.0,614.0,614.0,300,0.0,0.0
2024-06-27 09:00:00+09:00,615.0,620.0,614.0,619.0,1600,0.0,0.0
2024-06-27 10:00:00+09:00,615.0,615.0,606.0,615.0,7100,0.0,0.0
2024-06-27 11:00:00+09:00,615.0,615.0,615.0,615.0,0,0.0,0.0
2024-06-27 12:00:00+09:00,615.0,619.0,615.0,619.0,9800,0.0,0.0
2024-06-27 13:00:00+09:00,617.0,617.0,616.0,617.0,600,0.0,0.0
2024-06-27 14:00:00+09:00,616.0,616.0,616.0,616.0,100,0.0,0.0
2024-06-28 09:00:00+09:00,618.0,618.0,616.0,616.0,1200,0.0,0.0
2024-06-28 10:00:00+09:00,615.0,618.0,615.0,618.0,300,0.0,0.0
2024-06-28 11:00:00+09:00,618.0,618.0,618.0,618.0,0,0.0,0.0
2024-06-28 12:00:00+09:00,616.0,619.0,616.0,619.0,2000,0.0,0.0
2024-06-28 13:00:00+09:00,615.0,617.0,607.0,616.0,7500,0.0,0.0
2024-06-28 14:00:00+09:00,617.0,619.0,615.0,619.0,800,0.0,0.0
2024-07-01 09:00:00+09:00,616.0,616.0,615.0,615.0,600,0.0,0.0
2024-07-01 10:00:00+09:00,615.0,616.0,615.0,616.0,200,0.0,0.0
2024-07-01 11:00:00+09:00,616.0,617.0,615.0,617.0,0,0.0,0.0
2024-07-01 12:00:00+09:00,610.0,619.0,610.0,619.0,5000,0.0,0.0
2024-07-01 13:00:00+09:00,618.0,619.0,618.0,618.0,500,0.0,0.0
2024-07-01 14:00:00+09:00,617.0,618.0,617.0,618.0,500,0.0,0.0
2024-07-02 09:00:00+09:00,618.0,618.0,618.0,618.0,200,0.0,0.0
2024-07-02 10:00:00+09:00,616.0,617.0,616.0,617.0,200,0.0,0.0
2024-07-02 11:00:00+09:00,618.0,618.0,618.0,618.0,0,0.0,0.0
2024-07-02 12:00:00+09:00,616.0,619.0,616.0,619.0,900,0.0,0.0
2024-07-02 13:00:00+09:00,620.0,620.0,620.0,620.0,100,0.0,0.0
2024-07-02 14:00:00+09:00,620.0,623.0,620.0,620.0,500,0.0,0.0
2024-07-03 09:00:00+09:00,623.0,624.0,623.0,624.0,400,0.0,0.0
2024-07-03 10:00:00+09:00,624.0,624.0,624.0,624.0,100,0.0,0.0
2024-07-03 11:00:00+09:00,624.0,624.0,621.0,621.0,0,0.0,0.0
2024-07-03 12:00:00+09:00,621.0,631.0,621.0,631.0,1600,0.0,0.0
2024-07-03 13:00:00+09:00,625.0,626.0,620.0,626.0,1500,0.0,0.0
2024-07-03 14:00:00+09:00,626.0,627.0,622.0,622.0,1600,0.0,0.0
2024-07-04 09:00:00+09:00,627.0,627.0,620.0,627.0,2600,0.0,0.0
2024-07-04 10:00:00+09:00,625.0,627.0,625.0,627.0,400,0.0,0.0
2024-07-04 11:00:00+09:00,627.0,627.0,627.0,627.0,0,0.0,0.0
2024-07-04 12:00:00+09:00,627.0,627.0,627.0,627.0,3100,0.0,0.0
2024-07-04 13:00:00+09:00,627.0,627.0,627.0,627.0,100,0.0,0.0
2024-07-04 14:00:00+09:00,626.0,627.0,626.0,627.0,900,0.0,0.0
2024-07-05 09:00:00+09:00,623.0,626.0,623.0,626.0,200,0.0,0.0
2024-07-05 10:00:00+09:00,625.0,628.0,625.0,628.0,1800,0.0,0.0
2024-07-05 11:00:00+09:00,628.0,633.0,628.0,633.0,0,0.0,0.0
2024-07-05 12:00:00+09:00,629.0,629.0,629.0,629.0,2400,0.0,0.0
2024-07-05 13:00:00+09:00,632.0,632.0,632.0,632.0,100,0.0,0.0
2024-07-05 14:00:00+09:00,632.0,632.0,632.0,632.0,500,0.0,0.0
2024-07-08 09:00:00+09:00,637.0,637.0,630.0,634.0,6100,0.0,0.0
2024-07-08 10:00:00+09:00,630.0,635.0,630.0,635.0,500,0.0,0.0
2024-07-08 11:00:00+09:00,634.0,634.0,634.0,634.0,0,0.0,0.0
2024-07-08 14:00:00+09:00,630.0,633.0,630.0,632.0,7500,0.0,0.0
2024-07-09 09:00:00+09:00,636.0,636.0,632.0,632.0,300,0.0,0.0
2024-07-09 11:00:00+09:00,632.0,632.0,632.0,632.0,0,0.0,0.0
2024-07-09 12:00:00+09:00,636.0,636.0,636.0,636.0,400,0.0,0.0
2024-07-09 13:00:00+09:00,634.0,638.0,634.0,638.0,500,0.0,0.0
2024-07-09 14:00:00+09:00,637.0,639.0,637.0,639.0,600,0.0,0.0
2024-07-10 09:00:00+09:00,634.0,635.0,634.0,635.0,900,0.0,0.0
2024-07-10 10:00:00+09:00,637.0,638.0,637.0,637.0,300,0.0,0.0
2024-07-10 11:00:00+09:00,637.0,637.0,637.0,637.0,0,0.0,0.0
2024-07-10 12:00:00+09:00,640.0,640.0,640.0,640.0,1300,0.0,0.0
2024-07-10 13:00:00+09:00,637.0,640.0,637.0,640.0,500,0.0,0.0
2024-07-10 14:00:00+09:00,642.0,642.0,642.0,642.0,100,0.0,0.0
2024-07-11 09:00:00+09:00,644.0,644.0,643.0,644.0,700,0.0,0.0
2024-07-11 10:00:00+09:00,645.0,645.0,645.0,645.0,100,0.0,0.0
2024-07-11 11:00:00+09:00,645.0,645.0,645.0,645.0,0,0.0,0.0
2024-07-11 12:00:00+09:00,645.0,645.0,645.0,645.0,1600,0.0,0.0
2024-07-11 13:00:00+09:00,643.0,645.0,625.0,645.0,10000,0.0,0.0
2024-07-12 09:00:00+09:00,641.0,641.0,641.0,641.0,100,0.0,0.0
2024-07-12 10:00:00+09:00,637.0,637.0,634.0,634.0,300,0.0,0.0
2024-07-12 11:00:00+09:00,637.0,637.0,637.0,637.0,0,0.0,0.0
2024-07-12 12:00:00+09:00,636.0,637.0,634.0,637.0,1300,0.0,0.0
2024-07-12 13:00:00+09:00,636.0,638.0,634.0,638.0,300,0.0,0.0
2024-07-16 09:00:00+09:00,636.0,636.0,636.0,636.0,900,0.0,0.0
2024-07-16 10:00:00+09:00,639.0,639.0,639.0,639.0,100,0.0,0.0
2024-07-16 11:00:00+09:00,639.0,639.0,639.0,639.0,0,0.0,0.0
2024-07-16 14:00:00+09:00,639.0,639.0,639.0,639.0,1300,0.0,0.0
2024-07-17 09:00:00+09:00,629.0,630.0,620.0,625.0,7000,0.0,0.0
2024-07-17 10:00:00+09:00,626.0,627.0,624.0,627.0,700,0.0,0.0
2024-07-17 11:00:00+09:00,624.0,624.0,624.0,624.0,0,0.0,0.0
2024-07-17 12:00:00+09:00,624.0,628.0,620.0,626.0,11900,0.0,0.0
2024-07-17 13:00:00+09:00,626.0,626.0,618.0,618.0,2100,0.0,0.0
2024-07-17 14:00:00+09:00,621.0,622.0,620.0,620.0,700,0.0,0.0
2024-07-18 09:00:00+09:00,620.0,620.0,616.0,619.0,1700,0.0,0.0
2024-07-18 10:00:00+09:00,618.0,621.0,615.0,621.0,700,0.0,0.0
2024-07-18 11:00:00+09:00,621.0,621.0,621.0,621.0,0,0.0,0.0
2024-07-18 12:00:00+09:00,617.0,623.0,617.0,621.0,5100,0.0,0.0
2024-07-18 13:00:00+09:00,621.0,621.0,618.0,621.0,400,0.0,0.0
2024-07-18 14:00:00+09:00,618.0,626.0,618.0,622.0,1200,0.0,0.0
2024-07-19 09:00:00+09:00,624.0,624.0,622.0,622.0,300,0.0,0.0
2024-07-19 11:00:00+09:00,622.0,622.0,622.0,622.0,0,0.0,0.0
2024-07-19 14:00:00+09:00,620.0,625.0,620.0,623.0,2300,0.0,0.0
2024-07-22 10:00:00+09:00,625.0,625.0,625.0,625.0,100,0.0,0.0
2024-07-22 11:00:00+09:00,625.0,625.0,625.0,625.0,0,0.0,0.0
2024-07-22 13:00:00+09:00,620.0,624.0,618.0,621.0,2100,0.0,0.0
2024-07-22 14:00:00+09:00,622.0,624.0,621.0,624.0,600,0.0,0.0
2024-07-23 09:00:00+09:00,624.0,624.0,624.0,624.0,100,0.0,0.0
2024-07-23 11:00:00+09:00,624.0,624.0,624.0,624.0,0,0.0,0.0
2024-07-23 12:00:00+09:00,624.0,624.0,624.0,624.0,200,0.0,0.0
2024-07-23 14:00:00+09:00,622.0,623.0,620.0,620.0,700,0.0,0.0
2024-07-24 09:00:00+09:00,620.0,623.0,620.0,623.0,200,0.0,0.0
2024-07-24 11:00:00+09:00,622.0,623.0,621.0,623.0,0,0.0,0.0
2024-07-25 09:00:00+09:00,616.0,619.0,616.0,619.0,1200,0.0,0.0
2024-07-25 10:00:00+09:00,617.0,619.0,617.0,619.0,400,0.0,0.0
2024-07-25 11:00:00+09:00,619.0,619.0,619.0,619.0,0,0.0,0.0
2024-07-25 13:00:00+09:00,618.0,618.0,618.0,618.0,1800,0.0,0.0
2024-07-25 14:00:00+09:00,618.0,619.0,618.0,619.0,500,0.0,0.0
2024-07-26 09:00:00+09:00,619.0,620.0,617.0,620.0,1300,0.0,0.0
2024-07-26 10:00:00+09:00,620.0,624.0,619.0,623.0,1700,0.0,0.0
2024-07-26 11:00:00+09:00,621.0,622.0,615.0,619.0,0,0.0,0.0
2024-07-26 12:00:00+09:00,619.0,620.0,619.0,620.0,7000,0.0,0.0
2024-07-26 14:00:00+09:00,620.0,620.0,620.0,620.0,100,0.0,0.0
2024-07-29 09:00:00+09:00,619.0,619.0,619.0,619.0,300,0.0,0.0
2024-07-29 10:00:00+09:00,619.0,619.0,619.0,619.0,200,0.0,0.0
2024-07-29 11:00:00+09:00,619.0,619.0,619.0,619.0,0,0.0,0.0
2024-07-29 12:00:00+09:00,620.0,622.0,616.0,621.0,2500,0.0,0.0
2024-07-29 13:00:00+09:00,621.0,621.0,621.0,621.0,100,0.0,0.0
2024-07-30 09:00:00+09:00,615.0,622.0,615.0,620.0,3100,0.0,0.0
2024-07-30 11:00:00+09:00,621.0,621.0,621.0,621.0,0,0.0,0.0
2024-07-30 12:00:00+09:00,621.0,621.0,621.0,621.0,0,0.0,0.0
2024-07-30 13:00:00+09:00,620.0,623.0,620.0,623.0,3800,0.0,0.0
2024-07-31 09:00:00+09:00,628.0,628.0,627.0,628.0,1400,0.0,0.0
2024-07-31 10:00:00+09:00,626.0,626.0,626.0,626.0,100,0.0,0.0
2024-07-31 11:00:00+09:00,626.0,626.0,626.0,626.0,0,0.0,0.0
2024-07-31 12:00:00+09:00,627.0,627.0,622.0,627.0,2100,0.0,0.0
2024-07-31 13:00:00+09:00,621.0,627.0,621.0,627.0,700,0.0,0.0
2024-07-31 14:00:00+09:00,627.0,627.0,627.0,627.0,100,0.0,0.0
2024-08-01 09:00:00+09:00,627.0,630.0,623.0,630.0,1300,0.0,0.0
2024-08-01 10:00:00+09:00,629.0,633.0,629.0,629.0,0,0.0,0.0
2024-08-01 11:00:00+09:00,623.0,626.0,623.0,626.0,0,0.0,0.0
2024-08-01 14:00:00+09:00,622.0,625.0,622.0,625.0,4000,0.0,0.0
2024-08-02 09:00:00+09:00,618.0,625.0,618.0,624.0,1600,0.0,0.0
2024-08-02 10:00:00+09:00,625.0,629.0,624.0,629.0,400,0.0,0.0
2024-08-02 11:00:00+09:00,629.0,629.0,629.0,629.0,0,0.0,0.0
2024-08-02 12:00:00+09:00,620.0,634.0,620.0,634.0,3700,0.0,0.0
2024-08-02 13:00:00+09:00,625.0,631.0,624.0,631.0,1000,0.0,0.0
2024-08-02 14:00:00+09:00,629.0,630.0,623.0,623.0,900,0.0,0.0
2024-08-05 09:00:00+09:00,616.0,619.0,608.0,616.0,4900,0.0,0.0
2024-08-05 10:00:00+09:00,611.0,616.0,600.0,600.0,3600,0.0,0.0
2024-08-05 11:00:00+09:00,610.0,610.0,596.0,602.0,0,0.0,0.0
2024-08-05 12:00:00+09:00,598.0,609.0,598.0,609.0,10800,0.0,0.0
2024-08-05 13:00:00+09:00,599.0,609.0,589.0,599.0,5400,0.0,0.0
2024-08-05 14:00:00+09:00,585.0,593.0,569.0,569.0,6200,0.0,0.0
2024-08-06 09:00:00+09:00,579.0,591.0,579.0,588.0,4800,0.0,0.0
2024-08-06 10:00:00+09:00,587.0,592.0,585.0,592.0,2400,0.0,0.0
2024-08-06 11:00:00+09:00,592.0,592.0,592.0,592.0,0,0.0,0.0
2024-08-06 12:00:00+09:00,592.0,592.0,592.0,592.0,7300,0.0,0.0
2024-08-06 13:00:00+09:00,587.0,591.0,587.0,591.0,200,0.0,0.0
2024-08-07 09:00:00+09:00,591.0,591.0,585.0,585.0,600,0.0,0.0
2024-08-07 10:00:00+09:00,589.0,589.0,589.0,589.0,100,0.0,0.0
2024-08-07 11:00:00+09:00,590.0,598.0,590.0,597.0,0,0.0,0.0
2024-08-07 12:00:00+09:00,597.0,600.0,597.0,600.0,7300,0.0,0.0
2024-08-07 13:00:00+09:00,609.0,609.0,609.0,609.0,100,0.0,0.0
2024-08-07 14:00:00+09:00,606.0,606.0,606.0,606.0,100,0.0,0.0
2024-08-08 09:00:00+09:00,604.0,605.0,591.0,591.0,800,0.0,0.0
2024-08-08 10:00:00+09:00,594.0,598.0,593.0,598.0,800,0.0,0.0
2024-08-08 11:00:00+09:00,604.0,610.0,600.0,606.0,0,0.0,0.0
2024-08-08 12:00:00+09:00,616.0,646.0,612.0,618.0,11700,0.0,0.0
2024-08-08 13:00:00+09:00,615.0,617.0,610.0,616.0,1800,0.0,0.0
2024-08-08 14:00:00+09:00,616.0,617.0,602.0,611.0,2500,0.0,0.0
2024-08-09 09:00:00+09:00,620.0,620.0,613.0,616.0,400,0.0,0.0
2024-08-09 11:00:00+09:00,615.0,615.0,614.0,614.0,0,0.0,0.0
2024-08-09 12:00:00+09:00,615.0,620.0,615.0,620.0,1800,0.0,0.0
2024-08-09 13:00:00+09:00,615.0,618.0,613.0,618.0,500,0.0,0.0
2024-08-09 14:00:00+09:00,614.0,618.0,610.0,618.0,1600,0.0,0.0
2024-08-13 09:00:00+09:00,617.0,618.0,598.0,612.0,5700,0.0,0.0
2024-08-13 10:00:00+09:00,614.0,617.0,614.0,617.0,300,0.0,0.0
2024-08-13 11:00:00+09:00,617.0,617.0,617.0,617.0,0,0.0,0.0
2024-08-13 12:00:00+09:00,612.0,618.0,612.0,618.0,6300,0.0,0.0
2024-08-14 09:00:00+09:00,619.0,619.0,612.0,614.0,500,0.0,0.0
2024-08-14 10:00:00+09:00,616.0,618.0,616.0,618.0,300,0.0,0.0
2024-08-14 11:00:00+09:00,614.0,617.0,614.0,617.0,0,0.0,0.0
2024-08-15 09:00:00+09:00,614.0,615.0,614.0,614.0,300,0.0,0.0
2024-08-15 10:00:00+09:00,613.0,616.0,611.0,613.0,1000,0.0,0.0
2024-08-15 11:00:00+09:00,611.0,611.0,611.0,611.0,0,0.0,0.0
2024-08-15 13:00:00+09:00,610.0,610.0,609.0,609.0,2000,0.0,0.0
2024-08-15 14:00:00+09:00,611.0,612.0,611.0,612.0,200,0.0,0.0
2024-08-16 09:00:00+09:00,612.0,616.0,612.0,616.0,3400,0.0,0.0
2024-08-16 10:00:00+09:00,616.0,616.0,615.0,615.0,500,0.0,0.0
2024-08-16 11:00:00+09:00,614.0,615.0,613.0,613.0,0,0.0,0.0
2024-08-16 13:00:00+09:00,615.0,615.0,615.0,615.0,4400,0.0,0.0
2024-08-16 14:00:00+09:00,616.0,616.0,614.0,614.0,400,0.0,0.0
2024-08-19 09:00:00+09:00,621.0,621.0,620.0,620.0,300,0.0,0.0
2024-08-19 10:00:00+09:00,612.0,612.0,612.0,612.0,200,0.0,0.0
2024-08-19 11:00:00+09:00,611.0,618.0,611.0,618.0,0,0.0,0.0
2024-08-19 12:00:00+09:00,614.0,618.0,610.0,618.0,2500,0.0,0.0
2024-08-19 13:00:00+09:00,611.0,617.0,611.0,617.0,200,0.0,0.0
2024-08-19 14:00:00+09:00,616.0,616.0,616.0,616.0,100,0.0,0.0
2024-08-20 09:00:00+09:00,615.0,618.0,610.0,618.0,2800,0.0,0.0
2024-08-20 11:00:00+09:00,613.0,615.0,613.0,615.0,0,0.0,0.0
2024-08-20 12:00:00+09:00,617.0,617.0,617.0,617.0,3200,0.0,0.0
2024-08-21 09:00:00+09:00,614.0,617.0,614.0,617.0,400,0.0,0.0
2024-08-21 10:00:00+09:00,614.0,615.0,609.0,615.0,0,0.0,0.0
2024-08-21 11:00:00+09:00,612.0,615.0,612.0,615.0,0,0.0,0.0
2024-08-21 12:00:00+09:00,614.0,614.0,614.0,614.0,3800,0.0,0.0
2024-08-21 14:00:00+09:00,614.0,614.0,614.0,614.0,200,0.0,0.0
2024-08-22 09:00:00+09:00,614.0,615.0,613.0,615.0,1300,0.0,0.0
2024-08-22 10:00:00+09:00,616.0,616.0,616.0,616.0,100,0.0,0.0
2024-08-22 11:00:00+09:00,616.0,616.0,616.0,616.0,0,0.0,0.0
2024-08-22 14:00:00+09:00,615.0,615.0,615.0,615.0,1600,0.0,0.0
2024-08-23 09:00:00+09:00,612.0,615.0,612.0,615.0,300,0.0,0.0
2024-08-23 10:00:00+09:00,614.0,616.0,613.0,616.0,900,0.0,0.0
2024-08-23 11:00:00+09:00,613.0,616.0,610.0,616.0,0,0.0,0.0
2024-08-23 12:00:00+09:00,616.0,616.0,616.0,616.0,3000,0.0,0.0
2024-08-23 13:00:00+09:00,614.0,614.0,614.0,614.0,100,0.0,0.0
2024-08-26 09:00:00+09:00,611.0,614.0,610.0,614.0,1900,0.0,0.0
2024-08-26 10:00:00+09:00,612.0,615.0,611.0,615.0,4000,0.0,0.0
2024-08-26 11:00:00+09:00,615.0,615.0,615.0,615.0,0,0.0,0.0
2024-08-26 12:00:00+09:00,614.0,615.0,614.0,615.0,6100,0.0,0.0
2024-08-26 13:00:00+09:00,615.0,615.0,615.0,615.0,100,0.0,0.0
2024-08-26 14:00:00+09:00,614.0,616.0,613.0,616.0,900,0.0,0.0
2024-08-27 09:00:00+09:00,618.0,618.0,614.0,615.0,800,0.0,0.0
2024-08-27 11:00:00+09:00,615.0,615.0,615.0,615.0,0,0.0,0.0
2024-08-27 13:00:00+09:00,615.0,615.0,615.0,615.0,900,0.0,0.0
2024-08-27 14:00:00+09:00,615.0,616.0,615.0,616.0,200,0.0,0.0
2024-08-28 09:00:00+09:00,618.0,618.0,614.0,617.0,1900,0.0,0.0
2024-08-28 10:00:00+09:00,616.0,617.0,613.0,616.0,1400,0.0,0.0
2024-08-28 11:00:00+09:00,613.0,613.0,613.0,613.0,0,0.0,0.0
2024-08-28 12:00:00+09:00,613.0,615.0,613.0,615.0,5000,0.0,0.0
2024-08-28 14:00:00+09:00,615.0,615.0,615.0,615.0,200,0.0,0.0
2024-08-29 10:00:00+09:00,613.0,616.0,611.0,616.0,3100,0.0,0.0
2024-08-29 11:00:00+09:00,616.0,616.0,616.0,616.0,0,0.0,0.0
2024-08-29 13:00:00+09:00,616.0,616.0,616.0,616.0,3200,0.0,0.0
2024-08-29 14:00:00+09:00,615.0,616.0,615.0,616.0,300,0.0,0.0
2024-08-30 09:00:00+09:00,617.0,617.0,614.0,617.0,1600,0.0,0.0
2024-08-30 11:00:00+09:00,617.0,617.0,617.0,617.0,0,0.0,0.0
2024-08-30 13:00:00+09:00,615.0,616.0,615.0,616.0,1900,0.0,0.0
2024-08-30 14:00:00+09:00,615.0,615.0,615.0,615.0,400,0.0,0.0
2024-09-02 09:00:00+09:00,614.0,616.0,613.0,616.0,500,0.0,0.0
2024-09-02 10:00:00+09:00,613.0,617.0,612.0,617.0,1900,0.0,0.0
2024-09-02 11:00:00+09:00,617.0,617.0,617.0,617.0,0,0.0,0.0
2024-09-02 12:00:00+09:00,614.0,615.0,614.0,615.0,2600,0.0,0.0
2024-09-02 14:00:00+09:00,615.0,615.0,615.0,615.0,100,0.0,0.0
2024-09-03 09:00:00+09:00,615.0,615.0,615.0,615.0,100,0.0,0.0
2024-09-03 10:00:00+09:00,612.0,612.0,612.0,612.0,300,0.0,0.0
2024-09-03 11:00:00+09:00,612.0,613.0,610.0,613.0,0,0.0,0.0
2024-09-03 12:00:00+09:00,614.0,614.0,613.0,614.0,2600,0.0,0.0
2024-09-03 13:00:00+09:00,614.0,615.0,614.0,615.0,1100,0.0,0.0
2024-09-03 14:00:00+09:00,612.0,615.0,612.0,614.0,400,0.0,0.0
2024-09-04 09:00:00+09:00,611.0,614.0,611.0,614.0,300,0.0,0.0
2024-09-04 10:00:00+09:00,614.0,614.0,614.0,614.0,100,0.0,0.0
2024-09-04 11:00:00+09:00,614.0,614.0,614.0,614.0,0,0.0,0.0
2024-09-04 12:00:00+09:00,615.0,615.0,615.0,615.0,500,0.0,0.0
2024-09-04 13:00:00+09:00,612.0,614.0,609.0,614.0,2300,0.0,0.0
2024-09-04 14:00:00+09:00,614.0,615.0,613.0,615.0,1300,0.0,0.0
2024-09-05 09:00:00+09:00,615.0,615.0,614.0,614.0,300,0.0,0.0
2024-09-05 10:00:00+09:00,612.0,614.0,612.0,614.0,200,0.0,0.0
2024-09-05 11:00:00+09:00,614.0,614.0,614.0,614.0,0,0.0,0.0
2024-09-05 13:00:00+09:00,614.0,614.0,614.0,614.0,600,0.0,0.0
2024-09-06 09:00:00+09:00,616.0,616.0,612.0,615.0,1100,0.0,0.0
2024-09-06 11:00:00+09:00,615.0,615.0,615.0,615.0,0,0.0,0.0
2024-09-06 12:00:00+09:00,615.0,615.0,612.0,612.0,1400,0.0,0.0
2024-09-06 13:00:00+09:00,614.0,614.0,614.0,614.0,100,0.0,0.0
2024-09-09 09:00:00+09:00,610.0,616.0,610.0,616.0,1100,0.0,0.0
2024-09-09 11:00:00+09:00,616.0,616.0,616.0,616.0,0,0.0,0.0
2024-09-09 12:00:00+09:00,615.0,615.0,615.0,615.0,1200,0.0,0.0
2024-09-10 09:00:00+09:00,612.0,615.0,612.0,612.0,500,0.0,0.0
2024-09-10 10:00:00+09:00,615.0,615.0,615.0,615.0,100,0.0,0.0
2024-09-10 11:00:00+09:00,615.0,615.0,615.0,615.0,0,0.0,0.0
2024-09-10 12:00:00+09:00,614.0,614.0,614.0,614.0,700,0.0,0.0
2024-09-11 10:00:00+09:00,615.0,615.0,611.0,613.0,400,0.0,0.0
2024-09-11 11:00:00+09:00,613.0,613.0,613.0,613.0,0,0.0,0.0
2024-09-11 13:00:00+09:00,613.0,614.0,612.0,614.0,900,0.0,0.0
2024-09-11 14:00:00+09:00,611.0,611.0,611.0,611.0,100,0.0,0.0
2024-09-12 09:00:00+09:00,614.0,615.0,610.0,613.0,2800,0.0,0.0
2024-09-12 11:00:00+09:00,613.0,613.0,613.0,613.0,0,0.0,0.0
2024-09-12 13:00:00+09:00,611.0,612.0,611.0,612.0,3000,0.0,0.0
2024-09-12 14:00:00+09:00,614.0,614.0,614.0,614.0,200,0.0,0.0
2024-09-13 12:00:00+09:00,613.0,614.0,610.0,614.0,1500,0.0,0.0
2024-09-13 13:00:00+09:00,614.0,615.0,614.0,615.0,300,0.0,0.0
2024-09-13 14:00:00+09:00,614.0,614.0,594.0,595.0,32700,0.0,0.0
2024-09-17 09:00:00+09:00,597.0,598.0,595.0,596.0,7100,0.0,0.0
2024-09-17 10:00:00+09:00,596.0,596.0,596.0,596.0,100,0.0,0.0
2024-09-17 11:00:00+09:00,595.0,595.0,595.0,595.0,0,0.0,0.0
2024-09-17 12:00:00+09:00,595.0,596.0,595.0,596.0,8300,0.0,0.0
2024-09-17 13:00:00+09:00,596.0,596.0,596.0,596.0,500,0.0,0.0
2024-09-17 14:00:00+09:00,596.0,598.0,596.0,597.0,1100,0.0,0.0
2024-09-18 09:00:00+09:00,596.0,596.0,595.0,596.0,4500,0.0,0.0
2024-09-18 10:00:00+09:00,596.0,597.0,596.0,597.0,700,0.0,0.0
2024-09-18 11:00:00+09:00,597.0,601.0,597.0,601.0,0,0.0,0.0
2024-09-18 12:00:00+09:00,601.0,601.0,601.0,601.0,9200,0.0,0.0
2024-09-18 13:00:00+09:00,598.0,601.0,596.0,599.0,2300,0.0,0.0
2024-09-18 14:00:00+09:00,598.0,600.0,594.0,600.0,2400,0.0,0.0
2024-09-19 09:00:00+09:00,600.0,601.0,600.0,601.0,400,0.0,0.0
2024-09-19 10:00:00+09:00,600.0,601.0,600.0,601.0,300,0.0,0.0
2024-09-19 11:00:00+09:00,601.0,601.0,601.0,601.0,0,0.0,0.0
2024-09-19 12:00:00+09:00,597.0,601.0,590.0,599.0,9400,0.0,0.0
2024-09-19 13:00:00+09:00,597.0,601.0,597.0,601.0,1300,0.0,0.0
2024-09-19 14:00:00+09:00,599.0,600.0,599.0,600.0,800,0.0,0.0
2024-09-20 09:00:00+09:00,599.0,599.0,599.0,599.0,400,0.0,0.0
2024-09-20 10:00:00+09:00,599.0,599.0,595.0,598.0,2600,0.0,0.0
2024-09-20 11:00:00+09:00,599.0,599.0,599.0,599.0,0,0.0,0.0
2024-09-20 13:00:00+09:00,599.0,599.0,599.0,599.0,3200,0.0,0.0
2024-09-20 14:00:00+09:00,598.0,599.0,595.0,597.0,1800,0.0,0.0
2024-09-24 09:00:00+09:00,600.0,600.0,599.0,599.0,400,0.0,0.0
2024-09-24 10:00:00+09:00,598.0,599.0,597.0,597.0,800,0.0,0.0
2024-09-24 11:00:00+09:00,597.0,597.0,597.0,597.0,0,0.0,0.0
2024-09-24 12:00:00+09:00,598.0,598.0,598.0,598.0,1300,0.0,0.0
2024-09-24 13:00:00+09:00,598.0,598.0,595.0,595.0,900,0.0,0.0
2024-09-24 14:00:00+09:00,599.0,599.0,599.0,599.0,200,0.0,0.0
2024-09-25 09:00:00+09:00,599.0,599.0,599.0,599.0,100,0.0,0.0
2024-09-25 11:00:00+09:00,598.0,598.0,598.0,598.0,0,0.0,0.0
2024-09-25 13:00:00+09:00,598.0,598.0,598.0,598.0,600,0.0,0.0
2024-09-25 14:00:00+09:00,597.0,598.0,595.0,598.0,2900,0.0,0.0
2024-09-26 09:00:00+09:00,598.0,598.0,598.0,598.0,700,0.0,0.0
2024-09-26 10:00:00+09:00,596.0,598.0,596.0,598.0,400,0.0,0.0
2024-09-26 11:00:00+09:00,599.0,599.0,595.0,595.0,0,0.0,0.0
2024-09-26 12:00:00+09:00,596.0,598.0,596.0,598.0,2400,0.0,0.0
2024-09-26 13:00:00+09:00,598.0,599.0,595.0,599.0,1000,0.0,0.0
2024-09-26 14:00:00+09:00,598.0,598.0,597.0,597.0,700,0.0,0.0
2024-09-27 09:00:00+09:00,595.0,599.0,595.0,598.0,1100,0.0,0.0
2024-09-27 10:00:00+09:00,596.0,599.0,595.0,599.0,1600,0.0,0.0
2024-09-27 11:00:00+09:00,599.0,599.0,599.0,599.0,0,0.0,0.0
2024-09-27 12:00:00+09:00,597.0,597.0,597.0,597.0,2900,0.0,0.0
2024-09-27 13:00:00+09:00,596.0,598.0,595.0,597.0,2000,0.0,0.0
2024-09-27 14:00:00+09:00,597.0,597.0,597.0,597.0,300,0.0,0.0
2024-09-30 09:00:00+09:00,592.0,596.0,590.0,592.0,2400,0.0,0.0
2024-09-30 11:00:00+09:00,592.0,592.0,592.0,592.0,0,0.0,0.0
2024-09-30 13:00:00+09:00,595.0,595.0,595.0,595.0,2500,0.0,0.0
2024-10-01 09:00:00+09:00,595.0,595.0,595.0,595.0,800,0.0,0.0
2024-10-01 10:00:00+09:00,595.0,595.0,595.0,595.0,200,0.0,0.0
2024-10-01 11:00:00+09:00,596.0,596.0,596.0,596.0,0,0.0,0.0
2024-10-01 12:00:00+09:00,596.0,596.0,596.0,596.0,1500,0.0,0.0
2024-10-01 14:00:00+09:00,597.0,598.0,597.0,598.0,200,0.0,0.0
2024-10-02 09:00:00+09:00,596.0,596.0,596.0,596.0,100,0.0,0.0
2024-10-02 10:00:00+09:00,595.0,596.0,595.0,596.0,300,0.0,0.0
2024-10-02 11:00:00+09:00,596.0,596.0,596.0,596.0,0,0.0,0.0
2024-10-02 13:00:00+09:00,595.0,596.0,595.0,596.0,600,0.0,0.0
2024-10-02 14:00:00+09:00,596.0,596.0,596.0,596.0,100,0.0,0.0
2024-10-03 09:00:00+09:00,596.0,596.0,596.0,596.0,0,0.0,0.0
2024-10-03 10:00:00+09:00,595.0,596.0,595.0,596.0,900,0.0,0.0
2024-10-03 11:00:00+09:00,596.0,596.0,596.0,596.0,0,0.0,0.0
2024-10-03 12:00:00+09:00,596.0,596.0,596.0,596.0,1600,0.0,0.0
2024-10-03 13:00:00+09:00,597.0,598.0,597.0,597.0,600,0.0,0.0
2024-10-04 09:00:00+09:00,598.0,598.0,598.0,598.0,100,0.0,0.0
2024-10-04 10:00:00+09:00,596.0,596.0,596.0,596.0,200,0.0,0.0
2024-10-04 11:00:00+09:00,596.0,596.0,596.0,596.0,0,0.0,0.0
2024-10-04 12:00:00+09:00,597.0,597.0,596.0,597.0,2100,0.0,0.0
2024-10-04 13:00:00+09:00,596.0,599.0,595.0,597.0,2500,0.0,0.0
2024-10-04 14:00:00+09:00,596.0,597.0,591.0,597.0,5200,0.0,0.0
2024-10-07 09:00:00+09:00,599.0,599.0,592.0,596.0,5100,0.0,0.0
2024-10-07 10:00:00+09:00,596.0,598.0,596.0,598.0,700,0.0,0.0
2024-10-07 11:00:00+09:00,598.0,598.0,598.0,598.0,0,0.0,0.0
2024-10-07 12:00:00+09:00,598.0,599.0,596.0,599.0,6800,0.0,0.0
2024-10-07 13:00:00+09:00,598.0,600.0,597.0,600.0,800,0.0,0.0
2024-10-07 14:00:00+09:00,598.0,599.0,597.0,597.0,2200,0.0,0.0
2024-10-08 09:00:00+09:00,597.0,597.0,590.0,596.0,6300,0.0,0.0
2024-10-08 10:00:00+09:00,595.0,595.0,595.0,595.0,700,0.0,0.0
2024-10-08 11:00:00+09:00,596.0,597.0,596.0,597.0,0,0.0,0.0
2024-10-08 12:00:00+09:00,595.0,597.0,595.0,597.0,12200,0.0,0.0
2024-10-08 13:00:00+09:00,597.0,597.0,597.0,597.0,100,0.0,0.0
2024-10-09 09:00:00+09:00,597.0,597.0,590.0,596.0,9300,0.0,0.0
2024-10-09 10:00:00+09:00,596.0,597.0,596.0,597.0,200,0.0,0.0
2024-10-09 11:00:00+09:00,597.0,597.0,597.0,597.0,0,0.0,0.0
2024-10-09 14:00:00+09:00,596.0,597.0,595.0,597.0,10100,0.0,0.0
2024-10-10 09:00:00+09:00,597.0,597.0,595.0,595.0,400,0.0,0.0
2024-10-10 10:00:00+09:00,595.0,596.0,591.0,596.0,5300,0.0,0.0
2024-10-10 11:00:00+09:00,596.0,596.0,596.0,596.0,0,0.0,0.0
2024-10-10 12:00:00+09:00,596.0,596.0,595.0,595.0,5900,0.0,0.0
2024-10-10 13:00:00+09:00,596.0,596.0,595.0,595.0,600,0.0,0.0
2024-10-10 14:00:00+09:00,596.0,597.0,596.0,597.0,500,0.0,0.0
2024-10-11 09:00:00+09:00,598.0,598.0,595.0,595.0,1600,0.0,0.0
2024-10-11 11:00:00+09:00,596.0,599.0,596.0,599.0,0,0.0,0.0
2024-10-11 14:00:00+09:00,598.0,598.0,596.0,596.0,4300,0.0,0.0
