Datetime,Open,High,Low,Close,Volume,Dividends,Stock Splits
2022-12-21 09:00:00+09:00,1391.0,1392.0,1330.0,1330.0,0,0.0,0.0
2022-12-21 10:00:00+09:00,1340.0,1370.0,1340.0,1370.0,700,0.0,0.0
2022-12-21 11:00:00+09:00,1370.0,1370.0,1370.0,1370.0,0,0.0,0.0
2022-12-21 12:00:00+09:00,1384.0,1384.0,1364.0,1370.0,12500,0.0,0.0
2022-12-21 13:00:00+09:00,1366.0,1366.0,1364.0,1364.0,1100,0.0,0.0
2022-12-21 14:00:00+09:00,1365.0,1374.0,1361.0,1361.0,2300,0.0,0.0
2022-12-22 09:00:00+09:00,1393.0,1393.0,1363.0,1364.0,800,0.0,0.0
2022-12-22 10:00:00+09:00,1377.0,1389.0,1372.0,1372.0,900,0.0,0.0
2022-12-22 11:00:00+09:00,1372.0,1385.0,1372.0,1385.0,0,0.0,0.0
2022-12-22 12:00:00+09:00,1385.0,1393.0,1384.0,1393.0,3900,0.0,0.0
2022-12-22 13:00:00+09:00,1393.0,1393.0,1380.0,1381.0,1800,0.0,0.0
2022-12-22 14:00:00+09:00,1388.0,1396.0,1361.0,1368.0,5400,0.0,0.0
2022-12-23 09:00:00+09:00,1365.0,1391.0,1355.0,1370.0,0,0.0,0.0
2022-12-23 10:00:00+09:00,1356.0,1388.0,1356.0,1378.0,9500,0.0,0.0
2022-12-23 11:00:00+09:00,1377.0,1378.0,1372.0,1372.0,0,0.0,0.0
2022-12-23 12:00:00+09:00,1387.0,1387.0,1373.0,1373.0,10500,0.0,0.0
2022-12-23 13:00:00+09:00,1375.0,1375.0,1373.0,1373.0,300,0.0,0.0
2022-12-23 14:00:00+09:00,1375.0,1389.0,1371.0,1374.0,2200,0.0,0.0
2022-12-26 09:00:00+09:00,1389.0,1400.0,1387.0,1399.0,0,0.0,0.0
2022-12-26 10:00:00+09:00,1400.0,1400.0,1399.0,1399.0,1100,0.0,0.0
2022-12-26 11:00:00+09:00,1391.0,1391.0,1391.0,1391.0,0,0.0,0.0
2022-12-26 12:00:00+09:00,1399.0,1405.0,1399.0,1405.0,9000,0.0,0.0
2022-12-26 13:00:00+09:00,1405.0,1415.0,1398.0,1415.0,1600,0.0,0.0
2022-12-26 14:00:00+09:00,1415.0,1418.0,1397.0,1397.0,2400,0.0,0.0
2022-12-27 09:00:00+09:00,1420.0,1425.0,1416.0,1416.0,4100,0.0,0.0
2022-12-27 10:00:00+09:00,1415.0,1418.0,1406.0,1418.0,1600,0.0,0.0
2022-12-27 11:00:00+09:00,1409.0,1417.0,1409.0,1417.0,0,0.0,0.0
2022-12-27 12:00:00+09:00,1400.0,1420.0,1400.0,1420.0,9300,0.0,0.0
2022-12-27 13:00:00+09:00,1419.0,1420.0,1409.0,1409.0,800,0.0,0.0
2022-12-27 14:00:00+09:00,1421.0,1422.0,1420.0,1422.0,1300,0.0,0.0
2022-12-28 09:00:00+09:00,1426.0,1435.0,1422.0,1435.0,7900,0.0,0.0
2022-12-28 10:00:00+09:00,1438.0,1439.0,1426.0,1438.0,2000,0.0,0.0
2022-12-28 11:00:00+09:00,1427.0,1427.0,1426.0,1427.0,0,0.0,0.0
2022-12-28 12:00:00+09:00,1430.0,1432.0,1426.0,1427.0,11400,0.0,0.0
2022-12-28 13:00:00+09:00,1425.0,1429.0,1425.0,1429.0,1500,0.0,0.0
2022-12-28 14:00:00+09:00,1430.0,1430.0,1425.0,1430.0,1400,0.0,0.0
2022-12-29 09:00:00+09:00,1424.0,1424.0,1416.0,1416.0,2500,0.0,0.0
2022-12-29 10:00:00+09:00,1417.0,1424.0,1412.0,1424.0,4000,0.0,0.0
2022-12-29 11:00:00+09:00,1424.0,1424.0,1418.0,1418.0,0,0.0,0.0
2022-12-29 12:00:00+09:00,1425.0,1425.0,1422.0,1423.0,7900,0.0,0.0
2022-12-29 13:00:00+09:00,1422.0,1425.0,1406.0,1425.0,2900,0.0,0.0
2022-12-29 14:00:00+09:00,1425.0,1425.0,1415.0,1416.0,700,0.0,0.0
2022-12-30 09:00:00+09:00,1449.0,1449.0,1421.0,1435.0,11100,0.0,0.0
2022-12-30 10:00:00+09:00,1450.0,1455.0,1443.0,1455.0,9100,0.0,0.0
2022-12-30 11:00:00+09:00,1454.0,1455.0,1450.0,1455.0,0,0.0,0.0
2022-12-30 12:00:00+09:00,1455.0,1456.0,1439.0,1456.0,24900,0.0,0.0
2022-12-30 13:00:00+09:00,1442.0,1454.0,1442.0,1450.0,300,0.0,0.0
2022-12-30 14:00:00+09:00,1453.0,1454.0,1445.0,1450.0,2100,0.0,0.0
2023-01-04 09:00:00+09:00,1468.0,1499.0,1450.0,1460.0,0,0.0,0.0
2023-01-04 10:00:00+09:00,1460.0,1480.0,1455.0,1480.0,14900,0.0,0.0
2023-01-04 11:00:00+09:00,1479.0,1479.0,1479.0,1479.0,0,0.0,0.0
2023-01-04 12:00:00+09:00,1478.0,1478.0,1461.0,1465.0,17200,0.0,0.0
2023-01-04 13:00:00+09:00,1470.0,1478.0,1470.0,1476.0,1900,0.0,0.0
2023-01-04 14:00:00+09:00,1476.0,1478.0,1472.0,1473.0,2200,0.0,0.0
2023-01-05 09:00:00+09:00,1476.0,1477.0,1470.0,1474.0,0,0.0,0.0
2023-01-05 10:00:00+09:00,1470.0,1471.0,1470.0,1470.0,3900,0.0,0.0
2023-01-05 11:00:00+09:00,1470.0,1476.0,1463.0,1476.0,0,0.0,0.0
2023-01-05 12:00:00+09:00,1476.0,1476.0,1471.0,1471.0,5900,0.0,0.0
2023-01-05 13:00:00+09:00,1471.0,1471.0,1464.0,1465.0,1000,0.0,0.0
2023-01-05 14:00:00+09:00,1476.0,1476.0,1476.0,1476.0,600,0.0,0.0
2023-01-06 09:00:00+09:00,1476.0,1476.0,1462.0,1471.0,3400,0.0,0.0
2023-01-06 10:00:00+09:00,1471.0,1474.0,1462.0,1465.0,2600,0.0,0.0
2023-01-06 11:00:00+09:00,1464.0,1465.0,1463.0,1463.0,0,0.0,0.0
2023-01-06 12:00:00+09:00,1463.0,1472.0,1463.0,1472.0,7300,0.0,0.0
2023-01-06 13:00:00+09:00,1472.0,1473.0,1472.0,1473.0,400,0.0,0.0
2023-01-06 14:00:00+09:00,1473.0,1477.0,1470.0,1475.0,2300,0.0,0.0
2023-01-10 09:00:00+09:00,1472.0,1478.0,1470.0,1478.0,0,0.0,0.0
2023-01-10 10:00:00+09:00,1472.0,1485.0,1468.0,1480.0,4600,0.0,0.0
2023-01-10 11:00:00+09:00,1480.0,1480.0,1480.0,1480.0,0,0.0,0.0
2023-01-10 12:00:00+09:00,1484.0,1484.0,1483.0,1483.0,9100,0.0,0.0
2023-01-10 13:00:00+09:00,1473.0,1482.0,1473.0,1482.0,500,0.0,0.0
2023-01-10 14:00:00+09:00,1482.0,1482.0,1477.0,1477.0,1000,0.0,0.0
2023-01-11 09:00:00+09:00,1480.0,1481.0,1477.0,1477.0,4200,0.0,0.0
2023-01-11 10:00:00+09:00,1475.0,1478.0,1472.0,1478.0,2600,0.0,0.0
2023-01-11 11:00:00+09:00,1474.0,1479.0,1472.0,1472.0,0,0.0,0.0
2023-01-11 12:00:00+09:00,1472.0,1473.0,1472.0,1473.0,8600,0.0,0.0
2023-01-11 13:00:00+09:00,1473.0,1474.0,1473.0,1474.0,300,0.0,0.0
2023-01-11 14:00:00+09:00,1478.0,1478.0,1473.0,1473.0,1000,0.0,0.0
2023-01-12 09:00:00+09:00,1472.0,1473.0,1466.0,1466.0,4500,0.0,0.0
2023-01-12 10:00:00+09:00,1467.0,1471.0,1466.0,1468.0,1000,0.0,0.0
2023-01-12 11:00:00+09:00,1470.0,1471.0,1470.0,1471.0,0,0.0,0.0
2023-01-12 12:00:00+09:00,1471.0,1471.0,1468.0,1470.0,6900,0.0,0.0
2023-01-12 13:00:00+09:00,1468.0,1468.0,1467.0,1468.0,700,0.0,0.0
2023-01-12 14:00:00+09:00,1468.0,1468.0,1463.0,1463.0,2200,0.0,0.0
2023-01-13 09:00:00+09:00,1456.0,1465.0,1455.0,1465.0,4400,0.0,0.0
2023-01-13 10:00:00+09:00,1461.0,1465.0,1458.0,1458.0,2000,0.0,0.0
2023-01-13 11:00:00+09:00,1457.0,1457.0,1454.0,1457.0,0,0.0,0.0
2023-01-13 12:00:00+09:00,1455.0,1455.0,1450.0,1450.0,11500,0.0,0.0
2023-01-13 13:00:00+09:00,1450.0,1454.0,1450.0,1450.0,2500,0.0,0.0
2023-01-13 14:00:00+09:00,1450.0,1451.0,1447.0,1447.0,1900,0.0,0.0
2023-01-16 09:00:00+09:00,1441.0,1449.0,1419.0,1435.0,0,0.0,0.0
2023-01-16 10:00:00+09:00,1436.0,1455.0,1426.0,1450.0,2100,0.0,0.0
2023-01-16 11:00:00+09:00,1449.0,1454.0,1426.0,1429.0,0,0.0,0.0
2023-01-16 12:00:00+09:00,1429.0,1429.0,1419.0,1428.0,16000,0.0,0.0
2023-01-16 13:00:00+09:00,1420.0,1420.0,1416.0,1417.0,1500,0.0,0.0
2023-01-16 14:00:00+09:00,1420.0,1425.0,1417.0,1425.0,1500,0.0,0.0
2023-01-17 09:00:00+09:00,1422.0,1422.0,1416.0,1420.0,2600,0.0,0.0
2023-01-17 10:00:00+09:00,1420.0,1443.0,1412.0,1443.0,4700,0.0,0.0
2023-01-17 11:00:00+09:00,1439.0,1439.0,1416.0,1416.0,0,0.0,0.0
2023-01-17 12:00:00+09:00,1429.0,1429.0,1427.0,1427.0,8900,0.0,0.0
2023-01-17 14:00:00+09:00,1425.0,1426.0,1421.0,1422.0,800,0.0,0.0
2023-01-18 09:00:00+09:00,1422.0,1423.0,1418.0,1418.0,1100,0.0,0.0
2023-01-18 10:00:00+09:00,1418.0,1419.0,1418.0,1419.0,200,0.0,0.0
2023-01-18 11:00:00+09:00,1419.0,1419.0,1419.0,1419.0,0,0.0,0.0
2023-01-18 12:00:00+09:00,1420.0,1428.0,1420.0,1428.0,3100,0.0,0.0
2023-01-18 13:00:00+09:00,1429.0,1430.0,1423.0,1429.0,3300,0.0,0.0
2023-01-18 14:00:00+09:00,1429.0,1430.0,1425.0,1427.0,1900,0.0,0.0
2023-01-19 09:00:00+09:00,1422.0,1428.0,1420.0,1420.0,2500,0.0,0.0
2023-01-19 10:00:00+09:00,1420.0,1427.0,1419.0,1419.0,1300,0.0,0.0
2023-01-19 11:00:00+09:00,1420.0,1420.0,1420.0,1420.0,0,0.0,0.0
2023-01-19 12:00:00+09:00,1420.0,1420.0,1418.0,1420.0,5600,0.0,0.0
2023-01-19 13:00:00+09:00,1418.0,1420.0,1415.0,1415.0,2600,0.0,0.0
2023-01-19 14:00:00+09:00,1415.0,1420.0,1415.0,1420.0,1400,0.0,0.0
2023-01-20 09:00:00+09:00,1421.0,1427.0,1420.0,1425.0,2800,0.0,0.0
2023-01-20 10:00:00+09:00,1423.0,1440.0,1423.0,1435.0,2300,0.0,0.0
2023-01-20 11:00:00+09:00,1435.0,1437.0,1430.0,1430.0,0,0.0,0.0
2023-01-20 12:00:00+09:00,1429.0,1429.0,1422.0,1429.0,8100,0.0,0.0
2023-01-20 13:00:00+09:00,1429.0,1436.0,1425.0,1436.0,3000,0.0,0.0
2023-01-20 14:00:00+09:00,1435.0,1435.0,1430.0,1430.0,3300,0.0,0.0
2023-01-23 09:00:00+09:00,1460.0,1460.0,1445.0,1446.0,4600,0.0,0.0
2023-01-23 10:00:00+09:00,1458.0,1465.0,1446.0,1448.0,1800,0.0,0.0
2023-01-23 11:00:00+09:00,1451.0,1451.0,1448.0,1448.0,0,0.0,0.0
2023-01-23 12:00:00+09:00,1458.0,1462.0,1448.0,1448.0,8200,0.0,0.0
2023-01-23 13:00:00+09:00,1448.0,1453.0,1448.0,1453.0,300,0.0,0.0
2023-01-23 14:00:00+09:00,1460.0,1462.0,1460.0,1461.0,1300,0.0,0.0
2023-01-24 09:00:00+09:00,1468.0,1473.0,1463.0,1472.0,2800,0.0,0.0
2023-01-24 10:00:00+09:00,1465.0,1475.0,1458.0,1459.0,16900,0.0,0.0
2023-01-24 11:00:00+09:00,1462.0,1475.0,1462.0,1475.0,0,0.0,0.0
2023-01-24 12:00:00+09:00,1475.0,1475.0,1471.0,1475.0,28300,0.0,0.0
2023-01-24 13:00:00+09:00,1475.0,1475.0,1462.0,1462.0,1200,0.0,0.0
2023-01-24 14:00:00+09:00,1462.0,1473.0,1460.0,1473.0,1100,0.0,0.0
2023-01-25 09:00:00+09:00,1475.0,1475.0,1461.0,1461.0,2400,0.0,0.0
2023-01-25 10:00:00+09:00,1471.0,1471.0,1471.0,1471.0,100,0.0,0.0
2023-01-25 11:00:00+09:00,1476.0,1477.0,1476.0,1477.0,0,0.0,0.0
2023-01-25 12:00:00+09:00,1478.0,1479.0,1465.0,1479.0,3800,0.0,0.0
2023-01-25 13:00:00+09:00,1477.0,1480.0,1472.0,1480.0,900,0.0,0.0
2023-01-25 14:00:00+09:00,1480.0,1480.0,1471.0,1471.0,1300,0.0,0.0
2023-01-26 09:00:00+09:00,1479.0,1488.0,1470.0,1471.0,7500,0.0,0.0
2023-01-26 10:00:00+09:00,1472.0,1487.0,1472.0,1487.0,1000,0.0,0.0
2023-01-26 11:00:00+09:00,1488.0,1489.0,1480.0,1480.0,0,0.0,0.0
2023-01-26 12:00:00+09:00,1469.0,1480.0,1469.0,1480.0,12700,0.0,0.0
2023-01-26 13:00:00+09:00,1480.0,1493.0,1480.0,1493.0,2300,0.0,0.0
2023-01-26 14:00:00+09:00,1493.0,1493.0,1474.0,1488.0,1400,0.0,0.0
2023-01-27 09:00:00+09:00,1493.0,1553.0,1490.0,1520.0,14600,0.0,0.0
2023-01-27 10:00:00+09:00,1520.0,1532.0,1503.0,1532.0,2600,0.0,0.0
2023-01-27 11:00:00+09:00,1532.0,1542.0,1525.0,1534.0,0,0.0,0.0
2023-01-27 12:00:00+09:00,1539.0,1540.0,1530.0,1536.0,21800,0.0,0.0
2023-01-27 13:00:00+09:00,1536.0,1550.0,1521.0,1544.0,8800,0.0,0.0
2023-01-27 14:00:00+09:00,1544.0,1560.0,1521.0,1554.0,8600,0.0,0.0
2023-01-30 09:00:00+09:00,1480.0,1515.0,1471.0,1510.0,0,0.0,0.0
2023-01-30 10:00:00+09:00,1510.0,1512.0,1490.0,1508.0,3300,0.0,0.0
2023-01-30 11:00:00+09:00,1496.0,1500.0,1487.0,1500.0,0,0.0,0.0
2023-01-30 12:00:00+09:00,1504.0,1510.0,1497.0,1500.0,38600,0.0,0.0
2023-01-30 13:00:00+09:00,1501.0,1501.0,1492.0,1493.0,1800,0.0,0.0
2023-01-30 14:00:00+09:00,1497.0,1499.0,1493.0,1499.0,3100,0.0,0.0
2023-01-31 09:00:00+09:00,1505.0,1507.0,1495.0,1506.0,7600,0.0,0.0
2023-01-31 10:00:00+09:00,1507.0,1507.0,1503.0,1503.0,400,0.0,0.0
2023-01-31 11:00:00+09:00,1503.0,1503.0,1503.0,1503.0,0,0.0,0.0
2023-01-31 12:00:00+09:00,1503.0,1510.0,1503.0,1510.0,10200,0.0,0.0
2023-01-31 13:00:00+09:00,1510.0,1510.0,1505.0,1505.0,400,0.0,0.0
2023-01-31 14:00:00+09:00,1505.0,1513.0,1505.0,1513.0,4900,0.0,0.0
2023-02-01 09:00:00+09:00,1514.0,1520.0,1504.0,1520.0,5300,0.0,0.0
2023-02-01 10:00:00+09:00,1525.0,1530.0,1520.0,1524.0,1100,0.0,0.0
2023-02-01 11:00:00+09:00,1534.0,1534.0,1534.0,1534.0,0,0.0,0.0
2023-02-01 12:00:00+09:00,1534.0,1534.0,1519.0,1519.0,7700,0.0,0.0
2023-02-01 13:00:00+09:00,1521.0,1534.0,1520.0,1534.0,1700,0.0,0.0
2023-02-01 14:00:00+09:00,1534.0,1534.0,1520.0,1520.0,600,0.0,0.0
2023-02-02 09:00:00+09:00,1537.0,1539.0,1520.0,1531.0,4000,0.0,0.0
2023-02-02 10:00:00+09:00,1526.0,1526.0,1522.0,1522.0,300,0.0,0.0
2023-02-02 11:00:00+09:00,1522.0,1525.0,1522.0,1525.0,0,0.0,0.0
2023-02-02 12:00:00+09:00,1524.0,1535.0,1521.0,1523.0,6300,0.0,0.0
2023-02-02 13:00:00+09:00,1529.0,1536.0,1524.0,1525.0,1700,0.0,0.0
2023-02-02 14:00:00+09:00,1522.0,1536.0,1518.0,1535.0,1700,0.0,0.0
2023-02-03 09:00:00+09:00,1538.0,1540.0,1530.0,1539.0,2300,0.0,0.0
2023-02-03 10:00:00+09:00,1538.0,1540.0,1530.0,1540.0,900,0.0,0.0
2023-02-03 11:00:00+09:00,1532.0,1533.0,1526.0,1533.0,0,0.0,0.0
2023-02-03 12:00:00+09:00,1533.0,1533.0,1533.0,1533.0,5700,0.0,0.0
2023-02-03 13:00:00+09:00,1532.0,1532.0,1530.0,1530.0,200,0.0,0.0
2023-02-03 14:00:00+09:00,1528.0,1533.0,1525.0,1532.0,2000,0.0,0.0
2023-02-06 09:00:00+09:00,1543.0,1550.0,1530.0,1530.0,6800,0.0,0.0
2023-02-06 10:00:00+09:00,1530.0,1538.0,1528.0,1530.0,1700,0.0,0.0
2023-02-06 11:00:00+09:00,1530.0,1538.0,1528.0,1538.0,0,0.0,0.0
2023-02-06 12:00:00+09:00,1538.0,1558.0,1538.0,1542.0,16900,0.0,0.0
2023-02-06 13:00:00+09:00,1545.0,1547.0,1545.0,1547.0,900,0.0,0.0
2023-02-06 14:00:00+09:00,1545.0,1558.0,1539.0,1539.0,2200,0.0,0.0
2023-02-07 09:00:00+09:00,1552.0,1552.0,1533.0,1536.0,9600,0.0,0.0
2023-02-07 10:00:00+09:00,1536.0,1540.0,1536.0,1536.0,1400,0.0,0.0
2023-02-07 11:00:00+09:00,1540.0,1540.0,1531.0,1531.0,0,0.0,0.0
2023-02-07 12:00:00+09:00,1538.0,1539.0,1538.0,1539.0,14800,0.0,0.0
2023-02-07 13:00:00+09:00,1539.0,1540.0,1539.0,1540.0,800,0.0,0.0
2023-02-07 14:00:00+09:00,1539.0,1540.0,1537.0,1537.0,1100,0.0,0.0
2023-02-08 09:00:00+09:00,1540.0,1540.0,1526.0,1526.0,3300,0.0,0.0
2023-02-08 10:00:00+09:00,1529.0,1533.0,1516.0,1533.0,2800,0.0,0.0
2023-02-08 11:00:00+09:00,1533.0,1533.0,1533.0,1533.0,0,0.0,0.0
2023-02-08 12:00:00+09:00,1533.0,1533.0,1516.0,1516.0,8500,0.0,0.0
2023-02-08 13:00:00+09:00,1517.0,1531.0,1515.0,1531.0,2600,0.0,0.0
2023-02-08 14:00:00+09:00,1525.0,1527.0,1514.0,1515.0,2300,0.0,0.0
2023-02-09 09:00:00+09:00,1515.0,1532.0,1513.0,1532.0,2900,0.0,0.0
2023-02-09 10:00:00+09:00,1528.0,1530.0,1525.0,1525.0,800,0.0,0.0
2023-02-09 11:00:00+09:00,1525.0,1528.0,1515.0,1515.0,0,0.0,0.0
2023-02-09 12:00:00+09:00,1525.0,1528.0,1525.0,1525.0,6000,0.0,0.0
2023-02-09 13:00:00+09:00,1521.0,1525.0,1520.0,1520.0,1500,0.0,0.0
2023-02-09 14:00:00+09:00,1520.0,1527.0,1520.0,1521.0,0,0.0,0.0
2023-02-10 09:00:00+09:00,1531.0,1531.0,1517.0,1518.0,2000,0.0,0.0
2023-02-10 10:00:00+09:00,1519.0,1530.0,1519.0,1530.0,800,0.0,0.0
2023-02-10 11:00:00+09:00,1530.0,1530.0,1530.0,1530.0,0,0.0,0.0
2023-02-10 12:00:00+09:00,1530.0,1532.0,1530.0,1532.0,3500,0.0,0.0
2023-02-10 13:00:00+09:00,1530.0,1533.0,1528.0,1529.0,1100,0.0,0.0
2023-02-10 14:00:00+09:00,1528.0,1530.0,1516.0,1529.0,4500,0.0,0.0
2023-02-13 09:00:00+09:00,1519.0,1532.0,1518.0,1532.0,1500,0.0,0.0
2023-02-13 10:00:00+09:00,1519.0,1528.0,1518.0,1528.0,600,0.0,0.0
2023-02-13 11:00:00+09:00,1528.0,1528.0,1528.0,1528.0,0,0.0,0.0
2023-02-13 12:00:00+09:00,1528.0,1528.0,1527.0,1528.0,3000,0.0,0.0
2023-02-13 13:00:00+09:00,1529.0,1530.0,1520.0,1521.0,900,0.0,0.0
2023-02-13 14:00:00+09:00,1532.0,1532.0,1531.0,1531.0,200,0.0,0.0
2023-02-14 09:00:00+09:00,1531.0,1531.0,1520.0,1521.0,1600,0.0,0.0
2023-02-14 10:00:00+09:00,1530.0,1531.0,1527.0,1527.0,1000,0.0,0.0
2023-02-14 11:00:00+09:00,1527.0,1532.0,1527.0,1531.0,0,0.0,0.0
2023-02-14 12:00:00+09:00,1530.0,1530.0,1530.0,1530.0,4600,0.0,0.0
2023-02-14 13:00:00+09:00,1528.0,1533.0,1528.0,1532.0,3800,0.0,0.0
2023-02-14 14:00:00+09:00,1531.0,1531.0,1528.0,1528.0,600,0.0,0.0
2023-02-15 09:00:00+09:00,1541.0,1543.0,1520.0,1520.0,7300,0.0,0.0
2023-02-15 10:00:00+09:00,1522.0,1536.0,1517.0,1518.0,6200,0.0,0.0
2023-02-15 11:00:00+09:00,1520.0,1520.0,1520.0,1520.0,0,0.0,0.0
2023-02-15 12:00:00+09:00,1526.0,1526.0,1524.0,1524.0,13900,0.0,0.0
2023-02-15 13:00:00+09:00,1525.0,1534.0,1525.0,1530.0,900,0.0,0.0
2023-02-15 14:00:00+09:00,1530.0,1530.0,1530.0,1530.0,400,0.0,0.0
2023-02-16 09:00:00+09:00,1533.0,1550.0,1533.0,1550.0,0,0.0,0.0
2023-02-16 10:00:00+09:00,1557.0,1559.0,1554.0,1554.0,7900,0.0,0.0
2023-02-16 11:00:00+09:00,1558.0,1558.0,1558.0,1558.0,0,0.0,0.0
2023-02-16 12:00:00+09:00,1557.0,1557.0,1540.0,1544.0,10400,0.0,0.0
2023-02-16 13:00:00+09:00,1537.0,1537.0,1537.0,1537.0,0,0.0,0.0
2023-02-16 14:00:00+09:00,1546.0,1550.0,1534.0,1545.0,14500,0.0,0.0
2023-02-17 09:00:00+09:00,1545.0,1550.0,1540.0,1549.0,4300,0.0,0.0
2023-02-17 10:00:00+09:00,1550.0,1550.0,1548.0,1549.0,5700,0.0,0.0
2023-02-17 11:00:00+09:00,1550.0,1568.0,1548.0,1551.0,0,0.0,0.0
2023-02-17 12:00:00+09:00,1572.0,1591.0,1554.0,1570.0,22300,0.0,0.0
2023-02-17 13:00:00+09:00,1580.0,1589.0,1570.0,1585.0,4500,0.0,0.0
2023-02-17 14:00:00+09:00,1577.0,1588.0,1577.0,1585.0,3900,0.0,0.0
2023-02-20 09:00:00+09:00,1591.0,1619.0,1591.0,1600.0,8100,0.0,0.0
2023-02-20 10:00:00+09:00,1600.0,1613.0,1592.0,1613.0,2800,0.0,0.0
2023-02-20 11:00:00+09:00,1610.0,1611.0,1600.0,1611.0,0,0.0,0.0
2023-02-20 12:00:00+09:00,1610.0,1611.0,1601.0,1611.0,15400,0.0,0.0
2023-02-20 13:00:00+09:00,1611.0,1614.0,1601.0,1601.0,4900,0.0,0.0
2023-02-20 14:00:00+09:00,1612.0,1612.0,1600.0,1609.0,4100,0.0,0.0
2023-02-21 09:00:00+09:00,1620.0,1634.0,1615.0,1633.0,0,0.0,0.0
2023-02-21 10:00:00+09:00,1632.0,1650.0,1632.0,1648.0,13200,0.0,0.0
2023-02-21 11:00:00+09:00,1649.0,1650.0,1649.0,1649.0,0,0.0,0.0
2023-02-21 12:00:00+09:00,1649.0,1650.0,1649.0,1650.0,16600,0.0,0.0
2023-02-21 13:00:00+09:00,1650.0,1669.0,1640.0,1640.0,8500,0.0,0.0
2023-02-21 14:00:00+09:00,1636.0,1668.0,1625.0,1668.0,5500,0.0,0.0
2023-02-22 09:00:00+09:00,1669.0,1669.0,1650.0,1668.0,5900,0.0,0.0
2023-02-22 10:00:00+09:00,1665.0,1665.0,1652.0,1652.0,1100,0.0,0.0
2023-02-22 11:00:00+09:00,1653.0,1653.0,1650.0,1650.0,0,0.0,0.0
2023-02-22 12:00:00+09:00,1665.0,1669.0,1650.0,1650.0,11700,0.0,0.0
2023-02-22 13:00:00+09:00,1666.0,1666.0,1649.0,1649.0,6000,0.0,0.0
2023-02-22 14:00:00+09:00,1649.0,1664.0,1644.0,1646.0,2300,0.0,0.0
2023-02-24 09:00:00+09:00,1667.0,1678.0,1655.0,1656.0,6500,0.0,0.0
2023-02-24 10:00:00+09:00,1657.0,1665.0,1652.0,1659.0,8700,0.0,0.0
2023-02-24 11:00:00+09:00,1658.0,1658.0,1648.0,1648.0,0,0.0,0.0
2023-02-24 12:00:00+09:00,1655.0,1670.0,1655.0,1670.0,25100,0.0,0.0
2023-02-24 13:00:00+09:00,1665.0,1669.0,1665.0,1669.0,200,0.0,0.0
2023-02-24 14:00:00+09:00,1670.0,1685.0,1655.0,1685.0,5200,0.0,0.0
2023-02-27 09:00:00+09:00,1775.0,1794.0,1711.0,1767.0,37100,0.0,0.0
2023-02-27 10:00:00+09:00,1758.0,1780.0,1756.0,1760.0,11100,0.0,0.0
2023-02-27 11:00:00+09:00,1757.0,1774.0,1755.0,1774.0,0,0.0,0.0
2023-02-27 12:00:00+09:00,1780.0,1784.0,1761.0,1775.0,58400,0.0,0.0
2023-02-27 13:00:00+09:00,1775.0,1775.0,1730.0,1730.0,18500,0.0,0.0
2023-02-27 14:00:00+09:00,1746.0,1768.0,1731.0,1760.0,7000,0.0,0.0
2023-02-28 09:00:00+09:00,1780.0,1799.0,1775.0,1789.0,0,0.0,0.0
2023-02-28 10:00:00+09:00,1789.0,1790.0,1777.0,1780.0,20100,0.0,0.0
2023-02-28 11:00:00+09:00,1780.0,1780.0,1771.0,1780.0,0,0.0,0.0
2023-02-28 12:00:00+09:00,1780.0,1789.0,1771.0,1771.0,27700,0.0,0.0
2023-02-28 13:00:00+09:00,1771.0,1790.0,1771.0,1777.0,4700,0.0,0.0
2023-02-28 14:00:00+09:00,1785.0,1794.0,1778.0,1794.0,4700,0.0,0.0
2023-03-01 09:00:00+09:00,1795.0,1795.0,1783.0,1789.0,4800,0.0,0.0
2023-03-01 10:00:00+09:00,1792.0,1794.0,1765.0,1768.0,7400,0.0,0.0
2023-03-01 11:00:00+09:00,1770.0,1774.0,1770.0,1774.0,0,0.0,0.0
2023-03-01 12:00:00+09:00,1774.0,1785.0,1765.0,1778.0,16300,0.0,0.0
2023-03-01 13:00:00+09:00,1778.0,1778.0,1769.0,1769.0,1200,0.0,0.0
2023-03-01 14:00:00+09:00,1768.0,1776.0,1764.0,1764.0,4700,0.0,0.0
2023-03-02 09:00:00+09:00,1777.0,1777.0,1746.0,1746.0,6600,0.0,0.0
2023-03-02 10:00:00+09:00,1746.0,1746.0,1715.0,1718.0,11100,0.0,0.0
2023-03-02 11:00:00+09:00,1716.0,1748.0,1715.0,1748.0,0,0.0,0.0
2023-03-02 12:00:00+09:00,1748.0,1748.0,1735.0,1735.0,22400,0.0,0.0
2023-03-02 13:00:00+09:00,1733.0,1735.0,1731.0,1733.0,1700,0.0,0.0
2023-03-02 14:00:00+09:00,1735.0,1746.0,1733.0,1746.0,1700,0.0,0.0
2023-03-03 09:00:00+09:00,1755.0,1760.0,1742.0,1746.0,3100,0.0,0.0
2023-03-03 10:00:00+09:00,1745.0,1746.0,1744.0,1746.0,800,0.0,0.0
2023-03-03 11:00:00+09:00,1744.0,1744.0,1738.0,1738.0,0,0.0,0.0
2023-03-03 12:00:00+09:00,1740.0,1741.0,1737.0,1737.0,8300,0.0,0.0
2023-03-03 13:00:00+09:00,1739.0,1739.0,1730.0,1730.0,0,0.0,0.0
2023-03-03 14:00:00+09:00,1731.0,1739.0,1725.0,1725.0,17000,0.0,0.0
2023-03-06 09:00:00+09:00,1750.0,1750.0,1731.0,1731.0,5200,0.0,0.0
2023-03-06 10:00:00+09:00,1739.0,1740.0,1734.0,1734.0,2500,0.0,0.0
2023-03-06 11:00:00+09:00,1736.0,1740.0,1734.0,1740.0,0,0.0,0.0
2023-03-06 12:00:00+09:00,1743.0,1743.0,1735.0,1736.0,11400,0.0,0.0
2023-03-06 13:00:00+09:00,1740.0,1740.0,1736.0,1736.0,1100,0.0,0.0
2023-03-06 14:00:00+09:00,1735.0,1739.0,1733.0,1739.0,1600,0.0,0.0
2023-03-07 09:00:00+09:00,1740.0,1744.0,1736.0,1736.0,3000,0.0,0.0
2023-03-07 10:00:00+09:00,1737.0,1740.0,1736.0,1739.0,1100,0.0,0.0
2023-03-07 11:00:00+09:00,1742.0,1742.0,1742.0,1742.0,0,0.0,0.0
2023-03-07 12:00:00+09:00,1742.0,1742.0,1742.0,1742.0,4700,0.0,0.0
2023-03-07 13:00:00+09:00,1742.0,1743.0,1740.0,1740.0,600,0.0,0.0
2023-03-07 14:00:00+09:00,1742.0,1742.0,1731.0,1732.0,3100,0.0,0.0
2023-03-08 09:00:00+09:00,1731.0,1750.0,1731.0,1740.0,6400,0.0,0.0
2023-03-08 10:00:00+09:00,1739.0,1739.0,1733.0,1733.0,1400,0.0,0.0
2023-03-08 11:00:00+09:00,1733.0,1735.0,1730.0,1735.0,0,0.0,0.0
2023-03-08 12:00:00+09:00,1735.0,1740.0,1735.0,1738.0,13100,0.0,0.0
2023-03-08 13:00:00+09:00,1739.0,1749.0,1739.0,1744.0,0,0.0,0.0
2023-03-08 14:00:00+09:00,1749.0,1749.0,1745.0,1749.0,16000,0.0,0.0
2023-03-09 09:00:00+09:00,1750.0,1762.0,1730.0,1756.0,6300,0.0,0.0
2023-03-09 10:00:00+09:00,1757.0,1757.0,1742.0,1744.0,1400,0.0,0.0
2023-03-09 11:00:00+09:00,1744.0,1747.0,1740.0,1747.0,0,0.0,0.0
2023-03-09 12:00:00+09:00,1756.0,1756.0,1742.0,1750.0,11300,0.0,0.0
2023-03-09 14:00:00+09:00,1750.0,1750.0,1748.0,1748.0,1700,0.0,0.0
2023-03-10 09:00:00+09:00,1742.0,1754.0,1742.0,1750.0,3200,0.0,0.0
2023-03-10 10:00:00+09:00,1748.0,1748.0,1743.0,1748.0,500,0.0,0.0
2023-03-10 11:00:00+09:00,1745.0,1748.0,1745.0,1748.0,0,0.0,0.0
2023-03-10 12:00:00+09:00,1748.0,1749.0,1735.0,1735.0,14000,0.0,0.0
2023-03-10 13:00:00+09:00,1735.0,1744.0,1728.0,1744.0,0,0.0,0.0
2023-03-10 14:00:00+09:00,1740.0,1748.0,1740.0,1745.0,19900,0.0,0.0
2023-03-13 09:00:00+09:00,1733.0,1733.0,1700.0,1700.0,14200,0.0,0.0
2023-03-13 10:00:00+09:00,1701.0,1704.0,1690.0,1696.0,4600,0.0,0.0
2023-03-13 11:00:00+09:00,1696.0,1701.0,1694.0,1701.0,0,0.0,0.0
2023-03-13 12:00:00+09:00,1701.0,1710.0,1701.0,1710.0,21900,0.0,0.0
2023-03-13 13:00:00+09:00,1708.0,1709.0,1705.0,1705.0,3000,0.0,0.0
2023-03-13 14:00:00+09:00,1705.0,1708.0,1703.0,1708.0,2200,0.0,0.0
2023-03-14 09:00:00+09:00,1692.0,1692.0,1675.0,1675.0,10300,0.0,0.0
2023-03-14 10:00:00+09:00,1670.0,1670.0,1660.0,1668.0,2400,0.0,0.0
2023-03-14 11:00:00+09:00,1665.0,1675.0,1665.0,1666.0,0,0.0,0.0
2023-03-14 12:00:00+09:00,1665.0,1666.0,1665.0,1665.0,14400,0.0,0.0
2023-03-14 13:00:00+09:00,1665.0,1669.0,1663.0,1669.0,800,0.0,0.0
2023-03-14 14:00:00+09:00,1674.0,1680.0,1663.0,1663.0,3200,0.0,0.0
2023-03-15 09:00:00+09:00,1682.0,1715.0,1682.0,1715.0,4700,0.0,0.0
2023-03-15 10:00:00+09:00,1715.0,1723.0,1706.0,1708.0,1700,0.0,0.0
2023-03-15 11:00:00+09:00,1708.0,1708.0,1708.0,1708.0,0,0.0,0.0
2023-03-15 12:00:00+09:00,1719.0,1719.0,1719.0,1719.0,6500,0.0,0.0
2023-03-15 13:00:00+09:00,1719.0,1719.0,1713.0,1719.0,1100,0.0,0.0
2023-03-15 14:00:00+09:00,1719.0,1722.0,1715.0,1715.0,1000,0.0,0.0
2023-03-16 09:00:00+09:00,1671.0,1700.0,1671.0,1678.0,4700,0.0,0.0
2023-03-16 10:00:00+09:00,1694.0,1709.0,1680.0,1680.0,1300,0.0,0.0
2023-03-16 11:00:00+09:00,1680.0,1680.0,1680.0,1680.0,0,0.0,0.0
2023-03-16 12:00:00+09:00,1680.0,1680.0,1680.0,1680.0,6800,0.0,0.0
2023-03-16 13:00:00+09:00,1681.0,1695.0,1681.0,1695.0,500,0.0,0.0
2023-03-16 14:00:00+09:00,1685.0,1700.0,1685.0,1686.0,400,0.0,0.0
2023-03-17 09:00:00+09:00,1699.0,1710.0,1690.0,1701.0,1900,0.0,0.0
2023-03-17 10:00:00+09:00,1701.0,1702.0,1697.0,1697.0,600,0.0,0.0
2023-03-17 11:00:00+09:00,1700.0,1700.0,1700.0,1700.0,0,0.0,0.0
2023-03-17 12:00:00+09:00,1700.0,1703.0,1699.0,1699.0,3100,0.0,0.0
2023-03-17 13:00:00+09:00,1699.0,1699.0,1699.0,1699.0,100,0.0,0.0
2023-03-17 14:00:00+09:00,1700.0,1700.0,1690.0,1690.0,2000,0.0,0.0
2023-03-20 09:00:00+09:00,1685.0,1697.0,1680.0,1697.0,1900,0.0,0.0
2023-03-20 10:00:00+09:00,1694.0,1697.0,1694.0,1695.0,600,0.0,0.0
2023-03-20 11:00:00+09:00,1695.0,1695.0,1695.0,1695.0,0,0.0,0.0
2023-03-20 12:00:00+09:00,1686.0,1686.0,1678.0,1679.0,3300,0.0,0.0
2023-03-20 13:00:00+09:00,1679.0,1680.0,1675.0,1675.0,900,0.0,0.0
2023-03-20 14:00:00+09:00,1675.0,1676.0,1666.0,1667.0,1500,0.0,0.0
2023-03-22 09:00:00+09:00,1675.0,1693.0,1675.0,1685.0,0,0.0,0.0
2023-03-22 10:00:00+09:00,1679.0,1679.0,1671.0,1671.0,400,0.0,0.0
2023-03-22 11:00:00+09:00,1671.0,1671.0,1671.0,1671.0,0,0.0,0.0
2023-03-22 12:00:00+09:00,1671.0,1672.0,1665.0,1665.0,5700,0.0,0.0
2023-03-22 13:00:00+09:00,1666.0,1672.0,1665.0,1665.0,600,0.0,0.0
2023-03-22 14:00:00+09:00,1669.0,1670.0,1669.0,1670.0,600,0.0,0.0
2023-03-23 09:00:00+09:00,1677.0,1677.0,1677.0,1677.0,700,0.0,0.0
2023-03-23 10:00:00+09:00,1677.0,1682.0,1677.0,1680.0,1900,0.0,0.0
2023-03-23 11:00:00+09:00,1682.0,1684.0,1682.0,1684.0,0,0.0,0.0
2023-03-23 12:00:00+09:00,1684.0,1684.0,1684.0,1684.0,4100,0.0,0.0
2023-03-23 13:00:00+09:00,1685.0,1685.0,1678.0,1678.0,700,0.0,0.0
2023-03-23 14:00:00+09:00,1678.0,1678.0,1677.0,1677.0,300,0.0,0.0
2023-03-24 09:00:00+09:00,1678.0,1686.0,1672.0,1686.0,1700,0.0,0.0
2023-03-24 10:00:00+09:00,1692.0,1692.0,1683.0,1683.0,300,0.0,0.0
2023-03-24 11:00:00+09:00,1683.0,1683.0,1683.0,1683.0,0,0.0,0.0
2023-03-24 12:00:00+09:00,1699.0,1699.0,1694.0,1694.0,3100,0.0,0.0
2023-03-24 13:00:00+09:00,1690.0,1690.0,1685.0,1685.0,200,0.0,0.0
2023-03-24 14:00:00+09:00,1683.0,1683.0,1681.0,1681.0,900,0.0,0.0
2023-03-27 09:00:00+09:00,1692.0,1694.0,1680.0,1694.0,0,0.0,0.0
2023-03-27 10:00:00+09:00,1693.0,1697.0,1682.0,1697.0,3800,0.0,0.0
2023-03-27 11:00:00+09:00,1700.0,1700.0,1686.0,1697.0,0,0.0,0.0
2023-03-27 12:00:00+09:00,1697.0,1700.0,1695.0,1700.0,5900,0.0,0.0
2023-03-27 13:00:00+09:00,1687.0,1690.0,1687.0,1690.0,500,0.0,0.0
2023-03-27 14:00:00+09:00,1690.0,1690.0,1690.0,1690.0,300,0.0,0.0
2023-03-28 09:00:00+09:00,1730.0,1730.0,1701.0,1717.0,3600,0.0,0.0
2023-03-28 10:00:00+09:00,1715.0,1715.0,1714.0,1714.0,400,0.0,0.0
2023-03-28 11:00:00+09:00,1705.0,1705.0,1704.0,1704.0,0,0.0,0.0
2023-03-28 12:00:00+09:00,1703.0,1703.0,1698.0,1698.0,7200,0.0,0.0
2023-03-28 13:00:00+09:00,1700.0,1702.0,1696.0,1696.0,600,0.0,0.0
2023-03-28 14:00:00+09:00,1703.0,1703.0,1700.0,1700.0,1200,0.0,0.0
2023-03-29 09:00:00+09:00,1700.0,1701.0,1690.0,1690.0,2300,0.0,0.0
2023-03-29 10:00:00+09:00,1697.0,1705.0,1690.0,1690.0,1700,0.0,0.0
2023-03-29 11:00:00+09:00,1702.0,1702.0,1702.0,1702.0,0,0.0,0.0
2023-03-29 12:00:00+09:00,1702.0,1702.0,1701.0,1702.0,4700,0.0,0.0
2023-03-29 13:00:00+09:00,1700.0,1704.0,1695.0,1700.0,3000,0.0,0.0
2023-03-29 14:00:00+09:00,1702.0,1717.0,1700.0,1717.0,3900,0.0,0.0
2023-03-30 09:00:00+09:00,1677.0,1677.0,1610.0,1639.0,7300,0.0,0.0
2023-03-30 10:00:00+09:00,1640.0,1645.0,1640.0,1640.0,600,0.0,0.0
2023-03-30 11:00:00+09:00,1640.0,1640.0,1640.0,1640.0,0,0.0,0.0
2023-03-30 12:00:00+09:00,1617.0,1639.0,1617.0,1623.0,16400,0.0,0.0
2023-03-30 13:00:00+09:00,1624.0,1641.0,1623.0,1641.0,1900,0.0,0.0
2023-03-30 14:00:00+09:00,1640.0,1641.0,1619.0,1640.0,3400,0.0,0.0
2023-03-31 09:00:00+09:00,1659.0,1661.0,1650.0,1657.0,1200,0.0,0.0
2023-03-31 10:00:00+09:00,1653.0,1653.0,1650.0,1650.0,400,0.0,0.0
2023-03-31 11:00:00+09:00,1650.0,1650.0,1650.0,1650.0,0,0.0,0.0
2023-03-31 12:00:00+09:00,1645.0,1645.0,1637.0,1637.0,2800,0.0,0.0
2023-03-31 13:00:00+09:00,1638.0,1640.0,1638.0,1640.0,200,0.0,0.0
2023-03-31 14:00:00+09:00,1643.0,1684.0,1643.0,1664.0,3400,0.0,0.0
2023-04-03 09:00:00+09:00,1689.0,1689.0,1652.0,1656.0,2200,0.0,0.0
2023-04-03 10:00:00+09:00,1666.0,1671.0,1656.0,1661.0,2300,0.0,0.0
2023-04-03 11:00:00+09:00,1661.0,1661.0,1652.0,1652.0,0,0.0,0.0
2023-04-03 12:00:00+09:00,1651.0,1672.0,1651.0,1672.0,6600,0.0,0.0
2023-04-03 13:00:00+09:00,1656.0,1667.0,1656.0,1656.0,500,0.0,0.0
2023-04-03 14:00:00+09:00,1655.0,1666.0,1655.0,1663.0,1500,0.0,0.0
2023-04-04 09:00:00+09:00,1663.0,1690.0,1663.0,1685.0,5800,0.0,0.0
2023-04-04 10:00:00+09:00,1682.0,1692.0,1680.0,1692.0,7200,0.0,0.0
2023-04-04 11:00:00+09:00,1694.0,1707.0,1694.0,1699.0,0,0.0,0.0
2023-04-04 12:00:00+09:00,1699.0,1700.0,1676.0,1685.0,17200,0.0,0.0
2023-04-04 13:00:00+09:00,1683.0,1686.0,1683.0,1686.0,1400,0.0,0.0
2023-04-04 14:00:00+09:00,1676.0,1690.0,1676.0,1689.0,1800,0.0,0.0
2023-04-05 09:00:00+09:00,1675.0,1693.0,1661.0,1693.0,6400,0.0,0.0
2023-04-05 10:00:00+09:00,1691.0,1691.0,1690.0,1690.0,700,0.0,0.0
2023-04-05 11:00:00+09:00,1690.0,1690.0,1690.0,1690.0,0,0.0,0.0
2023-04-05 12:00:00+09:00,1682.0,1698.0,1682.0,1698.0,7600,0.0,0.0
2023-04-05 13:00:00+09:00,1683.0,1698.0,1683.0,1698.0,1300,0.0,0.0
2023-04-05 14:00:00+09:00,1699.0,1705.0,1699.0,1705.0,3200,0.0,0.0
2023-04-06 09:00:00+09:00,1696.0,1715.0,1696.0,1703.0,7400,0.0,0.0
2023-04-06 10:00:00+09:00,1703.0,1703.0,1703.0,1703.0,100,0.0,0.0
2023-04-06 11:00:00+09:00,1702.0,1702.0,1700.0,1700.0,0,0.0,0.0
2023-04-06 12:00:00+09:00,1695.0,1695.0,1685.0,1685.0,10200,0.0,0.0
2023-04-06 13:00:00+09:00,1683.0,1700.0,1665.0,1700.0,600,0.0,0.0
2023-04-06 14:00:00+09:00,1690.0,1690.0,1690.0,1690.0,100,0.0,0.0
2023-04-07 09:00:00+09:00,1694.0,1694.0,1690.0,1690.0,500,0.0,0.0
2023-04-07 10:00:00+09:00,1663.0,1689.0,1663.0,1672.0,600,0.0,0.0
2023-04-07 11:00:00+09:00,1672.0,1672.0,1672.0,1672.0,0,0.0,0.0
2023-04-07 12:00:00+09:00,1680.0,1680.0,1680.0,1680.0,1200,0.0,0.0
2023-04-07 13:00:00+09:00,1680.0,1689.0,1675.0,1675.0,400,0.0,0.0
2023-04-07 14:00:00+09:00,1671.0,1689.0,1671.0,1689.0,200,0.0,0.0
2023-04-10 09:00:00+09:00,1689.0,1689.0,1680.0,1680.0,0,0.0,0.0
2023-04-10 10:00:00+09:00,1680.0,1680.0,1680.0,1680.0,100,0.0,0.0
2023-04-10 11:00:00+09:00,1673.0,1685.0,1671.0,1685.0,0,0.0,0.0
2023-04-10 12:00:00+09:00,1671.0,1673.0,1671.0,1671.0,2700,0.0,0.0
2023-04-10 13:00:00+09:00,1679.0,1679.0,1679.0,1679.0,200,0.0,0.0
2023-04-10 14:00:00+09:00,1679.0,1685.0,1679.0,1685.0,1100,0.0,0.0
2023-04-11 09:00:00+09:00,1685.0,1685.0,1673.0,1673.0,500,0.0,0.0
2023-04-11 10:00:00+09:00,1673.0,1687.0,1673.0,1675.0,400,0.0,0.0
2023-04-11 11:00:00+09:00,1686.0,1686.0,1675.0,1675.0,0,0.0,0.0
2023-04-11 12:00:00+09:00,1675.0,1680.0,1675.0,1675.0,1800,0.0,0.0
2023-04-11 13:00:00+09:00,1681.0,1681.0,1681.0,1681.0,100,0.0,0.0
2023-04-11 14:00:00+09:00,1688.0,1688.0,1681.0,1681.0,400,0.0,0.0
2023-04-12 09:00:00+09:00,1692.0,1692.0,1679.0,1689.0,700,0.0,0.0
2023-04-12 10:00:00+09:00,1689.0,1690.0,1676.0,1676.0,600,0.0,0.0
2023-04-12 11:00:00+09:00,1685.0,1685.0,1685.0,1685.0,0,0.0,0.0
2023-04-12 12:00:00+09:00,1685.0,1685.0,1675.0,1676.0,3000,0.0,0.0
2023-04-12 13:00:00+09:00,1675.0,1682.0,1675.0,1675.0,700,0.0,0.0
2023-04-12 14:00:00+09:00,1677.0,1682.0,1675.0,1676.0,900,0.0,0.0
2023-04-13 09:00:00+09:00,1677.0,1688.0,1675.0,1677.0,900,0.0,0.0
2023-04-13 10:00:00+09:00,1677.0,1677.0,1675.0,1675.0,1000,0.0,0.0
2023-04-13 11:00:00+09:00,1675.0,1675.0,1675.0,1675.0,0,0.0,0.0
2023-04-13 12:00:00+09:00,1675.0,1683.0,1673.0,1673.0,2800,0.0,0.0
2023-04-13 13:00:00+09:00,1672.0,1677.0,1671.0,1676.0,400,0.0,0.0
2023-04-13 14:00:00+09:00,1671.0,1680.0,1655.0,1680.0,2800,0.0,0.0
2023-04-14 09:00:00+09:00,1674.0,1679.0,1661.0,1661.0,2100,0.0,0.0
2023-04-14 10:00:00+09:00,1670.0,1670.0,1661.0,1661.0,300,0.0,0.0
2023-04-14 11:00:00+09:00,1660.0,1660.0,1659.0,1659.0,0,0.0,0.0
2023-04-14 12:00:00+09:00,1658.0,1658.0,1651.0,1651.0,4400,0.0,0.0
2023-04-14 13:00:00+09:00,1652.0,1653.0,1652.0,1653.0,400,0.0,0.0
2023-04-14 14:00:00+09:00,1652.0,1656.0,1647.0,1647.0,2000,0.0,0.0
2023-04-17 09:00:00+09:00,1650.0,1657.0,1641.0,1641.0,1900,0.0,0.0
2023-04-17 10:00:00+09:00,1637.0,1637.0,1633.0,1635.0,1600,0.0,0.0
2023-04-17 11:00:00+09:00,1639.0,1640.0,1639.0,1640.0,0,0.0,0.0
2023-04-17 12:00:00+09:00,1640.0,1642.0,1633.0,1633.0,4700,0.0,0.0
2023-04-17 13:00:00+09:00,1632.0,1632.0,1627.0,1628.0,1200,0.0,0.0
2023-04-17 14:00:00+09:00,1629.0,1650.0,1627.0,1650.0,0,0.0,0.0
2023-04-18 09:00:00+09:00,1650.0,1650.0,1645.0,1645.0,800,0.0,0.0
2023-04-18 11:00:00+09:00,1641.0,1641.0,1637.0,1637.0,0,0.0,0.0
2023-04-18 12:00:00+09:00,1638.0,1638.0,1636.0,1636.0,1900,0.0,0.0
2023-04-18 13:00:00+09:00,1636.0,1636.0,1633.0,1633.0,500,0.0,0.0
2023-04-18 14:00:00+09:00,1633.0,1633.0,1621.0,1621.0,2700,0.0,0.0
2023-04-19 09:00:00+09:00,1620.0,1622.0,1603.0,1603.0,4400,0.0,0.0
2023-04-19 10:00:00+09:00,1603.0,1603.0,1580.0,1599.0,4900,0.0,0.0
2023-04-19 11:00:00+09:00,1591.0,1599.0,1585.0,1599.0,0,0.0,0.0
2023-04-19 12:00:00+09:00,1595.0,1595.0,1580.0,1592.0,13900,0.0,0.0
2023-04-19 13:00:00+09:00,1587.0,1591.0,1584.0,1585.0,800,0.0,0.0
2023-04-19 14:00:00+09:00,1585.0,1589.0,1584.0,1584.0,1100,0.0,0.0
2023-04-20 09:00:00+09:00,1582.0,1591.0,1582.0,1591.0,1800,0.0,0.0
2023-04-20 10:00:00+09:00,1586.0,1598.0,1585.0,1585.0,600,0.0,0.0
2023-04-20 11:00:00+09:00,1585.0,1593.0,1585.0,1593.0,0,0.0,0.0
2023-04-20 12:00:00+09:00,1586.0,1589.0,1586.0,1589.0,3600,0.0,0.0
2023-04-20 13:00:00+09:00,1590.0,1599.0,1590.0,1599.0,500,0.0,0.0
2023-04-20 14:00:00+09:00,1595.0,1595.0,1591.0,1591.0,700,0.0,0.0
2023-04-21 09:00:00+09:00,1595.0,1595.0,1591.0,1591.0,0,0.0,0.0
2023-04-21 10:00:00+09:00,1595.0,1595.0,1593.0,1593.0,1000,0.0,0.0
2023-04-21 11:00:00+09:00,1593.0,1595.0,1593.0,1595.0,0,0.0,0.0
2023-04-21 12:00:00+09:00,1600.0,1618.0,1594.0,1618.0,4400,0.0,0.0
2023-04-21 13:00:00+09:00,1610.0,1610.0,1601.0,1605.0,400,0.0,0.0
2023-04-21 14:00:00+09:00,1605.0,1614.0,1601.0,1614.0,1200,0.0,0.0
2023-04-24 09:00:00+09:00,1614.0,1614.0,1613.0,1613.0,600,0.0,0.0
2023-04-24 10:00:00+09:00,1613.0,1614.0,1612.0,1614.0,1200,0.0,0.0
2023-04-24 11:00:00+09:00,1614.0,1614.0,1614.0,1614.0,0,0.0,0.0
2023-04-24 12:00:00+09:00,1608.0,1614.0,1608.0,1614.0,2500,0.0,0.0
2023-04-24 14:00:00+09:00,1614.0,1614.0,1614.0,1614.0,200,0.0,0.0
2023-04-25 09:00:00+09:00,1612.0,1615.0,1612.0,1615.0,1200,0.0,0.0
2023-04-25 10:00:00+09:00,1614.0,1616.0,1610.0,1611.0,800,0.0,0.0
2023-04-25 11:00:00+09:00,1612.0,1617.0,1612.0,1617.0,0,0.0,0.0
2023-04-25 12:00:00+09:00,1611.0,1611.0,1610.0,1610.0,3500,0.0,0.0
2023-04-25 13:00:00+09:00,1610.0,1610.0,1595.0,1595.0,1600,0.0,0.0
2023-04-25 14:00:00+09:00,1595.0,1595.0,1595.0,1595.0,100,0.0,0.0
2023-04-26 09:00:00+09:00,1594.0,1594.0,1584.0,1584.0,4200,0.0,0.0
2023-04-26 10:00:00+09:00,1584.0,1586.0,1584.0,1586.0,500,0.0,0.0
2023-04-26 11:00:00+09:00,1586.0,1586.0,1586.0,1586.0,0,0.0,0.0
2023-04-26 12:00:00+09:00,1586.0,1595.0,1586.0,1595.0,5200,0.0,0.0
2023-04-26 13:00:00+09:00,1588.0,1590.0,1588.0,1590.0,200,0.0,0.0
2023-04-26 14:00:00+09:00,1589.0,1589.0,1589.0,1589.0,100,0.0,0.0
2023-04-27 09:00:00+09:00,1594.0,1595.0,1584.0,1584.0,2800,0.0,0.0
2023-04-27 10:00:00+09:00,1586.0,1587.0,1584.0,1584.0,600,0.0,0.0
2023-04-27 11:00:00+09:00,1584.0,1584.0,1584.0,1584.0,0,0.0,0.0
2023-04-27 12:00:00+09:00,1584.0,1584.0,1584.0,1584.0,3600,0.0,0.0
2023-04-27 13:00:00+09:00,1587.0,1587.0,1587.0,1587.0,400,0.0,0.0
2023-04-27 14:00:00+09:00,1587.0,1592.0,1587.0,1592.0,400,0.0,0.0
2023-04-28 09:00:00+09:00,1614.0,1615.0,1610.0,1615.0,0,0.0,0.0
2023-04-28 10:00:00+09:00,1609.0,1609.0,1599.0,1600.0,3100,0.0,0.0
2023-04-28 11:00:00+09:00,1600.0,1600.0,1600.0,1600.0,0,0.0,0.0
2023-04-28 12:00:00+09:00,1600.0,1600.0,1590.0,1590.0,5600,0.0,0.0
2023-04-28 13:00:00+09:00,1595.0,1595.0,1595.0,1595.0,1700,0.0,0.0
2023-04-28 14:00:00+09:00,1608.0,1700.0,1597.0,1660.0,22100,0.0,0.0
2023-05-01 09:00:00+09:00,1675.0,1705.0,1674.0,1692.0,13200,0.0,0.0
2023-05-01 10:00:00+09:00,1692.0,1718.0,1691.0,1708.0,3200,0.0,0.0
2023-05-01 11:00:00+09:00,1706.0,1710.0,1706.0,1710.0,0,0.0,0.0
2023-05-01 12:00:00+09:00,1710.0,1717.0,1695.0,1705.0,19500,0.0,0.0
2023-05-01 13:00:00+09:00,1706.0,1706.0,1696.0,1696.0,200,0.0,0.0
2023-05-01 14:00:00+09:00,1705.0,1714.0,1704.0,1710.0,3000,0.0,0.0
2023-05-02 09:00:00+09:00,1705.0,1720.0,1705.0,1714.0,4400,0.0,0.0
2023-05-02 10:00:00+09:00,1705.0,1721.0,1705.0,1721.0,2300,0.0,0.0
2023-05-02 11:00:00+09:00,1711.0,1711.0,1711.0,1711.0,0,0.0,0.0
2023-05-02 12:00:00+09:00,1711.0,1715.0,1711.0,1715.0,7300,0.0,0.0
2023-05-02 13:00:00+09:00,1712.0,1716.0,1711.0,1711.0,1000,0.0,0.0
2023-05-02 14:00:00+09:00,1712.0,1722.0,1710.0,1716.0,3300,0.0,0.0
2023-05-08 09:00:00+09:00,1727.0,1730.0,1719.0,1723.0,5600,0.0,0.0
2023-05-08 10:00:00+09:00,1720.0,1728.0,1700.0,1727.0,0,0.0,0.0
2023-05-08 11:00:00+09:00,1727.0,1727.0,1727.0,1727.0,0,0.0,0.0
2023-05-08 12:00:00+09:00,1725.0,1725.0,1705.0,1705.0,11800,0.0,0.0
2023-05-08 13:00:00+09:00,1710.0,1722.0,1710.0,1722.0,1200,0.0,0.0
2023-05-08 14:00:00+09:00,1723.0,1723.0,1723.0,1723.0,100,0.0,0.0
2023-05-09 09:00:00+09:00,1727.0,1727.0,1720.0,1725.0,1800,0.0,0.0
2023-05-09 10:00:00+09:00,1725.0,1725.0,1719.0,1719.0,200,0.0,0.0
2023-05-09 11:00:00+09:00,1719.0,1719.0,1719.0,1719.0,0,0.0,0.0
2023-05-09 12:00:00+09:00,1726.0,1726.0,1726.0,1726.0,2700,0.0,0.0
2023-05-09 13:00:00+09:00,1726.0,1730.0,1726.0,1727.0,2800,0.0,0.0
2023-05-09 14:00:00+09:00,1730.0,1735.0,1730.0,1735.0,1700,0.0,0.0
2023-05-10 09:00:00+09:00,1739.0,1739.0,1722.0,1729.0,2000,0.0,0.0
2023-05-10 10:00:00+09:00,1722.0,1730.0,1709.0,1730.0,2200,0.0,0.0
2023-05-10 11:00:00+09:00,1719.0,1719.0,1719.0,1719.0,0,0.0,0.0
2023-05-10 12:00:00+09:00,1719.0,1720.0,1719.0,1720.0,4500,0.0,0.0
2023-05-10 13:00:00+09:00,1730.0,1730.0,1730.0,1730.0,100,0.0,0.0
2023-05-10 14:00:00+09:00,1722.0,1722.0,1715.0,1715.0,1800,0.0,0.0
2023-05-11 09:00:00+09:00,1737.0,1737.0,1717.0,1717.0,7700,0.0,0.0
2023-05-11 10:00:00+09:00,1718.0,1718.0,1717.0,1717.0,600,0.0,0.0
2023-05-11 11:00:00+09:00,1717.0,1717.0,1717.0,1717.0,0,0.0,0.0
2023-05-11 12:00:00+09:00,1718.0,1721.0,1717.0,1721.0,9000,0.0,0.0
2023-05-11 13:00:00+09:00,1720.0,1721.0,1720.0,1721.0,700,0.0,0.0
2023-05-11 14:00:00+09:00,1721.0,1730.0,1721.0,1730.0,500,0.0,0.0
2023-05-12 09:00:00+09:00,1734.0,1734.0,1717.0,1717.0,800,0.0,0.0
2023-05-12 10:00:00+09:00,1723.0,1725.0,1723.0,1725.0,500,0.0,0.0
2023-05-12 11:00:00+09:00,1723.0,1730.0,1723.0,1730.0,0,0.0,0.0
2023-05-12 12:00:00+09:00,1723.0,1725.0,1723.0,1725.0,0,0.0,0.0
2023-05-12 13:00:00+09:00,1725.0,1725.0,1718.0,1718.0,4400,0.0,0.0
2023-05-12 14:00:00+09:00,1718.0,1719.0,1707.0,1712.0,3800,0.0,0.0
2023-05-15 09:00:00+09:00,1712.0,1730.0,1706.0,1710.0,0,0.0,0.0
2023-05-15 10:00:00+09:00,1704.0,1713.0,1704.0,1707.0,500,0.0,0.0
2023-05-15 11:00:00+09:00,1707.0,1707.0,1707.0,1707.0,0,0.0,0.0
2023-05-15 12:00:00+09:00,1723.0,1723.0,1721.0,1721.0,4000,0.0,0.0
2023-05-15 13:00:00+09:00,1710.0,1710.0,1710.0,1710.0,100,0.0,0.0
2023-05-15 14:00:00+09:00,1715.0,1720.0,1715.0,1720.0,400,0.0,0.0
2023-05-16 09:00:00+09:00,1735.0,1735.0,1730.0,1730.0,2000,0.0,0.0
2023-05-16 10:00:00+09:00,1729.0,1732.0,1720.0,1732.0,2200,0.0,0.0
2023-05-16 11:00:00+09:00,1732.0,1732.0,1732.0,1732.0,0,0.0,0.0
2023-05-16 12:00:00+09:00,1730.0,1730.0,1720.0,1720.0,5100,0.0,0.0
2023-05-16 13:00:00+09:00,1727.0,1727.0,1720.0,1720.0,900,0.0,0.0
2023-05-16 14:00:00+09:00,1720.0,1725.0,1720.0,1725.0,400,0.0,0.0
2023-05-17 09:00:00+09:00,1728.0,1728.0,1701.0,1703.0,2200,0.0,0.0
2023-05-17 10:00:00+09:00,1703.0,1705.0,1700.0,1703.0,2100,0.0,0.0
2023-05-17 11:00:00+09:00,1703.0,1703.0,1703.0,1703.0,0,0.0,0.0
2023-05-17 12:00:00+09:00,1704.0,1717.0,1704.0,1717.0,4700,0.0,0.0
2023-05-17 13:00:00+09:00,1703.0,1708.0,1703.0,1708.0,600,0.0,0.0
2023-05-17 14:00:00+09:00,1717.0,1717.0,1716.0,1716.0,400,0.0,0.0
2023-05-18 09:00:00+09:00,1728.0,1728.0,1715.0,1719.0,1800,0.0,0.0
2023-05-18 10:00:00+09:00,1719.0,1719.0,1716.0,1719.0,500,0.0,0.0
2023-05-18 11:00:00+09:00,1719.0,1722.0,1719.0,1719.0,0,0.0,0.0
2023-05-18 12:00:00+09:00,1719.0,1722.0,1719.0,1722.0,4900,0.0,0.0
2023-05-18 14:00:00+09:00,1723.0,1725.0,1720.0,1720.0,2100,0.0,0.0
2023-05-19 09:00:00+09:00,1720.0,1726.0,1718.0,1726.0,2100,0.0,0.0
2023-05-19 10:00:00+09:00,1726.0,1726.0,1715.0,1724.0,1700,0.0,0.0
2023-05-19 11:00:00+09:00,1726.0,1727.0,1726.0,1727.0,0,0.0,0.0
2023-05-19 12:00:00+09:00,1725.0,1725.0,1710.0,1720.0,8300,0.0,0.0
2023-05-19 13:00:00+09:00,1705.0,1720.0,1705.0,1720.0,300,0.0,0.0
2023-05-19 14:00:00+09:00,1719.0,1719.0,1719.0,1719.0,400,0.0,0.0
2023-05-22 09:00:00+09:00,1709.0,1725.0,1708.0,1708.0,0,0.0,0.0
2023-05-22 10:00:00+09:00,1709.0,1722.0,1709.0,1722.0,300,0.0,0.0
2023-05-22 11:00:00+09:00,1722.0,1722.0,1722.0,1722.0,0,0.0,0.0
2023-05-22 13:00:00+09:00,1719.0,1719.0,1719.0,1719.0,0,0.0,0.0
2023-05-22 14:00:00+09:00,1719.0,1721.0,1711.0,1713.0,6900,0.0,0.0
2023-05-23 09:00:00+09:00,1716.0,1725.0,1716.0,1724.0,0,0.0,0.0
2023-05-23 10:00:00+09:00,1721.0,1723.0,1720.0,1720.0,4200,0.0,0.0
2023-05-23 11:00:00+09:00,1720.0,1720.0,1720.0,1720.0,0,0.0,0.0
2023-05-23 12:00:00+09:00,1720.0,1724.0,1719.0,1719.0,6400,0.0,0.0
2023-05-23 13:00:00+09:00,1717.0,1723.0,1716.0,1720.0,2200,0.0,0.0
2023-05-23 14:00:00+09:00,1719.0,1719.0,1719.0,1719.0,100,0.0,0.0
2023-05-24 09:00:00+09:00,1715.0,1717.0,1715.0,1717.0,1400,0.0,0.0
2023-05-24 10:00:00+09:00,1718.0,1718.0,1718.0,1718.0,300,0.0,0.0
2023-05-24 11:00:00+09:00,1718.0,1718.0,1718.0,1718.0,0,0.0,0.0
2023-05-24 12:00:00+09:00,1718.0,1718.0,1718.0,1718.0,1900,0.0,0.0
2023-05-24 13:00:00+09:00,1719.0,1722.0,1719.0,1722.0,1100,0.0,0.0
2023-05-24 14:00:00+09:00,1717.0,1722.0,1717.0,1722.0,300,0.0,0.0
2023-05-25 09:00:00+09:00,1714.0,1720.0,1714.0,1720.0,900,0.0,0.0
2023-05-25 10:00:00+09:00,1719.0,1720.0,1719.0,1720.0,400,0.0,0.0
2023-05-25 11:00:00+09:00,1719.0,1722.0,1719.0,1721.0,0,0.0,0.0
2023-05-25 12:00:00+09:00,1721.0,1721.0,1718.0,1718.0,2900,0.0,0.0
2023-05-25 13:00:00+09:00,1718.0,1721.0,1718.0,1721.0,1900,0.0,0.0
2023-05-25 14:00:00+09:00,1718.0,1720.0,1718.0,1718.0,1500,0.0,0.0
2023-05-26 09:00:00+09:00,1720.0,1724.0,1720.0,1724.0,800,0.0,0.0
2023-05-26 10:00:00+09:00,1724.0,1724.0,1721.0,1724.0,300,0.0,0.0
2023-05-26 11:00:00+09:00,1724.0,1727.0,1724.0,1725.0,0,0.0,0.0
2023-05-26 12:00:00+09:00,1725.0,1725.0,1720.0,1720.0,2700,0.0,0.0
2023-05-26 13:00:00+09:00,1721.0,1721.0,1720.0,1720.0,400,0.0,0.0
2023-05-26 14:00:00+09:00,1721.0,1721.0,1721.0,1721.0,600,0.0,0.0
2023-05-29 09:00:00+09:00,1721.0,1724.0,1718.0,1724.0,1000,0.0,0.0
2023-05-29 11:00:00+09:00,1724.0,1728.0,1724.0,1728.0,0,0.0,0.0
2023-05-29 12:00:00+09:00,1725.0,1725.0,1725.0,1725.0,2800,0.0,0.0
2023-05-29 13:00:00+09:00,1721.0,1725.0,1721.0,1725.0,300,0.0,0.0
2023-05-29 14:00:00+09:00,1725.0,1725.0,1725.0,1725.0,300,0.0,0.0
2023-05-30 09:00:00+09:00,1727.0,1732.0,1727.0,1728.0,0,0.0,0.0
2023-05-30 10:00:00+09:00,1728.0,1728.0,1726.0,1726.0,2800,0.0,0.0
2023-05-30 11:00:00+09:00,1728.0,1728.0,1728.0,1728.0,0,0.0,0.0
2023-05-30 12:00:00+09:00,1725.0,1725.0,1725.0,1725.0,3200,0.0,0.0
2023-05-30 13:00:00+09:00,1728.0,1733.0,1726.0,1733.0,3100,0.0,0.0
2023-05-30 14:00:00+09:00,1732.0,1735.0,1732.0,1735.0,1800,0.0,0.0
2023-05-31 09:00:00+09:00,1735.0,1740.0,1730.0,1730.0,1300,0.0,0.0
2023-05-31 10:00:00+09:00,1730.0,1730.0,1730.0,1730.0,100,0.0,0.0
2023-05-31 11:00:00+09:00,1730.0,1730.0,1730.0,1730.0,0,0.0,0.0
2023-05-31 12:00:00+09:00,1739.0,1739.0,1737.0,1738.0,2400,0.0,0.0
2023-05-31 13:00:00+09:00,1730.0,1730.0,1730.0,1730.0,100,0.0,0.0
2023-05-31 14:00:00+09:00,1728.0,1734.0,1726.0,1726.0,600,0.0,0.0
2023-06-01 09:00:00+09:00,1736.0,1740.0,1736.0,1740.0,2000,0.0,0.0
2023-06-01 10:00:00+09:00,1740.0,1740.0,1740.0,1740.0,0,0.0,0.0
2023-06-01 11:00:00+09:00,1740.0,1740.0,1740.0,1740.0,0,0.0,0.0
2023-06-01 14:00:00+09:00,1740.0,1740.0,1733.0,1740.0,3400,0.0,0.0
2023-06-02 09:00:00+09:00,1740.0,1740.0,1729.0,1729.0,300,0.0,0.0
2023-06-02 10:00:00+09:00,1733.0,1733.0,1730.0,1731.0,0,0.0,0.0
2023-06-02 11:00:00+09:00,1731.0,1731.0,1731.0,1731.0,0,0.0,0.0
2023-06-02 12:00:00+09:00,1740.0,1740.0,1731.0,1731.0,2400,0.0,0.0
2023-06-02 13:00:00+09:00,1740.0,1740.0,1740.0,1740.0,100,0.0,0.0
2023-06-02 14:00:00+09:00,1732.0,1732.0,1730.0,1730.0,600,0.0,0.0
2023-06-05 09:00:00+09:00,1741.0,1741.0,1732.0,1739.0,100,0.0,0.0
2023-06-05 10:00:00+09:00,1740.0,1740.0,1738.0,1738.0,600,0.0,0.0
2023-06-05 11:00:00+09:00,1740.0,1741.0,1734.0,1734.0,0,0.0,0.0
2023-06-05 12:00:00+09:00,1738.0,1738.0,1738.0,1738.0,5700,0.0,0.0
2023-06-05 13:00:00+09:00,1735.0,1740.0,1735.0,1740.0,1600,0.0,0.0
2023-06-05 14:00:00+09:00,1740.0,1740.0,1735.0,1737.0,2800,0.0,0.0
2023-06-06 09:00:00+09:00,1737.0,1754.0,1735.0,1748.0,4700,0.0,0.0
2023-06-06 10:00:00+09:00,1746.0,1746.0,1731.0,1731.0,2400,0.0,0.0
2023-06-06 11:00:00+09:00,1731.0,1731.0,1731.0,1731.0,0,0.0,0.0
2023-06-06 12:00:00+09:00,1734.0,1734.0,1734.0,1734.0,7200,0.0,0.0
2023-06-06 13:00:00+09:00,1745.0,1745.0,1745.0,1745.0,400,0.0,0.0
2023-06-06 14:00:00+09:00,1743.0,1743.0,1743.0,1743.0,100,0.0,0.0
2023-06-07 09:00:00+09:00,1748.0,1750.0,1746.0,1749.0,1900,0.0,0.0
2023-06-07 10:00:00+09:00,1746.0,1746.0,1738.0,1738.0,1000,0.0,0.0
2023-06-07 11:00:00+09:00,1738.0,1747.0,1738.0,1747.0,0,0.0,0.0
2023-06-07 12:00:00+09:00,1749.0,1749.0,1749.0,1749.0,4000,0.0,0.0
2023-06-07 13:00:00+09:00,1748.0,1749.0,1747.0,1749.0,900,0.0,0.0
2023-06-07 14:00:00+09:00,1745.0,1745.0,1745.0,1745.0,400,0.0,0.0
2023-06-08 09:00:00+09:00,1748.0,1748.0,1740.0,1740.0,1300,0.0,0.0
2023-06-08 10:00:00+09:00,1742.0,1742.0,1742.0,1742.0,100,0.0,0.0
2023-06-08 11:00:00+09:00,1742.0,1742.0,1742.0,1742.0,0,0.0,0.0
2023-06-08 12:00:00+09:00,1748.0,1748.0,1743.0,1743.0,1800,0.0,0.0
2023-06-08 13:00:00+09:00,1742.0,1748.0,1742.0,1748.0,200,0.0,0.0
2023-06-08 14:00:00+09:00,1748.0,1748.0,1742.0,1742.0,500,0.0,0.0
2023-06-09 09:00:00+09:00,1747.0,1750.0,1746.0,1746.0,0,0.0,0.0
2023-06-09 11:00:00+09:00,1747.0,1747.0,1746.0,1746.0,0,0.0,0.0
2023-06-09 12:00:00+09:00,1746.0,1746.0,1746.0,1746.0,3200,0.0,0.0
2023-06-09 13:00:00+09:00,1747.0,1747.0,1747.0,1747.0,100,0.0,0.0
2023-06-09 14:00:00+09:00,1746.0,1748.0,1745.0,1745.0,900,0.0,0.0
2023-06-12 09:00:00+09:00,1750.0,1758.0,1748.0,1758.0,4300,0.0,0.0
2023-06-12 10:00:00+09:00,1757.0,1757.0,1748.0,1748.0,500,0.0,0.0
2023-06-12 11:00:00+09:00,1748.0,1748.0,1747.0,1747.0,0,0.0,0.0
2023-06-12 12:00:00+09:00,1747.0,1756.0,1747.0,1756.0,5500,0.0,0.0
2023-06-12 14:00:00+09:00,1755.0,1755.0,1747.0,1747.0,600,0.0,0.0
2023-06-13 09:00:00+09:00,1756.0,1758.0,1751.0,1758.0,700,0.0,0.0
2023-06-13 10:00:00+09:00,1758.0,1758.0,1758.0,1758.0,300,0.0,0.0
2023-06-13 11:00:00+09:00,1759.0,1759.0,1758.0,1758.0,0,0.0,0.0
2023-06-13 12:00:00+09:00,1760.0,1768.0,1759.0,1768.0,4200,0.0,0.0
2023-06-13 13:00:00+09:00,1767.0,1768.0,1758.0,1758.0,1400,0.0,0.0
2023-06-13 14:00:00+09:00,1768.0,1768.0,1763.0,1763.0,1100,0.0,0.0
2023-06-14 09:00:00+09:00,1769.0,1783.0,1761.0,1775.0,6200,0.0,0.0
2023-06-14 10:00:00+09:00,1775.0,1780.0,1773.0,1780.0,2800,0.0,0.0
2023-06-14 11:00:00+09:00,1780.0,1782.0,1780.0,1782.0,0,0.0,0.0
2023-06-14 12:00:00+09:00,1782.0,1800.0,1782.0,1800.0,17000,0.0,0.0
2023-06-14 13:00:00+09:00,1799.0,1815.0,1791.0,1815.0,6100,0.0,0.0
2023-06-14 14:00:00+09:00,1806.0,1815.0,1800.0,1808.0,4900,0.0,0.0
2023-06-15 09:00:00+09:00,1809.0,1811.0,1786.0,1795.0,4600,0.0,0.0
2023-06-15 10:00:00+09:00,1805.0,1805.0,1805.0,1805.0,200,0.0,0.0
2023-06-15 11:00:00+09:00,1805.0,1805.0,1805.0,1805.0,0,0.0,0.0
2023-06-15 12:00:00+09:00,1818.0,1838.0,1818.0,1827.0,9300,0.0,0.0
2023-06-15 13:00:00+09:00,1827.0,1829.0,1820.0,1824.0,900,0.0,0.0
2023-06-15 14:00:00+09:00,1825.0,1828.0,1820.0,1828.0,2600,0.0,0.0
2023-06-16 09:00:00+09:00,1828.0,1828.0,1820.0,1821.0,2100,0.0,0.0
2023-06-16 10:00:00+09:00,1822.0,1822.0,1820.0,1820.0,200,0.0,0.0
2023-06-16 11:00:00+09:00,1815.0,1815.0,1815.0,1815.0,0,0.0,0.0
2023-06-16 12:00:00+09:00,1812.0,1812.0,1812.0,1812.0,2500,0.0,0.0
2023-06-16 13:00:00+09:00,1815.0,1821.0,1815.0,1821.0,400,0.0,0.0
2023-06-16 14:00:00+09:00,1821.0,1823.0,1820.0,1822.0,800,0.0,0.0
2023-06-19 09:00:00+09:00,1821.0,1823.0,1821.0,1823.0,3500,0.0,0.0
2023-06-19 10:00:00+09:00,1823.0,1830.0,1813.0,1813.0,4000,0.0,0.0
2023-06-19 11:00:00+09:00,1813.0,1813.0,1813.0,1813.0,0,0.0,0.0
2023-06-19 12:00:00+09:00,1815.0,1825.0,1815.0,1825.0,7800,0.0,0.0
2023-06-19 13:00:00+09:00,1820.0,1820.0,1816.0,1816.0,800,0.0,0.0
2023-06-19 14:00:00+09:00,1816.0,1816.0,1814.0,1814.0,900,0.0,0.0
2023-06-20 09:00:00+09:00,1821.0,1824.0,1806.0,1806.0,3600,0.0,0.0
2023-06-20 10:00:00+09:00,1803.0,1804.0,1790.0,1800.0,3200,0.0,0.0
2023-06-20 11:00:00+09:00,1800.0,1800.0,1800.0,1800.0,0,0.0,0.0
2023-06-20 12:00:00+09:00,1801.0,1802.0,1801.0,1802.0,7200,0.0,0.0
2023-06-20 13:00:00+09:00,1799.0,1799.0,1795.0,1795.0,400,0.0,0.0
2023-06-20 14:00:00+09:00,1799.0,1800.0,1794.0,1800.0,1200,0.0,0.0
2023-06-21 09:00:00+09:00,1791.0,1811.0,1790.0,1811.0,2200,0.0,0.0
2023-06-21 10:00:00+09:00,1800.0,1800.0,1800.0,1800.0,200,0.0,0.0
2023-06-21 11:00:00+09:00,1805.0,1805.0,1805.0,1805.0,0,0.0,0.0
2023-06-21 12:00:00+09:00,1811.0,1811.0,1809.0,1809.0,2800,0.0,0.0
2023-06-21 14:00:00+09:00,1806.0,1807.0,1806.0,1807.0,500,0.0,0.0
2023-06-22 09:00:00+09:00,1809.0,1820.0,1809.0,1820.0,1600,0.0,0.0
2023-06-22 10:00:00+09:00,1820.0,1820.0,1811.0,1819.0,1000,0.0,0.0
2023-06-22 11:00:00+09:00,1819.0,1819.0,1811.0,1819.0,0,0.0,0.0
2023-06-22 12:00:00+09:00,1819.0,1819.0,1813.0,1813.0,4300,0.0,0.0
2023-06-22 13:00:00+09:00,1815.0,1815.0,1815.0,1815.0,300,0.0,0.0
2023-06-22 14:00:00+09:00,1815.0,1819.0,1810.0,1819.0,1800,0.0,0.0
2023-06-23 09:00:00+09:00,1819.0,1827.0,1817.0,1827.0,7000,0.0,0.0
2023-06-23 10:00:00+09:00,1827.0,1827.0,1817.0,1818.0,1000,0.0,0.0
2023-06-23 11:00:00+09:00,1818.0,1826.0,1818.0,1826.0,0,0.0,0.0
2023-06-23 12:00:00+09:00,1825.0,1825.0,1819.0,1824.0,8700,0.0,0.0
2023-06-23 13:00:00+09:00,1824.0,1824.0,1817.0,1817.0,200,0.0,0.0
2023-06-23 14:00:00+09:00,1819.0,1824.0,1817.0,1823.0,1400,0.0,0.0
2023-06-26 09:00:00+09:00,1811.0,1827.0,1811.0,1827.0,0,0.0,0.0
2023-06-26 10:00:00+09:00,1827.0,1830.0,1820.0,1820.0,2700,0.0,0.0
2023-06-26 11:00:00+09:00,1829.0,1834.0,1829.0,1833.0,0,0.0,0.0
2023-06-26 12:00:00+09:00,1834.0,1835.0,1822.0,1822.0,7700,0.0,0.0
2023-06-26 13:00:00+09:00,1829.0,1835.0,1829.0,1835.0,1900,0.0,0.0
2023-06-26 14:00:00+09:00,1829.0,1837.0,1821.0,1837.0,900,0.0,0.0
2023-06-27 09:00:00+09:00,1837.0,1843.0,1811.0,1842.0,4500,0.0,0.0
2023-06-27 10:00:00+09:00,1844.0,1847.0,1842.0,1843.0,1200,0.0,0.0
2023-06-27 11:00:00+09:00,1843.0,1843.0,1843.0,1843.0,0,0.0,0.0
2023-06-27 12:00:00+09:00,1843.0,1843.0,1843.0,1843.0,6500,0.0,0.0
2023-06-27 13:00:00+09:00,1843.0,1844.0,1840.0,1840.0,600,0.0,0.0
2023-06-27 14:00:00+09:00,1839.0,1844.0,1838.0,1838.0,1400,0.0,0.0
2023-06-28 09:00:00+09:00,1845.0,1845.0,1845.0,1845.0,2400,0.0,0.0
2023-06-28 10:00:00+09:00,1845.0,1845.0,1845.0,1845.0,600,0.0,0.0
2023-06-28 11:00:00+09:00,1845.0,1845.0,1845.0,1845.0,0,0.0,0.0
2023-06-28 12:00:00+09:00,1845.0,1845.0,1845.0,1845.0,4100,0.0,0.0
2023-06-28 13:00:00+09:00,1845.0,1845.0,1842.0,1842.0,700,0.0,0.0
2023-06-28 14:00:00+09:00,1843.0,1845.0,1830.0,1845.0,2000,0.0,0.0
2023-06-29 09:00:00+09:00,1845.0,1845.0,1845.0,1845.0,1800,0.0,0.0
2023-06-29 10:00:00+09:00,1845.0,1845.0,1840.0,1840.0,1100,0.0,0.0
2023-06-29 11:00:00+09:00,1835.0,1835.0,1835.0,1835.0,0,0.0,0.0
2023-06-29 12:00:00+09:00,1845.0,1845.0,1844.0,1844.0,3800,0.0,0.0
2023-06-29 13:00:00+09:00,1840.0,1845.0,1833.0,1845.0,2400,0.0,0.0
2023-06-29 14:00:00+09:00,1845.0,1848.0,1845.0,1847.0,600,0.0,0.0
2023-06-30 09:00:00+09:00,1846.0,1879.0,1846.0,1878.0,6300,0.0,0.0
2023-06-30 10:00:00+09:00,1878.0,1879.0,1869.0,1879.0,1000,0.0,0.0
2023-06-30 11:00:00+09:00,1878.0,1881.0,1875.0,1875.0,0,0.0,0.0
2023-06-30 12:00:00+09:00,1875.0,1889.0,1875.0,1889.0,11100,0.0,0.0
2023-06-30 13:00:00+09:00,1889.0,1890.0,1874.0,1890.0,2100,0.0,0.0
2023-06-30 14:00:00+09:00,1883.0,1900.0,1880.0,1882.0,1600,0.0,0.0
2023-07-03 09:00:00+09:00,1928.0,1940.0,1922.0,1922.0,6800,0.0,0.0
2023-07-03 10:00:00+09:00,1922.0,1935.0,1900.0,1910.0,2600,0.0,0.0
2023-07-03 11:00:00+09:00,1931.0,1940.0,1901.0,1940.0,0,0.0,0.0
2023-07-03 12:00:00+09:00,1939.0,1939.0,1936.0,1939.0,14000,0.0,0.0
2023-07-03 13:00:00+09:00,1925.0,1926.0,1917.0,1925.0,1100,0.0,0.0
2023-07-03 14:00:00+09:00,1925.0,1937.0,1920.0,1925.0,2000,0.0,0.0
2023-07-04 09:00:00+09:00,1944.0,1950.0,1939.0,1939.0,0,0.0,0.0
2023-07-04 10:00:00+09:00,1940.0,1940.0,1937.0,1940.0,5400,0.0,0.0
2023-07-04 11:00:00+09:00,1940.0,1960.0,1940.0,1950.0,0,0.0,0.0
2023-07-04 12:00:00+09:00,1950.0,1950.0,1940.0,1940.0,9800,0.0,0.0
2023-07-04 13:00:00+09:00,1945.0,1945.0,1937.0,1937.0,2500,0.0,0.0
2023-07-04 14:00:00+09:00,1936.0,1944.0,1934.0,1944.0,2200,0.0,0.0
2023-07-05 09:00:00+09:00,1950.0,1963.0,1950.0,1950.0,12000,0.0,0.0
2023-07-05 10:00:00+09:00,1944.0,1944.0,1922.0,1934.0,6600,0.0,0.0
2023-07-05 11:00:00+09:00,1923.0,1934.0,1922.0,1934.0,0,0.0,0.0
2023-07-05 12:00:00+09:00,1923.0,1930.0,1923.0,1930.0,20900,0.0,0.0
2023-07-05 13:00:00+09:00,1926.0,1933.0,1920.0,1933.0,1500,0.0,0.0
2023-07-05 14:00:00+09:00,1930.0,1933.0,1918.0,1933.0,1400,0.0,0.0
2023-07-06 09:00:00+09:00,1922.0,1934.0,1921.0,1932.0,3900,0.0,0.0
2023-07-06 10:00:00+09:00,1928.0,1960.0,1918.0,1954.0,7700,0.0,0.0
2023-07-06 11:00:00+09:00,1954.0,1954.0,1914.0,1914.0,0,0.0,0.0
2023-07-06 12:00:00+09:00,1915.0,1917.0,1880.0,1880.0,29000,0.0,0.0
2023-07-06 13:00:00+09:00,1880.0,1898.0,1880.0,1890.0,1100,0.0,0.0
2023-07-06 14:00:00+09:00,1898.0,1898.0,1885.0,1889.0,1500,0.0,0.0
2023-07-07 09:00:00+09:00,1880.0,1893.0,1865.0,1893.0,5000,0.0,0.0
2023-07-07 10:00:00+09:00,1893.0,1893.0,1893.0,1893.0,400,0.0,0.0
2023-07-07 11:00:00+09:00,1872.0,1872.0,1872.0,1872.0,0,0.0,0.0
2023-07-07 12:00:00+09:00,1886.0,1889.0,1886.0,1886.0,7900,0.0,0.0
2023-07-07 13:00:00+09:00,1883.0,1883.0,1881.0,1883.0,600,0.0,0.0
2023-07-07 14:00:00+09:00,1886.0,1886.0,1886.0,1886.0,800,0.0,0.0
2023-07-10 09:00:00+09:00,1887.0,1900.0,1887.0,1900.0,0,0.0,0.0
2023-07-10 10:00:00+09:00,1900.0,1900.0,1898.0,1898.0,600,0.0,0.0
2023-07-10 11:00:00+09:00,1897.0,1897.0,1890.0,1890.0,0,0.0,0.0
2023-07-10 12:00:00+09:00,1891.0,1891.0,1891.0,1891.0,3300,0.0,0.0
2023-07-10 13:00:00+09:00,1892.0,1900.0,1892.0,1899.0,600,0.0,0.0
2023-07-10 14:00:00+09:00,1900.0,1900.0,1900.0,1900.0,1000,0.0,0.0
2023-07-11 09:00:00+09:00,1900.0,1922.0,1900.0,1922.0,2200,0.0,0.0
2023-07-11 10:00:00+09:00,1923.0,1925.0,1915.0,1925.0,2200,0.0,0.0
2023-07-11 11:00:00+09:00,1925.0,1925.0,1925.0,1925.0,0,0.0,0.0
2023-07-11 12:00:00+09:00,1913.0,1915.0,1907.0,1907.0,4900,0.0,0.0
2023-07-11 13:00:00+09:00,1905.0,1905.0,1880.0,1880.0,6500,0.0,0.0
2023-07-11 14:00:00+09:00,1873.0,1888.0,1868.0,1888.0,1400,0.0,0.0
2023-07-12 09:00:00+09:00,1907.0,1910.0,1878.0,1878.0,2500,0.0,0.0
2023-07-12 10:00:00+09:00,1880.0,1880.0,1860.0,1860.0,1400,0.0,0.0
2023-07-12 11:00:00+09:00,1861.0,1861.0,1854.0,1856.0,0,0.0,0.0
2023-07-12 12:00:00+09:00,1850.0,1854.0,1830.0,1840.0,16400,0.0,0.0
2023-07-12 13:00:00+09:00,1840.0,1854.0,1833.0,1854.0,1900,0.0,0.0
2023-07-12 14:00:00+09:00,1850.0,1850.0,1850.0,1850.0,100,0.0,0.0
2023-07-13 09:00:00+09:00,1841.0,1854.0,1835.0,1852.0,0,0.0,0.0
2023-07-13 10:00:00+09:00,1854.0,1856.0,1854.0,1856.0,2500,0.0,0.0
2023-07-13 11:00:00+09:00,1856.0,1865.0,1856.0,1865.0,0,0.0,0.0
2023-07-13 12:00:00+09:00,1865.0,1865.0,1857.0,1857.0,6200,0.0,0.0
2023-07-13 13:00:00+09:00,1875.0,1876.0,1875.0,1875.0,300,0.0,0.0
2023-07-13 14:00:00+09:00,1873.0,1875.0,1866.0,1866.0,1300,0.0,0.0
2023-07-14 09:00:00+09:00,1879.0,1886.0,1879.0,1885.0,1300,0.0,0.0
2023-07-14 10:00:00+09:00,1885.0,1885.0,1876.0,1876.0,600,0.0,0.0
2023-07-14 11:00:00+09:00,1877.0,1877.0,1877.0,1877.0,0,0.0,0.0
2023-07-14 12:00:00+09:00,1882.0,1882.0,1882.0,1882.0,2600,0.0,0.0
2023-07-14 13:00:00+09:00,1887.0,1887.0,1875.0,1875.0,3400,0.0,0.0
2023-07-14 14:00:00+09:00,1873.0,1879.0,1870.0,1879.0,800,0.0,0.0
2023-07-18 09:00:00+09:00,1879.0,1894.0,1877.0,1894.0,3800,0.0,0.0
2023-07-18 10:00:00+09:00,1883.0,1883.0,1877.0,1880.0,400,0.0,0.0
2023-07-18 11:00:00+09:00,1880.0,1880.0,1874.0,1875.0,0,0.0,0.0
2023-07-18 14:00:00+09:00,1875.0,1877.0,1872.0,1872.0,5400,0.0,0.0
2023-07-19 09:00:00+09:00,1885.0,1885.0,1870.0,1884.0,4700,0.0,0.0
2023-07-19 10:00:00+09:00,1880.0,1884.0,1880.0,1884.0,200,0.0,0.0
2023-07-19 11:00:00+09:00,1883.0,1883.0,1868.0,1868.0,0,0.0,0.0
2023-07-19 12:00:00+09:00,1868.0,1879.0,1868.0,1875.0,12100,0.0,0.0
2023-07-19 13:00:00+09:00,1876.0,1879.0,1875.0,1877.0,500,0.0,0.0
2023-07-19 14:00:00+09:00,1878.0,1880.0,1877.0,1877.0,1800,0.0,0.0
2023-07-20 09:00:00+09:00,1880.0,1895.0,1880.0,1895.0,1900,0.0,0.0
2023-07-20 10:00:00+09:00,1891.0,1891.0,1870.0,1870.0,5100,0.0,0.0
2023-07-20 11:00:00+09:00,1869.0,1870.0,1858.0,1858.0,0,0.0,0.0
2023-07-20 12:00:00+09:00,1885.0,1885.0,1884.0,1884.0,11600,0.0,0.0
2023-07-20 13:00:00+09:00,1877.0,1877.0,1876.0,1876.0,1400,0.0,0.0
2023-07-20 14:00:00+09:00,1876.0,1876.0,1868.0,1875.0,2700,0.0,0.0
2023-07-21 09:00:00+09:00,1880.0,1880.0,1844.0,1865.0,6500,0.0,0.0
2023-07-21 10:00:00+09:00,1865.0,1865.0,1865.0,1865.0,500,0.0,0.0
2023-07-21 11:00:00+09:00,1866.0,1866.0,1866.0,1866.0,0,0.0,0.0
2023-07-21 12:00:00+09:00,1866.0,1874.0,1866.0,1874.0,10800,0.0,0.0
2023-07-21 13:00:00+09:00,1879.0,1879.0,1868.0,1868.0,300,0.0,0.0
2023-07-21 14:00:00+09:00,1871.0,1882.0,1870.0,1882.0,1900,0.0,0.0
2023-07-24 09:00:00+09:00,1889.0,1912.0,1885.0,1901.0,3500,0.0,0.0
2023-07-24 10:00:00+09:00,1905.0,1908.0,1905.0,1908.0,300,0.0,0.0
2023-07-24 11:00:00+09:00,1910.0,1910.0,1910.0,1910.0,0,0.0,0.0
2023-07-24 12:00:00+09:00,1910.0,1911.0,1909.0,1911.0,8000,0.0,0.0
2023-07-24 13:00:00+09:00,1910.0,1911.0,1904.0,1904.0,800,0.0,0.0
2023-07-24 14:00:00+09:00,1905.0,1905.0,1895.0,1895.0,1100,0.0,0.0
2023-07-25 09:00:00+09:00,1920.0,1920.0,1903.0,1918.0,4000,0.0,0.0
2023-07-25 10:00:00+09:00,1918.0,1919.0,1918.0,1919.0,600,0.0,0.0
2023-07-25 11:00:00+09:00,1917.0,1919.0,1917.0,1919.0,0,0.0,0.0
2023-07-25 12:00:00+09:00,1919.0,1920.0,1919.0,1920.0,6600,0.0,0.0
2023-07-25 13:00:00+09:00,1920.0,1920.0,1913.0,1913.0,1000,0.0,0.0
2023-07-25 14:00:00+09:00,1920.0,1920.0,1912.0,1912.0,1300,0.0,0.0
2023-07-26 09:00:00+09:00,1914.0,1930.0,1914.0,1924.0,1200,0.0,0.0
2023-07-26 10:00:00+09:00,1921.0,1924.0,1921.0,1924.0,400,0.0,0.0
2023-07-26 11:00:00+09:00,1921.0,1921.0,1921.0,1921.0,0,0.0,0.0
2023-07-26 12:00:00+09:00,1924.0,1925.0,1924.0,1925.0,2500,0.0,0.0
2023-07-26 13:00:00+09:00,1925.0,1925.0,1925.0,1925.0,300,0.0,0.0
2023-07-26 14:00:00+09:00,1924.0,1925.0,1923.0,1924.0,1200,0.0,0.0
2023-07-27 09:00:00+09:00,1933.0,1934.0,1927.0,1934.0,600,0.0,0.0
2023-07-27 10:00:00+09:00,1935.0,1935.0,1927.0,1927.0,4300,0.0,0.0
2023-07-27 11:00:00+09:00,1927.0,1927.0,1927.0,1927.0,0,0.0,0.0
2023-07-27 12:00:00+09:00,1928.0,1928.0,1928.0,1928.0,5100,0.0,0.0
2023-07-27 13:00:00+09:00,1928.0,1930.0,1912.0,1912.0,2300,0.0,0.0
2023-07-27 14:00:00+09:00,1915.0,1923.0,1915.0,1923.0,400,0.0,0.0
2023-07-28 09:00:00+09:00,1930.0,1932.0,1910.0,1920.0,6700,0.0,0.0
2023-07-28 10:00:00+09:00,1913.0,1913.0,1909.0,1911.0,4600,0.0,0.0
2023-07-28 11:00:00+09:00,1909.0,1909.0,1908.0,1908.0,0,0.0,0.0
2023-07-28 12:00:00+09:00,1908.0,1911.0,1908.0,1909.0,13200,0.0,0.0
2023-07-28 13:00:00+09:00,1909.0,1909.0,1885.0,1890.0,11800,0.0,0.0
2023-07-28 14:00:00+09:00,1893.0,1916.0,1890.0,1916.0,2200,0.0,0.0
2023-07-31 09:00:00+09:00,1943.0,1944.0,1926.0,1926.0,3000,0.0,0.0
2023-07-31 10:00:00+09:00,1926.0,1926.0,1921.0,1926.0,600,0.0,0.0
2023-07-31 11:00:00+09:00,1921.0,1921.0,1911.0,1911.0,0,0.0,0.0
2023-07-31 12:00:00+09:00,1916.0,1919.0,1914.0,1919.0,5900,0.0,0.0
2023-07-31 13:00:00+09:00,1920.0,1920.0,1920.0,1920.0,1100,0.0,0.0
2023-07-31 14:00:00+09:00,1921.0,1921.0,1910.0,1920.0,1900,0.0,0.0
2023-08-01 09:00:00+09:00,1927.0,1938.0,1915.0,1938.0,3500,0.0,0.0
2023-08-01 10:00:00+09:00,1939.0,1939.0,1925.0,1937.0,900,0.0,0.0
2023-08-01 11:00:00+09:00,1925.0,1925.0,1925.0,1925.0,0,0.0,0.0
2023-08-01 12:00:00+09:00,1937.0,1937.0,1936.0,1936.0,4800,0.0,0.0
2023-08-01 13:00:00+09:00,1936.0,1939.0,1935.0,1939.0,3700,0.0,0.0
2023-08-01 14:00:00+09:00,1934.0,1939.0,1932.0,1932.0,1800,0.0,0.0
2023-08-02 09:00:00+09:00,1943.0,1943.0,1933.0,1938.0,1700,0.0,0.0
2023-08-02 10:00:00+09:00,1940.0,1948.0,1940.0,1948.0,3500,0.0,0.0
2023-08-02 11:00:00+09:00,1948.0,1948.0,1938.0,1938.0,0,0.0,0.0
2023-08-02 12:00:00+09:00,1938.0,1940.0,1938.0,1940.0,7200,0.0,0.0
2023-08-02 13:00:00+09:00,1940.0,1949.0,1940.0,1949.0,3000,0.0,0.0
2023-08-02 14:00:00+09:00,1945.0,1945.0,1937.0,1940.0,2500,0.0,0.0
2023-08-03 09:00:00+09:00,1949.0,1949.0,1929.0,1929.0,0,0.0,0.0
2023-08-03 10:00:00+09:00,1943.0,1943.0,1912.0,1912.0,9300,0.0,0.0
2023-08-03 11:00:00+09:00,1920.0,1926.0,1920.0,1926.0,0,0.0,0.0
2023-08-03 12:00:00+09:00,1925.0,1925.0,1911.0,1911.0,11300,0.0,0.0
2023-08-03 13:00:00+09:00,1923.0,1926.0,1915.0,1915.0,1200,0.0,0.0
2023-08-03 14:00:00+09:00,1917.0,1932.0,1917.0,1929.0,1900,0.0,0.0
2023-08-04 09:00:00+09:00,1929.0,1929.0,1920.0,1921.0,3400,0.0,0.0
2023-08-04 10:00:00+09:00,1921.0,1941.0,1921.0,1939.0,800,0.0,0.0
2023-08-04 11:00:00+09:00,1935.0,1935.0,1935.0,1935.0,0,0.0,0.0
2023-08-04 12:00:00+09:00,1940.0,1943.0,1940.0,1943.0,6100,0.0,0.0
2023-08-04 13:00:00+09:00,1945.0,1955.0,1934.0,1935.0,2000,0.0,0.0
2023-08-04 14:00:00+09:00,1937.0,1945.0,1934.0,1944.0,2100,0.0,0.0
2023-08-07 09:00:00+09:00,1962.0,2011.0,1962.0,2011.0,12500,0.0,0.0
2023-08-07 10:00:00+09:00,2020.0,2024.0,2001.0,2007.0,2700,0.0,0.0
2023-08-07 11:00:00+09:00,2007.0,2010.0,2000.0,2000.0,0,0.0,0.0
2023-08-07 12:00:00+09:00,2000.0,2010.0,2000.0,2010.0,18400,0.0,0.0
2023-08-07 13:00:00+09:00,2005.0,2005.0,2005.0,2005.0,100,0.0,0.0
2023-08-07 14:00:00+09:00,2006.0,2006.0,1990.0,2000.0,4100,0.0,0.0
2023-08-08 09:00:00+09:00,2023.0,2023.0,1999.0,2011.0,0,0.0,0.0
2023-08-08 10:00:00+09:00,2010.0,2010.0,1980.0,1982.0,8300,0.0,0.0
2023-08-08 11:00:00+09:00,1983.0,2002.0,1983.0,2002.0,0,0.0,0.0
2023-08-08 12:00:00+09:00,2002.0,2007.0,2002.0,2007.0,9700,0.0,0.0
2023-08-08 13:00:00+09:00,1986.0,2007.0,1983.0,2007.0,1800,0.0,0.0
2023-08-08 14:00:00+09:00,1995.0,2010.0,1995.0,1999.0,900,0.0,0.0
2023-08-09 09:00:00+09:00,2010.0,2010.0,1999.0,2000.0,3400,0.0,0.0
2023-08-09 10:00:00+09:00,2001.0,2001.0,1999.0,2000.0,800,0.0,0.0
2023-08-09 11:00:00+09:00,1990.0,1990.0,1990.0,1990.0,0,0.0,0.0
2023-08-09 12:00:00+09:00,2000.0,2000.0,2000.0,2000.0,5100,0.0,0.0
2023-08-09 13:00:00+09:00,1999.0,1999.0,1991.0,1992.0,1000,0.0,0.0
2023-08-09 14:00:00+09:00,2000.0,2000.0,1999.0,2000.0,1900,0.0,0.0
2023-08-10 09:00:00+09:00,1999.0,1999.0,1989.0,1989.0,1300,0.0,0.0
2023-08-10 10:00:00+09:00,1992.0,2001.0,1989.0,1989.0,4400,0.0,0.0
2023-08-10 11:00:00+09:00,1999.0,1999.0,1988.0,1988.0,0,0.0,0.0
2023-08-10 12:00:00+09:00,1989.0,1999.0,1986.0,1986.0,9300,0.0,0.0
2023-08-10 13:00:00+09:00,1987.0,1997.0,1987.0,1997.0,500,0.0,0.0
2023-08-10 14:00:00+09:00,1995.0,1998.0,1985.0,1995.0,1400,0.0,0.0
2023-08-14 09:00:00+09:00,2001.0,2019.0,2001.0,2019.0,0,0.0,0.0
2023-08-14 10:00:00+09:00,2019.0,2025.0,2019.0,2020.0,4900,0.0,0.0
2023-08-14 11:00:00+09:00,2022.0,2025.0,2022.0,2025.0,0,0.0,0.0
2023-08-14 12:00:00+09:00,2020.0,2025.0,2015.0,2025.0,6400,0.0,0.0
2023-08-14 13:00:00+09:00,2024.0,2024.0,2024.0,2024.0,200,0.0,0.0
2023-08-14 14:00:00+09:00,2015.0,2022.0,2011.0,2022.0,1000,0.0,0.0
2023-08-15 09:00:00+09:00,2023.0,2025.0,2002.0,2002.0,3600,0.0,0.0
2023-08-15 10:00:00+09:00,2002.0,2008.0,2002.0,2008.0,500,0.0,0.0
2023-08-15 11:00:00+09:00,2004.0,2004.0,2003.0,2003.0,0,0.0,0.0
2023-08-15 12:00:00+09:00,2006.0,2009.0,2005.0,2009.0,4700,0.0,0.0
2023-08-15 13:00:00+09:00,2006.0,2006.0,2006.0,2006.0,200,0.0,0.0
2023-08-15 14:00:00+09:00,2006.0,2014.0,2006.0,2014.0,1300,0.0,0.0
2023-08-16 09:00:00+09:00,2015.0,2024.0,1997.0,2003.0,5300,0.0,0.0
2023-08-16 10:00:00+09:00,2003.0,2005.0,2002.0,2003.0,2500,0.0,0.0
2023-08-16 11:00:00+09:00,2003.0,2003.0,2003.0,2003.0,0,0.0,0.0
2023-08-16 12:00:00+09:00,2003.0,2008.0,2001.0,2008.0,8200,0.0,0.0
2023-08-16 13:00:00+09:00,2017.0,2024.0,2017.0,2024.0,1000,0.0,0.0
2023-08-16 14:00:00+09:00,2023.0,2024.0,2008.0,2008.0,900,0.0,0.0
2023-08-17 09:00:00+09:00,2020.0,2020.0,2005.0,2005.0,1800,0.0,0.0
2023-08-17 10:00:00+09:00,2007.0,2019.0,1955.0,1955.0,12300,0.0,0.0
2023-08-17 11:00:00+09:00,1952.0,1992.0,1950.0,1990.0,0,0.0,0.0
2023-08-17 12:00:00+09:00,1990.0,1990.0,1953.0,1987.0,18000,0.0,0.0
2023-08-17 13:00:00+09:00,1990.0,1990.0,1975.0,1984.0,600,0.0,0.0
2023-08-17 14:00:00+09:00,1984.0,1994.0,1981.0,1981.0,1000,0.0,0.0
2023-08-18 09:00:00+09:00,1965.0,1978.0,1950.0,1952.0,5600,0.0,0.0
2023-08-18 10:00:00+09:00,1952.0,1955.0,1950.0,1954.0,800,0.0,0.0
2023-08-18 11:00:00+09:00,1954.0,1954.0,1954.0,1954.0,0,0.0,0.0
2023-08-18 12:00:00+09:00,1955.0,1958.0,1955.0,1955.0,9400,0.0,0.0
2023-08-18 13:00:00+09:00,1955.0,1955.0,1950.0,1950.0,2000,0.0,0.0
2023-08-18 14:00:00+09:00,1950.0,1950.0,1930.0,1943.0,16300,0.0,0.0
2023-08-21 09:00:00+09:00,1935.0,1946.0,1931.0,1946.0,3000,0.0,0.0
2023-08-21 10:00:00+09:00,1963.0,1970.0,1961.0,1970.0,0,0.0,0.0
2023-08-21 11:00:00+09:00,1970.0,1970.0,1970.0,1970.0,0,0.0,0.0
2023-08-21 12:00:00+09:00,1969.0,1971.0,1969.0,1971.0,5700,0.0,0.0
2023-08-21 13:00:00+09:00,1975.0,1977.0,1973.0,1973.0,700,0.0,0.0
2023-08-21 14:00:00+09:00,1973.0,1975.0,1970.0,1975.0,600,0.0,0.0
2023-08-22 09:00:00+09:00,1979.0,2008.0,1979.0,1980.0,3100,0.0,0.0
2023-08-22 10:00:00+09:00,1995.0,2003.0,1982.0,1982.0,500,0.0,0.0
2023-08-22 11:00:00+09:00,2001.0,2001.0,2001.0,2001.0,0,0.0,0.0
2023-08-22 13:00:00+09:00,2000.0,2000.0,2000.0,2000.0,4100,0.0,0.0
2023-08-22 14:00:00+09:00,1995.0,1995.0,1990.0,1990.0,400,0.0,0.0
2023-08-23 09:00:00+09:00,1995.0,1995.0,1985.0,1995.0,600,0.0,0.0
2023-08-23 10:00:00+09:00,1995.0,2004.0,1995.0,2004.0,1900,0.0,0.0
2023-08-23 11:00:00+09:00,2004.0,2004.0,2004.0,2004.0,0,0.0,0.0
2023-08-23 12:00:00+09:00,2000.0,2004.0,2000.0,2004.0,2700,0.0,0.0
2023-08-23 13:00:00+09:00,2000.0,2000.0,2000.0,2000.0,300,0.0,0.0
2023-08-23 14:00:00+09:00,2004.0,2013.0,2000.0,2013.0,2600,0.0,0.0
2023-08-24 09:00:00+09:00,2019.0,2019.0,2013.0,2013.0,0,0.0,0.0
2023-08-24 10:00:00+09:00,2005.0,2007.0,2005.0,2007.0,1200,0.0,0.0
2023-08-24 11:00:00+09:00,2007.0,2007.0,2007.0,2007.0,0,0.0,0.0
2023-08-24 12:00:00+09:00,2007.0,2007.0,2007.0,2007.0,1700,0.0,0.0
2023-08-24 13:00:00+09:00,2016.0,2016.0,2007.0,2008.0,300,0.0,0.0
2023-08-24 14:00:00+09:00,2012.0,2016.0,2006.0,2016.0,2700,0.0,0.0
2023-08-25 09:00:00+09:00,2015.0,2015.0,2000.0,2010.0,1900,0.0,0.0
2023-08-25 10:00:00+09:00,2010.0,2010.0,1994.0,1994.0,4500,0.0,0.0
2023-08-25 11:00:00+09:00,1997.0,1997.0,1994.0,1994.0,0,0.0,0.0
2023-08-25 12:00:00+09:00,1998.0,2011.0,1998.0,2011.0,7800,0.0,0.0
2023-08-25 13:00:00+09:00,2005.0,2006.0,2005.0,2006.0,600,0.0,0.0
2023-08-25 14:00:00+09:00,2006.0,2010.0,1994.0,2010.0,6000,0.0,0.0
2023-08-28 09:00:00+09:00,2016.0,2016.0,2014.0,2016.0,1700,0.0,0.0
2023-08-28 10:00:00+09:00,2017.0,2020.0,2017.0,2020.0,300,0.0,0.0
2023-08-28 11:00:00+09:00,2021.0,2021.0,2021.0,2021.0,0,0.0,0.0
2023-08-28 12:00:00+09:00,2008.0,2010.0,2008.0,2010.0,2900,0.0,0.0
2023-08-28 13:00:00+09:00,2011.0,2012.0,2008.0,2008.0,1300,0.0,0.0
2023-08-28 14:00:00+09:00,2005.0,2022.0,2005.0,2022.0,1400,0.0,0.0
2023-08-29 09:00:00+09:00,2024.0,2078.0,2008.0,2078.0,10200,0.0,0.0
2023-08-29 10:00:00+09:00,2069.0,2069.0,2055.0,2055.0,1600,0.0,0.0
2023-08-29 11:00:00+09:00,2055.0,2066.0,2016.0,2060.0,0,0.0,0.0
2023-08-29 12:00:00+09:00,2060.0,2063.0,2050.0,2063.0,0,0.0,0.0
2023-08-29 13:00:00+09:00,2063.0,2065.0,2055.0,2055.0,16000,0.0,0.0
2023-08-29 14:00:00+09:00,2055.0,2064.0,2041.0,2063.0,3700,0.0,0.0
2023-08-30 09:00:00+09:00,2069.0,2075.0,2055.0,2067.0,2600,0.0,0.0
2023-08-30 10:00:00+09:00,2076.0,2078.0,2071.0,2071.0,1000,0.0,0.0
2023-08-30 11:00:00+09:00,2077.0,2077.0,2077.0,2077.0,0,0.0,0.0
2023-08-30 12:00:00+09:00,2071.0,2078.0,2065.0,2078.0,5900,0.0,0.0
2023-08-30 13:00:00+09:00,2077.0,2078.0,2077.0,2078.0,400,0.0,0.0
2023-08-30 14:00:00+09:00,2077.0,2077.0,2071.0,2071.0,1000,0.0,0.0
2023-08-31 09:00:00+09:00,2077.0,2089.0,2077.0,2085.0,1700,0.0,0.0
2023-08-31 10:00:00+09:00,2085.0,2085.0,2083.0,2083.0,300,0.0,0.0
2023-08-31 11:00:00+09:00,2086.0,2086.0,2086.0,2086.0,0,0.0,0.0
2023-08-31 12:00:00+09:00,2085.0,2088.0,2081.0,2088.0,3300,0.0,0.0
2023-08-31 13:00:00+09:00,2088.0,2096.0,2084.0,2096.0,2400,0.0,0.0
2023-08-31 14:00:00+09:00,2097.0,2135.0,2094.0,2135.0,4000,0.0,0.0
2023-09-01 09:00:00+09:00,2134.0,2167.0,2115.0,2167.0,5300,0.0,0.0
2023-09-01 10:00:00+09:00,2167.0,2191.0,2152.0,2175.0,3100,0.0,0.0
2023-09-01 11:00:00+09:00,2175.0,2175.0,2175.0,2175.0,0,0.0,0.0
2023-09-01 12:00:00+09:00,2183.0,2183.0,2156.0,2174.0,9800,0.0,0.0
2023-09-01 13:00:00+09:00,2160.0,2160.0,2151.0,2153.0,3200,0.0,0.0
2023-09-01 14:00:00+09:00,2156.0,2170.0,2150.0,2170.0,1700,0.0,0.0
2023-09-04 09:00:00+09:00,2170.0,2170.0,2153.0,2167.0,8800,0.0,0.0
2023-09-04 10:00:00+09:00,2167.0,2167.0,2156.0,2156.0,1500,0.0,0.0
2023-09-04 11:00:00+09:00,2157.0,2165.0,2157.0,2165.0,0,0.0,0.0
2023-09-04 12:00:00+09:00,2165.0,2167.0,2161.0,2161.0,12600,0.0,0.0
2023-09-04 13:00:00+09:00,2166.0,2189.0,2164.0,2189.0,3100,0.0,0.0
2023-09-04 14:00:00+09:00,2176.0,2190.0,2170.0,2170.0,3100,0.0,0.0
2023-09-05 09:00:00+09:00,2170.0,2198.0,2163.0,2177.0,5400,0.0,0.0
2023-09-05 10:00:00+09:00,2176.0,2176.0,2145.0,2152.0,11700,0.0,0.0
2023-09-05 11:00:00+09:00,2153.0,2153.0,2152.0,2152.0,0,0.0,0.0
2023-09-05 12:00:00+09:00,2136.0,2150.0,2115.0,2138.0,21500,0.0,0.0
2023-09-05 13:00:00+09:00,2140.0,2153.0,2140.0,2148.0,500,0.0,0.0
2023-09-05 14:00:00+09:00,2150.0,2150.0,2134.0,2136.0,4000,0.0,0.0
2023-09-06 09:00:00+09:00,2118.0,2147.0,2115.0,2134.0,6300,0.0,0.0
2023-09-06 10:00:00+09:00,2152.0,2152.0,2130.0,2130.0,1500,0.0,0.0
2023-09-06 11:00:00+09:00,2132.0,2132.0,2130.0,2130.0,0,0.0,0.0
2023-09-06 12:00:00+09:00,2130.0,2140.0,2130.0,2137.0,9400,0.0,0.0
2023-09-06 13:00:00+09:00,2133.0,2142.0,2131.0,2135.0,900,0.0,0.0
2023-09-06 14:00:00+09:00,2134.0,2146.0,2134.0,2144.0,900,0.0,0.0
2023-09-07 09:00:00+09:00,2144.0,2144.0,2124.0,2133.0,3900,0.0,0.0
2023-09-07 10:00:00+09:00,2145.0,2145.0,2145.0,2145.0,0,0.0,0.0
2023-09-07 11:00:00+09:00,2135.0,2146.0,2135.0,2146.0,0,0.0,0.0
2023-09-07 12:00:00+09:00,2146.0,2150.0,2146.0,2150.0,5400,0.0,0.0
2023-09-07 13:00:00+09:00,2135.0,2135.0,2130.0,2130.0,2100,0.0,0.0
2023-09-07 14:00:00+09:00,2143.0,2146.0,2124.0,2130.0,2000,0.0,0.0
2023-09-08 09:00:00+09:00,2126.0,2147.0,2124.0,2147.0,1700,0.0,0.0
2023-09-08 10:00:00+09:00,2149.0,2151.0,2130.0,2149.0,4900,0.0,0.0
2023-09-08 11:00:00+09:00,2133.0,2133.0,2133.0,2133.0,0,0.0,0.0
2023-09-08 12:00:00+09:00,2133.0,2133.0,2133.0,2133.0,7100,0.0,0.0
2023-09-08 13:00:00+09:00,2131.0,2131.0,2131.0,2131.0,100,0.0,0.0
2023-09-08 14:00:00+09:00,2142.0,2145.0,2142.0,2145.0,700,0.0,0.0
2023-09-11 09:00:00+09:00,2151.0,2159.0,2140.0,2142.0,2700,0.0,0.0
2023-09-11 10:00:00+09:00,2150.0,2152.0,2141.0,2152.0,1600,0.0,0.0
2023-09-11 11:00:00+09:00,2151.0,2151.0,2140.0,2140.0,0,0.0,0.0
2023-09-11 12:00:00+09:00,2140.0,2141.0,2138.0,2138.0,6000,0.0,0.0
2023-09-11 13:00:00+09:00,2137.0,2151.0,2137.0,2148.0,1200,0.0,0.0
2023-09-11 14:00:00+09:00,2146.0,2178.0,2146.0,2171.0,7600,0.0,0.0
2023-09-12 09:00:00+09:00,2193.0,2198.0,2182.0,2190.0,4400,0.0,0.0
2023-09-12 10:00:00+09:00,2189.0,2189.0,2165.0,2165.0,800,0.0,0.0
2023-09-12 11:00:00+09:00,2165.0,2165.0,2165.0,2165.0,0,0.0,0.0
2023-09-12 12:00:00+09:00,2166.0,2175.0,2166.0,2175.0,6500,0.0,0.0
2023-09-12 13:00:00+09:00,2179.0,2179.0,2172.0,2172.0,1000,0.0,0.0
2023-09-12 14:00:00+09:00,2173.0,2179.0,2171.0,2172.0,2100,0.0,0.0
2023-09-13 09:00:00+09:00,2175.0,2176.0,2150.0,2175.0,4500,0.0,0.0
2023-09-13 10:00:00+09:00,2168.0,2179.0,2166.0,2166.0,1000,0.0,0.0
2023-09-13 11:00:00+09:00,2166.0,2166.0,2166.0,2166.0,0,0.0,0.0
2023-09-13 12:00:00+09:00,2165.0,2187.0,2165.0,2171.0,7900,0.0,0.0
2023-09-13 13:00:00+09:00,2167.0,2182.0,2159.0,2160.0,900,0.0,0.0
2023-09-13 14:00:00+09:00,2166.0,2177.0,2166.0,2167.0,800,0.0,0.0
2023-09-14 09:00:00+09:00,2163.0,2175.0,2163.0,2175.0,1100,0.0,0.0
2023-09-14 10:00:00+09:00,2178.0,2181.0,2178.0,2181.0,1000,0.0,0.0
2023-09-14 11:00:00+09:00,2181.0,2181.0,2181.0,2181.0,0,0.0,0.0
2023-09-14 12:00:00+09:00,2180.0,2180.0,2170.0,2170.0,2800,0.0,0.0
2023-09-14 13:00:00+09:00,2171.0,2171.0,2171.0,2171.0,200,0.0,0.0
2023-09-14 14:00:00+09:00,2170.0,2179.0,2170.0,2171.0,500,0.0,0.0
2023-09-15 09:00:00+09:00,2177.0,2210.0,2172.0,2210.0,5300,0.0,0.0
2023-09-15 10:00:00+09:00,2210.0,2218.0,2205.0,2218.0,0,0.0,0.0
2023-09-15 11:00:00+09:00,2217.0,2218.0,2210.0,2218.0,0,0.0,0.0
2023-09-15 12:00:00+09:00,2218.0,2218.0,2209.0,2217.0,10300,0.0,0.0
2023-09-15 13:00:00+09:00,2216.0,2233.0,2216.0,2233.0,4500,0.0,0.0
2023-09-15 14:00:00+09:00,2223.0,2236.0,2222.0,2236.0,3100,0.0,0.0
2023-09-19 09:00:00+09:00,2241.0,2275.0,2221.0,2275.0,7600,0.0,0.0
2023-09-19 10:00:00+09:00,2280.0,2317.0,2280.0,2315.0,4700,0.0,0.0
2023-09-19 11:00:00+09:00,2305.0,2330.0,2303.0,2321.0,0,0.0,0.0
2023-09-19 12:00:00+09:00,2333.0,2343.0,2300.0,2320.0,17800,0.0,0.0
2023-09-19 13:00:00+09:00,2320.0,2348.0,2301.0,2340.0,4500,0.0,0.0
2023-09-19 14:00:00+09:00,2333.0,2369.0,2332.0,2360.0,6100,0.0,0.0
2023-09-20 09:00:00+09:00,2380.0,2380.0,2332.0,2339.0,8300,0.0,0.0
2023-09-20 10:00:00+09:00,2340.0,2352.0,2331.0,2335.0,5400,0.0,0.0
2023-09-20 11:00:00+09:00,2336.0,2343.0,2336.0,2343.0,0,0.0,0.0
2023-09-20 12:00:00+09:00,2336.0,2336.0,2331.0,2334.0,16400,0.0,0.0
2023-09-20 13:00:00+09:00,2332.0,2345.0,2331.0,2331.0,3400,0.0,0.0
2023-09-20 14:00:00+09:00,2332.0,2345.0,2308.0,2314.0,7800,0.0,0.0
2023-09-21 09:00:00+09:00,2315.0,2329.0,2295.0,2295.0,0,0.0,0.0
2023-09-21 10:00:00+09:00,2317.0,2317.0,2293.0,2293.0,3600,0.0,0.0
2023-09-21 11:00:00+09:00,2313.0,2365.0,2313.0,2365.0,0,0.0,0.0
2023-09-21 12:00:00+09:00,2350.0,2350.0,2292.0,2330.0,6800,0.0,0.0
2023-09-21 13:00:00+09:00,2320.0,2345.0,2269.0,2320.0,4800,0.0,0.0
2023-09-21 14:00:00+09:00,2314.0,2339.0,2314.0,2320.0,500,0.0,0.0
2023-09-22 09:00:00+09:00,2316.0,2320.0,2267.0,2320.0,0,0.0,0.0
2023-09-22 10:00:00+09:00,2300.0,2314.0,2295.0,2295.0,3500,0.0,0.0
2023-09-22 11:00:00+09:00,2295.0,2305.0,2295.0,2305.0,0,0.0,0.0
2023-09-22 12:00:00+09:00,2303.0,2325.0,2303.0,2323.0,4900,0.0,0.0
2023-09-22 13:00:00+09:00,2324.0,2324.0,2308.0,2308.0,200,0.0,0.0
2023-09-22 14:00:00+09:00,2300.0,2323.0,2294.0,2323.0,1600,0.0,0.0
2023-09-25 09:00:00+09:00,2307.0,2325.0,2300.0,2317.0,1600,0.0,0.0
2023-09-25 10:00:00+09:00,2296.0,2300.0,2293.0,2293.0,500,0.0,0.0
2023-09-25 11:00:00+09:00,2293.0,2293.0,2293.0,2293.0,0,0.0,0.0
2023-09-25 12:00:00+09:00,2301.0,2301.0,2296.0,2298.0,2400,0.0,0.0
2023-09-25 13:00:00+09:00,2303.0,2303.0,2303.0,2303.0,100,0.0,0.0
2023-09-25 14:00:00+09:00,2310.0,2320.0,2310.0,2320.0,600,0.0,0.0
2023-09-26 09:00:00+09:00,2320.0,2320.0,2283.0,2283.0,2700,0.0,0.0
2023-09-26 10:00:00+09:00,2299.0,2312.0,2299.0,2307.0,1100,0.0,0.0
2023-09-26 11:00:00+09:00,2310.0,2310.0,2308.0,2310.0,0,0.0,0.0
2023-09-26 12:00:00+09:00,2310.0,2320.0,2310.0,2320.0,4900,0.0,0.0
2023-09-26 13:00:00+09:00,2320.0,2321.0,2310.0,2321.0,300,0.0,0.0
2023-09-26 14:00:00+09:00,2321.0,2330.0,2307.0,2329.0,2300,0.0,0.0
2023-09-27 09:00:00+09:00,2329.0,2329.0,2265.0,2265.0,4200,0.0,0.0
2023-09-27 10:00:00+09:00,2267.0,2300.0,2265.0,2300.0,1800,0.0,0.0
2023-09-27 11:00:00+09:00,2319.0,2319.0,2276.0,2276.0,0,0.0,0.0
2023-09-27 12:00:00+09:00,2298.0,2298.0,2295.0,2295.0,6700,0.0,0.0
2023-09-27 13:00:00+09:00,2297.0,2313.0,2297.0,2306.0,700,0.0,0.0
2023-09-27 14:00:00+09:00,2288.0,2305.0,2286.0,2300.0,1700,0.0,0.0
2023-09-28 09:00:00+09:00,2211.0,2285.0,2211.0,2285.0,2900,0.0,0.0
2023-09-28 10:00:00+09:00,2277.0,2279.0,2254.0,2254.0,1700,0.0,0.0
2023-09-28 11:00:00+09:00,2275.0,2275.0,2275.0,2275.0,0,0.0,0.0
2023-09-28 12:00:00+09:00,2274.0,2274.0,2253.0,2253.0,5400,0.0,0.0
2023-09-28 13:00:00+09:00,2255.0,2255.0,2255.0,2255.0,100,0.0,0.0
2023-09-28 14:00:00+09:00,2255.0,2276.0,2255.0,2258.0,1700,0.0,0.0
2023-09-29 09:00:00+09:00,2256.0,2256.0,2213.0,2214.0,0,0.0,0.0
2023-09-29 10:00:00+09:00,2228.0,2237.0,2210.0,2210.0,6100,0.0,0.0
2023-09-29 11:00:00+09:00,2212.0,2225.0,2208.0,2225.0,0,0.0,0.0
2023-09-29 12:00:00+09:00,2224.0,2224.0,2217.0,2217.0,8300,0.0,0.0
2023-09-29 13:00:00+09:00,2222.0,2222.0,2170.0,2184.0,4700,0.0,0.0
2023-09-29 14:00:00+09:00,2161.0,2228.0,2151.0,2203.0,4200,0.0,0.0
2023-10-02 09:00:00+09:00,2186.0,2207.0,2175.0,2183.0,2700,0.0,0.0
2023-10-02 10:00:00+09:00,2180.0,2188.0,2151.0,2156.0,4500,0.0,0.0
2023-10-02 11:00:00+09:00,2174.0,2179.0,2174.0,2179.0,0,0.0,0.0
2023-10-02 12:00:00+09:00,2179.0,2179.0,2151.0,2151.0,8400,0.0,0.0
2023-10-02 13:00:00+09:00,2155.0,2188.0,2151.0,2188.0,1700,0.0,0.0
2023-10-02 14:00:00+09:00,2188.0,2188.0,2152.0,2152.0,1600,0.0,0.0
2023-10-03 09:00:00+09:00,2150.0,2150.0,2048.0,2089.0,11400,0.0,0.0
2023-10-03 10:00:00+09:00,2108.0,2108.0,2064.0,2099.0,1000,0.0,0.0
2023-10-03 11:00:00+09:00,2091.0,2091.0,2091.0,2091.0,0,0.0,0.0
2023-10-03 12:00:00+09:00,2068.0,2087.0,2065.0,2065.0,13700,0.0,0.0
2023-10-03 13:00:00+09:00,2070.0,2070.0,2060.0,2060.0,1200,0.0,0.0
2023-10-03 14:00:00+09:00,2060.0,2073.0,2054.0,2073.0,1900,0.0,0.0
2023-10-04 09:00:00+09:00,1953.0,1988.0,1900.0,1984.0,26800,0.0,0.0
2023-10-04 10:00:00+09:00,1984.0,2010.0,1983.0,1989.0,4200,0.0,0.0
2023-10-04 11:00:00+09:00,1985.0,1990.0,1961.0,1961.0,0,0.0,0.0
2023-10-04 12:00:00+09:00,1961.0,1961.0,1950.0,1951.0,41500,0.0,0.0
2023-10-04 13:00:00+09:00,1950.0,1961.0,1941.0,1950.0,5100,0.0,0.0
2023-10-04 14:00:00+09:00,1951.0,1974.0,1941.0,1941.0,1300,0.0,0.0
2023-10-05 09:00:00+09:00,2000.0,2021.0,1987.0,1987.0,12500,0.0,0.0
2023-10-05 10:00:00+09:00,1988.0,2008.0,1988.0,1995.0,4600,0.0,0.0
2023-10-05 11:00:00+09:00,2003.0,2010.0,2003.0,2010.0,0,0.0,0.0
2023-10-05 12:00:00+09:00,2010.0,2022.0,2010.0,2022.0,19200,0.0,0.0
2023-10-05 13:00:00+09:00,2022.0,2045.0,2017.0,2035.0,1700,0.0,0.0
2023-10-05 14:00:00+09:00,2033.0,2036.0,2012.0,2012.0,2400,0.0,0.0
2023-10-06 09:00:00+09:00,2033.0,2061.0,2033.0,2060.0,2100,0.0,0.0
2023-10-06 10:00:00+09:00,2061.0,2116.0,2061.0,2076.0,3500,0.0,0.0
2023-10-06 11:00:00+09:00,2076.0,2076.0,2076.0,2076.0,0,0.0,0.0
2023-10-06 12:00:00+09:00,2089.0,2096.0,2075.0,2096.0,6000,0.0,0.0
2023-10-06 13:00:00+09:00,2094.0,2094.0,2094.0,2094.0,100,0.0,0.0
2023-10-06 14:00:00+09:00,2090.0,2111.0,2090.0,2096.0,1500,0.0,0.0
2023-10-10 09:00:00+09:00,2180.0,2180.0,2120.0,2178.0,4300,0.0,0.0
2023-10-10 10:00:00+09:00,2160.0,2160.0,2143.0,2154.0,1800,0.0,0.0
2023-10-10 11:00:00+09:00,2142.0,2142.0,2140.0,2140.0,0,0.0,0.0
2023-10-10 12:00:00+09:00,2137.0,2137.0,2137.0,2137.0,6500,0.0,0.0
2023-10-10 13:00:00+09:00,2135.0,2140.0,2133.0,2133.0,1200,0.0,0.0
2023-10-10 14:00:00+09:00,2135.0,2142.0,2135.0,2142.0,900,0.0,0.0
2023-10-11 09:00:00+09:00,2149.0,2149.0,2128.0,2135.0,2200,0.0,0.0
2023-10-11 10:00:00+09:00,2130.0,2130.0,2116.0,2116.0,900,0.0,0.0
2023-10-11 11:00:00+09:00,2120.0,2138.0,2117.0,2138.0,0,0.0,0.0
2023-10-11 12:00:00+09:00,2138.0,2138.0,2138.0,2138.0,4400,0.0,0.0
2023-10-11 13:00:00+09:00,2125.0,2125.0,2125.0,2125.0,100,0.0,0.0
2023-10-11 14:00:00+09:00,2136.0,2136.0,2116.0,2116.0,800,0.0,0.0
2023-10-12 09:00:00+09:00,2114.0,2127.0,2114.0,2127.0,400,0.0,0.0
2023-10-12 10:00:00+09:00,2109.0,2109.0,2100.0,2100.0,1100,0.0,0.0
2023-10-12 11:00:00+09:00,2100.0,2100.0,2100.0,2100.0,0,0.0,0.0
2023-10-12 12:00:00+09:00,2123.0,2125.0,2123.0,2125.0,2900,0.0,0.0
2023-10-12 13:00:00+09:00,2124.0,2124.0,2124.0,2124.0,100,0.0,0.0
2023-10-12 14:00:00+09:00,2110.0,2111.0,2110.0,2110.0,600,0.0,0.0
2023-10-13 09:00:00+09:00,2100.0,2100.0,2084.0,2084.0,1000,0.0,0.0
2023-10-13 10:00:00+09:00,2082.0,2082.0,2074.0,2074.0,500,0.0,0.0
2023-10-13 11:00:00+09:00,2075.0,2075.0,2069.0,2069.0,0,0.0,0.0
2023-10-13 12:00:00+09:00,2074.0,2074.0,2050.0,2051.0,4900,0.0,0.0
2023-10-13 13:00:00+09:00,2051.0,2051.0,2051.0,2051.0,400,0.0,0.0
2023-10-13 14:00:00+09:00,2051.0,2062.0,2037.0,2062.0,2600,0.0,0.0
2023-10-16 09:00:00+09:00,2030.0,2030.0,2000.0,2030.0,2600,0.0,0.0
2023-10-16 10:00:00+09:00,2025.0,2025.0,1999.0,1999.0,1900,0.0,0.0
2023-10-16 11:00:00+09:00,1999.0,1999.0,1999.0,1999.0,0,0.0,0.0
2023-10-16 12:00:00+09:00,2002.0,2002.0,2002.0,2002.0,5200,0.0,0.0
2023-10-16 13:00:00+09:00,2020.0,2022.0,2002.0,2002.0,500,0.0,0.0
2023-10-16 14:00:00+09:00,2004.0,2004.0,2004.0,2004.0,300,0.0,0.0
2023-10-17 09:00:00+09:00,2026.0,2048.0,2026.0,2041.0,0,0.0,0.0
2023-10-17 10:00:00+09:00,2041.0,2043.0,2041.0,2043.0,2500,0.0,0.0
2023-10-17 11:00:00+09:00,2043.0,2043.0,2043.0,2043.0,0,0.0,0.0
2023-10-17 14:00:00+09:00,2032.0,2043.0,2032.0,2043.0,3100,0.0,0.0
2023-10-18 09:00:00+09:00,2040.0,2040.0,2040.0,2040.0,200,0.0,0.0
2023-10-18 10:00:00+09:00,2041.0,2080.0,2041.0,2080.0,1300,0.0,0.0
2023-10-18 11:00:00+09:00,2045.0,2047.0,2045.0,2047.0,0,0.0,0.0
2023-10-18 12:00:00+09:00,2048.0,2048.0,2048.0,2048.0,1800,0.0,0.0
2023-10-18 14:00:00+09:00,2065.0,2080.0,2065.0,2080.0,800,0.0,0.0
2023-10-19 09:00:00+09:00,2055.0,2065.0,2046.0,2065.0,1400,0.0,0.0
2023-10-19 10:00:00+09:00,2065.0,2065.0,2063.0,2065.0,900,0.0,0.0
2023-10-19 11:00:00+09:00,2060.0,2060.0,2060.0,2060.0,0,0.0,0.0
2023-10-19 12:00:00+09:00,2060.0,2060.0,2051.0,2051.0,2700,0.0,0.0
2023-10-19 13:00:00+09:00,2050.0,2050.0,2045.0,2045.0,700,0.0,0.0
2023-10-19 14:00:00+09:00,2040.0,2045.0,2040.0,2045.0,400,0.0,0.0
2023-10-20 09:00:00+09:00,2045.0,2047.0,2045.0,2047.0,800,0.0,0.0
2023-10-20 10:00:00+09:00,2047.0,2047.0,2047.0,2047.0,100,0.0,0.0
2023-10-20 11:00:00+09:00,2047.0,2047.0,2047.0,2047.0,0,0.0,0.0
2023-10-20 12:00:00+09:00,2046.0,2046.0,2046.0,2046.0,1100,0.0,0.0
2023-10-23 09:00:00+09:00,2040.0,2040.0,2016.0,2016.0,1100,0.0,0.0
2023-10-23 10:00:00+09:00,2048.0,2048.0,2048.0,2048.0,300,0.0,0.0
2023-10-23 11:00:00+09:00,2047.0,2047.0,2047.0,2047.0,0,0.0,0.0
2023-10-23 12:00:00+09:00,2011.0,2017.0,2011.0,2017.0,2700,0.0,0.0
2023-10-23 13:00:00+09:00,2025.0,2038.0,2016.0,2017.0,800,0.0,0.0
2023-10-23 14:00:00+09:00,2030.0,2030.0,2013.0,2020.0,500,0.0,0.0
2023-10-24 09:00:00+09:00,2001.0,2003.0,2001.0,2003.0,2100,0.0,0.0
2023-10-24 10:00:00+09:00,2001.0,2001.0,1950.0,1968.0,5900,0.0,0.0
2023-10-24 11:00:00+09:00,1968.0,1979.0,1968.0,1979.0,0,0.0,0.0
2023-10-24 12:00:00+09:00,1985.0,2004.0,1985.0,2004.0,10900,0.0,0.0
2023-10-24 14:00:00+09:00,2000.0,2012.0,2000.0,2012.0,1000,0.0,0.0
2023-10-25 09:00:00+09:00,2034.0,2034.0,2020.0,2030.0,1300,0.0,0.0
2023-10-25 10:00:00+09:00,2030.0,2030.0,2018.0,2024.0,400,0.0,0.0
2023-10-25 11:00:00+09:00,2024.0,2030.0,2024.0,2030.0,0,0.0,0.0
2023-10-25 12:00:00+09:00,2028.0,2029.0,2028.0,2029.0,2200,0.0,0.0
2023-10-25 13:00:00+09:00,2028.0,2028.0,2024.0,2024.0,600,0.0,0.0
2023-10-25 14:00:00+09:00,2025.0,2025.0,2020.0,2020.0,500,0.0,0.0
2023-10-26 09:00:00+09:00,2000.0,2014.0,1999.0,2014.0,1500,0.0,0.0
2023-10-26 11:00:00+09:00,2000.0,2000.0,2000.0,2000.0,0,0.0,0.0
2023-10-26 12:00:00+09:00,1991.0,1991.0,1991.0,1991.0,1900,0.0,0.0
2023-10-26 13:00:00+09:00,1992.0,1992.0,1992.0,1992.0,0,0.0,0.0
2023-10-26 14:00:00+09:00,1992.0,2006.0,1990.0,2006.0,3400,0.0,0.0
2023-10-27 09:00:00+09:00,1996.0,2000.0,1983.0,2000.0,2700,0.0,0.0
2023-10-27 10:00:00+09:00,2000.0,2012.0,1998.0,2012.0,6400,0.0,0.0
2023-10-27 11:00:00+09:00,2017.0,2020.0,2012.0,2012.0,0,0.0,0.0
2023-10-27 12:00:00+09:00,2019.0,2019.0,2004.0,2004.0,9700,0.0,0.0
2023-10-27 13:00:00+09:00,2020.0,2020.0,2020.0,2020.0,100,0.0,0.0
2023-10-27 14:00:00+09:00,2020.0,2020.0,2000.0,2000.0,1400,0.0,0.0
2023-10-30 09:00:00+09:00,1986.0,2015.0,1986.0,2000.0,0,0.0,0.0
2023-10-30 10:00:00+09:00,2011.0,2030.0,2011.0,2030.0,3300,0.0,0.0
2023-10-30 11:00:00+09:00,2030.0,2030.0,2030.0,2030.0,0,0.0,0.0
2023-10-30 12:00:00+09:00,2030.0,2030.0,2030.0,2030.0,3700,0.0,0.0
2023-10-30 13:00:00+09:00,2027.0,2027.0,2015.0,2015.0,1300,0.0,0.0
2023-10-30 14:00:00+09:00,2001.0,2036.0,2001.0,2022.0,1000,0.0,0.0
2023-10-31 09:00:00+09:00,2050.0,2098.0,2050.0,2098.0,4500,0.0,0.0
2023-10-31 10:00:00+09:00,2078.0,2096.0,2078.0,2080.0,700,0.0,0.0
2023-10-31 11:00:00+09:00,2081.0,2090.0,2074.0,2074.0,0,0.0,0.0
2023-10-31 12:00:00+09:00,2094.0,2094.0,2072.0,2073.0,8500,0.0,0.0
2023-10-31 13:00:00+09:00,2084.0,2088.0,2040.0,2060.0,4200,0.0,0.0
2023-10-31 14:00:00+09:00,2043.0,2087.0,2032.0,2070.0,3500,0.0,0.0
2023-11-01 09:00:00+09:00,2087.0,2087.0,2021.0,2049.0,3800,0.0,0.0
2023-11-01 10:00:00+09:00,2035.0,2035.0,2030.0,2030.0,800,0.0,0.0
2023-11-01 11:00:00+09:00,2040.0,2040.0,2031.0,2031.0,0,0.0,0.0
2023-11-01 12:00:00+09:00,2031.0,2031.0,2031.0,2031.0,5300,0.0,0.0
2023-11-01 13:00:00+09:00,2037.0,2037.0,2031.0,2034.0,600,0.0,0.0
2023-11-01 14:00:00+09:00,2040.0,2049.0,2030.0,2040.0,2800,0.0,0.0
2023-11-02 09:00:00+09:00,2041.0,2049.0,2033.0,2045.0,0,0.0,0.0
2023-11-02 10:00:00+09:00,2040.0,2041.0,2040.0,2041.0,2300,0.0,0.0
2023-11-02 11:00:00+09:00,2039.0,2039.0,2030.0,2030.0,0,0.0,0.0
2023-11-02 12:00:00+09:00,2030.0,2030.0,2017.0,2017.0,4800,0.0,0.0
2023-11-02 13:00:00+09:00,2012.0,2021.0,2012.0,2015.0,500,0.0,0.0
2023-11-02 14:00:00+09:00,2022.0,2025.0,2022.0,2025.0,700,0.0,0.0
2023-11-06 09:00:00+09:00,2025.0,2034.0,2020.0,2034.0,5800,0.0,0.0
2023-11-06 10:00:00+09:00,2030.0,2042.0,2030.0,2042.0,1100,0.0,0.0
2023-11-06 11:00:00+09:00,2025.0,2025.0,2025.0,2025.0,0,0.0,0.0
2023-11-06 12:00:00+09:00,2030.0,2030.0,2025.0,2028.0,7800,0.0,0.0
2023-11-06 13:00:00+09:00,2028.0,2029.0,2027.0,2029.0,500,0.0,0.0
2023-11-06 14:00:00+09:00,2030.0,2035.0,2030.0,2035.0,500,0.0,0.0
2023-11-07 09:00:00+09:00,2036.0,2036.0,2027.0,2029.0,700,0.0,0.0
2023-11-07 10:00:00+09:00,2027.0,2027.0,2027.0,2027.0,200,0.0,0.0
2023-11-07 11:00:00+09:00,2044.0,2044.0,2044.0,2044.0,0,0.0,0.0
2023-11-07 12:00:00+09:00,2029.0,2040.0,2029.0,2030.0,1400,0.0,0.0
2023-11-07 13:00:00+09:00,2035.0,2035.0,2029.0,2029.0,1500,0.0,0.0
2023-11-07 14:00:00+09:00,2031.0,2039.0,2030.0,2039.0,1100,0.0,0.0
2023-11-08 09:00:00+09:00,2045.0,2045.0,2021.0,2022.0,2000,0.0,0.0
2023-11-08 10:00:00+09:00,2022.0,2022.0,2011.0,2012.0,1300,0.0,0.0
2023-11-08 11:00:00+09:00,2015.0,2027.0,2006.0,2027.0,0,0.0,0.0
2023-11-08 12:00:00+09:00,2006.0,2010.0,1995.0,2001.0,9500,0.0,0.0
2023-11-08 13:00:00+09:00,1995.0,2009.0,1992.0,2009.0,2100,0.0,0.0
2023-11-08 14:00:00+09:00,2016.0,2016.0,1992.0,2011.0,1000,0.0,0.0
2023-11-09 09:00:00+09:00,2000.0,2000.0,1959.0,1965.0,3200,0.0,0.0
2023-11-09 10:00:00+09:00,1983.0,1990.0,1983.0,1990.0,1000,0.0,0.0
2023-11-09 11:00:00+09:00,1994.0,2000.0,1994.0,2000.0,0,0.0,0.0
2023-11-09 12:00:00+09:00,2000.0,2001.0,1994.0,1994.0,4900,0.0,0.0
2023-11-09 13:00:00+09:00,2000.0,2000.0,2000.0,2000.0,200,0.0,0.0
2023-11-09 14:00:00+09:00,2005.0,2024.0,2002.0,2024.0,1100,0.0,0.0
2023-11-10 09:00:00+09:00,2029.0,2029.0,2021.0,2021.0,800,0.0,0.0
2023-11-10 10:00:00+09:00,2010.0,2010.0,2003.0,2005.0,400,0.0,0.0
2023-11-10 11:00:00+09:00,2005.0,2005.0,2005.0,2005.0,0,0.0,0.0
2023-11-10 13:00:00+09:00,2005.0,2018.0,2005.0,2018.0,1600,0.0,0.0
2023-11-10 14:00:00+09:00,2018.0,2024.0,2006.0,2015.0,1400,0.0,0.0
2023-11-13 09:00:00+09:00,2039.0,2039.0,2011.0,2013.0,1100,0.0,0.0
2023-11-13 10:00:00+09:00,2014.0,2015.0,2013.0,2015.0,300,0.0,0.0
2023-11-13 11:00:00+09:00,2015.0,2015.0,2015.0,2015.0,0,0.0,0.0
2023-11-13 12:00:00+09:00,2013.0,2013.0,2013.0,2013.0,2000,0.0,0.0
2023-11-13 13:00:00+09:00,2020.0,2020.0,2014.0,2014.0,400,0.0,0.0
2023-11-13 14:00:00+09:00,2014.0,2014.0,2014.0,2014.0,100,0.0,0.0
2023-11-14 09:00:00+09:00,2020.0,2020.0,2020.0,2020.0,300,0.0,0.0
2023-11-14 11:00:00+09:00,2018.0,2018.0,2018.0,2018.0,0,0.0,0.0
2023-11-14 12:00:00+09:00,2017.0,2018.0,2005.0,2005.0,900,0.0,0.0
2023-11-14 13:00:00+09:00,2008.0,2017.0,2008.0,2017.0,200,0.0,0.0
2023-11-14 14:00:00+09:00,2007.0,2012.0,2007.0,2012.0,300,0.0,0.0
2023-11-15 09:00:00+09:00,2019.0,2036.0,2003.0,2003.0,1700,0.0,0.0
2023-11-15 10:00:00+09:00,2008.0,2008.0,2004.0,2004.0,300,0.0,0.0
2023-11-15 11:00:00+09:00,2004.0,2004.0,2004.0,2004.0,0,0.0,0.0
2023-11-15 12:00:00+09:00,2010.0,2012.0,2010.0,2012.0,2900,0.0,0.0
2023-11-15 13:00:00+09:00,2010.0,2010.0,2010.0,2010.0,100,0.0,0.0
2023-11-15 14:00:00+09:00,2012.0,2012.0,2004.0,2004.0,2800,0.0,0.0
2023-11-16 09:00:00+09:00,2003.0,2016.0,2003.0,2008.0,600,0.0,0.0
2023-11-16 11:00:00+09:00,2008.0,2008.0,2008.0,2008.0,0,0.0,0.0
2023-11-16 13:00:00+09:00,2013.0,2013.0,2013.0,2013.0,800,0.0,0.0
2023-11-16 14:00:00+09:00,2014.0,2015.0,2008.0,2008.0,500,0.0,0.0
2023-11-17 09:00:00+09:00,2008.0,2015.0,2008.0,2015.0,700,0.0,0.0
2023-11-17 11:00:00+09:00,2010.0,2010.0,2010.0,2010.0,0,0.0,0.0
2023-11-17 12:00:00+09:00,2016.0,2016.0,2016.0,2016.0,1100,0.0,0.0
2023-11-17 14:00:00+09:00,2019.0,2020.0,2015.0,2018.0,800,0.0,0.0
2023-11-20 09:00:00+09:00,2018.0,2027.0,2018.0,2025.0,700,0.0,0.0
2023-11-20 10:00:00+09:00,2025.0,2025.0,2018.0,2018.0,400,0.0,0.0
2023-11-20 11:00:00+09:00,2025.0,2025.0,2025.0,2025.0,0,0.0,0.0
2023-11-20 12:00:00+09:00,2025.0,2025.0,2018.0,2018.0,1800,0.0,0.0
2023-11-20 13:00:00+09:00,2018.0,2018.0,2015.0,2015.0,800,0.0,0.0
2023-11-20 14:00:00+09:00,2021.0,2021.0,2015.0,2015.0,800,0.0,0.0
2023-11-21 09:00:00+09:00,2015.0,2022.0,2015.0,2015.0,1100,0.0,0.0
2023-11-21 10:00:00+09:00,2011.0,2011.0,2008.0,2008.0,300,0.0,0.0
2023-11-21 11:00:00+09:00,2008.0,2008.0,2008.0,2008.0,0,0.0,0.0
2023-11-21 12:00:00+09:00,2009.0,2009.0,2008.0,2008.0,2100,0.0,0.0
2023-11-21 13:00:00+09:00,2009.0,2009.0,2008.0,2008.0,200,0.0,0.0
2023-11-21 14:00:00+09:00,2008.0,2008.0,2002.0,2002.0,1500,0.0,0.0
2023-11-22 09:00:00+09:00,2003.0,2010.0,2003.0,2005.0,800,0.0,0.0
2023-11-22 10:00:00+09:00,2005.0,2015.0,2005.0,2015.0,600,0.0,0.0
2023-11-22 11:00:00+09:00,2015.0,2015.0,2015.0,2015.0,0,0.0,0.0
2023-11-22 12:00:00+09:00,2015.0,2015.0,2015.0,2015.0,1500,0.0,0.0
2023-11-22 14:00:00+09:00,2015.0,2017.0,2010.0,2010.0,400,0.0,0.0
2023-11-24 09:00:00+09:00,2006.0,2018.0,2006.0,2018.0,0,0.0,0.0
2023-11-24 10:00:00+09:00,2017.0,2018.0,1979.0,2003.0,10400,0.0,0.0
2023-11-24 11:00:00+09:00,2001.0,2003.0,2001.0,2003.0,0,0.0,0.0
2023-11-24 12:00:00+09:00,2003.0,2003.0,2003.0,2003.0,11100,0.0,0.0
2023-11-24 13:00:00+09:00,2009.0,2009.0,2009.0,2009.0,100,0.0,0.0
2023-11-24 14:00:00+09:00,2003.0,2009.0,2003.0,2005.0,600,0.0,0.0
2023-11-27 09:00:00+09:00,2010.0,2015.0,2010.0,2010.0,400,0.0,0.0
2023-11-27 10:00:00+09:00,2012.0,2018.0,2010.0,2010.0,1800,0.0,0.0
2023-11-27 11:00:00+09:00,2010.0,2018.0,2010.0,2018.0,0,0.0,0.0
2023-11-27 12:00:00+09:00,2018.0,2018.0,2005.0,2005.0,3700,0.0,0.0
2023-11-27 13:00:00+09:00,2005.0,2015.0,2005.0,2015.0,200,0.0,0.0
2023-11-27 14:00:00+09:00,2011.0,2012.0,2011.0,2012.0,500,0.0,0.0
2023-11-28 09:00:00+09:00,2020.0,2031.0,2018.0,2031.0,0,0.0,0.0
2023-11-28 10:00:00+09:00,2031.0,2047.0,2030.0,2030.0,5400,0.0,0.0
2023-11-28 11:00:00+09:00,2042.0,2042.0,2042.0,2042.0,0,0.0,0.0
2023-11-28 12:00:00+09:00,2047.0,2055.0,2047.0,2054.0,7200,0.0,0.0
2023-11-28 13:00:00+09:00,2054.0,2054.0,2047.0,2047.0,900,0.0,0.0
2023-11-28 14:00:00+09:00,2045.0,2048.0,2041.0,2042.0,2400,0.0,0.0
2023-11-29 09:00:00+09:00,2042.0,2060.0,2042.0,2042.0,800,0.0,0.0
2023-11-29 10:00:00+09:00,2045.0,2045.0,2042.0,2042.0,700,0.0,0.0
2023-11-29 11:00:00+09:00,2041.0,2041.0,2040.0,2040.0,0,0.0,0.0
2023-11-29 12:00:00+09:00,2040.0,2049.0,2040.0,2049.0,2500,0.0,0.0
2023-11-29 13:00:00+09:00,2040.0,2040.0,2040.0,2040.0,300,0.0,0.0
2023-11-29 14:00:00+09:00,2041.0,2041.0,2035.0,2035.0,300,0.0,0.0
2023-11-30 09:00:00+09:00,2035.0,2039.0,2032.0,2039.0,0,0.0,0.0
2023-11-30 10:00:00+09:00,2031.0,2035.0,2025.0,2025.0,1700,0.0,0.0
2023-11-30 11:00:00+09:00,2025.0,2025.0,2025.0,2025.0,0,0.0,0.0
2023-11-30 12:00:00+09:00,2026.0,2026.0,2026.0,2026.0,1800,0.0,0.0
2023-11-30 13:00:00+09:00,2029.0,2040.0,2029.0,2039.0,1000,0.0,0.0
2023-11-30 14:00:00+09:00,2039.0,2048.0,2039.0,2047.0,0,0.0,0.0
2023-12-01 09:00:00+09:00,2050.0,2059.0,2048.0,2048.0,2700,0.0,0.0
2023-12-01 10:00:00+09:00,2052.0,2060.0,2052.0,2060.0,1300,0.0,0.0
2023-12-01 11:00:00+09:00,2060.0,2060.0,2051.0,2051.0,0,0.0,0.0
2023-12-01 12:00:00+09:00,2051.0,2051.0,2051.0,2051.0,5000,0.0,0.0
2023-12-01 13:00:00+09:00,2051.0,2051.0,2051.0,2051.0,300,0.0,0.0
2023-12-01 14:00:00+09:00,2050.0,2050.0,2050.0,2050.0,500,0.0,0.0
2023-12-04 09:00:00+09:00,2050.0,2061.0,2048.0,2048.0,1600,0.0,0.0
2023-12-04 10:00:00+09:00,2050.0,2056.0,2050.0,2056.0,400,0.0,0.0
2023-12-04 11:00:00+09:00,2056.0,2056.0,2056.0,2056.0,0,0.0,0.0
2023-12-04 12:00:00+09:00,2050.0,2050.0,2035.0,2035.0,4300,0.0,0.0
2023-12-04 14:00:00+09:00,2038.0,2040.0,2038.0,2040.0,200,0.0,0.0
2023-12-05 09:00:00+09:00,2049.0,2049.0,2037.0,2037.0,400,0.0,0.0
2023-12-05 10:00:00+09:00,2042.0,2042.0,2042.0,2042.0,100,0.0,0.0
2023-12-05 11:00:00+09:00,2042.0,2042.0,2042.0,2042.0,0,0.0,0.0
2023-12-05 12:00:00+09:00,2040.0,2040.0,2040.0,2040.0,700,0.0,0.0
2023-12-05 14:00:00+09:00,2042.0,2042.0,2040.0,2040.0,400,0.0,0.0
2023-12-06 09:00:00+09:00,2035.0,2049.0,2035.0,2049.0,500,0.0,0.0
2023-12-06 11:00:00+09:00,2049.0,2049.0,2049.0,2049.0,0,0.0,0.0
2023-12-06 12:00:00+09:00,2049.0,2049.0,2049.0,2049.0,600,0.0,0.0
2023-12-06 13:00:00+09:00,2049.0,2049.0,2049.0,2049.0,100,0.0,0.0
2023-12-07 09:00:00+09:00,2046.0,2046.0,2035.0,2035.0,0,0.0,0.0
2023-12-07 10:00:00+09:00,2033.0,2033.0,2033.0,2033.0,1600,0.0,0.0
2023-12-07 11:00:00+09:00,2036.0,2036.0,2032.0,2032.0,0,0.0,0.0
2023-12-07 12:00:00+09:00,2032.0,2032.0,2032.0,2032.0,2000,0.0,0.0
2023-12-07 14:00:00+09:00,2046.0,2047.0,2036.0,2036.0,300,0.0,0.0
2023-12-08 09:00:00+09:00,2033.0,2040.0,2020.0,2025.0,2300,0.0,0.0
2023-12-08 10:00:00+09:00,2025.0,2025.0,2016.0,2016.0,0,0.0,0.0
2023-12-08 11:00:00+09:00,2018.0,2018.0,2016.0,2016.0,0,0.0,0.0
2023-12-08 12:00:00+09:00,2020.0,2020.0,2016.0,2020.0,5100,0.0,0.0
2023-12-08 13:00:00+09:00,2011.0,2011.0,2000.0,2000.0,1700,0.0,0.0
2023-12-08 14:00:00+09:00,2007.0,2010.0,2001.0,2001.0,700,0.0,0.0
2023-12-11 09:00:00+09:00,2045.0,2045.0,2010.0,2019.0,2000,0.0,0.0
2023-12-11 10:00:00+09:00,2010.0,2010.0,2010.0,2010.0,100,0.0,0.0
2023-12-11 11:00:00+09:00,2010.0,2010.0,2010.0,2010.0,0,0.0,0.0
2023-12-11 12:00:00+09:00,2010.0,2010.0,2010.0,2010.0,2600,0.0,0.0
2023-12-11 13:00:00+09:00,2010.0,2010.0,2010.0,2010.0,100,0.0,0.0
2023-12-11 14:00:00+09:00,2011.0,2011.0,2010.0,2010.0,400,0.0,0.0
2023-12-12 09:00:00+09:00,2035.0,2035.0,2027.0,2027.0,200,0.0,0.0
2023-12-12 10:00:00+09:00,2020.0,2025.0,2020.0,2025.0,300,0.0,0.0
2023-12-12 11:00:00+09:00,2024.0,2024.0,2005.0,2022.0,0,0.0,0.0
2023-12-12 12:00:00+09:00,2028.0,2028.0,2012.0,2012.0,2500,0.0,0.0
2023-12-12 14:00:00+09:00,2011.0,2011.0,2011.0,2011.0,200,0.0,0.0
2023-12-13 09:00:00+09:00,2005.0,2030.0,2005.0,2007.0,1700,0.0,0.0
2023-12-13 10:00:00+09:00,2007.0,2008.0,2007.0,2008.0,200,0.0,0.0
2023-12-13 11:00:00+09:00,2010.0,2014.0,2010.0,2014.0,0,0.0,0.0
2023-12-13 12:00:00+09:00,2016.0,2018.0,2014.0,2018.0,2600,0.0,0.0
2023-12-13 13:00:00+09:00,2019.0,2019.0,2019.0,2019.0,100,0.0,0.0
2023-12-13 14:00:00+09:00,2022.0,2022.0,2022.0,2022.0,100,0.0,0.0
2023-12-14 09:00:00+09:00,2030.0,2030.0,2012.0,2012.0,1000,0.0,0.0
2023-12-14 10:00:00+09:00,2008.0,2008.0,2001.0,2001.0,1200,0.0,0.0
2023-12-14 11:00:00+09:00,2001.0,2001.0,2001.0,2001.0,0,0.0,0.0
2023-12-14 12:00:00+09:00,2001.0,2021.0,2000.0,2021.0,3000,0.0,0.0
2023-12-14 13:00:00+09:00,2000.0,2015.0,2000.0,2015.0,200,0.0,0.0
2023-12-14 14:00:00+09:00,2015.0,2015.0,2015.0,2015.0,100,0.0,0.0
2023-12-15 09:00:00+09:00,2001.0,2001.0,2001.0,2001.0,900,0.0,0.0
2023-12-15 10:00:00+09:00,2014.0,2029.0,2014.0,2028.0,700,0.0,0.0
2023-12-15 11:00:00+09:00,2028.0,2028.0,2028.0,2028.0,0,0.0,0.0
2023-12-15 12:00:00+09:00,2026.0,2026.0,2010.0,2015.0,2000,0.0,0.0
2023-12-15 13:00:00+09:00,2016.0,2016.0,2016.0,2016.0,0,0.0,0.0
2023-12-15 14:00:00+09:00,2015.0,2015.0,2010.0,2010.0,2300,0.0,0.0
2023-12-18 09:00:00+09:00,2015.0,2016.0,2015.0,2015.0,1700,0.0,0.0
2023-12-18 10:00:00+09:00,2016.0,2016.0,2000.0,2000.0,4200,0.0,0.0
2023-12-18 11:00:00+09:00,2000.0,2000.0,2000.0,2000.0,0,0.0,0.0
2023-12-18 12:00:00+09:00,2000.0,2014.0,2000.0,2014.0,6600,0.0,0.0
2023-12-18 13:00:00+09:00,2015.0,2015.0,2003.0,2013.0,500,0.0,0.0
2023-12-18 14:00:00+09:00,2014.0,2014.0,2014.0,2014.0,100,0.0,0.0
2023-12-19 09:00:00+09:00,2020.0,2020.0,2020.0,2020.0,2100,0.0,0.0
2023-12-19 10:00:00+09:00,2011.0,2011.0,2011.0,2011.0,100,0.0,0.0
2023-12-19 11:00:00+09:00,2011.0,2011.0,2011.0,2011.0,0,0.0,0.0
2023-12-19 12:00:00+09:00,2011.0,2020.0,2011.0,2019.0,2500,0.0,0.0
2023-12-19 14:00:00+09:00,2018.0,2020.0,2015.0,2019.0,1800,0.0,0.0
2023-12-20 09:00:00+09:00,2017.0,2035.0,2017.0,2035.0,6200,0.0,0.0
2023-12-20 10:00:00+09:00,2037.0,2044.0,2037.0,2038.0,1500,0.0,0.0
2023-12-20 11:00:00+09:00,2040.0,2040.0,2040.0,2040.0,0,0.0,0.0
2023-12-20 12:00:00+09:00,2040.0,2040.0,2038.0,2040.0,9100,0.0,0.0
2023-12-20 13:00:00+09:00,2039.0,2043.0,2039.0,2043.0,500,0.0,0.0
2023-12-20 14:00:00+09:00,2043.0,2043.0,2034.0,2040.0,700,0.0,0.0
2023-12-21 09:00:00+09:00,2022.0,2022.0,2020.0,2020.0,0,0.0,0.0
2023-12-21 11:00:00+09:00,2021.0,2021.0,2021.0,2021.0,0,0.0,0.0
2023-12-21 12:00:00+09:00,2022.0,2035.0,2022.0,2035.0,2600,0.0,0.0
2023-12-21 13:00:00+09:00,2036.0,2037.0,2036.0,2037.0,200,0.0,0.0
2023-12-21 14:00:00+09:00,2037.0,2039.0,2037.0,2039.0,400,0.0,0.0
2023-12-22 09:00:00+09:00,2040.0,2044.0,2031.0,2031.0,700,0.0,0.0
2023-12-22 10:00:00+09:00,2034.0,2034.0,2030.0,2030.0,800,0.0,0.0
2023-12-22 11:00:00+09:00,2030.0,2030.0,2030.0,2030.0,0,0.0,0.0
2023-12-22 12:00:00+09:00,2041.0,2041.0,2031.0,2031.0,2200,0.0,0.0
2023-12-22 14:00:00+09:00,2032.0,2042.0,2031.0,2042.0,400,0.0,0.0
2023-12-25 09:00:00+09:00,2031.0,2040.0,2030.0,2040.0,1200,0.0,0.0
2023-12-25 10:00:00+09:00,2039.0,2039.0,2030.0,2030.0,1000,0.0,0.0
2023-12-25 11:00:00+09:00,2030.0,2030.0,2030.0,2030.0,0,0.0,0.0
2023-12-25 12:00:00+09:00,2038.0,2038.0,2038.0,2038.0,3200,0.0,0.0
2023-12-25 14:00:00+09:00,2030.0,2037.0,2028.0,2037.0,700,0.0,0.0
2023-12-26 09:00:00+09:00,2035.0,2035.0,2030.0,2030.0,1400,0.0,0.0
2023-12-26 10:00:00+09:00,2030.0,2032.0,2026.0,2032.0,400,0.0,0.0
2023-12-26 11:00:00+09:00,2026.0,2027.0,2026.0,2027.0,0,0.0,0.0
2023-12-26 12:00:00+09:00,2026.0,2026.0,2025.0,2025.0,2500,0.0,0.0
2023-12-26 13:00:00+09:00,2025.0,2025.0,2025.0,2025.0,1200,0.0,0.0
2023-12-26 14:00:00+09:00,2028.0,2028.0,2028.0,2028.0,200,0.0,0.0
2023-12-27 09:00:00+09:00,2028.0,2040.0,2027.0,2040.0,1300,0.0,0.0
2023-12-27 10:00:00+09:00,2040.0,2040.0,2040.0,2040.0,800,0.0,0.0
2023-12-27 11:00:00+09:00,2040.0,2040.0,2040.0,2040.0,0,0.0,0.0
2023-12-27 12:00:00+09:00,2035.0,2035.0,2035.0,2035.0,2300,0.0,0.0
2023-12-27 13:00:00+09:00,2038.0,2041.0,2036.0,2036.0,1200,0.0,0.0
2023-12-27 14:00:00+09:00,2036.0,2045.0,2035.0,2045.0,2300,0.0,0.0
2023-12-28 09:00:00+09:00,2045.0,2047.0,2044.0,2046.0,1800,0.0,0.0
2023-12-28 10:00:00+09:00,2047.0,2050.0,2045.0,2050.0,1100,0.0,0.0
2023-12-28 11:00:00+09:00,2050.0,2060.0,2050.0,2060.0,0,0.0,0.0
2023-12-28 12:00:00+09:00,2060.0,2070.0,2060.0,2070.0,4500,0.0,0.0
2023-12-28 13:00:00+09:00,2070.0,2070.0,2061.0,2069.0,300,0.0,0.0
2023-12-28 14:00:00+09:00,2068.0,2070.0,2060.0,2060.0,900,0.0,0.0
2023-12-29 09:00:00+09:00,2060.0,2064.0,2052.0,2064.0,2100,0.0,0.0
2023-12-29 10:00:00+09:00,2065.0,2075.0,2065.0,2075.0,1800,0.0,0.0
2023-12-29 11:00:00+09:00,2075.0,2075.0,2072.0,2072.0,0,0.0,0.0
2023-12-29 12:00:00+09:00,2080.0,2080.0,2080.0,2080.0,4400,0.0,0.0
2023-12-29 13:00:00+09:00,2078.0,2082.0,2078.0,2082.0,700,0.0,0.0
2023-12-29 14:00:00+09:00,2081.0,2085.0,2079.0,2083.0,1500,0.0,0.0
2024-01-04 09:00:00+09:00,2100.0,2138.0,2088.0,2103.0,3100,0.0,0.0
2024-01-04 10:00:00+09:00,2120.0,2138.0,2103.0,2133.0,2400,0.0,0.0
2024-01-04 11:00:00+09:00,2132.0,2132.0,2132.0,2132.0,0,0.0,0.0
2024-01-04 12:00:00+09:00,2130.0,2130.0,2110.0,2129.0,6900,0.0,0.0
2024-01-04 13:00:00+09:00,2129.0,2138.0,2128.0,2130.0,3000,0.0,0.0
2024-01-04 14:00:00+09:00,2138.0,2149.0,2135.0,2149.0,1200,0.0,0.0
2024-01-05 09:00:00+09:00,2174.0,2180.0,2157.0,2166.0,3500,0.0,0.0
2024-01-05 10:00:00+09:00,2181.0,2195.0,2160.0,2160.0,3400,0.0,0.0
2024-01-05 11:00:00+09:00,2160.0,2189.0,2160.0,2162.0,0,0.0,0.0
2024-01-05 12:00:00+09:00,2162.0,2162.0,2161.0,2161.0,8700,0.0,0.0
2024-01-05 13:00:00+09:00,2162.0,2187.0,2157.0,2157.0,2500,0.0,0.0
2024-01-05 14:00:00+09:00,2184.0,2189.0,2165.0,2176.0,1800,0.0,0.0
2024-01-09 09:00:00+09:00,2192.0,2197.0,2160.0,2163.0,4100,0.0,0.0
2024-01-09 10:00:00+09:00,2166.0,2196.0,2166.0,2172.0,500,0.0,0.0
2024-01-09 11:00:00+09:00,2184.0,2196.0,2174.0,2174.0,0,0.0,0.0
2024-01-09 12:00:00+09:00,2175.0,2189.0,2163.0,2189.0,7500,0.0,0.0
2024-01-09 13:00:00+09:00,2187.0,2187.0,2162.0,2162.0,1700,0.0,0.0
2024-01-09 14:00:00+09:00,2177.0,2181.0,2177.0,2179.0,2100,0.0,0.0
2024-01-10 09:00:00+09:00,2174.0,2188.0,2170.0,2188.0,2300,0.0,0.0
2024-01-10 10:00:00+09:00,2187.0,2187.0,2187.0,2187.0,100,0.0,0.0
2024-01-10 11:00:00+09:00,2186.0,2186.0,2182.0,2182.0,0,0.0,0.0
2024-01-10 12:00:00+09:00,2181.0,2181.0,2170.0,2170.0,4400,0.0,0.0
2024-01-10 13:00:00+09:00,2180.0,2184.0,2180.0,2184.0,200,0.0,0.0
2024-01-10 14:00:00+09:00,2184.0,2187.0,2174.0,2174.0,1400,0.0,0.0
2024-01-11 09:00:00+09:00,2175.0,2189.0,2175.0,2189.0,1500,0.0,0.0
2024-01-11 10:00:00+09:00,2190.0,2190.0,2126.0,2126.0,9000,0.0,0.0
2024-01-11 11:00:00+09:00,2130.0,2149.0,2130.0,2145.0,0,0.0,0.0
2024-01-11 12:00:00+09:00,2170.0,2184.0,2153.0,2153.0,12200,0.0,0.0
2024-01-11 13:00:00+09:00,2160.0,2160.0,2154.0,2160.0,800,0.0,0.0
2024-01-11 14:00:00+09:00,2158.0,2178.0,2140.0,2140.0,5000,0.0,0.0
2024-01-12 09:00:00+09:00,2163.0,2167.0,2151.0,2157.0,0,0.0,0.0
2024-01-12 10:00:00+09:00,2153.0,2153.0,2145.0,2145.0,1100,0.0,0.0
2024-01-12 11:00:00+09:00,2146.0,2146.0,2146.0,2146.0,0,0.0,0.0
2024-01-12 12:00:00+09:00,2146.0,2146.0,2145.0,2146.0,5100,0.0,0.0
2024-01-12 13:00:00+09:00,2145.0,2153.0,2145.0,2145.0,800,0.0,0.0
2024-01-12 14:00:00+09:00,2145.0,2168.0,2145.0,2168.0,2300,0.0,0.0
2024-01-15 09:00:00+09:00,2168.0,2172.0,2168.0,2172.0,0,0.0,0.0
2024-01-15 10:00:00+09:00,2172.0,2181.0,2172.0,2178.0,3100,0.0,0.0
2024-01-15 11:00:00+09:00,2178.0,2178.0,2178.0,2178.0,0,0.0,0.0
2024-01-15 12:00:00+09:00,2178.0,2185.0,2178.0,2180.0,5200,0.0,0.0
2024-01-15 13:00:00+09:00,2179.0,2180.0,2179.0,2180.0,300,0.0,0.0
2024-01-15 14:00:00+09:00,2180.0,2185.0,2180.0,2183.0,900,0.0,0.0
2024-01-16 09:00:00+09:00,2180.0,2187.0,2180.0,2185.0,3200,0.0,0.0
2024-01-16 10:00:00+09:00,2186.0,2198.0,2186.0,2186.0,3100,0.0,0.0
2024-01-16 11:00:00+09:00,2187.0,2190.0,2187.0,2187.0,0,0.0,0.0
2024-01-16 12:00:00+09:00,2196.0,2196.0,2185.0,2185.0,8600,0.0,0.0
2024-01-16 13:00:00+09:00,2195.0,2196.0,2195.0,2196.0,200,0.0,0.0
2024-01-16 14:00:00+09:00,2196.0,2196.0,2191.0,2191.0,500,0.0,0.0
2024-01-17 09:00:00+09:00,2198.0,2198.0,2190.0,2190.0,1300,0.0,0.0
2024-01-17 10:00:00+09:00,2196.0,2199.0,2192.0,2192.0,800,0.0,0.0
2024-01-17 11:00:00+09:00,2193.0,2193.0,2193.0,2193.0,0,0.0,0.0
2024-01-17 12:00:00+09:00,2193.0,2194.0,2192.0,2192.0,4000,0.0,0.0
2024-01-17 13:00:00+09:00,2191.0,2196.0,2191.0,2196.0,300,0.0,0.0
2024-01-17 14:00:00+09:00,2196.0,2199.0,2196.0,2196.0,1500,0.0,0.0
2024-01-18 09:00:00+09:00,2181.0,2198.0,2181.0,2198.0,2500,0.0,0.0
2024-01-18 10:00:00+09:00,2199.0,2199.0,2182.0,2183.0,1400,0.0,0.0
2024-01-18 11:00:00+09:00,2183.0,2183.0,2183.0,2183.0,0,0.0,0.0
2024-01-18 12:00:00+09:00,2183.0,2186.0,2183.0,2186.0,4400,0.0,0.0
2024-01-18 14:00:00+09:00,2189.0,2190.0,2183.0,2187.0,1800,0.0,0.0
2024-01-19 09:00:00+09:00,2188.0,2190.0,2188.0,2190.0,400,0.0,0.0
2024-01-19 10:00:00+09:00,2190.0,2190.0,2190.0,2190.0,800,0.0,0.0
2024-01-19 11:00:00+09:00,2190.0,2190.0,2188.0,2188.0,0,0.0,0.0
2024-01-19 12:00:00+09:00,2188.0,2192.0,2188.0,2192.0,3000,0.0,0.0
2024-01-19 13:00:00+09:00,2191.0,2194.0,2187.0,2194.0,2600,0.0,0.0
2024-01-19 14:00:00+09:00,2193.0,2195.0,2187.0,2190.0,600,0.0,0.0
2024-01-22 09:00:00+09:00,2190.0,2198.0,2190.0,2197.0,2900,0.0,0.0
2024-01-22 10:00:00+09:00,2200.0,2200.0,2191.0,2200.0,1800,0.0,0.0
2024-01-22 11:00:00+09:00,2200.0,2200.0,2200.0,2200.0,0,0.0,0.0
2024-01-22 12:00:00+09:00,2200.0,2204.0,2194.0,2204.0,7800,0.0,0.0
2024-01-22 13:00:00+09:00,2207.0,2216.0,2207.0,2216.0,1600,0.0,0.0
2024-01-22 14:00:00+09:00,2215.0,2220.0,2215.0,2220.0,600,0.0,0.0
2024-01-23 09:00:00+09:00,2248.0,2248.0,2235.0,2246.0,5600,0.0,0.0
2024-01-23 10:00:00+09:00,2248.0,2248.0,2240.0,2240.0,400,0.0,0.0
2024-01-23 11:00:00+09:00,2240.0,2240.0,2240.0,2240.0,0,0.0,0.0
2024-01-23 12:00:00+09:00,2248.0,2248.0,2243.0,2248.0,7600,0.0,0.0
2024-01-23 13:00:00+09:00,2241.0,2241.0,2235.0,2235.0,900,0.0,0.0
2024-01-23 14:00:00+09:00,2227.0,2248.0,2222.0,2247.0,2200,0.0,0.0
2024-01-24 09:00:00+09:00,2223.0,2225.0,2202.0,2202.0,2000,0.0,0.0
2024-01-24 10:00:00+09:00,2206.0,2225.0,2205.0,2205.0,700,0.0,0.0
2024-01-24 11:00:00+09:00,2222.0,2222.0,2222.0,2222.0,0,0.0,0.0
2024-01-24 12:00:00+09:00,2222.0,2222.0,2210.0,2210.0,3200,0.0,0.0
2024-01-24 13:00:00+09:00,2208.0,2231.0,2204.0,2204.0,2500,0.0,0.0
2024-01-24 14:00:00+09:00,2221.0,2239.0,2221.0,2239.0,900,0.0,0.0
2024-01-25 09:00:00+09:00,2245.0,2250.0,2239.0,2247.0,2100,0.0,0.0
2024-01-25 10:00:00+09:00,2248.0,2248.0,2248.0,2248.0,100,0.0,0.0
2024-01-25 11:00:00+09:00,2248.0,2248.0,2248.0,2248.0,0,0.0,0.0
2024-01-25 12:00:00+09:00,2248.0,2250.0,2245.0,2246.0,3500,0.0,0.0
2024-01-25 13:00:00+09:00,2249.0,2250.0,2245.0,2250.0,1000,0.0,0.0
2024-01-25 14:00:00+09:00,2250.0,2277.0,2249.0,2273.0,2000,0.0,0.0
2024-01-26 09:00:00+09:00,2277.0,2292.0,2268.0,2288.0,3600,0.0,0.0
2024-01-26 10:00:00+09:00,2285.0,2285.0,2271.0,2271.0,400,0.0,0.0
2024-01-26 11:00:00+09:00,2285.0,2285.0,2285.0,2285.0,0,0.0,0.0
2024-01-26 12:00:00+09:00,2285.0,2285.0,2271.0,2276.0,6000,0.0,0.0
2024-01-26 13:00:00+09:00,2287.0,2288.0,2284.0,2284.0,900,0.0,0.0
2024-01-26 14:00:00+09:00,2282.0,2284.0,2279.0,2284.0,2200,0.0,0.0
2024-01-29 09:00:00+09:00,2300.0,2324.0,2288.0,2301.0,19500,0.0,0.0
2024-01-29 10:00:00+09:00,2306.0,2331.0,2305.0,2310.0,7500,0.0,0.0
2024-01-29 11:00:00+09:00,2310.0,2310.0,2304.0,2305.0,0,0.0,0.0
2024-01-29 12:00:00+09:00,2307.0,2325.0,2304.0,2312.0,37300,0.0,0.0
2024-01-29 13:00:00+09:00,2312.0,2329.0,2310.0,2320.0,4400,0.0,0.0
2024-01-29 14:00:00+09:00,2320.0,2350.0,2300.0,2326.0,50200,0.0,0.0
2024-01-30 09:00:00+09:00,2322.0,2322.0,2289.0,2310.0,31200,0.0,0.0
2024-01-30 10:00:00+09:00,2310.0,2316.0,2301.0,2316.0,5200,0.0,0.0
2024-01-30 11:00:00+09:00,2304.0,2310.0,2301.0,2301.0,0,0.0,0.0
2024-01-30 12:00:00+09:00,2310.0,2316.0,2310.0,2316.0,41100,0.0,0.0
2024-01-30 13:00:00+09:00,2317.0,2320.0,2301.0,2317.0,4600,0.0,0.0
2024-01-30 14:00:00+09:00,2317.0,2319.0,2306.0,2317.0,2000,0.0,0.0
2024-01-31 09:00:00+09:00,2318.0,2323.0,2310.0,2310.0,5500,0.0,0.0
2024-01-31 10:00:00+09:00,2320.0,2323.0,2320.0,2323.0,1000,0.0,0.0
2024-01-31 11:00:00+09:00,2318.0,2320.0,2318.0,2320.0,0,0.0,0.0
2024-01-31 12:00:00+09:00,2320.0,2325.0,2310.0,2325.0,11500,0.0,0.0
2024-01-31 13:00:00+09:00,2315.0,2329.0,2315.0,2329.0,2200,0.0,0.0
2024-01-31 14:00:00+09:00,2329.0,2330.0,2318.0,2323.0,4500,0.0,0.0
2024-02-01 09:00:00+09:00,2315.0,2325.0,2312.0,2320.0,0,0.0,0.0
2024-02-01 10:00:00+09:00,2321.0,2326.0,2320.0,2325.0,4800,0.0,0.0
2024-02-01 11:00:00+09:00,2325.0,2325.0,2321.0,2321.0,0,0.0,0.0
2024-02-01 12:00:00+09:00,2320.0,2320.0,2319.0,2320.0,8200,0.0,0.0
2024-02-01 13:00:00+09:00,2323.0,2323.0,2320.0,2320.0,200,0.0,0.0
2024-02-01 14:00:00+09:00,2322.0,2324.0,2319.0,2319.0,2500,0.0,0.0
2024-02-02 09:00:00+09:00,2319.0,2324.0,2316.0,2318.0,4400,0.0,0.0
2024-02-02 10:00:00+09:00,2318.0,2323.0,2318.0,2323.0,300,0.0,0.0
2024-02-02 11:00:00+09:00,2322.0,2322.0,2322.0,2322.0,0,0.0,0.0
2024-02-02 12:00:00+09:00,2322.0,2324.0,2321.0,2323.0,6300,0.0,0.0
2024-02-02 13:00:00+09:00,2322.0,2323.0,2322.0,2323.0,600,0.0,0.0
2024-02-02 14:00:00+09:00,2322.0,2325.0,2322.0,2325.0,3700,0.0,0.0
2024-02-05 09:00:00+09:00,2328.0,2340.0,2323.0,2331.0,5400,0.0,0.0
2024-02-05 10:00:00+09:00,2334.0,2334.0,2326.0,2330.0,600,0.0,0.0
2024-02-05 11:00:00+09:00,2326.0,2331.0,2326.0,2331.0,0,0.0,0.0
2024-02-05 12:00:00+09:00,2331.0,2334.0,2331.0,2334.0,7100,0.0,0.0
2024-02-05 13:00:00+09:00,2335.0,2346.0,2335.0,2338.0,6100,0.0,0.0
2024-02-05 14:00:00+09:00,2344.0,2348.0,2339.0,2346.0,1700,0.0,0.0
2024-02-06 09:00:00+09:00,2352.0,2355.0,2346.0,2348.0,3300,0.0,0.0
2024-02-06 10:00:00+09:00,2348.0,2355.0,2346.0,2355.0,1200,0.0,0.0
2024-02-06 11:00:00+09:00,2357.0,2357.0,2357.0,2357.0,0,0.0,0.0
2024-02-06 12:00:00+09:00,2357.0,2360.0,2350.0,2355.0,6400,0.0,0.0
2024-02-06 13:00:00+09:00,2355.0,2355.0,2346.0,2346.0,800,0.0,0.0
2024-02-06 14:00:00+09:00,2356.0,2357.0,2346.0,2356.0,2700,0.0,0.0
2024-02-07 09:00:00+09:00,2360.0,2375.0,2356.0,2368.0,5200,0.0,0.0
2024-02-07 10:00:00+09:00,2363.0,2363.0,2356.0,2356.0,2000,0.0,0.0
2024-02-07 11:00:00+09:00,2360.0,2369.0,2360.0,2369.0,0,0.0,0.0
2024-02-07 12:00:00+09:00,2362.0,2362.0,2347.0,2355.0,12300,0.0,0.0
2024-02-07 13:00:00+09:00,2355.0,2367.0,2350.0,2350.0,800,0.0,0.0
2024-02-07 14:00:00+09:00,2346.0,2364.0,2346.0,2353.0,1900,0.0,0.0
2024-02-08 09:00:00+09:00,2355.0,2368.0,2330.0,2333.0,5200,0.0,0.0
2024-02-08 10:00:00+09:00,2353.0,2355.0,2334.0,2334.0,1700,0.0,0.0
2024-02-08 11:00:00+09:00,2335.0,2337.0,2335.0,2337.0,0,0.0,0.0
2024-02-08 12:00:00+09:00,2346.0,2359.0,2339.0,2339.0,8700,0.0,0.0
2024-02-08 13:00:00+09:00,2339.0,2352.0,2339.0,2352.0,1300,0.0,0.0
2024-02-08 14:00:00+09:00,2341.0,2348.0,2337.0,2346.0,1600,0.0,0.0
2024-02-09 09:00:00+09:00,2340.0,2345.0,2336.0,2340.0,2200,0.0,0.0
2024-02-09 10:00:00+09:00,2340.0,2346.0,2340.0,2340.0,1600,0.0,0.0
2024-02-09 11:00:00+09:00,2340.0,2340.0,2340.0,2340.0,0,0.0,0.0
2024-02-09 12:00:00+09:00,2336.0,2340.0,2335.0,2339.0,7200,0.0,0.0
2024-02-09 13:00:00+09:00,2339.0,2341.0,2334.0,2341.0,1000,0.0,0.0
2024-02-09 14:00:00+09:00,2342.0,2342.0,2330.0,2330.0,1500,0.0,0.0
2024-02-13 09:00:00+09:00,2337.0,2340.0,2330.0,2340.0,1900,0.0,0.0
2024-02-13 10:00:00+09:00,2330.0,2344.0,2330.0,2331.0,800,0.0,0.0
2024-02-13 11:00:00+09:00,2331.0,2331.0,2331.0,2331.0,0,0.0,0.0
2024-02-13 12:00:00+09:00,2334.0,2335.0,2330.0,2330.0,4400,0.0,0.0
2024-02-13 13:00:00+09:00,2332.0,2333.0,2319.0,2329.0,4600,0.0,0.0
2024-02-13 14:00:00+09:00,2330.0,2344.0,2291.0,2291.0,5800,0.0,0.0
2024-02-14 09:00:00+09:00,2284.0,2300.0,2271.0,2280.0,3600,0.0,0.0
2024-02-14 10:00:00+09:00,2280.0,2280.0,2250.0,2254.0,3000,0.0,0.0
2024-02-14 11:00:00+09:00,2254.0,2254.0,2254.0,2254.0,0,0.0,0.0
2024-02-14 12:00:00+09:00,2250.0,2254.0,2250.0,2254.0,8200,0.0,0.0
2024-02-14 13:00:00+09:00,2260.0,2276.0,2258.0,2260.0,2000,0.0,0.0
2024-02-14 14:00:00+09:00,2260.0,2263.0,2240.0,2249.0,4400,0.0,0.0
2024-02-15 09:00:00+09:00,2260.0,2261.0,2236.0,2238.0,3400,0.0,0.0
2024-02-15 10:00:00+09:00,2259.0,2260.0,2222.0,2230.0,2000,0.0,0.0
2024-02-15 11:00:00+09:00,2237.0,2237.0,2230.0,2230.0,0,0.0,0.0
2024-02-15 12:00:00+09:00,2225.0,2230.0,2225.0,2230.0,6600,0.0,0.0
2024-02-15 13:00:00+09:00,2224.0,2224.0,2205.0,2220.0,2500,0.0,0.0
2024-02-15 14:00:00+09:00,2220.0,2225.0,2203.0,2213.0,3100,0.0,0.0
2024-02-16 09:00:00+09:00,2200.0,2235.0,2185.0,2197.0,6900,0.0,0.0
2024-02-16 10:00:00+09:00,2204.0,2215.0,2204.0,2210.0,1300,0.0,0.0
2024-02-16 11:00:00+09:00,2209.0,2210.0,2209.0,2210.0,0,0.0,0.0
2024-02-16 12:00:00+09:00,2202.0,2202.0,2202.0,2202.0,9100,0.0,0.0
2024-02-16 13:00:00+09:00,2205.0,2217.0,2205.0,2208.0,2600,0.0,0.0
2024-02-16 14:00:00+09:00,2210.0,2229.0,2208.0,2228.0,2900,0.0,0.0
2024-02-19 09:00:00+09:00,2229.0,2256.0,2229.0,2256.0,4400,0.0,0.0
2024-02-19 10:00:00+09:00,2256.0,2274.0,2256.0,2262.0,700,0.0,0.0
2024-02-19 11:00:00+09:00,2263.0,2272.0,2253.0,2254.0,0,0.0,0.0
2024-02-19 12:00:00+09:00,2268.0,2273.0,2256.0,2268.0,10000,0.0,0.0
2024-02-19 13:00:00+09:00,2268.0,2279.0,2265.0,2266.0,2100,0.0,0.0
2024-02-19 14:00:00+09:00,2267.0,2284.0,2267.0,2274.0,1100,0.0,0.0
2024-02-20 09:00:00+09:00,2274.0,2294.0,2265.0,2294.0,5200,0.0,0.0
2024-02-20 10:00:00+09:00,2281.0,2281.0,2270.0,2280.0,1400,0.0,0.0
2024-02-20 11:00:00+09:00,2280.0,2280.0,2280.0,2280.0,0,0.0,0.0
2024-02-20 12:00:00+09:00,2269.0,2287.0,2268.0,2268.0,7600,0.0,0.0
2024-02-20 13:00:00+09:00,2270.0,2270.0,2268.0,2268.0,300,0.0,0.0
2024-02-20 14:00:00+09:00,2277.0,2300.0,2268.0,2297.0,3100,0.0,0.0
2024-02-21 09:00:00+09:00,2300.0,2300.0,2269.0,2269.0,1500,0.0,0.0
2024-02-21 11:00:00+09:00,2276.0,2276.0,2269.0,2269.0,0,0.0,0.0
2024-02-21 12:00:00+09:00,2269.0,2269.0,2269.0,2269.0,3400,0.0,0.0
2024-02-21 13:00:00+09:00,2271.0,2271.0,2268.0,2268.0,500,0.0,0.0
2024-02-21 14:00:00+09:00,2274.0,2274.0,2259.0,2272.0,3500,0.0,0.0
2024-02-22 09:00:00+09:00,2260.0,2273.0,2256.0,2269.0,4600,0.0,0.0
2024-02-22 10:00:00+09:00,2272.0,2275.0,2270.0,2275.0,3300,0.0,0.0
2024-02-22 11:00:00+09:00,2275.0,2275.0,2275.0,2275.0,0,0.0,0.0
2024-02-22 12:00:00+09:00,2275.0,2289.0,2274.0,2275.0,9000,0.0,0.0
2024-02-22 13:00:00+09:00,2275.0,2277.0,2275.0,2277.0,300,0.0,0.0
2024-02-22 14:00:00+09:00,2272.0,2276.0,2270.0,2276.0,1000,0.0,0.0
2024-02-26 09:00:00+09:00,2261.0,2268.0,2220.0,2249.0,12400,0.0,0.0
2024-02-26 10:00:00+09:00,2241.0,2247.0,2232.0,2246.0,2800,0.0,0.0
2024-02-26 11:00:00+09:00,2238.0,2247.0,2238.0,2247.0,0,0.0,0.0
2024-02-26 12:00:00+09:00,2247.0,2247.0,2241.0,2243.0,17900,0.0,0.0
2024-02-26 13:00:00+09:00,2242.0,2242.0,2237.0,2238.0,1000,0.0,0.0
2024-02-26 14:00:00+09:00,2238.0,2249.0,2238.0,2249.0,600,0.0,0.0
2024-02-27 09:00:00+09:00,2250.0,2261.0,2242.0,2248.0,3400,0.0,0.0
2024-02-27 10:00:00+09:00,2258.0,2268.0,2257.0,2267.0,1200,0.0,0.0
2024-02-27 11:00:00+09:00,2269.0,2269.0,2269.0,2269.0,0,0.0,0.0
2024-02-27 12:00:00+09:00,2269.0,2269.0,2255.0,2255.0,6900,0.0,0.0
2024-02-27 14:00:00+09:00,2258.0,2269.0,2255.0,2269.0,4000,0.0,0.0
2024-02-28 09:00:00+09:00,2269.0,2284.0,2261.0,2284.0,1900,0.0,0.0
2024-02-28 10:00:00+09:00,2291.0,2291.0,2265.0,2286.0,1100,0.0,0.0
2024-02-28 11:00:00+09:00,2286.0,2286.0,2286.0,2286.0,0,0.0,0.0
2024-02-28 12:00:00+09:00,2280.0,2280.0,2273.0,2280.0,3400,0.0,0.0
2024-02-28 13:00:00+09:00,2281.0,2283.0,2272.0,2272.0,800,0.0,0.0
2024-02-28 14:00:00+09:00,2273.0,2286.0,2272.0,2272.0,1500,0.0,0.0
2024-02-29 09:00:00+09:00,2257.0,2275.0,2253.0,2263.0,3900,0.0,0.0
2024-02-29 10:00:00+09:00,2264.0,2265.0,2260.0,2261.0,1100,0.0,0.0
2024-02-29 11:00:00+09:00,2262.0,2262.0,2250.0,2251.0,0,0.0,0.0
2024-02-29 12:00:00+09:00,2250.0,2250.0,2250.0,2250.0,8200,0.0,0.0
2024-02-29 13:00:00+09:00,2260.0,2260.0,2250.0,2250.0,1100,0.0,0.0
2024-02-29 14:00:00+09:00,2258.0,2270.0,2250.0,2250.0,1300,0.0,0.0
2024-03-01 09:00:00+09:00,2262.0,2262.0,2240.0,2240.0,5900,0.0,0.0
2024-03-01 10:00:00+09:00,2241.0,2241.0,2233.0,2241.0,2800,0.0,0.0
2024-03-01 11:00:00+09:00,2241.0,2241.0,2241.0,2241.0,0,0.0,0.0
2024-03-01 12:00:00+09:00,2258.0,2258.0,2250.0,2250.0,9500,0.0,0.0
2024-03-01 13:00:00+09:00,2249.0,2256.0,2241.0,2242.0,1600,0.0,0.0
2024-03-01 14:00:00+09:00,2248.0,2270.0,2248.0,2270.0,1200,0.0,0.0
2024-03-04 09:00:00+09:00,2241.0,2260.0,2233.0,2233.0,5500,0.0,0.0
2024-03-04 10:00:00+09:00,2235.0,2240.0,2230.0,2231.0,6000,0.0,0.0
2024-03-04 11:00:00+09:00,2231.0,2244.0,2231.0,2244.0,0,0.0,0.0
2024-03-04 12:00:00+09:00,2235.0,2236.0,2234.0,2234.0,12700,0.0,0.0
2024-03-04 13:00:00+09:00,2248.0,2250.0,2234.0,2235.0,800,0.0,0.0
2024-03-04 14:00:00+09:00,2235.0,2250.0,2230.0,2235.0,1700,0.0,0.0
2024-03-05 09:00:00+09:00,2201.0,2223.0,2201.0,2214.0,6800,0.0,0.0
2024-03-05 10:00:00+09:00,2211.0,2220.0,2211.0,2219.0,1200,0.0,0.0
2024-03-05 11:00:00+09:00,2219.0,2219.0,2219.0,2219.0,0,0.0,0.0
2024-03-05 12:00:00+09:00,2219.0,2224.0,2213.0,2217.0,11500,0.0,0.0
2024-03-05 13:00:00+09:00,2224.0,2237.0,2217.0,2220.0,2100,0.0,0.0
2024-03-05 14:00:00+09:00,2219.0,2220.0,2216.0,2217.0,1200,0.0,0.0
2024-03-06 09:00:00+09:00,2216.0,2237.0,2215.0,2221.0,6100,0.0,0.0
2024-03-06 10:00:00+09:00,2223.0,2235.0,2223.0,2226.0,800,0.0,0.0
2024-03-06 11:00:00+09:00,2226.0,2226.0,2226.0,2226.0,0,0.0,0.0
2024-03-06 12:00:00+09:00,2226.0,2235.0,2226.0,2235.0,7900,0.0,0.0
2024-03-06 13:00:00+09:00,2230.0,2233.0,2230.0,2233.0,200,0.0,0.0
2024-03-06 14:00:00+09:00,2229.0,2235.0,2225.0,2235.0,900,0.0,0.0
2024-03-07 09:00:00+09:00,2240.0,2255.0,2239.0,2242.0,3300,0.0,0.0
2024-03-07 10:00:00+09:00,2243.0,2243.0,2235.0,2240.0,1300,0.0,0.0
2024-03-07 11:00:00+09:00,2243.0,2243.0,2240.0,2240.0,0,0.0,0.0
2024-03-07 12:00:00+09:00,2240.0,2244.0,2240.0,2243.0,5600,0.0,0.0
2024-03-07 13:00:00+09:00,2244.0,2265.0,2240.0,2242.0,2500,0.0,0.0
2024-03-07 14:00:00+09:00,2243.0,2269.0,2242.0,2269.0,2100,0.0,0.0
2024-03-08 09:00:00+09:00,2258.0,2285.0,2249.0,2264.0,0,0.0,0.0
2024-03-08 10:00:00+09:00,2282.0,2285.0,2277.0,2281.0,5400,0.0,0.0
2024-03-08 11:00:00+09:00,2280.0,2280.0,2280.0,2280.0,0,0.0,0.0
2024-03-08 12:00:00+09:00,2280.0,2287.0,2280.0,2286.0,7500,0.0,0.0
2024-03-08 13:00:00+09:00,2285.0,2290.0,2285.0,2287.0,2000,0.0,0.0
2024-03-08 14:00:00+09:00,2287.0,2288.0,2280.0,2285.0,1500,0.0,0.0
2024-03-11 09:00:00+09:00,2288.0,2288.0,2255.0,2255.0,5600,0.0,0.0
2024-03-11 10:00:00+09:00,2251.0,2272.0,2240.0,2272.0,4300,0.0,0.0
2024-03-11 11:00:00+09:00,2250.0,2250.0,2250.0,2250.0,0,0.0,0.0
2024-03-11 12:00:00+09:00,2241.0,2247.0,2220.0,2225.0,13800,0.0,0.0
2024-03-11 13:00:00+09:00,2218.0,2254.0,2201.0,2211.0,8200,0.0,0.0
2024-03-11 14:00:00+09:00,2219.0,2225.0,2210.0,2221.0,4100,0.0,0.0
2024-03-12 09:00:00+09:00,2220.0,2220.0,2203.0,2206.0,5700,0.0,0.0
2024-03-12 10:00:00+09:00,2205.0,2206.0,2181.0,2182.0,10900,0.0,0.0
2024-03-12 11:00:00+09:00,2181.0,2190.0,2176.0,2190.0,0,0.0,0.0
2024-03-12 12:00:00+09:00,2205.0,2209.0,2205.0,2205.0,19100,0.0,0.0
2024-03-12 13:00:00+09:00,2209.0,2211.0,2199.0,2200.0,2600,0.0,0.0
2024-03-12 14:00:00+09:00,2211.0,2212.0,2201.0,2201.0,1000,0.0,0.0
2024-03-13 09:00:00+09:00,2202.0,2216.0,2190.0,2215.0,5400,0.0,0.0
2024-03-13 10:00:00+09:00,2201.0,2201.0,2190.0,2200.0,2200,0.0,0.0
2024-03-13 11:00:00+09:00,2200.0,2200.0,2200.0,2200.0,0,0.0,0.0
2024-03-13 12:00:00+09:00,2200.0,2200.0,2186.0,2186.0,9600,0.0,0.0
2024-03-13 13:00:00+09:00,2186.0,2198.0,2186.0,2198.0,600,0.0,0.0
2024-03-13 14:00:00+09:00,2198.0,2200.0,2185.0,2185.0,2000,0.0,0.0
2024-03-14 09:00:00+09:00,2195.0,2200.0,2190.0,2190.0,1700,0.0,0.0
2024-03-14 10:00:00+09:00,2200.0,2200.0,2195.0,2195.0,200,0.0,0.0
2024-03-14 11:00:00+09:00,2195.0,2195.0,2195.0,2195.0,0,0.0,0.0
2024-03-14 12:00:00+09:00,2200.0,2200.0,2193.0,2200.0,2400,0.0,0.0
2024-03-14 13:00:00+09:00,2200.0,2213.0,2193.0,2198.0,2500,0.0,0.0
2024-03-14 14:00:00+09:00,2213.0,2213.0,2199.0,2199.0,1300,0.0,0.0
2024-03-15 09:00:00+09:00,2199.0,2212.0,2194.0,2200.0,2500,0.0,0.0
2024-03-15 10:00:00+09:00,2201.0,2210.0,2200.0,2202.0,600,0.0,0.0
2024-03-15 11:00:00+09:00,2210.0,2215.0,2202.0,2215.0,0,0.0,0.0
2024-03-15 12:00:00+09:00,2215.0,2226.0,2205.0,2207.0,6300,0.0,0.0
2024-03-15 13:00:00+09:00,2219.0,2241.0,2211.0,2211.0,900,0.0,0.0
2024-03-15 14:00:00+09:00,2224.0,2241.0,2211.0,2221.0,0,0.0,0.0
2024-03-18 09:00:00+09:00,2204.0,2231.0,2185.0,2185.0,11200,0.0,0.0
2024-03-18 10:00:00+09:00,2186.0,2193.0,2170.0,2182.0,7700,0.0,0.0
2024-03-18 11:00:00+09:00,2180.0,2180.0,2163.0,2173.0,0,0.0,0.0
2024-03-18 12:00:00+09:00,2168.0,2168.0,2107.0,2144.0,51200,0.0,0.0
2024-03-18 13:00:00+09:00,2139.0,2143.0,2121.0,2131.0,13500,0.0,0.0
2024-03-18 14:00:00+09:00,2131.0,2149.0,2125.0,2128.0,14400,0.0,0.0
2024-03-19 09:00:00+09:00,2070.0,2100.0,2058.0,2082.0,48200,0.0,0.0
2024-03-19 10:00:00+09:00,2083.0,2106.0,2078.0,2100.0,9200,0.0,0.0
2024-03-19 11:00:00+09:00,2102.0,2110.0,2100.0,2100.0,0,0.0,0.0
2024-03-19 12:00:00+09:00,2100.0,2122.0,2100.0,2110.0,64800,0.0,0.0
2024-03-19 13:00:00+09:00,2110.0,2120.0,2109.0,2112.0,5800,0.0,0.0
2024-03-19 14:00:00+09:00,2112.0,2118.0,2106.0,2107.0,7700,0.0,0.0
2024-03-21 09:00:00+09:00,2130.0,2131.0,2103.0,2105.0,15900,0.0,0.0
2024-03-21 10:00:00+09:00,2113.0,2125.0,2113.0,2117.0,3700,0.0,0.0
2024-03-21 11:00:00+09:00,2119.0,2122.0,2119.0,2119.0,0,0.0,0.0
2024-03-21 12:00:00+09:00,2119.0,2120.0,2117.0,2118.0,21400,0.0,0.0
2024-03-21 13:00:00+09:00,2117.0,2122.0,2113.0,2119.0,3700,0.0,0.0
2024-03-21 14:00:00+09:00,2120.0,2124.0,2115.0,2122.0,1800,0.0,0.0
2024-03-22 09:00:00+09:00,2134.0,2135.0,2091.0,2091.0,0,0.0,0.0
2024-03-22 10:00:00+09:00,2098.0,2113.0,2096.0,2108.0,24600,0.0,0.0
2024-03-22 11:00:00+09:00,2111.0,2111.0,2101.0,2102.0,0,0.0,0.0
2024-03-22 12:00:00+09:00,2111.0,2111.0,2095.0,2100.0,29700,0.0,0.0
2024-03-22 13:00:00+09:00,2099.0,2111.0,2095.0,2100.0,2700,0.0,0.0
2024-03-22 14:00:00+09:00,2111.0,2111.0,2102.0,2104.0,1400,0.0,0.0
2024-03-25 09:00:00+09:00,2104.0,2117.0,2090.0,2113.0,11300,0.0,0.0
2024-03-25 10:00:00+09:00,2112.0,2112.0,2093.0,2100.0,2600,0.0,0.0
2024-03-25 11:00:00+09:00,2101.0,2109.0,2101.0,2109.0,0,0.0,0.0
2024-03-25 12:00:00+09:00,2102.0,2109.0,2102.0,2102.0,16000,0.0,0.0
2024-03-25 13:00:00+09:00,2103.0,2106.0,2101.0,2106.0,0,0.0,0.0
2024-03-25 14:00:00+09:00,2106.0,2112.0,2101.0,2101.0,22100,0.0,0.0
2024-03-26 09:00:00+09:00,2099.0,2120.0,2098.0,2115.0,4000,0.0,0.0
2024-03-26 10:00:00+09:00,2116.0,2116.0,2107.0,2110.0,700,0.0,0.0
2024-03-26 11:00:00+09:00,2110.0,2115.0,2107.0,2109.0,0,0.0,0.0
2024-03-26 12:00:00+09:00,2113.0,2118.0,2107.0,2118.0,10700,0.0,0.0
2024-03-26 13:00:00+09:00,2118.0,2126.0,2110.0,2121.0,4500,0.0,0.0
2024-03-26 14:00:00+09:00,2121.0,2130.0,2120.0,2125.0,4900,0.0,0.0
2024-03-27 09:00:00+09:00,2128.0,2150.0,2115.0,2121.0,11800,0.0,0.0
2024-03-27 10:00:00+09:00,2121.0,2126.0,2116.0,2122.0,3400,0.0,0.0
2024-03-27 11:00:00+09:00,2122.0,2122.0,2122.0,2122.0,0,0.0,0.0
2024-03-27 12:00:00+09:00,2120.0,2128.0,2120.0,2124.0,18500,0.0,0.0
2024-03-27 13:00:00+09:00,2127.0,2134.0,2120.0,2120.0,4000,0.0,0.0
2024-03-27 14:00:00+09:00,2118.0,2128.0,2116.0,2117.0,4500,0.0,0.0
2024-03-28 09:00:00+09:00,2054.0,2094.0,2040.0,2057.0,10000,0.0,0.0
2024-03-28 10:00:00+09:00,2058.0,2058.0,2040.0,2043.0,5400,0.0,0.0
2024-03-28 11:00:00+09:00,2043.0,2045.0,2037.0,2045.0,0,0.0,0.0
2024-03-28 12:00:00+09:00,2046.0,2046.0,2039.0,2046.0,18800,0.0,0.0
2024-03-28 13:00:00+09:00,2046.0,2046.0,2041.0,2044.0,2600,0.0,0.0
2024-03-28 14:00:00+09:00,2045.0,2045.0,2042.0,2043.0,1100,0.0,0.0
2024-03-29 09:00:00+09:00,2042.0,2050.0,2021.0,2023.0,12600,0.0,0.0
2024-03-29 10:00:00+09:00,2029.0,2034.0,2019.0,2026.0,4700,0.0,0.0
2024-03-29 11:00:00+09:00,2026.0,2026.0,2011.0,2014.0,0,0.0,0.0
2024-03-29 12:00:00+09:00,2029.0,2029.0,2011.0,2011.0,24200,0.0,0.0
2024-03-29 13:00:00+09:00,2010.0,2022.0,2010.0,2015.0,3400,0.0,0.0
2024-03-29 14:00:00+09:00,2016.0,2030.0,2012.0,2026.0,3600,0.0,0.0
2024-04-01 09:00:00+09:00,2016.0,2016.0,2001.0,2003.0,12800,0.0,0.0
2024-04-01 10:00:00+09:00,2005.0,2010.0,2001.0,2004.0,5700,0.0,0.0
2024-04-01 11:00:00+09:00,2000.0,2001.0,1995.0,2001.0,0,0.0,0.0
2024-04-01 12:00:00+09:00,2000.0,2000.0,1987.0,1996.0,31900,0.0,0.0
2024-04-01 13:00:00+09:00,1995.0,1995.0,1989.0,1990.0,1400,0.0,0.0
2024-04-01 14:00:00+09:00,1989.0,1990.0,1986.0,1986.0,7200,0.0,0.0
2024-04-02 09:00:00+09:00,1996.0,2004.0,1982.0,1993.0,9100,0.0,0.0
2024-04-02 10:00:00+09:00,1987.0,1989.0,1962.0,1962.0,11000,0.0,0.0
2024-04-02 11:00:00+09:00,1961.0,1962.0,1961.0,1962.0,0,0.0,0.0
2024-04-02 12:00:00+09:00,1963.0,1965.0,1960.0,1965.0,26700,0.0,0.0
2024-04-02 13:00:00+09:00,1965.0,1965.0,1962.0,1964.0,700,0.0,0.0
2024-04-02 14:00:00+09:00,1970.0,1970.0,1962.0,1968.0,2300,0.0,0.0
2024-04-03 09:00:00+09:00,1935.0,1950.0,1917.0,1950.0,14500,0.0,0.0
2024-04-03 10:00:00+09:00,1952.0,1955.0,1942.0,1955.0,5800,0.0,0.0
2024-04-03 11:00:00+09:00,1957.0,1960.0,1945.0,1951.0,0,0.0,0.0
2024-04-03 12:00:00+09:00,1946.0,1959.0,1946.0,1959.0,24500,0.0,0.0
2024-04-03 13:00:00+09:00,1959.0,1973.0,1959.0,1973.0,1400,0.0,0.0
2024-04-03 14:00:00+09:00,1975.0,1980.0,1950.0,1956.0,5200,0.0,0.0
2024-04-04 09:00:00+09:00,1948.0,1952.0,1932.0,1945.0,5700,0.0,0.0
2024-04-04 10:00:00+09:00,1945.0,1953.0,1942.0,1953.0,3800,0.0,0.0
2024-04-04 11:00:00+09:00,1953.0,1966.0,1953.0,1960.0,0,0.0,0.0
2024-04-04 12:00:00+09:00,1970.0,1970.0,1958.0,1964.0,11600,0.0,0.0
2024-04-04 13:00:00+09:00,1956.0,1956.0,1956.0,1956.0,100,0.0,0.0
2024-04-04 14:00:00+09:00,1962.0,1962.0,1947.0,1947.0,4300,0.0,0.0
2024-04-05 09:00:00+09:00,1948.0,1949.0,1932.0,1936.0,3800,0.0,0.0
2024-04-05 10:00:00+09:00,1936.0,1946.0,1930.0,1930.0,5000,0.0,0.0
2024-04-05 11:00:00+09:00,1930.0,1935.0,1930.0,1935.0,0,0.0,0.0
2024-04-05 12:00:00+09:00,1930.0,1939.0,1928.0,1929.0,15900,0.0,0.0
2024-04-05 13:00:00+09:00,1937.0,1943.0,1937.0,1942.0,1500,0.0,0.0
2024-04-05 14:00:00+09:00,1939.0,1950.0,1939.0,1950.0,2000,0.0,0.0
2024-04-08 09:00:00+09:00,1952.0,1976.0,1952.0,1976.0,3700,0.0,0.0
2024-04-08 10:00:00+09:00,1978.0,1978.0,1965.0,1965.0,1100,0.0,0.0
2024-04-08 11:00:00+09:00,1970.0,1977.0,1970.0,1970.0,0,0.0,0.0
2024-04-08 12:00:00+09:00,1977.0,1977.0,1973.0,1974.0,6000,0.0,0.0
2024-04-08 13:00:00+09:00,1978.0,1981.0,1978.0,1981.0,1400,0.0,0.0
2024-04-08 14:00:00+09:00,1980.0,1986.0,1972.0,1972.0,700,0.0,0.0
2024-04-09 09:00:00+09:00,1977.0,1989.0,1976.0,1981.0,6800,0.0,0.0
2024-04-09 10:00:00+09:00,1981.0,1982.0,1981.0,1982.0,200,0.0,0.0
2024-04-09 11:00:00+09:00,1982.0,1984.0,1982.0,1984.0,0,0.0,0.0
2024-04-09 12:00:00+09:00,1995.0,2002.0,1990.0,1995.0,13500,0.0,0.0
2024-04-09 13:00:00+09:00,1995.0,2004.0,1990.0,1998.0,1700,0.0,0.0
2024-04-09 14:00:00+09:00,1997.0,2005.0,1986.0,1986.0,4900,0.0,0.0
2024-04-10 09:00:00+09:00,1986.0,2000.0,1986.0,1991.0,2100,0.0,0.0
2024-04-10 10:00:00+09:00,1990.0,1997.0,1987.0,1996.0,2300,0.0,0.0
2024-04-10 11:00:00+09:00,1996.0,2000.0,1996.0,2000.0,0,0.0,0.0
2024-04-10 12:00:00+09:00,1998.0,2007.0,1998.0,2001.0,10900,0.0,0.0
2024-04-10 13:00:00+09:00,2002.0,2009.0,2002.0,2009.0,1000,0.0,0.0
2024-04-10 14:00:00+09:00,2010.0,2020.0,2010.0,2013.0,3200,0.0,0.0
2024-04-11 09:00:00+09:00,2008.0,2023.0,2008.0,2011.0,1500,0.0,0.0
2024-04-11 11:00:00+09:00,2011.0,2011.0,2011.0,2011.0,0,0.0,0.0
2024-04-11 12:00:00+09:00,2012.0,2025.0,2012.0,2018.0,2900,0.0,0.0
2024-04-11 13:00:00+09:00,2023.0,2023.0,2019.0,2019.0,600,0.0,0.0
2024-04-11 14:00:00+09:00,2024.0,2027.0,2018.0,2018.0,1700,0.0,0.0
2024-04-12 09:00:00+09:00,2017.0,2025.0,2017.0,2025.0,900,0.0,0.0
2024-04-12 10:00:00+09:00,2020.0,2020.0,2016.0,2016.0,600,0.0,0.0
2024-04-12 11:00:00+09:00,2016.0,2016.0,2016.0,2016.0,0,0.0,0.0
2024-04-12 12:00:00+09:00,2023.0,2023.0,2016.0,2016.0,2300,0.0,0.0
2024-04-12 13:00:00+09:00,2016.0,2020.0,2016.0,2017.0,400,0.0,0.0
2024-04-12 14:00:00+09:00,2024.0,2024.0,2016.0,2016.0,2100,0.0,0.0
2024-04-15 09:00:00+09:00,2016.0,2016.0,2001.0,2001.0,2900,0.0,0.0
2024-04-15 10:00:00+09:00,2020.0,2020.0,2020.0,2020.0,100,0.0,0.0
2024-04-15 11:00:00+09:00,2014.0,2014.0,2014.0,2014.0,0,0.0,0.0
2024-04-15 12:00:00+09:00,2014.0,2014.0,2014.0,2014.0,3200,0.0,0.0
2024-04-15 13:00:00+09:00,2006.0,2006.0,2006.0,2006.0,100,0.0,0.0
2024-04-15 14:00:00+09:00,2006.0,2020.0,2003.0,2004.0,2300,0.0,0.0
2024-04-16 09:00:00+09:00,2000.0,2000.0,1980.0,1999.0,7500,0.0,0.0
2024-04-16 10:00:00+09:00,1985.0,1989.0,1981.0,1989.0,1500,0.0,0.0
2024-04-16 11:00:00+09:00,1981.0,1981.0,1977.0,1977.0,0,0.0,0.0
2024-04-16 12:00:00+09:00,1975.0,1975.0,1950.0,1950.0,18300,0.0,0.0
2024-04-16 13:00:00+09:00,1957.0,1957.0,1951.0,1951.0,300,0.0,0.0
2024-04-16 14:00:00+09:00,1953.0,1962.0,1952.0,1960.0,1400,0.0,0.0
2024-04-17 09:00:00+09:00,1966.0,1984.0,1952.0,1952.0,2800,0.0,0.0
2024-04-17 10:00:00+09:00,1955.0,1955.0,1931.0,1940.0,5100,0.0,0.0
2024-04-17 11:00:00+09:00,1941.0,1941.0,1941.0,1941.0,0,0.0,0.0
2024-04-17 13:00:00+09:00,1942.0,1962.0,1942.0,1961.0,8500,0.0,0.0
2024-04-17 14:00:00+09:00,1961.0,1961.0,1940.0,1940.0,2200,0.0,0.0
2024-04-18 09:00:00+09:00,1930.0,1949.0,1928.0,1930.0,9000,0.0,0.0
2024-04-18 10:00:00+09:00,1933.0,1945.0,1933.0,1945.0,400,0.0,0.0
2024-04-18 11:00:00+09:00,1945.0,1949.0,1938.0,1938.0,0,0.0,0.0
2024-04-18 12:00:00+09:00,1950.0,1963.0,1950.0,1963.0,10400,0.0,0.0
2024-04-18 13:00:00+09:00,1955.0,1955.0,1949.0,1949.0,800,0.0,0.0
2024-04-18 14:00:00+09:00,1949.0,1949.0,1949.0,1949.0,300,0.0,0.0
2024-04-19 09:00:00+09:00,1949.0,1951.0,1949.0,1950.0,800,0.0,0.0
2024-04-19 10:00:00+09:00,1949.0,1949.0,1918.0,1924.0,0,0.0,0.0
2024-04-19 11:00:00+09:00,1924.0,1924.0,1905.0,1909.0,0,0.0,0.0
2024-04-19 12:00:00+09:00,1906.0,1938.0,1906.0,1915.0,16500,0.0,0.0
2024-04-19 13:00:00+09:00,1923.0,1934.0,1923.0,1927.0,300,0.0,0.0
2024-04-19 14:00:00+09:00,1927.0,1929.0,1916.0,1929.0,3000,0.0,0.0
2024-04-22 09:00:00+09:00,1936.0,1951.0,1928.0,1938.0,2900,0.0,0.0
2024-04-22 10:00:00+09:00,1941.0,1947.0,1932.0,1947.0,1300,0.0,0.0
2024-04-22 11:00:00+09:00,1947.0,1947.0,1947.0,1947.0,0,0.0,0.0
2024-04-22 12:00:00+09:00,1946.0,1948.0,1942.0,1943.0,5600,0.0,0.0
2024-04-22 13:00:00+09:00,1945.0,1950.0,1945.0,1948.0,600,0.0,0.0
2024-04-22 14:00:00+09:00,1950.0,1950.0,1943.0,1950.0,1000,0.0,0.0
2024-04-23 09:00:00+09:00,1951.0,1972.0,1950.0,1972.0,600,0.0,0.0
2024-04-23 10:00:00+09:00,1960.0,1960.0,1952.0,1952.0,500,0.0,0.0
2024-04-23 11:00:00+09:00,1952.0,1952.0,1950.0,1950.0,0,0.0,0.0
2024-04-23 12:00:00+09:00,1952.0,1952.0,1952.0,1952.0,1800,0.0,0.0
2024-04-23 13:00:00+09:00,1955.0,1955.0,1955.0,1955.0,200,0.0,0.0
2024-04-23 14:00:00+09:00,1956.0,1969.0,1946.0,1946.0,2300,0.0,0.0
2024-04-24 09:00:00+09:00,1940.0,1945.0,1940.0,1945.0,1000,0.0,0.0
2024-04-24 11:00:00+09:00,1939.0,1946.0,1935.0,1946.0,0,0.0,0.0
2024-04-24 12:00:00+09:00,1943.0,1964.0,1943.0,1952.0,3300,0.0,0.0
2024-04-24 13:00:00+09:00,1951.0,1952.0,1950.0,1952.0,400,0.0,0.0
2024-04-24 14:00:00+09:00,1950.0,1961.0,1946.0,1961.0,2500,0.0,0.0
2024-04-25 09:00:00+09:00,1950.0,1961.0,1949.0,1949.0,700,0.0,0.0
2024-04-25 10:00:00+09:00,1946.0,1946.0,1942.0,1942.0,500,0.0,0.0
2024-04-25 11:00:00+09:00,1953.0,1953.0,1942.0,1944.0,0,0.0,0.0
2024-04-25 12:00:00+09:00,1942.0,1960.0,1942.0,1946.0,2100,0.0,0.0
2024-04-25 14:00:00+09:00,1946.0,1955.0,1940.0,1940.0,1500,0.0,0.0
2024-04-26 09:00:00+09:00,1940.0,1961.0,1940.0,1942.0,1500,0.0,0.0
2024-04-26 10:00:00+09:00,1944.0,1961.0,1943.0,1961.0,500,0.0,0.0
2024-04-26 11:00:00+09:00,1960.0,1960.0,1945.0,1945.0,0,0.0,0.0
2024-04-26 13:00:00+09:00,1960.0,1960.0,1948.0,1948.0,3300,0.0,0.0
2024-04-26 14:00:00+09:00,1949.0,1950.0,1937.0,1938.0,2800,0.0,0.0
2024-04-30 09:00:00+09:00,1909.0,1940.0,1909.0,1940.0,6700,0.0,0.0
2024-04-30 10:00:00+09:00,1947.0,1949.0,1936.0,1940.0,1000,0.0,0.0
2024-04-30 11:00:00+09:00,1942.0,1942.0,1937.0,1937.0,0,0.0,0.0
2024-04-30 12:00:00+09:00,1944.0,1948.0,1932.0,1932.0,9800,0.0,0.0
2024-04-30 13:00:00+09:00,1933.0,1933.0,1912.0,1914.0,6000,0.0,0.0
2024-04-30 14:00:00+09:00,1914.0,1960.0,1913.0,1928.0,28300,0.0,0.0
2024-05-01 09:00:00+09:00,1928.0,1930.0,1907.0,1930.0,7400,0.0,0.0
2024-05-01 10:00:00+09:00,1930.0,1930.0,1925.0,1929.0,400,0.0,0.0
2024-05-01 11:00:00+09:00,1933.0,1934.0,1930.0,1930.0,0,0.0,0.0
2024-05-01 12:00:00+09:00,1930.0,1937.0,1930.0,1937.0,9300,0.0,0.0
2024-05-01 13:00:00+09:00,1937.0,1937.0,1937.0,1937.0,100,0.0,0.0
2024-05-01 14:00:00+09:00,1931.0,1940.0,1931.0,1931.0,2200,0.0,0.0
2024-05-02 09:00:00+09:00,1922.0,1934.0,1919.0,1933.0,0,0.0,0.0
2024-05-02 10:00:00+09:00,1930.0,1930.0,1930.0,1930.0,4700,0.0,0.0
2024-05-02 11:00:00+09:00,1929.0,1929.0,1924.0,1925.0,0,0.0,0.0
2024-05-02 12:00:00+09:00,1925.0,1925.0,1923.0,1923.0,6200,0.0,0.0
2024-05-02 13:00:00+09:00,1923.0,1926.0,1920.0,1924.0,1600,0.0,0.0
2024-05-02 14:00:00+09:00,1929.0,1929.0,1922.0,1925.0,900,0.0,0.0
2024-05-07 09:00:00+09:00,1936.0,1938.0,1936.0,1936.0,1000,0.0,0.0
2024-05-07 10:00:00+09:00,1935.0,1937.0,1930.0,1930.0,1600,0.0,0.0
2024-05-07 11:00:00+09:00,1937.0,1946.0,1937.0,1946.0,0,0.0,0.0
2024-05-07 12:00:00+09:00,1946.0,1946.0,1940.0,1941.0,5200,0.0,0.0
2024-05-07 13:00:00+09:00,1935.0,1945.0,1935.0,1943.0,1600,0.0,0.0
2024-05-07 14:00:00+09:00,1937.0,1939.0,1927.0,1929.0,1700,0.0,0.0
2024-05-08 09:00:00+09:00,1930.0,1940.0,1930.0,1932.0,4000,0.0,0.0
2024-05-08 10:00:00+09:00,1938.0,1938.0,1938.0,1938.0,100,0.0,0.0
2024-05-08 11:00:00+09:00,1938.0,1938.0,1938.0,1938.0,0,0.0,0.0
2024-05-08 13:00:00+09:00,1932.0,1932.0,1932.0,1932.0,4200,0.0,0.0
2024-05-08 14:00:00+09:00,1932.0,1938.0,1930.0,1930.0,2200,0.0,0.0
2024-05-09 09:00:00+09:00,1930.0,1930.0,1928.0,1928.0,2900,0.0,0.0
2024-05-09 10:00:00+09:00,1927.0,1927.0,1927.0,1927.0,0,0.0,0.0
2024-05-09 11:00:00+09:00,1929.0,1929.0,1928.0,1928.0,0,0.0,0.0
2024-05-09 12:00:00+09:00,1937.0,1941.0,1929.0,1933.0,4500,0.0,0.0
2024-05-09 13:00:00+09:00,1940.0,1945.0,1940.0,1940.0,300,0.0,0.0
2024-05-09 14:00:00+09:00,1940.0,1947.0,1932.0,1934.0,1600,0.0,0.0
2024-05-10 09:00:00+09:00,1947.0,1950.0,1935.0,1950.0,3000,0.0,0.0
2024-05-10 10:00:00+09:00,1949.0,1949.0,1949.0,1949.0,100,0.0,0.0
2024-05-10 11:00:00+09:00,1939.0,1939.0,1938.0,1938.0,0,0.0,0.0
2024-05-10 12:00:00+09:00,1940.0,1941.0,1937.0,1937.0,5300,0.0,0.0
2024-05-10 14:00:00+09:00,1937.0,1948.0,1937.0,1937.0,1100,0.0,0.0
2024-05-13 09:00:00+09:00,1936.0,1949.0,1930.0,1944.0,5200,0.0,0.0
2024-05-13 10:00:00+09:00,1940.0,1941.0,1938.0,1941.0,1400,0.0,0.0
2024-05-13 11:00:00+09:00,1941.0,1941.0,1941.0,1941.0,0,0.0,0.0
2024-05-13 12:00:00+09:00,1941.0,1942.0,1941.0,1942.0,7100,0.0,0.0
2024-05-13 13:00:00+09:00,1943.0,1943.0,1943.0,1943.0,100,0.0,0.0
2024-05-13 14:00:00+09:00,1938.0,1938.0,1935.0,1935.0,800,0.0,0.0
2024-05-14 09:00:00+09:00,1941.0,1949.0,1937.0,1937.0,2700,0.0,0.0
2024-05-14 10:00:00+09:00,1937.0,1937.0,1935.0,1935.0,700,0.0,0.0
2024-05-14 11:00:00+09:00,1935.0,1935.0,1935.0,1935.0,0,0.0,0.0
2024-05-14 12:00:00+09:00,1943.0,1943.0,1938.0,1938.0,3600,0.0,0.0
2024-05-14 13:00:00+09:00,1942.0,1955.0,1939.0,1940.0,3200,0.0,0.0
2024-05-14 14:00:00+09:00,1954.0,1955.0,1936.0,1953.0,2500,0.0,0.0
2024-05-15 09:00:00+09:00,1950.0,1951.0,1936.0,1939.0,1800,0.0,0.0
2024-05-15 10:00:00+09:00,1945.0,1947.0,1938.0,1944.0,1000,0.0,0.0
2024-05-15 11:00:00+09:00,1943.0,1943.0,1943.0,1943.0,0,0.0,0.0
2024-05-15 12:00:00+09:00,1945.0,1948.0,1932.0,1933.0,5300,0.0,0.0
2024-05-15 13:00:00+09:00,1939.0,1939.0,1934.0,1934.0,300,0.0,0.0
2024-05-15 14:00:00+09:00,1939.0,1941.0,1937.0,1939.0,1300,0.0,0.0
2024-05-16 09:00:00+09:00,1940.0,1950.0,1932.0,1932.0,1400,0.0,0.0
2024-05-16 10:00:00+09:00,1932.0,1932.0,1924.0,1924.0,2000,0.0,0.0
2024-05-16 11:00:00+09:00,1922.0,1923.0,1922.0,1923.0,0,0.0,0.0
2024-05-16 12:00:00+09:00,1921.0,1928.0,1919.0,1928.0,6200,0.0,0.0
2024-05-16 13:00:00+09:00,1920.0,1924.0,1902.0,1919.0,10700,0.0,0.0
2024-05-16 14:00:00+09:00,1922.0,1922.0,1912.0,1913.0,800,0.0,0.0
2024-05-17 09:00:00+09:00,1923.0,1924.0,1923.0,1924.0,300,0.0,0.0
2024-05-17 10:00:00+09:00,1920.0,1920.0,1920.0,1920.0,100,0.0,0.0
2024-05-17 11:00:00+09:00,1919.0,1919.0,1919.0,1919.0,0,0.0,0.0
2024-05-17 12:00:00+09:00,1919.0,1929.0,1915.0,1915.0,8300,0.0,0.0
2024-05-17 13:00:00+09:00,1920.0,1920.0,1920.0,1920.0,300,0.0,0.0
2024-05-17 14:00:00+09:00,1918.0,1920.0,1916.0,1920.0,600,0.0,0.0
2024-05-20 09:00:00+09:00,1960.0,1960.0,1941.0,1945.0,4500,0.0,0.0
2024-05-20 10:00:00+09:00,1941.0,1941.0,1925.0,1925.0,1200,0.0,0.0
2024-05-20 11:00:00+09:00,1925.0,1925.0,1925.0,1925.0,0,0.0,0.0
2024-05-20 12:00:00+09:00,1930.0,1930.0,1926.0,1926.0,7000,0.0,0.0
2024-05-20 13:00:00+09:00,1927.0,1927.0,1926.0,1926.0,700,0.0,0.0
2024-05-20 14:00:00+09:00,1927.0,1927.0,1926.0,1926.0,700,0.0,0.0
2024-05-21 09:00:00+09:00,1932.0,1943.0,1927.0,1932.0,1600,0.0,0.0
2024-05-21 10:00:00+09:00,1930.0,1939.0,1927.0,1939.0,800,0.0,0.0
2024-05-21 11:00:00+09:00,1939.0,1939.0,1939.0,1939.0,0,0.0,0.0
2024-05-21 12:00:00+09:00,1937.0,1937.0,1928.0,1928.0,2800,0.0,0.0
2024-05-21 13:00:00+09:00,1928.0,1928.0,1928.0,1928.0,200,0.0,0.0
2024-05-21 14:00:00+09:00,1929.0,1931.0,1926.0,1926.0,1300,0.0,0.0
2024-05-22 09:00:00+09:00,1926.0,1930.0,1923.0,1923.0,1500,0.0,0.0
2024-05-22 10:00:00+09:00,1922.0,1929.0,1922.0,1929.0,0,0.0,0.0
2024-05-22 11:00:00+09:00,1929.0,1929.0,1929.0,1929.0,0,0.0,0.0
2024-05-22 12:00:00+09:00,1921.0,1921.0,1912.0,1912.0,3900,0.0,0.0
2024-05-22 13:00:00+09:00,1914.0,1915.0,1913.0,1913.0,700,0.0,0.0
2024-05-22 14:00:00+09:00,1913.0,1913.0,1912.0,1912.0,1400,0.0,0.0
2024-05-23 09:00:00+09:00,1911.0,1914.0,1911.0,1914.0,600,0.0,0.0
2024-05-23 10:00:00+09:00,1912.0,1912.0,1912.0,1912.0,100,0.0,0.0
2024-05-23 11:00:00+09:00,1913.0,1913.0,1911.0,1911.0,0,0.0,0.0
2024-05-23 12:00:00+09:00,1911.0,1913.0,1911.0,1913.0,1400,0.0,0.0
2024-05-23 13:00:00+09:00,1911.0,1912.0,1911.0,1912.0,900,0.0,0.0
2024-05-23 14:00:00+09:00,1912.0,1912.0,1911.0,1911.0,1500,0.0,0.0
2024-05-24 09:00:00+09:00,1910.0,1910.0,1901.0,1903.0,9400,0.0,0.0
2024-05-24 10:00:00+09:00,1903.0,1905.0,1902.0,1904.0,500,0.0,0.0
2024-05-24 11:00:00+09:00,1904.0,1904.0,1904.0,1904.0,0,0.0,0.0
2024-05-24 12:00:00+09:00,1904.0,1905.0,1904.0,1905.0,10300,0.0,0.0
2024-05-24 13:00:00+09:00,1910.0,1915.0,1910.0,1915.0,600,0.0,0.0
2024-05-24 14:00:00+09:00,1912.0,1914.0,1905.0,1905.0,1200,0.0,0.0
2024-05-27 09:00:00+09:00,1905.0,1920.0,1903.0,1903.0,2000,0.0,0.0
2024-05-27 10:00:00+09:00,1902.0,1906.0,1901.0,1904.0,1200,0.0,0.0
2024-05-27 11:00:00+09:00,1904.0,1904.0,1904.0,1904.0,0,0.0,0.0
2024-05-27 12:00:00+09:00,1904.0,1904.0,1904.0,1904.0,3500,0.0,0.0
2024-05-27 13:00:00+09:00,1904.0,1904.0,1902.0,1902.0,1500,0.0,0.0
2024-05-27 14:00:00+09:00,1901.0,1902.0,1901.0,1901.0,1900,0.0,0.0
2024-05-28 09:00:00+09:00,1901.0,1902.0,1901.0,1901.0,1000,0.0,0.0
2024-05-28 10:00:00+09:00,1904.0,1904.0,1904.0,1904.0,100,0.0,0.0
2024-05-28 11:00:00+09:00,1904.0,1905.0,1902.0,1902.0,0,0.0,0.0
2024-05-28 12:00:00+09:00,1904.0,1904.0,1901.0,1903.0,2900,0.0,0.0
2024-05-28 13:00:00+09:00,1901.0,1903.0,1901.0,1902.0,300,0.0,0.0
2024-05-28 14:00:00+09:00,1902.0,1902.0,1901.0,1901.0,1500,0.0,0.0
2024-05-29 09:00:00+09:00,1902.0,1903.0,1902.0,1903.0,700,0.0,0.0
2024-05-29 10:00:00+09:00,1903.0,1903.0,1903.0,1903.0,100,0.0,0.0
2024-05-29 11:00:00+09:00,1904.0,1904.0,1904.0,1904.0,0,0.0,0.0
2024-05-29 13:00:00+09:00,1902.0,1904.0,1895.0,1895.0,8000,0.0,0.0
2024-05-29 14:00:00+09:00,1895.0,1897.0,1888.0,1888.0,3800,0.0,0.0
2024-05-30 09:00:00+09:00,1867.0,1870.0,1860.0,1870.0,7000,0.0,0.0
2024-05-30 10:00:00+09:00,1872.0,1873.0,1872.0,1873.0,400,0.0,0.0
2024-05-30 11:00:00+09:00,1875.0,1875.0,1875.0,1875.0,0,0.0,0.0
2024-05-30 12:00:00+09:00,1875.0,1879.0,1875.0,1877.0,9500,0.0,0.0
2024-05-30 13:00:00+09:00,1876.0,1879.0,1874.0,1876.0,400,0.0,0.0
2024-05-30 14:00:00+09:00,1875.0,1875.0,1875.0,1875.0,200,0.0,0.0
2024-05-31 09:00:00+09:00,1893.0,1893.0,1876.0,1880.0,700,0.0,0.0
2024-05-31 10:00:00+09:00,1885.0,1885.0,1885.0,1885.0,400,0.0,0.0
2024-05-31 11:00:00+09:00,1885.0,1885.0,1878.0,1878.0,0,0.0,0.0
2024-05-31 12:00:00+09:00,1877.0,1879.0,1876.0,1879.0,2900,0.0,0.0
2024-05-31 13:00:00+09:00,1880.0,1883.0,1876.0,1878.0,800,0.0,0.0
2024-05-31 14:00:00+09:00,1879.0,1880.0,1876.0,1876.0,2300,0.0,0.0
2024-06-03 09:00:00+09:00,1877.0,1885.0,1877.0,1885.0,800,0.0,0.0
2024-06-03 10:00:00+09:00,1883.0,1883.0,1879.0,1879.0,900,0.0,0.0
2024-06-03 11:00:00+09:00,1879.0,1879.0,1879.0,1879.0,0,0.0,0.0
2024-06-03 12:00:00+09:00,1880.0,1880.0,1880.0,1880.0,1900,0.0,0.0
2024-06-03 13:00:00+09:00,1880.0,1883.0,1880.0,1883.0,400,0.0,0.0
2024-06-03 14:00:00+09:00,1880.0,1880.0,1875.0,1875.0,1500,0.0,0.0
2024-06-04 09:00:00+09:00,1875.0,1880.0,1875.0,1880.0,700,0.0,0.0
2024-06-04 10:00:00+09:00,1875.0,1875.0,1875.0,1875.0,100,0.0,0.0
2024-06-04 11:00:00+09:00,1875.0,1875.0,1875.0,1875.0,0,0.0,0.0
2024-06-04 12:00:00+09:00,1875.0,1878.0,1875.0,1878.0,1100,0.0,0.0
2024-06-04 13:00:00+09:00,1874.0,1880.0,1874.0,1878.0,0,0.0,0.0
2024-06-04 14:00:00+09:00,1879.0,1879.0,1875.0,1875.0,4700,0.0,0.0
2024-06-05 09:00:00+09:00,1874.0,1887.0,1874.0,1887.0,1600,0.0,0.0
2024-06-05 10:00:00+09:00,1886.0,1887.0,1874.0,1874.0,1200,0.0,0.0
2024-06-05 11:00:00+09:00,1875.0,1875.0,1874.0,1874.0,0,0.0,0.0
2024-06-05 12:00:00+09:00,1874.0,1874.0,1874.0,1874.0,3700,0.0,0.0
2024-06-05 13:00:00+09:00,1873.0,1873.0,1870.0,1870.0,1700,0.0,0.0
2024-06-05 14:00:00+09:00,1872.0,1875.0,1870.0,1872.0,3100,0.0,0.0
2024-06-06 09:00:00+09:00,1871.0,1871.0,1870.0,1870.0,1800,0.0,0.0
2024-06-06 10:00:00+09:00,1870.0,1872.0,1870.0,1871.0,900,0.0,0.0
2024-06-06 11:00:00+09:00,1873.0,1873.0,1873.0,1873.0,0,0.0,0.0
2024-06-06 12:00:00+09:00,1873.0,1873.0,1872.0,1872.0,3400,0.0,0.0
2024-06-06 13:00:00+09:00,1872.0,1873.0,1871.0,1871.0,400,0.0,0.0
2024-06-06 14:00:00+09:00,1871.0,1871.0,1868.0,1868.0,1800,0.0,0.0
2024-06-07 09:00:00+09:00,1866.0,1868.0,1866.0,1867.0,0,0.0,0.0
2024-06-07 10:00:00+09:00,1866.0,1866.0,1866.0,1866.0,1700,0.0,0.0
2024-06-07 11:00:00+09:00,1866.0,1866.0,1865.0,1865.0,0,0.0,0.0
2024-06-07 12:00:00+09:00,1865.0,1865.0,1865.0,1865.0,5400,0.0,0.0
2024-06-07 13:00:00+09:00,1865.0,1865.0,1863.0,1865.0,2100,0.0,0.0
2024-06-07 14:00:00+09:00,1863.0,1863.0,1862.0,1863.0,600,0.0,0.0
2024-06-10 09:00:00+09:00,1861.0,1861.0,1850.0,1852.0,12300,0.0,0.0
2024-06-10 10:00:00+09:00,1852.0,1852.0,1845.0,1845.0,9400,0.0,0.0
2024-06-10 11:00:00+09:00,1847.0,1848.0,1845.0,1848.0,0,0.0,0.0
2024-06-10 12:00:00+09:00,1847.0,1847.0,1829.0,1832.0,30700,0.0,0.0
2024-06-10 13:00:00+09:00,1832.0,1834.0,1825.0,1828.0,5700,0.0,0.0
2024-06-10 14:00:00+09:00,1828.0,1843.0,1828.0,1833.0,2000,0.0,0.0
2024-06-11 09:00:00+09:00,1832.0,1839.0,1832.0,1837.0,3000,0.0,0.0
2024-06-11 10:00:00+09:00,1835.0,1850.0,1834.0,1849.0,4200,0.0,0.0
2024-06-11 11:00:00+09:00,1835.0,1835.0,1834.0,1834.0,0,0.0,0.0
2024-06-11 12:00:00+09:00,1845.0,1845.0,1834.0,1837.0,8800,0.0,0.0
2024-06-11 13:00:00+09:00,1837.0,1851.0,1837.0,1851.0,1400,0.0,0.0
2024-06-11 14:00:00+09:00,1839.0,1847.0,1839.0,1845.0,500,0.0,0.0
2024-06-12 09:00:00+09:00,1846.0,1853.0,1844.0,1844.0,600,0.0,0.0
2024-06-12 11:00:00+09:00,1844.0,1844.0,1844.0,1844.0,0,0.0,0.0
2024-06-12 12:00:00+09:00,1844.0,1844.0,1844.0,1844.0,1100,0.0,0.0
2024-06-12 13:00:00+09:00,1845.0,1845.0,1844.0,1844.0,0,0.0,0.0
2024-06-12 14:00:00+09:00,1844.0,1850.0,1842.0,1842.0,2700,0.0,0.0
2024-06-13 09:00:00+09:00,1843.0,1855.0,1843.0,1855.0,600,0.0,0.0
2024-06-13 11:00:00+09:00,1855.0,1855.0,1855.0,1855.0,0,0.0,0.0
2024-06-13 12:00:00+09:00,1850.0,1853.0,1844.0,1850.0,1300,0.0,0.0
2024-06-13 13:00:00+09:00,1845.0,1846.0,1845.0,1846.0,400,0.0,0.0
2024-06-13 14:00:00+09:00,1844.0,1844.0,1835.0,1835.0,1900,0.0,0.0
2024-06-14 09:00:00+09:00,1833.0,1833.0,1833.0,1833.0,200,0.0,0.0
2024-06-14 10:00:00+09:00,1835.0,1835.0,1832.0,1833.0,900,0.0,0.0
2024-06-14 11:00:00+09:00,1833.0,1833.0,1833.0,1833.0,0,0.0,0.0
2024-06-14 12:00:00+09:00,1835.0,1839.0,1835.0,1839.0,1300,0.0,0.0
2024-06-14 13:00:00+09:00,1837.0,1839.0,1833.0,1837.0,700,0.0,0.0
2024-06-14 14:00:00+09:00,1835.0,1837.0,1833.0,1833.0,1500,0.0,0.0
2024-06-17 09:00:00+09:00,1832.0,1833.0,1832.0,1832.0,1600,0.0,0.0
2024-06-17 10:00:00+09:00,1832.0,1832.0,1831.0,1831.0,500,0.0,0.0
2024-06-17 11:00:00+09:00,1831.0,1831.0,1831.0,1831.0,0,0.0,0.0
2024-06-17 12:00:00+09:00,1834.0,1834.0,1834.0,1834.0,2300,0.0,0.0
2024-06-17 13:00:00+09:00,1833.0,1834.0,1831.0,1831.0,600,0.0,0.0
2024-06-17 14:00:00+09:00,1831.0,1831.0,1830.0,1831.0,1300,0.0,0.0
2024-06-18 09:00:00+09:00,1831.0,1832.0,1830.0,1832.0,900,0.0,0.0
2024-06-18 10:00:00+09:00,1832.0,1832.0,1830.0,1830.0,1100,0.0,0.0
2024-06-18 11:00:00+09:00,1830.0,1830.0,1830.0,1830.0,0,0.0,0.0
2024-06-18 12:00:00+09:00,1828.0,1828.0,1827.0,1828.0,4800,0.0,0.0
2024-06-18 13:00:00+09:00,1827.0,1828.0,1825.0,1825.0,1300,0.0,0.0
2024-06-18 14:00:00+09:00,1826.0,1830.0,1826.0,1829.0,700,0.0,0.0
2024-06-19 09:00:00+09:00,1833.0,1837.0,1833.0,1833.0,3600,0.0,0.0
2024-06-19 10:00:00+09:00,1838.0,1838.0,1838.0,1838.0,100,0.0,0.0
2024-06-19 11:00:00+09:00,1833.0,1833.0,1833.0,1833.0,0,0.0,0.0
2024-06-19 12:00:00+09:00,1833.0,1833.0,1828.0,1828.0,4200,0.0,0.0
2024-06-19 13:00:00+09:00,1837.0,1839.0,1828.0,1828.0,0,0.0,0.0
2024-06-19 14:00:00+09:00,1828.0,1831.0,1827.0,1830.0,0,0.0,0.0
2024-06-20 09:00:00+09:00,1800.0,1820.0,1800.0,1820.0,13800,0.0,0.0
2024-06-20 10:00:00+09:00,1810.0,1810.0,1806.0,1810.0,1300,0.0,0.0
2024-06-20 11:00:00+09:00,1810.0,1810.0,1810.0,1810.0,0,0.0,0.0
2024-06-20 12:00:00+09:00,1802.0,1810.0,1801.0,1810.0,20400,0.0,0.0
2024-06-20 13:00:00+09:00,1805.0,1805.0,1805.0,1805.0,200,0.0,0.0
2024-06-20 14:00:00+09:00,1808.0,1812.0,1805.0,1805.0,1700,0.0,0.0
2024-06-21 09:00:00+09:00,1802.0,1811.0,1802.0,1811.0,2200,0.0,0.0
2024-06-21 10:00:00+09:00,1811.0,1811.0,1808.0,1810.0,300,0.0,0.0
2024-06-21 11:00:00+09:00,1810.0,1810.0,1807.0,1807.0,0,0.0,0.0
2024-06-21 12:00:00+09:00,1807.0,1810.0,1807.0,1810.0,3200,0.0,0.0
2024-06-21 13:00:00+09:00,1809.0,1809.0,1807.0,1809.0,1300,0.0,0.0
2024-06-21 14:00:00+09:00,1809.0,1810.0,1806.0,1806.0,1300,0.0,0.0
2024-06-24 09:00:00+09:00,1818.0,1824.0,1818.0,1818.0,4500,0.0,0.0
2024-06-24 10:00:00+09:00,1820.0,1820.0,1816.0,1816.0,2300,0.0,0.0
2024-06-24 11:00:00+09:00,1815.0,1823.0,1810.0,1810.0,0,0.0,0.0
2024-06-24 12:00:00+09:00,1819.0,1820.0,1815.0,1815.0,8300,0.0,0.0
2024-06-24 13:00:00+09:00,1821.0,1821.0,1816.0,1816.0,200,0.0,0.0
2024-06-24 14:00:00+09:00,1819.0,1820.0,1817.0,1817.0,500,0.0,0.0
2024-06-25 09:00:00+09:00,1818.0,1833.0,1818.0,1833.0,3000,0.0,0.0
2024-06-25 10:00:00+09:00,1832.0,1833.0,1822.0,1823.0,600,0.0,0.0
2024-06-25 11:00:00+09:00,1824.0,1833.0,1824.0,1833.0,0,0.0,0.0
2024-06-25 12:00:00+09:00,1832.0,1832.0,1828.0,1828.0,4400,0.0,0.0
2024-06-25 13:00:00+09:00,1832.0,1835.0,1830.0,1830.0,0,0.0,0.0
2024-06-25 14:00:00+09:00,1830.0,1838.0,1830.0,1831.0,6400,0.0,0.0
2024-06-26 09:00:00+09:00,1831.0,1846.0,1831.0,1838.0,2100,0.0,0.0
2024-06-26 11:00:00+09:00,1839.0,1839.0,1839.0,1839.0,0,0.0,0.0
2024-06-26 12:00:00+09:00,1850.0,1850.0,1842.0,1842.0,4600,0.0,0.0
2024-06-26 13:00:00+09:00,1849.0,1851.0,1849.0,1851.0,1100,0.0,0.0
2024-06-26 14:00:00+09:00,1842.0,1851.0,1840.0,1840.0,1700,0.0,0.0
2024-06-27 09:00:00+09:00,1852.0,1852.0,1840.0,1841.0,3000,0.0,0.0
2024-06-27 10:00:00+09:00,1841.0,1850.0,1841.0,1850.0,400,0.0,0.0
2024-06-27 11:00:00+09:00,1851.0,1852.0,1845.0,1852.0,0,0.0,0.0
2024-06-27 12:00:00+09:00,1852.0,1852.0,1849.0,1850.0,5800,0.0,0.0
2024-06-27 13:00:00+09:00,1852.0,1852.0,1850.0,1850.0,200,0.0,0.0
2024-06-27 14:00:00+09:00,1852.0,1852.0,1850.0,1850.0,800,0.0,0.0
2024-06-28 09:00:00+09:00,1860.0,1860.0,1853.0,1853.0,1700,0.0,0.0
2024-06-28 10:00:00+09:00,1860.0,1860.0,1853.0,1853.0,600,0.0,0.0
2024-06-28 11:00:00+09:00,1853.0,1853.0,1853.0,1853.0,0,0.0,0.0
2024-06-28 12:00:00+09:00,1860.0,1861.0,1855.0,1861.0,2800,0.0,0.0
2024-06-28 13:00:00+09:00,1861.0,1862.0,1861.0,1862.0,200,0.0,0.0
2024-06-28 14:00:00+09:00,1861.0,1865.0,1855.0,1855.0,1500,0.0,0.0
2024-07-01 09:00:00+09:00,1857.0,1862.0,1855.0,1855.0,2800,0.0,0.0
2024-07-01 10:00:00+09:00,1856.0,1856.0,1856.0,1856.0,200,0.0,0.0
2024-07-01 11:00:00+09:00,1856.0,1856.0,1856.0,1856.0,0,0.0,0.0
2024-07-01 12:00:00+09:00,1860.0,1860.0,1855.0,1856.0,3900,0.0,0.0
2024-07-01 14:00:00+09:00,1860.0,1865.0,1857.0,1857.0,1800,0.0,0.0
2024-07-02 09:00:00+09:00,1865.0,1865.0,1862.0,1862.0,1200,0.0,0.0
2024-07-02 10:00:00+09:00,1862.0,1867.0,1860.0,1861.0,2000,0.0,0.0
2024-07-02 11:00:00+09:00,1861.0,1861.0,1861.0,1861.0,0,0.0,0.0
2024-07-02 12:00:00+09:00,1864.0,1865.0,1861.0,1861.0,3600,0.0,0.0
2024-07-02 13:00:00+09:00,1865.0,1868.0,1865.0,1866.0,1100,0.0,0.0
2024-07-02 14:00:00+09:00,1865.0,1868.0,1861.0,1866.0,1400,0.0,0.0
2024-07-03 09:00:00+09:00,1868.0,1868.0,1865.0,1865.0,1700,0.0,0.0
2024-07-03 10:00:00+09:00,1865.0,1865.0,1864.0,1864.0,300,0.0,0.0
2024-07-03 11:00:00+09:00,1865.0,1865.0,1865.0,1865.0,0,0.0,0.0
2024-07-03 12:00:00+09:00,1865.0,1865.0,1865.0,1865.0,2400,0.0,0.0
2024-07-03 13:00:00+09:00,1866.0,1869.0,1865.0,1868.0,900,0.0,0.0
2024-07-03 14:00:00+09:00,1865.0,1869.0,1865.0,1865.0,1600,0.0,0.0
2024-07-04 09:00:00+09:00,1872.0,1875.0,1872.0,1875.0,1700,0.0,0.0
2024-07-04 10:00:00+09:00,1876.0,1886.0,1876.0,1877.0,900,0.0,0.0
2024-07-04 11:00:00+09:00,1885.0,1885.0,1885.0,1885.0,0,0.0,0.0
2024-07-04 12:00:00+09:00,1885.0,1885.0,1880.0,1880.0,4600,0.0,0.0
2024-07-04 13:00:00+09:00,1880.0,1889.0,1878.0,1889.0,3500,0.0,0.0
2024-07-04 14:00:00+09:00,1887.0,1892.0,1887.0,1889.0,2400,0.0,0.0
2024-07-05 09:00:00+09:00,1890.0,1895.0,1890.0,1891.0,1200,0.0,0.0
2024-07-05 10:00:00+09:00,1891.0,1893.0,1890.0,1893.0,500,0.0,0.0
2024-07-05 11:00:00+09:00,1893.0,1893.0,1893.0,1893.0,0,0.0,0.0
2024-07-05 12:00:00+09:00,1890.0,1891.0,1889.0,1889.0,4500,0.0,0.0
2024-07-05 13:00:00+09:00,1889.0,1890.0,1889.0,1889.0,800,0.0,0.0
2024-07-05 14:00:00+09:00,1889.0,1890.0,1885.0,1885.0,1100,0.0,0.0
2024-07-08 09:00:00+09:00,1897.0,1898.0,1890.0,1890.0,1700,0.0,0.0
2024-07-08 10:00:00+09:00,1887.0,1889.0,1885.0,1889.0,500,0.0,0.0
2024-07-08 11:00:00+09:00,1889.0,1889.0,1889.0,1889.0,0,0.0,0.0
2024-07-08 12:00:00+09:00,1890.0,1890.0,1886.0,1886.0,2700,0.0,0.0
2024-07-08 13:00:00+09:00,1887.0,1887.0,1887.0,1887.0,100,0.0,0.0
2024-07-08 14:00:00+09:00,1887.0,1895.0,1881.0,1881.0,1200,0.0,0.0
2024-07-09 09:00:00+09:00,1899.0,1899.0,1882.0,1899.0,1700,0.0,0.0
2024-07-09 10:00:00+09:00,1898.0,1898.0,1898.0,1898.0,100,0.0,0.0
2024-07-09 11:00:00+09:00,1898.0,1898.0,1883.0,1884.0,0,0.0,0.0
2024-07-09 12:00:00+09:00,1882.0,1882.0,1882.0,1882.0,2300,0.0,0.0
2024-07-09 13:00:00+09:00,1882.0,1897.0,1882.0,1897.0,200,0.0,0.0
2024-07-09 14:00:00+09:00,1882.0,1884.0,1881.0,1881.0,1200,0.0,0.0
2024-07-10 09:00:00+09:00,1882.0,1882.0,1882.0,1882.0,300,0.0,0.0
2024-07-10 10:00:00+09:00,1887.0,1887.0,1887.0,1887.0,100,0.0,0.0
2024-07-10 11:00:00+09:00,1887.0,1887.0,1887.0,1887.0,0,0.0,0.0
2024-07-10 12:00:00+09:00,1882.0,1882.0,1882.0,1882.0,700,0.0,0.0
2024-07-10 13:00:00+09:00,1883.0,1883.0,1882.0,1882.0,300,0.0,0.0
2024-07-10 14:00:00+09:00,1882.0,1882.0,1870.0,1870.0,2900,0.0,0.0
2024-07-11 09:00:00+09:00,1870.0,1875.0,1870.0,1875.0,1800,0.0,0.0
2024-07-11 10:00:00+09:00,1880.0,1880.0,1875.0,1875.0,300,0.0,0.0
2024-07-11 11:00:00+09:00,1875.0,1875.0,1875.0,1875.0,0,0.0,0.0
2024-07-11 12:00:00+09:00,1876.0,1876.0,1876.0,1876.0,2500,0.0,0.0
2024-07-11 13:00:00+09:00,1877.0,1877.0,1875.0,1875.0,1200,0.0,0.0
2024-07-11 14:00:00+09:00,1875.0,1876.0,1871.0,1871.0,1200,0.0,0.0
2024-07-12 09:00:00+09:00,1871.0,1880.0,1871.0,1872.0,1100,0.0,0.0
2024-07-12 10:00:00+09:00,1875.0,1875.0,1872.0,1875.0,600,0.0,0.0
2024-07-12 11:00:00+09:00,1881.0,1881.0,1881.0,1881.0,0,0.0,0.0
2024-07-12 12:00:00+09:00,1881.0,1887.0,1875.0,1887.0,2200,0.0,0.0
2024-07-12 13:00:00+09:00,1889.0,1893.0,1876.0,1892.0,1400,0.0,0.0
2024-07-12 14:00:00+09:00,1876.0,1890.0,1874.0,1874.0,1000,0.0,0.0
2024-07-16 09:00:00+09:00,1880.0,1889.0,1880.0,1884.0,2400,0.0,0.0
2024-07-16 10:00:00+09:00,1893.0,1900.0,1883.0,1885.0,2600,0.0,0.0
2024-07-16 11:00:00+09:00,1885.0,1885.0,1885.0,1885.0,0,0.0,0.0
2024-07-16 12:00:00+09:00,1887.0,1890.0,1887.0,1890.0,5500,0.0,0.0
2024-07-16 13:00:00+09:00,1887.0,1889.0,1887.0,1889.0,300,0.0,0.0
2024-07-16 14:00:00+09:00,1888.0,1888.0,1886.0,1886.0,700,0.0,0.0
2024-07-17 09:00:00+09:00,1888.0,1903.0,1887.0,1887.0,2400,0.0,0.0
2024-07-17 10:00:00+09:00,1886.0,1886.0,1880.0,1880.0,1900,0.0,0.0
2024-07-17 11:00:00+09:00,1880.0,1880.0,1880.0,1880.0,0,0.0,0.0
2024-07-17 12:00:00+09:00,1880.0,1885.0,1880.0,1885.0,5100,0.0,0.0
2024-07-17 13:00:00+09:00,1882.0,1882.0,1881.0,1881.0,300,0.0,0.0
2024-07-17 14:00:00+09:00,1883.0,1899.0,1881.0,1887.0,1500,0.0,0.0
2024-07-18 09:00:00+09:00,1879.0,1887.0,1879.0,1879.0,2100,0.0,0.0
2024-07-18 10:00:00+09:00,1879.0,1879.0,1876.0,1877.0,800,0.0,0.0
2024-07-18 11:00:00+09:00,1877.0,1877.0,1877.0,1877.0,0,0.0,0.0
2024-07-18 12:00:00+09:00,1878.0,1878.0,1878.0,1878.0,3000,0.0,0.0
2024-07-18 13:00:00+09:00,1877.0,1878.0,1877.0,1877.0,400,0.0,0.0
2024-07-18 14:00:00+09:00,1877.0,1877.0,1876.0,1876.0,1500,0.0,0.0
2024-07-19 09:00:00+09:00,1875.0,1890.0,1875.0,1883.0,1100,0.0,0.0
2024-07-19 10:00:00+09:00,1883.0,1883.0,1876.0,1876.0,300,0.0,0.0
2024-07-19 11:00:00+09:00,1889.0,1890.0,1889.0,1889.0,0,0.0,0.0
2024-07-19 12:00:00+09:00,1889.0,1889.0,1889.0,1889.0,3000,0.0,0.0
2024-07-19 13:00:00+09:00,1889.0,1891.0,1889.0,1889.0,1100,0.0,0.0
2024-07-19 14:00:00+09:00,1889.0,1900.0,1889.0,1889.0,1800,0.0,0.0
2024-07-22 09:00:00+09:00,1880.0,1880.0,1860.0,1861.0,0,0.0,0.0
2024-07-22 10:00:00+09:00,1862.0,1862.0,1855.0,1860.0,10900,0.0,0.0
2024-07-22 11:00:00+09:00,1859.0,1859.0,1859.0,1859.0,0,0.0,0.0
2024-07-22 12:00:00+09:00,1859.0,1866.0,1859.0,1866.0,11800,0.0,0.0
2024-07-22 13:00:00+09:00,1863.0,1863.0,1863.0,1863.0,100,0.0,0.0
2024-07-22 14:00:00+09:00,1861.0,1861.0,1859.0,1859.0,1000,0.0,0.0
2024-07-23 09:00:00+09:00,1895.0,1895.0,1855.0,1860.0,3500,0.0,0.0
2024-07-23 10:00:00+09:00,1862.0,1868.0,1856.0,1858.0,600,0.0,0.0
2024-07-23 11:00:00+09:00,1858.0,1858.0,1858.0,1858.0,0,0.0,0.0
2024-07-23 12:00:00+09:00,1859.0,1859.0,1859.0,1859.0,4500,0.0,0.0
2024-07-23 13:00:00+09:00,1859.0,1865.0,1858.0,1859.0,500,0.0,0.0
2024-07-23 14:00:00+09:00,1858.0,1861.0,1855.0,1855.0,1900,0.0,0.0
2024-07-24 09:00:00+09:00,1864.0,1887.0,1856.0,1856.0,2000,0.0,0.0
2024-07-24 10:00:00+09:00,1858.0,1858.0,1858.0,1858.0,100,0.0,0.0
2024-07-24 11:00:00+09:00,1859.0,1868.0,1859.0,1868.0,0,0.0,0.0
2024-07-24 12:00:00+09:00,1865.0,1865.0,1860.0,1860.0,2800,0.0,0.0
2024-07-24 13:00:00+09:00,1859.0,1859.0,1858.0,1858.0,300,0.0,0.0
2024-07-24 14:00:00+09:00,1855.0,1855.0,1851.0,1851.0,800,0.0,0.0
2024-07-25 09:00:00+09:00,1851.0,1878.0,1840.0,1841.0,6500,0.0,0.0
2024-07-25 10:00:00+09:00,1844.0,1844.0,1842.0,1843.0,300,0.0,0.0
2024-07-25 11:00:00+09:00,1843.0,1843.0,1843.0,1843.0,0,0.0,0.0
2024-07-25 12:00:00+09:00,1843.0,1869.0,1843.0,1857.0,7300,0.0,0.0
2024-07-25 13:00:00+09:00,1850.0,1850.0,1836.0,1836.0,3700,0.0,0.0
2024-07-25 14:00:00+09:00,1836.0,1837.0,1825.0,1827.0,3300,0.0,0.0
2024-07-26 09:00:00+09:00,1819.0,1830.0,1810.0,1825.0,9500,0.0,0.0
2024-07-26 10:00:00+09:00,1825.0,1825.0,1825.0,1825.0,100,0.0,0.0
2024-07-26 11:00:00+09:00,1817.0,1818.0,1813.0,1813.0,0,0.0,0.0
2024-07-26 12:00:00+09:00,1813.0,1829.0,1813.0,1828.0,13900,0.0,0.0
2024-07-26 13:00:00+09:00,1828.0,1828.0,1816.0,1828.0,1300,0.0,0.0
2024-07-26 14:00:00+09:00,1813.0,1813.0,1813.0,1813.0,100,0.0,0.0
2024-07-29 09:00:00+09:00,1824.0,1828.0,1810.0,1822.0,3300,0.0,0.0
2024-07-29 10:00:00+09:00,1821.0,1836.0,1821.0,1835.0,2400,0.0,0.0
2024-07-29 11:00:00+09:00,1822.0,1822.0,1821.0,1821.0,0,0.0,0.0
2024-07-29 12:00:00+09:00,1824.0,1836.0,1822.0,1822.0,6500,0.0,0.0
2024-07-29 13:00:00+09:00,1835.0,1837.0,1831.0,1831.0,1000,0.0,0.0
2024-07-29 14:00:00+09:00,1836.0,1843.0,1817.0,1830.0,7100,0.0,0.0
2024-07-30 09:00:00+09:00,1844.0,1844.0,1839.0,1839.0,1500,0.0,0.0
2024-07-30 10:00:00+09:00,1831.0,1831.0,1823.0,1823.0,0,0.0,0.0
2024-07-30 11:00:00+09:00,1829.0,1829.0,1829.0,1829.0,0,0.0,0.0
2024-07-30 12:00:00+09:00,1830.0,1843.0,1830.0,1843.0,3500,0.0,0.0
2024-07-30 14:00:00+09:00,1832.0,1842.0,1830.0,1830.0,1000,0.0,0.0
2024-07-31 09:00:00+09:00,1827.0,1841.0,1827.0,1833.0,1400,0.0,0.0
2024-07-31 10:00:00+09:00,1832.0,1845.0,1832.0,1834.0,800,0.0,0.0
2024-07-31 11:00:00+09:00,1844.0,1884.0,1827.0,1833.0,0,0.0,0.0
2024-07-31 12:00:00+09:00,1857.0,1857.0,1837.0,1837.0,7800,0.0,0.0
2024-07-31 13:00:00+09:00,1833.0,1833.0,1832.0,1832.0,200,0.0,0.0
2024-07-31 14:00:00+09:00,1833.0,1835.0,1830.0,1835.0,1200,0.0,0.0
2024-08-01 09:00:00+09:00,1840.0,1840.0,1840.0,1840.0,500,0.0,0.0
2024-08-01 10:00:00+09:00,1835.0,1835.0,1822.0,1822.0,1800,0.0,0.0
2024-08-01 11:00:00+09:00,1835.0,1835.0,1835.0,1835.0,0,0.0,0.0
2024-08-01 12:00:00+09:00,1824.0,1824.0,1823.0,1823.0,2800,0.0,0.0
2024-08-01 13:00:00+09:00,1826.0,1826.0,1826.0,1826.0,200,0.0,0.0
2024-08-01 14:00:00+09:00,1843.0,1843.0,1823.0,1823.0,900,0.0,0.0
2024-08-02 09:00:00+09:00,1807.0,1811.0,1801.0,1801.0,6700,0.0,0.0
2024-08-02 10:00:00+09:00,1803.0,1808.0,1800.0,1801.0,6700,0.0,0.0
2024-08-02 11:00:00+09:00,1801.0,1801.0,1801.0,1801.0,0,0.0,0.0
2024-08-02 12:00:00+09:00,1801.0,1802.0,1801.0,1802.0,14900,0.0,0.0
2024-08-02 13:00:00+09:00,1802.0,1807.0,1800.0,1807.0,1200,0.0,0.0
2024-08-02 14:00:00+09:00,1801.0,1804.0,1800.0,1801.0,2900,0.0,0.0
2024-08-05 09:00:00+09:00,1780.0,1780.0,1660.0,1687.0,16400,0.0,0.0
2024-08-05 10:00:00+09:00,1665.0,1671.0,1664.0,1667.0,2200,0.0,0.0
2024-08-05 11:00:00+09:00,1670.0,1699.0,1667.0,1699.0,0,0.0,0.0
2024-08-05 12:00:00+09:00,1672.0,1672.0,1663.0,1663.0,22900,0.0,0.0
2024-08-05 13:00:00+09:00,1690.0,1690.0,1660.0,1660.0,0,0.0,0.0
2024-08-05 14:00:00+09:00,1670.0,1670.0,1537.0,1537.0,38300,0.0,0.0
2024-08-06 09:00:00+09:00,1524.0,1626.0,1524.0,1624.0,13900,0.0,0.0
2024-08-06 10:00:00+09:00,1624.0,1678.0,1610.0,1649.0,1500,0.0,0.0
2024-08-06 11:00:00+09:00,1638.0,1638.0,1632.0,1632.0,0,0.0,0.0
2024-08-06 12:00:00+09:00,1620.0,1620.0,1600.0,1600.0,19800,0.0,0.0
2024-08-06 13:00:00+09:00,1600.0,1610.0,1596.0,1598.0,3000,0.0,0.0
2024-08-06 14:00:00+09:00,1598.0,1608.0,1580.0,1590.0,2100,0.0,0.0
2024-08-07 09:00:00+09:00,1523.0,1599.0,1523.0,1599.0,7500,0.0,0.0
2024-08-07 10:00:00+09:00,1596.0,1649.0,1550.0,1550.0,3500,0.0,0.0
2024-08-07 11:00:00+09:00,1571.0,1605.0,1571.0,1605.0,0,0.0,0.0
2024-08-07 12:00:00+09:00,1645.0,1645.0,1600.0,1605.0,13400,0.0,0.0
2024-08-07 13:00:00+09:00,1610.0,1643.0,1610.0,1630.0,1800,0.0,0.0
2024-08-07 14:00:00+09:00,1641.0,1641.0,1620.0,1620.0,1500,0.0,0.0
2024-08-08 09:00:00+09:00,1611.0,1643.0,1605.0,1642.0,3700,0.0,0.0
2024-08-08 10:00:00+09:00,1642.0,1645.0,1634.0,1645.0,800,0.0,0.0
2024-08-08 11:00:00+09:00,1643.0,1702.0,1628.0,1640.0,0,0.0,0.0
2024-08-08 12:00:00+09:00,1650.0,1700.0,1650.0,1700.0,8300,0.0,0.0
2024-08-08 13:00:00+09:00,1695.0,1695.0,1695.0,1695.0,100,0.0,0.0
2024-08-08 14:00:00+09:00,1690.0,1690.0,1645.0,1670.0,700,0.0,0.0
2024-08-09 09:00:00+09:00,1750.0,1750.0,1700.0,1700.0,5300,0.0,0.0
2024-08-09 11:00:00+09:00,1705.0,1705.0,1702.0,1702.0,0,0.0,0.0
2024-08-09 12:00:00+09:00,1702.0,1702.0,1685.0,1685.0,6900,0.0,0.0
2024-08-09 13:00:00+09:00,1701.0,1701.0,1700.0,1700.0,300,0.0,0.0
2024-08-09 14:00:00+09:00,1690.0,1690.0,1673.0,1673.0,1100,0.0,0.0
2024-08-13 09:00:00+09:00,1745.0,1745.0,1701.0,1701.0,1200,0.0,0.0
2024-08-13 10:00:00+09:00,1739.0,1739.0,1717.0,1717.0,600,0.0,0.0
2024-08-13 11:00:00+09:00,1720.0,1720.0,1718.0,1718.0,0,0.0,0.0
2024-08-13 12:00:00+09:00,1704.0,1723.0,1704.0,1723.0,2700,0.0,0.0
2024-08-13 13:00:00+09:00,1710.0,1730.0,1710.0,1711.0,400,0.0,0.0
2024-08-13 14:00:00+09:00,1715.0,1715.0,1689.0,1689.0,1800,0.0,0.0
2024-08-14 09:00:00+09:00,1711.0,1711.0,1711.0,1711.0,300,0.0,0.0
2024-08-14 10:00:00+09:00,1714.0,1714.0,1714.0,1714.0,200,0.0,0.0
2024-08-14 11:00:00+09:00,1716.0,1730.0,1716.0,1729.0,0,0.0,0.0
2024-08-14 12:00:00+09:00,1731.0,1731.0,1728.0,1728.0,1700,0.0,0.0
2024-08-14 13:00:00+09:00,1729.0,1729.0,1716.0,1716.0,200,0.0,0.0
2024-08-14 14:00:00+09:00,1716.0,1716.0,1710.0,1710.0,1800,0.0,0.0
2024-08-15 09:00:00+09:00,1710.0,1750.0,1710.0,1716.0,2200,0.0,0.0
2024-08-15 11:00:00+09:00,1726.0,1737.0,1726.0,1737.0,0,0.0,0.0
2024-08-15 12:00:00+09:00,1738.0,1738.0,1738.0,1738.0,3500,0.0,0.0
2024-08-15 13:00:00+09:00,1738.0,1738.0,1730.0,1730.0,1000,0.0,0.0
2024-08-15 14:00:00+09:00,1730.0,1730.0,1730.0,1730.0,900,0.0,0.0
2024-08-16 09:00:00+09:00,1767.0,1767.0,1716.0,1716.0,4700,0.0,0.0
2024-08-16 10:00:00+09:00,1754.0,1764.0,1754.0,1764.0,200,0.0,0.0
2024-08-16 11:00:00+09:00,1743.0,1748.0,1743.0,1748.0,0,0.0,0.0
2024-08-16 12:00:00+09:00,1748.0,1748.0,1748.0,1748.0,6100,0.0,0.0
2024-08-16 13:00:00+09:00,1748.0,1748.0,1747.0,1747.0,400,0.0,0.0
2024-08-16 14:00:00+09:00,1748.0,1748.0,1740.0,1741.0,900,0.0,0.0
2024-08-19 09:00:00+09:00,1752.0,1752.0,1740.0,1752.0,600,0.0,0.0
2024-08-19 10:00:00+09:00,1751.0,1751.0,1741.0,1741.0,400,0.0,0.0
2024-08-19 11:00:00+09:00,1752.0,1759.0,1741.0,1741.0,0,0.0,0.0
2024-08-19 13:00:00+09:00,1745.0,1745.0,1745.0,1745.0,2100,0.0,0.0
2024-08-19 14:00:00+09:00,1745.0,1751.0,1733.0,1733.0,1200,0.0,0.0
2024-08-20 09:00:00+09:00,1727.0,1759.0,1727.0,1750.0,1000,0.0,0.0
2024-08-20 10:00:00+09:00,1759.0,1759.0,1759.0,1759.0,100,0.0,0.0
2024-08-20 11:00:00+09:00,1758.0,1759.0,1726.0,1726.0,0,0.0,0.0
2024-08-20 12:00:00+09:00,1733.0,1748.0,1733.0,1747.0,2700,0.0,0.0
2024-08-20 13:00:00+09:00,1746.0,1746.0,1746.0,1746.0,300,0.0,0.0
2024-08-20 14:00:00+09:00,1746.0,1749.0,1734.0,1735.0,900,0.0,0.0
2024-08-21 09:00:00+09:00,1730.0,1730.0,1730.0,1730.0,400,0.0,0.0
2024-08-21 11:00:00+09:00,1730.0,1730.0,1730.0,1730.0,0,0.0,0.0
2024-08-21 12:00:00+09:00,1748.0,1748.0,1748.0,1748.0,500,0.0,0.0
2024-08-21 13:00:00+09:00,1732.0,1736.0,1732.0,1732.0,500,0.0,0.0
2024-08-22 09:00:00+09:00,1731.0,1749.0,1731.0,1749.0,700,0.0,0.0
2024-08-22 10:00:00+09:00,1748.0,1748.0,1736.0,1736.0,300,0.0,0.0
2024-08-22 11:00:00+09:00,1748.0,1748.0,1738.0,1738.0,0,0.0,0.0
2024-08-22 12:00:00+09:00,1748.0,1748.0,1748.0,1748.0,1400,0.0,0.0
2024-08-22 13:00:00+09:00,1740.0,1740.0,1731.0,1731.0,500,0.0,0.0
2024-08-22 14:00:00+09:00,1731.0,1742.0,1730.0,1730.0,800,0.0,0.0
2024-08-23 09:00:00+09:00,1730.0,1740.0,1730.0,1740.0,500,0.0,0.0
2024-08-23 10:00:00+09:00,1729.0,1729.0,1729.0,1729.0,100,0.0,0.0
2024-08-23 11:00:00+09:00,1740.0,1740.0,1740.0,1740.0,0,0.0,0.0
2024-08-23 13:00:00+09:00,1731.0,1731.0,1729.0,1729.0,1700,0.0,0.0
2024-08-23 14:00:00+09:00,1729.0,1729.0,1728.0,1728.0,800,0.0,0.0
2024-08-26 09:00:00+09:00,1729.0,1743.0,1729.0,1743.0,300,0.0,0.0
2024-08-26 10:00:00+09:00,1730.0,1730.0,1730.0,1730.0,100,0.0,0.0
2024-08-26 11:00:00+09:00,1730.0,1730.0,1712.0,1712.0,0,0.0,0.0
2024-08-26 12:00:00+09:00,1741.0,1741.0,1741.0,1741.0,2800,0.0,0.0
2024-08-26 13:00:00+09:00,1718.0,1718.0,1716.0,1718.0,400,0.0,0.0
2024-08-26 14:00:00+09:00,1717.0,1719.0,1715.0,1715.0,800,0.0,0.0
2024-08-27 09:00:00+09:00,1715.0,1725.0,1715.0,1716.0,1000,0.0,0.0
2024-08-27 10:00:00+09:00,1726.0,1726.0,1716.0,1716.0,400,0.0,0.0
2024-08-27 11:00:00+09:00,1716.0,1716.0,1716.0,1716.0,0,0.0,0.0
2024-08-27 12:00:00+09:00,1716.0,1724.0,1716.0,1716.0,2200,0.0,0.0
2024-08-27 13:00:00+09:00,1716.0,1723.0,1716.0,1717.0,900,0.0,0.0
2024-08-27 14:00:00+09:00,1716.0,1721.0,1715.0,1716.0,1200,0.0,0.0
2024-08-28 09:00:00+09:00,1717.0,1720.0,1716.0,1716.0,2200,0.0,0.0
2024-08-28 10:00:00+09:00,1717.0,1726.0,1717.0,1726.0,800,0.0,0.0
2024-08-28 11:00:00+09:00,1726.0,1727.0,1726.0,1726.0,0,0.0,0.0
2024-08-28 12:00:00+09:00,1726.0,1726.0,1726.0,1726.0,6300,0.0,0.0
2024-08-28 13:00:00+09:00,1720.0,1720.0,1719.0,1719.0,200,0.0,0.0
2024-08-28 14:00:00+09:00,1719.0,1726.0,1716.0,1716.0,1100,0.0,0.0
2024-08-29 09:00:00+09:00,1714.0,1732.0,1714.0,1722.0,7200,0.0,0.0
2024-08-29 10:00:00+09:00,1722.0,1723.0,1722.0,1723.0,400,0.0,0.0
2024-08-29 11:00:00+09:00,1724.0,1727.0,1722.0,1727.0,0,0.0,0.0
2024-08-29 12:00:00+09:00,1729.0,1729.0,1727.0,1727.0,8900,0.0,0.0
2024-08-29 13:00:00+09:00,1727.0,1730.0,1723.0,1723.0,1300,0.0,0.0
2024-08-29 14:00:00+09:00,1723.0,1732.0,1722.0,1724.0,1300,0.0,0.0
2024-08-30 09:00:00+09:00,1728.0,1735.0,1728.0,1735.0,700,0.0,0.0
2024-08-30 10:00:00+09:00,1735.0,1750.0,1735.0,1745.0,3800,0.0,0.0
2024-08-30 11:00:00+09:00,1742.0,1742.0,1742.0,1742.0,0,0.0,0.0
2024-08-30 12:00:00+09:00,1745.0,1745.0,1745.0,1745.0,5000,0.0,0.0
2024-08-30 13:00:00+09:00,1745.0,1754.0,1745.0,1750.0,1700,0.0,0.0
2024-08-30 14:00:00+09:00,1753.0,1753.0,1740.0,1740.0,700,0.0,0.0
2024-09-02 09:00:00+09:00,1750.0,1755.0,1747.0,1754.0,1600,0.0,0.0
2024-09-02 10:00:00+09:00,1754.0,1755.0,1746.0,1746.0,0,0.0,0.0
2024-09-02 11:00:00+09:00,1746.0,1746.0,1746.0,1746.0,0,0.0,0.0
2024-09-02 12:00:00+09:00,1750.0,1750.0,1750.0,1750.0,3000,0.0,0.0
2024-09-02 13:00:00+09:00,1753.0,1777.0,1745.0,1770.0,5700,0.0,0.0
2024-09-02 14:00:00+09:00,1770.0,1770.0,1746.0,1750.0,2000,0.0,0.0
2024-09-03 09:00:00+09:00,1768.0,1773.0,1761.0,1766.0,800,0.0,0.0
2024-09-03 10:00:00+09:00,1769.0,1770.0,1765.0,1765.0,700,0.0,0.0
2024-09-03 11:00:00+09:00,1765.0,1773.0,1762.0,1762.0,0,0.0,0.0
2024-09-03 12:00:00+09:00,1773.0,1773.0,1773.0,1773.0,2200,0.0,0.0
2024-09-03 13:00:00+09:00,1773.0,1773.0,1773.0,1773.0,100,0.0,0.0
2024-09-03 14:00:00+09:00,1764.0,1773.0,1762.0,1763.0,1300,0.0,0.0
2024-09-04 09:00:00+09:00,1745.0,1745.0,1725.0,1730.0,7000,0.0,0.0
2024-09-04 10:00:00+09:00,1730.0,1731.0,1725.0,1728.0,2800,0.0,0.0
2024-09-04 11:00:00+09:00,1728.0,1731.0,1727.0,1731.0,0,0.0,0.0
2024-09-04 12:00:00+09:00,1731.0,1740.0,1731.0,1731.0,12000,0.0,0.0
2024-09-04 13:00:00+09:00,1744.0,1745.0,1739.0,1739.0,1200,0.0,0.0
2024-09-04 14:00:00+09:00,1742.0,1745.0,1735.0,1736.0,1800,0.0,0.0
2024-09-05 09:00:00+09:00,1751.0,1751.0,1726.0,1728.0,1500,0.0,0.0
2024-09-05 10:00:00+09:00,1754.0,1754.0,1754.0,1754.0,100,0.0,0.0
2024-09-05 11:00:00+09:00,1754.0,1754.0,1754.0,1754.0,0,0.0,0.0
2024-09-05 12:00:00+09:00,1745.0,1745.0,1729.0,1729.0,3300,0.0,0.0
2024-09-05 13:00:00+09:00,1753.0,1753.0,1731.0,1741.0,1400,0.0,0.0
2024-09-05 14:00:00+09:00,1737.0,1743.0,1733.0,1733.0,700,0.0,0.0
2024-09-06 09:00:00+09:00,1732.0,1739.0,1731.0,1731.0,500,0.0,0.0
2024-09-06 10:00:00+09:00,1734.0,1739.0,1734.0,1739.0,400,0.0,0.0
2024-09-06 11:00:00+09:00,1739.0,1739.0,1739.0,1739.0,0,0.0,0.0
2024-09-06 12:00:00+09:00,1735.0,1735.0,1730.0,1730.0,1200,0.0,0.0
2024-09-06 13:00:00+09:00,1731.0,1731.0,1720.0,1720.0,2800,0.0,0.0
2024-09-06 14:00:00+09:00,1720.0,1720.0,1711.0,1711.0,1900,0.0,0.0
2024-09-09 09:00:00+09:00,1675.0,1693.0,1675.0,1685.0,4900,0.0,0.0
2024-09-09 10:00:00+09:00,1685.0,1694.0,1684.0,1687.0,800,0.0,0.0
2024-09-09 11:00:00+09:00,1695.0,1697.0,1689.0,1697.0,0,0.0,0.0
2024-09-09 12:00:00+09:00,1702.0,1703.0,1692.0,1692.0,7500,0.0,0.0
2024-09-09 13:00:00+09:00,1691.0,1695.0,1690.0,1690.0,800,0.0,0.0
2024-09-09 14:00:00+09:00,1691.0,1703.0,1691.0,1703.0,800,0.0,0.0
2024-09-10 09:00:00+09:00,1693.0,1707.0,1693.0,1695.0,2200,0.0,0.0
2024-09-10 10:00:00+09:00,1696.0,1696.0,1695.0,1695.0,300,0.0,0.0
2024-09-10 11:00:00+09:00,1695.0,1695.0,1695.0,1695.0,0,0.0,0.0
2024-09-10 12:00:00+09:00,1696.0,1696.0,1696.0,1696.0,2800,0.0,0.0
2024-09-10 13:00:00+09:00,1696.0,1696.0,1693.0,1693.0,1700,0.0,0.0
2024-09-10 14:00:00+09:00,1694.0,1694.0,1672.0,1675.0,3800,0.0,0.0
2024-09-11 09:00:00+09:00,1661.0,1665.0,1661.0,1665.0,1700,0.0,0.0
2024-09-11 11:00:00+09:00,1670.0,1675.0,1670.0,1670.0,0,0.0,0.0
2024-09-11 12:00:00+09:00,1670.0,1670.0,1665.0,1665.0,2200,0.0,0.0
2024-09-11 13:00:00+09:00,1679.0,1679.0,1637.0,1637.0,6200,0.0,0.0
2024-09-11 14:00:00+09:00,1637.0,1637.0,1615.0,1620.0,8200,0.0,0.0
2024-09-12 09:00:00+09:00,1630.0,1664.0,1630.0,1646.0,4600,0.0,0.0
2024-09-12 10:00:00+09:00,1646.0,1646.0,1637.0,1637.0,700,0.0,0.0
2024-09-12 11:00:00+09:00,1644.0,1651.0,1644.0,1651.0,0,0.0,0.0
2024-09-12 12:00:00+09:00,1651.0,1651.0,1637.0,1640.0,7100,0.0,0.0
2024-09-12 13:00:00+09:00,1642.0,1644.0,1637.0,1637.0,800,0.0,0.0
2024-09-12 14:00:00+09:00,1642.0,1645.0,1640.0,1640.0,800,0.0,0.0
2024-09-13 09:00:00+09:00,1633.0,1646.0,1624.0,1646.0,3000,0.0,0.0
2024-09-13 10:00:00+09:00,1643.0,1643.0,1623.0,1630.0,2600,0.0,0.0
2024-09-13 11:00:00+09:00,1642.0,1642.0,1642.0,1642.0,0,0.0,0.0
2024-09-13 12:00:00+09:00,1630.0,1632.0,1627.0,1627.0,15200,0.0,0.0
2024-09-13 13:00:00+09:00,1628.0,1635.0,1627.0,1631.0,1700,0.0,0.0
2024-09-13 14:00:00+09:00,1631.0,1652.0,1630.0,1640.0,2600,0.0,0.0
2024-09-17 09:00:00+09:00,1641.0,1660.0,1641.0,1643.0,2400,0.0,0.0
2024-09-17 10:00:00+09:00,1657.0,1657.0,1657.0,1657.0,100,0.0,0.0
2024-09-17 11:00:00+09:00,1657.0,1657.0,1657.0,1657.0,0,0.0,0.0
2024-09-17 12:00:00+09:00,1644.0,1644.0,1642.0,1642.0,3200,0.0,0.0
2024-09-17 13:00:00+09:00,1644.0,1644.0,1616.0,1620.0,6700,0.0,0.0
2024-09-17 14:00:00+09:00,1622.0,1623.0,1622.0,1623.0,300,0.0,0.0
2024-09-18 09:00:00+09:00,1622.0,1640.0,1622.0,1625.0,5700,0.0,0.0
2024-09-18 10:00:00+09:00,1626.0,1629.0,1622.0,1624.0,1600,0.0,0.0
2024-09-18 11:00:00+09:00,1626.0,1632.0,1626.0,1632.0,0,0.0,0.0
2024-09-18 12:00:00+09:00,1632.0,1635.0,1631.0,1635.0,9400,0.0,0.0
2024-09-18 13:00:00+09:00,1633.0,1633.0,1631.0,1631.0,300,0.0,0.0
2024-09-18 14:00:00+09:00,1633.0,1644.0,1630.0,1644.0,1800,0.0,0.0
2024-09-19 09:00:00+09:00,1640.0,1659.0,1640.0,1655.0,2400,0.0,0.0
2024-09-19 10:00:00+09:00,1657.0,1687.0,1655.0,1656.0,1700,0.0,0.0
2024-09-19 11:00:00+09:00,1658.0,1658.0,1658.0,1658.0,0,0.0,0.0
2024-09-19 12:00:00+09:00,1658.0,1662.0,1656.0,1657.0,6800,0.0,0.0
2024-09-19 13:00:00+09:00,1657.0,1663.0,1657.0,1663.0,800,0.0,0.0
2024-09-19 14:00:00+09:00,1662.0,1662.0,1660.0,1662.0,1100,0.0,0.0
2024-09-20 09:00:00+09:00,1662.0,1695.0,1662.0,1662.0,5200,0.0,0.0
2024-09-20 10:00:00+09:00,1685.0,1685.0,1670.0,1670.0,400,0.0,0.0
2024-09-20 11:00:00+09:00,1670.0,1676.0,1670.0,1670.0,0,0.0,0.0
2024-09-20 12:00:00+09:00,1669.0,1670.0,1669.0,1670.0,6800,0.0,0.0
2024-09-20 13:00:00+09:00,1671.0,1675.0,1661.0,1669.0,3900,0.0,0.0
2024-09-20 14:00:00+09:00,1669.0,1669.0,1665.0,1667.0,700,0.0,0.0
2024-09-24 09:00:00+09:00,1667.0,1690.0,1667.0,1683.0,3700,0.0,0.0
2024-09-24 10:00:00+09:00,1686.0,1686.0,1686.0,1686.0,400,0.0,0.0
2024-09-24 11:00:00+09:00,1684.0,1686.0,1684.0,1686.0,0,0.0,0.0
2024-09-24 12:00:00+09:00,1682.0,1687.0,1682.0,1687.0,4900,0.0,0.0
2024-09-24 13:00:00+09:00,1682.0,1682.0,1680.0,1680.0,300,0.0,0.0
2024-09-24 14:00:00+09:00,1678.0,1740.0,1675.0,1685.0,6300,0.0,0.0
2024-09-25 09:00:00+09:00,1700.0,1700.0,1690.0,1691.0,4200,0.0,0.0
2024-09-25 10:00:00+09:00,1692.0,1692.0,1691.0,1691.0,200,0.0,0.0
2024-09-25 11:00:00+09:00,1699.0,1699.0,1699.0,1699.0,0,0.0,0.0
2024-09-25 12:00:00+09:00,1699.0,1699.0,1693.0,1694.0,4800,0.0,0.0
2024-09-25 13:00:00+09:00,1700.0,1700.0,1695.0,1695.0,900,0.0,0.0
2024-09-25 14:00:00+09:00,1695.0,1703.0,1693.0,1693.0,1700,0.0,0.0
2024-09-26 09:00:00+09:00,1693.0,1700.0,1687.0,1700.0,6200,0.0,0.0
2024-09-26 10:00:00+09:00,1700.0,1702.0,1695.0,1695.0,1600,0.0,0.0
2024-09-26 11:00:00+09:00,1696.0,1696.0,1687.0,1690.0,0,0.0,0.0
2024-09-26 12:00:00+09:00,1700.0,1700.0,1690.0,1691.0,12900,0.0,0.0
2024-09-26 13:00:00+09:00,1691.0,1695.0,1679.0,1679.0,6700,0.0,0.0
2024-09-26 14:00:00+09:00,1682.0,1696.0,1679.0,1687.0,2800,0.0,0.0
2024-09-27 09:00:00+09:00,1660.0,1664.0,1643.0,1649.0,2700,0.0,0.0
2024-09-27 10:00:00+09:00,1658.0,1658.0,1642.0,1642.0,2600,0.0,0.0
2024-09-27 11:00:00+09:00,1642.0,1642.0,1642.0,1642.0,0,0.0,0.0
2024-09-27 12:00:00+09:00,1642.0,1642.0,1641.0,1641.0,7700,0.0,0.0
2024-09-27 13:00:00+09:00,1641.0,1645.0,1641.0,1645.0,1000,0.0,0.0
2024-09-27 14:00:00+09:00,1659.0,1677.0,1646.0,1650.0,3900,0.0,0.0
2024-09-30 09:00:00+09:00,1616.0,1630.0,1616.0,1620.0,6100,0.0,0.0
2024-09-30 10:00:00+09:00,1629.0,1630.0,1623.0,1629.0,600,0.0,0.0
2024-09-30 11:00:00+09:00,1626.0,1626.0,1626.0,1626.0,0,0.0,0.0
2024-09-30 12:00:00+09:00,1630.0,1634.0,1625.0,1633.0,8400,0.0,0.0
2024-09-30 13:00:00+09:00,1629.0,1634.0,1622.0,1622.0,2200,0.0,0.0
2024-09-30 14:00:00+09:00,1625.0,1625.0,1624.0,1624.0,400,0.0,0.0
2024-10-01 09:00:00+09:00,1652.0,1652.0,1642.0,1650.0,3500,0.0,0.0
2024-10-01 10:00:00+09:00,1642.0,1649.0,1640.0,1640.0,1600,0.0,0.0
2024-10-01 11:00:00+09:00,1639.0,1639.0,1639.0,1639.0,0,0.0,0.0
2024-10-01 12:00:00+09:00,1639.0,1648.0,1639.0,1640.0,6100,0.0,0.0
2024-10-01 13:00:00+09:00,1640.0,1640.0,1625.0,1631.0,1600,0.0,0.0
2024-10-01 14:00:00+09:00,1634.0,1640.0,1632.0,1632.0,1700,0.0,0.0
2024-10-02 09:00:00+09:00,1626.0,1634.0,1626.0,1634.0,1600,0.0,0.0
2024-10-02 10:00:00+09:00,1634.0,1635.0,1634.0,1634.0,700,0.0,0.0
2024-10-02 11:00:00+09:00,1636.0,1636.0,1628.0,1629.0,0,0.0,0.0
2024-10-02 12:00:00+09:00,1630.0,1639.0,1629.0,1635.0,3000,0.0,0.0
2024-10-02 13:00:00+09:00,1635.0,1635.0,1630.0,1630.0,600,0.0,0.0
2024-10-02 14:00:00+09:00,1633.0,1633.0,1627.0,1627.0,2600,0.0,0.0
2024-10-03 09:00:00+09:00,1644.0,1649.0,1630.0,1630.0,1900,0.0,0.0
2024-10-03 10:00:00+09:00,1632.0,1635.0,1632.0,1632.0,300,0.0,0.0
2024-10-03 11:00:00+09:00,1631.0,1631.0,1630.0,1630.0,0,0.0,0.0
2024-10-03 12:00:00+09:00,1629.0,1633.0,1629.0,1630.0,4200,0.0,0.0
2024-10-03 14:00:00+09:00,1633.0,1634.0,1630.0,1630.0,900,0.0,0.0
2024-10-04 09:00:00+09:00,1645.0,1645.0,1632.0,1633.0,1500,0.0,0.0
2024-10-04 10:00:00+09:00,1646.0,1648.0,1646.0,1648.0,1500,0.0,0.0
2024-10-04 11:00:00+09:00,1644.0,1644.0,1644.0,1644.0,0,0.0,0.0
2024-10-04 12:00:00+09:00,1648.0,1650.0,1641.0,1648.0,4900,0.0,0.0
2024-10-04 13:00:00+09:00,1652.0,1653.0,1643.0,1646.0,2100,0.0,0.0
2024-10-04 14:00:00+09:00,1645.0,1653.0,1641.0,1653.0,2400,0.0,0.0
2024-10-07 09:00:00+09:00,1658.0,1663.0,1650.0,1654.0,5700,0.0,0.0
2024-10-07 10:00:00+09:00,1666.0,1666.0,1656.0,1666.0,1300,0.0,0.0
2024-10-07 11:00:00+09:00,1662.0,1665.0,1648.0,1648.0,0,0.0,0.0
2024-10-07 12:00:00+09:00,1644.0,1648.0,1639.0,1644.0,13600,0.0,0.0
2024-10-07 13:00:00+09:00,1644.0,1645.0,1644.0,1645.0,500,0.0,0.0
2024-10-07 14:00:00+09:00,1648.0,1655.0,1646.0,1652.0,1400,0.0,0.0
2024-10-08 09:00:00+09:00,1647.0,1647.0,1632.0,1635.0,4000,0.0,0.0
2024-10-08 10:00:00+09:00,1643.0,1643.0,1638.0,1638.0,1600,0.0,0.0
2024-10-08 11:00:00+09:00,1638.0,1638.0,1638.0,1638.0,0,0.0,0.0
2024-10-08 12:00:00+09:00,1644.0,1644.0,1630.0,1630.0,9100,0.0,0.0
2024-10-08 13:00:00+09:00,1630.0,1631.0,1630.0,1630.0,1100,0.0,0.0
2024-10-08 14:00:00+09:00,1631.0,1631.0,1631.0,1631.0,100,0.0,0.0
2024-10-09 09:00:00+09:00,1642.0,1642.0,1629.0,1629.0,5200,0.0,0.0
2024-10-09 11:00:00+09:00,1630.0,1630.0,1630.0,1630.0,0,0.0,0.0
2024-10-09 12:00:00+09:00,1631.0,1631.0,1631.0,1631.0,5800,0.0,0.0
2024-10-09 14:00:00+09:00,1639.0,1639.0,1631.0,1632.0,2300,0.0,0.0
2024-10-10 09:00:00+09:00,1632.0,1632.0,1631.0,1631.0,600,0.0,0.0
2024-10-10 10:00:00+09:00,1631.0,1638.0,1626.0,1628.0,8000,0.0,0.0
2024-10-10 11:00:00+09:00,1628.0,1628.0,1628.0,1628.0,0,0.0,0.0
2024-10-10 12:00:00+09:00,1629.0,1633.0,1628.0,1628.0,9100,0.0,0.0
2024-10-10 13:00:00+09:00,1628.0,1628.0,1628.0,1628.0,100,0.0,0.0
2024-10-10 14:00:00+09:00,1633.0,1637.0,1630.0,1634.0,1500,0.0,0.0
2024-10-11 09:00:00+09:00,1627.0,1635.0,1616.0,1624.0,11600,0.0,0.0
2024-10-11 10:00:00+09:00,1624.0,1624.0,1619.0,1621.0,4500,0.0,0.0
2024-10-11 11:00:00+09:00,1622.0,1622.0,1620.0,1620.0,0,0.0,0.0
2024-10-11 12:00:00+09:00,1621.0,1630.0,1620.0,1627.0,25800,0.0,0.0
2024-10-11 13:00:00+09:00,1629.0,1633.0,1622.0,1622.0,1100,0.0,0.0
2024-10-11 14:00:00+09:00,1628.0,1629.0,1624.0,1624.0,900,0.0,0.0
