Datetime,Open,High,Low,Close,Volume,Dividends,Stock Splits
2022-09-08 09:00:00+09:00,210.0,211.0,210.0,211.0,17700,0.0,0.0
2022-09-08 10:00:00+09:00,210.0,210.0,210.0,210.0,100,0.0,0.0
2022-09-08 11:00:00+09:00,211.0,211.0,211.0,211.0,0,0.0,0.0
2022-09-08 12:00:00+09:00,211.0,212.0,211.0,211.0,35300,0.0,0.0
2022-09-08 13:00:00+09:00,212.0,213.0,212.0,212.0,14800,0.0,0.0
2022-09-08 14:00:00+09:00,211.0,212.0,211.0,212.0,4400,0.0,0.0
2022-09-09 09:00:00+09:00,214.0,215.0,213.0,215.0,48600,0.0,0.0
2022-09-09 10:00:00+09:00,214.0,214.0,214.0,214.0,3500,0.0,0.0
2022-09-09 11:00:00+09:00,214.0,214.0,213.0,213.0,0,0.0,0.0
2022-09-09 12:00:00+09:00,214.0,214.0,214.0,214.0,67700,0.0,0.0
2022-09-09 14:00:00+09:00,213.0,214.0,213.0,213.0,15500,0.0,0.0
2022-09-12 09:00:00+09:00,214.0,215.0,213.0,214.0,20400,0.0,0.0
2022-09-12 10:00:00+09:00,214.0,214.0,213.0,213.0,2400,0.0,0.0
2022-09-12 11:00:00+09:00,214.0,214.0,213.0,214.0,0,0.0,0.0
2022-09-12 12:00:00+09:00,214.0,215.0,214.0,215.0,49100,0.0,0.0
2022-09-12 13:00:00+09:00,215.0,216.0,215.0,216.0,12300,0.0,0.0
2022-09-12 14:00:00+09:00,216.0,216.0,215.0,216.0,10000,0.0,0.0
2022-09-13 09:00:00+09:00,213.0,214.0,213.0,214.0,16200,0.0,0.0
2022-09-13 10:00:00+09:00,214.0,214.0,214.0,214.0,100,0.0,0.0
2022-09-13 11:00:00+09:00,213.0,213.0,213.0,213.0,0,0.0,0.0
2022-09-13 12:00:00+09:00,214.0,214.0,212.0,212.0,48500,0.0,0.0
2022-09-13 13:00:00+09:00,213.0,213.0,213.0,213.0,1100,0.0,0.0
2022-09-13 14:00:00+09:00,213.0,213.0,211.0,212.0,11400,0.0,0.0
2022-09-14 09:00:00+09:00,211.0,212.0,210.0,210.0,19700,0.0,0.0
2022-09-14 10:00:00+09:00,211.0,213.0,211.0,212.0,8900,0.0,0.0
2022-09-14 11:00:00+09:00,212.0,212.0,212.0,212.0,0,0.0,0.0
2022-09-14 12:00:00+09:00,212.0,212.0,212.0,212.0,37700,0.0,0.0
2022-09-14 13:00:00+09:00,211.0,211.0,211.0,211.0,5800,0.0,0.0
2022-09-14 14:00:00+09:00,211.0,211.0,211.0,211.0,8700,0.0,0.0
2022-09-15 09:00:00+09:00,212.0,212.0,210.0,210.0,0,0.0,0.0
2022-09-15 10:00:00+09:00,210.0,211.0,210.0,211.0,20900,0.0,0.0
2022-09-15 11:00:00+09:00,211.0,211.0,211.0,211.0,0,0.0,0.0
2022-09-15 12:00:00+09:00,211.0,212.0,211.0,212.0,30000,0.0,0.0
2022-09-15 13:00:00+09:00,211.0,211.0,211.0,211.0,2900,0.0,0.0
2022-09-15 14:00:00+09:00,210.0,210.0,209.0,209.0,24500,0.0,0.0
2022-09-16 09:00:00+09:00,209.0,210.0,209.0,209.0,19200,0.0,0.0
2022-09-16 10:00:00+09:00,209.0,209.0,209.0,209.0,6100,0.0,0.0
2022-09-16 11:00:00+09:00,209.0,209.0,209.0,209.0,0,0.0,0.0
2022-09-16 12:00:00+09:00,209.0,210.0,209.0,210.0,26900,0.0,0.0
2022-09-16 13:00:00+09:00,210.0,211.0,209.0,209.0,10500,0.0,0.0
2022-09-16 14:00:00+09:00,210.0,210.0,208.0,208.0,10800,0.0,0.0
2022-09-20 09:00:00+09:00,210.0,210.0,208.0,209.0,18400,0.0,0.0
2022-09-20 10:00:00+09:00,210.0,210.0,209.0,209.0,5300,0.0,0.0
2022-09-20 11:00:00+09:00,209.0,209.0,209.0,209.0,0,0.0,0.0
2022-09-20 12:00:00+09:00,209.0,209.0,209.0,209.0,24500,0.0,0.0
2022-09-20 14:00:00+09:00,209.0,209.0,208.0,209.0,9200,0.0,0.0
2022-09-21 09:00:00+09:00,208.0,208.0,207.0,207.0,0,0.0,0.0
2022-09-21 10:00:00+09:00,208.0,208.0,206.0,206.0,55600,0.0,0.0
2022-09-21 11:00:00+09:00,206.0,207.0,206.0,207.0,0,0.0,0.0
2022-09-21 12:00:00+09:00,206.0,207.0,206.0,207.0,57500,0.0,0.0
2022-09-21 13:00:00+09:00,207.0,207.0,206.0,206.0,200,0.0,0.0
2022-09-21 14:00:00+09:00,206.0,207.0,206.0,207.0,1100,0.0,0.0
2022-09-22 09:00:00+09:00,206.0,206.0,205.0,206.0,31700,0.0,0.0
2022-09-22 10:00:00+09:00,206.0,206.0,206.0,206.0,5900,0.0,0.0
2022-09-22 11:00:00+09:00,206.0,206.0,206.0,206.0,0,0.0,0.0
2022-09-22 12:00:00+09:00,206.0,208.0,206.0,208.0,49700,0.0,0.0
2022-09-22 13:00:00+09:00,207.0,208.0,207.0,208.0,1000,0.0,0.0
2022-09-22 14:00:00+09:00,207.0,208.0,206.0,206.0,6900,0.0,0.0
2022-09-26 09:00:00+09:00,208.0,208.0,204.0,205.0,44900,0.0,0.0
2022-09-26 10:00:00+09:00,205.0,205.0,205.0,205.0,200,0.0,0.0
2022-09-26 11:00:00+09:00,204.0,205.0,204.0,205.0,0,0.0,0.0
2022-09-26 12:00:00+09:00,205.0,205.0,204.0,204.0,50500,0.0,0.0
2022-09-26 13:00:00+09:00,204.0,204.0,202.0,202.0,37700,0.0,0.0
2022-09-26 14:00:00+09:00,203.0,204.0,203.0,203.0,8200,0.0,0.0
2022-09-27 09:00:00+09:00,205.0,205.0,204.0,205.0,10900,0.0,0.0
2022-09-27 10:00:00+09:00,205.0,205.0,205.0,205.0,600,0.0,0.0
2022-09-27 11:00:00+09:00,205.0,205.0,205.0,205.0,0,0.0,0.0
2022-09-27 12:00:00+09:00,205.0,206.0,205.0,206.0,21100,0.0,0.0
2022-09-27 13:00:00+09:00,206.0,207.0,206.0,206.0,0,0.0,0.0
2022-09-27 14:00:00+09:00,206.0,206.0,205.0,205.0,33900,0.0,0.0
2022-09-28 09:00:00+09:00,207.0,207.0,205.0,205.0,23300,0.0,0.0
2022-09-28 10:00:00+09:00,206.0,206.0,204.0,205.0,9600,0.0,0.0
2022-09-28 11:00:00+09:00,205.0,205.0,204.0,204.0,0,0.0,0.0
2022-09-28 12:00:00+09:00,205.0,205.0,203.0,204.0,54200,0.0,0.0
2022-09-28 13:00:00+09:00,204.0,205.0,203.0,203.0,10700,0.0,0.0
2022-09-28 14:00:00+09:00,204.0,206.0,203.0,206.0,12800,0.0,0.0
2022-09-29 09:00:00+09:00,204.0,207.0,204.0,206.0,42900,0.0,0.0
2022-09-29 10:00:00+09:00,206.0,207.0,206.0,206.0,6300,0.0,0.0
2022-09-29 11:00:00+09:00,206.0,206.0,205.0,205.0,0,0.0,0.0
2022-09-29 12:00:00+09:00,207.0,207.0,206.0,206.0,55800,0.0,0.0
2022-09-29 13:00:00+09:00,207.0,207.0,206.0,206.0,7700,0.0,0.0
2022-09-29 14:00:00+09:00,207.0,207.0,205.0,205.0,3400,0.0,0.0
2022-09-30 09:00:00+09:00,205.0,205.0,204.0,204.0,9200,0.0,0.0
2022-09-30 10:00:00+09:00,205.0,205.0,205.0,205.0,3000,0.0,0.0
2022-09-30 11:00:00+09:00,204.0,204.0,203.0,204.0,0,0.0,0.0
2022-09-30 12:00:00+09:00,203.0,203.0,203.0,203.0,26900,0.0,0.0
2022-09-30 13:00:00+09:00,203.0,203.0,202.0,202.0,5200,0.0,0.0
2022-09-30 14:00:00+09:00,203.0,203.0,202.0,202.0,2300,0.0,0.0
2022-10-03 09:00:00+09:00,202.0,202.0,200.0,200.0,25700,0.0,0.0
2022-10-03 10:00:00+09:00,201.0,203.0,201.0,203.0,10400,0.0,0.0
2022-10-03 11:00:00+09:00,204.0,204.0,202.0,202.0,0,0.0,0.0
2022-10-03 12:00:00+09:00,202.0,203.0,202.0,203.0,38400,0.0,0.0
2022-10-03 13:00:00+09:00,202.0,202.0,202.0,202.0,11200,0.0,0.0
2022-10-03 14:00:00+09:00,202.0,203.0,202.0,202.0,2100,0.0,0.0
2022-10-04 09:00:00+09:00,204.0,206.0,204.0,205.0,17600,0.0,0.0
2022-10-04 10:00:00+09:00,205.0,205.0,205.0,205.0,1600,0.0,0.0
2022-10-04 11:00:00+09:00,205.0,205.0,205.0,205.0,0,0.0,0.0
2022-10-04 12:00:00+09:00,205.0,206.0,205.0,206.0,30200,0.0,0.0
2022-10-04 13:00:00+09:00,206.0,207.0,206.0,206.0,9200,0.0,0.0
2022-10-04 14:00:00+09:00,206.0,206.0,206.0,206.0,11200,0.0,0.0
2022-10-05 09:00:00+09:00,205.0,207.0,205.0,205.0,19200,0.0,0.0
2022-10-05 10:00:00+09:00,205.0,205.0,205.0,205.0,10200,0.0,0.0
2022-10-05 11:00:00+09:00,205.0,205.0,205.0,205.0,0,0.0,0.0
2022-10-05 12:00:00+09:00,204.0,206.0,204.0,206.0,40700,0.0,0.0
2022-10-05 13:00:00+09:00,206.0,206.0,205.0,206.0,600,0.0,0.0
2022-10-05 14:00:00+09:00,205.0,206.0,205.0,205.0,6000,0.0,0.0
2022-10-06 09:00:00+09:00,205.0,206.0,205.0,206.0,9400,0.0,0.0
2022-10-06 10:00:00+09:00,206.0,206.0,205.0,205.0,14500,0.0,0.0
2022-10-06 11:00:00+09:00,206.0,206.0,205.0,205.0,0,0.0,0.0
2022-10-06 12:00:00+09:00,206.0,206.0,205.0,205.0,27500,0.0,0.0
2022-10-06 13:00:00+09:00,205.0,205.0,205.0,205.0,5200,0.0,0.0
2022-10-06 14:00:00+09:00,205.0,205.0,205.0,205.0,1500,0.0,0.0
2022-10-07 09:00:00+09:00,205.0,205.0,204.0,205.0,13500,0.0,0.0
2022-10-07 10:00:00+09:00,204.0,204.0,204.0,204.0,9300,0.0,0.0
2022-10-07 11:00:00+09:00,204.0,204.0,203.0,203.0,0,0.0,0.0
2022-10-07 12:00:00+09:00,204.0,204.0,204.0,204.0,33300,0.0,0.0
2022-10-07 13:00:00+09:00,203.0,204.0,203.0,203.0,20000,0.0,0.0
2022-10-07 14:00:00+09:00,203.0,204.0,203.0,203.0,5900,0.0,0.0
2022-10-11 09:00:00+09:00,206.0,206.0,203.0,203.0,22700,0.0,0.0
2022-10-11 10:00:00+09:00,203.0,203.0,203.0,203.0,10400,0.0,0.0
2022-10-11 11:00:00+09:00,203.0,204.0,203.0,204.0,0,0.0,0.0
2022-10-11 12:00:00+09:00,204.0,204.0,203.0,203.0,36400,0.0,0.0
2022-10-11 13:00:00+09:00,203.0,204.0,203.0,203.0,9000,0.0,0.0
2022-10-11 14:00:00+09:00,203.0,203.0,203.0,203.0,1000,0.0,0.0
2022-10-12 09:00:00+09:00,201.0,203.0,201.0,202.0,35100,0.0,0.0
2022-10-12 10:00:00+09:00,202.0,202.0,201.0,201.0,8400,0.0,0.0
2022-10-12 11:00:00+09:00,202.0,202.0,202.0,202.0,0,0.0,0.0
2022-10-12 12:00:00+09:00,202.0,202.0,202.0,202.0,46400,0.0,0.0
2022-10-12 13:00:00+09:00,202.0,202.0,202.0,202.0,3900,0.0,0.0
2022-10-12 14:00:00+09:00,201.0,202.0,201.0,201.0,700,0.0,0.0
2022-10-13 09:00:00+09:00,203.0,203.0,201.0,202.0,4300,0.0,0.0
2022-10-13 10:00:00+09:00,202.0,202.0,201.0,202.0,6200,0.0,0.0
2022-10-13 11:00:00+09:00,202.0,202.0,202.0,202.0,0,0.0,0.0
2022-10-13 12:00:00+09:00,204.0,204.0,202.0,202.0,36500,0.0,0.0
2022-10-13 13:00:00+09:00,203.0,204.0,203.0,204.0,5000,0.0,0.0
2022-10-13 14:00:00+09:00,203.0,204.0,203.0,204.0,18600,0.0,0.0
2022-10-14 09:00:00+09:00,207.0,207.0,205.0,205.0,14100,0.0,0.0
2022-10-14 10:00:00+09:00,206.0,206.0,205.0,206.0,1100,0.0,0.0
2022-10-14 11:00:00+09:00,205.0,206.0,205.0,206.0,0,0.0,0.0
2022-10-14 12:00:00+09:00,207.0,207.0,206.0,206.0,38100,0.0,0.0
2022-10-14 13:00:00+09:00,206.0,206.0,206.0,206.0,3900,0.0,0.0
2022-10-14 14:00:00+09:00,206.0,207.0,206.0,207.0,1700,0.0,0.0
2022-10-17 09:00:00+09:00,207.0,207.0,205.0,205.0,12000,0.0,0.0
2022-10-17 11:00:00+09:00,206.0,206.0,206.0,206.0,0,0.0,0.0
2022-10-17 12:00:00+09:00,207.0,207.0,207.0,207.0,15700,0.0,0.0
2022-10-17 13:00:00+09:00,206.0,206.0,206.0,206.0,400,0.0,0.0
2022-10-17 14:00:00+09:00,207.0,207.0,206.0,207.0,1700,0.0,0.0
2022-10-18 09:00:00+09:00,207.0,207.0,206.0,207.0,2300,0.0,0.0
2022-10-18 10:00:00+09:00,206.0,207.0,206.0,206.0,6600,0.0,0.0
2022-10-18 11:00:00+09:00,207.0,208.0,207.0,208.0,0,0.0,0.0
2022-10-18 12:00:00+09:00,207.0,208.0,207.0,208.0,20400,0.0,0.0
2022-10-18 13:00:00+09:00,208.0,208.0,207.0,208.0,4500,0.0,0.0
2022-10-18 14:00:00+09:00,207.0,208.0,207.0,208.0,3800,0.0,0.0
2022-10-19 09:00:00+09:00,208.0,209.0,208.0,208.0,28900,0.0,0.0
2022-10-19 10:00:00+09:00,208.0,209.0,208.0,208.0,5000,0.0,0.0
2022-10-19 11:00:00+09:00,208.0,208.0,208.0,208.0,0,0.0,0.0
2022-10-19 12:00:00+09:00,209.0,209.0,208.0,208.0,39100,0.0,0.0
2022-10-19 13:00:00+09:00,208.0,209.0,208.0,208.0,2200,0.0,0.0
2022-10-19 14:00:00+09:00,208.0,209.0,208.0,208.0,5100,0.0,0.0
2022-10-20 09:00:00+09:00,208.0,208.0,208.0,208.0,4200,0.0,0.0
2022-10-20 10:00:00+09:00,207.0,208.0,207.0,207.0,1500,0.0,0.0
2022-10-20 11:00:00+09:00,207.0,208.0,207.0,208.0,0,0.0,0.0
2022-10-20 12:00:00+09:00,208.0,209.0,207.0,207.0,22700,0.0,0.0
2022-10-20 13:00:00+09:00,208.0,208.0,207.0,207.0,7500,0.0,0.0
2022-10-20 14:00:00+09:00,208.0,208.0,207.0,207.0,6200,0.0,0.0
2022-10-21 09:00:00+09:00,207.0,208.0,207.0,208.0,5400,0.0,0.0
2022-10-21 10:00:00+09:00,207.0,208.0,207.0,208.0,2000,0.0,0.0
2022-10-21 11:00:00+09:00,207.0,207.0,207.0,207.0,0,0.0,0.0
2022-10-21 12:00:00+09:00,207.0,207.0,207.0,207.0,7700,0.0,0.0
2022-10-21 13:00:00+09:00,207.0,207.0,207.0,207.0,1400,0.0,0.0
2022-10-21 14:00:00+09:00,208.0,208.0,206.0,208.0,5700,0.0,0.0
2022-10-24 09:00:00+09:00,206.0,208.0,206.0,208.0,36800,0.0,0.0
2022-10-24 10:00:00+09:00,208.0,208.0,207.0,207.0,200,0.0,0.0
2022-10-24 11:00:00+09:00,208.0,208.0,208.0,208.0,0,0.0,0.0
2022-10-24 12:00:00+09:00,206.0,206.0,206.0,206.0,43400,0.0,0.0
2022-10-24 14:00:00+09:00,206.0,207.0,206.0,207.0,3300,0.0,0.0
2022-10-25 09:00:00+09:00,208.0,208.0,207.0,207.0,8100,0.0,0.0
2022-10-25 10:00:00+09:00,208.0,208.0,207.0,207.0,500,0.0,0.0
2022-10-25 11:00:00+09:00,207.0,207.0,207.0,207.0,0,0.0,0.0
2022-10-25 12:00:00+09:00,208.0,208.0,207.0,208.0,13900,0.0,0.0
2022-10-25 13:00:00+09:00,208.0,208.0,207.0,207.0,2200,0.0,0.0
2022-10-25 14:00:00+09:00,208.0,208.0,208.0,208.0,1000,0.0,0.0
2022-10-26 09:00:00+09:00,208.0,208.0,207.0,207.0,4000,0.0,0.0
2022-10-26 10:00:00+09:00,208.0,208.0,208.0,208.0,0,0.0,0.0
2022-10-26 11:00:00+09:00,208.0,208.0,208.0,208.0,0,0.0,0.0
2022-10-26 12:00:00+09:00,208.0,208.0,207.0,208.0,10200,0.0,0.0
2022-10-26 13:00:00+09:00,208.0,208.0,208.0,208.0,13600,0.0,0.0
2022-10-26 14:00:00+09:00,208.0,209.0,208.0,209.0,3800,0.0,0.0
2022-10-27 09:00:00+09:00,209.0,209.0,208.0,209.0,6400,0.0,0.0
2022-10-27 10:00:00+09:00,208.0,209.0,208.0,209.0,1400,0.0,0.0
2022-10-27 11:00:00+09:00,209.0,209.0,209.0,209.0,0,0.0,0.0
2022-10-27 12:00:00+09:00,208.0,208.0,207.0,207.0,9200,0.0,0.0
2022-10-27 13:00:00+09:00,207.0,207.0,207.0,207.0,12200,0.0,0.0
2022-10-27 14:00:00+09:00,207.0,208.0,207.0,208.0,1800,0.0,0.0
2022-10-28 09:00:00+09:00,206.0,208.0,205.0,208.0,35300,0.0,0.0
2022-10-28 10:00:00+09:00,208.0,208.0,207.0,208.0,8300,0.0,0.0
2022-10-28 11:00:00+09:00,207.0,208.0,207.0,207.0,0,0.0,0.0
2022-10-28 12:00:00+09:00,206.0,208.0,206.0,207.0,51000,0.0,0.0
2022-10-28 13:00:00+09:00,207.0,208.0,207.0,207.0,7400,0.0,0.0
2022-10-28 14:00:00+09:00,207.0,209.0,206.0,207.0,25400,0.0,0.0
2022-10-31 09:00:00+09:00,205.0,207.0,205.0,207.0,0,0.0,0.0
2022-10-31 10:00:00+09:00,206.0,206.0,205.0,206.0,6200,0.0,0.0
2022-10-31 11:00:00+09:00,206.0,208.0,206.0,207.0,0,0.0,0.0
2022-10-31 12:00:00+09:00,208.0,209.0,208.0,209.0,50500,0.0,0.0
2022-10-31 13:00:00+09:00,209.0,209.0,208.0,209.0,2100,0.0,0.0
2022-10-31 14:00:00+09:00,209.0,210.0,208.0,210.0,18200,0.0,0.0
2022-11-01 09:00:00+09:00,210.0,210.0,209.0,210.0,12300,0.0,0.0
2022-11-01 10:00:00+09:00,209.0,210.0,209.0,210.0,3600,0.0,0.0
2022-11-01 11:00:00+09:00,210.0,210.0,210.0,210.0,0,0.0,0.0
2022-11-01 12:00:00+09:00,211.0,212.0,211.0,211.0,29200,0.0,0.0
2022-11-01 13:00:00+09:00,211.0,212.0,211.0,212.0,12800,0.0,0.0
2022-11-01 14:00:00+09:00,212.0,213.0,210.0,211.0,38300,0.0,0.0
2022-11-02 09:00:00+09:00,212.0,212.0,209.0,209.0,6000,0.0,0.0
2022-11-02 10:00:00+09:00,210.0,210.0,209.0,210.0,7500,0.0,0.0
2022-11-02 11:00:00+09:00,210.0,210.0,210.0,210.0,0,0.0,0.0
2022-11-02 12:00:00+09:00,212.0,212.0,211.0,211.0,21900,0.0,0.0
2022-11-02 13:00:00+09:00,211.0,211.0,210.0,210.0,300,0.0,0.0
2022-11-02 14:00:00+09:00,211.0,211.0,210.0,211.0,5800,0.0,0.0
2022-11-04 09:00:00+09:00,211.0,211.0,208.0,210.0,0,0.0,0.0
2022-11-04 10:00:00+09:00,209.0,211.0,209.0,211.0,16800,0.0,0.0
2022-11-04 11:00:00+09:00,212.0,213.0,212.0,213.0,0,0.0,0.0
2022-11-04 12:00:00+09:00,213.0,213.0,212.0,212.0,52700,0.0,0.0
2022-11-04 13:00:00+09:00,212.0,212.0,211.0,212.0,2400,0.0,0.0
2022-11-04 14:00:00+09:00,211.0,212.0,211.0,211.0,1900,0.0,0.0
2022-11-07 09:00:00+09:00,214.0,214.0,208.0,209.0,0,0.0,0.0
2022-11-07 10:00:00+09:00,209.0,210.0,208.0,210.0,6500,0.0,0.0
2022-11-07 11:00:00+09:00,210.0,210.0,210.0,210.0,0,0.0,0.0
2022-11-07 12:00:00+09:00,210.0,211.0,210.0,210.0,75600,0.0,0.0
2022-11-07 13:00:00+09:00,211.0,211.0,211.0,211.0,6900,0.0,0.0
2022-11-07 14:00:00+09:00,211.0,211.0,210.0,210.0,1800,0.0,0.0
2022-11-08 09:00:00+09:00,209.0,211.0,209.0,211.0,25600,0.0,0.0
2022-11-08 10:00:00+09:00,211.0,211.0,209.0,210.0,4700,0.0,0.0
2022-11-08 11:00:00+09:00,210.0,210.0,210.0,210.0,0,0.0,0.0
2022-11-08 12:00:00+09:00,210.0,211.0,210.0,211.0,46500,0.0,0.0
2022-11-08 13:00:00+09:00,210.0,211.0,210.0,211.0,600,0.0,0.0
2022-11-08 14:00:00+09:00,211.0,211.0,209.0,211.0,12900,0.0,0.0
2022-11-09 09:00:00+09:00,211.0,211.0,210.0,210.0,14400,0.0,0.0
2022-11-09 10:00:00+09:00,210.0,210.0,209.0,209.0,8400,0.0,0.0
2022-11-09 11:00:00+09:00,209.0,209.0,209.0,209.0,0,0.0,0.0
2022-11-09 12:00:00+09:00,211.0,211.0,210.0,210.0,32000,0.0,0.0
2022-11-09 13:00:00+09:00,211.0,211.0,211.0,211.0,7400,0.0,0.0
2022-11-09 14:00:00+09:00,210.0,213.0,210.0,213.0,55300,0.0,0.0
2022-11-10 09:00:00+09:00,211.0,211.0,210.0,211.0,11800,0.0,0.0
2022-11-10 10:00:00+09:00,211.0,211.0,211.0,211.0,1700,0.0,0.0
2022-11-10 11:00:00+09:00,210.0,211.0,210.0,211.0,0,0.0,0.0
2022-11-10 12:00:00+09:00,212.0,212.0,211.0,211.0,20200,0.0,0.0
2022-11-10 13:00:00+09:00,212.0,213.0,212.0,213.0,19100,0.0,0.0
2022-11-10 14:00:00+09:00,213.0,213.0,212.0,213.0,7900,0.0,0.0
2022-11-11 09:00:00+09:00,210.0,210.0,206.0,208.0,64800,0.0,0.0
2022-11-11 10:00:00+09:00,208.0,208.0,207.0,208.0,21300,0.0,0.0
2022-11-11 11:00:00+09:00,208.0,208.0,208.0,208.0,0,0.0,0.0
2022-11-11 12:00:00+09:00,207.0,211.0,206.0,208.0,118100,0.0,0.0
2022-11-11 13:00:00+09:00,208.0,209.0,208.0,208.0,8200,0.0,0.0
2022-11-11 14:00:00+09:00,208.0,209.0,207.0,208.0,13200,0.0,0.0
2022-11-14 09:00:00+09:00,207.0,207.0,203.0,203.0,57400,0.0,0.0
2022-11-14 10:00:00+09:00,204.0,205.0,203.0,204.0,10600,0.0,0.0
2022-11-14 11:00:00+09:00,205.0,205.0,204.0,205.0,0,0.0,0.0
2022-11-14 12:00:00+09:00,205.0,206.0,204.0,206.0,88900,0.0,0.0
2022-11-14 13:00:00+09:00,206.0,206.0,203.0,206.0,42800,0.0,0.0
2022-11-14 14:00:00+09:00,206.0,206.0,204.0,205.0,12400,0.0,0.0
2022-11-15 09:00:00+09:00,204.0,207.0,204.0,207.0,24900,0.0,0.0
2022-11-15 10:00:00+09:00,207.0,210.0,207.0,210.0,40100,0.0,0.0
2022-11-15 11:00:00+09:00,210.0,211.0,209.0,211.0,0,0.0,0.0
2022-11-15 12:00:00+09:00,210.0,212.0,210.0,212.0,86900,0.0,0.0
2022-11-15 13:00:00+09:00,212.0,212.0,212.0,212.0,6000,0.0,0.0
2022-11-15 14:00:00+09:00,212.0,212.0,211.0,211.0,14700,0.0,0.0
2022-11-16 09:00:00+09:00,210.0,211.0,210.0,211.0,2400,0.0,0.0
2022-11-16 10:00:00+09:00,210.0,210.0,210.0,210.0,1800,0.0,0.0
2022-11-16 11:00:00+09:00,210.0,211.0,210.0,211.0,0,0.0,0.0
2022-11-16 12:00:00+09:00,211.0,211.0,210.0,211.0,9500,0.0,0.0
2022-11-16 13:00:00+09:00,211.0,211.0,210.0,211.0,800,0.0,0.0
2022-11-16 14:00:00+09:00,211.0,212.0,211.0,212.0,7900,0.0,0.0
2022-11-17 09:00:00+09:00,212.0,213.0,211.0,213.0,13000,0.0,0.0
2022-11-17 10:00:00+09:00,212.0,213.0,212.0,213.0,800,0.0,0.0
2022-11-17 11:00:00+09:00,213.0,213.0,211.0,212.0,0,0.0,0.0
2022-11-17 12:00:00+09:00,213.0,214.0,212.0,213.0,62200,0.0,0.0
2022-11-17 13:00:00+09:00,213.0,214.0,213.0,214.0,7600,0.0,0.0
2022-11-17 14:00:00+09:00,213.0,215.0,213.0,215.0,33600,0.0,0.0
2022-11-18 09:00:00+09:00,212.0,214.0,212.0,213.0,3500,0.0,0.0
2022-11-18 10:00:00+09:00,214.0,214.0,213.0,213.0,1100,0.0,0.0
2022-11-18 11:00:00+09:00,214.0,214.0,214.0,214.0,0,0.0,0.0
2022-11-18 12:00:00+09:00,213.0,213.0,213.0,213.0,6100,0.0,0.0
2022-11-18 14:00:00+09:00,213.0,214.0,212.0,212.0,16700,0.0,0.0
2022-11-21 09:00:00+09:00,214.0,214.0,212.0,212.0,0,0.0,0.0
2022-11-21 10:00:00+09:00,212.0,212.0,211.0,212.0,3400,0.0,0.0
2022-11-21 11:00:00+09:00,212.0,212.0,212.0,212.0,0,0.0,0.0
2022-11-21 12:00:00+09:00,213.0,213.0,212.0,212.0,10100,0.0,0.0
2022-11-21 13:00:00+09:00,213.0,213.0,213.0,213.0,4600,0.0,0.0
2022-11-21 14:00:00+09:00,212.0,213.0,212.0,213.0,5600,0.0,0.0
2022-11-22 09:00:00+09:00,212.0,213.0,212.0,213.0,1300,0.0,0.0
2022-11-22 10:00:00+09:00,212.0,213.0,212.0,213.0,0,0.0,0.0
2022-11-22 11:00:00+09:00,213.0,213.0,213.0,213.0,0,0.0,0.0
2022-11-22 12:00:00+09:00,213.0,213.0,212.0,212.0,28300,0.0,0.0
2022-11-22 13:00:00+09:00,212.0,212.0,212.0,212.0,1100,0.0,0.0
2022-11-22 14:00:00+09:00,212.0,213.0,212.0,212.0,9600,0.0,0.0
2022-11-24 09:00:00+09:00,213.0,214.0,213.0,214.0,0,0.0,0.0
2022-11-24 10:00:00+09:00,213.0,213.0,213.0,213.0,12900,0.0,0.0
2022-11-24 11:00:00+09:00,214.0,214.0,213.0,213.0,0,0.0,0.0
2022-11-24 12:00:00+09:00,213.0,215.0,213.0,214.0,60500,0.0,0.0
2022-11-24 13:00:00+09:00,214.0,215.0,214.0,214.0,5100,0.0,0.0
2022-11-24 14:00:00+09:00,214.0,215.0,214.0,215.0,5400,0.0,0.0
2022-11-25 09:00:00+09:00,215.0,215.0,214.0,214.0,1100,0.0,0.0
2022-11-25 10:00:00+09:00,215.0,215.0,215.0,215.0,500,0.0,0.0
2022-11-25 11:00:00+09:00,215.0,215.0,215.0,215.0,0,0.0,0.0
2022-11-25 12:00:00+09:00,215.0,215.0,214.0,214.0,5600,0.0,0.0
2022-11-25 13:00:00+09:00,215.0,216.0,215.0,215.0,15400,0.0,0.0
2022-11-25 14:00:00+09:00,216.0,216.0,215.0,215.0,500,0.0,0.0
2022-11-28 09:00:00+09:00,216.0,216.0,215.0,215.0,9900,0.0,0.0
2022-11-28 11:00:00+09:00,215.0,215.0,214.0,214.0,0,0.0,0.0
2022-11-28 12:00:00+09:00,214.0,215.0,214.0,214.0,14400,0.0,0.0
2022-11-28 13:00:00+09:00,215.0,215.0,215.0,215.0,1300,0.0,0.0
2022-11-28 14:00:00+09:00,214.0,215.0,214.0,215.0,5100,0.0,0.0
2022-11-29 09:00:00+09:00,215.0,215.0,215.0,215.0,1100,0.0,0.0
2022-11-29 10:00:00+09:00,215.0,216.0,215.0,215.0,6600,0.0,0.0
2022-11-29 11:00:00+09:00,215.0,215.0,215.0,215.0,0,0.0,0.0
2022-11-29 12:00:00+09:00,216.0,216.0,215.0,216.0,19100,0.0,0.0
2022-11-29 13:00:00+09:00,215.0,215.0,215.0,215.0,2600,0.0,0.0
2022-11-29 14:00:00+09:00,216.0,216.0,215.0,215.0,1500,0.0,0.0
2022-11-30 09:00:00+09:00,214.0,214.0,214.0,214.0,8200,0.0,0.0
2022-11-30 10:00:00+09:00,214.0,214.0,213.0,213.0,4200,0.0,0.0
2022-11-30 11:00:00+09:00,214.0,215.0,214.0,214.0,0,0.0,0.0
2022-11-30 12:00:00+09:00,214.0,215.0,214.0,215.0,16100,0.0,0.0
2022-11-30 13:00:00+09:00,215.0,215.0,214.0,214.0,300,0.0,0.0
2022-11-30 14:00:00+09:00,215.0,215.0,214.0,215.0,5500,0.0,0.0
2022-12-01 09:00:00+09:00,215.0,215.0,213.0,214.0,11400,0.0,0.0
2022-12-01 10:00:00+09:00,214.0,215.0,214.0,214.0,4200,0.0,0.0
2022-12-01 11:00:00+09:00,214.0,215.0,214.0,215.0,0,0.0,0.0
2022-12-01 12:00:00+09:00,215.0,215.0,214.0,214.0,18400,0.0,0.0
2022-12-01 13:00:00+09:00,213.0,213.0,212.0,213.0,9700,0.0,0.0
2022-12-01 14:00:00+09:00,214.0,214.0,212.0,214.0,13000,0.0,0.0
2022-12-02 09:00:00+09:00,212.0,212.0,210.0,211.0,15200,0.0,0.0
2022-12-02 10:00:00+09:00,211.0,211.0,210.0,210.0,10600,0.0,0.0
2022-12-02 11:00:00+09:00,210.0,210.0,209.0,209.0,0,0.0,0.0
2022-12-02 12:00:00+09:00,210.0,211.0,210.0,211.0,31900,0.0,0.0
2022-12-02 13:00:00+09:00,211.0,214.0,211.0,213.0,11600,0.0,0.0
2022-12-02 14:00:00+09:00,213.0,213.0,213.0,213.0,5600,0.0,0.0
2022-12-05 09:00:00+09:00,210.0,212.0,210.0,212.0,15700,0.0,0.0
2022-12-05 10:00:00+09:00,212.0,212.0,211.0,212.0,5500,0.0,0.0
2022-12-05 11:00:00+09:00,212.0,213.0,212.0,213.0,0,0.0,0.0
2022-12-05 12:00:00+09:00,212.0,214.0,212.0,214.0,34100,0.0,0.0
2022-12-05 13:00:00+09:00,214.0,214.0,213.0,214.0,11000,0.0,0.0
2022-12-05 14:00:00+09:00,214.0,214.0,213.0,214.0,9800,0.0,0.0
2022-12-06 09:00:00+09:00,213.0,213.0,213.0,213.0,4700,0.0,0.0
2022-12-06 10:00:00+09:00,212.0,212.0,212.0,212.0,100,0.0,0.0
2022-12-06 11:00:00+09:00,212.0,212.0,212.0,212.0,0,0.0,0.0
2022-12-06 12:00:00+09:00,214.0,214.0,212.0,212.0,9900,0.0,0.0
2022-12-06 13:00:00+09:00,212.0,212.0,211.0,211.0,4800,0.0,0.0
2022-12-06 14:00:00+09:00,212.0,212.0,211.0,211.0,2400,0.0,0.0
2022-12-07 09:00:00+09:00,211.0,211.0,210.0,210.0,4200,0.0,0.0
2022-12-07 10:00:00+09:00,211.0,211.0,211.0,211.0,0,0.0,0.0
2022-12-07 11:00:00+09:00,211.0,211.0,211.0,211.0,0,0.0,0.0
2022-12-07 12:00:00+09:00,214.0,214.0,213.0,213.0,14900,0.0,0.0
2022-12-07 13:00:00+09:00,213.0,213.0,213.0,213.0,2100,0.0,0.0
2022-12-07 14:00:00+09:00,213.0,214.0,212.0,214.0,12200,0.0,0.0
2022-12-08 09:00:00+09:00,213.0,213.0,211.0,211.0,7300,0.0,0.0
2022-12-08 10:00:00+09:00,211.0,211.0,211.0,211.0,800,0.0,0.0
2022-12-08 11:00:00+09:00,212.0,212.0,211.0,211.0,0,0.0,0.0
2022-12-08 12:00:00+09:00,213.0,213.0,212.0,212.0,12200,0.0,0.0
2022-12-08 13:00:00+09:00,212.0,212.0,211.0,212.0,4800,0.0,0.0
2022-12-08 14:00:00+09:00,211.0,211.0,211.0,211.0,5000,0.0,0.0
2022-12-09 09:00:00+09:00,213.0,213.0,212.0,212.0,16500,0.0,0.0
2022-12-09 10:00:00+09:00,212.0,212.0,212.0,212.0,100,0.0,0.0
2022-12-09 11:00:00+09:00,212.0,212.0,212.0,212.0,0,0.0,0.0
2022-12-09 12:00:00+09:00,212.0,212.0,212.0,212.0,17300,0.0,0.0
2022-12-09 13:00:00+09:00,213.0,213.0,212.0,212.0,27100,0.0,0.0
2022-12-09 14:00:00+09:00,213.0,214.0,212.0,214.0,8400,0.0,0.0
2022-12-12 09:00:00+09:00,212.0,214.0,212.0,212.0,0,0.0,0.0
2022-12-12 10:00:00+09:00,212.0,213.0,212.0,213.0,3900,0.0,0.0
2022-12-12 11:00:00+09:00,213.0,213.0,213.0,213.0,0,0.0,0.0
2022-12-12 12:00:00+09:00,212.0,213.0,212.0,212.0,14800,0.0,0.0
2022-12-12 13:00:00+09:00,213.0,213.0,213.0,213.0,100,0.0,0.0
2022-12-12 14:00:00+09:00,212.0,213.0,212.0,213.0,200,0.0,0.0
2022-12-13 09:00:00+09:00,214.0,214.0,213.0,213.0,3100,0.0,0.0
2022-12-13 10:00:00+09:00,213.0,213.0,213.0,213.0,2300,0.0,0.0
2022-12-13 11:00:00+09:00,213.0,213.0,213.0,213.0,0,0.0,0.0
2022-12-13 12:00:00+09:00,213.0,213.0,213.0,213.0,8300,0.0,0.0
2022-12-13 13:00:00+09:00,214.0,214.0,214.0,214.0,1300,0.0,0.0
2022-12-13 14:00:00+09:00,213.0,214.0,213.0,214.0,3900,0.0,0.0
2022-12-14 09:00:00+09:00,213.0,213.0,212.0,212.0,7500,0.0,0.0
2022-12-14 10:00:00+09:00,212.0,212.0,212.0,212.0,100,0.0,0.0
2022-12-14 11:00:00+09:00,212.0,212.0,212.0,212.0,0,0.0,0.0
2022-12-14 12:00:00+09:00,212.0,213.0,212.0,213.0,11100,0.0,0.0
2022-12-14 14:00:00+09:00,212.0,213.0,212.0,212.0,2300,0.0,0.0
2022-12-15 09:00:00+09:00,211.0,212.0,211.0,212.0,10200,0.0,0.0
2022-12-15 10:00:00+09:00,212.0,212.0,212.0,212.0,2100,0.0,0.0
2022-12-15 11:00:00+09:00,212.0,212.0,212.0,212.0,0,0.0,0.0
2022-12-15 12:00:00+09:00,213.0,213.0,212.0,213.0,17700,0.0,0.0
2022-12-15 13:00:00+09:00,212.0,213.0,212.0,213.0,1700,0.0,0.0
2022-12-15 14:00:00+09:00,213.0,214.0,213.0,213.0,10500,0.0,0.0
2022-12-16 09:00:00+09:00,212.0,212.0,212.0,212.0,2500,0.0,0.0
2022-12-16 10:00:00+09:00,213.0,213.0,213.0,213.0,100,0.0,0.0
2022-12-16 11:00:00+09:00,213.0,213.0,213.0,213.0,0,0.0,0.0
2022-12-16 12:00:00+09:00,214.0,214.0,213.0,213.0,33200,0.0,0.0
2022-12-16 13:00:00+09:00,213.0,213.0,213.0,213.0,200,0.0,0.0
2022-12-16 14:00:00+09:00,212.0,212.0,210.0,210.0,16800,0.0,0.0
2022-12-19 09:00:00+09:00,213.0,213.0,210.0,210.0,6100,0.0,0.0
2022-12-19 11:00:00+09:00,210.0,210.0,210.0,210.0,0,0.0,0.0
2022-12-19 12:00:00+09:00,210.0,210.0,209.0,209.0,11500,0.0,0.0
2022-12-19 13:00:00+09:00,209.0,210.0,209.0,209.0,2300,0.0,0.0
2022-12-19 14:00:00+09:00,210.0,210.0,209.0,210.0,3900,0.0,0.0
2022-12-20 09:00:00+09:00,209.0,209.0,207.0,207.0,6900,0.0,0.0
2022-12-20 10:00:00+09:00,208.0,209.0,208.0,209.0,700,0.0,0.0
2022-12-20 11:00:00+09:00,209.0,209.0,209.0,209.0,0,0.0,0.0
2022-12-20 12:00:00+09:00,207.0,207.0,205.0,205.0,23300,0.0,0.0
2022-12-20 13:00:00+09:00,205.0,207.0,205.0,207.0,8100,0.0,0.0
2022-12-20 14:00:00+09:00,206.0,207.0,205.0,207.0,4900,0.0,0.0
2022-12-21 09:00:00+09:00,206.0,207.0,206.0,207.0,8900,0.0,0.0
2022-12-21 10:00:00+09:00,207.0,210.0,207.0,210.0,8700,0.0,0.0
2022-12-21 11:00:00+09:00,210.0,210.0,209.0,209.0,0,0.0,0.0
2022-12-21 12:00:00+09:00,210.0,212.0,210.0,211.0,48000,0.0,0.0
2022-12-21 13:00:00+09:00,211.0,214.0,211.0,213.0,0,0.0,0.0
2022-12-21 14:00:00+09:00,213.0,214.0,212.0,214.0,85200,0.0,0.0
2022-12-22 09:00:00+09:00,212.0,213.0,212.0,212.0,7000,0.0,0.0
2022-12-22 10:00:00+09:00,211.0,211.0,210.0,210.0,2000,0.0,0.0
2022-12-22 11:00:00+09:00,210.0,212.0,210.0,211.0,0,0.0,0.0
2022-12-22 12:00:00+09:00,212.0,212.0,211.0,211.0,13900,0.0,0.0
2022-12-22 13:00:00+09:00,211.0,212.0,211.0,211.0,4100,0.0,0.0
2022-12-22 14:00:00+09:00,211.0,212.0,211.0,212.0,800,0.0,0.0
2022-12-23 09:00:00+09:00,210.0,210.0,208.0,209.0,13400,0.0,0.0
2022-12-23 10:00:00+09:00,209.0,209.0,207.0,209.0,13300,0.0,0.0
2022-12-23 11:00:00+09:00,209.0,209.0,208.0,209.0,0,0.0,0.0
2022-12-23 12:00:00+09:00,208.0,209.0,208.0,209.0,28900,0.0,0.0
2022-12-23 13:00:00+09:00,208.0,209.0,208.0,208.0,500,0.0,0.0
2022-12-23 14:00:00+09:00,209.0,209.0,208.0,209.0,8100,0.0,0.0
2022-12-26 09:00:00+09:00,210.0,210.0,206.0,210.0,0,0.0,0.0
2022-12-26 10:00:00+09:00,209.0,209.0,209.0,209.0,100,0.0,0.0
2022-12-26 11:00:00+09:00,209.0,209.0,209.0,209.0,0,0.0,0.0
2022-12-26 12:00:00+09:00,209.0,209.0,208.0,208.0,27400,0.0,0.0
2022-12-26 14:00:00+09:00,208.0,209.0,208.0,209.0,1400,0.0,0.0
2022-12-27 09:00:00+09:00,209.0,209.0,208.0,209.0,2400,0.0,0.0
2022-12-27 10:00:00+09:00,210.0,210.0,210.0,210.0,500,0.0,0.0
2022-12-27 11:00:00+09:00,209.0,209.0,209.0,209.0,0,0.0,0.0
2022-12-27 12:00:00+09:00,209.0,210.0,209.0,210.0,4000,0.0,0.0
2022-12-27 13:00:00+09:00,209.0,209.0,209.0,209.0,3400,0.0,0.0
2022-12-27 14:00:00+09:00,209.0,210.0,209.0,210.0,900,0.0,0.0
2022-12-28 09:00:00+09:00,209.0,209.0,208.0,209.0,5400,0.0,0.0
2022-12-28 10:00:00+09:00,208.0,208.0,208.0,208.0,0,0.0,0.0
2022-12-28 11:00:00+09:00,209.0,209.0,208.0,208.0,0,0.0,0.0
2022-12-28 12:00:00+09:00,212.0,212.0,209.0,209.0,33300,0.0,0.0
2022-12-28 13:00:00+09:00,209.0,211.0,209.0,210.0,14400,0.0,0.0
2022-12-28 14:00:00+09:00,211.0,211.0,209.0,210.0,10300,0.0,0.0
2022-12-29 09:00:00+09:00,209.0,209.0,208.0,209.0,2800,0.0,0.0
2022-12-29 10:00:00+09:00,208.0,209.0,208.0,209.0,500,0.0,0.0
2022-12-29 11:00:00+09:00,209.0,209.0,209.0,209.0,0,0.0,0.0
2022-12-29 12:00:00+09:00,211.0,211.0,209.0,209.0,8900,0.0,0.0
2022-12-29 13:00:00+09:00,210.0,210.0,209.0,209.0,1100,0.0,0.0
2022-12-29 14:00:00+09:00,209.0,210.0,209.0,209.0,1000,0.0,0.0
2022-12-30 09:00:00+09:00,211.0,211.0,210.0,211.0,7200,0.0,0.0
2022-12-30 10:00:00+09:00,210.0,210.0,209.0,209.0,500,0.0,0.0
2022-12-30 11:00:00+09:00,210.0,210.0,210.0,210.0,0,0.0,0.0
2022-12-30 12:00:00+09:00,211.0,211.0,211.0,211.0,8300,0.0,0.0
2022-12-30 13:00:00+09:00,210.0,210.0,210.0,210.0,1300,0.0,0.0
2022-12-30 14:00:00+09:00,210.0,210.0,209.0,209.0,2000,0.0,0.0
2023-01-04 09:00:00+09:00,212.0,212.0,210.0,210.0,15100,0.0,0.0
2023-01-04 10:00:00+09:00,210.0,210.0,210.0,210.0,300,0.0,0.0
2023-01-04 11:00:00+09:00,210.0,210.0,210.0,210.0,0,0.0,0.0
2023-01-04 12:00:00+09:00,210.0,211.0,210.0,211.0,17000,0.0,0.0
2023-01-04 13:00:00+09:00,211.0,211.0,210.0,210.0,1400,0.0,0.0
2023-01-04 14:00:00+09:00,211.0,211.0,209.0,209.0,4500,0.0,0.0
2023-01-05 09:00:00+09:00,210.0,211.0,210.0,211.0,2400,0.0,0.0
2023-01-05 10:00:00+09:00,211.0,211.0,210.0,210.0,3800,0.0,0.0
2023-01-05 11:00:00+09:00,210.0,210.0,210.0,210.0,0,0.0,0.0
2023-01-05 12:00:00+09:00,210.0,211.0,210.0,211.0,7100,0.0,0.0
2023-01-05 13:00:00+09:00,211.0,211.0,210.0,210.0,600,0.0,0.0
2023-01-05 14:00:00+09:00,210.0,210.0,210.0,210.0,700,0.0,0.0
2023-01-06 09:00:00+09:00,211.0,211.0,210.0,211.0,8500,0.0,0.0
2023-01-06 10:00:00+09:00,211.0,212.0,211.0,211.0,3000,0.0,0.0
2023-01-06 11:00:00+09:00,212.0,212.0,210.0,210.0,0,0.0,0.0
2023-01-06 12:00:00+09:00,211.0,212.0,211.0,211.0,14000,0.0,0.0
2023-01-06 13:00:00+09:00,212.0,212.0,211.0,211.0,7600,0.0,0.0
2023-01-06 14:00:00+09:00,211.0,212.0,210.0,210.0,5700,0.0,0.0
2023-01-10 09:00:00+09:00,210.0,212.0,210.0,211.0,8400,0.0,0.0
2023-01-10 10:00:00+09:00,212.0,212.0,211.0,211.0,2400,0.0,0.0
2023-01-10 11:00:00+09:00,211.0,211.0,211.0,211.0,0,0.0,0.0
2023-01-10 12:00:00+09:00,211.0,211.0,211.0,211.0,0,0.0,0.0
2023-01-10 13:00:00+09:00,211.0,211.0,211.0,211.0,13600,0.0,0.0
2023-01-10 14:00:00+09:00,211.0,212.0,211.0,212.0,3100,0.0,0.0
2023-01-11 09:00:00+09:00,212.0,212.0,211.0,211.0,0,0.0,0.0
2023-01-11 10:00:00+09:00,211.0,212.0,211.0,212.0,3700,0.0,0.0
2023-01-11 11:00:00+09:00,212.0,212.0,211.0,211.0,0,0.0,0.0
2023-01-11 12:00:00+09:00,212.0,214.0,211.0,214.0,18500,0.0,0.0
2023-01-11 13:00:00+09:00,214.0,214.0,212.0,213.0,6900,0.0,0.0
2023-01-11 14:00:00+09:00,212.0,212.0,211.0,211.0,5800,0.0,0.0
2023-01-12 09:00:00+09:00,212.0,212.0,207.0,210.0,0,0.0,0.0
2023-01-12 10:00:00+09:00,209.0,209.0,207.0,207.0,46200,0.0,0.0
2023-01-12 11:00:00+09:00,207.0,208.0,207.0,207.0,0,0.0,0.0
2023-01-12 12:00:00+09:00,207.0,208.0,206.0,207.0,58100,0.0,0.0
2023-01-12 13:00:00+09:00,206.0,207.0,206.0,207.0,8400,0.0,0.0
2023-01-12 14:00:00+09:00,207.0,207.0,205.0,205.0,8400,0.0,0.0
2023-01-13 09:00:00+09:00,205.0,206.0,205.0,205.0,4600,0.0,0.0
2023-01-13 10:00:00+09:00,206.0,207.0,203.0,205.0,31100,0.0,0.0
2023-01-13 11:00:00+09:00,205.0,205.0,204.0,204.0,0,0.0,0.0
2023-01-13 12:00:00+09:00,204.0,205.0,204.0,204.0,48500,0.0,0.0
2023-01-13 13:00:00+09:00,204.0,205.0,204.0,204.0,2900,0.0,0.0
2023-01-13 14:00:00+09:00,204.0,205.0,204.0,204.0,1900,0.0,0.0
2023-01-16 09:00:00+09:00,204.0,204.0,203.0,203.0,6900,0.0,0.0
2023-01-16 10:00:00+09:00,203.0,205.0,203.0,205.0,2800,0.0,0.0
2023-01-16 11:00:00+09:00,205.0,205.0,204.0,204.0,0,0.0,0.0
2023-01-16 12:00:00+09:00,204.0,205.0,204.0,204.0,11900,0.0,0.0
2023-01-16 13:00:00+09:00,204.0,205.0,204.0,204.0,400,0.0,0.0
2023-01-16 14:00:00+09:00,204.0,204.0,204.0,204.0,1700,0.0,0.0
2023-01-17 09:00:00+09:00,203.0,204.0,203.0,204.0,7300,0.0,0.0
2023-01-17 10:00:00+09:00,204.0,205.0,204.0,204.0,0,0.0,0.0
2023-01-17 11:00:00+09:00,204.0,205.0,204.0,204.0,0,0.0,0.0
2023-01-17 12:00:00+09:00,205.0,206.0,205.0,205.0,19400,0.0,0.0
2023-01-17 13:00:00+09:00,205.0,206.0,205.0,205.0,2300,0.0,0.0
2023-01-17 14:00:00+09:00,204.0,205.0,204.0,205.0,1900,0.0,0.0
2023-01-18 09:00:00+09:00,205.0,205.0,205.0,205.0,1100,0.0,0.0
2023-01-18 10:00:00+09:00,205.0,206.0,205.0,206.0,700,0.0,0.0
2023-01-18 11:00:00+09:00,206.0,206.0,206.0,206.0,0,0.0,0.0
2023-01-18 12:00:00+09:00,208.0,210.0,208.0,209.0,11000,0.0,0.0
2023-01-18 13:00:00+09:00,208.0,209.0,206.0,207.0,12200,0.0,0.0
2023-01-18 14:00:00+09:00,207.0,207.0,206.0,206.0,4100,0.0,0.0
2023-01-19 09:00:00+09:00,203.0,203.0,201.0,201.0,41000,0.0,0.0
2023-01-19 10:00:00+09:00,202.0,202.0,202.0,202.0,800,0.0,0.0
2023-01-19 11:00:00+09:00,201.0,201.0,201.0,201.0,0,0.0,0.0
2023-01-19 12:00:00+09:00,202.0,202.0,201.0,201.0,57200,0.0,0.0
2023-01-19 13:00:00+09:00,201.0,202.0,199.0,202.0,41100,0.0,0.0
2023-01-19 14:00:00+09:00,202.0,202.0,201.0,201.0,6800,0.0,0.0
2023-01-20 09:00:00+09:00,201.0,202.0,201.0,201.0,8500,0.0,0.0
2023-01-20 10:00:00+09:00,201.0,202.0,200.0,201.0,10900,0.0,0.0
2023-01-20 11:00:00+09:00,202.0,202.0,201.0,201.0,0,0.0,0.0
2023-01-20 12:00:00+09:00,201.0,202.0,201.0,202.0,23500,0.0,0.0
2023-01-20 13:00:00+09:00,202.0,202.0,202.0,202.0,200,0.0,0.0
2023-01-20 14:00:00+09:00,202.0,202.0,201.0,201.0,3500,0.0,0.0
2023-01-23 09:00:00+09:00,203.0,203.0,201.0,203.0,12800,0.0,0.0
2023-01-23 10:00:00+09:00,203.0,203.0,202.0,202.0,5500,0.0,0.0
2023-01-23 11:00:00+09:00,202.0,203.0,202.0,203.0,0,0.0,0.0
2023-01-23 12:00:00+09:00,203.0,203.0,202.0,203.0,24800,0.0,0.0
2023-01-23 13:00:00+09:00,203.0,203.0,203.0,203.0,1800,0.0,0.0
2023-01-23 14:00:00+09:00,203.0,203.0,202.0,203.0,6500,0.0,0.0
2023-01-24 09:00:00+09:00,203.0,205.0,203.0,204.0,16500,0.0,0.0
2023-01-24 10:00:00+09:00,204.0,204.0,204.0,204.0,3100,0.0,0.0
2023-01-24 11:00:00+09:00,204.0,204.0,204.0,204.0,0,0.0,0.0
2023-01-24 12:00:00+09:00,204.0,204.0,203.0,204.0,22100,0.0,0.0
2023-01-24 13:00:00+09:00,204.0,204.0,203.0,204.0,1500,0.0,0.0
2023-01-24 14:00:00+09:00,204.0,204.0,203.0,204.0,8400,0.0,0.0
2023-01-25 09:00:00+09:00,203.0,205.0,203.0,205.0,4000,0.0,0.0
2023-01-25 10:00:00+09:00,205.0,205.0,204.0,205.0,4100,0.0,0.0
2023-01-25 11:00:00+09:00,205.0,206.0,205.0,206.0,0,0.0,0.0
2023-01-25 12:00:00+09:00,208.0,209.0,207.0,208.0,30700,0.0,0.0
2023-01-25 13:00:00+09:00,208.0,208.0,207.0,208.0,3400,0.0,0.0
2023-01-25 14:00:00+09:00,208.0,209.0,206.0,206.0,12500,0.0,0.0
2023-01-26 09:00:00+09:00,208.0,208.0,206.0,206.0,4900,0.0,0.0
2023-01-26 10:00:00+09:00,207.0,207.0,205.0,205.0,4600,0.0,0.0
2023-01-26 11:00:00+09:00,205.0,205.0,205.0,205.0,0,0.0,0.0
2023-01-26 12:00:00+09:00,206.0,206.0,205.0,206.0,12100,0.0,0.0
2023-01-26 13:00:00+09:00,206.0,206.0,205.0,206.0,1600,0.0,0.0
2023-01-26 14:00:00+09:00,206.0,207.0,205.0,207.0,4800,0.0,0.0
2023-01-27 09:00:00+09:00,206.0,208.0,206.0,207.0,4700,0.0,0.0
2023-01-27 10:00:00+09:00,207.0,209.0,207.0,208.0,7800,0.0,0.0
2023-01-27 11:00:00+09:00,208.0,208.0,208.0,208.0,0,0.0,0.0
2023-01-27 12:00:00+09:00,208.0,208.0,208.0,208.0,17100,0.0,0.0
2023-01-27 13:00:00+09:00,207.0,208.0,207.0,208.0,10500,0.0,0.0
2023-01-27 14:00:00+09:00,208.0,208.0,207.0,208.0,3900,0.0,0.0
2023-01-30 09:00:00+09:00,208.0,209.0,208.0,209.0,9600,0.0,0.0
2023-01-30 10:00:00+09:00,209.0,209.0,209.0,209.0,500,0.0,0.0
2023-01-30 11:00:00+09:00,209.0,209.0,209.0,209.0,0,0.0,0.0
2023-01-30 12:00:00+09:00,208.0,209.0,208.0,208.0,13000,0.0,0.0
2023-01-30 13:00:00+09:00,208.0,208.0,205.0,205.0,9500,0.0,0.0
2023-01-30 14:00:00+09:00,205.0,206.0,204.0,205.0,19100,0.0,0.0
2023-01-31 09:00:00+09:00,204.0,205.0,204.0,205.0,2300,0.0,0.0
2023-01-31 10:00:00+09:00,205.0,205.0,203.0,204.0,6900,0.0,0.0
2023-01-31 11:00:00+09:00,205.0,205.0,205.0,205.0,0,0.0,0.0
2023-01-31 12:00:00+09:00,204.0,205.0,204.0,204.0,10300,0.0,0.0
2023-01-31 13:00:00+09:00,204.0,205.0,204.0,204.0,1000,0.0,0.0
2023-01-31 14:00:00+09:00,205.0,205.0,203.0,204.0,4200,0.0,0.0
2023-02-01 09:00:00+09:00,205.0,207.0,205.0,207.0,12600,0.0,0.0
2023-02-01 10:00:00+09:00,206.0,207.0,206.0,207.0,1900,0.0,0.0
2023-02-01 11:00:00+09:00,207.0,207.0,207.0,207.0,0,0.0,0.0
2023-02-01 12:00:00+09:00,207.0,207.0,206.0,207.0,16400,0.0,0.0
2023-02-01 13:00:00+09:00,207.0,207.0,207.0,207.0,300,0.0,0.0
2023-02-01 14:00:00+09:00,207.0,207.0,206.0,207.0,2400,0.0,0.0
2023-02-02 09:00:00+09:00,207.0,207.0,206.0,206.0,9000,0.0,0.0
2023-02-02 10:00:00+09:00,205.0,206.0,205.0,206.0,3700,0.0,0.0
2023-02-02 11:00:00+09:00,206.0,207.0,206.0,207.0,0,0.0,0.0
2023-02-02 12:00:00+09:00,209.0,209.0,207.0,207.0,32600,0.0,0.0
2023-02-02 13:00:00+09:00,207.0,208.0,207.0,207.0,2400,0.0,0.0
2023-02-02 14:00:00+09:00,207.0,207.0,206.0,206.0,5900,0.0,0.0
2023-02-03 09:00:00+09:00,205.0,205.0,205.0,205.0,4400,0.0,0.0
2023-02-03 10:00:00+09:00,205.0,205.0,205.0,205.0,1200,0.0,0.0
2023-02-03 11:00:00+09:00,205.0,206.0,205.0,206.0,0,0.0,0.0
2023-02-03 12:00:00+09:00,206.0,206.0,206.0,206.0,8000,0.0,0.0
2023-02-03 13:00:00+09:00,206.0,206.0,206.0,206.0,700,0.0,0.0
2023-02-03 14:00:00+09:00,205.0,205.0,205.0,205.0,200,0.0,0.0
2023-02-06 09:00:00+09:00,207.0,207.0,202.0,204.0,22000,0.0,0.0
2023-02-06 10:00:00+09:00,204.0,204.0,204.0,204.0,300,0.0,0.0
2023-02-06 11:00:00+09:00,204.0,204.0,203.0,203.0,0,0.0,0.0
2023-02-06 12:00:00+09:00,204.0,204.0,204.0,204.0,23100,0.0,0.0
2023-02-06 13:00:00+09:00,203.0,204.0,203.0,204.0,1400,0.0,0.0
2023-02-06 14:00:00+09:00,203.0,204.0,202.0,203.0,9200,0.0,0.0
2023-02-07 09:00:00+09:00,204.0,204.0,202.0,202.0,7800,0.0,0.0
2023-02-07 10:00:00+09:00,203.0,203.0,203.0,203.0,500,0.0,0.0
2023-02-07 11:00:00+09:00,203.0,203.0,203.0,203.0,0,0.0,0.0
2023-02-07 12:00:00+09:00,203.0,204.0,203.0,204.0,24300,0.0,0.0
2023-02-07 13:00:00+09:00,204.0,205.0,204.0,205.0,400,0.0,0.0
2023-02-07 14:00:00+09:00,205.0,205.0,203.0,203.0,12300,0.0,0.0
2023-02-08 09:00:00+09:00,205.0,205.0,200.0,201.0,33000,0.0,0.0
2023-02-08 10:00:00+09:00,202.0,202.0,200.0,200.0,11500,0.0,0.0
2023-02-08 11:00:00+09:00,201.0,201.0,201.0,201.0,0,0.0,0.0
2023-02-08 12:00:00+09:00,201.0,202.0,201.0,202.0,56400,0.0,0.0
2023-02-08 13:00:00+09:00,203.0,203.0,203.0,203.0,200,0.0,0.0
2023-02-08 14:00:00+09:00,203.0,203.0,202.0,203.0,9000,0.0,0.0
2023-02-09 09:00:00+09:00,201.0,201.0,201.0,201.0,1100,0.0,0.0
2023-02-09 10:00:00+09:00,201.0,201.0,201.0,201.0,100,0.0,0.0
2023-02-09 11:00:00+09:00,202.0,202.0,202.0,202.0,0,0.0,0.0
2023-02-09 12:00:00+09:00,202.0,202.0,201.0,202.0,5300,0.0,0.0
2023-02-09 13:00:00+09:00,202.0,202.0,201.0,201.0,400,0.0,0.0
2023-02-09 14:00:00+09:00,201.0,204.0,201.0,204.0,17900,0.0,0.0
2023-02-10 09:00:00+09:00,203.0,204.0,203.0,204.0,5800,0.0,0.0
2023-02-10 10:00:00+09:00,204.0,204.0,203.0,204.0,5500,0.0,0.0
2023-02-10 11:00:00+09:00,204.0,204.0,203.0,203.0,0,0.0,0.0
2023-02-10 12:00:00+09:00,202.0,202.0,202.0,202.0,17700,0.0,0.0
2023-02-10 13:00:00+09:00,202.0,202.0,202.0,202.0,300,0.0,0.0
2023-02-10 14:00:00+09:00,202.0,203.0,201.0,203.0,11200,0.0,0.0
2023-02-13 09:00:00+09:00,201.0,201.0,200.0,200.0,15300,0.0,0.0
2023-02-13 10:00:00+09:00,200.0,200.0,199.0,200.0,13400,0.0,0.0
2023-02-13 11:00:00+09:00,199.0,200.0,198.0,200.0,0,0.0,0.0
2023-02-13 12:00:00+09:00,200.0,200.0,199.0,200.0,51300,0.0,0.0
2023-02-13 13:00:00+09:00,200.0,200.0,200.0,200.0,5300,0.0,0.0
2023-02-13 14:00:00+09:00,201.0,201.0,200.0,201.0,4200,0.0,0.0
2023-02-14 09:00:00+09:00,202.0,202.0,201.0,201.0,6500,0.0,0.0
2023-02-14 10:00:00+09:00,201.0,201.0,201.0,201.0,600,0.0,0.0
2023-02-14 11:00:00+09:00,201.0,201.0,201.0,201.0,0,0.0,0.0
2023-02-14 12:00:00+09:00,201.0,202.0,201.0,201.0,9200,0.0,0.0
2023-02-14 13:00:00+09:00,201.0,202.0,201.0,202.0,5300,0.0,0.0
2023-02-14 14:00:00+09:00,202.0,202.0,202.0,202.0,700,0.0,0.0
2023-02-15 09:00:00+09:00,201.0,201.0,200.0,201.0,10000,0.0,0.0
2023-02-15 10:00:00+09:00,201.0,201.0,200.0,200.0,600,0.0,0.0
2023-02-15 11:00:00+09:00,200.0,200.0,200.0,200.0,0,0.0,0.0
2023-02-15 12:00:00+09:00,200.0,200.0,200.0,200.0,20100,0.0,0.0
2023-02-15 13:00:00+09:00,201.0,201.0,201.0,201.0,1100,0.0,0.0
2023-02-15 14:00:00+09:00,201.0,201.0,201.0,201.0,700,0.0,0.0
2023-02-16 09:00:00+09:00,201.0,201.0,200.0,201.0,1300,0.0,0.0
2023-02-16 10:00:00+09:00,200.0,200.0,200.0,200.0,1000,0.0,0.0
2023-02-16 11:00:00+09:00,200.0,200.0,200.0,200.0,0,0.0,0.0
2023-02-16 12:00:00+09:00,201.0,201.0,200.0,200.0,6800,0.0,0.0
2023-02-16 13:00:00+09:00,200.0,200.0,200.0,200.0,100,0.0,0.0
2023-02-16 14:00:00+09:00,200.0,200.0,200.0,200.0,100,0.0,0.0
2023-02-17 09:00:00+09:00,200.0,201.0,199.0,200.0,8600,0.0,0.0
2023-02-17 10:00:00+09:00,200.0,200.0,200.0,200.0,300,0.0,0.0
2023-02-17 11:00:00+09:00,200.0,200.0,200.0,200.0,0,0.0,0.0
2023-02-17 12:00:00+09:00,205.0,205.0,202.0,202.0,28000,0.0,0.0
2023-02-17 13:00:00+09:00,202.0,202.0,201.0,202.0,1800,0.0,0.0
2023-02-17 14:00:00+09:00,201.0,201.0,200.0,201.0,7400,0.0,0.0
2023-02-20 09:00:00+09:00,202.0,202.0,200.0,200.0,9600,0.0,0.0
2023-02-20 11:00:00+09:00,200.0,200.0,200.0,200.0,0,0.0,0.0
2023-02-20 12:00:00+09:00,200.0,200.0,200.0,200.0,13300,0.0,0.0
2023-02-20 13:00:00+09:00,200.0,201.0,200.0,200.0,2700,0.0,0.0
2023-02-20 14:00:00+09:00,201.0,201.0,200.0,201.0,1600,0.0,0.0
2023-02-21 09:00:00+09:00,202.0,202.0,200.0,201.0,0,0.0,0.0
2023-02-21 10:00:00+09:00,201.0,201.0,201.0,201.0,7400,0.0,0.0
2023-02-21 11:00:00+09:00,201.0,201.0,201.0,201.0,0,0.0,0.0
2023-02-21 12:00:00+09:00,201.0,201.0,201.0,201.0,12600,0.0,0.0
2023-02-21 13:00:00+09:00,200.0,201.0,200.0,201.0,0,0.0,0.0
2023-02-21 14:00:00+09:00,201.0,202.0,200.0,200.0,17400,0.0,0.0
2023-02-22 09:00:00+09:00,200.0,200.0,200.0,200.0,2300,0.0,0.0
2023-02-22 10:00:00+09:00,200.0,200.0,199.0,199.0,22200,0.0,0.0
2023-02-22 11:00:00+09:00,199.0,199.0,199.0,199.0,0,0.0,0.0
2023-02-22 12:00:00+09:00,201.0,201.0,200.0,200.0,28600,0.0,0.0
2023-02-22 13:00:00+09:00,200.0,200.0,200.0,200.0,900,0.0,0.0
2023-02-22 14:00:00+09:00,201.0,201.0,200.0,200.0,2100,0.0,0.0
2023-02-24 09:00:00+09:00,200.0,201.0,200.0,200.0,0,0.0,0.0
2023-02-24 10:00:00+09:00,200.0,200.0,200.0,200.0,6000,0.0,0.0
2023-02-24 11:00:00+09:00,200.0,201.0,200.0,201.0,0,0.0,0.0
2023-02-24 12:00:00+09:00,201.0,201.0,200.0,200.0,8500,0.0,0.0
2023-02-24 13:00:00+09:00,200.0,201.0,200.0,200.0,400,0.0,0.0
2023-02-24 14:00:00+09:00,200.0,201.0,200.0,200.0,1200,0.0,0.0
2023-02-27 09:00:00+09:00,200.0,201.0,200.0,200.0,0,0.0,0.0
2023-02-27 10:00:00+09:00,201.0,201.0,201.0,201.0,13900,0.0,0.0
2023-02-27 11:00:00+09:00,200.0,200.0,200.0,200.0,0,0.0,0.0
2023-02-27 12:00:00+09:00,201.0,201.0,201.0,201.0,26100,0.0,0.0
2023-02-27 13:00:00+09:00,200.0,200.0,200.0,200.0,400,0.0,0.0
2023-02-27 14:00:00+09:00,200.0,202.0,200.0,202.0,7200,0.0,0.0
2023-02-28 09:00:00+09:00,201.0,202.0,201.0,201.0,0,0.0,0.0
2023-02-28 10:00:00+09:00,201.0,202.0,201.0,201.0,4200,0.0,0.0
2023-02-28 11:00:00+09:00,201.0,201.0,201.0,201.0,0,0.0,0.0
2023-02-28 12:00:00+09:00,205.0,205.0,202.0,203.0,33700,0.0,0.0
2023-02-28 13:00:00+09:00,203.0,203.0,202.0,202.0,1000,0.0,0.0
2023-02-28 14:00:00+09:00,202.0,203.0,201.0,202.0,9400,0.0,0.0
2023-03-01 09:00:00+09:00,203.0,203.0,203.0,203.0,3300,0.0,0.0
2023-03-01 10:00:00+09:00,203.0,203.0,202.0,203.0,1200,0.0,0.0
2023-03-01 11:00:00+09:00,202.0,202.0,202.0,202.0,0,0.0,0.0
2023-03-01 12:00:00+09:00,205.0,205.0,203.0,203.0,11600,0.0,0.0
2023-03-01 13:00:00+09:00,204.0,204.0,203.0,203.0,500,0.0,0.0
2023-03-01 14:00:00+09:00,203.0,204.0,203.0,204.0,1700,0.0,0.0
2023-03-02 09:00:00+09:00,204.0,204.0,203.0,204.0,1800,0.0,0.0
2023-03-02 10:00:00+09:00,203.0,203.0,203.0,203.0,300,0.0,0.0
2023-03-02 11:00:00+09:00,204.0,204.0,204.0,204.0,0,0.0,0.0
2023-03-02 12:00:00+09:00,204.0,204.0,203.0,203.0,9600,0.0,0.0
2023-03-02 13:00:00+09:00,203.0,203.0,203.0,203.0,100,0.0,0.0
2023-03-02 14:00:00+09:00,203.0,203.0,202.0,202.0,700,0.0,0.0
2023-03-03 09:00:00+09:00,203.0,204.0,203.0,204.0,4800,0.0,0.0
2023-03-03 10:00:00+09:00,202.0,203.0,202.0,203.0,1500,0.0,0.0
2023-03-03 11:00:00+09:00,202.0,203.0,202.0,203.0,0,0.0,0.0
2023-03-03 12:00:00+09:00,203.0,203.0,203.0,203.0,6900,0.0,0.0
2023-03-03 14:00:00+09:00,203.0,204.0,203.0,204.0,2300,0.0,0.0
2023-03-06 09:00:00+09:00,204.0,204.0,202.0,203.0,4400,0.0,0.0
2023-03-06 10:00:00+09:00,203.0,205.0,203.0,204.0,11600,0.0,0.0
2023-03-06 11:00:00+09:00,204.0,204.0,204.0,204.0,0,0.0,0.0
2023-03-06 12:00:00+09:00,204.0,205.0,203.0,204.0,0,0.0,0.0
2023-03-06 13:00:00+09:00,204.0,205.0,203.0,204.0,28800,0.0,0.0
2023-03-06 14:00:00+09:00,204.0,204.0,204.0,204.0,1000,0.0,0.0
2023-03-07 09:00:00+09:00,204.0,206.0,204.0,206.0,0,0.0,0.0
2023-03-07 10:00:00+09:00,205.0,206.0,205.0,206.0,13300,0.0,0.0
2023-03-07 11:00:00+09:00,206.0,207.0,205.0,207.0,0,0.0,0.0
2023-03-07 12:00:00+09:00,205.0,206.0,205.0,206.0,22500,0.0,0.0
2023-03-07 13:00:00+09:00,207.0,207.0,207.0,207.0,5300,0.0,0.0
2023-03-07 14:00:00+09:00,207.0,208.0,207.0,208.0,9800,0.0,0.0
2023-03-08 09:00:00+09:00,208.0,209.0,208.0,209.0,5000,0.0,0.0
2023-03-08 10:00:00+09:00,208.0,209.0,208.0,208.0,800,0.0,0.0
2023-03-08 11:00:00+09:00,208.0,208.0,207.0,207.0,0,0.0,0.0
2023-03-08 12:00:00+09:00,208.0,209.0,208.0,208.0,14200,0.0,0.0
2023-03-08 13:00:00+09:00,208.0,209.0,208.0,208.0,2900,0.0,0.0
2023-03-08 14:00:00+09:00,209.0,210.0,208.0,210.0,10100,0.0,0.0
2023-03-09 09:00:00+09:00,208.0,209.0,208.0,208.0,6200,0.0,0.0
2023-03-09 10:00:00+09:00,208.0,208.0,207.0,208.0,4500,0.0,0.0
2023-03-09 11:00:00+09:00,208.0,209.0,208.0,209.0,0,0.0,0.0
2023-03-09 12:00:00+09:00,209.0,210.0,208.0,208.0,18600,0.0,0.0
2023-03-09 13:00:00+09:00,208.0,208.0,208.0,208.0,100,0.0,0.0
2023-03-09 14:00:00+09:00,209.0,210.0,209.0,210.0,3900,0.0,0.0
2023-03-10 09:00:00+09:00,209.0,209.0,208.0,208.0,0,0.0,0.0
2023-03-10 10:00:00+09:00,208.0,209.0,208.0,209.0,1100,0.0,0.0
2023-03-10 11:00:00+09:00,208.0,208.0,208.0,208.0,0,0.0,0.0
2023-03-10 12:00:00+09:00,209.0,209.0,209.0,209.0,19000,0.0,0.0
2023-03-10 13:00:00+09:00,209.0,209.0,209.0,209.0,4100,0.0,0.0
2023-03-10 14:00:00+09:00,208.0,208.0,208.0,208.0,200,0.0,0.0
2023-03-13 09:00:00+09:00,205.0,205.0,204.0,205.0,0,0.0,0.0
2023-03-13 10:00:00+09:00,204.0,204.0,204.0,204.0,1500,0.0,0.0
2023-03-13 11:00:00+09:00,204.0,205.0,203.0,203.0,0,0.0,0.0
2023-03-13 12:00:00+09:00,203.0,203.0,203.0,203.0,11500,0.0,0.0
2023-03-13 13:00:00+09:00,204.0,204.0,203.0,203.0,7400,0.0,0.0
2023-03-13 14:00:00+09:00,203.0,204.0,203.0,204.0,1100,0.0,0.0
2023-03-14 09:00:00+09:00,203.0,204.0,202.0,202.0,2600,0.0,0.0
2023-03-14 10:00:00+09:00,202.0,202.0,201.0,201.0,5300,0.0,0.0
2023-03-14 11:00:00+09:00,201.0,201.0,201.0,201.0,0,0.0,0.0
2023-03-14 12:00:00+09:00,201.0,202.0,201.0,202.0,17700,0.0,0.0
2023-03-14 13:00:00+09:00,203.0,203.0,202.0,202.0,1900,0.0,0.0
2023-03-14 14:00:00+09:00,202.0,202.0,201.0,201.0,8900,0.0,0.0
2023-03-15 09:00:00+09:00,201.0,203.0,201.0,202.0,2800,0.0,0.0
2023-03-15 10:00:00+09:00,203.0,203.0,203.0,203.0,2200,0.0,0.0
2023-03-15 11:00:00+09:00,202.0,202.0,202.0,202.0,0,0.0,0.0
2023-03-15 12:00:00+09:00,202.0,202.0,202.0,202.0,0,0.0,0.0
2023-03-15 13:00:00+09:00,203.0,203.0,203.0,203.0,12800,0.0,0.0
2023-03-15 14:00:00+09:00,204.0,204.0,203.0,203.0,7000,0.0,0.0
2023-03-16 09:00:00+09:00,204.0,204.0,201.0,201.0,9900,0.0,0.0
2023-03-16 10:00:00+09:00,201.0,202.0,201.0,202.0,1000,0.0,0.0
2023-03-16 11:00:00+09:00,202.0,202.0,202.0,202.0,0,0.0,0.0
2023-03-16 12:00:00+09:00,202.0,203.0,202.0,202.0,13100,0.0,0.0
2023-03-16 13:00:00+09:00,202.0,202.0,202.0,202.0,700,0.0,0.0
2023-03-16 14:00:00+09:00,202.0,202.0,202.0,202.0,200,0.0,0.0
2023-03-17 09:00:00+09:00,204.0,204.0,201.0,201.0,24200,0.0,0.0
2023-03-17 10:00:00+09:00,202.0,202.0,201.0,201.0,700,0.0,0.0
2023-03-17 11:00:00+09:00,201.0,201.0,201.0,201.0,0,0.0,0.0
2023-03-17 12:00:00+09:00,201.0,202.0,201.0,201.0,35900,0.0,0.0
2023-03-17 13:00:00+09:00,202.0,202.0,201.0,202.0,0,0.0,0.0
2023-03-17 14:00:00+09:00,202.0,203.0,202.0,203.0,42000,0.0,0.0
2023-03-20 09:00:00+09:00,202.0,202.0,202.0,202.0,1200,0.0,0.0
2023-03-20 10:00:00+09:00,202.0,202.0,202.0,202.0,400,0.0,0.0
2023-03-20 11:00:00+09:00,202.0,202.0,202.0,202.0,0,0.0,0.0
2023-03-20 12:00:00+09:00,202.0,202.0,202.0,202.0,6500,0.0,0.0
2023-03-20 14:00:00+09:00,202.0,202.0,201.0,201.0,16400,0.0,0.0
2023-03-22 09:00:00+09:00,202.0,202.0,201.0,202.0,0,0.0,0.0
2023-03-22 10:00:00+09:00,202.0,202.0,201.0,201.0,3600,0.0,0.0
2023-03-22 11:00:00+09:00,201.0,203.0,201.0,203.0,0,0.0,0.0
2023-03-22 12:00:00+09:00,202.0,203.0,202.0,202.0,11400,0.0,0.0
2023-03-22 13:00:00+09:00,202.0,202.0,202.0,202.0,0,0.0,0.0
2023-03-22 14:00:00+09:00,202.0,203.0,201.0,202.0,15000,0.0,0.0
2023-03-23 09:00:00+09:00,203.0,203.0,202.0,202.0,3100,0.0,0.0
2023-03-23 10:00:00+09:00,202.0,203.0,202.0,203.0,300,0.0,0.0
2023-03-23 11:00:00+09:00,203.0,203.0,203.0,203.0,0,0.0,0.0
2023-03-23 12:00:00+09:00,204.0,204.0,203.0,203.0,5200,0.0,0.0
2023-03-23 13:00:00+09:00,203.0,203.0,203.0,203.0,7200,0.0,0.0
2023-03-23 14:00:00+09:00,204.0,205.0,204.0,205.0,4200,0.0,0.0
2023-03-24 09:00:00+09:00,204.0,204.0,204.0,204.0,1500,0.0,0.0
2023-03-24 10:00:00+09:00,204.0,204.0,203.0,204.0,1300,0.0,0.0
2023-03-24 11:00:00+09:00,204.0,204.0,204.0,204.0,0,0.0,0.0
2023-03-24 12:00:00+09:00,205.0,206.0,204.0,205.0,9600,0.0,0.0
2023-03-24 13:00:00+09:00,205.0,206.0,204.0,205.0,5900,0.0,0.0
2023-03-24 14:00:00+09:00,205.0,206.0,204.0,206.0,8100,0.0,0.0
2023-03-27 09:00:00+09:00,206.0,206.0,205.0,206.0,2400,0.0,0.0
2023-03-27 10:00:00+09:00,205.0,206.0,205.0,205.0,3000,0.0,0.0
2023-03-27 11:00:00+09:00,205.0,205.0,205.0,205.0,0,0.0,0.0
2023-03-27 12:00:00+09:00,205.0,205.0,204.0,204.0,0,0.0,0.0
2023-03-27 14:00:00+09:00,205.0,205.0,204.0,204.0,7400,0.0,0.0
2023-03-28 09:00:00+09:00,206.0,206.0,204.0,204.0,6900,0.0,0.0
2023-03-28 10:00:00+09:00,204.0,205.0,204.0,205.0,1600,0.0,0.0
2023-03-28 11:00:00+09:00,204.0,204.0,204.0,204.0,0,0.0,0.0
2023-03-28 12:00:00+09:00,205.0,205.0,205.0,205.0,14400,0.0,0.0
2023-03-28 13:00:00+09:00,204.0,204.0,204.0,204.0,4000,0.0,0.0
2023-03-28 14:00:00+09:00,204.0,204.0,203.0,203.0,6000,0.0,0.0
2023-03-29 09:00:00+09:00,205.0,205.0,204.0,205.0,4500,0.0,0.0
2023-03-29 10:00:00+09:00,204.0,205.0,204.0,204.0,4500,0.0,0.0
2023-03-29 11:00:00+09:00,204.0,204.0,204.0,204.0,0,0.0,0.0
2023-03-29 12:00:00+09:00,204.0,204.0,204.0,204.0,24300,0.0,0.0
2023-03-29 13:00:00+09:00,204.0,204.0,203.0,204.0,1200,0.0,0.0
2023-03-29 14:00:00+09:00,203.0,205.0,203.0,205.0,6000,0.0,0.0
2023-03-30 09:00:00+09:00,204.0,204.0,202.0,202.0,9900,0.0,0.0
2023-03-30 10:00:00+09:00,202.0,203.0,202.0,203.0,1300,0.0,0.0
2023-03-30 11:00:00+09:00,202.0,202.0,202.0,202.0,0,0.0,0.0
2023-03-30 12:00:00+09:00,202.0,203.0,202.0,202.0,12100,0.0,0.0
2023-03-30 13:00:00+09:00,202.0,204.0,202.0,203.0,1800,0.0,0.0
2023-03-30 14:00:00+09:00,203.0,205.0,203.0,205.0,2300,0.0,0.0
2023-03-31 09:00:00+09:00,204.0,205.0,204.0,204.0,2000,0.0,0.0
2023-03-31 10:00:00+09:00,204.0,205.0,203.0,205.0,7000,0.0,0.0
2023-03-31 11:00:00+09:00,205.0,206.0,204.0,206.0,0,0.0,0.0
2023-03-31 12:00:00+09:00,207.0,212.0,206.0,209.0,47000,0.0,0.0
2023-03-31 13:00:00+09:00,208.0,210.0,208.0,210.0,0,0.0,0.0
2023-03-31 14:00:00+09:00,209.0,210.0,209.0,210.0,59100,0.0,0.0
2023-04-03 09:00:00+09:00,210.0,210.0,209.0,209.0,4300,0.0,0.0
2023-04-03 10:00:00+09:00,209.0,209.0,208.0,209.0,1200,0.0,0.0
2023-04-03 11:00:00+09:00,209.0,209.0,208.0,208.0,0,0.0,0.0
2023-04-03 12:00:00+09:00,208.0,209.0,208.0,208.0,7400,0.0,0.0
2023-04-03 13:00:00+09:00,209.0,209.0,207.0,207.0,2700,0.0,0.0
2023-04-03 14:00:00+09:00,209.0,209.0,208.0,209.0,1800,0.0,0.0
2023-04-04 09:00:00+09:00,207.0,207.0,206.0,206.0,2600,0.0,0.0
2023-04-04 10:00:00+09:00,205.0,206.0,205.0,206.0,4600,0.0,0.0
2023-04-04 11:00:00+09:00,205.0,205.0,205.0,205.0,0,0.0,0.0
2023-04-04 12:00:00+09:00,205.0,206.0,205.0,206.0,8600,0.0,0.0
2023-04-04 13:00:00+09:00,205.0,206.0,205.0,206.0,700,0.0,0.0
2023-04-04 14:00:00+09:00,205.0,206.0,205.0,205.0,2300,0.0,0.0
2023-04-05 09:00:00+09:00,207.0,207.0,206.0,206.0,1400,0.0,0.0
2023-04-05 10:00:00+09:00,205.0,206.0,205.0,206.0,1200,0.0,0.0
2023-04-05 11:00:00+09:00,206.0,206.0,205.0,205.0,0,0.0,0.0
2023-04-05 12:00:00+09:00,205.0,208.0,205.0,208.0,9300,0.0,0.0
2023-04-05 13:00:00+09:00,208.0,208.0,207.0,207.0,400,0.0,0.0
2023-04-05 14:00:00+09:00,207.0,209.0,207.0,209.0,9900,0.0,0.0
2023-04-06 09:00:00+09:00,206.0,207.0,206.0,207.0,3300,0.0,0.0
2023-04-06 10:00:00+09:00,207.0,207.0,207.0,207.0,800,0.0,0.0
2023-04-06 11:00:00+09:00,208.0,208.0,207.0,208.0,0,0.0,0.0
2023-04-06 12:00:00+09:00,209.0,211.0,207.0,211.0,51300,0.0,0.0
2023-04-06 13:00:00+09:00,210.0,210.0,209.0,209.0,20300,0.0,0.0
2023-04-06 14:00:00+09:00,210.0,210.0,207.0,207.0,6100,0.0,0.0
2023-04-07 09:00:00+09:00,206.0,207.0,206.0,206.0,2500,0.0,0.0
2023-04-07 10:00:00+09:00,206.0,207.0,206.0,206.0,1400,0.0,0.0
2023-04-07 11:00:00+09:00,206.0,207.0,206.0,207.0,0,0.0,0.0
2023-04-07 12:00:00+09:00,207.0,208.0,206.0,208.0,11200,0.0,0.0
2023-04-07 13:00:00+09:00,208.0,208.0,207.0,208.0,1000,0.0,0.0
2023-04-07 14:00:00+09:00,207.0,208.0,207.0,207.0,2700,0.0,0.0
2023-04-10 09:00:00+09:00,207.0,209.0,207.0,208.0,0,0.0,0.0
2023-04-10 10:00:00+09:00,207.0,208.0,206.0,207.0,5900,0.0,0.0
2023-04-10 11:00:00+09:00,207.0,207.0,206.0,207.0,0,0.0,0.0
2023-04-10 12:00:00+09:00,206.0,207.0,206.0,207.0,15400,0.0,0.0
2023-04-10 13:00:00+09:00,207.0,207.0,205.0,206.0,8600,0.0,0.0
2023-04-10 14:00:00+09:00,206.0,208.0,205.0,207.0,12600,0.0,0.0
2023-04-11 09:00:00+09:00,206.0,207.0,205.0,206.0,4600,0.0,0.0
2023-04-11 10:00:00+09:00,206.0,206.0,206.0,206.0,700,0.0,0.0
2023-04-11 11:00:00+09:00,206.0,206.0,206.0,206.0,0,0.0,0.0
2023-04-11 12:00:00+09:00,206.0,207.0,205.0,207.0,13500,0.0,0.0
2023-04-11 13:00:00+09:00,207.0,207.0,206.0,207.0,1800,0.0,0.0
2023-04-11 14:00:00+09:00,207.0,207.0,206.0,207.0,6200,0.0,0.0
2023-04-12 09:00:00+09:00,208.0,208.0,207.0,207.0,0,0.0,0.0
2023-04-12 10:00:00+09:00,207.0,207.0,205.0,207.0,21300,0.0,0.0
2023-04-12 11:00:00+09:00,208.0,208.0,208.0,208.0,0,0.0,0.0
2023-04-12 12:00:00+09:00,208.0,208.0,206.0,207.0,28200,0.0,0.0
2023-04-12 13:00:00+09:00,208.0,208.0,207.0,208.0,3900,0.0,0.0
2023-04-12 14:00:00+09:00,207.0,209.0,207.0,209.0,2900,0.0,0.0
2023-04-13 09:00:00+09:00,209.0,209.0,207.0,207.0,2300,0.0,0.0
2023-04-13 10:00:00+09:00,208.0,208.0,207.0,207.0,2200,0.0,0.0
2023-04-13 11:00:00+09:00,208.0,208.0,207.0,208.0,0,0.0,0.0
2023-04-13 12:00:00+09:00,208.0,208.0,207.0,208.0,8100,0.0,0.0
2023-04-13 13:00:00+09:00,208.0,209.0,206.0,209.0,10300,0.0,0.0
2023-04-13 14:00:00+09:00,209.0,209.0,208.0,209.0,5100,0.0,0.0
2023-04-14 09:00:00+09:00,209.0,214.0,207.0,213.0,57600,0.0,0.0
2023-04-14 10:00:00+09:00,213.0,216.0,213.0,214.0,17900,0.0,0.0
2023-04-14 11:00:00+09:00,214.0,216.0,214.0,215.0,0,0.0,0.0
2023-04-14 12:00:00+09:00,215.0,217.0,215.0,216.0,102700,0.0,0.0
2023-04-14 13:00:00+09:00,216.0,216.0,215.0,215.0,7700,0.0,0.0
2023-04-14 14:00:00+09:00,215.0,217.0,215.0,217.0,14800,0.0,0.0
2023-04-17 09:00:00+09:00,217.0,218.0,216.0,217.0,39100,0.0,0.0
2023-04-17 10:00:00+09:00,218.0,218.0,217.0,217.0,4800,0.0,0.0
2023-04-17 11:00:00+09:00,218.0,218.0,217.0,217.0,0,0.0,0.0
2023-04-17 12:00:00+09:00,216.0,218.0,216.0,218.0,60800,0.0,0.0
2023-04-17 13:00:00+09:00,217.0,217.0,216.0,216.0,6600,0.0,0.0
2023-04-17 14:00:00+09:00,217.0,217.0,216.0,217.0,6900,0.0,0.0
2023-04-18 09:00:00+09:00,218.0,218.0,216.0,217.0,23100,0.0,0.0
2023-04-18 10:00:00+09:00,217.0,218.0,217.0,218.0,2100,0.0,0.0
2023-04-18 11:00:00+09:00,217.0,218.0,217.0,218.0,0,0.0,0.0
2023-04-18 12:00:00+09:00,218.0,220.0,218.0,220.0,70900,0.0,0.0
2023-04-18 13:00:00+09:00,220.0,223.0,219.0,222.0,44300,0.0,0.0
2023-04-18 14:00:00+09:00,222.0,225.0,221.0,225.0,28600,0.0,0.0
2023-04-19 09:00:00+09:00,226.0,226.0,219.0,219.0,64800,0.0,0.0
2023-04-19 10:00:00+09:00,220.0,220.0,219.0,219.0,10100,0.0,0.0
2023-04-19 11:00:00+09:00,219.0,220.0,219.0,219.0,0,0.0,0.0
2023-04-19 12:00:00+09:00,223.0,223.0,220.0,221.0,95500,0.0,0.0
2023-04-19 13:00:00+09:00,221.0,225.0,220.0,225.0,13600,0.0,0.0
2023-04-19 14:00:00+09:00,225.0,230.0,225.0,230.0,57800,0.0,0.0
2023-04-20 09:00:00+09:00,230.0,232.0,223.0,224.0,74800,0.0,0.0
2023-04-20 10:00:00+09:00,224.0,227.0,224.0,227.0,6300,0.0,0.0
2023-04-20 11:00:00+09:00,226.0,227.0,225.0,227.0,0,0.0,0.0
2023-04-20 12:00:00+09:00,226.0,228.0,225.0,227.0,90300,0.0,0.0
2023-04-20 13:00:00+09:00,227.0,227.0,226.0,227.0,12300,0.0,0.0
2023-04-20 14:00:00+09:00,227.0,227.0,225.0,227.0,27100,0.0,0.0
2023-04-21 09:00:00+09:00,225.0,226.0,217.0,221.0,25100,0.0,0.0
2023-04-21 10:00:00+09:00,221.0,222.0,221.0,222.0,3400,0.0,0.0
2023-04-21 11:00:00+09:00,223.0,224.0,221.0,224.0,0,0.0,0.0
2023-04-21 12:00:00+09:00,224.0,224.0,221.0,223.0,38200,0.0,0.0
2023-04-21 13:00:00+09:00,223.0,223.0,222.0,223.0,2200,0.0,0.0
2023-04-21 14:00:00+09:00,223.0,223.0,220.0,220.0,19500,0.0,0.0
2023-04-24 09:00:00+09:00,221.0,223.0,220.0,220.0,35600,0.0,0.0
2023-04-24 10:00:00+09:00,220.0,222.0,220.0,221.0,7000,0.0,0.0
2023-04-24 11:00:00+09:00,221.0,222.0,221.0,222.0,0,0.0,0.0
2023-04-24 12:00:00+09:00,222.0,223.0,221.0,222.0,54600,0.0,0.0
2023-04-24 13:00:00+09:00,222.0,222.0,221.0,221.0,3600,0.0,0.0
2023-04-24 14:00:00+09:00,221.0,222.0,220.0,222.0,4300,0.0,0.0
2023-04-25 09:00:00+09:00,223.0,223.0,220.0,221.0,23100,0.0,0.0
2023-04-25 10:00:00+09:00,222.0,223.0,221.0,223.0,5700,0.0,0.0
2023-04-25 11:00:00+09:00,223.0,223.0,222.0,223.0,0,0.0,0.0
2023-04-25 12:00:00+09:00,220.0,224.0,220.0,223.0,50800,0.0,0.0
2023-04-25 13:00:00+09:00,223.0,224.0,223.0,223.0,3300,0.0,0.0
2023-04-25 14:00:00+09:00,222.0,224.0,222.0,223.0,12500,0.0,0.0
2023-04-26 09:00:00+09:00,223.0,224.0,221.0,221.0,15300,0.0,0.0
2023-04-26 10:00:00+09:00,221.0,221.0,220.0,220.0,2800,0.0,0.0
2023-04-26 11:00:00+09:00,220.0,220.0,219.0,219.0,0,0.0,0.0
2023-04-26 12:00:00+09:00,219.0,222.0,219.0,222.0,29800,0.0,0.0
2023-04-26 13:00:00+09:00,221.0,222.0,221.0,221.0,3100,0.0,0.0
2023-04-26 14:00:00+09:00,221.0,222.0,220.0,222.0,4700,0.0,0.0
2023-04-27 09:00:00+09:00,221.0,223.0,219.0,221.0,24200,0.0,0.0
2023-04-27 10:00:00+09:00,222.0,225.0,222.0,225.0,14800,0.0,0.0
2023-04-27 11:00:00+09:00,224.0,225.0,223.0,224.0,0,0.0,0.0
2023-04-27 12:00:00+09:00,224.0,225.0,224.0,225.0,47700,0.0,0.0
2023-04-27 13:00:00+09:00,225.0,225.0,224.0,225.0,2100,0.0,0.0
2023-04-27 14:00:00+09:00,224.0,228.0,224.0,226.0,36300,0.0,0.0
2023-04-28 09:00:00+09:00,225.0,228.0,222.0,223.0,27000,0.0,0.0
2023-04-28 10:00:00+09:00,223.0,224.0,222.0,223.0,3600,0.0,0.0
2023-04-28 11:00:00+09:00,223.0,224.0,223.0,224.0,0,0.0,0.0
2023-04-28 12:00:00+09:00,224.0,229.0,224.0,227.0,60500,0.0,0.0
2023-04-28 13:00:00+09:00,226.0,227.0,224.0,226.0,24000,0.0,0.0
2023-04-28 14:00:00+09:00,226.0,227.0,225.0,227.0,2700,0.0,0.0
2023-05-01 09:00:00+09:00,227.0,227.0,224.0,224.0,16700,0.0,0.0
2023-05-01 10:00:00+09:00,224.0,226.0,224.0,226.0,8300,0.0,0.0
2023-05-01 11:00:00+09:00,226.0,226.0,226.0,226.0,0,0.0,0.0
2023-05-01 12:00:00+09:00,226.0,228.0,226.0,228.0,27800,0.0,0.0
2023-05-01 13:00:00+09:00,228.0,228.0,226.0,226.0,4600,0.0,0.0
2023-05-01 14:00:00+09:00,226.0,227.0,226.0,227.0,1800,0.0,0.0
2023-05-02 09:00:00+09:00,227.0,227.0,222.0,222.0,10900,0.0,0.0
2023-05-02 10:00:00+09:00,222.0,224.0,222.0,222.0,4200,0.0,0.0
2023-05-02 11:00:00+09:00,223.0,223.0,221.0,221.0,0,0.0,0.0
2023-05-02 12:00:00+09:00,221.0,222.0,221.0,222.0,23000,0.0,0.0
2023-05-02 13:00:00+09:00,222.0,225.0,222.0,225.0,5400,0.0,0.0
2023-05-02 14:00:00+09:00,225.0,225.0,223.0,223.0,6100,0.0,0.0
2023-05-08 09:00:00+09:00,226.0,226.0,224.0,226.0,8600,0.0,0.0
2023-05-08 10:00:00+09:00,226.0,227.0,224.0,227.0,5200,0.0,0.0
2023-05-08 11:00:00+09:00,227.0,228.0,226.0,227.0,0,0.0,0.0
2023-05-08 12:00:00+09:00,227.0,228.0,227.0,227.0,21300,0.0,0.0
2023-05-08 13:00:00+09:00,228.0,229.0,228.0,229.0,10900,0.0,0.0
2023-05-08 14:00:00+09:00,228.0,230.0,228.0,230.0,30700,0.0,0.0
2023-05-09 09:00:00+09:00,225.0,225.0,222.0,223.0,22700,0.0,0.0
2023-05-09 10:00:00+09:00,224.0,224.0,223.0,223.0,2400,0.0,0.0
2023-05-09 11:00:00+09:00,224.0,224.0,224.0,224.0,0,0.0,0.0
2023-05-09 12:00:00+09:00,226.0,230.0,226.0,230.0,61300,0.0,0.0
2023-05-09 13:00:00+09:00,230.0,231.0,230.0,231.0,12100,0.0,0.0
2023-05-09 14:00:00+09:00,230.0,231.0,230.0,230.0,3600,0.0,0.0
2023-05-10 09:00:00+09:00,229.0,229.0,226.0,227.0,13600,0.0,0.0
2023-05-10 10:00:00+09:00,226.0,227.0,226.0,227.0,2500,0.0,0.0
2023-05-10 11:00:00+09:00,226.0,226.0,226.0,226.0,0,0.0,0.0
2023-05-10 12:00:00+09:00,226.0,226.0,225.0,226.0,23000,0.0,0.0
2023-05-10 13:00:00+09:00,225.0,226.0,225.0,226.0,3600,0.0,0.0
2023-05-10 14:00:00+09:00,226.0,227.0,226.0,227.0,1200,0.0,0.0
2023-05-11 09:00:00+09:00,226.0,227.0,224.0,224.0,10900,0.0,0.0
2023-05-11 10:00:00+09:00,224.0,224.0,223.0,224.0,3800,0.0,0.0
2023-05-11 11:00:00+09:00,224.0,225.0,224.0,224.0,0,0.0,0.0
2023-05-11 12:00:00+09:00,224.0,224.0,224.0,224.0,15400,0.0,0.0
2023-05-11 13:00:00+09:00,225.0,226.0,225.0,225.0,10100,0.0,0.0
2023-05-11 14:00:00+09:00,224.0,225.0,224.0,225.0,2900,0.0,0.0
2023-05-12 09:00:00+09:00,222.0,222.0,220.0,220.0,11800,0.0,0.0
2023-05-12 10:00:00+09:00,220.0,221.0,220.0,221.0,400,0.0,0.0
2023-05-12 11:00:00+09:00,220.0,221.0,218.0,221.0,0,0.0,0.0
2023-05-12 12:00:00+09:00,222.0,222.0,220.0,220.0,52500,0.0,0.0
2023-05-12 13:00:00+09:00,220.0,220.0,219.0,219.0,2200,0.0,0.0
2023-05-12 14:00:00+09:00,219.0,220.0,218.0,220.0,5500,0.0,0.0
2023-05-15 09:00:00+09:00,224.0,224.0,222.0,223.0,15800,0.0,0.0
2023-05-15 10:00:00+09:00,223.0,223.0,221.0,221.0,7800,0.0,0.0
2023-05-15 11:00:00+09:00,222.0,222.0,222.0,222.0,0,0.0,0.0
2023-05-15 12:00:00+09:00,221.0,221.0,221.0,221.0,24300,0.0,0.0
2023-05-15 14:00:00+09:00,221.0,222.0,219.0,221.0,4200,0.0,0.0
2023-05-16 09:00:00+09:00,221.0,221.0,218.0,218.0,6000,0.0,0.0
2023-05-16 10:00:00+09:00,218.0,218.0,216.0,217.0,9300,0.0,0.0
2023-05-16 11:00:00+09:00,217.0,217.0,217.0,217.0,0,0.0,0.0
2023-05-16 12:00:00+09:00,217.0,217.0,215.0,215.0,26600,0.0,0.0
2023-05-16 13:00:00+09:00,215.0,215.0,212.0,212.0,19300,0.0,0.0
2023-05-16 14:00:00+09:00,213.0,213.0,211.0,211.0,20900,0.0,0.0
2023-05-17 09:00:00+09:00,210.0,212.0,207.0,208.0,18600,0.0,0.0
2023-05-17 10:00:00+09:00,209.0,212.0,209.0,212.0,7500,0.0,0.0
2023-05-17 11:00:00+09:00,213.0,213.0,213.0,213.0,0,0.0,0.0
2023-05-17 12:00:00+09:00,212.0,215.0,211.0,212.0,36200,0.0,0.0
2023-05-17 13:00:00+09:00,212.0,212.0,211.0,211.0,800,0.0,0.0
2023-05-17 14:00:00+09:00,212.0,213.0,210.0,212.0,9700,0.0,0.0
2023-05-18 09:00:00+09:00,211.0,212.0,211.0,211.0,4400,0.0,0.0
2023-05-18 10:00:00+09:00,210.0,210.0,209.0,209.0,2200,0.0,0.0
2023-05-18 11:00:00+09:00,210.0,210.0,209.0,209.0,0,0.0,0.0
2023-05-18 12:00:00+09:00,209.0,210.0,209.0,209.0,8600,0.0,0.0
2023-05-18 13:00:00+09:00,209.0,209.0,209.0,209.0,1200,0.0,0.0
2023-05-18 14:00:00+09:00,209.0,210.0,209.0,209.0,1400,0.0,0.0
2023-05-19 09:00:00+09:00,208.0,208.0,205.0,206.0,19900,0.0,0.0
2023-05-19 10:00:00+09:00,206.0,207.0,206.0,207.0,6100,0.0,0.0
2023-05-19 11:00:00+09:00,206.0,207.0,206.0,207.0,0,0.0,0.0
2023-05-19 12:00:00+09:00,211.0,211.0,206.0,206.0,39300,0.0,0.0
2023-05-19 13:00:00+09:00,205.0,206.0,204.0,205.0,10200,0.0,0.0
2023-05-19 14:00:00+09:00,204.0,205.0,202.0,203.0,15500,0.0,0.0
2023-05-22 09:00:00+09:00,205.0,207.0,203.0,207.0,23000,0.0,0.0
2023-05-22 10:00:00+09:00,208.0,211.0,208.0,211.0,9700,0.0,0.0
2023-05-22 11:00:00+09:00,210.0,211.0,209.0,211.0,0,0.0,0.0
2023-05-22 12:00:00+09:00,208.0,210.0,208.0,209.0,40600,0.0,0.0
2023-05-22 13:00:00+09:00,210.0,210.0,209.0,209.0,2200,0.0,0.0
2023-05-22 14:00:00+09:00,209.0,211.0,208.0,211.0,16600,0.0,0.0
2023-05-23 09:00:00+09:00,209.0,209.0,208.0,208.0,2600,0.0,0.0
2023-05-23 10:00:00+09:00,208.0,208.0,206.0,206.0,4900,0.0,0.0
2023-05-23 11:00:00+09:00,206.0,208.0,206.0,206.0,0,0.0,0.0
2023-05-23 12:00:00+09:00,205.0,206.0,204.0,206.0,27300,0.0,0.0
2023-05-23 13:00:00+09:00,206.0,208.0,205.0,208.0,7200,0.0,0.0
2023-05-23 14:00:00+09:00,207.0,208.0,206.0,208.0,10600,0.0,0.0
2023-05-24 09:00:00+09:00,209.0,209.0,207.0,207.0,3100,0.0,0.0
2023-05-24 10:00:00+09:00,208.0,209.0,208.0,209.0,1100,0.0,0.0
2023-05-24 11:00:00+09:00,208.0,208.0,208.0,208.0,0,0.0,0.0
2023-05-24 12:00:00+09:00,207.0,209.0,207.0,207.0,9100,0.0,0.0
2023-05-24 13:00:00+09:00,208.0,209.0,208.0,208.0,1400,0.0,0.0
2023-05-24 14:00:00+09:00,208.0,209.0,207.0,209.0,4600,0.0,0.0
2023-05-25 09:00:00+09:00,207.0,208.0,207.0,207.0,4200,0.0,0.0
2023-05-25 10:00:00+09:00,207.0,208.0,207.0,208.0,800,0.0,0.0
2023-05-25 11:00:00+09:00,209.0,209.0,207.0,208.0,0,0.0,0.0
2023-05-25 12:00:00+09:00,209.0,210.0,208.0,209.0,12000,0.0,0.0
2023-05-25 13:00:00+09:00,209.0,210.0,209.0,209.0,3100,0.0,0.0
2023-05-25 14:00:00+09:00,208.0,209.0,208.0,209.0,1300,0.0,0.0
2023-05-26 09:00:00+09:00,208.0,209.0,207.0,208.0,5600,0.0,0.0
2023-05-26 10:00:00+09:00,207.0,209.0,207.0,209.0,4900,0.0,0.0
2023-05-26 11:00:00+09:00,207.0,209.0,207.0,209.0,0,0.0,0.0
2023-05-26 12:00:00+09:00,207.0,209.0,207.0,208.0,13200,0.0,0.0
2023-05-26 13:00:00+09:00,208.0,209.0,207.0,208.0,4500,0.0,0.0
2023-05-26 14:00:00+09:00,208.0,209.0,206.0,209.0,9900,0.0,0.0
2023-05-29 09:00:00+09:00,205.0,206.0,204.0,204.0,18800,0.0,0.0
2023-05-29 10:00:00+09:00,204.0,205.0,204.0,205.0,700,0.0,0.0
2023-05-29 11:00:00+09:00,204.0,205.0,204.0,205.0,0,0.0,0.0
2023-05-29 12:00:00+09:00,203.0,204.0,203.0,204.0,28100,0.0,0.0
2023-05-29 13:00:00+09:00,203.0,204.0,203.0,203.0,2300,0.0,0.0
2023-05-29 14:00:00+09:00,203.0,204.0,203.0,203.0,2000,0.0,0.0
2023-05-30 09:00:00+09:00,203.0,204.0,203.0,204.0,1100,0.0,0.0
2023-05-30 10:00:00+09:00,203.0,206.0,203.0,206.0,7200,0.0,0.0
2023-05-30 11:00:00+09:00,207.0,207.0,206.0,206.0,0,0.0,0.0
2023-05-30 12:00:00+09:00,205.0,207.0,205.0,207.0,13200,0.0,0.0
2023-05-30 13:00:00+09:00,207.0,208.0,205.0,207.0,11700,0.0,0.0
2023-05-30 14:00:00+09:00,207.0,208.0,206.0,207.0,8100,0.0,0.0
2023-05-31 09:00:00+09:00,205.0,205.0,204.0,204.0,3800,0.0,0.0
2023-05-31 10:00:00+09:00,204.0,206.0,204.0,206.0,7000,0.0,0.0
2023-05-31 11:00:00+09:00,206.0,206.0,205.0,206.0,0,0.0,0.0
2023-05-31 12:00:00+09:00,208.0,210.0,207.0,209.0,24400,0.0,0.0
2023-05-31 13:00:00+09:00,210.0,210.0,207.0,208.0,10000,0.0,0.0
2023-05-31 14:00:00+09:00,208.0,208.0,205.0,206.0,8400,0.0,0.0
2023-06-01 09:00:00+09:00,207.0,207.0,205.0,207.0,2600,0.0,0.0
2023-06-01 10:00:00+09:00,206.0,206.0,205.0,205.0,0,0.0,0.0
2023-06-01 11:00:00+09:00,205.0,206.0,205.0,206.0,0,0.0,0.0
2023-06-01 12:00:00+09:00,207.0,207.0,206.0,207.0,11800,0.0,0.0
2023-06-01 13:00:00+09:00,207.0,207.0,207.0,207.0,600,0.0,0.0
2023-06-01 14:00:00+09:00,207.0,208.0,207.0,208.0,2900,0.0,0.0
2023-06-02 09:00:00+09:00,208.0,209.0,208.0,208.0,1600,0.0,0.0
2023-06-02 10:00:00+09:00,209.0,209.0,208.0,209.0,700,0.0,0.0
2023-06-02 11:00:00+09:00,209.0,209.0,208.0,208.0,0,0.0,0.0
2023-06-02 12:00:00+09:00,208.0,210.0,208.0,209.0,6600,0.0,0.0
2023-06-02 13:00:00+09:00,208.0,208.0,208.0,208.0,100,0.0,0.0
2023-06-02 14:00:00+09:00,209.0,209.0,208.0,209.0,1700,0.0,0.0
2023-06-05 09:00:00+09:00,210.0,210.0,209.0,209.0,4900,0.0,0.0
2023-06-05 10:00:00+09:00,209.0,209.0,209.0,209.0,1200,0.0,0.0
2023-06-05 11:00:00+09:00,209.0,209.0,209.0,209.0,0,0.0,0.0
2023-06-05 12:00:00+09:00,209.0,209.0,208.0,208.0,0,0.0,0.0
2023-06-05 13:00:00+09:00,209.0,209.0,209.0,209.0,7600,0.0,0.0
2023-06-05 14:00:00+09:00,209.0,209.0,208.0,209.0,1500,0.0,0.0
2023-06-06 09:00:00+09:00,209.0,209.0,208.0,208.0,6300,0.0,0.0
2023-06-06 10:00:00+09:00,208.0,209.0,208.0,209.0,1000,0.0,0.0
2023-06-06 11:00:00+09:00,208.0,209.0,208.0,209.0,0,0.0,0.0
2023-06-06 12:00:00+09:00,207.0,210.0,207.0,210.0,23200,0.0,0.0
2023-06-06 13:00:00+09:00,210.0,210.0,209.0,210.0,6300,0.0,0.0
2023-06-06 14:00:00+09:00,208.0,211.0,208.0,211.0,15300,0.0,0.0
2023-06-07 09:00:00+09:00,210.0,212.0,210.0,210.0,8000,0.0,0.0
2023-06-07 10:00:00+09:00,209.0,209.0,207.0,208.0,6600,0.0,0.0
2023-06-07 11:00:00+09:00,208.0,208.0,208.0,208.0,0,0.0,0.0
2023-06-07 12:00:00+09:00,207.0,208.0,207.0,207.0,16300,0.0,0.0
2023-06-07 13:00:00+09:00,207.0,208.0,207.0,207.0,400,0.0,0.0
2023-06-07 14:00:00+09:00,207.0,208.0,207.0,207.0,1400,0.0,0.0
2023-06-08 09:00:00+09:00,207.0,208.0,207.0,207.0,2600,0.0,0.0
2023-06-08 11:00:00+09:00,207.0,207.0,207.0,207.0,0,0.0,0.0
2023-06-08 12:00:00+09:00,207.0,207.0,207.0,207.0,33800,0.0,0.0
2023-06-08 13:00:00+09:00,207.0,208.0,206.0,207.0,7500,0.0,0.0
2023-06-08 14:00:00+09:00,207.0,207.0,206.0,206.0,1400,0.0,0.0
2023-06-09 09:00:00+09:00,208.0,208.0,206.0,208.0,17200,0.0,0.0
2023-06-09 10:00:00+09:00,207.0,208.0,206.0,207.0,0,0.0,0.0
2023-06-09 11:00:00+09:00,207.0,208.0,207.0,208.0,0,0.0,0.0
2023-06-09 12:00:00+09:00,206.0,208.0,206.0,208.0,21600,0.0,0.0
2023-06-09 13:00:00+09:00,208.0,208.0,208.0,208.0,100,0.0,0.0
2023-06-09 14:00:00+09:00,207.0,209.0,207.0,209.0,2400,0.0,0.0
2023-06-12 09:00:00+09:00,210.0,210.0,207.0,208.0,10700,0.0,0.0
2023-06-12 10:00:00+09:00,208.0,208.0,208.0,208.0,800,0.0,0.0
2023-06-12 11:00:00+09:00,208.0,208.0,208.0,208.0,0,0.0,0.0
2023-06-12 12:00:00+09:00,207.0,207.0,206.0,207.0,14400,0.0,0.0
2023-06-12 13:00:00+09:00,206.0,206.0,206.0,206.0,100,0.0,0.0
2023-06-12 14:00:00+09:00,206.0,207.0,206.0,206.0,600,0.0,0.0
2023-06-13 09:00:00+09:00,207.0,207.0,206.0,206.0,2400,0.0,0.0
2023-06-13 10:00:00+09:00,206.0,207.0,205.0,206.0,2600,0.0,0.0
2023-06-13 11:00:00+09:00,206.0,207.0,206.0,207.0,0,0.0,0.0
2023-06-13 12:00:00+09:00,207.0,209.0,207.0,209.0,17500,0.0,0.0
2023-06-13 13:00:00+09:00,209.0,210.0,209.0,210.0,12100,0.0,0.0
2023-06-13 14:00:00+09:00,210.0,210.0,209.0,210.0,7100,0.0,0.0
2023-06-14 09:00:00+09:00,211.0,211.0,208.0,208.0,4600,0.0,0.0
2023-06-14 10:00:00+09:00,209.0,209.0,208.0,209.0,700,0.0,0.0
2023-06-14 11:00:00+09:00,208.0,208.0,208.0,208.0,0,0.0,0.0
2023-06-14 12:00:00+09:00,208.0,208.0,207.0,207.0,10800,0.0,0.0
2023-06-14 13:00:00+09:00,207.0,208.0,207.0,208.0,400,0.0,0.0
2023-06-14 14:00:00+09:00,208.0,208.0,207.0,208.0,1500,0.0,0.0
2023-06-15 09:00:00+09:00,209.0,209.0,207.0,207.0,4000,0.0,0.0
2023-06-15 10:00:00+09:00,207.0,207.0,206.0,206.0,400,0.0,0.0
2023-06-15 11:00:00+09:00,208.0,208.0,208.0,208.0,0,0.0,0.0
2023-06-15 12:00:00+09:00,208.0,208.0,207.0,207.0,8600,0.0,0.0
2023-06-15 13:00:00+09:00,207.0,208.0,207.0,208.0,1700,0.0,0.0
2023-06-15 14:00:00+09:00,207.0,208.0,207.0,208.0,5100,0.0,0.0
2023-06-16 09:00:00+09:00,209.0,209.0,207.0,207.0,3800,0.0,0.0
2023-06-16 10:00:00+09:00,207.0,208.0,207.0,208.0,2900,0.0,0.0
2023-06-16 11:00:00+09:00,207.0,208.0,206.0,208.0,0,0.0,0.0
2023-06-16 12:00:00+09:00,207.0,208.0,206.0,207.0,11600,0.0,0.0
2023-06-16 13:00:00+09:00,207.0,207.0,206.0,206.0,800,0.0,0.0
2023-06-16 14:00:00+09:00,206.0,208.0,206.0,208.0,11900,0.0,0.0
2023-06-19 09:00:00+09:00,208.0,209.0,207.0,209.0,9900,0.0,0.0
2023-06-19 10:00:00+09:00,208.0,208.0,208.0,208.0,2400,0.0,0.0
2023-06-19 11:00:00+09:00,208.0,208.0,208.0,208.0,0,0.0,0.0
2023-06-19 12:00:00+09:00,208.0,209.0,208.0,208.0,20000,0.0,0.0
2023-06-19 13:00:00+09:00,208.0,208.0,208.0,208.0,900,0.0,0.0
2023-06-19 14:00:00+09:00,208.0,210.0,208.0,210.0,13900,0.0,0.0
2023-06-20 09:00:00+09:00,208.0,210.0,208.0,208.0,7600,0.0,0.0
2023-06-20 10:00:00+09:00,208.0,208.0,208.0,208.0,1700,0.0,0.0
2023-06-20 11:00:00+09:00,208.0,208.0,208.0,208.0,0,0.0,0.0
2023-06-20 12:00:00+09:00,208.0,209.0,208.0,208.0,19800,0.0,0.0
2023-06-20 13:00:00+09:00,208.0,208.0,208.0,208.0,1400,0.0,0.0
2023-06-20 14:00:00+09:00,208.0,209.0,208.0,208.0,4200,0.0,0.0
2023-06-21 09:00:00+09:00,210.0,211.0,209.0,211.0,23800,0.0,0.0
2023-06-21 10:00:00+09:00,211.0,211.0,210.0,211.0,2200,0.0,0.0
2023-06-21 11:00:00+09:00,211.0,211.0,211.0,211.0,0,0.0,0.0
2023-06-21 12:00:00+09:00,210.0,211.0,210.0,211.0,32700,0.0,0.0
2023-06-21 13:00:00+09:00,210.0,211.0,210.0,211.0,6300,0.0,0.0
2023-06-21 14:00:00+09:00,211.0,211.0,210.0,211.0,15100,0.0,0.0
2023-06-22 09:00:00+09:00,210.0,210.0,209.0,210.0,6900,0.0,0.0
2023-06-22 10:00:00+09:00,209.0,210.0,209.0,210.0,2100,0.0,0.0
2023-06-22 11:00:00+09:00,210.0,210.0,208.0,210.0,0,0.0,0.0
2023-06-22 12:00:00+09:00,208.0,210.0,208.0,210.0,11300,0.0,0.0
2023-06-22 13:00:00+09:00,209.0,210.0,209.0,210.0,12200,0.0,0.0
2023-06-22 14:00:00+09:00,210.0,210.0,209.0,210.0,6200,0.0,0.0
2023-06-23 09:00:00+09:00,210.0,210.0,210.0,210.0,0,0.0,0.0
2023-06-23 10:00:00+09:00,209.0,210.0,209.0,210.0,12800,0.0,0.0
2023-06-23 11:00:00+09:00,209.0,210.0,209.0,209.0,0,0.0,0.0
2023-06-23 12:00:00+09:00,209.0,211.0,209.0,211.0,36400,0.0,0.0
2023-06-23 13:00:00+09:00,211.0,211.0,210.0,211.0,7100,0.0,0.0
2023-06-23 14:00:00+09:00,210.0,211.0,210.0,211.0,4800,0.0,0.0
2023-06-26 09:00:00+09:00,212.0,212.0,209.0,210.0,0,0.0,0.0
2023-06-26 10:00:00+09:00,210.0,210.0,210.0,210.0,5200,0.0,0.0
2023-06-26 11:00:00+09:00,210.0,210.0,210.0,210.0,0,0.0,0.0
2023-06-26 12:00:00+09:00,210.0,210.0,210.0,210.0,17000,0.0,0.0
2023-06-26 13:00:00+09:00,211.0,211.0,210.0,210.0,15200,0.0,0.0
2023-06-26 14:00:00+09:00,209.0,211.0,209.0,211.0,21900,0.0,0.0
2023-06-27 09:00:00+09:00,211.0,236.0,211.0,231.0,789800,0.0,0.0
2023-06-27 10:00:00+09:00,231.0,232.0,225.0,229.0,292800,0.0,0.0
2023-06-27 11:00:00+09:00,229.0,231.0,228.0,228.0,0,0.0,0.0
2023-06-27 12:00:00+09:00,228.0,233.0,228.0,231.0,1248800,0.0,0.0
2023-06-27 13:00:00+09:00,231.0,232.0,227.0,230.0,138100,0.0,0.0
2023-06-27 14:00:00+09:00,229.0,232.0,228.0,229.0,125900,0.0,0.0
2023-06-28 09:00:00+09:00,225.0,232.0,225.0,226.0,154600,0.0,0.0
2023-06-28 10:00:00+09:00,227.0,228.0,226.0,228.0,26700,0.0,0.0
2023-06-28 11:00:00+09:00,229.0,229.0,227.0,227.0,0,0.0,0.0
2023-06-28 12:00:00+09:00,228.0,230.0,228.0,229.0,220200,0.0,0.0
2023-06-28 13:00:00+09:00,229.0,230.0,228.0,228.0,29200,0.0,0.0
2023-06-28 14:00:00+09:00,227.0,228.0,226.0,228.0,36400,0.0,0.0
2023-06-29 09:00:00+09:00,227.0,227.0,225.0,227.0,19700,0.0,0.0
2023-06-29 10:00:00+09:00,227.0,227.0,223.0,223.0,34200,0.0,0.0
2023-06-29 11:00:00+09:00,223.0,224.0,223.0,223.0,0,0.0,0.0
2023-06-29 12:00:00+09:00,224.0,224.0,223.0,223.0,91000,0.0,0.0
2023-06-29 13:00:00+09:00,224.0,226.0,224.0,226.0,12200,0.0,0.0
2023-06-29 14:00:00+09:00,226.0,230.0,226.0,228.0,35400,0.0,0.0
2023-06-30 09:00:00+09:00,227.0,229.0,226.0,227.0,31400,0.0,0.0
2023-06-30 10:00:00+09:00,228.0,229.0,228.0,228.0,9600,0.0,0.0
2023-06-30 11:00:00+09:00,229.0,229.0,228.0,229.0,0,0.0,0.0
2023-06-30 12:00:00+09:00,227.0,229.0,227.0,228.0,51300,0.0,0.0
2023-06-30 13:00:00+09:00,229.0,235.0,229.0,235.0,62400,0.0,0.0
2023-06-30 14:00:00+09:00,235.0,243.0,235.0,241.0,344900,0.0,0.0
2023-07-03 09:00:00+09:00,244.0,244.0,238.0,240.0,0,0.0,0.0
2023-07-03 10:00:00+09:00,240.0,241.0,237.0,240.0,48600,0.0,0.0
2023-07-03 11:00:00+09:00,240.0,241.0,240.0,240.0,0,0.0,0.0
2023-07-03 12:00:00+09:00,240.0,243.0,240.0,243.0,179700,0.0,0.0
2023-07-03 13:00:00+09:00,242.0,244.0,241.0,241.0,48500,0.0,0.0
2023-07-03 14:00:00+09:00,241.0,242.0,240.0,241.0,9900,0.0,0.0
2023-07-04 09:00:00+09:00,238.0,241.0,237.0,237.0,57500,0.0,0.0
2023-07-04 10:00:00+09:00,237.0,240.0,236.0,239.0,44000,0.0,0.0
2023-07-04 11:00:00+09:00,239.0,239.0,237.0,238.0,0,0.0,0.0
2023-07-04 12:00:00+09:00,237.0,240.0,237.0,239.0,141200,0.0,0.0
2023-07-04 13:00:00+09:00,239.0,240.0,238.0,238.0,9100,0.0,0.0
2023-07-04 14:00:00+09:00,237.0,238.0,235.0,236.0,30300,0.0,0.0
2023-07-05 09:00:00+09:00,238.0,248.0,237.0,241.0,204600,0.0,0.0
2023-07-05 10:00:00+09:00,241.0,242.0,239.0,241.0,32000,0.0,0.0
2023-07-05 11:00:00+09:00,240.0,240.0,239.0,240.0,0,0.0,0.0
2023-07-05 12:00:00+09:00,240.0,240.0,238.0,238.0,255700,0.0,0.0
2023-07-05 13:00:00+09:00,238.0,239.0,236.0,237.0,37100,0.0,0.0
2023-07-05 14:00:00+09:00,237.0,238.0,234.0,236.0,25800,0.0,0.0
2023-07-06 09:00:00+09:00,234.0,237.0,232.0,237.0,19600,0.0,0.0
2023-07-06 10:00:00+09:00,237.0,237.0,235.0,235.0,7900,0.0,0.0
2023-07-06 11:00:00+09:00,235.0,236.0,234.0,236.0,0,0.0,0.0
2023-07-06 12:00:00+09:00,234.0,234.0,230.0,231.0,75100,0.0,0.0
2023-07-06 13:00:00+09:00,232.0,233.0,231.0,233.0,13500,0.0,0.0
2023-07-06 14:00:00+09:00,234.0,235.0,234.0,235.0,10900,0.0,0.0
2023-07-07 09:00:00+09:00,232.0,235.0,231.0,235.0,22000,0.0,0.0
2023-07-07 10:00:00+09:00,235.0,235.0,234.0,235.0,8200,0.0,0.0
2023-07-07 11:00:00+09:00,234.0,235.0,234.0,235.0,0,0.0,0.0
2023-07-07 12:00:00+09:00,235.0,237.0,235.0,236.0,38800,0.0,0.0
2023-07-07 13:00:00+09:00,237.0,237.0,236.0,236.0,1600,0.0,0.0
2023-07-07 14:00:00+09:00,236.0,236.0,234.0,235.0,23300,0.0,0.0
2023-07-10 09:00:00+09:00,229.0,231.0,226.0,229.0,0,0.0,0.0
2023-07-10 10:00:00+09:00,229.0,230.0,226.0,227.0,16400,0.0,0.0
2023-07-10 11:00:00+09:00,227.0,227.0,226.0,226.0,0,0.0,0.0
2023-07-10 12:00:00+09:00,226.0,228.0,226.0,226.0,95100,0.0,0.0
2023-07-10 13:00:00+09:00,226.0,228.0,225.0,228.0,15000,0.0,0.0
2023-07-10 14:00:00+09:00,228.0,228.0,225.0,227.0,19400,0.0,0.0
2023-07-11 09:00:00+09:00,225.0,227.0,225.0,226.0,16800,0.0,0.0
2023-07-11 10:00:00+09:00,225.0,225.0,225.0,225.0,9600,0.0,0.0
2023-07-11 11:00:00+09:00,226.0,226.0,226.0,226.0,0,0.0,0.0
2023-07-11 12:00:00+09:00,227.0,231.0,226.0,231.0,44400,0.0,0.0
2023-07-11 13:00:00+09:00,232.0,234.0,230.0,230.0,14200,0.0,0.0
2023-07-11 14:00:00+09:00,230.0,231.0,229.0,230.0,33800,0.0,0.0
2023-07-12 09:00:00+09:00,228.0,229.0,225.0,227.0,18500,0.0,0.0
2023-07-12 10:00:00+09:00,226.0,227.0,226.0,226.0,18000,0.0,0.0
2023-07-12 11:00:00+09:00,226.0,226.0,225.0,226.0,0,0.0,0.0
2023-07-12 12:00:00+09:00,226.0,228.0,225.0,227.0,49600,0.0,0.0
2023-07-12 13:00:00+09:00,227.0,228.0,226.0,226.0,11300,0.0,0.0
2023-07-12 14:00:00+09:00,226.0,227.0,224.0,224.0,41000,0.0,0.0
2023-07-13 09:00:00+09:00,223.0,224.0,214.0,219.0,79100,0.0,0.0
2023-07-13 10:00:00+09:00,218.0,219.0,217.0,219.0,1800,0.0,0.0
2023-07-13 11:00:00+09:00,218.0,219.0,218.0,219.0,0,0.0,0.0
2023-07-13 12:00:00+09:00,219.0,220.0,218.0,220.0,94800,0.0,0.0
2023-07-13 13:00:00+09:00,220.0,220.0,217.0,218.0,0,0.0,0.0
2023-07-13 14:00:00+09:00,218.0,219.0,217.0,218.0,115200,0.0,0.0
2023-07-14 09:00:00+09:00,218.0,219.0,214.0,215.0,21700,0.0,0.0
2023-07-14 10:00:00+09:00,214.0,216.0,214.0,216.0,9900,0.0,0.0
2023-07-14 11:00:00+09:00,215.0,215.0,215.0,215.0,0,0.0,0.0
2023-07-14 12:00:00+09:00,215.0,220.0,215.0,219.0,49700,0.0,0.0
2023-07-14 13:00:00+09:00,219.0,220.0,219.0,219.0,7300,0.0,0.0
2023-07-14 14:00:00+09:00,219.0,219.0,218.0,218.0,2300,0.0,0.0
2023-07-18 09:00:00+09:00,217.0,217.0,215.0,216.0,15000,0.0,0.0
2023-07-18 10:00:00+09:00,216.0,216.0,214.0,216.0,10200,0.0,0.0
2023-07-18 11:00:00+09:00,215.0,215.0,214.0,214.0,0,0.0,0.0
2023-07-18 12:00:00+09:00,214.0,215.0,214.0,215.0,33400,0.0,0.0
2023-07-18 13:00:00+09:00,214.0,214.0,212.0,213.0,15900,0.0,0.0
2023-07-18 14:00:00+09:00,213.0,214.0,212.0,213.0,11500,0.0,0.0
2023-07-19 09:00:00+09:00,213.0,214.0,213.0,214.0,11700,0.0,0.0
2023-07-19 10:00:00+09:00,214.0,218.0,213.0,218.0,21800,0.0,0.0
2023-07-19 11:00:00+09:00,218.0,219.0,218.0,219.0,0,0.0,0.0
2023-07-19 12:00:00+09:00,219.0,221.0,218.0,221.0,55300,0.0,0.0
2023-07-19 13:00:00+09:00,221.0,221.0,219.0,219.0,6000,0.0,0.0
2023-07-19 14:00:00+09:00,218.0,222.0,218.0,219.0,26600,0.0,0.0
2023-07-20 09:00:00+09:00,220.0,220.0,217.0,218.0,0,0.0,0.0
2023-07-20 10:00:00+09:00,218.0,218.0,216.0,218.0,14000,0.0,0.0
2023-07-20 11:00:00+09:00,217.0,217.0,216.0,217.0,0,0.0,0.0
2023-07-20 12:00:00+09:00,217.0,217.0,214.0,215.0,25700,0.0,0.0
2023-07-20 13:00:00+09:00,215.0,215.0,214.0,215.0,5500,0.0,0.0
2023-07-20 14:00:00+09:00,215.0,215.0,213.0,214.0,17600,0.0,0.0
2023-07-21 09:00:00+09:00,214.0,215.0,214.0,215.0,3500,0.0,0.0
2023-07-21 10:00:00+09:00,215.0,215.0,214.0,215.0,2400,0.0,0.0
2023-07-21 11:00:00+09:00,215.0,215.0,215.0,215.0,0,0.0,0.0
2023-07-21 12:00:00+09:00,215.0,215.0,214.0,214.0,6100,0.0,0.0
2023-07-21 13:00:00+09:00,214.0,214.0,213.0,214.0,15200,0.0,0.0
2023-07-21 14:00:00+09:00,214.0,214.0,213.0,213.0,1300,0.0,0.0
2023-07-24 09:00:00+09:00,214.0,214.0,213.0,214.0,6100,0.0,0.0
2023-07-24 11:00:00+09:00,215.0,215.0,215.0,215.0,0,0.0,0.0
2023-07-24 12:00:00+09:00,216.0,216.0,214.0,214.0,11900,0.0,0.0
2023-07-24 13:00:00+09:00,214.0,214.0,213.0,213.0,8300,0.0,0.0
2023-07-24 14:00:00+09:00,213.0,214.0,213.0,213.0,4200,0.0,0.0
2023-07-25 09:00:00+09:00,213.0,215.0,213.0,215.0,14900,0.0,0.0
2023-07-25 10:00:00+09:00,215.0,216.0,215.0,215.0,3500,0.0,0.0
2023-07-25 11:00:00+09:00,216.0,216.0,215.0,215.0,0,0.0,0.0
2023-07-25 12:00:00+09:00,215.0,215.0,214.0,214.0,25100,0.0,0.0
2023-07-25 13:00:00+09:00,214.0,215.0,214.0,214.0,700,0.0,0.0
2023-07-25 14:00:00+09:00,214.0,215.0,214.0,214.0,5400,0.0,0.0
2023-07-26 09:00:00+09:00,216.0,216.0,213.0,214.0,18700,0.0,0.0
2023-07-26 10:00:00+09:00,214.0,215.0,213.0,214.0,4100,0.0,0.0
2023-07-26 11:00:00+09:00,214.0,215.0,214.0,215.0,0,0.0,0.0
2023-07-26 12:00:00+09:00,214.0,214.0,213.0,214.0,26900,0.0,0.0
2023-07-26 13:00:00+09:00,214.0,215.0,214.0,215.0,2200,0.0,0.0
2023-07-26 14:00:00+09:00,214.0,214.0,213.0,213.0,7200,0.0,0.0
2023-07-27 09:00:00+09:00,213.0,213.0,213.0,213.0,6800,0.0,0.0
2023-07-27 10:00:00+09:00,213.0,214.0,213.0,214.0,500,0.0,0.0
2023-07-27 11:00:00+09:00,213.0,213.0,212.0,213.0,0,0.0,0.0
2023-07-27 12:00:00+09:00,213.0,213.0,212.0,213.0,23100,0.0,0.0
2023-07-27 13:00:00+09:00,213.0,214.0,213.0,214.0,200,0.0,0.0
2023-07-27 14:00:00+09:00,213.0,215.0,213.0,214.0,21800,0.0,0.0
2023-07-28 09:00:00+09:00,213.0,214.0,211.0,211.0,15400,0.0,0.0
2023-07-28 10:00:00+09:00,211.0,211.0,209.0,209.0,20300,0.0,0.0
2023-07-28 11:00:00+09:00,210.0,211.0,210.0,211.0,0,0.0,0.0
2023-07-28 12:00:00+09:00,210.0,211.0,208.0,208.0,81600,0.0,0.0
2023-07-28 13:00:00+09:00,208.0,208.0,205.0,207.0,62200,0.0,0.0
2023-07-28 14:00:00+09:00,206.0,209.0,205.0,207.0,42800,0.0,0.0
2023-07-31 09:00:00+09:00,211.0,211.0,210.0,210.0,8900,0.0,0.0
2023-07-31 10:00:00+09:00,211.0,212.0,208.0,209.0,23800,0.0,0.0
2023-07-31 11:00:00+09:00,209.0,210.0,208.0,209.0,0,0.0,0.0
2023-07-31 12:00:00+09:00,210.0,210.0,209.0,210.0,38100,0.0,0.0
2023-07-31 13:00:00+09:00,210.0,210.0,208.0,210.0,7300,0.0,0.0
2023-07-31 14:00:00+09:00,210.0,212.0,210.0,212.0,25100,0.0,0.0
2023-08-01 09:00:00+09:00,212.0,212.0,210.0,211.0,10300,0.0,0.0
2023-08-01 10:00:00+09:00,211.0,211.0,209.0,209.0,5000,0.0,0.0
2023-08-01 11:00:00+09:00,209.0,209.0,209.0,209.0,0,0.0,0.0
2023-08-01 12:00:00+09:00,209.0,210.0,209.0,210.0,18400,0.0,0.0
2023-08-01 13:00:00+09:00,210.0,211.0,210.0,211.0,1300,0.0,0.0
2023-08-01 14:00:00+09:00,211.0,213.0,210.0,213.0,23400,0.0,0.0
2023-08-02 09:00:00+09:00,211.0,211.0,209.0,211.0,7600,0.0,0.0
2023-08-02 10:00:00+09:00,212.0,212.0,211.0,212.0,5900,0.0,0.0
2023-08-02 11:00:00+09:00,211.0,211.0,211.0,211.0,0,0.0,0.0
2023-08-02 12:00:00+09:00,213.0,213.0,209.0,210.0,67100,0.0,0.0
2023-08-02 13:00:00+09:00,211.0,215.0,211.0,212.0,61400,0.0,0.0
2023-08-02 14:00:00+09:00,211.0,211.0,211.0,211.0,9300,0.0,0.0
2023-08-03 09:00:00+09:00,209.0,209.0,206.0,207.0,42300,0.0,0.0
2023-08-03 10:00:00+09:00,206.0,208.0,206.0,207.0,2900,0.0,0.0
2023-08-03 11:00:00+09:00,207.0,207.0,206.0,206.0,0,0.0,0.0
2023-08-03 12:00:00+09:00,206.0,207.0,205.0,207.0,71900,0.0,0.0
2023-08-03 13:00:00+09:00,207.0,207.0,205.0,205.0,5100,0.0,0.0
2023-08-03 14:00:00+09:00,206.0,207.0,206.0,207.0,13900,0.0,0.0
2023-08-04 09:00:00+09:00,206.0,208.0,205.0,206.0,24200,0.0,0.0
2023-08-04 10:00:00+09:00,207.0,207.0,207.0,207.0,700,0.0,0.0
2023-08-04 11:00:00+09:00,207.0,207.0,206.0,206.0,0,0.0,0.0
2023-08-04 12:00:00+09:00,206.0,207.0,205.0,206.0,41600,0.0,0.0
2023-08-04 13:00:00+09:00,205.0,206.0,205.0,205.0,7600,0.0,0.0
2023-08-04 14:00:00+09:00,206.0,206.0,205.0,206.0,13500,0.0,0.0
2023-08-07 09:00:00+09:00,206.0,206.0,205.0,205.0,4700,0.0,0.0
2023-08-07 10:00:00+09:00,206.0,207.0,205.0,205.0,13000,0.0,0.0
2023-08-07 11:00:00+09:00,206.0,206.0,206.0,206.0,0,0.0,0.0
2023-08-07 12:00:00+09:00,206.0,206.0,206.0,206.0,19800,0.0,0.0
2023-08-07 13:00:00+09:00,206.0,207.0,205.0,206.0,9900,0.0,0.0
2023-08-07 14:00:00+09:00,205.0,207.0,205.0,206.0,11700,0.0,0.0
2023-08-08 09:00:00+09:00,206.0,207.0,206.0,207.0,4400,0.0,0.0
2023-08-08 10:00:00+09:00,207.0,207.0,206.0,206.0,1400,0.0,0.0
2023-08-08 11:00:00+09:00,207.0,207.0,207.0,207.0,0,0.0,0.0
2023-08-08 12:00:00+09:00,206.0,207.0,206.0,207.0,8200,0.0,0.0
2023-08-08 13:00:00+09:00,207.0,207.0,205.0,205.0,19300,0.0,0.0
2023-08-08 14:00:00+09:00,205.0,206.0,205.0,205.0,21800,0.0,0.0
2023-08-09 09:00:00+09:00,205.0,206.0,205.0,205.0,1800,0.0,0.0
2023-08-09 10:00:00+09:00,206.0,206.0,206.0,206.0,300,0.0,0.0
2023-08-09 11:00:00+09:00,206.0,206.0,206.0,206.0,0,0.0,0.0
2023-08-09 12:00:00+09:00,205.0,205.0,205.0,205.0,2600,0.0,0.0
2023-08-09 13:00:00+09:00,205.0,205.0,205.0,205.0,5400,0.0,0.0
2023-08-09 14:00:00+09:00,205.0,206.0,205.0,206.0,10200,0.0,0.0
2023-08-10 09:00:00+09:00,206.0,206.0,202.0,204.0,61300,0.0,0.0
2023-08-10 10:00:00+09:00,204.0,205.0,204.0,204.0,3300,0.0,0.0
2023-08-10 11:00:00+09:00,205.0,205.0,197.0,202.0,0,0.0,0.0
2023-08-10 12:00:00+09:00,202.0,203.0,200.0,201.0,184600,0.0,0.0
2023-08-10 13:00:00+09:00,203.0,203.0,202.0,202.0,10800,0.0,0.0
2023-08-10 14:00:00+09:00,203.0,205.0,203.0,205.0,26600,0.0,0.0
2023-08-14 09:00:00+09:00,196.0,198.0,193.0,194.0,88500,0.0,0.0
2023-08-14 10:00:00+09:00,194.0,194.0,192.0,192.0,41800,0.0,0.0
2023-08-14 11:00:00+09:00,192.0,192.0,191.0,191.0,0,0.0,0.0
2023-08-14 12:00:00+09:00,192.0,192.0,189.0,190.0,174400,0.0,0.0
2023-08-14 13:00:00+09:00,190.0,190.0,186.0,186.0,44100,0.0,0.0
2023-08-14 14:00:00+09:00,186.0,188.0,186.0,187.0,54200,0.0,0.0
2023-08-15 09:00:00+09:00,186.0,186.0,181.0,181.0,59000,0.0,0.0
2023-08-15 10:00:00+09:00,181.0,183.0,181.0,183.0,12000,0.0,0.0
2023-08-15 11:00:00+09:00,183.0,184.0,183.0,184.0,0,0.0,0.0
2023-08-15 12:00:00+09:00,184.0,185.0,184.0,185.0,86900,0.0,0.0
2023-08-15 13:00:00+09:00,185.0,185.0,184.0,184.0,2700,0.0,0.0
2023-08-15 14:00:00+09:00,184.0,185.0,183.0,184.0,20200,0.0,0.0
2023-08-16 09:00:00+09:00,182.0,184.0,182.0,183.0,14700,0.0,0.0
2023-08-16 10:00:00+09:00,182.0,183.0,182.0,183.0,1000,0.0,0.0
2023-08-16 11:00:00+09:00,182.0,182.0,182.0,182.0,0,0.0,0.0
2023-08-16 12:00:00+09:00,182.0,183.0,182.0,183.0,21000,0.0,0.0
2023-08-16 13:00:00+09:00,182.0,183.0,182.0,183.0,900,0.0,0.0
2023-08-16 14:00:00+09:00,183.0,183.0,183.0,183.0,400,0.0,0.0
2023-08-17 09:00:00+09:00,181.0,181.0,177.0,177.0,50600,0.0,0.0
2023-08-17 10:00:00+09:00,176.0,177.0,174.0,175.0,36100,0.0,0.0
2023-08-17 11:00:00+09:00,174.0,175.0,174.0,174.0,0,0.0,0.0
2023-08-17 12:00:00+09:00,173.0,174.0,173.0,173.0,106100,0.0,0.0
2023-08-17 13:00:00+09:00,174.0,176.0,174.0,175.0,13200,0.0,0.0
2023-08-17 14:00:00+09:00,175.0,175.0,174.0,174.0,8500,0.0,0.0
2023-08-18 09:00:00+09:00,172.0,174.0,172.0,174.0,35600,0.0,0.0
2023-08-18 10:00:00+09:00,174.0,174.0,172.0,173.0,8900,0.0,0.0
2023-08-18 11:00:00+09:00,173.0,173.0,173.0,173.0,0,0.0,0.0
2023-08-18 12:00:00+09:00,174.0,174.0,173.0,173.0,60300,0.0,0.0
2023-08-18 13:00:00+09:00,173.0,174.0,173.0,173.0,4500,0.0,0.0
2023-08-18 14:00:00+09:00,174.0,174.0,174.0,174.0,300,0.0,0.0
2023-08-21 09:00:00+09:00,173.0,174.0,170.0,171.0,54400,0.0,0.0
2023-08-21 10:00:00+09:00,171.0,172.0,170.0,172.0,0,0.0,0.0
2023-08-21 11:00:00+09:00,172.0,173.0,172.0,173.0,0,0.0,0.0
2023-08-21 12:00:00+09:00,173.0,176.0,173.0,176.0,92800,0.0,0.0
2023-08-21 13:00:00+09:00,176.0,177.0,176.0,177.0,8000,0.0,0.0
2023-08-21 14:00:00+09:00,177.0,177.0,175.0,175.0,8400,0.0,0.0
2023-08-22 09:00:00+09:00,177.0,177.0,174.0,177.0,16100,0.0,0.0
2023-08-22 10:00:00+09:00,177.0,177.0,176.0,176.0,400,0.0,0.0
2023-08-22 11:00:00+09:00,176.0,176.0,176.0,176.0,0,0.0,0.0
2023-08-22 12:00:00+09:00,176.0,176.0,176.0,176.0,21800,0.0,0.0
2023-08-22 13:00:00+09:00,177.0,177.0,175.0,175.0,3000,0.0,0.0
2023-08-22 14:00:00+09:00,176.0,176.0,175.0,175.0,2600,0.0,0.0
2023-08-23 09:00:00+09:00,175.0,175.0,174.0,174.0,7900,0.0,0.0
2023-08-23 10:00:00+09:00,174.0,174.0,171.0,173.0,34600,0.0,0.0
2023-08-23 11:00:00+09:00,173.0,173.0,172.0,173.0,0,0.0,0.0
2023-08-23 12:00:00+09:00,173.0,174.0,173.0,173.0,60000,0.0,0.0
2023-08-23 13:00:00+09:00,173.0,175.0,173.0,174.0,10300,0.0,0.0
2023-08-23 14:00:00+09:00,175.0,175.0,174.0,175.0,800,0.0,0.0
2023-08-24 09:00:00+09:00,175.0,177.0,175.0,176.0,13200,0.0,0.0
2023-08-24 10:00:00+09:00,177.0,180.0,176.0,179.0,20900,0.0,0.0
2023-08-24 11:00:00+09:00,179.0,180.0,179.0,180.0,0,0.0,0.0
2023-08-24 12:00:00+09:00,180.0,180.0,179.0,180.0,41700,0.0,0.0
2023-08-24 13:00:00+09:00,179.0,180.0,179.0,179.0,600,0.0,0.0
2023-08-24 14:00:00+09:00,179.0,180.0,179.0,180.0,3400,0.0,0.0
2023-08-25 09:00:00+09:00,179.0,179.0,177.0,179.0,10800,0.0,0.0
2023-08-25 10:00:00+09:00,179.0,179.0,179.0,179.0,3700,0.0,0.0
2023-08-25 11:00:00+09:00,178.0,179.0,178.0,178.0,0,0.0,0.0
2023-08-25 12:00:00+09:00,180.0,180.0,179.0,180.0,0,0.0,0.0
2023-08-25 13:00:00+09:00,180.0,180.0,179.0,179.0,27500,0.0,0.0
2023-08-25 14:00:00+09:00,180.0,181.0,180.0,181.0,8200,0.0,0.0
2023-08-28 09:00:00+09:00,182.0,183.0,181.0,182.0,21800,0.0,0.0
2023-08-28 10:00:00+09:00,182.0,183.0,182.0,183.0,1700,0.0,0.0
2023-08-28 11:00:00+09:00,182.0,182.0,182.0,182.0,0,0.0,0.0
2023-08-28 12:00:00+09:00,183.0,184.0,183.0,184.0,30500,0.0,0.0
2023-08-28 13:00:00+09:00,183.0,183.0,182.0,182.0,3700,0.0,0.0
2023-08-28 14:00:00+09:00,183.0,183.0,182.0,182.0,1300,0.0,0.0
2023-08-29 09:00:00+09:00,184.0,185.0,183.0,184.0,18900,0.0,0.0
2023-08-29 10:00:00+09:00,185.0,185.0,184.0,184.0,2900,0.0,0.0
2023-08-29 11:00:00+09:00,184.0,184.0,183.0,183.0,0,0.0,0.0
2023-08-29 12:00:00+09:00,183.0,184.0,183.0,184.0,27200,0.0,0.0
2023-08-29 13:00:00+09:00,184.0,184.0,183.0,183.0,900,0.0,0.0
2023-08-29 14:00:00+09:00,183.0,184.0,183.0,183.0,1400,0.0,0.0
2023-08-30 09:00:00+09:00,185.0,185.0,184.0,184.0,5300,0.0,0.0
2023-08-30 10:00:00+09:00,184.0,184.0,183.0,184.0,3600,0.0,0.0
2023-08-30 11:00:00+09:00,185.0,185.0,183.0,183.0,0,0.0,0.0
2023-08-30 12:00:00+09:00,183.0,184.0,183.0,184.0,15000,0.0,0.0
2023-08-30 13:00:00+09:00,183.0,184.0,183.0,183.0,2000,0.0,0.0
2023-08-30 14:00:00+09:00,183.0,183.0,181.0,181.0,11700,0.0,0.0
2023-08-31 09:00:00+09:00,182.0,182.0,181.0,182.0,8000,0.0,0.0
2023-08-31 10:00:00+09:00,181.0,182.0,181.0,182.0,3700,0.0,0.0
2023-08-31 11:00:00+09:00,183.0,183.0,181.0,181.0,0,0.0,0.0
2023-08-31 12:00:00+09:00,183.0,183.0,182.0,182.0,15600,0.0,0.0
2023-08-31 13:00:00+09:00,182.0,182.0,181.0,182.0,5700,0.0,0.0
2023-08-31 14:00:00+09:00,183.0,183.0,182.0,182.0,1600,0.0,0.0
2023-09-01 09:00:00+09:00,183.0,184.0,183.0,184.0,13800,0.0,0.0
2023-09-01 10:00:00+09:00,184.0,184.0,183.0,183.0,3100,0.0,0.0
2023-09-01 11:00:00+09:00,183.0,183.0,182.0,182.0,0,0.0,0.0
2023-09-01 12:00:00+09:00,183.0,183.0,182.0,182.0,22500,0.0,0.0
2023-09-01 13:00:00+09:00,183.0,184.0,183.0,184.0,3800,0.0,0.0
2023-09-01 14:00:00+09:00,184.0,184.0,183.0,183.0,2300,0.0,0.0
2023-09-04 09:00:00+09:00,186.0,187.0,186.0,186.0,0,0.0,0.0
2023-09-04 10:00:00+09:00,186.0,187.0,186.0,187.0,18400,0.0,0.0
2023-09-04 11:00:00+09:00,187.0,188.0,187.0,188.0,0,0.0,0.0
2023-09-04 12:00:00+09:00,187.0,188.0,187.0,188.0,32800,0.0,0.0
2023-09-04 13:00:00+09:00,188.0,190.0,188.0,189.0,23700,0.0,0.0
2023-09-04 14:00:00+09:00,189.0,190.0,189.0,189.0,12500,0.0,0.0
2023-09-05 09:00:00+09:00,190.0,190.0,188.0,189.0,21200,0.0,0.0
2023-09-05 10:00:00+09:00,189.0,190.0,189.0,189.0,3100,0.0,0.0
2023-09-05 11:00:00+09:00,189.0,189.0,188.0,188.0,0,0.0,0.0
2023-09-05 12:00:00+09:00,189.0,189.0,188.0,188.0,26600,0.0,0.0
2023-09-05 13:00:00+09:00,188.0,188.0,186.0,186.0,14100,0.0,0.0
2023-09-05 14:00:00+09:00,187.0,188.0,187.0,188.0,21100,0.0,0.0
2023-09-06 09:00:00+09:00,190.0,191.0,189.0,189.0,31900,0.0,0.0
2023-09-06 10:00:00+09:00,189.0,190.0,188.0,190.0,7500,0.0,0.0
2023-09-06 11:00:00+09:00,189.0,189.0,189.0,189.0,0,0.0,0.0
2023-09-06 12:00:00+09:00,188.0,189.0,188.0,189.0,43700,0.0,0.0
2023-09-06 13:00:00+09:00,190.0,190.0,189.0,190.0,900,0.0,0.0
2023-09-06 14:00:00+09:00,190.0,190.0,189.0,189.0,7600,0.0,0.0
2023-09-07 09:00:00+09:00,189.0,191.0,189.0,190.0,23100,0.0,0.0
2023-09-07 10:00:00+09:00,190.0,190.0,188.0,188.0,5500,0.0,0.0
2023-09-07 11:00:00+09:00,188.0,188.0,188.0,188.0,0,0.0,0.0
2023-09-07 12:00:00+09:00,187.0,189.0,187.0,189.0,41500,0.0,0.0
2023-09-07 13:00:00+09:00,188.0,189.0,188.0,189.0,2300,0.0,0.0
2023-09-07 14:00:00+09:00,188.0,189.0,188.0,189.0,2100,0.0,0.0
2023-09-08 09:00:00+09:00,188.0,189.0,187.0,187.0,40500,0.0,0.0
2023-09-08 10:00:00+09:00,188.0,188.0,187.0,188.0,1000,0.0,0.0
2023-09-08 11:00:00+09:00,188.0,188.0,188.0,188.0,0,0.0,0.0
2023-09-08 12:00:00+09:00,189.0,189.0,187.0,187.0,51600,0.0,0.0
2023-09-08 13:00:00+09:00,187.0,188.0,187.0,188.0,500,0.0,0.0
2023-09-08 14:00:00+09:00,187.0,187.0,187.0,187.0,700,0.0,0.0
2023-09-11 09:00:00+09:00,188.0,188.0,185.0,186.0,37700,0.0,0.0
2023-09-11 10:00:00+09:00,186.0,186.0,185.0,185.0,2400,0.0,0.0
2023-09-11 11:00:00+09:00,186.0,186.0,186.0,186.0,0,0.0,0.0
2023-09-11 12:00:00+09:00,186.0,186.0,186.0,186.0,41500,0.0,0.0
2023-09-11 13:00:00+09:00,186.0,186.0,185.0,186.0,800,0.0,0.0
2023-09-11 14:00:00+09:00,185.0,186.0,185.0,185.0,17500,0.0,0.0
2023-09-12 09:00:00+09:00,184.0,187.0,184.0,186.0,16400,0.0,0.0
2023-09-12 10:00:00+09:00,186.0,186.0,185.0,185.0,8000,0.0,0.0
2023-09-12 11:00:00+09:00,186.0,186.0,186.0,186.0,0,0.0,0.0
2023-09-12 12:00:00+09:00,187.0,187.0,186.0,186.0,34000,0.0,0.0
2023-09-12 13:00:00+09:00,186.0,186.0,185.0,186.0,400,0.0,0.0
2023-09-12 14:00:00+09:00,185.0,186.0,185.0,186.0,2100,0.0,0.0
2023-09-13 09:00:00+09:00,186.0,186.0,185.0,185.0,17500,0.0,0.0
2023-09-13 10:00:00+09:00,185.0,185.0,185.0,185.0,200,0.0,0.0
2023-09-13 11:00:00+09:00,185.0,185.0,185.0,185.0,0,0.0,0.0
2023-09-13 12:00:00+09:00,185.0,185.0,184.0,184.0,20900,0.0,0.0
2023-09-13 13:00:00+09:00,184.0,184.0,184.0,184.0,900,0.0,0.0
2023-09-13 14:00:00+09:00,184.0,185.0,184.0,184.0,1900,0.0,0.0
2023-09-14 09:00:00+09:00,185.0,185.0,184.0,184.0,0,0.0,0.0
2023-09-14 11:00:00+09:00,184.0,184.0,184.0,184.0,0,0.0,0.0
2023-09-14 12:00:00+09:00,188.0,188.0,184.0,186.0,34800,0.0,0.0
2023-09-14 13:00:00+09:00,185.0,185.0,185.0,185.0,3000,0.0,0.0
2023-09-14 14:00:00+09:00,186.0,186.0,185.0,185.0,3700,0.0,0.0
2023-09-15 09:00:00+09:00,188.0,188.0,186.0,187.0,15200,0.0,0.0
2023-09-15 10:00:00+09:00,187.0,188.0,187.0,187.0,4400,0.0,0.0
2023-09-15 11:00:00+09:00,187.0,187.0,186.0,186.0,0,0.0,0.0
2023-09-15 12:00:00+09:00,186.0,186.0,186.0,186.0,24900,0.0,0.0
2023-09-15 13:00:00+09:00,187.0,187.0,186.0,186.0,1100,0.0,0.0
2023-09-15 14:00:00+09:00,187.0,187.0,185.0,185.0,13600,0.0,0.0
2023-09-19 09:00:00+09:00,188.0,188.0,184.0,186.0,27800,0.0,0.0
2023-09-19 10:00:00+09:00,185.0,185.0,185.0,185.0,100,0.0,0.0
2023-09-19 11:00:00+09:00,185.0,186.0,185.0,186.0,0,0.0,0.0
2023-09-19 12:00:00+09:00,186.0,186.0,186.0,186.0,29100,0.0,0.0
2023-09-19 13:00:00+09:00,185.0,186.0,185.0,186.0,1700,0.0,0.0
2023-09-19 14:00:00+09:00,185.0,186.0,185.0,186.0,1300,0.0,0.0
2023-09-20 09:00:00+09:00,188.0,188.0,184.0,184.0,30200,0.0,0.0
2023-09-20 10:00:00+09:00,184.0,185.0,184.0,184.0,1000,0.0,0.0
2023-09-20 11:00:00+09:00,185.0,185.0,184.0,185.0,0,0.0,0.0
2023-09-20 12:00:00+09:00,184.0,184.0,184.0,184.0,33200,0.0,0.0
2023-09-20 13:00:00+09:00,184.0,185.0,184.0,184.0,1600,0.0,0.0
2023-09-20 14:00:00+09:00,184.0,185.0,184.0,185.0,2500,0.0,0.0
2023-09-21 09:00:00+09:00,186.0,186.0,184.0,184.0,18300,0.0,0.0
2023-09-21 10:00:00+09:00,184.0,185.0,180.0,182.0,52100,0.0,0.0
2023-09-21 11:00:00+09:00,182.0,182.0,182.0,182.0,0,0.0,0.0
2023-09-21 12:00:00+09:00,182.0,182.0,181.0,182.0,74000,0.0,0.0
2023-09-21 13:00:00+09:00,182.0,182.0,181.0,182.0,6300,0.0,0.0
2023-09-21 14:00:00+09:00,181.0,182.0,180.0,181.0,4900,0.0,0.0
2023-09-22 09:00:00+09:00,180.0,182.0,180.0,181.0,40600,0.0,0.0
2023-09-22 10:00:00+09:00,181.0,182.0,181.0,181.0,2800,0.0,0.0
2023-09-22 11:00:00+09:00,181.0,182.0,181.0,181.0,0,0.0,0.0
2023-09-22 12:00:00+09:00,182.0,183.0,182.0,182.0,52300,0.0,0.0
2023-09-22 13:00:00+09:00,182.0,183.0,182.0,183.0,8800,0.0,0.0
2023-09-22 14:00:00+09:00,182.0,183.0,181.0,182.0,13000,0.0,0.0
2023-09-25 09:00:00+09:00,181.0,184.0,181.0,184.0,33200,0.0,0.0
2023-09-25 10:00:00+09:00,184.0,186.0,184.0,185.0,21600,0.0,0.0
2023-09-25 11:00:00+09:00,185.0,185.0,185.0,185.0,0,0.0,0.0
2023-09-25 12:00:00+09:00,185.0,186.0,185.0,186.0,59700,0.0,0.0
2023-09-25 13:00:00+09:00,185.0,186.0,184.0,184.0,13700,0.0,0.0
2023-09-25 14:00:00+09:00,184.0,185.0,184.0,184.0,2300,0.0,0.0
2023-09-26 09:00:00+09:00,186.0,186.0,184.0,184.0,34200,0.0,0.0
2023-09-26 10:00:00+09:00,184.0,185.0,183.0,184.0,1600,0.0,0.0
2023-09-26 11:00:00+09:00,185.0,185.0,185.0,185.0,0,0.0,0.0
2023-09-26 12:00:00+09:00,184.0,185.0,184.0,185.0,41500,0.0,0.0
2023-09-26 13:00:00+09:00,185.0,185.0,184.0,185.0,1300,0.0,0.0
2023-09-26 14:00:00+09:00,184.0,185.0,184.0,184.0,2500,0.0,0.0
2023-09-27 09:00:00+09:00,184.0,185.0,184.0,184.0,36900,0.0,0.0
2023-09-27 10:00:00+09:00,185.0,186.0,184.0,185.0,2200,0.0,0.0
2023-09-27 11:00:00+09:00,185.0,185.0,184.0,184.0,0,0.0,0.0
2023-09-27 12:00:00+09:00,184.0,185.0,184.0,185.0,59100,0.0,0.0
2023-09-27 13:00:00+09:00,185.0,185.0,184.0,184.0,3400,0.0,0.0
2023-09-27 14:00:00+09:00,184.0,185.0,184.0,184.0,5700,0.0,0.0
2023-09-28 09:00:00+09:00,185.0,185.0,182.0,182.0,31700,0.0,0.0
2023-09-28 10:00:00+09:00,182.0,183.0,182.0,183.0,3300,0.0,0.0
2023-09-28 11:00:00+09:00,183.0,184.0,183.0,183.0,0,0.0,0.0
2023-09-28 12:00:00+09:00,183.0,183.0,181.0,182.0,44800,0.0,0.0
2023-09-28 13:00:00+09:00,181.0,183.0,181.0,182.0,8000,0.0,0.0
2023-09-28 14:00:00+09:00,182.0,182.0,181.0,182.0,1000,0.0,0.0
2023-09-29 09:00:00+09:00,181.0,181.0,180.0,181.0,17000,0.0,0.0
2023-09-29 11:00:00+09:00,181.0,181.0,181.0,181.0,0,0.0,0.0
2023-09-29 12:00:00+09:00,181.0,181.0,181.0,181.0,17800,0.0,0.0
2023-09-29 13:00:00+09:00,180.0,180.0,178.0,178.0,14900,0.0,0.0
2023-09-29 14:00:00+09:00,179.0,179.0,178.0,178.0,2300,0.0,0.0
2023-10-02 09:00:00+09:00,181.0,183.0,180.0,183.0,29700,0.0,0.0
2023-10-02 10:00:00+09:00,182.0,183.0,181.0,183.0,2700,0.0,0.0
2023-10-02 11:00:00+09:00,182.0,183.0,182.0,183.0,0,0.0,0.0
2023-10-02 12:00:00+09:00,181.0,182.0,181.0,182.0,36600,0.0,0.0
2023-10-02 13:00:00+09:00,182.0,182.0,181.0,181.0,800,0.0,0.0
2023-10-02 14:00:00+09:00,181.0,182.0,181.0,182.0,700,0.0,0.0
2023-10-03 09:00:00+09:00,182.0,182.0,180.0,180.0,13300,0.0,0.0
2023-10-03 10:00:00+09:00,180.0,180.0,178.0,180.0,9300,0.0,0.0
2023-10-03 11:00:00+09:00,179.0,180.0,179.0,180.0,0,0.0,0.0
2023-10-03 12:00:00+09:00,180.0,180.0,180.0,180.0,25100,0.0,0.0
2023-10-03 13:00:00+09:00,180.0,180.0,178.0,179.0,2600,0.0,0.0
2023-10-03 14:00:00+09:00,179.0,179.0,178.0,179.0,2600,0.0,0.0
2023-10-04 09:00:00+09:00,178.0,178.0,176.0,177.0,24800,0.0,0.0
2023-10-04 10:00:00+09:00,177.0,177.0,175.0,176.0,3900,0.0,0.0
2023-10-04 11:00:00+09:00,176.0,176.0,176.0,176.0,0,0.0,0.0
2023-10-04 12:00:00+09:00,175.0,176.0,175.0,176.0,31800,0.0,0.0
2023-10-04 13:00:00+09:00,176.0,176.0,176.0,176.0,400,0.0,0.0
2023-10-04 14:00:00+09:00,175.0,176.0,175.0,175.0,4200,0.0,0.0
2023-10-05 09:00:00+09:00,175.0,177.0,175.0,176.0,0,0.0,0.0
2023-10-05 10:00:00+09:00,176.0,176.0,176.0,176.0,18200,0.0,0.0
2023-10-05 11:00:00+09:00,176.0,176.0,176.0,176.0,0,0.0,0.0
2023-10-05 12:00:00+09:00,176.0,177.0,176.0,177.0,19400,0.0,0.0
2023-10-05 13:00:00+09:00,176.0,177.0,176.0,176.0,400,0.0,0.0
2023-10-05 14:00:00+09:00,176.0,179.0,176.0,177.0,9900,0.0,0.0
2023-10-06 09:00:00+09:00,180.0,180.0,177.0,179.0,15900,0.0,0.0
2023-10-06 10:00:00+09:00,179.0,180.0,178.0,179.0,8300,0.0,0.0
2023-10-06 11:00:00+09:00,179.0,180.0,179.0,180.0,0,0.0,0.0
2023-10-06 12:00:00+09:00,179.0,179.0,179.0,179.0,25500,0.0,0.0
2023-10-06 13:00:00+09:00,179.0,180.0,179.0,180.0,3500,0.0,0.0
2023-10-06 14:00:00+09:00,179.0,180.0,178.0,178.0,3200,0.0,0.0
2023-10-10 09:00:00+09:00,179.0,181.0,179.0,181.0,18100,0.0,0.0
2023-10-10 10:00:00+09:00,181.0,181.0,180.0,180.0,3900,0.0,0.0
2023-10-10 11:00:00+09:00,180.0,181.0,180.0,181.0,0,0.0,0.0
2023-10-10 12:00:00+09:00,181.0,181.0,180.0,181.0,24900,0.0,0.0
2023-10-10 13:00:00+09:00,181.0,181.0,180.0,181.0,400,0.0,0.0
2023-10-10 14:00:00+09:00,181.0,181.0,180.0,181.0,2900,0.0,0.0
2023-10-11 09:00:00+09:00,182.0,182.0,180.0,180.0,15600,0.0,0.0
2023-10-11 10:00:00+09:00,179.0,180.0,179.0,179.0,1200,0.0,0.0
2023-10-11 11:00:00+09:00,179.0,179.0,179.0,179.0,0,0.0,0.0
2023-10-11 12:00:00+09:00,179.0,179.0,179.0,179.0,17100,0.0,0.0
2023-10-11 13:00:00+09:00,179.0,180.0,179.0,180.0,7500,0.0,0.0
2023-10-11 14:00:00+09:00,179.0,180.0,179.0,180.0,1500,0.0,0.0
2023-10-12 09:00:00+09:00,180.0,180.0,178.0,178.0,17900,0.0,0.0
2023-10-12 10:00:00+09:00,178.0,178.0,177.0,177.0,1100,0.0,0.0
2023-10-12 11:00:00+09:00,177.0,178.0,177.0,178.0,0,0.0,0.0
2023-10-12 12:00:00+09:00,177.0,179.0,177.0,179.0,25100,0.0,0.0
2023-10-12 13:00:00+09:00,178.0,178.0,178.0,178.0,100,0.0,0.0
2023-10-12 14:00:00+09:00,179.0,179.0,178.0,179.0,600,0.0,0.0
2023-10-13 09:00:00+09:00,179.0,179.0,178.0,178.0,13900,0.0,0.0
2023-10-13 10:00:00+09:00,178.0,178.0,178.0,178.0,100,0.0,0.0
2023-10-13 11:00:00+09:00,178.0,179.0,178.0,178.0,0,0.0,0.0
2023-10-13 12:00:00+09:00,178.0,178.0,177.0,177.0,18200,0.0,0.0
2023-10-13 13:00:00+09:00,178.0,178.0,176.0,177.0,6100,0.0,0.0
2023-10-13 14:00:00+09:00,176.0,177.0,175.0,177.0,5900,0.0,0.0
2023-10-16 09:00:00+09:00,175.0,177.0,175.0,175.0,11400,0.0,0.0
2023-10-16 10:00:00+09:00,175.0,175.0,174.0,174.0,7000,0.0,0.0
2023-10-16 11:00:00+09:00,174.0,175.0,174.0,174.0,0,0.0,0.0
2023-10-16 12:00:00+09:00,174.0,175.0,174.0,174.0,0,0.0,0.0
2023-10-16 13:00:00+09:00,174.0,174.0,174.0,174.0,21200,0.0,0.0
2023-10-16 14:00:00+09:00,174.0,175.0,173.0,173.0,11600,0.0,0.0
2023-10-17 09:00:00+09:00,174.0,174.0,173.0,173.0,15300,0.0,0.0
2023-10-17 10:00:00+09:00,173.0,173.0,172.0,173.0,3100,0.0,0.0
2023-10-17 11:00:00+09:00,172.0,173.0,172.0,173.0,0,0.0,0.0
2023-10-17 12:00:00+09:00,172.0,173.0,172.0,173.0,22600,0.0,0.0
2023-10-17 14:00:00+09:00,172.0,173.0,172.0,172.0,4300,0.0,0.0
2023-10-18 09:00:00+09:00,172.0,173.0,172.0,172.0,9600,0.0,0.0
2023-10-18 10:00:00+09:00,172.0,172.0,172.0,172.0,300,0.0,0.0
2023-10-18 11:00:00+09:00,172.0,173.0,171.0,172.0,0,0.0,0.0
2023-10-18 12:00:00+09:00,171.0,172.0,171.0,171.0,20400,0.0,0.0
2023-10-18 13:00:00+09:00,171.0,172.0,171.0,172.0,800,0.0,0.0
2023-10-18 14:00:00+09:00,172.0,173.0,171.0,173.0,7600,0.0,0.0
2023-10-19 09:00:00+09:00,172.0,172.0,172.0,172.0,7600,0.0,0.0
2023-10-19 10:00:00+09:00,172.0,173.0,172.0,172.0,1500,0.0,0.0
2023-10-19 11:00:00+09:00,173.0,173.0,173.0,173.0,0,0.0,0.0
2023-10-19 12:00:00+09:00,172.0,172.0,172.0,172.0,9800,0.0,0.0
2023-10-19 14:00:00+09:00,172.0,173.0,172.0,172.0,4000,0.0,0.0
2023-10-20 09:00:00+09:00,171.0,172.0,171.0,171.0,12200,0.0,0.0
2023-10-20 10:00:00+09:00,171.0,172.0,171.0,171.0,600,0.0,0.0
2023-10-20 11:00:00+09:00,171.0,172.0,171.0,172.0,0,0.0,0.0
2023-10-20 12:00:00+09:00,171.0,171.0,171.0,171.0,15600,0.0,0.0
2023-10-20 13:00:00+09:00,171.0,173.0,171.0,171.0,6600,0.0,0.0
2023-10-20 14:00:00+09:00,171.0,172.0,171.0,172.0,1900,0.0,0.0
2023-10-23 09:00:00+09:00,171.0,173.0,171.0,173.0,13500,0.0,0.0
2023-10-23 10:00:00+09:00,172.0,173.0,172.0,172.0,1900,0.0,0.0
2023-10-23 11:00:00+09:00,172.0,173.0,172.0,173.0,0,0.0,0.0
2023-10-23 12:00:00+09:00,172.0,172.0,172.0,172.0,17700,0.0,0.0
2023-10-23 13:00:00+09:00,172.0,173.0,172.0,172.0,900,0.0,0.0
2023-10-23 14:00:00+09:00,173.0,173.0,172.0,172.0,1500,0.0,0.0
2023-10-24 09:00:00+09:00,171.0,173.0,171.0,173.0,10500,0.0,0.0
2023-10-24 10:00:00+09:00,172.0,172.0,172.0,172.0,0,0.0,0.0
2023-10-24 11:00:00+09:00,172.0,174.0,172.0,174.0,0,0.0,0.0
2023-10-24 12:00:00+09:00,173.0,174.0,173.0,174.0,15800,0.0,0.0
2023-10-24 13:00:00+09:00,173.0,174.0,173.0,173.0,0,0.0,0.0
2023-10-24 14:00:00+09:00,174.0,177.0,174.0,176.0,36700,0.0,0.0
2023-10-25 09:00:00+09:00,178.0,178.0,176.0,177.0,0,0.0,0.0
2023-10-25 10:00:00+09:00,177.0,177.0,177.0,177.0,12200,0.0,0.0
2023-10-25 11:00:00+09:00,178.0,178.0,177.0,177.0,0,0.0,0.0
2023-10-25 12:00:00+09:00,177.0,177.0,177.0,177.0,13100,0.0,0.0
2023-10-25 13:00:00+09:00,177.0,178.0,177.0,177.0,5100,0.0,0.0
2023-10-25 14:00:00+09:00,177.0,178.0,176.0,177.0,2300,0.0,0.0
2023-10-26 09:00:00+09:00,178.0,178.0,176.0,176.0,9900,0.0,0.0
2023-10-26 10:00:00+09:00,176.0,176.0,176.0,176.0,100,0.0,0.0
2023-10-26 11:00:00+09:00,176.0,177.0,176.0,177.0,0,0.0,0.0
2023-10-26 12:00:00+09:00,175.0,176.0,175.0,176.0,13300,0.0,0.0
2023-10-26 14:00:00+09:00,177.0,177.0,176.0,177.0,1800,0.0,0.0
2023-10-27 09:00:00+09:00,173.0,174.0,173.0,174.0,22400,0.0,0.0
2023-10-27 10:00:00+09:00,173.0,175.0,173.0,175.0,2500,0.0,0.0
2023-10-27 11:00:00+09:00,175.0,175.0,175.0,175.0,0,0.0,0.0
2023-10-27 12:00:00+09:00,175.0,175.0,174.0,174.0,25300,0.0,0.0
2023-10-27 13:00:00+09:00,175.0,175.0,175.0,175.0,0,0.0,0.0
2023-10-27 14:00:00+09:00,175.0,175.0,174.0,175.0,28100,0.0,0.0
2023-10-30 09:00:00+09:00,174.0,174.0,173.0,174.0,10100,0.0,0.0
2023-10-30 10:00:00+09:00,174.0,174.0,173.0,174.0,400,0.0,0.0
2023-10-30 11:00:00+09:00,174.0,174.0,173.0,173.0,0,0.0,0.0
2023-10-30 12:00:00+09:00,173.0,173.0,173.0,173.0,12900,0.0,0.0
2023-10-30 13:00:00+09:00,174.0,174.0,174.0,174.0,100,0.0,0.0
2023-10-30 14:00:00+09:00,173.0,174.0,173.0,174.0,3100,0.0,0.0
2023-10-31 09:00:00+09:00,171.0,172.0,171.0,171.0,7800,0.0,0.0
2023-10-31 10:00:00+09:00,171.0,172.0,171.0,172.0,1100,0.0,0.0
2023-10-31 11:00:00+09:00,171.0,172.0,171.0,171.0,0,0.0,0.0
2023-10-31 12:00:00+09:00,171.0,171.0,171.0,171.0,11600,0.0,0.0
2023-10-31 13:00:00+09:00,172.0,172.0,171.0,171.0,2100,0.0,0.0
2023-10-31 14:00:00+09:00,171.0,172.0,171.0,172.0,5400,0.0,0.0
2023-11-01 09:00:00+09:00,174.0,174.0,173.0,174.0,16000,0.0,0.0
2023-11-01 10:00:00+09:00,173.0,173.0,173.0,173.0,3400,0.0,0.0
2023-11-01 11:00:00+09:00,173.0,173.0,173.0,173.0,0,0.0,0.0
2023-11-01 12:00:00+09:00,173.0,173.0,173.0,173.0,20100,0.0,0.0
2023-11-01 13:00:00+09:00,172.0,173.0,172.0,173.0,2000,0.0,0.0
2023-11-01 14:00:00+09:00,172.0,173.0,172.0,173.0,5300,0.0,0.0
2023-11-02 09:00:00+09:00,174.0,174.0,173.0,174.0,11900,0.0,0.0
2023-11-02 10:00:00+09:00,173.0,174.0,173.0,173.0,1300,0.0,0.0
2023-11-02 11:00:00+09:00,173.0,174.0,173.0,174.0,0,0.0,0.0
2023-11-02 12:00:00+09:00,173.0,174.0,173.0,173.0,16700,0.0,0.0
2023-11-02 13:00:00+09:00,173.0,173.0,172.0,173.0,3700,0.0,0.0
2023-11-02 14:00:00+09:00,172.0,173.0,172.0,173.0,1800,0.0,0.0
2023-11-06 09:00:00+09:00,173.0,174.0,173.0,174.0,10900,0.0,0.0
2023-11-06 10:00:00+09:00,173.0,174.0,173.0,173.0,7000,0.0,0.0
2023-11-06 11:00:00+09:00,174.0,174.0,174.0,174.0,0,0.0,0.0
2023-11-06 12:00:00+09:00,174.0,174.0,173.0,173.0,19000,0.0,0.0
2023-11-06 13:00:00+09:00,174.0,174.0,173.0,174.0,3300,0.0,0.0
2023-11-06 14:00:00+09:00,174.0,175.0,173.0,173.0,7900,0.0,0.0
2023-11-07 09:00:00+09:00,175.0,175.0,174.0,174.0,12100,0.0,0.0
2023-11-07 10:00:00+09:00,174.0,174.0,174.0,174.0,100,0.0,0.0
2023-11-07 11:00:00+09:00,174.0,174.0,174.0,174.0,0,0.0,0.0
2023-11-07 12:00:00+09:00,174.0,174.0,173.0,173.0,17800,0.0,0.0
2023-11-07 13:00:00+09:00,173.0,174.0,173.0,173.0,1600,0.0,0.0
2023-11-07 14:00:00+09:00,173.0,173.0,173.0,173.0,200,0.0,0.0
2023-11-08 09:00:00+09:00,175.0,176.0,175.0,175.0,11900,0.0,0.0
2023-11-08 10:00:00+09:00,174.0,175.0,174.0,174.0,4200,0.0,0.0
2023-11-08 11:00:00+09:00,174.0,174.0,174.0,174.0,0,0.0,0.0
2023-11-08 12:00:00+09:00,173.0,173.0,173.0,173.0,19400,0.0,0.0
2023-11-08 13:00:00+09:00,173.0,173.0,173.0,173.0,200,0.0,0.0
2023-11-08 14:00:00+09:00,173.0,173.0,172.0,172.0,2200,0.0,0.0
2023-11-09 09:00:00+09:00,177.0,216.0,176.0,200.0,2502900,0.0,0.0
2023-11-09 10:00:00+09:00,200.0,200.0,189.0,191.0,416600,0.0,0.0
2023-11-09 11:00:00+09:00,191.0,199.0,191.0,193.0,0,0.0,0.0
2023-11-09 12:00:00+09:00,193.0,194.0,190.0,190.0,3301500,0.0,0.0
2023-11-09 13:00:00+09:00,189.0,192.0,189.0,190.0,86600,0.0,0.0
2023-11-09 14:00:00+09:00,190.0,191.0,188.0,190.0,128600,0.0,0.0
2023-11-10 09:00:00+09:00,190.0,196.0,182.0,185.0,0,0.0,0.0
2023-11-10 10:00:00+09:00,185.0,186.0,184.0,184.0,252800,0.0,0.0
2023-11-10 11:00:00+09:00,184.0,186.0,184.0,186.0,0,0.0,0.0
2023-11-10 12:00:00+09:00,185.0,187.0,184.0,186.0,275700,0.0,0.0
2023-11-10 13:00:00+09:00,186.0,186.0,183.0,183.0,45100,0.0,0.0
2023-11-10 14:00:00+09:00,183.0,184.0,182.0,182.0,45300,0.0,0.0
2023-11-13 09:00:00+09:00,180.0,182.0,177.0,180.0,0,0.0,0.0
2023-11-13 10:00:00+09:00,180.0,181.0,179.0,179.0,11500,0.0,0.0
2023-11-13 11:00:00+09:00,179.0,181.0,178.0,179.0,0,0.0,0.0
2023-11-13 12:00:00+09:00,178.0,181.0,178.0,180.0,99300,0.0,0.0
2023-11-13 13:00:00+09:00,180.0,181.0,180.0,180.0,3000,0.0,0.0
2023-11-13 14:00:00+09:00,180.0,182.0,179.0,181.0,18300,0.0,0.0
2023-11-14 09:00:00+09:00,181.0,186.0,181.0,185.0,30200,0.0,0.0
2023-11-14 10:00:00+09:00,184.0,185.0,184.0,184.0,700,0.0,0.0
2023-11-14 11:00:00+09:00,184.0,185.0,184.0,185.0,0,0.0,0.0
2023-11-14 12:00:00+09:00,185.0,185.0,183.0,184.0,34100,0.0,0.0
2023-11-14 13:00:00+09:00,183.0,184.0,183.0,184.0,1700,0.0,0.0
2023-11-14 14:00:00+09:00,183.0,184.0,182.0,184.0,6000,0.0,0.0
2023-11-15 09:00:00+09:00,184.0,185.0,182.0,182.0,9800,0.0,0.0
2023-11-15 10:00:00+09:00,182.0,183.0,182.0,183.0,1900,0.0,0.0
2023-11-15 11:00:00+09:00,182.0,183.0,182.0,183.0,0,0.0,0.0
2023-11-15 12:00:00+09:00,182.0,183.0,182.0,183.0,15300,0.0,0.0
2023-11-15 13:00:00+09:00,183.0,183.0,183.0,183.0,1000,0.0,0.0
2023-11-15 14:00:00+09:00,182.0,183.0,182.0,182.0,4100,0.0,0.0
2023-11-16 09:00:00+09:00,182.0,185.0,182.0,183.0,20600,0.0,0.0
2023-11-16 10:00:00+09:00,182.0,183.0,182.0,183.0,3200,0.0,0.0
2023-11-16 11:00:00+09:00,183.0,183.0,182.0,183.0,0,0.0,0.0
2023-11-16 12:00:00+09:00,183.0,183.0,183.0,183.0,29700,0.0,0.0
2023-11-16 13:00:00+09:00,183.0,184.0,183.0,184.0,1700,0.0,0.0
2023-11-16 14:00:00+09:00,184.0,184.0,182.0,182.0,6700,0.0,0.0
2023-11-17 09:00:00+09:00,182.0,183.0,180.0,181.0,12000,0.0,0.0
2023-11-17 10:00:00+09:00,181.0,182.0,181.0,181.0,900,0.0,0.0
2023-11-17 11:00:00+09:00,181.0,182.0,181.0,182.0,0,0.0,0.0
2023-11-17 12:00:00+09:00,182.0,183.0,181.0,182.0,22300,0.0,0.0
2023-11-17 13:00:00+09:00,182.0,183.0,181.0,181.0,3600,0.0,0.0
2023-11-17 14:00:00+09:00,182.0,183.0,181.0,182.0,5700,0.0,0.0
2023-11-20 09:00:00+09:00,183.0,184.0,182.0,184.0,6300,0.0,0.0
2023-11-20 10:00:00+09:00,183.0,184.0,183.0,184.0,3200,0.0,0.0
2023-11-20 11:00:00+09:00,183.0,184.0,183.0,184.0,0,0.0,0.0
2023-11-20 12:00:00+09:00,184.0,184.0,184.0,184.0,10100,0.0,0.0
2023-11-20 13:00:00+09:00,184.0,185.0,183.0,183.0,2000,0.0,0.0
2023-11-20 14:00:00+09:00,183.0,184.0,183.0,184.0,5400,0.0,0.0
2023-11-21 09:00:00+09:00,183.0,183.0,182.0,183.0,1300,0.0,0.0
2023-11-21 10:00:00+09:00,182.0,183.0,182.0,183.0,2600,0.0,0.0
2023-11-21 11:00:00+09:00,182.0,183.0,182.0,183.0,0,0.0,0.0
2023-11-21 12:00:00+09:00,183.0,183.0,183.0,183.0,5600,0.0,0.0
2023-11-21 13:00:00+09:00,182.0,183.0,182.0,183.0,500,0.0,0.0
2023-11-21 14:00:00+09:00,182.0,183.0,182.0,182.0,1400,0.0,0.0
2023-11-22 09:00:00+09:00,183.0,183.0,182.0,183.0,1700,0.0,0.0
2023-11-22 10:00:00+09:00,182.0,185.0,182.0,184.0,0,0.0,0.0
2023-11-22 11:00:00+09:00,184.0,185.0,184.0,185.0,0,0.0,0.0
2023-11-22 12:00:00+09:00,184.0,185.0,184.0,185.0,12100,0.0,0.0
2023-11-22 13:00:00+09:00,184.0,185.0,184.0,184.0,800,0.0,0.0
2023-11-22 14:00:00+09:00,184.0,184.0,184.0,184.0,300,0.0,0.0
2023-11-24 09:00:00+09:00,183.0,183.0,182.0,183.0,4300,0.0,0.0
2023-11-24 10:00:00+09:00,183.0,183.0,183.0,183.0,100,0.0,0.0
2023-11-24 11:00:00+09:00,183.0,183.0,183.0,183.0,0,0.0,0.0
2023-11-24 12:00:00+09:00,182.0,182.0,182.0,182.0,4600,0.0,0.0
2023-11-24 13:00:00+09:00,182.0,183.0,182.0,183.0,1000,0.0,0.0
2023-11-24 14:00:00+09:00,182.0,183.0,182.0,182.0,3800,0.0,0.0
2023-11-27 09:00:00+09:00,184.0,184.0,183.0,184.0,10600,0.0,0.0
2023-11-27 10:00:00+09:00,184.0,184.0,182.0,182.0,1100,0.0,0.0
2023-11-27 11:00:00+09:00,182.0,182.0,182.0,182.0,0,0.0,0.0
2023-11-27 12:00:00+09:00,182.0,182.0,182.0,182.0,14100,0.0,0.0
2023-11-27 13:00:00+09:00,181.0,181.0,181.0,181.0,100,0.0,0.0
2023-11-27 14:00:00+09:00,181.0,182.0,181.0,182.0,2300,0.0,0.0
2023-11-28 09:00:00+09:00,182.0,182.0,182.0,182.0,700,0.0,0.0
2023-11-28 10:00:00+09:00,181.0,181.0,181.0,181.0,1000,0.0,0.0
2023-11-28 11:00:00+09:00,181.0,182.0,180.0,182.0,0,0.0,0.0
2023-11-28 12:00:00+09:00,182.0,182.0,181.0,182.0,16700,0.0,0.0
2023-11-28 14:00:00+09:00,181.0,181.0,181.0,181.0,2000,0.0,0.0
2023-11-29 09:00:00+09:00,181.0,181.0,180.0,180.0,1400,0.0,0.0
2023-11-29 10:00:00+09:00,181.0,182.0,181.0,182.0,2800,0.0,0.0
2023-11-29 11:00:00+09:00,181.0,182.0,181.0,182.0,0,0.0,0.0
2023-11-29 12:00:00+09:00,181.0,182.0,181.0,182.0,6200,0.0,0.0
2023-11-29 13:00:00+09:00,182.0,184.0,182.0,183.0,11500,0.0,0.0
2023-11-29 14:00:00+09:00,184.0,184.0,182.0,182.0,1100,0.0,0.0
2023-11-30 09:00:00+09:00,183.0,183.0,182.0,182.0,5200,0.0,0.0
2023-11-30 10:00:00+09:00,181.0,181.0,181.0,181.0,300,0.0,0.0
2023-11-30 11:00:00+09:00,181.0,182.0,181.0,182.0,0,0.0,0.0
2023-11-30 12:00:00+09:00,181.0,181.0,181.0,181.0,7200,0.0,0.0
2023-11-30 13:00:00+09:00,181.0,182.0,181.0,181.0,400,0.0,0.0
2023-11-30 14:00:00+09:00,181.0,182.0,181.0,181.0,1800,0.0,0.0
2023-12-01 09:00:00+09:00,180.0,181.0,180.0,181.0,5200,0.0,0.0
2023-12-01 10:00:00+09:00,181.0,181.0,180.0,180.0,300,0.0,0.0
2023-12-01 11:00:00+09:00,180.0,181.0,180.0,181.0,0,0.0,0.0
2023-12-01 12:00:00+09:00,180.0,180.0,180.0,180.0,7200,0.0,0.0
2023-12-01 13:00:00+09:00,181.0,181.0,181.0,181.0,100,0.0,0.0
2023-12-01 14:00:00+09:00,181.0,181.0,181.0,181.0,4000,0.0,0.0
2023-12-04 09:00:00+09:00,180.0,181.0,180.0,181.0,0,0.0,0.0
2023-12-04 10:00:00+09:00,181.0,181.0,181.0,181.0,8000,0.0,0.0
2023-12-04 11:00:00+09:00,181.0,181.0,181.0,181.0,0,0.0,0.0
2023-12-04 12:00:00+09:00,183.0,183.0,182.0,182.0,48100,0.0,0.0
2023-12-04 13:00:00+09:00,182.0,183.0,182.0,183.0,0,0.0,0.0
2023-12-04 14:00:00+09:00,182.0,183.0,181.0,182.0,51200,0.0,0.0
2023-12-05 09:00:00+09:00,183.0,185.0,183.0,184.0,8600,0.0,0.0
2023-12-05 10:00:00+09:00,183.0,184.0,183.0,184.0,200,0.0,0.0
2023-12-05 11:00:00+09:00,183.0,184.0,183.0,184.0,0,0.0,0.0
2023-12-05 12:00:00+09:00,184.0,184.0,184.0,184.0,9900,0.0,0.0
2023-12-05 14:00:00+09:00,183.0,184.0,181.0,183.0,5100,0.0,0.0
2023-12-06 09:00:00+09:00,182.0,184.0,182.0,184.0,9100,0.0,0.0
2023-12-06 11:00:00+09:00,184.0,185.0,184.0,185.0,0,0.0,0.0
2023-12-06 12:00:00+09:00,185.0,185.0,185.0,185.0,11700,0.0,0.0
2023-12-06 13:00:00+09:00,184.0,184.0,184.0,184.0,600,0.0,0.0
2023-12-06 14:00:00+09:00,184.0,185.0,183.0,185.0,4500,0.0,0.0
2023-12-07 09:00:00+09:00,183.0,183.0,182.0,183.0,3800,0.0,0.0
2023-12-07 11:00:00+09:00,183.0,183.0,183.0,183.0,0,0.0,0.0
2023-12-07 12:00:00+09:00,182.0,182.0,182.0,182.0,3900,0.0,0.0
2023-12-07 13:00:00+09:00,181.0,182.0,181.0,182.0,700,0.0,0.0
2023-12-07 14:00:00+09:00,181.0,182.0,181.0,182.0,800,0.0,0.0
2023-12-08 09:00:00+09:00,183.0,183.0,181.0,181.0,13800,0.0,0.0
2023-12-08 10:00:00+09:00,181.0,182.0,181.0,182.0,1500,0.0,0.0
2023-12-08 11:00:00+09:00,182.0,183.0,181.0,183.0,0,0.0,0.0
2023-12-08 12:00:00+09:00,182.0,182.0,182.0,182.0,17900,0.0,0.0
2023-12-08 13:00:00+09:00,181.0,182.0,181.0,182.0,2700,0.0,0.0
2023-12-08 14:00:00+09:00,181.0,181.0,180.0,180.0,2900,0.0,0.0
2023-12-11 09:00:00+09:00,180.0,181.0,180.0,180.0,2200,0.0,0.0
2023-12-11 10:00:00+09:00,181.0,181.0,181.0,181.0,200,0.0,0.0
2023-12-11 11:00:00+09:00,180.0,181.0,180.0,181.0,0,0.0,0.0
2023-12-11 12:00:00+09:00,180.0,180.0,180.0,180.0,6000,0.0,0.0
2023-12-11 13:00:00+09:00,181.0,181.0,180.0,180.0,400,0.0,0.0
2023-12-11 14:00:00+09:00,181.0,181.0,181.0,181.0,100,0.0,0.0
2023-12-12 09:00:00+09:00,181.0,181.0,180.0,180.0,1600,0.0,0.0
2023-12-12 10:00:00+09:00,180.0,181.0,180.0,180.0,1200,0.0,0.0
2023-12-12 11:00:00+09:00,181.0,181.0,181.0,181.0,0,0.0,0.0
2023-12-12 12:00:00+09:00,181.0,181.0,181.0,181.0,0,0.0,0.0
2023-12-12 13:00:00+09:00,181.0,181.0,180.0,180.0,6000,0.0,0.0
2023-12-12 14:00:00+09:00,180.0,181.0,180.0,181.0,1300,0.0,0.0
2023-12-13 09:00:00+09:00,180.0,183.0,180.0,182.0,4300,0.0,0.0
2023-12-13 10:00:00+09:00,181.0,182.0,181.0,182.0,1000,0.0,0.0
2023-12-13 11:00:00+09:00,181.0,181.0,180.0,180.0,0,0.0,0.0
2023-12-13 12:00:00+09:00,180.0,180.0,180.0,180.0,19500,0.0,0.0
2023-12-13 13:00:00+09:00,180.0,180.0,180.0,180.0,3500,0.0,0.0
2023-12-13 14:00:00+09:00,179.0,180.0,179.0,180.0,900,0.0,0.0
2023-12-14 09:00:00+09:00,179.0,181.0,179.0,179.0,3400,0.0,0.0
2023-12-14 10:00:00+09:00,179.0,180.0,177.0,177.0,13800,0.0,0.0
2023-12-14 11:00:00+09:00,178.0,178.0,178.0,178.0,0,0.0,0.0
2023-12-14 12:00:00+09:00,178.0,178.0,178.0,178.0,18200,0.0,0.0
2023-12-14 14:00:00+09:00,178.0,178.0,177.0,177.0,7200,0.0,0.0
2023-12-15 09:00:00+09:00,176.0,178.0,176.0,178.0,5700,0.0,0.0
2023-12-15 10:00:00+09:00,178.0,178.0,177.0,177.0,1500,0.0,0.0
2023-12-15 11:00:00+09:00,177.0,178.0,176.0,177.0,0,0.0,0.0
2023-12-15 12:00:00+09:00,178.0,179.0,178.0,179.0,20400,0.0,0.0
2023-12-15 13:00:00+09:00,178.0,178.0,178.0,178.0,500,0.0,0.0
2023-12-15 14:00:00+09:00,178.0,179.0,177.0,178.0,4200,0.0,0.0
2023-12-18 09:00:00+09:00,178.0,178.0,177.0,177.0,0,0.0,0.0
2023-12-18 11:00:00+09:00,178.0,179.0,178.0,179.0,0,0.0,0.0
2023-12-18 12:00:00+09:00,178.0,178.0,178.0,178.0,13100,0.0,0.0
2023-12-18 13:00:00+09:00,178.0,178.0,178.0,178.0,400,0.0,0.0
2023-12-18 14:00:00+09:00,178.0,178.0,178.0,178.0,1300,0.0,0.0
2023-12-19 09:00:00+09:00,177.0,179.0,177.0,178.0,3800,0.0,0.0
2023-12-19 10:00:00+09:00,177.0,178.0,176.0,177.0,19200,0.0,0.0
2023-12-19 11:00:00+09:00,178.0,178.0,177.0,177.0,0,0.0,0.0
2023-12-19 12:00:00+09:00,178.0,180.0,178.0,180.0,48100,0.0,0.0
2023-12-19 13:00:00+09:00,179.0,179.0,177.0,178.0,5900,0.0,0.0
2023-12-19 14:00:00+09:00,178.0,179.0,178.0,178.0,900,0.0,0.0
2023-12-20 09:00:00+09:00,177.0,178.0,177.0,178.0,4000,0.0,0.0
2023-12-20 10:00:00+09:00,177.0,178.0,177.0,177.0,4600,0.0,0.0
2023-12-20 11:00:00+09:00,178.0,178.0,178.0,178.0,0,0.0,0.0
2023-12-20 12:00:00+09:00,177.0,178.0,177.0,178.0,9600,0.0,0.0
2023-12-20 13:00:00+09:00,178.0,178.0,178.0,178.0,300,0.0,0.0
2023-12-20 14:00:00+09:00,178.0,178.0,177.0,178.0,4000,0.0,0.0
2023-12-21 09:00:00+09:00,178.0,178.0,178.0,178.0,400,0.0,0.0
2023-12-21 10:00:00+09:00,178.0,178.0,178.0,178.0,100,0.0,0.0
2023-12-21 11:00:00+09:00,178.0,178.0,178.0,178.0,0,0.0,0.0
2023-12-21 12:00:00+09:00,178.0,178.0,177.0,178.0,10300,0.0,0.0
2023-12-21 13:00:00+09:00,178.0,178.0,178.0,178.0,1800,0.0,0.0
2023-12-21 14:00:00+09:00,178.0,178.0,178.0,178.0,2300,0.0,0.0
2023-12-22 09:00:00+09:00,177.0,178.0,177.0,178.0,5100,0.0,0.0
2023-12-22 10:00:00+09:00,177.0,177.0,177.0,177.0,600,0.0,0.0
2023-12-22 11:00:00+09:00,176.0,177.0,176.0,177.0,0,0.0,0.0
2023-12-22 12:00:00+09:00,177.0,177.0,177.0,177.0,0,0.0,0.0
2023-12-22 14:00:00+09:00,177.0,177.0,176.0,176.0,10400,0.0,0.0
2023-12-25 09:00:00+09:00,176.0,177.0,176.0,177.0,2600,0.0,0.0
2023-12-25 11:00:00+09:00,176.0,176.0,176.0,176.0,0,0.0,0.0
2023-12-25 12:00:00+09:00,177.0,177.0,175.0,175.0,23800,0.0,0.0
2023-12-25 13:00:00+09:00,174.0,175.0,174.0,175.0,600,0.0,0.0
2023-12-25 14:00:00+09:00,174.0,175.0,174.0,174.0,9600,0.0,0.0
2023-12-26 09:00:00+09:00,175.0,175.0,173.0,173.0,6900,0.0,0.0
2023-12-26 10:00:00+09:00,173.0,173.0,173.0,173.0,7100,0.0,0.0
2023-12-26 11:00:00+09:00,173.0,173.0,173.0,173.0,0,0.0,0.0
2023-12-26 12:00:00+09:00,173.0,173.0,173.0,173.0,18300,0.0,0.0
2023-12-26 13:00:00+09:00,173.0,173.0,173.0,173.0,400,0.0,0.0
2023-12-26 14:00:00+09:00,173.0,174.0,173.0,173.0,7000,0.0,0.0
2023-12-27 09:00:00+09:00,173.0,173.0,173.0,173.0,15500,0.0,0.0
2023-12-27 10:00:00+09:00,174.0,174.0,174.0,174.0,300,0.0,0.0
2023-12-27 11:00:00+09:00,173.0,173.0,173.0,173.0,0,0.0,0.0
2023-12-27 12:00:00+09:00,174.0,174.0,173.0,173.0,18700,0.0,0.0
2023-12-27 13:00:00+09:00,173.0,173.0,173.0,173.0,500,0.0,0.0
2023-12-27 14:00:00+09:00,173.0,174.0,173.0,174.0,12000,0.0,0.0
2023-12-28 09:00:00+09:00,172.0,173.0,172.0,173.0,9200,0.0,0.0
2023-12-28 10:00:00+09:00,173.0,173.0,173.0,173.0,4200,0.0,0.0
2023-12-28 11:00:00+09:00,173.0,173.0,173.0,173.0,0,0.0,0.0
2023-12-28 12:00:00+09:00,173.0,174.0,173.0,174.0,15300,0.0,0.0
2023-12-28 13:00:00+09:00,173.0,174.0,173.0,174.0,9100,0.0,0.0
2023-12-28 14:00:00+09:00,173.0,174.0,172.0,172.0,14100,0.0,0.0
2023-12-29 09:00:00+09:00,172.0,174.0,172.0,174.0,0,0.0,0.0
2023-12-29 10:00:00+09:00,173.0,173.0,173.0,173.0,13600,0.0,0.0
2023-12-29 11:00:00+09:00,173.0,173.0,173.0,173.0,0,0.0,0.0
2023-12-29 12:00:00+09:00,173.0,174.0,173.0,174.0,15400,0.0,0.0
2023-12-29 13:00:00+09:00,174.0,174.0,173.0,173.0,300,0.0,0.0
2023-12-29 14:00:00+09:00,173.0,174.0,173.0,174.0,1400,0.0,0.0
2024-01-04 09:00:00+09:00,173.0,174.0,172.0,173.0,10100,0.0,0.0
2024-01-04 10:00:00+09:00,172.0,174.0,172.0,174.0,6900,0.0,0.0
2024-01-04 11:00:00+09:00,174.0,175.0,174.0,174.0,0,0.0,0.0
2024-01-04 12:00:00+09:00,175.0,175.0,175.0,175.0,22400,0.0,0.0
2024-01-04 14:00:00+09:00,175.0,175.0,174.0,175.0,700,0.0,0.0
2024-01-05 09:00:00+09:00,174.0,174.0,174.0,174.0,3500,0.0,0.0
2024-01-05 10:00:00+09:00,175.0,179.0,175.0,179.0,15500,0.0,0.0
2024-01-05 11:00:00+09:00,178.0,178.0,178.0,178.0,0,0.0,0.0
2024-01-05 12:00:00+09:00,179.0,182.0,179.0,180.0,37700,0.0,0.0
2024-01-05 13:00:00+09:00,180.0,180.0,179.0,179.0,7300,0.0,0.0
2024-01-05 14:00:00+09:00,179.0,180.0,179.0,180.0,4300,0.0,0.0
2024-01-09 09:00:00+09:00,180.0,182.0,180.0,182.0,12000,0.0,0.0
2024-01-09 10:00:00+09:00,182.0,183.0,182.0,182.0,4100,0.0,0.0
2024-01-09 11:00:00+09:00,181.0,181.0,181.0,181.0,0,0.0,0.0
2024-01-09 12:00:00+09:00,181.0,181.0,181.0,181.0,16600,0.0,0.0
2024-01-09 13:00:00+09:00,181.0,182.0,181.0,181.0,2900,0.0,0.0
2024-01-09 14:00:00+09:00,181.0,181.0,180.0,181.0,6600,0.0,0.0
2024-01-10 09:00:00+09:00,180.0,180.0,179.0,180.0,8300,0.0,0.0
2024-01-10 10:00:00+09:00,180.0,180.0,179.0,180.0,2300,0.0,0.0
2024-01-10 11:00:00+09:00,179.0,180.0,179.0,180.0,0,0.0,0.0
2024-01-10 12:00:00+09:00,179.0,179.0,179.0,179.0,12400,0.0,0.0
2024-01-10 13:00:00+09:00,179.0,180.0,179.0,180.0,3800,0.0,0.0
2024-01-10 14:00:00+09:00,180.0,180.0,178.0,178.0,3300,0.0,0.0
2024-01-11 09:00:00+09:00,180.0,182.0,180.0,181.0,11400,0.0,0.0
2024-01-11 10:00:00+09:00,181.0,182.0,181.0,181.0,2100,0.0,0.0
2024-01-11 11:00:00+09:00,181.0,182.0,181.0,182.0,0,0.0,0.0
2024-01-11 12:00:00+09:00,181.0,182.0,181.0,182.0,18700,0.0,0.0
2024-01-11 14:00:00+09:00,182.0,182.0,181.0,182.0,2600,0.0,0.0
2024-01-12 09:00:00+09:00,182.0,184.0,181.0,182.0,6200,0.0,0.0
2024-01-12 10:00:00+09:00,182.0,182.0,178.0,179.0,39700,0.0,0.0
2024-01-12 11:00:00+09:00,179.0,179.0,178.0,179.0,0,0.0,0.0
2024-01-12 12:00:00+09:00,178.0,179.0,177.0,178.0,88600,0.0,0.0
2024-01-12 13:00:00+09:00,177.0,178.0,177.0,178.0,1600,0.0,0.0
2024-01-12 14:00:00+09:00,178.0,181.0,178.0,181.0,20400,0.0,0.0
2024-01-15 09:00:00+09:00,183.0,183.0,180.0,180.0,0,0.0,0.0
2024-01-15 10:00:00+09:00,180.0,182.0,180.0,182.0,19900,0.0,0.0
2024-01-15 11:00:00+09:00,182.0,182.0,180.0,180.0,0,0.0,0.0
2024-01-15 12:00:00+09:00,181.0,182.0,180.0,180.0,22000,0.0,0.0
2024-01-15 13:00:00+09:00,180.0,182.0,180.0,181.0,4100,0.0,0.0
2024-01-15 14:00:00+09:00,181.0,182.0,180.0,182.0,7200,0.0,0.0
2024-01-16 09:00:00+09:00,181.0,181.0,180.0,181.0,9900,0.0,0.0
2024-01-16 10:00:00+09:00,180.0,180.0,179.0,179.0,5700,0.0,0.0
2024-01-16 11:00:00+09:00,179.0,179.0,179.0,179.0,0,0.0,0.0
2024-01-16 12:00:00+09:00,178.0,180.0,178.0,179.0,20500,0.0,0.0
2024-01-16 13:00:00+09:00,179.0,180.0,178.0,179.0,2600,0.0,0.0
2024-01-16 14:00:00+09:00,179.0,180.0,177.0,180.0,10200,0.0,0.0
2024-01-17 09:00:00+09:00,178.0,181.0,178.0,179.0,4800,0.0,0.0
2024-01-17 11:00:00+09:00,179.0,180.0,178.0,178.0,0,0.0,0.0
2024-01-17 12:00:00+09:00,178.0,178.0,178.0,178.0,10600,0.0,0.0
2024-01-17 13:00:00+09:00,179.0,179.0,179.0,179.0,800,0.0,0.0
2024-01-17 14:00:00+09:00,178.0,179.0,178.0,179.0,700,0.0,0.0
2024-01-18 09:00:00+09:00,178.0,178.0,176.0,177.0,11900,0.0,0.0
2024-01-18 10:00:00+09:00,178.0,178.0,177.0,177.0,700,0.0,0.0
2024-01-18 11:00:00+09:00,177.0,177.0,177.0,177.0,0,0.0,0.0
2024-01-18 12:00:00+09:00,179.0,180.0,178.0,180.0,30600,0.0,0.0
2024-01-18 13:00:00+09:00,178.0,180.0,178.0,178.0,1100,0.0,0.0
2024-01-18 14:00:00+09:00,178.0,179.0,177.0,178.0,4100,0.0,0.0
2024-01-19 09:00:00+09:00,177.0,178.0,177.0,178.0,4200,0.0,0.0
2024-01-19 10:00:00+09:00,177.0,177.0,176.0,176.0,8000,0.0,0.0
2024-01-19 11:00:00+09:00,176.0,177.0,176.0,176.0,0,0.0,0.0
2024-01-19 12:00:00+09:00,176.0,177.0,176.0,177.0,22800,0.0,0.0
2024-01-19 13:00:00+09:00,177.0,177.0,176.0,177.0,1100,0.0,0.0
2024-01-19 14:00:00+09:00,176.0,177.0,176.0,176.0,4300,0.0,0.0
2024-01-22 09:00:00+09:00,177.0,179.0,176.0,179.0,27400,0.0,0.0
2024-01-22 10:00:00+09:00,179.0,179.0,178.0,178.0,1800,0.0,0.0
2024-01-22 11:00:00+09:00,178.0,179.0,178.0,178.0,0,0.0,0.0
2024-01-22 12:00:00+09:00,178.0,179.0,178.0,178.0,32500,0.0,0.0
2024-01-22 13:00:00+09:00,179.0,179.0,177.0,177.0,2800,0.0,0.0
2024-01-22 14:00:00+09:00,177.0,178.0,177.0,177.0,5000,0.0,0.0
2024-01-23 09:00:00+09:00,176.0,178.0,176.0,176.0,9300,0.0,0.0
2024-01-23 10:00:00+09:00,176.0,177.0,176.0,176.0,1200,0.0,0.0
2024-01-23 11:00:00+09:00,176.0,177.0,176.0,176.0,0,0.0,0.0
2024-01-23 12:00:00+09:00,176.0,177.0,175.0,175.0,21400,0.0,0.0
2024-01-23 13:00:00+09:00,175.0,176.0,175.0,176.0,600,0.0,0.0
2024-01-23 14:00:00+09:00,176.0,176.0,175.0,175.0,2500,0.0,0.0
2024-01-24 09:00:00+09:00,177.0,177.0,175.0,175.0,10000,0.0,0.0
2024-01-24 10:00:00+09:00,175.0,176.0,175.0,176.0,2000,0.0,0.0
2024-01-24 11:00:00+09:00,175.0,176.0,175.0,176.0,0,0.0,0.0
2024-01-24 12:00:00+09:00,175.0,176.0,175.0,176.0,15400,0.0,0.0
2024-01-24 13:00:00+09:00,176.0,176.0,176.0,176.0,600,0.0,0.0
2024-01-24 14:00:00+09:00,176.0,176.0,175.0,175.0,3800,0.0,0.0
2024-01-25 09:00:00+09:00,175.0,176.0,175.0,176.0,2100,0.0,0.0
2024-01-25 11:00:00+09:00,176.0,176.0,176.0,176.0,0,0.0,0.0
2024-01-25 12:00:00+09:00,175.0,176.0,175.0,176.0,8500,0.0,0.0
2024-01-25 13:00:00+09:00,176.0,176.0,176.0,176.0,500,0.0,0.0
2024-01-25 14:00:00+09:00,175.0,176.0,174.0,176.0,22100,0.0,0.0
2024-01-26 09:00:00+09:00,177.0,177.0,176.0,176.0,8000,0.0,0.0
2024-01-26 10:00:00+09:00,175.0,176.0,175.0,175.0,2500,0.0,0.0
2024-01-26 11:00:00+09:00,175.0,176.0,175.0,176.0,0,0.0,0.0
2024-01-26 12:00:00+09:00,176.0,176.0,176.0,176.0,27600,0.0,0.0
2024-01-26 13:00:00+09:00,175.0,177.0,175.0,177.0,9500,0.0,0.0
2024-01-26 14:00:00+09:00,177.0,177.0,176.0,176.0,1800,0.0,0.0
2024-01-29 09:00:00+09:00,177.0,180.0,177.0,180.0,19500,0.0,0.0
2024-01-29 10:00:00+09:00,179.0,181.0,179.0,179.0,7600,0.0,0.0
2024-01-29 11:00:00+09:00,179.0,179.0,179.0,179.0,0,0.0,0.0
2024-01-29 12:00:00+09:00,180.0,180.0,180.0,180.0,36200,0.0,0.0
2024-01-29 13:00:00+09:00,180.0,180.0,180.0,180.0,100,0.0,0.0
2024-01-29 14:00:00+09:00,180.0,180.0,179.0,180.0,6800,0.0,0.0
2024-01-30 09:00:00+09:00,181.0,183.0,180.0,182.0,42200,0.0,0.0
2024-01-30 10:00:00+09:00,182.0,183.0,181.0,182.0,11500,0.0,0.0
2024-01-30 11:00:00+09:00,181.0,182.0,181.0,182.0,0,0.0,0.0
2024-01-30 12:00:00+09:00,183.0,183.0,182.0,183.0,70800,0.0,0.0
2024-01-30 13:00:00+09:00,182.0,184.0,182.0,184.0,7600,0.0,0.0
2024-01-30 14:00:00+09:00,183.0,187.0,183.0,187.0,30300,0.0,0.0
2024-01-31 09:00:00+09:00,184.0,184.0,182.0,182.0,16500,0.0,0.0
2024-01-31 10:00:00+09:00,181.0,182.0,180.0,181.0,9600,0.0,0.0
2024-01-31 11:00:00+09:00,182.0,182.0,181.0,181.0,0,0.0,0.0
2024-01-31 12:00:00+09:00,180.0,181.0,179.0,180.0,42300,0.0,0.0
2024-01-31 13:00:00+09:00,180.0,181.0,178.0,180.0,10600,0.0,0.0
2024-01-31 14:00:00+09:00,180.0,181.0,179.0,181.0,5800,0.0,0.0
2024-02-01 09:00:00+09:00,182.0,182.0,179.0,182.0,17200,0.0,0.0
2024-02-01 10:00:00+09:00,181.0,182.0,180.0,180.0,1300,0.0,0.0
2024-02-01 11:00:00+09:00,180.0,180.0,180.0,180.0,0,0.0,0.0
2024-02-01 12:00:00+09:00,180.0,180.0,180.0,180.0,18800,0.0,0.0
2024-02-01 13:00:00+09:00,180.0,180.0,180.0,180.0,1300,0.0,0.0
2024-02-01 14:00:00+09:00,180.0,180.0,179.0,179.0,3400,0.0,0.0
2024-02-02 09:00:00+09:00,181.0,181.0,179.0,179.0,13300,0.0,0.0
2024-02-02 10:00:00+09:00,179.0,180.0,179.0,179.0,400,0.0,0.0
2024-02-02 11:00:00+09:00,179.0,180.0,179.0,180.0,0,0.0,0.0
2024-02-02 12:00:00+09:00,179.0,179.0,178.0,178.0,17600,0.0,0.0
2024-02-02 13:00:00+09:00,178.0,180.0,178.0,180.0,3000,0.0,0.0
2024-02-02 14:00:00+09:00,180.0,180.0,179.0,179.0,1200,0.0,0.0
2024-02-05 09:00:00+09:00,178.0,178.0,178.0,178.0,2300,0.0,0.0
2024-02-05 10:00:00+09:00,178.0,179.0,178.0,179.0,1300,0.0,0.0
2024-02-05 11:00:00+09:00,179.0,179.0,179.0,179.0,0,0.0,0.0
2024-02-05 12:00:00+09:00,178.0,179.0,178.0,179.0,4900,0.0,0.0
2024-02-05 13:00:00+09:00,179.0,180.0,179.0,180.0,3300,0.0,0.0
2024-02-05 14:00:00+09:00,179.0,179.0,178.0,178.0,5700,0.0,0.0
2024-02-06 09:00:00+09:00,180.0,180.0,177.0,177.0,0,0.0,0.0
2024-02-06 10:00:00+09:00,177.0,177.0,177.0,177.0,6700,0.0,0.0
2024-02-06 11:00:00+09:00,177.0,178.0,177.0,177.0,0,0.0,0.0
2024-02-06 12:00:00+09:00,176.0,177.0,176.0,177.0,11300,0.0,0.0
2024-02-06 13:00:00+09:00,178.0,178.0,177.0,177.0,500,0.0,0.0
2024-02-06 14:00:00+09:00,177.0,178.0,177.0,177.0,2400,0.0,0.0
2024-02-07 09:00:00+09:00,176.0,176.0,175.0,176.0,6900,0.0,0.0
2024-02-07 10:00:00+09:00,175.0,176.0,175.0,175.0,1800,0.0,0.0
2024-02-07 11:00:00+09:00,175.0,175.0,175.0,175.0,0,0.0,0.0
2024-02-07 12:00:00+09:00,175.0,176.0,175.0,175.0,10900,0.0,0.0
2024-02-07 13:00:00+09:00,175.0,177.0,175.0,176.0,4900,0.0,0.0
2024-02-07 14:00:00+09:00,176.0,178.0,176.0,178.0,5300,0.0,0.0
2024-02-08 09:00:00+09:00,177.0,177.0,175.0,177.0,7600,0.0,0.0
2024-02-08 10:00:00+09:00,176.0,176.0,175.0,175.0,400,0.0,0.0
2024-02-08 11:00:00+09:00,175.0,177.0,175.0,177.0,0,0.0,0.0
2024-02-08 12:00:00+09:00,177.0,180.0,177.0,180.0,63300,0.0,0.0
2024-02-08 13:00:00+09:00,180.0,180.0,179.0,179.0,200,0.0,0.0
2024-02-08 14:00:00+09:00,179.0,180.0,179.0,179.0,1900,0.0,0.0
2024-02-09 09:00:00+09:00,179.0,179.0,178.0,178.0,6400,0.0,0.0
2024-02-09 10:00:00+09:00,178.0,178.0,177.0,178.0,2600,0.0,0.0
2024-02-09 11:00:00+09:00,178.0,179.0,177.0,177.0,0,0.0,0.0
2024-02-09 12:00:00+09:00,177.0,178.0,177.0,178.0,25700,0.0,0.0
2024-02-09 13:00:00+09:00,177.0,178.0,177.0,178.0,3300,0.0,0.0
2024-02-09 14:00:00+09:00,177.0,178.0,177.0,178.0,10900,0.0,0.0
2024-02-13 09:00:00+09:00,177.0,180.0,177.0,180.0,5800,0.0,0.0
2024-02-13 10:00:00+09:00,180.0,180.0,179.0,180.0,800,0.0,0.0
2024-02-13 11:00:00+09:00,180.0,181.0,180.0,181.0,0,0.0,0.0
2024-02-13 12:00:00+09:00,181.0,181.0,180.0,180.0,9600,0.0,0.0
2024-02-13 13:00:00+09:00,180.0,181.0,180.0,180.0,3500,0.0,0.0
2024-02-13 14:00:00+09:00,180.0,181.0,179.0,179.0,6900,0.0,0.0
2024-02-14 09:00:00+09:00,175.0,177.0,174.0,176.0,32300,0.0,0.0
2024-02-14 10:00:00+09:00,175.0,176.0,175.0,175.0,1400,0.0,0.0
2024-02-14 11:00:00+09:00,175.0,176.0,175.0,176.0,0,0.0,0.0
2024-02-14 12:00:00+09:00,175.0,176.0,175.0,175.0,65400,0.0,0.0
2024-02-14 13:00:00+09:00,175.0,175.0,175.0,175.0,500,0.0,0.0
2024-02-14 14:00:00+09:00,175.0,176.0,175.0,176.0,5900,0.0,0.0
2024-02-15 09:00:00+09:00,175.0,176.0,174.0,174.0,10400,0.0,0.0
2024-02-15 10:00:00+09:00,174.0,174.0,174.0,174.0,400,0.0,0.0
2024-02-15 11:00:00+09:00,174.0,174.0,174.0,174.0,0,0.0,0.0
2024-02-15 12:00:00+09:00,174.0,175.0,174.0,175.0,14700,0.0,0.0
2024-02-15 13:00:00+09:00,175.0,175.0,174.0,174.0,4000,0.0,0.0
2024-02-15 14:00:00+09:00,174.0,175.0,174.0,175.0,3600,0.0,0.0
2024-02-16 09:00:00+09:00,175.0,175.0,174.0,174.0,1000,0.0,0.0
2024-02-16 10:00:00+09:00,175.0,175.0,174.0,174.0,1000,0.0,0.0
2024-02-16 11:00:00+09:00,175.0,175.0,174.0,174.0,0,0.0,0.0
2024-02-16 12:00:00+09:00,174.0,175.0,174.0,175.0,4200,0.0,0.0
2024-02-16 13:00:00+09:00,175.0,176.0,174.0,175.0,3200,0.0,0.0
2024-02-16 14:00:00+09:00,176.0,176.0,175.0,176.0,2200,0.0,0.0
2024-02-19 09:00:00+09:00,176.0,176.0,176.0,176.0,5300,0.0,0.0
2024-02-19 10:00:00+09:00,175.0,175.0,175.0,175.0,700,0.0,0.0
2024-02-19 11:00:00+09:00,175.0,176.0,175.0,176.0,0,0.0,0.0
2024-02-19 12:00:00+09:00,175.0,176.0,175.0,176.0,7100,0.0,0.0
2024-02-19 13:00:00+09:00,176.0,177.0,175.0,177.0,4000,0.0,0.0
2024-02-19 14:00:00+09:00,176.0,177.0,176.0,177.0,1000,0.0,0.0
2024-02-20 09:00:00+09:00,175.0,176.0,175.0,175.0,4900,0.0,0.0
2024-02-20 10:00:00+09:00,175.0,176.0,174.0,176.0,2900,0.0,0.0
2024-02-20 11:00:00+09:00,176.0,176.0,176.0,176.0,0,0.0,0.0
2024-02-20 12:00:00+09:00,176.0,176.0,175.0,175.0,8300,0.0,0.0
2024-02-20 13:00:00+09:00,175.0,175.0,175.0,175.0,100,0.0,0.0
2024-02-20 14:00:00+09:00,175.0,176.0,175.0,175.0,1100,0.0,0.0
2024-02-21 09:00:00+09:00,175.0,175.0,174.0,175.0,6400,0.0,0.0
2024-02-21 10:00:00+09:00,175.0,177.0,175.0,176.0,0,0.0,0.0
2024-02-21 11:00:00+09:00,176.0,176.0,176.0,176.0,0,0.0,0.0
2024-02-21 12:00:00+09:00,174.0,176.0,174.0,176.0,23800,0.0,0.0
2024-02-21 13:00:00+09:00,176.0,177.0,176.0,177.0,2100,0.0,0.0
2024-02-21 14:00:00+09:00,176.0,177.0,175.0,177.0,3200,0.0,0.0
2024-02-22 09:00:00+09:00,176.0,178.0,176.0,176.0,0,0.0,0.0
2024-02-22 10:00:00+09:00,176.0,177.0,175.0,176.0,11700,0.0,0.0
2024-02-22 11:00:00+09:00,176.0,176.0,176.0,176.0,0,0.0,0.0
2024-02-22 12:00:00+09:00,176.0,177.0,176.0,177.0,19700,0.0,0.0
2024-02-22 14:00:00+09:00,176.0,177.0,175.0,177.0,3400,0.0,0.0
2024-02-26 09:00:00+09:00,175.0,177.0,175.0,175.0,5900,0.0,0.0
2024-02-26 10:00:00+09:00,175.0,176.0,175.0,176.0,7600,0.0,0.0
2024-02-26 11:00:00+09:00,175.0,175.0,174.0,175.0,0,0.0,0.0
2024-02-26 12:00:00+09:00,175.0,175.0,174.0,175.0,28700,0.0,0.0
2024-02-26 13:00:00+09:00,174.0,174.0,174.0,174.0,700,0.0,0.0
2024-02-26 14:00:00+09:00,174.0,175.0,174.0,174.0,900,0.0,0.0
2024-02-27 09:00:00+09:00,174.0,175.0,173.0,175.0,5900,0.0,0.0
2024-02-27 10:00:00+09:00,174.0,175.0,174.0,174.0,700,0.0,0.0
2024-02-27 11:00:00+09:00,174.0,174.0,174.0,174.0,0,0.0,0.0
2024-02-27 12:00:00+09:00,174.0,174.0,174.0,174.0,9400,0.0,0.0
2024-02-27 13:00:00+09:00,174.0,175.0,174.0,174.0,3900,0.0,0.0
2024-02-27 14:00:00+09:00,174.0,174.0,173.0,173.0,2500,0.0,0.0
2024-02-28 09:00:00+09:00,173.0,174.0,173.0,173.0,0,0.0,0.0
2024-02-28 10:00:00+09:00,173.0,174.0,173.0,173.0,5300,0.0,0.0
2024-02-28 11:00:00+09:00,173.0,174.0,173.0,174.0,0,0.0,0.0
2024-02-28 12:00:00+09:00,173.0,174.0,173.0,173.0,9000,0.0,0.0
2024-02-28 13:00:00+09:00,173.0,173.0,173.0,173.0,500,0.0,0.0
2024-02-28 14:00:00+09:00,173.0,174.0,173.0,173.0,3400,0.0,0.0
2024-02-29 09:00:00+09:00,174.0,174.0,173.0,174.0,1600,0.0,0.0
2024-02-29 10:00:00+09:00,173.0,174.0,173.0,173.0,4300,0.0,0.0
2024-02-29 11:00:00+09:00,173.0,173.0,173.0,173.0,0,0.0,0.0
2024-02-29 12:00:00+09:00,173.0,174.0,173.0,174.0,9900,0.0,0.0
2024-02-29 13:00:00+09:00,173.0,174.0,169.0,169.0,77900,0.0,0.0
2024-02-29 14:00:00+09:00,169.0,171.0,169.0,171.0,41900,0.0,0.0
2024-03-01 09:00:00+09:00,171.0,172.0,169.0,172.0,17300,0.0,0.0
2024-03-01 10:00:00+09:00,171.0,171.0,170.0,171.0,2900,0.0,0.0
2024-03-01 11:00:00+09:00,171.0,171.0,171.0,171.0,0,0.0,0.0
2024-03-01 12:00:00+09:00,171.0,171.0,170.0,170.0,26200,0.0,0.0
2024-03-01 13:00:00+09:00,170.0,171.0,170.0,171.0,3600,0.0,0.0
2024-03-01 14:00:00+09:00,171.0,171.0,170.0,170.0,2500,0.0,0.0
2024-03-04 09:00:00+09:00,171.0,171.0,170.0,170.0,4000,0.0,0.0
2024-03-04 10:00:00+09:00,170.0,171.0,170.0,170.0,1000,0.0,0.0
2024-03-04 11:00:00+09:00,170.0,170.0,169.0,170.0,0,0.0,0.0
2024-03-04 12:00:00+09:00,170.0,171.0,170.0,170.0,14500,0.0,0.0
2024-03-04 13:00:00+09:00,170.0,171.0,170.0,170.0,1500,0.0,0.0
2024-03-04 14:00:00+09:00,170.0,171.0,170.0,170.0,2500,0.0,0.0
2024-03-05 09:00:00+09:00,169.0,173.0,169.0,171.0,34000,0.0,0.0
2024-03-05 10:00:00+09:00,171.0,173.0,171.0,173.0,9600,0.0,0.0
2024-03-05 11:00:00+09:00,173.0,173.0,173.0,173.0,0,0.0,0.0
2024-03-05 12:00:00+09:00,171.0,171.0,170.0,170.0,46100,0.0,0.0
2024-03-05 13:00:00+09:00,170.0,171.0,170.0,171.0,1300,0.0,0.0
2024-03-05 14:00:00+09:00,171.0,172.0,171.0,172.0,1900,0.0,0.0
2024-03-06 09:00:00+09:00,170.0,173.0,170.0,172.0,4200,0.0,0.0
2024-03-06 10:00:00+09:00,172.0,172.0,172.0,172.0,200,0.0,0.0
2024-03-06 11:00:00+09:00,172.0,172.0,172.0,172.0,0,0.0,0.0
2024-03-06 12:00:00+09:00,171.0,172.0,171.0,172.0,5900,0.0,0.0
2024-03-06 13:00:00+09:00,171.0,171.0,171.0,171.0,100,0.0,0.0
2024-03-06 14:00:00+09:00,171.0,172.0,170.0,172.0,7400,0.0,0.0
2024-03-07 09:00:00+09:00,173.0,174.0,172.0,173.0,17500,0.0,0.0
2024-03-07 10:00:00+09:00,173.0,173.0,172.0,172.0,2800,0.0,0.0
2024-03-07 11:00:00+09:00,173.0,173.0,173.0,173.0,0,0.0,0.0
2024-03-07 12:00:00+09:00,173.0,173.0,173.0,173.0,26200,0.0,0.0
2024-03-07 13:00:00+09:00,173.0,173.0,172.0,172.0,200,0.0,0.0
2024-03-07 14:00:00+09:00,172.0,172.0,172.0,172.0,500,0.0,0.0
2024-03-08 09:00:00+09:00,172.0,174.0,172.0,173.0,10000,0.0,0.0
2024-03-08 10:00:00+09:00,173.0,173.0,172.0,172.0,1800,0.0,0.0
2024-03-08 11:00:00+09:00,172.0,173.0,172.0,172.0,0,0.0,0.0
2024-03-08 12:00:00+09:00,174.0,175.0,173.0,175.0,23200,0.0,0.0
2024-03-08 13:00:00+09:00,174.0,175.0,174.0,175.0,500,0.0,0.0
2024-03-08 14:00:00+09:00,174.0,175.0,174.0,174.0,6500,0.0,0.0
2024-03-11 09:00:00+09:00,175.0,175.0,172.0,172.0,0,0.0,0.0
2024-03-11 10:00:00+09:00,172.0,172.0,172.0,172.0,100,0.0,0.0
2024-03-11 11:00:00+09:00,173.0,174.0,173.0,173.0,0,0.0,0.0
2024-03-11 12:00:00+09:00,174.0,174.0,173.0,173.0,6200,0.0,0.0
2024-03-11 13:00:00+09:00,172.0,172.0,172.0,172.0,2200,0.0,0.0
2024-03-11 14:00:00+09:00,172.0,173.0,172.0,172.0,3900,0.0,0.0
2024-03-12 09:00:00+09:00,171.0,171.0,171.0,171.0,1000,0.0,0.0
2024-03-12 10:00:00+09:00,171.0,171.0,171.0,171.0,400,0.0,0.0
2024-03-12 11:00:00+09:00,171.0,171.0,171.0,171.0,0,0.0,0.0
2024-03-12 12:00:00+09:00,172.0,172.0,170.0,171.0,10600,0.0,0.0
2024-03-12 13:00:00+09:00,171.0,171.0,171.0,171.0,6800,0.0,0.0
2024-03-12 14:00:00+09:00,171.0,172.0,171.0,172.0,1500,0.0,0.0
2024-03-13 09:00:00+09:00,172.0,173.0,171.0,173.0,2600,0.0,0.0
2024-03-13 10:00:00+09:00,172.0,172.0,172.0,172.0,100,0.0,0.0
2024-03-13 11:00:00+09:00,172.0,172.0,172.0,172.0,0,0.0,0.0
2024-03-13 12:00:00+09:00,172.0,172.0,171.0,171.0,6400,0.0,0.0
2024-03-13 13:00:00+09:00,171.0,172.0,171.0,172.0,1200,0.0,0.0
2024-03-13 14:00:00+09:00,172.0,172.0,170.0,172.0,1200,0.0,0.0
2024-03-14 09:00:00+09:00,172.0,172.0,170.0,171.0,5100,0.0,0.0
2024-03-14 10:00:00+09:00,170.0,170.0,170.0,170.0,200,0.0,0.0
2024-03-14 11:00:00+09:00,170.0,170.0,170.0,170.0,0,0.0,0.0
2024-03-14 12:00:00+09:00,170.0,172.0,170.0,172.0,7300,0.0,0.0
2024-03-14 13:00:00+09:00,171.0,172.0,171.0,172.0,900,0.0,0.0
2024-03-14 14:00:00+09:00,171.0,172.0,170.0,172.0,1600,0.0,0.0
2024-03-15 09:00:00+09:00,173.0,173.0,170.0,171.0,7300,0.0,0.0
2024-03-15 11:00:00+09:00,171.0,171.0,171.0,171.0,0,0.0,0.0
2024-03-15 12:00:00+09:00,172.0,172.0,172.0,172.0,7400,0.0,0.0
2024-03-15 14:00:00+09:00,172.0,172.0,172.0,172.0,400,0.0,0.0
2024-03-18 09:00:00+09:00,172.0,172.0,171.0,172.0,3200,0.0,0.0
2024-03-18 10:00:00+09:00,172.0,172.0,172.0,172.0,500,0.0,0.0
2024-03-18 11:00:00+09:00,172.0,172.0,172.0,172.0,0,0.0,0.0
2024-03-18 12:00:00+09:00,173.0,173.0,172.0,173.0,5100,0.0,0.0
2024-03-18 14:00:00+09:00,173.0,173.0,173.0,173.0,300,0.0,0.0
2024-03-19 09:00:00+09:00,171.0,172.0,170.0,171.0,9300,0.0,0.0
2024-03-19 11:00:00+09:00,171.0,172.0,170.0,172.0,0,0.0,0.0
2024-03-19 12:00:00+09:00,172.0,173.0,172.0,172.0,22700,0.0,0.0
2024-03-19 13:00:00+09:00,172.0,172.0,172.0,172.0,900,0.0,0.0
2024-03-19 14:00:00+09:00,171.0,172.0,171.0,171.0,800,0.0,0.0
2024-03-21 09:00:00+09:00,172.0,173.0,171.0,173.0,2100,0.0,0.0
2024-03-21 10:00:00+09:00,173.0,173.0,172.0,173.0,500,0.0,0.0
2024-03-21 11:00:00+09:00,173.0,173.0,172.0,172.0,0,0.0,0.0
2024-03-21 12:00:00+09:00,171.0,172.0,171.0,172.0,13100,0.0,0.0
2024-03-21 13:00:00+09:00,172.0,172.0,172.0,172.0,300,0.0,0.0
2024-03-21 14:00:00+09:00,172.0,172.0,171.0,172.0,1200,0.0,0.0
2024-03-22 09:00:00+09:00,173.0,173.0,171.0,171.0,0,0.0,0.0
2024-03-22 10:00:00+09:00,172.0,172.0,172.0,172.0,0,0.0,0.0
2024-03-22 11:00:00+09:00,172.0,172.0,172.0,172.0,0,0.0,0.0
2024-03-22 12:00:00+09:00,172.0,172.0,172.0,172.0,2000,0.0,0.0
2024-03-22 14:00:00+09:00,173.0,173.0,172.0,173.0,4700,0.0,0.0
2024-03-25 09:00:00+09:00,172.0,172.0,171.0,171.0,2600,0.0,0.0
2024-03-25 10:00:00+09:00,171.0,171.0,170.0,171.0,8800,0.0,0.0
2024-03-25 11:00:00+09:00,171.0,171.0,170.0,171.0,0,0.0,0.0
2024-03-25 12:00:00+09:00,171.0,171.0,171.0,171.0,30300,0.0,0.0
2024-03-25 13:00:00+09:00,170.0,171.0,170.0,170.0,1500,0.0,0.0
2024-03-25 14:00:00+09:00,170.0,171.0,170.0,171.0,8700,0.0,0.0
2024-03-26 09:00:00+09:00,172.0,172.0,171.0,171.0,3100,0.0,0.0
2024-03-26 10:00:00+09:00,171.0,171.0,171.0,171.0,0,0.0,0.0
2024-03-26 11:00:00+09:00,171.0,171.0,171.0,171.0,0,0.0,0.0
2024-03-26 12:00:00+09:00,170.0,171.0,170.0,171.0,17300,0.0,0.0
2024-03-26 13:00:00+09:00,171.0,171.0,170.0,170.0,2700,0.0,0.0
2024-03-26 14:00:00+09:00,170.0,170.0,169.0,169.0,22100,0.0,0.0
2024-03-27 09:00:00+09:00,170.0,170.0,169.0,170.0,8000,0.0,0.0
2024-03-27 10:00:00+09:00,169.0,170.0,169.0,169.0,0,0.0,0.0
2024-03-27 11:00:00+09:00,170.0,171.0,170.0,170.0,0,0.0,0.0
2024-03-27 12:00:00+09:00,170.0,172.0,170.0,172.0,26800,0.0,0.0
2024-03-27 13:00:00+09:00,172.0,172.0,172.0,172.0,200,0.0,0.0
2024-03-27 14:00:00+09:00,171.0,171.0,170.0,170.0,9500,0.0,0.0
2024-03-28 09:00:00+09:00,170.0,170.0,170.0,170.0,10400,0.0,0.0
2024-03-28 10:00:00+09:00,170.0,171.0,170.0,170.0,3300,0.0,0.0
2024-03-28 11:00:00+09:00,170.0,170.0,170.0,170.0,0,0.0,0.0
2024-03-28 12:00:00+09:00,170.0,170.0,169.0,170.0,22900,0.0,0.0
2024-03-28 13:00:00+09:00,170.0,171.0,170.0,171.0,300,0.0,0.0
2024-03-28 14:00:00+09:00,170.0,171.0,170.0,170.0,3100,0.0,0.0
2024-03-29 09:00:00+09:00,171.0,171.0,170.0,171.0,2300,0.0,0.0
2024-03-29 10:00:00+09:00,171.0,171.0,171.0,171.0,700,0.0,0.0
2024-03-29 11:00:00+09:00,172.0,172.0,172.0,172.0,0,0.0,0.0
2024-03-29 12:00:00+09:00,171.0,172.0,171.0,172.0,3800,0.0,0.0
2024-03-29 13:00:00+09:00,172.0,172.0,171.0,172.0,300,0.0,0.0
2024-03-29 14:00:00+09:00,172.0,172.0,171.0,172.0,300,0.0,0.0
2024-04-01 09:00:00+09:00,173.0,174.0,172.0,174.0,14200,0.0,0.0
2024-04-01 10:00:00+09:00,173.0,174.0,170.0,173.0,24700,0.0,0.0
2024-04-01 11:00:00+09:00,172.0,173.0,172.0,173.0,0,0.0,0.0
2024-04-01 12:00:00+09:00,173.0,173.0,173.0,173.0,47300,0.0,0.0
2024-04-01 13:00:00+09:00,173.0,173.0,173.0,173.0,300,0.0,0.0
2024-04-01 14:00:00+09:00,173.0,173.0,172.0,173.0,2500,0.0,0.0
2024-04-02 09:00:00+09:00,171.0,173.0,171.0,172.0,7300,0.0,0.0
2024-04-02 10:00:00+09:00,173.0,173.0,173.0,173.0,100,0.0,0.0
2024-04-02 11:00:00+09:00,173.0,173.0,173.0,173.0,0,0.0,0.0
2024-04-02 12:00:00+09:00,173.0,173.0,172.0,173.0,7800,0.0,0.0
2024-04-02 13:00:00+09:00,172.0,172.0,172.0,172.0,400,0.0,0.0
2024-04-02 14:00:00+09:00,172.0,173.0,172.0,172.0,1100,0.0,0.0
2024-04-03 09:00:00+09:00,173.0,173.0,171.0,173.0,5200,0.0,0.0
2024-04-03 10:00:00+09:00,172.0,172.0,172.0,172.0,400,0.0,0.0
2024-04-03 11:00:00+09:00,172.0,172.0,172.0,172.0,0,0.0,0.0
2024-04-03 12:00:00+09:00,172.0,172.0,172.0,172.0,5800,0.0,0.0
2024-04-03 13:00:00+09:00,173.0,173.0,173.0,173.0,200,0.0,0.0
2024-04-03 14:00:00+09:00,173.0,173.0,172.0,173.0,1200,0.0,0.0
2024-04-04 09:00:00+09:00,173.0,173.0,173.0,173.0,800,0.0,0.0
2024-04-04 10:00:00+09:00,173.0,173.0,172.0,172.0,400,0.0,0.0
2024-04-04 11:00:00+09:00,173.0,173.0,173.0,173.0,0,0.0,0.0
2024-04-04 12:00:00+09:00,172.0,172.0,172.0,172.0,1500,0.0,0.0
2024-04-04 13:00:00+09:00,172.0,172.0,172.0,172.0,800,0.0,0.0
2024-04-04 14:00:00+09:00,173.0,173.0,172.0,173.0,1500,0.0,0.0
2024-04-05 09:00:00+09:00,172.0,172.0,171.0,172.0,3300,0.0,0.0
2024-04-05 10:00:00+09:00,171.0,171.0,170.0,170.0,12600,0.0,0.0
2024-04-05 11:00:00+09:00,170.0,171.0,170.0,171.0,0,0.0,0.0
2024-04-05 12:00:00+09:00,170.0,170.0,170.0,170.0,19000,0.0,0.0
2024-04-05 13:00:00+09:00,170.0,170.0,170.0,170.0,100,0.0,0.0
2024-04-05 14:00:00+09:00,171.0,171.0,170.0,170.0,500,0.0,0.0
2024-04-08 09:00:00+09:00,171.0,171.0,169.0,171.0,2900,0.0,0.0
2024-04-08 10:00:00+09:00,170.0,171.0,170.0,170.0,1000,0.0,0.0
2024-04-08 11:00:00+09:00,170.0,170.0,170.0,170.0,0,0.0,0.0
2024-04-08 12:00:00+09:00,170.0,170.0,170.0,170.0,4700,0.0,0.0
2024-04-08 13:00:00+09:00,170.0,171.0,170.0,171.0,300,0.0,0.0
2024-04-08 14:00:00+09:00,170.0,171.0,170.0,170.0,600,0.0,0.0
2024-04-09 09:00:00+09:00,171.0,171.0,171.0,171.0,1000,0.0,0.0
2024-04-09 11:00:00+09:00,171.0,171.0,171.0,171.0,0,0.0,0.0
2024-04-09 12:00:00+09:00,170.0,170.0,170.0,170.0,1400,0.0,0.0
2024-04-09 13:00:00+09:00,171.0,171.0,171.0,171.0,200,0.0,0.0
2024-04-09 14:00:00+09:00,171.0,171.0,170.0,170.0,900,0.0,0.0
2024-04-10 09:00:00+09:00,171.0,171.0,170.0,170.0,3200,0.0,0.0
2024-04-10 10:00:00+09:00,171.0,171.0,171.0,171.0,1200,0.0,0.0
2024-04-10 11:00:00+09:00,172.0,172.0,171.0,172.0,0,0.0,0.0
2024-04-10 12:00:00+09:00,171.0,172.0,171.0,171.0,5500,0.0,0.0
2024-04-10 13:00:00+09:00,171.0,172.0,170.0,170.0,4300,0.0,0.0
2024-04-10 14:00:00+09:00,170.0,171.0,170.0,170.0,2400,0.0,0.0
2024-04-11 09:00:00+09:00,170.0,170.0,170.0,170.0,2600,0.0,0.0
2024-04-11 10:00:00+09:00,170.0,170.0,170.0,170.0,100,0.0,0.0
2024-04-11 11:00:00+09:00,170.0,170.0,170.0,170.0,0,0.0,0.0
2024-04-11 12:00:00+09:00,170.0,170.0,170.0,170.0,3700,0.0,0.0
2024-04-11 13:00:00+09:00,171.0,171.0,170.0,170.0,1000,0.0,0.0
2024-04-11 14:00:00+09:00,171.0,171.0,170.0,170.0,7100,0.0,0.0
2024-04-12 09:00:00+09:00,170.0,171.0,170.0,170.0,0,0.0,0.0
2024-04-12 10:00:00+09:00,171.0,171.0,170.0,170.0,6200,0.0,0.0
2024-04-12 11:00:00+09:00,171.0,171.0,170.0,170.0,0,0.0,0.0
2024-04-12 12:00:00+09:00,170.0,170.0,170.0,170.0,7600,0.0,0.0
2024-04-12 13:00:00+09:00,170.0,170.0,169.0,169.0,7100,0.0,0.0
2024-04-12 14:00:00+09:00,170.0,171.0,169.0,169.0,2500,0.0,0.0
2024-04-15 09:00:00+09:00,169.0,170.0,169.0,169.0,8900,0.0,0.0
2024-04-15 10:00:00+09:00,169.0,170.0,169.0,169.0,2800,0.0,0.0
2024-04-15 11:00:00+09:00,170.0,170.0,169.0,170.0,0,0.0,0.0
2024-04-15 12:00:00+09:00,169.0,170.0,169.0,169.0,13900,0.0,0.0
2024-04-15 13:00:00+09:00,169.0,170.0,169.0,169.0,1400,0.0,0.0
2024-04-15 14:00:00+09:00,169.0,170.0,169.0,169.0,2200,0.0,0.0
2024-04-16 09:00:00+09:00,170.0,170.0,169.0,169.0,0,0.0,0.0
2024-04-16 10:00:00+09:00,169.0,169.0,169.0,169.0,1800,0.0,0.0
2024-04-16 11:00:00+09:00,169.0,169.0,169.0,169.0,0,0.0,0.0
2024-04-16 12:00:00+09:00,169.0,170.0,168.0,168.0,7400,0.0,0.0
2024-04-16 13:00:00+09:00,169.0,169.0,168.0,168.0,300,0.0,0.0
2024-04-16 14:00:00+09:00,168.0,169.0,168.0,168.0,4000,0.0,0.0
2024-04-17 09:00:00+09:00,168.0,170.0,168.0,169.0,2200,0.0,0.0
2024-04-17 10:00:00+09:00,168.0,168.0,168.0,168.0,100,0.0,0.0
2024-04-17 11:00:00+09:00,168.0,168.0,168.0,168.0,0,0.0,0.0
2024-04-17 12:00:00+09:00,168.0,168.0,168.0,168.0,3300,0.0,0.0
2024-04-17 13:00:00+09:00,169.0,169.0,168.0,169.0,3600,0.0,0.0
2024-04-17 14:00:00+09:00,168.0,169.0,167.0,168.0,6200,0.0,0.0
2024-04-18 09:00:00+09:00,167.0,168.0,167.0,167.0,6300,0.0,0.0
2024-04-18 10:00:00+09:00,167.0,167.0,167.0,167.0,700,0.0,0.0
2024-04-18 11:00:00+09:00,167.0,167.0,167.0,167.0,0,0.0,0.0
2024-04-18 12:00:00+09:00,167.0,168.0,167.0,167.0,9600,0.0,0.0
2024-04-18 13:00:00+09:00,168.0,168.0,167.0,167.0,600,0.0,0.0
2024-04-18 14:00:00+09:00,167.0,168.0,167.0,167.0,4100,0.0,0.0
2024-04-19 09:00:00+09:00,166.0,167.0,165.0,166.0,19200,0.0,0.0
2024-04-19 10:00:00+09:00,165.0,166.0,165.0,165.0,2900,0.0,0.0
2024-04-19 11:00:00+09:00,165.0,165.0,163.0,165.0,0,0.0,0.0
2024-04-19 12:00:00+09:00,165.0,165.0,164.0,165.0,40800,0.0,0.0
2024-04-19 13:00:00+09:00,164.0,165.0,163.0,164.0,15400,0.0,0.0
2024-04-19 14:00:00+09:00,165.0,165.0,163.0,165.0,4100,0.0,0.0
2024-04-22 09:00:00+09:00,164.0,165.0,164.0,165.0,5100,0.0,0.0
2024-04-22 10:00:00+09:00,165.0,165.0,164.0,164.0,1200,0.0,0.0
2024-04-22 11:00:00+09:00,165.0,165.0,164.0,164.0,0,0.0,0.0
2024-04-22 12:00:00+09:00,164.0,164.0,164.0,164.0,7700,0.0,0.0
2024-04-22 13:00:00+09:00,164.0,164.0,164.0,164.0,700,0.0,0.0
2024-04-22 14:00:00+09:00,165.0,165.0,163.0,163.0,1600,0.0,0.0
2024-04-23 09:00:00+09:00,163.0,165.0,163.0,165.0,4900,0.0,0.0
2024-04-23 10:00:00+09:00,164.0,164.0,164.0,164.0,300,0.0,0.0
2024-04-23 11:00:00+09:00,164.0,164.0,164.0,164.0,0,0.0,0.0
2024-04-23 12:00:00+09:00,164.0,164.0,164.0,164.0,5800,0.0,0.0
2024-04-23 14:00:00+09:00,164.0,164.0,163.0,163.0,1900,0.0,0.0
2024-04-24 09:00:00+09:00,163.0,164.0,163.0,163.0,6900,0.0,0.0
2024-04-24 10:00:00+09:00,163.0,164.0,163.0,163.0,900,0.0,0.0
2024-04-24 11:00:00+09:00,163.0,165.0,163.0,165.0,0,0.0,0.0
2024-04-24 12:00:00+09:00,163.0,164.0,163.0,164.0,20700,0.0,0.0
2024-04-24 13:00:00+09:00,164.0,165.0,163.0,163.0,5600,0.0,0.0
2024-04-24 14:00:00+09:00,163.0,164.0,162.0,163.0,7600,0.0,0.0
2024-04-25 09:00:00+09:00,163.0,164.0,163.0,164.0,7600,0.0,0.0
2024-04-25 10:00:00+09:00,163.0,164.0,163.0,163.0,800,0.0,0.0
2024-04-25 11:00:00+09:00,163.0,164.0,163.0,163.0,0,0.0,0.0
2024-04-25 12:00:00+09:00,163.0,164.0,163.0,163.0,11700,0.0,0.0
2024-04-25 13:00:00+09:00,163.0,164.0,163.0,164.0,1500,0.0,0.0
2024-04-25 14:00:00+09:00,163.0,165.0,163.0,164.0,5000,0.0,0.0
2024-04-26 09:00:00+09:00,164.0,164.0,162.0,162.0,19200,0.0,0.0
2024-04-26 10:00:00+09:00,162.0,162.0,161.0,161.0,9800,0.0,0.0
2024-04-26 11:00:00+09:00,161.0,162.0,161.0,162.0,0,0.0,0.0
2024-04-26 12:00:00+09:00,161.0,162.0,161.0,161.0,36900,0.0,0.0
2024-04-26 13:00:00+09:00,161.0,162.0,161.0,161.0,3000,0.0,0.0
2024-04-26 14:00:00+09:00,161.0,162.0,160.0,162.0,14500,0.0,0.0
2024-04-30 09:00:00+09:00,160.0,161.0,158.0,160.0,19500,0.0,0.0
2024-04-30 10:00:00+09:00,159.0,160.0,159.0,159.0,2300,0.0,0.0
2024-04-30 11:00:00+09:00,159.0,160.0,159.0,160.0,0,0.0,0.0
2024-04-30 12:00:00+09:00,160.0,160.0,158.0,158.0,28100,0.0,0.0
2024-04-30 13:00:00+09:00,158.0,159.0,158.0,158.0,1800,0.0,0.0
2024-04-30 14:00:00+09:00,158.0,159.0,157.0,157.0,10700,0.0,0.0
2024-05-01 09:00:00+09:00,159.0,160.0,159.0,159.0,7600,0.0,0.0
2024-05-01 10:00:00+09:00,160.0,160.0,160.0,160.0,300,0.0,0.0
2024-05-01 11:00:00+09:00,159.0,161.0,159.0,161.0,0,0.0,0.0
2024-05-01 12:00:00+09:00,161.0,161.0,160.0,160.0,15700,0.0,0.0
2024-05-01 13:00:00+09:00,161.0,161.0,159.0,159.0,14000,0.0,0.0
2024-05-01 14:00:00+09:00,159.0,160.0,158.0,159.0,16800,0.0,0.0
2024-05-02 09:00:00+09:00,158.0,158.0,157.0,158.0,6600,0.0,0.0
2024-05-02 10:00:00+09:00,158.0,158.0,157.0,158.0,1500,0.0,0.0
2024-05-02 11:00:00+09:00,158.0,158.0,158.0,158.0,0,0.0,0.0
2024-05-02 12:00:00+09:00,158.0,158.0,157.0,157.0,12800,0.0,0.0
2024-05-02 13:00:00+09:00,158.0,158.0,158.0,158.0,200,0.0,0.0
2024-05-02 14:00:00+09:00,158.0,158.0,157.0,158.0,1700,0.0,0.0
2024-05-07 09:00:00+09:00,159.0,159.0,158.0,158.0,7500,0.0,0.0
2024-05-07 10:00:00+09:00,158.0,159.0,158.0,159.0,2900,0.0,0.0
2024-05-07 11:00:00+09:00,158.0,159.0,158.0,159.0,0,0.0,0.0
2024-05-07 12:00:00+09:00,159.0,159.0,157.0,157.0,15700,0.0,0.0
2024-05-07 13:00:00+09:00,158.0,158.0,158.0,158.0,200,0.0,0.0
2024-05-07 14:00:00+09:00,158.0,158.0,157.0,158.0,1200,0.0,0.0
2024-05-08 09:00:00+09:00,158.0,158.0,157.0,158.0,4800,0.0,0.0
2024-05-08 10:00:00+09:00,158.0,158.0,157.0,158.0,6400,0.0,0.0
2024-05-08 11:00:00+09:00,158.0,158.0,157.0,157.0,0,0.0,0.0
2024-05-08 12:00:00+09:00,157.0,157.0,157.0,157.0,16600,0.0,0.0
2024-05-08 13:00:00+09:00,158.0,158.0,157.0,157.0,0,0.0,0.0
2024-05-08 14:00:00+09:00,157.0,158.0,157.0,158.0,18300,0.0,0.0
2024-05-09 09:00:00+09:00,156.0,158.0,156.0,158.0,8400,0.0,0.0
2024-05-09 10:00:00+09:00,157.0,158.0,156.0,157.0,2100,0.0,0.0
2024-05-09 11:00:00+09:00,158.0,158.0,158.0,158.0,0,0.0,0.0
2024-05-09 12:00:00+09:00,158.0,159.0,158.0,159.0,18800,0.0,0.0
2024-05-09 13:00:00+09:00,159.0,159.0,157.0,159.0,2300,0.0,0.0
2024-05-09 14:00:00+09:00,159.0,159.0,158.0,159.0,1400,0.0,0.0
2024-05-10 09:00:00+09:00,159.0,159.0,158.0,158.0,800,0.0,0.0
2024-05-10 10:00:00+09:00,158.0,159.0,158.0,158.0,3800,0.0,0.0
2024-05-10 11:00:00+09:00,157.0,157.0,157.0,157.0,0,0.0,0.0
2024-05-10 12:00:00+09:00,157.0,158.0,157.0,157.0,12700,0.0,0.0
2024-05-10 13:00:00+09:00,157.0,157.0,156.0,157.0,2100,0.0,0.0
2024-05-10 14:00:00+09:00,157.0,157.0,156.0,157.0,6000,0.0,0.0
2024-05-13 09:00:00+09:00,156.0,157.0,156.0,157.0,10100,0.0,0.0
2024-05-13 10:00:00+09:00,157.0,157.0,157.0,157.0,200,0.0,0.0
2024-05-13 11:00:00+09:00,157.0,158.0,157.0,158.0,0,0.0,0.0
2024-05-13 12:00:00+09:00,156.0,157.0,156.0,157.0,17700,0.0,0.0
2024-05-13 13:00:00+09:00,157.0,157.0,156.0,157.0,2500,0.0,0.0
2024-05-13 14:00:00+09:00,157.0,158.0,156.0,156.0,5300,0.0,0.0
2024-05-14 09:00:00+09:00,156.0,157.0,156.0,157.0,10600,0.0,0.0
2024-05-14 10:00:00+09:00,156.0,158.0,156.0,158.0,4500,0.0,0.0
2024-05-14 11:00:00+09:00,157.0,158.0,156.0,158.0,0,0.0,0.0
2024-05-14 12:00:00+09:00,157.0,157.0,157.0,157.0,23700,0.0,0.0
2024-05-14 13:00:00+09:00,157.0,157.0,156.0,157.0,12400,0.0,0.0
2024-05-14 14:00:00+09:00,156.0,157.0,156.0,157.0,1300,0.0,0.0
2024-05-15 09:00:00+09:00,157.0,157.0,156.0,157.0,5100,0.0,0.0
2024-05-15 10:00:00+09:00,157.0,157.0,157.0,157.0,300,0.0,0.0
2024-05-15 11:00:00+09:00,157.0,158.0,157.0,157.0,0,0.0,0.0
2024-05-15 12:00:00+09:00,158.0,158.0,158.0,158.0,7800,0.0,0.0
2024-05-15 14:00:00+09:00,157.0,158.0,157.0,157.0,1800,0.0,0.0
2024-05-16 09:00:00+09:00,158.0,158.0,156.0,157.0,2600,0.0,0.0
2024-05-16 10:00:00+09:00,156.0,156.0,156.0,156.0,200,0.0,0.0
2024-05-16 11:00:00+09:00,156.0,156.0,156.0,156.0,0,0.0,0.0
2024-05-16 12:00:00+09:00,157.0,157.0,157.0,157.0,3600,0.0,0.0
2024-05-16 13:00:00+09:00,157.0,157.0,156.0,157.0,500,0.0,0.0
2024-05-16 14:00:00+09:00,157.0,158.0,156.0,156.0,4700,0.0,0.0
2024-05-17 09:00:00+09:00,157.0,157.0,157.0,157.0,0,0.0,0.0
2024-05-17 10:00:00+09:00,156.0,157.0,156.0,157.0,4700,0.0,0.0
2024-05-17 11:00:00+09:00,157.0,157.0,157.0,157.0,0,0.0,0.0
2024-05-17 12:00:00+09:00,157.0,157.0,156.0,156.0,5100,0.0,0.0
2024-05-17 13:00:00+09:00,156.0,157.0,156.0,157.0,200,0.0,0.0
2024-05-17 14:00:00+09:00,156.0,157.0,156.0,157.0,3800,0.0,0.0
2024-05-20 09:00:00+09:00,158.0,158.0,157.0,157.0,1700,0.0,0.0
2024-05-20 10:00:00+09:00,158.0,158.0,157.0,157.0,1800,0.0,0.0
2024-05-20 11:00:00+09:00,158.0,158.0,158.0,158.0,0,0.0,0.0
2024-05-20 12:00:00+09:00,158.0,158.0,157.0,157.0,4300,0.0,0.0
2024-05-20 14:00:00+09:00,157.0,158.0,156.0,156.0,10500,0.0,0.0
2024-05-21 09:00:00+09:00,157.0,158.0,157.0,158.0,2100,0.0,0.0
2024-05-21 10:00:00+09:00,157.0,158.0,157.0,157.0,2800,0.0,0.0
2024-05-21 11:00:00+09:00,157.0,158.0,157.0,158.0,0,0.0,0.0
2024-05-21 12:00:00+09:00,157.0,158.0,157.0,157.0,7400,0.0,0.0
2024-05-21 14:00:00+09:00,157.0,158.0,157.0,158.0,2700,0.0,0.0
2024-05-22 09:00:00+09:00,157.0,158.0,157.0,157.0,3400,0.0,0.0
2024-05-22 11:00:00+09:00,157.0,157.0,157.0,157.0,0,0.0,0.0
2024-05-22 12:00:00+09:00,158.0,158.0,158.0,158.0,0,0.0,0.0
2024-05-22 13:00:00+09:00,157.0,158.0,157.0,158.0,11700,0.0,0.0
2024-05-22 14:00:00+09:00,158.0,158.0,157.0,157.0,800,0.0,0.0
2024-05-23 09:00:00+09:00,157.0,157.0,157.0,157.0,800,0.0,0.0
2024-05-23 11:00:00+09:00,157.0,158.0,156.0,158.0,0,0.0,0.0
2024-05-23 12:00:00+09:00,158.0,158.0,157.0,157.0,3500,0.0,0.0
2024-05-23 13:00:00+09:00,158.0,158.0,158.0,158.0,100,0.0,0.0
2024-05-23 14:00:00+09:00,158.0,158.0,158.0,158.0,400,0.0,0.0
2024-05-24 09:00:00+09:00,157.0,158.0,157.0,157.0,2700,0.0,0.0
2024-05-24 10:00:00+09:00,157.0,158.0,157.0,158.0,200,0.0,0.0
2024-05-24 11:00:00+09:00,158.0,158.0,158.0,158.0,0,0.0,0.0
2024-05-24 12:00:00+09:00,158.0,158.0,158.0,158.0,3100,0.0,0.0
2024-05-24 13:00:00+09:00,158.0,158.0,157.0,157.0,300,0.0,0.0
2024-05-24 14:00:00+09:00,158.0,158.0,158.0,158.0,200,0.0,0.0
2024-05-27 09:00:00+09:00,159.0,161.0,159.0,161.0,15900,0.0,0.0
2024-05-27 11:00:00+09:00,161.0,161.0,161.0,161.0,0,0.0,0.0
2024-05-27 12:00:00+09:00,160.0,161.0,160.0,161.0,17800,0.0,0.0
2024-05-27 13:00:00+09:00,160.0,160.0,160.0,160.0,2200,0.0,0.0
2024-05-27 14:00:00+09:00,160.0,160.0,159.0,159.0,1500,0.0,0.0
2024-05-28 09:00:00+09:00,160.0,160.0,159.0,159.0,900,0.0,0.0
2024-05-28 11:00:00+09:00,159.0,159.0,159.0,159.0,0,0.0,0.0
2024-05-28 12:00:00+09:00,159.0,159.0,159.0,159.0,1500,0.0,0.0
2024-05-28 13:00:00+09:00,159.0,159.0,159.0,159.0,100,0.0,0.0
2024-05-28 14:00:00+09:00,160.0,160.0,159.0,159.0,2000,0.0,0.0
2024-05-29 09:00:00+09:00,159.0,159.0,159.0,159.0,800,0.0,0.0
2024-05-29 10:00:00+09:00,158.0,158.0,158.0,158.0,800,0.0,0.0
2024-05-29 11:00:00+09:00,158.0,158.0,158.0,158.0,0,0.0,0.0
2024-05-29 12:00:00+09:00,160.0,160.0,158.0,159.0,42100,0.0,0.0
2024-05-29 13:00:00+09:00,158.0,159.0,158.0,159.0,4000,0.0,0.0
2024-05-29 14:00:00+09:00,159.0,159.0,158.0,158.0,2500,0.0,0.0
2024-05-30 09:00:00+09:00,157.0,157.0,157.0,157.0,1100,0.0,0.0
2024-05-30 10:00:00+09:00,157.0,158.0,157.0,158.0,6900,0.0,0.0
2024-05-30 11:00:00+09:00,158.0,158.0,158.0,158.0,0,0.0,0.0
2024-05-30 12:00:00+09:00,158.0,159.0,158.0,159.0,0,0.0,0.0
2024-05-30 13:00:00+09:00,158.0,158.0,157.0,157.0,12100,0.0,0.0
2024-05-30 14:00:00+09:00,157.0,158.0,157.0,157.0,1600,0.0,0.0
2024-05-31 09:00:00+09:00,160.0,160.0,155.0,157.0,45900,0.0,0.0
2024-05-31 10:00:00+09:00,158.0,158.0,157.0,157.0,6000,0.0,0.0
2024-05-31 11:00:00+09:00,158.0,158.0,158.0,158.0,0,0.0,0.0
2024-05-31 12:00:00+09:00,157.0,157.0,157.0,157.0,53000,0.0,0.0
2024-05-31 13:00:00+09:00,157.0,158.0,156.0,156.0,7200,0.0,0.0
2024-05-31 14:00:00+09:00,157.0,157.0,156.0,157.0,400,0.0,0.0
2024-06-03 09:00:00+09:00,159.0,159.0,159.0,159.0,0,0.0,0.0
2024-06-03 10:00:00+09:00,158.0,159.0,157.0,158.0,7700,0.0,0.0
2024-06-03 11:00:00+09:00,158.0,158.0,158.0,158.0,0,0.0,0.0
2024-06-03 12:00:00+09:00,158.0,158.0,158.0,158.0,8200,0.0,0.0
2024-06-03 13:00:00+09:00,157.0,158.0,157.0,158.0,300,0.0,0.0
2024-06-03 14:00:00+09:00,158.0,158.0,157.0,158.0,700,0.0,0.0
2024-06-04 09:00:00+09:00,158.0,158.0,157.0,158.0,4000,0.0,0.0
2024-06-04 11:00:00+09:00,158.0,158.0,158.0,158.0,0,0.0,0.0
2024-06-04 12:00:00+09:00,158.0,158.0,158.0,158.0,4200,0.0,0.0
2024-06-04 13:00:00+09:00,158.0,159.0,158.0,159.0,3700,0.0,0.0
2024-06-04 14:00:00+09:00,158.0,158.0,157.0,157.0,1600,0.0,0.0
2024-06-05 09:00:00+09:00,158.0,159.0,157.0,158.0,11500,0.0,0.0
2024-06-05 10:00:00+09:00,158.0,158.0,158.0,158.0,100,0.0,0.0
2024-06-05 11:00:00+09:00,158.0,158.0,158.0,158.0,0,0.0,0.0
2024-06-05 12:00:00+09:00,159.0,159.0,159.0,159.0,12000,0.0,0.0
2024-06-05 13:00:00+09:00,158.0,158.0,158.0,158.0,1300,0.0,0.0
2024-06-05 14:00:00+09:00,158.0,159.0,158.0,158.0,600,0.0,0.0
2024-06-06 09:00:00+09:00,159.0,159.0,157.0,157.0,4300,0.0,0.0
2024-06-06 10:00:00+09:00,157.0,158.0,157.0,158.0,14600,0.0,0.0
2024-06-06 11:00:00+09:00,157.0,158.0,157.0,158.0,0,0.0,0.0
2024-06-06 12:00:00+09:00,157.0,158.0,157.0,157.0,19700,0.0,0.0
2024-06-06 13:00:00+09:00,157.0,157.0,157.0,157.0,400,0.0,0.0
2024-06-06 14:00:00+09:00,157.0,158.0,157.0,158.0,600,0.0,0.0
2024-06-07 09:00:00+09:00,159.0,160.0,157.0,159.0,15200,0.0,0.0
2024-06-07 11:00:00+09:00,158.0,159.0,158.0,159.0,0,0.0,0.0
2024-06-07 12:00:00+09:00,159.0,159.0,159.0,159.0,20300,0.0,0.0
2024-06-07 13:00:00+09:00,158.0,159.0,158.0,159.0,500,0.0,0.0
2024-06-07 14:00:00+09:00,158.0,159.0,158.0,159.0,1300,0.0,0.0
2024-06-10 09:00:00+09:00,158.0,160.0,157.0,159.0,9700,0.0,0.0
2024-06-10 10:00:00+09:00,159.0,160.0,159.0,159.0,1300,0.0,0.0
2024-06-10 11:00:00+09:00,159.0,159.0,159.0,159.0,0,0.0,0.0
2024-06-10 12:00:00+09:00,159.0,159.0,159.0,159.0,11400,0.0,0.0
2024-06-10 13:00:00+09:00,159.0,159.0,159.0,159.0,500,0.0,0.0
2024-06-10 14:00:00+09:00,159.0,160.0,159.0,160.0,800,0.0,0.0
2024-06-11 09:00:00+09:00,160.0,161.0,160.0,160.0,7200,0.0,0.0
2024-06-11 10:00:00+09:00,159.0,161.0,159.0,159.0,1400,0.0,0.0
2024-06-11 11:00:00+09:00,159.0,159.0,159.0,159.0,0,0.0,0.0
2024-06-11 12:00:00+09:00,160.0,160.0,158.0,160.0,12800,0.0,0.0
2024-06-11 13:00:00+09:00,159.0,160.0,158.0,158.0,1200,0.0,0.0
2024-06-11 14:00:00+09:00,159.0,159.0,158.0,159.0,2500,0.0,0.0
2024-06-12 09:00:00+09:00,160.0,160.0,160.0,160.0,1900,0.0,0.0
2024-06-12 10:00:00+09:00,160.0,160.0,160.0,160.0,200,0.0,0.0
2024-06-12 11:00:00+09:00,160.0,160.0,160.0,160.0,0,0.0,0.0
2024-06-12 12:00:00+09:00,160.0,160.0,160.0,160.0,2600,0.0,0.0
2024-06-12 13:00:00+09:00,159.0,160.0,158.0,159.0,6000,0.0,0.0
2024-06-12 14:00:00+09:00,158.0,159.0,158.0,158.0,3000,0.0,0.0
2024-06-13 09:00:00+09:00,159.0,159.0,158.0,159.0,1800,0.0,0.0
2024-06-13 10:00:00+09:00,159.0,159.0,159.0,159.0,300,0.0,0.0
2024-06-13 11:00:00+09:00,159.0,159.0,159.0,159.0,0,0.0,0.0
2024-06-13 12:00:00+09:00,159.0,159.0,158.0,158.0,2900,0.0,0.0
2024-06-13 13:00:00+09:00,159.0,159.0,158.0,158.0,500,0.0,0.0
2024-06-13 14:00:00+09:00,159.0,159.0,159.0,159.0,300,0.0,0.0
2024-06-14 09:00:00+09:00,158.0,159.0,158.0,159.0,5400,0.0,0.0
2024-06-14 10:00:00+09:00,159.0,159.0,159.0,159.0,200,0.0,0.0
2024-06-14 11:00:00+09:00,159.0,159.0,159.0,159.0,0,0.0,0.0
2024-06-14 12:00:00+09:00,159.0,159.0,159.0,159.0,8800,0.0,0.0
2024-06-14 13:00:00+09:00,159.0,159.0,159.0,159.0,100,0.0,0.0
2024-06-14 14:00:00+09:00,159.0,160.0,159.0,160.0,5000,0.0,0.0
2024-06-17 09:00:00+09:00,159.0,159.0,158.0,159.0,1500,0.0,0.0
2024-06-17 10:00:00+09:00,159.0,159.0,158.0,159.0,1500,0.0,0.0
2024-06-17 11:00:00+09:00,159.0,159.0,158.0,159.0,0,0.0,0.0
2024-06-17 12:00:00+09:00,160.0,160.0,159.0,159.0,5400,0.0,0.0
2024-06-17 13:00:00+09:00,159.0,160.0,159.0,160.0,200,0.0,0.0
2024-06-17 14:00:00+09:00,160.0,160.0,159.0,160.0,300,0.0,0.0
2024-06-18 09:00:00+09:00,160.0,160.0,158.0,160.0,4200,0.0,0.0
2024-06-18 10:00:00+09:00,160.0,160.0,159.0,159.0,300,0.0,0.0
2024-06-18 11:00:00+09:00,159.0,159.0,159.0,159.0,0,0.0,0.0
2024-06-18 12:00:00+09:00,160.0,160.0,159.0,159.0,4800,0.0,0.0
2024-06-18 13:00:00+09:00,159.0,160.0,159.0,159.0,5600,0.0,0.0
2024-06-18 14:00:00+09:00,159.0,160.0,159.0,160.0,800,0.0,0.0
2024-06-19 09:00:00+09:00,160.0,160.0,159.0,159.0,1600,0.0,0.0
2024-06-19 10:00:00+09:00,159.0,160.0,158.0,159.0,16300,0.0,0.0
2024-06-19 11:00:00+09:00,159.0,160.0,158.0,160.0,0,0.0,0.0
2024-06-19 12:00:00+09:00,160.0,160.0,160.0,160.0,23600,0.0,0.0
2024-06-19 13:00:00+09:00,159.0,160.0,159.0,159.0,1500,0.0,0.0
2024-06-19 14:00:00+09:00,159.0,159.0,158.0,158.0,400,0.0,0.0
2024-06-20 09:00:00+09:00,159.0,159.0,158.0,159.0,2200,0.0,0.0
2024-06-20 10:00:00+09:00,159.0,159.0,159.0,159.0,1200,0.0,0.0
2024-06-20 11:00:00+09:00,159.0,159.0,158.0,158.0,0,0.0,0.0
2024-06-20 12:00:00+09:00,158.0,159.0,158.0,159.0,7200,0.0,0.0
2024-06-20 13:00:00+09:00,160.0,160.0,159.0,159.0,400,0.0,0.0
2024-06-20 14:00:00+09:00,160.0,160.0,160.0,160.0,300,0.0,0.0
2024-06-21 09:00:00+09:00,160.0,160.0,159.0,159.0,500,0.0,0.0
2024-06-21 11:00:00+09:00,159.0,159.0,159.0,159.0,0,0.0,0.0
2024-06-21 12:00:00+09:00,160.0,160.0,160.0,160.0,700,0.0,0.0
2024-06-21 13:00:00+09:00,160.0,160.0,160.0,160.0,100,0.0,0.0
2024-06-21 14:00:00+09:00,160.0,162.0,160.0,161.0,34800,0.0,0.0
2024-06-24 09:00:00+09:00,162.0,162.0,162.0,162.0,1600,0.0,0.0
2024-06-24 10:00:00+09:00,162.0,162.0,162.0,162.0,100,0.0,0.0
2024-06-24 11:00:00+09:00,162.0,162.0,162.0,162.0,0,0.0,0.0
2024-06-24 12:00:00+09:00,162.0,162.0,162.0,162.0,2100,0.0,0.0
2024-06-24 13:00:00+09:00,162.0,162.0,162.0,162.0,1500,0.0,0.0
2024-06-24 14:00:00+09:00,162.0,162.0,161.0,161.0,2900,0.0,0.0
2024-06-25 09:00:00+09:00,162.0,162.0,161.0,161.0,1900,0.0,0.0
2024-06-25 10:00:00+09:00,161.0,162.0,161.0,162.0,200,0.0,0.0
2024-06-25 11:00:00+09:00,162.0,162.0,162.0,162.0,0,0.0,0.0
2024-06-25 12:00:00+09:00,162.0,162.0,162.0,162.0,3500,0.0,0.0
2024-06-25 13:00:00+09:00,162.0,162.0,161.0,161.0,400,0.0,0.0
2024-06-25 14:00:00+09:00,162.0,164.0,162.0,163.0,6500,0.0,0.0
2024-06-26 09:00:00+09:00,165.0,165.0,164.0,164.0,5400,0.0,0.0
2024-06-26 10:00:00+09:00,164.0,164.0,163.0,164.0,1500,0.0,0.0
2024-06-26 11:00:00+09:00,163.0,163.0,162.0,163.0,0,0.0,0.0
2024-06-26 12:00:00+09:00,163.0,163.0,163.0,163.0,14900,0.0,0.0
2024-06-26 13:00:00+09:00,162.0,164.0,162.0,164.0,1300,0.0,0.0
2024-06-26 14:00:00+09:00,163.0,164.0,163.0,164.0,500,0.0,0.0
2024-06-27 09:00:00+09:00,164.0,164.0,163.0,163.0,700,0.0,0.0
2024-06-27 10:00:00+09:00,164.0,164.0,163.0,164.0,4600,0.0,0.0
2024-06-27 11:00:00+09:00,163.0,163.0,163.0,163.0,0,0.0,0.0
2024-06-27 12:00:00+09:00,163.0,163.0,162.0,163.0,14700,0.0,0.0
2024-06-27 13:00:00+09:00,163.0,163.0,163.0,163.0,200,0.0,0.0
2024-06-27 14:00:00+09:00,164.0,164.0,163.0,164.0,2900,0.0,0.0
2024-06-28 09:00:00+09:00,164.0,164.0,163.0,163.0,1500,0.0,0.0
2024-06-28 10:00:00+09:00,164.0,164.0,164.0,164.0,300,0.0,0.0
2024-06-28 11:00:00+09:00,164.0,164.0,164.0,164.0,0,0.0,0.0
2024-06-28 12:00:00+09:00,163.0,163.0,163.0,163.0,3700,0.0,0.0
2024-06-28 13:00:00+09:00,164.0,164.0,164.0,164.0,900,0.0,0.0
2024-06-28 14:00:00+09:00,163.0,164.0,163.0,164.0,4900,0.0,0.0
2024-07-01 09:00:00+09:00,165.0,165.0,163.0,164.0,23100,0.0,0.0
2024-07-01 10:00:00+09:00,164.0,164.0,164.0,164.0,100,0.0,0.0
2024-07-01 11:00:00+09:00,164.0,164.0,164.0,164.0,0,0.0,0.0
2024-07-01 12:00:00+09:00,163.0,163.0,162.0,162.0,35900,0.0,0.0
2024-07-01 13:00:00+09:00,161.0,163.0,161.0,162.0,5200,0.0,0.0
2024-07-01 14:00:00+09:00,161.0,163.0,161.0,163.0,1100,0.0,0.0
2024-07-02 09:00:00+09:00,163.0,163.0,163.0,163.0,6600,0.0,0.0
2024-07-02 10:00:00+09:00,162.0,163.0,162.0,163.0,700,0.0,0.0
2024-07-02 11:00:00+09:00,163.0,163.0,161.0,161.0,0,0.0,0.0
2024-07-02 12:00:00+09:00,161.0,161.0,160.0,160.0,25300,0.0,0.0
2024-07-02 13:00:00+09:00,161.0,161.0,160.0,161.0,1600,0.0,0.0
2024-07-02 14:00:00+09:00,160.0,162.0,160.0,162.0,4700,0.0,0.0
2024-07-03 09:00:00+09:00,161.0,161.0,161.0,161.0,1400,0.0,0.0
2024-07-03 10:00:00+09:00,161.0,162.0,161.0,161.0,500,0.0,0.0
2024-07-03 11:00:00+09:00,161.0,161.0,161.0,161.0,0,0.0,0.0
2024-07-03 12:00:00+09:00,161.0,162.0,161.0,161.0,6000,0.0,0.0
2024-07-03 13:00:00+09:00,161.0,162.0,160.0,161.0,6000,0.0,0.0
2024-07-03 14:00:00+09:00,161.0,162.0,161.0,161.0,1300,0.0,0.0
2024-07-04 09:00:00+09:00,162.0,162.0,160.0,161.0,3400,0.0,0.0
2024-07-04 10:00:00+09:00,162.0,162.0,161.0,162.0,300,0.0,0.0
2024-07-04 11:00:00+09:00,161.0,161.0,161.0,161.0,0,0.0,0.0
2024-07-04 12:00:00+09:00,161.0,162.0,161.0,162.0,4500,0.0,0.0
2024-07-04 14:00:00+09:00,162.0,162.0,161.0,161.0,1400,0.0,0.0
2024-07-05 09:00:00+09:00,161.0,162.0,161.0,162.0,2700,0.0,0.0
2024-07-05 10:00:00+09:00,162.0,162.0,160.0,160.0,3500,0.0,0.0
2024-07-05 11:00:00+09:00,161.0,161.0,161.0,161.0,0,0.0,0.0
2024-07-05 12:00:00+09:00,160.0,160.0,160.0,160.0,7300,0.0,0.0
2024-07-05 13:00:00+09:00,161.0,161.0,161.0,161.0,500,0.0,0.0
2024-07-05 14:00:00+09:00,161.0,162.0,161.0,161.0,1300,0.0,0.0
2024-07-08 09:00:00+09:00,162.0,163.0,161.0,162.0,6000,0.0,0.0
2024-07-08 10:00:00+09:00,162.0,163.0,161.0,161.0,5800,0.0,0.0
2024-07-08 11:00:00+09:00,161.0,161.0,161.0,161.0,0,0.0,0.0
2024-07-08 12:00:00+09:00,161.0,161.0,161.0,161.0,12500,0.0,0.0
2024-07-08 13:00:00+09:00,162.0,162.0,161.0,161.0,200,0.0,0.0
2024-07-08 14:00:00+09:00,162.0,163.0,161.0,161.0,2000,0.0,0.0
2024-07-09 09:00:00+09:00,161.0,162.0,161.0,162.0,1800,0.0,0.0
2024-07-09 10:00:00+09:00,162.0,163.0,161.0,161.0,5100,0.0,0.0
2024-07-09 11:00:00+09:00,161.0,162.0,161.0,161.0,0,0.0,0.0
2024-07-09 12:00:00+09:00,161.0,162.0,161.0,161.0,9200,0.0,0.0
2024-07-09 13:00:00+09:00,161.0,162.0,161.0,161.0,700,0.0,0.0
2024-07-09 14:00:00+09:00,161.0,162.0,161.0,161.0,1300,0.0,0.0
2024-07-10 09:00:00+09:00,160.0,161.0,160.0,161.0,14100,0.0,0.0
2024-07-10 10:00:00+09:00,161.0,162.0,161.0,161.0,1100,0.0,0.0
2024-07-10 11:00:00+09:00,161.0,162.0,161.0,162.0,0,0.0,0.0
2024-07-10 12:00:00+09:00,161.0,162.0,161.0,161.0,17900,0.0,0.0
2024-07-10 13:00:00+09:00,161.0,162.0,161.0,162.0,800,0.0,0.0
2024-07-10 14:00:00+09:00,161.0,162.0,161.0,162.0,1000,0.0,0.0
2024-07-11 09:00:00+09:00,161.0,161.0,160.0,160.0,1000,0.0,0.0
2024-07-11 10:00:00+09:00,161.0,162.0,161.0,162.0,2200,0.0,0.0
2024-07-11 11:00:00+09:00,162.0,162.0,161.0,161.0,0,0.0,0.0
2024-07-11 12:00:00+09:00,161.0,162.0,161.0,162.0,5800,0.0,0.0
2024-07-11 13:00:00+09:00,161.0,162.0,161.0,161.0,900,0.0,0.0
2024-07-11 14:00:00+09:00,161.0,162.0,161.0,161.0,2800,0.0,0.0
2024-07-12 09:00:00+09:00,162.0,162.0,161.0,161.0,1600,0.0,0.0
2024-07-12 10:00:00+09:00,162.0,163.0,162.0,162.0,1500,0.0,0.0
2024-07-12 11:00:00+09:00,162.0,162.0,162.0,162.0,0,0.0,0.0
2024-07-12 12:00:00+09:00,162.0,163.0,162.0,162.0,5100,0.0,0.0
2024-07-12 13:00:00+09:00,162.0,163.0,162.0,162.0,2200,0.0,0.0
2024-07-12 14:00:00+09:00,162.0,163.0,161.0,161.0,5000,0.0,0.0
2024-07-16 09:00:00+09:00,163.0,163.0,161.0,163.0,4200,0.0,0.0
2024-07-16 10:00:00+09:00,162.0,163.0,162.0,162.0,1000,0.0,0.0
2024-07-16 11:00:00+09:00,162.0,163.0,162.0,163.0,0,0.0,0.0
2024-07-16 12:00:00+09:00,162.0,162.0,162.0,162.0,6000,0.0,0.0
2024-07-16 13:00:00+09:00,162.0,162.0,162.0,162.0,400,0.0,0.0
2024-07-16 14:00:00+09:00,162.0,162.0,161.0,161.0,1300,0.0,0.0
2024-07-17 09:00:00+09:00,161.0,161.0,161.0,161.0,600,0.0,0.0
2024-07-17 10:00:00+09:00,162.0,162.0,161.0,162.0,600,0.0,0.0
2024-07-17 11:00:00+09:00,162.0,162.0,162.0,162.0,0,0.0,0.0
2024-07-17 12:00:00+09:00,161.0,162.0,160.0,162.0,17900,0.0,0.0
2024-07-17 13:00:00+09:00,162.0,162.0,160.0,162.0,1800,0.0,0.0
2024-07-17 14:00:00+09:00,162.0,162.0,161.0,162.0,2400,0.0,0.0
2024-07-18 09:00:00+09:00,161.0,162.0,161.0,162.0,5000,0.0,0.0
2024-07-18 10:00:00+09:00,162.0,163.0,162.0,162.0,1300,0.0,0.0
2024-07-18 11:00:00+09:00,163.0,163.0,162.0,162.0,0,0.0,0.0
2024-07-18 12:00:00+09:00,162.0,163.0,162.0,163.0,8500,0.0,0.0
2024-07-18 13:00:00+09:00,162.0,162.0,161.0,162.0,1800,0.0,0.0
2024-07-18 14:00:00+09:00,162.0,163.0,161.0,162.0,1900,0.0,0.0
2024-07-19 09:00:00+09:00,161.0,163.0,161.0,162.0,5200,0.0,0.0
2024-07-19 10:00:00+09:00,162.0,162.0,162.0,162.0,200,0.0,0.0
2024-07-19 11:00:00+09:00,162.0,162.0,162.0,162.0,0,0.0,0.0
2024-07-19 12:00:00+09:00,163.0,163.0,162.0,162.0,7400,0.0,0.0
2024-07-19 13:00:00+09:00,163.0,163.0,163.0,163.0,100,0.0,0.0
2024-07-19 14:00:00+09:00,163.0,163.0,161.0,162.0,15200,0.0,0.0
2024-07-22 09:00:00+09:00,162.0,163.0,161.0,162.0,0,0.0,0.0
2024-07-22 10:00:00+09:00,162.0,163.0,162.0,162.0,300,0.0,0.0
2024-07-22 11:00:00+09:00,162.0,162.0,162.0,162.0,0,0.0,0.0
2024-07-22 12:00:00+09:00,162.0,163.0,162.0,163.0,3700,0.0,0.0
2024-07-22 14:00:00+09:00,162.0,163.0,162.0,162.0,1100,0.0,0.0
2024-07-23 09:00:00+09:00,161.0,162.0,161.0,161.0,1500,0.0,0.0
2024-07-23 10:00:00+09:00,162.0,162.0,162.0,162.0,600,0.0,0.0
2024-07-23 11:00:00+09:00,162.0,162.0,162.0,162.0,0,0.0,0.0
2024-07-23 12:00:00+09:00,162.0,162.0,162.0,162.0,3300,0.0,0.0
2024-07-23 13:00:00+09:00,162.0,164.0,162.0,164.0,6500,0.0,0.0
2024-07-23 14:00:00+09:00,163.0,164.0,163.0,164.0,3100,0.0,0.0
2024-07-24 09:00:00+09:00,162.0,163.0,162.0,163.0,5700,0.0,0.0
2024-07-24 10:00:00+09:00,162.0,163.0,161.0,162.0,14100,0.0,0.0
2024-07-24 11:00:00+09:00,162.0,163.0,162.0,163.0,0,0.0,0.0
2024-07-24 12:00:00+09:00,163.0,163.0,162.0,162.0,27700,0.0,0.0
2024-07-24 13:00:00+09:00,161.0,162.0,161.0,162.0,1700,0.0,0.0
2024-07-24 14:00:00+09:00,161.0,162.0,160.0,160.0,8500,0.0,0.0
2024-07-25 09:00:00+09:00,161.0,161.0,160.0,161.0,4800,0.0,0.0
2024-07-25 10:00:00+09:00,160.0,161.0,160.0,161.0,1000,0.0,0.0
2024-07-25 11:00:00+09:00,160.0,161.0,160.0,160.0,0,0.0,0.0
2024-07-25 12:00:00+09:00,161.0,161.0,160.0,160.0,7200,0.0,0.0
2024-07-25 13:00:00+09:00,160.0,161.0,160.0,161.0,1200,0.0,0.0
2024-07-25 14:00:00+09:00,161.0,161.0,160.0,161.0,1800,0.0,0.0
2024-07-26 09:00:00+09:00,162.0,162.0,160.0,162.0,11900,0.0,0.0
2024-07-26 10:00:00+09:00,162.0,162.0,161.0,162.0,600,0.0,0.0
2024-07-26 11:00:00+09:00,162.0,162.0,162.0,162.0,0,0.0,0.0
2024-07-26 12:00:00+09:00,162.0,162.0,161.0,161.0,20000,0.0,0.0
2024-07-26 13:00:00+09:00,161.0,162.0,161.0,162.0,1000,0.0,0.0
2024-07-26 14:00:00+09:00,162.0,162.0,161.0,161.0,2700,0.0,0.0
2024-07-29 09:00:00+09:00,162.0,163.0,161.0,163.0,12400,0.0,0.0
2024-07-29 10:00:00+09:00,162.0,163.0,162.0,162.0,1700,0.0,0.0
2024-07-29 11:00:00+09:00,162.0,163.0,162.0,163.0,0,0.0,0.0
2024-07-29 12:00:00+09:00,163.0,163.0,163.0,163.0,26800,0.0,0.0
2024-07-29 13:00:00+09:00,163.0,163.0,162.0,163.0,600,0.0,0.0
2024-07-29 14:00:00+09:00,162.0,163.0,162.0,162.0,2300,0.0,0.0
2024-07-30 09:00:00+09:00,162.0,163.0,162.0,162.0,3000,0.0,0.0
2024-07-30 10:00:00+09:00,162.0,162.0,162.0,162.0,800,0.0,0.0
2024-07-30 11:00:00+09:00,161.0,162.0,161.0,162.0,0,0.0,0.0
2024-07-30 12:00:00+09:00,162.0,162.0,161.0,162.0,13400,0.0,0.0
2024-07-30 13:00:00+09:00,161.0,162.0,158.0,158.0,21700,0.0,0.0
2024-07-30 14:00:00+09:00,159.0,159.0,156.0,158.0,19600,0.0,0.0
2024-07-31 09:00:00+09:00,153.0,154.0,152.0,154.0,40100,0.0,0.0
2024-07-31 10:00:00+09:00,154.0,155.0,153.0,154.0,6800,0.0,0.0
2024-07-31 11:00:00+09:00,154.0,154.0,153.0,154.0,0,0.0,0.0
2024-07-31 12:00:00+09:00,154.0,155.0,154.0,155.0,50200,0.0,0.0
2024-07-31 13:00:00+09:00,154.0,155.0,154.0,155.0,3700,0.0,0.0
2024-07-31 14:00:00+09:00,155.0,155.0,154.0,154.0,700,0.0,0.0
2024-08-01 09:00:00+09:00,156.0,156.0,154.0,155.0,11900,0.0,0.0
2024-08-01 10:00:00+09:00,154.0,155.0,153.0,153.0,2900,0.0,0.0
2024-08-01 11:00:00+09:00,154.0,154.0,154.0,154.0,0,0.0,0.0
2024-08-01 12:00:00+09:00,153.0,154.0,153.0,153.0,17300,0.0,0.0
2024-08-01 13:00:00+09:00,153.0,154.0,153.0,154.0,300,0.0,0.0
2024-08-01 14:00:00+09:00,154.0,154.0,153.0,153.0,3200,0.0,0.0
2024-08-02 09:00:00+09:00,152.0,153.0,150.0,150.0,25900,0.0,0.0
2024-08-02 10:00:00+09:00,151.0,152.0,150.0,152.0,9000,0.0,0.0
2024-08-02 11:00:00+09:00,151.0,152.0,150.0,151.0,0,0.0,0.0
2024-08-02 12:00:00+09:00,150.0,151.0,150.0,151.0,56600,0.0,0.0
2024-08-02 13:00:00+09:00,150.0,151.0,149.0,151.0,14000,0.0,0.0
2024-08-02 14:00:00+09:00,150.0,152.0,150.0,150.0,5000,0.0,0.0
2024-08-05 09:00:00+09:00,146.0,147.0,144.0,145.0,16700,0.0,0.0
2024-08-05 10:00:00+09:00,144.0,146.0,143.0,146.0,5000,0.0,0.0
2024-08-05 11:00:00+09:00,144.0,144.0,144.0,144.0,0,0.0,0.0
2024-08-05 12:00:00+09:00,145.0,145.0,142.0,142.0,27700,0.0,0.0
2024-08-05 13:00:00+09:00,142.0,143.0,140.0,140.0,10000,0.0,0.0
2024-08-05 14:00:00+09:00,140.0,140.0,133.0,133.0,12800,0.0,0.0
2024-08-06 09:00:00+09:00,132.0,141.0,132.0,141.0,31200,0.0,0.0
2024-08-06 10:00:00+09:00,141.0,141.0,140.0,140.0,2900,0.0,0.0
2024-08-06 11:00:00+09:00,139.0,139.0,138.0,139.0,0,0.0,0.0
2024-08-06 12:00:00+09:00,140.0,141.0,140.0,140.0,38300,0.0,0.0
2024-08-06 13:00:00+09:00,140.0,141.0,140.0,140.0,6400,0.0,0.0
2024-08-06 14:00:00+09:00,140.0,142.0,140.0,142.0,1700,0.0,0.0
2024-08-07 09:00:00+09:00,135.0,141.0,135.0,141.0,5800,0.0,0.0
2024-08-07 10:00:00+09:00,141.0,143.0,141.0,143.0,2400,0.0,0.0
2024-08-07 11:00:00+09:00,142.0,143.0,142.0,142.0,0,0.0,0.0
2024-08-07 12:00:00+09:00,142.0,143.0,142.0,143.0,10300,0.0,0.0
2024-08-07 13:00:00+09:00,143.0,143.0,143.0,143.0,100,0.0,0.0
2024-08-07 14:00:00+09:00,143.0,144.0,142.0,144.0,2000,0.0,0.0
2024-08-08 09:00:00+09:00,141.0,141.0,141.0,141.0,6400,0.0,0.0
2024-08-08 10:00:00+09:00,142.0,143.0,142.0,143.0,700,0.0,0.0
2024-08-08 11:00:00+09:00,143.0,143.0,142.0,142.0,0,0.0,0.0
2024-08-08 12:00:00+09:00,143.0,143.0,143.0,143.0,11800,0.0,0.0
2024-08-08 13:00:00+09:00,142.0,143.0,142.0,143.0,300,0.0,0.0
2024-08-08 14:00:00+09:00,142.0,143.0,141.0,143.0,4900,0.0,0.0
2024-08-09 09:00:00+09:00,143.0,145.0,143.0,144.0,9800,0.0,0.0
2024-08-09 10:00:00+09:00,144.0,146.0,143.0,146.0,4200,0.0,0.0
2024-08-09 11:00:00+09:00,146.0,147.0,145.0,147.0,0,0.0,0.0
2024-08-09 12:00:00+09:00,147.0,147.0,146.0,146.0,15500,0.0,0.0
2024-08-09 13:00:00+09:00,145.0,145.0,145.0,145.0,700,0.0,0.0
2024-08-09 14:00:00+09:00,145.0,146.0,145.0,146.0,1300,0.0,0.0
2024-08-13 09:00:00+09:00,147.0,148.0,145.0,148.0,4800,0.0,0.0
2024-08-13 10:00:00+09:00,148.0,149.0,148.0,148.0,1500,0.0,0.0
2024-08-13 11:00:00+09:00,148.0,148.0,148.0,148.0,0,0.0,0.0
2024-08-13 12:00:00+09:00,148.0,148.0,148.0,148.0,6800,0.0,0.0
2024-08-13 13:00:00+09:00,148.0,150.0,148.0,149.0,4600,0.0,0.0
2024-08-13 14:00:00+09:00,149.0,150.0,148.0,150.0,13000,0.0,0.0
2024-08-14 09:00:00+09:00,143.0,146.0,143.0,145.0,17200,0.0,0.0
2024-08-14 10:00:00+09:00,144.0,146.0,144.0,146.0,1500,0.0,0.0
2024-08-14 11:00:00+09:00,145.0,145.0,144.0,145.0,0,0.0,0.0
2024-08-14 12:00:00+09:00,145.0,145.0,143.0,144.0,23500,0.0,0.0
2024-08-14 13:00:00+09:00,145.0,145.0,145.0,145.0,1000,0.0,0.0
2024-08-14 14:00:00+09:00,145.0,145.0,143.0,144.0,5100,0.0,0.0
2024-08-15 09:00:00+09:00,144.0,144.0,143.0,144.0,1300,0.0,0.0
2024-08-15 10:00:00+09:00,144.0,144.0,143.0,143.0,4200,0.0,0.0
2024-08-15 11:00:00+09:00,143.0,144.0,143.0,144.0,0,0.0,0.0
2024-08-15 12:00:00+09:00,144.0,144.0,144.0,144.0,7000,0.0,0.0
2024-08-15 13:00:00+09:00,143.0,144.0,142.0,143.0,8400,0.0,0.0
2024-08-15 14:00:00+09:00,143.0,144.0,143.0,144.0,700,0.0,0.0
2024-08-16 09:00:00+09:00,147.0,147.0,145.0,145.0,7800,0.0,0.0
2024-08-16 10:00:00+09:00,145.0,147.0,145.0,146.0,4900,0.0,0.0
2024-08-16 11:00:00+09:00,146.0,146.0,146.0,146.0,0,0.0,0.0
2024-08-16 12:00:00+09:00,147.0,147.0,146.0,146.0,14100,0.0,0.0
2024-08-16 13:00:00+09:00,146.0,146.0,145.0,145.0,2800,0.0,0.0
2024-08-16 14:00:00+09:00,146.0,147.0,146.0,146.0,900,0.0,0.0
2024-08-19 09:00:00+09:00,148.0,148.0,146.0,146.0,7600,0.0,0.0
2024-08-19 10:00:00+09:00,146.0,147.0,146.0,147.0,300,0.0,0.0
2024-08-19 11:00:00+09:00,146.0,146.0,145.0,145.0,0,0.0,0.0
2024-08-19 12:00:00+09:00,147.0,147.0,147.0,147.0,15300,0.0,0.0
2024-08-19 13:00:00+09:00,146.0,146.0,146.0,146.0,200,0.0,0.0
2024-08-19 14:00:00+09:00,146.0,146.0,141.0,143.0,37000,0.0,0.0
2024-08-20 09:00:00+09:00,144.0,144.0,143.0,143.0,9200,0.0,0.0
2024-08-20 10:00:00+09:00,144.0,144.0,144.0,144.0,400,0.0,0.0
2024-08-20 11:00:00+09:00,143.0,143.0,143.0,143.0,0,0.0,0.0
2024-08-20 12:00:00+09:00,144.0,144.0,144.0,144.0,10300,0.0,0.0
2024-08-20 13:00:00+09:00,144.0,144.0,143.0,143.0,1000,0.0,0.0
2024-08-20 14:00:00+09:00,143.0,145.0,143.0,145.0,2800,0.0,0.0
2024-08-21 09:00:00+09:00,144.0,145.0,144.0,144.0,6800,0.0,0.0
2024-08-21 10:00:00+09:00,145.0,145.0,145.0,145.0,100,0.0,0.0
2024-08-21 11:00:00+09:00,145.0,145.0,145.0,145.0,0,0.0,0.0
2024-08-21 12:00:00+09:00,144.0,144.0,143.0,144.0,13500,0.0,0.0
2024-08-21 13:00:00+09:00,145.0,145.0,145.0,145.0,100,0.0,0.0
2024-08-21 14:00:00+09:00,144.0,145.0,144.0,144.0,4100,0.0,0.0
2024-08-22 09:00:00+09:00,145.0,145.0,145.0,145.0,1500,0.0,0.0
2024-08-22 10:00:00+09:00,146.0,146.0,145.0,145.0,500,0.0,0.0
2024-08-22 11:00:00+09:00,145.0,146.0,144.0,146.0,0,0.0,0.0
2024-08-22 12:00:00+09:00,144.0,144.0,144.0,144.0,11400,0.0,0.0
2024-08-22 13:00:00+09:00,145.0,145.0,145.0,145.0,300,0.0,0.0
2024-08-22 14:00:00+09:00,145.0,145.0,145.0,145.0,200,0.0,0.0
2024-08-23 09:00:00+09:00,144.0,145.0,143.0,144.0,18000,0.0,0.0
2024-08-23 10:00:00+09:00,143.0,144.0,143.0,144.0,600,0.0,0.0
2024-08-23 11:00:00+09:00,144.0,144.0,144.0,144.0,0,0.0,0.0
2024-08-23 12:00:00+09:00,144.0,144.0,143.0,144.0,22600,0.0,0.0
2024-08-23 13:00:00+09:00,144.0,144.0,143.0,144.0,1500,0.0,0.0
2024-08-23 14:00:00+09:00,144.0,145.0,143.0,143.0,3500,0.0,0.0
2024-08-26 09:00:00+09:00,144.0,145.0,144.0,144.0,5300,0.0,0.0
2024-08-26 10:00:00+09:00,145.0,145.0,144.0,144.0,500,0.0,0.0
2024-08-26 11:00:00+09:00,145.0,145.0,145.0,145.0,0,0.0,0.0
2024-08-26 12:00:00+09:00,144.0,146.0,144.0,145.0,8600,0.0,0.0
2024-08-26 13:00:00+09:00,146.0,146.0,145.0,145.0,600,0.0,0.0
2024-08-26 14:00:00+09:00,145.0,145.0,145.0,145.0,400,0.0,0.0
2024-08-27 09:00:00+09:00,145.0,145.0,143.0,144.0,6500,0.0,0.0
2024-08-27 10:00:00+09:00,145.0,145.0,145.0,145.0,200,0.0,0.0
2024-08-27 11:00:00+09:00,145.0,145.0,145.0,145.0,0,0.0,0.0
2024-08-27 12:00:00+09:00,144.0,145.0,144.0,145.0,9700,0.0,0.0
2024-08-27 13:00:00+09:00,146.0,146.0,145.0,145.0,1200,0.0,0.0
2024-08-27 14:00:00+09:00,145.0,146.0,145.0,146.0,900,0.0,0.0
2024-08-28 09:00:00+09:00,146.0,146.0,145.0,146.0,2500,0.0,0.0
2024-08-28 10:00:00+09:00,145.0,146.0,145.0,146.0,600,0.0,0.0
2024-08-28 11:00:00+09:00,146.0,146.0,146.0,146.0,0,0.0,0.0
2024-08-28 12:00:00+09:00,145.0,146.0,145.0,145.0,5200,0.0,0.0
2024-08-28 13:00:00+09:00,146.0,147.0,146.0,147.0,2500,0.0,0.0
2024-08-28 14:00:00+09:00,146.0,146.0,146.0,146.0,500,0.0,0.0
2024-08-29 09:00:00+09:00,145.0,146.0,145.0,146.0,11700,0.0,0.0
2024-08-29 10:00:00+09:00,146.0,147.0,145.0,147.0,2600,0.0,0.0
2024-08-29 11:00:00+09:00,147.0,147.0,147.0,147.0,0,0.0,0.0
2024-08-29 12:00:00+09:00,146.0,146.0,146.0,146.0,14600,0.0,0.0
2024-08-29 13:00:00+09:00,147.0,147.0,147.0,147.0,800,0.0,0.0
2024-08-29 14:00:00+09:00,146.0,147.0,146.0,147.0,900,0.0,0.0
2024-08-30 09:00:00+09:00,146.0,146.0,145.0,146.0,4200,0.0,0.0
2024-08-30 10:00:00+09:00,147.0,147.0,145.0,146.0,5000,0.0,0.0
2024-08-30 11:00:00+09:00,146.0,146.0,146.0,146.0,0,0.0,0.0
2024-08-30 12:00:00+09:00,146.0,146.0,146.0,146.0,10400,0.0,0.0
2024-08-30 13:00:00+09:00,146.0,147.0,146.0,147.0,500,0.0,0.0
2024-08-30 14:00:00+09:00,147.0,150.0,147.0,150.0,10600,0.0,0.0
2024-09-02 09:00:00+09:00,151.0,151.0,149.0,150.0,10900,0.0,0.0
2024-09-02 10:00:00+09:00,149.0,149.0,149.0,149.0,100,0.0,0.0
2024-09-02 11:00:00+09:00,149.0,150.0,149.0,150.0,0,0.0,0.0
2024-09-02 12:00:00+09:00,148.0,149.0,148.0,149.0,15000,0.0,0.0
2024-09-02 13:00:00+09:00,149.0,150.0,149.0,149.0,800,0.0,0.0
2024-09-02 14:00:00+09:00,150.0,151.0,150.0,150.0,3600,0.0,0.0
2024-09-03 09:00:00+09:00,150.0,151.0,150.0,150.0,7600,0.0,0.0
2024-09-03 10:00:00+09:00,151.0,152.0,151.0,152.0,2700,0.0,0.0
2024-09-03 11:00:00+09:00,151.0,151.0,151.0,151.0,0,0.0,0.0
2024-09-03 12:00:00+09:00,150.0,151.0,149.0,149.0,16300,0.0,0.0
2024-09-03 13:00:00+09:00,149.0,150.0,149.0,150.0,700,0.0,0.0
2024-09-03 14:00:00+09:00,150.0,151.0,150.0,151.0,1900,0.0,0.0
2024-09-04 09:00:00+09:00,148.0,151.0,148.0,149.0,22800,0.0,0.0
2024-09-04 10:00:00+09:00,149.0,150.0,149.0,150.0,300,0.0,0.0
2024-09-04 11:00:00+09:00,150.0,150.0,150.0,150.0,0,0.0,0.0
2024-09-04 12:00:00+09:00,149.0,150.0,148.0,150.0,32100,0.0,0.0
2024-09-04 13:00:00+09:00,150.0,150.0,146.0,147.0,13300,0.0,0.0
2024-09-04 14:00:00+09:00,146.0,147.0,146.0,147.0,700,0.0,0.0
2024-09-05 09:00:00+09:00,146.0,146.0,146.0,146.0,7300,0.0,0.0
2024-09-05 10:00:00+09:00,145.0,146.0,145.0,146.0,6600,0.0,0.0
2024-09-05 11:00:00+09:00,146.0,146.0,146.0,146.0,0,0.0,0.0
2024-09-05 12:00:00+09:00,146.0,146.0,146.0,146.0,16400,0.0,0.0
2024-09-05 13:00:00+09:00,146.0,146.0,145.0,146.0,5400,0.0,0.0
2024-09-05 14:00:00+09:00,146.0,147.0,145.0,145.0,1500,0.0,0.0
2024-09-06 09:00:00+09:00,146.0,147.0,146.0,146.0,1100,0.0,0.0
2024-09-06 10:00:00+09:00,146.0,147.0,146.0,147.0,600,0.0,0.0
2024-09-06 11:00:00+09:00,147.0,147.0,147.0,147.0,0,0.0,0.0
2024-09-06 12:00:00+09:00,147.0,147.0,147.0,147.0,2300,0.0,0.0
2024-09-06 14:00:00+09:00,147.0,148.0,147.0,148.0,2000,0.0,0.0
