Datetime,Open,High,Low,Close,Volume,Dividends,Stock Splits
2022-10-20 09:30:00-04:00,67.4000015258789,68.7699966430664,66.77999877929688,68.43000030517578,0,0.0,0.0
2022-10-20 10:30:00-04:00,68.56999969482422,68.63999938964844,67.54000091552734,67.62999725341797,36776,0.0,0.0
2022-10-20 11:30:00-04:00,67.69000244140625,67.97000122070312,66.66999816894531,66.68000030517578,24991,0.0,0.0
2022-10-20 12:30:00-04:00,66.68000030517578,66.87000274658203,66.13999938964844,66.33000183105469,27076,0.0,0.0
2022-10-20 13:30:00-04:00,66.33000183105469,66.4000015258789,65.83000183105469,65.9000015258789,27702,0.0,0.0
2022-10-20 14:30:00-04:00,65.94499969482422,66.38999938964844,65.7699966430664,65.7750015258789,34109,0.0,0.0
2022-10-20 15:30:00-04:00,65.7750015258789,66.20999908447266,65.75,66.05000305175781,67265,0.0,0.0
2022-10-21 09:30:00-04:00,65.66999816894531,66.63600158691406,65.20999908447266,65.4800033569336,78386,0.0,0.0
2022-10-21 10:30:00-04:00,65.56999969482422,65.93499755859375,65.16999816894531,65.7300033569336,45256,0.0,0.0
2022-10-21 11:30:00-04:00,65.87999725341797,66.61000061035156,65.83000183105469,66.2699966430664,58336,0.0,0.0
2022-10-21 12:30:00-04:00,66.33000183105469,66.87999725341797,66.26000213623047,66.53500366210938,52797,0.0,0.0
2022-10-21 13:30:00-04:00,66.52999877929688,66.95999908447266,66.3499984741211,66.69000244140625,64542,0.0,0.0
2022-10-21 14:30:00-04:00,66.68499755859375,66.93000030517578,66.4749984741211,66.9000015258789,61922,0.0,0.0
2022-10-21 15:30:00-04:00,66.88999938964844,67.22000122070312,66.88999938964844,67.16999816894531,117096,0.0,0.0
2022-10-24 09:30:00-04:00,67.62999725341797,68.96499633789062,67.16000366210938,67.55999755859375,64741,0.0,0.0
2022-10-24 10:30:00-04:00,67.4800033569336,68.3499984741211,67.29000091552734,68.25,75008,0.0,0.0
2022-10-24 11:30:00-04:00,68.19999694824219,68.68000030517578,68.08000183105469,68.31999969482422,49307,0.0,0.0
2022-10-24 12:30:00-04:00,68.33000183105469,68.37999725341797,67.83000183105469,67.9749984741211,48238,0.0,0.0
2022-10-24 13:30:00-04:00,68.01000213623047,68.11499786376953,67.7699966430664,67.92500305175781,48457,0.0,0.0
2022-10-24 14:30:00-04:00,67.91999816894531,68.5,67.91000366210938,68.23999786376953,69271,0.0,0.0
2022-10-24 15:30:00-04:00,68.26000213623047,68.36000061035156,67.9800033569336,68.11000061035156,140127,0.0,0.0
2022-10-25 09:30:00-04:00,68.0999984741211,69.4749984741211,68.0999984741211,69.16000366210938,83994,0.0,0.0
2022-10-25 10:30:00-04:00,69.20500183105469,69.87999725341797,69.05000305175781,69.58999633789062,79481,0.0,0.0
2022-10-25 11:30:00-04:00,69.5999984741211,70.12999725341797,69.56999969482422,69.62999725341797,95481,0.0,0.0
2022-10-25 12:30:00-04:00,69.66999816894531,69.73999786376953,69.23999786376953,69.61000061035156,72853,0.0,0.0
2022-10-25 13:30:00-04:00,69.61000061035156,70.12999725341797,69.51000213623047,70.08999633789062,61812,0.0,0.0
2022-10-25 14:30:00-04:00,70.12999725341797,70.3499984741211,69.98999786376953,70.23999786376953,81275,0.0,0.0
2022-10-25 15:30:00-04:00,70.23999786376953,70.62000274658203,70.23999786376953,70.62000274658203,129518,0.0,0.0
2022-10-26 09:30:00-04:00,70.87000274658203,71.41999816894531,69.62999725341797,71.26499938964844,72806,0.0,0.0
2022-10-26 10:30:00-04:00,71.33999633789062,72.41000366210938,71.07499694824219,72.37999725341797,75196,0.0,0.0
2022-10-26 11:30:00-04:00,72.4000015258789,73.41999816894531,72.375,73.41999816894531,85594,0.0,0.0
2022-10-26 12:30:00-04:00,73.48999786376953,73.5999984741211,72.37999725341797,72.43499755859375,72431,0.0,0.0
2022-10-26 13:30:00-04:00,72.48999786376953,73.12999725341797,72.36000061035156,72.61000061035156,58344,0.0,0.0
2022-10-26 14:30:00-04:00,72.59500122070312,72.83999633789062,71.88999938964844,71.95999908447266,132338,0.0,0.0
2022-10-26 15:30:00-04:00,71.9749984741211,72.31999969482422,71.93000030517578,72.08999633789062,161643,0.0,0.0
2022-10-27 09:30:00-04:00,69.69999694824219,71.80000305175781,69.19999694824219,69.8499984741211,275848,0.0,0.0
2022-10-27 10:30:00-04:00,69.80000305175781,70.44999694824219,68.91999816894531,70.07499694824219,123547,0.0,0.0
2022-10-27 11:30:00-04:00,70.05000305175781,72.27999877929688,69.83000183105469,71.41999816894531,231876,0.0,0.0
2022-10-27 12:30:00-04:00,71.41999816894531,72.1720962524414,71.06999969482422,71.57499694824219,111988,0.0,0.0
2022-10-27 13:30:00-04:00,71.61499786376953,71.8499984741211,70.54000091552734,70.97000122070312,132882,0.0,0.0
2022-10-27 14:30:00-04:00,70.97000122070312,71.08000183105469,70.31999969482422,70.51000213623047,122568,0.0,0.0
2022-10-27 15:30:00-04:00,70.52999877929688,70.5999984741211,70.12000274658203,70.45999908447266,295165,0.0,0.0
2022-10-28 09:30:00-04:00,70.30000305175781,71.54000091552734,69.01000213623047,70.18000030517578,118527,0.0,0.0
2022-10-28 10:30:00-04:00,70.26000213623047,71.08999633789062,69.91999816894531,71.06999969482422,64659,0.0,0.0
2022-10-28 11:30:00-04:00,71.06999969482422,71.08000183105469,70.27999877929688,70.83999633789062,61280,0.0,0.0
2022-10-28 12:30:00-04:00,70.86000061035156,71.52999877929688,70.86000061035156,71.45999908447266,64264,0.0,0.0
2022-10-28 13:30:00-04:00,71.44509887695312,72.08999633789062,71.44509887695312,71.93000030517578,82474,0.0,0.0
2022-10-28 14:30:00-04:00,71.93000030517578,72.66999816894531,71.9000015258789,72.56500244140625,144949,0.0,0.0
2022-10-28 15:30:00-04:00,72.58000183105469,72.66000366210938,71.97000122070312,72.02999877929688,193711,0.0,0.0
2022-10-31 09:30:00-04:00,71.75,72.4800033569336,71.125,71.94999694824219,75157,0.0,0.0
2022-10-31 10:30:00-04:00,71.94000244140625,72.33000183105469,71.79499816894531,72.16999816894531,52240,0.0,0.0
2022-10-31 11:30:00-04:00,72.12000274658203,72.26499938964844,71.2300033569336,71.2300033569336,60402,0.0,0.0
2022-10-31 12:30:00-04:00,71.19000244140625,71.51000213623047,71.12000274658203,71.45999908447266,86047,0.0,0.0
2022-10-31 13:30:00-04:00,71.41999816894531,71.43000030517578,70.98500061035156,71.00700378417969,65366,0.0,0.0
2022-10-31 14:30:00-04:00,71.06999969482422,71.27999877929688,70.6500015258789,70.75,99040,0.0,0.0
2022-10-31 15:30:00-04:00,70.76499938964844,70.92500305175781,70.4000015258789,70.63999938964844,160432,0.0,0.0
2022-11-01 09:30:00-04:00,71.87999725341797,73.19999694824219,71.12000274658203,71.66999816894531,172410,0.0,0.0
2022-11-01 10:30:00-04:00,71.68000030517578,71.91999816894531,71.15499877929688,71.83000183105469,54541,0.0,0.0
2022-11-01 11:30:00-04:00,71.93000030517578,72.37999725341797,71.68160247802734,71.87999725341797,53873,0.0,0.0
2022-11-01 12:30:00-04:00,71.94999694824219,72.45999908447266,71.86000061035156,72.45999908447266,44286,0.0,0.0
2022-11-01 13:30:00-04:00,72.47000122070312,72.81999969482422,72.44000244140625,72.62000274658203,43373,0.0,0.0
2022-11-01 14:30:00-04:00,72.5999984741211,72.7020034790039,72.21499633789062,72.21499633789062,91092,0.0,0.0
2022-11-01 15:30:00-04:00,72.23999786376953,72.33000183105469,71.9800033569336,72.13999938964844,194317,0.0,0.0
2022-11-02 09:30:00-04:00,71.4800033569336,71.86000061035156,70.8499984741211,71.37999725341797,96941,0.0,0.0
2022-11-02 10:30:00-04:00,71.33999633789062,71.43000030517578,70.77999877929688,70.80999755859375,63223,0.0,0.0
2022-11-02 11:30:00-04:00,70.7699966430664,70.81999969482422,69.88999938964844,70.0,97534,0.0,0.0
2022-11-02 12:30:00-04:00,69.97000122070312,69.97000122070312,69.2699966430664,69.91999816894531,146242,0.0,0.0
2022-11-02 13:30:00-04:00,69.88999938964844,70.91000366210938,69.5,70.4000015258789,117955,0.0,0.0
2022-11-02 14:30:00-04:00,70.45999908447266,70.67500305175781,67.80000305175781,68.05999755859375,235915,0.0,0.0
2022-11-02 15:30:00-04:00,68.07499694824219,68.07499694824219,67.37999725341797,67.44999694824219,243182,0.0,0.0
2022-11-03 09:30:00-04:00,65.95999908447266,66.62999725341797,64.55000305175781,66.125,165831,0.0,0.0
2022-11-03 10:30:00-04:00,66.08000183105469,66.52999877929688,65.44999694824219,66.26000213623047,100161,0.0,0.0
2022-11-03 11:30:00-04:00,66.21499633789062,67.3499984741211,66.01499938964844,67.08000183105469,114333,0.0,0.0
2022-11-03 12:30:00-04:00,67.0896987915039,67.38999938964844,66.79000091552734,66.88999938964844,62429,0.0,0.0
2022-11-03 13:30:00-04:00,66.86000061035156,67.0,66.3499984741211,66.98999786376953,65001,0.0,0.0
2022-11-03 14:30:00-04:00,66.98999786376953,67.11000061035156,66.7300033569336,66.73999786376953,167461,0.0,0.0
2022-11-03 15:30:00-04:00,66.73999786376953,66.9000015258789,66.16000366210938,66.27999877929688,181286,0.0,0.0
2022-11-04 09:30:00-04:00,67.01000213623047,68.48999786376953,66.86000061035156,68.4000015258789,84678,0.0,0.0
2022-11-04 10:30:00-04:00,68.45999908447266,68.53500366210938,67.44999694824219,67.44999694824219,76068,0.0,0.0
2022-11-04 11:30:00-04:00,67.48999786376953,67.61000061035156,66.62000274658203,67.1500015258789,79708,0.0,0.0
2022-11-04 12:30:00-04:00,67.12000274658203,67.2300033569336,66.69000244140625,67.0999984741211,54248,0.0,0.0
2022-11-04 13:30:00-04:00,67.04000091552734,67.08000183105469,66.58000183105469,67.0250015258789,71451,0.0,0.0
2022-11-04 14:30:00-04:00,67.02999877929688,67.37999725341797,66.95999908447266,67.16999816894531,85683,0.0,0.0
2022-11-04 15:30:00-04:00,67.12999725341797,67.45999908447266,67.08999633789062,67.45999908447266,139839,0.0,0.0
2022-11-07 09:30:00-05:00,67.94000244140625,68.29900360107422,67.04000091552734,67.75,51043,0.0,0.0
2022-11-07 10:30:00-05:00,67.69000244140625,68.02999877929688,67.52999877929688,67.73750305175781,49274,0.0,0.0
2022-11-07 11:30:00-05:00,67.80999755859375,67.87999725341797,67.02999877929688,67.44999694824219,28540,0.0,0.0
2022-11-07 12:30:00-05:00,67.53500366210938,67.63999938964844,67.2699966430664,67.55000305175781,32882,0.0,0.0
2022-11-07 13:30:00-05:00,67.51000213623047,68.36499786376953,67.5,68.33999633789062,58405,0.0,0.0
2022-11-07 14:30:00-05:00,68.42500305175781,68.74500274658203,68.20999908447266,68.69000244140625,137909,0.0,0.0
2022-11-07 15:30:00-05:00,68.70999908447266,68.8550033569336,68.58999633789062,68.72000122070312,116093,0.0,0.0
2022-11-08 09:30:00-05:00,69.19999694824219,70.13500213623047,68.6050033569336,70.13500213623047,47605,0.0,0.0
2022-11-08 10:30:00-05:00,70.11000061035156,70.88500213623047,69.77999877929688,70.88500213623047,46992,0.0,0.0
2022-11-08 11:30:00-05:00,70.88999938964844,71.36000061035156,70.83999633789062,71.16000366210938,66924,0.0,0.0
2022-11-08 12:30:00-05:00,71.18000030517578,71.4000015258789,70.22979736328125,70.22979736328125,69580,0.0,0.0
2022-11-08 13:30:00-05:00,70.23999786376953,70.69000244140625,69.41999816894531,69.45999908447266,51460,0.0,0.0
2022-11-08 14:30:00-05:00,69.56999969482422,70.33000183105469,69.36000061035156,70.30999755859375,44658,0.0,0.0
2022-11-08 15:30:00-05:00,70.33999633789062,70.58499908447266,70.08000183105469,70.13999938964844,88188,0.0,0.0
2022-11-09 09:30:00-05:00,69.41999816894531,70.44499969482422,69.08499908447266,69.9000015258789,25861,0.0,0.0
2022-11-09 10:30:00-05:00,70.02999877929688,70.13999938964844,69.37000274658203,69.73999786376953,33758,0.0,0.0
2022-11-09 11:30:00-05:00,69.69000244140625,69.95500183105469,69.31500244140625,69.31500244140625,25607,0.0,0.0
2022-11-09 12:30:00-05:00,69.46499633789062,69.55000305175781,69.16999816894531,69.30000305175781,28649,0.0,0.0
2022-11-09 13:30:00-05:00,69.26000213623047,69.41000366210938,68.91999816894531,69.01000213623047,53387,0.0,0.0
2022-11-09 14:30:00-05:00,69.01000213623047,69.06999969482422,68.7300033569336,68.88500213623047,31772,0.0,0.0
2022-11-09 15:30:00-05:00,68.83999633789062,68.8499984741211,68.5,68.56999969482422,62947,0.0,0.0
2022-11-10 09:30:00-05:00,73.33999633789062,74.95999908447266,72.69000244140625,74.95999908447266,106358,0.0,0.0
2022-11-10 10:30:00-05:00,74.90979766845703,76.54000091552734,74.66000366210938,76.19999694824219,104271,0.0,0.0
2022-11-10 11:30:00-05:00,76.26499938964844,76.48999786376953,74.71499633789062,75.01000213623047,83757,0.0,0.0
2022-11-10 12:30:00-05:00,74.91999816894531,75.19000244140625,74.7300033569336,75.0199966430664,51347,0.0,0.0
2022-11-10 13:30:00-05:00,75.0199966430664,75.37999725341797,74.86000061035156,75.27999877929688,40480,0.0,0.0
2022-11-10 14:30:00-05:00,75.23999786376953,75.50189971923828,75.09030151367188,75.41000366210938,64200,0.0,0.0
2022-11-10 15:30:00-05:00,75.38999938964844,75.66999816894531,75.25,75.66999816894531,185230,0.0,0.0
2022-11-11 09:30:00-05:00,76.33000183105469,78.66000366210938,76.06300354003906,78.27999877929688,110347,0.0,0.0
2022-11-11 10:30:00-05:00,78.375,79.02400207519531,77.94999694824219,78.41999816894531,97058,0.0,0.0
2022-11-11 11:30:00-05:00,78.3499984741211,78.69000244140625,78.06500244140625,78.61000061035156,68857,0.0,0.0
2022-11-11 12:30:00-05:00,78.66000366210938,78.69999694824219,78.12999725341797,78.63999938964844,58328,0.0,0.0
2022-11-11 13:30:00-05:00,78.68000030517578,79.5999984741211,78.4800033569336,79.5999984741211,114192,0.0,0.0
2022-11-11 14:30:00-05:00,79.6500015258789,80.19999694824219,79.41999816894531,79.77999877929688,124676,0.0,0.0
2022-11-11 15:30:00-05:00,79.8499984741211,79.93000030517578,79.47000122070312,79.62999725341797,175850,0.0,0.0
2022-11-14 09:30:00-05:00,78.66999816894531,79.06500244140625,77.80999755859375,77.93000030517578,58848,0.0,0.0
2022-11-14 10:30:00-05:00,77.86499786376953,78.98999786376953,77.77999877929688,78.58999633789062,75834,0.0,0.0
2022-11-14 11:30:00-05:00,78.63999938964844,79.41999816894531,78.37000274658203,79.41999816894531,64884,0.0,0.0
2022-11-14 12:30:00-05:00,79.33000183105469,79.77999877929688,79.27999877929688,79.55999755859375,78020,0.0,0.0
2022-11-14 13:30:00-05:00,79.48999786376953,79.81999969482422,79.30999755859375,79.44999694824219,85137,0.0,0.0
2022-11-14 14:30:00-05:00,79.44999694824219,79.4800033569336,78.8949966430664,78.9800033569336,113386,0.0,0.0
2022-11-14 15:30:00-05:00,78.98999786376953,78.98999786376953,77.72000122070312,77.86000061035156,146185,0.0,0.0
2022-11-15 09:30:00-05:00,76.5,77.93000030517578,75.43000030517578,77.05000305175781,304724,0.0,0.0
2022-11-15 10:30:00-05:00,77.04399871826172,77.68000030517578,76.87000274658203,77.08000183105469,85224,0.0,0.0
2022-11-15 11:30:00-05:00,77.1050033569336,77.67500305175781,77.02999877929688,77.05999755859375,81011,0.0,0.0
2022-11-15 12:30:00-05:00,77.08000183105469,77.1500015258789,76.064697265625,76.16000366210938,83048,0.0,0.0
2022-11-15 13:30:00-05:00,76.0999984741211,76.26000213623047,75.5199966430664,75.90499877929688,144935,0.0,0.0
2022-11-15 14:30:00-05:00,75.91000366210938,75.91000366210938,75.12999725341797,75.26000213623047,189607,0.0,0.0
2022-11-15 15:30:00-05:00,75.26000213623047,75.26000213623047,74.23999786376953,74.41000366210938,229466,0.0,0.0
2022-11-16 09:30:00-05:00,73.69999694824219,73.79000091552734,71.30999755859375,72.43000030517578,140506,0.0,0.0
2022-11-16 10:30:00-05:00,72.37000274658203,73.18000030517578,71.61499786376953,73.15499877929688,87013,0.0,0.0
2022-11-16 11:30:00-05:00,73.12999725341797,73.58000183105469,72.93000030517578,73.23999786376953,46445,0.0,0.0
2022-11-16 12:30:00-05:00,73.25499725341797,73.41999816894531,72.88999938964844,72.88999938964844,50278,0.0,0.0
2022-11-16 13:30:00-05:00,72.77999877929688,72.97000122070312,72.29000091552734,72.44000244140625,44305,0.0,0.0
2022-11-16 14:30:00-05:00,72.43000030517578,72.45500183105469,71.9000015258789,72.12999725341797,98083,0.0,0.0
2022-11-16 15:30:00-05:00,72.125,72.93000030517578,72.11000061035156,72.83000183105469,120026,0.0,0.0
2022-11-17 09:30:00-05:00,71.37000274658203,71.93000030517578,70.80000305175781,70.98999786376953,72644,0.0,0.0
2022-11-17 10:30:00-05:00,70.91999816894531,71.0,70.21150207519531,70.56999969482422,48762,0.0,0.0
2022-11-17 11:30:00-05:00,70.58000183105469,71.69000244140625,70.5,71.33999633789062,68549,0.0,0.0
2022-11-17 12:30:00-05:00,71.30999755859375,72.41000366210938,71.30999755859375,72.23999786376953,46269,0.0,0.0
2022-11-17 13:30:00-05:00,72.20500183105469,72.30000305175781,71.6500015258789,71.80000305175781,45728,0.0,0.0
2022-11-17 14:30:00-05:00,71.83999633789062,72.37000274658203,71.83000183105469,71.98999786376953,58017,0.0,0.0
2022-11-17 15:30:00-05:00,71.99500274658203,72.66000366210938,71.99500274658203,72.61000061035156,122361,0.0,0.0
2022-11-18 09:30:00-05:00,73.29000091552734,73.37000274658203,72.08999633789062,72.12000274658203,82226,0.0,0.0
2022-11-18 10:30:00-05:00,72.20500183105469,72.55000305175781,72.01000213623047,72.33000183105469,80737,0.0,0.0
2022-11-18 11:30:00-05:00,72.32769775390625,72.38500213623047,71.31999969482422,71.56999969482422,70739,0.0,0.0
2022-11-18 12:30:00-05:00,71.54000091552734,72.20500183105469,71.5,72.18499755859375,48008,0.0,0.0
2022-11-18 13:30:00-05:00,72.24500274658203,72.37000274658203,71.72000122070312,72.29000091552734,44112,0.0,0.0
2022-11-18 14:30:00-05:00,72.29000091552734,72.88999938964844,72.13999938964844,72.88999938964844,63165,0.0,0.0
2022-11-18 15:30:00-05:00,72.86499786376953,73.05000305175781,72.77999877929688,73.05000305175781,129980,0.0,0.0
2022-11-21 09:30:00-05:00,72.26000213623047,73.0,71.72000122070312,71.92500305175781,41814,0.0,0.0
2022-11-21 10:30:00-05:00,71.87000274658203,72.37000274658203,71.52999877929688,71.94999694824219,46952,0.0,0.0
2022-11-21 11:30:00-05:00,72.01000213623047,72.06500244140625,71.68000030517578,71.8949966430664,35027,0.0,0.0
2022-11-21 12:30:00-05:00,71.88999938964844,72.25,71.52999877929688,71.91999816894531,41852,0.0,0.0
2022-11-21 13:30:00-05:00,71.97000122070312,71.97000122070312,71.22000122070312,71.3499984741211,32305,0.0,0.0
2022-11-21 14:30:00-05:00,71.3499984741211,71.5,70.70999908447266,70.97000122070312,117455,0.0,0.0
2022-11-21 15:30:00-05:00,71.01000213623047,71.11000061035156,70.66999816894531,70.7699966430664,108476,0.0,0.0
2022-11-22 09:30:00-05:00,70.72000122070312,71.55000305175781,70.63999938964844,71.51499938964844,42538,0.0,0.0
2022-11-22 10:30:00-05:00,71.51499938964844,71.6500015258789,70.91000366210938,71.55000305175781,79971,0.0,0.0
2022-11-22 11:30:00-05:00,71.53250122070312,71.7699966430664,71.31999969482422,71.69999694824219,60475,0.0,0.0
2022-11-22 12:30:00-05:00,71.69000244140625,72.27999877929688,71.66999816894531,72.23500061035156,64801,0.0,0.0
2022-11-22 13:30:00-05:00,72.23500061035156,72.32499694824219,71.91000366210938,72.06500244140625,63877,0.0,0.0
2022-11-22 14:30:00-05:00,72.05000305175781,72.86000061035156,71.87000274658203,72.79000091552734,90689,0.0,0.0
2022-11-22 15:30:00-05:00,72.75,72.91000366210938,72.61000061035156,72.75499725341797,138074,0.0,0.0
2022-11-23 09:30:00-05:00,72.61000061035156,74.375,72.1500015258789,73.5199966430664,63701,0.0,0.0
2022-11-23 10:30:00-05:00,73.52999877929688,73.8550033569336,73.37000274658203,73.58999633789062,40399,0.0,0.0
2022-11-23 11:30:00-05:00,73.46499633789062,73.51000213623047,73.02320098876953,73.0999984741211,19156,0.0,0.0
2022-11-23 12:30:00-05:00,73.1500015258789,73.37000274658203,72.94999694824219,73.3499984741211,21819,0.0,0.0
2022-11-23 13:30:00-05:00,73.38999938964844,73.83999633789062,73.2249984741211,73.58999633789062,32182,0.0,0.0
2022-11-23 14:30:00-05:00,73.54000091552734,73.7699966430664,73.19499969482422,73.69999694824219,48956,0.0,0.0
2022-11-23 15:30:00-05:00,73.66600036621094,73.86000061035156,73.51000213623047,73.62000274658203,88222,0.0,0.0
2022-11-25 09:30:00-05:00,73.37000274658203,73.87999725341797,73.37000274658203,73.56999969482422,25160,0.0,0.0
2022-11-25 10:30:00-05:00,73.5999984741211,73.66000366210938,73.2699966430664,73.4000015258789,46515,0.0,0.0
2022-11-25 11:30:00-05:00,73.41000366210938,73.80500030517578,73.27999877929688,73.45999908447266,60984,0.0,0.0
2022-11-28 09:30:00-05:00,72.72000122070312,73.2750015258789,72.19999694824219,73.18499755859375,27520,0.0,0.0
2022-11-28 10:30:00-05:00,73.23519897460938,73.3499984741211,72.625,72.70999908447266,29276,0.0,0.0
2022-11-28 11:30:00-05:00,72.73999786376953,72.8550033569336,72.48999786376953,72.77999877929688,31807,0.0,0.0
2022-11-28 12:30:00-05:00,72.81999969482422,73.02999877929688,72.6500015258789,72.66999816894531,31702,0.0,0.0
2022-11-28 13:30:00-05:00,72.67500305175781,72.80000305175781,72.5999984741211,72.73999786376953,27590,0.0,0.0
2022-11-28 14:30:00-05:00,72.69999694824219,73.01000213623047,72.41999816894531,72.4800033569336,49087,0.0,0.0
2022-11-28 15:30:00-05:00,72.5,72.81999969482422,72.49500274658203,72.72000122070312,148943,0.0,0.0
2022-11-29 09:30:00-05:00,72.76000213623047,73.55000305175781,72.76000213623047,73.22000122070312,34060,0.0,0.0
2022-11-29 10:30:00-05:00,73.26499938964844,73.33000183105469,72.6500015258789,72.6500015258789,35117,0.0,0.0
2022-11-29 11:30:00-05:00,72.62000274658203,73.00499725341797,72.62000274658203,72.88999938964844,50702,0.0,0.0
2022-11-29 12:30:00-05:00,72.90769958496094,73.19499969482422,72.90769958496094,73.05000305175781,24644,0.0,0.0
2022-11-29 13:30:00-05:00,73.04499816894531,73.37999725341797,72.83000183105469,72.91000366210938,28988,0.0,0.0
2022-11-29 14:30:00-05:00,72.87000274658203,72.9800033569336,72.58999633789062,72.6449966430664,79224,0.0,0.0
2022-11-29 15:30:00-05:00,72.62999725341797,72.9800033569336,72.5999984741211,72.94000244140625,138527,0.0,0.0
2022-11-30 09:30:00-05:00,73.23999786376953,73.23999786376953,71.2699966430664,71.31999969482422,46326,0.0,0.0
2022-11-30 10:30:00-05:00,71.27999877929688,71.70999908447266,70.90499877929688,71.66999816894531,45862,0.0,0.0
2022-11-30 11:30:00-05:00,71.73999786376953,71.76000213623047,71.08999633789062,71.32499694824219,50004,0.0,0.0
2022-11-30 12:30:00-05:00,71.30000305175781,71.5199966430664,71.11499786376953,71.46499633789062,37863,0.0,0.0
2022-11-30 13:30:00-05:00,71.45999908447266,73.48999786376953,71.3499984741211,73.41999816894531,57213,0.0,0.0
2022-11-30 14:30:00-05:00,73.41500091552734,73.71499633789062,73.08999633789062,73.71499633789062,60248,0.0,0.0
2022-11-30 15:30:00-05:00,73.69000244140625,74.22000122070312,73.62000274658203,74.19999694824219,122732,0.0,0.0
2022-12-01 09:30:00-05:00,74.75,75.40499877929688,73.87999725341797,74.11000061035156,83334,0.0,0.0
2022-12-01 10:30:00-05:00,74.1050033569336,74.29000091552734,73.2300033569336,73.88500213623047,58830,0.0,0.0
2022-12-01 11:30:00-05:00,73.95500183105469,74.2300033569336,73.79000091552734,74.08000183105469,28877,0.0,0.0
2022-12-01 12:30:00-05:00,74.12999725341797,74.19000244140625,73.61000061035156,73.75,35887,0.0,0.0
2022-12-01 13:30:00-05:00,73.75,73.75,73.4000015258789,73.5199966430664,45725,0.0,0.0
2022-12-01 14:30:00-05:00,73.56999969482422,74.41999816894531,73.56999969482422,73.93000030517578,61734,0.0,0.0
2022-12-01 15:30:00-05:00,73.94000244140625,74.2300033569336,73.93000030517578,74.08999633789062,75605,0.0,0.0
2022-12-02 09:30:00-05:00,73.29000091552734,73.9800033569336,73.29000091552734,73.6500015258789,37049,0.0,0.0
2022-12-02 10:30:00-05:00,73.73500061035156,73.79000091552734,73.52999877929688,73.65499877929688,22500,0.0,0.0
2022-12-02 11:30:00-05:00,73.66000366210938,74.02999877929688,73.66000366210938,73.91000366210938,21119,0.0,0.0
2022-12-02 12:30:00-05:00,73.93000030517578,73.94999694824219,73.55000305175781,73.70999908447266,25733,0.0,0.0
2022-12-02 13:30:00-05:00,73.7699966430664,74.18000030517578,73.66000366210938,74.18000030517578,28819,0.0,0.0
2022-12-02 14:30:00-05:00,74.16000366210938,74.86000061035156,74.12999725341797,74.30500030517578,48670,0.0,0.0
2022-12-02 15:30:00-05:00,74.3219985961914,74.33499908447266,74.0199966430664,74.02999877929688,111184,0.0,0.0
2022-12-05 09:30:00-05:00,73.20999908447266,73.37000274658203,72.30999755859375,72.96499633789062,100215,0.0,0.0
2022-12-05 10:30:00-05:00,72.91999816894531,73.37999725341797,72.87999725341797,73.04000091552734,80432,0.0,0.0
2022-12-05 11:30:00-05:00,73.05000305175781,73.30000305175781,72.88999938964844,73.17500305175781,29374,0.0,0.0
2022-12-05 12:30:00-05:00,73.1500015258789,73.19999694824219,72.80000305175781,72.8499984741211,38723,0.0,0.0
2022-12-05 13:30:00-05:00,72.91999816894531,73.05000305175781,72.7699966430664,72.98999786376953,90532,0.0,0.0
2022-12-05 14:30:00-05:00,72.97000122070312,72.97000122070312,72.5199966430664,72.61000061035156,55379,0.0,0.0
2022-12-05 15:30:00-05:00,72.58999633789062,72.7300033569336,72.38999938964844,72.51000213623047,125181,0.0,0.0
2022-12-06 09:30:00-05:00,72.48999786376953,73.29000091552734,71.72000122070312,71.72000122070312,55677,0.0,0.0
2022-12-06 10:30:00-05:00,71.67500305175781,71.76000213623047,70.7699966430664,71.41000366210938,91185,0.0,0.0
2022-12-06 11:30:00-05:00,71.4000015258789,71.58000183105469,71.05000305175781,71.4000015258789,40201,0.0,0.0
2022-12-06 12:30:00-05:00,71.37000274658203,71.79499816894531,71.0999984741211,71.0999984741211,61429,0.0,0.0
2022-12-06 13:30:00-05:00,71.08000183105469,71.2699966430664,70.58000183105469,70.79000091552734,252327,0.0,0.0
2022-12-06 14:30:00-05:00,70.7699966430664,71.62999725341797,70.66999816894531,71.5199966430664,78358,0.0,0.0
2022-12-06 15:30:00-05:00,71.56900024414062,72.08999633789062,71.52999877929688,71.88999938964844,105167,0.0,0.0
2022-12-07 09:30:00-05:00,71.81999969482422,72.75,71.54000091552734,72.19999694824219,62055,0.0,0.0
2022-12-07 10:30:00-05:00,72.20999908447266,72.73999786376953,71.88999938964844,72.38999938964844,48012,0.0,0.0
2022-12-07 11:30:00-05:00,72.40499877929688,72.41999816894531,71.8499984741211,71.8499984741211,39420,0.0,0.0
2022-12-07 12:30:00-05:00,71.87000274658203,72.27999877929688,71.7699966430664,72.05000305175781,37032,0.0,0.0
2022-12-07 13:30:00-05:00,72.02999877929688,72.02999877929688,71.33000183105469,71.41999816894531,51184,0.0,0.0
2022-12-07 14:30:00-05:00,71.44999694824219,71.62999725341797,71.19999694824219,71.33000183105469,61307,0.0,0.0
2022-12-07 15:30:00-05:00,71.33499908447266,71.37999725341797,70.93000030517578,71.04000091552734,92949,0.0,0.0
2022-12-08 09:30:00-05:00,71.72000122070312,72.41999816894531,70.7699966430664,72.31999969482422,74799,0.0,0.0
2022-12-08 10:30:00-05:00,72.41000366210938,72.68000030517578,72.19000244140625,72.33999633789062,44079,0.0,0.0
2022-12-08 11:30:00-05:00,72.33000183105469,72.51000213623047,72.20999908447266,72.44000244140625,32148,0.0,0.0
2022-12-08 12:30:00-05:00,72.41000366210938,72.41000366210938,71.83000183105469,71.97000122070312,26555,0.0,0.0
2022-12-08 13:30:00-05:00,71.99320220947266,72.0999984741211,71.36000061035156,71.73999786376953,34020,0.0,0.0
2022-12-08 14:30:00-05:00,71.69999694824219,72.07499694824219,71.68000030517578,72.02999877929688,63099,0.0,0.0
2022-12-08 15:30:00-05:00,72.04000091552734,72.08999633789062,71.83000183105469,72.08000183105469,74790,0.0,0.0
2022-12-09 09:30:00-05:00,71.2300033569336,72.30999755859375,70.98999786376953,72.11000061035156,30606,0.0,0.0
2022-12-09 10:30:00-05:00,72.10399627685547,72.38999938964844,71.87000274658203,72.16000366210938,36569,0.0,0.0
2022-12-09 11:30:00-05:00,72.1500015258789,72.38999938964844,72.01000213623047,72.17500305175781,24868,0.0,0.0
2022-12-09 12:30:00-05:00,72.20999908447266,72.3499984741211,71.95999908447266,72.04499816894531,33209,0.0,0.0
2022-12-09 13:30:00-05:00,72.05000305175781,72.23999786376953,71.94999694824219,72.19999694824219,29877,0.0,0.0
2022-12-09 14:30:00-05:00,72.19000244140625,72.77999877929688,72.1500015258789,72.70999908447266,79626,0.0,0.0
2022-12-09 15:30:00-05:00,72.6500015258789,72.69499969482422,71.8499984741211,72.0999984741211,167362,0.0,0.0
2022-12-12 09:30:00-05:00,72.33000183105469,72.33000183105469,71.41999816894531,72.12999725341797,27372,0.0,0.0
2022-12-12 10:30:00-05:00,72.125,73.02999877929688,72.125,73.02999877929688,44413,0.0,0.0
2022-12-12 11:30:00-05:00,73.05000305175781,73.41999816894531,73.01000213623047,73.06500244140625,48885,0.0,0.0
2022-12-12 12:30:00-05:00,73.04499816894531,73.13999938964844,72.88999938964844,72.94999694824219,27105,0.0,0.0
2022-12-12 13:30:00-05:00,73.03250122070312,73.51000213623047,72.94999694824219,73.41999816894531,39513,0.0,0.0
2022-12-12 14:30:00-05:00,73.42500305175781,74.19000244140625,73.41000366210938,74.11499786376953,81317,0.0,0.0
2022-12-12 15:30:00-05:00,74.12249755859375,74.18000030517578,73.94200134277344,74.08999633789062,105915,0.0,0.0
2022-12-13 09:30:00-05:00,77.0,77.19999694824219,75.00499725341797,75.2300033569336,88334,0.0,0.0
2022-12-13 10:30:00-05:00,75.16000366210938,75.70500183105469,74.9000015258789,74.95999908447266,55547,0.0,0.0
2022-12-13 11:30:00-05:00,74.95999908447266,75.11000061035156,74.19999694824219,74.19999694824219,33150,0.0,0.0
2022-12-13 12:30:00-05:00,74.19999694824219,75.1500015258789,74.00689697265625,75.08499908447266,62973,0.0,0.0
2022-12-13 13:30:00-05:00,75.12999725341797,75.13999938964844,74.83000183105469,74.93000030517578,54631,0.0,0.0
2022-12-13 14:30:00-05:00,74.94000244140625,75.25,74.24500274658203,74.7300033569336,67906,0.0,0.0
2022-12-13 15:30:00-05:00,74.70500183105469,74.97000122070312,74.4197006225586,74.69000244140625,125699,0.0,0.0
2022-12-14 09:30:00-05:00,74.27999877929688,75.00589752197266,74.26000213623047,74.34500122070312,48488,0.0,0.0
2022-12-14 10:30:00-05:00,74.27999877929688,74.96759796142578,74.2300033569336,74.9000015258789,50201,0.0,0.0
2022-12-14 11:30:00-05:00,74.9000015258789,74.95500183105469,74.11000061035156,74.13999938964844,34724,0.0,0.0
2022-12-14 12:30:00-05:00,74.1449966430664,74.21499633789062,73.93000030517578,74.21499633789062,43288,0.0,0.0
2022-12-14 13:30:00-05:00,74.20999908447266,74.76000213623047,73.36000061035156,73.93000030517578,59042,0.0,0.0
2022-12-14 14:30:00-05:00,73.93000030517578,75.05999755859375,73.37000274658203,73.99500274658203,77776,0.0,0.0
2022-12-14 15:30:00-05:00,73.94999694824219,74.48999786376953,73.79000091552734,74.2300033569336,76477,0.0,0.0
2022-12-15 09:30:00-05:00,72.98999786376953,73.09500122070312,72.11000061035156,72.68499755859375,66199,0.0,0.0
2022-12-15 10:30:00-05:00,72.61000061035156,72.77999877929688,71.69999694824219,71.87000274658203,59037,0.0,0.0
2022-12-15 11:30:00-05:00,72.02999877929688,72.81500244140625,71.93000030517578,72.48999786376953,116856,0.0,0.0
2022-12-15 12:30:00-05:00,72.52999877929688,72.72000122070312,71.88999938964844,72.05999755859375,115151,0.0,0.0
2022-12-15 13:30:00-05:00,72.05000305175781,72.44000244140625,71.66999816894531,71.8499984741211,131425,0.0,0.0
2022-12-15 14:30:00-05:00,71.8499984741211,72.72000122070312,71.80000305175781,72.58999633789062,154344,0.0,0.0
2022-12-15 15:30:00-05:00,72.59500122070312,72.70999908447266,72.29000091552734,72.6500015258789,184194,0.0,0.0
2022-12-16 09:30:00-05:00,72.19000244140625,73.41999816894531,71.95999908447266,71.95999908447266,163218,0.0,0.0
2022-12-16 10:30:00-05:00,71.95999908447266,72.36000061035156,71.88999938964844,72.26000213623047,83725,0.0,0.0
2022-12-16 11:30:00-05:00,72.2300033569336,72.3550033569336,71.59500122070312,71.75499725341797,65493,0.0,0.0
2022-12-16 12:30:00-05:00,71.75499725341797,71.97000122070312,71.66999816894531,71.80000305175781,66933,0.0,0.0
2022-12-16 13:30:00-05:00,71.81999969482422,72.23999786376953,71.80000305175781,71.86499786376953,78285,0.0,0.0
2022-12-16 14:30:00-05:00,71.86499786376953,72.52999877929688,71.80000305175781,72.11499786376953,104650,0.0,0.0
2022-12-16 15:30:00-05:00,72.125,72.4000015258789,71.83999633789062,72.25,150174,0.0,0.0
2022-12-19 09:30:00-05:00,72.12000274658203,72.98999786376953,71.1500015258789,71.55999755859375,102607,0.0,0.0
2022-12-19 10:30:00-05:00,71.55999755859375,71.5999984741211,70.41999816894531,70.79000091552734,93019,0.0,0.0
2022-12-19 11:30:00-05:00,70.76000213623047,70.76000213623047,70.37999725341797,70.44000244140625,76705,0.0,0.0
2022-12-19 12:30:00-05:00,70.44000244140625,70.56500244140625,70.0250015258789,70.05000305175781,86260,0.0,0.0
2022-12-19 13:30:00-05:00,70.0199966430664,70.25,69.87000274658203,70.0199966430664,126890,0.0,0.0
2022-12-19 14:30:00-05:00,70.04000091552734,70.16999816894531,69.8499984741211,69.94000244140625,89035,0.0,0.0
2022-12-19 15:30:00-05:00,69.95500183105469,70.34500122070312,69.9000015258789,70.25,117823,0.0,0.0
2022-12-20 09:30:00-05:00,69.81999969482422,70.37999725341797,69.22000122070312,70.30000305175781,35343,0.0,0.0
2022-12-20 10:30:00-05:00,70.41999816894531,70.7300033569336,69.6449966430664,69.78500366210938,32075,0.0,0.0
2022-12-20 11:30:00-05:00,69.8499984741211,69.9800033569336,69.6500015258789,69.81379699707031,34998,0.0,0.0
2022-12-20 12:30:00-05:00,69.79000091552734,70.04000091552734,69.66999816894531,69.93000030517578,48812,0.0,0.0
2022-12-20 13:30:00-05:00,69.94999694824219,70.12000274658203,69.8499984741211,70.04000091552734,52084,0.0,0.0
2022-12-20 14:30:00-05:00,70.06999969482422,70.08000183105469,69.5199966430664,69.625,52896,0.0,0.0
2022-12-20 15:30:00-05:00,69.62000274658203,69.81999969482422,69.4000015258789,69.41000366210938,93965,0.0,0.0
2022-12-21 09:30:00-05:00,70.29000091552734,71.4000015258789,70.29000091552734,71.33000183105469,45680,0.0,0.0
2022-12-21 10:30:00-05:00,71.3489990234375,71.78500366210938,71.3489990234375,71.5999984741211,28887,0.0,0.0
2022-12-21 11:30:00-05:00,71.66500091552734,71.77999877929688,71.54000091552734,71.54000091552734,22675,0.0,0.0
2022-12-21 12:30:00-05:00,71.5,71.73999786376953,71.33000183105469,71.73999786376953,21092,0.0,0.0
2022-12-21 13:30:00-05:00,71.77999877929688,72.1500015258789,71.73500061035156,71.98999786376953,64461,0.0,0.0
2022-12-21 14:30:00-05:00,71.98999786376953,72.29000091552734,71.87999725341797,72.01000213623047,62062,0.0,0.0
2022-12-21 15:30:00-05:00,72.01000213623047,72.21499633789062,72.0,72.16000366210938,99609,0.0,0.0
2022-12-22 09:30:00-05:00,71.0199966430664,71.45500183105469,69.9800033569336,70.72000122070312,47837,0.0,0.0
2022-12-22 10:30:00-05:00,70.70999908447266,70.79000091552734,70.08999633789062,70.19000244140625,43678,0.0,0.0
2022-12-22 11:30:00-05:00,70.19000244140625,70.26000213623047,69.48999786376953,69.5250015258789,49902,0.0,0.0
2022-12-22 12:30:00-05:00,69.5,69.80000305175781,69.18000030517578,69.69000244140625,46291,0.0,0.0
2022-12-22 13:30:00-05:00,69.70500183105469,70.12000274658203,69.65499877929688,70.12000274658203,27030,0.0,0.0
2022-12-22 14:30:00-05:00,70.05999755859375,70.58000183105469,69.97000122070312,70.58000183105469,47676,0.0,0.0
2022-12-22 15:30:00-05:00,70.55500030517578,70.58999633789062,70.04000091552734,70.31999969482422,80547,0.0,0.0
2022-12-23 09:30:00-05:00,70.30000305175781,70.77999877929688,69.87000274658203,70.62000274658203,27009,0.0,0.0
2022-12-23 10:30:00-05:00,70.73179626464844,70.97000122070312,70.58000183105469,70.75,26448,0.0,0.0
2022-12-23 11:30:00-05:00,70.76000213623047,71.23500061035156,70.7300033569336,71.23500061035156,24262,0.0,0.0
2022-12-23 12:30:00-05:00,71.22869873046875,71.30999755859375,70.95999908447266,71.18000030517578,13790,0.0,0.0
2022-12-23 13:30:00-05:00,71.20500183105469,71.29000091552734,71.05000305175781,71.1500015258789,24092,0.0,0.0
2022-12-23 14:30:00-05:00,71.16999816894531,71.55000305175781,71.16999816894531,71.30000305175781,28563,0.0,0.0
2022-12-23 15:30:00-05:00,71.30000305175781,71.45999908447266,71.11000061035156,71.41000366210938,67707,0.0,0.0
2022-12-27 09:30:00-05:00,71.41000366210938,72.08100128173828,70.97000122070312,71.87999725341797,22086,0.0,0.0
2022-12-27 10:30:00-05:00,72.05000305175781,72.06999969482422,71.63860321044922,71.86499786376953,19242,0.0,0.0
2022-12-27 11:30:00-05:00,71.91999816894531,72.1500015258789,71.82499694824219,71.82499694824219,20601,0.0,0.0
2022-12-27 12:30:00-05:00,71.81999969482422,71.93000030517578,71.58999633789062,71.72000122070312,14061,0.0,0.0
2022-12-27 13:30:00-05:00,71.69010162353516,71.7249984741211,71.30999755859375,71.36000061035156,27637,0.0,0.0
2022-12-27 14:30:00-05:00,71.3499984741211,71.68499755859375,71.23999786376953,71.58000183105469,27881,0.0,0.0
2022-12-27 15:30:00-05:00,71.58999633789062,71.6500015258789,71.37000274658203,71.37000274658203,40548,0.0,0.0
2022-12-28 09:30:00-05:00,71.83999633789062,71.83999633789062,70.87000274658203,71.01000213623047,26970,0.0,0.0
2022-12-28 10:30:00-05:00,70.94999694824219,71.00499725341797,70.18000030517578,70.33499908447266,42797,0.0,0.0
2022-12-28 11:30:00-05:00,70.32499694824219,70.47000122070312,69.55000305175781,69.62999725341797,35455,0.0,0.0
2022-12-28 12:30:00-05:00,69.6449966430664,70.4800033569336,69.49700164794922,70.25,49088,0.0,0.0
2022-12-28 13:30:00-05:00,70.2300033569336,70.26000213623047,69.92500305175781,69.97000122070312,24868,0.0,0.0
2022-12-28 14:30:00-05:00,69.94000244140625,70.36499786376953,69.79000091552734,69.80000305175781,38349,0.0,0.0
2022-12-28 15:30:00-05:00,69.79000091552734,69.94999694824219,69.73999786376953,69.7699966430664,66846,0.0,0.0
2022-12-29 09:30:00-05:00,70.29000091552734,71.80000305175781,70.22000122070312,71.80000305175781,34758,0.0,0.0
2022-12-29 10:30:00-05:00,71.8499984741211,72.08000183105469,71.48999786376953,71.87000274658203,46547,0.0,0.0
2022-12-29 11:30:00-05:00,71.91999816894531,72.2699966430664,71.88999938964844,72.0999984741211,54563,0.0,0.0
2022-12-29 12:30:00-05:00,72.09500122070312,72.36499786376953,72.01499938964844,72.19499969482422,26580,0.0,0.0
2022-12-29 13:30:00-05:00,72.16999816894531,72.27999877929688,72.02999877929688,72.08999633789062,33935,0.0,0.0
2022-12-29 14:30:00-05:00,72.06999969482422,72.2699966430664,71.69999694824219,71.91000366210938,52066,0.0,0.0
2022-12-29 15:30:00-05:00,71.87000274658203,72.44999694824219,71.86000061035156,72.29000091552734,106930,0.0,0.0
2022-12-30 09:30:00-05:00,71.52999877929688,72.30460357666016,71.3499984741211,72.29000091552734,29695,0.0,0.0
2022-12-30 10:30:00-05:00,72.2300033569336,72.39990234375,72.08999633789062,72.20999908447266,27253,0.0,0.0
2022-12-30 11:30:00-05:00,72.28500366210938,72.47000122070312,72.2300033569336,72.27999877929688,13720,0.0,0.0
2022-12-30 12:30:00-05:00,72.2750015258789,72.33999633789062,71.83999633789062,71.98999786376953,23193,0.0,0.0
2022-12-30 13:30:00-05:00,72.04000091552734,72.19000244140625,71.80999755859375,72.01000213623047,20881,0.0,0.0
2022-12-30 14:30:00-05:00,71.9749984741211,72.21499633789062,71.77999877929688,72.12999725341797,26276,0.0,0.0
2022-12-30 15:30:00-05:00,72.11000061035156,72.5,72.06999969482422,72.08000183105469,81200,0.0,0.0
2023-01-03 09:30:00-05:00,73.0199966430664,73.62000274658203,71.7300033569336,72.0999984741211,58257,0.0,0.0
2023-01-03 10:30:00-05:00,72.08999633789062,72.75499725341797,71.88999938964844,72.09500122070312,67554,0.0,0.0
2023-01-03 11:30:00-05:00,71.9800033569336,72.05500030517578,71.22000122070312,71.44999694824219,59465,0.0,0.0
2023-01-03 12:30:00-05:00,71.51000213623047,72.01000213623047,71.30000305175781,71.86000061035156,25173,0.0,0.0
2023-01-03 13:30:00-05:00,71.93000030517578,72.04000091552734,71.44000244140625,71.44000244140625,33496,0.0,0.0
2023-01-03 14:30:00-05:00,71.47000122070312,71.98999786376953,71.2300033569336,71.73999786376953,49895,0.0,0.0
2023-01-03 15:30:00-05:00,71.73999786376953,72.18000030517578,71.45999908447266,72.08999633789062,167999,0.0,0.0
2023-01-04 09:30:00-05:00,73.01000213623047,73.36000061035156,72.36000061035156,73.26499938964844,51236,0.0,0.0
2023-01-04 10:30:00-05:00,73.23999786376953,73.70500183105469,73.23999786376953,73.625,16559,0.0,0.0
2023-01-04 11:30:00-05:00,73.72000122070312,74.7300033569336,73.69249725341797,74.36000061035156,42624,0.0,0.0
2023-01-04 12:30:00-05:00,74.41999816894531,74.68000030517578,74.25,74.5999984741211,26965,0.0,0.0
2023-01-04 13:30:00-05:00,74.58999633789062,74.77999877929688,74.13999938964844,74.2300033569336,47222,0.0,0.0
2023-01-04 14:30:00-05:00,74.29000091552734,74.95999908447266,74.25,74.47000122070312,50110,0.0,0.0
2023-01-04 15:30:00-05:00,74.44000244140625,74.7300033569336,74.08000183105469,74.7300033569336,84215,0.0,0.0
2023-01-05 09:30:00-05:00,74.08000183105469,74.625,72.80000305175781,74.625,25298,0.0,0.0
2023-01-05 10:30:00-05:00,74.62999725341797,75.19000244140625,74.51000213623047,74.9800033569336,58093,0.0,0.0
2023-01-05 11:30:00-05:00,74.97000122070312,75.3499984741211,74.82499694824219,75.26000213623047,52382,0.0,0.0
2023-01-05 12:30:00-05:00,75.29000091552734,75.58000183105469,75.0,75.50039672851562,28757,0.0,0.0
2023-01-05 13:30:00-05:00,75.49500274658203,75.6500015258789,75.20999908447266,75.37000274658203,55070,0.0,0.0
2023-01-05 14:30:00-05:00,75.33000183105469,75.91000366210938,74.98999786376953,75.0999984741211,60719,0.0,0.0
2023-01-05 15:30:00-05:00,75.08000183105469,75.44999694824219,74.95999908447266,75.19000244140625,96364,0.0,0.0
2023-01-06 09:30:00-05:00,76.44999694824219,76.75,75.46600341796875,76.2750015258789,91410,0.0,0.0
2023-01-06 10:30:00-05:00,76.38999938964844,76.95500183105469,76.29000091552734,76.51000213623047,47061,0.0,0.0
2023-01-06 11:30:00-05:00,76.4800033569336,76.93000030517578,76.33000183105469,76.6449966430664,34081,0.0,0.0
2023-01-06 12:30:00-05:00,76.59500122070312,76.66999816894531,76.1449966430664,76.5,33439,0.0,0.0
2023-01-06 13:30:00-05:00,76.5,76.75,76.28500366210938,76.58550262451172,56009,0.0,0.0
2023-01-06 14:30:00-05:00,76.5,76.8499984741211,76.26000213623047,76.26000213623047,72043,0.0,0.0
2023-01-06 15:30:00-05:00,76.31999969482422,76.80999755859375,76.26499938964844,76.80999755859375,139637,0.0,0.0
2023-01-09 09:30:00-05:00,77.18000030517578,78.0199966430664,76.44999694824219,77.61000061035156,68145,0.0,0.0
2023-01-09 10:30:00-05:00,77.4749984741211,77.87999725341797,77.2300033569336,77.57499694824219,59691,0.0,0.0
2023-01-09 11:30:00-05:00,77.5199966430664,77.79000091552734,77.3499984741211,77.58499908447266,40273,0.0,0.0
2023-01-09 12:30:00-05:00,77.63990020751953,77.81999969482422,77.41000366210938,77.7300033569336,24570,0.0,0.0
2023-01-09 13:30:00-05:00,77.72000122070312,77.72000122070312,77.30000305175781,77.46499633789062,30950,0.0,0.0
2023-01-09 14:30:00-05:00,77.46499633789062,77.46499633789062,77.0,77.05999755859375,36385,0.0,0.0
2023-01-09 15:30:00-05:00,77.0,77.08899688720703,76.9000015258789,77.0199966430664,67300,0.0,0.0
2023-01-10 09:30:00-05:00,76.72000122070312,77.30000305175781,76.38999938964844,76.73999786376953,40998,0.0,0.0
2023-01-10 10:30:00-05:00,76.7300033569336,77.34500122070312,76.16000366210938,76.83499908447266,32438,0.0,0.0
2023-01-10 11:30:00-05:00,76.86499786376953,77.05999755859375,76.81999969482422,76.9000015258789,36950,0.0,0.0
2023-01-10 12:30:00-05:00,76.91999816894531,76.92500305175781,76.45999908447266,76.61499786376953,55199,0.0,0.0
2023-01-10 13:30:00-05:00,76.61499786376953,77.18000030517578,76.55000305175781,77.1500015258789,104942,0.0,0.0
2023-01-10 14:30:00-05:00,77.12999725341797,77.46499633789062,76.98999786376953,77.30999755859375,48638,0.0,0.0
2023-01-10 15:30:00-05:00,77.30999755859375,77.91999816894531,77.26010131835938,77.77999877929688,133895,0.0,0.0
2023-01-11 09:30:00-05:00,78.29000091552734,79.27999877929688,77.95999908447266,79.16999816894531,46478,0.0,0.0
2023-01-11 10:30:00-05:00,79.12999725341797,79.38999938964844,78.92500305175781,78.94999694824219,28648,0.0,0.0
2023-01-11 11:30:00-05:00,78.94999694824219,79.12999725341797,78.79000091552734,79.0,40913,0.0,0.0
2023-01-11 12:30:00-05:00,79.0,79.0,78.69000244140625,78.93000030517578,45344,0.0,0.0
2023-01-11 13:30:00-05:00,78.83999633789062,78.87000274658203,78.5,78.66000366210938,44598,0.0,0.0
2023-01-11 14:30:00-05:00,78.6500015258789,78.9800033569336,78.63500213623047,78.69999694824219,69731,0.0,0.0
2023-01-11 15:30:00-05:00,78.72000122070312,78.79000091552734,78.37000274658203,78.62999725341797,103297,0.0,0.0
2023-01-12 09:30:00-05:00,79.26000213623047,79.29000091552734,77.9000015258789,78.05999755859375,100478,0.0,0.0
2023-01-12 10:30:00-05:00,78.05000305175781,78.94000244140625,78.04000091552734,78.93000030517578,40281,0.0,0.0
2023-01-12 11:30:00-05:00,79.05000305175781,79.38999938964844,78.83000183105469,79.38999938964844,45185,0.0,0.0
2023-01-12 12:30:00-05:00,79.40499877929688,79.58000183105469,79.05500030517578,79.05500030517578,51413,0.0,0.0
2023-01-12 13:30:00-05:00,79.11000061035156,79.6500015258789,78.95999908447266,79.47000122070312,35087,0.0,0.0
2023-01-12 14:30:00-05:00,79.44000244140625,79.63500213623047,79.31999969482422,79.51000213623047,37555,0.0,0.0
2023-01-12 15:30:00-05:00,79.51000213623047,79.72000122070312,79.27999877929688,79.61000061035156,82964,0.0,0.0
2023-01-13 09:30:00-05:00,78.83999633789062,79.08000183105469,77.93000030517578,78.94999694824219,58143,0.0,0.0
2023-01-13 10:30:00-05:00,79.01499938964844,79.5,78.8499984741211,79.44999694824219,42820,0.0,0.0
2023-01-13 11:30:00-05:00,79.4800033569336,79.9000015258789,79.30000305175781,79.9000015258789,36885,0.0,0.0
2023-01-13 12:30:00-05:00,79.92500305175781,79.92500305175781,78.88999938964844,79.05999755859375,40741,0.0,0.0
2023-01-13 13:30:00-05:00,79.12999725341797,79.31999969482422,78.94999694824219,79.05000305175781,53179,0.0,0.0
2023-01-13 14:30:00-05:00,79.06999969482422,79.19000244140625,78.76000213623047,79.19000244140625,57643,0.0,0.0
2023-01-13 15:30:00-05:00,79.2249984741211,79.37000274658203,79.02999877929688,79.25,127663,0.0,0.0
2023-01-17 09:30:00-05:00,78.94999694824219,81.0,78.83999633789062,80.68000030517578,71480,0.0,0.0
2023-01-17 10:30:00-05:00,80.68000030517578,80.68000030517578,79.62000274658203,79.81999969482422,54452,0.0,0.0
2023-01-17 11:30:00-05:00,79.74120330810547,79.94499969482422,79.5999984741211,79.63500213623047,34139,0.0,0.0
2023-01-17 12:30:00-05:00,79.62000274658203,79.94999694824219,79.62000274658203,79.88999938964844,35356,0.0,0.0
2023-01-17 13:30:00-05:00,79.94000244140625,79.94000244140625,79.36000061035156,79.43499755859375,44115,0.0,0.0
2023-01-17 14:30:00-05:00,79.43000030517578,79.86000061035156,79.41000366210938,79.69000244140625,56401,0.0,0.0
2023-01-17 15:30:00-05:00,79.69000244140625,79.7300033569336,79.36000061035156,79.41000366210938,135137,0.0,0.0
2023-01-18 09:30:00-05:00,79.5999984741211,80.05999755859375,78.70999908447266,79.59500122070312,85025,0.0,0.0
2023-01-18 10:30:00-05:00,79.37999725341797,79.37999725341797,77.91999816894531,78.0,68726,0.0,0.0
2023-01-18 11:30:00-05:00,77.97000122070312,78.12999725341797,77.37999725341797,77.5,42275,0.0,0.0
2023-01-18 12:30:00-05:00,77.44999694824219,77.76000213623047,77.3499984741211,77.69999694824219,51709,0.0,0.0
2023-01-18 13:30:00-05:00,77.73999786376953,78.08000183105469,77.19999694824219,77.2699966430664,47490,0.0,0.0
2023-01-18 14:30:00-05:00,77.28399658203125,77.33999633789062,76.91999816894531,76.9800033569336,59485,0.0,0.0
2023-01-18 15:30:00-05:00,76.9800033569336,76.9800033569336,76.58000183105469,76.62999725341797,141431,0.0,0.0
2023-01-19 09:30:00-05:00,75.86000061035156,76.03520202636719,74.87999725341797,75.23999786376953,93073,0.0,0.0
2023-01-19 10:30:00-05:00,75.33000183105469,75.5199966430664,74.94999694824219,75.02999877929688,76106,0.0,0.0
2023-01-19 11:30:00-05:00,75.0999984741211,75.48780059814453,74.97149658203125,75.11000061035156,99920,0.0,0.0
2023-01-19 12:30:00-05:00,75.1500015258789,75.54000091552734,74.88999938964844,75.5,52446,0.0,0.0
2023-01-19 13:30:00-05:00,75.58499908447266,76.41000366210938,75.56999969482422,76.33000183105469,80293,0.0,0.0
2023-01-19 14:30:00-05:00,76.31999969482422,76.5250015258789,76.19000244140625,76.3550033569336,43789,0.0,0.0
2023-01-19 15:30:00-05:00,76.3550033569336,76.3550033569336,75.94999694824219,76.05999755859375,106496,0.0,0.0
2023-01-20 09:30:00-05:00,76.5999984741211,77.5199966430664,76.02999877929688,77.48500061035156,45238,0.0,0.0
2023-01-20 10:30:00-05:00,77.47000122070312,77.58999633789062,77.0199966430664,77.30000305175781,36860,0.0,0.0
2023-01-20 11:30:00-05:00,77.31999969482422,77.41999816894531,77.05000305175781,77.33999633789062,23671,0.0,0.0
2023-01-20 12:30:00-05:00,77.31999969482422,77.5199966430664,77.0999984741211,77.29000091552734,26734,0.0,0.0
2023-01-20 13:30:00-05:00,77.27999877929688,77.91999816894531,77.2699966430664,77.91000366210938,27772,0.0,0.0
2023-01-20 14:30:00-05:00,77.94000244140625,78.0,77.7699966430664,77.81999969482422,31084,0.0,0.0
2023-01-20 15:30:00-05:00,77.80999755859375,78.125,77.78500366210938,77.94000244140625,95096,0.0,0.0
2023-01-23 09:30:00-05:00,78.19000244140625,79.23999786376953,77.81999969482422,79.08000183105469,37103,0.0,0.0
2023-01-23 10:30:00-05:00,79.04499816894531,79.58000183105469,78.62999725341797,79.36000061035156,30736,0.0,0.0
2023-01-23 11:30:00-05:00,79.4000015258789,79.8499984741211,79.4000015258789,79.82499694824219,25048,0.0,0.0
2023-01-23 12:30:00-05:00,79.86000061035156,80.18000030517578,79.86000061035156,79.99500274658203,37952,0.0,0.0
2023-01-23 13:30:00-05:00,80.0,80.2699966430664,79.94000244140625,80.1449966430664,70373,0.0,0.0
2023-01-23 14:30:00-05:00,80.1500015258789,80.30999755859375,79.87999725341797,80.21499633789062,91929,0.0,0.0
2023-01-23 15:30:00-05:00,80.2300033569336,80.47989654541016,80.13999938964844,80.19000244140625,116854,0.0,0.0
2023-01-24 09:30:00-05:00,79.7699966430664,80.82499694824219,79.61499786376953,80.73999786376953,34149,0.0,0.0
2023-01-24 10:30:00-05:00,80.70999908447266,80.91000366210938,80.16000366210938,80.88500213623047,40658,0.0,0.0
2023-01-24 11:30:00-05:00,80.95999908447266,81.19000244140625,80.52999877929688,81.15499877929688,43166,0.0,0.0
2023-01-24 12:30:00-05:00,81.12000274658203,81.13999938964844,80.72000122070312,80.9000015258789,48121,0.0,0.0
2023-01-24 13:30:00-05:00,80.94000244140625,81.08499908447266,80.61000061035156,80.74500274658203,50786,0.0,0.0
2023-01-24 14:30:00-05:00,80.73999786376953,80.97000122070312,80.66000366210938,80.7699966430664,62700,0.0,0.0
2023-01-24 15:30:00-05:00,80.7699966430664,80.7699966430664,80.16999816894531,80.16999816894531,148922,0.0,0.0
2023-01-25 09:30:00-05:00,78.9000015258789,79.62000274658203,78.75,79.05000305175781,45793,0.0,0.0
2023-01-25 10:30:00-05:00,78.9000015258789,79.36000061035156,78.78500366210938,79.26499938964844,27807,0.0,0.0
2023-01-25 11:30:00-05:00,79.26000213623047,79.5199966430664,79.08000183105469,79.20999908447266,22093,0.0,0.0
2023-01-25 12:30:00-05:00,79.2300033569336,79.54000091552734,79.16999816894531,79.41000366210938,33002,0.0,0.0
2023-01-25 13:30:00-05:00,79.4000015258789,79.9800033569336,79.36000061035156,79.75499725341797,82932,0.0,0.0
2023-01-25 14:30:00-05:00,79.76000213623047,80.5199966430664,79.63999938964844,80.33499908447266,64386,0.0,0.0
2023-01-25 15:30:00-05:00,80.37999725341797,80.45999908447266,80.10009765625,80.2699966430664,136404,0.0,0.0
2023-01-26 09:30:00-05:00,80.0,80.9000015258789,77.66999816894531,78.37809753417969,136960,0.0,0.0
2023-01-26 10:30:00-05:00,78.26000213623047,78.52999877929688,77.5,77.62999725341797,162425,0.0,0.0
2023-01-26 11:30:00-05:00,77.62999725341797,78.24250030517578,77.62999725341797,78.01000213623047,66896,0.0,0.0
2023-01-26 12:30:00-05:00,78.04499816894531,78.58000183105469,77.97000122070312,78.54000091552734,67543,0.0,0.0
2023-01-26 13:30:00-05:00,78.5999984741211,78.82499694824219,78.46499633789062,78.4749984741211,36311,0.0,0.0
2023-01-26 14:30:00-05:00,78.44000244140625,78.59500122070312,78.30500030517578,78.5199966430664,59706,0.0,0.0
2023-01-26 15:30:00-05:00,78.5,78.73999786376953,78.2300033569336,78.66999816894531,116688,0.0,0.0
2023-01-27 09:30:00-05:00,78.19000244140625,78.9800033569336,77.81999969482422,78.53500366210938,97430,0.0,0.0
2023-01-27 10:30:00-05:00,78.58000183105469,78.6500015258789,78.16500091552734,78.3949966430664,41497,0.0,0.0
2023-01-27 11:30:00-05:00,78.41000366210938,78.79000091552734,78.30500030517578,78.76000213623047,38445,0.0,0.0
2023-01-27 12:30:00-05:00,78.7300033569336,79.22000122070312,78.7300033569336,79.13999938964844,24323,0.0,0.0
2023-01-27 13:30:00-05:00,79.12999725341797,79.5,79.08999633789062,79.37000274658203,38123,0.0,0.0
2023-01-27 14:30:00-05:00,79.39250183105469,79.86000061035156,79.23999786376953,79.80000305175781,77064,0.0,0.0
2023-01-27 15:30:00-05:00,79.83989715576172,79.83989715576172,79.41999816894531,79.69999694824219,137546,0.0,0.0
2023-01-30 09:30:00-05:00,79.05000305175781,80.63999938964844,79.05000305175781,80.5,48591,0.0,0.0
2023-01-30 10:30:00-05:00,80.54000091552734,80.55000305175781,79.5999984741211,79.91999816894531,42493,0.0,0.0
2023-01-30 11:30:00-05:00,79.95999908447266,80.5999984741211,79.8499984741211,80.5999984741211,41583,0.0,0.0
2023-01-30 12:30:00-05:00,80.55500030517578,80.55750274658203,80.0,80.29000091552734,49204,0.0,0.0
2023-01-30 13:30:00-05:00,80.26000213623047,80.5,80.13999938964844,80.37999725341797,41790,0.0,0.0
2023-01-30 14:30:00-05:00,80.41000366210938,80.44999694824219,80.11100006103516,80.1500015258789,69354,0.0,0.0
2023-01-30 15:30:00-05:00,80.1449966430664,80.30000305175781,79.81999969482422,79.8499984741211,122639,0.0,0.0
2023-01-31 09:30:00-05:00,80.47000122070312,82.08999633789062,80.19000244140625,82.0,92012,0.0,0.0
2023-01-31 10:30:00-05:00,81.91999816894531,82.52999877929688,81.91999816894531,82.30500030517578,102018,0.0,0.0
2023-01-31 11:30:00-05:00,82.27999877929688,82.4800033569336,81.97000122070312,82.30000305175781,69747,0.0,0.0
2023-01-31 12:30:00-05:00,82.29000091552734,82.5,82.22000122070312,82.30999755859375,52553,0.0,0.0
2023-01-31 13:30:00-05:00,82.31999969482422,83.3499984741211,82.24500274658203,83.33000183105469,167656,0.0,0.0
2023-01-31 14:30:00-05:00,83.30999755859375,84.0,83.30999755859375,83.81999969482422,146254,0.0,0.0
2023-01-31 15:30:00-05:00,83.82499694824219,84.55000305175781,83.82499694824219,84.41000366210938,312243,0.0,0.0
2023-02-01 09:30:00-05:00,83.91999816894531,84.80500030517578,83.76000213623047,84.0,92365,0.0,0.0
2023-02-01 10:30:00-05:00,84.03500366210938,84.16000366210938,83.44000244140625,84.125,110676,0.0,0.0
2023-02-01 11:30:00-05:00,84.12999725341797,84.12999725341797,83.38999938964844,83.70999908447266,61824,0.0,0.0
2023-02-01 12:30:00-05:00,83.7699966430664,84.16000366210938,83.70999908447266,84.08000183105469,60213,0.0,0.0
2023-02-01 13:30:00-05:00,84.16000366210938,84.36000061035156,83.29000091552734,84.2699966430664,96443,0.0,0.0
2023-02-01 14:30:00-05:00,84.2699966430664,85.91000366210938,83.62999725341797,85.88099670410156,165517,0.0,0.0
2023-02-01 15:30:00-05:00,85.91000366210938,86.69499969482422,85.80000305175781,86.27999877929688,285354,0.0,0.0
2023-02-02 09:30:00-05:00,84.38999938964844,88.27999877929688,84.38999938964844,87.58499908447266,201858,0.0,0.0
2023-02-02 10:30:00-05:00,87.75,88.66999816894531,87.75,88.66000366210938,220214,0.0,0.0
2023-02-02 11:30:00-05:00,88.58000183105469,89.66999816894531,88.16999816894531,89.6449966430664,203234,0.0,0.0
2023-02-02 12:30:00-05:00,89.70989990234375,90.33000183105469,89.26000213623047,90.04000091552734,125560,0.0,0.0
2023-02-02 13:30:00-05:00,90.01000213623047,91.48999786376953,90.0,91.27999877929688,188476,0.0,0.0
2023-02-02 14:30:00-05:00,91.19499969482422,91.30000305175781,89.55999755859375,90.19000244140625,217852,0.0,0.0
2023-02-02 15:30:00-05:00,90.25,90.62000274658203,89.69999694824219,90.61000061035156,266919,0.0,0.0
2023-02-03 09:30:00-05:00,89.97000122070312,92.05999755859375,89.62470245361328,91.80999755859375,126585,0.0,0.0
2023-02-03 10:30:00-05:00,91.80500030517578,92.34500122070312,91.6500015258789,92.0,107804,0.0,0.0
2023-02-03 11:30:00-05:00,91.98500061035156,93.1500015258789,91.95999908447266,92.79000091552734,156819,0.0,0.0
2023-02-03 12:30:00-05:00,92.66999816894531,92.83999633789062,92.41999816894531,92.58999633789062,65201,0.0,0.0
2023-02-03 13:30:00-05:00,92.55999755859375,92.94999694824219,92.37650299072266,92.86000061035156,76454,0.0,0.0
2023-02-03 14:30:00-05:00,92.80999755859375,92.88999938964844,92.05000305175781,92.66449737548828,141003,0.0,0.0
2023-02-03 15:30:00-05:00,92.69000244140625,92.76000213623047,92.19000244140625,92.5,196771,0.0,0.0
2023-02-06 09:30:00-05:00,91.68000030517578,92.80999755859375,90.5199966430664,90.62000274658203,109965,0.0,0.0
2023-02-06 10:30:00-05:00,90.58000183105469,91.69999694824219,90.26000213623047,91.25,67625,0.0,0.0
2023-02-06 11:30:00-05:00,91.30000305175781,91.75,91.12000274658203,91.47000122070312,71514,0.0,0.0
2023-02-06 12:30:00-05:00,91.52999877929688,92.04000091552734,91.20999908447266,91.33999633789062,49833,0.0,0.0
2023-02-06 13:30:00-05:00,91.33999633789062,91.58499908447266,90.94000244140625,91.06999969482422,62143,0.0,0.0
2023-02-06 14:30:00-05:00,91.08499908447266,91.2300033569336,90.55999755859375,90.55999755859375,66360,0.0,0.0
2023-02-06 15:30:00-05:00,90.55999755859375,90.77899932861328,90.2699966430664,90.2699966430664,195360,0.0,0.0
2023-02-07 09:30:00-05:00,89.77999877929688,90.16999816894531,88.4749984741211,88.55000305175781,103127,0.0,0.0
2023-02-07 10:30:00-05:00,88.5999984741211,88.69999694824219,88.08999633789062,88.30000305175781,90837,0.0,0.0
2023-02-07 11:30:00-05:00,88.25,88.48999786376953,87.9800033569336,88.0,68755,0.0,0.0
2023-02-07 12:30:00-05:00,88.0,88.9800033569336,88.0,88.0199966430664,62428,0.0,0.0
2023-02-07 13:30:00-05:00,87.93000030517578,88.75,87.83999633789062,88.55000305175781,69029,0.0,0.0
2023-02-07 14:30:00-05:00,88.58000183105469,88.98999786376953,88.57499694824219,88.87000274658203,64571,0.0,0.0
2023-02-07 15:30:00-05:00,88.83999633789062,89.18000030517578,88.68000030517578,88.91000366210938,210334,0.0,0.0
2023-02-08 09:30:00-05:00,88.19000244140625,90.0250015258789,87.80500030517578,89.44999694824219,75131,0.0,0.0
2023-02-08 10:30:00-05:00,89.33999633789062,89.33999633789062,88.2876968383789,88.37000274658203,41389,0.0,0.0
2023-02-08 11:30:00-05:00,88.4000015258789,88.70999908447266,88.23999786376953,88.59500122070312,36394,0.0,0.0
2023-02-08 12:30:00-05:00,88.58999633789062,88.71499633789062,88.34500122070312,88.47000122070312,30432,0.0,0.0
2023-02-08 13:30:00-05:00,88.44999694824219,88.80750274658203,88.33999633789062,88.56999969482422,38752,0.0,0.0
2023-02-08 14:30:00-05:00,88.55999755859375,88.72000122070312,88.33000183105469,88.53600311279297,83875,0.0,0.0
2023-02-08 15:30:00-05:00,88.44999694824219,88.6500015258789,88.33999633789062,88.37999725341797,100741,0.0,0.0
2023-02-09 09:30:00-05:00,89.33999633789062,89.86000061035156,88.6500015258789,88.93000030517578,33113,0.0,0.0
2023-02-09 10:30:00-05:00,88.97000122070312,89.33000183105469,88.76000213623047,88.77249908447266,40241,0.0,0.0
2023-02-09 11:30:00-05:00,88.75,88.83999633789062,88.06999969482422,88.07499694824219,20771,0.0,0.0
2023-02-09 12:30:00-05:00,88.01000213623047,88.01000213623047,87.18419647216797,87.41000366210938,30790,0.0,0.0
2023-02-09 13:30:00-05:00,87.3499984741211,87.5,86.36000061035156,86.58999633789062,46733,0.0,0.0
2023-02-09 14:30:00-05:00,86.53500366210938,86.86000061035156,86.37999725341797,86.56999969482422,50176,0.0,0.0
2023-02-09 15:30:00-05:00,86.56500244140625,86.94000244140625,86.48999786376953,86.55999755859375,115930,0.0,0.0
2023-02-10 09:30:00-05:00,86.19999694824219,87.36000061035156,85.87000274658203,86.8499984741211,38729,0.0,0.0
2023-02-10 10:30:00-05:00,86.88999938964844,87.0250015258789,86.19000244140625,86.56999969482422,43419,0.0,0.0
2023-02-10 11:30:00-05:00,86.44999694824219,86.66999816894531,85.97000122070312,86.2249984741211,41511,0.0,0.0
2023-02-10 12:30:00-05:00,86.21499633789062,86.58999633789062,85.91000366210938,86.58999633789062,45491,0.0,0.0
2023-02-10 13:30:00-05:00,86.56999969482422,86.90499877929688,86.33999633789062,86.73999786376953,48662,0.0,0.0
2023-02-10 14:30:00-05:00,86.66000366210938,86.79000091552734,86.23999786376953,86.29499816894531,52861,0.0,0.0
2023-02-10 15:30:00-05:00,86.30999755859375,86.66000366210938,86.2300033569336,86.45999908447266,121494,0.0,0.0
2023-02-13 09:30:00-05:00,86.19000244140625,87.03500366210938,86.03350067138672,86.65499877929688,20089,0.0,0.0
2023-02-13 10:30:00-05:00,86.62999725341797,87.5199966430664,86.40599822998047,87.01000213623047,45973,0.0,0.0
2023-02-13 11:30:00-05:00,87.01000213623047,87.44000244140625,86.88999938964844,87.3499984741211,38395,0.0,0.0
2023-02-13 12:30:00-05:00,87.30000305175781,87.5199966430664,87.06500244140625,87.34500122070312,29948,0.0,0.0
2023-02-13 13:30:00-05:00,87.3550033569336,87.875,87.30000305175781,87.83000183105469,38228,0.0,0.0
2023-02-13 14:30:00-05:00,87.87000274658203,88.0199966430664,87.68499755859375,87.79000091552734,52579,0.0,0.0
2023-02-13 15:30:00-05:00,87.79499816894531,88.05999755859375,87.76000213623047,88.0,92254,0.0,0.0
2023-02-14 09:30:00-05:00,87.19999694824219,87.91999816894531,86.12999725341797,87.4000015258789,51110,0.0,0.0
2023-02-14 10:30:00-05:00,87.41000366210938,88.11000061035156,86.80000305175781,87.68000030517578,40273,0.0,0.0
2023-02-14 11:30:00-05:00,87.6500015258789,88.58499908447266,87.3550033569336,88.37999725341797,53030,0.0,0.0
2023-02-14 12:30:00-05:00,88.44999694824219,89.05999755859375,88.20999908447266,88.68250274658203,34818,0.0,0.0
2023-02-14 13:30:00-05:00,88.68000030517578,88.83000183105469,88.33999633789062,88.66000366210938,33426,0.0,0.0
2023-02-14 14:30:00-05:00,88.66500091552734,88.98999786376953,88.66500091552734,88.80000305175781,42144,0.0,0.0
2023-02-14 15:30:00-05:00,88.79000091552734,88.8949966430664,88.2300033569336,88.29000091552734,130081,0.0,0.0
2023-02-15 09:30:00-05:00,87.47000122070312,88.5999984741211,87.33000183105469,88.5999984741211,28660,0.0,0.0
2023-02-15 10:30:00-05:00,88.5199966430664,88.95999908447266,88.41639709472656,88.56999969482422,21785,0.0,0.0
2023-02-15 11:30:00-05:00,88.62000274658203,88.87999725341797,87.91000366210938,88.01000213623047,33570,0.0,0.0
2023-02-15 12:30:00-05:00,87.83999633789062,88.29000091552734,87.7699966430664,88.26000213623047,31176,0.0,0.0
2023-02-15 13:30:00-05:00,88.26499938964844,88.87999725341797,88.19000244140625,88.86000061035156,32257,0.0,0.0
2023-02-15 14:30:00-05:00,88.86000061035156,89.20999908447266,88.8550033569336,89.08999633789062,49493,0.0,0.0
2023-02-15 15:30:00-05:00,89.0999984741211,89.23999786376953,88.8499984741211,89.20999908447266,67233,0.0,0.0
2023-02-16 09:30:00-05:00,88.37999725341797,89.44000244140625,88.03500366210938,89.30000305175781,53889,0.0,0.0
2023-02-16 10:30:00-05:00,89.5,89.75,89.38500213623047,89.63999938964844,70770,0.0,0.0
2023-02-16 11:30:00-05:00,89.63999938964844,89.93000030517578,89.37000274658203,89.69999694824219,69279,0.0,0.0
2023-02-16 12:30:00-05:00,89.69999694824219,89.8499984741211,89.25,89.5199966430664,104124,0.0,0.0
2023-02-16 13:30:00-05:00,89.47000122070312,89.76000213623047,89.38999938964844,89.62000274658203,64662,0.0,0.0
2023-02-16 14:30:00-05:00,89.62000274658203,89.77999877929688,89.11000061035156,89.12999725341797,68048,0.0,0.0
2023-02-16 15:30:00-05:00,89.0999984741211,89.12000274658203,88.37000274658203,88.47000122070312,128156,0.0,0.0
2023-02-17 09:30:00-05:00,88.63999938964844,89.06999969482422,87.63980102539062,88.70999908447266,0,0.0,0.0
2023-02-17 10:30:00-05:00,88.66999816894531,88.94000244140625,88.01000213623047,88.15499877929688,49995,0.0,0.0
2023-02-17 11:30:00-05:00,88.19000244140625,88.62999725341797,88.08000183105469,88.38999938964844,35860,0.0,0.0
2023-02-17 12:30:00-05:00,88.36000061035156,88.61499786376953,88.13999938964844,88.47000122070312,28151,0.0,0.0
2023-02-17 13:30:00-05:00,88.47000122070312,88.68000030517578,88.25,88.54499816894531,44763,0.0,0.0
2023-02-17 14:30:00-05:00,88.54499816894531,89.05000305175781,88.37000274658203,89.01000213623047,105743,0.0,0.0
2023-02-17 15:30:00-05:00,89.0250015258789,89.31999969482422,89.0,89.11000061035156,128780,0.0,0.0
2023-02-21 09:30:00-05:00,87.5199966430664,88.17350006103516,86.51000213623047,86.80000305175781,56513,0.0,0.0
2023-02-21 10:30:00-05:00,86.82499694824219,87.22000122070312,86.6500015258789,86.73999786376953,47491,0.0,0.0
2023-02-21 11:30:00-05:00,86.80999755859375,86.91999816894531,86.6500015258789,86.81999969482422,58912,0.0,0.0
2023-02-21 12:30:00-05:00,86.81500244140625,87.0199966430664,86.68499755859375,86.83999633789062,49046,0.0,0.0
2023-02-21 13:30:00-05:00,86.80999755859375,87.19000244140625,86.71499633789062,86.98999786376953,65371,0.0,0.0
2023-02-21 14:30:00-05:00,87.0199966430664,87.5999984741211,87.0199966430664,87.51000213623047,74665,0.0,0.0
2023-02-21 15:30:00-05:00,87.5199966430664,87.61000061035156,86.94999694824219,86.94999694824219,142068,0.0,0.0
2023-02-22 09:30:00-05:00,87.37000274658203,89.05000305175781,87.3499984741211,87.99500274658203,67538,0.0,0.0
2023-02-22 10:30:00-05:00,87.96499633789062,88.27999877929688,87.66999816894531,87.98999786376953,61805,0.0,0.0
2023-02-22 11:30:00-05:00,88.0,88.44999694824219,87.9800033569336,88.4000015258789,30147,0.0,0.0
2023-02-22 12:30:00-05:00,88.41000366210938,88.44999694824219,87.98500061035156,88.12000274658203,34535,0.0,0.0
2023-02-22 13:30:00-05:00,88.11000061035156,88.29000091552734,87.77999877929688,87.91500091552734,54496,0.0,0.0
2023-02-22 14:30:00-05:00,87.83999633789062,88.19499969482422,87.70999908447266,88.01499938964844,82564,0.0,0.0
2023-02-22 15:30:00-05:00,88.00499725341797,88.08000183105469,87.68000030517578,87.88999938964844,97626,0.0,0.0
2023-02-23 09:30:00-05:00,88.69999694824219,89.0,88.0,88.48500061035156,87011,0.0,0.0
2023-02-23 10:30:00-05:00,88.4800033569336,88.4800033569336,87.38999938964844,87.48500061035156,63904,0.0,0.0
2023-02-23 11:30:00-05:00,87.48999786376953,87.58000183105469,87.19999694824219,87.25,52811,0.0,0.0
2023-02-23 12:30:00-05:00,87.31999969482422,87.4749984741211,87.02999877929688,87.13999938964844,43474,0.0,0.0
2023-02-23 13:30:00-05:00,87.08999633789062,87.86000061035156,87.0,87.79499816894531,43986,0.0,0.0
2023-02-23 14:30:00-05:00,87.83999633789062,88.5,87.69999694824219,88.37000274658203,70957,0.0,0.0
2023-02-23 15:30:00-05:00,88.33999633789062,88.5199966430664,88.12999725341797,88.38999938964844,98139,0.0,0.0
2023-02-24 09:30:00-05:00,86.2699966430664,87.41000366210938,86.08999633789062,86.83999633789062,54438,0.0,0.0
2023-02-24 10:30:00-05:00,86.7699966430664,87.00499725341797,86.49500274658203,86.93000030517578,31565,0.0,0.0
2023-02-24 11:30:00-05:00,86.87999725341797,87.47000122070312,86.69999694824219,87.47000122070312,37975,0.0,0.0
2023-02-24 12:30:00-05:00,87.55000305175781,87.61499786376953,86.87999725341797,87.05999755859375,42371,0.0,0.0
2023-02-24 13:30:00-05:00,87.04000091552734,87.41999816894531,86.88999938964844,87.05500030517578,45764,0.0,0.0
2023-02-24 14:30:00-05:00,87.09500122070312,87.79499816894531,86.95999908447266,87.63999938964844,57210,0.0,0.0
2023-02-24 15:30:00-05:00,87.6500015258789,87.81999969482422,87.12999725341797,87.69000244140625,140087,0.0,0.0
2023-02-27 09:30:00-05:00,88.26000213623047,88.822998046875,88.06500244140625,88.5999984741211,62987,0.0,0.0
2023-02-27 10:30:00-05:00,88.41999816894531,88.56999969482422,88.04499816894531,88.25499725341797,30252,0.0,0.0
2023-02-27 11:30:00-05:00,88.25499725341797,88.30000305175781,87.8499984741211,87.8499984741211,18497,0.0,0.0
2023-02-27 12:30:00-05:00,87.9000015258789,88.43499755859375,87.9000015258789,88.13500213623047,46257,0.0,0.0
2023-02-27 13:30:00-05:00,88.18000030517578,88.18000030517578,87.88999938964844,88.0199966430664,28936,0.0,0.0
2023-02-27 14:30:00-05:00,88.0199966430664,88.06999969482422,87.58000183105469,87.7699966430664,56815,0.0,0.0
2023-02-27 15:30:00-05:00,87.73999786376953,87.73999786376953,87.44000244140625,87.5,104212,0.0,0.0
2023-02-28 09:30:00-05:00,87.51000213623047,88.37999725341797,87.51000213623047,88.33000183105469,24836,0.0,0.0
2023-02-28 10:30:00-05:00,87.95999908447266,88.22000122070312,87.70500183105469,88.05000305175781,27479,0.0,0.0
2023-02-28 11:30:00-05:00,88.16999816894531,88.16999816894531,87.79000091552734,87.81999969482422,26614,0.0,0.0
2023-02-28 12:30:00-05:00,87.81999969482422,88.0250015258789,87.72000122070312,87.91999816894531,22894,0.0,0.0
2023-02-28 13:30:00-05:00,87.95999908447266,88.0250015258789,87.73999786376953,87.87000274658203,34079,0.0,0.0
2023-02-28 14:30:00-05:00,87.9000015258789,88.05999755859375,87.72000122070312,87.7699966430664,40693,0.0,0.0
2023-02-28 15:30:00-05:00,87.73999786376953,87.88999938964844,87.37999725341797,87.4000015258789,75379,0.0,0.0
2023-03-01 09:30:00-05:00,87.3499984741211,88.31999969482422,86.88999938964844,88.02999877929688,43184,0.0,0.0
2023-03-01 10:30:00-05:00,88.07499694824219,88.41000366210938,87.30729675292969,87.48999786376953,34034,0.0,0.0
2023-03-01 11:30:00-05:00,87.46499633789062,88.0199966430664,87.36499786376953,87.72000122070312,22570,0.0,0.0
2023-03-01 12:30:00-05:00,87.74500274658203,87.93000030517578,87.58000183105469,87.58000183105469,25352,0.0,0.0
2023-03-01 13:30:00-05:00,87.52999877929688,87.66000366210938,87.30999755859375,87.30999755859375,18436,0.0,0.0
2023-03-01 14:30:00-05:00,87.30999755859375,87.58000183105469,87.13999938964844,87.5,28797,0.0,0.0
2023-03-01 15:30:00-05:00,87.5199966430664,87.57499694824219,87.23999786376953,87.51000213623047,96752,0.0,0.0
2023-03-02 09:30:00-05:00,86.5999984741211,87.12000274658203,86.29000091552734,87.11000061035156,38999,0.0,0.0
2023-03-02 10:30:00-05:00,87.05000305175781,87.47000122070312,86.93000030517578,86.93000030517578,26875,0.0,0.0
2023-03-02 11:30:00-05:00,86.9749984741211,87.2699966430664,86.9749984741211,87.25,14695,0.0,0.0
2023-03-02 12:30:00-05:00,87.33000183105469,87.44000244140625,87.1500015258789,87.27999877929688,18495,0.0,0.0
2023-03-02 13:30:00-05:00,87.2750015258789,87.80000305175781,87.2750015258789,87.6500015258789,36996,0.0,0.0
2023-03-02 14:30:00-05:00,87.62999725341797,87.80500030517578,87.55999755859375,87.73999786376953,25234,0.0,0.0
2023-03-02 15:30:00-05:00,87.73500061035156,88.41000366210938,87.73500061035156,88.38999938964844,69990,0.0,0.0
2023-03-03 09:30:00-05:00,88.91999816894531,89.0,87.55000305175781,87.8324966430664,77863,0.0,0.0
2023-03-03 10:30:00-05:00,87.88999938964844,88.36000061035156,87.79000091552734,88.24749755859375,32073,0.0,0.0
2023-03-03 11:30:00-05:00,88.33000183105469,88.76000213623047,88.26000213623047,88.74500274658203,34472,0.0,0.0
2023-03-03 12:30:00-05:00,88.70999908447266,88.75,88.25,88.33499908447266,28798,0.0,0.0
2023-03-03 13:30:00-05:00,88.33499908447266,88.45459747314453,88.23999786376953,88.38999938964844,28060,0.0,0.0
2023-03-03 14:30:00-05:00,88.33999633789062,88.55999755859375,88.25,88.48999786376953,69375,0.0,0.0
2023-03-03 15:30:00-05:00,88.51000213623047,88.55999755859375,88.38999938964844,88.43000030517578,118065,0.0,0.0
2023-03-06 09:30:00-05:00,88.86000061035156,89.29000091552734,88.12999725341797,88.41999816894531,124126,0.0,0.0
2023-03-06 10:30:00-05:00,88.5199966430664,88.88999938964844,88.1500015258789,88.69999694824219,56794,0.0,0.0
2023-03-06 11:30:00-05:00,88.76000213623047,89.04000091552734,88.61000061035156,88.66500091552734,42004,0.0,0.0
2023-03-06 12:30:00-05:00,88.61000061035156,88.61000061035156,88.00499725341797,88.23500061035156,42353,0.0,0.0
2023-03-06 13:30:00-05:00,88.19000244140625,88.22000122070312,87.87999725341797,88.16999816894531,43023,0.0,0.0
2023-03-06 14:30:00-05:00,88.17500305175781,88.5,88.0,88.0,88327,0.0,0.0
2023-03-06 15:30:00-05:00,87.98999786376953,88.06999969482422,87.69999694824219,87.7699966430664,113554,0.0,0.0
2023-03-07 09:30:00-05:00,87.36000061035156,88.51499938964844,87.36000061035156,87.80999755859375,122973,0.0,0.0
2023-03-07 10:30:00-05:00,87.97000122070312,88.20999908447266,87.19000244140625,87.93000030517578,24032,0.0,0.0
2023-03-07 11:30:00-05:00,87.95999908447266,88.58499908447266,87.86000061035156,88.5199966430664,24110,0.0,0.0
2023-03-07 12:30:00-05:00,88.51000213623047,88.52999877929688,88.13999938964844,88.13999938964844,21131,0.0,0.0
2023-03-07 13:30:00-05:00,88.12999725341797,88.2249984741211,87.66999816894531,87.83000183105469,33945,0.0,0.0
2023-03-07 14:30:00-05:00,87.83999633789062,88.13999938964844,87.72000122070312,87.87000274658203,42307,0.0,0.0
2023-03-07 15:30:00-05:00,87.86499786376953,88.12999725341797,87.83000183105469,87.95999908447266,84123,0.0,0.0
2023-03-08 09:30:00-05:00,88.3499984741211,88.5,87.33000183105469,88.1050033569336,39082,0.0,0.0
2023-03-08 10:30:00-05:00,87.94499969482422,88.30999755859375,87.91000366210938,88.05000305175781,39690,0.0,0.0
2023-03-08 11:30:00-05:00,88.0999984741211,88.88999938964844,87.94000244140625,88.55999755859375,60712,0.0,0.0
2023-03-08 12:30:00-05:00,88.55999755859375,88.59500122070312,88.18000030517578,88.18000030517578,77434,0.0,0.0
2023-03-08 13:30:00-05:00,88.16000366210938,88.22000122070312,87.62000274658203,87.86000061035156,47191,0.0,0.0
2023-03-08 14:30:00-05:00,87.88999938964844,88.0999984741211,87.77999877929688,88.02999877929688,45823,0.0,0.0
2023-03-08 15:30:00-05:00,88.0199966430664,88.66999816894531,88.0,88.41999816894531,91611,0.0,0.0
2023-03-09 09:30:00-05:00,88.18000030517578,88.58000183105469,87.75,87.87000274658203,37059,0.0,0.0
2023-03-09 10:30:00-05:00,87.93000030517578,88.20500183105469,87.28849792480469,87.40499877929688,44859,0.0,0.0
2023-03-09 11:30:00-05:00,87.4800033569336,87.62000274658203,87.23999786376953,87.56999969482422,20789,0.0,0.0
2023-03-09 12:30:00-05:00,87.56500244140625,87.69999694824219,87.05999755859375,87.16000366210938,22636,0.0,0.0
2023-03-09 13:30:00-05:00,87.08999633789062,87.08999633789062,86.69999694824219,86.80000305175781,36790,0.0,0.0
2023-03-09 14:30:00-05:00,86.69999694824219,86.72000122070312,85.74210357666016,86.11000061035156,80814,0.0,0.0
2023-03-09 15:30:00-05:00,85.98999786376953,86.08999633789062,85.33000183105469,85.43000030517578,135685,0.0,0.0
2023-03-10 09:30:00-05:00,85.19999694824219,85.5,83.02999877929688,83.8499984741211,85508,0.0,0.0
2023-03-10 10:30:00-05:00,83.94999694824219,84.75,83.44000244140625,84.69999694824219,49401,0.0,0.0
2023-03-10 11:30:00-05:00,84.66000366210938,84.91000366210938,82.77999877929688,82.9800033569336,42590,0.0,0.0
2023-03-10 12:30:00-05:00,83.0,83.2300033569336,81.75,81.88999938964844,41966,0.0,0.0
2023-03-10 13:30:00-05:00,81.79000091552734,82.83999633789062,81.5,82.31999969482422,63859,0.0,0.0
2023-03-10 14:30:00-05:00,82.41999816894531,83.62999725341797,82.41000366210938,83.5198974609375,133246,0.0,0.0
2023-03-10 15:30:00-05:00,83.47000122070312,83.56999969482422,82.91000366210938,83.23999786376953,185404,0.0,0.0
2023-03-13 09:30:00-04:00,81.70999908447266,81.9000015258789,79.80460357666016,80.77999877929688,219638,0.0,0.0
2023-03-13 10:30:00-04:00,80.93000030517578,82.11000061035156,80.51000213623047,82.11000061035156,70107,0.0,0.0
2023-03-13 11:30:00-04:00,82.19000244140625,82.77999877929688,81.66999816894531,81.97000122070312,97067,0.0,0.0
2023-03-13 12:30:00-04:00,81.91000366210938,82.12999725341797,81.45999908447266,81.80999755859375,77081,0.0,0.0
2023-03-13 13:30:00-04:00,81.8949966430664,82.22000122070312,81.3949966430664,82.06500244140625,71129,0.0,0.0
2023-03-13 14:30:00-04:00,82.0,82.3499984741211,81.38249969482422,81.52999877929688,81365,0.0,0.0
2023-03-13 15:30:00-04:00,81.54000091552734,81.9000015258789,80.7699966430664,80.80999755859375,145131,0.0,0.0
2023-03-14 09:30:00-04:00,83.19000244140625,83.8499984741211,82.5999984741211,83.2699966430664,106168,0.0,0.0
2023-03-14 10:30:00-04:00,83.43000030517578,84.18499755859375,83.08999633789062,83.45500183105469,103812,0.0,0.0
2023-03-14 11:30:00-04:00,83.3949966430664,83.76000213623047,83.11000061035156,83.23999786376953,58451,0.0,0.0
2023-03-14 12:30:00-04:00,83.23999786376953,83.4800033569336,82.25,82.58999633789062,56747,0.0,0.0
2023-03-14 13:30:00-04:00,82.5,82.6500015258789,81.76000213623047,82.30999755859375,64161,0.0,0.0
2023-03-14 14:30:00-04:00,82.33000183105469,82.38999938964844,81.4800033569336,81.62999725341797,101428,0.0,0.0
2023-03-14 15:30:00-04:00,81.5999984741211,82.33999633789062,81.41000366210938,82.2699966430664,96940,0.0,0.0
2023-03-15 09:30:00-04:00,80.4000015258789,80.62999725341797,79.47000122070312,80.05500030517578,74958,0.0,0.0
2023-03-15 10:30:00-04:00,79.93000030517578,80.79499816894531,79.91000366210938,80.41000366210938,54760,0.0,0.0
2023-03-15 11:30:00-04:00,80.41500091552734,80.5999984741211,79.0,79.2300033569336,58373,0.0,0.0
2023-03-15 12:30:00-04:00,79.19000244140625,79.76499938964844,78.72000122070312,79.6500015258789,76572,0.0,0.0
2023-03-15 13:30:00-04:00,79.5999984741211,80.1500015258789,79.0,79.94999694824219,100827,0.0,0.0
2023-03-15 14:30:00-04:00,79.9800033569336,80.45999908447266,79.80000305175781,80.23999786376953,112297,0.0,0.0
2023-03-15 15:30:00-04:00,80.2300033569336,80.27330017089844,79.81999969482422,80.16999816894531,146768,0.0,0.0
2023-03-16 09:30:00-04:00,79.05000305175781,80.20999908447266,78.68000030517578,79.0999984741211,58153,0.0,0.0
2023-03-16 10:30:00-04:00,79.11000061035156,80.41999816894531,78.97000122070312,80.33000183105469,60043,0.0,0.0
2023-03-16 11:30:00-04:00,80.29000091552734,81.12000274658203,80.07499694824219,80.70999908447266,57450,0.0,0.0
2023-03-16 12:30:00-04:00,80.69999694824219,81.13999938964844,80.19000244140625,81.03500366210938,56121,0.0,0.0
2023-03-16 13:30:00-04:00,81.04000091552734,81.11000061035156,80.26000213623047,80.37999725341797,73358,0.0,0.0
2023-03-16 14:30:00-04:00,80.44999694824219,80.48500061035156,80.05999755859375,80.19999694824219,83696,0.0,0.0
2023-03-16 15:30:00-04:00,80.20999908447266,80.37999725341797,80.05999755859375,80.31999969482422,194796,0.0,0.0
2023-03-17 09:30:00-04:00,79.86000061035156,79.86000061035156,77.26000213623047,77.43000030517578,186052,0.0,0.0
2023-03-17 10:30:00-04:00,77.58000183105469,77.77999877929688,76.47000122070312,77.20999908447266,181865,0.0,0.0
2023-03-17 11:30:00-04:00,77.19499969482422,77.19499969482422,76.44000244140625,76.80999755859375,156086,0.0,0.0
2023-03-17 12:30:00-04:00,76.7699966430664,77.08000183105469,76.29000091552734,76.34500122070312,140332,0.0,0.0
2023-03-17 13:30:00-04:00,76.3499984741211,76.44499969482422,75.4000015258789,75.54499816894531,148409,0.0,0.0
2023-03-17 14:30:00-04:00,75.5199966430664,76.0,75.48999786376953,75.83000183105469,153891,0.0,0.0
2023-03-17 15:30:00-04:00,75.81999969482422,76.01000213623047,75.55999755859375,76.0,279853,0.0,0.0
2023-03-20 09:30:00-04:00,76.79000091552734,79.2699966430664,76.76170349121094,79.0199966430664,105192,0.0,0.0
2023-03-20 10:30:00-04:00,79.0250015258789,79.38999938964844,78.66000366210938,78.8499984741211,117382,0.0,0.0
2023-03-20 11:30:00-04:00,78.83999633789062,78.86000061035156,77.26499938964844,77.73999786376953,53745,0.0,0.0
2023-03-20 12:30:00-04:00,77.79499816894531,78.31999969482422,77.66000366210938,78.22000122070312,37767,0.0,0.0
2023-03-20 13:30:00-04:00,78.16999816894531,78.16999816894531,77.37000274658203,77.5250015258789,68821,0.0,0.0
2023-03-20 14:30:00-04:00,77.48500061035156,77.5519027709961,77.1500015258789,77.51499938964844,66135,0.0,0.0
2023-03-20 15:30:00-04:00,77.55000305175781,77.87999725341797,77.48500061035156,77.61000061035156,112481,0.0,0.0
2023-03-21 09:30:00-04:00,79.18000030517578,80.36000061035156,78.83999633789062,79.54000091552734,93741,0.0,0.0
2023-03-21 10:30:00-04:00,79.55000305175781,80.33499908447266,79.13999938964844,80.26000213623047,87390,0.0,0.0
2023-03-21 11:30:00-04:00,80.36849975585938,80.36849975585938,79.79499816894531,80.0,44321,0.0,0.0
2023-03-21 12:30:00-04:00,80.03500366210938,80.13500213623047,79.69999694824219,79.93000030517578,54992,0.0,0.0
2023-03-21 13:30:00-04:00,79.88999938964844,79.98999786376953,79.62000274658203,79.82499694824219,55387,0.0,0.0
2023-03-21 14:30:00-04:00,79.80999755859375,80.19999694824219,79.77999877929688,80.12000274658203,65449,0.0,0.0
2023-03-21 15:30:00-04:00,80.13999938964844,80.61000061035156,80.08999633789062,80.44000244140625,84768,0.0,0.0
2023-03-22 09:30:00-04:00,80.81999969482422,81.63999938964844,79.95999908447266,81.43000030517578,70414,0.0,0.0
2023-03-22 10:30:00-04:00,81.46499633789062,81.56500244140625,80.91000366210938,81.03500366210938,60838,0.0,0.0
2023-03-22 11:30:00-04:00,80.97000122070312,81.0999984741211,80.66000366210938,80.77999877929688,50130,0.0,0.0
2023-03-22 12:30:00-04:00,80.75,80.9000015258789,80.61000061035156,80.9000015258789,38549,0.0,0.0
2023-03-22 13:30:00-04:00,80.9000015258789,81.22000122070312,80.6500015258789,80.86000061035156,91130,0.0,0.0
2023-03-22 14:30:00-04:00,80.88999938964844,81.125,79.48999786376953,80.18000030517578,112747,0.0,0.0
2023-03-22 15:30:00-04:00,80.19000244140625,80.19999694824219,78.44000244140625,78.48999786376953,93593,0.0,0.0
2023-03-23 09:30:00-04:00,78.69999694824219,80.20500183105469,78.69999694824219,79.27999877929688,54426,0.0,0.0
2023-03-23 10:30:00-04:00,79.3499984741211,79.7699966430664,79.12999725341797,79.2300033569336,31662,0.0,0.0
2023-03-23 11:30:00-04:00,79.31999969482422,79.5199966430664,78.55000305175781,78.7300033569336,42881,0.0,0.0
2023-03-23 12:30:00-04:00,78.6500015258789,78.86000061035156,78.12999725341797,78.33000183105469,33665,0.0,0.0
2023-03-23 13:30:00-04:00,78.38999938964844,78.43000030517578,77.13999938964844,77.13999938964844,40082,0.0,0.0
2023-03-23 14:30:00-04:00,77.12000274658203,77.73999786376953,76.6500015258789,76.9800033569336,62589,0.0,0.0
2023-03-23 15:30:00-04:00,76.93499755859375,77.88999938964844,76.79000091552734,77.61000061035156,101832,0.0,0.0
2023-03-24 09:30:00-04:00,76.88999938964844,76.94000244140625,75.70999908447266,76.77999877929688,70002,0.0,0.0
2023-03-24 10:30:00-04:00,76.69000244140625,76.88999938964844,75.79000091552734,75.94499969482422,68648,0.0,0.0
2023-03-24 11:30:00-04:00,75.91999816894531,76.61000061035156,75.80999755859375,76.2750015258789,53381,0.0,0.0
2023-03-24 12:30:00-04:00,76.33999633789062,76.80000305175781,76.29000091552734,76.78500366210938,33230,0.0,0.0
2023-03-24 13:30:00-04:00,76.7750015258789,77.2300033569336,76.63999938964844,77.12999725341797,38266,0.0,0.0
2023-03-24 14:30:00-04:00,77.1500015258789,77.38999938964844,77.04000091552734,77.2699966430664,58499,0.0,0.0
2023-03-24 15:30:00-04:00,77.31999969482422,77.4000015258789,76.9800033569336,77.16000366210938,131931,0.0,0.0
2023-03-27 09:30:00-04:00,78.30999755859375,78.58000183105469,77.29000091552734,77.36000061035156,23711,0.0,0.0
2023-03-27 10:30:00-04:00,77.2699966430664,77.55999755859375,76.95999908447266,77.37000274658203,40687,0.0,0.0
2023-03-27 11:30:00-04:00,77.4800033569336,77.93499755859375,77.36000061035156,77.87000274658203,30322,0.0,0.0
2023-03-27 12:30:00-04:00,77.93000030517578,78.23999786376953,77.83000183105469,78.16500091552734,26573,0.0,0.0
2023-03-27 13:30:00-04:00,78.22000122070312,78.44999694824219,78.12999725341797,78.22000122070312,50718,0.0,0.0
2023-03-27 14:30:00-04:00,78.31999969482422,78.58000183105469,78.30000305175781,78.54000091552734,35313,0.0,0.0
2023-03-27 15:30:00-04:00,78.50499725341797,78.54000091552734,78.0199966430664,78.12999725341797,59374,0.0,0.0
2023-03-28 09:30:00-04:00,78.19999694824219,78.98999786376953,77.6500015258789,78.45500183105469,34162,0.0,0.0
2023-03-28 10:30:00-04:00,78.55000305175781,78.58000183105469,78.1500015258789,78.27999877929688,55315,0.0,0.0
2023-03-28 11:30:00-04:00,78.19999694824219,78.37000274658203,77.95999908447266,78.05000305175781,47157,0.0,0.0
2023-03-28 12:30:00-04:00,78.05999755859375,78.05999755859375,77.43000030517578,77.58999633789062,63992,0.0,0.0
2023-03-28 13:30:00-04:00,77.55500030517578,77.80000305175781,77.30000305175781,77.37000274658203,59412,0.0,0.0
2023-03-28 14:30:00-04:00,77.3499984741211,78.0999984741211,77.26000213623047,78.02999877929688,69142,0.0,0.0
2023-03-28 15:30:00-04:00,78.00499725341797,78.36000061035156,78.0,78.30999755859375,85324,0.0,0.0
2023-03-29 09:30:00-04:00,79.51000213623047,79.61000061035156,78.37999725341797,78.6500015258789,38373,0.0,0.0
2023-03-29 10:30:00-04:00,78.69999694824219,78.73999786376953,78.19000244140625,78.26000213623047,39119,0.0,0.0
2023-03-29 11:30:00-04:00,78.2750015258789,78.48999786376953,78.05999755859375,78.25,48488,0.0,0.0
2023-03-29 12:30:00-04:00,78.22000122070312,78.29000091552734,77.94000244140625,78.08999633789062,45610,0.0,0.0
2023-03-29 13:30:00-04:00,78.08000183105469,78.38500213623047,77.91500091552734,78.13999938964844,114903,0.0,0.0
2023-03-29 14:30:00-04:00,78.1417007446289,78.76000213623047,78.1417007446289,78.75499725341797,73732,0.0,0.0
2023-03-29 15:30:00-04:00,78.73999786376953,78.95999908447266,78.69999694824219,78.87000274658203,87295,0.0,0.0
2023-03-30 09:30:00-04:00,79.52999877929688,80.68000030517578,79.27999877929688,80.62999725341797,109974,0.0,0.0
2023-03-30 10:30:00-04:00,80.66000366210938,80.91000366210938,80.06999969482422,80.06999969482422,54343,0.0,0.0
2023-03-30 11:30:00-04:00,80.05999755859375,80.12000274658203,79.73999786376953,79.81999969482422,25998,0.0,0.0
2023-03-30 12:30:00-04:00,79.80000305175781,79.8499984741211,79.47000122070312,79.47000122070312,20931,0.0,0.0
2023-03-30 13:30:00-04:00,79.43000030517578,79.44999694824219,79.16999816894531,79.33999633789062,25297,0.0,0.0
2023-03-30 14:30:00-04:00,79.36000061035156,79.37999725341797,78.95999908447266,79.08999633789062,34785,0.0,0.0
2023-03-30 15:30:00-04:00,79.05000305175781,79.1500015258789,78.83000183105469,78.91000366210938,67802,0.0,0.0
2023-03-31 09:30:00-04:00,79.47000122070312,80.72000122070312,79.22000122070312,80.72000122070312,79460,0.0,0.0
2023-03-31 10:30:00-04:00,80.70999908447266,81.61000061035156,80.58000183105469,81.5,32983,0.0,0.0
2023-03-31 11:30:00-04:00,81.44999694824219,81.93000030517578,81.29000091552734,81.69249725341797,32798,0.0,0.0
2023-03-31 12:30:00-04:00,81.62999725341797,81.66999816894531,81.27999877929688,81.37000274658203,30213,0.0,0.0
2023-03-31 13:30:00-04:00,81.41000366210938,81.68000030517578,81.20999908447266,81.5999984741211,42694,0.0,0.0
2023-03-31 14:30:00-04:00,81.5999984741211,82.0999984741211,81.5,82.09500122070312,55877,0.0,0.0
2023-03-31 15:30:00-04:00,82.13999938964844,82.18000030517578,81.80999755859375,81.98999786376953,98193,0.0,0.0
2023-04-03 09:30:00-04:00,81.83000183105469,83.0,81.44499969482422,82.77999877929688,66563,0.0,0.0
2023-04-03 10:30:00-04:00,82.78500366210938,82.8499984741211,81.12000274658203,81.12999725341797,43919,0.0,0.0
2023-04-03 11:30:00-04:00,81.11000061035156,81.69999694824219,81.11000061035156,81.45999908447266,38528,0.0,0.0
2023-04-03 12:30:00-04:00,81.45590209960938,81.55000305175781,81.37999725341797,81.41999816894531,18630,0.0,0.0
2023-04-03 13:30:00-04:00,81.44000244140625,81.80999755859375,81.26000213623047,81.79000091552734,39745,0.0,0.0
2023-04-03 14:30:00-04:00,81.80999755859375,81.96499633789062,81.62000274658203,81.9000015258789,48763,0.0,0.0
2023-04-03 15:30:00-04:00,81.92500305175781,82.16000366210938,81.87999725341797,82.1500015258789,73417,0.0,0.0
2023-04-04 09:30:00-04:00,82.9800033569336,82.9800033569336,81.19999694824219,81.33499908447266,104196,0.0,0.0
2023-04-04 10:30:00-04:00,81.43000030517578,81.54000091552734,80.22000122070312,80.5,81866,0.0,0.0
2023-04-04 11:30:00-04:00,80.51000213623047,80.5199966430664,79.61000061035156,80.0250015258789,51139,0.0,0.0
2023-04-04 12:30:00-04:00,80.12999725341797,80.2699966430664,79.88999938964844,80.23999786376953,30212,0.0,0.0
2023-04-04 13:30:00-04:00,80.23999786376953,80.45999908447266,79.76000213623047,79.76000213623047,110869,0.0,0.0
2023-04-04 14:30:00-04:00,79.79000091552734,80.27999877929688,79.73999786376953,79.94000244140625,76779,0.0,0.0
2023-04-04 15:30:00-04:00,79.91000366210938,80.04000091552734,79.55500030517578,79.80000305175781,127556,0.0,0.0
2023-04-05 09:30:00-04:00,79.08999633789062,79.30500030517578,77.11000061035156,77.94000244140625,133211,0.0,0.0
2023-04-05 10:30:00-04:00,77.94999694824219,78.0199966430664,77.30500030517578,77.41500091552734,87500,0.0,0.0
2023-04-05 11:30:00-04:00,77.41500091552734,77.80000305175781,76.80000305175781,76.80000305175781,95562,0.0,0.0
2023-04-05 12:30:00-04:00,76.73999786376953,77.44999694824219,76.58000183105469,77.41999816894531,67775,0.0,0.0
2023-04-05 13:30:00-04:00,77.38999938964844,77.41999816894531,76.77999877929688,77.06500244140625,56210,0.0,0.0
2023-04-05 14:30:00-04:00,77.0999984741211,77.44999694824219,77.05000305175781,77.1500015258789,85660,0.0,0.0
2023-04-05 15:30:00-04:00,77.16000366210938,77.57499694824219,77.02999877929688,77.5199966430664,135122,0.0,0.0
2023-04-06 09:30:00-04:00,77.55000305175781,77.69999694824219,76.6050033569336,76.68000030517578,81439,0.0,0.0
2023-04-06 10:30:00-04:00,76.68000030517578,76.88500213623047,76.41999816894531,76.5999984741211,56890,0.0,0.0
2023-04-06 11:30:00-04:00,76.5,77.04000091552734,76.4800033569336,76.83999633789062,33885,0.0,0.0
2023-04-06 12:30:00-04:00,76.83000183105469,77.42500305175781,76.83000183105469,77.3499984741211,69714,0.0,0.0
2023-04-06 13:30:00-04:00,77.3499984741211,77.3949966430664,76.66000366210938,76.69000244140625,66832,0.0,0.0
2023-04-06 14:30:00-04:00,76.69000244140625,76.73999786376953,75.98999786376953,76.06999969482422,82010,0.0,0.0
2023-04-06 15:30:00-04:00,76.0999984741211,76.22000122070312,75.94000244140625,76.20999908447266,133482,0.0,0.0
2023-04-10 09:30:00-04:00,76.06999969482422,78.37989807128906,76.06999969482422,77.9000015258789,96035,0.0,0.0
2023-04-10 10:30:00-04:00,78.0,78.58000183105469,77.9800033569336,78.47000122070312,38905,0.0,0.0
2023-04-10 11:30:00-04:00,78.5199966430664,78.5199966430664,78.01000213623047,78.01000213623047,27805,0.0,0.0
2023-04-10 12:30:00-04:00,78.08999633789062,78.7300033569336,78.01000213623047,78.7300033569336,42039,0.0,0.0
2023-04-10 13:30:00-04:00,78.77999877929688,79.06999969482422,78.72000122070312,79.02999877929688,45951,0.0,0.0
2023-04-10 14:30:00-04:00,79.0,79.13500213623047,78.62000274658203,78.69999694824219,53271,0.0,0.0
2023-04-10 15:30:00-04:00,78.70999908447266,78.86000061035156,78.61000061035156,78.86000061035156,100668,0.0,0.0
2023-04-11 09:30:00-04:00,79.30999755859375,80.37999725341797,78.97000122070312,80.12850189208984,38503,0.0,0.0
2023-04-11 10:30:00-04:00,79.96499633789062,80.5199966430664,79.91999816894531,80.44999694824219,36178,0.0,0.0
2023-04-11 11:30:00-04:00,80.45999908447266,81.45999908447266,80.37000274658203,81.23500061035156,55554,0.0,0.0
2023-04-11 12:30:00-04:00,81.29000091552734,81.58000183105469,81.26000213623047,81.32099914550781,29582,0.0,0.0
2023-04-11 13:30:00-04:00,81.37000274658203,81.40499877929688,81.05999755859375,81.25700378417969,41282,0.0,0.0
2023-04-11 14:30:00-04:00,81.30500030517578,81.63999938964844,81.05999755859375,81.58999633789062,65340,0.0,0.0
2023-04-11 15:30:00-04:00,81.54000091552734,81.54000091552734,80.875,81.1500015258789,107030,0.0,0.0
2023-04-12 09:30:00-04:00,82.16999816894531,82.18000030517578,80.61000061035156,80.99600219726562,87266,0.0,0.0
2023-04-12 10:30:00-04:00,80.99500274658203,81.16999816894531,80.4000015258789,80.9800033569336,60679,0.0,0.0
2023-04-12 11:30:00-04:00,81.05999755859375,81.27999877929688,80.9000015258789,81.24500274658203,34904,0.0,0.0
2023-04-12 12:30:00-04:00,81.26000213623047,81.26000213623047,80.96700286865234,81.18000030517578,36601,0.0,0.0
2023-04-12 13:30:00-04:00,81.22000122070312,81.2249984741211,80.63999938964844,80.6500015258789,63647,0.0,0.0
2023-04-12 14:30:00-04:00,80.61499786376953,80.62999725341797,80.1050033569336,80.19000244140625,40151,0.0,0.0
2023-04-12 15:30:00-04:00,80.13999938964844,80.77999877929688,80.08499908447266,80.7699966430664,102814,0.0,0.0
2023-04-13 09:30:00-04:00,81.2300033569336,81.2300033569336,79.91999816894531,80.5,54417,0.0,0.0
2023-04-13 10:30:00-04:00,80.56999969482422,80.7750015258789,80.19999694824219,80.43000030517578,45583,0.0,0.0
2023-04-13 11:30:00-04:00,80.45999908447266,80.87000274658203,80.375,80.81999969482422,30079,0.0,0.0
2023-04-13 12:30:00-04:00,80.77999877929688,81.11000061035156,80.77999877929688,80.94999694824219,34445,0.0,0.0
2023-04-13 13:30:00-04:00,80.94000244140625,81.4000015258789,80.83999633789062,81.33999633789062,40280,0.0,0.0
2023-04-13 14:30:00-04:00,81.36000061035156,81.43499755859375,81.0999984741211,81.37000274658203,44877,0.0,0.0
2023-04-13 15:30:00-04:00,81.33999633789062,81.36000061035156,81.06999969482422,81.33999633789062,140527,0.0,0.0
2023-04-14 09:30:00-04:00,81.83999633789062,83.08999633789062,81.5999984741211,82.06999969482422,39467,0.0,0.0
2023-04-14 10:30:00-04:00,82.12999725341797,82.19999694824219,81.70999908447266,82.0,26116,0.0,0.0
2023-04-14 11:30:00-04:00,81.9800033569336,82.06999969482422,81.41500091552734,81.58999633789062,28104,0.0,0.0
2023-04-14 12:30:00-04:00,81.5,81.66999816894531,81.13999938964844,81.1500015258789,20723,0.0,0.0
2023-04-14 13:30:00-04:00,81.13500213623047,81.44999694824219,80.98999786376953,81.44000244140625,25233,0.0,0.0
2023-04-14 14:30:00-04:00,81.4800033569336,81.69000244140625,81.3499984741211,81.61000061035156,37032,0.0,0.0
2023-04-14 15:30:00-04:00,81.66999816894531,82.00499725341797,81.58000183105469,81.93000030517578,61685,0.0,0.0
2023-04-17 09:30:00-04:00,82.05000305175781,82.5999984741211,81.81999969482422,82.19499969482422,47893,0.0,0.0
2023-04-17 10:30:00-04:00,82.19499969482422,82.47000122070312,81.7699966430664,81.99500274658203,39482,0.0,0.0
2023-04-17 11:30:00-04:00,81.9800033569336,82.12999725341797,81.81999969482422,81.91500091552734,36178,0.0,0.0
2023-04-17 12:30:00-04:00,81.91999816894531,82.11000061035156,81.86000061035156,82.0,31934,0.0,0.0
2023-04-17 13:30:00-04:00,81.99500274658203,82.3499984741211,81.95999908447266,82.31999969482422,39259,0.0,0.0
2023-04-17 14:30:00-04:00,82.3550033569336,83.38999938964844,82.3550033569336,83.26000213623047,85860,0.0,0.0
2023-04-17 15:30:00-04:00,83.26499938964844,83.27749633789062,82.8499984741211,82.98999786376953,122137,0.0,0.0
2023-04-18 09:30:00-04:00,83.16999816894531,84.31999969482422,83.16999816894531,84.05999755859375,64987,0.0,0.0
2023-04-18 10:30:00-04:00,83.98999786376953,84.55999755859375,83.83999633789062,84.43499755859375,101254,0.0,0.0
2023-04-18 11:30:00-04:00,84.44999694824219,84.77970123291016,84.19000244140625,84.70500183105469,67665,0.0,0.0
2023-04-18 12:30:00-04:00,84.66000366210938,84.7699966430664,83.93000030517578,84.16999816894531,89546,0.0,0.0
2023-04-18 13:30:00-04:00,84.13999938964844,84.33000183105469,83.76000213623047,84.02999877929688,77875,0.0,0.0
2023-04-18 14:30:00-04:00,84.0199966430664,84.44000244140625,83.86000061035156,84.2509994506836,102095,0.0,0.0
2023-04-18 15:30:00-04:00,84.23999786376953,84.43000030517578,84.0199966430664,84.33000183105469,139881,0.0,0.0
2023-04-19 09:30:00-04:00,84.48999786376953,85.25,84.0999984741211,84.96499633789062,107929,0.0,0.0
2023-04-19 10:30:00-04:00,84.9800033569336,85.61000061035156,84.94999694824219,85.1500015258789,109614,0.0,0.0
2023-04-19 11:30:00-04:00,85.11000061035156,85.16000366210938,84.66999816894531,85.04000091552734,59069,0.0,0.0
2023-04-19 12:30:00-04:00,85.0,85.25,84.9800033569336,85.25,44873,0.0,0.0
2023-04-19 13:30:00-04:00,85.25,85.26000213623047,85.0,85.25,44287,0.0,0.0
2023-04-19 14:30:00-04:00,85.25,85.72000122070312,85.12999725341797,85.70999908447266,72302,0.0,0.0
2023-04-19 15:30:00-04:00,85.69000244140625,85.75,85.56999969482422,85.58999633789062,102584,0.0,0.0
2023-04-20 09:30:00-04:00,84.91000366210938,86.5199966430664,84.58999633789062,86.4000015258789,95115,0.0,0.0
2023-04-20 10:30:00-04:00,86.48500061035156,86.54000091552734,86.06500244140625,86.30999755859375,52525,0.0,0.0
2023-04-20 11:30:00-04:00,86.30000305175781,86.40499877929688,86.0199966430664,86.40499877929688,37317,0.0,0.0
2023-04-20 12:30:00-04:00,86.4000015258789,86.51000213623047,86.3550033569336,86.48999786376953,29188,0.0,0.0
2023-04-20 13:30:00-04:00,86.48999786376953,86.48999786376953,86.1500015258789,86.16999816894531,38210,0.0,0.0
2023-04-20 14:30:00-04:00,86.20249938964844,86.20500183105469,85.52999877929688,85.56999969482422,55845,0.0,0.0
2023-04-20 15:30:00-04:00,85.57499694824219,85.7699966430664,85.41999816894531,85.66000366210938,97856,0.0,0.0
2023-04-21 09:30:00-04:00,86.0199966430664,86.1500015258789,85.31500244140625,85.7699966430664,35687,0.0,0.0
2023-04-21 10:30:00-04:00,85.72000122070312,86.30999755859375,85.30000305175781,86.30999755859375,40148,0.0,0.0
2023-04-21 11:30:00-04:00,86.2699966430664,86.83499908447266,86.2699966430664,86.48999786376953,82089,0.0,0.0
2023-04-21 12:30:00-04:00,86.48999786376953,86.75,86.42140197753906,86.46499633789062,41463,0.0,0.0
2023-04-21 13:30:00-04:00,86.46499633789062,86.86499786376953,86.46499633789062,86.72000122070312,61222,0.0,0.0
2023-04-21 14:30:00-04:00,86.69999694824219,86.7020034790039,86.41999816894531,86.62000274658203,63012,0.0,0.0
2023-04-21 15:30:00-04:00,86.5999984741211,86.66000366210938,86.13999938964844,86.13999938964844,125196,0.0,0.0
2023-04-24 09:30:00-04:00,86.30999755859375,87.5,86.30999755859375,86.5,59661,0.0,0.0
2023-04-24 10:30:00-04:00,86.68000030517578,86.91999816894531,85.52999877929688,85.73500061035156,40412,0.0,0.0
2023-04-24 11:30:00-04:00,85.73500061035156,85.9000015258789,85.58000183105469,85.76499938964844,29510,0.0,0.0
2023-04-24 12:30:00-04:00,85.69499969482422,86.25,85.69499969482422,86.23999786376953,25280,0.0,0.0
2023-04-24 13:30:00-04:00,86.2699966430664,86.54000091552734,86.2699966430664,86.33000183105469,34644,0.0,0.0
2023-04-24 14:30:00-04:00,86.2699966430664,86.38500213623047,85.94000244140625,86.20500183105469,81339,0.0,0.0
2023-04-24 15:30:00-04:00,86.18000030517578,86.19499969482422,85.87000274658203,85.95999908447266,85521,0.0,0.0
2023-04-25 09:30:00-04:00,85.37999725341797,85.55000305175781,83.41000366210938,84.31999969482422,70993,0.0,0.0
2023-04-25 10:30:00-04:00,84.33499908447266,84.75,83.97010040283203,84.3499984741211,80081,0.0,0.0
2023-04-25 11:30:00-04:00,84.29000091552734,84.29000091552734,83.70999908447266,83.7300033569336,31905,0.0,0.0
2023-04-25 12:30:00-04:00,83.75,83.875,83.0248031616211,83.13999938964844,31427,0.0,0.0
2023-04-25 13:30:00-04:00,83.05999755859375,83.58000183105469,83.05000305175781,83.55999755859375,51486,0.0,0.0
2023-04-25 14:30:00-04:00,83.62000274658203,83.62999725341797,82.95999908447266,83.4800033569336,82176,0.0,0.0
2023-04-25 15:30:00-04:00,83.4800033569336,83.61000061035156,83.1500015258789,83.38999938964844,129590,0.0,0.0
2023-04-26 09:30:00-04:00,83.36000061035156,84.22000122070312,83.36000061035156,83.73500061035156,64818,0.0,0.0
2023-04-26 10:30:00-04:00,83.81999969482422,84.31999969482422,83.63999938964844,84.2300033569336,73280,0.0,0.0
2023-04-26 11:30:00-04:00,84.23999786376953,84.41999816894531,84.04000091552734,84.28500366210938,76215,0.0,0.0
2023-04-26 12:30:00-04:00,84.30999755859375,84.5,84.125,84.2300033569336,42568,0.0,0.0
2023-04-26 13:30:00-04:00,84.2249984741211,84.38999938964844,83.51000213623047,83.91500091552734,56596,0.0,0.0
2023-04-26 14:30:00-04:00,83.87000274658203,83.97000122070312,83.17009735107422,83.36000061035156,73398,0.0,0.0
2023-04-26 15:30:00-04:00,83.38500213623047,83.4800033569336,83.0199966430664,83.06999969482422,176345,0.0,0.0
2023-04-27 09:30:00-04:00,83.0,83.74150085449219,80.7699966430664,81.94999694824219,146885,0.0,0.0
2023-04-27 10:30:00-04:00,82.0,82.88999938964844,81.26249694824219,81.81999969482422,115988,0.0,0.0
2023-04-27 11:30:00-04:00,81.83740234375,82.80999755859375,81.20999908447266,82.80999755859375,99858,0.0,0.0
2023-04-27 12:30:00-04:00,82.80999755859375,83.5199966430664,82.5,83.50499725341797,77493,0.0,0.0
2023-04-27 13:30:00-04:00,83.5,84.01000213623047,83.33499908447266,84.01000213623047,81882,0.0,0.0
2023-04-27 14:30:00-04:00,83.94999694824219,84.6697998046875,83.7300033569336,84.63500213623047,98360,0.0,0.0
2023-04-27 15:30:00-04:00,84.63500213623047,85.33999633789062,84.63500213623047,85.2300033569336,162061,0.0,0.0
2023-04-28 09:30:00-04:00,84.87000274658203,86.1050033569336,84.87000274658203,86.1050033569336,65103,0.0,0.0
2023-04-28 10:30:00-04:00,86.11000061035156,86.18000030517578,84.61000061035156,84.7300033569336,120120,0.0,0.0
2023-04-28 11:30:00-04:00,84.77999877929688,84.93000030517578,84.56999969482422,84.6500015258789,53908,0.0,0.0
2023-04-28 12:30:00-04:00,84.68000030517578,85.1500015258789,84.6500015258789,85.0999984741211,66748,0.0,0.0
2023-04-28 13:30:00-04:00,85.16000366210938,85.66000366210938,85.12000274658203,85.55999755859375,72917,0.0,0.0
2023-04-28 14:30:00-04:00,85.58999633789062,85.68000030517578,84.86000061035156,85.04499816894531,101565,0.0,0.0
2023-04-28 15:30:00-04:00,85.03500366210938,85.05500030517578,84.68000030517578,84.80000305175781,145410,0.0,0.0
2023-05-01 09:30:00-04:00,84.86000061035156,86.27999877929688,84.51000213623047,86.01000213623047,109782,0.0,0.0
2023-05-01 10:30:00-04:00,86.05999755859375,86.41999816894531,85.25,85.72000122070312,125029,0.0,0.0
2023-05-01 11:30:00-04:00,85.72000122070312,86.29000091552734,85.62000274658203,86.29000091552734,75186,0.0,0.0
2023-05-01 12:30:00-04:00,86.28250122070312,86.55999755859375,85.93000030517578,85.94000244140625,45269,0.0,0.0
2023-05-01 13:30:00-04:00,85.94000244140625,86.19499969482422,85.94000244140625,85.9800033569336,45505,0.0,0.0
2023-05-01 14:30:00-04:00,85.96499633789062,86.01499938964844,85.58499908447266,85.77999877929688,70009,0.0,0.0
2023-05-01 15:30:00-04:00,85.77999877929688,86.18000030517578,85.63999938964844,86.02999877929688,103409,0.0,0.0
2023-05-02 09:30:00-04:00,85.44000244140625,85.72000122070312,84.12000274658203,84.27999877929688,91373,0.0,0.0
2023-05-02 10:30:00-04:00,84.33999633789062,84.41000366210938,83.4800033569336,83.98999786376953,55045,0.0,0.0
2023-05-02 11:30:00-04:00,83.91999816894531,85.01000213623047,83.87000274658203,84.94000244140625,70027,0.0,0.0
2023-05-02 12:30:00-04:00,84.98999786376953,85.58000183105469,84.9000015258789,85.5250015258789,26868,0.0,0.0
2023-05-02 13:30:00-04:00,85.48999786376953,85.86000061035156,85.37000274658203,85.50499725341797,35755,0.0,0.0
2023-05-02 14:30:00-04:00,85.54000091552734,86.08999633789062,85.33000183105469,86.08999633789062,46073,0.0,0.0
2023-05-02 15:30:00-04:00,86.04000091552734,86.16000366210938,85.9000015258789,86.1500015258789,110145,0.0,0.0
2023-05-03 09:30:00-04:00,86.38999938964844,87.23500061035156,85.81999969482422,86.69999694824219,83845,0.0,0.0
2023-05-03 10:30:00-04:00,86.69999694824219,86.7300033569336,85.98999786376953,86.3499984741211,66228,0.0,0.0
2023-05-03 11:30:00-04:00,86.1500015258789,86.19000244140625,85.81999969482422,85.90499877929688,27237,0.0,0.0
2023-05-03 12:30:00-04:00,85.9000015258789,86.26499938964844,85.58000183105469,86.26499938964844,30035,0.0,0.0
2023-05-03 13:30:00-04:00,86.36499786376953,86.36499786376953,85.76000213623047,86.08000183105469,77651,0.0,0.0
2023-05-03 14:30:00-04:00,86.09500122070312,86.4800033569336,85.01000213623047,85.2750015258789,76447,0.0,0.0
2023-05-03 15:30:00-04:00,85.11499786376953,85.18499755859375,84.62000274658203,84.75,89793,0.0,0.0
2023-05-04 09:30:00-04:00,83.76000213623047,84.47000122070312,82.30000305175781,82.30000305175781,42354,0.0,0.0
2023-05-04 10:30:00-04:00,82.27999877929688,82.4000015258789,81.62999725341797,81.95999908447266,71143,0.0,0.0
2023-05-04 11:30:00-04:00,81.95999908447266,82.01000213623047,81.0999984741211,81.5,59293,0.0,0.0
2023-05-04 12:30:00-04:00,81.5199966430664,81.65499877929688,81.2699966430664,81.37999725341797,93719,0.0,0.0
2023-05-04 13:30:00-04:00,81.41000366210938,81.52999877929688,80.81999969482422,80.81999969482422,56299,0.0,0.0
2023-05-04 14:30:00-04:00,80.81999969482422,81.04000091552734,80.5,80.6500015258789,66156,0.0,0.0
2023-05-04 15:30:00-04:00,80.6500015258789,80.70899963378906,80.11000061035156,80.33999633789062,143769,0.0,0.0
2023-05-05 09:30:00-04:00,82.16999816894531,82.7300033569336,81.54000091552734,81.6500015258789,170996,0.0,0.0
2023-05-05 10:30:00-04:00,81.70500183105469,81.91000366210938,81.19000244140625,81.22000122070312,99061,0.0,0.0
2023-05-05 11:30:00-04:00,81.20999908447266,81.58999633789062,81.13999938964844,81.46499633789062,79061,0.0,0.0
2023-05-05 12:30:00-04:00,81.41000366210938,81.56999969482422,81.13999938964844,81.43000030517578,36572,0.0,0.0
2023-05-05 13:30:00-04:00,81.43000030517578,81.98999786376953,81.43000030517578,81.94000244140625,90140,0.0,0.0
2023-05-05 14:30:00-04:00,81.93000030517578,82.69000244140625,81.93000030517578,82.58499908447266,133243,0.0,0.0
2023-05-05 15:30:00-04:00,82.58000183105469,82.69999694824219,82.4800033569336,82.66999816894531,191119,0.0,0.0
2023-05-08 09:30:00-04:00,83.31999969482422,83.31999969482422,82.19000244140625,82.48500061035156,33635,0.0,0.0
2023-05-08 10:30:00-04:00,82.58999633789062,83.05000305175781,82.51000213623047,82.51000213623047,41699,0.0,0.0
2023-05-08 11:30:00-04:00,82.48999786376953,82.63999938964844,82.35749816894531,82.49749755859375,22600,0.0,0.0
2023-05-08 12:30:00-04:00,82.51000213623047,82.62999725341797,82.4000015258789,82.59500122070312,17685,0.0,0.0
2023-05-08 13:30:00-04:00,82.5999984741211,82.95999908447266,82.37999725341797,82.94999694824219,38490,0.0,0.0
2023-05-08 14:30:00-04:00,82.98999786376953,83.0999984741211,82.72000122070312,82.7750015258789,32601,0.0,0.0
2023-05-08 15:30:00-04:00,82.76000213623047,82.95999908447266,82.5199966430664,82.63999938964844,68729,0.0,0.0
2023-05-09 09:30:00-04:00,81.51000213623047,81.66999816894531,81.08000183105469,81.55999755859375,56854,0.0,0.0
2023-05-09 10:30:00-04:00,81.62999725341797,81.62999725341797,81.16000366210938,81.19999694824219,52518,0.0,0.0
2023-05-09 11:30:00-04:00,81.25499725341797,81.33999633789062,80.83000183105469,80.86000061035156,18796,0.0,0.0
2023-05-09 12:30:00-04:00,80.97000122070312,81.42500305175781,80.8499984741211,81.42500305175781,26159,0.0,0.0
2023-05-09 13:30:00-04:00,81.43000030517578,81.48999786376953,81.2249984741211,81.33000183105469,28880,0.0,0.0
2023-05-09 14:30:00-04:00,81.31999969482422,81.48999786376953,81.13999938964844,81.36499786376953,35182,0.0,0.0
2023-05-09 15:30:00-04:00,81.33999633789062,81.36000061035156,80.9000015258789,80.9800033569336,96849,0.0,0.0
2023-05-10 09:30:00-04:00,82.26000213623047,82.26000213623047,80.4000015258789,80.75,88023,0.0,0.0
2023-05-10 10:30:00-04:00,80.80000305175781,80.86000061035156,80.18000030517578,80.55999755859375,82637,0.0,0.0
2023-05-10 11:30:00-04:00,80.55999755859375,80.66999816894531,80.08000183105469,80.31500244140625,66633,0.0,0.0
2023-05-10 12:30:00-04:00,80.31999969482422,80.37000274658203,77.37999725341797,77.4000015258789,203670,0.0,0.0
2023-05-10 13:30:00-04:00,77.4000015258789,78.61000061035156,77.06999969482422,78.49500274658203,177897,0.0,0.0
2023-05-10 14:30:00-04:00,78.49500274658203,78.70999908447266,78.29000091552734,78.48500061035156,104238,0.0,0.0
2023-05-10 15:30:00-04:00,78.47000122070312,78.6500015258789,77.99500274658203,78.16000366210938,188005,0.0,0.0
2023-05-11 09:30:00-04:00,77.87999725341797,78.38500213623047,77.37000274658203,78.12999725341797,123498,0.0,0.0
2023-05-11 10:30:00-04:00,78.13999938964844,78.13999938964844,77.4000015258789,77.83999633789062,121208,0.0,0.0
2023-05-11 11:30:00-04:00,77.83999633789062,78.19000244140625,77.48999786376953,77.9000015258789,133168,0.0,0.0
2023-05-11 12:30:00-04:00,77.93000030517578,77.94999694824219,77.51000213623047,77.55999755859375,43471,0.0,0.0
2023-05-11 13:30:00-04:00,77.5199966430664,77.69000244140625,77.06999969482422,77.23999786376953,131252,0.0,0.0
2023-05-11 14:30:00-04:00,77.23999786376953,77.63999938964844,77.1500015258789,77.38999938964844,160364,0.0,0.0
2023-05-11 15:30:00-04:00,77.38999938964844,77.41000366210938,76.94000244140625,77.23999786376953,249983,0.0,0.0
2023-05-12 09:30:00-04:00,77.12000274658203,77.5,76.86000061035156,76.9000015258789,97816,0.0,0.0
2023-05-12 10:30:00-04:00,76.88500213623047,77.04000091552734,76.61000061035156,76.87999725341797,47696,0.0,0.0
2023-05-12 11:30:00-04:00,76.87999725341797,76.91999816894531,76.20999908447266,76.2300033569336,75530,0.0,0.0
2023-05-12 12:30:00-04:00,76.20999908447266,76.81999969482422,76.06999969482422,76.72000122070312,53694,0.0,0.0
2023-05-12 13:30:00-04:00,76.75,76.83999633789062,76.20999908447266,76.37000274658203,39271,0.0,0.0
2023-05-12 14:30:00-04:00,76.3499984741211,76.69000244140625,76.19000244140625,76.62999725341797,54636,0.0,0.0
2023-05-12 15:30:00-04:00,76.66999816894531,77.05000305175781,76.66999816894531,77.04000091552734,145128,0.0,0.0
2023-05-15 09:30:00-04:00,76.95999908447266,77.05999755859375,76.1500015258789,76.61000061035156,55149,0.0,0.0
2023-05-15 10:30:00-04:00,76.55000305175781,76.91999816894531,76.54000091552734,76.87000274658203,64353,0.0,0.0
2023-05-15 11:30:00-04:00,76.97000122070312,76.97000122070312,76.33000183105469,76.69999694824219,71463,0.0,0.0
2023-05-15 12:30:00-04:00,76.69000244140625,77.63999938964844,76.55999755859375,77.30000305175781,63136,0.0,0.0
2023-05-15 13:30:00-04:00,77.2699966430664,77.61000061035156,77.18000030517578,77.2699966430664,44709,0.0,0.0
2023-05-15 14:30:00-04:00,77.27999877929688,77.56999969482422,77.16999816894531,77.56999969482422,50538,0.0,0.0
2023-05-15 15:30:00-04:00,77.56999969482422,77.81999969482422,77.5199966430664,77.80000305175781,109317,0.0,0.0
2023-05-16 09:30:00-04:00,77.33999633789062,77.43000030517578,75.2300033569336,75.5999984741211,129759,0.0,0.0
2023-05-16 10:30:00-04:00,75.63999938964844,76.27999877929688,75.08000183105469,76.25,78272,0.0,0.0
2023-05-16 11:30:00-04:00,76.23999786376953,76.5,76.0374984741211,76.30500030517578,64532,0.0,0.0
2023-05-16 12:30:00-04:00,76.30999755859375,76.61000061035156,76.07499694824219,76.07499694824219,67287,0.0,0.0
2023-05-16 13:30:00-04:00,76.08000183105469,76.08000183105469,75.66000366210938,75.77999877929688,44904,0.0,0.0
2023-05-16 14:30:00-04:00,75.7699966430664,75.9000015258789,75.5999984741211,75.9000015258789,64289,0.0,0.0
2023-05-16 15:30:00-04:00,75.8949966430664,76.06500244140625,75.56999969482422,75.73999786376953,140071,0.0,0.0
2023-05-17 09:30:00-04:00,76.04000091552734,76.66000366210938,76.04000091552734,76.5,60585,0.0,0.0
2023-05-17 10:30:00-04:00,76.53500366210938,77.3499984741211,76.44000244140625,77.3499984741211,46592,0.0,0.0
2023-05-17 11:30:00-04:00,77.31999969482422,77.51000213623047,77.0469970703125,77.1500015258789,45527,0.0,0.0
2023-05-17 12:30:00-04:00,77.19999694824219,77.7300033569336,77.19999694824219,77.4800033569336,71514,0.0,0.0
2023-05-17 13:30:00-04:00,77.52999877929688,77.58039855957031,77.36000061035156,77.375,40395,0.0,0.0
2023-05-17 14:30:00-04:00,77.37000274658203,77.69999694824219,77.30999755859375,77.6500015258789,137649,0.0,0.0
2023-05-17 15:30:00-04:00,77.66000366210938,77.76000213623047,77.43000030517578,77.5,148866,0.0,0.0
2023-05-18 09:30:00-04:00,77.54000091552734,78.5199966430664,76.9000015258789,78.5199966430664,119420,0.0,0.0
2023-05-18 10:30:00-04:00,78.56999969482422,79.2699966430664,78.44999694824219,79.23999786376953,49777,0.0,0.0
2023-05-18 11:30:00-04:00,79.2699966430664,79.4800033569336,78.76000213623047,78.9000015258789,62569,0.0,0.0
2023-05-18 12:30:00-04:00,78.93000030517578,79.24500274658203,78.79000091552734,78.95999908447266,48651,0.0,0.0
2023-05-18 13:30:00-04:00,78.95999908447266,79.25499725341797,78.66999816894531,79.1719970703125,42406,0.0,0.0
2023-05-18 14:30:00-04:00,79.20999908447266,79.66999816894531,79.19999694824219,79.56999969482422,67518,0.0,0.0
2023-05-18 15:30:00-04:00,79.5999984741211,80.30000305175781,79.5999984741211,80.00499725341797,201438,0.0,0.0
2023-05-19 09:30:00-04:00,80.29000091552734,80.29000091552734,76.80000305175781,77.52999877929688,98390,0.0,0.0
2023-05-19 10:30:00-04:00,77.48500061035156,77.7300033569336,76.5199966430664,76.5199966430664,74876,0.0,0.0
2023-05-19 11:30:00-04:00,76.43000030517578,76.66999816894531,75.80000305175781,76.62999725341797,111956,0.0,0.0
2023-05-19 12:30:00-04:00,76.66000366210938,77.08999633789062,76.31500244140625,76.38999938964844,45123,0.0,0.0
2023-05-19 13:30:00-04:00,76.41000366210938,76.7300033569336,76.13999938964844,76.22000122070312,63872,0.0,0.0
2023-05-19 14:30:00-04:00,76.11499786376953,76.38999938964844,76.05999755859375,76.37000274658203,53964,0.0,0.0
2023-05-19 15:30:00-04:00,76.38999938964844,76.61000061035156,76.37000274658203,76.37999725341797,118940,0.0,0.0
2023-05-22 09:30:00-04:00,76.25,76.98999786376953,76.01000213623047,76.80500030517578,64124,0.0,0.0
2023-05-22 10:30:00-04:00,76.8499984741211,77.05999755859375,76.55000305175781,77.05999755859375,30298,0.0,0.0
2023-05-22 11:30:00-04:00,77.08999633789062,77.2699966430664,76.55999755859375,76.75,45048,0.0,0.0
2023-05-22 12:30:00-04:00,76.73999786376953,77.15499877929688,76.72000122070312,77.08499908447266,28733,0.0,0.0
2023-05-22 13:30:00-04:00,77.07499694824219,77.07499694824219,76.73999786376953,77.02999877929688,31088,0.0,0.0
2023-05-22 14:30:00-04:00,77.02999877929688,77.32499694824219,76.93000030517578,76.95999908447266,38498,0.0,0.0
2023-05-22 15:30:00-04:00,76.98500061035156,77.01000213623047,76.62999725341797,76.87999725341797,90926,0.0,0.0
2023-05-23 09:30:00-04:00,76.25,77.87999725341797,76.0,77.87999725341797,47221,0.0,0.0
2023-05-23 10:30:00-04:00,77.88999938964844,78.0199966430664,77.29499816894531,77.86750030517578,47842,0.0,0.0
2023-05-23 11:30:00-04:00,77.80000305175781,77.80999755859375,77.37999725341797,77.44000244140625,30436,0.0,0.0
2023-05-23 12:30:00-04:00,77.41000366210938,77.41000366210938,77.0,77.0,38495,0.0,0.0
2023-05-23 13:30:00-04:00,76.98999786376953,77.2300033569336,76.43000030517578,76.55000305175781,60479,0.0,0.0
2023-05-23 14:30:00-04:00,76.52999877929688,76.875,76.39009857177734,76.52999877929688,51630,0.0,0.0
2023-05-23 15:30:00-04:00,76.54000091552734,76.55000305175781,76.1500015258789,76.16000366210938,84207,0.0,0.0
2023-05-24 09:30:00-04:00,75.9000015258789,76.30999755859375,74.48999786376953,74.75499725341797,57123,0.0,0.0
2023-05-24 10:30:00-04:00,74.78500366210938,75.58999633789062,74.77999877929688,75.4800033569336,47416,0.0,0.0
2023-05-24 11:30:00-04:00,75.41999816894531,75.41999816894531,74.93000030517578,75.16999816894531,16281,0.0,0.0
2023-05-24 12:30:00-04:00,75.17500305175781,75.56999969482422,75.17500305175781,75.31500244140625,24647,0.0,0.0
2023-05-24 13:30:00-04:00,75.31500244140625,75.55000305175781,75.27999877929688,75.3499984741211,47445,0.0,0.0
2023-05-24 14:30:00-04:00,75.3499984741211,75.7249984741211,75.30500030517578,75.66999816894531,63999,0.0,0.0
2023-05-24 15:30:00-04:00,75.68499755859375,75.69999694824219,75.31500244140625,75.43000030517578,88586,0.0,0.0
2023-05-25 09:30:00-04:00,75.29000091552734,76.6500015258789,75.06999969482422,76.12999725341797,74631,0.0,0.0
2023-05-25 10:30:00-04:00,75.93000030517578,76.0250015258789,75.33000183105469,75.45500183105469,64751,0.0,0.0
2023-05-25 11:30:00-04:00,75.4800033569336,76.11000061035156,75.29000091552734,76.11000061035156,125882,0.0,0.0
2023-05-25 12:30:00-04:00,76.05000305175781,76.2300033569336,75.66999816894531,76.12000274658203,35232,0.0,0.0
2023-05-25 13:30:00-04:00,76.12000274658203,76.20999908447266,75.87000274658203,76.02999877929688,31132,0.0,0.0
2023-05-25 14:30:00-04:00,76.0,76.19999694824219,75.7750015258789,76.16000366210938,35389,0.0,0.0
2023-05-25 15:30:00-04:00,76.16500091552734,76.36000061035156,76.09249877929688,76.19999694824219,86703,0.0,0.0
2023-05-26 09:30:00-04:00,76.1500015258789,76.83999633789062,76.01499938964844,76.62000274658203,38956,0.0,0.0
2023-05-26 10:30:00-04:00,76.55000305175781,77.05999755859375,76.5,76.5,53217,0.0,0.0
2023-05-26 11:30:00-04:00,76.56999969482422,77.36000061035156,76.55000305175781,77.30500030517578,25870,0.0,0.0
2023-05-26 12:30:00-04:00,77.30000305175781,77.37999725341797,77.16500091552734,77.34500122070312,22418,0.0,0.0
2023-05-26 13:30:00-04:00,77.33999633789062,77.45999908447266,77.04000091552734,77.375,31334,0.0,0.0
2023-05-26 14:30:00-04:00,77.38500213623047,77.5999984741211,77.31999969482422,77.31999969482422,59250,0.0,0.0
2023-05-26 15:30:00-04:00,77.37000274658203,77.63300323486328,77.33000183105469,77.52999877929688,70124,0.0,0.0
2023-05-30 09:30:00-04:00,78.41999816894531,78.97000122070312,77.70500183105469,78.13999938964844,75752,0.0,0.0
2023-05-30 10:30:00-04:00,78.11000061035156,78.19000244140625,77.31999969482422,77.43000030517578,36924,0.0,0.0
2023-05-30 11:30:00-04:00,77.44999694824219,77.55999755859375,77.23999786376953,77.41000366210938,36443,0.0,0.0
2023-05-30 12:30:00-04:00,77.43000030517578,77.58999633789062,77.22750091552734,77.2300033569336,33480,0.0,0.0
2023-05-30 13:30:00-04:00,77.19999694824219,77.5,77.05999755859375,77.5,39066,0.0,0.0
2023-05-30 14:30:00-04:00,77.5,77.58000183105469,77.1449966430664,77.29000091552734,67681,0.0,0.0
2023-05-30 15:30:00-04:00,77.28500366210938,77.44000244140625,77.13999938964844,77.22000122070312,150437,0.0,0.0
2023-05-31 09:30:00-04:00,76.51000213623047,77.23999786376953,74.94999694824219,75.12999725341797,92612,0.0,0.0
2023-05-31 10:30:00-04:00,75.1500015258789,75.15499877929688,74.18000030517578,74.31999969482422,62933,0.0,0.0
2023-05-31 11:30:00-04:00,74.31999969482422,74.84500122070312,74.18000030517578,74.81500244140625,52151,0.0,0.0
2023-05-31 12:30:00-04:00,74.8499984741211,75.01499938964844,74.7300033569336,74.8550033569336,28985,0.0,0.0
2023-05-31 13:30:00-04:00,74.87999725341797,75.62000274658203,74.87000274658203,75.55000305175781,51966,0.0,0.0
2023-05-31 14:30:00-04:00,75.5199966430664,75.69000244140625,75.19999694824219,75.5,131789,0.0,0.0
2023-05-31 15:30:00-04:00,75.5,75.79000091552734,75.4800033569336,75.5,153091,0.0,0.0
2023-06-01 09:30:00-04:00,75.52999877929688,75.8499984741211,74.62000274658203,75.77999877929688,71910,0.0,0.0
2023-06-01 10:30:00-04:00,75.7750015258789,76.2699966430664,75.58000183105469,76.0,56878,0.0,0.0
2023-06-01 11:30:00-04:00,75.96499633789062,76.18000030517578,75.61000061035156,75.83999633789062,50777,0.0,0.0
2023-06-01 12:30:00-04:00,75.875,75.9749984741211,75.66999816894531,75.80500030517578,39606,0.0,0.0
2023-06-01 13:30:00-04:00,75.80500030517578,76.0999984741211,75.63999938964844,76.03500366210938,37685,0.0,0.0
2023-06-01 14:30:00-04:00,76.03500366210938,76.43000030517578,75.87999725341797,76.25,69015,0.0,0.0
2023-06-01 15:30:00-04:00,76.23500061035156,76.23999786376953,75.9800033569336,76.12999725341797,109621,0.0,0.0
2023-06-02 09:30:00-04:00,77.54000091552734,78.41999816894531,77.02999877929688,78.27999877929688,100654,0.0,0.0
2023-06-02 10:30:00-04:00,78.31999969482422,79.44000244140625,78.20999908447266,79.30999755859375,80838,0.0,0.0
2023-06-02 11:30:00-04:00,79.30000305175781,79.69000244140625,78.91000366210938,79.56079864501953,56619,0.0,0.0
2023-06-02 12:30:00-04:00,79.62999725341797,80.36000061035156,79.5999984741211,80.1500015258789,73922,0.0,0.0
2023-06-02 13:30:00-04:00,80.18000030517578,80.30999755859375,79.58000183105469,79.66999816894531,61490,0.0,0.0
2023-06-02 14:30:00-04:00,79.72000122070312,80.05999755859375,79.72000122070312,79.87000274658203,66119,0.0,0.0
2023-06-02 15:30:00-04:00,79.83999633789062,80.66000366210938,79.83999633789062,80.56999969482422,269435,0.0,0.0
2023-06-05 09:30:00-04:00,79.7699966430664,79.91999816894531,78.20999908447266,78.5510025024414,77071,0.0,0.0
2023-06-05 10:30:00-04:00,78.58000183105469,79.08999633789062,78.58000183105469,78.94000244140625,33232,0.0,0.0
2023-06-05 11:30:00-04:00,78.87999725341797,79.2300033569336,78.87000274658203,79.19000244140625,37820,0.0,0.0
2023-06-05 12:30:00-04:00,79.13999938964844,79.16999816894531,78.87999725341797,78.88999938964844,26749,0.0,0.0
2023-06-05 13:30:00-04:00,78.79000091552734,78.79000091552734,78.08999633789062,78.22000122070312,48325,0.0,0.0
2023-06-05 14:30:00-04:00,78.20999908447266,78.20999908447266,77.72000122070312,77.81999969482422,74909,0.0,0.0
2023-06-05 15:30:00-04:00,77.77999877929688,77.88999938964844,77.47000122070312,77.52999877929688,111371,0.0,0.0
2023-06-06 09:30:00-04:00,78.18000030517578,81.08000183105469,78.16999816894531,80.88999938964844,111582,0.0,0.0
2023-06-06 10:30:00-04:00,80.94999694824219,81.53500366210938,80.91000366210938,81.48500061035156,109657,0.0,0.0
2023-06-06 11:30:00-04:00,81.44000244140625,81.9000015258789,81.37999725341797,81.7300033569336,98801,0.0,0.0
2023-06-06 12:30:00-04:00,81.69999694824219,81.75,80.9749984741211,81.01000213623047,71892,0.0,0.0
2023-06-06 13:30:00-04:00,81.02999877929688,81.20999908447266,80.91999816894531,81.11000061035156,65557,0.0,0.0
2023-06-06 14:30:00-04:00,81.12000274658203,81.97000122070312,80.98999786376953,81.8949966430664,108862,0.0,0.0
2023-06-06 15:30:00-04:00,81.88999938964844,82.04000091552734,81.37999725341797,82.02999877929688,194242,0.0,0.0
2023-06-07 09:30:00-04:00,82.62999725341797,83.86000061035156,82.33999633789062,83.7300033569336,61725,0.0,0.0
2023-06-07 10:30:00-04:00,83.87000274658203,84.80000305175781,83.46150207519531,84.80000305175781,53117,0.0,0.0
2023-06-07 11:30:00-04:00,84.80999755859375,84.95999908447266,84.13999938964844,84.23500061035156,49318,0.0,0.0
2023-06-07 12:30:00-04:00,84.27999877929688,84.7300033569336,84.16999816894531,84.70500183105469,50621,0.0,0.0
2023-06-07 13:30:00-04:00,84.5999984741211,84.9000015258789,84.36000061035156,84.9000015258789,40895,0.0,0.0
2023-06-07 14:30:00-04:00,84.9000015258789,85.36000061035156,84.7300033569336,85.34919738769531,68766,0.0,0.0
2023-06-07 15:30:00-04:00,85.33000183105469,85.6500015258789,85.12999725341797,85.12999725341797,132000,0.0,0.0
2023-06-08 09:30:00-04:00,85.06999969482422,85.16000366210938,83.97000122070312,84.125,57890,0.0,0.0
2023-06-08 10:30:00-04:00,84.12999725341797,84.48999786376953,84.05999755859375,84.46499633789062,48539,0.0,0.0
2023-06-08 11:30:00-04:00,84.5,84.7750015258789,84.18000030517578,84.7750015258789,62197,0.0,0.0
2023-06-08 12:30:00-04:00,84.7300033569336,84.88999938964844,84.6500015258789,84.87999725341797,38960,0.0,0.0
2023-06-08 13:30:00-04:00,84.9000015258789,85.0,84.80999755859375,85.0,33867,0.0,0.0
2023-06-08 14:30:00-04:00,85.0,85.33000183105469,84.9000015258789,85.04499816894531,108679,0.0,0.0
2023-06-08 15:30:00-04:00,85.04499816894531,85.22000122070312,84.79499816894531,85.0,108983,0.0,0.0
2023-06-09 09:30:00-04:00,85.08999633789062,85.55999755859375,83.94100189208984,85.47000122070312,68411,0.0,0.0
2023-06-09 10:30:00-04:00,85.47000122070312,85.71499633789062,85.08999633789062,85.41000366210938,82892,0.0,0.0
2023-06-09 11:30:00-04:00,85.38999938964844,85.95999908447266,85.2300033569336,85.66500091552734,87896,0.0,0.0
2023-06-09 12:30:00-04:00,85.66500091552734,85.81770324707031,84.88999938964844,84.94999694824219,32581,0.0,0.0
2023-06-09 13:30:00-04:00,85.0,85.0250015258789,84.48999786376953,84.87000274658203,28384,0.0,0.0
2023-06-09 14:30:00-04:00,84.86499786376953,84.9749984741211,84.61000061035156,84.69000244140625,39066,0.0,0.0
2023-06-09 15:30:00-04:00,84.65499877929688,84.69000244140625,84.19000244140625,84.29000091552734,110388,0.0,0.0
2023-06-12 09:30:00-04:00,84.72000122070312,85.8499984741211,83.65499877929688,85.16000366210938,51785,0.0,0.0
2023-06-12 10:30:00-04:00,85.02999877929688,85.26000213623047,84.36000061035156,84.84500122070312,47141,0.0,0.0
2023-06-12 11:30:00-04:00,84.91000366210938,85.16999816894531,84.66000366210938,84.9791030883789,25982,0.0,0.0
2023-06-12 12:30:00-04:00,84.98999786376953,85.19000244140625,84.94999694824219,85.0199966430664,25040,0.0,0.0
2023-06-12 13:30:00-04:00,85.02999877929688,85.30999755859375,84.97000122070312,85.13300323486328,36727,0.0,0.0
2023-06-12 14:30:00-04:00,85.13999938964844,85.31999969482422,84.94000244140625,85.13999938964844,53353,0.0,0.0
2023-06-12 15:30:00-04:00,85.12000274658203,85.20500183105469,84.87999725341797,85.06999969482422,89090,0.0,0.0
2023-06-13 09:30:00-04:00,85.18000030517578,88.27999877929688,85.18000030517578,88.21499633789062,153379,0.0,0.0
2023-06-13 10:30:00-04:00,88.16000366210938,88.95999908447266,87.77999877929688,88.88999938964844,176348,0.0,0.0
2023-06-13 11:30:00-04:00,88.91000366210938,90.1500015258789,88.83999633789062,90.08000183105469,248658,0.0,0.0
2023-06-13 12:30:00-04:00,90.02999877929688,90.52010345458984,89.40499877929688,89.41000366210938,123928,0.0,0.0
2023-06-13 13:30:00-04:00,89.42500305175781,89.62000274658203,89.0999984741211,89.4749984741211,131011,0.0,0.0
2023-06-13 14:30:00-04:00,89.48500061035156,89.79889678955078,89.0,89.0999984741211,193250,0.0,0.0
2023-06-13 15:30:00-04:00,89.09500122070312,89.14250183105469,88.93499755859375,89.04000091552734,147282,0.0,0.0
2023-06-14 09:30:00-04:00,88.77999877929688,88.87999725341797,87.55000305175781,87.55000305175781,124487,0.0,0.0
2023-06-14 10:30:00-04:00,87.55500030517578,87.83000183105469,86.8499984741211,87.58000183105469,73365,0.0,0.0
2023-06-14 11:30:00-04:00,87.58000183105469,87.83999633789062,87.08999633789062,87.23999786376953,42042,0.0,0.0
2023-06-14 12:30:00-04:00,87.22000122070312,87.66000366210938,87.16000366210938,87.22000122070312,31282,0.0,0.0
2023-06-14 13:30:00-04:00,87.25499725341797,87.29499816894531,85.80999755859375,85.85009765625,62526,0.0,0.0
2023-06-14 14:30:00-04:00,85.91999816894531,86.83000183105469,85.79000091552734,86.43499755859375,82812,0.0,0.0
2023-06-14 15:30:00-04:00,86.37000274658203,86.55999755859375,86.0199966430664,86.33999633789062,131492,0.0,0.0
2023-06-15 09:30:00-04:00,85.72000122070312,86.94000244140625,85.5250015258789,86.72000122070312,68816,0.0,0.0
2023-06-15 10:30:00-04:00,86.75499725341797,86.79000091552734,86.18000030517578,86.66500091552734,47687,0.0,0.0
2023-06-15 11:30:00-04:00,86.63999938964844,86.6449966430664,85.83999633789062,85.9800033569336,48271,0.0,0.0
2023-06-15 12:30:00-04:00,85.98500061035156,86.11000061035156,85.88999938964844,85.94999694824219,26590,0.0,0.0
2023-06-15 13:30:00-04:00,85.9800033569336,86.41000366210938,85.95999908447266,85.97000122070312,35597,0.0,0.0
2023-06-15 14:30:00-04:00,86.0,86.41000366210938,85.94999694824219,86.22000122070312,85961,0.0,0.0
2023-06-15 15:30:00-04:00,86.2300033569336,86.37999725341797,86.0999984741211,86.37999725341797,134141,0.0,0.0
2023-06-16 09:30:00-04:00,86.45999908447266,86.77999877929688,85.16000366210938,85.63999938964844,74945,0.0,0.0
2023-06-16 10:30:00-04:00,85.69999694824219,85.91999816894531,85.30000305175781,85.44000244140625,94433,0.0,0.0
2023-06-16 11:30:00-04:00,85.44670104980469,85.56500244140625,85.13999938964844,85.54000091552734,38054,0.0,0.0
2023-06-16 12:30:00-04:00,85.53500366210938,85.7699966430664,85.33999633789062,85.34500122070312,43908,0.0,0.0
2023-06-16 13:30:00-04:00,85.31999969482422,85.55000305175781,85.23999786376953,85.50499725341797,39266,0.0,0.0
2023-06-16 14:30:00-04:00,85.47000122070312,85.5999984741211,85.26000213623047,85.26000213623047,49973,0.0,0.0
2023-06-16 15:30:00-04:00,85.26000213623047,85.83000183105469,85.1500015258789,85.69000244140625,118709,0.0,0.0
2023-06-20 09:30:00-04:00,85.52999877929688,85.52999877929688,84.30999755859375,84.41000366210938,71086,0.0,0.0
2023-06-20 10:30:00-04:00,84.43499755859375,84.68000030517578,84.32499694824219,84.66000366210938,37780,0.0,0.0
2023-06-20 11:30:00-04:00,84.6500015258789,85.3949966430664,84.62000274658203,85.3499984741211,32343,0.0,0.0
2023-06-20 12:30:00-04:00,85.34500122070312,85.45040130615234,84.75,84.75,33647,0.0,0.0
2023-06-20 13:30:00-04:00,84.75,84.83999633789062,84.06999969482422,84.16500091552734,137849,0.0,0.0
2023-06-20 14:30:00-04:00,84.1500015258789,84.16999816894531,83.72000122070312,83.95999908447266,90802,0.0,0.0
2023-06-20 15:30:00-04:00,83.93000030517578,84.05999755859375,83.80999755859375,83.87000274658203,138096,0.0,0.0
2023-06-21 09:30:00-04:00,83.08999633789062,84.62999725341797,82.51000213623047,84.27999877929688,62908,0.0,0.0
2023-06-21 10:30:00-04:00,84.38999938964844,84.5999984741211,83.33000183105469,83.63999938964844,45556,0.0,0.0
2023-06-21 11:30:00-04:00,83.69999694824219,83.87000274658203,83.55999755859375,83.81999969482422,27419,0.0,0.0
2023-06-21 12:30:00-04:00,83.87000274658203,83.9000015258789,83.2699966430664,83.55000305175781,26392,0.0,0.0
2023-06-21 13:30:00-04:00,83.58999633789062,84.26000213623047,83.58999633789062,84.26000213623047,66463,0.0,0.0
2023-06-21 14:30:00-04:00,84.23999786376953,84.375,83.84100341796875,83.87999725341797,57500,0.0,0.0
2023-06-21 15:30:00-04:00,83.83000183105469,84.08000183105469,83.66000366210938,83.7699966430664,151747,0.0,0.0
2023-06-22 09:30:00-04:00,83.5999984741211,83.5999984741211,82.13999938964844,83.42500305175781,47609,0.0,0.0
2023-06-22 10:30:00-04:00,83.33999633789062,83.44999694824219,82.58000183105469,82.95600128173828,29603,0.0,0.0
2023-06-22 11:30:00-04:00,83.01000213623047,83.28500366210938,82.60009765625,82.78600311279297,43537,0.0,0.0
2023-06-22 12:30:00-04:00,82.87999725341797,83.04000091552734,82.5999984741211,82.75,41375,0.0,0.0
2023-06-22 13:30:00-04:00,82.80000305175781,82.83999633789062,82.43000030517578,82.53500366210938,47305,0.0,0.0
2023-06-22 14:30:00-04:00,82.53500366210938,82.68000030517578,81.36000061035156,81.37000274658203,123374,0.0,0.0
2023-06-22 15:30:00-04:00,81.37000274658203,82.06999969482422,81.33000183105469,82.05000305175781,244574,0.0,0.0
2023-06-23 09:30:00-04:00,80.5999984741211,81.87000274658203,80.43000030517578,80.83499908447266,90208,0.0,0.0
2023-06-23 10:30:00-04:00,80.95999908447266,81.25,80.70500183105469,80.77999877929688,130204,0.0,0.0
2023-06-23 11:30:00-04:00,80.81999969482422,81.4800033569336,80.7699966430664,81.30999755859375,93612,0.0,0.0
2023-06-23 12:30:00-04:00,81.36000061035156,81.45999908447266,80.6500015258789,80.79000091552734,214180,0.0,0.0
2023-06-23 13:30:00-04:00,80.7750015258789,81.4000015258789,80.72000122070312,81.18000030517578,150300,0.0,0.0
2023-06-23 14:30:00-04:00,81.1500015258789,81.33000183105469,80.37999725341797,80.41000366210938,139239,0.0,0.0
2023-06-23 15:30:00-04:00,80.41999816894531,80.77999877929688,80.41000366210938,80.73999786376953,243480,0.0,0.0
2023-06-26 09:30:00-04:00,80.94999694824219,82.11000061035156,80.75,81.38999938964844,129721,0.0,0.0
2023-06-26 10:30:00-04:00,81.41000366210938,81.7249984741211,81.20999908447266,81.4000015258789,69609,0.0,0.0
2023-06-26 11:30:00-04:00,81.41000366210938,82.05000305175781,81.38999938964844,81.8499984741211,108723,0.0,0.0
2023-06-26 12:30:00-04:00,81.80000305175781,82.30999755859375,81.55999755859375,82.30000305175781,41379,0.0,0.0
2023-06-26 13:30:00-04:00,82.31999969482422,82.94000244140625,82.20999908447266,82.94000244140625,62338,0.0,0.0
2023-06-26 14:30:00-04:00,82.91000366210938,83.37000274658203,82.875,83.22000122070312,69707,0.0,0.0
2023-06-26 15:30:00-04:00,83.25,83.25,82.41999816894531,82.44000244140625,130465,0.0,0.0
2023-06-27 09:30:00-04:00,82.11000061035156,82.8550033569336,81.6500015258789,82.77999877929688,44150,0.0,0.0
2023-06-27 10:30:00-04:00,82.88999938964844,84.0,82.88999938964844,83.68000030517578,59710,0.0,0.0
2023-06-27 11:30:00-04:00,83.69999694824219,83.83999633789062,83.50499725341797,83.72000122070312,33104,0.0,0.0
2023-06-27 12:30:00-04:00,83.7300033569336,83.9749984741211,83.44000244140625,83.73999786376953,38537,0.0,0.0
2023-06-27 13:30:00-04:00,83.7699966430664,84.02999877929688,83.68000030517578,83.86000061035156,48639,0.0,0.0
2023-06-27 14:30:00-04:00,83.86000061035156,84.09500122070312,83.69000244140625,83.81999969482422,79620,0.0,0.0
2023-06-27 15:30:00-04:00,83.83000183105469,83.83499908447266,83.4000015258789,83.45999908447266,99732,0.0,0.0
2023-06-28 09:30:00-04:00,83.31999969482422,83.75,82.23999786376953,83.19999694824219,62127,0.0,0.0
2023-06-28 10:30:00-04:00,83.30999755859375,83.69390106201172,82.8499984741211,82.88999938964844,23260,0.0,0.0
2023-06-28 11:30:00-04:00,82.91999816894531,83.44000244140625,82.86499786376953,83.11000061035156,32629,0.0,0.0
2023-06-28 12:30:00-04:00,83.1050033569336,83.16999816894531,82.48999786376953,82.87000274658203,58110,0.0,0.0
2023-06-28 13:30:00-04:00,82.87000274658203,82.87000274658203,82.62999725341797,82.83000183105469,41578,0.0,0.0
2023-06-28 14:30:00-04:00,82.80000305175781,82.9000015258789,82.38999938964844,82.61000061035156,40060,0.0,0.0
2023-06-28 15:30:00-04:00,82.60399627685547,83.12999725341797,82.54000091552734,83.11000061035156,108618,0.0,0.0
2023-06-29 09:30:00-04:00,83.51000213623047,84.98999786376953,83.51000213623047,84.33499908447266,41299,0.0,0.0
2023-06-29 10:30:00-04:00,84.38999938964844,84.44999694824219,83.62000274658203,83.67500305175781,20861,0.0,0.0
2023-06-29 11:30:00-04:00,83.63999938964844,84.1500015258789,83.63500213623047,84.11000061035156,19562,0.0,0.0
2023-06-29 12:30:00-04:00,84.0999984741211,84.33000183105469,84.08000183105469,84.25,29769,0.0,0.0
2023-06-29 13:30:00-04:00,84.30000305175781,84.56999969482422,84.19000244140625,84.51000213623047,42578,0.0,0.0
2023-06-29 14:30:00-04:00,84.52999877929688,84.75,84.44000244140625,84.73999786376953,50934,0.0,0.0
2023-06-29 15:30:00-04:00,84.73999786376953,84.80000305175781,84.58000183105469,84.7699966430664,81589,0.0,0.0
2023-06-30 09:30:00-04:00,85.91000366210938,86.51000213623047,84.83999633789062,86.06999969482422,86593,0.0,0.0
2023-06-30 10:30:00-04:00,86.0999984741211,86.1500015258789,85.29000091552734,86.1500015258789,60462,0.0,0.0
2023-06-30 11:30:00-04:00,86.2300033569336,86.52999877929688,86.12999725341797,86.52999877929688,48157,0.0,0.0
2023-06-30 12:30:00-04:00,86.55999755859375,87.19000244140625,86.52999877929688,87.01000213623047,59432,0.0,0.0
2023-06-30 13:30:00-04:00,87.01499938964844,87.05000305175781,86.68000030517578,86.94999694824219,47267,0.0,0.0
2023-06-30 14:30:00-04:00,86.95899963378906,87.16000366210938,86.8499984741211,87.08999633789062,74867,0.0,0.0
2023-06-30 15:30:00-04:00,87.08499908447266,87.125,86.58000183105469,86.6500015258789,175136,0.0,0.0
2023-07-03 09:30:00-04:00,86.29000091552734,87.08000183105469,86.06500244140625,86.93000030517578,59536,0.0,0.0
2023-07-03 10:30:00-04:00,87.0,87.16000366210938,86.4000015258789,86.58000183105469,63239,0.0,0.0
2023-07-03 11:30:00-04:00,86.62000274658203,86.83000183105469,86.58999633789062,86.61000061035156,40090,0.0,0.0
2023-07-05 09:30:00-04:00,86.22000122070312,86.22000122070312,84.94499969482422,85.41999816894531,68582,0.0,0.0
2023-07-05 10:30:00-04:00,85.36499786376953,85.875,85.25499725341797,85.83000183105469,64983,0.0,0.0
2023-07-05 11:30:00-04:00,85.80999755859375,85.91999816894531,85.43000030517578,85.55999755859375,41211,0.0,0.0
2023-07-05 12:30:00-04:00,85.5199966430664,85.62999725341797,85.30000305175781,85.44000244140625,41947,0.0,0.0
2023-07-05 13:30:00-04:00,85.44000244140625,85.56999969482422,84.96499633789062,85.05000305175781,54099,0.0,0.0
2023-07-05 14:30:00-04:00,85.04499816894531,85.31999969482422,84.9800033569336,85.19000244140625,44832,0.0,0.0
2023-07-05 15:30:00-04:00,85.19000244140625,85.19249725341797,84.93000030517578,85.05000305175781,100471,0.0,0.0
2023-07-06 09:30:00-04:00,83.79000091552734,84.47720336914062,83.01000213623047,83.05000305175781,121324,0.0,0.0
2023-07-06 10:30:00-04:00,82.94000244140625,83.16000366210938,82.69000244140625,82.7300033569336,76342,0.0,0.0
2023-07-06 11:30:00-04:00,82.72000122070312,83.05999755859375,82.71499633789062,82.73500061035156,44182,0.0,0.0
2023-07-06 12:30:00-04:00,82.74500274658203,83.33000183105469,82.74500274658203,83.11000061035156,33798,0.0,0.0
2023-07-06 13:30:00-04:00,83.19999694824219,83.22000122070312,82.86000061035156,82.98999786376953,78221,0.0,0.0
2023-07-06 14:30:00-04:00,82.98999786376953,83.31999969482422,82.98999786376953,83.2699966430664,120675,0.0,0.0
2023-07-06 15:30:00-04:00,83.2300033569336,83.43499755859375,82.87999725341797,83.05000305175781,143669,0.0,0.0
2023-07-07 09:30:00-04:00,83.29000091552734,84.45999908447266,83.29000091552734,84.0,50970,0.0,0.0
2023-07-07 10:30:00-04:00,83.95999908447266,85.30000305175781,83.81999969482422,84.98999786376953,97480,0.0,0.0
2023-07-07 11:30:00-04:00,84.95999908447266,85.11000061035156,84.55000305175781,84.94999694824219,46291,0.0,0.0
2023-07-07 12:30:00-04:00,84.94499969482422,86.05500030517578,84.94499969482422,85.99500274658203,60214,0.0,0.0
2023-07-07 13:30:00-04:00,85.97000122070312,85.9800033569336,85.30000305175781,85.52999877929688,57626,0.0,0.0
2023-07-07 14:30:00-04:00,85.4800033569336,85.69000244140625,85.26000213623047,85.69000244140625,100734,0.0,0.0
2023-07-07 15:30:00-04:00,85.63999938964844,85.69999694824219,84.58999633789062,84.76000213623047,148560,0.0,0.0
2023-07-10 09:30:00-04:00,84.7300033569336,86.7699966430664,84.7300033569336,86.44999694824219,54882,0.0,0.0
2023-07-10 10:30:00-04:00,86.44999694824219,86.69000244140625,85.97000122070312,86.06999969482422,34846,0.0,0.0
2023-07-10 11:30:00-04:00,86.04000091552734,86.04000091552734,85.55999755859375,85.75,56781,0.0,0.0
2023-07-10 12:30:00-04:00,85.80919647216797,85.80919647216797,85.41000366210938,85.52999877929688,28704,0.0,0.0
2023-07-10 13:30:00-04:00,85.5199966430664,85.77999877929688,85.44000244140625,85.77999877929688,31504,0.0,0.0
2023-07-10 14:30:00-04:00,85.76000213623047,85.7699966430664,85.37000274658203,85.4000015258789,35402,0.0,0.0
2023-07-10 15:30:00-04:00,85.37999725341797,85.45999908447266,85.2750015258789,85.44999694824219,81136,0.0,0.0
2023-07-11 09:30:00-04:00,85.9800033569336,87.55999755859375,85.66999816894531,87.51000213623047,71125,0.0,0.0
2023-07-11 10:30:00-04:00,87.47000122070312,87.66000366210938,86.9000015258789,86.90499877929688,60446,0.0,0.0
2023-07-11 11:30:00-04:00,86.9000015258789,87.73999786376953,86.9000015258789,87.4219970703125,41347,0.0,0.0
2023-07-11 12:30:00-04:00,87.44999694824219,87.58000183105469,87.31999969482422,87.45999908447266,24326,0.0,0.0
2023-07-11 13:30:00-04:00,87.53459930419922,87.55400085449219,87.3499984741211,87.5,26749,0.0,0.0
2023-07-11 14:30:00-04:00,87.54000091552734,88.26000213623047,87.54000091552734,88.25,60083,0.0,0.0
2023-07-11 15:30:00-04:00,88.2300033569336,88.38999938964844,87.96499633789062,88.30000305175781,123432,0.0,0.0
2023-07-12 09:30:00-04:00,89.56999969482422,89.80000305175781,88.0,89.31999969482422,78032,0.0,0.0
2023-07-12 10:30:00-04:00,89.43000030517578,90.16999816894531,89.33999633789062,89.58000183105469,76484,0.0,0.0
2023-07-12 11:30:00-04:00,89.66999816894531,89.7300033569336,88.79000091552734,88.9000015258789,53229,0.0,0.0
2023-07-12 12:30:00-04:00,88.9000015258789,89.33000183105469,88.9000015258789,89.1500015258789,46721,0.0,0.0
2023-07-12 13:30:00-04:00,89.12000274658203,89.45999908447266,88.94000244140625,89.30000305175781,63347,0.0,0.0
2023-07-12 14:30:00-04:00,89.30000305175781,89.3550033569336,88.86000061035156,88.90399932861328,93700,0.0,0.0
2023-07-12 15:30:00-04:00,88.86250305175781,89.0199966430664,88.69000244140625,88.77999877929688,170728,0.0,0.0
2023-07-13 09:30:00-04:00,88.72000122070312,88.91000366210938,87.55000305175781,88.49500274658203,68436,0.0,0.0
2023-07-13 10:30:00-04:00,88.44000244140625,88.69000244140625,88.19000244140625,88.40499877929688,29792,0.0,0.0
2023-07-13 11:30:00-04:00,88.33999633789062,88.79000091552734,88.31999969482422,88.62999725341797,24277,0.0,0.0
2023-07-13 12:30:00-04:00,88.66000366210938,88.97000122070312,88.66000366210938,88.93000030517578,28112,0.0,0.0
2023-07-13 13:30:00-04:00,88.93000030517578,88.9800033569336,88.4800033569336,88.56500244140625,26479,0.0,0.0
2023-07-13 14:30:00-04:00,88.52999877929688,88.66120147705078,88.25,88.58499908447266,41563,0.0,0.0
2023-07-13 15:30:00-04:00,88.64250183105469,88.6500015258789,88.2699966430664,88.31999969482422,105555,0.0,0.0
2023-07-14 09:30:00-04:00,87.2699966430664,87.2699966430664,81.94999694824219,82.12000274658203,309411,0.0,0.0
2023-07-14 10:30:00-04:00,82.21499633789062,83.4800033569336,81.5,83.38999938964844,216975,0.0,0.0
2023-07-14 11:30:00-04:00,83.43499755859375,83.8550033569336,83.18579864501953,83.30000305175781,114683,0.0,0.0
2023-07-14 12:30:00-04:00,83.3499984741211,83.87999725341797,83.02999877929688,83.0999984741211,50835,0.0,0.0
2023-07-14 13:30:00-04:00,83.13500213623047,83.27999877929688,82.76000213623047,83.19000244140625,64557,0.0,0.0
2023-07-14 14:30:00-04:00,83.16999816894531,83.4000015258789,83.05000305175781,83.37999725341797,93116,0.0,0.0
2023-07-14 15:30:00-04:00,83.41000366210938,83.9000015258789,83.41000366210938,83.9000015258789,202622,0.0,0.0
2023-07-17 09:30:00-04:00,82.27999877929688,84.3499984741211,81.91000366210938,84.27999877929688,105666,0.0,0.0
2023-07-17 10:30:00-04:00,84.30999755859375,84.6500015258789,83.8499984741211,84.55000305175781,52820,0.0,0.0
2023-07-17 11:30:00-04:00,84.54499816894531,84.92500305175781,84.4800033569336,84.81999969482422,31082,0.0,0.0
2023-07-17 12:30:00-04:00,84.80000305175781,85.0,84.69999694824219,84.97000122070312,45418,0.0,0.0
2023-07-17 13:30:00-04:00,85.02999877929688,85.12999725341797,84.7249984741211,84.7300033569336,41743,0.0,0.0
2023-07-17 14:30:00-04:00,84.75,84.7699966430664,84.33999633789062,84.33999633789062,65722,0.0,0.0
2023-07-17 15:30:00-04:00,84.33999633789062,84.73999786376953,84.30000305175781,84.69999694824219,220816,0.0,0.0
2023-07-18 09:30:00-04:00,84.87999725341797,86.875,83.83000183105469,86.80999755859375,72064,0.0,0.0
2023-07-18 10:30:00-04:00,86.80000305175781,86.80000305175781,85.3499984741211,85.58999633789062,122471,0.0,0.0
2023-07-18 11:30:00-04:00,85.55000305175781,85.55000305175781,84.7699966430664,84.94999694824219,33244,0.0,0.0
2023-07-18 12:30:00-04:00,84.95500183105469,85.38999938964844,84.70600128173828,85.30000305175781,30976,0.0,0.0
2023-07-18 13:30:00-04:00,85.2699966430664,85.5,84.94000244140625,85.16000366210938,118900,0.0,0.0
2023-07-18 14:30:00-04:00,85.15499877929688,85.37999725341797,84.96749877929688,85.3499984741211,77529,0.0,0.0
2023-07-18 15:30:00-04:00,85.36000061035156,85.47000122070312,85.0999984741211,85.19000244140625,185567,0.0,0.0
2023-07-19 09:30:00-04:00,84.0999984741211,87.18000030517578,83.37999725341797,86.91999816894531,283902,0.0,0.0
2023-07-19 10:30:00-04:00,86.91999816894531,87.15499877929688,86.25,86.7750015258789,141669,0.0,0.0
2023-07-19 11:30:00-04:00,86.7750015258789,86.91510009765625,86.45500183105469,86.76000213623047,93283,0.0,0.0
2023-07-19 12:30:00-04:00,86.66999816894531,87.37000274658203,86.4800033569336,86.97000122070312,57994,0.0,0.0
2023-07-19 13:30:00-04:00,86.94000244140625,87.2699966430664,86.71080017089844,87.01000213623047,67343,0.0,0.0
2023-07-19 14:30:00-04:00,87.05999755859375,87.1500015258789,86.65499877929688,86.87999725341797,98810,0.0,0.0
2023-07-19 15:30:00-04:00,86.87000274658203,87.05999755859375,86.67259979248047,86.91000366210938,148133,0.0,0.0
2023-07-20 09:30:00-04:00,86.33000183105469,86.54000091552734,85.24500274658203,86.22000122070312,57957,0.0,0.0
2023-07-20 10:30:00-04:00,86.30999755859375,86.93000030517578,86.01000213623047,86.7699966430664,61650,0.0,0.0
2023-07-20 11:30:00-04:00,86.70999908447266,87.14250183105469,86.66999816894531,86.9800033569336,52770,0.0,0.0
2023-07-20 12:30:00-04:00,86.91000366210938,86.95999908447266,86.20999908447266,86.38999938964844,41951,0.0,0.0
2023-07-20 13:30:00-04:00,86.36000061035156,86.38999938964844,85.91999816894531,85.93000030517578,33799,0.0,0.0
2023-07-20 14:30:00-04:00,85.9739990234375,86.19499969482422,85.59500122070312,85.63999938964844,49344,0.0,0.0
2023-07-20 15:30:00-04:00,85.69000244140625,85.80500030517578,85.51000213623047,85.51000213623047,106232,0.0,0.0
2023-07-21 09:30:00-04:00,86.47000122070312,86.5999984741211,85.43499755859375,86.21499633789062,42690,0.0,0.0
2023-07-21 10:30:00-04:00,86.24500274658203,86.88999938964844,86.16000366210938,86.88999938964844,51774,0.0,0.0
2023-07-21 11:30:00-04:00,86.93499755859375,87.26499938964844,86.83999633789062,86.83999633789062,69327,0.0,0.0
2023-07-21 12:30:00-04:00,86.90499877929688,87.0,86.55000305175781,86.9800033569336,48500,0.0,0.0
2023-07-21 13:30:00-04:00,86.96499633789062,87.00499725341797,86.44000244140625,86.51000213623047,43628,0.0,0.0
2023-07-21 14:30:00-04:00,86.52999877929688,87.04000091552734,86.52999877929688,86.66999816894531,83632,0.0,0.0
2023-07-21 15:30:00-04:00,86.66999816894531,86.69000244140625,86.22000122070312,86.2300033569336,170451,0.0,0.0
2023-07-24 09:30:00-04:00,86.1500015258789,87.61109924316406,86.1500015258789,86.55000305175781,49732,0.0,0.0
2023-07-24 10:30:00-04:00,86.56999969482422,86.76000213623047,86.375,86.76000213623047,21585,0.0,0.0
2023-07-24 11:30:00-04:00,86.81999969482422,87.2249984741211,86.7699966430664,87.0,37030,0.0,0.0
2023-07-24 12:30:00-04:00,87.02999877929688,87.2300033569336,86.58000183105469,87.0,38075,0.0,0.0
2023-07-24 13:30:00-04:00,87.02999877929688,87.02999877929688,86.70999908447266,86.7300033569336,33371,0.0,0.0
2023-07-24 14:30:00-04:00,86.70999908447266,86.73500061035156,86.49500274658203,86.54499816894531,38056,0.0,0.0
2023-07-24 15:30:00-04:00,86.54000091552734,87.30999755859375,86.54000091552734,87.26000213623047,150407,0.0,0.0
2023-07-25 09:30:00-04:00,87.16999816894531,87.53959655761719,86.3499984741211,87.11000061035156,81193,0.0,0.0
2023-07-25 10:30:00-04:00,86.90499877929688,86.90499877929688,86.04000091552734,86.44000244140625,49055,0.0,0.0
2023-07-25 11:30:00-04:00,86.48999786376953,86.61000061035156,86.08000183105469,86.2300033569336,37900,0.0,0.0
2023-07-25 12:30:00-04:00,86.2699966430664,86.6500015258789,86.18000030517578,86.58999633789062,37605,0.0,0.0
2023-07-25 13:30:00-04:00,86.5999984741211,86.95999908447266,86.47429656982422,86.875,38725,0.0,0.0
2023-07-25 14:30:00-04:00,86.875,87.13999938964844,86.80999755859375,87.13999938964844,60791,0.0,0.0
2023-07-25 15:30:00-04:00,87.13500213623047,87.26000213623047,86.87000274658203,86.94000244140625,96345,0.0,0.0
2023-07-26 09:30:00-04:00,87.04000091552734,88.51000213623047,86.88999938964844,87.76499938964844,56412,0.0,0.0
2023-07-26 10:30:00-04:00,87.75,88.41000366210938,87.55500030517578,88.08999633789062,52969,0.0,0.0
2023-07-26 11:30:00-04:00,88.16000366210938,88.3499984741211,87.78500366210938,88.31500244140625,54099,0.0,0.0
2023-07-26 12:30:00-04:00,88.30500030517578,88.68000030517578,88.01000213623047,88.34750366210938,47436,0.0,0.0
2023-07-26 13:30:00-04:00,88.30999755859375,88.44999694824219,88.06999969482422,88.3499984741211,52036,0.0,0.0
2023-07-26 14:30:00-04:00,88.33999633789062,88.91000366210938,88.16999816894531,88.48999786376953,76704,0.0,0.0
2023-07-26 15:30:00-04:00,88.49500274658203,88.87999725341797,88.33999633789062,88.66000366210938,216480,0.0,0.0
2023-07-27 09:30:00-04:00,88.36000061035156,90.48999786376953,86.5,86.80000305175781,240117,0.0,0.0
2023-07-27 10:30:00-04:00,86.77999877929688,86.77999877929688,85.57499694824219,86.13999938964844,120176,0.0,0.0
2023-07-27 11:30:00-04:00,86.19999694824219,86.45500183105469,85.69000244140625,85.99500274658203,111554,0.0,0.0
2023-07-27 12:30:00-04:00,86.05000305175781,87.08000183105469,85.91000366210938,86.0999984741211,91121,0.0,0.0
2023-07-27 13:30:00-04:00,86.1500015258789,86.44000244140625,85.94999694824219,86.08000183105469,87352,0.0,0.0
2023-07-27 14:30:00-04:00,86.09500122070312,86.09500122070312,85.29000091552734,85.4749984741211,146226,0.0,0.0
2023-07-27 15:30:00-04:00,85.43000030517578,85.5999984741211,85.23999786376953,85.52999877929688,152008,0.0,0.0
2023-07-28 09:30:00-04:00,86.41999816894531,87.16999816894531,85.27999877929688,85.44439697265625,55620,0.0,0.0
2023-07-28 10:30:00-04:00,85.58000183105469,86.32499694824219,85.33000183105469,86.2699966430664,62406,0.0,0.0
2023-07-28 11:30:00-04:00,86.19999694824219,86.70999908447266,86.19999694824219,86.6500015258789,42600,0.0,0.0
2023-07-28 12:30:00-04:00,86.63999938964844,86.83999633789062,85.62000274658203,85.69999694824219,50128,0.0,0.0
2023-07-28 13:30:00-04:00,85.69999694824219,85.83999633789062,85.41000366210938,85.64250183105469,55259,0.0,0.0
2023-07-28 14:30:00-04:00,85.62999725341797,85.77999877929688,85.33999633789062,85.34500122070312,75727,0.0,0.0
2023-07-28 15:30:00-04:00,85.36000061035156,85.7750015258789,85.33100128173828,85.53500366210938,180722,0.0,0.0
2023-07-31 09:30:00-04:00,85.61000061035156,86.375,85.36000061035156,85.94000244140625,35640,0.0,0.0
2023-07-31 10:30:00-04:00,85.9800033569336,86.03500366210938,84.7300033569336,85.02999877929688,57342,0.0,0.0
2023-07-31 11:30:00-04:00,85.04000091552734,85.63500213623047,85.01000213623047,85.54499816894531,65129,0.0,0.0
2023-07-31 12:30:00-04:00,85.55000305175781,85.7417984008789,85.4800033569336,85.69000244140625,44900,0.0,0.0
2023-07-31 13:30:00-04:00,85.70999908447266,86.22000122070312,85.63999938964844,85.94000244140625,52905,0.0,0.0
2023-07-31 14:30:00-04:00,85.94000244140625,86.30999755859375,85.94000244140625,86.28500366210938,75140,0.0,0.0
2023-07-31 15:30:00-04:00,86.30000305175781,86.30999755859375,85.80000305175781,86.30000305175781,206715,0.0,0.0
2023-08-01 09:30:00-04:00,85.88999938964844,85.88999938964844,83.87999725341797,84.62000274658203,127911,0.0,0.0
2023-08-01 10:30:00-04:00,84.62000274658203,85.55999755859375,84.3949966430664,85.11000061035156,115630,0.0,0.0
2023-08-01 11:30:00-04:00,85.11000061035156,85.2300033569336,84.5199966430664,84.59500122070312,77201,0.0,0.0
2023-08-01 12:30:00-04:00,84.6500015258789,84.68499755859375,84.37000274658203,84.5199966430664,65396,0.0,0.0
2023-08-01 13:30:00-04:00,84.5,84.95999908447266,84.4000015258789,84.69499969482422,72082,0.0,0.0
2023-08-01 14:30:00-04:00,84.77999877929688,85.375,84.58999633789062,85.18000030517578,78331,0.0,0.0
2023-08-01 15:30:00-04:00,85.19999694824219,85.2300033569336,84.93000030517578,85.04000091552734,140632,0.0,0.0
2023-08-02 09:30:00-04:00,83.9000015258789,85.25,83.20999908447266,84.85189819335938,87187,0.0,0.0
2023-08-02 10:30:00-04:00,85.04000091552734,85.78299713134766,84.43000030517578,85.78299713134766,152130,0.0,0.0
2023-08-02 11:30:00-04:00,85.6500015258789,85.69999694824219,85.22000122070312,85.62000274658203,36156,0.0,0.0
2023-08-02 12:30:00-04:00,85.65499877929688,86.18000030517578,85.6500015258789,86.12999725341797,24607,0.0,0.0
2023-08-02 13:30:00-04:00,86.18000030517578,86.27999877929688,85.7300033569336,85.86000061035156,23319,0.0,0.0
2023-08-02 14:30:00-04:00,85.91000366210938,86.01000213623047,85.68000030517578,85.73500061035156,35266,0.0,0.0
2023-08-02 15:30:00-04:00,85.7699966430664,86.11000061035156,85.7699966430664,86.08000183105469,181109,0.0,0.0
2023-08-03 09:30:00-04:00,85.45999908447266,86.20999908447266,84.9800033569336,85.04000091552734,166971,0.0,0.0
2023-08-03 10:30:00-04:00,84.94000244140625,85.13999938964844,83.37999725341797,83.94999694824219,162868,0.0,0.0
2023-08-03 11:30:00-04:00,84.0,84.12999725341797,83.44999694824219,83.52999877929688,81719,0.0,0.0
2023-08-03 12:30:00-04:00,83.55000305175781,84.02999877929688,83.5,83.98999786376953,68940,0.0,0.0
2023-08-03 13:30:00-04:00,84.0199966430664,84.0199966430664,83.53500366210938,83.74500274658203,65991,0.0,0.0
2023-08-03 14:30:00-04:00,83.74500274658203,84.05000305175781,83.38500213623047,83.6500015258789,110971,0.0,0.0
2023-08-03 15:30:00-04:00,83.66000366210938,83.94999694824219,83.47000122070312,83.73999786376953,207679,0.0,0.0
2023-08-04 09:30:00-04:00,83.95999908447266,84.58000183105469,83.04499816894531,84.16999816894531,62379,0.0,0.0
2023-08-04 10:30:00-04:00,84.2699966430664,84.9800033569336,84.22000122070312,84.5999984741211,61177,0.0,0.0
2023-08-04 11:30:00-04:00,84.62999725341797,85.16000366210938,84.56999969482422,85.10009765625,47907,0.0,0.0
2023-08-04 12:30:00-04:00,85.16000366210938,85.18000030517578,85.0,85.08999633789062,28352,0.0,0.0
2023-08-04 13:30:00-04:00,85.16999816894531,85.23500061035156,84.56999969482422,84.62999725341797,45897,0.0,0.0
2023-08-04 14:30:00-04:00,84.58000183105469,84.72000122070312,84.41500091552734,84.53500366210938,57823,0.0,0.0
2023-08-04 15:30:00-04:00,84.53500366210938,84.62999725341797,84.31999969482422,84.62999725341797,73860,0.0,0.0
2023-08-07 09:30:00-04:00,84.54000091552734,85.22000122070312,84.18000030517578,85.20999908447266,41998,0.0,0.0
2023-08-07 10:30:00-04:00,85.23999786376953,85.55000305175781,85.0199966430664,85.2300033569336,46234,0.0,0.0
2023-08-07 11:30:00-04:00,85.18000030517578,85.26000213623047,84.88999938964844,85.12999725341797,33410,0.0,0.0
2023-08-07 12:30:00-04:00,85.12000274658203,85.47000122070312,84.98999786376953,85.2699966430664,118300,0.0,0.0
2023-08-07 13:30:00-04:00,85.33999633789062,85.76000213623047,85.25,85.52999877929688,34768,0.0,0.0
2023-08-07 14:30:00-04:00,85.52999877929688,85.55999755859375,85.16999816894531,85.30000305175781,59908,0.0,0.0
2023-08-07 15:30:00-04:00,85.30000305175781,85.47000122070312,85.2300033569336,85.44000244140625,100926,0.0,0.0
2023-08-08 09:30:00-04:00,84.23999786376953,84.7699966430664,83.05000305175781,83.8499984741211,98632,0.0,0.0
2023-08-08 10:30:00-04:00,83.73999786376953,84.06999969482422,83.25,83.88999938964844,73243,0.0,0.0
2023-08-08 11:30:00-04:00,83.88999938964844,84.1500015258789,83.76000213623047,84.04000091552734,46563,0.0,0.0
2023-08-08 12:30:00-04:00,84.0250015258789,84.45999908447266,84.0250015258789,84.31500244140625,60811,0.0,0.0
2023-08-08 13:30:00-04:00,84.3499984741211,84.45999908447266,84.00499725341797,84.33000183105469,41000,0.0,0.0
2023-08-08 14:30:00-04:00,84.37000274658203,84.5199966430664,84.26499938964844,84.41999816894531,49641,0.0,0.0
2023-08-08 15:30:00-04:00,84.41999816894531,84.70999908447266,84.29000091552734,84.70999908447266,138138,0.0,0.0
2023-08-09 09:30:00-04:00,84.47000122070312,85.43000030517578,84.05000305175781,85.43000030517578,18951,0.0,0.0
2023-08-09 10:30:00-04:00,85.55000305175781,85.81999969482422,85.3499984741211,85.37000274658203,35233,0.0,0.0
2023-08-09 11:30:00-04:00,85.30000305175781,85.33000183105469,84.69000244140625,84.8219985961914,29688,0.0,0.0
2023-08-09 12:30:00-04:00,84.8499984741211,85.58000183105469,84.83100128173828,85.41000366210938,39389,0.0,0.0
2023-08-09 13:30:00-04:00,85.38999938964844,85.78500366210938,84.80999755859375,85.71499633789062,53806,0.0,0.0
2023-08-09 14:30:00-04:00,85.76000213623047,86.11499786376953,85.76000213623047,86.0999984741211,75022,0.0,0.0
2023-08-09 15:30:00-04:00,86.02999877929688,86.1449966430664,85.79000091552734,86.04000091552734,132681,0.0,0.0
2023-08-10 09:30:00-04:00,86.62999725341797,87.30000305175781,86.30999755859375,86.74500274658203,23318,0.0,0.0
2023-08-10 10:30:00-04:00,86.75,86.87999725341797,86.33999633789062,86.7699966430664,50936,0.0,0.0
2023-08-10 11:30:00-04:00,86.72000122070312,86.73999786376953,85.69999694824219,85.87999725341797,28062,0.0,0.0
2023-08-10 12:30:00-04:00,85.8499984741211,85.8499984741211,85.22000122070312,85.27999877929688,79080,0.0,0.0
2023-08-10 13:30:00-04:00,85.25,85.8550033569336,85.22000122070312,85.80000305175781,32338,0.0,0.0
2023-08-10 14:30:00-04:00,85.84500122070312,85.9800033569336,85.72000122070312,85.79000091552734,38261,0.0,0.0
2023-08-10 15:30:00-04:00,85.80500030517578,85.83000183105469,85.56990051269531,85.72000122070312,74246,0.0,0.0
2023-08-11 09:30:00-04:00,85.25,85.70999908447266,84.91100311279297,85.48999786376953,41983,0.0,0.0
2023-08-11 10:30:00-04:00,85.62000274658203,85.91999816894531,85.16100311279297,85.44999694824219,38694,0.0,0.0
2023-08-11 11:30:00-04:00,85.4000015258789,85.79000091552734,85.30999755859375,85.68000030517578,27163,0.0,0.0
2023-08-11 12:30:00-04:00,85.66999816894531,85.68000030517578,85.44100189208984,85.6449966430664,20623,0.0,0.0
2023-08-11 13:30:00-04:00,85.58999633789062,85.69000244140625,85.19000244140625,85.65499877929688,65539,0.0,0.0
2023-08-11 14:30:00-04:00,85.62000274658203,85.70999908447266,85.36599731445312,85.52100372314453,35519,0.0,0.0
2023-08-11 15:30:00-04:00,85.56999969482422,85.62000274658203,85.33000183105469,85.47000122070312,113220,0.0,0.0
2023-08-14 09:30:00-04:00,84.86000061035156,85.51000213623047,84.4000015258789,85.13999938964844,54759,0.0,0.0
2023-08-14 10:30:00-04:00,85.1500015258789,85.41000366210938,85.0199966430664,85.2300033569336,44748,0.0,0.0
2023-08-14 11:30:00-04:00,85.23500061035156,85.27999877929688,85.06800079345703,85.16999816894531,22669,0.0,0.0
2023-08-14 12:30:00-04:00,85.19000244140625,85.4000015258789,85.09010314941406,85.23999786376953,19573,0.0,0.0
2023-08-14 13:30:00-04:00,85.25,85.58000183105469,85.12000274658203,85.58000183105469,29353,0.0,0.0
2023-08-14 14:30:00-04:00,85.55999755859375,85.83000183105469,85.5,85.81999969482422,43955,0.0,0.0
2023-08-14 15:30:00-04:00,85.77999877929688,85.97750091552734,85.75,85.88999938964844,87592,0.0,0.0
2023-08-15 09:30:00-04:00,84.94999694824219,85.5,84.80000305175781,85.13500213623047,67024,0.0,0.0
2023-08-15 10:30:00-04:00,85.13500213623047,85.18000030517578,84.45500183105469,84.58000183105469,74030,0.0,0.0
2023-08-15 11:30:00-04:00,84.58000183105469,84.58499908447266,84.24500274658203,84.5250015258789,27812,0.0,0.0
2023-08-15 12:30:00-04:00,84.51000213623047,84.51000213623047,84.02999877929688,84.31500244140625,27146,0.0,0.0
2023-08-15 13:30:00-04:00,84.36000061035156,84.41999816894531,84.12000274658203,84.2699966430664,78373,0.0,0.0
2023-08-15 14:30:00-04:00,84.20500183105469,84.69000244140625,84.00499725341797,84.44999694824219,54748,0.0,0.0
2023-08-15 15:30:00-04:00,84.44000244140625,84.5250015258789,84.04000091552734,84.08999633789062,92479,0.0,0.0
2023-08-16 09:30:00-04:00,83.70999908447266,84.77999877929688,83.45010375976562,84.04000091552734,42570,0.0,0.0
2023-08-16 10:30:00-04:00,84.04000091552734,84.18000030517578,83.80999755859375,83.97000122070312,56169,0.0,0.0
2023-08-16 11:30:00-04:00,83.87000274658203,83.87000274658203,83.43000030517578,83.76000213623047,42033,0.0,0.0
2023-08-16 12:30:00-04:00,83.79399871826172,83.91999816894531,83.61499786376953,83.69999694824219,31387,0.0,0.0
2023-08-16 13:30:00-04:00,83.7300033569336,83.93000030517578,83.6500015258789,83.80999755859375,55642,0.0,0.0
2023-08-16 14:30:00-04:00,83.88999938964844,83.8949966430664,83.23999786376953,83.41999816894531,66507,0.0,0.0
2023-08-16 15:30:00-04:00,83.37999725341797,83.55999755859375,82.94000244140625,82.9800033569336,112535,0.0,0.0
2023-08-17 09:30:00-04:00,83.37999725341797,84.06999969482422,83.37999725341797,83.93000030517578,36150,0.0,0.0
2023-08-17 10:30:00-04:00,83.95999908447266,84.33999633789062,83.81999969482422,83.91500091552734,73087,0.0,0.0
2023-08-17 11:30:00-04:00,83.9000015258789,83.94000244140625,83.45999908447266,83.76000213623047,56266,0.0,0.0
2023-08-17 12:30:00-04:00,83.81999969482422,83.91999816894531,83.6500015258789,83.7699966430664,33514,0.0,0.0
2023-08-17 13:30:00-04:00,83.80000305175781,83.83999633789062,83.63999938964844,83.69999694824219,51764,0.0,0.0
2023-08-17 14:30:00-04:00,83.69999694824219,83.73999786376953,82.95999908447266,83.21399688720703,72066,0.0,0.0
2023-08-17 15:30:00-04:00,83.19000244140625,83.23400115966797,82.93000030517578,83.1500015258789,123101,0.0,0.0
2023-08-18 09:30:00-04:00,82.2699966430664,83.7699966430664,82.01499938964844,82.62000274658203,43542,0.0,0.0
2023-08-18 10:30:00-04:00,82.68499755859375,83.09989929199219,82.52999877929688,82.70999908447266,61038,0.0,0.0
2023-08-18 11:30:00-04:00,82.76000213623047,82.96499633789062,82.72000122070312,82.81999969482422,51141,0.0,0.0
2023-08-18 12:30:00-04:00,82.80000305175781,83.01000213623047,82.625,82.66500091552734,67109,0.0,0.0
2023-08-18 13:30:00-04:00,82.69999694824219,83.01000213623047,82.62000274658203,82.80999755859375,102797,0.0,0.0
2023-08-18 14:30:00-04:00,82.79000091552734,82.9000015258789,82.66000366210938,82.79000091552734,78351,0.0,0.0
2023-08-18 15:30:00-04:00,82.79499816894531,82.90499877929688,82.68000030517578,82.8499984741211,133565,0.0,0.0
2023-08-21 09:30:00-04:00,82.9000015258789,83.26499938964844,81.30999755859375,81.30999755859375,82452,0.0,0.0
2023-08-21 10:30:00-04:00,81.27999877929688,82.08999633789062,80.83000183105469,81.02999877929688,58549,0.0,0.0
2023-08-21 11:30:00-04:00,81.05000305175781,82.06500244140625,80.90499877929688,81.97000122070312,67236,0.0,0.0
2023-08-21 12:30:00-04:00,81.9749984741211,82.01000213623047,81.61000061035156,81.82499694824219,38324,0.0,0.0
2023-08-21 13:30:00-04:00,81.80000305175781,82.02999877929688,81.69000244140625,81.69000244140625,40053,0.0,0.0
2023-08-21 14:30:00-04:00,81.69499969482422,82.01000213623047,81.62999725341797,81.93000030517578,51946,0.0,0.0
2023-08-21 15:30:00-04:00,81.93000030517578,81.98500061035156,81.69000244140625,81.80999755859375,116800,0.0,0.0
2023-08-22 09:30:00-04:00,81.5,81.75,80.81999969482422,81.0,41529,0.0,0.0
2023-08-22 10:30:00-04:00,81.05000305175781,81.05000305175781,80.37000274658203,80.69000244140625,64054,0.0,0.0
2023-08-22 11:30:00-04:00,80.7249984741211,80.77999877929688,80.30999755859375,80.44499969482422,56706,0.0,0.0
2023-08-22 12:30:00-04:00,80.47000122070312,80.68000030517578,80.2699966430664,80.45999908447266,82192,0.0,0.0
2023-08-22 13:30:00-04:00,80.47000122070312,80.47250366210938,79.94000244140625,80.2699966430664,61076,0.0,0.0
2023-08-22 14:30:00-04:00,80.26000213623047,80.37999725341797,80.05999755859375,80.0999984741211,103383,0.0,0.0
2023-08-22 15:30:00-04:00,80.08000183105469,80.31999969482422,79.95999908447266,80.30000305175781,127457,0.0,0.0
2023-08-23 09:30:00-04:00,79.62000274658203,80.12999725341797,79.18000030517578,79.98500061035156,67727,0.0,0.0
2023-08-23 10:30:00-04:00,79.98500061035156,80.4000015258789,79.9000015258789,80.36000061035156,36174,0.0,0.0
2023-08-23 11:30:00-04:00,80.36499786376953,80.66999816894531,80.20999908447266,80.3949966430664,103060,0.0,0.0
2023-08-23 12:30:00-04:00,80.3949966430664,81.25,80.3949966430664,81.11360168457031,170427,0.0,0.0
2023-08-23 13:30:00-04:00,81.13999938964844,81.29000091552734,80.86000061035156,80.97000122070312,108820,0.0,0.0
2023-08-23 14:30:00-04:00,81.0,81.16500091552734,80.91999816894531,81.1500015258789,60057,0.0,0.0
2023-08-23 15:30:00-04:00,81.15499877929688,81.41999816894531,80.98999786376953,81.41000366210938,120994,0.0,0.0
2023-08-24 09:30:00-04:00,81.16999816894531,81.43000030517578,80.77999877929688,81.04000091552734,43927,0.0,0.0
2023-08-24 10:30:00-04:00,81.05000305175781,81.23500061035156,80.58000183105469,80.78500366210938,73879,0.0,0.0
2023-08-24 11:30:00-04:00,80.72000122070312,80.87999725341797,80.3499984741211,80.56999969482422,54881,0.0,0.0
2023-08-24 12:30:00-04:00,80.56500244140625,80.66000366210938,79.88999938964844,79.94999694824219,55001,0.0,0.0
2023-08-24 13:30:00-04:00,79.93000030517578,80.08000183105469,79.87999725341797,79.97000122070312,111130,0.0,0.0
2023-08-24 14:30:00-04:00,79.98999786376953,80.16000366210938,79.94000244140625,80.09500122070312,147195,0.0,0.0
2023-08-24 15:30:00-04:00,80.09500122070312,80.13999938964844,79.8499984741211,80.0199966430664,168100,0.0,0.0
2023-08-25 09:30:00-04:00,80.70999908447266,81.7300033569336,80.23999786376953,80.63999938964844,49962,0.0,0.0
2023-08-25 10:30:00-04:00,80.54000091552734,80.79000091552734,80.05000305175781,80.75,45801,0.0,0.0
2023-08-25 11:30:00-04:00,80.79000091552734,80.97000122070312,80.16000366210938,80.58000183105469,69334,0.0,0.0
2023-08-25 12:30:00-04:00,80.5999984741211,80.69999694824219,80.1500015258789,80.23999786376953,40808,0.0,0.0
2023-08-25 13:30:00-04:00,80.23999786376953,80.69499969482422,80.19000244140625,80.65499877929688,64725,0.0,0.0
2023-08-25 14:30:00-04:00,80.65499877929688,80.9800033569336,80.56999969482422,80.86000061035156,72546,0.0,0.0
2023-08-25 15:30:00-04:00,80.83999633789062,81.02999877929688,80.62999725341797,80.83999633789062,112737,0.0,0.0
2023-08-28 09:30:00-04:00,81.43000030517578,82.16000366210938,81.08999633789062,81.7699966430664,53923,0.0,0.0
2023-08-28 10:30:00-04:00,81.81999969482422,81.83999633789062,81.01000213623047,81.13999938964844,32943,0.0,0.0
2023-08-28 11:30:00-04:00,81.13999938964844,81.19999694824219,80.5,80.79000091552734,60751,0.0,0.0
2023-08-28 12:30:00-04:00,80.72000122070312,81.26000213623047,80.72000122070312,81.12000274658203,34960,0.0,0.0
2023-08-28 13:30:00-04:00,81.11499786376953,81.12999725341797,80.62999725341797,80.80000305175781,68765,0.0,0.0
2023-08-28 14:30:00-04:00,80.83000183105469,81.01000213623047,80.7750015258789,81.0,66872,0.0,0.0
2023-08-28 15:30:00-04:00,81.00499725341797,81.33000183105469,80.94999694824219,81.05500030517578,139183,0.0,0.0
2023-08-29 09:30:00-04:00,81.11000061035156,81.2699966430664,80.29000091552734,80.94999694824219,96139,0.0,0.0
2023-08-29 10:30:00-04:00,80.98999786376953,81.4800033569336,80.87000274658203,81.33999633789062,97919,0.0,0.0
2023-08-29 11:30:00-04:00,81.3499984741211,81.62000274658203,81.33000183105469,81.5,71205,0.0,0.0
2023-08-29 12:30:00-04:00,81.5,81.6500015258789,81.26000213623047,81.51000213623047,64368,0.0,0.0
2023-08-29 13:30:00-04:00,81.56999969482422,82.0999984741211,81.56999969482422,81.81999969482422,52942,0.0,0.0
2023-08-29 14:30:00-04:00,81.81999969482422,82.20999908447266,81.81999969482422,82.0999984741211,44843,0.0,0.0
2023-08-29 15:30:00-04:00,82.11499786376953,82.22000122070312,81.97000122070312,82.16999816894531,76798,0.0,0.0
2023-08-30 09:30:00-04:00,80.87000274658203,80.87000274658203,79.23999786376953,80.0,268561,0.0,0.0
2023-08-30 10:30:00-04:00,80.11000061035156,80.55999755859375,79.22000122070312,79.27999877929688,158841,0.0,0.0
2023-08-30 11:30:00-04:00,79.30999755859375,79.716796875,79.2699966430664,79.51499938964844,158509,0.0,0.0
2023-08-30 12:30:00-04:00,79.5,79.5,79.08000183105469,79.2300033569336,94206,0.0,0.0
2023-08-30 13:30:00-04:00,79.22000122070312,79.27999877929688,78.47000122070312,78.95999908447266,111262,0.0,0.0
2023-08-30 14:30:00-04:00,79.01000213623047,79.36000061035156,78.7300033569336,78.7300033569336,166028,0.0,0.0
2023-08-30 15:30:00-04:00,78.7300033569336,78.73500061035156,78.27999877929688,78.37999725341797,181695,0.0,0.0
2023-08-31 09:30:00-04:00,78.93000030517578,80.52999877929688,78.19000244140625,80.16000366210938,137877,0.0,0.0
2023-08-31 10:30:00-04:00,80.25,80.37000274658203,79.875,80.2300033569336,85429,0.0,0.0
2023-08-31 11:30:00-04:00,80.28500366210938,80.29000091552734,79.63999938964844,79.7699966430664,71744,0.0,0.0
2023-08-31 12:30:00-04:00,79.7300033569336,79.83000183105469,79.52999877929688,79.70999908447266,69455,0.0,0.0
2023-08-31 13:30:00-04:00,79.7300033569336,79.73999786376953,79.48999786376953,79.48999786376953,54156,0.0,0.0
2023-08-31 14:30:00-04:00,79.52999877929688,79.55000305175781,79.31999969482422,79.44000244140625,62204,0.0,0.0
2023-08-31 15:30:00-04:00,79.44999694824219,79.44999694824219,79.11000061035156,79.11000061035156,163326,0.0,0.0
2023-09-01 09:30:00-04:00,79.83999633789062,81.01000213623047,79.83999633789062,80.9800033569336,46493,0.0,0.0
2023-09-01 10:30:00-04:00,80.9800033569336,81.37000274658203,80.68000030517578,81.29499816894531,36502,0.0,0.0
2023-09-01 11:30:00-04:00,81.29000091552734,81.29000091552734,80.68499755859375,81.04000091552734,35334,0.0,0.0
2023-09-01 12:30:00-04:00,81.04000091552734,81.19999694824219,80.79000091552734,80.79000091552734,34237,0.0,0.0
2023-09-01 13:30:00-04:00,80.78679656982422,81.2300033569336,80.66000366210938,81.01000213623047,49936,0.0,0.0
2023-09-01 14:30:00-04:00,81.01499938964844,81.43000030517578,80.8499984741211,81.3550033569336,52353,0.0,0.0
2023-09-01 15:30:00-04:00,81.33999633789062,81.41000366210938,81.16999816894531,81.23999786376953,119703,0.0,0.0
2023-09-05 09:30:00-04:00,80.38999938964844,80.38999938964844,77.54000091552734,78.02999877929688,92826,0.0,0.0
2023-09-05 10:30:00-04:00,78.08000183105469,78.5199966430664,77.8499984741211,78.13999938964844,68982,0.0,0.0
2023-09-05 11:30:00-04:00,78.20989990234375,78.44999694824219,77.69000244140625,78.44999694824219,36915,0.0,0.0
2023-09-05 12:30:00-04:00,78.4000015258789,78.41999816894531,78.04499816894531,78.33000183105469,71678,0.0,0.0
2023-09-05 13:30:00-04:00,78.37000274658203,78.66999816894531,77.94000244140625,77.94999694824219,53313,0.0,0.0
2023-09-05 14:30:00-04:00,77.94999694824219,78.08999633789062,77.82499694824219,77.875,90127,0.0,0.0
2023-09-05 15:30:00-04:00,77.87999725341797,78.08000183105469,77.70999908447266,77.75,149858,0.0,0.0
2023-09-06 09:30:00-04:00,78.26000213623047,78.69000244140625,77.91999816894531,78.11000061035156,26144,0.0,0.0
2023-09-06 10:30:00-04:00,78.1500015258789,78.24500274658203,77.55999755859375,77.66000366210938,31778,0.0,0.0
2023-09-06 11:30:00-04:00,77.63999938964844,77.70999908447266,77.41000366210938,77.55999755859375,24290,0.0,0.0
2023-09-06 12:30:00-04:00,77.54000091552734,77.79000091552734,77.33000183105469,77.7699966430664,21974,0.0,0.0
2023-09-06 13:30:00-04:00,77.7699966430664,77.87999725341797,77.63999938964844,77.77999877929688,26325,0.0,0.0
2023-09-06 14:30:00-04:00,77.81999969482422,78.0,77.76499938964844,77.86000061035156,28315,0.0,0.0
2023-09-06 15:30:00-04:00,77.8550033569336,77.87999725341797,77.51000213623047,77.5199966430664,62737,0.0,0.0
2023-09-07 09:30:00-04:00,77.0,77.51000213623047,75.94999694824219,75.97000122070312,105031,0.0,0.0
2023-09-07 10:30:00-04:00,75.97000122070312,76.5,75.91000366210938,76.30000305175781,63902,0.0,0.0
2023-09-07 11:30:00-04:00,76.30500030517578,76.63500213623047,76.01000213623047,76.54000091552734,66814,0.0,0.0
2023-09-07 12:30:00-04:00,76.55000305175781,76.5999984741211,76.38999938964844,76.55500030517578,39174,0.0,0.0
2023-09-07 13:30:00-04:00,76.55999755859375,76.61000061035156,76.43000030517578,76.43000030517578,36817,0.0,0.0
2023-09-07 14:30:00-04:00,76.38500213623047,76.45999908447266,76.30000305175781,76.30500030517578,54748,0.0,0.0
2023-09-07 15:30:00-04:00,76.27999877929688,76.30500030517578,76.08000183105469,76.30000305175781,128448,0.0,0.0
2023-09-08 09:30:00-04:00,76.48999786376953,77.05000305175781,76.06999969482422,76.80000305175781,71204,0.0,0.0
2023-09-08 10:30:00-04:00,76.69499969482422,77.4000015258789,76.56999969482422,77.31500244140625,56727,0.0,0.0
2023-09-08 11:30:00-04:00,77.30000305175781,77.51000213623047,77.08000183105469,77.13999938964844,43046,0.0,0.0
2023-09-08 12:30:00-04:00,77.13500213623047,77.25,76.2300033569336,76.29000091552734,105097,0.0,0.0
2023-09-08 13:30:00-04:00,76.36499786376953,76.66500091552734,76.3499984741211,76.61499786376953,68061,0.0,0.0
2023-09-08 14:30:00-04:00,76.59500122070312,76.77999877929688,76.04000091552734,76.0999984741211,112519,0.0,0.0
2023-09-08 15:30:00-04:00,76.0999984741211,76.4000015258789,76.04000091552734,76.38999938964844,186132,0.0,0.0
2023-09-11 09:30:00-04:00,74.55000305175781,76.12000274658203,74.44999694824219,75.69999694824219,304828,0.0,0.0
2023-09-11 10:30:00-04:00,75.68000030517578,75.83999633789062,74.9800033569336,75.11000061035156,114123,0.0,0.0
2023-09-11 11:30:00-04:00,75.1050033569336,75.1500015258789,74.7699966430664,75.01000213623047,128769,0.0,0.0
2023-09-11 12:30:00-04:00,74.98500061035156,75.23999786376953,74.62000274658203,75.01000213623047,117791,0.0,0.0
2023-09-11 13:30:00-04:00,74.98999786376953,75.12999725341797,74.87000274658203,75.02999877929688,106910,0.0,0.0
2023-09-11 14:30:00-04:00,75.01499938964844,75.125,74.88500213623047,74.94999694824219,137939,0.0,0.0
2023-09-11 15:30:00-04:00,75.01000213623047,75.62000274658203,74.98999786376953,75.5,306892,0.0,0.0
2023-09-12 09:30:00-04:00,75.62999725341797,76.36000061035156,75.25,76.2750015258789,90346,0.0,0.0
2023-09-12 10:30:00-04:00,76.28500366210938,76.76000213623047,76.08000183105469,76.30000305175781,98247,0.0,0.0
2023-09-12 11:30:00-04:00,76.29000091552734,76.70999908447266,76.29000091552734,76.57350158691406,62898,0.0,0.0
2023-09-12 12:30:00-04:00,76.5999984741211,77.02999877929688,76.3375015258789,76.97000122070312,72125,0.0,0.0
2023-09-12 13:30:00-04:00,76.9800033569336,77.0,76.5999984741211,76.72000122070312,64174,0.0,0.0
2023-09-12 14:30:00-04:00,76.69999694824219,76.7300033569336,76.0199966430664,76.03500366210938,84560,0.0,0.0
2023-09-12 15:30:00-04:00,76.05000305175781,76.48999786376953,76.00499725341797,76.45999908447266,148911,0.0,0.0
2023-09-13 09:30:00-04:00,76.62000274658203,76.6500015258789,75.42500305175781,76.23999786376953,38014,0.0,0.0
2023-09-13 10:30:00-04:00,76.2699966430664,76.9749984741211,76.2300033569336,76.80000305175781,47141,0.0,0.0
2023-09-13 11:30:00-04:00,76.77999877929688,76.98999786376953,76.54000091552734,76.98999786376953,39218,0.0,0.0
2023-09-13 12:30:00-04:00,77.0199966430664,77.04499816894531,76.5999984741211,76.69000244140625,52964,0.0,0.0
2023-09-13 13:30:00-04:00,76.69000244140625,76.7699966430664,76.33000183105469,76.38999938964844,270020,0.0,0.0
2023-09-13 14:30:00-04:00,76.37000274658203,76.72000122070312,76.05000305175781,76.72000122070312,130982,0.0,0.0
2023-09-13 15:30:00-04:00,76.7300033569336,76.88999938964844,76.375,76.58000183105469,202346,0.0,0.0
2023-09-14 09:30:00-04:00,77.48999786376953,78.05000305175781,77.03500366210938,77.30000305175781,56650,0.0,0.0
2023-09-14 10:30:00-04:00,77.33999633789062,78.0199966430664,77.30000305175781,77.5199966430664,96552,0.0,0.0
2023-09-14 11:30:00-04:00,77.44999694824219,77.88999938964844,77.43379974365234,77.63999938964844,44334,0.0,0.0
2023-09-14 12:30:00-04:00,77.61000061035156,77.75,77.49099731445312,77.55999755859375,49728,0.0,0.0
2023-09-14 13:30:00-04:00,77.55000305175781,77.76499938964844,77.51000213623047,77.66999816894531,42273,0.0,0.0
2023-09-14 14:30:00-04:00,77.66999816894531,78.02999877929688,77.66999816894531,77.82499694824219,61624,0.0,0.0
2023-09-14 15:30:00-04:00,77.80000305175781,77.87000274658203,77.62000274658203,77.83000183105469,119085,0.0,0.0
2023-09-15 09:30:00-04:00,77.33000183105469,78.0,77.08999633789062,77.81999969482422,113135,0.0,0.0
2023-09-15 10:30:00-04:00,77.80999755859375,78.0199966430664,77.29000091552734,78.0,99890,0.0,0.0
2023-09-15 11:30:00-04:00,77.9800033569336,78.3949966430664,77.97000122070312,78.125,82446,0.0,0.0
2023-09-15 12:30:00-04:00,78.125,78.2249984741211,77.83499908447266,77.97000122070312,43769,0.0,0.0
2023-09-15 13:30:00-04:00,77.93000030517578,78.37999725341797,77.74500274658203,77.77999877929688,224303,0.0,0.0
2023-09-15 14:30:00-04:00,77.7750015258789,77.91000366210938,77.58000183105469,77.68499755859375,64592,0.0,0.0
2023-09-15 15:30:00-04:00,77.69000244140625,77.69999694824219,77.34500122070312,77.44000244140625,138658,0.0,0.0
2023-09-18 09:30:00-04:00,77.45999908447266,78.43000030517578,76.56999969482422,77.45999908447266,76438,0.0,0.0
2023-09-18 10:30:00-04:00,77.45999908447266,77.79000091552734,77.0,77.3499984741211,45088,0.0,0.0
2023-09-18 11:30:00-04:00,77.37999725341797,77.55000305175781,75.23999786376953,75.99250030517578,246252,0.0,0.0
2023-09-18 12:30:00-04:00,76.01000213623047,76.48999786376953,75.83000183105469,76.33499908447266,48914,0.0,0.0
2023-09-18 13:30:00-04:00,76.33499908447266,76.3499984741211,75.83999633789062,75.94000244140625,46754,0.0,0.0
2023-09-18 14:30:00-04:00,75.94999694824219,76.26000213623047,75.80000305175781,76.19999694824219,79452,0.0,0.0
2023-09-18 15:30:00-04:00,76.19999694824219,76.48999786376953,76.08999633789062,76.27999877929688,98669,0.0,0.0
2023-09-19 09:30:00-04:00,76.0,77.27999877929688,75.88999938964844,76.5,0,0.0,0.0
2023-09-19 10:30:00-04:00,76.44999694824219,77.29000091552734,76.32009887695312,77.29000091552734,115971,0.0,0.0
2023-09-19 11:30:00-04:00,77.23999786376953,77.29499816894531,77.05999755859375,77.0999984741211,49599,0.0,0.0
2023-09-19 12:30:00-04:00,77.08000183105469,77.58999633789062,76.94000244140625,77.53500366210938,73157,0.0,0.0
2023-09-19 13:30:00-04:00,77.55999755859375,78.05999755859375,77.4000015258789,77.80500030517578,119363,0.0,0.0
2023-09-19 14:30:00-04:00,77.80000305175781,77.88999938964844,77.55999755859375,77.65499877929688,96257,0.0,0.0
2023-09-19 15:30:00-04:00,77.58999633789062,77.62999725341797,77.16000366210938,77.33000183105469,215485,0.0,0.0
2023-09-20 09:30:00-04:00,77.7699966430664,79.01000213623047,77.7699966430664,78.8949966430664,80397,0.0,0.0
2023-09-20 10:30:00-04:00,78.81999969482422,79.30999755859375,78.73999786376953,79.06999969482422,107859,0.0,0.0
2023-09-20 11:30:00-04:00,79.0999984741211,79.0999984741211,78.63999938964844,78.86000061035156,110103,0.0,0.0
2023-09-20 12:30:00-04:00,78.83999633789062,78.98999786376953,78.56999969482422,78.82499694824219,60266,0.0,0.0
2023-09-20 13:30:00-04:00,78.81999969482422,78.95999908447266,78.65499877929688,78.83999633789062,123680,0.0,0.0
2023-09-20 14:30:00-04:00,78.77999877929688,78.91999816894531,78.05000305175781,78.37999725341797,112321,0.0,0.0
2023-09-20 15:30:00-04:00,78.38480377197266,78.5199966430664,78.13999938964844,78.41000366210938,257246,0.0,0.0
2023-09-21 09:30:00-04:00,77.47000122070312,78.20999908447266,76.9800033569336,77.91999816894531,94167,0.0,0.0
2023-09-21 10:30:00-04:00,77.91500091552734,77.94999694824219,77.18000030517578,77.50499725341797,98280,0.0,0.0
2023-09-21 11:30:00-04:00,77.54000091552734,78.20999908447266,77.5199966430664,78.17500305175781,84691,0.0,0.0
2023-09-21 12:30:00-04:00,78.18000030517578,78.47000122070312,78.0,78.37000274658203,62039,0.0,0.0
2023-09-21 13:30:00-04:00,78.3499984741211,78.58999633789062,78.28500366210938,78.56999969482422,58381,0.0,0.0
2023-09-21 14:30:00-04:00,78.54000091552734,78.75,78.19999694824219,78.44999694824219,122738,0.0,0.0
2023-09-21 15:30:00-04:00,78.44999694824219,78.70999908447266,78.1500015258789,78.18000030517578,201628,0.0,0.0
2023-09-22 09:30:00-04:00,78.44000244140625,78.76000213623047,77.80999755859375,77.98999786376953,62278,0.0,0.0
2023-09-22 10:30:00-04:00,77.99500274658203,78.22000122070312,77.83000183105469,77.93000030517578,41820,0.0,0.0
2023-09-22 11:30:00-04:00,78.0,78.33499908447266,77.95999908447266,78.31999969482422,73291,0.0,0.0
2023-09-22 12:30:00-04:00,78.31999969482422,78.49189758300781,78.20500183105469,78.32499694824219,61791,0.0,0.0
2023-09-22 13:30:00-04:00,78.33000183105469,78.52999877929688,78.30000305175781,78.45999908447266,115492,0.0,0.0
2023-09-22 14:30:00-04:00,78.41999816894531,78.77999877929688,78.4000015258789,78.75,185975,0.0,0.0
2023-09-22 15:30:00-04:00,78.70999908447266,78.75,78.5,78.52999877929688,178873,0.0,0.0
2023-09-25 09:30:00-04:00,78.20999908447266,79.30999755859375,78.04000091552734,78.79000091552734,67690,0.0,0.0
2023-09-25 10:30:00-04:00,78.78500366210938,79.41000366210938,78.62000274658203,79.1500015258789,38654,0.0,0.0
2023-09-25 11:30:00-04:00,79.23999786376953,79.52749633789062,79.18000030517578,79.52749633789062,67597,0.0,0.0
2023-09-25 12:30:00-04:00,79.51499938964844,79.63999938964844,79.20999908447266,79.55000305175781,63932,0.0,0.0
2023-09-25 13:30:00-04:00,79.63999938964844,79.63999938964844,79.37000274658203,79.41000366210938,44197,0.0,0.0
2023-09-25 14:30:00-04:00,79.37000274658203,79.55999755859375,79.1500015258789,79.44000244140625,55472,0.0,0.0
2023-09-25 15:30:00-04:00,79.43499755859375,79.61000061035156,79.32499694824219,79.5199966430664,142046,0.0,0.0
2023-09-26 09:30:00-04:00,78.66999816894531,79.04000091552734,78.4800033569336,78.8499984741211,53712,0.0,0.0
2023-09-26 10:30:00-04:00,78.87000274658203,79.16999816894531,78.6449966430664,78.88500213623047,47488,0.0,0.0
2023-09-26 11:30:00-04:00,78.875,79.0,78.7300033569336,78.9000015258789,34906,0.0,0.0
2023-09-26 12:30:00-04:00,78.9000015258789,79.04000091552734,78.58999633789062,78.71499633789062,69516,0.0,0.0
2023-09-26 13:30:00-04:00,78.71499633789062,79.0199966430664,78.69999694824219,78.91999816894531,187147,0.0,0.0
2023-09-26 14:30:00-04:00,78.88999938964844,79.12000274658203,78.79000091552734,78.88500213623047,147246,0.0,0.0
2023-09-26 15:30:00-04:00,78.87000274658203,78.94999694824219,78.3499984741211,78.3499984741211,191326,0.0,0.0
2023-09-27 09:30:00-04:00,78.29000091552734,78.55999755859375,77.41999816894531,78.0199966430664,65144,0.0,0.0
2023-09-27 10:30:00-04:00,77.94999694824219,78.1500015258789,77.69000244140625,78.06999969482422,52286,0.0,0.0
2023-09-27 11:30:00-04:00,78.12000274658203,78.27999877929688,77.83000183105469,77.8499984741211,64694,0.0,0.0
2023-09-27 12:30:00-04:00,77.88999938964844,78.08999633789062,77.62000274658203,77.87999725341797,76895,0.0,0.0
2023-09-27 13:30:00-04:00,77.88999938964844,77.9800033569336,77.69999694824219,77.96499633789062,125853,0.0,0.0
2023-09-27 14:30:00-04:00,78.02999877929688,78.55999755859375,78.02999877929688,78.15499877929688,46649,0.0,0.0
2023-09-27 15:30:00-04:00,78.12999725341797,78.2300033569336,77.87000274658203,78.2300033569336,122638,0.0,0.0
2023-09-28 09:30:00-04:00,78.08999633789062,78.67500305175781,77.79000091552734,77.81999969482422,58758,0.0,0.0
2023-09-28 10:30:00-04:00,77.77999877929688,78.83999633789062,77.63999938964844,78.83999633789062,56771,0.0,0.0
2023-09-28 11:30:00-04:00,78.83499908447266,79.43000030517578,78.79000091552734,79.2699966430664,66116,0.0,0.0
2023-09-28 12:30:00-04:00,79.31500244140625,79.51000213623047,79.16999816894531,79.19000244140625,45850,0.0,0.0
2023-09-28 13:30:00-04:00,79.16999816894531,79.27999877929688,79.02999877929688,79.22000122070312,56377,0.0,0.0
2023-09-28 14:30:00-04:00,79.19000244140625,79.25,78.91999816894531,79.20999908447266,62704,0.0,0.0
2023-09-28 15:30:00-04:00,79.2300033569336,79.23500061035156,78.72000122070312,78.98999786376953,89529,0.0,0.0
2023-09-29 09:30:00-04:00,79.87999725341797,80.30000305175781,78.91000366210938,79.02999877929688,71998,0.0,0.0
2023-09-29 10:30:00-04:00,79.12000274658203,79.47250366210938,78.91000366210938,79.06999969482422,35762,0.0,0.0
2023-09-29 11:30:00-04:00,79.06999969482422,79.5875015258789,79.0,79.41000366210938,39116,0.0,0.0
2023-09-29 12:30:00-04:00,79.4000015258789,79.4375,78.66999816894531,79.04000091552734,24034,0.0,0.0
2023-09-29 13:30:00-04:00,78.98999786376953,79.01000213623047,78.60150146484375,78.75,45147,0.0,0.0
2023-09-29 14:30:00-04:00,78.75499725341797,79.22000122070312,78.62999725341797,79.18499755859375,49868,0.0,0.0
2023-09-29 15:30:00-04:00,79.18000030517578,79.30000305175781,78.88999938964844,78.97000122070312,89330,0.0,0.0
2023-10-02 09:30:00-04:00,78.87999725341797,79.58000183105469,78.69999694824219,79.22000122070312,44994,0.0,0.0
2023-10-02 10:30:00-04:00,79.16000366210938,79.29000091552734,78.75,79.1500015258789,38368,0.0,0.0
2023-10-02 11:30:00-04:00,79.20999908447266,79.31999969482422,78.77999877929688,78.86000061035156,37612,0.0,0.0
2023-10-02 12:30:00-04:00,78.8550033569336,78.8550033569336,78.31999969482422,78.66000366210938,24836,0.0,0.0
2023-10-02 13:30:00-04:00,78.67500305175781,78.97000122070312,78.57599639892578,78.57599639892578,35177,0.0,0.0
2023-10-02 14:30:00-04:00,78.55999755859375,78.94999694824219,78.52999877929688,78.83499908447266,64402,0.0,0.0
2023-10-02 15:30:00-04:00,78.80000305175781,79.01000213623047,78.61000061035156,78.86000061035156,108203,0.0,0.0
2023-10-03 09:30:00-04:00,78.1500015258789,78.16999816894531,76.41999816894531,76.41999816894531,123314,0.0,0.0
2023-10-03 10:30:00-04:00,76.41999816894531,76.5999984741211,75.98500061035156,76.18499755859375,90648,0.0,0.0
2023-10-03 11:30:00-04:00,76.19000244140625,76.66000366210938,75.9000015258789,76.27999877929688,90955,0.0,0.0
2023-10-03 12:30:00-04:00,76.33000183105469,76.77999877929688,76.0999984741211,76.30500030517578,49387,0.0,0.0
2023-10-03 13:30:00-04:00,76.30500030517578,76.30500030517578,75.77999877929688,75.81999969482422,65114,0.0,0.0
2023-10-03 14:30:00-04:00,75.84500122070312,76.26000213623047,75.83999633789062,76.08499908447266,104367,0.0,0.0
2023-10-03 15:30:00-04:00,76.08999633789062,76.37999725341797,75.91999816894531,75.9800033569336,222682,0.0,0.0
2023-10-04 09:30:00-04:00,75.94000244140625,76.72000122070312,75.04000091552734,75.19999694824219,91125,0.0,0.0
2023-10-04 10:30:00-04:00,75.04499816894531,75.7699966430664,75.04000091552734,75.6449966430664,101795,0.0,0.0
2023-10-04 11:30:00-04:00,75.5999984741211,76.38999938964844,75.5999984741211,76.38999938964844,59298,0.0,0.0
2023-10-04 12:30:00-04:00,76.38999938964844,76.55999755859375,76.19999694824219,76.25,52144,0.0,0.0
2023-10-04 13:30:00-04:00,76.29000091552734,76.62999725341797,76.19999694824219,76.3499984741211,70835,0.0,0.0
2023-10-04 14:30:00-04:00,76.34500122070312,76.76000213623047,76.08499908447266,76.48999786376953,105920,0.0,0.0
2023-10-04 15:30:00-04:00,76.52999877929688,76.61000061035156,76.20999908447266,76.27999877929688,159241,0.0,0.0
2023-10-05 09:30:00-04:00,75.8499984741211,76.36620330810547,74.8499984741211,75.16500091552734,100259,0.0,0.0
2023-10-05 10:30:00-04:00,75.16500091552734,75.16500091552734,73.94000244140625,74.13999938964844,94878,0.0,0.0
2023-10-05 11:30:00-04:00,74.12000274658203,74.58000183105469,74.0999984741211,74.43000030517578,52153,0.0,0.0
2023-10-05 12:30:00-04:00,74.51000213623047,74.51000213623047,74.04000091552734,74.15499877929688,38620,0.0,0.0
2023-10-05 13:30:00-04:00,74.15499877929688,74.41999816894531,74.0199966430664,74.19000244140625,109893,0.0,0.0
2023-10-05 14:30:00-04:00,74.18000030517578,74.51000213623047,74.08999633789062,74.17500305175781,138766,0.0,0.0
2023-10-05 15:30:00-04:00,74.16500091552734,74.27999877929688,73.83000183105469,73.91999816894531,261914,0.0,0.0
2023-10-06 09:30:00-04:00,73.55999755859375,74.06999969482422,72.58499908447266,73.12999725341797,69386,0.0,0.0
2023-10-06 10:30:00-04:00,73.13500213623047,73.62000274658203,73.12999725341797,73.62000274658203,76406,0.0,0.0
2023-10-06 11:30:00-04:00,73.68000030517578,74.91000366210938,73.66999816894531,74.22000122070312,98134,0.0,0.0
2023-10-06 12:30:00-04:00,74.25,74.25990295410156,73.7699966430664,73.86000061035156,61852,0.0,0.0
2023-10-06 13:30:00-04:00,73.91500091552734,74.47000122070312,73.73999786376953,74.47000122070312,76300,0.0,0.0
2023-10-06 14:30:00-04:00,74.52999877929688,74.70999908447266,74.30999755859375,74.43499755859375,64398,0.0,0.0
2023-10-06 15:30:00-04:00,74.44999694824219,74.54000091552734,74.18000030517578,74.20999908447266,139855,0.0,0.0
2023-10-09 09:30:00-04:00,73.37999725341797,73.83000183105469,72.62999725341797,72.94000244140625,44349,0.0,0.0
2023-10-09 10:30:00-04:00,72.9800033569336,73.4800033569336,72.94000244140625,73.4749984741211,27825,0.0,0.0
2023-10-09 11:30:00-04:00,73.47000122070312,73.69999694824219,73.29000091552734,73.51000213623047,28477,0.0,0.0
2023-10-09 12:30:00-04:00,73.5,73.5999984741211,73.33000183105469,73.5999984741211,24344,0.0,0.0
2023-10-09 13:30:00-04:00,73.6449966430664,74.36499786376953,73.56999969482422,74.36499786376953,38270,0.0,0.0
2023-10-09 14:30:00-04:00,74.38999938964844,74.83000183105469,74.37999725341797,74.83000183105469,48090,0.0,0.0
2023-10-09 15:30:00-04:00,74.80999755859375,74.81500244140625,74.48999786376953,74.69000244140625,127882,0.0,0.0
2023-10-10 09:30:00-04:00,75.18000030517578,76.0999984741211,74.80999755859375,75.88999938964844,69050,0.0,0.0
2023-10-10 10:30:00-04:00,75.83000183105469,76.20999908447266,75.73999786376953,76.07990264892578,43023,0.0,0.0
2023-10-10 11:30:00-04:00,76.09500122070312,76.09500122070312,75.88999938964844,76.08999633789062,34990,0.0,0.0
2023-10-10 12:30:00-04:00,76.08499908447266,76.23989868164062,75.81999969482422,75.91999816894531,42971,0.0,0.0
2023-10-10 13:30:00-04:00,75.91999816894531,76.16999816894531,75.83000183105469,75.95770263671875,49262,0.0,0.0
2023-10-10 14:30:00-04:00,75.97000122070312,76.0999984741211,75.87000274658203,76.0,66145,0.0,0.0
2023-10-10 15:30:00-04:00,76.02999877929688,76.19000244140625,75.93000030517578,76.0999984741211,124983,0.0,0.0
2023-10-11 09:30:00-04:00,76.04000091552734,76.95500183105469,75.87000274658203,75.94000244140625,82834,0.0,0.0
2023-10-11 10:30:00-04:00,75.94999694824219,76.55500030517578,75.76000213623047,76.0739974975586,37034,0.0,0.0
2023-10-11 11:30:00-04:00,76.02999877929688,76.13999938964844,75.66000366210938,75.69000244140625,56744,0.0,0.0
2023-10-11 12:30:00-04:00,75.69000244140625,75.75,75.37999725341797,75.69000244140625,45909,0.0,0.0
2023-10-11 13:30:00-04:00,75.69000244140625,75.8125,75.58999633789062,75.6500015258789,86390,0.0,0.0
2023-10-11 14:30:00-04:00,75.70999908447266,75.93000030517578,75.58999633789062,75.72000122070312,84720,0.0,0.0
2023-10-11 15:30:00-04:00,75.73500061035156,75.91999816894531,75.69499969482422,75.7699966430664,195108,0.0,0.0
2023-10-12 09:30:00-04:00,75.83999633789062,75.83999633789062,74.0,74.51000213623047,42946,0.0,0.0
2023-10-12 10:30:00-04:00,74.45999908447266,74.62000274658203,73.80999755859375,74.2750015258789,30459,0.0,0.0
2023-10-12 11:30:00-04:00,74.19999694824219,74.55999755859375,73.72000122070312,74.51499938964844,61757,0.0,0.0
2023-10-12 12:30:00-04:00,74.4800033569336,74.56490325927734,73.41999816894531,73.41999816894531,26197,0.0,0.0
2023-10-12 13:30:00-04:00,73.4000015258789,73.75,73.31999969482422,73.73999786376953,36016,0.0,0.0
2023-10-12 14:30:00-04:00,73.7750015258789,73.87000274658203,73.55999755859375,73.66000366210938,53963,0.0,0.0
2023-10-12 15:30:00-04:00,73.67500305175781,74.30000305175781,73.66500091552734,74.19000244140625,172666,0.0,0.0
2023-10-13 09:30:00-04:00,74.0999984741211,74.43000030517578,73.52999877929688,73.73999786376953,38818,0.0,0.0
2023-10-13 10:30:00-04:00,73.73999786376953,74.13999938964844,73.62999725341797,73.87000274658203,33760,0.0,0.0
2023-10-13 11:30:00-04:00,73.87999725341797,74.3499984741211,73.7699966430664,74.3499984741211,32654,0.0,0.0
2023-10-13 12:30:00-04:00,74.31999969482422,74.4800033569336,74.02999877929688,74.08000183105469,33617,0.0,0.0
2023-10-13 13:30:00-04:00,74.04000091552734,74.34249877929688,73.9800033569336,74.01000213623047,36980,0.0,0.0
2023-10-13 14:30:00-04:00,73.98999786376953,74.05999755859375,73.5999984741211,73.61000061035156,48856,0.0,0.0
2023-10-13 15:30:00-04:00,73.62000274658203,73.97000122070312,73.55500030517578,73.94999694824219,89700,0.0,0.0
2023-10-16 09:30:00-04:00,75.02999877929688,75.70999908447266,74.20999908447266,75.26000213623047,88947,0.0,0.0
2023-10-16 10:30:00-04:00,75.22000122070312,75.5,75.13999938964844,75.2750015258789,47902,0.0,0.0
2023-10-16 11:30:00-04:00,75.30000305175781,75.3499984741211,75.04000091552734,75.2249984741211,76785,0.0,0.0
2023-10-16 12:30:00-04:00,75.23999786376953,75.26499938964844,74.7750015258789,75.05999755859375,47169,0.0,0.0
2023-10-16 13:30:00-04:00,75.01000213623047,75.33999633789062,74.95999908447266,74.95999908447266,101463,0.0,0.0
2023-10-16 14:30:00-04:00,74.94999694824219,75.11000061035156,74.88999938964844,75.05000305175781,45062,0.0,0.0
2023-10-16 15:30:00-04:00,75.08999633789062,75.08999633789062,74.72000122070312,74.7699966430664,122224,0.0,0.0
2023-10-17 09:30:00-04:00,74.06999969482422,75.87000274658203,74.06999969482422,75.80999755859375,70310,0.0,0.0
2023-10-17 10:30:00-04:00,75.73999786376953,75.83999633789062,75.4000015258789,75.73999786376953,80788,0.0,0.0
2023-10-17 11:30:00-04:00,75.7699966430664,76.05999755859375,75.69000244140625,76.0199966430664,103834,0.0,0.0
2023-10-17 12:30:00-04:00,76.0199966430664,76.04000091552734,75.46009826660156,75.80999755859375,45677,0.0,0.0
2023-10-17 13:30:00-04:00,75.83000183105469,75.86000061035156,75.58000183105469,75.7750015258789,57068,0.0,0.0
2023-10-17 14:30:00-04:00,75.7699966430664,76.23999786376953,75.7300033569336,76.08999633789062,105225,0.0,0.0
2023-10-17 15:30:00-04:00,76.08999633789062,76.12000274658203,75.72000122070312,75.81999969482422,123365,0.0,0.0
2023-10-18 09:30:00-04:00,74.55999755859375,74.98999786376953,73.7699966430664,74.81999969482422,52529,0.0,0.0
2023-10-18 10:30:00-04:00,74.81999969482422,74.94999694824219,73.91000366210938,74.36000061035156,46136,0.0,0.0
2023-10-18 11:30:00-04:00,74.44000244140625,74.45999908447266,73.86000061035156,73.86000061035156,32444,0.0,0.0
2023-10-18 12:30:00-04:00,73.94999694824219,74.54000091552734,73.91999816894531,74.36000061035156,52667,0.0,0.0
2023-10-18 13:30:00-04:00,74.36000061035156,74.45999908447266,74.05000305175781,74.27999877929688,39058,0.0,0.0
2023-10-18 14:30:00-04:00,74.31999969482422,74.4000015258789,73.86000061035156,73.86000061035156,50199,0.0,0.0
2023-10-18 15:30:00-04:00,73.86499786376953,73.95999908447266,73.72000122070312,73.7699966430664,163189,0.0,0.0
2023-10-19 09:30:00-04:00,73.58000183105469,73.58000183105469,72.72000122070312,73.2300033569336,66745,0.0,0.0
2023-10-19 10:30:00-04:00,73.16999816894531,73.48999786376953,73.05000305175781,73.4800033569336,38622,0.0,0.0
2023-10-19 11:30:00-04:00,73.47000122070312,74.0250015258789,73.33000183105469,73.75,63654,0.0,0.0
2023-10-19 12:30:00-04:00,73.73999786376953,74.18000030517578,73.37000274658203,73.93000030517578,51037,0.0,0.0
2023-10-19 13:30:00-04:00,73.97000122070312,74.0199966430664,73.2699966430664,73.33999633789062,57799,0.0,0.0
2023-10-19 14:30:00-04:00,73.27999877929688,73.29000091552734,72.63999938964844,72.69000244140625,72313,0.0,0.0
2023-10-19 15:30:00-04:00,72.69999694824219,72.87999725341797,72.56999969482422,72.69000244140625,131830,0.0,0.0
2023-10-20 09:30:00-04:00,72.66999816894531,72.69000244140625,71.86000061035156,72.25990295410156,71314,0.0,0.0
2023-10-20 10:30:00-04:00,72.21479797363281,72.66500091552734,72.0,72.01000213623047,76169,0.0,0.0
2023-10-20 11:30:00-04:00,72.0,72.41999816894531,71.9000015258789,72.12999725341797,76360,0.0,0.0
2023-10-20 12:30:00-04:00,72.12999725341797,72.4800033569336,71.98999786376953,72.26000213623047,52625,0.0,0.0
2023-10-20 13:30:00-04:00,72.2699966430664,72.36990356445312,71.80999755859375,71.84249877929688,56806,0.0,0.0
2023-10-20 14:30:00-04:00,71.81999969482422,72.07499694824219,71.81999969482422,71.93000030517578,79155,0.0,0.0
2023-10-20 15:30:00-04:00,71.93499755859375,72.08000183105469,71.69000244140625,72.05999755859375,193487,0.0,0.0
2023-10-23 09:30:00-04:00,71.93000030517578,72.3550033569336,71.47000122070312,72.16999816894531,63112,0.0,0.0
2023-10-23 10:30:00-04:00,72.05000305175781,72.0999984741211,71.7699966430664,71.91000366210938,42244,0.0,0.0
2023-10-23 11:30:00-04:00,71.92500305175781,72.27999877929688,71.87000274658203,72.05999755859375,33481,0.0,0.0
2023-10-23 12:30:00-04:00,72.05999755859375,72.2699966430664,71.87999725341797,71.9000015258789,30287,0.0,0.0
2023-10-23 13:30:00-04:00,71.88999938964844,71.9000015258789,71.44999694824219,71.61000061035156,47506,0.0,0.0
2023-10-23 14:30:00-04:00,71.5999984741211,71.66999816894531,70.91500091552734,70.91500091552734,60918,0.0,0.0
2023-10-23 15:30:00-04:00,70.91999816894531,71.0999984741211,70.87999725341797,71.0,108345,0.0,0.0
2023-10-24 09:30:00-04:00,71.16999816894531,71.38500213623047,69.91000366210938,70.5,108676,0.0,0.0
2023-10-24 10:30:00-04:00,70.4800033569336,70.68000030517578,70.08000183105469,70.0999984741211,113376,0.0,0.0
2023-10-24 11:30:00-04:00,70.08999633789062,70.12999725341797,69.2699966430664,69.2699966430664,94906,0.0,0.0
2023-10-24 12:30:00-04:00,69.31500244140625,69.80999755859375,69.16000366210938,69.68000030517578,88717,0.0,0.0
2023-10-24 13:30:00-04:00,69.69499969482422,69.79000091552734,69.33999633789062,69.51499938964844,57266,0.0,0.0
2023-10-24 14:30:00-04:00,69.5199966430664,69.7699966430664,69.47000122070312,69.69999694824219,103402,0.0,0.0
2023-10-24 15:30:00-04:00,69.71499633789062,69.71499633789062,69.44000244140625,69.44000244140625,256276,0.0,0.0
2023-10-25 09:30:00-04:00,68.80000305175781,69.46900177001953,67.76000213623047,68.02999877929688,200657,0.0,0.0
2023-10-25 10:30:00-04:00,68.0199966430664,69.12000274658203,67.9000015258789,68.80999755859375,165316,0.0,0.0
2023-10-25 11:30:00-04:00,68.87999725341797,68.87999725341797,68.44000244140625,68.77999877929688,80390,0.0,0.0
2023-10-25 12:30:00-04:00,68.78500366210938,68.9749984741211,68.62999725341797,68.9000015258789,123668,0.0,0.0
2023-10-25 13:30:00-04:00,68.87000274658203,69.26499938964844,68.80000305175781,69.0199966430664,152675,0.0,0.0
2023-10-25 14:30:00-04:00,69.0199966430664,69.02999877929688,68.58999633789062,68.92250061035156,154187,0.0,0.0
2023-10-25 15:30:00-04:00,68.87999725341797,68.93000030517578,68.66000366210938,68.75,316676,0.0,0.0
2023-10-26 09:30:00-04:00,70.58000183105469,70.68000030517578,66.47000122070312,67.98500061035156,264772,0.0,0.0
2023-10-26 10:30:00-04:00,68.00499725341797,69.72000122070312,67.72000122070312,69.38999938964844,168445,0.0,0.0
2023-10-26 11:30:00-04:00,69.48999786376953,69.79000091552734,68.25,68.33499908447266,142071,0.0,0.0
2023-10-26 12:30:00-04:00,68.38999938964844,68.55999755859375,67.58999633789062,67.58999633789062,116514,0.0,0.0
2023-10-26 13:30:00-04:00,67.56999969482422,68.26000213623047,67.46499633789062,68.26000213623047,75127,0.0,0.0
2023-10-26 14:30:00-04:00,68.20999908447266,68.70999908447266,68.0199966430664,68.26000213623047,160294,0.0,0.0
2023-10-26 15:30:00-04:00,68.19999694824219,68.3499984741211,67.8550033569336,67.9000015258789,232567,0.0,0.0
2023-10-27 09:30:00-04:00,67.9000015258789,69.1500015258789,67.80000305175781,69.1500015258789,91980,0.0,0.0
2023-10-27 10:30:00-04:00,69.16999816894531,69.44000244140625,68.92500305175781,69.20999908447266,88425,0.0,0.0
2023-10-27 11:30:00-04:00,69.17500305175781,69.25,68.7699966430664,68.9000015258789,67110,0.0,0.0
2023-10-27 12:30:00-04:00,68.87000274658203,68.97000122070312,68.33999633789062,68.44999694824219,64652,0.0,0.0
2023-10-27 13:30:00-04:00,68.45999908447266,68.55999755859375,68.32499694824219,68.43000030517578,71482,0.0,0.0
2023-10-27 14:30:00-04:00,68.41000366210938,68.61000061035156,68.08999633789062,68.29499816894531,114934,0.0,0.0
2023-10-27 15:30:00-04:00,68.2699966430664,68.33000183105469,68.08999633789062,68.08999633789062,204521,0.0,0.0
2023-10-30 09:30:00-04:00,68.91000366210938,69.56500244140625,68.0999984741211,68.11000061035156,95827,0.0,0.0
2023-10-30 10:30:00-04:00,68.03500366210938,68.19999694824219,67.29499816894531,67.5,86672,0.0,0.0
2023-10-30 11:30:00-04:00,67.54000091552734,67.5999984741211,67.18000030517578,67.23999786376953,59419,0.0,0.0
2023-10-30 12:30:00-04:00,67.25,67.48999786376953,67.19999694824219,67.43289947509766,62363,0.0,0.0
2023-10-30 13:30:00-04:00,67.45999908447266,67.67970275878906,67.41999816894531,67.58999633789062,59880,0.0,0.0
2023-10-30 14:30:00-04:00,67.58999633789062,67.83999633789062,67.48999786376953,67.77290344238281,77300,0.0,0.0
2023-10-30 15:30:00-04:00,67.76000213623047,67.87000274658203,67.61000061035156,67.8499984741211,144044,0.0,0.0
2023-10-31 09:30:00-04:00,68.30999755859375,69.30000305175781,68.26499938964844,68.82499694824219,129615,0.0,0.0
2023-10-31 10:30:00-04:00,68.9000015258789,69.62000274658203,68.5199966430664,69.48500061035156,79223,0.0,0.0
2023-10-31 11:30:00-04:00,69.5,69.75,69.2300033569336,69.27999877929688,51775,0.0,0.0
2023-10-31 12:30:00-04:00,69.33999633789062,69.54000091552734,69.19000244140625,69.4800033569336,35740,0.0,0.0
2023-10-31 13:30:00-04:00,69.52999877929688,69.87999725341797,69.375,69.83999633789062,57624,0.0,0.0
2023-10-31 14:30:00-04:00,69.84500122070312,70.01000213623047,69.77010345458984,69.91999816894531,89883,0.0,0.0
2023-10-31 15:30:00-04:00,69.91000366210938,69.91000366210938,69.41999816894531,69.41999816894531,195794,0.0,0.0
2023-11-01 09:30:00-04:00,68.93000030517578,68.93000030517578,67.94999694824219,68.58000183105469,40600,0.0,0.0
2023-11-01 10:30:00-04:00,68.58699798583984,69.04499816894531,68.5780029296875,69.0,39559,0.0,0.0
2023-11-01 11:30:00-04:00,69.0,69.12000274658203,68.868896484375,69.0199966430664,38191,0.0,0.0
2023-11-01 12:30:00-04:00,69.06500244140625,69.06999969482422,68.71499633789062,68.75,35887,0.0,0.0
2023-11-01 13:30:00-04:00,68.75,69.27999877929688,68.73999786376953,69.09500122070312,66781,0.0,0.0
2023-11-01 14:30:00-04:00,69.12000274658203,70.02999877929688,68.95999908447266,69.91000366210938,150403,0.0,0.0
2023-11-01 15:30:00-04:00,69.88999938964844,70.16000366210938,69.82499694824219,69.94999694824219,120006,0.0,0.0
2023-11-02 09:30:00-04:00,71.19999694824219,72.23999786376953,71.19999694824219,71.58000183105469,100792,0.0,0.0
2023-11-02 10:30:00-04:00,71.58000183105469,72.25,71.50499725341797,72.0,107868,0.0,0.0
2023-11-02 11:30:00-04:00,71.9800033569336,72.01000213623047,71.44999694824219,71.48999786376953,109481,0.0,0.0
2023-11-02 12:30:00-04:00,71.5,71.86000061035156,71.45999908447266,71.73500061035156,73604,0.0,0.0
2023-11-02 13:30:00-04:00,71.73500061035156,72.19000244140625,71.72000122070312,72.18499755859375,109647,0.0,0.0
2023-11-02 14:30:00-04:00,72.18499755859375,72.5,72.12999725341797,72.22000122070312,144107,0.0,0.0
2023-11-02 15:30:00-04:00,72.23500061035156,72.44000244140625,72.13999938964844,72.19999694824219,176095,0.0,0.0
2023-11-03 09:30:00-04:00,73.7699966430664,74.48999786376953,72.66999816894531,74.13999938964844,62276,0.0,0.0
2023-11-03 10:30:00-04:00,74.2020034790039,74.2020034790039,73.67500305175781,73.88500213623047,45928,0.0,0.0
2023-11-03 11:30:00-04:00,73.94999694824219,74.44999694824219,73.91999816894531,74.32820129394531,59652,0.0,0.0
2023-11-03 12:30:00-04:00,74.3499984741211,74.4000015258789,74.0,74.08999633789062,80328,0.0,0.0
2023-11-03 13:30:00-04:00,74.12999725341797,74.63999938964844,74.12999725341797,74.5999984741211,54194,0.0,0.0
2023-11-03 14:30:00-04:00,74.59500122070312,74.92500305175781,74.56999969482422,74.92500305175781,86202,0.0,0.0
2023-11-03 15:30:00-04:00,74.91500091552734,74.91500091552734,74.5250015258789,74.7699966430664,231438,0.0,0.0
2023-11-06 09:30:00-05:00,74.5999984741211,74.76000213623047,73.12000274658203,73.29000091552734,64928,0.0,0.0
2023-11-06 10:30:00-05:00,73.18499755859375,73.41000366210938,72.91999816894531,73.07499694824219,84213,0.0,0.0
2023-11-06 11:30:00-05:00,73.07499694824219,73.16000366210938,72.73999786376953,72.80999755859375,58673,0.0,0.0
2023-11-06 12:30:00-05:00,72.81999969482422,72.91000366210938,72.65499877929688,72.8499984741211,78976,0.0,0.0
2023-11-06 13:30:00-05:00,72.8949966430664,73.0199966430664,72.48999786376953,72.69499969482422,46679,0.0,0.0
2023-11-06 14:30:00-05:00,72.69499969482422,72.8499984741211,72.49500274658203,72.52999877929688,69893,0.0,0.0
2023-11-06 15:30:00-05:00,72.53500366210938,72.77999877929688,72.51499938964844,72.61000061035156,179109,0.0,0.0
2023-11-07 09:30:00-05:00,72.16999816894531,72.77999877929688,72.16999816894531,72.50499725341797,59904,0.0,0.0
2023-11-07 10:30:00-05:00,72.50499725341797,72.75,72.30500030517578,72.30999755859375,76112,0.0,0.0
2023-11-07 11:30:00-05:00,72.33000183105469,72.37000274658203,71.7300033569336,71.7300033569336,42429,0.0,0.0
2023-11-07 12:30:00-05:00,71.73999786376953,71.73999786376953,71.0999984741211,71.21499633789062,75345,0.0,0.0
2023-11-07 13:30:00-05:00,71.11000061035156,71.20999908447266,71.0,71.08000183105469,52411,0.0,0.0
2023-11-07 14:30:00-05:00,71.06999969482422,71.31999969482422,71.0,71.1449966430664,67231,0.0,0.0
2023-11-07 15:30:00-05:00,71.16999816894531,71.23500061035156,70.98999786376953,71.12999725341797,121019,0.0,0.0
2023-11-08 09:30:00-05:00,71.48999786376953,72.2249984741211,70.7300033569336,71.93499755859375,69141,0.0,0.0
2023-11-08 10:30:00-05:00,72.0,72.13999938964844,71.72000122070312,71.79000091552734,74603,0.0,0.0
2023-11-08 11:30:00-05:00,71.75,71.97000122070312,71.48999786376953,71.62999725341797,68924,0.0,0.0
2023-11-08 12:30:00-05:00,71.5999984741211,72.01000213623047,71.55000305175781,71.79000091552734,81624,0.0,0.0
2023-11-08 13:30:00-05:00,71.77999877929688,72.08000183105469,71.69999694824219,72.08000183105469,59953,0.0,0.0
2023-11-08 14:30:00-05:00,72.06999969482422,72.1500015258789,71.79000091552734,71.94999694824219,89744,0.0,0.0
2023-11-08 15:30:00-05:00,71.91000366210938,72.0199966430664,71.76000213623047,72.01000213623047,184622,0.0,0.0
2023-11-09 09:30:00-05:00,72.29000091552734,72.29000091552734,70.99500274658203,71.05999755859375,62196,0.0,0.0
2023-11-09 10:30:00-05:00,71.05999755859375,71.22000122070312,70.98999786376953,71.00499725341797,46686,0.0,0.0
2023-11-09 11:30:00-05:00,71.05000305175781,71.15499877929688,70.8499984741211,70.8499984741211,35986,0.0,0.0
2023-11-09 12:30:00-05:00,70.80999755859375,70.83499908447266,70.1500015258789,70.27999877929688,40420,0.0,0.0
2023-11-09 13:30:00-05:00,70.25,70.33000183105469,69.51499938964844,69.6050033569336,47847,0.0,0.0
2023-11-09 14:30:00-05:00,69.55999755859375,69.7300033569336,69.19999694824219,69.30999755859375,95363,0.0,0.0
2023-11-09 15:30:00-05:00,69.27999877929688,69.66000366210938,69.19000244140625,69.52999877929688,111046,0.0,0.0
2023-11-10 09:30:00-05:00,69.86000061035156,70.45999908447266,69.5199966430664,69.81500244140625,34200,0.0,0.0
2023-11-10 10:30:00-05:00,69.81500244140625,70.0199966430664,69.59500122070312,69.72000122070312,27103,0.0,0.0
2023-11-10 11:30:00-05:00,69.66999816894531,69.7300033569336,69.4800033569336,69.61000061035156,21828,0.0,0.0
2023-11-10 12:30:00-05:00,69.58000183105469,70.36000061035156,69.58000183105469,70.30999755859375,23055,0.0,0.0
2023-11-10 13:30:00-05:00,70.3499984741211,70.52999877929688,70.16999816894531,70.52999877929688,23986,0.0,0.0
2023-11-10 14:30:00-05:00,70.45999908447266,70.52999877929688,70.3499984741211,70.48999786376953,39246,0.0,0.0
2023-11-10 15:30:00-05:00,70.54000091552734,70.54000091552734,70.25,70.37999725341797,64739,0.0,0.0
2023-11-13 09:30:00-05:00,69.81999969482422,70.19999694824219,69.4800033569336,69.69000244140625,29430,0.0,0.0
2023-11-13 10:30:00-05:00,69.69000244140625,70.16000366210938,69.66999816894531,70.16000366210938,33941,0.0,0.0
2023-11-13 11:30:00-05:00,70.16000366210938,70.62999725341797,70.10169982910156,70.58000183105469,33260,0.0,0.0
2023-11-13 12:30:00-05:00,70.61000061035156,70.73999786376953,70.45999908447266,70.45999908447266,25301,0.0,0.0
2023-11-13 13:30:00-05:00,70.41000366210938,70.56999969482422,70.11000061035156,70.20999908447266,21542,0.0,0.0
2023-11-13 14:30:00-05:00,70.22000122070312,70.36499786376953,70.20999908447266,70.33000183105469,33072,0.0,0.0
2023-11-13 15:30:00-05:00,70.31999969482422,70.48999786376953,70.27999877929688,70.30000305175781,79923,0.0,0.0
2023-11-14 09:30:00-05:00,72.87000274658203,74.91000366210938,72.87000274658203,74.82499694824219,63215,0.0,0.0
2023-11-14 10:30:00-05:00,74.9000015258789,75.48999786376953,74.72000122070312,75.44000244140625,118822,0.0,0.0
2023-11-14 11:30:00-05:00,75.43000030517578,75.69000244140625,74.98249816894531,75.19000244140625,72265,0.0,0.0
2023-11-14 12:30:00-05:00,75.19000244140625,75.43499755859375,75.1050033569336,75.12999725341797,51868,0.0,0.0
2023-11-14 13:30:00-05:00,75.08999633789062,75.37000274658203,75.05500030517578,75.3550033569336,49822,0.0,0.0
2023-11-14 14:30:00-05:00,75.3550033569336,75.63999938964844,75.16999816894531,75.63999938964844,81169,0.0,0.0
2023-11-14 15:30:00-05:00,75.62000274658203,75.625,75.23999786376953,75.2699966430664,159896,0.0,0.0
2023-11-15 09:30:00-05:00,75.69000244140625,79.02999877929688,75.31500244140625,78.98999786376953,187846,0.0,0.0
2023-11-15 10:30:00-05:00,79.0199966430664,79.40499877929688,78.94000244140625,79.3499984741211,159952,0.0,0.0
2023-11-15 11:30:00-05:00,79.3499984741211,79.4000015258789,78.79000091552734,79.20500183105469,155696,0.0,0.0
2023-11-15 12:30:00-05:00,79.25,79.36499786376953,78.56999969482422,78.83999633789062,124318,0.0,0.0
2023-11-15 13:30:00-05:00,78.86000061035156,79.1500015258789,78.58999633789062,78.8499984741211,97889,0.0,0.0
2023-11-15 14:30:00-05:00,78.8499984741211,79.2699966430664,78.80000305175781,79.20500183105469,152975,0.0,0.0
2023-11-15 15:30:00-05:00,79.20500183105469,79.5199966430664,79.18000030517578,79.31999969482422,412192,0.0,0.0
2023-11-16 09:30:00-05:00,78.5,79.18000030517578,76.69000244140625,77.08499908447266,53152,0.0,0.0
2023-11-16 10:30:00-05:00,77.12999725341797,77.3499984741211,76.06999969482422,76.0999984741211,108135,0.0,0.0
2023-11-16 11:30:00-05:00,76.02999877929688,76.38999938964844,75.62000274658203,76.18000030517578,111915,0.0,0.0
2023-11-16 12:30:00-05:00,76.23999786376953,76.25,75.94000244140625,75.94000244140625,61304,0.0,0.0
2023-11-16 13:30:00-05:00,75.94000244140625,76.13999938964844,75.63999938964844,75.69999694824219,56665,0.0,0.0
2023-11-16 14:30:00-05:00,75.67500305175781,75.87999725341797,75.37000274658203,75.38999938964844,99037,0.0,0.0
2023-11-16 15:30:00-05:00,75.4000015258789,75.66999816894531,75.25499725341797,75.61000061035156,267902,0.0,0.0
2023-11-17 09:30:00-05:00,76.77999877929688,77.41500091552734,75.90499877929688,77.30000305175781,272282,0.0,0.0
2023-11-17 10:30:00-05:00,77.33999633789062,77.69999694824219,76.87000274658203,76.87000274658203,165954,0.0,0.0
2023-11-17 11:30:00-05:00,76.8499984741211,77.08000183105469,76.63999938964844,76.91999816894531,59529,0.0,0.0
2023-11-17 12:30:00-05:00,77.0,77.39749908447266,76.63999938964844,77.08000183105469,73502,0.0,0.0
2023-11-17 13:30:00-05:00,77.08000183105469,77.48999786376953,76.97000122070312,77.07499694824219,124166,0.0,0.0
2023-11-17 14:30:00-05:00,77.02999877929688,77.44000244140625,76.7300033569336,77.44000244140625,212587,0.0,0.0
2023-11-17 15:30:00-05:00,77.47000122070312,77.4800033569336,77.08000183105469,77.08000183105469,248164,0.0,0.0
2023-11-20 09:30:00-05:00,78.18000030517578,78.2699966430664,77.5,78.03500366210938,209191,0.0,0.0
2023-11-20 10:30:00-05:00,78.03500366210938,78.47000122070312,78.03500366210938,78.43499755859375,92281,0.0,0.0
2023-11-20 11:30:00-05:00,78.45999908447266,78.5199966430664,78.20999908447266,78.36000061035156,131787,0.0,0.0
2023-11-20 12:30:00-05:00,78.4000015258789,78.72000122070312,78.22000122070312,78.5999984741211,70014,0.0,0.0
2023-11-20 13:30:00-05:00,78.62999725341797,79.02999877929688,78.5999984741211,78.95999908447266,126456,0.0,0.0
2023-11-20 14:30:00-05:00,78.93499755859375,79.30000305175781,78.91000366210938,79.30000305175781,124377,0.0,0.0
2023-11-20 15:30:00-05:00,79.30500030517578,79.4000015258789,79.05000305175781,79.05999755859375,248121,0.0,0.0
2023-11-21 09:30:00-05:00,78.18000030517578,78.66000366210938,77.6500015258789,77.95999908447266,103248,0.0,0.0
2023-11-21 10:30:00-05:00,77.95999908447266,78.19000244140625,77.93000030517578,78.11000061035156,106807,0.0,0.0
2023-11-21 11:30:00-05:00,78.07499694824219,78.27999877929688,78.0,78.05000305175781,73772,0.0,0.0
2023-11-21 12:30:00-05:00,78.08999633789062,78.3499984741211,78.08999633789062,78.2699966430664,46740,0.0,0.0
2023-11-21 13:30:00-05:00,78.30999755859375,78.58999633789062,78.2750015258789,78.58999633789062,54336,0.0,0.0
2023-11-21 14:30:00-05:00,78.58999633789062,78.81999969482422,78.5199966430664,78.69999694824219,92629,0.0,0.0
2023-11-21 15:30:00-05:00,78.69000244140625,78.69000244140625,78.1500015258789,78.29000091552734,190436,0.0,0.0
2023-11-22 09:30:00-05:00,78.7699966430664,78.7699966430664,77.82099914550781,78.48999786376953,37630,0.0,0.0
2023-11-22 10:30:00-05:00,78.48999786376953,79.43000030517578,78.48999786376953,78.70500183105469,99667,0.0,0.0
2023-11-22 11:30:00-05:00,78.69000244140625,78.8499984741211,78.23999786376953,78.29000091552734,34553,0.0,0.0
2023-11-22 12:30:00-05:00,78.31500244140625,78.3949966430664,78.2300033569336,78.37000274658203,14873,0.0,0.0
2023-11-22 13:30:00-05:00,78.33999633789062,78.41000366210938,77.80000305175781,77.91999816894531,36162,0.0,0.0
2023-11-22 14:30:00-05:00,77.9209976196289,78.13999938964844,77.62999725341797,78.12000274658203,54669,0.0,0.0
2023-11-22 15:30:00-05:00,78.16000366210938,78.17500305175781,77.87999725341797,78.08000183105469,96829,0.0,0.0
2023-11-24 09:30:00-05:00,77.7699966430664,78.68000030517578,77.5,78.66500091552734,44254,0.0,0.0
2023-11-24 10:30:00-05:00,78.66999816894531,78.7699966430664,77.94999694824219,78.36000061035156,63323,0.0,0.0
2023-11-24 11:30:00-05:00,78.3949966430664,78.53500366210938,78.23999786376953,78.41999816894531,65887,0.0,0.0
2023-11-27 09:30:00-05:00,77.80999755859375,78.13999938964844,77.33000183105469,78.01000213623047,89759,0.0,0.0
2023-11-27 10:30:00-05:00,77.98500061035156,78.4000015258789,77.91999816894531,78.4000015258789,70091,0.0,0.0
2023-11-27 11:30:00-05:00,78.33999633789062,78.37899780273438,77.9800033569336,78.09500122070312,63643,0.0,0.0
2023-11-27 12:30:00-05:00,78.16000366210938,78.3499984741211,78.11000061035156,78.25,45729,0.0,0.0
2023-11-27 13:30:00-05:00,78.27999877929688,78.45999908447266,78.2300033569336,78.44499969482422,72430,0.0,0.0
2023-11-27 14:30:00-05:00,78.44499969482422,78.44499969482422,78.23999786376953,78.37999725341797,65958,0.0,0.0
2023-11-27 15:30:00-05:00,78.37999725341797,78.44000244140625,78.03099822998047,78.04000091552734,254453,0.0,0.0
2023-11-28 09:30:00-05:00,77.79000091552734,77.92500305175781,77.0999984741211,77.84500122070312,38766,0.0,0.0
2023-11-28 10:30:00-05:00,77.86000061035156,78.61000061035156,77.81999969482422,78.36000061035156,159070,0.0,0.0
2023-11-28 11:30:00-05:00,78.38999938964844,78.87999725341797,78.38999938964844,78.87999725341797,52277,0.0,0.0
2023-11-28 12:30:00-05:00,78.86000061035156,78.96499633789062,78.3499984741211,78.54720306396484,162738,0.0,0.0
2023-11-28 13:30:00-05:00,78.54000091552734,78.56999969482422,78.35099792480469,78.4800033569336,50699,0.0,0.0
2023-11-28 14:30:00-05:00,78.5,78.66500091552734,78.44000244140625,78.5199966430664,54352,0.0,0.0
2023-11-28 15:30:00-05:00,78.5199966430664,78.66000366210938,78.45999908447266,78.47000122070312,134810,0.0,0.0
2023-11-29 09:30:00-05:00,79.51000213623047,80.5199966430664,79.44999694824219,79.80999755859375,56643,0.0,0.0
2023-11-29 10:30:00-05:00,79.75,79.76000213623047,79.2300033569336,79.44999694824219,88741,0.0,0.0
2023-11-29 11:30:00-05:00,79.44000244140625,79.97000122070312,79.3499984741211,79.83999633789062,63042,0.0,0.0
2023-11-29 12:30:00-05:00,79.84500122070312,79.91500091552734,79.61039733886719,79.8550033569336,65766,0.0,0.0
2023-11-29 13:30:00-05:00,79.83999633789062,80.11000061035156,79.66999816894531,80.08999633789062,81416,0.0,0.0
2023-11-29 14:30:00-05:00,80.08999633789062,80.08999633789062,79.45999908447266,79.6500015258789,109700,0.0,0.0
2023-11-29 15:30:00-05:00,79.66999816894531,79.77999877929688,79.45999908447266,79.69000244140625,207570,0.0,0.0
2023-11-30 09:30:00-05:00,79.66999816894531,79.70999908447266,78.66999816894531,79.55999755859375,90221,0.0,0.0
2023-11-30 10:30:00-05:00,79.61499786376953,80.02999877929688,79.12999725341797,79.77999877929688,82222,0.0,0.0
2023-11-30 11:30:00-05:00,79.80000305175781,80.06999969482422,79.25499725341797,79.30799865722656,59901,0.0,0.0
2023-11-30 12:30:00-05:00,79.3499984741211,79.65699768066406,79.30999755859375,79.48999786376953,38615,0.0,0.0
2023-11-30 13:30:00-05:00,79.4800033569336,79.54000091552734,79.31500244140625,79.33999633789062,49480,0.0,0.0
2023-11-30 14:30:00-05:00,79.36000061035156,79.5199966430664,78.9800033569336,78.98999786376953,90496,0.0,0.0
2023-11-30 15:30:00-05:00,78.97000122070312,79.06999969482422,78.6500015258789,78.83999633789062,155892,0.0,0.0
2023-12-01 09:30:00-05:00,78.7699966430664,80.5,78.33000183105469,80.38999938964844,90114,0.0,0.0
2023-12-01 10:30:00-05:00,80.3949966430664,81.0,80.03500366210938,81.0,69477,0.0,0.0
2023-12-01 11:30:00-05:00,80.91010284423828,81.69000244140625,80.80999755859375,81.59500122070312,61826,0.0,0.0
2023-12-01 12:30:00-05:00,81.58999633789062,82.30999755859375,81.58000183105469,82.18000030517578,110243,0.0,0.0
2023-12-01 13:30:00-05:00,82.0999984741211,82.2750015258789,81.94999694824219,82.19499969482422,55864,0.0,0.0
2023-12-01 14:30:00-05:00,82.22000122070312,82.75,82.12999725341797,82.72000122070312,89391,0.0,0.0
2023-12-01 15:30:00-05:00,82.72000122070312,83.32499694824219,82.60099792480469,83.13999938964844,227537,0.0,0.0
2023-12-04 09:30:00-05:00,82.73999786376953,84.33000183105469,82.3499984741211,83.36000061035156,103360,0.0,0.0
2023-12-04 10:30:00-05:00,83.38500213623047,84.01000213623047,83.38500213623047,83.73999786376953,71250,0.0,0.0
2023-12-04 11:30:00-05:00,83.73999786376953,84.16999816894531,83.58999633789062,84.02999877929688,54151,0.0,0.0
2023-12-04 12:30:00-05:00,84.02999877929688,84.13999938964844,83.11000061035156,83.11000061035156,45720,0.0,0.0
2023-12-04 13:30:00-05:00,83.11000061035156,83.43499755859375,83.05999755859375,83.19999694824219,52015,0.0,0.0
2023-12-04 14:30:00-05:00,83.2300033569336,83.48999786376953,83.08000183105469,83.08000183105469,60481,0.0,0.0
2023-12-04 15:30:00-05:00,83.12000274658203,83.37999725341797,82.91000366210938,83.37999725341797,104787,0.0,0.0
2023-12-05 09:30:00-05:00,82.80000305175781,82.81500244140625,80.90499877929688,81.29499816894531,116643,0.0,0.0
2023-12-05 10:30:00-05:00,81.29000091552734,81.61499786376953,80.75,81.6050033569336,46620,0.0,0.0
2023-12-05 11:30:00-05:00,81.63500213623047,81.78500366210938,80.97000122070312,81.1500015258789,28262,0.0,0.0
2023-12-05 12:30:00-05:00,81.08000183105469,81.68000030517578,81.0199966430664,81.51000213623047,42648,0.0,0.0
2023-12-05 13:30:00-05:00,81.41999816894531,81.62000274658203,81.33999633789062,81.56060028076172,34622,0.0,0.0
2023-12-05 14:30:00-05:00,81.5999984741211,81.63999938964844,81.37999725341797,81.37999725341797,40393,0.0,0.0
2023-12-05 15:30:00-05:00,81.36000061035156,81.41999816894531,81.23999786376953,81.23999786376953,86541,0.0,0.0
2023-12-06 09:30:00-05:00,82.11000061035156,84.23999786376953,82.11000061035156,83.72000122070312,43749,0.0,0.0
2023-12-06 10:30:00-05:00,83.7699966430664,83.91999816894531,83.23500061035156,83.58999633789062,60750,0.0,0.0
2023-12-06 11:30:00-05:00,83.6050033569336,83.92500305175781,83.4800033569336,83.63999938964844,80224,0.0,0.0
2023-12-06 12:30:00-05:00,83.58000183105469,83.58000183105469,83.01000213623047,83.51499938964844,28350,0.0,0.0
2023-12-06 13:30:00-05:00,83.5199966430664,83.69000244140625,83.38999938964844,83.5250015258789,90972,0.0,0.0
2023-12-06 14:30:00-05:00,83.5250015258789,83.57749938964844,82.41999816894531,82.48999786376953,55979,0.0,0.0
2023-12-06 15:30:00-05:00,82.45999908447266,82.54000091552734,82.33999633789062,82.44999694824219,58751,0.0,0.0
2023-12-07 09:30:00-05:00,82.41999816894531,83.76000213623047,81.98999786376953,83.76000213623047,42875,0.0,0.0
2023-12-07 10:30:00-05:00,83.7300033569336,83.81999969482422,82.90499877929688,83.3949966430664,74890,0.0,0.0
2023-12-07 11:30:00-05:00,83.41999816894531,83.63999938964844,83.26000213623047,83.63999938964844,34283,0.0,0.0
2023-12-07 12:30:00-05:00,83.63999938964844,83.94000244140625,83.52999877929688,83.86000061035156,34865,0.0,0.0
2023-12-07 13:30:00-05:00,83.87000274658203,84.26000213623047,83.83000183105469,84.08000183105469,41015,0.0,0.0
2023-12-07 14:30:00-05:00,84.08000183105469,84.47000122070312,84.05000305175781,84.47000122070312,59592,0.0,0.0
2023-12-07 15:30:00-05:00,84.45999908447266,84.69000244140625,84.2300033569336,84.66999816894531,86505,0.0,0.0
2023-12-08 09:30:00-05:00,84.25,85.66500091552734,84.25,85.51000213623047,43058,0.0,0.0
2023-12-08 10:30:00-05:00,85.62999725341797,85.69000244140625,84.36499786376953,84.43000030517578,80528,0.0,0.0
2023-12-08 11:30:00-05:00,84.55999755859375,84.87999725341797,84.54499816894531,84.73999786376953,60669,0.0,0.0
2023-12-08 12:30:00-05:00,84.73999786376953,85.2300033569336,84.73999786376953,85.19000244140625,35690,0.0,0.0
2023-12-08 13:30:00-05:00,85.16999816894531,85.38999938964844,84.9000015258789,85.36000061035156,64124,0.0,0.0
2023-12-08 14:30:00-05:00,85.38999938964844,85.47000122070312,84.48500061035156,84.5999984741211,67291,0.0,0.0
2023-12-08 15:30:00-05:00,84.5999984741211,84.87000274658203,84.5824966430664,84.7300033569336,125855,0.0,0.0
2023-12-11 09:30:00-05:00,84.5,84.5999984741211,83.6500015258789,83.98999786376953,36933,0.0,0.0
2023-12-11 10:30:00-05:00,84.05000305175781,84.62000274658203,84.03500366210938,84.54499816894531,28859,0.0,0.0
2023-12-11 11:30:00-05:00,84.5999984741211,84.92500305175781,84.58999633789062,84.92500305175781,40865,0.0,0.0
2023-12-11 12:30:00-05:00,84.91999816894531,85.08000183105469,84.75,85.0,43584,0.0,0.0
2023-12-11 13:30:00-05:00,85.02400207519531,85.05000305175781,84.62000274658203,84.62999725341797,41384,0.0,0.0
2023-12-11 14:30:00-05:00,84.62000274658203,85.0199966430664,84.52999877929688,84.94999694824219,60456,0.0,0.0
2023-12-11 15:30:00-05:00,84.93000030517578,85.05000305175781,84.75,84.79000091552734,103860,0.0,0.0
2023-12-12 09:30:00-05:00,84.69000244140625,84.69000244140625,83.77899932861328,84.31999969482422,47036,0.0,0.0
2023-12-12 10:30:00-05:00,84.26000213623047,84.62999725341797,84.19000244140625,84.2699966430664,60319,0.0,0.0
2023-12-12 11:30:00-05:00,84.29000091552734,84.62000274658203,84.10099792480469,84.55000305175781,28221,0.0,0.0
2023-12-12 12:30:00-05:00,84.5,84.56999969482422,84.2750015258789,84.52999877929688,38814,0.0,0.0
2023-12-12 13:30:00-05:00,84.54000091552734,84.86000061035156,84.54000091552734,84.86000061035156,40945,0.0,0.0
2023-12-12 14:30:00-05:00,84.87000274658203,85.01000213623047,84.7300033569336,84.73999786376953,59375,0.0,0.0
2023-12-12 15:30:00-05:00,84.72000122070312,84.72000122070312,84.2300033569336,84.54000091552734,136514,0.0,0.0
2023-12-13 09:30:00-05:00,84.5999984741211,84.63999938964844,84.0199966430664,84.3499984741211,27911,0.0,0.0
2023-12-13 10:30:00-05:00,84.31500244140625,84.41000366210938,84.08000183105469,84.23999786376953,47267,0.0,0.0
2023-12-13 11:30:00-05:00,84.20999908447266,84.24500274658203,83.9800033569336,84.05000305175781,27323,0.0,0.0
2023-12-13 12:30:00-05:00,84.08000183105469,84.33999633789062,84.05999755859375,84.26000213623047,78224,0.0,0.0
2023-12-13 13:30:00-05:00,84.25499725341797,86.0199966430664,84.16999816894531,85.94999694824219,90281,0.0,0.0
2023-12-13 14:30:00-05:00,86.02999877929688,87.92500305175781,85.8499984741211,87.69499969482422,144723,0.0,0.0
2023-12-13 15:30:00-05:00,87.69499969482422,88.44000244140625,87.54000091552734,88.30000305175781,229161,0.0,0.0
2023-12-14 09:30:00-05:00,90.58999633789062,94.97000122070312,90.55999755859375,93.93000030517578,278631,0.0,0.0
2023-12-14 10:30:00-05:00,93.88999938964844,94.22000122070312,93.5999984741211,94.11000061035156,141463,0.0,0.0
2023-12-14 11:30:00-05:00,94.0999984741211,94.6500015258789,94.00499725341797,94.54499816894531,76086,0.0,0.0
2023-12-14 12:30:00-05:00,94.55000305175781,95.51499938964844,93.91999816894531,93.91999816894531,101543,0.0,0.0
2023-12-14 13:30:00-05:00,93.91999816894531,94.68000030517578,93.8550033569336,94.63500213623047,80115,0.0,0.0
2023-12-14 14:30:00-05:00,94.62000274658203,94.81999969482422,94.1500015258789,94.58000183105469,210276,0.0,0.0
2023-12-14 15:30:00-05:00,94.57499694824219,95.0,94.4000015258789,95.0,328857,0.0,0.0
2023-12-15 09:30:00-05:00,94.88999938964844,95.95999908447266,93.54000091552734,95.03500366210938,231577,0.0,0.0
2023-12-15 10:30:00-05:00,94.9800033569336,95.875,94.68000030517578,95.3855972290039,125868,0.0,0.0
2023-12-15 11:30:00-05:00,95.38999938964844,95.8499984741211,95.12999725341797,95.12999725341797,69636,0.0,0.0
2023-12-15 12:30:00-05:00,95.11000061035156,95.16000366210938,94.55999755859375,95.01000213623047,73296,0.0,0.0
2023-12-15 13:30:00-05:00,95.06999969482422,95.08499908447266,94.37000274658203,94.62000274658203,60819,0.0,0.0
2023-12-15 14:30:00-05:00,94.62000274658203,95.30500030517578,94.45999908447266,95.26000213623047,75814,0.0,0.0
2023-12-15 15:30:00-05:00,95.31999969482422,95.54000091552734,94.83000183105469,95.12999725341797,189182,0.0,0.0
2023-12-18 09:30:00-05:00,95.75,95.75,94.37999725341797,94.4800033569336,63269,0.0,0.0
2023-12-18 10:30:00-05:00,94.48400115966797,94.8949966430664,94.125,94.83000183105469,47351,0.0,0.0
2023-12-18 11:30:00-05:00,94.875,95.25,94.70999908447266,95.0999984741211,40143,0.0,0.0
2023-12-18 12:30:00-05:00,95.13999938964844,95.66000366210938,95.13999938964844,95.62000274658203,69328,0.0,0.0
2023-12-18 13:30:00-05:00,95.625,95.72000122070312,95.16000366210938,95.19000244140625,77742,0.0,0.0
2023-12-18 14:30:00-05:00,95.18000030517578,95.5199966430664,95.08999633789062,95.19999694824219,95611,0.0,0.0
2023-12-18 15:30:00-05:00,95.16999816894531,95.2300033569336,95.0,95.20999908447266,129060,0.0,0.0
2023-12-19 09:30:00-05:00,95.5,95.80249786376953,94.26200103759766,95.41000366210938,112574,0.0,0.0
2023-12-19 10:30:00-05:00,95.41000366210938,95.81999969482422,95.22309875488281,95.5199966430664,49671,0.0,0.0
2023-12-19 11:30:00-05:00,95.55999755859375,95.7699966430664,95.31500244140625,95.49500274658203,62767,0.0,0.0
2023-12-19 12:30:00-05:00,95.55000305175781,95.87999725341797,95.51499938964844,95.58999633789062,49127,0.0,0.0
2023-12-19 13:30:00-05:00,95.69999694824219,96.1500015258789,95.58000183105469,96.05000305175781,241923,0.0,0.0
2023-12-19 14:30:00-05:00,96.08000183105469,96.37000274658203,95.93000030517578,96.26499938964844,76993,0.0,0.0
2023-12-19 15:30:00-05:00,96.2509994506836,96.45999908447266,96.18000030517578,96.19000244140625,101370,0.0,0.0
2023-12-20 09:30:00-05:00,95.30999755859375,96.55500030517578,94.75,96.53500366210938,93635,0.0,0.0
2023-12-20 10:30:00-05:00,96.56999969482422,96.70500183105469,96.02999877929688,96.26020050048828,72896,0.0,0.0
2023-12-20 11:30:00-05:00,96.19000244140625,96.29000091552734,95.7699966430664,96.22000122070312,70348,0.0,0.0
2023-12-20 12:30:00-05:00,96.20500183105469,96.69000244140625,96.12999725341797,96.34500122070312,37613,0.0,0.0
2023-12-20 13:30:00-05:00,96.4000015258789,96.45999908447266,96.20999908447266,96.36000061035156,52788,0.0,0.0
2023-12-20 14:30:00-05:00,96.3550033569336,96.3550033569336,94.63999938964844,94.93499755859375,98021,0.0,0.0
2023-12-20 15:30:00-05:00,94.9800033569336,95.31999969482422,94.44000244140625,94.47000122070312,171629,0.0,0.0
2023-12-21 09:30:00-05:00,95.86000061035156,96.63999938964844,95.58999633789062,96.19499969482422,74383,0.0,0.0
2023-12-21 10:30:00-05:00,96.30999755859375,96.83000183105469,96.16500091552734,96.56999969482422,98133,0.0,0.0
2023-12-21 11:30:00-05:00,96.68000030517578,96.87999725341797,96.2699966430664,96.38999938964844,24979,0.0,0.0
2023-12-21 12:30:00-05:00,96.51000213623047,96.86499786376953,96.3499984741211,96.5250015258789,42406,0.0,0.0
2023-12-21 13:30:00-05:00,96.5999984741211,96.77999877929688,96.37000274658203,96.54499816894531,36100,0.0,0.0
2023-12-21 14:30:00-05:00,96.61000061035156,96.7249984741211,96.3550033569336,96.6500015258789,54473,0.0,0.0
2023-12-21 15:30:00-05:00,96.70999908447266,97.11900329589844,96.47000122070312,97.04000091552734,119212,0.0,0.0
2023-12-22 09:30:00-05:00,96.8499984741211,97.94000244140625,96.01000213623047,97.74500274658203,35301,0.0,0.0
2023-12-22 10:30:00-05:00,97.80000305175781,98.05000305175781,97.5,97.66999816894531,47743,0.0,0.0
2023-12-22 11:30:00-05:00,97.7699966430664,97.91000366210938,97.41000366210938,97.69499969482422,51726,0.0,0.0
2023-12-22 12:30:00-05:00,97.68000030517578,97.95500183105469,97.54499816894531,97.87000274658203,47026,0.0,0.0
2023-12-22 13:30:00-05:00,97.83999633789062,97.94000244140625,97.31999969482422,97.33999633789062,45661,0.0,0.0
2023-12-22 14:30:00-05:00,97.29000091552734,97.9800033569336,97.18000030517578,97.875,53529,0.0,0.0
2023-12-22 15:30:00-05:00,97.91000366210938,97.94000244140625,97.61000061035156,97.88999938964844,110729,0.0,0.0
2023-12-26 09:30:00-05:00,98.19999694824219,98.33999633789062,97.97000122070312,98.19499969482422,23331,0.0,0.0
2023-12-26 10:30:00-05:00,98.19499969482422,98.52999877929688,98.19499969482422,98.38500213623047,22409,0.0,0.0
2023-12-26 11:30:00-05:00,98.36000061035156,98.9198989868164,98.3499984741211,98.80000305175781,17602,0.0,0.0
2023-12-26 12:30:00-05:00,98.78500366210938,99.01000213623047,98.63500213623047,98.94000244140625,19723,0.0,0.0
2023-12-26 13:30:00-05:00,98.94000244140625,99.58999633789062,98.87999725341797,99.53500366210938,83584,0.0,0.0
2023-12-26 14:30:00-05:00,99.53500366210938,99.67500305175781,98.91999816894531,99.04000091552734,44158,0.0,0.0
2023-12-26 15:30:00-05:00,99.06999969482422,99.08999633789062,98.88999938964844,99.04000091552734,71264,0.0,0.0
2023-12-27 09:30:00-05:00,99.44000244140625,99.45999908447266,98.71009826660156,99.43499755859375,27866,0.0,0.0
2023-12-27 10:30:00-05:00,99.38999938964844,99.38999938964844,98.5199966430664,98.9800033569336,81800,0.0,0.0
2023-12-27 11:30:00-05:00,98.93000030517578,99.36000061035156,98.9000015258789,99.12999725341797,27256,0.0,0.0
2023-12-27 12:30:00-05:00,99.1500015258789,99.43000030517578,99.04000091552734,99.37000274658203,39843,0.0,0.0
2023-12-27 13:30:00-05:00,99.3499984741211,99.51499938964844,98.83000183105469,99.26000213623047,40857,0.0,0.0
2023-12-27 14:30:00-05:00,99.23999786376953,99.4000015258789,98.79000091552734,99.05999755859375,50098,0.0,0.0
2023-12-27 15:30:00-05:00,99.01000213623047,99.19000244140625,98.86000061035156,98.87999725341797,179469,0.0,0.0
2023-12-28 09:30:00-05:00,98.55000305175781,98.65499877929688,97.7699966430664,98.20999908447266,72469,0.0,0.0
2023-12-28 10:30:00-05:00,98.21499633789062,98.26000213623047,97.52999877929688,97.66500091552734,121732,0.0,0.0
2023-12-28 11:30:00-05:00,97.58999633789062,98.125,97.54000091552734,97.95249938964844,46843,0.0,0.0
2023-12-28 12:30:00-05:00,97.95500183105469,98.16000366210938,97.81999969482422,98.0,63864,0.0,0.0
2023-12-28 13:30:00-05:00,98.05000305175781,98.33000183105469,97.98999786376953,98.18000030517578,42073,0.0,0.0
2023-12-28 14:30:00-05:00,98.19999694824219,98.5,98.16999816894531,98.48500061035156,71848,0.0,0.0
2023-12-28 15:30:00-05:00,98.5,98.69000244140625,98.31999969482422,98.4000015258789,117735,0.0,0.0
2023-12-29 09:30:00-05:00,97.91000366210938,98.75,97.52999877929688,97.69999694824219,68824,0.0,0.0
2023-12-29 10:30:00-05:00,97.66999816894531,97.69000244140625,97.12999725341797,97.43499755859375,93569,0.0,0.0
2023-12-29 11:30:00-05:00,97.41000366210938,97.7699966430664,97.30500030517578,97.44999694824219,51489,0.0,0.0
2023-12-29 12:30:00-05:00,97.44999694824219,97.79000091552734,97.41999816894531,97.69000244140625,84646,0.0,0.0
2023-12-29 13:30:00-05:00,97.69999694824219,97.95999908447266,97.59500122070312,97.66999816894531,45964,0.0,0.0
2023-12-29 14:30:00-05:00,97.68000030517578,97.70999908447266,97.06999969482422,97.375,62198,0.0,0.0
2023-12-29 15:30:00-05:00,97.37999725341797,97.44000244140625,96.62999725341797,96.75,158599,0.0,0.0
2024-01-02 09:30:00-05:00,94.81999969482422,97.0250015258789,94.25,96.27999877929688,191792,0.0,0.0
2024-01-02 10:30:00-05:00,96.20999908447266,96.2750015258789,95.5,95.96499633789062,104056,0.0,0.0
2024-01-02 11:30:00-05:00,95.93000030517578,96.19499969482422,95.66999816894531,95.95999908447266,225681,0.0,0.0
2024-01-02 12:30:00-05:00,95.97000122070312,96.08000183105469,95.62999725341797,95.79499816894531,196752,0.0,0.0
2024-01-02 13:30:00-05:00,95.81999969482422,95.83999633789062,95.05000305175781,95.14749908447266,71387,0.0,0.0
2024-01-02 14:30:00-05:00,95.15499877929688,95.16000366210938,94.05999755859375,94.37000274658203,108617,0.0,0.0
2024-01-02 15:30:00-05:00,94.38500213623047,95.02999877929688,94.26000213623047,95.02999877929688,191151,0.0,0.0
2024-01-03 09:30:00-05:00,93.23999786376953,93.23999786376953,90.91999816894531,91.41000366210938,152487,0.0,0.0
2024-01-03 10:30:00-05:00,91.30000305175781,91.70999908447266,90.52999877929688,91.70999908447266,70899,0.0,0.0
2024-01-03 11:30:00-05:00,91.62999725341797,92.01000213623047,91.3499984741211,91.70999908447266,86267,0.0,0.0
2024-01-03 12:30:00-05:00,91.73999786376953,91.93000030517578,91.3550033569336,91.81999969482422,62979,0.0,0.0
2024-01-03 13:30:00-05:00,91.8499984741211,91.87999725341797,90.43000030517578,91.11499786376953,76796,0.0,0.0
2024-01-03 14:30:00-05:00,91.25,91.46959686279297,89.80999755859375,89.8499984741211,87903,0.0,0.0
2024-01-03 15:30:00-05:00,89.91000366210938,90.25499725341797,89.80000305175781,89.97000122070312,167095,0.0,0.0
2024-01-04 09:30:00-05:00,89.02999877929688,89.3949966430664,87.7699966430664,88.66000366210938,140329,0.0,0.0
2024-01-04 10:30:00-05:00,88.68000030517578,88.83999633789062,88.01000213623047,88.63999938964844,107701,0.0,0.0
2024-01-04 11:30:00-05:00,88.62999725341797,88.93000030517578,88.33000183105469,88.6500015258789,77509,0.0,0.0
2024-01-04 12:30:00-05:00,88.62999725341797,89.04000091552734,88.48999786376953,88.80999755859375,107641,0.0,0.0
2024-01-04 13:30:00-05:00,88.86000061035156,89.25,88.80999755859375,89.01000213623047,54662,0.0,0.0
2024-01-04 14:30:00-05:00,88.9800033569336,89.55999755859375,88.76000213623047,89.51000213623047,66946,0.0,0.0
2024-01-04 15:30:00-05:00,89.5,89.52999877929688,89.05000305175781,89.25,131277,0.0,0.0
2024-01-05 09:30:00-05:00,88.81999969482422,90.85749816894531,88.04100036621094,90.06500244140625,103550,0.0,0.0
2024-01-05 10:30:00-05:00,90.13999938964844,90.26499938964844,89.75,89.76000213623047,96457,0.0,0.0
2024-01-05 11:30:00-05:00,89.9000015258789,89.97000122070312,89.26300048828125,89.45999908447266,55236,0.0,0.0
2024-01-05 12:30:00-05:00,89.44000244140625,89.47000122070312,89.01000213623047,89.3499984741211,31571,0.0,0.0
2024-01-05 13:30:00-05:00,89.33999633789062,89.7300033569336,89.2699966430664,89.6500015258789,85070,0.0,0.0
2024-01-05 14:30:00-05:00,89.62999725341797,90.04499816894531,89.51000213623047,90.01000213623047,97322,0.0,0.0
2024-01-05 15:30:00-05:00,90.02999877929688,90.02999877929688,89.26000213623047,89.63999938964844,142537,0.0,0.0
2024-01-08 09:30:00-05:00,89.79000091552734,90.4749984741211,88.9800033569336,90.29000091552734,52961,0.0,0.0
2024-01-08 10:30:00-05:00,90.27999877929688,91.125,90.19000244140625,90.91500091552734,118016,0.0,0.0
2024-01-08 11:30:00-05:00,90.94999694824219,91.0,90.52999877929688,90.55000305175781,52666,0.0,0.0
2024-01-08 12:30:00-05:00,90.58000183105469,91.20999908447266,90.58000183105469,90.98999786376953,68044,0.0,0.0
2024-01-08 13:30:00-05:00,90.98999786376953,91.18499755859375,90.66000366210938,91.05000305175781,76923,0.0,0.0
2024-01-08 14:30:00-05:00,91.09500122070312,91.09500122070312,90.83499908447266,90.98999786376953,56511,0.0,0.0
2024-01-08 15:30:00-05:00,90.94000244140625,91.0,90.45999908447266,90.62999725341797,127391,0.0,0.0
2024-01-09 09:30:00-05:00,89.80000305175781,90.16999816894531,89.63999938964844,90.13500213623047,28027,0.0,0.0
2024-01-09 10:30:00-05:00,90.23480224609375,90.36000061035156,89.5,89.98999786376953,68904,0.0,0.0
2024-01-09 11:30:00-05:00,90.0250015258789,90.2300033569336,89.87000274658203,89.97000122070312,93205,0.0,0.0
2024-01-09 12:30:00-05:00,90.02999877929688,90.28500366210938,89.7699966430664,89.7699966430664,40898,0.0,0.0
2024-01-09 13:30:00-05:00,89.76000213623047,90.07499694824219,89.33000183105469,89.33000183105469,33820,0.0,0.0
2024-01-09 14:30:00-05:00,89.41000366210938,89.58999633789062,89.20999908447266,89.30999755859375,90399,0.0,0.0
2024-01-09 15:30:00-05:00,89.29000091552734,89.55000305175781,89.0199966430664,89.54000091552734,143809,0.0,0.0
2024-01-10 09:30:00-05:00,89.66000366210938,90.0199966430664,88.5199966430664,89.30999755859375,35649,0.0,0.0
2024-01-10 10:30:00-05:00,89.375,89.44000244140625,89.00499725341797,89.30000305175781,33985,0.0,0.0
2024-01-10 11:30:00-05:00,89.3499984741211,89.47000122070312,89.20999908447266,89.3499984741211,28946,0.0,0.0
2024-01-10 12:30:00-05:00,89.38500213623047,89.4000015258789,89.0199966430664,89.0199966430664,52218,0.0,0.0
2024-01-10 13:30:00-05:00,89.04499816894531,89.06999969482422,88.75,88.94000244140625,37082,0.0,0.0
2024-01-10 14:30:00-05:00,88.98999786376953,88.98999786376953,88.37000274658203,88.38999938964844,66927,0.0,0.0
2024-01-10 15:30:00-05:00,88.38999938964844,88.67500305175781,88.30999755859375,88.31999969482422,150229,0.0,0.0
2024-01-11 09:30:00-05:00,88.43000030517578,88.8499984741211,87.08000183105469,87.61000061035156,58159,0.0,0.0
2024-01-11 10:30:00-05:00,87.76000213623047,88.08000183105469,87.41000366210938,87.48999786376953,47289,0.0,0.0
2024-01-11 11:30:00-05:00,87.48999786376953,87.84989929199219,87.26000213623047,87.5999984741211,27836,0.0,0.0
2024-01-11 12:30:00-05:00,87.6500015258789,88.31500244140625,87.5199966430664,87.98999786376953,24049,0.0,0.0
2024-01-11 13:30:00-05:00,87.95999908447266,88.3499984741211,87.7699966430664,88.19999694824219,59476,0.0,0.0
2024-01-11 14:30:00-05:00,88.19999694824219,88.27999877929688,87.81999969482422,88.05999755859375,51965,0.0,0.0
2024-01-11 15:30:00-05:00,88.0199966430664,88.2750015258789,87.91999816894531,88.26000213623047,114334,0.0,0.0
2024-01-12 09:30:00-05:00,89.2300033569336,89.52999877929688,87.68000030517578,88.0250015258789,55892,0.0,0.0
2024-01-12 10:30:00-05:00,87.94999694824219,87.94999694824219,86.93499755859375,87.38500213623047,30560,0.0,0.0
2024-01-12 11:30:00-05:00,87.3949966430664,87.42500305175781,86.68000030517578,86.79000091552734,55071,0.0,0.0
2024-01-12 12:30:00-05:00,86.75,86.95999908447266,86.55999755859375,86.82499694824219,34665,0.0,0.0
2024-01-12 13:30:00-05:00,86.80000305175781,87.1050033569336,86.73500061035156,86.98999786376953,36021,0.0,0.0
2024-01-12 14:30:00-05:00,87.03500366210938,87.08999633789062,86.41000366210938,86.5199966430664,68654,0.0,0.0
2024-01-12 15:30:00-05:00,86.54000091552734,86.81999969482422,86.54000091552734,86.69999694824219,101219,0.0,0.0
2024-01-16 09:30:00-05:00,85.58999633789062,85.62999725341797,84.83000183105469,85.55000305175781,80830,0.0,0.0
2024-01-16 10:30:00-05:00,85.66000366210938,86.08499908447266,85.36000061035156,85.61000061035156,50987,0.0,0.0
2024-01-16 11:30:00-05:00,85.55000305175781,85.72000122070312,85.26499938964844,85.56999969482422,41161,0.0,0.0
2024-01-16 12:30:00-05:00,85.48999786376953,86.0999984741211,85.44499969482422,86.0199966430664,59502,0.0,0.0
2024-01-16 13:30:00-05:00,86.06999969482422,86.07499694824219,85.51499938964844,85.5999984741211,28548,0.0,0.0
2024-01-16 14:30:00-05:00,85.58999633789062,85.96499633789062,85.56999969482422,85.83499908447266,35661,0.0,0.0
2024-01-16 15:30:00-05:00,85.87000274658203,86.0199966430664,85.73999786376953,85.97000122070312,110077,0.0,0.0
2024-01-17 09:30:00-05:00,85.44000244140625,86.49500274658203,84.95999908447266,85.1500015258789,60096,0.0,0.0
2024-01-17 10:30:00-05:00,85.18499755859375,85.5250015258789,84.98500061035156,85.16000366210938,86192,0.0,0.0
2024-01-17 11:30:00-05:00,85.1500015258789,85.44000244140625,85.06269836425781,85.08999633789062,32604,0.0,0.0
2024-01-17 12:30:00-05:00,85.08999633789062,85.2300033569336,84.98999786376953,85.1698989868164,25769,0.0,0.0
2024-01-17 13:30:00-05:00,85.16000366210938,85.30500030517578,84.97000122070312,85.1449966430664,25220,0.0,0.0
2024-01-17 14:30:00-05:00,85.18000030517578,85.3499984741211,85.09500122070312,85.20999908447266,38949,0.0,0.0
2024-01-17 15:30:00-05:00,85.25,85.58000183105469,85.20999908447266,85.29000091552734,91528,0.0,0.0
2024-01-18 09:30:00-05:00,85.44999694824219,86.37999725341797,85.2699966430664,85.81999969482422,51789,0.0,0.0
2024-01-18 10:30:00-05:00,85.87000274658203,86.1500015258789,84.99500274658203,85.16000366210938,62191,0.0,0.0
2024-01-18 11:30:00-05:00,85.16999816894531,85.30000305175781,84.66000366210938,84.80999755859375,72083,0.0,0.0
2024-01-18 12:30:00-05:00,84.80000305175781,84.9000015258789,84.48500061035156,84.6050033569336,37041,0.0,0.0
2024-01-18 13:30:00-05:00,84.6050033569336,85.3499984741211,84.6050033569336,85.3499984741211,39993,0.0,0.0
2024-01-18 14:30:00-05:00,85.43499755859375,85.6500015258789,85.3550033569336,85.55000305175781,60357,0.0,0.0
2024-01-18 15:30:00-05:00,85.55000305175781,85.58499908447266,85.43000030517578,85.54000091552734,120039,0.0,0.0
2024-01-19 09:30:00-05:00,85.69999694824219,85.98999786376953,84.94999694824219,85.47000122070312,56040,0.0,0.0
2024-01-19 10:30:00-05:00,85.4800033569336,85.80000305175781,85.3375015258789,85.58999633789062,31919,0.0,0.0
2024-01-19 11:30:00-05:00,85.55500030517578,85.69999694824219,85.1500015258789,85.69999694824219,20546,0.0,0.0
2024-01-19 12:30:00-05:00,85.70999908447266,86.51000213623047,85.62999725341797,86.51000213623047,34737,0.0,0.0
2024-01-19 13:30:00-05:00,86.4800033569336,87.1500015258789,86.4800033569336,87.08000183105469,39037,0.0,0.0
2024-01-19 14:30:00-05:00,87.08999633789062,87.08999633789062,86.76000213623047,86.79000091552734,69598,0.0,0.0
2024-01-19 15:30:00-05:00,86.79000091552734,87.01000213623047,86.69999694824219,86.80999755859375,239776,0.0,0.0
2024-01-22 09:30:00-05:00,87.44000244140625,88.71499633789062,87.44000244140625,88.44999694824219,64259,0.0,0.0
2024-01-22 10:30:00-05:00,88.41999816894531,88.5999984741211,88.04000091552734,88.1050033569336,54591,0.0,0.0
2024-01-22 11:30:00-05:00,88.05999755859375,88.18000030517578,87.91000366210938,88.05000305175781,51132,0.0,0.0
2024-01-22 12:30:00-05:00,88.05000305175781,88.08000183105469,87.52999877929688,87.55000305175781,28472,0.0,0.0
2024-01-22 13:30:00-05:00,87.51000213623047,87.76000213623047,87.33999633789062,87.39399719238281,23912,0.0,0.0
2024-01-22 14:30:00-05:00,87.51000213623047,87.83000183105469,87.4000015258789,87.83000183105469,76940,0.0,0.0
2024-01-22 15:30:00-05:00,87.81999969482422,88.0199966430664,87.72000122070312,87.83999633789062,119347,0.0,0.0
2024-01-23 09:30:00-05:00,88.79000091552734,89.69000244140625,88.0250015258789,88.0250015258789,41731,0.0,0.0
2024-01-23 10:30:00-05:00,87.87999725341797,87.87999725341797,87.05000305175781,87.05000305175781,16156,0.0,0.0
2024-01-23 11:30:00-05:00,87.05999755859375,87.11000061035156,86.62999725341797,86.66000366210938,34276,0.0,0.0
2024-01-23 12:30:00-05:00,86.63999938964844,86.6500015258789,86.41000366210938,86.42479705810547,44393,0.0,0.0
2024-01-23 13:30:00-05:00,86.37999725341797,86.86990356445312,86.29000091552734,86.75,29198,0.0,0.0
2024-01-23 14:30:00-05:00,86.76000213623047,86.88500213623047,86.45999908447266,86.63500213623047,77135,0.0,0.0
2024-01-23 15:30:00-05:00,86.63999938964844,86.66500091552734,86.02999877929688,86.12000274658203,88213,0.0,0.0
2024-01-24 09:30:00-05:00,87.0,87.0,84.76000213623047,84.97000122070312,30235,0.0,0.0
2024-01-24 10:30:00-05:00,84.94000244140625,85.51499938964844,84.75,85.0999984741211,32274,0.0,0.0
2024-01-24 11:30:00-05:00,85.08000183105469,85.30000305175781,84.75,84.80500030517578,41579,0.0,0.0
2024-01-24 12:30:00-05:00,84.80999755859375,84.9749984741211,84.40499877929688,84.41999816894531,73438,0.0,0.0
2024-01-24 13:30:00-05:00,84.36000061035156,84.36000061035156,83.58999633789062,83.63999938964844,37592,0.0,0.0
2024-01-24 14:30:00-05:00,83.6449966430664,84.19499969482422,83.6449966430664,83.88500213623047,104463,0.0,0.0
2024-01-24 15:30:00-05:00,83.88500213623047,84.36000061035156,83.75,84.36000061035156,146758,0.0,0.0
2024-01-25 09:30:00-05:00,82.66999816894531,84.6500015258789,82.25,82.81999969482422,247047,0.0,0.0
2024-01-25 10:30:00-05:00,82.82430267333984,83.0999984741211,82.37999725341797,82.87999725341797,88851,0.0,0.0
2024-01-25 11:30:00-05:00,82.9000015258789,83.01499938964844,82.18000030517578,82.4800033569336,53989,0.0,0.0
2024-01-25 12:30:00-05:00,82.44999694824219,82.91000366210938,82.12999725341797,82.66999816894531,52040,0.0,0.0
2024-01-25 13:30:00-05:00,82.65660095214844,83.05000305175781,82.61000061035156,83.0199966430664,80653,0.0,0.0
2024-01-25 14:30:00-05:00,83.02999877929688,83.34500122070312,82.61000061035156,83.125,178084,0.0,0.0
2024-01-25 15:30:00-05:00,83.16999816894531,83.45500183105469,83.0999984741211,83.41999816894531,182582,0.0,0.0
2024-01-26 09:30:00-05:00,84.19999694824219,85.04000091552734,83.5999984741211,83.69499969482422,106673,0.0,0.0
2024-01-26 10:30:00-05:00,83.62999725341797,84.1050033569336,83.26000213623047,83.2750015258789,49910,0.0,0.0
2024-01-26 11:30:00-05:00,83.22000122070312,83.56999969482422,83.0,83.08999633789062,54270,0.0,0.0
2024-01-26 12:30:00-05:00,83.05000305175781,83.13999938964844,82.58000183105469,82.91999816894531,42585,0.0,0.0
2024-01-26 13:30:00-05:00,82.91500091552734,83.16000366210938,82.73500061035156,82.94000244140625,48870,0.0,0.0
2024-01-26 14:30:00-05:00,82.94499969482422,83.12999725341797,82.52999877929688,82.58000183105469,83599,0.0,0.0
2024-01-26 15:30:00-05:00,82.59500122070312,82.88999938964844,82.4800033569336,82.87999725341797,151432,0.0,0.0
2024-01-29 09:30:00-05:00,82.9000015258789,84.45999908447266,82.62000274658203,84.1500015258789,133939,0.0,0.0
2024-01-29 10:30:00-05:00,84.27999877929688,85.05999755859375,84.23999786376953,84.8949966430664,76118,0.0,0.0
2024-01-29 11:30:00-05:00,84.83999633789062,84.84500122070312,84.41000366210938,84.80999755859375,61180,0.0,0.0
2024-01-29 12:30:00-05:00,84.7699966430664,85.07740020751953,84.61000061035156,85.03500366210938,52720,0.0,0.0
2024-01-29 13:30:00-05:00,85.04000091552734,85.04000091552734,84.38999938964844,84.38999938964844,54442,0.0,0.0
2024-01-29 14:30:00-05:00,84.41500091552734,85.2699966430664,84.37000274658203,85.2699966430664,186179,0.0,0.0
2024-01-29 15:30:00-05:00,85.25,85.4800033569336,84.93000030517578,85.13999938964844,219114,0.0,0.0
2024-01-30 09:30:00-05:00,83.55999755859375,83.62999725341797,82.12999725341797,82.70249938964844,289229,0.0,0.0
2024-01-30 10:30:00-05:00,82.61000061035156,84.1500015258789,82.37000274658203,83.98999786376953,241366,0.0,0.0
2024-01-30 11:30:00-05:00,83.93000030517578,83.98999786376953,83.11000061035156,83.23999786376953,117257,0.0,0.0
2024-01-30 12:30:00-05:00,83.1500015258789,83.17500305175781,82.0199966430664,82.30000305175781,122819,0.0,0.0
2024-01-30 13:30:00-05:00,82.33000183105469,82.4800033569336,81.88999938964844,82.4000015258789,188637,0.0,0.0
2024-01-30 14:30:00-05:00,82.41999816894531,82.5,81.95999908447266,82.01499938964844,179959,0.0,0.0
2024-01-30 15:30:00-05:00,82.01499938964844,82.30000305175781,81.7699966430664,82.26000213623047,417523,0.0,0.0
2024-01-31 09:30:00-05:00,82.26000213623047,82.98999786376953,81.1500015258789,82.6500015258789,173537,0.0,0.0
2024-01-31 10:30:00-05:00,82.7699966430664,83.13999938964844,82.44000244140625,82.94000244140625,131651,0.0,0.0
2024-01-31 11:30:00-05:00,82.91999816894531,82.94999694824219,82.25,82.70999908447266,134031,0.0,0.0
2024-01-31 12:30:00-05:00,82.7249984741211,83.1500015258789,82.45999908447266,82.58499908447266,144905,0.0,0.0
2024-01-31 13:30:00-05:00,82.62999725341797,82.66999816894531,81.36000061035156,81.83000183105469,83061,0.0,0.0
2024-01-31 14:30:00-05:00,81.77999877929688,82.77999877929688,80.61000061035156,80.91500091552734,259872,0.0,0.0
2024-01-31 15:30:00-05:00,80.86000061035156,80.91999816894531,80.38999938964844,80.58000183105469,323012,0.0,0.0
2024-02-01 09:30:00-05:00,82.18000030517578,84.70999908447266,81.75,82.87000274658203,517076,0.0,0.0
2024-02-01 10:30:00-05:00,82.87000274658203,82.94000244140625,81.37000274658203,81.70999908447266,327359,0.0,0.0
2024-02-01 11:30:00-05:00,81.73500061035156,84.08999633789062,81.70999908447266,83.4749984741211,414871,0.0,0.0
2024-02-01 12:30:00-05:00,83.4749984741211,83.89089965820312,83.0,83.13999938964844,247448,0.0,0.0
2024-02-01 13:30:00-05:00,83.12000274658203,85.0999984741211,83.04000091552734,84.41000366210938,407305,0.0,0.0
2024-02-01 14:30:00-05:00,84.43000030517578,85.69999694824219,84.3499984741211,85.02999877929688,564902,0.0,0.0
2024-02-01 15:30:00-05:00,85.02999877929688,85.0999984741211,84.37999725341797,84.38999938964844,438209,0.0,0.0
2024-02-02 09:30:00-05:00,83.31999969482422,85.0,82.68000030517578,84.29000091552734,416570,0.0,0.0
2024-02-02 10:30:00-05:00,84.33000183105469,84.93499755859375,83.94999694824219,84.29499816894531,186598,0.0,0.0
2024-02-02 11:30:00-05:00,84.30000305175781,84.36000061035156,83.83999633789062,84.33000183105469,178622,0.0,0.0
2024-02-02 12:30:00-05:00,84.33499908447266,85.41000366210938,84.16000366210938,85.30500030517578,102510,0.0,0.0
2024-02-02 13:30:00-05:00,85.2699966430664,86.54000091552734,85.2699966430664,86.33999633789062,131175,0.0,0.0
2024-02-02 14:30:00-05:00,86.37000274658203,86.5199966430664,85.80000305175781,86.4000015258789,186032,0.0,0.0
2024-02-02 15:30:00-05:00,86.38999938964844,86.69999694824219,85.56999969482422,85.56999969482422,467161,0.0,0.0
2024-02-05 09:30:00-05:00,84.30999755859375,85.37999725341797,84.30999755859375,84.57499694824219,108018,0.0,0.0
2024-02-05 10:30:00-05:00,84.51000213623047,84.91000366210938,84.24490356445312,84.30000305175781,160683,0.0,0.0
2024-02-05 11:30:00-05:00,84.20999908447266,84.54499816894531,83.94999694824219,84.54499816894531,166867,0.0,0.0
2024-02-05 12:30:00-05:00,84.6500015258789,84.91000366210938,84.36000061035156,84.62000274658203,90585,0.0,0.0
2024-02-05 13:30:00-05:00,84.56999969482422,85.0199966430664,84.55999755859375,84.98999786376953,98507,0.0,0.0
2024-02-05 14:30:00-05:00,85.0,85.05999755859375,84.48999786376953,84.49500274658203,219296,0.0,0.0
2024-02-05 15:30:00-05:00,84.49500274658203,84.52999877929688,83.84500122070312,84.2699966430664,289180,0.0,0.0
2024-02-06 09:30:00-05:00,84.0,84.73999786376953,83.84500122070312,83.96009826660156,62315,0.0,0.0
2024-02-06 10:30:00-05:00,84.05899810791016,84.26679992675781,83.91000366210938,84.18000030517578,66681,0.0,0.0
2024-02-06 11:30:00-05:00,84.19000244140625,84.30000305175781,83.98999786376953,84.2750015258789,96080,0.0,0.0
2024-02-06 12:30:00-05:00,84.23999786376953,84.30000305175781,83.75,83.91000366210938,97958,0.0,0.0
2024-02-06 13:30:00-05:00,83.91999816894531,84.13999938964844,83.83000183105469,84.0,74626,0.0,0.0
2024-02-06 14:30:00-05:00,83.99500274658203,84.0999984741211,83.8499984741211,83.93499755859375,189963,0.0,0.0
2024-02-06 15:30:00-05:00,83.93499755859375,84.30000305175781,83.9000015258789,84.04000091552734,136448,0.0,0.0
2024-02-07 09:30:00-05:00,84.33000183105469,84.33000183105469,82.94999694824219,83.77999877929688,37357,0.0,0.0
2024-02-07 10:30:00-05:00,83.86000061035156,84.22000122070312,83.58000183105469,83.75,42987,0.0,0.0
2024-02-07 11:30:00-05:00,83.87000274658203,84.0199966430664,83.61000061035156,83.69999694824219,35384,0.0,0.0
2024-02-07 12:30:00-05:00,83.66000366210938,84.01000213623047,83.5250015258789,83.93000030517578,35705,0.0,0.0
2024-02-07 13:30:00-05:00,83.9800033569336,84.0,83.68000030517578,83.76000213623047,31869,0.0,0.0
2024-02-07 14:30:00-05:00,83.76000213623047,83.97000122070312,83.58999633789062,83.62000274658203,40075,0.0,0.0
2024-02-07 15:30:00-05:00,83.62999725341797,83.66000366210938,83.4000015258789,83.48999786376953,108070,0.0,0.0
2024-02-08 09:30:00-05:00,84.06999969482422,85.51499938964844,84.03579711914062,84.93000030517578,32596,0.0,0.0
2024-02-08 10:30:00-05:00,84.9749984741211,84.98500061035156,84.16999816894531,84.32499694824219,38615,0.0,0.0
2024-02-08 11:30:00-05:00,84.29499816894531,85.04499816894531,84.29000091552734,84.98999786376953,32618,0.0,0.0
2024-02-08 12:30:00-05:00,84.98999786376953,84.98999786376953,84.58000183105469,84.7699966430664,39192,0.0,0.0
2024-02-08 13:30:00-05:00,84.7300033569336,85.1449966430664,84.58000183105469,84.98999786376953,51994,0.0,0.0
2024-02-08 14:30:00-05:00,85.05000305175781,85.05999755859375,84.66600036621094,84.68000030517578,55522,0.0,0.0
2024-02-08 15:30:00-05:00,84.68000030517578,84.69000244140625,84.31999969482422,84.69000244140625,148420,0.0,0.0
2024-02-09 09:30:00-05:00,84.69999694824219,84.91500091552734,84.0199966430664,84.43000030517578,44614,0.0,0.0
2024-02-09 10:30:00-05:00,84.43000030517578,85.33999633789062,84.30000305175781,85.04499816894531,51784,0.0,0.0
2024-02-09 11:30:00-05:00,85.08000183105469,85.51000213623047,85.01000213623047,85.41999816894531,30631,0.0,0.0
2024-02-09 12:30:00-05:00,85.40499877929688,86.0199966430664,85.33999633789062,86.0,79515,0.0,0.0
2024-02-09 13:30:00-05:00,86.05000305175781,86.05000305175781,85.62999725341797,85.77999877929688,52725,0.0,0.0
2024-02-09 14:30:00-05:00,85.77249908447266,86.0999984741211,85.65180206298828,86.08999633789062,81073,0.0,0.0
2024-02-09 15:30:00-05:00,86.11000061035156,86.23999786376953,85.88999938964844,86.23999786376953,126320,0.0,0.0
2024-02-12 09:30:00-05:00,86.25,87.9000015258789,86.08999633789062,87.61000061035156,72831,0.0,0.0
2024-02-12 10:30:00-05:00,87.61000061035156,88.0,87.5708999633789,87.81500244140625,57291,0.0,0.0
2024-02-12 11:30:00-05:00,87.8499984741211,88.01000213623047,87.48999786376953,87.76000213623047,63520,0.0,0.0
2024-02-12 12:30:00-05:00,87.80999755859375,88.4000015258789,87.69999694824219,88.24089813232422,68886,0.0,0.0
2024-02-12 13:30:00-05:00,88.29000091552734,88.45999908447266,87.85649871826172,88.0250015258789,56544,0.0,0.0
2024-02-12 14:30:00-05:00,88.04000091552734,88.2300033569336,87.75,87.75,57639,0.0,0.0
2024-02-12 15:30:00-05:00,87.7699966430664,88.13999938964844,87.7300033569336,87.87000274658203,147619,0.0,0.0
2024-02-13 09:30:00-05:00,84.29000091552734,85.12999725341797,83.62000274658203,84.5199966430664,127356,0.0,0.0
2024-02-13 10:30:00-05:00,84.55500030517578,85.0,84.29499816894531,84.88999938964844,83107,0.0,0.0
2024-02-13 11:30:00-05:00,84.875,85.36000061035156,84.79000091552734,85.05000305175781,81552,0.0,0.0
2024-02-13 12:30:00-05:00,85.08000183105469,85.18000030517578,84.73999786376953,84.8499984741211,44541,0.0,0.0
2024-02-13 13:30:00-05:00,84.87999725341797,84.88999938964844,84.25,84.33999633789062,60476,0.0,0.0
2024-02-13 14:30:00-05:00,84.37999725341797,84.66999816894531,83.95999908447266,84.50499725341797,105339,0.0,0.0
2024-02-13 15:30:00-05:00,84.5,85.30999755859375,84.41000366210938,85.18000030517578,300360,0.0,0.0
2024-02-14 09:30:00-05:00,86.69999694824219,86.91999816894531,85.55000305175781,85.91000366210938,32104,0.0,0.0
2024-02-14 10:30:00-05:00,85.87999725341797,85.87999725341797,85.01000213623047,85.45999908447266,28622,0.0,0.0
2024-02-14 11:30:00-05:00,85.49500274658203,85.69000244140625,85.11000061035156,85.69000244140625,24700,0.0,0.0
2024-02-14 12:30:00-05:00,85.70999908447266,85.9000015258789,85.56999969482422,85.83000183105469,26527,0.0,0.0
2024-02-14 13:30:00-05:00,85.88999938964844,86.51000213623047,85.88999938964844,86.49500274658203,36444,0.0,0.0
2024-02-14 14:30:00-05:00,86.49500274658203,87.04000091552734,86.38999938964844,87.0199966430664,154091,0.0,0.0
2024-02-14 15:30:00-05:00,86.94999694824219,86.95999908447266,86.48999786376953,86.63999938964844,92727,0.0,0.0
2024-02-15 09:30:00-05:00,88.30000305175781,88.69499969482422,87.70999908447266,88.2300033569336,76052,0.0,0.0
2024-02-15 10:30:00-05:00,88.16100311279297,88.16100311279297,87.41000366210938,87.70500183105469,33760,0.0,0.0
2024-02-15 11:30:00-05:00,87.69999694824219,88.19000244140625,87.5199966430664,88.0999984741211,55483,0.0,0.0
2024-02-15 12:30:00-05:00,88.08000183105469,88.12999725341797,87.20999908447266,87.3499984741211,27426,0.0,0.0
2024-02-15 13:30:00-05:00,87.41000366210938,87.73999786376953,87.33000183105469,87.62000274658203,37698,0.0,0.0
2024-02-15 14:30:00-05:00,87.6500015258789,88.18000030517578,87.56500244140625,88.05000305175781,72380,0.0,0.0
2024-02-15 15:30:00-05:00,88.0199966430664,88.12000274658203,87.87999725341797,88.0999984741211,106471,0.0,0.0
2024-02-16 09:30:00-05:00,87.08000183105469,87.54000091552734,86.70999908447266,87.0199966430664,38263,0.0,0.0
2024-02-16 10:30:00-05:00,87.0425033569336,87.32009887695312,86.9000015258789,87.29000091552734,33422,0.0,0.0
2024-02-16 11:30:00-05:00,87.27999877929688,87.38999938964844,86.79499816894531,87.12999725341797,32310,0.0,0.0
2024-02-16 12:30:00-05:00,87.18000030517578,87.36000061035156,86.88500213623047,87.11499786376953,24712,0.0,0.0
2024-02-16 13:30:00-05:00,87.125,87.47000122070312,87.05999755859375,87.3499984741211,24078,0.0,0.0
2024-02-16 14:30:00-05:00,87.38999938964844,87.38999938964844,86.93000030517578,87.15750122070312,36743,0.0,0.0
2024-02-16 15:30:00-05:00,87.16999816894531,87.16999816894531,86.37999725341797,86.43000030517578,113419,0.0,0.0
2024-02-20 09:30:00-05:00,88.20999908447266,88.20999908447266,86.16999816894531,86.45010375976562,115809,0.0,0.0
2024-02-20 10:30:00-05:00,86.58999633789062,87.38849639892578,86.36000061035156,87.20500183105469,56625,0.0,0.0
2024-02-20 11:30:00-05:00,87.1500015258789,87.18000030517578,86.66500091552734,86.69999694824219,25885,0.0,0.0
2024-02-20 12:30:00-05:00,86.69999694824219,86.93000030517578,86.48500061035156,86.79499816894531,24572,0.0,0.0
2024-02-20 13:30:00-05:00,86.86000061035156,87.06999969482422,86.7300033569336,87.0250015258789,23834,0.0,0.0
2024-02-20 14:30:00-05:00,87.0,87.29000091552734,86.94000244140625,87.13999938964844,38833,0.0,0.0
2024-02-20 15:30:00-05:00,87.20999908447266,87.23999786376953,86.79000091552734,87.23999786376953,78585,0.0,0.0
2024-02-21 09:30:00-05:00,86.83000183105469,87.47000122070312,86.58000183105469,87.08000183105469,22056,0.0,0.0
2024-02-21 10:30:00-05:00,87.05999755859375,87.37999725341797,86.95999908447266,87.29000091552734,25867,0.0,0.0
2024-02-21 11:30:00-05:00,87.25250244140625,87.56999969482422,87.1500015258789,87.50499725341797,36933,0.0,0.0
2024-02-21 12:30:00-05:00,87.52999877929688,88.16999816894531,87.41999816894531,88.16999816894531,46316,0.0,0.0
2024-02-21 13:30:00-05:00,88.18000030517578,88.31999969482422,87.70999908447266,87.80500030517578,37138,0.0,0.0
2024-02-21 14:30:00-05:00,87.76000213623047,87.76000213623047,87.16999816894531,87.26000213623047,31138,0.0,0.0
2024-02-21 15:30:00-05:00,87.25,87.95999908447266,87.25,87.7699966430664,86689,0.0,0.0
2024-02-22 09:30:00-05:00,87.91000366210938,89.16999816894531,87.76000213623047,88.63999938964844,68854,0.0,0.0
2024-02-22 10:30:00-05:00,88.58999633789062,88.91500091552734,88.375,88.83000183105469,39286,0.0,0.0
2024-02-22 11:30:00-05:00,88.81500244140625,88.97000122070312,88.66999816894531,88.76000213623047,45712,0.0,0.0
2024-02-22 12:30:00-05:00,88.76000213623047,89.02999877929688,88.61000061035156,88.7300033569336,39156,0.0,0.0
2024-02-22 13:30:00-05:00,88.76000213623047,89.08999633789062,88.76000213623047,89.08000183105469,33752,0.0,0.0
2024-02-22 14:30:00-05:00,89.0999984741211,89.0999984741211,88.83999633789062,89.05000305175781,42741,0.0,0.0
2024-02-22 15:30:00-05:00,88.95500183105469,88.9800033569336,88.63999938964844,88.7300033569336,93704,0.0,0.0
2024-02-23 09:30:00-05:00,88.58000183105469,88.58000183105469,87.83999633789062,87.83999633789062,76174,0.0,0.0
2024-02-23 10:30:00-05:00,87.87000274658203,88.20999908447266,87.1500015258789,87.41999816894531,74753,0.0,0.0
2024-02-23 11:30:00-05:00,87.43499755859375,87.62000274658203,87.20999908447266,87.40499877929688,71792,0.0,0.0
2024-02-23 12:30:00-05:00,87.44499969482422,87.55500030517578,87.25,87.29000091552734,51975,0.0,0.0
2024-02-23 13:30:00-05:00,87.30000305175781,87.69000244140625,87.23999786376953,87.5999984741211,65322,0.0,0.0
2024-02-23 14:30:00-05:00,87.5999984741211,87.75499725341797,87.3499984741211,87.4800033569336,66285,0.0,0.0
2024-02-23 15:30:00-05:00,87.47000122070312,87.69999694824219,87.12999725341797,87.66999816894531,142037,0.0,0.0
2024-02-26 09:30:00-05:00,87.77999877929688,88.9800033569336,87.41500091552734,88.3949966430664,74255,0.0,0.0
2024-02-26 10:30:00-05:00,88.40499877929688,88.40499877929688,87.5199966430664,87.87000274658203,28160,0.0,0.0
2024-02-26 11:30:00-05:00,87.74500274658203,87.75,87.3499984741211,87.42500305175781,32694,0.0,0.0
2024-02-26 12:30:00-05:00,87.45999908447266,87.55999755859375,86.98999786376953,87.04000091552734,32008,0.0,0.0
2024-02-26 13:30:00-05:00,86.9800033569336,87.48999786376953,86.9800033569336,87.48999786376953,33312,0.0,0.0
2024-02-26 14:30:00-05:00,87.51000213623047,87.52999877929688,87.22000122070312,87.41500091552734,44161,0.0,0.0
2024-02-26 15:30:00-05:00,87.4000015258789,87.4000015258789,86.95999908447266,86.97000122070312,144828,0.0,0.0
2024-02-27 09:30:00-05:00,87.86000061035156,87.86000061035156,86.62999725341797,86.78500366210938,28065,0.0,0.0
2024-02-27 10:30:00-05:00,86.81500244140625,87.24600219726562,86.81500244140625,87.24600219726562,85615,0.0,0.0
2024-02-27 11:30:00-05:00,87.23500061035156,87.52999877929688,86.9800033569336,87.01000213623047,52152,0.0,0.0
2024-02-27 12:30:00-05:00,87.0199966430664,87.38999938964844,87.0199966430664,87.18000030517578,27288,0.0,0.0
2024-02-27 13:30:00-05:00,87.12999725341797,87.27999877929688,86.41999816894531,86.55000305175781,39187,0.0,0.0
2024-02-27 14:30:00-05:00,86.58000183105469,86.58000183105469,86.01000213623047,86.19000244140625,74858,0.0,0.0
2024-02-27 15:30:00-05:00,86.22000122070312,86.5,86.12999725341797,86.43000030517578,111654,0.0,0.0
2024-02-28 09:30:00-05:00,85.16999816894531,85.87999725341797,85.08000183105469,85.8499984741211,37156,0.0,0.0
2024-02-28 10:30:00-05:00,85.87999725341797,86.68000030517578,85.84500122070312,86.68000030517578,56383,0.0,0.0
2024-02-28 11:30:00-05:00,86.68000030517578,86.68000030517578,85.84500122070312,86.1050033569336,33596,0.0,0.0
2024-02-28 12:30:00-05:00,86.0999984741211,86.2699966430664,85.83999633789062,86.16999816894531,33494,0.0,0.0
2024-02-28 13:30:00-05:00,86.19000244140625,86.23500061035156,85.66999816894531,85.80999755859375,47344,0.0,0.0
2024-02-28 14:30:00-05:00,85.80999755859375,86.37999725341797,85.74500274658203,86.37999725341797,56811,0.0,0.0
2024-02-28 15:30:00-05:00,86.30000305175781,86.55999755859375,86.05000305175781,86.5,163879,0.0,0.0
2024-02-29 09:30:00-05:00,87.23999786376953,87.61000061035156,86.80000305175781,87.33000183105469,40561,0.0,0.0
2024-02-29 10:30:00-05:00,87.33000183105469,87.44999694824219,86.97250366210938,87.0,40040,0.0,0.0
2024-02-29 11:30:00-05:00,87.0,87.05999755859375,86.53500366210938,86.7699966430664,30698,0.0,0.0
2024-02-29 12:30:00-05:00,86.75499725341797,87.12000274658203,86.70500183105469,87.08499908447266,27367,0.0,0.0
2024-02-29 13:30:00-05:00,87.04000091552734,87.19000244140625,86.89009857177734,87.08999633789062,25776,0.0,0.0
2024-02-29 14:30:00-05:00,87.12999725341797,87.37999725341797,87.02999877929688,87.12000274658203,39575,0.0,0.0
2024-02-29 15:30:00-05:00,87.16999816894531,87.77999877929688,86.93000030517578,87.4000015258789,132580,0.0,0.0
2024-03-01 09:30:00-05:00,87.30999755859375,87.7249984741211,85.7300033569336,87.43499755859375,40563,0.0,0.0
2024-03-01 10:30:00-05:00,87.31999969482422,87.94499969482422,87.26000213623047,87.72000122070312,32458,0.0,0.0
2024-03-01 11:30:00-05:00,87.61009979248047,87.92960357666016,87.58999633789062,87.76499938964844,32938,0.0,0.0
2024-03-01 12:30:00-05:00,87.7699966430664,87.9000015258789,87.4800033569336,87.5199966430664,26895,0.0,0.0
2024-03-01 13:30:00-05:00,87.53500366210938,87.88999938964844,87.53500366210938,87.66999816894531,30246,0.0,0.0
2024-03-01 14:30:00-05:00,87.69000244140625,87.92780303955078,87.5593032836914,87.62999725341797,40896,0.0,0.0
2024-03-01 15:30:00-05:00,87.55999755859375,87.93000030517578,87.41999816894531,87.91699981689453,70827,0.0,0.0
2024-03-04 09:30:00-05:00,87.69000244140625,88.5,87.58000183105469,87.81999969482422,62568,0.0,0.0
2024-03-04 10:30:00-05:00,87.68000030517578,88.75499725341797,87.66999816894531,88.58000183105469,56755,0.0,0.0
2024-03-04 11:30:00-05:00,88.58000183105469,88.93000030517578,88.23500061035156,88.23500061035156,50954,0.0,0.0
2024-03-04 12:30:00-05:00,88.23799896240234,88.5,88.06500244140625,88.27999877929688,30952,0.0,0.0
2024-03-04 13:30:00-05:00,88.30000305175781,88.88500213623047,88.29499816894531,88.72000122070312,54628,0.0,0.0
2024-03-04 14:30:00-05:00,88.7300033569336,88.9800033569336,88.34500122070312,88.38999938964844,68849,0.0,0.0
2024-03-04 15:30:00-05:00,88.38999938964844,88.41999816894531,88.02999877929688,88.30000305175781,110798,0.0,0.0
2024-03-05 09:30:00-05:00,87.36000061035156,88.7699966430664,87.2699966430664,88.19999694824219,51192,0.0,0.0
2024-03-05 10:30:00-05:00,88.18000030517578,89.5999984741211,88.18000030517578,89.16000366210938,72572,0.0,0.0
2024-03-05 11:30:00-05:00,89.22000122070312,89.9800033569336,89.22000122070312,89.93000030517578,47023,0.0,0.0
2024-03-05 12:30:00-05:00,89.92500305175781,90.30000305175781,89.87999725341797,90.27999877929688,75341,0.0,0.0
2024-03-05 13:30:00-05:00,90.29000091552734,90.56999969482422,90.08000183105469,90.5,54481,0.0,0.0
2024-03-05 14:30:00-05:00,90.5,90.5,89.33999633789062,89.55999755859375,99191,0.0,0.0
2024-03-05 15:30:00-05:00,89.5250015258789,89.7699966430664,89.02999877929688,89.05999755859375,178980,0.0,0.0
2024-03-06 09:30:00-05:00,88.75,89.5,87.58999633789062,89.25,61531,0.0,0.0
2024-03-06 10:30:00-05:00,89.13999938964844,89.13999938964844,88.5,88.70999908447266,37872,0.0,0.0
2024-03-06 11:30:00-05:00,88.69000244140625,89.05000305175781,88.21499633789062,89.01000213623047,71369,0.0,0.0
2024-03-06 12:30:00-05:00,89.0199966430664,89.13999938964844,88.26000213623047,88.27999877929688,31383,0.0,0.0
2024-03-06 13:30:00-05:00,88.26499938964844,88.32499694824219,87.81999969482422,88.31999969482422,82879,0.0,0.0
2024-03-06 14:30:00-05:00,88.36000061035156,88.44000244140625,87.94999694824219,88.44000244140625,66298,0.0,0.0
2024-03-06 15:30:00-05:00,88.5,88.5,87.75,87.87000274658203,86882,0.0,0.0
2024-03-07 09:30:00-05:00,88.44999694824219,89.66999816894531,88.44999694824219,89.06999969482422,36130,0.0,0.0
2024-03-07 10:30:00-05:00,89.0999984741211,89.72000122070312,89.05999755859375,89.36000061035156,47481,0.0,0.0
2024-03-07 11:30:00-05:00,89.26000213623047,89.33999633789062,88.87999725341797,89.26000213623047,28504,0.0,0.0
2024-03-07 12:30:00-05:00,89.25,89.37000274658203,89.12999725341797,89.37000274658203,27038,0.0,0.0
2024-03-07 13:30:00-05:00,89.38999938964844,89.6500015258789,89.22000122070312,89.33000183105469,30574,0.0,0.0
2024-03-07 14:30:00-05:00,89.29000091552734,89.41999816894531,89.13999938964844,89.2300033569336,41086,0.0,0.0
2024-03-07 15:30:00-05:00,89.2300033569336,89.55999755859375,89.12999725341797,89.55999755859375,91617,0.0,0.0
2024-03-08 09:30:00-05:00,90.94000244140625,92.94999694824219,90.94000244140625,92.90499877929688,209080,0.0,0.0
2024-03-08 10:30:00-05:00,92.86160278320312,92.97000122070312,92.00309753417969,92.00309753417969,51942,0.0,0.0
2024-03-08 11:30:00-05:00,91.84850311279297,92.20999908447266,91.51000213623047,91.7699966430664,48772,0.0,0.0
2024-03-08 12:30:00-05:00,91.77999877929688,91.8499984741211,91.12999725341797,91.30999755859375,43100,0.0,0.0
2024-03-08 13:30:00-05:00,91.33000183105469,91.4124984741211,90.73999786376953,91.38999938964844,57555,0.0,0.0
2024-03-08 14:30:00-05:00,91.36000061035156,91.94000244140625,90.06999969482422,90.06999969482422,126346,0.0,0.0
2024-03-08 15:30:00-05:00,90.06999969482422,90.2699966430664,89.87000274658203,90.25,185200,0.0,0.0
2024-03-11 09:30:00-04:00,90.23999786376953,91.3499984741211,89.69999694824219,89.83999633789062,39043,0.0,0.0
2024-03-11 10:30:00-04:00,89.84500122070312,90.1050033569336,89.41000366210938,89.41999816894531,71539,0.0,0.0
2024-03-11 11:30:00-04:00,89.4000015258789,89.58999633789062,89.0,89.50499725341797,30199,0.0,0.0
2024-03-11 12:30:00-04:00,89.5199966430664,89.90499877929688,89.5,89.9000015258789,46357,0.0,0.0
2024-03-11 13:30:00-04:00,89.88999938964844,89.94000244140625,89.50499725341797,89.8499984741211,47158,0.0,0.0
2024-03-11 14:30:00-04:00,89.86499786376953,90.0,89.68000030517578,89.87999725341797,48995,0.0,0.0
2024-03-11 15:30:00-04:00,89.875,90.29000091552734,89.75499725341797,90.20999908447266,156744,0.0,0.0
2024-03-12 09:30:00-04:00,89.5999984741211,90.05999755859375,88.8499984741211,89.44000244140625,28030,0.0,0.0
2024-03-12 10:30:00-04:00,89.61000061035156,90.25,89.43000030517578,90.08999633789062,47529,0.0,0.0
2024-03-12 11:30:00-04:00,90.0999984741211,90.0999984741211,89.52999877929688,89.63999938964844,35473,0.0,0.0
2024-03-12 12:30:00-04:00,89.5999984741211,89.94000244140625,89.38999938964844,89.83999633789062,40702,0.0,0.0
2024-03-12 13:30:00-04:00,89.7699966430664,89.94000244140625,89.68000030517578,89.94000244140625,18249,0.0,0.0
2024-03-12 14:30:00-04:00,89.9489974975586,90.0,89.44999694824219,89.69499969482422,92568,0.0,0.0
2024-03-12 15:30:00-04:00,89.66999816894531,89.66999816894531,88.80999755859375,89.43000030517578,124271,0.0,0.0
2024-03-13 09:30:00-04:00,89.38999938964844,90.27999877929688,88.81999969482422,89.79499816894531,85006,0.0,0.0
2024-03-13 10:30:00-04:00,89.84500122070312,89.84500122070312,88.77999877929688,89.25499725341797,44371,0.0,0.0
2024-03-13 11:30:00-04:00,89.16999816894531,89.67279815673828,89.07499694824219,89.37000274658203,245532,0.0,0.0
2024-03-13 12:30:00-04:00,89.2699966430664,89.56749725341797,89.2300033569336,89.5,49522,0.0,0.0
2024-03-13 13:30:00-04:00,89.5,89.54000091552734,89.12999725341797,89.3499984741211,43179,0.0,0.0
2024-03-13 14:30:00-04:00,89.36000061035156,89.55000305175781,89.05000305175781,89.22000122070312,43926,0.0,0.0
2024-03-13 15:30:00-04:00,89.27999877929688,89.5374984741211,89.18000030517578,89.37000274658203,87837,0.0,0.0
2024-03-14 09:30:00-04:00,89.36000061035156,89.5999984741211,86.86000061035156,87.12000274658203,53385,0.0,0.0
2024-03-14 10:30:00-04:00,87.2699966430664,87.69999694824219,87.0999984741211,87.30500030517578,80477,0.0,0.0
2024-03-14 11:30:00-04:00,87.26000213623047,87.26000213623047,86.38500213623047,86.58499908447266,40690,0.0,0.0
2024-03-14 12:30:00-04:00,86.59500122070312,86.66000366210938,85.881103515625,85.99500274658203,68748,0.0,0.0
2024-03-14 13:30:00-04:00,86.0,86.29499816894531,85.98500061035156,86.0199966430664,49740,0.0,0.0
2024-03-14 14:30:00-04:00,86.0199966430664,86.13999938964844,84.80000305175781,85.02999877929688,141756,0.0,0.0
2024-03-14 15:30:00-04:00,85.01000213623047,85.16000366210938,84.70500183105469,85.16000366210938,195211,0.0,0.0
2024-03-15 09:30:00-04:00,84.62000274658203,86.91999816894531,84.62000274658203,85.97000122070312,284716,0.0,0.0
2024-03-15 10:30:00-04:00,85.98999786376953,86.23999786376953,85.61000061035156,85.75,90158,0.0,0.0
2024-03-15 11:30:00-04:00,85.75,86.04000091552734,85.68000030517578,85.8499984741211,51645,0.0,0.0
2024-03-15 12:30:00-04:00,85.80999755859375,86.08999633789062,85.58000183105469,85.9800033569336,89660,0.0,0.0
2024-03-15 13:30:00-04:00,85.9800033569336,86.33999633789062,85.9800033569336,86.29000091552734,114973,0.0,0.0
2024-03-15 14:30:00-04:00,86.25499725341797,87.30999755859375,86.2300033569336,87.11499786376953,130727,0.0,0.0
2024-03-15 15:30:00-04:00,87.13999938964844,87.91000366210938,86.98999786376953,87.4800033569336,514486,0.0,0.0
2024-03-18 09:30:00-04:00,87.2300033569336,87.8499984741211,85.87999725341797,86.55000305175781,75840,0.0,0.0
2024-03-18 10:30:00-04:00,86.48999786376953,87.52999877929688,86.37999725341797,87.23500061035156,64460,0.0,0.0
2024-03-18 11:30:00-04:00,87.23500061035156,87.41000366210938,86.81999969482422,87.37999725341797,58958,0.0,0.0
2024-03-18 12:30:00-04:00,87.37999725341797,87.94000244140625,87.2500991821289,87.56500244140625,65345,0.0,0.0
2024-03-18 13:30:00-04:00,87.5,87.69999694824219,87.19499969482422,87.19499969482422,74969,0.0,0.0
2024-03-18 14:30:00-04:00,87.16000366210938,87.4800033569336,86.82599639892578,86.87999725341797,101492,0.0,0.0
2024-03-18 15:30:00-04:00,86.875,87.04000091552734,86.69999694824219,87.01000213623047,167660,0.0,0.0
2024-03-19 09:30:00-04:00,86.43000030517578,88.3949966430664,86.43000030517578,88.16999816894531,60483,0.0,0.0
2024-03-19 10:30:00-04:00,88.06999969482422,88.25,87.69999694824219,88.13999938964844,32068,0.0,0.0
2024-03-19 11:30:00-04:00,88.19000244140625,88.75,88.12999725341797,88.68000030517578,66266,0.0,0.0
2024-03-19 12:30:00-04:00,88.71499633789062,88.8499984741211,88.49500274658203,88.8499984741211,38838,0.0,0.0
2024-03-19 13:30:00-04:00,88.83000183105469,89.0999984741211,88.7925033569336,89.00499725341797,58705,0.0,0.0
2024-03-19 14:30:00-04:00,88.98500061035156,89.05000305175781,88.69999694824219,88.95999908447266,80145,0.0,0.0
2024-03-19 15:30:00-04:00,89.0,89.33999633789062,88.81999969482422,89.08999633789062,202569,0.0,0.0
2024-03-20 09:30:00-04:00,89.41999816894531,90.77999877929688,89.41999816894531,90.75,59699,0.0,0.0
2024-03-20 10:30:00-04:00,90.71499633789062,91.41000366210938,90.68000030517578,90.83000183105469,141719,0.0,0.0
2024-03-20 11:30:00-04:00,90.7699966430664,90.87000274658203,90.51000213623047,90.62000274658203,53931,0.0,0.0
2024-03-20 12:30:00-04:00,90.62000274658203,91.01000213623047,90.55999755859375,90.66999816894531,81704,0.0,0.0
2024-03-20 13:30:00-04:00,90.69000244140625,91.3949966430664,90.45999908447266,91.05000305175781,86571,0.0,0.0
2024-03-20 14:30:00-04:00,91.0999984741211,91.93000030517578,90.70999908447266,91.83000183105469,232098,0.0,0.0
2024-03-20 15:30:00-04:00,91.8499984741211,92.28500366210938,91.52999877929688,92.12000274658203,354554,0.0,0.0
2024-03-21 09:30:00-04:00,92.94999694824219,93.94000244140625,92.94999694824219,93.7249984741211,115860,0.0,0.0
2024-03-21 10:30:00-04:00,93.74500274658203,93.75,93.0199966430664,93.31999969482422,112665,0.0,0.0
2024-03-21 11:30:00-04:00,93.27999877929688,93.7699966430664,93.2300033569336,93.63999938964844,86382,0.0,0.0
2024-03-21 12:30:00-04:00,93.62999725341797,93.86000061035156,93.44000244140625,93.53500366210938,96254,0.0,0.0
2024-03-21 13:30:00-04:00,93.53500366210938,94.37000274658203,93.4800033569336,94.37000274658203,112771,0.0,0.0
2024-03-21 14:30:00-04:00,94.33499908447266,94.43499755859375,94.0,94.11000061035156,91355,0.0,0.0
2024-03-21 15:30:00-04:00,94.08999633789062,94.0999984741211,93.45999908447266,93.97000122070312,174793,0.0,0.0
2024-03-22 09:30:00-04:00,93.8499984741211,93.9000015258789,92.47000122070312,92.80000305175781,58976,0.0,0.0
2024-03-22 10:30:00-04:00,92.80000305175781,92.80000305175781,91.95999908447266,92.0,121266,0.0,0.0
2024-03-22 11:30:00-04:00,92.12999725341797,92.22000122070312,91.97000122070312,92.16999816894531,60211,0.0,0.0
2024-03-22 12:30:00-04:00,92.20999908447266,92.52999877929688,92.11499786376953,92.36000061035156,87911,0.0,0.0
2024-03-22 13:30:00-04:00,92.36000061035156,92.75499725341797,92.31999969482422,92.55500030517578,65812,0.0,0.0
2024-03-22 14:30:00-04:00,92.55500030517578,92.61000061035156,92.06999969482422,92.14820098876953,95933,0.0,0.0
2024-03-22 15:30:00-04:00,92.18000030517578,92.43000030517578,92.0199966430664,92.27999877929688,143044,0.0,0.0
2024-03-25 09:30:00-04:00,92.87000274658203,93.3949966430664,92.69000244140625,92.80999755859375,26231,0.0,0.0
2024-03-25 10:30:00-04:00,92.83999633789062,93.08499908447266,92.66000366210938,92.80000305175781,35778,0.0,0.0
2024-03-25 11:30:00-04:00,92.7699966430664,93.19499969482422,92.70999908447266,93.19499969482422,106028,0.0,0.0
2024-03-25 12:30:00-04:00,93.2300033569336,93.26000213623047,92.94000244140625,92.98999786376953,23075,0.0,0.0
2024-03-25 13:30:00-04:00,93.04000091552734,93.26000213623047,92.8550033569336,93.08999633789062,50577,0.0,0.0
2024-03-25 14:30:00-04:00,93.0999984741211,93.12000274658203,92.86499786376953,93.02999877929688,56174,0.0,0.0
2024-03-25 15:30:00-04:00,93.0250015258789,93.0999984741211,92.87999725341797,92.93000030517578,155386,0.0,0.0
2024-03-26 09:30:00-04:00,94.01000213623047,94.01000213623047,92.95500183105469,93.05999755859375,46912,0.0,0.0
2024-03-26 10:30:00-04:00,93.16999816894531,93.5,93.12000274658203,93.33000183105469,39761,0.0,0.0
2024-03-26 11:30:00-04:00,93.33000183105469,93.56999969482422,93.13999938964844,93.51000213623047,43504,0.0,0.0
2024-03-26 12:30:00-04:00,93.58999633789062,93.70999908447266,93.33499908447266,93.33999633789062,20986,0.0,0.0
2024-03-26 13:30:00-04:00,93.33999633789062,93.69999694824219,93.25,93.63500213623047,40919,0.0,0.0
2024-03-26 14:30:00-04:00,93.63500213623047,93.63500213623047,93.2300033569336,93.30000305175781,55302,0.0,0.0
2024-03-26 15:30:00-04:00,93.29499816894531,93.4000015258789,93.18000030517578,93.2699966430664,144496,0.0,0.0
2024-03-27 09:30:00-04:00,94.0199966430664,94.7699966430664,93.98999786376953,94.41999816894531,94363,0.0,0.0
2024-03-27 10:30:00-04:00,94.5,94.87999725341797,94.34500122070312,94.6500015258789,70329,0.0,0.0
2024-03-27 11:30:00-04:00,94.62000274658203,94.98999786376953,94.5,94.93000030517578,49636,0.0,0.0
2024-03-27 12:30:00-04:00,94.94999694824219,95.05500030517578,94.59500122070312,94.66000366210938,58526,0.0,0.0
2024-03-27 13:30:00-04:00,94.81999969482422,95.45999908447266,94.81999969482422,95.44999694824219,56237,0.0,0.0
2024-03-27 14:30:00-04:00,95.44000244140625,95.67500305175781,95.38999938964844,95.55999755859375,77024,0.0,0.0
2024-03-27 15:30:00-04:00,95.5999984741211,95.87000274658203,95.51000213623047,95.69999694824219,142517,0.0,0.0
2024-03-28 09:30:00-04:00,95.68000030517578,96.5999984741211,95.4800033569336,96.25,41808,0.0,0.0
2024-03-28 10:30:00-04:00,96.2300033569336,96.5999984741211,96.05000305175781,96.18499755859375,35455,0.0,0.0
2024-03-28 11:30:00-04:00,96.23500061035156,96.41999816894531,96.13999938964844,96.2300033569336,39203,0.0,0.0
2024-03-28 12:30:00-04:00,96.23999786376953,96.31999969482422,96.11000061035156,96.2750015258789,30728,0.0,0.0
2024-03-28 13:30:00-04:00,96.19999694824219,96.54000091552734,96.12000274658203,96.26499938964844,108073,0.0,0.0
2024-03-28 14:30:00-04:00,96.25,96.31999969482422,95.9020004272461,95.94999694824219,63618,0.0,0.0
2024-03-28 15:30:00-04:00,95.94999694824219,96.6500015258789,95.93099975585938,96.55999755859375,221229,0.0,0.0
2024-04-01 09:30:00-04:00,96.36000061035156,96.51000213623047,95.44999694824219,95.84249877929688,57429,0.0,0.0
2024-04-01 10:30:00-04:00,95.86499786376953,96.27999877929688,95.79000091552734,95.79000091552734,52508,0.0,0.0
2024-04-01 11:30:00-04:00,95.79000091552734,96.2488021850586,95.75,96.0999984741211,55603,0.0,0.0
2024-04-01 12:30:00-04:00,96.08000183105469,96.16000366210938,95.62999725341797,95.90499877929688,46891,0.0,0.0
2024-04-01 13:30:00-04:00,95.9000015258789,96.20500183105469,95.61000061035156,95.7300033569336,42200,0.0,0.0
2024-04-01 14:30:00-04:00,95.7300033569336,95.80999755859375,95.36900329589844,95.55999755859375,71725,0.0,0.0
2024-04-01 15:30:00-04:00,95.54000091552734,95.91999816894531,95.42500305175781,95.86000061035156,133086,0.0,0.0
2024-04-02 09:30:00-04:00,94.69999694824219,95.18000030517578,94.22000122070312,94.36499786376953,119738,0.0,0.0
2024-04-02 10:30:00-04:00,94.375,94.51110076904297,93.83000183105469,94.1050033569336,87563,0.0,0.0
2024-04-02 11:30:00-04:00,94.08999633789062,94.21499633789062,93.79299926757812,93.83000183105469,53654,0.0,0.0
2024-04-02 12:30:00-04:00,93.80999755859375,93.80999755859375,93.29000091552734,93.36000061035156,83658,0.0,0.0
2024-04-02 13:30:00-04:00,93.36000061035156,93.6500015258789,93.12999725341797,93.4000015258789,100070,0.0,0.0
2024-04-02 14:30:00-04:00,93.3949966430664,93.58999633789062,93.36499786376953,93.48999786376953,51651,0.0,0.0
2024-04-02 15:30:00-04:00,93.45999908447266,93.95999908447266,93.41999816894531,93.9000015258789,191718,0.0,0.0
2024-04-03 09:30:00-04:00,93.5,94.76000213623047,93.5,94.05999755859375,106250,0.0,0.0
2024-04-03 10:30:00-04:00,94.08999633789062,94.4000015258789,94.0199966430664,94.20999908447266,52351,0.0,0.0
2024-04-03 11:30:00-04:00,94.24500274658203,94.37000274658203,94.06999969482422,94.2750015258789,42212,0.0,0.0
2024-04-03 12:30:00-04:00,94.2699966430664,94.5,94.08000183105469,94.1500015258789,75589,0.0,0.0
2024-04-03 13:30:00-04:00,94.15499877929688,94.5999984741211,94.11000061035156,94.5,44232,0.0,0.0
2024-04-03 14:30:00-04:00,94.5,94.5,94.09500122070312,94.19499969482422,95583,0.0,0.0
2024-04-03 15:30:00-04:00,94.22000122070312,94.41999816894531,94.1500015258789,94.19999694824219,184862,0.0,0.0
2024-04-04 09:30:00-04:00,95.37999725341797,95.37999725341797,94.13999938964844,94.55000305175781,94315,0.0,0.0
2024-04-04 10:30:00-04:00,94.55000305175781,94.88999938964844,94.3499984741211,94.57499694824219,32273,0.0,0.0
2024-04-04 11:30:00-04:00,94.51499938964844,94.58999633789062,94.44000244140625,94.5199966430664,32112,0.0,0.0
2024-04-04 12:30:00-04:00,94.49500274658203,94.55000305175781,94.33000183105469,94.54000091552734,103418,0.0,0.0
2024-04-04 13:30:00-04:00,94.5199966430664,94.63999938964844,94.35749816894531,94.36499786376953,109463,0.0,0.0
2024-04-04 14:30:00-04:00,94.30500030517578,94.30500030517578,93.05999755859375,93.23999786376953,427891,0.0,0.0
2024-04-04 15:30:00-04:00,93.23999786376953,93.64399719238281,92.68000030517578,93.37999725341797,234644,0.0,0.0
2024-04-05 09:30:00-04:00,93.30999755859375,94.0,93.23500061035156,93.53500366210938,57835,0.0,0.0
2024-04-05 10:30:00-04:00,93.4800033569336,94.19999694824219,93.08499908447266,93.52999877929688,104369,0.0,0.0
2024-04-05 11:30:00-04:00,93.62999725341797,94.0,93.5,93.94999694824219,216806,0.0,0.0
2024-04-05 12:30:00-04:00,93.91999816894531,93.93499755859375,93.4800033569336,93.56999969482422,40732,0.0,0.0
2024-04-05 13:30:00-04:00,93.5199966430664,93.80000305175781,93.16999816894531,93.47000122070312,49828,0.0,0.0
2024-04-05 14:30:00-04:00,93.44999694824219,93.72000122070312,93.36000061035156,93.62300109863281,68449,0.0,0.0
2024-04-05 15:30:00-04:00,93.5199966430664,93.7300033569336,93.37999725341797,93.6500015258789,133570,0.0,0.0
2024-04-08 09:30:00-04:00,94.69999694824219,94.69999694824219,93.40499877929688,93.54000091552734,101102,0.0,0.0
2024-04-08 10:30:00-04:00,93.54000091552734,93.55999755859375,92.63999938964844,92.66000366210938,88766,0.0,0.0
2024-04-08 11:30:00-04:00,92.66000366210938,93.27999877929688,92.16200256347656,93.17500305175781,62849,0.0,0.0
2024-04-08 12:30:00-04:00,93.28500366210938,93.70500183105469,93.16000366210938,93.43000030517578,97563,0.0,0.0
2024-04-08 13:30:00-04:00,93.43000030517578,93.7699966430664,93.19999694824219,93.23500061035156,99669,0.0,0.0
2024-04-08 14:30:00-04:00,93.25,93.53500366210938,93.18000030517578,93.3949966430664,99096,0.0,0.0
2024-04-08 15:30:00-04:00,93.37999725341797,93.60900115966797,93.13999938964844,93.26000213623047,153539,0.0,0.0
2024-04-09 09:30:00-04:00,93.4000015258789,94.02999877929688,92.93000030517578,93.47000122070312,24329,0.0,0.0
2024-04-09 10:30:00-04:00,93.4000015258789,93.55000305175781,92.72000122070312,93.55000305175781,47693,0.0,0.0
2024-04-09 11:30:00-04:00,93.5,93.5250015258789,93.13999938964844,93.5,29656,0.0,0.0
2024-04-09 12:30:00-04:00,93.44999694824219,93.66999816894531,93.25,93.37000274658203,15489,0.0,0.0
2024-04-09 13:30:00-04:00,93.37000274658203,93.47000122070312,93.08000183105469,93.41000366210938,24173,0.0,0.0
2024-04-09 14:30:00-04:00,93.3499984741211,93.87000274658203,93.2249984741211,93.80999755859375,77813,0.0,0.0
2024-04-09 15:30:00-04:00,93.79000091552734,93.9000015258789,93.54000091552734,93.63999938964844,124978,0.0,0.0
2024-04-10 09:30:00-04:00,90.98999786376953,91.45999908447266,90.19000244140625,91.25,68329,0.0,0.0
2024-04-10 10:30:00-04:00,91.2249984741211,91.66999816894531,91.12999725341797,91.62000274658203,68462,0.0,0.0
2024-04-10 11:30:00-04:00,91.66999816894531,91.66999816894531,91.11000061035156,91.49500274658203,70601,0.0,0.0
2024-04-10 12:30:00-04:00,91.49500274658203,91.59500122070312,91.0,91.26000213623047,76508,0.0,0.0
2024-04-10 13:30:00-04:00,91.13999938964844,91.18000030517578,90.58000183105469,90.87000274658203,99378,0.0,0.0
2024-04-10 14:30:00-04:00,90.86000061035156,91.30999755859375,90.65499877929688,91.05999755859375,119083,0.0,0.0
2024-04-10 15:30:00-04:00,91.02999877929688,91.02999877929688,90.55500030517578,90.70999908447266,157436,0.0,0.0
2024-04-11 09:30:00-04:00,90.91999816894531,90.91999816894531,89.5,89.5199966430664,43100,0.0,0.0
2024-04-11 10:30:00-04:00,89.4625015258789,89.6500015258789,89.12999725341797,89.45999908447266,54701,0.0,0.0
2024-04-11 11:30:00-04:00,89.4000015258789,89.94000244140625,89.4000015258789,89.58000183105469,49982,0.0,0.0
2024-04-11 12:30:00-04:00,89.58000183105469,89.77999877929688,89.3499984741211,89.41000366210938,56844,0.0,0.0
2024-04-11 13:30:00-04:00,89.43499755859375,89.83000183105469,88.88999938964844,89.3550033569336,232248,0.0,0.0
2024-04-11 14:30:00-04:00,89.23999786376953,89.45999908447266,88.72000122070312,88.83499908447266,89178,0.0,0.0
2024-04-11 15:30:00-04:00,88.80999755859375,88.98999786376953,88.51000213623047,88.61000061035156,214874,0.0,0.0
2024-04-12 09:30:00-04:00,87.63999938964844,88.13999938964844,86.44999694824219,86.875,75308,0.0,0.0
2024-04-12 10:30:00-04:00,86.92109680175781,87.72000122070312,86.92109680175781,87.56999969482422,69279,0.0,0.0
2024-04-12 11:30:00-04:00,87.5,87.56999969482422,87.19000244140625,87.32499694824219,34660,0.0,0.0
2024-04-12 12:30:00-04:00,87.32499694824219,87.33000183105469,86.87000274658203,86.91000366210938,47865,0.0,0.0
2024-04-12 13:30:00-04:00,86.94000244140625,87.25,86.8550033569336,86.91999816894531,64781,0.0,0.0
2024-04-12 14:30:00-04:00,86.93000030517578,87.05000305175781,86.6449966430664,86.83000183105469,118707,0.0,0.0
2024-04-12 15:30:00-04:00,86.81999969482422,87.2300033569336,86.72000122070312,87.1500015258789,122505,0.0,0.0
2024-04-15 09:30:00-04:00,86.43000030517578,87.80999755859375,86.19999694824219,86.49250030517578,112706,0.0,0.0
2024-04-15 10:30:00-04:00,86.47000122070312,86.61000061035156,86.0199966430664,86.28500366210938,48353,0.0,0.0
2024-04-15 11:30:00-04:00,86.33999633789062,86.5875015258789,85.7699966430664,85.92500305175781,55181,0.0,0.0
2024-04-15 12:30:00-04:00,85.87999725341797,86.16999816894531,85.73999786376953,85.87000274658203,58342,0.0,0.0
2024-04-15 13:30:00-04:00,85.91000366210938,86.06999969482422,85.7300033569336,85.77749633789062,50268,0.0,0.0
2024-04-15 14:30:00-04:00,85.77999877929688,86.0199966430664,85.20999908447266,85.5250015258789,74263,0.0,0.0
2024-04-15 15:30:00-04:00,85.54000091552734,85.81999969482422,85.38500213623047,85.48999786376953,160307,0.0,0.0
2024-04-16 09:30:00-04:00,84.9800033569336,85.31999969482422,84.4800033569336,84.87000274658203,80651,0.0,0.0
2024-04-16 10:30:00-04:00,84.8499984741211,85.54000091552734,84.58999633789062,85.48500061035156,71662,0.0,0.0
2024-04-16 11:30:00-04:00,85.48500061035156,85.86000061035156,85.33000183105469,85.79000091552734,45186,0.0,0.0
2024-04-16 12:30:00-04:00,85.83000183105469,85.83000183105469,85.44000244140625,85.44000244140625,38726,0.0,0.0
2024-04-16 13:30:00-04:00,85.30999755859375,85.68000030517578,84.94999694824219,85.0199966430664,55609,0.0,0.0
2024-04-16 14:30:00-04:00,85.01499938964844,85.41000366210938,85.0,85.33979797363281,70649,0.0,0.0
2024-04-16 15:30:00-04:00,85.32499694824219,85.41000366210938,84.87999725341797,84.88999938964844,142373,0.0,0.0
2024-04-17 09:30:00-04:00,84.51000213623047,84.9800033569336,83.98999786376953,84.7261962890625,96239,0.0,0.0
2024-04-17 10:30:00-04:00,84.6500015258789,84.70500183105469,83.8499984741211,83.8499984741211,48302,0.0,0.0
2024-04-17 11:30:00-04:00,83.80999755859375,84.15499877929688,83.77999877929688,83.8499984741211,69078,0.0,0.0
2024-04-17 12:30:00-04:00,83.8499984741211,84.08000183105469,83.77999877929688,84.02999877929688,57408,0.0,0.0
2024-04-17 13:30:00-04:00,84.0199966430664,84.06999969482422,83.80120086669922,83.88999938964844,62297,0.0,0.0
2024-04-17 14:30:00-04:00,83.8949966430664,84.05999755859375,83.22100067138672,83.25,121562,0.0,0.0
2024-04-17 15:30:00-04:00,83.2699966430664,83.4000015258789,82.6449966430664,82.77999877929688,171979,0.0,0.0
2024-04-18 09:30:00-04:00,82.80000305175781,83.26499938964844,81.8499984741211,82.94999694824219,62679,0.0,0.0
2024-04-18 10:30:00-04:00,82.94999694824219,83.52999877929688,82.86000061035156,83.18000030517578,69802,0.0,0.0
2024-04-18 11:30:00-04:00,83.18000030517578,83.26000213623047,82.69000244140625,82.80000305175781,63734,0.0,0.0
2024-04-18 12:30:00-04:00,82.83000183105469,82.83000183105469,81.87000274658203,82.19000244140625,57923,0.0,0.0
2024-04-18 13:30:00-04:00,82.19999694824219,82.22000122070312,81.72000122070312,81.8499984741211,54204,0.0,0.0
2024-04-18 14:30:00-04:00,81.81999969482422,81.9800033569336,81.66500091552734,81.90499877929688,54391,0.0,0.0
2024-04-18 15:30:00-04:00,81.91000366210938,82.37000274658203,81.87999725341797,82.0999984741211,146623,0.0,0.0
2024-04-19 09:30:00-04:00,81.69000244140625,83.66000366210938,81.69000244140625,83.5999984741211,144353,0.0,0.0
2024-04-19 10:30:00-04:00,83.59500122070312,84.0999984741211,83.18000030517578,83.91680145263672,104703,0.0,0.0
2024-04-19 11:30:00-04:00,83.97000122070312,84.2699966430664,83.7300033569336,83.93000030517578,83781,0.0,0.0
2024-04-19 12:30:00-04:00,83.95999908447266,84.19000244140625,83.80999755859375,83.9800033569336,44985,0.0,0.0
2024-04-19 13:30:00-04:00,83.94999694824219,84.13500213623047,83.55000305175781,83.55000305175781,56719,0.0,0.0
2024-04-19 14:30:00-04:00,83.48999786376953,83.92500305175781,83.37000274658203,83.81999969482422,84455,0.0,0.0
2024-04-19 15:30:00-04:00,83.73999786376953,83.94000244140625,83.33999633789062,83.94000244140625,235285,0.0,0.0
2024-04-22 09:30:00-04:00,84.58999633789062,85.5,84.58999633789062,84.69000244140625,87128,0.0,0.0
2024-04-22 10:30:00-04:00,84.73999786376953,84.90499877929688,84.18000030517578,84.67500305175781,74556,0.0,0.0
2024-04-22 11:30:00-04:00,84.7699966430664,84.7699966430664,84.30999755859375,84.69000244140625,50735,0.0,0.0
2024-04-22 12:30:00-04:00,84.63999938964844,85.05000305175781,84.58000183105469,85.02999877929688,57113,0.0,0.0
2024-04-22 13:30:00-04:00,85.02999877929688,85.48999786376953,84.86000061035156,85.42500305175781,82617,0.0,0.0
2024-04-22 14:30:00-04:00,85.4000015258789,85.4000015258789,84.87999725341797,84.9000015258789,117831,0.0,0.0
2024-04-22 15:30:00-04:00,84.87999725341797,85.06999969482422,84.62000274658203,84.91999816894531,172823,0.0,0.0
2024-04-23 09:30:00-04:00,84.91999816894531,86.32499694824219,84.51000213623047,85.9800033569336,41888,0.0,0.0
2024-04-23 10:30:00-04:00,86.04000091552734,86.12999725341797,85.44999694824219,85.7300033569336,76313,0.0,0.0
2024-04-23 11:30:00-04:00,85.68000030517578,85.86000061035156,85.49500274658203,85.80999755859375,29676,0.0,0.0
2024-04-23 12:30:00-04:00,85.7699966430664,86.0,85.37999725341797,85.81999969482422,92768,0.0,0.0
2024-04-23 13:30:00-04:00,85.82499694824219,86.22000122070312,85.7300033569336,86.19000244140625,57815,0.0,0.0
2024-04-23 14:30:00-04:00,86.20500183105469,86.95999908447266,86.20500183105469,86.37000274658203,172090,0.0,0.0
2024-04-23 15:30:00-04:00,86.37000274658203,86.54000091552734,86.24500274658203,86.36000061035156,142786,0.0,0.0
2024-04-24 09:30:00-04:00,86.62000274658203,87.37000274658203,86.5999984741211,86.70500183105469,63451,0.0,0.0
2024-04-24 10:30:00-04:00,86.72000122070312,86.81999969482422,86.27999877929688,86.41999816894531,91107,0.0,0.0
2024-04-24 11:30:00-04:00,86.58999633789062,86.58999633789062,86.12999725341797,86.44000244140625,54466,0.0,0.0
2024-04-24 12:30:00-04:00,86.41500091552734,86.4800033569336,85.91000366210938,86.18000030517578,124223,0.0,0.0
2024-04-24 13:30:00-04:00,86.2699966430664,86.51000213623047,86.09500122070312,86.22000122070312,79057,0.0,0.0
2024-04-24 14:30:00-04:00,86.22000122070312,86.3499984741211,85.94000244140625,86.11499786376953,122782,0.0,0.0
2024-04-24 15:30:00-04:00,86.12999725341797,86.25,86.01000213623047,86.08000183105469,273108,0.0,0.0
2024-04-25 09:30:00-04:00,83.80999755859375,84.0,79.08999633789062,80.68000030517578,403720,0.0,0.0
2024-04-25 10:30:00-04:00,80.58499908447266,80.62000274658203,79.26000213623047,79.82499694824219,234835,0.0,0.0
2024-04-25 11:30:00-04:00,79.77999877929688,80.25,79.3499984741211,79.63999938964844,181668,0.0,0.0
2024-04-25 12:30:00-04:00,79.57499694824219,79.9000015258789,79.22000122070312,79.69000244140625,242824,0.0,0.0
2024-04-25 13:30:00-04:00,79.66000366210938,80.18000030517578,79.61000061035156,79.61000061035156,142713,0.0,0.0
2024-04-25 14:30:00-04:00,79.65499877929688,80.33999633789062,79.58000183105469,80.02999877929688,191028,0.0,0.0
2024-04-25 15:30:00-04:00,80.07499694824219,80.30000305175781,79.95999908447266,79.98999786376953,271723,0.0,0.0
2024-04-26 09:30:00-04:00,79.76000213623047,82.11499786376953,79.76000213623047,81.5999984741211,79727,0.0,0.0
2024-04-26 10:30:00-04:00,81.52999877929688,81.69000244140625,81.02999877929688,81.51000213623047,68504,0.0,0.0
2024-04-26 11:30:00-04:00,81.45999908447266,81.6500015258789,81.2699966430664,81.41999816894531,51014,0.0,0.0
2024-04-26 12:30:00-04:00,81.4000015258789,81.51000213623047,81.08830261230469,81.25,55701,0.0,0.0
2024-04-26 13:30:00-04:00,81.20999908447266,81.5,81.19999694824219,81.29750061035156,48663,0.0,0.0
2024-04-26 14:30:00-04:00,81.2699966430664,81.38999938964844,81.0199966430664,81.1675033569336,84177,0.0,0.0
2024-04-26 15:30:00-04:00,81.16999816894531,81.30000305175781,80.95999908447266,81.05000305175781,209661,0.0,0.0
2024-04-29 09:30:00-04:00,81.98999786376953,81.98999786376953,81.19999694824219,81.80000305175781,43739,0.0,0.0
2024-04-29 10:30:00-04:00,82.05999755859375,82.55000305175781,81.97000122070312,82.30000305175781,51860,0.0,0.0
2024-04-29 11:30:00-04:00,82.31999969482422,82.5,82.11000061035156,82.2874984741211,40819,0.0,0.0
2024-04-29 12:30:00-04:00,82.24099731445312,82.3499984741211,82.05999755859375,82.33000183105469,39261,0.0,0.0
2024-04-29 13:30:00-04:00,82.4219970703125,82.51000213623047,81.9800033569336,82.16000366210938,49932,0.0,0.0
2024-04-29 14:30:00-04:00,82.18000030517578,82.37999725341797,81.93000030517578,82.27999877929688,57467,0.0,0.0
2024-04-29 15:30:00-04:00,82.29000091552734,82.37999725341797,82.02999877929688,82.1500015258789,97858,0.0,0.0
2024-04-30 09:30:00-04:00,81.47000122070312,82.2699966430664,81.10559844970703,82.07499694824219,38003,0.0,0.0
2024-04-30 10:30:00-04:00,82.06199645996094,82.12000274658203,81.43000030517578,81.73500061035156,37199,0.0,0.0
2024-04-30 11:30:00-04:00,81.66999816894531,81.8499984741211,81.5199966430664,81.7699966430664,31243,0.0,0.0
2024-04-30 12:30:00-04:00,81.7699966430664,81.7699966430664,81.02999877929688,81.25499725341797,90377,0.0,0.0
2024-04-30 13:30:00-04:00,81.30000305175781,81.31999969482422,80.94000244140625,80.9800033569336,39355,0.0,0.0
2024-04-30 14:30:00-04:00,80.98500061035156,81.12000274658203,80.77999877929688,80.79000091552734,44049,0.0,0.0
2024-04-30 15:30:00-04:00,80.73999786376953,80.83999633789062,80.55999755859375,80.66999816894531,89362,0.0,0.0
2024-05-01 09:30:00-04:00,80.6500015258789,80.6500015258789,79.6500015258789,79.75,45631,0.0,0.0
2024-05-01 10:30:00-04:00,79.69999694824219,80.05000305175781,79.6500015258789,79.9800033569336,54261,0.0,0.0
2024-05-01 11:30:00-04:00,80.01000213623047,80.08999633789062,79.80000305175781,80.0,42919,0.0,0.0
2024-05-01 12:30:00-04:00,80.06999969482422,80.12000274658203,79.8499984741211,79.9800033569336,61810,0.0,0.0
2024-05-01 13:30:00-04:00,79.91999816894531,80.1500015258789,79.8499984741211,80.1500015258789,94918,0.0,0.0
2024-05-01 14:30:00-04:00,80.2300033569336,81.91999816894531,79.6500015258789,81.41999816894531,113739,0.0,0.0
2024-05-01 15:30:00-04:00,81.30999755859375,81.30999755859375,80.2249984741211,80.31999969482422,99978,0.0,0.0
2024-05-02 09:30:00-04:00,81.20999908447266,81.93499755859375,79.84010314941406,80.12000274658203,38435,0.0,0.0
2024-05-02 10:30:00-04:00,80.0,80.94000244140625,79.88500213623047,80.76000213623047,37451,0.0,0.0
2024-05-02 11:30:00-04:00,80.69499969482422,81.04000091552734,80.5,81.02999877929688,76978,0.0,0.0
2024-05-02 12:30:00-04:00,81.0199966430664,81.23999786376953,80.7699966430664,81.16999816894531,32613,0.0,0.0
2024-05-02 13:30:00-04:00,81.20999908447266,81.20999908447266,80.83000183105469,81.08999633789062,37147,0.0,0.0
2024-05-02 14:30:00-04:00,81.1500015258789,81.3499984741211,80.73999786376953,80.9800033569336,100724,0.0,0.0
2024-05-02 15:30:00-04:00,80.91000366210938,81.16999816894531,80.6500015258789,81.13999938964844,90214,0.0,0.0
2024-05-03 09:30:00-04:00,82.81999969482422,83.17500305175781,82.2300033569336,82.53500366210938,48937,0.0,0.0
2024-05-03 10:30:00-04:00,82.45999908447266,82.55999755859375,81.80000305175781,82.2699966430664,40157,0.0,0.0
2024-05-03 11:30:00-04:00,82.23999786376953,82.41000366210938,81.75499725341797,82.2699966430664,36725,0.0,0.0
2024-05-03 12:30:00-04:00,82.26000213623047,82.26000213623047,81.80500030517578,81.83380126953125,23511,0.0,0.0
2024-05-03 13:30:00-04:00,81.77999877929688,82.0,81.5,81.52999877929688,46251,0.0,0.0
2024-05-03 14:30:00-04:00,81.48999786376953,82.0,81.3499984741211,81.37999725341797,88552,0.0,0.0
2024-05-03 15:30:00-04:00,81.37999725341797,81.51499938964844,81.07499694824219,81.31999969482422,176984,0.0,0.0
2024-05-06 09:30:00-04:00,82.30999755859375,83.37000274658203,81.85009765625,82.5250015258789,36819,0.0,0.0
2024-05-06 10:30:00-04:00,82.51000213623047,82.83000183105469,82.19000244140625,82.27999877929688,34217,0.0,0.0
2024-05-06 11:30:00-04:00,82.29499816894531,82.5999984741211,82.25,82.36000061035156,42699,0.0,0.0
2024-05-06 12:30:00-04:00,82.38999938964844,82.69999694824219,82.29000091552734,82.55999755859375,33909,0.0,0.0
2024-05-06 13:30:00-04:00,82.55999755859375,82.55999755859375,82.01000213623047,82.0199966430664,70073,0.0,0.0
2024-05-06 14:30:00-04:00,82.12000274658203,82.13999938964844,81.7300033569336,81.87999725341797,50460,0.0,0.0
2024-05-06 15:30:00-04:00,81.88500213623047,82.05000305175781,81.73999786376953,81.91000366210938,100323,0.0,0.0
2024-05-07 09:30:00-04:00,82.26000213623047,83.31999969482422,82.2300033569336,83.1500015258789,71680,0.0,0.0
2024-05-07 10:30:00-04:00,83.19000244140625,83.2699966430664,82.6500015258789,82.66999816894531,53171,0.0,0.0
2024-05-07 11:30:00-04:00,82.69999694824219,83.0199966430664,82.55999755859375,82.9000015258789,44576,0.0,0.0
2024-05-07 12:30:00-04:00,82.86000061035156,82.9000015258789,82.6449966430664,82.76000213623047,31397,0.0,0.0
2024-05-07 13:30:00-04:00,82.80000305175781,82.83000183105469,82.41999816894531,82.41999816894531,31978,0.0,0.0
2024-05-07 14:30:00-04:00,82.38999938964844,82.48999786376953,82.05000305175781,82.11000061035156,47399,0.0,0.0
2024-05-07 15:30:00-04:00,82.0999984741211,82.22000122070312,81.6500015258789,81.71499633789062,119158,0.0,0.0
2024-05-08 09:30:00-04:00,81.13999938964844,81.9800033569336,81.13999938964844,81.94000244140625,18022,0.0,0.0
2024-05-08 10:30:00-04:00,81.87000274658203,81.91000366210938,81.51499938964844,81.72000122070312,19643,0.0,0.0
2024-05-08 11:30:00-04:00,81.75029754638672,81.78500366210938,81.45999908447266,81.55500030517578,32256,0.0,0.0
2024-05-08 12:30:00-04:00,81.5199966430664,81.5199966430664,81.19000244140625,81.31999969482422,50084,0.0,0.0
2024-05-08 13:30:00-04:00,81.26000213623047,81.70999908447266,81.25,81.70999908447266,43457,0.0,0.0
2024-05-08 14:30:00-04:00,81.68000030517578,81.79000091552734,81.40499877929688,81.44499969482422,169911,0.0,0.0
2024-05-08 15:30:00-04:00,81.4800033569336,81.75,81.33000183105469,81.69999694824219,202872,0.0,0.0
2024-05-09 09:30:00-04:00,81.73999786376953,84.19999694824219,81.73999786376953,83.87999725341797,83426,0.0,0.0
2024-05-09 10:30:00-04:00,83.94999694824219,84.16999816894531,83.12999725341797,83.12999725341797,58292,0.0,0.0
2024-05-09 11:30:00-04:00,83.19000244140625,83.3198013305664,82.83000183105469,82.83000183105469,58754,0.0,0.0
2024-05-09 12:30:00-04:00,82.83499908447266,83.12999725341797,82.80999755859375,83.08000183105469,71197,0.0,0.0
2024-05-09 13:30:00-04:00,83.08000183105469,83.51499938964844,83.04000091552734,83.51499938964844,81191,0.0,0.0
2024-05-09 14:30:00-04:00,83.47000122070312,83.54000091552734,83.3499984741211,83.41999816894531,99681,0.0,0.0
2024-05-09 15:30:00-04:00,83.41999816894531,83.9000015258789,83.26000213623047,83.81999969482422,205670,0.0,0.0
2024-05-10 09:30:00-04:00,83.7300033569336,84.33999633789062,82.68000030517578,82.83000183105469,61240,0.0,0.0
2024-05-10 10:30:00-04:00,82.76000213623047,83.04000091552734,82.5999984741211,82.66999816894531,39832,0.0,0.0
2024-05-10 11:30:00-04:00,82.66999816894531,82.8550033569336,82.36000061035156,82.69499969482422,59069,0.0,0.0
2024-05-10 12:30:00-04:00,82.62000274658203,82.83999633789062,82.45999908447266,82.45999908447266,38079,0.0,0.0
2024-05-10 13:30:00-04:00,82.52999877929688,82.62000274658203,82.3499984741211,82.41000366210938,36228,0.0,0.0
2024-05-10 14:30:00-04:00,82.45500183105469,83.02999877929688,82.3499984741211,82.83000183105469,67563,0.0,0.0
2024-05-10 15:30:00-04:00,82.84500122070312,83.41000366210938,82.78500366210938,83.4000015258789,188150,0.0,0.0
2024-05-13 09:30:00-04:00,84.12999725341797,85.23999786376953,83.7300033569336,85.08999633789062,110731,0.0,0.0
2024-05-13 10:30:00-04:00,85.20500183105469,85.52999877929688,85.06999969482422,85.06999969482422,66659,0.0,0.0
2024-05-13 11:30:00-04:00,85.16000366210938,85.16000366210938,84.19999694824219,84.19999694824219,67610,0.0,0.0
2024-05-13 12:30:00-04:00,84.15499877929688,84.20999908447266,83.55999755859375,83.55999755859375,31552,0.0,0.0
2024-05-13 13:30:00-04:00,83.62000274658203,83.8499984741211,83.51000213623047,83.76000213623047,28035,0.0,0.0
2024-05-13 14:30:00-04:00,83.7300033569336,83.98999786376953,83.58999633789062,83.60099792480469,46455,0.0,0.0
2024-05-13 15:30:00-04:00,83.5999984741211,83.80999755859375,83.36000061035156,83.41000366210938,121419,0.0,0.0
2024-05-14 09:30:00-04:00,84.76000213623047,85.08999633789062,84.0199966430664,84.17500305175781,52697,0.0,0.0
2024-05-14 10:30:00-04:00,84.16999816894531,84.19999694824219,83.80999755859375,84.06999969482422,38067,0.0,0.0
2024-05-14 11:30:00-04:00,84.11000061035156,84.26499938964844,83.94000244140625,84.18499755859375,27434,0.0,0.0
2024-05-14 12:30:00-04:00,84.15750122070312,84.30999755859375,83.8499984741211,84.23999786376953,33682,0.0,0.0
2024-05-14 13:30:00-04:00,84.19999694824219,84.26000213623047,83.94999694824219,84.06999969482422,32901,0.0,0.0
2024-05-14 14:30:00-04:00,84.08000183105469,84.33999633789062,83.9800033569336,83.9800033569336,49061,0.0,0.0
2024-05-14 15:30:00-04:00,84.02999877929688,84.18000030517578,83.7699966430664,84.0999984741211,98642,0.0,0.0
2024-05-15 09:30:00-04:00,85.0199966430664,85.0199966430664,83.08999633789062,83.08999633789062,29939,0.0,0.0
2024-05-15 10:30:00-04:00,83.0999984741211,83.51000213623047,83.0999984741211,83.33000183105469,27264,0.0,0.0
2024-05-15 11:30:00-04:00,83.3499984741211,83.5199966430664,83.19000244140625,83.41999816894531,22321,0.0,0.0
2024-05-15 12:30:00-04:00,83.44999694824219,83.63500213623047,83.3499984741211,83.42500305175781,40332,0.0,0.0
2024-05-15 13:30:00-04:00,83.4000015258789,83.43000030517578,82.94010162353516,83.16999816894531,39522,0.0,0.0
2024-05-15 14:30:00-04:00,83.20999908447266,83.41000366210938,83.1500015258789,83.25,44865,0.0,0.0
2024-05-15 15:30:00-04:00,83.2300033569336,83.25,82.83000183105469,82.93000030517578,138058,0.0,0.0
2024-05-16 09:30:00-04:00,82.5199966430664,82.60250091552734,81.83000183105469,81.90499877929688,77736,0.0,0.0
2024-05-16 10:30:00-04:00,81.87999725341797,81.88369750976562,81.48999786376953,81.53500366210938,97437,0.0,0.0
2024-05-16 11:30:00-04:00,81.51000213623047,81.58000183105469,81.33499908447266,81.56999969482422,67836,0.0,0.0
2024-05-16 12:30:00-04:00,81.51000213623047,81.91999816894531,81.41999816894531,81.73999786376953,49255,0.0,0.0
2024-05-16 13:30:00-04:00,81.76499938964844,81.8499984741211,81.5,81.55999755859375,52478,0.0,0.0
2024-05-16 14:30:00-04:00,81.56500244140625,81.87999725341797,81.5199966430664,81.72000122070312,86879,0.0,0.0
2024-05-16 15:30:00-04:00,81.72000122070312,81.75,81.33000183105469,81.37999725341797,139155,0.0,0.0
2024-05-17 09:30:00-04:00,81.2300033569336,81.50499725341797,80.51000213623047,80.9800033569336,40860,0.0,0.0
2024-05-17 10:30:00-04:00,80.93800354003906,81.19999694824219,80.62000274658203,81.02999877929688,42667,0.0,0.0
2024-05-17 11:30:00-04:00,81.02999877929688,81.12999725341797,80.66000366210938,80.77999877929688,49395,0.0,0.0
2024-05-17 12:30:00-04:00,80.76499938964844,81.05999755859375,80.70999908447266,80.94999694824219,32186,0.0,0.0
2024-05-17 13:30:00-04:00,80.9800033569336,81.2699966430664,80.91500091552734,80.98999786376953,46987,0.0,0.0
2024-05-17 14:30:00-04:00,81.04000091552734,81.23999786376953,81.0199966430664,81.16000366210938,43363,0.0,0.0
2024-05-17 15:30:00-04:00,81.19499969482422,81.4800033569336,81.05000305175781,81.45999908447266,91859,0.0,0.0
2024-05-20 09:30:00-04:00,81.5999984741211,82.33000183105469,81.58000183105469,81.94000244140625,44098,0.0,0.0
2024-05-20 10:30:00-04:00,81.90499877929688,82.08000183105469,81.45999908447266,81.53500366210938,94185,0.0,0.0
2024-05-20 11:30:00-04:00,81.56999969482422,81.68000030517578,81.05000305175781,81.0999984741211,38683,0.0,0.0
2024-05-20 12:30:00-04:00,81.15499877929688,81.20999908447266,80.83000183105469,80.94000244140625,28456,0.0,0.0
2024-05-20 13:30:00-04:00,80.94000244140625,81.12999725341797,80.80999755859375,80.94499969482422,30378,0.0,0.0
2024-05-20 14:30:00-04:00,80.94499969482422,81.30500030517578,80.87000274658203,81.30500030517578,50237,0.0,0.0
2024-05-20 15:30:00-04:00,81.30000305175781,81.62000274658203,81.03450012207031,81.62000274658203,109262,0.0,0.0
2024-05-21 09:30:00-04:00,81.22000122070312,81.69000244140625,80.47000122070312,80.62000274658203,32005,0.0,0.0
2024-05-21 10:30:00-04:00,80.55000305175781,81.18000030517578,80.52999877929688,81.08000183105469,22561,0.0,0.0
2024-05-21 11:30:00-04:00,81.04000091552734,81.0999984741211,80.80999755859375,80.88999938964844,66404,0.0,0.0
2024-05-21 12:30:00-04:00,80.95999908447266,81.18000030517578,80.86499786376953,80.87999725341797,33850,0.0,0.0
2024-05-21 13:30:00-04:00,80.91000366210938,81.13999938964844,80.86119842529297,80.99500274658203,34525,0.0,0.0
2024-05-21 14:30:00-04:00,81.0,81.0199966430664,80.7750015258789,80.91000366210938,42034,0.0,0.0
2024-05-21 15:30:00-04:00,80.9000015258789,81.08000183105469,80.56500244140625,80.91999816894531,114518,0.0,0.0
2024-05-22 09:30:00-04:00,81.51000213623047,82.02999877929688,81.32499694824219,81.98500061035156,25526,0.0,0.0
2024-05-22 10:30:00-04:00,81.94999694824219,81.97000122070312,81.55000305175781,81.63999938964844,28651,0.0,0.0
2024-05-22 11:30:00-04:00,81.68000030517578,81.7750015258789,81.41000366210938,81.55999755859375,28485,0.0,0.0
2024-05-22 12:30:00-04:00,81.61000061035156,81.625,81.19999694824219,81.25,30569,0.0,0.0
2024-05-22 13:30:00-04:00,81.16000366210938,81.18499755859375,80.48999786376953,80.48999786376953,46425,0.0,0.0
2024-05-22 14:30:00-04:00,80.4749984741211,80.55999755859375,80.0,80.3499984741211,121505,0.0,0.0
2024-05-22 15:30:00-04:00,80.4000015258789,80.97000122070312,80.38999938964844,80.97000122070312,70513,0.0,0.0
2024-05-23 09:30:00-04:00,81.43000030517578,81.43000030517578,79.51000213623047,79.86000061035156,65696,0.0,0.0
2024-05-23 10:30:00-04:00,79.91999816894531,80.01000213623047,79.08000183105469,79.08000183105469,98207,0.0,0.0
2024-05-23 11:30:00-04:00,79.08000183105469,79.39990234375,78.94999694824219,79.3499984741211,110883,0.0,0.0
2024-05-23 12:30:00-04:00,79.37000274658203,79.38999938964844,78.94999694824219,79.16999816894531,44433,0.0,0.0
2024-05-23 13:30:00-04:00,79.19999694824219,79.19999694824219,78.82499694824219,78.86499786376953,53685,0.0,0.0
2024-05-23 14:30:00-04:00,78.80999755859375,79.58999633789062,78.79000091552734,79.31099700927734,97191,0.0,0.0
2024-05-23 15:30:00-04:00,79.3499984741211,79.47000122070312,79.1500015258789,79.19999694824219,128780,0.0,0.0
2024-05-24 09:30:00-04:00,79.83000183105469,79.83999633789062,79.01000213623047,79.4000015258789,62509,0.0,0.0
2024-05-24 10:30:00-04:00,79.4000015258789,79.74500274658203,79.01000213623047,79.4000015258789,46638,0.0,0.0
2024-05-24 11:30:00-04:00,79.44000244140625,79.56610107421875,79.25,79.51000213623047,33934,0.0,0.0
2024-05-24 12:30:00-04:00,79.5250015258789,79.63999938964844,79.38999938964844,79.58000183105469,39507,0.0,0.0
2024-05-24 13:30:00-04:00,79.56999969482422,79.61000061035156,79.24500274658203,79.36000061035156,37518,0.0,0.0
2024-05-24 14:30:00-04:00,79.26000213623047,79.4800033569336,79.08000183105469,79.37999725341797,55367,0.0,0.0
2024-05-24 15:30:00-04:00,79.4000015258789,79.5199966430664,79.16000366210938,79.51000213623047,95406,0.0,0.0
2024-05-28 09:30:00-04:00,79.48999786376953,79.87999725341797,79.0999984741211,79.12000274658203,35183,0.0,0.0
2024-05-28 10:30:00-04:00,79.04000091552734,79.33000183105469,78.86000061035156,79.0250015258789,52731,0.0,0.0
2024-05-28 11:30:00-04:00,78.98999786376953,79.04000091552734,78.77999877929688,78.77999877929688,27969,0.0,0.0
2024-05-28 12:30:00-04:00,78.79000091552734,79.09500122070312,78.77999877929688,78.87000274658203,22683,0.0,0.0
2024-05-28 13:30:00-04:00,78.87000274658203,79.06500244140625,78.69999694824219,78.7699966430664,30814,0.0,0.0
2024-05-28 14:30:00-04:00,78.68000030517578,78.72000122070312,78.37000274658203,78.41999816894531,48157,0.0,0.0
2024-05-28 15:30:00-04:00,78.37999725341797,78.45500183105469,78.01000213623047,78.05000305175781,133405,0.0,0.0
2024-05-29 09:30:00-04:00,76.75,77.68000030517578,76.75,77.25,54141,0.0,0.0
2024-05-29 10:30:00-04:00,77.16999816894531,77.27999877929688,76.79000091552734,76.94000244140625,57818,0.0,0.0
2024-05-29 11:30:00-04:00,76.95999908447266,77.19000244140625,76.81999969482422,77.01000213623047,49225,0.0,0.0
2024-05-29 12:30:00-04:00,77.01000213623047,77.22000122070312,76.5999984741211,76.87000274658203,51481,0.0,0.0
2024-05-29 13:30:00-04:00,76.91999816894531,76.97000122070312,76.69000244140625,76.69000244140625,35694,0.0,0.0
2024-05-29 14:30:00-04:00,76.68000030517578,77.0,76.58999633789062,76.93000030517578,58627,0.0,0.0
2024-05-29 15:30:00-04:00,76.9000015258789,77.2300033569336,76.81999969482422,77.20999908447266,97892,0.0,0.0
2024-05-30 09:30:00-04:00,77.5,78.86000061035156,77.5,78.38999938964844,72794,0.0,0.0
2024-05-30 10:30:00-04:00,78.38999938964844,79.16000366210938,78.30000305175781,79.16000366210938,53064,0.0,0.0
2024-05-30 11:30:00-04:00,79.16000366210938,79.27999877929688,78.86000061035156,78.8949966430664,44051,0.0,0.0
2024-05-30 12:30:00-04:00,78.8949966430664,79.44999694824219,78.86000061035156,79.4000015258789,46532,0.0,0.0
2024-05-30 13:30:00-04:00,79.37999725341797,79.48999786376953,79.19999694824219,79.4000015258789,37271,0.0,0.0
2024-05-30 14:30:00-04:00,79.41999816894531,80.0199966430664,79.41999816894531,80.0199966430664,76700,0.0,0.0
2024-05-30 15:30:00-04:00,80.05999755859375,80.77999877929688,79.95999908447266,80.62000274658203,180994,0.0,0.0
2024-05-31 09:30:00-04:00,81.05000305175781,82.25,80.93000030517578,82.2249984741211,108669,0.0,0.0
2024-05-31 10:30:00-04:00,82.24500274658203,83.1500015258789,82.20999908447266,82.79499816894531,82315,0.0,0.0
2024-05-31 11:30:00-04:00,82.80000305175781,83.19000244140625,82.63999938964844,82.75,110168,0.0,0.0
2024-05-31 12:30:00-04:00,82.86000061035156,83.63500213623047,82.86000061035156,83.62000274658203,85638,0.0,0.0
2024-05-31 13:30:00-04:00,83.52999877929688,83.69999694824219,83.27999877929688,83.38999938964844,85153,0.0,0.0
2024-05-31 14:30:00-04:00,83.30999755859375,83.45999908447266,82.36000061035156,82.41000366210938,160410,0.0,0.0
2024-05-31 15:30:00-04:00,82.4000015258789,82.83999633789062,82.16000366210938,82.5199966430664,281965,0.0,0.0
2024-06-03 09:30:00-04:00,83.61000061035156,83.61000061035156,81.26000213623047,81.26000213623047,76101,0.0,0.0
2024-06-03 10:30:00-04:00,81.25,81.25,80.30999755859375,80.6500015258789,53324,0.0,0.0
2024-06-03 11:30:00-04:00,80.7249984741211,80.91999816894531,80.4000015258789,80.73999786376953,78992,0.0,0.0
2024-06-03 12:30:00-04:00,80.7300033569336,81.27999877929688,80.72000122070312,81.0199966430664,45596,0.0,0.0
2024-06-03 13:30:00-04:00,81.02999877929688,81.72000122070312,81.02999877929688,81.67500305175781,75133,0.0,0.0
2024-06-03 14:30:00-04:00,81.72000122070312,81.95999908447266,81.41999816894531,81.68000030517578,87163,0.0,0.0
2024-06-03 15:30:00-04:00,81.5999984741211,81.93000030517578,81.16999816894531,81.91999816894531,198375,0.0,0.0
2024-06-04 09:30:00-04:00,80.66000366210938,81.67500305175781,80.66000366210938,81.16000366210938,51950,0.0,0.0
2024-06-04 10:30:00-04:00,81.23999786376953,81.4000015258789,80.54000091552734,80.54000091552734,87522,0.0,0.0
2024-06-04 11:30:00-04:00,80.5999984741211,80.5999984741211,80.01000213623047,80.06999969482422,49620,0.0,0.0
2024-06-04 12:30:00-04:00,80.02999877929688,80.11000061035156,79.41999816894531,79.41999816894531,46934,0.0,0.0
2024-06-04 13:30:00-04:00,79.55000305175781,79.58000183105469,79.16000366210938,79.41999816894531,84197,0.0,0.0
2024-06-04 14:30:00-04:00,79.41999816894531,79.5199966430664,78.31999969482422,78.375,113437,0.0,0.0
2024-06-04 15:30:00-04:00,78.4000015258789,78.41999816894531,77.62000274658203,77.69000244140625,207577,0.0,0.0
2024-06-05 09:30:00-04:00,77.69000244140625,77.93000030517578,76.9000015258789,77.38999938964844,60041,0.0,0.0
2024-06-05 10:30:00-04:00,77.3949966430664,77.86000061035156,77.13999938964844,77.83999633789062,75459,0.0,0.0
2024-06-05 11:30:00-04:00,77.81500244140625,78.05999755859375,77.6500015258789,77.83499908447266,48320,0.0,0.0
2024-06-05 12:30:00-04:00,77.8219985961914,78.04499816894531,77.68000030517578,78.01750183105469,40504,0.0,0.0
2024-06-05 13:30:00-04:00,78.08999633789062,78.16000366210938,77.81999969482422,78.05000305175781,60258,0.0,0.0
2024-06-05 14:30:00-04:00,78.01000213623047,78.36000061035156,78.0,78.26000213623047,71830,0.0,0.0
2024-06-05 15:30:00-04:00,78.23500061035156,78.2699966430664,77.87999725341797,78.04000091552734,177343,0.0,0.0
2024-06-06 09:30:00-04:00,77.62000274658203,78.12830352783203,77.5199966430664,77.79499816894531,45381,0.0,0.0
2024-06-06 10:30:00-04:00,77.79000091552734,77.83999633789062,77.0250015258789,77.30500030517578,99401,0.0,0.0
2024-06-06 11:30:00-04:00,77.31999969482422,77.5,77.22000122070312,77.37000274658203,57016,0.0,0.0
2024-06-06 12:30:00-04:00,77.37000274658203,77.68499755859375,77.19499969482422,77.56999969482422,36945,0.0,0.0
2024-06-06 13:30:00-04:00,77.55000305175781,77.72000122070312,77.2699966430664,77.44000244140625,47987,0.0,0.0
2024-06-06 14:30:00-04:00,77.46499633789062,77.54000091552734,77.22000122070312,77.3499984741211,62078,0.0,0.0
2024-06-06 15:30:00-04:00,77.3499984741211,77.37000274658203,77.05999755859375,77.2300033569336,150786,0.0,0.0
2024-06-07 09:30:00-04:00,76.11000061035156,77.01000213623047,76.01000213623047,76.66999816894531,39730,0.0,0.0
2024-06-07 10:30:00-04:00,76.62999725341797,77.05500030517578,76.36000061035156,76.56500244140625,73473,0.0,0.0
2024-06-07 11:30:00-04:00,76.58999633789062,76.6500015258789,76.31999969482422,76.55000305175781,53324,0.0,0.0
2024-06-07 12:30:00-04:00,76.56999969482422,77.01000213623047,76.32019805908203,76.9749984741211,73360,0.0,0.0
2024-06-07 13:30:00-04:00,76.93000030517578,77.25,76.58000183105469,76.7300033569336,51861,0.0,0.0
2024-06-07 14:30:00-04:00,76.73999786376953,76.87000274658203,76.56500244140625,76.7300033569336,64500,0.0,0.0
2024-06-07 15:30:00-04:00,76.69999694824219,77.19999694824219,76.61000061035156,77.16999816894531,157311,0.0,0.0
2024-06-10 09:30:00-04:00,76.0199966430664,76.80000305175781,75.93000030517578,76.42500305175781,80360,0.0,0.0
2024-06-10 10:30:00-04:00,76.43000030517578,76.75499725341797,76.33000183105469,76.74500274658203,80335,0.0,0.0
2024-06-10 11:30:00-04:00,76.68000030517578,76.87000274658203,76.62000274658203,76.62000274658203,32918,0.0,0.0
2024-06-10 12:30:00-04:00,76.62000274658203,76.80999755859375,76.41000366210938,76.75,77082,0.0,0.0
2024-06-10 13:30:00-04:00,76.77999877929688,77.18000030517578,76.73999786376953,77.02999877929688,30179,0.0,0.0
2024-06-10 14:30:00-04:00,77.01499938964844,77.41000366210938,76.93000030517578,76.97000122070312,53168,0.0,0.0
2024-06-10 15:30:00-04:00,76.94999694824219,77.08499908447266,76.7249984741211,77.0199966430664,105013,0.0,0.0
2024-06-11 09:30:00-04:00,76.63999938964844,76.63999938964844,75.31999969482422,75.45999908447266,150685,0.0,0.0
2024-06-11 10:30:00-04:00,75.45999908447266,76.04000091552734,75.31999969482422,75.77999877929688,63411,0.0,0.0
2024-06-11 11:30:00-04:00,75.8499984741211,76.19000244140625,75.7300033569336,76.01000213623047,60998,0.0,0.0
2024-06-11 12:30:00-04:00,75.95999908447266,76.22000122070312,75.68000030517578,75.72000122070312,53092,0.0,0.0
2024-06-11 13:30:00-04:00,75.7249984741211,76.13999938964844,75.68000030517578,76.13999938964844,45445,0.0,0.0
2024-06-11 14:30:00-04:00,76.13999938964844,76.22000122070312,75.72000122070312,75.76000213623047,56355,0.0,0.0
2024-06-11 15:30:00-04:00,75.69000244140625,75.75,75.37999725341797,75.66999816894531,100915,0.0,0.0
2024-06-12 09:30:00-04:00,77.69999694824219,78.81999969482422,77.44999694824219,78.31999969482422,77155,0.0,0.0
2024-06-12 10:30:00-04:00,78.4000015258789,78.7300033569336,77.13999938964844,77.13999938964844,61722,0.0,0.0
2024-06-12 11:30:00-04:00,77.18499755859375,77.27999877929688,76.76000213623047,76.86000061035156,54037,0.0,0.0
2024-06-12 12:30:00-04:00,76.87000274658203,77.10990142822266,76.83000183105469,77.0,32645,0.0,0.0
2024-06-12 13:30:00-04:00,76.98999786376953,77.33000183105469,76.45999908447266,77.1449966430664,45182,0.0,0.0
2024-06-12 14:30:00-04:00,77.125,77.2300033569336,76.25499725341797,76.3499984741211,68748,0.0,0.0
2024-06-12 15:30:00-04:00,76.3499984741211,76.45999908447266,76.06999969482422,76.12000274658203,214630,0.0,0.0
2024-06-13 09:30:00-04:00,75.97000122070312,76.44000244140625,74.62000274658203,75.0,115509,0.0,0.0
2024-06-13 10:30:00-04:00,75.19000244140625,75.20999908447266,74.75,74.87999725341797,49457,0.0,0.0
2024-06-13 11:30:00-04:00,74.86499786376953,75.2699966430664,74.86000061035156,75.08000183105469,61183,0.0,0.0
2024-06-13 12:30:00-04:00,75.05999755859375,75.50499725341797,75.0199966430664,75.37000274658203,35714,0.0,0.0
2024-06-13 13:30:00-04:00,75.3010025024414,75.43000030517578,75.13999938964844,75.43000030517578,34542,0.0,0.0
2024-06-13 14:30:00-04:00,75.47000122070312,75.48999786376953,75.23999786376953,75.34500122070312,47162,0.0,0.0
2024-06-13 15:30:00-04:00,75.30999755859375,75.45059967041016,75.02999877929688,75.16000366210938,133136,0.0,0.0
2024-06-14 09:30:00-04:00,74.37999725341797,74.77999877929688,73.05999755859375,73.4800033569336,124060,0.0,0.0
2024-06-14 10:30:00-04:00,73.4800033569336,74.41000366210938,73.4000015258789,74.41000366210938,87582,0.0,0.0
2024-06-14 11:30:00-04:00,74.41000366210938,74.58000183105469,74.06999969482422,74.36000061035156,55582,0.0,0.0
2024-06-14 12:30:00-04:00,74.33000183105469,74.7300033569336,74.30000305175781,74.41000366210938,64400,0.0,0.0
2024-06-14 13:30:00-04:00,74.41999816894531,74.72000122070312,74.19000244140625,74.2300033569336,52338,0.0,0.0
2024-06-14 14:30:00-04:00,74.26000213623047,74.36000061035156,74.08999633789062,74.33999633789062,58230,0.0,0.0
2024-06-14 15:30:00-04:00,74.33999633789062,74.48999786376953,73.88999938964844,74.4800033569336,122365,0.0,0.0
2024-06-17 09:30:00-04:00,74.12000274658203,74.5,73.8499984741211,73.875,57711,0.0,0.0
2024-06-17 10:30:00-04:00,73.8499984741211,74.08000183105469,73.66000366210938,74.07499694824219,41698,0.0,0.0
2024-06-17 11:30:00-04:00,74.0999984741211,74.5999984741211,74.02999877929688,74.58999633789062,32420,0.0,0.0
2024-06-17 12:30:00-04:00,74.58000183105469,75.27999877929688,74.58000183105469,75.18499755859375,34896,0.0,0.0
2024-06-17 13:30:00-04:00,75.25,75.72000122070312,75.25,75.30000305175781,32248,0.0,0.0
2024-06-17 14:30:00-04:00,75.43000030517578,75.54000091552734,74.80000305175781,75.05999755859375,73062,0.0,0.0
2024-06-17 15:30:00-04:00,75.06999969482422,75.17900085449219,74.7300033569336,74.80000305175781,195042,0.0,0.0
2024-06-18 09:30:00-04:00,74.66999816894531,74.79000091552734,74.0,74.41799926757812,58124,0.0,0.0
2024-06-18 10:30:00-04:00,74.44000244140625,74.61000061035156,74.16000366210938,74.41000366210938,54312,0.0,0.0
2024-06-18 11:30:00-04:00,74.4800033569336,74.5250015258789,74.25,74.2699966430664,51843,0.0,0.0
2024-06-18 12:30:00-04:00,74.2300033569336,74.34500122070312,73.94000244140625,74.02999877929688,50806,0.0,0.0
2024-06-18 13:30:00-04:00,74.01000213623047,74.1500015258789,73.83499908447266,73.95999908447266,58474,0.0,0.0
2024-06-18 14:30:00-04:00,73.91999816894531,73.97000122070312,73.54000091552734,73.63999938964844,66013,0.0,0.0
2024-06-18 15:30:00-04:00,73.69999694824219,73.87000274658203,73.5,73.70999908447266,131318,0.0,0.0
2024-06-20 09:30:00-04:00,73.38999938964844,74.22000122070312,73.01000213623047,73.95999908447266,109816,0.0,0.0
2024-06-20 10:30:00-04:00,73.94000244140625,73.97000122070312,73.55999755859375,73.80000305175781,83304,0.0,0.0
2024-06-20 11:30:00-04:00,73.7750015258789,73.95999908447266,73.56999969482422,73.58499908447266,59451,0.0,0.0
2024-06-20 12:30:00-04:00,73.56999969482422,73.69000244140625,73.26000213623047,73.33499908447266,97081,0.0,0.0
2024-06-20 13:30:00-04:00,73.33999633789062,73.69999694824219,73.23999786376953,73.6500015258789,103497,0.0,0.0
2024-06-20 14:30:00-04:00,73.62999725341797,73.62999725341797,73.29000091552734,73.62000274658203,137216,0.0,0.0
2024-06-20 15:30:00-04:00,73.62999725341797,73.76000213623047,73.5199966430664,73.68000030517578,176371,0.0,0.0
2024-06-21 09:30:00-04:00,72.86000061035156,73.51000213623047,72.76000213623047,73.3499984741211,152062,0.0,0.0
2024-06-21 10:30:00-04:00,73.3499984741211,73.51499938964844,72.8301010131836,73.51499938964844,92553,0.0,0.0
2024-06-21 11:30:00-04:00,73.45500183105469,73.55999755859375,73.12999725341797,73.5,47140,0.0,0.0
2024-06-21 12:30:00-04:00,73.5199966430664,74.04499816894531,73.5199966430664,74.01000213623047,50644,0.0,0.0
2024-06-21 13:30:00-04:00,74.01000213623047,74.19999694824219,73.93000030517578,74.19999694824219,45297,0.0,0.0
2024-06-21 14:30:00-04:00,74.19000244140625,74.22000122070312,73.7699966430664,73.78500366210938,60262,0.0,0.0
2024-06-21 15:30:00-04:00,73.7699966430664,74.2300033569336,73.70999908447266,74.19000244140625,175591,0.0,0.0
2024-06-24 09:30:00-04:00,74.66000366210938,75.5199966430664,74.53479766845703,75.05000305175781,47513,0.0,0.0
2024-06-24 10:30:00-04:00,75.05999755859375,75.90989685058594,75.01599884033203,75.83999633789062,37329,0.0,0.0
2024-06-24 11:30:00-04:00,75.8499984741211,75.93000030517578,75.5999984741211,75.72000122070312,34397,0.0,0.0
2024-06-24 12:30:00-04:00,75.66000366210938,75.66000366210938,75.26000213623047,75.28500366210938,34703,0.0,0.0
2024-06-24 13:30:00-04:00,75.25,75.79000091552734,75.12000274658203,75.79000091552734,64084,0.0,0.0
2024-06-24 14:30:00-04:00,75.75,76.02999877929688,75.68000030517578,75.83999633789062,60822,0.0,0.0
2024-06-24 15:30:00-04:00,75.80000305175781,75.80999755859375,75.23999786376953,75.33000183105469,92169,0.0,0.0
2024-06-25 09:30:00-04:00,74.72000122070312,75.30999755859375,73.3499984741211,73.43000030517578,79298,0.0,0.0
2024-06-25 10:30:00-04:00,73.48999786376953,73.48999786376953,72.44999694824219,72.6050033569336,71407,0.0,0.0
2024-06-25 11:30:00-04:00,72.55999755859375,72.61000061035156,72.02999877929688,72.2300033569336,84237,0.0,0.0
2024-06-25 12:30:00-04:00,72.2300033569336,72.5199966430664,71.94499969482422,72.48999786376953,70678,0.0,0.0
2024-06-25 13:30:00-04:00,72.48999786376953,72.54000091552734,72.16000366210938,72.41999816894531,78630,0.0,0.0
2024-06-25 14:30:00-04:00,72.41999816894531,72.52999877929688,72.05000305175781,72.1500015258789,72006,0.0,0.0
2024-06-25 15:30:00-04:00,72.13999938964844,72.27999877929688,71.98999786376953,72.06999969482422,173901,0.0,0.0
2024-06-26 09:30:00-04:00,71.98999786376953,72.5199966430664,71.61000061035156,71.86280059814453,88827,0.0,0.0
2024-06-26 10:30:00-04:00,71.79000091552734,71.87999725341797,71.04000091552734,71.68000030517578,103717,0.0,0.0
2024-06-26 11:30:00-04:00,71.61000061035156,71.93000030517578,71.48999786376953,71.5,75206,0.0,0.0
2024-06-26 12:30:00-04:00,71.48999786376953,71.72000122070312,71.2699966430664,71.3550033569336,90744,0.0,0.0
2024-06-26 13:30:00-04:00,71.3550033569336,71.44999694824219,71.19999694824219,71.2748031616211,102340,0.0,0.0
2024-06-26 14:30:00-04:00,71.2750015258789,71.38999938964844,71.19499969482422,71.2300033569336,139940,0.0,0.0
2024-06-26 15:30:00-04:00,71.24099731445312,71.48500061035156,71.16000366210938,71.30999755859375,271054,0.0,0.0
2024-06-27 09:30:00-04:00,71.27999877929688,71.27999877929688,70.26000213623047,70.6500015258789,120229,0.0,0.0
2024-06-27 10:30:00-04:00,70.72000122070312,70.84500122070312,70.30000305175781,70.69000244140625,191265,0.0,0.0
2024-06-27 11:30:00-04:00,70.66000366210938,71.02999877929688,70.62000274658203,70.91000366210938,97205,0.0,0.0
2024-06-27 12:30:00-04:00,70.88999938964844,70.98750305175781,70.75,70.75,101192,0.0,0.0
2024-06-27 13:30:00-04:00,70.76499938964844,70.7699966430664,70.2300033569336,70.33999633789062,169329,0.0,0.0
2024-06-27 14:30:00-04:00,70.30999755859375,70.86000061035156,69.91000366210938,70.7750015258789,246653,0.0,0.0
2024-06-27 15:30:00-04:00,70.7750015258789,71.20999908447266,70.7300033569336,70.9800033569336,258664,0.0,0.0
2024-06-28 09:30:00-04:00,71.29000091552734,72.5,71.29000091552734,72.38999938964844,114530,0.0,0.0
2024-06-28 10:30:00-04:00,72.37999725341797,72.80999755859375,72.2300033569336,72.24500274658203,67295,0.0,0.0
2024-06-28 11:30:00-04:00,72.25,72.5999984741211,72.2123031616211,72.30999755859375,51241,0.0,0.0
2024-06-28 12:30:00-04:00,72.30999755859375,72.6500015258789,72.19999694824219,72.41000366210938,78021,0.0,0.0
2024-06-28 13:30:00-04:00,72.43000030517578,72.44000244140625,72.2300033569336,72.30500030517578,66129,0.0,0.0
2024-06-28 14:30:00-04:00,72.26000213623047,72.41000366210938,72.1500015258789,72.33000183105469,106228,0.0,0.0
2024-06-28 15:30:00-04:00,72.30999755859375,72.75,72.25,72.73999786376953,195619,0.0,0.0
2024-07-01 09:30:00-04:00,72.9000015258789,73.13999938964844,71.1500015258789,71.31999969482422,76299,0.0,0.0
2024-07-01 10:30:00-04:00,71.33000183105469,71.33000183105469,70.69000244140625,70.69000244140625,79512,0.0,0.0
2024-07-01 11:30:00-04:00,70.69000244140625,70.9000015258789,70.52999877929688,70.68000030517578,92138,0.0,0.0
2024-07-01 12:30:00-04:00,70.68000030517578,70.72000122070312,70.5000991821289,70.72000122070312,51364,0.0,0.0
2024-07-01 13:30:00-04:00,70.70500183105469,71.2699966430664,70.6500015258789,71.00499725341797,74787,0.0,0.0
2024-07-01 14:30:00-04:00,70.98999786376953,71.23999786376953,70.6500015258789,70.78500366210938,80347,0.0,0.0
2024-07-01 15:30:00-04:00,70.7699966430664,70.92500305175781,70.63999938964844,70.81999969482422,162741,0.0,0.0
2024-07-02 09:30:00-04:00,70.58999633789062,70.69999694824219,69.62999725341797,70.01000213623047,234025,0.0,0.0
2024-07-02 10:30:00-04:00,69.9000015258789,69.91999816894531,69.45999908447266,69.72000122070312,58947,0.0,0.0
2024-07-02 11:30:00-04:00,69.66999816894531,70.08000183105469,69.66999816894531,69.88999938964844,70901,0.0,0.0
2024-07-02 12:30:00-04:00,69.88999938964844,69.90550231933594,69.62000274658203,69.73210144042969,40077,0.0,0.0
2024-07-02 13:30:00-04:00,69.70999908447266,69.80000305175781,69.52999877929688,69.6500015258789,67423,0.0,0.0
2024-07-02 14:30:00-04:00,69.6500015258789,69.82990264892578,69.56999969482422,69.79000091552734,72772,0.0,0.0
2024-07-02 15:30:00-04:00,69.77999877929688,70.00499725341797,69.73500061035156,69.77999877929688,163852,0.0,0.0
2024-07-03 09:30:00-04:00,69.68000030517578,70.73500061035156,69.63999938964844,70.19499969482422,56134,0.0,0.0
2024-07-03 10:30:00-04:00,70.23200225830078,70.37200164794922,69.70999908447266,69.81999969482422,58970,0.0,0.0
2024-07-03 11:30:00-04:00,69.72000122070312,70.01000213623047,69.72000122070312,69.80000305175781,93271,0.0,0.0
2024-07-05 09:30:00-04:00,69.30000305175781,69.88999938964844,69.19999694824219,69.44000244140625,77297,0.0,0.0
2024-07-05 10:30:00-04:00,69.44000244140625,69.76499938964844,69.37999725341797,69.55999755859375,52013,0.0,0.0
2024-07-05 11:30:00-04:00,69.56999969482422,69.61000061035156,69.13999938964844,69.13999938964844,47801,0.0,0.0
2024-07-05 12:30:00-04:00,69.15499877929688,69.31999969482422,69.08999633789062,69.25,47748,0.0,0.0
2024-07-05 13:30:00-04:00,69.24500274658203,69.33999633789062,69.11000061035156,69.19999694824219,65216,0.0,0.0
2024-07-05 14:30:00-04:00,69.22000122070312,69.31999969482422,69.05999755859375,69.08999633789062,80745,0.0,0.0
2024-07-05 15:30:00-04:00,69.11000061035156,69.8499984741211,69.05000305175781,69.46499633789062,201850,0.0,0.0
2024-07-08 09:30:00-04:00,69.9000015258789,70.91999816894531,69.9000015258789,69.95500183105469,56039,0.0,0.0
2024-07-08 10:30:00-04:00,69.95500183105469,70.36000061035156,69.69999694824219,70.2300033569336,81144,0.0,0.0
2024-07-08 11:30:00-04:00,70.16999816894531,70.27999877929688,69.9000015258789,70.05999755859375,65739,0.0,0.0
2024-07-08 12:30:00-04:00,70.05500030517578,70.55000305175781,70.0199966430664,70.5,87838,0.0,0.0
2024-07-08 13:30:00-04:00,70.45999908447266,70.7699966430664,70.2300033569336,70.26000213623047,86380,0.0,0.0
2024-07-08 14:30:00-04:00,70.20999908447266,70.66999816894531,70.0999984741211,70.55999755859375,84912,0.0,0.0
2024-07-08 15:30:00-04:00,70.58000183105469,71.01000213623047,70.54000091552734,70.98999786376953,202984,0.0,0.0
2024-07-09 09:30:00-04:00,70.54000091552734,70.87000274658203,69.9000015258789,70.04499816894531,77214,0.0,0.0
2024-07-09 10:30:00-04:00,70.01000213623047,70.19999694824219,69.55999755859375,69.6050033569336,56565,0.0,0.0
2024-07-09 11:30:00-04:00,69.6050033569336,70.0,69.6050033569336,69.91999816894531,36125,0.0,0.0
2024-07-09 12:30:00-04:00,69.94999694824219,70.19000244140625,69.93099975585938,70.01499938964844,34578,0.0,0.0
2024-07-09 13:30:00-04:00,70.01499938964844,70.19999694824219,69.75,69.77999877929688,38859,0.0,0.0
2024-07-09 14:30:00-04:00,69.79000091552734,69.88500213623047,69.41999816894531,69.55000305175781,74928,0.0,0.0
2024-07-09 15:30:00-04:00,69.55999755859375,69.55999755859375,69.33000183105469,69.55000305175781,126574,0.0,0.0
2024-07-10 09:30:00-04:00,69.94000244140625,70.16000366210938,69.65499877929688,70.08999633789062,38584,0.0,0.0
2024-07-10 10:30:00-04:00,70.18000030517578,70.54000091552734,70.0199966430664,70.37999725341797,25688,0.0,0.0
2024-07-10 11:30:00-04:00,70.37000274658203,71.02999877929688,70.11000061035156,71.02999877929688,45339,0.0,0.0
2024-07-10 12:30:00-04:00,71.05999755859375,71.37000274658203,70.8499984741211,71.0,270845,0.0,0.0
2024-07-10 13:30:00-04:00,71.01000213623047,71.0199966430664,70.76000213623047,70.7699966430664,130243,0.0,0.0
2024-07-10 14:30:00-04:00,70.77999877929688,71.02999877929688,70.73999786376953,70.94000244140625,50328,0.0,0.0
2024-07-10 15:30:00-04:00,70.9000015258789,71.2699966430664,70.88999938964844,71.20999908447266,186759,0.0,0.0
2024-07-11 09:30:00-04:00,73.27999877929688,75.5199966430664,73.06999969482422,74.80999755859375,277071,0.0,0.0
2024-07-11 10:30:00-04:00,74.74250030517578,75.16000366210938,74.4136962890625,74.94000244140625,95102,0.0,0.0
2024-07-11 11:30:00-04:00,74.87999725341797,75.01000213623047,74.36000061035156,74.7249984741211,68062,0.0,0.0
2024-07-11 12:30:00-04:00,74.77999877929688,75.20500183105469,74.75,75.08000183105469,80016,0.0,0.0
2024-07-11 13:30:00-04:00,75.05999755859375,75.94000244140625,74.91999816894531,75.48999786376953,161889,0.0,0.0
2024-07-11 14:30:00-04:00,75.48999786376953,75.71700286865234,75.30999755859375,75.69999694824219,108408,0.0,0.0
2024-07-11 15:30:00-04:00,75.72000122070312,76.33000183105469,75.72000122070312,76.05999755859375,217998,0.0,0.0
2024-07-12 09:30:00-04:00,76.79000091552734,77.91999816894531,76.5,77.83000183105469,109852,0.0,0.0
2024-07-12 10:30:00-04:00,77.80999755859375,78.12000274658203,77.45999908447266,78.11000061035156,70603,0.0,0.0
2024-07-12 11:30:00-04:00,78.08499908447266,78.33000183105469,77.77999877929688,78.29000091552734,132380,0.0,0.0
2024-07-12 12:30:00-04:00,78.31500244140625,78.5,77.98999786376953,78.5,115936,0.0,0.0
2024-07-12 13:30:00-04:00,78.44999694824219,78.80999755859375,78.43000030517578,78.75,110124,0.0,0.0
2024-07-12 14:30:00-04:00,78.68000030517578,78.68000030517578,78.19000244140625,78.19000244140625,116610,0.0,0.0
2024-07-12 15:30:00-04:00,78.16999816894531,78.23999786376953,77.30999755859375,77.3499984741211,210765,0.0,0.0
2024-07-15 09:30:00-04:00,77.69999694824219,78.80000305175781,77.05999755859375,78.5,85940,0.0,0.0
2024-07-15 10:30:00-04:00,78.45999908447266,79.5250015258789,78.37000274658203,79.31999969482422,135934,0.0,0.0
2024-07-15 11:30:00-04:00,79.3499984741211,80.36000061035156,79.1500015258789,80.01499938964844,101078,0.0,0.0
2024-07-15 12:30:00-04:00,79.95999908447266,79.97000122070312,79.4000015258789,79.48999786376953,83814,0.0,0.0
2024-07-15 13:30:00-04:00,79.43000030517578,79.43000030517578,79.0,79.30000305175781,73995,0.0,0.0
2024-07-15 14:30:00-04:00,79.30500030517578,79.33000183105469,78.81999969482422,78.88500213623047,108327,0.0,0.0
2024-07-15 15:30:00-04:00,78.8499984741211,78.8499984741211,78.33499908447266,78.61000061035156,178712,0.0,0.0
2024-07-16 09:30:00-04:00,79.29000091552734,80.8499984741211,79.01000213623047,80.15499877929688,90907,0.0,0.0
2024-07-16 10:30:00-04:00,80.1449966430664,81.13999938964844,80.1449966430664,81.11000061035156,68588,0.0,0.0
2024-07-16 11:30:00-04:00,81.11000061035156,81.13999938964844,80.4800033569336,81.08999633789062,49742,0.0,0.0
2024-07-16 12:30:00-04:00,81.09500122070312,81.37000274658203,81.08000183105469,81.37000274658203,74665,0.0,0.0
2024-07-16 13:30:00-04:00,81.37000274658203,81.63999938964844,81.22000122070312,81.61000061035156,79810,0.0,0.0
2024-07-16 14:30:00-04:00,81.59500122070312,82.36000061035156,81.59500122070312,82.31099700927734,121859,0.0,0.0
2024-07-16 15:30:00-04:00,82.34500122070312,82.55000305175781,82.07499694824219,82.33999633789062,315316,0.0,0.0
2024-07-17 09:30:00-04:00,81.37999725341797,82.08999633789062,80.83999633789062,81.7249984741211,163784,0.0,0.0
2024-07-17 10:30:00-04:00,81.70999908447266,82.70999908447266,81.53500366210938,82.40499877929688,131061,0.0,0.0
2024-07-17 11:30:00-04:00,82.37000274658203,82.68000030517578,82.12000274658203,82.33999633789062,47031,0.0,0.0
2024-07-17 12:30:00-04:00,82.30000305175781,82.37000274658203,81.8499984741211,82.02999877929688,40124,0.0,0.0
2024-07-17 13:30:00-04:00,81.9800033569336,82.02999877929688,80.79499816894531,81.47000122070312,187933,0.0,0.0
2024-07-17 14:30:00-04:00,81.54000091552734,82.22000122070312,81.51000213623047,82.18000030517578,87801,0.0,0.0
2024-07-17 15:30:00-04:00,82.19730377197266,82.31999969482422,81.72000122070312,81.72000122070312,183552,0.0,0.0
2024-07-18 09:30:00-04:00,81.23999786376953,83.33000183105469,80.9800033569336,83.16000366210938,172826,0.0,0.0
2024-07-18 10:30:00-04:00,83.1500015258789,83.18000030517578,81.78079986572266,82.16000366210938,133195,0.0,0.0
2024-07-18 11:30:00-04:00,82.03500366210938,82.25,80.98999786376953,81.0199966430664,84973,0.0,0.0
2024-07-18 12:30:00-04:00,81.04499816894531,81.44999694824219,80.87000274658203,81.33000183105469,54495,0.0,0.0
2024-07-18 13:30:00-04:00,81.31999969482422,81.37000274658203,79.91000366210938,80.18000030517578,65093,0.0,0.0
2024-07-18 14:30:00-04:00,80.17500305175781,80.23999786376953,79.05000305175781,79.11000061035156,82252,0.0,0.0
2024-07-18 15:30:00-04:00,79.08000183105469,79.55000305175781,79.08000183105469,79.30999755859375,201705,0.0,0.0
2024-07-19 09:30:00-04:00,78.94999694824219,79.1500015258789,78.01000213623047,78.23999786376953,48519,0.0,0.0
2024-07-19 10:30:00-04:00,78.47000122070312,78.7300033569336,77.5,77.56410217285156,100408,0.0,0.0
2024-07-19 11:30:00-04:00,77.54000091552734,78.40499877929688,77.44000244140625,78.13500213623047,64098,0.0,0.0
2024-07-19 12:30:00-04:00,78.16999816894531,78.64250183105469,78.02999877929688,78.58999633789062,55081,0.0,0.0
2024-07-19 13:30:00-04:00,78.56999969482422,79.13999938964844,78.37000274658203,78.37000274658203,73660,0.0,0.0
2024-07-19 14:30:00-04:00,78.37999725341797,78.37999725341797,77.91000366210938,78.12000274658203,79568,0.0,0.0
2024-07-19 15:30:00-04:00,78.1050033569336,78.22000122070312,77.72000122070312,77.93000030517578,187892,0.0,0.0
2024-07-22 09:30:00-04:00,78.4000015258789,78.4000015258789,75.9800033569336,76.81999969482422,76595,0.0,0.0
2024-07-22 10:30:00-04:00,76.84500122070312,77.54000091552734,76.79000091552734,77.4000015258789,42957,0.0,0.0
2024-07-22 11:30:00-04:00,77.5199966430664,78.04000091552734,77.21499633789062,77.80500030517578,43903,0.0,0.0
2024-07-22 12:30:00-04:00,77.73999786376953,78.08000183105469,77.57499694824219,77.80000305175781,40361,0.0,0.0
2024-07-22 13:30:00-04:00,77.77999877929688,77.87000274658203,77.44999694824219,77.79000091552734,138735,0.0,0.0
2024-07-22 14:30:00-04:00,77.77999877929688,78.4800033569336,77.7699966430664,78.2699966430664,61681,0.0,0.0
2024-07-22 15:30:00-04:00,78.24500274658203,78.30999755859375,77.88999938964844,77.98999786376953,180769,0.0,0.0
2024-07-23 09:30:00-04:00,75.37999725341797,76.3550033569336,74.58000183105469,75.87999725341797,203384,0.0,0.0
2024-07-23 10:30:00-04:00,75.8550033569336,76.2750015258789,75.52999877929688,76.19999694824219,93431,0.0,0.0
2024-07-23 11:30:00-04:00,76.18499755859375,76.91000366210938,76.18499755859375,76.75,45599,0.0,0.0
2024-07-23 12:30:00-04:00,76.7300033569336,77.05999755859375,76.56999969482422,76.69999694824219,144719,0.0,0.0
2024-07-23 13:30:00-04:00,76.69999694824219,77.37000274658203,76.58200073242188,77.2699966430664,99591,0.0,0.0
2024-07-23 14:30:00-04:00,77.37000274658203,77.68000030517578,77.19999694824219,77.5199966430664,119143,0.0,0.0
2024-07-23 15:30:00-04:00,77.47000122070312,77.55999755859375,77.02999877929688,77.18000030517578,202357,0.0,0.0
2024-07-24 09:30:00-04:00,76.91999816894531,77.86000061035156,76.36000061035156,76.69499969482422,81043,0.0,0.0
2024-07-24 10:30:00-04:00,76.68000030517578,76.91999816894531,76.0999984741211,76.4000015258789,69793,0.0,0.0
2024-07-24 11:30:00-04:00,76.41500091552734,76.91999816894531,76.41500091552734,76.66999816894531,41527,0.0,0.0
2024-07-24 12:30:00-04:00,76.66000366210938,76.70999908447266,75.62000274658203,75.69000244140625,124552,0.0,0.0
2024-07-24 13:30:00-04:00,75.69000244140625,75.7300033569336,74.20999908447266,74.20999908447266,339127,0.0,0.0
2024-07-24 14:30:00-04:00,74.16000366210938,74.41000366210938,73.70999908447266,73.91000366210938,360467,0.0,0.0
2024-07-24 15:30:00-04:00,73.88999938964844,74.1500015258789,73.1500015258789,73.51000213623047,448650,0.0,0.0
2024-07-25 09:30:00-04:00,74.8499984741211,79.43000030517578,74.33000183105469,78.02999877929688,790499,0.0,0.0
2024-07-25 10:30:00-04:00,77.97000122070312,78.5,76.83999633789062,77.9800033569336,232528,0.0,0.0
2024-07-25 11:30:00-04:00,77.98999786376953,80.30000305175781,77.4800033569336,79.80000305175781,278014,0.0,0.0
2024-07-25 12:30:00-04:00,79.94999694824219,79.94999694824219,78.50499725341797,78.58999633789062,144926,0.0,0.0
2024-07-25 13:30:00-04:00,78.625,79.25,78.30000305175781,79.23999786376953,173185,0.0,0.0
2024-07-25 14:30:00-04:00,79.18499755859375,79.73999786376953,78.91999816894531,78.94499969482422,250528,0.0,0.0
2024-07-25 15:30:00-04:00,78.94499969482422,79.12000274658203,78.47000122070312,79.02999877929688,668429,0.0,0.0
2024-07-26 09:30:00-04:00,77.9800033569336,80.0,77.87000274658203,79.36000061035156,259615,0.0,0.0
2024-07-26 10:30:00-04:00,79.23999786376953,79.87999725341797,78.87000274658203,79.37999725341797,172485,0.0,0.0
2024-07-26 11:30:00-04:00,79.36000061035156,79.63999938964844,78.95999908447266,79.27999877929688,165293,0.0,0.0
2024-07-26 12:30:00-04:00,79.36000061035156,79.79000091552734,79.18000030517578,79.54000091552734,94927,0.0,0.0
2024-07-26 13:30:00-04:00,79.5199966430664,80.0250015258789,78.98999786376953,79.17500305175781,155575,0.0,0.0
2024-07-26 14:30:00-04:00,79.17500305175781,79.72000122070312,79.1500015258789,79.61000061035156,174572,0.0,0.0
2024-07-26 15:30:00-04:00,79.62999725341797,80.02999877929688,79.43000030517578,79.97000122070312,368084,0.0,0.0
2024-07-29 09:30:00-04:00,81.1500015258789,83.70999908447266,80.5,83.12999725341797,224146,0.0,0.0
2024-07-29 10:30:00-04:00,83.19000244140625,83.43499755859375,82.48999786376953,82.48999786376953,137249,0.0,0.0
2024-07-29 11:30:00-04:00,82.58000183105469,82.75,81.80999755859375,81.91999816894531,99759,0.0,0.0
2024-07-29 12:30:00-04:00,81.91999816894531,82.01000213623047,81.05000305175781,81.18000030517578,124922,0.0,0.0
2024-07-29 13:30:00-04:00,81.12000274658203,81.43000030517578,80.68000030517578,81.0199966430664,105711,0.0,0.0
2024-07-29 14:30:00-04:00,81.0199966430664,81.37999725341797,80.56999969482422,80.8499984741211,126289,0.0,0.0
2024-07-29 15:30:00-04:00,80.86499786376953,81.7699966430664,80.86499786376953,81.69999694824219,326213,0.0,0.0
2024-07-30 09:30:00-04:00,82.05000305175781,82.75,81.1500015258789,82.3375015258789,90052,0.0,0.0
2024-07-30 10:30:00-04:00,82.31500244140625,83.2699966430664,82.27999877929688,82.83000183105469,150727,0.0,0.0
2024-07-30 11:30:00-04:00,82.83000183105469,82.86000061035156,82.02999877929688,82.3499984741211,66933,0.0,0.0
2024-07-30 12:30:00-04:00,82.44999694824219,82.77999877929688,82.26000213623047,82.2699966430664,45375,0.0,0.0
2024-07-30 13:30:00-04:00,82.32499694824219,82.80000305175781,82.12999725341797,82.5,68974,0.0,0.0
2024-07-30 14:30:00-04:00,82.41999816894531,83.0999984741211,82.37000274658203,83.05000305175781,62857,0.0,0.0
2024-07-30 15:30:00-04:00,82.97000122070312,83.37999725341797,82.79000091552734,83.01000213623047,278837,0.0,0.0
2024-07-31 09:30:00-04:00,83.20999908447266,83.95999908447266,82.1449966430664,82.65499877929688,58143,0.0,0.0
2024-07-31 10:30:00-04:00,82.70999908447266,83.06999969482422,82.38999938964844,82.63999938964844,31708,0.0,0.0
2024-07-31 11:30:00-04:00,82.69499969482422,83.47000122070312,82.66999816894531,83.41999816894531,24452,0.0,0.0
2024-07-31 12:30:00-04:00,83.40499877929688,83.51000213623047,82.91000366210938,83.04000091552734,37444,0.0,0.0
2024-07-31 13:30:00-04:00,82.94999694824219,83.34249877929688,82.78500366210938,83.19999694824219,69650,0.0,0.0
2024-07-31 14:30:00-04:00,83.20999908447266,84.16999816894531,82.62999725341797,82.79000091552734,242390,0.0,0.0
2024-07-31 15:30:00-04:00,82.69000244140625,82.73999786376953,81.45999908447266,81.48999786376953,165703,0.0,0.0
2024-08-01 09:30:00-04:00,81.33999633789062,81.94999694824219,79.33000183105469,79.33000183105469,63682,0.0,0.0
2024-08-01 10:30:00-04:00,79.3550033569336,79.36000061035156,77.83999633789062,77.83999633789062,57727,0.0,0.0
2024-08-01 11:30:00-04:00,77.87999725341797,78.2249984741211,77.52999877929688,77.94000244140625,110573,0.0,0.0
2024-08-01 12:30:00-04:00,77.96499633789062,78.12000274658203,77.30999755859375,77.54000091552734,44566,0.0,0.0
2024-08-01 13:30:00-04:00,77.58499908447266,77.81400299072266,77.37999725341797,77.58000183105469,45892,0.0,0.0
2024-08-01 14:30:00-04:00,77.58000183105469,77.87999725341797,77.41999816894531,77.87000274658203,84706,0.0,0.0
2024-08-01 15:30:00-04:00,77.9000015258789,77.97000122070312,77.51000213623047,77.54000091552734,199171,0.0,0.0
2024-08-02 09:30:00-04:00,75.41000366210938,75.98999786376953,73.80999755859375,75.3499984741211,135141,0.0,0.0
2024-08-02 10:30:00-04:00,75.31999969482422,75.79000091552734,74.56999969482422,75.79000091552734,264468,0.0,0.0
2024-08-02 11:30:00-04:00,75.79000091552734,77.26499938964844,75.6500015258789,77.13999938964844,79533,0.0,0.0
2024-08-02 12:30:00-04:00,77.04000091552734,77.55999755859375,76.54000091552734,76.81999969482422,72202,0.0,0.0
2024-08-02 13:30:00-04:00,76.76000213623047,76.87999725341797,76.31099700927734,76.79499816894531,58673,0.0,0.0
2024-08-02 14:30:00-04:00,76.8499984741211,77.81999969482422,76.8499984741211,77.5999984741211,90500,0.0,0.0
2024-08-02 15:30:00-04:00,77.63999938964844,77.68499755859375,77.11000061035156,77.29000091552734,163236,0.0,0.0
2024-08-05 09:30:00-04:00,74.16000366210938,75.7699966430664,73.08999633789062,75.11000061035156,94526,0.0,0.0
2024-08-05 10:30:00-04:00,75.23999786376953,76.02999877929688,75.125,75.94000244140625,63887,0.0,0.0
2024-08-05 11:30:00-04:00,75.83999633789062,76.80000305175781,75.76000213623047,76.52999877929688,42690,0.0,0.0
2024-08-05 12:30:00-04:00,76.44999694824219,76.61000061035156,75.08000183105469,75.26000213623047,66289,0.0,0.0
2024-08-05 13:30:00-04:00,75.33999633789062,75.70999908447266,74.86000061035156,75.43499755859375,36048,0.0,0.0
2024-08-05 14:30:00-04:00,75.33000183105469,75.74500274658203,75.12000274658203,75.70999908447266,97800,0.0,0.0
2024-08-05 15:30:00-04:00,75.80999755859375,75.8499984741211,75.35099792480469,75.55000305175781,172198,0.0,0.0
2024-08-06 09:30:00-04:00,75.58999633789062,76.43000030517578,75.08000183105469,76.1500015258789,26332,0.0,0.0
2024-08-06 10:30:00-04:00,76.06999969482422,76.87000274658203,75.61499786376953,75.61499786376953,57318,0.0,0.0
2024-08-06 11:30:00-04:00,75.6500015258789,76.12999725341797,75.52999877929688,75.84989929199219,35669,0.0,0.0
2024-08-06 12:30:00-04:00,75.73999786376953,76.04499816894531,75.66999816894531,75.90499877929688,27957,0.0,0.0
2024-08-06 13:30:00-04:00,75.90499877929688,76.08000183105469,75.66999816894531,75.9000015258789,34311,0.0,0.0
2024-08-06 14:30:00-04:00,75.86000061035156,75.9800033569336,74.94000244140625,75.24500274658203,64499,0.0,0.0
2024-08-06 15:30:00-04:00,75.2249984741211,75.37000274658203,74.69999694824219,74.7699966430664,184846,0.0,0.0
2024-08-07 09:30:00-04:00,75.98999786376953,77.08999633789062,74.69000244140625,74.69000244140625,40125,0.0,0.0
2024-08-07 10:30:00-04:00,74.48999786376953,75.80999755859375,74.48999786376953,75.59500122070312,60472,0.0,0.0
2024-08-07 11:30:00-04:00,75.6500015258789,75.75,75.26000213623047,75.58999633789062,42408,0.0,0.0
2024-08-07 12:30:00-04:00,75.5199966430664,76.05000305175781,74.6500015258789,74.66999816894531,76880,0.0,0.0
2024-08-07 13:30:00-04:00,74.7699966430664,74.90440368652344,73.9749984741211,74.05500030517578,41928,0.0,0.0
2024-08-07 14:30:00-04:00,74.01000213623047,74.61000061035156,73.94999694824219,74.35099792480469,50481,0.0,0.0
2024-08-07 15:30:00-04:00,74.33999633789062,74.33999633789062,73.80999755859375,73.93000030517578,156067,0.0,0.0
2024-08-08 09:30:00-04:00,75.19999694824219,76.4000015258789,74.33999633789062,75.875,61491,0.0,0.0
2024-08-08 10:30:00-04:00,75.75,76.29000091552734,75.41999816894531,76.29000091552734,40405,0.0,0.0
2024-08-08 11:30:00-04:00,76.15499877929688,76.19000244140625,75.61000061035156,75.78500366210938,43106,0.0,0.0
2024-08-08 12:30:00-04:00,75.7300033569336,76.16999816894531,75.5,76.16999816894531,69812,0.0,0.0
2024-08-08 13:30:00-04:00,76.16999816894531,76.16999816894531,75.87999725341797,76.0,41693,0.0,0.0
2024-08-08 14:30:00-04:00,76.01090240478516,76.54000091552734,76.01090240478516,76.45999908447266,94873,0.0,0.0
2024-08-08 15:30:00-04:00,76.45999908447266,76.45999908447266,75.95999908447266,76.12000274658203,168219,0.0,0.0
2024-08-09 09:30:00-04:00,76.0999984741211,76.61000061035156,75.6500015258789,75.6500015258789,62150,0.0,0.0
2024-08-09 10:30:00-04:00,75.73999786376953,75.73999786376953,74.44000244140625,74.44000244140625,41119,0.0,0.0
2024-08-09 11:30:00-04:00,74.33000183105469,74.77999877929688,74.33000183105469,74.6500015258789,33899,0.0,0.0
2024-08-09 12:30:00-04:00,74.63999938964844,75.31500244140625,74.47000122070312,75.16999816894531,39246,0.0,0.0
2024-08-09 13:30:00-04:00,75.25499725341797,75.33999633789062,74.44999694824219,74.87000274658203,62591,0.0,0.0
2024-08-09 14:30:00-04:00,74.875,75.19999694824219,74.83499908447266,75.09500122070312,52548,0.0,0.0
2024-08-09 15:30:00-04:00,75.01000213623047,75.04000091552734,74.41000366210938,74.66000366210938,128912,0.0,0.0
2024-08-12 09:30:00-04:00,74.95999908447266,75.43000030517578,74.17500305175781,74.94999694824219,83171,0.0,0.0
2024-08-12 10:30:00-04:00,75.01000213623047,75.33000183105469,74.83000183105469,74.98999786376953,45174,0.0,0.0
2024-08-12 11:30:00-04:00,74.86499786376953,75.0,74.4000015258789,74.4000015258789,50397,0.0,0.0
2024-08-12 12:30:00-04:00,74.30000305175781,74.30000305175781,73.61000061035156,73.76000213623047,21171,0.0,0.0
2024-08-12 13:30:00-04:00,73.8781967163086,74.41000366210938,73.81999969482422,74.31500244140625,31267,0.0,0.0
2024-08-12 14:30:00-04:00,74.2699966430664,74.69999694824219,74.25,74.5999984741211,88845,0.0,0.0
2024-08-12 15:30:00-04:00,74.58000183105469,74.62999725341797,74.30000305175781,74.55000305175781,120850,0.0,0.0
2024-08-13 09:30:00-04:00,74.97000122070312,75.38500213623047,74.52999877929688,75.20999908447266,38813,0.0,0.0
2024-08-13 10:30:00-04:00,75.11000061035156,75.91999816894531,74.95999908447266,75.88999938964844,35459,0.0,0.0
2024-08-13 11:30:00-04:00,75.89810180664062,76.36000061035156,75.68000030517578,76.0199966430664,39407,0.0,0.0
2024-08-13 12:30:00-04:00,76.05500030517578,76.29000091552734,75.8949966430664,75.94999694824219,39209,0.0,0.0
2024-08-13 13:30:00-04:00,75.94999694824219,76.12000274658203,75.87999725341797,76.06999969482422,46833,0.0,0.0
2024-08-13 14:30:00-04:00,76.05000305175781,76.33999633789062,76.05000305175781,76.30500030517578,42811,0.0,0.0
2024-08-13 15:30:00-04:00,76.36499786376953,76.62999725341797,76.19000244140625,76.20999908447266,143614,0.0,0.0
2024-08-14 09:30:00-04:00,76.5999984741211,76.5999984741211,75.2300033569336,75.33000183105469,16600,0.0,0.0
2024-08-14 10:30:00-04:00,75.31999969482422,75.40499877929688,74.43499755859375,74.44999694824219,31227,0.0,0.0
2024-08-14 11:30:00-04:00,74.49210357666016,75.01000213623047,74.23500061035156,74.2699966430664,35109,0.0,0.0
2024-08-14 12:30:00-04:00,74.2699966430664,74.5,74.21499633789062,74.44999694824219,17325,0.0,0.0
2024-08-14 13:30:00-04:00,74.37999725341797,74.5999984741211,74.1500015258789,74.27999877929688,23877,0.0,0.0
2024-08-14 14:30:00-04:00,74.26499938964844,74.52999877929688,74.23999786376953,74.52999877929688,27937,0.0,0.0
2024-08-14 15:30:00-04:00,74.5,74.51499938964844,73.8499984741211,74.05999755859375,84665,0.0,0.0
2024-08-15 09:30:00-04:00,76.22000122070312,76.96499633789062,76.04000091552734,76.58499908447266,48853,0.0,0.0
2024-08-15 10:30:00-04:00,76.58499908447266,77.25,76.44000244140625,76.91000366210938,28980,0.0,0.0
2024-08-15 11:30:00-04:00,76.95500183105469,77.11499786376953,76.75,77.05500030517578,22000,0.0,0.0
2024-08-15 12:30:00-04:00,77.12000274658203,77.2699966430664,76.75,77.26000213623047,37782,0.0,0.0
2024-08-15 13:30:00-04:00,77.25,77.4000015258789,77.0999984741211,77.26000213623047,40024,0.0,0.0
2024-08-15 14:30:00-04:00,77.22000122070312,77.31999969482422,76.94999694824219,77.11000061035156,45025,0.0,0.0
2024-08-15 15:30:00-04:00,77.1500015258789,77.1500015258789,76.69000244140625,76.70999908447266,99608,0.0,0.0
2024-08-16 09:30:00-04:00,76.56999969482422,77.80999755859375,76.25669860839844,76.88999938964844,28145,0.0,0.0
2024-08-16 10:30:00-04:00,76.94000244140625,77.07499694824219,76.66000366210938,76.79000091552734,26396,0.0,0.0
2024-08-16 11:30:00-04:00,76.94999694824219,77.0199966430664,76.77999877929688,76.91500091552734,21475,0.0,0.0
2024-08-16 12:30:00-04:00,76.91500091552734,76.91500091552734,76.55000305175781,76.66999816894531,21591,0.0,0.0
2024-08-16 13:30:00-04:00,76.66999816894531,76.7699966430664,76.30000305175781,76.56500244140625,17867,0.0,0.0
2024-08-16 14:30:00-04:00,76.62000274658203,76.69999694824219,76.43000030517578,76.63999938964844,21953,0.0,0.0
2024-08-16 15:30:00-04:00,76.55000305175781,76.94000244140625,76.50499725341797,76.91999816894531,98091,0.0,0.0
2024-08-19 09:30:00-04:00,77.20999908447266,77.80000305175781,76.45999908447266,76.73500061035156,35428,0.0,0.0
2024-08-19 10:30:00-04:00,76.72000122070312,77.4800033569336,76.66000366210938,77.37000274658203,42044,0.0,0.0
2024-08-19 11:30:00-04:00,77.33999633789062,77.58000183105469,77.04000091552734,77.38999938964844,37141,0.0,0.0
2024-08-19 12:30:00-04:00,77.3499984741211,77.44999694824219,77.1449966430664,77.1449966430664,38224,0.0,0.0
2024-08-19 13:30:00-04:00,77.13999938964844,77.25,76.82499694824219,76.82499694824219,25770,0.0,0.0
2024-08-19 14:30:00-04:00,76.83999633789062,77.05030059814453,76.55999755859375,76.6449966430664,40184,0.0,0.0
2024-08-19 15:30:00-04:00,76.61000061035156,76.61499786376953,76.29000091552734,76.31999969482422,116373,0.0,0.0
2024-08-20 09:30:00-04:00,76.26499938964844,77.31500244140625,76.26499938964844,76.66999816894531,35886,0.0,0.0
2024-08-20 10:30:00-04:00,76.56999969482422,76.82499694824219,75.95999908447266,75.96499633789062,24894,0.0,0.0
2024-08-20 11:30:00-04:00,76.12999725341797,76.30999755859375,75.75,75.81999969482422,21629,0.0,0.0
2024-08-20 12:30:00-04:00,75.81999969482422,76.02999877929688,75.77999877929688,76.01000213623047,13529,0.0,0.0
2024-08-20 13:30:00-04:00,75.97000122070312,76.29000091552734,75.91000366210938,76.27999877929688,14699,0.0,0.0
2024-08-20 14:30:00-04:00,76.2300033569336,76.33000183105469,76.16000366210938,76.2300033569336,23779,0.0,0.0
2024-08-20 15:30:00-04:00,76.19000244140625,76.19000244140625,75.62000274658203,75.69000244140625,74528,0.0,0.0
2024-08-21 09:30:00-04:00,76.29000091552734,76.87999725341797,75.40699768066406,76.87999725341797,39092,0.0,0.0
2024-08-21 10:30:00-04:00,76.94000244140625,77.0199966430664,76.58999633789062,76.90499877929688,28107,0.0,0.0
2024-08-21 11:30:00-04:00,77.04000091552734,77.33999633789062,76.76000213623047,76.88999938964844,18441,0.0,0.0
2024-08-21 12:30:00-04:00,76.91500091552734,77.1729965209961,76.84500122070312,77.09500122070312,15845,0.0,0.0
2024-08-21 13:30:00-04:00,77.12000274658203,77.37300109863281,77.05000305175781,77.2750015258789,35170,0.0,0.0
2024-08-21 14:30:00-04:00,77.29000091552734,77.44999694824219,77.08000183105469,77.29000091552734,32676,0.0,0.0
2024-08-21 15:30:00-04:00,77.2699966430664,77.52999877929688,77.13999938964844,77.18000030517578,83228,0.0,0.0
2024-08-22 09:30:00-04:00,77.11000061035156,77.5999984741211,76.77999877929688,76.97000122070312,19576,0.0,0.0
2024-08-22 10:30:00-04:00,76.9749984741211,77.06449890136719,76.36000061035156,76.5199966430664,22416,0.0,0.0
2024-08-22 11:30:00-04:00,76.51000213623047,76.7699966430664,76.37999725341797,76.54000091552734,19814,0.0,0.0
2024-08-22 12:30:00-04:00,76.56500244140625,76.62999725341797,76.33000183105469,76.55000305175781,32873,0.0,0.0
2024-08-22 13:30:00-04:00,76.55500030517578,76.88999938964844,76.4800033569336,76.63500213623047,39548,0.0,0.0
2024-08-22 14:30:00-04:00,76.63500213623047,77.18000030517578,76.48999786376953,77.05999755859375,44929,0.0,0.0
2024-08-22 15:30:00-04:00,77.0,77.04000091552734,76.19000244140625,76.43000030517578,133942,0.0,0.0
2024-08-23 09:30:00-04:00,76.83999633789062,78.8499984741211,75.91000366210938,78.74500274658203,36600,0.0,0.0
2024-08-23 10:30:00-04:00,78.87999725341797,80.69499969482422,78.87999725341797,80.69499969482422,73870,0.0,0.0
2024-08-23 11:30:00-04:00,80.69750213623047,81.04000091552734,80.31999969482422,80.41000366210938,63392,0.0,0.0
2024-08-23 12:30:00-04:00,80.44000244140625,80.68000030517578,80.25,80.58999633789062,32980,0.0,0.0
2024-08-23 13:30:00-04:00,80.66999816894531,80.69000244140625,80.44999694824219,80.69000244140625,29448,0.0,0.0
2024-08-23 14:30:00-04:00,80.68000030517578,80.70999908447266,80.33999633789062,80.62999725341797,50742,0.0,0.0
2024-08-23 15:30:00-04:00,80.61000061035156,80.70999908447266,80.38999938964844,80.55999755859375,105787,0.0,0.0
2024-08-26 09:30:00-04:00,81.06999969482422,82.43000030517578,81.06999969482422,82.36499786376953,158368,0.0,0.0
2024-08-26 10:30:00-04:00,82.44999694824219,82.62999725341797,81.37999725341797,81.62000274658203,93574,0.0,0.0
2024-08-26 11:30:00-04:00,81.57499694824219,82.0999984741211,81.55500030517578,82.05999755859375,69817,0.0,0.0
2024-08-26 12:30:00-04:00,82.05000305175781,82.08999633789062,81.91999816894531,82.0,74251,0.0,0.0
2024-08-26 13:30:00-04:00,81.99500274658203,82.0999984741211,81.68000030517578,82.0999984741211,95119,0.0,0.0
2024-08-26 14:30:00-04:00,82.06999969482422,82.11000061035156,81.69000244140625,81.76000213623047,127697,0.0,0.0
2024-08-26 15:30:00-04:00,81.78500366210938,82.0999984741211,81.48999786376953,82.01000213623047,264182,0.0,0.0
2024-08-27 09:30:00-04:00,81.16000366210938,81.16000366210938,79.66999816894531,80.50499725341797,46284,0.0,0.0
2024-08-27 10:30:00-04:00,80.51499938964844,80.68499755859375,80.0199966430664,80.19999694824219,42215,0.0,0.0
2024-08-27 11:30:00-04:00,80.23490142822266,80.24500274658203,79.75,79.98999786376953,38354,0.0,0.0
2024-08-27 12:30:00-04:00,79.95999908447266,80.18000030517578,79.76000213623047,80.18000030517578,29464,0.0,0.0
2024-08-27 13:30:00-04:00,80.17749786376953,80.30999755859375,80.04000091552734,80.08000183105469,35372,0.0,0.0
2024-08-27 14:30:00-04:00,80.11000061035156,80.41000366210938,80.06500244140625,80.29000091552734,45615,0.0,0.0
2024-08-27 15:30:00-04:00,80.30000305175781,80.61499786376953,80.12999725341797,80.44999694824219,149904,0.0,0.0
2024-08-28 09:30:00-04:00,79.7300033569336,80.31999969482422,79.18000030517578,80.08000183105469,17257,0.0,0.0
2024-08-28 10:30:00-04:00,80.06999969482422,80.61000061035156,79.52999877929688,79.54000091552734,22548,0.0,0.0
2024-08-28 11:30:00-04:00,79.58999633789062,79.86000061035156,78.87999725341797,79.06999969482422,23429,0.0,0.0
2024-08-28 12:30:00-04:00,78.97000122070312,79.66999816894531,78.95999908447266,79.55999755859375,39174,0.0,0.0
2024-08-28 13:30:00-04:00,79.55000305175781,79.62000274658203,79.33999633789062,79.5,43185,0.0,0.0
2024-08-28 14:30:00-04:00,79.5250015258789,80.05999755859375,79.48999786376953,79.87999725341797,46759,0.0,0.0
2024-08-28 15:30:00-04:00,79.87000274658203,79.97000122070312,79.66999816894531,79.70500183105469,128525,0.0,0.0
2024-08-29 09:30:00-04:00,80.01000213623047,80.43000030517578,78.91000366210938,79.86499786376953,30585,0.0,0.0
2024-08-29 10:30:00-04:00,79.62999725341797,79.87989807128906,79.5,79.80000305175781,29632,0.0,0.0
2024-08-29 11:30:00-04:00,79.8499984741211,80.04000091552734,79.80000305175781,79.8550033569336,19004,0.0,0.0
2024-08-29 12:30:00-04:00,79.83000183105469,79.9000015258789,79.59500122070312,79.84500122070312,15182,0.0,0.0
2024-08-29 13:30:00-04:00,79.97000122070312,79.98999786376953,79.56500244140625,79.56500244140625,32482,0.0,0.0
2024-08-29 14:30:00-04:00,79.54000091552734,79.63999938964844,79.0999984741211,79.55500030517578,20847,0.0,0.0
2024-08-29 15:30:00-04:00,79.55500030517578,79.55500030517578,78.61000061035156,78.81999969482422,128681,0.0,0.0
2024-08-30 09:30:00-04:00,79.44999694824219,79.58000183105469,78.80999755859375,79.26000213623047,34184,0.0,0.0
2024-08-30 10:30:00-04:00,79.2699966430664,79.37999725341797,79.11000061035156,79.27999877929688,11317,0.0,0.0
2024-08-30 11:30:00-04:00,79.24500274658203,79.24500274658203,78.8499984741211,78.93000030517578,31551,0.0,0.0
2024-08-30 12:30:00-04:00,78.9749984741211,78.9800033569336,78.30000305175781,78.47000122070312,20580,0.0,0.0
2024-08-30 13:30:00-04:00,78.55000305175781,78.88999938964844,78.41000366210938,78.80000305175781,26056,0.0,0.0
2024-08-30 14:30:00-04:00,78.76000213623047,79.04499816894531,78.73999786376953,79.04000091552734,34908,0.0,0.0
2024-08-30 15:30:00-04:00,79.04000091552734,79.12999725341797,78.68000030517578,79.0199966430664,95984,0.0,0.0
2024-09-03 09:30:00-04:00,78.44999694824219,79.18000030517578,77.8499984741211,78.33999633789062,59070,0.0,0.0
2024-09-03 10:30:00-04:00,78.3499984741211,78.61000061035156,78.04000091552734,78.44000244140625,51506,0.0,0.0
2024-09-03 11:30:00-04:00,78.33999633789062,78.80000305175781,78.26000213623047,78.31500244140625,37595,0.0,0.0
2024-09-03 12:30:00-04:00,78.2699966430664,78.27999877929688,77.55000305175781,77.93910217285156,35036,0.0,0.0
2024-09-03 13:30:00-04:00,77.9000015258789,78.05000305175781,77.62999725341797,77.62999725341797,39955,0.0,0.0
2024-09-03 14:30:00-04:00,77.55999755859375,77.6500015258789,77.33000183105469,77.41999816894531,58724,0.0,0.0
2024-09-03 15:30:00-04:00,77.45999908447266,77.51000213623047,76.94000244140625,77.26000213623047,98995,0.0,0.0
2024-09-04 09:30:00-04:00,76.5,77.45999908447266,76.43000030517578,77.1500015258789,36498,0.0,0.0
2024-09-04 10:30:00-04:00,77.18499755859375,77.91000366210938,76.91000366210938,77.30999755859375,20986,0.0,0.0
2024-09-04 11:30:00-04:00,77.30999755859375,77.64089965820312,77.30000305175781,77.5199966430664,17584,0.0,0.0
2024-09-04 12:30:00-04:00,77.52999877929688,77.62999725341797,77.37000274658203,77.62999725341797,18942,0.0,0.0
2024-09-04 13:30:00-04:00,77.5999984741211,77.79129791259766,77.48999786376953,77.75499725341797,25180,0.0,0.0
2024-09-04 14:30:00-04:00,77.77999877929688,77.83000183105469,77.4800033569336,77.73899841308594,22330,0.0,0.0
2024-09-04 15:30:00-04:00,77.69999694824219,78.11000061035156,77.54000091552734,78.04000091552734,71046,0.0,0.0
2024-09-05 09:30:00-04:00,78.66999816894531,78.66999816894531,77.44000244140625,78.11499786376953,29866,0.0,0.0
2024-09-05 10:30:00-04:00,78.25,78.37000274658203,77.55000305175781,77.55999755859375,27162,0.0,0.0
2024-09-05 11:30:00-04:00,77.44000244140625,77.80000305175781,77.38500213623047,77.70999908447266,14360,0.0,0.0
2024-09-05 12:30:00-04:00,77.58999633789062,77.68000030517578,77.44000244140625,77.52999877929688,12121,0.0,0.0
2024-09-05 13:30:00-04:00,77.81999969482422,77.8499984741211,77.55000305175781,77.55000305175781,13004,0.0,0.0
2024-09-05 14:30:00-04:00,77.55000305175781,77.55999755859375,76.78500366210938,76.87999725341797,42490,0.0,0.0
2024-09-05 15:30:00-04:00,76.87999725341797,76.97000122070312,76.5,76.56999969482422,78049,0.0,0.0
2024-09-06 09:30:00-04:00,76.2300033569336,77.33000183105469,76.02999877929688,76.54000091552734,20436,0.0,0.0
2024-09-06 10:30:00-04:00,76.33000183105469,76.70999908447266,75.5,75.53189849853516,18931,0.0,0.0
2024-09-06 11:30:00-04:00,75.48999786376953,75.63999938964844,75.41000366210938,75.41000366210938,23036,0.0,0.0
2024-09-06 12:30:00-04:00,75.45500183105469,75.98999786376953,75.44999694824219,75.91999816894531,15163,0.0,0.0
2024-09-06 13:30:00-04:00,75.97000122070312,76.51000213623047,75.70500183105469,75.7750015258789,29234,0.0,0.0
2024-09-06 14:30:00-04:00,75.83000183105469,76.20500183105469,75.51000213623047,76.08999633789062,28519,0.0,0.0
2024-09-06 15:30:00-04:00,76.0,76.00499725341797,75.47000122070312,75.48999786376953,60938,0.0,0.0
2024-09-09 09:30:00-04:00,75.66999816894531,76.09500122070312,74.76000213623047,75.8499984741211,42568,0.0,0.0
2024-09-09 10:30:00-04:00,75.75,75.82499694824219,75.37000274658203,75.47000122070312,33944,0.0,0.0
2024-09-09 11:30:00-04:00,75.54000091552734,75.95999908447266,75.48999786376953,75.69000244140625,24240,0.0,0.0
2024-09-09 12:30:00-04:00,75.67500305175781,75.95500183105469,75.62000274658203,75.83000183105469,23125,0.0,0.0
2024-09-09 13:30:00-04:00,75.83000183105469,75.9749984741211,75.62000274658203,75.88999938964844,61753,0.0,0.0
2024-09-09 14:30:00-04:00,75.86000061035156,76.04000091552734,75.7300033569336,75.77999877929688,52654,0.0,0.0
2024-09-09 15:30:00-04:00,75.75,76.00499725341797,75.56999969482422,75.62999725341797,204745,0.0,0.0
2024-09-10 09:30:00-04:00,75.69000244140625,75.69000244140625,73.86009979248047,74.13999938964844,54558,0.0,0.0
2024-09-10 10:30:00-04:00,74.05999755859375,74.95999908447266,73.99500274658203,74.7300033569336,19833,0.0,0.0
2024-09-10 11:30:00-04:00,74.7699966430664,74.81999969482422,73.95999908447266,74.05000305175781,66010,0.0,0.0
2024-09-10 12:30:00-04:00,74.01000213623047,74.47000122070312,73.97000122070312,74.30999755859375,51047,0.0,0.0
2024-09-10 13:30:00-04:00,74.30999755859375,74.75,74.30999755859375,74.7300033569336,29570,0.0,0.0
2024-09-10 14:30:00-04:00,74.70999908447266,74.75990295410156,74.4000015258789,74.71499633789062,58712,0.0,0.0
2024-09-10 15:30:00-04:00,74.66999816894531,74.94999694824219,74.5,74.77999877929688,113900,0.0,0.0
2024-09-11 09:30:00-04:00,74.24500274658203,74.44999694824219,73.76499938964844,73.8499984741211,70084,0.0,0.0
2024-09-11 10:30:00-04:00,73.83999633789062,74.27680206298828,73.76000213623047,74.27680206298828,32048,0.0,0.0
2024-09-11 11:30:00-04:00,74.30999755859375,74.80000305175781,74.30000305175781,74.63999938964844,29270,0.0,0.0
2024-09-11 12:30:00-04:00,74.67500305175781,75.05999755859375,74.62000274658203,74.95580291748047,30204,0.0,0.0
2024-09-11 13:30:00-04:00,74.9800033569336,75.19999694824219,74.87000274658203,75.0,33108,0.0,0.0
2024-09-11 14:30:00-04:00,75.04000091552734,75.56999969482422,75.04000091552734,75.5,60682,0.0,0.0
2024-09-11 15:30:00-04:00,75.4800033569336,75.9800033569336,75.44000244140625,75.94000244140625,183973,0.0,0.0
2024-09-12 09:30:00-04:00,76.23999786376953,76.30999755859375,74.8949966430664,75.6449966430664,25649,0.0,0.0
2024-09-12 10:30:00-04:00,75.66999816894531,76.0199966430664,75.2699966430664,75.5250015258789,21853,0.0,0.0
2024-09-12 11:30:00-04:00,75.5199966430664,75.69000244140625,75.38500213623047,75.41999816894531,12840,0.0,0.0
2024-09-12 12:30:00-04:00,75.45999908447266,75.74500274658203,75.29000091552734,75.68000030517578,19378,0.0,0.0
2024-09-12 13:30:00-04:00,75.80999755859375,75.98999786376953,75.5999984741211,75.66000366210938,12857,0.0,0.0
2024-09-12 14:30:00-04:00,75.61000061035156,75.63500213623047,75.16000366210938,75.47010040283203,34416,0.0,0.0
2024-09-12 15:30:00-04:00,75.50499725341797,75.8499984741211,75.44000244140625,75.81999969482422,92475,0.0,0.0
2024-09-13 09:30:00-04:00,76.86000061035156,79.12999725341797,76.625,79.02999877929688,45907,0.0,0.0
2024-09-13 10:30:00-04:00,79.08499908447266,79.83999633789062,78.56159973144531,78.72000122070312,247787,0.0,0.0
2024-09-13 11:30:00-04:00,78.5,78.86000061035156,78.5,78.72000122070312,24449,0.0,0.0
2024-09-13 12:30:00-04:00,78.72000122070312,78.88999938964844,78.5999984741211,78.75,55194,0.0,0.0
2024-09-13 13:30:00-04:00,78.66999816894531,78.83000183105469,78.24500274658203,78.31999969482422,63591,0.0,0.0
2024-09-13 14:30:00-04:00,78.25,78.61000061035156,77.9000015258789,78.45099639892578,140977,0.0,0.0
2024-09-13 15:30:00-04:00,78.55000305175781,79.2300033569336,78.55000305175781,79.12999725341797,269335,0.0,0.0
2024-09-16 09:30:00-04:00,79.7699966430664,80.31999969482422,79.08000183105469,79.29499816894531,87991,0.0,0.0
2024-09-16 10:30:00-04:00,79.29499816894531,79.55999755859375,78.8499984741211,79.30999755859375,112494,0.0,0.0
2024-09-16 11:30:00-04:00,79.41000366210938,79.63500213623047,78.94999694824219,79.63500213623047,52935,0.0,0.0
2024-09-16 12:30:00-04:00,79.63500213623047,79.83999633789062,79.44000244140625,79.6449966430664,166772,0.0,0.0
2024-09-16 13:30:00-04:00,79.68000030517578,80.11000061035156,79.63749694824219,79.76000213623047,74301,0.0,0.0
2024-09-16 14:30:00-04:00,79.76000213623047,79.80999755859375,79.58000183105469,79.75,96905,0.0,0.0
2024-09-16 15:30:00-04:00,79.75,80.30999755859375,79.69000244140625,80.19999694824219,159224,0.0,0.0
2024-09-17 09:30:00-04:00,80.79000091552734,82.63999938964844,80.51000213623047,82.48999786376953,0,0.0,0.0
2024-09-17 10:30:00-04:00,82.48999786376953,82.83999633789062,82.30000305175781,82.59500122070312,113484,0.0,0.0
2024-09-17 11:30:00-04:00,82.58999633789062,82.69000244140625,81.93000030517578,82.0,97956,0.0,0.0
2024-09-17 12:30:00-04:00,81.88999938964844,82.02999877929688,80.95999908447266,81.7699966430664,86784,0.0,0.0
2024-09-17 13:30:00-04:00,81.7699966430664,81.83000183105469,81.2249984741211,81.33999633789062,36267,0.0,0.0
2024-09-17 14:30:00-04:00,81.33999633789062,82.16999816894531,81.33999633789062,82.11000061035156,59418,0.0,0.0
2024-09-17 15:30:00-04:00,82.11000061035156,82.13999938964844,81.86000061035156,81.88999938964844,193195,0.0,0.0
2024-09-18 09:30:00-04:00,82.33999633789062,82.43000030517578,81.31999969482422,81.51499938964844,44169,0.0,0.0
2024-09-18 10:30:00-04:00,81.48500061035156,81.69000244140625,81.18000030517578,81.43875122070312,19064,0.0,0.0
2024-09-18 11:30:00-04:00,81.3949966430664,81.5,81.19999694824219,81.30999755859375,45472,0.0,0.0
2024-09-18 12:30:00-04:00,81.23999786376953,81.55999755859375,81.23999786376953,81.44989776611328,19464,0.0,0.0
2024-09-18 13:30:00-04:00,81.44999694824219,83.94000244140625,81.3499984741211,83.56999969482422,65912,0.0,0.0
2024-09-18 14:30:00-04:00,83.7300033569336,84.68000030517578,82.16999816894531,82.7300033569336,70470,0.0,0.0
2024-09-18 15:30:00-04:00,82.72000122070312,82.94999694824219,81.8499984741211,82.30000305175781,125252,0.0,0.0
2024-09-19 09:30:00-04:00,84.33999633789062,84.3499984741211,83.04000091552734,83.69999694824219,52606,0.0,0.0
2024-09-19 10:30:00-04:00,83.73999786376953,83.9800033569336,83.33000183105469,83.81999969482422,32735,0.0,0.0
2024-09-19 11:30:00-04:00,83.75,83.86000061035156,83.47000122070312,83.4800033569336,17942,0.0,0.0
2024-09-19 12:30:00-04:00,83.48999786376953,84.0,83.4800033569336,83.83999633789062,22277,0.0,0.0
2024-09-19 13:30:00-04:00,83.83999633789062,83.8949966430664,83.27999877929688,83.45999908447266,32874,0.0,0.0
2024-09-19 14:30:00-04:00,83.38999938964844,84.23999786376953,83.36000061035156,83.8499984741211,149366,0.0,0.0
2024-09-19 15:30:00-04:00,83.8499984741211,84.45999908447266,83.7300033569336,84.43000030517578,178589,0.0,0.0
2024-09-20 09:30:00-04:00,84.23999786376953,84.38999938964844,82.56999969482422,83.58499908447266,115889,0.0,0.0
2024-09-20 10:30:00-04:00,83.3499984741211,83.76000213623047,82.41000366210938,82.69999694824219,35575,0.0,0.0
2024-09-20 11:30:00-04:00,82.61000061035156,83.29000091552734,82.41000366210938,83.29000091552734,35225,0.0,0.0
2024-09-20 12:30:00-04:00,83.2300033569336,83.86000061035156,83.18000030517578,83.86000061035156,53456,0.0,0.0
2024-09-20 13:30:00-04:00,83.87999725341797,83.91000366210938,83.56500244140625,83.56500244140625,40565,0.0,0.0
2024-09-20 14:30:00-04:00,83.55999755859375,83.62999725341797,83.12999725341797,83.37000274658203,91102,0.0,0.0
2024-09-20 15:30:00-04:00,83.375,83.75,82.80999755859375,82.9749984741211,189132,0.0,0.0
2024-09-23 09:30:00-04:00,83.69999694824219,83.80999755859375,82.19000244140625,82.19000244140625,59295,0.0,0.0
2024-09-23 10:30:00-04:00,82.31500244140625,82.36000061035156,81.70800018310547,81.91000366210938,32577,0.0,0.0
2024-09-23 11:30:00-04:00,81.83999633789062,82.16999816894531,81.58999633789062,81.80999755859375,131309,0.0,0.0
2024-09-23 12:30:00-04:00,81.80999755859375,82.54000091552734,81.80999755859375,82.49500274658203,83390,0.0,0.0
2024-09-23 13:30:00-04:00,82.47000122070312,82.79000091552734,81.94000244140625,81.94000244140625,31290,0.0,0.0
2024-09-23 14:30:00-04:00,82.01499938964844,82.06999969482422,81.67500305175781,81.7218017578125,57938,0.0,0.0
2024-09-23 15:30:00-04:00,81.75,81.9000015258789,81.49500274658203,81.51000213623047,152805,0.0,0.0
2024-09-24 09:30:00-04:00,82.23999786376953,82.80000305175781,81.81300354003906,82.52999877929688,58077,0.0,0.0
2024-09-24 10:30:00-04:00,82.54000091552734,83.20999908447266,82.11000061035156,82.81999969482422,46614,0.0,0.0
2024-09-24 11:30:00-04:00,82.86499786376953,82.91000366210938,82.40499877929688,82.41999816894531,19820,0.0,0.0
2024-09-24 12:30:00-04:00,82.36000061035156,82.7300033569336,82.36000061035156,82.58000183105469,34326,0.0,0.0
2024-09-24 13:30:00-04:00,82.58000183105469,82.87030029296875,82.56999969482422,82.6500015258789,69666,0.0,0.0
2024-09-24 14:30:00-04:00,82.62999725341797,82.94999694824219,82.33000183105469,82.87999725341797,60274,0.0,0.0
2024-09-24 15:30:00-04:00,82.83999633789062,82.9800033569336,82.66999816894531,82.83000183105469,127391,0.0,0.0
2024-09-25 09:30:00-04:00,82.72000122070312,83.05999755859375,81.83999633789062,82.13999938964844,42663,0.0,0.0
2024-09-25 10:30:00-04:00,82.2249984741211,82.51080322265625,81.91999816894531,81.9928970336914,45985,0.0,0.0
2024-09-25 11:30:00-04:00,81.91999816894531,81.97129821777344,81.5999984741211,81.7750015258789,62278,0.0,0.0
2024-09-25 12:30:00-04:00,81.7750015258789,82.08000183105469,81.6500015258789,81.80500030517578,38239,0.0,0.0
2024-09-25 13:30:00-04:00,81.66000366210938,81.7300033569336,81.4000015258789,81.44000244140625,33760,0.0,0.0
2024-09-25 14:30:00-04:00,81.5199966430664,81.62000274658203,81.25,81.37999725341797,54506,0.0,0.0
2024-09-25 15:30:00-04:00,81.31999969482422,81.31999969482422,80.81999969482422,80.93000030517578,150845,0.0,0.0
2024-09-26 09:30:00-04:00,82.5199966430664,83.95999908447266,82.5199966430664,83.09500122070312,36616,0.0,0.0
2024-09-26 10:30:00-04:00,82.91000366210938,83.37999725341797,82.69000244140625,82.94999694824219,57360,0.0,0.0
2024-09-26 11:30:00-04:00,82.87000274658203,83.42500305175781,82.87000274658203,83.16000366210938,54593,0.0,0.0
2024-09-26 12:30:00-04:00,83.29989624023438,83.29989624023438,82.80999755859375,82.95999908447266,15750,0.0,0.0
2024-09-26 13:30:00-04:00,83.0,83.56999969482422,83.0,83.06999969482422,509049,0.0,0.0
2024-09-26 14:30:00-04:00,83.07499694824219,83.45999908447266,82.92500305175781,83.01000213623047,51252,0.0,0.0
2024-09-26 15:30:00-04:00,82.93000030517578,83.3499984741211,82.81999969482422,82.91000366210938,114608,0.0,0.0
2024-09-27 09:30:00-04:00,84.22000122070312,84.81999969482422,83.55000305175781,84.81999969482422,186302,0.0,0.0
2024-09-27 10:30:00-04:00,84.88999938964844,85.6500015258789,84.8499984741211,85.62999725341797,119473,0.0,0.0
2024-09-27 11:30:00-04:00,85.62999725341797,85.84500122070312,84.87999725341797,84.93499755859375,74309,0.0,0.0
2024-09-27 12:30:00-04:00,84.98870086669922,84.98870086669922,84.18000030517578,84.52999877929688,46398,0.0,0.0
2024-09-27 13:30:00-04:00,84.54000091552734,84.54000091552734,84.06500244140625,84.06500244140625,55972,0.0,0.0
2024-09-27 14:30:00-04:00,84.05999755859375,84.86000061035156,83.88999938964844,84.47000122070312,69241,0.0,0.0
2024-09-27 15:30:00-04:00,84.4000015258789,84.87000274658203,84.30999755859375,84.51000213623047,156446,0.0,0.0
2024-09-30 09:30:00-04:00,83.94999694824219,85.08000183105469,83.55000305175781,84.20500183105469,47071,0.0,0.0
2024-09-30 10:30:00-04:00,84.2699966430664,84.63999938964844,84.11000061035156,84.18000030517578,38118,0.0,0.0
2024-09-30 11:30:00-04:00,84.16999816894531,84.33999633789062,83.84500122070312,84.33999633789062,22709,0.0,0.0
2024-09-30 12:30:00-04:00,84.33999633789062,84.80999755859375,84.29000091552734,84.80999755859375,44417,0.0,0.0
2024-09-30 13:30:00-04:00,84.76499938964844,84.95999908447266,83.55000305175781,83.80000305175781,89901,0.0,0.0
2024-09-30 14:30:00-04:00,83.7699966430664,84.02999877929688,83.37000274658203,83.5199966430664,66531,0.0,0.0
2024-09-30 15:30:00-04:00,83.51000213623047,84.0199966430664,83.36499786376953,83.81999969482422,127318,0.0,0.0
2024-10-01 09:30:00-04:00,83.61000061035156,83.61000061035156,81.86979675292969,82.19000244140625,29765,0.0,0.0
2024-10-01 10:30:00-04:00,82.16999816894531,82.23999786376953,81.55999755859375,82.0999984741211,28520,0.0,0.0
2024-10-01 11:30:00-04:00,82.13999938964844,82.66000366210938,82.05999755859375,82.66000366210938,39452,0.0,0.0
2024-10-01 12:30:00-04:00,82.63500213623047,82.69879913330078,82.0199966430664,82.0199966430664,47779,0.0,0.0
2024-10-01 13:30:00-04:00,82.03500366210938,82.87000274658203,82.03500366210938,82.83499908447266,31571,0.0,0.0
2024-10-01 14:30:00-04:00,82.83499908447266,82.87000274658203,82.4800033569336,82.58000183105469,51927,0.0,0.0
2024-10-01 15:30:00-04:00,82.58999633789062,82.80999755859375,82.33000183105469,82.41000366210938,106763,0.0,0.0
2024-10-02 09:30:00-04:00,81.81999969482422,82.29000091552734,80.94000244140625,81.875,19064,0.0,0.0
2024-10-02 10:30:00-04:00,81.68499755859375,81.75,81.2750015258789,81.47000122070312,21671,0.0,0.0
2024-10-02 11:30:00-04:00,81.45999908447266,81.58999633789062,81.08000183105469,81.3499984741211,39076,0.0,0.0
2024-10-02 12:30:00-04:00,81.30999755859375,81.625,81.23999786376953,81.52999877929688,47176,0.0,0.0
2024-10-02 13:30:00-04:00,81.54000091552734,82.0199966430664,81.43000030517578,81.71499633789062,40809,0.0,0.0
2024-10-02 14:30:00-04:00,81.70500183105469,81.91999816894531,81.33000183105469,81.33999633789062,44738,0.0,0.0
2024-10-02 15:30:00-04:00,81.31999969482422,81.76000213623047,81.19999694824219,81.76000213623047,134538,0.0,0.0
2024-10-03 09:30:00-04:00,80.9800033569336,81.72000122070312,80.33000183105469,81.19999694824219,56178,0.0,0.0
2024-10-03 10:30:00-04:00,81.18260192871094,81.18260192871094,80.5199966430664,80.9000015258789,63268,0.0,0.0
2024-10-03 11:30:00-04:00,80.94999694824219,81.63999938964844,80.94999694824219,81.50499725341797,29213,0.0,0.0
2024-10-03 12:30:00-04:00,81.50499725341797,81.50499725341797,81.18499755859375,81.33000183105469,37003,0.0,0.0
2024-10-03 13:30:00-04:00,81.3499984741211,81.5999984741211,81.14949798583984,81.38999938964844,20807,0.0,0.0
2024-10-03 14:30:00-04:00,81.33999633789062,81.70999908447266,81.18000030517578,81.63500213623047,34284,0.0,0.0
2024-10-03 15:30:00-04:00,81.63999938964844,82.08999633789062,81.30999755859375,82.05999755859375,77079,0.0,0.0
2024-10-04 09:30:00-04:00,83.48999786376953,83.86000061035156,82.5999984741211,82.5999984741211,22320,0.0,0.0
2024-10-04 10:30:00-04:00,82.4800033569336,82.9000015258789,81.9800033569336,82.0199966430664,14248,0.0,0.0
2024-10-04 11:30:00-04:00,81.99500274658203,82.625,81.70999908447266,82.44999694824219,37538,0.0,0.0
2024-10-04 12:30:00-04:00,82.43499755859375,82.76000213623047,82.37000274658203,82.43000030517578,12233,0.0,0.0
2024-10-04 13:30:00-04:00,82.38999938964844,82.44000244140625,82.02999877929688,82.13999938964844,14711,0.0,0.0
2024-10-04 14:30:00-04:00,82.12999725341797,82.5,82.06009674072266,82.36000061035156,24875,0.0,0.0
2024-10-04 15:30:00-04:00,82.3499984741211,82.44000244140625,82.18000030517578,82.37000274658203,57577,0.0,0.0
2024-10-07 09:30:00-04:00,82.05000305175781,82.05999755859375,81.27999877929688,81.47000122070312,21088,0.0,0.0
2024-10-07 10:30:00-04:00,81.33999633789062,81.54000091552734,80.66999816894531,80.66999816894531,23449,0.0,0.0
2024-10-07 11:30:00-04:00,80.54000091552734,80.58999633789062,80.16500091552734,80.44000244140625,29186,0.0,0.0
2024-10-07 12:30:00-04:00,80.44000244140625,80.68000030517578,80.31999969482422,80.56999969482422,23493,0.0,0.0
2024-10-07 13:30:00-04:00,80.52999877929688,80.52999877929688,79.91000366210938,80.05000305175781,53538,0.0,0.0
2024-10-07 14:30:00-04:00,80.0,80.91500091552734,79.76499938964844,80.91500091552734,69214,0.0,0.0
2024-10-07 15:30:00-04:00,80.87999725341797,81.13999938964844,80.75499725341797,81.0999984741211,74642,0.0,0.0
2024-10-08 09:30:00-04:00,80.76000213623047,81.16999816894531,80.08999633789062,80.12000274658203,21811,0.0,0.0
2024-10-08 10:30:00-04:00,80.11000061035156,80.5,79.94000244140625,80.16500091552734,109830,0.0,0.0
2024-10-08 11:30:00-04:00,80.16500091552734,80.7699966430664,80.12000274658203,80.66500091552734,28102,0.0,0.0
2024-10-08 12:30:00-04:00,80.62000274658203,80.66999816894531,79.87000274658203,79.95999908447266,31803,0.0,0.0
2024-10-08 13:30:00-04:00,79.94999694824219,80.33000183105469,79.8499984741211,80.16000366210938,62366,0.0,0.0
2024-10-08 14:30:00-04:00,80.22000122070312,80.37999725341797,79.97000122070312,80.23999786376953,51420,0.0,0.0
2024-10-08 15:30:00-04:00,80.23500061035156,80.43000030517578,80.11000061035156,80.4000015258789,140348,0.0,0.0
2024-10-09 09:30:00-04:00,80.45999908447266,81.61000061035156,80.45999908447266,80.97000122070312,25612,0.0,0.0
2024-10-09 10:30:00-04:00,80.97000122070312,82.09500122070312,80.80000305175781,82.09500122070312,36128,0.0,0.0
2024-10-09 11:30:00-04:00,82.0199966430664,82.72000122070312,81.9800033569336,82.66999816894531,72833,0.0,0.0
2024-10-09 12:30:00-04:00,82.66999816894531,82.66999816894531,81.73999786376953,82.11000061035156,110775,0.0,0.0
2024-10-09 13:30:00-04:00,82.1073989868164,82.11000061035156,81.57499694824219,81.57499694824219,29578,0.0,0.0
2024-10-09 14:30:00-04:00,81.55000305175781,81.66999816894531,81.4000015258789,81.6449966430664,31611,0.0,0.0
2024-10-09 15:30:00-04:00,81.6449966430664,81.9800033569336,81.36000061035156,81.93000030517578,135850,0.0,0.0
2024-10-10 09:30:00-04:00,81.25,81.48999786376953,80.48999786376953,81.26499938964844,99603,0.0,0.0
2024-10-10 10:30:00-04:00,81.33000183105469,81.62999725341797,81.02999877929688,81.62999725341797,83758,0.0,0.0
2024-10-10 11:30:00-04:00,81.58000183105469,81.61000061035156,81.11000061035156,81.32250213623047,55857,0.0,0.0
2024-10-10 12:30:00-04:00,81.32499694824219,81.45500183105469,80.80500030517578,81.06999969482422,85716,0.0,0.0
2024-10-10 13:30:00-04:00,81.1449966430664,81.20999908447266,80.7300033569336,80.97000122070312,32244,0.0,0.0
2024-10-10 14:30:00-04:00,80.88999938964844,81.02999877929688,80.66999816894531,80.72000122070312,59248,0.0,0.0
2024-10-10 15:30:00-04:00,80.76000213623047,80.93000030517578,80.5199966430664,80.80999755859375,188301,0.0,0.0
2024-10-11 09:30:00-04:00,81.08999633789062,82.56999969482422,81.08999633789062,82.375,80239,0.0,0.0
2024-10-11 10:30:00-04:00,82.33499908447266,82.68000030517578,82.23999786376953,82.59500122070312,53171,0.0,0.0
2024-10-11 11:30:00-04:00,82.6050033569336,82.87000274658203,82.25,82.30000305175781,35308,0.0,0.0
2024-10-11 12:30:00-04:00,82.25,82.52999877929688,82.20999908447266,82.5,24961,0.0,0.0
2024-10-11 13:30:00-04:00,82.5,82.81999969482422,82.26000213623047,82.26000213623047,45442,0.0,0.0
2024-10-11 14:30:00-04:00,82.29499816894531,82.37000274658203,81.97000122070312,82.16999816894531,31607,0.0,0.0
2024-10-11 15:30:00-04:00,82.09500122070312,82.58000183105469,82.09500122070312,82.44999694824219,83547,0.0,0.0
2024-10-14 09:30:00-04:00,82.06999969482422,82.1050033569336,81.36000061035156,81.91999816894531,19261,0.0,0.0
2024-10-14 10:30:00-04:00,81.86000061035156,82.29000091552734,81.69499969482422,82.16999816894531,30053,0.0,0.0
2024-10-14 11:30:00-04:00,82.13999938964844,82.33000183105469,82.04000091552734,82.19000244140625,24559,0.0,0.0
2024-10-14 12:30:00-04:00,82.17500305175781,82.41000366210938,82.12000274658203,82.34500122070312,33104,0.0,0.0
2024-10-14 13:30:00-04:00,82.30000305175781,82.5999984741211,82.1500015258789,82.56500244140625,29232,0.0,0.0
2024-10-14 14:30:00-04:00,82.5199966430664,82.76000213623047,82.4000015258789,82.6500015258789,50364,0.0,0.0
2024-10-14 15:30:00-04:00,82.6500015258789,83.23999786376953,82.5,83.20999908447266,107910,0.0,0.0
2024-10-15 09:30:00-04:00,83.31999969482422,84.86499786376953,83.12000274658203,84.5999984741211,69379,0.0,0.0
2024-10-15 10:30:00-04:00,84.58999633789062,85.0999984741211,84.06999969482422,85.0999984741211,56118,0.0,0.0
2024-10-15 11:30:00-04:00,85.11000061035156,85.37000274658203,84.87999725341797,85.13999938964844,33296,0.0,0.0
2024-10-15 12:30:00-04:00,85.13999938964844,85.375,84.7300033569336,84.76000213623047,91917,0.0,0.0
2024-10-15 13:30:00-04:00,84.75499725341797,84.81999969482422,84.16500091552734,84.2699966430664,46272,0.0,0.0
2024-10-15 14:30:00-04:00,84.31739807128906,84.31739807128906,83.88999938964844,83.91999816894531,60242,0.0,0.0
2024-10-15 15:30:00-04:00,83.91000366210938,83.91000366210938,83.30999755859375,83.41000366210938,96646,0.0,0.0
2024-10-16 09:30:00-04:00,84.30000305175781,85.31199645996094,84.18000030517578,84.75,42737,0.0,0.0
2024-10-16 10:30:00-04:00,84.71499633789062,85.08000183105469,84.51000213623047,84.51000213623047,44826,0.0,0.0
2024-10-16 11:30:00-04:00,84.3948974609375,84.55500030517578,83.66999816894531,84.0,99113,0.0,0.0
2024-10-16 12:30:00-04:00,84.0,84.04000091552734,83.63500213623047,83.80000305175781,22632,0.0,0.0
2024-10-16 13:30:00-04:00,83.74539947509766,83.86750030517578,83.38999938964844,83.68000030517578,39029,0.0,0.0
2024-10-16 14:30:00-04:00,83.68000030517578,83.76000213623047,83.37999725341797,83.59500122070312,72060,0.0,0.0
2024-10-16 15:30:00-04:00,83.54000091552734,84.33999633789062,83.43000030517578,83.91000366210938,171574,0.0,0.0
2024-10-17 09:30:00-04:00,83.7699966430664,84.30000305175781,82.77999877929688,82.81999969482422,36370,0.0,0.0
2024-10-17 10:30:00-04:00,82.97000122070312,83.43000030517578,82.91999816894531,83.05000305175781,66229,0.0,0.0
2024-10-17 11:30:00-04:00,83.0999984741211,83.125,82.7699966430664,82.8469009399414,24042,0.0,0.0
2024-10-17 12:30:00-04:00,83.00499725341797,83.17500305175781,82.83999633789062,82.8949966430664,34182,0.0,0.0
2024-10-17 13:30:00-04:00,82.9000015258789,83.44000244140625,82.9000015258789,83.22000122070312,66603,0.0,0.0
2024-10-17 14:30:00-04:00,83.2699966430664,83.87999725341797,83.22000122070312,83.70999908447266,107049,0.0,0.0
2024-10-17 15:30:00-04:00,83.70999908447266,84.36000061035156,83.6500015258789,84.18000030517578,158481,0.0,0.0
2024-10-18 09:30:00-04:00,84.81999969482422,84.81999969482422,83.7300033569336,83.95500183105469,11805,0.0,0.0
2024-10-18 10:30:00-04:00,83.94999694824219,84.58000183105469,83.87999725341797,84.0999984741211,44191,0.0,0.0
2024-10-18 11:30:00-04:00,83.93000030517578,84.26000213623047,83.73999786376953,84.2300033569336,18005,0.0,0.0
2024-10-18 12:30:00-04:00,84.16999816894531,84.22579956054688,83.87999725341797,83.97000122070312,19146,0.0,0.0
2024-10-18 13:30:00-04:00,83.98500061035156,84.41000366210938,83.9800033569336,84.34500122070312,27904,0.0,0.0
2024-10-18 14:30:00-04:00,84.29000091552734,84.29000091552734,83.8499984741211,84.08000183105469,31825,0.0,0.0
2024-10-18 15:30:00-04:00,84.01000213623047,84.15499877929688,83.67500305175781,84.01000213623047,111167,0.0,0.0
