Datetime,Open,High,Low,Close,Volume,Dividends,Stock Splits,Capital Gains
2022-10-20 09:30:00-04:00,51.709999084472656,51.709999084472656,51.709999084472656,51.709999084472656,0,0.0,0.0,0.0
2022-10-20 11:30:00-04:00,51.65340042114258,51.65340042114258,51.05339813232422,51.05339813232422,404,0.0,0.0,0.0
2022-10-21 11:30:00-04:00,51.41999816894531,51.41999816894531,51.41999816894531,51.41999816894531,0,0.0,0.0,0.0
2022-10-21 14:30:00-04:00,52.25170135498047,52.2943000793457,52.25170135498047,52.2943000793457,362,0.0,0.0,0.0
2022-10-25 09:30:00-04:00,53.566898345947266,53.566898345947266,53.566898345947266,53.566898345947266,0,0.0,0.0,0.0
2022-10-25 12:30:00-04:00,53.77000045776367,53.810001373291016,53.77000045776367,53.810001373291016,503,0.0,0.0,0.0
2022-10-25 13:30:00-04:00,53.66999816894531,53.66999816894531,53.66999816894531,53.66999816894531,225,0.0,0.0,0.0
2022-10-25 14:30:00-04:00,53.82320022583008,53.8317985534668,53.82320022583008,53.8317985534668,153,0.0,0.0,0.0
2022-10-26 09:30:00-04:00,53.790000915527344,53.97999954223633,53.790000915527344,53.939998626708984,0,0.0,0.0,0.0
2022-10-26 10:30:00-04:00,54.449100494384766,54.449100494384766,54.449100494384766,54.449100494384766,248,0.0,0.0,0.0
2022-10-26 11:30:00-04:00,54.669898986816406,54.669898986816406,54.669898986816406,54.669898986816406,700,0.0,0.0,0.0
2022-10-26 12:30:00-04:00,54.31999969482422,54.31999969482422,54.02119827270508,54.02119827270508,151,0.0,0.0,0.0
2022-10-27 09:30:00-04:00,54.18000030517578,54.18000030517578,54.18000030517578,54.18000030517578,0,0.0,0.0,0.0
2022-10-27 11:30:00-04:00,54.369998931884766,54.369998931884766,54.317298889160156,54.317298889160156,1605,0.0,0.0,0.0
2022-10-27 14:30:00-04:00,54.0,54.0,54.0,54.0,347,0.0,0.0,0.0
2022-10-27 15:30:00-04:00,54.040000915527344,54.040000915527344,53.843299865722656,53.843299865722656,561,0.0,0.0,0.0
2022-10-28 14:30:00-04:00,54.71609878540039,54.74129867553711,54.71609878540039,54.74129867553711,108,0.0,0.0,0.0
2022-10-31 09:30:00-04:00,54.61000061035156,54.61000061035156,54.61000061035156,54.61000061035156,0,0.0,0.0,0.0
2022-10-31 11:30:00-04:00,54.70000076293945,54.70000076293945,54.70000076293945,54.70000076293945,542,0.0,0.0,0.0
2022-10-31 13:30:00-04:00,54.869998931884766,54.869998931884766,54.869998931884766,54.869998931884766,722,0.0,0.0,0.0
2022-10-31 14:30:00-04:00,54.880001068115234,54.880001068115234,54.70000076293945,54.70000076293945,482,0.0,0.0,0.0
2022-10-31 15:30:00-04:00,54.90999984741211,54.90999984741211,54.6974983215332,54.6974983215332,537,0.0,0.0,0.0
2022-11-01 10:30:00-04:00,54.70000076293945,55.08539962768555,54.70000076293945,55.08539962768555,2292,0.0,0.0,0.0
2022-11-02 11:30:00-04:00,54.619998931884766,54.619998931884766,54.619998931884766,54.619998931884766,0,0.0,0.0,0.0
2022-11-02 12:30:00-04:00,54.41999816894531,54.41999816894531,54.41999816894531,54.41999816894531,883,0.0,0.0,0.0
2022-11-02 14:30:00-04:00,55.220001220703125,55.220001220703125,53.959999084472656,53.959999084472656,16700,0.0,0.0,0.0
2022-11-02 15:30:00-04:00,53.43000030517578,53.439998626708984,53.41999816894531,53.41999816894531,0,0.0,0.0,0.0
2022-11-03 11:30:00-04:00,53.189998626708984,53.189998626708984,53.185001373291016,53.185001373291016,616,0.0,0.0,0.0
2022-11-03 15:30:00-04:00,53.130001068115234,53.130001068115234,53.127899169921875,53.127899169921875,712,0.0,0.0,0.0
2022-11-04 11:30:00-04:00,53.95000076293945,53.959999084472656,53.650001525878906,53.650001525878906,204,0.0,0.0,0.0
2022-11-04 12:30:00-04:00,53.439998626708984,53.5099983215332,53.439998626708984,53.5099983215332,204,0.0,0.0,0.0
2022-11-04 13:30:00-04:00,53.5099983215332,53.5099983215332,53.5099983215332,53.5099983215332,1074,0.0,0.0,0.0
2022-11-04 15:30:00-04:00,54.33000183105469,54.33000183105469,54.33000183105469,54.33000183105469,690,0.0,0.0,0.0
2022-11-07 09:30:00-05:00,54.45000076293945,54.45000076293945,54.45000076293945,54.45000076293945,0,0.0,0.0,0.0
2022-11-07 10:30:00-05:00,54.56669998168945,54.56669998168945,54.56669998168945,54.56669998168945,230,0.0,0.0,0.0
2022-11-07 11:30:00-05:00,54.63100051879883,54.63100051879883,54.540000915527344,54.564998626708984,1185,0.0,0.0,0.0
2022-11-07 12:30:00-05:00,54.65999984741211,54.65999984741211,54.65999984741211,54.65999984741211,3502,0.0,0.0,0.0
2022-11-07 15:30:00-05:00,54.959999084472656,54.97999954223633,54.959999084472656,54.97999954223633,2768,0.0,0.0,0.0
2022-11-08 14:30:00-05:00,55.04570007324219,55.04570007324219,54.9807014465332,54.9807014465332,150,0.0,0.0,0.0
2022-11-08 15:30:00-05:00,55.150001525878906,55.150001525878906,55.11000061035156,55.112998962402344,0,0.0,0.0,0.0
2022-11-09 10:30:00-05:00,54.439998626708984,54.439998626708984,54.439998626708984,54.439998626708984,100,0.0,0.0,0.0
2022-11-09 12:30:00-05:00,54.2599983215332,54.2599983215332,54.22999954223633,54.22999954223633,926,0.0,0.0,0.0
2022-11-09 13:30:00-05:00,54.025001525878906,54.025001525878906,53.880001068115234,53.880001068115234,460,0.0,0.0,0.0
2022-11-09 14:30:00-05:00,53.900001525878906,53.900001525878906,53.68000030517578,53.68000030517578,703,0.0,0.0,0.0
2022-11-09 15:30:00-05:00,53.61000061035156,53.61000061035156,53.54999923706055,53.54999923706055,305,0.0,0.0,0.0
2022-11-10 12:30:00-05:00,56.150001525878906,56.150001525878906,56.150001525878906,56.150001525878906,405,0.0,0.0,0.0
2022-11-10 13:30:00-05:00,56.279998779296875,56.279998779296875,56.279998779296875,56.279998779296875,693,0.0,0.0,0.0
2022-11-10 14:30:00-05:00,56.459999084472656,56.459999084472656,56.459999084472656,56.459999084472656,212,0.0,0.0,0.0
2022-11-10 15:30:00-05:00,56.555999755859375,56.709999084472656,56.555999755859375,56.709999084472656,0,0.0,0.0,0.0
2022-11-11 09:30:00-05:00,57.310001373291016,57.720001220703125,57.310001373291016,57.720001220703125,644,0.0,0.0,0.0
2022-11-11 13:30:00-05:00,57.36000061035156,57.36000061035156,57.36000061035156,57.36000061035156,383,0.0,0.0,0.0
2022-11-11 14:30:00-05:00,57.587398529052734,57.587398529052734,57.560001373291016,57.560001373291016,529,0.0,0.0,0.0
2022-11-11 15:30:00-05:00,57.31999969482422,57.36000061035156,57.31999969482422,57.34809875488281,560,0.0,0.0,0.0
2022-11-14 12:30:00-05:00,57.31999969482422,57.31999969482422,57.31999969482422,57.31999969482422,701,0.0,0.0,0.0
2022-11-14 13:30:00-05:00,57.63999938964844,57.63999938964844,57.63999938964844,57.63999938964844,716,0.0,0.0,0.0
2022-11-14 15:30:00-05:00,56.83000183105469,56.835899353027344,56.83000183105469,56.835899353027344,112,0.0,0.0,0.0
2022-11-15 09:30:00-05:00,57.720001220703125,57.720001220703125,57.665000915527344,57.665000915527344,0,0.0,0.0,0.0
2022-11-15 10:30:00-05:00,58.0,58.0,57.66999816894531,57.82460021972656,596,0.0,0.0,0.0
2022-11-15 14:30:00-05:00,57.68899917602539,57.689998626708984,57.61240005493164,57.61240005493164,0,0.0,0.0,0.0
2022-11-16 13:30:00-05:00,56.61000061035156,56.7400016784668,56.61000061035156,56.7400016784668,1698,0.0,0.0,0.0
2022-11-16 15:30:00-05:00,56.65999984741211,56.65999984741211,56.616798400878906,56.616798400878906,263,0.0,0.0,0.0
2022-11-17 09:30:00-05:00,55.790000915527344,55.790000915527344,55.790000915527344,55.790000915527344,0,0.0,0.0,0.0
2022-11-17 12:30:00-05:00,56.189998626708984,56.189998626708984,56.189998626708984,56.189998626708984,101,0.0,0.0,0.0
2022-11-17 13:30:00-05:00,56.060001373291016,56.060001373291016,56.060001373291016,56.060001373291016,115,0.0,0.0,0.0
2022-11-17 14:30:00-05:00,55.9900016784668,55.9900016784668,55.90530014038086,55.90530014038086,2102,0.0,0.0,0.0
2022-11-17 15:30:00-05:00,55.9900016784668,56.20439910888672,55.9900016784668,56.20439910888672,2148,0.0,0.0,0.0
2022-11-18 11:30:00-05:00,56.284000396728516,56.284000396728516,56.284000396728516,56.284000396728516,0,0.0,0.0,0.0
2022-11-18 14:30:00-05:00,56.41999816894531,56.45000076293945,56.41999816894531,56.42499923706055,8857,0.0,0.0,0.0
2022-11-18 15:30:00-05:00,56.5,56.5,56.40999984741211,56.4900016784668,1159,0.0,0.0,0.0
2022-11-21 09:30:00-05:00,55.97999954223633,55.97999954223633,55.97999954223633,55.97999954223633,0,0.0,0.0,0.0
2022-11-21 12:30:00-05:00,56.15999984741211,56.15999984741211,56.15999984741211,56.15999984741211,100,0.0,0.0,0.0
2022-11-21 13:30:00-05:00,56.36349868774414,56.380001068115234,56.33789825439453,56.33789825439453,12173,0.0,0.0,0.0
2022-11-22 11:30:00-05:00,57.11000061035156,57.11000061035156,57.11000061035156,57.11000061035156,0,0.0,0.0,0.0
2022-11-22 12:30:00-05:00,57.11000061035156,57.20370101928711,57.11000061035156,57.20370101928711,491,0.0,0.0,0.0
2022-11-22 14:30:00-05:00,57.189998626708984,57.47549819946289,57.16999816894531,57.47549819946289,3173,0.0,0.0,0.0
2022-11-23 10:30:00-05:00,57.560001373291016,57.560001373291016,57.560001373291016,57.560001373291016,0,0.0,0.0,0.0
2022-11-23 11:30:00-05:00,57.29999923706055,57.41999816894531,57.29999923706055,57.41999816894531,565,0.0,0.0,0.0
2022-11-23 12:30:00-05:00,57.400001525878906,57.400001525878906,57.279998779296875,57.369998931884766,906,0.0,0.0,0.0
2022-11-23 13:30:00-05:00,57.439998626708984,57.72999954223633,57.349998474121094,57.72999954223633,1290,0.0,0.0,0.0
2022-11-23 14:30:00-05:00,57.619998931884766,57.66999816894531,57.529998779296875,57.560001373291016,9003,0.0,0.0,0.0
2022-11-23 15:30:00-05:00,57.58000183105469,57.58000183105469,57.5,57.52000045776367,1806,0.0,0.0,0.0
2022-11-25 09:30:00-05:00,57.59000015258789,57.59000015258789,57.59000015258789,57.59000015258789,0,0.0,0.0,0.0
2022-11-25 11:30:00-05:00,57.72999954223633,57.72999954223633,57.72999954223633,57.72999954223633,101,0.0,0.0,0.0
2022-11-25 12:30:00-05:00,57.70000076293945,57.70000076293945,57.60309982299805,57.70000076293945,100,0.0,0.0,0.0
2022-11-28 11:30:00-05:00,56.970001220703125,56.970001220703125,56.43410110473633,56.43410110473633,147,0.0,0.0,0.0
2022-11-29 09:30:00-05:00,56.849998474121094,56.849998474121094,56.849998474121094,56.849998474121094,37,0.0,0.0,0.0
2022-11-29 14:30:00-05:00,56.7599983215332,56.76499938964844,56.7599983215332,56.76499938964844,151,0.0,0.0,0.0
2022-11-30 12:30:00-05:00,56.209999084472656,56.34360122680664,56.209999084472656,56.34360122680664,405,0.0,0.0,0.0
2022-11-30 13:30:00-05:00,56.349998474121094,57.58000183105469,56.349998474121094,57.58000183105469,8376,0.0,0.0,0.0
2022-11-30 14:30:00-05:00,57.65999984741211,57.9452018737793,57.65999984741211,57.9452018737793,623,0.0,0.0,0.0
2022-12-01 13:30:00-05:00,57.86000061035156,57.86000061035156,57.86000061035156,57.86000061035156,0,0.0,0.0,0.0
2022-12-01 15:30:00-05:00,57.79999923706055,57.79999923706055,57.77000045776367,57.779998779296875,10100,0.0,0.0,0.0
2022-12-02 09:30:00-05:00,57.15999984741211,57.560001373291016,57.15999984741211,57.560001373291016,0,0.0,0.0,0.0
2022-12-02 10:30:00-05:00,57.38999938964844,57.560001373291016,57.38999938964844,57.560001373291016,1000,0.0,0.0,0.0
2022-12-02 11:30:00-05:00,57.630001068115234,57.77000045776367,57.630001068115234,57.7400016784668,683,0.0,0.0,0.0
2022-12-02 12:30:00-05:00,57.709999084472656,57.709999084472656,57.5,57.52000045776367,650,0.0,0.0,0.0
2022-12-02 13:30:00-05:00,57.58000183105469,57.66999816894531,57.529998779296875,57.66999816894531,3406,0.0,0.0,0.0
2022-12-02 14:30:00-05:00,57.650001525878906,57.9900016784668,57.650001525878906,57.880001068115234,5290,0.0,0.0,0.0
2022-12-02 15:30:00-05:00,57.849998474121094,57.88999938964844,57.709999084472656,57.88999938964844,2350,0.0,0.0,0.0
2022-12-05 09:30:00-05:00,57.79999923706055,57.79999923706055,56.900001525878906,56.900001525878906,0,0.0,0.0,0.0
2022-12-05 10:30:00-05:00,56.698299407958984,56.698299407958984,56.698299407958984,56.698299407958984,788,0.0,0.0,0.0
2022-12-05 12:30:00-05:00,56.45000076293945,56.45000076293945,56.45000076293945,56.45000076293945,671,0.0,0.0,0.0
2022-12-05 15:30:00-05:00,56.15999984741211,56.310001373291016,56.15999984741211,56.310001373291016,1363,0.0,0.0,0.0
2022-12-06 09:30:00-05:00,56.2599983215332,56.2599983215332,56.2599983215332,56.2599983215332,0,0.0,0.0,0.0
2022-12-06 12:30:00-05:00,55.689998626708984,55.689998626708984,55.41999816894531,55.41999816894531,2378,0.0,0.0,0.0
2022-12-06 13:30:00-05:00,55.33000183105469,55.44449996948242,55.27859878540039,55.29610061645508,1472,0.0,0.0,0.0
2022-12-06 14:30:00-05:00,55.220001220703125,55.36000061035156,55.220001220703125,55.36000061035156,558,0.0,0.0,0.0
2022-12-06 15:30:00-05:00,55.59000015258789,55.59000015258789,55.59000015258789,55.59000015258789,0,0.0,0.0,0.0
2022-12-07 13:30:00-05:00,55.440101623535156,55.470001220703125,55.440101623535156,55.470001220703125,869,0.0,0.0,0.0
2022-12-07 14:30:00-05:00,55.58760070800781,55.58760070800781,55.58760070800781,55.58760070800781,302,0.0,0.0,0.0
2022-12-07 15:30:00-05:00,55.470001220703125,55.48899841308594,55.400001525878906,55.48899841308594,1043,0.0,0.0,0.0
2022-12-08 11:30:00-05:00,55.89310073852539,55.89310073852539,55.89310073852539,55.89310073852539,0,0.0,0.0,0.0
2022-12-08 14:30:00-05:00,55.57500076293945,55.57500076293945,55.57500076293945,55.57500076293945,287,0.0,0.0,0.0
2022-12-08 15:30:00-05:00,55.560001373291016,55.57500076293945,55.560001373291016,55.57500076293945,412,0.0,0.0,0.0
2022-12-09 10:30:00-05:00,55.459999084472656,55.459999084472656,55.459999084472656,55.459999084472656,1352,0.0,0.0,0.0
2022-12-09 11:30:00-05:00,55.667301177978516,55.667301177978516,55.667301177978516,55.667301177978516,479,0.0,0.0,0.0
2022-12-09 12:30:00-05:00,55.439998626708984,55.439998626708984,55.439998626708984,55.439998626708984,244,0.0,0.0,0.0
2022-12-09 15:30:00-05:00,55.18000030517578,55.18000030517578,55.072601318359375,55.072601318359375,707,0.0,0.0,0.0
2022-12-12 09:30:00-05:00,55.105201721191406,55.105201721191406,55.105201721191406,55.105201721191406,0,0.0,0.0,0.0
2022-12-12 10:30:00-05:00,55.41999816894531,55.41999816894531,55.41999816894531,55.41999816894531,104,0.0,0.0,0.0
2022-12-12 11:30:00-05:00,55.52000045776367,55.52000045776367,55.52000045776367,55.52000045776367,2060,0.0,0.0,0.0
2022-12-12 12:30:00-05:00,55.560001373291016,55.560001373291016,55.560001373291016,55.560001373291016,194,0.0,0.0,0.0
2022-12-12 15:30:00-05:00,55.939998626708984,55.939998626708984,55.87990188598633,55.91999816894531,1096,0.0,0.0,0.0
2022-12-13 09:30:00-05:00,56.970001220703125,57.540000915527344,56.970001220703125,57.04999923706055,0,0.0,0.0,0.0
2022-12-13 10:30:00-05:00,56.66999816894531,56.66999816894531,56.66999816894531,56.66999816894531,465,0.0,0.0,0.0
2022-12-13 11:30:00-05:00,56.400001525878906,56.4900016784668,56.25,56.25,2107,0.0,0.0,0.0
2022-12-13 12:30:00-05:00,56.220001220703125,56.439998626708984,56.04999923706055,56.38999938964844,1341,0.0,0.0,0.0
2022-12-13 13:30:00-05:00,56.380001068115234,56.38999938964844,56.209999084472656,56.290000915527344,619,0.0,0.0,0.0
2022-12-13 14:30:00-05:00,56.380001068115234,56.5099983215332,56.08000183105469,56.2400016784668,1069,0.0,0.0,0.0
2022-12-13 15:30:00-05:00,56.400001525878906,56.41999816894531,56.279998779296875,56.359500885009766,2054,0.0,0.0,0.0
2022-12-14 09:30:00-05:00,56.41999816894531,56.41999816894531,56.28049850463867,56.28049850463867,0,0.0,0.0,0.0
2022-12-14 11:30:00-05:00,56.540000915527344,56.54999923706055,56.540000915527344,56.540000915527344,7725,0.0,0.0,0.0
2022-12-14 12:30:00-05:00,56.439998626708984,56.439998626708984,56.439998626708984,56.439998626708984,136,0.0,0.0,0.0
2022-12-14 13:30:00-05:00,55.90999984741211,55.98500061035156,55.90999984741211,55.98500061035156,321,0.0,0.0,0.0
2022-12-14 14:30:00-05:00,56.14099884033203,56.14099884033203,56.14099884033203,56.14099884033203,458,0.0,0.0,0.0
2022-12-14 15:30:00-05:00,55.65999984741211,55.851200103759766,55.65999984741211,55.851200103759766,167,0.0,0.0,0.0
2022-12-15 09:30:00-05:00,55.27000045776367,55.27000045776367,55.27000045776367,55.27000045776367,0,0.0,0.0,0.0
2022-12-15 14:30:00-05:00,54.88999938964844,54.88999938964844,54.88999938964844,54.88999938964844,292,0.0,0.0,0.0
2022-12-15 15:30:00-05:00,54.770999908447266,54.770999908447266,54.68000030517578,54.68000030517578,0,0.0,0.0,0.0
2022-12-16 13:30:00-05:00,53.86000061035156,53.86000061035156,53.86000061035156,53.86000061035156,779,0.0,0.0,0.0
2022-12-16 15:30:00-05:00,54.13999938964844,54.150001525878906,54.13999938964844,54.13999938964844,957,0.0,0.0,0.0
2022-12-19 09:30:00-05:00,54.099998474121094,54.099998474121094,54.099998474121094,54.099998474121094,0,0.0,0.0,0.0
2022-12-19 11:30:00-05:00,53.790000915527344,53.80580139160156,53.790000915527344,53.80580139160156,245,0.0,0.0,0.0
2022-12-19 12:30:00-05:00,53.719398498535156,53.719398498535156,53.719398498535156,53.719398498535156,458,0.0,0.0,0.0
2022-12-19 13:30:00-05:00,53.494998931884766,53.494998931884766,53.494998931884766,53.494998931884766,195,0.0,0.0,0.0
2022-12-19 15:30:00-05:00,53.481998443603516,53.619998931884766,53.481998443603516,53.619998931884766,1104,0.0,0.0,0.0
2022-12-20 12:30:00-05:00,53.65840148925781,53.65999984741211,53.65840148925781,53.65999984741211,0,0.0,0.0,0.0
2022-12-20 13:30:00-05:00,53.90999984741211,53.95000076293945,53.90999984741211,53.917301177978516,887,0.0,0.0,0.0
2022-12-20 15:30:00-05:00,53.82899856567383,53.83000183105469,53.770999908447266,53.770999908447266,1308,0.0,0.0,0.0
2022-12-21 09:30:00-05:00,54.349998474121094,54.40999984741211,54.349998474121094,54.40999984741211,0,0.0,0.0,0.0
2022-12-21 11:30:00-05:00,54.720001220703125,54.720001220703125,54.720001220703125,54.720001220703125,115,0.0,0.0,0.0
2022-12-21 12:30:00-05:00,54.689998626708984,54.7599983215332,54.689998626708984,54.7599983215332,698,0.0,0.0,0.0
2022-12-21 13:30:00-05:00,54.86000061035156,54.86000061035156,54.86000061035156,54.86000061035156,100,0.0,0.0,0.0
2022-12-21 14:30:00-05:00,54.81999969482422,54.81999969482422,54.75400161743164,54.75400161743164,3359,0.0,0.0,0.0
2022-12-21 15:30:00-05:00,54.779998779296875,54.849998474121094,54.779998779296875,54.849998474121094,2062,0.0,0.0,0.0
2022-12-22 10:30:00-05:00,52.90999984741211,52.90999984741211,52.90999984741211,52.90999984741211,0,0.0,0.0,0.0
2022-12-22 11:30:00-05:00,52.68000030517578,52.70000076293945,52.599998474121094,52.599998474121094,3702,0.0,0.0,0.0
2022-12-22 12:30:00-05:00,52.31999969482422,52.31999969482422,52.31999969482422,52.31999969482422,188,0.0,0.0,0.0
2022-12-22 14:30:00-05:00,52.65999984741211,53.05759811401367,52.65999984741211,53.05759811401367,126,0.0,0.0,0.0
2022-12-23 14:30:00-05:00,53.5,53.540000915527344,53.5,53.540000915527344,239,0.0,0.0,0.0
2022-12-23 15:30:00-05:00,53.5099983215332,53.605499267578125,53.5099983215332,53.605499267578125,100,0.0,0.0,0.0
2022-12-27 09:30:00-05:00,53.7400016784668,53.79999923706055,53.470001220703125,53.72999954223633,0,0.0,0.0,0.0
2022-12-27 10:30:00-05:00,53.81999969482422,53.81999969482422,53.611000061035156,53.611000061035156,1421,0.0,0.0,0.0
2022-12-27 11:30:00-05:00,53.70500183105469,53.70500183105469,53.630001068115234,53.63999938964844,2865,0.0,0.0,0.0
2022-12-27 12:30:00-05:00,53.61000061035156,53.61000061035156,53.58000183105469,53.58000183105469,200,0.0,0.0,0.0
2022-12-27 13:30:00-05:00,53.68000030517578,53.68000030517578,53.439998626708984,53.439998626708984,940,0.0,0.0,0.0
2022-12-27 14:30:00-05:00,53.5,53.5,53.5,53.5,206,0.0,0.0,0.0
2022-12-27 15:30:00-05:00,53.599998474121094,53.600101470947266,52.50090026855469,52.50090026855469,0,0.0,0.0,0.0
2022-12-29 09:30:00-05:00,52.83000183105469,53.400001525878906,52.83000183105469,53.400001525878906,2285,0.0,0.0,0.0
2022-12-29 10:30:00-05:00,53.23699951171875,53.23699951171875,53.23699951171875,53.23699951171875,818,0.0,0.0,0.0
2022-12-29 14:30:00-05:00,53.39500045776367,53.493099212646484,53.36000061035156,53.493099212646484,372,0.0,0.0,0.0
2022-12-30 09:30:00-05:00,53.11000061035156,53.29669952392578,53.10309982299805,53.29669952392578,0,0.0,0.0,0.0
2023-01-03 09:30:00-05:00,53.529998779296875,53.529998779296875,52.726200103759766,52.726200103759766,0,0.0,0.0,0.0
2023-01-04 13:30:00-05:00,53.564998626708984,53.564998626708984,52.96540069580078,53.29159927368164,381,0.0,0.0,0.0
2023-01-06 10:30:00-05:00,54.22999954223633,54.22999954223633,54.22999954223633,54.22999954223633,1739,0.0,0.0,0.0
2023-01-06 13:30:00-05:00,54.29999923706055,54.29999923706055,54.29999923706055,54.29999923706055,189,0.0,0.0,0.0
2023-01-06 14:30:00-05:00,54.52000045776367,54.52000045776367,54.41510009765625,54.41510009765625,326,0.0,0.0,0.0
2023-01-09 09:30:00-05:00,54.689998626708984,55.040000915527344,54.689998626708984,55.0,9122,0.0,0.0,0.0
2023-01-09 15:30:00-05:00,54.650001525878906,54.650001525878906,54.650001525878906,54.650001525878906,856,0.0,0.0,0.0
2023-01-10 10:30:00-05:00,54.70000076293945,54.70000076293945,54.70000076293945,54.70000076293945,0,0.0,0.0,0.0
2023-01-10 13:30:00-05:00,54.970001220703125,55.09000015258789,54.96910095214844,55.09000015258789,1108,0.0,0.0,0.0
2023-01-10 15:30:00-05:00,55.20000076293945,55.220001220703125,55.20000076293945,55.21379852294922,584,0.0,0.0,0.0
2023-01-11 10:30:00-05:00,55.53010177612305,55.54999923706055,55.53010177612305,55.54999923706055,100,0.0,0.0,0.0
2023-01-11 11:30:00-05:00,55.54999923706055,55.54999923706055,55.54999923706055,55.54999923706055,102,0.0,0.0,0.0
2023-01-11 12:30:00-05:00,55.63999938964844,55.70000076293945,55.63999938964844,55.70000076293945,216,0.0,0.0,0.0
2023-01-11 14:30:00-05:00,55.72010040283203,55.72010040283203,55.680999755859375,55.680999755859375,802,0.0,0.0,0.0
2023-01-11 15:30:00-05:00,55.869998931884766,55.869998931884766,55.869998931884766,55.869998931884766,2305,0.0,0.0,0.0
2023-01-12 09:30:00-05:00,55.959999084472656,55.959999084472656,55.959999084472656,55.959999084472656,0,0.0,0.0,0.0
2023-01-12 13:30:00-05:00,56.470001220703125,56.470001220703125,56.33219909667969,56.33219909667969,244,0.0,0.0,0.0
2023-01-13 10:30:00-05:00,56.287899017333984,56.604000091552734,56.287899017333984,56.604000091552734,0,0.0,0.0,0.0
2023-01-17 09:30:00-05:00,56.72999954223633,56.72999954223633,56.72999954223633,56.72999954223633,34,0.0,0.0,0.0
2023-01-17 13:30:00-05:00,56.400001525878906,56.400001525878906,56.400001525878906,56.400001525878906,101,0.0,0.0,0.0
2023-01-17 14:30:00-05:00,56.5099983215332,56.5099983215332,56.43830108642578,56.43830108642578,100,0.0,0.0,0.0
2023-01-18 09:30:00-05:00,57.03620147705078,57.03620147705078,57.03620147705078,57.03620147705078,0,0.0,0.0,0.0
2023-01-18 11:30:00-05:00,56.2599983215332,56.2599983215332,56.2599983215332,56.2599983215332,202,0.0,0.0,0.0
2023-01-18 13:30:00-05:00,56.04999923706055,56.04999923706055,56.04999923706055,56.04999923706055,257,0.0,0.0,0.0
2023-01-18 14:30:00-05:00,56.0,56.0099983215332,55.648799896240234,55.648799896240234,804,0.0,0.0,0.0
2023-01-19 09:30:00-05:00,55.28929901123047,55.28929901123047,55.28929901123047,55.28929901123047,0,0.0,0.0,0.0
2023-01-19 12:30:00-05:00,55.02000045776367,55.238800048828125,55.02000045776367,55.238800048828125,207,0.0,0.0,0.0
2023-01-20 09:30:00-05:00,55.31999969482422,55.63999938964844,55.31999969482422,55.63999938964844,657,0.0,0.0,0.0
2023-01-20 10:30:00-05:00,55.760101318359375,55.760101318359375,55.7599983215332,55.7599983215332,238,0.0,0.0,0.0
2023-01-20 11:30:00-05:00,55.83000183105469,56.27640151977539,55.83000183105469,56.27640151977539,475,0.0,0.0,0.0
2023-01-24 11:30:00-05:00,56.87779998779297,56.87779998779297,56.87779998779297,56.87779998779297,0,0.0,0.0,0.0
2023-01-24 14:30:00-05:00,56.893699645996094,56.893699645996094,56.893699645996094,56.893699645996094,0,0.0,0.0,0.0
2023-01-25 12:30:00-05:00,56.560001373291016,56.560001373291016,56.54999923706055,56.54999923706055,414,0.0,0.0,0.0
2023-01-25 13:30:00-05:00,56.94670104980469,56.97999954223633,56.94670104980469,56.97999954223633,410,0.0,0.0,0.0
2023-01-25 15:30:00-05:00,56.939998626708984,56.939998626708984,56.939998626708984,56.939998626708984,187,0.0,0.0,0.0
2023-01-26 11:30:00-05:00,57.06999969482422,57.06999969482422,57.06999969482422,57.06999969482422,795,0.0,0.0,0.0
2023-01-26 15:30:00-05:00,57.36000061035156,57.48970031738281,57.36000061035156,57.48970031738281,753,0.0,0.0,0.0
2023-01-27 11:30:00-05:00,57.51210021972656,57.619998931884766,57.51210021972656,57.619998931884766,381,0.0,0.0,0.0
2023-01-27 15:30:00-05:00,57.599998474121094,57.599998474121094,57.5807991027832,57.5807991027832,555,0.0,0.0,0.0
2023-01-30 12:30:00-05:00,57.060001373291016,57.060001373291016,57.060001373291016,57.060001373291016,0,0.0,0.0,0.0
2023-01-30 15:30:00-05:00,56.66999816894531,56.66999816894531,56.6609992980957,56.6609992980957,673,0.0,0.0,0.0
2023-01-31 11:30:00-05:00,57.36000061035156,57.36000061035156,57.35100173950195,57.35100173950195,0,0.0,0.0,0.0
2023-01-31 15:30:00-05:00,57.84000015258789,58.571998596191406,57.79999923706055,58.571998596191406,0,0.0,0.0,0.0
2023-02-02 09:30:00-05:00,58.90999984741211,58.90999984741211,58.90999984741211,58.90999984741211,278,0.0,0.0,0.0
2023-02-02 10:30:00-05:00,59.290000915527344,59.400001525878906,59.290000915527344,59.400001525878906,1025,0.0,0.0,0.0
2023-02-02 11:30:00-05:00,59.30229949951172,59.31990051269531,59.30229949951172,59.31990051269531,1105,0.0,0.0,0.0
2023-02-02 15:30:00-05:00,59.07379913330078,59.29999923706055,59.07379913330078,59.28990173339844,0,0.0,0.0,0.0
2023-02-03 10:30:00-05:00,59.5099983215332,59.5099983215332,59.5099983215332,59.5099983215332,355,0.0,0.0,0.0
2023-02-03 15:30:00-05:00,58.97999954223633,58.97999954223633,58.89970016479492,58.95330047607422,1429,0.0,0.0,0.0
2023-02-06 10:30:00-05:00,58.359901428222656,58.359901428222656,58.359901428222656,58.359901428222656,0,0.0,0.0,0.0
2023-02-06 14:30:00-05:00,58.119998931884766,58.119998931884766,58.119998931884766,58.119998931884766,100,0.0,0.0,0.0
2023-02-06 15:30:00-05:00,58.15999984741211,58.222999572753906,58.15999984741211,58.222999572753906,101,0.0,0.0,0.0
2023-02-07 15:30:00-05:00,58.92020034790039,59.0994987487793,58.92020034790039,59.0994987487793,125,0.0,0.0,0.0
2023-02-08 12:30:00-05:00,58.459999084472656,58.459999084472656,58.459999084472656,58.459999084472656,0,0.0,0.0,0.0
2023-02-08 13:30:00-05:00,58.369998931884766,58.369998931884766,58.369998931884766,58.369998931884766,697,0.0,0.0,0.0
2023-02-08 14:30:00-05:00,58.13010025024414,58.2578010559082,57.68479919433594,57.68479919433594,0,0.0,0.0,0.0
2023-02-10 15:30:00-05:00,57.97999954223633,57.97999954223633,57.97999954223633,57.97999954223633,102,0.0,0.0,0.0
2023-02-13 09:30:00-05:00,57.97999954223633,57.97999954223633,57.97999954223633,57.97999954223633,15,0.0,0.0,0.0
2023-02-13 12:30:00-05:00,58.42729949951172,58.529300689697266,58.42729949951172,58.42729949951172,2639,0.0,0.0,0.0
2023-02-14 10:30:00-05:00,58.62990188598633,58.62990188598633,58.62990188598633,58.62990188598633,0,0.0,0.0,0.0
2023-02-14 15:30:00-05:00,58.75339889526367,58.79999923706055,58.73820114135742,58.73820114135742,520,0.0,0.0,0.0
2023-02-15 14:30:00-05:00,58.900001525878906,58.92959976196289,58.900001525878906,58.92959976196289,2080,0.0,0.0,0.0
2023-02-16 09:30:00-05:00,58.5,58.68000030517578,58.369998931884766,58.56999969482422,529,0.0,0.0,0.0
2023-02-16 10:30:00-05:00,58.78229904174805,58.78229904174805,58.78229904174805,58.78229904174805,193,0.0,0.0,0.0
2023-02-16 12:30:00-05:00,59.13990020751953,59.13990020751953,59.13990020751953,59.13990020751953,136,0.0,0.0,0.0
2023-02-16 13:30:00-05:00,59.000701904296875,59.000701904296875,59.000701904296875,59.000701904296875,173,0.0,0.0,0.0
2023-02-16 14:30:00-05:00,59.099998474121094,59.099998474121094,58.50960159301758,58.939998626708984,881,0.0,0.0,0.0
2023-02-17 11:30:00-05:00,57.90999984741211,57.90999984741211,57.90999984741211,57.90999984741211,0,0.0,0.0,0.0
2023-02-17 13:30:00-05:00,57.944000244140625,58.0796012878418,57.944000244140625,58.0796012878418,210,0.0,0.0,0.0
2023-02-21 13:30:00-05:00,56.508201599121094,56.508201599121094,56.508201599121094,56.508201599121094,0,0.0,0.0,0.0
2023-02-21 14:30:00-05:00,56.61970138549805,56.61970138549805,56.50429916381836,56.50429916381836,149,0.0,0.0,0.0
2023-02-22 10:30:00-05:00,56.519798278808594,56.57059860229492,56.500301361083984,56.57059860229492,200,0.0,0.0,0.0
2023-02-22 11:30:00-05:00,56.66999816894531,56.66999816894531,56.503501892089844,56.503501892089844,209,0.0,0.0,0.0
2023-02-23 09:30:00-05:00,57.11000061035156,57.17169952392578,57.09090042114258,57.17169952392578,137,0.0,0.0,0.0
2023-02-23 11:30:00-05:00,56.41899871826172,56.41899871826172,56.3484001159668,56.3484001159668,519,0.0,0.0,0.0
2023-02-23 13:30:00-05:00,56.599998474121094,57.02330017089844,56.58100128173828,57.02330017089844,344,0.0,0.0,0.0
2023-02-24 10:30:00-05:00,56.39860153198242,56.40999984741211,56.39860153198242,56.400001525878906,1877,0.0,0.0,0.0
2023-02-24 12:30:00-05:00,56.349998474121094,56.349998474121094,56.349998474121094,56.349998474121094,163,0.0,0.0,0.0
2023-02-24 15:30:00-05:00,56.619998931884766,56.70000076293945,56.619998931884766,56.70000076293945,600,0.0,0.0,0.0
2023-02-27 12:30:00-05:00,57.220001220703125,57.220001220703125,57.220001220703125,57.220001220703125,0,0.0,0.0,0.0
2023-02-27 13:30:00-05:00,57.209999084472656,57.209999084472656,57.04069900512695,57.04069900512695,382,0.0,0.0,0.0
2023-02-28 14:30:00-05:00,57.334999084472656,57.334999084472656,57.07849884033203,57.07849884033203,0,0.0,0.0,0.0
2023-03-01 13:30:00-05:00,57.189998626708984,57.23189926147461,57.189998626708984,57.23189926147461,595,0.0,0.0,0.0
2023-03-02 09:30:00-05:00,56.54999923706055,56.54999923706055,56.54999923706055,56.54999923706055,0,0.0,0.0,0.0
2023-03-02 12:30:00-05:00,57.14860153198242,57.48979949951172,57.14860153198242,57.150001525878906,459,0.0,0.0,0.0
2023-03-03 12:30:00-05:00,58.18000030517578,58.18000030517578,58.15999984741211,58.15999984741211,255,0.0,0.0,0.0
2023-03-03 15:30:00-05:00,58.31999969482422,58.31999969482422,58.29050064086914,58.29050064086914,215,0.0,0.0,0.0
2023-03-06 09:30:00-05:00,58.290000915527344,58.290000915527344,58.290000915527344,58.290000915527344,503,0.0,0.0,0.0
2023-03-06 10:30:00-05:00,58.27000045776367,58.27000045776367,58.269901275634766,58.27000045776367,0,0.0,0.0,0.0
2023-03-06 15:30:00-05:00,57.58000183105469,57.599998474121094,57.567100524902344,57.567100524902344,2528,0.0,0.0,0.0
2023-03-07 09:30:00-05:00,57.599998474121094,57.599998474121094,57.41999816894531,57.41999816894531,0,0.0,0.0,0.0
2023-03-07 11:30:00-05:00,57.095001220703125,57.184898376464844,57.03499984741211,57.184898376464844,500,0.0,0.0,0.0
2023-03-07 14:30:00-05:00,56.77000045776367,56.77000045776367,56.77000045776367,56.77000045776367,415,0.0,0.0,0.0
2023-03-07 15:30:00-05:00,56.83000183105469,56.83000183105469,56.74079895019531,56.74079895019531,0,0.0,0.0,0.0
2023-03-08 11:30:00-05:00,56.790000915527344,56.8286018371582,56.790000915527344,56.8286018371582,503,0.0,0.0,0.0
2023-03-08 14:30:00-05:00,56.459999084472656,56.459999084472656,56.459999084472656,56.459999084472656,127,0.0,0.0,0.0
2023-03-08 15:30:00-05:00,56.869998931884766,56.869998931884766,56.85499954223633,56.85499954223633,100,0.0,0.0,0.0
2023-03-09 14:30:00-05:00,55.880001068115234,55.880001068115234,55.46030044555664,55.46030044555664,300,0.0,0.0,0.0
2023-03-10 10:30:00-05:00,54.90999984741211,54.90999984741211,53.9734992980957,53.9734992980957,363,0.0,0.0,0.0
2023-03-14 09:30:00-04:00,54.130001068115234,54.18000030517578,53.98939895629883,54.119998931884766,327,0.0,0.0,0.0
2023-03-14 10:30:00-04:00,54.08209991455078,54.28499984741211,54.08209991455078,54.28499984741211,1557,0.0,0.0,0.0
2023-03-14 15:30:00-04:00,53.369998931884766,53.369998931884766,53.36690139770508,53.36690139770508,100,0.0,0.0,0.0
2023-03-15 11:30:00-04:00,51.883399963378906,51.95560073852539,51.883399963378906,51.95560073852539,0,0.0,0.0,0.0
2023-03-16 09:30:00-04:00,51.619998931884766,51.619998931884766,51.4900016784668,51.4900016784668,0,0.0,0.0,0.0
2023-03-16 10:30:00-04:00,52.38240051269531,52.38240051269531,52.38240051269531,52.38240051269531,1988,0.0,0.0,0.0
2023-03-16 11:30:00-04:00,52.5,52.5,52.5,52.5,1431,0.0,0.0,0.0
2023-03-16 14:30:00-04:00,52.90999984741211,53.06050109863281,52.90999984741211,53.06050109863281,366,0.0,0.0,0.0
2023-03-17 09:30:00-04:00,52.66999816894531,52.66999816894531,52.470001220703125,52.470001220703125,0,0.0,0.0,0.0
2023-03-17 13:30:00-04:00,51.88999938964844,51.88999938964844,51.88999938964844,51.88999938964844,145,0.0,0.0,0.0
2023-03-17 15:30:00-04:00,51.880001068115234,51.880001068115234,51.86320114135742,51.86320114135742,157,0.0,0.0,0.0
2023-03-20 12:30:00-04:00,52.76850128173828,52.76850128173828,52.55110168457031,52.55110168457031,115,0.0,0.0,0.0
2023-03-21 13:30:00-04:00,53.540000915527344,53.750099182128906,53.540000915527344,53.750099182128906,554,0.0,0.0,0.0
2023-03-22 13:30:00-04:00,53.470001220703125,53.599998474121094,53.459999084472656,53.599998474121094,4374,0.0,0.0,0.0
2023-03-22 14:30:00-04:00,53.59000015258789,53.59000015258789,53.59000015258789,53.59000015258789,400,0.0,0.0,0.0
2023-03-22 15:30:00-04:00,53.08000183105469,53.08000183105469,52.5099983215332,52.5099983215332,1196,0.0,0.0,0.0
2023-03-23 10:30:00-04:00,53.2218017578125,53.2218017578125,53.2218017578125,53.2218017578125,135,0.0,0.0,0.0
2023-03-23 11:30:00-04:00,53.20000076293945,53.20000076293945,53.20000076293945,53.20000076293945,481,0.0,0.0,0.0
2023-03-23 15:30:00-04:00,52.03139877319336,52.341400146484375,52.03139877319336,52.341400146484375,0,0.0,0.0,0.0
2023-03-24 10:30:00-04:00,51.720001220703125,51.720001220703125,51.720001220703125,51.720001220703125,439,0.0,0.0,0.0
2023-03-24 11:30:00-04:00,51.790000915527344,51.790000915527344,51.790000915527344,51.790000915527344,137,0.0,0.0,0.0
2023-03-24 12:30:00-04:00,52.24129867553711,52.310001373291016,52.24129867553711,52.310001373291016,703,0.0,0.0,0.0
2023-03-24 13:30:00-04:00,52.27000045776367,52.46839904785156,52.27000045776367,52.46839904785156,353,0.0,0.0,0.0
2023-03-27 09:30:00-04:00,53.040000915527344,53.040000915527344,53.040000915527344,53.040000915527344,422,0.0,0.0,0.0
2023-03-27 11:30:00-04:00,52.869998931884766,52.869998931884766,52.79999923706055,52.79999923706055,1781,0.0,0.0,0.0
2023-03-27 14:30:00-04:00,53.189998626708984,53.189998626708984,53.027000427246094,53.027000427246094,785,0.0,0.0,0.0
2023-03-28 11:30:00-04:00,53.13100051879883,53.13100051879883,53.11000061035156,53.11009979248047,684,0.0,0.0,0.0
2023-03-28 12:30:00-04:00,53.18000030517578,53.18000030517578,53.0,53.0,836,0.0,0.0,0.0
2023-03-28 14:30:00-04:00,52.939998626708984,53.016300201416016,52.939998626708984,53.016300201416016,504,0.0,0.0,0.0
2023-03-28 15:30:00-04:00,53.13999938964844,53.13999938964844,53.13999938964844,53.13999938964844,0,0.0,0.0,0.0
2023-03-29 14:30:00-04:00,53.58000183105469,53.693599700927734,53.56999969482422,53.693599700927734,643,0.0,0.0,0.0
2023-03-30 10:30:00-04:00,53.9900016784668,53.9900016784668,53.68579864501953,53.68579864501953,0,0.0,0.0,0.0
2023-03-31 09:30:00-04:00,53.93000030517578,53.93000030517578,53.93000030517578,53.93000030517578,285,0.0,0.0,0.0
2023-03-31 11:30:00-04:00,54.27000045776367,54.27000045776367,54.27000045776367,54.27000045776367,962,0.0,0.0,0.0
2023-03-31 15:30:00-04:00,54.470001220703125,54.470001220703125,54.470001220703125,54.470001220703125,170,0.0,0.0,0.0
2023-04-03 09:30:00-04:00,54.749900817871094,54.749900817871094,54.63690185546875,54.63690185546875,0,0.0,0.0,0.0
2023-04-04 14:30:00-04:00,53.41999816894531,53.48860168457031,53.38999938964844,53.48860168457031,530,0.0,0.0,0.0
2023-04-05 10:30:00-04:00,53.089900970458984,53.089900970458984,52.849998474121094,52.849998474121094,266,0.0,0.0,0.0
2023-04-05 11:30:00-04:00,52.81999969482422,52.81999969482422,52.81999969482422,52.81999969482422,116,0.0,0.0,0.0
2023-04-05 13:30:00-04:00,52.900001525878906,53.047298431396484,52.900001525878906,53.047298431396484,100,0.0,0.0,0.0
2023-04-06 14:30:00-04:00,52.81999969482422,52.81999969482422,52.80550003051758,52.80550003051758,2325,0.0,0.0,0.0
2023-04-10 10:30:00-04:00,53.2400016784668,53.2400016784668,53.2400016784668,53.2400016784668,106,0.0,0.0,0.0
2023-04-10 11:30:00-04:00,53.23590087890625,53.37300109863281,53.23590087890625,53.37300109863281,458,0.0,0.0,0.0
2023-04-11 09:30:00-04:00,53.72010040283203,53.72010040283203,53.720001220703125,53.720001220703125,0,0.0,0.0,0.0
2023-04-11 13:30:00-04:00,53.97999954223633,53.97999954223633,53.77429962158203,53.77429962158203,754,0.0,0.0,0.0
2023-04-12 10:30:00-04:00,53.86199951171875,53.86199951171875,53.720001220703125,53.720001220703125,194,0.0,0.0,0.0
2023-04-12 11:30:00-04:00,53.850101470947266,53.8849983215332,53.850101470947266,53.8754997253418,656,0.0,0.0,0.0
2023-04-12 15:30:00-04:00,53.58000183105469,53.58000183105469,53.58000183105469,53.58000183105469,494,0.0,0.0,0.0
2023-04-13 12:30:00-04:00,53.970001220703125,53.970001220703125,53.970001220703125,53.970001220703125,0,0.0,0.0,0.0
2023-04-13 14:30:00-04:00,54.18989944458008,54.18989944458008,54.150001525878906,54.15999984741211,855,0.0,0.0,0.0
2023-04-13 15:30:00-04:00,54.03810119628906,54.03919982910156,54.03810119628906,54.03919982910156,0,0.0,0.0,0.0
2023-04-14 14:30:00-04:00,53.84000015258789,53.911598205566406,53.84000015258789,53.911598205566406,635,0.0,0.0,0.0
2023-04-17 09:30:00-04:00,53.97999954223633,53.97999954223633,53.97999954223633,53.97999954223633,0,0.0,0.0,0.0
2023-04-17 10:30:00-04:00,53.900001525878906,54.239200592041016,53.900001525878906,54.239200592041016,1729,0.0,0.0,0.0
2023-04-18 10:30:00-04:00,54.1609992980957,54.1609992980957,54.1609992980957,54.1609992980957,0,0.0,0.0,0.0
2023-04-18 14:30:00-04:00,54.05619812011719,54.279300689697266,54.05619812011719,54.279300689697266,175,0.0,0.0,0.0
2023-04-19 09:30:00-04:00,54.81999969482422,54.81999969482422,54.81999969482422,54.81999969482422,0,0.0,0.0,0.0
2023-04-19 15:30:00-04:00,54.279998779296875,54.279998779296875,54.279998779296875,54.279998779296875,269,0.0,0.0,0.0
2023-04-20 15:30:00-04:00,53.88999938964844,54.01620101928711,53.88999938964844,54.01620101928711,0,0.0,0.0,0.0
2023-04-21 09:30:00-04:00,54.58000183105469,54.58000183105469,53.90999984741211,53.90999984741211,0,0.0,0.0,0.0
2023-04-21 13:30:00-04:00,53.790000915527344,53.790000915527344,53.784698486328125,53.784698486328125,0,0.0,0.0,0.0
2023-04-24 09:30:00-04:00,54.02000045776367,54.02000045776367,54.02000045776367,54.02000045776367,0,0.0,0.0,0.0
2023-04-24 14:30:00-04:00,53.91910171508789,53.91910171508789,53.84989929199219,53.91910171508789,0,0.0,0.0,0.0
2023-04-25 10:30:00-04:00,53.150001525878906,53.150001525878906,53.150001525878906,53.150001525878906,265,0.0,0.0,0.0
2023-04-25 11:30:00-04:00,53.029998779296875,53.088600158691406,53.029998779296875,53.088600158691406,0,0.0,0.0,0.0
2023-04-25 12:30:00-04:00,52.97999954223633,52.97999954223633,52.97999954223633,52.97999954223633,799,0.0,0.0,0.0
2023-04-25 13:30:00-04:00,52.720001220703125,52.720001220703125,52.720001220703125,52.720001220703125,101,0.0,0.0,0.0
2023-04-25 14:30:00-04:00,52.630001068115234,52.69990158081055,52.54610061645508,52.54610061645508,4557,0.0,0.0,0.0
2023-04-26 09:30:00-04:00,53.099998474121094,53.099998474121094,53.099998474121094,53.099998474121094,0,0.0,0.0,0.0
2023-04-26 14:30:00-04:00,51.939998626708984,51.98619842529297,51.93000030517578,51.98619842529297,0,0.0,0.0,0.0
2023-04-27 13:30:00-04:00,52.430599212646484,52.627601623535156,52.430599212646484,52.627601623535156,283,0.0,0.0,0.0
2023-04-28 12:30:00-04:00,53.349998474121094,53.349998474121094,53.349998474121094,53.349998474121094,156,0.0,0.0,0.0
2023-04-28 14:30:00-04:00,53.290000915527344,53.361698150634766,53.290000915527344,53.361698150634766,576,0.0,0.0,0.0
2023-05-01 14:30:00-04:00,53.34000015258789,53.39469909667969,53.34000015258789,53.39469909667969,0,0.0,0.0,0.0
2023-05-02 11:30:00-04:00,51.90999984741211,52.029998779296875,51.90999984741211,51.97010040283203,3677,0.0,0.0,0.0
2023-05-02 12:30:00-04:00,52.20000076293945,52.20000076293945,52.20000076293945,52.20000076293945,101,0.0,0.0,0.0
2023-05-02 13:30:00-04:00,52.20000076293945,52.20000076293945,52.189998626708984,52.190101623535156,3400,0.0,0.0,0.0
2023-05-02 15:30:00-04:00,52.40010070800781,52.40010070800781,52.34000015258789,52.34000015258789,3654,0.0,0.0,0.0
2023-05-03 09:30:00-04:00,52.65999984741211,52.65999984741211,52.65999984741211,52.65999984741211,0,0.0,0.0,0.0
2023-05-03 15:30:00-04:00,52.16640090942383,52.31999969482422,52.16640090942383,52.16640090942383,917,0.0,0.0,0.0
2023-05-04 09:30:00-04:00,51.78499984741211,51.78499984741211,51.78499984741211,51.78499984741211,0,0.0,0.0,0.0
2023-05-04 12:30:00-04:00,51.299800872802734,51.299800872802734,51.299800872802734,51.299800872802734,223,0.0,0.0,0.0
2023-05-04 13:30:00-04:00,51.49530029296875,51.49530029296875,51.400001525878906,51.400001525878906,531,0.0,0.0,0.0
2023-05-04 14:30:00-04:00,51.29999923706055,51.31650161743164,51.29999923706055,51.3129997253418,0,0.0,0.0,0.0
2023-05-05 09:30:00-04:00,51.68000030517578,52.2599983215332,51.68000030517578,52.2599983215332,0,0.0,0.0,0.0
2023-05-05 10:30:00-04:00,52.22999954223633,52.279998779296875,52.22999954223633,52.279998779296875,3412,0.0,0.0,0.0
2023-05-05 11:30:00-04:00,52.31999969482422,52.33000183105469,52.279998779296875,52.33000183105469,2920,0.0,0.0,0.0
2023-05-05 14:30:00-04:00,52.72999954223633,52.72999954223633,52.650001525878906,52.650001525878906,2200,0.0,0.0,0.0
2023-05-05 15:30:00-04:00,52.58000183105469,52.598899841308594,52.58000183105469,52.598899841308594,0,0.0,0.0,0.0
2023-05-08 11:30:00-04:00,52.529998779296875,52.529998779296875,52.529998779296875,52.529998779296875,0,0.0,0.0,0.0
2023-05-08 12:30:00-04:00,52.459999084472656,52.459999084472656,52.459999084472656,52.459999084472656,0,0.0,0.0,0.0
2023-05-08 14:30:00-04:00,52.61470031738281,52.61470031738281,52.502601623535156,52.502601623535156,0,0.0,0.0,0.0
2023-05-09 10:30:00-04:00,52.340999603271484,52.340999603271484,52.340999603271484,52.340999603271484,0,0.0,0.0,0.0
2023-05-09 11:30:00-04:00,52.27000045776367,52.275001525878906,52.209999084472656,52.209999084472656,1129,0.0,0.0,0.0
2023-05-09 12:30:00-04:00,52.220001220703125,52.38779830932617,52.220001220703125,52.38779830932617,0,0.0,0.0,0.0
2023-05-10 09:30:00-04:00,52.459999084472656,52.459999084472656,52.42789840698242,52.42789840698242,287,0.0,0.0,0.0
2023-05-11 09:30:00-04:00,52.11989974975586,52.11989974975586,52.06639862060547,52.11989974975586,52,0.0,0.0,0.0
2023-05-12 11:30:00-04:00,52.029998779296875,52.106300354003906,52.029998779296875,52.106300354003906,0,0.0,0.0,0.0
2023-05-15 09:30:00-04:00,52.130001068115234,52.135398864746094,52.11000061035156,52.135398864746094,5871,0.0,0.0,0.0
2023-05-15 10:30:00-04:00,52.339298248291016,52.339298248291016,52.339298248291016,52.339298248291016,725,0.0,0.0,0.0
2023-05-15 12:30:00-04:00,52.58000183105469,52.66999816894531,52.56999969482422,52.604801177978516,0,0.0,0.0,0.0
2023-05-16 09:30:00-04:00,52.380001068115234,52.380001068115234,52.380001068115234,52.380001068115234,1480,0.0,0.0,0.0
2023-05-16 10:30:00-04:00,52.13999938964844,52.14899826049805,52.13999938964844,52.14899826049805,200,0.0,0.0,0.0
2023-05-16 12:30:00-04:00,52.215599060058594,52.215599060058594,52.180999755859375,52.180999755859375,358,0.0,0.0,0.0
2023-05-16 13:30:00-04:00,52.13970184326172,52.150001525878906,52.13970184326172,52.150001525878906,737,0.0,0.0,0.0
2023-05-16 14:30:00-04:00,52.179901123046875,52.18000030517578,52.15999984741211,52.15999984741211,0,0.0,0.0,0.0
2023-05-16 15:30:00-04:00,51.900001525878906,51.90999984741211,51.900001525878906,51.900001525878906,4276,0.0,0.0,0.0
2023-05-17 11:30:00-04:00,52.6776008605957,52.70899963378906,52.6776008605957,52.70899963378906,121,0.0,0.0,0.0
2023-05-17 12:30:00-04:00,52.7599983215332,52.7599983215332,52.7400016784668,52.7400016784668,273,0.0,0.0,0.0
2023-05-17 13:30:00-04:00,53.04999923706055,53.05799865722656,52.970001220703125,53.05799865722656,0,0.0,0.0,0.0
2023-05-18 09:30:00-04:00,53.03499984741211,53.159698486328125,53.03499984741211,53.159698486328125,1014,0.0,0.0,0.0
2023-05-18 11:30:00-04:00,53.34510040283203,53.707801818847656,53.191001892089844,53.707801818847656,0,0.0,0.0,0.0
2023-05-22 13:30:00-04:00,53.6349983215332,53.66899871826172,53.56719970703125,53.56719970703125,428,0.0,0.0,0.0
2023-05-23 11:30:00-04:00,53.779998779296875,53.779998779296875,53.779998779296875,53.779998779296875,0,0.0,0.0,0.0
2023-05-23 12:30:00-04:00,53.16379928588867,53.45000076293945,53.16379928588867,53.16379928588867,487,0.0,0.0,0.0
2023-05-24 10:30:00-04:00,52.6609992980957,52.6609992980957,52.599998474121094,52.599998474121094,2011,0.0,0.0,0.0
2023-05-24 11:30:00-04:00,52.70989990234375,52.70989990234375,52.70989990234375,52.70989990234375,270,0.0,0.0,0.0
2023-05-24 15:30:00-04:00,52.599998474121094,52.599998474121094,52.56999969482422,52.56999969482422,1000,0.0,0.0,0.0
2023-05-25 09:30:00-04:00,52.529998779296875,52.529998779296875,52.529998779296875,52.529998779296875,0,0.0,0.0,0.0
2023-05-25 11:30:00-04:00,52.380001068115234,52.380001068115234,52.380001068115234,52.380001068115234,668,0.0,0.0,0.0
2023-05-25 12:30:00-04:00,52.625,52.625,52.51100158691406,52.51100158691406,801,0.0,0.0,0.0
2023-05-25 13:30:00-04:00,52.7400016784668,52.7400016784668,52.7400016784668,52.7400016784668,371,0.0,0.0,0.0
2023-05-25 15:30:00-04:00,52.75,52.80120086669922,52.75,52.75,200,0.0,0.0,0.0
2023-05-26 09:30:00-04:00,52.83000183105469,52.95000076293945,52.83000183105469,52.95000076293945,0,0.0,0.0,0.0
2023-05-26 10:30:00-04:00,53.12099838256836,53.16999816894531,53.12099838256836,53.16999816894531,3914,0.0,0.0,0.0
2023-05-26 11:30:00-04:00,53.2599983215332,53.32600021362305,53.2599983215332,53.32600021362305,1146,0.0,0.0,0.0
2023-05-30 09:30:00-04:00,53.45000076293945,53.45000076293945,53.45000076293945,53.45000076293945,0,0.0,0.0,0.0
2023-05-30 10:30:00-04:00,53.04999923706055,53.04999923706055,53.040000915527344,53.040000915527344,2932,0.0,0.0,0.0
2023-05-30 11:30:00-04:00,52.98540115356445,52.98540115356445,52.98540115356445,52.98540115356445,309,0.0,0.0,0.0
2023-05-30 13:30:00-04:00,52.90079879760742,52.90079879760742,52.90079879760742,52.90079879760742,0,0.0,0.0,0.0
2023-05-30 15:30:00-04:00,53.04999923706055,53.04999923706055,53.04999923706055,53.04999923706055,5679,0.0,0.0,0.0
2023-05-31 09:30:00-04:00,52.4640007019043,52.4640007019043,52.38100051879883,52.38100051879883,0,0.0,0.0,0.0
2023-05-31 12:30:00-04:00,52.119998931884766,52.119998931884766,52.119998931884766,52.119998931884766,101,0.0,0.0,0.0
2023-05-31 15:30:00-04:00,52.22010040283203,52.22010040283203,52.18000030517578,52.18000030517578,1640,0.0,0.0,0.0
2023-06-01 10:30:00-04:00,52.400001525878906,52.400001525878906,52.400001525878906,52.400001525878906,0,0.0,0.0,0.0
2023-06-01 13:30:00-04:00,53.013999938964844,53.013999938964844,52.97999954223633,53.013999938964844,706,0.0,0.0,0.0
2023-06-01 14:30:00-04:00,53.0099983215332,53.0099983215332,52.89979934692383,52.89979934692383,0,0.0,0.0,0.0
2023-06-02 11:30:00-04:00,54.13999938964844,54.613399505615234,54.13999938964844,54.613399505615234,722,0.0,0.0,0.0
2023-06-05 09:30:00-04:00,54.689998626708984,54.689998626708984,54.689998626708984,54.689998626708984,0,0.0,0.0,0.0
2023-06-05 10:30:00-04:00,54.0,54.0,54.0,54.0,1222,0.0,0.0,0.0
2023-06-05 12:30:00-04:00,54.29669952392578,54.29669952392578,54.29669952392578,54.29669952392578,368,0.0,0.0,0.0
2023-06-05 14:30:00-04:00,54.05970001220703,54.11000061035156,54.05970001220703,54.06549835205078,558,0.0,0.0,0.0
2023-06-06 09:30:00-04:00,54.58810043334961,54.58810043334961,54.58810043334961,54.58810043334961,0,0.0,0.0,0.0
2023-06-06 10:30:00-04:00,55.06999969482422,55.189998626708984,55.06999969482422,55.189998626708984,404,0.0,0.0,0.0
2023-06-06 11:30:00-04:00,55.111000061035156,55.18000030517578,55.111000061035156,55.18000030517578,408,0.0,0.0,0.0
2023-06-06 13:30:00-04:00,54.939998626708984,54.939998626708984,54.918701171875,54.918701171875,282,0.0,0.0,0.0
2023-06-06 15:30:00-04:00,55.120201110839844,55.120201110839844,55.120201110839844,55.120201110839844,0,0.0,0.0,0.0
2023-06-07 10:30:00-04:00,55.91999816894531,55.91999816894531,55.91999816894531,55.91999816894531,100,0.0,0.0,0.0
2023-06-07 11:30:00-04:00,55.91999816894531,55.970001220703125,55.91999816894531,55.959999084472656,4874,0.0,0.0,0.0
2023-06-07 14:30:00-04:00,55.84000015258789,55.93000030517578,55.84000015258789,55.93000030517578,600,0.0,0.0,0.0
2023-06-07 15:30:00-04:00,55.90999984741211,55.970001220703125,55.869998931884766,55.869998931884766,521,0.0,0.0,0.0
2023-06-08 09:30:00-04:00,55.88999938964844,55.88999938964844,55.88999938964844,55.88999938964844,0,0.0,0.0,0.0
2023-06-08 13:30:00-04:00,55.720001220703125,55.775001525878906,55.720001220703125,55.7599983215332,1000,0.0,0.0,0.0
2023-06-08 15:30:00-04:00,55.72999954223633,55.72999954223633,55.479000091552734,55.72999954223633,1040,0.0,0.0,0.0
2023-06-12 09:30:00-04:00,55.67100143432617,55.67100143432617,55.67100143432617,55.67100143432617,0,0.0,0.0,0.0
2023-06-12 15:30:00-04:00,55.790000915527344,55.790000915527344,55.790000915527344,55.790000915527344,114,0.0,0.0,0.0
2023-06-13 09:30:00-04:00,56.119998931884766,56.569000244140625,56.119998931884766,56.569000244140625,479,0.0,0.0,0.0
2023-06-13 13:30:00-04:00,56.400001525878906,56.400001525878906,56.400001525878906,56.400001525878906,100,0.0,0.0,0.0
2023-06-13 14:30:00-04:00,56.32099914550781,56.43170166015625,56.32099914550781,56.43170166015625,300,0.0,0.0,0.0
2023-06-14 09:30:00-04:00,56.599998474121094,56.66999816894531,56.599998474121094,56.66999816894531,0,0.0,0.0,0.0
2023-06-14 10:30:00-04:00,56.52000045776367,56.52000045776367,56.52000045776367,56.52000045776367,203,0.0,0.0,0.0
2023-06-14 12:30:00-04:00,56.47999954223633,56.47999954223633,56.373199462890625,56.373199462890625,932,0.0,0.0,0.0
2023-06-14 13:30:00-04:00,55.869998931884766,55.869998931884766,55.86000061035156,55.869998931884766,2795,0.0,0.0,0.0
2023-06-14 14:30:00-04:00,55.810001373291016,56.18000030517578,55.810001373291016,56.18000030517578,1379,0.0,0.0,0.0
2023-06-14 15:30:00-04:00,56.099998474121094,56.099998474121094,56.099998474121094,56.099998474121094,1747,0.0,0.0,0.0
2023-06-15 10:30:00-04:00,56.17100143432617,56.17100143432617,56.17100143432617,56.17100143432617,0,0.0,0.0,0.0
2023-06-15 11:30:00-04:00,56.41999816894531,56.459999084472656,56.39780044555664,56.409000396728516,2810,0.0,0.0,0.0
2023-06-15 12:30:00-04:00,56.380001068115234,56.380001068115234,56.380001068115234,56.380001068115234,299,0.0,0.0,0.0
2023-06-15 15:30:00-04:00,56.67100143432617,56.67919921875,56.67100143432617,56.67919921875,0,0.0,0.0,0.0
2023-06-16 09:30:00-04:00,56.52000045776367,56.56800079345703,56.5,56.56800079345703,8988,0.0,0.0,0.0
2023-06-16 10:30:00-04:00,56.63999938964844,56.650001525878906,56.5,56.5,988,0.0,0.0,0.0
2023-06-16 12:30:00-04:00,56.54999923706055,56.54999923706055,56.54999923706055,56.54999923706055,359,0.0,0.0,0.0
2023-06-16 13:30:00-04:00,56.400001525878906,56.400001525878906,56.400001525878906,56.400001525878906,172,0.0,0.0,0.0
2023-06-16 15:30:00-04:00,56.31999969482422,56.340301513671875,56.31999969482422,56.340301513671875,100,0.0,0.0,0.0
2023-06-20 10:30:00-04:00,55.72100067138672,55.84000015258789,55.72100067138672,55.839698791503906,900,0.0,0.0,0.0
2023-06-20 11:30:00-04:00,55.75360107421875,55.837501525878906,55.75360107421875,55.837501525878906,1083,0.0,0.0,0.0
2023-06-20 13:30:00-04:00,55.90999984741211,55.91019821166992,55.90999984741211,55.91019821166992,520,0.0,0.0,0.0
2023-06-20 14:30:00-04:00,55.95000076293945,55.959999084472656,55.95000076293945,55.95600128173828,915,0.0,0.0,0.0
2023-06-20 15:30:00-04:00,56.071998596191406,56.071998596191406,55.98030090332031,56.00809860229492,0,0.0,0.0,0.0
2023-06-22 09:30:00-04:00,55.84000015258789,55.84000015258789,55.84000015258789,55.84000015258789,182,0.0,0.0,0.0
2023-06-22 10:30:00-04:00,55.52399826049805,55.52399826049805,55.52399826049805,55.52399826049805,111,0.0,0.0,0.0
2023-06-22 11:30:00-04:00,55.709999084472656,55.709999084472656,55.709999084472656,55.709999084472656,931,0.0,0.0,0.0
2023-06-22 14:30:00-04:00,55.62480163574219,55.62480163574219,55.62480163574219,55.62480163574219,0,0.0,0.0,0.0
2023-06-23 09:30:00-04:00,55.15999984741211,55.15999984741211,55.09410095214844,55.09410095214844,427,0.0,0.0,0.0
2023-06-26 13:30:00-04:00,55.45000076293945,55.45000076293945,55.45000076293945,55.45000076293945,2205,0.0,0.0,0.0
2023-06-26 14:30:00-04:00,55.52000045776367,55.52000045776367,55.295501708984375,55.295501708984375,409,0.0,0.0,0.0
2023-06-27 10:30:00-04:00,55.72200012207031,56.17319869995117,55.72200012207031,56.17319869995117,0,0.0,0.0,0.0
2023-06-28 10:30:00-04:00,56.11000061035156,56.11000061035156,56.08539962768555,56.08539962768555,403,0.0,0.0,0.0
2023-06-28 11:30:00-04:00,56.150001525878906,56.150001525878906,56.150001525878906,56.150001525878906,246,0.0,0.0,0.0
2023-06-28 12:30:00-04:00,56.060001373291016,56.060001373291016,56.060001373291016,56.060001373291016,207,0.0,0.0,0.0
2023-06-28 14:30:00-04:00,56.140201568603516,56.140201568603516,56.140201568603516,56.140201568603516,100,0.0,0.0,0.0
2023-06-28 15:30:00-04:00,56.15999984741211,56.15999984741211,56.15999984741211,56.15999984741211,100,0.0,0.0,0.0
2023-06-29 09:30:00-04:00,56.84320068359375,56.84320068359375,56.84320068359375,56.84320068359375,0,0.0,0.0,0.0
2023-06-30 09:30:00-04:00,57.279998779296875,57.279998779296875,57.25239944458008,57.25239944458008,725,0.0,0.0,0.0
2023-07-03 09:30:00-04:00,57.279998779296875,57.279998779296875,57.279998779296875,57.279998779296875,0,0.0,0.0,0.0
2023-07-03 10:30:00-04:00,57.34000015258789,57.42259979248047,57.29499816894531,57.42259979248047,323,0.0,0.0,0.0
2023-07-05 09:30:00-04:00,57.04999923706055,57.04999923706055,56.840999603271484,56.840999603271484,0,0.0,0.0,0.0
2023-07-05 11:30:00-04:00,57.01129913330078,57.01129913330078,57.0,57.0,449,0.0,0.0,0.0
2023-07-05 15:30:00-04:00,56.810001373291016,56.810001373291016,56.810001373291016,56.810001373291016,158,0.0,0.0,0.0
2023-07-06 11:30:00-04:00,55.75899887084961,55.75899887084961,55.720001220703125,55.720001220703125,0,0.0,0.0,0.0
2023-07-06 12:30:00-04:00,55.82830047607422,55.82830047607422,55.82830047607422,55.82830047607422,1703,0.0,0.0,0.0
2023-07-06 13:30:00-04:00,56.06589889526367,56.06589889526367,55.900001525878906,56.06589889526367,465,0.0,0.0,0.0
2023-07-07 12:30:00-04:00,57.029998779296875,57.029998779296875,57.029998779296875,57.029998779296875,0,0.0,0.0,0.0
2023-07-07 14:30:00-04:00,56.9099006652832,56.9099006652832,56.50830078125,56.50830078125,121,0.0,0.0,0.0
2023-07-10 09:30:00-04:00,56.40999984741211,57.16389846801758,56.40999984741211,57.16389846801758,0,0.0,0.0,0.0
2023-07-10 10:30:00-04:00,57.029998779296875,57.029998779296875,57.029998779296875,57.029998779296875,382,0.0,0.0,0.0
2023-07-10 14:30:00-04:00,57.119998931884766,57.12009811401367,57.119998931884766,57.12009811401367,296,0.0,0.0,0.0
2023-07-10 15:30:00-04:00,57.16999816894531,57.2057991027832,57.16999816894531,57.2057991027832,301,0.0,0.0,0.0
2023-07-11 09:30:00-04:00,57.61000061035156,57.61000061035156,57.61000061035156,57.61000061035156,0,0.0,0.0,0.0
2023-07-11 10:30:00-04:00,57.56999969482422,57.58980178833008,57.55970001220703,57.55970001220703,450,0.0,0.0,0.0
2023-07-11 11:30:00-04:00,57.54999923706055,57.54999923706055,57.494998931884766,57.494998931884766,200,0.0,0.0,0.0
2023-07-11 12:30:00-04:00,57.53499984741211,57.53499984741211,57.53499984741211,57.53499984741211,120,0.0,0.0,0.0
2023-07-11 13:30:00-04:00,57.51029968261719,57.51029968261719,57.51029968261719,57.51029968261719,216,0.0,0.0,0.0
2023-07-11 15:30:00-04:00,57.757999420166016,57.77000045776367,57.757999420166016,57.757999420166016,100,0.0,0.0,0.0
2023-07-12 09:30:00-04:00,58.119998931884766,58.310001373291016,58.119998931884766,58.310001373291016,0,0.0,0.0,0.0
2023-07-12 12:30:00-04:00,58.35419845581055,58.35419845581055,58.35419845581055,58.35419845581055,0,0.0,0.0,0.0
2023-07-12 14:30:00-04:00,58.470001220703125,58.470001220703125,58.40010070800781,58.40010070800781,4478,0.0,0.0,0.0
2023-07-12 15:30:00-04:00,58.388999938964844,58.388999938964844,58.29999923706055,58.36000061035156,0,0.0,0.0,0.0
2023-07-13 09:30:00-04:00,58.52000045776367,58.78879928588867,58.52000045776367,58.78879928588867,0,0.0,0.0,0.0
2023-07-14 09:30:00-04:00,58.7599983215332,58.7599983215332,58.7599983215332,58.7599983215332,128,0.0,0.0,0.0
2023-07-14 10:30:00-04:00,58.25,58.25,58.25,58.25,225,0.0,0.0,0.0
2023-07-14 11:30:00-04:00,58.189998626708984,58.189998626708984,58.189998626708984,58.189998626708984,120,0.0,0.0,0.0
2023-07-14 14:30:00-04:00,58.2400016784668,58.2400016784668,58.2400016784668,58.2400016784668,170,0.0,0.0,0.0
2023-07-17 10:30:00-04:00,58.64099884033203,58.65530014038086,58.64099884033203,58.65530014038086,81,0.0,0.0,0.0
2023-07-17 11:30:00-04:00,58.90999984741211,58.90999984741211,58.90999984741211,58.90999984741211,108,0.0,0.0,0.0
2023-07-17 13:30:00-04:00,58.9900016784668,58.9900016784668,58.9900016784668,58.9900016784668,104,0.0,0.0,0.0
2023-07-17 14:30:00-04:00,59.034000396728516,59.034000396728516,58.9109992980957,58.96440124511719,994,0.0,0.0,0.0
2023-07-17 15:30:00-04:00,58.941001892089844,58.941001892089844,58.92599868774414,58.92599868774414,1061,0.0,0.0,0.0
2023-07-18 09:30:00-04:00,59.0,59.59199905395508,59.0,59.59199905395508,0,0.0,0.0,0.0
2023-07-18 11:30:00-04:00,59.4900016784668,59.4900016784668,59.4900016784668,59.4900016784668,870,0.0,0.0,0.0
2023-07-18 13:30:00-04:00,59.558998107910156,59.560001373291016,59.558998107910156,59.560001373291016,1388,0.0,0.0,0.0
2023-07-18 14:30:00-04:00,59.70000076293945,59.714500427246094,59.70000076293945,59.714500427246094,0,0.0,0.0,0.0
2023-07-19 12:30:00-04:00,59.75899887084961,59.75899887084961,59.75899887084961,59.75899887084961,307,0.0,0.0,0.0
2023-07-19 13:30:00-04:00,59.810001373291016,59.810001373291016,59.769901275634766,59.769901275634766,1825,0.0,0.0,0.0
2023-07-19 14:30:00-04:00,59.800201416015625,59.81999969482422,59.779998779296875,59.81999969482422,835,0.0,0.0,0.0
2023-07-19 15:30:00-04:00,59.91999816894531,59.91999816894531,59.87409973144531,59.87409973144531,0,0.0,0.0,0.0
2023-07-20 10:30:00-04:00,59.419898986816406,59.419898986816406,59.419898986816406,59.419898986816406,570,0.0,0.0,0.0
2023-07-20 12:30:00-04:00,59.40999984741211,59.40999984741211,59.40999984741211,59.40999984741211,234,0.0,0.0,0.0
2023-07-20 15:30:00-04:00,59.31999969482422,59.32849884033203,59.31999969482422,59.32849884033203,101,0.0,0.0,0.0
2023-07-21 09:30:00-04:00,59.65999984741211,59.65999984741211,59.26219940185547,59.26219940185547,310,0.0,0.0,0.0
2023-07-24 09:30:00-04:00,59.209999084472656,59.46379852294922,59.209999084472656,59.41999816894531,0,0.0,0.0,0.0
2023-07-24 10:30:00-04:00,59.471900939941406,59.471900939941406,59.459999084472656,59.459999084472656,1289,0.0,0.0,0.0
2023-07-24 13:30:00-04:00,59.73899841308594,59.73899841308594,59.662601470947266,59.662601470947266,365,0.0,0.0,0.0
2023-07-25 09:30:00-04:00,59.70000076293945,60.0,59.70000076293945,60.0,0,0.0,0.0,0.0
2023-07-25 10:30:00-04:00,60.04899978637695,60.04990005493164,60.04899978637695,60.04990005493164,479,0.0,0.0,0.0
2023-07-25 12:30:00-04:00,60.02000045776367,60.099998474121094,60.02000045776367,60.099998474121094,1298,0.0,0.0,0.0
2023-07-25 13:30:00-04:00,60.099998474121094,60.099998474121094,60.099998474121094,60.099998474121094,1002,0.0,0.0,0.0
2023-07-25 14:30:00-04:00,59.91999816894531,59.91999816894531,59.91999816894531,59.91999816894531,283,0.0,0.0,0.0
2023-07-25 15:30:00-04:00,59.880001068115234,59.880001068115234,59.849998474121094,59.860198974609375,0,0.0,0.0,0.0
2023-07-26 09:30:00-04:00,59.79999923706055,60.0,59.79999923706055,60.0,386,0.0,0.0,0.0
2023-07-26 10:30:00-04:00,59.91899871826172,60.032901763916016,59.87099838256836,59.87099838256836,704,0.0,0.0,0.0
2023-07-27 09:30:00-04:00,60.459999084472656,60.459999084472656,60.29999923706055,60.29999923706055,0,0.0,0.0,0.0
2023-07-27 10:30:00-04:00,60.459999084472656,60.459999084472656,59.58089828491211,59.58089828491211,0,0.0,0.0,0.0
2023-07-28 10:30:00-04:00,60.099998474121094,60.099998474121094,60.090999603271484,60.090999603271484,262,0.0,0.0,0.0
2023-07-28 13:30:00-04:00,60.18989944458008,60.22930145263672,60.18989944458008,60.22930145263672,175,0.0,0.0,0.0
2023-07-31 12:30:00-04:00,60.37779998779297,60.37779998779297,60.37779998779297,60.37779998779297,0,0.0,0.0,0.0
2023-07-31 13:30:00-04:00,60.349998474121094,60.400001525878906,60.349998474121094,60.400001525878906,340,0.0,0.0,0.0
2023-07-31 14:30:00-04:00,60.41999816894531,60.482398986816406,60.41999816894531,60.482398986816406,0,0.0,0.0,0.0
2023-08-01 10:30:00-04:00,60.119998931884766,60.42380142211914,60.119998931884766,60.42380142211914,0,0.0,0.0,0.0
2023-08-02 09:30:00-04:00,60.029998779296875,60.029998779296875,60.029998779296875,60.029998779296875,827,0.0,0.0,0.0
2023-08-02 10:30:00-04:00,59.67499923706055,59.67499923706055,59.61000061035156,59.61000061035156,253,0.0,0.0,0.0
2023-08-02 11:30:00-04:00,59.68080139160156,59.68080139160156,59.68080139160156,59.68080139160156,0,0.0,0.0,0.0
2023-08-02 14:30:00-04:00,59.81999969482422,59.81999969482422,59.81999969482422,59.81999969482422,1887,0.0,0.0,0.0
2023-08-02 15:30:00-04:00,59.72999954223633,59.79290008544922,59.72999954223633,59.79290008544922,0,0.0,0.0,0.0
2023-08-03 09:30:00-04:00,59.5099983215332,59.5099983215332,59.47999954223633,59.47999954223633,3591,0.0,0.0,0.0
2023-08-03 15:30:00-04:00,59.7400016784668,59.789798736572266,59.7400016784668,59.789798736572266,147,0.0,0.0,0.0
2023-08-04 09:30:00-04:00,59.70000076293945,59.70000076293945,59.70000076293945,59.70000076293945,0,0.0,0.0,0.0
2023-08-04 11:30:00-04:00,60.060001373291016,60.060001373291016,60.04999923706055,60.04999923706055,0,0.0,0.0,0.0
2023-08-04 15:30:00-04:00,59.56010055541992,59.56999969482422,59.560001373291016,59.56999969482422,1134,0.0,0.0,0.0
2023-08-07 09:30:00-04:00,59.7400016784668,59.904998779296875,59.7400016784668,59.904998779296875,0,0.0,0.0,0.0
2023-08-07 11:30:00-04:00,59.938499450683594,60.084999084472656,59.938499450683594,60.084999084472656,231,0.0,0.0,0.0
2023-08-08 09:30:00-04:00,59.25,59.25,59.25,59.25,55,0.0,0.0,0.0
2023-08-08 11:30:00-04:00,59.25,59.25,59.25,59.25,211,0.0,0.0,0.0
2023-08-08 12:30:00-04:00,59.31999969482422,59.349998474121094,59.31999969482422,59.349998474121094,326,0.0,0.0,0.0
2023-08-08 13:30:00-04:00,59.650001525878906,59.65999984741211,59.619998931884766,59.650001525878906,16888,0.0,0.0,0.0
2023-08-08 15:30:00-04:00,59.74689865112305,59.74689865112305,59.74689865112305,59.74689865112305,0,0.0,0.0,0.0
2023-08-09 09:30:00-04:00,59.75,59.75,59.75,59.75,275,0.0,0.0,0.0
2023-08-09 10:30:00-04:00,59.540000915527344,59.540000915527344,59.520999908447266,59.520999908447266,615,0.0,0.0,0.0
2023-08-09 11:30:00-04:00,59.33000183105469,59.33000183105469,59.33000183105469,59.33000183105469,372,0.0,0.0,0.0
2023-08-09 13:30:00-04:00,59.66999816894531,59.810001373291016,59.48659896850586,59.48659896850586,659,0.0,0.0,0.0
2023-08-10 09:30:00-04:00,59.61000061035156,59.61000061035156,59.61000061035156,59.61000061035156,0,0.0,0.0,0.0
2023-08-10 14:30:00-04:00,59.302398681640625,59.315799713134766,59.302398681640625,59.315799713134766,0,0.0,0.0,0.0
2023-08-11 11:30:00-04:00,59.400001525878906,59.400001525878906,59.400001525878906,59.400001525878906,177,0.0,0.0,0.0
2023-08-11 12:30:00-04:00,59.29999923706055,59.29999923706055,59.257999420166016,59.257999420166016,648,0.0,0.0,0.0
2023-08-11 14:30:00-04:00,59.317100524902344,59.317100524902344,59.21590042114258,59.21590042114258,190,0.0,0.0,0.0
2023-08-14 09:30:00-04:00,59.040000915527344,59.040000915527344,59.040000915527344,59.040000915527344,0,0.0,0.0,0.0
2023-08-14 10:30:00-04:00,59.03200149536133,59.03200149536133,59.03200149536133,59.03200149536133,355,0.0,0.0,0.0
2023-08-14 11:30:00-04:00,59.15999984741211,59.15999984741211,59.15999984741211,59.15999984741211,158,0.0,0.0,0.0
2023-08-14 12:30:00-04:00,59.15999984741211,59.18000030517578,59.15999984741211,59.18000030517578,549,0.0,0.0,0.0
2023-08-14 15:30:00-04:00,59.16999816894531,59.20750045776367,59.16999816894531,59.20750045776367,0,0.0,0.0,0.0
2023-08-15 09:30:00-04:00,58.75,58.75,58.75,58.75,357,0.0,0.0,0.0
2023-08-15 10:30:00-04:00,58.57500076293945,58.619998931884766,58.57500076293945,58.619998931884766,480,0.0,0.0,0.0
2023-08-15 12:30:00-04:00,58.5364990234375,58.5364990234375,58.5364990234375,58.5364990234375,507,0.0,0.0,0.0
2023-08-15 13:30:00-04:00,58.5,58.5,58.5,58.5,137,0.0,0.0,0.0
2023-08-15 15:30:00-04:00,58.38999938964844,58.38999938964844,58.38999938964844,58.38999938964844,0,0.0,0.0,0.0
2023-08-16 09:30:00-04:00,58.40999984741211,58.62099838256836,58.400001525878906,58.62099838256836,1973,0.0,0.0,0.0
2023-08-16 15:30:00-04:00,57.90290069580078,57.90290069580078,57.90290069580078,57.90290069580078,0,0.0,0.0,0.0
2023-08-17 12:30:00-04:00,57.847198486328125,57.847198486328125,57.847198486328125,57.847198486328125,204,0.0,0.0,0.0
2023-08-17 14:30:00-04:00,57.349998474121094,57.349998474121094,57.34629821777344,57.34629821777344,0,0.0,0.0,0.0
2023-08-18 09:30:00-04:00,56.939998626708984,57.290000915527344,56.939998626708984,57.16999816894531,1536,0.0,0.0,0.0
2023-08-18 15:30:00-04:00,57.540000915527344,57.540000915527344,57.4922981262207,57.4922981262207,151,0.0,0.0,0.0
2023-08-21 15:30:00-04:00,57.54990005493164,57.54990005493164,57.45640182495117,57.45640182495117,0,0.0,0.0,0.0
2023-08-22 09:30:00-04:00,57.630001068115234,57.630001068115234,57.62779998779297,57.62779998779297,598,0.0,0.0,0.0
2023-08-22 14:30:00-04:00,57.20500183105469,57.20500183105469,57.14659881591797,57.14659881591797,0,0.0,0.0,0.0
2023-08-23 09:30:00-04:00,57.060001373291016,57.060001373291016,57.060001373291016,57.060001373291016,391,0.0,0.0,0.0
2023-08-23 12:30:00-04:00,57.65999984741211,57.66899871826172,57.65999984741211,57.66899871826172,274,0.0,0.0,0.0
2023-08-23 15:30:00-04:00,57.06700134277344,57.65999984741211,57.06700134277344,57.65999984741211,0,0.0,0.0,0.0
2023-08-25 09:30:00-04:00,57.0786018371582,57.08000183105469,57.0786018371582,57.08000183105469,491,0.0,0.0,0.0
2023-08-25 11:30:00-04:00,56.880001068115234,57.21269989013672,56.880001068115234,57.21269989013672,809,0.0,0.0,0.0
2023-08-28 09:30:00-04:00,57.470001220703125,57.619998931884766,57.470001220703125,57.599998474121094,0,0.0,0.0,0.0
2023-08-28 13:30:00-04:00,57.680599212646484,57.680599212646484,57.680599212646484,57.680599212646484,0,0.0,0.0,0.0
2023-08-28 14:30:00-04:00,57.63029861450195,57.63029861450195,57.63029861450195,57.63029861450195,1480,0.0,0.0,0.0
2023-08-28 15:30:00-04:00,57.7400016784668,57.7400016784668,57.7400016784668,57.7400016784668,345,0.0,0.0,0.0
2023-08-29 09:30:00-04:00,57.880001068115234,57.880001068115234,57.880001068115234,57.880001068115234,9213,0.0,0.0,0.0
2023-08-29 11:30:00-04:00,58.39500045776367,58.400001525878906,58.349998474121094,58.380001068115234,753,0.0,0.0,0.0
2023-08-29 13:30:00-04:00,58.56999969482422,58.56999969482422,58.56999969482422,58.56999969482422,252,0.0,0.0,0.0
2023-08-29 14:30:00-04:00,58.5702018737793,58.5702018737793,58.5702018737793,58.5702018737793,0,0.0,0.0,0.0
2023-08-30 09:30:00-04:00,58.459999084472656,58.709999084472656,58.459999084472656,58.68000030517578,992,0.0,0.0,0.0
2023-08-30 10:30:00-04:00,58.73400115966797,58.73400115966797,58.73400115966797,58.73400115966797,309,0.0,0.0,0.0
2023-08-30 15:30:00-04:00,58.72999954223633,58.72999954223633,58.709999084472656,58.709999084472656,0,0.0,0.0,0.0
2023-08-31 09:30:00-04:00,58.91999816894531,58.920101165771484,58.91999816894531,58.920101165771484,2231,0.0,0.0,0.0
2023-08-31 11:30:00-04:00,58.91999816894531,58.945499420166016,58.91999816894531,58.945499420166016,710,0.0,0.0,0.0
2023-08-31 12:30:00-04:00,58.720001220703125,58.79999923706055,58.720001220703125,58.79999923706055,672,0.0,0.0,0.0
2023-08-31 14:30:00-04:00,58.86000061035156,58.86000061035156,58.777099609375,58.777099609375,0,0.0,0.0,0.0
2023-09-01 09:30:00-04:00,59.30500030517578,59.30500030517578,59.30500030517578,59.30500030517578,249,0.0,0.0,0.0
2023-09-01 11:30:00-04:00,59.29999923706055,59.29999923706055,59.29999923706055,59.29999923706055,336,0.0,0.0,0.0
2023-09-05 09:30:00-04:00,58.630699157714844,58.630699157714844,58.630699157714844,58.630699157714844,0,0.0,0.0,0.0
2023-09-05 13:30:00-04:00,58.59000015258789,58.5900993347168,58.44710159301758,58.5900993347168,215,0.0,0.0,0.0
2023-09-06 15:30:00-04:00,58.15999984741211,58.15999984741211,58.15999984741211,58.15999984741211,806,0.0,0.0,0.0
2023-09-07 09:30:00-04:00,57.95000076293945,57.95000076293945,57.52750015258789,57.52750015258789,0,0.0,0.0,0.0
2023-09-07 10:30:00-04:00,57.64619827270508,57.64619827270508,57.61640167236328,57.61640167236328,265,0.0,0.0,0.0
2023-09-07 14:30:00-04:00,57.7400016784668,57.7400016784668,57.720001220703125,57.72999954223633,5850,0.0,0.0,0.0
2023-09-07 15:30:00-04:00,57.75,57.77510070800781,57.75,57.77510070800781,0,0.0,0.0,0.0
2023-09-08 09:30:00-04:00,57.720001220703125,57.720001220703125,57.720001220703125,57.720001220703125,653,0.0,0.0,0.0
2023-09-08 12:30:00-04:00,57.900001525878906,57.900001525878906,57.900001525878906,57.900001525878906,367,0.0,0.0,0.0
2023-09-08 13:30:00-04:00,57.948001861572266,57.948001861572266,57.948001861572266,57.948001861572266,220,0.0,0.0,0.0
2023-09-11 09:30:00-04:00,58.04999923706055,58.04999923706055,58.02000045776367,58.02000045776367,0,0.0,0.0,0.0
2023-09-11 10:30:00-04:00,58.06999969482422,58.06999969482422,57.880001068115234,57.880001068115234,622,0.0,0.0,0.0
2023-09-11 11:30:00-04:00,57.775001525878906,57.803001403808594,57.775001525878906,57.803001403808594,466,0.0,0.0,0.0
2023-09-11 13:30:00-04:00,57.90999984741211,57.90999984741211,57.90999984741211,57.90999984741211,474,0.0,0.0,0.0
2023-09-11 14:30:00-04:00,57.80860137939453,57.80860137939453,57.80860137939453,57.80860137939453,124,0.0,0.0,0.0
2023-09-11 15:30:00-04:00,57.79999923706055,57.79999923706055,57.76940155029297,57.76940155029297,401,0.0,0.0,0.0
2023-09-12 09:30:00-04:00,57.7599983215332,58.0,57.7599983215332,58.0,0,0.0,0.0,0.0
2023-09-12 10:30:00-04:00,57.77399826049805,57.77399826049805,57.77399826049805,57.77399826049805,305,0.0,0.0,0.0
2023-09-12 15:30:00-04:00,57.61000061035156,57.6416015625,57.61000061035156,57.6416015625,111,0.0,0.0,0.0
2023-09-13 09:30:00-04:00,57.810001373291016,57.810001373291016,57.810001373291016,57.810001373291016,0,0.0,0.0,0.0
2023-09-13 13:30:00-04:00,57.529998779296875,57.529998779296875,57.35900115966797,57.35900115966797,0,0.0,0.0,0.0
2023-09-14 09:30:00-04:00,58.02000045776367,58.02000045776367,57.709999084472656,57.7400016784668,1350,0.0,0.0,0.0
2023-09-14 11:30:00-04:00,58.04410171508789,58.08000183105469,58.04410171508789,58.08000183105469,266,0.0,0.0,0.0
2023-09-14 13:30:00-04:00,58.11000061035156,58.11000061035156,58.089900970458984,58.089900970458984,830,0.0,0.0,0.0
2023-09-14 15:30:00-04:00,58.09000015258789,58.150001525878906,58.08000183105469,58.150001525878906,3808,0.0,0.0,0.0
2023-09-15 09:30:00-04:00,57.97999954223633,57.97999954223633,57.77000045776367,57.77000045776367,0,0.0,0.0,0.0
2023-09-15 10:30:00-04:00,57.4900016784668,57.4900016784668,57.4900016784668,57.4900016784668,243,0.0,0.0,0.0
2023-09-15 11:30:00-04:00,57.45589828491211,57.470001220703125,57.45589828491211,57.470001220703125,1179,0.0,0.0,0.0
2023-09-15 14:30:00-04:00,57.3400993347168,57.380001068115234,57.34000015258789,57.380001068115234,552,0.0,0.0,0.0
2023-09-15 15:30:00-04:00,57.290000915527344,57.31549835205078,57.290000915527344,57.31549835205078,203,0.0,0.0,0.0
2023-09-19 09:30:00-04:00,57.32709884643555,57.32709884643555,57.13180160522461,57.13180160522461,0,0.0,0.0,0.0
2023-09-20 09:30:00-04:00,57.2400016784668,57.2400016784668,57.2400016784668,57.2400016784668,0,0.0,0.0,0.0
2023-09-20 10:30:00-04:00,57.53200149536133,57.53200149536133,57.53200149536133,57.53200149536133,165,0.0,0.0,0.0
2023-09-20 12:30:00-04:00,57.45000076293945,57.45000076293945,57.437198638916016,57.437198638916016,368,0.0,0.0,0.0
2023-09-20 13:30:00-04:00,57.29999923706055,57.30009841918945,57.29999923706055,57.30009841918945,409,0.0,0.0,0.0
2023-09-20 14:30:00-04:00,57.23139953613281,57.23139953613281,56.74689865112305,56.74689865112305,190,0.0,0.0,0.0
2023-09-21 09:30:00-04:00,56.470001220703125,56.470001220703125,55.899600982666016,55.899600982666016,0,0.0,0.0,0.0
2023-09-22 09:30:00-04:00,56.02000045776367,56.02000045776367,56.02000045776367,56.02000045776367,21,0.0,0.0,0.0
2023-09-22 10:30:00-04:00,56.039398193359375,56.039398193359375,56.039398193359375,56.039398193359375,544,0.0,0.0,0.0
2023-09-22 11:30:00-04:00,55.99689865112305,55.99689865112305,55.99689865112305,55.99689865112305,319,0.0,0.0,0.0
2023-09-22 15:30:00-04:00,55.84000015258789,55.84000015258789,55.84000015258789,55.84000015258789,278,0.0,0.0,0.0
2023-09-25 09:30:00-04:00,55.72999954223633,56.0,55.720001220703125,56.0,2091,0.0,0.0,0.0
2023-09-25 13:30:00-04:00,56.285400390625,56.285400390625,56.285400390625,56.285400390625,359,0.0,0.0,0.0
2023-09-25 15:30:00-04:00,56.27000045776367,56.327301025390625,56.20000076293945,56.327301025390625,726,0.0,0.0,0.0
2023-09-26 09:30:00-04:00,56.04999923706055,56.04999923706055,56.04999923706055,56.04999923706055,0,0.0,0.0,0.0
2023-09-26 10:30:00-04:00,56.11090087890625,56.11090087890625,56.11090087890625,56.11090087890625,177,0.0,0.0,0.0
2023-09-26 12:30:00-04:00,55.97999954223633,55.97999954223633,55.687599182128906,55.687599182128906,212,0.0,0.0,0.0
2023-09-27 09:30:00-04:00,55.93000030517578,55.93000030517578,55.93000030517578,55.93000030517578,0,0.0,0.0,0.0
2023-09-27 15:30:00-04:00,56.11000061035156,56.74789810180664,56.11000061035156,56.74789810180664,0,0.0,0.0,0.0
2023-09-29 09:30:00-04:00,57.06999969482422,57.06999969482422,57.06999969482422,57.06999969482422,0,0.0,0.0,0.0
2023-09-29 12:30:00-04:00,56.400001525878906,56.40999984741211,56.400001525878906,56.40999984741211,765,0.0,0.0,0.0
2023-09-29 13:30:00-04:00,56.459999084472656,56.459999084472656,56.459999084472656,56.459999084472656,302,0.0,0.0,0.0
2023-09-29 14:30:00-04:00,56.36000061035156,56.52000045776367,56.36000061035156,56.52000045776367,1027,0.0,0.0,0.0
2023-09-29 15:30:00-04:00,56.43000030517578,56.5,56.27000045776367,56.29999923706055,35606,0.0,0.0,0.0
2023-10-02 11:30:00-04:00,55.72999954223633,55.72999954223633,55.72999954223633,55.72999954223633,0,0.0,0.0,0.0
2023-10-02 13:30:00-04:00,55.73609924316406,55.73609924316406,55.71080017089844,55.71080017089844,352,0.0,0.0,0.0
2023-10-02 14:30:00-04:00,55.58000183105469,55.73809814453125,55.58000183105469,55.73809814453125,1371,0.0,0.0,0.0
2023-10-03 09:30:00-04:00,55.5099983215332,55.529998779296875,55.469398498535156,55.529998779296875,0,0.0,0.0,0.0
2023-10-03 10:30:00-04:00,55.04010009765625,55.04010009765625,55.0,55.0,380,0.0,0.0,0.0
2023-10-03 12:30:00-04:00,55.0099983215332,55.0099983215332,55.0099983215332,55.0099983215332,138,0.0,0.0,0.0
2023-10-03 15:30:00-04:00,54.88999938964844,54.939998626708984,54.88999938964844,54.90829849243164,443,0.0,0.0,0.0
2023-10-04 09:30:00-04:00,54.95000076293945,54.95000076293945,54.587100982666016,54.587100982666016,0,0.0,0.0,0.0
2023-10-04 10:30:00-04:00,54.5,54.52000045776367,54.5,54.52000045776367,463,0.0,0.0,0.0
2023-10-04 13:30:00-04:00,54.85649871826172,54.85649871826172,54.83000183105469,54.83000183105469,1604,0.0,0.0,0.0
2023-10-04 15:30:00-04:00,55.08000183105469,55.08000183105469,55.08000183105469,55.08000183105469,0,0.0,0.0,0.0
2023-10-05 10:30:00-04:00,54.939998626708984,54.939998626708984,54.939998626708984,54.939998626708984,114,0.0,0.0,0.0
2023-10-05 11:30:00-04:00,54.95000076293945,54.95000076293945,54.92689895629883,54.92689895629883,375,0.0,0.0,0.0
2023-10-05 14:30:00-04:00,55.270999908447266,55.270999908447266,55.270999908447266,55.270999908447266,0,0.0,0.0,0.0
2023-10-06 09:30:00-04:00,55.06999969482422,55.06999969482422,55.010101318359375,55.010101318359375,610,0.0,0.0,0.0
2023-10-06 13:30:00-04:00,55.974998474121094,55.974998474121094,55.84669876098633,55.84669876098633,115,0.0,0.0,0.0
2023-10-09 09:30:00-04:00,55.939998626708984,55.939998626708984,55.91999816894531,55.91999816894531,0,0.0,0.0,0.0
2023-10-09 10:30:00-04:00,55.94200134277344,55.94200134277344,55.94200134277344,55.94200134277344,171,0.0,0.0,0.0
2023-10-09 13:30:00-04:00,56.33319854736328,56.33319854736328,56.33319854736328,56.33319854736328,296,0.0,0.0,0.0
2023-10-09 15:30:00-04:00,56.310001373291016,56.32419967651367,56.279998779296875,56.316898345947266,1276,0.0,0.0,0.0
2023-10-10 09:30:00-04:00,56.4900016784668,56.689998626708984,56.4900016784668,56.689998626708984,0,0.0,0.0,0.0
2023-10-10 12:30:00-04:00,57.099998474121094,57.099998474121094,57.099998474121094,57.099998474121094,302,0.0,0.0,0.0
2023-10-10 13:30:00-04:00,57.060001373291016,57.060001373291016,57.02000045776367,57.02000045776367,388,0.0,0.0,0.0
2023-10-10 14:30:00-04:00,56.93000030517578,56.93000030517578,56.93000030517578,56.93000030517578,110,0.0,0.0,0.0
2023-10-10 15:30:00-04:00,56.90999984741211,56.90999984741211,56.81420135498047,56.81420135498047,100,0.0,0.0,0.0
2023-10-11 09:30:00-04:00,56.81999969482422,57.04999923706055,56.81999969482422,57.04999923706055,716,0.0,0.0,0.0
2023-10-11 11:30:00-04:00,56.79999923706055,56.79999923706055,56.689998626708984,56.720001220703125,946,0.0,0.0,0.0
2023-10-11 13:30:00-04:00,56.68000030517578,56.68000030517578,56.68000030517578,56.68000030517578,218,0.0,0.0,0.0
2023-10-11 15:30:00-04:00,56.90999984741211,56.939998626708984,56.90999984741211,56.939998626708984,0,0.0,0.0,0.0
2023-10-12 09:30:00-04:00,57.11000061035156,57.11000061035156,56.50790023803711,56.50790023803711,6997,0.0,0.0,0.0
2023-10-12 10:30:00-04:00,56.45000076293945,56.45009994506836,56.45000076293945,56.45009994506836,707,0.0,0.0,0.0
2023-10-12 12:30:00-04:00,56.20000076293945,56.20000076293945,56.20000076293945,56.20000076293945,356,0.0,0.0,0.0
2023-10-12 13:30:00-04:00,55.97999954223633,55.97999954223633,55.97999954223633,55.97999954223633,1293,0.0,0.0,0.0
2023-10-12 15:30:00-04:00,56.27000045776367,56.27000045776367,56.21189880371094,56.21189880371094,166,0.0,0.0,0.0
2023-10-13 09:30:00-04:00,56.279998779296875,56.31999969482422,56.279998779296875,56.279998779296875,0,0.0,0.0,0.0
2023-10-13 13:30:00-04:00,55.7599983215332,55.7599983215332,55.72999954223633,55.75189971923828,735,0.0,0.0,0.0
2023-10-13 15:30:00-04:00,55.709999084472656,55.71220016479492,55.709999084472656,55.71220016479492,100,0.0,0.0,0.0
2023-10-16 14:30:00-04:00,56.41849899291992,56.47999954223633,56.41849899291992,56.459598541259766,715,0.0,0.0,0.0
2023-10-17 09:30:00-04:00,56.20000076293945,56.20000076293945,56.20000076293945,56.20000076293945,0,0.0,0.0,0.0
2023-10-17 10:30:00-04:00,56.904998779296875,56.904998779296875,56.904998779296875,56.904998779296875,147,0.0,0.0,0.0
2023-10-17 11:30:00-04:00,57.119998931884766,57.14139938354492,57.119998931884766,57.14139938354492,483,0.0,0.0,0.0
2023-10-17 12:30:00-04:00,57.119998931884766,57.119998931884766,57.064998626708984,57.064998626708984,355,0.0,0.0,0.0
2023-10-17 13:30:00-04:00,56.90380096435547,56.9286994934082,56.90380096435547,56.9286994934082,137,0.0,0.0,0.0
2023-10-18 09:30:00-04:00,56.70000076293945,56.70000076293945,56.70000076293945,56.70000076293945,0,0.0,0.0,0.0
2023-10-18 12:30:00-04:00,56.08000183105469,56.080101013183594,56.02320098876953,56.02320098876953,1352,0.0,0.0,0.0
2023-10-18 14:30:00-04:00,56.04130172729492,56.04130172729492,56.04130172729492,56.04130172729492,518,0.0,0.0,0.0
2023-10-18 15:30:00-04:00,55.7599983215332,55.83720016479492,55.75,55.83720016479492,521,0.0,0.0,0.0
2023-10-19 09:30:00-04:00,55.939998626708984,55.939998626708984,55.810001373291016,55.810001373291016,657,0.0,0.0,0.0
2023-10-19 11:30:00-04:00,55.65999984741211,55.959999084472656,55.65999984741211,55.959999084472656,1294,0.0,0.0,0.0
2023-10-19 12:30:00-04:00,55.80220031738281,55.80220031738281,55.5099983215332,55.5099983215332,390,0.0,0.0,0.0
2023-10-19 14:30:00-04:00,55.2599983215332,55.2599983215332,55.2599983215332,55.2599983215332,240,0.0,0.0,0.0
2023-10-19 15:30:00-04:00,55.178001403808594,55.178001403808594,55.06999969482422,55.16619873046875,0,0.0,0.0,0.0
2023-10-20 10:30:00-04:00,54.52000045776367,54.60499954223633,54.48400115966797,54.60499954223633,885,0.0,0.0,0.0
2023-10-20 11:30:00-04:00,54.56999969482422,54.56999969482422,54.4900016784668,54.503700256347656,2165,0.0,0.0,0.0
2023-10-20 12:30:00-04:00,54.63999938964844,54.65010070800781,54.63999938964844,54.650001525878906,3215,0.0,0.0,0.0
2023-10-20 14:30:00-04:00,54.48400115966797,54.529998779296875,54.48400115966797,54.529998779296875,686,0.0,0.0,0.0
2023-10-20 15:30:00-04:00,54.279998779296875,54.279998779296875,54.279998779296875,54.279998779296875,354,0.0,0.0,0.0
2023-10-23 09:30:00-04:00,53.88999938964844,54.41999816894531,53.88999938964844,54.41999816894531,1335,0.0,0.0,0.0
2023-10-23 14:30:00-04:00,54.209999084472656,54.209999084472656,54.040000915527344,54.040000915527344,1211,0.0,0.0,0.0
2023-10-23 15:30:00-04:00,54.0099983215332,54.099998474121094,53.949100494384766,53.949100494384766,568,0.0,0.0,0.0
2023-10-24 09:30:00-04:00,54.2400016784668,54.40999984741211,54.2400016784668,54.40999984741211,0,0.0,0.0,0.0
2023-10-24 11:30:00-04:00,54.13999938964844,54.167999267578125,53.959999084472656,53.959999084472656,937,0.0,0.0,0.0
2023-10-24 12:30:00-04:00,54.025001525878906,54.025001525878906,54.025001525878906,54.025001525878906,186,0.0,0.0,0.0
2023-10-24 13:30:00-04:00,54.05500030517578,54.08000183105469,54.05500030517578,54.08000183105469,540,0.0,0.0,0.0
2023-10-24 15:30:00-04:00,54.22999954223633,54.2400016784668,54.20000076293945,54.202701568603516,318,0.0,0.0,0.0
2023-10-25 09:30:00-04:00,53.970001220703125,53.970001220703125,53.970001220703125,53.970001220703125,0,0.0,0.0,0.0
2023-10-25 11:30:00-04:00,53.69850158691406,53.69850158691406,53.61000061035156,53.61000061035156,269,0.0,0.0,0.0
2023-10-25 14:30:00-04:00,53.63999938964844,53.63999938964844,53.618099212646484,53.618099212646484,1088,0.0,0.0,0.0
2023-10-25 15:30:00-04:00,53.70500183105469,53.70500183105469,53.57680130004883,53.57680130004883,0,0.0,0.0,0.0
2023-10-26 11:30:00-04:00,53.84000015258789,53.84000015258789,53.83000183105469,53.83000183105469,1033,0.0,0.0,0.0
2023-10-26 15:30:00-04:00,53.72999954223633,53.72999954223633,53.68579864501953,53.68579864501953,0,0.0,0.0,0.0
2023-10-27 10:30:00-04:00,53.448699951171875,53.448699951171875,53.448699951171875,53.448699951171875,1828,0.0,0.0,0.0
2023-10-30 11:30:00-04:00,53.275001525878906,53.49549865722656,53.275001525878906,53.49549865722656,0,0.0,0.0,0.0
2023-10-31 10:30:00-04:00,53.63999938964844,53.63999938964844,53.63999938964844,53.63999938964844,131,0.0,0.0,0.0
2023-10-31 11:30:00-04:00,53.85129928588867,53.85129928588867,53.85129928588867,53.85129928588867,0,0.0,0.0,0.0
2023-11-01 10:30:00-04:00,54.007999420166016,54.007999420166016,54.007999420166016,54.007999420166016,404,0.0,0.0,0.0
2023-11-01 12:30:00-04:00,53.779998779296875,54.2218017578125,53.779998779296875,54.2218017578125,0,0.0,0.0,0.0
2023-11-02 10:30:00-04:00,55.16999816894531,55.16999816894531,55.1349983215332,55.1349983215332,1293,0.0,0.0,0.0
2023-11-02 12:30:00-04:00,55.21500015258789,55.21500015258789,55.189998626708984,55.189998626708984,799,0.0,0.0,0.0
2023-11-02 14:30:00-04:00,55.36000061035156,55.36000061035156,55.36000061035156,55.36000061035156,128,0.0,0.0,0.0
2023-11-02 15:30:00-04:00,55.45000076293945,55.45000076293945,55.45000076293945,55.45000076293945,0,0.0,0.0,0.0
2023-11-03 09:30:00-04:00,55.959999084472656,56.40999984741211,55.959999084472656,56.40999984741211,972,0.0,0.0,0.0
2023-11-03 15:30:00-04:00,56.56999969482422,56.56999969482422,56.369998931884766,56.372501373291016,924,0.0,0.0,0.0
2023-11-06 09:30:00-05:00,56.0,56.0,56.0,56.0,0,0.0,0.0,0.0
2023-11-06 10:30:00-05:00,56.02000045776367,56.02000045776367,55.891700744628906,55.891700744628906,190,0.0,0.0,0.0
2023-11-07 09:30:00-05:00,55.77000045776367,55.77000045776367,55.619998931884766,55.619998931884766,750,0.0,0.0,0.0
2023-11-07 10:30:00-05:00,55.630001068115234,55.630001068115234,55.630001068115234,55.630001068115234,1960,0.0,0.0,0.0
2023-11-07 11:30:00-05:00,55.674198150634766,55.674198150634766,55.674198150634766,55.674198150634766,477,0.0,0.0,0.0
2023-11-07 12:30:00-05:00,55.70000076293945,55.70000076293945,55.70000076293945,55.70000076293945,5003,0.0,0.0,0.0
2023-11-07 13:30:00-05:00,55.720001220703125,55.734901428222656,55.68000030517578,55.68000030517578,4545,0.0,0.0,0.0
2023-11-07 14:30:00-05:00,55.689998626708984,55.689998626708984,55.66999816894531,55.66999816894531,4765,0.0,0.0,0.0
2023-11-07 15:30:00-05:00,55.709999084472656,55.72999954223633,55.663700103759766,55.663700103759766,0,0.0,0.0,0.0
2023-11-08 09:30:00-05:00,55.7400016784668,55.7400016784668,55.528099060058594,55.540000915527344,2046,0.0,0.0,0.0
2023-11-08 11:30:00-05:00,55.439998626708984,55.439998626708984,55.439998626708984,55.439998626708984,108,0.0,0.0,0.0
2023-11-08 12:30:00-05:00,55.31449890136719,55.31449890136719,55.31449890136719,55.31449890136719,1819,0.0,0.0,0.0
2023-11-08 15:30:00-05:00,55.38999938964844,55.43000030517578,55.380001068115234,55.380001068115234,1222,0.0,0.0,0.0
2023-11-09 09:30:00-05:00,55.58000183105469,55.58000183105469,55.40999984741211,55.41350173950195,0,0.0,0.0,0.0
2023-11-09 11:30:00-05:00,55.38199996948242,55.41999816894531,55.38199996948242,55.41999816894531,1636,0.0,0.0,0.0
2023-11-09 12:30:00-05:00,55.417999267578125,55.417999267578125,55.417999267578125,55.417999267578125,149,0.0,0.0,0.0
2023-11-09 13:30:00-05:00,55.06399917602539,55.06399917602539,54.90999984741211,54.90999984741211,478,0.0,0.0,0.0
2023-11-10 09:30:00-05:00,55.130001068115234,55.130001068115234,55.04999923706055,55.04999923706055,2549,0.0,0.0,0.0
2023-11-10 10:30:00-05:00,54.970001220703125,54.970001220703125,54.970001220703125,54.970001220703125,379,0.0,0.0,0.0
2023-11-10 12:30:00-05:00,55.36000061035156,55.36000061035156,55.33000183105469,55.33000183105469,431,0.0,0.0,0.0
2023-11-10 14:30:00-05:00,55.523399353027344,55.523399353027344,55.49919891357422,55.49919891357422,250,0.0,0.0,0.0
2023-11-13 09:30:00-05:00,55.290000915527344,55.36000061035156,55.290000915527344,55.36000061035156,0,0.0,0.0,0.0
2023-11-13 10:30:00-05:00,55.348899841308594,55.348899841308594,55.348899841308594,55.348899841308594,109,0.0,0.0,0.0
2023-11-13 11:30:00-05:00,55.58000183105469,55.58000183105469,55.58000183105469,55.58000183105469,639,0.0,0.0,0.0
2023-11-13 14:30:00-05:00,55.58000183105469,55.58000183105469,55.58000183105469,55.58000183105469,403,0.0,0.0,0.0
2023-11-13 15:30:00-05:00,55.61000061035156,55.61000061035156,55.57550048828125,55.57550048828125,401,0.0,0.0,0.0
2023-11-14 09:30:00-05:00,56.20000076293945,56.86000061035156,56.20000076293945,56.86000061035156,0,0.0,0.0,0.0
2023-11-14 12:30:00-05:00,57.59870147705078,57.59870147705078,57.59870147705078,57.59870147705078,211,0.0,0.0,0.0
2023-11-14 14:30:00-05:00,57.58000183105469,57.5900993347168,57.58000183105469,57.5900993347168,614,0.0,0.0,0.0
2023-11-14 15:30:00-05:00,57.59000015258789,57.604000091552734,57.59000015258789,57.604000091552734,0,0.0,0.0,0.0
2023-11-15 09:30:00-05:00,58.15999984741211,58.15999984741211,58.15999984741211,58.15999984741211,500,0.0,0.0,0.0
2023-11-15 11:30:00-05:00,58.22200012207031,58.22200012207031,57.756500244140625,57.756500244140625,1196,0.0,0.0,0.0
2023-11-16 09:30:00-05:00,57.630001068115234,57.630001068115234,57.439998626708984,57.439998626708984,0,0.0,0.0,0.0
2023-11-16 10:30:00-05:00,57.105499267578125,57.105499267578125,57.105499267578125,57.105499267578125,340,0.0,0.0,0.0
2023-11-16 15:30:00-05:00,57.16999816894531,57.16999816894531,57.16999816894531,57.16999816894531,200,0.0,0.0,0.0
2023-11-17 09:30:00-05:00,57.34000015258789,57.76789855957031,57.34000015258789,57.76789855957031,0,0.0,0.0,0.0
2023-11-20 10:30:00-05:00,57.845001220703125,57.845001220703125,57.845001220703125,57.845001220703125,0,0.0,0.0,0.0
2023-11-20 12:30:00-05:00,57.95790100097656,57.95790100097656,57.95790100097656,57.95790100097656,133,0.0,0.0,0.0
2023-11-20 14:30:00-05:00,57.90999984741211,57.9380989074707,57.90999984741211,57.9380989074707,0,0.0,0.0,0.0
2023-11-21 11:30:00-05:00,57.70000076293945,57.70000076293945,57.560699462890625,57.560699462890625,15,0.0,0.0,0.0
2023-11-22 09:30:00-05:00,57.81999969482422,57.81999969482422,57.81999969482422,57.81999969482422,106,0.0,0.0,0.0
2023-11-22 10:30:00-05:00,57.779998779296875,57.779998779296875,57.779998779296875,57.779998779296875,369,0.0,0.0,0.0
2023-11-22 12:30:00-05:00,57.76860046386719,57.79100036621094,57.76860046386719,57.79100036621094,224,0.0,0.0,0.0
2023-11-24 09:30:00-05:00,57.790000915527344,57.790000915527344,57.790000915527344,57.790000915527344,269,0.0,0.0,0.0
2023-11-24 12:30:00-05:00,58.0,58.00680160522461,58.0,58.00680160522461,2000,0.0,0.0,0.0
2023-11-27 09:30:00-05:00,57.880001068115234,57.880001068115234,57.880001068115234,57.880001068115234,0,0.0,0.0,0.0
2023-11-27 10:30:00-05:00,57.89509963989258,57.89509963989258,57.89509963989258,57.89509963989258,262,0.0,0.0,0.0
2023-11-27 13:30:00-05:00,57.849998474121094,57.849998474121094,57.849998474121094,57.849998474121094,113,0.0,0.0,0.0
2023-11-27 14:30:00-05:00,57.834999084472656,57.880001068115234,57.834999084472656,57.880001068115234,1306,0.0,0.0,0.0
2023-11-27 15:30:00-05:00,57.869998931884766,57.900001525878906,57.790000915527344,57.790000915527344,2714,0.0,0.0,0.0
2023-11-28 09:30:00-05:00,57.72999954223633,57.72999954223633,57.72999954223633,57.72999954223633,0,0.0,0.0,0.0
2023-11-28 13:30:00-05:00,57.41210174560547,57.41210174560547,57.41210174560547,57.41210174560547,140,0.0,0.0,0.0
2023-11-28 14:30:00-05:00,57.459999084472656,57.459999084472656,57.41659927368164,57.41659927368164,0,0.0,0.0,0.0
2023-11-29 09:30:00-05:00,58.0,58.14939880371094,57.9650993347168,58.04999923706055,2511,0.0,0.0,0.0
2023-11-29 11:30:00-05:00,57.959999084472656,57.959999084472656,57.959999084472656,57.959999084472656,228,0.0,0.0,0.0
2023-11-29 14:30:00-05:00,57.84560012817383,57.84560012817383,57.84560012817383,57.84560012817383,1004,0.0,0.0,0.0
2023-11-29 15:30:00-05:00,57.709999084472656,57.71080017089844,57.709999084472656,57.71080017089844,0,0.0,0.0,0.0
2023-11-30 09:30:00-05:00,57.72999954223633,58.05289840698242,57.72999954223633,58.05289840698242,516,0.0,0.0,0.0
2023-11-30 10:30:00-05:00,58.060001373291016,58.060001373291016,58.01190185546875,58.01190185546875,0,0.0,0.0,0.0
2023-12-01 09:30:00-05:00,58.130001068115234,58.34000015258789,58.119998931884766,58.33000183105469,17045,0.0,0.0,0.0
2023-12-01 10:30:00-05:00,58.47990036010742,58.550201416015625,58.47990036010742,58.550201416015625,1113,0.0,0.0,0.0
2023-12-01 11:30:00-05:00,59.0,59.0,59.0,59.0,400,0.0,0.0,0.0
2023-12-01 12:30:00-05:00,59.15620040893555,59.15620040893555,59.15620040893555,59.15620040893555,774,0.0,0.0,0.0
2023-12-01 14:30:00-05:00,59.130001068115234,59.130001068115234,59.040000915527344,59.040000915527344,3110,0.0,0.0,0.0
2023-12-01 15:30:00-05:00,59.2400016784668,59.2400016784668,59.150001525878906,59.184200286865234,479,0.0,0.0,0.0
2023-12-04 09:30:00-05:00,59.06999969482422,59.06999969482422,59.06999969482422,59.06999969482422,0,0.0,0.0,0.0
2023-12-04 10:30:00-05:00,59.130001068115234,59.130001068115234,59.09000015258789,59.09000015258789,222,0.0,0.0,0.0
2023-12-04 11:30:00-05:00,59.27000045776367,59.29999923706055,59.27000045776367,59.29999923706055,626,0.0,0.0,0.0
2023-12-04 12:30:00-05:00,59.369998931884766,59.369998931884766,59.369998931884766,59.369998931884766,100,0.0,0.0,0.0
2023-12-04 13:30:00-05:00,59.220001220703125,59.220001220703125,59.220001220703125,59.220001220703125,682,0.0,0.0,0.0
2023-12-04 15:30:00-05:00,59.279998779296875,59.38029861450195,59.279998779296875,59.38029861450195,0,0.0,0.0,0.0
2023-12-05 09:30:00-05:00,59.2400016784668,59.2400016784668,59.2400016784668,59.2400016784668,245,0.0,0.0,0.0
2023-12-05 12:30:00-05:00,58.849998474121094,58.849998474121094,58.849998474121094,58.849998474121094,270,0.0,0.0,0.0
2023-12-05 13:30:00-05:00,58.902000427246094,58.902000427246094,58.772300720214844,58.772300720214844,0,0.0,0.0,0.0
2023-12-06 09:30:00-05:00,59.4900016784668,59.5,59.4900016784668,59.5,1624,0.0,0.0,0.0
2023-12-06 14:30:00-05:00,58.9900016784668,58.9900016784668,58.97999954223633,58.97999954223633,340,0.0,0.0,0.0
2023-12-06 15:30:00-05:00,58.66999816894531,58.72999954223633,58.58000183105469,58.61000061035156,1527,0.0,0.0,0.0
2023-12-07 09:30:00-05:00,58.88999938964844,58.88999938964844,58.88999938964844,58.88999938964844,0,0.0,0.0,0.0
2023-12-07 14:30:00-05:00,59.04999923706055,59.04999923706055,59.04999923706055,59.04999923706055,117,0.0,0.0,0.0
2023-12-07 15:30:00-05:00,59.01070022583008,59.04999923706055,58.939998626708984,59.04999923706055,0,0.0,0.0,0.0
2023-12-08 09:30:00-05:00,59.119998931884766,59.560001373291016,59.119998931884766,59.560001373291016,538,0.0,0.0,0.0
2023-12-08 11:30:00-05:00,59.301300048828125,59.301300048828125,59.301300048828125,59.301300048828125,377,0.0,0.0,0.0
2023-12-08 15:30:00-05:00,59.57350158691406,59.57350158691406,59.43000030517578,59.43000030517578,2212,0.0,0.0,0.0
2023-12-11 09:30:00-05:00,59.65999984741211,59.7953987121582,59.6171989440918,59.7953987121582,0,0.0,0.0,0.0
2023-12-12 13:30:00-05:00,59.709999084472656,59.709999084472656,59.680301666259766,59.680301666259766,423,0.0,0.0,0.0
2023-12-12 15:30:00-05:00,59.77989959716797,59.77989959716797,59.66999816894531,59.684600830078125,1363,0.0,0.0,0.0
2023-12-13 09:30:00-05:00,59.7599983215332,59.7599983215332,59.7599983215332,59.7599983215332,0,0.0,0.0,0.0
2023-12-13 10:30:00-05:00,59.880001068115234,59.880001068115234,59.880001068115234,59.880001068115234,1425,0.0,0.0,0.0
2023-12-13 11:30:00-05:00,59.73400115966797,59.73400115966797,59.73400115966797,59.73400115966797,459,0.0,0.0,0.0
2023-12-13 14:30:00-05:00,61.0,61.0,60.75,60.75,422,0.0,0.0,0.0
2023-12-13 15:30:00-05:00,61.08399963378906,61.119998931884766,61.08399963378906,61.119998931884766,0,0.0,0.0,0.0
2023-12-14 09:30:00-05:00,62.119998931884766,62.31999969482422,62.119998931884766,62.27000045776367,531,0.0,0.0,0.0
2023-12-14 10:30:00-05:00,62.2599983215332,62.38999938964844,62.189998626708984,62.38999938964844,436,0.0,0.0,0.0
2023-12-14 12:30:00-05:00,62.50830078125,62.50830078125,62.50830078125,62.50830078125,1732,0.0,0.0,0.0
2023-12-14 13:30:00-05:00,62.33000183105469,62.56529998779297,62.33000183105469,62.56529998779297,0,0.0,0.0,0.0
2023-12-15 13:30:00-05:00,62.13999938964844,62.15999984741211,62.10710144042969,62.15999984741211,1068,0.0,0.0,0.0
2023-12-15 15:30:00-05:00,62.2599983215332,62.32899856567383,62.23350143432617,62.32899856567383,575,0.0,0.0,0.0
2023-12-18 09:30:00-05:00,62.630001068115234,62.630001068115234,62.4900016784668,62.540000915527344,0,0.0,0.0,0.0
2023-12-18 10:30:00-05:00,62.45000076293945,62.45000076293945,62.42900085449219,62.42900085449219,871,0.0,0.0,0.0
2023-12-18 11:30:00-05:00,62.470001220703125,62.470001220703125,62.42879867553711,62.42879867553711,672,0.0,0.0,0.0
2023-12-18 13:30:00-05:00,62.290000915527344,62.290000915527344,62.279998779296875,62.279998779296875,1046,0.0,0.0,0.0
2023-12-18 14:30:00-05:00,62.369998931884766,62.45000076293945,62.369998931884766,62.45000076293945,1745,0.0,0.0,0.0
2023-12-18 15:30:00-05:00,62.350399017333984,62.377498626708984,62.350399017333984,62.36520004272461,807,0.0,0.0,0.0
2023-12-19 09:30:00-05:00,62.38999938964844,62.86000061035156,62.38999938964844,62.86000061035156,0,0.0,0.0,0.0
2023-12-19 11:30:00-05:00,62.97809982299805,62.97809982299805,62.97809982299805,62.97809982299805,257,0.0,0.0,0.0
2023-12-19 13:30:00-05:00,63.114601135253906,63.13999938964844,63.0890007019043,63.0890007019043,981,0.0,0.0,0.0
2023-12-19 14:30:00-05:00,63.09000015258789,63.10029983520508,63.09000015258789,63.10029983520508,0,0.0,0.0,0.0
2023-12-20 09:30:00-05:00,63.099998474121094,63.099998474121094,63.099998474121094,63.099998474121094,406,0.0,0.0,0.0
2023-12-20 11:30:00-05:00,63.415000915527344,63.470001220703125,63.415000915527344,63.470001220703125,1656,0.0,0.0,0.0
2023-12-20 14:30:00-05:00,62.58000183105469,62.58000183105469,62.58000183105469,62.58000183105469,313,0.0,0.0,0.0
2023-12-20 15:30:00-05:00,62.45000076293945,62.45000076293945,62.20759963989258,62.20759963989258,0,0.0,0.0,0.0
2023-12-21 09:30:00-05:00,61.79999923706055,61.939998626708984,61.79999923706055,61.88999938964844,5952,0.0,0.0,0.0
2023-12-21 10:30:00-05:00,61.84000015258789,61.84000015258789,61.84000015258789,61.84000015258789,266,0.0,0.0,0.0
2023-12-21 11:30:00-05:00,61.790000915527344,61.790000915527344,61.790000915527344,61.790000915527344,283,0.0,0.0,0.0
2023-12-21 12:30:00-05:00,61.63999938964844,61.67449951171875,61.63999938964844,61.67449951171875,686,0.0,0.0,0.0
2023-12-21 13:30:00-05:00,61.689998626708984,61.689998626708984,61.689998626708984,61.689998626708984,381,0.0,0.0,0.0
2023-12-21 14:30:00-05:00,61.74800109863281,61.74800109863281,61.74800109863281,61.74800109863281,243,0.0,0.0,0.0
2023-12-21 15:30:00-05:00,62.05080032348633,62.05080032348633,62.05080032348633,62.05080032348633,0,0.0,0.0,0.0
2023-12-22 09:30:00-05:00,62.279998779296875,62.279998779296875,62.279998779296875,62.279998779296875,193,0.0,0.0,0.0
2023-12-22 10:30:00-05:00,62.46269989013672,62.46500015258789,62.46269989013672,62.46500015258789,1012,0.0,0.0,0.0
2023-12-22 11:30:00-05:00,62.38999938964844,62.38999938964844,62.38999938964844,62.38999938964844,141,0.0,0.0,0.0
2023-12-22 13:30:00-05:00,62.369998931884766,62.40190124511719,62.34130096435547,62.34130096435547,1442,0.0,0.0,0.0
2023-12-26 09:30:00-05:00,62.060001373291016,62.605499267578125,62.060001373291016,62.59000015258789,86693,0.0,0.0,0.0
2023-12-26 10:30:00-05:00,62.61000061035156,62.65999984741211,62.61000061035156,62.63999938964844,5977,0.0,0.0,0.0
2023-12-26 11:30:00-05:00,62.69499969482422,62.83000183105469,62.69499969482422,62.83000183105469,211,0.0,0.0,0.0
2023-12-26 12:30:00-05:00,62.82500076293945,62.82740020751953,62.82500076293945,62.82740020751953,301,0.0,0.0,0.0
2023-12-26 13:30:00-05:00,62.904998779296875,62.9385986328125,62.904998779296875,62.935001373291016,542,0.0,0.0,0.0
2023-12-26 14:30:00-05:00,62.91999816894531,62.91999816894531,62.91999816894531,62.91999816894531,3353,0.0,0.0,0.0
2023-12-26 15:30:00-05:00,62.974998474121094,62.974998474121094,62.810001373291016,62.81999969482422,2125,0.0,0.0,0.0
2023-12-27 09:30:00-05:00,62.9900016784668,62.9900016784668,62.84000015258789,62.95000076293945,0,0.0,0.0,0.0
2023-12-27 11:30:00-05:00,62.85380172729492,62.90439987182617,62.85380172729492,62.90439987182617,668,0.0,0.0,0.0
2023-12-27 12:30:00-05:00,62.77000045776367,62.9828987121582,62.77000045776367,62.9828987121582,3296,0.0,0.0,0.0
2023-12-27 14:30:00-05:00,62.869998931884766,62.880001068115234,62.869998931884766,62.880001068115234,2856,0.0,0.0,0.0
2023-12-27 15:30:00-05:00,62.75,62.810001373291016,62.75,62.810001373291016,0,0.0,0.0,0.0
2023-12-28 09:30:00-05:00,62.68000030517578,62.900001525878906,62.68000030517578,62.86980056762695,4525,0.0,0.0,0.0
2023-12-28 10:30:00-05:00,62.779998779296875,62.779998779296875,62.779998779296875,62.779998779296875,136,0.0,0.0,0.0
2023-12-28 11:30:00-05:00,62.810001373291016,62.810001373291016,62.810001373291016,62.810001373291016,201,0.0,0.0,0.0
2023-12-28 12:30:00-05:00,62.83000183105469,62.83000183105469,62.68009948730469,62.68009948730469,748,0.0,0.0,0.0
2023-12-28 13:30:00-05:00,62.724998474121094,62.724998474121094,62.70000076293945,62.70000076293945,5197,0.0,0.0,0.0
2023-12-28 14:30:00-05:00,62.66999816894531,62.66999816894531,62.66999816894531,62.66999816894531,345,0.0,0.0,0.0
2023-12-28 15:30:00-05:00,62.7400016784668,62.7400016784668,62.67369842529297,62.67369842529297,558,0.0,0.0,0.0
2023-12-29 09:30:00-05:00,62.34000015258789,62.724998474121094,62.34000015258789,62.62089920043945,0,0.0,0.0,0.0
2023-12-29 13:30:00-05:00,62.32059860229492,62.32059860229492,62.32059860229492,62.32059860229492,115,0.0,0.0,0.0
2023-12-29 14:30:00-05:00,62.339900970458984,62.339900970458984,62.339900970458984,62.339900970458984,704,0.0,0.0,0.0
2023-12-29 15:30:00-05:00,62.349998474121094,62.349998474121094,62.1973991394043,62.1973991394043,990,0.0,0.0,0.0
2024-01-02 09:30:00-05:00,61.9900016784668,61.9900016784668,61.9900016784668,61.9900016784668,329,0.0,0.0,0.0
2024-01-02 10:30:00-05:00,62.150001525878906,62.150001525878906,62.150001525878906,62.150001525878906,347,0.0,0.0,0.0
2024-01-02 14:30:00-05:00,61.900001525878906,61.97679901123047,61.857398986816406,61.97679901123047,693,0.0,0.0,0.0
2024-01-03 09:30:00-05:00,61.72999954223633,61.72999954223633,61.540000915527344,61.540000915527344,0,0.0,0.0,0.0
2024-01-03 10:30:00-05:00,61.25490188598633,61.310001373291016,61.25490188598633,61.310001373291016,358,0.0,0.0,0.0
2024-01-03 12:30:00-05:00,61.38999938964844,61.38999938964844,61.38999938964844,61.38999938964844,317,0.0,0.0,0.0
2024-01-03 13:30:00-05:00,61.459999084472656,61.53990173339844,61.459999084472656,61.53990173339844,1248,0.0,0.0,0.0
2024-01-03 15:30:00-05:00,61.08000183105469,61.08000183105469,60.9900016784668,61.03300094604492,525,0.0,0.0,0.0
2024-01-04 09:30:00-05:00,61.029998779296875,61.130001068115234,61.029998779296875,61.08000183105469,11410,0.0,0.0,0.0
2024-01-04 10:30:00-05:00,61.279998779296875,61.28010177612305,61.279998779296875,61.28010177612305,1188,0.0,0.0,0.0
2024-01-04 13:30:00-05:00,61.18000030517578,61.189998626708984,61.18000030517578,61.18000030517578,583,0.0,0.0,0.0
2024-01-04 14:30:00-05:00,61.09600067138672,61.09600067138672,61.09600067138672,61.09600067138672,200,0.0,0.0,0.0
2024-01-04 15:30:00-05:00,60.9900016784668,61.0,60.9182014465332,60.9182014465332,1042,0.0,0.0,0.0
2024-01-05 09:30:00-05:00,60.81999969482422,61.037601470947266,60.81999969482422,61.037601470947266,0,0.0,0.0,0.0
2024-01-05 11:30:00-05:00,61.0099983215332,61.0099983215332,61.0099983215332,61.0099983215332,411,0.0,0.0,0.0
2024-01-05 15:30:00-05:00,60.970001220703125,60.970001220703125,60.869998931884766,60.880001068115234,3703,0.0,0.0,0.0
2024-01-08 12:30:00-05:00,61.130001068115234,61.130001068115234,61.130001068115234,61.130001068115234,734,0.0,0.0,0.0
2024-01-08 13:30:00-05:00,61.2599983215332,61.2599983215332,61.2599983215332,61.2599983215332,371,0.0,0.0,0.0
2024-01-08 14:30:00-05:00,61.34000015258789,61.45000076293945,61.34000015258789,61.45000076293945,603,0.0,0.0,0.0
2024-01-08 15:30:00-05:00,61.52000045776367,61.619998931884766,61.52000045776367,61.619998931884766,260,0.0,0.0,0.0
2024-01-09 09:30:00-05:00,61.189998626708984,61.189998626708984,60.87799835205078,61.005001068115234,1595,0.0,0.0,0.0
2024-01-09 10:30:00-05:00,60.970001220703125,61.02000045776367,60.970001220703125,61.02000045776367,1375,0.0,0.0,0.0
2024-01-09 13:30:00-05:00,61.06999969482422,61.189998626708984,61.06999969482422,61.189998626708984,9053,0.0,0.0,0.0
2024-01-09 14:30:00-05:00,61.144901275634766,61.144901275634766,61.144901275634766,61.144901275634766,4916,0.0,0.0,0.0
2024-01-09 15:30:00-05:00,61.16699981689453,61.18920135498047,61.16699981689453,61.18920135498047,213,0.0,0.0,0.0
2024-01-10 09:30:00-05:00,61.2400016784668,61.2400016784668,61.13999938964844,61.13999938964844,0,0.0,0.0,0.0
2024-01-10 14:30:00-05:00,61.25,61.25,61.25,61.25,234,0.0,0.0,0.0
2024-01-10 15:30:00-05:00,61.154998779296875,61.22999954223633,61.110198974609375,61.22999954223633,0,0.0,0.0,0.0
2024-01-11 11:30:00-05:00,60.65999984741211,60.65999984741211,60.65999984741211,60.65999984741211,463,0.0,0.0,0.0
2024-01-11 13:30:00-05:00,60.83000183105469,60.900001525878906,60.83000183105469,60.900001525878906,1202,0.0,0.0,0.0
2024-01-11 15:30:00-05:00,61.060001373291016,61.152198791503906,61.04999923706055,61.152198791503906,0,0.0,0.0,0.0
2024-01-12 10:30:00-05:00,61.084999084472656,61.084999084472656,61.084999084472656,61.084999084472656,228,0.0,0.0,0.0
2024-01-12 11:30:00-05:00,61.094200134277344,61.094200134277344,60.959999084472656,60.959999084472656,2218,0.0,0.0,0.0
2024-01-12 12:30:00-05:00,60.955299377441406,60.955299377441406,60.955299377441406,60.955299377441406,101,0.0,0.0,0.0
2024-01-12 13:30:00-05:00,61.09360122680664,61.11000061035156,61.09360122680664,61.11000061035156,1091,0.0,0.0,0.0
2024-01-12 14:30:00-05:00,61.11000061035156,61.11000061035156,61.08000183105469,61.08000183105469,1262,0.0,0.0,0.0
2024-01-12 15:30:00-05:00,61.08000183105469,61.1239013671875,61.06999969482422,61.1239013671875,479,0.0,0.0,0.0
2024-01-16 09:30:00-05:00,60.86000061035156,60.86000061035156,60.86000061035156,60.86000061035156,0,0.0,0.0,0.0
2024-01-16 10:30:00-05:00,60.689998626708984,60.79999923706055,60.689998626708984,60.790000915527344,551,0.0,0.0,0.0
2024-01-16 15:30:00-05:00,60.56999969482422,60.56999969482422,60.55979919433594,60.55979919433594,180,0.0,0.0,0.0
2024-01-17 09:30:00-05:00,60.15999984741211,60.15999984741211,60.15999984741211,60.15999984741211,0,0.0,0.0,0.0
2024-01-17 10:30:00-05:00,60.279998779296875,60.279998779296875,60.279998779296875,60.279998779296875,693,0.0,0.0,0.0
2024-01-17 12:30:00-05:00,60.06999969482422,60.317298889160156,60.06999969482422,60.317298889160156,567,0.0,0.0,0.0
2024-01-18 09:30:00-05:00,60.5,60.61000061035156,60.5,60.61000061035156,0,0.0,0.0,0.0
2024-01-18 15:30:00-05:00,60.810001373291016,60.84000015258789,60.79999923706055,60.83000183105469,1030,0.0,0.0,0.0
2024-01-19 09:30:00-05:00,60.9900016784668,61.46179962158203,60.9900016784668,61.46179962158203,0,0.0,0.0,0.0
2024-01-22 09:30:00-05:00,61.70000076293945,62.130001068115234,61.70000076293945,62.130001068115234,76,0.0,0.0,0.0
2024-01-22 10:30:00-05:00,62.09000015258789,62.09000015258789,62.0,62.029598236083984,6809,0.0,0.0,0.0
2024-01-22 11:30:00-05:00,62.09000015258789,62.09000015258789,62.09000015258789,62.09000015258789,107,0.0,0.0,0.0
2024-01-22 12:30:00-05:00,62.13779830932617,62.13779830932617,62.13779830932617,62.13779830932617,162,0.0,0.0,0.0
2024-01-22 13:30:00-05:00,62.02009963989258,62.02009963989258,62.02009963989258,62.02009963989258,161,0.0,0.0,0.0
2024-01-22 14:30:00-05:00,62.02399826049805,62.16999816894531,62.02399826049805,62.16999816894531,525,0.0,0.0,0.0
2024-01-22 15:30:00-05:00,62.25,62.28929901123047,62.20000076293945,62.28929901123047,0,0.0,0.0,0.0
2024-01-23 10:30:00-05:00,61.84000015258789,61.8400993347168,61.84000015258789,61.8400993347168,200,0.0,0.0,0.0
2024-01-23 11:30:00-05:00,61.90060043334961,61.959999084472656,61.830299377441406,61.830299377441406,2354,0.0,0.0,0.0
2024-01-23 15:30:00-05:00,61.91999816894531,61.9734001159668,61.91999816894531,61.9734001159668,1629,0.0,0.0,0.0
2024-01-24 09:30:00-05:00,62.150001525878906,62.150001525878906,62.150001525878906,62.150001525878906,0,0.0,0.0,0.0
2024-01-24 10:30:00-05:00,62.279998779296875,62.31650161743164,62.279998779296875,62.31650161743164,370,0.0,0.0,0.0
2024-01-24 11:30:00-05:00,62.362300872802734,62.362300872802734,62.362300872802734,62.362300872802734,449,0.0,0.0,0.0
2024-01-24 12:30:00-05:00,62.25,62.25,61.81769943237305,61.81769943237305,0,0.0,0.0,0.0
2024-01-25 10:30:00-05:00,61.997398376464844,61.997398376464844,61.997398376464844,61.997398376464844,3130,0.0,0.0,0.0
2024-01-25 11:30:00-05:00,61.869998931884766,62.12419891357422,61.849998474121094,62.12419891357422,0,0.0,0.0,0.0
2024-01-26 09:30:00-05:00,62.11000061035156,62.23419952392578,62.11000061035156,62.23419952392578,276,0.0,0.0,0.0
2024-01-29 09:30:00-05:00,62.150001525878906,62.150001525878906,62.150001525878906,62.150001525878906,210,0.0,0.0,0.0
2024-01-29 12:30:00-05:00,62.31769943237305,62.81959915161133,62.31769943237305,62.81959915161133,307,0.0,0.0,0.0
2024-01-30 09:30:00-05:00,62.689998626708984,62.689998626708984,62.689998626708984,62.689998626708984,0,0.0,0.0,0.0
2024-01-30 10:30:00-05:00,62.779998779296875,62.86000061035156,62.77000045776367,62.86000061035156,4760,0.0,0.0,0.0
2024-01-30 12:30:00-05:00,62.93009948730469,62.93009948730469,62.93009948730469,62.93009948730469,1319,0.0,0.0,0.0
2024-01-30 15:30:00-05:00,63.099998474121094,63.099998474121094,63.09000015258789,63.09000015258789,1429,0.0,0.0,0.0
2024-01-31 09:30:00-05:00,62.790000915527344,62.790000915527344,62.69599914550781,62.69599914550781,0,0.0,0.0,0.0
2024-01-31 11:30:00-05:00,62.5796012878418,62.5796012878418,62.5796012878418,62.5796012878418,179,0.0,0.0,0.0
2024-01-31 12:30:00-05:00,62.689998626708984,62.689998626708984,62.689998626708984,62.689998626708984,103,0.0,0.0,0.0
2024-01-31 13:30:00-05:00,62.51499938964844,62.51499938964844,62.5099983215332,62.5099983215332,338,0.0,0.0,0.0
2024-01-31 14:30:00-05:00,62.84000015258789,62.84000015258789,61.87910079956055,61.87910079956055,0,0.0,0.0,0.0
2024-02-01 09:30:00-05:00,62.040000915527344,62.040000915527344,62.040000915527344,62.040000915527344,241,0.0,0.0,0.0
2024-02-01 11:30:00-05:00,61.80910110473633,61.80910110473633,61.80910110473633,61.80910110473633,257,0.0,0.0,0.0
2024-02-01 12:30:00-05:00,61.849998474121094,61.849998474121094,61.849998474121094,61.849998474121094,202,0.0,0.0,0.0
2024-02-01 13:30:00-05:00,61.93709945678711,61.93709945678711,61.93709945678711,61.93709945678711,356,0.0,0.0,0.0
2024-02-01 14:30:00-05:00,62.17729949951172,62.17729949951172,62.140899658203125,62.140899658203125,245,0.0,0.0,0.0
2024-02-02 09:30:00-05:00,61.900001525878906,61.94499969482422,61.827598571777344,61.94499969482422,2472,0.0,0.0,0.0
2024-02-02 11:30:00-05:00,62.27000045776367,62.27000045776367,62.22560119628906,62.22560119628906,3088,0.0,0.0,0.0
2024-02-02 13:30:00-05:00,62.459999084472656,62.459999084472656,62.39799880981445,62.39799880981445,311,0.0,0.0,0.0
2024-02-02 14:30:00-05:00,62.369998931884766,62.369998931884766,62.369998931884766,62.369998931884766,1284,0.0,0.0,0.0
2024-02-02 15:30:00-05:00,62.40999984741211,62.439998626708984,62.3583984375,62.3583984375,491,0.0,0.0,0.0
2024-02-05 09:30:00-05:00,62.27000045776367,62.27000045776367,61.58000183105469,61.58000183105469,0,0.0,0.0,0.0
2024-02-05 14:30:00-05:00,61.82889938354492,61.82889938354492,61.82889938354492,61.82889938354492,187,0.0,0.0,0.0
2024-02-05 15:30:00-05:00,61.86000061035156,61.880001068115234,61.810001373291016,61.810001373291016,0,0.0,0.0,0.0
2024-02-06 09:30:00-05:00,61.93000030517578,61.97999954223633,61.90999984741211,61.97999954223633,1365,0.0,0.0,0.0
2024-02-06 13:30:00-05:00,61.65800094604492,61.65800094604492,61.65800094604492,61.65800094604492,141,0.0,0.0,0.0
2024-02-06 15:30:00-05:00,61.7599983215332,61.7599983215332,61.73899841308594,61.73899841308594,100,0.0,0.0,0.0
2024-02-07 09:30:00-05:00,62.060001373291016,62.060001373291016,62.060001373291016,62.060001373291016,0,0.0,0.0,0.0
2024-02-07 11:30:00-05:00,61.880001068115234,61.88999938964844,61.84000015258789,61.875,12406,0.0,0.0,0.0
2024-02-07 15:30:00-05:00,62.09000015258789,62.0900993347168,62.029998779296875,62.029998779296875,1176,0.0,0.0,0.0
2024-02-08 09:30:00-05:00,62.130001068115234,62.130001068115234,62.130001068115234,62.130001068115234,0,0.0,0.0,0.0
2024-02-08 11:30:00-05:00,62.209999084472656,62.209999084472656,62.209999084472656,62.209999084472656,320,0.0,0.0,0.0
2024-02-08 15:30:00-05:00,62.58000183105469,62.58000183105469,62.54840087890625,62.54840087890625,1590,0.0,0.0,0.0
2024-02-09 09:30:00-05:00,62.630001068115234,62.630001068115234,62.630001068115234,62.630001068115234,0,0.0,0.0,0.0
2024-02-09 11:30:00-05:00,62.79999923706055,62.79999923706055,62.79999923706055,62.79999923706055,354,0.0,0.0,0.0
2024-02-09 14:30:00-05:00,62.91999816894531,63.06919860839844,62.91999816894531,63.06919860839844,437,0.0,0.0,0.0
2024-02-12 09:30:00-05:00,63.480098724365234,63.480098724365234,63.480098724365234,63.480098724365234,0,0.0,0.0,0.0
2024-02-12 14:30:00-05:00,63.875,63.875,63.875,63.875,487,0.0,0.0,0.0
2024-02-12 15:30:00-05:00,63.86000061035156,63.86000061035156,63.7953987121582,63.7953987121582,655,0.0,0.0,0.0
2024-02-13 09:30:00-05:00,62.560001373291016,62.560001373291016,62.560001373291016,62.560001373291016,0,0.0,0.0,0.0
2024-02-13 10:30:00-05:00,62.2599983215332,62.2599983215332,62.2599983215332,62.2599983215332,1019,0.0,0.0,0.0
2024-02-13 13:30:00-05:00,62.334999084472656,62.349998474121094,62.334999084472656,62.349998474121094,903,0.0,0.0,0.0
2024-02-13 15:30:00-05:00,61.959999084472656,62.09709930419922,61.959999084472656,62.09709930419922,894,0.0,0.0,0.0
2024-02-14 09:30:00-05:00,62.66999816894531,62.66999816894531,62.66999816894531,62.66999816894531,0,0.0,0.0,0.0
2024-02-14 12:30:00-05:00,62.7599983215332,62.7599983215332,62.7599983215332,62.7599983215332,4012,0.0,0.0,0.0
2024-02-14 13:30:00-05:00,63.06809997558594,63.06809997558594,63.06809997558594,63.06809997558594,0,0.0,0.0,0.0
2024-02-15 11:30:00-05:00,63.900001525878906,63.900001525878906,63.899898529052734,63.899898529052734,650,0.0,0.0,0.0
2024-02-15 15:30:00-05:00,64.30999755859375,64.33000183105469,64.22000122070312,64.22000122070312,1440,0.0,0.0,0.0
2024-02-16 09:30:00-05:00,64.06999969482422,64.06999969482422,64.06999969482422,64.06999969482422,0,0.0,0.0,0.0
2024-02-16 11:30:00-05:00,64.22000122070312,64.2300033569336,64.11019897460938,64.11019897460938,2144,0.0,0.0,0.0
2024-02-16 13:30:00-05:00,64.22000122070312,64.22000122070312,64.22000122070312,64.22000122070312,307,0.0,0.0,0.0
2024-02-16 15:30:00-05:00,64.0,64.0,63.7963981628418,63.7963981628418,1514,0.0,0.0,0.0
2024-02-20 09:30:00-05:00,63.400001525878906,63.400001525878906,63.22999954223633,63.25,0,0.0,0.0,0.0
2024-02-20 11:30:00-05:00,63.22999954223633,63.279998779296875,63.22999954223633,63.25,3505,0.0,0.0,0.0
2024-02-20 12:30:00-05:00,63.17499923706055,63.17499923706055,63.13999938964844,63.13999938964844,461,0.0,0.0,0.0
2024-02-20 14:30:00-05:00,63.145999908447266,63.145999908447266,63.145999908447266,63.145999908447266,250,0.0,0.0,0.0
2024-02-20 15:30:00-05:00,63.04999923706055,63.142398834228516,63.04999923706055,63.142398834228516,254,0.0,0.0,0.0
2024-02-21 09:30:00-05:00,63.15999984741211,63.15999984741211,63.005001068115234,63.119998931884766,0,0.0,0.0,0.0
2024-02-21 10:30:00-05:00,63.31999969482422,63.31999969482422,63.31999969482422,63.31999969482422,316,0.0,0.0,0.0
2024-02-21 11:30:00-05:00,63.179100036621094,63.25,63.179100036621094,63.25,1179,0.0,0.0,0.0
2024-02-21 12:30:00-05:00,63.040000915527344,63.040000915527344,63.040000915527344,63.040000915527344,261,0.0,0.0,0.0
2024-02-21 14:30:00-05:00,62.94020080566406,62.94020080566406,62.94020080566406,62.94020080566406,352,0.0,0.0,0.0
2024-02-21 15:30:00-05:00,63.27000045776367,63.27000045776367,63.27000045776367,63.27000045776367,0,0.0,0.0,0.0
2024-02-22 10:30:00-05:00,63.875,63.875,63.875,63.875,312,0.0,0.0,0.0
2024-02-22 11:30:00-05:00,63.849998474121094,63.849998474121094,63.849998474121094,63.849998474121094,114,0.0,0.0,0.0
2024-02-22 12:30:00-05:00,63.97999954223633,63.97999954223633,63.97999954223633,63.97999954223633,122,0.0,0.0,0.0
2024-02-22 15:30:00-05:00,63.9900016784668,63.9900016784668,63.9900016784668,63.9900016784668,350,0.0,0.0,0.0
2024-02-23 09:30:00-05:00,63.970001220703125,63.970001220703125,63.970001220703125,63.970001220703125,0,0.0,0.0,0.0
2024-02-23 11:30:00-05:00,64.12999725341797,64.13999938964844,64.11499786376953,64.13999938964844,757,0.0,0.0,0.0
2024-02-23 13:30:00-05:00,64.35079956054688,64.35079956054688,64.34439849853516,64.34439849853516,282,0.0,0.0,0.0
2024-02-26 09:30:00-05:00,64.36000061035156,64.57029724121094,64.36000061035156,64.57029724121094,0,0.0,0.0,0.0
2024-02-26 13:30:00-05:00,64.33709716796875,64.52539825439453,64.33709716796875,64.52539825439453,563,0.0,0.0,0.0
2024-02-27 09:30:00-05:00,64.73999786376953,64.73999786376953,64.73999786376953,64.73999786376953,0,0.0,0.0,0.0
2024-02-27 11:30:00-05:00,64.82830047607422,64.82830047607422,64.82830047607422,64.82830047607422,145,0.0,0.0,0.0
2024-02-27 12:30:00-05:00,64.7300033569336,64.77790069580078,64.66000366210938,64.77790069580078,0,0.0,0.0,0.0
2024-02-28 09:30:00-05:00,64.68000030517578,64.68000030517578,64.68000030517578,64.68000030517578,289,0.0,0.0,0.0
2024-02-28 14:30:00-05:00,64.77999877929688,64.77999877929688,64.77999877929688,64.77999877929688,125,0.0,0.0,0.0
2024-02-28 15:30:00-05:00,64.57949829101562,64.63400268554688,64.57949829101562,64.63400268554688,338,0.0,0.0,0.0
2024-02-29 09:30:00-05:00,65.06999969482422,65.06999969482422,65.06999969482422,65.06999969482422,64,0.0,0.0,0.0
2024-02-29 12:30:00-05:00,64.94000244140625,65.02999877929688,64.94000244140625,65.00599670410156,4228,0.0,0.0,0.0
2024-02-29 13:30:00-05:00,65.0999984741211,65.12000274658203,65.02050018310547,65.02050018310547,2963,0.0,0.0,0.0
2024-02-29 15:30:00-05:00,65.11810302734375,65.23780059814453,65.11810302734375,65.23780059814453,417,0.0,0.0,0.0
2024-03-01 09:30:00-05:00,65.13999938964844,65.13999938964844,64.9800033569336,64.9800033569336,0,0.0,0.0,0.0
2024-03-01 14:30:00-05:00,65.65370178222656,65.65370178222656,65.55000305175781,65.61000061035156,3220,0.0,0.0,0.0
2024-03-01 15:30:00-05:00,65.6500015258789,65.66699981689453,65.6500015258789,65.66699981689453,100,0.0,0.0,0.0
2024-03-04 09:30:00-05:00,65.79000091552734,66.19999694824219,65.79000091552734,66.1500015258789,0,0.0,0.0,0.0
2024-03-04 15:30:00-05:00,65.62000274658203,65.63079833984375,65.5999984741211,65.63079833984375,347,0.0,0.0,0.0
2024-03-05 09:30:00-05:00,65.43000030517578,65.66999816894531,65.43000030517578,65.52729797363281,0,0.0,0.0,0.0
2024-03-06 09:30:00-05:00,65.94999694824219,65.94999694824219,65.94999694824219,65.94999694824219,211,0.0,0.0,0.0
2024-03-06 10:30:00-05:00,65.83799743652344,65.83799743652344,65.83799743652344,65.83799743652344,746,0.0,0.0,0.0
2024-03-06 11:30:00-05:00,65.93890380859375,66.02799987792969,65.93890380859375,66.02799987792969,1087,0.0,0.0,0.0
2024-03-06 14:30:00-05:00,65.80000305175781,65.80000305175781,65.80000305175781,65.80000305175781,326,0.0,0.0,0.0
2024-03-06 15:30:00-05:00,65.87000274658203,65.8832015991211,65.87000274658203,65.8832015991211,253,0.0,0.0,0.0
2024-03-07 09:30:00-05:00,66.04000091552734,66.4800033569336,66.04000091552734,66.4000015258789,4347,0.0,0.0,0.0
2024-03-07 11:30:00-05:00,66.37840270996094,66.42990112304688,66.33999633789062,66.41000366210938,11620,0.0,0.0,0.0
2024-03-07 13:30:00-05:00,66.39009857177734,66.39009857177734,66.39009857177734,66.39009857177734,177,0.0,0.0,0.0
2024-03-07 14:30:00-05:00,66.30000305175781,66.30000305175781,66.30000305175781,66.30000305175781,339,0.0,0.0,0.0
2024-03-07 15:30:00-05:00,66.33999633789062,66.375,66.31999969482422,66.37069702148438,2995,0.0,0.0,0.0
2024-03-08 09:30:00-05:00,66.25,66.25,66.25,66.25,0,0.0,0.0,0.0
2024-03-08 11:30:00-05:00,66.36139678955078,66.4000015258789,66.36139678955078,66.4000015258789,637,0.0,0.0,0.0
2024-03-08 12:30:00-05:00,66.30999755859375,66.30999755859375,66.05799865722656,66.05799865722656,912,0.0,0.0,0.0
2024-03-08 14:30:00-05:00,66.16000366210938,66.18190002441406,66.0167007446289,66.0167007446289,382,0.0,0.0,0.0
2024-03-11 09:30:00-04:00,65.54000091552734,65.54000091552734,65.54000091552734,65.54000091552734,0,0.0,0.0,0.0
2024-03-11 10:30:00-04:00,65.33999633789062,65.35870361328125,65.33999633789062,65.35870361328125,941,0.0,0.0,0.0
2024-03-11 14:30:00-04:00,65.66000366210938,65.6792984008789,65.66000366210938,65.6792984008789,0,0.0,0.0,0.0
2024-03-12 09:30:00-04:00,65.58999633789062,65.83300018310547,65.58999633789062,65.83000183105469,808,0.0,0.0,0.0
2024-03-12 10:30:00-04:00,66.12999725341797,66.12999725341797,66.12999725341797,66.12999725341797,288,0.0,0.0,0.0
2024-03-12 13:30:00-04:00,65.77999877929688,65.77999877929688,65.77999877929688,65.77999877929688,604,0.0,0.0,0.0
2024-03-12 15:30:00-04:00,65.95999908447266,66.03250122070312,65.95999908447266,66.03250122070312,0,0.0,0.0,0.0
2024-03-13 09:30:00-04:00,66.19000244140625,66.23999786376953,66.19000244140625,66.23999786376953,1690,0.0,0.0,0.0
2024-03-13 10:30:00-04:00,66.12999725341797,66.12999725341797,66.12999725341797,66.12999725341797,166,0.0,0.0,0.0
2024-03-13 11:30:00-04:00,66.32240295410156,66.32240295410156,66.32240295410156,66.32240295410156,213,0.0,0.0,0.0
2024-03-13 12:30:00-04:00,66.25,66.25,66.25,66.25,399,0.0,0.0,0.0
2024-03-13 14:30:00-04:00,66.36000061035156,66.36000061035156,66.36000061035156,66.36000061035156,219,0.0,0.0,0.0
2024-03-13 15:30:00-04:00,66.05000305175781,66.13410186767578,66.05000305175781,66.13410186767578,0,0.0,0.0,0.0
2024-03-14 09:30:00-04:00,66.1500015258789,66.1500015258789,65.6500015258789,65.6500015258789,1571,0.0,0.0,0.0
2024-03-14 15:30:00-04:00,65.44999694824219,65.44999694824219,65.44999694824219,65.44999694824219,0,0.0,0.0,0.0
2024-03-15 09:30:00-04:00,65.38610076904297,65.5999984741211,65.38610076904297,65.5999984741211,669,0.0,0.0,0.0
2024-03-15 11:30:00-04:00,65.55000305175781,65.55999755859375,65.55000305175781,65.55999755859375,805,0.0,0.0,0.0
2024-03-15 12:30:00-04:00,65.56999969482422,65.56999969482422,65.52880096435547,65.52880096435547,387,0.0,0.0,0.0
2024-03-18 10:30:00-04:00,65.75,65.75,65.75,65.75,0,0.0,0.0,0.0
2024-03-18 11:30:00-04:00,65.68599700927734,65.69999694824219,65.5073013305664,65.5073013305664,0,0.0,0.0,0.0
2024-03-19 10:30:00-04:00,65.50499725341797,65.58999633789062,65.50499725341797,65.58999633789062,785,0.0,0.0,0.0
2024-03-19 13:30:00-04:00,66.04000091552734,66.04000091552734,66.03990173339844,66.03990173339844,203,0.0,0.0,0.0
2024-03-19 14:30:00-04:00,66.01000213623047,66.03910064697266,66.01000213623047,66.03910064697266,0,0.0,0.0,0.0
2024-03-20 09:30:00-04:00,65.94999694824219,65.94999694824219,65.94999694824219,65.94999694824219,258,0.0,0.0,0.0
2024-03-20 10:30:00-04:00,66.0999984741211,66.0999984741211,66.0999984741211,66.0999984741211,221,0.0,0.0,0.0
2024-03-20 11:30:00-04:00,66.05999755859375,66.05999755859375,66.05000305175781,66.05000305175781,875,0.0,0.0,0.0
2024-03-20 15:30:00-04:00,67.0,67.0,66.87889862060547,66.87889862060547,141,0.0,0.0,0.0
2024-03-21 09:30:00-04:00,67.1500015258789,67.1500015258789,67.1500015258789,67.1500015258789,0,0.0,0.0,0.0
2024-03-21 15:30:00-04:00,67.51280212402344,67.51799774169922,67.51280212402344,67.51799774169922,0,0.0,0.0,0.0
2024-03-22 11:30:00-04:00,66.93000030517578,66.93009948730469,66.93000030517578,66.93009948730469,442,0.0,0.0,0.0
2024-03-22 15:30:00-04:00,66.91719818115234,66.91719818115234,66.81999969482422,66.81999969482422,657,0.0,0.0,0.0
2024-03-25 09:30:00-04:00,67.10540008544922,67.10540008544922,67.03990173339844,67.03990173339844,0,0.0,0.0,0.0
2024-03-25 11:30:00-04:00,66.98999786376953,66.98999786376953,66.98999786376953,66.98999786376953,1485,0.0,0.0,0.0
2024-03-25 13:30:00-04:00,66.94000244140625,66.94000244140625,66.94000244140625,66.94000244140625,264,0.0,0.0,0.0
2024-03-25 15:30:00-04:00,66.80999755859375,66.87000274658203,66.74189758300781,66.74189758300781,418,0.0,0.0,0.0
2024-03-26 09:30:00-04:00,67.0,67.0,67.0,67.0,0,0.0,0.0,0.0
2024-03-26 10:30:00-04:00,66.83000183105469,66.87799835205078,66.83000183105469,66.85189819335938,1264,0.0,0.0,0.0
2024-03-26 15:30:00-04:00,66.56999969482422,66.56999969482422,66.56999969482422,66.56999969482422,358,0.0,0.0,0.0
2024-03-27 09:30:00-04:00,66.91999816894531,66.91999816894531,66.91999816894531,66.91999816894531,0,0.0,0.0,0.0
2024-03-27 10:30:00-04:00,67.12000274658203,67.15380096435547,67.12000274658203,67.13009643554688,1843,0.0,0.0,0.0
2024-03-27 12:30:00-04:00,67.22000122070312,67.50430297851562,67.22000122070312,67.50430297851562,0,0.0,0.0,0.0
2024-03-28 12:30:00-04:00,67.94000244140625,67.94000244140625,67.94000244140625,67.94000244140625,183,0.0,0.0,0.0
2024-03-28 13:30:00-04:00,67.82499694824219,67.82499694824219,67.82499694824219,67.82499694824219,137,0.0,0.0,0.0
2024-03-28 14:30:00-04:00,67.85990142822266,67.90579986572266,67.85990142822266,67.90579986572266,366,0.0,0.0,0.0
2024-04-01 13:30:00-04:00,67.4738998413086,67.4738998413086,67.4738998413086,67.4738998413086,3359,0.0,0.0,0.0
2024-04-01 15:30:00-04:00,67.45999908447266,67.5365982055664,67.45999908447266,67.5365982055664,0,0.0,0.0,0.0
2024-04-02 09:30:00-04:00,67.06999969482422,67.06999969482422,66.74949645996094,66.74949645996094,671,0.0,0.0,0.0
2024-04-03 09:30:00-04:00,66.62000274658203,67.01029968261719,66.62000274658203,67.01029968261719,0,0.0,0.0,0.0
2024-04-04 12:30:00-04:00,67.5199966430664,67.5199966430664,67.5199966430664,67.5199966430664,181,0.0,0.0,0.0
2024-04-04 14:30:00-04:00,66.45999908447266,66.4800033569336,66.33100128173828,66.33100128173828,0,0.0,0.0,0.0
2024-04-05 10:30:00-04:00,66.76000213623047,66.91449737548828,66.76000213623047,66.91449737548828,369,0.0,0.0,0.0
2024-04-08 09:30:00-04:00,67.08999633789062,67.08999633789062,67.08999633789062,67.08999633789062,1094,0.0,0.0,0.0
2024-04-08 13:30:00-04:00,67.17169952392578,67.17169952392578,67.02780151367188,67.02780151367188,2017,0.0,0.0,0.0
2024-04-09 09:30:00-04:00,67.23999786376953,67.23999786376953,66.94000244140625,66.94989776611328,961,0.0,0.0,0.0
2024-04-09 10:30:00-04:00,66.33999633789062,66.52999877929688,66.33999633789062,66.52999877929688,432,0.0,0.0,0.0
2024-04-09 11:30:00-04:00,66.76699829101562,66.76699829101562,66.76699829101562,66.76699829101562,198,0.0,0.0,0.0
2024-04-09 15:30:00-04:00,66.9000015258789,66.9000015258789,66.8772964477539,66.8772964477539,411,0.0,0.0,0.0
2024-04-10 09:30:00-04:00,65.95999908447266,66.0199966430664,65.5999984741211,66.0199966430664,0,0.0,0.0,0.0
2024-04-10 10:30:00-04:00,66.25,66.25,65.79640197753906,65.79640197753906,0,0.0,0.0,0.0
2024-04-11 09:30:00-04:00,65.93000030517578,65.93000030517578,65.93000030517578,65.93000030517578,475,0.0,0.0,0.0
2024-04-11 11:30:00-04:00,65.75,65.75,65.75,65.75,127,0.0,0.0,0.0
2024-04-11 12:30:00-04:00,65.72000122070312,65.92400360107422,65.70010375976562,65.92400360107422,470,0.0,0.0,0.0
2024-04-11 13:30:00-04:00,66.05000305175781,66.05000305175781,65.91200256347656,65.91200256347656,0,0.0,0.0,0.0
2024-04-12 09:30:00-04:00,65.58000183105469,65.58000183105469,64.9312973022461,64.9312973022461,771,0.0,0.0,0.0
2024-04-15 09:30:00-04:00,65.44000244140625,65.44000244140625,65.44000244140625,65.44000244140625,0,0.0,0.0,0.0
2024-04-15 15:30:00-04:00,64.2605972290039,64.36509704589844,64.2605972290039,64.36509704589844,105,0.0,0.0,0.0
2024-04-16 09:30:00-04:00,64.19999694824219,64.19999694824219,63.77000045776367,63.77000045776367,0,0.0,0.0,0.0
2024-04-16 13:30:00-04:00,64.05000305175781,64.19300079345703,64.05000305175781,64.19300079345703,250,0.0,0.0,0.0
2024-04-17 09:30:00-04:00,64.55000305175781,64.55000305175781,64.55000305175781,64.55000305175781,0,0.0,0.0,0.0
2024-04-17 11:30:00-04:00,63.800498962402344,63.800498962402344,63.800498962402344,63.800498962402344,214,0.0,0.0,0.0
2024-04-17 15:30:00-04:00,63.65999984741211,63.65999984741211,63.65999984741211,63.65999984741211,0,0.0,0.0,0.0
2024-04-18 09:30:00-04:00,64.08209991455078,64.08209991455078,64.08209991455078,64.08209991455078,226,0.0,0.0,0.0
2024-04-18 11:30:00-04:00,64.20999908447266,64.20999908447266,64.20999908447266,64.20999908447266,832,0.0,0.0,0.0
2024-04-18 12:30:00-04:00,63.970001220703125,63.97990036010742,63.70009994506836,63.70009994506836,1346,0.0,0.0,0.0
2024-04-18 13:30:00-04:00,63.650001525878906,63.650001525878906,63.59550094604492,63.59550094604492,232,0.0,0.0,0.0
2024-04-19 09:30:00-04:00,62.97999954223633,62.97999954223633,62.97999954223633,62.97999954223633,0,0.0,0.0,0.0
2024-04-19 10:30:00-04:00,63.90999984741211,63.90999984741211,63.90999984741211,63.90999984741211,206,0.0,0.0,0.0
2024-04-19 13:30:00-04:00,63.88999938964844,63.88999938964844,63.880001068115234,63.88010025024414,814,0.0,0.0,0.0
2024-04-19 14:30:00-04:00,63.54999923706055,63.54999923706055,63.54999923706055,63.54999923706055,344,0.0,0.0,0.0
2024-04-22 09:30:00-04:00,63.900001525878906,64.08000183105469,63.900001525878906,64.05999755859375,1420,0.0,0.0,0.0
2024-04-22 10:30:00-04:00,64.05000305175781,64.05000305175781,64.05000305175781,64.05000305175781,150,0.0,0.0,0.0
2024-04-22 12:30:00-04:00,64.15799713134766,64.15799713134766,64.15799713134766,64.15799713134766,117,0.0,0.0,0.0
2024-04-22 13:30:00-04:00,64.58999633789062,64.58999633789062,64.58999633789062,64.58999633789062,602,0.0,0.0,0.0
2024-04-22 14:30:00-04:00,64.55000305175781,64.55000305175781,64.55000305175781,64.55000305175781,149,0.0,0.0,0.0
2024-04-22 15:30:00-04:00,64.44010162353516,64.44010162353516,64.35600280761719,64.35600280761719,0,0.0,0.0,0.0
2024-04-23 12:30:00-04:00,65.36000061035156,65.36000061035156,65.27120208740234,65.27120208740234,0,0.0,0.0,0.0
2024-04-24 09:30:00-04:00,65.4800033569336,65.4800033569336,65.4800033569336,65.4800033569336,173,0.0,0.0,0.0
2024-04-24 12:30:00-04:00,64.95590209960938,65.16000366210938,64.94029998779297,65.16000366210938,2279,0.0,0.0,0.0
2024-04-24 14:30:00-04:00,65.2300033569336,65.35540008544922,65.2300033569336,65.35540008544922,0,0.0,0.0,0.0
2024-04-25 09:30:00-04:00,64.75,64.96640014648438,64.75,64.96640014648438,2,0.0,0.0,0.0
2024-04-26 09:30:00-04:00,65.12999725341797,65.12999725341797,65.12999725341797,65.12999725341797,112,0.0,0.0,0.0
2024-04-26 10:30:00-04:00,65.23269653320312,65.23269653320312,65.20189666748047,65.20189666748047,836,0.0,0.0,0.0
2024-04-29 10:30:00-04:00,65.43000030517578,65.43000030517578,65.43000030517578,65.43000030517578,0,0.0,0.0,0.0
2024-04-29 14:30:00-04:00,65.30999755859375,65.49919891357422,65.30999755859375,65.49919891357422,213,0.0,0.0,0.0
2024-04-30 09:30:00-04:00,65.18000030517578,65.18000030517578,65.02200317382812,65.08999633789062,866,0.0,0.0,0.0
2024-04-30 10:30:00-04:00,65.0,65.0,65.0,65.0,170,0.0,0.0,0.0
2024-04-30 12:30:00-04:00,64.62000274658203,64.62000274658203,64.61990356445312,64.61990356445312,1279,0.0,0.0,0.0
2024-04-30 13:30:00-04:00,64.6500015258789,64.6500015258789,64.56999969482422,64.57009887695312,342,0.0,0.0,0.0
2024-04-30 14:30:00-04:00,64.47679901123047,64.47679901123047,64.26969909667969,64.26969909667969,153,0.0,0.0,0.0
2024-05-01 09:30:00-04:00,64.12999725341797,64.33660125732422,64.12999725341797,64.32250213623047,0,0.0,0.0,0.0
2024-05-01 11:30:00-04:00,64.12000274658203,64.12000274658203,64.12000274658203,64.12000274658203,163,0.0,0.0,0.0
2024-05-01 14:30:00-04:00,64.41999816894531,64.94010162353516,64.29170227050781,64.29170227050781,0,0.0,0.0,0.0
2024-05-02 10:30:00-04:00,64.75,64.75,64.75,64.75,447,0.0,0.0,0.0
2024-05-02 13:30:00-04:00,64.8740005493164,65.02790069580078,64.8740005493164,65.02790069580078,562,0.0,0.0,0.0
2024-05-03 09:30:00-04:00,65.80000305175781,65.80000305175781,65.80000305175781,65.80000305175781,210,0.0,0.0,0.0
2024-05-03 10:30:00-04:00,65.58999633789062,65.60919952392578,65.43000030517578,65.60919952392578,1094,0.0,0.0,0.0
2024-05-06 09:30:00-04:00,66.33999633789062,66.33999633789062,66.33999633789062,66.33999633789062,0,0.0,0.0,0.0
2024-05-06 11:30:00-04:00,66.2426986694336,66.2426986694336,66.2426986694336,66.2426986694336,2501,0.0,0.0,0.0
2024-05-06 12:30:00-04:00,66.20999908447266,66.32250213623047,66.20999908447266,66.32250213623047,0,0.0,0.0,0.0
2024-05-07 12:30:00-04:00,66.76000213623047,66.76000213623047,66.48909759521484,66.48909759521484,799,0.0,0.0,0.0
2024-05-08 09:30:00-04:00,66.08000183105469,66.2699966430664,66.08000183105469,66.2699966430664,0,0.0,0.0,0.0
2024-05-08 13:30:00-04:00,66.29499816894531,66.36650085449219,66.29499816894531,66.36650085449219,0,0.0,0.0,0.0
2024-05-09 09:30:00-04:00,66.5,66.5,66.5,66.5,287,0.0,0.0,0.0
2024-05-09 12:30:00-04:00,66.76000213623047,66.93240356445312,66.76000213623047,66.93240356445312,0,0.0,0.0,0.0
2024-05-10 10:30:00-04:00,66.91500091552734,66.91500091552734,66.8292007446289,66.8292007446289,263,0.0,0.0,0.0
2024-05-13 09:30:00-04:00,67.16999816894531,67.16999816894531,67.16999816894531,67.16999816894531,149,0.0,0.0,0.0
2024-05-13 12:30:00-04:00,66.84919738769531,66.84919738769531,66.84919738769531,66.84919738769531,333,0.0,0.0,0.0
2024-05-13 15:30:00-04:00,66.69999694824219,66.69999694824219,66.66380310058594,66.66380310058594,189,0.0,0.0,0.0
2024-05-14 09:30:00-04:00,66.87000274658203,67.1134033203125,66.83999633789062,67.1134033203125,0,0.0,0.0,0.0
2024-05-15 09:30:00-04:00,67.54000091552734,67.54000091552734,67.54000091552734,67.54000091552734,0,0.0,0.0,0.0
2024-05-15 10:30:00-04:00,67.5,67.5,67.5,67.5,129,0.0,0.0,0.0
2024-05-15 12:30:00-04:00,67.63999938964844,67.6780014038086,67.63999938964844,67.6780014038086,509,0.0,0.0,0.0
2024-05-15 15:30:00-04:00,67.69000244140625,67.69000244140625,67.69000244140625,67.69000244140625,349,0.0,0.0,0.0
2024-05-16 09:30:00-04:00,67.70999908447266,67.70999908447266,67.70999908447266,67.70999908447266,0,0.0,0.0,0.0
2024-05-16 15:30:00-04:00,67.37999725341797,67.37999725341797,67.34390258789062,67.34390258789062,0,0.0,0.0,0.0
2024-05-17 09:30:00-04:00,67.37000274658203,67.37000274658203,67.37000274658203,67.37000274658203,118,0.0,0.0,0.0
2024-05-17 10:30:00-04:00,67.38999938964844,67.38999938964844,67.38999938964844,67.38999938964844,367,0.0,0.0,0.0
2024-05-17 11:30:00-04:00,67.2699966430664,67.38939666748047,67.2699966430664,67.38939666748047,302,0.0,0.0,0.0
2024-05-20 12:30:00-04:00,67.66790008544922,67.66790008544922,67.66790008544922,67.66790008544922,0,0.0,0.0,0.0
2024-05-20 14:30:00-04:00,67.54000091552734,67.54000091552734,67.49909973144531,67.49909973144531,0,0.0,0.0,0.0
2024-05-21 09:30:00-04:00,67.27999877929688,67.38999938964844,67.27999877929688,67.3760986328125,911,0.0,0.0,0.0
2024-05-21 10:30:00-04:00,67.53990173339844,67.53990173339844,67.53990173339844,67.53990173339844,1566,0.0,0.0,0.0
2024-05-21 11:30:00-04:00,67.46990203857422,67.5280990600586,67.46990203857422,67.5280990600586,0,0.0,0.0,0.0
2024-05-22 09:30:00-04:00,67.30000305175781,67.30000305175781,67.30000305175781,67.30000305175781,810,0.0,0.0,0.0
2024-05-22 10:30:00-04:00,67.3499984741211,67.3499984741211,67.34989929199219,67.34989929199219,2379,0.0,0.0,0.0
2024-05-22 11:30:00-04:00,67.21800231933594,67.21800231933594,67.21800231933594,67.21800231933594,353,0.0,0.0,0.0
2024-05-22 12:30:00-04:00,67.36199951171875,67.36199951171875,67.36199951171875,67.36199951171875,982,0.0,0.0,0.0
2024-05-22 15:30:00-04:00,67.1500015258789,67.1500015258789,67.1500015258789,67.1500015258789,0,0.0,0.0,0.0
2024-05-23 09:30:00-04:00,67.4000015258789,67.4000015258789,67.0,67.0,287,0.0,0.0,0.0
2024-05-23 12:30:00-04:00,66.85549926757812,66.85549926757812,66.43250274658203,66.43250274658203,0,0.0,0.0,0.0
2024-05-24 09:30:00-04:00,66.78730010986328,66.78730010986328,66.78730010986328,66.78730010986328,208,0.0,0.0,0.0
2024-05-24 10:30:00-04:00,67.1500015258789,67.19000244140625,67.13189697265625,67.19000244140625,628,0.0,0.0,0.0
2024-05-24 11:30:00-04:00,67.08999633789062,67.13860321044922,67.08999633789062,67.13860321044922,1542,0.0,0.0,0.0
2024-05-28 10:30:00-04:00,67.19000244140625,67.19000244140625,67.19000244140625,67.19000244140625,0,0.0,0.0,0.0
2024-05-28 11:30:00-04:00,67.16999816894531,67.16999816894531,67.16999816894531,67.16999816894531,179,0.0,0.0,0.0
2024-05-28 13:30:00-04:00,66.89759826660156,66.89759826660156,66.87629699707031,66.87629699707031,366,0.0,0.0,0.0
2024-05-29 09:30:00-04:00,66.45999908447266,66.45999908447266,66.45999908447266,66.45999908447266,0,0.0,0.0,0.0
2024-05-29 12:30:00-04:00,66.14530181884766,66.14530181884766,66.14530181884766,66.14530181884766,203,0.0,0.0,0.0
2024-05-29 13:30:00-04:00,66.2300033569336,66.25849914550781,66.2300033569336,66.25849914550781,424,0.0,0.0,0.0
2024-05-29 14:30:00-04:00,66.19999694824219,66.19999694824219,66.13369750976562,66.13369750976562,0,0.0,0.0,0.0
2024-05-30 15:30:00-04:00,66.37999725341797,66.37999725341797,66.37999725341797,66.37999725341797,471,0.0,0.0,0.0
2024-05-31 09:30:00-04:00,66.61000061035156,66.61000061035156,66.61000061035156,66.61000061035156,0,0.0,0.0,0.0
2024-05-31 14:30:00-04:00,66.42250061035156,66.86489868164062,66.42250061035156,66.86489868164062,319,0.0,0.0,0.0
2024-06-03 09:30:00-04:00,67.19000244140625,67.19000244140625,66.83000183105469,66.83000183105469,2882,0.0,0.0,0.0
2024-06-03 10:30:00-04:00,66.37999725341797,66.37999725341797,66.37999725341797,66.37999725341797,743,0.0,0.0,0.0
2024-06-03 13:30:00-04:00,66.08999633789062,66.08999633789062,66.08999633789062,66.08999633789062,1200,0.0,0.0,0.0
2024-06-03 15:30:00-04:00,66.18060302734375,66.23680114746094,66.18060302734375,66.23680114746094,500,0.0,0.0,0.0
2024-06-04 09:30:00-04:00,66.02999877929688,66.02999877929688,66.02999877929688,66.02999877929688,0,0.0,0.0,0.0
2024-06-04 10:30:00-04:00,65.66000366210938,65.66999816894531,65.6343002319336,65.66999816894531,1105,0.0,0.0,0.0
2024-06-04 11:30:00-04:00,65.58999633789062,65.5999984741211,65.58999633789062,65.5999984741211,5694,0.0,0.0,0.0
2024-06-04 15:30:00-04:00,65.44640350341797,65.533203125,65.44640350341797,65.533203125,0,0.0,0.0,0.0
2024-06-05 09:30:00-04:00,65.83000183105469,65.83000183105469,65.83000183105469,65.83000183105469,248,0.0,0.0,0.0
2024-06-05 10:30:00-04:00,65.8499984741211,65.86000061035156,65.8499984741211,65.8499984741211,823,0.0,0.0,0.0
2024-06-05 12:30:00-04:00,66.12000274658203,66.1500015258789,66.12000274658203,66.1500015258789,412,0.0,0.0,0.0
2024-06-05 15:30:00-04:00,66.2300033569336,66.23829650878906,66.2300033569336,66.23829650878906,364,0.0,0.0,0.0
2024-06-06 09:30:00-04:00,66.1500015258789,66.1500015258789,66.1500015258789,66.1500015258789,0,0.0,0.0,0.0
2024-06-06 10:30:00-04:00,66.0,66.0,66.0,66.0,827,0.0,0.0,0.0
2024-06-06 11:30:00-04:00,66.02999877929688,66.02999877929688,66.02999877929688,66.02999877929688,190,0.0,0.0,0.0
2024-06-06 12:30:00-04:00,65.85559844970703,65.85559844970703,65.85559844970703,65.85559844970703,628,0.0,0.0,0.0
2024-06-06 15:30:00-04:00,65.81999969482422,65.8832015991211,65.81999969482422,65.8832015991211,345,0.0,0.0,0.0
2024-06-07 09:30:00-04:00,65.63999938964844,65.63999938964844,65.63999938964844,65.63999938964844,0,0.0,0.0,0.0
2024-06-07 11:30:00-04:00,65.66000366210938,65.66000366210938,65.66000366210938,65.66000366210938,519,0.0,0.0,0.0
2024-06-10 09:30:00-04:00,65.37000274658203,65.37000274658203,65.30999755859375,65.30999755859375,744,0.0,0.0,0.0
2024-06-10 14:30:00-04:00,65.79000091552734,65.81700134277344,65.79000091552734,65.81700134277344,413,0.0,0.0,0.0
2024-06-11 09:30:00-04:00,65.5999984741211,65.5999984741211,65.5999984741211,65.5999984741211,0,0.0,0.0,0.0
2024-06-11 10:30:00-04:00,65.40380096435547,65.40380096435547,65.40380096435547,65.40380096435547,143,0.0,0.0,0.0
2024-06-11 13:30:00-04:00,65.65399932861328,65.65399932861328,65.65399932861328,65.65399932861328,314,0.0,0.0,0.0
2024-06-11 15:30:00-04:00,65.63999938964844,65.6500015258789,65.61000061035156,65.6135025024414,952,0.0,0.0,0.0
2024-06-12 09:30:00-04:00,66.52999877929688,66.84760284423828,66.51000213623047,66.72010040283203,0,0.0,0.0,0.0
2024-06-12 10:30:00-04:00,66.80879974365234,66.80879974365234,66.80879974365234,66.80879974365234,411,0.0,0.0,0.0
2024-06-12 14:30:00-04:00,66.447998046875,66.447998046875,66.447998046875,66.447998046875,232,0.0,0.0,0.0
2024-06-12 15:30:00-04:00,66.43150329589844,66.43150329589844,66.41010284423828,66.42310333251953,0,0.0,0.0,0.0
2024-06-13 09:30:00-04:00,66.30999755859375,66.30999755859375,66.30999755859375,66.30999755859375,492,0.0,0.0,0.0
2024-06-13 15:30:00-04:00,66.02999877929688,66.02999877929688,66.01000213623047,66.0199966430664,367,0.0,0.0,0.0
2024-06-14 09:30:00-04:00,65.61000061035156,65.61000061035156,65.61000061035156,65.61000061035156,0,0.0,0.0,0.0
2024-06-14 12:30:00-04:00,65.02999877929688,65.02999877929688,65.0199966430664,65.0199966430664,929,0.0,0.0,0.0
2024-06-14 15:30:00-04:00,65.16999816894531,65.17559814453125,65.16999816894531,65.17559814453125,100,0.0,0.0,0.0
2024-06-17 10:30:00-04:00,65.11000061035156,65.11009979248047,65.11000061035156,65.11009979248047,0,0.0,0.0,0.0
2024-06-17 13:30:00-04:00,65.59500122070312,65.81199645996094,65.59500122070312,65.81199645996094,284,0.0,0.0,0.0
2024-06-18 09:30:00-04:00,65.8499984741211,65.8644027709961,65.8499984741211,65.8644027709961,0,0.0,0.0,0.0
2024-06-18 10:30:00-04:00,65.8499984741211,65.8499984741211,65.8499984741211,65.8499984741211,679,0.0,0.0,0.0
2024-06-18 11:30:00-04:00,65.96829986572266,65.96829986572266,65.96829986572266,65.96829986572266,498,0.0,0.0,0.0
2024-06-18 14:30:00-04:00,66.12000274658203,66.12960052490234,66.12000274658203,66.12960052490234,271,0.0,0.0,0.0
2024-06-18 15:30:00-04:00,66.0,66.0,65.98999786376953,65.98999786376953,565,0.0,0.0,0.0
2024-06-20 13:30:00-04:00,65.96990203857422,65.96990203857422,65.83170318603516,65.83170318603516,0,0.0,0.0,0.0
2024-06-21 10:30:00-04:00,65.66790008544922,65.72799682617188,65.66790008544922,65.72799682617188,711,0.0,0.0,0.0
2024-06-21 11:30:00-04:00,65.76000213623047,65.76000213623047,65.76000213623047,65.76000213623047,275,0.0,0.0,0.0
2024-06-21 12:30:00-04:00,65.69000244140625,65.69000244140625,65.69000244140625,65.69000244140625,196,0.0,0.0,0.0
2024-06-21 14:30:00-04:00,65.66999816894531,65.89669799804688,65.66999816894531,65.89669799804688,282,0.0,0.0,0.0
2024-06-24 09:30:00-04:00,66.25,66.36409759521484,66.25,66.36409759521484,303,0.0,0.0,0.0
2024-06-24 14:30:00-04:00,66.37999725341797,66.37999725341797,66.37999725341797,66.37999725341797,202,0.0,0.0,0.0
2024-06-24 15:30:00-04:00,66.36000061035156,66.36000061035156,66.19000244140625,66.21199798583984,0,0.0,0.0,0.0
2024-06-25 11:30:00-04:00,65.95600128173828,65.95600128173828,65.95600128173828,65.95600128173828,0,0.0,0.0,0.0
2024-06-26 09:30:00-04:00,65.69999694824219,65.69999694824219,65.69999694824219,65.69999694824219,106,0.0,0.0,0.0
2024-06-26 11:30:00-04:00,65.80999755859375,65.82980346679688,65.7300033569336,65.82980346679688,0,0.0,0.0,0.0
2024-06-27 10:30:00-04:00,65.93769836425781,65.93769836425781,65.93769836425781,65.93769836425781,689,0.0,0.0,0.0
2024-06-27 15:30:00-04:00,65.9800033569336,65.9800033569336,65.9800033569336,65.9800033569336,523,0.0,0.0,0.0
2024-06-28 09:30:00-04:00,66.23999786376953,66.5,66.23999786376953,66.5,0,0.0,0.0,0.0
2024-06-28 10:30:00-04:00,66.62000274658203,66.62000274658203,66.62000274658203,66.62000274658203,509,0.0,0.0,0.0
2024-06-28 12:30:00-04:00,66.32499694824219,66.32499694824219,66.28060150146484,66.28060150146484,316,0.0,0.0,0.0
2024-07-01 09:30:00-04:00,66.43000030517578,66.43000030517578,66.43000030517578,66.43000030517578,0,0.0,0.0,0.0
2024-07-01 11:30:00-04:00,65.86000061035156,65.86000061035156,65.86000061035156,65.86000061035156,139,0.0,0.0,0.0
2024-07-01 12:30:00-04:00,65.97000122070312,66.0022964477539,65.97000122070312,66.0022964477539,0,0.0,0.0,0.0
2024-07-02 11:30:00-04:00,66.01000213623047,66.13050079345703,66.01000213623047,66.13050079345703,847,0.0,0.0,0.0
2024-07-03 09:30:00-04:00,66.26000213623047,66.26000213623047,66.26000213623047,66.26000213623047,0,0.0,0.0,0.0
2024-07-03 12:30:00-04:00,66.2300033569336,66.2300033569336,66.2300033569336,66.2300033569336,130,0.0,0.0,0.0
2024-07-05 09:30:00-04:00,66.1500015258789,66.1500015258789,66.1500015258789,66.1500015258789,544,0.0,0.0,0.0
2024-07-05 15:30:00-04:00,65.80999755859375,65.90579986572266,65.80999755859375,65.90579986572266,466,0.0,0.0,0.0
2024-07-08 09:30:00-04:00,66.06999969482422,66.30999755859375,66.06999969482422,66.30999755859375,0,0.0,0.0,0.0
2024-07-08 10:30:00-04:00,66.26010131835938,66.26010131835938,66.23300170898438,66.23300170898438,504,0.0,0.0,0.0
2024-07-08 11:30:00-04:00,66.01000213623047,66.0199966430664,66.01000213623047,66.0199966430664,433,0.0,0.0,0.0
2024-07-08 13:30:00-04:00,66.05010223388672,66.05010223388672,66.05010223388672,66.05010223388672,218,0.0,0.0,0.0
2024-07-08 14:30:00-04:00,66.07530212402344,66.07530212402344,66.05120086669922,66.05120086669922,849,0.0,0.0,0.0
2024-07-09 09:30:00-04:00,66.0199966430664,66.0199966430664,65.93000030517578,65.947998046875,0,0.0,0.0,0.0
2024-07-09 14:30:00-04:00,66.0083999633789,66.0083999633789,65.9000015258789,65.9000015258789,1179,0.0,0.0,0.0
2024-07-09 15:30:00-04:00,65.90029907226562,65.91999816894531,65.85140228271484,65.85140228271484,0,0.0,0.0,0.0
2024-07-10 09:30:00-04:00,66.0199966430664,66.0199966430664,66.0199966430664,66.0199966430664,179,0.0,0.0,0.0
2024-07-10 10:30:00-04:00,65.99629974365234,65.99629974365234,65.99629974365234,65.99629974365234,0,0.0,0.0,0.0
2024-07-10 14:30:00-04:00,66.30999755859375,66.57340240478516,66.30999755859375,66.57340240478516,2912,0.0,0.0,0.0
2024-07-11 09:30:00-04:00,67.19999694824219,67.4800033569336,67.19999694824219,67.4800033569336,0,0.0,0.0,0.0
2024-07-11 11:30:00-04:00,67.681396484375,67.681396484375,67.681396484375,67.681396484375,180,0.0,0.0,0.0
2024-07-11 12:30:00-04:00,67.62100219726562,67.62100219726562,67.5999984741211,67.5999984741211,736,0.0,0.0,0.0
2024-07-11 14:30:00-04:00,67.75,67.77999877929688,67.63999938964844,67.6500015258789,28129,0.0,0.0,0.0
2024-07-11 15:30:00-04:00,67.91000366210938,67.91000366210938,67.83000183105469,67.83000183105469,0,0.0,0.0,0.0
2024-07-12 09:30:00-04:00,68.30000305175781,68.33799743652344,68.20220184326172,68.33799743652344,8170,0.0,0.0,0.0
2024-07-12 11:30:00-04:00,68.5,68.5,68.5,68.5,400,0.0,0.0,0.0
2024-07-12 12:30:00-04:00,68.48999786376953,68.56999969482422,68.48999786376953,68.56999969482422,813,0.0,0.0,0.0
2024-07-12 13:30:00-04:00,68.68000030517578,68.68000030517578,68.58999633789062,68.58999633789062,500,0.0,0.0,0.0
2024-07-12 14:30:00-04:00,68.58999633789062,68.63999938964844,68.55999755859375,68.55999755859375,927,0.0,0.0,0.0
2024-07-12 15:30:00-04:00,68.58999633789062,68.58999633789062,68.41999816894531,68.41999816894531,1641,0.0,0.0,0.0
2024-07-15 09:30:00-04:00,68.63999938964844,68.98470306396484,68.63999938964844,68.98470306396484,0,0.0,0.0,0.0
2024-07-16 09:30:00-04:00,69.33999633789062,70.0,69.33999633789062,69.91999816894531,2480,0.0,0.0,0.0
2024-07-16 10:30:00-04:00,70.05059814453125,70.2300033569336,70.05059814453125,70.2300033569336,1069,0.0,0.0,0.0
2024-07-16 12:30:00-04:00,70.22000122070312,70.72989654541016,70.21990203857422,70.72989654541016,0,0.0,0.0,0.0
2024-07-17 09:30:00-04:00,70.21389770507812,70.21389770507812,70.21389770507812,70.21389770507812,0,0.0,0.0,0.0
2024-07-17 11:30:00-04:00,70.2699966430664,70.2699966430664,70.1405029296875,70.1405029296875,3775,0.0,0.0,0.0
2024-07-17 15:30:00-04:00,69.94999694824219,69.94999694824219,69.82969665527344,69.82969665527344,168,0.0,0.0,0.0
2024-07-18 09:30:00-04:00,69.76000213623047,69.76000213623047,69.76000213623047,69.76000213623047,0,0.0,0.0,0.0
2024-07-18 10:30:00-04:00,69.91010284423828,69.91010284423828,69.91010284423828,69.91010284423828,398,0.0,0.0,0.0
2024-07-18 12:30:00-04:00,69.58000183105469,69.58000183105469,69.58000183105469,69.58000183105469,341,0.0,0.0,0.0
2024-07-18 15:30:00-04:00,69.13999938964844,69.13999938964844,69.13999938964844,69.13999938964844,0,0.0,0.0,0.0
2024-07-19 09:30:00-04:00,69.08999633789062,69.08999633789062,69.08999633789062,69.08999633789062,3221,0.0,0.0,0.0
2024-07-19 12:30:00-04:00,68.8583984375,68.8583984375,68.8583984375,68.8583984375,302,0.0,0.0,0.0
2024-07-22 09:30:00-04:00,68.68000030517578,68.68000030517578,68.68000030517578,68.68000030517578,0,0.0,0.0,0.0
2024-07-22 10:30:00-04:00,69.16000366210938,69.302001953125,69.1500015258789,69.302001953125,2107,0.0,0.0,0.0
2024-07-22 11:30:00-04:00,69.25,69.25,69.25,69.25,140,0.0,0.0,0.0
2024-07-22 13:30:00-04:00,69.62999725341797,69.82340240478516,69.58000183105469,69.82340240478516,474,0.0,0.0,0.0
2024-07-23 09:30:00-04:00,69.68000030517578,69.76000213623047,69.66000366210938,69.76000213623047,827,0.0,0.0,0.0
2024-07-23 10:30:00-04:00,70.06999969482422,70.06999969482422,70.02999877929688,70.02999877929688,224,0.0,0.0,0.0
2024-07-23 13:30:00-04:00,70.1449966430664,70.1449966430664,70.11000061035156,70.1449966430664,869,0.0,0.0,0.0
2024-07-23 15:30:00-04:00,70.08999633789062,70.08999633789062,69.9634017944336,69.9634017944336,178,0.0,0.0,0.0
2024-07-24 09:30:00-04:00,69.66000366210938,69.66000366210938,68.5199966430664,68.5199966430664,1460,0.0,0.0,0.0
2024-07-25 09:30:00-04:00,68.72000122070312,69.0199966430664,68.72000122070312,69.0199966430664,0,0.0,0.0,0.0
2024-07-25 11:30:00-04:00,69.52999877929688,69.52999877929688,69.52999877929688,69.52999877929688,206,0.0,0.0,0.0
2024-07-25 14:30:00-04:00,69.20999908447266,69.20999908447266,69.20999908447266,69.20999908447266,10830,0.0,0.0,0.0
2024-07-25 15:30:00-04:00,69.37000274658203,69.37000274658203,69.1604995727539,69.1604995727539,0,0.0,0.0,0.0
2024-07-26 09:30:00-04:00,69.66000366210938,69.66000366210938,69.66000366210938,69.66000366210938,0,0.0,0.0,0.0
2024-07-26 12:30:00-04:00,70.1760025024414,70.1760025024414,70.1760025024414,70.1760025024414,937,0.0,0.0,0.0
2024-07-26 13:30:00-04:00,70.11759948730469,70.11759948730469,70.11759948730469,70.11759948730469,208,0.0,0.0,0.0
2024-07-26 14:30:00-04:00,70.06999969482422,70.06999969482422,70.06999969482422,70.06999969482422,206,0.0,0.0,0.0
2024-07-26 15:30:00-04:00,70.12999725341797,70.12999725341797,70.12850189208984,70.12850189208984,171,0.0,0.0,0.0
2024-07-29 09:30:00-04:00,70.2699966430664,70.43000030517578,70.2699966430664,70.43000030517578,0,0.0,0.0,0.0
2024-07-29 10:30:00-04:00,69.79000091552734,69.79000091552734,69.79000091552734,69.79000091552734,28838,0.0,0.0,0.0
2024-07-29 13:30:00-04:00,69.80999755859375,69.80999755859375,69.80999755859375,69.80999755859375,301,0.0,0.0,0.0
2024-07-29 15:30:00-04:00,70.02999877929688,70.02999877929688,69.9135971069336,69.9135971069336,0,0.0,0.0,0.0
2024-07-30 09:30:00-04:00,70.37000274658203,70.37000274658203,70.37000274658203,70.37000274658203,0,0.0,0.0,0.0
2024-07-30 12:30:00-04:00,69.83000183105469,69.83000183105469,69.83000183105469,69.83000183105469,520,0.0,0.0,0.0
2024-07-30 13:30:00-04:00,69.94499969482422,69.94499969482422,69.94499969482422,69.94499969482422,194,0.0,0.0,0.0
2024-07-30 14:30:00-04:00,69.98999786376953,70.0199966430664,69.98999786376953,70.0199966430664,824,0.0,0.0,0.0
2024-07-30 15:30:00-04:00,70.23999786376953,70.72209930419922,70.15560150146484,70.72209930419922,0,0.0,0.0,0.0
2024-08-01 13:30:00-04:00,68.74590301513672,68.74590301513672,68.74590301513672,68.74590301513672,0,0.0,0.0,0.0
2024-08-01 14:30:00-04:00,68.5780029296875,68.92859649658203,68.5780029296875,68.59500122070312,1087,0.0,0.0,0.0
2024-08-02 09:30:00-04:00,67.45999908447266,67.45999908447266,67.45999908447266,67.45999908447266,68,0.0,0.0,0.0
2024-08-02 11:30:00-04:00,66.66000366210938,66.69999694824219,66.66000366210938,66.69999694824219,329,0.0,0.0,0.0
2024-08-02 13:30:00-04:00,66.72769927978516,66.997802734375,66.72769927978516,66.997802734375,2046,0.0,0.0,0.0
2024-08-05 09:30:00-04:00,64.37999725341797,64.70999908447266,64.37999725341797,64.70999908447266,0,0.0,0.0,0.0
2024-08-05 11:30:00-04:00,65.44999694824219,65.45999908447266,65.44999694824219,65.44999694824219,1027,0.0,0.0,0.0
2024-08-05 14:30:00-04:00,65.12000274658203,65.12000274658203,65.12000274658203,65.12000274658203,142,0.0,0.0,0.0
2024-08-05 15:30:00-04:00,65.13999938964844,65.13999938964844,65.13999938964844,65.13999938964844,154,0.0,0.0,0.0
2024-08-06 09:30:00-04:00,65.38999938964844,65.38999938964844,65.34500122070312,65.34500122070312,0,0.0,0.0,0.0
2024-08-06 10:30:00-04:00,66.03700256347656,66.42070007324219,66.03700256347656,66.27189636230469,1422,0.0,0.0,0.0
2024-08-06 11:30:00-04:00,65.87999725341797,65.87999725341797,65.87999725341797,65.87999725341797,188,0.0,0.0,0.0
2024-08-06 14:30:00-04:00,66.59369659423828,66.59369659423828,66.59369659423828,66.59369659423828,281,0.0,0.0,0.0
2024-08-06 15:30:00-04:00,66.0,66.01000213623047,65.89540100097656,65.89540100097656,0,0.0,0.0,0.0
2024-08-07 09:30:00-04:00,66.69999694824219,66.69999694824219,66.58999633789062,66.58999633789062,996,0.0,0.0,0.0
2024-08-07 10:30:00-04:00,66.38999938964844,66.50499725341797,66.38999938964844,66.50499725341797,1066,0.0,0.0,0.0
2024-08-07 11:30:00-04:00,66.24500274658203,66.24500274658203,66.24500274658203,66.24500274658203,146,0.0,0.0,0.0
2024-08-07 12:30:00-04:00,66.05999755859375,66.05999755859375,66.05999755859375,66.05999755859375,224,0.0,0.0,0.0
2024-08-07 14:30:00-04:00,65.302001953125,65.302001953125,65.302001953125,65.302001953125,306,0.0,0.0,0.0
2024-08-07 15:30:00-04:00,65.47480010986328,65.47480010986328,65.14790344238281,65.14790344238281,0,0.0,0.0,0.0
2024-08-08 09:30:00-04:00,65.81999969482422,65.81999969482422,65.81999969482422,65.81999969482422,2047,0.0,0.0,0.0
2024-08-08 15:30:00-04:00,66.61000061035156,66.66000366210938,66.61000061035156,66.66000366210938,1070,0.0,0.0,0.0
2024-08-09 09:30:00-04:00,66.72000122070312,66.75,66.7125015258789,66.7125015258789,0,0.0,0.0,0.0
2024-08-12 09:30:00-04:00,66.83999633789062,66.83999633789062,66.83999633789062,66.83999633789062,466,0.0,0.0,0.0
2024-08-12 15:30:00-04:00,66.37999725341797,66.37999725341797,66.33419799804688,66.33419799804688,0,0.0,0.0,0.0
2024-08-13 09:30:00-04:00,66.7699966430664,66.7699966430664,66.7699966430664,66.7699966430664,300,0.0,0.0,0.0
2024-08-13 12:30:00-04:00,67.04000091552734,67.04000091552734,67.04000091552734,67.04000091552734,524,0.0,0.0,0.0
2024-08-13 15:30:00-04:00,67.31089782714844,67.31089782714844,67.17829895019531,67.17829895019531,0,0.0,0.0,0.0
2024-08-14 09:30:00-04:00,67.3499984741211,67.3499984741211,67.3499984741211,67.3499984741211,288,0.0,0.0,0.0
2024-08-14 10:30:00-04:00,67.0,67.0,67.0,67.0,1075,0.0,0.0,0.0
2024-08-14 11:30:00-04:00,67.3499984741211,67.3499984741211,67.19509887695312,67.19509887695312,0,0.0,0.0,0.0
2024-08-15 09:30:00-04:00,68.19000244140625,68.19000244140625,68.19000244140625,68.19000244140625,1125,0.0,0.0,0.0
2024-08-15 10:30:00-04:00,68.30500030517578,68.30500030517578,68.30500030517578,68.30500030517578,366,0.0,0.0,0.0
2024-08-15 11:30:00-04:00,68.51000213623047,68.51000213623047,68.51000213623047,68.51000213623047,352,0.0,0.0,0.0
2024-08-15 12:30:00-04:00,68.56999969482422,68.61000061035156,68.56999969482422,68.61000061035156,2134,0.0,0.0,0.0
2024-08-15 13:30:00-04:00,68.66010284423828,68.66010284423828,68.66010284423828,68.66010284423828,309,0.0,0.0,0.0
2024-08-15 14:30:00-04:00,68.69999694824219,68.69999694824219,68.44490051269531,68.44490051269531,0,0.0,0.0,0.0
2024-08-16 09:30:00-04:00,68.48999786376953,68.7699966430664,68.48999786376953,68.7699966430664,794,0.0,0.0,0.0
2024-08-16 10:30:00-04:00,68.3499984741211,68.3499984741211,68.3499984741211,68.3499984741211,134,0.0,0.0,0.0
2024-08-16 13:30:00-04:00,68.65989685058594,68.65989685058594,68.57080078125,68.57080078125,169,0.0,0.0,0.0
2024-08-19 09:30:00-04:00,68.7300033569336,68.7300033569336,68.7300033569336,68.7300033569336,0,0.0,0.0,0.0
2024-08-19 10:30:00-04:00,68.9000015258789,68.9000015258789,68.9000015258789,68.9000015258789,274,0.0,0.0,0.0
2024-08-19 11:30:00-04:00,68.95010375976562,68.95010375976562,68.95010375976562,68.95010375976562,119,0.0,0.0,0.0
2024-08-19 13:30:00-04:00,69.08999633789062,69.0999984741211,69.04669952392578,69.08000183105469,9231,0.0,0.0,0.0
2024-08-19 14:30:00-04:00,69.06559753417969,69.13529968261719,69.06559753417969,69.13529968261719,1652,0.0,0.0,0.0
2024-08-20 09:30:00-04:00,69.12999725341797,69.12999725341797,69.12999725341797,69.12999725341797,0,0.0,0.0,0.0
2024-08-20 11:30:00-04:00,68.60890197753906,68.66999816894531,68.60890197753906,68.66999816894531,3062,0.0,0.0,0.0
2024-08-20 15:30:00-04:00,68.66000366210938,68.66999816894531,68.58110046386719,68.58110046386719,1200,0.0,0.0,0.0
2024-08-21 09:30:00-04:00,68.91999816894531,68.93000030517578,68.91999816894531,68.93000030517578,0,0.0,0.0,0.0
2024-08-21 13:30:00-04:00,69.26000213623047,69.26000213623047,69.26000213623047,69.26000213623047,808,0.0,0.0,0.0
2024-08-21 14:30:00-04:00,69.19499969482422,69.19499969482422,69.16000366210938,69.18000030517578,2951,0.0,0.0,0.0
2024-08-21 15:30:00-04:00,69.23999786376953,69.41999816894531,69.2300033569336,69.41999816894531,873,0.0,0.0,0.0
2024-08-22 09:30:00-04:00,69.4800033569336,69.4800033569336,69.04119873046875,69.04119873046875,0,0.0,0.0,0.0
2024-08-23 09:30:00-04:00,69.5999984741211,70.36000061035156,69.55999755859375,70.16000366210938,1186,0.0,0.0,0.0
2024-08-23 10:30:00-04:00,70.4000015258789,70.45870208740234,70.18000030517578,70.45870208740234,1501,0.0,0.0,0.0
2024-08-23 11:30:00-04:00,70.75,70.75,70.30999755859375,70.30999755859375,298,0.0,0.0,0.0
2024-08-23 12:30:00-04:00,70.36000061035156,70.4000015258789,70.36000061035156,70.4000015258789,296,0.0,0.0,0.0
2024-08-23 13:30:00-04:00,70.45999908447266,70.52989959716797,70.45999908447266,70.52989959716797,244,0.0,0.0,0.0
2024-08-23 14:30:00-04:00,70.4800033569336,70.4800033569336,70.4800033569336,70.4800033569336,177,0.0,0.0,0.0
2024-08-23 15:30:00-04:00,70.55999755859375,70.56999969482422,70.55999755859375,70.56999969482422,232,0.0,0.0,0.0
2024-08-26 09:30:00-04:00,70.94999694824219,71.03489685058594,70.87190246582031,70.87190246582031,0,0.0,0.0,0.0
2024-08-26 11:30:00-04:00,70.5999984741211,70.5999984741211,70.5999984741211,70.5999984741211,116,0.0,0.0,0.0
2024-08-26 13:30:00-04:00,70.56999969482422,70.56999969482422,70.41999816894531,70.41999816894531,909,0.0,0.0,0.0
2024-08-26 14:30:00-04:00,70.51000213623047,70.51000213623047,70.51000213623047,70.51000213623047,148,0.0,0.0,0.0
2024-08-26 15:30:00-04:00,70.45999908447266,70.5,70.33999633789062,70.34040069580078,2213,0.0,0.0,0.0
2024-08-27 09:30:00-04:00,70.19000244140625,70.19000244140625,70.08999633789062,70.08999633789062,0,0.0,0.0,0.0
2024-08-27 11:30:00-04:00,70.03500366210938,70.03500366210938,70.03500366210938,70.03500366210938,150,0.0,0.0,0.0
2024-08-27 12:30:00-04:00,70.08000183105469,70.11000061035156,70.08000183105469,70.11000061035156,1201,0.0,0.0,0.0
2024-08-27 14:30:00-04:00,70.2300033569336,70.2300033569336,70.2300033569336,70.2300033569336,100,0.0,0.0,0.0
2024-08-27 15:30:00-04:00,70.13999938964844,70.16000366210938,70.13999938964844,70.16000366210938,208,0.0,0.0,0.0
2024-08-28 09:30:00-04:00,69.98999786376953,70.01000213623047,69.98999786376953,70.01000213623047,0,0.0,0.0,0.0
2024-08-28 11:30:00-04:00,69.80999755859375,69.80999755859375,69.80999755859375,69.80999755859375,702,0.0,0.0,0.0
2024-08-28 12:30:00-04:00,69.79000091552734,69.80000305175781,69.79000091552734,69.80000305175781,0,0.0,0.0,0.0
2024-08-29 09:30:00-04:00,70.16000366210938,70.16000366210938,70.16000366210938,70.16000366210938,200,0.0,0.0,0.0
2024-08-29 10:30:00-04:00,70.47000122070312,70.47000122070312,70.47000122070312,70.47000122070312,166,0.0,0.0,0.0
2024-08-29 11:30:00-04:00,70.62000274658203,70.62000274658203,70.1321029663086,70.1321029663086,0,0.0,0.0,0.0
2024-08-30 09:30:00-04:00,70.41120147705078,70.41120147705078,70.30999755859375,70.30999755859375,602,0.0,0.0,0.0
2024-08-30 11:30:00-04:00,70.06880187988281,70.06880187988281,70.06880187988281,70.06880187988281,206,0.0,0.0,0.0
2024-08-30 14:30:00-04:00,70.16999816894531,70.67990112304688,70.16999816894531,70.67990112304688,177,0.0,0.0,0.0
2024-09-03 09:30:00-04:00,70.22000122070312,70.22000122070312,70.05000305175781,70.05000305175781,394,0.0,0.0,0.0
2024-09-03 13:30:00-04:00,69.18000030517578,69.18000030517578,69.18000030517578,69.18000030517578,1971,0.0,0.0,0.0
2024-09-03 14:30:00-04:00,69.0,69.0,69.0,69.0,458,0.0,0.0,0.0
2024-09-03 15:30:00-04:00,68.80000305175781,68.80000305175781,68.80000305175781,68.80000305175781,473,0.0,0.0,0.0
2024-09-04 09:30:00-04:00,68.73999786376953,68.73999786376953,68.62000274658203,68.62000274658203,0,0.0,0.0,0.0
2024-09-04 11:30:00-04:00,68.75,68.75,68.61519622802734,68.61519622802734,0,0.0,0.0,0.0
2024-09-05 09:30:00-04:00,68.68000030517578,68.68000030517578,68.34439849853516,68.56999969482422,1306,0.0,0.0,0.0
2024-09-05 15:30:00-04:00,68.05000305175781,68.05000305175781,67.93000030517578,67.93000030517578,0,0.0,0.0,0.0
2024-09-06 09:30:00-04:00,68.08000183105469,68.43000030517578,68.08000183105469,68.43000030517578,2554,0.0,0.0,0.0
2024-09-06 15:30:00-04:00,67.0199966430664,67.0199966430664,67.0199966430664,67.0199966430664,193,0.0,0.0,0.0
2024-09-09 10:30:00-04:00,67.48999786376953,67.48999786376953,67.48999786376953,67.48999786376953,670,0.0,0.0,0.0
2024-09-09 14:30:00-04:00,67.52100372314453,67.52100372314453,67.47250366210938,67.47250366210938,0,0.0,0.0,0.0
2024-09-10 09:30:00-04:00,67.72000122070312,67.72000122070312,67.72000122070312,67.72000122070312,220,0.0,0.0,0.0
2024-09-10 10:30:00-04:00,67.33999633789062,67.33999633789062,67.33999633789062,67.33999633789062,264,0.0,0.0,0.0
2024-09-10 14:30:00-04:00,67.27410125732422,67.27410125732422,67.27410125732422,67.27410125732422,136,0.0,0.0,0.0
2024-09-10 15:30:00-04:00,67.22000122070312,67.37259674072266,67.22000122070312,67.37259674072266,0,0.0,0.0,0.0
2024-09-11 09:30:00-04:00,67.26000213623047,67.26000213623047,67.26000213623047,67.26000213623047,246,0.0,0.0,0.0
2024-09-11 15:30:00-04:00,67.62000274658203,67.69000244140625,67.62000274658203,67.68000030517578,2224,0.0,0.0,0.0
2024-09-12 09:30:00-04:00,67.80999755859375,67.80999755859375,67.80999755859375,67.80999755859375,0,0.0,0.0,0.0
2024-09-12 13:30:00-04:00,68.4540023803711,68.4540023803711,68.4540023803711,68.4540023803711,243,0.0,0.0,0.0
2024-09-12 15:30:00-04:00,68.30000305175781,68.30000305175781,68.28469848632812,68.28469848632812,0,0.0,0.0,0.0
2024-09-13 09:30:00-04:00,68.70999908447266,69.11000061035156,68.70999908447266,69.11000061035156,1508,0.0,0.0,0.0
2024-09-13 13:30:00-04:00,69.5,69.5,69.37969970703125,69.37969970703125,0,0.0,0.0,0.0
2024-09-16 11:30:00-04:00,69.60440063476562,69.76270294189453,69.60440063476562,69.7300033569336,2093,0.0,0.0,0.0
2024-09-16 13:30:00-04:00,69.85199737548828,69.85199737548828,69.80010223388672,69.80010223388672,702,0.0,0.0,0.0
2024-09-16 15:30:00-04:00,69.91000366210938,69.91000366210938,69.91000366210938,69.91000366210938,0,0.0,0.0,0.0
2024-09-17 09:30:00-04:00,70.2300033569336,70.35649871826172,70.2300033569336,70.35649871826172,1673,0.0,0.0,0.0
2024-09-17 10:30:00-04:00,70.80000305175781,70.80000305175781,70.80000305175781,70.80000305175781,0,0.0,0.0,0.0
2024-09-17 12:30:00-04:00,70.43150329589844,70.43150329589844,70.43150329589844,70.43150329589844,2594,0.0,0.0,0.0
2024-09-17 13:30:00-04:00,70.30764770507812,70.36530303955078,70.30764770507812,70.36000061035156,334,0.0,0.0,0.0
2024-09-18 09:30:00-04:00,70.47000122070312,70.55000305175781,70.47000122070312,70.55000305175781,0,0.0,0.0,0.0
2024-09-18 11:30:00-04:00,70.19989776611328,70.21649932861328,70.19989776611328,70.21649932861328,797,0.0,0.0,0.0
2024-09-18 14:30:00-04:00,71.37999725341797,71.37999725341797,71.08999633789062,71.08999633789062,568,0.0,0.0,0.0
2024-09-18 15:30:00-04:00,70.62000274658203,70.62000274658203,70.44719696044922,70.44719696044922,0,0.0,0.0,0.0
2024-09-19 09:30:00-04:00,71.73999786376953,71.73999786376953,71.47000122070312,71.47000122070312,1260,0.0,0.0,0.0
2024-09-19 12:30:00-04:00,71.73500061035156,71.73500061035156,71.73500061035156,71.73500061035156,172,0.0,0.0,0.0
2024-09-19 13:30:00-04:00,71.56999969482422,71.56999969482422,71.56999969482422,71.56999969482422,100,0.0,0.0,0.0
2024-09-19 14:30:00-04:00,71.5999984741211,71.5999984741211,71.5999984741211,71.5999984741211,258,0.0,0.0,0.0
2024-09-19 15:30:00-04:00,71.6259994506836,71.69000244140625,71.6259994506836,71.6874008178711,0,0.0,0.0,0.0
2024-09-20 09:30:00-04:00,71.4800033569336,71.4800033569336,71.25579833984375,71.25579833984375,0,0.0,0.0,0.0
2024-09-23 09:30:00-04:00,71.48999786376953,71.5999984741211,71.48999786376953,71.52999877929688,890,0.0,0.0,0.0
2024-09-23 11:30:00-04:00,71.41000366210938,71.41000366210938,71.41000366210938,71.41000366210938,1613,0.0,0.0,0.0
2024-09-23 13:30:00-04:00,71.54000091552734,71.54000091552734,71.54000091552734,71.54000091552734,330,0.0,0.0,0.0
2024-09-23 15:30:00-04:00,71.61000061035156,71.61000061035156,71.55339813232422,71.55339813232422,0,0.0,0.0,0.0
2024-09-24 09:30:00-04:00,71.76000213623047,71.76000213623047,71.70999908447266,71.70999908447266,543,0.0,0.0,0.0
2024-09-24 12:30:00-04:00,71.51000213623047,71.51000213623047,71.51000213623047,71.51000213623047,342,0.0,0.0,0.0
2024-09-24 15:30:00-04:00,71.5999984741211,71.5999984741211,71.5552978515625,71.5552978515625,219,0.0,0.0,0.0
2024-09-25 09:30:00-04:00,71.58000183105469,71.5999984741211,71.58000183105469,71.5999984741211,0,0.0,0.0,0.0
2024-09-25 11:30:00-04:00,71.12999725341797,71.12999725341797,70.89620208740234,70.89620208740234,351,0.0,0.0,0.0
2024-09-26 09:30:00-04:00,71.5,71.5,71.1854019165039,71.1854019165039,0,0.0,0.0,0.0
2024-09-27 09:30:00-04:00,71.47000122070312,71.47000122070312,71.38999938964844,71.43769836425781,527,0.0,0.0,0.0
2024-09-30 09:30:00-04:00,71.2699966430664,71.45999908447266,71.2699966430664,71.45999908447266,0,0.0,0.0,0.0
2024-09-30 12:30:00-04:00,71.7228012084961,71.7228012084961,71.7228012084961,71.7228012084961,132,0.0,0.0,0.0
2024-10-01 10:30:00-04:00,70.9800033569336,71.06999969482422,70.9800033569336,71.06999969482422,500,0.0,0.0,0.0
2024-10-01 14:30:00-04:00,71.23310089111328,71.23310089111328,71.23310089111328,71.23310089111328,111,0.0,0.0,0.0
2024-10-02 12:30:00-04:00,71.25499725341797,71.26360321044922,71.25,71.26360321044922,621,0.0,0.0,0.0
2024-10-03 09:30:00-04:00,71.05999755859375,71.05999755859375,71.04000091552734,71.05999755859375,134,0.0,0.0,0.0
2024-10-03 14:30:00-04:00,71.06990051269531,71.06990051269531,71.06990051269531,71.06990051269531,1561,0.0,0.0,0.0
2024-10-03 15:30:00-04:00,70.97699737548828,71.08789825439453,70.97699737548828,71.08789825439453,252,0.0,0.0,0.0
2024-10-04 09:30:00-04:00,71.91000366210938,72.0,71.91000366210938,71.94999694824219,0,0.0,0.0,0.0
2024-10-04 11:30:00-04:00,71.66549682617188,71.7699966430664,71.66549682617188,71.7699966430664,262,0.0,0.0,0.0
2024-10-04 13:30:00-04:00,71.80000305175781,71.80000305175781,71.72309875488281,71.72309875488281,443,0.0,0.0,0.0
2024-10-04 15:30:00-04:00,72.08999633789062,72.08999633789062,72.08999633789062,72.08999633789062,215,0.0,0.0,0.0
2024-10-07 11:30:00-04:00,71.55000305175781,71.55000305175781,71.55000305175781,71.55000305175781,1564,0.0,0.0,0.0
2024-10-07 13:30:00-04:00,71.48560333251953,71.48560333251953,71.48560333251953,71.48560333251953,259,0.0,0.0,0.0
2024-10-07 14:30:00-04:00,71.1572036743164,71.1572036743164,71.1572036743164,71.1572036743164,166,0.0,0.0,0.0
2024-10-07 15:30:00-04:00,71.40339660644531,71.40339660644531,71.40339660644531,71.40339660644531,0,0.0,0.0,0.0
2024-10-08 09:30:00-04:00,71.45999908447266,71.45999908447266,71.45999908447266,71.45999908447266,438,0.0,0.0,0.0
2024-10-08 10:30:00-04:00,71.3499984741211,71.38999938964844,71.34970092773438,71.38999938964844,840,0.0,0.0,0.0
2024-10-08 12:30:00-04:00,71.60099792480469,71.60099792480469,71.60099792480469,71.60099792480469,207,0.0,0.0,0.0
2024-10-08 14:30:00-04:00,71.69529724121094,71.69529724121094,71.69529724121094,71.69529724121094,223,0.0,0.0,0.0
2024-10-08 15:30:00-04:00,71.63999938964844,71.63999938964844,71.6344985961914,71.6344985961914,158,0.0,0.0,0.0
2024-10-09 09:30:00-04:00,71.51000213623047,71.58999633789062,71.51000213623047,71.58999633789062,0,0.0,0.0,0.0
2024-10-09 10:30:00-04:00,71.98699951171875,71.98699951171875,71.98699951171875,71.98699951171875,129,0.0,0.0,0.0
2024-10-09 12:30:00-04:00,72.08999633789062,72.08999633789062,72.03240203857422,72.03240203857422,423,0.0,0.0,0.0
2024-10-10 09:30:00-04:00,71.69999694824219,71.69999694824219,71.41999816894531,71.48999786376953,282,0.0,0.0,0.0
2024-10-10 12:30:00-04:00,71.6906967163086,71.6906967163086,71.6906967163086,71.6906967163086,223,0.0,0.0,0.0
2024-10-10 14:30:00-04:00,71.55999755859375,71.55999755859375,71.55999755859375,71.55999755859375,3071,0.0,0.0,0.0
2024-10-10 15:30:00-04:00,71.73999786376953,71.7572021484375,71.73999786376953,71.7572021484375,0,0.0,0.0,0.0
2024-10-11 10:30:00-04:00,72.68000030517578,72.68000030517578,72.68000030517578,72.68000030517578,5621,0.0,0.0,0.0
2024-10-11 15:30:00-04:00,72.83999633789062,72.83999633789062,72.83869934082031,72.83869934082031,102,0.0,0.0,0.0
2024-10-14 09:30:00-04:00,72.83999633789062,72.93000030517578,72.83999633789062,72.93000030517578,0,0.0,0.0,0.0
2024-10-14 10:30:00-04:00,72.96499633789062,73.0,72.96499633789062,73.0,514,0.0,0.0,0.0
2024-10-14 15:30:00-04:00,73.21880340576172,73.25420379638672,73.21880340576172,73.25420379638672,0,0.0,0.0,0.0
2024-10-15 10:30:00-04:00,73.341796875,73.341796875,73.341796875,73.341796875,504,0.0,0.0,0.0
2024-10-15 15:30:00-04:00,73.11000061035156,73.11000061035156,72.98999786376953,72.98999786376953,224,0.0,0.0,0.0
2024-10-16 09:30:00-04:00,73.33000183105469,73.68000030517578,73.33000183105469,73.68000030517578,22,0.0,0.0,0.0
2024-10-16 10:30:00-04:00,73.72989654541016,73.72989654541016,73.72989654541016,73.72989654541016,358,0.0,0.0,0.0
2024-10-16 11:30:00-04:00,73.75,73.75,73.75,73.75,100,0.0,0.0,0.0
2024-10-16 12:30:00-04:00,73.73999786376953,73.76000213623047,73.70999908447266,73.70999908447266,429,0.0,0.0,0.0
2024-10-16 13:30:00-04:00,73.76000213623047,73.86000061035156,73.76000213623047,73.86000061035156,12163,0.0,0.0,0.0
2024-10-16 14:30:00-04:00,73.73999786376953,73.768798828125,73.68099975585938,73.73100280761719,1058,0.0,0.0,0.0
2024-10-16 15:30:00-04:00,73.80000305175781,73.80000305175781,73.73770141601562,73.73770141601562,0,0.0,0.0,0.0
2024-10-17 09:30:00-04:00,73.94999694824219,73.94999694824219,73.83000183105469,73.83000183105469,422,0.0,0.0,0.0
2024-10-17 11:30:00-04:00,73.7300033569336,73.7699966430664,73.72000122070312,73.7699966430664,809,0.0,0.0,0.0
2024-10-17 12:30:00-04:00,73.79100036621094,73.79100036621094,73.79100036621094,73.79100036621094,227,0.0,0.0,0.0
2024-10-17 13:30:00-04:00,73.81999969482422,73.87000274658203,73.7509994506836,73.7509994506836,606,0.0,0.0,0.0
2024-10-17 15:30:00-04:00,73.80000305175781,73.80000305175781,73.80000305175781,73.80000305175781,0,0.0,0.0,0.0
2024-10-18 09:30:00-04:00,73.88999938964844,73.88999938964844,73.80999755859375,73.80999755859375,1276,0.0,0.0,0.0
2024-10-18 11:30:00-04:00,73.70999908447266,73.7699966430664,73.68000030517578,73.7699966430664,1404,0.0,0.0,0.0
2024-10-18 12:30:00-04:00,73.83000183105469,73.83000183105469,73.77999877929688,73.77999877929688,271,0.0,0.0,0.0
2024-10-18 13:30:00-04:00,73.77999877929688,73.77999877929688,73.77999877929688,73.77999877929688,106,0.0,0.0,0.0
2024-10-18 14:30:00-04:00,73.8499984741211,73.8499984741211,73.8499984741211,73.8499984741211,178,0.0,0.0,0.0
2024-10-18 15:30:00-04:00,73.72000122070312,73.72000122070312,73.72000122070312,73.72000122070312,212,0.0,0.0,0.0
