Datetime,Open,High,Low,Close,Volume,Dividends,Stock Splits
2022-10-20 09:30:00-04:00,122.5,124.31999969482422,121.81999969482422,124.19999694824219,1290791,0.0,0.0
2022-10-20 10:30:00-04:00,124.2249984741211,124.91000366210938,123.81999969482422,124.00499725341797,762172,0.0,0.0
2022-10-20 11:30:00-04:00,124.04000091552734,124.19999694824219,122.9000015258789,123.33000183105469,704666,0.0,0.0
2022-10-20 12:30:00-04:00,123.30999755859375,123.70999908447266,122.94000244140625,123.25,515008,0.0,0.0
2022-10-20 13:30:00-04:00,123.23999786376953,123.3104019165039,122.09500122070312,122.0999984741211,566049,0.0,0.0
2022-10-20 14:30:00-04:00,122.08999633789062,123.24500274658203,121.9000015258789,122.95999908447266,572475,0.0,0.0
2022-10-20 15:30:00-04:00,122.91500091552734,122.91500091552734,121.77999877929688,121.83999633789062,1073707,0.0,0.0
2022-10-21 09:30:00-04:00,122.66999816894531,124.25,122.02999877929688,122.5199966430664,1289664,0.0,0.0
2022-10-21 10:30:00-04:00,122.50499725341797,123.07499694824219,121.66999816894531,122.76000213623047,756081,0.0,0.0
2022-10-21 11:30:00-04:00,122.7699966430664,124.08999633789062,122.73999786376953,123.69740295410156,696679,0.0,0.0
2022-10-21 12:30:00-04:00,123.72000122070312,124.55000305175781,123.62000274658203,123.80999755859375,469794,0.0,0.0
2022-10-21 13:30:00-04:00,123.80999755859375,124.19000244140625,123.41999816894531,124.11000061035156,478143,0.0,0.0
2022-10-21 14:30:00-04:00,124.11000061035156,124.75129699707031,123.91999816894531,124.6050033569336,537008,0.0,0.0
2022-10-21 15:30:00-04:00,124.62999725341797,124.76000213623047,124.2699966430664,124.5199966430664,863564,0.0,0.0
2022-10-24 09:30:00-04:00,124.52999877929688,126.375,124.19999694824219,125.5999984741211,1124980,0.0,0.0
2022-10-24 10:30:00-04:00,125.52999877929688,126.4000015258789,124.7300033569336,125.04000091552734,591705,0.0,0.0
2022-10-24 11:30:00-04:00,125.0199966430664,125.83000183105469,124.73999786376953,125.4749984741211,546694,0.0,0.0
2022-10-24 12:30:00-04:00,125.55999755859375,125.5999984741211,125.02999877929688,125.22000122070312,404228,0.0,0.0
2022-10-24 13:30:00-04:00,125.22000122070312,125.7699966430664,125.03500366210938,125.30999755859375,691351,0.0,0.0
2022-10-24 14:30:00-04:00,125.30999755859375,125.61499786376953,125.01000213623047,125.51499938964844,840228,0.0,0.0
2022-10-24 15:30:00-04:00,125.5199966430664,125.55000305175781,124.81999969482422,125.16000366210938,754204,0.0,0.0
2022-10-25 09:30:00-04:00,124.33000183105469,125.48999786376953,122.87999725341797,125.36869812011719,1512552,0.0,0.0
2022-10-25 10:30:00-04:00,125.37000274658203,125.37999725341797,124.55999755859375,124.55999755859375,697913,0.0,0.0
2022-10-25 11:30:00-04:00,124.55999755859375,125.02999877929688,123.93000030517578,123.97000122070312,441575,0.0,0.0
2022-10-25 12:30:00-04:00,123.95999908447266,124.55999755859375,123.62999725341797,123.83999633789062,608303,0.0,0.0
2022-10-25 13:30:00-04:00,123.9000015258789,124.0250015258789,123.41000366210938,123.95999908447266,713306,0.0,0.0
2022-10-25 14:30:00-04:00,123.95999908447266,124.02999877929688,123.0199966430664,123.88999938964844,881819,0.0,0.0
2022-10-25 15:30:00-04:00,123.88999938964844,124.20999908447266,123.73999786376953,124.04000091552734,1233879,0.0,0.0
2022-10-26 09:30:00-04:00,124.72000122070312,126.56999969482422,124.58000183105469,126.45999908447266,1194430,0.0,0.0
2022-10-26 10:30:00-04:00,126.4800033569336,128.09100341796875,126.29000091552734,127.76000213623047,1369877,0.0,0.0
2022-10-26 11:30:00-04:00,127.77999877929688,128.0800018310547,127.6500015258789,127.80999755859375,556508,0.0,0.0
2022-10-26 12:30:00-04:00,127.81999969482422,128.1804962158203,126.75,126.7699966430664,1000569,0.0,0.0
2022-10-26 13:30:00-04:00,126.76000213623047,127.51000213623047,126.5199966430664,127.17500305175781,489477,0.0,0.0
2022-10-26 14:30:00-04:00,127.20999908447266,127.3499984741211,126.4000015258789,126.55999755859375,728034,0.0,0.0
2022-10-26 15:30:00-04:00,126.56999969482422,126.80000305175781,126.29000091552734,126.55989837646484,1140658,0.0,0.0
2022-10-27 09:30:00-04:00,127.69999694824219,129.4499969482422,127.19999694824219,128.64999389648438,1893341,0.0,0.0
2022-10-27 10:30:00-04:00,128.67999267578125,129.25,128.3800048828125,129.0749969482422,1246572,0.0,0.0
2022-10-27 11:30:00-04:00,129.0800018310547,129.0800018310547,127.64779663085938,127.73500061035156,631095,0.0,0.0
2022-10-27 12:30:00-04:00,127.72000122070312,128.8372039794922,127.70999908447266,128.36000061035156,706152,0.0,0.0
2022-10-27 13:30:00-04:00,128.3699951171875,128.5800018310547,128.0,128.00999450683594,708685,0.0,0.0
2022-10-27 14:30:00-04:00,128.0,128.0399932861328,126.97000122070312,127.54789733886719,610602,0.0,0.0
2022-10-27 15:30:00-04:00,127.5199966430664,127.70999908447266,126.23999786376953,126.80999755859375,1039300,0.0,0.0
2022-10-28 09:30:00-04:00,128.5,128.99000549316406,125.41000366210938,126.23999786376953,1230491,0.0,0.0
2022-10-28 10:30:00-04:00,126.26000213623047,126.31999969482422,124.01000213623047,125.29000091552734,973788,0.0,0.0
2022-10-28 11:30:00-04:00,125.30999755859375,126.30999755859375,124.77999877929688,126.30500030517578,889576,0.0,0.0
2022-10-28 12:30:00-04:00,126.33000183105469,126.45999908447266,125.88999938964844,126.08000183105469,756738,0.0,0.0
2022-10-28 13:30:00-04:00,126.08000183105469,126.73999786376953,125.87999725341797,126.58000183105469,648127,0.0,0.0
2022-10-28 14:30:00-04:00,126.58529663085938,127.26000213623047,126.54000091552734,126.76000213623047,740475,0.0,0.0
2022-10-28 15:30:00-04:00,126.73999786376953,127.25,126.66999816894531,127.12999725341797,1050065,0.0,0.0
2022-10-31 09:30:00-04:00,125.58000183105469,129.41000366210938,125.56999969482422,129.06080627441406,1059764,0.0,0.0
2022-10-31 10:30:00-04:00,129.0749969482422,129.99000549316406,128.9199981689453,129.1300048828125,618495,0.0,0.0
2022-10-31 11:30:00-04:00,129.125,129.125,126.57499694824219,126.87010192871094,834876,0.0,0.0
2022-10-31 12:30:00-04:00,126.87000274658203,127.26000213623047,126.23500061035156,127.10099792480469,475416,0.0,0.0
2022-10-31 13:30:00-04:00,127.0999984741211,128.1699981689453,126.88999938964844,127.94000244140625,384069,0.0,0.0
2022-10-31 14:30:00-04:00,127.93000030517578,128.1300048828125,127.37999725341797,127.50499725341797,528430,0.0,0.0
2022-10-31 15:30:00-04:00,127.5,127.62999725341797,125.86000061035156,126.0999984741211,1376631,0.0,0.0
2022-11-01 09:30:00-04:00,128.74000549316406,129.32000732421875,127.5999984741211,127.98999786376953,1117262,0.0,0.0
2022-11-01 10:30:00-04:00,128.0,128.30499267578125,126.88500213623047,128.25999450683594,623324,0.0,0.0
2022-11-01 11:30:00-04:00,128.3000030517578,128.77000427246094,127.86000061035156,128.17999267578125,569771,0.0,0.0
2022-11-01 12:30:00-04:00,128.1699981689453,128.47000122070312,127.66999816894531,128.0,545972,0.0,0.0
2022-11-01 13:30:00-04:00,128.0,128.0,127.12000274658203,127.4000015258789,654647,0.0,0.0
2022-11-01 14:30:00-04:00,127.37999725341797,128.1300048828125,127.18000030517578,127.68000030517578,596443,0.0,0.0
2022-11-01 15:30:00-04:00,127.69499969482422,127.88999938964844,127.47000122070312,127.77999877929688,883171,0.0,0.0
2022-11-02 09:30:00-04:00,127.08000183105469,129.42999267578125,125.79000091552734,126.31999969482422,1691434,0.0,0.0
2022-11-02 10:30:00-04:00,126.30999755859375,128.82000732421875,126.2699966430664,128.66000366210938,516547,0.0,0.0
2022-11-02 11:30:00-04:00,128.7050018310547,129.22999572753906,128.1186065673828,128.38999938964844,431841,0.0,0.0
2022-11-02 12:30:00-04:00,128.38999938964844,128.7550048828125,127.83000183105469,127.86000061035156,465556,0.0,0.0
2022-11-02 13:30:00-04:00,127.86000061035156,129.8000030517578,127.83000183105469,129.2899932861328,1012575,0.0,0.0
2022-11-02 14:30:00-04:00,129.30999755859375,129.63999938964844,126.33999633789062,126.58499908447266,1256615,0.0,0.0
2022-11-02 15:30:00-04:00,126.52999877929688,126.80000305175781,125.87000274658203,126.5,1170828,0.0,0.0
2022-11-03 09:30:00-04:00,129.6199951171875,133.70570373535156,128.2899932861328,131.31500244140625,3524828,0.0,0.0
2022-11-03 10:30:00-04:00,131.47000122070312,133.6999969482422,131.22999572753906,133.33999633789062,1352468,0.0,0.0
2022-11-03 11:30:00-04:00,133.35499572753906,135.3699951171875,132.97000122070312,135.3300018310547,1456403,0.0,0.0
2022-11-03 12:30:00-04:00,135.32000732421875,136.1199951171875,134.00999450683594,135.9600067138672,1694157,0.0,0.0
2022-11-03 13:30:00-04:00,135.94000244140625,136.0800018310547,134.6999969482422,135.69000244140625,1154457,0.0,0.0
2022-11-03 14:30:00-04:00,135.6800994873047,136.00999450683594,135.10499572753906,135.35000610351562,1121434,0.0,0.0
2022-11-03 15:30:00-04:00,135.35000610351562,135.36000061035156,133.77000427246094,133.77999877929688,1903047,0.0,0.0
2022-11-04 09:30:00-04:00,137.0,138.49000549316406,135.3699951171875,136.02999877929688,1857846,0.0,0.0
2022-11-04 10:30:00-04:00,136.2899932861328,136.2899932861328,133.31500244140625,133.3697967529297,1836824,0.0,0.0
2022-11-04 11:30:00-04:00,133.38499450683594,133.72999572753906,130.07000732421875,130.44000244140625,1680281,0.0,0.0
2022-11-04 12:30:00-04:00,130.4199981689453,131.52000427246094,129.64999389648438,131.35000610351562,1039568,0.0,0.0
2022-11-04 13:30:00-04:00,131.36000061035156,131.50990295410156,129.75,131.0500030517578,837171,0.0,0.0
2022-11-04 14:30:00-04:00,131.04600524902344,132.16000366210938,131.02000427246094,131.8699951171875,820845,0.0,0.0
2022-11-04 15:30:00-04:00,131.8800048828125,132.55999755859375,131.67999267578125,132.30999755859375,1442043,0.0,0.0
2022-11-07 09:30:00-05:00,132.75,135.5,132.61000061035156,135.0,1465520,0.0,0.0
2022-11-07 10:30:00-05:00,135.02000427246094,136.4199981689453,134.85000610351562,136.11500549316406,1055453,0.0,0.0
2022-11-07 11:30:00-05:00,136.1199951171875,136.32000732421875,135.0803985595703,135.60499572753906,728536,0.0,0.0
2022-11-07 12:30:00-05:00,135.6199951171875,135.64999389648438,134.3699951171875,135.1999053955078,579089,0.0,0.0
2022-11-07 13:30:00-05:00,135.17999267578125,135.4499969482422,134.6875,135.27999877929688,908494,0.0,0.0
2022-11-07 14:30:00-05:00,135.25999450683594,135.3896942138672,134.4550018310547,135.08999633789062,609054,0.0,0.0
2022-11-07 15:30:00-05:00,135.10000610351562,135.1699981689453,134.75999450683594,134.99000549316406,773106,0.0,0.0
2022-11-08 09:30:00-05:00,134.3000030517578,134.58999633789062,132.2301025390625,133.9600067138672,933073,0.0,0.0
2022-11-08 10:30:00-05:00,133.97999572753906,134.66000366210938,133.6300048828125,133.6300048828125,501087,0.0,0.0
2022-11-08 11:30:00-05:00,133.61000061035156,134.3000030517578,133.53750610351562,134.14999389648438,390998,0.0,0.0
2022-11-08 12:30:00-05:00,134.13999938964844,134.85000610351562,133.3300018310547,133.4199981689453,497173,0.0,0.0
2022-11-08 13:30:00-05:00,133.41000366210938,133.8000030517578,133.00999450683594,133.0399932861328,528849,0.0,0.0
2022-11-08 14:30:00-05:00,133.0500030517578,134.92999267578125,132.99000549316406,134.89999389648438,778224,0.0,0.0
2022-11-08 15:30:00-05:00,134.89999389648438,135.27999877929688,134.31500244140625,134.47999572753906,728298,0.0,0.0
2022-11-09 09:30:00-05:00,132.4600067138672,132.57000732421875,129.33999633789062,129.83999633789062,1379282,0.0,0.0
2022-11-09 10:30:00-05:00,129.8699951171875,130.32000732421875,128.19000244140625,128.8699951171875,817796,0.0,0.0
2022-11-09 11:30:00-05:00,128.85000610351562,129.75,128.6199951171875,128.9199981689453,559531,0.0,0.0
2022-11-09 12:30:00-05:00,128.9199981689453,129.33999633789062,128.10000610351562,128.25999450683594,500547,0.0,0.0
2022-11-09 13:30:00-05:00,128.24000549316406,128.24000549316406,127.16500091552734,127.21499633789062,692857,0.0,0.0
2022-11-09 14:30:00-05:00,127.18000030517578,127.18000030517578,125.86000061035156,126.04000091552734,827590,0.0,0.0
2022-11-09 15:30:00-05:00,126.05000305175781,126.11000061035156,124.88999938964844,125.27999877929688,1404378,0.0,0.0
2022-11-10 09:30:00-05:00,127.18000030517578,128.19000244140625,125.56999969482422,128.07000732421875,1304311,0.0,0.0
2022-11-10 10:30:00-05:00,128.1300048828125,128.41000366210938,127.27999877929688,127.86000061035156,803232,0.0,0.0
2022-11-10 11:30:00-05:00,127.8499984741211,128.17999267578125,127.16999816894531,127.31999969482422,706598,0.0,0.0
2022-11-10 12:30:00-05:00,127.31999969482422,127.91999816894531,126.80999755859375,127.62000274658203,609825,0.0,0.0
2022-11-10 13:30:00-05:00,127.63999938964844,127.72000122070312,126.9800033569336,127.36000061035156,571659,0.0,0.0
2022-11-10 14:30:00-05:00,127.3499984741211,128.50999450683594,127.33999633789062,128.4550018310547,946176,0.0,0.0
2022-11-10 15:30:00-05:00,128.4550018310547,129.77000427246094,128.19000244140625,129.44000244140625,1588780,0.0,0.0
2022-11-11 09:30:00-05:00,131.75,132.97000122070312,130.83999633789062,132.88999938964844,2056568,0.0,0.0
2022-11-11 10:30:00-05:00,132.9199981689453,133.11000061035156,131.58999633789062,131.6199951171875,901552,0.0,0.0
2022-11-11 11:30:00-05:00,131.63999938964844,131.85000610351562,130.55999755859375,131.55999755859375,699894,0.0,0.0
2022-11-11 12:30:00-05:00,131.55999755859375,133.1300048828125,131.5500030517578,133.07000732421875,834267,0.0,0.0
2022-11-11 13:30:00-05:00,133.0800018310547,134.17999267578125,133.02000427246094,134.02999877929688,1102252,0.0,0.0
2022-11-11 14:30:00-05:00,134.03500366210938,134.5399932861328,133.85000610351562,134.50999450683594,840649,0.0,0.0
2022-11-11 15:30:00-05:00,134.50999450683594,134.85499572753906,133.72999572753906,134.02999877929688,1268716,0.0,0.0
2022-11-14 09:30:00-05:00,132.3800048828125,134.0399932861328,132.27999877929688,133.94000244140625,1000887,0.0,0.0
2022-11-14 10:30:00-05:00,133.9600067138672,134.64720153808594,132.8800048828125,133.57000732421875,783694,0.0,0.0
2022-11-14 11:30:00-05:00,133.53160095214844,134.47000122070312,133.41000366210938,134.39999389648438,806947,0.0,0.0
2022-11-14 12:30:00-05:00,134.3000030517578,134.99000549316406,134.0399932861328,134.94000244140625,582143,0.0,0.0
2022-11-14 13:30:00-05:00,134.97000122070312,135.6757049560547,134.88999938964844,135.52000427246094,445553,0.0,0.0
2022-11-14 14:30:00-05:00,135.50999450683594,135.5435028076172,134.02000427246094,134.27999877929688,473579,0.0,0.0
2022-11-14 15:30:00-05:00,134.27000427246094,134.375,132.92999267578125,133.0500030517578,779303,0.0,0.0
2022-11-15 09:30:00-05:00,133.58999633789062,134.83999633789062,133.58999633789062,134.39999389648438,902660,0.0,0.0
2022-11-15 10:30:00-05:00,134.39999389648438,134.55999755859375,132.9199981689453,133.14999389648438,792605,0.0,0.0
2022-11-15 11:30:00-05:00,133.1699981689453,133.3800048828125,131.91000366210938,131.91000366210938,697953,0.0,0.0
2022-11-15 12:30:00-05:00,131.94000244140625,133.94500732421875,131.92999267578125,132.63999938964844,916569,0.0,0.0
2022-11-15 13:30:00-05:00,132.63999938964844,133.80999755859375,132.60000610351562,132.89999389648438,770929,0.0,0.0
2022-11-15 14:30:00-05:00,132.8699951171875,134.02499389648438,132.47000122070312,133.9499969482422,788614,0.0,0.0
2022-11-15 15:30:00-05:00,133.9550018310547,134.35000610351562,133.58999633789062,134.08999633789062,969115,0.0,0.0
2022-11-16 09:30:00-05:00,132.5800018310547,133.5,131.9199981689453,132.29750061035156,963425,0.0,0.0
2022-11-16 10:30:00-05:00,132.2899932861328,132.76339721679688,131.3699951171875,131.6300048828125,545621,0.0,0.0
2022-11-16 11:30:00-05:00,131.63999938964844,131.73500061035156,130.25999450683594,130.3300018310547,601582,0.0,0.0
2022-11-16 12:30:00-05:00,130.3350067138672,130.90499877929688,129.25999450683594,129.4250030517578,747104,0.0,0.0
2022-11-16 13:30:00-05:00,129.44500732421875,130.22999572753906,129.39999389648438,129.64999389648438,819325,0.0,0.0
2022-11-16 14:30:00-05:00,129.64999389648438,130.24000549316406,129.52000427246094,129.7550048828125,1063688,0.0,0.0
2022-11-16 15:30:00-05:00,129.7550048828125,129.97999572753906,129.08999633789062,129.27999877929688,1385021,0.0,0.0
2022-11-17 09:30:00-05:00,127.58999633789062,128.75,127.02999877929688,128.24000549316406,955361,0.0,0.0
2022-11-17 10:30:00-05:00,128.3000030517578,129.13999938964844,128.07000732421875,128.36000061035156,467398,0.0,0.0
2022-11-17 11:30:00-05:00,128.32000732421875,129.35000610351562,127.80999755859375,128.75,440669,0.0,0.0
2022-11-17 12:30:00-05:00,128.74000549316406,130.52000427246094,128.72999572753906,130.02000427246094,457943,0.0,0.0
2022-11-17 13:30:00-05:00,130.02999877929688,130.17999267578125,129.5,129.6699981689453,379374,0.0,0.0
2022-11-17 14:30:00-05:00,129.67999267578125,130.36000061035156,129.6699981689453,129.9949951171875,571825,0.0,0.0
2022-11-17 15:30:00-05:00,130.0,131.3699951171875,129.8300018310547,131.25999450683594,734663,0.0,0.0
2022-11-18 09:30:00-05:00,128.41000366210938,128.6199951171875,126.5,127.91999816894531,1244131,0.0,0.0
2022-11-18 10:30:00-05:00,127.94000244140625,129.0,127.68000030517578,129.0,568820,0.0,0.0
2022-11-18 11:30:00-05:00,129.02000427246094,129.0500030517578,127.93000030517578,128.09500122070312,591436,0.0,0.0
2022-11-18 12:30:00-05:00,128.07000732421875,128.52999877929688,127.80999755859375,128.3699951171875,466596,0.0,0.0
2022-11-18 13:30:00-05:00,128.36500549316406,128.5,127.72000122070312,128.44500732421875,469812,0.0,0.0
2022-11-18 14:30:00-05:00,128.42999267578125,128.75,127.93000030517578,128.6999969482422,579573,0.0,0.0
2022-11-18 15:30:00-05:00,128.71499633789062,129.19900512695312,128.1300048828125,128.5500030517578,933873,0.0,0.0
2022-11-21 09:30:00-05:00,125.04000091552734,125.38999938964844,122.16000366210938,122.25499725341797,1342990,0.0,0.0
2022-11-21 10:30:00-05:00,122.23999786376953,122.66000366210938,121.80999755859375,122.3499984741211,723009,0.0,0.0
2022-11-21 11:30:00-05:00,122.4000015258789,125.69999694824219,121.9800033569336,124.9000015258789,1033377,0.0,0.0
2022-11-21 12:30:00-05:00,124.93499755859375,127.11000061035156,124.93499755859375,126.37000274658203,645468,0.0,0.0
2022-11-21 13:30:00-05:00,126.36499786376953,126.88999938964844,125.66000366210938,125.88500213623047,478346,0.0,0.0
2022-11-21 14:30:00-05:00,125.87000274658203,126.0199966430664,124.83999633789062,124.95999908447266,608481,0.0,0.0
2022-11-21 15:30:00-05:00,124.9800033569336,125.55999755859375,124.7300033569336,125.44999694824219,914604,0.0,0.0
2022-11-22 09:30:00-05:00,128.0,128.8000030517578,126.45999908447266,128.52999877929688,1026052,0.0,0.0
2022-11-22 10:30:00-05:00,128.56289672851562,129.30999755859375,128.46119689941406,128.88999938964844,521864,0.0,0.0
2022-11-22 11:30:00-05:00,128.8699951171875,130.1999969482422,128.85000610351562,129.99000549316406,429486,0.0,0.0
2022-11-22 12:30:00-05:00,130.02000427246094,130.4925994873047,129.57000732421875,130.4199981689453,542680,0.0,0.0
2022-11-22 13:30:00-05:00,130.4499969482422,130.45799255371094,129.25999450683594,129.77000427246094,583284,0.0,0.0
2022-11-22 14:30:00-05:00,129.7899932861328,130.30999755859375,129.4499969482422,130.22000122070312,626886,0.0,0.0
2022-11-22 15:30:00-05:00,130.22000122070312,130.54969787597656,129.92999267578125,130.02999877929688,874457,0.0,0.0
2022-11-23 09:30:00-05:00,127.58999633789062,129.22000122070312,126.8499984741211,127.47000122070312,1272849,0.0,0.0
2022-11-23 10:30:00-05:00,127.47000122070312,127.4800033569336,126.16000366210938,126.68499755859375,1277861,0.0,0.0
2022-11-23 11:30:00-05:00,126.69499969482422,126.95999908447266,125.80000305175781,126.29000091552734,881141,0.0,0.0
2022-11-23 12:30:00-05:00,126.27999877929688,127.43000030517578,126.05999755859375,127.20500183105469,835101,0.0,0.0
2022-11-23 13:30:00-05:00,127.17500305175781,127.66999816894531,127.02010345458984,127.51000213623047,575547,0.0,0.0
2022-11-23 14:30:00-05:00,127.44000244140625,127.63999938964844,127.04000091552734,127.17500305175781,712833,0.0,0.0
2022-11-23 15:30:00-05:00,127.16000366210938,127.19000244140625,126.41999816894531,126.7699966430664,802467,0.0,0.0
2022-11-25 09:30:00-05:00,126.88999938964844,127.7699966430664,126.62999725341797,127.2699966430664,812548,0.0,0.0
2022-11-25 10:30:00-05:00,127.2300033569336,127.52999877929688,126.80999755859375,127.19000244140625,569530,0.0,0.0
2022-11-25 11:30:00-05:00,127.13999938964844,127.27999877929688,126.87999725341797,126.89900207519531,474002,0.0,0.0
2022-11-28 09:30:00-05:00,122.69999694824219,124.25,121.23999786376953,123.91000366210938,1346127,0.0,0.0
2022-11-28 10:30:00-05:00,123.86000061035156,124.30500030517578,123.23999786376953,124.03500366210938,617167,0.0,0.0
2022-11-28 11:30:00-05:00,124.01000213623047,125.06009674072266,123.81500244140625,124.33999633789062,805898,0.0,0.0
2022-11-28 12:30:00-05:00,124.33999633789062,124.77980041503906,124.33000183105469,124.33000183105469,462329,0.0,0.0
2022-11-28 13:30:00-05:00,124.33000183105469,124.47000122070312,123.97000122070312,124.20999908447266,341155,0.0,0.0
2022-11-28 14:30:00-05:00,124.23999786376953,124.43250274658203,123.62000274658203,123.7249984741211,436489,0.0,0.0
2022-11-28 15:30:00-05:00,123.72000122070312,123.9800033569336,123.56999969482422,123.87000274658203,688095,0.0,0.0
2022-11-29 09:30:00-05:00,125.81999969482422,126.70999908447266,125.02999877929688,126.43000030517578,893243,0.0,0.0
2022-11-29 10:30:00-05:00,126.45999908447266,126.83000183105469,124.62999725341797,124.63999938964844,693734,0.0,0.0
2022-11-29 11:30:00-05:00,124.66000366210938,125.04000091552734,123.91999816894531,124.0999984741211,533526,0.0,0.0
2022-11-29 12:30:00-05:00,124.13999938964844,124.60009765625,123.95999908447266,124.3550033569336,408121,0.0,0.0
2022-11-29 13:30:00-05:00,124.36000061035156,125.16000366210938,124.08999633789062,124.2699966430664,553048,0.0,0.0
2022-11-29 14:30:00-05:00,124.26000213623047,124.74909973144531,124.13999938964844,124.58999633789062,339994,0.0,0.0
2022-11-29 15:30:00-05:00,124.58000183105469,124.67990112304688,124.11000061035156,124.25,604322,0.0,0.0
2022-11-30 09:30:00-05:00,126.6500015258789,126.68000030517578,123.37999725341797,123.4800033569336,715841,0.0,0.0
2022-11-30 10:30:00-05:00,123.52999877929688,124.33000183105469,123.5,124.0999984741211,550498,0.0,0.0
2022-11-30 11:30:00-05:00,124.15499877929688,124.23999786376953,122.69999694824219,122.8499984741211,403800,0.0,0.0
2022-11-30 12:30:00-05:00,122.80999755859375,123.41999816894531,122.44000244140625,123.20999908447266,303354,0.0,0.0
2022-11-30 13:30:00-05:00,123.2300033569336,124.37999725341797,123.18000030517578,124.01000213623047,730462,0.0,0.0
2022-11-30 14:30:00-05:00,124.0199966430664,124.3499984741211,123.66000366210938,124.03500366210938,846234,0.0,0.0
2022-11-30 15:30:00-05:00,124.05000305175781,124.12960052490234,122.91000366210938,123.5,1218174,0.0,0.0
2022-12-01 09:30:00-05:00,124.66999816894531,125.37000274658203,124.12000274658203,124.62000274658203,960612,0.0,0.0
2022-12-01 10:30:00-05:00,124.6500015258789,125.33000183105469,124.54000091552734,124.70999908447266,566647,0.0,0.0
2022-12-01 11:30:00-05:00,124.75,125.05999755859375,123.30000305175781,123.88999938964844,519501,0.0,0.0
2022-12-01 12:30:00-05:00,123.91999816894531,124.44999694824219,123.83000183105469,124.11000061035156,576297,0.0,0.0
2022-12-01 13:30:00-05:00,124.08000183105469,124.19999694824219,123.12999725341797,123.16999816894531,473145,0.0,0.0
2022-12-01 14:30:00-05:00,123.16000366210938,123.50990295410156,122.88999938964844,123.0250015258789,618354,0.0,0.0
2022-12-01 15:30:00-05:00,123.01499938964844,123.34500122070312,122.93000030517578,123.08999633789062,775392,0.0,0.0
2022-12-02 09:30:00-05:00,122.12000274658203,123.6500015258789,122.12000274658203,123.06999969482422,820924,0.0,0.0
2022-12-02 10:30:00-05:00,123.12000274658203,123.87000274658203,122.97000122070312,123.05999755859375,534719,0.0,0.0
2022-12-02 11:30:00-05:00,123.05000305175781,123.33999633789062,122.69999694824219,122.69999694824219,355630,0.0,0.0
2022-12-02 12:30:00-05:00,122.72000122070312,122.73999786376953,121.33999633789062,121.81999969482422,363944,0.0,0.0
2022-12-02 13:30:00-05:00,121.87000274658203,122.08499908447266,121.58000183105469,121.73999786376953,366207,0.0,0.0
2022-12-02 14:30:00-05:00,121.79000091552734,122.55259704589844,121.62000274658203,122.4000015258789,537369,0.0,0.0
2022-12-02 15:30:00-05:00,122.41000366210938,122.44999694824219,121.73999786376953,122.0999984741211,1039801,0.0,0.0
2022-12-05 09:30:00-05:00,124.26000213623047,124.69000244140625,122.75,123.44999694824219,886658,0.0,0.0
2022-12-05 10:30:00-05:00,123.43000030517578,123.5,121.37000274658203,121.62999725341797,484265,0.0,0.0
2022-12-05 11:30:00-05:00,121.62999725341797,121.80999755859375,120.6500015258789,121.13999938964844,504978,0.0,0.0
2022-12-05 12:30:00-05:00,121.1500015258789,121.26789855957031,119.86000061035156,120.06999969482422,426117,0.0,0.0
2022-12-05 13:30:00-05:00,120.08039855957031,120.45999908447266,118.70999908447266,118.95999908447266,482636,0.0,0.0
2022-12-05 14:30:00-05:00,118.9800033569336,120.0,118.7300033569336,119.20999908447266,576455,0.0,0.0
2022-12-05 15:30:00-05:00,119.2249984741211,119.4800033569336,119.0999984741211,119.37999725341797,897652,0.0,0.0
2022-12-06 09:30:00-05:00,118.44000244140625,119.73999786376953,117.23999786376953,117.33999633789062,1395573,0.0,0.0
2022-12-06 10:30:00-05:00,117.27999877929688,117.33999633789062,116.22000122070312,116.49500274658203,698794,0.0,0.0
2022-12-06 11:30:00-05:00,116.5199966430664,117.20999908447266,116.47000122070312,116.77999877929688,552341,0.0,0.0
2022-12-06 12:30:00-05:00,116.75,116.76000213623047,115.0740966796875,115.2699966430664,630440,0.0,0.0
2022-12-06 13:30:00-05:00,115.27999877929688,116.30999755859375,115.0999984741211,115.91000366210938,702125,0.0,0.0
2022-12-06 14:30:00-05:00,115.91999816894531,115.98999786376953,114.54000091552734,114.70999908447266,641439,0.0,0.0
2022-12-06 15:30:00-05:00,114.73259735107422,115.62999725341797,114.70999908447266,115.56999969482422,807450,0.0,0.0
2022-12-07 09:30:00-05:00,116.29000091552734,117.41000366210938,115.88999938964844,117.33999633789062,1053635,0.0,0.0
2022-12-07 10:30:00-05:00,117.29000091552734,117.5999984741211,114.73999786376953,115.30999755859375,823100,0.0,0.0
2022-12-07 11:30:00-05:00,115.30999755859375,115.88999938964844,114.83999633789062,115.66000366210938,489516,0.0,0.0
2022-12-07 12:30:00-05:00,115.66999816894531,115.91999816894531,114.9000015258789,115.26000213623047,490319,0.0,0.0
2022-12-07 13:30:00-05:00,115.26000213623047,115.3499984741211,114.08999633789062,114.69999694824219,680373,0.0,0.0
2022-12-07 14:30:00-05:00,114.72000122070312,115.36000061035156,114.69000244140625,114.95999908447266,535022,0.0,0.0
2022-12-07 15:30:00-05:00,114.97000122070312,115.08499908447266,114.41000366210938,114.86000061035156,737278,0.0,0.0
2022-12-08 09:30:00-05:00,117.79000091552734,117.88999938964844,115.25,115.80000305175781,1126345,0.0,0.0
2022-12-08 10:30:00-05:00,115.81999969482422,115.83000183105469,112.62000274658203,113.36000061035156,1596151,0.0,0.0
2022-12-08 11:30:00-05:00,113.36000061035156,114.06999969482422,112.83000183105469,113.4000015258789,827532,0.0,0.0
2022-12-08 12:30:00-05:00,113.41999816894531,113.5198974609375,112.93000030517578,113.31500244140625,494361,0.0,0.0
2022-12-08 13:30:00-05:00,113.31999969482422,113.5,112.5,112.54000091552734,616649,0.0,0.0
2022-12-08 14:30:00-05:00,112.55000305175781,112.76000213623047,111.95999908447266,112.19000244140625,1052247,0.0,0.0
2022-12-08 15:30:00-05:00,112.16999816894531,112.66999816894531,111.87999725341797,112.58999633789062,1031623,0.0,0.0
2022-12-09 09:30:00-05:00,112.41000366210938,113.94499969482422,111.58999633789062,111.76000213623047,963096,0.0,0.0
2022-12-09 10:30:00-05:00,111.79499816894531,111.88999938964844,110.95220184326172,111.79000091552734,733487,0.0,0.0
2022-12-09 11:30:00-05:00,111.80500030517578,111.91000366210938,110.6500015258789,110.70999908447266,701378,0.0,0.0
2022-12-09 12:30:00-05:00,110.7300033569336,110.94000244140625,110.12999725341797,110.33000183105469,636685,0.0,0.0
2022-12-09 13:30:00-05:00,110.31999969482422,110.94000244140625,110.25,110.87999725341797,597982,0.0,0.0
2022-12-09 14:30:00-05:00,110.86000061035156,111.05999755859375,110.22000122070312,110.22000122070312,733668,0.0,0.0
2022-12-09 15:30:00-05:00,110.20999908447266,110.47000122070312,109.7300033569336,110.0,964020,0.0,0.0
2022-12-12 09:30:00-05:00,110.9000015258789,112.30000305175781,110.06999969482422,111.56999969482422,863725,0.0,0.0
2022-12-12 10:30:00-05:00,111.57499694824219,112.12999725341797,111.41999816894531,111.75,615801,0.0,0.0
2022-12-12 11:30:00-05:00,111.73999786376953,111.87159729003906,111.0999984741211,111.30000305175781,586965,0.0,0.0
2022-12-12 12:30:00-05:00,111.23999786376953,111.44999694824219,110.43000030517578,110.51499938964844,558385,0.0,0.0
2022-12-12 13:30:00-05:00,110.51000213623047,111.44000244140625,110.47000122070312,111.1718978881836,509605,0.0,0.0
2022-12-12 14:30:00-05:00,111.13500213623047,111.83999633789062,111.08999633789062,111.69999694824219,562640,0.0,0.0
2022-12-12 15:30:00-05:00,111.7300033569336,112.0,111.48500061035156,111.77999877929688,820008,0.0,0.0
2022-12-13 09:30:00-05:00,114.44999694824219,115.30999755859375,114.18000030517578,114.31999969482422,1070440,0.0,0.0
2022-12-13 10:30:00-05:00,114.37000274658203,114.66000366210938,113.37000274658203,114.62000274658203,560669,0.0,0.0
2022-12-13 11:30:00-05:00,114.6500015258789,115.58999633789062,114.47000122070312,114.66000366210938,572084,0.0,0.0
2022-12-13 12:30:00-05:00,114.63999938964844,115.08000183105469,114.05000305175781,114.36000061035156,672295,0.0,0.0
2022-12-13 13:30:00-05:00,114.38999938964844,114.4800033569336,113.76000213623047,113.95999908447266,534693,0.0,0.0
2022-12-13 14:30:00-05:00,113.91999816894531,114.22000122070312,113.5199966430664,113.87999725341797,498006,0.0,0.0
2022-12-13 15:30:00-05:00,113.86000061035156,113.94999694824219,113.37000274658203,113.41000366210938,948884,0.0,0.0
2022-12-14 09:30:00-05:00,114.75,115.6500015258789,112.7699966430664,113.0,829196,0.0,0.0
2022-12-14 10:30:00-05:00,113.02999877929688,114.3510971069336,112.04000091552734,114.19000244140625,545515,0.0,0.0
2022-12-14 11:30:00-05:00,114.19499969482422,114.4000015258789,113.5,114.0199966430664,364485,0.0,0.0
2022-12-14 12:30:00-05:00,114.0250015258789,114.26000213623047,113.79000091552734,114.1500015258789,460803,0.0,0.0
2022-12-14 13:30:00-05:00,114.16500091552734,114.44000244140625,113.02999877929688,113.87999725341797,702840,0.0,0.0
2022-12-14 14:30:00-05:00,113.875,114.43879699707031,112.88999938964844,113.0,798121,0.0,0.0
2022-12-14 15:30:00-05:00,112.98999786376953,113.31999969482422,112.6500015258789,112.86000061035156,912349,0.0,0.0
2022-12-15 09:30:00-05:00,111.63999938964844,112.71880340576172,110.7300033569336,111.29969787597656,615425,0.0,0.0
2022-12-15 10:30:00-05:00,111.2699966430664,112.46009826660156,111.0999984741211,111.16000366210938,560738,0.0,0.0
2022-12-15 11:30:00-05:00,111.11000061035156,111.80999755859375,110.47000122070312,111.70999908447266,427213,0.0,0.0
2022-12-15 12:30:00-05:00,111.70999908447266,112.18000030517578,111.51000213623047,111.91000366210938,450629,0.0,0.0
2022-12-15 13:30:00-05:00,111.90499877929688,112.2699966430664,111.82099914550781,112.0999984741211,683355,0.0,0.0
2022-12-15 14:30:00-05:00,112.11000061035156,112.9198989868164,112.08000183105469,112.48500061035156,924079,0.0,0.0
2022-12-15 15:30:00-05:00,112.5,112.9000015258789,112.23999786376953,112.55000305175781,1054899,0.0,0.0
2022-12-16 09:30:00-05:00,110.44999694824219,111.22000122070312,109.03399658203125,109.33000183105469,1602795,0.0,0.0
2022-12-16 10:30:00-05:00,109.31999969482422,110.1500015258789,109.01000213623047,110.02999877929688,568576,0.0,0.0
2022-12-16 11:30:00-05:00,110.08380126953125,110.97000122070312,109.77999877929688,110.16999816894531,495019,0.0,0.0
2022-12-16 12:30:00-05:00,110.19999694824219,110.47000122070312,109.55999755859375,109.9000015258789,419140,0.0,0.0
2022-12-16 13:30:00-05:00,109.91000366210938,110.16999816894531,109.66000366210938,109.97000122070312,586820,0.0,0.0
2022-12-16 14:30:00-05:00,109.98500061035156,110.77999877929688,109.86000061035156,110.5999984741211,1058601,0.0,0.0
2022-12-16 15:30:00-05:00,110.62000274658203,111.12999725341797,110.36000061035156,110.4000015258789,1467085,0.0,0.0
2022-12-19 09:30:00-05:00,112.16000366210938,112.76000213623047,111.4000015258789,111.88500213623047,666667,0.0,0.0
2022-12-19 10:30:00-05:00,111.8499984741211,112.33999633789062,111.05000305175781,112.2300033569336,456873,0.0,0.0
2022-12-19 11:30:00-05:00,112.20999908447266,112.2699966430664,111.45500183105469,111.52999877929688,404618,0.0,0.0
2022-12-19 12:30:00-05:00,111.55000305175781,111.75,110.91999816894531,111.11990356445312,345043,0.0,0.0
2022-12-19 13:30:00-05:00,111.12000274658203,111.14990234375,109.91000366210938,109.93000030517578,335331,0.0,0.0
2022-12-19 14:30:00-05:00,109.91999816894531,110.22899627685547,109.63999938964844,110.12999725341797,566850,0.0,0.0
2022-12-19 15:30:00-05:00,110.12000274658203,110.6500015258789,110.0999984741211,110.44000244140625,839511,0.0,0.0
2022-12-20 09:30:00-05:00,110.44999694824219,113.04000091552734,110.0,112.72000122070312,866101,0.0,0.0
2022-12-20 10:30:00-05:00,112.79000091552734,113.13999938964844,112.33000183105469,112.33000183105469,573594,0.0,0.0
2022-12-20 11:30:00-05:00,112.30999755859375,112.97000122070312,112.2333984375,112.375,497824,0.0,0.0
2022-12-20 12:30:00-05:00,112.375,113.47000122070312,112.06999969482422,113.44999694824219,521440,0.0,0.0
2022-12-20 13:30:00-05:00,113.45179748535156,113.80999755859375,113.09500122070312,113.19999694824219,470820,0.0,0.0
2022-12-20 14:30:00-05:00,113.19999694824219,113.61000061035156,112.91500091552734,113.06500244140625,693637,0.0,0.0
2022-12-20 15:30:00-05:00,113.05999755859375,113.44000244140625,112.58000183105469,112.65499877929688,797616,0.0,0.0
2022-12-21 09:30:00-05:00,114.94000244140625,115.6500015258789,113.55000305175781,115.05999755859375,1160871,0.0,0.0
2022-12-21 10:30:00-05:00,115.11000061035156,116.2217025756836,115.11000061035156,115.6500015258789,663208,0.0,0.0
2022-12-21 11:30:00-05:00,115.59500122070312,115.97000122070312,115.23300170898438,115.86000061035156,367994,0.0,0.0
2022-12-21 12:30:00-05:00,115.9000015258789,116.5,115.8949966430664,116.04000091552734,482780,0.0,0.0
2022-12-21 13:30:00-05:00,116.05999755859375,116.66999816894531,115.87000274658203,116.05999755859375,459890,0.0,0.0
2022-12-21 14:30:00-05:00,116.06999969482422,116.41000366210938,115.83000183105469,115.83999633789062,474104,0.0,0.0
2022-12-21 15:30:00-05:00,115.81999969482422,116.30000305175781,115.69000244140625,116.30000305175781,766202,0.0,0.0
2022-12-22 09:30:00-05:00,116.05000305175781,116.77999877929688,114.25,114.33499908447266,673555,0.0,0.0
2022-12-22 10:30:00-05:00,114.3499984741211,114.3499984741211,113.11000061035156,113.73999786376953,501436,0.0,0.0
2022-12-22 11:30:00-05:00,113.74500274658203,113.9000015258789,112.19000244140625,112.30000305175781,634511,0.0,0.0
2022-12-22 12:30:00-05:00,112.2699966430664,112.5,110.9800033569336,111.01000213623047,442323,0.0,0.0
2022-12-22 13:30:00-05:00,110.93499755859375,111.08999633789062,109.83999633789062,111.06500244140625,781905,0.0,0.0
2022-12-22 14:30:00-05:00,111.06999969482422,113.38999938964844,111.05999755859375,113.3499984741211,500010,0.0,0.0
2022-12-22 15:30:00-05:00,113.37000274658203,113.4000015258789,112.5199966430664,112.91000366210938,677207,0.0,0.0
2022-12-23 09:30:00-05:00,113.6500015258789,116.31900024414062,113.6500015258789,116.30000305175781,927211,0.0,0.0
2022-12-23 10:30:00-05:00,116.2699966430664,116.79000091552734,115.86000061035156,116.37000274658203,927185,0.0,0.0
2022-12-23 11:30:00-05:00,116.36000061035156,116.9800033569336,116.1500015258789,116.87999725341797,471856,0.0,0.0
2022-12-23 12:30:00-05:00,116.87999725341797,116.98999786376953,116.33999633789062,116.63999938964844,491979,0.0,0.0
2022-12-23 13:30:00-05:00,116.63500213623047,116.80999755859375,115.9800033569336,116.27999877929688,469298,0.0,0.0
2022-12-23 14:30:00-05:00,116.26000213623047,116.70999908447266,116.19000244140625,116.69000244140625,469615,0.0,0.0
2022-12-23 15:30:00-05:00,116.68000030517578,117.0999984741211,116.62999725341797,117.06999969482422,619729,0.0,0.0
2022-12-27 09:30:00-05:00,117.91999816894531,118.38999938964844,117.05999755859375,118.36000061035156,723963,0.0,0.0
2022-12-27 10:30:00-05:00,118.37999725341797,118.69000244140625,117.6500015258789,118.16000366210938,485135,0.0,0.0
2022-12-27 11:30:00-05:00,118.1675033569336,118.7699966430664,118.06999969482422,118.54000091552734,370364,0.0,0.0
2022-12-27 12:30:00-05:00,118.55999755859375,118.88999938964844,118.19000244140625,118.71739959716797,356917,0.0,0.0
2022-12-27 13:30:00-05:00,118.72000122070312,119.05999755859375,117.69999694824219,117.7750015258789,422750,0.0,0.0
2022-12-27 14:30:00-05:00,117.76000213623047,118.55000305175781,117.62000274658203,118.50499725341797,401821,0.0,0.0
2022-12-27 15:30:00-05:00,118.49500274658203,118.66999816894531,118.18000030517578,118.47000122070312,586205,0.0,0.0
2022-12-28 09:30:00-05:00,118.20999908447266,118.2699966430664,115.27999877929688,115.56999969482422,584563,0.0,0.0
2022-12-28 10:30:00-05:00,115.54000091552734,116.27999877929688,115.29000091552734,116.23999786376953,446411,0.0,0.0
2022-12-28 11:30:00-05:00,116.19999694824219,116.30000305175781,115.05000305175781,115.61000061035156,292245,0.0,0.0
2022-12-28 12:30:00-05:00,115.62999725341797,116.5250015258789,115.58000183105469,116.19000244140625,269501,0.0,0.0
2022-12-28 13:30:00-05:00,116.16999816894531,116.2249984741211,115.41999816894531,115.77999877929688,297538,0.0,0.0
2022-12-28 14:30:00-05:00,115.7699966430664,116.38999938964844,114.87000274658203,114.91000366210938,490229,0.0,0.0
2022-12-28 15:30:00-05:00,114.90499877929688,115.44000244140625,114.73999786376953,115.2699966430664,664876,0.0,0.0
2022-12-29 09:30:00-05:00,114.7300033569336,116.31999969482422,114.62000274658203,115.76000213623047,515332,0.0,0.0
2022-12-29 10:30:00-05:00,115.79000091552734,115.9800033569336,115.12000274658203,115.70999908447266,334817,0.0,0.0
2022-12-29 11:30:00-05:00,115.69999694824219,116.22000122070312,115.68000030517578,116.02999877929688,284538,0.0,0.0
2022-12-29 12:30:00-05:00,116.0199966430664,116.51000213623047,115.75,116.37000274658203,244739,0.0,0.0
2022-12-29 13:30:00-05:00,116.36499786376953,116.88999938964844,116.04000091552734,116.69999694824219,285553,0.0,0.0
2022-12-29 14:30:00-05:00,116.70999908447266,117.0,116.31999969482422,116.66000366210938,292846,0.0,0.0
2022-12-29 15:30:00-05:00,116.68000030517578,116.7300033569336,116.16999816894531,116.41000366210938,386451,0.0,0.0
2022-12-30 09:30:00-05:00,116.06999969482422,117.3550033569336,116.01000213623047,117.23999786376953,631900,0.0,0.0
2022-12-30 10:30:00-05:00,117.26000213623047,117.58999633789062,116.8499984741211,117.04000091552734,469490,0.0,0.0
2022-12-30 11:30:00-05:00,117.05000305175781,117.5199966430664,116.75,117.47000122070312,353574,0.0,0.0
2022-12-30 12:30:00-05:00,117.4749984741211,117.7699966430664,116.53500366210938,116.98999786376953,335802,0.0,0.0
2022-12-30 13:30:00-05:00,116.99250030517578,117.30000305175781,116.86000061035156,117.2300033569336,373272,0.0,0.0
2022-12-30 14:30:00-05:00,117.22000122070312,117.98999786376953,117.08999633789062,117.5,416144,0.0,0.0
2022-12-30 15:30:00-05:00,117.4800033569336,118.20999908447266,117.44999694824219,118.01000213623047,641201,0.0,0.0
2023-01-03 09:30:00-05:00,116.55999755859375,117.9802017211914,116.12999725341797,116.37999725341797,1073368,0.0,0.0
2023-01-03 10:30:00-05:00,116.33000183105469,117.33000183105469,115.2300033569336,115.4800033569336,561219,0.0,0.0
2023-01-03 11:30:00-05:00,115.37999725341797,115.37999725341797,114.06999969482422,114.72000122070312,384150,0.0,0.0
2023-01-03 12:30:00-05:00,114.69999694824219,115.0,113.75,113.76000213623047,387673,0.0,0.0
2023-01-03 13:30:00-05:00,113.69999694824219,113.69999694824219,112.16999816894531,112.44000244140625,556358,0.0,0.0
2023-01-03 14:30:00-05:00,112.45999908447266,113.18840026855469,111.91999816894531,112.63999938964844,694967,0.0,0.0
2023-01-03 15:30:00-05:00,112.66000366210938,113.33000183105469,112.61000061035156,113.08999633789062,770904,0.0,0.0
2023-01-04 09:30:00-05:00,111.22000122070312,113.47000122070312,110.45999908447266,112.55000305175781,1215121,0.0,0.0
2023-01-04 10:30:00-05:00,112.62999725341797,114.1343994140625,112.43000030517578,113.80999755859375,462436,0.0,0.0
2023-01-04 11:30:00-05:00,113.83999633789062,114.30999755859375,113.54000091552734,113.94499969482422,334867,0.0,0.0
2023-01-04 12:30:00-05:00,113.95999908447266,114.1500015258789,113.56800079345703,113.91000366210938,361620,0.0,0.0
2023-01-04 13:30:00-05:00,113.8949966430664,114.05000305175781,112.77999877929688,112.80999755859375,394616,0.0,0.0
2023-01-04 14:30:00-05:00,112.80999755859375,113.31999969482422,112.4800033569336,113.05999755859375,399678,0.0,0.0
2023-01-04 15:30:00-05:00,113.08000183105469,113.41999816894531,112.4800033569336,113.33000183105469,644169,0.0,0.0
2023-01-05 09:30:00-05:00,113.52999877929688,115.73380279541016,113.52999877929688,115.23999786376953,794047,0.0,0.0
2023-01-05 10:30:00-05:00,115.23999786376953,116.23999786376953,114.9800033569336,115.6875,473826,0.0,0.0
2023-01-05 11:30:00-05:00,115.66999816894531,116.33799743652344,115.62000274658203,116.22000122070312,502879,0.0,0.0
2023-01-05 12:30:00-05:00,116.22000122070312,117.62000274658203,116.08999633789062,117.52999877929688,373507,0.0,0.0
2023-01-05 13:30:00-05:00,117.56999969482422,117.79499816894531,117.08100128173828,117.11499786376953,579481,0.0,0.0
2023-01-05 14:30:00-05:00,117.13999938964844,117.61000061035156,116.69999694824219,116.76000213623047,616031,0.0,0.0
2023-01-05 15:30:00-05:00,116.73999786376953,116.87999725341797,116.44999694824219,116.80000305175781,883676,0.0,0.0
2023-01-06 09:30:00-05:00,118.5,119.69000244140625,118.18000030517578,119.40499877929688,684137,0.0,0.0
2023-01-06 10:30:00-05:00,119.43000030517578,120.19000244140625,119.11000061035156,119.29000091552734,478452,0.0,0.0
2023-01-06 11:30:00-05:00,119.2699966430664,119.44999694824219,118.41000366210938,118.47000122070312,435532,0.0,0.0
2023-01-06 12:30:00-05:00,118.45999908447266,118.73999786376953,118.01000213623047,118.16999816894531,309242,0.0,0.0
2023-01-06 13:30:00-05:00,118.19000244140625,118.61000061035156,117.54000091552734,118.5199966430664,525294,0.0,0.0
2023-01-06 14:30:00-05:00,118.55999755859375,118.94999694824219,118.52999877929688,118.62999725341797,533050,0.0,0.0
2023-01-06 15:30:00-05:00,118.61000061035156,118.70999908447266,118.12000274658203,118.2300033569336,766272,0.0,0.0
2023-01-09 09:30:00-05:00,120.31999969482422,120.66000366210938,118.30000305175781,118.30000305175781,1363190,0.0,0.0
2023-01-09 10:30:00-05:00,118.2699966430664,119.22000122070312,117.81999969482422,119.0,757229,0.0,0.0
2023-01-09 11:30:00-05:00,118.99500274658203,119.0,117.41000366210938,117.74720001220703,553748,0.0,0.0
2023-01-09 12:30:00-05:00,117.76000213623047,118.0,116.86000061035156,117.25,427086,0.0,0.0
2023-01-09 13:30:00-05:00,117.2300033569336,118.27999877929688,117.08999633789062,117.37999725341797,400101,0.0,0.0
2023-01-09 14:30:00-05:00,117.4000015258789,118.30000305175781,117.4000015258789,117.58000183105469,460170,0.0,0.0
2023-01-09 15:30:00-05:00,117.57499694824219,117.77999877929688,117.31500244140625,117.37999725341797,621369,0.0,0.0
2023-01-10 09:30:00-05:00,118.2300033569336,118.61499786376953,116.95999908447266,117.94999694824219,677734,0.0,0.0
2023-01-10 10:30:00-05:00,117.93000030517578,117.93000030517578,116.69000244140625,116.80500030517578,574784,0.0,0.0
2023-01-10 11:30:00-05:00,116.79000091552734,117.48999786376953,116.68000030517578,117.23999786376953,442539,0.0,0.0
2023-01-10 12:30:00-05:00,117.25499725341797,117.74919891357422,116.86000061035156,117.19000244140625,471227,0.0,0.0
2023-01-10 13:30:00-05:00,117.19999694824219,117.81999969482422,117.1500015258789,117.33999633789062,433582,0.0,0.0
2023-01-10 14:30:00-05:00,117.3499984741211,117.80000305175781,117.08999633789062,117.56999969482422,359157,0.0,0.0
2023-01-10 15:30:00-05:00,117.56999969482422,118.27999877929688,117.38999938964844,118.0999984741211,583705,0.0,0.0
2023-01-11 09:30:00-05:00,119.19000244140625,119.55000305175781,116.91000366210938,117.79000091552734,707655,0.0,0.0
2023-01-11 10:30:00-05:00,117.79000091552734,118.5,117.08000183105469,118.12999725341797,624984,0.0,0.0
2023-01-11 11:30:00-05:00,118.1500015258789,119.4000015258789,118.13999938964844,118.87999725341797,604226,0.0,0.0
2023-01-11 12:30:00-05:00,118.86009979248047,118.91999816894531,117.54000091552734,117.75,497212,0.0,0.0
2023-01-11 13:30:00-05:00,117.79000091552734,118.49500274658203,117.5,118.44999694824219,342591,0.0,0.0
2023-01-11 14:30:00-05:00,118.44000244140625,118.70999908447266,118.30000305175781,118.51000213623047,448895,0.0,0.0
2023-01-11 15:30:00-05:00,118.49500274658203,118.6500015258789,118.12999725341797,118.23999786376953,564843,0.0,0.0
2023-01-12 09:30:00-05:00,118.38999938964844,120.04000091552734,117.8499984741211,119.30999755859375,941711,0.0,0.0
2023-01-12 10:30:00-05:00,119.26000213623047,120.47000122070312,118.93000030517578,120.25,780226,0.0,0.0
2023-01-12 11:30:00-05:00,120.29000091552734,120.58000183105469,119.73999786376953,120.52999877929688,471914,0.0,0.0
2023-01-12 12:30:00-05:00,120.54000091552734,121.0999984741211,120.05999755859375,120.08000183105469,389038,0.0,0.0
2023-01-12 13:30:00-05:00,120.06999969482422,120.94999694824219,120.02999877929688,120.61000061035156,435024,0.0,0.0
2023-01-12 14:30:00-05:00,120.58999633789062,121.04000091552734,120.20999908447266,120.41000366210938,470043,0.0,0.0
2023-01-12 15:30:00-05:00,120.38999938964844,120.5199966430664,119.97000122070312,120.16000366210938,859474,0.0,0.0
2023-01-13 09:30:00-05:00,120.58000183105469,120.80999755859375,118.51000213623047,120.2300033569336,819598,0.0,0.0
2023-01-13 10:30:00-05:00,120.2300033569336,120.94999694824219,119.86000061035156,120.76000213623047,582671,0.0,0.0
2023-01-13 11:30:00-05:00,120.75,120.86000061035156,120.0,120.0999984741211,429092,0.0,0.0
2023-01-13 12:30:00-05:00,120.0999984741211,120.87999725341797,119.79000091552734,120.48999786376953,357127,0.0,0.0
2023-01-13 13:30:00-05:00,120.5,121.4520034790039,120.4896011352539,121.30000305175781,323529,0.0,0.0
2023-01-13 14:30:00-05:00,121.31999969482422,121.81999969482422,121.04000091552734,121.54000091552734,609862,0.0,0.0
2023-01-13 15:30:00-05:00,121.54000091552734,121.8499984741211,121.29000091552734,121.4800033569336,610401,0.0,0.0
2023-01-17 09:30:00-05:00,121.69000244140625,122.53800201416016,120.94999694824219,121.7300033569336,789155,0.0,0.0
2023-01-17 10:30:00-05:00,121.72000122070312,122.18000030517578,120.27999877929688,120.47000122070312,515479,0.0,0.0
2023-01-17 11:30:00-05:00,120.41000366210938,120.9000015258789,119.76000213623047,120.22000122070312,671136,0.0,0.0
2023-01-17 12:30:00-05:00,120.23999786376953,120.44999694824219,119.55999755859375,119.86000061035156,327630,0.0,0.0
2023-01-17 13:30:00-05:00,119.85050201416016,120.13999938964844,119.55999755859375,119.8499984741211,418057,0.0,0.0
2023-01-17 14:30:00-05:00,119.87999725341797,120.36000061035156,119.69999694824219,119.72000122070312,441994,0.0,0.0
2023-01-17 15:30:00-05:00,119.69999694824219,120.30000305175781,119.61000061035156,120.23999786376953,638655,0.0,0.0
2023-01-18 09:30:00-05:00,121.19999694824219,123.70999908447266,121.1500015258789,123.56999969482422,989870,0.0,0.0
2023-01-18 10:30:00-05:00,123.6050033569336,123.69000244140625,121.72000122070312,121.97000122070312,578346,0.0,0.0
2023-01-18 11:30:00-05:00,121.94999694824219,122.05999755859375,119.94999694824219,120.0199966430664,588537,0.0,0.0
2023-01-18 12:30:00-05:00,119.9845962524414,120.14969635009766,119.26000213623047,119.94000244140625,504079,0.0,0.0
2023-01-18 13:30:00-05:00,119.93499755859375,120.43000030517578,119.61000061035156,120.16000366210938,292515,0.0,0.0
2023-01-18 14:30:00-05:00,120.16320037841797,120.30000305175781,119.05000305175781,119.20999908447266,663972,0.0,0.0
2023-01-18 15:30:00-05:00,119.20999908447266,119.21499633789062,118.36000061035156,118.55000305175781,651328,0.0,0.0
2023-01-19 09:30:00-05:00,117.55000305175781,118.5,116.86000061035156,118.16000366210938,924396,0.0,0.0
2023-01-19 10:30:00-05:00,118.18000030517578,118.55000305175781,116.26000213623047,116.45999908447266,723750,0.0,0.0
2023-01-19 11:30:00-05:00,116.45500183105469,118.88999938964844,116.26000213623047,118.71499633789062,609914,0.0,0.0
2023-01-19 12:30:00-05:00,118.72000122070312,119.04000091552734,118.33999633789062,118.79000091552734,336402,0.0,0.0
2023-01-19 13:30:00-05:00,118.79000091552734,120.1500015258789,118.79000091552734,119.9000015258789,449509,0.0,0.0
2023-01-19 14:30:00-05:00,119.90019989013672,120.19999694824219,119.72000122070312,120.0999984741211,467981,0.0,0.0
2023-01-19 15:30:00-05:00,120.09500122070312,120.26000213623047,119.62000274658203,119.63999938964844,644278,0.0,0.0
2023-01-20 09:30:00-05:00,119.75,121.17500305175781,119.25270080566406,120.52749633789062,1099866,0.0,0.0
2023-01-20 10:30:00-05:00,120.54000091552734,121.77999877929688,119.88999938964844,121.69000244140625,562321,0.0,0.0
2023-01-20 11:30:00-05:00,121.72000122070312,121.73999786376953,121.02999877929688,121.41000366210938,404404,0.0,0.0
2023-01-20 12:30:00-05:00,121.41999816894531,121.52999877929688,120.94999694824219,121.2699966430664,336767,0.0,0.0
2023-01-20 13:30:00-05:00,121.29000091552734,121.80999755859375,121.15670013427734,121.5999984741211,457052,0.0,0.0
2023-01-20 14:30:00-05:00,121.60340118408203,121.77999877929688,121.12999725341797,121.38999938964844,458636,0.0,0.0
2023-01-20 15:30:00-05:00,121.3949966430664,121.91000366210938,120.97000122070312,121.80999755859375,852193,0.0,0.0
2023-01-23 09:30:00-05:00,122.69000244140625,123.16999816894531,121.95999908447266,122.44999694824219,473082,0.0,0.0
2023-01-23 10:30:00-05:00,122.44000244140625,123.0999984741211,122.0199966430664,122.7699966430664,397882,0.0,0.0
2023-01-23 11:30:00-05:00,122.77999877929688,122.95999908447266,122.13999938964844,122.4000015258789,369206,0.0,0.0
2023-01-23 12:30:00-05:00,122.37000274658203,122.58999633789062,121.94499969482422,122.01000213623047,331442,0.0,0.0
2023-01-23 13:30:00-05:00,122.0,122.04000091552734,121.05999755859375,121.08999633789062,554733,0.0,0.0
2023-01-23 14:30:00-05:00,121.12000274658203,121.3499984741211,120.19999694824219,120.47000122070312,601134,0.0,0.0
2023-01-23 15:30:00-05:00,120.44999694824219,120.48999786376953,119.97000122070312,120.12999725341797,699344,0.0,0.0
2023-01-24 09:30:00-05:00,121.0,121.0,118.05999755859375,118.93000030517578,827696,0.0,0.0
2023-01-24 10:30:00-05:00,118.93499755859375,118.97000122070312,117.64009857177734,118.0,743167,0.0,0.0
2023-01-24 11:30:00-05:00,117.98999786376953,118.86000061035156,117.67990112304688,118.86000061035156,369115,0.0,0.0
2023-01-24 12:30:00-05:00,118.85379791259766,119.36000061035156,118.83999633789062,119.06999969482422,384525,0.0,0.0
2023-01-24 13:30:00-05:00,119.06999969482422,119.30000305175781,118.73500061035156,118.88999938964844,375768,0.0,0.0
2023-01-24 14:30:00-05:00,118.91000366210938,119.33000183105469,118.86100006103516,119.25,331568,0.0,0.0
2023-01-24 15:30:00-05:00,119.23999786376953,119.27999877929688,118.62999725341797,118.80999755859375,663299,0.0,0.0
2023-01-25 09:30:00-05:00,118.19999694824219,118.70999908447266,116.63999938964844,117.5645980834961,615834,0.0,0.0
2023-01-25 10:30:00-05:00,117.51000213623047,118.875,117.4800033569336,118.8499984741211,442764,0.0,0.0
2023-01-25 11:30:00-05:00,118.86000061035156,119.12000274658203,118.30999755859375,118.3499984741211,302212,0.0,0.0
2023-01-25 12:30:00-05:00,118.3499984741211,119.30500030517578,118.3499984741211,119.19999694824219,331786,0.0,0.0
2023-01-25 13:30:00-05:00,119.25,119.77999877929688,119.16000366210938,119.4271011352539,329259,0.0,0.0
2023-01-25 14:30:00-05:00,119.41999816894531,119.81999969482422,119.37000274658203,119.68000030517578,382485,0.0,0.0
2023-01-25 15:30:00-05:00,119.66999816894531,120.37999725341797,119.38999938964844,120.37999725341797,758454,0.0,0.0
2023-01-26 09:30:00-05:00,122.29000091552734,123.44999694824219,120.80000305175781,121.69999694824219,956463,0.0,0.0
2023-01-26 10:30:00-05:00,121.72000122070312,122.44999694824219,121.1500015258789,121.58999633789062,571568,0.0,0.0
2023-01-26 11:30:00-05:00,121.58000183105469,123.12000274658203,121.47000122070312,122.94999694824219,578171,0.0,0.0
2023-01-26 12:30:00-05:00,122.95999908447266,123.64330291748047,122.62000274658203,123.31999969482422,467487,0.0,0.0
2023-01-26 13:30:00-05:00,123.30999755859375,123.9000015258789,123.0199966430664,123.51000213623047,533028,0.0,0.0
2023-01-26 14:30:00-05:00,123.5,124.62999725341797,123.44000244140625,124.43000030517578,664048,0.0,0.0
2023-01-26 15:30:00-05:00,124.41999816894531,124.7300033569336,123.98500061035156,124.61000061035156,1194675,0.0,0.0
2023-01-27 09:30:00-05:00,124.69000244140625,126.38999938964844,124.44000244140625,124.77999877929688,1025089,0.0,0.0
2023-01-27 10:30:00-05:00,124.7750015258789,125.16000366210938,123.69999694824219,124.5999984741211,750941,0.0,0.0
2023-01-27 11:30:00-05:00,124.61499786376953,124.9000015258789,123.75,123.8499984741211,476641,0.0,0.0
2023-01-27 12:30:00-05:00,123.83999633789062,124.33999633789062,123.79499816894531,124.12000274658203,396031,0.0,0.0
2023-01-27 13:30:00-05:00,124.11499786376953,124.76000213623047,124.0999984741211,124.74500274658203,470608,0.0,0.0
2023-01-27 14:30:00-05:00,124.75499725341797,124.80999755859375,124.1500015258789,124.4000015258789,457289,0.0,0.0
2023-01-27 15:30:00-05:00,124.3949966430664,124.55999755859375,123.5199966430664,123.58000183105469,670810,0.0,0.0
2023-01-30 09:30:00-05:00,122.08999633789062,122.5999984741211,120.66999816894531,121.77999877929688,821118,0.0,0.0
2023-01-30 10:30:00-05:00,121.80000305175781,122.58000183105469,121.58000183105469,121.7699966430664,552828,0.0,0.0
2023-01-30 11:30:00-05:00,121.76000213623047,121.81999969482422,121.125,121.52999877929688,440256,0.0,0.0
2023-01-30 12:30:00-05:00,121.52999877929688,121.61000061035156,120.9800033569336,121.5,419326,0.0,0.0
2023-01-30 13:30:00-05:00,121.5,121.58499908447266,121.05999755859375,121.05999755859375,495920,0.0,0.0
2023-01-30 14:30:00-05:00,121.06999969482422,121.30999755859375,120.33000183105469,120.75,681837,0.0,0.0
2023-01-30 15:30:00-05:00,120.76000213623047,121.23500061035156,120.37999725341797,120.52999877929688,794731,0.0,0.0
2023-01-31 09:30:00-05:00,120.22000122070312,121.10340118408203,119.0999984741211,120.88999938964844,812327,0.0,0.0
2023-01-31 10:30:00-05:00,120.9000015258789,122.06999969482422,120.9000015258789,121.7699966430664,378619,0.0,0.0
2023-01-31 11:30:00-05:00,121.76000213623047,121.80000305175781,121.30000305175781,121.70999908447266,253814,0.0,0.0
2023-01-31 12:30:00-05:00,121.7300033569336,121.93499755859375,121.4000015258789,121.83000183105469,291642,0.0,0.0
2023-01-31 13:30:00-05:00,121.8499984741211,121.9000015258789,121.16000366210938,121.885498046875,408617,0.0,0.0
2023-01-31 14:30:00-05:00,121.87999725341797,122.08999633789062,121.32499694824219,121.33999633789062,407810,0.0,0.0
2023-01-31 15:30:00-05:00,121.33270263671875,122.08999633789062,121.33270263671875,121.88999938964844,709907,0.0,0.0
2023-02-01 09:30:00-05:00,120.70999908447266,120.97000122070312,119.3499984741211,119.6500015258789,686462,0.0,0.0
2023-02-01 10:30:00-05:00,119.63999938964844,119.63999938964844,117.30999755859375,118.03500366210938,945753,0.0,0.0
2023-02-01 11:30:00-05:00,118.06500244140625,118.30000305175781,115.19999694824219,115.69000244140625,932591,0.0,0.0
2023-02-01 12:30:00-05:00,115.7300033569336,116.30999755859375,115.43000030517578,116.23030090332031,566503,0.0,0.0
2023-02-01 13:30:00-05:00,116.23999786376953,117.3406982421875,115.97000122070312,116.75,774379,0.0,0.0
2023-02-01 14:30:00-05:00,116.7249984741211,118.1500015258789,116.11000061035156,118.02999877929688,1138619,0.0,0.0
2023-02-01 15:30:00-05:00,118.01000213623047,119.0,117.5,117.7699966430664,1192678,0.0,0.0
2023-02-02 09:30:00-05:00,113.63500213623047,114.33000183105469,111.62000274658203,113.4800033569336,2566985,0.0,0.0
2023-02-02 10:30:00-05:00,113.46499633789062,114.83000183105469,112.6406021118164,112.75,1553115,0.0,0.0
2023-02-02 11:30:00-05:00,112.75499725341797,113.20999908447266,112.41999816894531,112.95999908447266,1032579,0.0,0.0
2023-02-02 12:30:00-05:00,112.97000122070312,113.1500015258789,111.0999984741211,111.62999725341797,1522990,0.0,0.0
2023-02-02 13:30:00-05:00,111.6500015258789,112.19999694824219,109.87000274658203,110.2698974609375,1144316,0.0,0.0
2023-02-02 14:30:00-05:00,110.2699966430664,110.9000015258789,109.76000213623047,109.83999633789062,1066840,0.0,0.0
2023-02-02 15:30:00-05:00,109.8499984741211,111.48999786376953,109.84500122070312,111.25,1380568,0.0,0.0
2023-02-03 09:30:00-05:00,111.94999694824219,112.31999969482422,111.29000091552734,112.05999755859375,3051079,0.0,0.0
2023-02-03 10:30:00-05:00,112.08000183105469,112.38899993896484,110.79000091552734,110.86000061035156,1148772,0.0,0.0
2023-02-03 11:30:00-05:00,110.8499984741211,110.8499984741211,109.36000061035156,109.80500030517578,1117981,0.0,0.0
2023-02-03 12:30:00-05:00,109.79000091552734,110.06999969482422,107.91000366210938,107.94999694824219,1287351,0.0,0.0
2023-02-03 13:30:00-05:00,107.91999816894531,108.94999694824219,107.76000213623047,108.31999969482422,2146797,0.0,0.0
2023-02-03 14:30:00-05:00,108.33000183105469,108.77999877929688,107.9749984741211,108.26000213623047,1748870,0.0,0.0
2023-02-03 15:30:00-05:00,108.24500274658203,108.41000366210938,107.77999877929688,108.08999633789062,1751911,0.0,0.0
2023-02-06 09:30:00-05:00,109.27999877929688,109.94999694824219,107.33989715576172,107.83999633789062,1416110,0.0,0.0
2023-02-06 10:30:00-05:00,107.83999633789062,108.49500274658203,107.1500015258789,108.43499755859375,1771355,0.0,0.0
2023-02-06 11:30:00-05:00,108.44000244140625,108.63999938964844,107.62000274658203,107.62999725341797,1080349,0.0,0.0
2023-02-06 12:30:00-05:00,107.62999725341797,108.16999816894531,107.0199966430664,107.05000305175781,1894249,0.0,0.0
2023-02-06 13:30:00-05:00,107.04000091552734,107.25,106.83999633789062,107.04000091552734,1625192,0.0,0.0
2023-02-06 14:30:00-05:00,107.04000091552734,107.27999877929688,106.7249984741211,107.08000183105469,1486022,0.0,0.0
2023-02-06 15:30:00-05:00,107.08999633789062,107.83999633789062,106.9800033569336,107.5,1317816,0.0,0.0
2023-02-07 09:30:00-05:00,108.41000366210938,108.5199966430664,107.41000366210938,107.86499786376953,1067664,0.0,0.0
2023-02-07 10:30:00-05:00,107.8499984741211,109.19000244140625,107.5,109.05000305175781,1292195,0.0,0.0
2023-02-07 11:30:00-05:00,109.05500030517578,109.80999755859375,108.9800033569336,109.38999938964844,772310,0.0,0.0
2023-02-07 12:30:00-05:00,109.4000015258789,111.04499816894531,109.25,109.71499633789062,675815,0.0,0.0
2023-02-07 13:30:00-05:00,109.69000244140625,110.63999938964844,109.26000213623047,110.57679748535156,424143,0.0,0.0
2023-02-07 14:30:00-05:00,110.58999633789062,111.44999694824219,110.51000213623047,111.43499755859375,1295103,0.0,0.0
2023-02-07 15:30:00-05:00,111.44999694824219,112.1500015258789,111.1500015258789,112.0199966430664,1014212,0.0,0.0
2023-02-08 09:30:00-05:00,112.2300033569336,113.0,111.20999908447266,111.36000061035156,821153,0.0,0.0
2023-02-08 10:30:00-05:00,111.33000183105469,111.33000183105469,110.25,110.30500030517578,679985,0.0,0.0
2023-02-08 11:30:00-05:00,110.30000305175781,111.13999938964844,109.83999633789062,111.0999984741211,730607,0.0,0.0
2023-02-08 12:30:00-05:00,111.11000061035156,111.3499984741211,110.62999725341797,110.95999908447266,631574,0.0,0.0
2023-02-08 13:30:00-05:00,110.97000122070312,111.06999969482422,110.27999877929688,110.9800033569336,784542,0.0,0.0
2023-02-08 14:30:00-05:00,110.98999786376953,111.27999877929688,110.72000122070312,110.9800033569336,1065721,0.0,0.0
2023-02-08 15:30:00-05:00,110.9800033569336,111.27999877929688,110.63999938964844,110.79000091552734,929108,0.0,0.0
2023-02-09 09:30:00-05:00,110.61000061035156,111.18000030517578,110.2699966430664,111.0999984741211,663269,0.0,0.0
2023-02-09 10:30:00-05:00,111.0999984741211,111.73999786376953,110.58999633789062,111.15499877929688,742880,0.0,0.0
2023-02-09 11:30:00-05:00,111.20999908447266,111.7300033569336,111.05999755859375,111.44000244140625,572169,0.0,0.0
2023-02-09 12:30:00-05:00,111.43499755859375,111.4800033569336,110.5,110.73999786376953,791024,0.0,0.0
2023-02-09 13:30:00-05:00,110.75,111.05000305175781,110.25749969482422,110.33000183105469,489464,0.0,0.0
2023-02-09 14:30:00-05:00,110.33999633789062,110.75,110.16000366210938,110.36620330810547,710667,0.0,0.0
2023-02-09 15:30:00-05:00,110.36000061035156,110.37999725341797,109.8499984741211,109.94000244140625,1070184,0.0,0.0
2023-02-10 09:30:00-05:00,111.9800033569336,114.4800033569336,111.83000183105469,113.78179931640625,3252531,0.0,0.0
2023-02-10 10:30:00-05:00,113.80500030517578,114.01000213623047,113.19999694824219,113.30000305175781,2132721,0.0,0.0
2023-02-10 11:30:00-05:00,113.30000305175781,114.04000091552734,113.27999877929688,113.7249984741211,893115,0.0,0.0
2023-02-10 12:30:00-05:00,113.73500061035156,114.4800033569336,113.68000030517578,114.45999908447266,712326,0.0,0.0
2023-02-10 13:30:00-05:00,114.45999908447266,114.51499938964844,113.91999816894531,113.98999786376953,967125,0.0,0.0
2023-02-10 14:30:00-05:00,113.9800033569336,114.66000366210938,113.81500244140625,114.37999725341797,702063,0.0,0.0
2023-02-10 15:30:00-05:00,114.37999725341797,115.36730194091797,114.37000274658203,115.04000091552734,1171853,0.0,0.0
2023-02-13 09:30:00-05:00,113.94999694824219,114.09500122070312,112.36000061035156,113.27999877929688,707544,0.0,0.0
2023-02-13 10:30:00-05:00,113.2699966430664,113.97000122070312,112.66999816894531,112.79000091552734,581889,0.0,0.0
2023-02-13 11:30:00-05:00,112.80000305175781,113.37999725341797,112.4749984741211,113.37000274658203,428860,0.0,0.0
2023-02-13 12:30:00-05:00,113.37999725341797,113.7699966430664,113.08999633789062,113.2699966430664,1012534,0.0,0.0
2023-02-13 13:30:00-05:00,113.29900360107422,113.38899993896484,112.66500091552734,112.7300033569336,597034,0.0,0.0
2023-02-13 14:30:00-05:00,112.75,113.0,112.12000274658203,112.27999877929688,777921,0.0,0.0
2023-02-13 15:30:00-05:00,112.29000091552734,112.8499984741211,112.16999816894531,112.3499984741211,989748,0.0,0.0
2023-02-14 09:30:00-05:00,111.0,114.27999877929688,110.55000305175781,114.05999755859375,1024445,0.0,0.0
2023-02-14 10:30:00-05:00,114.0999984741211,114.19999694824219,113.20500183105469,113.51499938964844,1142596,0.0,0.0
2023-02-14 11:30:00-05:00,113.5199966430664,113.87000274658203,112.9800033569336,113.80460357666016,544968,0.0,0.0
2023-02-14 12:30:00-05:00,113.80999755859375,114.44999694824219,113.59500122070312,114.23999786376953,867300,0.0,0.0
2023-02-14 13:30:00-05:00,114.25,114.33000183105469,113.66000366210938,113.9000015258789,702523,0.0,0.0
2023-02-14 14:30:00-05:00,113.8949966430664,114.29000091552734,113.78500366210938,114.04499816894531,587541,0.0,0.0
2023-02-14 15:30:00-05:00,114.08000183105469,114.13999938964844,113.51000213623047,113.75,1326861,0.0,0.0
2023-02-15 09:30:00-05:00,111.81999969482422,112.16999816894531,110.05999755859375,111.37999725341797,956632,0.0,0.0
2023-02-15 10:30:00-05:00,111.33999633789062,111.7300033569336,110.7699966430664,110.9800033569336,820447,0.0,0.0
2023-02-15 11:30:00-05:00,110.98870086669922,111.27999877929688,109.9800033569336,110.05000305175781,678372,0.0,0.0
2023-02-15 12:30:00-05:00,110.02999877929688,111.94000244140625,110.0250015258789,111.91999816894531,554561,0.0,0.0
2023-02-15 13:30:00-05:00,111.93000030517578,112.08000183105469,111.38999938964844,111.6500015258789,500443,0.0,0.0
2023-02-15 14:30:00-05:00,111.65499877929688,111.7699966430664,110.98999786376953,111.23500061035156,605049,0.0,0.0
2023-02-15 15:30:00-05:00,111.23999786376953,111.81999969482422,111.17500305175781,111.76000213623047,1117751,0.0,0.0
2023-02-16 09:30:00-05:00,110.87999725341797,111.70999908447266,109.86000061035156,110.1050033569336,817987,0.0,0.0
2023-02-16 10:30:00-05:00,110.06999969482422,110.7979965209961,109.80000305175781,109.91000366210938,638250,0.0,0.0
2023-02-16 11:30:00-05:00,109.91000366210938,110.48999786376953,109.69999694824219,110.45999908447266,629862,0.0,0.0
2023-02-16 12:30:00-05:00,110.47000122070312,110.67990112304688,108.58499908447266,108.7699966430664,837859,0.0,0.0
2023-02-16 13:30:00-05:00,108.7699966430664,109.3499984741211,108.7699966430664,109.08000183105469,657257,0.0,0.0
2023-02-16 14:30:00-05:00,109.06999969482422,109.29000091552734,108.08499908447266,108.26000213623047,934745,0.0,0.0
2023-02-16 15:30:00-05:00,108.23999786376953,108.66999816894531,108.08999633789062,108.41000366210938,951356,0.0,0.0
2023-02-17 09:30:00-05:00,106.44999694824219,106.45999908447266,103.16999816894531,104.86000061035156,2140714,0.0,0.0
2023-02-17 10:30:00-05:00,104.8499984741211,105.36000061035156,103.5,104.19999694824219,1343972,0.0,0.0
2023-02-17 11:30:00-05:00,104.19999694824219,105.5,104.19999694824219,105.02999877929688,887340,0.0,0.0
2023-02-17 12:30:00-05:00,105.04000091552734,105.05000305175781,103.80999755859375,103.97000122070312,823499,0.0,0.0
2023-02-17 13:30:00-05:00,103.9749984741211,104.27999877929688,103.75,103.88670349121094,598172,0.0,0.0
2023-02-17 14:30:00-05:00,103.88999938964844,104.26499938964844,103.52999877929688,103.58999633789062,1344696,0.0,0.0
2023-02-17 15:30:00-05:00,103.58999633789062,104.30000305175781,103.33000183105469,104.16999816894531,2212662,0.0,0.0
2023-02-21 09:30:00-05:00,104.01000213623047,105.5199966430664,103.51000213623047,104.83000183105469,1818215,0.0,0.0
2023-02-21 10:30:00-05:00,104.76000213623047,105.55000305175781,104.58999633789062,105.0,847771,0.0,0.0
2023-02-21 11:30:00-05:00,105.01000213623047,105.47000122070312,104.51000213623047,105.45500183105469,721433,0.0,0.0
2023-02-21 12:30:00-05:00,105.44999694824219,106.12000274658203,105.33499908447266,105.66000366210938,796984,0.0,0.0
2023-02-21 13:30:00-05:00,105.63999938964844,105.7699966430664,105.17009735107422,105.55999755859375,405133,0.0,0.0
2023-02-21 14:30:00-05:00,105.55000305175781,105.69000244140625,105.20999908447266,105.34329986572266,578388,0.0,0.0
2023-02-21 15:30:00-05:00,105.37000274658203,105.7300033569336,105.19000244140625,105.31999969482422,699138,0.0,0.0
2023-02-22 09:30:00-05:00,105.4800033569336,105.4800033569336,103.5999984741211,103.87000274658203,1335446,0.0,0.0
2023-02-22 10:30:00-05:00,103.7699966430664,103.81999969482422,102.95999908447266,103.76000213623047,835498,0.0,0.0
2023-02-22 11:30:00-05:00,103.73609924316406,104.45999908447266,103.5,104.33000183105469,461583,0.0,0.0
2023-02-22 12:30:00-05:00,104.33000183105469,104.71759796142578,104.23999786376953,104.45999908447266,420948,0.0,0.0
2023-02-22 13:30:00-05:00,104.45500183105469,104.81999969482422,103.83999633789062,103.91000366210938,672051,0.0,0.0
2023-02-22 14:30:00-05:00,103.87000274658203,104.08000183105469,103.57499694824219,103.63999938964844,877875,0.0,0.0
2023-02-22 15:30:00-05:00,103.62999725341797,104.09500122070312,103.61000061035156,104.08000183105469,835959,0.0,0.0
2023-02-23 09:30:00-05:00,106.0,106.4000015258789,104.38999938964844,105.83999633789062,944973,0.0,0.0
2023-02-23 10:30:00-05:00,105.83999633789062,105.91999816894531,104.80999755859375,104.87999725341797,474855,0.0,0.0
2023-02-23 11:30:00-05:00,104.87999725341797,105.1500015258789,104.06999969482422,104.44999694824219,496367,0.0,0.0
2023-02-23 12:30:00-05:00,104.44499969482422,105.37000274658203,104.3499984741211,105.33999633789062,429092,0.0,0.0
2023-02-23 13:30:00-05:00,105.3499984741211,105.70999908447266,105.25,105.65010070800781,341261,0.0,0.0
2023-02-23 14:30:00-05:00,105.69000244140625,105.91999816894531,105.33999633789062,105.80000305175781,650462,0.0,0.0
2023-02-23 15:30:00-05:00,105.81999969482422,105.81999969482422,105.22000122070312,105.44999694824219,621692,0.0,0.0
2023-02-24 09:30:00-05:00,104.16999816894531,104.54000091552734,103.36000061035156,103.5199966430664,787207,0.0,0.0
2023-02-24 10:30:00-05:00,103.51000213623047,104.7699966430664,103.44000244140625,104.58999633789062,641760,0.0,0.0
2023-02-24 11:30:00-05:00,104.66000366210938,105.51000213623047,104.26000213623047,104.4800033569336,695429,0.0,0.0
2023-02-24 12:30:00-05:00,104.5,104.62999725341797,103.8499984741211,104.19000244140625,394995,0.0,0.0
2023-02-24 13:30:00-05:00,104.19999694824219,104.83000183105469,104.06999969482422,104.7699966430664,386915,0.0,0.0
2023-02-24 14:30:00-05:00,104.77999877929688,105.55000305175781,104.6500015258789,105.36000061035156,688183,0.0,0.0
2023-02-24 15:30:00-05:00,105.37000274658203,105.44999694824219,104.73999786376953,105.26000213623047,885469,0.0,0.0
2023-02-27 09:30:00-05:00,105.16999816894531,105.16999816894531,103.44000244140625,104.51000213623047,1569415,0.0,0.0
2023-02-27 10:30:00-05:00,104.5,105.54000091552734,104.30000305175781,105.23999786376953,755768,0.0,0.0
2023-02-27 11:30:00-05:00,105.23999786376953,105.66999816894531,104.87999725341797,105.54000091552734,634199,0.0,0.0
2023-02-27 12:30:00-05:00,105.55999755859375,106.05000305175781,105.55999755859375,105.58000183105469,492940,0.0,0.0
2023-02-27 13:30:00-05:00,105.5999984741211,106.08000183105469,105.31500244140625,106.06999969482422,545677,0.0,0.0
2023-02-27 14:30:00-05:00,106.11000061035156,106.18000030517578,105.37000274658203,105.6500015258789,608360,0.0,0.0
2023-02-27 15:30:00-05:00,105.63999938964844,105.91000366210938,105.43000030517578,105.86000061035156,889168,0.0,0.0
2023-02-28 09:30:00-05:00,106.66000366210938,107.30999755859375,105.4000015258789,106.31999969482422,940763,0.0,0.0
2023-02-28 10:30:00-05:00,106.30500030517578,106.44000244140625,105.23760223388672,105.23760223388672,580217,0.0,0.0
2023-02-28 11:30:00-05:00,105.22000122070312,105.43000030517578,104.58999633789062,104.61499786376953,661398,0.0,0.0
2023-02-28 12:30:00-05:00,104.61000061035156,104.75,104.22000122070312,104.43000030517578,464405,0.0,0.0
2023-02-28 13:30:00-05:00,104.44000244140625,104.58000183105469,104.08999633789062,104.47000122070312,423633,0.0,0.0
2023-02-28 14:30:00-05:00,104.45999908447266,104.48999786376953,103.87999725341797,103.98999786376953,440977,0.0,0.0
2023-02-28 15:30:00-05:00,103.98500061035156,104.04499816894531,103.30999755859375,103.3499984741211,1303044,0.0,0.0
2023-03-01 09:30:00-05:00,103.54000091552734,106.55000305175781,103.54000091552734,106.37999725341797,959441,0.0,0.0
2023-03-01 10:30:00-05:00,106.37000274658203,107.68000030517578,106.27999877929688,106.79000091552734,1002525,0.0,0.0
2023-03-01 11:30:00-05:00,106.80999755859375,106.9209976196289,106.19000244140625,106.46499633789062,409703,0.0,0.0
2023-03-01 12:30:00-05:00,106.4800033569336,106.55000305175781,106.125,106.25,396166,0.0,0.0
2023-03-01 13:30:00-05:00,106.23999786376953,106.51000213623047,105.91999816894531,106.48999786376953,444429,0.0,0.0
2023-03-01 14:30:00-05:00,106.47000122070312,106.70999908447266,106.12999725341797,106.6500015258789,590700,0.0,0.0
2023-03-01 15:30:00-05:00,106.66000366210938,106.75,106.11000061035156,106.3499984741211,944975,0.0,0.0
2023-03-02 09:30:00-05:00,106.06999969482422,107.70999908447266,105.77999877929688,107.57479858398438,867475,0.0,0.0
2023-03-02 10:30:00-05:00,107.58999633789062,108.04000091552734,107.0,107.83000183105469,680619,0.0,0.0
2023-03-02 11:30:00-05:00,107.81999969482422,108.2300033569336,107.4000015258789,107.76000213623047,648332,0.0,0.0
2023-03-02 12:30:00-05:00,107.7699966430664,108.62000274658203,107.7300033569336,108.27999877929688,516930,0.0,0.0
2023-03-02 13:30:00-05:00,108.29219818115234,108.69999694824219,107.9800033569336,108.4800033569336,496113,0.0,0.0
2023-03-02 14:30:00-05:00,108.48999786376953,108.80000305175781,108.33000183105469,108.72000122070312,438049,0.0,0.0
2023-03-02 15:30:00-05:00,108.75,108.95999908447266,108.19000244140625,108.37999725341797,860858,0.0,0.0
2023-03-03 09:30:00-05:00,106.2699966430664,108.16999816894531,105.81500244140625,106.875,1829684,0.0,0.0
2023-03-03 10:30:00-05:00,106.88500213623047,108.1500015258789,106.84500122070312,108.08000183105469,922342,0.0,0.0
2023-03-03 11:30:00-05:00,108.04000091552734,108.51000213623047,107.88999938964844,108.43499755859375,486859,0.0,0.0
2023-03-03 12:30:00-05:00,108.43000030517578,108.91500091552734,108.0199966430664,108.66999816894531,745817,0.0,0.0
2023-03-03 13:30:00-05:00,108.68000030517578,109.0199966430664,108.33000183105469,109.01000213623047,514366,0.0,0.0
2023-03-03 14:30:00-05:00,109.0199966430664,109.07959747314453,108.56999969482422,108.70500183105469,567257,0.0,0.0
2023-03-03 15:30:00-05:00,108.69999694824219,108.73999786376953,108.22000122070312,108.6500015258789,744243,0.0,0.0
2023-03-06 09:30:00-05:00,107.58000183105469,108.13999938964844,107.0999984741211,107.66999816894531,821099,0.0,0.0
2023-03-06 10:30:00-05:00,107.67500305175781,108.22000122070312,107.44999694824219,108.19000244140625,822101,0.0,0.0
2023-03-06 11:30:00-05:00,108.19999694824219,109.12000274658203,107.95999908447266,108.83000183105469,648761,0.0,0.0
2023-03-06 12:30:00-05:00,108.83000183105469,109.05000305175781,108.5,108.62999725341797,477532,0.0,0.0
2023-03-06 13:30:00-05:00,108.62000274658203,109.27999877929688,108.58000183105469,109.27999877929688,448079,0.0,0.0
2023-03-06 14:30:00-05:00,109.29000091552734,109.58499908447266,108.97000122070312,109.19619750976562,825457,0.0,0.0
2023-03-06 15:30:00-05:00,109.19999694824219,109.5999984741211,109.18000030517578,109.55999755859375,717488,0.0,0.0
2023-03-07 09:30:00-05:00,108.58999633789062,108.91999816894531,106.86000061035156,107.80999755859375,895199,0.0,0.0
2023-03-07 10:30:00-05:00,107.80500030517578,108.41000366210938,107.0999984741211,107.43000030517578,715817,0.0,0.0
2023-03-07 11:30:00-05:00,107.41999816894531,108.19999694824219,107.38500213623047,107.93000030517578,394376,0.0,0.0
2023-03-07 12:30:00-05:00,107.91000366210938,107.97000122070312,107.12999725341797,107.2300033569336,302184,0.0,0.0
2023-03-07 13:30:00-05:00,107.20999908447266,107.31999969482422,106.66999816894531,107.12000274658203,456419,0.0,0.0
2023-03-07 14:30:00-05:00,107.1500015258789,107.69499969482422,106.9000015258789,107.48999786376953,807649,0.0,0.0
2023-03-07 15:30:00-05:00,107.49500274658203,107.77999877929688,107.40499877929688,107.66000366210938,646523,0.0,0.0
2023-03-08 09:30:00-05:00,107.0,108.52999877929688,107.0,107.69000244140625,587467,0.0,0.0
2023-03-08 10:30:00-05:00,107.66999816894531,108.5,106.61000061035156,107.0199966430664,414852,0.0,0.0
2023-03-08 11:30:00-05:00,107.02999877929688,107.08999633789062,105.76000213623047,106.0999984741211,668700,0.0,0.0
2023-03-08 12:30:00-05:00,106.12000274658203,106.58000183105469,106.0999984741211,106.19000244140625,521804,0.0,0.0
2023-03-08 13:30:00-05:00,106.16999816894531,107.12000274658203,106.11000061035156,107.02999877929688,473908,0.0,0.0
2023-03-08 14:30:00-05:00,107.05000305175781,107.13500213623047,106.12000274658203,106.20500183105469,565687,0.0,0.0
2023-03-08 15:30:00-05:00,106.19999694824219,107.2750015258789,106.19000244140625,107.2300033569336,647151,0.0,0.0
2023-03-09 09:30:00-05:00,107.91999816894531,109.25340270996094,107.38999938964844,107.7699966430664,692634,0.0,0.0
2023-03-09 10:30:00-05:00,107.76000213623047,108.12000274658203,107.04000091552734,107.33499908447266,473391,0.0,0.0
2023-03-09 11:30:00-05:00,107.3687973022461,107.73500061035156,106.83999633789062,107.16999816894531,457337,0.0,0.0
2023-03-09 12:30:00-05:00,107.19999694824219,107.30000305175781,106.23999786376953,106.52140045166016,465768,0.0,0.0
2023-03-09 13:30:00-05:00,106.52999877929688,106.68000030517578,105.86000061035156,106.08000183105469,374170,0.0,0.0
2023-03-09 14:30:00-05:00,106.0999984741211,106.23999786376953,105.36000061035156,105.80000305175781,668642,0.0,0.0
2023-03-09 15:30:00-05:00,105.79000091552734,106.26499938964844,105.76000213623047,105.81999969482422,659935,0.0,0.0
2023-03-10 09:30:00-05:00,105.7300033569336,107.32990264892578,105.16000366210938,105.77999877929688,834089,0.0,0.0
2023-03-10 10:30:00-05:00,105.81999969482422,107.08000183105469,105.1500015258789,106.91999816894531,516907,0.0,0.0
2023-03-10 11:30:00-05:00,106.91000366210938,107.29000091552734,105.16000366210938,105.56999969482422,538308,0.0,0.0
2023-03-10 12:30:00-05:00,105.625,105.77999877929688,104.4000015258789,104.55000305175781,552934,0.0,0.0
2023-03-10 13:30:00-05:00,104.56999969482422,104.86000061035156,103.88999938964844,104.00499725341797,515796,0.0,0.0
2023-03-10 14:30:00-05:00,104.01000213623047,104.95999908447266,103.97000122070312,104.2699966430664,568134,0.0,0.0
2023-03-10 15:30:00-05:00,104.27999877929688,104.37999725341797,103.5999984741211,104.22000122070312,866545,0.0,0.0
2023-03-13 09:30:00-04:00,102.0,102.52999877929688,99.56999969482422,101.42500305175781,2088439,0.0,0.0
2023-03-13 10:30:00-04:00,101.4800033569336,103.58000183105469,101.44999694824219,102.98999786376953,1238837,0.0,0.0
2023-03-13 11:30:00-04:00,102.98500061035156,103.30000305175781,101.73999786376953,102.05500030517578,602841,0.0,0.0
2023-03-13 12:30:00-04:00,102.11000061035156,102.69999694824219,101.23999786376953,101.43000030517578,676901,0.0,0.0
2023-03-13 13:30:00-04:00,101.4000015258789,102.69999694824219,101.12999725341797,101.97000122070312,629067,0.0,0.0
2023-03-13 14:30:00-04:00,101.98999786376953,102.20999908447266,100.36000061035156,100.4800033569336,1135392,0.0,0.0
2023-03-13 15:30:00-04:00,100.44000244140625,101.17500305175781,100.44000244140625,100.69000244140625,1377825,0.0,0.0
2023-03-14 09:30:00-04:00,101.05000305175781,103.94999694824219,100.63999938964844,103.43000030517578,935541,0.0,0.0
2023-03-14 10:30:00-04:00,103.43000030517578,104.13999938964844,102.9749984741211,104.08000183105469,652297,0.0,0.0
2023-03-14 11:30:00-04:00,104.0999984741211,104.4198989868164,103.44999694824219,103.44999694824219,511302,0.0,0.0
2023-03-14 12:30:00-04:00,103.43000030517578,103.70999908447266,102.18000030517578,102.48999786376953,563213,0.0,0.0
2023-03-14 13:30:00-04:00,102.47000122070312,102.87000274658203,101.2699966430664,101.51000213623047,668670,0.0,0.0
2023-03-14 14:30:00-04:00,101.52999877929688,101.76000213623047,99.62000274658203,100.62000274658203,1086633,0.0,0.0
2023-03-14 15:30:00-04:00,100.62000274658203,101.5,100.51000213623047,101.3499984741211,975291,0.0,0.0
2023-03-15 09:30:00-04:00,97.41999816894531,98.70999908447266,96.3010025024414,97.16000366210938,1496473,0.0,0.0
2023-03-15 10:30:00-04:00,97.19999694824219,97.5999984741211,96.23999786376953,96.4800033569336,1165373,0.0,0.0
2023-03-15 11:30:00-04:00,96.44999694824219,96.54989624023438,93.73999786376953,94.3499984741211,1164725,0.0,0.0
2023-03-15 12:30:00-04:00,94.37000274658203,95.58999633789062,93.58999633789062,95.05000305175781,1243527,0.0,0.0
2023-03-15 13:30:00-04:00,95.05000305175781,95.30999755859375,94.04000091552734,95.0,898635,0.0,0.0
2023-03-15 14:30:00-04:00,95.05999755859375,95.55999755859375,94.32499694824219,94.62000274658203,1416870,0.0,0.0
2023-03-15 15:30:00-04:00,94.61000061035156,95.27999877929688,94.33000183105469,95.26000213623047,1432682,0.0,0.0
2023-03-16 09:30:00-04:00,92.01000213623047,94.81999969482422,91.53379821777344,92.94499969482422,1633318,0.0,0.0
2023-03-16 10:30:00-04:00,92.9800033569336,94.87999725341797,92.58999633789062,94.52999877929688,1565901,0.0,0.0
2023-03-16 11:30:00-04:00,94.56999969482422,95.11000061035156,93.94999694824219,94.84500122070312,1096223,0.0,0.0
2023-03-16 12:30:00-04:00,94.8230972290039,96.44000244140625,94.41000366210938,95.87999725341797,1007651,0.0,0.0
2023-03-16 13:30:00-04:00,95.86000061035156,96.18000030517578,95.23999786376953,95.68000030517578,840159,0.0,0.0
2023-03-16 14:30:00-04:00,95.6500015258789,96.30000305175781,95.22000122070312,96.19499969482422,866719,0.0,0.0
2023-03-16 15:30:00-04:00,96.19999694824219,96.5,96.0,96.36000061035156,1123556,0.0,0.0
2023-03-17 09:30:00-04:00,96.3499984741211,96.94999694824219,94.8499984741211,94.88999938964844,2341391,0.0,0.0
2023-03-17 10:30:00-04:00,94.94999694824219,95.33000183105469,94.22000122070312,94.43000030517578,749323,0.0,0.0
2023-03-17 11:30:00-04:00,94.44000244140625,95.41500091552734,93.5,95.18000030517578,815222,0.0,0.0
2023-03-17 12:30:00-04:00,95.19999694824219,95.51000213623047,94.08000183105469,94.4000015258789,782805,0.0,0.0
2023-03-17 13:30:00-04:00,94.38999938964844,94.48999786376953,93.87000274658203,94.19000244140625,812656,0.0,0.0
2023-03-17 14:30:00-04:00,94.18000030517578,94.44999694824219,93.90499877929688,94.12000274658203,1002630,0.0,0.0
2023-03-17 15:30:00-04:00,94.13999938964844,94.48999786376953,93.9000015258789,94.37999725341797,1898738,0.0,0.0
2023-03-20 09:30:00-04:00,94.83999633789062,96.31999969482422,94.70999908447266,96.27999877929688,1118069,0.0,0.0
2023-03-20 10:30:00-04:00,96.25,96.44999694824219,95.31500244140625,96.41300201416016,1119286,0.0,0.0
2023-03-20 11:30:00-04:00,96.44000244140625,96.80000305175781,95.66999816894531,96.05999755859375,840797,0.0,0.0
2023-03-20 12:30:00-04:00,96.05000305175781,96.88999938964844,95.91999816894531,96.29499816894531,638220,0.0,0.0
2023-03-20 13:30:00-04:00,96.29000091552734,96.68000030517578,96.02999877929688,96.58000183105469,654303,0.0,0.0
2023-03-20 14:30:00-04:00,96.58000183105469,96.59500122070312,96.1500015258789,96.54000091552734,673794,0.0,0.0
2023-03-20 15:30:00-04:00,96.52999877929688,96.75,96.08999633789062,96.19999694824219,890257,0.0,0.0
2023-03-21 09:30:00-04:00,98.08999633789062,99.94000244140625,98.0,99.05500030517578,1288638,0.0,0.0
2023-03-21 10:30:00-04:00,99.0199966430664,99.7300033569336,98.47000122070312,99.44000244140625,654480,0.0,0.0
2023-03-21 11:30:00-04:00,99.44000244140625,99.73999786376953,98.94000244140625,99.36000061035156,563014,0.0,0.0
2023-03-21 12:30:00-04:00,99.33000183105469,100.02999877929688,99.33000183105469,100.02999877929688,522012,0.0,0.0
2023-03-21 13:30:00-04:00,100.02999877929688,100.08999633789062,99.41999816894531,100.00499725341797,771418,0.0,0.0
2023-03-21 14:30:00-04:00,100.00499725341797,100.08000183105469,99.69000244140625,99.88999938964844,841501,0.0,0.0
2023-03-21 15:30:00-04:00,99.88999938964844,100.0,99.55500030517578,99.75,940194,0.0,0.0
2023-03-22 09:30:00-04:00,100.0,100.26000213623047,98.94999694824219,99.04000091552734,563850,0.0,0.0
2023-03-22 10:30:00-04:00,99.01000213623047,100.0281982421875,98.91999816894531,99.72000122070312,469331,0.0,0.0
2023-03-22 11:30:00-04:00,99.75,99.83499908447266,99.08999633789062,99.52999877929688,1003795,0.0,0.0
2023-03-22 12:30:00-04:00,99.52999877929688,99.80999755859375,99.30000305175781,99.62999725341797,377261,0.0,0.0
2023-03-22 13:30:00-04:00,99.62999725341797,100.72000122070312,99.54000091552734,100.33999633789062,707708,0.0,0.0
2023-03-22 14:30:00-04:00,100.36000061035156,101.08999633789062,99.08000183105469,99.9800033569336,889872,0.0,0.0
2023-03-22 15:30:00-04:00,99.98739624023438,100.04499816894531,98.29000091552734,98.4000015258789,782415,0.0,0.0
2023-03-23 09:30:00-04:00,98.51000213623047,99.76000213623047,98.51000213623047,98.66999816894531,580761,0.0,0.0
2023-03-23 10:30:00-04:00,98.69499969482422,98.8550033569336,98.15010070800781,98.51000213623047,583130,0.0,0.0
2023-03-23 11:30:00-04:00,98.54000091552734,98.8499984741211,97.72000122070312,97.72000122070312,451542,0.0,0.0
2023-03-23 12:30:00-04:00,97.69000244140625,97.83999633789062,96.2699966430664,96.34500122070312,631725,0.0,0.0
2023-03-23 13:30:00-04:00,96.31999969482422,97.0199966430664,96.29660034179688,96.51000213623047,508071,0.0,0.0
2023-03-23 14:30:00-04:00,96.58999633789062,97.0199966430664,95.5,96.0,967140,0.0,0.0
2023-03-23 15:30:00-04:00,96.0,96.70829772949219,95.83999633789062,96.38999938964844,1100367,0.0,0.0
2023-03-24 09:30:00-04:00,94.55999755859375,95.08999633789062,93.56999969482422,94.38500213623047,1405678,0.0,0.0
2023-03-24 10:30:00-04:00,94.38500213623047,94.63999938964844,93.26000213623047,94.0999984741211,1492352,0.0,0.0
2023-03-24 11:30:00-04:00,94.08000183105469,95.4800033569336,94.08000183105469,94.91999816894531,1311713,0.0,0.0
2023-03-24 12:30:00-04:00,94.94000244140625,95.33000183105469,94.71499633789062,95.08999633789062,844454,0.0,0.0
2023-03-24 13:30:00-04:00,95.0999984741211,95.5199966430664,94.97000122070312,95.27999877929688,792647,0.0,0.0
2023-03-24 14:30:00-04:00,95.2750015258789,95.9000015258789,95.18000030517578,95.75,664836,0.0,0.0
2023-03-24 15:30:00-04:00,95.7300033569336,95.81999969482422,94.9749984741211,95.45999908447266,836553,0.0,0.0
2023-03-27 09:30:00-04:00,96.30999755859375,96.91000366210938,95.59500122070312,96.19000244140625,827117,0.0,0.0
2023-03-27 10:30:00-04:00,96.22000122070312,96.8499984741211,96.11000061035156,96.69000244140625,484739,0.0,0.0
2023-03-27 11:30:00-04:00,96.70999908447266,98.30000305175781,96.70999908447266,98.25,482395,0.0,0.0
2023-03-27 12:30:00-04:00,98.29000091552734,98.5,97.95379638671875,98.33000183105469,458261,0.0,0.0
2023-03-27 13:30:00-04:00,98.31999969482422,98.45999908447266,97.94000244140625,98.0,698350,0.0,0.0
2023-03-27 14:30:00-04:00,98.0,98.18000030517578,97.0999984741211,97.375,1381152,0.0,0.0
2023-03-27 15:30:00-04:00,97.37000274658203,97.79499816894531,97.31999969482422,97.51000213623047,735342,0.0,0.0
2023-03-28 09:30:00-04:00,96.61000061035156,97.70500183105469,96.43000030517578,97.56500244140625,664789,0.0,0.0
2023-03-28 10:30:00-04:00,97.56999969482422,97.9800033569336,97.2300033569336,97.78500366210938,431617,0.0,0.0
2023-03-28 11:30:00-04:00,97.79499816894531,98.5999984741211,97.79000091552734,98.45999908447266,416162,0.0,0.0
2023-03-28 12:30:00-04:00,98.41999816894531,98.69000244140625,98.05999755859375,98.27999877929688,416651,0.0,0.0
2023-03-28 13:30:00-04:00,98.25,98.4000015258789,97.87999725341797,97.94000244140625,411902,0.0,0.0
2023-03-28 14:30:00-04:00,97.94999694824219,98.27999877929688,97.72000122070312,97.95999908447266,351958,0.0,0.0
2023-03-28 15:30:00-04:00,97.94999694824219,98.0999984741211,97.83499908447266,97.93000030517578,544777,0.0,0.0
2023-03-29 09:30:00-04:00,99.63999938964844,99.7979965209961,98.66999816894531,99.67500305175781,729881,0.0,0.0
2023-03-29 10:30:00-04:00,99.69999694824219,99.87000274658203,98.9800033569336,99.31009674072266,750782,0.0,0.0
2023-03-29 11:30:00-04:00,99.33000183105469,99.5250015258789,99.02999877929688,99.33319854736328,422689,0.0,0.0
2023-03-29 12:30:00-04:00,99.3499984741211,99.92919921875,99.30000305175781,99.83000183105469,549678,0.0,0.0
2023-03-29 13:30:00-04:00,99.83000183105469,99.94000244140625,99.51000213623047,99.68000030517578,464184,0.0,0.0
2023-03-29 14:30:00-04:00,99.69000244140625,99.91000366210938,99.62000274658203,99.75,1328726,0.0,0.0
2023-03-29 15:30:00-04:00,99.73999786376953,100.30000305175781,99.55000305175781,99.75,1764673,0.0,0.0
2023-03-30 09:30:00-04:00,100.61000061035156,100.86000061035156,99.34500122070312,99.50499725341797,895740,0.0,0.0
2023-03-30 10:30:00-04:00,99.5,99.91500091552734,99.17410278320312,99.38500213623047,594239,0.0,0.0
2023-03-30 11:30:00-04:00,99.37000274658203,99.48500061035156,98.96730041503906,99.23500061035156,573879,0.0,0.0
2023-03-30 12:30:00-04:00,99.2300033569336,99.4000015258789,99.07620239257812,99.16999816894531,613664,0.0,0.0
2023-03-30 13:30:00-04:00,99.16999816894531,99.33499908447266,98.87000274658203,99.27999877929688,492764,0.0,0.0
2023-03-30 14:30:00-04:00,99.2699966430664,99.4800033569336,99.12999725341797,99.38500213623047,546115,0.0,0.0
2023-03-30 15:30:00-04:00,99.38500213623047,99.61000061035156,99.20999908447266,99.25,996556,0.0,0.0
2023-03-31 09:30:00-04:00,99.80999755859375,99.9000015258789,99.12999725341797,99.41000366210938,937471,0.0,0.0
2023-03-31 10:30:00-04:00,99.38999938964844,99.55999755859375,98.94000244140625,99.3499984741211,957584,0.0,0.0
2023-03-31 11:30:00-04:00,99.37000274658203,99.56500244140625,99.16719818115234,99.30999755859375,796280,0.0,0.0
2023-03-31 12:30:00-04:00,99.3218994140625,99.43000030517578,99.11000061035156,99.20999908447266,434707,0.0,0.0
2023-03-31 13:30:00-04:00,99.19999694824219,99.37999725341797,99.01499938964844,99.2300033569336,834017,0.0,0.0
2023-03-31 14:30:00-04:00,99.22000122070312,99.49230194091797,99.06999969482422,99.45500183105469,731357,0.0,0.0
2023-03-31 15:30:00-04:00,99.45500183105469,99.47000122070312,99.05999755859375,99.2300033569336,1188915,0.0,0.0
2023-04-03 09:30:00-04:00,105.12999725341797,108.66000366210938,105.01000213623047,108.62999725341797,3378953,0.0,0.0
2023-04-03 10:30:00-04:00,108.6500015258789,108.69000244140625,106.66000366210938,106.95999908447266,1471607,0.0,0.0
2023-04-03 11:30:00-04:00,106.94000244140625,107.29499816894531,106.4800033569336,106.94999694824219,846670,0.0,0.0
2023-04-03 12:30:00-04:00,106.93000030517578,107.69000244140625,106.625,107.44999694824219,742711,0.0,0.0
2023-04-03 13:30:00-04:00,107.4800033569336,107.88999938964844,106.9800033569336,107.86000061035156,762250,0.0,0.0
2023-04-03 14:30:00-04:00,107.86000061035156,109.13990020751953,107.73999786376953,108.95500183105469,1558686,0.0,0.0
2023-04-03 15:30:00-04:00,108.95500183105469,108.98999786376953,108.09500122070312,108.43000030517578,1730454,0.0,0.0
2023-04-04 09:30:00-04:00,108.33000183105469,108.7699966430664,106.18000030517578,106.62000274658203,986402,0.0,0.0
2023-04-04 10:30:00-04:00,106.63999938964844,106.83000183105469,105.61599731445312,106.06999969482422,699285,0.0,0.0
2023-04-04 11:30:00-04:00,106.05999755859375,106.06439971923828,105.11000061035156,105.8499984741211,442073,0.0,0.0
2023-04-04 12:30:00-04:00,105.91000366210938,106.77999877929688,105.62999725341797,106.56340026855469,546535,0.0,0.0
2023-04-04 13:30:00-04:00,106.58000183105469,106.83499908447266,106.27999877929688,106.56999969482422,420171,0.0,0.0
2023-04-04 14:30:00-04:00,106.55999755859375,106.75,105.9800033569336,106.05999755859375,469967,0.0,0.0
2023-04-04 15:30:00-04:00,106.06999969482422,106.44999694824219,105.81999969482422,106.29000091552734,629098,0.0,0.0
2023-04-05 09:30:00-04:00,106.91000366210938,107.44999694824219,105.93000030517578,106.58999633789062,778325,0.0,0.0
2023-04-05 10:30:00-04:00,106.58000183105469,107.38999938964844,105.92259979248047,106.37000274658203,649235,0.0,0.0
2023-04-05 11:30:00-04:00,106.38999938964844,107.33999633789062,106.25,106.8949966430664,468837,0.0,0.0
2023-04-05 12:30:00-04:00,106.9000015258789,107.52999877929688,106.41000366210938,107.34120178222656,419842,0.0,0.0
2023-04-05 13:30:00-04:00,107.36000061035156,107.69000244140625,107.01000213623047,107.44999694824219,367106,0.0,0.0
2023-04-05 14:30:00-04:00,107.47000122070312,107.61000061035156,107.2750015258789,107.58000183105469,492833,0.0,0.0
2023-04-05 15:30:00-04:00,107.57499694824219,107.87999725341797,107.38999938964844,107.75,844181,0.0,0.0
2023-04-06 09:30:00-04:00,106.9000015258789,107.43000030517578,106.08000183105469,106.98989868164062,746311,0.0,0.0
2023-04-06 10:30:00-04:00,106.97000122070312,107.2699966430664,106.66999816894531,107.20999908447266,766613,0.0,0.0
2023-04-06 11:30:00-04:00,107.20999908447266,107.73999786376953,107.06999969482422,107.16000366210938,614962,0.0,0.0
2023-04-06 12:30:00-04:00,107.13999938964844,107.59500122070312,107.0,107.25499725341797,375446,0.0,0.0
2023-04-06 13:30:00-04:00,107.25,107.29000091552734,106.87999725341797,107.06999969482422,414669,0.0,0.0
2023-04-06 14:30:00-04:00,107.08000183105469,107.19999694824219,106.0199966430664,106.22000122070312,550030,0.0,0.0
2023-04-06 15:30:00-04:00,106.2300033569336,106.47899627685547,105.89399719238281,106.26000213623047,696876,0.0,0.0
2023-04-10 09:30:00-04:00,107.04000091552734,108.0145034790039,106.68419647216797,106.99500274658203,773082,0.0,0.0
2023-04-10 10:30:00-04:00,107.01499938964844,107.2699966430664,105.95999908447266,106.45999908447266,400682,0.0,0.0
2023-04-10 11:30:00-04:00,106.44999694824219,106.55000305175781,105.75,106.4000015258789,373318,0.0,0.0
2023-04-10 12:30:00-04:00,106.43000030517578,106.72139739990234,106.09500122070312,106.18499755859375,353496,0.0,0.0
2023-04-10 13:30:00-04:00,106.20999908447266,106.56999969482422,106.08999633789062,106.29000091552734,334128,0.0,0.0
2023-04-10 14:30:00-04:00,106.31999969482422,106.4000015258789,105.8499984741211,106.06999969482422,477014,0.0,0.0
2023-04-10 15:30:00-04:00,106.05500030517578,106.08999633789062,105.61000061035156,105.94999694824219,748881,0.0,0.0
2023-04-11 09:30:00-04:00,106.26000213623047,106.69000244140625,105.48999786376953,106.16000366210938,847237,0.0,0.0
2023-04-11 10:30:00-04:00,106.19999694824219,106.73999786376953,105.94000244140625,106.61000061035156,535244,0.0,0.0
2023-04-11 11:30:00-04:00,106.55999755859375,107.11499786376953,106.41000366210938,106.72000122070312,467670,0.0,0.0
2023-04-11 12:30:00-04:00,106.69000244140625,107.0999984741211,106.67500305175781,106.91000366210938,385399,0.0,0.0
2023-04-11 13:30:00-04:00,106.91999816894531,107.1050033569336,106.70999908447266,107.08999633789062,427902,0.0,0.0
2023-04-11 14:30:00-04:00,107.08999633789062,107.19999694824219,106.69000244140625,107.06999969482422,475760,0.0,0.0
2023-04-11 15:30:00-04:00,107.06999969482422,107.06999969482422,106.44000244140625,106.76000213623047,813599,0.0,0.0
2023-04-12 09:30:00-04:00,108.68000030517578,109.08999633789062,107.4800033569336,108.58000183105469,1943322,0.0,0.0
2023-04-12 10:30:00-04:00,108.56999969482422,108.6449966430664,107.62999725341797,108.15499877929688,964960,0.0,0.0
2023-04-12 11:30:00-04:00,108.19000244140625,108.45760345458984,108.08000183105469,108.33000183105469,803292,0.0,0.0
2023-04-12 12:30:00-04:00,108.36000061035156,108.62000274658203,108.23999786376953,108.29000091552734,754853,0.0,0.0
2023-04-12 13:30:00-04:00,108.2699966430664,108.47000122070312,108.05000305175781,108.19000244140625,714970,0.0,0.0
2023-04-12 14:30:00-04:00,108.18000030517578,108.19000244140625,107.63999938964844,107.68000030517578,846058,0.0,0.0
2023-04-12 15:30:00-04:00,107.69999694824219,107.79989624023438,107.40499877929688,107.56999969482422,1069974,0.0,0.0
2023-04-13 09:30:00-04:00,107.94000244140625,109.427001953125,107.12000274658203,109.26000213623047,1365326,0.0,0.0
2023-04-13 10:30:00-04:00,109.26000213623047,109.37000274658203,109.1050033569336,109.18000030517578,782576,0.0,0.0
2023-04-13 11:30:00-04:00,109.16000366210938,109.26499938964844,108.41999816894531,109.16000366210938,623238,0.0,0.0
2023-04-13 12:30:00-04:00,109.16999816894531,109.375,108.94999694824219,109.12000274658203,547860,0.0,0.0
2023-04-13 13:30:00-04:00,109.13999938964844,109.9000015258789,108.98999786376953,109.59500122070312,894789,0.0,0.0
2023-04-13 14:30:00-04:00,109.58999633789062,109.77249908447266,109.52999877929688,109.70999908447266,776380,0.0,0.0
2023-04-13 15:30:00-04:00,109.72000122070312,109.75,108.94000244140625,109.05000305175781,1077047,0.0,0.0
2023-04-14 09:30:00-04:00,109.4800033569336,110.0199966430664,108.88999938964844,108.91000366210938,1016179,0.0,0.0
2023-04-14 10:30:00-04:00,108.93000030517578,109.26000213623047,108.31999969482422,108.41000366210938,469098,0.0,0.0
2023-04-14 11:30:00-04:00,108.41999816894531,108.66999816894531,108.12000274658203,108.33000183105469,388352,0.0,0.0
2023-04-14 12:30:00-04:00,108.30000305175781,108.93000030517578,108.30000305175781,108.55000305175781,446958,0.0,0.0
2023-04-14 13:30:00-04:00,108.55999755859375,108.69999694824219,108.37000274658203,108.61000061035156,380151,0.0,0.0
2023-04-14 14:30:00-04:00,108.62000274658203,108.69999694824219,108.16000366210938,108.41000366210938,553348,0.0,0.0
2023-04-14 15:30:00-04:00,108.41000366210938,108.61000061035156,108.33000183105469,108.48999786376953,811361,0.0,0.0
2023-04-17 09:30:00-04:00,106.80000305175781,107.69000244140625,106.33999633789062,106.99500274658203,945992,0.0,0.0
2023-04-17 10:30:00-04:00,106.97000122070312,107.16999816894531,105.83999633789062,106.20999908447266,645972,0.0,0.0
2023-04-17 11:30:00-04:00,106.22000122070312,106.45999908447266,105.94999694824219,106.22000122070312,634547,0.0,0.0
2023-04-17 12:30:00-04:00,106.2300033569336,106.44999694824219,106.08000183105469,106.41000366210938,392646,0.0,0.0
2023-04-17 13:30:00-04:00,106.41000366210938,106.45999908447266,105.80000305175781,106.0199966430664,478802,0.0,0.0
2023-04-17 14:30:00-04:00,106.01000213623047,106.12999725341797,105.8499984741211,106.00499725341797,499366,0.0,0.0
2023-04-17 15:30:00-04:00,106.0,106.0,105.58000183105469,105.61000061035156,1110146,0.0,0.0
2023-04-18 09:30:00-04:00,105.18000030517578,105.4000015258789,104.54000091552734,105.33000183105469,974580,0.0,0.0
2023-04-18 10:30:00-04:00,105.30000305175781,105.4000015258789,104.80999755859375,105.13500213623047,458314,0.0,0.0
2023-04-18 11:30:00-04:00,105.11499786376953,105.69999694824219,104.87000274658203,105.61499786376953,553844,0.0,0.0
2023-04-18 12:30:00-04:00,105.61000061035156,105.61499786376953,104.94000244140625,105.0,712631,0.0,0.0
2023-04-18 13:30:00-04:00,105.01000213623047,105.19000244140625,104.58999633789062,104.6500015258789,736084,0.0,0.0
2023-04-18 14:30:00-04:00,104.63999938964844,104.83000183105469,104.09500122070312,104.37000274658203,938711,0.0,0.0
2023-04-18 15:30:00-04:00,104.36750030517578,104.9800033569336,104.16999816894531,104.94000244140625,2100018,0.0,0.0
2023-04-19 09:30:00-04:00,103.8499984741211,104.72000122070312,103.50409698486328,104.37000274658203,739989,0.0,0.0
2023-04-19 10:30:00-04:00,104.33999633789062,105.13999938964844,104.09500122070312,104.94999694824219,541015,0.0,0.0
2023-04-19 11:30:00-04:00,104.94999694824219,105.06199645996094,104.43000030517578,104.66999816894531,389474,0.0,0.0
2023-04-19 12:30:00-04:00,104.68000030517578,105.55000305175781,104.66999816894531,105.41999816894531,416299,0.0,0.0
2023-04-19 13:30:00-04:00,105.41999816894531,105.80999755859375,105.0199966430664,105.05000305175781,727570,0.0,0.0
2023-04-19 14:30:00-04:00,105.05999755859375,105.13999938964844,104.73999786376953,104.91000366210938,549132,0.0,0.0
2023-04-19 15:30:00-04:00,104.91500091552734,105.33000183105469,104.81999969482422,105.26000213623047,751954,0.0,0.0
2023-04-20 09:30:00-04:00,103.44999694824219,103.9000015258789,102.37000274658203,102.53500366210938,957135,0.0,0.0
2023-04-20 10:30:00-04:00,102.52999877929688,103.25,102.43000030517578,102.59500122070312,647788,0.0,0.0
2023-04-20 11:30:00-04:00,102.58000183105469,102.94999694824219,102.12000274658203,102.94779968261719,697337,0.0,0.0
2023-04-20 12:30:00-04:00,102.94999694824219,103.5199966430664,102.9000015258789,103.375,370451,0.0,0.0
2023-04-20 13:30:00-04:00,103.37999725341797,103.46499633789062,103.0,103.41000366210938,363717,0.0,0.0
2023-04-20 14:30:00-04:00,103.41000366210938,103.41000366210938,102.9800033569336,103.0999984741211,448320,0.0,0.0
2023-04-20 15:30:00-04:00,103.1050033569336,103.81500244140625,103.1050033569336,103.77999877929688,972174,0.0,0.0
2023-04-21 09:30:00-04:00,104.0999984741211,104.19999694824219,102.9800033569336,103.5999984741211,649999,0.0,0.0
2023-04-21 10:30:00-04:00,103.58999633789062,103.70249938964844,102.43000030517578,102.5199966430664,516368,0.0,0.0
2023-04-21 11:30:00-04:00,102.5199966430664,102.7699966430664,102.27999877929688,102.30000305175781,492866,0.0,0.0
2023-04-21 12:30:00-04:00,102.31999969482422,102.3499984741211,101.7300033569336,101.80000305175781,648967,0.0,0.0
2023-04-21 13:30:00-04:00,101.81999969482422,102.4749984741211,101.81999969482422,102.17500305175781,424837,0.0,0.0
2023-04-21 14:30:00-04:00,102.181396484375,102.22000122070312,101.62999725341797,101.86499786376953,680311,0.0,0.0
2023-04-21 15:30:00-04:00,101.86499786376953,102.29000091552734,101.82499694824219,102.26000213623047,1133970,0.0,0.0
2023-04-24 09:30:00-04:00,101.94999694824219,102.66999816894531,101.7699966430664,102.31999969482422,664259,0.0,0.0
2023-04-24 10:30:00-04:00,102.32499694824219,102.77999877929688,101.88500213623047,102.69000244140625,700066,0.0,0.0
2023-04-24 11:30:00-04:00,102.68000030517578,103.68599700927734,102.66000366210938,103.48500061035156,465270,0.0,0.0
2023-04-24 12:30:00-04:00,103.51000213623047,103.5199966430664,103.16999816894531,103.3499984741211,343507,0.0,0.0
2023-04-24 13:30:00-04:00,103.33999633789062,103.79989624023438,103.2699966430664,103.63500213623047,424709,0.0,0.0
2023-04-24 14:30:00-04:00,103.63999938964844,103.94950103759766,103.48999786376953,103.70999908447266,457755,0.0,0.0
2023-04-24 15:30:00-04:00,103.70999908447266,103.93000030517578,103.55999755859375,103.63999938964844,988750,0.0,0.0
2023-04-25 09:30:00-04:00,101.5999984741211,102.41000366210938,100.58999633789062,100.73999786376953,718882,0.0,0.0
2023-04-25 10:30:00-04:00,100.72000122070312,101.37000274658203,100.4800033569336,101.11000061035156,501487,0.0,0.0
2023-04-25 11:30:00-04:00,101.0999984741211,101.58000183105469,100.87999725341797,101.33000183105469,415083,0.0,0.0
2023-04-25 12:30:00-04:00,101.33000183105469,101.7750015258789,100.86000061035156,101.12000274658203,451460,0.0,0.0
2023-04-25 13:30:00-04:00,101.11499786376953,101.78500366210938,101.02999877929688,101.7699966430664,540349,0.0,0.0
2023-04-25 14:30:00-04:00,101.77999877929688,101.92500305175781,101.30999755859375,101.70999908447266,712726,0.0,0.0
2023-04-25 15:30:00-04:00,101.70500183105469,102.11000061035156,101.55999755859375,102.08999633789062,987537,0.0,0.0
2023-04-26 09:30:00-04:00,101.33000183105469,102.12000274658203,100.0999984741211,100.50599670410156,560894,0.0,0.0
2023-04-26 10:30:00-04:00,100.54000091552734,101.94000244140625,100.52999877929688,101.66000366210938,471858,0.0,0.0
2023-04-26 11:30:00-04:00,101.6500015258789,102.12999725341797,101.3949966430664,101.62999725341797,337976,0.0,0.0
2023-04-26 12:30:00-04:00,101.62999725341797,101.75,100.96690368652344,101.0,247142,0.0,0.0
2023-04-26 13:30:00-04:00,101.01000213623047,101.06999969482422,99.94000244140625,100.05000305175781,428059,0.0,0.0
2023-04-26 14:30:00-04:00,100.05999755859375,100.27999877929688,99.6500015258789,99.88500213623047,626120,0.0,0.0
2023-04-26 15:30:00-04:00,99.88999938964844,100.56999969482422,99.8499984741211,100.43000030517578,713520,0.0,0.0
2023-04-27 09:30:00-04:00,100.44999694824219,101.46600341796875,100.05000305175781,100.8499984741211,702210,0.0,0.0
2023-04-27 10:30:00-04:00,100.86000061035156,100.86499786376953,99.80999755859375,100.56999969482422,431917,0.0,0.0
2023-04-27 11:30:00-04:00,100.58999633789062,100.72000122070312,99.9800033569336,100.29000091552734,358582,0.0,0.0
2023-04-27 12:30:00-04:00,100.30000305175781,100.97000122070312,100.12000274658203,100.88500213623047,407891,0.0,0.0
2023-04-27 13:30:00-04:00,100.88999938964844,101.37000274658203,100.83000183105469,101.33999633789062,439054,0.0,0.0
2023-04-27 14:30:00-04:00,101.36000061035156,101.92500305175781,101.16000366210938,101.68000030517578,598300,0.0,0.0
2023-04-27 15:30:00-04:00,101.67500305175781,101.75499725341797,101.19000244140625,101.23500061035156,602373,0.0,0.0
2023-04-28 09:30:00-04:00,100.56999969482422,102.9800033569336,100.31999969482422,102.73999786376953,772687,0.0,0.0
2023-04-28 10:30:00-04:00,102.75499725341797,103.4000015258789,102.0199966430664,103.21179962158203,780856,0.0,0.0
2023-04-28 11:30:00-04:00,103.19999694824219,103.7300033569336,102.95999908447266,103.57499694824219,287801,0.0,0.0
2023-04-28 12:30:00-04:00,103.5999984741211,103.67500305175781,103.01000213623047,103.3949966430664,262239,0.0,0.0
2023-04-28 13:30:00-04:00,103.4000015258789,103.4800033569336,102.72000122070312,102.79499816894531,498464,0.0,0.0
2023-04-28 14:30:00-04:00,102.79000091552734,103.5250015258789,102.68000030517578,103.29000091552734,528811,0.0,0.0
2023-04-28 15:30:00-04:00,103.29000091552734,103.37999725341797,102.7300033569336,102.91000366210938,876426,0.0,0.0
2023-05-01 09:30:00-04:00,101.58000183105469,103.01000213623047,101.12999725341797,102.26000213623047,452473,0.0,0.0
2023-05-01 10:30:00-04:00,102.27999877929688,102.62000274658203,102.0,102.54499816894531,550753,0.0,0.0
2023-05-01 11:30:00-04:00,102.51000213623047,102.8499984741211,102.20999908447266,102.7699966430664,381920,0.0,0.0
2023-05-01 12:30:00-04:00,102.7699966430664,102.94989776611328,102.08000183105469,102.18000030517578,472290,0.0,0.0
2023-05-01 13:30:00-04:00,102.1500015258789,102.66999816894531,102.05000305175781,102.58000183105469,355317,0.0,0.0
2023-05-01 14:30:00-04:00,102.58999633789062,102.61000061035156,102.0999984741211,102.0999984741211,338783,0.0,0.0
2023-05-01 15:30:00-04:00,102.11170196533203,102.62999725341797,102.1050033569336,102.5199966430664,502017,0.0,0.0
2023-05-02 09:30:00-04:00,100.87999725341797,101.38999938964844,98.73999786376953,98.88999938964844,1171089,0.0,0.0
2023-05-02 10:30:00-04:00,98.95999908447266,99.0,97.56999969482422,97.70999908447266,1343214,0.0,0.0
2023-05-02 11:30:00-04:00,97.72000122070312,98.30999755859375,97.4800033569336,97.69999694824219,741728,0.0,0.0
2023-05-02 12:30:00-04:00,97.63999938964844,98.68000030517578,97.4800033569336,98.48500061035156,727835,0.0,0.0
2023-05-02 13:30:00-04:00,98.5,99.0199966430664,98.26000213623047,98.47000122070312,979476,0.0,0.0
2023-05-02 14:30:00-04:00,98.4800033569336,99.38670349121094,98.19000244140625,99.25,986599,0.0,0.0
2023-05-02 15:30:00-04:00,99.23999786376953,99.25,98.5999984741211,98.62000274658203,1040763,0.0,0.0
2023-05-03 09:30:00-04:00,96.83000183105469,97.23999786376953,96.0,97.01000213623047,1300284,0.0,0.0
2023-05-03 10:30:00-04:00,96.98999786376953,97.06999969482422,95.86000061035156,95.98999786376953,998365,0.0,0.0
2023-05-03 11:30:00-04:00,95.97000122070312,97.18499755859375,95.70999908447266,96.87000274658203,824183,0.0,0.0
2023-05-03 12:30:00-04:00,96.8499984741211,97.41000366210938,96.80000305175781,97.39109802246094,640542,0.0,0.0
2023-05-03 13:30:00-04:00,97.41000366210938,97.58000183105469,96.63999938964844,96.66000366210938,936618,0.0,0.0
2023-05-03 14:30:00-04:00,96.68000030517578,97.12999725341797,95.7699966430664,95.94999694824219,1685180,0.0,0.0
2023-05-03 15:30:00-04:00,95.91999816894531,96.36000061035156,95.69999694824219,96.00499725341797,1562962,0.0,0.0
2023-05-04 09:30:00-04:00,96.19999694824219,98.26499938964844,95.80999755859375,96.37999725341797,1316908,0.0,0.0
2023-05-04 10:30:00-04:00,96.41000366210938,98.5199966430664,96.24500274658203,97.81999969482422,815826,0.0,0.0
2023-05-04 11:30:00-04:00,97.86000061035156,97.88999938964844,96.80500030517578,96.98999786376953,675418,0.0,0.0
2023-05-04 12:30:00-04:00,97.01000213623047,97.79000091552734,96.68000030517578,97.44000244140625,596862,0.0,0.0
2023-05-04 13:30:00-04:00,97.44999694824219,97.75499725341797,96.97000122070312,97.4000015258789,818004,0.0,0.0
2023-05-04 14:30:00-04:00,97.38999938964844,98.13999938964844,97.31999969482422,97.72000122070312,672877,0.0,0.0
2023-05-04 15:30:00-04:00,97.69999694824219,97.88999938964844,97.30000305175781,97.38999938964844,909229,0.0,0.0
2023-05-05 09:30:00-04:00,101.12000274658203,101.5999984741211,100.02999877929688,100.61000061035156,1041031,0.0,0.0
2023-05-05 10:30:00-04:00,100.6500015258789,100.83000183105469,98.94000244140625,99.5999984741211,650226,0.0,0.0
2023-05-05 11:30:00-04:00,99.61000061035156,99.93000030517578,99.30000305175781,99.625,425591,0.0,0.0
2023-05-05 12:30:00-04:00,99.63999938964844,100.30999755859375,99.55999755859375,100.01000213623047,427401,0.0,0.0
2023-05-05 13:30:00-04:00,100.0,101.13999938964844,99.93000030517578,100.9800033569336,747233,0.0,0.0
2023-05-05 14:30:00-04:00,100.98999786376953,101.22000122070312,100.86000061035156,101.02140045166016,655552,0.0,0.0
2023-05-05 15:30:00-04:00,101.0199966430664,101.0199966430664,100.30999755859375,100.37999725341797,854903,0.0,0.0
2023-05-08 09:30:00-04:00,102.08999633789062,102.75,101.41200256347656,101.80000305175781,815046,0.0,0.0
2023-05-08 10:30:00-04:00,101.83000183105469,102.51000213623047,101.69000244140625,102.23999786376953,481393,0.0,0.0
2023-05-08 11:30:00-04:00,102.26000213623047,102.29000091552734,101.48999786376953,101.52999877929688,316510,0.0,0.0
2023-05-08 12:30:00-04:00,101.55999755859375,101.85399627685547,101.17500305175781,101.66000366210938,358839,0.0,0.0
2023-05-08 13:30:00-04:00,101.66500091552734,101.87999725341797,100.76499938964844,101.30670166015625,630270,0.0,0.0
2023-05-08 14:30:00-04:00,101.31500244140625,101.5199966430664,100.60009765625,100.86000061035156,435281,0.0,0.0
2023-05-08 15:30:00-04:00,100.85900115966797,101.08999633789062,100.68000030517578,100.91000366210938,639680,0.0,0.0
2023-05-09 09:30:00-04:00,100.01000213623047,101.7699966430664,100.01000213623047,101.0999984741211,602044,0.0,0.0
2023-05-09 10:30:00-04:00,101.08000183105469,101.68000030517578,100.4800033569336,100.5999984741211,573034,0.0,0.0
2023-05-09 11:30:00-04:00,100.62000274658203,101.45500183105469,100.62000274658203,100.97000122070312,375548,0.0,0.0
2023-05-09 12:30:00-04:00,100.9749984741211,101.83499908447266,100.94499969482422,101.76000213623047,659724,0.0,0.0
2023-05-09 13:30:00-04:00,101.76000213623047,102.4800033569336,101.7249984741211,102.19999694824219,465728,0.0,0.0
2023-05-09 14:30:00-04:00,102.19000244140625,102.62000274658203,102.11000061035156,102.16000366210938,462977,0.0,0.0
2023-05-09 15:30:00-04:00,102.160400390625,102.31999969482422,101.48999786376953,101.55000305175781,697917,0.0,0.0
2023-05-10 09:30:00-04:00,101.98999786376953,102.26000213623047,100.0250015258789,100.55999755859375,992640,0.0,0.0
2023-05-10 10:30:00-04:00,100.58000183105469,101.22000122070312,100.27999877929688,100.91999816894531,661814,0.0,0.0
2023-05-10 11:30:00-04:00,100.93000030517578,100.95999908447266,100.16500091552734,100.66999816894531,537534,0.0,0.0
2023-05-10 12:30:00-04:00,100.66999816894531,100.69999694824219,99.72000122070312,99.76000213623047,338933,0.0,0.0
2023-05-10 13:30:00-04:00,99.75,100.26000213623047,99.55490112304688,100.19989776611328,534555,0.0,0.0
2023-05-10 14:30:00-04:00,100.19999694824219,100.83779907226562,100.16999816894531,100.7300033569336,542317,0.0,0.0
2023-05-10 15:30:00-04:00,100.7300033569336,100.8499984741211,100.29000091552734,100.44999694824219,724179,0.0,0.0
2023-05-11 09:30:00-04:00,98.87999725341797,99.9000015258789,98.55000305175781,99.2750015258789,812818,0.0,0.0
2023-05-11 10:30:00-04:00,99.31999969482422,100.01000213623047,99.08999633789062,99.48999786376953,621486,0.0,0.0
2023-05-11 11:30:00-04:00,99.48500061035156,99.94000244140625,99.0199966430664,99.52999877929688,615858,0.0,0.0
2023-05-11 12:30:00-04:00,99.55000305175781,99.7699966430664,99.17500305175781,99.52999877929688,650747,0.0,0.0
2023-05-11 13:30:00-04:00,99.52999877929688,99.79000091552734,99.0199966430664,99.44000244140625,506434,0.0,0.0
2023-05-11 14:30:00-04:00,99.44999694824219,100.12000274658203,99.42500305175781,99.91000366210938,659132,0.0,0.0
2023-05-11 15:30:00-04:00,99.9000015258789,99.93000030517578,99.375,99.87999725341797,783690,0.0,0.0
2023-05-12 09:30:00-04:00,100.63999938964844,100.94999694824219,99.76499938964844,100.04000091552734,634855,0.0,0.0
2023-05-12 10:30:00-04:00,100.0250015258789,100.56999969482422,99.72000122070312,99.81999969482422,734866,0.0,0.0
2023-05-12 11:30:00-04:00,99.82499694824219,99.82499694824219,98.73999786376953,98.9000015258789,423355,0.0,0.0
2023-05-12 12:30:00-04:00,98.9083023071289,99.4000015258789,98.87000274658203,99.2699966430664,481909,0.0,0.0
2023-05-12 13:30:00-04:00,99.25,99.36000061035156,98.70500183105469,99.06999969482422,657557,0.0,0.0
2023-05-12 14:30:00-04:00,99.06999969482422,99.37000274658203,99.0199966430664,99.23989868164062,672827,0.0,0.0
2023-05-12 15:30:00-04:00,99.25,99.44999694824219,99.0999984741211,99.43000030517578,613520,0.0,0.0
2023-05-15 09:30:00-04:00,99.33000183105469,99.91000366210938,98.45999908447266,99.06999969482422,570156,0.0,0.0
2023-05-15 10:30:00-04:00,99.06999969482422,99.54000091552734,98.97000122070312,99.16000366210938,677879,0.0,0.0
2023-05-15 11:30:00-04:00,99.1500015258789,99.6500015258789,99.1500015258789,99.6155014038086,653820,0.0,0.0
2023-05-15 12:30:00-04:00,99.63999938964844,100.44999694824219,99.62000274658203,99.63999938964844,385941,0.0,0.0
2023-05-15 13:30:00-04:00,99.55999755859375,99.75,99.25,99.55000305175781,366104,0.0,0.0
2023-05-15 14:30:00-04:00,99.56500244140625,99.83000183105469,99.56220245361328,99.75,319221,0.0,0.0
2023-05-15 15:30:00-04:00,99.73999786376953,100.4000015258789,99.70999908447266,100.29000091552734,1303575,0.0,0.0
2023-05-16 09:30:00-04:00,99.87000274658203,100.55999755859375,98.7300033569336,99.01000213623047,955338,0.0,0.0
2023-05-16 10:30:00-04:00,98.98999786376953,99.05500030517578,97.41999816894531,97.81999969482422,856161,0.0,0.0
2023-05-16 11:30:00-04:00,97.81849670410156,98.24120330810547,97.69000244140625,97.90750122070312,417528,0.0,0.0
2023-05-16 12:30:00-04:00,97.91000366210938,98.36000061035156,97.76499938964844,98.33000183105469,346601,0.0,0.0
2023-05-16 13:30:00-04:00,98.33000183105469,98.62999725341797,98.19000244140625,98.44499969482422,498503,0.0,0.0
2023-05-16 14:30:00-04:00,98.44000244140625,98.4800033569336,98.0,98.23999786376953,389154,0.0,0.0
2023-05-16 15:30:00-04:00,98.2300033569336,98.30999755859375,97.79000091552734,98.06999969482422,641305,0.0,0.0
2023-05-17 09:30:00-04:00,99.54000091552734,99.81999969482422,98.80999755859375,99.5,626289,0.0,0.0
2023-05-17 10:30:00-04:00,99.4800033569336,99.61000061035156,98.55999755859375,99.56999969482422,473818,0.0,0.0
2023-05-17 11:30:00-04:00,99.56999969482422,100.0199966430664,99.41000366210938,99.97000122070312,367907,0.0,0.0
2023-05-17 12:30:00-04:00,99.98999786376953,100.88999938964844,99.94000244140625,100.88999938964844,402321,0.0,0.0
2023-05-17 13:30:00-04:00,100.8949966430664,101.45999908447266,100.87999725341797,101.0999984741211,656428,0.0,0.0
2023-05-17 14:30:00-04:00,101.08999633789062,101.16000366210938,100.77290344238281,100.83999633789062,459730,0.0,0.0
2023-05-17 15:30:00-04:00,100.83000183105469,100.87999725341797,100.58999633789062,100.70999908447266,705529,0.0,0.0
2023-05-18 09:30:00-04:00,100.19999694824219,100.77999877929688,99.2699966430664,100.03179931640625,678664,0.0,0.0
2023-05-18 10:30:00-04:00,100.0250015258789,100.7300033569336,99.95999908447266,100.22000122070312,570312,0.0,0.0
2023-05-18 11:30:00-04:00,100.23999786376953,100.45999908447266,99.5,99.66000366210938,590696,0.0,0.0
2023-05-18 12:30:00-04:00,99.66000366210938,100.05000305175781,99.43000030517578,99.44000244140625,601481,0.0,0.0
2023-05-18 13:30:00-04:00,99.41999816894531,99.93000030517578,99.25,99.83999633789062,487545,0.0,0.0
2023-05-18 14:30:00-04:00,99.81999969482422,100.44499969482422,99.79000091552734,100.41999816894531,874952,0.0,0.0
2023-05-18 15:30:00-04:00,100.41999816894531,100.8499984741211,100.36000061035156,100.70999908447266,665389,0.0,0.0
2023-05-19 09:30:00-04:00,102.33000183105469,103.58000183105469,102.01000213623047,103.42500305175781,1026442,0.0,0.0
2023-05-19 10:30:00-04:00,103.41999816894531,103.58999633789062,102.4000015258789,102.5,645164,0.0,0.0
2023-05-19 11:30:00-04:00,102.45999908447266,102.55999755859375,101.83000183105469,102.29000091552734,478385,0.0,0.0
2023-05-19 12:30:00-04:00,102.29000091552734,102.75,102.04000091552734,102.12000274658203,363828,0.0,0.0
2023-05-19 13:30:00-04:00,102.125,102.27999877929688,101.91999816894531,102.13999938964844,278708,0.0,0.0
2023-05-19 14:30:00-04:00,102.1449966430664,102.5199966430664,102.0199966430664,102.47000122070312,483381,0.0,0.0
2023-05-19 15:30:00-04:00,102.4800033569336,102.80000305175781,102.44999694824219,102.58999633789062,694102,0.0,0.0
2023-05-22 09:30:00-04:00,102.7300033569336,103.87999725341797,102.41999816894531,103.79000091552734,768277,0.0,0.0
2023-05-22 10:30:00-04:00,103.79000091552734,104.16000366210938,103.2750015258789,103.66000366210938,597950,0.0,0.0
2023-05-22 11:30:00-04:00,103.63999938964844,104.20490264892578,103.63999938964844,104.12999725341797,428299,0.0,0.0
2023-05-22 12:30:00-04:00,104.11000061035156,104.44000244140625,103.94499969482422,104.30000305175781,385839,0.0,0.0
2023-05-22 13:30:00-04:00,104.29000091552734,104.69000244140625,104.12999725341797,104.62000274658203,547546,0.0,0.0
2023-05-22 14:30:00-04:00,104.62000274658203,104.91999816894531,104.22000122070312,104.30000305175781,658445,0.0,0.0
2023-05-22 15:30:00-04:00,104.29000091552734,104.32499694824219,103.70999908447266,103.75,1003767,0.0,0.0
2023-05-23 09:30:00-04:00,104.45999908447266,105.5,104.37000274658203,104.80999755859375,822262,0.0,0.0
2023-05-23 10:30:00-04:00,104.80999755859375,105.36000061035156,104.73999786376953,105.16000366210938,539474,0.0,0.0
2023-05-23 11:30:00-04:00,105.16000366210938,105.56999969482422,104.98999786376953,105.27999877929688,422639,0.0,0.0
2023-05-23 12:30:00-04:00,105.27999877929688,105.37000274658203,104.55000305175781,104.5999984741211,610759,0.0,0.0
2023-05-23 13:30:00-04:00,104.58999633789062,104.94000244140625,103.98999786376953,104.2699966430664,639580,0.0,0.0
2023-05-23 14:30:00-04:00,104.26000213623047,104.5999984741211,104.19000244140625,104.55999755859375,505943,0.0,0.0
2023-05-23 15:30:00-04:00,104.56500244140625,104.625,104.36499786376953,104.41999816894531,826687,0.0,0.0
2023-05-24 09:30:00-04:00,105.48999786376953,105.68000030517578,103.5999984741211,104.08999633789062,760050,0.0,0.0
2023-05-24 10:30:00-04:00,104.08000183105469,105.56999969482422,104.05999755859375,105.16000366210938,668461,0.0,0.0
2023-05-24 11:30:00-04:00,105.16500091552734,105.47000122070312,104.80000305175781,104.92890167236328,452350,0.0,0.0
2023-05-24 12:30:00-04:00,104.94999694824219,105.01000213623047,104.11000061035156,104.19000244140625,383960,0.0,0.0
2023-05-24 13:30:00-04:00,104.18000030517578,104.41000366210938,104.05000305175781,104.05000305175781,548480,0.0,0.0
2023-05-24 14:30:00-04:00,104.04000091552734,104.2300033569336,103.47000122070312,104.0999984741211,568619,0.0,0.0
2023-05-24 15:30:00-04:00,104.11000061035156,104.31999969482422,103.69999694824219,103.98999786376953,756112,0.0,0.0
2023-05-25 09:30:00-04:00,101.94000244140625,102.4000015258789,100.5,101.51000213623047,892405,0.0,0.0
2023-05-25 10:30:00-04:00,101.51000213623047,102.30500030517578,101.25,101.68000030517578,452855,0.0,0.0
2023-05-25 11:30:00-04:00,101.66999816894531,101.80000305175781,100.94999694824219,101.7300033569336,364554,0.0,0.0
2023-05-25 12:30:00-04:00,101.76000213623047,102.25,101.72000122070312,102.12000274658203,318643,0.0,0.0
2023-05-25 13:30:00-04:00,102.11000061035156,102.4000015258789,101.62000274658203,101.95999908447266,480664,0.0,0.0
2023-05-25 14:30:00-04:00,101.94999694824219,101.94999694824219,101.33999633789062,101.66999816894531,387681,0.0,0.0
2023-05-25 15:30:00-04:00,101.66999816894531,101.91649627685547,101.56999969482422,101.69999694824219,580711,0.0,0.0
2023-05-26 09:30:00-04:00,102.66999816894531,102.8499984741211,101.7300033569336,101.98500061035156,553899,0.0,0.0
2023-05-26 10:30:00-04:00,102.00499725341797,102.02249908447266,101.01000213623047,101.04000091552734,398396,0.0,0.0
2023-05-26 11:30:00-04:00,101.03500366210938,101.72000122070312,100.87999725341797,101.5199966430664,576479,0.0,0.0
2023-05-26 12:30:00-04:00,101.51000213623047,102.26000213623047,101.44999694824219,101.93000030517578,735101,0.0,0.0
2023-05-26 13:30:00-04:00,101.91000366210938,102.11000061035156,101.54000091552734,102.01000213623047,411533,0.0,0.0
2023-05-26 14:30:00-04:00,102.0199966430664,102.26000213623047,101.68000030517578,101.69999694824219,632888,0.0,0.0
2023-05-26 15:30:00-04:00,101.69999694824219,102.11000061035156,101.63999938964844,101.81999969482422,664928,0.0,0.0
2023-05-30 09:30:00-04:00,100.81999969482422,101.58999633789062,100.02999877929688,100.62999725341797,954440,0.0,0.0
2023-05-30 10:30:00-04:00,100.58000183105469,100.87999725341797,100.22000122070312,100.50499725341797,499510,0.0,0.0
2023-05-30 11:30:00-04:00,100.48999786376953,100.82499694824219,100.4000015258789,100.75,437499,0.0,0.0
2023-05-30 12:30:00-04:00,100.75,100.94999694824219,100.27999877929688,100.33000183105469,473243,0.0,0.0
2023-05-30 13:30:00-04:00,100.31999969482422,100.75,100.12000274658203,100.45999908447266,487536,0.0,0.0
2023-05-30 14:30:00-04:00,100.4749984741211,100.83999633789062,100.29000091552734,100.77999877929688,628564,0.0,0.0
2023-05-30 15:30:00-04:00,100.77999877929688,101.4000015258789,100.77999877929688,101.19000244140625,1075357,0.0,0.0
2023-05-31 09:30:00-04:00,99.43000030517578,100.61000061035156,99.28250122070312,100.26499938964844,1044671,0.0,0.0
2023-05-31 10:30:00-04:00,100.29000091552734,100.98500061035156,100.17500305175781,100.30000305175781,717403,0.0,0.0
2023-05-31 11:30:00-04:00,100.30999755859375,100.52999877929688,100.05000305175781,100.43000030517578,527731,0.0,0.0
2023-05-31 12:30:00-04:00,100.43499755859375,100.47000122070312,99.79499816894531,99.8499984741211,434793,0.0,0.0
2023-05-31 13:30:00-04:00,99.86499786376953,100.16999816894531,99.45999908447266,99.73999786376953,847464,0.0,0.0
2023-05-31 14:30:00-04:00,99.75,99.8499984741211,99.45999908447266,99.72000122070312,864449,0.0,0.0
2023-05-31 15:30:00-04:00,99.72000122070312,100.3499984741211,99.2300033569336,99.41000366210938,2284111,0.0,0.0
2023-06-01 09:30:00-04:00,99.56999969482422,99.86000061035156,98.37999725341797,99.08000183105469,917186,0.0,0.0
2023-06-01 10:30:00-04:00,99.11000061035156,100.38999938964844,98.98999786376953,100.33999633789062,801307,0.0,0.0
2023-06-01 11:30:00-04:00,100.3499984741211,100.97000122070312,99.95999908447266,100.94499969482422,751291,0.0,0.0
2023-06-01 12:30:00-04:00,100.9800033569336,100.9800033569336,100.31999969482422,100.69000244140625,423444,0.0,0.0
2023-06-01 13:30:00-04:00,100.72000122070312,100.75,100.4000015258789,100.51000213623047,547616,0.0,0.0
2023-06-01 14:30:00-04:00,100.51499938964844,100.57550048828125,99.93000030517578,99.94000244140625,544097,0.0,0.0
2023-06-01 15:30:00-04:00,99.93000030517578,100.01570129394531,99.27999877929688,99.54000091552734,901344,0.0,0.0
2023-06-02 09:30:00-04:00,101.36000061035156,101.81999969482422,100.4800033569336,101.69000244140625,884280,0.0,0.0
2023-06-02 10:30:00-04:00,101.68000030517578,101.79000091552734,101.18000030517578,101.62999725341797,414089,0.0,0.0
2023-06-02 11:30:00-04:00,101.62999725341797,102.38999938964844,101.33999633789062,102.20999908447266,424581,0.0,0.0
2023-06-02 12:30:00-04:00,102.2300033569336,102.66999816894531,101.98999786376953,102.55000305175781,346299,0.0,0.0
2023-06-02 13:30:00-04:00,102.55000305175781,102.80999755859375,102.31999969482422,102.64009857177734,548012,0.0,0.0
2023-06-02 14:30:00-04:00,102.66999816894531,102.93070220947266,102.48999786376953,102.70999908447266,464988,0.0,0.0
2023-06-02 15:30:00-04:00,102.70929718017578,102.75,102.19000244140625,102.36000061035156,772719,0.0,0.0
2023-06-05 09:30:00-04:00,104.25,104.4800033569336,101.36000061035156,101.63500213623047,800482,0.0,0.0
2023-06-05 10:30:00-04:00,101.63500213623047,101.80000305175781,100.97000122070312,101.62000274658203,646211,0.0,0.0
2023-06-05 11:30:00-04:00,101.63500213623047,102.05000305175781,101.4000015258789,101.91000366210938,31359,0.0,0.0
2023-06-05 12:30:00-04:00,101.91500091552734,102.18000030517578,101.77999877929688,101.9000015258789,324108,0.0,0.0
2023-06-05 13:30:00-04:00,101.9000015258789,102.07250213623047,101.69000244140625,101.88999938964844,411431,0.0,0.0
2023-06-05 14:30:00-04:00,101.93000030517578,102.12000274658203,101.72000122070312,101.96499633789062,745163,0.0,0.0
2023-06-05 15:30:00-04:00,101.95999908447266,102.13999938964844,101.7699966430664,102.06999969482422,865919,0.0,0.0
2023-06-06 09:30:00-04:00,101.05000305175781,102.37000274658203,100.3499984741211,102.12000274658203,603075,0.0,0.0
2023-06-06 10:30:00-04:00,102.13999938964844,102.73999786376953,101.83999633789062,102.36000061035156,392147,0.0,0.0
2023-06-06 11:30:00-04:00,102.37999725341797,102.55999755859375,101.42500305175781,101.42500305175781,375386,0.0,0.0
2023-06-06 12:30:00-04:00,101.43000030517578,101.78179931640625,101.41999816894531,101.62000274658203,268019,0.0,0.0
2023-06-06 13:30:00-04:00,101.61039733886719,101.7300033569336,101.30000305175781,101.68000030517578,301953,0.0,0.0
2023-06-06 14:30:00-04:00,101.68000030517578,101.83000183105469,101.52999877929688,101.80000305175781,355692,0.0,0.0
2023-06-06 15:30:00-04:00,101.80500030517578,101.9800033569336,101.61000061035156,101.93000030517578,556909,0.0,0.0
2023-06-07 09:30:00-04:00,102.31999969482422,105.33999633789062,102.31999969482422,105.12999725341797,984389,0.0,0.0
2023-06-07 10:30:00-04:00,105.12000274658203,105.45999908447266,104.83999633789062,105.30000305175781,584975,0.0,0.0
2023-06-07 11:30:00-04:00,105.2699966430664,105.4800033569336,105.05999755859375,105.43000030517578,399007,0.0,0.0
2023-06-07 12:30:00-04:00,105.44000244140625,105.44000244140625,104.91999816894531,105.26000213623047,407152,0.0,0.0
2023-06-07 13:30:00-04:00,105.26000213623047,105.41000366210938,105.05999755859375,105.38500213623047,343208,0.0,0.0
2023-06-07 14:30:00-04:00,105.37000274658203,105.38999938964844,104.88999938964844,105.03500366210938,399123,0.0,0.0
2023-06-07 15:30:00-04:00,105.02999877929688,105.11000061035156,104.73999786376953,104.80000305175781,716554,0.0,0.0
2023-06-08 09:30:00-04:00,104.8499984741211,105.56999969482422,104.72000122070312,104.97959899902344,732009,0.0,0.0
2023-06-08 10:30:00-04:00,104.97000122070312,105.12000274658203,104.52999877929688,104.79499816894531,596965,0.0,0.0
2023-06-08 11:30:00-04:00,104.79000091552734,104.9000015258789,102.58999633789062,104.04000091552734,849542,0.0,0.0
2023-06-08 12:30:00-04:00,104.05999755859375,104.88999938964844,104.0199966430664,104.80999755859375,493983,0.0,0.0
2023-06-08 13:30:00-04:00,104.80000305175781,105.12000274658203,104.69999694824219,105.05500030517578,420174,0.0,0.0
2023-06-08 14:30:00-04:00,105.08000183105469,105.19999694824219,104.81999969482422,104.81999969482422,378238,0.0,0.0
2023-06-08 15:30:00-04:00,104.81999969482422,104.91999816894531,104.5199966430664,104.55000305175781,569074,0.0,0.0
2023-06-09 09:30:00-04:00,104.83999633789062,104.9800033569336,103.66999816894531,104.8499984741211,544427,0.0,0.0
2023-06-09 10:30:00-04:00,104.91000366210938,105.45279693603516,104.36000061035156,104.54000091552734,499414,0.0,0.0
2023-06-09 11:30:00-04:00,104.54499816894531,104.55999755859375,103.83999633789062,103.86000061035156,592646,0.0,0.0
2023-06-09 12:30:00-04:00,103.86000061035156,104.30000305175781,103.86000061035156,104.04000091552734,342933,0.0,0.0
2023-06-09 13:30:00-04:00,104.05999755859375,104.12999725341797,103.63379669189453,103.79000091552734,346497,0.0,0.0
2023-06-09 14:30:00-04:00,103.80000305175781,104.02999877929688,103.63999938964844,103.94000244140625,465203,0.0,0.0
2023-06-09 15:30:00-04:00,103.93000030517578,104.08000183105469,103.70999908447266,103.9000015258789,767171,0.0,0.0
2023-06-12 09:30:00-04:00,102.20999908447266,104.1500015258789,101.83000183105469,102.19000244140625,873672,0.0,0.0
2023-06-12 10:30:00-04:00,102.16999816894531,102.5999984741211,101.43000030517578,102.12000274658203,863589,0.0,0.0
2023-06-12 11:30:00-04:00,102.0999984741211,102.30000305175781,101.80000305175781,102.08000183105469,819388,0.0,0.0
2023-06-12 12:30:00-04:00,102.08000183105469,102.30999755859375,101.83000183105469,102.06999969482422,315366,0.0,0.0
2023-06-12 13:30:00-04:00,102.05999755859375,102.2699966430664,101.86139678955078,101.98999786376953,743951,0.0,0.0
2023-06-12 14:30:00-04:00,102.00900268554688,102.7300033569336,101.94999694824219,102.5999984741211,582804,0.0,0.0
2023-06-12 15:30:00-04:00,102.597900390625,102.87000274658203,102.58999633789062,102.83000183105469,716849,0.0,0.0
2023-06-13 09:30:00-04:00,103.8499984741211,105.47000122070312,103.58999633789062,105.22000122070312,918542,0.0,0.0
2023-06-13 10:30:00-04:00,105.22000122070312,105.2249984741211,104.25,104.52999877929688,504238,0.0,0.0
2023-06-13 11:30:00-04:00,104.52999877929688,104.69999694824219,104.27999877929688,104.29000091552734,352619,0.0,0.0
2023-06-13 12:30:00-04:00,104.27999877929688,104.7300033569336,104.18000030517578,104.5,294894,0.0,0.0
2023-06-13 13:30:00-04:00,104.48999786376953,104.58999633789062,104.01000213623047,104.04000091552734,461172,0.0,0.0
2023-06-13 14:30:00-04:00,104.0199966430664,104.04499816894531,103.45999908447266,103.51000213623047,413184,0.0,0.0
2023-06-13 15:30:00-04:00,103.5199966430664,103.77999877929688,103.22000122070312,103.41000366210938,566780,0.0,0.0
2023-06-14 09:30:00-04:00,104.43000030517578,104.95099639892578,103.80999755859375,103.80999755859375,760618,0.0,0.0
2023-06-14 10:30:00-04:00,103.80000305175781,103.80000305175781,102.91500091552734,102.91999816894531,437462,0.0,0.0
2023-06-14 11:30:00-04:00,102.88999938964844,103.05999755859375,102.27999877929688,102.5,432091,0.0,0.0
2023-06-14 12:30:00-04:00,102.5,102.97000122070312,102.37000274658203,102.79000091552734,370867,0.0,0.0
2023-06-14 13:30:00-04:00,102.77999877929688,102.94999694824219,102.1500015258789,102.2300033569336,466665,0.0,0.0
2023-06-14 14:30:00-04:00,102.2249984741211,102.77999877929688,102.04000091552734,102.61000061035156,567269,0.0,0.0
2023-06-14 15:30:00-04:00,102.5999984741211,102.7300033569336,102.04000091552734,102.69000244140625,944149,0.0,0.0
2023-06-15 09:30:00-04:00,102.88999938964844,104.79000091552734,102.83000183105469,104.08499908447266,728084,0.0,0.0
2023-06-15 10:30:00-04:00,104.12999725341797,105.30999755859375,104.12999725341797,105.13999938964844,510402,0.0,0.0
2023-06-15 11:30:00-04:00,105.13500213623047,105.20999908447266,104.26000213623047,104.47550201416016,445385,0.0,0.0
2023-06-15 12:30:00-04:00,104.47250366210938,104.47250366210938,103.72000122070312,104.14009857177734,418568,0.0,0.0
2023-06-15 13:30:00-04:00,104.1500015258789,104.44000244140625,104.06210327148438,104.25,325270,0.0,0.0
2023-06-15 14:30:00-04:00,104.25,104.56999969482422,104.0,104.40499877929688,568337,0.0,0.0
2023-06-15 15:30:00-04:00,104.41999816894531,104.41999816894531,103.91500091552734,104.16999816894531,649199,0.0,0.0
2023-06-16 09:30:00-04:00,104.86000061035156,105.44999694824219,104.47000122070312,104.9800033569336,1850563,0.0,0.0
2023-06-16 10:30:00-04:00,105.0,105.12999725341797,104.22000122070312,104.38069915771484,529391,0.0,0.0
2023-06-16 11:30:00-04:00,104.4000015258789,104.95500183105469,104.32499694824219,104.91999816894531,443639,0.0,0.0
2023-06-16 12:30:00-04:00,104.92350006103516,105.4800033569336,104.83000183105469,105.30000305175781,365747,0.0,0.0
2023-06-16 13:30:00-04:00,105.29000091552734,105.4800033569336,105.1500015258789,105.4000015258789,450079,0.0,0.0
2023-06-16 14:30:00-04:00,105.41000366210938,105.41000366210938,104.5199966430664,104.58999633789062,565014,0.0,0.0
2023-06-16 15:30:00-04:00,104.56999969482422,105.11000061035156,104.55000305175781,104.93000030517578,1012983,0.0,0.0
2023-06-20 09:30:00-04:00,104.12999725341797,104.75,102.0999984741211,102.0999984741211,1278344,0.0,0.0
2023-06-20 10:30:00-04:00,102.0999984741211,102.55000305175781,101.96060180664062,101.98500061035156,810113,0.0,0.0
2023-06-20 11:30:00-04:00,101.98999786376953,101.99500274658203,101.20999908447266,101.20999908447266,835129,0.0,0.0
2023-06-20 12:30:00-04:00,101.2300033569336,101.9000015258789,101.0199966430664,101.80999755859375,820300,0.0,0.0
2023-06-20 13:30:00-04:00,101.80000305175781,101.87999725341797,101.43000030517578,101.7699966430664,567138,0.0,0.0
2023-06-20 14:30:00-04:00,101.80999755859375,102.19000244140625,101.79000091552734,102.07499694824219,542335,0.0,0.0
2023-06-20 15:30:00-04:00,102.08999633789062,102.41999816894531,101.98999786376953,102.04000091552734,861960,0.0,0.0
2023-06-21 09:30:00-04:00,101.80000305175781,103.87000274658203,101.80000305175781,103.76000213623047,750465,0.0,0.0
2023-06-21 10:30:00-04:00,103.7699966430664,103.9800033569336,103.43000030517578,103.83499908447266,625549,0.0,0.0
2023-06-21 11:30:00-04:00,103.81999969482422,104.30999755859375,103.72000122070312,104.30000305175781,917994,0.0,0.0
2023-06-21 12:30:00-04:00,104.30999755859375,104.43000030517578,104.08000183105469,104.20500183105469,501727,0.0,0.0
2023-06-21 13:30:00-04:00,104.20999908447266,104.3550033569336,104.08999633789062,104.2594985961914,538446,0.0,0.0
2023-06-21 14:30:00-04:00,104.26000213623047,104.40499877929688,104.12999725341797,104.18000030517578,919366,0.0,0.0
2023-06-21 15:30:00-04:00,104.19000244140625,104.19999694824219,103.55999755859375,103.70999908447266,855231,0.0,0.0
2023-06-22 09:30:00-04:00,102.63999938964844,102.87999725341797,101.16999816894531,102.08989715576172,972651,0.0,0.0
2023-06-22 10:30:00-04:00,102.0999984741211,102.20999908447266,101.48999786376953,101.7699966430664,533188,0.0,0.0
2023-06-22 11:30:00-04:00,101.7699966430664,101.92500305175781,101.4800033569336,101.8499984741211,603648,0.0,0.0
2023-06-22 12:30:00-04:00,101.83499908447266,101.91000366210938,101.41999816894531,101.66999816894531,356146,0.0,0.0
2023-06-22 13:30:00-04:00,101.68000030517578,101.72000122070312,101.38999938964844,101.625,400412,0.0,0.0
2023-06-22 14:30:00-04:00,101.62000274658203,101.68499755859375,101.24500274658203,101.26499938964844,453375,0.0,0.0
2023-06-22 15:30:00-04:00,101.26000213623047,101.54000091552734,101.0999984741211,101.42500305175781,618124,0.0,0.0
2023-06-23 09:30:00-04:00,100.02999877929688,100.91999816894531,99.62999725341797,100.38999938964844,833332,0.0,0.0
2023-06-23 10:30:00-04:00,100.38999938964844,100.55000305175781,99.91999816894531,100.30999755859375,510700,0.0,0.0
2023-06-23 11:30:00-04:00,100.30999755859375,100.63999938964844,100.16999816894531,100.37999725341797,492738,0.0,0.0
2023-06-23 12:30:00-04:00,100.38999938964844,100.54000091552734,100.0,100.41999816894531,569314,0.0,0.0
2023-06-23 13:30:00-04:00,100.43000030517578,100.72000122070312,100.27999877929688,100.61000061035156,500296,0.0,0.0
2023-06-23 14:30:00-04:00,100.60990142822266,100.6500015258789,100.125,100.38999938964844,586845,0.0,0.0
2023-06-23 15:30:00-04:00,100.38999938964844,100.54000091552734,100.12999725341797,100.44999694824219,1183715,0.0,0.0
2023-06-26 09:30:00-04:00,100.16000366210938,101.87000274658203,100.0,101.11499786376953,641104,0.0,0.0
2023-06-26 10:30:00-04:00,101.13999938964844,101.40760040283203,100.79499816894531,101.37000274658203,292809,0.0,0.0
2023-06-26 11:30:00-04:00,101.38999938964844,101.79000091552734,101.17500305175781,101.70469665527344,323202,0.0,0.0
2023-06-26 12:30:00-04:00,101.69000244140625,101.72000122070312,101.48999786376953,101.68000030517578,247450,0.0,0.0
2023-06-26 13:30:00-04:00,101.69000244140625,101.72000122070312,101.26000213623047,101.37999725341797,377620,0.0,0.0
2023-06-26 14:30:00-04:00,101.37000274658203,101.58499908447266,101.2699966430664,101.44999694824219,659103,0.0,0.0
2023-06-26 15:30:00-04:00,101.44000244140625,101.51000213623047,100.83000183105469,101.26000213623047,775164,0.0,0.0
2023-06-27 09:30:00-04:00,101.01000213623047,101.54000091552734,100.73500061035156,101.25,592636,0.0,0.0
2023-06-27 10:30:00-04:00,101.28739929199219,101.62000274658203,100.68499755859375,100.69999694824219,493325,0.0,0.0
2023-06-27 11:30:00-04:00,100.69999694824219,100.77999877929688,100.33000183105469,100.55000305175781,487699,0.0,0.0
2023-06-27 12:30:00-04:00,100.55000305175781,100.83999633789062,100.52999877929688,100.70999908447266,279197,0.0,0.0
2023-06-27 13:30:00-04:00,100.69000244140625,101.0199966430664,100.61000061035156,100.72989654541016,392613,0.0,0.0
2023-06-27 14:30:00-04:00,100.72000122070312,101.18000030517578,100.62000274658203,101.13999938964844,366327,0.0,0.0
2023-06-27 15:30:00-04:00,101.13999938964844,101.17900085449219,100.77999877929688,100.77999877929688,556125,0.0,0.0
2023-06-28 09:30:00-04:00,100.81999969482422,100.91999816894531,99.95999908447266,100.29000091552734,484164,0.0,0.0
2023-06-28 10:30:00-04:00,100.27999877929688,101.87999725341797,100.2699966430664,101.7249984741211,463319,0.0,0.0
2023-06-28 11:30:00-04:00,101.70999908447266,102.2300033569336,101.58000183105469,102.20999908447266,457058,0.0,0.0
2023-06-28 12:30:00-04:00,102.25,102.70999908447266,102.11000061035156,102.66999816894531,506952,0.0,0.0
2023-06-28 13:30:00-04:00,102.70500183105469,102.72000122070312,102.22000122070312,102.26000213623047,499718,0.0,0.0
2023-06-28 14:30:00-04:00,102.27999877929688,102.51000213623047,102.23999786376953,102.26609802246094,501681,0.0,0.0
2023-06-28 15:30:00-04:00,102.25499725341797,102.62000274658203,102.18000030517578,102.58000183105469,1049284,0.0,0.0
2023-06-29 09:30:00-04:00,102.51000213623047,103.2249984741211,102.08999633789062,103.1500015258789,662396,0.0,0.0
2023-06-29 10:30:00-04:00,103.13999938964844,103.30999755859375,101.80999755859375,102.23999786376953,583731,0.0,0.0
2023-06-29 11:30:00-04:00,102.22000122070312,102.55000305175781,102.19000244140625,102.45999908447266,346269,0.0,0.0
2023-06-29 12:30:00-04:00,102.45999908447266,102.80999755859375,102.43000030517578,102.4800033569336,369832,0.0,0.0
2023-06-29 13:30:00-04:00,102.47000122070312,102.86000061035156,102.30999755859375,102.56999969482422,565925,0.0,0.0
2023-06-29 14:30:00-04:00,102.58000183105469,102.73999786376953,102.2699966430664,102.63860321044922,423511,0.0,0.0
2023-06-29 15:30:00-04:00,102.63999938964844,103.08999633789062,102.41000366210938,103.05999755859375,645124,0.0,0.0
2023-06-30 09:30:00-04:00,103.75,103.83999633789062,102.54000091552734,103.83999633789062,753120,0.0,0.0
2023-06-30 10:30:00-04:00,103.83999633789062,103.95500183105469,103.48500061035156,103.52999877929688,793094,0.0,0.0
2023-06-30 11:30:00-04:00,103.5199966430664,103.94000244140625,103.43499755859375,103.83999633789062,596563,0.0,0.0
2023-06-30 12:30:00-04:00,103.8499984741211,104.08000183105469,103.7750015258789,104.05999755859375,495015,0.0,0.0
2023-06-30 13:30:00-04:00,104.0791015625,104.3949966430664,104.04000091552734,104.36000061035156,389614,0.0,0.0
2023-06-30 14:30:00-04:00,104.36000061035156,104.37000274658203,103.88999938964844,103.94000244140625,491977,0.0,0.0
2023-06-30 15:30:00-04:00,103.94000244140625,104.08000183105469,103.6050033569336,103.61000061035156,815369,0.0,0.0
2023-07-03 09:30:00-04:00,103.94999694824219,104.4800033569336,103.62999725341797,104.47000122070312,724767,0.0,0.0
2023-07-03 10:30:00-04:00,104.48999786376953,104.91000366210938,104.19999694824219,104.7699966430664,414997,0.0,0.0
2023-07-03 11:30:00-04:00,104.76000213623047,104.98999786376953,104.36000061035156,104.41000366210938,348645,0.0,0.0
2023-07-05 09:30:00-04:00,105.0,105.0,103.23999786376953,103.76000213623047,664386,0.0,0.0
2023-07-05 10:30:00-04:00,103.76000213623047,103.87000274658203,103.13999938964844,103.77999877929688,608945,0.0,0.0
2023-07-05 11:30:00-04:00,103.77999877929688,104.12000274658203,103.61000061035156,103.69000244140625,483825,0.0,0.0
2023-07-05 12:30:00-04:00,103.68000030517578,103.80000305175781,103.43000030517578,103.5,346116,0.0,0.0
2023-07-05 13:30:00-04:00,103.5,103.81999969482422,103.44599914550781,103.51000213623047,418789,0.0,0.0
2023-07-05 14:30:00-04:00,103.52999877929688,103.80999755859375,103.51000213623047,103.5999984741211,395039,0.0,0.0
2023-07-05 15:30:00-04:00,103.5999984741211,104.13999938964844,103.55999755859375,104.0199966430664,640919,0.0,0.0
2023-07-06 09:30:00-04:00,102.80000305175781,103.62999725341797,100.29000091552734,100.29000091552734,877993,0.0,0.0
2023-07-06 10:30:00-04:00,100.27999877929688,100.3499984741211,99.4000015258789,99.41999816894531,807621,0.0,0.0
2023-07-06 11:30:00-04:00,99.44000244140625,99.9000015258789,99.34500122070312,99.52999877929688,594618,0.0,0.0
2023-07-06 12:30:00-04:00,99.55000305175781,100.05500030517578,99.4000015258789,99.97000122070312,485584,0.0,0.0
2023-07-06 13:30:00-04:00,99.9800033569336,100.3499984741211,99.9000015258789,100.12999725341797,560150,0.0,0.0
2023-07-06 14:30:00-04:00,100.13999938964844,100.69000244140625,100.13999938964844,100.38999938964844,493965,0.0,0.0
2023-07-06 15:30:00-04:00,100.37999725341797,100.61000061035156,100.31999969482422,100.3499984741211,978795,0.0,0.0
2023-07-07 09:30:00-04:00,100.55000305175781,102.44999694824219,100.20999908447266,102.34500122070312,1066151,0.0,0.0
2023-07-07 10:30:00-04:00,102.3499984741211,103.19999694824219,102.24500274658203,103.06999969482422,635845,0.0,0.0
2023-07-07 11:30:00-04:00,103.08000183105469,103.6500015258789,103.08000183105469,103.56999969482422,478074,0.0,0.0
2023-07-07 12:30:00-04:00,103.56999969482422,104.53500366210938,103.5,104.52999877929688,667024,0.0,0.0
2023-07-07 13:30:00-04:00,104.5250015258789,104.61000061035156,103.9000015258789,103.98999786376953,692397,0.0,0.0
2023-07-07 14:30:00-04:00,103.98999786376953,104.2300033569336,103.73999786376953,103.94100189208984,725605,0.0,0.0
2023-07-07 15:30:00-04:00,103.94000244140625,103.97000122070312,103.16999816894531,103.2300033569336,1315732,0.0,0.0
2023-07-10 09:30:00-04:00,102.8499984741211,103.9800033569336,102.75,103.36000061035156,1322801,0.0,0.0
2023-07-10 10:30:00-04:00,103.4000015258789,103.97000122070312,103.01000213623047,103.26000213623047,605960,0.0,0.0
2023-07-10 11:30:00-04:00,103.25,104.0,103.15499877929688,103.95999908447266,592473,0.0,0.0
2023-07-10 12:30:00-04:00,103.97000122070312,104.0999984741211,103.48999786376953,104.08999633789062,1050231,0.0,0.0
2023-07-10 13:30:00-04:00,104.08999633789062,104.45999908447266,103.91999816894531,104.26000213623047,711024,0.0,0.0
2023-07-10 14:30:00-04:00,104.25,104.44499969482422,104.11029815673828,104.25,354043,0.0,0.0
2023-07-10 15:30:00-04:00,104.23999786376953,104.44000244140625,104.1050033569336,104.3499984741211,669603,0.0,0.0
2023-07-11 09:30:00-04:00,105.0,106.16999816894531,104.8499984741211,106.05999755859375,747893,0.0,0.0
2023-07-11 10:30:00-04:00,106.02999877929688,106.7699966430664,105.58000183105469,106.7699966430664,522976,0.0,0.0
2023-07-11 11:30:00-04:00,106.76000213623047,107.21499633789062,106.69999694824219,106.88999938964844,503296,0.0,0.0
2023-07-11 12:30:00-04:00,106.88999938964844,107.47000122070312,106.66999816894531,107.26000213623047,701655,0.0,0.0
2023-07-11 13:30:00-04:00,107.25,107.38999938964844,107.04000091552734,107.33999633789062,417972,0.0,0.0
2023-07-11 14:30:00-04:00,107.33999633789062,107.61000061035156,107.2699966430664,107.53500366210938,469461,0.0,0.0
2023-07-11 15:30:00-04:00,107.52999877929688,107.6050033569336,107.33000183105469,107.44999694824219,1047022,0.0,0.0
2023-07-12 09:30:00-04:00,108.63999938964844,109.56999969482422,108.53500366210938,109.31999969482422,1104147,0.0,0.0
2023-07-12 10:30:00-04:00,109.30999755859375,109.3499984741211,108.69000244140625,108.77999877929688,742919,0.0,0.0
2023-07-12 11:30:00-04:00,108.77999877929688,108.9000015258789,108.5199966430664,108.66999816894531,601258,0.0,0.0
2023-07-12 12:30:00-04:00,108.68000030517578,108.80989837646484,108.44999694824219,108.6500015258789,461897,0.0,0.0
2023-07-12 13:30:00-04:00,108.66999816894531,109.13999938964844,108.6500015258789,109.05000305175781,522791,0.0,0.0
2023-07-12 14:30:00-04:00,109.04000091552734,109.4749984741211,108.9800033569336,109.22000122070312,663687,0.0,0.0
2023-07-12 15:30:00-04:00,109.2300033569336,109.4749984741211,109.1510009765625,109.31999969482422,866218,0.0,0.0
2023-07-13 09:30:00-04:00,109.88999938964844,111.76000213623047,109.58000183105469,111.05500030517578,1218163,0.0,0.0
2023-07-13 10:30:00-04:00,111.06999969482422,111.52999877929688,110.7699966430664,110.94000244140625,675001,0.0,0.0
2023-07-13 11:30:00-04:00,110.93000030517578,110.9749984741211,110.23999786376953,110.2750015258789,659092,0.0,0.0
2023-07-13 12:30:00-04:00,110.2699966430664,110.38999938964844,109.7300033569336,110.02469635009766,586721,0.0,0.0
2023-07-13 13:30:00-04:00,110.02999877929688,110.52999877929688,109.94000244140625,110.36000061035156,550334,0.0,0.0
2023-07-13 14:30:00-04:00,110.36000061035156,110.7699966430664,110.26000213623047,110.41000366210938,577479,0.0,0.0
2023-07-13 15:30:00-04:00,110.41000366210938,110.9000015258789,110.41000366210938,110.55000305175781,892881,0.0,0.0
2023-07-14 09:30:00-04:00,110.06999969482422,110.2300033569336,106.88999938964844,106.94999694824219,796091,0.0,0.0
2023-07-14 10:30:00-04:00,106.91999816894531,108.04000091552734,106.44999694824219,107.83000183105469,754628,0.0,0.0
2023-07-14 11:30:00-04:00,107.83499908447266,107.83999633789062,107.26499938964844,107.34500122070312,385140,0.0,0.0
2023-07-14 12:30:00-04:00,107.3499984741211,107.39990234375,106.87999725341797,107.13999938964844,351153,0.0,0.0
2023-07-14 13:30:00-04:00,107.1500015258789,107.69000244140625,107.08999633789062,107.56999969482422,419782,0.0,0.0
2023-07-14 14:30:00-04:00,107.5999984741211,107.63999938964844,106.9749984741211,106.9800033569336,504267,0.0,0.0
2023-07-14 15:30:00-04:00,106.98999786376953,107.16500091552734,106.66999816894531,107.08999633789062,793961,0.0,0.0
2023-07-17 09:30:00-04:00,106.69000244140625,107.66000366210938,106.13999938964844,106.88999938964844,654771,0.0,0.0
2023-07-17 10:30:00-04:00,106.88999938964844,107.5,106.72000122070312,107.1500015258789,380033,0.0,0.0
2023-07-17 11:30:00-04:00,107.13999938964844,107.23999786376953,106.6449966430664,107.0999984741211,380448,0.0,0.0
2023-07-17 12:30:00-04:00,107.08999633789062,107.12000274658203,106.83000183105469,107.06999969482422,294541,0.0,0.0
2023-07-17 13:30:00-04:00,107.05500030517578,107.29000091552734,106.83999633789062,106.9800033569336,414321,0.0,0.0
2023-07-17 14:30:00-04:00,107.0,107.08000183105469,106.43000030517578,106.83499908447266,614830,0.0,0.0
2023-07-17 15:30:00-04:00,106.83000183105469,106.91999816894531,106.41000366210938,106.44000244140625,732924,0.0,0.0
2023-07-18 09:30:00-04:00,106.44999694824219,109.05999755859375,106.4000015258789,108.6500015258789,675536,0.0,0.0
2023-07-18 10:30:00-04:00,108.67500305175781,109.5,108.43499755859375,109.44000244140625,416842,0.0,0.0
2023-07-18 11:30:00-04:00,109.44999694824219,109.44999694824219,108.58999633789062,108.83000183105469,339227,0.0,0.0
2023-07-18 12:30:00-04:00,108.83000183105469,108.84989929199219,108.37000274658203,108.62000274658203,236710,0.0,0.0
2023-07-18 13:30:00-04:00,108.61000061035156,108.91000366210938,108.44000244140625,108.51000213623047,253688,0.0,0.0
2023-07-18 14:30:00-04:00,108.5,109.08000183105469,108.20999908447266,108.96099853515625,594405,0.0,0.0
2023-07-18 15:30:00-04:00,108.97000122070312,108.98999786376953,108.61000061035156,108.75,853380,0.0,0.0
2023-07-19 09:30:00-04:00,108.7699966430664,110.4540023803711,108.7699966430664,109.87999725341797,603341,0.0,0.0
2023-07-19 10:30:00-04:00,109.8499984741211,110.25499725341797,109.55000305175781,110.23999786376953,666338,0.0,0.0
2023-07-19 11:30:00-04:00,110.22000122070312,110.69000244140625,109.7300033569336,109.86000061035156,560107,0.0,0.0
2023-07-19 12:30:00-04:00,109.8499984741211,110.17990112304688,109.56999969482422,110.1500015258789,443358,0.0,0.0
2023-07-19 13:30:00-04:00,110.1500015258789,110.16999816894531,109.48999786376953,109.73999786376953,684570,0.0,0.0
2023-07-19 14:30:00-04:00,109.73999786376953,109.97000122070312,109.69999694824219,109.7699966430664,500445,0.0,0.0
2023-07-19 15:30:00-04:00,109.77999877929688,109.79199981689453,109.38999938964844,109.47000122070312,850681,0.0,0.0
2023-07-20 09:30:00-04:00,110.5,111.37000274658203,110.43000030517578,111.06999969482422,634011,0.0,0.0
2023-07-20 10:30:00-04:00,111.08290100097656,111.43000030517578,110.93000030517578,111.07499694824219,511972,0.0,0.0
2023-07-20 11:30:00-04:00,111.02999877929688,111.08000183105469,110.19999694824219,110.93000030517578,505641,0.0,0.0
2023-07-20 12:30:00-04:00,110.94999694824219,111.0250015258789,110.7249984741211,110.83999633789062,393164,0.0,0.0
2023-07-20 13:30:00-04:00,110.85690307617188,111.02999877929688,110.72000122070312,110.87000274658203,463220,0.0,0.0
2023-07-20 14:30:00-04:00,110.88999938964844,111.53130340576172,110.87999725341797,111.3499984741211,676234,0.0,0.0
2023-07-20 15:30:00-04:00,111.33000183105469,111.77999877929688,111.08999633789062,111.69000244140625,1065094,0.0,0.0
2023-07-21 09:30:00-04:00,112.16999816894531,113.12000274658203,111.8499984741211,112.93000030517578,1242157,0.0,0.0
2023-07-21 10:30:00-04:00,112.9000015258789,113.0999984741211,112.43499755859375,112.66000366210938,362940,0.0,0.0
2023-07-21 11:30:00-04:00,112.66999816894531,112.80000305175781,112.37999725341797,112.75,354853,0.0,0.0
2023-07-21 12:30:00-04:00,112.74500274658203,112.75,112.43000030517578,112.61000061035156,309214,0.0,0.0
2023-07-21 13:30:00-04:00,112.61000061035156,112.625,112.37999725341797,112.55000305175781,427464,0.0,0.0
2023-07-21 14:30:00-04:00,112.54000091552734,113.0,112.48999786376953,112.77999877929688,485574,0.0,0.0
2023-07-21 15:30:00-04:00,112.77999877929688,113.19999694824219,112.7699966430664,112.87999725341797,1076542,0.0,0.0
2023-07-24 09:30:00-04:00,113.4000015258789,114.75,113.4000015258789,114.2699966430664,591037,0.0,0.0
2023-07-24 10:30:00-04:00,114.30999755859375,115.52999877929688,114.20999908447266,115.41999816894531,557614,0.0,0.0
2023-07-24 11:30:00-04:00,115.41999816894531,115.6500015258789,115.19999694824219,115.55000305175781,381847,0.0,0.0
2023-07-24 12:30:00-04:00,115.55000305175781,115.69999694824219,115.37999725341797,115.55000305175781,315989,0.0,0.0
2023-07-24 13:30:00-04:00,115.55000305175781,115.69999694824219,115.19000244140625,115.20999908447266,338710,0.0,0.0
2023-07-24 14:30:00-04:00,115.21499633789062,115.2300033569336,114.73999786376953,114.79000091552734,371645,0.0,0.0
2023-07-24 15:30:00-04:00,114.80000305175781,114.9800033569336,114.6500015258789,114.70999908447266,646246,0.0,0.0
2023-07-25 09:30:00-04:00,114.37000274658203,115.36000061035156,113.9000015258789,115.30000305175781,506705,0.0,0.0
2023-07-25 10:30:00-04:00,115.29000091552734,115.51000213623047,114.94999694824219,115.19000244140625,350735,0.0,0.0
2023-07-25 11:30:00-04:00,115.20999908447266,115.77989959716797,115.20999908447266,115.69499969482422,332826,0.0,0.0
2023-07-25 12:30:00-04:00,115.69499969482422,116.22000122070312,115.58499908447266,116.11000061035156,224692,0.0,0.0
2023-07-25 13:30:00-04:00,116.0999984741211,116.5,116.06999969482422,116.37000274658203,291643,0.0,0.0
2023-07-25 14:30:00-04:00,116.37000274658203,116.5199966430664,116.12000274658203,116.25,366445,0.0,0.0
2023-07-25 15:30:00-04:00,116.26000213623047,116.4000015258789,116.12000274658203,116.18000030517578,612541,0.0,0.0
2023-07-26 09:30:00-04:00,115.31999969482422,116.12999725341797,115.15499877929688,116.05999755859375,548360,0.0,0.0
2023-07-26 10:30:00-04:00,116.0999984741211,116.56500244140625,115.62000274658203,116.29000091552734,457870,0.0,0.0
2023-07-26 11:30:00-04:00,116.29000091552734,116.66999816894531,116.05000305175781,116.58000183105469,350396,0.0,0.0
2023-07-26 12:30:00-04:00,116.58999633789062,116.66000366210938,116.19999694824219,116.5199966430664,268218,0.0,0.0
2023-07-26 13:30:00-04:00,116.47000122070312,116.69999694824219,116.25499725341797,116.51000213623047,536335,0.0,0.0
2023-07-26 14:30:00-04:00,116.52999877929688,117.13999938964844,116.37999725341797,116.7750015258789,638744,0.0,0.0
2023-07-26 15:30:00-04:00,116.77999877929688,116.93000030517578,116.58000183105469,116.83000183105469,619794,0.0,0.0
2023-07-27 09:30:00-04:00,117.33999633789062,117.6500015258789,115.33000183105469,116.93000030517578,599535,0.0,0.0
2023-07-27 10:30:00-04:00,116.87999725341797,117.0999984741211,116.4000015258789,116.44999694824219,394420,0.0,0.0
2023-07-27 11:30:00-04:00,116.43000030517578,117.37999725341797,116.4000015258789,117.33999633789062,349374,0.0,0.0
2023-07-27 12:30:00-04:00,117.3499984741211,117.88999938964844,117.3499984741211,117.51000213623047,453184,0.0,0.0
2023-07-27 13:30:00-04:00,117.4800033569336,117.5,116.87000274658203,117.01000213623047,456684,0.0,0.0
2023-07-27 14:30:00-04:00,116.98999786376953,117.08000183105469,115.90499877929688,115.94999694824219,411894,0.0,0.0
2023-07-27 15:30:00-04:00,115.95999908447266,116.00499725341797,115.44000244140625,115.77999877929688,575757,0.0,0.0
2023-07-28 09:30:00-04:00,115.75,116.30000305175781,114.66999816894531,115.88999938964844,410921,0.0,0.0
2023-07-28 10:30:00-04:00,115.91000366210938,116.12999725341797,115.38009643554688,116.0,316044,0.0,0.0
2023-07-28 11:30:00-04:00,115.9800033569336,116.29000091552734,115.58000183105469,115.83000183105469,267537,0.0,0.0
2023-07-28 12:30:00-04:00,115.80999755859375,116.12999725341797,115.62999725341797,115.63999938964844,226851,0.0,0.0
2023-07-28 13:30:00-04:00,115.6500015258789,115.65499877929688,115.2300033569336,115.62999725341797,357343,0.0,0.0
2023-07-28 14:30:00-04:00,115.62999725341797,116.11000061035156,115.5999984741211,115.83499908447266,301536,0.0,0.0
2023-07-28 15:30:00-04:00,115.83499908447266,116.17500305175781,115.76000213623047,115.91000366210938,476342,0.0,0.0
2023-07-31 09:30:00-04:00,117.22000122070312,118.20999908447266,116.76000213623047,117.61000061035156,550601,0.0,0.0
2023-07-31 10:30:00-04:00,117.61000061035156,118.22000122070312,117.41000366210938,117.83999633789062,371789,0.0,0.0
2023-07-31 11:30:00-04:00,117.83000183105469,118.19999694824219,117.75,118.05999755859375,384854,0.0,0.0
2023-07-31 12:30:00-04:00,118.05000305175781,118.11000061035156,117.69000244140625,117.80000305175781,282295,0.0,0.0
2023-07-31 13:30:00-04:00,117.79000091552734,118.11499786376953,117.79000091552734,117.9800033569336,252773,0.0,0.0
2023-07-31 14:30:00-04:00,118.0,118.01000213623047,117.5,117.54499816894531,543390,0.0,0.0
2023-07-31 15:30:00-04:00,117.55000305175781,117.73999786376953,117.27999877929688,117.73999786376953,790247,0.0,0.0
2023-08-01 09:30:00-04:00,117.26000213623047,117.83000183105469,116.5199966430664,116.63999938964844,414126,0.0,0.0
2023-08-01 10:30:00-04:00,116.6449966430664,116.81500244140625,116.19000244140625,116.7750015258789,417905,0.0,0.0
2023-08-01 11:30:00-04:00,116.76000213623047,117.4800033569336,116.68000030517578,117.16000366210938,534272,0.0,0.0
2023-08-01 12:30:00-04:00,117.16999816894531,117.57499694824219,117.13999938964844,117.54000091552734,279295,0.0,0.0
2023-08-01 13:30:00-04:00,117.54000091552734,117.83000183105469,117.47000122070312,117.66000366210938,336634,0.0,0.0
2023-08-01 14:30:00-04:00,117.66000366210938,117.66500091552734,117.36000061035156,117.55000305175781,394202,0.0,0.0
2023-08-01 15:30:00-04:00,117.54989624023438,117.58999633789062,117.29000091552734,117.38999938964844,387695,0.0,0.0
2023-08-02 09:30:00-04:00,116.69000244140625,117.44999694824219,115.83000183105469,117.0,577299,0.0,0.0
2023-08-02 10:30:00-04:00,117.0199966430664,117.54000091552734,114.91000366210938,115.52999877929688,708678,0.0,0.0
2023-08-02 11:30:00-04:00,115.5199966430664,115.77999877929688,115.13999938964844,115.26000213623047,438242,0.0,0.0
2023-08-02 12:30:00-04:00,115.25499725341797,115.5999984741211,115.13999938964844,115.5999984741211,363654,0.0,0.0
2023-08-02 13:30:00-04:00,115.6050033569336,115.87000274658203,115.48999786376953,115.80500030517578,314710,0.0,0.0
2023-08-02 14:30:00-04:00,115.80000305175781,115.91999816894531,115.58999633789062,115.63999938964844,402378,0.0,0.0
2023-08-02 15:30:00-04:00,115.63999938964844,115.80999755859375,115.33000183105469,115.5199966430664,937789,0.0,0.0
2023-08-03 09:30:00-04:00,113.30000305175781,115.05999755859375,113.01010131835938,114.625,1523041,0.0,0.0
2023-08-03 10:30:00-04:00,114.63500213623047,116.13999938964844,114.51000213623047,115.94000244140625,958779,0.0,0.0
2023-08-03 11:30:00-04:00,115.9000015258789,117.29000091552734,115.7699966430664,116.66000366210938,776127,0.0,0.0
2023-08-03 12:30:00-04:00,116.66000366210938,116.95500183105469,115.94000244140625,116.66999816894531,561204,0.0,0.0
2023-08-03 13:30:00-04:00,116.69499969482422,116.93000030517578,115.95999908447266,116.05000305175781,708621,0.0,0.0
2023-08-03 14:30:00-04:00,116.05500030517578,116.10800170898438,115.2699966430664,115.33000183105469,736030,0.0,0.0
2023-08-03 15:30:00-04:00,115.33999633789062,115.55999755859375,114.94000244140625,114.94000244140625,1178275,0.0,0.0
2023-08-04 09:30:00-04:00,115.76000213623047,116.68499755859375,114.06999969482422,115.1500015258789,1236013,0.0,0.0
2023-08-04 10:30:00-04:00,115.19999694824219,115.93000030517578,114.98930358886719,115.63500213623047,837442,0.0,0.0
2023-08-04 11:30:00-04:00,115.63999938964844,115.9800033569336,115.30999755859375,115.44000244140625,571143,0.0,0.0
2023-08-04 12:30:00-04:00,115.4800033569336,115.56999969482422,114.87999725341797,115.00499725341797,625146,0.0,0.0
2023-08-04 13:30:00-04:00,115.0,115.19999694824219,114.19000244140625,114.38999938964844,875215,0.0,0.0
2023-08-04 14:30:00-04:00,114.37999725341797,114.45999908447266,113.72850036621094,114.04000091552734,794255,0.0,0.0
2023-08-04 15:30:00-04:00,114.05000305175781,114.18000030517578,113.58000183105469,113.7300033569336,1053800,0.0,0.0
2023-08-07 09:30:00-04:00,114.48999786376953,114.5999984741211,113.25,114.37000274658203,605035,0.0,0.0
2023-08-07 10:30:00-04:00,114.37000274658203,114.54000091552734,113.94999694824219,114.30000305175781,417193,0.0,0.0
2023-08-07 11:30:00-04:00,114.27999877929688,114.5,113.98500061035156,114.0999984741211,318494,0.0,0.0
2023-08-07 12:30:00-04:00,114.11000061035156,114.54000091552734,114.08000183105469,114.44999694824219,281521,0.0,0.0
2023-08-07 13:30:00-04:00,114.44999694824219,114.58000183105469,113.80999755859375,113.86000061035156,286635,0.0,0.0
2023-08-07 14:30:00-04:00,113.86499786376953,114.08000183105469,113.80999755859375,113.93000030517578,315106,0.0,0.0
2023-08-07 15:30:00-04:00,113.93000030517578,114.51499938964844,113.88999938964844,114.4800033569336,623242,0.0,0.0
2023-08-08 09:30:00-04:00,112.33999633789062,113.73999786376953,111.30010223388672,113.7300033569336,839855,0.0,0.0
2023-08-08 10:30:00-04:00,113.72000122070312,114.33000183105469,113.44000244140625,114.25,360804,0.0,0.0
2023-08-08 11:30:00-04:00,114.20999908447266,114.73999786376953,114.19999694824219,114.62000274658203,279394,0.0,0.0
2023-08-08 12:30:00-04:00,114.62999725341797,115.16000366210938,114.62999725341797,115.12000274658203,442426,0.0,0.0
2023-08-08 13:30:00-04:00,115.1500015258789,115.55000305175781,114.94000244140625,115.55000305175781,579568,0.0,0.0
2023-08-08 14:30:00-04:00,115.55000305175781,115.79000091552734,115.33489990234375,115.56999969482422,490682,0.0,0.0
2023-08-08 15:30:00-04:00,115.58000183105469,115.7300033569336,115.33999633789062,115.58999633789062,566445,0.0,0.0
2023-08-09 09:30:00-04:00,116.7300033569336,118.70500183105469,116.44000244140625,118.5199966430664,889397,0.0,0.0
2023-08-09 10:30:00-04:00,118.51000213623047,118.83999633789062,117.3499984741211,117.5199966430664,912006,0.0,0.0
2023-08-09 11:30:00-04:00,117.51000213623047,118.0999984741211,116.3949966430664,116.55570220947266,624702,0.0,0.0
2023-08-09 12:30:00-04:00,116.58000183105469,117.27999877929688,116.43000030517578,117.1050033569336,409023,0.0,0.0
2023-08-09 13:30:00-04:00,117.11000061035156,117.54000091552734,117.06999969482422,117.44000244140625,297564,0.0,0.0
2023-08-09 14:30:00-04:00,117.45999908447266,117.58000183105469,117.27999877929688,117.43000030517578,376213,0.0,0.0
2023-08-09 15:30:00-04:00,117.41999816894531,117.5199966430664,116.30000305175781,116.45999908447266,673388,0.0,0.0
2023-08-10 09:30:00-04:00,116.29000091552734,117.58999633789062,116.12000274658203,117.32499694824219,425695,0.0,0.0
2023-08-10 10:30:00-04:00,117.30999755859375,117.35970306396484,116.3499984741211,116.75,491955,0.0,0.0
2023-08-10 11:30:00-04:00,116.7300033569336,116.94000244140625,116.26750183105469,116.3499984741211,378544,0.0,0.0
2023-08-10 12:30:00-04:00,116.33000183105469,116.6500015258789,115.56999969482422,115.80000305175781,259010,0.0,0.0
2023-08-10 13:30:00-04:00,115.79000091552734,116.05500030517578,115.16000366210938,115.88999938964844,354780,0.0,0.0
2023-08-10 14:30:00-04:00,115.90249633789062,116.21499633789062,115.72109985351562,115.9800033569336,468788,0.0,0.0
2023-08-10 15:30:00-04:00,115.97000122070312,116.04000091552734,115.73999786376953,115.80999755859375,552752,0.0,0.0
2023-08-11 09:30:00-04:00,115.9800033569336,117.0,115.47000122070312,116.87000274658203,536574,0.0,0.0
2023-08-11 10:30:00-04:00,116.93000030517578,117.73999786376953,116.8499984741211,117.6500015258789,615226,0.0,0.0
2023-08-11 11:30:00-04:00,117.6500015258789,118.01000213623047,117.5199966430664,117.87000274658203,448124,0.0,0.0
2023-08-11 12:30:00-04:00,117.87000274658203,118.0105972290039,117.37100219726562,117.5199966430664,286454,0.0,0.0
2023-08-11 13:30:00-04:00,117.5199966430664,117.95999908447266,117.3499984741211,117.83999633789062,371808,0.0,0.0
2023-08-11 14:30:00-04:00,117.83999633789062,118.05000305175781,117.6500015258789,117.88999938964844,449964,0.0,0.0
2023-08-11 15:30:00-04:00,117.87999725341797,117.91000366210938,117.54499816894531,117.83999633789062,519011,0.0,0.0
2023-08-14 09:30:00-04:00,117.16999816894531,117.62999725341797,116.30000305175781,117.16000366210938,536295,0.0,0.0
2023-08-14 10:30:00-04:00,117.18000030517578,117.47000122070312,116.91999816894531,117.375,821029,0.0,0.0
2023-08-14 11:30:00-04:00,117.41999816894531,117.62999725341797,117.23999786376953,117.33000183105469,336109,0.0,0.0
2023-08-14 12:30:00-04:00,117.34989929199219,117.55999755859375,117.13999938964844,117.20999908447266,376967,0.0,0.0
2023-08-14 13:30:00-04:00,117.2300033569336,117.36499786376953,117.1500015258789,117.2300033569336,527078,0.0,0.0
2023-08-14 14:30:00-04:00,117.2300033569336,117.43000030517578,117.1500015258789,117.34500122070312,459592,0.0,0.0
2023-08-14 15:30:00-04:00,117.34500122070312,117.73999786376953,117.3385009765625,117.69000244140625,676721,0.0,0.0
2023-08-15 09:30:00-04:00,116.5,116.8499984741211,115.30500030517578,115.62999725341797,979941,0.0,0.0
2023-08-15 10:30:00-04:00,115.625,116.41000366210938,115.44000244140625,116.19999694824219,632946,0.0,0.0
2023-08-15 11:30:00-04:00,116.23999786376953,116.33999633789062,115.41999816894531,115.55500030517578,329584,0.0,0.0
2023-08-15 12:30:00-04:00,115.56999969482422,115.65989685058594,114.9708023071289,115.61000061035156,292131,0.0,0.0
2023-08-15 13:30:00-04:00,115.5999984741211,115.875,115.37999725341797,115.81999969482422,343280,0.0,0.0
2023-08-15 14:30:00-04:00,115.83999633789062,116.04000091552734,115.24500274658203,115.29000091552734,317935,0.0,0.0
2023-08-15 15:30:00-04:00,115.27999877929688,115.72000122070312,115.11000061035156,115.51000213623047,593504,0.0,0.0
2023-08-16 09:30:00-04:00,115.75,116.91000366210938,115.69999694824219,115.75,443113,0.0,0.0
2023-08-16 10:30:00-04:00,115.7249984741211,116.55999755859375,115.51000213623047,116.38999938964844,573311,0.0,0.0
2023-08-16 11:30:00-04:00,116.3949966430664,116.55500030517578,115.79499816894531,115.93499755859375,293163,0.0,0.0
2023-08-16 12:30:00-04:00,115.93000030517578,116.04000091552734,115.20999908447266,115.27999877929688,345953,0.0,0.0
2023-08-16 13:30:00-04:00,115.2699966430664,115.79499816894531,115.16999816894531,115.54000091552734,310178,0.0,0.0
2023-08-16 14:30:00-04:00,115.54000091552734,115.75,114.6500015258789,114.91000366210938,490172,0.0,0.0
2023-08-16 15:30:00-04:00,114.9000015258789,115.04000091552734,114.55999755859375,114.6500015258789,662520,0.0,0.0
2023-08-17 09:30:00-04:00,116.5,117.80000305175781,116.25,117.69000244140625,612075,0.0,0.0
2023-08-17 10:30:00-04:00,117.68000030517578,117.87809753417969,117.16999816894531,117.44999694824219,649389,0.0,0.0
2023-08-17 11:30:00-04:00,117.47000122070312,117.63999938964844,116.87999725341797,117.41000366210938,294277,0.0,0.0
2023-08-17 12:30:00-04:00,117.41500091552734,117.62000274658203,117.1500015258789,117.18000030517578,240931,0.0,0.0
2023-08-17 13:30:00-04:00,117.16999816894531,117.29000091552734,116.58999633789062,116.88999938964844,267934,0.0,0.0
2023-08-17 14:30:00-04:00,116.875,116.87999725341797,116.22000122070312,116.5999984741211,345840,0.0,0.0
2023-08-17 15:30:00-04:00,116.61000061035156,117.12000274658203,116.41999816894531,116.69999694824219,825363,0.0,0.0
2023-08-18 09:30:00-04:00,115.83999633789062,117.4000015258789,115.6500015258789,116.76000213623047,712433,0.0,0.0
2023-08-18 10:30:00-04:00,116.75,117.45999908447266,116.55999755859375,117.41000366210938,443810,0.0,0.0
2023-08-18 11:30:00-04:00,117.36000061035156,117.70999908447266,117.36000061035156,117.5999984741211,343161,0.0,0.0
2023-08-18 12:30:00-04:00,117.58000183105469,118.02999877929688,117.22000122070312,117.43000030517578,331365,0.0,0.0
2023-08-18 13:30:00-04:00,117.44999694824219,117.59729766845703,117.13999938964844,117.41000366210938,389449,0.0,0.0
2023-08-18 14:30:00-04:00,117.4000015258789,117.61000061035156,117.08000183105469,117.13999938964844,461349,0.0,0.0
2023-08-18 15:30:00-04:00,117.13999938964844,117.50499725341797,116.97000122070312,117.31999969482422,593073,0.0,0.0
2023-08-21 09:30:00-04:00,118.13999938964844,119.11000061035156,117.2699966430664,117.38999938964844,560344,0.0,0.0
2023-08-21 10:30:00-04:00,117.41000366210938,117.48999786376953,116.94000244140625,117.29000091552734,367626,0.0,0.0
2023-08-21 11:30:00-04:00,117.27130126953125,117.62999725341797,116.93499755859375,117.11000061035156,268564,0.0,0.0
2023-08-21 12:30:00-04:00,117.0999984741211,117.0999984741211,116.53500366210938,116.87000274658203,223831,0.0,0.0
2023-08-21 13:30:00-04:00,116.86000061035156,117.0198974609375,116.62000274658203,116.83999633789062,267511,0.0,0.0
2023-08-21 14:30:00-04:00,116.83499908447266,117.43000030517578,116.75,117.37999725341797,260629,0.0,0.0
2023-08-21 15:30:00-04:00,117.38500213623047,117.58000183105469,117.16000366210938,117.2300033569336,438064,0.0,0.0
2023-08-22 09:30:00-04:00,117.58999633789062,117.73999786376953,117.13999938964844,117.31999969482422,328421,0.0,0.0
2023-08-22 10:30:00-04:00,117.3499984741211,117.5,116.79000091552734,117.45999908447266,402103,0.0,0.0
2023-08-22 11:30:00-04:00,117.44999694824219,117.66000366210938,117.22000122070312,117.62999725341797,382131,0.0,0.0
2023-08-22 12:30:00-04:00,117.62000274658203,117.69000244140625,116.7699966430664,116.86499786376953,279429,0.0,0.0
2023-08-22 13:30:00-04:00,116.87000274658203,117.05000305175781,116.54000091552734,116.81999969482422,289661,0.0,0.0
2023-08-22 14:30:00-04:00,116.83000183105469,117.08000183105469,116.61000061035156,116.83499908447266,271073,0.0,0.0
2023-08-22 15:30:00-04:00,116.81999969482422,116.81999969482422,116.08000183105469,116.1500015258789,614318,0.0,0.0
2023-08-23 09:30:00-04:00,115.01000213623047,115.22000122070312,113.86000061035156,114.58999633789062,643458,0.0,0.0
2023-08-23 10:30:00-04:00,114.6500015258789,115.4000015258789,114.33000183105469,115.38999938964844,415469,0.0,0.0
2023-08-23 11:30:00-04:00,115.41000366210938,115.83999633789062,115.41000366210938,115.80000305175781,347975,0.0,0.0
2023-08-23 12:30:00-04:00,115.79000091552734,116.25,115.73999786376953,116.19499969482422,244742,0.0,0.0
2023-08-23 13:30:00-04:00,116.20999908447266,116.33999633789062,115.73999786376953,115.73999786376953,253055,0.0,0.0
2023-08-23 14:30:00-04:00,115.7571029663086,115.79000091552734,115.31999969482422,115.47000122070312,297611,0.0,0.0
2023-08-23 15:30:00-04:00,115.47000122070312,115.86000061035156,115.38500213623047,115.83999633789062,415159,0.0,0.0
2023-08-24 09:30:00-04:00,115.19000244140625,116.38369750976562,114.9000015258789,115.93450164794922,440376,0.0,0.0
2023-08-24 10:30:00-04:00,115.94000244140625,116.13999938964844,114.97000122070312,115.3550033569336,290875,0.0,0.0
2023-08-24 11:30:00-04:00,115.3499984741211,115.98500061035156,115.18000030517578,115.96499633789062,268794,0.0,0.0
2023-08-24 12:30:00-04:00,115.95999908447266,116.19000244140625,115.41000366210938,115.47000122070312,227857,0.0,0.0
2023-08-24 13:30:00-04:00,115.44999694824219,115.83000183105469,115.43000030517578,115.75,341851,0.0,0.0
2023-08-24 14:30:00-04:00,115.76000213623047,115.83000183105469,115.47000122070312,115.6500015258789,421115,0.0,0.0
2023-08-24 15:30:00-04:00,115.6449966430664,115.70500183105469,114.73999786376953,114.79000091552734,802524,0.0,0.0
2023-08-25 09:30:00-04:00,115.69000244140625,116.02999877929688,114.95999908447266,115.1323013305664,471404,0.0,0.0
2023-08-25 10:30:00-04:00,115.12000274658203,115.95999908447266,114.76000213623047,115.95999908447266,327940,0.0,0.0
2023-08-25 11:30:00-04:00,115.91999816894531,116.88999938964844,115.62000274658203,116.83999633789062,297156,0.0,0.0
2023-08-25 12:30:00-04:00,116.87000274658203,117.12999725341797,115.93000030517578,116.0250015258789,428142,0.0,0.0
2023-08-25 13:30:00-04:00,116.0250015258789,116.78500366210938,115.62000274658203,116.76000213623047,429572,0.0,0.0
2023-08-25 14:30:00-04:00,116.80999755859375,116.97000122070312,116.44999694824219,116.7699966430664,323636,0.0,0.0
2023-08-25 15:30:00-04:00,116.79000091552734,116.84500122070312,116.44000244140625,116.54000091552734,691535,0.0,0.0
2023-08-28 09:30:00-04:00,116.4800033569336,118.33999633789062,116.41999816894531,118.12999725341797,601407,0.0,0.0
2023-08-28 10:30:00-04:00,118.12000274658203,118.4000015258789,117.71499633789062,117.80000305175781,378665,0.0,0.0
2023-08-28 11:30:00-04:00,117.86000061035156,117.97000122070312,117.45999908447266,117.56999969482422,260796,0.0,0.0
2023-08-28 12:30:00-04:00,117.58000183105469,117.9000015258789,117.5199966430664,117.72000122070312,212338,0.0,0.0
2023-08-28 13:30:00-04:00,117.71499633789062,117.75,116.9010009765625,117.25,285812,0.0,0.0
2023-08-28 14:30:00-04:00,117.23500061035156,117.45999908447266,117.17400360107422,117.3499984741211,277719,0.0,0.0
2023-08-28 15:30:00-04:00,117.33999633789062,117.66000366210938,117.28500366210938,117.52999877929688,425617,0.0,0.0
2023-08-29 09:30:00-04:00,117.86000061035156,117.93000030517578,116.58000183105469,116.7249984741211,489314,0.0,0.0
2023-08-29 10:30:00-04:00,116.73999786376953,117.4000015258789,116.69999694824219,117.3499984741211,307664,0.0,0.0
2023-08-29 11:30:00-04:00,117.36000061035156,117.72000122070312,117.0999984741211,117.6500015258789,265673,0.0,0.0
2023-08-29 12:30:00-04:00,117.6500015258789,118.05999755859375,117.45999908447266,117.98999786376953,188244,0.0,0.0
2023-08-29 13:30:00-04:00,118.0,118.0999984741211,117.5199966430664,117.69000244140625,301212,0.0,0.0
2023-08-29 14:30:00-04:00,117.66999816894531,118.04000091552734,117.58000183105469,117.9800033569336,378381,0.0,0.0
2023-08-29 15:30:00-04:00,117.95999908447266,117.97000122070312,117.56999969482422,117.69000244140625,588197,0.0,0.0
2023-08-30 09:30:00-04:00,118.2699966430664,118.94000244140625,118.01000213623047,118.38999938964844,516581,0.0,0.0
2023-08-30 10:30:00-04:00,118.41999816894531,118.83999633789062,118.25,118.45999908447266,393269,0.0,0.0
2023-08-30 11:30:00-04:00,118.44000244140625,118.88999938964844,118.41999816894531,118.58999633789062,218525,0.0,0.0
2023-08-30 12:30:00-04:00,118.62999725341797,118.83999633789062,118.55000305175781,118.56999969482422,199174,0.0,0.0
2023-08-30 13:30:00-04:00,118.55960083007812,118.70999908447266,118.3761978149414,118.61000061035156,212422,0.0,0.0
2023-08-30 14:30:00-04:00,118.6050033569336,118.83000183105469,118.52999877929688,118.66000366210938,274817,0.0,0.0
2023-08-30 15:30:00-04:00,118.65129852294922,118.7300033569336,118.52999877929688,118.72000122070312,481367,0.0,0.0
2023-08-31 09:30:00-04:00,119.16999816894531,119.16999816894531,118.0999984741211,118.77999877929688,483653,0.0,0.0
2023-08-31 10:30:00-04:00,118.76000213623047,119.24210357666016,118.62000274658203,118.83999633789062,354869,0.0,0.0
2023-08-31 11:30:00-04:00,118.79000091552734,118.9800033569336,118.43000030517578,118.78500366210938,262514,0.0,0.0
2023-08-31 12:30:00-04:00,118.7300033569336,119.12999725341797,118.41000366210938,119.0999984741211,189724,0.0,0.0
2023-08-31 13:30:00-04:00,119.0999984741211,119.52999877929688,119.02999877929688,119.47000122070312,273947,0.0,0.0
2023-08-31 14:30:00-04:00,119.48999786376953,119.55999755859375,119.04499816894531,119.28500366210938,289332,0.0,0.0
2023-08-31 15:30:00-04:00,119.29000091552734,119.38999938964844,119.02999877929688,119.02999877929688,605353,0.0,0.0
2023-09-01 09:30:00-04:00,120.0,121.44000244140625,119.97000122070312,121.26000213623047,824548,0.0,0.0
2023-09-01 10:30:00-04:00,121.23999786376953,121.27999877929688,120.75,121.12000274658203,575864,0.0,0.0
2023-09-01 11:30:00-04:00,121.12999725341797,121.91699981689453,120.86499786376953,121.88500213623047,521712,0.0,0.0
2023-09-01 12:30:00-04:00,121.91000366210938,122.1500015258789,121.63999938964844,122.05500030517578,526983,0.0,0.0
2023-09-01 13:30:00-04:00,122.05000305175781,122.25,121.94999694824219,122.0999984741211,677467,0.0,0.0
2023-09-01 14:30:00-04:00,122.0999984741211,122.5,121.97010040283203,122.12000274658203,1008218,0.0,0.0
2023-09-01 15:30:00-04:00,122.12000274658203,122.38999938964844,121.95999908447266,122.1500015258789,1194656,0.0,0.0
2023-09-05 09:30:00-04:00,122.7699966430664,124.18000030517578,122.55999755859375,123.73999786376953,1357200,0.0,0.0
2023-09-05 10:30:00-04:00,123.76000213623047,124.29000091552734,123.31999969482422,124.19999694824219,792846,0.0,0.0
2023-09-05 11:30:00-04:00,124.21499633789062,124.8949966430664,124.05999755859375,124.88500213623047,572262,0.0,0.0
2023-09-05 12:30:00-04:00,124.87010192871094,124.98999786376953,124.23999786376953,124.3499984741211,454399,0.0,0.0
2023-09-05 13:30:00-04:00,124.33999633789062,124.41000366210938,123.5,123.62999725341797,484923,0.0,0.0
2023-09-05 14:30:00-04:00,123.64990234375,123.66000366210938,122.80999755859375,122.88999938964844,553796,0.0,0.0
2023-09-05 15:30:00-04:00,122.9000015258789,123.41000366210938,122.79000091552734,122.83000183105469,792484,0.0,0.0
2023-09-06 09:30:00-04:00,122.47000122070312,123.44000244140625,122.05000305175781,122.9000015258789,786786,0.0,0.0
2023-09-06 10:30:00-04:00,122.9000015258789,123.0250015258789,121.91999816894531,122.48999786376953,612337,0.0,0.0
2023-09-06 11:30:00-04:00,122.48999786376953,122.80000305175781,122.4000015258789,122.62999725341797,385621,0.0,0.0
2023-09-06 12:30:00-04:00,122.63999938964844,122.83000183105469,122.11009979248047,122.58000183105469,510926,0.0,0.0
2023-09-06 13:30:00-04:00,122.56999969482422,122.7300033569336,122.33999633789062,122.44000244140625,506700,0.0,0.0
2023-09-06 14:30:00-04:00,122.44000244140625,123.37000274658203,122.43000030517578,123.25,459905,0.0,0.0
2023-09-06 15:30:00-04:00,123.23999786376953,123.25,122.86000061035156,123.06999969482422,658208,0.0,0.0
2023-09-07 09:30:00-04:00,123.08300018310547,123.6500015258789,121.62999725341797,121.87999725341797,588397,0.0,0.0
2023-09-07 10:30:00-04:00,121.91000366210938,122.55000305175781,121.83999633789062,122.38500213623047,413329,0.0,0.0
2023-09-07 11:30:00-04:00,122.41999816894531,122.63999938964844,122.06999969482422,122.12999725341797,283416,0.0,0.0
2023-09-07 12:30:00-04:00,122.13999938964844,122.29000091552734,121.61000061035156,122.20500183105469,258094,0.0,0.0
2023-09-07 13:30:00-04:00,122.2249984741211,122.3989028930664,121.98999786376953,122.04000091552734,265507,0.0,0.0
2023-09-07 14:30:00-04:00,122.05000305175781,122.05999755859375,121.63999938964844,121.86000061035156,398305,0.0,0.0
2023-09-07 15:30:00-04:00,121.86000061035156,122.01000213623047,121.63999938964844,121.70999908447266,569330,0.0,0.0
2023-09-08 09:30:00-04:00,122.76000213623047,123.69999694824219,122.44999694824219,123.54000091552734,590588,0.0,0.0
2023-09-08 10:30:00-04:00,123.58000183105469,124.01000213623047,123.47000122070312,123.60759735107422,480554,0.0,0.0
2023-09-08 11:30:00-04:00,123.58999633789062,123.9000015258789,123.16999816894531,123.5999984741211,344215,0.0,0.0
2023-09-08 12:30:00-04:00,123.58999633789062,123.83999633789062,123.51000213623047,123.72000122070312,293616,0.0,0.0
2023-09-08 13:30:00-04:00,123.72000122070312,123.81999969482422,123.38999938964844,123.38999938964844,364551,0.0,0.0
2023-09-08 14:30:00-04:00,123.37999725341797,123.41999816894531,122.87999725341797,122.91000366210938,329554,0.0,0.0
2023-09-08 15:30:00-04:00,122.91500091552734,123.0,122.55000305175781,122.72000122070312,902880,0.0,0.0
2023-09-11 09:30:00-04:00,123.44000244140625,123.9000015258789,121.74040222167969,122.52999877929688,785757,0.0,0.0
2023-09-11 10:30:00-04:00,122.51499938964844,122.54000091552734,121.19999694824219,121.20999908447266,496202,0.0,0.0
2023-09-11 11:30:00-04:00,121.20999908447266,121.58000183105469,120.63999938964844,121.41999816894531,574199,0.0,0.0
2023-09-11 12:30:00-04:00,121.43000030517578,121.44000244140625,120.75,120.80000305175781,365711,0.0,0.0
2023-09-11 13:30:00-04:00,120.79000091552734,121.05999755859375,120.11000061035156,120.22000122070312,362265,0.0,0.0
2023-09-11 14:30:00-04:00,120.20999908447266,120.31999969482422,119.81999969482422,120.02999877929688,441921,0.0,0.0
2023-09-11 15:30:00-04:00,120.0199966430664,120.47000122070312,119.9800033569336,120.44999694824219,630288,0.0,0.0
2023-09-12 09:30:00-04:00,121.25,122.69000244140625,121.19999694824219,122.38999938964844,763114,0.0,0.0
2023-09-12 10:30:00-04:00,122.37999725341797,123.08000183105469,122.33999633789062,123.0,618306,0.0,0.0
2023-09-12 11:30:00-04:00,123.00499725341797,123.26000213623047,122.9000015258789,123.0199966430664,449237,0.0,0.0
2023-09-12 12:30:00-04:00,123.01000213623047,123.44000244140625,122.93000030517578,123.41000366210938,335387,0.0,0.0
2023-09-12 13:30:00-04:00,123.41000366210938,123.41000366210938,122.94000244140625,123.2300033569336,357129,0.0,0.0
2023-09-12 14:30:00-04:00,123.22000122070312,123.22350311279297,122.86000061035156,122.91999816894531,475118,0.0,0.0
2023-09-12 15:30:00-04:00,122.91999816894531,123.36000061035156,122.91999816894531,123.05000305175781,794840,0.0,0.0
2023-09-13 09:30:00-04:00,123.4800033569336,123.69999694824219,122.4749984741211,122.91000366210938,503368,0.0,0.0
2023-09-13 10:30:00-04:00,122.91999816894531,123.43499755859375,122.6050033569336,122.83000183105469,499083,0.0,0.0
2023-09-13 11:30:00-04:00,122.83999633789062,122.83999633789062,121.7300033569336,122.12000274658203,399524,0.0,0.0
2023-09-13 12:30:00-04:00,122.12999725341797,122.29350280761719,121.75,122.04000091552734,263670,0.0,0.0
2023-09-13 13:30:00-04:00,122.04000091552734,122.04000091552734,121.66000366210938,121.9800033569336,340713,0.0,0.0
2023-09-13 14:30:00-04:00,121.9800033569336,122.19999694824219,121.47000122070312,121.91500091552734,443811,0.0,0.0
2023-09-13 15:30:00-04:00,121.91500091552734,122.58999633789062,121.91500091552734,122.33000183105469,710016,0.0,0.0
2023-09-14 09:30:00-04:00,123.5,124.73999786376953,123.44000244140625,124.6500015258789,642078,0.0,0.0
2023-09-14 10:30:00-04:00,124.63999938964844,124.63999938964844,124.04000091552734,124.41000366210938,466671,0.0,0.0
2023-09-14 11:30:00-04:00,124.4000015258789,124.72000122070312,124.26020050048828,124.66000366210938,359356,0.0,0.0
2023-09-14 12:30:00-04:00,124.66500091552734,124.88999938964844,124.58000183105469,124.72709655761719,408796,0.0,0.0
2023-09-14 13:30:00-04:00,124.70999908447266,124.73999786376953,124.27999877929688,124.44999694824219,410803,0.0,0.0
2023-09-14 14:30:00-04:00,124.44000244140625,124.70999908447266,124.38999938964844,124.62999725341797,420856,0.0,0.0
2023-09-14 15:30:00-04:00,124.62999725341797,124.63500213623047,124.31999969482422,124.51000213623047,725025,0.0,0.0
2023-09-15 09:30:00-04:00,124.05000305175781,125.58999633789062,123.19000244140625,125.58999633789062,2153842,0.0,0.0
2023-09-15 10:30:00-04:00,125.57499694824219,125.98999786376953,125.01000213623047,125.61000061035156,896148,0.0,0.0
2023-09-15 11:30:00-04:00,125.5999984741211,125.66000366210938,124.2750015258789,124.30500030517578,522727,0.0,0.0
2023-09-15 12:30:00-04:00,124.30000305175781,124.4800033569336,123.6500015258789,123.70999908447266,435256,0.0,0.0
2023-09-15 13:30:00-04:00,123.69999694824219,124.23999786376953,123.44999694824219,123.80000305175781,484355,0.0,0.0
2023-09-15 14:30:00-04:00,123.80999755859375,123.93000030517578,123.22000122070312,123.47000122070312,538843,0.0,0.0
2023-09-15 15:30:00-04:00,123.4800033569336,123.90499877929688,123.33999633789062,123.55999755859375,993813,0.0,0.0
2023-09-18 09:30:00-04:00,125.18000030517578,125.58999633789062,124.06999969482422,124.81500244140625,948052,0.0,0.0
2023-09-18 10:30:00-04:00,124.80999755859375,125.7300033569336,124.80000305175781,125.12999725341797,672489,0.0,0.0
2023-09-18 11:30:00-04:00,125.12449645996094,125.63999938964844,125.05000305175781,125.07499694824219,428657,0.0,0.0
2023-09-18 12:30:00-04:00,125.08000183105469,125.21690368652344,124.08999633789062,124.20999908447266,411669,0.0,0.0
2023-09-18 13:30:00-04:00,124.22000122070312,124.5,124.09500122070312,124.45999908447266,378925,0.0,0.0
2023-09-18 14:30:00-04:00,124.45999908447266,124.66999816894531,124.33000183105469,124.5,472546,0.0,0.0
2023-09-18 15:30:00-04:00,124.5,124.66999816894531,124.33499908447266,124.4800033569336,648140,0.0,0.0
2023-09-19 09:30:00-04:00,125.83999633789062,126.02999877929688,124.33999633789062,124.5,861774,0.0,0.0
2023-09-19 10:30:00-04:00,124.54000091552734,124.67500305175781,123.80010223388672,123.82499694824219,378837,0.0,0.0
2023-09-19 11:30:00-04:00,123.83000183105469,123.93000030517578,123.0886001586914,123.12999725341797,327488,0.0,0.0
2023-09-19 12:30:00-04:00,123.11000061035156,123.11000061035156,122.39869689941406,122.75,323202,0.0,0.0
2023-09-19 13:30:00-04:00,122.75,123.01000213623047,122.54000091552734,122.56999969482422,366054,0.0,0.0
2023-09-19 14:30:00-04:00,122.55999755859375,122.9198989868164,122.18000030517578,122.66999816894531,507712,0.0,0.0
2023-09-19 15:30:00-04:00,122.66500091552734,123.44999694824219,122.61000061035156,123.16000366210938,625749,0.0,0.0
2023-09-20 09:30:00-04:00,122.62999725341797,123.80999755859375,122.11129760742188,123.37999725341797,504779,0.0,0.0
2023-09-20 10:30:00-04:00,123.38999938964844,123.4813003540039,122.44999694824219,123.04000091552734,388541,0.0,0.0
2023-09-20 11:30:00-04:00,123.0199966430664,123.08000183105469,122.38020324707031,122.87999725341797,228061,0.0,0.0
2023-09-20 12:30:00-04:00,122.87999725341797,122.88999938964844,122.55000305175781,122.58999633789062,291049,0.0,0.0
2023-09-20 13:30:00-04:00,122.57160186767578,122.5999984741211,122.12000274658203,122.36000061035156,311360,0.0,0.0
2023-09-20 14:30:00-04:00,122.37000274658203,122.7300033569336,121.55999755859375,121.83000183105469,416214,0.0,0.0
2023-09-20 15:30:00-04:00,121.83000183105469,121.8499984741211,121.05500030517578,121.19000244140625,538390,0.0,0.0
2023-09-21 09:30:00-04:00,122.02999877929688,122.16000366210938,120.33000183105469,120.66000366210938,620976,0.0,0.0
2023-09-21 10:30:00-04:00,120.67500305175781,120.74500274658203,119.37000274658203,119.62000274658203,443862,0.0,0.0
2023-09-21 11:30:00-04:00,119.61000061035156,119.94999694824219,119.48999786376953,119.91000366210938,312255,0.0,0.0
2023-09-21 12:30:00-04:00,119.92500305175781,120.41000366210938,119.81999969482422,120.20269775390625,312852,0.0,0.0
2023-09-21 13:30:00-04:00,120.18000030517578,120.30000305175781,119.69999694824219,119.72000122070312,277359,0.0,0.0
2023-09-21 14:30:00-04:00,119.70999908447266,119.87999725341797,118.94000244140625,118.95999908447266,587390,0.0,0.0
2023-09-21 15:30:00-04:00,118.94999694824219,119.31999969482422,118.75,119.06999969482422,856337,0.0,0.0
2023-09-22 09:30:00-04:00,119.91999816894531,121.18000030517578,119.69000244140625,120.8550033569336,677187,0.0,0.0
2023-09-22 10:30:00-04:00,120.8499984741211,120.97000122070312,119.58999633789062,120.12000274658203,453248,0.0,0.0
2023-09-22 11:30:00-04:00,120.12000274658203,120.12000274658203,119.3499984741211,119.52999877929688,291807,0.0,0.0
2023-09-22 12:30:00-04:00,119.5,119.86000061035156,119.27999877929688,119.30999755859375,266455,0.0,0.0
2023-09-22 13:30:00-04:00,119.27999877929688,119.4000015258789,119.04000091552734,119.22000122070312,283089,0.0,0.0
2023-09-22 14:30:00-04:00,119.2300033569336,120.02999877929688,119.16999816894531,119.87000274658203,351854,0.0,0.0
2023-09-22 15:30:00-04:00,119.87999725341797,119.8949966430664,119.05000305175781,119.13999938964844,528538,0.0,0.0
2023-09-25 09:30:00-04:00,119.29000091552734,120.33999633789062,118.88999938964844,120.05000305175781,489577,0.0,0.0
2023-09-25 10:30:00-04:00,120.05000305175781,120.9800033569336,119.98999786376953,120.75,343456,0.0,0.0
2023-09-25 11:30:00-04:00,120.76000213623047,121.09500122070312,120.36000061035156,121.08999633789062,328897,0.0,0.0
2023-09-25 12:30:00-04:00,121.08999633789062,121.26499938964844,120.69000244140625,120.94999694824219,290285,0.0,0.0
2023-09-25 13:30:00-04:00,121.00499725341797,121.23999786376953,120.7699966430664,120.80000305175781,205631,0.0,0.0
2023-09-25 14:30:00-04:00,120.80000305175781,121.25,120.72000122070312,120.97000122070312,320493,0.0,0.0
2023-09-25 15:30:00-04:00,120.95999908447266,121.13999938964844,120.63999938964844,121.05999755859375,585552,0.0,0.0
2023-09-26 09:30:00-04:00,119.80000305175781,120.87999725341797,119.33999633789062,119.91000366210938,811931,0.0,0.0
2023-09-26 10:30:00-04:00,119.91500091552734,120.83000183105469,119.81999969482422,120.55500030517578,467810,0.0,0.0
2023-09-26 11:30:00-04:00,120.55999755859375,121.44000244140625,120.48999786376953,121.12000274658203,423822,0.0,0.0
2023-09-26 12:30:00-04:00,121.12000274658203,121.27999877929688,120.79000091552734,120.80000305175781,400302,0.0,0.0
2023-09-26 13:30:00-04:00,120.79000091552734,120.83999633789062,120.44999694824219,120.45999908447266,439517,0.0,0.0
2023-09-26 14:30:00-04:00,120.44999694824219,120.48999786376953,119.86499786376953,119.95999908447266,513311,0.0,0.0
2023-09-26 15:30:00-04:00,119.96499633789062,120.37999725341797,119.9000015258789,120.13999938964844,910988,0.0,0.0
2023-09-27 09:30:00-04:00,121.71499633789062,123.08000183105469,120.80000305175781,122.70999908447266,900726,0.0,0.0
2023-09-27 10:30:00-04:00,122.7300033569336,123.75,122.51000213623047,123.52999877929688,586837,0.0,0.0
2023-09-27 11:30:00-04:00,123.5,123.80000305175781,123.18499755859375,123.28500366210938,449452,0.0,0.0
2023-09-27 12:30:00-04:00,123.27999877929688,123.57499694824219,122.62999725341797,122.68000030517578,405508,0.0,0.0
2023-09-27 13:30:00-04:00,122.66999816894531,123.3499984741211,122.5199966430664,123.33000183105469,594726,0.0,0.0
2023-09-27 14:30:00-04:00,123.3499984741211,123.91999816894531,123.28500366210938,123.58999633789062,716192,0.0,0.0
2023-09-27 15:30:00-04:00,123.58000183105469,123.58999633789062,122.7249984741211,123.11000061035156,784523,0.0,0.0
2023-09-28 09:30:00-04:00,122.86000061035156,124.11000061035156,122.86000061035156,123.91000366210938,672048,0.0,0.0
2023-09-28 10:30:00-04:00,123.93000030517578,124.30500030517578,123.3499984741211,123.87999725341797,531956,0.0,0.0
2023-09-28 11:30:00-04:00,123.87999725341797,123.88999938964844,122.81999969482422,123.30999755859375,394187,0.0,0.0
2023-09-28 12:30:00-04:00,123.30500030517578,123.34500122070312,122.34339904785156,122.38999938964844,287466,0.0,0.0
2023-09-28 13:30:00-04:00,122.37999725341797,122.69000244140625,122.18000030517578,122.62000274658203,369124,0.0,0.0
2023-09-28 14:30:00-04:00,122.61000061035156,123.0155029296875,122.3499984741211,122.91329956054688,371437,0.0,0.0
2023-09-28 15:30:00-04:00,122.9000015258789,122.9000015258789,122.4800033569336,122.69999694824219,729497,0.0,0.0
2023-09-29 09:30:00-04:00,122.4800033569336,122.61000061035156,120.91000366210938,121.05999755859375,716744,0.0,0.0
2023-09-29 10:30:00-04:00,121.02999877929688,121.45999908447266,120.0999984741211,120.9800033569336,462780,0.0,0.0
2023-09-29 11:30:00-04:00,120.98999786376953,121.26499938964844,120.37000274658203,121.05999755859375,366951,0.0,0.0
2023-09-29 12:30:00-04:00,121.05000305175781,121.11000061035156,120.01000213623047,120.38500213623047,403000,0.0,0.0
2023-09-29 13:30:00-04:00,120.41000366210938,120.4749984741211,119.7300033569336,120.01000213623047,270690,0.0,0.0
2023-09-29 14:30:00-04:00,120.02999877929688,120.6500015258789,119.79010009765625,120.20999908447266,337369,0.0,0.0
2023-09-29 15:30:00-04:00,120.19000244140625,120.36000061035156,119.63999938964844,119.83000183105469,1035278,0.0,0.0
2023-10-02 09:30:00-04:00,120.23999786376953,120.30500030517578,116.42649841308594,116.5,809818,0.0,0.0
2023-10-02 10:30:00-04:00,116.46499633789062,117.8499984741211,116.36000061035156,116.9800033569336,652347,0.0,0.0
2023-10-02 11:30:00-04:00,116.97000122070312,117.32270050048828,116.43000030517578,116.95999908447266,697063,0.0,0.0
2023-10-02 12:30:00-04:00,116.93000030517578,117.02999877929688,116.61000061035156,116.69000244140625,326192,0.0,0.0
2023-10-02 13:30:00-04:00,116.69000244140625,116.95500183105469,116.30380249023438,116.56999969482422,330197,0.0,0.0
2023-10-02 14:30:00-04:00,116.56999969482422,116.625,115.95999908447266,116.48999786376953,448996,0.0,0.0
2023-10-02 15:30:00-04:00,116.48999786376953,117.16999816894531,116.40499877929688,117.12000274658203,738253,0.0,0.0
2023-10-03 09:30:00-04:00,116.76000213623047,117.6500015258789,116.37999725341797,117.23999786376953,732649,0.0,0.0
2023-10-03 10:30:00-04:00,117.25,117.30999755859375,116.20500183105469,116.36000061035156,503254,0.0,0.0
2023-10-03 11:30:00-04:00,116.37000274658203,117.16999816894531,116.06999969482422,117.12000274658203,395529,0.0,0.0
2023-10-03 12:30:00-04:00,117.16000366210938,117.30000305175781,116.72000122070312,116.88009643554688,244461,0.0,0.0
2023-10-03 13:30:00-04:00,116.87999725341797,116.94000244140625,116.31999969482422,116.69499969482422,320559,0.0,0.0
2023-10-03 14:30:00-04:00,116.68000030517578,117.48899841308594,116.68000030517578,117.43499755859375,464338,0.0,0.0
2023-10-03 15:30:00-04:00,117.44999694824219,117.66999816894531,117.2300033569336,117.66000366210938,701168,0.0,0.0
2023-10-04 09:30:00-04:00,115.31999969482422,115.62999725341797,114.04000091552734,114.05500030517578,1011263,0.0,0.0
2023-10-04 10:30:00-04:00,114.02999877929688,114.38999938964844,112.91999816894531,113.94999694824219,1211413,0.0,0.0
2023-10-04 11:30:00-04:00,113.91999816894531,113.91999816894531,113.3499984741211,113.61000061035156,471141,0.0,0.0
2023-10-04 12:30:00-04:00,113.62000274658203,113.83499908447266,112.5199966430664,112.56999969482422,509055,0.0,0.0
2023-10-04 13:30:00-04:00,112.55999755859375,112.73999786376953,111.66999816894531,111.78500366210938,936604,0.0,0.0
2023-10-04 14:30:00-04:00,111.77999877929688,112.69999694824219,111.69999694824219,112.58999633789062,867776,0.0,0.0
2023-10-04 15:30:00-04:00,112.61000061035156,113.61000061035156,112.5999984741211,113.30000305175781,1231929,0.0,0.0
2023-10-05 09:30:00-04:00,112.51000213623047,114.3499984741211,112.19000244140625,114.16000366210938,1024937,0.0,0.0
2023-10-05 10:30:00-04:00,114.1500015258789,114.58000183105469,113.19999694824219,113.5199966430664,478853,0.0,0.0
2023-10-05 11:30:00-04:00,113.51000213623047,114.0,112.69000244140625,113.12000274658203,267410,0.0,0.0
2023-10-05 12:30:00-04:00,113.12000274658203,113.52999877929688,112.79000091552734,113.31999969482422,207490,0.0,0.0
2023-10-05 13:30:00-04:00,113.33000183105469,113.69999694824219,113.07499694824219,113.23999786376953,252657,0.0,0.0
2023-10-05 14:30:00-04:00,113.28500366210938,113.58000183105469,112.95099639892578,113.08000183105469,481915,0.0,0.0
2023-10-05 15:30:00-04:00,113.08999633789062,113.54000091552734,113.05999755859375,113.4000015258789,736998,0.0,0.0
2023-10-06 09:30:00-04:00,114.37999725341797,114.88999938964844,113.16000366210938,114.26000213623047,848828,0.0,0.0
2023-10-06 10:30:00-04:00,114.29000091552734,114.7300033569336,113.69999694824219,114.69000244140625,483481,0.0,0.0
2023-10-06 11:30:00-04:00,114.72000122070312,115.79000091552734,114.44999694824219,115.74500274658203,381975,0.0,0.0
2023-10-06 12:30:00-04:00,115.76000213623047,116.30000305175781,115.36000061035156,116.18000030517578,361348,0.0,0.0
2023-10-06 13:30:00-04:00,116.19000244140625,116.4800033569336,115.91000366210938,116.41000366210938,302961,0.0,0.0
2023-10-06 14:30:00-04:00,116.41999816894531,116.58999633789062,115.77999877929688,116.4000015258789,472809,0.0,0.0
2023-10-06 15:30:00-04:00,116.37999725341797,116.4000015258789,115.2699966430664,115.33000183105469,626557,0.0,0.0
2023-10-09 09:30:00-04:00,118.95999908447266,120.62000274658203,118.75,120.30999755859375,1425103,0.0,0.0
2023-10-09 10:30:00-04:00,120.29000091552734,120.93000030517578,119.97000122070312,120.56999969482422,629282,0.0,0.0
2023-10-09 11:30:00-04:00,120.55049896240234,120.87000274658203,119.94000244140625,119.95999908447266,426920,0.0,0.0
2023-10-09 12:30:00-04:00,119.9800033569336,120.94000244140625,119.95999908447266,120.94000244140625,434403,0.0,0.0
2023-10-09 13:30:00-04:00,120.94999694824219,121.70500183105469,120.91000366210938,121.68070220947266,658278,0.0,0.0
2023-10-09 14:30:00-04:00,121.69999694824219,121.8499984741211,121.43000030517578,121.7699966430664,595798,0.0,0.0
2023-10-09 15:30:00-04:00,121.7699966430664,121.87000274658203,121.25499725341797,121.81999969482422,1028815,0.0,0.0
2023-10-10 09:30:00-04:00,121.25,121.89289855957031,120.77999877929688,120.88999938964844,526879,0.0,0.0
2023-10-10 10:30:00-04:00,120.87000274658203,122.01000213623047,120.41999816894531,121.95999908447266,745371,0.0,0.0
2023-10-10 11:30:00-04:00,121.87999725341797,122.23500061035156,121.70110321044922,122.12999725341797,356338,0.0,0.0
2023-10-10 12:30:00-04:00,122.12000274658203,122.16940307617188,121.48999786376953,122.05000305175781,408577,0.0,0.0
2023-10-10 13:30:00-04:00,122.05000305175781,122.08999633789062,121.55999755859375,121.57039642333984,337406,0.0,0.0
2023-10-10 14:30:00-04:00,121.58000183105469,121.88999938964844,120.63999938964844,120.69000244140625,738006,0.0,0.0
2023-10-10 15:30:00-04:00,120.69000244140625,120.9000015258789,120.19000244140625,120.38999938964844,1029283,0.0,0.0
2023-10-11 09:30:00-04:00,119.5,120.11000061035156,118.7300033569336,119.37999725341797,1346487,0.0,0.0
2023-10-11 10:30:00-04:00,119.37979888916016,119.47000122070312,118.02999877929688,118.68000030517578,796523,0.0,0.0
2023-10-11 11:30:00-04:00,118.70999908447266,119.4000015258789,118.38999938964844,119.31500244140625,440614,0.0,0.0
2023-10-11 12:30:00-04:00,119.33000183105469,119.5,119.08999633789062,119.19000244140625,485282,0.0,0.0
2023-10-11 13:30:00-04:00,119.19000244140625,119.44999694824219,118.98999786376953,119.19000244140625,413778,0.0,0.0
2023-10-11 14:30:00-04:00,119.20999908447266,119.45999908447266,119.1500015258789,119.2300033569336,671251,0.0,0.0
2023-10-11 15:30:00-04:00,119.2300033569336,120.19000244140625,119.08000183105469,120.02999877929688,1290951,0.0,0.0
2023-10-12 09:30:00-04:00,121.08000183105469,121.7249984741211,120.86499786376953,121.26499938964844,675688,0.0,0.0
2023-10-12 10:30:00-04:00,121.29000091552734,121.62999725341797,120.7300033569336,121.26499938964844,428354,0.0,0.0
2023-10-12 11:30:00-04:00,121.2699966430664,121.54000091552734,120.94999694824219,121.20999908447266,327001,0.0,0.0
2023-10-12 12:30:00-04:00,121.22000122070312,121.48500061035156,120.66000366210938,120.93000030517578,362986,0.0,0.0
2023-10-12 13:30:00-04:00,120.9000015258789,121.08999633789062,120.45999908447266,121.02999877929688,340868,0.0,0.0
2023-10-12 14:30:00-04:00,121.04000091552734,121.70999908447266,121.0199966430664,121.6500015258789,450194,0.0,0.0
2023-10-12 15:30:00-04:00,121.6500015258789,121.6500015258789,121.0250015258789,121.11000061035156,584154,0.0,0.0
2023-10-13 09:30:00-04:00,124.05999755859375,124.80000305175781,123.43000030517578,124.68009948730469,977195,0.0,0.0
2023-10-13 10:30:00-04:00,124.66999816894531,125.04000091552734,124.31999969482422,124.81999969482422,640164,0.0,0.0
2023-10-13 11:30:00-04:00,124.82990264892578,125.33000183105469,124.57499694824219,125.12999725341797,446255,0.0,0.0
2023-10-13 12:30:00-04:00,125.1500015258789,125.97000122070312,125.1498031616211,125.50499725341797,895902,0.0,0.0
2023-10-13 13:30:00-04:00,125.4800033569336,125.94000244140625,125.36000061035156,125.76860046386719,440312,0.0,0.0
2023-10-13 14:30:00-04:00,125.77999877929688,125.87000274658203,125.20999908447266,125.27999877929688,408065,0.0,0.0
2023-10-13 15:30:00-04:00,125.29000091552734,125.33000183105469,124.68000030517578,124.86000061035156,804140,0.0,0.0
2023-10-16 09:30:00-04:00,125.58000183105469,126.12000274658203,124.18000030517578,124.79499816894531,886222,0.0,0.0
2023-10-16 10:30:00-04:00,124.79000091552734,125.86000061035156,124.72000122070312,125.61499786376953,480558,0.0,0.0
2023-10-16 11:30:00-04:00,125.62000274658203,125.75,125.26000213623047,125.38999938964844,312422,0.0,0.0
2023-10-16 12:30:00-04:00,125.37999725341797,125.69999694824219,125.08000183105469,125.4000015258789,234665,0.0,0.0
2023-10-16 13:30:00-04:00,125.38999938964844,125.73999786376953,125.29000091552734,125.41999816894531,285969,0.0,0.0
2023-10-16 14:30:00-04:00,125.42500305175781,125.70999908447266,125.38999938964844,125.58000183105469,336628,0.0,0.0
2023-10-16 15:30:00-04:00,125.58000183105469,125.58999633789062,125.19999694824219,125.30999755859375,607272,0.0,0.0
2023-10-17 09:30:00-04:00,125.19999694824219,126.4000015258789,125.0999984741211,126.18000030517578,658066,0.0,0.0
2023-10-17 10:30:00-04:00,126.15869903564453,126.43000030517578,125.70500183105469,125.7300033569336,487615,0.0,0.0
2023-10-17 11:30:00-04:00,125.72000122070312,125.72000122070312,124.94000244140625,125.37999725341797,373688,0.0,0.0
2023-10-17 12:30:00-04:00,125.38500213623047,125.44999694824219,125.01000213623047,125.20999908447266,292833,0.0,0.0
2023-10-17 13:30:00-04:00,125.19999694824219,125.80999755859375,125.06999969482422,125.80000305175781,423076,0.0,0.0
2023-10-17 14:30:00-04:00,125.80999755859375,125.87989807128906,125.36000061035156,125.63999938964844,596533,0.0,0.0
2023-10-17 15:30:00-04:00,125.6500015258789,125.66999816894531,125.26000213623047,125.45999908447266,695288,0.0,0.0
2023-10-18 09:30:00-04:00,126.20999908447266,127.23999786376953,126.01000213623047,126.2699966430664,936454,0.0,0.0
2023-10-18 10:30:00-04:00,126.29000091552734,126.7300033569336,125.78170013427734,126.27999877929688,699543,0.0,0.0
2023-10-18 11:30:00-04:00,126.30000305175781,126.55999755859375,125.44999694824219,125.7699966430664,410548,0.0,0.0
2023-10-18 12:30:00-04:00,125.80950164794922,126.70999908447266,125.79000091552734,126.66999816894531,485936,0.0,0.0
2023-10-18 13:30:00-04:00,126.65499877929688,126.69999694824219,125.97000122070312,126.18000030517578,427259,0.0,0.0
2023-10-18 14:30:00-04:00,126.18000030517578,126.44000244140625,125.91000366210938,126.30999755859375,341280,0.0,0.0
2023-10-18 15:30:00-04:00,126.30999755859375,126.65499877929688,125.91000366210938,126.58000183105469,544935,0.0,0.0
2023-10-19 09:30:00-04:00,125.69000244140625,126.37000274658203,124.87210083007812,126.31999969482422,878014,0.0,0.0
2023-10-19 10:30:00-04:00,126.29000091552734,126.97000122070312,125.76000213623047,126.7699966430664,412612,0.0,0.0
2023-10-19 11:30:00-04:00,126.79000091552734,127.2699966430664,126.45999908447266,127.1449966430664,404434,0.0,0.0
2023-10-19 12:30:00-04:00,127.16500091552734,127.27999877929688,126.56999969482422,127.2699966430664,283462,0.0,0.0
2023-10-19 13:30:00-04:00,127.19000244140625,127.23999786376953,126.44999694824219,126.7699966430664,335479,0.0,0.0
2023-10-19 14:30:00-04:00,126.76000213623047,126.83000183105469,126.2750015258789,126.76000213623047,505244,0.0,0.0
2023-10-19 15:30:00-04:00,126.7699966430664,126.91999816894531,126.37000274658203,126.37999725341797,869670,0.0,0.0
2023-10-20 09:30:00-04:00,126.19000244140625,126.66999816894531,124.2300033569336,124.52999877929688,1184239,0.0,0.0
2023-10-20 10:30:00-04:00,124.55000305175781,125.2699966430664,124.2699966430664,125.13999938964844,627584,0.0,0.0
2023-10-20 11:30:00-04:00,125.1500015258789,125.2699966430664,124.6500015258789,124.7699966430664,510414,0.0,0.0
2023-10-20 12:30:00-04:00,124.79000091552734,125.06999969482422,123.86000061035156,124.33999633789062,476122,0.0,0.0
2023-10-20 13:30:00-04:00,124.3499984741211,124.5999984741211,123.97000122070312,124.2699966430664,290133,0.0,0.0
2023-10-20 14:30:00-04:00,124.23500061035156,124.4000015258789,123.91000366210938,124.23999786376953,319228,0.0,0.0
2023-10-20 15:30:00-04:00,124.25,124.40499877929688,124.0,124.05999755859375,696783,0.0,0.0
2023-10-23 09:30:00-04:00,123.05999755859375,123.16000366210938,121.30000305175781,122.02999877929688,819810,0.0,0.0
2023-10-23 10:30:00-04:00,122.02999877929688,123.0999984741211,121.5999984741211,122.56999969482422,485194,0.0,0.0
2023-10-23 11:30:00-04:00,122.56999969482422,122.9000015258789,121.28579711914062,121.48999786376953,427359,0.0,0.0
2023-10-23 12:30:00-04:00,121.4800033569336,121.80999755859375,121.16999816894531,121.2300033569336,467458,0.0,0.0
2023-10-23 13:30:00-04:00,121.20999908447266,121.55999755859375,120.63999938964844,120.80000305175781,633142,0.0,0.0
2023-10-23 14:30:00-04:00,120.80000305175781,121.40499877929688,120.77999877929688,121.0,653639,0.0,0.0
2023-10-23 15:30:00-04:00,120.98999786376953,121.41999816894531,120.68000030517578,121.3499984741211,947350,0.0,0.0
2023-10-24 09:30:00-04:00,121.56999969482422,121.98999786376953,120.4749984741211,121.05999755859375,566103,0.0,0.0
2023-10-24 10:30:00-04:00,121.06999969482422,121.37999725341797,120.62999725341797,120.66999816894531,441276,0.0,0.0
2023-10-24 11:30:00-04:00,120.63990020751953,120.93000030517578,120.18499755859375,120.43000030517578,576150,0.0,0.0
2023-10-24 12:30:00-04:00,120.44000244140625,120.56999969482422,119.91999816894531,120.30000305175781,338280,0.0,0.0
2023-10-24 13:30:00-04:00,120.31999969482422,120.5,120.01499938964844,120.13999938964844,400574,0.0,0.0
2023-10-24 14:30:00-04:00,120.16999816894531,120.55000305175781,120.02619934082031,120.2699966430664,673296,0.0,0.0
2023-10-24 15:30:00-04:00,120.27999877929688,120.44999694824219,119.9000015258789,119.91999816894531,837506,0.0,0.0
2023-10-25 09:30:00-04:00,119.52999877929688,120.90499877929688,119.33000183105469,119.44999694824219,617493,0.0,0.0
2023-10-25 10:30:00-04:00,119.44000244140625,119.5,118.7699966430664,119.2699966430664,774876,0.0,0.0
2023-10-25 11:30:00-04:00,119.27890014648438,119.83999633789062,118.87000274658203,119.62999725341797,756225,0.0,0.0
2023-10-25 12:30:00-04:00,119.61000061035156,119.91999816894531,119.45999908447266,119.55999755859375,407577,0.0,0.0
2023-10-25 13:30:00-04:00,119.55000305175781,119.98699951171875,119.2699966430664,119.95999908447266,497796,0.0,0.0
2023-10-25 14:30:00-04:00,119.94999694824219,120.93000030517578,119.87999725341797,120.9000015258789,772897,0.0,0.0
2023-10-25 15:30:00-04:00,120.9000015258789,120.93000030517578,120.29000091552734,120.41999816894531,669354,0.0,0.0
2023-10-26 09:30:00-04:00,118.7300033569336,119.16000366210938,117.25,117.94000244140625,1052039,0.0,0.0
2023-10-26 10:30:00-04:00,117.94999694824219,118.70999908447266,117.7699966430664,117.86000061035156,816999,0.0,0.0
2023-10-26 11:30:00-04:00,117.88999938964844,118.33999633789062,117.45999908447266,117.66999816894531,445160,0.0,0.0
2023-10-26 12:30:00-04:00,117.66999816894531,118.41999816894531,117.6500015258789,118.12999725341797,601576,0.0,0.0
2023-10-26 13:30:00-04:00,118.0999984741211,118.5199966430664,117.8499984741211,118.18000030517578,536542,0.0,0.0
2023-10-26 14:30:00-04:00,118.19000244140625,118.83000183105469,118.16000366210938,118.27999877929688,647214,0.0,0.0
2023-10-26 15:30:00-04:00,118.2699966430664,118.4800033569336,118.04499816894531,118.31999969482422,1165738,0.0,0.0
2023-10-27 09:30:00-04:00,117.69999694824219,118.33999633789062,116.43499755859375,117.16000366210938,943995,0.0,0.0
2023-10-27 10:30:00-04:00,117.12000274658203,117.56999969482422,116.55000305175781,117.19999694824219,416595,0.0,0.0
2023-10-27 11:30:00-04:00,117.16999816894531,117.9000015258789,117.05000305175781,117.08999633789062,427317,0.0,0.0
2023-10-27 12:30:00-04:00,117.08000183105469,117.54000091552734,116.80999755859375,117.11000061035156,321417,0.0,0.0
2023-10-27 13:30:00-04:00,117.08999633789062,117.77999877929688,116.94000244140625,117.55000305175781,364777,0.0,0.0
2023-10-27 14:30:00-04:00,117.55000305175781,117.99500274658203,117.37999725341797,117.91500091552734,674453,0.0,0.0
2023-10-27 15:30:00-04:00,117.91999816894531,117.98999786376953,117.45999908447266,117.80999755859375,827423,0.0,0.0
2023-10-30 09:30:00-04:00,117.77999877929688,118.5,116.79000091552734,116.99500274658203,776401,0.0,0.0
2023-10-30 10:30:00-04:00,116.9800033569336,117.08000183105469,116.51000213623047,116.80500030517578,702591,0.0,0.0
2023-10-30 11:30:00-04:00,116.79000091552734,117.06999969482422,116.58000183105469,116.87000274658203,495044,0.0,0.0
2023-10-30 12:30:00-04:00,116.87999725341797,117.10639953613281,116.66000366210938,117.02999877929688,643819,0.0,0.0
2023-10-30 13:30:00-04:00,117.04000091552734,117.54000091552734,116.77999877929688,116.98999786376953,521714,0.0,0.0
2023-10-30 14:30:00-04:00,117.01000213623047,117.80000305175781,117.0,117.63999938964844,650601,0.0,0.0
2023-10-30 15:30:00-04:00,117.62999725341797,118.20999908447266,117.62999725341797,118.13999938964844,1013492,0.0,0.0
2023-10-31 09:30:00-04:00,117.9000015258789,118.20999908447266,116.48999786376953,117.86000061035156,759663,0.0,0.0
2023-10-31 10:30:00-04:00,117.8499984741211,118.18000030517578,117.47000122070312,117.87000274658203,425717,0.0,0.0
2023-10-31 11:30:00-04:00,117.91500091552734,118.31999969482422,117.91500091552734,118.26000213623047,352711,0.0,0.0
2023-10-31 12:30:00-04:00,118.23999786376953,118.58999633789062,118.07369995117188,118.38999938964844,368192,0.0,0.0
2023-10-31 13:30:00-04:00,118.38999938964844,118.69999694824219,118.0999984741211,118.13999938964844,432974,0.0,0.0
2023-10-31 14:30:00-04:00,118.1500015258789,118.56500244140625,117.95500183105469,118.55500030517578,371627,0.0,0.0
2023-10-31 15:30:00-04:00,118.55999755859375,118.98999786376953,118.48999786376953,118.83000183105469,803906,0.0,0.0
2023-11-01 09:30:00-04:00,119.4800033569336,119.7300033569336,118.33999633789062,119.41000366210938,572308,0.0,0.0
2023-11-01 10:30:00-04:00,119.40760040283203,119.76499938964844,118.7300033569336,118.7300033569336,696877,0.0,0.0
2023-11-01 11:30:00-04:00,118.70999908447266,118.77999877929688,118.19000244140625,118.19000244140625,508023,0.0,0.0
2023-11-01 12:30:00-04:00,118.18000030517578,118.22000122070312,117.41500091552734,117.69000244140625,770681,0.0,0.0
2023-11-01 13:30:00-04:00,117.69000244140625,117.86000061035156,117.25,117.375,893856,0.0,0.0
2023-11-01 14:30:00-04:00,117.36000061035156,117.65499877929688,116.80999755859375,117.25499725341797,1639489,0.0,0.0
2023-11-01 15:30:00-04:00,117.25250244140625,117.41999816894531,116.48999786376953,116.69999694824219,1930944,0.0,0.0
2023-11-02 09:30:00-04:00,117.87000274658203,121.37999725341797,117.37000274658203,120.67500305175781,1425212,0.0,0.0
2023-11-02 10:30:00-04:00,120.66000366210938,121.63999938964844,120.30000305175781,121.4800033569336,1012624,0.0,0.0
2023-11-02 11:30:00-04:00,121.51000213623047,122.66999816894531,121.37000274658203,122.30000305175781,1004973,0.0,0.0
2023-11-02 12:30:00-04:00,122.30999755859375,122.88690185546875,121.98999786376953,122.71990203857422,925584,0.0,0.0
2023-11-02 13:30:00-04:00,122.69999694824219,123.25,122.45999908447266,122.79000091552734,957794,0.0,0.0
2023-11-02 14:30:00-04:00,122.78500366210938,122.8499984741211,121.87000274658203,122.0,781265,0.0,0.0
2023-11-02 15:30:00-04:00,121.99500274658203,122.4000015258789,121.7699966430664,122.01499938964844,1733333,0.0,0.0
2023-11-03 09:30:00-04:00,121.5,121.88999938964844,120.37999725341797,120.73999786376953,783720,0.0,0.0
2023-11-03 10:30:00-04:00,120.73999786376953,120.97000122070312,119.90499877929688,120.36000061035156,648729,0.0,0.0
2023-11-03 11:30:00-04:00,120.37999725341797,120.66000366210938,120.08999633789062,120.4000015258789,792718,0.0,0.0
2023-11-03 12:30:00-04:00,120.3949966430664,120.41000366210938,119.73500061035156,119.83000183105469,665394,0.0,0.0
2023-11-03 13:30:00-04:00,119.86000061035156,119.91999816894531,119.3499984741211,119.6500015258789,436344,0.0,0.0
2023-11-03 14:30:00-04:00,119.66999816894531,120.01000213623047,119.62999725341797,119.9000015258789,596356,0.0,0.0
2023-11-03 15:30:00-04:00,119.9000015258789,120.1050033569336,119.66999816894531,119.75,1087915,0.0,0.0
2023-11-06 09:30:00-05:00,120.23999786376953,120.55999755859375,118.6500015258789,119.5199966430664,677093,0.0,0.0
2023-11-06 10:30:00-05:00,119.5260009765625,119.6500015258789,119.0199966430664,119.4800033569336,455771,0.0,0.0
2023-11-06 11:30:00-05:00,119.45999908447266,119.5999984741211,119.12999725341797,119.13999938964844,356929,0.0,0.0
2023-11-06 12:30:00-05:00,119.1500015258789,119.2885971069336,118.58999633789062,118.75,286449,0.0,0.0
2023-11-06 13:30:00-05:00,118.76000213623047,118.7699966430664,118.19000244140625,118.58999633789062,361980,0.0,0.0
2023-11-06 14:30:00-05:00,118.59500122070312,118.79000091552734,118.5199966430664,118.62999725341797,381124,0.0,0.0
2023-11-06 15:30:00-05:00,118.63999938964844,118.9000015258789,118.4000015258789,118.4800033569336,682222,0.0,0.0
2023-11-07 09:30:00-05:00,116.41999816894531,116.5,114.69999694824219,114.94999694824219,958561,0.0,0.0
2023-11-07 10:30:00-05:00,114.94000244140625,115.23999786376953,114.48999786376953,114.48999786376953,554856,0.0,0.0
2023-11-07 11:30:00-05:00,114.51000213623047,114.83999633789062,114.33000183105469,114.70999908447266,544018,0.0,0.0
2023-11-07 12:30:00-05:00,114.69999694824219,115.0999984741211,114.45999908447266,115.02999877929688,445596,0.0,0.0
2023-11-07 13:30:00-05:00,115.0199966430664,115.48999786376953,114.8499984741211,115.31999969482422,524373,0.0,0.0
2023-11-07 14:30:00-05:00,115.31500244140625,115.44000244140625,114.6050033569336,115.1500015258789,576439,0.0,0.0
2023-11-07 15:30:00-05:00,115.15499877929688,115.41000366210938,115.04499816894531,115.25,959663,0.0,0.0
2023-11-08 09:30:00-05:00,115.19999694824219,115.62000274658203,114.38500213623047,114.69000244140625,974291,0.0,0.0
2023-11-08 10:30:00-05:00,114.68499755859375,115.45999908447266,114.66000366210938,115.2699966430664,782843,0.0,0.0
2023-11-08 11:30:00-05:00,115.2699966430664,115.41999816894531,114.4800033569336,114.55000305175781,583232,0.0,0.0
2023-11-08 12:30:00-05:00,114.5199966430664,114.5199966430664,113.97000122070312,114.19999694824219,521713,0.0,0.0
2023-11-08 13:30:00-05:00,114.19000244140625,114.75,114.13999938964844,114.37909698486328,541460,0.0,0.0
2023-11-08 14:30:00-05:00,114.37999725341797,114.58999633789062,114.13999938964844,114.48500061035156,571799,0.0,0.0
2023-11-08 15:30:00-05:00,114.48500061035156,114.7300033569336,114.37000274658203,114.44999694824219,915983,0.0,0.0
2023-11-09 09:30:00-05:00,115.6500015258789,116.06999969482422,114.44000244140625,114.91999816894531,543102,0.0,0.0
2023-11-09 10:30:00-05:00,114.91999816894531,115.37999725341797,114.45999908447266,114.77999877929688,480111,0.0,0.0
2023-11-09 11:30:00-05:00,114.77999877929688,114.86000061035156,114.25420379638672,114.73999786376953,357447,0.0,0.0
2023-11-09 12:30:00-05:00,114.75,115.06999969482422,114.4800033569336,114.80999755859375,557481,0.0,0.0
2023-11-09 13:30:00-05:00,114.80000305175781,114.81500244140625,114.44000244140625,114.5,433585,0.0,0.0
2023-11-09 14:30:00-05:00,114.48999786376953,114.55000305175781,114.08999633789062,114.32499694824219,463767,0.0,0.0
2023-11-09 15:30:00-05:00,114.31999969482422,114.4000015258789,114.05000305175781,114.16000366210938,711096,0.0,0.0
2023-11-10 09:30:00-05:00,115.23999786376953,115.9000015258789,114.94000244140625,115.30000305175781,518343,0.0,0.0
2023-11-10 10:30:00-05:00,115.28500366210938,115.43000030517578,114.5999984741211,115.06999969482422,508534,0.0,0.0
2023-11-10 11:30:00-05:00,115.05999755859375,115.32479858398438,114.94000244140625,115.13459777832031,302475,0.0,0.0
2023-11-10 12:30:00-05:00,115.1500015258789,116.06999969482422,115.1500015258789,115.91500091552734,467637,0.0,0.0
2023-11-10 13:30:00-05:00,115.94000244140625,116.2061996459961,115.75499725341797,115.9749984741211,373660,0.0,0.0
2023-11-10 14:30:00-05:00,115.97000122070312,116.01000213623047,115.63999938964844,115.83999633789062,488715,0.0,0.0
2023-11-10 15:30:00-05:00,115.83999633789062,115.87000274658203,115.5,115.66999816894531,992023,0.0,0.0
2023-11-13 09:30:00-05:00,114.98999786376953,115.91130065917969,114.98999786376953,115.55999755859375,472039,0.0,0.0
2023-11-13 10:30:00-05:00,115.55000305175781,115.6449966430664,115.22000122070312,115.43000030517578,318931,0.0,0.0
2023-11-13 11:30:00-05:00,115.43000030517578,115.58000183105469,115.06729888916016,115.33000183105469,272071,0.0,0.0
2023-11-13 12:30:00-05:00,115.33000183105469,115.41999816894531,115.08000183105469,115.16000366210938,261735,0.0,0.0
2023-11-13 13:30:00-05:00,115.16500091552734,115.47000122070312,115.08999633789062,115.30999755859375,230752,0.0,0.0
2023-11-13 14:30:00-05:00,115.31999969482422,115.55999755859375,115.23500061035156,115.37999725341797,339999,0.0,0.0
2023-11-13 15:30:00-05:00,115.37999725341797,115.44869995117188,115.2300033569336,115.37999725341797,625661,0.0,0.0
2023-11-14 09:30:00-05:00,116.0,116.41000366210938,115.44000244140625,116.41000366210938,729656,0.0,0.0
2023-11-14 10:30:00-05:00,116.34500122070312,116.80999755859375,116.08999633789062,116.27999877929688,503529,0.0,0.0
2023-11-14 11:30:00-05:00,116.2699966430664,116.47000122070312,115.69999694824219,115.83000183105469,480518,0.0,0.0
2023-11-14 12:30:00-05:00,115.83999633789062,115.98999786376953,115.42500305175781,115.62000274658203,459021,0.0,0.0
2023-11-14 13:30:00-05:00,115.625,115.91829681396484,115.33999633789062,115.56999969482422,645447,0.0,0.0
2023-11-14 14:30:00-05:00,115.56999969482422,115.8499984741211,115.5250015258789,115.6500015258789,646542,0.0,0.0
2023-11-14 15:30:00-05:00,115.6500015258789,115.7300033569336,115.36000061035156,115.56999969482422,851509,0.0,0.0
2023-11-15 09:30:00-05:00,115.0,116.19999694824219,115.0,116.0199966430664,650543,0.0,0.0
2023-11-15 10:30:00-05:00,116.0199966430664,116.66500091552734,116.01000213623047,116.29000091552734,500730,0.0,0.0
2023-11-15 11:30:00-05:00,116.27999877929688,116.66000366210938,116.16999816894531,116.40730285644531,388600,0.0,0.0
2023-11-15 12:30:00-05:00,116.4000015258789,116.5199966430664,116.18000030517578,116.28500366210938,538761,0.0,0.0
2023-11-15 13:30:00-05:00,116.27999877929688,116.3499984741211,115.73999786376953,115.75,553854,0.0,0.0
2023-11-15 14:30:00-05:00,115.75,115.9800033569336,115.20999908447266,115.36000061035156,463712,0.0,0.0
2023-11-15 15:30:00-05:00,115.3550033569336,115.4000015258789,114.87999725341797,115.02999877929688,834019,0.0,0.0
2023-11-16 09:30:00-05:00,113.51000213623047,113.76000213623047,111.05000305175781,111.80989837646484,1345443,0.0,0.0
2023-11-16 10:30:00-05:00,111.76000213623047,111.81999969482422,111.19000244140625,111.2699966430664,652667,0.0,0.0
2023-11-16 11:30:00-05:00,111.31999969482422,111.3949966430664,109.9800033569336,110.44000244140625,677190,0.0,0.0
2023-11-16 12:30:00-05:00,110.44000244140625,110.87000274658203,110.18000030517578,110.37999725341797,528458,0.0,0.0
2023-11-16 13:30:00-05:00,110.4000015258789,111.1500015258789,110.2750015258789,111.12999725341797,549921,0.0,0.0
2023-11-16 14:30:00-05:00,111.13999938964844,111.94499969482422,110.9800033569336,111.87999725341797,787752,0.0,0.0
2023-11-16 15:30:00-05:00,111.87999725341797,112.06999969482422,111.66999816894531,111.9800033569336,1116458,0.0,0.0
2023-11-17 09:30:00-05:00,112.80000305175781,114.19000244140625,112.2300033569336,114.0999984741211,1153008,0.0,0.0
2023-11-17 10:30:00-05:00,114.125,114.31999969482422,113.92500305175781,114.13500213623047,384422,0.0,0.0
2023-11-17 11:30:00-05:00,114.13999938964844,114.6500015258789,114.02999877929688,114.55999755859375,447749,0.0,0.0
2023-11-17 12:30:00-05:00,114.58000183105469,115.18000030517578,114.45999908447266,115.12999725341797,573271,0.0,0.0
2023-11-17 13:30:00-05:00,115.12000274658203,115.52999877929688,114.94000244140625,115.33000183105469,545763,0.0,0.0
2023-11-17 14:30:00-05:00,115.33000183105469,115.40499877929688,114.83999633789062,115.08999633789062,540444,0.0,0.0
2023-11-17 15:30:00-05:00,115.08999633789062,115.0999984741211,114.51000213623047,114.58999633789062,916558,0.0,0.0
2023-11-20 09:30:00-05:00,114.98999786376953,116.5199966430664,114.58999633789062,116.5,640669,0.0,0.0
2023-11-20 10:30:00-05:00,116.44999694824219,116.57499694824219,115.57499694824219,115.87000274658203,462806,0.0,0.0
2023-11-20 11:30:00-05:00,115.83999633789062,116.05809783935547,115.62999725341797,115.7300033569336,365264,0.0,0.0
2023-11-20 12:30:00-05:00,115.7300033569336,115.9000015258789,115.49500274658203,115.72000122070312,276677,0.0,0.0
2023-11-20 13:30:00-05:00,115.72000122070312,115.88999938964844,115.4800033569336,115.58999633789062,286225,0.0,0.0
2023-11-20 14:30:00-05:00,115.5999984741211,115.83000183105469,115.54499816894531,115.80999755859375,393870,0.0,0.0
2023-11-20 15:30:00-05:00,115.81500244140625,115.83000183105469,115.30000305175781,115.38999938964844,710449,0.0,0.0
2023-11-21 09:30:00-05:00,115.18000030517578,115.62999725341797,114.55919647216797,114.83999633789062,724251,0.0,0.0
2023-11-21 10:30:00-05:00,114.86000061035156,115.44000244140625,114.69999694824219,115.04499816894531,413084,0.0,0.0
2023-11-21 11:30:00-05:00,115.01000213623047,115.34500122070312,114.94999694824219,115.11000061035156,302263,0.0,0.0
2023-11-21 12:30:00-05:00,115.0999984741211,115.2300033569336,114.96009826660156,114.9916000366211,230160,0.0,0.0
2023-11-21 13:30:00-05:00,114.9800033569336,115.19999694824219,114.83999633789062,115.19999694824219,323677,0.0,0.0
2023-11-21 14:30:00-05:00,115.19000244140625,115.19999694824219,114.87000274658203,115.16000366210938,427212,0.0,0.0
2023-11-21 15:30:00-05:00,115.1500015258789,115.31999969482422,115.0250015258789,115.18000030517578,632737,0.0,0.0
2023-11-22 09:30:00-05:00,112.0199966430664,113.44999694824219,111.16000366210938,113.44999694824219,882408,0.0,0.0
2023-11-22 10:30:00-05:00,113.44999694824219,114.04000091552734,113.19000244140625,114.01000213623047,455654,0.0,0.0
2023-11-22 11:30:00-05:00,113.98999786376953,114.33999633789062,113.5199966430664,114.23400115966797,388407,0.0,0.0
2023-11-22 12:30:00-05:00,114.23999786376953,114.36000061035156,113.83499908447266,114.1500015258789,413642,0.0,0.0
2023-11-22 13:30:00-05:00,114.1500015258789,114.75499725341797,114.01100158691406,114.73059844970703,427220,0.0,0.0
2023-11-22 14:30:00-05:00,114.7300033569336,115.0199966430664,114.36499786376953,115.0199966430664,521178,0.0,0.0
2023-11-22 15:30:00-05:00,115.03500366210938,115.12999725341797,114.80999755859375,114.80999755859375,824520,0.0,0.0
2023-11-24 09:30:00-05:00,114.88999938964844,116.5730972290039,114.86000061035156,116.11000061035156,612299,0.0,0.0
2023-11-24 10:30:00-05:00,116.0999984741211,116.37000274658203,116.0,116.19000244140625,524517,0.0,0.0
2023-11-24 11:30:00-05:00,116.19999694824219,116.26000213623047,115.5999984741211,115.87999725341797,361052,0.0,0.0
2023-11-27 09:30:00-05:00,114.9800033569336,115.12999725341797,114.11000061035156,114.375,624902,0.0,0.0
2023-11-27 10:30:00-05:00,114.375,114.58999633789062,114.07990264892578,114.19999694824219,539101,0.0,0.0
2023-11-27 11:30:00-05:00,114.19999694824219,114.2699966430664,113.63999938964844,113.68280029296875,573635,0.0,0.0
2023-11-27 12:30:00-05:00,113.68000030517578,113.83000183105469,113.36000061035156,113.77999877929688,455083,0.0,0.0
2023-11-27 13:30:00-05:00,113.7699966430664,114.10389709472656,113.6259994506836,113.87999725341797,557243,0.0,0.0
2023-11-27 14:30:00-05:00,113.875,114.37000274658203,113.8550033569336,114.34010314941406,586393,0.0,0.0
2023-11-27 15:30:00-05:00,114.33999633789062,114.93000030517578,114.33000183105469,114.79000091552734,921582,0.0,0.0
2023-11-28 09:30:00-05:00,115.26000213623047,115.37999725341797,114.4800033569336,115.01000213623047,494320,0.0,0.0
2023-11-28 10:30:00-05:00,115.0177993774414,115.9749984741211,115.0,115.87999725341797,336798,0.0,0.0
2023-11-28 11:30:00-05:00,115.88500213623047,115.97000122070312,115.6449966430664,115.66290283203125,285401,0.0,0.0
2023-11-28 12:30:00-05:00,115.68499755859375,115.73999786376953,115.42400360107422,115.42400360107422,241279,0.0,0.0
2023-11-28 13:30:00-05:00,115.43000030517578,115.45999908447266,115.08999633789062,115.19010162353516,329965,0.0,0.0
2023-11-28 14:30:00-05:00,115.19000244140625,115.25,114.83000183105469,114.83000183105469,415174,0.0,0.0
2023-11-28 15:30:00-05:00,114.83000183105469,115.1500015258789,114.76000213623047,114.94999694824219,646505,0.0,0.0
2023-11-29 09:30:00-05:00,115.36000061035156,115.55999755859375,113.93910217285156,114.19000244140625,878089,0.0,0.0
2023-11-29 10:30:00-05:00,114.19000244140625,114.31009674072266,113.875,113.97000122070312,575887,0.0,0.0
2023-11-29 11:30:00-05:00,113.97000122070312,114.22000122070312,113.92500305175781,114.0199966430664,385425,0.0,0.0
2023-11-29 12:30:00-05:00,114.02999877929688,114.37999725341797,113.94999694824219,114.29000091552734,538742,0.0,0.0
2023-11-29 13:30:00-05:00,114.27999877929688,114.5999984741211,114.27999877929688,114.37000274658203,754694,0.0,0.0
2023-11-29 14:30:00-05:00,114.37000274658203,114.37000274658203,113.33499908447266,113.58999633789062,631426,0.0,0.0
2023-11-29 15:30:00-05:00,113.58999633789062,113.9800033569336,113.31999969482422,113.9800033569336,1389515,0.0,0.0
2023-11-30 09:30:00-05:00,115.16999816894531,116.69999694824219,114.85009765625,116.33999633789062,973539,0.0,0.0
2023-11-30 10:30:00-05:00,116.30999755859375,116.38999938964844,113.79499816894531,113.79499816894531,621271,0.0,0.0
2023-11-30 11:30:00-05:00,113.80000305175781,114.36000061035156,113.63999938964844,114.20999908447266,485543,0.0,0.0
2023-11-30 12:30:00-05:00,114.19999694824219,114.94499969482422,114.11000061035156,114.54000091552734,355898,0.0,0.0
2023-11-30 13:30:00-05:00,114.5199966430664,115.1500015258789,114.48999786376953,115.09500122070312,432347,0.0,0.0
2023-11-30 14:30:00-05:00,115.0999984741211,115.31999969482422,114.84500122070312,115.12999725341797,654349,0.0,0.0
2023-11-30 15:30:00-05:00,115.12000274658203,115.6500015258789,114.83999633789062,115.55999755859375,1197630,0.0,0.0
2023-12-01 09:30:00-05:00,115.02999877929688,116.91999816894531,114.8499984741211,116.36499786376953,672749,0.0,0.0
2023-12-01 10:30:00-05:00,116.37999725341797,116.80999755859375,115.91000366210938,116.77999877929688,469856,0.0,0.0
2023-12-01 11:30:00-05:00,116.76000213623047,116.97000122070312,116.34500122070312,116.72000122070312,398257,0.0,0.0
2023-12-01 12:30:00-05:00,116.69000244140625,117.04000091552734,115.7300033569336,115.76000213623047,498615,0.0,0.0
2023-12-01 13:30:00-05:00,115.75,116.10990142822266,115.48999786376953,115.51499938964844,457470,0.0,0.0
2023-12-01 14:30:00-05:00,115.52279663085938,115.7699966430664,115.37999725341797,115.71499633789062,640231,0.0,0.0
2023-12-01 15:30:00-05:00,115.70999908447266,115.7300033569336,115.0,115.22000122070312,913970,0.0,0.0
2023-12-04 09:30:00-05:00,114.20999908447266,115.62000274658203,113.88009643554688,115.56999969482422,746445,0.0,0.0
2023-12-04 10:30:00-05:00,115.56999969482422,115.91999816894531,114.51000213623047,114.75499725341797,493356,0.0,0.0
2023-12-04 11:30:00-05:00,114.74500274658203,115.13500213623047,114.54000091552734,115.0199966430664,399305,0.0,0.0
2023-12-04 12:30:00-05:00,115.02999877929688,115.0833969116211,114.62020111083984,114.76000213623047,384823,0.0,0.0
2023-12-04 13:30:00-05:00,114.75,114.94000244140625,114.36000061035156,114.52999877929688,496533,0.0,0.0
2023-12-04 14:30:00-05:00,114.52999877929688,114.79000091552734,114.4749984741211,114.51000213623047,505455,0.0,0.0
2023-12-04 15:30:00-05:00,114.5,114.61000061035156,114.37000274658203,114.52999877929688,733485,0.0,0.0
2023-12-05 09:30:00-05:00,114.7300033569336,114.7699966430664,114.04000091552734,114.69999694824219,533769,0.0,0.0
2023-12-05 10:30:00-05:00,114.70999908447266,114.9000015258789,114.19999694824219,114.52999877929688,645897,0.0,0.0
2023-12-05 11:30:00-05:00,114.51499938964844,114.72000122070312,113.7699966430664,113.91000366210938,698883,0.0,0.0
2023-12-05 12:30:00-05:00,113.9000015258789,114.12000274658203,113.76000213623047,114.0199966430664,418552,0.0,0.0
2023-12-05 13:30:00-05:00,114.0250015258789,114.26000213623047,113.95999908447266,114.06999969482422,486183,0.0,0.0
2023-12-05 14:30:00-05:00,114.08000183105469,114.30000305175781,113.69000244140625,113.8949966430664,596424,0.0,0.0
2023-12-05 15:30:00-05:00,113.8949966430664,113.94000244140625,113.04000091552734,113.1500015258789,1189716,0.0,0.0
2023-12-06 09:30:00-05:00,112.33000183105469,112.33000183105469,111.0999984741211,111.49710083007812,939251,0.0,0.0
2023-12-06 10:30:00-05:00,111.48999786376953,111.48999786376953,110.36000061035156,110.69000244140625,850724,0.0,0.0
2023-12-06 11:30:00-05:00,110.69000244140625,110.72000122070312,109.7699966430664,109.88999938964844,894265,0.0,0.0
2023-12-06 12:30:00-05:00,109.88999938964844,110.7699966430664,109.73500061035156,110.70999908447266,605524,0.0,0.0
2023-12-06 13:30:00-05:00,110.69999694824219,111.1500015258789,110.43000030517578,110.69000244140625,544747,0.0,0.0
2023-12-06 14:30:00-05:00,110.69999694824219,110.9800033569336,110.4800033569336,110.55500030517578,742016,0.0,0.0
2023-12-06 15:30:00-05:00,110.55000305175781,110.75,110.29000091552734,110.55000305175781,1395388,0.0,0.0
2023-12-07 09:30:00-05:00,111.31999969482422,111.80000305175781,110.6500015258789,111.34500122070312,574604,0.0,0.0
2023-12-07 10:30:00-05:00,111.37000274658203,111.90499877929688,111.12000274658203,111.48999786376953,887332,0.0,0.0
2023-12-07 11:30:00-05:00,111.4800033569336,111.6500015258789,110.87999725341797,111.13999938964844,524759,0.0,0.0
2023-12-07 12:30:00-05:00,111.1500015258789,111.54000091552734,110.87000274658203,111.5,501288,0.0,0.0
2023-12-07 13:30:00-05:00,111.48999786376953,111.5199966430664,111.0199966430664,111.23999786376953,466342,0.0,0.0
2023-12-07 14:30:00-05:00,111.26499938964844,111.26499938964844,110.80000305175781,111.0199966430664,729748,0.0,0.0
2023-12-07 15:30:00-05:00,111.02999877929688,111.19000244140625,110.83999633789062,110.8499984741211,1208991,0.0,0.0
2023-12-08 09:30:00-05:00,111.73999786376953,112.19000244140625,111.05999755859375,111.66000366210938,748542,0.0,0.0
2023-12-08 10:30:00-05:00,111.66999816894531,112.08999633789062,111.5999984741211,111.94999694824219,500418,0.0,0.0
2023-12-08 11:30:00-05:00,111.93000030517578,111.94000244140625,111.2300033569336,111.53500366210938,543666,0.0,0.0
2023-12-08 12:30:00-05:00,111.55000305175781,111.75,111.33000183105469,111.66000366210938,339647,0.0,0.0
2023-12-08 13:30:00-05:00,111.66000366210938,112.08999633789062,111.62000274658203,111.66999816894531,406861,0.0,0.0
2023-12-08 14:30:00-05:00,111.68000030517578,111.7300033569336,111.48999786376953,111.69499969482422,539953,0.0,0.0
2023-12-08 15:30:00-05:00,111.69000244140625,112.1500015258789,111.62999725341797,112.0250015258789,1336553,0.0,0.0
2023-12-11 09:30:00-05:00,112.12000274658203,112.62000274658203,111.54000091552734,111.83999633789062,1149975,0.0,0.0
2023-12-11 10:30:00-05:00,111.87999725341797,112.23999786376953,111.81999969482422,112.0999984741211,753274,0.0,0.0
2023-12-11 11:30:00-05:00,112.0999984741211,112.44999694824219,111.5999984741211,111.70999908447266,622506,0.0,0.0
2023-12-11 12:30:00-05:00,111.70999908447266,112.36000061035156,111.69499969482422,112.1500015258789,456784,0.0,0.0
2023-12-11 13:30:00-05:00,112.13999938964844,112.62999725341797,112.0199966430664,112.4000015258789,524288,0.0,0.0
2023-12-11 14:30:00-05:00,112.4000015258789,112.62000274658203,112.30999755859375,112.4000015258789,869622,0.0,0.0
2023-12-11 15:30:00-05:00,112.3949966430664,112.5250015258789,112.1500015258789,112.1500015258789,1176343,0.0,0.0
2023-12-12 09:30:00-05:00,110.7699966430664,111.0,109.69999694824219,110.73999786376953,1288020,0.0,0.0
2023-12-12 10:30:00-05:00,110.73999786376953,111.4749984741211,110.68000030517578,110.88999938964844,675905,0.0,0.0
2023-12-12 11:30:00-05:00,110.9000015258789,111.16999816894531,110.7300033569336,110.9800033569336,641192,0.0,0.0
2023-12-12 12:30:00-05:00,110.97000122070312,110.97000122070312,110.38999938964844,110.54499816894531,665694,0.0,0.0
2023-12-12 13:30:00-05:00,110.55000305175781,110.91000366210938,110.41999816894531,110.89710235595703,690685,0.0,0.0
2023-12-12 14:30:00-05:00,110.8949966430664,111.41000366210938,110.875,111.3949966430664,854153,0.0,0.0
2023-12-12 15:30:00-05:00,111.4000015258789,111.41000366210938,110.92500305175781,111.06999969482422,1146127,0.0,0.0
2023-12-13 09:30:00-05:00,111.5,112.0999984741211,110.9800033569336,111.05000305175781,1205108,0.0,0.0
2023-12-13 10:30:00-05:00,111.04000091552734,111.6050033569336,110.87000274658203,111.49410247802734,1128470,0.0,0.0
2023-12-13 11:30:00-05:00,111.5,111.68000030517578,111.16999816894531,111.2156982421875,529480,0.0,0.0
2023-12-13 12:30:00-05:00,111.21499633789062,111.31999969482422,111.12999725341797,111.18810272216797,531760,0.0,0.0
2023-12-13 13:30:00-05:00,111.18000030517578,111.76000213623047,111.08999633789062,111.4800033569336,727255,0.0,0.0
2023-12-13 14:30:00-05:00,111.48999786376953,112.05000305175781,111.44999694824219,111.94499969482422,1059578,0.0,0.0
2023-12-13 15:30:00-05:00,111.94000244140625,112.25499725341797,111.7699966430664,111.80000305175781,1367188,0.0,0.0
2023-12-14 09:30:00-05:00,112.94999694824219,114.62000274658203,112.75,114.56999969482422,1549389,0.0,0.0
2023-12-14 10:30:00-05:00,114.5999984741211,115.30000305175781,114.54000091552734,114.94000244140625,1551871,0.0,0.0
2023-12-14 11:30:00-05:00,114.94999694824219,115.48999786376953,114.83999633789062,114.86000061035156,910382,0.0,0.0
2023-12-14 12:30:00-05:00,114.8499984741211,116.3501968383789,114.77999877929688,116.22000122070312,827096,0.0,0.0
2023-12-14 13:30:00-05:00,116.2249984741211,116.29000091552734,114.95500183105469,115.03500366210938,1040699,0.0,0.0
2023-12-14 14:30:00-05:00,115.02999877929688,115.45999908447266,114.88009643554688,115.16999816894531,1063130,0.0,0.0
2023-12-14 15:30:00-05:00,115.16000366210938,115.16999816894531,114.5,114.9800033569336,1999855,0.0,0.0
2023-12-15 09:30:00-05:00,114.3499984741211,115.73999786376953,113.62000274658203,114.01000213623047,2206086,0.0,0.0
2023-12-15 10:30:00-05:00,114.00499725341797,114.37000274658203,113.7300033569336,114.12999725341797,1027572,0.0,0.0
2023-12-15 11:30:00-05:00,114.12000274658203,114.51000213623047,113.79460144042969,114.27999877929688,727106,0.0,0.0
2023-12-15 12:30:00-05:00,114.27999877929688,114.72000122070312,114.12999725341797,114.65499877929688,736713,0.0,0.0
2023-12-15 13:30:00-05:00,114.65499877929688,114.74500274658203,114.37999725341797,114.57499694824219,675354,0.0,0.0
2023-12-15 14:30:00-05:00,114.56999969482422,114.81500244140625,114.38999938964844,114.80999755859375,861285,0.0,0.0
2023-12-15 15:30:00-05:00,114.81999969482422,115.08000183105469,114.51000213623047,114.58999633789062,1781451,0.0,0.0
2023-12-18 09:30:00-05:00,115.83000183105469,117.26830291748047,115.76000213623047,115.93000030517578,1398258,0.0,0.0
2023-12-18 10:30:00-05:00,115.91000366210938,116.27359771728516,115.3499984741211,115.9800033569336,693547,0.0,0.0
2023-12-18 11:30:00-05:00,115.97000122070312,116.06500244140625,115.49199676513672,115.97000122070312,594676,0.0,0.0
2023-12-18 12:30:00-05:00,115.9800033569336,116.01000213623047,115.55999755859375,115.81999969482422,506078,0.0,0.0
2023-12-18 13:30:00-05:00,115.80999755859375,115.91000366210938,114.94999694824219,115.01499938964844,652366,0.0,0.0
2023-12-18 14:30:00-05:00,115.01000213623047,115.26000213623047,114.88500213623047,115.02999877929688,670385,0.0,0.0
2023-12-18 15:30:00-05:00,115.0250015258789,115.02999877929688,114.6500015258789,114.9000015258789,809924,0.0,0.0
2023-12-19 09:30:00-05:00,114.94999694824219,115.44999694824219,114.25,114.88999938964844,671789,0.0,0.0
2023-12-19 10:30:00-05:00,114.87000274658203,115.68000030517578,114.6050033569336,115.62999725341797,606486,0.0,0.0
2023-12-19 11:30:00-05:00,115.5999984741211,116.04000091552734,115.51000213623047,115.8550033569336,552127,0.0,0.0
2023-12-19 12:30:00-05:00,115.8499984741211,116.16000366210938,115.75,115.87000274658203,482081,0.0,0.0
2023-12-19 13:30:00-05:00,115.87000274658203,116.30000305175781,115.83000183105469,116.2699966430664,516177,0.0,0.0
2023-12-19 14:30:00-05:00,116.27999877929688,116.63999938964844,116.21499633789062,116.31999969482422,920995,0.0,0.0
2023-12-19 15:30:00-05:00,116.32499694824219,116.52999877929688,116.0999984741211,116.48999786376953,1202478,0.0,0.0
2023-12-20 09:30:00-05:00,116.87000274658203,118.47000122070312,116.69999694824219,117.87000274658203,1175662,0.0,0.0
2023-12-20 10:30:00-05:00,117.8499984741211,118.76000213623047,117.5999984741211,118.68499755859375,757739,0.0,0.0
2023-12-20 11:30:00-05:00,118.69750213623047,118.87999725341797,118.41999816894531,118.66000366210938,556934,0.0,0.0
2023-12-20 12:30:00-05:00,118.66999816894531,118.94000244140625,118.4000015258789,118.5,541862,0.0,0.0
2023-12-20 13:30:00-05:00,118.5,118.69000244140625,117.93499755859375,118.23999786376953,613993,0.0,0.0
2023-12-20 14:30:00-05:00,118.23500061035156,118.26000213623047,116.75,116.9000015258789,786114,0.0,0.0
2023-12-20 15:30:00-05:00,116.9000015258789,117.11000061035156,116.37999725341797,116.69999694824219,1101686,0.0,0.0
2023-12-21 09:30:00-05:00,116.5,116.79000091552734,115.7699966430664,115.83999633789062,606471,0.0,0.0
2023-12-21 10:30:00-05:00,115.8499984741211,116.45999908447266,115.62999725341797,116.41999816894531,464256,0.0,0.0
2023-12-21 11:30:00-05:00,116.4000015258789,116.51499938964844,115.27999877929688,115.4800033569336,452396,0.0,0.0
2023-12-21 12:30:00-05:00,115.48999786376953,116.19999694824219,115.45999908447266,116.19999694824219,406514,0.0,0.0
2023-12-21 13:30:00-05:00,116.18000030517578,116.2699966430664,115.92009735107422,116.2699966430664,307739,0.0,0.0
2023-12-21 14:30:00-05:00,116.27999877929688,116.56999969482422,116.11000061035156,116.56999969482422,425400,0.0,0.0
2023-12-21 15:30:00-05:00,116.58000183105469,116.87999725341797,116.41999816894531,116.8499984741211,768884,0.0,0.0
2023-12-22 09:30:00-05:00,118.0,118.48999786376953,117.43000030517578,118.48999786376953,588516,0.0,0.0
2023-12-22 10:30:00-05:00,118.5,118.62999725341797,117.44000244140625,118.0199966430664,571442,0.0,0.0
2023-12-22 11:30:00-05:00,118.02999877929688,118.16000366210938,117.83000183105469,118.15010070800781,374876,0.0,0.0
2023-12-22 12:30:00-05:00,118.15499877929688,118.48999786376953,118.13999938964844,118.38999938964844,339761,0.0,0.0
2023-12-22 13:30:00-05:00,118.39990234375,118.55500030517578,117.58000183105469,117.5999984741211,350103,0.0,0.0
2023-12-22 14:30:00-05:00,117.58999633789062,118.0,117.44000244140625,117.62000274658203,432817,0.0,0.0
2023-12-22 15:30:00-05:00,117.62999725341797,117.72000122070312,117.29000091552734,117.6500015258789,697917,0.0,0.0
2023-12-26 09:30:00-05:00,118.69999694824219,119.12999725341797,118.37999725341797,118.66000366210938,362184,0.0,0.0
2023-12-26 10:30:00-05:00,118.68340301513672,119.06999969482422,118.5999984741211,118.93000030517578,265354,0.0,0.0
2023-12-26 11:30:00-05:00,118.93000030517578,119.25,118.79010009765625,119.19000244140625,525688,0.0,0.0
2023-12-26 12:30:00-05:00,119.19499969482422,119.4000015258789,119.12000274658203,119.32499694824219,213837,0.0,0.0
2023-12-26 13:30:00-05:00,119.33999633789062,119.43000030517578,119.02999877929688,119.08999633789062,246669,0.0,0.0
2023-12-26 14:30:00-05:00,119.06999969482422,119.24500274658203,118.91999816894531,119.19999694824219,298409,0.0,0.0
2023-12-26 15:30:00-05:00,119.19999694824219,119.26000213623047,118.98999786376953,119.04000091552734,421216,0.0,0.0
2023-12-27 09:30:00-05:00,118.51000213623047,119.56999969482422,118.19000244140625,119.52999877929688,467977,0.0,0.0
2023-12-27 10:30:00-05:00,119.51000213623047,119.63999938964844,118.9800033569336,119.0,338673,0.0,0.0
2023-12-27 11:30:00-05:00,118.98500061035156,119.11000061035156,118.58000183105469,118.61250305175781,392227,0.0,0.0
2023-12-27 12:30:00-05:00,118.62000274658203,118.80999755859375,118.5,118.7750015258789,265417,0.0,0.0
2023-12-27 13:30:00-05:00,118.77999877929688,118.86000061035156,118.08000183105469,118.37000274658203,325809,0.0,0.0
2023-12-27 14:30:00-05:00,118.37999725341797,118.44000244140625,118.18000030517578,118.38999938964844,311432,0.0,0.0
2023-12-27 15:30:00-05:00,118.38500213623047,118.5199966430664,118.12000274658203,118.51000213623047,453660,0.0,0.0
2023-12-28 09:30:00-05:00,117.66000366210938,118.19999694824219,117.27999877929688,117.27999877929688,450068,0.0,0.0
2023-12-28 10:30:00-05:00,117.30999755859375,117.4000015258789,116.83999633789062,117.22000122070312,461070,0.0,0.0
2023-12-28 11:30:00-05:00,117.22000122070312,117.22000122070312,116.8949966430664,117.01380157470703,327611,0.0,0.0
2023-12-28 12:30:00-05:00,117.01000213623047,117.17140197753906,116.5198974609375,116.9000015258789,325877,0.0,0.0
2023-12-28 13:30:00-05:00,116.88999938964844,117.02999877929688,116.72000122070312,116.91999816894531,292902,0.0,0.0
2023-12-28 14:30:00-05:00,116.93000030517578,117.12000274658203,116.78099822998047,117.05999755859375,351620,0.0,0.0
2023-12-28 15:30:00-05:00,117.05999755859375,117.11499786376953,116.44000244140625,116.51000213623047,871124,0.0,0.0
2023-12-29 09:30:00-05:00,117.20999908447266,117.55000305175781,116.66000366210938,116.68000030517578,609291,0.0,0.0
2023-12-29 10:30:00-05:00,116.69000244140625,117.05500030517578,116.29000091552734,116.75,385808,0.0,0.0
2023-12-29 11:30:00-05:00,116.7699966430664,116.9000015258789,116.14299774169922,116.48999786376953,320276,0.0,0.0
2023-12-29 12:30:00-05:00,116.47000122070312,116.47000122070312,116.0250015258789,116.08499908447266,197575,0.0,0.0
2023-12-29 13:30:00-05:00,116.11000061035156,116.2699966430664,115.87000274658203,115.93000030517578,197727,0.0,0.0
2023-12-29 14:30:00-05:00,115.91500091552734,116.13999938964844,115.81300354003906,116.0999984741211,283018,0.0,0.0
2023-12-29 15:30:00-05:00,116.0999984741211,116.18000030517578,115.86000061035156,116.05999755859375,623722,0.0,0.0
2024-01-02 09:30:00-05:00,117.16999816894531,117.93990325927734,116.8499984741211,117.70999908447266,619467,0.0,0.0
2024-01-02 10:30:00-05:00,117.69000244140625,118.18000030517578,117.62999725341797,117.91000366210938,557844,0.0,0.0
2024-01-02 11:30:00-05:00,117.8949966430664,118.26000213623047,117.83999633789062,118.23500061035156,354103,0.0,0.0
2024-01-02 12:30:00-05:00,118.27999877929688,118.80000305175781,118.2249984741211,118.62000274658203,402146,0.0,0.0
2024-01-02 13:30:00-05:00,118.5999984741211,118.75,118.18000030517578,118.30000305175781,394786,0.0,0.0
2024-01-02 14:30:00-05:00,118.30000305175781,118.33999633789062,117.66999816894531,117.66999816894531,600162,0.0,0.0
2024-01-02 15:30:00-05:00,117.62000274658203,117.62000274658203,117.20999908447266,117.61000061035156,722015,0.0,0.0
2024-01-03 09:30:00-05:00,117.93000030517578,118.83999633789062,117.40499877929688,118.56999969482422,696806,0.0,0.0
2024-01-03 10:30:00-05:00,118.55999755859375,119.26000213623047,118.42839813232422,119.0636978149414,429297,0.0,0.0
2024-01-03 11:30:00-05:00,119.08000183105469,119.14990234375,118.77999877929688,119.01000213623047,389027,0.0,0.0
2024-01-03 12:30:00-05:00,119.00499725341797,119.70999908447266,118.91000366210938,119.55999755859375,459405,0.0,0.0
2024-01-03 13:30:00-05:00,119.55000305175781,119.79000091552734,119.4000015258789,119.76000213623047,414994,0.0,0.0
2024-01-03 14:30:00-05:00,119.77999877929688,120.18000030517578,119.76000213623047,120.0,517987,0.0,0.0
2024-01-03 15:30:00-05:00,120.0199966430664,120.12999725341797,119.75,119.94000244140625,794593,0.0,0.0
2024-01-04 09:30:00-05:00,120.61000061035156,121.23999786376953,118.94000244140625,118.94000244140625,1305769,0.0,0.0
2024-01-04 10:30:00-05:00,118.94000244140625,119.01000213623047,118.12000274658203,118.19000244140625,496939,0.0,0.0
2024-01-04 11:30:00-05:00,118.16999816894531,118.22000122070312,117.29000091552734,117.44999694824219,474184,0.0,0.0
2024-01-04 12:30:00-05:00,117.44249725341797,117.63999938964844,117.33999633789062,117.47000122070312,317503,0.0,0.0
2024-01-04 13:30:00-05:00,117.47000122070312,117.47000122070312,117.06999969482422,117.16999816894531,429851,0.0,0.0
2024-01-04 14:30:00-05:00,117.16110229492188,117.30000305175781,116.43000030517578,116.48999786376953,494731,0.0,0.0
2024-01-04 15:30:00-05:00,116.48999786376953,116.75,116.2699966430664,116.47000122070312,797780,0.0,0.0
2024-01-05 09:30:00-05:00,117.5,117.7699966430664,116.30999755859375,116.33999633789062,643734,0.0,0.0
2024-01-05 10:30:00-05:00,116.31999969482422,116.7699966430664,116.18009948730469,116.66000366210938,464266,0.0,0.0
2024-01-05 11:30:00-05:00,116.69999694824219,116.81999969482422,116.1500015258789,116.25,449830,0.0,0.0
2024-01-05 12:30:00-05:00,116.2300033569336,116.41000366210938,116.0,116.25499725341797,496384,0.0,0.0
2024-01-05 13:30:00-05:00,116.2699966430664,116.91000366210938,116.2699966430664,116.67500305175781,312613,0.0,0.0
2024-01-05 14:30:00-05:00,116.68000030517578,116.72000122070312,116.04000091552734,116.21499633789062,500106,0.0,0.0
2024-01-05 15:30:00-05:00,116.22000122070312,116.66999816894531,116.06999969482422,116.52999877929688,481901,0.0,0.0
2024-01-08 09:30:00-05:00,114.95999908447266,115.05000305175781,112.4800033569336,112.79000091552734,1007182,0.0,0.0
2024-01-08 10:30:00-05:00,112.80000305175781,113.72000122070312,112.7699966430664,113.70999908447266,926568,0.0,0.0
2024-01-08 11:30:00-05:00,113.72000122070312,113.87000274658203,113.19000244140625,113.33000183105469,663575,0.0,0.0
2024-01-08 12:30:00-05:00,113.33000183105469,113.75,113.19999694824219,113.31999969482422,681797,0.0,0.0
2024-01-08 13:30:00-05:00,113.33000183105469,113.98500061035156,113.33000183105469,113.88999938964844,467339,0.0,0.0
2024-01-08 14:30:00-05:00,113.88999938964844,114.4000015258789,113.83000183105469,114.36000061035156,633753,0.0,0.0
2024-01-08 15:30:00-05:00,114.3550033569336,114.79000091552734,114.33000183105469,114.47010040283203,876677,0.0,0.0
2024-01-09 09:30:00-05:00,114.5,114.5,112.5,112.58000183105469,954694,0.0,0.0
2024-01-09 10:30:00-05:00,112.58000183105469,113.12999725341797,112.25,112.9800033569336,869563,0.0,0.0
2024-01-09 11:30:00-05:00,113.0,113.5999984741211,112.91000366210938,113.4198989868164,488144,0.0,0.0
2024-01-09 12:30:00-05:00,113.41999816894531,113.62000274658203,113.25,113.39900207519531,408000,0.0,0.0
2024-01-09 13:30:00-05:00,113.4000015258789,113.51899719238281,112.91000366210938,112.94000244140625,453133,0.0,0.0
2024-01-09 14:30:00-05:00,112.9448013305664,113.04000091552734,112.9000015258789,112.91999816894531,471134,0.0,0.0
2024-01-09 15:30:00-05:00,112.93000030517578,112.97000122070312,112.68000030517578,112.75,1085914,0.0,0.0
2024-01-10 09:30:00-05:00,112.7300033569336,112.7300033569336,111.97000122070312,112.22000122070312,510440,0.0,0.0
2024-01-10 10:30:00-05:00,112.24500274658203,112.24500274658203,111.375,111.76580047607422,489016,0.0,0.0
2024-01-10 11:30:00-05:00,111.7699966430664,111.83999633789062,111.38999938964844,111.44000244140625,365676,0.0,0.0
2024-01-10 12:30:00-05:00,111.44000244140625,111.44999694824219,111.04000091552734,111.20999908447266,410795,0.0,0.0
2024-01-10 13:30:00-05:00,111.22000122070312,111.33999633789062,111.05999755859375,111.27999877929688,333688,0.0,0.0
2024-01-10 14:30:00-05:00,111.28500366210938,111.47000122070312,110.83000183105469,110.96499633789062,579052,0.0,0.0
2024-01-10 15:30:00-05:00,110.95999908447266,111.25,110.83000183105469,111.16999816894531,913585,0.0,0.0
2024-01-11 09:30:00-05:00,111.61000061035156,112.23999786376953,110.94000244140625,111.69999694824219,556957,0.0,0.0
2024-01-11 10:30:00-05:00,111.70999908447266,111.95999908447266,111.5,111.61499786376953,615597,0.0,0.0
2024-01-11 11:30:00-05:00,111.5999984741211,111.91290283203125,111.5,111.68000030517578,426883,0.0,0.0
2024-01-11 12:30:00-05:00,111.68499755859375,111.71209716796875,111.43000030517578,111.44000244140625,354120,0.0,0.0
2024-01-11 13:30:00-05:00,111.4000015258789,111.55000305175781,111.2125015258789,111.5,301991,0.0,0.0
2024-01-11 14:30:00-05:00,111.51000213623047,111.56999969482422,111.122802734375,111.13999938964844,327655,0.0,0.0
2024-01-11 15:30:00-05:00,111.13999938964844,111.26000213623047,110.98999786376953,111.0,731301,0.0,0.0
2024-01-12 09:30:00-05:00,113.0,113.37000274658203,111.91999816894531,112.22000122070312,734364,0.0,0.0
2024-01-12 10:30:00-05:00,112.23999786376953,112.23999786376953,111.44999694824219,111.58000183105469,506747,0.0,0.0
2024-01-12 11:30:00-05:00,111.58000183105469,111.7699966430664,111.37000274658203,111.51000213623047,302848,0.0,0.0
2024-01-12 12:30:00-05:00,111.48999786376953,111.75,111.30000305175781,111.5176010131836,317616,0.0,0.0
2024-01-12 13:30:00-05:00,111.51499938964844,111.6676025390625,111.23999786376953,111.37000274658203,637232,0.0,0.0
2024-01-12 14:30:00-05:00,111.3499984741211,111.44000244140625,111.08499908447266,111.1500015258789,641983,0.0,0.0
2024-01-12 15:30:00-05:00,111.1449966430664,111.75,111.04499816894531,111.69000244140625,1085621,0.0,0.0
2024-01-16 09:30:00-05:00,111.5,111.73999786376953,109.16000366210938,109.20719909667969,1075919,0.0,0.0
2024-01-16 10:30:00-05:00,109.25,109.33000183105469,108.61000061035156,109.13999938964844,781731,0.0,0.0
2024-01-16 11:30:00-05:00,109.13999938964844,109.20999908447266,108.62999725341797,108.7300033569336,603831,0.0,0.0
2024-01-16 12:30:00-05:00,108.73999786376953,108.8499984741211,108.54010009765625,108.83999633789062,383921,0.0,0.0
2024-01-16 13:30:00-05:00,108.86000061035156,108.86000061035156,108.33999633789062,108.66999816894531,455326,0.0,0.0
2024-01-16 14:30:00-05:00,108.66500091552734,108.77999877929688,108.57009887695312,108.72899627685547,520988,0.0,0.0
2024-01-16 15:30:00-05:00,108.7300033569336,108.79000091552734,108.51000213623047,108.6500015258789,1024857,0.0,0.0
2024-01-17 09:30:00-05:00,106.91999816894531,108.45999908447266,106.58000183105469,108.20999908447266,1004537,0.0,0.0
2024-01-17 10:30:00-05:00,108.22000122070312,108.54000091552734,107.54000091552734,107.66000366210938,460088,0.0,0.0
2024-01-17 11:30:00-05:00,107.62999725341797,107.93000030517578,107.22000122070312,107.48999786376953,374197,0.0,0.0
2024-01-17 12:30:00-05:00,107.4800033569336,107.54000091552734,106.95999908447266,107.00499725341797,429864,0.0,0.0
2024-01-17 13:30:00-05:00,107.00499725341797,107.62999725341797,106.9000015258789,107.46499633789062,360828,0.0,0.0
2024-01-17 14:30:00-05:00,107.46499633789062,107.62999725341797,107.04139709472656,107.08709716796875,492177,0.0,0.0
2024-01-17 15:30:00-05:00,107.08000183105469,107.58000183105469,107.01000213623047,107.56999969482422,813184,0.0,0.0
2024-01-18 09:30:00-05:00,107.33999633789062,107.33999633789062,106.06999969482422,106.19000244140625,1150363,0.0,0.0
2024-01-18 10:30:00-05:00,106.16999816894531,106.61499786376953,105.77010345458984,106.45999908447266,879994,0.0,0.0
2024-01-18 11:30:00-05:00,106.46499633789062,106.7300033569336,106.37000274658203,106.61000061035156,713243,0.0,0.0
2024-01-18 12:30:00-05:00,106.58999633789062,106.58999633789062,105.98999786376953,106.25,544491,0.0,0.0
2024-01-18 13:30:00-05:00,106.25,106.72000122070312,106.23999786376953,106.72000122070312,434155,0.0,0.0
2024-01-18 14:30:00-05:00,106.7300033569336,107.11499786376953,106.63999938964844,107.08999633789062,599055,0.0,0.0
2024-01-18 15:30:00-05:00,107.0999984741211,107.23999786376953,106.88999938964844,106.91999816894531,760557,0.0,0.0
2024-01-19 09:30:00-05:00,106.05000305175781,106.96499633789062,105.91999816894531,106.58999633789062,1208138,0.0,0.0
2024-01-19 10:30:00-05:00,106.56999969482422,107.16999816894531,106.45999908447266,107.01349639892578,671696,0.0,0.0
2024-01-19 11:30:00-05:00,107.01000213623047,107.12999725341797,106.55020141601562,107.04000091552734,658793,0.0,0.0
2024-01-19 12:30:00-05:00,107.05999755859375,107.18000030517578,106.77999877929688,107.18000030517578,422832,0.0,0.0
2024-01-19 13:30:00-05:00,107.18000030517578,107.29499816894531,106.98999786376953,107.18000030517578,343146,0.0,0.0
2024-01-19 14:30:00-05:00,107.19000244140625,107.47000122070312,107.15499877929688,107.44000244140625,477791,0.0,0.0
2024-01-19 15:30:00-05:00,107.44499969482422,107.91999816894531,107.3915023803711,107.87000274658203,988309,0.0,0.0
2024-01-22 09:30:00-05:00,107.5,108.11000061035156,107.0,107.91999816894531,1285752,0.0,0.0
2024-01-22 10:30:00-05:00,107.94499969482422,107.95999908447266,107.33000183105469,107.61000061035156,547093,0.0,0.0
2024-01-22 11:30:00-05:00,107.61000061035156,107.66999816894531,107.2750015258789,107.62000274658203,549398,0.0,0.0
2024-01-22 12:30:00-05:00,107.62000274658203,108.38999938964844,107.58499908447266,107.94999694824219,410973,0.0,0.0
2024-01-22 13:30:00-05:00,107.94000244140625,108.19999694824219,107.7699966430664,107.95999908447266,393968,0.0,0.0
2024-01-22 14:30:00-05:00,107.95999908447266,108.106201171875,107.80999755859375,108.1050033569336,519303,0.0,0.0
2024-01-22 15:30:00-05:00,108.11000061035156,108.16999816894531,107.95999908447266,108.05999755859375,746996,0.0,0.0
2024-01-23 09:30:00-05:00,107.81999969482422,109.41999816894531,107.6500015258789,108.86499786376953,758099,0.0,0.0
2024-01-23 10:30:00-05:00,108.83999633789062,108.9198989868164,107.87999725341797,108.23999786376953,386136,0.0,0.0
2024-01-23 11:30:00-05:00,108.23999786376953,108.28500366210938,107.83999633789062,107.87999725341797,297925,0.0,0.0
2024-01-23 12:30:00-05:00,107.87000274658203,107.95999908447266,107.69999694824219,107.87999725341797,262099,0.0,0.0
2024-01-23 13:30:00-05:00,107.88500213623047,107.97940063476562,107.69999694824219,107.96499633789062,303590,0.0,0.0
2024-01-23 14:30:00-05:00,107.9749984741211,108.23999786376953,107.91000366210938,108.19499969482422,285116,0.0,0.0
2024-01-23 15:30:00-05:00,108.19000244140625,108.25,107.8499984741211,107.9800033569336,453596,0.0,0.0
2024-01-24 09:30:00-05:00,108.91999816894531,109.30500030517578,108.41999816894531,108.87000274658203,713123,0.0,0.0
2024-01-24 10:30:00-05:00,108.9000015258789,109.72000122070312,108.73999786376953,109.70999908447266,550055,0.0,0.0
2024-01-24 11:30:00-05:00,109.70999908447266,110.0199966430664,109.37010192871094,109.4800033569336,654892,0.0,0.0
2024-01-24 12:30:00-05:00,109.47000122070312,109.47000122070312,108.80000305175781,108.875,332457,0.0,0.0
2024-01-24 13:30:00-05:00,108.91000366210938,109.2300033569336,108.80999755859375,109.11000061035156,255727,0.0,0.0
2024-01-24 14:30:00-05:00,109.11000061035156,109.5199966430664,109.07499694824219,109.51000213623047,414768,0.0,0.0
2024-01-24 15:30:00-05:00,109.5,109.75,109.37999725341797,109.69000244140625,881240,0.0,0.0
2024-01-25 09:30:00-05:00,109.77999877929688,110.19000244140625,109.4000015258789,109.92500305175781,821422,0.0,0.0
2024-01-25 10:30:00-05:00,109.94499969482422,109.98999786376953,109.26000213623047,109.83000183105469,646757,0.0,0.0
2024-01-25 11:30:00-05:00,109.80999755859375,110.02999877929688,109.49500274658203,109.5199966430664,446513,0.0,0.0
2024-01-25 12:30:00-05:00,109.5250015258789,110.25,109.51000213623047,110.25,453489,0.0,0.0
2024-01-25 13:30:00-05:00,110.25,110.94999694824219,110.2300033569336,110.91999816894531,632209,0.0,0.0
2024-01-25 14:30:00-05:00,110.91999816894531,111.30000305175781,110.9000015258789,111.19000244140625,840720,0.0,0.0
2024-01-25 15:30:00-05:00,111.19000244140625,112.08000183105469,111.16000366210938,112.05000305175781,912997,0.0,0.0
2024-01-26 09:30:00-05:00,112.04000091552734,112.44999694824219,111.62000274658203,112.05010223388672,395967,0.0,0.0
2024-01-26 10:30:00-05:00,112.05999755859375,112.19999694824219,110.91999816894531,111.16000366210938,493681,0.0,0.0
2024-01-26 11:30:00-05:00,111.1500015258789,111.27999877929688,110.44000244140625,110.83000183105469,425485,0.0,0.0
2024-01-26 12:30:00-05:00,110.83000183105469,111.55000305175781,110.79000091552734,111.48999786376953,395212,0.0,0.0
2024-01-26 13:30:00-05:00,111.5,111.875,111.48999786376953,111.7300033569336,398763,0.0,0.0
2024-01-26 14:30:00-05:00,111.7249984741211,112.2300033569336,111.58000183105469,112.00270080566406,437966,0.0,0.0
2024-01-26 15:30:00-05:00,112.01000213623047,112.36000061035156,111.98999786376953,112.2300033569336,799600,0.0,0.0
2024-01-29 09:30:00-05:00,112.04000091552734,112.0999984741211,110.62999725341797,110.82009887695312,665795,0.0,0.0
2024-01-29 10:30:00-05:00,110.83000183105469,111.37000274658203,110.70999908447266,111.08999633789062,452022,0.0,0.0
2024-01-29 11:30:00-05:00,111.11000061035156,111.33999633789062,110.91000366210938,111.11000061035156,339945,0.0,0.0
2024-01-29 12:30:00-05:00,111.08999633789062,111.13999938964844,110.48999786376953,110.87000274658203,333251,0.0,0.0
2024-01-29 13:30:00-05:00,110.87000274658203,111.04000091552734,110.76000213623047,110.91000366210938,316575,0.0,0.0
2024-01-29 14:30:00-05:00,110.91999816894531,111.41000366210938,110.76000213623047,111.26000213623047,516543,0.0,0.0
2024-01-29 15:30:00-05:00,111.26000213623047,111.61000061035156,111.06999969482422,111.58999633789062,874487,0.0,0.0
2024-01-30 09:30:00-05:00,111.20999908447266,111.70999908447266,110.76000213623047,111.07499694824219,893731,0.0,0.0
2024-01-30 10:30:00-05:00,111.08499908447266,112.68000030517578,111.08499908447266,112.6500015258789,861555,0.0,0.0
2024-01-30 11:30:00-05:00,112.6449966430664,113.34500122070312,112.62999725341797,113.18000030517578,590121,0.0,0.0
2024-01-30 12:30:00-05:00,113.16999816894531,113.25,112.7699966430664,113.05999755859375,413616,0.0,0.0
2024-01-30 13:30:00-05:00,113.05999755859375,113.62000274658203,113.0199966430664,113.61000061035156,447982,0.0,0.0
2024-01-30 14:30:00-05:00,113.61000061035156,114.23500061035156,113.55000305175781,114.20999908447266,649919,0.0,0.0
2024-01-30 15:30:00-05:00,114.2300033569336,114.33000183105469,113.95999908447266,114.05000305175781,878842,0.0,0.0
2024-01-31 09:30:00-05:00,113.97000122070312,114.0999984741211,112.31999969482422,112.99500274658203,582871,0.0,0.0
2024-01-31 10:30:00-05:00,112.97000122070312,113.19999694824219,112.55999755859375,112.55999755859375,370947,0.0,0.0
2024-01-31 11:30:00-05:00,112.55999755859375,112.6500015258789,111.79000091552734,112.45999908447266,494134,0.0,0.0
2024-01-31 12:30:00-05:00,112.45999908447266,112.57499694824219,112.26000213623047,112.41000366210938,389480,0.0,0.0
2024-01-31 13:30:00-05:00,112.41000366210938,112.86000061035156,112.23999786376953,112.55999755859375,488647,0.0,0.0
2024-01-31 14:30:00-05:00,112.54000091552734,112.97000122070312,112.12460327148438,112.38999938964844,569692,0.0,0.0
2024-01-31 15:30:00-05:00,112.38999938964844,112.4000015258789,111.8499984741211,111.86000061035156,905841,0.0,0.0
2024-02-01 09:30:00-05:00,112.33999633789062,113.12139892578125,112.19999694824219,112.54000091552734,583751,0.0,0.0
2024-02-01 10:30:00-05:00,112.52999877929688,112.68000030517578,111.94999694824219,112.68000030517578,513358,0.0,0.0
2024-02-01 11:30:00-05:00,112.70500183105469,113.22000122070312,112.58000183105469,112.98999786376953,341348,0.0,0.0
2024-02-01 12:30:00-05:00,113.0,113.08999633789062,110.80000305175781,111.77999877929688,661541,0.0,0.0
2024-02-01 13:30:00-05:00,111.77999877929688,112.45999908447266,111.06999969482422,111.08999633789062,529605,0.0,0.0
2024-02-01 14:30:00-05:00,111.0999984741211,111.72000122070312,110.95999908447266,111.31999969482422,393908,0.0,0.0
2024-02-01 15:30:00-05:00,111.30999755859375,111.52999877929688,111.18000030517578,111.37000274658203,659131,0.0,0.0
2024-02-02 09:30:00-05:00,111.53479766845703,111.62999725341797,109.6946029663086,111.20999908447266,786563,0.0,0.0
2024-02-02 10:30:00-05:00,111.19999694824219,111.36000061035156,110.69000244140625,111.30000305175781,529328,0.0,0.0
2024-02-02 11:30:00-05:00,111.31999969482422,111.4800033569336,110.95500183105469,111.20999908447266,371233,0.0,0.0
2024-02-02 12:30:00-05:00,111.20999908447266,111.2699966430664,110.80999755859375,111.05000305175781,395357,0.0,0.0
2024-02-02 13:30:00-05:00,111.04000091552734,111.22000122070312,110.66000366210938,110.91999816894531,370419,0.0,0.0
2024-02-02 14:30:00-05:00,110.91000366210938,111.44999694824219,110.80999755859375,111.36000061035156,489381,0.0,0.0
2024-02-02 15:30:00-05:00,111.3499984741211,111.37000274658203,110.62999725341797,110.62999725341797,801630,0.0,0.0
2024-02-05 09:30:00-05:00,110.25,110.37999725341797,109.29000091552734,109.4000015258789,722325,0.0,0.0
2024-02-05 10:30:00-05:00,109.37999725341797,110.05149841308594,109.30000305175781,109.91000366210938,469829,0.0,0.0
2024-02-05 11:30:00-05:00,109.95999908447266,110.41000366210938,109.83999633789062,110.28500366210938,424248,0.0,0.0
2024-02-05 12:30:00-05:00,110.29000091552734,110.83999633789062,110.29000091552734,110.69000244140625,446241,0.0,0.0
2024-02-05 13:30:00-05:00,110.66999816894531,110.86000061035156,110.41999816894531,110.5,475166,0.0,0.0
2024-02-05 14:30:00-05:00,110.48999786376953,110.81999969482422,110.31999969482422,110.49500274658203,434027,0.0,0.0
2024-02-05 15:30:00-05:00,110.5,110.5999984741211,109.91999816894531,109.9800033569336,747464,0.0,0.0
2024-02-06 09:30:00-05:00,110.87999725341797,111.36000061035156,110.19499969482422,111.33000183105469,685729,0.0,0.0
2024-02-06 10:30:00-05:00,111.3499984741211,111.65570068359375,111.0,111.18000030517578,428207,0.0,0.0
2024-02-06 11:30:00-05:00,111.19000244140625,112.44999694824219,111.16999816894531,111.91000366210938,749662,0.0,0.0
2024-02-06 12:30:00-05:00,111.91000366210938,112.16999816894531,111.51000213623047,111.76000213623047,526916,0.0,0.0
2024-02-06 13:30:00-05:00,111.75,112.05999755859375,111.57499694824219,111.79000091552734,521939,0.0,0.0
2024-02-06 14:30:00-05:00,111.80000305175781,111.83999633789062,111.4000015258789,111.48999786376953,510002,0.0,0.0
2024-02-06 15:30:00-05:00,111.48999786376953,111.62000274658203,111.3302001953125,111.54000091552734,618185,0.0,0.0
2024-02-07 09:30:00-05:00,111.72000122070312,112.94000244140625,111.44999694824219,111.83999633789062,1093535,0.0,0.0
2024-02-07 10:30:00-05:00,111.83999633789062,112.20999908447266,111.66999816894531,112.00499725341797,690020,0.0,0.0
2024-02-07 11:30:00-05:00,112.00499725341797,112.16999816894531,111.74500274658203,111.83999633789062,560580,0.0,0.0
2024-02-07 12:30:00-05:00,111.85679626464844,112.36000061035156,111.62000274658203,112.36000061035156,544341,0.0,0.0
2024-02-07 13:30:00-05:00,112.34500122070312,112.63999938964844,112.16000366210938,112.51000213623047,512266,0.0,0.0
2024-02-07 14:30:00-05:00,112.51000213623047,112.75,112.16999816894531,112.48999786376953,762407,0.0,0.0
2024-02-07 15:30:00-05:00,112.48999786376953,112.97000122070312,112.2300033569336,112.30000305175781,1052934,0.0,0.0
2024-02-08 09:30:00-05:00,113.11000061035156,114.73999786376953,112.58499908447266,113.55000305175781,1437017,0.0,0.0
2024-02-08 10:30:00-05:00,113.55000305175781,115.29000091552734,113.48999786376953,114.08000183105469,1301037,0.0,0.0
2024-02-08 11:30:00-05:00,114.0999984741211,114.7300033569336,113.58000183105469,114.28919982910156,868827,0.0,0.0
2024-02-08 12:30:00-05:00,114.2750015258789,114.60990142822266,113.2300033569336,113.33000183105469,834005,0.0,0.0
2024-02-08 13:30:00-05:00,113.33999633789062,113.9800033569336,113.30000305175781,113.9800033569336,560173,0.0,0.0
2024-02-08 14:30:00-05:00,113.9800033569336,114.73999786376953,113.79010009765625,114.45999908447266,708750,0.0,0.0
2024-02-08 15:30:00-05:00,114.44999694824219,114.6500015258789,113.80999755859375,113.85449981689453,1130810,0.0,0.0
2024-02-09 09:30:00-05:00,113.98999786376953,114.30000305175781,112.6449966430664,113.15440368652344,932123,0.0,0.0
2024-02-09 10:30:00-05:00,113.16999816894531,113.29000091552734,111.69000244140625,111.69000244140625,825142,0.0,0.0
2024-02-09 11:30:00-05:00,111.69999694824219,112.01000213623047,111.41999816894531,111.9989013671875,506857,0.0,0.0
2024-02-09 12:30:00-05:00,112.0,112.04000091552734,111.02159881591797,111.55989837646484,534246,0.0,0.0
2024-02-09 13:30:00-05:00,111.55999755859375,111.66999816894531,111.23999786376953,111.38999938964844,593823,0.0,0.0
2024-02-09 14:30:00-05:00,111.38999938964844,111.5999984741211,111.08999633789062,111.54499816894531,684435,0.0,0.0
2024-02-09 15:30:00-05:00,111.54499816894531,111.58000183105469,111.02999877929688,111.16809844970703,988707,0.0,0.0
2024-02-12 09:30:00-05:00,111.2699966430664,112.13999938964844,110.77999877929688,111.28500366210938,1205658,0.0,0.0
2024-02-12 10:30:00-05:00,111.32499694824219,111.4800033569336,110.52999877929688,110.80500030517578,861158,0.0,0.0
2024-02-12 11:30:00-05:00,110.79000091552734,111.31999969482422,110.7499008178711,111.0999984741211,550110,0.0,0.0
2024-02-12 12:30:00-05:00,111.08999633789062,111.30999755859375,110.95999908447266,111.11000061035156,378629,0.0,0.0
2024-02-12 13:30:00-05:00,111.12999725341797,111.44999694824219,111.0999984741211,111.30000305175781,554707,0.0,0.0
2024-02-12 14:30:00-05:00,111.29000091552734,111.36499786376953,111.03009796142578,111.08000183105469,619770,0.0,0.0
2024-02-12 15:30:00-05:00,111.08000183105469,111.22000122070312,110.97000122070312,111.08999633789062,771228,0.0,0.0
2024-02-13 09:30:00-05:00,111.0999984741211,111.93000030517578,110.05999755859375,110.13999938964844,1490539,0.0,0.0
2024-02-13 10:30:00-05:00,110.12999725341797,110.75,109.91000366210938,110.58999633789062,932928,0.0,0.0
2024-02-13 11:30:00-05:00,110.58999633789062,111.05999755859375,110.55000305175781,110.79000091552734,444244,0.0,0.0
2024-02-13 12:30:00-05:00,110.80000305175781,111.19999694824219,110.51000213623047,110.66000366210938,301124,0.0,0.0
2024-02-13 13:30:00-05:00,110.6500015258789,110.6500015258789,109.56999969482422,109.58999633789062,457949,0.0,0.0
2024-02-13 14:30:00-05:00,109.58999633789062,109.63249969482422,108.83999633789062,109.11000061035156,785208,0.0,0.0
2024-02-13 15:30:00-05:00,109.12999725341797,109.8499984741211,109.05000305175781,109.75,1136700,0.0,0.0
2024-02-14 09:30:00-05:00,110.19999694824219,111.04000091552734,109.56999969482422,110.37000274658203,885221,0.0,0.0
2024-02-14 10:30:00-05:00,110.41000366210938,110.6500015258789,109.5199966430664,110.37999725341797,685859,0.0,0.0
2024-02-14 11:30:00-05:00,110.36000061035156,110.6500015258789,110.0374984741211,110.41000366210938,785308,0.0,0.0
2024-02-14 12:30:00-05:00,110.41000366210938,110.54000091552734,110.20999908447266,110.37999725341797,526043,0.0,0.0
2024-02-14 13:30:00-05:00,110.4000015258789,110.65550231933594,110.13999938964844,110.45999908447266,591093,0.0,0.0
2024-02-14 14:30:00-05:00,110.48999786376953,110.61499786376953,110.08999633789062,110.2699966430664,676239,0.0,0.0
2024-02-14 15:30:00-05:00,110.27999877929688,110.4000015258789,110.06999969482422,110.12000274658203,1182908,0.0,0.0
2024-02-15 09:30:00-05:00,109.04000091552734,110.78970336914062,108.83999633789062,110.68000030517578,1188374,0.0,0.0
2024-02-15 10:30:00-05:00,110.6500015258789,111.12000274658203,110.52999877929688,110.73999786376953,885064,0.0,0.0
2024-02-15 11:30:00-05:00,110.75499725341797,111.44999694824219,110.55500030517578,111.05999755859375,1034461,0.0,0.0
2024-02-15 12:30:00-05:00,111.06999969482422,111.20999908447266,110.7300033569336,111.1500015258789,731649,0.0,0.0
2024-02-15 13:30:00-05:00,111.15499877929688,111.45999908447266,110.93000030517578,111.37999725341797,835957,0.0,0.0
2024-02-15 14:30:00-05:00,111.3949966430664,111.69999694824219,111.19000244140625,111.34750366210938,1177527,0.0,0.0
2024-02-15 15:30:00-05:00,111.35099792480469,111.35099792480469,110.87999725341797,111.0199966430664,1679402,0.0,0.0
2024-02-16 09:30:00-05:00,111.4800033569336,111.75,110.75,111.29499816894531,872757,0.0,0.0
2024-02-16 10:30:00-05:00,111.29499816894531,111.43000030517578,110.94999694824219,111.29000091552734,756554,0.0,0.0
2024-02-16 11:30:00-05:00,111.28500366210938,111.80000305175781,111.19999694824219,111.44999694824219,594413,0.0,0.0
2024-02-16 12:30:00-05:00,111.46499633789062,111.68000030517578,111.12999725341797,111.37999725341797,641332,0.0,0.0
2024-02-16 13:30:00-05:00,111.38999938964844,111.55000305175781,111.2300033569336,111.5199966430664,557457,0.0,0.0
2024-02-16 14:30:00-05:00,111.5199966430664,111.56999969482422,110.94999694824219,111.11000061035156,684314,0.0,0.0
2024-02-16 15:30:00-05:00,111.12000274658203,111.1500015258789,110.3949966430664,110.58000183105469,1409019,0.0,0.0
2024-02-20 09:30:00-05:00,110.55000305175781,111.62999725341797,110.05999755859375,111.44999694824219,929592,0.0,0.0
2024-02-20 10:30:00-05:00,111.44000244140625,111.48410034179688,110.23999786376953,110.56500244140625,737597,0.0,0.0
2024-02-20 11:30:00-05:00,110.58000183105469,111.0,110.5,110.83000183105469,535623,0.0,0.0
2024-02-20 12:30:00-05:00,110.83000183105469,110.8949966430664,109.86000061035156,110.12999725341797,688232,0.0,0.0
2024-02-20 13:30:00-05:00,110.12000274658203,110.12000274658203,109.63999938964844,109.91999816894531,610042,0.0,0.0
2024-02-20 14:30:00-05:00,109.9000015258789,110.2699966430664,109.83999633789062,110.04499816894531,563313,0.0,0.0
2024-02-20 15:30:00-05:00,110.05000305175781,110.06999969482422,109.36000061035156,109.56999969482422,1110245,0.0,0.0
2024-02-21 09:30:00-05:00,110.0,111.9800033569336,109.69999694824219,111.96620178222656,1001896,0.0,0.0
2024-02-21 10:30:00-05:00,111.9800033569336,113.66500091552734,111.87750244140625,113.33000183105469,969885,0.0,0.0
2024-02-21 11:30:00-05:00,113.33000183105469,113.45999908447266,112.79000091552734,113.13500213623047,788102,0.0,0.0
2024-02-21 12:30:00-05:00,113.13999938964844,113.50499725341797,112.91999816894531,113.2699966430664,664505,0.0,0.0
2024-02-21 13:30:00-05:00,113.2699966430664,113.4000015258789,112.63999938964844,112.69499969482422,674324,0.0,0.0
2024-02-21 14:30:00-05:00,112.69000244140625,112.79000091552734,111.7699966430664,112.0199966430664,731047,0.0,0.0
2024-02-21 15:30:00-05:00,112.0199966430664,112.9000015258789,112.0199966430664,112.87999725341797,1105551,0.0,0.0
2024-02-22 09:30:00-05:00,111.80500030517578,112.2750015258789,111.33999633789062,111.44000244140625,954624,0.0,0.0
2024-02-22 10:30:00-05:00,111.43000030517578,112.30000305175781,111.30999755859375,112.01000213623047,602057,0.0,0.0
2024-02-22 11:30:00-05:00,112.0199966430664,112.19999694824219,111.66999816894531,111.87000274658203,412526,0.0,0.0
2024-02-22 12:30:00-05:00,111.87999725341797,112.44000244140625,111.7300033569336,112.36000061035156,359910,0.0,0.0
2024-02-22 13:30:00-05:00,112.36000061035156,112.91000366210938,112.13999938964844,112.8499984741211,428265,0.0,0.0
2024-02-22 14:30:00-05:00,112.8499984741211,112.86499786376953,112.11000061035156,112.25,708725,0.0,0.0
2024-02-22 15:30:00-05:00,112.26000213623047,112.29499816894531,111.94000244140625,112.22000122070312,811429,0.0,0.0
2024-02-23 09:30:00-05:00,111.08999633789062,111.15499877929688,110.0999984741211,110.83999633789062,945736,0.0,0.0
2024-02-23 10:30:00-05:00,110.86499786376953,111.48799896240234,110.80000305175781,111.23999786376953,491380,0.0,0.0
2024-02-23 11:30:00-05:00,111.25,111.36000061035156,110.99500274658203,111.0999984741211,398273,0.0,0.0
2024-02-23 12:30:00-05:00,111.12000274658203,111.7300033569336,111.05999755859375,111.6500015258789,361226,0.0,0.0
2024-02-23 13:30:00-05:00,111.67620086669922,112.0,111.64969635009766,111.79000091552734,281681,0.0,0.0
2024-02-23 14:30:00-05:00,111.79000091552734,112.26000213623047,111.79000091552734,111.87999725341797,461751,0.0,0.0
2024-02-23 15:30:00-05:00,111.87999725341797,111.94499969482422,111.41999816894531,111.5199966430664,1025891,0.0,0.0
2024-02-26 09:30:00-05:00,111.19999694824219,112.5199966430664,110.61000061035156,112.4000015258789,659025,0.0,0.0
2024-02-26 10:30:00-05:00,112.3949966430664,112.45999908447266,111.86000061035156,111.9209976196289,464910,0.0,0.0
2024-02-26 11:30:00-05:00,111.91500091552734,112.26000213623047,111.5999984741211,111.7699966430664,493316,0.0,0.0
2024-02-26 12:30:00-05:00,111.75,112.12999725341797,111.66000366210938,111.86000061035156,501818,0.0,0.0
2024-02-26 13:30:00-05:00,111.8499984741211,112.0,111.6500015258789,111.9000015258789,264330,0.0,0.0
2024-02-26 14:30:00-05:00,111.91000366210938,112.31999969482422,111.88999938964844,112.31999969482422,303420,0.0,0.0
2024-02-26 15:30:00-05:00,112.3290023803711,112.43000030517578,112.11000061035156,112.41500091552734,588584,0.0,0.0
2024-02-27 09:30:00-05:00,113.02999877929688,113.33000183105469,111.62999725341797,111.93000030517578,702273,0.0,0.0
2024-02-27 10:30:00-05:00,111.9000015258789,111.97000122070312,111.05799865722656,111.5199966430664,707053,0.0,0.0
2024-02-27 11:30:00-05:00,111.5199966430664,111.58000183105469,111.19010162353516,111.44000244140625,453205,0.0,0.0
2024-02-27 12:30:00-05:00,111.43000030517578,111.8499984741211,111.21499633789062,111.30000305175781,560719,0.0,0.0
2024-02-27 13:30:00-05:00,111.30999755859375,111.5,111.20999908447266,111.27999877929688,552242,0.0,0.0
2024-02-27 14:30:00-05:00,111.2699966430664,111.62000274658203,111.13999938964844,111.37000274658203,549221,0.0,0.0
2024-02-27 15:30:00-05:00,111.375,111.70999908447266,111.27999877929688,111.61000061035156,871182,0.0,0.0
2024-02-28 09:30:00-05:00,111.8499984741211,113.31999969482422,111.62000274658203,112.92500305175781,785832,0.0,0.0
2024-02-28 10:30:00-05:00,112.91000366210938,113.0,111.44999694824219,111.62999725341797,697963,0.0,0.0
2024-02-28 11:30:00-05:00,111.61000061035156,111.84500122070312,111.2300033569336,111.38999938964844,354709,0.0,0.0
2024-02-28 12:30:00-05:00,111.37999725341797,112.16000366210938,111.1500015258789,112.04000091552734,506387,0.0,0.0
2024-02-28 13:30:00-05:00,112.05000305175781,112.22000122070312,111.68000030517578,112.125,338008,0.0,0.0
2024-02-28 14:30:00-05:00,112.11000061035156,112.36499786376953,111.79000091552734,111.94000244140625,577640,0.0,0.0
2024-02-28 15:30:00-05:00,111.94000244140625,112.05000305175781,111.69999694824219,112.04000091552734,676809,0.0,0.0
2024-02-29 09:30:00-05:00,112.51000213623047,112.86620330810547,112.06999969482422,112.29499816894531,487700,0.0,0.0
2024-02-29 10:30:00-05:00,112.30999755859375,112.97000122070312,112.13999938964844,112.8499984741211,477007,0.0,0.0
2024-02-29 11:30:00-05:00,112.81999969482422,113.16000366210938,112.80000305175781,113.0999984741211,384827,0.0,0.0
2024-02-29 12:30:00-05:00,113.08000183105469,113.0999984741211,112.30000305175781,112.33000183105469,424340,0.0,0.0
2024-02-29 13:30:00-05:00,112.33000183105469,112.66999816894531,112.26000213623047,112.27999877929688,320120,0.0,0.0
2024-02-29 14:30:00-05:00,112.27999877929688,112.31999969482422,111.8499984741211,112.16000366210938,435232,0.0,0.0
2024-02-29 15:30:00-05:00,112.15499877929688,112.70999908447266,112.13999938964844,112.43000030517578,770788,0.0,0.0
2024-03-01 09:30:00-05:00,113.80000305175781,114.9800033569336,113.62999725341797,114.77999877929688,1001512,0.0,0.0
2024-03-01 10:30:00-05:00,114.7699966430664,115.37000274658203,114.75,115.01000213623047,877547,0.0,0.0
2024-03-01 11:30:00-05:00,115.01000213623047,115.52870178222656,114.83999633789062,114.8499984741211,506514,0.0,0.0
2024-03-01 12:30:00-05:00,114.86000061035156,114.9000015258789,114.4207992553711,114.69499969482422,355669,0.0,0.0
2024-03-01 13:30:00-05:00,114.69999694824219,115.02999877929688,114.47000122070312,114.94999694824219,410765,0.0,0.0
2024-03-01 14:30:00-05:00,114.95999908447266,114.97000122070312,114.5199966430664,114.63999938964844,463578,0.0,0.0
2024-03-01 15:30:00-05:00,114.63500213623047,114.6449966430664,114.18000030517578,114.23999786376953,725417,0.0,0.0
2024-03-04 09:30:00-05:00,114.04000091552734,114.39240264892578,112.76000213623047,113.58000183105469,955562,0.0,0.0
2024-03-04 10:30:00-05:00,113.55000305175781,113.55000305175781,112.20999908447266,112.30000305175781,573456,0.0,0.0
2024-03-04 11:30:00-05:00,112.30500030517578,112.43000030517578,111.91600036621094,111.97000122070312,511205,0.0,0.0
2024-03-04 12:30:00-05:00,111.95999908447266,112.30000305175781,111.93000030517578,112.25,392717,0.0,0.0
2024-03-04 13:30:00-05:00,112.23999786376953,112.44999694824219,112.01000213623047,112.30000305175781,577998,0.0,0.0
2024-03-04 14:30:00-05:00,112.30000305175781,112.4260025024414,112.06500244140625,112.18000030517578,439626,0.0,0.0
2024-03-04 15:30:00-05:00,112.18499755859375,112.29000091552734,111.58000183105469,111.63999938964844,979044,0.0,0.0
2024-03-05 09:30:00-05:00,111.20999908447266,112.44000244140625,110.8499984741211,111.82499694824219,747108,0.0,0.0
2024-03-05 10:30:00-05:00,111.80000305175781,112.52999877929688,111.75,112.26000213623047,684649,0.0,0.0
2024-03-05 11:30:00-05:00,112.27999877929688,112.77999877929688,112.2750015258789,112.72100067138672,615253,0.0,0.0
2024-03-05 12:30:00-05:00,112.7249984741211,112.80000305175781,112.33999633789062,112.48999786376953,419930,0.0,0.0
2024-03-05 13:30:00-05:00,112.4800033569336,112.48999786376953,111.95999908447266,111.98999786376953,505673,0.0,0.0
2024-03-05 14:30:00-05:00,111.99500274658203,111.99500274658203,110.90499877929688,110.96499633789062,747872,0.0,0.0
2024-03-05 15:30:00-05:00,110.96499633789062,111.36000061035156,110.875,111.2300033569336,901707,0.0,0.0
2024-03-06 09:30:00-05:00,112.30000305175781,112.9000015258789,111.9000015258789,112.08999633789062,728152,0.0,0.0
2024-03-06 10:30:00-05:00,112.13999938964844,112.87000274658203,112.05999755859375,112.62999725341797,593364,0.0,0.0
2024-03-06 11:30:00-05:00,112.63999938964844,112.69999694824219,111.63999938964844,112.3949966430664,579246,0.0,0.0
2024-03-06 12:30:00-05:00,112.37999725341797,112.79000091552734,112.22000122070312,112.66000366210938,640970,0.0,0.0
2024-03-06 13:30:00-05:00,112.66000366210938,112.67500305175781,111.76000213623047,111.9000015258789,467758,0.0,0.0
2024-03-06 14:30:00-05:00,111.88999938964844,112.0199966430664,111.47899627685547,111.61009979248047,557656,0.0,0.0
2024-03-06 15:30:00-05:00,111.62000274658203,112.09500122070312,111.55999755859375,111.9800033569336,672195,0.0,0.0
2024-03-07 09:30:00-05:00,111.7300033569336,113.22000122070312,111.69000244140625,112.79499816894531,886918,0.0,0.0
2024-03-07 10:30:00-05:00,112.80999755859375,113.43000030517578,112.79000091552734,112.97250366210938,704577,0.0,0.0
2024-03-07 11:30:00-05:00,112.9749984741211,113.05500030517578,112.62000274658203,112.80000305175781,543631,0.0,0.0
2024-03-07 12:30:00-05:00,112.81999969482422,113.09500122070312,112.5791015625,112.86000061035156,447369,0.0,0.0
2024-03-07 13:30:00-05:00,112.86000061035156,112.9000015258789,112.4000015258789,112.46080017089844,358952,0.0,0.0
2024-03-07 14:30:00-05:00,112.4800033569336,112.55000305175781,112.29499816894531,112.47000122070312,440813,0.0,0.0
2024-03-07 15:30:00-05:00,112.47000122070312,112.91000366210938,112.43000030517578,112.72000122070312,698400,0.0,0.0
2024-03-08 09:30:00-05:00,112.11000061035156,113.01000213623047,111.86000061035156,112.27999877929688,604897,0.0,0.0
2024-03-08 10:30:00-05:00,112.30999755859375,112.73999786376953,112.18000030517578,112.5999984741211,373341,0.0,0.0
2024-03-08 11:30:00-05:00,112.63500213623047,113.05000305175781,112.52999877929688,112.88999938964844,434617,0.0,0.0
2024-03-08 12:30:00-05:00,112.87000274658203,113.01000213623047,112.58000183105469,112.6500015258789,403847,0.0,0.0
2024-03-08 13:30:00-05:00,112.63999938964844,113.04000091552734,112.31999969482422,112.91000366210938,793412,0.0,0.0
2024-03-08 14:30:00-05:00,112.91999816894531,112.98999786376953,112.63089752197266,112.80000305175781,434894,0.0,0.0
2024-03-08 15:30:00-05:00,112.7699966430664,113.20999908447266,112.7699966430664,113.0,869962,0.0,0.0
2024-03-11 09:30:00-04:00,113.37000274658203,114.01000213623047,112.76000213623047,113.01000213623047,719660,0.0,0.0
2024-03-11 10:30:00-04:00,113.02999877929688,113.79000091552734,112.6500015258789,113.51000213623047,665845,0.0,0.0
2024-03-11 11:30:00-04:00,113.5,114.125,113.45999908447266,113.94000244140625,547625,0.0,0.0
2024-03-11 12:30:00-04:00,113.94999694824219,114.26000213623047,113.83999633789062,114.125,500859,0.0,0.0
2024-03-11 13:30:00-04:00,114.12000274658203,114.5,114.08999633789062,114.41999816894531,634931,0.0,0.0
2024-03-11 14:30:00-04:00,114.41999816894531,115.11499786376953,114.38999938964844,114.98500061035156,706547,0.0,0.0
2024-03-11 15:30:00-04:00,114.9800033569336,115.36000061035156,114.79000091552734,115.2699966430664,960431,0.0,0.0
2024-03-12 09:30:00-04:00,115.08000183105469,115.63999938964844,114.36000061035156,115.42749786376953,678359,0.0,0.0
2024-03-12 10:30:00-04:00,115.41999816894531,115.72550201416016,115.05999755859375,115.10800170898438,534479,0.0,0.0
2024-03-12 11:30:00-04:00,115.0999984741211,115.69000244140625,115.08000183105469,115.30000305175781,676642,0.0,0.0
2024-03-12 12:30:00-04:00,115.30000305175781,115.30999755859375,114.74500274658203,115.1500015258789,443980,0.0,0.0
2024-03-12 13:30:00-04:00,115.1500015258789,115.25,114.80000305175781,115.05999755859375,419819,0.0,0.0
2024-03-12 14:30:00-04:00,115.08999633789062,115.55000305175781,114.8499984741211,115.52999877929688,971491,0.0,0.0
2024-03-12 15:30:00-04:00,115.54000091552734,115.66000366210938,114.97000122070312,115.0,926365,0.0,0.0
2024-03-13 09:30:00-04:00,116.80000305175781,118.61000061035156,116.16999816894531,118.26000213623047,955996,0.0,0.0
2024-03-13 10:30:00-04:00,118.26000213623047,118.44999694824219,117.76000213623047,117.83999633789062,1038435,0.0,0.0
2024-03-13 11:30:00-04:00,117.83999633789062,118.11000061035156,117.55999755859375,117.66000366210938,577719,0.0,0.0
2024-03-13 12:30:00-04:00,117.66000366210938,117.76000213623047,117.38999938964844,117.65499877929688,375856,0.0,0.0
2024-03-13 13:30:00-04:00,117.6500015258789,118.13999938964844,117.5999984741211,118.12999725341797,374757,0.0,0.0
2024-03-13 14:30:00-04:00,118.1500015258789,118.25,117.46499633789062,117.5999984741211,887317,0.0,0.0
2024-03-13 15:30:00-04:00,117.5999984741211,117.7300033569336,117.37000274658203,117.54000091552734,1370116,0.0,0.0
2024-03-14 09:30:00-04:00,119.16999816894531,119.9000015258789,118.73999786376953,119.70500183105469,1142136,0.0,0.0
2024-03-14 10:30:00-04:00,119.75,119.94999694824219,118.94059753417969,119.0,898778,0.0,0.0
2024-03-14 11:30:00-04:00,119.01000213623047,119.98999786376953,118.94999694824219,119.69999694824219,573913,0.0,0.0
2024-03-14 12:30:00-04:00,119.69000244140625,119.92990112304688,119.16000366210938,119.20999908447266,601556,0.0,0.0
2024-03-14 13:30:00-04:00,119.19999694824219,119.61000061035156,119.05999755859375,119.33999633789062,583102,0.0,0.0
2024-03-14 14:30:00-04:00,119.33999633789062,119.73999786376953,119.2300033569336,119.51000213623047,716669,0.0,0.0
2024-03-14 15:30:00-04:00,119.51000213623047,119.8499984741211,119.2699966430664,119.8499984741211,1281606,0.0,0.0
2024-03-15 09:30:00-04:00,119.12999725341797,120.79499816894531,119.12999725341797,120.3550033569336,2287858,0.0,0.0
2024-03-15 10:30:00-04:00,120.36000061035156,120.69999694824219,120.11000061035156,120.38999938964844,507625,0.0,0.0
2024-03-15 11:30:00-04:00,120.4000015258789,120.4000015258789,119.80999755859375,119.93000030517578,416055,0.0,0.0
2024-03-15 12:30:00-04:00,119.93000030517578,120.13999938964844,119.6500015258789,119.6500015258789,297610,0.0,0.0
2024-03-15 13:30:00-04:00,119.66000366210938,120.12000274658203,119.58000183105469,119.83999633789062,450071,0.0,0.0
2024-03-15 14:30:00-04:00,119.83999633789062,120.3499984741211,119.76000213623047,120.25,740511,0.0,0.0
2024-03-15 15:30:00-04:00,120.23999786376953,120.44000244140625,119.88999938964844,120.0999984741211,1389969,0.0,0.0
2024-03-18 09:30:00-04:00,120.9000015258789,121.06999969482422,119.16000366210938,119.62999725341797,754332,0.0,0.0
2024-03-18 10:30:00-04:00,119.62000274658203,119.75,119.20999908447266,119.69999694824219,459695,0.0,0.0
2024-03-18 11:30:00-04:00,119.68000030517578,119.76000213623047,119.54000091552734,119.70999908447266,540864,0.0,0.0
2024-03-18 12:30:00-04:00,119.70999908447266,120.11000061035156,119.62999725341797,119.81999969482422,654395,0.0,0.0
2024-03-18 13:30:00-04:00,119.80999755859375,120.45999908447266,119.69999694824219,120.2300033569336,476681,0.0,0.0
2024-03-18 14:30:00-04:00,120.20999908447266,120.5999984741211,120.12000274658203,120.57499694824219,395240,0.0,0.0
2024-03-18 15:30:00-04:00,120.57499694824219,120.6500015258789,120.0199966430664,120.26000213623047,624782,0.0,0.0
2024-03-19 09:30:00-04:00,120.36000061035156,121.5,120.30000305175781,121.04019927978516,446911,0.0,0.0
2024-03-19 10:30:00-04:00,121.05999755859375,121.33999633789062,120.7300033569336,121.24500274658203,339584,0.0,0.0
2024-03-19 11:30:00-04:00,121.22000122070312,121.68000030517578,121.1875,121.44999694824219,362219,0.0,0.0
2024-03-19 12:30:00-04:00,121.45999908447266,121.72000122070312,121.23999786376953,121.69999694824219,299137,0.0,0.0
2024-03-19 13:30:00-04:00,121.69000244140625,121.7300033569336,121.44999694824219,121.72000122070312,367670,0.0,0.0
2024-03-19 14:30:00-04:00,121.7300033569336,122.08999633789062,121.61000061035156,121.95500183105469,584738,0.0,0.0
2024-03-19 15:30:00-04:00,121.95500183105469,122.16000366210938,121.56999969482422,122.0,755655,0.0,0.0
2024-03-20 09:30:00-04:00,121.22000122070312,122.08000183105469,121.02999877929688,121.47000122070312,630594,0.0,0.0
2024-03-20 10:30:00-04:00,121.5,121.83999633789062,121.26000213623047,121.73999786376953,475865,0.0,0.0
2024-03-20 11:30:00-04:00,121.72000122070312,121.7300033569336,121.16999816894531,121.19999694824219,341418,0.0,0.0
2024-03-20 12:30:00-04:00,121.19999694824219,121.44000244140625,121.06999969482422,121.16999816894531,225608,0.0,0.0
2024-03-20 13:30:00-04:00,121.16999816894531,121.95999908447266,121.16999816894531,121.81900024414062,256840,0.0,0.0
2024-03-20 14:30:00-04:00,121.83899688720703,122.36000061035156,121.68000030517578,122.36000061035156,450674,0.0,0.0
2024-03-20 15:30:00-04:00,122.36000061035156,122.36000061035156,121.80000305175781,121.91999816894531,554210,0.0,0.0
2024-03-21 09:30:00-04:00,122.06999969482422,122.9800033569336,121.68000030517578,122.7300033569336,562259,0.0,0.0
2024-03-21 10:30:00-04:00,122.76000213623047,122.98999786376953,122.16999816894531,122.54000091552734,523453,0.0,0.0
2024-03-21 11:30:00-04:00,122.54000091552734,122.63500213623047,122.2300033569336,122.5,331551,0.0,0.0
2024-03-21 12:30:00-04:00,122.5,122.72000122070312,122.3499984741211,122.66999816894531,310457,0.0,0.0
2024-03-21 13:30:00-04:00,122.66000366210938,123.0,122.58000183105469,122.69999694824219,605059,0.0,0.0
2024-03-21 14:30:00-04:00,122.70999908447266,123.19000244140625,122.63999938964844,123.17500305175781,513480,0.0,0.0
2024-03-21 15:30:00-04:00,123.16999816894531,123.58999633789062,123.12999725341797,123.55000305175781,979307,0.0,0.0
2024-03-22 09:30:00-04:00,123.55000305175781,124.05000305175781,123.41999816894531,123.52999877929688,642544,0.0,0.0
2024-03-22 10:30:00-04:00,123.54000091552734,123.69999694824219,123.05000305175781,123.29000091552734,578465,0.0,0.0
2024-03-22 11:30:00-04:00,123.29000091552734,123.31999969482422,122.8499984741211,123.04000091552734,541262,0.0,0.0
2024-03-22 12:30:00-04:00,123.05999755859375,123.05999755859375,122.70999908447266,122.80999755859375,383915,0.0,0.0
2024-03-22 13:30:00-04:00,122.80999755859375,123.06999969482422,122.80999755859375,122.87000274658203,359511,0.0,0.0
2024-03-22 14:30:00-04:00,122.86499786376953,123.03500366210938,122.75,122.87909698486328,513467,0.0,0.0
2024-03-22 15:30:00-04:00,122.87999725341797,123.23999786376953,122.8550033569336,123.02999877929688,759364,0.0,0.0
2024-03-25 09:30:00-04:00,123.72000122070312,125.36000061035156,123.1500015258789,124.87999725341797,588945,0.0,0.0
2024-03-25 10:30:00-04:00,124.91000366210938,125.75,124.81839752197266,125.69499969482422,737747,0.0,0.0
2024-03-25 11:30:00-04:00,125.69999694824219,125.97000122070312,125.58999633789062,125.8949966430664,694657,0.0,0.0
2024-03-25 12:30:00-04:00,125.88999938964844,126.02999877929688,125.69999694824219,125.83000183105469,755098,0.0,0.0
2024-03-25 13:30:00-04:00,125.81999969482422,126.4000015258789,125.77999877929688,126.36000061035156,909827,0.0,0.0
2024-03-25 14:30:00-04:00,126.36000061035156,126.48979949951172,126.25,126.44000244140625,714149,0.0,0.0
2024-03-25 15:30:00-04:00,126.44000244140625,126.6498031616211,126.15499877929688,126.2300033569336,1191573,0.0,0.0
2024-03-26 09:30:00-04:00,126.5,126.9000015258789,125.26000213623047,125.5250015258789,723114,0.0,0.0
2024-03-26 10:30:00-04:00,125.54000091552734,125.58999633789062,125.19999694824219,125.36000061035156,415173,0.0,0.0
2024-03-26 11:30:00-04:00,125.3499984741211,126.0,125.27999877929688,125.91999816894531,533666,0.0,0.0
2024-03-26 12:30:00-04:00,125.9000015258789,126.05999755859375,125.72000122070312,125.95999908447266,385407,0.0,0.0
2024-03-26 13:30:00-04:00,125.96730041503906,126.19999694824219,125.7300033569336,126.05000305175781,541194,0.0,0.0
2024-03-26 14:30:00-04:00,126.05000305175781,126.05400085449219,125.66000366210938,125.79000091552734,427126,0.0,0.0
2024-03-26 15:30:00-04:00,125.79000091552734,126.12999725341797,125.58000183105469,125.98999786376953,1142697,0.0,0.0
2024-03-27 09:30:00-04:00,125.6500015258789,126.33000183105469,125.31999969482422,125.75,542475,0.0,0.0
2024-03-27 10:30:00-04:00,125.73999786376953,126.0,125.5999984741211,125.9800033569336,343422,0.0,0.0
2024-03-27 11:30:00-04:00,125.97000122070312,126.01000213623047,125.66500091552734,125.69010162353516,321803,0.0,0.0
2024-03-27 12:30:00-04:00,125.69000244140625,125.75,125.5,125.7300033569336,243483,0.0,0.0
2024-03-27 13:30:00-04:00,125.73799896240234,126.26000213623047,125.66999816894531,126.25,310950,0.0,0.0
2024-03-27 14:30:00-04:00,126.26000213623047,126.38999938964844,126.19999694824219,126.37000274658203,345053,0.0,0.0
2024-03-27 15:30:00-04:00,126.37000274658203,127.0199966430664,126.31999969482422,126.87999725341797,942667,0.0,0.0
2024-03-28 09:30:00-04:00,128.0,128.63999938964844,126.70999908447266,127.11000061035156,600907,0.0,0.0
2024-03-28 10:30:00-04:00,127.12999725341797,127.55000305175781,126.95999908447266,127.55000305175781,346002,0.0,0.0
2024-03-28 11:30:00-04:00,127.54000091552734,127.54000091552734,127.15899658203125,127.22000122070312,307872,0.0,0.0
2024-03-28 12:30:00-04:00,127.22000122070312,127.51000213623047,127.0999984741211,127.41419982910156,235392,0.0,0.0
2024-03-28 13:30:00-04:00,127.41999816894531,127.77999877929688,127.31999969482422,127.72000122070312,293426,0.0,0.0
2024-03-28 14:30:00-04:00,127.7300033569336,127.82990264892578,127.47000122070312,127.7699966430664,444747,0.0,0.0
2024-03-28 15:30:00-04:00,127.77999877929688,127.83000183105469,127.19999694824219,127.22000122070312,837121,0.0,0.0
2024-04-01 09:30:00-04:00,128.0,128.25,126.75,127.7699966430664,455553,0.0,0.0
2024-04-01 10:30:00-04:00,127.80500030517578,128.17999267578125,127.7300033569336,128.08309936523438,330230,0.0,0.0
2024-04-01 11:30:00-04:00,128.0800018310547,128.22999572753906,127.88999938964844,128.2100067138672,239328,0.0,0.0
2024-04-01 12:30:00-04:00,128.2050018310547,128.47000122070312,127.99009704589844,128.3000030517578,322493,0.0,0.0
2024-04-01 13:30:00-04:00,128.30499267578125,128.8699951171875,128.3000030517578,128.77000427246094,319594,0.0,0.0
2024-04-01 14:30:00-04:00,128.77000427246094,128.92999267578125,128.63999938964844,128.85049438476562,381708,0.0,0.0
2024-04-01 15:30:00-04:00,128.86000061035156,128.94000244140625,128.64999389648438,128.6699981689453,469373,0.0,0.0
2024-04-02 09:30:00-04:00,129.52000427246094,130.83999633789062,128.6291961669922,130.3800048828125,1101288,0.0,0.0
2024-04-02 10:30:00-04:00,130.36000061035156,130.44000244140625,129.7449951171875,129.80499267578125,753575,0.0,0.0
2024-04-02 11:30:00-04:00,129.8000030517578,129.99000549316406,129.39999389648438,129.4600067138672,447928,0.0,0.0
2024-04-02 12:30:00-04:00,129.4600067138672,129.63699340820312,129.25999450683594,129.52000427246094,262743,0.0,0.0
2024-04-02 13:30:00-04:00,129.52000427246094,129.9499969482422,129.42010498046875,129.9250030517578,260440,0.0,0.0
2024-04-02 14:30:00-04:00,129.9499969482422,130.5500030517578,129.89999389648438,130.22999572753906,429516,0.0,0.0
2024-04-02 15:30:00-04:00,130.24000549316406,130.72000122070312,130.10000610351562,130.6999969482422,689603,0.0,0.0
2024-04-03 09:30:00-04:00,130.91000366210938,131.36000061035156,130.52000427246094,131.32000732421875,514185,0.0,0.0
2024-04-03 10:30:00-04:00,131.2899932861328,131.5399932861328,131.08999633789062,131.17999267578125,291854,0.0,0.0
2024-04-03 11:30:00-04:00,131.16000366210938,131.32000732421875,130.96499633789062,131.16000366210938,316267,0.0,0.0
2024-04-03 12:30:00-04:00,131.1699981689453,131.60000610351562,131.07000732421875,131.4499969482422,225022,0.0,0.0
2024-04-03 13:30:00-04:00,131.4600067138672,131.7100067138672,131.39999389648438,131.4949951171875,271626,0.0,0.0
2024-04-03 14:30:00-04:00,131.5,131.83999633789062,131.4499969482422,131.73500061035156,450527,0.0,0.0
2024-04-03 15:30:00-04:00,131.74000549316406,132.0,131.55999755859375,131.63999938964844,802386,0.0,0.0
2024-04-04 09:30:00-04:00,132.1300048828125,132.42999267578125,131.33189392089844,131.97000122070312,490741,0.0,0.0
2024-04-04 10:30:00-04:00,131.9600067138672,132.2100067138672,131.72999572753906,131.94000244140625,291126,0.0,0.0
2024-04-04 11:30:00-04:00,131.92999267578125,132.07000732421875,131.50999450683594,131.95950317382812,403126,0.0,0.0
2024-04-04 12:30:00-04:00,131.9600067138672,132.1999053955078,131.77000427246094,131.8300018310547,303034,0.0,0.0
2024-04-04 13:30:00-04:00,131.80999755859375,132.07000732421875,131.55999755859375,131.81500244140625,431777,0.0,0.0
2024-04-04 14:30:00-04:00,131.80999755859375,131.88999938964844,131.3000030517578,131.3000030517578,589184,0.0,0.0
2024-04-04 15:30:00-04:00,131.32000732421875,131.8000030517578,131.0500030517578,131.75,679300,0.0,0.0
2024-04-05 09:30:00-04:00,131.9600067138672,132.4199981689453,131.19000244140625,131.7949981689453,620441,0.0,0.0
2024-04-05 10:30:00-04:00,131.8249969482422,132.66000366210938,131.77999877929688,132.66000366210938,340835,0.0,0.0
2024-04-05 11:30:00-04:00,132.63999938964844,133.52000427246094,132.5399932861328,133.52000427246094,453382,0.0,0.0
2024-04-05 12:30:00-04:00,133.51499938964844,133.74000549316406,133.4600067138672,133.52000427246094,276857,0.0,0.0
2024-04-05 13:30:00-04:00,133.52000427246094,133.66000366210938,133.2100067138672,133.22000122070312,297339,0.0,0.0
2024-04-05 14:30:00-04:00,133.22000122070312,133.625,133.110107421875,133.61500549316406,340059,0.0,0.0
2024-04-05 15:30:00-04:00,133.61000061035156,133.83999633789062,133.52000427246094,133.52999877929688,600320,0.0,0.0
2024-04-08 09:30:00-04:00,133.75,134.02490234375,132.17999267578125,132.4949951171875,526266,0.0,0.0
2024-04-08 10:30:00-04:00,132.47999572753906,133.3699951171875,132.3800048828125,133.16000366210938,448386,0.0,0.0
2024-04-08 11:30:00-04:00,133.14999389648438,133.3800048828125,132.9600067138672,133.3699951171875,297418,0.0,0.0
2024-04-08 12:30:00-04:00,133.36000061035156,133.61000061035156,133.33999633789062,133.57000732421875,263092,0.0,0.0
2024-04-08 13:30:00-04:00,133.55999755859375,133.73500061035156,133.42999267578125,133.67999267578125,268825,0.0,0.0
2024-04-08 14:30:00-04:00,133.69000244140625,133.82000732421875,133.61920166015625,133.7899932861328,335231,0.0,0.0
2024-04-08 15:30:00-04:00,133.7899932861328,133.9550018310547,132.36000061035156,132.39999389648438,1009330,0.0,0.0
2024-04-09 09:30:00-04:00,132.7899932861328,133.1999969482422,131.7899932861328,132.02000427246094,908865,0.0,0.0
2024-04-09 10:30:00-04:00,131.99000549316406,132.10000610351562,131.01499938964844,131.36000061035156,427595,0.0,0.0
2024-04-09 11:30:00-04:00,131.35000610351562,131.66000366210938,131.25,131.4600067138672,349873,0.0,0.0
2024-04-09 12:30:00-04:00,131.4499969482422,131.46499633789062,131.02999877929688,131.13999938964844,255930,0.0,0.0
2024-04-09 13:30:00-04:00,131.13999938964844,131.41000366210938,131.0800018310547,131.35000610351562,366039,0.0,0.0
2024-04-09 14:30:00-04:00,131.36000061035156,132.1862030029297,131.3000030517578,132.14999389648438,451789,0.0,0.0
2024-04-09 15:30:00-04:00,132.13999938964844,132.3000030517578,131.72500610351562,132.25999450683594,548391,0.0,0.0
2024-04-10 09:30:00-04:00,132.47999572753906,133.5,131.94000244140625,133.2100067138672,593360,0.0,0.0
2024-04-10 10:30:00-04:00,133.1999969482422,133.67999267578125,132.60000610351562,132.8800048828125,499469,0.0,0.0
2024-04-10 11:30:00-04:00,132.8874969482422,132.89990234375,132.05999755859375,132.12989807128906,380072,0.0,0.0
2024-04-10 12:30:00-04:00,132.1300048828125,132.5050048828125,131.75999450683594,132.1999969482422,301908,0.0,0.0
2024-04-10 13:30:00-04:00,132.17999267578125,133.61000061035156,132.17999267578125,133.0800018310547,369772,0.0,0.0
2024-04-10 14:30:00-04:00,133.05499267578125,133.41000366210938,132.77499389648438,132.97000122070312,382259,0.0,0.0
2024-04-10 15:30:00-04:00,132.97000122070312,133.00999450683594,132.5399932861328,132.80999755859375,759873,0.0,0.0
2024-04-11 09:30:00-04:00,132.5399932861328,133.02000427246094,131.25,131.27000427246094,533332,0.0,0.0
2024-04-11 10:30:00-04:00,131.25,131.46499633789062,130.64999389648438,130.97000122070312,442001,0.0,0.0
2024-04-11 11:30:00-04:00,130.97000122070312,131.97999572753906,130.72999572753906,131.85000610351562,457671,0.0,0.0
2024-04-11 12:30:00-04:00,131.82000732421875,132.7899932861328,131.75999450683594,132.64500427246094,386706,0.0,0.0
2024-04-11 13:30:00-04:00,132.64999389648438,132.85989379882812,132.35499572753906,132.5399932861328,425416,0.0,0.0
2024-04-11 14:30:00-04:00,132.56500244140625,133.19000244140625,132.47999572753906,133.09500122070312,598855,0.0,0.0
2024-04-11 15:30:00-04:00,133.09500122070312,133.17999267578125,132.78500366210938,132.9499969482422,614575,0.0,0.0
2024-04-12 09:30:00-04:00,134.27999877929688,135.17999267578125,133.75999450683594,134.2440948486328,785149,0.0,0.0
2024-04-12 10:30:00-04:00,134.21499633789062,134.61500549316406,133.47000122070312,133.47000122070312,469067,0.0,0.0
2024-04-12 11:30:00-04:00,133.46499633789062,133.55999755859375,132.36000061035156,132.36000061035156,488640,0.0,0.0
2024-04-12 12:30:00-04:00,132.36000061035156,132.4499969482422,131.85000610351562,131.89999389648438,332627,0.0,0.0
2024-04-12 13:30:00-04:00,131.8800048828125,132.3000030517578,131.60000610351562,131.64500427246094,396487,0.0,0.0
2024-04-12 14:30:00-04:00,131.6199951171875,131.6199951171875,130.38999938964844,130.66000366210938,426127,0.0,0.0
2024-04-12 15:30:00-04:00,130.69000244140625,131.25999450683594,130.57000732421875,131.19000244140625,580965,0.0,0.0
2024-04-15 09:30:00-04:00,132.1300048828125,132.61000061035156,131.35000610351562,131.58999633789062,617544,0.0,0.0
2024-04-15 10:30:00-04:00,131.60000610351562,132.33999633789062,131.02999877929688,131.2899932861328,409958,0.0,0.0
2024-04-15 11:30:00-04:00,131.27999877929688,131.7949981689453,131.08999633789062,131.22000122070312,446223,0.0,0.0
2024-04-15 12:30:00-04:00,131.1699981689453,131.19000244140625,130.27000427246094,130.35000610351562,366456,0.0,0.0
2024-04-15 13:30:00-04:00,130.32000732421875,131.13999938964844,130.02999877929688,130.36500549316406,638717,0.0,0.0
2024-04-15 14:30:00-04:00,130.35000610351562,130.69000244140625,130.0500030517578,130.22999572753906,322484,0.0,0.0
2024-04-15 15:30:00-04:00,130.25,130.6300048828125,130.13499450683594,130.25999450683594,530049,0.0,0.0
2024-04-16 09:30:00-04:00,130.0,130.8000030517578,128.5,128.60000610351562,535176,0.0,0.0
2024-04-16 10:30:00-04:00,128.66000366210938,129.7899932861328,128.52000427246094,129.52999877929688,476094,0.0,0.0
2024-04-16 11:30:00-04:00,129.5,130.02999877929688,129.25999450683594,129.42999267578125,273871,0.0,0.0
2024-04-16 12:30:00-04:00,129.42999267578125,129.47999572753906,129.00999450683594,129.22999572753906,535904,0.0,0.0
2024-04-16 13:30:00-04:00,129.23500061035156,129.64500427246094,128.56219482421875,129.27000427246094,321731,0.0,0.0
2024-04-16 14:30:00-04:00,129.27000427246094,130.4199981689453,129.22000122070312,130.11000061035156,383603,0.0,0.0
2024-04-16 15:30:00-04:00,130.10000610351562,130.10000610351562,129.4499969482422,129.53500366210938,555738,0.0,0.0
2024-04-17 09:30:00-04:00,129.1199951171875,130.13999938964844,129.1199951171875,129.8249969482422,624920,0.0,0.0
2024-04-17 10:30:00-04:00,129.92999267578125,129.9600067138672,129.10000610351562,129.10000610351562,474508,0.0,0.0
2024-04-17 11:30:00-04:00,129.0800018310547,129.0800018310547,127.66000366210938,127.75,365745,0.0,0.0
2024-04-17 12:30:00-04:00,127.75,128.8800048828125,127.55000305175781,128.7899932861328,315974,0.0,0.0
2024-04-17 13:30:00-04:00,128.82000732421875,128.97999572753906,128.4199981689453,128.65499877929688,317453,0.0,0.0
2024-04-17 14:30:00-04:00,128.66000366210938,129.38999938964844,128.1649932861328,128.19000244140625,369401,0.0,0.0
2024-04-17 15:30:00-04:00,128.1999969482422,128.52000427246094,128.10499572753906,128.3300018310547,565136,0.0,0.0
2024-04-18 09:30:00-04:00,128.72999572753906,129.21499633789062,127.56999969482422,127.98500061035156,507476,0.0,0.0
2024-04-18 10:30:00-04:00,128.02999877929688,128.41000366210938,127.75,128.14999389648438,348655,0.0,0.0
2024-04-18 11:30:00-04:00,128.14999389648438,128.58999633789062,127.81999969482422,128.52999877929688,355285,0.0,0.0
2024-04-18 12:30:00-04:00,128.52000427246094,128.6300048828125,127.73999786376953,128.14999389648438,364198,0.0,0.0
2024-04-18 13:30:00-04:00,128.13999938964844,128.14999389648438,127.44000244140625,127.66000366210938,379478,0.0,0.0
2024-04-18 14:30:00-04:00,127.6500015258789,127.72000122070312,127.25,127.52999877929688,305240,0.0,0.0
2024-04-18 15:30:00-04:00,127.54000091552734,127.9800033569336,127.52999877929688,127.75,446033,0.0,0.0
2024-04-19 09:30:00-04:00,128.13999938964844,130.3699951171875,127.80999755859375,130.30999755859375,711693,0.0,0.0
2024-04-19 10:30:00-04:00,130.3000030517578,130.50999450683594,129.64500427246094,129.64999389648438,545877,0.0,0.0
2024-04-19 11:30:00-04:00,129.61000061035156,129.7100067138672,129.13999938964844,129.14500427246094,277475,0.0,0.0
2024-04-19 12:30:00-04:00,129.11000061035156,129.69000244140625,129.0500030517578,129.3699951171875,255006,0.0,0.0
2024-04-19 13:30:00-04:00,129.3699951171875,129.69000244140625,129.07000732421875,129.1699981689453,261776,0.0,0.0
2024-04-19 14:30:00-04:00,129.16000366210938,129.44000244140625,128.9600067138672,129.08999633789062,427657,0.0,0.0
2024-04-19 15:30:00-04:00,129.10000610351562,129.39999389648438,129.0500030517578,129.3800048828125,694894,0.0,0.0
2024-04-22 09:30:00-04:00,128.61000061035156,128.91000366210938,126.94000244140625,128.75,706510,0.0,0.0
2024-04-22 10:30:00-04:00,128.7550048828125,129.1699981689453,128.4550018310547,128.94000244140625,381582,0.0,0.0
2024-04-22 11:30:00-04:00,128.92999267578125,129.2899932861328,128.82000732421875,129.2100067138672,361800,0.0,0.0
2024-04-22 12:30:00-04:00,129.2100067138672,129.8800048828125,129.14999389648438,129.86000061035156,406216,0.0,0.0
2024-04-22 13:30:00-04:00,129.85000610351562,130.3634033203125,129.77999877929688,130.22999572753906,501704,0.0,0.0
2024-04-22 14:30:00-04:00,130.24000549316406,130.39999389648438,129.7899932861328,129.83999633789062,490987,0.0,0.0
2024-04-22 15:30:00-04:00,129.8300018310547,129.8300018310547,129.1699981689453,129.35000610351562,612091,0.0,0.0
2024-04-23 09:30:00-04:00,128.6300048828125,128.97999572753906,127.7300033569336,128.8000030517578,538283,0.0,0.0
2024-04-23 10:30:00-04:00,128.80999755859375,129.52999877929688,128.7200927734375,129.36000061035156,475406,0.0,0.0
2024-04-23 11:30:00-04:00,129.32000732421875,129.63999938964844,128.94500732421875,129.6300048828125,197757,0.0,0.0
2024-04-23 12:30:00-04:00,129.64999389648438,129.92999267578125,129.5500030517578,129.88999938964844,364100,0.0,0.0
2024-04-23 13:30:00-04:00,129.88999938964844,130.19000244140625,129.77999877929688,129.9499969482422,238965,0.0,0.0
2024-04-23 14:30:00-04:00,129.9600067138672,130.07000732421875,129.5500030517578,129.6199951171875,371062,0.0,0.0
2024-04-23 15:30:00-04:00,129.6199951171875,129.88999938964844,129.57000732421875,129.8300018310547,555927,0.0,0.0
2024-04-24 09:30:00-04:00,129.3699951171875,129.5449981689453,128.2899932861328,129.32000732421875,870331,0.0,0.0
2024-04-24 10:30:00-04:00,129.30999755859375,129.52000427246094,128.41000366210938,128.86500549316406,357170,0.0,0.0
2024-04-24 11:30:00-04:00,128.85000610351562,129.1199951171875,128.52000427246094,129.07000732421875,232039,0.0,0.0
2024-04-24 12:30:00-04:00,129.0500030517578,129.10000610351562,128.8000030517578,128.97999572753906,253343,0.0,0.0
2024-04-24 13:30:00-04:00,128.97500610351562,129.53500366210938,128.97500610351562,129.29640197753906,299294,0.0,0.0
2024-04-24 14:30:00-04:00,129.3000030517578,129.69000244140625,129.16000366210938,129.61500549316406,325636,0.0,0.0
2024-04-24 15:30:00-04:00,129.61000061035156,129.67999267578125,129.22500610351562,129.27000427246094,706253,0.0,0.0
2024-04-25 09:30:00-04:00,129.6999969482422,130.23500061035156,128.3000030517578,128.77999877929688,559616,0.0,0.0
2024-04-25 10:30:00-04:00,128.79200744628906,129.2899932861328,128.63999938964844,129.16000366210938,394272,0.0,0.0
2024-04-25 11:30:00-04:00,129.13999938964844,129.8800048828125,129.0500030517578,129.85000610351562,406444,0.0,0.0
2024-04-25 12:30:00-04:00,129.86000061035156,129.97999572753906,129.5500030517578,129.58999633789062,243347,0.0,0.0
2024-04-25 13:30:00-04:00,129.5800018310547,130.1699981689453,129.57000732421875,129.80999755859375,300716,0.0,0.0
2024-04-25 14:30:00-04:00,129.7899932861328,130.57730102539062,129.7899932861328,130.57000732421875,373335,0.0,0.0
2024-04-25 15:30:00-04:00,130.57000732421875,130.63999938964844,129.9600067138672,130.11000061035156,750957,0.0,0.0
2024-04-26 09:30:00-04:00,129.4600067138672,130.16000366210938,128.86000061035156,130.11500549316406,515986,0.0,0.0
2024-04-26 10:30:00-04:00,130.11500549316406,130.1999969482422,129.3300018310547,129.7550048828125,498514,0.0,0.0
2024-04-26 11:30:00-04:00,129.72999572753906,130.3249969482422,129.47999572753906,130.11000061035156,433426,0.0,0.0
2024-04-26 12:30:00-04:00,130.11000061035156,130.27000427246094,130.0,130.0500030517578,971582,0.0,0.0
2024-04-26 13:30:00-04:00,130.05999755859375,130.57000732421875,130.0399932861328,130.4499969482422,327745,0.0,0.0
2024-04-26 14:30:00-04:00,130.41000366210938,130.61000061035156,130.30999755859375,130.55999755859375,375033,0.0,0.0
2024-04-26 15:30:00-04:00,130.5500030517578,130.77000427246094,130.22000122070312,130.22999572753906,688988,0.0,0.0
2024-04-29 09:30:00-04:00,129.75,130.25999450683594,129.1999969482422,129.97000122070312,632954,0.0,0.0
2024-04-29 10:30:00-04:00,129.9499969482422,129.96580505371094,128.8000030517578,129.6699981689453,461320,0.0,0.0
2024-04-29 11:30:00-04:00,129.6300048828125,130.3800048828125,129.58999633789062,130.28829956054688,276062,0.0,0.0
2024-04-29 12:30:00-04:00,130.2899932861328,130.44000244140625,130.07000732421875,130.22000122070312,204436,0.0,0.0
2024-04-29 13:30:00-04:00,130.24000549316406,130.27999877929688,129.86900329589844,129.99000549316406,240325,0.0,0.0
2024-04-29 14:30:00-04:00,129.97999572753906,130.02999877929688,129.55999755859375,129.8090057373047,380185,0.0,0.0
2024-04-29 15:30:00-04:00,129.8000030517578,130.25999450683594,129.79080200195312,130.22999572753906,677438,0.0,0.0
2024-04-30 09:30:00-04:00,129.80999755859375,129.85499572753906,128.1199951171875,128.49049377441406,570792,0.0,0.0
2024-04-30 10:30:00-04:00,128.5,128.52999877929688,127.81999969482422,128.02000427246094,442430,0.0,0.0
2024-04-30 11:30:00-04:00,128.02000427246094,128.06500244140625,127.0250015258789,127.03500366210938,633795,0.0,0.0
2024-04-30 12:30:00-04:00,127.0250015258789,127.0250015258789,126.1500015258789,126.68000030517578,541933,0.0,0.0
2024-04-30 13:30:00-04:00,126.66999816894531,127.51499938964844,126.56999969482422,127.23999786376953,423080,0.0,0.0
2024-04-30 14:30:00-04:00,127.23500061035156,127.38999938964844,126.73999786376953,126.83090209960938,435661,0.0,0.0
2024-04-30 15:30:00-04:00,126.83999633789062,126.94999694824219,125.43000030517578,125.62000274658203,1214502,0.0,0.0
2024-05-01 09:30:00-04:00,125.08000183105469,125.7300033569336,124.61000061035156,125.20999908447266,630204,0.0,0.0
2024-05-01 10:30:00-04:00,125.19000244140625,125.19000244140625,123.91000366210938,124.18000030517578,680528,0.0,0.0
2024-05-01 11:30:00-04:00,124.19000244140625,124.4749984741211,123.86000061035156,124.16000366210938,449557,0.0,0.0
2024-05-01 12:30:00-04:00,124.16000366210938,124.3499984741211,123.94000244140625,124.0999984741211,387200,0.0,0.0
2024-05-01 13:30:00-04:00,124.12000274658203,124.40149688720703,123.41999816894531,124.40149688720703,396208,0.0,0.0
2024-05-01 14:30:00-04:00,124.38999938964844,125.15499877929688,123.9800033569336,124.5199966430664,535311,0.0,0.0
2024-05-01 15:30:00-04:00,124.54000091552734,124.68000030517578,123.83499908447266,124.33000183105469,1279962,0.0,0.0
2024-05-02 09:30:00-04:00,124.72000122070312,125.19999694824219,122.56999969482422,122.87999725341797,1198862,0.0,0.0
2024-05-02 10:30:00-04:00,122.86000061035156,123.81999969482422,122.36000061035156,122.41000366210938,840303,0.0,0.0
2024-05-02 11:30:00-04:00,122.41999816894531,123.05000305175781,121.66000366210938,122.2699966430664,695463,0.0,0.0
2024-05-02 12:30:00-04:00,122.2699966430664,123.27999877929688,121.94000244140625,123.1500015258789,619924,0.0,0.0
2024-05-02 13:30:00-04:00,123.1500015258789,123.1500015258789,122.36000061035156,122.47000122070312,879787,0.0,0.0
2024-05-02 14:30:00-04:00,122.45999908447266,122.79070281982422,122.31500244140625,122.4800033569336,663446,0.0,0.0
2024-05-02 15:30:00-04:00,122.47000122070312,122.625,122.05500030517578,122.26000213623047,1137757,0.0,0.0
2024-05-03 09:30:00-04:00,122.51000213623047,122.68000030517578,121.08000183105469,121.33499908447266,617409,0.0,0.0
2024-05-03 10:30:00-04:00,121.33999633789062,121.58999633789062,120.875,121.2300033569336,502369,0.0,0.0
2024-05-03 11:30:00-04:00,121.2499008178711,121.95999908447266,121.22000122070312,121.91000366210938,420418,0.0,0.0
2024-05-03 12:30:00-04:00,121.91580200195312,122.12000274658203,121.77999877929688,121.77999877929688,556039,0.0,0.0
2024-05-03 13:30:00-04:00,121.76000213623047,121.80000305175781,121.47000122070312,121.5199966430664,494718,0.0,0.0
2024-05-03 14:30:00-04:00,121.54000091552734,121.5999984741211,121.09500122070312,121.41999816894531,498065,0.0,0.0
2024-05-03 15:30:00-04:00,121.41500091552734,122.27999877929688,121.38099670410156,122.2699966430664,1187302,0.0,0.0
2024-05-06 09:30:00-04:00,123.08000183105469,124.9800033569336,123.0199966430664,124.91000366210938,572042,0.0,0.0
2024-05-06 10:30:00-04:00,124.9000015258789,125.08000183105469,124.6500015258789,124.8499984741211,684506,0.0,0.0
2024-05-06 11:30:00-04:00,124.85279846191406,125.21499633789062,124.61000061035156,125.0999984741211,433968,0.0,0.0
2024-05-06 12:30:00-04:00,125.11280059814453,125.13999938964844,123.69999694824219,123.81999969482422,460364,0.0,0.0
2024-05-06 13:30:00-04:00,123.80999755859375,123.88999938964844,123.62000274658203,123.7699966430664,388762,0.0,0.0
2024-05-06 14:30:00-04:00,123.77999877929688,124.09700012207031,123.55000305175781,123.55000305175781,483991,0.0,0.0
2024-05-06 15:30:00-04:00,123.54000091552734,123.72000122070312,123.4749984741211,123.55999755859375,766462,0.0,0.0
2024-05-07 09:30:00-04:00,123.66000366210938,124.75,123.56999969482422,124.48500061035156,392513,0.0,0.0
2024-05-07 10:30:00-04:00,124.47000122070312,124.69000244140625,124.23999786376953,124.64450073242188,311749,0.0,0.0
2024-05-07 11:30:00-04:00,124.62999725341797,124.94000244140625,124.38999938964844,124.68499755859375,240374,0.0,0.0
2024-05-07 12:30:00-04:00,124.69000244140625,124.7300033569336,124.43000030517578,124.61000061035156,381966,0.0,0.0
2024-05-07 13:30:00-04:00,124.62999725341797,124.6500015258789,123.87069702148438,123.91000366210938,449787,0.0,0.0
2024-05-07 14:30:00-04:00,123.93000030517578,123.94000244140625,123.19999694824219,123.22000122070312,605240,0.0,0.0
2024-05-07 15:30:00-04:00,123.2300033569336,123.80999755859375,123.06999969482422,123.5199966430664,921784,0.0,0.0
2024-05-08 09:30:00-04:00,122.83000183105469,123.77999877929688,122.69999694824219,123.43000030517578,618653,0.0,0.0
2024-05-08 10:30:00-04:00,123.45999908447266,123.94000244140625,123.43000030517578,123.86000061035156,289953,0.0,0.0
2024-05-08 11:30:00-04:00,123.87000274658203,123.97000122070312,123.0999984741211,123.20600128173828,274607,0.0,0.0
2024-05-08 12:30:00-04:00,123.22000122070312,123.37999725341797,123.00499725341797,123.30999755859375,253481,0.0,0.0
2024-05-08 13:30:00-04:00,123.2699966430664,123.41000366210938,123.05000305175781,123.0802993774414,287747,0.0,0.0
2024-05-08 14:30:00-04:00,123.12000274658203,123.75,123.11000061035156,123.45999908447266,588503,0.0,0.0
2024-05-08 15:30:00-04:00,123.45500183105469,123.56500244140625,122.91000366210938,123.05500030517578,778179,0.0,0.0
2024-05-09 09:30:00-04:00,122.98999786376953,124.20999908447266,122.6500015258789,124.05500030517578,589783,0.0,0.0
2024-05-09 10:30:00-04:00,124.08000183105469,124.2300033569336,123.6500015258789,123.77999877929688,356717,0.0,0.0
2024-05-09 11:30:00-04:00,123.7699966430664,124.00499725341797,123.6449966430664,123.69999694824219,310666,0.0,0.0
2024-05-09 12:30:00-04:00,123.69000244140625,123.87999725341797,123.58000183105469,123.83999633789062,264893,0.0,0.0
2024-05-09 13:30:00-04:00,123.84500122070312,123.92320251464844,123.4800033569336,123.5999984741211,419235,0.0,0.0
2024-05-09 14:30:00-04:00,123.58000183105469,123.81999969482422,123.47010040283203,123.47010040283203,597797,0.0,0.0
2024-05-09 15:30:00-04:00,123.47000122070312,123.72000122070312,123.20999908447266,123.40499877929688,1105910,0.0,0.0
2024-05-10 09:30:00-04:00,123.04000091552734,123.9800033569336,122.41000366210938,122.63999938964844,582239,0.0,0.0
2024-05-10 10:30:00-04:00,122.63999938964844,123.20999908447266,122.45999908447266,122.87999725341797,382618,0.0,0.0
2024-05-10 11:30:00-04:00,122.86499786376953,122.93840026855469,122.26000213623047,122.31999969482422,276149,0.0,0.0
2024-05-10 12:30:00-04:00,122.31500244140625,122.36000061035156,122.13999938964844,122.23999786376953,227346,0.0,0.0
2024-05-10 13:30:00-04:00,122.2300033569336,122.3499984741211,121.87999725341797,121.88999938964844,415060,0.0,0.0
2024-05-10 14:30:00-04:00,121.87000274658203,122.0,121.56999969482422,121.91000366210938,811329,0.0,0.0
2024-05-10 15:30:00-04:00,121.91500091552734,122.18000030517578,121.79000091552734,121.87999725341797,820600,0.0,0.0
2024-05-13 09:30:00-04:00,121.87000274658203,122.47000122070312,121.79499816894531,122.13999938964844,502076,0.0,0.0
2024-05-13 10:30:00-04:00,122.0999984741211,122.55999755859375,121.72000122070312,121.7300033569336,580665,0.0,0.0
2024-05-13 11:30:00-04:00,121.62999725341797,122.05000305175781,121.61000061035156,121.91000366210938,410657,0.0,0.0
2024-05-13 12:30:00-04:00,121.91000366210938,121.91000366210938,121.38500213623047,121.4800033569336,351386,0.0,0.0
2024-05-13 13:30:00-04:00,121.48999786376953,121.73999786376953,121.2699966430664,121.68499755859375,474757,0.0,0.0
2024-05-13 14:30:00-04:00,121.69000244140625,121.94999694824219,121.54000091552734,121.61000061035156,698110,0.0,0.0
2024-05-13 15:30:00-04:00,121.61000061035156,121.77999877929688,121.4000015258789,121.55000305175781,1156567,0.0,0.0
2024-05-14 09:30:00-04:00,121.52999877929688,122.16999816894531,120.5999984741211,120.87000274658203,594481,0.0,0.0
2024-05-14 10:30:00-04:00,120.86499786376953,121.22000122070312,120.55999755859375,121.18000030517578,393463,0.0,0.0
2024-05-14 11:30:00-04:00,121.19000244140625,121.4000015258789,120.43000030517578,120.5199966430664,459836,0.0,0.0
2024-05-14 12:30:00-04:00,120.5199966430664,121.20999908447266,120.5199966430664,121.19999694824219,282559,0.0,0.0
2024-05-14 13:30:00-04:00,121.18000030517578,121.19999694824219,120.80000305175781,120.95980072021484,316264,0.0,0.0
2024-05-14 14:30:00-04:00,120.95500183105469,121.19000244140625,120.8949966430664,121.08999633789062,517947,0.0,0.0
2024-05-14 15:30:00-04:00,121.09500122070312,121.31999969482422,120.8949966430664,121.02999877929688,1078183,0.0,0.0
2024-05-15 09:30:00-04:00,120.66999816894531,121.2300033569336,118.66000366210938,119.5,677802,0.0,0.0
2024-05-15 10:30:00-04:00,119.51000213623047,121.4000015258789,119.51000213623047,121.33499908447266,833838,0.0,0.0
2024-05-15 11:30:00-04:00,121.30999755859375,121.66000366210938,121.1500015258789,121.37999725341797,591742,0.0,0.0
2024-05-15 12:30:00-04:00,121.37000274658203,121.9094009399414,121.31999969482422,121.66000366210938,362207,0.0,0.0
2024-05-15 13:30:00-04:00,121.63999938964844,121.63999938964844,121.16999816894531,121.18499755859375,366631,0.0,0.0
2024-05-15 14:30:00-04:00,121.18000030517578,121.30999755859375,120.80000305175781,120.93000030517578,566322,0.0,0.0
2024-05-15 15:30:00-04:00,120.9000015258789,121.0999984741211,120.55999755859375,120.69999694824219,1150076,0.0,0.0
2024-05-16 09:30:00-04:00,120.3499984741211,121.38990020751953,120.01010131835938,121.08999633789062,512911,0.0,0.0
2024-05-16 10:30:00-04:00,121.07499694824219,121.31999969482422,120.70999908447266,120.71499633789062,410259,0.0,0.0
2024-05-16 11:30:00-04:00,120.71499633789062,120.83000183105469,120.31999969482422,120.34420013427734,359537,0.0,0.0
2024-05-16 12:30:00-04:00,120.34500122070312,120.34500122070312,119.9000015258789,119.93499755859375,385427,0.0,0.0
2024-05-16 13:30:00-04:00,119.94000244140625,120.01000213623047,119.5999984741211,119.75,325467,0.0,0.0
2024-05-16 14:30:00-04:00,119.76000213623047,120.2300033569336,119.68000030517578,120.02999877929688,488870,0.0,0.0
2024-05-16 15:30:00-04:00,120.04000091552734,120.23999786376953,119.73999786376953,119.83999633789062,893299,0.0,0.0
2024-05-17 09:30:00-04:00,120.9000015258789,120.94000244140625,120.05999755859375,120.65499877929688,463314,0.0,0.0
2024-05-17 10:30:00-04:00,120.63999938964844,120.77999877929688,120.23490142822266,120.45500183105469,414730,0.0,0.0
2024-05-17 11:30:00-04:00,120.41000366210938,120.53500366210938,120.13999938964844,120.43000030517578,253094,0.0,0.0
2024-05-17 12:30:00-04:00,120.41999816894531,120.80000305175781,120.4000015258789,120.69999694824219,236178,0.0,0.0
2024-05-17 13:30:00-04:00,120.70999908447266,121.26499938964844,120.69999694824219,121.26499938964844,243307,0.0,0.0
2024-05-17 14:30:00-04:00,121.2699966430664,121.98999786376953,121.24500274658203,121.87000274658203,987408,0.0,0.0
2024-05-17 15:30:00-04:00,121.87000274658203,121.9749984741211,121.66500091552734,121.7300033569336,898540,0.0,0.0
2024-05-20 09:30:00-04:00,121.75,122.11000061035156,121.2300033569336,121.51000213623047,442148,0.0,0.0
2024-05-20 10:30:00-04:00,121.5199966430664,121.79000091552734,121.2300033569336,121.33000183105469,265581,0.0,0.0
2024-05-20 11:30:00-04:00,121.30999755859375,121.4000015258789,120.94999694824219,121.01000213623047,261010,0.0,0.0
2024-05-20 12:30:00-04:00,121.0199966430664,121.05000305175781,120.64029693603516,120.64029693603516,293203,0.0,0.0
2024-05-20 13:30:00-04:00,120.5999984741211,120.91999816894531,120.48999786376953,120.9000015258789,181381,0.0,0.0
2024-05-20 14:30:00-04:00,120.9000015258789,120.94999694824219,120.5208969116211,120.66999816894531,273779,0.0,0.0
2024-05-20 15:30:00-04:00,120.68000030517578,120.98999786376953,120.58000183105469,120.91999816894531,430707,0.0,0.0
2024-05-21 09:30:00-04:00,120.69000244140625,121.38359832763672,120.5,121.37000274658203,295981,0.0,0.0
2024-05-21 10:30:00-04:00,121.38500213623047,121.7300033569336,121.27999877929688,121.33000183105469,313153,0.0,0.0
2024-05-21 11:30:00-04:00,121.31999969482422,121.43000030517578,120.45999908447266,120.5999984741211,203087,0.0,0.0
2024-05-21 12:30:00-04:00,120.5999984741211,120.80500030517578,120.58000183105469,120.68000030517578,180347,0.0,0.0
2024-05-21 13:30:00-04:00,120.68000030517578,121.01000213623047,120.5250015258789,120.6500015258789,267695,0.0,0.0
2024-05-21 14:30:00-04:00,120.63999938964844,120.77999877929688,120.45999908447266,120.77999877929688,235447,0.0,0.0
2024-05-21 15:30:00-04:00,120.77999877929688,120.94999694824219,120.29000091552734,120.41999816894531,506293,0.0,0.0
2024-05-22 09:30:00-04:00,119.5199966430664,119.72000122070312,117.87999725341797,118.20960235595703,626534,0.0,0.0
2024-05-22 10:30:00-04:00,118.20999908447266,118.73500061035156,118.12999725341797,118.12999725341797,437874,0.0,0.0
2024-05-22 11:30:00-04:00,118.12000274658203,118.57499694824219,117.83000183105469,118.57499694824219,314238,0.0,0.0
2024-05-22 12:30:00-04:00,118.58000183105469,119.3499984741211,118.58000183105469,118.70999908447266,484836,0.0,0.0
2024-05-22 13:30:00-04:00,118.75499725341797,118.7699966430664,118.0,118.08000183105469,355069,0.0,0.0
2024-05-22 14:30:00-04:00,118.08000183105469,118.08000183105469,117.38999938964844,117.5999984741211,573082,0.0,0.0
2024-05-22 15:30:00-04:00,117.58999633789062,118.23999786376953,117.58000183105469,118.22000122070312,870999,0.0,0.0
2024-05-23 09:30:00-04:00,118.83000183105469,119.43000030517578,118.20999908447266,118.69499969482422,377991,0.0,0.0
2024-05-23 10:30:00-04:00,118.68000030517578,118.68000030517578,118.02999877929688,118.23500061035156,334819,0.0,0.0
2024-05-23 11:30:00-04:00,118.22000122070312,118.464599609375,117.8499984741211,118.20999908447266,253283,0.0,0.0
2024-05-23 12:30:00-04:00,118.19999694824219,118.30000305175781,117.55999755859375,117.73999786376953,213675,0.0,0.0
2024-05-23 13:30:00-04:00,117.75,117.80999755859375,117.19999694824219,117.44000244140625,281544,0.0,0.0
2024-05-23 14:30:00-04:00,117.41000366210938,117.55000305175781,117.23999786376953,117.4000015258789,360315,0.0,0.0
2024-05-23 15:30:00-04:00,117.4000015258789,117.69999694824219,117.4000015258789,117.62999725341797,584400,0.0,0.0
2024-05-24 09:30:00-04:00,118.38999938964844,118.58999633789062,117.69999694824219,117.7699966430664,273148,0.0,0.0
2024-05-24 10:30:00-04:00,117.7699966430664,117.83000183105469,117.41999816894531,117.4800033569336,271054,0.0,0.0
2024-05-24 11:30:00-04:00,117.5,117.7699966430664,117.45600128173828,117.69000244140625,277046,0.0,0.0
2024-05-24 12:30:00-04:00,117.69499969482422,117.69499969482422,117.38999938964844,117.38999938964844,286831,0.0,0.0
2024-05-24 13:30:00-04:00,117.38999938964844,117.38999938964844,116.87000274658203,116.87999725341797,251443,0.0,0.0
2024-05-24 14:30:00-04:00,116.88500213623047,117.19000244140625,116.86000061035156,116.96499633789062,353114,0.0,0.0
2024-05-24 15:30:00-04:00,116.95999908447266,117.27999877929688,116.94999694824219,117.25,589808,0.0,0.0
2024-05-28 09:30:00-04:00,117.83000183105469,118.82990264892578,117.7300033569336,118.26000213623047,424503,0.0,0.0
2024-05-28 10:30:00-04:00,118.2300033569336,118.81999969482422,118.02999877929688,118.77999877929688,332450,0.0,0.0
2024-05-28 11:30:00-04:00,118.80000305175781,119.20999908447266,118.73999786376953,119.08989715576172,327210,0.0,0.0
2024-05-28 12:30:00-04:00,119.08999633789062,119.1500015258789,118.62000274658203,118.63999938964844,340892,0.0,0.0
2024-05-28 13:30:00-04:00,118.63999938964844,118.8499984741211,118.4000015258789,118.62999725341797,366551,0.0,0.0
2024-05-28 14:30:00-04:00,118.625,118.9800033569336,118.55999755859375,118.87999725341797,344857,0.0,0.0
2024-05-28 15:30:00-04:00,118.87999725341797,119.2300033569336,118.68000030517578,118.97000122070312,752487,0.0,0.0
2024-05-29 09:30:00-04:00,117.5999984741211,117.66000366210938,114.55000305175781,114.94999694824219,3495511,0.0,0.0
2024-05-29 10:30:00-04:00,114.93000030517578,115.7249984741211,114.55000305175781,114.58000183105469,1616648,0.0,0.0
2024-05-29 11:30:00-04:00,114.56999969482422,115.0,114.02999877929688,114.16999816894531,1305425,0.0,0.0
2024-05-29 12:30:00-04:00,114.17500305175781,114.87999725341797,114.06999969482422,114.63500213623047,1429092,0.0,0.0
2024-05-29 13:30:00-04:00,114.62999725341797,114.69499969482422,113.80999755859375,114.0,1158043,0.0,0.0
2024-05-29 14:30:00-04:00,114.0,114.51000213623047,113.95999908447266,114.30000305175781,1353238,0.0,0.0
2024-05-29 15:30:00-04:00,114.29000091552734,115.51000213623047,114.26640319824219,115.26000213623047,2527284,0.0,0.0
2024-05-30 09:30:00-04:00,115.69999694824219,116.37999725341797,114.90499877929688,115.05999755859375,1997621,0.0,0.0
2024-05-30 10:30:00-04:00,115.05000305175781,115.23999786376953,114.26000213623047,114.26000213623047,873620,0.0,0.0
2024-05-30 11:30:00-04:00,114.25,114.37999725341797,113.5,113.55000305175781,949737,0.0,0.0
2024-05-30 12:30:00-04:00,113.55000305175781,113.86900329589844,113.30999755859375,113.31999969482422,1054037,0.0,0.0
2024-05-30 13:30:00-04:00,113.32990264892578,113.52999877929688,112.92500305175781,113.16000366210938,1211019,0.0,0.0
2024-05-30 14:30:00-04:00,113.13999938964844,113.875,113.11000061035156,113.41000366210938,986420,0.0,0.0
2024-05-30 15:30:00-04:00,113.44000244140625,113.62000274658203,113.23999786376953,113.56999969482422,1848972,0.0,0.0
2024-05-31 09:30:00-04:00,113.86000061035156,115.11000061035156,113.7699966430664,114.83999633789062,1755360,0.0,0.0
2024-05-31 10:30:00-04:00,114.87999725341797,114.97000122070312,114.3499984741211,114.9000015258789,1129702,0.0,0.0
2024-05-31 11:30:00-04:00,114.91999816894531,115.91999816894531,114.76000213623047,115.86000061035156,1194798,0.0,0.0
2024-05-31 12:30:00-04:00,115.8499984741211,115.93000030517578,115.51000213623047,115.8290023803711,742414,0.0,0.0
2024-05-31 13:30:00-04:00,115.81999969482422,116.33999633789062,115.80999755859375,116.11000061035156,738077,0.0,0.0
2024-05-31 14:30:00-04:00,116.12999725341797,116.27999877929688,115.7699966430664,115.80000305175781,980751,0.0,0.0
2024-05-31 15:30:00-04:00,115.79000091552734,116.54000091552734,115.61100006103516,116.44999694824219,1886109,0.0,0.0
2024-06-03 09:30:00-04:00,116.26000213623047,116.43000030517578,114.25,114.69499969482422,1093868,0.0,0.0
2024-06-03 10:30:00-04:00,114.68990325927734,115.54000091552734,114.49500274658203,114.79000091552734,1131586,0.0,0.0
2024-06-03 11:30:00-04:00,114.79000091552734,114.95999908447266,113.55000305175781,113.7300033569336,562430,0.0,0.0
2024-06-03 12:30:00-04:00,113.72000122070312,113.79000091552734,113.24500274658203,113.37999725341797,692045,0.0,0.0
2024-06-03 13:30:00-04:00,113.37000274658203,113.47000122070312,112.95999908447266,113.38999938964844,683189,0.0,0.0
2024-06-03 14:30:00-04:00,113.41000366210938,113.73999786376953,113.4000015258789,113.54000091552734,612747,0.0,0.0
2024-06-03 15:30:00-04:00,113.55000305175781,113.9800033569336,113.2300033569336,113.87999725341797,1073963,0.0,0.0
2024-06-04 09:30:00-04:00,112.80000305175781,113.0,111.29900360107422,112.66940307617188,959321,0.0,0.0
2024-06-04 10:30:00-04:00,112.66999816894531,112.91000366210938,112.02999877929688,112.47000122070312,873704,0.0,0.0
2024-06-04 11:30:00-04:00,112.48999786376953,112.64990234375,111.88999938964844,112.38999938964844,627681,0.0,0.0
2024-06-04 12:30:00-04:00,112.37999725341797,112.4800033569336,111.91999816894531,112.30999755859375,900917,0.0,0.0
2024-06-04 13:30:00-04:00,112.32499694824219,112.5999984741211,112.04000091552734,112.32499694824219,656261,0.0,0.0
2024-06-04 14:30:00-04:00,112.32499694824219,112.3550033569336,111.94000244140625,112.2699966430664,849159,0.0,0.0
2024-06-04 15:30:00-04:00,112.27999877929688,112.4000015258789,112.0250015258789,112.29000091552734,1156368,0.0,0.0
2024-06-05 09:30:00-04:00,112.05999755859375,112.36000061035156,111.30000305175781,112.0,815071,0.0,0.0
2024-06-05 10:30:00-04:00,111.94999694824219,112.22000122070312,111.5,111.91999816894531,720130,0.0,0.0
2024-06-05 11:30:00-04:00,111.94000244140625,112.25,111.87999725341797,112.16000366210938,435708,0.0,0.0
2024-06-05 12:30:00-04:00,112.16000366210938,112.44999694824219,111.95999908447266,112.08999633789062,583325,0.0,0.0
2024-06-05 13:30:00-04:00,112.08000183105469,112.16999816894531,111.8499984741211,111.87010192871094,343681,0.0,0.0
2024-06-05 14:30:00-04:00,111.87999725341797,112.26000213623047,111.86000061035156,112.1500015258789,530741,0.0,0.0
2024-06-05 15:30:00-04:00,112.13999938964844,112.26000213623047,111.97000122070312,112.2300033569336,828712,0.0,0.0
2024-06-06 09:30:00-04:00,111.7699966430664,112.4000015258789,111.55000305175781,112.03500366210938,858905,0.0,0.0
2024-06-06 10:30:00-04:00,112.0199966430664,112.08000183105469,111.54000091552734,112.05000305175781,672959,0.0,0.0
2024-06-06 11:30:00-04:00,112.05999755859375,112.12999725341797,111.80000305175781,111.88999938964844,505519,0.0,0.0
2024-06-06 12:30:00-04:00,111.88999938964844,112.05999755859375,111.58999633789062,112.01000213623047,629876,0.0,0.0
2024-06-06 13:30:00-04:00,112.01000213623047,112.04000091552734,111.5999984741211,111.94000244140625,564145,0.0,0.0
2024-06-06 14:30:00-04:00,111.94000244140625,112.32499694824219,111.87999725341797,112.19000244140625,555557,0.0,0.0
2024-06-06 15:30:00-04:00,112.19000244140625,112.2300033569336,111.91999816894531,112.2300033569336,876945,0.0,0.0
2024-06-07 09:30:00-04:00,111.97000122070312,112.66000366210938,111.1500015258789,112.61000061035156,599055,0.0,0.0
2024-06-07 10:30:00-04:00,112.58999633789062,112.79000091552734,112.08999633789062,112.12999725341797,486905,0.0,0.0
2024-06-07 11:30:00-04:00,112.1449966430664,112.18000030517578,111.56999969482422,111.80999755859375,360392,0.0,0.0
2024-06-07 12:30:00-04:00,111.81999969482422,112.30000305175781,111.75,112.18000030517578,385047,0.0,0.0
2024-06-07 13:30:00-04:00,112.16999816894531,112.30999755859375,111.8499984741211,112.05999755859375,374336,0.0,0.0
2024-06-07 14:30:00-04:00,112.05500030517578,112.12000274658203,111.52999877929688,111.79499816894531,478287,0.0,0.0
2024-06-07 15:30:00-04:00,111.79499816894531,112.04000091552734,111.72000122070312,112.0,999154,0.0,0.0
2024-06-10 09:30:00-04:00,112.37999725341797,113.66000366210938,111.97000122070312,113.61000061035156,876521,0.0,0.0
2024-06-10 10:30:00-04:00,113.62000274658203,113.69999694824219,113.16000366210938,113.67500305175781,459010,0.0,0.0
2024-06-10 11:30:00-04:00,113.68499755859375,113.88999938964844,113.44999694824219,113.5250015258789,500593,0.0,0.0
2024-06-10 12:30:00-04:00,113.52999877929688,113.66000366210938,113.3949966430664,113.58000183105469,292814,0.0,0.0
2024-06-10 13:30:00-04:00,113.57599639892578,113.87000274658203,113.55000305175781,113.77100372314453,401538,0.0,0.0
2024-06-10 14:30:00-04:00,113.77999877929688,114.0,113.52999877929688,113.54940032958984,480451,0.0,0.0
2024-06-10 15:30:00-04:00,113.54000091552734,113.55999755859375,113.16000366210938,113.33000183105469,986240,0.0,0.0
2024-06-11 09:30:00-04:00,113.19000244140625,113.44999694824219,112.6500015258789,113.30999755859375,623846,0.0,0.0
2024-06-11 10:30:00-04:00,113.29000091552734,113.58999633789062,112.66000366210938,113.05999755859375,448678,0.0,0.0
2024-06-11 11:30:00-04:00,113.0999984741211,113.44000244140625,112.86000061035156,112.87000274658203,282114,0.0,0.0
2024-06-11 12:30:00-04:00,112.86000061035156,113.51000213623047,112.8499984741211,113.2300033569336,314986,0.0,0.0
2024-06-11 13:30:00-04:00,113.20999908447266,113.52999877929688,113.18000030517578,113.44000244140625,271750,0.0,0.0
2024-06-11 14:30:00-04:00,113.43000030517578,113.51000213623047,113.30000305175781,113.30999755859375,341423,0.0,0.0
2024-06-11 15:30:00-04:00,113.30500030517578,113.6500015258789,113.27999877929688,113.62999725341797,708150,0.0,0.0
2024-06-12 09:30:00-04:00,114.5,114.97000122070312,113.28500366210938,113.77799987792969,744929,0.0,0.0
2024-06-12 10:30:00-04:00,113.73999786376953,113.73999786376953,111.63999938964844,111.76000213623047,941977,0.0,0.0
2024-06-12 11:30:00-04:00,111.73999786376953,112.33000183105469,111.55999755859375,112.2300033569336,783074,0.0,0.0
2024-06-12 12:30:00-04:00,112.21499633789062,112.4800033569336,111.8499984741211,112.05000305175781,2340679,0.0,0.0
2024-06-12 13:30:00-04:00,112.04499816894531,112.2699966430664,111.6500015258789,112.18499755859375,669154,0.0,0.0
2024-06-12 14:30:00-04:00,112.18499755859375,112.37249755859375,111.76000213623047,111.86000061035156,772295,0.0,0.0
2024-06-12 15:30:00-04:00,111.8499984741211,112.41000366210938,111.83999633789062,112.18000030517578,963695,0.0,0.0
2024-06-13 09:30:00-04:00,112.0,112.16999816894531,110.22000122070312,110.65499877929688,1047437,0.0,0.0
2024-06-13 10:30:00-04:00,110.66000366210938,111.0199966430664,110.38999938964844,110.56999969482422,755889,0.0,0.0
2024-06-13 11:30:00-04:00,110.56500244140625,110.75,110.08999633789062,110.30999755859375,615997,0.0,0.0
2024-06-13 12:30:00-04:00,110.30000305175781,111.38999938964844,110.27999877929688,111.36000061035156,713595,0.0,0.0
2024-06-13 13:30:00-04:00,111.3499984741211,111.47000122070312,111.12000274658203,111.29499816894531,530419,0.0,0.0
2024-06-13 14:30:00-04:00,111.29000091552734,111.33499908447266,110.91999816894531,111.05000305175781,625851,0.0,0.0
2024-06-13 15:30:00-04:00,111.04499816894531,111.2300033569336,110.83999633789062,110.8499984741211,825915,0.0,0.0
2024-06-14 09:30:00-04:00,111.18000030517578,111.18000030517578,109.20999908447266,109.45010375976562,697891,0.0,0.0
2024-06-14 10:30:00-04:00,109.44999694824219,109.75,109.12000274658203,109.56999969482422,743632,0.0,0.0
2024-06-14 11:30:00-04:00,109.56999969482422,109.66000366210938,109.27999877929688,109.31999969482422,402838,0.0,0.0
2024-06-14 12:30:00-04:00,109.33999633789062,110.12999725341797,109.2699966430664,109.73999786376953,502052,0.0,0.0
2024-06-14 13:30:00-04:00,109.73999786376953,109.80000305175781,109.41999816894531,109.51499938964844,437154,0.0,0.0
2024-06-14 14:30:00-04:00,109.51000213623047,109.72000122070312,109.19000244140625,109.36000061035156,701828,0.0,0.0
2024-06-14 15:30:00-04:00,109.36499786376953,109.55000305175781,109.26000213623047,109.38999938964844,1070064,0.0,0.0
2024-06-17 09:30:00-04:00,108.9000015258789,109.5199966430664,108.4800033569336,109.23999786376953,1196122,0.0,0.0
2024-06-17 10:30:00-04:00,109.20500183105469,109.58000183105469,108.91999816894531,109.56999969482422,699641,0.0,0.0
2024-06-17 11:30:00-04:00,109.55000305175781,109.9000015258789,109.28700256347656,109.8550033569336,532371,0.0,0.0
2024-06-17 12:30:00-04:00,109.87000274658203,109.88500213623047,109.44000244140625,109.47000122070312,456717,0.0,0.0
2024-06-17 13:30:00-04:00,109.47000122070312,109.76499938964844,109.41999816894531,109.66000366210938,422524,0.0,0.0
2024-06-17 14:30:00-04:00,109.66000366210938,109.77999877929688,109.41999816894531,109.66000366210938,580194,0.0,0.0
2024-06-17 15:30:00-04:00,109.6500015258789,109.72000122070312,109.33000183105469,109.56999969482422,895715,0.0,0.0
2024-06-18 09:30:00-04:00,110.06999969482422,111.19999694824219,109.94999694824219,110.7699966430664,960726,0.0,0.0
2024-06-18 10:30:00-04:00,110.79000091552734,110.95249938964844,109.7699966430664,109.7699966430664,682512,0.0,0.0
2024-06-18 11:30:00-04:00,109.77999877929688,109.83000183105469,109.31999969482422,109.36000061035156,460888,0.0,0.0
2024-06-18 12:30:00-04:00,109.3499984741211,109.69999694824219,109.12000274658203,109.54000091552734,436613,0.0,0.0
2024-06-18 13:30:00-04:00,109.5199966430664,109.68000030517578,109.22000122070312,109.36000061035156,464733,0.0,0.0
2024-06-18 14:30:00-04:00,109.37000274658203,109.4800033569336,109.01000213623047,109.23999786376953,497399,0.0,0.0
2024-06-18 15:30:00-04:00,109.2300033569336,109.44000244140625,109.13999938964844,109.44000244140625,829661,0.0,0.0
2024-06-20 09:30:00-04:00,109.5999984741211,110.88999938964844,109.26000213623047,110.73999786376953,837290,0.0,0.0
2024-06-20 10:30:00-04:00,110.73999786376953,111.37000274658203,110.4800033569336,111.12000274658203,746099,0.0,0.0
2024-06-20 11:30:00-04:00,111.11000061035156,111.44000244140625,110.82749938964844,111.41999816894531,480453,0.0,0.0
2024-06-20 12:30:00-04:00,111.41999816894531,111.8499984741211,111.3499984741211,111.43000030517578,426028,0.0,0.0
2024-06-20 13:30:00-04:00,111.44999694824219,111.66719818115234,111.10669708251953,111.30999755859375,438952,0.0,0.0
2024-06-20 14:30:00-04:00,111.30000305175781,111.80000305175781,111.05999755859375,111.33000183105469,613483,0.0,0.0
2024-06-20 15:30:00-04:00,111.31999969482422,111.41000366210938,111.13999938964844,111.33000183105469,890422,0.0,0.0
2024-06-21 09:30:00-04:00,111.83000183105469,112.02989959716797,111.04000091552734,112.02989959716797,1666532,0.0,0.0
2024-06-21 10:30:00-04:00,112.0,112.26000213623047,111.13310241699219,111.36109924316406,525490,0.0,0.0
2024-06-21 11:30:00-04:00,111.33999633789062,111.58999633789062,111.06999969482422,111.1791000366211,528470,0.0,0.0
2024-06-21 12:30:00-04:00,111.18000030517578,111.80999755859375,111.1500015258789,111.68000030517578,620806,0.0,0.0
2024-06-21 13:30:00-04:00,111.66999816894531,111.9000015258789,111.56999969482422,111.69999694824219,505262,0.0,0.0
2024-06-21 14:30:00-04:00,111.69000244140625,111.72000122070312,110.9800033569336,111.02999877929688,1025564,0.0,0.0
2024-06-21 15:30:00-04:00,111.04000091552734,111.41999816894531,110.7300033569336,111.31999969482422,1740715,0.0,0.0
2024-06-24 09:30:00-04:00,112.25,113.97000122070312,111.91000366210938,113.88999938964844,1079900,0.0,0.0
2024-06-24 10:30:00-04:00,113.87000274658203,114.51000213623047,113.79000091552734,114.31500244140625,744479,0.0,0.0
2024-06-24 11:30:00-04:00,114.33000183105469,114.58000183105469,113.94999694824219,114.55999755859375,655469,0.0,0.0
2024-06-24 12:30:00-04:00,114.55999755859375,114.70999908447266,114.43090057373047,114.63999938964844,543296,0.0,0.0
2024-06-24 13:30:00-04:00,114.63999938964844,115.06999969482422,114.61000061035156,115.0,431599,0.0,0.0
2024-06-24 14:30:00-04:00,114.95999908447266,115.55999755859375,114.91000366210938,115.55999755859375,824343,0.0,0.0
2024-06-24 15:30:00-04:00,115.55999755859375,115.98999786376953,115.1500015258789,115.16999816894531,1753604,0.0,0.0
2024-06-25 09:30:00-04:00,114.70999908447266,114.91999816894531,113.66000366210938,114.7300033569336,959668,0.0,0.0
2024-06-25 10:30:00-04:00,114.77999877929688,115.01000213623047,114.43000030517578,114.44000244140625,450895,0.0,0.0
2024-06-25 11:30:00-04:00,114.43000030517578,114.6500015258789,114.23999786376953,114.54000091552734,639227,0.0,0.0
2024-06-25 12:30:00-04:00,114.55000305175781,114.66999816894531,114.0999984741211,114.41000366210938,485871,0.0,0.0
2024-06-25 13:30:00-04:00,114.4000015258789,114.68000030517578,114.31999969482422,114.68000030517578,400966,0.0,0.0
2024-06-25 14:30:00-04:00,114.69190216064453,114.79000091552734,114.47000122070312,114.79000091552734,357686,0.0,0.0
2024-06-25 15:30:00-04:00,114.79000091552734,115.05999755859375,114.69499969482422,114.94999694824219,686244,0.0,0.0
2024-06-26 09:30:00-04:00,115.19999694824219,115.19999694824219,113.3499984741211,113.48500061035156,896392,0.0,0.0
2024-06-26 10:30:00-04:00,113.45999908447266,113.45999908447266,112.76000213623047,112.94000244140625,820460,0.0,0.0
2024-06-26 11:30:00-04:00,112.94999694824219,113.08000183105469,112.7699966430664,112.93000030517578,456980,0.0,0.0
2024-06-26 12:30:00-04:00,112.92500305175781,113.66000366210938,112.92500305175781,113.62000274658203,317020,0.0,0.0
2024-06-26 13:30:00-04:00,113.62999725341797,113.80999755859375,113.4000015258789,113.43000030517578,361745,0.0,0.0
2024-06-26 14:30:00-04:00,113.43000030517578,113.69999694824219,113.4000015258789,113.54759979248047,582421,0.0,0.0
2024-06-26 15:30:00-04:00,113.55000305175781,113.88999938964844,113.5199966430664,113.5999984741211,937437,0.0,0.0
2024-06-27 09:30:00-04:00,114.0,114.33000183105469,113.2300033569336,113.43000030517578,538826,0.0,0.0
2024-06-27 10:30:00-04:00,113.43000030517578,113.7699966430664,113.30999755859375,113.73999786376953,377612,0.0,0.0
2024-06-27 11:30:00-04:00,113.7699966430664,113.86000061035156,113.45999908447266,113.52999877929688,405768,0.0,0.0
2024-06-27 12:30:00-04:00,113.54000091552734,113.83000183105469,113.47000122070312,113.76000213623047,262012,0.0,0.0
2024-06-27 13:30:00-04:00,113.75499725341797,113.75499725341797,113.19999694824219,113.22000122070312,292264,0.0,0.0
2024-06-27 14:30:00-04:00,113.20999908447266,113.80999755859375,113.11000061035156,113.7699966430664,468225,0.0,0.0
2024-06-27 15:30:00-04:00,113.77999877929688,114.0199966430664,113.72000122070312,114.0199966430664,844930,0.0,0.0
2024-06-28 09:30:00-04:00,115.4000015258789,115.56999969482422,113.97000122070312,114.36000061035156,680211,0.0,0.0
2024-06-28 10:30:00-04:00,114.37000274658203,114.72000122070312,114.16000366210938,114.62999725341797,399473,0.0,0.0
2024-06-28 11:30:00-04:00,114.63500213623047,114.88999938964844,114.33999633789062,114.85990142822266,397241,0.0,0.0
2024-06-28 12:30:00-04:00,114.86000061035156,114.98999786376953,114.6500015258789,114.66999816894531,306906,0.0,0.0
2024-06-28 13:30:00-04:00,114.6500015258789,114.75,113.73999786376953,113.75,479801,0.0,0.0
2024-06-28 14:30:00-04:00,113.7300033569336,114.16500091552734,113.63999938964844,114.05000305175781,458238,0.0,0.0
2024-06-28 15:30:00-04:00,114.05999755859375,114.4800033569336,113.86000061035156,114.37999725341797,803741,0.0,0.0
2024-07-01 09:30:00-04:00,115.04000091552734,115.45999908447266,113.68000030517578,113.8114013671875,715913,0.0,0.0
2024-07-01 10:30:00-04:00,113.80999755859375,114.3499984741211,113.6500015258789,114.30999755859375,391167,0.0,0.0
2024-07-01 11:30:00-04:00,114.37999725341797,114.73999786376953,114.33999633789062,114.48999786376953,261261,0.0,0.0
2024-07-01 12:30:00-04:00,114.4800033569336,114.73999786376953,114.44999694824219,114.6500015258789,216782,0.0,0.0
2024-07-01 13:30:00-04:00,114.63999938964844,114.98500061035156,114.5,114.54000091552734,284311,0.0,0.0
2024-07-01 14:30:00-04:00,114.55000305175781,114.56999969482422,114.22000122070312,114.41000366210938,380745,0.0,0.0
2024-07-01 15:30:00-04:00,114.4000015258789,114.55999755859375,114.30999755859375,114.36000061035156,506349,0.0,0.0
2024-07-02 09:30:00-04:00,115.37999725341797,115.61000061035156,114.69000244140625,114.9000015258789,456253,0.0,0.0
2024-07-02 10:30:00-04:00,114.91000366210938,114.9177017211914,113.86000061035156,114.3949966430664,329903,0.0,0.0
2024-07-02 11:30:00-04:00,114.38999938964844,114.62000274658203,113.73500061035156,114.0,309322,0.0,0.0
2024-07-02 12:30:00-04:00,114.00499725341797,114.04000091552734,113.56999969482422,113.72000122070312,337267,0.0,0.0
2024-07-02 13:30:00-04:00,113.7300033569336,113.86000061035156,113.38999938964844,113.71499633789062,271336,0.0,0.0
2024-07-02 14:30:00-04:00,113.72000122070312,114.0199966430664,113.33000183105469,113.95999908447266,449683,0.0,0.0
2024-07-02 15:30:00-04:00,113.94499969482422,114.16999816894531,113.62999725341797,114.1500015258789,598428,0.0,0.0
2024-07-03 09:30:00-04:00,114.05000305175781,115.0999984741211,113.69999694824219,115.0999984741211,547169,0.0,0.0
2024-07-03 10:30:00-04:00,115.11000061035156,115.66000366210938,114.36499786376953,114.44000244140625,532056,0.0,0.0
2024-07-03 11:30:00-04:00,114.45999908447266,114.7300033569336,114.37999725341797,114.51000213623047,377615,0.0,0.0
2024-07-05 09:30:00-04:00,114.52999877929688,114.72000122070312,112.83000183105469,112.94499969482422,643322,0.0,0.0
2024-07-05 10:30:00-04:00,112.93000030517578,113.30000305175781,112.63999938964844,112.9800033569336,418124,0.0,0.0
2024-07-05 11:30:00-04:00,112.9729995727539,112.9729995727539,112.4000015258789,112.4000015258789,426544,0.0,0.0
2024-07-05 12:30:00-04:00,112.37999725341797,112.68000030517578,112.20999908447266,112.38999938964844,336526,0.0,0.0
2024-07-05 13:30:00-04:00,112.38999938964844,112.62999725341797,112.18000030517578,112.26000213623047,382754,0.0,0.0
2024-07-05 14:30:00-04:00,112.2699966430664,112.68000030517578,112.22000122070312,112.30999755859375,274312,0.0,0.0
2024-07-05 15:30:00-04:00,112.30000305175781,112.69989776611328,112.13999938964844,112.55999755859375,627837,0.0,0.0
2024-07-08 09:30:00-04:00,111.97000122070312,112.63999938964844,111.6897964477539,111.83999633789062,554499,0.0,0.0
2024-07-08 10:30:00-04:00,111.81999969482422,112.18000030517578,111.54000091552734,111.54000091552734,458665,0.0,0.0
2024-07-08 11:30:00-04:00,111.54000091552734,111.76000213623047,111.31710052490234,111.75,448684,0.0,0.0
2024-07-08 12:30:00-04:00,111.7750015258789,111.9800033569336,111.69000244140625,111.76499938964844,401263,0.0,0.0
2024-07-08 13:30:00-04:00,111.7699966430664,112.13999938964844,111.7699966430664,111.94000244140625,318739,0.0,0.0
2024-07-08 14:30:00-04:00,111.94999694824219,112.23500061035156,111.83000183105469,112.1500015258789,327338,0.0,0.0
2024-07-08 15:30:00-04:00,112.1500015258789,112.36000061035156,112.08000183105469,112.25,756833,0.0,0.0
2024-07-09 09:30:00-04:00,110.91000366210938,112.15499877929688,110.65650177001953,112.15499877929688,754884,0.0,0.0
2024-07-09 10:30:00-04:00,112.13999938964844,112.63999938964844,111.73999786376953,111.80000305175781,411828,0.0,0.0
2024-07-09 11:30:00-04:00,111.79000091552734,112.05999755859375,111.58999633789062,111.75,258279,0.0,0.0
2024-07-09 12:30:00-04:00,111.75,112.26000213623047,111.63999938964844,112.0,248853,0.0,0.0
2024-07-09 13:30:00-04:00,112.0,112.0,111.5999984741211,111.7300033569336,231991,0.0,0.0
2024-07-09 14:30:00-04:00,111.72000122070312,111.90499877929688,111.47000122070312,111.54000091552734,305882,0.0,0.0
2024-07-09 15:30:00-04:00,111.54000091552734,111.6500015258789,111.12999725341797,111.19000244140625,587154,0.0,0.0
2024-07-10 09:30:00-04:00,110.79000091552734,111.33999633789062,110.4800033569336,111.23999786376953,559603,0.0,0.0
2024-07-10 10:30:00-04:00,111.2300033569336,111.87999725341797,110.94999694824219,111.81999969482422,432159,0.0,0.0
2024-07-10 11:30:00-04:00,111.81999969482422,111.95999908447266,111.70999908447266,111.79000091552734,296771,0.0,0.0
2024-07-10 12:30:00-04:00,111.77999877929688,111.83499908447266,111.45010375976562,111.51000213623047,307490,0.0,0.0
2024-07-10 13:30:00-04:00,111.52999877929688,111.58000183105469,111.33999633789062,111.51000213623047,270983,0.0,0.0
2024-07-10 14:30:00-04:00,111.49500274658203,112.04000091552734,111.45999908447266,111.91999816894531,584397,0.0,0.0
2024-07-10 15:30:00-04:00,111.91999816894531,112.62999725341797,111.9000015258789,112.51000213623047,677064,0.0,0.0
2024-07-11 09:30:00-04:00,112.52999877929688,113.33000183105469,111.95999908447266,113.04000091552734,627872,0.0,0.0
2024-07-11 10:30:00-04:00,113.0199966430664,113.75,112.9000015258789,113.05000305175781,549885,0.0,0.0
2024-07-11 11:30:00-04:00,113.05999755859375,113.55000305175781,113.04000091552734,113.26000213623047,825491,0.0,0.0
2024-07-11 12:30:00-04:00,113.25,113.9800033569336,113.04000091552734,113.7699966430664,741851,0.0,0.0
2024-07-11 13:30:00-04:00,113.76000213623047,113.94999694824219,113.5199966430664,113.6500015258789,414812,0.0,0.0
2024-07-11 14:30:00-04:00,113.66000366210938,114.31999969482422,113.66000366210938,114.26499938964844,869661,0.0,0.0
2024-07-11 15:30:00-04:00,114.2699966430664,114.37999725341797,113.94999694824219,113.98999786376953,771826,0.0,0.0
2024-07-12 09:30:00-04:00,114.4000015258789,114.5999984741211,112.8499984741211,113.38999938964844,585287,0.0,0.0
2024-07-12 10:30:00-04:00,113.37999725341797,113.42500305175781,113.04000091552734,113.2699966430664,345733,0.0,0.0
2024-07-12 11:30:00-04:00,113.30000305175781,113.48999786376953,112.93000030517578,113.19000244140625,356020,0.0,0.0
2024-07-12 12:30:00-04:00,113.19000244140625,113.3499984741211,113.05999755859375,113.08000183105469,272237,0.0,0.0
2024-07-12 13:30:00-04:00,113.06999969482422,113.5999984741211,113.0250015258789,113.08999633789062,427659,0.0,0.0
2024-07-12 14:30:00-04:00,113.11000061035156,113.41000366210938,113.05500030517578,113.37000274658203,413563,0.0,0.0
2024-07-12 15:30:00-04:00,113.37000274658203,113.45999908447266,112.95919799804688,113.18000030517578,937702,0.0,0.0
2024-07-15 09:30:00-04:00,114.01000213623047,114.1500015258789,113.02010345458984,113.45999908447266,653812,0.0,0.0
2024-07-15 10:30:00-04:00,113.4749984741211,114.58550262451172,113.12000274658203,114.13999938964844,549279,0.0,0.0
2024-07-15 11:30:00-04:00,114.16000366210938,115.02999877929688,114.04000091552734,114.98999786376953,445907,0.0,0.0
2024-07-15 12:30:00-04:00,114.9800033569336,115.08000183105469,114.6050033569336,114.625,239926,0.0,0.0
2024-07-15 13:30:00-04:00,114.61499786376953,115.08999633789062,114.37000274658203,115.0,282808,0.0,0.0
2024-07-15 14:30:00-04:00,115.0,115.19999694824219,114.90080261230469,115.05000305175781,439495,0.0,0.0
2024-07-15 15:30:00-04:00,115.05000305175781,115.05000305175781,114.33000183105469,114.61000061035156,1144065,0.0,0.0
2024-07-16 09:30:00-04:00,113.72000122070312,114.76000213623047,113.1500015258789,114.65499877929688,573423,0.0,0.0
2024-07-16 10:30:00-04:00,114.66999816894531,115.37999725341797,114.58000183105469,115.19000244140625,497052,0.0,0.0
2024-07-16 11:30:00-04:00,115.16999816894531,115.36000061035156,114.69000244140625,115.11499786376953,404293,0.0,0.0
2024-07-16 12:30:00-04:00,115.11499786376953,115.13710021972656,114.72000122070312,114.73999786376953,383112,0.0,0.0
2024-07-16 13:30:00-04:00,114.72000122070312,115.04000091552734,114.71499633789062,114.87999725341797,322695,0.0,0.0
2024-07-16 14:30:00-04:00,114.875,115.33999633789062,114.79000091552734,115.31999969482422,428684,0.0,0.0
2024-07-16 15:30:00-04:00,115.31999969482422,115.41999816894531,115.05999755859375,115.18000030517578,990700,0.0,0.0
2024-07-17 09:30:00-04:00,115.75,117.4000015258789,115.52999877929688,116.9000015258789,1130575,0.0,0.0
2024-07-17 10:30:00-04:00,116.9000015258789,116.90499877929688,115.69999694824219,116.01000213623047,778132,0.0,0.0
2024-07-17 11:30:00-04:00,116.0,116.45999908447266,115.56999969482422,116.12999725341797,748490,0.0,0.0
2024-07-17 12:30:00-04:00,116.1500015258789,116.51000213623047,115.91999816894531,116.26000213623047,527669,0.0,0.0
2024-07-17 13:30:00-04:00,116.25,116.48999786376953,115.76000213623047,116.37000274658203,546393,0.0,0.0
2024-07-17 14:30:00-04:00,116.33999633789062,116.48999786376953,116.19999694824219,116.36499786376953,547821,0.0,0.0
2024-07-17 15:30:00-04:00,116.3499984741211,116.58000183105469,115.9000015258789,116.0999984741211,1263369,0.0,0.0
2024-07-18 09:30:00-04:00,115.69999694824219,116.93000030517578,115.35130310058594,116.83999633789062,785477,0.0,0.0
2024-07-18 10:30:00-04:00,116.8499984741211,117.54000091552734,116.2699966430664,117.4000015258789,714444,0.0,0.0
2024-07-18 11:30:00-04:00,117.4000015258789,118.4000015258789,117.38999938964844,118.01000213623047,1061391,0.0,0.0
2024-07-18 12:30:00-04:00,118.01000213623047,118.12000274658203,117.5,117.55999755859375,452153,0.0,0.0
2024-07-18 13:30:00-04:00,117.55999755859375,117.62000274658203,116.55999755859375,116.79000091552734,587251,0.0,0.0
2024-07-18 14:30:00-04:00,116.76000213623047,116.80000305175781,116.4000015258789,116.7302017211914,622921,0.0,0.0
2024-07-18 15:30:00-04:00,116.7300033569336,116.79000091552734,116.41999816894531,116.58000183105469,891452,0.0,0.0
2024-07-19 09:30:00-04:00,117.16000366210938,117.31999969482422,114.83000183105469,115.58000183105469,708048,0.0,0.0
2024-07-19 10:30:00-04:00,115.58999633789062,115.6500015258789,114.75,114.75,656723,0.0,0.0
2024-07-19 11:30:00-04:00,114.73999786376953,115.36000061035156,114.68399810791016,114.69999694824219,372294,0.0,0.0
2024-07-19 12:30:00-04:00,114.69999694824219,115.20999908447266,114.44000244140625,115.0,458543,0.0,0.0
2024-07-19 13:30:00-04:00,114.98999786376953,115.36000061035156,114.81999969482422,114.87999725341797,426357,0.0,0.0
2024-07-19 14:30:00-04:00,114.87000274658203,115.0,114.47000122070312,114.5,653435,0.0,0.0
2024-07-19 15:30:00-04:00,114.51000213623047,114.66000366210938,114.2300033569336,114.36000061035156,978867,0.0,0.0
2024-07-22 09:30:00-04:00,113.5999984741211,113.66999816894531,112.2300033569336,112.75,837967,0.0,0.0
2024-07-22 10:30:00-04:00,112.72000122070312,113.20999908447266,112.41999816894531,112.80999755859375,519722,0.0,0.0
2024-07-22 11:30:00-04:00,112.80999755859375,113.11000061035156,112.36000061035156,112.5,503666,0.0,0.0
2024-07-22 12:30:00-04:00,112.5,113.0999984741211,112.27999877929688,112.94999694824219,427747,0.0,0.0
2024-07-22 13:30:00-04:00,112.94999694824219,113.05999755859375,112.11000061035156,112.41999816894531,465758,0.0,0.0
2024-07-22 14:30:00-04:00,112.4000015258789,112.51110076904297,112.0999984741211,112.4000015258789,625058,0.0,0.0
2024-07-22 15:30:00-04:00,112.4000015258789,112.79000091552734,112.19499969482422,112.33000183105469,900591,0.0,0.0
2024-07-23 09:30:00-04:00,111.8499984741211,112.05000305175781,111.08000183105469,111.32009887695312,764959,0.0,0.0
2024-07-23 10:30:00-04:00,111.31999969482422,111.61000061035156,110.06999969482422,110.16000366210938,764618,0.0,0.0
2024-07-23 11:30:00-04:00,110.13500213623047,110.67500305175781,110.0999984741211,110.43000030517578,614451,0.0,0.0
2024-07-23 12:30:00-04:00,110.43499755859375,110.8550033569336,110.34880065917969,110.6364974975586,461001,0.0,0.0
2024-07-23 13:30:00-04:00,110.61000061035156,110.91000366210938,110.51000213623047,110.54000091552734,437311,0.0,0.0
2024-07-23 14:30:00-04:00,110.54000091552734,110.91999816894531,110.52999877929688,110.86000061035156,416148,0.0,0.0
2024-07-23 15:30:00-04:00,110.85900115966797,110.9280014038086,110.56999969482422,110.80999755859375,874714,0.0,0.0
2024-07-24 09:30:00-04:00,111.72000122070312,112.41999816894531,110.51000213623047,110.97000122070312,549918,0.0,0.0
2024-07-24 10:30:00-04:00,110.93000030517578,111.94999694824219,110.93000030517578,111.7699966430664,557511,0.0,0.0
2024-07-24 11:30:00-04:00,111.7750015258789,111.9800033569336,111.08000183105469,111.2699966430664,545599,0.0,0.0
2024-07-24 12:30:00-04:00,111.29000091552734,111.44000244140625,110.9000015258789,111.26000213623047,274678,0.0,0.0
2024-07-24 13:30:00-04:00,111.26000213623047,111.30000305175781,110.81999969482422,110.91999816894531,581276,0.0,0.0
2024-07-24 14:30:00-04:00,110.94000244140625,111.1500015258789,110.69000244140625,111.09500122070312,567787,0.0,0.0
2024-07-24 15:30:00-04:00,111.0999984741211,111.2699966430664,110.77999877929688,111.08999633789062,755057,0.0,0.0
2024-07-25 09:30:00-04:00,111.0,111.54000091552734,110.44999694824219,111.41000366210938,631603,0.0,0.0
2024-07-25 10:30:00-04:00,111.40499877929688,111.41999816894531,110.45999908447266,111.08999633789062,623207,0.0,0.0
2024-07-25 11:30:00-04:00,111.08000183105469,111.4000015258789,111.0,111.25,584525,0.0,0.0
2024-07-25 12:30:00-04:00,111.2300033569336,111.72000122070312,110.98999786376953,111.58499908447266,473763,0.0,0.0
2024-07-25 13:30:00-04:00,111.5999984741211,112.04000091552734,111.45999908447266,111.55999755859375,479466,0.0,0.0
2024-07-25 14:30:00-04:00,111.55999755859375,111.87000274658203,111.19999694824219,111.8499984741211,492513,0.0,0.0
2024-07-25 15:30:00-04:00,111.8499984741211,111.91999816894531,110.93000030517578,111.05999755859375,950200,0.0,0.0
2024-07-26 09:30:00-04:00,111.1500015258789,111.54000091552734,109.94999694824219,110.11000061035156,638323,0.0,0.0
2024-07-26 10:30:00-04:00,110.12000274658203,110.69999694824219,109.93000030517578,110.22000122070312,522837,0.0,0.0
2024-07-26 11:30:00-04:00,110.22000122070312,111.20999908447266,110.0199966430664,111.12000274658203,407650,0.0,0.0
2024-07-26 12:30:00-04:00,111.0999984741211,111.51000213623047,110.93000030517578,111.37999725341797,329579,0.0,0.0
2024-07-26 13:30:00-04:00,111.36000061035156,111.4000015258789,110.80999755859375,111.13999938964844,267877,0.0,0.0
2024-07-26 14:30:00-04:00,111.1050033569336,111.27989959716797,110.87000274658203,111.05000305175781,415038,0.0,0.0
2024-07-26 15:30:00-04:00,111.04000091552734,111.05999755859375,110.58000183105469,110.8499984741211,735812,0.0,0.0
2024-07-29 09:30:00-04:00,111.23999786376953,111.29000091552734,109.07009887695312,109.12000274658203,644792,0.0,0.0
2024-07-29 10:30:00-04:00,109.08999633789062,109.08999633789062,108.375,108.81999969482422,720072,0.0,0.0
2024-07-29 11:30:00-04:00,108.81999969482422,108.94000244140625,108.45999908447266,108.67500305175781,383092,0.0,0.0
2024-07-29 12:30:00-04:00,108.66999816894531,108.77999877929688,108.37999725341797,108.51000213623047,349454,0.0,0.0
2024-07-29 13:30:00-04:00,108.50499725341797,109.0199966430664,108.41000366210938,108.91999816894531,337201,0.0,0.0
2024-07-29 14:30:00-04:00,108.91000366210938,108.9800033569336,108.52999877929688,108.69000244140625,453852,0.0,0.0
2024-07-29 15:30:00-04:00,108.68489837646484,109.22000122070312,108.61000061035156,109.13999938964844,735193,0.0,0.0
2024-07-30 09:30:00-04:00,109.16999816894531,110.25,109.08000183105469,109.87999725341797,704287,0.0,0.0
2024-07-30 10:30:00-04:00,109.86000061035156,110.06999969482422,109.41999816894531,109.42500305175781,722880,0.0,0.0
2024-07-30 11:30:00-04:00,109.44999694824219,109.58000183105469,108.94000244140625,109.2300033569336,915379,0.0,0.0
2024-07-30 12:30:00-04:00,109.22000122070312,109.6500015258789,109.05999755859375,109.30999755859375,1310176,0.0,0.0
2024-07-30 13:30:00-04:00,109.29049682617188,109.5999984741211,109.11000061035156,109.12000274658203,1288407,0.0,0.0
2024-07-30 14:30:00-04:00,109.12999725341797,109.56999969482422,109.01499938964844,109.47000122070312,1432531,0.0,0.0
2024-07-30 15:30:00-04:00,109.44999694824219,110.12999725341797,109.37000274658203,109.91000366210938,1450494,0.0,0.0
2024-07-31 09:30:00-04:00,111.61000061035156,112.36000061035156,111.16000366210938,111.96499633789062,817908,0.0,0.0
2024-07-31 10:30:00-04:00,111.93000030517578,112.01000213623047,111.33999633789062,111.70999908447266,549745,0.0,0.0
2024-07-31 11:30:00-04:00,111.72000122070312,111.91999816894531,111.37000274658203,111.61000061035156,771911,0.0,0.0
2024-07-31 12:30:00-04:00,111.58999633789062,111.91999816894531,111.19000244140625,111.27999877929688,507940,0.0,0.0
2024-07-31 13:30:00-04:00,111.2699966430664,111.73999786376953,111.13999938964844,111.33000183105469,849422,0.0,0.0
2024-07-31 14:30:00-04:00,111.33000183105469,111.76499938964844,111.23999786376953,111.52999877929688,1292295,0.0,0.0
2024-07-31 15:30:00-04:00,111.5199966430664,111.83499908447266,111.0999984741211,111.22000122070312,1261412,0.0,0.0
2024-08-01 09:30:00-04:00,112.44999694824219,112.68000030517578,108.86000061035156,109.42500305175781,1518271,0.0,0.0
2024-08-01 10:30:00-04:00,109.42500305175781,109.91999816894531,108.80000305175781,109.06500244140625,840842,0.0,0.0
2024-08-01 11:30:00-04:00,109.0625,109.44999694824219,108.62000274658203,109.42500305175781,681430,0.0,0.0
2024-08-01 12:30:00-04:00,109.4000015258789,109.4000015258789,108.6500015258789,108.78079986572266,802680,0.0,0.0
2024-08-01 13:30:00-04:00,108.76000213623047,108.9800033569336,108.12000274658203,108.1500015258789,1290433,0.0,0.0
2024-08-01 14:30:00-04:00,108.13999938964844,108.4800033569336,107.91999816894531,108.47000122070312,1659232,0.0,0.0
2024-08-01 15:30:00-04:00,108.47000122070312,109.08999633789062,108.2300033569336,108.37000274658203,1550460,0.0,0.0
2024-08-02 09:30:00-04:00,107.72000122070312,108.08000183105469,106.08000183105469,106.08999633789062,1303460,0.0,0.0
2024-08-02 10:30:00-04:00,106.05999755859375,106.13999938964844,104.7300033569336,104.98999786376953,716756,0.0,0.0
2024-08-02 11:30:00-04:00,104.9800033569336,105.33000183105469,104.63999938964844,104.95999908447266,692002,0.0,0.0
2024-08-02 12:30:00-04:00,104.97000122070312,104.9749984741211,104.26000213623047,104.3499984741211,540639,0.0,0.0
2024-08-02 13:30:00-04:00,104.33999633789062,104.66999816894531,103.9800033569336,104.52999877929688,768872,0.0,0.0
2024-08-02 14:30:00-04:00,104.55000305175781,105.4800033569336,104.48999786376953,105.41999816894531,868434,0.0,0.0
2024-08-02 15:30:00-04:00,105.41999816894531,105.87999725341797,105.0,105.7300033569336,1248907,0.0,0.0
2024-08-05 09:30:00-04:00,104.0,104.4800033569336,102.26580047607422,103.2699966430664,1811237,0.0,0.0
2024-08-05 10:30:00-04:00,103.3499984741211,103.88999938964844,103.08999633789062,103.52999877929688,1216090,0.0,0.0
2024-08-05 11:30:00-04:00,103.52999877929688,105.30999755859375,103.51000213623047,105.13999938964844,673106,0.0,0.0
2024-08-05 12:30:00-04:00,105.125,105.19000244140625,104.3550033569336,104.8499984741211,651956,0.0,0.0
2024-08-05 13:30:00-04:00,104.87000274658203,105.13999938964844,104.51499938964844,104.94499969482422,631858,0.0,0.0
2024-08-05 14:30:00-04:00,104.93000030517578,105.1449966430664,104.73999786376953,104.80000305175781,737785,0.0,0.0
2024-08-05 15:30:00-04:00,104.81999969482422,104.83999633789062,104.23999786376953,104.58999633789062,1087382,0.0,0.0
2024-08-06 09:30:00-04:00,104.56999969482422,105.9000015258789,104.11000061035156,105.25499725341797,1402082,0.0,0.0
2024-08-06 10:30:00-04:00,105.30999755859375,105.7699966430664,105.02999877929688,105.08000183105469,1050233,0.0,0.0
2024-08-06 11:30:00-04:00,105.08000183105469,105.97000122070312,105.08000183105469,105.76000213623047,728416,0.0,0.0
2024-08-06 12:30:00-04:00,105.7489013671875,105.91999816894531,105.5,105.86000061035156,672096,0.0,0.0
2024-08-06 13:30:00-04:00,105.87999725341797,106.12999725341797,105.48999786376953,106.08000183105469,784112,0.0,0.0
2024-08-06 14:30:00-04:00,106.08999633789062,106.44999694824219,105.68000030517578,106.23999786376953,983648,0.0,0.0
2024-08-06 15:30:00-04:00,106.25,106.36000061035156,105.7300033569336,105.7699966430664,1383531,0.0,0.0
2024-08-07 09:30:00-04:00,107.25,108.12999725341797,106.44000244140625,107.05999755859375,879562,0.0,0.0
2024-08-07 10:30:00-04:00,107.13999938964844,108.12000274658203,106.9800033569336,107.94999694824219,931995,0.0,0.0
2024-08-07 11:30:00-04:00,107.96499633789062,108.25,107.75,108.19999694824219,745065,0.0,0.0
2024-08-07 12:30:00-04:00,108.22000122070312,108.44000244140625,107.54000091552734,107.6552963256836,600293,0.0,0.0
2024-08-07 13:30:00-04:00,107.6500015258789,107.96499633789062,106.76499938964844,107.0999984741211,418401,0.0,0.0
2024-08-07 14:30:00-04:00,107.0999984741211,107.37000274658203,106.94999694824219,107.2300033569336,557284,0.0,0.0
2024-08-07 15:30:00-04:00,107.2249984741211,107.5199966430664,106.82499694824219,106.94000244140625,1449980,0.0,0.0
2024-08-08 09:30:00-04:00,107.23999786376953,108.11000061035156,106.91999816894531,107.87000274658203,669580,0.0,0.0
2024-08-08 10:30:00-04:00,107.81999969482422,108.23999786376953,107.70500183105469,108.1449966430664,646165,0.0,0.0
2024-08-08 11:30:00-04:00,108.11000061035156,108.11000061035156,107.55000305175781,107.72000122070312,388473,0.0,0.0
2024-08-08 12:30:00-04:00,107.72000122070312,108.22000122070312,107.375,108.16999816894531,457043,0.0,0.0
2024-08-08 13:30:00-04:00,108.1500015258789,108.4000015258789,107.9000015258789,108.23500061035156,508402,0.0,0.0
2024-08-08 14:30:00-04:00,108.20999908447266,108.63999938964844,108.05999755859375,108.47000122070312,597214,0.0,0.0
2024-08-08 15:30:00-04:00,108.4800033569336,108.48999786376953,107.98999786376953,108.2699966430664,962457,0.0,0.0
2024-08-09 09:30:00-04:00,108.2699966430664,108.38999938964844,107.08999633789062,107.91000366210938,861490,0.0,0.0
2024-08-09 10:30:00-04:00,107.88999938964844,108.5,107.87000274658203,108.26000213623047,479089,0.0,0.0
2024-08-09 11:30:00-04:00,108.23500061035156,108.5999984741211,108.02999877929688,108.4800033569336,435932,0.0,0.0
2024-08-09 12:30:00-04:00,108.47000122070312,109.0999984741211,108.47000122070312,108.95999908447266,508056,0.0,0.0
2024-08-09 13:30:00-04:00,108.95999908447266,108.97000122070312,108.2300033569336,108.52999877929688,601446,0.0,0.0
2024-08-09 14:30:00-04:00,108.43499755859375,108.83999633789062,108.30000305175781,108.70999908447266,687806,0.0,0.0
2024-08-09 15:30:00-04:00,108.71499633789062,108.83999633789062,108.5,108.5999984741211,1057138,0.0,0.0
2024-08-12 09:30:00-04:00,108.44999694824219,109.58000183105469,108.27999877929688,109.18000030517578,817341,0.0,0.0
2024-08-12 10:30:00-04:00,109.18000030517578,110.09259796142578,109.1500015258789,109.69499969482422,764790,0.0,0.0
2024-08-12 11:30:00-04:00,109.66000366210938,109.75499725341797,109.4000015258789,109.62999725341797,559100,0.0,0.0
2024-08-12 12:30:00-04:00,109.62999725341797,109.75,109.33999633789062,109.56999969482422,482169,0.0,0.0
2024-08-12 13:30:00-04:00,109.56999969482422,109.86000061035156,109.47000122070312,109.78500366210938,663377,0.0,0.0
2024-08-12 14:30:00-04:00,109.77999877929688,110.2300033569336,109.6050033569336,110.08499908447266,752600,0.0,0.0
2024-08-12 15:30:00-04:00,110.08999633789062,110.22000122070312,109.77999877929688,110.0719985961914,964805,0.0,0.0
2024-08-13 09:30:00-04:00,108.98999786376953,109.375,107.98999786376953,108.19000244140625,842857,0.0,0.0
2024-08-13 10:30:00-04:00,108.18000030517578,108.30259704589844,107.86000061035156,108.1449966430664,690533,0.0,0.0
2024-08-13 11:30:00-04:00,108.1500015258789,108.5199966430664,108.01000213623047,108.01000213623047,627297,0.0,0.0
2024-08-13 12:30:00-04:00,108.01000213623047,108.33999633789062,107.87999725341797,108.12000274658203,531310,0.0,0.0
2024-08-13 13:30:00-04:00,108.12000274658203,108.54000091552734,108.11000061035156,108.43000030517578,447454,0.0,0.0
2024-08-13 14:30:00-04:00,108.41000366210938,108.62999725341797,108.27999877929688,108.3499984741211,588266,0.0,0.0
2024-08-13 15:30:00-04:00,108.3499984741211,108.54499816894531,108.13999938964844,108.33000183105469,1279188,0.0,0.0
2024-08-14 09:30:00-04:00,108.51000213623047,108.90499877929688,108.2300033569336,108.80000305175781,741347,0.0,0.0
2024-08-14 10:30:00-04:00,108.79000091552734,108.79000091552734,108.30999755859375,108.63999938964844,499277,0.0,0.0
2024-08-14 11:30:00-04:00,108.62999725341797,109.41000366210938,108.56050109863281,109.20999908447266,634491,0.0,0.0
2024-08-14 12:30:00-04:00,109.20999908447266,109.66999816894531,109.16999816894531,109.3499984741211,484721,0.0,0.0
2024-08-14 13:30:00-04:00,109.36000061035156,109.55000305175781,109.23999786376953,109.44000244140625,382836,0.0,0.0
2024-08-14 14:30:00-04:00,109.44000244140625,109.83999633789062,109.43000030517578,109.61000061035156,505911,0.0,0.0
2024-08-14 15:30:00-04:00,109.61000061035156,109.61000061035156,109.17070007324219,109.26000213623047,1076679,0.0,0.0
2024-08-15 09:30:00-04:00,109.97000122070312,110.62999725341797,109.69000244140625,110.16000366210938,890337,0.0,0.0
2024-08-15 10:30:00-04:00,110.18000030517578,111.08999633789062,110.16000366210938,111.05000305175781,604726,0.0,0.0
2024-08-15 11:30:00-04:00,111.06500244140625,111.13999938964844,110.70999908447266,110.8499984741211,649808,0.0,0.0
2024-08-15 12:30:00-04:00,110.8499984741211,110.94999694824219,110.51000213623047,110.75,366043,0.0,0.0
2024-08-15 13:30:00-04:00,110.75,110.93000030517578,110.62999725341797,110.87000274658203,474428,0.0,0.0
2024-08-15 14:30:00-04:00,110.87999725341797,110.98999786376953,110.69000244140625,110.97000122070312,517709,0.0,0.0
2024-08-15 15:30:00-04:00,110.97000122070312,111.37000274658203,110.97000122070312,111.23999786376953,1217418,0.0,0.0
2024-08-16 09:30:00-04:00,110.31999969482422,111.0199966430664,109.86000061035156,110.25,716719,0.0,0.0
2024-08-16 10:30:00-04:00,110.26000213623047,110.66000366210938,110.16999816894531,110.61000061035156,405523,0.0,0.0
2024-08-16 11:30:00-04:00,110.59500122070312,110.91999816894531,110.45999908447266,110.7750015258789,345457,0.0,0.0
2024-08-16 12:30:00-04:00,110.7699966430664,111.1500015258789,110.76000213623047,111.11000061035156,320331,0.0,0.0
2024-08-16 13:30:00-04:00,111.0999984741211,111.22000122070312,110.95999908447266,110.9800033569336,308879,0.0,0.0
2024-08-16 14:30:00-04:00,110.98999786376953,111.19000244140625,110.91000366210938,111.0999984741211,301852,0.0,0.0
2024-08-16 15:30:00-04:00,111.08999633789062,111.37999725341797,111.0199966430664,111.18000030517578,542062,0.0,0.0
2024-08-19 09:30:00-04:00,111.22000122070312,111.94499969482422,111.12000274658203,111.91500091552734,545978,0.0,0.0
2024-08-19 10:30:00-04:00,111.91999816894531,112.75,111.80999755859375,112.41999816894531,559952,0.0,0.0
2024-08-19 11:30:00-04:00,112.4000015258789,112.43000030517578,112.0,112.05999755859375,545335,0.0,0.0
2024-08-19 12:30:00-04:00,112.05000305175781,112.36000061035156,111.97000122070312,112.30999755859375,548213,0.0,0.0
2024-08-19 13:30:00-04:00,112.31500244140625,112.39649963378906,111.98999786376953,112.01000213623047,450071,0.0,0.0
2024-08-19 14:30:00-04:00,112.0199966430664,112.1449966430664,111.93000030517578,112.02999877929688,479805,0.0,0.0
2024-08-19 15:30:00-04:00,112.0199966430664,112.05999755859375,111.69000244140625,111.73999786376953,644513,0.0,0.0
2024-08-20 09:30:00-04:00,111.56999969482422,111.80999755859375,110.23999786376953,110.33999633789062,483275,0.0,0.0
2024-08-20 10:30:00-04:00,110.29000091552734,110.30000305175781,109.1500015258789,109.20999908447266,577139,0.0,0.0
2024-08-20 11:30:00-04:00,109.20999908447266,109.77999877929688,108.8499984741211,109.69999694824219,705460,0.0,0.0
2024-08-20 12:30:00-04:00,109.68000030517578,109.91999816894531,109.5,109.8499984741211,395716,0.0,0.0
2024-08-20 13:30:00-04:00,109.8499984741211,110.0999984741211,109.68000030517578,109.95999908447266,578746,0.0,0.0
2024-08-20 14:30:00-04:00,109.98999786376953,110.58000183105469,109.93000030517578,110.44499969482422,554559,0.0,0.0
2024-08-20 15:30:00-04:00,110.44000244140625,110.48500061035156,109.79499816894531,109.86000061035156,728725,0.0,0.0
2024-08-21 09:30:00-04:00,110.80500030517578,111.19000244140625,109.80000305175781,110.41000366210938,449042,0.0,0.0
2024-08-21 10:30:00-04:00,110.4800033569336,110.91999816894531,110.31999969482422,110.44999694824219,415909,0.0,0.0
2024-08-21 11:30:00-04:00,110.43000030517578,110.56900024414062,109.7699966430664,109.98500061035156,438656,0.0,0.0
2024-08-21 12:30:00-04:00,109.98500061035156,110.0199966430664,109.58999633789062,109.61000061035156,295191,0.0,0.0
2024-08-21 13:30:00-04:00,109.62999725341797,109.70500183105469,108.9000015258789,109.30999755859375,410836,0.0,0.0
2024-08-21 14:30:00-04:00,109.30000305175781,109.55000305175781,109.22000122070312,109.4749984741211,394854,0.0,0.0
2024-08-21 15:30:00-04:00,109.45500183105469,109.70999908447266,109.37000274658203,109.61000061035156,823228,0.0,0.0
2024-08-22 09:30:00-04:00,109.5999984741211,110.2300033569336,109.41000366210938,109.74500274658203,500183,0.0,0.0
2024-08-22 10:30:00-04:00,109.72000122070312,109.80000305175781,109.44000244140625,109.75,466884,0.0,0.0
2024-08-22 11:30:00-04:00,109.75,110.16999816894531,109.72000122070312,110.08000183105469,374182,0.0,0.0
2024-08-22 12:30:00-04:00,110.05999755859375,110.22000122070312,109.86990356445312,110.04340362548828,271532,0.0,0.0
2024-08-22 13:30:00-04:00,110.01000213623047,110.51499938964844,109.87999725341797,110.41000366210938,346422,0.0,0.0
2024-08-22 14:30:00-04:00,110.40499877929688,110.40499877929688,110.0199966430664,110.16999816894531,339021,0.0,0.0
2024-08-22 15:30:00-04:00,110.20999908447266,110.25,109.56999969482422,110.0,727030,0.0,0.0
2024-08-23 09:30:00-04:00,110.83000183105469,111.0,110.2699966430664,110.7699966430664,411121,0.0,0.0
2024-08-23 10:30:00-04:00,110.78800201416016,111.16500091552734,110.66000366210938,111.08000183105469,441586,0.0,0.0
2024-08-23 11:30:00-04:00,111.05999755859375,111.20999908447266,110.55999755859375,110.76529693603516,333776,0.0,0.0
2024-08-23 12:30:00-04:00,110.77999877929688,111.48999786376953,110.77999877929688,111.4000015258789,402926,0.0,0.0
2024-08-23 13:30:00-04:00,111.4010009765625,111.45999908447266,111.19999694824219,111.37999725341797,283741,0.0,0.0
2024-08-23 14:30:00-04:00,111.37999725341797,111.37999725341797,111.12999725341797,111.2699966430664,436921,0.0,0.0
2024-08-23 15:30:00-04:00,111.2699966430664,111.44000244140625,111.02999877929688,111.37999725341797,604524,0.0,0.0
2024-08-26 09:30:00-04:00,113.0199966430664,115.02999877929688,112.94000244140625,114.29190063476562,1403260,0.0,0.0
2024-08-26 10:30:00-04:00,114.25499725341797,114.37999725341797,113.02999877929688,113.11000061035156,634279,0.0,0.0
2024-08-26 11:30:00-04:00,113.0999984741211,113.5999984741211,113.0,113.44999694824219,430432,0.0,0.0
2024-08-26 12:30:00-04:00,113.45999908447266,113.86000061035156,113.31999969482422,113.63999938964844,335078,0.0,0.0
2024-08-26 13:30:00-04:00,113.62000274658203,113.69499969482422,113.37000274658203,113.69499969482422,458663,0.0,0.0
2024-08-26 14:30:00-04:00,113.68000030517578,113.87000274658203,113.4800033569336,113.80999755859375,389690,0.0,0.0
2024-08-26 15:30:00-04:00,113.80999755859375,113.94000244140625,113.4749984741211,113.58000183105469,946445,0.0,0.0
2024-08-27 09:30:00-04:00,113.66000366210938,113.66000366210938,112.4800033569336,112.79000091552734,728061,0.0,0.0
2024-08-27 10:30:00-04:00,112.77999877929688,112.83000183105469,112.37000274658203,112.55000305175781,551229,0.0,0.0
2024-08-27 11:30:00-04:00,112.54000091552734,112.63999938964844,112.31999969482422,112.44999694824219,267969,0.0,0.0
2024-08-27 12:30:00-04:00,112.38999938964844,112.45999908447266,112.16000366210938,112.25,159655,0.0,0.0
2024-08-27 13:30:00-04:00,112.27999877929688,112.31999969482422,112.06999969482422,112.16999816894531,244870,0.0,0.0
2024-08-27 14:30:00-04:00,112.19000244140625,112.41840362548828,112.05999755859375,112.33000183105469,291921,0.0,0.0
2024-08-27 15:30:00-04:00,112.31999969482422,112.52999877929688,112.12999725341797,112.44000244140625,661240,0.0,0.0
2024-08-28 09:30:00-04:00,112.04000091552734,112.0999984741211,110.75,110.83000183105469,623544,0.0,0.0
2024-08-28 10:30:00-04:00,110.80000305175781,111.9000015258789,110.63999938964844,111.43000030517578,609752,0.0,0.0
2024-08-28 11:30:00-04:00,111.41000366210938,111.53399658203125,111.0999984741211,111.1500015258789,218308,0.0,0.0
2024-08-28 12:30:00-04:00,111.1500015258789,111.37999725341797,110.9000015258789,110.98999786376953,248934,0.0,0.0
2024-08-28 13:30:00-04:00,110.97000122070312,111.21499633789062,110.83999633789062,110.88999938964844,397178,0.0,0.0
2024-08-28 14:30:00-04:00,110.88999938964844,111.29000091552734,110.86000061035156,111.2750015258789,389534,0.0,0.0
2024-08-28 15:30:00-04:00,111.27999877929688,112.19999694824219,111.25,112.1500015258789,1306889,0.0,0.0
2024-08-29 09:30:00-04:00,112.9800033569336,113.52999877929688,112.06999969482422,113.33000183105469,766586,0.0,0.0
2024-08-29 10:30:00-04:00,113.3499984741211,113.83000183105469,113.01499938964844,113.76000213623047,411787,0.0,0.0
2024-08-29 11:30:00-04:00,113.76000213623047,114.29000091552734,113.47000122070312,114.19999694824219,455096,0.0,0.0
2024-08-29 12:30:00-04:00,114.18499755859375,114.43000030517578,113.9000015258789,114.20999908447266,402779,0.0,0.0
2024-08-29 13:30:00-04:00,114.2249984741211,114.44000244140625,114.0999984741211,114.22000122070312,379983,0.0,0.0
2024-08-29 14:30:00-04:00,114.20999908447266,115.0199966430664,113.91000366210938,115.0198974609375,740341,0.0,0.0
2024-08-29 15:30:00-04:00,115.01000213623047,115.13999938964844,114.3499984741211,114.43000030517578,1088402,0.0,0.0
2024-08-30 09:30:00-04:00,112.66999816894531,113.51000213623047,112.41000366210938,112.58999633789062,778730,0.0,0.0
2024-08-30 10:30:00-04:00,112.58000183105469,113.13999938964844,112.58000183105469,112.71880340576172,471883,0.0,0.0
2024-08-30 11:30:00-04:00,112.69999694824219,112.77999877929688,112.43000030517578,112.55000305175781,335625,0.0,0.0
2024-08-30 12:30:00-04:00,112.56500244140625,112.79000091552734,112.41000366210938,112.76950073242188,391688,0.0,0.0
2024-08-30 13:30:00-04:00,112.75499725341797,112.93000030517578,112.62000274658203,112.70999908447266,350372,0.0,0.0
2024-08-30 14:30:00-04:00,112.72000122070312,113.13999938964844,112.58000183105469,113.11000061035156,649449,0.0,0.0
2024-08-30 15:30:00-04:00,113.12000274658203,114.04000091552734,113.08999633789062,113.77999877929688,1019419,0.0,0.0
2024-09-03 09:30:00-04:00,111.9000015258789,111.91000366210938,109.20999908447266,109.54000091552734,1442390,0.0,0.0
2024-09-03 10:30:00-04:00,109.52999877929688,110.25499725341797,109.44999694824219,110.12999725341797,655389,0.0,0.0
2024-09-03 11:30:00-04:00,110.12999725341797,110.55000305175781,110.02999877929688,110.54000091552734,440265,0.0,0.0
2024-09-03 12:30:00-04:00,110.54000091552734,110.58999633789062,110.18000030517578,110.44000244140625,359047,0.0,0.0
2024-09-03 13:30:00-04:00,110.44999694824219,110.44999694824219,110.02999877929688,110.11000061035156,553168,0.0,0.0
2024-09-03 14:30:00-04:00,110.11499786376953,110.1500015258789,109.74500274658203,109.91999816894531,616137,0.0,0.0
2024-09-03 15:30:00-04:00,109.93000030517578,109.96990203857422,109.56999969482422,109.87000274658203,1032114,0.0,0.0
2024-09-04 09:30:00-04:00,110.46499633789062,111.19000244140625,109.97000122070312,110.01499938964844,1448184,0.0,0.0
2024-09-04 10:30:00-04:00,110.01499938964844,110.41000366210938,109.68000030517578,109.90499877929688,675116,0.0,0.0
2024-09-04 11:30:00-04:00,109.9000015258789,110.06500244140625,109.7300033569336,109.88999938964844,544234,0.0,0.0
2024-09-04 12:30:00-04:00,109.87999725341797,110.1449966430664,109.5999984741211,109.62000274658203,378681,0.0,0.0
2024-09-04 13:30:00-04:00,109.61000061035156,109.7300033569336,109.41500091552734,109.69000244140625,606111,0.0,0.0
2024-09-04 14:30:00-04:00,109.69000244140625,109.69000244140625,108.83100128173828,109.06999969482422,580851,0.0,0.0
2024-09-04 15:30:00-04:00,109.07499694824219,109.08499908447266,108.44000244140625,108.55999755859375,1006372,0.0,0.0
2024-09-05 09:30:00-04:00,109.22000122070312,109.38999938964844,107.66000366210938,108.02999877929688,890715,0.0,0.0
2024-09-05 10:30:00-04:00,108.05000305175781,108.72000122070312,107.93499755859375,108.58000183105469,700237,0.0,0.0
2024-09-05 11:30:00-04:00,108.58000183105469,108.76499938964844,108.05000305175781,108.2300033569336,774220,0.0,0.0
2024-09-05 12:30:00-04:00,108.20999908447266,108.25,107.9000015258789,107.9520034790039,360127,0.0,0.0
2024-09-05 13:30:00-04:00,107.94499969482422,108.20999908447266,107.9000015258789,107.95999908447266,482302,0.0,0.0
2024-09-05 14:30:00-04:00,107.93000030517578,108.04000091552734,107.56999969482422,107.77999877929688,580895,0.0,0.0
2024-09-05 15:30:00-04:00,107.77999877929688,107.87000274658203,107.29000091552734,107.45999908447266,840044,0.0,0.0
2024-09-06 09:30:00-04:00,107.7699966430664,108.62000274658203,107.54000091552734,107.62999725341797,611723,0.0,0.0
2024-09-06 10:30:00-04:00,107.66999816894531,107.70999908447266,106.30999755859375,106.36000061035156,686866,0.0,0.0
2024-09-06 11:30:00-04:00,106.38500213623047,106.51499938964844,105.9800033569336,106.0,324674,0.0,0.0
2024-09-06 12:30:00-04:00,105.9800033569336,106.33000183105469,105.9749984741211,106.20500183105469,405059,0.0,0.0
2024-09-06 13:30:00-04:00,106.19000244140625,106.19999694824219,105.72000122070312,105.88999938964844,463197,0.0,0.0
2024-09-06 14:30:00-04:00,105.88999938964844,106.30000305175781,105.73999786376953,106.13500213623047,630872,0.0,0.0
2024-09-06 15:30:00-04:00,106.13500213623047,106.25,105.77999877929688,106.05999755859375,906812,0.0,0.0
2024-09-09 09:30:00-04:00,106.33999633789062,106.66999816894531,105.91999816894531,106.24500274658203,795730,0.0,0.0
2024-09-09 10:30:00-04:00,106.26000213623047,106.41999816894531,105.91000366210938,106.00499725341797,576896,0.0,0.0
2024-09-09 11:30:00-04:00,106.0199966430664,106.51000213623047,106.00499725341797,106.30999755859375,439089,0.0,0.0
2024-09-09 12:30:00-04:00,106.32499694824219,106.44000244140625,105.97799682617188,106.04000091552734,476602,0.0,0.0
2024-09-09 13:30:00-04:00,106.04499816894531,106.13999938964844,105.87000274658203,105.94999694824219,542220,0.0,0.0
2024-09-09 14:30:00-04:00,105.94000244140625,106.17900085449219,105.8301010131836,106.01499938964844,521308,0.0,0.0
2024-09-09 15:30:00-04:00,106.01499938964844,106.05000305175781,105.54000091552734,105.61000061035156,1020116,0.0,0.0
2024-09-10 09:30:00-04:00,105.55000305175781,105.73989868164062,103.79000091552734,103.98999786376953,995355,0.0,0.0
2024-09-10 10:30:00-04:00,103.97000122070312,104.87000274658203,103.87000274658203,104.54000091552734,473716,0.0,0.0
2024-09-10 11:30:00-04:00,104.53500366210938,104.54000091552734,103.87999725341797,103.95500183105469,512373,0.0,0.0
2024-09-10 12:30:00-04:00,103.95999908447266,104.08999633789062,103.48500061035156,103.59590148925781,645520,0.0,0.0
2024-09-10 13:30:00-04:00,103.58999633789062,103.83999633789062,103.23999786376953,103.66000366210938,596840,0.0,0.0
2024-09-10 14:30:00-04:00,103.66000366210938,104.03500366210938,103.63999938964844,103.9000015258789,582464,0.0,0.0
2024-09-10 15:30:00-04:00,103.91000366210938,104.22000122070312,103.81999969482422,103.98999786376953,872159,0.0,0.0
2024-09-11 09:30:00-04:00,103.9800033569336,104.04000091552734,102.12000274658203,102.45999908447266,931304,0.0,0.0
2024-09-11 10:30:00-04:00,102.44000244140625,102.44000244140625,101.29499816894531,101.83000183105469,765735,0.0,0.0
2024-09-11 11:30:00-04:00,101.82499694824219,102.30999755859375,101.7699966430664,101.91999816894531,725836,0.0,0.0
2024-09-11 12:30:00-04:00,101.91999816894531,102.83999633789062,101.91000366210938,102.54000091552734,594639,0.0,0.0
2024-09-11 13:30:00-04:00,102.53500366210938,102.9175033569336,102.5199966430664,102.68000030517578,581538,0.0,0.0
2024-09-11 14:30:00-04:00,102.69000244140625,103.37999725341797,102.68000030517578,103.09500122070312,728807,0.0,0.0
2024-09-11 15:30:00-04:00,103.0999984741211,103.13600158691406,102.43000030517578,102.55000305175781,1297340,0.0,0.0
2024-09-12 09:30:00-04:00,102.8949966430664,103.26100158691406,102.1500015258789,102.51499938964844,1010754,0.0,0.0
2024-09-12 10:30:00-04:00,102.54000091552734,103.68000030517578,102.4800033569336,103.58000183105469,883041,0.0,0.0
2024-09-12 11:30:00-04:00,103.58999633789062,103.58999633789062,102.7699966430664,102.83000183105469,849355,0.0,0.0
2024-09-12 12:30:00-04:00,102.83000183105469,103.2300033569336,102.7699966430664,102.93000030517578,583262,0.0,0.0
2024-09-12 13:30:00-04:00,102.93499755859375,103.12000274658203,102.80000305175781,102.94000244140625,627016,0.0,0.0
2024-09-12 14:30:00-04:00,102.94000244140625,102.9999008178711,102.58000183105469,102.94999694824219,515953,0.0,0.0
2024-09-12 15:30:00-04:00,102.94999694824219,103.05000305175781,102.7750015258789,102.90499877929688,1161114,0.0,0.0
2024-09-13 09:30:00-04:00,103.31999969482422,104.2300033569336,103.05000305175781,103.7750015258789,1048367,0.0,0.0
2024-09-13 10:30:00-04:00,103.81999969482422,104.36799621582031,103.52999877929688,103.58000183105469,603520,0.0,0.0
2024-09-13 11:30:00-04:00,103.55999755859375,104.26000213623047,103.5,104.11000061035156,461433,0.0,0.0
2024-09-13 12:30:00-04:00,104.11000061035156,104.16999816894531,103.75,103.79000091552734,317844,0.0,0.0
2024-09-13 13:30:00-04:00,103.79000091552734,104.00499725341797,103.38999938964844,103.44000244140625,426143,0.0,0.0
2024-09-13 14:30:00-04:00,103.41999816894531,103.55000305175781,103.30999755859375,103.5,555252,0.0,0.0
2024-09-13 15:30:00-04:00,103.5,103.61499786376953,103.25499725341797,103.48999786376953,712682,0.0,0.0
2024-09-16 09:30:00-04:00,104.95999908447266,105.44000244140625,104.44999694824219,104.9000015258789,1366782,0.0,0.0
2024-09-16 10:30:00-04:00,104.9000015258789,104.91000366210938,104.56999969482422,104.68000030517578,919332,0.0,0.0
2024-09-16 11:30:00-04:00,104.68000030517578,105.40499877929688,104.63500213623047,105.1050033569336,933572,0.0,0.0
2024-09-16 12:30:00-04:00,105.0999984741211,105.3198013305664,104.94000244140625,105.25,821871,0.0,0.0
2024-09-16 13:30:00-04:00,105.25499725341797,105.48999786376953,105.13500213623047,105.19000244140625,711507,0.0,0.0
2024-09-16 14:30:00-04:00,105.19999694824219,105.48500061035156,105.18000030517578,105.36000061035156,713533,0.0,0.0
2024-09-16 15:30:00-04:00,105.37000274658203,105.68499755859375,105.37000274658203,105.55000305175781,1137773,0.0,0.0
2024-09-17 09:30:00-04:00,105.51000213623047,107.44999694824219,105.30000305175781,107.41999816894531,1416040,0.0,0.0
2024-09-17 10:30:00-04:00,107.4000015258789,107.86499786376953,107.22000122070312,107.80000305175781,1070761,0.0,0.0
2024-09-17 11:30:00-04:00,107.80000305175781,108.49500274658203,107.7699966430664,108.30000305175781,1086950,0.0,0.0
2024-09-17 12:30:00-04:00,108.29000091552734,108.43000030517578,107.8499984741211,108.3499984741211,889489,0.0,0.0
2024-09-17 13:30:00-04:00,108.3499984741211,108.45999908447266,108.0999984741211,108.3499984741211,707284,0.0,0.0
2024-09-17 14:30:00-04:00,108.31500244140625,108.49500274658203,108.18000030517578,108.42500305175781,894550,0.0,0.0
2024-09-17 15:30:00-04:00,108.41999816894531,108.41999816894531,107.99500274658203,108.30000305175781,1456987,0.0,0.0
2024-09-18 09:30:00-04:00,107.5199966430664,109.55999755859375,107.51000213623047,108.53500366210938,1695441,0.0,0.0
2024-09-18 10:30:00-04:00,108.54000091552734,109.0999984741211,108.27999877929688,108.93000030517578,716137,0.0,0.0
2024-09-18 11:30:00-04:00,108.93000030517578,108.93000030517578,108.16999816894531,108.62999725341797,800576,0.0,0.0
2024-09-18 12:30:00-04:00,108.62000274658203,108.99500274658203,108.58000183105469,108.86499786376953,429480,0.0,0.0
2024-09-18 13:30:00-04:00,108.86000061035156,109.93000030517578,108.5,109.4800033569336,687474,0.0,0.0
2024-09-18 14:30:00-04:00,109.47000122070312,109.63999938964844,108.75,109.37999725341797,1178973,0.0,0.0
2024-09-18 15:30:00-04:00,109.37000274658203,109.4800033569336,108.56999969482422,108.63999938964844,1057746,0.0,0.0
2024-09-19 09:30:00-04:00,110.5,110.66999816894531,109.36499786376953,110.33000183105469,1104947,0.0,0.0
2024-09-19 10:30:00-04:00,110.30999755859375,111.05000305175781,109.86000061035156,110.94999694824219,806656,0.0,0.0
2024-09-19 11:30:00-04:00,110.95999908447266,111.27999877929688,110.80999755859375,111.0250015258789,1657132,0.0,0.0
2024-09-19 12:30:00-04:00,111.0199966430664,111.11499786376953,110.83000183105469,111.08000183105469,476121,0.0,0.0
2024-09-19 13:30:00-04:00,111.08000183105469,111.34500122070312,110.69999694824219,110.87999725341797,619309,0.0,0.0
2024-09-19 14:30:00-04:00,110.87000274658203,111.08999633789062,110.68499755859375,110.75,730912,0.0,0.0
2024-09-19 15:30:00-04:00,110.73999786376953,110.81500244140625,110.30000305175781,110.51000213623047,1265233,0.0,0.0
2024-09-20 09:30:00-04:00,110.69999694824219,111.37999725341797,109.7300033569336,110.54000091552734,3162232,0.0,0.0
2024-09-20 10:30:00-04:00,110.54000091552734,110.88999938964844,110.37000274658203,110.54000091552734,1323459,0.0,0.0
2024-09-20 11:30:00-04:00,110.52999877929688,111.13999938964844,110.16999816894531,111.12999725341797,985896,0.0,0.0
2024-09-20 12:30:00-04:00,111.13500213623047,111.5199966430664,110.98999786376953,111.26499938964844,742662,0.0,0.0
2024-09-20 13:30:00-04:00,111.26499938964844,111.5,110.73999786376953,111.0199966430664,800102,0.0,0.0
2024-09-20 14:30:00-04:00,111.01000213623047,111.49500274658203,110.83999633789062,111.42500305175781,1136304,0.0,0.0
2024-09-20 15:30:00-04:00,111.43000030517578,111.73999786376953,109.88999938964844,110.08999633789062,3444686,0.0,0.0
2024-09-23 09:30:00-04:00,110.0999984741211,110.93990325927734,109.68000030517578,110.61499786376953,1077405,0.0,0.0
2024-09-23 10:30:00-04:00,110.62000274658203,110.75,109.16999816894531,109.2699966430664,991335,0.0,0.0
2024-09-23 11:30:00-04:00,109.2699966430664,109.29000091552734,107.7300033569336,107.83000183105469,1064184,0.0,0.0
2024-09-23 12:30:00-04:00,107.83000183105469,108.5989990234375,107.48999786376953,108.5250015258789,970665,0.0,0.0
2024-09-23 13:30:00-04:00,108.52749633789062,109.12000274658203,108.49500274658203,108.9800033569336,699988,0.0,0.0
2024-09-23 14:30:00-04:00,108.9800033569336,109.06999969482422,108.69999694824219,108.98500061035156,681399,0.0,0.0
2024-09-23 15:30:00-04:00,108.9800033569336,109.94000244140625,108.91999816894531,109.69000244140625,1203292,0.0,0.0
2024-09-24 09:30:00-04:00,111.33999633789062,111.47000122070312,110.05000305175781,110.5250015258789,775755,0.0,0.0
2024-09-24 10:30:00-04:00,110.52999877929688,110.56999969482422,109.77999877929688,109.87000274658203,619024,0.0,0.0
2024-09-24 11:30:00-04:00,109.87999725341797,109.93000030517578,109.11000061035156,109.3302001953125,535716,0.0,0.0
2024-09-24 12:30:00-04:00,109.33999633789062,109.58000183105469,109.05999755859375,109.06999969482422,427805,0.0,0.0
2024-09-24 13:30:00-04:00,109.06500244140625,109.19000244140625,108.91000366210938,109.09500122070312,490151,0.0,0.0
2024-09-24 14:30:00-04:00,109.08499908447266,109.27999877929688,109.0,109.23999786376953,491633,0.0,0.0
2024-09-24 15:30:00-04:00,109.23500061035156,109.30999755859375,108.7750015258789,108.93000030517578,860156,0.0,0.0
2024-09-25 09:30:00-04:00,108.5,108.81999969482422,107.69999694824219,107.93000030517578,736699,0.0,0.0
2024-09-25 10:30:00-04:00,107.94000244140625,108.19999694824219,107.70500183105469,107.72000122070312,519683,0.0,0.0
2024-09-25 11:30:00-04:00,107.73999786376953,107.8499984741211,107.08999633789062,107.08999633789062,546830,0.0,0.0
2024-09-25 12:30:00-04:00,107.08000183105469,107.22000122070312,106.26000213623047,106.26000213623047,625347,0.0,0.0
2024-09-25 13:30:00-04:00,106.26000213623047,106.5999984741211,106.1449966430664,106.40499877929688,471952,0.0,0.0
2024-09-25 14:30:00-04:00,106.41000366210938,106.47000122070312,105.95999908447266,106.0,649065,0.0,0.0
2024-09-25 15:30:00-04:00,105.99500274658203,106.06999969482422,105.69000244140625,105.7300033569336,1085856,0.0,0.0
2024-09-26 09:30:00-04:00,103.0,103.94999694824219,102.91999816894531,103.93000030517578,1878459,0.0,0.0
2024-09-26 10:30:00-04:00,103.95999908447266,104.22000122070312,102.69999694824219,103.16000366210938,872433,0.0,0.0
2024-09-26 11:30:00-04:00,103.17500305175781,103.55000305175781,102.9000015258789,103.22000122070312,931118,0.0,0.0
2024-09-26 12:30:00-04:00,103.20999908447266,103.33000183105469,102.5999984741211,102.83000183105469,853961,0.0,0.0
2024-09-26 13:30:00-04:00,102.81999969482422,102.87000274658203,102.53500366210938,102.80999755859375,790678,0.0,0.0
2024-09-26 14:30:00-04:00,102.80999755859375,103.08999633789062,102.39900207519531,102.44000244140625,751974,0.0,0.0
2024-09-26 15:30:00-04:00,102.44999694824219,102.48999786376953,102.16500091552734,102.29000091552734,1037330,0.0,0.0
2024-09-27 09:30:00-04:00,102.62999725341797,103.86000061035156,102.5999984741211,103.62999725341797,870974,0.0,0.0
2024-09-27 10:30:00-04:00,103.63999938964844,104.12999725341797,103.56999969482422,103.93000030517578,590325,0.0,0.0
2024-09-27 11:30:00-04:00,103.92500305175781,104.20999908447266,103.73999786376953,103.73999786376953,462421,0.0,0.0
2024-09-27 12:30:00-04:00,103.75,104.01000213623047,103.47000122070312,103.5999984741211,538544,0.0,0.0
2024-09-27 13:30:00-04:00,103.61000061035156,104.05000305175781,103.44999694824219,103.94999694824219,418894,0.0,0.0
2024-09-27 14:30:00-04:00,103.93499755859375,104.55000305175781,103.80500030517578,104.31500244140625,555805,0.0,0.0
2024-09-27 15:30:00-04:00,104.30999755859375,104.83999633789062,104.30999755859375,104.72000122070312,805900,0.0,0.0
2024-09-30 09:30:00-04:00,104.55999755859375,105.12999725341797,103.87000274658203,104.91000366210938,756163,0.0,0.0
2024-09-30 10:30:00-04:00,104.9000015258789,105.58000183105469,104.2750015258789,104.2750015258789,787453,0.0,0.0
2024-09-30 11:30:00-04:00,104.3550033569336,104.83000183105469,104.12000274658203,104.64759826660156,468436,0.0,0.0
2024-09-30 12:30:00-04:00,104.64018249511719,104.83999633789062,104.37760162353516,104.82499694824219,380030,0.0,0.0
2024-09-30 13:30:00-04:00,104.83000183105469,104.93000030517578,104.0999984741211,104.34500122070312,503696,0.0,0.0
2024-09-30 14:30:00-04:00,104.3499984741211,104.91000366210938,104.20999908447266,104.91000366210938,485263,0.0,0.0
2024-09-30 15:30:00-04:00,104.91000366210938,105.41999816894531,104.83000183105469,105.27999877929688,1001265,0.0,0.0
2024-10-01 09:30:00-04:00,104.54000091552734,107.94000244140625,104.0999984741211,107.44000244140625,1256379,0.0,0.0
2024-10-01 10:30:00-04:00,107.48999786376953,108.43000030517578,107.32499694824219,108.26000213623047,734389,0.0,0.0
2024-10-01 11:30:00-04:00,108.25499725341797,108.72000122070312,108.18000030517578,108.55000305175781,663238,0.0,0.0
2024-10-01 12:30:00-04:00,108.51000213623047,109.67500305175781,108.43000030517578,109.04000091552734,1127195,0.0,0.0
2024-10-01 13:30:00-04:00,109.02999877929688,109.2300033569336,108.79000091552734,108.87000274658203,830916,0.0,0.0
2024-10-01 14:30:00-04:00,108.81999969482422,109.1989974975586,108.66000366210938,109.16999816894531,681413,0.0,0.0
2024-10-01 15:30:00-04:00,109.18499755859375,109.41000366210938,108.88999938964844,109.37000274658203,1087502,0.0,0.0
2024-10-02 09:30:00-04:00,111.27999877929688,111.63999938964844,110.08000183105469,110.48999786376953,1472918,0.0,0.0
2024-10-02 10:30:00-04:00,110.5,110.6500015258789,109.44000244140625,109.48999786376953,818106,0.0,0.0
2024-10-02 11:30:00-04:00,109.4800033569336,110.0999984741211,109.26000213623047,109.29644775390625,551976,0.0,0.0
2024-10-02 12:30:00-04:00,109.29499816894531,109.30999755859375,108.58499908447266,109.23500061035156,502119,0.0,0.0
2024-10-02 13:30:00-04:00,109.23500061035156,109.25,108.87999725341797,108.9800033569336,397242,0.0,0.0
2024-10-02 14:30:00-04:00,108.98999786376953,110.02999877929688,108.9800033569336,110.01000213623047,606955,0.0,0.0
2024-10-02 15:30:00-04:00,110.0,110.44000244140625,109.98999786376953,110.33999633789062,989098,0.0,0.0
2024-10-03 09:30:00-04:00,110.69999694824219,112.51000213623047,109.98999786376953,112.06999969482422,1587554,0.0,0.0
2024-10-03 10:30:00-04:00,112.11000061035156,112.2249984741211,110.86000061035156,111.01000213623047,794996,0.0,0.0
2024-10-03 11:30:00-04:00,111.00499725341797,112.04000091552734,110.86000061035156,111.69999694824219,691045,0.0,0.0
2024-10-03 12:30:00-04:00,111.69999694824219,112.239501953125,111.62000274658203,111.73999786376953,677580,0.0,0.0
2024-10-03 13:30:00-04:00,111.7249984741211,112.30000305175781,111.6500015258789,112.12000274658203,630302,0.0,0.0
2024-10-03 14:30:00-04:00,112.12999725341797,112.4800033569336,111.9800033569336,112.42500305175781,631563,0.0,0.0
2024-10-03 15:30:00-04:00,112.43000030517578,112.5,111.9000015258789,112.41000366210938,1104661,0.0,0.0
2024-10-04 09:30:00-04:00,113.56999969482422,113.80000305175781,112.05000305175781,113.11000061035156,1244907,0.0,0.0
2024-10-04 10:30:00-04:00,113.0,113.5999984741211,112.54419708251953,113.2300033569336,839392,0.0,0.0
2024-10-04 11:30:00-04:00,113.22000122070312,114.08999633789062,113.1500015258789,114.0,665948,0.0,0.0
2024-10-04 12:30:00-04:00,114.01000213623047,114.30000305175781,113.94999694824219,114.20999908447266,454646,0.0,0.0
2024-10-04 13:30:00-04:00,114.19999694824219,114.20999908447266,113.3499984741211,113.36499786376953,606631,0.0,0.0
2024-10-04 14:30:00-04:00,113.31999969482422,113.77999877929688,113.19999694824219,113.59500122070312,767879,0.0,0.0
2024-10-04 15:30:00-04:00,113.58999633789062,114.62999725341797,113.58999633789062,114.52999877929688,1624041,0.0,0.0
2024-10-07 09:30:00-04:00,114.94000244140625,116.08000183105469,114.62999725341797,114.63999938964844,815648,0.0,0.0
2024-10-07 10:30:00-04:00,114.63999938964844,115.1500015258789,114.44000244140625,114.95800018310547,457583,0.0,0.0
2024-10-07 11:30:00-04:00,114.9800033569336,115.25,114.62999725341797,114.9000015258789,353967,0.0,0.0
2024-10-07 12:30:00-04:00,114.91000366210938,115.23999786376953,114.83999633789062,115.05999755859375,350243,0.0,0.0
2024-10-07 13:30:00-04:00,115.05500030517578,115.19999694824219,114.53500366210938,114.83000183105469,431914,0.0,0.0
2024-10-07 14:30:00-04:00,114.80999755859375,115.19999694824219,114.56999969482422,115.05000305175781,557551,0.0,0.0
2024-10-07 15:30:00-04:00,115.05000305175781,115.15544891357422,114.59500122070312,114.72000122070312,891789,0.0,0.0
2024-10-08 09:30:00-04:00,112.73999786376953,112.91500091552734,110.45999908447266,110.75,1169837,0.0,0.0
2024-10-08 10:30:00-04:00,110.73999786376953,111.0,110.16000366210938,110.38500213623047,942288,0.0,0.0
2024-10-08 11:30:00-04:00,110.37999725341797,110.71990203857422,110.20999908447266,110.56999969482422,614647,0.0,0.0
2024-10-08 12:30:00-04:00,110.58999633789062,111.68499755859375,110.30000305175781,111.55500030517578,509124,0.0,0.0
2024-10-08 13:30:00-04:00,111.55500030517578,111.68000030517578,110.63999938964844,110.83499908447266,382491,0.0,0.0
2024-10-08 14:30:00-04:00,110.83000183105469,111.01000213623047,110.55000305175781,110.71499633789062,393953,0.0,0.0
2024-10-08 15:30:00-04:00,110.70999908447266,110.9800033569336,110.56999969482422,110.79000091552734,728874,0.0,0.0
2024-10-09 09:30:00-04:00,109.91000366210938,110.69200134277344,109.55000305175781,109.9000015258789,580790,0.0,0.0
2024-10-09 10:30:00-04:00,109.83999633789062,110.91000366210938,109.75,110.79000091552734,422835,0.0,0.0
2024-10-09 11:30:00-04:00,110.75,111.0624008178711,110.48999786376953,110.86000061035156,235593,0.0,0.0
2024-10-09 12:30:00-04:00,110.80999755859375,111.18499755859375,110.55500030517578,111.16000366210938,252643,0.0,0.0
2024-10-09 13:30:00-04:00,111.16000366210938,111.5199966430664,110.88999938964844,111.02999877929688,336941,0.0,0.0
2024-10-09 14:30:00-04:00,111.02999877929688,111.29570007324219,110.93000030517578,111.29000091552734,529844,0.0,0.0
2024-10-09 15:30:00-04:00,111.29000091552734,111.44000244140625,110.94000244140625,110.97000122070312,779446,0.0,0.0
2024-10-10 09:30:00-04:00,111.63999938964844,112.41999816894531,110.76000213623047,112.29000091552734,559766,0.0,0.0
2024-10-10 10:30:00-04:00,112.29000091552734,112.83470153808594,111.62000274658203,111.7300033569336,467427,0.0,0.0
2024-10-10 11:30:00-04:00,111.75,112.46499633789062,111.66999816894531,112.45999908447266,341018,0.0,0.0
2024-10-10 12:30:00-04:00,112.44029998779297,112.63999938964844,112.0999984741211,112.30999755859375,290553,0.0,0.0
2024-10-10 13:30:00-04:00,112.31999969482422,112.38999938964844,111.94000244140625,112.20999908447266,391759,0.0,0.0
2024-10-10 14:30:00-04:00,112.19999694824219,112.25,111.97000122070312,112.02999877929688,375612,0.0,0.0
2024-10-10 15:30:00-04:00,112.0199966430664,112.1500015258789,111.69000244140625,111.83999633789062,715400,0.0,0.0
2024-10-11 09:30:00-04:00,110.75,111.56999969482422,110.27169799804688,111.41999816894531,842644,0.0,0.0
2024-10-11 10:30:00-04:00,111.44000244140625,111.52999877929688,110.73999786376953,110.88999938964844,639826,0.0,0.0
2024-10-11 11:30:00-04:00,110.87000274658203,111.0802993774414,110.71499633789062,111.05999755859375,530520,0.0,0.0
2024-10-11 12:30:00-04:00,111.05999755859375,111.21499633789062,110.87999725341797,111.06500244140625,438682,0.0,0.0
2024-10-11 13:30:00-04:00,111.05999755859375,111.63500213623047,111.05500030517578,111.54000091552734,400173,0.0,0.0
2024-10-11 14:30:00-04:00,111.52999877929688,111.69999694824219,111.27999877929688,111.33000183105469,553587,0.0,0.0
2024-10-11 15:30:00-04:00,111.33000183105469,111.40499877929688,110.4800033569336,110.48999786376953,1112876,0.0,0.0
2024-10-14 09:30:00-04:00,109.69999694824219,110.13500213623047,109.26000213623047,109.5999984741211,596945,0.0,0.0
2024-10-14 10:30:00-04:00,109.62000274658203,110.43489837646484,109.5999984741211,109.93000030517578,446244,0.0,0.0
2024-10-14 11:30:00-04:00,109.94000244140625,110.18000030517578,109.73999786376953,109.91999816894531,358042,0.0,0.0
2024-10-14 12:30:00-04:00,109.88999938964844,110.08499908447266,109.79000091552734,109.97000122070312,291359,0.0,0.0
2024-10-14 13:30:00-04:00,109.9800033569336,110.16000366210938,109.58999633789062,109.68000030517578,372414,0.0,0.0
2024-10-14 14:30:00-04:00,109.69000244140625,109.77999877929688,108.9000015258789,109.05999755859375,588923,0.0,0.0
2024-10-14 15:30:00-04:00,109.05500030517578,109.5,108.93000030517578,109.5,1286632,0.0,0.0
2024-10-15 09:30:00-04:00,106.0,107.0199966430664,105.17749786376953,106.55999755859375,1300258,0.0,0.0
2024-10-15 10:30:00-04:00,106.5999984741211,107.125,106.2249984741211,106.37000274658203,651445,0.0,0.0
2024-10-15 11:30:00-04:00,106.34590148925781,106.69000244140625,106.13999938964844,106.53500366210938,546156,0.0,0.0
2024-10-15 12:30:00-04:00,106.52999877929688,106.66999816894531,106.05000305175781,106.21499633789062,434883,0.0,0.0
2024-10-15 13:30:00-04:00,106.22000122070312,106.2300033569336,105.69000244140625,105.88500213623047,669082,0.0,0.0
2024-10-15 14:30:00-04:00,105.87999725341797,106.11499786376953,105.69499969482422,105.72000122070312,654716,0.0,0.0
2024-10-15 15:30:00-04:00,105.72000122070312,105.73999786376953,105.12000274658203,105.24500274658203,1046997,0.0,0.0
2024-10-16 09:30:00-04:00,105.63999938964844,106.0,105.20999908447266,105.29499816894531,646451,0.0,0.0
2024-10-16 10:30:00-04:00,105.29499816894531,105.58999633789062,105.09500122070312,105.4800033569336,653601,0.0,0.0
2024-10-16 11:30:00-04:00,105.5,105.61000061035156,105.25,105.38999938964844,375457,0.0,0.0
2024-10-16 12:30:00-04:00,105.4000015258789,105.62999725341797,105.31999969482422,105.58499908447266,298780,0.0,0.0
2024-10-16 13:30:00-04:00,105.58000183105469,105.62000274658203,105.30000305175781,105.55500030517578,329097,0.0,0.0
2024-10-16 14:30:00-04:00,105.55999755859375,105.5999984741211,105.0999984741211,105.32499694824219,478650,0.0,0.0
2024-10-16 15:30:00-04:00,105.31999969482422,105.41000366210938,105.04000091552734,105.13999938964844,837011,0.0,0.0
2024-10-17 09:30:00-04:00,105.31999969482422,105.94999694824219,104.94000244140625,105.41999816894531,582425,0.0,0.0
2024-10-17 10:30:00-04:00,105.43000030517578,105.87000274658203,105.01000213623047,105.05999755859375,608603,0.0,0.0
2024-10-17 11:30:00-04:00,105.05999755859375,105.62000274658203,105.04000091552734,105.54000091552734,385493,0.0,0.0
2024-10-17 12:30:00-04:00,105.54499816894531,105.94999694824219,105.4000015258789,105.94999694824219,465398,0.0,0.0
2024-10-17 13:30:00-04:00,105.94999694824219,105.9800033569336,105.48999786376953,105.62999725341797,410663,0.0,0.0
2024-10-17 14:30:00-04:00,105.62000274658203,105.87000274658203,105.47000122070312,105.8550033569336,542051,0.0,0.0
2024-10-17 15:30:00-04:00,105.8499984741211,106.23999786376953,105.70999908447266,106.13999938964844,708015,0.0,0.0
2024-10-18 09:30:00-04:00,105.93000030517578,106.13999938964844,104.69999694824219,104.87000274658203,1007027,0.0,0.0
2024-10-18 10:30:00-04:00,104.87999725341797,105.16000366210938,104.7699966430664,104.83000183105469,328727,0.0,0.0
2024-10-18 11:30:00-04:00,104.83999633789062,105.83000183105469,104.80000305175781,105.7750015258789,396673,0.0,0.0
2024-10-18 12:30:00-04:00,105.76000213623047,105.76000213623047,105.09249877929688,105.37999725341797,286260,0.0,0.0
2024-10-18 13:30:00-04:00,105.44999694824219,105.70500183105469,105.44000244140625,105.5,281529,0.0,0.0
2024-10-18 14:30:00-04:00,105.5,105.68499755859375,105.36000061035156,105.58000183105469,312627,0.0,0.0
2024-10-18 15:30:00-04:00,105.58000183105469,105.77999877929688,105.55999755859375,105.6500015258789,628475,0.0,0.0
