Datetime,Open,High,Low,Close,Volume,Dividends,Stock Splits
2022-10-20 09:30:00-04:00,45.529998779296875,45.81999969482422,44.66999816894531,45.4900016784668,47539,0.0,0.0
2022-10-20 10:30:00-04:00,45.4900016784668,46.2400016784668,45.36000061035156,46.09000015258789,25895,0.0,0.0
2022-10-20 11:30:00-04:00,46.150001525878906,46.53499984741211,45.79999923706055,45.8650016784668,15543,0.0,0.0
2022-10-20 12:30:00-04:00,45.779998779296875,45.939998626708984,45.0,45.38999938964844,27898,0.0,0.0
2022-10-20 13:30:00-04:00,45.38999938964844,45.540000915527344,45.0099983215332,45.20000076293945,14622,0.0,0.0
2022-10-20 14:30:00-04:00,45.0,45.81999969482422,45.0,45.61000061035156,46221,0.0,0.0
2022-10-20 15:30:00-04:00,45.61000061035156,45.86000061035156,45.34000015258789,45.52000045776367,87463,0.0,0.0
2022-10-21 09:30:00-04:00,45.630001068115234,45.630001068115234,43.93000030517578,43.970001220703125,44117,0.0,0.0
2022-10-21 10:30:00-04:00,43.9900016784668,44.130001068115234,43.61000061035156,44.130001068115234,31376,0.0,0.0
2022-10-21 11:30:00-04:00,44.23500061035156,45.27000045776367,44.18000030517578,44.880001068115234,21106,0.0,0.0
2022-10-21 12:30:00-04:00,44.94499969482422,45.7400016784668,44.845001220703125,45.2400016784668,22852,0.0,0.0
2022-10-21 13:30:00-04:00,45.439998626708984,45.5099983215332,45.130001068115234,45.45000076293945,13685,0.0,0.0
2022-10-21 14:30:00-04:00,45.529998779296875,45.82500076293945,45.34000015258789,45.814998626708984,21345,0.0,0.0
2022-10-21 15:30:00-04:00,45.779998779296875,45.81999969482422,45.2400016784668,45.349998474121094,31521,0.0,0.0
2022-10-24 09:30:00-04:00,45.400001525878906,45.470001220703125,44.7400016784668,44.9900016784668,15043,0.0,0.0
2022-10-24 10:30:00-04:00,44.9900016784668,45.68000030517578,44.93000030517578,45.58000183105469,19572,0.0,0.0
2022-10-24 11:30:00-04:00,45.56999969482422,46.189998626708984,45.540000915527344,46.04999923706055,12181,0.0,0.0
2022-10-24 12:30:00-04:00,45.939998626708984,45.939998626708984,45.20000076293945,45.209999084472656,12680,0.0,0.0
2022-10-24 13:30:00-04:00,45.224998474121094,45.560001373291016,45.18000030517578,45.33000183105469,12681,0.0,0.0
2022-10-24 14:30:00-04:00,45.33000183105469,45.84000015258789,45.31999969482422,45.790000915527344,25347,0.0,0.0
2022-10-24 15:30:00-04:00,45.84000015258789,46.029998779296875,45.70000076293945,46.029998779296875,31242,0.0,0.0
2022-10-25 09:30:00-04:00,46.130001068115234,48.39500045776367,44.79999923706055,47.64500045776367,50166,0.0,0.0
2022-10-25 10:30:00-04:00,47.83000183105469,48.845001220703125,47.83000183105469,48.540000915527344,23471,0.0,0.0
2022-10-25 11:30:00-04:00,48.540000915527344,48.70000076293945,47.448001861572266,47.448001861572266,28720,0.0,0.0
2022-10-25 12:30:00-04:00,47.349998474121094,47.380001068115234,45.97999954223633,46.119998931884766,21137,0.0,0.0
2022-10-25 13:30:00-04:00,46.20000076293945,47.689998626708984,46.18000030517578,47.599998474121094,34488,0.0,0.0
2022-10-25 14:30:00-04:00,47.560001373291016,47.810001373291016,47.400001525878906,47.525001525878906,15313,0.0,0.0
2022-10-25 15:30:00-04:00,47.529998779296875,47.790000915527344,47.08000183105469,47.119998931884766,40575,0.0,0.0
2022-10-26 09:30:00-04:00,47.5,48.7400016784668,47.1349983215332,48.7400016784668,13813,0.0,0.0
2022-10-26 10:30:00-04:00,48.58000183105469,49.52000045776367,48.410400390625,49.119998931884766,21596,0.0,0.0
2022-10-26 11:30:00-04:00,49.290000915527344,49.54999923706055,49.0099983215332,49.040000915527344,9898,0.0,0.0
2022-10-26 12:30:00-04:00,49.119998931884766,49.18000030517578,48.47999954223633,48.59000015258789,8607,0.0,0.0
2022-10-26 13:30:00-04:00,48.6150016784668,48.70000076293945,48.13999938964844,48.525001525878906,16231,0.0,0.0
2022-10-26 14:30:00-04:00,48.349998474121094,48.46500015258789,47.9900016784668,48.46500015258789,16220,0.0,0.0
2022-10-26 15:30:00-04:00,48.5,48.52000045776367,48.0099983215332,48.06999969482422,27291,0.0,0.0
2022-10-27 09:30:00-04:00,48.650001525878906,48.90999984741211,47.619998931884766,48.90999984741211,0,0.0,0.0
2022-10-27 10:30:00-04:00,48.915000915527344,49.0,47.90999984741211,48.279998779296875,9810,0.0,0.0
2022-10-27 11:30:00-04:00,48.45000076293945,48.68000030517578,48.02000045776367,48.4900016784668,9180,0.0,0.0
2022-10-27 12:30:00-04:00,48.5,49.220001220703125,48.43000030517578,49.11000061035156,8398,0.0,0.0
2022-10-27 13:30:00-04:00,49.099998474121094,49.279998779296875,49.0099983215332,49.08000183105469,7876,0.0,0.0
2022-10-27 14:30:00-04:00,49.06999969482422,49.119998931884766,48.3849983215332,48.54999923706055,16845,0.0,0.0
2022-10-27 15:30:00-04:00,48.47999954223633,48.63999938964844,48.13999938964844,48.439998626708984,28302,0.0,0.0
2022-10-28 09:30:00-04:00,48.40999984741211,48.96310043334961,47.72999954223633,47.959999084472656,13105,0.0,0.0
2022-10-28 10:30:00-04:00,47.91999816894531,48.470001220703125,47.810001373291016,48.040000915527344,16930,0.0,0.0
2022-10-28 11:30:00-04:00,48.349998474121094,48.529998779296875,48.23500061035156,48.29999923706055,15374,0.0,0.0
2022-10-28 12:30:00-04:00,48.27000045776367,48.40999984741211,47.40999984741211,47.40999984741211,19071,0.0,0.0
2022-10-28 13:30:00-04:00,47.34000015258789,47.34000015258789,46.099998474121094,46.222999572753906,21199,0.0,0.0
2022-10-28 14:30:00-04:00,46.224998474121094,46.584999084472656,46.16999816894531,46.209999084472656,27957,0.0,0.0
2022-10-28 15:30:00-04:00,46.2400016784668,46.439998626708984,46.02000045776367,46.08000183105469,73140,0.0,0.0
2022-10-31 09:30:00-04:00,45.709999084472656,45.775001525878906,45.060001373291016,45.2599983215332,13544,0.0,0.0
2022-10-31 10:30:00-04:00,44.79499816894531,45.72999954223633,44.68000030517578,45.72999954223633,38684,0.0,0.0
2022-10-31 11:30:00-04:00,45.869998931884766,46.279998779296875,45.4900016784668,45.54499816894531,29134,0.0,0.0
2022-10-31 12:30:00-04:00,45.470001220703125,45.875,45.349998474121094,45.869998931884766,6176,0.0,0.0
2022-10-31 13:30:00-04:00,46.060001373291016,46.279998779296875,46.060001373291016,46.255001068115234,10353,0.0,0.0
2022-10-31 14:30:00-04:00,46.25,46.30500030517578,45.70000076293945,45.95500183105469,18404,0.0,0.0
2022-10-31 15:30:00-04:00,46.01900100708008,46.18000030517578,45.689998626708984,46.040000915527344,40596,0.0,0.0
2022-11-01 09:30:00-04:00,46.13999938964844,46.348899841308594,45.0,45.349998474121094,17379,0.0,0.0
2022-11-01 10:30:00-04:00,45.4900016784668,45.584999084472656,44.47999954223633,44.915000915527344,36195,0.0,0.0
2022-11-01 11:30:00-04:00,44.90999984741211,45.2400016784668,44.630001068115234,44.8849983215332,13255,0.0,0.0
2022-11-01 12:30:00-04:00,45.119998931884766,45.720001220703125,45.02000045776367,45.689998626708984,6605,0.0,0.0
2022-11-01 13:30:00-04:00,45.59000015258789,45.68000030517578,45.029998779296875,45.029998779296875,10997,0.0,0.0
2022-11-01 14:30:00-04:00,45.0099983215332,45.310001373291016,44.95000076293945,44.970001220703125,23930,0.0,0.0
2022-11-01 15:30:00-04:00,44.970001220703125,45.36000061035156,44.834999084472656,45.310001373291016,55024,0.0,0.0
2022-11-02 09:30:00-04:00,45.029998779296875,45.029998779296875,43.99399948120117,44.82500076293945,14105,0.0,0.0
2022-11-02 10:30:00-04:00,44.93000030517578,45.11000061035156,44.349998474121094,44.959999084472656,20687,0.0,0.0
2022-11-02 11:30:00-04:00,45.084999084472656,45.119998931884766,44.720001220703125,44.80799865722656,11784,0.0,0.0
2022-11-02 12:30:00-04:00,44.76499938964844,45.27000045776367,44.650001525878906,45.20000076293945,9570,0.0,0.0
2022-11-02 13:30:00-04:00,45.27000045776367,46.317501068115234,44.720001220703125,46.317501068115234,28196,0.0,0.0
2022-11-02 14:30:00-04:00,46.224998474121094,46.224998474121094,44.13999938964844,44.189998626708984,45374,0.0,0.0
2022-11-02 15:30:00-04:00,44.15999984741211,44.7599983215332,44.040000915527344,44.70000076293945,77993,0.0,0.0
2022-11-03 09:30:00-04:00,44.060001373291016,44.56999969482422,42.310001373291016,43.26499938964844,60150,0.0,0.0
2022-11-03 10:30:00-04:00,43.0099983215332,43.54999923706055,42.28499984741211,42.28499984741211,95306,0.0,0.0
2022-11-03 11:30:00-04:00,42.349998474121094,42.72999954223633,42.2599983215332,42.2599983215332,27325,0.0,0.0
2022-11-03 12:30:00-04:00,42.22999954223633,42.459999084472656,41.560001373291016,41.968299865722656,54195,0.0,0.0
2022-11-03 13:30:00-04:00,42.03499984741211,42.03499984741211,41.162899017333984,41.162899017333984,26211,0.0,0.0
2022-11-03 14:30:00-04:00,41.150001525878906,41.2400016784668,40.43000030517578,41.08000183105469,77264,0.0,0.0
2022-11-03 15:30:00-04:00,40.98500061035156,41.7599983215332,40.959999084472656,41.29999923706055,129901,0.0,0.0
2022-11-04 09:30:00-04:00,45.0,46.54999923706055,43.470001220703125,45.185001373291016,226504,0.0,0.0
2022-11-04 10:30:00-04:00,45.375,45.900001525878906,45.029998779296875,45.5,78258,0.0,0.0
2022-11-04 11:30:00-04:00,45.404998779296875,45.59000015258789,44.209999084472656,44.48500061035156,36759,0.0,0.0
2022-11-04 12:30:00-04:00,44.5,45.439998626708984,44.5,45.189998626708984,63674,0.0,0.0
2022-11-04 13:30:00-04:00,44.9900016784668,45.07500076293945,44.45000076293945,44.70000076293945,52336,0.0,0.0
2022-11-04 14:30:00-04:00,44.58000183105469,44.818199157714844,43.70000076293945,43.70000076293945,58973,0.0,0.0
2022-11-04 15:30:00-04:00,43.709999084472656,44.040000915527344,43.619998931884766,43.79999923706055,130372,0.0,0.0
2022-11-07 09:30:00-05:00,43.880001068115234,45.130001068115234,43.38999938964844,45.130001068115234,23301,0.0,0.0
2022-11-07 10:30:00-05:00,44.94499969482422,44.94499969482422,44.16999816894531,44.5,26219,0.0,0.0
2022-11-07 11:30:00-05:00,44.5,44.54999923706055,43.54999923706055,44.435001373291016,18705,0.0,0.0
2022-11-07 12:30:00-05:00,44.439998626708984,45.08000183105469,44.439998626708984,44.529998779296875,91363,0.0,0.0
2022-11-07 13:30:00-05:00,44.75,45.27000045776367,44.607398986816406,45.27000045776367,32530,0.0,0.0
2022-11-07 14:30:00-05:00,45.310001373291016,45.63999938964844,44.75,45.060001373291016,50024,0.0,0.0
2022-11-07 15:30:00-05:00,45.060001373291016,45.22999954223633,44.849998474121094,45.20000076293945,71203,0.0,0.0
2022-11-08 09:30:00-05:00,45.0,45.20000076293945,41.779998779296875,42.06999969482422,65158,0.0,0.0
2022-11-08 10:30:00-05:00,42.27000045776367,42.470001220703125,41.36000061035156,42.25,110025,0.0,0.0
2022-11-08 11:30:00-05:00,42.060001373291016,43.459999084472656,41.65999984741211,43.369998931884766,130933,0.0,0.0
2022-11-08 12:30:00-05:00,43.20000076293945,43.93000030517578,42.904998779296875,42.904998779296875,39247,0.0,0.0
2022-11-08 13:30:00-05:00,42.90999984741211,42.939998626708984,42.16999816894531,42.36000061035156,41551,0.0,0.0
2022-11-08 14:30:00-05:00,42.45000076293945,42.95000076293945,42.099998474121094,42.34000015258789,87356,0.0,0.0
2022-11-08 15:30:00-05:00,42.209999084472656,43.349998474121094,42.209999084472656,42.93000030517578,117000,0.0,0.0
2022-11-09 09:30:00-05:00,42.16999816894531,43.165000915527344,41.560001373291016,42.75,82687,0.0,0.0
2022-11-09 10:30:00-05:00,42.77000045776367,42.77000045776367,41.34000015258789,41.650001525878906,30094,0.0,0.0
2022-11-09 11:30:00-05:00,41.404998779296875,41.84000015258789,41.404998779296875,41.72999954223633,18587,0.0,0.0
2022-11-09 12:30:00-05:00,41.744998931884766,41.755001068115234,40.95000076293945,40.974998474121094,27354,0.0,0.0
2022-11-09 13:30:00-05:00,40.93000030517578,40.93000030517578,40.380001068115234,40.77000045776367,30122,0.0,0.0
2022-11-09 14:30:00-05:00,40.744998931884766,41.01499938964844,40.34000015258789,40.34000015258789,78576,0.0,0.0
2022-11-09 15:30:00-05:00,40.27000045776367,40.4900016784668,39.59000015258789,39.650001525878906,114165,0.0,0.0
2022-11-10 09:30:00-05:00,41.5099983215332,43.36000061035156,41.0,43.099998474121094,67084,0.0,0.0
2022-11-10 10:30:00-05:00,43.0099983215332,44.099998474121094,42.7599983215332,43.85499954223633,42705,0.0,0.0
2022-11-10 11:30:00-05:00,43.93000030517578,43.97999954223633,43.130001068115234,43.130001068115234,33350,0.0,0.0
2022-11-10 12:30:00-05:00,43.09000015258789,43.09000015258789,42.459999084472656,42.63999938964844,33550,0.0,0.0
2022-11-10 13:30:00-05:00,42.529998779296875,43.150001525878906,42.29999923706055,42.9900016784668,87580,0.0,0.0
2022-11-10 14:30:00-05:00,43.04999923706055,43.209999084472656,42.72999954223633,42.880001068115234,31584,0.0,0.0
2022-11-10 15:30:00-05:00,42.970001220703125,43.279998779296875,42.86000061035156,43.27000045776367,71969,0.0,0.0
2022-11-11 09:30:00-05:00,43.20000076293945,44.54499816894531,42.81999969482422,44.04499816894531,63040,0.0,0.0
2022-11-11 10:30:00-05:00,44.022499084472656,44.26100158691406,43.1349983215332,43.5,32551,0.0,0.0
2022-11-11 11:30:00-05:00,43.470001220703125,44.060001373291016,43.45500183105469,43.75,32624,0.0,0.0
2022-11-11 12:30:00-05:00,43.81999969482422,44.04999923706055,43.66999816894531,44.04999923706055,50041,0.0,0.0
2022-11-11 13:30:00-05:00,44.01499938964844,44.04999923706055,43.20000076293945,43.7599983215332,34379,0.0,0.0
2022-11-11 14:30:00-05:00,44.0,44.439998626708984,43.75,44.3849983215332,82642,0.0,0.0
2022-11-11 15:30:00-05:00,44.400001525878906,44.650001525878906,44.36000061035156,44.43000030517578,90557,0.0,0.0
2022-11-14 09:30:00-05:00,44.119998931884766,44.63999938964844,43.0099983215332,44.119998931884766,26423,0.0,0.0
2022-11-14 10:30:00-05:00,44.400001525878906,44.45000076293945,43.709999084472656,43.7400016784668,11467,0.0,0.0
2022-11-14 11:30:00-05:00,43.880001068115234,44.130001068115234,43.30500030517578,43.45000076293945,12903,0.0,0.0
2022-11-14 12:30:00-05:00,43.31999969482422,44.540000915527344,43.25,44.540000915527344,58887,0.0,0.0
2022-11-14 13:30:00-05:00,44.529998779296875,44.56999969482422,44.099998474121094,44.099998474121094,12136,0.0,0.0
2022-11-14 14:30:00-05:00,44.150001525878906,44.209999084472656,43.654998779296875,43.94499969482422,22796,0.0,0.0
2022-11-14 15:30:00-05:00,43.939998626708984,44.191898345947266,43.59000015258789,43.77000045776367,55048,0.0,0.0
2022-11-15 09:30:00-05:00,44.68000030517578,45.38999938964844,44.290000915527344,44.91999816894531,43451,0.0,0.0
2022-11-15 10:30:00-05:00,44.959999084472656,45.060001373291016,44.5099983215332,44.709999084472656,36132,0.0,0.0
2022-11-15 11:30:00-05:00,44.689998626708984,45.0099983215332,44.689998626708984,44.790000915527344,9615,0.0,0.0
2022-11-15 12:30:00-05:00,44.84000015258789,45.0,43.96500015258789,43.96500015258789,21048,0.0,0.0
2022-11-15 13:30:00-05:00,43.86000061035156,44.505001068115234,43.6609992980957,44.43000030517578,26191,0.0,0.0
2022-11-15 14:30:00-05:00,44.5,44.5099983215332,43.935001373291016,43.94499969482422,20402,0.0,0.0
2022-11-15 15:30:00-05:00,43.939998626708984,44.52000045776367,43.90999984741211,44.29999923706055,60238,0.0,0.0
2022-11-16 09:30:00-05:00,43.95000076293945,44.47999954223633,42.13999938964844,43.41999816894531,17071,0.0,0.0
2022-11-16 10:30:00-05:00,43.334999084472656,43.5099983215332,43.029998779296875,43.049198150634766,10266,0.0,0.0
2022-11-16 11:30:00-05:00,43.0,43.0,42.349998474121094,42.36000061035156,5461,0.0,0.0
2022-11-16 12:30:00-05:00,42.47999954223633,42.93000030517578,42.40999984741211,42.54999923706055,11888,0.0,0.0
2022-11-16 13:30:00-05:00,42.58000183105469,42.630001068115234,42.20500183105469,42.33000183105469,13324,0.0,0.0
2022-11-16 14:30:00-05:00,42.29999923706055,42.34000015258789,42.02000045776367,42.02000045776367,49987,0.0,0.0
2022-11-16 15:30:00-05:00,42.0,42.630001068115234,41.91999816894531,42.5099983215332,227635,0.0,0.0
2022-11-17 09:30:00-05:00,41.59000015258789,42.310001373291016,41.400001525878906,41.40999984741211,14737,0.0,0.0
2022-11-17 10:30:00-05:00,41.22999954223633,41.400001525878906,40.88999938964844,41.400001525878906,24299,0.0,0.0
2022-11-17 11:30:00-05:00,41.27000045776367,41.83000183105469,41.029998779296875,41.83000183105469,11143,0.0,0.0
2022-11-17 12:30:00-05:00,41.83000183105469,42.18000030517578,41.619998931884766,42.13999938964844,16161,0.0,0.0
2022-11-17 13:30:00-05:00,42.119998931884766,42.43000030517578,42.0099983215332,42.279998779296875,24022,0.0,0.0
2022-11-17 14:30:00-05:00,42.279998779296875,42.32500076293945,42.060001373291016,42.165000915527344,20807,0.0,0.0
2022-11-17 15:30:00-05:00,42.22999954223633,42.56999969482422,42.119998931884766,42.540000915527344,38627,0.0,0.0
2022-11-18 09:30:00-05:00,43.560001373291016,44.189998626708984,42.80500030517578,43.51499938964844,51469,0.0,0.0
2022-11-18 10:30:00-05:00,43.209999084472656,43.279998779296875,42.52000045776367,42.939998626708984,16303,0.0,0.0
2022-11-18 11:30:00-05:00,43.0,43.29999923706055,42.56999969482422,42.86000061035156,51354,0.0,0.0
2022-11-18 12:30:00-05:00,42.88999938964844,43.56999969482422,42.84000015258789,43.55500030517578,23240,0.0,0.0
2022-11-18 13:30:00-05:00,43.57500076293945,44.005001068115234,43.470001220703125,43.724998474121094,84560,0.0,0.0
2022-11-18 14:30:00-05:00,43.654998779296875,43.849998474121094,43.47999954223633,43.7599983215332,36065,0.0,0.0
2022-11-18 15:30:00-05:00,43.79499816894531,43.93000030517578,43.43000030517578,43.529998779296875,70322,0.0,0.0
2022-11-21 09:30:00-05:00,43.689998626708984,44.150001525878906,43.459999084472656,43.68000030517578,24719,0.0,0.0
2022-11-21 10:30:00-05:00,43.900001525878906,44.05500030517578,43.720001220703125,44.04999923706055,21407,0.0,0.0
2022-11-21 11:30:00-05:00,44.025699615478516,44.060001373291016,43.76499938964844,43.83000183105469,17577,0.0,0.0
2022-11-21 12:30:00-05:00,43.83000183105469,43.900001525878906,43.38999938964844,43.7599983215332,17530,0.0,0.0
2022-11-21 13:30:00-05:00,43.77000045776367,43.869998931884766,43.599998474121094,43.7400016784668,14694,0.0,0.0
2022-11-21 14:30:00-05:00,43.75,43.849998474121094,42.915000915527344,42.959999084472656,73265,0.0,0.0
2022-11-21 15:30:00-05:00,42.970001220703125,43.34000015258789,42.95000076293945,42.95000076293945,101610,0.0,0.0
2022-11-22 09:30:00-05:00,43.029998779296875,43.06999969482422,42.58000183105469,42.67499923706055,31636,0.0,0.0
2022-11-22 10:30:00-05:00,42.68000030517578,43.310001373291016,42.5,43.029998779296875,32304,0.0,0.0
2022-11-22 11:30:00-05:00,43.029998779296875,43.060001373291016,42.7599983215332,42.85279846191406,13234,0.0,0.0
2022-11-22 12:30:00-05:00,42.9900016784668,43.09000015258789,42.5099983215332,42.54999923706055,107260,0.0,0.0
2022-11-22 13:30:00-05:00,42.44499969482422,42.7599983215332,42.44499969482422,42.560001373291016,19531,0.0,0.0
2022-11-22 14:30:00-05:00,42.560001373291016,42.88999938964844,42.560001373291016,42.619998931884766,28242,0.0,0.0
2022-11-22 15:30:00-05:00,42.810001373291016,42.959999084472656,42.599998474121094,42.7400016784668,40263,0.0,0.0
2022-11-23 09:30:00-05:00,42.43000030517578,42.5099983215332,40.941001892089844,41.630001068115234,23276,0.0,0.0
2022-11-23 10:30:00-05:00,41.52000045776367,43.380001068115234,41.369998931884766,43.20500183105469,45696,0.0,0.0
2022-11-23 11:30:00-05:00,43.20500183105469,43.39500045776367,42.72999954223633,43.29999923706055,11841,0.0,0.0
2022-11-23 12:30:00-05:00,43.29999923706055,43.29999923706055,42.54999923706055,42.61000061035156,21794,0.0,0.0
2022-11-23 13:30:00-05:00,42.61000061035156,43.11000061035156,42.61000061035156,42.88999938964844,32101,0.0,0.0
2022-11-23 14:30:00-05:00,42.869998931884766,43.040000915527344,42.755001068115234,42.880001068115234,25529,0.0,0.0
2022-11-23 15:30:00-05:00,42.790000915527344,43.09000015258789,42.619998931884766,42.72999954223633,34844,0.0,0.0
2022-11-25 09:30:00-05:00,42.83000183105469,43.2599983215332,42.540000915527344,42.7599983215332,15113,0.0,0.0
2022-11-25 10:30:00-05:00,42.845001220703125,42.90999984741211,42.72999954223633,42.79999923706055,12753,0.0,0.0
2022-11-25 11:30:00-05:00,42.7599983215332,43.005001068115234,42.625,43.005001068115234,7862,0.0,0.0
2022-11-28 09:30:00-05:00,42.880001068115234,42.880001068115234,42.150001525878906,42.369998931884766,10271,0.0,0.0
2022-11-28 10:30:00-05:00,42.4900016784668,42.4900016784668,41.650001525878906,42.43000030517578,17677,0.0,0.0
2022-11-28 11:30:00-05:00,42.43000030517578,42.529998779296875,42.119998931884766,42.349998474121094,9725,0.0,0.0
2022-11-28 12:30:00-05:00,42.209999084472656,42.209999084472656,41.709999084472656,41.84000015258789,5878,0.0,0.0
2022-11-28 13:30:00-05:00,41.720001220703125,42.04999923706055,41.33000183105469,41.45500183105469,18263,0.0,0.0
2022-11-28 14:30:00-05:00,41.45000076293945,42.119998931884766,41.310001373291016,42.01499938964844,32713,0.0,0.0
2022-11-28 15:30:00-05:00,42.11000061035156,42.47999954223633,42.025001525878906,42.41999816894531,64580,0.0,0.0
2022-11-29 09:30:00-05:00,42.29999923706055,43.25,42.0,42.959999084472656,29444,0.0,0.0
2022-11-29 10:30:00-05:00,42.88999938964844,42.974998474121094,42.65999984741211,42.900001525878906,30207,0.0,0.0
2022-11-29 11:30:00-05:00,42.900001525878906,43.650001525878906,42.900001525878906,43.38999938964844,35408,0.0,0.0
2022-11-29 12:30:00-05:00,43.40999984741211,43.560001373291016,43.05500030517578,43.05500030517578,17563,0.0,0.0
2022-11-29 13:30:00-05:00,43.06999969482422,43.790000915527344,43.060001373291016,43.52000045776367,54815,0.0,0.0
2022-11-29 14:30:00-05:00,43.51499938964844,43.790000915527344,43.349998474121094,43.650001525878906,27684,0.0,0.0
2022-11-29 15:30:00-05:00,43.619998931884766,43.810001373291016,43.599998474121094,43.61000061035156,51471,0.0,0.0
2022-11-30 09:30:00-05:00,43.790000915527344,44.91999816894531,43.5099983215332,44.625,0,0.0,0.0
2022-11-30 10:30:00-05:00,44.650001525878906,46.040000915527344,44.52000045776367,45.90999984741211,33885,0.0,0.0
2022-11-30 11:30:00-05:00,45.8849983215332,46.0099983215332,45.26499938964844,45.26499938964844,56665,0.0,0.0
2022-11-30 12:30:00-05:00,45.400001525878906,45.529998779296875,44.994998931884766,45.52000045776367,20230,0.0,0.0
2022-11-30 13:30:00-05:00,45.529998779296875,46.97999954223633,45.43000030517578,46.647499084472656,62662,0.0,0.0
2022-11-30 14:30:00-05:00,46.564998626708984,46.80500030517578,46.480098724365234,46.654998779296875,34344,0.0,0.0
2022-11-30 15:30:00-05:00,46.650001525878906,48.22999954223633,46.619998931884766,47.56999969482422,132646,0.0,0.0
2022-12-01 09:30:00-05:00,47.689998626708984,49.220001220703125,47.689998626708984,48.880001068115234,16527,0.0,0.0
2022-12-01 10:30:00-05:00,48.869998931884766,49.529998779296875,48.540000915527344,49.20000076293945,26452,0.0,0.0
2022-12-01 11:30:00-05:00,49.290000915527344,49.36000061035156,48.900001525878906,49.01499938964844,25665,0.0,0.0
2022-12-01 12:30:00-05:00,49.06999969482422,49.77000045776367,49.06999969482422,49.7599983215332,24712,0.0,0.0
2022-12-01 13:30:00-05:00,49.7599983215332,49.90999984741211,49.310001373291016,49.849998474121094,29510,0.0,0.0
2022-12-01 14:30:00-05:00,49.779998779296875,50.0099983215332,49.70000076293945,49.93000030517578,44825,0.0,0.0
2022-12-01 15:30:00-05:00,49.900001525878906,50.470001220703125,49.68000030517578,49.9900016784668,119620,0.0,0.0
2022-12-02 09:30:00-05:00,49.22999954223633,50.04999923706055,48.900001525878906,50.03499984741211,50960,0.0,0.0
2022-12-02 10:30:00-05:00,50.04499816894531,50.185001373291016,49.48500061035156,50.08000183105469,37431,0.0,0.0
2022-12-02 11:30:00-05:00,50.290000915527344,51.1349983215332,50.2400016784668,50.94499969482422,26163,0.0,0.0
2022-12-02 12:30:00-05:00,50.8916015625,51.099998474121094,50.709999084472656,51.029998779296875,18345,0.0,0.0
2022-12-02 13:30:00-05:00,51.060001373291016,51.13999938964844,50.5,50.560001373291016,53328,0.0,0.0
2022-12-02 14:30:00-05:00,50.55500030517578,51.915000915527344,50.55500030517578,51.814998626708984,60296,0.0,0.0
2022-12-02 15:30:00-05:00,51.814998626708984,51.93000030517578,51.1150016784668,51.27000045776367,71583,0.0,0.0
2022-12-05 09:30:00-05:00,51.0,51.0,49.959999084472656,50.58000183105469,17638,0.0,0.0
2022-12-05 10:30:00-05:00,50.57210159301758,51.54999923706055,50.48500061035156,51.470001220703125,25356,0.0,0.0
2022-12-05 11:30:00-05:00,51.470001220703125,51.470001220703125,51.1349983215332,51.185001373291016,29202,0.0,0.0
2022-12-05 12:30:00-05:00,51.20000076293945,51.40999984741211,51.04999923706055,51.189998626708984,16168,0.0,0.0
2022-12-05 13:30:00-05:00,51.209999084472656,51.4900016784668,51.11000061035156,51.369998931884766,16275,0.0,0.0
2022-12-05 14:30:00-05:00,51.31999969482422,51.689998626708984,50.96500015258789,51.20000076293945,48328,0.0,0.0
2022-12-05 15:30:00-05:00,51.209999084472656,51.779998779296875,51.191001892089844,51.66999816894531,45990,0.0,0.0
2022-12-06 09:30:00-05:00,51.7599983215332,52.88999938964844,51.380001068115234,52.470001220703125,41506,0.0,0.0
2022-12-06 10:30:00-05:00,52.560001373291016,52.560001373291016,50.810001373291016,51.349998474121094,35455,0.0,0.0
2022-12-06 11:30:00-05:00,51.459999084472656,51.5,51.06999969482422,51.4900016784668,16238,0.0,0.0
2022-12-06 12:30:00-05:00,51.529998779296875,51.529998779296875,50.20000076293945,50.20000076293945,76511,0.0,0.0
2022-12-06 13:30:00-05:00,50.29999923706055,50.29999923706055,49.65999984741211,49.79999923706055,33080,0.0,0.0
2022-12-06 14:30:00-05:00,49.619998931884766,50.22999954223633,49.43000030517578,50.060001373291016,33726,0.0,0.0
2022-12-06 15:30:00-05:00,50.130001068115234,50.4900016784668,50.029998779296875,50.029998779296875,65487,0.0,0.0
2022-12-07 09:30:00-05:00,49.290000915527344,50.78900146484375,49.130001068115234,49.130001068115234,54853,0.0,0.0
2022-12-07 10:30:00-05:00,49.11000061035156,49.5,48.650001525878906,49.14500045776367,19380,0.0,0.0
2022-12-07 11:30:00-05:00,49.09000015258789,49.59000015258789,48.88999938964844,49.220001220703125,7671,0.0,0.0
2022-12-07 12:30:00-05:00,49.38999938964844,49.38999938964844,49.02000045776367,49.16999816894531,17985,0.0,0.0
2022-12-07 13:30:00-05:00,49.125,49.75,48.79999923706055,49.59000015258789,17796,0.0,0.0
2022-12-07 14:30:00-05:00,49.54499816894531,49.7599983215332,49.369998931884766,49.650001525878906,37777,0.0,0.0
2022-12-07 15:30:00-05:00,49.67499923706055,50.064998626708984,49.59000015258789,49.650001525878906,45995,0.0,0.0
2022-12-08 09:30:00-05:00,43.20000076293945,46.27000045776367,43.0,44.68000030517578,954620,0.0,0.0
2022-12-08 10:30:00-05:00,44.709999084472656,46.81999969482422,44.709999084472656,46.81999969482422,323827,0.0,0.0
2022-12-08 11:30:00-05:00,46.7599983215332,47.869998931884766,46.27000045776367,46.54999923706055,184985,0.0,0.0
2022-12-08 12:30:00-05:00,46.54999923706055,46.779998779296875,45.970001220703125,46.560001373291016,234722,0.0,0.0
2022-12-08 13:30:00-05:00,46.560001373291016,46.869998931884766,45.56999969482422,46.470001220703125,129849,0.0,0.0
2022-12-08 14:30:00-05:00,46.415000915527344,46.77899932861328,46.290000915527344,46.59000015258789,91227,0.0,0.0
2022-12-08 15:30:00-05:00,46.56999969482422,47.34000015258789,46.47999954223633,47.27000045776367,311197,0.0,0.0
2022-12-09 09:30:00-05:00,47.15999984741211,49.14500045776367,47.13999938964844,48.625,0,0.0,0.0
2022-12-09 10:30:00-05:00,48.7400016784668,48.849998474121094,47.88999938964844,47.935001373291016,63615,0.0,0.0
2022-12-09 11:30:00-05:00,47.970001220703125,48.31999969482422,47.77000045776367,48.150001525878906,52045,0.0,0.0
2022-12-09 12:30:00-05:00,48.150001525878906,48.150001525878906,47.462501525878906,47.53499984741211,93360,0.0,0.0
2022-12-09 13:30:00-05:00,47.53499984741211,47.70000076293945,47.04999923706055,47.220001220703125,79401,0.0,0.0
2022-12-09 14:30:00-05:00,47.2599983215332,48.25,47.209999084472656,48.15999984741211,94679,0.0,0.0
2022-12-09 15:30:00-05:00,48.15999984741211,48.52000045776367,48.08000183105469,48.09000015258789,98695,0.0,0.0
2022-12-12 09:30:00-05:00,48.2400016784668,49.25,47.939998626708984,49.20000076293945,0,0.0,0.0
2022-12-12 10:30:00-05:00,49.05500030517578,50.59000015258789,49.05500030517578,50.165000915527344,27717,0.0,0.0
2022-12-12 11:30:00-05:00,50.19499969482422,50.36750030517578,49.505001068115234,50.30500030517578,49117,0.0,0.0
2022-12-12 12:30:00-05:00,50.30500030517578,50.4900016784668,49.619998931884766,49.7400016784668,49133,0.0,0.0
2022-12-12 13:30:00-05:00,49.7400016784668,50.00899887084961,49.66999816894531,49.689998626708984,23456,0.0,0.0
2022-12-12 14:30:00-05:00,49.55500030517578,49.66999816894531,48.689998626708984,48.88999938964844,67212,0.0,0.0
2022-12-12 15:30:00-05:00,48.849998474121094,48.849998474121094,48.17100143432617,48.40999984741211,121138,0.0,0.0
2022-12-13 09:30:00-05:00,50.0,50.5099983215332,48.470001220703125,48.470001220703125,117668,0.0,0.0
2022-12-13 10:30:00-05:00,48.400001525878906,48.9900016784668,48.13999938964844,48.77000045776367,55257,0.0,0.0
2022-12-13 11:30:00-05:00,48.88999938964844,49.0,48.0099983215332,48.345001220703125,32486,0.0,0.0
2022-12-13 12:30:00-05:00,48.310001373291016,48.69499969482422,48.22999954223633,48.625,31754,0.0,0.0
2022-12-13 13:30:00-05:00,48.720001220703125,48.79999923706055,48.04999923706055,48.04999923706055,30260,0.0,0.0
2022-12-13 14:30:00-05:00,48.154998779296875,48.584999084472656,47.82500076293945,48.02000045776367,49580,0.0,0.0
2022-12-13 15:30:00-05:00,48.11000061035156,48.529998779296875,48.11000061035156,48.470001220703125,96263,0.0,0.0
2022-12-14 09:30:00-05:00,48.27000045776367,49.525901794433594,47.1349983215332,49.189998626708984,23999,0.0,0.0
2022-12-14 10:30:00-05:00,49.35499954223633,49.7400016784668,49.2400016784668,49.43000030517578,21373,0.0,0.0
2022-12-14 11:30:00-05:00,49.54499816894531,49.619998931884766,49.0,49.169898986816406,18962,0.0,0.0
2022-12-14 12:30:00-05:00,49.09000015258789,49.09000015258789,48.91999816894531,48.91999816894531,12997,0.0,0.0
2022-12-14 13:30:00-05:00,48.959999084472656,49.005001068115234,47.939998626708984,47.970001220703125,32724,0.0,0.0
2022-12-14 14:30:00-05:00,47.939998626708984,48.45000076293945,47.29999923706055,47.65999984741211,51977,0.0,0.0
2022-12-14 15:30:00-05:00,47.66999816894531,48.84000015258789,47.42100143432617,48.61000061035156,53337,0.0,0.0
2022-12-15 09:30:00-05:00,47.40999984741211,47.83000183105469,46.18000030517578,46.71500015258789,40208,0.0,0.0
2022-12-15 10:30:00-05:00,46.6609992980957,46.81999969482422,46.22010040283203,46.4900016784668,29866,0.0,0.0
2022-12-15 11:30:00-05:00,46.57500076293945,46.57500076293945,46.29999923706055,46.4900016784668,36033,0.0,0.0
2022-12-15 12:30:00-05:00,46.5,47.08000183105469,46.349998474121094,46.349998474121094,27452,0.0,0.0
2022-12-15 13:30:00-05:00,46.47999954223633,46.4900016784668,44.380001068115234,44.665000915527344,97323,0.0,0.0
2022-12-15 14:30:00-05:00,44.689998626708984,46.040000915527344,44.42100143432617,46.040000915527344,71368,0.0,0.0
2022-12-15 15:30:00-05:00,46.0099983215332,46.15999984741211,45.47999954223633,46.0,138098,0.0,0.0
2022-12-16 09:30:00-05:00,45.0099983215332,45.779998779296875,44.45000076293945,44.959999084472656,62770,0.0,0.0
2022-12-16 10:30:00-05:00,44.869998931884766,45.11000061035156,44.369998931884766,44.95000076293945,37317,0.0,0.0
2022-12-16 11:30:00-05:00,44.849998474121094,44.90999984741211,44.310001373291016,44.5,40034,0.0,0.0
2022-12-16 12:30:00-05:00,44.540000915527344,44.630001068115234,44.16999816894531,44.560001373291016,21607,0.0,0.0
2022-12-16 13:30:00-05:00,44.5,44.71500015258789,44.40999984741211,44.439998626708984,20639,0.0,0.0
2022-12-16 14:30:00-05:00,44.560001373291016,44.72999954223633,44.119998931884766,44.72999954223633,43985,0.0,0.0
2022-12-16 15:30:00-05:00,44.79999923706055,45.66999816894531,44.7400016784668,45.529998779296875,93736,0.0,0.0
2022-12-19 09:30:00-05:00,45.41999816894531,45.61899948120117,44.529998779296875,45.56999969482422,36172,0.0,0.0
2022-12-19 10:30:00-05:00,45.560001373291016,45.63999938964844,45.16999816894531,45.20000076293945,27760,0.0,0.0
2022-12-19 11:30:00-05:00,45.189998626708984,45.29999923706055,44.9900016784668,45.0,28737,0.0,0.0
2022-12-19 12:30:00-05:00,44.9900016784668,45.09000015258789,44.810001373291016,44.939998626708984,29496,0.0,0.0
2022-12-19 13:30:00-05:00,44.93000030517578,45.06999969482422,44.75,44.95000076293945,28228,0.0,0.0
2022-12-19 14:30:00-05:00,45.02000045776367,45.1150016784668,44.369998931884766,44.369998931884766,62328,0.0,0.0
2022-12-19 15:30:00-05:00,44.43000030517578,44.970001220703125,44.41999816894531,44.459999084472656,101523,0.0,0.0
2022-12-20 09:30:00-05:00,44.11000061035156,44.630001068115234,43.42499923706055,44.279998779296875,14005,0.0,0.0
2022-12-20 10:30:00-05:00,44.45000076293945,45.11000061035156,44.349998474121094,44.88079833984375,20967,0.0,0.0
2022-12-20 11:30:00-05:00,44.963199615478516,45.540000915527344,44.939998626708984,45.31999969482422,17399,0.0,0.0
2022-12-20 12:30:00-05:00,45.2400016784668,45.29999923706055,45.099998474121094,45.255001068115234,11667,0.0,0.0
2022-12-20 13:30:00-05:00,45.2400016784668,45.88999938964844,45.2400016784668,45.849998474121094,13700,0.0,0.0
2022-12-20 14:30:00-05:00,45.849998474121094,45.88999938964844,45.279998779296875,45.30500030517578,19702,0.0,0.0
2022-12-20 15:30:00-05:00,45.279998779296875,45.279998779296875,44.86000061035156,44.86000061035156,49796,0.0,0.0
2022-12-21 09:30:00-05:00,45.130001068115234,46.369998931884766,44.68000030517578,46.369998931884766,0,0.0,0.0
2022-12-21 10:30:00-05:00,46.33000183105469,47.16999816894531,46.29999923706055,47.130001068115234,18077,0.0,0.0
2022-12-21 11:30:00-05:00,47.11000061035156,47.189998626708984,46.2400016784668,46.25,25061,0.0,0.0
2022-12-21 12:30:00-05:00,46.290000915527344,46.63999938964844,46.2599983215332,46.2599983215332,31306,0.0,0.0
2022-12-21 13:30:00-05:00,46.25,46.61000061035156,46.119998931884766,46.404998779296875,25682,0.0,0.0
2022-12-21 14:30:00-05:00,46.404998779296875,46.529998779296875,46.29999923706055,46.29999923706055,52862,0.0,0.0
2022-12-21 15:30:00-05:00,46.209999084472656,46.209999084472656,45.63999938964844,45.88999938964844,71541,0.0,0.0
2022-12-22 09:30:00-05:00,45.75,45.75,44.470001220703125,45.310001373291016,48784,0.0,0.0
2022-12-22 10:30:00-05:00,45.02000045776367,45.37900161743164,44.790000915527344,44.790000915527344,17773,0.0,0.0
2022-12-22 11:30:00-05:00,44.834999084472656,45.189998626708984,44.60499954223633,44.834999084472656,14284,0.0,0.0
2022-12-22 12:30:00-05:00,44.790000915527344,44.83000183105469,44.5,44.54499816894531,10377,0.0,0.0
2022-12-22 13:30:00-05:00,44.47999954223633,44.599998474121094,44.290000915527344,44.459999084472656,16497,0.0,0.0
2022-12-22 14:30:00-05:00,44.58000183105469,45.310001373291016,44.58000183105469,45.26499938964844,18276,0.0,0.0
2022-12-22 15:30:00-05:00,45.310001373291016,45.400001525878906,45.060001373291016,45.099998474121094,58542,0.0,0.0
2022-12-23 09:30:00-05:00,44.79999923706055,45.040000915527344,43.91999816894531,44.6349983215332,19470,0.0,0.0
2022-12-23 10:30:00-05:00,44.665000915527344,44.7599983215332,44.04999923706055,44.334999084472656,14109,0.0,0.0
2022-12-23 11:30:00-05:00,44.38999938964844,44.43000030517578,44.150001525878906,44.15999984741211,13790,0.0,0.0
2022-12-23 12:30:00-05:00,44.290000915527344,44.38999938964844,43.959999084472656,44.26499938964844,23069,0.0,0.0
2022-12-23 13:30:00-05:00,44.209999084472656,44.25,44.029998779296875,44.08000183105469,30422,0.0,0.0
2022-12-23 14:30:00-05:00,44.06999969482422,44.20000076293945,43.68000030517578,43.900001525878906,33689,0.0,0.0
2022-12-23 15:30:00-05:00,43.880001068115234,43.95000076293945,43.779998779296875,43.81999969482422,43171,0.0,0.0
2022-12-27 09:30:00-05:00,43.630001068115234,43.66999816894531,42.59000015258789,43.54999923706055,13786,0.0,0.0
2022-12-27 10:30:00-05:00,43.54999923706055,43.630001068115234,43.22050094604492,43.380001068115234,22447,0.0,0.0
2022-12-27 11:30:00-05:00,43.54999923706055,43.81999969482422,43.470001220703125,43.57500076293945,14178,0.0,0.0
2022-12-27 12:30:00-05:00,43.529998779296875,43.529998779296875,43.279998779296875,43.415000915527344,13119,0.0,0.0
2022-12-27 13:30:00-05:00,43.380001068115234,43.41999816894531,42.7400016784668,42.775001525878906,14893,0.0,0.0
2022-12-27 14:30:00-05:00,42.709999084472656,42.869998931884766,42.650001525878906,42.77000045776367,24378,0.0,0.0
2022-12-27 15:30:00-05:00,42.744998931884766,42.84000015258789,42.47999954223633,42.72999954223633,49431,0.0,0.0
2022-12-28 09:30:00-05:00,42.0099983215332,42.3650016784668,41.529998779296875,42.119998931884766,23694,0.0,0.0
2022-12-28 10:30:00-05:00,42.130001068115234,42.209999084472656,41.880001068115234,42.209999084472656,23690,0.0,0.0
2022-12-28 11:30:00-05:00,42.220001220703125,42.220001220703125,41.81999969482422,42.17499923706055,20209,0.0,0.0
2022-12-28 12:30:00-05:00,42.154998779296875,42.5,42.02000045776367,42.02000045776367,17389,0.0,0.0
2022-12-28 13:30:00-05:00,41.97999954223633,42.130001068115234,41.849998474121094,42.11000061035156,16403,0.0,0.0
2022-12-28 14:30:00-05:00,42.09000015258789,42.540000915527344,42.08000183105469,42.39500045776367,56737,0.0,0.0
2022-12-28 15:30:00-05:00,42.45000076293945,42.599998474121094,42.36000061035156,42.4900016784668,65013,0.0,0.0
2022-12-29 09:30:00-05:00,42.90999984741211,44.13999938964844,42.380001068115234,43.47999954223633,0,0.0,0.0
2022-12-29 10:30:00-05:00,43.5099983215332,43.83000183105469,43.41999816894531,43.83000183105469,17137,0.0,0.0
2022-12-29 11:30:00-05:00,43.869998931884766,44.18000030517578,43.869998931884766,44.02000045776367,11358,0.0,0.0
2022-12-29 12:30:00-05:00,43.88999938964844,44.029998779296875,43.73500061035156,43.90999984741211,13305,0.0,0.0
2022-12-29 13:30:00-05:00,43.95000076293945,44.15999984741211,43.93000030517578,44.060001373291016,7855,0.0,0.0
2022-12-29 14:30:00-05:00,43.95000076293945,44.06990051269531,43.7400016784668,43.7599983215332,16357,0.0,0.0
2022-12-29 15:30:00-05:00,43.72999954223633,43.81999969482422,43.34000015258789,43.38999938964844,43358,0.0,0.0
2022-12-30 09:30:00-05:00,42.97999954223633,43.5099983215332,42.439998626708984,43.0099983215332,54748,0.0,0.0
2022-12-30 10:30:00-05:00,43.15999984741211,43.4900016784668,42.834999084472656,42.900001525878906,17393,0.0,0.0
2022-12-30 11:30:00-05:00,42.939998626708984,43.209999084472656,42.75,42.779998779296875,17040,0.0,0.0
2022-12-30 12:30:00-05:00,42.849998474121094,43.5,42.849998474121094,43.33000183105469,14513,0.0,0.0
2022-12-30 13:30:00-05:00,43.3849983215332,43.75,43.33000183105469,43.45500183105469,31103,0.0,0.0
2022-12-30 14:30:00-05:00,43.4900016784668,44.119998931884766,43.369998931884766,44.119998931884766,61628,0.0,0.0
2022-12-30 15:30:00-05:00,43.9900016784668,44.439998626708984,43.86000061035156,44.33000183105469,102304,0.0,0.0
2023-01-03 09:30:00-05:00,44.970001220703125,45.459999084472656,43.5099983215332,43.529998779296875,18633,0.0,0.0
2023-01-03 10:30:00-05:00,43.47999954223633,43.4900016784668,42.97999954223633,43.20500183105469,25100,0.0,0.0
2023-01-03 11:30:00-05:00,43.180999755859375,43.180999755859375,42.61000061035156,42.939998626708984,14413,0.0,0.0
2023-01-03 12:30:00-05:00,42.96500015258789,43.18000030517578,42.665000915527344,43.15999984741211,23346,0.0,0.0
2023-01-03 13:30:00-05:00,43.167999267578125,43.2400016784668,42.720001220703125,42.76499938964844,23394,0.0,0.0
2023-01-03 14:30:00-05:00,42.70000076293945,42.939998626708984,42.44499969482422,42.599998474121094,43859,0.0,0.0
2023-01-03 15:30:00-05:00,42.68000030517578,43.029998779296875,42.56999969482422,42.709999084472656,58253,0.0,0.0
2023-01-04 09:30:00-05:00,43.15999984741211,43.20750045776367,41.790000915527344,41.877498626708984,46122,0.0,0.0
2023-01-04 10:30:00-05:00,41.91999816894531,43.185001373291016,41.810001373291016,42.92499923706055,24505,0.0,0.0
2023-01-04 11:30:00-05:00,43.0099983215332,43.43000030517578,42.967498779296875,43.1150016784668,37830,0.0,0.0
2023-01-04 12:30:00-05:00,43.18000030517578,43.47999954223633,43.060001373291016,43.209999084472656,10654,0.0,0.0
2023-01-04 13:30:00-05:00,43.20000076293945,43.34000015258789,42.224998474121094,42.224998474121094,29408,0.0,0.0
2023-01-04 14:30:00-05:00,42.20000076293945,42.630001068115234,42.060001373291016,42.17499923706055,27169,0.0,0.0
2023-01-04 15:30:00-05:00,42.130001068115234,42.15999984741211,41.85499954223633,42.06999969482422,77640,0.0,0.0
2023-01-05 09:30:00-05:00,41.849998474121094,41.849998474121094,41.22999954223633,41.57500076293945,27387,0.0,0.0
2023-01-05 10:30:00-05:00,41.68000030517578,41.68000030517578,41.25,41.439998626708984,25901,0.0,0.0
2023-01-05 11:30:00-05:00,41.459999084472656,41.599998474121094,41.39500045776367,41.52000045776367,19999,0.0,0.0
2023-01-05 12:30:00-05:00,41.4900016784668,41.4900016784668,40.38999938964844,41.25,56246,0.0,0.0
2023-01-05 13:30:00-05:00,41.154998779296875,41.369998931884766,41.13999938964844,41.224998474121094,49066,0.0,0.0
2023-01-05 14:30:00-05:00,41.154998779296875,41.36000061035156,40.849998474121094,40.875,24825,0.0,0.0
2023-01-05 15:30:00-05:00,40.86000061035156,41.22999954223633,40.77000045776367,40.88999938964844,124989,0.0,0.0
2023-01-06 09:30:00-05:00,41.31999969482422,41.31999969482422,39.7599983215332,40.44499969482422,21819,0.0,0.0
2023-01-06 10:30:00-05:00,40.36000061035156,41.189998626708984,40.20000076293945,41.08000183105469,30703,0.0,0.0
2023-01-06 11:30:00-05:00,41.060001373291016,41.310001373291016,40.66999816894531,40.75,9992,0.0,0.0
2023-01-06 12:30:00-05:00,40.7400016784668,40.869998931884766,40.52000045776367,40.869998931884766,16936,0.0,0.0
2023-01-06 13:30:00-05:00,40.849998474121094,41.099998474121094,40.70000076293945,41.029998779296875,19329,0.0,0.0
2023-01-06 14:30:00-05:00,41.06999969482422,41.56999969482422,41.0099983215332,41.16999816894531,30841,0.0,0.0
2023-01-06 15:30:00-05:00,41.154998779296875,41.224998474121094,40.290000915527344,40.41999816894531,108960,0.0,0.0
2023-01-09 09:30:00-05:00,36.38999938964844,37.2599983215332,29.489999771118164,30.125,936833,0.0,0.0
2023-01-09 10:30:00-05:00,30.15999984741211,31.424999237060547,29.940000534057617,31.135000228881836,534639,0.0,0.0
2023-01-09 11:30:00-05:00,31.139999389648438,32.41999816894531,30.68000030517578,30.844999313354492,295331,0.0,0.0
2023-01-09 12:30:00-05:00,30.850000381469727,31.399999618530273,30.75,30.829999923706055,142319,0.0,0.0
2023-01-09 13:30:00-05:00,30.809999465942383,31.420000076293945,30.299999237060547,31.200000762939453,239971,0.0,0.0
2023-01-09 14:30:00-05:00,31.19499969482422,31.899999618530273,31.0049991607666,31.15999984741211,225792,0.0,0.0
2023-01-09 15:30:00-05:00,31.15999984741211,31.399999618530273,30.75,31.0,366660,0.0,0.0
2023-01-10 09:30:00-05:00,31.149999618530273,31.5,30.520000457763672,30.799999237060547,102676,0.0,0.0
2023-01-10 10:30:00-05:00,30.809999465942383,31.43000030517578,30.5,31.36520004272461,172647,0.0,0.0
2023-01-10 11:30:00-05:00,31.3700008392334,31.6200008392334,31.0,31.200000762939453,108515,0.0,0.0
2023-01-10 12:30:00-05:00,31.200000762939453,31.260000228881836,30.610000610351562,30.649999618530273,76761,0.0,0.0
2023-01-10 13:30:00-05:00,30.670000076293945,30.959999084472656,30.25,30.485000610351562,122927,0.0,0.0
2023-01-10 14:30:00-05:00,30.5,30.540000915527344,30.010000228881836,30.209999084472656,141151,0.0,0.0
2023-01-10 15:30:00-05:00,30.209999084472656,30.270000457763672,29.719999313354492,29.780000686645508,251134,0.0,0.0
2023-01-11 09:30:00-05:00,29.270000457763672,29.34000015258789,27.56999969482422,28.049999237060547,256285,0.0,0.0
2023-01-11 10:30:00-05:00,28.049999237060547,28.049999237060547,27.30579948425293,27.69499969482422,146930,0.0,0.0
2023-01-11 11:30:00-05:00,27.69499969482422,27.969999313354492,26.84000015258789,26.8799991607666,104554,0.0,0.0
2023-01-11 12:30:00-05:00,26.875,28.729999542236328,26.809999465942383,27.81999969482422,269445,0.0,0.0
2023-01-11 13:30:00-05:00,27.770000457763672,28.03499984741211,27.450000762939453,27.90999984741211,129227,0.0,0.0
2023-01-11 14:30:00-05:00,27.907499313354492,27.93000030517578,27.190000534057617,27.200000762939453,121386,0.0,0.0
2023-01-11 15:30:00-05:00,27.200000762939453,27.969999313354492,27.200000762939453,27.79990005493164,287898,0.0,0.0
2023-01-12 09:30:00-05:00,27.950000762939453,28.25,26.514999389648438,26.920000076293945,143324,0.0,0.0
2023-01-12 10:30:00-05:00,26.889999389648438,27.110000610351562,26.770000457763672,26.959999084472656,111916,0.0,0.0
2023-01-12 11:30:00-05:00,26.950000762939453,28.190000534057617,26.93000030517578,28.09000015258789,81229,0.0,0.0
2023-01-12 12:30:00-05:00,28.1200008392334,28.360000610351562,27.799999237060547,27.8799991607666,70007,0.0,0.0
2023-01-12 13:30:00-05:00,27.864999771118164,28.329999923706055,27.770000457763672,28.219999313354492,70299,0.0,0.0
2023-01-12 14:30:00-05:00,28.219999313354492,28.84000015258789,28.09000015258789,28.80500030517578,115416,0.0,0.0
2023-01-12 15:30:00-05:00,28.80500030517578,28.93000030517578,28.579999923706055,28.8700008392334,218790,0.0,0.0
2023-01-13 09:30:00-05:00,29.0,30.996400833129883,28.889999389648438,30.690000534057617,300245,0.0,0.0
2023-01-13 10:30:00-05:00,30.735000610351562,32.08000183105469,30.59000015258789,31.399999618530273,212299,0.0,0.0
2023-01-13 11:30:00-05:00,31.375,31.75,31.059999465942383,31.600000381469727,131581,0.0,0.0
2023-01-13 12:30:00-05:00,31.690000534057617,31.90999984741211,31.5,31.670000076293945,69706,0.0,0.0
2023-01-13 13:30:00-05:00,31.674999237060547,31.920000076293945,31.3799991607666,31.594999313354492,86206,0.0,0.0
2023-01-13 14:30:00-05:00,31.559999465942383,31.860000610351562,31.239999771118164,31.739999771118164,113511,0.0,0.0
2023-01-13 15:30:00-05:00,31.690000534057617,32.47999954223633,31.6299991607666,32.439998626708984,237173,0.0,0.0
2023-01-17 09:30:00-05:00,32.040000915527344,33.12099838256836,31.99139976501465,32.810001373291016,130490,0.0,0.0
2023-01-17 10:30:00-05:00,32.80500030517578,33.05099868774414,32.689998626708984,33.0099983215332,112070,0.0,0.0
2023-01-17 11:30:00-05:00,32.95000076293945,34.474998474121094,32.939998626708984,34.040000915527344,121056,0.0,0.0
2023-01-17 12:30:00-05:00,34.03499984741211,34.64500045776367,33.68000030517578,34.64500045776367,110306,0.0,0.0
2023-01-17 13:30:00-05:00,34.625,35.01499938964844,34.349998474121094,34.7599983215332,123913,0.0,0.0
2023-01-17 14:30:00-05:00,34.79999923706055,34.91999816894531,34.400001525878906,34.775001525878906,130417,0.0,0.0
2023-01-17 15:30:00-05:00,34.79999923706055,34.79999923706055,34.0099983215332,34.459999084472656,253659,0.0,0.0
2023-01-18 09:30:00-05:00,34.459999084472656,34.979000091552734,32.64149856567383,33.70500183105469,79825,0.0,0.0
2023-01-18 10:30:00-05:00,33.59000015258789,34.27000045776367,33.30500030517578,33.80500030517578,86247,0.0,0.0
2023-01-18 11:30:00-05:00,33.810001373291016,33.88999938964844,33.51499938964844,33.689998626708984,43328,0.0,0.0
2023-01-18 12:30:00-05:00,33.69499969482422,33.75,33.150001525878906,33.720001220703125,56693,0.0,0.0
2023-01-18 13:30:00-05:00,33.75,33.95000076293945,33.349998474121094,33.619998931884766,52774,0.0,0.0
2023-01-18 14:30:00-05:00,33.61000061035156,33.93000030517578,33.560001373291016,33.880001068115234,59565,0.0,0.0
2023-01-18 15:30:00-05:00,33.869998931884766,33.90999984741211,33.58000183105469,33.779998779296875,207871,0.0,0.0
2023-01-19 09:30:00-05:00,33.459999084472656,34.43000030517578,32.650001525878906,33.58000183105469,67448,0.0,0.0
2023-01-19 10:30:00-05:00,33.45000076293945,33.470001220703125,32.61000061035156,32.88999938964844,304518,0.0,0.0
2023-01-19 11:30:00-05:00,32.90999984741211,33.470001220703125,32.66999816894531,33.334999084472656,40668,0.0,0.0
2023-01-19 12:30:00-05:00,33.29999923706055,33.880001068115234,33.29999923706055,33.68000030517578,39742,0.0,0.0
2023-01-19 13:30:00-05:00,33.689998626708984,34.04999923706055,33.11000061035156,33.2599983215332,53623,0.0,0.0
2023-01-19 14:30:00-05:00,33.20000076293945,33.630001068115234,33.10499954223633,33.380001068115234,78570,0.0,0.0
2023-01-19 15:30:00-05:00,33.380001068115234,33.415000915527344,32.560001373291016,32.61000061035156,140832,0.0,0.0
2023-01-20 09:30:00-05:00,32.939998626708984,33.11000061035156,31.704999923706055,33.029998779296875,49496,0.0,0.0
2023-01-20 10:30:00-05:00,33.029998779296875,33.029998779296875,32.48500061035156,32.95500183105469,26971,0.0,0.0
2023-01-20 11:30:00-05:00,32.95500183105469,33.38850021362305,32.849998474121094,33.33000183105469,29010,0.0,0.0
2023-01-20 12:30:00-05:00,33.28499984741211,33.81999969482422,33.09000015258789,33.72999954223633,53441,0.0,0.0
2023-01-20 13:30:00-05:00,33.72999954223633,34.02000045776367,33.470001220703125,33.939998626708984,65305,0.0,0.0
2023-01-20 14:30:00-05:00,33.93000030517578,34.68000030517578,33.86000061035156,34.45000076293945,60183,0.0,0.0
2023-01-20 15:30:00-05:00,34.41999816894531,34.97999954223633,34.400001525878906,34.650001525878906,139529,0.0,0.0
2023-01-23 09:30:00-05:00,34.77000045776367,35.66999816894531,34.66999816894531,34.915000915527344,75626,0.0,0.0
2023-01-23 10:30:00-05:00,34.84000015258789,34.95000076293945,34.09000015258789,34.43000030517578,65835,0.0,0.0
2023-01-23 11:30:00-05:00,34.41999816894531,35.61000061035156,34.33000183105469,35.61000061035156,62356,0.0,0.0
2023-01-23 12:30:00-05:00,35.560001373291016,35.650001525878906,35.290000915527344,35.380001068115234,70748,0.0,0.0
2023-01-23 13:30:00-05:00,35.31999969482422,35.31999969482422,34.78499984741211,34.97999954223633,50953,0.0,0.0
2023-01-23 14:30:00-05:00,35.0,35.0,34.38999938964844,34.619998931884766,40243,0.0,0.0
2023-01-23 15:30:00-05:00,34.619998931884766,34.84000015258789,34.439998626708984,34.459999084472656,92906,0.0,0.0
2023-01-24 09:30:00-05:00,34.31999969482422,34.86000061035156,33.880001068115234,34.189998626708984,37377,0.0,0.0
2023-01-24 10:30:00-05:00,34.1150016784668,34.43000030517578,33.76499938964844,34.15999984741211,27768,0.0,0.0
2023-01-24 11:30:00-05:00,34.13999938964844,34.25,34.0,34.09000015258789,32695,0.0,0.0
2023-01-24 12:30:00-05:00,34.029998779296875,34.150001525878906,33.529998779296875,33.529998779296875,19500,0.0,0.0
2023-01-24 13:30:00-05:00,33.54499816894531,33.790000915527344,33.220001220703125,33.529998779296875,70376,0.0,0.0
2023-01-24 14:30:00-05:00,33.470001220703125,33.650001525878906,33.220001220703125,33.22999954223633,49424,0.0,0.0
2023-01-24 15:30:00-05:00,33.22999954223633,33.689998626708984,33.11000061035156,33.65999984741211,119881,0.0,0.0
2023-01-25 09:30:00-05:00,33.2400016784668,33.40999984741211,32.584999084472656,33.05500030517578,72957,0.0,0.0
2023-01-25 10:30:00-05:00,33.040000915527344,33.630001068115234,32.849998474121094,33.29999923706055,25188,0.0,0.0
2023-01-25 11:30:00-05:00,33.33000183105469,33.459999084472656,33.029998779296875,33.11000061035156,16428,0.0,0.0
2023-01-25 12:30:00-05:00,33.029998779296875,33.47999954223633,33.029998779296875,33.45500183105469,18281,0.0,0.0
2023-01-25 13:30:00-05:00,33.470001220703125,33.893699645996094,33.41999816894531,33.84000015258789,24877,0.0,0.0
2023-01-25 14:30:00-05:00,33.810001373291016,34.048500061035156,33.66999816894531,33.83000183105469,31055,0.0,0.0
2023-01-25 15:30:00-05:00,33.88999938964844,34.2400016784668,33.630001068115234,34.189998626708984,82475,0.0,0.0
2023-01-26 09:30:00-05:00,34.68000030517578,35.779998779296875,34.310001373291016,35.099998474121094,73259,0.0,0.0
2023-01-26 10:30:00-05:00,35.095001220703125,35.27000045776367,34.279998779296875,34.314998626708984,35804,0.0,0.0
2023-01-26 11:30:00-05:00,34.310001373291016,34.47999954223633,33.7599983215332,34.43000030517578,31401,0.0,0.0
2023-01-26 12:30:00-05:00,34.400001525878906,34.564998626708984,34.18000030517578,34.5099983215332,31248,0.0,0.0
2023-01-26 13:30:00-05:00,34.4900016784668,34.90999984741211,34.40999984741211,34.630001068115234,40251,0.0,0.0
2023-01-26 14:30:00-05:00,34.56999969482422,34.77000045776367,34.459999084472656,34.48500061035156,58226,0.0,0.0
2023-01-26 15:30:00-05:00,34.459999084472656,34.5,33.95000076293945,34.2400016784668,179206,0.0,0.0
2023-01-27 09:30:00-05:00,34.400001525878906,34.90999984741211,34.0,34.5,38250,0.0,0.0
2023-01-27 10:30:00-05:00,34.439998626708984,34.779998779296875,34.119998931884766,34.31999969482422,68876,0.0,0.0
2023-01-27 11:30:00-05:00,34.34000015258789,34.619998931884766,34.34000015258789,34.599998474121094,9857,0.0,0.0
2023-01-27 12:30:00-05:00,34.599998474121094,34.845001220703125,34.53499984741211,34.83000183105469,27855,0.0,0.0
2023-01-27 13:30:00-05:00,34.84000015258789,35.119998931884766,34.654998779296875,34.685001373291016,48250,0.0,0.0
2023-01-27 14:30:00-05:00,34.65999984741211,34.7400016784668,34.31999969482422,34.349998474121094,37816,0.0,0.0
2023-01-27 15:30:00-05:00,34.349998474121094,34.349998474121094,34.06999969482422,34.27000045776367,72067,0.0,0.0
2023-01-30 09:30:00-05:00,33.97999954223633,34.31999969482422,33.4900016784668,33.4900016784668,23305,0.0,0.0
2023-01-30 10:30:00-05:00,33.529998779296875,33.82500076293945,33.38999938964844,33.82500076293945,15494,0.0,0.0
2023-01-30 11:30:00-05:00,33.849998474121094,33.939998626708984,33.61000061035156,33.720001220703125,16280,0.0,0.0
2023-01-30 12:30:00-05:00,33.7400016784668,33.810001373291016,33.540000915527344,33.744998931884766,10487,0.0,0.0
2023-01-30 13:30:00-05:00,33.709999084472656,33.77000045776367,33.56999969482422,33.66999816894531,15892,0.0,0.0
2023-01-30 14:30:00-05:00,33.689998626708984,33.7400016784668,33.45000076293945,33.7400016784668,22503,0.0,0.0
2023-01-30 15:30:00-05:00,33.75,33.92499923706055,33.709999084472656,33.790000915527344,39094,0.0,0.0
2023-01-31 09:30:00-05:00,33.47999954223633,34.310001373291016,33.189998626708984,33.720001220703125,40297,0.0,0.0
2023-01-31 10:30:00-05:00,33.869998931884766,34.630001068115234,33.86000061035156,34.56999969482422,31928,0.0,0.0
2023-01-31 11:30:00-05:00,34.625,34.790000915527344,34.540000915527344,34.540000915527344,33788,0.0,0.0
2023-01-31 12:30:00-05:00,34.43000030517578,34.93000030517578,34.43000030517578,34.79999923706055,22766,0.0,0.0
2023-01-31 13:30:00-05:00,34.83000183105469,35.0,34.63999938964844,34.70000076293945,34485,0.0,0.0
2023-01-31 14:30:00-05:00,34.72999954223633,34.90999984741211,34.57500076293945,34.57500076293945,34602,0.0,0.0
2023-01-31 15:30:00-05:00,34.560001373291016,34.9900016784668,34.41999816894531,34.8650016784668,98795,0.0,0.0
2023-02-01 09:30:00-05:00,35.0,35.310001373291016,34.349998474121094,34.880001068115234,80712,0.0,0.0
2023-02-01 10:30:00-05:00,34.80500030517578,35.0,34.369998931884766,34.665000915527344,38597,0.0,0.0
2023-02-01 11:30:00-05:00,34.58000183105469,34.650001525878906,33.630001068115234,33.630001068115234,27278,0.0,0.0
2023-02-01 12:30:00-05:00,33.599998474121094,33.75,33.400001525878906,33.494998931884766,32060,0.0,0.0
2023-02-01 13:30:00-05:00,33.5,34.04999923706055,33.45000076293945,33.525001525878906,29368,0.0,0.0
2023-02-01 14:30:00-05:00,33.599998474121094,34.5099983215332,33.20500183105469,34.38999938964844,74765,0.0,0.0
2023-02-01 15:30:00-05:00,34.400001525878906,34.790000915527344,34.34000015258789,34.52000045776367,170653,0.0,0.0
2023-02-02 09:30:00-05:00,35.220001220703125,36.189998626708984,35.11000061035156,35.80500030517578,142472,0.0,0.0
2023-02-02 10:30:00-05:00,35.790000915527344,35.959999084472656,35.494998931884766,35.755001068115234,84352,0.0,0.0
2023-02-02 11:30:00-05:00,35.75,36.44499969482422,35.68000030517578,36.09000015258789,70419,0.0,0.0
2023-02-02 12:30:00-05:00,36.060001373291016,36.9900016784668,36.02000045776367,36.880001068115234,89881,0.0,0.0
2023-02-02 13:30:00-05:00,36.875,37.34000015258789,36.43009948730469,36.4900016784668,65361,0.0,0.0
2023-02-02 14:30:00-05:00,36.470001220703125,36.470001220703125,35.790000915527344,36.04999923706055,63978,0.0,0.0
2023-02-02 15:30:00-05:00,36.04999923706055,36.3650016784668,35.82500076293945,36.189998626708984,149528,0.0,0.0
2023-02-03 09:30:00-05:00,35.9900016784668,36.720001220703125,35.529998779296875,35.779998779296875,49580,0.0,0.0
2023-02-03 10:30:00-05:00,35.78499984741211,36.599998474121094,35.78499984741211,36.599998474121094,28731,0.0,0.0
2023-02-03 11:30:00-05:00,36.61000061035156,36.935001373291016,36.400001525878906,36.88999938964844,23824,0.0,0.0
2023-02-03 12:30:00-05:00,36.810001373291016,36.810001373291016,36.400001525878906,36.5,20443,0.0,0.0
2023-02-03 13:30:00-05:00,36.5,36.5,35.91999816894531,36.06999969482422,26262,0.0,0.0
2023-02-03 14:30:00-05:00,35.970001220703125,36.119998931884766,35.72999954223633,35.91999816894531,44633,0.0,0.0
2023-02-03 15:30:00-05:00,35.93000030517578,36.290000915527344,35.91999816894531,36.209999084472656,73739,0.0,0.0
2023-02-06 09:30:00-05:00,36.04999923706055,36.599998474121094,35.65999984741211,35.790000915527344,51170,0.0,0.0
2023-02-06 10:30:00-05:00,35.849998474121094,36.349998474121094,35.6349983215332,36.20000076293945,18048,0.0,0.0
2023-02-06 11:30:00-05:00,36.269901275634766,36.36000061035156,35.689998626708984,35.689998626708984,17021,0.0,0.0
2023-02-06 12:30:00-05:00,35.88999938964844,35.95000076293945,35.72999954223633,35.77000045776367,12162,0.0,0.0
2023-02-06 13:30:00-05:00,35.790000915527344,36.07500076293945,35.709999084472656,35.89820098876953,16216,0.0,0.0
2023-02-06 14:30:00-05:00,35.900001525878906,35.9900016784668,35.7400016784668,35.95000076293945,30360,0.0,0.0
2023-02-06 15:30:00-05:00,35.93000030517578,36.33000183105469,35.84000015258789,36.2599983215332,54261,0.0,0.0
2023-02-07 09:30:00-05:00,36.25,36.25,34.8650016784668,34.90999984741211,53402,0.0,0.0
2023-02-07 10:30:00-05:00,34.90999984741211,35.540000915527344,34.90999984741211,35.27000045776367,39626,0.0,0.0
2023-02-07 11:30:00-05:00,35.29999923706055,35.5,35.0,35.099998474121094,40894,0.0,0.0
2023-02-07 12:30:00-05:00,35.18000030517578,36.0,35.18000030517578,35.400001525878906,35632,0.0,0.0
2023-02-07 13:30:00-05:00,35.33000183105469,35.5,34.869998931884766,35.18000030517578,35380,0.0,0.0
2023-02-07 14:30:00-05:00,35.18000030517578,35.41999816894531,35.02000045776367,35.290000915527344,54889,0.0,0.0
2023-02-07 15:30:00-05:00,35.36000061035156,35.619998931884766,35.060001373291016,35.33000183105469,71735,0.0,0.0
2023-02-08 09:30:00-05:00,35.369998931884766,35.629600524902344,34.56999969482422,34.56999969482422,30221,0.0,0.0
2023-02-08 10:30:00-05:00,34.5,35.08000183105469,34.31999969482422,34.65999984741211,16479,0.0,0.0
2023-02-08 11:30:00-05:00,34.709999084472656,34.755001068115234,34.47999954223633,34.75,29503,0.0,0.0
2023-02-08 12:30:00-05:00,34.75,34.790000915527344,34.54999923706055,34.689998626708984,13779,0.0,0.0
2023-02-08 13:30:00-05:00,34.56999969482422,34.60499954223633,34.470001220703125,34.52000045776367,21210,0.0,0.0
2023-02-08 14:30:00-05:00,34.5099983215332,34.560001373291016,34.0,34.41999816894531,51269,0.0,0.0
2023-02-08 15:30:00-05:00,34.43000030517578,34.60499954223633,34.369998931884766,34.43000030517578,43197,0.0,0.0
2023-02-09 09:30:00-05:00,34.93000030517578,36.084999084472656,34.814998626708984,34.98500061035156,0,0.0,0.0
2023-02-09 10:30:00-05:00,34.97999954223633,35.154998779296875,34.599998474121094,35.06999969482422,86391,0.0,0.0
2023-02-09 11:30:00-05:00,35.060001373291016,35.08000183105469,34.334999084472656,34.470001220703125,19002,0.0,0.0
2023-02-09 12:30:00-05:00,34.400001525878906,34.5099983215332,33.959999084472656,34.34000015258789,40370,0.0,0.0
2023-02-09 13:30:00-05:00,34.2599983215332,34.529998779296875,33.900001525878906,33.900001525878906,30938,0.0,0.0
2023-02-09 14:30:00-05:00,33.93000030517578,34.130001068115234,33.72999954223633,33.9900016784668,42879,0.0,0.0
2023-02-09 15:30:00-05:00,34.0099983215332,34.369998931884766,33.75,33.900001525878906,93492,0.0,0.0
2023-02-10 09:30:00-05:00,33.52000045776367,34.65999984741211,33.3849983215332,34.435001373291016,51816,0.0,0.0
2023-02-10 10:30:00-05:00,34.52000045776367,34.529998779296875,34.064998626708984,34.31999969482422,19965,0.0,0.0
2023-02-10 11:30:00-05:00,34.27000045776367,34.27000045776367,33.83000183105469,33.900001525878906,47681,0.0,0.0
2023-02-10 12:30:00-05:00,33.900001525878906,34.08000183105469,33.709999084472656,33.900001525878906,60071,0.0,0.0
2023-02-10 13:30:00-05:00,33.849998474121094,34.25,33.81999969482422,34.25,69452,0.0,0.0
2023-02-10 14:30:00-05:00,34.310001373291016,34.59000015258789,34.22999954223633,34.52000045776367,41588,0.0,0.0
2023-02-10 15:30:00-05:00,34.54999923706055,35.18000030517578,34.54999923706055,34.959999084472656,112754,0.0,0.0
2023-02-13 09:30:00-05:00,34.93000030517578,34.93000030517578,32.790000915527344,34.560001373291016,94047,0.0,0.0
2023-02-13 10:30:00-05:00,34.4900016784668,34.81999969482422,34.439998626708984,34.56999969482422,35745,0.0,0.0
2023-02-13 11:30:00-05:00,34.57500076293945,34.79999923706055,34.41999816894531,34.630001068115234,27431,0.0,0.0
2023-02-13 12:30:00-05:00,34.60499954223633,35.582000732421875,34.459999084472656,35.26499938964844,107906,0.0,0.0
2023-02-13 13:30:00-05:00,35.189998626708984,35.75,35.189998626708984,35.70500183105469,45789,0.0,0.0
2023-02-13 14:30:00-05:00,35.65999984741211,35.67499923706055,35.040000915527344,35.310001373291016,37916,0.0,0.0
2023-02-13 15:30:00-05:00,35.32500076293945,35.650001525878906,35.25,35.400001525878906,83471,0.0,0.0
2023-02-14 09:30:00-05:00,35.290000915527344,35.72999954223633,34.529998779296875,34.529998779296875,53707,0.0,0.0
2023-02-14 10:30:00-05:00,34.54999923706055,34.75,33.41999816894531,34.47999954223633,39203,0.0,0.0
2023-02-14 11:30:00-05:00,34.5,34.72999954223633,34.11000061035156,34.435001373291016,38697,0.0,0.0
2023-02-14 12:30:00-05:00,34.31999969482422,34.869998931884766,34.31999969482422,34.54499816894531,29278,0.0,0.0
2023-02-14 13:30:00-05:00,34.689998626708984,34.70000076293945,33.959999084472656,34.01499938964844,41795,0.0,0.0
2023-02-14 14:30:00-05:00,34.01499938964844,34.380001068115234,33.970001220703125,34.2599983215332,54799,0.0,0.0
2023-02-14 15:30:00-05:00,34.33000183105469,34.470001220703125,34.040000915527344,34.09000015258789,74687,0.0,0.0
2023-02-15 09:30:00-05:00,33.72999954223633,34.439998626708984,33.33000183105469,34.24800109863281,40635,0.0,0.0
2023-02-15 10:30:00-05:00,34.54999923706055,34.939998626708984,34.290000915527344,34.88999938964844,36941,0.0,0.0
2023-02-15 11:30:00-05:00,34.86000061035156,35.071998596191406,34.56999969482422,35.060001373291016,18669,0.0,0.0
2023-02-15 12:30:00-05:00,35.040000915527344,35.27989959716797,34.97999954223633,35.27989959716797,22303,0.0,0.0
2023-02-15 13:30:00-05:00,35.279998779296875,35.68000030517578,35.2599983215332,35.564998626708984,28145,0.0,0.0
2023-02-15 14:30:00-05:00,35.540000915527344,35.72999954223633,35.29999923706055,35.70000076293945,49622,0.0,0.0
2023-02-15 15:30:00-05:00,35.70000076293945,35.78200149536133,35.41999816894531,35.650001525878906,93304,0.0,0.0
2023-02-16 09:30:00-05:00,35.2400016784668,35.77000045776367,34.52000045776367,35.43000030517578,45868,0.0,0.0
2023-02-16 10:30:00-05:00,35.59000015258789,36.0,35.38999938964844,35.599998474121094,80253,0.0,0.0
2023-02-16 11:30:00-05:00,35.63999938964844,35.869998931884766,35.380001068115234,35.380001068115234,45438,0.0,0.0
2023-02-16 12:30:00-05:00,35.2599983215332,35.380001068115234,34.599998474121094,34.65999984741211,33822,0.0,0.0
2023-02-16 13:30:00-05:00,34.59000015258789,35.08000183105469,34.560001373291016,34.7599983215332,23235,0.0,0.0
2023-02-16 14:30:00-05:00,34.65999984741211,34.834999084472656,33.96500015258789,33.97249984741211,60652,0.0,0.0
2023-02-16 15:30:00-05:00,33.939998626708984,34.400001525878906,33.88999938964844,34.279998779296875,78976,0.0,0.0
2023-02-17 09:30:00-05:00,34.349998474121094,34.349998474121094,33.08000183105469,33.150001525878906,0,0.0,0.0
2023-02-17 10:30:00-05:00,33.150001525878906,33.880001068115234,33.08000183105469,33.650001525878906,45016,0.0,0.0
2023-02-17 11:30:00-05:00,33.689998626708984,33.689998626708984,33.17499923706055,33.244998931884766,24767,0.0,0.0
2023-02-17 12:30:00-05:00,33.29999923706055,33.310001373291016,32.459999084472656,32.525001525878906,101372,0.0,0.0
2023-02-17 13:30:00-05:00,32.5099983215332,32.709999084472656,32.209999084472656,32.653499603271484,73934,0.0,0.0
2023-02-17 14:30:00-05:00,32.6150016784668,33.16999816894531,32.54999923706055,32.849998474121094,31544,0.0,0.0
2023-02-17 15:30:00-05:00,32.869998931884766,33.43000030517578,32.869998931884766,33.2599983215332,77851,0.0,0.0
2023-02-21 09:30:00-05:00,32.5099983215332,32.5099983215332,31.25,31.702499389648438,109043,0.0,0.0
2023-02-21 10:30:00-05:00,31.600000381469727,31.670000076293945,31.030000686645508,31.05500030517578,75443,0.0,0.0
2023-02-21 11:30:00-05:00,31.05500030517578,31.05500030517578,30.579999923706055,30.81999969482422,39866,0.0,0.0
2023-02-21 12:30:00-05:00,30.81999969482422,31.25,30.75,31.059200286865234,38902,0.0,0.0
2023-02-21 13:30:00-05:00,31.09000015258789,31.110000610351562,30.700000762939453,30.950000762939453,29367,0.0,0.0
2023-02-21 14:30:00-05:00,30.979999542236328,31.3700008392334,30.860000610351562,31.239999771118164,35078,0.0,0.0
2023-02-21 15:30:00-05:00,31.190000534057617,31.6200008392334,31.1200008392334,31.1200008392334,104093,0.0,0.0
2023-02-22 09:30:00-05:00,31.139999389648438,32.33000183105469,31.139999389648438,31.862499237060547,40830,0.0,0.0
2023-02-22 10:30:00-05:00,32.040000915527344,32.310001373291016,31.690000534057617,32.0099983215332,29188,0.0,0.0
2023-02-22 11:30:00-05:00,32.07500076293945,32.380001068115234,32.07500076293945,32.15999984741211,20699,0.0,0.0
2023-02-22 12:30:00-05:00,32.2400016784668,32.45000076293945,32.025001525878906,32.3650016784668,24603,0.0,0.0
2023-02-22 13:30:00-05:00,32.369998931884766,32.369998931884766,31.895000457763672,32.04499816894531,29875,0.0,0.0
2023-02-22 14:30:00-05:00,31.989999771118164,32.189998626708984,31.8799991607666,31.979999542236328,37949,0.0,0.0
2023-02-22 15:30:00-05:00,31.954999923706055,31.975000381469727,31.559999465942383,31.760000228881836,39985,0.0,0.0
2023-02-23 09:30:00-05:00,32.06999969482422,32.64500045776367,31.889999389648438,32.099998474121094,36211,0.0,0.0
2023-02-23 10:30:00-05:00,32.08000183105469,32.209999084472656,31.756200790405273,31.756200790405273,16118,0.0,0.0
2023-02-23 11:30:00-05:00,31.860000610351562,31.860000610351562,31.5,31.53499984741211,22472,0.0,0.0
2023-02-23 12:30:00-05:00,31.530000686645508,32.31999969482422,31.3799991607666,32.14500045776367,53447,0.0,0.0
2023-02-23 13:30:00-05:00,32.1349983215332,32.415000915527344,32.130001068115234,32.279998779296875,44026,0.0,0.0
2023-02-23 14:30:00-05:00,32.279998779296875,32.880001068115234,32.220001220703125,32.880001068115234,46023,0.0,0.0
2023-02-23 15:30:00-05:00,32.900001525878906,33.130001068115234,32.84000015258789,32.90999984741211,98896,0.0,0.0
2023-02-24 09:30:00-05:00,32.5,33.0,31.81999969482422,32.290000915527344,32213,0.0,0.0
2023-02-24 10:30:00-05:00,32.310001373291016,32.47999954223633,31.760000228881836,32.349998474121094,34372,0.0,0.0
2023-02-24 11:30:00-05:00,32.349998474121094,32.43000030517578,32.02000045776367,32.04999923706055,23782,0.0,0.0
2023-02-24 12:30:00-05:00,32.0,32.125,31.469999313354492,31.850000381469727,20792,0.0,0.0
2023-02-24 13:30:00-05:00,31.700000762939453,32.029998779296875,31.639999389648438,31.65999984741211,24018,0.0,0.0
2023-02-24 14:30:00-05:00,31.65999984741211,31.899999618530273,31.579999923706055,31.690000534057617,81736,0.0,0.0
2023-02-24 15:30:00-05:00,31.674999237060547,32.09000015258789,31.665000915527344,31.950000762939453,57247,0.0,0.0
2023-02-27 09:30:00-05:00,32.5,33.08000183105469,32.029998779296875,32.790000915527344,45661,0.0,0.0
2023-02-27 10:30:00-05:00,32.77000045776367,32.93539810180664,32.619998931884766,32.88999938964844,31828,0.0,0.0
2023-02-27 11:30:00-05:00,32.904998779296875,33.04999923706055,32.77000045776367,32.970001220703125,31784,0.0,0.0
2023-02-27 12:30:00-05:00,33.029998779296875,33.060001373291016,32.91999816894531,32.91999816894531,20864,0.0,0.0
2023-02-27 13:30:00-05:00,32.91999816894531,33.040000915527344,32.75,32.900001525878906,50776,0.0,0.0
2023-02-27 14:30:00-05:00,32.900001525878906,33.08000183105469,32.81999969482422,32.81999969482422,33931,0.0,0.0
2023-02-27 15:30:00-05:00,32.79999923706055,32.81999969482422,32.470001220703125,32.540000915527344,45236,0.0,0.0
2023-02-28 09:30:00-05:00,32.5,33.02000045776367,32.34000015258789,32.59000015258789,43626,0.0,0.0
2023-02-28 10:30:00-05:00,32.599998474121094,33.19499969482422,32.31999969482422,33.02000045776367,37248,0.0,0.0
2023-02-28 11:30:00-05:00,33.1150016784668,33.2400016784668,32.845001220703125,33.07500076293945,40251,0.0,0.0
2023-02-28 12:30:00-05:00,33.06999969482422,33.30500030517578,32.95000076293945,33.08000183105469,34593,0.0,0.0
2023-02-28 13:30:00-05:00,33.11000061035156,33.16999816894531,32.869998931884766,32.970001220703125,20912,0.0,0.0
2023-02-28 14:30:00-05:00,32.970001220703125,33.11000061035156,32.63010025024414,32.73500061035156,75026,0.0,0.0
2023-02-28 15:30:00-05:00,32.7400016784668,32.7599983215332,32.36000061035156,32.36000061035156,121401,0.0,0.0
2023-03-01 09:30:00-05:00,29.520000457763672,32.61000061035156,29.049999237060547,30.94499969482422,438446,0.0,0.0
2023-03-01 10:30:00-05:00,30.940000534057617,31.579999923706055,30.020000457763672,30.225000381469727,310591,0.0,0.0
2023-03-01 11:30:00-05:00,30.225000381469727,32.70000076293945,30.079999923706055,32.69499969482422,158908,0.0,0.0
2023-03-01 12:30:00-05:00,32.665000915527344,32.849998474121094,31.90999984741211,32.380001068115234,77800,0.0,0.0
2023-03-01 13:30:00-05:00,32.380001068115234,32.88999938964844,32.150001525878906,32.73500061035156,205479,0.0,0.0
2023-03-01 14:30:00-05:00,32.73500061035156,32.73500061035156,31.31999969482422,31.604999542236328,247067,0.0,0.0
2023-03-01 15:30:00-05:00,31.56999969482422,32.119998931884766,31.56999969482422,32.119998931884766,207378,0.0,0.0
2023-03-02 09:30:00-05:00,31.709999084472656,33.275001525878906,31.030000686645508,33.03499984741211,63029,0.0,0.0
2023-03-02 10:30:00-05:00,33.0099983215332,33.310001373291016,32.519500732421875,32.59000015258789,62441,0.0,0.0
2023-03-02 11:30:00-05:00,32.5099983215332,32.630001068115234,31.709999084472656,31.8799991607666,40584,0.0,0.0
2023-03-02 12:30:00-05:00,31.8799991607666,31.959999084472656,31.209999084472656,31.270000457763672,24902,0.0,0.0
2023-03-02 13:30:00-05:00,31.270000457763672,31.524999618530273,30.870100021362305,31.420000076293945,64240,0.0,0.0
2023-03-02 14:30:00-05:00,31.31999969482422,31.770000457763672,30.739999771118164,30.739999771118164,169485,0.0,0.0
2023-03-02 15:30:00-05:00,30.739999771118164,31.014999389648438,30.735000610351562,30.899999618530273,127127,0.0,0.0
2023-03-03 09:30:00-05:00,30.899999618530273,31.440000534057617,30.729999542236328,31.399999618530273,40379,0.0,0.0
2023-03-03 10:30:00-05:00,31.415000915527344,32.150001525878906,31.360000610351562,32.095001220703125,25614,0.0,0.0
2023-03-03 11:30:00-05:00,32.095001220703125,32.849998474121094,32.02000045776367,32.724998474121094,45670,0.0,0.0
2023-03-03 12:30:00-05:00,32.724998474121094,32.9900016784668,32.54999923706055,32.720001220703125,65018,0.0,0.0
2023-03-03 13:30:00-05:00,32.709999084472656,32.709999084472656,31.989999771118164,32.15999984741211,59875,0.0,0.0
2023-03-03 14:30:00-05:00,32.220001220703125,32.54999923706055,32.189998626708984,32.42499923706055,61879,0.0,0.0
2023-03-03 15:30:00-05:00,32.400001525878906,33.04999923706055,32.400001525878906,32.7400016784668,152079,0.0,0.0
2023-03-06 09:30:00-05:00,32.869998931884766,32.939998626708984,32.0099983215332,32.75,59048,0.0,0.0
2023-03-06 10:30:00-05:00,32.650001525878906,32.70000076293945,32.209999084472656,32.529998779296875,44226,0.0,0.0
2023-03-06 11:30:00-05:00,32.470001220703125,32.52000045776367,32.209999084472656,32.5099983215332,24479,0.0,0.0
2023-03-06 12:30:00-05:00,32.41999816894531,32.47999954223633,31.799999237060547,31.9950008392334,25422,0.0,0.0
2023-03-06 13:30:00-05:00,31.9950008392334,32.04999923706055,31.559999465942383,31.709999084472656,25468,0.0,0.0
2023-03-06 14:30:00-05:00,31.69499969482422,31.794700622558594,31.459999084472656,31.610000610351562,37695,0.0,0.0
2023-03-06 15:30:00-05:00,31.559999465942383,32.029998779296875,31.481000900268555,31.790000915527344,81274,0.0,0.0
2023-03-07 09:30:00-05:00,31.68000030517578,32.2599983215332,31.440000534057617,32.07500076293945,31819,0.0,0.0
2023-03-07 10:30:00-05:00,32.130001068115234,32.369998931884766,31.850000381469727,32.040000915527344,28725,0.0,0.0
2023-03-07 11:30:00-05:00,32.0,32.310001373291016,31.93000030517578,32.29999923706055,10682,0.0,0.0
2023-03-07 12:30:00-05:00,32.189998626708984,32.5,32.09000015258789,32.20500183105469,11909,0.0,0.0
2023-03-07 13:30:00-05:00,32.150001525878906,32.19499969482422,31.610000610351562,32.005001068115234,28668,0.0,0.0
2023-03-07 14:30:00-05:00,32.029998779296875,32.040000915527344,31.690000534057617,31.729999542236328,31668,0.0,0.0
2023-03-07 15:30:00-05:00,31.700000762939453,31.959999084472656,31.649999618530273,31.655000686645508,46324,0.0,0.0
2023-03-08 09:30:00-05:00,31.68000030517578,32.11000061035156,30.950000762939453,32.04499816894531,41414,0.0,0.0
2023-03-08 10:30:00-05:00,31.93000030517578,32.15999984741211,31.649999618530273,32.11000061035156,18630,0.0,0.0
2023-03-08 11:30:00-05:00,32.06999969482422,32.130001068115234,31.5,31.5,19134,0.0,0.0
2023-03-08 12:30:00-05:00,31.459999084472656,31.889999389648438,31.450000762939453,31.760000228881836,30170,0.0,0.0
2023-03-08 13:30:00-05:00,31.729999542236328,31.96500015258789,31.719999313354492,31.770000457763672,22847,0.0,0.0
2023-03-08 14:30:00-05:00,31.815000534057617,31.950000762939453,31.3799991607666,31.389999389648438,21154,0.0,0.0
2023-03-08 15:30:00-05:00,31.450000762939453,31.489999771118164,30.969999313354492,31.100000381469727,121006,0.0,0.0
2023-03-09 09:30:00-05:00,31.239999771118164,32.14500045776367,31.010000228881836,31.229999542236328,30716,0.0,0.0
2023-03-09 10:30:00-05:00,31.100000381469727,31.6299991607666,31.100000381469727,31.270000457763672,55417,0.0,0.0
2023-03-09 11:30:00-05:00,31.204999923706055,31.530000686645508,31.190000534057617,31.309999465942383,56231,0.0,0.0
2023-03-09 12:30:00-05:00,31.2450008392334,31.405000686645508,31.190000534057617,31.270000457763672,44423,0.0,0.0
2023-03-09 13:30:00-05:00,31.299999237060547,31.450000762939453,30.809999465942383,31.1299991607666,114567,0.0,0.0
2023-03-09 14:30:00-05:00,31.1299991607666,31.260000228881836,30.649999618530273,30.75,48522,0.0,0.0
2023-03-09 15:30:00-05:00,30.729999542236328,30.850000381469727,30.559999465942383,30.739999771118164,73610,0.0,0.0
2023-03-10 09:30:00-05:00,30.610000610351562,31.88610076904297,29.520000457763672,30.606700897216797,89880,0.0,0.0
2023-03-10 10:30:00-05:00,30.600000381469727,30.79990005493164,30.280000686645508,30.71500015258789,42526,0.0,0.0
2023-03-10 11:30:00-05:00,30.860000610351562,30.8700008392334,29.520000457763672,29.559999465942383,16970,0.0,0.0
2023-03-10 12:30:00-05:00,29.6299991607666,29.75,28.90999984741211,29.03499984741211,32211,0.0,0.0
2023-03-10 13:30:00-05:00,29.0,29.3799991607666,28.90999984741211,29.049999237060547,100119,0.0,0.0
2023-03-10 14:30:00-05:00,29.110000610351562,29.520000457763672,29.0,29.18000030517578,57206,0.0,0.0
2023-03-10 15:30:00-05:00,29.149999618530273,29.260000228881836,28.989999771118164,29.110000610351562,121749,0.0,0.0
2023-03-13 09:30:00-04:00,28.56999969482422,29.149999618530273,28.19499969482422,28.600000381469727,122030,0.0,0.0
2023-03-13 10:30:00-04:00,28.530000686645508,29.274999618530273,28.479999542236328,29.170000076293945,46776,0.0,0.0
2023-03-13 11:30:00-04:00,29.174999237060547,29.329999923706055,28.889999389648438,29.0,31546,0.0,0.0
2023-03-13 12:30:00-04:00,29.020000457763672,29.549999237060547,28.8799991607666,29.270000457763672,38230,0.0,0.0
2023-03-13 13:30:00-04:00,29.239999771118164,29.899999618530273,29.200000762939453,29.510000228881836,38852,0.0,0.0
2023-03-13 14:30:00-04:00,29.469999313354492,29.829999923706055,29.260000228881836,29.360000610351562,50271,0.0,0.0
2023-03-13 15:30:00-04:00,29.399999618530273,29.700000762939453,29.270000457763672,29.270000457763672,51058,0.0,0.0
2023-03-14 09:30:00-04:00,30.219999313354492,30.65999984741211,29.610000610351562,30.0,30168,0.0,0.0
2023-03-14 10:30:00-04:00,30.020000457763672,30.19499969482422,29.299999237060547,29.975000381469727,25904,0.0,0.0
2023-03-14 11:30:00-04:00,29.889999389648438,30.030000686645508,29.639999389648438,29.822500228881836,28288,0.0,0.0
2023-03-14 12:30:00-04:00,29.780000686645508,29.8700008392334,29.40999984741211,29.700000762939453,21213,0.0,0.0
2023-03-14 13:30:00-04:00,29.639999389648438,29.84000015258789,29.440000534057617,29.84000015258789,18006,0.0,0.0
2023-03-14 14:30:00-04:00,29.760000228881836,29.950000762939453,29.530000686645508,29.81999969482422,48140,0.0,0.0
2023-03-14 15:30:00-04:00,29.8700008392334,30.28499984741211,29.8700008392334,30.229999542236328,75260,0.0,0.0
2023-03-15 09:30:00-04:00,29.5,30.170000076293945,29.229999542236328,30.045000076293945,32382,0.0,0.0
2023-03-15 10:30:00-04:00,30.06999969482422,30.200000762939453,29.584999084472656,29.690900802612305,22811,0.0,0.0
2023-03-15 11:30:00-04:00,29.639999389648438,29.709999084472656,29.094999313354492,29.1200008392334,45697,0.0,0.0
2023-03-15 12:30:00-04:00,29.139999389648438,29.420000076293945,28.951000213623047,29.405000686645508,29901,0.0,0.0
2023-03-15 13:30:00-04:00,29.40999984741211,29.459999084472656,28.940000534057617,29.3799991607666,46634,0.0,0.0
2023-03-15 14:30:00-04:00,29.459999084472656,29.479999542236328,29.040000915527344,29.2549991607666,53621,0.0,0.0
2023-03-15 15:30:00-04:00,29.239999771118164,29.3700008392334,29.1200008392334,29.280000686645508,73636,0.0,0.0
2023-03-16 09:30:00-04:00,29.059999465942383,29.059999465942383,28.079999923706055,28.280000686645508,97031,0.0,0.0
2023-03-16 10:30:00-04:00,28.280000686645508,28.469999313354492,27.875,28.399999618530273,103202,0.0,0.0
2023-03-16 11:30:00-04:00,28.399999618530273,28.915000915527344,28.2450008392334,28.645000457763672,132686,0.0,0.0
2023-03-16 12:30:00-04:00,28.690000534057617,28.93000030517578,28.389999389648438,28.5,53052,0.0,0.0
2023-03-16 13:30:00-04:00,28.469999313354492,28.5,27.020000457763672,27.100000381469727,146655,0.0,0.0
2023-03-16 14:30:00-04:00,27.209999084472656,28.360000610351562,26.940000534057617,28.049999237060547,97503,0.0,0.0
2023-03-16 15:30:00-04:00,28.06999969482422,28.06999969482422,27.739999771118164,27.790000915527344,103598,0.0,0.0
2023-03-17 09:30:00-04:00,26.18000030517578,26.799999237060547,25.829999923706055,26.114999771118164,236406,0.0,0.0
2023-03-17 10:30:00-04:00,26.049999237060547,26.204999923706055,24.799999237060547,25.020000457763672,142602,0.0,0.0
2023-03-17 11:30:00-04:00,24.950000762939453,25.0,24.5,24.790000915527344,122190,0.0,0.0
2023-03-17 12:30:00-04:00,24.799999237060547,25.0,24.200000762939453,24.510099411010742,96507,0.0,0.0
2023-03-17 13:30:00-04:00,24.530000686645508,24.768999099731445,23.63010025024414,23.90999984741211,175687,0.0,0.0
2023-03-17 14:30:00-04:00,23.90999984741211,24.010000228881836,23.475000381469727,23.940000534057617,357543,0.0,0.0
2023-03-17 15:30:00-04:00,23.954999923706055,24.520000457763672,23.600000381469727,24.350000381469727,515867,0.0,0.0
2023-03-20 09:30:00-04:00,24.360000610351562,25.225000381469727,24.00149917602539,25.06999969482422,105008,0.0,0.0
2023-03-20 10:30:00-04:00,25.06999969482422,25.780000686645508,24.989999771118164,25.559999465942383,73748,0.0,0.0
2023-03-20 11:30:00-04:00,25.540000915527344,25.610000610351562,25.270000457763672,25.5,33148,0.0,0.0
2023-03-20 12:30:00-04:00,25.489999771118164,25.729999542236328,25.25,25.489999771118164,118810,0.0,0.0
2023-03-20 13:30:00-04:00,25.489999771118164,25.489999771118164,25.18000030517578,25.299999237060547,28634,0.0,0.0
2023-03-20 14:30:00-04:00,25.299999237060547,25.700000762939453,25.219999313354492,25.610000610351562,63953,0.0,0.0
2023-03-20 15:30:00-04:00,25.614999771118164,25.700000762939453,25.290000915527344,25.3700008392334,131151,0.0,0.0
2023-03-21 09:30:00-04:00,25.68000030517578,26.950000762939453,25.545000076293945,26.510000228881836,106787,0.0,0.0
2023-03-21 10:30:00-04:00,26.510000228881836,27.329999923706055,26.329999923706055,27.325000762939453,62923,0.0,0.0
2023-03-21 11:30:00-04:00,27.290000915527344,27.5,26.920000076293945,27.264999389648438,109301,0.0,0.0
2023-03-21 12:30:00-04:00,27.270000457763672,27.579999923706055,27.18000030517578,27.389999389648438,42806,0.0,0.0
2023-03-21 13:30:00-04:00,27.34000015258789,27.40999984741211,27.040000915527344,27.229999542236328,54708,0.0,0.0
2023-03-21 14:30:00-04:00,27.270000457763672,27.344999313354492,27.155000686645508,27.325000762939453,39205,0.0,0.0
2023-03-21 15:30:00-04:00,27.280000686645508,27.469999313354492,27.030000686645508,27.100000381469727,85676,0.0,0.0
2023-03-22 09:30:00-04:00,27.229999542236328,27.43000030517578,26.6299991607666,27.19499969482422,68216,0.0,0.0
2023-03-22 10:30:00-04:00,27.204999923706055,27.204999923706055,26.549999237060547,26.729999542236328,38252,0.0,0.0
2023-03-22 11:30:00-04:00,26.65999984741211,26.899499893188477,26.65999984741211,26.899499893188477,20190,0.0,0.0
2023-03-22 12:30:00-04:00,26.860000610351562,27.350000381469727,26.860000610351562,27.165000915527344,33141,0.0,0.0
2023-03-22 13:30:00-04:00,27.165000915527344,27.209999084472656,26.8700008392334,27.049999237060547,39647,0.0,0.0
2023-03-22 14:30:00-04:00,27.079999923706055,27.329999923706055,26.59000015258789,26.71500015258789,40686,0.0,0.0
2023-03-22 15:30:00-04:00,26.670000076293945,26.71500015258789,25.850000381469727,25.8799991607666,122409,0.0,0.0
2023-03-23 09:30:00-04:00,26.170000076293945,27.049999237060547,26.094999313354492,26.895000457763672,25217,0.0,0.0
2023-03-23 10:30:00-04:00,26.950000762939453,27.190000534057617,26.7450008392334,26.7450008392334,27050,0.0,0.0
2023-03-23 11:30:00-04:00,26.844999313354492,27.170000076293945,26.65999984741211,26.850000381469727,48091,0.0,0.0
2023-03-23 12:30:00-04:00,26.829999923706055,26.829999923706055,26.28499984741211,26.28499984741211,15155,0.0,0.0
2023-03-23 13:30:00-04:00,26.260000228881836,26.3799991607666,25.864999771118164,25.864999771118164,17540,0.0,0.0
2023-03-23 14:30:00-04:00,25.829999923706055,25.860000610351562,25.450000762939453,25.65999984741211,51779,0.0,0.0
2023-03-23 15:30:00-04:00,25.649999618530273,25.979999542236328,25.56999969482422,25.649999618530273,88258,0.0,0.0
2023-03-24 09:30:00-04:00,25.399999618530273,26.225000381469727,25.399999618530273,26.110000610351562,34806,0.0,0.0
2023-03-24 10:30:00-04:00,26.110000610351562,26.395000457763672,25.93000030517578,26.1299991607666,26748,0.0,0.0
2023-03-24 11:30:00-04:00,26.174999237060547,26.725000381469727,26.110000610351562,26.709999084472656,55464,0.0,0.0
2023-03-24 12:30:00-04:00,26.68000030517578,26.7450008392334,26.469999313354492,26.594999313354492,23429,0.0,0.0
2023-03-24 13:30:00-04:00,26.670000076293945,26.825000762939453,26.610000610351562,26.739999771118164,29557,0.0,0.0
2023-03-24 14:30:00-04:00,26.739999771118164,27.3700008392334,26.739999771118164,27.31999969482422,95180,0.0,0.0
2023-03-24 15:30:00-04:00,27.295000076293945,27.3700008392334,26.924999237060547,27.079999923706055,74939,0.0,0.0
2023-03-27 09:30:00-04:00,27.389999389648438,27.389999389648438,26.40999984741211,26.5,39095,0.0,0.0
2023-03-27 10:30:00-04:00,26.4950008392334,26.6737003326416,26.309999465942383,26.385000228881836,10284,0.0,0.0
2023-03-27 11:30:00-04:00,26.34000015258789,26.34000015258789,25.690000534057617,25.690000534057617,22358,0.0,0.0
2023-03-27 12:30:00-04:00,25.674999237060547,26.15999984741211,25.670000076293945,26.1299991607666,37910,0.0,0.0
2023-03-27 13:30:00-04:00,26.15999984741211,26.15999984741211,25.934999465942383,26.030000686645508,19070,0.0,0.0
2023-03-27 14:30:00-04:00,26.042499542236328,26.469999313354492,25.940000534057617,26.469999313354492,38424,0.0,0.0
2023-03-27 15:30:00-04:00,26.40999984741211,26.589000701904297,26.100000381469727,26.149999618530273,76563,0.0,0.0
2023-03-28 09:30:00-04:00,25.979999542236328,26.084999084472656,25.360000610351562,25.450000762939453,23365,0.0,0.0
2023-03-28 10:30:00-04:00,25.420000076293945,25.559999465942383,25.100000381469727,25.459999084472656,37490,0.0,0.0
2023-03-28 11:30:00-04:00,25.469999313354492,25.510000228881836,25.170000076293945,25.350000381469727,34768,0.0,0.0
2023-03-28 12:30:00-04:00,25.350000381469727,25.450000762939453,25.190000534057617,25.190000534057617,16604,0.0,0.0
2023-03-28 13:30:00-04:00,25.139999389648438,25.190000534057617,24.420000076293945,24.524999618530273,95258,0.0,0.0
2023-03-28 14:30:00-04:00,24.524999618530273,24.770000457763672,24.420000076293945,24.485000610351562,95413,0.0,0.0
2023-03-28 15:30:00-04:00,24.514999389648438,24.8700008392334,24.405000686645508,24.65999984741211,150496,0.0,0.0
2023-03-29 09:30:00-04:00,24.899999618530273,24.899999618530273,24.46500015258789,24.5,95929,0.0,0.0
2023-03-29 10:30:00-04:00,24.489999771118164,24.625,23.959999084472656,24.395000457763672,71691,0.0,0.0
2023-03-29 11:30:00-04:00,24.420000076293945,24.420000076293945,23.899999618530273,23.94499969482422,56673,0.0,0.0
2023-03-29 12:30:00-04:00,23.94499969482422,23.950000762939453,23.489999771118164,23.520000457763672,74907,0.0,0.0
2023-03-29 13:30:00-04:00,23.5,23.599899291992188,23.25,23.540000915527344,89209,0.0,0.0
2023-03-29 14:30:00-04:00,23.514999389648438,23.6299991607666,23.3700008392334,23.5,99822,0.0,0.0
2023-03-29 15:30:00-04:00,23.545000076293945,23.600000381469727,23.360000610351562,23.579999923706055,168510,0.0,0.0
2023-03-30 09:30:00-04:00,23.110000610351562,23.190000534057617,22.489999771118164,22.850000381469727,203871,0.0,0.0
2023-03-30 10:30:00-04:00,22.860000610351562,23.149999618530273,22.719999313354492,22.90999984741211,137722,0.0,0.0
2023-03-30 11:30:00-04:00,22.90999984741211,23.290000915527344,22.860000610351562,23.184999465942383,126113,0.0,0.0
2023-03-30 12:30:00-04:00,23.18000030517578,23.299999237060547,22.985000610351562,23.149999618530273,49085,0.0,0.0
2023-03-30 13:30:00-04:00,23.110000610351562,23.520000457763672,22.940000534057617,23.415000915527344,148474,0.0,0.0
2023-03-30 14:30:00-04:00,23.440000534057617,23.469999313354492,23.020000457763672,23.25,77123,0.0,0.0
2023-03-30 15:30:00-04:00,23.239999771118164,23.559999465942383,23.18000030517578,23.510000228881836,121385,0.0,0.0
2023-03-31 09:30:00-04:00,23.860000610351562,23.90999984741211,23.399999618530273,23.780000686645508,97655,0.0,0.0
2023-03-31 10:30:00-04:00,23.780000686645508,23.90999984741211,23.25,23.299999237060547,79217,0.0,0.0
2023-03-31 11:30:00-04:00,23.31999969482422,23.329999923706055,23.040000915527344,23.040000915527344,81774,0.0,0.0
2023-03-31 12:30:00-04:00,23.040000915527344,23.18000030517578,22.979999542236328,23.174999237060547,140418,0.0,0.0
2023-03-31 13:30:00-04:00,23.18000030517578,23.18000030517578,22.8700008392334,22.969999313354492,70063,0.0,0.0
2023-03-31 14:30:00-04:00,22.96500015258789,23.0049991607666,22.84000015258789,22.9950008392334,52345,0.0,0.0
2023-03-31 15:30:00-04:00,23.0,23.709999084472656,22.90999984741211,23.6200008392334,330139,0.0,0.0
2023-04-03 09:30:00-04:00,23.790000915527344,24.43000030517578,23.469999313354492,23.905000686645508,99277,0.0,0.0
2023-04-03 10:30:00-04:00,23.8799991607666,23.899999618530273,23.457500457763672,23.739999771118164,32288,0.0,0.0
2023-04-03 11:30:00-04:00,23.850000381469727,24.0049991607666,23.485000610351562,23.540000915527344,40232,0.0,0.0
2023-04-03 12:30:00-04:00,23.540000915527344,23.639999389648438,23.44499969482422,23.489999771118164,31485,0.0,0.0
2023-04-03 13:30:00-04:00,23.489999771118164,23.600000381469727,23.469999313354492,23.5,46584,0.0,0.0
2023-04-03 14:30:00-04:00,23.510000228881836,23.709999084472656,23.5,23.690000534057617,37409,0.0,0.0
2023-04-03 15:30:00-04:00,23.684999465942383,23.709999084472656,23.43000030517578,23.5049991607666,71374,0.0,0.0
2023-04-04 09:30:00-04:00,23.479999542236328,23.704999923706055,23.360000610351562,23.6200008392334,20885,0.0,0.0
2023-04-04 10:30:00-04:00,23.6299991607666,23.649999618530273,23.290000915527344,23.375,30814,0.0,0.0
2023-04-04 11:30:00-04:00,23.420000076293945,23.44499969482422,23.225000381469727,23.28499984741211,19808,0.0,0.0
2023-04-04 12:30:00-04:00,23.260000228881836,23.28499984741211,22.940000534057617,23.10700035095215,14942,0.0,0.0
2023-04-04 13:30:00-04:00,23.145000457763672,23.239999771118164,23.110000610351562,23.139999389648438,15546,0.0,0.0
2023-04-04 14:30:00-04:00,23.139999389648438,23.18000030517578,22.959999084472656,22.9950008392334,40056,0.0,0.0
2023-04-04 15:30:00-04:00,22.9950008392334,23.110000610351562,22.959999084472656,23.049999237060547,173947,0.0,0.0
2023-04-05 09:30:00-04:00,22.81999969482422,23.229999542236328,22.780000686645508,22.985000610351562,27125,0.0,0.0
2023-04-05 10:30:00-04:00,22.9950008392334,23.1299991607666,22.934999465942383,23.0,26454,0.0,0.0
2023-04-05 11:30:00-04:00,23.010000228881836,23.204999923706055,22.985000610351562,23.1299991607666,21703,0.0,0.0
2023-04-05 12:30:00-04:00,23.1299991607666,23.260000228881836,23.03499984741211,23.219999313354492,16158,0.0,0.0
2023-04-05 13:30:00-04:00,23.219999313354492,23.309999465942383,23.079999923706055,23.149999618530273,33797,0.0,0.0
2023-04-05 14:30:00-04:00,23.100000381469727,23.239999771118164,23.0,23.079999923706055,32433,0.0,0.0
2023-04-05 15:30:00-04:00,23.049999237060547,23.260000228881836,23.049999237060547,23.170000076293945,88719,0.0,0.0
2023-04-06 09:30:00-04:00,23.25,23.5,22.920000076293945,23.2549991607666,44363,0.0,0.0
2023-04-06 10:30:00-04:00,23.17300033569336,23.389999389648438,23.149999618530273,23.309999465942383,34805,0.0,0.0
2023-04-06 11:30:00-04:00,23.229999542236328,23.3700008392334,23.219999313354492,23.309999465942383,27380,0.0,0.0
2023-04-06 12:30:00-04:00,23.329999923706055,23.959999084472656,23.329999923706055,23.860000610351562,46267,0.0,0.0
2023-04-06 13:30:00-04:00,23.864999771118164,23.90999984741211,23.75,23.875,41713,0.0,0.0
2023-04-06 14:30:00-04:00,23.88159942626953,23.959999084472656,23.690000534057617,23.761999130249023,56406,0.0,0.0
2023-04-06 15:30:00-04:00,23.790000915527344,23.84000015258789,23.560100555419922,23.59000015258789,102158,0.0,0.0
2023-04-10 09:30:00-04:00,23.790000915527344,24.69499969482422,21.989999771118164,23.05500030517578,598641,0.0,0.0
2023-04-10 10:30:00-04:00,23.079999923706055,23.860000610351562,22.559999465942383,23.774999618530273,142563,0.0,0.0
2023-04-10 11:30:00-04:00,23.780000686645508,24.349899291992188,23.520000457763672,23.640100479125977,227030,0.0,0.0
2023-04-10 12:30:00-04:00,23.690000534057617,23.885000228881836,23.295000076293945,23.584999084472656,152107,0.0,0.0
2023-04-10 13:30:00-04:00,23.59000015258789,23.690000534057617,23.270000457763672,23.469999313354492,224890,0.0,0.0
2023-04-10 14:30:00-04:00,23.420000076293945,23.91990089416504,23.420000076293945,23.71500015258789,85380,0.0,0.0
2023-04-10 15:30:00-04:00,23.729999542236328,24.030000686645508,23.40999984741211,23.860000610351562,146234,0.0,0.0
2023-04-11 09:30:00-04:00,24.030000686645508,25.405000686645508,24.030000686645508,25.110000610351562,217634,0.0,0.0
2023-04-11 10:30:00-04:00,25.1299991607666,25.13990020751953,24.75,25.045000076293945,43935,0.0,0.0
2023-04-11 11:30:00-04:00,25.0049991607666,25.200000762939453,24.979999542236328,25.149999618530273,54810,0.0,0.0
2023-04-11 12:30:00-04:00,25.145000457763672,25.950000762939453,25.1200008392334,25.950000762939453,53827,0.0,0.0
2023-04-11 13:30:00-04:00,25.950000762939453,26.799999237060547,25.950000762939453,26.514999389648438,73589,0.0,0.0
2023-04-11 14:30:00-04:00,26.514999389648438,26.860000610351562,26.514999389648438,26.799999237060547,45914,0.0,0.0
2023-04-11 15:30:00-04:00,26.80500030517578,27.15999984741211,26.604999542236328,27.15999984741211,181774,0.0,0.0
2023-04-12 09:30:00-04:00,23.290000915527344,23.6299991607666,18.902999877929688,18.975000381469727,1817379,0.0,0.0
2023-04-12 10:30:00-04:00,18.975000381469727,19.90999984741211,18.47010040283203,19.56999969482422,1038372,0.0,0.0
2023-04-12 11:30:00-04:00,19.55500030517578,19.989999771118164,19.1200008392334,19.719999313354492,542830,0.0,0.0
2023-04-12 12:30:00-04:00,19.760000228881836,19.989999771118164,19.5,19.825000762939453,417870,0.0,0.0
2023-04-12 13:30:00-04:00,19.810100555419922,20.059999465942383,19.790000915527344,19.885000228881836,437999,0.0,0.0
2023-04-12 14:30:00-04:00,19.885000228881836,20.610000610351562,19.309999465942383,19.500099182128906,1283595,0.0,0.0
2023-04-12 15:30:00-04:00,19.510000228881836,19.860000610351562,19.309999465942383,19.459999084472656,691731,0.0,0.0
2023-04-13 09:30:00-04:00,19.399999618530273,20.040000915527344,19.260000228881836,19.938400268554688,279462,0.0,0.0
2023-04-13 10:30:00-04:00,19.969999313354492,20.670000076293945,19.860000610351562,20.440000534057617,216028,0.0,0.0
2023-04-13 11:30:00-04:00,20.43000030517578,21.039899826049805,20.398000717163086,21.039899826049805,153386,0.0,0.0
2023-04-13 12:30:00-04:00,21.010000228881836,21.273399353027344,20.799999237060547,20.998199462890625,162071,0.0,0.0
2023-04-13 13:30:00-04:00,21.0049991607666,21.350000381469727,20.940000534057617,21.21500015258789,264173,0.0,0.0
2023-04-13 14:30:00-04:00,21.21500015258789,21.229999542236328,20.875,21.030000686645508,280517,0.0,0.0
2023-04-13 15:30:00-04:00,21.030000686645508,21.540000915527344,21.030000686645508,21.440000534057617,353176,0.0,0.0
2023-04-14 09:30:00-04:00,22.729999542236328,23.110000610351562,21.899999618530273,21.969999313354492,298403,0.0,0.0
2023-04-14 10:30:00-04:00,21.920000076293945,22.040000915527344,21.700000762939453,21.81999969482422,129338,0.0,0.0
2023-04-14 11:30:00-04:00,21.81999969482422,22.189899444580078,21.530000686645508,22.139999389648438,210390,0.0,0.0
2023-04-14 12:30:00-04:00,22.110000610351562,22.84000015258789,22.079999923706055,22.290000915527344,218407,0.0,0.0
2023-04-14 13:30:00-04:00,22.260000228881836,22.6299991607666,22.094999313354492,22.6299991607666,98834,0.0,0.0
2023-04-14 14:30:00-04:00,22.639999389648438,22.8799991607666,22.639999389648438,22.760000228881836,140409,0.0,0.0
2023-04-14 15:30:00-04:00,22.760000228881836,22.90999984741211,22.43000030517578,22.440000534057617,176528,0.0,0.0
2023-04-17 09:30:00-04:00,22.399999618530273,24.709999084472656,21.989999771118164,23.889999389648438,282588,0.0,0.0
2023-04-17 10:30:00-04:00,23.8700008392334,24.079999923706055,23.5049991607666,23.649999618530273,127354,0.0,0.0
2023-04-17 11:30:00-04:00,23.56999969482422,23.735000610351562,22.75,22.799999237060547,94823,0.0,0.0
2023-04-17 12:30:00-04:00,22.81999969482422,23.5,22.795000076293945,22.825000762939453,182028,0.0,0.0
2023-04-17 13:30:00-04:00,22.854999542236328,23.299999237060547,22.84000015258789,23.045000076293945,130673,0.0,0.0
2023-04-17 14:30:00-04:00,23.045000076293945,23.1200008392334,22.739999771118164,23.1200008392334,140398,0.0,0.0
2023-04-17 15:30:00-04:00,23.125,23.739999771118164,23.010000228881836,23.43000030517578,262896,0.0,0.0
2023-04-18 09:30:00-04:00,23.809999465942383,24.09000015258789,23.329999923706055,23.65999984741211,118955,0.0,0.0
2023-04-18 10:30:00-04:00,23.770000457763672,24.399999618530273,23.65999984741211,24.059999465942383,134525,0.0,0.0
2023-04-18 11:30:00-04:00,24.040000915527344,24.28499984741211,23.920000076293945,23.969999313354492,88801,0.0,0.0
2023-04-18 12:30:00-04:00,23.950000762939453,24.1299991607666,23.690000534057617,24.1200008392334,86317,0.0,0.0
2023-04-18 13:30:00-04:00,24.030000686645508,24.280000686645508,23.989999771118164,24.100000381469727,73459,0.0,0.0
2023-04-18 14:30:00-04:00,24.139999389648438,24.583099365234375,23.959999084472656,24.360000610351562,138741,0.0,0.0
2023-04-18 15:30:00-04:00,24.3799991607666,24.559999465942383,24.09000015258789,24.350000381469727,265776,0.0,0.0
2023-04-19 09:30:00-04:00,23.549999237060547,24.420000076293945,23.420000076293945,24.389999389648438,92244,0.0,0.0
2023-04-19 10:30:00-04:00,24.459999084472656,24.459999084472656,23.229999542236328,23.3700008392334,70916,0.0,0.0
2023-04-19 11:30:00-04:00,23.3700008392334,24.0,23.3700008392334,23.602500915527344,79339,0.0,0.0
2023-04-19 12:30:00-04:00,23.584999084472656,24.020000457763672,23.584999084472656,23.8799991607666,60119,0.0,0.0
2023-04-19 13:30:00-04:00,23.889999389648438,24.110000610351562,23.84149932861328,24.075000762939453,63980,0.0,0.0
2023-04-19 14:30:00-04:00,24.149999618530273,24.3799991607666,23.954999923706055,24.149999618530273,91782,0.0,0.0
2023-04-19 15:30:00-04:00,24.184999465942383,24.190000534057617,23.809999465942383,24.06999969482422,155762,0.0,0.0
2023-04-20 09:30:00-04:00,23.420000076293945,23.655000686645508,23.079999923706055,23.309999465942383,76891,0.0,0.0
2023-04-20 10:30:00-04:00,23.31999969482422,23.45989990234375,22.729999542236328,22.920000076293945,47743,0.0,0.0
2023-04-20 11:30:00-04:00,22.889999389648438,23.049999237060547,22.760000228881836,22.889999389648438,49527,0.0,0.0
2023-04-20 12:30:00-04:00,22.8700008392334,23.06999969482422,22.860000610351562,23.010000228881836,30378,0.0,0.0
2023-04-20 13:30:00-04:00,23.010000228881836,23.014999389648438,22.440000534057617,22.459999084472656,80425,0.0,0.0
2023-04-20 14:30:00-04:00,22.46500015258789,22.665000915527344,22.190000534057617,22.520000457763672,71216,0.0,0.0
2023-04-20 15:30:00-04:00,22.540000915527344,22.565000534057617,21.850000381469727,22.059999465942383,365663,0.0,0.0
2023-04-21 09:30:00-04:00,21.989999771118164,22.549999237060547,21.780000686645508,22.25,77319,0.0,0.0
2023-04-21 10:30:00-04:00,22.229999542236328,22.3700008392334,22.170000076293945,22.270000457763672,39782,0.0,0.0
2023-04-21 11:30:00-04:00,22.295000076293945,22.65180015563965,22.260000228881836,22.459999084472656,29108,0.0,0.0
2023-04-21 12:30:00-04:00,22.399999618530273,22.440000534057617,22.280000686645508,22.295000076293945,37953,0.0,0.0
2023-04-21 13:30:00-04:00,22.309999465942383,22.56999969482422,22.200000762939453,22.5,38110,0.0,0.0
2023-04-21 14:30:00-04:00,22.514999389648438,22.530000686645508,22.290000915527344,22.30500030517578,81022,0.0,0.0
2023-04-21 15:30:00-04:00,22.299999237060547,22.440000534057617,22.229999542236328,22.309999465942383,151738,0.0,0.0
2023-04-24 09:30:00-04:00,22.15999984741211,22.450000762939453,22.059999465942383,22.43000030517578,49906,0.0,0.0
2023-04-24 10:30:00-04:00,22.399999618530273,22.530000686645508,22.020000457763672,22.049999237060547,39509,0.0,0.0
2023-04-24 11:30:00-04:00,22.020000457763672,22.110000610351562,21.799999237060547,21.959999084472656,30031,0.0,0.0
2023-04-24 12:30:00-04:00,21.909299850463867,22.010000228881836,21.829999923706055,21.889999389648438,22537,0.0,0.0
2023-04-24 13:30:00-04:00,21.895000457763672,22.110000610351562,21.860000610351562,21.940000534057617,39956,0.0,0.0
2023-04-24 14:30:00-04:00,21.950000762939453,22.225000381469727,21.889999389648438,22.110000610351562,61568,0.0,0.0
2023-04-24 15:30:00-04:00,22.110000610351562,22.34000015258789,22.110000610351562,22.31999969482422,67206,0.0,0.0
2023-04-25 09:30:00-04:00,22.200000762939453,22.219999313354492,21.829999923706055,21.940000534057617,29811,0.0,0.0
2023-04-25 10:30:00-04:00,21.975000381469727,22.34000015258789,21.809999465942383,22.155000686645508,31499,0.0,0.0
2023-04-25 11:30:00-04:00,22.1200008392334,22.229999542236328,22.040000915527344,22.15999984741211,18939,0.0,0.0
2023-04-25 12:30:00-04:00,22.139999389648438,22.139999389648438,21.889999389648438,22.030000686645508,13427,0.0,0.0
2023-04-25 13:30:00-04:00,22.030000686645508,22.030000686645508,21.756000518798828,21.920000076293945,44488,0.0,0.0
2023-04-25 14:30:00-04:00,21.920000076293945,21.969999313354492,21.84000015258789,21.889999389648438,37480,0.0,0.0
2023-04-25 15:30:00-04:00,21.889999389648438,21.899999618530273,21.579999923706055,21.600000381469727,59895,0.0,0.0
2023-04-26 09:30:00-04:00,21.510000228881836,21.559999465942383,21.219999313354492,21.420000076293945,42441,0.0,0.0
2023-04-26 10:30:00-04:00,21.399999618530273,21.520000457763672,21.190000534057617,21.479999542236328,41852,0.0,0.0
2023-04-26 11:30:00-04:00,21.479999542236328,21.629899978637695,21.3700008392334,21.449899673461914,16780,0.0,0.0
2023-04-26 12:30:00-04:00,21.449800491333008,21.6299991607666,21.420000076293945,21.6299991607666,24562,0.0,0.0
2023-04-26 13:30:00-04:00,21.674999237060547,21.709999084472656,21.479999542236328,21.594999313354492,21093,0.0,0.0
2023-04-26 14:30:00-04:00,21.6200008392334,21.6299991607666,21.420000076293945,21.559999465942383,35047,0.0,0.0
2023-04-26 15:30:00-04:00,21.584999084472656,21.700000762939453,21.479999542236328,21.639999389648438,56415,0.0,0.0
2023-04-27 09:30:00-04:00,21.84000015258789,22.100000381469727,21.559999465942383,21.959999084472656,47048,0.0,0.0
2023-04-27 10:30:00-04:00,21.979999542236328,22.31999969482422,21.809999465942383,22.09000015258789,58379,0.0,0.0
2023-04-27 11:30:00-04:00,22.100000381469727,22.469999313354492,22.040000915527344,22.469999313354492,34645,0.0,0.0
2023-04-27 12:30:00-04:00,22.489999771118164,22.579999923706055,22.229999542236328,22.40999984741211,55622,0.0,0.0
2023-04-27 13:30:00-04:00,22.43000030517578,22.579999923706055,22.350000381469727,22.479999542236328,56950,0.0,0.0
2023-04-27 14:30:00-04:00,22.469999313354492,22.5,22.141399383544922,22.15999984741211,43393,0.0,0.0
2023-04-27 15:30:00-04:00,22.15999984741211,22.225000381469727,21.899999618530273,21.93000030517578,66976,0.0,0.0
2023-04-28 09:30:00-04:00,22.010000228881836,22.809999465942383,21.809999465942383,22.594999313354492,96962,0.0,0.0
2023-04-28 10:30:00-04:00,22.594999313354492,22.614999771118164,22.31999969482422,22.4950008392334,24015,0.0,0.0
2023-04-28 11:30:00-04:00,22.520000457763672,22.639999389648438,22.40999984741211,22.489999771118164,19960,0.0,0.0
2023-04-28 12:30:00-04:00,22.498600006103516,22.709999084472656,22.399999618530273,22.65999984741211,15101,0.0,0.0
2023-04-28 13:30:00-04:00,22.65999984741211,22.65999984741211,22.530000686645508,22.610000610351562,21538,0.0,0.0
2023-04-28 14:30:00-04:00,22.6200008392334,22.780000686645508,22.56999969482422,22.690000534057617,32993,0.0,0.0
2023-04-28 15:30:00-04:00,22.690000534057617,22.8799991607666,22.639999389648438,22.84000015258789,45449,0.0,0.0
2023-05-01 09:30:00-04:00,22.739999771118164,23.280000686645508,22.680099487304688,22.934999465942383,23303,0.0,0.0
2023-05-01 10:30:00-04:00,22.989999771118164,23.09000015258789,22.450000762939453,22.450000762939453,21562,0.0,0.0
2023-05-01 11:30:00-04:00,22.424999237060547,22.565000534057617,22.350000381469727,22.565000534057617,14384,0.0,0.0
2023-05-01 12:30:00-04:00,22.625699996948242,22.770000457763672,22.56999969482422,22.719999313354492,17277,0.0,0.0
2023-05-01 13:30:00-04:00,22.719999313354492,22.81999969482422,22.434999465942383,22.739999771118164,26912,0.0,0.0
2023-05-01 14:30:00-04:00,22.719999313354492,22.719999313354492,22.065000534057617,22.139999389648438,62937,0.0,0.0
2023-05-01 15:30:00-04:00,22.18000030517578,22.450000762939453,22.15999984741211,22.290000915527344,99721,0.0,0.0
2023-05-02 09:30:00-04:00,21.209999084472656,21.920000076293945,21.15999984741211,21.18000030517578,105293,0.0,0.0
2023-05-02 10:30:00-04:00,21.19499969482422,21.239999771118164,20.3700008392334,20.420000076293945,171924,0.0,0.0
2023-05-02 11:30:00-04:00,20.454999923706055,20.90999984741211,20.325000762939453,20.90999984741211,85235,0.0,0.0
2023-05-02 12:30:00-04:00,20.905000686645508,21.139999389648438,20.75,20.795000076293945,107649,0.0,0.0
2023-05-02 13:30:00-04:00,20.75,20.940000534057617,20.7450008392334,20.864999771118164,26748,0.0,0.0
2023-05-02 14:30:00-04:00,20.860000610351562,20.93000030517578,20.760000228881836,20.850000381469727,52106,0.0,0.0
2023-05-02 15:30:00-04:00,20.850000381469727,21.139999389648438,20.81999969482422,20.860000610351562,119385,0.0,0.0
2023-05-03 09:30:00-04:00,21.200000762939453,21.729999542236328,20.915599822998047,21.59000015258789,29534,0.0,0.0
2023-05-03 10:30:00-04:00,21.6200008392334,21.809999465942383,21.540000915527344,21.68000030517578,27288,0.0,0.0
2023-05-03 11:30:00-04:00,21.71489906311035,21.753999710083008,21.469999313354492,21.600000381469727,25361,0.0,0.0
2023-05-03 12:30:00-04:00,21.594999313354492,21.670000076293945,21.459999084472656,21.670000076293945,30665,0.0,0.0
2023-05-03 13:30:00-04:00,21.665000915527344,21.93000030517578,21.5,21.799999237060547,51404,0.0,0.0
2023-05-03 14:30:00-04:00,21.829999923706055,21.84000015258789,21.3700008392334,21.51300048828125,50631,0.0,0.0
2023-05-03 15:30:00-04:00,21.5049991607666,21.610000610351562,21.40999984741211,21.559999465942383,62599,0.0,0.0
2023-05-04 09:30:00-04:00,21.469999313354492,21.469999313354492,20.610000610351562,20.700000762939453,25730,0.0,0.0
2023-05-04 10:30:00-04:00,20.799999237060547,20.920000076293945,20.549999237060547,20.899999618530273,36381,0.0,0.0
2023-05-04 11:30:00-04:00,20.8700008392334,20.9950008392334,20.600000381469727,20.9950008392334,58981,0.0,0.0
2023-05-04 12:30:00-04:00,21.0,21.049999237060547,20.530000686645508,20.59000015258789,154605,0.0,0.0
2023-05-04 13:30:00-04:00,20.6299991607666,20.670000076293945,20.3799991607666,20.510000228881836,48252,0.0,0.0
2023-05-04 14:30:00-04:00,20.459999084472656,20.834999084472656,20.360000610351562,20.799999237060547,84036,0.0,0.0
2023-05-04 15:30:00-04:00,20.84000015258789,20.8799991607666,20.5,20.549999237060547,175601,0.0,0.0
2023-05-05 09:30:00-04:00,20.34000015258789,20.9950008392334,20.34000015258789,20.899999618530273,62740,0.0,0.0
2023-05-05 10:30:00-04:00,20.90999984741211,21.200000762939453,20.809999465942383,20.8799991607666,83277,0.0,0.0
2023-05-05 11:30:00-04:00,20.850000381469727,20.850000381469727,20.600000381469727,20.850000381469727,58954,0.0,0.0
2023-05-05 12:30:00-04:00,20.825000762939453,21.0049991607666,20.610000610351562,20.969999313354492,34612,0.0,0.0
2023-05-05 13:30:00-04:00,20.959999084472656,21.045000076293945,20.700000762939453,20.81999969482422,33526,0.0,0.0
2023-05-05 14:30:00-04:00,20.84000015258789,20.860000610351562,20.690000534057617,20.75,42124,0.0,0.0
2023-05-05 15:30:00-04:00,20.75,20.760000228881836,20.459999084472656,20.469999313354492,153207,0.0,0.0
2023-05-08 09:30:00-04:00,20.40999984741211,21.110000610351562,20.329999923706055,20.915000915527344,221799,0.0,0.0
2023-05-08 10:30:00-04:00,20.950000762939453,21.09000015258789,20.799999237060547,20.959999084472656,78817,0.0,0.0
2023-05-08 11:30:00-04:00,20.969999313354492,21.0,20.510000228881836,20.524999618530273,70369,0.0,0.0
2023-05-08 12:30:00-04:00,20.540000915527344,21.014999389648438,20.530000686645508,20.96500015258789,56683,0.0,0.0
2023-05-08 13:30:00-04:00,20.96500015258789,21.059999465942383,20.760000228881836,20.934999465942383,61429,0.0,0.0
2023-05-08 14:30:00-04:00,20.934999465942383,20.934999465942383,20.540000915527344,20.594999313354492,102298,0.0,0.0
2023-05-08 15:30:00-04:00,20.549999237060547,20.799999237060547,20.540000915527344,20.6299991607666,99821,0.0,0.0
2023-05-09 09:30:00-04:00,20.540000915527344,20.6200008392334,19.989999771118164,20.09000015258789,76354,0.0,0.0
2023-05-09 10:30:00-04:00,20.1200008392334,20.165000915527344,19.799999237060547,19.94499969482422,97405,0.0,0.0
2023-05-09 11:30:00-04:00,19.899999618530273,20.155000686645508,19.770000457763672,19.989999771118164,79839,0.0,0.0
2023-05-09 12:30:00-04:00,19.979999542236328,20.114999771118164,19.8700008392334,20.049999237060547,135069,0.0,0.0
2023-05-09 13:30:00-04:00,20.09000015258789,20.360000610351562,19.940000534057617,20.329999923706055,125443,0.0,0.0
2023-05-09 14:30:00-04:00,20.34000015258789,20.552499771118164,20.075000762939453,20.309999465942383,128354,0.0,0.0
2023-05-09 15:30:00-04:00,20.34000015258789,20.40999984741211,20.190000534057617,20.270000457763672,193996,0.0,0.0
2023-05-10 09:30:00-04:00,17.260000228881836,19.143400192260742,15.710000038146973,16.889999389648438,789989,0.0,0.0
2023-05-10 10:30:00-04:00,16.8799991607666,18.1299991607666,16.61009979248047,17.690000534057617,294301,0.0,0.0
2023-05-10 11:30:00-04:00,17.709999084472656,18.190000534057617,16.969999313354492,17.135000228881836,241669,0.0,0.0
2023-05-10 12:30:00-04:00,17.135000228881836,17.81999969482422,17.135000228881836,17.674999237060547,203645,0.0,0.0
2023-05-10 13:30:00-04:00,17.65999984741211,18.170000076293945,17.53499984741211,18.1299991607666,125447,0.0,0.0
2023-05-10 14:30:00-04:00,18.1299991607666,18.18000030517578,17.469999313354492,17.65999984741211,320173,0.0,0.0
2023-05-10 15:30:00-04:00,17.655000686645508,17.889999389648438,17.479999542236328,17.639999389648438,552103,0.0,0.0
2023-05-11 09:30:00-04:00,16.850000381469727,17.514999389648438,16.459999084472656,16.485000610351562,231762,0.0,0.0
2023-05-11 10:30:00-04:00,16.440000534057617,16.440000534057617,15.875,15.989999771118164,213657,0.0,0.0
2023-05-11 11:30:00-04:00,15.994999885559082,16.100000381469727,15.25,15.619999885559082,318082,0.0,0.0
2023-05-11 12:30:00-04:00,15.640000343322754,15.789999961853027,15.300000190734863,15.430000305175781,217463,0.0,0.0
2023-05-11 13:30:00-04:00,15.430000305175781,15.489999771118164,14.585000038146973,14.640000343322754,388650,0.0,0.0
2023-05-11 14:30:00-04:00,14.640000343322754,14.770000457763672,14.119999885559082,14.244999885559082,325163,0.0,0.0
2023-05-11 15:30:00-04:00,14.244999885559082,14.5600004196167,14.050000190734863,14.09000015258789,535265,0.0,0.0
2023-05-12 09:30:00-04:00,14.199999809265137,14.220000267028809,13.65999984741211,13.789999961853027,163471,0.0,0.0
2023-05-12 10:30:00-04:00,13.789999961853027,13.90999984741211,13.4399995803833,13.649999618530273,195867,0.0,0.0
2023-05-12 11:30:00-04:00,13.640000343322754,13.670000076293945,13.210000038146973,13.380000114440918,184610,0.0,0.0
2023-05-12 12:30:00-04:00,13.380000114440918,13.699999809265137,13.350000381469727,13.699999809265137,128668,0.0,0.0
2023-05-12 13:30:00-04:00,13.675000190734863,13.9350004196167,13.510000228881836,13.734999656677246,388625,0.0,0.0
2023-05-12 14:30:00-04:00,13.729999542236328,13.930000305175781,13.640000343322754,13.850000381469727,234213,0.0,0.0
2023-05-12 15:30:00-04:00,13.850000381469727,14.510000228881836,13.850000381469727,14.5,942808,0.0,0.0
2023-05-15 09:30:00-04:00,14.720000267028809,15.34000015258789,14.649999618530273,15.180000305175781,353909,0.0,0.0
2023-05-15 10:30:00-04:00,15.1850004196167,15.454999923706055,14.994999885559082,15.289999961853027,156268,0.0,0.0
2023-05-15 11:30:00-04:00,15.319999694824219,16.309999465942383,15.270000457763672,16.290000915527344,371665,0.0,0.0
2023-05-15 12:30:00-04:00,16.274999618530273,16.34000015258789,15.710000038146973,15.960000038146973,156772,0.0,0.0
2023-05-15 13:30:00-04:00,15.9399995803833,16.239999771118164,15.869999885559082,16.100000381469727,171361,0.0,0.0
2023-05-15 14:30:00-04:00,16.09000015258789,16.280000686645508,15.930999755859375,16.229999542236328,223115,0.0,0.0
2023-05-15 15:30:00-04:00,16.235000610351562,16.56999969482422,16.049999237060547,16.19499969482422,442383,0.0,0.0
2023-05-16 09:30:00-04:00,16.520000457763672,16.69499969482422,15.930000305175781,16.459999084472656,176375,0.0,0.0
2023-05-16 10:30:00-04:00,16.489999771118164,16.54990005493164,15.880000114440918,16.059999465942383,108786,0.0,0.0
2023-05-16 11:30:00-04:00,16.065000534057617,16.239999771118164,15.84000015258789,15.890000343322754,57252,0.0,0.0
2023-05-16 12:30:00-04:00,15.869999885559082,16.09000015258789,15.65999984741211,15.6899995803833,75920,0.0,0.0
2023-05-16 13:30:00-04:00,15.694999694824219,15.729999542236328,15.380000114440918,15.53499984741211,85969,0.0,0.0
2023-05-16 14:30:00-04:00,15.53499984741211,15.835000038146973,15.449999809265137,15.654999732971191,112280,0.0,0.0
2023-05-16 15:30:00-04:00,15.640000343322754,15.9399995803833,15.640000343322754,15.899999618530273,239599,0.0,0.0
2023-05-17 09:30:00-04:00,16.420000076293945,16.479999542236328,15.710000038146973,15.890000343322754,86203,0.0,0.0
2023-05-17 10:30:00-04:00,15.899999618530273,16.774999618530273,15.899999618530273,16.774999618530273,66641,0.0,0.0
2023-05-17 11:30:00-04:00,16.809999465942383,17.010000228881836,16.459999084472656,16.81999969482422,81943,0.0,0.0
2023-05-17 12:30:00-04:00,16.829999923706055,17.59000015258789,16.719999313354492,17.329999923706055,171956,0.0,0.0
2023-05-17 13:30:00-04:00,17.329999923706055,17.360000610351562,16.979999542236328,17.09000015258789,49260,0.0,0.0
2023-05-17 14:30:00-04:00,17.110000610351562,17.350000381469727,16.934999465942383,17.31999969482422,101133,0.0,0.0
2023-05-17 15:30:00-04:00,17.31999969482422,17.360000610351562,16.959999084472656,17.0,131058,0.0,0.0
2023-05-18 09:30:00-04:00,16.65999984741211,16.969900131225586,16.5,16.920000076293945,76619,0.0,0.0
2023-05-18 10:30:00-04:00,16.93000030517578,17.190000534057617,16.860000610351562,17.125,113978,0.0,0.0
2023-05-18 11:30:00-04:00,17.100000381469727,17.360000610351562,17.079999923706055,17.2450008392334,76664,0.0,0.0
2023-05-18 12:30:00-04:00,17.2450008392334,17.440000534057617,17.2450008392334,17.440000534057617,52689,0.0,0.0
2023-05-18 13:30:00-04:00,17.440000534057617,17.5,17.18000030517578,17.31999969482422,84178,0.0,0.0
2023-05-18 14:30:00-04:00,17.290000915527344,17.97319984436035,17.290000915527344,17.905000686645508,163201,0.0,0.0
2023-05-18 15:30:00-04:00,17.895000457763672,17.950000762939453,17.729999542236328,17.760000228881836,148109,0.0,0.0
2023-05-19 09:30:00-04:00,17.90999984741211,17.932899475097656,17.610000610351562,17.65999984741211,46222,0.0,0.0
2023-05-19 10:30:00-04:00,17.579999923706055,17.579999923706055,17.1200008392334,17.16010093688965,64313,0.0,0.0
2023-05-19 11:30:00-04:00,17.149999618530273,17.299999237060547,17.049999237060547,17.274999618530273,55983,0.0,0.0
2023-05-19 12:30:00-04:00,17.25,17.3700008392334,17.190000534057617,17.25,62811,0.0,0.0
2023-05-19 13:30:00-04:00,17.200000762939453,17.280000686645508,17.170000076293945,17.25,54923,0.0,0.0
2023-05-19 14:30:00-04:00,17.209999084472656,17.260000228881836,16.889999389648438,16.93000030517578,79017,0.0,0.0
2023-05-19 15:30:00-04:00,16.93000030517578,16.979999542236328,16.795000076293945,16.860000610351562,95600,0.0,0.0
2023-05-22 09:30:00-04:00,16.860000610351562,17.075000762939453,16.5,17.03499984741211,54024,0.0,0.0
2023-05-22 10:30:00-04:00,17.049999237060547,17.049999237060547,16.84000015258789,16.924999237060547,49446,0.0,0.0
2023-05-22 11:30:00-04:00,16.969999313354492,17.469999313354492,16.96500015258789,17.454999923706055,57239,0.0,0.0
2023-05-22 12:30:00-04:00,17.440000534057617,17.520000457763672,17.329999923706055,17.479999542236328,35999,0.0,0.0
2023-05-22 13:30:00-04:00,17.5,17.559999465942383,17.280000686645508,17.395000457763672,41581,0.0,0.0
2023-05-22 14:30:00-04:00,17.3799991607666,17.520000457763672,17.350000381469727,17.43000030517578,48890,0.0,0.0
2023-05-22 15:30:00-04:00,17.420000076293945,17.479999542236328,17.28499984741211,17.329999923706055,94050,0.0,0.0
2023-05-23 09:30:00-04:00,17.360000610351562,17.730100631713867,17.110000610351562,17.420000076293945,27513,0.0,0.0
2023-05-23 10:30:00-04:00,17.450000762939453,17.799999237060547,17.450000762939453,17.729999542236328,32267,0.0,0.0
2023-05-23 11:30:00-04:00,17.700000762939453,17.739999771118164,17.219999313354492,17.219999313354492,49769,0.0,0.0
2023-05-23 12:30:00-04:00,17.17690086364746,17.190000534057617,16.99679946899414,16.99679946899414,41871,0.0,0.0
2023-05-23 13:30:00-04:00,17.0049991607666,17.020000457763672,16.81999969482422,17.0,76052,0.0,0.0
2023-05-23 14:30:00-04:00,17.0,17.155000686645508,16.989999771118164,17.0,65192,0.0,0.0
2023-05-23 15:30:00-04:00,16.969999313354492,17.0,16.81999969482422,16.860000610351562,96507,0.0,0.0
2023-05-24 09:30:00-04:00,16.729999542236328,16.729999542236328,16.149999618530273,16.594999313354492,52833,0.0,0.0
2023-05-24 10:30:00-04:00,16.600000381469727,16.700000762939453,16.3700008392334,16.440000534057617,54327,0.0,0.0
2023-05-24 11:30:00-04:00,16.449899673461914,16.449899673461914,16.15999984741211,16.18000030517578,38997,0.0,0.0
2023-05-24 12:30:00-04:00,16.1924991607666,16.43000030517578,16.170000076293945,16.350000381469727,52499,0.0,0.0
2023-05-24 13:30:00-04:00,16.34000015258789,16.479999542236328,16.315000534057617,16.3700008392334,44639,0.0,0.0
2023-05-24 14:30:00-04:00,16.378000259399414,16.429000854492188,16.280000686645508,16.309999465942383,95649,0.0,0.0
2023-05-24 15:30:00-04:00,16.309999465942383,16.459999084472656,16.299999237060547,16.459999084472656,96548,0.0,0.0
2023-05-25 09:30:00-04:00,16.389999389648438,16.46500015258789,16.0,16.18000030517578,64623,0.0,0.0
2023-05-25 10:30:00-04:00,16.18000030517578,16.520000457763672,16.170000076293945,16.280000686645508,419049,0.0,0.0
2023-05-25 11:30:00-04:00,16.26099967956543,16.290000915527344,16.170000076293945,16.280000686645508,249499,0.0,0.0
2023-05-25 12:30:00-04:00,16.25,16.3799991607666,16.209999084472656,16.290000915527344,31907,0.0,0.0
2023-05-25 13:30:00-04:00,16.290000915527344,16.690000534057617,16.260000228881836,16.594999313354492,50846,0.0,0.0
2023-05-25 14:30:00-04:00,16.579999923706055,16.829999923706055,16.510000228881836,16.809999465942383,51947,0.0,0.0
2023-05-25 15:30:00-04:00,16.80500030517578,16.889999389648438,16.760000228881836,16.860000610351562,199101,0.0,0.0
2023-05-26 09:30:00-04:00,16.639999389648438,16.899999618530273,16.459999084472656,16.899999618530273,45540,0.0,0.0
2023-05-26 10:30:00-04:00,16.920000076293945,16.989999771118164,16.479999542236328,16.579999923706055,77148,0.0,0.0
2023-05-26 11:30:00-04:00,16.610000610351562,16.610000610351562,16.399999618530273,16.510000228881836,41691,0.0,0.0
2023-05-26 12:30:00-04:00,16.520000457763672,16.969999313354492,16.520000457763672,16.760000228881836,55586,0.0,0.0
2023-05-26 13:30:00-04:00,16.760000228881836,16.780000686645508,16.530000686645508,16.610000610351562,32913,0.0,0.0
2023-05-26 14:30:00-04:00,16.610000610351562,16.770000457763672,16.59000015258789,16.6200008392334,50739,0.0,0.0
2023-05-26 15:30:00-04:00,16.6200008392334,16.690000534057617,16.540000915527344,16.65999984741211,70643,0.0,0.0
2023-05-30 09:30:00-04:00,16.610000610351562,16.6299991607666,16.299999237060547,16.43000030517578,53306,0.0,0.0
2023-05-30 10:30:00-04:00,16.43000030517578,16.5,16.405000686645508,16.450000762939453,18605,0.0,0.0
2023-05-30 11:30:00-04:00,16.469999313354492,16.524999618530273,16.406099319458008,16.479999542236328,23244,0.0,0.0
2023-05-30 12:30:00-04:00,16.520000457763672,16.6299991607666,16.450000762939453,16.600000381469727,30644,0.0,0.0
2023-05-30 13:30:00-04:00,16.59000015258789,16.639999389648438,16.540000915527344,16.579999923706055,27375,0.0,0.0
2023-05-30 14:30:00-04:00,16.600000381469727,16.68000030517578,16.549999237060547,16.551000595092773,42654,0.0,0.0
2023-05-30 15:30:00-04:00,16.56999969482422,16.68000030517578,16.520000457763672,16.520000457763672,98031,0.0,0.0
2023-05-31 09:30:00-04:00,16.5,16.600000381469727,16.31999969482422,16.420000076293945,36973,0.0,0.0
2023-05-31 10:30:00-04:00,16.440000534057617,16.489999771118164,16.309999465942383,16.309999465942383,55877,0.0,0.0
2023-05-31 11:30:00-04:00,16.309999465942383,16.31999969482422,16.059999465942383,16.299999237060547,55169,0.0,0.0
2023-05-31 12:30:00-04:00,16.290000915527344,16.520000457763672,16.290000915527344,16.485000610351562,47891,0.0,0.0
2023-05-31 13:30:00-04:00,16.4950008392334,16.549999237060547,16.450000762939453,16.549999237060547,67472,0.0,0.0
2023-05-31 14:30:00-04:00,16.530000686645508,16.709999084472656,16.454999923706055,16.69499969482422,50870,0.0,0.0
2023-05-31 15:30:00-04:00,16.69499969482422,16.889999389648438,16.68000030517578,16.81999969482422,104910,0.0,0.0
2023-06-01 09:30:00-04:00,16.809999465942383,16.809999465942383,16.436599731445312,16.780000686645508,26211,0.0,0.0
2023-06-01 10:30:00-04:00,16.780000686645508,16.84000015258789,16.670000076293945,16.799999237060547,44230,0.0,0.0
2023-06-01 11:30:00-04:00,16.780000686645508,17.18000030517578,16.780000686645508,17.165000915527344,34997,0.0,0.0
2023-06-01 12:30:00-04:00,17.174999237060547,17.239999771118164,16.790000915527344,16.829999923706055,50892,0.0,0.0
2023-06-01 13:30:00-04:00,16.770000457763672,17.1299991607666,16.649999618530273,16.950000762939453,96395,0.0,0.0
2023-06-01 14:30:00-04:00,16.920000076293945,17.024999618530273,16.860000610351562,16.940000534057617,55825,0.0,0.0
2023-06-01 15:30:00-04:00,16.920000076293945,17.075000762939453,16.829999923706055,16.959999084472656,75308,0.0,0.0
2023-06-02 09:30:00-04:00,17.329999923706055,17.440000534057617,16.959999084472656,17.29129981994629,41781,0.0,0.0
2023-06-02 10:30:00-04:00,17.295000076293945,17.295000076293945,16.920000076293945,17.06999969482422,68051,0.0,0.0
2023-06-02 11:30:00-04:00,17.075000762939453,17.15999984741211,16.920000076293945,16.94499969482422,35963,0.0,0.0
2023-06-02 12:30:00-04:00,16.950000762939453,17.0,16.8700008392334,16.905000686645508,32709,0.0,0.0
2023-06-02 13:30:00-04:00,16.905000686645508,17.0,16.850000381469727,16.93000030517578,33826,0.0,0.0
2023-06-02 14:30:00-04:00,16.93000030517578,17.309999465942383,16.84000015258789,17.290000915527344,43405,0.0,0.0
2023-06-02 15:30:00-04:00,17.290000915527344,17.360000610351562,17.0,17.149999618530273,165199,0.0,0.0
2023-06-05 09:30:00-04:00,16.360000610351562,16.639999389648438,15.880000114440918,16.18000030517578,143737,0.0,0.0
2023-06-05 10:30:00-04:00,16.18000030517578,16.34000015258789,16.030000686645508,16.200000762939453,112869,0.0,0.0
2023-06-05 11:30:00-04:00,16.170000076293945,16.6200008392334,16.170000076293945,16.59000015258789,66549,0.0,0.0
2023-06-05 12:30:00-04:00,16.55500030517578,16.68000030517578,16.489999771118164,16.549999237060547,51684,0.0,0.0
2023-06-05 13:30:00-04:00,16.530000686645508,16.725000381469727,16.510000228881836,16.719999313354492,54965,0.0,0.0
2023-06-05 14:30:00-04:00,16.709999084472656,16.829999923706055,16.614999771118164,16.7450008392334,82503,0.0,0.0
2023-06-05 15:30:00-04:00,16.7450008392334,16.84000015258789,16.639999389648438,16.65999984741211,142917,0.0,0.0
2023-06-06 09:30:00-04:00,16.75,16.875,16.360000610351562,16.540000915527344,52006,0.0,0.0
2023-06-06 10:30:00-04:00,16.54199981689453,17.56999969482422,16.54199981689453,17.520000457763672,133137,0.0,0.0
2023-06-06 11:30:00-04:00,17.510000228881836,17.575000762939453,17.325000762939453,17.37299919128418,66223,0.0,0.0
2023-06-06 12:30:00-04:00,17.399999618530273,17.40999984741211,17.239999771118164,17.290000915527344,37850,0.0,0.0
2023-06-06 13:30:00-04:00,17.290000915527344,17.34000015258789,16.989999771118164,17.094999313354492,44501,0.0,0.0
2023-06-06 14:30:00-04:00,17.094999313354492,17.145000457763672,16.950000762939453,17.040000915527344,55508,0.0,0.0
2023-06-06 15:30:00-04:00,17.059999465942383,17.389999389648438,17.014999389648438,17.3799991607666,168346,0.0,0.0
2023-06-07 09:30:00-04:00,17.799999237060547,18.5,17.59000015258789,18.2450008392334,164853,0.0,0.0
2023-06-07 10:30:00-04:00,18.25,18.889999389648438,18.229999542236328,18.889999389648438,91502,0.0,0.0
2023-06-07 11:30:00-04:00,18.924999237060547,19.219999313354492,18.722000122070312,19.010099411010742,123374,0.0,0.0
2023-06-07 12:30:00-04:00,19.045000076293945,19.360000610351562,19.045000076293945,19.260000228881836,58791,0.0,0.0
2023-06-07 13:30:00-04:00,19.2450008392334,19.56999969482422,19.225000381469727,19.520000457763672,53500,0.0,0.0
2023-06-07 14:30:00-04:00,19.530000686645508,19.610000610351562,19.350000381469727,19.420000076293945,80117,0.0,0.0
2023-06-07 15:30:00-04:00,19.450000762939453,19.950000762939453,19.450000762939453,19.709999084472656,123501,0.0,0.0
2023-06-08 09:30:00-04:00,19.559999465942383,19.899999618530273,19.40999984741211,19.81999969482422,122777,0.0,0.0
2023-06-08 10:30:00-04:00,19.84000015258789,19.979999542236328,19.790000915527344,19.8700008392334,81347,0.0,0.0
2023-06-08 11:30:00-04:00,19.8700008392334,19.889999389648438,18.95400047302246,19.010000228881836,112085,0.0,0.0
2023-06-08 12:30:00-04:00,19.010000228881836,19.100000381469727,18.780000686645508,18.969999313354492,53772,0.0,0.0
2023-06-08 13:30:00-04:00,18.959999084472656,19.079999923706055,18.670000076293945,18.969999313354492,110639,0.0,0.0
2023-06-08 14:30:00-04:00,18.969999313354492,19.010000228881836,18.68000030517578,18.71500015258789,103430,0.0,0.0
2023-06-08 15:30:00-04:00,18.704999923706055,18.704999923706055,18.489999771118164,18.540000915527344,145133,0.0,0.0
2023-06-09 09:30:00-04:00,18.540000915527344,18.635000228881836,17.860000610351562,18.6299991607666,102260,0.0,0.0
2023-06-09 10:30:00-04:00,18.649999618530273,18.819900512695312,18.170000076293945,18.469999313354492,73852,0.0,0.0
2023-06-09 11:30:00-04:00,18.450000762939453,18.639999389648438,18.389999389648438,18.489999771118164,52634,0.0,0.0
2023-06-09 12:30:00-04:00,18.479999542236328,18.479999542236328,18.18000030517578,18.204999923706055,49426,0.0,0.0
2023-06-09 13:30:00-04:00,18.204999923706055,18.399999618530273,18.100000381469727,18.3700008392334,55176,0.0,0.0
2023-06-09 14:30:00-04:00,18.3700008392334,18.3700008392334,17.93000030517578,18.049999237060547,84081,0.0,0.0
2023-06-09 15:30:00-04:00,18.079999923706055,18.190000534057617,17.799999237060547,17.8700008392334,161743,0.0,0.0
2023-06-12 09:30:00-04:00,17.829999923706055,17.989999771118164,17.270000457763672,17.78499984741211,174317,0.0,0.0
2023-06-12 10:30:00-04:00,17.75,17.760000228881836,17.329999923706055,17.510000228881836,75962,0.0,0.0
2023-06-12 11:30:00-04:00,17.530000686645508,17.530000686645508,17.06999969482422,17.09000015258789,70269,0.0,0.0
2023-06-12 12:30:00-04:00,17.100000381469727,17.200000762939453,16.780000686645508,16.799999237060547,96008,0.0,0.0
2023-06-12 13:30:00-04:00,16.809999465942383,17.100000381469727,16.780000686645508,16.985000610351562,84106,0.0,0.0
2023-06-12 14:30:00-04:00,16.985000610351562,17.18000030517578,16.8700008392334,16.950000762939453,125957,0.0,0.0
2023-06-12 15:30:00-04:00,16.950000762939453,17.0049991607666,16.709999084472656,16.739999771118164,166318,0.0,0.0
2023-06-13 09:30:00-04:00,16.790000915527344,17.209999084472656,16.399999618530273,17.100000381469727,153671,0.0,0.0
2023-06-13 10:30:00-04:00,17.1200008392334,17.1200008392334,16.545000076293945,16.6200008392334,67318,0.0,0.0
2023-06-13 11:30:00-04:00,16.635000228881836,16.770000457763672,16.489999771118164,16.6299991607666,63601,0.0,0.0
2023-06-13 12:30:00-04:00,16.6299991607666,17.049999237060547,16.625,17.049999237060547,81957,0.0,0.0
2023-06-13 13:30:00-04:00,17.05500030517578,17.05500030517578,16.790000915527344,16.790000915527344,65794,0.0,0.0
2023-06-13 14:30:00-04:00,16.770000457763672,16.81999969482422,16.68000030517578,16.68000030517578,70019,0.0,0.0
2023-06-13 15:30:00-04:00,16.68000030517578,16.799999237060547,16.6200008392334,16.774999618530273,139841,0.0,0.0
2023-06-14 09:30:00-04:00,17.0,17.0,16.049999237060547,16.299999237060547,121217,0.0,0.0
2023-06-14 10:30:00-04:00,16.309999465942383,16.459999084472656,16.25,16.25,104966,0.0,0.0
2023-06-14 11:30:00-04:00,16.25,16.290000915527344,15.9399995803833,16.0,114227,0.0,0.0
2023-06-14 12:30:00-04:00,16.0,16.208099365234375,16.0,16.020000457763672,95548,0.0,0.0
2023-06-14 13:30:00-04:00,16.020000457763672,16.15999984741211,15.930000305175781,15.930000305175781,123218,0.0,0.0
2023-06-14 14:30:00-04:00,15.899999618530273,16.0,15.600000381469727,15.640000343322754,165892,0.0,0.0
2023-06-14 15:30:00-04:00,15.630000114440918,15.770000457763672,15.600000381469727,15.65999984741211,227666,0.0,0.0
2023-06-15 09:30:00-04:00,15.789999961853027,16.149999618530273,15.5,15.625,132576,0.0,0.0
2023-06-15 10:30:00-04:00,15.609999656677246,15.989999771118164,15.5,15.979999542236328,107286,0.0,0.0
2023-06-15 11:30:00-04:00,15.970000267028809,16.040000915527344,15.800000190734863,15.989999771118164,103045,0.0,0.0
2023-06-15 12:30:00-04:00,15.989999771118164,16.299999237060547,15.930000305175781,16.299999237060547,73767,0.0,0.0
2023-06-15 13:30:00-04:00,16.31999969482422,16.34000015258789,16.1299991607666,16.139999389648438,94252,0.0,0.0
2023-06-15 14:30:00-04:00,16.149999618530273,16.229999542236328,16.09000015258789,16.200000762939453,88509,0.0,0.0
2023-06-15 15:30:00-04:00,16.200000762939453,16.479999542236328,16.170000076293945,16.459999084472656,153246,0.0,0.0
2023-06-16 09:30:00-04:00,16.84000015258789,16.84000015258789,16.25,16.530000686645508,150455,0.0,0.0
2023-06-16 10:30:00-04:00,16.540000915527344,16.65999984741211,15.955699920654297,15.960000038146973,108714,0.0,0.0
2023-06-16 11:30:00-04:00,15.960000038146973,16.139999389648438,15.960000038146973,16.09000015258789,69040,0.0,0.0
2023-06-16 12:30:00-04:00,16.09000015258789,16.09000015258789,15.8100004196167,16.06999969482422,175058,0.0,0.0
2023-06-16 13:30:00-04:00,16.079999923706055,16.18000030517578,16.010000228881836,16.18000030517578,81353,0.0,0.0
2023-06-16 14:30:00-04:00,16.18000030517578,16.440000534057617,16.145000457763672,16.375,97801,0.0,0.0
2023-06-16 15:30:00-04:00,16.3799991607666,16.622499465942383,16.3799991607666,16.510000228881836,269819,0.0,0.0
2023-06-20 09:30:00-04:00,16.469999313354492,16.65999984741211,16.260000228881836,16.549999237060547,51543,0.0,0.0
2023-06-20 10:30:00-04:00,16.549999237060547,16.959999084472656,16.549999237060547,16.899999618530273,65129,0.0,0.0
2023-06-20 11:30:00-04:00,16.889999389648438,17.100000381469727,16.84000015258789,16.969999313354492,49524,0.0,0.0
2023-06-20 12:30:00-04:00,16.969999313354492,17.100000381469727,16.915000915527344,17.075000762939453,36339,0.0,0.0
2023-06-20 13:30:00-04:00,17.09000015258789,17.219999313354492,16.979999542236328,17.030000686645508,59225,0.0,0.0
2023-06-20 14:30:00-04:00,17.030000686645508,17.231000900268555,16.950000762939453,17.200000762939453,57937,0.0,0.0
2023-06-20 15:30:00-04:00,17.198999404907227,17.200000762939453,16.770000457763672,16.799999237060547,120015,0.0,0.0
2023-06-21 09:30:00-04:00,16.530000686645508,16.770000457763672,16.1200008392334,16.40999984741211,47161,0.0,0.0
2023-06-21 10:30:00-04:00,16.3799991607666,16.40999984741211,16.09000015258789,16.209999084472656,44894,0.0,0.0
2023-06-21 11:30:00-04:00,16.200000762939453,16.420000076293945,16.190000534057617,16.25,35536,0.0,0.0
2023-06-21 12:30:00-04:00,16.260000228881836,16.290000915527344,16.149999618530273,16.209999084472656,29026,0.0,0.0
2023-06-21 13:30:00-04:00,16.200000762939453,16.264999389648438,16.139999389648438,16.260000228881836,36535,0.0,0.0
2023-06-21 14:30:00-04:00,16.260000228881836,16.31999969482422,16.139999389648438,16.18000030517578,52479,0.0,0.0
2023-06-21 15:30:00-04:00,16.18000030517578,16.18000030517578,15.84000015258789,15.850000381469727,108766,0.0,0.0
2023-06-22 09:30:00-04:00,15.649999618530273,15.818499565124512,15.350000381469727,15.460000038146973,37360,0.0,0.0
2023-06-22 10:30:00-04:00,15.40999984741211,15.460000038146973,15.130000114440918,15.300000190734863,109494,0.0,0.0
2023-06-22 11:30:00-04:00,15.34000015258789,15.75,15.34000015258789,15.579999923706055,43120,0.0,0.0
2023-06-22 12:30:00-04:00,15.600000381469727,15.680000305175781,15.479999542236328,15.600000381469727,26791,0.0,0.0
2023-06-22 13:30:00-04:00,15.600000381469727,15.609999656677246,15.479999542236328,15.479999542236328,26564,0.0,0.0
2023-06-22 14:30:00-04:00,15.489999771118164,15.510000228881836,15.40999984741211,15.40999984741211,43216,0.0,0.0
2023-06-22 15:30:00-04:00,15.40999984741211,15.5600004196167,15.399999618530273,15.460000038146973,107345,0.0,0.0
2023-06-23 09:30:00-04:00,15.119999885559082,15.390000343322754,14.640000343322754,14.640000343322754,59775,0.0,0.0
2023-06-23 10:30:00-04:00,14.65999984741211,14.899999618530273,14.585000038146973,14.729999542236328,89918,0.0,0.0
2023-06-23 11:30:00-04:00,14.725000381469727,15.760000228881836,14.680000305175781,15.40999984741211,213652,0.0,0.0
2023-06-23 12:30:00-04:00,15.402199745178223,15.404999732971191,15.210000038146973,15.25,56127,0.0,0.0
2023-06-23 13:30:00-04:00,15.260000228881836,15.359999656677246,15.239999771118164,15.335000038146973,42500,0.0,0.0
2023-06-23 14:30:00-04:00,15.329999923706055,15.329999923706055,15.020000457763672,15.03499984741211,59168,0.0,0.0
2023-06-23 15:30:00-04:00,15.03499984741211,15.03499984741211,14.699999809265137,14.75,266848,0.0,0.0
2023-06-26 09:30:00-04:00,14.729999542236328,15.300000190734863,14.479999542236328,15.072500228881836,72835,0.0,0.0
2023-06-26 10:30:00-04:00,15.079999923706055,15.34000015258789,15.029999732971191,15.3100004196167,54777,0.0,0.0
2023-06-26 11:30:00-04:00,15.289999961853027,15.289999961853027,15.020000457763672,15.079999923706055,29651,0.0,0.0
2023-06-26 12:30:00-04:00,15.039999961853027,15.289999961853027,15.0,15.220000267028809,40001,0.0,0.0
2023-06-26 13:30:00-04:00,15.210000038146973,15.369999885559082,15.180000305175781,15.369999885559082,29167,0.0,0.0
2023-06-26 14:30:00-04:00,15.359999656677246,15.710000038146973,15.354999542236328,15.694999694824219,71219,0.0,0.0
2023-06-26 15:30:00-04:00,15.710000038146973,15.800000190734863,15.710000038146973,15.770000457763672,101536,0.0,0.0
2023-06-27 09:30:00-04:00,15.90999984741211,15.90999984741211,15.470000267028809,15.670000076293945,23924,0.0,0.0
2023-06-27 10:30:00-04:00,15.694999694824219,16.229999542236328,15.649999618530273,16.139999389648438,72081,0.0,0.0
2023-06-27 11:30:00-04:00,16.139999389648438,16.229999542236328,16.059999465942383,16.059999465942383,26674,0.0,0.0
2023-06-27 12:30:00-04:00,16.059999465942383,16.059999465942383,15.75,15.779999732971191,48585,0.0,0.0
2023-06-27 13:30:00-04:00,15.800000190734863,15.800000190734863,15.517499923706055,15.539999961853027,29219,0.0,0.0
2023-06-27 14:30:00-04:00,15.520000457763672,15.71500015258789,15.460000038146973,15.71500015258789,47007,0.0,0.0
2023-06-27 15:30:00-04:00,15.71500015258789,15.800000190734863,15.640000343322754,15.720000267028809,120453,0.0,0.0
2023-06-28 09:30:00-04:00,15.59000015258789,15.699999809265137,15.305000305175781,15.479999542236328,40489,0.0,0.0
2023-06-28 10:30:00-04:00,15.479999542236328,15.649999618530273,15.180000305175781,15.359999656677246,98029,0.0,0.0
2023-06-28 11:30:00-04:00,15.34000015258789,15.710000038146973,15.34000015258789,15.697600364685059,109728,0.0,0.0
2023-06-28 12:30:00-04:00,15.710000038146973,15.760000228881836,15.234999656677246,15.354999542236328,62803,0.0,0.0
2023-06-28 13:30:00-04:00,15.354999542236328,15.359999656677246,15.239999771118164,15.279999732971191,45270,0.0,0.0
2023-06-28 14:30:00-04:00,15.289999961853027,15.350000381469727,15.100000381469727,15.220000267028809,122842,0.0,0.0
2023-06-28 15:30:00-04:00,15.220000267028809,15.234999656677246,15.095000267028809,15.149999618530273,104041,0.0,0.0
2023-06-29 09:30:00-04:00,15.130000114440918,15.670000076293945,15.09000015258789,15.5,81972,0.0,0.0
2023-06-29 10:30:00-04:00,15.5,15.51200008392334,15.34000015258789,15.5,36176,0.0,0.0
2023-06-29 11:30:00-04:00,15.475000381469727,15.475000381469727,15.260000228881836,15.399999618530273,40435,0.0,0.0
2023-06-29 12:30:00-04:00,15.40999984741211,15.5,15.390000343322754,15.4399995803833,26130,0.0,0.0
2023-06-29 13:30:00-04:00,15.449999809265137,15.5,15.130000114440918,15.1899995803833,41788,0.0,0.0
2023-06-29 14:30:00-04:00,15.194999694824219,15.199999809265137,15.130000114440918,15.199999809265137,38663,0.0,0.0
2023-06-29 15:30:00-04:00,15.199999809265137,15.199999809265137,15.119999885559082,15.1899995803833,108967,0.0,0.0
2023-06-30 09:30:00-04:00,15.569999694824219,15.960000038146973,15.319999694824219,15.369999885559082,0,0.0,0.0
2023-06-30 10:30:00-04:00,15.380000114440918,15.430000305175781,15.0600004196167,15.369999885559082,66962,0.0,0.0
2023-06-30 11:30:00-04:00,15.359999656677246,15.449999809265137,15.244999885559082,15.350000381469727,26628,0.0,0.0
2023-06-30 12:30:00-04:00,15.369999885559082,15.399999618530273,15.319999694824219,15.359999656677246,21916,0.0,0.0
2023-06-30 13:30:00-04:00,15.380000114440918,15.399999618530273,15.34000015258789,15.349599838256836,25728,0.0,0.0
2023-06-30 14:30:00-04:00,15.350000381469727,15.359999656677246,15.154999732971191,15.210000038146973,33699,0.0,0.0
2023-06-30 15:30:00-04:00,15.199999809265137,15.25,15.130000114440918,15.130000114440918,62969,0.0,0.0
2023-07-03 09:30:00-04:00,15.0,15.25,14.899999618530273,15.140000343322754,51664,0.0,0.0
2023-07-03 10:30:00-04:00,15.100000381469727,15.220000267028809,15.020000457763672,15.119999885559082,56728,0.0,0.0
2023-07-03 11:30:00-04:00,15.130000114440918,15.350000381469727,15.119999885559082,15.3100004196167,41182,0.0,0.0
2023-07-05 09:30:00-04:00,15.100000381469727,15.170000076293945,14.630000114440918,14.779999732971191,85346,0.0,0.0
2023-07-05 10:30:00-04:00,14.760000228881836,15.029999732971191,14.65999984741211,14.960000038146973,60406,0.0,0.0
2023-07-05 11:30:00-04:00,14.979999542236328,15.100000381469727,14.850099563598633,14.869999885559082,50616,0.0,0.0
2023-07-05 12:30:00-04:00,14.859999656677246,14.930000305175781,14.5600004196167,14.720000267028809,56257,0.0,0.0
2023-07-05 13:30:00-04:00,14.725000381469727,14.774999618530273,14.630000114440918,14.71500015258789,43846,0.0,0.0
2023-07-05 14:30:00-04:00,14.71500015258789,14.75,14.475000381469727,14.510000228881836,74479,0.0,0.0
2023-07-05 15:30:00-04:00,14.510000228881836,14.5600004196167,14.319999694824219,14.34000015258789,135263,0.0,0.0
2023-07-06 09:30:00-04:00,14.0,14.130000114440918,13.680000305175781,13.729999542236328,105706,0.0,0.0
2023-07-06 10:30:00-04:00,13.699999809265137,13.869999885559082,13.670000076293945,13.824999809265137,114035,0.0,0.0
2023-07-06 11:30:00-04:00,13.835000038146973,14.0,13.835000038146973,13.869999885559082,87649,0.0,0.0
2023-07-06 12:30:00-04:00,13.869999885559082,14.149999618530273,13.869999885559082,14.114999771118164,54225,0.0,0.0
2023-07-06 13:30:00-04:00,14.100000381469727,14.199999809265137,14.029999732971191,14.050000190734863,44524,0.0,0.0
2023-07-06 14:30:00-04:00,14.0600004196167,14.1899995803833,14.029999732971191,14.069999694824219,56033,0.0,0.0
2023-07-06 15:30:00-04:00,14.0649995803833,14.149999618530273,13.800000190734863,13.800000190734863,313115,0.0,0.0
2023-07-07 09:30:00-04:00,13.680000305175781,14.20110034942627,13.680000305175781,14.079999923706055,72578,0.0,0.0
2023-07-07 10:30:00-04:00,14.039999961853027,14.199999809265137,13.970000267028809,14.15999984741211,74170,0.0,0.0
2023-07-07 11:30:00-04:00,14.175000190734863,14.364999771118164,14.109999656677246,14.145000457763672,70572,0.0,0.0
2023-07-07 12:30:00-04:00,14.145000457763672,14.25,14.094499588012695,14.1899995803833,46541,0.0,0.0
2023-07-07 13:30:00-04:00,14.164999961853027,14.40999984741211,14.164999961853027,14.350000381469727,76525,0.0,0.0
2023-07-07 14:30:00-04:00,14.329999923706055,14.329999923706055,14.229999542236328,14.289999961853027,74381,0.0,0.0
2023-07-07 15:30:00-04:00,14.265000343322754,14.289999961853027,14.0600004196167,14.09000015258789,71087,0.0,0.0
2023-07-10 09:30:00-04:00,14.270000457763672,14.640000343322754,14.100000381469727,14.475000381469727,58962,0.0,0.0
2023-07-10 10:30:00-04:00,14.479999542236328,14.699999809265137,14.350000381469727,14.359999656677246,80814,0.0,0.0
2023-07-10 11:30:00-04:00,14.359999656677246,14.359999656677246,14.0600004196167,14.100000381469727,31407,0.0,0.0
2023-07-10 12:30:00-04:00,14.095000267028809,14.262200355529785,14.0600004196167,14.260000228881836,24741,0.0,0.0
2023-07-10 13:30:00-04:00,14.25,14.329999923706055,14.1899995803833,14.208499908447266,43167,0.0,0.0
2023-07-10 14:30:00-04:00,14.1899995803833,14.210000038146973,14.0600004196167,14.1899995803833,57119,0.0,0.0
2023-07-10 15:30:00-04:00,14.180000305175781,14.380000114440918,14.180000305175781,14.369999885559082,71805,0.0,0.0
2023-07-11 09:30:00-04:00,14.5,15.220000267028809,14.5,15.074999809265137,194689,0.0,0.0
2023-07-11 10:30:00-04:00,15.050000190734863,15.170000076293945,14.960000038146973,15.039999961853027,58917,0.0,0.0
2023-07-11 11:30:00-04:00,15.020000457763672,15.079999923706055,14.899999618530273,14.930000305175781,58879,0.0,0.0
2023-07-11 12:30:00-04:00,14.949999809265137,15.009699821472168,14.720000267028809,14.720000267028809,55948,0.0,0.0
2023-07-11 13:30:00-04:00,14.710000038146973,14.800000190734863,14.680000305175781,14.739999771118164,40125,0.0,0.0
2023-07-11 14:30:00-04:00,14.744999885559082,14.84000015258789,14.600000381469727,14.604999542236328,111360,0.0,0.0
2023-07-11 15:30:00-04:00,14.609999656677246,14.720000267028809,14.479999542236328,14.6899995803833,160730,0.0,0.0
2023-07-12 09:30:00-04:00,15.050000190734863,15.170000076293945,14.760000228881836,15.100000381469727,59542,0.0,0.0
2023-07-12 10:30:00-04:00,15.102499961853027,15.359999656677246,15.055000305175781,15.25,48596,0.0,0.0
2023-07-12 11:30:00-04:00,15.239999771118164,15.649999618530273,15.239999771118164,15.442500114440918,60512,0.0,0.0
2023-07-12 12:30:00-04:00,15.444999694824219,16.059900283813477,15.444999694824219,16.059900283813477,165654,0.0,0.0
2023-07-12 13:30:00-04:00,15.990099906921387,16.149999618530273,15.819999694824219,15.90999984741211,81404,0.0,0.0
2023-07-12 14:30:00-04:00,15.890000343322754,16.110000610351562,15.843299865722656,15.9399995803833,105356,0.0,0.0
2023-07-12 15:30:00-04:00,15.90999984741211,16.125,15.890000343322754,15.920000076293945,185709,0.0,0.0
2023-07-13 09:30:00-04:00,15.979999542236328,16.25,15.84000015258789,15.979999542236328,95330,0.0,0.0
2023-07-13 10:30:00-04:00,16.0,16.040000915527344,15.859999656677246,16.009899139404297,39278,0.0,0.0
2023-07-13 11:30:00-04:00,15.970000267028809,16.020000457763672,15.890000343322754,16.0,42044,0.0,0.0
2023-07-13 12:30:00-04:00,16.010000228881836,16.25,15.984999656677246,16.15999984741211,38792,0.0,0.0
2023-07-13 13:30:00-04:00,16.15999984741211,16.34000015258789,16.049999237060547,16.34000015258789,48935,0.0,0.0
2023-07-13 14:30:00-04:00,16.34000015258789,16.420000076293945,16.25,16.40999984741211,54270,0.0,0.0
2023-07-13 15:30:00-04:00,16.43000030517578,16.59000015258789,16.39389991760254,16.5,87489,0.0,0.0
2023-07-14 09:30:00-04:00,16.469999313354492,16.68000030517578,16.13089942932129,16.280000686645508,49850,0.0,0.0
2023-07-14 10:30:00-04:00,16.274999618530273,16.274999618530273,15.957500457763672,15.970000267028809,32818,0.0,0.0
2023-07-14 11:30:00-04:00,15.970000267028809,16.18000030517578,15.789999961853027,16.1299991607666,28213,0.0,0.0
2023-07-14 12:30:00-04:00,16.149999618530273,16.229999542236328,15.960000038146973,16.09000015258789,66057,0.0,0.0
2023-07-14 13:30:00-04:00,16.094999313354492,16.18000030517578,16.065000534057617,16.125,25077,0.0,0.0
2023-07-14 14:30:00-04:00,16.110000610351562,16.110000610351562,15.824999809265137,15.85200023651123,26099,0.0,0.0
2023-07-14 15:30:00-04:00,15.85200023651123,15.90999984741211,15.75,15.84000015258789,98306,0.0,0.0
2023-07-17 09:30:00-04:00,15.75,15.920000076293945,15.5,15.59000015258789,23388,0.0,0.0
2023-07-17 10:30:00-04:00,15.59000015258789,15.9399995803833,15.510000228881836,15.829999923706055,28064,0.0,0.0
2023-07-17 11:30:00-04:00,15.829999923706055,16.260000228881836,15.8100004196167,16.014999389648438,66413,0.0,0.0
2023-07-17 12:30:00-04:00,15.979999542236328,16.149999618530273,15.880000114440918,16.149999618530273,29265,0.0,0.0
2023-07-17 13:30:00-04:00,16.110000610351562,16.260000228881836,16.040000915527344,16.209999084472656,44158,0.0,0.0
2023-07-17 14:30:00-04:00,16.190000534057617,16.329999923706055,16.1299991607666,16.16010093688965,54532,0.0,0.0
2023-07-17 15:30:00-04:00,16.200000762939453,16.200000762939453,16.014999389648438,16.079999923706055,77173,0.0,0.0
2023-07-18 09:30:00-04:00,16.010000228881836,16.8700008392334,15.960000038146973,16.729999542236328,187178,0.0,0.0
2023-07-18 10:30:00-04:00,16.649999618530273,16.649999618530273,16.43000030517578,16.469999313354492,45129,0.0,0.0
2023-07-18 11:30:00-04:00,16.40999984741211,16.40999984741211,15.90999984741211,16.010000228881836,37288,0.0,0.0
2023-07-18 12:30:00-04:00,16.079999923706055,16.459999084472656,16.045000076293945,16.434999465942383,41046,0.0,0.0
2023-07-18 13:30:00-04:00,16.40999984741211,16.459999084472656,16.19499969482422,16.200000762939453,27215,0.0,0.0
2023-07-18 14:30:00-04:00,16.200000762939453,16.219999313354492,16.079999923706055,16.100000381469727,29926,0.0,0.0
2023-07-18 15:30:00-04:00,16.084999084472656,16.149999618530273,15.979999542236328,16.06999969482422,67552,0.0,0.0
2023-07-19 09:30:00-04:00,16.239999771118164,16.520000457763672,15.90999984741211,16.30500030517578,43407,0.0,0.0
2023-07-19 10:30:00-04:00,16.299999237060547,16.309999465942383,16.040000915527344,16.18000030517578,49761,0.0,0.0
2023-07-19 11:30:00-04:00,16.18000030517578,16.260000228881836,16.079999923706055,16.079999923706055,19423,0.0,0.0
2023-07-19 12:30:00-04:00,16.049999237060547,16.1299991607666,15.970000267028809,15.989999771118164,20780,0.0,0.0
2023-07-19 13:30:00-04:00,15.989999771118164,16.1299991607666,15.979999542236328,16.100000381469727,21393,0.0,0.0
2023-07-19 14:30:00-04:00,16.110000610351562,16.389999389648438,16.110000610351562,16.309999465942383,47835,0.0,0.0
2023-07-19 15:30:00-04:00,16.309999465942383,16.399999618530273,16.229999542236328,16.270000457763672,100050,0.0,0.0
2023-07-20 09:30:00-04:00,16.280000686645508,16.579999923706055,16.05500030517578,16.348600387573242,47789,0.0,0.0
2023-07-20 10:30:00-04:00,16.332500457763672,16.799999237060547,16.30500030517578,16.700000762939453,40276,0.0,0.0
2023-07-20 11:30:00-04:00,16.70439910888672,16.760000228881836,16.600000381469727,16.68000030517578,22481,0.0,0.0
2023-07-20 12:30:00-04:00,16.65999984741211,16.68000030517578,16.56999969482422,16.670000076293945,16834,0.0,0.0
2023-07-20 13:30:00-04:00,16.670000076293945,16.780000686645508,16.479999542236328,16.5,53936,0.0,0.0
2023-07-20 14:30:00-04:00,16.5,16.65999984741211,16.399999618530273,16.424999237060547,49039,0.0,0.0
2023-07-20 15:30:00-04:00,16.424999237060547,16.530000686645508,16.110000610351562,16.1299991607666,167321,0.0,0.0
2023-07-21 09:30:00-04:00,16.270000457763672,16.389999389648438,15.854999542236328,15.994999885559082,26891,0.0,0.0
2023-07-21 10:30:00-04:00,16.049999237060547,16.18000030517578,16.045000076293945,16.045000076293945,14031,0.0,0.0
2023-07-21 11:30:00-04:00,16.020000457763672,16.25,15.998700141906738,16.25,16954,0.0,0.0
2023-07-21 12:30:00-04:00,16.270000457763672,16.270000457763672,15.864999771118164,15.880000114440918,39951,0.0,0.0
2023-07-21 13:30:00-04:00,15.869999885559082,16.1299991607666,15.819999694824219,16.010000228881836,32515,0.0,0.0
2023-07-21 14:30:00-04:00,16.010000228881836,16.200000762939453,15.960000038146973,16.200000762939453,94218,0.0,0.0
2023-07-21 15:30:00-04:00,16.25,16.3700008392334,16.19499969482422,16.309999465942383,75550,0.0,0.0
2023-07-24 09:30:00-04:00,16.399999618530273,16.510000228881836,15.585000038146973,15.739999771118164,34787,0.0,0.0
2023-07-24 10:30:00-04:00,15.729999542236328,15.800000190734863,15.569999694824219,15.710000038146973,33443,0.0,0.0
2023-07-24 11:30:00-04:00,15.729999542236328,15.890000343322754,15.59000015258789,15.59000015258789,38674,0.0,0.0
2023-07-24 12:30:00-04:00,15.585000038146973,15.600000381469727,15.404999732971191,15.470000267028809,58293,0.0,0.0
2023-07-24 13:30:00-04:00,15.460000038146973,15.579999923706055,15.430000305175781,15.5600004196167,93844,0.0,0.0
2023-07-24 14:30:00-04:00,15.569999694824219,15.75,15.510000228881836,15.725000381469727,266169,0.0,0.0
2023-07-24 15:30:00-04:00,15.725000381469727,15.770000457763672,15.470000267028809,15.5,123543,0.0,0.0
2023-07-25 09:30:00-04:00,15.449999809265137,15.720000267028809,15.329999923706055,15.420000076293945,28930,0.0,0.0
2023-07-25 10:30:00-04:00,15.399999618530273,15.399999618530273,15.020000457763672,15.130000114440918,36669,0.0,0.0
2023-07-25 11:30:00-04:00,15.125,15.3149995803833,15.017900466918945,15.255000114440918,51505,0.0,0.0
2023-07-25 12:30:00-04:00,15.239999771118164,15.3149995803833,14.920000076293945,14.925000190734863,55369,0.0,0.0
2023-07-25 13:30:00-04:00,14.920000076293945,15.010000228881836,14.619999885559082,14.75,97287,0.0,0.0
2023-07-25 14:30:00-04:00,14.770000457763672,14.949999809265137,14.5600004196167,14.9399995803833,99890,0.0,0.0
2023-07-25 15:30:00-04:00,14.962499618530273,14.986200332641602,14.829999923706055,14.9399995803833,133740,0.0,0.0
2023-07-26 09:30:00-04:00,14.899999618530273,15.489999771118164,14.899999618530273,15.145000457763672,35558,0.0,0.0
2023-07-26 10:30:00-04:00,15.100000381469727,15.125,14.869999885559082,15.0,30272,0.0,0.0
2023-07-26 11:30:00-04:00,15.015000343322754,15.319999694824219,14.970000267028809,15.260000228881836,35635,0.0,0.0
2023-07-26 12:30:00-04:00,15.265000343322754,15.399999618530273,15.079999923706055,15.079999923706055,38651,0.0,0.0
2023-07-26 13:30:00-04:00,15.079999923706055,15.079999923706055,14.899999618530273,14.9399995803833,36053,0.0,0.0
2023-07-26 14:30:00-04:00,14.960000038146973,15.020000457763672,14.75,14.899999618530273,46610,0.0,0.0
2023-07-26 15:30:00-04:00,14.890000343322754,14.949999809265137,14.8100004196167,14.850000381469727,97660,0.0,0.0
2023-07-27 09:30:00-04:00,16.68000030517578,17.899999618530273,16.1299991607666,17.899999618530273,857961,0.0,0.0
2023-07-27 10:30:00-04:00,17.89389991760254,19.049999237060547,17.739999771118164,19.015899658203125,868486,0.0,0.0
2023-07-27 11:30:00-04:00,19.020000457763672,19.440000534057617,18.739999771118164,19.1200008392334,553697,0.0,0.0
2023-07-27 12:30:00-04:00,19.114999771118164,19.299999237060547,18.610000610351562,18.90999984741211,324449,0.0,0.0
2023-07-27 13:30:00-04:00,18.8700008392334,19.0049991607666,18.441499710083008,18.559999465942383,193110,0.0,0.0
2023-07-27 14:30:00-04:00,18.559999465942383,18.75,18.219999313354492,18.579999923706055,205067,0.0,0.0
2023-07-27 15:30:00-04:00,18.579999923706055,18.764999389648438,18.239999771118164,18.280000686645508,315048,0.0,0.0
2023-07-28 09:30:00-04:00,18.75,20.299999237060547,18.75,20.1299991607666,743407,0.0,0.0
2023-07-28 10:30:00-04:00,20.06999969482422,21.25,20.030000686645508,21.235000610351562,339337,0.0,0.0
2023-07-28 11:30:00-04:00,21.235000610351562,21.412200927734375,20.440000534057617,20.469999313354492,180036,0.0,0.0
2023-07-28 12:30:00-04:00,20.5,20.610000610351562,20.030000686645508,20.540000915527344,111930,0.0,0.0
2023-07-28 13:30:00-04:00,20.520000457763672,20.559999465942383,20.299999237060547,20.5,147155,0.0,0.0
2023-07-28 14:30:00-04:00,20.5,20.5049991607666,20.299999237060547,20.299999237060547,182999,0.0,0.0
2023-07-28 15:30:00-04:00,20.229999542236328,20.3700008392334,19.93000030517578,20.06999969482422,271876,0.0,0.0
2023-07-31 09:30:00-04:00,20.040000915527344,20.520000457763672,19.840099334716797,20.3700008392334,102414,0.0,0.0
2023-07-31 10:30:00-04:00,20.3700008392334,20.600000381469727,19.810400009155273,19.810400009155273,97896,0.0,0.0
2023-07-31 11:30:00-04:00,19.8799991607666,20.299999237060547,19.8799991607666,20.145000457763672,69357,0.0,0.0
2023-07-31 12:30:00-04:00,20.1200008392334,20.149999618530273,19.645000457763672,19.75,40080,0.0,0.0
2023-07-31 13:30:00-04:00,19.735000610351562,20.0,19.719999313354492,19.850000381469727,37478,0.0,0.0
2023-07-31 14:30:00-04:00,19.81999969482422,20.1299991607666,19.770000457763672,20.09000015258789,60065,0.0,0.0
2023-07-31 15:30:00-04:00,20.110000610351562,20.280000686645508,20.010000228881836,20.030000686645508,126824,0.0,0.0
2023-08-01 09:30:00-04:00,19.65999984741211,19.898399353027344,19.110000610351562,19.270000457763672,45325,0.0,0.0
2023-08-01 10:30:00-04:00,19.270000457763672,19.469999313354492,19.149999618530273,19.309999465942383,32246,0.0,0.0
2023-08-01 11:30:00-04:00,19.360000610351562,19.450000762939453,19.274999618530273,19.399999618530273,26433,0.0,0.0
2023-08-01 12:30:00-04:00,19.420000076293945,19.760000228881836,19.184999465942383,19.729999542236328,49493,0.0,0.0
2023-08-01 13:30:00-04:00,19.700000762939453,19.829999923706055,19.6200008392334,19.764999389648438,51910,0.0,0.0
2023-08-01 14:30:00-04:00,19.729999542236328,20.030000686645508,19.729999542236328,19.959999084472656,67504,0.0,0.0
2023-08-01 15:30:00-04:00,19.950000762939453,19.979999542236328,19.59000015258789,19.610000610351562,82908,0.0,0.0
2023-08-02 09:30:00-04:00,19.139999389648438,19.440000534057617,18.969999313354492,19.43000030517578,40052,0.0,0.0
2023-08-02 10:30:00-04:00,19.420000076293945,19.475000381469727,18.150100708007812,18.8700008392334,137751,0.0,0.0
2023-08-02 11:30:00-04:00,18.899999618530273,18.979999542236328,18.5,18.510000228881836,46171,0.0,0.0
2023-08-02 12:30:00-04:00,18.510000228881836,18.774999618530273,18.420000076293945,18.5049991607666,72301,0.0,0.0
2023-08-02 13:30:00-04:00,18.540000915527344,18.56999969482422,18.165000915527344,18.420000076293945,61304,0.0,0.0
2023-08-02 14:30:00-04:00,18.420000076293945,18.540000915527344,18.260000228881836,18.389999389648438,45263,0.0,0.0
2023-08-02 15:30:00-04:00,18.375,18.549999237060547,18.360000610351562,18.479999542236328,84218,0.0,0.0
2023-08-03 09:30:00-04:00,18.399999618530273,18.649999618530273,17.899999618530273,17.979999542236328,73716,0.0,0.0
2023-08-03 10:30:00-04:00,17.9950008392334,18.270000457763672,17.979999542236328,18.200000762939453,36866,0.0,0.0
2023-08-03 11:30:00-04:00,18.15999984741211,18.219999313354492,17.979999542236328,18.040000915527344,28903,0.0,0.0
2023-08-03 12:30:00-04:00,18.049999237060547,18.059999465942383,17.799999237060547,17.850000381469727,39656,0.0,0.0
2023-08-03 13:30:00-04:00,17.905000686645508,18.05500030517578,17.905000686645508,18.0,50139,0.0,0.0
2023-08-03 14:30:00-04:00,18.0,18.18000030517578,17.899999618530273,18.030000686645508,116933,0.0,0.0
2023-08-03 15:30:00-04:00,18.030000686645508,18.360000610351562,17.979999542236328,18.299999237060547,172674,0.0,0.0
2023-08-04 09:30:00-04:00,18.309999465942383,18.549999237060547,17.979999542236328,18.489999771118164,24300,0.0,0.0
2023-08-04 10:30:00-04:00,18.489999771118164,18.950000762939453,18.489999771118164,18.9197998046875,55154,0.0,0.0
2023-08-04 11:30:00-04:00,18.899999618530273,18.90999984741211,18.56999969482422,18.809999465942383,49189,0.0,0.0
2023-08-04 12:30:00-04:00,18.780000686645508,18.790000915527344,18.6200008392334,18.7450008392334,16572,0.0,0.0
2023-08-04 13:30:00-04:00,18.700000762939453,18.780000686645508,18.440000534057617,18.440000534057617,38474,0.0,0.0
2023-08-04 14:30:00-04:00,18.434999465942383,18.68000030517578,18.344999313354492,18.65999984741211,38584,0.0,0.0
2023-08-04 15:30:00-04:00,18.649999618530273,18.65999984741211,18.479999542236328,18.610000610351562,86769,0.0,0.0
2023-08-07 09:30:00-04:00,18.670000076293945,18.700000762939453,18.06999969482422,18.65999984741211,71062,0.0,0.0
2023-08-07 10:30:00-04:00,18.68000030517578,18.829999923706055,18.219999313354492,18.360000610351562,79041,0.0,0.0
2023-08-07 11:30:00-04:00,18.360000610351562,18.510000228881836,18.360000610351562,18.489999771118164,42756,0.0,0.0
2023-08-07 12:30:00-04:00,18.469999313354492,18.579999923706055,18.110000610351562,18.25,113888,0.0,0.0
2023-08-07 13:30:00-04:00,18.229999542236328,18.5,18.219999313354492,18.3799991607666,32224,0.0,0.0
2023-08-07 14:30:00-04:00,18.40999984741211,18.55500030517578,18.399999618530273,18.489999771118164,40553,0.0,0.0
2023-08-07 15:30:00-04:00,18.4950008392334,18.68000030517578,18.315000534057617,18.354999542236328,163880,0.0,0.0
2023-08-08 09:30:00-04:00,18.100000381469727,18.100000381469727,17.549999237060547,17.780000686645508,144034,0.0,0.0
2023-08-08 10:30:00-04:00,17.790000915527344,17.850000381469727,17.44499969482422,17.68000030517578,136637,0.0,0.0
2023-08-08 11:30:00-04:00,17.649999618530273,17.979999542236328,17.635000228881836,17.790000915527344,82202,0.0,0.0
2023-08-08 12:30:00-04:00,17.780000686645508,17.899999618530273,17.59000015258789,17.649999618530273,89912,0.0,0.0
2023-08-08 13:30:00-04:00,17.65999984741211,17.69499969482422,17.420000076293945,17.520000457763672,108574,0.0,0.0
2023-08-08 14:30:00-04:00,17.524999618530273,17.549999237060547,17.309999465942383,17.3700008392334,71939,0.0,0.0
2023-08-08 15:30:00-04:00,17.350000381469727,17.610000610351562,17.139999389648438,17.25,405066,0.0,0.0
2023-08-09 09:30:00-04:00,15.75,16.0,13.71500015258789,13.889900207519531,853373,0.0,0.0
2023-08-09 10:30:00-04:00,13.850000381469727,13.989999771118164,13.220000267028809,13.699999809265137,443898,0.0,0.0
2023-08-09 11:30:00-04:00,13.680000305175781,14.0,12.699999809265137,12.984999656677246,819443,0.0,0.0
2023-08-09 12:30:00-04:00,12.970000267028809,13.3100004196167,12.760000228881836,13.109999656677246,402080,0.0,0.0
2023-08-09 13:30:00-04:00,13.100000381469727,13.670000076293945,12.949999809265137,13.670000076293945,232738,0.0,0.0
2023-08-09 14:30:00-04:00,13.67039966583252,13.720000267028809,13.100000381469727,13.380000114440918,374061,0.0,0.0
2023-08-09 15:30:00-04:00,13.385000228881836,13.579999923706055,13.3100004196167,13.40999984741211,400241,0.0,0.0
2023-08-10 09:30:00-04:00,13.489999771118164,13.75,12.400099754333496,12.895000457763672,304902,0.0,0.0
2023-08-10 10:30:00-04:00,12.869999885559082,12.890000343322754,12.454999923706055,12.630000114440918,373966,0.0,0.0
2023-08-10 11:30:00-04:00,12.630000114440918,13.029999732971191,12.449999809265137,13.024999618530273,282802,0.0,0.0
2023-08-10 12:30:00-04:00,13.0,13.680000305175781,13.0,13.449999809265137,150665,0.0,0.0
2023-08-10 13:30:00-04:00,13.489899635314941,13.569999694824219,13.21500015258789,13.479999542236328,126224,0.0,0.0
2023-08-10 14:30:00-04:00,13.460000038146973,13.989999771118164,13.430000305175781,13.765000343322754,210782,0.0,0.0
2023-08-10 15:30:00-04:00,13.739999771118164,13.765000343322754,13.425000190734863,13.625,219825,0.0,0.0
2023-08-11 09:30:00-04:00,13.65999984741211,13.77299976348877,13.130000114440918,13.130000114440918,93012,0.0,0.0
2023-08-11 10:30:00-04:00,13.140000343322754,13.3100004196167,13.079999923706055,13.262499809265137,37080,0.0,0.0
2023-08-11 11:30:00-04:00,13.244999885559082,13.36989974975586,12.930000305175781,13.0600004196167,80883,0.0,0.0
2023-08-11 12:30:00-04:00,13.0600004196167,13.270000457763672,12.979999542236328,13.210000038146973,57456,0.0,0.0
2023-08-11 13:30:00-04:00,13.229999542236328,13.319999694824219,13.15999984741211,13.25,43750,0.0,0.0
2023-08-11 14:30:00-04:00,13.25,13.359999656677246,13.100000381469727,13.100000381469727,50429,0.0,0.0
2023-08-11 15:30:00-04:00,13.09000015258789,13.149999618530273,12.920000076293945,13.100000381469727,198751,0.0,0.0
2023-08-14 09:30:00-04:00,13.039999961853027,13.380000114440918,13.0,13.319999694824219,48245,0.0,0.0
2023-08-14 10:30:00-04:00,13.34000015258789,13.779999732971191,13.3100004196167,13.710000038146973,52747,0.0,0.0
2023-08-14 11:30:00-04:00,13.704999923706055,13.989999771118164,13.680000305175781,13.979999542236328,26620,0.0,0.0
2023-08-14 12:30:00-04:00,14.0,14.470000267028809,14.0,14.454999923706055,126159,0.0,0.0
2023-08-14 13:30:00-04:00,14.460000038146973,14.579899787902832,14.239999771118164,14.4399995803833,70876,0.0,0.0
2023-08-14 14:30:00-04:00,14.425000190734863,14.5600004196167,14.25,14.510000228881836,58864,0.0,0.0
2023-08-14 15:30:00-04:00,14.510000228881836,14.510000228881836,14.170000076293945,14.350000381469727,125422,0.0,0.0
2023-08-15 09:30:00-04:00,14.229999542236328,14.229999542236328,13.640000343322754,13.789999961853027,64968,0.0,0.0
2023-08-15 10:30:00-04:00,13.789999961853027,13.789999961853027,13.079999923706055,13.25,86240,0.0,0.0
2023-08-15 11:30:00-04:00,13.25,13.25,13.079999923706055,13.130000114440918,73597,0.0,0.0
2023-08-15 12:30:00-04:00,13.149999618530273,13.15999984741211,12.920000076293945,13.050000190734863,90124,0.0,0.0
2023-08-15 13:30:00-04:00,13.029999732971191,13.199999809265137,12.90999984741211,13.149999618530273,80823,0.0,0.0
2023-08-15 14:30:00-04:00,13.142999649047852,13.180000305175781,12.829999923706055,12.829999923706055,83568,0.0,0.0
2023-08-15 15:30:00-04:00,12.847999572753906,13.170000076293945,12.819999694824219,13.100000381469727,428290,0.0,0.0
2023-08-16 09:30:00-04:00,13.0,13.029999732971191,12.694999694824219,12.90999984741211,66828,0.0,0.0
2023-08-16 10:30:00-04:00,12.920000076293945,13.069999694824219,12.694999694824219,12.725000381469727,88671,0.0,0.0
2023-08-16 11:30:00-04:00,12.713299751281738,12.869999885559082,12.5,12.579999923706055,63949,0.0,0.0
2023-08-16 12:30:00-04:00,12.5649995803833,12.600000381469727,12.4399995803833,12.489999771118164,71240,0.0,0.0
2023-08-16 13:30:00-04:00,12.444999694824219,12.492199897766113,12.305000305175781,12.380000114440918,58879,0.0,0.0
2023-08-16 14:30:00-04:00,12.385000228881836,12.493300437927246,12.199999809265137,12.274999618530273,65184,0.0,0.0
2023-08-16 15:30:00-04:00,12.270000457763672,12.39840030670166,12.180000305175781,12.329999923706055,188277,0.0,0.0
2023-08-17 09:30:00-04:00,12.270000457763672,12.379899978637695,11.569999694824219,11.819999694824219,127892,0.0,0.0
2023-08-17 10:30:00-04:00,11.8100004196167,11.920000076293945,11.670000076293945,11.680000305175781,57697,0.0,0.0
2023-08-17 11:30:00-04:00,11.65999984741211,11.779999732971191,11.5600004196167,11.680000305175781,60790,0.0,0.0
2023-08-17 12:30:00-04:00,11.670000076293945,11.670000076293945,11.539999961853027,11.649999618530273,44964,0.0,0.0
2023-08-17 13:30:00-04:00,11.649999618530273,11.710000038146973,11.529999732971191,11.619999885559082,36299,0.0,0.0
2023-08-17 14:30:00-04:00,11.625,11.636099815368652,11.279999732971191,11.289999961853027,86841,0.0,0.0
2023-08-17 15:30:00-04:00,11.295000076293945,11.3100004196167,11.164999961853027,11.274999618530273,312203,0.0,0.0
2023-08-18 09:30:00-04:00,11.069999694824219,11.539999961853027,11.069999694824219,11.289999961853027,77609,0.0,0.0
2023-08-18 10:30:00-04:00,11.3100004196167,11.46500015258789,11.279999732971191,11.279999732971191,30443,0.0,0.0
2023-08-18 11:30:00-04:00,11.270000457763672,11.375,11.25,11.260000228881836,40102,0.0,0.0
2023-08-18 12:30:00-04:00,11.25,11.380000114440918,11.199999809265137,11.380000114440918,41900,0.0,0.0
2023-08-18 13:30:00-04:00,11.399999618530273,11.449999809265137,11.109999656677246,11.149999618530273,57120,0.0,0.0
2023-08-18 14:30:00-04:00,11.158300399780273,11.260000228881836,11.09000015258789,11.119999885559082,69393,0.0,0.0
2023-08-18 15:30:00-04:00,11.109999656677246,11.180000305175781,10.979999542236328,11.029999732971191,219639,0.0,0.0
2023-08-21 09:30:00-04:00,11.0,11.239999771118164,10.914999961853027,10.930000305175781,53178,0.0,0.0
2023-08-21 10:30:00-04:00,10.84000015258789,10.954999923706055,10.819999694824219,10.829999923706055,24728,0.0,0.0
2023-08-21 11:30:00-04:00,10.829999923706055,10.970000267028809,10.760000228881836,10.930700302124023,40956,0.0,0.0
2023-08-21 12:30:00-04:00,10.948599815368652,10.948599815368652,10.619999885559082,10.675000190734863,40766,0.0,0.0
2023-08-21 13:30:00-04:00,10.670000076293945,10.789999961853027,10.670000076293945,10.774999618530273,20854,0.0,0.0
2023-08-21 14:30:00-04:00,10.789999961853027,11.029999732971191,10.711000442504883,10.869999885559082,90921,0.0,0.0
2023-08-21 15:30:00-04:00,10.864999771118164,10.90999984741211,10.760000228881836,10.779999732971191,109917,0.0,0.0
2023-08-22 09:30:00-04:00,10.760000228881836,11.0,10.539999961853027,10.680000305175781,41366,0.0,0.0
2023-08-22 10:30:00-04:00,10.699899673461914,11.055000305175781,10.619999885559082,11.045000076293945,45717,0.0,0.0
2023-08-22 11:30:00-04:00,11.09000015258789,11.324999809265137,11.069999694824219,11.199999809265137,51013,0.0,0.0
2023-08-22 12:30:00-04:00,11.229999542236328,11.300000190734863,11.020000457763672,11.0600004196167,65002,0.0,0.0
2023-08-22 13:30:00-04:00,11.0600004196167,11.130000114440918,10.90999984741211,11.079999923706055,55726,0.0,0.0
2023-08-22 14:30:00-04:00,11.079999923706055,11.199999809265137,11.020000457763672,11.114999771118164,52029,0.0,0.0
2023-08-22 15:30:00-04:00,11.119999885559082,11.25,11.119999885559082,11.1899995803833,128975,0.0,0.0
2023-08-23 09:30:00-04:00,11.180000305175781,11.180000305175781,10.710000038146973,10.739999771118164,84641,0.0,0.0
2023-08-23 10:30:00-04:00,10.729999542236328,10.869999885559082,10.640000343322754,10.869999885559082,102278,0.0,0.0
2023-08-23 11:30:00-04:00,10.84000015258789,11.0600004196167,10.829999923706055,11.0600004196167,38794,0.0,0.0
2023-08-23 12:30:00-04:00,11.09000015258789,11.420000076293945,11.085000038146973,11.369999885559082,70310,0.0,0.0
2023-08-23 13:30:00-04:00,11.399999618530273,11.460000038146973,11.079999923706055,11.239999771118164,157450,0.0,0.0
2023-08-23 14:30:00-04:00,11.239999771118164,11.270000457763672,11.114999771118164,11.194999694824219,66761,0.0,0.0
2023-08-23 15:30:00-04:00,11.180000305175781,11.180000305175781,10.6899995803833,10.710000038146973,186548,0.0,0.0
2023-08-24 09:30:00-04:00,10.720000267028809,10.720000267028809,9.859999656677246,9.859999656677246,153524,0.0,0.0
2023-08-24 10:30:00-04:00,9.880000114440918,10.010000228881836,9.619999885559082,9.625,97605,0.0,0.0
2023-08-24 11:30:00-04:00,9.630000114440918,9.989999771118164,9.630000114440918,9.779999732971191,115615,0.0,0.0
2023-08-24 12:30:00-04:00,9.78499984741211,9.899999618530273,9.729999542236328,9.737500190734863,81675,0.0,0.0
2023-08-24 13:30:00-04:00,9.739999771118164,9.829999923706055,9.6899995803833,9.779999732971191,70669,0.0,0.0
2023-08-24 14:30:00-04:00,9.800000190734863,10.010000228881836,9.335700035095215,9.380000114440918,221967,0.0,0.0
2023-08-24 15:30:00-04:00,9.380000114440918,9.640000343322754,9.380000114440918,9.5600004196167,212585,0.0,0.0
2023-08-25 09:30:00-04:00,9.449999809265137,9.800000190734863,9.244999885559082,9.364999771118164,61469,0.0,0.0
2023-08-25 10:30:00-04:00,9.359999656677246,9.449999809265137,9.140000343322754,9.449999809265137,43907,0.0,0.0
2023-08-25 11:30:00-04:00,9.460000038146973,9.579999923706055,9.270000457763672,9.319999694824219,38706,0.0,0.0
2023-08-25 12:30:00-04:00,9.34000015258789,9.350000381469727,9.140000343322754,9.180000305175781,37740,0.0,0.0
2023-08-25 13:30:00-04:00,9.180000305175781,9.289999961853027,9.180000305175781,9.28499984741211,55086,0.0,0.0
2023-08-25 14:30:00-04:00,9.300000190734863,9.329999923706055,9.149999618530273,9.20009994506836,68905,0.0,0.0
2023-08-25 15:30:00-04:00,9.199999809265137,9.199999809265137,9.095000267028809,9.1899995803833,103484,0.0,0.0
2023-08-28 09:30:00-04:00,9.229999542236328,9.579999923706055,9.170000076293945,9.470000267028809,58675,0.0,0.0
2023-08-28 10:30:00-04:00,9.430100440979004,9.609999656677246,9.430100440979004,9.579999923706055,30980,0.0,0.0
2023-08-28 11:30:00-04:00,9.5600004196167,9.59000015258789,9.369999885559082,9.390000343322754,32974,0.0,0.0
2023-08-28 12:30:00-04:00,9.390000343322754,9.496999740600586,9.380000114440918,9.380000114440918,20818,0.0,0.0
2023-08-28 13:30:00-04:00,9.380000114440918,9.399999618530273,9.300000190734863,9.375800132751465,22969,0.0,0.0
2023-08-28 14:30:00-04:00,9.380000114440918,9.699999809265137,9.369999885559082,9.699999809265137,69026,0.0,0.0
2023-08-28 15:30:00-04:00,9.6850004196167,9.729999542236328,9.555000305175781,9.619999885559082,121070,0.0,0.0
2023-08-29 09:30:00-04:00,9.609999656677246,9.920000076293945,9.40999984741211,9.890000343322754,0,0.0,0.0
2023-08-29 10:30:00-04:00,9.869999885559082,9.949999809265137,9.739999771118164,9.859999656677246,46931,0.0,0.0
2023-08-29 11:30:00-04:00,9.904999732971191,9.904999732971191,9.760000228881836,9.819999694824219,33340,0.0,0.0
2023-08-29 12:30:00-04:00,9.84000015258789,9.84000015258789,9.760000228881836,9.800000190734863,15999,0.0,0.0
2023-08-29 13:30:00-04:00,9.800000190734863,9.979999542236328,9.800000190734863,9.890000343322754,33340,0.0,0.0
2023-08-29 14:30:00-04:00,9.90999984741211,10.029999732971191,9.829999923706055,10.020000457763672,64042,0.0,0.0
2023-08-29 15:30:00-04:00,10.0,10.039999961853027,9.930000305175781,9.989999771118164,178587,0.0,0.0
2023-08-30 09:30:00-04:00,10.789999961853027,11.630000114440918,10.760000228881836,11.380000114440918,306869,0.0,0.0
2023-08-30 10:30:00-04:00,11.39799976348877,11.8100004196167,11.15999984741211,11.789999961853027,241355,0.0,0.0
2023-08-30 11:30:00-04:00,11.789999961853027,11.789999961853027,11.25,11.479999542236328,160165,0.0,0.0
2023-08-30 12:30:00-04:00,11.494999885559082,11.800000190734863,11.479999542236328,11.765000343322754,134910,0.0,0.0
2023-08-30 13:30:00-04:00,11.739999771118164,11.95989990234375,11.4399995803833,11.460000038146973,94851,0.0,0.0
2023-08-30 14:30:00-04:00,11.479999542236328,11.529999732971191,11.170000076293945,11.170000076293945,168802,0.0,0.0
2023-08-30 15:30:00-04:00,11.15999984741211,11.420000076293945,11.15999984741211,11.350000381469727,208651,0.0,0.0
2023-08-31 09:30:00-04:00,11.510000228881836,12.149999618530273,11.390000343322754,11.729999542236328,169064,0.0,0.0
2023-08-31 10:30:00-04:00,11.758999824523926,11.930000305175781,11.600000381469727,11.670000076293945,71412,0.0,0.0
2023-08-31 11:30:00-04:00,11.654999732971191,11.850000381469727,11.579999923706055,11.670000076293945,47760,0.0,0.0
2023-08-31 12:30:00-04:00,11.640000343322754,11.739999771118164,11.354999542236328,11.390000343322754,41091,0.0,0.0
2023-08-31 13:30:00-04:00,11.420000076293945,11.529999732971191,11.369999885559082,11.420000076293945,36169,0.0,0.0
2023-08-31 14:30:00-04:00,11.4399995803833,11.460000038146973,11.239999771118164,11.359999656677246,73965,0.0,0.0
2023-08-31 15:30:00-04:00,11.359999656677246,11.460000038146973,11.270000457763672,11.369999885559082,177979,0.0,0.0
2023-09-01 09:30:00-04:00,11.380000114440918,11.739999771118164,11.220000267028809,11.699999809265137,37622,0.0,0.0
2023-09-01 10:30:00-04:00,11.673999786376953,12.050000190734863,11.609999656677246,11.850000381469727,64761,0.0,0.0
2023-09-01 11:30:00-04:00,11.850000381469727,11.989999771118164,11.829999923706055,11.885000228881836,45200,0.0,0.0
2023-09-01 12:30:00-04:00,11.885000228881836,11.970000267028809,11.770000457763672,11.779999732971191,38261,0.0,0.0
2023-09-01 13:30:00-04:00,11.770000457763672,11.84000015258789,11.6899995803833,11.704999923706055,49227,0.0,0.0
2023-09-01 14:30:00-04:00,11.729999542236328,11.770000457763672,11.579999923706055,11.600000381469727,45836,0.0,0.0
2023-09-01 15:30:00-04:00,11.619999885559082,11.699999809265137,11.529999732971191,11.5600004196167,80548,0.0,0.0
2023-09-05 09:30:00-04:00,11.210000038146973,11.555000305175781,11.020000457763672,11.114999771118164,76486,0.0,0.0
2023-09-05 10:30:00-04:00,11.140000343322754,11.220000267028809,11.09000015258789,11.220000267028809,49908,0.0,0.0
2023-09-05 11:30:00-04:00,11.194999694824219,11.289999961853027,11.050000190734863,11.074999809265137,51687,0.0,0.0
2023-09-05 12:30:00-04:00,11.085000038146973,11.170000076293945,11.050000190734863,11.09000015258789,37141,0.0,0.0
2023-09-05 13:30:00-04:00,11.0600004196167,11.09000015258789,10.869999885559082,11.0,61789,0.0,0.0
2023-09-05 14:30:00-04:00,10.979999542236328,11.029999732971191,10.9399995803833,11.015000343322754,50550,0.0,0.0
2023-09-05 15:30:00-04:00,11.029999732971191,11.050000190734863,10.914999961853027,10.989999771118164,145581,0.0,0.0
2023-09-06 09:30:00-04:00,10.930000305175781,11.09000015258789,10.6943998336792,10.779999732971191,53852,0.0,0.0
2023-09-06 10:30:00-04:00,10.789999961853027,11.020000457763672,10.789999961853027,10.9399995803833,40587,0.0,0.0
2023-09-06 11:30:00-04:00,10.920000076293945,10.920000076293945,10.760000228881836,10.779999732971191,34141,0.0,0.0
2023-09-06 12:30:00-04:00,10.770000457763672,10.864100456237793,10.670000076293945,10.699999809265137,36649,0.0,0.0
2023-09-06 13:30:00-04:00,10.6899995803833,10.739999771118164,10.494999885559082,10.619999885559082,27210,0.0,0.0
2023-09-06 14:30:00-04:00,10.604999542236328,10.630000114440918,10.489999771118164,10.520000457763672,48581,0.0,0.0
2023-09-06 15:30:00-04:00,10.539999961853027,10.579999923706055,10.40999984741211,10.4399995803833,151478,0.0,0.0
2023-09-07 09:30:00-04:00,10.260000228881836,10.369999885559082,9.8100004196167,9.930000305175781,145028,0.0,0.0
2023-09-07 10:30:00-04:00,9.970000267028809,9.970000267028809,9.630000114440918,9.744999885559082,49212,0.0,0.0
2023-09-07 11:30:00-04:00,9.758099555969238,9.973999977111816,9.758099555969238,9.890000343322754,65268,0.0,0.0
2023-09-07 12:30:00-04:00,9.880000114440918,9.979999542236328,9.859999656677246,9.979999542236328,42283,0.0,0.0
2023-09-07 13:30:00-04:00,9.975000381469727,10.104000091552734,9.920000076293945,9.944999694824219,50628,0.0,0.0
2023-09-07 14:30:00-04:00,9.920000076293945,10.0,9.850000381469727,9.90999984741211,47288,0.0,0.0
2023-09-07 15:30:00-04:00,9.90999984741211,9.90999984741211,9.779999732971191,9.850000381469727,110076,0.0,0.0
2023-09-08 09:30:00-04:00,9.819999694824219,9.879400253295898,9.449999809265137,9.739999771118164,53498,0.0,0.0
2023-09-08 10:30:00-04:00,9.760000228881836,9.930000305175781,9.729999542236328,9.839699745178223,33981,0.0,0.0
2023-09-08 11:30:00-04:00,9.850000381469727,9.850000381469727,9.59000015258789,9.630000114440918,34274,0.0,0.0
2023-09-08 12:30:00-04:00,9.619999885559082,9.770000457763672,9.59000015258789,9.710000038146973,27042,0.0,0.0
2023-09-08 13:30:00-04:00,9.694999694824219,9.720000267028809,9.600000381469727,9.640000343322754,23247,0.0,0.0
2023-09-08 14:30:00-04:00,9.639900207519531,9.756799697875977,9.59000015258789,9.739999771118164,27447,0.0,0.0
2023-09-08 15:30:00-04:00,9.725000381469727,9.819999694824219,9.65999984741211,9.800000190734863,89115,0.0,0.0
2023-09-11 09:30:00-04:00,9.699999809265137,10.095000267028809,9.579999923706055,10.085000038146973,69473,0.0,0.0
2023-09-11 10:30:00-04:00,10.109999656677246,10.109999656677246,9.920000076293945,10.0,102639,0.0,0.0
2023-09-11 11:30:00-04:00,10.0,10.0600004196167,9.890000343322754,9.90999984741211,59616,0.0,0.0
2023-09-11 12:30:00-04:00,9.920000076293945,9.960000038146973,9.880000114440918,9.914999961853027,32744,0.0,0.0
2023-09-11 13:30:00-04:00,9.960000038146973,10.010000228881836,9.920000076293945,9.920000076293945,29290,0.0,0.0
2023-09-11 14:30:00-04:00,9.920000076293945,10.0,9.829999923706055,9.829999923706055,40711,0.0,0.0
2023-09-11 15:30:00-04:00,9.829999923706055,9.845000267028809,9.755000114440918,9.800000190734863,93518,0.0,0.0
2023-09-12 09:30:00-04:00,9.619999885559082,9.829999923706055,9.489999771118164,9.59000015258789,49059,0.0,0.0
2023-09-12 10:30:00-04:00,9.600000381469727,9.720000267028809,9.579999923706055,9.65999984741211,38772,0.0,0.0
2023-09-12 11:30:00-04:00,9.640000343322754,9.710000038146973,9.630000114440918,9.65999984741211,32594,0.0,0.0
2023-09-12 12:30:00-04:00,9.640000343322754,9.704999923706055,9.550000190734863,9.680000305175781,31248,0.0,0.0
2023-09-12 13:30:00-04:00,9.680000305175781,9.710000038146973,9.59000015258789,9.6899995803833,38285,0.0,0.0
2023-09-12 14:30:00-04:00,9.699899673461914,10.0600004196167,9.6899995803833,10.0600004196167,89448,0.0,0.0
2023-09-12 15:30:00-04:00,10.0600004196167,10.109999656677246,9.890000343322754,9.890000343322754,240217,0.0,0.0
2023-09-13 09:30:00-04:00,9.819999694824219,9.869400024414062,9.569999694824219,9.649999618530273,55756,0.0,0.0
2023-09-13 10:30:00-04:00,9.649999618530273,9.65999984741211,9.449999809265137,9.550000190734863,69881,0.0,0.0
2023-09-13 11:30:00-04:00,9.529999732971191,9.569999694824219,9.354999542236328,9.420000076293945,33232,0.0,0.0
2023-09-13 12:30:00-04:00,9.4350004196167,9.510000228881836,9.359999656677246,9.4399995803833,58018,0.0,0.0
2023-09-13 13:30:00-04:00,9.4399995803833,9.5,9.265299797058105,9.4399995803833,55966,0.0,0.0
2023-09-13 14:30:00-04:00,9.449999809265137,9.520000457763672,9.40999984741211,9.510000228881836,92613,0.0,0.0
2023-09-13 15:30:00-04:00,9.5,9.59000015258789,9.430000305175781,9.59000015258789,186373,0.0,0.0
2023-09-14 09:30:00-04:00,9.670000076293945,9.909199714660645,9.585000038146973,9.8149995803833,92890,0.0,0.0
2023-09-14 10:30:00-04:00,9.829999923706055,10.020000457763672,9.789999961853027,9.920000076293945,92087,0.0,0.0
2023-09-14 11:30:00-04:00,9.920000076293945,9.975000381469727,9.869999885559082,9.869999885559082,48616,0.0,0.0
2023-09-14 12:30:00-04:00,9.890000343322754,9.899999618530273,9.75,9.765000343322754,46399,0.0,0.0
2023-09-14 13:30:00-04:00,9.770000457763672,9.880000114440918,9.680000305175781,9.75,38900,0.0,0.0
2023-09-14 14:30:00-04:00,9.720000267028809,9.819999694824219,9.699999809265137,9.729999542236328,60691,0.0,0.0
2023-09-14 15:30:00-04:00,9.729999542236328,9.805000305175781,9.680000305175781,9.779999732971191,129677,0.0,0.0
2023-09-15 09:30:00-04:00,9.720000267028809,9.720000267028809,9.130000114440918,9.635000228881836,95604,0.0,0.0
2023-09-15 10:30:00-04:00,9.619999885559082,9.65999984741211,9.5,9.600000381469727,47907,0.0,0.0
2023-09-15 11:30:00-04:00,9.595000267028809,9.630000114440918,9.4399995803833,9.470000267028809,64563,0.0,0.0
2023-09-15 12:30:00-04:00,9.430000305175781,9.539999961853027,9.3100004196167,9.539999961853027,47367,0.0,0.0
2023-09-15 13:30:00-04:00,9.524999618530273,9.609999656677246,9.40999984741211,9.40999984741211,71666,0.0,0.0
2023-09-15 14:30:00-04:00,9.40999984741211,9.479999542236328,9.25,9.470000267028809,60107,0.0,0.0
2023-09-15 15:30:00-04:00,9.454999923706055,9.520000457763672,9.3100004196167,9.34000015258789,135943,0.0,0.0
2023-09-18 09:30:00-04:00,9.279999732971191,9.449999809265137,8.832799911499023,8.845000267028809,83604,0.0,0.0
2023-09-18 10:30:00-04:00,8.845000267028809,9.050000190734863,8.829999923706055,8.960000038146973,54257,0.0,0.0
2023-09-18 11:30:00-04:00,8.970000267028809,9.005000114440918,8.869999885559082,8.949999809265137,77325,0.0,0.0
2023-09-18 12:30:00-04:00,8.949999809265137,8.97070026397705,8.829999923706055,8.829999923706055,51416,0.0,0.0
2023-09-18 13:30:00-04:00,8.854999542236328,8.970000267028809,8.829999923706055,8.921699523925781,38734,0.0,0.0
2023-09-18 14:30:00-04:00,8.920000076293945,8.979999542236328,8.739999771118164,8.75,65587,0.0,0.0
2023-09-18 15:30:00-04:00,8.75,8.75,8.550000190734863,8.569999694824219,138399,0.0,0.0
2023-09-19 09:30:00-04:00,8.569999694824219,8.84000015258789,8.380000114440918,8.824999809265137,65990,0.0,0.0
2023-09-19 10:30:00-04:00,8.829999923706055,8.920000076293945,8.619999885559082,8.710000038146973,76073,0.0,0.0
2023-09-19 11:30:00-04:00,8.729999542236328,8.850000381469727,8.680000305175781,8.84000015258789,55533,0.0,0.0
2023-09-19 12:30:00-04:00,8.829999923706055,8.869999885559082,8.6899995803833,8.850000381469727,69669,0.0,0.0
2023-09-19 13:30:00-04:00,8.835000038146973,9.010000228881836,8.835000038146973,8.954999923706055,47216,0.0,0.0
2023-09-19 14:30:00-04:00,8.970000267028809,9.0,8.904999732971191,8.9350004196167,86556,0.0,0.0
2023-09-19 15:30:00-04:00,8.930000305175781,9.050000190734863,8.90999984741211,8.979999542236328,135775,0.0,0.0
2023-09-20 09:30:00-04:00,9.0600004196167,9.0600004196167,8.760000228881836,9.020000457763672,92689,0.0,0.0
2023-09-20 10:30:00-04:00,9.0,9.119999885559082,8.819999694824219,8.859999656677246,47471,0.0,0.0
2023-09-20 11:30:00-04:00,8.829999923706055,8.90999984741211,8.789999961853027,8.880000114440918,28027,0.0,0.0
2023-09-20 12:30:00-04:00,8.880000114440918,8.949999809265137,8.829999923706055,8.949999809265137,19141,0.0,0.0
2023-09-20 13:30:00-04:00,8.930000305175781,8.930000305175781,8.550000190734863,8.609999656677246,48905,0.0,0.0
2023-09-20 14:30:00-04:00,8.600000381469727,8.724599838256836,8.400099754333496,8.530500411987305,69429,0.0,0.0
2023-09-20 15:30:00-04:00,8.550000190734863,8.569999694824219,8.244999885559082,8.300000190734863,181272,0.0,0.0
2023-09-21 09:30:00-04:00,8.130000114440918,8.229999542236328,7.920000076293945,8.079999923706055,90611,0.0,0.0
2023-09-21 10:30:00-04:00,8.069999694824219,8.234700202941895,8.050000190734863,8.119999885559082,64299,0.0,0.0
2023-09-21 11:30:00-04:00,8.119999885559082,8.149999618530273,8.020000457763672,8.119999885559082,47156,0.0,0.0
2023-09-21 12:30:00-04:00,8.130000114440918,8.149999618530273,8.039999961853027,8.069999694824219,40266,0.0,0.0
2023-09-21 13:30:00-04:00,8.0600004196167,8.07699966430664,7.980000019073486,8.015000343322754,98818,0.0,0.0
2023-09-21 14:30:00-04:00,8.010000228881836,8.029999732971191,7.889999866485596,7.96999979019165,75047,0.0,0.0
2023-09-21 15:30:00-04:00,7.980000019073486,8.020000457763672,7.829999923706055,7.889999866485596,196254,0.0,0.0
2023-09-22 09:30:00-04:00,7.929999828338623,8.140000343322754,7.309999942779541,7.465000152587891,211689,0.0,0.0
2023-09-22 10:30:00-04:00,7.449999809265137,7.519999980926514,7.184199810028076,7.295000076293945,210289,0.0,0.0
2023-09-22 11:30:00-04:00,7.309299945831299,7.369999885559082,7.230000019073486,7.239999771118164,243229,0.0,0.0
2023-09-22 12:30:00-04:00,7.25,7.269999980926514,7.179999828338623,7.204999923706055,116660,0.0,0.0
2023-09-22 13:30:00-04:00,7.204999923706055,7.230000019073486,6.945000171661377,6.989999771118164,192668,0.0,0.0
2023-09-22 14:30:00-04:00,7.0,7.110000133514404,6.929999828338623,6.949999809265137,279423,0.0,0.0
2023-09-22 15:30:00-04:00,6.949999809265137,7.010000228881836,6.840000152587891,6.929999828338623,299928,0.0,0.0
2023-09-25 09:30:00-04:00,6.829999923706055,6.960000038146973,6.571400165557861,6.760000228881836,157539,0.0,0.0
2023-09-25 10:30:00-04:00,6.769999980926514,6.880000114440918,6.630000114440918,6.630000114440918,154994,0.0,0.0
2023-09-25 11:30:00-04:00,6.619999885559082,6.769999980926514,6.565000057220459,6.608500003814697,237468,0.0,0.0
2023-09-25 12:30:00-04:00,6.610000133514404,6.659999847412109,6.599999904632568,6.610000133514404,88457,0.0,0.0
2023-09-25 13:30:00-04:00,6.610000133514404,6.630000114440918,6.590000152587891,6.610000133514404,76855,0.0,0.0
2023-09-25 14:30:00-04:00,6.610000133514404,6.630000114440918,6.429999828338623,6.449999809265137,146530,0.0,0.0
2023-09-25 15:30:00-04:00,6.460000038146973,6.53000020980835,6.449999809265137,6.449999809265137,289719,0.0,0.0
2023-09-26 09:30:00-04:00,6.349999904632568,7.0,6.320000171661377,6.849999904632568,148705,0.0,0.0
2023-09-26 10:30:00-04:00,6.840000152587891,7.0,6.769999980926514,6.873499870300293,135258,0.0,0.0
2023-09-26 11:30:00-04:00,6.849999904632568,6.909999847412109,6.690000057220459,6.699999809265137,69904,0.0,0.0
2023-09-26 12:30:00-04:00,6.71999979019165,6.75,6.510000228881836,6.525000095367432,142112,0.0,0.0
2023-09-26 13:30:00-04:00,6.510000228881836,6.539999961853027,6.449999809265137,6.489999771118164,57870,0.0,0.0
2023-09-26 14:30:00-04:00,6.480000019073486,6.5,6.429999828338623,6.449999809265137,73775,0.0,0.0
2023-09-26 15:30:00-04:00,6.460000038146973,6.465000152587891,6.369999885559082,6.380000114440918,142267,0.0,0.0
2023-09-27 09:30:00-04:00,6.400000095367432,6.5,6.289999961853027,6.389999866485596,58528,0.0,0.0
2023-09-27 10:30:00-04:00,6.400000095367432,6.519899845123291,6.21999979019165,6.269999980926514,91977,0.0,0.0
2023-09-27 11:30:00-04:00,6.260000228881836,6.269999980926514,6.190000057220459,6.230000019073486,34916,0.0,0.0
2023-09-27 12:30:00-04:00,6.239999771118164,6.309999942779541,6.159999847412109,6.190000057220459,42396,0.0,0.0
2023-09-27 13:30:00-04:00,6.190000057220459,6.309999942779541,6.090000152587891,6.292399883270264,48662,0.0,0.0
2023-09-27 14:30:00-04:00,6.309999942779541,6.329999923706055,6.170000076293945,6.170000076293945,63514,0.0,0.0
2023-09-27 15:30:00-04:00,6.159999847412109,6.21999979019165,6.142300128936768,6.150000095367432,90601,0.0,0.0
2023-09-28 09:30:00-04:00,6.070000171661377,6.329999923706055,6.059999942779541,6.090000152587891,175924,0.0,0.0
2023-09-28 10:30:00-04:00,6.105000019073486,6.139999866485596,5.989999771118164,6.090000152587891,91839,0.0,0.0
2023-09-28 11:30:00-04:00,6.099999904632568,6.300000190734863,6.099999904632568,6.210000038146973,72019,0.0,0.0
2023-09-28 12:30:00-04:00,6.230000019073486,6.320000171661377,6.090000152587891,6.099999904632568,62200,0.0,0.0
2023-09-28 13:30:00-04:00,6.099999904632568,6.204999923706055,6.099999904632568,6.170000076293945,43006,0.0,0.0
2023-09-28 14:30:00-04:00,6.170000076293945,6.170000076293945,6.010000228881836,6.170000076293945,72862,0.0,0.0
2023-09-28 15:30:00-04:00,6.164999961853027,6.164999961853027,6.09499979019165,6.119999885559082,143768,0.0,0.0
2023-09-29 09:30:00-04:00,6.239999771118164,6.289999961853027,6.119999885559082,6.144999980926514,79489,0.0,0.0
2023-09-29 10:30:00-04:00,6.150899887084961,6.230000019073486,6.070000171661377,6.070000171661377,34338,0.0,0.0
2023-09-29 11:30:00-04:00,6.090000152587891,6.090000152587891,5.920000076293945,5.960000038146973,50702,0.0,0.0
2023-09-29 12:30:00-04:00,5.96999979019165,5.96999979019165,5.860000133514404,5.96999979019165,37870,0.0,0.0
2023-09-29 13:30:00-04:00,5.974999904632568,6.150000095367432,5.960000038146973,6.039999961853027,102291,0.0,0.0
2023-09-29 14:30:00-04:00,6.039999961853027,6.170000076293945,6.034999847412109,6.079999923706055,73619,0.0,0.0
2023-09-29 15:30:00-04:00,6.079999923706055,6.079999923706055,5.985000133514404,6.019999980926514,116399,0.0,0.0
2023-10-02 09:30:00-04:00,6.039999961853027,6.167699813842773,5.510000228881836,5.599999904632568,206120,0.0,0.0
2023-10-02 10:30:00-04:00,5.591800212860107,5.769999980926514,5.579999923706055,5.699999809265137,228759,0.0,0.0
2023-10-02 11:30:00-04:00,5.730000019073486,5.739999771118164,5.570000171661377,5.619999885559082,140350,0.0,0.0
2023-10-02 12:30:00-04:00,5.619999885559082,5.659999847412109,5.32480001449585,5.474999904632568,422471,0.0,0.0
2023-10-02 13:30:00-04:00,5.489999771118164,5.610000133514404,5.489999771118164,5.534999847412109,104201,0.0,0.0
2023-10-02 14:30:00-04:00,5.534999847412109,5.559000015258789,5.244999885559082,5.25,96233,0.0,0.0
2023-10-02 15:30:00-04:00,5.255000114440918,5.389999866485596,5.210000038146973,5.320000171661377,218513,0.0,0.0
2023-10-03 09:30:00-04:00,5.230000019073486,5.309899806976318,5.03000020980835,5.090000152587891,227774,0.0,0.0
2023-10-03 10:30:00-04:00,5.090000152587891,5.199999809265137,4.980000019073486,5.125,111516,0.0,0.0
2023-10-03 11:30:00-04:00,5.130000114440918,5.144999980926514,4.965000152587891,5.0,138155,0.0,0.0
2023-10-03 12:30:00-04:00,5.005000114440918,5.025000095367432,4.920000076293945,4.949999809265137,133905,0.0,0.0
2023-10-03 13:30:00-04:00,4.949999809265137,5.03000020980835,4.920000076293945,4.929999828338623,308306,0.0,0.0
2023-10-03 14:30:00-04:00,4.934999942779541,5.019999980926514,4.885000228881836,4.885000228881836,258425,0.0,0.0
2023-10-03 15:30:00-04:00,4.889999866485596,4.889999866485596,4.659999847412109,4.710000038146973,620535,0.0,0.0
2023-10-04 09:30:00-04:00,4.75,4.75,4.400000095367432,4.639999866485596,302544,0.0,0.0
2023-10-04 10:30:00-04:00,4.639999866485596,4.710000038146973,4.605000019073486,4.639999866485596,148355,0.0,0.0
2023-10-04 11:30:00-04:00,4.639999866485596,4.720099925994873,4.590000152587891,4.619999885559082,259127,0.0,0.0
2023-10-04 12:30:00-04:00,4.610000133514404,4.78000020980835,4.559000015258789,4.639999866485596,289053,0.0,0.0
2023-10-04 13:30:00-04:00,4.639999866485596,4.669899940490723,4.510000228881836,4.545000076293945,208908,0.0,0.0
2023-10-04 14:30:00-04:00,4.539999961853027,4.619999885559082,4.519999980926514,4.550000190734863,171286,0.0,0.0
2023-10-04 15:30:00-04:00,4.550000190734863,4.59499979019165,4.53000020980835,4.550000190734863,324899,0.0,0.0
2023-10-05 09:30:00-04:00,4.570000171661377,4.929999828338623,4.550000190734863,4.579999923706055,167801,0.0,0.0
2023-10-05 10:30:00-04:00,4.570000171661377,4.679900169372559,4.539899826049805,4.599999904632568,91410,0.0,0.0
2023-10-05 11:30:00-04:00,4.591700077056885,4.71999979019165,4.579999923706055,4.71999979019165,225242,0.0,0.0
2023-10-05 12:30:00-04:00,4.730000019073486,4.860000133514404,4.690000057220459,4.820000171661377,151944,0.0,0.0
2023-10-05 13:30:00-04:00,4.824999809265137,5.019999980926514,4.800000190734863,5.019999980926514,118056,0.0,0.0
2023-10-05 14:30:00-04:00,5.0279998779296875,5.110000133514404,4.912300109863281,4.949999809265137,172470,0.0,0.0
2023-10-05 15:30:00-04:00,4.940000057220459,5.019999980926514,4.920000076293945,4.960000038146973,264375,0.0,0.0
2023-10-06 09:30:00-04:00,4.900000095367432,5.03000020980835,4.840000152587891,4.900000095367432,94853,0.0,0.0
2023-10-06 10:30:00-04:00,4.900000095367432,4.9222002029418945,4.659999847412109,4.670000076293945,94362,0.0,0.0
2023-10-06 11:30:00-04:00,4.678899765014648,4.920000076293945,4.659999847412109,4.889999866485596,109962,0.0,0.0
2023-10-06 12:30:00-04:00,4.875,4.949999809265137,4.849999904632568,4.940000057220459,34441,0.0,0.0
2023-10-06 13:30:00-04:00,4.940000057220459,4.960000038146973,4.849999904632568,4.909999847412109,44606,0.0,0.0
2023-10-06 14:30:00-04:00,4.90500020980835,4.965000152587891,4.869999885559082,4.889999866485596,56050,0.0,0.0
2023-10-06 15:30:00-04:00,4.889999866485596,4.889999866485596,4.760000228881836,4.800000190734863,119471,0.0,0.0
2023-10-09 09:30:00-04:00,4.710000038146973,4.760000228881836,4.409999847412109,4.429999828338623,105434,0.0,0.0
2023-10-09 10:30:00-04:00,4.429999828338623,4.53000020980835,4.400000095367432,4.53000020980835,58394,0.0,0.0
2023-10-09 11:30:00-04:00,4.53000020980835,4.53000020980835,4.310100078582764,4.349999904632568,87613,0.0,0.0
2023-10-09 12:30:00-04:00,4.349999904632568,4.375,4.315000057220459,4.364999771118164,54219,0.0,0.0
2023-10-09 13:30:00-04:00,4.364999771118164,4.460000038146973,4.360000133514404,4.385000228881836,45560,0.0,0.0
2023-10-09 14:30:00-04:00,4.389999866485596,4.414999961853027,4.304999828338623,4.335000038146973,309558,0.0,0.0
2023-10-09 15:30:00-04:00,4.320000171661377,4.320000171661377,4.224999904632568,4.235000133514404,121350,0.0,0.0
2023-10-10 09:30:00-04:00,4.21999979019165,4.573999881744385,4.186699867248535,4.490099906921387,109002,0.0,0.0
2023-10-10 10:30:00-04:00,4.505000114440918,4.610000133514404,4.389999866485596,4.400000095367432,103476,0.0,0.0
2023-10-10 11:30:00-04:00,4.400000095367432,4.45989990234375,4.340000152587891,4.359799861907959,67476,0.0,0.0
2023-10-10 12:30:00-04:00,4.360000133514404,4.570000171661377,4.360000133514404,4.559999942779541,88509,0.0,0.0
2023-10-10 13:30:00-04:00,4.570000171661377,4.664999961853027,4.550099849700928,4.635000228881836,137683,0.0,0.0
2023-10-10 14:30:00-04:00,4.635000228881836,4.760000228881836,4.630000114440918,4.739999771118164,102871,0.0,0.0
2023-10-10 15:30:00-04:00,4.75,4.789999961853027,4.730000019073486,4.775000095367432,146458,0.0,0.0
2023-10-11 09:30:00-04:00,4.829999923706055,4.880000114440918,4.349999904632568,4.360000133514404,135936,0.0,0.0
2023-10-11 10:30:00-04:00,4.369999885559082,4.389999866485596,4.241000175476074,4.264999866485596,92417,0.0,0.0
2023-10-11 11:30:00-04:00,4.269999980926514,4.300000190734863,4.150000095367432,4.170000076293945,72854,0.0,0.0
2023-10-11 12:30:00-04:00,4.170000076293945,4.210000038146973,4.090000152587891,4.130000114440918,100662,0.0,0.0
2023-10-11 13:30:00-04:00,4.1290998458862305,4.139999866485596,4.070000171661377,4.130000114440918,71526,0.0,0.0
2023-10-11 14:30:00-04:00,4.119999885559082,4.119999885559082,4.010000228881836,4.059999942779541,197088,0.0,0.0
2023-10-11 15:30:00-04:00,4.065000057220459,4.210000038146973,4.059999942779541,4.210000038146973,390703,0.0,0.0
2023-10-12 09:30:00-04:00,4.199999809265137,4.199999809265137,4.0,4.03000020980835,217969,0.0,0.0
2023-10-12 10:30:00-04:00,4.034999847412109,4.058000087738037,3.9200000762939453,3.944999933242798,122716,0.0,0.0
2023-10-12 11:30:00-04:00,3.944999933242798,4.010000228881836,3.9000000953674316,3.930000066757202,237429,0.0,0.0
2023-10-12 12:30:00-04:00,3.930000066757202,3.930000066757202,3.6600000858306885,3.6995999813079834,428518,0.0,0.0
2023-10-12 13:30:00-04:00,3.699899911880493,3.7300000190734863,3.6500000953674316,3.684999942779541,128171,0.0,0.0
2023-10-12 14:30:00-04:00,3.684999942779541,3.7100000381469727,3.5999999046325684,3.5999999046325684,215849,0.0,0.0
2023-10-12 15:30:00-04:00,3.5899999141693115,3.609999895095825,3.4700000286102295,3.4700000286102295,308891,0.0,0.0
2023-10-13 09:30:00-04:00,3.490000009536743,3.549999952316284,3.240000009536743,3.4200000762939453,308314,0.0,0.0
2023-10-13 10:30:00-04:00,3.4100000858306885,3.4100000858306885,3.2899999618530273,3.359999895095825,148226,0.0,0.0
2023-10-13 11:30:00-04:00,3.3550000190734863,3.359999895095825,3.2950000762939453,3.299999952316284,88155,0.0,0.0
2023-10-13 12:30:00-04:00,3.299999952316284,3.3299999237060547,3.2602999210357666,3.2799999713897705,44994,0.0,0.0
2023-10-13 13:30:00-04:00,3.2799999713897705,3.3350000381469727,3.265000104904175,3.305000066757202,124715,0.0,0.0
2023-10-13 14:30:00-04:00,3.305000066757202,3.450000047683716,3.240000009536743,3.450000047683716,151291,0.0,0.0
2023-10-13 15:30:00-04:00,3.4488000869750977,3.5199999809265137,3.4000000953674316,3.4200000762939453,385021,0.0,0.0
2023-10-16 09:30:00-04:00,3.509999990463257,3.5959999561309814,3.380000114440918,3.450000047683716,71973,0.0,0.0
2023-10-16 10:30:00-04:00,3.45989990234375,3.8896000385284424,3.450000047683716,3.880000114440918,115955,0.0,0.0
2023-10-16 11:30:00-04:00,3.869999885559082,3.930000066757202,3.7504000663757324,3.9149999618530273,74188,0.0,0.0
2023-10-16 12:30:00-04:00,3.930000066757202,4.039599895477295,3.8104000091552734,3.8104000091552734,100008,0.0,0.0
2023-10-16 13:30:00-04:00,3.819999933242798,3.865000009536743,3.762700080871582,3.788800001144409,65741,0.0,0.0
2023-10-16 14:30:00-04:00,3.7799999713897705,3.859999895095825,3.759999990463257,3.8299999237060547,260753,0.0,0.0
2023-10-16 15:30:00-04:00,3.8299999237060547,3.9000000953674316,3.799999952316284,3.815000057220459,295895,0.0,0.0
2023-10-17 09:30:00-04:00,3.7699999809265137,4.309999942779541,3.720400094985962,4.150000095367432,324575,0.0,0.0
2023-10-17 10:30:00-04:00,4.150000095367432,4.414000034332275,4.110000133514404,4.26200008392334,157263,0.0,0.0
2023-10-17 11:30:00-04:00,4.260000228881836,4.5,4.25,4.465000152587891,229858,0.0,0.0
2023-10-17 12:30:00-04:00,4.450099945068359,4.569499969482422,4.409999847412109,4.449999809265137,123397,0.0,0.0
2023-10-17 13:30:00-04:00,4.440000057220459,4.449999809265137,4.329999923706055,4.409999847412109,83955,0.0,0.0
2023-10-17 14:30:00-04:00,4.409999847412109,4.449999809265137,4.329999923706055,4.449900150299072,106282,0.0,0.0
2023-10-17 15:30:00-04:00,4.434999942779541,4.449999809265137,4.324999809265137,4.400000095367432,197901,0.0,0.0
2023-10-18 09:30:00-04:00,4.300000190734863,4.449999809265137,4.210000038146973,4.329999923706055,120900,0.0,0.0
2023-10-18 10:30:00-04:00,4.360000133514404,4.389999866485596,4.210000038146973,4.349999904632568,139118,0.0,0.0
2023-10-18 11:30:00-04:00,4.355000019073486,4.5,4.355000019073486,4.440000057220459,168280,0.0,0.0
2023-10-18 12:30:00-04:00,4.440000057220459,4.449999809265137,4.320000171661377,4.380000114440918,81613,0.0,0.0
2023-10-18 13:30:00-04:00,4.375,4.465000152587891,4.369999885559082,4.450500011444092,72058,0.0,0.0
2023-10-18 14:30:00-04:00,4.454999923706055,4.454999923706055,4.329999923706055,4.349999904632568,226766,0.0,0.0
2023-10-18 15:30:00-04:00,4.349999904632568,4.440000057220459,4.335000038146973,4.420000076293945,202765,0.0,0.0
2023-10-19 09:30:00-04:00,4.389999866485596,4.389999866485596,3.960099935531616,3.9700000286102295,147560,0.0,0.0
2023-10-19 10:30:00-04:00,3.960400104522705,4.019999980926514,3.8691000938415527,4.014999866485596,185166,0.0,0.0
2023-10-19 11:30:00-04:00,4.010000228881836,4.195000171661377,3.9500999450683594,4.190000057220459,110783,0.0,0.0
2023-10-19 12:30:00-04:00,4.179999828338623,4.269999980926514,4.125899791717529,4.25,36266,0.0,0.0
2023-10-19 13:30:00-04:00,4.239999771118164,4.25,4.159999847412109,4.179999828338623,38263,0.0,0.0
2023-10-19 14:30:00-04:00,4.179999828338623,4.190100193023682,4.060800075531006,4.060800075531006,47124,0.0,0.0
2023-10-19 15:30:00-04:00,4.070000171661377,4.070000171661377,3.9700000286102295,4.0,116281,0.0,0.0
2023-10-20 09:30:00-04:00,3.9800000190734863,3.9800000190734863,3.734999895095825,3.859999895095825,66927,0.0,0.0
2023-10-20 10:30:00-04:00,3.869999885559082,4.039999961853027,3.859999895095825,4.005000114440918,75579,0.0,0.0
2023-10-20 11:30:00-04:00,4.0,4.059999942779541,3.940000057220459,3.9700000286102295,57294,0.0,0.0
2023-10-20 12:30:00-04:00,3.9700000286102295,4.03000020980835,3.940000057220459,4.010000228881836,42645,0.0,0.0
2023-10-20 13:30:00-04:00,4.010000228881836,4.019999980926514,3.934999942779541,3.934999942779541,27632,0.0,0.0
2023-10-20 14:30:00-04:00,3.930000066757202,3.9700000286102295,3.871000051498413,3.9049999713897705,56638,0.0,0.0
2023-10-20 15:30:00-04:00,3.9049999713897705,3.95989990234375,3.9000000953674316,3.940000057220459,104612,0.0,0.0
2023-10-23 09:30:00-04:00,3.8499999046325684,3.9200000762939453,3.7100000381469727,3.880000114440918,98310,0.0,0.0
2023-10-23 10:30:00-04:00,3.8499999046325684,3.8499999046325684,3.7300000190734863,3.7899999618530273,59448,0.0,0.0
2023-10-23 11:30:00-04:00,3.7701001167297363,3.7701001167297363,3.609999895095825,3.630000114440918,109507,0.0,0.0
2023-10-23 12:30:00-04:00,3.639899969100952,3.700000047683716,3.609999895095825,3.609999895095825,118863,0.0,0.0
2023-10-23 13:30:00-04:00,3.619999885559082,3.619999885559082,3.530100107192993,3.5799999237060547,76885,0.0,0.0
2023-10-23 14:30:00-04:00,3.569999933242798,3.6700000762939453,3.555000066757202,3.6700000762939453,67405,0.0,0.0
2023-10-23 15:30:00-04:00,3.6700000762939453,3.799999952316284,3.6700000762939453,3.759999990463257,192415,0.0,0.0
2023-10-24 09:30:00-04:00,3.8499999046325684,4.130000114440918,3.765700101852417,4.090000152587891,98661,0.0,0.0
2023-10-24 10:30:00-04:00,4.099999904632568,4.170000076293945,3.8701000213623047,3.8949999809265137,62089,0.0,0.0
2023-10-24 11:30:00-04:00,3.9000000953674316,3.9600000381469727,3.79010009765625,3.825000047683716,53952,0.0,0.0
2023-10-24 12:30:00-04:00,3.8299999237060547,3.8499999046325684,3.780100107192993,3.809999942779541,52914,0.0,0.0
2023-10-24 13:30:00-04:00,3.819999933242798,3.930000066757202,3.7850000858306885,3.8399999141693115,54274,0.0,0.0
2023-10-24 14:30:00-04:00,3.8399999141693115,3.9600000381469727,3.8299999237060547,3.9200000762939453,72657,0.0,0.0
2023-10-24 15:30:00-04:00,3.9200000762939453,3.930000066757202,3.884999990463257,3.9049999713897705,169898,0.0,0.0
2023-10-25 09:30:00-04:00,3.880000114440918,3.880000114440918,3.6500000953674316,3.7200000286102295,70483,0.0,0.0
2023-10-25 10:30:00-04:00,3.7200000286102295,3.8299999237060547,3.7139999866485596,3.7799999713897705,59978,0.0,0.0
2023-10-25 11:30:00-04:00,3.7799999713897705,3.79010009765625,3.7300000190734863,3.765000104904175,28315,0.0,0.0
2023-10-25 12:30:00-04:00,3.7799999713897705,3.865000009536743,3.765000104904175,3.8299999237060547,30628,0.0,0.0
2023-10-25 13:30:00-04:00,3.819999933242798,3.819999933242798,3.694999933242798,3.694999933242798,64152,0.0,0.0
2023-10-25 14:30:00-04:00,3.700000047683716,3.7100000381469727,3.5950000286102295,3.5999999046325684,78208,0.0,0.0
2023-10-25 15:30:00-04:00,3.609999895095825,3.640000104904175,3.5799999237060547,3.5899999141693115,140510,0.0,0.0
2023-10-26 09:30:00-04:00,3.7100000381469727,3.7100000381469727,3.4600000381469727,3.5199999809265137,79231,0.0,0.0
2023-10-26 10:30:00-04:00,3.5399999618530273,3.6500000953674316,3.5,3.5399999618530273,54735,0.0,0.0
2023-10-26 11:30:00-04:00,3.5399999618530273,3.5399999618530273,3.430000066757202,3.4549999237060547,60119,0.0,0.0
2023-10-26 12:30:00-04:00,3.450000047683716,3.4800000190734863,3.369999885559082,3.369999885559082,80932,0.0,0.0
2023-10-26 13:30:00-04:00,3.379699945449829,3.4200000762939453,3.369999885559082,3.375,24626,0.0,0.0
2023-10-26 14:30:00-04:00,3.375,3.4000000953674316,3.3499999046325684,3.380000114440918,66376,0.0,0.0
2023-10-26 15:30:00-04:00,3.380000114440918,3.4100000858306885,3.359999895095825,3.384999990463257,126895,0.0,0.0
2023-10-27 09:30:00-04:00,3.4200000762939453,3.4200000762939453,3.1600000858306885,3.1700000762939453,63114,0.0,0.0
2023-10-27 10:30:00-04:00,3.1740000247955322,3.2799999713897705,3.170099973678589,3.230799913406372,64552,0.0,0.0
2023-10-27 11:30:00-04:00,3.2300000190734863,3.299999952316284,3.2200000286102295,3.2699999809265137,56394,0.0,0.0
2023-10-27 12:30:00-04:00,3.261899948120117,3.2699999809265137,3.240000009536743,3.240000009536743,61989,0.0,0.0
2023-10-27 13:30:00-04:00,3.240000009536743,3.2799999713897705,3.2300000190734863,3.259999990463257,53769,0.0,0.0
2023-10-27 14:30:00-04:00,3.265000104904175,3.319999933242798,3.259999990463257,3.305000066757202,48451,0.0,0.0
2023-10-27 15:30:00-04:00,3.299999952316284,3.3399999141693115,3.2899999618530273,3.3299999237060547,79051,0.0,0.0
2023-10-30 09:30:00-04:00,3.359999895095825,3.434000015258789,3.1500000953674316,3.180000066757202,92300,0.0,0.0
2023-10-30 10:30:00-04:00,3.181999921798706,3.18969988822937,3.109999895095825,3.134999990463257,66238,0.0,0.0
2023-10-30 11:30:00-04:00,3.140000104904175,3.200000047683716,3.075000047683716,3.0850000381469727,58711,0.0,0.0
2023-10-30 12:30:00-04:00,3.0850000381469727,3.0850000381469727,3.009999990463257,3.0555999279022217,147009,0.0,0.0
2023-10-30 13:30:00-04:00,3.059999942779541,3.130000114440918,3.0299999713897705,3.0836000442504883,191649,0.0,0.0
2023-10-30 14:30:00-04:00,3.075000047683716,3.1649999618530273,3.069999933242798,3.1600000858306885,66841,0.0,0.0
2023-10-30 15:30:00-04:00,3.1600000858306885,3.1700000762939453,3.0999999046325684,3.130000114440918,108249,0.0,0.0
2023-10-31 09:30:00-04:00,3.140000104904175,3.1700000762939453,2.9800000190734863,3.109999895095825,74254,0.0,0.0
2023-10-31 10:30:00-04:00,3.119999885559082,3.2100000381469727,3.09060001373291,3.0999999046325684,56659,0.0,0.0
2023-10-31 11:30:00-04:00,3.100100040435791,3.119999885559082,3.040299892425537,3.069999933242798,97692,0.0,0.0
2023-10-31 12:30:00-04:00,3.069999933242798,3.0799999237060547,3.0350000858306885,3.069999933242798,32120,0.0,0.0
2023-10-31 13:30:00-04:00,3.069999933242798,3.174999952316284,3.069999933242798,3.134999990463257,63079,0.0,0.0
2023-10-31 14:30:00-04:00,3.1201000213623047,3.1500000953674316,3.109999895095825,3.115000009536743,72211,0.0,0.0
2023-10-31 15:30:00-04:00,3.1105000972747803,3.1500000953674316,3.0799999237060547,3.109999895095825,116356,0.0,0.0
2023-11-01 09:30:00-04:00,3.0899999141693115,3.109999895095825,2.9649999141693115,2.9800000190734863,104550,0.0,0.0
2023-11-01 10:30:00-04:00,2.9749999046325684,3.058300018310547,2.9600000381469727,2.9749999046325684,47543,0.0,0.0
2023-11-01 11:30:00-04:00,2.9749999046325684,2.9749999046325684,2.9000000953674316,2.940000057220459,123418,0.0,0.0
2023-11-01 12:30:00-04:00,2.940000057220459,2.9700000286102295,2.880000114440918,2.880000114440918,63103,0.0,0.0
2023-11-01 13:30:00-04:00,2.890000104904175,2.9091999530792236,2.8399999141693115,2.8550000190734863,58537,0.0,0.0
2023-11-01 14:30:00-04:00,2.8550000190734863,2.940000057220459,2.8499999046325684,2.9000000953674316,145715,0.0,0.0
2023-11-01 15:30:00-04:00,2.9100000858306885,2.990000009536743,2.9000000953674316,2.9709999561309814,163746,0.0,0.0
2023-11-02 09:30:00-04:00,3.0899999141693115,3.4700000286102295,3.059999942779541,3.2100000381469727,257542,0.0,0.0
2023-11-02 10:30:00-04:00,3.2100000381469727,3.3499999046325684,3.1500000953674316,3.240000009536743,126392,0.0,0.0
2023-11-02 11:30:00-04:00,3.2300000190734863,3.4000000953674316,3.200000047683716,3.25,195570,0.0,0.0
2023-11-02 12:30:00-04:00,3.25,3.259999990463257,3.1500000953674316,3.1500000953674316,101052,0.0,0.0
2023-11-02 13:30:00-04:00,3.1500000953674316,3.1884000301361084,3.109999895095825,3.119999885559082,65882,0.0,0.0
2023-11-02 14:30:00-04:00,3.119999885559082,3.140000104904175,3.0299999713897705,3.0450000762939453,156882,0.0,0.0
2023-11-02 15:30:00-04:00,3.0399999618530273,3.075000047683716,2.9800000190734863,2.9800000190734863,267086,0.0,0.0
2023-11-03 09:30:00-04:00,3.130000114440918,3.390000104904175,3.130000114440918,3.25,274206,0.0,0.0
2023-11-03 10:30:00-04:00,3.25,3.25,3.0799999237060547,3.109999895095825,127748,0.0,0.0
2023-11-03 11:30:00-04:00,3.1196999549865723,3.130000114440918,3.049999952316284,3.069999933242798,95242,0.0,0.0
2023-11-03 12:30:00-04:00,3.069999933242798,3.1500000953674316,3.009999990463257,3.0299999713897705,145929,0.0,0.0
2023-11-03 13:30:00-04:00,3.0299999713897705,3.119999885559082,3.0,3.119999885559082,64832,0.0,0.0
2023-11-03 14:30:00-04:00,3.115000009536743,3.1549999713897705,3.069999933242798,3.069999933242798,89223,0.0,0.0
2023-11-03 15:30:00-04:00,3.0799999237060547,3.109999895095825,3.059999942779541,3.0899999141693115,179973,0.0,0.0
2023-11-06 09:30:00-05:00,3.1500000953674316,3.259999990463257,2.9700000286102295,3.0399999618530273,158897,0.0,0.0
2023-11-06 10:30:00-05:00,3.0399999618530273,3.059999942779541,2.990000009536743,3.0299999713897705,62242,0.0,0.0
2023-11-06 11:30:00-05:00,3.0199999809265137,3.1600000858306885,3.0199999809265137,3.119999885559082,85219,0.0,0.0
2023-11-06 12:30:00-05:00,3.119999885559082,3.200000047683716,3.0899999141693115,3.109999895095825,81198,0.0,0.0
2023-11-06 13:30:00-05:00,3.109999895095825,3.1500000953674316,3.0350000858306885,3.0450000762939453,538222,0.0,0.0
2023-11-06 14:30:00-05:00,3.0450000762939453,3.049999952316284,2.9800000190734863,3.0199999809265137,205695,0.0,0.0
2023-11-06 15:30:00-05:00,3.009999990463257,3.049999952316284,2.997499942779541,3.049999952316284,124528,0.0,0.0
2023-11-07 09:30:00-05:00,3.0,3.859999895095825,3.0,3.75,279555,0.0,0.0
2023-11-07 10:30:00-05:00,3.755000114440918,3.9416000843048096,3.7200000286102295,3.914400100708008,397847,0.0,0.0
2023-11-07 11:30:00-05:00,3.9200000762939453,3.9895999431610107,3.7699999809265137,3.7799999713897705,392767,0.0,0.0
2023-11-07 12:30:00-05:00,3.759999990463257,3.819999933242798,3.6600000858306885,3.799999952316284,168322,0.0,0.0
2023-11-07 13:30:00-05:00,3.7950000762939453,3.880000114440918,3.7899999618530273,3.825000047683716,63058,0.0,0.0
2023-11-07 14:30:00-05:00,3.8299999237060547,3.880000114440918,3.6600000858306885,3.694999933242798,140807,0.0,0.0
2023-11-07 15:30:00-05:00,3.700000047683716,3.7699999809265137,3.6600000858306885,3.674999952316284,291341,0.0,0.0
2023-11-08 09:30:00-05:00,3.630000114440918,3.8399999141693115,3.1500000953674316,3.1500000953674316,277691,0.0,0.0
2023-11-08 10:30:00-05:00,3.130000114440918,3.240000009536743,3.059999942779541,3.180000066757202,163310,0.0,0.0
2023-11-08 11:30:00-05:00,3.180000066757202,3.2699999809265137,3.130000114440918,3.180000066757202,146864,0.0,0.0
2023-11-08 12:30:00-05:00,3.1700000762939453,3.259999990463257,3.0999999046325684,3.240000009536743,152216,0.0,0.0
2023-11-08 13:30:00-05:00,3.240000009536743,3.3299999237060547,3.174999952316284,3.244999885559082,131649,0.0,0.0
2023-11-08 14:30:00-05:00,3.25,3.2799999713897705,3.1600000858306885,3.190000057220459,146479,0.0,0.0
2023-11-08 15:30:00-05:00,3.198699951171875,3.2300000190734863,3.134999990463257,3.200000047683716,191891,0.0,0.0
2023-11-09 09:30:00-05:00,3.0,3.0,2.305000066757202,2.4800000190734863,608005,0.0,0.0
2023-11-09 10:30:00-05:00,2.490000009536743,2.490000009536743,2.300100088119507,2.300100088119507,281511,0.0,0.0
2023-11-09 11:30:00-05:00,2.305000066757202,2.319999933242798,2.04010009765625,2.240000009536743,482829,0.0,0.0
2023-11-09 12:30:00-05:00,2.240000009536743,2.299999952316284,2.0717999935150146,2.099600076675415,292894,0.0,0.0
2023-11-09 13:30:00-05:00,2.0799999237060547,2.0999999046325684,1.8899999856948853,1.9490000009536743,513883,0.0,0.0
2023-11-09 14:30:00-05:00,1.9492000341415405,1.9600000381469727,1.75,1.809999942779541,777916,0.0,0.0
2023-11-09 15:30:00-05:00,1.8100999593734741,1.850000023841858,1.690000057220459,1.8300000429153442,805341,0.0,0.0
2023-11-10 09:30:00-05:00,1.8300000429153442,1.8799999952316284,1.4299999475479126,1.4500000476837158,910010,0.0,0.0
2023-11-10 10:30:00-05:00,1.4450000524520874,1.4900000095367432,1.399999976158142,1.4199999570846558,505300,0.0,0.0
2023-11-10 11:30:00-05:00,1.4192999601364136,1.5299999713897705,1.3799999952316284,1.4801000356674194,410190,0.0,0.0
2023-11-10 12:30:00-05:00,1.4800000190734863,1.5099999904632568,1.4249999523162842,1.434999942779541,285375,0.0,0.0
2023-11-10 13:30:00-05:00,1.434999942779541,1.5800000429153442,1.4199999570846558,1.5399999618530273,272046,0.0,0.0
2023-11-10 14:30:00-05:00,1.5449999570846558,1.6549999713897705,1.5,1.6114000082015991,422237,0.0,0.0
2023-11-10 15:30:00-05:00,1.6200000047683716,1.7100000381469727,1.6200000047683716,1.6799999475479126,507370,0.0,0.0
2023-11-13 09:30:00-05:00,1.7000000476837158,1.9397000074386597,1.7000000476837158,1.7450000047683716,457291,0.0,0.0
2023-11-13 10:30:00-05:00,1.7450000047683716,1.7699999809265137,1.6405999660491943,1.6405999660491943,150377,0.0,0.0
2023-11-13 11:30:00-05:00,1.6449999809265137,1.690000057220459,1.6449999809265137,1.6649999618530273,149687,0.0,0.0
2023-11-13 12:30:00-05:00,1.6649999618530273,1.6799999475479126,1.6200000047683716,1.6349999904632568,106670,0.0,0.0
2023-11-13 13:30:00-05:00,1.6349999904632568,1.649999976158142,1.6100000143051147,1.6100000143051147,136387,0.0,0.0
2023-11-13 14:30:00-05:00,1.6150000095367432,1.7699999809265137,1.6100000143051147,1.7549999952316284,193060,0.0,0.0
2023-11-13 15:30:00-05:00,1.7549999952316284,1.7799999713897705,1.7400000095367432,1.7400000095367432,155863,0.0,0.0
2023-11-14 09:30:00-05:00,1.8799999952316284,2.199899911880493,1.8200000524520874,2.0999999046325684,710270,0.0,0.0
2023-11-14 10:30:00-05:00,2.0899999141693115,2.2100000381469727,2.0799999237060547,2.119999885559082,602661,0.0,0.0
2023-11-14 11:30:00-05:00,2.119999885559082,2.194999933242798,2.0506999492645264,2.0899999141693115,328146,0.0,0.0
2023-11-14 12:30:00-05:00,2.0992000102996826,2.130000114440918,2.059999942779541,2.0899999141693115,150946,0.0,0.0
2023-11-14 13:30:00-05:00,2.0999999046325684,2.140000104904175,2.049999952316284,2.1298000812530518,238132,0.0,0.0
2023-11-14 14:30:00-05:00,2.129199981689453,2.2899999618530273,2.122499942779541,2.2249999046325684,285207,0.0,0.0
2023-11-14 15:30:00-05:00,2.2200000286102295,2.269700050354004,2.200000047683716,2.2392001152038574,327099,0.0,0.0
2023-11-15 09:30:00-05:00,2.240000009536743,2.7100000381469727,2.240000009536743,2.6500000953674316,671555,0.0,0.0
2023-11-15 10:30:00-05:00,2.6700000762939453,2.7200000286102295,2.5899999141693115,2.7200000286102295,222426,0.0,0.0
2023-11-15 11:30:00-05:00,2.7100000381469727,2.7100000381469727,2.4800000190734863,2.484999895095825,142673,0.0,0.0
2023-11-15 12:30:00-05:00,2.489300012588501,2.5399999618530273,2.4500999450683594,2.4749999046325684,71456,0.0,0.0
2023-11-15 13:30:00-05:00,2.471400022506714,2.5999999046325684,2.4700000286102295,2.5199999809265137,196406,0.0,0.0
2023-11-15 14:30:00-05:00,2.515000104904175,2.5399999618530273,2.480600118637085,2.494999885559082,129934,0.0,0.0
2023-11-15 15:30:00-05:00,2.497999906539917,2.5,2.440000057220459,2.490000009536743,225799,0.0,0.0
2023-11-16 09:30:00-05:00,2.5199999809265137,2.5199999809265137,2.190000057220459,2.3199000358581543,236037,0.0,0.0
2023-11-16 10:30:00-05:00,2.325000047683716,2.4749999046325684,2.3189001083374023,2.3949999809265137,178458,0.0,0.0
2023-11-16 11:30:00-05:00,2.3975000381469727,2.4049999713897705,2.3499999046325684,2.390000104904175,92029,0.0,0.0
2023-11-16 12:30:00-05:00,2.390000104904175,2.4049999713897705,2.3399999141693115,2.358599901199341,65410,0.0,0.0
2023-11-16 13:30:00-05:00,2.359999895095825,2.4000000953674316,2.3299999237060547,2.377500057220459,77755,0.0,0.0
2023-11-16 14:30:00-05:00,2.375,2.380000114440918,2.319999933242798,2.3399999141693115,166042,0.0,0.0
2023-11-16 15:30:00-05:00,2.3399999141693115,2.3550000190734863,2.3299999237060547,2.3399999141693115,200040,0.0,0.0
2023-11-17 09:30:00-05:00,2.4000000953674316,2.440000057220459,2.2100000381469727,2.390000104904175,140586,0.0,0.0
2023-11-17 10:30:00-05:00,2.384999990463257,2.490000009536743,2.359999895095825,2.430000066757202,137720,0.0,0.0
2023-11-17 11:30:00-05:00,2.420099973678589,2.4870998859405518,2.4100000858306885,2.440000057220459,112915,0.0,0.0
2023-11-17 12:30:00-05:00,2.440000057220459,2.450000047683716,2.3499999046325684,2.399199962615967,121265,0.0,0.0
2023-11-17 13:30:00-05:00,2.4000000953674316,2.5299999713897705,2.3949999809265137,2.4700000286102295,287323,0.0,0.0
2023-11-17 14:30:00-05:00,2.4700000286102295,2.4700000286102295,2.319999933242798,2.3499999046325684,204228,0.0,0.0
2023-11-17 15:30:00-05:00,2.3499999046325684,2.359999895095825,2.2699999809265137,2.309999942779541,260390,0.0,0.0
2023-11-20 09:30:00-05:00,2.3499999046325684,2.3499999046325684,2.069999933242798,2.25,0,0.0,0.0
2023-11-20 10:30:00-05:00,2.25,2.299999952316284,2.240000009536743,2.2850000858306885,50306,0.0,0.0
2023-11-20 11:30:00-05:00,2.289400100708008,2.3299999237060547,2.2708001136779785,2.2899999618530273,28720,0.0,0.0
2023-11-20 12:30:00-05:00,2.2899999618530273,2.319999933242798,2.265000104904175,2.2750000953674316,31217,0.0,0.0
2023-11-20 13:30:00-05:00,2.2750000953674316,2.3399999141693115,2.2750000953674316,2.2850000858306885,40099,0.0,0.0
2023-11-20 14:30:00-05:00,2.2799999713897705,2.2899999618530273,2.2500998973846436,2.255000114440918,41061,0.0,0.0
2023-11-20 15:30:00-05:00,2.2588999271392822,2.278899908065796,2.2400999069213867,2.265000104904175,60107,0.0,0.0
2023-11-21 09:30:00-05:00,2.2100000381469727,2.2300000190734863,2.1500000953674316,2.1649999618530273,61303,0.0,0.0
2023-11-21 10:30:00-05:00,2.1649999618530273,2.194999933242798,2.119999885559082,2.119999885559082,96260,0.0,0.0
2023-11-21 11:30:00-05:00,2.119999885559082,2.1600000858306885,2.0799999237060547,2.1050000190734863,57624,0.0,0.0
2023-11-21 12:30:00-05:00,2.0999999046325684,2.1098999977111816,2.0899999141693115,2.0999999046325684,18102,0.0,0.0
2023-11-21 13:30:00-05:00,2.109600067138672,2.109600067138672,2.059999942779541,2.065000057220459,17023,0.0,0.0
2023-11-21 14:30:00-05:00,2.065000057220459,2.065000057220459,1.9049999713897705,1.909999966621399,124836,0.0,0.0
2023-11-21 15:30:00-05:00,1.9049999713897705,2.0,1.9049999713897705,1.934999942779541,292988,0.0,0.0
2023-11-22 09:30:00-05:00,1.9800000190734863,2.009999990463257,1.940000057220459,1.9600000381469727,88478,0.0,0.0
2023-11-22 10:30:00-05:00,1.9550000429153442,1.9900000095367432,1.940000057220459,1.9450000524520874,47568,0.0,0.0
2023-11-22 11:30:00-05:00,1.9499000310897827,2.0,1.9450000524520874,1.9700000286102295,30638,0.0,0.0
2023-11-22 12:30:00-05:00,1.9788999557495117,2.0899999141693115,1.9607000350952148,2.080699920654297,84182,0.0,0.0
2023-11-22 13:30:00-05:00,2.099299907684326,2.0999999046325684,2.0406999588012695,2.049999952316284,16115,0.0,0.0
2023-11-22 14:30:00-05:00,2.0450000762939453,2.0999999046325684,2.0199999809265137,2.075000047683716,81741,0.0,0.0
2023-11-22 15:30:00-05:00,2.075000047683716,2.0799999237060547,2.0199999809265137,2.0199999809265137,42553,0.0,0.0
2023-11-24 09:30:00-05:00,2.049999952316284,2.089900016784668,1.8849999904632568,1.905400037765503,231559,0.0,0.0
2023-11-24 10:30:00-05:00,1.9049999713897705,1.9600000381469727,1.8700000047683716,1.9299999475479126,167573,0.0,0.0
2023-11-24 11:30:00-05:00,1.9249999523162842,1.9500000476837158,1.899999976158142,1.909999966621399,74474,0.0,0.0
2023-11-27 09:30:00-05:00,1.9800000190734863,1.9800000190734863,1.7899999618530273,1.840000033378601,246758,0.0,0.0
2023-11-27 10:30:00-05:00,1.840000033378601,1.899999976158142,1.840000033378601,1.8450000286102295,110364,0.0,0.0
2023-11-27 11:30:00-05:00,1.840000033378601,1.8600000143051147,1.7699999809265137,1.8198000192642212,190502,0.0,0.0
2023-11-27 12:30:00-05:00,1.8200000524520874,1.8350000381469727,1.7799999713897705,1.8300000429153442,147710,0.0,0.0
2023-11-27 13:30:00-05:00,1.8200000524520874,1.8600000143051147,1.7999999523162842,1.8250000476837158,85239,0.0,0.0
2023-11-27 14:30:00-05:00,1.8200000524520874,1.839900016784668,1.809999942779541,1.809999942779541,61284,0.0,0.0
2023-11-27 15:30:00-05:00,1.8109999895095825,1.8250000476837158,1.7899999618530273,1.8200000524520874,128664,0.0,0.0
2023-11-28 09:30:00-05:00,1.7899999618530273,1.840000033378601,1.6100000143051147,1.6100000143051147,196224,0.0,0.0
2023-11-28 10:30:00-05:00,1.6150000095367432,1.6995999813079834,1.600000023841858,1.6749999523162842,113836,0.0,0.0
2023-11-28 11:30:00-05:00,1.6749999523162842,1.7400000095367432,1.6699999570846558,1.6749999523162842,86577,0.0,0.0
2023-11-28 12:30:00-05:00,1.6749999523162842,1.6749999523162842,1.6399999856948853,1.6649999618530273,58477,0.0,0.0
2023-11-28 13:30:00-05:00,1.6649999618530273,1.7200000286102295,1.6649999618530273,1.7050000429153442,39171,0.0,0.0
2023-11-28 14:30:00-05:00,1.7000000476837158,1.850000023841858,1.684999942779541,1.8450000286102295,278081,0.0,0.0
2023-11-28 15:30:00-05:00,1.850000023841858,1.8899999856948853,1.8250000476837158,1.8600000143051147,166731,0.0,0.0
2023-11-29 09:30:00-05:00,1.899999976158142,2.099900007247925,1.8344000577926636,2.089900016784668,235530,0.0,0.0
2023-11-29 10:30:00-05:00,2.0799999237060547,2.115000009536743,1.7799999713897705,1.7999999523162842,234950,0.0,0.0
2023-11-29 11:30:00-05:00,1.809999942779541,1.8393000364303589,1.7699999809265137,1.7898999452590942,141031,0.0,0.0
2023-11-29 12:30:00-05:00,1.7799999713897705,1.7899999618530273,1.690000057220459,1.7000000476837158,267534,0.0,0.0
2023-11-29 13:30:00-05:00,1.7000000476837158,1.7196999788284302,1.6399999856948853,1.7106000185012817,148735,0.0,0.0
2023-11-29 14:30:00-05:00,1.718999981880188,1.7300000190734863,1.649999976158142,1.6950000524520874,129930,0.0,0.0
2023-11-29 15:30:00-05:00,1.69159996509552,1.7000000476837158,1.659999966621399,1.6799999475479126,99381,0.0,0.0
2023-11-30 09:30:00-05:00,1.7000000476837158,1.850000023841858,1.690000057220459,1.8200000524520874,297852,0.0,0.0
2023-11-30 10:30:00-05:00,1.815999984741211,1.940000057220459,1.7699999809265137,1.8899999856948853,225225,0.0,0.0
2023-11-30 11:30:00-05:00,1.8799999952316284,1.909999966621399,1.7699999809265137,1.7699999809265137,120526,0.0,0.0
2023-11-30 12:30:00-05:00,1.7649999856948853,1.7798999547958374,1.7400000095367432,1.75,71784,0.0,0.0
2023-11-30 13:30:00-05:00,1.75,1.8300000429153442,1.75,1.8250000476837158,108862,0.0,0.0
2023-11-30 14:30:00-05:00,1.820099949836731,1.850000023841858,1.7699999809265137,1.8300000429153442,136580,0.0,0.0
2023-11-30 15:30:00-05:00,1.8287999629974365,1.840000033378601,1.7400000095367432,1.7450000047683716,164428,0.0,0.0
2023-12-01 09:30:00-05:00,1.7200000286102295,1.9500000476837158,1.659999966621399,1.774999976158142,424798,0.0,0.0
2023-12-01 10:30:00-05:00,1.7710000276565552,1.850000023841858,1.75,1.809999942779541,126226,0.0,0.0
2023-12-01 11:30:00-05:00,1.809999942779541,1.840000033378601,1.7999999523162842,1.8200000524520874,69679,0.0,0.0
2023-12-01 12:30:00-05:00,1.8250000476837158,1.8650000095367432,1.75,1.8200000524520874,252274,0.0,0.0
2023-12-01 13:30:00-05:00,1.809999942779541,1.840000033378601,1.75,1.839900016784668,159190,0.0,0.0
2023-12-01 14:30:00-05:00,1.8350000381469727,1.9199999570846558,1.7999999523162842,1.7999999523162842,331162,0.0,0.0
2023-12-01 15:30:00-05:00,1.7999999523162842,1.8899999856948853,1.7999999523162842,1.8700000047683716,189716,0.0,0.0
2023-12-04 09:30:00-05:00,1.7899999618530273,2.479099988937378,1.7899999618530273,2.434999942779541,888132,0.0,0.0
2023-12-04 10:30:00-05:00,2.43969988822937,2.569999933242798,2.3399999141693115,2.4591000080108643,545135,0.0,0.0
2023-12-04 11:30:00-05:00,2.440000057220459,2.4600000381469727,2.3499999046325684,2.419100046157837,140214,0.0,0.0
2023-12-04 12:30:00-05:00,2.4200000762939453,2.5350000858306885,2.380000114440918,2.4700000286102295,147825,0.0,0.0
2023-12-04 13:30:00-05:00,2.4700000286102295,2.559999942779541,2.4600000381469727,2.5,158678,0.0,0.0
2023-12-04 14:30:00-05:00,2.509999990463257,2.640000104904175,2.450000047683716,2.569999933242798,360896,0.0,0.0
2023-12-04 15:30:00-05:00,2.5708999633789062,2.6500000953674316,2.509999990463257,2.630000114440918,387207,0.0,0.0
2023-12-05 09:30:00-05:00,2.619999885559082,2.7200000286102295,2.3399999141693115,2.40910005569458,394170,0.0,0.0
2023-12-05 10:30:00-05:00,2.4049999713897705,2.409899950027466,2.2300000190734863,2.25,269809,0.0,0.0
2023-12-05 11:30:00-05:00,2.259999990463257,2.2699999809265137,2.180000066757202,2.200000047683716,133248,0.0,0.0
2023-12-05 12:30:00-05:00,2.2049999237060547,2.25,2.160099983215332,2.244999885559082,180826,0.0,0.0
2023-12-05 13:30:00-05:00,2.25,2.3069000244140625,2.2100000381469727,2.2899999618530273,118887,0.0,0.0
2023-12-05 14:30:00-05:00,2.2999000549316406,2.2999000549316406,2.2100000381469727,2.2249999046325684,122326,0.0,0.0
2023-12-05 15:30:00-05:00,2.2300000190734863,2.2699999809265137,2.190000057220459,2.194999933242798,216987,0.0,0.0
2023-12-06 09:30:00-05:00,2.25,2.2699999809265137,2.11080002784729,2.170099973678589,151367,0.0,0.0
2023-12-06 10:30:00-05:00,2.189199924468994,2.2899999618530273,2.180000066757202,2.2799999713897705,144084,0.0,0.0
2023-12-06 11:30:00-05:00,2.2699999809265137,2.3399999141693115,2.240000009536743,2.3215999603271484,87024,0.0,0.0
2023-12-06 12:30:00-05:00,2.3299999237060547,2.450000047683716,2.3289999961853027,2.4100000858306885,167042,0.0,0.0
2023-12-06 13:30:00-05:00,2.4100000858306885,2.434999942779541,2.380000114440918,2.430000066757202,90007,0.0,0.0
2023-12-06 14:30:00-05:00,2.4391000270843506,2.5399999618530273,2.4200000762939453,2.4309000968933105,296430,0.0,0.0
2023-12-06 15:30:00-05:00,2.440000057220459,2.4600000381469727,2.390000104904175,2.4000000953674316,234740,0.0,0.0
2023-12-07 09:30:00-05:00,2.4800000190734863,2.549999952316284,2.2200000286102295,2.289599895477295,625557,0.0,0.0
2023-12-07 10:30:00-05:00,2.2750000953674316,2.2899999618530273,2.1500000953674316,2.180000066757202,102755,0.0,0.0
2023-12-07 11:30:00-05:00,2.190000057220459,2.2200000286102295,2.160599946975708,2.1649999618530273,65486,0.0,0.0
2023-12-07 12:30:00-05:00,2.1649999618530273,2.255000114440918,2.150099992752075,2.25,102571,0.0,0.0
2023-12-07 13:30:00-05:00,2.259000062942505,2.259999990463257,2.2100000381469727,2.238600015640259,81741,0.0,0.0
2023-12-07 14:30:00-05:00,2.2392001152038574,2.2799999713897705,2.2200000286102295,2.2607998847961426,120138,0.0,0.0
2023-12-07 15:30:00-05:00,2.2699999809265137,2.2699999809265137,2.2049999237060547,2.2190001010894775,88504,0.0,0.0
2023-12-08 09:30:00-05:00,2.240000009536743,2.25,2.150099992752075,2.2300000190734863,94930,0.0,0.0
2023-12-08 10:30:00-05:00,2.2200000286102295,2.2200000286102295,2.1802000999450684,2.200000047683716,67767,0.0,0.0
2023-12-08 11:30:00-05:00,2.2100000381469727,2.234999895095825,2.1900999546051025,2.209199905395508,62499,0.0,0.0
2023-12-08 12:30:00-05:00,2.200000047683716,2.240000009536743,2.200000047683716,2.240000009536743,30998,0.0,0.0
2023-12-08 13:30:00-05:00,2.244999885559082,2.309999942779541,2.234999895095825,2.2850000858306885,59442,0.0,0.0
2023-12-08 14:30:00-05:00,2.2899999618530273,2.3299999237060547,2.244999885559082,2.29010009765625,110896,0.0,0.0
2023-12-08 15:30:00-05:00,2.2992000579833984,2.309999942779541,2.259999990463257,2.2699999809265137,117955,0.0,0.0
2023-12-11 09:30:00-05:00,2.2799999713897705,2.3127999305725098,2.140000104904175,2.200000047683716,71709,0.0,0.0
2023-12-11 10:30:00-05:00,2.2002999782562256,2.2100000381469727,2.1600000858306885,2.190000057220459,101500,0.0,0.0
2023-12-11 11:30:00-05:00,2.190000057220459,2.2200000286102295,2.180000066757202,2.200000047683716,23296,0.0,0.0
2023-12-11 12:30:00-05:00,2.200000047683716,2.25,2.180000066757202,2.25,20152,0.0,0.0
2023-12-11 13:30:00-05:00,2.244999885559082,2.2799999713897705,2.2300000190734863,2.2699999809265137,21078,0.0,0.0
2023-12-11 14:30:00-05:00,2.2799999713897705,2.2799999713897705,2.1600000858306885,2.184999942779541,234786,0.0,0.0
2023-12-11 15:30:00-05:00,2.180000066757202,2.188999891281128,2.130000114440918,2.1500000953674316,103909,0.0,0.0
2023-12-12 09:30:00-05:00,2.2200000286102295,2.2200000286102295,2.059999942779541,2.130000114440918,69928,0.0,0.0
2023-12-12 10:30:00-05:00,2.119999885559082,2.240000009536743,2.119999885559082,2.1907999515533447,63287,0.0,0.0
2023-12-12 11:30:00-05:00,2.190000057220459,2.299999952316284,2.1740000247955322,2.2899999618530273,65177,0.0,0.0
2023-12-12 12:30:00-05:00,2.2899999618530273,2.3499999046325684,2.2699999809265137,2.300800085067749,68759,0.0,0.0
2023-12-12 13:30:00-05:00,2.309999942779541,2.309999942779541,2.2200000286102295,2.244999885559082,82308,0.0,0.0
2023-12-12 14:30:00-05:00,2.244999885559082,2.259999990463257,2.2149999141693115,2.2149999141693115,42378,0.0,0.0
2023-12-12 15:30:00-05:00,2.211899995803833,2.211899995803833,2.1500000953674316,2.180000066757202,123189,0.0,0.0
2023-12-13 09:30:00-05:00,2.140000104904175,2.1779000759124756,2.049999952316284,2.129199981689453,107806,0.0,0.0
2023-12-13 10:30:00-05:00,2.130000114440918,2.299999952316284,2.1217000484466553,2.2300000190734863,170661,0.0,0.0
2023-12-13 11:30:00-05:00,2.2300000190734863,2.259999990463257,2.190000057220459,2.200000047683716,40516,0.0,0.0
2023-12-13 12:30:00-05:00,2.200000047683716,2.2300000190734863,2.1500000953674316,2.2007999420166016,81750,0.0,0.0
2023-12-13 13:30:00-05:00,2.200000047683716,2.369999885559082,2.1909000873565674,2.3101999759674072,76669,0.0,0.0
2023-12-13 14:30:00-05:00,2.319999933242798,2.4749999046325684,2.309999942779541,2.440000057220459,460114,0.0,0.0
2023-12-13 15:30:00-05:00,2.450000047683716,2.549999952316284,2.450000047683716,2.4649999141693115,330416,0.0,0.0
2023-12-14 09:30:00-05:00,2.5799999237060547,2.869999885559082,2.565000057220459,2.819999933242798,796689,0.0,0.0
2023-12-14 10:30:00-05:00,2.8162999153137207,2.948899984359741,2.7809998989105225,2.9100000858306885,372589,0.0,0.0
2023-12-14 11:30:00-05:00,2.9100000858306885,3.049999952316284,2.8399999141693115,2.86899995803833,316576,0.0,0.0
2023-12-14 12:30:00-05:00,2.859999895095825,2.869999885559082,2.6514999866485596,2.6600000858306885,285981,0.0,0.0
2023-12-14 13:30:00-05:00,2.6549999713897705,2.6600000858306885,2.549999952316284,2.615000009536743,120267,0.0,0.0
2023-12-14 14:30:00-05:00,2.609999895095825,2.819999933242798,2.5850000381469727,2.759999990463257,186027,0.0,0.0
2023-12-14 15:30:00-05:00,2.7799999713897705,2.859999895095825,2.7699999809265137,2.7899999618530273,113458,0.0,0.0
2023-12-15 09:30:00-05:00,2.7799999713897705,3.009999990463257,2.7309999465942383,2.825000047683716,330034,0.0,0.0
2023-12-15 10:30:00-05:00,2.819999933242798,2.8299999237060547,2.7149999141693115,2.7167999744415283,124115,0.0,0.0
2023-12-15 11:30:00-05:00,2.7200000286102295,2.740000009536743,2.6700000762939453,2.7300000190734863,70761,0.0,0.0
2023-12-15 12:30:00-05:00,2.7300000190734863,2.799999952316284,2.7200000286102295,2.759999990463257,148012,0.0,0.0
2023-12-15 13:30:00-05:00,2.7699999809265137,2.8299999237060547,2.744999885559082,2.7950000762939453,69497,0.0,0.0
2023-12-15 14:30:00-05:00,2.7950000762939453,2.875,2.7899999618530273,2.869999885559082,103713,0.0,0.0
2023-12-15 15:30:00-05:00,2.875,2.880000114440918,2.8299999237060547,2.8350000381469727,132602,0.0,0.0
2023-12-18 09:30:00-05:00,2.8499999046325684,2.8499999046325684,2.690000057220459,2.7149999141693115,129244,0.0,0.0
2023-12-18 10:30:00-05:00,2.7200000286102295,2.7300000190734863,2.609999895095825,2.6549999713897705,100696,0.0,0.0
2023-12-18 11:30:00-05:00,2.6600000858306885,2.680000066757202,2.619999885559082,2.668800115585327,60832,0.0,0.0
2023-12-18 12:30:00-05:00,2.6700000762939453,2.6700000762939453,2.5999999046325684,2.619999885559082,40032,0.0,0.0
2023-12-18 13:30:00-05:00,2.619999885559082,2.680000066757202,2.609999895095825,2.625499963760376,59975,0.0,0.0
2023-12-18 14:30:00-05:00,2.619999885559082,2.6500000953674316,2.569999933242798,2.569999933242798,57943,0.0,0.0
2023-12-18 15:30:00-05:00,2.575000047683716,2.5899999141693115,2.5350000858306885,2.5399999618530273,65310,0.0,0.0
2023-12-19 09:30:00-05:00,2.630000114440918,2.675299882888794,2.509999990463257,2.619999885559082,189735,0.0,0.0
2023-12-19 10:30:00-05:00,2.609999895095825,2.7100000381469727,2.609999895095825,2.680000066757202,93113,0.0,0.0
2023-12-19 11:30:00-05:00,2.6700000762939453,2.690000057220459,2.5913000106811523,2.5950000286102295,45247,0.0,0.0
2023-12-19 12:30:00-05:00,2.5922000408172607,2.6500000953674316,2.5922000408172607,2.630000114440918,30526,0.0,0.0
2023-12-19 13:30:00-05:00,2.6389000415802,2.6449999809265137,2.5999999046325684,2.600100040435791,35718,0.0,0.0
2023-12-19 14:30:00-05:00,2.5999999046325684,2.690000057220459,2.569999933242798,2.6798999309539795,78568,0.0,0.0
2023-12-19 15:30:00-05:00,2.680000066757202,2.697499990463257,2.634999990463257,2.6549999713897705,103827,0.0,0.0
2023-12-20 09:30:00-05:00,2.680000066757202,2.680000066757202,2.5199999809265137,2.680000066757202,84541,0.0,0.0
2023-12-20 10:30:00-05:00,2.680000066757202,2.75,2.630000114440918,2.7200000286102295,116582,0.0,0.0
2023-12-20 11:30:00-05:00,2.700000047683716,2.7149999141693115,2.6600000858306885,2.7149999141693115,51890,0.0,0.0
2023-12-20 12:30:00-05:00,2.7100000381469727,2.7200000286102295,2.680000066757202,2.7200000286102295,76524,0.0,0.0
2023-12-20 13:30:00-05:00,2.7209999561309814,2.8399999141693115,2.7209999561309814,2.765000104904175,156621,0.0,0.0
2023-12-20 14:30:00-05:00,2.759999990463257,2.7699999809265137,2.609999895095825,2.609999895095825,168451,0.0,0.0
2023-12-20 15:30:00-05:00,2.609999895095825,2.619999885559082,2.55049991607666,2.569999933242798,135233,0.0,0.0
2023-12-21 09:30:00-05:00,2.6600000858306885,2.680000066757202,2.490000009536743,2.509999990463257,173283,0.0,0.0
2023-12-21 10:30:00-05:00,2.539400100708008,2.680000066757202,2.515000104904175,2.6700000762939453,255191,0.0,0.0
2023-12-21 11:30:00-05:00,2.6700000762939453,2.7969000339508057,2.6700000762939453,2.7360000610351562,152134,0.0,0.0
2023-12-21 12:30:00-05:00,2.75,2.8071000576019287,2.7009999752044678,2.7899999618530273,104435,0.0,0.0
2023-12-21 13:30:00-05:00,2.7899999618530273,2.828000068664551,2.740000009536743,2.7909998893737793,150269,0.0,0.0
2023-12-21 14:30:00-05:00,2.7899999618530273,2.8450000286102295,2.779099941253662,2.819999933242798,193251,0.0,0.0
2023-12-21 15:30:00-05:00,2.82069993019104,2.930000066757202,2.82069993019104,2.9000000953674316,237480,0.0,0.0
2023-12-22 09:30:00-05:00,2.9200000762939453,3.240000009536743,2.819999933242798,2.9200000762939453,611223,0.0,0.0
2023-12-22 10:30:00-05:00,2.9200000762939453,3.119999885559082,2.9000000953674316,3.0899999141693115,225996,0.0,0.0
2023-12-22 11:30:00-05:00,3.0899999141693115,3.1600000858306885,3.069999933242798,3.0799999237060547,148730,0.0,0.0
2023-12-22 12:30:00-05:00,3.0792999267578125,3.0850000381469727,3.009999990463257,3.0199999809265137,68943,0.0,0.0
2023-12-22 13:30:00-05:00,3.0199999809265137,3.0199999809265137,2.90310001373291,2.9200000762939453,76886,0.0,0.0
2023-12-22 14:30:00-05:00,2.910099983215332,2.989500045776367,2.9100000858306885,2.989500045776367,51881,0.0,0.0
2023-12-22 15:30:00-05:00,2.9800000190734863,3.0399999618530273,2.9649999141693115,3.0299999713897705,116510,0.0,0.0
2023-12-26 09:30:00-05:00,3.049999952316284,3.4700000286102295,3.049999952316284,3.389899969100952,305893,0.0,0.0
2023-12-26 10:30:00-05:00,3.390000104904175,3.509999990463257,3.390000104904175,3.4200000762939453,141463,0.0,0.0
2023-12-26 11:30:00-05:00,3.4140000343322754,3.5799999237060547,3.339900016784668,3.5399999618530273,157104,0.0,0.0
2023-12-26 12:30:00-05:00,3.5399999618530273,3.5799999237060547,3.4800000190734863,3.532599925994873,114326,0.0,0.0
2023-12-26 13:30:00-05:00,3.549999952316284,3.559999942779541,3.4100000858306885,3.450000047683716,153320,0.0,0.0
2023-12-26 14:30:00-05:00,3.4600000381469727,3.505000114440918,3.440000057220459,3.484999895095825,146850,0.0,0.0
2023-12-26 15:30:00-05:00,3.4890999794006348,3.5299999713897705,3.484999895095825,3.5,141421,0.0,0.0
2023-12-27 09:30:00-05:00,3.549999952316284,3.680000066757202,3.359999895095825,3.380000114440918,536862,0.0,0.0
2023-12-27 10:30:00-05:00,3.369999885559082,3.369999885559082,3.200000047683716,3.259999990463257,383735,0.0,0.0
2023-12-27 11:30:00-05:00,3.2699999809265137,3.450000047683716,3.244999885559082,3.4000000953674316,127107,0.0,0.0
2023-12-27 12:30:00-05:00,3.390000104904175,3.5199999809265137,3.390000104904175,3.4588000774383545,112439,0.0,0.0
2023-12-27 13:30:00-05:00,3.4600000381469727,3.5,3.3499999046325684,3.4312000274658203,104533,0.0,0.0
2023-12-27 14:30:00-05:00,3.434999942779541,3.4800000190734863,3.424999952316284,3.4649999141693115,91045,0.0,0.0
2023-12-27 15:30:00-05:00,3.4649999141693115,3.490000009536743,3.430000066757202,3.490000009536743,131429,0.0,0.0
2023-12-28 09:30:00-05:00,3.440000057220459,3.9000000953674316,3.4368999004364014,3.8886001110076904,295434,0.0,0.0
2023-12-28 10:30:00-05:00,3.8714001178741455,3.9386000633239746,3.7402000427246094,3.819999933242798,160929,0.0,0.0
2023-12-28 11:30:00-05:00,3.8101999759674072,3.8499999046325684,3.6600000858306885,3.680000066757202,140439,0.0,0.0
2023-12-28 12:30:00-05:00,3.674999952316284,3.680000066757202,3.5299999713897705,3.5450000762939453,84190,0.0,0.0
2023-12-28 13:30:00-05:00,3.549999952316284,3.630000114440918,3.549999952316284,3.5899999141693115,69686,0.0,0.0
2023-12-28 14:30:00-05:00,3.5899999141693115,3.5999999046325684,3.390000104904175,3.490000009536743,142017,0.0,0.0
2023-12-28 15:30:00-05:00,3.494999885559082,3.6050000190734863,3.490000009536743,3.5899999141693115,204520,0.0,0.0
2023-12-29 09:30:00-05:00,3.640000104904175,3.888000011444092,3.569999933242798,3.5713000297546387,292599,0.0,0.0
2023-12-29 10:30:00-05:00,3.5799999237060547,3.640000104904175,3.450000047683716,3.4700000286102295,146455,0.0,0.0
2023-12-29 11:30:00-05:00,3.4800000190734863,3.490000009536743,3.380000114440918,3.390000104904175,63745,0.0,0.0
2023-12-29 12:30:00-05:00,3.390000104904175,3.4100000858306885,3.3712000846862793,3.390000104904175,72227,0.0,0.0
2023-12-29 13:30:00-05:00,3.4000000953674316,3.5299999713897705,3.380000114440918,3.5199999809265137,81940,0.0,0.0
2023-12-29 14:30:00-05:00,3.5130999088287354,3.5399999618530273,3.430000066757202,3.5350000858306885,111987,0.0,0.0
2023-12-29 15:30:00-05:00,3.5350000858306885,3.559999942779541,3.490000009536743,3.5299999713897705,128225,0.0,0.0
2024-01-02 09:30:00-05:00,3.5799999237060547,3.75,3.309999942779541,3.75,142444,0.0,0.0
2024-01-02 10:30:00-05:00,3.7699999809265137,3.878000020980835,3.680000066757202,3.700000047683716,157075,0.0,0.0
2024-01-02 11:30:00-05:00,3.690000057220459,3.740000009536743,3.6500000953674316,3.700000047683716,40078,0.0,0.0
2024-01-02 12:30:00-05:00,3.694999933242798,3.7300000190734863,3.5899999141693115,3.619999885559082,33356,0.0,0.0
2024-01-02 13:30:00-05:00,3.619999885559082,3.630000114440918,3.4100000858306885,3.430000066757202,60174,0.0,0.0
2024-01-02 14:30:00-05:00,3.434999942779541,3.434999942779541,3.2699999809265137,3.390000104904175,393339,0.0,0.0
2024-01-02 15:30:00-05:00,3.3949999809265137,3.4100000858306885,3.309999942779541,3.3499999046325684,233302,0.0,0.0
2024-01-03 09:30:00-05:00,3.2699999809265137,3.299999952316284,2.9700000286102295,3.0199999809265137,233503,0.0,0.0
2024-01-03 10:30:00-05:00,3.009999990463257,3.0399999618530273,2.9200000762939453,2.9649999141693115,161021,0.0,0.0
2024-01-03 11:30:00-05:00,2.9600000381469727,3.0199999809265137,2.940000057220459,2.9649999141693115,72572,0.0,0.0
2024-01-03 12:30:00-05:00,2.9649999141693115,3.049999952316284,2.930000066757202,3.0299999713897705,135144,0.0,0.0
2024-01-03 13:30:00-05:00,3.049499988555908,3.0799999237060547,2.9749999046325684,3.0199999809265137,103409,0.0,0.0
2024-01-03 14:30:00-05:00,3.0299999713897705,3.0299999713897705,2.859999895095825,2.878999948501587,191438,0.0,0.0
2024-01-03 15:30:00-05:00,2.875,2.950000047683716,2.859999895095825,2.940000057220459,202473,0.0,0.0
2024-01-04 09:30:00-05:00,3.0399999618530273,3.049999952316284,2.9000000953674316,2.9700000286102295,102937,0.0,0.0
2024-01-04 10:30:00-05:00,2.9600000381469727,2.990000009536743,2.860100030899048,2.940000057220459,59652,0.0,0.0
2024-01-04 11:30:00-05:00,2.9100000858306885,2.9100000858306885,2.859999895095825,2.859999895095825,39409,0.0,0.0
2024-01-04 12:30:00-05:00,2.859999895095825,2.86080002784729,2.799999952316284,2.809999942779541,54302,0.0,0.0
2024-01-04 13:30:00-05:00,2.8299999237060547,2.9049999713897705,2.819999933242798,2.8499999046325684,178761,0.0,0.0
2024-01-04 14:30:00-05:00,2.8499999046325684,2.869999885559082,2.8299999237060547,2.8450000286102295,26187,0.0,0.0
2024-01-04 15:30:00-05:00,2.8450000286102295,2.890000104904175,2.8399999141693115,2.884999990463257,189425,0.0,0.0
2024-01-05 09:30:00-05:00,2.8499999046325684,3.099900007247925,2.8399999141693115,3.0167999267578125,238152,0.0,0.0
2024-01-05 10:30:00-05:00,3.0299999713897705,3.0899999141693115,3.0,3.015000104904175,96787,0.0,0.0
2024-01-05 11:30:00-05:00,3.0199999809265137,3.0450000762939453,3.0,3.009999990463257,98651,0.0,0.0
2024-01-05 12:30:00-05:00,3.009999990463257,3.0399999618530273,3.0018999576568604,3.0199999809265137,57671,0.0,0.0
2024-01-05 13:30:00-05:00,3.0299999713897705,3.069999933242798,3.0199999809265137,3.0241000652313232,52090,0.0,0.0
2024-01-05 14:30:00-05:00,3.0250000953674316,3.055000066757202,3.0,3.049999952316284,59717,0.0,0.0
2024-01-05 15:30:00-05:00,3.049999952316284,3.101599931716919,3.0199999809265137,3.0299999713897705,137653,0.0,0.0
2024-01-08 09:30:00-05:00,3.0199999809265137,3.0899999141693115,2.9100000858306885,3.0299999713897705,74956,0.0,0.0
2024-01-08 10:30:00-05:00,3.0399999618530273,3.1600000858306885,3.0399999618530273,3.1500000953674316,100608,0.0,0.0
2024-01-08 11:30:00-05:00,3.1500000953674316,3.2049999237060547,3.110599994659424,3.1600000858306885,61825,0.0,0.0
2024-01-08 12:30:00-05:00,3.1600000858306885,3.2599000930786133,3.1600000858306885,3.2300000190734863,90072,0.0,0.0
2024-01-08 13:30:00-05:00,3.2300000190734863,3.2699999809265137,3.1600000858306885,3.200000047683716,175146,0.0,0.0
2024-01-08 14:30:00-05:00,3.190000057220459,3.2000999450683594,3.109999895095825,3.190000057220459,168346,0.0,0.0
2024-01-08 15:30:00-05:00,3.1989998817443848,3.3350000381469727,3.180000066757202,3.299999952316284,242294,0.0,0.0
2024-01-09 09:30:00-05:00,3.5999999046325684,4.730000019073486,3.390000104904175,4.225399971008301,11608467,0.0,0.0
2024-01-09 10:30:00-05:00,4.215000152587891,4.96999979019165,4.130000114440918,4.775000095367432,11379998,0.0,0.0
2024-01-09 11:30:00-05:00,4.778800010681152,4.900000095367432,4.274099826812744,4.519999980926514,6535882,0.0,0.0
2024-01-09 12:30:00-05:00,4.5289998054504395,4.539999961853027,4.21999979019165,4.315000057220459,2455029,0.0,0.0
2024-01-09 13:30:00-05:00,4.315000057220459,4.489999771118164,4.159999847412109,4.420000076293945,1906042,0.0,0.0
2024-01-09 14:30:00-05:00,4.409999847412109,4.429999828338623,4.159999847412109,4.304999828338623,1428124,0.0,0.0
2024-01-09 15:30:00-05:00,4.304999828338623,4.440000057220459,4.269999980926514,4.420000076293945,1143171,0.0,0.0
2024-01-10 09:30:00-05:00,4.369999885559082,4.949999809265137,4.151500225067139,4.25,2231314,0.0,0.0
2024-01-10 10:30:00-05:00,4.25,4.369999885559082,4.139999866485596,4.3018999099731445,421704,0.0,0.0
2024-01-10 11:30:00-05:00,4.319399833679199,4.5,4.28000020980835,4.315000057220459,344677,0.0,0.0
2024-01-10 12:30:00-05:00,4.301599979400635,4.40500020980835,4.222499847412109,4.34499979019165,201818,0.0,0.0
2024-01-10 13:30:00-05:00,4.331099987030029,4.429999828338623,4.301499843597412,4.369900226593018,162985,0.0,0.0
2024-01-10 14:30:00-05:00,4.355000019073486,4.679900169372559,4.355000019073486,4.650000095367432,771587,0.0,0.0
2024-01-10 15:30:00-05:00,4.650000095367432,4.820000171661377,4.64169979095459,4.789999961853027,642842,0.0,0.0
2024-01-11 09:30:00-05:00,4.639999866485596,4.809999942779541,4.210000038146973,4.375,942631,0.0,0.0
2024-01-11 10:30:00-05:00,4.377999782562256,4.40500020980835,4.159999847412109,4.159999847412109,339750,0.0,0.0
2024-01-11 11:30:00-05:00,4.151199817657471,4.328400135040283,4.135000228881836,4.264999866485596,159142,0.0,0.0
2024-01-11 12:30:00-05:00,4.264999866485596,4.420000076293945,4.25,4.341000080108643,126037,0.0,0.0
2024-01-11 13:30:00-05:00,4.340000152587891,4.389999866485596,4.269999980926514,4.368800163269043,153347,0.0,0.0
2024-01-11 14:30:00-05:00,4.360000133514404,4.369999885559082,4.28000020980835,4.320000171661377,168661,0.0,0.0
2024-01-11 15:30:00-05:00,4.320000171661377,4.360000133514404,4.28000020980835,4.300000190734863,248611,0.0,0.0
2024-01-12 09:30:00-05:00,4.309999942779541,4.570000171661377,4.099999904632568,4.110000133514404,484784,0.0,0.0
2024-01-12 10:30:00-05:00,4.117000102996826,4.169899940490723,4.03000020980835,4.150000095367432,226770,0.0,0.0
2024-01-12 11:30:00-05:00,4.148499965667725,4.159999847412109,4.050000190734863,4.050000190734863,137895,0.0,0.0
2024-01-12 12:30:00-05:00,4.059100151062012,4.070000171661377,3.859999895095825,3.859999895095825,342956,0.0,0.0
2024-01-12 13:30:00-05:00,3.8610000610351562,3.9100000858306885,3.75,3.819999933242798,258279,0.0,0.0
2024-01-12 14:30:00-05:00,3.8115999698638916,3.8499999046325684,3.6500000953674316,3.734999895095825,357260,0.0,0.0
2024-01-12 15:30:00-05:00,3.7300000190734863,3.7850000858306885,3.7200000286102295,3.734999895095825,176187,0.0,0.0
2024-01-16 09:30:00-05:00,3.7200000286102295,3.7200000286102295,3.240000009536743,3.3499999046325684,743917,0.0,0.0
2024-01-16 10:30:00-05:00,3.3499999046325684,3.450000047683716,3.319999933242798,3.430000066757202,243328,0.0,0.0
2024-01-16 11:30:00-05:00,3.4388999938964844,3.450000047683716,3.3399999141693115,3.365000009536743,126812,0.0,0.0
2024-01-16 12:30:00-05:00,3.3550000190734863,3.369999885559082,3.259999990463257,3.261199951171875,139364,0.0,0.0
2024-01-16 13:30:00-05:00,3.2699999809265137,3.2950000762939453,3.2100000381469727,3.259999990463257,166593,0.0,0.0
2024-01-16 14:30:00-05:00,3.259999990463257,3.359999895095825,3.2100000381469727,3.3598999977111816,262002,0.0,0.0
2024-01-16 15:30:00-05:00,3.3550000190734863,3.389899969100952,3.3399999141693115,3.3550000190734863,285077,0.0,0.0
2024-01-17 09:30:00-05:00,3.2200000286102295,3.5399999618530273,3.200000047683716,3.5199999809265137,461687,0.0,0.0
2024-01-17 10:30:00-05:00,3.5299999713897705,3.559999942779541,3.444999933242798,3.505000114440918,157372,0.0,0.0
2024-01-17 11:30:00-05:00,3.509999990463257,3.609999895095825,3.4649999141693115,3.5899999141693115,145256,0.0,0.0
2024-01-17 12:30:00-05:00,3.5999999046325684,3.690000057220459,3.530100107192993,3.559999942779541,122510,0.0,0.0
2024-01-17 13:30:00-05:00,3.5576999187469482,3.5899999141693115,3.5,3.5399999618530273,139899,0.0,0.0
2024-01-17 14:30:00-05:00,3.549999952316284,3.680000066757202,3.549999952316284,3.631200075149536,119450,0.0,0.0
2024-01-17 15:30:00-05:00,3.6301000118255615,3.7300000190734863,3.6301000118255615,3.6482999324798584,246068,0.0,0.0
2024-01-18 09:30:00-05:00,3.6500000953674316,3.700000047683716,3.220099925994873,3.240000009536743,632227,0.0,0.0
2024-01-18 10:30:00-05:00,3.240000009536743,3.240000009536743,3.0299999713897705,3.0799999237060547,459939,0.0,0.0
2024-01-18 11:30:00-05:00,3.0850000381469727,3.2300000190734863,3.0399999618530273,3.109999895095825,269033,0.0,0.0
2024-01-18 12:30:00-05:00,3.102299928665161,3.109999895095825,3.009999990463257,3.028899908065796,143854,0.0,0.0
2024-01-18 13:30:00-05:00,3.0199999809265137,3.119999885559082,2.98009991645813,3.069499969482422,185415,0.0,0.0
2024-01-18 14:30:00-05:00,3.069999933242798,3.0799999237060547,2.9800000190734863,3.0299999713897705,122597,0.0,0.0
2024-01-18 15:30:00-05:00,3.0299999713897705,3.049999952316284,2.9700000286102295,3.0250000953674316,175752,0.0,0.0
2024-01-19 09:30:00-05:00,3.0399999618530273,3.0399999618530273,2.670099973678589,2.7699999809265137,628889,0.0,0.0
2024-01-19 10:30:00-05:00,2.7699999809265137,2.799999952316284,2.6700000762939453,2.6700000762939453,297880,0.0,0.0
2024-01-19 11:30:00-05:00,2.674999952316284,2.6798999309539795,2.559999942779541,2.649899959564209,479644,0.0,0.0
2024-01-19 12:30:00-05:00,2.630000114440918,2.7100000381469727,2.630000114440918,2.694499969482422,316011,0.0,0.0
2024-01-19 13:30:00-05:00,2.694999933242798,2.7100000381469727,2.6549999713897705,2.690000057220459,164279,0.0,0.0
2024-01-19 14:30:00-05:00,2.6900999546051025,2.755000114440918,2.6600000858306885,2.7200000286102295,303382,0.0,0.0
2024-01-19 15:30:00-05:00,2.7300000190734863,2.7699999809265137,2.700000047683716,2.740000009536743,280017,0.0,0.0
2024-01-22 09:30:00-05:00,2.819999933242798,2.8499999046325684,2.7000999450683594,2.7300000190734863,453890,0.0,0.0
2024-01-22 10:30:00-05:00,2.7249999046325684,2.727799892425537,2.619999885559082,2.6549999713897705,231839,0.0,0.0
2024-01-22 11:30:00-05:00,2.6600000858306885,2.680000066757202,2.640000104904175,2.640000104904175,131282,0.0,0.0
2024-01-22 12:30:00-05:00,2.6449999809265137,2.740000009536743,2.6449999809265137,2.7300000190734863,82161,0.0,0.0
2024-01-22 13:30:00-05:00,2.7300000190734863,2.744999885559082,2.7100000381469727,2.7249999046325684,168668,0.0,0.0
2024-01-22 14:30:00-05:00,2.7249999046325684,2.7850000858306885,2.680000066757202,2.7750000953674316,551864,0.0,0.0
2024-01-22 15:30:00-05:00,2.7750000953674316,2.7799999713897705,2.694999933242798,2.7200000286102295,342511,0.0,0.0
2024-01-23 09:30:00-05:00,2.7200000286102295,2.7899999618530273,2.680000066757202,2.694999933242798,255956,0.0,0.0
2024-01-23 10:30:00-05:00,2.694999933242798,2.749000072479248,2.6500000953674316,2.6740000247955322,153194,0.0,0.0
2024-01-23 11:30:00-05:00,2.680000066757202,2.680000066757202,2.5799999237060547,2.5799999237060547,200506,0.0,0.0
2024-01-23 12:30:00-05:00,2.5850000381469727,2.589099884033203,2.460099935531616,2.4951999187469482,337620,0.0,0.0
2024-01-23 13:30:00-05:00,2.5,2.559999942779541,2.4749999046325684,2.559999942779541,140247,0.0,0.0
2024-01-23 14:30:00-05:00,2.5450000762939453,2.569999933242798,2.509999990463257,2.5350000858306885,142955,0.0,0.0
2024-01-23 15:30:00-05:00,2.5350000858306885,2.5399999618530273,2.484999895095825,2.5,210272,0.0,0.0
2024-01-24 09:30:00-05:00,2.5399999618530273,2.5692999362945557,2.428499937057495,2.4742000102996826,286116,0.0,0.0
2024-01-24 10:30:00-05:00,2.4800000190734863,2.509999990463257,2.430000066757202,2.490000009536743,145467,0.0,0.0
2024-01-24 11:30:00-05:00,2.4800000190734863,2.4800000190734863,2.389899969100952,2.390000104904175,146184,0.0,0.0
2024-01-24 12:30:00-05:00,2.384999990463257,2.444999933242798,2.380000114440918,2.4049999713897705,90833,0.0,0.0
2024-01-24 13:30:00-05:00,2.4049999713897705,2.4149999618530273,2.369999885559082,2.4000000953674316,107885,0.0,0.0
2024-01-24 14:30:00-05:00,2.4000000953674316,2.444999933242798,2.379699945449829,2.4100000858306885,90424,0.0,0.0
2024-01-24 15:30:00-05:00,2.4049999713897705,2.4100000858306885,2.369999885559082,2.369999885559082,134634,0.0,0.0
2024-01-25 09:30:00-05:00,2.440000057220459,2.5199999809265137,2.3208000659942627,2.4700000286102295,257593,0.0,0.0
2024-01-25 10:30:00-05:00,2.4700000286102295,2.515000104904175,2.430000066757202,2.4721999168395996,139991,0.0,0.0
2024-01-25 11:30:00-05:00,2.4749999046325684,2.494999885559082,2.444999933242798,2.490000009536743,109055,0.0,0.0
2024-01-25 12:30:00-05:00,2.484999895095825,2.6549999713897705,2.444999933242798,2.63100004196167,400543,0.0,0.0
2024-01-25 13:30:00-05:00,2.6303000450134277,2.7149999141693115,2.619999885559082,2.625,361146,0.0,0.0
2024-01-25 14:30:00-05:00,2.625,2.6291000843048096,2.5,2.5,163083,0.0,0.0
2024-01-25 15:30:00-05:00,2.505000114440918,2.609999895095825,2.505000114440918,2.5950000286102295,121814,0.0,0.0
2024-01-26 09:30:00-05:00,2.640000104904175,2.809999942779541,2.5999999046325684,2.809999942779541,395142,0.0,0.0
2024-01-26 10:30:00-05:00,2.800100088119507,2.9049999713897705,2.7850000858306885,2.865000009536743,375227,0.0,0.0
2024-01-26 11:30:00-05:00,2.869999885559082,2.9749999046325684,2.860100030899048,2.9049999713897705,297113,0.0,0.0
2024-01-26 12:30:00-05:00,2.9100000858306885,2.930000066757202,2.8499999046325684,2.9200000762939453,156095,0.0,0.0
2024-01-26 13:30:00-05:00,2.9149999618530273,2.9749999046325684,2.880000114440918,2.944999933242798,181961,0.0,0.0
2024-01-26 14:30:00-05:00,2.940000057220459,2.9800000190734863,2.9000000953674316,2.930000066757202,164762,0.0,0.0
2024-01-26 15:30:00-05:00,2.940000057220459,2.984999895095825,2.911400079727173,2.9200000762939453,219538,0.0,0.0
2024-01-29 09:30:00-05:00,2.9100000858306885,3.1301000118255615,2.8299999237060547,3.1298999786376953,261515,0.0,0.0
2024-01-29 10:30:00-05:00,3.130000114440918,3.180000066757202,3.049999952316284,3.059999942779541,214421,0.0,0.0
2024-01-29 11:30:00-05:00,3.0585999488830566,3.059999942779541,2.9600000381469727,2.9888999462127686,145280,0.0,0.0
2024-01-29 12:30:00-05:00,2.9800000190734863,2.994999885559082,2.869999885559082,2.880000114440918,163057,0.0,0.0
2024-01-29 13:30:00-05:00,2.884999990463257,2.9100000858306885,2.8350000381469727,2.869999885559082,112947,0.0,0.0
2024-01-29 14:30:00-05:00,2.8698999881744385,2.944999933242798,2.825000047683716,2.940000057220459,127385,0.0,0.0
2024-01-29 15:30:00-05:00,2.950000047683716,2.990000009536743,2.930000066757202,2.9600000381469727,224239,0.0,0.0
2024-01-30 09:30:00-05:00,2.9800000190734863,3.0599000453948975,2.859999895095825,2.9600000381469727,266357,0.0,0.0
2024-01-30 10:30:00-05:00,2.9600000381469727,2.9600000381469727,2.7909998893737793,2.8589999675750732,176343,0.0,0.0
2024-01-30 11:30:00-05:00,2.859999895095825,2.869999885559082,2.7750000953674316,2.7790000438690186,61133,0.0,0.0
2024-01-30 12:30:00-05:00,2.7699999809265137,2.7699999809265137,2.680000066757202,2.755000114440918,204197,0.0,0.0
2024-01-30 13:30:00-05:00,2.755000114440918,2.7699999809265137,2.7200000286102295,2.759999990463257,64643,0.0,0.0
2024-01-30 14:30:00-05:00,2.75,2.759999990463257,2.694200038909912,2.7100000381469727,51872,0.0,0.0
2024-01-30 15:30:00-05:00,2.7100000381469727,2.740000009536743,2.690000057220459,2.7300000190734863,99728,0.0,0.0
2024-01-31 09:30:00-05:00,2.700000047683716,2.79010009765625,2.660099983215332,2.779900074005127,122823,0.0,0.0
2024-01-31 10:30:00-05:00,2.7799999713897705,2.8299999237060547,2.7699999809265137,2.809999942779541,34195,0.0,0.0
2024-01-31 11:30:00-05:00,2.809000015258789,2.825000047683716,2.7799999713897705,2.799999952316284,43688,0.0,0.0
2024-01-31 12:30:00-05:00,2.7990000247955322,2.859999895095825,2.7899999618530273,2.825000047683716,40362,0.0,0.0
2024-01-31 13:30:00-05:00,2.8299999237060547,2.8499999046325684,2.7799999713897705,2.7850000858306885,18942,0.0,0.0
2024-01-31 14:30:00-05:00,2.7850000858306885,2.9100000858306885,2.6649999618530273,2.6700000762939453,150177,0.0,0.0
2024-01-31 15:30:00-05:00,2.6700000762939453,2.674999952316284,2.630000114440918,2.640000104904175,182260,0.0,0.0
2024-02-01 09:30:00-05:00,2.75,2.7899999618530273,2.6105000972747803,2.680000066757202,110495,0.0,0.0
2024-02-01 10:30:00-05:00,2.6898999214172363,2.690000057220459,2.5999999046325684,2.5999999046325684,86676,0.0,0.0
2024-02-01 11:30:00-05:00,2.5999999046325684,2.690000057220459,2.5999999046325684,2.684999942779541,41620,0.0,0.0
2024-02-01 12:30:00-05:00,2.684999942779541,2.740000009536743,2.6700000762939453,2.680000066757202,50300,0.0,0.0
2024-02-01 13:30:00-05:00,2.680000066757202,2.7699999809265137,2.6649999618530273,2.7009999752044678,72835,0.0,0.0
2024-02-01 14:30:00-05:00,2.700000047683716,2.7100000381469727,2.6649999618530273,2.7049999237060547,58213,0.0,0.0
2024-02-01 15:30:00-05:00,2.700000047683716,2.759999990463257,2.700000047683716,2.75,84760,0.0,0.0
2024-02-02 09:30:00-05:00,2.7300000190734863,2.7300000190734863,2.5950000286102295,2.609999895095825,109060,0.0,0.0
2024-02-02 10:30:00-05:00,2.615000009536743,2.6649999618530273,2.5999999046325684,2.615000009536743,73305,0.0,0.0
2024-02-02 11:30:00-05:00,2.6173999309539795,2.6173999309539795,2.559999942779541,2.5998001098632812,46534,0.0,0.0
2024-02-02 12:30:00-05:00,2.5899999141693115,2.609999895095825,2.555000066757202,2.5799999237060547,40925,0.0,0.0
2024-02-02 13:30:00-05:00,2.575000047683716,2.6398000717163086,2.559999942779541,2.630000114440918,72883,0.0,0.0
2024-02-02 14:30:00-05:00,2.630000114440918,2.6549999713897705,2.615000009536743,2.634999990463257,87963,0.0,0.0
2024-02-02 15:30:00-05:00,2.630000114440918,2.630000114440918,2.559999942779541,2.5899999141693115,115138,0.0,0.0
2024-02-05 09:30:00-05:00,2.5899999141693115,2.5899999141693115,2.450000047683716,2.4700000286102295,117696,0.0,0.0
2024-02-05 10:30:00-05:00,2.4749999046325684,2.484999895095825,2.440000057220459,2.4549999237060547,107567,0.0,0.0
2024-02-05 11:30:00-05:00,2.450000047683716,2.4600000381469727,2.4200000762939453,2.449899911880493,60686,0.0,0.0
2024-02-05 12:30:00-05:00,2.459199905395508,2.4800000190734863,2.450000047683716,2.4549999237060547,66742,0.0,0.0
2024-02-05 13:30:00-05:00,2.4600000381469727,2.4800000190734863,2.4200000762939453,2.4398999214172363,126451,0.0,0.0
2024-02-05 14:30:00-05:00,2.434999942779541,2.450000047683716,2.4000000953674316,2.424999952316284,103203,0.0,0.0
2024-02-05 15:30:00-05:00,2.430000066757202,2.430000066757202,2.375,2.4000000953674316,200067,0.0,0.0
2024-02-06 09:30:00-05:00,2.380000114440918,2.5801000595092773,2.3399999141693115,2.5399999618530273,172248,0.0,0.0
2024-02-06 10:30:00-05:00,2.549499988555908,2.729300022125244,2.5350000858306885,2.690000057220459,142137,0.0,0.0
2024-02-06 11:30:00-05:00,2.6800999641418457,2.799999952316284,2.6800999641418457,2.7950000762939453,215109,0.0,0.0
2024-02-06 12:30:00-05:00,2.7920000553131104,2.809999942779541,2.740000009536743,2.7850000858306885,118292,0.0,0.0
2024-02-06 13:30:00-05:00,2.7899999618530273,2.809999942779541,2.75,2.7950000762939453,102570,0.0,0.0
2024-02-06 14:30:00-05:00,2.7899999618530273,2.825000047683716,2.75,2.759999990463257,99083,0.0,0.0
2024-02-06 15:30:00-05:00,2.759999990463257,2.7799999713897705,2.740000009536743,2.7750000953674316,197178,0.0,0.0
2024-02-07 09:30:00-05:00,2.819999933242798,2.8499999046325684,2.690999984741211,2.7300000190734863,137538,0.0,0.0
2024-02-07 10:30:00-05:00,2.740000009536743,2.815500020980835,2.7200000286102295,2.7799999713897705,72390,0.0,0.0
2024-02-07 11:30:00-05:00,2.7799999713897705,2.884999990463257,2.7699999809265137,2.8550000190734863,128296,0.0,0.0
2024-02-07 12:30:00-05:00,2.859999895095825,2.884999990463257,2.809999942779541,2.8450000286102295,65301,0.0,0.0
2024-02-07 13:30:00-05:00,2.8499999046325684,2.8499999046325684,2.7699999809265137,2.799999952316284,89739,0.0,0.0
2024-02-07 14:30:00-05:00,2.805000066757202,2.8399999141693115,2.7899999618530273,2.7899999618530273,49367,0.0,0.0
2024-02-07 15:30:00-05:00,2.7799999713897705,2.799999952316284,2.7699999809265137,2.7850000858306885,89829,0.0,0.0
2024-02-08 09:30:00-05:00,2.7899999618530273,2.809999942779541,2.569999933242798,2.5899999141693115,247989,0.0,0.0
2024-02-08 10:30:00-05:00,2.5899999141693115,2.630000114440918,2.509999990463257,2.5197999477386475,188934,0.0,0.0
2024-02-08 11:30:00-05:00,2.5100998878479004,2.559999942779541,2.5,2.5199999809265137,90361,0.0,0.0
2024-02-08 12:30:00-05:00,2.5199999809265137,2.630000114440918,2.5199999809265137,2.609999895095825,212622,0.0,0.0
2024-02-08 13:30:00-05:00,2.609999895095825,2.700000047683716,2.5999999046325684,2.6649999618530273,147671,0.0,0.0
2024-02-08 14:30:00-05:00,2.6600000858306885,2.700000047683716,2.640000104904175,2.6500000953674316,110335,0.0,0.0
2024-02-08 15:30:00-05:00,2.6549999713897705,2.674999952316284,2.609999895095825,2.6500000953674316,103878,0.0,0.0
2024-02-09 09:30:00-05:00,2.6700000762939453,2.7899999618530273,2.6008999347686768,2.615000009536743,193692,0.0,0.0
2024-02-09 10:30:00-05:00,2.615000009536743,2.7300000190734863,2.609999895095825,2.6500000953674316,130810,0.0,0.0
2024-02-09 11:30:00-05:00,2.640000104904175,2.680000066757202,2.630000114440918,2.6649999618530273,56983,0.0,0.0
2024-02-09 12:30:00-05:00,2.6689999103546143,2.6689999103546143,2.610100030899048,2.634999990463257,44740,0.0,0.0
2024-02-09 13:30:00-05:00,2.634999990463257,2.674999952316284,2.565000057220459,2.569999933242798,102793,0.0,0.0
2024-02-09 14:30:00-05:00,2.565999984741211,2.630000114440918,2.555000066757202,2.555000066757202,113925,0.0,0.0
2024-02-09 15:30:00-05:00,2.555000066757202,2.619999885559082,2.549999952316284,2.609999895095825,166403,0.0,0.0
2024-02-12 09:30:00-05:00,2.619999885559082,2.850100040435791,2.609999895095825,2.7799999713897705,186429,0.0,0.0
2024-02-12 10:30:00-05:00,2.7960000038146973,2.9600000381469727,2.7950000762939453,2.940000057220459,196697,0.0,0.0
2024-02-12 11:30:00-05:00,2.940000057220459,2.9600000381469727,2.869999885559082,2.869999885559082,143569,0.0,0.0
2024-02-12 12:30:00-05:00,2.875,2.990000009536743,2.8399999141693115,2.950000047683716,274830,0.0,0.0
2024-02-12 13:30:00-05:00,2.950000047683716,2.9888999462127686,2.930000066757202,2.9700000286102295,100226,0.0,0.0
2024-02-12 14:30:00-05:00,2.9700000286102295,3.0299999713897705,2.9600000381469727,3.009999990463257,143590,0.0,0.0
2024-02-12 15:30:00-05:00,3.018899917602539,3.0994999408721924,3.018899917602539,3.0399999618530273,245336,0.0,0.0
2024-02-13 09:30:00-05:00,2.799999952316284,2.9200000762939453,2.619999885559082,2.7090001106262207,507636,0.0,0.0
2024-02-13 10:30:00-05:00,2.7090001106262207,2.740000009536743,2.6510000228881836,2.7200000286102295,131971,0.0,0.0
2024-02-13 11:30:00-05:00,2.7149999141693115,2.744999885559082,2.6549999713897705,2.6698999404907227,60952,0.0,0.0
2024-02-13 12:30:00-05:00,2.6700000762939453,2.700000047683716,2.659899950027466,2.674999952316284,70133,0.0,0.0
2024-02-13 13:30:00-05:00,2.6700000762939453,2.6791000366210938,2.619999885559082,2.6600000858306885,102646,0.0,0.0
2024-02-13 14:30:00-05:00,2.6600000858306885,2.6600000858306885,2.5350000858306885,2.569999933242798,133615,0.0,0.0
2024-02-13 15:30:00-05:00,2.569999933242798,2.6600000858306885,2.569999933242798,2.630000114440918,201994,0.0,0.0
2024-02-14 09:30:00-05:00,2.7300000190734863,2.809999942779541,2.6700000762939453,2.734999895095825,267908,0.0,0.0
2024-02-14 10:30:00-05:00,2.7300000190734863,2.799999952316284,2.680000066757202,2.7950000762939453,78244,0.0,0.0
2024-02-14 11:30:00-05:00,2.799999952316284,2.8299999237060547,2.740000009536743,2.7799999713897705,62817,0.0,0.0
2024-02-14 12:30:00-05:00,2.7799999713897705,2.7799999713897705,2.742500066757202,2.7799999713897705,34293,0.0,0.0
2024-02-14 13:30:00-05:00,2.7899999618530273,2.8499999046325684,2.7750000953674316,2.830899953842163,77620,0.0,0.0
2024-02-14 14:30:00-05:00,2.8350000381469727,2.8499999046325684,2.800100088119507,2.8450000286102295,51868,0.0,0.0
2024-02-14 15:30:00-05:00,2.8450000286102295,2.930000066757202,2.8401999473571777,2.9000000953674316,117597,0.0,0.0
2024-02-15 09:30:00-05:00,2.890000104904175,3.049999952316284,2.8617000579833984,2.9700000286102295,275141,0.0,0.0
2024-02-15 10:30:00-05:00,2.9800000190734863,2.9800000190734863,2.8949999809265137,2.9200000762939453,112397,0.0,0.0
2024-02-15 11:30:00-05:00,2.927500009536743,2.990000009536743,2.9049999713897705,2.924999952316284,56947,0.0,0.0
2024-02-15 12:30:00-05:00,2.930000066757202,2.9600000381469727,2.882499933242798,2.9600000381469727,116840,0.0,0.0
2024-02-15 13:30:00-05:00,2.9600000381469727,2.990000009536743,2.9200000762939453,2.940000057220459,75956,0.0,0.0
2024-02-15 14:30:00-05:00,2.950000047683716,2.9574999809265137,2.890000104904175,2.944999933242798,77927,0.0,0.0
2024-02-15 15:30:00-05:00,2.950000047683716,2.9700000286102295,2.9200000762939453,2.924999952316284,113096,0.0,0.0
2024-02-16 09:30:00-05:00,2.9100000858306885,2.9100000858306885,2.7699999809265137,2.8499999046325684,122628,0.0,0.0
2024-02-16 10:30:00-05:00,2.8508999347686768,2.890000104904175,2.809999942779541,2.865000009536743,58942,0.0,0.0
2024-02-16 11:30:00-05:00,2.865000009536743,2.9200000762939453,2.8605000972747803,2.9100000858306885,56132,0.0,0.0
2024-02-16 12:30:00-05:00,2.9200000762939453,2.9899001121520996,2.9200000762939453,2.9800000190734863,106796,0.0,0.0
2024-02-16 13:30:00-05:00,2.990000009536743,3.0250000953674316,2.9800000190734863,2.990000009536743,88476,0.0,0.0
2024-02-16 14:30:00-05:00,2.9800000190734863,2.984999895095825,2.9149999618530273,2.9149999618530273,62396,0.0,0.0
2024-02-16 15:30:00-05:00,2.9149999618530273,2.950000047683716,2.9000000953674316,2.9100000858306885,116700,0.0,0.0
2024-02-20 09:30:00-05:00,2.890000104904175,2.940000057220459,2.8369998931884766,2.880000114440918,94180,0.0,0.0
2024-02-20 10:30:00-05:00,2.890000104904175,3.015000104904175,2.890000104904175,3.015000104904175,113767,0.0,0.0
2024-02-20 11:30:00-05:00,3.0199999809265137,3.0599000453948975,2.9600000381469727,2.9649999141693115,175451,0.0,0.0
2024-02-20 12:30:00-05:00,2.9600000381469727,3.0,2.944999933242798,2.9800000190734863,46904,0.0,0.0
2024-02-20 13:30:00-05:00,2.990000009536743,2.994999885559082,2.930000066757202,2.9549999237060547,35472,0.0,0.0
2024-02-20 14:30:00-05:00,2.9593000411987305,2.990000009536743,2.930000066757202,2.930000066757202,69036,0.0,0.0
2024-02-20 15:30:00-05:00,2.934999942779541,2.9600000381469727,2.9100000858306885,2.940000057220459,133827,0.0,0.0
2024-02-21 09:30:00-05:00,2.9200000762939453,2.9600000381469727,2.7100000381469727,2.7149999141693115,172365,0.0,0.0
2024-02-21 10:30:00-05:00,2.7100000381469727,2.719899892807007,2.634999990463257,2.674999952316284,150260,0.0,0.0
2024-02-21 11:30:00-05:00,2.6791000366210938,2.700000047683716,2.630000114440918,2.6649999618530273,86773,0.0,0.0
2024-02-21 12:30:00-05:00,2.6624999046325684,2.700000047683716,2.6600000858306885,2.6649999618530273,125050,0.0,0.0
2024-02-21 13:30:00-05:00,2.6649999618530273,2.7100000381469727,2.6500000953674316,2.690000057220459,120672,0.0,0.0
2024-02-21 14:30:00-05:00,2.690000057220459,2.700000047683716,2.6700000762939453,2.684999942779541,62796,0.0,0.0
2024-02-21 15:30:00-05:00,2.6800999641418457,2.740000009536743,2.680000066757202,2.7100000381469727,154450,0.0,0.0
2024-02-22 09:30:00-05:00,2.690000057220459,2.75,2.6600000858306885,2.700000047683716,106355,0.0,0.0
2024-02-22 10:30:00-05:00,2.694000005722046,2.7149999141693115,2.6500000953674316,2.680999994277954,90227,0.0,0.0
2024-02-22 11:30:00-05:00,2.684999942779541,2.684999942779541,2.630000114440918,2.6700000762939453,65389,0.0,0.0
2024-02-22 12:30:00-05:00,2.669300079345703,2.680000066757202,2.6549999713897705,2.6649999618530273,49889,0.0,0.0
2024-02-22 13:30:00-05:00,2.6649999618530273,2.700000047683716,2.6600000858306885,2.690000057220459,70331,0.0,0.0
2024-02-22 14:30:00-05:00,2.690000057220459,2.694999933242798,2.6449999809265137,2.658600091934204,38395,0.0,0.0
2024-02-22 15:30:00-05:00,2.6500000953674316,2.6600000858306885,2.630000114440918,2.630000114440918,68617,0.0,0.0
2024-02-23 09:30:00-05:00,2.619999885559082,2.7100000381469727,2.369999885559082,2.469899892807007,495856,0.0,0.0
2024-02-23 10:30:00-05:00,2.4600000381469727,2.5499000549316406,2.4049999713897705,2.430000066757202,196576,0.0,0.0
2024-02-23 11:30:00-05:00,2.430000066757202,2.434999942779541,2.4100000858306885,2.4100000858306885,139631,0.0,0.0
2024-02-23 12:30:00-05:00,2.4149999618530273,2.4549999237060547,2.4100000858306885,2.4100000858306885,130073,0.0,0.0
2024-02-23 13:30:00-05:00,2.4149999618530273,2.421099901199341,2.369999885559082,2.369999885559082,238948,0.0,0.0
2024-02-23 14:30:00-05:00,2.369999885559082,2.4600000381469727,2.359999895095825,2.434999942779541,225332,0.0,0.0
2024-02-23 15:30:00-05:00,2.434999942779541,2.4600000381469727,2.390000104904175,2.390000104904175,236777,0.0,0.0
2024-02-26 09:30:00-05:00,2.4200000762939453,2.5999999046325684,2.4200000762939453,2.5899999141693115,143262,0.0,0.0
2024-02-26 10:30:00-05:00,2.5899999141693115,2.6689999103546143,2.5899999141693115,2.6689999103546143,127723,0.0,0.0
2024-02-26 11:30:00-05:00,2.6689999103546143,2.684999942779541,2.609999895095825,2.615000009536743,98214,0.0,0.0
2024-02-26 12:30:00-05:00,2.609999895095825,2.6700000762939453,2.6050000190734863,2.615000009536743,35265,0.0,0.0
2024-02-26 13:30:00-05:00,2.615000009536743,2.619999885559082,2.569999933242798,2.569999933242798,40312,0.0,0.0
2024-02-26 14:30:00-05:00,2.5690999031066895,2.5950000286102295,2.5250000953674316,2.5850000381469727,58423,0.0,0.0
2024-02-26 15:30:00-05:00,2.5899999141693115,2.5899999141693115,2.5399999618530273,2.575000047683716,106219,0.0,0.0
2024-02-27 09:30:00-05:00,2.6500000953674316,2.690000057220459,2.5799999237060547,2.6098999977111816,110350,0.0,0.0
2024-02-27 10:30:00-05:00,2.619999885559082,2.7209999561309814,2.619999885559082,2.7000999450683594,139195,0.0,0.0
2024-02-27 11:30:00-05:00,2.700000047683716,2.7149999141693115,2.6549999713897705,2.690000057220459,75125,0.0,0.0
2024-02-27 12:30:00-05:00,2.690000057220459,2.700000047683716,2.6600000858306885,2.680000066757202,57691,0.0,0.0
2024-02-27 13:30:00-05:00,2.690000057220459,2.690000057220459,2.6391000747680664,2.6500000953674316,44301,0.0,0.0
2024-02-27 14:30:00-05:00,2.649899959564209,2.6600000858306885,2.630000114440918,2.6500000953674316,49021,0.0,0.0
2024-02-27 15:30:00-05:00,2.6549999713897705,2.6600000858306885,2.640000104904175,2.6500000953674316,77608,0.0,0.0
2024-02-28 09:30:00-05:00,2.5999999046325684,2.680000066757202,2.510499954223633,2.5999999046325684,150671,0.0,0.0
2024-02-28 10:30:00-05:00,2.5899999141693115,2.599900007247925,2.4600000381469727,2.4700000286102295,161018,0.0,0.0
2024-02-28 11:30:00-05:00,2.467099905014038,2.4798998832702637,2.369999885559082,2.4000000953674316,179677,0.0,0.0
2024-02-28 12:30:00-05:00,2.3998000621795654,2.3998000621795654,2.2200000286102295,2.2392001152038574,492292,0.0,0.0
2024-02-28 13:30:00-05:00,2.2300000190734863,2.2492001056671143,1.899999976158142,1.9907000064849854,796551,0.0,0.0
2024-02-28 14:30:00-05:00,2.0,2.049999952316284,1.9199999570846558,2.0450000762939453,844736,0.0,0.0
2024-02-28 15:30:00-05:00,2.0450000762939453,2.069999933242798,1.9500000476837158,1.9600000381469727,446042,0.0,0.0
2024-02-29 09:30:00-05:00,2.119999885559082,2.25,2.0199999809265137,2.2000999450683594,487327,0.0,0.0
2024-02-29 10:30:00-05:00,2.20989990234375,2.2100000381469727,2.140000104904175,2.190000057220459,212186,0.0,0.0
2024-02-29 11:30:00-05:00,2.194999933242798,2.240000009536743,2.180000066757202,2.2300000190734863,70528,0.0,0.0
2024-02-29 12:30:00-05:00,2.2200000286102295,2.240000009536743,2.190000057220459,2.2200000286102295,87759,0.0,0.0
2024-02-29 13:30:00-05:00,2.2200000286102295,2.240000009536743,2.2100000381469727,2.2179999351501465,43511,0.0,0.0
2024-02-29 14:30:00-05:00,2.210099935531616,2.2799999713897705,2.2002999782562256,2.259999990463257,152616,0.0,0.0
2024-02-29 15:30:00-05:00,2.2699999809265137,2.299999952316284,2.2300000190734863,2.240000009536743,267142,0.0,0.0
2024-03-01 09:30:00-05:00,2.2200000286102295,2.3399999141693115,2.109999895095825,2.3299999237060547,196364,0.0,0.0
2024-03-01 10:30:00-05:00,2.3299999237060547,2.4600000381469727,2.319999933242798,2.410099983215332,267278,0.0,0.0
2024-03-01 11:30:00-05:00,2.430000066757202,2.430000066757202,2.369999885559082,2.419800043106079,168066,0.0,0.0
2024-03-01 12:30:00-05:00,2.4200000762939453,2.450000047683716,2.384999990463257,2.399899959564209,103624,0.0,0.0
2024-03-01 13:30:00-05:00,2.390000104904175,2.4000000953674316,2.3299999237060547,2.3949999809265137,109866,0.0,0.0
2024-03-01 14:30:00-05:00,2.4000000953674316,2.4100000858306885,2.369999885559082,2.3949999809265137,95556,0.0,0.0
2024-03-01 15:30:00-05:00,2.3949999809265137,2.4100000858306885,2.380000114440918,2.4000000953674316,75383,0.0,0.0
2024-03-04 09:30:00-05:00,2.3499999046325684,2.4000000953674316,2.2200000286102295,2.2249999046325684,163795,0.0,0.0
2024-03-04 10:30:00-05:00,2.234999895095825,2.234999895095825,2.1700000762939453,2.1700000762939453,46163,0.0,0.0
2024-03-04 11:30:00-05:00,2.1700000762939453,2.25,2.1600000858306885,2.2300000190734863,82814,0.0,0.0
2024-03-04 12:30:00-05:00,2.2200000286102295,2.2200000286102295,2.200000047683716,2.2049999237060547,29573,0.0,0.0
2024-03-04 13:30:00-05:00,2.2049999237060547,2.2149999141693115,2.1649999618530273,2.1649999618530273,51675,0.0,0.0
2024-03-04 14:30:00-05:00,2.1691999435424805,2.1898999214172363,2.1500000953674316,2.1549999713897705,51600,0.0,0.0
2024-03-04 15:30:00-05:00,2.1500000953674316,2.1686999797821045,2.140000104904175,2.1500000953674316,371945,0.0,0.0
2024-03-05 09:30:00-05:00,2.119999885559082,2.1763999462127686,2.0899999141693115,2.1050000190734863,86368,0.0,0.0
2024-03-05 10:30:00-05:00,2.1092000007629395,2.1600000858306885,2.0999999046325684,2.129300117492676,97653,0.0,0.0
2024-03-05 11:30:00-05:00,2.1500000953674316,2.1500000953674316,2.119999885559082,2.134999990463257,0,0.0,0.0
2024-03-05 12:30:00-05:00,2.1301000118255615,2.1540000438690186,2.1301000118255615,2.134999990463257,21409,0.0,0.0
2024-03-05 13:30:00-05:00,2.1301000118255615,2.140000104904175,2.109999895095825,2.109999895095825,13545,0.0,0.0
2024-03-05 14:30:00-05:00,2.115000009536743,2.115000009536743,2.0801000595092773,2.0850000381469727,50297,0.0,0.0
2024-03-05 15:30:00-05:00,2.0850000381469727,2.0999999046325684,2.0799999237060547,2.0799999237060547,226630,0.0,0.0
2024-03-06 09:30:00-05:00,2.134999990463257,2.180000066757202,2.055000066757202,2.1449999809265137,161181,0.0,0.0
2024-03-06 10:30:00-05:00,2.1449999809265137,2.1700000762939453,2.1205999851226807,2.125,689,0.0,0.0
2024-03-06 11:30:00-05:00,2.125,2.1600000858306885,2.0999999046325684,2.1600000858306885,29404,0.0,0.0
2024-03-06 12:30:00-05:00,2.1500000953674316,2.1510000228881836,2.0999999046325684,2.1201000213623047,85029,0.0,0.0
2024-03-06 13:30:00-05:00,2.130000114440918,2.130000114440918,2.053999900817871,2.0799999237060547,93028,0.0,0.0
2024-03-06 14:30:00-05:00,2.0799999237060547,2.1449999809265137,2.069999933242798,2.115000009536743,129515,0.0,0.0
2024-03-06 15:30:00-05:00,2.115000009536743,2.115000009536743,2.0824999809265137,2.0999999046325684,325661,0.0,0.0
2024-03-07 09:30:00-05:00,2.109999895095825,2.2100000381469727,2.0799999237060547,2.0850000381469727,180244,0.0,0.0
2024-03-07 10:30:00-05:00,2.0850000381469727,2.119999885559082,2.059999942779541,2.0989999771118164,68549,0.0,0.0
2024-03-07 11:30:00-05:00,2.0985000133514404,2.0985000133514404,2.049999952316284,2.069700002670288,109648,0.0,0.0
2024-03-07 12:30:00-05:00,2.069999933242798,2.0899999141693115,2.0699000358581543,2.0799999237060547,34744,0.0,0.0
2024-03-07 13:30:00-05:00,2.0799999237060547,2.0999999046325684,2.0399999618530273,2.055000066757202,86942,0.0,0.0
2024-03-07 14:30:00-05:00,2.049999952316284,2.0899999141693115,2.0100998878479004,2.0399999618530273,270948,0.0,0.0
2024-03-07 15:30:00-05:00,2.0450000762939453,2.065000057220459,2.0299999713897705,2.0399999618530273,140379,0.0,0.0
2024-03-08 09:30:00-05:00,2.0399999618530273,2.119999885559082,2.005000114440918,2.0250000953674316,189419,0.0,0.0
2024-03-08 10:30:00-05:00,2.0199999809265137,2.0299999713897705,1.965000033378601,1.9950000047683716,201960,0.0,0.0
2024-03-08 11:30:00-05:00,1.9950000047683716,2.009999990463257,1.9500000476837158,1.9700000286102295,183327,0.0,0.0
2024-03-08 12:30:00-05:00,1.965000033378601,1.9900000095367432,1.9600000381469727,1.9800000190734863,121912,0.0,0.0
2024-03-08 13:30:00-05:00,1.989300012588501,1.9900000095367432,1.9600000381469727,1.9600000381469727,56264,0.0,0.0
2024-03-08 14:30:00-05:00,1.9600000381469727,2.009999990463257,1.9600000381469727,1.9850000143051147,114996,0.0,0.0
2024-03-08 15:30:00-05:00,1.9800000190734863,1.9890999794006348,1.9550000429153442,1.9700000286102295,123482,0.0,0.0
2024-03-11 09:30:00-04:00,1.9206000566482544,2.1449999809265137,1.9206000566482544,2.119999885559082,606548,0.0,0.0
2024-03-11 10:30:00-04:00,2.130000114440918,2.2298998832702637,2.049999952316284,2.0850000381469727,280101,0.0,0.0
2024-03-11 11:30:00-04:00,2.0799999237060547,2.0899999141693115,2.059999942779541,2.069999933242798,79995,0.0,0.0
2024-03-11 12:30:00-04:00,2.069999933242798,2.089900016784668,2.049999952316284,2.069999933242798,93580,0.0,0.0
2024-03-11 13:30:00-04:00,2.069999933242798,2.0799999237060547,2.049999952316284,2.059999942779541,50690,0.0,0.0
2024-03-11 14:30:00-04:00,2.059999942779541,2.140000104904175,2.049999952316284,2.0799999237060547,132612,0.0,0.0
2024-03-11 15:30:00-04:00,2.0799999237060547,2.089900016784668,2.005000114440918,2.0199999809265137,176579,0.0,0.0
2024-03-12 09:30:00-04:00,2.0,2.0199999809265137,1.9450000524520874,2.009999990463257,110775,0.0,0.0
2024-03-12 10:30:00-04:00,2.015000104904175,2.069999933242798,2.009999990463257,2.059999942779541,102952,0.0,0.0
2024-03-12 11:30:00-04:00,2.049999952316284,2.0599000453948975,2.0299999713897705,2.038800001144409,60393,0.0,0.0
2024-03-12 12:30:00-04:00,2.0299999713897705,2.0299999713897705,2.005000114440918,2.0199999809265137,29701,0.0,0.0
2024-03-12 13:30:00-04:00,2.0199999809265137,2.0350000858306885,2.009999990463257,2.0350000858306885,18826,0.0,0.0
2024-03-12 14:30:00-04:00,2.0350000858306885,2.0350000858306885,2.0,2.0099000930786133,46176,0.0,0.0
2024-03-12 15:30:00-04:00,2.005000114440918,2.0299999713897705,2.0,2.015000104904175,100175,0.0,0.0
2024-03-13 09:30:00-04:00,2.0199999809265137,2.1201000213623047,2.0199999809265137,2.109999895095825,125380,0.0,0.0
2024-03-13 10:30:00-04:00,2.1050000190734863,2.140000104904175,2.096299886703491,2.134999990463257,35297,0.0,0.0
2024-03-13 11:30:00-04:00,2.120699882507324,2.1596999168395996,2.120699882507324,2.1493000984191895,85235,0.0,0.0
2024-03-13 12:30:00-04:00,2.149199962615967,2.149199962615967,2.0999999046325684,2.0999999046325684,81590,0.0,0.0
2024-03-13 13:30:00-04:00,2.0999999046325684,2.0999999046325684,2.0799999237060547,2.0799999237060547,30977,0.0,0.0
2024-03-13 14:30:00-04:00,2.0850000381469727,2.089200019836426,1.9800000190734863,1.989300012588501,124879,0.0,0.0
2024-03-13 15:30:00-04:00,1.9850000143051147,2.0,1.9700000286102295,1.9850000143051147,88207,0.0,0.0
2024-03-14 09:30:00-04:00,2.0899999141693115,2.0899999141693115,1.8700000047683716,1.9495999813079834,270622,0.0,0.0
2024-03-14 10:30:00-04:00,1.9500000476837158,1.9600000381469727,1.9199999570846558,1.9199999570846558,78762,0.0,0.0
2024-03-14 11:30:00-04:00,1.9199999570846558,1.9687000513076782,1.9199999570846558,1.9637000560760498,83426,0.0,0.0
2024-03-14 12:30:00-04:00,1.9600000381469727,1.9800000190734863,1.9199999570846558,1.9600000381469727,159104,0.0,0.0
2024-03-14 13:30:00-04:00,1.9600000381469727,1.9701000452041626,1.9500000476837158,1.9700000286102295,32283,0.0,0.0
2024-03-14 14:30:00-04:00,1.9609999656677246,1.9609999656677246,1.909999966621399,1.9450000524520874,199802,0.0,0.0
2024-03-14 15:30:00-04:00,1.940000057220459,1.9600000381469727,1.9299999475479126,1.9500000476837158,70653,0.0,0.0
2024-03-15 09:30:00-04:00,1.9500000476837158,2.0399999618530273,1.8600000143051147,1.9500000476837158,237601,0.0,0.0
2024-03-15 10:30:00-04:00,1.9450000524520874,1.9980000257492065,1.909999966621399,1.9149999618530273,46270,0.0,0.0
2024-03-15 11:30:00-04:00,1.9149999618530273,1.940000057220459,1.9000999927520752,1.9299999475479126,46575,0.0,0.0
2024-03-15 12:30:00-04:00,1.934999942779541,1.9591000080108643,1.9199999570846558,1.9591000080108643,17010,0.0,0.0
2024-03-15 13:30:00-04:00,1.9508999586105347,1.9593000411987305,1.9479999542236328,1.9479999542236328,14179,0.0,0.0
2024-03-15 14:30:00-04:00,1.9450000524520874,2.009999990463257,1.9450000524520874,1.9850000143051147,53001,0.0,0.0
2024-03-15 15:30:00-04:00,1.9800000190734863,2.0,1.975000023841858,1.9900000095367432,252177,0.0,0.0
2024-03-18 09:30:00-04:00,2.0199999809265137,2.0199999809265137,1.8949999809265137,1.905500054359436,87251,0.0,0.0
2024-03-18 10:30:00-04:00,1.909999966621399,1.9500000476837158,1.909999966621399,1.9499000310897827,44544,0.0,0.0
2024-03-18 11:30:00-04:00,1.940000057220459,1.9500000476837158,1.909999966621399,1.9499000310897827,38525,0.0,0.0
2024-03-18 12:30:00-04:00,1.9450000524520874,1.9600000381469727,1.940000057220459,1.9550000429153442,28085,0.0,0.0
2024-03-18 13:30:00-04:00,1.950700044631958,1.9599000215530396,1.9300999641418457,1.9347000122070312,40327,0.0,0.0
2024-03-18 14:30:00-04:00,1.9300999641418457,1.9305000305175781,1.9026999473571777,1.9049999713897705,57392,0.0,0.0
2024-03-18 15:30:00-04:00,1.9098000526428223,1.9098000526428223,1.809999942779541,1.8300000429153442,215452,0.0,0.0
2024-03-19 09:30:00-04:00,1.8300000429153442,1.8700000047683716,1.725000023841858,1.7793999910354614,248538,0.0,0.0
2024-03-19 10:30:00-04:00,1.7699999809265137,1.8700000047683716,1.7599999904632568,1.8600000143051147,91907,0.0,0.0
2024-03-19 11:30:00-04:00,1.8600000143051147,1.899999976158142,1.8600000143051147,1.8949999809265137,62826,0.0,0.0
2024-03-19 12:30:00-04:00,1.8919999599456787,1.9573999643325806,1.8899999856948853,1.909999966621399,91816,0.0,0.0
2024-03-19 13:30:00-04:00,1.909999966621399,1.9700000286102295,1.909999966621399,1.9505000114440918,87011,0.0,0.0
2024-03-19 14:30:00-04:00,1.940000057220459,1.9700000286102295,1.8899999856948853,1.9049999713897705,138989,0.0,0.0
2024-03-19 15:30:00-04:00,1.899999976158142,2.0199999809265137,1.899999976158142,1.9800000190734863,259233,0.0,0.0
2024-03-20 09:30:00-04:00,2.059999942779541,2.129199981689453,1.9800000190734863,2.0850000381469727,312936,0.0,0.0
2024-03-20 10:30:00-04:00,2.0889999866485596,2.219899892807007,2.069999933242798,2.1600000858306885,361765,0.0,0.0
2024-03-20 11:30:00-04:00,2.1589999198913574,2.1698999404907227,2.059999942779541,2.059999942779541,198965,0.0,0.0
2024-03-20 12:30:00-04:00,2.059999942779541,2.059999942779541,2.0199999809265137,2.0306999683380127,132682,0.0,0.0
2024-03-20 13:30:00-04:00,2.0299999713897705,2.0850000381469727,2.009999990463257,2.049299955368042,160646,0.0,0.0
2024-03-20 14:30:00-04:00,2.0399999618530273,2.0899999141693115,2.019700050354004,2.075000047683716,121699,0.0,0.0
2024-03-20 15:30:00-04:00,2.069999933242798,2.119999885559082,2.059999942779541,2.0999999046325684,217242,0.0,0.0
2024-03-21 09:30:00-04:00,2.0999999046325684,2.2007999420166016,2.0799999237060547,2.1449999809265137,113905,0.0,0.0
2024-03-21 10:30:00-04:00,2.13919997215271,2.2300000190734863,2.109999895095825,2.174999952316284,270468,0.0,0.0
2024-03-21 11:30:00-04:00,2.1700000762939453,2.2507998943328857,2.160799980163574,2.240000009536743,200059,0.0,0.0
2024-03-21 12:30:00-04:00,2.240000009536743,2.2899999618530273,2.2149999141693115,2.2699999809265137,146846,0.0,0.0
2024-03-21 13:30:00-04:00,2.259999990463257,2.2699999809265137,2.2100000381469727,2.2699999809265137,99550,0.0,0.0
2024-03-21 14:30:00-04:00,2.2699999809265137,2.384999990463257,2.244999885559082,2.369499921798706,281025,0.0,0.0
2024-03-21 15:30:00-04:00,2.3606998920440674,2.3949999809265137,2.2799999713897705,2.2899999618530273,381403,0.0,0.0
2024-03-22 09:30:00-04:00,1.9700000286102295,2.009999990463257,1.5700000524520874,1.589900016784668,1731506,0.0,0.0
2024-03-22 10:30:00-04:00,1.587499976158142,1.6699999570846558,1.5199999809265137,1.6593999862670898,862910,0.0,0.0
2024-03-22 11:30:00-04:00,1.6593999862670898,1.7200000286102295,1.625,1.7197999954223633,396385,0.0,0.0
2024-03-22 12:30:00-04:00,1.725000023841858,1.75,1.6201000213623047,1.7050000429153442,469359,0.0,0.0
2024-03-22 13:30:00-04:00,1.7050000429153442,1.7410000562667847,1.6299999952316284,1.6325000524520874,230108,0.0,0.0
2024-03-22 14:30:00-04:00,1.6374000310897827,1.649899959564209,1.6200000047683716,1.6200000047683716,166805,0.0,0.0
2024-03-22 15:30:00-04:00,1.620300054550171,1.620300054550171,1.600000023841858,1.6100000143051147,251295,0.0,0.0
2024-03-25 09:30:00-04:00,1.6399999856948853,1.690000057220459,1.5,1.5399999618530273,560255,0.0,0.0
2024-03-25 10:30:00-04:00,1.5399999618530273,1.5499999523162842,1.5149999856948853,1.5399999618530273,76962,0.0,0.0
2024-03-25 11:30:00-04:00,1.539199948310852,1.5999000072479248,1.5305999517440796,1.5999000072479248,95334,0.0,0.0
2024-03-25 12:30:00-04:00,1.5999000072479248,1.600000023841858,1.530500054359436,1.534999966621399,141124,0.0,0.0
2024-03-25 13:30:00-04:00,1.5393999814987183,1.5399999618530273,1.5300999879837036,1.534999966621399,52524,0.0,0.0
2024-03-25 14:30:00-04:00,1.5393999814987183,1.5394999980926514,1.3799999952316284,1.4088000059127808,729452,0.0,0.0
2024-03-25 15:30:00-04:00,1.4049999713897705,1.590000033378601,1.3899999856948853,1.429800033569336,315747,0.0,0.0
2024-03-26 09:30:00-04:00,1.4700000286102295,1.5700000524520874,1.4600000381469727,1.4996999502182007,276116,0.0,0.0
2024-03-26 10:30:00-04:00,1.492400050163269,1.492400050163269,1.434999942779541,1.4494999647140503,200622,0.0,0.0
2024-03-26 11:30:00-04:00,1.440500020980835,1.4700000286102295,1.409999966621399,1.4599000215530396,188612,0.0,0.0
2024-03-26 12:30:00-04:00,1.4594999551773071,1.4594999551773071,1.4249000549316406,1.4469000101089478,83070,0.0,0.0
2024-03-26 13:30:00-04:00,1.4479999542236328,1.4499000310897827,1.4200999736785889,1.438599944114685,79891,0.0,0.0
2024-03-26 14:30:00-04:00,1.434999942779541,1.434999942779541,1.409999966621399,1.4149999618530273,42689,0.0,0.0
2024-03-26 15:30:00-04:00,1.4149999618530273,1.4199999570846558,1.409999966621399,1.4149999618530273,84789,0.0,0.0
2024-03-27 09:30:00-04:00,1.4149999618530273,1.4199999570846558,1.280400037765503,1.309999942779541,472967,0.0,0.0
2024-03-27 10:30:00-04:00,1.309999942779541,1.3600000143051147,1.2999999523162842,1.3100999593734741,185277,0.0,0.0
2024-03-27 11:30:00-04:00,1.3194999694824219,1.399999976158142,1.2999999523162842,1.3949999809265137,146230,0.0,0.0
2024-03-27 12:30:00-04:00,1.3904999494552612,1.409999966621399,1.3700000047683716,1.3899999856948853,56782,0.0,0.0
2024-03-27 13:30:00-04:00,1.3809000253677368,1.3898999691009521,1.340000033378601,1.3695000410079956,101784,0.0,0.0
2024-03-27 14:30:00-04:00,1.3639999628067017,1.3899999856948853,1.3600000143051147,1.3799999952316284,54607,0.0,0.0
2024-03-27 15:30:00-04:00,1.3799999952316284,1.399999976158142,1.3799999952316284,1.3899999856948853,64688,0.0,0.0
2024-03-28 09:30:00-04:00,1.3899999856948853,1.5793999433517456,1.3899999856948853,1.4700000286102295,471411,0.0,0.0
2024-03-28 10:30:00-04:00,1.4795000553131104,1.4800000190734863,1.4505000114440918,1.4700000286102295,52625,0.0,0.0
2024-03-28 11:30:00-04:00,1.465000033378601,1.5195000171661377,1.4500000476837158,1.5195000171661377,130697,0.0,0.0
2024-03-28 12:30:00-04:00,1.5149999856948853,1.5199999809265137,1.4600000381469727,1.4600000381469727,55939,0.0,0.0
2024-03-28 13:30:00-04:00,1.4605000019073486,1.4900000095367432,1.4600000381469727,1.4700000286102295,45520,0.0,0.0
2024-03-28 14:30:00-04:00,1.4500999450683594,1.4700000286102295,1.4500000476837158,1.4500000476837158,59620,0.0,0.0
2024-03-28 15:30:00-04:00,1.4550000429153442,1.48989999294281,1.4500000476837158,1.4800000190734863,139740,0.0,0.0
2024-04-01 09:30:00-04:00,1.600000023841858,1.600000023841858,1.4305000305175781,1.4494999647140503,267936,0.0,0.0
2024-04-01 10:30:00-04:00,1.4299999475479126,1.4600000381469727,1.3899999856948853,1.4098999500274658,225290,0.0,0.0
2024-04-01 11:30:00-04:00,1.4149999618530273,1.419700026512146,1.3799999952316284,1.3849999904632568,105812,0.0,0.0
2024-04-01 12:30:00-04:00,1.3849999904632568,1.409999966621399,1.3799999952316284,1.4049999713897705,66282,0.0,0.0
2024-04-01 13:30:00-04:00,1.4049999713897705,1.4700000286102295,1.399999976158142,1.4049999713897705,230878,0.0,0.0
2024-04-01 14:30:00-04:00,1.4049999713897705,1.4098999500274658,1.399999976158142,1.399999976158142,76299,0.0,0.0
2024-04-01 15:30:00-04:00,1.399999976158142,1.409999966621399,1.3799999952316284,1.3899999856948853,110841,0.0,0.0
2024-04-02 09:30:00-04:00,1.3200000524520874,1.3450000286102295,1.2800999879837036,1.340000033378601,326448,0.0,0.0
2024-04-02 10:30:00-04:00,1.350000023841858,1.3899999856948853,1.3350000381469727,1.3899999856948853,66666,0.0,0.0
2024-04-02 11:30:00-04:00,1.3990000486373901,1.399899959564209,1.3600000143051147,1.375,104114,0.0,0.0
2024-04-02 12:30:00-04:00,1.3798999786376953,1.399999976158142,1.3700000047683716,1.3700000047683716,62204,0.0,0.0
2024-04-02 13:30:00-04:00,1.3700000047683716,1.409999966621399,1.3600000143051147,1.409999966621399,50919,0.0,0.0
2024-04-02 14:30:00-04:00,1.409500002861023,1.4097000360488892,1.3700000047683716,1.399999976158142,112443,0.0,0.0
2024-04-02 15:30:00-04:00,1.399999976158142,1.440000057220459,1.3949999809265137,1.440000057220459,143959,0.0,0.0
2024-04-03 09:30:00-04:00,1.409999966621399,1.4700000286102295,1.3600000143051147,1.4493000507354736,140808,0.0,0.0
2024-04-03 10:30:00-04:00,1.4450000524520874,1.5199999809265137,1.440000057220459,1.5199999809265137,118190,0.0,0.0
2024-04-03 11:30:00-04:00,1.5099999904632568,1.5099999904632568,1.4601000547409058,1.4900000095367432,47583,0.0,0.0
2024-04-03 12:30:00-04:00,1.4900000095367432,1.4900000095367432,1.440000057220459,1.4505000114440918,49610,0.0,0.0
2024-04-03 13:30:00-04:00,1.4579999446868896,1.5,1.4550000429153442,1.4950000047683716,61996,0.0,0.0
2024-04-03 14:30:00-04:00,1.4950000047683716,1.5099999904632568,1.4500000476837158,1.465000033378601,80405,0.0,0.0
2024-04-03 15:30:00-04:00,1.469499945640564,1.4700000286102295,1.4500000476837158,1.4500000476837158,83195,0.0,0.0
2024-04-04 09:30:00-04:00,1.5,1.5299999713897705,1.4700000286102295,1.5049999952316284,145158,0.0,0.0
2024-04-04 10:30:00-04:00,1.5095000267028809,1.5700000524520874,1.5,1.565000057220459,109388,0.0,0.0
2024-04-04 11:30:00-04:00,1.5609999895095825,1.6200000047683716,1.5399999618530273,1.5750000476837158,173800,0.0,0.0
2024-04-04 12:30:00-04:00,1.5700000524520874,1.5800000429153442,1.534999966621399,1.5407999753952026,60733,0.0,0.0
2024-04-04 13:30:00-04:00,1.5499999523162842,1.5700000524520874,1.5199999809265137,1.5199999809265137,42892,0.0,0.0
2024-04-04 14:30:00-04:00,1.5199999809265137,1.5199999809265137,1.4699000120162964,1.4699000120162964,84420,0.0,0.0
2024-04-04 15:30:00-04:00,1.465000033378601,1.4700000286102295,1.4500000476837158,1.4600000381469727,79121,0.0,0.0
2024-04-05 09:30:00-04:00,1.4700000286102295,1.5095000267028809,1.4286999702453613,1.4900000095367432,110287,0.0,0.0
2024-04-05 10:30:00-04:00,1.475000023841858,1.6699999570846558,1.475000023841858,1.6405999660491943,515782,0.0,0.0
2024-04-05 11:30:00-04:00,1.6492999792099,1.7300000190734863,1.559999942779541,1.590000033378601,793538,0.0,0.0
2024-04-05 12:30:00-04:00,1.5800000429153442,1.5800000429153442,1.4900000095367432,1.559999942779541,346660,0.0,0.0
2024-04-05 13:30:00-04:00,1.5499999523162842,1.5499999523162842,1.51010000705719,1.5199999809265137,90079,0.0,0.0
2024-04-05 14:30:00-04:00,1.5104999542236328,1.5393999814987183,1.5099999904632568,1.534999966621399,82690,0.0,0.0
2024-04-05 15:30:00-04:00,1.534999966621399,1.5700000524520874,1.5199999809265137,1.5399999618530273,143161,0.0,0.0
2024-04-08 09:30:00-04:00,1.5800000429153442,1.600000023841858,1.4700000286102295,1.5,215537,0.0,0.0
2024-04-08 10:30:00-04:00,1.4901000261306763,1.5099999904632568,1.4500000476837158,1.500499963760376,39245,0.0,0.0
2024-04-08 11:30:00-04:00,1.5099999904632568,1.510200023651123,1.5,1.5,18580,0.0,0.0
2024-04-08 12:30:00-04:00,1.5098999738693237,1.5199999809265137,1.4901000261306763,1.5,37126,0.0,0.0
2024-04-08 13:30:00-04:00,1.5049999952316284,1.590000033378601,1.5049999952316284,1.5850000381469727,55776,0.0,0.0
2024-04-08 14:30:00-04:00,1.5850000381469727,1.590000033378601,1.5,1.5095000267028809,74577,0.0,0.0
2024-04-08 15:30:00-04:00,1.5049999952316284,1.5399999618530273,1.5049999952316284,1.5199999809265137,49629,0.0,0.0
2024-04-09 09:30:00-04:00,1.5199999809265137,1.6294000148773193,1.5199999809265137,1.6105999946594238,113721,0.0,0.0
2024-04-09 10:30:00-04:00,1.6100000143051147,1.649999976158142,1.590000033378601,1.6294000148773193,122088,0.0,0.0
2024-04-09 11:30:00-04:00,1.6200000047683716,1.690000057220459,1.6050000190734863,1.6349999904632568,191799,0.0,0.0
2024-04-09 12:30:00-04:00,1.6305999755859375,1.6601999998092651,1.6299999952316284,1.6591999530792236,41477,0.0,0.0
2024-04-09 13:30:00-04:00,1.659999966621399,1.659999966621399,1.5700000524520874,1.5750000476837158,82890,0.0,0.0
2024-04-09 14:30:00-04:00,1.5700000524520874,1.5800000429153442,1.5549999475479126,1.5794999599456787,45890,0.0,0.0
2024-04-09 15:30:00-04:00,1.5750000476837158,1.6100000143051147,1.565000057220459,1.600000023841858,99927,0.0,0.0
2024-04-10 09:30:00-04:00,1.6799999475479126,1.6799999475479126,1.500499963760376,1.5399999618530273,73362,0.0,0.0
2024-04-10 10:30:00-04:00,1.5497000217437744,1.5597000122070312,1.5199999809265137,1.5299999713897705,31328,0.0,0.0
2024-04-10 11:30:00-04:00,1.5295000076293945,1.5800000429153442,1.5199999809265137,1.569200038909912,39482,0.0,0.0
2024-04-10 12:30:00-04:00,1.563099980354309,1.6100000143051147,1.563099980354309,1.6050000190734863,40926,0.0,0.0
2024-04-10 13:30:00-04:00,1.5994000434875488,1.6699999570846558,1.590000033378601,1.6100000143051147,115251,0.0,0.0
2024-04-10 14:30:00-04:00,1.600000023841858,1.649999976158142,1.600000023841858,1.6401000022888184,50889,0.0,0.0
2024-04-10 15:30:00-04:00,1.649999976158142,1.7799999713897705,1.6399999856948853,1.748900055885315,298871,0.0,0.0
2024-04-11 09:30:00-04:00,1.7200000286102295,1.8997999429702759,1.6699999570846558,1.6792999505996704,322794,0.0,0.0
2024-04-11 10:30:00-04:00,1.6749999523162842,1.684999942779541,1.6200000047683716,1.6549999713897705,107028,0.0,0.0
2024-04-11 11:30:00-04:00,1.6549999713897705,1.7050000429153442,1.649999976158142,1.6699999570846558,55737,0.0,0.0
2024-04-11 12:30:00-04:00,1.6799999475479126,1.7999999523162842,1.6749999523162842,1.7972999811172485,101133,0.0,0.0
2024-04-11 13:30:00-04:00,1.7999999523162842,1.8179999589920044,1.7799999713897705,1.8049999475479126,87754,0.0,0.0
2024-04-11 14:30:00-04:00,1.8009999990463257,1.8693000078201294,1.7800999879837036,1.840000033378601,153585,0.0,0.0
2024-04-11 15:30:00-04:00,1.840000033378601,1.9498000144958496,1.840000033378601,1.940000057220459,241630,0.0,0.0
2024-04-12 09:30:00-04:00,1.9500000476837158,1.9500000476837158,1.8199000358581543,1.840000033378601,88540,0.0,0.0
2024-04-12 10:30:00-04:00,1.8300000429153442,1.9900000095367432,1.7941999435424805,1.940000057220459,170697,0.0,0.0
2024-04-12 11:30:00-04:00,1.9306999444961548,2.1496999263763428,1.920300006866455,2.109999895095825,340907,0.0,0.0
2024-04-12 12:30:00-04:00,2.100800037384033,2.1201000213623047,2.0,2.000699996948242,151317,0.0,0.0
2024-04-12 13:30:00-04:00,2.000699996948242,2.0899999141693115,1.9500000476837158,2.076200008392334,135549,0.0,0.0
2024-04-12 14:30:00-04:00,2.0792999267578125,2.1500000953674316,2.0350000858306885,2.1050000190734863,153870,0.0,0.0
2024-04-12 15:30:00-04:00,2.1050000190734863,2.680000066757202,2.100800037384033,2.2200000286102295,669138,0.0,0.0
2024-04-15 09:30:00-04:00,2.319999933242798,2.440000057220459,1.8407000303268433,1.8593000173568726,1123655,0.0,0.0
2024-04-15 10:30:00-04:00,1.8590999841690063,2.029900074005127,1.8590999841690063,1.9407000541687012,200048,0.0,0.0
2024-04-15 11:30:00-04:00,1.940999984741211,2.0350000858306885,1.9103000164031982,2.0350000858306885,107978,0.0,0.0
2024-04-15 12:30:00-04:00,2.039299964904785,2.180000066757202,2.0306999683380127,2.1050000190734863,203135,0.0,0.0
2024-04-15 13:30:00-04:00,2.1050000190734863,2.2339999675750732,2.1017000675201416,2.194999933242798,251795,0.0,0.0
2024-04-15 14:30:00-04:00,2.200000047683716,2.240000009536743,2.0799999237060547,2.0850000381469727,218786,0.0,0.0
2024-04-15 15:30:00-04:00,2.0850000381469727,2.2100000381469727,2.0799999237060547,2.209700107574463,224568,0.0,0.0
2024-04-16 09:30:00-04:00,2.109999895095825,2.1398000717163086,1.9600000381469727,2.129199981689453,193222,0.0,0.0
2024-04-16 10:30:00-04:00,2.119999885559082,2.1500000953674316,2.0850000381469727,2.1391000747680664,97280,0.0,0.0
2024-04-16 11:30:00-04:00,2.131999969482422,2.180000066757202,2.1050000190734863,2.134999990463257,81534,0.0,0.0
2024-04-16 12:30:00-04:00,2.134999990463257,2.2200000286102295,2.130000114440918,2.194999933242798,112540,0.0,0.0
2024-04-16 13:30:00-04:00,2.180000066757202,2.2007999420166016,2.140000104904175,2.1449999809265137,140400,0.0,0.0
2024-04-16 14:30:00-04:00,2.140700101852417,2.1700000762939453,2.049999952316284,2.055000066757202,161118,0.0,0.0
2024-04-16 15:30:00-04:00,2.055000066757202,2.079400062561035,1.9800000190734863,2.0299999713897705,175569,0.0,0.0
2024-04-17 09:30:00-04:00,2.0,2.1700000762939453,1.9600000381469727,2.000699996948242,183990,0.0,0.0
2024-04-17 10:30:00-04:00,2.000699996948242,2.0799999237060547,1.9607000350952148,2.049299955368042,70877,0.0,0.0
2024-04-17 11:30:00-04:00,2.0692999362945557,2.125,2.0399999618530273,2.0692999362945557,111282,0.0,0.0
2024-04-17 12:30:00-04:00,2.060699939727783,2.2200000286102295,2.059999942779541,2.2100000381469727,273881,0.0,0.0
2024-04-17 13:30:00-04:00,2.2200000286102295,2.2499001026153564,2.180000066757202,2.234999895095825,189931,0.0,0.0
2024-04-17 14:30:00-04:00,2.240000009536743,2.3350000381469727,2.240000009536743,2.280100107192993,210995,0.0,0.0
2024-04-17 15:30:00-04:00,2.2850000858306885,2.450000047683716,2.2850000858306885,2.380000114440918,457668,0.0,0.0
2024-04-18 09:30:00-04:00,2.380000114440918,2.5250000953674316,2.2899999618530273,2.4800000190734863,382806,0.0,0.0
2024-04-18 10:30:00-04:00,2.4820001125335693,2.484999895095825,2.365000009536743,2.365000009536743,143967,0.0,0.0
2024-04-18 11:30:00-04:00,2.36080002784729,2.4209001064300537,2.3450000286102295,2.380000114440918,60555,0.0,0.0
2024-04-18 12:30:00-04:00,2.369999885559082,2.369999885559082,2.244999885559082,2.2750000953674316,145087,0.0,0.0
2024-04-18 13:30:00-04:00,2.2799999713897705,2.2992000579833984,2.200000047683716,2.259999990463257,126714,0.0,0.0
2024-04-18 14:30:00-04:00,2.259999990463257,2.3299999237060547,2.255000114440918,2.319999933242798,68199,0.0,0.0
2024-04-18 15:30:00-04:00,2.3350000381469727,2.3350000381469727,2.244999885559082,2.299999952316284,178674,0.0,0.0
2024-04-19 09:30:00-04:00,2.259999990463257,2.3450000286102295,2.2200000286102295,2.259999990463257,120761,0.0,0.0
2024-04-19 10:30:00-04:00,2.2750000953674316,2.359999895095825,2.259999990463257,2.319999933242798,62125,0.0,0.0
2024-04-19 11:30:00-04:00,2.325000047683716,2.3499999046325684,2.220099925994873,2.220099925994873,106529,0.0,0.0
2024-04-19 12:30:00-04:00,2.2200000286102295,2.2300000190734863,2.0506999492645264,2.090100049972534,211997,0.0,0.0
2024-04-19 13:30:00-04:00,2.0950000286102295,2.140000104904175,1.9950000047683716,2.0069000720977783,164264,0.0,0.0
2024-04-19 14:30:00-04:00,2.0,2.0192999839782715,1.899999976158142,1.9500000476837158,265550,0.0,0.0
2024-04-19 15:30:00-04:00,1.9479999542236328,1.9600000381469727,1.899999976158142,1.9500000476837158,150223,0.0,0.0
2024-04-22 09:30:00-04:00,1.940000057220459,2.0,1.875,1.934999942779541,134392,0.0,0.0
2024-04-22 10:30:00-04:00,1.9299999475479126,1.975000023841858,1.9299999475479126,1.937000036239624,36273,0.0,0.0
2024-04-22 11:30:00-04:00,1.940000057220459,1.9600000381469727,1.8550000190734863,1.875,110879,0.0,0.0
2024-04-22 12:30:00-04:00,1.875,1.8799999952316284,1.8107000589370728,1.8697999715805054,77948,0.0,0.0
2024-04-22 13:30:00-04:00,1.8650000095367432,1.9049999713897705,1.840000033378601,1.902500033378601,42493,0.0,0.0
2024-04-22 14:30:00-04:00,1.9049999713897705,1.9500000476837158,1.899999976158142,1.9299999475479126,55355,0.0,0.0
2024-04-22 15:30:00-04:00,1.9299999475479126,1.9600000381469727,1.9299999475479126,1.9500000476837158,61049,0.0,0.0
2024-04-23 09:30:00-04:00,1.940000057220459,2.1106998920440674,1.940000057220459,2.0350000858306885,237833,0.0,0.0
2024-04-23 10:30:00-04:00,2.0350000858306885,2.0799999237060547,2.009999990463257,2.059999942779541,49397,0.0,0.0
2024-04-23 11:30:00-04:00,2.059999942779541,2.059999942779541,1.9900000095367432,2.0292999744415283,50339,0.0,0.0
2024-04-23 12:30:00-04:00,2.039900064468384,2.109999895095825,2.0350000858306885,2.1050000190734863,89892,0.0,0.0
2024-04-23 13:30:00-04:00,2.0999999046325684,2.1700000762939453,2.0799999237060547,2.1600000858306885,94379,0.0,0.0
2024-04-23 14:30:00-04:00,2.1500000953674316,2.2200000286102295,2.119999885559082,2.1500000953674316,141372,0.0,0.0
2024-04-23 15:30:00-04:00,2.149199962615967,2.180000066757202,2.140000104904175,2.1500000953674316,126170,0.0,0.0
2024-04-24 09:30:00-04:00,2.130000114440918,2.169300079345703,2.0250000953674316,2.059999942779541,81702,0.0,0.0
2024-04-24 10:30:00-04:00,2.055000066757202,2.069999933242798,2.049999952316284,2.0689001083374023,20949,0.0,0.0
2024-04-24 11:30:00-04:00,2.060699939727783,2.065000057220459,2.010200023651123,2.049299955368042,22776,0.0,0.0
2024-04-24 12:30:00-04:00,2.0399999618530273,2.069999933242798,1.9700000286102295,1.975000023841858,75361,0.0,0.0
2024-04-24 13:30:00-04:00,1.9752999544143677,1.9800000190734863,1.9500000476837158,1.9550000429153442,34210,0.0,0.0
2024-04-24 14:30:00-04:00,1.950700044631958,1.9900000095367432,1.940000057220459,1.9807000160217285,42482,0.0,0.0
2024-04-24 15:30:00-04:00,1.9850000143051147,1.9900000095367432,1.9600000381469727,1.9600000381469727,35364,0.0,0.0
2024-04-25 09:30:00-04:00,1.9199999570846558,2.0,1.9199999570846558,1.9700000286102295,65554,0.0,0.0
2024-04-25 10:30:00-04:00,1.9693000316619873,2.0,1.9693000316619873,1.9800000190734863,31861,0.0,0.0
2024-04-25 11:30:00-04:00,1.9700000286102295,1.9900000095367432,1.9299999475479126,1.9900000095367432,73777,0.0,0.0
2024-04-25 12:30:00-04:00,1.9900000095367432,2.009999990463257,1.9700000286102295,1.9850000143051147,28319,0.0,0.0
2024-04-25 13:30:00-04:00,1.9800000190734863,2.0399999618530273,1.9800000190734863,2.009999990463257,29599,0.0,0.0
2024-04-25 14:30:00-04:00,2.005000114440918,2.055000066757202,1.9850000143051147,2.0399999618530273,65767,0.0,0.0
2024-04-25 15:30:00-04:00,2.0350000858306885,2.059999942779541,2.0250000953674316,2.049999952316284,67882,0.0,0.0
2024-04-26 09:30:00-04:00,2.059999942779541,2.25,2.0199999809265137,2.2049999237060547,229279,0.0,0.0
2024-04-26 10:30:00-04:00,2.2100000381469727,2.25,2.0601000785827637,2.0694000720977783,120575,0.0,0.0
2024-04-26 11:30:00-04:00,2.0697999000549316,2.083699941635132,2.015000104904175,2.075000047683716,62844,0.0,0.0
2024-04-26 12:30:00-04:00,2.071000099182129,2.140000104904175,2.069999933242798,2.130000114440918,43739,0.0,0.0
2024-04-26 13:30:00-04:00,2.130000114440918,2.1549999713897705,2.119999885559082,2.125,28584,0.0,0.0
2024-04-26 14:30:00-04:00,2.125,2.1691999435424805,2.1050000190734863,2.1500000953674316,71666,0.0,0.0
2024-04-26 15:30:00-04:00,2.1449999809265137,2.1598000526428223,2.119999885559082,2.125,134310,0.0,0.0
2024-04-29 09:30:00-04:00,2.0999999046325684,2.4049999713897705,2.0999999046325684,2.3308000564575195,257460,0.0,0.0
2024-04-29 10:30:00-04:00,2.3308000564575195,2.4000000953674316,2.259999990463257,2.281399965286255,227224,0.0,0.0
2024-04-29 11:30:00-04:00,2.2799999713897705,2.305000066757202,2.240000009536743,2.259999990463257,51721,0.0,0.0
2024-04-29 12:30:00-04:00,2.259999990463257,2.2699999809265137,2.1900999546051025,2.199899911880493,53926,0.0,0.0
2024-04-29 13:30:00-04:00,2.190000057220459,2.2300000190734863,2.180000066757202,2.2149999141693115,65605,0.0,0.0
2024-04-29 14:30:00-04:00,2.219899892807007,2.2850000858306885,2.219899892807007,2.2799999713897705,58384,0.0,0.0
2024-04-29 15:30:00-04:00,2.2899999618530273,2.3450000286102295,2.2899999618530273,2.3399999141693115,91967,0.0,0.0
2024-04-30 09:30:00-04:00,2.319999933242798,2.4700000286102295,2.2750000953674316,2.2950000762939453,196508,0.0,0.0
2024-04-30 10:30:00-04:00,2.269200086593628,2.269200086593628,2.210099935531616,2.2558999061584473,46573,0.0,0.0
2024-04-30 11:30:00-04:00,2.255000114440918,2.3499999046325684,2.255000114440918,2.315000057220459,46061,0.0,0.0
2024-04-30 12:30:00-04:00,2.315000057220459,2.4149999618530273,2.309999942779541,2.3791000843048096,62534,0.0,0.0
2024-04-30 13:30:00-04:00,2.3791000843048096,2.3791000843048096,2.309999942779541,2.3399999141693115,47381,0.0,0.0
2024-04-30 14:30:00-04:00,2.3450000286102295,2.361999988555908,2.3399999141693115,2.350800037384033,27448,0.0,0.0
2024-04-30 15:30:00-04:00,2.359999895095825,2.434999942779541,2.3508999347686768,2.4200000762939453,88635,0.0,0.0
2024-05-01 09:30:00-04:00,2.200000047683716,2.3499999046325684,2.200000047683716,2.2699999809265137,152995,0.0,0.0
2024-05-01 10:30:00-04:00,2.2672998905181885,2.2850000858306885,2.2300000190734863,2.2507998943328857,26443,0.0,0.0
2024-05-01 11:30:00-04:00,2.2583000659942627,2.319999933242798,2.255000114440918,2.309999942779541,39899,0.0,0.0
2024-05-01 12:30:00-04:00,2.309999942779541,2.3299999237060547,2.2950000762939453,2.325000047683716,27309,0.0,0.0
2024-05-01 13:30:00-04:00,2.3289999961853027,2.4210000038146973,2.299999952316284,2.4007999897003174,81445,0.0,0.0
2024-05-01 14:30:00-04:00,2.4000000953674316,2.5220000743865967,2.384999990463257,2.4800000190734863,225603,0.0,0.0
2024-05-01 15:30:00-04:00,2.4700000286102295,2.490000009536743,2.440000057220459,2.4549999237060547,62741,0.0,0.0
2024-05-02 09:30:00-04:00,2.450000047683716,2.5206000804901123,2.4000000953674316,2.5206000804901123,68123,0.0,0.0
2024-05-02 10:30:00-04:00,2.520900011062622,2.549999952316284,2.424999952316284,2.4593000411987305,83072,0.0,0.0
2024-05-02 11:30:00-04:00,2.450000047683716,2.515000104904175,2.444999933242798,2.4749999046325684,65292,0.0,0.0
2024-05-02 12:30:00-04:00,2.4700000286102295,2.555000066757202,2.440000057220459,2.549999952316284,62661,0.0,0.0
2024-05-02 13:30:00-04:00,2.569999933242798,2.5999999046325684,2.55049991607666,2.575000047683716,103154,0.0,0.0
2024-05-02 14:30:00-04:00,2.575000047683716,2.5999999046325684,2.5399999618530273,2.555000066757202,93304,0.0,0.0
2024-05-02 15:30:00-04:00,2.549999952316284,2.5999999046325684,2.5299999713897705,2.575000047683716,91230,0.0,0.0
2024-05-03 09:30:00-04:00,2.6700000762939453,2.7488999366760254,2.580899953842163,2.5850000381469727,138088,0.0,0.0
2024-05-03 10:30:00-04:00,2.615000009536743,2.674999952316284,2.6008999347686768,2.609999895095825,78820,0.0,0.0
2024-05-03 11:30:00-04:00,2.6108999252319336,2.6500000953674316,2.5850000381469727,2.5850000381469727,28273,0.0,0.0
2024-05-03 12:30:00-04:00,2.5799999237060547,2.5799999237060547,2.505000114440918,2.5199999809265137,49908,0.0,0.0
2024-05-03 13:30:00-04:00,2.528899908065796,2.5590999126434326,2.5250000953674316,2.5590999126434326,21975,0.0,0.0
2024-05-03 14:30:00-04:00,2.555000066757202,2.569999933242798,2.5,2.5350000858306885,46064,0.0,0.0
2024-05-03 15:30:00-04:00,2.5399999618530273,2.549999952316284,2.505000114440918,2.5399999618530273,77312,0.0,0.0
2024-05-06 09:30:00-04:00,2.559999942779541,2.671999931335449,2.559999942779541,2.6491000652313232,117794,0.0,0.0
2024-05-06 10:30:00-04:00,2.6600000858306885,2.708199977874756,2.5299999713897705,2.7049999237060547,93001,0.0,0.0
2024-05-06 11:30:00-04:00,2.70989990234375,2.7149999141693115,2.6410000324249268,2.690000057220459,109158,0.0,0.0
2024-05-06 12:30:00-04:00,2.692500114440918,2.8587000370025635,2.690000057220459,2.7899999618530273,173612,0.0,0.0
2024-05-06 13:30:00-04:00,2.7950000762939453,2.869999885559082,2.789900064468384,2.86899995803833,133767,0.0,0.0
2024-05-06 14:30:00-04:00,2.860300064086914,2.869999885559082,2.7899999618530273,2.8299999237060547,136949,0.0,0.0
2024-05-06 15:30:00-04:00,2.8399999141693115,2.884500026702881,2.819999933242798,2.859999895095825,142755,0.0,0.0
2024-05-07 09:30:00-04:00,2.880000114440918,3.0,2.750699996948242,2.890000104904175,258885,0.0,0.0
2024-05-07 10:30:00-04:00,2.890000104904175,2.890000104904175,2.59089994430542,2.6500000953674316,351491,0.0,0.0
2024-05-07 11:30:00-04:00,2.6500000953674316,2.680000066757202,2.5899999141693115,2.638000011444092,190646,0.0,0.0
2024-05-07 12:30:00-04:00,2.640000104904175,2.680000066757202,2.549999952316284,2.6700000762939453,108552,0.0,0.0
2024-05-07 13:30:00-04:00,2.680000066757202,2.7850000858306885,2.6649999618530273,2.7423999309539795,93647,0.0,0.0
2024-05-07 14:30:00-04:00,2.759999990463257,2.7899999618530273,2.720099925994873,2.7809998989105225,63041,0.0,0.0
2024-05-07 15:30:00-04:00,2.7850000858306885,2.7899999618530273,2.740000009536743,2.75,69598,0.0,0.0
2024-05-08 09:30:00-04:00,2.640000104904175,2.65910005569458,2.5399999618530273,2.5790998935699463,143631,0.0,0.0
2024-05-08 10:30:00-04:00,2.575000047683716,2.6449999809265137,2.549999952316284,2.630000114440918,61883,0.0,0.0
2024-05-08 11:30:00-04:00,2.619999885559082,2.650099992752075,2.5999999046325684,2.615000009536743,77443,0.0,0.0
2024-05-08 12:30:00-04:00,2.615000009536743,2.62719988822937,2.5950000286102295,2.5999999046325684,25282,0.0,0.0
2024-05-08 13:30:00-04:00,2.5899999141693115,2.609999895095825,2.5501999855041504,2.5950000286102295,28639,0.0,0.0
2024-05-08 14:30:00-04:00,2.5899999141693115,2.599900007247925,2.555000066757202,2.565000057220459,44227,0.0,0.0
2024-05-08 15:30:00-04:00,2.5601999759674072,2.56030011177063,2.505000114440918,2.509200096130371,68327,0.0,0.0
2024-05-09 09:30:00-04:00,2.5,2.515700101852417,2.359999895095825,2.4600000381469727,91306,0.0,0.0
2024-05-09 10:30:00-04:00,2.461699962615967,2.4990999698638916,2.450000047683716,2.494999885559082,37779,0.0,0.0
2024-05-09 11:30:00-04:00,2.494999885559082,2.509999990463257,2.4649999141693115,2.509999990463257,21405,0.0,0.0
2024-05-09 12:30:00-04:00,2.515000104904175,2.539099931716919,2.4700000286102295,2.4749999046325684,32627,0.0,0.0
2024-05-09 13:30:00-04:00,2.479099988937378,2.5450000762939453,2.4700000286102295,2.505000114440918,82684,0.0,0.0
2024-05-09 14:30:00-04:00,2.505000114440918,2.509999990463257,2.4649999141693115,2.5,112207,0.0,0.0
2024-05-09 15:30:00-04:00,2.490000009536743,2.494999885559082,2.3299999237060547,2.3299999237060547,111726,0.0,0.0
2024-05-10 09:30:00-04:00,2.4100000858306885,2.4100000858306885,2.2799999713897705,2.3550000190734863,124828,0.0,0.0
2024-05-10 10:30:00-04:00,2.3550000190734863,2.3550000190734863,2.299999952316284,2.325000047683716,64035,0.0,0.0
2024-05-10 11:30:00-04:00,2.325000047683716,2.325000047683716,2.080199956893921,2.11080002784729,163856,0.0,0.0
2024-05-10 12:30:00-04:00,2.11929988861084,2.140000104904175,2.1050000190734863,2.130000114440918,74554,0.0,0.0
2024-05-10 13:30:00-04:00,2.139899969100952,2.190000057220459,2.134999990463257,2.1507999897003174,54079,0.0,0.0
2024-05-10 14:30:00-04:00,2.1600000858306885,2.2181999683380127,2.1549999713897705,2.184999942779541,57364,0.0,0.0
2024-05-10 15:30:00-04:00,2.184999942779541,2.1874001026153564,2.1700000762939453,2.1700000762939453,30655,0.0,0.0
2024-05-13 09:30:00-04:00,2.190000057220459,2.3550000190734863,2.1740000247955322,2.319999933242798,182787,0.0,0.0
2024-05-13 10:30:00-04:00,2.309999942779541,2.325000047683716,2.2049999237060547,2.2249999046325684,90242,0.0,0.0
2024-05-13 11:30:00-04:00,2.2249999046325684,2.2799999713897705,2.2249999046325684,2.2500998973846436,63876,0.0,0.0
2024-05-13 12:30:00-04:00,2.259999990463257,2.259999990463257,2.2100000381469727,2.2191998958587646,31798,0.0,0.0
2024-05-13 13:30:00-04:00,2.2107999324798584,2.2708001136779785,2.200000047683716,2.247299909591675,62603,0.0,0.0
2024-05-13 14:30:00-04:00,2.2486000061035156,2.259999990463257,2.2200000286102295,2.244999885559082,32338,0.0,0.0
2024-05-13 15:30:00-04:00,2.240000009536743,2.2437000274658203,2.2200000286102295,2.2200000286102295,36071,0.0,0.0
2024-05-14 09:30:00-04:00,2.359999895095825,2.8798999786376953,2.3499999046325684,2.515000104904175,1157549,0.0,0.0
2024-05-14 10:30:00-04:00,2.5199999809265137,2.634999990463257,2.450000047683716,2.619999885559082,255629,0.0,0.0
2024-05-14 11:30:00-04:00,2.621000051498413,2.656399965286255,2.5450000762939453,2.5799999237060547,160147,0.0,0.0
2024-05-14 12:30:00-04:00,2.5799999237060547,2.5850000381469727,2.4649999141693115,2.559999942779541,130601,0.0,0.0
2024-05-14 13:30:00-04:00,2.549999952316284,2.555000066757202,2.460099935531616,2.4800000190734863,78459,0.0,0.0
2024-05-14 14:30:00-04:00,2.4800000190734863,2.484999895095825,2.4200000762939453,2.450000047683716,132520,0.0,0.0
2024-05-14 15:30:00-04:00,2.4549999237060547,2.507999897003174,2.440000057220459,2.4700000286102295,173538,0.0,0.0
2024-05-15 09:30:00-04:00,2.5399999618530273,2.65910005569458,2.5299999713897705,2.5499000549316406,417108,0.0,0.0
2024-05-15 10:30:00-04:00,2.565000057220459,2.703900098800659,2.562000036239624,2.680000066757202,158417,0.0,0.0
2024-05-15 11:30:00-04:00,2.670099973678589,2.7290000915527344,2.640000104904175,2.690999984741211,111220,0.0,0.0
2024-05-15 12:30:00-04:00,2.7049999237060547,2.7049999237060547,2.6500000953674316,2.6600000858306885,52025,0.0,0.0
2024-05-15 13:30:00-04:00,2.674999952316284,2.690000057220459,2.625,2.6600000858306885,69947,0.0,0.0
2024-05-15 14:30:00-04:00,2.6500000953674316,2.6500000953674316,2.6050000190734863,2.609999895095825,81835,0.0,0.0
2024-05-15 15:30:00-04:00,2.6108999252319336,2.619999885559082,2.54010009765625,2.5899999141693115,92215,0.0,0.0
2024-05-16 09:30:00-04:00,2.619999885559082,2.700000047683716,2.4749999046325684,2.5199999809265137,176991,0.0,0.0
2024-05-16 10:30:00-04:00,2.5350000858306885,2.559999942779541,2.484999895095825,2.509999990463257,61420,0.0,0.0
2024-05-16 11:30:00-04:00,2.5109000205993652,2.515000104904175,2.4400999546051025,2.447499990463257,49431,0.0,0.0
2024-05-16 12:30:00-04:00,2.449899911880493,2.449899911880493,2.368000030517578,2.375,57216,0.0,0.0
2024-05-16 13:30:00-04:00,2.369999885559082,2.369999885559082,2.2899999618530273,2.3450000286102295,133068,0.0,0.0
2024-05-16 14:30:00-04:00,2.3410000801086426,2.440000057220459,2.299999952316284,2.3949999809265137,128025,0.0,0.0
2024-05-16 15:30:00-04:00,2.3949999809265137,2.4200000762939453,2.325000047683716,2.3450000286102295,83846,0.0,0.0
2024-05-17 09:30:00-04:00,2.359999895095825,2.4549999237060547,2.2699999809265137,2.450900077819824,119309,0.0,0.0
2024-05-17 10:30:00-04:00,2.4535000324249268,2.4690001010894775,2.384999990463257,2.4200000762939453,69230,0.0,0.0
2024-05-17 11:30:00-04:00,2.4209001064300537,2.430000066757202,2.2699999809265137,2.315000057220459,100192,0.0,0.0
2024-05-17 12:30:00-04:00,2.315000057220459,2.3208000659942627,2.2799999713897705,2.2850000858306885,60372,0.0,0.0
2024-05-17 13:30:00-04:00,2.2899999618530273,2.2899999618530273,2.200000047683716,2.239300012588501,92624,0.0,0.0
2024-05-17 14:30:00-04:00,2.234999895095825,2.244999885559082,2.2049999237060547,2.2149999141693115,55984,0.0,0.0
2024-05-17 15:30:00-04:00,2.2149999141693115,2.2300000190734863,2.200000047683716,2.2149999141693115,113858,0.0,0.0
2024-05-20 09:30:00-04:00,2.200000047683716,2.3499999046325684,2.150099992752075,2.305000066757202,260659,0.0,0.0
2024-05-20 10:30:00-04:00,2.305000066757202,2.3399999141693115,2.25,2.265000104904175,65421,0.0,0.0
2024-05-20 11:30:00-04:00,2.265000104904175,2.3299999237060547,2.255000114440918,2.319999933242798,107518,0.0,0.0
2024-05-20 12:30:00-04:00,2.315000057220459,2.3499999046325684,2.2985999584198,2.3350000381469727,50971,0.0,0.0
2024-05-20 13:30:00-04:00,2.3399999141693115,2.3499999046325684,2.2950000762939453,2.319700002670288,34000,0.0,0.0
2024-05-20 14:30:00-04:00,2.319999933242798,2.3299999237060547,2.299999952316284,2.319999933242798,36169,0.0,0.0
2024-05-20 15:30:00-04:00,2.325000047683716,2.3299999237060547,2.25,2.2699999809265137,130513,0.0,0.0
2024-05-21 09:30:00-04:00,2.259999990463257,2.2799999713897705,2.2200000286102295,2.2200000286102295,51006,0.0,0.0
2024-05-21 10:30:00-04:00,2.2200000286102295,2.259999990463257,2.1919000148773193,2.256700038909912,42145,0.0,0.0
2024-05-21 11:30:00-04:00,2.25,2.319999933242798,2.2100000381469727,2.2808001041412354,82829,0.0,0.0
2024-05-21 12:30:00-04:00,2.2808001041412354,2.315000057220459,2.2699999809265137,2.2750000953674316,38245,0.0,0.0
2024-05-21 13:30:00-04:00,2.2699999809265137,2.2699999809265137,2.240000009536743,2.243499994277954,7494,0.0,0.0
2024-05-21 14:30:00-04:00,2.259999990463257,2.319999933242798,2.25,2.2799999713897705,57895,0.0,0.0
2024-05-21 15:30:00-04:00,2.259999990463257,2.2699999809265137,2.240000009536743,2.265000104904175,31145,0.0,0.0
2024-05-22 09:30:00-04:00,2.2699999809265137,2.299999952316284,2.119999885559082,2.2950000762939453,191212,0.0,0.0
2024-05-22 10:30:00-04:00,2.290800094604492,2.319999933242798,2.119999885559082,2.2049999237060547,192272,0.0,0.0
2024-05-22 11:30:00-04:00,2.199199914932251,2.240000009536743,2.190000057220459,2.2049999237060547,46800,0.0,0.0
2024-05-22 12:30:00-04:00,2.2019999027252197,2.2019999027252197,2.1449999809265137,2.1500000953674316,57306,0.0,0.0
2024-05-22 13:30:00-04:00,2.1593000888824463,2.169800043106079,2.0999999046325684,2.130000114440918,88108,0.0,0.0
2024-05-22 14:30:00-04:00,2.109999895095825,2.190000057220459,2.109999895095825,2.134999990463257,88815,0.0,0.0
2024-05-22 15:30:00-04:00,2.1389999389648438,2.1600000858306885,2.119999885559082,2.140000104904175,95490,0.0,0.0
2024-05-23 09:30:00-04:00,2.140000104904175,2.140000104904175,2.0399999618530273,2.0450000762939453,98424,0.0,0.0
2024-05-23 10:30:00-04:00,2.0406999588012695,2.059999942779541,2.030100107192993,2.055000066757202,63459,0.0,0.0
2024-05-23 11:30:00-04:00,2.055000066757202,2.069999933242798,2.049999952316284,2.049999952316284,52937,0.0,0.0
2024-05-23 12:30:00-04:00,2.059000015258789,2.0599000453948975,1.9700000286102295,1.9775999784469604,181523,0.0,0.0
2024-05-23 13:30:00-04:00,1.9797999858856201,1.9900000095367432,1.9149999618530273,1.9300999641418457,134483,0.0,0.0
2024-05-23 14:30:00-04:00,1.9390000104904175,2.0399999618530273,1.9299999475479126,2.0399999618530273,85535,0.0,0.0
2024-05-23 15:30:00-04:00,2.0350000858306885,2.059999942779541,2.0199999809265137,2.055000066757202,85264,0.0,0.0
2024-05-24 09:30:00-04:00,2.0299999713897705,2.059999942779541,2.0,2.049999952316284,44055,0.0,0.0
2024-05-24 10:30:00-04:00,2.059999942779541,2.119999885559082,2.0399999618530273,2.0950000286102295,60418,0.0,0.0
2024-05-24 11:30:00-04:00,2.1050000190734863,2.1198999881744385,2.0250000953674316,2.0250000953674316,46721,0.0,0.0
2024-05-24 12:30:00-04:00,2.020900011062622,2.0299999713897705,2.009999990463257,2.0192999839782715,36091,0.0,0.0
2024-05-24 13:30:00-04:00,2.015000104904175,2.119999885559082,2.015000104904175,2.0950000286102295,50455,0.0,0.0
2024-05-24 14:30:00-04:00,2.0999999046325684,2.0999999046325684,2.0401999950408936,2.0999999046325684,54061,0.0,0.0
2024-05-24 15:30:00-04:00,2.0941998958587646,2.0950000286102295,2.0350000858306885,2.059999942779541,65305,0.0,0.0
2024-05-28 09:30:00-04:00,2.0999999046325684,2.125,2.0350000858306885,2.055000066757202,72042,0.0,0.0
2024-05-28 10:30:00-04:00,2.055000066757202,2.059999942779541,2.015000104904175,2.055000066757202,37393,0.0,0.0
2024-05-28 11:30:00-04:00,2.049999952316284,2.0799999237060547,2.0299999713897705,2.0450000762939453,61146,0.0,0.0
2024-05-28 12:30:00-04:00,2.0450000762939453,2.0450000762939453,2.015000104904175,2.015000104904175,24738,0.0,0.0
2024-05-28 13:30:00-04:00,2.009999990463257,2.049999952316284,2.009999990463257,2.0199999809265137,38326,0.0,0.0
2024-05-28 14:30:00-04:00,2.018199920654297,2.0399999618530273,2.005000114440918,2.0350000858306885,46083,0.0,0.0
2024-05-28 15:30:00-04:00,2.0350000858306885,2.0399999618530273,2.005000114440918,2.0299999713897705,61049,0.0,0.0
2024-05-29 09:30:00-04:00,2.0199999809265137,2.0199999809265137,1.9600000381469727,2.0,46569,0.0,0.0
2024-05-29 10:30:00-04:00,1.9950000047683716,2.0299999713897705,1.965000033378601,2.0199999809265137,56851,0.0,0.0
2024-05-29 11:30:00-04:00,2.0199999809265137,2.065000057220459,2.015000104904175,2.059999942779541,25086,0.0,0.0
2024-05-29 12:30:00-04:00,2.069999933242798,2.125,2.069000005722046,2.1115000247955322,50969,0.0,0.0
2024-05-29 13:30:00-04:00,2.115000009536743,2.1700000762939453,2.115000009536743,2.1591999530792236,67232,0.0,0.0
2024-05-29 14:30:00-04:00,2.1600000858306885,2.2174999713897705,2.1507999897003174,2.2149999141693115,60849,0.0,0.0
2024-05-29 15:30:00-04:00,2.2179999351501465,2.325000047683716,2.2179999351501465,2.255000114440918,239145,0.0,0.0
2024-05-30 09:30:00-04:00,2.2699999809265137,2.299999952316284,2.065000057220459,2.0950000286102295,158301,0.0,0.0
2024-05-30 10:30:00-04:00,2.0899999141693115,2.1050000190734863,2.0399999618530273,2.100800037384033,59219,0.0,0.0
2024-05-30 11:30:00-04:00,2.109999895095825,2.1294000148773193,2.080699920654297,2.0999999046325684,44209,0.0,0.0
2024-05-30 12:30:00-04:00,2.0999999046325684,2.180000066757202,2.0999999046325684,2.1500000953674316,38149,0.0,0.0
2024-05-30 13:30:00-04:00,2.1449999809265137,2.1449999809265137,2.0850000381469727,2.0850000381469727,53130,0.0,0.0
2024-05-30 14:30:00-04:00,2.0850000381469727,2.0850000381469727,2.0299999713897705,2.0506999492645264,74757,0.0,0.0
2024-05-30 15:30:00-04:00,2.059999942779541,2.0899999141693115,2.0206000804901123,2.0899999141693115,96710,0.0,0.0
2024-05-31 09:30:00-04:00,2.0999999046325684,2.130000114440918,2.0850000381469727,2.0950000286102295,23053,0.0,0.0
2024-05-31 10:30:00-04:00,2.0950000286102295,2.0950000286102295,2.0692999362945557,2.07069993019104,9000,0.0,0.0
2024-05-31 11:30:00-04:00,2.07069993019104,2.075000047683716,2.055000066757202,2.065000057220459,11129,0.0,0.0
2024-05-31 12:30:00-04:00,2.060699939727783,2.075000047683716,2.059999942779541,2.075000047683716,5245,0.0,0.0
2024-05-31 13:30:00-04:00,2.079900026321411,2.0899999141693115,2.075000047683716,2.0899999141693115,13710,0.0,0.0
2024-05-31 14:30:00-04:00,2.0899999141693115,2.130000114440918,2.0799999237060547,2.119999885559082,44802,0.0,0.0
2024-05-31 15:30:00-04:00,2.120800018310547,2.1500000953674316,2.119999885559082,2.1500000953674316,48581,0.0,0.0
2024-06-03 09:30:00-04:00,2.1600000858306885,2.369999885559082,2.119999885559082,2.234999895095825,117970,0.0,0.0
2024-06-03 10:30:00-04:00,2.234999895095825,2.309999942779541,2.2149999141693115,2.25,59753,0.0,0.0
2024-06-03 11:30:00-04:00,2.259999990463257,2.2799999713897705,2.2300000190734863,2.2699999809265137,30543,0.0,0.0
2024-06-03 12:30:00-04:00,2.2695000171661377,2.319999933242798,2.255000114440918,2.2799999713897705,77287,0.0,0.0
2024-06-03 13:30:00-04:00,2.2799999713897705,2.2850000858306885,2.174999952316284,2.2149999141693115,107649,0.0,0.0
2024-06-03 14:30:00-04:00,2.2300000190734863,2.259999990463257,2.2049999237060547,2.2200000286102295,65857,0.0,0.0
2024-06-03 15:30:00-04:00,2.2200000286102295,2.244999885559082,2.200000047683716,2.240000009536743,76042,0.0,0.0
2024-06-04 09:30:00-04:00,2.2100000381469727,2.240000009536743,2.075000047683716,2.075000047683716,67183,0.0,0.0
2024-06-04 10:30:00-04:00,2.0792999267578125,2.1191999912261963,2.0399999618530273,2.0899999141693115,76377,0.0,0.0
2024-06-04 11:30:00-04:00,2.0899999141693115,2.0899999141693115,2.059999942779541,2.079699993133545,37632,0.0,0.0
2024-06-04 12:30:00-04:00,2.075000047683716,2.0899999141693115,2.0450000762939453,2.049999952316284,42397,0.0,0.0
2024-06-04 13:30:00-04:00,2.0599000453948975,2.0899999141693115,2.0100998878479004,2.0850000381469727,104292,0.0,0.0
2024-06-04 14:30:00-04:00,2.0799999237060547,2.0899999141693115,2.049799919128418,2.059999942779541,52362,0.0,0.0
2024-06-04 15:30:00-04:00,2.059999942779541,2.0799999237060547,2.055000066757202,2.069999933242798,34117,0.0,0.0
2024-06-05 09:30:00-04:00,2.0799999237060547,2.1600000858306885,2.0199999809265137,2.119999885559082,64485,0.0,0.0
2024-06-05 10:30:00-04:00,2.115000009536743,2.125,2.0406999588012695,2.059999942779541,51808,0.0,0.0
2024-06-05 11:30:00-04:00,2.059999942779541,2.079200029373169,2.0450000762939453,2.065000057220459,21203,0.0,0.0
2024-06-05 12:30:00-04:00,2.069999933242798,2.0833001136779785,2.0399999618530273,2.049999952316284,25104,0.0,0.0
2024-06-05 13:30:00-04:00,2.049999952316284,2.059999942779541,2.0399999618530273,2.0399999618530273,8893,0.0,0.0
2024-06-05 14:30:00-04:00,2.0499000549316406,2.0499000549316406,2.015000104904175,2.0199999809265137,49963,0.0,0.0
2024-06-05 15:30:00-04:00,2.0199999809265137,2.0799999237060547,2.015000104904175,2.065000057220459,66565,0.0,0.0
2024-06-06 09:30:00-04:00,2.059999942779541,2.069999933242798,1.950700044631958,2.0250000953674316,180656,0.0,0.0
2024-06-06 10:30:00-04:00,2.020699977874756,2.0299999713897705,2.005000114440918,2.015000104904175,37931,0.0,0.0
2024-06-06 11:30:00-04:00,2.015000104904175,2.0199999809265137,1.9800000190734863,1.9950000047683716,35873,0.0,0.0
2024-06-06 12:30:00-04:00,1.9950000047683716,1.9950000047683716,1.909999966621399,1.9550000429153442,121182,0.0,0.0
2024-06-06 13:30:00-04:00,1.9550000429153442,1.975000023841858,1.934999942779541,1.9450000524520874,36794,0.0,0.0
2024-06-06 14:30:00-04:00,1.9493000507354736,1.9499000310897827,1.9249999523162842,1.9249999523162842,22914,0.0,0.0
2024-06-06 15:30:00-04:00,1.9249999523162842,1.9500000476837158,1.9214999675750732,1.9500000476837158,58629,0.0,0.0
2024-06-07 09:30:00-04:00,1.9199999570846558,1.9700000286102295,1.8700000047683716,1.9199999570846558,95414,0.0,0.0
2024-06-07 10:30:00-04:00,1.9119999408721924,1.9292999505996704,1.8899999856948853,1.9062999486923218,55404,0.0,0.0
2024-06-07 11:30:00-04:00,1.9006999731063843,1.9199999570846558,1.899999976158142,1.9113999605178833,14471,0.0,0.0
2024-06-07 12:30:00-04:00,1.9149999618530273,1.9149999618530273,1.8799999952316284,1.9068000316619873,25626,0.0,0.0
2024-06-07 13:30:00-04:00,1.9092999696731567,1.909999966621399,1.875,1.8949999809265137,40986,0.0,0.0
2024-06-07 14:30:00-04:00,1.8949999809265137,1.940000057220459,1.8949999809265137,1.9316999912261963,55853,0.0,0.0
2024-06-07 15:30:00-04:00,1.934999942779541,1.934999942779541,1.909999966621399,1.9299999475479126,36878,0.0,0.0
2024-06-10 09:30:00-04:00,1.9199999570846558,1.9850000143051147,1.8600000143051147,1.940999984741211,87313,0.0,0.0
2024-06-10 10:30:00-04:00,1.9500000476837158,1.9700000286102295,1.9306999444961548,1.9550000429153442,44194,0.0,0.0
2024-06-10 11:30:00-04:00,1.9500000476837158,1.9700000286102295,1.9249999523162842,1.937999963760376,57722,0.0,0.0
2024-06-10 12:30:00-04:00,1.934999942779541,1.9674999713897705,1.8949999809265137,1.9674999713897705,29932,0.0,0.0
2024-06-10 13:30:00-04:00,1.9600000381469727,1.9950000047683716,1.9500000476837158,1.9500000476837158,64284,0.0,0.0
2024-06-10 14:30:00-04:00,1.9550000429153442,1.9900000095367432,1.950700044631958,1.9800000190734863,47619,0.0,0.0
2024-06-10 15:30:00-04:00,1.9707000255584717,2.0,1.9701000452041626,2.0,35929,0.0,0.0
2024-06-11 09:30:00-04:00,1.940000057220459,1.9600000381469727,1.909999966621399,1.9149999618530273,20960,0.0,0.0
2024-06-11 10:30:00-04:00,1.9199999570846558,1.9392999410629272,1.910099983215332,1.934999942779541,26020,0.0,0.0
2024-06-11 11:30:00-04:00,1.934999942779541,1.940000057220459,1.9249999523162842,1.9299999475479126,10897,0.0,0.0
2024-06-11 12:30:00-04:00,1.9292999505996704,1.940000057220459,1.8899999856948853,1.8899999856948853,40612,0.0,0.0
2024-06-11 13:30:00-04:00,1.8899999856948853,1.909999966621399,1.8600000143051147,1.8806999921798706,67849,0.0,0.0
2024-06-11 14:30:00-04:00,1.8849999904632568,1.8899999856948853,1.8600000143051147,1.8600000143051147,55981,0.0,0.0
2024-06-11 15:30:00-04:00,1.8550000190734863,1.8899999856948853,1.840000033378601,1.8700000047683716,183760,0.0,0.0
2024-06-12 09:30:00-04:00,1.909999966621399,1.9696999788284302,1.8700000047683716,1.9299999475479126,89780,0.0,0.0
2024-06-12 10:30:00-04:00,1.9249999523162842,1.9550000429153442,1.9199999570846558,1.9250999689102173,38344,0.0,0.0
2024-06-12 11:30:00-04:00,1.9299999475479126,1.9392999410629272,1.909999966621399,1.909999966621399,26025,0.0,0.0
2024-06-12 12:30:00-04:00,1.909999966621399,1.909999966621399,1.8801000118255615,1.8992999792099,37118,0.0,0.0
2024-06-12 13:30:00-04:00,1.8949999809265137,1.899999976158142,1.8700000047683716,1.8899999856948853,33577,0.0,0.0
2024-06-12 14:30:00-04:00,1.899999976158142,1.9049999713897705,1.8600000143051147,1.8787000179290771,81523,0.0,0.0
2024-06-12 15:30:00-04:00,1.871999979019165,1.8899999856948853,1.8700000047683716,1.8799999952316284,58057,0.0,0.0
2024-06-13 09:30:00-04:00,1.8899999856948853,1.909999966621399,1.8700000047683716,1.9017000198364258,58040,0.0,0.0
2024-06-13 10:30:00-04:00,1.9027999639511108,1.9049999713897705,1.840000033378601,1.8493000268936157,60775,0.0,0.0
2024-06-13 11:30:00-04:00,1.8450000286102295,1.847100019454956,1.7949999570846558,1.7975000143051147,105784,0.0,0.0
2024-06-13 12:30:00-04:00,1.7999000549316406,1.8250000476837158,1.7899999618530273,1.7949999570846558,92727,0.0,0.0
2024-06-13 13:30:00-04:00,1.7949999570846558,1.8049999475479126,1.7899999618530273,1.7999999523162842,58830,0.0,0.0
2024-06-13 14:30:00-04:00,1.7949999570846558,1.8098000288009644,1.7899999618530273,1.7899999618530273,18184,0.0,0.0
2024-06-13 15:30:00-04:00,1.7899999618530273,1.7999999523162842,1.7899999618530273,1.7999999523162842,25938,0.0,0.0
2024-06-14 09:30:00-04:00,1.7799999713897705,1.850000023841858,1.7799999713897705,1.8350000381469727,72516,0.0,0.0
2024-06-14 10:30:00-04:00,1.840000033378601,1.8493000268936157,1.809999942779541,1.8250000476837158,31281,0.0,0.0
2024-06-14 11:30:00-04:00,1.815000057220459,1.8250000476837158,1.781499981880188,1.7949999570846558,21264,0.0,0.0
2024-06-14 12:30:00-04:00,1.7949999570846558,1.809999942779541,1.7805999517440796,1.809999942779541,16615,0.0,0.0
2024-06-14 13:30:00-04:00,1.809999942779541,1.8200000524520874,1.7905999422073364,1.7949999570846558,24617,0.0,0.0
2024-06-14 14:30:00-04:00,1.7949999570846558,1.815000057220459,1.784999966621399,1.8049999475479126,11945,0.0,0.0
2024-06-14 15:30:00-04:00,1.7999999523162842,1.8300000429153442,1.7920000553131104,1.8300000429153442,30995,0.0,0.0
2024-06-17 09:30:00-04:00,1.850000023841858,1.8600000143051147,1.7899999618530273,1.7949999570846558,47941,0.0,0.0
2024-06-17 10:30:00-04:00,1.7928999662399292,1.7928999662399292,1.7000000476837158,1.7200000286102295,118965,0.0,0.0
2024-06-17 11:30:00-04:00,1.7283999919891357,1.7294000387191772,1.6699999570846558,1.6699999570846558,150528,0.0,0.0
2024-06-17 12:30:00-04:00,1.6749999523162842,1.6894999742507935,1.625,1.684999942779541,113840,0.0,0.0
2024-06-17 13:30:00-04:00,1.6871000528335571,1.6893999576568604,1.6699999570846558,1.6749999523162842,36412,0.0,0.0
2024-06-17 14:30:00-04:00,1.6699999570846558,1.6699999570846558,1.6299999952316284,1.6299999952316284,52561,0.0,0.0
2024-06-17 15:30:00-04:00,1.6299999952316284,1.659999966621399,1.6299999952316284,1.659999966621399,70716,0.0,0.0
2024-06-18 09:30:00-04:00,1.659999966621399,1.7000000476837158,1.6109999418258667,1.6109999418258667,61816,0.0,0.0
2024-06-18 10:30:00-04:00,1.6150000095367432,1.6399999856948853,1.600000023841858,1.604200005531311,43410,0.0,0.0
2024-06-18 11:30:00-04:00,1.600000023841858,1.6699999570846558,1.600000023841858,1.659999966621399,37260,0.0,0.0
2024-06-18 12:30:00-04:00,1.659999966621399,1.659999966621399,1.6119999885559082,1.6194000244140625,13159,0.0,0.0
2024-06-18 13:30:00-04:00,1.6100000143051147,1.6150000095367432,1.6002999544143677,1.6050000190734863,5311,0.0,0.0
2024-06-18 14:30:00-04:00,1.600000023841858,1.6200000047683716,1.600000023841858,1.6100000143051147,18492,0.0,0.0
2024-06-18 15:30:00-04:00,1.6200000047683716,1.6399999856948853,1.6100000143051147,1.6399999856948853,59937,0.0,0.0
2024-06-20 09:30:00-04:00,1.6399999856948853,1.6399999856948853,1.5800000429153442,1.5994000434875488,67799,0.0,0.0
2024-06-20 10:30:00-04:00,1.600000023841858,1.6299999952316284,1.5950000286102295,1.600000023841858,58369,0.0,0.0
2024-06-20 11:30:00-04:00,1.590000033378601,1.6150000095367432,1.590000033378601,1.6150000095367432,11999,0.0,0.0
2024-06-20 12:30:00-04:00,1.6100000143051147,1.6200000047683716,1.6100000143051147,1.6198999881744385,28627,0.0,0.0
2024-06-20 13:30:00-04:00,1.6119999885559082,1.6349999904632568,1.600000023841858,1.625,58601,0.0,0.0
2024-06-20 14:30:00-04:00,1.6200000047683716,1.625,1.6100000143051147,1.6150000095367432,18678,0.0,0.0
2024-06-20 15:30:00-04:00,1.6100000143051147,1.659999966621399,1.6100000143051147,1.6549999713897705,62353,0.0,0.0
2024-06-21 09:30:00-04:00,1.6799999475479126,1.7300000190734863,1.6100000143051147,1.6100000143051147,123253,0.0,0.0
2024-06-21 10:30:00-04:00,1.6100000143051147,1.649999976158142,1.6100000143051147,1.6299999952316284,38409,0.0,0.0
2024-06-21 11:30:00-04:00,1.6299999952316284,1.6375000476837158,1.5449999570846558,1.5599000453948975,99134,0.0,0.0
2024-06-21 12:30:00-04:00,1.5549999475479126,1.561400055885315,1.5399999618530273,1.5449999570846558,48713,0.0,0.0
2024-06-21 13:30:00-04:00,1.559999942779541,1.6058000326156616,1.5499999523162842,1.5850000381469727,54949,0.0,0.0
2024-06-21 14:30:00-04:00,1.5800000429153442,1.590000033378601,1.5499999523162842,1.5774999856948853,90558,0.0,0.0
2024-06-21 15:30:00-04:00,1.5774999856948853,1.5799000263214111,1.5399999618530273,1.5399999618530273,94699,0.0,0.0
2024-06-24 09:30:00-04:00,1.5299999713897705,1.5399999618530273,1.3849999904632568,1.4850000143051147,548078,0.0,0.0
2024-06-24 10:30:00-04:00,1.4850000143051147,1.4850000143051147,1.4600000381469727,1.4600000381469727,44757,0.0,0.0
2024-06-24 11:30:00-04:00,1.4299999475479126,1.4600000381469727,1.409999966621399,1.409999966621399,92080,0.0,0.0
2024-06-24 12:30:00-04:00,1.409999966621399,1.440000057220459,1.409999966621399,1.434999942779541,140146,0.0,0.0
2024-06-24 13:30:00-04:00,1.434999942779541,1.4500000476837158,1.4299999475479126,1.434999942779541,46513,0.0,0.0
2024-06-24 14:30:00-04:00,1.440000057220459,1.440000057220459,1.4299999475479126,1.440000057220459,25545,0.0,0.0
2024-06-24 15:30:00-04:00,1.440000057220459,1.440000057220459,1.3899999856948853,1.3899999856948853,129933,0.0,0.0
2024-06-25 09:30:00-04:00,1.399999976158142,1.440000057220459,1.3799999952316284,1.440000057220459,156920,0.0,0.0
2024-06-25 10:30:00-04:00,1.4299999475479126,1.4500000476837158,1.3898999691009521,1.409999966621399,62405,0.0,0.0
2024-06-25 11:30:00-04:00,1.409999966621399,1.4199999570846558,1.399999976158142,1.4199999570846558,24713,0.0,0.0
2024-06-25 12:30:00-04:00,1.4149999618530273,1.4299999475479126,1.409999966621399,1.4251999855041504,36279,0.0,0.0
2024-06-25 13:30:00-04:00,1.4249999523162842,1.4450000524520874,1.409999966621399,1.409999966621399,46468,0.0,0.0
2024-06-25 14:30:00-04:00,1.4199999570846558,1.4900000095367432,1.399999976158142,1.4500000476837158,201729,0.0,0.0
2024-06-25 15:30:00-04:00,1.4550000429153442,1.4600000381469727,1.3849999904632568,1.3899999856948853,115444,0.0,0.0
2024-06-26 09:30:00-04:00,1.3899999856948853,1.4299999475479126,1.3700000047683716,1.4199999570846558,67899,0.0,0.0
2024-06-26 10:30:00-04:00,1.4149999618530273,1.4249999523162842,1.3899999856948853,1.399999976158142,104086,0.0,0.0
2024-06-26 11:30:00-04:00,1.3901000022888184,1.409999966621399,1.3700000047683716,1.3899999856948853,114458,0.0,0.0
2024-06-26 12:30:00-04:00,1.3919999599456787,1.399999976158142,1.3899999856948853,1.3925000429153442,38365,0.0,0.0
2024-06-26 13:30:00-04:00,1.3899999856948853,1.399999976158142,1.3899999856948853,1.399999976158142,34843,0.0,0.0
2024-06-26 14:30:00-04:00,1.3949999809265137,1.399999976158142,1.3899999856948853,1.3899999856948853,56495,0.0,0.0
2024-06-26 15:30:00-04:00,1.3899999856948853,1.3975000381469727,1.3700000047683716,1.3849999904632568,113037,0.0,0.0
2024-06-27 09:30:00-04:00,1.3799999952316284,1.4299999475479126,1.3700000047683716,1.4299999475479126,87622,0.0,0.0
2024-06-27 10:30:00-04:00,1.4294999837875366,1.4299999475479126,1.4049999713897705,1.409999966621399,55044,0.0,0.0
2024-06-27 11:30:00-04:00,1.410099983215332,1.4600000381469727,1.409999966621399,1.4450000524520874,77186,0.0,0.0
2024-06-27 12:30:00-04:00,1.4450000524520874,1.5,1.4299999475479126,1.4600000381469727,107215,0.0,0.0
2024-06-27 13:30:00-04:00,1.4600000381469727,1.4800000190734863,1.440000057220459,1.465000033378601,62992,0.0,0.0
2024-06-27 14:30:00-04:00,1.465000033378601,1.469499945640564,1.4500000476837158,1.465000033378601,48026,0.0,0.0
2024-06-27 15:30:00-04:00,1.4600000381469727,1.4900000095367432,1.4500000476837158,1.4600000381469727,113113,0.0,0.0
2024-06-28 09:30:00-04:00,1.5,1.6349999904632568,1.5,1.590000033378601,241416,0.0,0.0
2024-06-28 10:30:00-04:00,1.5850000381469727,1.6399999856948853,1.5850000381469727,1.600000023841858,100323,0.0,0.0
2024-06-28 11:30:00-04:00,1.6050000190734863,1.6349999904632568,1.559999942779541,1.5989999771118164,114692,0.0,0.0
2024-06-28 12:30:00-04:00,1.600000023841858,1.625,1.590000033378601,1.5950000286102295,99853,0.0,0.0
2024-06-28 13:30:00-04:00,1.5950000286102295,1.625,1.5700000524520874,1.6194000244140625,108025,0.0,0.0
2024-06-28 14:30:00-04:00,1.6150000095367432,1.6399999856948853,1.590000033378601,1.625,125253,0.0,0.0
2024-06-28 15:30:00-04:00,1.625,1.6399999856948853,1.5420000553131104,1.5499999523162842,214547,0.0,0.0
2024-07-01 09:30:00-04:00,1.5499999523162842,1.5800000429153442,1.5,1.559999942779541,126321,0.0,0.0
2024-07-01 10:30:00-04:00,1.559999942779541,1.6299999952316284,1.5499999523162842,1.5499999523162842,197998,0.0,0.0
2024-07-01 11:30:00-04:00,1.5549999475479126,1.5549999475479126,1.5099999904632568,1.524999976158142,67231,0.0,0.0
2024-07-01 12:30:00-04:00,1.524999976158142,1.5299999713897705,1.5,1.506100058555603,101281,0.0,0.0
2024-07-01 13:30:00-04:00,1.5003999471664429,1.5298000574111938,1.5,1.5049999952316284,140063,0.0,0.0
2024-07-01 14:30:00-04:00,1.50600004196167,1.5199999809265137,1.5,1.5099999904632568,43736,0.0,0.0
2024-07-01 15:30:00-04:00,1.5049999952316284,1.5099999904632568,1.5,1.5,75279,0.0,0.0
2024-07-02 09:30:00-04:00,1.5,1.5299999713897705,1.3899999856948853,1.4098000526428223,124181,0.0,0.0
2024-07-02 10:30:00-04:00,1.4049999713897705,1.409999966621399,1.3899999856948853,1.3949999809265137,42995,0.0,0.0
2024-07-02 11:30:00-04:00,1.3949999809265137,1.409999966621399,1.3899999856948853,1.4049999713897705,46132,0.0,0.0
2024-07-02 12:30:00-04:00,1.4049999713897705,1.409999966621399,1.3700000047683716,1.3795000314712524,69900,0.0,0.0
2024-07-02 13:30:00-04:00,1.371999979019165,1.3799999952316284,1.3600000143051147,1.3691999912261963,83983,0.0,0.0
2024-07-02 14:30:00-04:00,1.3700000047683716,1.3700000047683716,1.3600000143051147,1.3700000047683716,70041,0.0,0.0
2024-07-02 15:30:00-04:00,1.3650000095367432,1.3700000047683716,1.350000023841858,1.350000023841858,87008,0.0,0.0
2024-07-03 09:30:00-04:00,1.3600000143051147,1.3799999952316284,1.340000033378601,1.340000033378601,110060,0.0,0.0
2024-07-03 10:30:00-04:00,1.340000033378601,1.340000033378601,1.3020000457763672,1.309999942779541,167289,0.0,0.0
2024-07-03 11:30:00-04:00,1.315000057220459,1.3200000524520874,1.2899999618530273,1.2899999618530273,79895,0.0,0.0
2024-07-05 09:30:00-04:00,1.3200000524520874,1.3200000524520874,1.2799999713897705,1.284999966621399,127848,0.0,0.0
2024-07-05 10:30:00-04:00,1.2899999618530273,1.3550000190734863,1.284999966621399,1.3250000476837158,103515,0.0,0.0
2024-07-05 11:30:00-04:00,1.3300000429153442,1.3401999473571777,1.2999999523162842,1.2999999523162842,49374,0.0,0.0
2024-07-05 12:30:00-04:00,1.3049999475479126,1.309999942779541,1.2999999523162842,1.3099000453948975,33438,0.0,0.0
2024-07-05 13:30:00-04:00,1.3049999475479126,1.3049999475479126,1.2920000553131104,1.2949999570846558,20561,0.0,0.0
2024-07-05 14:30:00-04:00,1.2999999523162842,1.309999942779541,1.2799999713897705,1.291700005531311,46248,0.0,0.0
2024-07-05 15:30:00-04:00,1.2999999523162842,1.2999999523162842,1.2899999618530273,1.2899999618530273,23551,0.0,0.0
2024-07-08 09:30:00-04:00,1.309999942779541,1.375,1.2899999618530273,1.375,128973,0.0,0.0
2024-07-08 10:30:00-04:00,1.375,1.3799999952316284,1.350000023841858,1.375,78142,0.0,0.0
2024-07-08 11:30:00-04:00,1.3704999685287476,1.402999997138977,1.350000023841858,1.3600000143051147,103015,0.0,0.0
2024-07-08 12:30:00-04:00,1.3650000095367432,1.3700000047683716,1.350000023841858,1.3600000143051147,36742,0.0,0.0
2024-07-08 13:30:00-04:00,1.3550000190734863,1.4500000476837158,1.3550000190734863,1.434999942779541,91938,0.0,0.0
2024-07-08 14:30:00-04:00,1.434999942779541,1.4500000476837158,1.409999966621399,1.409999966621399,78601,0.0,0.0
2024-07-08 15:30:00-04:00,1.4149999618530273,1.4175000190734863,1.3799999952316284,1.3899999856948853,55376,0.0,0.0
2024-07-09 09:30:00-04:00,1.4299999475479126,1.4355000257492065,1.399999976158142,1.4049999713897705,93444,0.0,0.0
2024-07-09 10:30:00-04:00,1.4049999713897705,1.409999966621399,1.350000023841858,1.3795000314712524,80211,0.0,0.0
2024-07-09 11:30:00-04:00,1.3799999952316284,1.4699000120162964,1.3704999685287476,1.4500000476837158,74399,0.0,0.0
2024-07-09 12:30:00-04:00,1.4450000524520874,1.4700000286102295,1.440000057220459,1.465000033378601,54375,0.0,0.0
2024-07-09 13:30:00-04:00,1.4605000019073486,1.4700000286102295,1.4249999523162842,1.4249999523162842,76259,0.0,0.0
2024-07-09 14:30:00-04:00,1.4249999523162842,1.440000057220459,1.4199999570846558,1.420300006866455,27126,0.0,0.0
2024-07-09 15:30:00-04:00,1.4249999523162842,1.4249999523162842,1.3949999809265137,1.4199999570846558,53122,0.0,0.0
2024-07-10 09:30:00-04:00,1.399999976158142,1.420799970626831,1.3350000381469727,1.3799999952316284,93958,0.0,0.0
2024-07-10 10:30:00-04:00,1.386199951171875,1.3899999856948853,1.3600000143051147,1.3600000143051147,17870,0.0,0.0
2024-07-10 11:30:00-04:00,1.3600000143051147,1.3698999881744385,1.309999942779541,1.315000057220459,68312,0.0,0.0
2024-07-10 12:30:00-04:00,1.315000057220459,1.3600000143051147,1.2949999570846558,1.340000033378601,121488,0.0,0.0
2024-07-10 13:30:00-04:00,1.340000033378601,1.3700000047683716,1.3200000524520874,1.3300000429153442,59905,0.0,0.0
2024-07-10 14:30:00-04:00,1.3300000429153442,1.3550000190734863,1.3300000429153442,1.3450000286102295,35597,0.0,0.0
2024-07-10 15:30:00-04:00,1.3450000286102295,1.3600000143051147,1.340000033378601,1.350000023841858,37743,0.0,0.0
2024-07-11 09:30:00-04:00,1.340000033378601,1.4329999685287476,1.340000033378601,1.4199999570846558,152811,0.0,0.0
2024-07-11 10:30:00-04:00,1.4205000400543213,1.4299999475479126,1.409999966621399,1.4129999876022339,12769,0.0,0.0
2024-07-11 11:30:00-04:00,1.4198999404907227,1.440000057220459,1.399999976158142,1.430799961090088,51070,0.0,0.0
2024-07-11 12:30:00-04:00,1.440000057220459,1.4900000095367432,1.440000057220459,1.4700000286102295,88457,0.0,0.0
2024-07-11 13:30:00-04:00,1.4800000190734863,1.5099999904632568,1.4600000381469727,1.4800000190734863,146723,0.0,0.0
2024-07-11 14:30:00-04:00,1.4800000190734863,1.4800000190734863,1.4500000476837158,1.4736000299453735,40417,0.0,0.0
2024-07-11 15:30:00-04:00,1.478700041770935,1.4900000095367432,1.4700000286102295,1.4900000095367432,46333,0.0,0.0
2024-07-12 09:30:00-04:00,1.4900000095367432,1.590000033378601,1.4900000095367432,1.5750000476837158,115440,0.0,0.0
2024-07-12 10:30:00-04:00,1.5806000232696533,1.5850000381469727,1.5199999809265137,1.534999966621399,70385,0.0,0.0
2024-07-12 11:30:00-04:00,1.5300999879837036,1.5399999618530273,1.5299999713897705,1.5299999713897705,7779,0.0,0.0
2024-07-12 12:30:00-04:00,1.534999966621399,1.5399999618530273,1.4600000381469727,1.4700000286102295,134071,0.0,0.0
2024-07-12 13:30:00-04:00,1.4789999723434448,1.5099999904632568,1.4789999723434448,1.492799997329712,35479,0.0,0.0
2024-07-12 14:30:00-04:00,1.4950000047683716,1.5199999809265137,1.4950000047683716,1.5149999856948853,27154,0.0,0.0
2024-07-12 15:30:00-04:00,1.5049999952316284,1.5199999809265137,1.4700000286102295,1.4800000190734863,91575,0.0,0.0
2024-07-15 09:30:00-04:00,1.4700000286102295,1.5399999618530273,1.4600000381469727,1.499899983406067,42694,0.0,0.0
2024-07-15 10:30:00-04:00,1.4800000190734863,1.4850000143051147,1.440000057220459,1.465000033378601,67061,0.0,0.0
2024-07-15 11:30:00-04:00,1.4696999788284302,1.5099999904632568,1.4696999788284302,1.5098999738693237,41853,0.0,0.0
2024-07-15 12:30:00-04:00,1.5097999572753906,1.5499000549316406,1.5097999572753906,1.5449999570846558,33553,0.0,0.0
2024-07-15 13:30:00-04:00,1.5449999570846558,1.559999942779541,1.5200999975204468,1.5449999570846558,113162,0.0,0.0
2024-07-15 14:30:00-04:00,1.5449999570846558,1.5700000524520874,1.5299999713897705,1.5506000518798828,106866,0.0,0.0
2024-07-15 15:30:00-04:00,1.5499999523162842,1.5700000524520874,1.5399999618530273,1.5499999523162842,36044,0.0,0.0
2024-07-16 09:30:00-04:00,1.559999942779541,1.6172000169754028,1.5506999492645264,1.6094000339508057,51509,0.0,0.0
2024-07-16 10:30:00-04:00,1.6050000190734863,1.697700023651123,1.590000033378601,1.6299999952316284,204875,0.0,0.0
2024-07-16 11:30:00-04:00,1.6299999952316284,1.6850999593734741,1.6200000047683716,1.6799999475479126,39250,0.0,0.0
2024-07-16 12:30:00-04:00,1.6799999475479126,1.690000057220459,1.6449999809265137,1.649999976158142,46636,0.0,0.0
2024-07-16 13:30:00-04:00,1.649399995803833,1.690000057220459,1.649399995803833,1.6749999523162842,54465,0.0,0.0
2024-07-16 14:30:00-04:00,1.6749999523162842,1.6885000467300415,1.649999976158142,1.659999966621399,94871,0.0,0.0
2024-07-16 15:30:00-04:00,1.6699999570846558,1.684999942779541,1.6598999500274658,1.6699999570846558,66020,0.0,0.0
2024-07-17 09:30:00-04:00,1.659999966621399,1.860700011253357,1.6319999694824219,1.8550000190734863,380278,0.0,0.0
2024-07-17 10:30:00-04:00,1.8550000190734863,1.8700000047683716,1.725000023841858,1.75,162230,0.0,0.0
2024-07-17 11:30:00-04:00,1.7414000034332275,1.784999966621399,1.6706000566482544,1.6706000566482544,119808,0.0,0.0
2024-07-17 12:30:00-04:00,1.6749999523162842,1.6888999938964844,1.6200000047683716,1.6888999938964844,60225,0.0,0.0
2024-07-17 13:30:00-04:00,1.690000057220459,1.7000000476837158,1.6649999618530273,1.684999942779541,31784,0.0,0.0
2024-07-17 14:30:00-04:00,1.684999942779541,1.6893999576568604,1.659999966621399,1.684999942779541,36999,0.0,0.0
2024-07-17 15:30:00-04:00,1.690000057220459,1.7094000577926636,1.6549999713897705,1.6799999475479126,66631,0.0,0.0
2024-07-18 09:30:00-04:00,1.6299999952316284,1.7389999628067017,1.6299999952316284,1.659999966621399,80519,0.0,0.0
2024-07-18 10:30:00-04:00,1.6471999883651733,1.649999976158142,1.6050000190734863,1.6105999946594238,36940,0.0,0.0
2024-07-18 11:30:00-04:00,1.6100000143051147,1.6200000047683716,1.5800000429153442,1.5994000434875488,35071,0.0,0.0
2024-07-18 12:30:00-04:00,1.5950000286102295,1.6090999841690063,1.590000033378601,1.590000033378601,12442,0.0,0.0
2024-07-18 13:30:00-04:00,1.589400053024292,1.590000033378601,1.5499999523162842,1.5693999528884888,31120,0.0,0.0
2024-07-18 14:30:00-04:00,1.5606000423431396,1.5679999589920044,1.5449999570846558,1.5549999475479126,25817,0.0,0.0
2024-07-18 15:30:00-04:00,1.5549999475479126,1.5699000358581543,1.5499999523162842,1.559999942779541,43150,0.0,0.0
2024-07-19 09:30:00-04:00,1.559999942779541,1.809999942779541,1.5499999523162842,1.7094000577926636,322490,0.0,0.0
2024-07-19 10:30:00-04:00,1.7100000381469727,1.7300000190734863,1.6699999570846558,1.6799999475479126,103956,0.0,0.0
2024-07-19 11:30:00-04:00,1.6833000183105469,1.7100000381469727,1.6833000183105469,1.7050000429153442,33878,0.0,0.0
2024-07-19 12:30:00-04:00,1.7050000429153442,1.7450000047683716,1.6893999576568604,1.7100000381469727,79854,0.0,0.0
2024-07-19 13:30:00-04:00,1.7000000476837158,1.7000000476837158,1.5901000499725342,1.6204999685287476,75432,0.0,0.0
2024-07-19 14:30:00-04:00,1.6294000148773193,1.6449999809265137,1.6150000095367432,1.6150000095367432,37955,0.0,0.0
2024-07-19 15:30:00-04:00,1.6150000095367432,1.629699945449829,1.590000033378601,1.5950000286102295,52446,0.0,0.0
2024-07-22 09:30:00-04:00,1.6200000047683716,1.6782000064849854,1.5506000518798828,1.5627000331878662,97695,0.0,0.0
2024-07-22 10:30:00-04:00,1.5698000192642212,1.649999976158142,1.5606000423431396,1.625,21892,0.0,0.0
2024-07-22 11:30:00-04:00,1.625,1.649999976158142,1.6100000143051147,1.649999976158142,21898,0.0,0.0
2024-07-22 12:30:00-04:00,1.6497999429702759,1.6699999570846558,1.625,1.6399999856948853,22817,0.0,0.0
2024-07-22 13:30:00-04:00,1.6399999856948853,1.649999976158142,1.5801000595092773,1.5850000381469727,40490,0.0,0.0
2024-07-22 14:30:00-04:00,1.5800000429153442,1.6200000047683716,1.5700000524520874,1.600000023841858,51511,0.0,0.0
2024-07-22 15:30:00-04:00,1.600100040435791,1.6299999952316284,1.600000023841858,1.6200000047683716,31023,0.0,0.0
2024-07-23 09:30:00-04:00,1.600000023841858,1.659999966621399,1.590000033378601,1.6100000143051147,22276,0.0,0.0
2024-07-23 10:30:00-04:00,1.6200000047683716,1.625,1.590000033378601,1.600000023841858,32800,0.0,0.0
2024-07-23 11:30:00-04:00,1.600000023841858,1.6299999952316284,1.600000023841858,1.625,25891,0.0,0.0
2024-07-23 12:30:00-04:00,1.625,1.6399999856948853,1.590000033378601,1.6100000143051147,47961,0.0,0.0
2024-07-23 13:30:00-04:00,1.600000023841858,1.6200000047683716,1.5950000286102295,1.6200000047683716,17358,0.0,0.0
2024-07-23 14:30:00-04:00,1.6100000143051147,1.6399999856948853,1.6100000143051147,1.6394000053405762,15821,0.0,0.0
2024-07-23 15:30:00-04:00,1.6349999904632568,1.6399999856948853,1.5700000524520874,1.5800000429153442,45103,0.0,0.0
2024-07-24 09:30:00-04:00,1.5499999523162842,1.6196000576019287,1.5099999904632568,1.5299999713897705,78331,0.0,0.0
2024-07-24 10:30:00-04:00,1.5449999570846558,1.5800000429153442,1.4919999837875366,1.5800000429153442,80306,0.0,0.0
2024-07-24 11:30:00-04:00,1.5920000076293945,1.5950000286102295,1.4800000190734863,1.5199999809265137,111130,0.0,0.0
2024-07-24 12:30:00-04:00,1.5293999910354614,1.5399999618530273,1.4900000095367432,1.4997999668121338,49356,0.0,0.0
2024-07-24 13:30:00-04:00,1.499500036239624,1.5099999904632568,1.4700000286102295,1.4700000286102295,59453,0.0,0.0
2024-07-24 14:30:00-04:00,1.4795000553131104,1.4800000190734863,1.440000057220459,1.465000033378601,29257,0.0,0.0
2024-07-24 15:30:00-04:00,1.4687000513076782,1.4700000286102295,1.4218000173568726,1.440000057220459,77996,0.0,0.0
2024-07-25 09:30:00-04:00,1.4199999570846558,1.5099999904632568,1.4105000495910645,1.4500000476837158,53894,0.0,0.0
2024-07-25 10:30:00-04:00,1.4500000476837158,1.4599000215530396,1.429900050163269,1.4413000345230103,45881,0.0,0.0
2024-07-25 11:30:00-04:00,1.4494999647140503,1.4599000215530396,1.409999966621399,1.4500000476837158,43180,0.0,0.0
2024-07-25 12:30:00-04:00,1.4500000476837158,1.4500000476837158,1.440000057220459,1.4400999546051025,30284,0.0,0.0
2024-07-25 13:30:00-04:00,1.440000057220459,1.440000057220459,1.3899999856948853,1.3899999856948853,44551,0.0,0.0
2024-07-25 14:30:00-04:00,1.3899999856948853,1.440000057220459,1.3899999856948853,1.4249999523162842,37228,0.0,0.0
2024-07-25 15:30:00-04:00,1.4210000038146973,1.4299999475479126,1.4049999713897705,1.409999966621399,36251,0.0,0.0
2024-07-26 09:30:00-04:00,1.4500000476837158,1.4900000095367432,1.424399971961975,1.4700000286102295,81696,0.0,0.0
2024-07-26 10:30:00-04:00,1.4600000381469727,1.4800000190734863,1.4600000381469727,1.4795000553131104,53362,0.0,0.0
2024-07-26 11:30:00-04:00,1.4799000024795532,1.4900000095367432,1.4600000381469727,1.4850000143051147,15392,0.0,0.0
2024-07-26 12:30:00-04:00,1.4800000190734863,1.4850000143051147,1.4700000286102295,1.4850000143051147,22993,0.0,0.0
2024-07-26 13:30:00-04:00,1.4850000143051147,1.5609999895095825,1.475000023841858,1.475000023841858,96040,0.0,0.0
2024-07-26 14:30:00-04:00,1.4700000286102295,1.5199999809265137,1.465000033378601,1.5199999809265137,121734,0.0,0.0
2024-07-26 15:30:00-04:00,1.5149999856948853,1.5299999713897705,1.5,1.5299999713897705,50841,0.0,0.0
2024-07-29 09:30:00-04:00,1.5299999713897705,1.5398999452590942,1.4704999923706055,1.4800000190734863,30801,0.0,0.0
2024-07-29 10:30:00-04:00,1.4895000457763672,1.4895000457763672,1.4450000524520874,1.4550000429153442,71328,0.0,0.0
2024-07-29 11:30:00-04:00,1.4500000476837158,1.4700000286102295,1.4500000476837158,1.4550000429153442,17430,0.0,0.0
2024-07-29 12:30:00-04:00,1.4550000429153442,1.4600000381469727,1.4199999570846558,1.434999942779541,99035,0.0,0.0
2024-07-29 13:30:00-04:00,1.434999942779541,1.440000057220459,1.409999966621399,1.4199999570846558,88150,0.0,0.0
2024-07-29 14:30:00-04:00,1.4285999536514282,1.440000057220459,1.4199999570846558,1.434999942779541,61188,0.0,0.0
2024-07-29 15:30:00-04:00,1.434999942779541,1.434999942779541,1.399999976158142,1.4049999713897705,82522,0.0,0.0
2024-07-30 09:30:00-04:00,1.3799999952316284,1.4199999570846558,1.3799999952316284,1.3949999809265137,49354,0.0,0.0
2024-07-30 10:30:00-04:00,1.3949999809265137,1.3949999809265137,1.3700000047683716,1.3949999809265137,45866,0.0,0.0
2024-07-30 11:30:00-04:00,1.3949999809265137,1.399999976158142,1.3700000047683716,1.375,31272,0.0,0.0
2024-07-30 12:30:00-04:00,1.375,1.399999976158142,1.3700000047683716,1.375,22984,0.0,0.0
2024-07-30 13:30:00-04:00,1.3700000047683716,1.3798999786376953,1.3700000047683716,1.375,17442,0.0,0.0
2024-07-30 14:30:00-04:00,1.3795000314712524,1.409999966621399,1.3700000047683716,1.409500002861023,70766,0.0,0.0
2024-07-30 15:30:00-04:00,1.409999966621399,1.4600000381469727,1.399999976158142,1.440000057220459,67318,0.0,0.0
2024-07-31 09:30:00-04:00,1.440000057220459,1.5,1.4199999570846558,1.4600000381469727,37278,0.0,0.0
2024-07-31 10:30:00-04:00,1.4500000476837158,1.4503999948501587,1.409999966621399,1.440000057220459,99816,0.0,0.0
2024-07-31 11:30:00-04:00,1.4299999475479126,1.4499000310897827,1.4199999570846558,1.4460999965667725,20225,0.0,0.0
2024-07-31 12:30:00-04:00,1.4500000476837158,1.4600000381469727,1.4199999570846558,1.4249999523162842,24983,0.0,0.0
2024-07-31 13:30:00-04:00,1.4249999523162842,1.4294999837875366,1.399999976158142,1.399999976158142,27326,0.0,0.0
2024-07-31 14:30:00-04:00,1.399999976158142,1.4850000143051147,1.399999976158142,1.4299999475479126,79988,0.0,0.0
2024-07-31 15:30:00-04:00,1.4199999570846558,1.4299999475479126,1.399999976158142,1.399999976158142,35919,0.0,0.0
2024-08-01 09:30:00-04:00,1.399999976158142,1.4199999570846558,1.3200000524520874,1.3200000524520874,89598,0.0,0.0
2024-08-01 10:30:00-04:00,1.3250000476837158,1.3550000190734863,1.2999999523162842,1.3200000524520874,144565,0.0,0.0
2024-08-01 11:30:00-04:00,1.3200000524520874,1.3600000143051147,1.309999942779541,1.3200000524520874,69450,0.0,0.0
2024-08-01 12:30:00-04:00,1.3200000524520874,1.3300000429153442,1.2999999523162842,1.2999999523162842,56089,0.0,0.0
2024-08-01 13:30:00-04:00,1.2999999523162842,1.3200000524520874,1.2999999523162842,1.3200000524520874,46285,0.0,0.0
2024-08-01 14:30:00-04:00,1.3200000524520874,1.3299000263214111,1.309999942779541,1.3250000476837158,69659,0.0,0.0
2024-08-01 15:30:00-04:00,1.3280999660491943,1.3280999660491943,1.2999999523162842,1.3200000524520874,77473,0.0,0.0
2024-08-02 09:30:00-04:00,1.309999942779541,1.3250000476837158,1.215000033378601,1.2350000143051147,164705,0.0,0.0
2024-08-02 10:30:00-04:00,1.2350000143051147,1.2699999809265137,1.2000000476837158,1.225000023841858,166632,0.0,0.0
2024-08-02 11:30:00-04:00,1.2300000190734863,1.2599999904632568,1.2300000190734863,1.2549999952316284,27870,0.0,0.0
2024-08-02 12:30:00-04:00,1.2599999904632568,1.2699999809265137,1.2300000190734863,1.2300000190734863,124724,0.0,0.0
2024-08-02 13:30:00-04:00,1.2350000143051147,1.2450000047683716,1.2300000190734863,1.2450000047683716,38836,0.0,0.0
2024-08-02 14:30:00-04:00,1.25,1.2595000267028809,1.2419999837875366,1.25,56293,0.0,0.0
2024-08-02 15:30:00-04:00,1.2549999952316284,1.2595000267028809,1.190000057220459,1.190000057220459,179852,0.0,0.0
2024-08-05 09:30:00-04:00,1.1200000047683716,1.1399999856948853,1.0499999523162842,1.1100000143051147,114827,0.0,0.0
2024-08-05 10:30:00-04:00,1.1100000143051147,1.1699999570846558,1.1035000085830688,1.159999966621399,72896,0.0,0.0
2024-08-05 11:30:00-04:00,1.1579999923706055,1.2000000476837158,1.1549999713897705,1.1887999773025513,43052,0.0,0.0
2024-08-05 12:30:00-04:00,1.190000057220459,1.2000000476837158,1.1699999570846558,1.1699999570846558,21578,0.0,0.0
2024-08-05 13:30:00-04:00,1.1749999523162842,1.179800033569336,1.1100000143051147,1.1150000095367432,39141,0.0,0.0
2024-08-05 14:30:00-04:00,1.1198999881744385,1.1198999881744385,1.100000023841858,1.100000023841858,74911,0.0,0.0
2024-08-05 15:30:00-04:00,1.100000023841858,1.1098999977111816,1.0800000429153442,1.0800000429153442,116282,0.0,0.0
2024-08-06 09:30:00-04:00,1.100000023841858,1.2200000286102295,1.100000023841858,1.2050000429153442,110329,0.0,0.0
2024-08-06 10:30:00-04:00,1.200700044631958,1.2100000381469727,1.1699999570846558,1.1791000366210938,32479,0.0,0.0
2024-08-06 11:30:00-04:00,1.1699999570846558,1.1799999475479126,1.1449999809265137,1.179900050163269,40229,0.0,0.0
2024-08-06 12:30:00-04:00,1.1799999475479126,1.2000000476837158,1.170799970626831,1.2000000476837158,29946,0.0,0.0
2024-08-06 13:30:00-04:00,1.1950000524520874,1.2400000095367432,1.1950000524520874,1.2288999557495117,52257,0.0,0.0
2024-08-06 14:30:00-04:00,1.225000023841858,1.2300000190734863,1.1699999570846558,1.1799999475479126,29218,0.0,0.0
2024-08-06 15:30:00-04:00,1.1799999475479126,1.1799999475479126,1.1299999952316284,1.1349999904632568,64116,0.0,0.0
2024-08-07 09:30:00-04:00,1.159999966621399,1.2000000476837158,1.1299999952316284,1.1299999952316284,0,0.0,0.0
2024-08-07 10:30:00-04:00,1.1299999952316284,1.1598000526428223,1.1299999952316284,1.1399999856948853,79715,0.0,0.0
2024-08-07 11:30:00-04:00,1.1399999856948853,1.149999976158142,1.1399999856948853,1.1399999856948853,20792,0.0,0.0
2024-08-07 12:30:00-04:00,1.1399999856948853,1.1496000289916992,1.100000023841858,1.100000023841858,21853,0.0,0.0
2024-08-07 13:30:00-04:00,1.100000023841858,1.1098999977111816,1.0499999523162842,1.0499999523162842,70269,0.0,0.0
2024-08-07 14:30:00-04:00,1.0499999523162842,1.069700002670288,1.0199999809265137,1.0399999618530273,77948,0.0,0.0
2024-08-07 15:30:00-04:00,1.0399999618530273,1.0399999618530273,1.0199999809265137,1.0199999809265137,67373,0.0,0.0
2024-08-08 09:30:00-04:00,1.0399999618530273,1.159999966621399,1.0399999618530273,1.1399999856948853,99051,0.0,0.0
2024-08-08 10:30:00-04:00,1.1399999856948853,1.159600019454956,1.090000033378601,1.1200000047683716,69015,0.0,0.0
2024-08-08 11:30:00-04:00,1.1298999786376953,1.1299999952316284,1.1200000047683716,1.1226999759674072,27865,0.0,0.0
2024-08-08 12:30:00-04:00,1.1299999952316284,1.149999976158142,1.1200000047683716,1.1399999856948853,28973,0.0,0.0
2024-08-08 13:30:00-04:00,1.1399999856948853,1.149999976158142,1.100100040435791,1.149999976158142,50203,0.0,0.0
2024-08-08 14:30:00-04:00,1.1549999713897705,1.1698999404907227,1.1200000047683716,1.125,62446,0.0,0.0
2024-08-08 15:30:00-04:00,1.1200000047683716,1.149999976158142,1.059999942779541,1.1100000143051147,87072,0.0,0.0
2024-08-09 09:30:00-04:00,0.8600000143051147,0.8799999952316284,0.732200026512146,0.7641000151634216,719999,0.0,0.0
2024-08-09 10:30:00-04:00,0.7648000121116638,0.8526999950408936,0.7641000151634216,0.8004999756813049,304126,0.0,0.0
2024-08-09 11:30:00-04:00,0.8086000084877014,0.8848000168800354,0.8001999855041504,0.8700000047683716,193823,0.0,0.0
2024-08-09 12:30:00-04:00,0.8727999925613403,0.9372000098228455,0.7904000282287598,0.8432000279426575,471595,0.0,0.0
2024-08-09 13:30:00-04:00,0.8440999984741211,0.8450999855995178,0.7904000282287598,0.7978000044822693,162637,0.0,0.0
2024-08-09 14:30:00-04:00,0.7998999953269958,0.800000011920929,0.7599999904632568,0.7646999955177307,158095,0.0,0.0
2024-08-09 15:30:00-04:00,0.7681999802589417,0.7814000248908997,0.7599999904632568,0.7601000070571899,190242,0.0,0.0
2024-08-12 09:30:00-04:00,0.8084999918937683,0.9200000166893005,0.75,0.8809000253677368,701394,0.0,0.0
2024-08-12 10:30:00-04:00,0.8730999827384949,0.9901999831199646,0.8672999739646912,0.9261999726295471,742611,0.0,0.0
2024-08-12 11:30:00-04:00,0.9204999804496765,0.9300000071525574,0.8536999821662903,0.9200999736785889,302364,0.0,0.0
2024-08-12 12:30:00-04:00,0.9204999804496765,0.9204999804496765,0.8317999839782715,0.8579999804496765,320567,0.0,0.0
2024-08-12 13:30:00-04:00,0.8463000059127808,0.8600000143051147,0.7879999876022339,0.7990000247955322,192950,0.0,0.0
2024-08-12 14:30:00-04:00,0.7879999876022339,0.8098999857902527,0.7421000003814697,0.75,417920,0.0,0.0
2024-08-12 15:30:00-04:00,0.7498000264167786,0.7545999884605408,0.7217000126838684,0.7217000126838684,288051,0.0,0.0
2024-08-13 09:30:00-04:00,0.75,0.7929999828338623,0.7432000041007996,0.7700999975204468,157061,0.0,0.0
2024-08-13 10:30:00-04:00,0.7746000289916992,0.779699981212616,0.7200000286102295,0.7343999743461609,176258,0.0,0.0
2024-08-13 11:30:00-04:00,0.7300000190734863,0.7389000058174133,0.7056000232696533,0.7322999835014343,213681,0.0,0.0
2024-08-13 12:30:00-04:00,0.7300000190734863,0.7322999835014343,0.699999988079071,0.7003999948501587,217157,0.0,0.0
2024-08-13 13:30:00-04:00,0.7107999920845032,0.7268999814987183,0.7005000114440918,0.7233999967575073,104249,0.0,0.0
2024-08-13 14:30:00-04:00,0.7233999967575073,0.7851999998092651,0.7200000286102295,0.7515000104904175,140297,0.0,0.0
2024-08-13 15:30:00-04:00,0.742900013923645,0.7677000164985657,0.742900013923645,0.7445999979972839,60077,0.0,0.0
2024-08-14 09:30:00-04:00,0.7839000225067139,0.7900000214576721,0.7099999785423279,0.746999979019165,180644,0.0,0.0
2024-08-14 10:30:00-04:00,0.7419000267982483,0.746999979019165,0.7149999737739563,0.7286999821662903,145480,0.0,0.0
2024-08-14 11:30:00-04:00,0.7286999821662903,0.7365000247955322,0.7232999801635742,0.7278000116348267,60164,0.0,0.0
2024-08-14 12:30:00-04:00,0.7319999933242798,0.7382000088691711,0.7269999980926514,0.7350000143051147,43805,0.0,0.0
2024-08-14 13:30:00-04:00,0.7314000129699707,0.7391999959945679,0.7236999869346619,0.7267000079154968,45593,0.0,0.0
2024-08-14 14:30:00-04:00,0.7279000282287598,0.7300000190734863,0.7232999801635742,0.7300000190734863,53281,0.0,0.0
2024-08-14 15:30:00-04:00,0.7267000079154968,0.7267000079154968,0.7149999737739563,0.7200000286102295,45791,0.0,0.0
2024-08-15 09:30:00-04:00,0.75,0.7598999738693237,0.7307000160217285,0.7486000061035156,93996,0.0,0.0
2024-08-15 10:30:00-04:00,0.745199978351593,0.8093000054359436,0.745199978351593,0.7549999952316284,113709,0.0,0.0
2024-08-15 11:30:00-04:00,0.7601000070571899,0.7699999809265137,0.7268000245094299,0.7383999824523926,101323,0.0,0.0
2024-08-15 12:30:00-04:00,0.7307000160217285,0.7408999800682068,0.7206000089645386,0.7315999865531921,45432,0.0,0.0
2024-08-15 13:30:00-04:00,0.7315999865531921,0.7408000230789185,0.7229999899864197,0.7315999865531921,45613,0.0,0.0
2024-08-15 14:30:00-04:00,0.7354999780654907,0.7407000064849854,0.7294999957084656,0.7294999957084656,37172,0.0,0.0
2024-08-15 15:30:00-04:00,0.728600025177002,0.75,0.7250999808311462,0.7462000250816345,55585,0.0,0.0
2024-08-16 09:30:00-04:00,0.7785000205039978,0.7785000205039978,0.7301999926567078,0.7639999985694885,218324,0.0,0.0
2024-08-16 10:30:00-04:00,0.7670000195503235,0.7680000066757202,0.7407000064849854,0.7680000066757202,14058,0.0,0.0
2024-08-16 11:30:00-04:00,0.7612000107765198,0.8180000185966492,0.760200023651123,0.8058000206947327,93959,0.0,0.0
2024-08-16 12:30:00-04:00,0.8073999881744385,0.8374000191688538,0.7950999736785889,0.800000011920929,169089,0.0,0.0
2024-08-16 13:30:00-04:00,0.7979000210762024,0.8080000281333923,0.7962999939918518,0.8080000281333923,46732,0.0,0.0
2024-08-16 14:30:00-04:00,0.8080000281333923,0.8199999928474426,0.8014000058174133,0.8120999932289124,43122,0.0,0.0
2024-08-16 15:30:00-04:00,0.8087999820709229,0.8199999928474426,0.805899977684021,0.8180000185966492,67260,0.0,0.0
2024-08-19 09:30:00-04:00,0.8199999928474426,0.8500000238418579,0.800000011920929,0.8345000147819519,150701,0.0,0.0
2024-08-19 10:30:00-04:00,0.8349999785423279,0.8500000238418579,0.8306000232696533,0.8434000015258789,58330,0.0,0.0
2024-08-19 11:30:00-04:00,0.8468999862670898,0.8636000156402588,0.8396000266075134,0.8500000238418579,39906,0.0,0.0
2024-08-19 12:30:00-04:00,0.8546000123023987,0.8547000288963318,0.8439000248908997,0.8439000248908997,12246,0.0,0.0
2024-08-19 13:30:00-04:00,0.8456000089645386,0.8536999821662903,0.8325999975204468,0.8349999785423279,34013,0.0,0.0
2024-08-19 14:30:00-04:00,0.8327000141143799,0.8500000238418579,0.8118000030517578,0.845300018787384,58553,0.0,0.0
2024-08-19 15:30:00-04:00,0.845300018787384,0.8500000238418579,0.8395000100135803,0.8486999869346619,37232,0.0,0.0
2024-08-20 09:30:00-04:00,0.8700000047683716,0.8871999979019165,0.83160001039505,0.83160001039505,120348,0.0,0.0
2024-08-20 10:30:00-04:00,0.8278999924659729,0.8427000045776367,0.8278999924659729,0.8305000066757202,13234,0.0,0.0
2024-08-20 11:30:00-04:00,0.8348000049591064,0.8379999995231628,0.8001000285148621,0.8199999928474426,69807,0.0,0.0
2024-08-20 12:30:00-04:00,0.8199999928474426,0.8199999928474426,0.8003000020980835,0.8141999840736389,20970,0.0,0.0
2024-08-20 13:30:00-04:00,0.8158000111579895,0.8162999749183655,0.8022000193595886,0.802299976348877,12241,0.0,0.0
2024-08-20 14:30:00-04:00,0.8009999990463257,0.8148999810218811,0.8007000088691711,0.8098999857902527,31352,0.0,0.0
2024-08-20 15:30:00-04:00,0.8090000152587891,0.8149999976158142,0.8008000254631042,0.8149999976158142,27352,0.0,0.0
2024-08-21 09:30:00-04:00,0.8079000115394592,0.8479999899864197,0.800000011920929,0.839900016784668,24188,0.0,0.0
2024-08-21 10:30:00-04:00,0.8320000171661377,0.8579999804496765,0.8312000036239624,0.8579999804496765,29412,0.0,0.0
2024-08-21 11:30:00-04:00,0.8518999814987183,0.8700000047683716,0.8503999710083008,0.8700000047683716,44527,0.0,0.0
2024-08-21 12:30:00-04:00,0.8700000047683716,0.871999979019165,0.8661999702453613,0.8672000169754028,30364,0.0,0.0
2024-08-21 13:30:00-04:00,0.867900013923645,0.8799999952316284,0.8665000200271606,0.8799999952316284,25830,0.0,0.0
2024-08-21 14:30:00-04:00,0.8799999952316284,0.8799999952316284,0.8634999990463257,0.8759999871253967,32671,0.0,0.0
2024-08-21 15:30:00-04:00,0.8779000043869019,0.8980000019073486,0.8715000152587891,0.8970000147819519,43048,0.0,0.0
2024-08-22 09:30:00-04:00,0.8999999761581421,0.8999999761581421,0.8650000095367432,0.8709999918937683,60018,0.0,0.0
2024-08-22 10:30:00-04:00,0.8730000257492065,0.8878999948501587,0.8665000200271606,0.8665000200271606,24166,0.0,0.0
2024-08-22 11:30:00-04:00,0.8665000200271606,0.8669999837875366,0.838699996471405,0.8500999808311462,67112,0.0,0.0
2024-08-22 12:30:00-04:00,0.8400999903678894,0.8500000238418579,0.8104000091552734,0.8109999895095825,40957,0.0,0.0
2024-08-22 13:30:00-04:00,0.8330000042915344,0.8330000042915344,0.800599992275238,0.8256000280380249,88371,0.0,0.0
2024-08-22 14:30:00-04:00,0.8201000094413757,0.8393999934196472,0.800000011920929,0.828000009059906,82494,0.0,0.0
2024-08-22 15:30:00-04:00,0.800000011920929,0.8172000050544739,0.800000011920929,0.8001000285148621,48172,0.0,0.0
2024-08-23 09:30:00-04:00,0.8090000152587891,0.8497999906539917,0.8090000152587891,0.84579998254776,125288,0.0,0.0
2024-08-23 10:30:00-04:00,0.8450000286102295,0.8500000238418579,0.8101999759674072,0.8400999903678894,66254,0.0,0.0
2024-08-23 11:30:00-04:00,0.8402000069618225,0.8568000197410583,0.8399999737739563,0.840499997138977,31642,0.0,0.0
2024-08-23 12:30:00-04:00,0.8567000031471252,0.8574000000953674,0.8300999999046326,0.8411999940872192,36173,0.0,0.0
2024-08-23 13:30:00-04:00,0.8331999778747559,0.8700000047683716,0.8331999778747559,0.8464000225067139,15181,0.0,0.0
2024-08-23 14:30:00-04:00,0.8463000059127808,0.8694000244140625,0.8374999761581421,0.8378000259399414,11450,0.0,0.0
2024-08-23 15:30:00-04:00,0.8378000259399414,0.8500000238418579,0.819599986076355,0.8499000072479248,33839,0.0,0.0
2024-08-26 09:30:00-04:00,0.8700000047683716,0.8700000047683716,0.8500000238418579,0.8500000238418579,34275,0.0,0.0
2024-08-26 10:30:00-04:00,0.8500000238418579,0.8675000071525574,0.830299973487854,0.8600000143051147,55510,0.0,0.0
2024-08-26 11:30:00-04:00,0.830299973487854,0.8622999787330627,0.830299973487854,0.8622999787330627,11511,0.0,0.0
2024-08-26 12:30:00-04:00,0.8306000232696533,0.8621000051498413,0.8306000232696533,0.842199981212616,5066,0.0,0.0
2024-08-26 13:30:00-04:00,0.8399999737739563,0.8598999977111816,0.8299999833106995,0.8461999893188477,78488,0.0,0.0
2024-08-26 14:30:00-04:00,0.8299999833106995,0.8508999943733215,0.8199999928474426,0.8482000231742859,61698,0.0,0.0
2024-08-26 15:30:00-04:00,0.8529999852180481,0.8529999852180481,0.8199999928474426,0.8460000157356262,43018,0.0,0.0
2024-08-27 09:30:00-04:00,0.8199999928474426,0.8299999833106995,0.8199999928474426,0.8201000094413757,82565,0.0,0.0
2024-08-27 10:30:00-04:00,0.8201000094413757,0.828000009059906,0.800000011920929,0.8001000285148621,100783,0.0,0.0
2024-08-27 11:30:00-04:00,0.8115000128746033,0.8230000138282776,0.8001000285148621,0.8100000023841858,46109,0.0,0.0
2024-08-27 12:30:00-04:00,0.8098999857902527,0.8180999755859375,0.800000011920929,0.800000011920929,39604,0.0,0.0
2024-08-27 13:30:00-04:00,0.8009999990463257,0.8184999823570251,0.7900000214576721,0.8015999794006348,12328,0.0,0.0
2024-08-27 14:30:00-04:00,0.7900999784469604,0.8052999973297119,0.7900999784469604,0.8003000020980835,7545,0.0,0.0
2024-08-27 15:30:00-04:00,0.7900000214576721,0.809499979019165,0.7900000214576721,0.7924000024795532,24076,0.0,0.0
2024-08-28 09:30:00-04:00,0.7900000214576721,0.8004000186920166,0.7799999713897705,0.7922999858856201,82048,0.0,0.0
2024-08-28 10:30:00-04:00,0.7799999713897705,0.7918999791145325,0.75,0.7699000239372253,78140,0.0,0.0
2024-08-28 11:30:00-04:00,0.7599999904632568,0.7667999863624573,0.7009999752044678,0.7371000051498413,285563,0.0,0.0
2024-08-28 12:30:00-04:00,0.7350000143051147,0.7350000143051147,0.7099999785423279,0.7329000234603882,60607,0.0,0.0
2024-08-28 13:30:00-04:00,0.7300000190734863,0.732699990272522,0.7152000069618225,0.7235999703407288,32530,0.0,0.0
2024-08-28 14:30:00-04:00,0.7157999873161316,0.7369999885559082,0.710099995136261,0.7285000085830688,75707,0.0,0.0
2024-08-28 15:30:00-04:00,0.7293000221252441,0.7599999904632568,0.7200000286102295,0.75,69070,0.0,0.0
2024-08-29 09:30:00-04:00,0.7534999847412109,0.7900000214576721,0.7519999742507935,0.7699999809265137,109579,0.0,0.0
2024-08-29 10:30:00-04:00,0.7710000276565552,0.8194000124931335,0.7700999975204468,0.792900025844574,39711,0.0,0.0
2024-08-29 11:30:00-04:00,0.7925999760627747,0.8267999887466431,0.7925999760627747,0.7993999719619751,54908,0.0,0.0
2024-08-29 12:30:00-04:00,0.8090000152587891,0.8100000023841858,0.7781000137329102,0.7781000137329102,17435,0.0,0.0
2024-08-29 13:30:00-04:00,0.8059999942779541,0.8059999942779541,0.7802000045776367,0.800000011920929,7103,0.0,0.0
2024-08-29 14:30:00-04:00,0.800000011920929,0.8100000023841858,0.7839999794960022,0.8100000023841858,8315,0.0,0.0
2024-08-29 15:30:00-04:00,0.8100000023841858,0.8100000023841858,0.7908999919891357,0.8100000023841858,20339,0.0,0.0
2024-08-30 09:30:00-04:00,0.7900000214576721,0.8100000023841858,0.75,0.767799973487854,70001,0.0,0.0
2024-08-30 10:30:00-04:00,0.7698000073432922,0.7825000286102295,0.7501000165939331,0.7598999738693237,19850,0.0,0.0
2024-08-30 11:30:00-04:00,0.7599999904632568,0.7599999904632568,0.7504000067710876,0.7599999904632568,7529,0.0,0.0
2024-08-30 12:30:00-04:00,0.7598999738693237,0.7599999904632568,0.7501000165939331,0.7598999738693237,26888,0.0,0.0
2024-08-30 13:30:00-04:00,0.7551000118255615,0.7889999747276306,0.7501000165939331,0.7799999713897705,17858,0.0,0.0
2024-08-30 14:30:00-04:00,0.7785999774932861,0.7785999774932861,0.75,0.7555999755859375,13172,0.0,0.0
2024-08-30 15:30:00-04:00,0.7555999755859375,0.7598999738693237,0.75,0.75,14350,0.0,0.0
2024-09-03 09:30:00-04:00,0.7419999837875366,0.7598999738693237,0.7152000069618225,0.7200000286102295,67267,0.0,0.0
2024-09-03 10:30:00-04:00,0.7200000286102295,0.7200000286102295,0.6801999807357788,0.6848999857902527,152411,0.0,0.0
2024-09-03 11:30:00-04:00,0.6801999807357788,0.6898000240325928,0.6800000071525574,0.6800000071525574,58890,0.0,0.0
2024-09-03 12:30:00-04:00,0.6733999848365784,0.6798999905586243,0.660099983215332,0.660099983215332,49436,0.0,0.0
2024-09-03 13:30:00-04:00,0.6741999983787537,0.6798999905586243,0.6610000133514404,0.6769999861717224,51405,0.0,0.0
2024-09-03 14:30:00-04:00,0.6790000200271606,0.6796000003814697,0.6600000262260437,0.6600000262260437,35828,0.0,0.0
2024-09-03 15:30:00-04:00,0.6603000164031982,0.6777999997138977,0.6524999737739563,0.6524999737739563,51317,0.0,0.0
2024-09-04 09:30:00-04:00,0.6531000137329102,0.6765000224113464,0.6531000137329102,0.6568999886512756,43595,0.0,0.0
2024-09-04 10:30:00-04:00,0.659500002861023,0.6600000262260437,0.6549999713897705,0.6549999713897705,37664,0.0,0.0
2024-09-04 11:30:00-04:00,0.6550999879837036,0.659500002861023,0.6549999713897705,0.6571999788284302,21663,0.0,0.0
2024-09-04 12:30:00-04:00,0.6556000113487244,0.6600000262260437,0.6550999879837036,0.6600000262260437,11169,0.0,0.0
2024-09-04 13:30:00-04:00,0.6556000113487244,0.6650000214576721,0.6552000045776367,0.6635000109672546,32737,0.0,0.0
2024-09-04 14:30:00-04:00,0.6635000109672546,0.6644999980926514,0.6531000137329102,0.6644999980926514,24075,0.0,0.0
2024-09-04 15:30:00-04:00,0.6644999980926514,0.6700000166893005,0.6554999947547913,0.66839998960495,13885,0.0,0.0
2024-09-05 09:30:00-04:00,0.6700000166893005,0.6913999915122986,0.6549999713897705,0.6700000166893005,56666,0.0,0.0
2024-09-05 10:30:00-04:00,0.6790000200271606,0.699999988079071,0.6585000157356262,0.6847000122070312,42057,0.0,0.0
2024-09-05 11:30:00-04:00,0.6998999714851379,0.699999988079071,0.6814000010490417,0.699999988079071,11442,0.0,0.0
2024-09-05 12:30:00-04:00,0.6906999945640564,0.6933000087738037,0.6814000010490417,0.6814000010490417,4702,0.0,0.0
2024-09-05 13:30:00-04:00,0.6840999722480774,0.6998999714851379,0.6840999722480774,0.6998999714851379,3687,0.0,0.0
2024-09-05 14:30:00-04:00,0.6873999834060669,0.7099999785423279,0.6873999834060669,0.7099999785423279,6579,0.0,0.0
2024-09-05 15:30:00-04:00,0.699999988079071,0.7358999848365784,0.6880000233650208,0.7358999848365784,51285,0.0,0.0
2024-09-06 09:30:00-04:00,0.7138000130653381,0.75,0.7056000232696533,0.7056000232696533,19690,0.0,0.0
2024-09-06 10:30:00-04:00,0.7193999886512756,0.7386999726295471,0.7139999866485596,0.7139999866485596,29639,0.0,0.0
2024-09-06 11:30:00-04:00,0.7134000062942505,0.7300000190734863,0.6793000102043152,0.6895999908447266,208207,0.0,0.0
2024-09-06 12:30:00-04:00,0.6980000138282776,0.699999988079071,0.6899999976158142,0.6990000009536743,13200,0.0,0.0
2024-09-06 13:30:00-04:00,0.718999981880188,0.7335000038146973,0.699999988079071,0.7245000004768372,23936,0.0,0.0
2024-09-06 14:30:00-04:00,0.7002000212669373,0.7099999785423279,0.6959999799728394,0.6959999799728394,19731,0.0,0.0
2024-09-06 15:30:00-04:00,0.6930000185966492,0.6959999799728394,0.6869000196456909,0.690500020980835,4145,0.0,0.0
2024-09-09 09:30:00-04:00,0.7089999914169312,0.7221999764442444,0.6901000142097473,0.7005000114440918,8675,0.0,0.0
2024-09-09 10:30:00-04:00,0.7005000114440918,0.75,0.6850000023841858,0.7039999961853027,180602,0.0,0.0
2024-09-09 11:30:00-04:00,0.6916000247001648,0.7398999929428101,0.6916000247001648,0.739300012588501,24575,0.0,0.0
2024-09-09 12:30:00-04:00,0.739799976348877,0.7398999929428101,0.6930999755859375,0.7132999897003174,39362,0.0,0.0
2024-09-09 13:30:00-04:00,0.7128000259399414,0.725600004196167,0.6934000253677368,0.7099000215530396,44846,0.0,0.0
2024-09-09 14:30:00-04:00,0.7089999914169312,0.7099000215530396,0.6899999976158142,0.7077000141143799,27116,0.0,0.0
2024-09-09 15:30:00-04:00,0.7055000066757202,0.7098000049591064,0.6930999755859375,0.699999988079071,19732,0.0,0.0
2024-09-10 09:30:00-04:00,0.6812000274658203,0.7264999747276306,0.6804999709129333,0.6804999709129333,23944,0.0,0.0
2024-09-10 10:30:00-04:00,0.6887000203132629,0.7009999752044678,0.680400013923645,0.6990000009536743,11289,0.0,0.0
2024-09-10 11:30:00-04:00,0.7257000207901001,0.7257000207901001,0.7257000207901001,0.7257000207901001,1315,0.0,0.0
2024-09-10 12:30:00-04:00,0.7257000207901001,0.7257000207901001,0.713100016117096,0.713100016117096,2700,0.0,0.0
2024-09-10 13:30:00-04:00,0.7106999754905701,0.734000027179718,0.6820999979972839,0.6820999979972839,19245,0.0,0.0
2024-09-10 14:30:00-04:00,0.7001000046730042,0.7200000286102295,0.6962000131607056,0.7041000127792358,31444,0.0,0.0
2024-09-10 15:30:00-04:00,0.7041000127792358,0.7390000224113464,0.7041000127792358,0.7160999774932861,22323,0.0,0.0
2024-09-11 09:30:00-04:00,0.7300000190734863,0.7300000190734863,0.6809999942779541,0.7099999785423279,24049,0.0,0.0
2024-09-11 10:30:00-04:00,0.7099999785423279,0.7099999785423279,0.6826000213623047,0.6826000213623047,3961,0.0,0.0
2024-09-11 11:30:00-04:00,0.7099000215530396,0.7400000095367432,0.7099000215530396,0.7400000095367432,25641,0.0,0.0
2024-09-11 12:30:00-04:00,0.7400000095367432,0.7400000095367432,0.7354000210762024,0.7354000210762024,1446,0.0,0.0
2024-09-11 13:30:00-04:00,0.7250000238418579,0.7400000095367432,0.7099999785423279,0.7110000252723694,7251,0.0,0.0
2024-09-11 14:30:00-04:00,0.7110000252723694,0.7199000120162964,0.7021999955177307,0.7099999785423279,20886,0.0,0.0
2024-09-11 15:30:00-04:00,0.7099999785423279,0.7099999785423279,0.6830000281333923,0.6887999773025513,35451,0.0,0.0
2024-09-12 09:30:00-04:00,0.6800000071525574,0.6934999823570251,0.6700000166893005,0.6823999881744385,61049,0.0,0.0
2024-09-12 10:30:00-04:00,0.6703000068664551,0.7067000269889832,0.670199990272522,0.7067000269889832,47347,0.0,0.0
2024-09-12 11:30:00-04:00,0.6899999976158142,0.7199000120162964,0.6899999976158142,0.7114999890327454,6093,0.0,0.0
2024-09-12 12:30:00-04:00,0.703000009059906,0.7099000215530396,0.6926000118255615,0.699999988079071,3350,0.0,0.0
2024-09-12 13:30:00-04:00,0.7099000215530396,0.7099000215530396,0.7099000215530396,0.7099000215530396,1622,0.0,0.0
2024-09-12 14:30:00-04:00,0.7099000215530396,0.7348999977111816,0.7001000046730042,0.7099999785423279,107274,0.0,0.0
2024-09-12 15:30:00-04:00,0.7099999785423279,0.7346000075340271,0.682699978351593,0.682699978351593,126117,0.0,0.0
2024-09-13 09:30:00-04:00,0.7297999858856201,0.7599999904632568,0.720300018787384,0.7599999904632568,108500,0.0,0.0
2024-09-13 10:30:00-04:00,0.7599999904632568,0.839900016784668,0.7501000165939331,0.8299999833106995,225464,0.0,0.0
2024-09-13 11:30:00-04:00,0.8349999785423279,0.8497999906539917,0.7770000100135803,0.8199999928474426,141355,0.0,0.0
2024-09-13 12:30:00-04:00,0.8199999928474426,0.8299999833106995,0.7900000214576721,0.7918000221252441,58451,0.0,0.0
2024-09-13 13:30:00-04:00,0.795199990272522,0.8148999810218811,0.7950999736785889,0.8025000095367432,13419,0.0,0.0
2024-09-13 14:30:00-04:00,0.8025000095367432,0.8299999833106995,0.7874000072479248,0.8199999928474426,59820,0.0,0.0
2024-09-13 15:30:00-04:00,0.8199999928474426,0.8237000107765198,0.800000011920929,0.8098000288009644,17021,0.0,0.0
2024-09-16 09:30:00-04:00,0.8199999928474426,0.8299999833106995,0.8001000285148621,0.8145999908447266,17808,0.0,0.0
2024-09-16 10:30:00-04:00,0.8037999868392944,0.8240000009536743,0.800000011920929,0.8120999932289124,19082,0.0,0.0
2024-09-16 11:30:00-04:00,0.8162999749183655,0.8162999749183655,0.7980999946594238,0.8119999766349792,10913,0.0,0.0
2024-09-16 12:30:00-04:00,0.8090000152587891,0.8227999806404114,0.800000011920929,0.800000011920929,7528,0.0,0.0
2024-09-16 13:30:00-04:00,0.800000011920929,0.8199999928474426,0.7325999736785889,0.7325999736785889,18991,0.0,0.0
2024-09-16 14:30:00-04:00,0.7688000202178955,0.7799999713897705,0.7688000202178955,0.7795000076293945,7009,0.0,0.0
2024-09-16 15:30:00-04:00,0.777999997138977,0.7804999947547913,0.7594000101089478,0.7594000101089478,29090,0.0,0.0
2024-09-17 09:30:00-04:00,0.800000011920929,0.800000011920929,0.699999988079071,0.7559000253677368,68383,0.0,0.0
2024-09-17 10:30:00-04:00,0.7559999823570251,0.7563999891281128,0.7200000286102295,0.7490000128746033,33809,0.0,0.0
2024-09-17 11:30:00-04:00,0.7419999837875366,0.7562999725341797,0.7200999855995178,0.7562999725341797,29037,0.0,0.0
2024-09-17 12:30:00-04:00,0.7329999804496765,0.7699999809265137,0.7329999804496765,0.7547000050544739,14591,0.0,0.0
2024-09-17 13:30:00-04:00,0.765999972820282,0.7670000195503235,0.7509999871253967,0.7649999856948853,3630,0.0,0.0
2024-09-17 14:30:00-04:00,0.7541999816894531,0.7760000228881836,0.7541000247001648,0.758899986743927,6616,0.0,0.0
2024-09-17 15:30:00-04:00,0.7558000087738037,0.758400022983551,0.75,0.7501000165939331,10545,0.0,0.0
2024-09-18 09:30:00-04:00,0.7494999766349792,0.7809000015258789,0.7494999766349792,0.7796000242233276,4806,0.0,0.0
2024-09-18 10:30:00-04:00,0.7799999713897705,0.7799999713897705,0.7505000233650208,0.7505000233650208,1071,0.0,0.0
2024-09-18 11:30:00-04:00,0.7700999975204468,0.7770000100135803,0.7700999975204468,0.7770000100135803,2071,0.0,0.0
2024-09-18 12:30:00-04:00,0.7770000100135803,0.7799999713897705,0.7501000165939331,0.7511000037193298,10260,0.0,0.0
2024-09-18 13:30:00-04:00,0.7329999804496765,0.7659000158309937,0.7329999804496765,0.7541000247001648,93615,0.0,0.0
2024-09-18 14:30:00-04:00,0.7735999822616577,0.8026999831199646,0.7578999996185303,0.7936000227928162,60104,0.0,0.0
2024-09-18 15:30:00-04:00,0.7910000085830688,0.7910000085830688,0.7623000144958496,0.7662000060081482,27591,0.0,0.0
2024-09-19 09:30:00-04:00,0.7799999713897705,0.7799999713897705,0.7741000056266785,0.7741000056266785,42452,0.0,0.0
2024-09-19 10:30:00-04:00,0.7702999711036682,0.7741000056266785,0.7702999711036682,0.7741000056266785,24149,0.0,0.0
2024-09-19 11:30:00-04:00,0.7741000056266785,0.7785000205039978,0.7702000141143799,0.774399995803833,4808,0.0,0.0
2024-09-19 12:30:00-04:00,0.7742000222206116,0.7775999903678894,0.7702999711036682,0.7742000222206116,2138,0.0,0.0
2024-09-19 13:30:00-04:00,0.7764999866485596,0.7764999866485596,0.7703999876976013,0.7717000246047974,6934,0.0,0.0
2024-09-19 14:30:00-04:00,0.7705000042915344,0.7778000235557556,0.7705000042915344,0.7778000235557556,3787,0.0,0.0
2024-09-19 15:30:00-04:00,0.7742000222206116,0.7742000222206116,0.7700999975204468,0.7700999975204468,8192,0.0,0.0
2024-09-20 09:30:00-04:00,0.7599999904632568,0.7699999809265137,0.7271999716758728,0.7699999809265137,54759,0.0,0.0
2024-09-20 10:30:00-04:00,0.7900000214576721,0.7900000214576721,0.7371000051498413,0.7889999747276306,4731,0.0,0.0
2024-09-20 11:30:00-04:00,0.7649999856948853,0.789900004863739,0.7649999856948853,0.7732999920845032,8604,0.0,0.0
2024-09-20 12:30:00-04:00,0.7731999754905701,0.781499981880188,0.7731999754905701,0.781499981880188,938,0.0,0.0
2024-09-20 13:30:00-04:00,0.781499981880188,0.781499981880188,0.7732999920845032,0.7732999920845032,1038,0.0,0.0
2024-09-20 14:30:00-04:00,0.781499981880188,0.789900004863739,0.7712000012397766,0.789900004863739,5717,0.0,0.0
2024-09-20 15:30:00-04:00,0.7849000096321106,0.789900004863739,0.75,0.7580000162124634,38535,0.0,0.0
2024-09-23 09:30:00-04:00,0.7462000250816345,0.7900000214576721,0.7200000286102295,0.7757999897003174,50899,0.0,0.0
2024-09-23 10:30:00-04:00,0.7599999904632568,0.7757999897003174,0.7516000270843506,0.758400022983551,14779,0.0,0.0
2024-09-23 11:30:00-04:00,0.75,0.7666000127792358,0.75,0.7666000127792358,5061,0.0,0.0
2024-09-23 12:30:00-04:00,0.7501999735832214,0.7666000127792358,0.7501999735832214,0.7585999965667725,11323,0.0,0.0
2024-09-23 13:30:00-04:00,0.7585999965667725,0.7666000127792358,0.7300000190734863,0.7548999786376953,37667,0.0,0.0
2024-09-23 14:30:00-04:00,0.7498000264167786,0.7498000264167786,0.7009999752044678,0.7264000177383423,56874,0.0,0.0
2024-09-23 15:30:00-04:00,0.7264000177383423,0.7264000177383423,0.7005000114440918,0.7005000114440918,32063,0.0,0.0
2024-09-24 09:30:00-04:00,0.7002999782562256,0.7490000128746033,0.7002999782562256,0.7297999858856201,0,0.0,0.0
2024-09-24 10:30:00-04:00,0.7247999906539917,0.7299000024795532,0.7197999954223633,0.7199000120162964,8089,0.0,0.0
2024-09-24 11:30:00-04:00,0.7199000120162964,0.7398999929428101,0.7179999947547913,0.718999981880188,9318,0.0,0.0
2024-09-24 12:30:00-04:00,0.7299000024795532,0.7299000024795532,0.7160000205039978,0.72079998254776,10886,0.0,0.0
2024-09-24 13:30:00-04:00,0.7283999919891357,0.7383999824523926,0.7210000157356262,0.7383000254631042,25861,0.0,0.0
2024-09-24 14:30:00-04:00,0.7210000157356262,0.7389000058174133,0.7204999923706055,0.7204999923706055,9596,0.0,0.0
2024-09-24 15:30:00-04:00,0.7358999848365784,0.7358999848365784,0.7210000157356262,0.7286999821662903,9507,0.0,0.0
2024-09-25 09:30:00-04:00,0.7200000286102295,0.7398999929428101,0.7056999802589417,0.7189000248908997,18375,0.0,0.0
2024-09-25 10:30:00-04:00,0.7379999756813049,0.7390000224113464,0.7240999937057495,0.7240999937057495,6098,0.0,0.0
2024-09-25 11:30:00-04:00,0.7240999937057495,0.7240999937057495,0.7001000046730042,0.7146999835968018,15219,0.0,0.0
2024-09-25 12:30:00-04:00,0.7146999835968018,0.7152000069618225,0.710099995136261,0.710099995136261,9524,0.0,0.0
2024-09-25 13:30:00-04:00,0.710099995136261,0.7228999733924866,0.710099995136261,0.7200000286102295,6223,0.0,0.0
2024-09-25 14:30:00-04:00,0.7200000286102295,0.7200000286102295,0.7031000256538391,0.7073000073432922,37202,0.0,0.0
2024-09-25 15:30:00-04:00,0.7073000073432922,0.7099999785423279,0.7002000212669373,0.7019000053405762,15592,0.0,0.0
2024-09-26 09:30:00-04:00,0.7128000259399414,0.7228999733924866,0.7009999752044678,0.7095000147819519,25166,0.0,0.0
2024-09-26 10:30:00-04:00,0.710099995136261,0.7164999842643738,0.7099999785423279,0.7120000123977661,13928,0.0,0.0
2024-09-26 11:30:00-04:00,0.710099995136261,0.7186999917030334,0.710099995136261,0.7185999751091003,12023,0.0,0.0
2024-09-26 12:30:00-04:00,0.7186999917030334,0.7350000143051147,0.7186999917030334,0.7318999767303467,19701,0.0,0.0
2024-09-26 13:30:00-04:00,0.734000027179718,0.734000027179718,0.7210000157356262,0.7210000157356262,1428,0.0,0.0
2024-09-26 14:30:00-04:00,0.7210000157356262,0.7264999747276306,0.7202000021934509,0.7264999747276306,3554,0.0,0.0
2024-09-26 15:30:00-04:00,0.7210000157356262,0.7210000157356262,0.7204999923706055,0.7204999923706055,1733,0.0,0.0
2024-09-27 09:30:00-04:00,0.7250000238418579,0.75,0.7250000238418579,0.7315000295639038,55493,0.0,0.0
2024-09-27 10:30:00-04:00,0.7407000064849854,0.7983999848365784,0.7348999977111816,0.760200023651123,18249,0.0,0.0
2024-09-27 11:30:00-04:00,0.760200023651123,0.7889999747276306,0.7409999966621399,0.7470999956130981,49119,0.0,0.0
2024-09-27 12:30:00-04:00,0.7429999709129333,0.7749000191688538,0.7429999709129333,0.7459999918937683,16209,0.0,0.0
2024-09-27 13:30:00-04:00,0.7491000294685364,0.779699981212616,0.7459999918937683,0.7699999809265137,9068,0.0,0.0
2024-09-27 14:30:00-04:00,0.7699999809265137,0.7889999747276306,0.765999972820282,0.765999972820282,38444,0.0,0.0
2024-09-27 15:30:00-04:00,0.7660999894142151,0.7799999713897705,0.7660999894142151,0.7681000232696533,20922,0.0,0.0
2024-09-30 09:30:00-04:00,0.7680000066757202,0.79339998960495,0.7680000066757202,0.7799999713897705,11222,0.0,0.0
2024-09-30 10:30:00-04:00,0.7796000242233276,0.7796000242233276,0.7702999711036682,0.7702999711036682,3235,0.0,0.0
2024-09-30 11:30:00-04:00,0.7888000011444092,0.7888000011444092,0.7700999975204468,0.7700999975204468,1387,0.0,0.0
2024-09-30 12:30:00-04:00,0.7700999975204468,0.7888000011444092,0.7700999975204468,0.7885000109672546,4110,0.0,0.0
2024-09-30 13:30:00-04:00,0.7799999713897705,0.7800999879837036,0.7680000066757202,0.7699000239372253,19975,0.0,0.0
2024-09-30 14:30:00-04:00,0.7695000171661377,0.7878999710083008,0.7688999772071838,0.76910001039505,16284,0.0,0.0
2024-09-30 15:30:00-04:00,0.7695000171661377,0.7889000177383423,0.7694000005722046,0.7889000177383423,25838,0.0,0.0
2024-10-01 09:30:00-04:00,0.7900000214576721,0.798799991607666,0.7699999809265137,0.7897999882698059,27342,0.0,0.0
2024-10-01 10:30:00-04:00,0.7896999716758728,0.7979000210762024,0.7817999720573425,0.7818999886512756,9679,0.0,0.0
2024-10-01 11:30:00-04:00,0.7900999784469604,0.7990000247955322,0.7900999784469604,0.7967000007629395,13206,0.0,0.0
2024-10-01 12:30:00-04:00,0.7965999841690063,0.7965999841690063,0.7817999720573425,0.7922999858856201,18125,0.0,0.0
2024-10-01 13:30:00-04:00,0.7922999858856201,0.7986000180244446,0.7882000207901001,0.7973999977111816,4412,0.0,0.0
2024-10-01 14:30:00-04:00,0.79830002784729,0.7989000082015991,0.7979000210762024,0.7986999750137329,16182,0.0,0.0
2024-10-01 15:30:00-04:00,0.7997999787330627,0.7997999787330627,0.7910000085830688,0.7957000136375427,46655,0.0,0.0
2024-10-02 09:30:00-04:00,0.7767000198364258,0.7997999787330627,0.7702999711036682,0.7702999711036682,9491,0.0,0.0
2024-10-02 10:30:00-04:00,0.7700999975204468,0.781000018119812,0.7700999975204468,0.7803999781608582,1863,0.0,0.0
2024-10-02 11:30:00-04:00,0.7702000141143799,0.7904999852180481,0.7702000141143799,0.7750999927520752,8119,0.0,0.0
2024-10-02 13:30:00-04:00,0.7749999761581421,0.7749999761581421,0.7501000165939331,0.7592999935150146,36621,0.0,0.0
2024-10-02 14:30:00-04:00,0.7501000165939331,0.7667999863624573,0.7501000165939331,0.7519999742507935,9345,0.0,0.0
2024-10-02 15:30:00-04:00,0.7509999871253967,0.7657999992370605,0.7504000067710876,0.7504000067710876,11926,0.0,0.0
2024-10-03 09:30:00-04:00,0.7699999809265137,0.7998999953269958,0.7556999921798706,0.7556999921798706,10584,0.0,0.0
2024-10-03 10:30:00-04:00,0.7401999831199646,0.7519999742507935,0.7310000061988831,0.7519999742507935,5339,0.0,0.0
2024-10-03 11:30:00-04:00,0.7336000204086304,0.7336000204086304,0.7107999920845032,0.7297999858856201,16882,0.0,0.0
2024-10-03 12:30:00-04:00,0.7281000018119812,0.7297000288963318,0.711899995803833,0.7129999995231628,13038,0.0,0.0
2024-10-03 13:30:00-04:00,0.7121999859809875,0.715399980545044,0.699999988079071,0.7049999833106995,51989,0.0,0.0
2024-10-03 14:30:00-04:00,0.7297999858856201,0.7297999858856201,0.7105000019073486,0.7289999723434448,3176,0.0,0.0
2024-10-03 15:30:00-04:00,0.7202000021934509,0.7296000123023987,0.7105000019073486,0.7296000123023987,4651,0.0,0.0
2024-10-04 09:30:00-04:00,0.7177000045776367,0.7498000264167786,0.7049999833106995,0.7486000061035156,11507,0.0,0.0
2024-10-04 10:30:00-04:00,0.7300999760627747,0.7497000098228455,0.7300999760627747,0.739799976348877,5229,0.0,0.0
2024-10-04 11:30:00-04:00,0.7319999933242798,0.7396000027656555,0.7300000190734863,0.7389000058174133,9495,0.0,0.0
2024-10-04 12:30:00-04:00,0.734499990940094,0.7387999892234802,0.7217000126838684,0.7305999994277954,13022,0.0,0.0
2024-10-04 13:30:00-04:00,0.7305999994277954,0.7305999994277954,0.7253000140190125,0.7304999828338623,3309,0.0,0.0
2024-10-04 14:30:00-04:00,0.7264000177383423,0.7369999885559082,0.7264000177383423,0.7369999885559082,10052,0.0,0.0
2024-10-04 15:30:00-04:00,0.7365000247955322,0.7497000098228455,0.7317000031471252,0.7497000098228455,11246,0.0,0.0
2024-10-07 09:30:00-04:00,0.7400000095367432,0.7494000196456909,0.7300999760627747,0.7310000061988831,6270,0.0,0.0
2024-10-07 10:30:00-04:00,0.7494000196456909,0.7494000196456909,0.7300999760627747,0.7325999736785889,0,0.0,0.0
2024-10-07 11:30:00-04:00,0.7300999760627747,0.7419000267982483,0.7200000286102295,0.7415000200271606,35798,0.0,0.0
2024-10-07 12:30:00-04:00,0.7210000157356262,0.7282000184059143,0.7200000286102295,0.7200000286102295,15370,0.0,0.0
2024-10-07 13:30:00-04:00,0.7202000021934509,0.7245000004768372,0.7102000117301941,0.7196000218391418,13666,0.0,0.0
2024-10-07 14:30:00-04:00,0.7196000218391418,0.7196000218391418,0.699999988079071,0.7032999992370605,38067,0.0,0.0
2024-10-07 15:30:00-04:00,0.7063999772071838,0.7196000218391418,0.7062000036239624,0.7196000218391418,6836,0.0,0.0
2024-10-08 09:30:00-04:00,0.7360000014305115,0.7360000014305115,0.7009000182151794,0.7217000126838684,4318,0.0,0.0
2024-10-08 10:30:00-04:00,0.7221999764442444,0.7250000238418579,0.7009000182151794,0.7009000182151794,4287,0.0,0.0
2024-10-08 11:30:00-04:00,0.7099999785423279,0.7156999707221985,0.7009000182151794,0.7009000182151794,9244,0.0,0.0
2024-10-08 12:30:00-04:00,0.7009000182151794,0.7139999866485596,0.699999988079071,0.7031999826431274,9731,0.0,0.0
2024-10-08 13:30:00-04:00,0.7009999752044678,0.7196000218391418,0.6809999942779541,0.6923999786376953,51350,0.0,0.0
2024-10-08 14:30:00-04:00,0.6897000074386597,0.6945000290870667,0.6894000172615051,0.6901999711990356,24126,0.0,0.0
2024-10-08 15:30:00-04:00,0.6922000050544739,0.7052000164985657,0.6904000043869019,0.6945000290870667,33074,0.0,0.0
2024-10-09 09:30:00-04:00,0.7200000286102295,0.7300000190734863,0.6902999877929688,0.7299000024795532,24633,0.0,0.0
2024-10-09 10:30:00-04:00,0.7299000024795532,0.7299000024795532,0.7192000150680542,0.7192000150680542,24171,0.0,0.0
2024-10-09 11:30:00-04:00,0.7179999947547913,0.7396000027656555,0.7179999947547913,0.7297000288963318,27920,0.0,0.0
2024-10-09 12:30:00-04:00,0.7297000288963318,0.7300000190734863,0.7102000117301941,0.7297000288963318,3764,0.0,0.0
2024-10-09 13:30:00-04:00,0.7297000288963318,0.7299000024795532,0.7106999754905701,0.7150999903678894,6729,0.0,0.0
2024-10-09 14:30:00-04:00,0.7199000120162964,0.7299000024795532,0.7103000283241272,0.7299000024795532,11494,0.0,0.0
2024-10-09 15:30:00-04:00,0.7142999768257141,0.7398999929428101,0.7103999853134155,0.7390000224113464,19766,0.0,0.0
2024-10-10 09:30:00-04:00,0.75,0.75,0.7107999920845032,0.7253000140190125,46108,0.0,0.0
2024-10-10 10:30:00-04:00,0.7253000140190125,0.7397000193595886,0.7105000019073486,0.7253000140190125,27643,0.0,0.0
2024-10-10 11:30:00-04:00,0.7396000027656555,0.7396000027656555,0.7128000259399414,0.7213000059127808,11162,0.0,0.0
2024-10-10 12:30:00-04:00,0.7297000288963318,0.7299000024795532,0.7214000225067139,0.7214999794960022,5988,0.0,0.0
2024-10-10 13:30:00-04:00,0.7299000024795532,0.7299000024795532,0.7129999995231628,0.7289999723434448,6184,0.0,0.0
2024-10-10 14:30:00-04:00,0.7214999794960022,0.7289999723434448,0.7129999995231628,0.7214999794960022,6171,0.0,0.0
2024-10-10 15:30:00-04:00,0.7214999794960022,0.7293999791145325,0.7159000039100647,0.728600025177002,22167,0.0,0.0
2024-10-11 09:30:00-04:00,0.7149999737739563,0.7498000264167786,0.7149999737739563,0.7243000268936157,22756,0.0,0.0
2024-10-11 10:30:00-04:00,0.7498000264167786,0.7498000264167786,0.7243000268936157,0.7480000257492065,6368,0.0,0.0
2024-10-11 11:30:00-04:00,0.7400000095367432,0.75,0.7400000095367432,0.75,29892,0.0,0.0
2024-10-11 12:30:00-04:00,0.75,0.75,0.7328000068664551,0.7415000200271606,30706,0.0,0.0
2024-10-11 13:30:00-04:00,0.75,0.7581999897956848,0.7473000288009644,0.7580000162124634,8018,0.0,0.0
2024-10-11 14:30:00-04:00,0.7570000290870667,0.7574999928474426,0.7511000037193298,0.7570000290870667,7122,0.0,0.0
2024-10-11 15:30:00-04:00,0.7450000047683716,0.7699999809265137,0.7450000047683716,0.7699999809265137,32064,0.0,0.0
2024-10-14 09:30:00-04:00,0.75,0.7797999978065491,0.75,0.7501000165939331,54964,0.0,0.0
2024-10-14 10:30:00-04:00,0.7788000106811523,0.7788000106811523,0.7283999919891357,0.7303000092506409,15377,0.0,0.0
2024-10-14 11:30:00-04:00,0.7300000190734863,0.739300012588501,0.7247999906539917,0.7365999817848206,9466,0.0,0.0
2024-10-14 12:30:00-04:00,0.7300000190734863,0.7384999990463257,0.7300000190734863,0.7384999990463257,11003,0.0,0.0
2024-10-14 13:30:00-04:00,0.7300000190734863,0.7364000082015991,0.7149999737739563,0.7242000102996826,58806,0.0,0.0
2024-10-14 14:30:00-04:00,0.7242000102996826,0.7246999740600586,0.7129999995231628,0.7192000150680542,5905,0.0,0.0
2024-10-14 15:30:00-04:00,0.7200000286102295,0.7247999906539917,0.699999988079071,0.699999988079071,58445,0.0,0.0
2024-10-15 09:30:00-04:00,0.7099999785423279,0.7299000024795532,0.7099999785423279,0.7299000024795532,10123,0.0,0.0
2024-10-15 10:30:00-04:00,0.7124999761581421,0.722000002861023,0.7110999822616577,0.722000002861023,11195,0.0,0.0
2024-10-15 11:30:00-04:00,0.722000002861023,0.7297999858856201,0.7116000056266785,0.7179999947547913,57607,0.0,0.0
2024-10-15 12:30:00-04:00,0.7199000120162964,0.7199000120162964,0.7099999785423279,0.7134000062942505,29757,0.0,0.0
2024-10-15 13:30:00-04:00,0.7167999744415283,0.7167999744415283,0.7001000046730042,0.7089999914169312,12158,0.0,0.0
2024-10-15 14:30:00-04:00,0.7052000164985657,0.7095999717712402,0.680400013923645,0.6967999935150146,137931,0.0,0.0
2024-10-15 15:30:00-04:00,0.6967999935150146,0.6967999935150146,0.6800000071525574,0.6800000071525574,63527,0.0,0.0
2024-10-16 09:30:00-04:00,0.6899999976158142,0.7099000215530396,0.6599000096321106,0.6858999729156494,56861,0.0,0.0
2024-10-16 10:30:00-04:00,0.6802999973297119,0.6832000017166138,0.6608999967575073,0.6798999905586243,35974,0.0,0.0
2024-10-16 11:30:00-04:00,0.6757000088691711,0.6858999729156494,0.675000011920929,0.6800000071525574,23276,0.0,0.0
2024-10-16 12:30:00-04:00,0.6779000163078308,0.6800000071525574,0.6754999756813049,0.6754999756813049,6043,0.0,0.0
2024-10-16 13:30:00-04:00,0.6759999990463257,0.689300000667572,0.6682000160217285,0.6682000160217285,133104,0.0,0.0
2024-10-16 14:30:00-04:00,0.6700999736785889,0.6926000118255615,0.666100025177002,0.6919999718666077,9373,0.0,0.0
2024-10-16 15:30:00-04:00,0.6926000118255615,0.6926000118255615,0.6712999939918518,0.6758999824523926,19932,0.0,0.0
2024-10-17 09:30:00-04:00,0.6800000071525574,0.7099000215530396,0.6800000071525574,0.6930000185966492,27552,0.0,0.0
2024-10-17 10:30:00-04:00,0.6930000185966492,0.6934999823570251,0.682200014591217,0.6934999823570251,5764,0.0,0.0
2024-10-17 11:30:00-04:00,0.6934999823570251,0.6934999823570251,0.6608999967575073,0.6793000102043152,40230,0.0,0.0
2024-10-17 12:30:00-04:00,0.6793000102043152,0.6794000267982483,0.6690000295639038,0.6790000200271606,6362,0.0,0.0
2024-10-17 13:30:00-04:00,0.6747000217437744,0.6787999868392944,0.6660000085830688,0.6779000163078308,19135,0.0,0.0
2024-10-17 14:30:00-04:00,0.6779999732971191,0.678600013256073,0.6708999872207642,0.6780999898910522,5358,0.0,0.0
2024-10-17 15:30:00-04:00,0.6668000221252441,0.6779999732971191,0.6600000262260437,0.660099983215332,11072,0.0,0.0
2024-10-18 09:30:00-04:00,0.6499999761581421,0.6797999739646912,0.6485999822616577,0.6635000109672546,55503,0.0,0.0
2024-10-18 10:30:00-04:00,0.6601999998092651,0.6798999905586243,0.654699981212616,0.6600000262260437,48085,0.0,0.0
2024-10-18 11:30:00-04:00,0.6671000123023987,0.6800000071525574,0.6671000123023987,0.6753000020980835,23459,0.0,0.0
2024-10-18 12:30:00-04:00,0.6865000128746033,0.6865000128746033,0.6771000027656555,0.6793000102043152,5567,0.0,0.0
2024-10-18 13:30:00-04:00,0.6800000071525574,0.6866000294685364,0.6796000003814697,0.680400013923645,6820,0.0,0.0
2024-10-18 14:30:00-04:00,0.6801000237464905,0.6898999810218811,0.6801000237464905,0.6890000104904175,17862,0.0,0.0
2024-10-18 15:30:00-04:00,0.6898999810218811,0.7199000120162964,0.6851000189781189,0.7149999737739563,52080,0.0,0.0
