Datetime,Open,High,Low,Close,Volume,Dividends,Stock Splits
2022-10-20 09:30:00-04:00,10.079999923706055,10.289999961853027,9.989999771118164,10.260000228881836,1481461,0.0,0.0
2022-10-20 10:30:00-04:00,10.265000343322754,10.40999984741211,10.1899995803833,10.300000190734863,896701,0.0,0.0
2022-10-20 11:30:00-04:00,10.305000305175781,10.479999542236328,10.140000343322754,10.164999961853027,2275454,0.0,0.0
2022-10-20 12:30:00-04:00,10.15999984741211,10.15999984741211,9.970000267028809,10.010000228881836,664607,0.0,0.0
2022-10-20 13:30:00-04:00,10.010000228881836,10.010000228881836,9.864999771118164,9.885000228881836,781645,0.0,0.0
2022-10-20 14:30:00-04:00,9.880000114440918,9.954999923706055,9.859999656677246,9.864999771118164,669638,0.0,0.0
2022-10-20 15:30:00-04:00,9.86989974975586,9.885000228881836,9.819999694824219,9.829999923706055,851900,0.0,0.0
2022-10-21 09:30:00-04:00,9.70460033416748,10.0,9.569999694824219,9.789999961853027,1348000,0.0,0.0
2022-10-21 10:30:00-04:00,9.789999961853027,9.870100021362305,9.734999656677246,9.8100004196167,549685,0.0,0.0
2022-10-21 11:30:00-04:00,9.947600364685059,10.02750015258789,9.654999732971191,9.885000228881836,2639979,0.0,0.0
2022-10-21 12:30:00-04:00,9.800000190734863,9.960000038146973,9.800000190734863,9.9399995803833,953208,0.0,0.0
2022-10-21 13:30:00-04:00,9.949999809265137,10.039799690246582,9.930000305175781,9.994999885559082,499270,0.0,0.0
2022-10-21 14:30:00-04:00,10.010100364685059,10.0600004196167,9.989999771118164,10.059200286865234,725892,0.0,0.0
2022-10-21 15:30:00-04:00,10.074999809265137,10.149900436401367,10.0649995803833,10.135000228881836,1046778,0.0,0.0
2022-10-24 09:30:00-04:00,10.149999618530273,10.159899711608887,9.699999809265137,9.729100227355957,1352877,0.0,0.0
2022-10-24 10:30:00-04:00,9.728400230407715,9.870100021362305,9.710000038146973,9.835000038146973,740330,0.0,0.0
2022-10-24 11:30:00-04:00,9.84000015258789,10.170000076293945,9.819999694824219,10.133099555969238,863773,0.0,0.0
2022-10-24 12:30:00-04:00,10.139900207519531,10.170000076293945,10.100000381469727,10.104999542236328,704388,0.0,0.0
2022-10-24 13:30:00-04:00,10.100000381469727,10.140000343322754,10.050000190734863,10.125,387266,0.0,0.0
2022-10-24 14:30:00-04:00,10.125,10.21500015258789,10.119999885559082,10.174500465393066,539685,0.0,0.0
2022-10-24 15:30:00-04:00,10.175000190734863,10.239999771118164,10.149999618530273,10.210000038146973,754433,0.0,0.0
2022-10-25 09:30:00-04:00,10.220000267028809,10.630000114440918,10.220000267028809,10.569999694824219,1661324,0.0,0.0
2022-10-25 10:30:00-04:00,10.5600004196167,10.720000267028809,10.529999732971191,10.694999694824219,1140819,0.0,0.0
2022-10-25 11:30:00-04:00,10.694999694824219,10.869999885559082,10.675000190734863,10.835000038146973,1145639,0.0,0.0
2022-10-25 12:30:00-04:00,10.84000015258789,10.860600471496582,10.609999656677246,10.670000076293945,798588,0.0,0.0
2022-10-25 13:30:00-04:00,10.664999961853027,10.789999961853027,10.635000228881836,10.78499984741211,679571,0.0,0.0
2022-10-25 14:30:00-04:00,10.789999961853027,10.859999656677246,10.720000267028809,10.84000015258789,752018,0.0,0.0
2022-10-25 15:30:00-04:00,10.845000267028809,10.90999984741211,10.8100004196167,10.823399543762207,1044367,0.0,0.0
2022-10-26 09:30:00-04:00,10.800000190734863,11.5,10.75,11.390000343322754,2682989,0.0,0.0
2022-10-26 10:30:00-04:00,11.404999732971191,11.5,11.329999923706055,11.380000114440918,1150056,0.0,0.0
2022-10-26 11:30:00-04:00,11.380000114440918,11.380000114440918,11.239999771118164,11.322199821472168,646319,0.0,0.0
2022-10-26 12:30:00-04:00,11.324999809265137,11.345000267028809,11.039999961853027,11.039999961853027,673574,0.0,0.0
2022-10-26 13:30:00-04:00,11.050000190734863,11.180000305175781,11.010000228881836,11.074999809265137,666283,0.0,0.0
2022-10-26 14:30:00-04:00,11.079999923706055,11.135000228881836,11.039999961853027,11.125,810864,0.0,0.0
2022-10-26 15:30:00-04:00,11.125,11.194999694824219,11.0600004196167,11.085000038146973,1252489,0.0,0.0
2022-10-27 09:30:00-04:00,11.119999885559082,11.4350004196167,11.020000457763672,11.425000190734863,1493037,0.0,0.0
2022-10-27 10:30:00-04:00,11.420000076293945,11.489999771118164,11.253999710083008,11.279999732971191,1111520,0.0,0.0
2022-10-27 11:30:00-04:00,11.279999732971191,11.338399887084961,11.223600387573242,11.225000381469727,738640,0.0,0.0
2022-10-27 12:30:00-04:00,11.225000381469727,11.375,11.1899995803833,11.28499984741211,647603,0.0,0.0
2022-10-27 13:30:00-04:00,11.28499984741211,11.300000190734863,11.130000114440918,11.175000190734863,904265,0.0,0.0
2022-10-27 14:30:00-04:00,11.170000076293945,11.199999809265137,11.050000190734863,11.109999656677246,729023,0.0,0.0
2022-10-27 15:30:00-04:00,11.109999656677246,11.1899995803833,11.100099563598633,11.15999984741211,734693,0.0,0.0
2022-10-28 09:30:00-04:00,11.0600004196167,11.475799560546875,11.020000457763672,11.25,1468968,0.0,0.0
2022-10-28 10:30:00-04:00,11.260000228881836,11.350000381469727,11.119999885559082,11.15999984741211,1051140,0.0,0.0
2022-10-28 11:30:00-04:00,11.15999984741211,11.289999961853027,11.079999923706055,11.280099868774414,857720,0.0,0.0
2022-10-28 12:30:00-04:00,11.289999961853027,11.369999885559082,11.279999732971191,11.3100004196167,692767,0.0,0.0
2022-10-28 13:30:00-04:00,11.350000381469727,11.539999961853027,11.335000038146973,11.539999961853027,1793855,0.0,0.0
2022-10-28 14:30:00-04:00,11.505000114440918,11.569999694824219,11.420000076293945,11.470000267028809,2109223,0.0,0.0
2022-10-28 15:30:00-04:00,11.46500015258789,11.510000228881836,11.444999694824219,11.494999885559082,890874,0.0,0.0
2022-10-31 09:30:00-04:00,11.579999923706055,12.359999656677246,11.5,11.59000015258789,3971290,0.0,0.0
2022-10-31 10:30:00-04:00,11.579999923706055,11.619999885559082,11.354999542236328,11.604999542236328,1212771,0.0,0.0
2022-10-31 11:30:00-04:00,11.604999542236328,11.75,11.569999694824219,11.670100212097168,1282808,0.0,0.0
2022-10-31 12:30:00-04:00,11.670000076293945,11.789999961853027,11.630000114440918,11.774999618530273,821594,0.0,0.0
2022-10-31 13:30:00-04:00,11.779999732971191,11.84000015258789,11.710000038146973,11.795000076293945,1736617,0.0,0.0
2022-10-31 14:30:00-04:00,11.795000076293945,11.819999694824219,11.725000381469727,11.805000305175781,1186075,0.0,0.0
2022-10-31 15:30:00-04:00,11.805000305175781,11.845000267028809,11.680000305175781,11.6850004196167,1486035,0.0,0.0
2022-11-01 09:30:00-04:00,12.020000457763672,12.15999984741211,11.6899995803833,11.869999885559082,1859978,0.0,0.0
2022-11-01 10:30:00-04:00,11.869999885559082,11.880000114440918,11.625,11.850000381469727,1360779,0.0,0.0
2022-11-01 11:30:00-04:00,11.845000267028809,11.890000343322754,11.729999542236328,11.805000305175781,543322,0.0,0.0
2022-11-01 12:30:00-04:00,11.805000305175781,11.875,11.71500015258789,11.850000381469727,659576,0.0,0.0
2022-11-01 13:30:00-04:00,11.850000381469727,11.970000267028809,11.800000190734863,11.944999694824219,1302886,0.0,0.0
2022-11-01 14:30:00-04:00,11.944999694824219,11.944999694824219,11.819999694824219,11.824999809265137,1247642,0.0,0.0
2022-11-01 15:30:00-04:00,11.824999809265137,11.925000190734863,11.8100004196167,11.920000076293945,1311951,0.0,0.0
2022-11-02 09:30:00-04:00,11.880000114440918,11.899999618530273,11.485400199890137,11.670000076293945,1453896,0.0,0.0
2022-11-02 10:30:00-04:00,11.675000190734863,11.84000015258789,11.65999984741211,11.75,1080477,0.0,0.0
2022-11-02 11:30:00-04:00,11.75,11.800000190734863,11.593000411987305,11.595000267028809,845694,0.0,0.0
2022-11-02 12:30:00-04:00,11.595000267028809,11.789999961853027,11.539999961853027,11.774999618530273,1119149,0.0,0.0
2022-11-02 13:30:00-04:00,11.770000457763672,12.015000343322754,11.720000267028809,11.999099731445312,1905755,0.0,0.0
2022-11-02 14:30:00-04:00,12.0,12.015000343322754,11.395000457763672,11.454999923706055,3381414,0.0,0.0
2022-11-02 15:30:00-04:00,11.454999923706055,11.5,11.319999694824219,11.40999984741211,3259185,0.0,0.0
2022-11-03 09:30:00-04:00,11.850000381469727,12.359999656677246,11.5,12.279999732971191,6554275,0.0,0.0
2022-11-03 10:30:00-04:00,12.289999961853027,12.760000228881836,12.100000381469727,12.59000015258789,5843517,0.0,0.0
2022-11-03 11:30:00-04:00,12.579999923706055,12.609999656677246,12.380000114440918,12.479900360107422,2430562,0.0,0.0
2022-11-03 12:30:00-04:00,12.475000381469727,12.529999732971191,12.399999618530273,12.449999809265137,1188111,0.0,0.0
2022-11-03 13:30:00-04:00,12.450200080871582,12.5,12.390000343322754,12.5,1294991,0.0,0.0
2022-11-03 14:30:00-04:00,12.494999885559082,12.550000190734863,12.359999656677246,12.370800018310547,1779640,0.0,0.0
2022-11-03 15:30:00-04:00,12.375,12.380000114440918,12.180000305175781,12.329999923706055,2623465,0.0,0.0
2022-11-04 09:30:00-04:00,12.470000267028809,12.59000015258789,11.920000076293945,12.180000305175781,2769179,0.0,0.0
2022-11-04 10:30:00-04:00,12.234999656677246,12.295000076293945,12.0600004196167,12.085000038146973,1430345,0.0,0.0
2022-11-04 11:30:00-04:00,12.09000015258789,12.125,11.861200332641602,12.0600004196167,1226044,0.0,0.0
2022-11-04 12:30:00-04:00,12.079999923706055,12.104999542236328,11.895000457763672,11.899999618530273,954233,0.0,0.0
2022-11-04 13:30:00-04:00,11.898900032043457,11.980799674987793,11.819999694824219,11.954999923706055,1027930,0.0,0.0
2022-11-04 14:30:00-04:00,11.930000305175781,12.210000038146973,11.869999885559082,12.194999694824219,1632088,0.0,0.0
2022-11-04 15:30:00-04:00,12.180000305175781,12.25,12.170000076293945,12.244999885559082,848315,0.0,0.0
2022-11-07 09:30:00-05:00,12.399999618530273,12.539999961853027,12.260000228881836,12.380000114440918,2167858,0.0,0.0
2022-11-07 10:30:00-05:00,12.390000343322754,12.398500442504883,12.039999961853027,12.135000228881836,1342608,0.0,0.0
2022-11-07 11:30:00-05:00,12.135000228881836,12.3100004196167,11.960599899291992,12.255000114440918,1908070,0.0,0.0
2022-11-07 12:30:00-05:00,12.255000114440918,12.270000457763672,12.005000114440918,12.010700225830078,1525197,0.0,0.0
2022-11-07 13:30:00-05:00,12.015800476074219,12.0600004196167,11.869999885559082,12.039999961853027,2176873,0.0,0.0
2022-11-07 14:30:00-05:00,12.024999618530273,12.15999984741211,11.885000228881836,11.925000190734863,1835826,0.0,0.0
2022-11-07 15:30:00-05:00,11.920000076293945,12.050000190734863,11.920000076293945,12.039999961853027,1214949,0.0,0.0
2022-11-08 09:30:00-05:00,11.210000038146973,11.210000038146973,10.569999694824219,10.930000305175781,7988477,0.0,0.0
2022-11-08 10:30:00-05:00,10.925000190734863,11.579999923706055,10.739999771118164,11.240099906921387,6691167,0.0,0.0
2022-11-08 11:30:00-05:00,11.248700141906738,11.619999885559082,11.09000015258789,11.114999771118164,2599661,0.0,0.0
2022-11-08 12:30:00-05:00,11.109999656677246,11.109999656677246,10.260000228881836,10.260000228881836,4032544,0.0,0.0
2022-11-08 13:30:00-05:00,10.267800331115723,10.380000114440918,10.0,10.008700370788574,5058165,0.0,0.0
2022-11-08 14:30:00-05:00,10.009900093078613,10.0649995803833,9.600000381469727,9.795000076293945,8900952,0.0,0.0
2022-11-08 15:30:00-05:00,9.789999961853027,9.829999923706055,9.640000343322754,9.739999771118164,6687850,0.0,0.0
2022-11-09 09:30:00-05:00,9.574999809265137,9.635000228881836,8.880000114440918,8.925000190734863,8860307,0.0,0.0
2022-11-09 10:30:00-05:00,8.925000190734863,8.9399995803833,8.510000228881836,8.595000267028809,6177203,0.0,0.0
2022-11-09 11:30:00-05:00,8.59000015258789,8.949999809265137,8.5,8.800000190734863,5200468,0.0,0.0
2022-11-09 12:30:00-05:00,8.800000190734863,8.850000381469727,8.600000381469727,8.604999542236328,3133084,0.0,0.0
2022-11-09 13:30:00-05:00,8.600099563598633,8.614999771118164,8.40999984741211,8.510000228881836,5625818,0.0,0.0
2022-11-09 14:30:00-05:00,8.500100135803223,8.515000343322754,8.395000457763672,8.4399995803833,3153721,0.0,0.0
2022-11-09 15:30:00-05:00,8.4350004196167,8.460000038146973,8.289999961853027,8.393099784851074,4625448,0.0,0.0
2022-11-10 09:30:00-05:00,9.095000267028809,9.40999984741211,8.734999656677246,9.17870044708252,11703408,0.0,0.0
2022-11-10 10:30:00-05:00,9.180000305175781,9.25,9.039999961853027,9.244999885559082,2872479,0.0,0.0
2022-11-10 11:30:00-05:00,9.24209976196289,9.359999656677246,9.170000076293945,9.23069953918457,2185757,0.0,0.0
2022-11-10 12:30:00-05:00,9.229999542236328,9.239899635314941,9.005000114440918,9.010000228881836,1784259,0.0,0.0
2022-11-10 13:30:00-05:00,9.015000343322754,9.09000015258789,8.859999656677246,8.979999542236328,2526297,0.0,0.0
2022-11-10 14:30:00-05:00,8.980500221252441,9.119999885559082,8.949999809265137,9.095000267028809,2126665,0.0,0.0
2022-11-10 15:30:00-05:00,9.095000267028809,9.34000015258789,9.09000015258789,9.270000457763672,3310338,0.0,0.0
2022-11-11 09:30:00-05:00,8.640000343322754,10.045000076293945,8.574999809265137,10.005000114440918,9560353,0.0,0.0
2022-11-11 10:30:00-05:00,10.029999732971191,10.0600004196167,9.710000038146973,9.770000457763672,4028185,0.0,0.0
2022-11-11 11:30:00-05:00,9.65999984741211,10.189200401306152,9.619999885559082,10.13010025024414,4200231,0.0,0.0
2022-11-11 12:30:00-05:00,10.109999656677246,10.420000076293945,10.09000015258789,10.210000038146973,2774029,0.0,0.0
2022-11-11 13:30:00-05:00,10.3100004196167,10.4350004196167,10.220000267028809,10.4350004196167,3005953,0.0,0.0
2022-11-11 14:30:00-05:00,10.4399995803833,10.539999961853027,10.305000305175781,10.420000076293945,3079641,0.0,0.0
2022-11-11 15:30:00-05:00,10.414999961853027,10.539999961853027,10.364999771118164,10.475000381469727,3861368,0.0,0.0
2022-11-14 09:30:00-05:00,10.0,10.279999732971191,9.829999923706055,9.981599807739258,3944582,0.0,0.0
2022-11-14 10:30:00-05:00,9.984999656677246,10.025500297546387,9.619999885559082,9.725000381469727,2320363,0.0,0.0
2022-11-14 11:30:00-05:00,9.728899955749512,9.829999923706055,9.675000190734863,9.718000411987305,1471713,0.0,0.0
2022-11-14 12:30:00-05:00,9.71500015258789,9.970000267028809,9.704999923706055,9.954999923706055,1525123,0.0,0.0
2022-11-14 13:30:00-05:00,9.954999923706055,9.970000267028809,9.8100004196167,9.8302001953125,1031268,0.0,0.0
2022-11-14 14:30:00-05:00,9.835000038146973,9.885000228881836,9.65999984741211,9.678500175476074,2061631,0.0,0.0
2022-11-14 15:30:00-05:00,9.670000076293945,9.675000190734863,9.539999961853027,9.5600004196167,4354990,0.0,0.0
2022-11-15 09:30:00-05:00,9.90999984741211,10.225600242614746,9.720999717712402,10.21500015258789,5362065,0.0,0.0
2022-11-15 10:30:00-05:00,10.21500015258789,10.399999618530273,10.020000457763672,10.098699569702148,2862176,0.0,0.0
2022-11-15 11:30:00-05:00,10.09000015258789,10.220000267028809,10.069999694824219,10.188699722290039,1645869,0.0,0.0
2022-11-15 12:30:00-05:00,10.1899995803833,10.270000457763672,10.0600004196167,10.104999542236328,1650334,0.0,0.0
2022-11-15 13:30:00-05:00,10.104999542236328,10.33810043334961,10.029999732971191,10.3100004196167,2169159,0.0,0.0
2022-11-15 14:30:00-05:00,10.3100004196167,10.3149995803833,10.180000305175781,10.229999542236328,1104972,0.0,0.0
2022-11-15 15:30:00-05:00,10.229999542236328,10.239999771118164,10.119999885559082,10.164999961853027,1631487,0.0,0.0
2022-11-16 09:30:00-05:00,9.84000015258789,10.021200180053711,9.734999656677246,9.800000190734863,2918750,0.0,0.0
2022-11-16 10:30:00-05:00,9.805000305175781,9.829999923706055,9.585000038146973,9.710000038146973,1679953,0.0,0.0
2022-11-16 11:30:00-05:00,9.710000038146973,9.729999542236328,9.520000457763672,9.550000190734863,1462671,0.0,0.0
2022-11-16 12:30:00-05:00,9.550000190734863,9.6850004196167,9.539999961853027,9.59000015258789,1600911,0.0,0.0
2022-11-16 13:30:00-05:00,9.595000267028809,9.640000343322754,9.4399995803833,9.4399995803833,1936907,0.0,0.0
2022-11-16 14:30:00-05:00,9.4399995803833,9.475000381469727,9.350000381469727,9.354999542236328,1651874,0.0,0.0
2022-11-16 15:30:00-05:00,9.350000381469727,9.364999771118164,9.270000457763672,9.319999694824219,2043267,0.0,0.0
2022-11-17 09:30:00-05:00,9.130000114440918,9.454999923706055,9.029999732971191,9.399999618530273,2856143,0.0,0.0
2022-11-17 10:30:00-05:00,9.400799751281738,9.569999694824219,9.359999656677246,9.494999885559082,1657126,0.0,0.0
2022-11-17 11:30:00-05:00,9.5,9.539999961853027,9.390700340270996,9.390700340270996,1106753,0.0,0.0
2022-11-17 12:30:00-05:00,9.399999618530273,9.539999961853027,9.395000457763672,9.4975004196167,721867,0.0,0.0
2022-11-17 13:30:00-05:00,9.494999885559082,9.570599555969238,9.4399995803833,9.489999771118164,1196598,0.0,0.0
2022-11-17 14:30:00-05:00,9.489999771118164,9.529999732971191,9.399999618530273,9.414999961853027,1275196,0.0,0.0
2022-11-17 15:30:00-05:00,9.414999961853027,9.489999771118164,9.40999984741211,9.475000381469727,1261279,0.0,0.0
2022-11-18 09:30:00-05:00,9.449999809265137,9.574999809265137,9.260000228881836,9.414999961853027,1995042,0.0,0.0
2022-11-18 10:30:00-05:00,9.429699897766113,9.4350004196167,9.295000076293945,9.324999809265137,996942,0.0,0.0
2022-11-18 11:30:00-05:00,9.3100004196167,9.3149995803833,9.100000381469727,9.164999961853027,1164163,0.0,0.0
2022-11-18 12:30:00-05:00,9.25,9.268699645996094,9.204999923706055,9.268699645996094,930563,0.0,0.0
2022-11-18 13:30:00-05:00,9.265000343322754,9.270000457763672,9.191800117492676,9.255000114440918,773264,0.0,0.0
2022-11-18 14:30:00-05:00,9.239999771118164,9.25,9.170000076293945,9.1850004196167,859723,0.0,0.0
2022-11-18 15:30:00-05:00,9.1850004196167,9.229999542236328,9.15999984741211,9.194999694824219,1581706,0.0,0.0
2022-11-21 09:30:00-05:00,8.989999771118164,9.015000343322754,8.829999923706055,8.9399995803833,1674168,0.0,0.0
2022-11-21 10:30:00-05:00,8.9399995803833,9.0,8.859999656677246,8.920000076293945,1479397,0.0,0.0
2022-11-21 11:30:00-05:00,8.920000076293945,8.9399995803833,8.729999542236328,8.744999885559082,3622323,0.0,0.0
2022-11-21 12:30:00-05:00,8.739999771118164,8.8149995803833,8.729999542236328,8.789999961853027,1099189,0.0,0.0
2022-11-21 13:30:00-05:00,8.79990005493164,8.829999923706055,8.770000457763672,8.800000190734863,616293,0.0,0.0
2022-11-21 14:30:00-05:00,8.795000076293945,8.816699981689453,8.755000114440918,8.795000076293945,1079150,0.0,0.0
2022-11-21 15:30:00-05:00,8.795000076293945,8.859999656677246,8.79010009765625,8.845000267028809,1177255,0.0,0.0
2022-11-22 09:30:00-05:00,8.6899995803833,9.114999771118164,8.649999618530273,9.100000381469727,1955615,0.0,0.0
2022-11-22 10:30:00-05:00,9.104999542236328,9.1899995803833,8.970000267028809,8.982999801635742,1824181,0.0,0.0
2022-11-22 11:30:00-05:00,8.970000267028809,9.009900093078613,8.899999618530273,8.989999771118164,853158,0.0,0.0
2022-11-22 12:30:00-05:00,8.989999771118164,9.109999656677246,8.981100082397461,9.074999809265137,638924,0.0,0.0
2022-11-22 13:30:00-05:00,9.079999923706055,9.100000381469727,8.960000038146973,8.96500015258789,615797,0.0,0.0
2022-11-22 14:30:00-05:00,8.96500015258789,9.010000228881836,8.9399995803833,9.005000114440918,761169,0.0,0.0
2022-11-22 15:30:00-05:00,9.005000114440918,9.100000381469727,9.0,9.079999923706055,909249,0.0,0.0
2022-11-23 09:30:00-05:00,9.010000228881836,9.345000267028809,9.010000228881836,9.229100227355957,2022405,0.0,0.0
2022-11-23 10:30:00-05:00,9.229700088500977,9.3100004196167,9.220000267028809,9.291899681091309,797475,0.0,0.0
2022-11-23 11:30:00-05:00,9.295000076293945,9.319999694824219,9.220000267028809,9.239999771118164,523393,0.0,0.0
2022-11-23 12:30:00-05:00,9.25,9.265000343322754,9.109999656677246,9.194999694824219,462098,0.0,0.0
2022-11-23 13:30:00-05:00,9.199700355529785,9.345000267028809,9.170000076293945,9.335000038146973,984139,0.0,0.0
2022-11-23 14:30:00-05:00,9.335000038146973,9.489999771118164,9.3100004196167,9.484999656677246,1094345,0.0,0.0
2022-11-23 15:30:00-05:00,9.484999656677246,9.5,9.420299530029297,9.470000267028809,1215535,0.0,0.0
2022-11-25 09:30:00-05:00,9.329999923706055,9.430000305175781,9.239999771118164,9.354999542236328,688382,0.0,0.0
2022-11-25 10:30:00-05:00,9.364999771118164,9.389699935913086,9.329999923706055,9.34000015258789,307900,0.0,0.0
2022-11-25 11:30:00-05:00,9.335000038146973,9.390000343322754,9.3149995803833,9.364999771118164,318909,0.0,0.0
2022-11-28 09:30:00-05:00,9.300000190734863,9.539999961853027,9.170000076293945,9.199999809265137,1253592,0.0,0.0
2022-11-28 10:30:00-05:00,9.204999923706055,9.279999732971191,9.170000076293945,9.239999771118164,633093,0.0,0.0
2022-11-28 11:30:00-05:00,9.239999771118164,9.319999694824219,9.199999809265137,9.199999809265137,605381,0.0,0.0
2022-11-28 12:30:00-05:00,9.204999923706055,9.244999885559082,9.180000305175781,9.234999656677246,480969,0.0,0.0
2022-11-28 13:30:00-05:00,9.229999542236328,9.25,9.140000343322754,9.150199890136719,664468,0.0,0.0
2022-11-28 14:30:00-05:00,9.149999618530273,9.1850004196167,9.069999694824219,9.095000267028809,677460,0.0,0.0
2022-11-28 15:30:00-05:00,9.095000267028809,9.220000267028809,9.09000015258789,9.180000305175781,1249299,0.0,0.0
2022-11-29 09:30:00-05:00,9.279999732971191,9.428999900817871,9.229999542236328,9.319999694824219,913563,0.0,0.0
2022-11-29 10:30:00-05:00,9.3149995803833,9.399999618530273,9.109999656677246,9.234999656677246,2609452,0.0,0.0
2022-11-29 11:30:00-05:00,9.237500190734863,9.260000228881836,9.119999885559082,9.125,739367,0.0,0.0
2022-11-29 12:30:00-05:00,9.125,9.15999984741211,9.069999694824219,9.079999923706055,640110,0.0,0.0
2022-11-29 13:30:00-05:00,9.079999923706055,9.149999618530273,9.074999809265137,9.100000381469727,580435,0.0,0.0
2022-11-29 14:30:00-05:00,9.104999542236328,9.104999542236328,9.029999732971191,9.095000267028809,578282,0.0,0.0
2022-11-29 15:30:00-05:00,9.095000267028809,9.1899995803833,9.09000015258789,9.175000190734863,994835,0.0,0.0
2022-11-30 09:30:00-05:00,9.289999961853027,9.319999694824219,9.0600004196167,9.204999923706055,784561,0.0,0.0
2022-11-30 10:30:00-05:00,9.210000038146973,9.210000038146973,9.0600004196167,9.095000267028809,480647,0.0,0.0
2022-11-30 11:30:00-05:00,9.100000381469727,9.140000343322754,9.050000190734863,9.079999923706055,366784,0.0,0.0
2022-11-30 12:30:00-05:00,9.079999923706055,9.135000228881836,9.0600004196167,9.104999542236328,452543,0.0,0.0
2022-11-30 13:30:00-05:00,9.100000381469727,9.54990005493164,9.085000038146973,9.50059986114502,1922071,0.0,0.0
2022-11-30 14:30:00-05:00,9.510000228881836,9.579999923706055,9.420000076293945,9.579999923706055,1414041,0.0,0.0
2022-11-30 15:30:00-05:00,9.585000038146973,9.630000114440918,9.524999618530273,9.59000015258789,1497075,0.0,0.0
2022-12-01 09:30:00-05:00,9.600000381469727,9.854999542236328,9.550000190734863,9.627300262451172,1861975,0.0,0.0
2022-12-01 10:30:00-05:00,9.619999885559082,9.949999809265137,9.595000267028809,9.930800437927246,1662965,0.0,0.0
2022-12-01 11:30:00-05:00,9.9399995803833,10.079999923706055,9.829999923706055,9.899999618530273,1381153,0.0,0.0
2022-12-01 12:30:00-05:00,9.904999732971191,9.9399995803833,9.829999923706055,9.9350004196167,652004,0.0,0.0
2022-12-01 13:30:00-05:00,9.9399995803833,9.979999542236328,9.895000457763672,9.96500015258789,473681,0.0,0.0
2022-12-01 14:30:00-05:00,9.96500015258789,9.989999771118164,9.770000457763672,9.78499984741211,1342705,0.0,0.0
2022-12-01 15:30:00-05:00,9.854999542236328,9.899999618530273,9.850000381469727,9.864999771118164,575959,0.0,0.0
2022-12-02 13:30:00-05:00,9.960000038146973,9.960000038146973,9.949999809265137,9.954999923706055,5841520,0.0,0.0
2022-12-02 14:30:00-05:00,9.954999923706055,9.954999923706055,9.954999923706055,9.954999923706055,106488,0.0,0.0
2022-12-05 09:30:00-05:00,10.0,10.170000076293945,9.770000457763672,9.808099746704102,1117947,0.0,0.0
2022-12-05 10:30:00-05:00,9.805000305175781,9.920000076293945,9.779999732971191,9.805000305175781,589959,0.0,0.0
2022-12-05 11:30:00-05:00,9.805000305175781,9.869999885559082,9.710000038146973,9.734999656677246,547509,0.0,0.0
2022-12-05 12:30:00-05:00,9.729999542236328,9.789999961853027,9.710000038146973,9.75629997253418,397385,0.0,0.0
2022-12-05 13:30:00-05:00,9.75220012664795,9.779899597167969,9.649999618530273,9.730799674987793,492071,0.0,0.0
2022-12-05 14:30:00-05:00,9.729999542236328,9.734999656677246,9.649999618530273,9.664999961853027,422141,0.0,0.0
2022-12-05 15:30:00-05:00,9.664999961853027,9.729999542236328,9.649999618530273,9.6899995803833,646557,0.0,0.0
2022-12-06 09:30:00-05:00,9.670000076293945,9.760100364685059,9.274999618530273,9.335000038146973,2123664,0.0,0.0
2022-12-06 10:30:00-05:00,9.34000015258789,9.359999656677246,9.210000038146973,9.300000190734863,1115286,0.0,0.0
2022-12-06 11:30:00-05:00,9.300000190734863,9.479999542236328,9.300000190734863,9.449999809265137,1190202,0.0,0.0
2022-12-06 12:30:00-05:00,9.449999809265137,9.454999923706055,9.270000457763672,9.324999809265137,568382,0.0,0.0
2022-12-06 13:30:00-05:00,9.324999809265137,9.359999656677246,9.289999961853027,9.324999809265137,578034,0.0,0.0
2022-12-06 14:30:00-05:00,9.324999809265137,9.460000038146973,9.319999694824219,9.369999885559082,833034,0.0,0.0
2022-12-06 15:30:00-05:00,9.364999771118164,9.420000076293945,9.350000381469727,9.399999618530273,914740,0.0,0.0
2022-12-07 09:30:00-05:00,9.270000457763672,9.420000076293945,9.170000076293945,9.28499984741211,911761,0.0,0.0
2022-12-07 10:30:00-05:00,9.28499984741211,9.419400215148926,9.21500015258789,9.230899810791016,809329,0.0,0.0
2022-12-07 11:30:00-05:00,9.229999542236328,9.375,9.1899995803833,9.194999694824219,777725,0.0,0.0
2022-12-07 12:30:00-05:00,9.194999694824219,9.300000190734863,9.164999961853027,9.239999771118164,717670,0.0,0.0
2022-12-07 13:30:00-05:00,9.239999771118164,9.258999824523926,9.1899995803833,9.225000381469727,340780,0.0,0.0
2022-12-07 14:30:00-05:00,9.220000267028809,9.364999771118164,9.199999809265137,9.350000381469727,547662,0.0,0.0
2022-12-07 15:30:00-05:00,9.350000381469727,9.350000381469727,9.260000228881836,9.270000457763672,663423,0.0,0.0
2022-12-08 09:30:00-05:00,9.430000305175781,9.479999542236328,9.154999732971191,9.404999732971191,1265099,0.0,0.0
2022-12-08 10:30:00-05:00,9.404999732971191,9.479999542236328,9.319999694824219,9.359999656677246,820480,0.0,0.0
2022-12-08 11:30:00-05:00,9.35990047454834,9.479999542236328,9.34000015258789,9.414999961853027,776986,0.0,0.0
2022-12-08 12:30:00-05:00,9.40999984741211,9.40999984741211,9.350000381469727,9.40999984741211,529129,0.0,0.0
2022-12-08 13:30:00-05:00,9.40999984741211,9.529999732971191,9.385000228881836,9.489999771118164,1309244,0.0,0.0
2022-12-08 14:30:00-05:00,9.484999656677246,9.5600004196167,9.475000381469727,9.529999732971191,733864,0.0,0.0
2022-12-08 15:30:00-05:00,9.539999961853027,9.5600004196167,9.470000267028809,9.524999618530273,725527,0.0,0.0
2022-12-09 09:30:00-05:00,9.489999771118164,9.489999771118164,9.2746000289917,9.289999961853027,945043,0.0,0.0
2022-12-09 10:30:00-05:00,9.298800468444824,9.395000457763672,9.298800468444824,9.380000114440918,546930,0.0,0.0
2022-12-09 11:30:00-05:00,9.375,9.447799682617188,9.335000038146973,9.425000190734863,726646,0.0,0.0
2022-12-09 12:30:00-05:00,9.420000076293945,9.454999923706055,9.279999732971191,9.319999694824219,671931,0.0,0.0
2022-12-09 13:30:00-05:00,9.319899559020996,9.390000343322754,9.3100004196167,9.359999656677246,560599,0.0,0.0
2022-12-09 14:30:00-05:00,9.359999656677246,9.4399995803833,9.359999656677246,9.380000114440918,650463,0.0,0.0
2022-12-09 15:30:00-05:00,9.380000114440918,9.38659954071045,9.300000190734863,9.305000305175781,1031438,0.0,0.0
2022-12-12 09:30:00-05:00,9.345000267028809,9.569999694824219,9.3100004196167,9.539999961853027,1257067,0.0,0.0
2022-12-12 10:30:00-05:00,9.53499984741211,9.640000343322754,9.489999771118164,9.510000228881836,783519,0.0,0.0
2022-12-12 11:30:00-05:00,9.520000457763672,9.619999885559082,9.510000228881836,9.55270004272461,1002498,0.0,0.0
2022-12-12 12:30:00-05:00,9.555000305175781,9.604999542236328,9.529999732971191,9.555000305175781,552872,0.0,0.0
2022-12-12 13:30:00-05:00,9.555000305175781,9.555000305175781,9.470000267028809,9.5,509113,0.0,0.0
2022-12-12 14:30:00-05:00,9.5,9.600000381469727,9.460000038146973,9.595000267028809,479636,0.0,0.0
2022-12-12 15:30:00-05:00,9.595000267028809,9.619999885559082,9.5600004196167,9.579899787902832,1028663,0.0,0.0
2022-12-13 09:30:00-05:00,10.170000076293945,10.239999771118164,9.730600357055664,9.75,3960721,0.0,0.0
2022-12-13 10:30:00-05:00,9.744999885559082,9.75,9.545000076293945,9.569999694824219,1215983,0.0,0.0
2022-12-13 11:30:00-05:00,9.5649995803833,9.59000015258789,9.265000343322754,9.305000305175781,1306093,0.0,0.0
2022-12-13 12:30:00-05:00,9.300000190734863,9.4350004196167,9.239999771118164,9.391599655151367,1000332,0.0,0.0
2022-12-13 13:30:00-05:00,9.395000457763672,9.449999809265137,9.350000381469727,9.359999656677246,625026,0.0,0.0
2022-12-13 14:30:00-05:00,9.354999542236328,9.470000267028809,9.329999923706055,9.404999732971191,806097,0.0,0.0
2022-12-13 15:30:00-05:00,9.404999732971191,9.430000305175781,9.329999923706055,9.350000381469727,1521353,0.0,0.0
2022-12-14 09:30:00-05:00,9.270000457763672,9.4399995803833,9.244999885559082,9.329999923706055,1055800,0.0,0.0
2022-12-14 10:30:00-05:00,9.335000038146973,9.359999656677246,8.9399995803833,9.329999923706055,4073791,0.0,0.0
2022-12-14 11:30:00-05:00,9.34000015258789,9.350000381469727,9.225000381469727,9.270000457763672,905363,0.0,0.0
2022-12-14 12:30:00-05:00,9.265000343322754,9.380000114440918,9.260000228881836,9.380000114440918,591377,0.0,0.0
2022-12-14 13:30:00-05:00,9.375100135803223,9.430000305175781,9.199999809265137,9.229999542236328,795207,0.0,0.0
2022-12-14 14:30:00-05:00,9.234999656677246,9.375,9.109999656677246,9.154999732971191,915489,0.0,0.0
2022-12-14 15:30:00-05:00,9.154999732971191,9.175000190734863,9.079999923706055,9.085000038146973,1568915,0.0,0.0
2022-12-15 09:30:00-05:00,8.824999809265137,9.0,8.6899995803833,8.744999885559082,2084944,0.0,0.0
2022-12-15 10:30:00-05:00,8.744999885559082,8.779999732971191,8.612500190734863,8.612500190734863,1340390,0.0,0.0
2022-12-15 11:30:00-05:00,8.614999771118164,8.75,8.609999656677246,8.729999542236328,792300,0.0,0.0
2022-12-15 12:30:00-05:00,8.729999542236328,8.779999732971191,8.6899995803833,8.739999771118164,583154,0.0,0.0
2022-12-15 13:30:00-05:00,8.729999542236328,8.770000457763672,8.704999923706055,8.765000343322754,609839,0.0,0.0
2022-12-15 14:30:00-05:00,8.760100364685059,8.859999656677246,8.760100364685059,8.824999809265137,1309486,0.0,0.0
2022-12-15 15:30:00-05:00,8.824999809265137,8.824999809265137,8.670000076293945,8.675000190734863,1508119,0.0,0.0
2022-12-16 09:30:00-05:00,8.569999694824219,8.720000267028809,8.479999542236328,8.53499984741211,1583586,0.0,0.0
2022-12-16 10:30:00-05:00,8.529999732971191,8.609999656677246,8.520000457763672,8.600000381469727,980008,0.0,0.0
2022-12-16 11:30:00-05:00,8.595000267028809,8.630000114440918,8.40999984741211,8.420000076293945,883861,0.0,0.0
2022-12-16 12:30:00-05:00,8.420000076293945,8.489999771118164,8.364999771118164,8.482999801635742,767614,0.0,0.0
2022-12-16 13:30:00-05:00,8.483099937438965,8.5600004196167,8.479999542236328,8.515000343322754,582035,0.0,0.0
2022-12-16 14:30:00-05:00,8.515000343322754,8.609999656677246,8.479999542236328,8.595000267028809,864736,0.0,0.0
2022-12-16 15:30:00-05:00,8.595000267028809,8.6899995803833,8.59000015258789,8.600000381469727,1672538,0.0,0.0
2022-12-19 09:30:00-05:00,8.5600004196167,8.5600004196167,8.3100004196167,8.444999694824219,1137279,0.0,0.0
2022-12-19 10:30:00-05:00,8.449799537658691,8.449999809265137,8.180000305175781,8.1899995803833,870197,0.0,0.0
2022-12-19 11:30:00-05:00,8.1899995803833,8.19159984588623,8.029999732971191,8.085000038146973,1181305,0.0,0.0
2022-12-19 12:30:00-05:00,8.080499649047852,8.1899995803833,8.0600004196167,8.15999984741211,728307,0.0,0.0
2022-12-19 13:30:00-05:00,8.164999961853027,8.168800354003906,8.050000190734863,8.055000305175781,755799,0.0,0.0
2022-12-19 14:30:00-05:00,8.050000190734863,8.145000457763672,8.050000190734863,8.125,730115,0.0,0.0
2022-12-19 15:30:00-05:00,8.125,8.220000267028809,8.100000381469727,8.220000267028809,1495308,0.0,0.0
2022-12-20 09:30:00-05:00,8.130000114440918,8.38640022277832,8.021300315856934,8.354999542236328,1392551,0.0,0.0
2022-12-20 10:30:00-05:00,8.359999656677246,8.430000305175781,8.050000190734863,8.109999656677246,1025249,0.0,0.0
2022-12-20 11:30:00-05:00,8.114999771118164,8.210000038146973,8.09000015258789,8.135000228881836,767644,0.0,0.0
2022-12-20 12:30:00-05:00,8.140000343322754,8.140000343322754,8.020000457763672,8.077400207519531,709159,0.0,0.0
2022-12-20 13:30:00-05:00,8.074999809265137,8.149999618530273,8.074999809265137,8.125,381720,0.0,0.0
2022-12-20 14:30:00-05:00,8.125,8.140000343322754,8.09000015258789,8.125,439520,0.0,0.0
2022-12-20 15:30:00-05:00,8.125,8.125,8.079999923706055,8.100000381469727,729849,0.0,0.0
2022-12-21 09:30:00-05:00,8.170000076293945,8.234999656677246,7.96999979019165,8.164999961853027,1153732,0.0,0.0
2022-12-21 10:30:00-05:00,8.164999961853027,8.234999656677246,8.145000457763672,8.194999694824219,526367,0.0,0.0
2022-12-21 11:30:00-05:00,8.1899995803833,8.204999923706055,8.069999694824219,8.100000381469727,442382,0.0,0.0
2022-12-21 12:30:00-05:00,8.104999542236328,8.109999656677246,8.050000190734863,8.0600004196167,473490,0.0,0.0
2022-12-21 13:30:00-05:00,8.05620002746582,8.220000267028809,8.050000190734863,8.149999618530273,675216,0.0,0.0
2022-12-21 14:30:00-05:00,8.150099754333496,8.15999984741211,8.079999923706055,8.114999771118164,430485,0.0,0.0
2022-12-21 15:30:00-05:00,8.109999656677246,8.1899995803833,8.109999656677246,8.1899995803833,800479,0.0,0.0
2022-12-22 09:30:00-05:00,8.0600004196167,8.109999656677246,7.840000152587891,7.894999980926514,1727084,0.0,0.0
2022-12-22 10:30:00-05:00,7.894999980926514,7.960000038146973,7.829999923706055,7.84499979019165,1133502,0.0,0.0
2022-12-22 11:30:00-05:00,7.84499979019165,7.869999885559082,7.769999980926514,7.7779998779296875,797007,0.0,0.0
2022-12-22 12:30:00-05:00,7.769999980926514,7.78000020980835,7.690000057220459,7.749499797821045,998468,0.0,0.0
2022-12-22 13:30:00-05:00,7.7480998039245605,7.9959001541137695,7.739999771118164,7.929999828338623,971029,0.0,0.0
2022-12-22 14:30:00-05:00,7.929999828338623,8.020000457763672,7.860000133514404,8.010000228881836,979555,0.0,0.0
2022-12-22 15:30:00-05:00,8.010000228881836,8.039999961853027,7.96999979019165,7.989999771118164,1023422,0.0,0.0
2022-12-23 09:30:00-05:00,7.989999771118164,8.0,7.760000228881836,7.90500020980835,981606,0.0,0.0
2022-12-23 10:30:00-05:00,7.909999847412109,8.0,7.880000114440918,7.920000076293945,860057,0.0,0.0
2022-12-23 11:30:00-05:00,7.925000190734863,7.949999809265137,7.889999866485596,7.914999961853027,335824,0.0,0.0
2022-12-23 12:30:00-05:00,7.914999961853027,7.96999979019165,7.849999904632568,7.945000171661377,688082,0.0,0.0
2022-12-23 13:30:00-05:00,7.940000057220459,7.96999979019165,7.909999847412109,7.909999847412109,495737,0.0,0.0
2022-12-23 14:30:00-05:00,7.914999961853027,7.925000190734863,7.880000114440918,7.90500020980835,809145,0.0,0.0
2022-12-23 15:30:00-05:00,7.90500020980835,7.949999809265137,7.880000114440918,7.949999809265137,896147,0.0,0.0
2022-12-27 09:30:00-05:00,7.849999904632568,7.925000190734863,7.699999809265137,7.869999885559082,1445646,0.0,0.0
2022-12-27 10:30:00-05:00,7.880000114440918,7.925000190734863,7.800000190734863,7.864999771118164,562323,0.0,0.0
2022-12-27 11:30:00-05:00,7.869999885559082,7.889999866485596,7.760000228881836,7.760000228881836,505819,0.0,0.0
2022-12-27 12:30:00-05:00,7.767099857330322,7.78000020980835,7.730000019073486,7.75,683089,0.0,0.0
2022-12-27 13:30:00-05:00,7.755000114440918,7.764999866485596,7.710000038146973,7.730000019073486,622670,0.0,0.0
2022-12-27 14:30:00-05:00,7.71999979019165,7.744999885559082,7.684999942779541,7.71999979019165,691793,0.0,0.0
2022-12-27 15:30:00-05:00,7.71999979019165,7.730000019073486,7.679999828338623,7.710000038146973,659682,0.0,0.0
2022-12-28 09:30:00-05:00,7.670000076293945,7.809999942779541,7.570000171661377,7.670000076293945,1277150,0.0,0.0
2022-12-28 10:30:00-05:00,7.670000076293945,7.675000190734863,7.570000171661377,7.610000133514404,1173150,0.0,0.0
2022-12-28 11:30:00-05:00,7.614999771118164,7.676000118255615,7.605000019073486,7.650000095367432,657631,0.0,0.0
2022-12-28 12:30:00-05:00,7.644999980926514,7.769999980926514,7.643700122833252,7.710000038146973,653603,0.0,0.0
2022-12-28 13:30:00-05:00,7.710000038146973,7.739999771118164,7.690000057220459,7.700799942016602,647538,0.0,0.0
2022-12-28 14:30:00-05:00,7.704999923706055,7.71999979019165,7.674900054931641,7.695000171661377,695370,0.0,0.0
2022-12-28 15:30:00-05:00,7.695000171661377,7.710000038146973,7.664999961853027,7.699999809265137,918632,0.0,0.0
2022-12-29 09:30:00-05:00,7.769999980926514,8.149999618530273,7.735000133514404,8.074999809265137,2065174,0.0,0.0
2022-12-29 10:30:00-05:00,8.074999809265137,8.149999618530273,8.024999618530273,8.0649995803833,1036931,0.0,0.0
2022-12-29 11:30:00-05:00,8.0649995803833,8.09000015258789,7.949999809265137,7.965000152587891,643333,0.0,0.0
2022-12-29 12:30:00-05:00,7.965000152587891,7.985000133514404,7.929999828338623,7.960000038146973,573001,0.0,0.0
2022-12-29 13:30:00-05:00,7.95359992980957,8.0,7.940000057220459,7.954999923706055,537562,0.0,0.0
2022-12-29 14:30:00-05:00,7.954999923706055,8.0,7.929999828338623,7.994999885559082,529347,0.0,0.0
2022-12-29 15:30:00-05:00,7.994999885559082,8.100000381469727,7.989999771118164,8.0600004196167,1791321,0.0,0.0
2022-12-30 09:30:00-05:00,7.849999904632568,8.140000343322754,7.849999904632568,8.039999961853027,1939734,0.0,0.0
2022-12-30 10:30:00-05:00,8.030099868774414,8.069999694824219,7.934999942779541,7.978099822998047,1087132,0.0,0.0
2022-12-30 11:30:00-05:00,7.974999904632568,7.989999771118164,7.809999942779541,7.840000152587891,1235456,0.0,0.0
2022-12-30 12:30:00-05:00,7.849999904632568,7.880000114440918,7.760000228881836,7.880000114440918,1589458,0.0,0.0
2022-12-30 13:30:00-05:00,7.869999885559082,7.989999771118164,7.869999885559082,7.98360013961792,783698,0.0,0.0
2022-12-30 14:30:00-05:00,7.985000133514404,8.119999885559082,7.974999904632568,8.109999656677246,1058992,0.0,0.0
2022-12-30 15:30:00-05:00,8.109999656677246,8.170000076293945,8.069999694824219,8.149999618530273,1403557,0.0,0.0
2023-01-03 09:30:00-05:00,8.260000228881836,8.380000114440918,7.914999961853027,7.980000019073486,1119916,0.0,0.0
2023-01-03 10:30:00-05:00,7.980000019073486,8.100000381469727,7.940000057220459,8.000100135803223,818927,0.0,0.0
2023-01-03 11:30:00-05:00,8.005000114440918,8.085000038146973,7.985000133514404,8.0600004196167,456917,0.0,0.0
2023-01-03 12:30:00-05:00,8.0600004196167,8.069999694824219,7.949999809265137,8.015000343322754,450377,0.0,0.0
2023-01-03 13:30:00-05:00,8.020000457763672,8.0600004196167,8.0,8.039999961853027,402861,0.0,0.0
2023-01-03 14:30:00-05:00,8.03499984741211,8.109999656677246,8.010000228881836,8.070199966430664,572089,0.0,0.0
2023-01-03 15:30:00-05:00,8.074999809265137,8.109999656677246,8.020000457763672,8.079999923706055,1115606,0.0,0.0
2023-01-04 09:30:00-05:00,8.170000076293945,8.319999694824219,8.079999923706055,8.164999961853027,1147857,0.0,0.0
2023-01-04 10:30:00-05:00,8.164999961853027,8.279999732971191,8.100000381469727,8.260000228881836,724600,0.0,0.0
2023-01-04 11:30:00-05:00,8.260000228881836,8.319999694824219,8.102399826049805,8.1850004196167,1216578,0.0,0.0
2023-01-04 12:30:00-05:00,8.1850004196167,8.270000457763672,8.1850004196167,8.255000114440918,880907,0.0,0.0
2023-01-04 13:30:00-05:00,8.255000114440918,8.345000267028809,8.050000190734863,8.145000457763672,2482696,0.0,0.0
2023-01-04 14:30:00-05:00,8.140000343322754,8.329999923706055,8.140000343322754,8.289999961853027,1322705,0.0,0.0
2023-01-04 15:30:00-05:00,8.295000076293945,8.369999885559082,8.260000228881836,8.369999885559082,1227265,0.0,0.0
2023-01-05 09:30:00-05:00,8.15999984741211,8.1899995803833,7.949999809265137,8.074999809265137,1600413,0.0,0.0
2023-01-05 10:30:00-05:00,8.069999694824219,8.180000305175781,8.020000457763672,8.095000267028809,492379,0.0,0.0
2023-01-05 11:30:00-05:00,8.097299575805664,8.1899995803833,8.079999923706055,8.175000190734863,310784,0.0,0.0
2023-01-05 12:30:00-05:00,8.175000190734863,8.229999542236328,8.130000114440918,8.21500015258789,281584,0.0,0.0
2023-01-05 13:30:00-05:00,8.220000267028809,8.229999542236328,8.149800300598145,8.175000190734863,368639,0.0,0.0
2023-01-05 14:30:00-05:00,8.175000190734863,8.217700004577637,8.114999771118164,8.125,375884,0.0,0.0
2023-01-05 15:30:00-05:00,8.119999885559082,8.15999984741211,8.109999656677246,8.114999771118164,819275,0.0,0.0
2023-01-06 09:30:00-05:00,8.140000343322754,8.15999984741211,7.9278998374938965,8.04010009765625,1170642,0.0,0.0
2023-01-06 10:30:00-05:00,8.050000190734863,8.130000114440918,8.0,8.024999618530273,714505,0.0,0.0
2023-01-06 11:30:00-05:00,8.024999618530273,8.095000267028809,7.989999771118164,8.061699867248535,511781,0.0,0.0
2023-01-06 12:30:00-05:00,8.0600004196167,8.170000076293945,8.029999732971191,8.170000076293945,758787,0.0,0.0
2023-01-06 13:30:00-05:00,8.164999961853027,8.319999694824219,8.149999618530273,8.279999732971191,808845,0.0,0.0
2023-01-06 14:30:00-05:00,8.279999732971191,8.319999694824219,8.255000114440918,8.274999618530273,810015,0.0,0.0
2023-01-06 15:30:00-05:00,8.279999732971191,8.300000190734863,8.24120044708252,8.270000457763672,844878,0.0,0.0
2023-01-09 09:30:00-05:00,8.4399995803833,8.569999694824219,8.390000343322754,8.454999923706055,1247083,0.0,0.0
2023-01-09 10:30:00-05:00,8.454999923706055,8.545000076293945,8.449999809265137,8.520000457763672,941198,0.0,0.0
2023-01-09 11:30:00-05:00,8.524999618530273,8.569700241088867,8.489999771118164,8.569700241088867,638281,0.0,0.0
2023-01-09 12:30:00-05:00,8.5649995803833,8.640000343322754,8.520000457763672,8.614999771118164,896100,0.0,0.0
2023-01-09 13:30:00-05:00,8.614999771118164,8.6899995803833,8.539999961853027,8.6850004196167,1092211,0.0,0.0
2023-01-09 14:30:00-05:00,8.6850004196167,8.6899995803833,8.539999961853027,8.5600004196167,1009490,0.0,0.0
2023-01-09 15:30:00-05:00,8.5649995803833,8.59000015258789,8.529999732971191,8.550000190734863,1198274,0.0,0.0
2023-01-10 09:30:00-05:00,8.489999771118164,8.725700378417969,8.369999885559082,8.545000076293945,1163336,0.0,0.0
2023-01-10 10:30:00-05:00,8.545000076293945,8.545000076293945,8.470000267028809,8.524999618530273,823629,0.0,0.0
2023-01-10 11:30:00-05:00,8.527799606323242,8.550000190734863,8.484999656677246,8.520000457763672,681896,0.0,0.0
2023-01-10 12:30:00-05:00,8.520000457763672,8.569999694824219,8.5,8.54010009765625,739806,0.0,0.0
2023-01-10 13:30:00-05:00,8.545000076293945,8.680000305175781,8.53499984741211,8.664999961853027,909455,0.0,0.0
2023-01-10 14:30:00-05:00,8.670000076293945,8.6899995803833,8.619999885559082,8.664999961853027,713725,0.0,0.0
2023-01-10 15:30:00-05:00,8.664999961853027,8.734999656677246,8.65999984741211,8.720000267028809,981634,0.0,0.0
2023-01-11 09:30:00-05:00,8.760000228881836,8.819999694824219,8.630000114440918,8.805000305175781,1065046,0.0,0.0
2023-01-11 10:30:00-05:00,8.805000305175781,8.84000015258789,8.640000343322754,8.710000038146973,782571,0.0,0.0
2023-01-11 11:30:00-05:00,8.710000038146973,8.78499984741211,8.699999809265137,8.734999656677246,527932,0.0,0.0
2023-01-11 12:30:00-05:00,8.729999542236328,8.789999961853027,8.71500015258789,8.774999618530273,379046,0.0,0.0
2023-01-11 13:30:00-05:00,8.779999732971191,8.800000190734863,8.71500015258789,8.765000343322754,590244,0.0,0.0
2023-01-11 14:30:00-05:00,8.770000457763672,8.789999961853027,8.720000267028809,8.755000114440918,464651,0.0,0.0
2023-01-11 15:30:00-05:00,8.755000114440918,8.770000457763672,8.704999923706055,8.760000228881836,774177,0.0,0.0
2023-01-12 09:30:00-05:00,8.8100004196167,8.864999771118164,8.489999771118164,8.704999923706055,1633503,0.0,0.0
2023-01-12 10:30:00-05:00,8.710000038146973,8.770000457763672,8.670000076293945,8.755000114440918,864917,0.0,0.0
2023-01-12 11:30:00-05:00,8.755000114440918,8.8100004196167,8.71500015258789,8.8100004196167,571120,0.0,0.0
2023-01-12 12:30:00-05:00,8.800100326538086,8.890000343322754,8.770000457763672,8.8149995803833,611408,0.0,0.0
2023-01-12 13:30:00-05:00,8.8100004196167,8.930000305175781,8.789999961853027,8.895000457763672,583984,0.0,0.0
2023-01-12 14:30:00-05:00,8.890000343322754,8.979999542236328,8.890000343322754,8.975000381469727,783403,0.0,0.0
2023-01-12 15:30:00-05:00,8.975000381469727,9.050000190734863,8.949999809265137,9.050000190734863,2491195,0.0,0.0
2023-01-13 09:30:00-05:00,8.930000305175781,9.4399995803833,8.899999618530273,9.380000114440918,3679548,0.0,0.0
2023-01-13 10:30:00-05:00,9.390000343322754,9.390000343322754,9.180000305175781,9.225000381469727,1418949,0.0,0.0
2023-01-13 11:30:00-05:00,9.225000381469727,9.229999542236328,9.079999923706055,9.154999732971191,1216666,0.0,0.0
2023-01-13 12:30:00-05:00,9.149999618530273,9.229999542236328,9.109999656677246,9.149999618530273,867276,0.0,0.0
2023-01-13 13:30:00-05:00,9.145000457763672,9.260000228881836,9.140000343322754,9.260000228881836,664428,0.0,0.0
2023-01-13 14:30:00-05:00,9.255000114440918,9.289999961853027,9.220000267028809,9.28499984741211,932685,0.0,0.0
2023-01-13 15:30:00-05:00,9.289999961853027,9.329999923706055,9.239999771118164,9.324999809265137,1499332,0.0,0.0
2023-01-17 09:30:00-05:00,9.379899978637695,9.569999694824219,9.289999961853027,9.449999809265137,1924860,0.0,0.0
2023-01-17 10:30:00-05:00,9.444999694824219,9.675000190734863,9.380000114440918,9.42770004272461,1416595,0.0,0.0
2023-01-17 11:30:00-05:00,9.425000190734863,9.444999694824219,9.335000038146973,9.414999961853027,1056941,0.0,0.0
2023-01-17 12:30:00-05:00,9.420000076293945,9.476799964904785,9.390000343322754,9.46500015258789,631859,0.0,0.0
2023-01-17 13:30:00-05:00,9.470000267028809,9.550000190734863,9.449999809265137,9.545000076293945,640355,0.0,0.0
2023-01-17 14:30:00-05:00,9.545000076293945,9.579999923706055,9.510000228881836,9.53499984741211,917776,0.0,0.0
2023-01-17 15:30:00-05:00,9.53499984741211,9.569999694824219,9.510000228881836,9.52299976348877,1051609,0.0,0.0
2023-01-18 09:30:00-05:00,9.65999984741211,9.699999809265137,9.449999809265137,9.5,1069203,0.0,0.0
2023-01-18 10:30:00-05:00,9.505000114440918,9.505000114440918,9.170000076293945,9.274999618530273,2139666,0.0,0.0
2023-01-18 11:30:00-05:00,9.274999618530273,9.380000114440918,9.199999809265137,9.295000076293945,949229,0.0,0.0
2023-01-18 12:30:00-05:00,9.295000076293945,9.414999961853027,9.25,9.414999961853027,707720,0.0,0.0
2023-01-18 13:30:00-05:00,9.414999961853027,9.489999771118164,9.34000015258789,9.404999732971191,751578,0.0,0.0
2023-01-18 14:30:00-05:00,9.40999984741211,9.479999542236328,9.3100004196167,9.3149995803833,819957,0.0,0.0
2023-01-18 15:30:00-05:00,9.3149995803833,9.34000015258789,9.270000457763672,9.305000305175781,1005215,0.0,0.0
2023-01-19 09:30:00-05:00,9.180000305175781,9.300000190734863,9.069999694824219,9.109999656677246,888505,0.0,0.0
2023-01-19 10:30:00-05:00,9.109999656677246,9.149999618530273,9.0649995803833,9.074999809265137,476626,0.0,0.0
2023-01-19 11:30:00-05:00,9.079899787902832,9.149999618530273,9.074999809265137,9.109999656677246,295085,0.0,0.0
2023-01-19 12:30:00-05:00,9.109999656677246,9.130000114440918,9.074999809265137,9.100000381469727,267199,0.0,0.0
2023-01-19 13:30:00-05:00,9.095000267028809,9.187600135803223,9.095000267028809,9.177800178527832,279619,0.0,0.0
2023-01-19 14:30:00-05:00,9.170000076293945,9.189900398254395,9.084699630737305,9.09000015258789,379027,0.0,0.0
2023-01-19 15:30:00-05:00,9.09000015258789,9.095000267028809,9.039999961853027,9.039999961853027,713602,0.0,0.0
2023-01-20 09:30:00-05:00,9.15999984741211,9.234999656677246,9.0600004196167,9.180000305175781,883921,0.0,0.0
2023-01-20 10:30:00-05:00,9.180000305175781,9.380000114440918,9.109999656677246,9.359999656677246,742789,0.0,0.0
2023-01-20 11:30:00-05:00,9.359999656677246,9.40999984741211,9.34000015258789,9.390000343322754,462499,0.0,0.0
2023-01-20 12:30:00-05:00,9.385000228881836,9.435400009155273,9.350099563598633,9.404999732971191,528481,0.0,0.0
2023-01-20 13:30:00-05:00,9.404999732971191,9.46500015258789,9.369999885559082,9.444999694824219,664899,0.0,0.0
2023-01-20 14:30:00-05:00,9.444999694824219,9.53499984741211,9.430000305175781,9.505000114440918,1380969,0.0,0.0
2023-01-20 15:30:00-05:00,9.501799583435059,9.569999694824219,9.470000267028809,9.515000343322754,1397377,0.0,0.0
2023-01-23 09:30:00-05:00,9.579999923706055,9.670000076293945,9.430000305175781,9.630000114440918,1111433,0.0,0.0
2023-01-23 10:30:00-05:00,9.640000343322754,9.729999542236328,9.609999656677246,9.670000076293945,851734,0.0,0.0
2023-01-23 11:30:00-05:00,9.664999961853027,9.720000267028809,9.625,9.640000343322754,817762,0.0,0.0
2023-01-23 12:30:00-05:00,9.640000343322754,9.699999809265137,9.630000114440918,9.6899995803833,495699,0.0,0.0
2023-01-23 13:30:00-05:00,9.6850004196167,9.779999732971191,9.649999618530273,9.725000381469727,646121,0.0,0.0
2023-01-23 14:30:00-05:00,9.725000381469727,9.729999542236328,9.622599601745605,9.664999961853027,655261,0.0,0.0
2023-01-23 15:30:00-05:00,9.664999961853027,9.71500015258789,9.640000343322754,9.704999923706055,891581,0.0,0.0
2023-01-24 09:30:00-05:00,9.600000381469727,9.800000190734863,9.5600004196167,9.755000114440918,953179,0.0,0.0
2023-01-24 10:30:00-05:00,9.75,9.770000457763672,9.649999618530273,9.737099647521973,608007,0.0,0.0
2023-01-24 11:30:00-05:00,9.729999542236328,9.805000305175781,9.700900077819824,9.774999618530273,536683,0.0,0.0
2023-01-24 12:30:00-05:00,9.770000457763672,9.795000076293945,9.720000267028809,9.759699821472168,377595,0.0,0.0
2023-01-24 13:30:00-05:00,9.755000114440918,9.84000015258789,9.75,9.807100296020508,756690,0.0,0.0
2023-01-24 14:30:00-05:00,9.805000305175781,9.819999694824219,9.725000381469727,9.739999771118164,454887,0.0,0.0
2023-01-24 15:30:00-05:00,9.744999885559082,9.744999885559082,9.670000076293945,9.699999809265137,777867,0.0,0.0
2023-01-25 09:30:00-05:00,9.550000190734863,9.640000343322754,9.324999809265137,9.375,1684392,0.0,0.0
2023-01-25 10:30:00-05:00,9.380000114440918,9.550000190734863,9.324999809265137,9.517499923706055,686844,0.0,0.0
2023-01-25 11:30:00-05:00,9.515000343322754,9.609999656677246,9.4399995803833,9.449999809265137,800279,0.0,0.0
2023-01-25 12:30:00-05:00,9.449999809265137,9.6899995803833,9.442899703979492,9.6850004196167,608606,0.0,0.0
2023-01-25 13:30:00-05:00,9.6850004196167,9.780099868774414,9.670100212097168,9.75,506525,0.0,0.0
2023-01-25 14:30:00-05:00,9.755000114440918,9.779999732971191,9.699999809265137,9.717599868774414,582476,0.0,0.0
2023-01-25 15:30:00-05:00,9.710100173950195,9.729999542236328,9.6899995803833,9.6899995803833,794533,0.0,0.0
2023-01-26 09:30:00-05:00,9.9399995803833,10.0,9.630000114440918,9.760000228881836,1223004,0.0,0.0
2023-01-26 10:30:00-05:00,9.760000228881836,9.789999961853027,9.640000343322754,9.675000190734863,422669,0.0,0.0
2023-01-26 11:30:00-05:00,9.673600196838379,9.75,9.664999961853027,9.729999542236328,457580,0.0,0.0
2023-01-26 12:30:00-05:00,9.720000267028809,9.760000228881836,9.670000076293945,9.675000190734863,437583,0.0,0.0
2023-01-26 13:30:00-05:00,9.676600456237793,9.699999809265137,9.640000343322754,9.654999732971191,604439,0.0,0.0
2023-01-26 14:30:00-05:00,9.654999732971191,9.678299903869629,9.550000190734863,9.595000267028809,780668,0.0,0.0
2023-01-26 15:30:00-05:00,9.595000267028809,9.65999984741211,9.585000038146973,9.654999732971191,1146112,0.0,0.0
2023-01-27 09:30:00-05:00,9.609999656677246,9.880000114440918,9.59000015258789,9.760000228881836,1076883,0.0,0.0
2023-01-27 10:30:00-05:00,9.760000228881836,9.90999984741211,9.75,9.899999618530273,917564,0.0,0.0
2023-01-27 11:30:00-05:00,9.899999618530273,10.039999961853027,9.895000457763672,9.984999656677246,1261873,0.0,0.0
2023-01-27 12:30:00-05:00,9.98330020904541,10.109999656677246,9.96500015258789,10.045000076293945,1188113,0.0,0.0
2023-01-27 13:30:00-05:00,10.045000076293945,10.3100004196167,10.045000076293945,10.3100004196167,1711748,0.0,0.0
2023-01-27 14:30:00-05:00,10.305000305175781,10.5,10.300000190734863,10.484999656677246,2820385,0.0,0.0
2023-01-27 15:30:00-05:00,10.484999656677246,10.545000076293945,10.380000114440918,10.390000343322754,3088973,0.0,0.0
2023-01-30 09:30:00-05:00,10.300000190734863,10.649999618530273,10.100000381469727,10.140000343322754,2074676,0.0,0.0
2023-01-30 10:30:00-05:00,10.140000343322754,10.219099998474121,10.010000228881836,10.210000038146973,1480341,0.0,0.0
2023-01-30 11:30:00-05:00,10.220000267028809,10.260199546813965,10.140000343322754,10.1899995803833,668488,0.0,0.0
2023-01-30 12:30:00-05:00,10.180000305175781,10.274999618530273,10.130000114440918,10.240099906921387,448736,0.0,0.0
2023-01-30 13:30:00-05:00,10.239999771118164,10.239999771118164,10.140000343322754,10.180000305175781,555926,0.0,0.0
2023-01-30 14:30:00-05:00,10.180000305175781,10.239999771118164,10.125,10.154999732971191,592686,0.0,0.0
2023-01-30 15:30:00-05:00,10.154999732971191,10.204999923706055,10.114999771118164,10.149999618530273,864615,0.0,0.0
2023-01-31 09:30:00-05:00,10.239999771118164,10.34000015258789,10.149999618530273,10.28499984741211,1211512,0.0,0.0
2023-01-31 10:30:00-05:00,10.28499984741211,10.319999694824219,10.210000038146973,10.255000114440918,936705,0.0,0.0
2023-01-31 11:30:00-05:00,10.255000114440918,10.274999618530273,10.149999618530273,10.229999542236328,1118306,0.0,0.0
2023-01-31 12:30:00-05:00,10.225000381469727,10.260000228881836,10.210000038146973,10.239999771118164,562716,0.0,0.0
2023-01-31 13:30:00-05:00,10.234999656677246,10.395000457763672,10.225000381469727,10.375,1027080,0.0,0.0
2023-01-31 14:30:00-05:00,10.380000114440918,10.399999618530273,10.305000305175781,10.375,709967,0.0,0.0
2023-01-31 15:30:00-05:00,10.375,10.420000076293945,10.345000267028809,10.420000076293945,1187026,0.0,0.0
2023-02-01 09:30:00-05:00,10.260000228881836,10.5,10.260000228881836,10.45359992980957,2394821,0.0,0.0
2023-02-01 10:30:00-05:00,10.454999923706055,10.454999923706055,10.15999984741211,10.295000076293945,978268,0.0,0.0
2023-02-01 11:30:00-05:00,10.300000190734863,10.395000457763672,10.289999961853027,10.326299667358398,465481,0.0,0.0
2023-02-01 12:30:00-05:00,10.319999694824219,10.390000343322754,10.289999961853027,10.375100135803223,468785,0.0,0.0
2023-02-01 13:30:00-05:00,10.375,10.4399995803833,10.260000228881836,10.369999885559082,824617,0.0,0.0
2023-02-01 14:30:00-05:00,10.364999771118164,10.729999542236328,10.229999542236328,10.729999542236328,2301824,0.0,0.0
2023-02-01 15:30:00-05:00,10.729999542236328,10.880000114440918,10.720000267028809,10.789999961853027,2549614,0.0,0.0
2023-02-02 09:30:00-05:00,11.085000038146973,11.419899940490723,11.005000114440918,11.300000190734863,5213624,0.0,0.0
2023-02-02 10:30:00-05:00,11.305000305175781,11.520000457763672,11.239999771118164,11.341300010681152,3923514,0.0,0.0
2023-02-02 11:30:00-05:00,11.340700149536133,11.390000343322754,11.220100402832031,11.270000457763672,1051549,0.0,0.0
2023-02-02 12:30:00-05:00,11.274999618530273,11.430000305175781,11.25,11.399999618530273,902430,0.0,0.0
2023-02-02 13:30:00-05:00,11.404999732971191,11.460000038146973,11.239999771118164,11.25,1200947,0.0,0.0
2023-02-02 14:30:00-05:00,11.251500129699707,11.257599830627441,10.970000267028809,11.039999961853027,1463292,0.0,0.0
2023-02-02 15:30:00-05:00,11.039999961853027,11.170000076293945,11.029999732971191,11.149999618530273,988051,0.0,0.0
2023-02-03 09:30:00-05:00,10.765000343322754,11.069999694824219,10.550000190734863,10.975000381469727,2220830,0.0,0.0
2023-02-03 10:30:00-05:00,10.975000381469727,11.15999984741211,10.9576997756958,11.079999923706055,1372885,0.0,0.0
2023-02-03 11:30:00-05:00,11.085000038146973,11.234999656677246,11.005000114440918,11.085000038146973,950650,0.0,0.0
2023-02-03 12:30:00-05:00,11.079999923706055,11.079999923706055,10.949999809265137,11.0600004196167,1668548,0.0,0.0
2023-02-03 13:30:00-05:00,11.055000305175781,11.0600004196167,10.869999885559082,10.935999870300293,901468,0.0,0.0
2023-02-03 14:30:00-05:00,10.930000305175781,10.989999771118164,10.699999809265137,10.75,1772886,0.0,0.0
2023-02-03 15:30:00-05:00,10.739999771118164,10.770000457763672,10.680000305175781,10.744999885559082,1812227,0.0,0.0
2023-02-06 09:30:00-05:00,10.630000114440918,10.729999542236328,10.4399995803833,10.477499961853027,1145958,0.0,0.0
2023-02-06 10:30:00-05:00,10.470000267028809,10.670000076293945,10.420000076293945,10.645000457763672,852404,0.0,0.0
2023-02-06 11:30:00-05:00,10.649999618530273,10.688899993896484,10.539999961853027,10.640000343322754,494250,0.0,0.0
2023-02-06 12:30:00-05:00,10.649999618530273,10.71500015258789,10.539999961853027,10.54990005493164,385823,0.0,0.0
2023-02-06 13:30:00-05:00,10.539999961853027,10.649999618530273,10.520000457763672,10.595000267028809,579177,0.0,0.0
2023-02-06 14:30:00-05:00,10.595000267028809,10.65999984741211,10.5649995803833,10.649999618530273,741408,0.0,0.0
2023-02-06 15:30:00-05:00,10.654999732971191,10.710000038146973,10.579999923706055,10.59000015258789,1837482,0.0,0.0
2023-02-07 09:30:00-05:00,10.600000381469727,10.600000381469727,10.220000267028809,10.232199668884277,1686421,0.0,0.0
2023-02-07 10:30:00-05:00,10.239999771118164,10.359999656677246,10.220000267028809,10.303199768066406,761739,0.0,0.0
2023-02-07 11:30:00-05:00,10.3100004196167,10.430000305175781,10.3100004196167,10.395000457763672,632089,0.0,0.0
2023-02-07 12:30:00-05:00,10.390000343322754,10.739999771118164,10.359999656677246,10.359999656677246,1247924,0.0,0.0
2023-02-07 13:30:00-05:00,10.364999771118164,10.5,10.270000457763672,10.477899551391602,888354,0.0,0.0
2023-02-07 14:30:00-05:00,10.479999542236328,10.59000015258789,10.40999984741211,10.524999618530273,994323,0.0,0.0
2023-02-07 15:30:00-05:00,10.524999618530273,10.619999885559082,10.492500305175781,10.5600004196167,1159355,0.0,0.0
2023-02-08 09:30:00-05:00,10.600000381469727,10.795000076293945,10.520000457763672,10.555000305175781,1810990,0.0,0.0
2023-02-08 10:30:00-05:00,10.550000190734863,10.577099800109863,10.399999618530273,10.431300163269043,1066959,0.0,0.0
2023-02-08 11:30:00-05:00,10.430000305175781,10.579999923706055,10.420000076293945,10.5,908769,0.0,0.0
2023-02-08 12:30:00-05:00,10.5,10.539999961853027,10.420000076293945,10.505000114440918,901599,0.0,0.0
2023-02-08 13:30:00-05:00,10.5,10.539999961853027,10.460000038146973,10.494999885559082,1344198,0.0,0.0
2023-02-08 14:30:00-05:00,10.494999885559082,10.510000228881836,10.390000343322754,10.5,1762575,0.0,0.0
2023-02-08 15:30:00-05:00,10.494999885559082,10.51990032196045,10.399999618530273,10.470000267028809,2275234,0.0,0.0
2023-02-09 09:30:00-05:00,11.065999984741211,11.15999984741211,10.220000267028809,10.51990032196045,5746675,0.0,0.0
2023-02-09 10:30:00-05:00,10.510000228881836,10.600000381469727,10.295000076293945,10.350000381469727,1710083,0.0,0.0
2023-02-09 11:30:00-05:00,10.356900215148926,10.380000114440918,9.899999618530273,10.246100425720215,3047471,0.0,0.0
2023-02-09 12:30:00-05:00,10.239999771118164,10.375,10.09000015258789,10.329999923706055,1660673,0.0,0.0
2023-02-09 13:30:00-05:00,10.329999923706055,10.40999984741211,10.25,10.260000228881836,1041870,0.0,0.0
2023-02-09 14:30:00-05:00,10.255000114440918,10.274999618530273,10.095000267028809,10.149999618530273,1178692,0.0,0.0
2023-02-09 15:30:00-05:00,10.145000457763672,10.194999694824219,10.015000343322754,10.100000381469727,1849957,0.0,0.0
2023-02-10 09:30:00-05:00,9.920000076293945,10.324999809265137,9.84000015258789,10.050000190734863,2416009,0.0,0.0
2023-02-10 10:30:00-05:00,10.050000190734863,10.100000381469727,9.920000076293945,10.015000343322754,1327964,0.0,0.0
2023-02-10 11:30:00-05:00,10.010000228881836,10.050000190734863,9.880000114440918,9.90999984741211,937430,0.0,0.0
2023-02-10 12:30:00-05:00,9.920000076293945,10.0600004196167,9.90999984741211,9.984999656677246,593183,0.0,0.0
2023-02-10 13:30:00-05:00,9.980199813842773,9.994999885559082,9.90999984741211,9.90999984741211,540139,0.0,0.0
2023-02-10 14:30:00-05:00,9.914999961853027,9.9399995803833,9.845000267028809,9.904999732971191,1266209,0.0,0.0
2023-02-10 15:30:00-05:00,9.904999732971191,9.994999885559082,9.899999618530273,9.979999542236328,1261583,0.0,0.0
2023-02-13 09:30:00-05:00,9.979999542236328,10.069999694824219,9.829999923706055,10.024999618530273,911944,0.0,0.0
2023-02-13 10:30:00-05:00,10.024999618530273,10.079999923706055,9.859999656677246,9.859999656677246,990381,0.0,0.0
2023-02-13 11:30:00-05:00,9.864999771118164,9.960000038146973,9.8100004196167,9.944999694824219,876975,0.0,0.0
2023-02-13 12:30:00-05:00,9.944999694824219,10.010000228881836,9.90999984741211,9.994999885559082,546678,0.0,0.0
2023-02-13 13:30:00-05:00,10.0,10.020000457763672,9.944999694824219,9.949999809265137,548117,0.0,0.0
2023-02-13 14:30:00-05:00,9.949999809265137,9.949999809265137,9.829999923706055,9.850099563598633,522011,0.0,0.0
2023-02-13 15:30:00-05:00,9.854999542236328,9.949999809265137,9.84000015258789,9.930000305175781,1112823,0.0,0.0
2023-02-14 09:30:00-05:00,9.890000343322754,10.260000228881836,9.8100004196167,10.071999549865723,1564659,0.0,0.0
2023-02-14 10:30:00-05:00,10.074999809265137,10.09000015258789,9.880000114440918,9.942000389099121,661723,0.0,0.0
2023-02-14 11:30:00-05:00,9.9399995803833,10.029999732971191,9.899999618530273,10.0,420766,0.0,0.0
2023-02-14 12:30:00-05:00,9.989999771118164,10.085000038146973,9.954999923706055,10.03499984741211,644500,0.0,0.0
2023-02-14 13:30:00-05:00,10.029999732971191,10.050000190734863,9.957799911499023,10.038100242614746,412146,0.0,0.0
2023-02-14 14:30:00-05:00,10.039999961853027,10.114999771118164,10.0,10.020000457763672,657105,0.0,0.0
2023-02-14 15:30:00-05:00,10.020000457763672,10.09000015258789,10.010000228881836,10.050000190734863,871902,0.0,0.0
2023-02-15 09:30:00-05:00,10.0600004196167,10.430000305175781,10.020000457763672,10.369999885559082,1521598,0.0,0.0
2023-02-15 10:30:00-05:00,10.369999885559082,10.550000190734863,10.329999923706055,10.52750015258789,1146665,0.0,0.0
2023-02-15 11:30:00-05:00,10.529999732971191,10.529999732971191,10.354999542236328,10.354999542236328,752898,0.0,0.0
2023-02-15 12:30:00-05:00,10.354999542236328,10.4350004196167,10.319999694824219,10.404999732971191,628433,0.0,0.0
2023-02-15 13:30:00-05:00,10.40999984741211,10.59000015258789,10.385000228881836,10.572099685668945,1108596,0.0,0.0
2023-02-15 14:30:00-05:00,10.574999809265137,10.600000381469727,10.449999809265137,10.484199523925781,1171573,0.0,0.0
2023-02-15 15:30:00-05:00,10.484999656677246,10.630000114440918,10.479999542236328,10.619999885559082,1082534,0.0,0.0
2023-02-16 09:30:00-05:00,10.432000160217285,10.619999885559082,10.329999923706055,10.585000038146973,1797210,0.0,0.0
2023-02-16 10:30:00-05:00,10.585000038146973,10.920000076293945,10.578700065612793,10.791299819946289,1301713,0.0,0.0
2023-02-16 11:30:00-05:00,10.789999961853027,10.819999694824219,10.600000381469727,10.662099838256836,764947,0.0,0.0
2023-02-16 12:30:00-05:00,10.670000076293945,10.720000267028809,10.5649995803833,10.59000015258789,578916,0.0,0.0
2023-02-16 13:30:00-05:00,10.579999923706055,10.729999542236328,10.5600004196167,10.694999694824219,482187,0.0,0.0
2023-02-16 14:30:00-05:00,10.699999809265137,10.739999771118164,10.470000267028809,10.475000381469727,1184301,0.0,0.0
2023-02-16 15:30:00-05:00,10.470000267028809,10.475000381469727,10.329999923706055,10.335000038146973,1588249,0.0,0.0
2023-02-17 09:30:00-05:00,10.199999809265137,10.218500137329102,9.8100004196167,9.875,2403638,0.0,0.0
2023-02-17 10:30:00-05:00,9.875,9.979900360107422,9.84000015258789,9.90999984741211,1167777,0.0,0.0
2023-02-17 11:30:00-05:00,9.904999732971191,10.149999618530273,9.869999885559082,10.09000015258789,1558491,0.0,0.0
2023-02-17 12:30:00-05:00,10.085000038146973,10.119999885559082,9.979999542236328,10.0,551777,0.0,0.0
2023-02-17 13:30:00-05:00,10.0,10.135000228881836,9.979999542236328,10.119999885559082,947233,0.0,0.0
2023-02-17 14:30:00-05:00,10.114999771118164,10.260000228881836,10.114999771118164,10.194999694824219,921589,0.0,0.0
2023-02-17 15:30:00-05:00,10.199999809265137,10.369999885559082,10.1850004196167,10.369999885559082,1431083,0.0,0.0
2023-02-21 09:30:00-05:00,10.130000114440918,10.289999961853027,9.920000076293945,9.933799743652344,894999,0.0,0.0
2023-02-21 10:30:00-05:00,9.9350004196167,9.984999656677246,9.835000038146973,9.869999885559082,676058,0.0,0.0
2023-02-21 11:30:00-05:00,9.873200416564941,10.0,9.829999923706055,9.854999542236328,1047819,0.0,0.0
2023-02-21 12:30:00-05:00,9.854999542236328,10.029999732971191,9.854999542236328,9.925000190734863,469598,0.0,0.0
2023-02-21 13:30:00-05:00,9.925000190734863,9.949999809265137,9.890000343322754,9.916899681091309,396885,0.0,0.0
2023-02-21 14:30:00-05:00,9.914999961853027,9.975000381469727,9.890000343322754,9.904999732971191,555445,0.0,0.0
2023-02-21 15:30:00-05:00,9.904999732971191,9.970000267028809,9.869999885559082,9.885000228881836,1207449,0.0,0.0
2023-02-22 09:30:00-05:00,9.890000343322754,10.095000267028809,9.850000381469727,9.875,983536,0.0,0.0
2023-02-22 10:30:00-05:00,9.875,9.979999542236328,9.84000015258789,9.850000381469727,632334,0.0,0.0
2023-02-22 11:30:00-05:00,9.854999542236328,9.90999984741211,9.84000015258789,9.864999771118164,641716,0.0,0.0
2023-02-22 12:30:00-05:00,9.869999885559082,9.919899940490723,9.829999923706055,9.875,482153,0.0,0.0
2023-02-22 13:30:00-05:00,9.880000114440918,9.930000305175781,9.789999961853027,9.869999885559082,775526,0.0,0.0
2023-02-22 14:30:00-05:00,9.869999885559082,9.949999809265137,9.824999809265137,9.912599563598633,625281,0.0,0.0
2023-02-22 15:30:00-05:00,9.914999961853027,9.96500015258789,9.890000343322754,9.954999923706055,725612,0.0,0.0
2023-02-23 09:30:00-05:00,10.0649995803833,10.09000015258789,9.859999656677246,9.899999618530273,824053,0.0,0.0
2023-02-23 10:30:00-05:00,9.899999618530273,9.949999809265137,9.739999771118164,9.8100004196167,740516,0.0,0.0
2023-02-23 11:30:00-05:00,9.805000305175781,9.819999694824219,9.71500015258789,9.755000114440918,412730,0.0,0.0
2023-02-23 12:30:00-05:00,9.75,9.821999549865723,9.739999771118164,9.819999694824219,404497,0.0,0.0
2023-02-23 13:30:00-05:00,9.819999694824219,9.9399995803833,9.78499984741211,9.925000190734863,487966,0.0,0.0
2023-02-23 14:30:00-05:00,9.930000305175781,10.055000305175781,9.925000190734863,10.039999961853027,590873,0.0,0.0
2023-02-23 15:30:00-05:00,10.050000190734863,10.100000381469727,10.039999961853027,10.100000381469727,991343,0.0,0.0
2023-02-24 09:30:00-05:00,9.8100004196167,9.920000076293945,9.662400245666504,9.770099639892578,1105797,0.0,0.0
2023-02-24 10:30:00-05:00,9.774999618530273,9.789999961853027,9.619999885559082,9.742199897766113,823093,0.0,0.0
2023-02-24 11:30:00-05:00,9.744999885559082,9.800000190734863,9.630000114440918,9.630000114440918,565118,0.0,0.0
2023-02-24 12:30:00-05:00,9.630000114440918,9.680000305175781,9.600000381469727,9.640000343322754,606852,0.0,0.0
2023-02-24 13:30:00-05:00,9.645000457763672,9.645000457763672,9.510000228881836,9.510000228881836,864940,0.0,0.0
2023-02-24 14:30:00-05:00,9.510000228881836,9.585000038146973,9.470000267028809,9.550000190734863,900839,0.0,0.0
2023-02-24 15:30:00-05:00,9.550000190734863,9.600000381469727,9.520000457763672,9.600000381469727,956280,0.0,0.0
2023-02-27 09:30:00-05:00,9.720000267028809,9.8100004196167,9.609700202941895,9.731499671936035,664335,0.0,0.0
2023-02-27 10:30:00-05:00,9.729999542236328,9.739999771118164,9.65999984741211,9.725000381469727,420271,0.0,0.0
2023-02-27 11:30:00-05:00,9.729999542236328,9.819999694824219,9.690699577331543,9.800000190734863,486151,0.0,0.0
2023-02-27 12:30:00-05:00,9.795000076293945,9.875,9.760000228881836,9.850000381469727,659369,0.0,0.0
2023-02-27 13:30:00-05:00,9.849900245666504,9.867500305175781,9.800000190734863,9.829999923706055,651352,0.0,0.0
2023-02-27 14:30:00-05:00,9.824999809265137,9.850000381469727,9.744999885559082,9.755000114440918,459940,0.0,0.0
2023-02-27 15:30:00-05:00,9.755000114440918,9.760000228881836,9.672100067138672,9.725000381469727,899305,0.0,0.0
2023-02-28 09:30:00-05:00,9.729999542236328,9.885000228881836,9.720000267028809,9.779999732971191,834398,0.0,0.0
2023-02-28 10:30:00-05:00,9.78499984741211,10.03499984741211,9.760299682617188,9.994999885559082,1043371,0.0,0.0
2023-02-28 11:30:00-05:00,9.994999885559082,10.09000015258789,9.984999656677246,10.069999694824219,913759,0.0,0.0
2023-02-28 12:30:00-05:00,10.069999694824219,10.109999656677246,10.005000114440918,10.09000015258789,648879,0.0,0.0
2023-02-28 13:30:00-05:00,10.09000015258789,10.15999984741211,10.079999923706055,10.085000038146973,685664,0.0,0.0
2023-02-28 14:30:00-05:00,10.082300186157227,10.140000343322754,10.050000190734863,10.055000305175781,513365,0.0,0.0
2023-02-28 15:30:00-05:00,10.050000190734863,10.118200302124023,10.020000457763672,10.050000190734863,1006297,0.0,0.0
2023-03-01 09:30:00-05:00,10.010000228881836,10.110300064086914,9.850000381469727,9.879899978637695,959219,0.0,0.0
2023-03-01 10:30:00-05:00,9.875,9.899999618530273,9.779999732971191,9.859999656677246,748667,0.0,0.0
2023-03-01 11:30:00-05:00,9.867300033569336,9.895000457763672,9.819999694824219,9.839900016784668,415988,0.0,0.0
2023-03-01 12:30:00-05:00,9.835000038146973,9.859999656677246,9.770000457763672,9.770000457763672,286368,0.0,0.0
2023-03-01 13:30:00-05:00,9.770000457763672,9.789999961853027,9.720000267028809,9.720000267028809,477605,0.0,0.0
2023-03-01 14:30:00-05:00,9.720000267028809,9.759699821472168,9.699999809265137,9.720000267028809,624481,0.0,0.0
2023-03-01 15:30:00-05:00,9.729999542236328,9.744999885559082,9.699999809265137,9.729999542236328,884270,0.0,0.0
2023-03-02 09:30:00-05:00,9.479999542236328,9.479999542236328,9.225000381469727,9.28320026397705,2536199,0.0,0.0
2023-03-02 10:30:00-05:00,9.28499984741211,9.300000190734863,9.210000038146973,9.244999885559082,1015994,0.0,0.0
2023-03-02 11:30:00-05:00,9.243800163269043,9.329999923706055,9.239999771118164,9.329999923706055,698880,0.0,0.0
2023-03-02 12:30:00-05:00,9.329999923706055,9.369999885559082,9.319999694824219,9.331000328063965,630612,0.0,0.0
2023-03-02 13:30:00-05:00,9.331000328063965,9.53849983215332,9.331000328063965,9.533300399780273,914521,0.0,0.0
2023-03-02 14:30:00-05:00,9.539999961853027,9.65999984741211,9.53499984741211,9.635000228881836,773255,0.0,0.0
2023-03-02 15:30:00-05:00,9.640000343322754,9.739999771118164,9.614999771118164,9.630000114440918,1187363,0.0,0.0
2023-03-03 09:30:00-05:00,9.609999656677246,9.819999694824219,9.579299926757812,9.734999656677246,1113800,0.0,0.0
2023-03-03 10:30:00-05:00,9.739999771118164,9.760000228881836,9.670000076293945,9.734999656677246,616027,0.0,0.0
2023-03-03 11:30:00-05:00,9.739999771118164,9.880000114440918,9.729999542236328,9.875,599942,0.0,0.0
2023-03-03 12:30:00-05:00,9.869999885559082,9.890000343322754,9.8149995803833,9.854999542236328,348146,0.0,0.0
2023-03-03 13:30:00-05:00,9.859999656677246,9.9399995803833,9.845000267028809,9.899999618530273,430939,0.0,0.0
2023-03-03 14:30:00-05:00,9.899999618530273,9.949999809265137,9.854999542236328,9.893699645996094,759211,0.0,0.0
2023-03-03 15:30:00-05:00,9.899999618530273,9.930000305175781,9.880000114440918,9.890000343322754,835842,0.0,0.0
2023-03-06 09:30:00-05:00,9.944999694824219,9.989999771118164,9.750100135803223,9.970100402832031,1042311,0.0,0.0
2023-03-06 10:30:00-05:00,9.975000381469727,10.039999961853027,9.949999809265137,10.017999649047852,597365,0.0,0.0
2023-03-06 11:30:00-05:00,10.015000343322754,10.029999732971191,9.960000038146973,9.994999885559082,435318,0.0,0.0
2023-03-06 12:30:00-05:00,9.999899864196777,9.999899864196777,9.770000457763672,9.805000305175781,582610,0.0,0.0
2023-03-06 13:30:00-05:00,9.802300453186035,9.805000305175781,9.75,9.765000343322754,363927,0.0,0.0
2023-03-06 14:30:00-05:00,9.770000457763672,9.779999732971191,9.680000305175781,9.694999694824219,629334,0.0,0.0
2023-03-06 15:30:00-05:00,9.694999694824219,9.729999542236328,9.675000190734863,9.725000381469727,847874,0.0,0.0
2023-03-07 09:30:00-05:00,9.710000038146973,9.779999732971191,9.470000267028809,9.5600004196167,1865856,0.0,0.0
2023-03-07 10:30:00-05:00,9.555000305175781,9.670000076293945,9.529899597167969,9.614999771118164,747483,0.0,0.0
2023-03-07 11:30:00-05:00,9.614999771118164,9.774999618530273,9.614999771118164,9.725000381469727,509942,0.0,0.0
2023-03-07 12:30:00-05:00,9.720000267028809,9.755000114440918,9.59000015258789,9.595000267028809,935691,0.0,0.0
2023-03-07 13:30:00-05:00,9.595000267028809,9.625,9.524999618530273,9.536399841308594,442877,0.0,0.0
2023-03-07 14:30:00-05:00,9.53499984741211,9.5600004196167,9.430000305175781,9.4350004196167,854236,0.0,0.0
2023-03-07 15:30:00-05:00,9.4350004196167,9.5,9.399999618530273,9.414999961853027,1195584,0.0,0.0
2023-03-08 09:30:00-05:00,9.420000076293945,9.550000190734863,9.34000015258789,9.5,883535,0.0,0.0
2023-03-08 10:30:00-05:00,9.510000228881836,9.699999809265137,9.5,9.569999694824219,784136,0.0,0.0
2023-03-08 11:30:00-05:00,9.569999694824219,9.680000305175781,9.529999732971191,9.573200225830078,337777,0.0,0.0
2023-03-08 12:30:00-05:00,9.57289981842041,9.619999885559082,9.539999961853027,9.600000381469727,309929,0.0,0.0
2023-03-08 13:30:00-05:00,9.59000015258789,9.619999885559082,9.545000076293945,9.614999771118164,295525,0.0,0.0
2023-03-08 14:30:00-05:00,9.614999771118164,9.675000190734863,9.59000015258789,9.649999618530273,558562,0.0,0.0
2023-03-08 15:30:00-05:00,9.649999618530273,9.720000267028809,9.630000114440918,9.65999984741211,567345,0.0,0.0
2023-03-09 09:30:00-05:00,9.579999923706055,9.831999778747559,9.529999732971191,9.704999923706055,985635,0.0,0.0
2023-03-09 10:30:00-05:00,9.704999923706055,9.755000114440918,9.609999656677246,9.614999771118164,547780,0.0,0.0
2023-03-09 11:30:00-05:00,9.614999771118164,9.640000343322754,9.545000076293945,9.635000228881836,950429,0.0,0.0
2023-03-09 12:30:00-05:00,9.635000228881836,9.640000343322754,9.4399995803833,9.457099914550781,781300,0.0,0.0
2023-03-09 13:30:00-05:00,9.449999809265137,9.529999732971191,9.350000381469727,9.510000228881836,1107089,0.0,0.0
2023-03-09 14:30:00-05:00,9.510000228881836,9.579999923706055,9.479999542236328,9.5,1205886,0.0,0.0
2023-03-09 15:30:00-05:00,9.494999885559082,9.539999961853027,9.40999984741211,9.430000305175781,1329652,0.0,0.0
2023-03-10 09:30:00-05:00,9.319999694824219,9.335000038146973,8.510000228881836,9.125,4611749,0.0,0.0
2023-03-10 10:30:00-05:00,9.125,9.329999923706055,9.029999732971191,9.319999694824219,1315545,0.0,0.0
2023-03-10 11:30:00-05:00,9.319999694824219,9.369999885559082,8.96500015258789,8.989999771118164,992132,0.0,0.0
2023-03-10 12:30:00-05:00,8.989999771118164,9.050000190734863,8.869999885559082,8.9399995803833,1308625,0.0,0.0
2023-03-10 13:30:00-05:00,8.944999694824219,8.960000038146973,8.819999694824219,8.885000228881836,748137,0.0,0.0
2023-03-10 14:30:00-05:00,8.890000343322754,9.100000381469727,8.869999885559082,9.074999809265137,1645594,0.0,0.0
2023-03-10 15:30:00-05:00,9.074999809265137,9.109999656677246,8.96500015258789,9.020000457763672,1847707,0.0,0.0
2023-03-13 09:30:00-04:00,8.850000381469727,9.109999656677246,8.710000038146973,8.789999961853027,2085766,0.0,0.0
2023-03-13 10:30:00-04:00,8.789999961853027,9.270000457763672,8.789999961853027,9.164999961853027,2219690,0.0,0.0
2023-03-13 11:30:00-04:00,9.164999961853027,9.1899995803833,9.005000114440918,9.055000305175781,799963,0.0,0.0
2023-03-13 12:30:00-04:00,9.055000305175781,9.100000381469727,8.890000343322754,8.954999923706055,807143,0.0,0.0
2023-03-13 13:30:00-04:00,8.954999923706055,9.119999885559082,8.9399995803833,9.0600004196167,669207,0.0,0.0
2023-03-13 14:30:00-04:00,9.0649995803833,9.119999885559082,8.975000381469727,8.989999771118164,698930,0.0,0.0
2023-03-13 15:30:00-04:00,8.984999656677246,9.045000076293945,8.954999923706055,8.989999771118164,980150,0.0,0.0
2023-03-14 09:30:00-04:00,9.329999923706055,9.475000381469727,9.104999542236328,9.21500015258789,1654685,0.0,0.0
2023-03-14 10:30:00-04:00,9.21500015258789,9.260000228881836,9.140000343322754,9.170000076293945,613230,0.0,0.0
2023-03-14 11:30:00-04:00,9.170000076293945,9.210000038146973,9.109999656677246,9.109999656677246,483568,0.0,0.0
2023-03-14 12:30:00-04:00,9.109999656677246,9.15999984741211,9.029999732971191,9.068499565124512,1015989,0.0,0.0
2023-03-14 13:30:00-04:00,9.0649995803833,9.140000343322754,9.010000228881836,9.100000381469727,932225,0.0,0.0
2023-03-14 14:30:00-04:00,9.104999542236328,9.135000228881836,9.0,9.055000305175781,884782,0.0,0.0
2023-03-14 15:30:00-04:00,9.055000305175781,9.130000114440918,9.041999816894531,9.109999656677246,1219011,0.0,0.0
2023-03-15 09:30:00-04:00,8.8100004196167,9.039999961853027,8.760000228881836,9.0,1113723,0.0,0.0
2023-03-15 10:30:00-04:00,8.989999771118164,9.069999694824219,8.944999694824219,9.010000228881836,724274,0.0,0.0
2023-03-15 11:30:00-04:00,9.005000114440918,9.119999885559082,9.005000114440918,9.024999618530273,418975,0.0,0.0
2023-03-15 12:30:00-04:00,9.024999618530273,9.039999961853027,8.930000305175781,9.03499984741211,409179,0.0,0.0
2023-03-15 13:30:00-04:00,9.039999961853027,9.069999694824219,8.9399995803833,9.020999908447266,591613,0.0,0.0
2023-03-15 14:30:00-04:00,9.029999732971191,9.109999656677246,9.0,9.104999542236328,523562,0.0,0.0
2023-03-15 15:30:00-04:00,9.104999542236328,9.210000038146973,9.069999694824219,9.210000038146973,1713862,0.0,0.0
2023-03-16 09:30:00-04:00,9.100000381469727,9.225000381469727,8.979999542236328,9.010000228881836,657215,0.0,0.0
2023-03-16 10:30:00-04:00,9.010000228881836,9.220000267028809,9.005000114440918,9.180000305175781,434315,0.0,0.0
2023-03-16 11:30:00-04:00,9.175000190734863,9.300000190734863,9.175000190734863,9.295000076293945,500357,0.0,0.0
2023-03-16 12:30:00-04:00,9.300000190734863,9.369999885559082,9.255000114440918,9.3100004196167,514239,0.0,0.0
2023-03-16 13:30:00-04:00,9.319999694824219,9.319999694824219,9.220000267028809,9.260000228881836,326630,0.0,0.0
2023-03-16 14:30:00-04:00,9.260000228881836,9.329999923706055,9.220000267028809,9.3100004196167,610611,0.0,0.0
2023-03-16 15:30:00-04:00,9.305000305175781,9.350000381469727,9.280099868774414,9.300000190734863,869781,0.0,0.0
2023-03-17 09:30:00-04:00,9.289999961853027,9.369999885559082,9.162199974060059,9.210000038146973,799606,0.0,0.0
2023-03-17 10:30:00-04:00,9.210000038146973,9.244999885559082,9.050000190734863,9.09000015258789,718818,0.0,0.0
2023-03-17 11:30:00-04:00,9.085000038146973,9.149999618530273,9.043700218200684,9.149900436401367,389175,0.0,0.0
2023-03-17 12:30:00-04:00,9.149999618530273,9.210000038146973,9.074999809265137,9.095000267028809,429321,0.0,0.0
2023-03-17 13:30:00-04:00,9.104999542236328,9.204999923706055,9.095000267028809,9.100000381469727,392225,0.0,0.0
2023-03-17 14:30:00-04:00,9.100000381469727,9.1899995803833,9.079999923706055,9.180000305175781,461871,0.0,0.0
2023-03-17 15:30:00-04:00,9.1850004196167,9.229999542236328,9.130000114440918,9.194999694824219,1265827,0.0,0.0
2023-03-20 09:30:00-04:00,9.15999984741211,9.180000305175781,8.979999542236328,9.114999771118164,873123,0.0,0.0
2023-03-20 10:30:00-04:00,9.119999885559082,9.1899995803833,9.100000381469727,9.14009952545166,445517,0.0,0.0
2023-03-20 11:30:00-04:00,9.149999618530273,9.149999618530273,8.899999618530273,8.951499938964844,628497,0.0,0.0
2023-03-20 12:30:00-04:00,8.960000038146973,9.050000190734863,8.949999809265137,8.96500015258789,494840,0.0,0.0
2023-03-20 13:30:00-04:00,8.970000267028809,9.024999618530273,8.890000343322754,8.914999961853027,711683,0.0,0.0
2023-03-20 14:30:00-04:00,8.914999961853027,8.929900169372559,8.84000015258789,8.885000228881836,880699,0.0,0.0
2023-03-20 15:30:00-04:00,8.880000114440918,8.899999618530273,8.800000190734863,8.800000190734863,1248270,0.0,0.0
2023-03-21 09:30:00-04:00,8.930000305175781,9.25,8.880000114440918,9.104999542236328,1939597,0.0,0.0
2023-03-21 10:30:00-04:00,9.109999656677246,9.319999694824219,9.109999656677246,9.292499542236328,925387,0.0,0.0
2023-03-21 11:30:00-04:00,9.295000076293945,9.350000381469727,9.25,9.279999732971191,834122,0.0,0.0
2023-03-21 12:30:00-04:00,9.274999618530273,9.300000190734863,9.199999809265137,9.265000343322754,442042,0.0,0.0
2023-03-21 13:30:00-04:00,9.270000457763672,9.329999923706055,9.220000267028809,9.3149995803833,639861,0.0,0.0
2023-03-21 14:30:00-04:00,9.315799713134766,9.350000381469727,9.274999618530273,9.34000015258789,645516,0.0,0.0
2023-03-21 15:30:00-04:00,9.335000038146973,9.380000114440918,9.3149995803833,9.335000038146973,909801,0.0,0.0
2023-03-22 09:30:00-04:00,9.319999694824219,9.350000381469727,9.134599685668945,9.298399925231934,689403,0.0,0.0
2023-03-22 10:30:00-04:00,9.295000076293945,9.34000015258789,9.25,9.274999618530273,412958,0.0,0.0
2023-03-22 11:30:00-04:00,9.274999618530273,9.289999961853027,9.1899995803833,9.236900329589844,300797,0.0,0.0
2023-03-22 12:30:00-04:00,9.234999656677246,9.239999771118164,9.170000076293945,9.21500015258789,272321,0.0,0.0
2023-03-22 13:30:00-04:00,9.220000267028809,9.399999618530273,9.180000305175781,9.269100189208984,425407,0.0,0.0
2023-03-22 14:30:00-04:00,9.260000228881836,9.399999618530273,9.130000114440918,9.234999656677246,966311,0.0,0.0
2023-03-22 15:30:00-04:00,9.229999542236328,9.229999542236328,8.920000076293945,8.925000190734863,1240054,0.0,0.0
2023-03-23 09:30:00-04:00,8.890000343322754,9.050000190734863,8.8100004196167,9.0,1852937,0.0,0.0
2023-03-23 10:30:00-04:00,8.997300148010254,9.0600004196167,8.960000038146973,8.984999656677246,1095697,0.0,0.0
2023-03-23 11:30:00-04:00,8.989999771118164,9.026599884033203,8.88379955291748,8.885000228881836,696864,0.0,0.0
2023-03-23 12:30:00-04:00,8.885000228881836,8.909099578857422,8.789999961853027,8.829999923706055,929011,0.0,0.0
2023-03-23 13:30:00-04:00,8.829999923706055,8.899999618530273,8.670000076293945,8.675000190734863,1172887,0.0,0.0
2023-03-23 14:30:00-04:00,8.679100036621094,8.739999771118164,8.539999961853027,8.604999542236328,1532656,0.0,0.0
2023-03-23 15:30:00-04:00,8.600000381469727,8.635000228881836,8.545000076293945,8.5600004196167,1338613,0.0,0.0
2023-03-24 09:30:00-04:00,8.5,8.609999656677246,8.375,8.574999809265137,1379021,0.0,0.0
2023-03-24 10:30:00-04:00,8.579999923706055,8.630000114440918,8.529999732971191,8.574999809265137,576477,0.0,0.0
2023-03-24 11:30:00-04:00,8.574999809265137,8.670000076293945,8.564499855041504,8.603400230407715,450858,0.0,0.0
2023-03-24 12:30:00-04:00,8.609999656677246,8.65999984741211,8.569999694824219,8.625,327411,0.0,0.0
2023-03-24 13:30:00-04:00,8.625,8.694999694824219,8.611900329589844,8.65999984741211,455493,0.0,0.0
2023-03-24 14:30:00-04:00,8.664999961853027,8.734999656677246,8.630000114440918,8.704999923706055,528897,0.0,0.0
2023-03-24 15:30:00-04:00,8.704999923706055,8.729999542236328,8.65999984741211,8.680000305175781,881053,0.0,0.0
2023-03-27 09:30:00-04:00,8.760000228881836,8.84000015258789,8.649999618530273,8.65999984741211,909183,0.0,0.0
2023-03-27 10:30:00-04:00,8.664999961853027,8.71500015258789,8.569999694824219,8.600000381469727,831572,0.0,0.0
2023-03-27 11:30:00-04:00,8.595000267028809,8.635000228881836,8.520000457763672,8.630000114440918,415418,0.0,0.0
2023-03-27 12:30:00-04:00,8.630000114440918,8.6850004196167,8.600000381469727,8.645000457763672,341382,0.0,0.0
2023-03-27 13:30:00-04:00,8.649999618530273,8.675000190734863,8.609999656677246,8.664999961853027,238242,0.0,0.0
2023-03-27 14:30:00-04:00,8.664999961853027,8.720000267028809,8.654999732971191,8.699999809265137,428677,0.0,0.0
2023-03-27 15:30:00-04:00,8.694999694824219,8.710000038146973,8.604999542236328,8.619999885559082,658021,0.0,0.0
2023-03-28 09:30:00-04:00,8.600000381469727,8.710000038146973,8.579999923706055,8.65999984741211,512374,0.0,0.0
2023-03-28 10:30:00-04:00,8.664999961853027,8.664999961853027,8.59000015258789,8.628299713134766,222681,0.0,0.0
2023-03-28 11:30:00-04:00,8.625,8.657500267028809,8.550000190734863,8.550000190734863,259144,0.0,0.0
2023-03-28 12:30:00-04:00,8.550000190734863,8.619999885559082,8.539999961853027,8.614999771118164,449266,0.0,0.0
2023-03-28 13:30:00-04:00,8.614999771118164,8.640000343322754,8.579999923706055,8.625,356289,0.0,0.0
2023-03-28 14:30:00-04:00,8.625,8.6850004196167,8.609999656677246,8.654999732971191,390702,0.0,0.0
2023-03-28 15:30:00-04:00,8.654999732971191,8.710000038146973,8.640000343322754,8.664999961853027,575959,0.0,0.0
2023-03-29 09:30:00-04:00,8.829999923706055,9.09000015258789,8.740400314331055,8.930000305175781,2844295,0.0,0.0
2023-03-29 10:30:00-04:00,8.930700302124023,9.119999885559082,8.84000015258789,9.109999656677246,1612094,0.0,0.0
2023-03-29 11:30:00-04:00,9.100000381469727,9.114999771118164,9.045000076293945,9.050000190734863,699969,0.0,0.0
2023-03-29 12:30:00-04:00,9.050000190734863,9.069999694824219,8.989999771118164,9.0649995803833,639318,0.0,0.0
2023-03-29 13:30:00-04:00,9.0649995803833,9.15999984741211,9.039999961853027,9.130000114440918,519237,0.0,0.0
2023-03-29 14:30:00-04:00,9.130000114440918,9.220000267028809,9.130000114440918,9.145000457763672,685708,0.0,0.0
2023-03-29 15:30:00-04:00,9.140000343322754,9.170000076293945,9.079999923706055,9.109999656677246,1063799,0.0,0.0
2023-03-30 09:30:00-04:00,9.220000267028809,9.399999618530273,9.199999809265137,9.35509967803955,2050558,0.0,0.0
2023-03-30 10:30:00-04:00,9.354999542236328,9.40999984741211,9.34000015258789,9.359999656677246,745710,0.0,0.0
2023-03-30 11:30:00-04:00,9.354999542236328,9.470000267028809,9.239999771118164,9.244999885559082,1892847,0.0,0.0
2023-03-30 12:30:00-04:00,9.239999771118164,9.390000343322754,9.229999542236328,9.3100004196167,1192383,0.0,0.0
2023-03-30 13:30:00-04:00,9.3149995803833,9.399999618530273,9.295000076293945,9.34000015258789,1223658,0.0,0.0
2023-03-30 14:30:00-04:00,9.34000015258789,9.420000076293945,9.329999923706055,9.404999732971191,1478564,0.0,0.0
2023-03-30 15:30:00-04:00,9.404999732971191,9.479999542236328,9.399999618530273,9.460000038146973,2500015,0.0,0.0
2023-03-31 09:30:00-04:00,9.5,9.6899995803833,9.479999542236328,9.670000076293945,2170462,0.0,0.0
2023-03-31 10:30:00-04:00,9.664999961853027,9.729999542236328,9.649999618530273,9.680000305175781,858381,0.0,0.0
2023-03-31 11:30:00-04:00,9.6850004196167,9.725000381469727,9.630000114440918,9.664999961853027,1133758,0.0,0.0
2023-03-31 12:30:00-04:00,9.665499687194824,9.699999809265137,9.630000114440918,9.694999694824219,587614,0.0,0.0
2023-03-31 13:30:00-04:00,9.699999809265137,9.699999809265137,9.619999885559082,9.666299819946289,749849,0.0,0.0
2023-03-31 14:30:00-04:00,9.664999961853027,9.704999923706055,9.645000457763672,9.699999809265137,682765,0.0,0.0
2023-03-31 15:30:00-04:00,9.694999694824219,9.710000038146973,9.649999618530273,9.699999809265137,1237765,0.0,0.0
2023-04-03 09:30:00-04:00,9.649999618530273,9.734999656677246,9.529999732971191,9.680000305175781,2070551,0.0,0.0
2023-04-03 10:30:00-04:00,9.680000305175781,9.71500015258789,9.579999923706055,9.649999618530273,1396226,0.0,0.0
2023-04-03 11:30:00-04:00,9.65999984741211,9.680000305175781,9.642499923706055,9.654999732971191,583703,0.0,0.0
2023-04-03 12:30:00-04:00,9.654999732971191,9.765199661254883,9.640000343322754,9.710000038146973,1164358,0.0,0.0
2023-04-03 13:30:00-04:00,9.720000267028809,9.778599739074707,9.714200019836426,9.75,1282893,0.0,0.0
2023-04-03 14:30:00-04:00,9.760000228881836,9.779999732971191,9.739999771118164,9.774999618530273,980282,0.0,0.0
2023-04-03 15:30:00-04:00,9.774999618530273,9.819999694824219,9.75,9.75,1038255,0.0,0.0
2023-04-04 09:30:00-04:00,9.800000190734863,9.800000190734863,9.604999542236328,9.75,1413977,0.0,0.0
2023-04-04 10:30:00-04:00,9.75,9.774999618530273,9.640000343322754,9.744999885559082,1630356,0.0,0.0
2023-04-04 11:30:00-04:00,9.748700141906738,9.789999961853027,9.720000267028809,9.783300399780273,663891,0.0,0.0
2023-04-04 12:30:00-04:00,9.78499984741211,9.795000076293945,9.75,9.780799865722656,511015,0.0,0.0
2023-04-04 13:30:00-04:00,9.779999732971191,9.795000076293945,9.710000038146973,9.71500015258789,689935,0.0,0.0
2023-04-04 14:30:00-04:00,9.720000267028809,9.770000457763672,9.71500015258789,9.75,633659,0.0,0.0
2023-04-04 15:30:00-04:00,9.75,9.770000457763672,9.75,9.755000114440918,589082,0.0,0.0
2023-04-05 09:30:00-04:00,9.699999809265137,9.734999656677246,9.569999694824219,9.6850004196167,1624180,0.0,0.0
2023-04-05 10:30:00-04:00,9.682499885559082,9.725000381469727,9.520000457763672,9.680000305175781,1770068,0.0,0.0
2023-04-05 11:30:00-04:00,9.675000190734863,9.720000267028809,9.604999542236328,9.71500015258789,1162332,0.0,0.0
2023-04-05 12:30:00-04:00,9.720000267028809,9.725000381469727,9.609999656677246,9.635000228881836,1230743,0.0,0.0
2023-04-05 13:30:00-04:00,9.635000228881836,9.729999542236328,9.614999771118164,9.71500015258789,1160512,0.0,0.0
2023-04-05 14:30:00-04:00,9.710000038146973,9.770000457763672,9.6899995803833,9.755000114440918,1190140,0.0,0.0
2023-04-05 15:30:00-04:00,9.755000114440918,9.779999732971191,9.739999771118164,9.75,989121,0.0,0.0
2023-04-06 09:30:00-04:00,9.720000267028809,10.050000190734863,9.710000038146973,9.951499938964844,1812367,0.0,0.0
2023-04-06 10:30:00-04:00,9.954999923706055,10.029999732971191,9.9399995803833,10.005000114440918,1174577,0.0,0.0
2023-04-06 11:30:00-04:00,10.0,10.079999923706055,10.0,10.020000457763672,854181,0.0,0.0
2023-04-06 12:30:00-04:00,10.024999618530273,10.045000076293945,9.994999885559082,10.015000343322754,394014,0.0,0.0
2023-04-06 13:30:00-04:00,10.01200008392334,10.024999618530273,10.0,10.005000114440918,381844,0.0,0.0
2023-04-06 14:30:00-04:00,10.0,10.020000457763672,10.0,10.015000343322754,830510,0.0,0.0
2023-04-06 15:30:00-04:00,10.010000228881836,10.039999961853027,10.0,10.0,1147698,0.0,0.0
2023-04-10 09:30:00-04:00,9.930000305175781,9.989999771118164,9.760000228881836,9.770000457763672,1191472,0.0,0.0
2023-04-10 10:30:00-04:00,9.770000457763672,9.84000015258789,9.734999656677246,9.8100004196167,646211,0.0,0.0
2023-04-10 11:30:00-04:00,9.8149995803833,9.845000267028809,9.645000457763672,9.664999961853027,631805,0.0,0.0
2023-04-10 12:30:00-04:00,9.664999961853027,9.899999618530273,9.65999984741211,9.890000343322754,987389,0.0,0.0
2023-04-10 13:30:00-04:00,9.885000228881836,9.949999809265137,9.859999656677246,9.925000190734863,394934,0.0,0.0
2023-04-10 14:30:00-04:00,9.930000305175781,10.0,9.925000190734863,9.960000038146973,500557,0.0,0.0
2023-04-10 15:30:00-04:00,9.949999809265137,9.989999771118164,9.949999809265137,9.979999542236328,774389,0.0,0.0
2023-04-11 09:30:00-04:00,10.0,10.010000228881836,9.840999603271484,9.954999923706055,1131613,0.0,0.0
2023-04-11 10:30:00-04:00,9.949999809265137,9.969900131225586,9.850000381469727,9.949999809265137,699356,0.0,0.0
2023-04-11 11:30:00-04:00,9.949999809265137,9.960000038146973,9.824999809265137,9.922699928283691,868304,0.0,0.0
2023-04-11 12:30:00-04:00,9.929699897766113,9.9399995803833,9.899999618530273,9.925000190734863,436387,0.0,0.0
2023-04-11 13:30:00-04:00,9.930000305175781,10.020000457763672,9.925000190734863,9.999899864196777,711937,0.0,0.0
2023-04-11 14:30:00-04:00,10.0,10.010000228881836,9.944999694824219,10.005000114440918,835988,0.0,0.0
2023-04-11 15:30:00-04:00,10.010000228881836,10.010000228881836,9.930000305175781,9.954999923706055,1148265,0.0,0.0
2023-04-12 09:30:00-04:00,10.119999885559082,10.199999809265137,9.824999809265137,9.875,774623,0.0,0.0
2023-04-12 10:30:00-04:00,9.875,9.880000114440918,9.65999984741211,9.734999656677246,653339,0.0,0.0
2023-04-12 11:30:00-04:00,9.739999771118164,10.079999923706055,9.720000267028809,10.069999694824219,982730,0.0,0.0
2023-04-12 12:30:00-04:00,10.0649995803833,10.079999923706055,9.989999771118164,10.039999961853027,423228,0.0,0.0
2023-04-12 13:30:00-04:00,10.039999961853027,10.0649995803833,9.994999885559082,10.020000457763672,506514,0.0,0.0
2023-04-12 14:30:00-04:00,10.015000343322754,10.039999961853027,9.994999885559082,10.024999618530273,794443,0.0,0.0
2023-04-12 15:30:00-04:00,10.024999618530273,10.0600004196167,10.0,10.0,1246206,0.0,0.0
2023-04-13 09:30:00-04:00,10.09000015258789,10.130000114440918,10.010000228881836,10.074999809265137,845062,0.0,0.0
2023-04-13 10:30:00-04:00,10.069999694824219,10.085000038146973,9.899999618530273,9.975000381469727,597349,0.0,0.0
2023-04-13 11:30:00-04:00,9.975000381469727,10.085000038146973,9.949999809265137,10.070799827575684,520723,0.0,0.0
2023-04-13 12:30:00-04:00,10.069999694824219,10.079999923706055,9.994999885559082,10.024999618530273,441506,0.0,0.0
2023-04-13 13:30:00-04:00,10.020000457763672,10.0600004196167,9.989999771118164,10.015000343322754,599438,0.0,0.0
2023-04-13 14:30:00-04:00,10.015000343322754,10.140000343322754,9.994999885559082,10.029999732971191,1386712,0.0,0.0
2023-04-13 15:30:00-04:00,10.03499984741211,10.119999885559082,10.020000457763672,10.069999694824219,1215250,0.0,0.0
2023-04-14 09:30:00-04:00,10.039999961853027,10.104999542236328,9.914999961853027,9.95829963684082,924558,0.0,0.0
2023-04-14 10:30:00-04:00,9.960000038146973,10.100000381469727,9.954999923706055,10.005000114440918,1253043,0.0,0.0
2023-04-14 11:30:00-04:00,10.010000228881836,10.050000190734863,9.984999656677246,10.045000076293945,710566,0.0,0.0
2023-04-14 12:30:00-04:00,10.045000076293945,10.09000015258789,10.0,10.050000190734863,959092,0.0,0.0
2023-04-14 13:30:00-04:00,10.055000305175781,10.079999923706055,10.029999732971191,10.074999809265137,1139837,0.0,0.0
2023-04-14 14:30:00-04:00,10.079999923706055,10.100000381469727,9.96500015258789,9.994999885559082,1600822,0.0,0.0
2023-04-14 15:30:00-04:00,9.989999771118164,10.020000457763672,9.970000267028809,9.989999771118164,1789676,0.0,0.0
2023-04-17 09:30:00-04:00,9.850000381469727,9.906999588012695,9.619999885559082,9.699999809265137,2925318,0.0,0.0
2023-04-17 10:30:00-04:00,9.699999809265137,9.819999694824219,9.609999656677246,9.609999656677246,1029232,0.0,0.0
2023-04-17 11:30:00-04:00,9.613300323486328,9.670000076293945,9.59000015258789,9.635000228881836,551740,0.0,0.0
2023-04-17 12:30:00-04:00,9.635000228881836,9.680000305175781,9.579999923706055,9.675000190734863,738077,0.0,0.0
2023-04-17 13:30:00-04:00,9.674300193786621,9.84000015258789,9.674300193786621,9.84000015258789,937177,0.0,0.0
2023-04-17 14:30:00-04:00,9.835000038146973,9.90999984741211,9.829999923706055,9.904999732971191,543915,0.0,0.0
2023-04-17 15:30:00-04:00,9.904999732971191,9.904999732971191,9.84000015258789,9.869999885559082,824055,0.0,0.0
2023-04-18 09:30:00-04:00,9.970000267028809,10.020000457763672,9.850000381469727,9.8818998336792,783284,0.0,0.0
2023-04-18 10:30:00-04:00,9.885000228881836,9.937600135803223,9.869999885559082,9.904999732971191,298084,0.0,0.0
2023-04-18 11:30:00-04:00,9.904999732971191,9.918499946594238,9.805000305175781,9.835000038146973,406907,0.0,0.0
2023-04-18 12:30:00-04:00,9.84000015258789,9.84749984741211,9.770000457763672,9.779999732971191,454007,0.0,0.0
2023-04-18 13:30:00-04:00,9.78499984741211,9.850000381469727,9.75,9.835000038146973,331286,0.0,0.0
2023-04-18 14:30:00-04:00,9.84000015258789,9.84749984741211,9.770000457763672,9.800000190734863,412223,0.0,0.0
2023-04-18 15:30:00-04:00,9.800000190734863,9.84000015258789,9.789999961853027,9.835000038146973,624232,0.0,0.0
2023-04-19 09:30:00-04:00,9.670000076293945,9.770000457763672,9.619999885559082,9.71500015258789,582990,0.0,0.0
2023-04-19 10:30:00-04:00,9.71500015258789,9.770000457763672,9.6850004196167,9.75,400407,0.0,0.0
2023-04-19 11:30:00-04:00,9.742500305175781,9.779999732971191,9.710000038146973,9.779999732971191,311943,0.0,0.0
2023-04-19 12:30:00-04:00,9.774999618530273,9.819999694824219,9.760000228881836,9.78499984741211,236678,0.0,0.0
2023-04-19 13:30:00-04:00,9.789999961853027,9.859999656677246,9.770000457763672,9.854999542236328,322942,0.0,0.0
2023-04-19 14:30:00-04:00,9.854999542236328,9.859999656677246,9.800000190734863,9.850000381469727,351964,0.0,0.0
2023-04-19 15:30:00-04:00,9.845000267028809,9.859999656677246,9.774999618530273,9.819999694824219,624430,0.0,0.0
2023-04-20 09:30:00-04:00,9.699999809265137,9.760000228881836,9.670000076293945,9.720000267028809,315828,0.0,0.0
2023-04-20 10:30:00-04:00,9.71500015258789,9.779999732971191,9.640000343322754,9.642200469970703,455248,0.0,0.0
2023-04-20 11:30:00-04:00,9.640000343322754,9.744999885559082,9.619999885559082,9.664999961853027,420159,0.0,0.0
2023-04-20 12:30:00-04:00,9.669899940490723,9.819999694824219,9.65999984741211,9.789999961853027,413938,0.0,0.0
2023-04-20 13:30:00-04:00,9.789999961853027,9.835000038146973,9.739999771118164,9.755000114440918,444237,0.0,0.0
2023-04-20 14:30:00-04:00,9.755000114440918,9.8100004196167,9.739999771118164,9.755000114440918,459997,0.0,0.0
2023-04-20 15:30:00-04:00,9.755000114440918,9.770000457763672,9.699999809265137,9.725000381469727,846188,0.0,0.0
2023-04-21 09:30:00-04:00,9.6899995803833,9.760000228881836,9.640000343322754,9.675000190734863,494656,0.0,0.0
2023-04-21 10:30:00-04:00,9.675000190734863,9.699999809265137,9.600000381469727,9.625,677925,0.0,0.0
2023-04-21 11:30:00-04:00,9.625,9.65999984741211,9.579999923706055,9.585000038146973,482301,0.0,0.0
2023-04-21 12:30:00-04:00,9.583399772644043,9.630000114440918,9.550000190734863,9.574999809265137,491260,0.0,0.0
2023-04-21 13:30:00-04:00,9.571000099182129,9.640000343322754,9.571000099182129,9.625,342428,0.0,0.0
2023-04-21 14:30:00-04:00,9.625,9.65999984741211,9.59000015258789,9.645000457763672,506829,0.0,0.0
2023-04-21 15:30:00-04:00,9.645000457763672,9.6899995803833,9.600000381469727,9.640000343322754,1214734,0.0,0.0
2023-04-24 09:30:00-04:00,9.630000114440918,9.6899995803833,9.489999771118164,9.524999618530273,588186,0.0,0.0
2023-04-24 10:30:00-04:00,9.524999618530273,9.53499984741211,9.414999961853027,9.420000076293945,639760,0.0,0.0
2023-04-24 11:30:00-04:00,9.420000076293945,9.479999542236328,9.383700370788574,9.460100173950195,367479,0.0,0.0
2023-04-24 12:30:00-04:00,9.46500015258789,9.520000457763672,9.449999809265137,9.515000343322754,368901,0.0,0.0
2023-04-24 13:30:00-04:00,9.515000343322754,9.539999961853027,9.489999771118164,9.515000343322754,393590,0.0,0.0
2023-04-24 14:30:00-04:00,9.515000343322754,9.520000457763672,9.432499885559082,9.4399995803833,494750,0.0,0.0
2023-04-24 15:30:00-04:00,9.444999694824219,9.460000038146973,9.390000343322754,9.395000457763672,934062,0.0,0.0
2023-04-25 09:30:00-04:00,9.300000190734863,9.369999885559082,9.170000076293945,9.194999694824219,634198,0.0,0.0
2023-04-25 10:30:00-04:00,9.194999694824219,9.305000305175781,9.194999694824219,9.277600288391113,744705,0.0,0.0
2023-04-25 11:30:00-04:00,9.274999618530273,9.279999732971191,9.1899995803833,9.229999542236328,282514,0.0,0.0
2023-04-25 12:30:00-04:00,9.229999542236328,9.234999656677246,9.100000381469727,9.114999771118164,427759,0.0,0.0
2023-04-25 13:30:00-04:00,9.109999656677246,9.199999809265137,9.100000381469727,9.199999809265137,354971,0.0,0.0
2023-04-25 14:30:00-04:00,9.194999694824219,9.210000038146973,9.130000114440918,9.145000457763672,414449,0.0,0.0
2023-04-25 15:30:00-04:00,9.145000457763672,9.154999732971191,9.050000190734863,9.09000015258789,1033317,0.0,0.0
2023-04-26 09:30:00-04:00,9.149999618530273,9.25,9.079999923706055,9.109999656677246,685232,0.0,0.0
2023-04-26 10:30:00-04:00,9.119999885559082,9.210000038146973,9.100000381469727,9.135000228881836,381037,0.0,0.0
2023-04-26 11:30:00-04:00,9.135000228881836,9.15999984741211,9.069999694824219,9.085000038146973,356730,0.0,0.0
2023-04-26 12:30:00-04:00,9.079999923706055,9.109999656677246,9.015000343322754,9.024999618530273,446842,0.0,0.0
2023-04-26 13:30:00-04:00,9.029999732971191,9.039999961853027,8.920000076293945,8.984999656677246,1412459,0.0,0.0
2023-04-26 14:30:00-04:00,8.984999656677246,8.989999771118164,8.84000015258789,8.895000457763672,1571705,0.0,0.0
2023-04-26 15:30:00-04:00,8.895000457763672,8.920000076293945,8.800000190734863,8.8100004196167,1893432,0.0,0.0
2023-04-27 09:30:00-04:00,8.899999618530273,8.920000076293945,8.720000267028809,8.860199928283691,1559073,0.0,0.0
2023-04-27 10:30:00-04:00,8.864999771118164,8.875,8.720000267028809,8.779999732971191,1041737,0.0,0.0
2023-04-27 11:30:00-04:00,8.779999732971191,8.850000381469727,8.729999542236328,8.84000015258789,1856684,0.0,0.0
2023-04-27 12:30:00-04:00,8.845000267028809,8.890000343322754,8.78950023651123,8.814000129699707,970055,0.0,0.0
2023-04-27 13:30:00-04:00,8.819899559020996,8.90999984741211,8.8100004196167,8.895000457763672,954164,0.0,0.0
2023-04-27 14:30:00-04:00,8.890000343322754,8.9399995803833,8.850000381469727,8.854999542236328,1189717,0.0,0.0
2023-04-27 15:30:00-04:00,8.850000381469727,8.885000228881836,8.8100004196167,8.8149995803833,1105455,0.0,0.0
2023-04-28 09:30:00-04:00,8.770000457763672,8.920000076293945,8.720000267028809,8.895500183105469,1032985,0.0,0.0
2023-04-28 10:30:00-04:00,8.899999618530273,8.9399995803833,8.8100004196167,8.859999656677246,625585,0.0,0.0
2023-04-28 11:30:00-04:00,8.864999771118164,8.909000396728516,8.829999923706055,8.859999656677246,437387,0.0,0.0
2023-04-28 12:30:00-04:00,8.864999771118164,8.899999618530273,8.829999923706055,8.850000381469727,362248,0.0,0.0
2023-04-28 13:30:00-04:00,8.845000267028809,8.880000114440918,8.84000015258789,8.854999542236328,330358,0.0,0.0
2023-04-28 14:30:00-04:00,8.859999656677246,8.875,8.8149995803833,8.824999809265137,673550,0.0,0.0
2023-04-28 15:30:00-04:00,8.824999809265137,8.850000381469727,8.805000305175781,8.84000015258789,840282,0.0,0.0
2023-05-01 09:30:00-04:00,8.800000190734863,8.850000381469727,8.734999656677246,8.805000305175781,1456719,0.0,0.0
2023-05-01 10:30:00-04:00,8.805000305175781,8.824999809265137,8.680000305175781,8.694999694824219,748893,0.0,0.0
2023-05-01 11:30:00-04:00,8.6899995803833,8.739999771118164,8.645000457763672,8.722999572753906,719816,0.0,0.0
2023-05-01 12:30:00-04:00,8.725000381469727,8.8100004196167,8.710000038146973,8.755000114440918,438288,0.0,0.0
2023-05-01 13:30:00-04:00,8.755000114440918,8.800000190734863,8.739999771118164,8.753499984741211,432392,0.0,0.0
2023-05-01 14:30:00-04:00,8.75,8.770000457763672,8.710000038146973,8.725000381469727,470308,0.0,0.0
2023-05-01 15:30:00-04:00,8.729999542236328,8.850000381469727,8.725000381469727,8.8100004196167,1549489,0.0,0.0
2023-05-02 09:30:00-04:00,8.75,8.789999961853027,8.46500015258789,8.479999542236328,1507877,0.0,0.0
2023-05-02 10:30:00-04:00,8.505000114440918,8.520000457763672,8.444999694824219,8.475000381469727,844985,0.0,0.0
2023-05-02 11:30:00-04:00,8.479999542236328,8.550000190734863,8.420000076293945,8.464300155639648,1017768,0.0,0.0
2023-05-02 12:30:00-04:00,8.46500015258789,8.5,8.420000076293945,8.479999542236328,530996,0.0,0.0
2023-05-02 13:30:00-04:00,8.479999542236328,8.539999961853027,8.460000038146973,8.46500015258789,470064,0.0,0.0
2023-05-02 14:30:00-04:00,8.460000038146973,8.510000228881836,8.454999923706055,8.494999885559082,657955,0.0,0.0
2023-05-02 15:30:00-04:00,8.494999885559082,8.494999885559082,8.40999984741211,8.449999809265137,1757473,0.0,0.0
2023-05-03 09:30:00-04:00,8.40999984741211,8.470000267028809,8.329999923706055,8.410799980163574,922545,0.0,0.0
2023-05-03 10:30:00-04:00,8.420000076293945,8.449999809265137,8.369999885559082,8.420000076293945,624151,0.0,0.0
2023-05-03 11:30:00-04:00,8.40999984741211,8.420000076293945,8.359999656677246,8.404999732971191,413705,0.0,0.0
2023-05-03 12:30:00-04:00,8.408900260925293,8.460000038146973,8.380000114440918,8.449999809265137,317502,0.0,0.0
2023-05-03 13:30:00-04:00,8.449999809265137,8.550000190734863,8.390000343322754,8.529999732971191,649723,0.0,0.0
2023-05-03 14:30:00-04:00,8.529999732971191,8.591300010681152,8.380000114440918,8.404999732971191,1446813,0.0,0.0
2023-05-03 15:30:00-04:00,8.399999618530273,8.40999984741211,8.329999923706055,8.369999885559082,1334278,0.0,0.0
2023-05-04 09:30:00-04:00,8.359999656677246,8.380000114440918,8.210000038146973,8.225000381469727,1228164,0.0,0.0
2023-05-04 10:30:00-04:00,8.229900360107422,8.420000076293945,8.210000038146973,8.385000228881836,665339,0.0,0.0
2023-05-04 11:30:00-04:00,8.385000228881836,8.479999542236328,8.360099792480469,8.449999809265137,526471,0.0,0.0
2023-05-04 12:30:00-04:00,8.454999923706055,8.545000076293945,8.380000114440918,8.539999961853027,542459,0.0,0.0
2023-05-04 13:30:00-04:00,8.545000076293945,8.600000381469727,8.470000267028809,8.470000267028809,890241,0.0,0.0
2023-05-04 14:30:00-04:00,8.470000267028809,8.489999771118164,8.420000076293945,8.484999656677246,640270,0.0,0.0
2023-05-04 15:30:00-04:00,8.484999656677246,8.505000114440918,8.460000038146973,8.479999542236328,1041313,0.0,0.0
2023-05-05 09:30:00-04:00,8.619999885559082,8.770000457763672,8.600000381469727,8.729900360107422,1010121,0.0,0.0
2023-05-05 10:30:00-04:00,8.725000381469727,8.819999694824219,8.71500015258789,8.76729965209961,1039947,0.0,0.0
2023-05-05 11:30:00-04:00,8.760000228881836,8.78499984741211,8.65999984741211,8.770000457763672,586249,0.0,0.0
2023-05-05 12:30:00-04:00,8.774999618530273,8.8149995803833,8.699999809265137,8.765000343322754,510791,0.0,0.0
2023-05-05 13:30:00-04:00,8.767999649047852,8.789999961853027,8.734999656677246,8.789999961853027,363662,0.0,0.0
2023-05-05 14:30:00-04:00,8.78499984741211,8.8100004196167,8.742500305175781,8.774999618530273,528352,0.0,0.0
2023-05-05 15:30:00-04:00,8.774999618530273,8.859999656677246,8.765000343322754,8.859999656677246,1011557,0.0,0.0
2023-05-08 09:30:00-04:00,8.819999694824219,8.885000228881836,8.770000457763672,8.794699668884277,762414,0.0,0.0
2023-05-08 10:30:00-04:00,8.795000076293945,8.880000114440918,8.760000228881836,8.8149995803833,673793,0.0,0.0
2023-05-08 11:30:00-04:00,8.812600135803223,8.859999656677246,8.805000305175781,8.84000015258789,454733,0.0,0.0
2023-05-08 12:30:00-04:00,8.845000267028809,8.854999542236328,8.805000305175781,8.835000038146973,322085,0.0,0.0
2023-05-08 13:30:00-04:00,8.839799880981445,8.880000114440918,8.8100004196167,8.845000267028809,741792,0.0,0.0
2023-05-08 14:30:00-04:00,8.845000267028809,8.895000457763672,8.835000038146973,8.895000457763672,608437,0.0,0.0
2023-05-08 15:30:00-04:00,8.895000457763672,8.949999809265137,8.8725004196167,8.90999984741211,1016142,0.0,0.0
2023-05-09 09:30:00-04:00,8.869999885559082,8.979999542236328,8.84000015258789,8.9399995803833,545485,0.0,0.0
2023-05-09 10:30:00-04:00,8.944999694824219,9.09000015258789,8.944999694824219,9.09000015258789,1046056,0.0,0.0
2023-05-09 11:30:00-04:00,9.085000038146973,9.140000343322754,9.0649995803833,9.104999542236328,1100379,0.0,0.0
2023-05-09 12:30:00-04:00,9.104999542236328,9.170000076293945,9.094300270080566,9.114999771118164,831359,0.0,0.0
2023-05-09 13:30:00-04:00,9.114999771118164,9.164999961853027,9.085000038146973,9.15999984741211,801197,0.0,0.0
2023-05-09 14:30:00-04:00,9.15999984741211,9.170000076293945,9.0600004196167,9.130000114440918,956523,0.0,0.0
2023-05-09 15:30:00-04:00,9.130000114440918,9.170000076293945,9.100000381469727,9.114999771118164,1850038,0.0,0.0
2023-05-10 09:30:00-04:00,9.3100004196167,9.380000114440918,8.949999809265137,8.960000038146973,2284847,0.0,0.0
2023-05-10 10:30:00-04:00,8.960000038146973,8.979999542236328,8.789999961853027,8.908699989318848,1412084,0.0,0.0
2023-05-10 11:30:00-04:00,8.904999732971191,9.029999732971191,8.899999618530273,9.015000343322754,779029,0.0,0.0
2023-05-10 12:30:00-04:00,9.010000228881836,9.020000457763672,8.845000267028809,8.879899978637695,873165,0.0,0.0
2023-05-10 13:30:00-04:00,8.869999885559082,9.010000228881836,8.859999656677246,8.970000267028809,683874,0.0,0.0
2023-05-10 14:30:00-04:00,8.970000267028809,9.079999923706055,8.9399995803833,9.056099891662598,1013549,0.0,0.0
2023-05-10 15:30:00-04:00,9.055000305175781,9.09000015258789,9.03499984741211,9.069999694824219,1853718,0.0,0.0
2023-05-11 09:30:00-04:00,9.550000190734863,9.960000038146973,9.399999618530273,9.479999542236328,10196061,0.0,0.0
2023-05-11 10:30:00-04:00,9.48009967803955,9.5600004196167,9.180000305175781,9.210200309753418,3407357,0.0,0.0
2023-05-11 11:30:00-04:00,9.21500015258789,9.444999694824219,9.194999694824219,9.432999610900879,2231500,0.0,0.0
2023-05-11 12:30:00-04:00,9.430000305175781,9.529999732971191,9.420000076293945,9.460000038146973,1564066,0.0,0.0
2023-05-11 13:30:00-04:00,9.460000038146973,9.579999923706055,9.449999809265137,9.545000076293945,1550081,0.0,0.0
2023-05-11 14:30:00-04:00,9.544699668884277,9.640000343322754,9.539999961853027,9.614999771118164,1407948,0.0,0.0
2023-05-11 15:30:00-04:00,9.614999771118164,9.65999984741211,9.5600004196167,9.649999618530273,2648333,0.0,0.0
2023-05-12 09:30:00-04:00,9.619999885559082,9.640000343322754,9.149999618530273,9.154999732971191,2606682,0.0,0.0
2023-05-12 10:30:00-04:00,9.154999732971191,9.199999809265137,9.029999732971191,9.03499984741211,2186983,0.0,0.0
2023-05-12 11:30:00-04:00,9.03499984741211,9.050000190734863,8.875,8.904999732971191,1818110,0.0,0.0
2023-05-12 12:30:00-04:00,8.899999618530273,9.024999618530273,8.880000114440918,8.905200004577637,1600949,0.0,0.0
2023-05-12 13:30:00-04:00,8.90999984741211,8.937199592590332,8.734999656677246,8.770000457763672,2301207,0.0,0.0
2023-05-12 14:30:00-04:00,8.774999618530273,8.805000305175781,8.729999542236328,8.787400245666504,1902918,0.0,0.0
2023-05-12 15:30:00-04:00,8.78499984741211,8.819999694824219,8.710000038146973,8.729999542236328,2293552,0.0,0.0
2023-05-15 09:30:00-04:00,8.720000267028809,8.729999542236328,8.534099578857422,8.585000038146973,1978936,0.0,0.0
2023-05-15 10:30:00-04:00,8.585000038146973,8.604999542236328,8.510000228881836,8.574999809265137,1233583,0.0,0.0
2023-05-15 11:30:00-04:00,8.574999809265137,8.659899711608887,8.569999694824219,8.604999542236328,1536508,0.0,0.0
2023-05-15 12:30:00-04:00,8.60569953918457,8.744999885559082,8.579999923706055,8.720000267028809,1377403,0.0,0.0
2023-05-15 13:30:00-04:00,8.71500015258789,8.719499588012695,8.609999656677246,8.625,1004856,0.0,0.0
2023-05-15 14:30:00-04:00,8.630000114440918,8.6899995803833,8.630000114440918,8.654999732971191,715776,0.0,0.0
2023-05-15 15:30:00-04:00,8.654999732971191,8.6899995803833,8.630000114440918,8.649999618530273,1674460,0.0,0.0
2023-05-16 09:30:00-04:00,8.529999732971191,8.59000015258789,8.380000114440918,8.449999809265137,1886643,0.0,0.0
2023-05-16 10:30:00-04:00,8.454999923706055,8.489999771118164,8.380000114440918,8.414999961853027,1005234,0.0,0.0
2023-05-16 11:30:00-04:00,8.417699813842773,8.430000305175781,8.359999656677246,8.364999771118164,953304,0.0,0.0
2023-05-16 12:30:00-04:00,8.369999885559082,8.390000343322754,8.319999694824219,8.354999542236328,1058835,0.0,0.0
2023-05-16 13:30:00-04:00,8.354999542236328,8.375,8.3100004196167,8.34000015258789,1090040,0.0,0.0
2023-05-16 14:30:00-04:00,8.345000267028809,8.399999618530273,8.319999694824219,8.380000114440918,1435418,0.0,0.0
2023-05-16 15:30:00-04:00,8.380000114440918,8.390000343322754,8.329999923706055,8.345000267028809,1533800,0.0,0.0
2023-05-17 09:30:00-04:00,8.380000114440918,8.5600004196167,8.34000015258789,8.494999885559082,1883930,0.0,0.0
2023-05-17 10:30:00-04:00,8.5,8.649999618530273,8.479999542236328,8.625,2014693,0.0,0.0
2023-05-17 11:30:00-04:00,8.625,8.630000114440918,8.5600004196167,8.574999809265137,695714,0.0,0.0
2023-05-17 12:30:00-04:00,8.574999809265137,8.654999732971191,8.569999694824219,8.614999771118164,1055953,0.0,0.0
2023-05-17 13:30:00-04:00,8.614999771118164,8.649999618530273,8.569999694824219,8.585000038146973,612736,0.0,0.0
2023-05-17 14:30:00-04:00,8.59000015258789,8.59000015258789,8.510000228881836,8.520000457763672,1005377,0.0,0.0
2023-05-17 15:30:00-04:00,8.524999618530273,8.529999732971191,8.460000038146973,8.460000038146973,1822857,0.0,0.0
2023-05-18 09:30:00-04:00,8.40999984741211,8.5600004196167,8.390000343322754,8.550000190734863,1005229,0.0,0.0
2023-05-18 10:30:00-04:00,8.545000076293945,8.670000076293945,8.510100364685059,8.645000457763672,703523,0.0,0.0
2023-05-18 11:30:00-04:00,8.645000457763672,8.670000076293945,8.539999961853027,8.5600004196167,658526,0.0,0.0
2023-05-18 12:30:00-04:00,8.555000305175781,8.585000038146973,8.529999732971191,8.529999732971191,326763,0.0,0.0
2023-05-18 13:30:00-04:00,8.53499984741211,8.550000190734863,8.444999694824219,8.515000343322754,465557,0.0,0.0
2023-05-18 14:30:00-04:00,8.515000343322754,8.550000190734863,8.5,8.53499984741211,476250,0.0,0.0
2023-05-18 15:30:00-04:00,8.539999961853027,8.635000228881836,8.539999961853027,8.609999656677246,1063920,0.0,0.0
2023-05-19 09:30:00-04:00,8.579999923706055,8.670000076293945,8.539999961853027,8.595000267028809,753482,0.0,0.0
2023-05-19 10:30:00-04:00,8.600000381469727,8.629899978637695,8.5,8.5,647048,0.0,0.0
2023-05-19 11:30:00-04:00,8.502400398254395,8.5600004196167,8.430000305175781,8.510000228881836,729682,0.0,0.0
2023-05-19 12:30:00-04:00,8.510000228881836,8.550000190734863,8.479999542236328,8.545000076293945,338596,0.0,0.0
2023-05-19 13:30:00-04:00,8.543399810791016,8.543399810791016,8.5,8.524999618530273,336767,0.0,0.0
2023-05-19 14:30:00-04:00,8.524999618530273,8.524999618530273,8.449999809265137,8.46500015258789,468790,0.0,0.0
2023-05-19 15:30:00-04:00,8.46500015258789,8.510000228881836,8.444999694824219,8.484999656677246,1096460,0.0,0.0
2023-05-22 09:30:00-04:00,8.470000267028809,8.619999885559082,8.449999809265137,8.5600004196167,1102891,0.0,0.0
2023-05-22 10:30:00-04:00,8.555000305175781,8.680000305175781,8.520000457763672,8.680000305175781,1035420,0.0,0.0
2023-05-22 11:30:00-04:00,8.675000190734863,8.78499984741211,8.670000076293945,8.694999694824219,1310123,0.0,0.0
2023-05-22 12:30:00-04:00,8.6899995803833,8.735799789428711,8.65999984741211,8.699999809265137,770802,0.0,0.0
2023-05-22 13:30:00-04:00,8.700799942016602,8.75,8.619999885559082,8.65999984741211,860827,0.0,0.0
2023-05-22 14:30:00-04:00,8.65999984741211,8.720000267028809,8.649999618530273,8.71500015258789,714393,0.0,0.0
2023-05-22 15:30:00-04:00,8.720000267028809,8.770000457763672,8.710000038146973,8.760000228881836,789046,0.0,0.0
2023-05-23 09:30:00-04:00,8.699999809265137,8.765000343322754,8.649999618530273,8.6899995803833,831538,0.0,0.0
2023-05-23 10:30:00-04:00,8.694999694824219,8.864999771118164,8.65999984741211,8.864999771118164,579238,0.0,0.0
2023-05-23 11:30:00-04:00,8.864999771118164,8.864999771118164,8.729999542236328,8.744999885559082,605554,0.0,0.0
2023-05-23 12:30:00-04:00,8.744999885559082,8.75,8.595000267028809,8.645000457763672,713069,0.0,0.0
2023-05-23 13:30:00-04:00,8.640000343322754,8.680000305175781,8.609999656677246,8.614999771118164,299517,0.0,0.0
2023-05-23 14:30:00-04:00,8.614999771118164,8.680000305175781,8.600000381469727,8.675000190734863,399765,0.0,0.0
2023-05-23 15:30:00-04:00,8.675000190734863,8.694999694824219,8.65999984741211,8.680000305175781,523221,0.0,0.0
2023-05-24 09:30:00-04:00,8.550000190734863,8.65999984741211,8.460000038146973,8.510100364685059,740808,0.0,0.0
2023-05-24 10:30:00-04:00,8.510000228881836,8.600000381469727,8.5,8.580100059509277,352298,0.0,0.0
2023-05-24 11:30:00-04:00,8.585000038146973,8.619999885559082,8.555000305175781,8.5649995803833,176921,0.0,0.0
2023-05-24 12:30:00-04:00,8.5649995803833,8.59000015258789,8.510000228881836,8.545000076293945,359374,0.0,0.0
2023-05-24 13:30:00-04:00,8.545000076293945,8.604999542236328,8.539999961853027,8.5649995803833,203403,0.0,0.0
2023-05-24 14:30:00-04:00,8.5600004196167,8.628100395202637,8.5600004196167,8.614999771118164,328184,0.0,0.0
2023-05-24 15:30:00-04:00,8.609999656677246,8.649999618530273,8.59000015258789,8.609999656677246,474749,0.0,0.0
2023-05-25 09:30:00-04:00,8.65999984741211,8.699999809265137,8.579999923706055,8.635000228881836,854415,0.0,0.0
2023-05-25 10:30:00-04:00,8.63010025024414,8.739999771118164,8.619999885559082,8.65999984741211,703506,0.0,0.0
2023-05-25 11:30:00-04:00,8.65999984741211,8.699999809265137,8.604999542236328,8.6899995803833,555894,0.0,0.0
2023-05-25 12:30:00-04:00,8.6899995803833,8.699999809265137,8.635000228881836,8.670000076293945,360957,0.0,0.0
2023-05-25 13:30:00-04:00,8.670000076293945,8.734999656677246,8.670000076293945,8.710000038146973,450483,0.0,0.0
2023-05-25 14:30:00-04:00,8.710000038146973,8.71500015258789,8.630000114440918,8.654999732971191,899933,0.0,0.0
2023-05-25 15:30:00-04:00,8.65999984741211,8.670000076293945,8.579999923706055,8.59000015258789,976432,0.0,0.0
2023-05-26 09:30:00-04:00,8.600000381469727,8.8149995803833,8.600000381469727,8.805000305175781,1027914,0.0,0.0
2023-05-26 10:30:00-04:00,8.8100004196167,8.84000015258789,8.680999755859375,8.729999542236328,872831,0.0,0.0
2023-05-26 11:30:00-04:00,8.729999542236328,8.8100004196167,8.720000267028809,8.78499984741211,425785,0.0,0.0
2023-05-26 12:30:00-04:00,8.789999961853027,8.819999694824219,8.729999542236328,8.748299598693848,394141,0.0,0.0
2023-05-26 13:30:00-04:00,8.747699737548828,8.850000381469727,8.739999771118164,8.829999923706055,497582,0.0,0.0
2023-05-26 14:30:00-04:00,8.835000038146973,8.880000114440918,8.827500343322754,8.845000267028809,536118,0.0,0.0
2023-05-26 15:30:00-04:00,8.844200134277344,8.850000381469727,8.8100004196167,8.819999694824219,646989,0.0,0.0
2023-05-30 09:30:00-04:00,8.975000381469727,9.180000305175781,8.949999809265137,9.015000343322754,2282078,0.0,0.0
2023-05-30 10:30:00-04:00,9.01550006866455,9.020000457763672,8.920000076293945,8.960000038146973,905161,0.0,0.0
2023-05-30 11:30:00-04:00,8.954999923706055,9.020000457763672,8.920000076293945,8.925000190734863,551789,0.0,0.0
2023-05-30 12:30:00-04:00,8.930000305175781,9.03499984741211,8.920000076293945,8.989999771118164,547986,0.0,0.0
2023-05-30 13:30:00-04:00,9.0,9.020000457763672,8.954999923706055,8.979999542236328,407774,0.0,0.0
2023-05-30 14:30:00-04:00,8.984999656677246,9.0,8.949999809265137,8.960000038146973,528202,0.0,0.0
2023-05-30 15:30:00-04:00,8.960000038146973,8.979999542236328,8.90999984741211,8.920000076293945,1565637,0.0,0.0
2023-05-31 09:30:00-04:00,8.819999694824219,9.029899597167969,8.760000228881836,8.789999961853027,943141,0.0,0.0
2023-05-31 10:30:00-04:00,8.789999961853027,8.84000015258789,8.739999771118164,8.789999961853027,719492,0.0,0.0
2023-05-31 11:30:00-04:00,8.789999961853027,8.880000114440918,8.770000457763672,8.829999923706055,647245,0.0,0.0
2023-05-31 12:30:00-04:00,8.819999694824219,8.864999771118164,8.805000305175781,8.850000381469727,336868,0.0,0.0
2023-05-31 13:30:00-04:00,8.845000267028809,8.914999961853027,8.84000015258789,8.914999961853027,546961,0.0,0.0
2023-05-31 14:30:00-04:00,8.90999984741211,8.930000305175781,8.869999885559082,8.904999732971191,568441,0.0,0.0
2023-05-31 15:30:00-04:00,8.904999732971191,8.949999809265137,8.899999618530273,8.920000076293945,902885,0.0,0.0
2023-06-01 09:30:00-04:00,8.920000076293945,8.925000190734863,8.78499984741211,8.90999984741211,614038,0.0,0.0
2023-06-01 10:30:00-04:00,8.920000076293945,8.967100143432617,8.850000381469727,8.854999542236328,543230,0.0,0.0
2023-06-01 11:30:00-04:00,8.854999542236328,9.039999961853027,8.850000381469727,9.029999732971191,612503,0.0,0.0
2023-06-01 12:30:00-04:00,9.024999618530273,9.085000038146973,8.979999542236328,8.984999656677246,686894,0.0,0.0
2023-06-01 13:30:00-04:00,8.989299774169922,9.0600004196167,8.970000267028809,9.045000076293945,455643,0.0,0.0
2023-06-01 14:30:00-04:00,9.045000076293945,9.119999885559082,9.0,9.005000114440918,899246,0.0,0.0
2023-06-01 15:30:00-04:00,9.005000114440918,9.029999732971191,8.954999923706055,9.010000228881836,836278,0.0,0.0
2023-06-02 09:30:00-04:00,9.119999885559082,9.149999618530273,8.921799659729004,9.03499984741211,2262175,0.0,0.0
2023-06-02 10:30:00-04:00,9.03499984741211,9.140000343322754,9.015000343322754,9.08549976348877,1473569,0.0,0.0
2023-06-02 11:30:00-04:00,9.085000038146973,9.09000015258789,9.050000190734863,9.0649995803833,997638,0.0,0.0
2023-06-02 12:30:00-04:00,9.0649995803833,9.09000015258789,9.055000305175781,9.085000038146973,845161,0.0,0.0
2023-06-02 13:30:00-04:00,9.081000328063965,9.199999809265137,9.070099830627441,9.1899995803833,1281969,0.0,0.0
2023-06-02 14:30:00-04:00,9.1899995803833,9.289999961853027,9.170000076293945,9.255000114440918,806542,0.0,0.0
2023-06-02 15:30:00-04:00,9.259900093078613,9.350000381469727,9.231499671936035,9.329999923706055,1447326,0.0,0.0
2023-06-05 09:30:00-04:00,9.289999961853027,9.324999809265137,9.149999618530273,9.170100212097168,826330,0.0,0.0
2023-06-05 10:30:00-04:00,9.175000190734863,9.220000267028809,9.109999656677246,9.140000343322754,834366,0.0,0.0
2023-06-05 11:30:00-04:00,9.137100219726562,9.170000076293945,9.069999694824219,9.130000114440918,921676,0.0,0.0
2023-06-05 12:30:00-04:00,9.135000228881836,9.140000343322754,9.039999961853027,9.055000305175781,822515,0.0,0.0
2023-06-05 13:30:00-04:00,9.0600004196167,9.117500305175781,9.020000457763672,9.055000305175781,694881,0.0,0.0
2023-06-05 14:30:00-04:00,9.055000305175781,9.069999694824219,8.979999542236328,9.020000457763672,841174,0.0,0.0
2023-06-05 15:30:00-04:00,9.024999618530273,9.069999694824219,8.989999771118164,9.039999961853027,913368,0.0,0.0
2023-06-06 09:30:00-04:00,8.729999542236328,8.869999885559082,8.600000381469727,8.734999656677246,3391880,0.0,0.0
2023-06-06 10:30:00-04:00,8.734999656677246,8.9399995803833,8.699999809265137,8.907099723815918,1711181,0.0,0.0
2023-06-06 11:30:00-04:00,8.904999732971191,9.119999885559082,8.901700019836426,9.069999694824219,1586075,0.0,0.0
2023-06-06 12:30:00-04:00,9.074999809265137,9.100000381469727,8.989999771118164,9.03499984741211,679369,0.0,0.0
2023-06-06 13:30:00-04:00,9.03499984741211,9.069999694824219,8.949999809265137,8.970000267028809,828957,0.0,0.0
2023-06-06 14:30:00-04:00,8.970000267028809,9.100000381469727,8.9399995803833,9.095000267028809,791197,0.0,0.0
2023-06-06 15:30:00-04:00,9.100000381469727,9.119999885559082,9.039999961853027,9.109999656677246,1092678,0.0,0.0
2023-06-07 09:30:00-04:00,9.199999809265137,9.579999923706055,9.15999984741211,9.444999694824219,2464389,0.0,0.0
2023-06-07 10:30:00-04:00,9.444999694824219,9.510000228881836,9.2524995803833,9.510000228881836,1194410,0.0,0.0
2023-06-07 11:30:00-04:00,9.510000228881836,9.545000076293945,9.359999656677246,9.375,1034452,0.0,0.0
2023-06-07 12:30:00-04:00,9.375,9.4399995803833,9.34000015258789,9.350000381469727,560881,0.0,0.0
2023-06-07 13:30:00-04:00,9.345000267028809,9.420000076293945,9.300000190734863,9.410499572753906,666479,0.0,0.0
2023-06-07 14:30:00-04:00,9.40999984741211,9.449999809265137,9.369999885559082,9.4350004196167,513299,0.0,0.0
2023-06-07 15:30:00-04:00,9.430000305175781,9.449999809265137,9.390000343322754,9.399999618530273,1348462,0.0,0.0
2023-06-08 09:30:00-04:00,9.359999656677246,9.469900131225586,9.170000076293945,9.190099716186523,930712,0.0,0.0
2023-06-08 10:30:00-04:00,9.1899995803833,9.279899597167969,9.170000076293945,9.211199760437012,703200,0.0,0.0
2023-06-08 11:30:00-04:00,9.21500015258789,9.40999984741211,9.210000038146973,9.40999984741211,598725,0.0,0.0
2023-06-08 12:30:00-04:00,9.404999732971191,9.40999984741211,9.34000015258789,9.359999656677246,473367,0.0,0.0
2023-06-08 13:30:00-04:00,9.364999771118164,9.399999618530273,9.329999923706055,9.399700164794922,417975,0.0,0.0
2023-06-08 14:30:00-04:00,9.390000343322754,9.539999961853027,9.390000343322754,9.484999656677246,1266824,0.0,0.0
2023-06-08 15:30:00-04:00,9.484999656677246,9.510000228881836,9.470000267028809,9.5,1108876,0.0,0.0
2023-06-09 09:30:00-04:00,9.609999656677246,9.799300193786621,9.59000015258789,9.620100021362305,1743736,0.0,0.0
2023-06-09 10:30:00-04:00,9.625,9.65999984741211,9.4399995803833,9.444999694824219,930648,0.0,0.0
2023-06-09 11:30:00-04:00,9.441200256347656,9.520000457763672,9.430000305175781,9.470100402832031,378344,0.0,0.0
2023-06-09 12:30:00-04:00,9.475000381469727,9.489999771118164,9.430100440979004,9.484999656677246,281061,0.0,0.0
2023-06-09 13:30:00-04:00,9.484999656677246,9.5,9.444999694824219,9.449999809265137,270785,0.0,0.0
2023-06-09 14:30:00-04:00,9.449999809265137,9.449999809265137,9.399999618530273,9.414999961853027,300086,0.0,0.0
2023-06-09 15:30:00-04:00,9.40999984741211,9.4399995803833,9.399999618530273,9.40999984741211,453082,0.0,0.0
2023-06-12 09:30:00-04:00,9.359999656677246,9.399999618530273,9.260000228881836,9.359999656677246,1577792,0.0,0.0
2023-06-12 10:30:00-04:00,9.364999771118164,9.409099578857422,9.279999732971191,9.295000076293945,988896,0.0,0.0
2023-06-12 11:30:00-04:00,9.300000190734863,9.329999923706055,9.229999542236328,9.260000228881836,763612,0.0,0.0
2023-06-12 12:30:00-04:00,9.260000228881836,9.335000038146973,9.25,9.324999809265137,464765,0.0,0.0
2023-06-12 13:30:00-04:00,9.324999809265137,9.354999542236328,9.3100004196167,9.335000038146973,507257,0.0,0.0
2023-06-12 14:30:00-04:00,9.335000038146973,9.40999984741211,9.329999923706055,9.395000457763672,1097089,0.0,0.0
2023-06-12 15:30:00-04:00,9.395000457763672,9.399999618530273,9.335000038146973,9.359999656677246,861844,0.0,0.0
2023-06-13 09:30:00-04:00,9.470000267028809,9.670000076293945,9.359999656677246,9.625,2449189,0.0,0.0
2023-06-13 10:30:00-04:00,9.625,9.65999984741211,9.545000076293945,9.574999809265137,975063,0.0,0.0
2023-06-13 11:30:00-04:00,9.574999809265137,9.59000015258789,9.4399995803833,9.507399559020996,1087455,0.0,0.0
2023-06-13 12:30:00-04:00,9.510000228881836,9.680000305175781,9.5,9.670000076293945,1976179,0.0,0.0
2023-06-13 13:30:00-04:00,9.679400444030762,9.6899995803833,9.610099792480469,9.619999885559082,947229,0.0,0.0
2023-06-13 14:30:00-04:00,9.624500274658203,9.664999961853027,9.595000267028809,9.625,669584,0.0,0.0
2023-06-13 15:30:00-04:00,9.625,9.649999618530273,9.59000015258789,9.595000267028809,1154658,0.0,0.0
2023-06-14 09:30:00-04:00,9.649999618530273,9.739999771118164,9.580300331115723,9.729999542236328,1372978,0.0,0.0
2023-06-14 10:30:00-04:00,9.720499992370605,9.9350004196167,9.720499992370605,9.930000305175781,1573889,0.0,0.0
2023-06-14 11:30:00-04:00,9.930000305175781,9.979999542236328,9.859999656677246,9.970000267028809,960080,0.0,0.0
2023-06-14 12:30:00-04:00,9.96500015258789,9.970000267028809,9.84000015258789,9.854999542236328,699012,0.0,0.0
2023-06-14 13:30:00-04:00,9.854999542236328,9.880000114440918,9.635000228881836,9.664999961853027,1103922,0.0,0.0
2023-06-14 14:30:00-04:00,9.664999961853027,9.90999984741211,9.650099754333496,9.85099983215332,1254529,0.0,0.0
2023-06-14 15:30:00-04:00,9.850000381469727,9.949999809265137,9.829999923706055,9.9399995803833,1118615,0.0,0.0
2023-06-15 09:30:00-04:00,9.819999694824219,10.140000343322754,9.800000190734863,9.869999885559082,2206176,0.0,0.0
2023-06-15 10:30:00-04:00,9.879899978637695,10.039999961853027,9.879899978637695,9.996999740600586,896857,0.0,0.0
2023-06-15 11:30:00-04:00,9.999899864196777,10.09000015258789,9.920000076293945,9.925000190734863,1265184,0.0,0.0
2023-06-15 12:30:00-04:00,9.929100036621094,9.960000038146973,9.864999771118164,9.895000457763672,1696966,0.0,0.0
2023-06-15 13:30:00-04:00,9.898699760437012,9.979999542236328,9.890000343322754,9.954999923706055,976829,0.0,0.0
2023-06-15 14:30:00-04:00,9.95989990234375,10.029999732971191,9.949999809265137,9.994999885559082,1523277,0.0,0.0
2023-06-15 15:30:00-04:00,9.989999771118164,10.010000228881836,9.970000267028809,9.970000267028809,1167682,0.0,0.0
2023-06-16 09:30:00-04:00,10.069999694824219,10.100000381469727,9.95419979095459,10.050000190734863,1393604,0.0,0.0
2023-06-16 10:30:00-04:00,10.050000190734863,10.15999984741211,9.96500015258789,9.984999656677246,1246904,0.0,0.0
2023-06-16 11:30:00-04:00,9.981200218200684,10.039999961853027,9.944999694824219,10.024999618530273,869987,0.0,0.0
2023-06-16 12:30:00-04:00,10.024999618530273,10.170000076293945,10.005000114440918,10.079999923706055,1932249,0.0,0.0
2023-06-16 13:30:00-04:00,10.081000328063965,10.220000267028809,10.069999694824219,10.149999618530273,1758786,0.0,0.0
2023-06-16 14:30:00-04:00,10.149999618530273,10.15999984741211,10.0,10.079999923706055,1366841,0.0,0.0
2023-06-16 15:30:00-04:00,10.079999923706055,10.104999542236328,9.989999771118164,10.03499984741211,3376543,0.0,0.0
2023-06-20 09:30:00-04:00,9.949999809265137,10.029999732971191,9.699999809265137,9.70989990234375,1293928,0.0,0.0
2023-06-20 10:30:00-04:00,9.704999923706055,9.780200004577637,9.640000343322754,9.709799766540527,911902,0.0,0.0
2023-06-20 11:30:00-04:00,9.710000038146973,9.779999732971191,9.6899995803833,9.774999618530273,761760,0.0,0.0
2023-06-20 12:30:00-04:00,9.774999618530273,9.929400444030762,9.760000228881836,9.914999961853027,714245,0.0,0.0
2023-06-20 13:30:00-04:00,9.90999984741211,9.970000267028809,9.851499557495117,9.96780014038086,624381,0.0,0.0
2023-06-20 14:30:00-04:00,9.96500015258789,10.024999618530273,9.949999809265137,10.020000457763672,1061390,0.0,0.0
2023-06-20 15:30:00-04:00,10.029999732971191,10.050000190734863,9.984999656677246,10.020000457763672,1451504,0.0,0.0
2023-06-21 09:30:00-04:00,9.960000038146973,10.0600004196167,9.800000190734863,9.854999542236328,1059203,0.0,0.0
2023-06-21 10:30:00-04:00,9.850000381469727,9.944999694824219,9.789999961853027,9.854999542236328,722984,0.0,0.0
2023-06-21 11:30:00-04:00,9.854999542236328,9.880000114440918,9.765000343322754,9.867300033569336,448880,0.0,0.0
2023-06-21 12:30:00-04:00,9.859999656677246,9.880000114440918,9.779999732971191,9.78499984741211,617799,0.0,0.0
2023-06-21 13:30:00-04:00,9.780099868774414,9.859999656677246,9.780099868774414,9.8149995803833,741605,0.0,0.0
2023-06-21 14:30:00-04:00,9.81779956817627,9.829999923706055,9.760000228881836,9.802399635314941,728263,0.0,0.0
2023-06-21 15:30:00-04:00,9.805000305175781,9.805000305175781,9.75,9.75,718403,0.0,0.0
2023-06-22 09:30:00-04:00,9.6899995803833,9.710000038146973,9.40999984741211,9.489999771118164,2403058,0.0,0.0
2023-06-22 10:30:00-04:00,9.489999771118164,9.494999885559082,9.255000114440918,9.279999732971191,2834746,0.0,0.0
2023-06-22 11:30:00-04:00,9.279999732971191,9.300000190734863,9.100000381469727,9.190899848937988,3411839,0.0,0.0
2023-06-22 12:30:00-04:00,9.199999809265137,9.390000343322754,9.199700355529785,9.372200012207031,1931373,0.0,0.0
2023-06-22 13:30:00-04:00,9.380000114440918,9.460000038146973,9.329999923706055,9.4350004196167,1236524,0.0,0.0
2023-06-22 14:30:00-04:00,9.434200286865234,9.460000038146973,9.404999732971191,9.444999694824219,1249098,0.0,0.0
2023-06-22 15:30:00-04:00,9.444999694824219,9.470000267028809,9.430000305175781,9.454999923706055,1181072,0.0,0.0
2023-06-23 09:30:00-04:00,9.359999656677246,9.489999771118164,9.300000190734863,9.388899803161621,1615602,0.0,0.0
2023-06-23 10:30:00-04:00,9.390000343322754,9.494999885559082,9.390000343322754,9.460000038146973,1109864,0.0,0.0
2023-06-23 11:30:00-04:00,9.460000038146973,9.538000106811523,9.44219970703125,9.46500015258789,1313846,0.0,0.0
2023-06-23 12:30:00-04:00,9.46500015258789,9.539999961853027,9.454999923706055,9.5,533759,0.0,0.0
2023-06-23 13:30:00-04:00,9.505000114440918,9.579999923706055,9.479999542236328,9.510000228881836,1208314,0.0,0.0
2023-06-23 14:30:00-04:00,9.515000343322754,9.529999732971191,9.460000038146973,9.494999885559082,1305343,0.0,0.0
2023-06-23 15:30:00-04:00,9.494999885559082,9.529999732971191,9.479999542236328,9.5,1120800,0.0,0.0
2023-06-26 09:30:00-04:00,9.470000267028809,9.65999984741211,9.380000114440918,9.645000457763672,1006071,0.0,0.0
2023-06-26 10:30:00-04:00,9.645000457763672,9.720000267028809,9.595000267028809,9.697999954223633,1083890,0.0,0.0
2023-06-26 11:30:00-04:00,9.694999694824219,9.739999771118164,9.59000015258789,9.604999542236328,923496,0.0,0.0
2023-06-26 12:30:00-04:00,9.604999542236328,9.640000343322754,9.567500114440918,9.640000343322754,444217,0.0,0.0
2023-06-26 13:30:00-04:00,9.635000228881836,9.670000076293945,9.609999656677246,9.647500038146973,385332,0.0,0.0
2023-06-26 14:30:00-04:00,9.640600204467773,9.729999542236328,9.640600204467773,9.694999694824219,634756,0.0,0.0
2023-06-26 15:30:00-04:00,9.699999809265137,9.729999542236328,9.619999885559082,9.630000114440918,950785,0.0,0.0
2023-06-27 09:30:00-04:00,9.600000381469727,9.704999923706055,9.569999694824219,9.648099899291992,882859,0.0,0.0
2023-06-27 10:30:00-04:00,9.645000457763672,9.694999694824219,9.5600004196167,9.694999694824219,1059491,0.0,0.0
2023-06-27 11:30:00-04:00,9.699999809265137,9.84000015258789,9.694999694824219,9.835000038146973,1175985,0.0,0.0
2023-06-27 12:30:00-04:00,9.84000015258789,9.960000038146973,9.800000190734863,9.880000114440918,3420469,0.0,0.0
2023-06-27 13:30:00-04:00,9.880000114440918,10.020000457763672,9.869999885559082,9.96500015258789,2407614,0.0,0.0
2023-06-27 14:30:00-04:00,9.96500015258789,10.0,9.904999732971191,9.9399995803833,1057959,0.0,0.0
2023-06-27 15:30:00-04:00,9.93220043182373,9.989999771118164,9.920000076293945,9.939900398254395,1266555,0.0,0.0
2023-06-28 09:30:00-04:00,10.010000228881836,10.350000381469727,9.979999542236328,10.329999923706055,2555254,0.0,0.0
2023-06-28 10:30:00-04:00,10.34000015258789,10.520000457763672,10.09000015258789,10.128999710083008,4173765,0.0,0.0
2023-06-28 11:30:00-04:00,10.130000114440918,10.180000305175781,10.050100326538086,10.069999694824219,1434022,0.0,0.0
2023-06-28 12:30:00-04:00,10.074999809265137,10.170000076293945,9.989999771118164,10.145000457763672,1180515,0.0,0.0
2023-06-28 13:30:00-04:00,10.145000457763672,10.170000076293945,10.100000381469727,10.130000114440918,971586,0.0,0.0
2023-06-28 14:30:00-04:00,10.132699966430664,10.170000076293945,10.100000381469727,10.140000343322754,918860,0.0,0.0
2023-06-28 15:30:00-04:00,10.140000343322754,10.180000305175781,10.100000381469727,10.170000076293945,1385034,0.0,0.0
2023-06-29 09:30:00-04:00,9.989999771118164,10.149999618530273,9.710000038146973,9.960000038146973,3541508,0.0,0.0
2023-06-29 10:30:00-04:00,9.970000267028809,10.0600004196167,9.949999809265137,10.024999618530273,1952885,0.0,0.0
2023-06-29 11:30:00-04:00,10.029999732971191,10.069999694824219,9.899999618530273,9.934599876403809,1732050,0.0,0.0
2023-06-29 12:30:00-04:00,9.930000305175781,9.979999542236328,9.869999885559082,9.954999923706055,1025985,0.0,0.0
2023-06-29 13:30:00-04:00,9.954999923706055,9.960000038146973,9.869999885559082,9.899999618530273,883051,0.0,0.0
2023-06-29 14:30:00-04:00,9.899999618530273,9.930000305175781,9.890000343322754,9.925000190734863,906167,0.0,0.0
2023-06-29 15:30:00-04:00,9.925000190734863,9.989999771118164,9.90999984741211,9.970000267028809,1246440,0.0,0.0
2023-06-30 09:30:00-04:00,10.125,10.140000343322754,9.869999885559082,10.0,2473561,0.0,0.0
2023-06-30 10:30:00-04:00,9.994999885559082,10.024999618530273,9.880000114440918,9.914199829101562,1288966,0.0,0.0
2023-06-30 11:30:00-04:00,9.90999984741211,9.920000076293945,9.859999656677246,9.90999984741211,703846,0.0,0.0
2023-06-30 12:30:00-04:00,9.912799835205078,10.020000457763672,9.90999984741211,9.984999656677246,812301,0.0,0.0
2023-06-30 13:30:00-04:00,9.984999656677246,10.050000190734863,9.979999542236328,10.024999618530273,753291,0.0,0.0
2023-06-30 14:30:00-04:00,10.029999732971191,10.050000190734863,9.989999771118164,10.005000114440918,848617,0.0,0.0
2023-06-30 15:30:00-04:00,10.005000114440918,10.010000228881836,9.970000267028809,9.979999542236328,1216897,0.0,0.0
2023-07-03 09:30:00-04:00,10.0,10.259499549865723,9.979999542236328,10.149999618530273,3385039,0.0,0.0
2023-07-03 10:30:00-04:00,10.154999732971191,10.25,10.149999618530273,10.225000381469727,1512143,0.0,0.0
2023-07-03 11:30:00-04:00,10.225000381469727,10.770000457763672,10.210000038146973,10.734100341796875,4766204,0.0,0.0
2023-07-05 09:30:00-04:00,10.720000267028809,10.720000267028809,10.390000343322754,10.475000381469727,3983892,0.0,0.0
2023-07-05 10:30:00-04:00,10.47249984741211,10.609999656677246,10.40999984741211,10.595000267028809,1712675,0.0,0.0
2023-07-05 11:30:00-04:00,10.595000267028809,10.760000228881836,10.59000015258789,10.744999885559082,1676284,0.0,0.0
2023-07-05 12:30:00-04:00,10.744999885559082,10.760000228881836,10.670000076293945,10.755000114440918,1296318,0.0,0.0
2023-07-05 13:30:00-04:00,10.755000114440918,10.759200096130371,10.609999656677246,10.619999885559082,985076,0.0,0.0
2023-07-05 14:30:00-04:00,10.625,10.689900398254395,10.609999656677246,10.681300163269043,971762,0.0,0.0
2023-07-05 15:30:00-04:00,10.6850004196167,10.75,10.680000305175781,10.720000267028809,1234433,0.0,0.0
2023-07-06 09:30:00-04:00,10.569999694824219,10.640000343322754,10.335000038146973,10.369999885559082,2257889,0.0,0.0
2023-07-06 10:30:00-04:00,10.36989974975586,10.4350004196167,10.194999694824219,10.230500221252441,2362433,0.0,0.0
2023-07-06 11:30:00-04:00,10.229999542236328,10.420000076293945,10.229999542236328,10.29990005493164,1909749,0.0,0.0
2023-07-06 12:30:00-04:00,10.289999961853027,10.359999656677246,10.265000343322754,10.335000038146973,932508,0.0,0.0
2023-07-06 13:30:00-04:00,10.329999923706055,10.356200218200684,10.319999694824219,10.34000015258789,543616,0.0,0.0
2023-07-06 14:30:00-04:00,10.34000015258789,10.399999618530273,10.300000190734863,10.354999542236328,938268,0.0,0.0
2023-07-06 15:30:00-04:00,10.354999542236328,10.420000076293945,10.350000381469727,10.40999984741211,1070222,0.0,0.0
2023-07-07 09:30:00-04:00,10.399999618530273,10.829999923706055,10.399999618530273,10.730899810791016,3037990,0.0,0.0
2023-07-07 10:30:00-04:00,10.729999542236328,10.739999771118164,10.560099601745605,10.725000381469727,2127798,0.0,0.0
2023-07-07 11:30:00-04:00,10.728400230407715,10.850000381469727,10.720000267028809,10.789999961853027,2276283,0.0,0.0
2023-07-07 12:30:00-04:00,10.788000106811523,10.90999984741211,10.774999618530273,10.875,1486219,0.0,0.0
2023-07-07 13:30:00-04:00,10.875,10.887900352478027,10.8100004196167,10.859999656677246,855030,0.0,0.0
2023-07-07 14:30:00-04:00,10.854999542236328,10.880000114440918,10.789999961853027,10.854999542236328,1002561,0.0,0.0
2023-07-07 15:30:00-04:00,10.850000381469727,10.880000114440918,10.734999656677246,10.780099868774414,1445249,0.0,0.0
2023-07-10 09:30:00-04:00,10.880000114440918,10.899999618530273,10.539999961853027,10.829999923706055,2308983,0.0,0.0
2023-07-10 10:30:00-04:00,10.829999923706055,11.0,10.75,11.0,1442936,0.0,0.0
2023-07-10 11:30:00-04:00,10.989999771118164,11.149999618530273,10.949999809265137,11.0,2865298,0.0,0.0
2023-07-10 12:30:00-04:00,11.0,11.045000076293945,10.970000267028809,11.010000228881836,1328084,0.0,0.0
2023-07-10 13:30:00-04:00,11.010000228881836,11.149999618530273,11.0,11.125,1552659,0.0,0.0
2023-07-10 14:30:00-04:00,11.12660026550293,11.229999542236328,11.109999656677246,11.210000038146973,1534481,0.0,0.0
2023-07-10 15:30:00-04:00,11.199999809265137,11.270000457763672,11.192500114440918,11.199999809265137,2753348,0.0,0.0
2023-07-11 09:30:00-04:00,11.470000267028809,11.8149995803833,11.324999809265137,11.8100004196167,6773317,0.0,0.0
2023-07-11 10:30:00-04:00,11.819999694824219,11.976900100708008,11.740099906921387,11.765000343322754,4606614,0.0,0.0
2023-07-11 11:30:00-04:00,11.760000228881836,12.020000457763672,11.75,11.925000190734863,2822401,0.0,0.0
2023-07-11 12:30:00-04:00,11.920299530029297,11.949999809265137,11.835000038146973,11.914999961853027,1539938,0.0,0.0
2023-07-11 13:30:00-04:00,11.914999961853027,11.920000076293945,11.65999984741211,11.776200294494629,2095239,0.0,0.0
2023-07-11 14:30:00-04:00,11.777099609375,11.960000038146973,11.699999809265137,11.954999923706055,1547634,0.0,0.0
2023-07-11 15:30:00-04:00,11.960000038146973,11.960000038146973,11.8100004196167,11.819999694824219,2668073,0.0,0.0
2023-07-12 09:30:00-04:00,12.039999961853027,12.069999694824219,11.6899995803833,12.010000228881836,4939787,0.0,0.0
2023-07-12 10:30:00-04:00,12.005000114440918,12.114999771118164,11.920000076293945,11.921199798583984,2044274,0.0,0.0
2023-07-12 11:30:00-04:00,11.924400329589844,11.930000305175781,11.710000038146973,11.819999694824219,2127891,0.0,0.0
2023-07-12 12:30:00-04:00,11.824999809265137,11.949999809265137,11.800000190734863,11.949999809265137,1225034,0.0,0.0
2023-07-12 13:30:00-04:00,11.944999694824219,12.0,11.90999984741211,11.920000076293945,1032624,0.0,0.0
2023-07-12 14:30:00-04:00,11.925000190734863,11.970000267028809,11.84000015258789,11.859999656677246,1280937,0.0,0.0
2023-07-12 15:30:00-04:00,11.864999771118164,11.949999809265137,11.850000381469727,11.930000305175781,1698246,0.0,0.0
2023-07-13 09:30:00-04:00,11.979999542236328,12.220000267028809,11.84000015258789,12.100000381469727,2569855,0.0,0.0
2023-07-13 10:30:00-04:00,12.109999656677246,12.229999542236328,12.079999923706055,12.194999694824219,1158914,0.0,0.0
2023-07-13 11:30:00-04:00,12.204999923706055,12.609999656677246,12.170000076293945,12.439000129699707,4605060,0.0,0.0
2023-07-13 12:30:00-04:00,12.430000305175781,12.539999961853027,12.329999923706055,12.5,1707448,0.0,0.0
2023-07-13 13:30:00-04:00,12.5,12.609999656677246,12.489999771118164,12.517900466918945,2391875,0.0,0.0
2023-07-13 14:30:00-04:00,12.510000228881836,12.550000190734863,12.4399995803833,12.510100364685059,3129770,0.0,0.0
2023-07-13 15:30:00-04:00,12.510000228881836,12.524999618530273,12.4399995803833,12.444999694824219,2388230,0.0,0.0
2023-07-14 09:30:00-04:00,12.5,12.505000114440918,12.260000228881836,12.350000381469727,3243958,0.0,0.0
2023-07-14 10:30:00-04:00,12.354999542236328,12.35990047454834,12.0600004196167,12.194999694824219,2612829,0.0,0.0
2023-07-14 11:30:00-04:00,12.199899673461914,12.350000381469727,12.175000190734863,12.31659984588623,1452558,0.0,0.0
2023-07-14 12:30:00-04:00,12.3149995803833,12.399999618530273,12.289999961853027,12.300000190734863,1510674,0.0,0.0
2023-07-14 13:30:00-04:00,12.300000190734863,12.420000076293945,12.289999961853027,12.319999694824219,1250005,0.0,0.0
2023-07-14 14:30:00-04:00,12.329899787902832,12.34000015258789,12.270000457763672,12.289999961853027,2019871,0.0,0.0
2023-07-14 15:30:00-04:00,12.28499984741211,12.399999618530273,12.270000457763672,12.380000114440918,1627040,0.0,0.0
2023-07-17 09:30:00-04:00,12.34000015258789,12.65999984741211,12.220000267028809,12.53499984741211,3628786,0.0,0.0
2023-07-17 10:30:00-04:00,12.539999961853027,12.710000038146973,12.530799865722656,12.649999618530273,1579128,0.0,0.0
2023-07-17 11:30:00-04:00,12.649900436401367,12.850000381469727,12.621199607849121,12.729999542236328,2367078,0.0,0.0
2023-07-17 12:30:00-04:00,12.729999542236328,12.760000228881836,12.619999885559082,12.680000305175781,1313815,0.0,0.0
2023-07-17 13:30:00-04:00,12.680000305175781,12.710000038146973,12.5600004196167,12.585000038146973,1488551,0.0,0.0
2023-07-17 14:30:00-04:00,12.585000038146973,12.600000381469727,12.479999542236328,12.515000343322754,1977349,0.0,0.0
2023-07-17 15:30:00-04:00,12.520000457763672,12.520000457763672,12.425000190734863,12.489999771118164,2279257,0.0,0.0
2023-07-18 09:30:00-04:00,12.510000228881836,12.699999809265137,12.390000343322754,12.600000381469727,2349388,0.0,0.0
2023-07-18 10:30:00-04:00,12.600000381469727,12.760000228881836,12.510000228881836,12.704999923706055,2001219,0.0,0.0
2023-07-18 11:30:00-04:00,12.704999923706055,12.75,12.54010009765625,12.6850004196167,2199177,0.0,0.0
2023-07-18 12:30:00-04:00,12.6850004196167,12.739999771118164,12.53499984741211,12.569999694824219,1565792,0.0,0.0
2023-07-18 13:30:00-04:00,12.5649995803833,12.600000381469727,12.520000457763672,12.5600004196167,1174494,0.0,0.0
2023-07-18 14:30:00-04:00,12.555000305175781,12.609999656677246,12.510000228881836,12.550000190734863,1804487,0.0,0.0
2023-07-18 15:30:00-04:00,12.545000076293945,12.614999771118164,12.539999961853027,12.595000267028809,1382645,0.0,0.0
2023-07-19 09:30:00-04:00,12.680000305175781,12.989999771118164,12.666500091552734,12.984999656677246,3224372,0.0,0.0
2023-07-19 10:30:00-04:00,12.987199783325195,13.229999542236328,12.949999809265137,13.194999694824219,2977383,0.0,0.0
2023-07-19 11:30:00-04:00,13.1899995803833,13.210000038146973,12.899999618530273,12.9399995803833,2239189,0.0,0.0
2023-07-19 12:30:00-04:00,12.930000305175781,12.970999717712402,12.8149995803833,12.9350004196167,1364690,0.0,0.0
2023-07-19 13:30:00-04:00,12.9350004196167,13.109999656677246,12.930000305175781,12.99899959564209,1725820,0.0,0.0
2023-07-19 14:30:00-04:00,13.0,13.100000381469727,13.0,13.099900245666504,1272195,0.0,0.0
2023-07-19 15:30:00-04:00,13.095000267028809,13.15999984741211,13.069999694824219,13.119000434875488,2887569,0.0,0.0
2023-07-20 09:30:00-04:00,12.949999809265137,13.079999923706055,12.6899995803833,12.717900276184082,2532733,0.0,0.0
2023-07-20 10:30:00-04:00,12.710000038146973,12.944999694824219,12.569999694824219,12.925600051879883,2153614,0.0,0.0
2023-07-20 11:30:00-04:00,12.927599906921387,13.029999732971191,12.890000343322754,12.979999542236328,885529,0.0,0.0
2023-07-20 12:30:00-04:00,12.989999771118164,13.005499839782715,12.880000114440918,12.960000038146973,805520,0.0,0.0
2023-07-20 13:30:00-04:00,12.949999809265137,13.0600004196167,12.9399995803833,12.9399995803833,905625,0.0,0.0
2023-07-20 14:30:00-04:00,12.9350004196167,13.0,12.800000190734863,12.8100004196167,1176141,0.0,0.0
2023-07-20 15:30:00-04:00,12.803099632263184,12.899999618530273,12.78499984741211,12.804499626159668,1582394,0.0,0.0
2023-07-21 09:30:00-04:00,12.90999984741211,12.949999809265137,12.649999618530273,12.729999542236328,1980041,0.0,0.0
2023-07-21 10:30:00-04:00,12.729999542236328,12.899999618530273,12.699999809265137,12.895000457763672,1178844,0.0,0.0
2023-07-21 11:30:00-04:00,12.895000457763672,12.9350004196167,12.800000190734863,12.875,1068186,0.0,0.0
2023-07-21 12:30:00-04:00,12.875,12.90999984741211,12.824999809265137,12.854999542236328,591746,0.0,0.0
2023-07-21 13:30:00-04:00,12.859999656677246,12.90999984741211,12.829999923706055,12.875,1037891,0.0,0.0
2023-07-21 14:30:00-04:00,12.880000114440918,12.90999984741211,12.720000267028809,12.739899635314941,1133292,0.0,0.0
2023-07-21 15:30:00-04:00,12.739999771118164,12.78499984741211,12.720000267028809,12.760000228881836,1229826,0.0,0.0
2023-07-24 09:30:00-04:00,12.680000305175781,12.930000305175781,12.640000343322754,12.84000015258789,1829151,0.0,0.0
2023-07-24 10:30:00-04:00,12.835000038146973,12.857000350952148,12.720000267028809,12.765000343322754,1064334,0.0,0.0
2023-07-24 11:30:00-04:00,12.765000343322754,12.829999923706055,12.680100440979004,12.795000076293945,890170,0.0,0.0
2023-07-24 12:30:00-04:00,12.795000076293945,12.819999694824219,12.720000267028809,12.77299976348877,471241,0.0,0.0
2023-07-24 13:30:00-04:00,12.774999618530273,12.8100004196167,12.739999771118164,12.78499984741211,464423,0.0,0.0
2023-07-24 14:30:00-04:00,12.78499984741211,12.850000381469727,12.710000038146973,12.770000457763672,965979,0.0,0.0
2023-07-24 15:30:00-04:00,12.765000343322754,12.767499923706055,12.673800468444824,12.739999771118164,1972774,0.0,0.0
2023-07-25 09:30:00-04:00,12.739999771118164,12.890000343322754,12.710000038146973,12.777000427246094,1085420,0.0,0.0
2023-07-25 10:30:00-04:00,12.770000457763672,12.774999618530273,12.670000076293945,12.720000267028809,898926,0.0,0.0
2023-07-25 11:30:00-04:00,12.71679973602295,12.8100004196167,12.670100212097168,12.725000381469727,854569,0.0,0.0
2023-07-25 12:30:00-04:00,12.72089958190918,12.77750015258789,12.70009994506836,12.75,536577,0.0,0.0
2023-07-25 13:30:00-04:00,12.744999885559082,12.755000114440918,12.654999732971191,12.675000190734863,483334,0.0,0.0
2023-07-25 14:30:00-04:00,12.675000190734863,12.6899995803833,12.579999923706055,12.609999656677246,754581,0.0,0.0
2023-07-25 15:30:00-04:00,12.600000381469727,12.619999885559082,12.520000457763672,12.539999961853027,1035387,0.0,0.0
2023-07-26 09:30:00-04:00,12.460000038146973,12.729900360107422,12.399999618530273,12.670000076293945,1982024,0.0,0.0
2023-07-26 10:30:00-04:00,12.666500091552734,12.6899995803833,12.430000305175781,12.461000442504883,1553769,0.0,0.0
2023-07-26 11:30:00-04:00,12.46500015258789,12.630000114440918,12.46500015258789,12.555000305175781,1399987,0.0,0.0
2023-07-26 12:30:00-04:00,12.550000190734863,12.614999771118164,12.46500015258789,12.470000267028809,1385405,0.0,0.0
2023-07-26 13:30:00-04:00,12.470800399780273,12.609999656677246,12.4350004196167,12.5649995803833,1195661,0.0,0.0
2023-07-26 14:30:00-04:00,12.56149959564209,12.760000228881836,12.55780029296875,12.753100395202637,2536306,0.0,0.0
2023-07-26 15:30:00-04:00,12.760000228881836,12.800000190734863,12.710000038146973,12.75,1782164,0.0,0.0
2023-07-27 09:30:00-04:00,12.880000114440918,12.9399995803833,12.670100212097168,12.680000305175781,2224810,0.0,0.0
2023-07-27 10:30:00-04:00,12.670100212097168,12.800000190734863,12.670000076293945,12.739999771118164,1156574,0.0,0.0
2023-07-27 11:30:00-04:00,12.75,12.799699783325195,12.6899995803833,12.692999839782715,588476,0.0,0.0
2023-07-27 12:30:00-04:00,12.694999694824219,12.744999885559082,12.539999961853027,12.579999923706055,1018702,0.0,0.0
2023-07-27 13:30:00-04:00,12.569999694824219,12.579999923706055,12.369999885559082,12.375,1291659,0.0,0.0
2023-07-27 14:30:00-04:00,12.379899978637695,12.399999618530273,12.09000015258789,12.225000381469727,2483226,0.0,0.0
2023-07-27 15:30:00-04:00,12.220000267028809,12.279999732971191,12.199999809265137,12.234999656677246,1471494,0.0,0.0
2023-07-28 09:30:00-04:00,12.449999809265137,12.699999809265137,12.369999885559082,12.600000381469727,1591978,0.0,0.0
2023-07-28 10:30:00-04:00,12.600000381469727,12.6899995803833,12.460000038146973,12.670000076293945,2061015,0.0,0.0
2023-07-28 11:30:00-04:00,12.670000076293945,12.710000038146973,12.604999542236328,12.625,1064723,0.0,0.0
2023-07-28 12:30:00-04:00,12.625,12.6850004196167,12.569999694824219,12.645000457763672,810816,0.0,0.0
2023-07-28 13:30:00-04:00,12.645000457763672,12.699999809265137,12.609999656677246,12.6766996383667,784295,0.0,0.0
2023-07-28 14:30:00-04:00,12.680000305175781,12.710000038146973,12.649999618530273,12.6850004196167,937809,0.0,0.0
2023-07-28 15:30:00-04:00,12.6850004196167,12.739999771118164,12.670000076293945,12.729999542236328,1430874,0.0,0.0
2023-07-31 09:30:00-04:00,12.800000190734863,13.010000228881836,12.71500015258789,12.920000076293945,2646417,0.0,0.0
2023-07-31 10:30:00-04:00,12.920000076293945,12.979999542236328,12.835000038146973,12.895000457763672,1982676,0.0,0.0
2023-07-31 11:30:00-04:00,12.899700164794922,12.938699722290039,12.829999923706055,12.914999961853027,924858,0.0,0.0
2023-07-31 12:30:00-04:00,12.914999961853027,12.930000305175781,12.770000457763672,12.8149995803833,1127037,0.0,0.0
2023-07-31 13:30:00-04:00,12.8149995803833,12.854999542236328,12.779999732971191,12.805000305175781,916847,0.0,0.0
2023-07-31 14:30:00-04:00,12.805000305175781,12.850000381469727,12.779999732971191,12.835000038146973,848034,0.0,0.0
2023-07-31 15:30:00-04:00,12.835000038146973,12.875,12.8100004196167,12.864999771118164,1313203,0.0,0.0
2023-08-01 09:30:00-04:00,12.680000305175781,12.859999656677246,12.529999732971191,12.635000228881836,1845414,0.0,0.0
2023-08-01 10:30:00-04:00,12.630000114440918,12.720000267028809,12.600000381469727,12.65999984741211,1475596,0.0,0.0
2023-08-01 11:30:00-04:00,12.65999984741211,12.725000381469727,12.629300117492676,12.654999732971191,815449,0.0,0.0
2023-08-01 12:30:00-04:00,12.654999732971191,12.819999694824219,12.630000114440918,12.770500183105469,1357584,0.0,0.0
2023-08-01 13:30:00-04:00,12.770000457763672,12.800000190734863,12.725000381469727,12.755000114440918,725608,0.0,0.0
2023-08-01 14:30:00-04:00,12.760000228881836,12.84749984741211,12.734999656677246,12.8149995803833,1146138,0.0,0.0
2023-08-01 15:30:00-04:00,12.817500114440918,12.890000343322754,12.800000190734863,12.878999710083008,1595627,0.0,0.0
2023-08-02 09:30:00-04:00,12.539999961853027,12.5600004196167,12.329999923706055,12.449899673461914,2406945,0.0,0.0
2023-08-02 10:30:00-04:00,12.449999809265137,12.524999618530273,12.25,12.305000305175781,1554099,0.0,0.0
2023-08-02 11:30:00-04:00,12.305000305175781,12.375,12.180000305175781,12.277799606323242,1241486,0.0,0.0
2023-08-02 12:30:00-04:00,12.279999732971191,12.390000343322754,12.225000381469727,12.328499794006348,1244857,0.0,0.0
2023-08-02 13:30:00-04:00,12.319999694824219,12.470000267028809,12.3100004196167,12.444999694824219,920794,0.0,0.0
2023-08-02 14:30:00-04:00,12.4399995803833,12.460000038146973,12.319999694824219,12.319999694824219,1280820,0.0,0.0
2023-08-02 15:30:00-04:00,12.319999694824219,12.460000038146973,12.305000305175781,12.449999809265137,2813738,0.0,0.0
2023-08-03 09:30:00-04:00,11.380000114440918,11.670000076293945,10.890000343322754,11.380000114440918,7685943,0.0,0.0
2023-08-03 10:30:00-04:00,11.370100021362305,11.770000457763672,11.369999885559082,11.679499626159668,2707499,0.0,0.0
2023-08-03 11:30:00-04:00,11.675000190734863,11.710000038146973,11.529999732971191,11.625,1618352,0.0,0.0
2023-08-03 12:30:00-04:00,11.627699851989746,11.800000190734863,11.430000305175781,11.635899543762207,3047306,0.0,0.0
2023-08-03 13:30:00-04:00,11.640000343322754,11.710000038146973,11.53499984741211,11.710000038146973,1313465,0.0,0.0
2023-08-03 14:30:00-04:00,11.704999923706055,11.739999771118164,11.555000305175781,11.604999542236328,1930525,0.0,0.0
2023-08-03 15:30:00-04:00,11.604999542236328,11.6899995803833,11.529999732971191,11.53499984741211,3208786,0.0,0.0
2023-08-04 09:30:00-04:00,11.680000305175781,11.760000228881836,11.449999809265137,11.585000038146973,3056881,0.0,0.0
2023-08-04 10:30:00-04:00,11.585000038146973,11.600000381469727,11.45009994506836,11.515000343322754,1357226,0.0,0.0
2023-08-04 11:30:00-04:00,11.519100189208984,11.569999694824219,11.390000343322754,11.545000076293945,1283229,0.0,0.0
2023-08-04 12:30:00-04:00,11.545000076293945,11.630000114440918,11.460000038146973,11.501700401306152,1113205,0.0,0.0
2023-08-04 13:30:00-04:00,11.505000114440918,11.520000457763672,11.390000343322754,11.425000190734863,1243150,0.0,0.0
2023-08-04 14:30:00-04:00,11.425000190734863,11.4399995803833,11.270000457763672,11.300000190734863,1485360,0.0,0.0
2023-08-04 15:30:00-04:00,11.300000190734863,11.324999809265137,11.220000267028809,11.279999732971191,1731683,0.0,0.0
2023-08-07 09:30:00-04:00,11.3100004196167,11.350000381469727,11.069999694824219,11.31779956817627,1919908,0.0,0.0
2023-08-07 10:30:00-04:00,11.319999694824219,11.5,11.3100004196167,11.369400024414062,1491279,0.0,0.0
2023-08-07 11:30:00-04:00,11.369999885559082,11.380000114440918,11.270000457763672,11.335000038146973,1929697,0.0,0.0
2023-08-07 12:30:00-04:00,11.329999923706055,11.380000114440918,11.270000457763672,11.295000076293945,1158138,0.0,0.0
2023-08-07 13:30:00-04:00,11.300000190734863,11.414999961853027,11.289999961853027,11.379300117492676,626312,0.0,0.0
2023-08-07 14:30:00-04:00,11.378999710083008,11.46500015258789,11.34000015258789,11.350000381469727,975232,0.0,0.0
2023-08-07 15:30:00-04:00,11.350000381469727,11.399999618530273,11.34000015258789,11.350000381469727,1290954,0.0,0.0
2023-08-08 09:30:00-04:00,11.09000015258789,11.130000114440918,10.930000305175781,11.045000076293945,1662277,0.0,0.0
2023-08-08 10:30:00-04:00,11.04990005493164,11.06760025024414,10.949999809265137,11.005000114440918,1341422,0.0,0.0
2023-08-08 11:30:00-04:00,11.0,11.055000305175781,10.949999809265137,11.027999877929688,1192462,0.0,0.0
2023-08-08 12:30:00-04:00,11.029999732971191,11.057499885559082,11.0,11.011500358581543,576803,0.0,0.0
2023-08-08 13:30:00-04:00,11.020000457763672,11.149999618530273,11.0,11.114999771118164,867341,0.0,0.0
2023-08-08 14:30:00-04:00,11.114999771118164,11.15999984741211,11.079999923706055,11.12030029296875,1073585,0.0,0.0
2023-08-08 15:30:00-04:00,11.130000114440918,11.15999984741211,11.070300102233887,11.103699684143066,1215792,0.0,0.0
2023-08-09 09:30:00-04:00,11.039999961853027,11.100000381469727,10.949999809265137,11.010000228881836,1235930,0.0,0.0
2023-08-09 10:30:00-04:00,11.005000114440918,11.029999732971191,10.84000015258789,10.929800033569336,1652579,0.0,0.0
2023-08-09 11:30:00-04:00,10.930000305175781,10.979999542236328,10.8100004196167,10.84000015258789,1939531,0.0,0.0
2023-08-09 12:30:00-04:00,10.835000038146973,10.954999923706055,10.75,10.950699806213379,1497219,0.0,0.0
2023-08-09 13:30:00-04:00,10.960000038146973,10.979999542236328,10.920000076293945,10.944999694824219,632015,0.0,0.0
2023-08-09 14:30:00-04:00,10.944999694824219,10.970000267028809,10.87030029296875,10.895000457763672,1174899,0.0,0.0
2023-08-09 15:30:00-04:00,10.890000343322754,10.925000190734863,10.760000228881836,10.800000190734863,1893950,0.0,0.0
2023-08-10 09:30:00-04:00,10.930000305175781,11.100000381469727,10.890000343322754,11.010000228881836,1104124,0.0,0.0
2023-08-10 10:30:00-04:00,11.005000114440918,11.029999732971191,10.869999885559082,10.903400421142578,1252338,0.0,0.0
2023-08-10 11:30:00-04:00,10.90999984741211,10.925000190734863,10.819999694824219,10.854999542236328,525815,0.0,0.0
2023-08-10 12:30:00-04:00,10.854999542236328,10.895000457763672,10.75,10.755000114440918,659646,0.0,0.0
2023-08-10 13:30:00-04:00,10.75,10.78499984741211,10.65999984741211,10.739999771118164,903294,0.0,0.0
2023-08-10 14:30:00-04:00,10.741999626159668,10.789999961853027,10.704999923706055,10.744999885559082,675934,0.0,0.0
2023-08-10 15:30:00-04:00,10.744999885559082,10.770000457763672,10.710000038146973,10.739999771118164,1190720,0.0,0.0
2023-08-11 09:30:00-04:00,10.604999542236328,10.789999961853027,10.579999923706055,10.770000457763672,1739064,0.0,0.0
2023-08-11 10:30:00-04:00,10.770000457763672,10.789999961853027,10.630000114440918,10.654999732971191,756134,0.0,0.0
2023-08-11 11:30:00-04:00,10.654999732971191,10.6899995803833,10.619999885559082,10.670000076293945,609802,0.0,0.0
2023-08-11 12:30:00-04:00,10.670000076293945,10.6899995803833,10.619999885559082,10.6899995803833,565202,0.0,0.0
2023-08-11 13:30:00-04:00,10.6850004196167,10.6899995803833,10.630000114440918,10.645000457763672,425380,0.0,0.0
2023-08-11 14:30:00-04:00,10.645000457763672,10.710000038146973,10.609999656677246,10.710000038146973,865873,0.0,0.0
2023-08-11 15:30:00-04:00,10.704999923706055,10.75,10.6899995803833,10.71500015258789,1283360,0.0,0.0
2023-08-14 09:30:00-04:00,10.65999984741211,10.680000305175781,10.510000228881836,10.635000228881836,985705,0.0,0.0
2023-08-14 10:30:00-04:00,10.635000228881836,10.654999732971191,10.540499687194824,10.59000015258789,940006,0.0,0.0
2023-08-14 11:30:00-04:00,10.59000015258789,10.600000381469727,10.539999961853027,10.600000381469727,679323,0.0,0.0
2023-08-14 12:30:00-04:00,10.600000381469727,10.604999542236328,10.5600004196167,10.579999923706055,377479,0.0,0.0
2023-08-14 13:30:00-04:00,10.574999809265137,10.645000457763672,10.539999961853027,10.630000114440918,652664,0.0,0.0
2023-08-14 14:30:00-04:00,10.635000228881836,10.65999984741211,10.609999656677246,10.649999618530273,478776,0.0,0.0
2023-08-14 15:30:00-04:00,10.649999618530273,10.65999984741211,10.630000114440918,10.65999984741211,939146,0.0,0.0
2023-08-15 09:30:00-04:00,10.550000190734863,10.604999542236328,10.430000305175781,10.449999809265137,939870,0.0,0.0
2023-08-15 10:30:00-04:00,10.449999809265137,10.53499984741211,10.4399995803833,10.456000328063965,439403,0.0,0.0
2023-08-15 11:30:00-04:00,10.45580005645752,10.460000038146973,10.399999618530273,10.430000305175781,493967,0.0,0.0
2023-08-15 12:30:00-04:00,10.430000305175781,10.470000267028809,10.40999984741211,10.454999923706055,348150,0.0,0.0
2023-08-15 13:30:00-04:00,10.454999923706055,10.53969955444336,10.4399995803833,10.5,625177,0.0,0.0
2023-08-15 14:30:00-04:00,10.494999885559082,10.52750015258789,10.430000305175781,10.4350004196167,494907,0.0,0.0
2023-08-15 15:30:00-04:00,10.430000305175781,10.470000267028809,10.395000457763672,10.40999984741211,1255003,0.0,0.0
2023-08-16 09:30:00-04:00,10.329999923706055,10.420000076293945,10.3100004196167,10.335000038146973,698778,0.0,0.0
2023-08-16 10:30:00-04:00,10.34000015258789,10.390000343322754,10.260000228881836,10.265000343322754,652896,0.0,0.0
2023-08-16 11:30:00-04:00,10.265000343322754,10.289999961853027,10.15999984741211,10.1899995803833,768168,0.0,0.0
2023-08-16 12:30:00-04:00,10.1850004196167,10.256500244140625,10.170000076293945,10.244999885559082,380903,0.0,0.0
2023-08-16 13:30:00-04:00,10.244999885559082,10.3100004196167,10.212599754333496,10.305000305175781,544932,0.0,0.0
2023-08-16 14:30:00-04:00,10.3100004196167,10.3149995803833,10.196700096130371,10.21500015258789,460784,0.0,0.0
2023-08-16 15:30:00-04:00,10.220000267028809,10.25,10.170000076293945,10.1850004196167,896110,0.0,0.0
2023-08-17 09:30:00-04:00,10.239999771118164,10.319999694824219,10.170000076293945,10.1899995803833,866753,0.0,0.0
2023-08-17 10:30:00-04:00,10.185999870300293,10.239999771118164,10.150099754333496,10.194999694824219,657303,0.0,0.0
2023-08-17 11:30:00-04:00,10.194999694824219,10.199999809265137,10.069999694824219,10.125,1136851,0.0,0.0
2023-08-17 12:30:00-04:00,10.130000114440918,10.170000076293945,10.119999885559082,10.14900016784668,474696,0.0,0.0
2023-08-17 13:30:00-04:00,10.149999618530273,10.149999618530273,10.081500053405762,10.085000038146973,440083,0.0,0.0
2023-08-17 14:30:00-04:00,10.085000038146973,10.119999885559082,10.0600004196167,10.100000381469727,1262488,0.0,0.0
2023-08-17 15:30:00-04:00,10.095000267028809,10.109999656677246,10.050000190734863,10.074999809265137,1428890,0.0,0.0
2023-08-18 09:30:00-04:00,9.859999656677246,10.300000190734863,9.84000015258789,10.164999961853027,2277354,0.0,0.0
2023-08-18 10:30:00-04:00,10.15999984741211,10.260000228881836,10.145000457763672,10.1850004196167,1578348,0.0,0.0
2023-08-18 11:30:00-04:00,10.1899995803833,10.239999771118164,10.149999618530273,10.1899995803833,807302,0.0,0.0
2023-08-18 12:30:00-04:00,10.194999694824219,10.199999809265137,10.104999542236328,10.140000343322754,501130,0.0,0.0
2023-08-18 13:30:00-04:00,10.145000457763672,10.180000305175781,10.125,10.15999984741211,465210,0.0,0.0
2023-08-18 14:30:00-04:00,10.15999984741211,10.289999961853027,10.149999618530273,10.289999961853027,1015729,0.0,0.0
2023-08-18 15:30:00-04:00,10.289999961853027,10.289999961853027,10.229999542236328,10.239999771118164,1356248,0.0,0.0
2023-08-21 09:30:00-04:00,10.28499984741211,10.324999809265137,10.130000114440918,10.140000343322754,912616,0.0,0.0
2023-08-21 10:30:00-04:00,10.130000114440918,10.279999732971191,10.130000114440918,10.21500015258789,801046,0.0,0.0
2023-08-21 11:30:00-04:00,10.220000267028809,10.25,10.180000305175781,10.25,725105,0.0,0.0
2023-08-21 12:30:00-04:00,10.25,10.300000190734863,10.194999694824219,10.274999618530273,903205,0.0,0.0
2023-08-21 13:30:00-04:00,10.274999618530273,10.359999656677246,10.270000457763672,10.335000038146973,729923,0.0,0.0
2023-08-21 14:30:00-04:00,10.34000015258789,10.40999984741211,10.3100004196167,10.393500328063965,896532,0.0,0.0
2023-08-21 15:30:00-04:00,10.395000457763672,10.444999694824219,10.380000114440918,10.399999618530273,1115669,0.0,0.0
2023-08-22 09:30:00-04:00,10.5,10.604999542236328,10.34000015258789,10.385000228881836,1022862,0.0,0.0
2023-08-22 10:30:00-04:00,10.385000228881836,10.45419979095459,10.34000015258789,10.414999961853027,1077448,0.0,0.0
2023-08-22 11:30:00-04:00,10.414999961853027,10.430000305175781,10.319999694824219,10.364999771118164,667237,0.0,0.0
2023-08-22 12:30:00-04:00,10.369999885559082,10.4350004196167,10.335000038146973,10.399999618530273,620496,0.0,0.0
2023-08-22 13:30:00-04:00,10.399999618530273,10.4399995803833,10.385000228881836,10.425000190734863,597003,0.0,0.0
2023-08-22 14:30:00-04:00,10.420000076293945,10.454999923706055,10.385000228881836,10.390000343322754,782083,0.0,0.0
2023-08-22 15:30:00-04:00,10.395000457763672,10.399999618530273,10.34000015258789,10.380000114440918,1115351,0.0,0.0
2023-08-23 09:30:00-04:00,10.390000343322754,10.520000457763672,10.335000038146973,10.4399995803833,661601,0.0,0.0
2023-08-23 10:30:00-04:00,10.4350004196167,10.539999961853027,10.414999961853027,10.524999618530273,578946,0.0,0.0
2023-08-23 11:30:00-04:00,10.524999618530273,10.59000015258789,10.479999542236328,10.555000305175781,961014,0.0,0.0
2023-08-23 12:30:00-04:00,10.5600004196167,10.600000381469727,10.481800079345703,10.505000114440918,747803,0.0,0.0
2023-08-23 13:30:00-04:00,10.510000228881836,10.529999732971191,10.454999923706055,10.46500015258789,522823,0.0,0.0
2023-08-23 14:30:00-04:00,10.46500015258789,10.5,10.449999809265137,10.494999885559082,529667,0.0,0.0
2023-08-23 15:30:00-04:00,10.494999885559082,10.539999961853027,10.470000267028809,10.505000114440918,944902,0.0,0.0
2023-08-24 09:30:00-04:00,10.520000457763672,10.520000457763672,10.359999656677246,10.359999656677246,927900,0.0,0.0
2023-08-24 10:30:00-04:00,10.359999656677246,10.444999694824219,10.319999694824219,10.34000015258789,741135,0.0,0.0
2023-08-24 11:30:00-04:00,10.329999923706055,10.420000076293945,10.270000457763672,10.414999961853027,700344,0.0,0.0
2023-08-24 12:30:00-04:00,10.414999961853027,10.440500259399414,10.369999885559082,10.395000457763672,342421,0.0,0.0
2023-08-24 13:30:00-04:00,10.390000343322754,10.460000038146973,10.375,10.40999984741211,591423,0.0,0.0
2023-08-24 14:30:00-04:00,10.404999732971191,10.449999809265137,10.380000114440918,10.444999694824219,490031,0.0,0.0
2023-08-24 15:30:00-04:00,10.449999809265137,10.460000038146973,10.369999885559082,10.369999885559082,924455,0.0,0.0
2023-08-25 09:30:00-04:00,10.380000114440918,10.579999923706055,10.34000015258789,10.40999984741211,684850,0.0,0.0
2023-08-25 10:30:00-04:00,10.40999984741211,10.520000457763672,10.329999923706055,10.520000457763672,709984,0.0,0.0
2023-08-25 11:30:00-04:00,10.520000457763672,10.59000015258789,10.454999923706055,10.585000038146973,502778,0.0,0.0
2023-08-25 12:30:00-04:00,10.59000015258789,10.600000381469727,10.520000457763672,10.541000366210938,415857,0.0,0.0
2023-08-25 13:30:00-04:00,10.539999961853027,10.5600004196167,10.510000228881836,10.5600004196167,382049,0.0,0.0
2023-08-25 14:30:00-04:00,10.5600004196167,10.569999694824219,10.505000114440918,10.545000076293945,574218,0.0,0.0
2023-08-25 15:30:00-04:00,10.545000076293945,10.5600004196167,10.5,10.539999961853027,969881,0.0,0.0
2023-08-28 09:30:00-04:00,10.619999885559082,10.720000267028809,10.5649995803833,10.595000267028809,613741,0.0,0.0
2023-08-28 10:30:00-04:00,10.600000381469727,10.630000114440918,10.510000228881836,10.539999961853027,716278,0.0,0.0
2023-08-28 11:30:00-04:00,10.545000076293945,10.608400344848633,10.5,10.590200424194336,611187,0.0,0.0
2023-08-28 12:30:00-04:00,10.595000267028809,10.65839958190918,10.579999923706055,10.625,568243,0.0,0.0
2023-08-28 13:30:00-04:00,10.625,10.640000343322754,10.555000305175781,10.5649995803833,517977,0.0,0.0
2023-08-28 14:30:00-04:00,10.5649995803833,10.609999656677246,10.539999961853027,10.600000381469727,562873,0.0,0.0
2023-08-28 15:30:00-04:00,10.595000267028809,10.630000114440918,10.550000190734863,10.555000305175781,1089541,0.0,0.0
2023-08-29 09:30:00-04:00,10.475000381469727,10.954999923706055,10.449999809265137,10.893500328063965,1364074,0.0,0.0
2023-08-29 10:30:00-04:00,10.890000343322754,11.055000305175781,10.86340045928955,10.976200103759766,2144626,0.0,0.0
2023-08-29 11:30:00-04:00,10.975000381469727,10.979999542236328,10.880000114440918,10.925000190734863,993430,0.0,0.0
2023-08-29 12:30:00-04:00,10.930000305175781,11.010000228881836,10.90999984741211,11.010000228881836,1094409,0.0,0.0
2023-08-29 13:30:00-04:00,11.005000114440918,11.079999923706055,10.989999771118164,11.029999732971191,1097424,0.0,0.0
2023-08-29 14:30:00-04:00,11.024999618530273,11.039999961853027,10.930000305175781,10.979999542236328,1001595,0.0,0.0
2023-08-29 15:30:00-04:00,10.979999542236328,11.029999732971191,10.949999809265137,11.020000457763672,1186527,0.0,0.0
2023-08-30 09:30:00-04:00,10.899999618530273,11.145000457763672,10.899999618530273,11.024999618530273,1437676,0.0,0.0
2023-08-30 10:30:00-04:00,11.020000457763672,11.140000343322754,11.020000457763672,11.104999542236328,1001062,0.0,0.0
2023-08-30 11:30:00-04:00,11.104999542236328,11.149999618530273,11.045000076293945,11.114999771118164,746201,0.0,0.0
2023-08-30 12:30:00-04:00,11.109999656677246,11.125,11.050000190734863,11.085000038146973,619805,0.0,0.0
2023-08-30 13:30:00-04:00,11.085000038146973,11.135000228881836,10.970000267028809,10.970000267028809,719285,0.0,0.0
2023-08-30 14:30:00-04:00,10.970000267028809,11.050000190734863,10.970000267028809,11.024999618530273,785371,0.0,0.0
2023-08-30 15:30:00-04:00,11.026000022888184,11.069999694824219,11.010000228881836,11.0600004196167,1219116,0.0,0.0
2023-08-31 09:30:00-04:00,11.100000381469727,11.149999618530273,11.010000228881836,11.125,1384754,0.0,0.0
2023-08-31 10:30:00-04:00,11.125,11.164999961853027,11.0024995803833,11.010000228881836,1048896,0.0,0.0
2023-08-31 11:30:00-04:00,11.015000343322754,11.045000076293945,10.850000381469727,10.854999542236328,876175,0.0,0.0
2023-08-31 12:30:00-04:00,10.854999542236328,10.890000343322754,10.765000343322754,10.854999542236328,793671,0.0,0.0
2023-08-31 13:30:00-04:00,10.854999542236328,10.960000038146973,10.824999809265137,10.880000114440918,723911,0.0,0.0
2023-08-31 14:30:00-04:00,10.890000343322754,10.914999961853027,10.850000381469727,10.895000457763672,1214590,0.0,0.0
2023-08-31 15:30:00-04:00,10.895000457763672,10.930000305175781,10.859999656677246,10.899999618530273,3031676,0.0,0.0
2023-09-01 09:30:00-04:00,11.180000305175781,11.369999885559082,11.109999656677246,11.36989974975586,3019203,0.0,0.0
2023-09-01 10:30:00-04:00,11.36989974975586,11.369999885559082,11.199999809265137,11.301199913024902,1150267,0.0,0.0
2023-09-01 11:30:00-04:00,11.305000305175781,11.319999694824219,11.25,11.295000076293945,784481,0.0,0.0
2023-09-01 12:30:00-04:00,11.289999961853027,11.300000190734863,11.1899995803833,11.1899995803833,816571,0.0,0.0
2023-09-01 13:30:00-04:00,11.1899995803833,11.210000038146973,11.090100288391113,11.100000381469727,646624,0.0,0.0
2023-09-01 14:30:00-04:00,11.095000267028809,11.170000076293945,11.0600004196167,11.170000076293945,874761,0.0,0.0
2023-09-01 15:30:00-04:00,11.170000076293945,11.1899995803833,11.100000381469727,11.11989974975586,1417707,0.0,0.0
2023-09-05 09:30:00-04:00,11.0,11.020000457763672,10.6899995803833,10.712499618530273,2188177,0.0,0.0
2023-09-05 10:30:00-04:00,10.710000038146973,10.84000015258789,10.6899995803833,10.78499984741211,1814974,0.0,0.0
2023-09-05 11:30:00-04:00,10.781000137329102,10.845000267028809,10.779999732971191,10.819999694824219,1135105,0.0,0.0
2023-09-05 12:30:00-04:00,10.819999694824219,10.824999809265137,10.680000305175781,10.710000038146973,961167,0.0,0.0
2023-09-05 13:30:00-04:00,10.704999923706055,10.78499984741211,10.65999984741211,10.699999809265137,1334224,0.0,0.0
2023-09-05 14:30:00-04:00,10.704999923706055,10.760000228881836,10.6899995803833,10.760000228881836,818980,0.0,0.0
2023-09-05 15:30:00-04:00,10.755000114440918,10.829999923706055,10.750100135803223,10.829999923706055,1226699,0.0,0.0
2023-09-06 09:30:00-04:00,10.770000457763672,10.9350004196167,10.710000038146973,10.710100173950195,1273065,0.0,0.0
2023-09-06 10:30:00-04:00,10.710000038146973,10.800000190734863,10.699999809265137,10.720000267028809,685854,0.0,0.0
2023-09-06 11:30:00-04:00,10.725000381469727,10.8100004196167,10.704999923706055,10.765000343322754,1100467,0.0,0.0
2023-09-06 12:30:00-04:00,10.765000343322754,10.819999694824219,10.720000267028809,10.770000457763672,511024,0.0,0.0
2023-09-06 13:30:00-04:00,10.770000457763672,10.8100004196167,10.739999771118164,10.78499984741211,447236,0.0,0.0
2023-09-06 14:30:00-04:00,10.78499984741211,10.805000305175781,10.744999885559082,10.779999732971191,596200,0.0,0.0
2023-09-06 15:30:00-04:00,10.774999618530273,10.800000190734863,10.755000114440918,10.800000190734863,894854,0.0,0.0
2023-09-07 09:30:00-04:00,10.609999656677246,10.621000289916992,10.52299976348877,10.59000015258789,1015045,0.0,0.0
2023-09-07 10:30:00-04:00,10.599900245666504,10.680000305175781,10.557600021362305,10.600000381469727,652835,0.0,0.0
2023-09-07 11:30:00-04:00,10.604999542236328,10.670000076293945,10.570099830627441,10.640000343322754,420926,0.0,0.0
2023-09-07 12:30:00-04:00,10.645000457763672,10.6899995803833,10.600000381469727,10.664999961853027,454280,0.0,0.0
2023-09-07 13:30:00-04:00,10.664999961853027,10.739999771118164,10.640000343322754,10.71500015258789,392859,0.0,0.0
2023-09-07 14:30:00-04:00,10.710000038146973,10.770000457763672,10.699999809265137,10.725000381469727,531801,0.0,0.0
2023-09-07 15:30:00-04:00,10.725000381469727,10.744999885559082,10.699999809265137,10.737500190734863,663765,0.0,0.0
2023-09-08 09:30:00-04:00,10.6899995803833,10.720000267028809,10.515000343322754,10.699999809265137,759388,0.0,0.0
2023-09-08 10:30:00-04:00,10.694299697875977,10.729999542236328,10.63479995727539,10.664999961853027,619010,0.0,0.0
2023-09-08 11:30:00-04:00,10.664999961853027,10.75,10.649999618530273,10.725000381469727,465435,0.0,0.0
2023-09-08 12:30:00-04:00,10.725000381469727,10.760000228881836,10.704700469970703,10.75,464092,0.0,0.0
2023-09-08 13:30:00-04:00,10.744999885559082,10.789999961853027,10.725000381469727,10.739999771118164,462793,0.0,0.0
2023-09-08 14:30:00-04:00,10.734999656677246,10.800000190734863,10.729999542236328,10.779999732971191,763286,0.0,0.0
2023-09-08 15:30:00-04:00,10.774999618530273,10.795000076293945,10.739999771118164,10.739999771118164,809068,0.0,0.0
2023-09-11 09:30:00-04:00,10.819999694824219,10.899999618530273,10.710000038146973,10.819999694824219,1205323,0.0,0.0
2023-09-11 10:30:00-04:00,10.824999809265137,10.899999618530273,10.800000190734863,10.854999542236328,863542,0.0,0.0
2023-09-11 11:30:00-04:00,10.850000381469727,10.880000114440918,10.8149995803833,10.869999885559082,537029,0.0,0.0
2023-09-11 12:30:00-04:00,10.864999771118164,10.86989974975586,10.800000190734863,10.854999542236328,379694,0.0,0.0
2023-09-11 13:30:00-04:00,10.854999542236328,10.864999771118164,10.810700416564941,10.850099563598633,515570,0.0,0.0
2023-09-11 14:30:00-04:00,10.854999542236328,10.880000114440918,10.824999809265137,10.845000267028809,498367,0.0,0.0
2023-09-11 15:30:00-04:00,10.850000381469727,10.869999885559082,10.819999694824219,10.850000381469727,800561,0.0,0.0
2023-09-12 09:30:00-04:00,10.8100004196167,11.005000114440918,10.800000190734863,10.904999732971191,1039534,0.0,0.0
2023-09-12 10:30:00-04:00,10.899999618530273,10.930000305175781,10.819999694824219,10.863300323486328,640299,0.0,0.0
2023-09-12 11:30:00-04:00,10.864999771118164,10.899999618530273,10.835000038146973,10.885000228881836,479231,0.0,0.0
2023-09-12 12:30:00-04:00,10.890000343322754,10.949999809265137,10.850000381469727,10.944999694824219,432363,0.0,0.0
2023-09-12 13:30:00-04:00,10.944999694824219,10.949999809265137,10.850000381469727,10.869999885559082,538945,0.0,0.0
2023-09-12 14:30:00-04:00,10.869999885559082,10.869999885559082,10.819999694824219,10.845000267028809,741511,0.0,0.0
2023-09-12 15:30:00-04:00,10.84000015258789,10.850000381469727,10.789999961853027,10.789999961853027,845838,0.0,0.0
2023-09-13 09:30:00-04:00,10.760000228881836,10.810700416564941,10.600000381469727,10.664999961853027,752490,0.0,0.0
2023-09-13 10:30:00-04:00,10.65999984741211,10.725000381469727,10.649999618530273,10.694999694824219,528068,0.0,0.0
2023-09-13 11:30:00-04:00,10.694999694824219,10.779999732971191,10.6899995803833,10.774999618530273,407925,0.0,0.0
2023-09-13 12:30:00-04:00,10.779999732971191,10.789999961853027,10.729999542236328,10.744999885559082,358409,0.0,0.0
2023-09-13 13:30:00-04:00,10.75,10.779999732971191,10.699999809265137,10.712499618530273,321342,0.0,0.0
2023-09-13 14:30:00-04:00,10.71500015258789,10.739999771118164,10.65999984741211,10.690099716186523,391601,0.0,0.0
2023-09-13 15:30:00-04:00,10.699999809265137,10.704999923706055,10.59000015258789,10.600000381469727,1250166,0.0,0.0
2023-09-14 09:30:00-04:00,10.649999618530273,10.65999984741211,10.420000076293945,10.449999809265137,1540328,0.0,0.0
2023-09-14 10:30:00-04:00,10.460000038146973,10.59000015258789,10.454999923706055,10.585000038146973,672459,0.0,0.0
2023-09-14 11:30:00-04:00,10.59000015258789,10.600000381469727,10.5,10.504199981689453,554387,0.0,0.0
2023-09-14 12:30:00-04:00,10.5,10.510000228881836,10.470000267028809,10.475000381469727,424202,0.0,0.0
2023-09-14 13:30:00-04:00,10.470000267028809,10.5,10.470000267028809,10.473400115966797,343460,0.0,0.0
2023-09-14 14:30:00-04:00,10.470100402832031,10.550000190734863,10.470000267028809,10.539999961853027,911670,0.0,0.0
2023-09-14 15:30:00-04:00,10.53499984741211,10.569999694824219,10.520000457763672,10.5600004196167,1268372,0.0,0.0
2023-09-15 09:30:00-04:00,10.470000267028809,10.649999618530273,10.430000305175781,10.609999656677246,982253,0.0,0.0
2023-09-15 10:30:00-04:00,10.604999542236328,10.609999656677246,10.539999961853027,10.5600004196167,517360,0.0,0.0
2023-09-15 11:30:00-04:00,10.569999694824219,10.609999656677246,10.539999961853027,10.585000038146973,356025,0.0,0.0
2023-09-15 12:30:00-04:00,10.585000038146973,10.680000305175781,10.579999923706055,10.640000343322754,810425,0.0,0.0
2023-09-15 13:30:00-04:00,10.635000228881836,10.6899995803833,10.574999809265137,10.614999771118164,620377,0.0,0.0
2023-09-15 14:30:00-04:00,10.614999771118164,10.649999618530273,10.600000381469727,10.637499809265137,570461,0.0,0.0
2023-09-15 15:30:00-04:00,10.635000228881836,10.694999694824219,10.59000015258789,10.664999961853027,1345369,0.0,0.0
2023-09-18 09:30:00-04:00,10.649999618530273,10.770000457763672,10.579999923706055,10.723199844360352,635740,0.0,0.0
2023-09-18 10:30:00-04:00,10.720000267028809,10.779999732971191,10.670000076293945,10.734999656677246,805856,0.0,0.0
2023-09-18 11:30:00-04:00,10.734999656677246,10.789999961853027,10.729999542236328,10.744999885559082,416583,0.0,0.0
2023-09-18 12:30:00-04:00,10.744999885559082,10.770000457763672,10.65999984741211,10.734999656677246,764575,0.0,0.0
2023-09-18 13:30:00-04:00,10.734999656677246,10.75,10.6899995803833,10.6899995803833,450019,0.0,0.0
2023-09-18 14:30:00-04:00,10.694999694824219,10.720000267028809,10.640000343322754,10.640000343322754,533417,0.0,0.0
2023-09-18 15:30:00-04:00,10.645000457763672,10.649999618530273,10.579999923706055,10.600000381469727,1028186,0.0,0.0
2023-09-19 09:30:00-04:00,10.579999923706055,10.600000381469727,10.359999656677246,10.523099899291992,926225,0.0,0.0
2023-09-19 10:30:00-04:00,10.520000457763672,10.539999961853027,10.470000267028809,10.510000228881836,472738,0.0,0.0
2023-09-19 11:30:00-04:00,10.510000228881836,10.520000457763672,10.4399995803833,10.475000381469727,333751,0.0,0.0
2023-09-19 12:30:00-04:00,10.475000381469727,10.539999961853027,10.4399995803833,10.505000114440918,323291,0.0,0.0
2023-09-19 13:30:00-04:00,10.510000228881836,10.5600004196167,10.494999885559082,10.505000114440918,303033,0.0,0.0
2023-09-19 14:30:00-04:00,10.5,10.539999961853027,10.4399995803833,10.470000267028809,469932,0.0,0.0
2023-09-19 15:30:00-04:00,10.46500015258789,10.510000228881836,10.425000190734863,10.46500015258789,1220110,0.0,0.0
2023-09-20 09:30:00-04:00,10.449999809265137,10.649999618530273,10.40999984741211,10.494999885559082,1080559,0.0,0.0
2023-09-20 10:30:00-04:00,10.5,10.5,10.430000305175781,10.460000038146973,475606,0.0,0.0
2023-09-20 11:30:00-04:00,10.454999923706055,10.520000457763672,10.4399995803833,10.520000457763672,395977,0.0,0.0
2023-09-20 12:30:00-04:00,10.520000457763672,10.520000457763672,10.449999809265137,10.454999923706055,272970,0.0,0.0
2023-09-20 13:30:00-04:00,10.460000038146973,10.479999542236328,10.385000228881836,10.444999694824219,395778,0.0,0.0
2023-09-20 14:30:00-04:00,10.444999694824219,10.496600151062012,10.319999694824219,10.350000381469727,775583,0.0,0.0
2023-09-20 15:30:00-04:00,10.34000015258789,10.350000381469727,10.210000038146973,10.229999542236328,1096508,0.0,0.0
2023-09-21 09:30:00-04:00,10.010000228881836,10.020000457763672,9.819999694824219,9.895000457763672,2486185,0.0,0.0
2023-09-21 10:30:00-04:00,9.895000457763672,10.020000457763672,9.885000228881836,9.9399995803833,1078578,0.0,0.0
2023-09-21 11:30:00-04:00,9.9399995803833,10.0,9.899999618530273,9.914999961853027,551734,0.0,0.0
2023-09-21 12:30:00-04:00,9.920000076293945,9.9399995803833,9.890000343322754,9.9350004196167,467733,0.0,0.0
2023-09-21 13:30:00-04:00,9.930000305175781,9.975000381469727,9.930000305175781,9.944999694824219,476451,0.0,0.0
2023-09-21 14:30:00-04:00,9.944999694824219,9.960000038146973,9.880000114440918,9.880000114440918,608913,0.0,0.0
2023-09-21 15:30:00-04:00,9.885000228881836,9.890000343322754,9.819999694824219,9.835000038146973,1212385,0.0,0.0
2023-09-22 09:30:00-04:00,9.90999984741211,9.970000267028809,9.770000457763672,9.829999923706055,694750,0.0,0.0
2023-09-22 10:30:00-04:00,9.829999923706055,9.880000114440918,9.729999542236328,9.765000343322754,557874,0.0,0.0
2023-09-22 11:30:00-04:00,9.765000343322754,9.829999923706055,9.762800216674805,9.789999961853027,625562,0.0,0.0
2023-09-22 12:30:00-04:00,9.789999961853027,9.850000381469727,9.739999771118164,9.739999771118164,595628,0.0,0.0
2023-09-22 13:30:00-04:00,9.75,9.765700340270996,9.640000343322754,9.675000190734863,673923,0.0,0.0
2023-09-22 14:30:00-04:00,9.670000076293945,9.75,9.654999732971191,9.729999542236328,603594,0.0,0.0
2023-09-22 15:30:00-04:00,9.729999542236328,9.739999771118164,9.680000305175781,9.699999809265137,1221109,0.0,0.0
2023-09-25 09:30:00-04:00,9.569999694824219,9.720000267028809,9.550000190734863,9.670000076293945,627594,0.0,0.0
2023-09-25 10:30:00-04:00,9.670000076293945,9.760000228881836,9.59000015258789,9.699999809265137,571686,0.0,0.0
2023-09-25 11:30:00-04:00,9.704999923706055,9.770000457763672,9.6899995803833,9.765000343322754,491100,0.0,0.0
2023-09-25 12:30:00-04:00,9.765000343322754,9.765000343322754,9.699999809265137,9.70009994506836,298198,0.0,0.0
2023-09-25 13:30:00-04:00,9.704999923706055,9.726400375366211,9.672699928283691,9.6850004196167,253539,0.0,0.0
2023-09-25 14:30:00-04:00,9.6875,9.699999809265137,9.630000114440918,9.640000343322754,407435,0.0,0.0
2023-09-25 15:30:00-04:00,9.645000457763672,9.680000305175781,9.640000343322754,9.680000305175781,478733,0.0,0.0
2023-09-26 09:30:00-04:00,9.609999656677246,9.770000457763672,9.579999923706055,9.664999961853027,564866,0.0,0.0
2023-09-26 10:30:00-04:00,9.664999961853027,9.725000381469727,9.645000457763672,9.649999618530273,636727,0.0,0.0
2023-09-26 11:30:00-04:00,9.649999618530273,9.675000190734863,9.609999656677246,9.662500381469727,391598,0.0,0.0
2023-09-26 12:30:00-04:00,9.670000076293945,9.6899995803833,9.609999656677246,9.614999771118164,371516,0.0,0.0
2023-09-26 13:30:00-04:00,9.614999771118164,9.619999885559082,9.539999961853027,9.539999961853027,503170,0.0,0.0
2023-09-26 14:30:00-04:00,9.539999961853027,9.5600004196167,9.489999771118164,9.494999885559082,967645,0.0,0.0
2023-09-26 15:30:00-04:00,9.5,9.550000190734863,9.494999885559082,9.539999961853027,1396205,0.0,0.0
2023-09-27 09:30:00-04:00,9.640000343322754,9.770000457763672,9.623800277709961,9.770000457763672,792296,0.0,0.0
2023-09-27 10:30:00-04:00,9.770000457763672,9.770000457763672,9.579999923706055,9.640000343322754,389011,0.0,0.0
2023-09-27 11:30:00-04:00,9.635000228881836,9.640000343322754,9.539999961853027,9.574999809265137,319228,0.0,0.0
2023-09-27 12:30:00-04:00,9.579999923706055,9.59000015258789,9.4399995803833,9.520000457763672,764565,0.0,0.0
2023-09-27 13:30:00-04:00,9.524999618530273,9.600000381469727,9.470000267028809,9.600000381469727,418045,0.0,0.0
2023-09-27 14:30:00-04:00,9.600000381469727,9.6899995803833,9.595000267028809,9.630000114440918,513267,0.0,0.0
2023-09-27 15:30:00-04:00,9.630000114440918,9.630000114440918,9.539999961853027,9.585000038146973,763687,0.0,0.0
2023-09-28 09:30:00-04:00,9.600000381469727,9.65999984741211,9.520000457763672,9.529999732971191,453590,0.0,0.0
2023-09-28 10:30:00-04:00,9.529999732971191,9.619999885559082,9.479999542236328,9.609999656677246,447111,0.0,0.0
2023-09-28 11:30:00-04:00,9.604999542236328,9.829999923706055,9.604999542236328,9.8149995803833,668990,0.0,0.0
2023-09-28 12:30:00-04:00,9.819999694824219,9.84000015258789,9.699999809265137,9.699999809265137,617071,0.0,0.0
2023-09-28 13:30:00-04:00,9.704999923706055,9.729999542236328,9.675000190734863,9.694999694824219,324434,0.0,0.0
2023-09-28 14:30:00-04:00,9.694999694824219,9.720000267028809,9.635000228881836,9.71500015258789,336464,0.0,0.0
2023-09-28 15:30:00-04:00,9.71500015258789,9.720000267028809,9.65999984741211,9.699999809265137,721023,0.0,0.0
2023-09-29 09:30:00-04:00,9.84000015258789,10.010000228881836,9.774999618530273,9.795000076293945,985700,0.0,0.0
2023-09-29 10:30:00-04:00,9.789999961853027,9.859999656677246,9.780099868774414,9.800000190734863,356499,0.0,0.0
2023-09-29 11:30:00-04:00,9.800000190734863,9.839699745178223,9.760000228881836,9.805000305175781,352599,0.0,0.0
2023-09-29 12:30:00-04:00,9.805000305175781,9.819999694824219,9.6899995803833,9.744999885559082,336470,0.0,0.0
2023-09-29 13:30:00-04:00,9.739999771118164,9.78499984741211,9.690999984741211,9.759900093078613,482096,0.0,0.0
2023-09-29 14:30:00-04:00,9.760000228881836,9.835000038146973,9.75,9.779999732971191,462442,0.0,0.0
2023-09-29 15:30:00-04:00,9.779999732971191,9.829999923706055,9.75,9.805000305175781,913244,0.0,0.0
2023-10-02 09:30:00-04:00,9.770000457763672,9.899999618530273,9.71500015258789,9.739999771118164,893753,0.0,0.0
2023-10-02 10:30:00-04:00,9.73009967803955,9.789999961853027,9.6766996383667,9.774999618530273,833686,0.0,0.0
2023-10-02 11:30:00-04:00,9.777899742126465,9.8100004196167,9.614999771118164,9.619999885559082,782596,0.0,0.0
2023-10-02 12:30:00-04:00,9.619999885559082,9.649999618530273,9.59000015258789,9.635000228881836,600299,0.0,0.0
2023-10-02 13:30:00-04:00,9.635000228881836,9.720000267028809,9.625,9.645000457763672,637548,0.0,0.0
2023-10-02 14:30:00-04:00,9.645000457763672,9.729999542236328,9.630000114440918,9.729999542236328,601322,0.0,0.0
2023-10-02 15:30:00-04:00,9.729999542236328,9.739999771118164,9.694999694824219,9.729999542236328,776916,0.0,0.0
2023-10-03 09:30:00-04:00,9.619999885559082,9.779999732971191,9.574999809265137,9.635000228881836,978516,0.0,0.0
2023-10-03 10:30:00-04:00,9.630000114440918,9.675000190734863,9.540800094604492,9.619999885559082,522781,0.0,0.0
2023-10-03 11:30:00-04:00,9.609999656677246,9.65999984741211,9.579999923706055,9.640000343322754,360526,0.0,0.0
2023-10-03 12:30:00-04:00,9.649999618530273,9.649999618530273,9.550000190734863,9.5649995803833,291731,0.0,0.0
2023-10-03 13:30:00-04:00,9.5600004196167,9.5649995803833,9.489999771118164,9.522500038146973,465642,0.0,0.0
2023-10-03 14:30:00-04:00,9.524999618530273,9.600000381469727,9.489999771118164,9.510000228881836,455560,0.0,0.0
2023-10-03 15:30:00-04:00,9.5024995803833,9.539999961853027,9.489999771118164,9.529999732971191,1024362,0.0,0.0
2023-10-04 09:30:00-04:00,9.5,9.625,9.4350004196167,9.444999694824219,829252,0.0,0.0
2023-10-04 10:30:00-04:00,9.444999694824219,9.550000190734863,9.430000305175781,9.53499984741211,534951,0.0,0.0
2023-10-04 11:30:00-04:00,9.539999961853027,9.670000076293945,9.524999618530273,9.65999984741211,734024,0.0,0.0
2023-10-04 12:30:00-04:00,9.65999984741211,9.680000305175781,9.62030029296875,9.645000457763672,431184,0.0,0.0
2023-10-04 13:30:00-04:00,9.640000343322754,9.649999618530273,9.5649995803833,9.604999542236328,366189,0.0,0.0
2023-10-04 14:30:00-04:00,9.604999542236328,9.680000305175781,9.59000015258789,9.649999618530273,517070,0.0,0.0
2023-10-04 15:30:00-04:00,9.649999618530273,9.6899995803833,9.649999618530273,9.680000305175781,786885,0.0,0.0
2023-10-05 09:30:00-04:00,9.569999694824219,9.664999961853027,9.5,9.539999961853027,680075,0.0,0.0
2023-10-05 10:30:00-04:00,9.539999961853027,9.609999656677246,9.489999771118164,9.609999656677246,918156,0.0,0.0
2023-10-05 11:30:00-04:00,9.600000381469727,9.70989990234375,9.581600189208984,9.699999809265137,676558,0.0,0.0
2023-10-05 12:30:00-04:00,9.699999809265137,9.729999542236328,9.680000305175781,9.704999923706055,477810,0.0,0.0
2023-10-05 13:30:00-04:00,9.704999923706055,9.8100004196167,9.680000305175781,9.765000343322754,481576,0.0,0.0
2023-10-05 14:30:00-04:00,9.765000343322754,9.819999694824219,9.71500015258789,9.75,420763,0.0,0.0
2023-10-05 15:30:00-04:00,9.75,9.770000457763672,9.729999542236328,9.739999771118164,735424,0.0,0.0
2023-10-06 09:30:00-04:00,9.619999885559082,9.779999732971191,9.619999885559082,9.779999732971191,523616,0.0,0.0
2023-10-06 10:30:00-04:00,9.779999732971191,9.84000015258789,9.729999542236328,9.755000114440918,584854,0.0,0.0
2023-10-06 11:30:00-04:00,9.760000228881836,9.859999656677246,9.755000114440918,9.835000038146973,623771,0.0,0.0
2023-10-06 12:30:00-04:00,9.835000038146973,9.899999618530273,9.800000190734863,9.895000457763672,370928,0.0,0.0
2023-10-06 13:30:00-04:00,9.899999618530273,9.920000076293945,9.851499557495117,9.918800354003906,591993,0.0,0.0
2023-10-06 14:30:00-04:00,9.920000076293945,9.989999771118164,9.90999984741211,9.970000267028809,723728,0.0,0.0
2023-10-06 15:30:00-04:00,9.970000267028809,9.979999542236328,9.890000343322754,9.9399995803833,1298263,0.0,0.0
2023-10-09 09:30:00-04:00,9.800000190734863,9.949999809265137,9.725000381469727,9.824999809265137,647112,0.0,0.0
2023-10-09 10:30:00-04:00,9.829999923706055,9.84000015258789,9.71500015258789,9.760000228881836,391384,0.0,0.0
2023-10-09 11:30:00-04:00,9.767499923706055,9.859999656677246,9.720000267028809,9.779999732971191,445752,0.0,0.0
2023-10-09 12:30:00-04:00,9.779999732971191,9.8100004196167,9.760000228881836,9.8100004196167,282437,0.0,0.0
2023-10-09 13:30:00-04:00,9.805000305175781,9.899999618530273,9.805000305175781,9.880000114440918,480834,0.0,0.0
2023-10-09 14:30:00-04:00,9.880000114440918,9.960000038146973,9.864100456237793,9.930000305175781,567767,0.0,0.0
2023-10-09 15:30:00-04:00,9.925000190734863,9.930000305175781,9.859999656677246,9.8774995803833,605226,0.0,0.0
2023-10-10 09:30:00-04:00,9.859999656677246,10.180000305175781,9.859999656677246,10.145000457763672,1240888,0.0,0.0
2023-10-10 10:30:00-04:00,10.140000343322754,10.1899995803833,10.079999923706055,10.100000381469727,556847,0.0,0.0
2023-10-10 11:30:00-04:00,10.104999542236328,10.109999656677246,10.055000305175781,10.09000015258789,441464,0.0,0.0
2023-10-10 12:30:00-04:00,10.09000015258789,10.100000381469727,10.0,10.09000015258789,458616,0.0,0.0
2023-10-10 13:30:00-04:00,10.09000015258789,10.109999656677246,10.029999732971191,10.045000076293945,398893,0.0,0.0
2023-10-10 14:30:00-04:00,10.050000190734863,10.069999694824219,9.979999542236328,10.03499984741211,500732,0.0,0.0
2023-10-10 15:30:00-04:00,10.029999732971191,10.0600004196167,10.024999618530273,10.03499984741211,576264,0.0,0.0
2023-10-11 09:30:00-04:00,10.050000190734863,10.180000305175781,9.850000381469727,9.854999542236328,1109126,0.0,0.0
2023-10-11 10:30:00-04:00,9.854999542236328,9.949899673461914,9.770000457763672,9.829999923706055,836822,0.0,0.0
2023-10-11 11:30:00-04:00,9.829999923706055,9.84000015258789,9.699999809265137,9.725000381469727,750990,0.0,0.0
2023-10-11 12:30:00-04:00,9.725000381469727,9.8100004196167,9.720499992370605,9.755000114440918,588340,0.0,0.0
2023-10-11 13:30:00-04:00,9.758299827575684,9.758299827575684,9.680000305175781,9.71500015258789,680758,0.0,0.0
2023-10-11 14:30:00-04:00,9.71500015258789,9.75,9.6850004196167,9.744999885559082,655607,0.0,0.0
2023-10-11 15:30:00-04:00,9.739999771118164,9.75,9.704999923706055,9.729999542236328,886701,0.0,0.0
2023-10-12 09:30:00-04:00,9.739999771118164,9.770000457763672,9.510000228881836,9.53499984741211,1027965,0.0,0.0
2023-10-12 10:30:00-04:00,9.539999961853027,9.60990047454834,9.510000228881836,9.529999732971191,575780,0.0,0.0
2023-10-12 11:30:00-04:00,9.529999732971191,9.539999961853027,9.479999542236328,9.489999771118164,851084,0.0,0.0
2023-10-12 12:30:00-04:00,9.479999542236328,9.539999961853027,9.40999984741211,9.41819953918457,1152294,0.0,0.0
2023-10-12 13:30:00-04:00,9.40999984741211,9.429900169372559,9.329999923706055,9.390000343322754,1076744,0.0,0.0
2023-10-12 14:30:00-04:00,9.390000343322754,9.40999984741211,9.329999923706055,9.335000038146973,657863,0.0,0.0
2023-10-12 15:30:00-04:00,9.34000015258789,9.359999656677246,9.279999732971191,9.279999732971191,1292134,0.0,0.0
2023-10-13 09:30:00-04:00,9.300000190734863,9.364999771118164,9.210000038146973,9.289999961853027,920957,0.0,0.0
2023-10-13 10:30:00-04:00,9.289999961853027,9.319999694824219,9.170000076293945,9.199999809265137,891131,0.0,0.0
2023-10-13 11:30:00-04:00,9.1899995803833,9.244999885559082,9.170000076293945,9.234999656677246,486827,0.0,0.0
2023-10-13 12:30:00-04:00,9.229999542236328,9.239999771118164,9.170000076293945,9.182499885559082,669315,0.0,0.0
2023-10-13 13:30:00-04:00,9.1850004196167,9.225000381469727,9.149999618530273,9.15999984741211,540628,0.0,0.0
2023-10-13 14:30:00-04:00,9.164999961853027,9.196599960327148,9.119999885559082,9.157699584960938,617944,0.0,0.0
2023-10-13 15:30:00-04:00,9.15999984741211,9.180000305175781,9.125,9.130000114440918,827930,0.0,0.0
2023-10-16 09:30:00-04:00,9.15999984741211,9.345000267028809,9.140000343322754,9.319999694824219,955218,0.0,0.0
2023-10-16 10:30:00-04:00,9.329999923706055,9.350000381469727,9.229999542236328,9.234999656677246,495439,0.0,0.0
2023-10-16 11:30:00-04:00,9.239999771118164,9.270000457763672,9.1983003616333,9.270000457763672,368666,0.0,0.0
2023-10-16 12:30:00-04:00,9.270000457763672,9.350000381469727,9.260000228881836,9.317099571228027,506361,0.0,0.0
2023-10-16 13:30:00-04:00,9.3149995803833,9.385000228881836,9.302200317382812,9.324999809265137,507047,0.0,0.0
2023-10-16 14:30:00-04:00,9.324999809265137,9.345000267028809,9.295000076293945,9.345000267028809,323876,0.0,0.0
2023-10-16 15:30:00-04:00,9.350000381469727,9.350000381469727,9.300000190734863,9.319999694824219,455136,0.0,0.0
2023-10-17 09:30:00-04:00,9.220000267028809,9.579999923706055,9.220000267028809,9.519700050354004,1063461,0.0,0.0
2023-10-17 10:30:00-04:00,9.520000457763672,9.619999885559082,9.480199813842773,9.600099563598633,693169,0.0,0.0
2023-10-17 11:30:00-04:00,9.604999542236328,9.640000343322754,9.585000038146973,9.625,419226,0.0,0.0
2023-10-17 12:30:00-04:00,9.62720012664795,9.640000343322754,9.510000228881836,9.53499984741211,521335,0.0,0.0
2023-10-17 13:30:00-04:00,9.529999732971191,9.5600004196167,9.479999542236328,9.550000190734863,784028,0.0,0.0
2023-10-17 14:30:00-04:00,9.550000190734863,9.614999771118164,9.529999732971191,9.614999771118164,605616,0.0,0.0
2023-10-17 15:30:00-04:00,9.614999771118164,9.630000114440918,9.5600004196167,9.609999656677246,1039826,0.0,0.0
2023-10-18 09:30:00-04:00,9.5,9.5600004196167,9.34000015258789,9.359999656677246,832167,0.0,0.0
2023-10-18 10:30:00-04:00,9.359999656677246,9.375,9.220000267028809,9.244999885559082,538295,0.0,0.0
2023-10-18 11:30:00-04:00,9.239999771118164,9.255000114440918,9.180000305175781,9.234999656677246,625712,0.0,0.0
2023-10-18 12:30:00-04:00,9.229999542236328,9.25,9.149999618530273,9.225000381469727,491024,0.0,0.0
2023-10-18 13:30:00-04:00,9.225000381469727,9.225000381469727,9.154000282287598,9.199999809265137,655328,0.0,0.0
2023-10-18 14:30:00-04:00,9.194999694824219,9.220000267028809,9.149999618530273,9.164999961853027,514361,0.0,0.0
2023-10-18 15:30:00-04:00,9.170000076293945,9.220000267028809,9.154999732971191,9.210000038146973,915226,0.0,0.0
2023-10-19 09:30:00-04:00,9.239999771118164,9.239999771118164,9.100000381469727,9.104999542236328,627814,0.0,0.0
2023-10-19 10:30:00-04:00,9.100000381469727,9.15999984741211,9.050000190734863,9.0649995803833,702117,0.0,0.0
2023-10-19 11:30:00-04:00,9.069999694824219,9.170000076293945,9.0649995803833,9.149999618530273,529228,0.0,0.0
2023-10-19 12:30:00-04:00,9.149999618530273,9.170000076293945,9.0600004196167,9.140000343322754,583618,0.0,0.0
2023-10-19 13:30:00-04:00,9.128199577331543,9.129899978637695,9.039999961853027,9.0649995803833,498294,0.0,0.0
2023-10-19 14:30:00-04:00,9.0600004196167,9.0600004196167,8.970000267028809,8.975000381469727,987807,0.0,0.0
2023-10-19 15:30:00-04:00,8.979999542236328,9.048199653625488,8.960000038146973,8.96500015258789,859426,0.0,0.0
2023-10-20 09:30:00-04:00,8.949999809265137,9.057100296020508,8.890000343322754,8.96500015258789,757490,0.0,0.0
2023-10-20 10:30:00-04:00,8.96500015258789,9.036800384521484,8.920000076293945,8.979999542236328,536276,0.0,0.0
2023-10-20 11:30:00-04:00,8.970000267028809,9.059900283813477,8.950900077819824,9.045000076293945,448805,0.0,0.0
2023-10-20 12:30:00-04:00,9.050000190734863,9.220000267028809,9.045000076293945,9.1899995803833,702844,0.0,0.0
2023-10-20 13:30:00-04:00,9.199999809265137,9.229999542236328,9.119999885559082,9.149700164794922,601058,0.0,0.0
2023-10-20 14:30:00-04:00,9.140000343322754,9.180000305175781,9.09000015258789,9.109999656677246,531346,0.0,0.0
2023-10-20 15:30:00-04:00,9.119999885559082,9.15999984741211,9.109999656677246,9.130000114440918,957360,0.0,0.0
2023-10-23 09:30:00-04:00,9.100000381469727,9.210000038146973,8.973099708557129,9.199999809265137,963936,0.0,0.0
2023-10-23 10:30:00-04:00,9.199999809265137,9.260000228881836,9.140000343322754,9.204999923706055,640335,0.0,0.0
2023-10-23 11:30:00-04:00,9.210000038146973,9.260000228881836,9.1899995803833,9.25,391574,0.0,0.0
2023-10-23 12:30:00-04:00,9.255000114440918,9.390000343322754,9.250100135803223,9.289999961853027,755967,0.0,0.0
2023-10-23 13:30:00-04:00,9.289999961853027,9.350000381469727,9.239999771118164,9.270000457763672,416205,0.0,0.0
2023-10-23 14:30:00-04:00,9.270000457763672,9.28499984741211,9.15999984741211,9.170000076293945,666980,0.0,0.0
2023-10-23 15:30:00-04:00,9.170000076293945,9.1899995803833,9.140000343322754,9.15999984741211,814932,0.0,0.0
2023-10-24 09:30:00-04:00,9.34000015258789,9.595000267028809,9.335000038146973,9.5649995803833,1665709,0.0,0.0
2023-10-24 10:30:00-04:00,9.5649995803833,9.59000015258789,9.359999656677246,9.359999656677246,1103361,0.0,0.0
2023-10-24 11:30:00-04:00,9.359999656677246,9.420000076293945,9.289999961853027,9.311200141906738,655306,0.0,0.0
2023-10-24 12:30:00-04:00,9.3100004196167,9.350000381469727,9.249799728393555,9.319999694824219,483940,0.0,0.0
2023-10-24 13:30:00-04:00,9.3149995803833,9.329999923706055,9.289999961853027,9.319999694824219,277700,0.0,0.0
2023-10-24 14:30:00-04:00,9.319999694824219,9.350000381469727,9.3149995803833,9.334699630737305,405071,0.0,0.0
2023-10-24 15:30:00-04:00,9.335000038146973,9.345000267028809,9.3100004196167,9.329999923706055,509713,0.0,0.0
2023-10-25 09:30:00-04:00,9.210000038146973,9.289999961853027,9.095000267028809,9.104999542236328,916917,0.0,0.0
2023-10-25 10:30:00-04:00,9.104999542236328,9.179900169372559,9.104999542236328,9.154999732971191,385756,0.0,0.0
2023-10-25 11:30:00-04:00,9.154999732971191,9.199999809265137,9.119999885559082,9.15999984741211,898443,0.0,0.0
2023-10-25 12:30:00-04:00,9.15999984741211,9.1899995803833,9.079999923706055,9.114999771118164,618999,0.0,0.0
2023-10-25 13:30:00-04:00,9.109999656677246,9.119999885559082,9.050000190734863,9.0600004196167,477461,0.0,0.0
2023-10-25 14:30:00-04:00,9.0600004196167,9.074999809265137,9.020000457763672,9.029999732971191,657522,0.0,0.0
2023-10-25 15:30:00-04:00,9.03499984741211,9.079999923706055,9.010000228881836,9.020000457763672,799365,0.0,0.0
2023-10-26 09:30:00-04:00,9.069999694824219,9.199999809265137,9.010000228881836,9.189800262451172,720866,0.0,0.0
2023-10-26 10:30:00-04:00,9.18589973449707,9.225000381469727,9.050000190734863,9.055000305175781,715291,0.0,0.0
2023-10-26 11:30:00-04:00,9.050000190734863,9.125,9.015000343322754,9.045000076293945,429574,0.0,0.0
2023-10-26 12:30:00-04:00,9.039999961853027,9.039999961853027,8.9399995803833,8.979999542236328,603134,0.0,0.0
2023-10-26 13:30:00-04:00,8.979999542236328,9.15999984741211,8.970000267028809,9.154999732971191,593789,0.0,0.0
2023-10-26 14:30:00-04:00,9.154999732971191,9.229999542236328,9.149999618530273,9.170000076293945,551183,0.0,0.0
2023-10-26 15:30:00-04:00,9.170000076293945,9.170000076293945,9.100000381469727,9.100000381469727,545595,0.0,0.0
2023-10-27 09:30:00-04:00,9.199999809265137,9.199999809265137,8.975000381469727,9.010000228881836,937618,0.0,0.0
2023-10-27 10:30:00-04:00,9.010000228881836,9.100000381469727,8.989999771118164,9.074999809265137,401411,0.0,0.0
2023-10-27 11:30:00-04:00,9.069999694824219,9.079999923706055,8.970000267028809,9.0,369834,0.0,0.0
2023-10-27 12:30:00-04:00,9.0,9.0,8.914999961853027,8.949999809265137,576540,0.0,0.0
2023-10-27 13:30:00-04:00,8.949999809265137,8.984999656677246,8.90999984741211,8.920000076293945,338620,0.0,0.0
2023-10-27 14:30:00-04:00,8.920000076293945,8.969900131225586,8.90999984741211,8.944999694824219,526290,0.0,0.0
2023-10-27 15:30:00-04:00,8.944999694824219,8.956000328063965,8.890000343322754,8.899999618530273,904782,0.0,0.0
2023-10-30 09:30:00-04:00,9.0,9.098999977111816,8.930000305175781,8.944999694824219,704481,0.0,0.0
2023-10-30 10:30:00-04:00,8.944999694824219,9.015000343322754,8.904999732971191,8.987000465393066,350649,0.0,0.0
2023-10-30 11:30:00-04:00,8.989999771118164,9.020000457763672,8.949999809265137,9.005000114440918,279480,0.0,0.0
2023-10-30 12:30:00-04:00,9.005000114440918,9.015000343322754,8.920000076293945,8.979999542236328,262501,0.0,0.0
2023-10-30 13:30:00-04:00,8.979999542236328,9.050000190734863,8.952400207519531,9.03499984741211,400605,0.0,0.0
2023-10-30 14:30:00-04:00,9.039999961853027,9.140000343322754,9.039999961853027,9.140000343322754,686313,0.0,0.0
2023-10-30 15:30:00-04:00,9.140000343322754,9.140000343322754,9.069999694824219,9.079999923706055,750935,0.0,0.0
2023-10-31 09:30:00-04:00,9.119999885559082,9.15999984741211,9.050000190734863,9.114999771118164,552275,0.0,0.0
2023-10-31 10:30:00-04:00,9.114999771118164,9.130000114440918,9.045000076293945,9.074999809265137,488217,0.0,0.0
2023-10-31 11:30:00-04:00,9.070099830627441,9.149999618530273,9.0600004196167,9.114999771118164,286347,0.0,0.0
2023-10-31 12:30:00-04:00,9.119999885559082,9.140000343322754,9.09000015258789,9.125,266900,0.0,0.0
2023-10-31 13:30:00-04:00,9.130000114440918,9.140000343322754,9.074999809265137,9.079999923706055,393390,0.0,0.0
2023-10-31 14:30:00-04:00,9.069999694824219,9.149999618530273,9.069999694824219,9.114999771118164,471547,0.0,0.0
2023-10-31 15:30:00-04:00,9.114999771118164,9.140000343322754,9.100000381469727,9.139900207519531,672461,0.0,0.0
2023-11-01 09:30:00-04:00,9.170000076293945,9.229999542236328,9.0,9.125,752064,0.0,0.0
2023-11-01 10:30:00-04:00,9.125,9.135000228881836,9.024999618530273,9.038999557495117,445734,0.0,0.0
2023-11-01 11:30:00-04:00,9.039999961853027,9.085000038146973,9.010000228881836,9.010000228881836,580076,0.0,0.0
2023-11-01 12:30:00-04:00,9.015000343322754,9.024999618530273,8.9399995803833,8.949999809265137,429560,0.0,0.0
2023-11-01 13:30:00-04:00,8.949999809265137,9.0,8.939900398254395,8.961199760437012,267372,0.0,0.0
2023-11-01 14:30:00-04:00,8.970000267028809,9.055000305175781,8.920000076293945,9.03499984741211,666154,0.0,0.0
2023-11-01 15:30:00-04:00,9.03499984741211,9.095000267028809,9.03499984741211,9.09000015258789,622800,0.0,0.0
2023-11-02 09:30:00-04:00,9.1899995803833,9.420000076293945,9.1899995803833,9.289999961853027,2181711,0.0,0.0
2023-11-02 10:30:00-04:00,9.289999961853027,9.454999923706055,9.229999542236328,9.444999694824219,1145756,0.0,0.0
2023-11-02 11:30:00-04:00,9.444999694824219,9.494999885559082,9.395000457763672,9.420000076293945,934737,0.0,0.0
2023-11-02 12:30:00-04:00,9.414999961853027,9.449999809265137,9.369999885559082,9.404999732971191,436556,0.0,0.0
2023-11-02 13:30:00-04:00,9.404999732971191,9.489999771118164,9.404999732971191,9.470000267028809,755934,0.0,0.0
2023-11-02 14:30:00-04:00,9.46500015258789,9.505000114440918,9.441900253295898,9.479999542236328,768380,0.0,0.0
2023-11-02 15:30:00-04:00,9.479999542236328,9.5,9.449999809265137,9.479999542236328,1092572,0.0,0.0
2023-11-03 09:30:00-04:00,9.65999984741211,9.729999542236328,9.5600004196167,9.619999885559082,2325725,0.0,0.0
2023-11-03 10:30:00-04:00,9.619999885559082,9.739999771118164,9.593400001525879,9.649999618530273,1487448,0.0,0.0
2023-11-03 11:30:00-04:00,9.649999618530273,9.734999656677246,9.630000114440918,9.71500015258789,1077727,0.0,0.0
2023-11-03 12:30:00-04:00,9.720000267028809,9.760000228881836,9.699899673461914,9.725000381469727,624793,0.0,0.0
2023-11-03 13:30:00-04:00,9.729999542236328,9.776000022888184,9.680000305175781,9.765000343322754,879747,0.0,0.0
2023-11-03 14:30:00-04:00,9.765800476074219,9.789999961853027,9.720000267028809,9.733499526977539,683693,0.0,0.0
2023-11-03 15:30:00-04:00,9.739999771118164,9.739999771118164,9.65999984741211,9.6899995803833,1100475,0.0,0.0
2023-11-06 09:30:00-05:00,9.779999732971191,9.819999694824219,9.600000381469727,9.640000343322754,986390,0.0,0.0
2023-11-06 10:30:00-05:00,9.645000457763672,9.720000267028809,9.625,9.645000457763672,434613,0.0,0.0
2023-11-06 11:30:00-05:00,9.640000343322754,9.6850004196167,9.619999885559082,9.635000228881836,659459,0.0,0.0
2023-11-06 12:30:00-05:00,9.630000114440918,9.649999618530273,9.53499984741211,9.5649995803833,476251,0.0,0.0
2023-11-06 13:30:00-05:00,9.5649995803833,9.569999694824219,9.520000457763672,9.545000076293945,353891,0.0,0.0
2023-11-06 14:30:00-05:00,9.545000076293945,9.600000381469727,9.529999732971191,9.529999732971191,539518,0.0,0.0
2023-11-06 15:30:00-05:00,9.529999732971191,9.609999656677246,9.524999618530273,9.600000381469727,989829,0.0,0.0
2023-11-07 09:30:00-05:00,9.609999656677246,9.760000228881836,9.59000015258789,9.734999656677246,1526585,0.0,0.0
2023-11-07 10:30:00-05:00,9.734999656677246,9.84000015258789,9.720000267028809,9.8100004196167,925347,0.0,0.0
2023-11-07 11:30:00-05:00,9.805000305175781,9.850000381469727,9.729999542236328,9.744999885559082,814459,0.0,0.0
2023-11-07 12:30:00-05:00,9.744999885559082,9.760000228881836,9.6899995803833,9.694999694824219,731465,0.0,0.0
2023-11-07 13:30:00-05:00,9.6899995803833,9.720000267028809,9.680000305175781,9.704999923706055,914288,0.0,0.0
2023-11-07 14:30:00-05:00,9.699999809265137,9.729999542236328,9.680000305175781,9.725000381469727,1622562,0.0,0.0
2023-11-07 15:30:00-05:00,9.725000381469727,9.819999694824219,9.720000267028809,9.779999732971191,3336023,0.0,0.0
2023-11-08 09:30:00-05:00,8.78499984741211,8.899999618530273,8.420000076293945,8.468999862670898,9373233,0.0,0.0
2023-11-08 10:30:00-05:00,8.468799591064453,8.468799591064453,8.279999732971191,8.324999809265137,4970815,0.0,0.0
2023-11-08 11:30:00-05:00,8.324999809265137,8.479999542236328,8.300000190734863,8.429100036621094,2868320,0.0,0.0
2023-11-08 12:30:00-05:00,8.420000076293945,8.46500015258789,8.350000381469727,8.380000114440918,2043076,0.0,0.0
2023-11-08 13:30:00-05:00,8.375,8.395000457763672,8.3100004196167,8.337900161743164,2012673,0.0,0.0
2023-11-08 14:30:00-05:00,8.338500022888184,8.359999656677246,8.3100004196167,8.354999542236328,2458458,0.0,0.0
2023-11-08 15:30:00-05:00,8.354999542236328,8.369999885559082,8.350000381469727,8.36989974975586,2281690,0.0,0.0
2023-11-09 09:30:00-05:00,8.539999961853027,8.619999885559082,8.34000015258789,8.385000228881836,3447611,0.0,0.0
2023-11-09 10:30:00-05:00,8.385000228881836,8.447799682617188,8.329999923706055,8.34850025177002,1616664,0.0,0.0
2023-11-09 11:30:00-05:00,8.345000267028809,8.350000381469727,8.220000267028809,8.221799850463867,1600803,0.0,0.0
2023-11-09 12:30:00-05:00,8.229999542236328,8.270000457763672,8.104999542236328,8.131799697875977,1967384,0.0,0.0
2023-11-09 13:30:00-05:00,8.130000114440918,8.148799896240234,8.0,8.020000457763672,2063378,0.0,0.0
2023-11-09 14:30:00-05:00,8.020000457763672,8.085000038146973,8.003199577331543,8.015000343322754,1923543,0.0,0.0
2023-11-09 15:30:00-05:00,8.015000343322754,8.020000457763672,7.920000076293945,7.929999828338623,2349759,0.0,0.0
2023-11-10 09:30:00-05:00,8.0,8.279999732971191,7.989999771118164,8.147500038146973,2872159,0.0,0.0
2023-11-10 10:30:00-05:00,8.145000457763672,8.1899995803833,8.0600004196167,8.154999732971191,1222740,0.0,0.0
2023-11-10 11:30:00-05:00,8.149999618530273,8.21500015258789,8.119999885559082,8.1850004196167,1310594,0.0,0.0
2023-11-10 12:30:00-05:00,8.1899995803833,8.28499984741211,8.170000076293945,8.26609992980957,1252571,0.0,0.0
2023-11-10 13:30:00-05:00,8.268799781799316,8.300000190734863,8.251099586486816,8.295000076293945,729736,0.0,0.0
2023-11-10 14:30:00-05:00,8.295000076293945,8.300000190734863,8.1899995803833,8.229999542236328,898105,0.0,0.0
2023-11-10 15:30:00-05:00,8.229999542236328,8.274999618530273,8.1899995803833,8.229999542236328,1627243,0.0,0.0
2023-11-13 09:30:00-05:00,8.15999984741211,8.25,8.129799842834473,8.229999542236328,1562013,0.0,0.0
2023-11-13 10:30:00-05:00,8.239999771118164,8.350000381469727,8.2121000289917,8.350000381469727,785121,0.0,0.0
2023-11-13 11:30:00-05:00,8.34589958190918,8.40999984741211,8.329999923706055,8.385000228881836,915612,0.0,0.0
2023-11-13 12:30:00-05:00,8.38029956817627,8.390000343322754,8.329999923706055,8.359999656677246,620433,0.0,0.0
2023-11-13 13:30:00-05:00,8.359999656677246,8.404999732971191,8.350000381469727,8.395000457763672,951952,0.0,0.0
2023-11-13 14:30:00-05:00,8.390000343322754,8.407500267028809,8.319999694824219,8.319999694824219,927497,0.0,0.0
2023-11-13 15:30:00-05:00,8.324999809265137,8.350000381469727,8.289999961853027,8.3149995803833,1349777,0.0,0.0
2023-11-14 09:30:00-05:00,8.550000190734863,8.649999618530273,8.449999809265137,8.475000381469727,3289231,0.0,0.0
2023-11-14 10:30:00-05:00,8.475000381469727,8.649999618530273,8.470000267028809,8.647500038146973,1518748,0.0,0.0
2023-11-14 11:30:00-05:00,8.647500038146973,8.710000038146973,8.569999694824219,8.585000038146973,1163726,0.0,0.0
2023-11-14 12:30:00-05:00,8.585000038146973,8.630000114440918,8.550000190734863,8.574999809265137,726814,0.0,0.0
2023-11-14 13:30:00-05:00,8.569999694824219,8.578900337219238,8.5,8.515000343322754,947944,0.0,0.0
2023-11-14 14:30:00-05:00,8.515000343322754,8.539999961853027,8.5,8.53499984741211,1109145,0.0,0.0
2023-11-14 15:30:00-05:00,8.53499984741211,8.539999961853027,8.479999542236328,8.489999771118164,1229555,0.0,0.0
2023-11-15 09:30:00-05:00,8.569999694824219,8.600000381469727,8.460000038146973,8.569999694824219,2111639,0.0,0.0
2023-11-15 10:30:00-05:00,8.579899787902832,8.609999656677246,8.494999885559082,8.520000457763672,1480843,0.0,0.0
2023-11-15 11:30:00-05:00,8.529999732971191,8.529999732971191,8.359999656677246,8.430000305175781,1950566,0.0,0.0
2023-11-15 12:30:00-05:00,8.425000190734863,8.430000305175781,8.34000015258789,8.364999771118164,1315285,0.0,0.0
2023-11-15 13:30:00-05:00,8.364999771118164,8.40999984741211,8.359999656677246,8.385000228881836,917633,0.0,0.0
2023-11-15 14:30:00-05:00,8.380000114440918,8.40999984741211,8.359999656677246,8.36299991607666,793164,0.0,0.0
2023-11-15 15:30:00-05:00,8.359999656677246,8.369999885559082,8.3100004196167,8.322500228881836,1339547,0.0,0.0
2023-11-16 09:30:00-05:00,8.229999542236328,8.25,7.96999979019165,8.029999732971191,3560583,0.0,0.0
2023-11-16 10:30:00-05:00,8.03499984741211,8.0600004196167,7.925000190734863,7.949999809265137,2718704,0.0,0.0
2023-11-16 11:30:00-05:00,7.949999809265137,7.994999885559082,7.909999847412109,7.985000133514404,1481077,0.0,0.0
2023-11-16 12:30:00-05:00,7.985000133514404,8.039999961853027,7.980000019073486,8.023099899291992,1113021,0.0,0.0
2023-11-16 13:30:00-05:00,8.024200439453125,8.039999961853027,7.960000038146973,7.985000133514404,911791,0.0,0.0
2023-11-16 14:30:00-05:00,7.985000133514404,8.020000457763672,7.980000019073486,8.020000457763672,1119329,0.0,0.0
2023-11-16 15:30:00-05:00,8.015000343322754,8.020000457763672,7.940000057220459,7.940000057220459,1944279,0.0,0.0
2023-11-17 09:30:00-05:00,7.980000019073486,8.020000457763672,7.925000190734863,8.0,1880810,0.0,0.0
2023-11-17 10:30:00-05:00,8.010000228881836,8.01990032196045,7.925000190734863,7.929999828338623,1057475,0.0,0.0
2023-11-17 11:30:00-05:00,7.93209981918335,8.010000228881836,7.929999828338623,7.985000133514404,748277,0.0,0.0
2023-11-17 12:30:00-05:00,7.985000133514404,8.020000457763672,7.980000019073486,7.994999885559082,660376,0.0,0.0
2023-11-17 13:30:00-05:00,7.994999885559082,8.079999923706055,7.989999771118164,8.069999694824219,1008788,0.0,0.0
2023-11-17 14:30:00-05:00,8.066399574279785,8.135000228881836,8.050000190734863,8.119999885559082,1059311,0.0,0.0
2023-11-17 15:30:00-05:00,8.114999771118164,8.119999885559082,8.029999732971191,8.100000381469727,1658761,0.0,0.0
2023-11-20 09:30:00-05:00,8.100000381469727,8.25,7.985000133514404,8.210000038146973,2216852,0.0,0.0
2023-11-20 10:30:00-05:00,8.203200340270996,8.270000457763672,8.149999618530273,8.1850004196167,1090276,0.0,0.0
2023-11-20 11:30:00-05:00,8.1899995803833,8.225000381469727,8.170000076293945,8.199999809265137,619353,0.0,0.0
2023-11-20 12:30:00-05:00,8.199999809265137,8.255000114440918,8.199999809265137,8.244999885559082,635655,0.0,0.0
2023-11-20 13:30:00-05:00,8.244999885559082,8.265000343322754,8.180000305175781,8.180000305175781,998102,0.0,0.0
2023-11-20 14:30:00-05:00,8.180000305175781,8.21500015258789,8.15999984741211,8.164999961853027,605632,0.0,0.0
2023-11-20 15:30:00-05:00,8.170000076293945,8.175000190734863,8.119999885559082,8.140000343322754,1229105,0.0,0.0
2023-11-21 09:30:00-05:00,8.0600004196167,8.130000114440918,7.960000038146973,7.965099811553955,2012325,0.0,0.0
2023-11-21 10:30:00-05:00,7.965000152587891,8.066200256347656,7.960000038146973,8.046099662780762,1137823,0.0,0.0
2023-11-21 11:30:00-05:00,8.039999961853027,8.0600004196167,8.015000343322754,8.024999618530273,720376,0.0,0.0
2023-11-21 12:30:00-05:00,8.025799751281738,8.0600004196167,7.960000038146973,8.005000114440918,1009354,0.0,0.0
2023-11-21 13:30:00-05:00,8.0,8.020000457763672,7.96999979019165,8.0,612476,0.0,0.0
2023-11-21 14:30:00-05:00,7.994999885559082,8.020000457763672,7.980000019073486,8.005000114440918,706455,0.0,0.0
2023-11-21 15:30:00-05:00,8.005000114440918,8.005000114440918,7.96999979019165,7.974999904632568,1093948,0.0,0.0
2023-11-22 09:30:00-05:00,8.029999732971191,8.079999923706055,7.980000019073486,8.031000137329102,1594914,0.0,0.0
2023-11-22 10:30:00-05:00,8.03499984741211,8.055000305175781,8.010000228881836,8.03320026397705,739511,0.0,0.0
2023-11-22 11:30:00-05:00,8.03499984741211,8.100000381469727,8.03499984741211,8.074999809265137,648678,0.0,0.0
2023-11-22 12:30:00-05:00,8.074999809265137,8.125,8.069999694824219,8.125,754656,0.0,0.0
2023-11-22 13:30:00-05:00,8.125,8.210000038146973,8.069999694824219,8.1899995803833,1546062,0.0,0.0
2023-11-22 14:30:00-05:00,8.1899995803833,8.255000114440918,8.175000190734863,8.25,1298444,0.0,0.0
2023-11-22 15:30:00-05:00,8.25,8.25,8.199999809265137,8.21500015258789,1353079,0.0,0.0
2023-11-24 09:30:00-05:00,8.199999809265137,8.25,8.130000114440918,8.244999885559082,842430,0.0,0.0
2023-11-24 10:30:00-05:00,8.244999885559082,8.300000190734863,8.210000038146973,8.265000343322754,613407,0.0,0.0
2023-11-24 11:30:00-05:00,8.265000343322754,8.289999961853027,8.230299949645996,8.274999618530273,865535,0.0,0.0
2023-11-27 09:30:00-05:00,8.279999732971191,8.399999618530273,8.210000038146973,8.350000381469727,1486579,0.0,0.0
2023-11-27 10:30:00-05:00,8.354999542236328,8.4399995803833,8.345000267028809,8.404999732971191,1063186,0.0,0.0
2023-11-27 11:30:00-05:00,8.404999732971191,8.4399995803833,8.385000228881836,8.40999984741211,787236,0.0,0.0
2023-11-27 12:30:00-05:00,8.404999732971191,8.460000038146973,8.400099754333496,8.414999961853027,662579,0.0,0.0
2023-11-27 13:30:00-05:00,8.414999961853027,8.430000305175781,8.380000114440918,8.425000190734863,610170,0.0,0.0
2023-11-27 14:30:00-05:00,8.428799629211426,8.430000305175781,8.394599914550781,8.430000305175781,676545,0.0,0.0
2023-11-27 15:30:00-05:00,8.430000305175781,8.4399995803833,8.390000343322754,8.407500267028809,1191299,0.0,0.0
2023-11-28 09:30:00-05:00,8.380000114440918,8.470000267028809,8.345000267028809,8.369999885559082,1177382,0.0,0.0
2023-11-28 10:30:00-05:00,8.369999885559082,8.460000038146973,8.350000381469727,8.449999809265137,964535,0.0,0.0
2023-11-28 11:30:00-05:00,8.449999809265137,8.569999694824219,8.449999809265137,8.555000305175781,1153000,0.0,0.0
2023-11-28 12:30:00-05:00,8.559700012207031,8.614999771118164,8.510000228881836,8.558699607849121,1826417,0.0,0.0
2023-11-28 13:30:00-05:00,8.555000305175781,8.609999656677246,8.545000076293945,8.585000038146973,1026378,0.0,0.0
2023-11-28 14:30:00-05:00,8.580100059509277,8.609999656677246,8.555000305175781,8.5600004196167,1049316,0.0,0.0
2023-11-28 15:30:00-05:00,8.56980037689209,8.649999618530273,8.5600004196167,8.640000343322754,1739146,0.0,0.0
2023-11-29 09:30:00-05:00,8.84000015258789,9.180000305175781,8.770000457763672,9.005000114440918,5633055,0.0,0.0
2023-11-29 10:30:00-05:00,9.010000228881836,9.039899826049805,8.90999984741211,8.914999961853027,1519757,0.0,0.0
2023-11-29 11:30:00-05:00,8.920000076293945,9.0600004196167,8.90999984741211,9.020299911499023,1245765,0.0,0.0
2023-11-29 12:30:00-05:00,9.024999618530273,9.039999961853027,8.989999771118164,9.020000457763672,838240,0.0,0.0
2023-11-29 13:30:00-05:00,9.010000228881836,9.024999618530273,8.984999656677246,9.005000114440918,642648,0.0,0.0
2023-11-29 14:30:00-05:00,9.0,9.010000228881836,8.850000381469727,8.864999771118164,1346902,0.0,0.0
2023-11-29 15:30:00-05:00,8.869999885559082,8.9399995803833,8.859999656677246,8.914999961853027,1994918,0.0,0.0
2023-11-30 09:30:00-05:00,9.1899995803833,9.199999809265137,8.90999984741211,9.04699993133545,3372713,0.0,0.0
2023-11-30 10:30:00-05:00,9.045000076293945,9.045000076293945,8.84000015258789,8.850000381469727,3003988,0.0,0.0
2023-11-30 11:30:00-05:00,8.850000381469727,8.869999885559082,8.78499984741211,8.8149995803833,818474,0.0,0.0
2023-11-30 12:30:00-05:00,8.810099601745605,8.869999885559082,8.800000190734863,8.849699974060059,501470,0.0,0.0
2023-11-30 13:30:00-05:00,8.845000267028809,8.869999885559082,8.770000457763672,8.774999618530273,822887,0.0,0.0
2023-11-30 14:30:00-05:00,8.770000457763672,8.789999961853027,8.71500015258789,8.729999542236328,1084352,0.0,0.0
2023-11-30 15:30:00-05:00,8.730999946594238,8.84000015258789,8.6899995803833,8.779999732971191,2312807,0.0,0.0
2023-12-01 09:30:00-05:00,8.819999694824219,9.169300079345703,8.819999694824219,9.079999923706055,2784785,0.0,0.0
2023-12-01 10:30:00-05:00,9.069999694824219,9.168499946594238,9.0600004196167,9.15999984741211,1616151,0.0,0.0
2023-12-01 11:30:00-05:00,9.159000396728516,9.3100004196167,9.109999656677246,9.255000114440918,2606488,0.0,0.0
2023-12-01 12:30:00-05:00,9.257200241088867,9.3100004196167,9.164400100708008,9.164400100708008,1613828,0.0,0.0
2023-12-01 13:30:00-05:00,9.15999984741211,9.329999923706055,9.149999618530273,9.324999809265137,1828474,0.0,0.0
2023-12-01 14:30:00-05:00,9.324999809265137,9.37969970703125,9.3100004196167,9.345000267028809,2377185,0.0,0.0
2023-12-01 15:30:00-05:00,9.345000267028809,9.390000343322754,9.300000190734863,9.329999923706055,2849192,0.0,0.0
2023-12-04 09:30:00-05:00,9.460000038146973,9.734999656677246,9.390000343322754,9.419899940490723,6840689,0.0,0.0
2023-12-04 10:30:00-05:00,9.414999961853027,9.489999771118164,9.329999923706055,9.470000267028809,2812664,0.0,0.0
2023-12-04 11:30:00-05:00,9.470000267028809,9.600000381469727,9.4399995803833,9.595000267028809,1921774,0.0,0.0
2023-12-04 12:30:00-05:00,9.598799705505371,9.65999984741211,9.520099639892578,9.524999618530273,1975752,0.0,0.0
2023-12-04 13:30:00-05:00,9.520000457763672,9.550000190734863,9.449999809265137,9.510000228881836,1206659,0.0,0.0
2023-12-04 14:30:00-05:00,9.515000343322754,9.5600004196167,9.494999885559082,9.524999618530273,969056,0.0,0.0
2023-12-04 15:30:00-05:00,9.524999618530273,9.569999694824219,9.510000228881836,9.5600004196167,1263431,0.0,0.0
2023-12-05 09:30:00-05:00,9.789999961853027,10.25,9.65999984741211,10.241100311279297,10852387,0.0,0.0
2023-12-05 10:30:00-05:00,10.24120044708252,10.350000381469727,10.100000381469727,10.229999542236328,5793522,0.0,0.0
2023-12-05 11:30:00-05:00,10.220000267028809,10.399999618530273,10.1899995803833,10.395000457763672,3954496,0.0,0.0
2023-12-05 12:30:00-05:00,10.399900436401367,10.449999809265137,10.0600004196167,10.109800338745117,4241199,0.0,0.0
2023-12-05 13:30:00-05:00,10.100000381469727,10.32919979095459,10.100000381469727,10.319999694824219,2336911,0.0,0.0
2023-12-05 14:30:00-05:00,10.324999809265137,10.5,10.300000190734863,10.449999809265137,4139102,0.0,0.0
2023-12-05 15:30:00-05:00,10.45009994506836,10.638500213623047,10.4399995803833,10.520000457763672,4900414,0.0,0.0
2023-12-06 09:30:00-05:00,10.880000114440918,11.300000190734863,10.729999542236328,11.239999771118164,15599237,0.0,0.0
2023-12-06 10:30:00-05:00,11.239999771118164,11.520000457763672,11.050000190734863,11.470100402832031,11155044,0.0,0.0
2023-12-06 11:30:00-05:00,11.470000267028809,11.649900436401367,11.300000190734863,11.449999809265137,5195009,0.0,0.0
2023-12-06 12:30:00-05:00,11.454999923706055,11.555000305175781,11.180000305175781,11.279999732971191,4533968,0.0,0.0
2023-12-06 13:30:00-05:00,11.27970027923584,11.399999618530273,11.199999809265137,11.239999771118164,3878606,0.0,0.0
2023-12-06 14:30:00-05:00,11.249899864196777,11.34000015258789,11.130000114440918,11.135000228881836,3961851,0.0,0.0
2023-12-06 15:30:00-05:00,11.135000228881836,11.289999961853027,11.130000114440918,11.279999732971191,5234474,0.0,0.0
2023-12-07 09:30:00-05:00,11.069999694824219,11.4399995803833,10.8100004196167,11.335000038146973,5974171,0.0,0.0
2023-12-07 10:30:00-05:00,11.330300331115723,11.390000343322754,11.130000114440918,11.295000076293945,3469576,0.0,0.0
2023-12-07 11:30:00-05:00,11.300000190734863,11.430000305175781,11.25,11.420100212097168,1991056,0.0,0.0
2023-12-07 12:30:00-05:00,11.425000190734863,11.699999809265137,11.369999885559082,11.664999961853027,4805040,0.0,0.0
2023-12-07 13:30:00-05:00,11.65999984741211,11.675000190734863,11.414999961853027,11.489999771118164,2438115,0.0,0.0
2023-12-07 14:30:00-05:00,11.489999771118164,11.65999984741211,11.481499671936035,11.585000038146973,2955464,0.0,0.0
2023-12-07 15:30:00-05:00,11.58899974822998,11.604999542236328,11.460000038146973,11.5,3209170,0.0,0.0
2023-12-08 09:30:00-05:00,11.229999542236328,11.680299758911133,11.020000457763672,11.670000076293945,6699796,0.0,0.0
2023-12-08 10:30:00-05:00,11.670000076293945,11.6899995803833,11.4399995803833,11.462200164794922,4051255,0.0,0.0
2023-12-08 11:30:00-05:00,11.467000007629395,11.529999732971191,11.329999923706055,11.449999809265137,2591797,0.0,0.0
2023-12-08 12:30:00-05:00,11.449999809265137,11.574999809265137,11.420000076293945,11.5649995803833,2086060,0.0,0.0
2023-12-08 13:30:00-05:00,11.5600004196167,11.649999618530273,11.53499984741211,11.63949966430664,2152179,0.0,0.0
2023-12-08 14:30:00-05:00,11.636899948120117,11.6899995803833,11.609999656677246,11.687899589538574,2008658,0.0,0.0
2023-12-08 15:30:00-05:00,11.680000305175781,11.739999771118164,11.660099983215332,11.739999771118164,2650782,0.0,0.0
2023-12-11 09:30:00-05:00,11.550000190734863,11.670000076293945,11.354999542236328,11.555000305175781,4220290,0.0,0.0
2023-12-11 10:30:00-05:00,11.550000190734863,11.635000228881836,11.324999809265137,11.438899993896484,2944087,0.0,0.0
2023-12-11 11:30:00-05:00,11.4350004196167,11.559499740600586,11.410099983215332,11.510000228881836,1656122,0.0,0.0
2023-12-11 12:30:00-05:00,11.505000114440918,11.789999961853027,11.479999542236328,11.619999885559082,2823836,0.0,0.0
2023-12-11 13:30:00-05:00,11.611499786376953,11.65999984741211,11.5600004196167,11.574999809265137,1435486,0.0,0.0
2023-12-11 14:30:00-05:00,11.579999923706055,11.770000457763672,11.570300102233887,11.59000015258789,2379679,0.0,0.0
2023-12-11 15:30:00-05:00,11.598699569702148,11.729999542236328,11.585000038146973,11.71500015258789,2089693,0.0,0.0
2023-12-12 09:30:00-05:00,11.770000457763672,11.899999618530273,11.539999961853027,11.712499618530273,3465914,0.0,0.0
2023-12-12 10:30:00-05:00,11.720000267028809,11.789999961853027,11.649999618530273,11.6899995803833,1911257,0.0,0.0
2023-12-12 11:30:00-05:00,11.6850004196167,11.8100004196167,11.682999610900879,11.71969985961914,1525526,0.0,0.0
2023-12-12 12:30:00-05:00,11.712499618530273,11.739999771118164,11.55459976196289,11.642499923706055,1865552,0.0,0.0
2023-12-12 13:30:00-05:00,11.645000457763672,11.739999771118164,11.640000343322754,11.643600463867188,1185958,0.0,0.0
2023-12-12 14:30:00-05:00,11.640000343322754,11.699999809265137,11.635000228881836,11.65999984741211,1128132,0.0,0.0
2023-12-12 15:30:00-05:00,11.65999984741211,11.670000076293945,11.614999771118164,11.630000114440918,1674929,0.0,0.0
2023-12-13 09:30:00-05:00,11.630000114440918,11.670000076293945,11.300000190734863,11.420000076293945,3626837,0.0,0.0
2023-12-13 10:30:00-05:00,11.419300079345703,11.4350004196167,11.199999809265137,11.21500015258789,3204828,0.0,0.0
2023-12-13 11:30:00-05:00,11.21500015258789,11.270000457763672,11.119999885559082,11.164999961853027,2830017,0.0,0.0
2023-12-13 12:30:00-05:00,11.169899940490723,11.289999961853027,11.15999984741211,11.28499984741211,1182438,0.0,0.0
2023-12-13 13:30:00-05:00,11.282099723815918,11.739999771118164,11.25,11.719799995422363,3644394,0.0,0.0
2023-12-13 14:30:00-05:00,11.720000267028809,12.0,11.625,11.820599555969238,5250426,0.0,0.0
2023-12-13 15:30:00-05:00,11.829999923706055,12.020000457763672,11.824999809265137,12.010000228881836,2932300,0.0,0.0
2023-12-14 09:30:00-05:00,12.1899995803833,12.319999694824219,11.885000228881836,11.899999618530273,7524272,0.0,0.0
2023-12-14 10:30:00-05:00,11.904999732971191,12.039999961853027,11.789999961853027,11.92870044708252,2636213,0.0,0.0
2023-12-14 11:30:00-05:00,11.92959976196289,12.199999809265137,11.891900062561035,12.149999618530273,2145403,0.0,0.0
2023-12-14 12:30:00-05:00,12.145000457763672,12.180000305175781,11.949999809265137,12.024999618530273,1876119,0.0,0.0
2023-12-14 13:30:00-05:00,12.029999732971191,12.0600004196167,11.864999771118164,12.0,2031073,0.0,0.0
2023-12-14 14:30:00-05:00,11.994999885559082,12.149999618530273,11.979100227355957,12.08899974822998,1995976,0.0,0.0
2023-12-14 15:30:00-05:00,12.085000038146973,12.149999618530273,12.015000343322754,12.079999923706055,2236851,0.0,0.0
2023-12-15 09:30:00-05:00,12.010000228881836,12.020000457763672,11.585000038146973,11.739999771118164,3414985,0.0,0.0
2023-12-15 10:30:00-05:00,11.74209976196289,11.75,11.604999542236328,11.744999885559082,1798224,0.0,0.0
2023-12-15 11:30:00-05:00,11.75,11.770000457763672,11.649999618530273,11.694999694824219,1398370,0.0,0.0
2023-12-15 12:30:00-05:00,11.6899995803833,11.725000381469727,11.569999694824219,11.609999656677246,1311940,0.0,0.0
2023-12-15 13:30:00-05:00,11.609999656677246,11.625,11.520000457763672,11.595000267028809,1306379,0.0,0.0
2023-12-15 14:30:00-05:00,11.595000267028809,11.629899978637695,11.5600004196167,11.604999542236328,1369721,0.0,0.0
2023-12-15 15:30:00-05:00,11.604999542236328,11.710000038146973,11.604999542236328,11.65999984741211,2202975,0.0,0.0
2023-12-18 09:30:00-05:00,11.550000190734863,11.847999572753906,11.4399995803833,11.57919979095459,2952707,0.0,0.0
2023-12-18 10:30:00-05:00,11.579999923706055,11.649999618530273,11.550000190734863,11.59000015258789,1020702,0.0,0.0
2023-12-18 11:30:00-05:00,11.579999923706055,11.625,11.505000114440918,11.604999542236328,1407589,0.0,0.0
2023-12-18 12:30:00-05:00,11.604999542236328,11.899999618530273,11.600000381469727,11.829999923706055,1740449,0.0,0.0
2023-12-18 13:30:00-05:00,11.829999923706055,11.920000076293945,11.8100004196167,11.920000076293945,1390545,0.0,0.0
2023-12-18 14:30:00-05:00,11.920000076293945,11.979999542236328,11.890000343322754,11.920100212097168,1552324,0.0,0.0
2023-12-18 15:30:00-05:00,11.924699783325195,11.944999694824219,11.84000015258789,11.9399995803833,2378326,0.0,0.0
2023-12-19 09:30:00-05:00,12.0600004196167,12.619999885559082,12.039999961853027,12.614299774169922,5758280,0.0,0.0
2023-12-19 10:30:00-05:00,12.609999656677246,12.819999694824219,12.539999961853027,12.8100004196167,4564260,0.0,0.0
2023-12-19 11:30:00-05:00,12.8149995803833,12.949999809265137,12.75,12.92770004272461,4913373,0.0,0.0
2023-12-19 12:30:00-05:00,12.930000305175781,12.930000305175781,12.670000076293945,12.744999885559082,3165283,0.0,0.0
2023-12-19 13:30:00-05:00,12.75,12.920000076293945,12.739999771118164,12.895000457763672,2450206,0.0,0.0
2023-12-19 14:30:00-05:00,12.896300315856934,13.059900283813477,12.859999656677246,13.03499984741211,3851682,0.0,0.0
2023-12-19 15:30:00-05:00,13.039999961853027,13.1899995803833,13.029999732971191,13.164999961853027,4823570,0.0,0.0
2023-12-20 09:30:00-05:00,13.319999694824219,13.449999809265137,12.800000190734863,13.138500213623047,11526550,0.0,0.0
2023-12-20 10:30:00-05:00,13.130399703979492,13.40999984741211,13.050000190734863,13.149999618530273,5164651,0.0,0.0
2023-12-20 11:30:00-05:00,13.15060043334961,13.210000038146973,13.010000228881836,13.1850004196167,2996747,0.0,0.0
2023-12-20 12:30:00-05:00,13.1850004196167,13.287699699401855,13.100000381469727,13.109399795532227,1894260,0.0,0.0
2023-12-20 13:30:00-05:00,13.104999542236328,13.130000114440918,12.9399995803833,13.005000114440918,2408078,0.0,0.0
2023-12-20 14:30:00-05:00,13.005000114440918,13.015000343322754,12.59000015258789,12.720000267028809,4651675,0.0,0.0
2023-12-20 15:30:00-05:00,12.71090030670166,12.8100004196167,12.609999656677246,12.609999656677246,2997848,0.0,0.0
2023-12-21 09:30:00-05:00,12.8100004196167,13.0600004196167,12.510000228881836,12.637499809265137,6272455,0.0,0.0
2023-12-21 10:30:00-05:00,12.640000343322754,12.75,12.610099792480469,12.740099906921387,1222993,0.0,0.0
2023-12-21 11:30:00-05:00,12.7475004196167,12.805000305175781,12.569999694824219,12.654999732971191,1497938,0.0,0.0
2023-12-21 12:30:00-05:00,12.654999732971191,12.6899995803833,12.600000381469727,12.664999961853027,968492,0.0,0.0
2023-12-21 13:30:00-05:00,12.670000076293945,12.800000190734863,12.625,12.793999671936035,799144,0.0,0.0
2023-12-21 14:30:00-05:00,12.789999961853027,12.920000076293945,12.760000228881836,12.895000457763672,1585900,0.0,0.0
2023-12-21 15:30:00-05:00,12.895000457763672,12.90999984741211,12.850000381469727,12.899999618530273,1232756,0.0,0.0
2023-12-22 09:30:00-05:00,13.010000228881836,13.149999618530273,12.890000343322754,13.029999732971191,3310569,0.0,0.0
2023-12-22 10:30:00-05:00,13.029999732971191,13.029999732971191,12.829999923706055,12.914999961853027,1203652,0.0,0.0
2023-12-22 11:30:00-05:00,12.914999961853027,13.085000038146973,12.904999732971191,13.050000190734863,1224416,0.0,0.0
2023-12-22 12:30:00-05:00,13.045000076293945,13.0600004196167,12.960000038146973,12.979999542236328,839670,0.0,0.0
2023-12-22 13:30:00-05:00,12.977800369262695,12.989999771118164,12.8149995803833,12.824999809265137,1178714,0.0,0.0
2023-12-22 14:30:00-05:00,12.825200080871582,12.979900360107422,12.795000076293945,12.930000305175781,887024,0.0,0.0
2023-12-22 15:30:00-05:00,12.930000305175781,12.970000267028809,12.895000457763672,12.970000267028809,1075231,0.0,0.0
2023-12-26 09:30:00-05:00,13.0,13.140000343322754,12.949999809265137,13.0600004196167,2259577,0.0,0.0
2023-12-26 10:30:00-05:00,13.0600004196167,13.114999771118164,12.979999542236328,13.0,936557,0.0,0.0
2023-12-26 11:30:00-05:00,13.0,13.029899597167969,12.925000190734863,13.015000343322754,1020067,0.0,0.0
2023-12-26 12:30:00-05:00,13.015000343322754,13.029999732971191,12.859999656677246,12.864999771118164,1099089,0.0,0.0
2023-12-26 13:30:00-05:00,12.86989974975586,12.937899589538574,12.86050033569336,12.920100212097168,542353,0.0,0.0
2023-12-26 14:30:00-05:00,12.925000190734863,12.960000038146973,12.890199661254883,12.949999809265137,697954,0.0,0.0
2023-12-26 15:30:00-05:00,12.944600105285645,12.989999771118164,12.920000076293945,12.949999809265137,950430,0.0,0.0
2023-12-27 09:30:00-05:00,13.029999732971191,13.229999542236328,12.90999984741211,13.194999694824219,3365317,0.0,0.0
2023-12-27 10:30:00-05:00,13.194999694824219,13.449999809265137,13.119999885559082,13.279999732971191,3657381,0.0,0.0
2023-12-27 11:30:00-05:00,13.279999732971191,13.399999618530273,13.25,13.390199661254883,1713858,0.0,0.0
2023-12-27 12:30:00-05:00,13.399999618530273,13.510000228881836,13.329999923706055,13.350000381469727,1954923,0.0,0.0
2023-12-27 13:30:00-05:00,13.348799705505371,13.369999885559082,13.15999984741211,13.279999732971191,1738119,0.0,0.0
2023-12-27 14:30:00-05:00,13.28499984741211,13.3100004196167,13.1899995803833,13.210000038146973,1107207,0.0,0.0
2023-12-27 15:30:00-05:00,13.210000038146973,13.260000228881836,13.199999809265137,13.25,1327556,0.0,0.0
2023-12-28 09:30:00-05:00,13.109999656677246,13.260000228881836,13.0600004196167,13.225000381469727,2407346,0.0,0.0
2023-12-28 10:30:00-05:00,13.225000381469727,13.279999732971191,13.09000015258789,13.130000114440918,1551921,0.0,0.0
2023-12-28 11:30:00-05:00,13.135000228881836,13.25,13.119999885559082,13.1899995803833,771927,0.0,0.0
2023-12-28 12:30:00-05:00,13.1899995803833,13.260000228881836,13.1899995803833,13.229999542236328,643901,0.0,0.0
2023-12-28 13:30:00-05:00,13.239999771118164,13.239999771118164,13.130000114440918,13.135000228881836,790585,0.0,0.0
2023-12-28 14:30:00-05:00,13.140000343322754,13.175000190734863,13.09000015258789,13.140199661254883,782335,0.0,0.0
2023-12-28 15:30:00-05:00,13.145000457763672,13.210000038146973,13.140000343322754,13.182499885559082,1092699,0.0,0.0
2023-12-29 09:30:00-05:00,13.15999984741211,13.170000076293945,12.75,12.814000129699707,3471921,0.0,0.0
2023-12-29 10:30:00-05:00,12.8100004196167,12.819999694824219,12.569999694824219,12.640000343322754,3176193,0.0,0.0
2023-12-29 11:30:00-05:00,12.640000343322754,12.6899995803833,12.520000457763672,12.529999732971191,1743098,0.0,0.0
2023-12-29 12:30:00-05:00,12.532299995422363,12.6899995803833,12.520000457763672,12.630000114440918,1231404,0.0,0.0
2023-12-29 13:30:00-05:00,12.630000114440918,12.75,12.630000114440918,12.710000038146973,860921,0.0,0.0
2023-12-29 14:30:00-05:00,12.710000038146973,12.739999771118164,12.65999984741211,12.734999656677246,994417,0.0,0.0
2023-12-29 15:30:00-05:00,12.734999656677246,12.770000457763672,12.70009994506836,12.75,2033895,0.0,0.0
2024-01-02 09:30:00-05:00,12.739999771118164,12.75,12.359999656677246,12.375,3018368,0.0,0.0
2024-01-02 10:30:00-05:00,12.375,12.4399995803833,12.279999732971191,12.4399995803833,1499552,0.0,0.0
2024-01-02 11:30:00-05:00,12.4350004196167,12.609999656677246,12.414999961853027,12.569999694824219,763982,0.0,0.0
2024-01-02 12:30:00-05:00,12.5649995803833,12.604999542236328,12.470100402832031,12.574999809265137,739088,0.0,0.0
2024-01-02 13:30:00-05:00,12.569999694824219,12.600000381469727,12.39009952545166,12.428999900817871,854477,0.0,0.0
2024-01-02 14:30:00-05:00,12.425000190734863,12.425000190734863,12.300000190734863,12.324999809265137,1412228,0.0,0.0
2024-01-02 15:30:00-05:00,12.319999694824219,12.390000343322754,12.300000190734863,12.380000114440918,2113260,0.0,0.0
2024-01-03 09:30:00-05:00,11.739999771118164,11.970000267028809,11.620599746704102,11.6850004196167,4326529,0.0,0.0
2024-01-03 10:30:00-05:00,11.68910026550293,11.890000343322754,11.660900115966797,11.805000305175781,1760454,0.0,0.0
2024-01-03 11:30:00-05:00,11.805000305175781,11.84000015258789,11.770000457763672,11.829999923706055,956692,0.0,0.0
2024-01-03 12:30:00-05:00,11.837499618530273,11.9399995803833,11.824999809265137,11.918999671936035,696035,0.0,0.0
2024-01-03 13:30:00-05:00,11.914999961853027,11.930000305175781,11.779999732971191,11.914999961853027,768909,0.0,0.0
2024-01-03 14:30:00-05:00,11.920000076293945,11.949999809265137,11.739999771118164,11.770000457763672,1610279,0.0,0.0
2024-01-03 15:30:00-05:00,11.774999618530273,11.850000381469727,11.75,11.800000190734863,1599281,0.0,0.0
2024-01-04 09:30:00-05:00,11.649999618530273,12.045000076293945,11.630000114440918,11.954999923706055,1956690,0.0,0.0
2024-01-04 10:30:00-05:00,11.960000038146973,12.055000305175781,11.960000038146973,11.984999656677246,979156,0.0,0.0
2024-01-04 11:30:00-05:00,11.989999771118164,12.119999885559082,11.970000267028809,12.100000381469727,1496299,0.0,0.0
2024-01-04 12:30:00-05:00,12.09000015258789,12.145000457763672,12.024999618530273,12.109999656677246,767255,0.0,0.0
2024-01-04 13:30:00-05:00,12.114999771118164,12.170000076293945,12.109999656677246,12.125,715186,0.0,0.0
2024-01-04 14:30:00-05:00,12.121000289916992,12.121000289916992,12.005000114440918,12.029999732971191,1003059,0.0,0.0
2024-01-04 15:30:00-05:00,12.024999618530273,12.050000190734863,11.9350004196167,11.970000267028809,1609396,0.0,0.0
2024-01-05 09:30:00-05:00,11.819999694824219,12.130000114440918,11.770000457763672,12.069999694824219,1495369,0.0,0.0
2024-01-05 10:30:00-05:00,12.0693998336792,12.15999984741211,11.979999542236328,12.005000114440918,1021482,0.0,0.0
2024-01-05 11:30:00-05:00,12.010000228881836,12.045000076293945,11.899999618530273,11.930000305175781,767938,0.0,0.0
2024-01-05 12:30:00-05:00,11.930000305175781,12.0,11.885000228881836,11.9350004196167,542616,0.0,0.0
2024-01-05 13:30:00-05:00,11.9399995803833,11.989999771118164,11.925000190734863,11.949999809265137,532067,0.0,0.0
2024-01-05 14:30:00-05:00,11.949999809265137,11.969900131225586,11.864999771118164,11.949999809265137,691868,0.0,0.0
2024-01-05 15:30:00-05:00,11.944999694824219,11.949999809265137,11.890000343322754,11.899999618530273,1885891,0.0,0.0
2024-01-08 09:30:00-05:00,11.970000267028809,12.399999618530273,11.960000038146973,12.109999656677246,2481259,0.0,0.0
2024-01-08 10:30:00-05:00,12.109999656677246,12.210000038146973,11.970000267028809,12.010000228881836,1994513,0.0,0.0
2024-01-08 11:30:00-05:00,12.0,12.109999656677246,11.979999542236328,12.095000267028809,1585806,0.0,0.0
2024-01-08 12:30:00-05:00,12.09119987487793,12.270000457763672,12.09000015258789,12.229999542236328,1312935,0.0,0.0
2024-01-08 13:30:00-05:00,12.229999542236328,12.579999923706055,12.220000267028809,12.545000076293945,2160567,0.0,0.0
2024-01-08 14:30:00-05:00,12.545000076293945,12.579999923706055,12.359999656677246,12.364999771118164,2851815,0.0,0.0
2024-01-08 15:30:00-05:00,12.369999885559082,12.4399995803833,12.364999771118164,12.425000190734863,1760857,0.0,0.0
2024-01-09 09:30:00-05:00,12.25,12.354999542236328,12.180000305175781,12.201600074768066,1403500,0.0,0.0
2024-01-09 10:30:00-05:00,12.204999923706055,12.300000190734863,12.15999984741211,12.199999809265137,971819,0.0,0.0
2024-01-09 11:30:00-05:00,12.199999809265137,12.25,12.145000457763672,12.199999809265137,1173156,0.0,0.0
2024-01-09 12:30:00-05:00,12.204999923706055,12.274999618530273,12.15999984741211,12.244999885559082,714304,0.0,0.0
2024-01-09 13:30:00-05:00,12.239999771118164,12.275300025939941,12.1899995803833,12.1899995803833,552907,0.0,0.0
2024-01-09 14:30:00-05:00,12.1899995803833,12.25,12.170000076293945,12.177399635314941,557351,0.0,0.0
2024-01-09 15:30:00-05:00,12.180000305175781,12.21500015258789,12.135000228881836,12.210000038146973,1209308,0.0,0.0
2024-01-10 09:30:00-05:00,12.180000305175781,12.1899995803833,11.779999732971191,12.022000312805176,2649066,0.0,0.0
2024-01-10 10:30:00-05:00,12.029199600219727,12.194999694824219,11.982099533081055,12.168800354003906,857950,0.0,0.0
2024-01-10 11:30:00-05:00,12.15999984741211,12.305000305175781,12.15999984741211,12.260000228881836,925589,0.0,0.0
2024-01-10 12:30:00-05:00,12.260100364685059,12.345000267028809,12.229999542236328,12.234999656677246,792482,0.0,0.0
2024-01-10 13:30:00-05:00,12.229999542236328,12.329899787902832,12.210000038146973,12.210000038146973,1045825,0.0,0.0
2024-01-10 14:30:00-05:00,12.218799591064453,12.260000228881836,12.109999656677246,12.125,571859,0.0,0.0
2024-01-10 15:30:00-05:00,12.125,12.15999984741211,12.085000038146973,12.140000343322754,985130,0.0,0.0
2024-01-11 09:30:00-05:00,12.529999732971191,12.579999923706055,11.8100004196167,11.84000015258789,3939930,0.0,0.0
2024-01-11 10:30:00-05:00,11.84000015258789,11.9399995803833,11.640000343322754,11.649999618530273,2719992,0.0,0.0
2024-01-11 11:30:00-05:00,11.640000343322754,11.800000190734863,11.630000114440918,11.699999809265137,1038571,0.0,0.0
2024-01-11 12:30:00-05:00,11.699999809265137,11.84000015258789,11.699999809265137,11.774999618530273,727706,0.0,0.0
2024-01-11 13:30:00-05:00,11.771100044250488,11.84000015258789,11.743000030517578,11.779999732971191,929687,0.0,0.0
2024-01-11 14:30:00-05:00,11.78499984741211,11.800000190734863,11.699999809265137,11.720000267028809,1479180,0.0,0.0
2024-01-11 15:30:00-05:00,11.725000381469727,11.75,11.699999809265137,11.729999542236328,1694618,0.0,0.0
2024-01-12 09:30:00-05:00,11.5,11.5600004196167,11.170000076293945,11.180000305175781,3863142,0.0,0.0
2024-01-12 10:30:00-05:00,11.180000305175781,11.239999771118164,11.09000015258789,11.1899995803833,3045882,0.0,0.0
2024-01-12 11:30:00-05:00,11.1875,11.210100173950195,10.989999771118164,11.0600004196167,2413605,0.0,0.0
2024-01-12 12:30:00-05:00,11.055000305175781,11.145000457763672,11.020000457763672,11.104999542236328,1872331,0.0,0.0
2024-01-12 13:30:00-05:00,11.104999542236328,11.170000076293945,11.104999542236328,11.108200073242188,758119,0.0,0.0
2024-01-12 14:30:00-05:00,11.104999542236328,11.107000350952148,11.010000228881836,11.039999961853027,1145232,0.0,0.0
2024-01-12 15:30:00-05:00,11.039999961853027,11.100000381469727,11.010000228881836,11.020000457763672,2214059,0.0,0.0
2024-01-16 09:30:00-05:00,10.850000381469727,10.975000381469727,10.619999885559082,10.914999961853027,2975254,0.0,0.0
2024-01-16 10:30:00-05:00,10.90999984741211,10.984999656677246,10.859999656677246,10.944999694824219,1071408,0.0,0.0
2024-01-16 11:30:00-05:00,10.949999809265137,11.02560043334961,10.920000076293945,10.975000381469727,851481,0.0,0.0
2024-01-16 12:30:00-05:00,10.975000381469727,11.020000457763672,10.9399995803833,10.979999542236328,546502,0.0,0.0
2024-01-16 13:30:00-05:00,10.979999542236328,10.979999542236328,10.875,10.904999732971191,617835,0.0,0.0
2024-01-16 14:30:00-05:00,10.904999732971191,10.96500015258789,10.890000343322754,10.925000190734863,714794,0.0,0.0
2024-01-16 15:30:00-05:00,10.927200317382812,10.949999809265137,10.880000114440918,10.9399995803833,1631168,0.0,0.0
2024-01-17 09:30:00-05:00,10.710000038146973,10.739999771118164,10.5600004196167,10.589900016784668,1746491,0.0,0.0
2024-01-17 10:30:00-05:00,10.585000038146973,10.619199752807617,10.550100326538086,10.579999923706055,925322,0.0,0.0
2024-01-17 11:30:00-05:00,10.569999694824219,10.630000114440918,10.529999732971191,10.604999542236328,1089780,0.0,0.0
2024-01-17 12:30:00-05:00,10.604999542236328,10.630000114440918,10.573200225830078,10.585000038146973,504118,0.0,0.0
2024-01-17 13:30:00-05:00,10.585000038146973,10.600000381469727,10.520000457763672,10.585000038146973,872535,0.0,0.0
2024-01-17 14:30:00-05:00,10.585000038146973,10.609999656677246,10.539999961853027,10.600000381469727,725836,0.0,0.0
2024-01-17 15:30:00-05:00,10.604999542236328,10.670000076293945,10.593299865722656,10.654999732971191,2207732,0.0,0.0
2024-01-18 09:30:00-05:00,10.760000228881836,10.824999809265137,10.609999656677246,10.77649974822998,1360352,0.0,0.0
2024-01-18 10:30:00-05:00,10.779999732971191,10.789999961853027,10.539999961853027,10.619999885559082,1206122,0.0,0.0
2024-01-18 11:30:00-05:00,10.625,10.640000343322754,10.545000076293945,10.609999656677246,1109624,0.0,0.0
2024-01-18 12:30:00-05:00,10.604999542236328,10.619999885559082,10.529999732971191,10.565099716186523,781821,0.0,0.0
2024-01-18 13:30:00-05:00,10.562299728393555,10.649999618530273,10.5600004196167,10.640000343322754,697516,0.0,0.0
2024-01-18 14:30:00-05:00,10.640000343322754,10.679900169372559,10.600000381469727,10.675000190734863,752936,0.0,0.0
2024-01-18 15:30:00-05:00,10.675000190734863,10.710000038146973,10.65999984741211,10.675000190734863,1353347,0.0,0.0
2024-01-19 09:30:00-05:00,10.680000305175781,10.699999809265137,10.470000267028809,10.576199531555176,1332203,0.0,0.0
2024-01-19 10:30:00-05:00,10.571499824523926,10.629899978637695,10.520000457763672,10.520000457763672,678175,0.0,0.0
2024-01-19 11:30:00-05:00,10.529899597167969,10.529899597167969,10.380000114440918,10.425000190734863,938517,0.0,0.0
2024-01-19 12:30:00-05:00,10.420000076293945,10.619999885559082,10.405200004577637,10.595000267028809,1152061,0.0,0.0
2024-01-19 13:30:00-05:00,10.600000381469727,10.710000038146973,10.5600004196167,10.699999809265137,748648,0.0,0.0
2024-01-19 14:30:00-05:00,10.699999809265137,10.75,10.65999984741211,10.675000190734863,1147653,0.0,0.0
2024-01-19 15:30:00-05:00,10.670000076293945,10.720000267028809,10.640000343322754,10.710000038146973,1433473,0.0,0.0
2024-01-22 09:30:00-05:00,10.8100004196167,11.170000076293945,10.8100004196167,11.0,2632926,0.0,0.0
2024-01-22 10:30:00-05:00,11.0,11.005000114440918,10.824999809265137,10.890000343322754,1060951,0.0,0.0
2024-01-22 11:30:00-05:00,10.899999618530273,10.96500015258789,10.864999771118164,10.96500015258789,1141510,0.0,0.0
2024-01-22 12:30:00-05:00,10.96500015258789,10.979999542236328,10.84000015258789,10.845000267028809,1073030,0.0,0.0
2024-01-22 13:30:00-05:00,10.84000015258789,10.960000038146973,10.829999923706055,10.885000228881836,689910,0.0,0.0
2024-01-22 14:30:00-05:00,10.890000343322754,11.010000228881836,10.862500190734863,11.0,804615,0.0,0.0
2024-01-22 15:30:00-05:00,11.005000114440918,11.039999961853027,10.989999771118164,11.0,1043666,0.0,0.0
2024-01-23 09:30:00-05:00,11.15999984741211,11.300000190734863,11.020000457763672,11.194999694824219,2274886,0.0,0.0
2024-01-23 10:30:00-05:00,11.194999694824219,11.199999809265137,10.989999771118164,11.024999618530273,1002664,0.0,0.0
2024-01-23 11:30:00-05:00,11.024999618530273,11.0600004196167,10.979999542236328,10.984999656677246,580730,0.0,0.0
2024-01-23 12:30:00-05:00,10.984999656677246,10.989999771118164,10.930000305175781,10.944999694824219,444592,0.0,0.0
2024-01-23 13:30:00-05:00,10.944999694824219,10.968500137329102,10.880000114440918,10.885000228881836,662102,0.0,0.0
2024-01-23 14:30:00-05:00,10.885000228881836,11.0,10.8725004196167,10.96500015258789,646343,0.0,0.0
2024-01-23 15:30:00-05:00,10.962499618530273,10.979999542236328,10.920000076293945,10.949999809265137,958455,0.0,0.0
2024-01-24 09:30:00-05:00,11.100000381469727,11.225000381469727,10.9350004196167,11.015000343322754,1480894,0.0,0.0
2024-01-24 10:30:00-05:00,11.015999794006348,11.039999961853027,10.9350004196167,10.989999771118164,678134,0.0,0.0
2024-01-24 11:30:00-05:00,10.989999771118164,11.005000114440918,10.854999542236328,10.864999771118164,819218,0.0,0.0
2024-01-24 12:30:00-05:00,10.864999771118164,10.880000114440918,10.76159954071045,10.800100326538086,745396,0.0,0.0
2024-01-24 13:30:00-05:00,10.806699752807617,10.835000038146973,10.729999542236328,10.795000076293945,659148,0.0,0.0
2024-01-24 14:30:00-05:00,10.795000076293945,10.869999885559082,10.784899711608887,10.823599815368652,686120,0.0,0.0
2024-01-24 15:30:00-05:00,10.829999923706055,10.859999656677246,10.800000190734863,10.8100004196167,1087365,0.0,0.0
2024-01-25 09:30:00-05:00,10.850000381469727,10.89840030670166,10.699999809265137,10.75,1078789,0.0,0.0
2024-01-25 10:30:00-05:00,10.760000228881836,10.779999732971191,10.640000343322754,10.760000228881836,735501,0.0,0.0
2024-01-25 11:30:00-05:00,10.755000114440918,10.755000114440918,10.649999618530273,10.675000190734863,578313,0.0,0.0
2024-01-25 12:30:00-05:00,10.675000190734863,10.739999771118164,10.619999885559082,10.6899995803833,548361,0.0,0.0
2024-01-25 13:30:00-05:00,10.694999694824219,10.729999542236328,10.664999961853027,10.710000038146973,376052,0.0,0.0
2024-01-25 14:30:00-05:00,10.704999923706055,10.720000267028809,10.654999732971191,10.65999984741211,508157,0.0,0.0
2024-01-25 15:30:00-05:00,10.667499542236328,10.720000267028809,10.65999984741211,10.710000038146973,802954,0.0,0.0
2024-01-26 09:30:00-05:00,10.760000228881836,11.010000228881836,10.710000038146973,10.75,1232008,0.0,0.0
2024-01-26 10:30:00-05:00,10.75,10.877599716186523,10.75,10.84000015258789,540632,0.0,0.0
2024-01-26 11:30:00-05:00,10.84000015258789,10.895000457763672,10.789999961853027,10.84000015258789,396720,0.0,0.0
2024-01-26 12:30:00-05:00,10.835000038146973,10.84000015258789,10.770000457763672,10.8149995803833,372164,0.0,0.0
2024-01-26 13:30:00-05:00,10.8149995803833,10.829999923706055,10.779999732971191,10.78499984741211,355644,0.0,0.0
2024-01-26 14:30:00-05:00,10.789999961853027,10.819999694824219,10.75,10.760000228881836,471281,0.0,0.0
2024-01-26 15:30:00-05:00,10.760000228881836,10.8100004196167,10.75,10.789999961853027,1001446,0.0,0.0
2024-01-29 09:30:00-05:00,10.829999923706055,11.079999923706055,10.760000228881836,11.0600004196167,1431289,0.0,0.0
2024-01-29 10:30:00-05:00,11.061800003051758,11.15999984741211,10.975000381469727,11.119999885559082,1278194,0.0,0.0
2024-01-29 11:30:00-05:00,11.114999771118164,11.170000076293945,11.0600004196167,11.100000381469727,1433380,0.0,0.0
2024-01-29 12:30:00-05:00,11.100000381469727,11.154999732971191,11.0649995803833,11.149999618530273,794909,0.0,0.0
2024-01-29 13:30:00-05:00,11.149999618530273,11.164999961853027,11.119999885559082,11.149999618530273,774245,0.0,0.0
2024-01-29 14:30:00-05:00,11.149999618530273,11.3100004196167,11.125,11.289999961853027,1746210,0.0,0.0
2024-01-29 15:30:00-05:00,11.295000076293945,11.329999923706055,11.244999885559082,11.319999694824219,2023092,0.0,0.0
2024-01-30 09:30:00-05:00,11.229999542236328,11.28499984741211,11.020000457763672,11.085000038146973,1363270,0.0,0.0
2024-01-30 10:30:00-05:00,11.09000015258789,11.109999656677246,11.039999961853027,11.074999809265137,856845,0.0,0.0
2024-01-30 11:30:00-05:00,11.074999809265137,11.130000114440918,11.020000457763672,11.0600004196167,749263,0.0,0.0
2024-01-30 12:30:00-05:00,11.055000305175781,11.09000015258789,11.015000343322754,11.085000038146973,560797,0.0,0.0
2024-01-30 13:30:00-05:00,11.085000038146973,11.085000038146973,10.970000267028809,10.974800109863281,656074,0.0,0.0
2024-01-30 14:30:00-05:00,10.975000381469727,11.050000190734863,10.949999809265137,11.045000076293945,816777,0.0,0.0
2024-01-30 15:30:00-05:00,11.039999961853027,11.069999694824219,11.0,11.005000114440918,1284133,0.0,0.0
2024-01-31 09:30:00-05:00,10.9399995803833,11.079999923706055,10.86989974975586,11.055000305175781,1170743,0.0,0.0
2024-01-31 10:30:00-05:00,11.0600004196167,11.09000015258789,10.954999923706055,10.970000267028809,590439,0.0,0.0
2024-01-31 11:30:00-05:00,10.96500015258789,11.0600004196167,10.914999961853027,11.055000305175781,579290,0.0,0.0
2024-01-31 12:30:00-05:00,11.055000305175781,11.104999542236328,11.010000228881836,11.0600004196167,444402,0.0,0.0
2024-01-31 13:30:00-05:00,11.055000305175781,11.0649995803833,10.90999984741211,10.925000190734863,473442,0.0,0.0
2024-01-31 14:30:00-05:00,10.929900169372559,11.170000076293945,10.760000228881836,10.824999809265137,1427646,0.0,0.0
2024-01-31 15:30:00-05:00,10.819999694824219,10.829999923706055,10.699999809265137,10.739999771118164,2141625,0.0,0.0
2024-02-01 09:30:00-05:00,10.789999961853027,10.944999694824219,10.774999618530273,10.880000114440918,1035463,0.0,0.0
2024-02-01 10:30:00-05:00,10.875,10.899999618530273,10.609999656677246,10.6850004196167,899453,0.0,0.0
2024-02-01 11:30:00-05:00,10.6899995803833,10.880000114440918,10.680000305175781,10.875,559596,0.0,0.0
2024-02-01 12:30:00-05:00,10.87279987335205,10.9399995803833,10.859999656677246,10.904999732971191,560457,0.0,0.0
2024-02-01 13:30:00-05:00,10.904999732971191,10.925000190734863,10.850000381469727,10.869999885559082,455546,0.0,0.0
2024-02-01 14:30:00-05:00,10.869999885559082,10.90999984741211,10.84000015258789,10.845000267028809,541965,0.0,0.0
2024-02-01 15:30:00-05:00,10.845000267028809,10.930000305175781,10.824999809265137,10.930000305175781,1165146,0.0,0.0
2024-02-02 09:30:00-05:00,10.75,10.84000015258789,10.649999618530273,10.84000015258789,1459902,0.0,0.0
2024-02-02 10:30:00-05:00,10.84000015258789,10.9350004196167,10.78499984741211,10.890000343322754,653117,0.0,0.0
2024-02-02 11:30:00-05:00,10.890000343322754,10.90999984741211,10.837699890136719,10.90999984741211,496680,0.0,0.0
2024-02-02 12:30:00-05:00,10.90999984741211,10.9399995803833,10.8100004196167,10.888099670410156,582089,0.0,0.0
2024-02-02 13:30:00-05:00,10.890000343322754,10.989999771118164,10.869999885559082,10.979999542236328,649992,0.0,0.0
2024-02-02 14:30:00-05:00,10.975000381469727,11.01990032196045,10.930000305175781,10.979999542236328,717010,0.0,0.0
2024-02-02 15:30:00-05:00,10.984999656677246,11.0,10.90999984741211,10.920000076293945,1728142,0.0,0.0
2024-02-05 09:30:00-05:00,10.869999885559082,10.869999885559082,10.539999961853027,10.58590030670166,2098745,0.0,0.0
2024-02-05 10:30:00-05:00,10.59000015258789,10.619999885559082,10.510000228881836,10.589900016784668,929515,0.0,0.0
2024-02-05 11:30:00-05:00,10.585000038146973,10.649999618530273,10.5600004196167,10.630000114440918,568974,0.0,0.0
2024-02-05 12:30:00-05:00,10.640000343322754,10.675000190734863,10.600000381469727,10.609999656677246,615162,0.0,0.0
2024-02-05 13:30:00-05:00,10.600000381469727,10.65999984741211,10.600000381469727,10.654999732971191,541191,0.0,0.0
2024-02-05 14:30:00-05:00,10.65999984741211,10.6899995803833,10.5649995803833,10.595000267028809,627553,0.0,0.0
2024-02-05 15:30:00-05:00,10.595000267028809,10.609999656677246,10.545000076293945,10.5600004196167,1330524,0.0,0.0
2024-02-06 09:30:00-05:00,10.569999694824219,10.770000457763672,10.53499984741211,10.6850004196167,1261534,0.0,0.0
2024-02-06 10:30:00-05:00,10.6850004196167,10.767000198364258,10.645000457763672,10.754400253295898,595144,0.0,0.0
2024-02-06 11:30:00-05:00,10.753600120544434,10.75629997253418,10.59000015258789,10.654199600219727,623128,0.0,0.0
2024-02-06 12:30:00-05:00,10.65149974822998,10.710000038146973,10.645000457763672,10.6850004196167,373542,0.0,0.0
2024-02-06 13:30:00-05:00,10.6899995803833,10.725000381469727,10.670000076293945,10.704999923706055,431012,0.0,0.0
2024-02-06 14:30:00-05:00,10.708000183105469,10.800000190734863,10.692500114440918,10.734999656677246,579960,0.0,0.0
2024-02-06 15:30:00-05:00,10.734800338745117,10.789999961853027,10.710000038146973,10.78499984741211,766547,0.0,0.0
2024-02-07 09:30:00-05:00,10.84000015258789,10.859999656677246,10.640000343322754,10.774999618530273,1564699,0.0,0.0
2024-02-07 10:30:00-05:00,10.779999732971191,10.805000305175781,10.729999542236328,10.744999885559082,559636,0.0,0.0
2024-02-07 11:30:00-05:00,10.75,10.819999694824219,10.742500305175781,10.8149995803833,413241,0.0,0.0
2024-02-07 12:30:00-05:00,10.8149995803833,11.069999694824219,10.800000190734863,11.05840015411377,1213705,0.0,0.0
2024-02-07 13:30:00-05:00,11.052800178527832,11.079999923706055,10.989999771118164,11.03499984741211,987330,0.0,0.0
2024-02-07 14:30:00-05:00,11.03499984741211,11.0600004196167,10.989999771118164,11.039999961853027,846224,0.0,0.0
2024-02-07 15:30:00-05:00,11.045000076293945,11.055000305175781,10.979999542236328,10.989999771118164,1231765,0.0,0.0
2024-02-08 09:30:00-05:00,11.050000190734863,11.289999961853027,11.0,11.270000457763672,1840956,0.0,0.0
2024-02-08 10:30:00-05:00,11.270000457763672,11.34000015258789,11.199999809265137,11.25,1450106,0.0,0.0
2024-02-08 11:30:00-05:00,11.244999885559082,11.305000305175781,11.170000076293945,11.1850004196167,865890,0.0,0.0
2024-02-08 12:30:00-05:00,11.1850004196167,11.204999923706055,11.117899894714355,11.175000190734863,581595,0.0,0.0
2024-02-08 13:30:00-05:00,11.180000305175781,11.225000381469727,11.170000076293945,11.219799995422363,643753,0.0,0.0
2024-02-08 14:30:00-05:00,11.220000267028809,11.244999885559082,11.170000076293945,11.239999771118164,650851,0.0,0.0
2024-02-08 15:30:00-05:00,11.236200332641602,11.244999885559082,11.180000305175781,11.229999542236328,938102,0.0,0.0
2024-02-09 09:30:00-05:00,11.399999618530273,11.489999771118164,11.3149995803833,11.438400268554688,2507970,0.0,0.0
2024-02-09 10:30:00-05:00,11.437999725341797,11.479999542236328,11.305000305175781,11.335000038146973,1255040,0.0,0.0
2024-02-09 11:30:00-05:00,11.335000038146973,11.425000190734863,11.25,11.420000076293945,1049474,0.0,0.0
2024-02-09 12:30:00-05:00,11.425000190734863,11.520000457763672,11.390000343322754,11.518400192260742,1222895,0.0,0.0
2024-02-09 13:30:00-05:00,11.515000343322754,11.600000381469727,11.470000267028809,11.520000457763672,1424382,0.0,0.0
2024-02-09 14:30:00-05:00,11.520000457763672,11.59000015258789,11.510000228881836,11.56410026550293,1543802,0.0,0.0
2024-02-09 15:30:00-05:00,11.5649995803833,11.576700210571289,11.510000228881836,11.545000076293945,2025771,0.0,0.0
2024-02-12 09:30:00-05:00,11.729999542236328,12.100000381469727,11.649999618530273,11.944999694824219,6430412,0.0,0.0
2024-02-12 10:30:00-05:00,11.944999694824219,12.130000114440918,11.940099716186523,12.085000038146973,3166768,0.0,0.0
2024-02-12 11:30:00-05:00,12.085000038146973,12.119999885559082,11.962200164794922,12.045000076293945,1808673,0.0,0.0
2024-02-12 12:30:00-05:00,12.039999961853027,12.114999771118164,12.010000228881836,12.024999618530273,1510941,0.0,0.0
2024-02-12 13:30:00-05:00,12.024999618530273,12.050000190734863,11.890000343322754,11.914999961853027,1850498,0.0,0.0
2024-02-12 14:30:00-05:00,11.90999984741211,12.0,11.899999618530273,11.988499641418457,1739703,0.0,0.0
2024-02-12 15:30:00-05:00,11.984999656677246,12.050000190734863,11.984700202941895,12.005000114440918,2613368,0.0,0.0
2024-02-13 09:30:00-05:00,11.609999656677246,11.859999656677246,11.460000038146973,11.779999732971191,5646321,0.0,0.0
2024-02-13 10:30:00-05:00,11.770000457763672,11.875,11.739999771118164,11.859999656677246,2202644,0.0,0.0
2024-02-13 11:30:00-05:00,11.854999542236328,11.9350004196167,11.75,11.80620002746582,2177852,0.0,0.0
2024-02-13 12:30:00-05:00,11.8100004196167,11.859999656677246,11.770000457763672,11.805000305175781,1572287,0.0,0.0
2024-02-13 13:30:00-05:00,11.805000305175781,11.907999992370605,11.770000457763672,11.829899787902832,2729509,0.0,0.0
2024-02-13 14:30:00-05:00,11.819999694824219,11.889900207519531,11.619999885559082,11.6850004196167,2983955,0.0,0.0
2024-02-13 15:30:00-05:00,11.686300277709961,11.880000114440918,11.664999961853027,11.850000381469727,6684964,0.0,0.0
2024-02-14 09:30:00-05:00,13.64799976348877,13.899999618530273,13.050000190734863,13.229999542236328,32885973,0.0,0.0
2024-02-14 10:30:00-05:00,13.237600326538086,13.319999694824219,12.765000343322754,12.970000267028809,11393615,0.0,0.0
2024-02-14 11:30:00-05:00,12.979999542236328,13.0600004196167,12.885000228881836,13.045999526977539,4415753,0.0,0.0
2024-02-14 12:30:00-05:00,13.039999961853027,13.130000114440918,12.899999618530273,13.104000091552734,4161192,0.0,0.0
2024-02-14 13:30:00-05:00,13.104999542236328,13.404999732971191,13.050000190734863,13.354999542236328,7030946,0.0,0.0
2024-02-14 14:30:00-05:00,13.35990047454834,13.430000305175781,13.239999771118164,13.397000312805176,5775029,0.0,0.0
2024-02-14 15:30:00-05:00,13.39739990234375,13.470000267028809,13.344400405883789,13.359999656677246,7880852,0.0,0.0
2024-02-15 09:30:00-05:00,13.399999618530273,13.545000076293945,13.039999961853027,13.140000343322754,6245992,0.0,0.0
2024-02-15 10:30:00-05:00,13.149999618530273,13.40999984741211,13.039999961853027,13.390000343322754,3915595,0.0,0.0
2024-02-15 11:30:00-05:00,13.390000343322754,13.4399995803833,13.1899995803833,13.244999885559082,3336733,0.0,0.0
2024-02-15 12:30:00-05:00,13.25,13.324999809265137,13.180100440979004,13.3149995803833,1718792,0.0,0.0
2024-02-15 13:30:00-05:00,13.317700386047363,13.399999618530273,13.289999961853027,13.395000457763672,1822874,0.0,0.0
2024-02-15 14:30:00-05:00,13.391200065612793,13.399999618530273,13.260100364685059,13.320099830627441,2080488,0.0,0.0
2024-02-15 15:30:00-05:00,13.324999809265137,13.420000076293945,13.305000305175781,13.40999984741211,3551501,0.0,0.0
2024-02-16 09:30:00-05:00,13.40999984741211,14.119999885559082,13.319999694824219,13.850000381469727,9906014,0.0,0.0
2024-02-16 10:30:00-05:00,13.854999542236328,14.319999694824219,13.800000190734863,14.265000343322754,7327319,0.0,0.0
2024-02-16 11:30:00-05:00,14.265000343322754,14.354999542236328,14.020000457763672,14.175000190734863,4191552,0.0,0.0
2024-02-16 12:30:00-05:00,14.180000305175781,14.204999923706055,14.021400451660156,14.079999923706055,2110859,0.0,0.0
2024-02-16 13:30:00-05:00,14.073800086975098,14.100000381469727,13.989999771118164,14.083499908447266,2707520,0.0,0.0
2024-02-16 14:30:00-05:00,14.085000038146973,14.180000305175781,14.024999618530273,14.069999694824219,3154916,0.0,0.0
2024-02-16 15:30:00-05:00,14.074999809265137,14.085000038146973,13.989999771118164,13.989999771118164,4076960,0.0,0.0
2024-02-20 09:30:00-05:00,14.0,14.234999656677246,13.739999771118164,13.747599601745605,5099559,0.0,0.0
2024-02-20 10:30:00-05:00,13.744999885559082,13.836000442504883,13.680000305175781,13.836000442504883,1799872,0.0,0.0
2024-02-20 11:30:00-05:00,13.829999923706055,13.949999809265137,13.720000267028809,13.819999694824219,1724438,0.0,0.0
2024-02-20 12:30:00-05:00,13.821000099182129,13.919899940490723,13.8100004196167,13.890000343322754,895902,0.0,0.0
2024-02-20 13:30:00-05:00,13.880000114440918,13.890000343322754,13.765899658203125,13.835000038146973,934330,0.0,0.0
2024-02-20 14:30:00-05:00,13.835000038146973,14.130000114440918,13.823100090026855,14.126799583435059,2783017,0.0,0.0
2024-02-20 15:30:00-05:00,14.125,14.140000343322754,14.010000228881836,14.095000267028809,2628648,0.0,0.0
2024-02-21 09:30:00-05:00,13.76200008392334,13.890000343322754,13.5600004196167,13.579999923706055,3402535,0.0,0.0
2024-02-21 10:30:00-05:00,13.574999809265137,13.779999732971191,13.539999961853027,13.710000038146973,1685248,0.0,0.0
2024-02-21 11:30:00-05:00,13.704999923706055,13.729999542236328,13.555000305175781,13.566499710083008,1368842,0.0,0.0
2024-02-21 12:30:00-05:00,13.5649995803833,13.59000015258789,13.40999984741211,13.539999961853027,1904266,0.0,0.0
2024-02-21 13:30:00-05:00,13.53499984741211,13.547599792480469,13.390000343322754,13.449999809265137,1115621,0.0,0.0
2024-02-21 14:30:00-05:00,13.446000099182129,13.510000228881836,13.396200180053711,13.484999656677246,1389831,0.0,0.0
2024-02-21 15:30:00-05:00,13.484700202941895,13.635000228881836,13.470000267028809,13.59000015258789,2174494,0.0,0.0
2024-02-22 09:30:00-05:00,13.75,14.020000457763672,13.594900131225586,14.018600463867188,2966030,0.0,0.0
2024-02-22 10:30:00-05:00,14.013999938964844,14.069999694824219,13.8149995803833,13.920000076293945,1513520,0.0,0.0
2024-02-22 11:30:00-05:00,13.918700218200684,14.069999694824219,13.90999984741211,14.015000343322754,1311170,0.0,0.0
2024-02-22 12:30:00-05:00,14.010000228881836,14.09000015258789,14.010000228881836,14.015000343322754,1158380,0.0,0.0
2024-02-22 13:30:00-05:00,14.015000343322754,14.050000190734863,13.920000076293945,14.007499694824219,848743,0.0,0.0
2024-02-22 14:30:00-05:00,14.005000114440918,14.010000228881836,13.95300006866455,13.970000267028809,1008580,0.0,0.0
2024-02-22 15:30:00-05:00,13.970000267028809,14.029999732971191,13.960000038146973,13.979999542236328,1398434,0.0,0.0
2024-02-23 09:30:00-05:00,14.039999961853027,14.390000343322754,14.010000228881836,14.244999885559082,3588643,0.0,0.0
2024-02-23 10:30:00-05:00,14.249899864196777,14.378800392150879,14.100000381469727,14.239999771118164,2550410,0.0,0.0
2024-02-23 11:30:00-05:00,14.244999885559082,14.489999771118164,14.239999771118164,14.411499977111816,2692964,0.0,0.0
2024-02-23 12:30:00-05:00,14.420000076293945,14.46500015258789,14.369999885559082,14.428500175476074,1101039,0.0,0.0
2024-02-23 13:30:00-05:00,14.428799629211426,14.449999809265137,14.350000381469727,14.4399995803833,1112536,0.0,0.0
2024-02-23 14:30:00-05:00,14.4399995803833,14.5,14.430000305175781,14.470000267028809,1817506,0.0,0.0
2024-02-23 15:30:00-05:00,14.475000381469727,14.5,14.420100212097168,14.489999771118164,2283095,0.0,0.0
2024-02-26 09:30:00-05:00,14.710000038146973,15.220000267028809,14.680000305175781,14.970000267028809,6806493,0.0,0.0
2024-02-26 10:30:00-05:00,14.970000267028809,15.140000343322754,14.970000267028809,15.069999694824219,2877796,0.0,0.0
2024-02-26 11:30:00-05:00,15.069999694824219,15.135000228881836,14.9399995803833,15.100099563598633,2025937,0.0,0.0
2024-02-26 12:30:00-05:00,15.100000381469727,15.380000114440918,15.085000038146973,15.289999961853027,3265284,0.0,0.0
2024-02-26 13:30:00-05:00,15.289999961853027,15.479900360107422,15.270000457763672,15.46500015258789,2885950,0.0,0.0
2024-02-26 14:30:00-05:00,15.460000038146973,15.600000381469727,15.390000343322754,15.545000076293945,4953029,0.0,0.0
2024-02-26 15:30:00-05:00,15.545000076293945,15.609999656677246,15.470100402832031,15.59000015258789,3942300,0.0,0.0
2024-02-27 09:30:00-05:00,15.979999542236328,16.25,15.75,15.914999961853027,8093641,0.0,0.0
2024-02-27 10:30:00-05:00,15.90999984741211,15.949999809265137,15.550000190734863,15.8100004196167,3491639,0.0,0.0
2024-02-27 11:30:00-05:00,15.805000305175781,16.09000015258789,15.805000305175781,16.007999420166016,3151604,0.0,0.0
2024-02-27 12:30:00-05:00,16.0,16.040000915527344,15.824999809265137,15.960000038146973,1426724,0.0,0.0
2024-02-27 13:30:00-05:00,15.954999923706055,16.135000228881836,15.950300216674805,16.135000228881836,1674358,0.0,0.0
2024-02-27 14:30:00-05:00,16.135000228881836,16.290000915527344,16.110000610351562,16.18000030517578,3262548,0.0,0.0
2024-02-27 15:30:00-05:00,16.172000885009766,16.25,16.149999618530273,16.25,2419699,0.0,0.0
2024-02-28 09:30:00-05:00,16.059999465942383,16.25,15.899999618530273,16.059999465942383,6188780,0.0,0.0
2024-02-28 10:30:00-05:00,16.059999465942383,16.280000686645508,15.949999809265137,16.274999618530273,3186325,0.0,0.0
2024-02-28 11:30:00-05:00,16.270000457763672,16.530000686645508,16.125,16.135000228881836,3810164,0.0,0.0
2024-02-28 12:30:00-05:00,16.130300521850586,16.219999313354492,15.970000267028809,16.049999237060547,4131095,0.0,0.0
2024-02-28 13:30:00-05:00,16.05500030517578,16.18000030517578,15.970000267028809,16.094999313354492,1932551,0.0,0.0
2024-02-28 14:30:00-05:00,16.09000015258789,16.100000381469727,16.030000686645508,16.059999465942383,1776929,0.0,0.0
2024-02-28 15:30:00-05:00,16.059999465942383,16.15999984741211,16.049999237060547,16.1299991607666,2987744,0.0,0.0
2024-02-29 09:30:00-05:00,16.149999618530273,16.170000076293945,15.65999984741211,15.875,4802949,0.0,0.0
2024-02-29 10:30:00-05:00,15.875,16.100000381469727,15.800000190734863,15.970000267028809,2686582,0.0,0.0
2024-02-29 11:30:00-05:00,15.96500015258789,16.239999771118164,15.890000343322754,16.174999237060547,2850934,0.0,0.0
2024-02-29 12:30:00-05:00,16.174999237060547,16.510000228881836,16.15999984741211,16.41629981994629,2740641,0.0,0.0
2024-02-29 13:30:00-05:00,16.420000076293945,16.450000762939453,16.290000915527344,16.329999923706055,1277610,0.0,0.0
2024-02-29 14:30:00-05:00,16.329999923706055,16.3799991607666,16.25,16.274999618530273,1398305,0.0,0.0
2024-02-29 15:30:00-05:00,16.280000686645508,16.329999923706055,16.229999542236328,16.299999237060547,2017515,0.0,0.0
2024-03-01 09:30:00-05:00,16.40239906311035,16.479999542236328,16.1299991607666,16.44729995727539,1564229,0.0,0.0
2024-03-01 10:30:00-05:00,16.44499969482422,16.59000015258789,16.385000228881836,16.549999237060547,3099936,0.0,0.0
2024-03-01 11:30:00-05:00,16.545000076293945,16.55500030517578,16.434999465942383,16.46500015258789,951337,0.0,0.0
2024-03-01 12:30:00-05:00,16.460100173950195,16.600000381469727,16.43000030517578,16.485000610351562,1764701,0.0,0.0
2024-03-01 13:30:00-05:00,16.479999542236328,16.59000015258789,16.459999084472656,16.540000915527344,1491628,0.0,0.0
2024-03-01 14:30:00-05:00,16.545000076293945,16.549999237060547,16.3700008392334,16.489999771118164,1448664,0.0,0.0
2024-03-01 15:30:00-05:00,16.485000610351562,16.600000381469727,16.450000762939453,16.579999923706055,1980668,0.0,0.0
2024-03-04 09:30:00-05:00,16.950000762939453,17.219999313354492,16.774999618530273,16.854999542236328,5443169,0.0,0.0
2024-03-04 10:30:00-05:00,16.860000610351562,16.899999618530273,16.649999618530273,16.690000534057617,0,0.0,0.0
2024-03-04 11:30:00-05:00,16.690000534057617,16.850000381469727,16.6299991607666,16.845800399780273,1082599,0.0,0.0
2024-03-04 12:30:00-05:00,16.849899291992188,16.899999618530273,16.649999618530273,16.655000686645508,965499,0.0,0.0
2024-03-04 13:30:00-05:00,16.65999984741211,16.729000091552734,16.635000228881836,16.729000091552734,598289,0.0,0.0
2024-03-04 14:30:00-05:00,16.725000381469727,16.899999618530273,16.709999084472656,16.834999084472656,1112380,0.0,0.0
2024-03-04 15:30:00-05:00,16.829999923706055,16.854999542236328,16.59000015258789,16.625,7357286,0.0,0.0
2024-03-05 09:30:00-05:00,16.25,16.329999923706055,15.75,15.753000259399414,4906513,0.0,0.0
2024-03-05 10:30:00-05:00,15.755000114440918,15.949999809265137,15.65999984741211,15.71500015258789,3004740,0.0,0.0
2024-03-05 11:30:00-05:00,15.819999694824219,16.010000228881836,15.75,15.994999885559082,0,0.0,0.0
2024-03-05 12:30:00-05:00,15.997099876403809,16.040000915527344,15.920000076293945,15.920000076293945,641045,0.0,0.0
2024-03-05 13:30:00-05:00,15.914999961853027,16.030000686645508,15.910200119018555,15.960000038146973,447969,0.0,0.0
2024-03-05 14:30:00-05:00,15.9552001953125,15.960000038146973,15.694999694824219,15.765000343322754,1191241,0.0,0.0
2024-03-05 15:30:00-05:00,15.760000228881836,15.9399995803833,15.720000267028809,15.9399995803833,8137292,0.0,0.0
2024-03-06 09:30:00-05:00,16.059999465942383,16.14780044555664,15.770000457763672,15.970000267028809,2652863,0.0,0.0
2024-03-06 10:30:00-05:00,15.96500015258789,16.31999969482422,15.949999809265137,16.270000457763672,102460,0.0,0.0
2024-03-06 11:30:00-05:00,16.274999618530273,16.56999969482422,16.200000762939453,16.469999313354492,1249124,0.0,0.0
2024-03-06 12:30:00-05:00,16.469999313354492,16.55500030517578,16.3799991607666,16.5049991607666,828875,0.0,0.0
2024-03-06 13:30:00-05:00,16.5049991607666,16.524999618530273,16.329999923706055,16.520000457763672,598996,0.0,0.0
2024-03-06 14:30:00-05:00,16.530000686645508,16.584999084472656,16.430099487304688,16.454999923706055,950094,0.0,0.0
2024-03-06 15:30:00-05:00,16.459999084472656,16.46500015258789,16.329999923706055,16.395000457763672,5606386,0.0,0.0
2024-03-07 09:30:00-05:00,16.6200008392334,16.6200008392334,16.1299991607666,16.239999771118164,2800752,0.0,0.0
2024-03-07 10:30:00-05:00,16.2450008392334,16.399999618530273,16.18000030517578,16.3799991607666,1429898,0.0,0.0
2024-03-07 11:30:00-05:00,16.375,16.399999618530273,16.270000457763672,16.360000610351562,1049048,0.0,0.0
2024-03-07 12:30:00-05:00,16.36009979248047,16.450000762939453,16.360000610351562,16.434999465942383,841591,0.0,0.0
2024-03-07 13:30:00-05:00,16.440000534057617,16.450199127197266,16.34000015258789,16.385000228881836,762260,0.0,0.0
2024-03-07 14:30:00-05:00,16.3799991607666,16.420000076293945,16.31999969482422,16.395000457763672,971687,0.0,0.0
2024-03-07 15:30:00-05:00,16.395000457763672,16.420000076293945,16.344999313354492,16.360000610351562,1523961,0.0,0.0
2024-03-08 09:30:00-05:00,16.649999618530273,17.610000610351562,16.639999389648438,17.610000610351562,6325891,0.0,0.0
2024-03-08 10:30:00-05:00,17.610000610351562,17.6200008392334,16.889999389648438,16.915000915527344,4334253,0.0,0.0
2024-03-08 11:30:00-05:00,16.90999984741211,17.050100326538086,16.82069969177246,16.920000076293945,2040109,0.0,0.0
2024-03-08 12:30:00-05:00,16.920000076293945,17.170000076293945,16.90999984741211,16.979999542236328,1656560,0.0,0.0
2024-03-08 13:30:00-05:00,16.979999542236328,17.0049991607666,16.850000381469727,16.954999923706055,836135,0.0,0.0
2024-03-08 14:30:00-05:00,16.954999923706055,17.104999542236328,16.954999923706055,16.989999771118164,1753295,0.0,0.0
2024-03-08 15:30:00-05:00,16.985000610351562,17.010000228881836,16.934999465942383,16.985000610351562,1932001,0.0,0.0
2024-03-11 09:30:00-04:00,17.229999542236328,17.440000534057617,16.959999084472656,17.329999923706055,4830824,0.0,0.0
2024-03-11 10:30:00-04:00,17.334999084472656,17.450000762939453,17.18000030517578,17.225000381469727,2231576,0.0,0.0
2024-03-11 11:30:00-04:00,17.219999313354492,17.297500610351562,17.100000381469727,17.281200408935547,1253617,0.0,0.0
2024-03-11 12:30:00-04:00,17.28499984741211,17.34000015258789,17.225000381469727,17.339500427246094,972052,0.0,0.0
2024-03-11 13:30:00-04:00,17.334999084472656,17.360000610351562,17.15999984741211,17.174999237060547,1157995,0.0,0.0
2024-03-11 14:30:00-04:00,17.174999237060547,17.18000030517578,16.860000610351562,16.889999389648438,1792528,0.0,0.0
2024-03-11 15:30:00-04:00,16.889999389648438,16.9060001373291,16.760000228881836,16.850000381469727,2081141,0.0,0.0
2024-03-12 09:30:00-04:00,16.8799991607666,16.899999618530273,16.190000534057617,16.5049991607666,3051524,0.0,0.0
2024-03-12 10:30:00-04:00,16.5049991607666,16.649999618530273,16.334999084472656,16.649999618530273,1522583,0.0,0.0
2024-03-12 11:30:00-04:00,16.644500732421875,16.645000457763672,16.43000030517578,16.44029998779297,989394,0.0,0.0
2024-03-12 12:30:00-04:00,16.450000762939453,16.450000762939453,16.200000762939453,16.219999313354492,1500974,0.0,0.0
2024-03-12 13:30:00-04:00,16.219999313354492,16.40999984741211,16.209999084472656,16.385000228881836,1253411,0.0,0.0
2024-03-12 14:30:00-04:00,16.3799991607666,16.489999771118164,16.329999923706055,16.489900588989258,823762,0.0,0.0
2024-03-12 15:30:00-04:00,16.485000610351562,16.510000228881836,16.34000015258789,16.3799991607666,2380538,0.0,0.0
2024-03-13 09:30:00-04:00,16.309999465942383,17.159900665283203,16.229999542236328,17.149700164794922,3332010,0.0,0.0
2024-03-13 10:30:00-04:00,17.139999389648438,17.360000610351562,16.979999542236328,17.299999237060547,2654624,0.0,0.0
2024-03-13 11:30:00-04:00,17.290000915527344,17.299999237060547,17.142799377441406,17.15999984741211,1442371,0.0,0.0
2024-03-13 12:30:00-04:00,17.15999984741211,17.21500015258789,17.09000015258789,17.1200008392334,682318,0.0,0.0
2024-03-13 13:30:00-04:00,17.1299991607666,17.179899215698242,17.110000610351562,17.16010093688965,595927,0.0,0.0
2024-03-13 14:30:00-04:00,17.170000076293945,17.260000228881836,17.080299377441406,17.114999771118164,1182660,0.0,0.0
2024-03-13 15:30:00-04:00,17.114999771118164,17.170000076293945,17.06999969482422,17.15999984741211,1557280,0.0,0.0
2024-03-14 09:30:00-04:00,19.1200008392334,19.229999542236328,18.020000457763672,18.364999771118164,18231988,0.0,0.0
2024-03-14 10:30:00-04:00,18.365999221801758,18.559999465942383,18.18000030517578,18.3700008392334,6738108,0.0,0.0
2024-03-14 11:30:00-04:00,18.369699478149414,18.759000778198242,18.049999237060547,18.13990020751953,7779160,0.0,0.0
2024-03-14 12:30:00-04:00,18.1299991607666,18.25,17.93000030517578,18.05500030517578,3414107,0.0,0.0
2024-03-14 13:30:00-04:00,18.059600830078125,18.149999618530273,17.96109962463379,18.09000015258789,2081351,0.0,0.0
2024-03-14 14:30:00-04:00,18.08989906311035,18.13599967956543,17.93000030517578,17.979000091552734,3991060,0.0,0.0
2024-03-14 15:30:00-04:00,17.975000381469727,18.059999465942383,17.7450008392334,18.049999237060547,4468307,0.0,0.0
2024-03-15 09:30:00-04:00,17.818099975585938,18.360000610351562,17.5,18.190000534057617,3292331,0.0,0.0
2024-03-15 10:30:00-04:00,18.190000534057617,18.350000381469727,18.1200008392334,18.249900817871094,1201203,0.0,0.0
2024-03-15 11:30:00-04:00,18.229999542236328,18.235000610351562,17.940000534057617,18.020000457763672,911514,0.0,0.0
2024-03-15 12:30:00-04:00,18.010000228881836,18.040000915527344,17.889999389648438,18.02050018310547,582075,0.0,0.0
2024-03-15 13:30:00-04:00,18.024999618530273,18.170000076293945,17.979999542236328,18.125,580648,0.0,0.0
2024-03-15 14:30:00-04:00,18.1200008392334,18.350000381469727,18.1200008392334,18.225000381469727,1179611,0.0,0.0
2024-03-15 15:30:00-04:00,18.229999542236328,18.239999771118164,18.125,18.139999389648438,1164618,0.0,0.0
2024-03-18 09:30:00-04:00,18.040000915527344,18.329999923706055,17.834999084472656,18.09869956970215,3444209,0.0,0.0
2024-03-18 10:30:00-04:00,18.100000381469727,18.21940040588379,18.0,18.040199279785156,1566409,0.0,0.0
2024-03-18 11:30:00-04:00,18.036399841308594,18.40999984741211,18.00200080871582,18.299800872802734,1489084,0.0,0.0
2024-03-18 12:30:00-04:00,18.298599243164062,18.364999771118164,18.0,18.145000457763672,1639287,0.0,0.0
2024-03-18 13:30:00-04:00,18.145000457763672,18.260000228881836,18.1200008392334,18.145000457763672,1174763,0.0,0.0
2024-03-18 14:30:00-04:00,18.145000457763672,18.270000457763672,18.139999389648438,18.264999389648438,1289450,0.0,0.0
2024-03-18 15:30:00-04:00,18.264999389648438,18.267499923706055,18.18000030517578,18.200000762939453,1563146,0.0,0.0
2024-03-19 09:30:00-04:00,17.719999313354492,17.829999923706055,16.729999542236328,16.7450008392334,5267112,0.0,0.0
2024-03-19 10:30:00-04:00,16.739999771118164,17.030000686645508,16.695199966430664,16.982799530029297,2075390,0.0,0.0
2024-03-19 11:30:00-04:00,16.989999771118164,17.190000534057617,16.989999771118164,17.162500381469727,1451331,0.0,0.0
2024-03-19 12:30:00-04:00,17.165000915527344,17.360000610351562,17.100000381469727,17.302499771118164,1522607,0.0,0.0
2024-03-19 13:30:00-04:00,17.302499771118164,17.315000534057617,17.170000076293945,17.225000381469727,717594,0.0,0.0
2024-03-19 14:30:00-04:00,17.219999313354492,17.280000686645508,17.139999389648438,17.260000228881836,761159,0.0,0.0
2024-03-19 15:30:00-04:00,17.258899688720703,17.329999923706055,17.219999313354492,17.229999542236328,1578976,0.0,0.0
2024-03-20 09:30:00-04:00,17.238000869750977,17.760000228881836,17.1200008392334,17.719100952148438,2133037,0.0,0.0
2024-03-20 10:30:00-04:00,17.710800170898438,18.09000015258789,17.59000015258789,18.03260040283203,2383602,0.0,0.0
2024-03-20 11:30:00-04:00,18.030000686645508,18.06999969482422,17.889999389648438,17.90999984741211,1244237,0.0,0.0
2024-03-20 12:30:00-04:00,17.900999069213867,17.959999084472656,17.795000076293945,17.90999984741211,572181,0.0,0.0
2024-03-20 13:30:00-04:00,17.915000915527344,18.209999084472656,17.850000381469727,18.06999969482422,1207399,0.0,0.0
2024-03-20 14:30:00-04:00,18.075000762939453,18.540000915527344,17.899999618530273,18.514999389648438,2787902,0.0,0.0
2024-03-20 15:30:00-04:00,18.510099411010742,18.559999465942383,18.350000381469727,18.559999465942383,3039161,0.0,0.0
2024-03-21 09:30:00-04:00,18.65999984741211,19.270000457763672,18.399999618530273,19.204999923706055,4921858,0.0,0.0
2024-03-21 10:30:00-04:00,19.200000762939453,19.415000915527344,19.110000610351562,19.190099716186523,3265331,0.0,0.0
2024-03-21 11:30:00-04:00,19.19499969482422,19.264999389648438,19.1200008392334,19.225000381469727,1398040,0.0,0.0
2024-03-21 12:30:00-04:00,19.219999313354492,19.309999465942383,19.180099487304688,19.25,1130371,0.0,0.0
2024-03-21 13:30:00-04:00,19.239999771118164,19.270000457763672,18.920000076293945,19.066299438476562,1548705,0.0,0.0
2024-03-21 14:30:00-04:00,19.06999969482422,19.104999542236328,18.971200942993164,19.09000015258789,910823,0.0,0.0
2024-03-21 15:30:00-04:00,19.084999084472656,19.131399154663086,19.059999465942383,19.059999465942383,1854928,0.0,0.0
2024-03-22 09:30:00-04:00,18.639999389648438,18.945999145507812,18.280000686645508,18.485000610351562,3333742,0.0,0.0
2024-03-22 10:30:00-04:00,18.499900817871094,18.6299991607666,18.364999771118164,18.625,1034764,0.0,0.0
2024-03-22 11:30:00-04:00,18.6299991607666,18.649999618530273,18.459999084472656,18.510000228881836,770721,0.0,0.0
2024-03-22 12:30:00-04:00,18.5049991607666,18.510000228881836,18.420000076293945,18.503999710083008,701971,0.0,0.0
2024-03-22 13:30:00-04:00,18.509899139404297,18.540000915527344,18.399999618530273,18.440000534057617,1151004,0.0,0.0
2024-03-22 14:30:00-04:00,18.439699172973633,18.459999084472656,18.239999771118164,18.30660057067871,1345977,0.0,0.0
2024-03-22 15:30:00-04:00,18.30500030517578,18.350000381469727,18.25,18.299999237060547,2053190,0.0,0.0
2024-03-25 09:30:00-04:00,18.399999618530273,19.06999969482422,18.3700008392334,18.7450008392334,5376604,0.0,0.0
2024-03-25 10:30:00-04:00,18.75,18.760000228881836,18.56999969482422,18.743999481201172,1628852,0.0,0.0
2024-03-25 11:30:00-04:00,18.75,18.875,18.665000915527344,18.780000686645508,1243347,0.0,0.0
2024-03-25 12:30:00-04:00,18.780000686645508,19.020000457763672,18.729999542236328,18.940000534057617,1598013,0.0,0.0
2024-03-25 13:30:00-04:00,18.934999465942383,19.09000015258789,18.934999465942383,19.069900512695312,1202149,0.0,0.0
2024-03-25 14:30:00-04:00,19.059999465942383,19.069700241088867,18.952199935913086,19.001300811767578,1568818,0.0,0.0
2024-03-25 15:30:00-04:00,19.0049991607666,19.100000381469727,19.0,19.079999923706055,2144134,0.0,0.0
2024-03-26 09:30:00-04:00,19.309999465942383,19.609899520874023,19.219999313354492,19.22599983215332,3940473,0.0,0.0
2024-03-26 10:30:00-04:00,19.225000381469727,19.408000946044922,19.174999237060547,19.344999313354492,1093373,0.0,0.0
2024-03-26 11:30:00-04:00,19.344999313354492,19.405000686645508,19.16200065612793,19.21500015258789,847188,0.0,0.0
2024-03-26 12:30:00-04:00,19.21500015258789,19.30500030517578,19.184999465942383,19.290000915527344,716864,0.0,0.0
2024-03-26 13:30:00-04:00,19.281999588012695,19.395000457763672,19.219999313354492,19.349700927734375,746246,0.0,0.0
2024-03-26 14:30:00-04:00,19.344999313354492,19.489999771118164,19.260000228881836,19.260000228881836,1359414,0.0,0.0
2024-03-26 15:30:00-04:00,19.260000228881836,19.32659912109375,19.219999313354492,19.280000686645508,1921544,0.0,0.0
2024-03-27 09:30:00-04:00,20.510000228881836,20.540000915527344,19.6200008392334,19.844999313354492,13819660,0.0,0.0
2024-03-27 10:30:00-04:00,19.850000381469727,20.079999923706055,19.7549991607666,19.831499099731445,3227976,0.0,0.0
2024-03-27 11:30:00-04:00,19.83989906311035,19.975000381469727,19.770700454711914,19.95989990234375,1566724,0.0,0.0
2024-03-27 12:30:00-04:00,19.954999923706055,20.354999542236328,19.920000076293945,20.15999984741211,3584652,0.0,0.0
2024-03-27 13:30:00-04:00,20.165000915527344,20.165000915527344,19.950000762939453,20.00160026550293,2064764,0.0,0.0
2024-03-27 14:30:00-04:00,20.010000228881836,20.040000915527344,19.829999923706055,19.895000457763672,2442317,0.0,0.0
2024-03-27 15:30:00-04:00,19.899999618530273,20.0,19.799999237060547,20.0,2860445,0.0,0.0
2024-03-28 09:30:00-04:00,20.010000228881836,20.53499984741211,19.8799991607666,20.270099639892578,4795244,0.0,0.0
2024-03-28 10:30:00-04:00,20.274999618530273,20.399999618530273,19.979999542236328,20.059999465942383,3020646,0.0,0.0
2024-03-28 11:30:00-04:00,20.065000534057617,20.149999618530273,19.989999771118164,20.09000015258789,1290879,0.0,0.0
2024-03-28 12:30:00-04:00,20.09000015258789,20.09000015258789,19.920000076293945,20.0,1504628,0.0,0.0
2024-03-28 13:30:00-04:00,19.9950008392334,20.1299991607666,19.985000610351562,20.014999389648438,1036793,0.0,0.0
2024-03-28 14:30:00-04:00,20.014999389648438,20.09000015258789,19.959999084472656,20.020000457763672,1467088,0.0,0.0
2024-03-28 15:30:00-04:00,20.024999618530273,20.165000915527344,19.989999771118164,20.1299991607666,2319081,0.0,0.0
2024-04-01 09:30:00-04:00,19.972000122070312,20.149999618530273,19.579999923706055,19.905000686645508,3148514,0.0,0.0
2024-04-01 10:30:00-04:00,19.905000686645508,19.950199127197266,19.56999969482422,19.7406005859375,2735904,0.0,0.0
2024-04-01 11:30:00-04:00,19.7450008392334,19.760000228881836,19.469999313354492,19.628999710083008,2606802,0.0,0.0
2024-04-01 12:30:00-04:00,19.6299991607666,19.639999389648438,19.3700008392334,19.420000076293945,1168382,0.0,0.0
2024-04-01 13:30:00-04:00,19.424999237060547,19.540000915527344,19.405000686645508,19.524999618530273,869722,0.0,0.0
2024-04-01 14:30:00-04:00,19.524999618530273,19.559900283813477,19.46500015258789,19.5,1490741,0.0,0.0
2024-04-01 15:30:00-04:00,19.4950008392334,19.5049991607666,19.389999389648438,19.389999389648438,2528053,0.0,0.0
2024-04-02 09:30:00-04:00,18.389999389648438,19.200000762939453,18.030000686645508,19.190000534057617,6574108,0.0,0.0
2024-04-02 10:30:00-04:00,19.18000030517578,19.329999923706055,19.09000015258789,19.21500015258789,2172948,0.0,0.0
2024-04-02 11:30:00-04:00,19.21500015258789,19.264999389648438,18.96500015258789,19.045000076293945,1406182,0.0,0.0
2024-04-02 12:30:00-04:00,19.043699264526367,19.219999313354492,19.020000457763672,19.03499984741211,1062040,0.0,0.0
2024-04-02 13:30:00-04:00,19.03499984741211,19.110000610351562,19.012500762939453,19.03499984741211,820230,0.0,0.0
2024-04-02 14:30:00-04:00,19.038000106811523,19.109899520874023,19.030000686645508,19.065000534057617,1064327,0.0,0.0
2024-04-02 15:30:00-04:00,19.065000534057617,19.239999771118164,19.059999465942383,19.219999313354492,1686008,0.0,0.0
2024-04-03 09:30:00-04:00,18.897899627685547,19.540000915527344,18.860000610351562,19.424999237060547,2715693,0.0,0.0
2024-04-03 10:30:00-04:00,19.43000030517578,19.5,19.315000534057617,19.329999923706055,1287046,0.0,0.0
2024-04-03 11:30:00-04:00,19.330799102783203,19.424999237060547,19.25,19.415000915527344,901601,0.0,0.0
2024-04-03 12:30:00-04:00,19.415000915527344,19.4950008392334,19.31999969482422,19.489999771118164,654347,0.0,0.0
2024-04-03 13:30:00-04:00,19.489999771118164,19.5,19.399999618530273,19.405000686645508,526224,0.0,0.0
2024-04-03 14:30:00-04:00,19.399999618530273,19.450000762939453,19.260000228881836,19.274999618530273,707454,0.0,0.0
2024-04-03 15:30:00-04:00,19.270000457763672,19.31999969482422,19.190000534057617,19.209999084472656,1063364,0.0,0.0
2024-04-04 09:30:00-04:00,19.209999084472656,19.290000915527344,18.7450008392334,18.924999237060547,4488133,0.0,0.0
2024-04-04 10:30:00-04:00,18.93000030517578,19.010000228881836,18.81999969482422,18.829999923706055,1743616,0.0,0.0
2024-04-04 11:30:00-04:00,18.825000762939453,18.90999984741211,18.7810001373291,18.829999923706055,1099472,0.0,0.0
2024-04-04 12:30:00-04:00,18.829999923706055,18.860000610351562,18.75,18.809999465942383,1034172,0.0,0.0
2024-04-04 13:30:00-04:00,18.80500030517578,18.84000015258789,18.53499984741211,18.53499984741211,1258693,0.0,0.0
2024-04-04 14:30:00-04:00,18.530000686645508,18.56999969482422,18.300199508666992,18.325000762939453,2081958,0.0,0.0
2024-04-04 15:30:00-04:00,18.325000762939453,18.4950008392334,18.31999969482422,18.469999313354492,2135509,0.0,0.0
2024-04-05 09:30:00-04:00,18.229999542236328,18.825000762939453,17.8700008392334,18.599899291992188,3364903,0.0,0.0
2024-04-05 10:30:00-04:00,18.610000610351562,18.770000457763672,18.489999771118164,18.540000915527344,1292723,0.0,0.0
2024-04-05 11:30:00-04:00,18.530000686645508,18.649999618530273,18.479999542236328,18.4950008392334,1070603,0.0,0.0
2024-04-05 12:30:00-04:00,18.4950008392334,18.56999969482422,18.43000030517578,18.5049991607666,1162603,0.0,0.0
2024-04-05 13:30:00-04:00,18.5049991607666,18.579999923706055,18.405000686645508,18.405000686645508,1162971,0.0,0.0
2024-04-05 14:30:00-04:00,18.405000686645508,18.5,18.375,18.46500015258789,1102024,0.0,0.0
2024-04-05 15:30:00-04:00,18.46500015258789,18.485000610351562,18.3799991607666,18.40999984741211,1713518,0.0,0.0
2024-04-08 09:30:00-04:00,19.0,19.100000381469727,18.450000762939453,18.592500686645508,2729459,0.0,0.0
2024-04-08 10:30:00-04:00,18.59000015258789,18.815000534057617,18.5,18.770000457763672,1015820,0.0,0.0
2024-04-08 11:30:00-04:00,18.760000228881836,18.829999923706055,18.690000534057617,18.774999618530273,763009,0.0,0.0
2024-04-08 12:30:00-04:00,18.770000457763672,18.789899826049805,18.68000030517578,18.681499481201172,576738,0.0,0.0
2024-04-08 13:30:00-04:00,18.684999465942383,18.725000381469727,18.610000610351562,18.639999389648438,568696,0.0,0.0
2024-04-08 14:30:00-04:00,18.649999618530273,18.655000686645508,18.5049991607666,18.55500030517578,736505,0.0,0.0
2024-04-08 15:30:00-04:00,18.549999237060547,18.575000762939453,18.479999542236328,18.56999969482422,1208848,0.0,0.0
2024-04-09 09:30:00-04:00,18.65999984741211,18.75,18.280000686645508,18.28499984741211,1692502,0.0,0.0
2024-04-09 10:30:00-04:00,18.28499984741211,18.28499984741211,18.000099182128906,18.155000686645508,1524595,0.0,0.0
2024-04-09 11:30:00-04:00,18.155000686645508,18.43000030517578,18.100000381469727,18.420000076293945,706533,0.0,0.0
2024-04-09 12:30:00-04:00,18.4197998046875,18.450000762939453,18.350000381469727,18.434999465942383,577486,0.0,0.0
2024-04-09 13:30:00-04:00,18.43000030517578,18.450000762939453,18.364999771118164,18.375,688470,0.0,0.0
2024-04-09 14:30:00-04:00,18.375,18.3799991607666,18.250099182128906,18.360000610351562,776525,0.0,0.0
2024-04-09 15:30:00-04:00,18.360000610351562,18.385000228881836,18.2549991607666,18.309999465942383,1033161,0.0,0.0
2024-04-10 09:30:00-04:00,17.65999984741211,18.3799991607666,17.59000015258789,18.360000610351562,2856273,0.0,0.0
2024-04-10 10:30:00-04:00,18.354999542236328,18.440000534057617,18.225000381469727,18.280000686645508,988075,0.0,0.0
2024-04-10 11:30:00-04:00,18.288799285888672,18.290000915527344,18.13170051574707,18.270000457763672,707083,0.0,0.0
2024-04-10 12:30:00-04:00,18.270000457763672,18.334999084472656,18.094999313354492,18.28499984741211,562870,0.0,0.0
2024-04-10 13:30:00-04:00,18.28499984741211,18.290000915527344,18.1299991607666,18.135000228881836,538619,0.0,0.0
2024-04-10 14:30:00-04:00,18.135000228881836,18.299999237060547,18.1200008392334,18.2450008392334,673932,0.0,0.0
2024-04-10 15:30:00-04:00,18.2450008392334,18.364999771118164,18.200199127197266,18.329999923706055,915881,0.0,0.0
2024-04-11 09:30:00-04:00,17.700000762939453,18.299999237060547,17.700000762939453,18.190000534057617,3350637,0.0,0.0
2024-04-11 10:30:00-04:00,18.184999465942383,18.389999389648438,18.18000030517578,18.315000534057617,1899986,0.0,0.0
2024-04-11 11:30:00-04:00,18.315000534057617,18.655000686645508,18.290000915527344,18.629899978637695,1487990,0.0,0.0
2024-04-11 12:30:00-04:00,18.625,18.81999969482422,18.584999084472656,18.78499984741211,1188261,0.0,0.0
2024-04-11 13:30:00-04:00,18.78499984741211,18.844999313354492,18.72369956970215,18.81999969482422,847715,0.0,0.0
2024-04-11 14:30:00-04:00,18.825000762939453,18.969999313354492,18.809999465942383,18.954999923706055,1824297,0.0,0.0
2024-04-11 15:30:00-04:00,18.954999923706055,19.048900604248047,18.943099975585938,18.9950008392334,2541198,0.0,0.0
2024-04-12 09:30:00-04:00,18.8700008392334,18.885000228881836,18.479999542236328,18.645000457763672,2372974,0.0,0.0
2024-04-12 10:30:00-04:00,18.645000457763672,18.78499984741211,18.510000228881836,18.575000762939453,935584,0.0,0.0
2024-04-12 11:30:00-04:00,18.579999923706055,18.594999313354492,18.350000381469727,18.395000457763672,648526,0.0,0.0
2024-04-12 12:30:00-04:00,18.3799991607666,18.395000457763672,18.149999618530273,18.18000030517578,703650,0.0,0.0
2024-04-12 13:30:00-04:00,18.174999237060547,18.18000030517578,18.075000762939453,18.078500747680664,741836,0.0,0.0
2024-04-12 14:30:00-04:00,18.07990074157715,18.07990074157715,17.829999923706055,17.864999771118164,1842547,0.0,0.0
2024-04-12 15:30:00-04:00,17.864999771118164,17.989999771118164,17.84000015258789,17.969999313354492,1163682,0.0,0.0
2024-04-15 09:30:00-04:00,18.09000015258789,18.260000228881836,17.8799991607666,17.950000762939453,1944904,0.0,0.0
2024-04-15 10:30:00-04:00,17.940000534057617,18.09000015258789,17.6200008392334,17.729999542236328,1583275,0.0,0.0
2024-04-15 11:30:00-04:00,17.739999771118164,17.799999237060547,17.510000228881836,17.530000686645508,1161527,0.0,0.0
2024-04-15 12:30:00-04:00,17.524999618530273,17.524999618530273,17.21150016784668,17.21150016784668,1934812,0.0,0.0
2024-04-15 13:30:00-04:00,17.212400436401367,17.270000457763672,17.014999389648438,17.06999969482422,1916468,0.0,0.0
2024-04-15 14:30:00-04:00,17.059999465942383,17.18000030517578,16.975000381469727,17.06999969482422,2132758,0.0,0.0
2024-04-15 15:30:00-04:00,17.065000534057617,17.239999771118164,17.045000076293945,17.190000534057617,2178768,0.0,0.0
2024-04-16 09:30:00-04:00,17.1299991607666,17.15999984741211,16.84000015258789,17.020000457763672,2109275,0.0,0.0
2024-04-16 10:30:00-04:00,17.020000457763672,17.385000228881836,16.980100631713867,17.375,1840352,0.0,0.0
2024-04-16 11:30:00-04:00,17.3799991607666,17.424999237060547,17.2450008392334,17.30500030517578,1051045,0.0,0.0
2024-04-16 12:30:00-04:00,17.30500030517578,17.459999084472656,17.299999237060547,17.420000076293945,519754,0.0,0.0
2024-04-16 13:30:00-04:00,17.40999984741211,17.579999923706055,17.274999618530273,17.360000610351562,1026115,0.0,0.0
2024-04-16 14:30:00-04:00,17.359899520874023,17.520000457763672,17.354999542236328,17.475299835205078,792952,0.0,0.0
2024-04-16 15:30:00-04:00,17.469999313354492,17.475000381469727,17.290000915527344,17.299999237060547,1324073,0.0,0.0
2024-04-17 09:30:00-04:00,17.399999618530273,17.450000762939453,16.93000030517578,17.040000915527344,1390120,0.0,0.0
2024-04-17 10:30:00-04:00,17.030000686645508,17.05500030517578,16.770000457763672,16.770000457763672,1115751,0.0,0.0
2024-04-17 11:30:00-04:00,16.7549991607666,16.816499710083008,16.600000381469727,16.6299991607666,1600508,0.0,0.0
2024-04-17 12:30:00-04:00,16.62019920349121,16.834999084472656,16.459999084472656,16.834999084472656,1465089,0.0,0.0
2024-04-17 13:30:00-04:00,16.84000015258789,17.1299991607666,16.834999084472656,17.1200008392334,1051961,0.0,0.0
2024-04-17 14:30:00-04:00,17.1200008392334,17.290000915527344,16.989999771118164,17.03499984741211,1329645,0.0,0.0
2024-04-17 15:30:00-04:00,17.03030014038086,17.165000915527344,17.03030014038086,17.079999923706055,1444609,0.0,0.0
2024-04-18 09:30:00-04:00,17.18000030517578,17.280000686645508,16.889999389648438,17.21500015258789,1625843,0.0,0.0
2024-04-18 10:30:00-04:00,17.229999542236328,17.594999313354492,17.204999923706055,17.408700942993164,1679313,0.0,0.0
2024-04-18 11:30:00-04:00,17.40999984741211,17.424999237060547,17.280000686645508,17.399999618530273,715684,0.0,0.0
2024-04-18 12:30:00-04:00,17.399999618530273,17.40999984741211,17.079999923706055,17.184999465942383,771237,0.0,0.0
2024-04-18 13:30:00-04:00,17.18000030517578,17.184999465942383,16.94499969482422,17.045000076293945,724102,0.0,0.0
2024-04-18 14:30:00-04:00,17.045000076293945,17.110000610351562,16.985000610351562,17.079999923706055,617281,0.0,0.0
2024-04-18 15:30:00-04:00,17.075000762939453,17.110000610351562,17.045000076293945,17.100000381469727,1000343,0.0,0.0
2024-04-19 09:30:00-04:00,16.889999389648438,17.225000381469727,16.65999984741211,16.889999389648438,2285413,0.0,0.0
2024-04-19 10:30:00-04:00,16.895000457763672,17.030000686645508,16.764999389648438,16.86009979248047,873476,0.0,0.0
2024-04-19 11:30:00-04:00,16.864999771118164,16.889999389648438,16.600000381469727,16.610000610351562,1364455,0.0,0.0
2024-04-19 12:30:00-04:00,16.614999771118164,16.809999465942383,16.610000610351562,16.739999771118164,650848,0.0,0.0
2024-04-19 13:30:00-04:00,16.735000610351562,16.809900283813477,16.549999237060547,16.549999237060547,673098,0.0,0.0
2024-04-19 14:30:00-04:00,16.549999237060547,16.645000457763672,16.500099182128906,16.610000610351562,1029143,0.0,0.0
2024-04-19 15:30:00-04:00,16.604999542236328,16.665000915527344,16.53499984741211,16.6299991607666,1566334,0.0,0.0
2024-04-22 09:30:00-04:00,16.93000030517578,17.135000228881836,16.742000579833984,16.954999923706055,1788670,0.0,0.0
2024-04-22 10:30:00-04:00,16.96500015258789,16.975000381469727,16.6299991607666,16.764999389648438,767079,0.0,0.0
2024-04-22 11:30:00-04:00,16.764999389648438,17.049999237060547,16.764999389648438,17.03499984741211,812769,0.0,0.0
2024-04-22 12:30:00-04:00,17.040000915527344,17.21980094909668,16.969999313354492,17.21500015258789,749562,0.0,0.0
2024-04-22 13:30:00-04:00,17.219900131225586,17.344999313354492,17.170000076293945,17.309999465942383,843313,0.0,0.0
2024-04-22 14:30:00-04:00,17.306299209594727,17.344999313354492,17.170000076293945,17.229999542236328,715780,0.0,0.0
2024-04-22 15:30:00-04:00,17.219999313354492,17.280000686645508,17.150100708007812,17.190000534057617,905105,0.0,0.0
2024-04-23 09:30:00-04:00,17.239999771118164,17.75,17.049999237060547,17.709999084472656,1815536,0.0,0.0
2024-04-23 10:30:00-04:00,17.708999633789062,17.815000534057617,17.600000381469727,17.700000762939453,1345821,0.0,0.0
2024-04-23 11:30:00-04:00,17.70989990234375,17.719999313354492,17.575000762939453,17.670000076293945,642784,0.0,0.0
2024-04-23 12:30:00-04:00,17.674999237060547,17.704999923706055,17.545000076293945,17.625,425932,0.0,0.0
2024-04-23 13:30:00-04:00,17.6299991607666,17.709999084472656,17.604999542236328,17.700000762939453,619783,0.0,0.0
2024-04-23 14:30:00-04:00,17.704999923706055,17.7273006439209,17.610000610351562,17.645000457763672,723829,0.0,0.0
2024-04-23 15:30:00-04:00,17.639999389648438,17.649999618530273,17.584999084472656,17.639999389648438,893256,0.0,0.0
2024-04-24 09:30:00-04:00,17.670000076293945,17.889999389648438,17.371000289916992,17.399999618530273,1916269,0.0,0.0
2024-04-24 10:30:00-04:00,17.395000457763672,17.440000534057617,17.235000610351562,17.280000686645508,1023807,0.0,0.0
2024-04-24 11:30:00-04:00,17.28030014038086,17.349899291992188,17.139999389648438,17.15999984741211,788990,0.0,0.0
2024-04-24 12:30:00-04:00,17.15999984741211,17.329999923706055,17.079999923706055,17.309999465942383,609421,0.0,0.0
2024-04-24 13:30:00-04:00,17.31999969482422,17.395000457763672,17.21500015258789,17.235000610351562,403931,0.0,0.0
2024-04-24 14:30:00-04:00,17.21500015258789,17.2549991607666,17.114999771118164,17.219999313354492,572358,0.0,0.0
2024-04-24 15:30:00-04:00,17.21500015258789,17.360000610351562,17.200199127197266,17.309999465942383,931135,0.0,0.0
2024-04-25 09:30:00-04:00,16.8799991607666,17.167299270629883,16.56999969482422,17.049999237060547,1700143,0.0,0.0
2024-04-25 10:30:00-04:00,17.045000076293945,17.05500030517578,16.854999542236328,16.950000762939453,1098825,0.0,0.0
2024-04-25 11:30:00-04:00,16.950000762939453,17.06999969482422,16.8700008392334,17.059999465942383,493946,0.0,0.0
2024-04-25 12:30:00-04:00,17.059900283813477,17.100000381469727,16.991199493408203,17.040000915527344,526461,0.0,0.0
2024-04-25 13:30:00-04:00,17.040000915527344,17.1299991607666,17.010000228881836,17.010000228881836,449308,0.0,0.0
2024-04-25 14:30:00-04:00,17.010000228881836,17.260000228881836,17.0,17.18000030517578,911319,0.0,0.0
2024-04-25 15:30:00-04:00,17.184999465942383,17.209999084472656,17.104999542236328,17.1200008392334,945410,0.0,0.0
2024-04-26 09:30:00-04:00,17.1200008392334,17.594999313354492,16.920000076293945,17.46500015258789,1994189,0.0,0.0
2024-04-26 10:30:00-04:00,17.46500015258789,17.600000381469727,17.40049934387207,17.47330093383789,861764,0.0,0.0
2024-04-26 11:30:00-04:00,17.469999313354492,17.68000030517578,17.459999084472656,17.6382999420166,659763,0.0,0.0
2024-04-26 12:30:00-04:00,17.6299991607666,17.77989959716797,17.610000610351562,17.7549991607666,892771,0.0,0.0
2024-04-26 13:30:00-04:00,17.7549991607666,17.774999618530273,17.690000534057617,17.719999313354492,595807,0.0,0.0
2024-04-26 14:30:00-04:00,17.71500015258789,17.764999389648438,17.649999618530273,17.7450008392334,730262,0.0,0.0
2024-04-26 15:30:00-04:00,17.7450008392334,17.899999618530273,17.71500015258789,17.889999389648438,1882629,0.0,0.0
2024-04-29 09:30:00-04:00,17.709999084472656,18.290000915527344,17.620800018310547,17.905000686645508,3174500,0.0,0.0
2024-04-29 10:30:00-04:00,17.915000915527344,17.950000762939453,17.724199295043945,17.819900512695312,811260,0.0,0.0
2024-04-29 11:30:00-04:00,17.815000534057617,17.825000762939453,17.65999984741211,17.674999237060547,671038,0.0,0.0
2024-04-29 12:30:00-04:00,17.665000915527344,17.690000534057617,17.56999969482422,17.665000915527344,756163,0.0,0.0
2024-04-29 13:30:00-04:00,17.665000915527344,17.665000915527344,17.489999771118164,17.545000076293945,635571,0.0,0.0
2024-04-29 14:30:00-04:00,17.545000076293945,17.55500030517578,17.299999237060547,17.31999969482422,876801,0.0,0.0
2024-04-29 15:30:00-04:00,17.315000534057617,17.40999984741211,17.310100555419922,17.350000381469727,784623,0.0,0.0
2024-04-30 09:30:00-04:00,17.135000228881836,17.299999237060547,17.024999618530273,17.024999618530273,1290795,0.0,0.0
2024-04-30 10:30:00-04:00,17.024999618530273,17.21500015258789,16.86199951171875,16.916900634765625,1047551,0.0,0.0
2024-04-30 11:30:00-04:00,16.920000076293945,17.010000228881836,16.770000457763672,16.889999389648438,1348526,0.0,0.0
2024-04-30 12:30:00-04:00,16.885000228881836,16.885000228881836,16.631799697875977,16.704999923706055,1162452,0.0,0.0
2024-04-30 13:30:00-04:00,16.6919002532959,16.770000457763672,16.649999618530273,16.655000686645508,701801,0.0,0.0
2024-04-30 14:30:00-04:00,16.65530014038086,16.709999084472656,16.469999313354492,16.520000457763672,1176537,0.0,0.0
2024-04-30 15:30:00-04:00,16.514999389648438,16.579999923706055,16.469999313354492,16.469999313354492,1377466,0.0,0.0
2024-05-01 09:30:00-04:00,16.399999618530273,16.634000778198242,16.315000534057617,16.559999465942383,1908517,0.0,0.0
2024-05-01 10:30:00-04:00,16.56999969482422,16.610000610351562,16.420000076293945,16.485000610351562,929702,0.0,0.0
2024-05-01 11:30:00-04:00,16.489999771118164,16.71500015258789,16.424999237060547,16.704999923706055,611362,0.0,0.0
2024-05-01 12:30:00-04:00,16.701400756835938,16.709199905395508,16.520000457763672,16.614999771118164,703587,0.0,0.0
2024-05-01 13:30:00-04:00,16.610000610351562,16.895000457763672,16.579999923706055,16.8710994720459,969560,0.0,0.0
2024-05-01 14:30:00-04:00,16.8700008392334,17.350000381469727,16.702999114990234,17.084999084472656,1940248,0.0,0.0
2024-05-01 15:30:00-04:00,17.079999923706055,17.084999084472656,16.6299991607666,16.639999389648438,1054446,0.0,0.0
2024-05-02 09:30:00-04:00,16.93000030517578,17.010000228881836,16.760000228881836,16.934999465942383,1177137,0.0,0.0
2024-05-02 10:30:00-04:00,16.940000534057617,17.170000076293945,16.864999771118164,17.089799880981445,1171926,0.0,0.0
2024-05-02 11:30:00-04:00,17.100000381469727,17.139999389648438,16.985000610351562,17.024999618530273,605434,0.0,0.0
2024-05-02 12:30:00-04:00,17.020000457763672,17.290000915527344,16.959999084472656,17.290000915527344,707880,0.0,0.0
2024-05-02 13:30:00-04:00,17.28499984741211,17.420000076293945,17.260000228881836,17.385000228881836,1095877,0.0,0.0
2024-05-02 14:30:00-04:00,17.385000228881836,17.520000457763672,17.360000610351562,17.510000228881836,824524,0.0,0.0
2024-05-02 15:30:00-04:00,17.5,17.6299991607666,17.469999313354492,17.6299991607666,1260047,0.0,0.0
2024-05-03 09:30:00-04:00,17.899999618530273,18.135000228881836,17.6299991607666,17.969999313354492,3107087,0.0,0.0
2024-05-03 10:30:00-04:00,17.974000930786133,18.020000457763672,17.6299991607666,17.670000076293945,976557,0.0,0.0
2024-05-03 11:30:00-04:00,17.67799949645996,17.78499984741211,17.67169952392578,17.729900360107422,768099,0.0,0.0
2024-05-03 12:30:00-04:00,17.719999313354492,17.795000076293945,17.649999618530273,17.71500015258789,641163,0.0,0.0
2024-05-03 13:30:00-04:00,17.704999923706055,17.84000015258789,17.670000076293945,17.80500030517578,776432,0.0,0.0
2024-05-03 14:30:00-04:00,17.799999237060547,17.8799991607666,17.774999618530273,17.875,927918,0.0,0.0
2024-05-03 15:30:00-04:00,17.8799991607666,17.950000762939453,17.84000015258789,17.940000534057617,1425717,0.0,0.0
2024-05-06 09:30:00-04:00,17.59000015258789,18.459999084472656,17.479999542236328,18.260000228881836,8267214,0.0,0.0
2024-05-06 10:30:00-04:00,18.200000762939453,18.260000228881836,17.864999771118164,18.030000686645508,2272072,0.0,0.0
2024-05-06 11:30:00-04:00,18.03499984741211,18.18000030517578,17.969900131225586,18.065000534057617,1682137,0.0,0.0
2024-05-06 12:30:00-04:00,18.069900512695312,18.110000610351562,17.87019920349121,17.889999389648438,926856,0.0,0.0
2024-05-06 13:30:00-04:00,17.889999389648438,17.899999618530273,17.760000228881836,17.780000686645508,1323144,0.0,0.0
2024-05-06 14:30:00-04:00,17.78499984741211,17.815000534057617,17.635000228881836,17.670000076293945,1314859,0.0,0.0
2024-05-06 15:30:00-04:00,17.670000076293945,17.860000610351562,17.665000915527344,17.768999099731445,1950292,0.0,0.0
2024-05-07 09:30:00-04:00,17.75,18.149999618530273,17.68000030517578,18.040000915527344,2513862,0.0,0.0
2024-05-07 10:30:00-04:00,18.04400062561035,18.249900817871094,17.93000030517578,18.065000534057617,1683837,0.0,0.0
2024-05-07 11:30:00-04:00,18.059999465942383,18.260000228881836,18.002500534057617,18.239999771118164,1847310,0.0,0.0
2024-05-07 12:30:00-04:00,18.249900817871094,18.249900817871094,18.09000015258789,18.107200622558594,1333958,0.0,0.0
2024-05-07 13:30:00-04:00,18.104999542236328,18.155000686645508,17.8799991607666,17.895000457763672,1297626,0.0,0.0
2024-05-07 14:30:00-04:00,17.889999389648438,18.030000686645508,17.850000381469727,17.969999313354492,1343453,0.0,0.0
2024-05-07 15:30:00-04:00,17.977800369262695,18.045000076293945,17.96500015258789,17.9950008392334,1614380,0.0,0.0
2024-05-08 09:30:00-04:00,17.600099563598633,17.850000381469727,17.3700008392334,17.795000076293945,2746781,0.0,0.0
2024-05-08 10:30:00-04:00,17.799999237060547,17.934999465942383,17.7450008392334,17.860000610351562,1511615,0.0,0.0
2024-05-08 11:30:00-04:00,17.864999771118164,17.920000076293945,17.760000228881836,17.829999923706055,1073490,0.0,0.0
2024-05-08 12:30:00-04:00,17.834999084472656,17.895000457763672,17.704999923706055,17.8700008392334,1870678,0.0,0.0
2024-05-08 13:30:00-04:00,17.864999771118164,17.920000076293945,17.780000686645508,17.885000228881836,2102558,0.0,0.0
2024-05-08 14:30:00-04:00,17.8799991607666,17.934999465942383,17.75,17.764999389648438,1907821,0.0,0.0
2024-05-08 15:30:00-04:00,17.764999389648438,17.889999389648438,17.7450008392334,17.850000381469727,4011900,0.0,0.0
2024-05-09 09:30:00-04:00,19.04199981689453,19.469999313354492,17.809999465942383,17.9950008392334,21040682,0.0,0.0
2024-05-09 10:30:00-04:00,17.998899459838867,18.0049991607666,17.6299991607666,17.899999618530273,7111689,0.0,0.0
2024-05-09 11:30:00-04:00,17.899999618530273,17.954999923706055,17.280000686645508,17.305400848388672,5942527,0.0,0.0
2024-05-09 12:30:00-04:00,17.30500030517578,17.450000762939453,17.130199432373047,17.219900131225586,3993691,0.0,0.0
2024-05-09 13:30:00-04:00,17.21500015258789,17.299999237060547,17.049999237060547,17.139999389648438,3301547,0.0,0.0
2024-05-09 14:30:00-04:00,17.1299991607666,17.510000228881836,17.040000915527344,17.3966007232666,4754517,0.0,0.0
2024-05-09 15:30:00-04:00,17.395000457763672,17.549999237060547,17.270000457763672,17.295000076293945,4127213,0.0,0.0
2024-05-10 09:30:00-04:00,17.40999984741211,17.684999465942383,16.90999984741211,16.915000915527344,5244729,0.0,0.0
2024-05-10 10:30:00-04:00,16.915000915527344,16.959999084472656,16.600000381469727,16.68630027770996,4751500,0.0,0.0
2024-05-10 11:30:00-04:00,16.690000534057617,16.82990074157715,16.56999969482422,16.764999389648438,2538095,0.0,0.0
2024-05-10 12:30:00-04:00,16.764999389648438,16.780000686645508,16.480199813842773,16.530000686645508,2232338,0.0,0.0
2024-05-10 13:30:00-04:00,16.53499984741211,16.600000381469727,16.40999984741211,16.440000534057617,2225412,0.0,0.0
2024-05-10 14:30:00-04:00,16.440000534057617,16.540000915527344,16.389999389648438,16.524999618530273,2280502,0.0,0.0
2024-05-10 15:30:00-04:00,16.524999618530273,16.549999237060547,16.219999313354492,16.229999542236328,3477266,0.0,0.0
2024-05-13 09:30:00-04:00,16.639999389648438,17.610000610351562,16.56999969482422,17.590099334716797,9197457,0.0,0.0
2024-05-13 10:30:00-04:00,17.599899291992188,17.600000381469727,17.190000534057617,17.31999969482422,4239433,0.0,0.0
2024-05-13 11:30:00-04:00,17.325000762939453,17.325000762939453,17.0,17.065000534057617,2281151,0.0,0.0
2024-05-13 12:30:00-04:00,17.065000534057617,17.209999084472656,16.84000015258789,16.915000915527344,1895255,0.0,0.0
2024-05-13 13:30:00-04:00,16.915000915527344,16.940000534057617,16.790000915527344,16.854999542236328,1336666,0.0,0.0
2024-05-13 14:30:00-04:00,16.850000381469727,16.969999313354492,16.850000381469727,16.875,1450904,0.0,0.0
2024-05-13 15:30:00-04:00,16.875,16.915000915527344,16.7721004486084,16.90999984741211,2675325,0.0,0.0
2024-05-14 09:30:00-04:00,17.799999237060547,18.59000015258789,17.649999618530273,18.512500762939453,13648954,0.0,0.0
2024-05-14 10:30:00-04:00,18.514999389648438,18.670000076293945,18.200000762939453,18.420000076293945,5518733,0.0,0.0
2024-05-14 11:30:00-04:00,18.43000030517578,18.520000457763672,18.270000457763672,18.289899826049805,2591444,0.0,0.0
2024-05-14 12:30:00-04:00,18.28499984741211,18.299999237060547,17.75,17.8700008392334,3424652,0.0,0.0
2024-05-14 13:30:00-04:00,17.8700008392334,18.059999465942383,17.864999771118164,17.958799362182617,2167802,0.0,0.0
2024-05-14 14:30:00-04:00,17.95800018310547,18.014999389648438,17.885000228881836,17.959999084472656,1770982,0.0,0.0
2024-05-14 15:30:00-04:00,17.954999923706055,18.045000076293945,17.915000915527344,18.0,2871787,0.0,0.0
2024-05-15 09:30:00-04:00,18.299999237060547,18.459999084472656,17.56999969482422,17.579999923706055,4667544,0.0,0.0
2024-05-15 10:30:00-04:00,17.579999923706055,18.34000015258789,17.579999923706055,18.29010009765625,3216620,0.0,0.0
2024-05-15 11:30:00-04:00,18.295000076293945,18.360000610351562,18.170000076293945,18.2450008392334,1903173,0.0,0.0
2024-05-15 12:30:00-04:00,18.249000549316406,18.25,18.1200008392334,18.170000076293945,1345401,0.0,0.0
2024-05-15 13:30:00-04:00,18.16010093688965,18.43000030517578,18.155000686645508,18.41010093688965,1805017,0.0,0.0
2024-05-15 14:30:00-04:00,18.420000076293945,18.57990074157715,18.385000228881836,18.489999771118164,3010061,0.0,0.0
2024-05-15 15:30:00-04:00,18.479999542236328,18.520000457763672,18.3799991607666,18.514999389648438,2427165,0.0,0.0
2024-05-16 09:30:00-04:00,18.3799991607666,19.239999771118164,18.364999771118164,18.74090003967285,7312812,0.0,0.0
2024-05-16 10:30:00-04:00,18.7450008392334,18.854999542236328,18.3700008392334,18.510000228881836,3751703,0.0,0.0
2024-05-16 11:30:00-04:00,18.510000228881836,18.670000076293945,18.315000534057617,18.325000762939453,2378091,0.0,0.0
2024-05-16 12:30:00-04:00,18.31999969482422,18.31999969482422,18.100000381469727,18.155000686645508,1714637,0.0,0.0
2024-05-16 13:30:00-04:00,18.150699615478516,18.209999084472656,18.044599533081055,18.132699966430664,1490426,0.0,0.0
2024-05-16 14:30:00-04:00,18.1299991607666,18.270000457763672,18.1200008392334,18.155000686645508,1170396,0.0,0.0
2024-05-16 15:30:00-04:00,18.15250015258789,18.170000076293945,17.860000610351562,17.885000228881836,3045812,0.0,0.0
2024-05-17 09:30:00-04:00,18.947999954223633,19.729999542236328,18.450000762939453,19.704999923706055,14944972,0.0,0.0
2024-05-17 10:30:00-04:00,19.709999084472656,20.170000076293945,19.389999389648438,20.05500030517578,11006368,0.0,0.0
2024-05-17 11:30:00-04:00,20.05500030517578,20.34000015258789,19.959999084472656,20.049999237060547,7383349,0.0,0.0
2024-05-17 12:30:00-04:00,20.040000915527344,20.058000564575195,19.739999771118164,19.969999313354492,4129645,0.0,0.0
2024-05-17 13:30:00-04:00,19.969999313354492,20.03499984741211,19.65999984741211,19.858800888061523,3581700,0.0,0.0
2024-05-17 14:30:00-04:00,19.854999542236328,20.075000762939453,19.81999969482422,20.040000915527344,4247800,0.0,0.0
2024-05-17 15:30:00-04:00,20.045000076293945,20.239999771118164,19.9950008392334,20.09000015258789,6012620,0.0,0.0
2024-05-20 09:30:00-04:00,19.920000076293945,20.260000228881836,19.530000686645508,19.93939971923828,6614354,0.0,0.0
2024-05-20 10:30:00-04:00,19.940000534057617,20.260000228881836,19.84000015258789,20.21310043334961,2382365,0.0,0.0
2024-05-20 11:30:00-04:00,20.209999084472656,20.84000015258789,20.200000762939453,20.5,5229536,0.0,0.0
2024-05-20 12:30:00-04:00,20.5,20.65999984741211,20.34000015258789,20.415000915527344,2159929,0.0,0.0
2024-05-20 13:30:00-04:00,20.415000915527344,20.575000762939453,20.3700008392334,20.521499633789062,1458490,0.0,0.0
2024-05-20 14:30:00-04:00,20.520000457763672,20.670000076293945,20.502500534057617,20.665000915527344,2602309,0.0,0.0
2024-05-20 15:30:00-04:00,20.670000076293945,20.889999389648438,20.655000686645508,20.84000015258789,3531256,0.0,0.0
2024-05-21 09:30:00-04:00,21.020000457763672,21.209999084472656,20.40999984741211,20.510000228881836,6564293,0.0,0.0
2024-05-21 10:30:00-04:00,20.5049991607666,20.860000610351562,20.5049991607666,20.72010040283203,2288677,0.0,0.0
2024-05-21 11:30:00-04:00,20.719999313354492,21.1299991607666,20.65999984741211,20.979999542236328,2665947,0.0,0.0
2024-05-21 12:30:00-04:00,20.979700088500977,21.014999389648438,20.645000457763672,20.770000457763672,1761702,0.0,0.0
2024-05-21 13:30:00-04:00,20.770000457763672,20.979999542236328,20.71500015258789,20.94499969482422,1546806,0.0,0.0
2024-05-21 14:30:00-04:00,20.94499969482422,21.0049991607666,20.799999237060547,20.924999237060547,1354403,0.0,0.0
2024-05-21 15:30:00-04:00,20.93000030517578,21.045000076293945,20.864999771118164,20.94099998474121,2499007,0.0,0.0
2024-05-22 09:30:00-04:00,20.889999389648438,21.030000686645508,19.899999618530273,20.1299991607666,6518096,0.0,0.0
2024-05-22 10:30:00-04:00,20.1299991607666,20.3700008392334,20.040000915527344,20.344999313354492,2474165,0.0,0.0
2024-05-22 11:30:00-04:00,20.344999313354492,20.54990005493164,20.260000228881836,20.34000015258789,1838187,0.0,0.0
2024-05-22 12:30:00-04:00,20.34000015258789,20.350000381469727,20.059900283813477,20.06999969482422,1592248,0.0,0.0
2024-05-22 13:30:00-04:00,20.06130027770996,20.09000015258789,19.600000381469727,19.610000610351562,2884939,0.0,0.0
2024-05-22 14:30:00-04:00,19.609899520874023,19.8799991607666,19.59000015258789,19.7450008392334,1868353,0.0,0.0
2024-05-22 15:30:00-04:00,19.7450008392334,19.84000015258789,19.6299991607666,19.639999389648438,2257509,0.0,0.0
2024-05-23 09:30:00-04:00,19.920000076293945,19.920000076293945,19.16010093688965,19.635000228881836,5131560,0.0,0.0
2024-05-23 10:30:00-04:00,19.649999618530273,19.709999084472656,19.389999389648438,19.704999923706055,1903974,0.0,0.0
2024-05-23 11:30:00-04:00,19.709999084472656,19.940000534057617,19.700000762939453,19.735000610351562,1744816,0.0,0.0
2024-05-23 12:30:00-04:00,19.729999542236328,19.875,19.631999969482422,19.864999771118164,976774,0.0,0.0
2024-05-23 13:30:00-04:00,19.864999771118164,19.8799991607666,19.1200008392334,19.145000457763672,2131398,0.0,0.0
2024-05-23 14:30:00-04:00,19.139999389648438,19.34000015258789,19.114999771118164,19.2549991607666,1882796,0.0,0.0
2024-05-23 15:30:00-04:00,19.2549991607666,19.344999313354492,19.18000030517578,19.225000381469727,2076934,0.0,0.0
2024-05-24 09:30:00-04:00,19.299999237060547,19.719900131225586,19.066600799560547,19.674999237060547,3352167,0.0,0.0
2024-05-24 10:30:00-04:00,19.674999237060547,19.899999618530273,19.649999618530273,19.864999771118164,2177792,0.0,0.0
2024-05-24 11:30:00-04:00,19.861000061035156,20.15999984741211,19.834999084472656,20.149999618530273,2930702,0.0,0.0
2024-05-24 12:30:00-04:00,20.149900436401367,20.189699172973633,19.954999923706055,20.079999923706055,1894448,0.0,0.0
2024-05-24 13:30:00-04:00,20.09000015258789,20.524999618530273,20.030000686645508,20.5,4062064,0.0,0.0
2024-05-24 14:30:00-04:00,20.5049991607666,20.514999389648438,20.270000457763672,20.454999923706055,2213329,0.0,0.0
2024-05-24 15:30:00-04:00,20.454999923706055,20.559999465942383,20.344999313354492,20.520000457763672,3072180,0.0,0.0
2024-05-28 09:30:00-04:00,20.618000030517578,20.989999771118164,20.049999237060547,20.325000762939453,4477316,0.0,0.0
2024-05-28 10:30:00-04:00,20.329999923706055,20.519899368286133,20.15999984741211,20.469999313354492,1688612,0.0,0.0
2024-05-28 11:30:00-04:00,20.454999923706055,20.809999465942383,20.405000686645508,20.68199920654297,1993907,0.0,0.0
2024-05-28 12:30:00-04:00,20.68000030517578,20.735000610351562,20.559999465942383,20.604999542236328,1348095,0.0,0.0
2024-05-28 13:30:00-04:00,20.600000381469727,20.725000381469727,20.329999923706055,20.329999923706055,1901201,0.0,0.0
2024-05-28 14:30:00-04:00,20.334999084472656,20.450000762939453,20.149999618530273,20.424999237060547,1626868,0.0,0.0
2024-05-28 15:30:00-04:00,20.43000030517578,20.600000381469727,20.43000030517578,20.469999313354492,1932716,0.0,0.0
2024-05-29 09:30:00-04:00,20.73200035095215,21.019500732421875,20.270000457763672,20.75,7788351,0.0,0.0
2024-05-29 10:30:00-04:00,20.7549991607666,20.889999389648438,20.325000762939453,20.604999542236328,2669732,0.0,0.0
2024-05-29 11:30:00-04:00,20.600000381469727,20.6299991607666,20.450000762939453,20.599899291992188,1257570,0.0,0.0
2024-05-29 12:30:00-04:00,20.594999313354492,20.90999984741211,20.56999969482422,20.895000457763672,1526679,0.0,0.0
2024-05-29 13:30:00-04:00,20.895000457763672,20.940000534057617,20.729999542236328,20.829999923706055,2220963,0.0,0.0
2024-05-29 14:30:00-04:00,20.82990074157715,21.06999969482422,20.739999771118164,21.030000686645508,1981077,0.0,0.0
2024-05-29 15:30:00-04:00,21.030000686645508,21.13990020751953,20.979999542236328,21.084999084472656,3727422,0.0,0.0
2024-05-30 09:30:00-04:00,21.299999237060547,22.040000915527344,20.90999984741211,21.950000762939453,12002359,0.0,0.0
2024-05-30 10:30:00-04:00,21.959999084472656,22.25,21.59000015258789,22.075000762939453,5694298,0.0,0.0
2024-05-30 11:30:00-04:00,22.06999969482422,22.170000076293945,21.770000457763672,21.77090072631836,3271612,0.0,0.0
2024-05-30 12:30:00-04:00,21.774999618530273,22.089099884033203,21.6200008392334,22.059999465942383,2538437,0.0,0.0
2024-05-30 13:30:00-04:00,22.059999465942383,22.170000076293945,21.940000534057617,22.139999389648438,2490658,0.0,0.0
2024-05-30 14:30:00-04:00,22.149999618530273,22.2549991607666,21.975000381469727,22.19499969482422,3399390,0.0,0.0
2024-05-30 15:30:00-04:00,22.19499969482422,22.25,21.729999542236328,21.829999923706055,5077795,0.0,0.0
2024-05-31 09:30:00-04:00,21.8799991607666,22.34000015258789,20.90999984741211,20.924999237060547,5848714,0.0,0.0
2024-05-31 10:30:00-04:00,20.92009925842285,21.139999389648438,20.719999313354492,20.969999313354492,4081670,0.0,0.0
2024-05-31 11:30:00-04:00,20.979299545288086,20.985000610351562,20.170000076293945,20.33989906311035,4236524,0.0,0.0
2024-05-31 12:30:00-04:00,20.3302001953125,20.639999389648438,20.31999969482422,20.594999313354492,1910240,0.0,0.0
2024-05-31 13:30:00-04:00,20.597999572753906,20.700000762939453,20.53499984741211,20.590099334716797,1324461,0.0,0.0
2024-05-31 14:30:00-04:00,20.594999313354492,20.655000686645508,20.459999084472656,20.604999542236328,1457398,0.0,0.0
2024-05-31 15:30:00-04:00,20.600000381469727,20.920000076293945,20.563199996948242,20.89900016784668,2813140,0.0,0.0
2024-06-03 09:30:00-04:00,21.899999618530273,22.399999618530273,21.329999923706055,21.489999771118164,10383292,0.0,0.0
2024-06-03 10:30:00-04:00,21.479999542236328,21.579999923706055,21.1299991607666,21.526599884033203,2435074,0.0,0.0
2024-06-03 11:30:00-04:00,21.520000457763672,21.73819923400879,21.139999389648438,21.174999237060547,2015902,0.0,0.0
2024-06-03 12:30:00-04:00,21.174999237060547,21.174999237060547,20.729999542236328,20.950000762939453,2199963,0.0,0.0
2024-06-03 13:30:00-04:00,20.950000762939453,21.110000610351562,20.93120002746582,20.950899124145508,1740652,0.0,0.0
2024-06-03 14:30:00-04:00,20.959999084472656,21.06999969482422,20.860000610351562,21.05500030517578,1295583,0.0,0.0
2024-06-03 15:30:00-04:00,21.059900283813477,21.31999969482422,21.010000228881836,21.299999237060547,2599325,0.0,0.0
2024-06-04 09:30:00-04:00,21.040000915527344,21.299999237060547,20.65999984741211,21.170000076293945,4004683,0.0,0.0
2024-06-04 10:30:00-04:00,21.170000076293945,21.309999465942383,20.815000534057617,21.0049991607666,2014306,0.0,0.0
2024-06-04 11:30:00-04:00,21.010000228881836,21.479999542236328,20.920000076293945,21.479000091552734,2927725,0.0,0.0
2024-06-04 12:30:00-04:00,21.475000381469727,21.625,21.159900665283203,21.170000076293945,2291877,0.0,0.0
2024-06-04 13:30:00-04:00,21.174999237060547,21.270000457763672,21.06999969482422,21.219999313354492,874516,0.0,0.0
2024-06-04 14:30:00-04:00,21.21150016784668,21.21500015258789,20.8700008392334,20.989999771118164,1646079,0.0,0.0
2024-06-04 15:30:00-04:00,20.985000610351562,21.020000457763672,20.75,20.760000228881836,2440198,0.0,0.0
2024-06-05 09:30:00-04:00,21.0,21.540000915527344,20.389999389648438,20.959999084472656,4978908,0.0,0.0
2024-06-05 10:30:00-04:00,20.96500015258789,21.31999969482422,20.951000213623047,21.18000030517578,2495384,0.0,0.0
2024-06-05 11:30:00-04:00,21.18000030517578,21.260000228881836,21.09000015258789,21.225000381469727,1206236,0.0,0.0
2024-06-05 12:30:00-04:00,21.225000381469727,21.270000457763672,21.049999237060547,21.090099334716797,859860,0.0,0.0
2024-06-05 13:30:00-04:00,21.100000381469727,21.260000228881836,21.09000015258789,21.174999237060547,806491,0.0,0.0
2024-06-05 14:30:00-04:00,21.18000030517578,21.3700008392334,21.145000457763672,21.274999618530273,1392816,0.0,0.0
2024-06-05 15:30:00-04:00,21.274999618530273,21.59000015258789,21.25,21.579999923706055,1747815,0.0,0.0
2024-06-06 09:30:00-04:00,22.260000228881836,22.950000762939453,21.743999481201172,22.540000915527344,13714931,0.0,0.0
2024-06-06 10:30:00-04:00,22.545000076293945,22.969999313354492,22.469999313354492,22.90999984741211,6513258,0.0,0.0
2024-06-06 11:30:00-04:00,22.90999984741211,23.149999618530273,22.600000381469727,22.7450008392334,5516047,0.0,0.0
2024-06-06 12:30:00-04:00,22.7450008392334,23.190000534057617,22.59000015258789,23.083999633789062,2853472,0.0,0.0
2024-06-06 13:30:00-04:00,23.09000015258789,23.25,22.87019920349121,22.975000381469727,3013451,0.0,0.0
2024-06-06 14:30:00-04:00,22.975000381469727,23.204999923706055,22.94499969482422,23.12929916381836,3158465,0.0,0.0
2024-06-06 15:30:00-04:00,23.125,23.1299991607666,22.735000610351562,22.969999313354492,4220336,0.0,0.0
2024-06-07 09:30:00-04:00,22.510000228881836,23.690000534057617,22.5,23.30500030517578,8260308,0.0,0.0
2024-06-07 10:30:00-04:00,23.30500030517578,23.545000076293945,23.1299991607666,23.3700008392334,2857620,0.0,0.0
2024-06-07 11:30:00-04:00,23.3700008392334,23.469999313354492,23.170000076293945,23.3799991607666,1776311,0.0,0.0
2024-06-07 12:30:00-04:00,23.385000228881836,23.399999618530273,22.700000762939453,22.729999542236328,2910879,0.0,0.0
2024-06-07 13:30:00-04:00,22.729999542236328,22.8799991607666,22.145000457763672,22.364999771118164,3684556,0.0,0.0
2024-06-07 14:30:00-04:00,22.360000610351562,22.485000610351562,22.174999237060547,22.25,1924876,0.0,0.0
2024-06-07 15:30:00-04:00,22.25,22.36989974975586,22.15999984741211,22.170000076293945,2377720,0.0,0.0
2024-06-10 09:30:00-04:00,22.082000732421875,23.049999237060547,22.060100555419922,23.030000686645508,4071119,0.0,0.0
2024-06-10 10:30:00-04:00,23.030000686645508,23.100000381469727,22.829999923706055,23.02090072631836,2131092,0.0,0.0
2024-06-10 11:30:00-04:00,23.02989959716797,23.19499969482422,22.969999313354492,23.049999237060547,2051274,0.0,0.0
2024-06-10 12:30:00-04:00,23.040000915527344,23.362899780273438,23.02199935913086,23.310100555419922,1874998,0.0,0.0
2024-06-10 13:30:00-04:00,23.309999465942383,23.524999618530273,23.239999771118164,23.290000915527344,2671600,0.0,0.0
2024-06-10 14:30:00-04:00,23.290599822998047,23.475000381469727,23.280000686645508,23.395000457763672,1877535,0.0,0.0
2024-06-10 15:30:00-04:00,23.395000457763672,23.440000534057617,23.34000015258789,23.420000076293945,2001821,0.0,0.0
2024-06-11 09:30:00-04:00,22.832000732421875,23.110000610351562,22.1299991607666,22.594999313354492,5388065,0.0,0.0
2024-06-11 10:30:00-04:00,22.584999084472656,23.05500030517578,22.575000762939453,22.924999237060547,1728159,0.0,0.0
2024-06-11 11:30:00-04:00,22.924999237060547,22.950000762939453,22.610000610351562,22.844999313354492,1114857,0.0,0.0
2024-06-11 12:30:00-04:00,22.844999313354492,23.010000228881836,22.81999969482422,22.940000534057617,825636,0.0,0.0
2024-06-11 13:30:00-04:00,22.934999465942383,23.26569938659668,22.93000030517578,23.2450008392334,1172638,0.0,0.0
2024-06-11 14:30:00-04:00,23.2450008392334,23.260000228881836,23.06999969482422,23.100000381469727,1411872,0.0,0.0
2024-06-11 15:30:00-04:00,23.100000381469727,23.30500030517578,23.05229949951172,23.200000762939453,1741009,0.0,0.0
2024-06-12 09:30:00-04:00,24.0,24.109699249267578,23.53019905090332,23.9950008392334,6073919,0.0,0.0
2024-06-12 10:30:00-04:00,23.99880027770996,24.110000610351562,23.829999923706055,24.084999084472656,2767698,0.0,0.0
2024-06-12 11:30:00-04:00,24.084999084472656,24.149700164794922,23.899999618530273,23.95989990234375,1806679,0.0,0.0
2024-06-12 12:30:00-04:00,23.959999084472656,24.149999618530273,23.94499969482422,24.114999771118164,1498999,0.0,0.0
2024-06-12 13:30:00-04:00,24.1200008392334,24.239900588989258,23.81999969482422,24.15999984741211,2357438,0.0,0.0
2024-06-12 14:30:00-04:00,24.18000030517578,24.280000686645508,23.790000915527344,23.800199508666992,2893848,0.0,0.0
2024-06-12 15:30:00-04:00,23.809999465942383,23.872900009155273,23.56999969482422,23.690000534057617,2517463,0.0,0.0
2024-06-13 09:30:00-04:00,23.649999618530273,23.739999771118164,23.079999923706055,23.415000915527344,4624714,0.0,0.0
2024-06-13 10:30:00-04:00,23.420000076293945,23.545000076293945,23.094999313354492,23.100000381469727,1727406,0.0,0.0
2024-06-13 11:30:00-04:00,23.104999542236328,23.22800064086914,22.920000076293945,23.083799362182617,1613658,0.0,0.0
2024-06-13 12:30:00-04:00,23.09000015258789,23.28499984741211,23.070199966430664,23.09000015258789,769758,0.0,0.0
2024-06-13 13:30:00-04:00,23.100000381469727,23.209999084472656,23.03499984741211,23.17300033569336,782807,0.0,0.0
2024-06-13 14:30:00-04:00,23.17009925842285,23.385000228881836,23.15999984741211,23.3700008392334,842604,0.0,0.0
2024-06-13 15:30:00-04:00,23.364999771118164,23.389999389648438,23.270000457763672,23.299999237060547,1842181,0.0,0.0
2024-06-14 09:30:00-04:00,23.00200080871582,23.565000534057617,23.00200080871582,23.19499969482422,2319575,0.0,0.0
2024-06-14 10:30:00-04:00,23.19499969482422,23.219999313354492,22.899999618530273,22.915000915527344,1745279,0.0,0.0
2024-06-14 11:30:00-04:00,22.915000915527344,22.979999542236328,22.520000457763672,22.594999313354492,2143488,0.0,0.0
2024-06-14 12:30:00-04:00,22.59000015258789,22.799999237060547,22.559999465942383,22.725000381469727,932622,0.0,0.0
2024-06-14 13:30:00-04:00,22.725000381469727,22.75,22.360000610351562,22.469999313354492,1465504,0.0,0.0
2024-06-14 14:30:00-04:00,22.475000381469727,22.565000534057617,22.420000076293945,22.520000457763672,1251678,0.0,0.0
2024-06-14 15:30:00-04:00,22.524999618530273,22.530000686645508,22.399999618530273,22.420000076293945,1976025,0.0,0.0
2024-06-17 09:30:00-04:00,22.25,22.600000381469727,21.70199966430664,22.159000396728516,4218493,0.0,0.0
2024-06-17 10:30:00-04:00,22.149999618530273,22.200000762939453,21.934999465942383,22.149999618530273,1097382,0.0,0.0
2024-06-17 11:30:00-04:00,22.145000457763672,22.354999542236328,22.049999237060547,22.329999923706055,1094846,0.0,0.0
2024-06-17 12:30:00-04:00,22.32430076599121,22.405000686645508,22.200000762939453,22.2549991607666,988495,0.0,0.0
2024-06-17 13:30:00-04:00,22.252599716186523,22.639999389648438,22.209999084472656,22.628299713134766,1262765,0.0,0.0
2024-06-17 14:30:00-04:00,22.62529945373535,22.719999313354492,22.3700008392334,22.395000457763672,1871496,0.0,0.0
2024-06-17 15:30:00-04:00,22.395000457763672,22.405000686645508,22.190000534057617,22.219999313354492,2524141,0.0,0.0
2024-06-18 09:30:00-04:00,21.96500015258789,22.125,21.799999237060547,22.049999237060547,2342633,0.0,0.0
2024-06-18 10:30:00-04:00,22.05500030517578,22.219999313354492,21.809999465942383,21.90999984741211,1532591,0.0,0.0
2024-06-18 11:30:00-04:00,21.90999984741211,22.049999237060547,21.8700008392334,21.9950008392334,895355,0.0,0.0
2024-06-18 12:30:00-04:00,21.997499465942383,22.039899826049805,21.895000457763672,22.01289939880371,712317,0.0,0.0
2024-06-18 13:30:00-04:00,22.014999389648438,22.06999969482422,21.875,22.0049991607666,644494,0.0,0.0
2024-06-18 14:30:00-04:00,21.9950008392334,22.019899368286133,21.850000381469727,21.8799991607666,756024,0.0,0.0
2024-06-18 15:30:00-04:00,21.875,21.940000534057617,21.829999923706055,21.860000610351562,1220601,0.0,0.0
2024-06-20 09:30:00-04:00,22.0,22.06999969482422,21.239999771118164,21.709999084472656,3911433,0.0,0.0
2024-06-20 10:30:00-04:00,21.709999084472656,22.049999237060547,21.65999984741211,21.670000076293945,1680571,0.0,0.0
2024-06-20 11:30:00-04:00,21.670000076293945,21.75,21.450000762939453,21.450000762939453,762592,0.0,0.0
2024-06-20 12:30:00-04:00,21.44499969482422,21.510000228881836,21.180099487304688,21.299999237060547,1734487,0.0,0.0
2024-06-20 13:30:00-04:00,21.30500030517578,21.81999969482422,21.204999923706055,21.809999465942383,1169416,0.0,0.0
2024-06-20 14:30:00-04:00,21.80500030517578,21.829999923706055,21.44499969482422,21.549999237060547,980259,0.0,0.0
2024-06-20 15:30:00-04:00,21.545000076293945,21.760000228881836,21.524999618530273,21.739999771118164,1565541,0.0,0.0
2024-06-21 09:30:00-04:00,21.540000915527344,22.059999465942383,21.25,21.84000015258789,4178459,0.0,0.0
2024-06-21 10:30:00-04:00,21.825000762939453,22.09000015258789,21.735000610351562,22.010000228881836,2114113,0.0,0.0
2024-06-21 11:30:00-04:00,22.009899139404297,22.270000457763672,21.9950008392334,22.209999084472656,2537375,0.0,0.0
2024-06-21 12:30:00-04:00,22.209999084472656,22.329999923706055,21.890499114990234,21.934999465942383,2520126,0.0,0.0
2024-06-21 13:30:00-04:00,21.924999237060547,22.200000762939453,21.92009925842285,22.18000030517578,1939710,0.0,0.0
2024-06-21 14:30:00-04:00,22.18000030517578,22.229999542236328,22.139999389648438,22.200000762939453,1371367,0.0,0.0
2024-06-21 15:30:00-04:00,22.200000762939453,22.309999465942383,22.165000915527344,22.299999237060547,2087163,0.0,0.0
2024-06-24 09:30:00-04:00,21.829999923706055,22.32990074157715,21.65999984741211,21.684999465942383,3879581,0.0,0.0
2024-06-24 10:30:00-04:00,21.690000534057617,21.956300735473633,21.389999389648438,21.59000015258789,2400382,0.0,0.0
2024-06-24 11:30:00-04:00,21.579999923706055,21.579999923706055,20.8799991607666,21.174999237060547,3574560,0.0,0.0
2024-06-24 12:30:00-04:00,21.170000076293945,21.320100784301758,21.010000228881836,21.17020034790039,2012779,0.0,0.0
2024-06-24 13:30:00-04:00,21.170000076293945,21.360000610351562,21.145000457763672,21.334999084472656,1179051,0.0,0.0
2024-06-24 14:30:00-04:00,21.334999084472656,21.545000076293945,21.299999237060547,21.53499984741211,1767154,0.0,0.0
2024-06-24 15:30:00-04:00,21.53499984741211,21.674999237060547,21.34000015258789,21.364999771118164,2494562,0.0,0.0
2024-06-25 09:30:00-04:00,21.5,21.875999450683594,21.219999313354492,21.860000610351562,3198524,0.0,0.0
2024-06-25 10:30:00-04:00,21.8700008392334,22.230100631713867,21.759899139404297,22.100000381469727,2157356,0.0,0.0
2024-06-25 11:30:00-04:00,22.09000015258789,22.28499984741211,22.031700134277344,22.18000030517578,1344194,0.0,0.0
2024-06-25 12:30:00-04:00,22.190000534057617,22.239999771118164,21.954999923706055,22.114999771118164,1353804,0.0,0.0
2024-06-25 13:30:00-04:00,22.100000381469727,22.200000762939453,22.0,22.11400032043457,573259,0.0,0.0
2024-06-25 14:30:00-04:00,22.11989974975586,22.11989974975586,21.889999389648438,21.985000610351562,845665,0.0,0.0
2024-06-25 15:30:00-04:00,21.979999542236328,22.170000076293945,21.924999237060547,22.15999984741211,1478798,0.0,0.0
2024-06-26 09:30:00-04:00,22.68000030517578,23.32990074157715,22.6299991607666,22.704999923706055,6400909,0.0,0.0
2024-06-26 10:30:00-04:00,22.704999923706055,22.899999618530273,22.424999237060547,22.594999313354492,2230610,0.0,0.0
2024-06-26 11:30:00-04:00,22.594999313354492,22.6299991607666,22.2450008392334,22.30500030517578,1174653,0.0,0.0
2024-06-26 12:30:00-04:00,22.30500030517578,22.50909996032715,22.219999313354492,22.395000457763672,1220100,0.0,0.0
2024-06-26 13:30:00-04:00,22.389999389648438,22.540000915527344,22.309999465942383,22.540000915527344,1183211,0.0,0.0
2024-06-26 14:30:00-04:00,22.524999618530273,22.61989974975586,22.420000076293945,22.459999084472656,1266060,0.0,0.0
2024-06-26 15:30:00-04:00,22.46500015258789,22.475000381469727,22.28499984741211,22.30500030517578,1762209,0.0,0.0
2024-06-27 09:30:00-04:00,22.454999923706055,22.791099548339844,22.270000457763672,22.710100173950195,1769480,0.0,0.0
2024-06-27 10:30:00-04:00,22.71500015258789,22.74959945678711,22.40049934387207,22.450000762939453,824039,0.0,0.0
2024-06-27 11:30:00-04:00,22.450000762939453,22.709999084472656,22.3799991607666,22.65999984741211,718403,0.0,0.0
2024-06-27 12:30:00-04:00,22.665000915527344,22.774999618530273,22.655000686645508,22.739999771118164,587277,0.0,0.0
2024-06-27 13:30:00-04:00,22.729999542236328,22.738000869750977,22.530000686645508,22.614999771118164,577327,0.0,0.0
2024-06-27 14:30:00-04:00,22.610000610351562,22.709999084472656,22.579999923706055,22.670000076293945,576537,0.0,0.0
2024-06-27 15:30:00-04:00,22.65999984741211,22.69499969482422,22.510000228881836,22.579999923706055,930634,0.0,0.0
2024-06-28 09:30:00-04:00,22.639999389648438,23.084999084472656,22.34000015258789,22.385000228881836,2753782,0.0,0.0
2024-06-28 10:30:00-04:00,22.385000228881836,22.670000076293945,22.350000381469727,22.65999984741211,908783,0.0,0.0
2024-06-28 11:30:00-04:00,22.649999618530273,22.790000915527344,22.530000686645508,22.655000686645508,963851,0.0,0.0
2024-06-28 12:30:00-04:00,22.649999618530273,22.790000915527344,22.43000030517578,22.65999984741211,822545,0.0,0.0
2024-06-28 13:30:00-04:00,22.670000076293945,22.71500015258789,22.479999542236328,22.6299991607666,688944,0.0,0.0
2024-06-28 14:30:00-04:00,22.6200008392334,22.719999313354492,22.530000686645508,22.540000915527344,606560,0.0,0.0
2024-06-28 15:30:00-04:00,22.545000076293945,22.725000381469727,22.40999984741211,22.709999084472656,1689951,0.0,0.0
2024-07-01 09:30:00-04:00,22.81999969482422,22.979999542236328,22.469999313354492,22.85890007019043,2779396,0.0,0.0
2024-07-01 10:30:00-04:00,22.860000610351562,22.959999084472656,22.639999389648438,22.718599319458008,1265675,0.0,0.0
2024-07-01 11:30:00-04:00,22.709999084472656,22.739999771118164,22.459999084472656,22.5049991607666,1013523,0.0,0.0
2024-07-01 12:30:00-04:00,22.510000228881836,22.799999237060547,22.43000030517578,22.736499786376953,1202496,0.0,0.0
2024-07-01 13:30:00-04:00,22.729999542236328,23.128000259399414,22.71489906311035,23.04990005493164,1190915,0.0,0.0
2024-07-01 14:30:00-04:00,23.040000915527344,23.049999237060547,22.704999923706055,22.770000457763672,1062969,0.0,0.0
2024-07-01 15:30:00-04:00,22.770000457763672,22.799999237060547,22.639999389648438,22.780000686645508,1893018,0.0,0.0
2024-07-02 09:30:00-04:00,22.600000381469727,22.799999237060547,22.280000686645508,22.6200008392334,2373057,0.0,0.0
2024-07-02 10:30:00-04:00,22.625,22.649999618530273,22.229999542236328,22.349899291992188,1200989,0.0,0.0
2024-07-02 11:30:00-04:00,22.344999313354492,22.347299575805664,22.06999969482422,22.209999084472656,1686117,0.0,0.0
2024-07-02 12:30:00-04:00,22.219999313354492,22.459999084472656,22.21500015258789,22.454999923706055,859620,0.0,0.0
2024-07-02 13:30:00-04:00,22.454999923706055,22.549999237060547,22.395000457763672,22.530000686645508,632415,0.0,0.0
2024-07-02 14:30:00-04:00,22.524999618530273,22.56999969482422,22.420000076293945,22.450000762939453,723550,0.0,0.0
2024-07-02 15:30:00-04:00,22.450000762939453,22.529600143432617,22.389999389648438,22.450000762939453,1170494,0.0,0.0
2024-07-03 09:30:00-04:00,22.5,23.128999710083008,22.4778995513916,22.975000381469727,2998680,0.0,0.0
2024-07-03 10:30:00-04:00,22.969999313354492,23.030000686645508,22.610000610351562,22.760000228881836,1469610,0.0,0.0
2024-07-03 11:30:00-04:00,22.7549991607666,22.8799991607666,22.655000686645508,22.849899291992188,1324364,0.0,0.0
2024-07-05 09:30:00-04:00,22.072999954223633,22.299999237060547,21.719999313354492,22.235000610351562,3386583,0.0,0.0
2024-07-05 10:30:00-04:00,22.239999771118164,22.43000030517578,22.155000686645508,22.403499603271484,1239827,0.0,0.0
2024-07-05 11:30:00-04:00,22.405000686645508,22.56999969482422,22.329999923706055,22.505699157714844,1298989,0.0,0.0
2024-07-05 12:30:00-04:00,22.500200271606445,22.545000076293945,22.424999237060547,22.5049991607666,555893,0.0,0.0
2024-07-05 13:30:00-04:00,22.5049991607666,22.65999984741211,22.489999771118164,22.614999771118164,633209,0.0,0.0
2024-07-05 14:30:00-04:00,22.614999771118164,22.690000534057617,22.56999969482422,22.639999389648438,604085,0.0,0.0
2024-07-05 15:30:00-04:00,22.639999389648438,22.739999771118164,22.635000228881836,22.670000076293945,995598,0.0,0.0
2024-07-08 09:30:00-04:00,22.690000534057617,22.8799991607666,22.280000686645508,22.375,3380087,0.0,0.0
2024-07-08 10:30:00-04:00,22.3700008392334,22.65999984741211,22.280000686645508,22.565000534057617,1172299,0.0,0.0
2024-07-08 11:30:00-04:00,22.56999969482422,22.579999923706055,22.190000534057617,22.200000762939453,736568,0.0,0.0
2024-07-08 12:30:00-04:00,22.200000762939453,22.514999389648438,22.010000228881836,22.113000869750977,1599952,0.0,0.0
2024-07-08 13:30:00-04:00,22.114999771118164,22.219999313354492,22.0,22.040000915527344,914903,0.0,0.0
2024-07-08 14:30:00-04:00,22.045000076293945,22.139999389648438,21.91010093688965,22.1200008392334,914990,0.0,0.0
2024-07-08 15:30:00-04:00,22.115400314331055,22.145000457763672,22.05500030517578,22.06999969482422,1244615,0.0,0.0
2024-07-09 09:30:00-04:00,22.209999084472656,22.65999984741211,22.165000915527344,22.565000534057617,2807219,0.0,0.0
2024-07-09 10:30:00-04:00,22.565000534057617,22.8799991607666,22.5,22.790000915527344,1929429,0.0,0.0
2024-07-09 11:30:00-04:00,22.799999237060547,23.270000457763672,22.790000915527344,23.08009910583496,2187043,0.0,0.0
2024-07-09 12:30:00-04:00,23.08139991760254,23.110000610351562,22.680500030517578,22.684999465942383,1170353,0.0,0.0
2024-07-09 13:30:00-04:00,22.688100814819336,22.709999084472656,22.524999618530273,22.610000610351562,932950,0.0,0.0
2024-07-09 14:30:00-04:00,22.6200008392334,22.719999313354492,22.600000381469727,22.642499923706055,615025,0.0,0.0
2024-07-09 15:30:00-04:00,22.639999389648438,22.719999313354492,22.549999237060547,22.604999542236328,1340436,0.0,0.0
2024-07-10 09:30:00-04:00,22.709999084472656,22.8700008392334,22.56999969482422,22.704999923706055,2022062,0.0,0.0
2024-07-10 10:30:00-04:00,22.70989990234375,22.719999313354492,22.079999923706055,22.165000915527344,2687646,0.0,0.0
2024-07-10 11:30:00-04:00,22.170000076293945,22.389999389648438,22.094999313354492,22.30500030517578,1857484,0.0,0.0
2024-07-10 12:30:00-04:00,22.309999465942383,22.3799991607666,22.2450008392334,22.252199172973633,716832,0.0,0.0
2024-07-10 13:30:00-04:00,22.259899139404297,22.360000610351562,22.211299896240234,22.218599319458008,769509,0.0,0.0
2024-07-10 14:30:00-04:00,22.21500015258789,22.25,22.100000381469727,22.155000686645508,813327,0.0,0.0
2024-07-10 15:30:00-04:00,22.155000686645508,22.334999084472656,22.15049934387207,22.309999465942383,1150306,0.0,0.0
2024-07-11 09:30:00-04:00,22.649999618530273,22.979999542236328,22.459999084472656,22.674999237060547,3405205,0.0,0.0
2024-07-11 10:30:00-04:00,22.674999237060547,22.90999984741211,22.485000610351562,22.520000457763672,1349463,0.0,0.0
2024-07-11 11:30:00-04:00,22.510000228881836,22.510000228881836,22.125,22.420000076293945,1364364,0.0,0.0
2024-07-11 12:30:00-04:00,22.40999984741211,22.600000381469727,22.280000686645508,22.28499984741211,901046,0.0,0.0
2024-07-11 13:30:00-04:00,22.280000686645508,22.295799255371094,22.0,22.045000076293945,1303251,0.0,0.0
2024-07-11 14:30:00-04:00,22.040000915527344,22.1200008392334,21.979999542236328,22.0,1177721,0.0,0.0
2024-07-11 15:30:00-04:00,22.0049991607666,22.15999984741211,21.989999771118164,22.030000686645508,1700927,0.0,0.0
2024-07-12 09:30:00-04:00,22.0,22.239999771118164,21.75,21.8700008392334,2368187,0.0,0.0
2024-07-12 10:30:00-04:00,21.860000610351562,22.235000610351562,21.854999542236328,22.229999542236328,1364365,0.0,0.0
2024-07-12 11:30:00-04:00,22.229999542236328,22.3799991607666,22.125,22.3799991607666,985104,0.0,0.0
2024-07-12 12:30:00-04:00,22.37980079650879,22.44499969482422,22.240999221801758,22.28499984741211,1549411,0.0,0.0
2024-07-12 13:30:00-04:00,22.274999618530273,22.3700008392334,22.200000762939453,22.295000076293945,913290,0.0,0.0
2024-07-12 14:30:00-04:00,22.29439926147461,22.3700008392334,22.25,22.364999771118164,700373,0.0,0.0
2024-07-12 15:30:00-04:00,22.364999771118164,22.364999771118164,22.229999542236328,22.280000686645508,1706058,0.0,0.0
2024-07-15 09:30:00-04:00,22.95400047302246,23.93000030517578,22.760000228881836,23.815000534057617,7748365,0.0,0.0
2024-07-15 10:30:00-04:00,23.81999969482422,24.007999420166016,23.545000076293945,23.850000381469727,3073773,0.0,0.0
2024-07-15 11:30:00-04:00,23.761899948120117,23.809999465942383,23.260000228881836,23.499500274658203,1996064,0.0,0.0
2024-07-15 12:30:00-04:00,23.5,23.799999237060547,23.420000076293945,23.639999389648438,1324155,0.0,0.0
2024-07-15 13:30:00-04:00,23.6299991607666,23.649999618530273,23.440000534057617,23.645000457763672,919850,0.0,0.0
2024-07-15 14:30:00-04:00,23.645000457763672,23.729999542236328,23.575000762939453,23.645000457763672,1029063,0.0,0.0
2024-07-15 15:30:00-04:00,23.645000457763672,23.96500015258789,23.645000457763672,23.950000762939453,2701544,0.0,0.0
2024-07-16 09:30:00-04:00,24.054000854492188,24.184999465942383,23.350000381469727,23.739999771118164,3853039,0.0,0.0
2024-07-16 10:30:00-04:00,23.739999771118164,24.479999542236328,23.700000762939453,24.450000762939453,2968706,0.0,0.0
2024-07-16 11:30:00-04:00,24.4591007232666,24.809999465942383,24.37070083618164,24.44499969482422,2721132,0.0,0.0
2024-07-16 12:30:00-04:00,24.444700241088867,24.530000686645508,24.280000686645508,24.280000686645508,1234640,0.0,0.0
2024-07-16 13:30:00-04:00,24.280000686645508,24.610000610351562,24.18000030517578,24.510000228881836,1902577,0.0,0.0
2024-07-16 14:30:00-04:00,24.510000228881836,24.665000915527344,24.3799991607666,24.584999084472656,1931421,0.0,0.0
2024-07-16 15:30:00-04:00,24.585500717163086,24.65999984741211,24.399999618530273,24.6200008392334,3188251,0.0,0.0
2024-07-17 09:30:00-04:00,24.125,24.75,24.1200008392334,24.40999984741211,3746015,0.0,0.0
2024-07-17 10:30:00-04:00,24.420000076293945,24.8799991607666,24.420000076293945,24.5,2542501,0.0,0.0
2024-07-17 11:30:00-04:00,24.5049991607666,24.5049991607666,23.815000534057617,23.969999313354492,2258615,0.0,0.0
2024-07-17 12:30:00-04:00,23.975000381469727,23.979999542236328,23.56999969482422,23.940000534057617,1374526,0.0,0.0
2024-07-17 13:30:00-04:00,23.94499969482422,24.149999618530273,23.860000610351562,24.084999084472656,893641,0.0,0.0
2024-07-17 14:30:00-04:00,24.084999084472656,24.260000228881836,24.010000228881836,24.2549991607666,781322,0.0,0.0
2024-07-17 15:30:00-04:00,24.2549991607666,24.3976993560791,24.149999618530273,24.18000030517578,1431354,0.0,0.0
2024-07-18 09:30:00-04:00,24.219999313354492,24.440000534057617,24.065000534057617,24.34000015258789,2078928,0.0,0.0
2024-07-18 10:30:00-04:00,24.34000015258789,24.34000015258789,23.600000381469727,23.6299991607666,2485003,0.0,0.0
2024-07-18 11:30:00-04:00,23.62380027770996,23.729999542236328,23.170000076293945,23.239999771118164,2355842,0.0,0.0
2024-07-18 12:30:00-04:00,23.229999542236328,23.670000076293945,23.209999084472656,23.514999389648438,1190391,0.0,0.0
2024-07-18 13:30:00-04:00,23.51799964904785,23.540000915527344,23.010000228881836,23.030000686645508,1270775,0.0,0.0
2024-07-18 14:30:00-04:00,23.020000457763672,23.030000686645508,22.65999984741211,22.729999542236328,1585937,0.0,0.0
2024-07-18 15:30:00-04:00,22.725000381469727,23.010000228881836,22.725000381469727,22.829999923706055,2448137,0.0,0.0
2024-07-19 09:30:00-04:00,22.940000534057617,23.55500030517578,22.799999237060547,23.424999237060547,2164998,0.0,0.0
2024-07-19 10:30:00-04:00,23.43000030517578,23.510000228881836,23.184999465942383,23.200000762939453,1122659,0.0,0.0
2024-07-19 11:30:00-04:00,23.191200256347656,23.704999923706055,23.110700607299805,23.6299991607666,1348965,0.0,0.0
2024-07-19 12:30:00-04:00,23.625,23.8700008392334,23.4950008392334,23.579999923706055,1103007,0.0,0.0
2024-07-19 13:30:00-04:00,23.579999923706055,23.684999465942383,23.405000686645508,23.405000686645508,814848,0.0,0.0
2024-07-19 14:30:00-04:00,23.409900665283203,23.614999771118164,23.31999969482422,23.565000534057617,911054,0.0,0.0
2024-07-19 15:30:00-04:00,23.559999465942383,23.56999969482422,23.3700008392334,23.408000946044922,1262099,0.0,0.0
2024-07-22 09:30:00-04:00,23.209999084472656,24.016300201416016,23.170000076293945,23.690000534057617,4892767,0.0,0.0
2024-07-22 10:30:00-04:00,23.700000762939453,23.760000228881836,23.200000762939453,23.28499984741211,2314660,0.0,0.0
2024-07-22 11:30:00-04:00,23.280000686645508,23.434999465942383,23.200000762939453,23.344999313354492,1743235,0.0,0.0
2024-07-22 12:30:00-04:00,23.34000015258789,23.514999389648438,23.260000228881836,23.350000381469727,1501170,0.0,0.0
2024-07-22 13:30:00-04:00,23.360000610351562,23.520000457763672,23.300199508666992,23.31999969482422,1454106,0.0,0.0
2024-07-22 14:30:00-04:00,23.31999969482422,23.360000610351562,23.094999313354492,23.239999771118164,2171879,0.0,0.0
2024-07-22 15:30:00-04:00,23.2450008392334,23.469999313354492,23.190000534057617,23.420000076293945,1825710,0.0,0.0
2024-07-23 09:30:00-04:00,23.309999465942383,23.399999618530273,23.0,23.240999221801758,2515159,0.0,0.0
2024-07-23 10:30:00-04:00,23.239999771118164,23.25,22.93000030517578,23.049999237060547,2028339,0.0,0.0
2024-07-23 11:30:00-04:00,23.049999237060547,23.1299991607666,22.96500015258789,22.985000610351562,1144485,0.0,0.0
2024-07-23 12:30:00-04:00,22.979999542236328,23.087200164794922,22.924999237060547,23.020000457763672,792981,0.0,0.0
2024-07-23 13:30:00-04:00,23.020000457763672,23.020000457763672,22.854999542236328,22.8700008392334,841691,0.0,0.0
2024-07-23 14:30:00-04:00,22.870100021362305,23.0,22.870100021362305,22.954999923706055,814368,0.0,0.0
2024-07-23 15:30:00-04:00,22.950000762939453,22.959999084472656,22.81999969482422,22.860000610351562,1329420,0.0,0.0
2024-07-24 09:30:00-04:00,22.649999618530273,22.906200408935547,22.240299224853516,22.295000076293945,3262320,0.0,0.0
2024-07-24 10:30:00-04:00,22.290000915527344,22.3700008392334,22.100000381469727,22.28499984741211,1931243,0.0,0.0
2024-07-24 11:30:00-04:00,22.280000686645508,22.329999923706055,22.010000228881836,22.100000381469727,1054507,0.0,0.0
2024-07-24 12:30:00-04:00,22.094999313354492,22.200000762939453,21.920000076293945,22.075000762939453,1313875,0.0,0.0
2024-07-24 13:30:00-04:00,22.06999969482422,22.174999237060547,21.790000915527344,21.7908992767334,906839,0.0,0.0
2024-07-24 14:30:00-04:00,21.790000915527344,21.83989906311035,21.579999923706055,21.604999542236328,1828488,0.0,0.0
2024-07-24 15:30:00-04:00,21.604999542236328,21.64739990234375,21.360000610351562,21.399999618530273,2011299,0.0,0.0
2024-07-25 09:30:00-04:00,21.17009925842285,21.35759925842285,20.6299991607666,21.270000457763672,3305751,0.0,0.0
2024-07-25 10:30:00-04:00,21.260000228881836,21.520000457763672,21.125,21.295000076293945,1142864,0.0,0.0
2024-07-25 11:30:00-04:00,21.295000076293945,21.65999984741211,21.295000076293945,21.625,761524,0.0,0.0
2024-07-25 12:30:00-04:00,21.614999771118164,21.78499984741211,21.540000915527344,21.584999084472656,686875,0.0,0.0
2024-07-25 13:30:00-04:00,21.59000015258789,21.665000915527344,21.530000686645508,21.545000076293945,477004,0.0,0.0
2024-07-25 14:30:00-04:00,21.540000915527344,21.610000610351562,21.30500030517578,21.485000610351562,740919,0.0,0.0
2024-07-25 15:30:00-04:00,21.489999771118164,21.514999389648438,21.125,21.184999465942383,1227781,0.0,0.0
2024-07-26 09:30:00-04:00,21.59000015258789,21.985000610351562,21.350000381469727,21.395000457763672,2299021,0.0,0.0
2024-07-26 10:30:00-04:00,21.395000457763672,21.479999542236328,21.219999313354492,21.364999771118164,925648,0.0,0.0
2024-07-26 11:30:00-04:00,21.3700008392334,21.46500015258789,21.25,21.32990074157715,1011244,0.0,0.0
2024-07-26 12:30:00-04:00,21.329999923706055,21.5049991607666,21.280000686645508,21.489999771118164,576330,0.0,0.0
2024-07-26 13:30:00-04:00,21.489999771118164,21.5,21.281400680541992,21.290000915527344,736337,0.0,0.0
2024-07-26 14:30:00-04:00,21.290000915527344,21.38990020751953,21.170000076293945,21.36989974975586,1157953,0.0,0.0
2024-07-26 15:30:00-04:00,21.360000610351562,21.360000610351562,21.125,21.19499969482422,1141739,0.0,0.0
2024-07-29 09:30:00-04:00,21.56999969482422,21.84000015258789,21.204999923706055,21.299999237060547,2513635,0.0,0.0
2024-07-29 10:30:00-04:00,21.295000076293945,21.40999984741211,21.030000686645508,21.117399215698242,1111364,0.0,0.0
2024-07-29 11:30:00-04:00,21.11989974975586,21.30500030517578,20.950000762939453,21.219999313354492,833731,0.0,0.0
2024-07-29 12:30:00-04:00,21.209999084472656,21.344999313354492,21.149999618530273,21.165000915527344,630638,0.0,0.0
2024-07-29 13:30:00-04:00,21.155000686645508,21.200000762939453,21.09000015258789,21.094999313354492,570964,0.0,0.0
2024-07-29 14:30:00-04:00,21.09000015258789,21.139999389648438,21.010000228881836,21.135000228881836,636604,0.0,0.0
2024-07-29 15:30:00-04:00,21.135000228881836,21.239999771118164,21.125,21.170000076293945,1326721,0.0,0.0
2024-07-30 09:30:00-04:00,21.299999237060547,21.350000381469727,21.010000228881836,21.049999237060547,1356069,0.0,0.0
2024-07-30 10:30:00-04:00,21.045000076293945,21.09000015258789,20.65999984741211,20.8799991607666,1417983,0.0,0.0
2024-07-30 11:30:00-04:00,20.887699127197266,20.905000686645508,20.674999237060547,20.818599700927734,864275,0.0,0.0
2024-07-30 12:30:00-04:00,20.815000534057617,20.924999237060547,20.549999237060547,20.6299991607666,1000249,0.0,0.0
2024-07-30 13:30:00-04:00,20.625,20.670000076293945,20.46139907836914,20.4950008392334,1891244,0.0,0.0
2024-07-30 14:30:00-04:00,20.5,20.5049991607666,20.290000915527344,20.360000610351562,1443101,0.0,0.0
2024-07-30 15:30:00-04:00,20.360000610351562,20.40999984741211,20.295000076293945,20.389999389648438,2117354,0.0,0.0
2024-07-31 09:30:00-04:00,20.84000015258789,21.1299991607666,20.799999237060547,21.003999710083008,2121941,0.0,0.0
2024-07-31 10:30:00-04:00,21.010000228881836,21.079999923706055,20.875,20.899999618530273,1176019,0.0,0.0
2024-07-31 11:30:00-04:00,20.899999618530273,20.9950008392334,20.799999237060547,20.854999542236328,822152,0.0,0.0
2024-07-31 12:30:00-04:00,20.854999542236328,20.915000915527344,20.770000457763672,20.795000076293945,567974,0.0,0.0
2024-07-31 13:30:00-04:00,20.790000915527344,20.7908992767334,20.6200008392334,20.649999618530273,649920,0.0,0.0
2024-07-31 14:30:00-04:00,20.645000457763672,21.206100463867188,20.645000457763672,20.704999923706055,1403940,0.0,0.0
2024-07-31 15:30:00-04:00,20.709999084472656,20.7450008392334,20.530000686645508,20.559999465942383,1597273,0.0,0.0
2024-08-01 09:30:00-04:00,20.889999389648438,21.295000076293945,20.850000381469727,21.09000015258789,2745651,0.0,0.0
2024-08-01 10:30:00-04:00,21.09000015258789,21.1299991607666,20.42009925842285,20.43000030517578,1877974,0.0,0.0
2024-08-01 11:30:00-04:00,20.420000076293945,20.56999969482422,20.239999771118164,20.434499740600586,1236482,0.0,0.0
2024-08-01 12:30:00-04:00,20.43000030517578,20.434999465942383,20.100000381469727,20.139999389648438,913811,0.0,0.0
2024-08-01 13:30:00-04:00,20.125,20.149999618530273,19.934999465942383,20.045000076293945,1400112,0.0,0.0
2024-08-01 14:30:00-04:00,20.045000076293945,20.104999542236328,19.829999923706055,20.100000381469727,2115529,0.0,0.0
2024-08-01 15:30:00-04:00,20.104999542236328,20.25,20.100000381469727,20.239999771118164,2029800,0.0,0.0
2024-08-02 09:30:00-04:00,19.104999542236328,19.290000915527344,18.290000915527344,18.354999542236328,7927221,0.0,0.0
2024-08-02 10:30:00-04:00,18.350000381469727,18.469999313354492,17.959999084472656,18.06999969482422,5184922,0.0,0.0
2024-08-02 11:30:00-04:00,18.06999969482422,18.440000534057617,18.06999969482422,18.299699783325195,3668322,0.0,0.0
2024-08-02 12:30:00-04:00,18.290000915527344,18.309900283813477,18.065000534057617,18.079999923706055,2517562,0.0,0.0
2024-08-02 13:30:00-04:00,18.075000762939453,18.107099533081055,17.84000015258789,17.965200424194336,2900027,0.0,0.0
2024-08-02 14:30:00-04:00,17.968599319458008,18.014999389648438,17.690000534057617,17.864999771118164,2517694,0.0,0.0
2024-08-02 15:30:00-04:00,17.864999771118164,17.899999618530273,17.729999542236328,17.8799991607666,4320377,0.0,0.0
2024-08-05 09:30:00-04:00,14.460000038146973,15.369999885559082,13.979999542236328,14.994999885559082,20371811,0.0,0.0
2024-08-05 10:30:00-04:00,15.0,16.15999984741211,15.0,16.05500030517578,6508015,0.0,0.0
2024-08-05 11:30:00-04:00,16.05500030517578,16.659900665283203,16.04990005493164,16.649999618530273,3521282,0.0,0.0
2024-08-05 12:30:00-04:00,16.645000457763672,16.649999618530273,16.270299911499023,16.514999389648438,2848455,0.0,0.0
2024-08-05 13:30:00-04:00,16.520000457763672,16.725000381469727,16.33009910583496,16.450000762939453,2165254,0.0,0.0
2024-08-05 14:30:00-04:00,16.44499969482422,16.527599334716797,16.204999923706055,16.415000915527344,2738006,0.0,0.0
2024-08-05 15:30:00-04:00,16.415000915527344,16.450000762939453,16.2549991607666,16.415000915527344,3941672,0.0,0.0
2024-08-06 09:30:00-04:00,17.0,17.0,16.25,16.8799991607666,6073983,0.0,0.0
2024-08-06 10:30:00-04:00,16.8799991607666,17.18000030517578,16.825000762939453,16.834999084472656,2890061,0.0,0.0
2024-08-06 11:30:00-04:00,16.829999923706055,17.2549991607666,16.809999465942383,17.155000686645508,1926160,0.0,0.0
2024-08-06 12:30:00-04:00,17.155000686645508,17.299999237060547,17.079999923706055,17.29010009765625,1661338,0.0,0.0
2024-08-06 13:30:00-04:00,17.299999237060547,17.5,17.140100479125977,17.485000610351562,2429067,0.0,0.0
2024-08-06 14:30:00-04:00,17.485000610351562,17.520000457763672,17.229999542236328,17.385000228881836,2516409,0.0,0.0
2024-08-06 15:30:00-04:00,17.39189910888672,17.469999313354492,17.200000762939453,17.200000762939453,3366158,0.0,0.0
2024-08-07 09:30:00-04:00,17.43000030517578,17.639999389648438,17.06999969482422,17.174999237060547,5729193,0.0,0.0
2024-08-07 10:30:00-04:00,17.170000076293945,17.579999923706055,17.15999984741211,17.454999923706055,2725057,0.0,0.0
2024-08-07 11:30:00-04:00,17.45009994506836,17.475000381469727,17.2549991607666,17.434999465942383,2179400,0.0,0.0
2024-08-07 12:30:00-04:00,17.434999465942383,17.450000762939453,17.065000534057617,17.125,2560299,0.0,0.0
2024-08-07 13:30:00-04:00,17.125,17.264999389648438,16.93000030517578,17.049999237060547,2458325,0.0,0.0
2024-08-07 14:30:00-04:00,17.040000915527344,17.200000762939453,16.86199951171875,17.05500030517578,3549746,0.0,0.0
2024-08-07 15:30:00-04:00,17.049999237060547,17.184999465942383,16.979999542236328,17.1200008392334,6016683,0.0,0.0
2024-08-08 09:30:00-04:00,17.649999618530273,18.100000381469727,16.68000030517578,16.959999084472656,18381273,0.0,0.0
2024-08-08 10:30:00-04:00,16.969999313354492,17.625,16.899999618530273,17.299999237060547,8167355,0.0,0.0
2024-08-08 11:30:00-04:00,17.299999237060547,17.594999313354492,17.05500030517578,17.269899368286133,4134455,0.0,0.0
2024-08-08 12:30:00-04:00,17.270000457763672,17.659900665283203,17.065000534057617,17.6427001953125,4532561,0.0,0.0
2024-08-08 13:30:00-04:00,17.645000457763672,17.864999771118164,17.489999771118164,17.674999237060547,3746654,0.0,0.0
2024-08-08 14:30:00-04:00,17.674999237060547,17.850000381469727,17.670000076293945,17.735000610351562,3511168,0.0,0.0
2024-08-08 15:30:00-04:00,17.729999542236328,17.8700008392334,17.645000457763672,17.729999542236328,4768336,0.0,0.0
2024-08-09 09:30:00-04:00,17.780000686645508,18.259899139404297,17.549999237060547,18.129899978637695,4832991,0.0,0.0
2024-08-09 10:30:00-04:00,18.125,18.27989959716797,17.854999542236328,17.959999084472656,2721475,0.0,0.0
2024-08-09 11:30:00-04:00,17.969999313354492,17.979999542236328,17.649999618530273,17.770000457763672,1607443,0.0,0.0
2024-08-09 12:30:00-04:00,17.764999389648438,17.96500015258789,17.75,17.96489906311035,1283924,0.0,0.0
2024-08-09 13:30:00-04:00,17.96500015258789,18.06999969482422,17.770000457763672,17.780799865722656,1674359,0.0,0.0
2024-08-09 14:30:00-04:00,17.780000686645508,17.81999969482422,17.719999313354492,17.7450008392334,1320358,0.0,0.0
2024-08-09 15:30:00-04:00,17.746299743652344,17.93000030517578,17.709999084472656,17.920000076293945,2546025,0.0,0.0
2024-08-12 09:30:00-04:00,18.360000610351562,18.559999465942383,18.108800888061523,18.475000381469727,6439244,0.0,0.0
2024-08-12 10:30:00-04:00,18.475000381469727,18.790000915527344,18.329999923706055,18.39929962158203,3014488,0.0,0.0
2024-08-12 11:30:00-04:00,18.39459991455078,18.559999465942383,18.239999771118164,18.405000686645508,2059665,0.0,0.0
2024-08-12 12:30:00-04:00,18.405000686645508,18.44499969482422,18.239999771118164,18.329999923706055,1592236,0.0,0.0
2024-08-12 13:30:00-04:00,18.334999084472656,18.524999618530273,18.290000915527344,18.520000457763672,1407674,0.0,0.0
2024-08-12 14:30:00-04:00,18.510000228881836,18.610000610351562,18.5049991607666,18.54599952697754,1362086,0.0,0.0
2024-08-12 15:30:00-04:00,18.549400329589844,18.576000213623047,18.489999771118164,18.56999969482422,1942769,0.0,0.0
2024-08-13 09:30:00-04:00,18.780000686645508,18.780000686645508,18.46500015258789,18.719999313354492,2842695,0.0,0.0
2024-08-13 10:30:00-04:00,18.725000381469727,18.84000015258789,18.600000381469727,18.65920066833496,1662595,0.0,0.0
2024-08-13 11:30:00-04:00,18.656200408935547,18.7450008392334,18.584999084472656,18.684999465942383,1201829,0.0,0.0
2024-08-13 12:30:00-04:00,18.690000534057617,18.809900283813477,18.600000381469727,18.6200008392334,1151494,0.0,0.0
2024-08-13 13:30:00-04:00,18.614999771118164,18.639999389648438,18.489999771118164,18.565000534057617,1524648,0.0,0.0
2024-08-13 14:30:00-04:00,18.56999969482422,18.56999969482422,18.364999771118164,18.43000030517578,1375055,0.0,0.0
2024-08-13 15:30:00-04:00,18.424999237060547,18.450000762939453,18.360000610351562,18.40999984741211,1843852,0.0,0.0
2024-08-14 09:30:00-04:00,18.729999542236328,18.899999618530273,18.56999969482422,18.809999465942383,3765516,0.0,0.0
2024-08-14 10:30:00-04:00,18.80500030517578,18.950000762939453,18.71500015258789,18.929800033569336,2248262,0.0,0.0
2024-08-14 11:30:00-04:00,18.93000030517578,19.059999465942383,18.645000457763672,18.69499969482422,1945670,0.0,0.0
2024-08-14 12:30:00-04:00,18.69499969482422,18.770000457763672,18.6299991607666,18.684999465942383,848965,0.0,0.0
2024-08-14 13:30:00-04:00,18.684999465942383,18.700000762939453,18.600000381469727,18.655000686645508,863099,0.0,0.0
2024-08-14 14:30:00-04:00,18.655000686645508,18.75,18.6299991607666,18.704999923706055,999169,0.0,0.0
2024-08-14 15:30:00-04:00,18.704999923706055,18.725000381469727,18.6200008392334,18.649999618530273,1302251,0.0,0.0
2024-08-15 09:30:00-04:00,19.31999969482422,19.850000381469727,19.135000228881836,19.80500030517578,6222412,0.0,0.0
2024-08-15 10:30:00-04:00,19.80500030517578,19.96500015258789,19.790000915527344,19.829999923706055,3647312,0.0,0.0
2024-08-15 11:30:00-04:00,19.829999923706055,20.06999969482422,19.780899047851562,19.934999465942383,2171203,0.0,0.0
2024-08-15 12:30:00-04:00,19.934999465942383,19.934999465942383,19.684999465942383,19.760299682617188,2292094,0.0,0.0
2024-08-15 13:30:00-04:00,19.764999389648438,19.924999237060547,19.752099990844727,19.84000015258789,1560519,0.0,0.0
2024-08-15 14:30:00-04:00,19.844999313354492,19.849899291992188,19.579999923706055,19.655000686645508,1750048,0.0,0.0
2024-08-15 15:30:00-04:00,19.655000686645508,19.71500015258789,19.48110008239746,19.559999465942383,2960382,0.0,0.0
2024-08-16 09:30:00-04:00,19.530000686645508,19.860000610351562,19.399999618530273,19.739999771118164,2967404,0.0,0.0
2024-08-16 10:30:00-04:00,19.7450008392334,19.760000228881836,19.579999923706055,19.674999237060547,1974341,0.0,0.0
2024-08-16 11:30:00-04:00,19.674999237060547,19.864999771118164,19.674999237060547,19.854999542236328,1166052,0.0,0.0
2024-08-16 12:30:00-04:00,19.850000381469727,19.93000030517578,19.790000915527344,19.827699661254883,1025723,0.0,0.0
2024-08-16 13:30:00-04:00,19.829999923706055,19.8799991607666,19.752399444580078,19.844999313354492,890803,0.0,0.0
2024-08-16 14:30:00-04:00,19.844999313354492,19.8799991607666,19.799999237060547,19.860000610351562,728173,0.0,0.0
2024-08-16 15:30:00-04:00,19.864999771118164,20.040000915527344,19.840999603271484,19.975000381469727,2816186,0.0,0.0
2024-08-19 09:30:00-04:00,19.899999618530273,20.18000030517578,19.815000534057617,19.934999465942383,2485973,0.0,0.0
2024-08-19 10:30:00-04:00,19.934999465942383,20.049999237060547,19.895000457763672,19.94499969482422,1295511,0.0,0.0
2024-08-19 11:30:00-04:00,19.940000534057617,19.950000762939453,19.81999969482422,19.864999771118164,936349,0.0,0.0
2024-08-19 12:30:00-04:00,19.860000610351562,19.90999984741211,19.809999465942383,19.875,756181,0.0,0.0
2024-08-19 13:30:00-04:00,19.877199172973633,20.03499984741211,19.850000381469727,20.024999618530273,756156,0.0,0.0
2024-08-19 14:30:00-04:00,20.02989959716797,20.108800888061523,19.985000610351562,20.094999313354492,947195,0.0,0.0
2024-08-19 15:30:00-04:00,20.09160041809082,20.309999465942383,20.06999969482422,20.299999237060547,1617996,0.0,0.0
2024-08-20 09:30:00-04:00,20.34000015258789,20.43000030517578,19.969999313354492,20.059999465942383,2301587,0.0,0.0
2024-08-20 10:30:00-04:00,20.059999465942383,20.1200008392334,19.8700008392334,19.8700008392334,1237496,0.0,0.0
2024-08-20 11:30:00-04:00,19.8700008392334,19.979999542236328,19.850000381469727,19.864999771118164,728218,0.0,0.0
2024-08-20 12:30:00-04:00,19.860000610351562,19.8700008392334,19.69499969482422,19.834999084472656,938542,0.0,0.0
2024-08-20 13:30:00-04:00,19.84000015258789,19.938600540161133,19.809999465942383,19.905000686645508,533422,0.0,0.0
2024-08-20 14:30:00-04:00,19.90999984741211,19.95509910583496,19.844999313354492,19.8799991607666,803808,0.0,0.0
2024-08-20 15:30:00-04:00,19.875,19.929899215698242,19.809999465942383,19.825000762939453,1115403,0.0,0.0
2024-08-21 09:30:00-04:00,19.739999771118164,20.040000915527344,19.520000457763672,19.839500427246094,1877812,0.0,0.0
2024-08-21 10:30:00-04:00,19.84000015258789,19.959999084472656,19.684999465942383,19.934999465942383,1049033,0.0,0.0
2024-08-21 11:30:00-04:00,19.930099487304688,19.989999771118164,19.872499465942383,19.885000228881836,682375,0.0,0.0
2024-08-21 12:30:00-04:00,19.889999389648438,19.924999237060547,19.815000534057617,19.854999542236328,478526,0.0,0.0
2024-08-21 13:30:00-04:00,19.854999542236328,20.024999618530273,19.844999313354492,20.024999618530273,495267,0.0,0.0
2024-08-21 14:30:00-04:00,20.024999618530273,20.079999923706055,19.950000762939453,20.049999237060547,846699,0.0,0.0
2024-08-21 15:30:00-04:00,20.045000076293945,20.204999923706055,20.03499984741211,20.18000030517578,1353427,0.0,0.0
2024-08-22 09:30:00-04:00,20.1200008392334,20.360000610351562,20.06999969482422,20.18000030517578,1477289,0.0,0.0
2024-08-22 10:30:00-04:00,20.178199768066406,20.270000457763672,20.079999923706055,20.13949966430664,890595,0.0,0.0
2024-08-22 11:30:00-04:00,20.125,20.135000228881836,19.889999389648438,20.110000610351562,951294,0.0,0.0
2024-08-22 12:30:00-04:00,20.104999542236328,20.21500015258789,20.040000915527344,20.200000762939453,592861,0.0,0.0
2024-08-22 13:30:00-04:00,20.19499969482422,20.204999923706055,19.954999923706055,20.049999237060547,848432,0.0,0.0
2024-08-22 14:30:00-04:00,20.049999237060547,20.094999313354492,19.940799713134766,19.954999923706055,675204,0.0,0.0
2024-08-22 15:30:00-04:00,19.954999923706055,20.024999618530273,19.850000381469727,19.90999984741211,1317111,0.0,0.0
2024-08-23 09:30:00-04:00,20.062000274658203,20.684999465942383,20.0,20.610000610351562,2558289,0.0,0.0
2024-08-23 10:30:00-04:00,20.6200008392334,20.649999618530273,20.3799991607666,20.59000015258789,1650749,0.0,0.0
2024-08-23 11:30:00-04:00,20.594999313354492,20.84000015258789,20.565000534057617,20.829999923706055,1478735,0.0,0.0
2024-08-23 12:30:00-04:00,20.825000762939453,21.010000228881836,20.809999465942383,20.9950008392334,1208548,0.0,0.0
2024-08-23 13:30:00-04:00,20.9950008392334,21.20989990234375,20.985000610351562,21.125,1614425,0.0,0.0
2024-08-23 14:30:00-04:00,21.125,21.200000762939453,21.0049991607666,21.19499969482422,1184988,0.0,0.0
2024-08-23 15:30:00-04:00,21.19879913330078,21.19879913330078,21.059999465942383,21.100000381469727,2078315,0.0,0.0
2024-08-26 09:30:00-04:00,21.110000610351562,21.15839958190918,20.900999069213867,20.985000610351562,2111425,0.0,0.0
2024-08-26 10:30:00-04:00,20.981000900268555,21.03499984741211,20.790000915527344,20.961299896240234,1102835,0.0,0.0
2024-08-26 11:30:00-04:00,20.959999084472656,21.040000915527344,20.881000518798828,20.975000381469727,537901,0.0,0.0
2024-08-26 12:30:00-04:00,20.975000381469727,21.110000610351562,20.93000030517578,20.948999404907227,639670,0.0,0.0
2024-08-26 13:30:00-04:00,20.94499969482422,20.979999542236328,20.790000915527344,20.96500015258789,699030,0.0,0.0
2024-08-26 14:30:00-04:00,20.96500015258789,21.030000686645508,20.93000030517578,20.934999465942383,491923,0.0,0.0
2024-08-26 15:30:00-04:00,20.940000534057617,20.9950008392334,20.885000228881836,20.96500015258789,1092615,0.0,0.0
2024-08-27 09:30:00-04:00,20.770000457763672,21.010000228881836,20.59000015258789,20.979999542236328,1773377,0.0,0.0
2024-08-27 10:30:00-04:00,20.979999542236328,21.1200008392334,20.93000030517578,20.94499969482422,744475,0.0,0.0
2024-08-27 11:30:00-04:00,20.940000534057617,21.049999237060547,20.889999389648438,20.985000610351562,732176,0.0,0.0
2024-08-27 12:30:00-04:00,20.989999771118164,21.065000534057617,20.93000030517578,21.05500030517578,696832,0.0,0.0
2024-08-27 13:30:00-04:00,21.059999465942383,21.528200149536133,21.03499984741211,21.475000381469727,1258027,0.0,0.0
2024-08-27 14:30:00-04:00,21.478599548339844,21.540000915527344,21.385000228881836,21.434999465942383,909092,0.0,0.0
2024-08-27 15:30:00-04:00,21.440000534057617,21.475000381469727,21.350000381469727,21.350000381469727,1344335,0.0,0.0
2024-08-28 09:30:00-04:00,21.149999618530273,21.19930076599121,20.489999771118164,20.59000015258789,2102821,0.0,0.0
2024-08-28 10:30:00-04:00,20.59000015258789,20.634199142456055,20.149999618530273,20.246000289916992,2027885,0.0,0.0
2024-08-28 11:30:00-04:00,20.2450008392334,20.43000030517578,20.18000030517578,20.239999771118164,1207367,0.0,0.0
2024-08-28 12:30:00-04:00,20.239999771118164,20.309999465942383,20.190000534057617,20.235000610351562,837144,0.0,0.0
2024-08-28 13:30:00-04:00,20.235000610351562,20.264999389648438,20.0,20.065000534057617,1243722,0.0,0.0
2024-08-28 14:30:00-04:00,20.060199737548828,20.31999969482422,20.060199737548828,20.299999237060547,1071209,0.0,0.0
2024-08-28 15:30:00-04:00,20.299999237060547,20.3700008392334,20.270000457763672,20.30500030517578,1525972,0.0,0.0
2024-08-29 09:30:00-04:00,20.350000381469727,20.639999389648438,20.350000381469727,20.375,1896431,0.0,0.0
2024-08-29 10:30:00-04:00,20.339500427246094,20.655000686645508,20.339500427246094,20.600000381469727,988390,0.0,0.0
2024-08-29 11:30:00-04:00,20.59980010986328,20.645000457763672,20.540000915527344,20.575000762939453,536820,0.0,0.0
2024-08-29 12:30:00-04:00,20.570499420166016,20.579999923706055,20.420000076293945,20.520000457763672,617724,0.0,0.0
2024-08-29 13:30:00-04:00,20.519899368286133,20.545000076293945,20.365100860595703,20.424999237060547,608792,0.0,0.0
2024-08-29 14:30:00-04:00,20.420000076293945,20.44499969482422,20.09000015258789,20.260000228881836,1530605,0.0,0.0
2024-08-29 15:30:00-04:00,20.260000228881836,20.385000228881836,20.149999618530273,20.15999984741211,1064514,0.0,0.0
2024-08-30 09:30:00-04:00,20.329999923706055,20.3799991607666,20.040000915527344,20.155000686645508,1743691,0.0,0.0
2024-08-30 10:30:00-04:00,20.155000686645508,20.200700759887695,19.889999389648438,19.924999237060547,1536857,0.0,0.0
2024-08-30 11:30:00-04:00,19.922199249267578,20.059999465942383,19.834999084472656,19.9950008392334,1102051,0.0,0.0
2024-08-30 12:30:00-04:00,19.9950008392334,20.04990005493164,19.915000915527344,20.024999618530273,751817,0.0,0.0
2024-08-30 13:30:00-04:00,20.024999618530273,20.145000457763672,20.020000457763672,20.10260009765625,519653,0.0,0.0
2024-08-30 14:30:00-04:00,20.110000610351562,20.149999618530273,20.020000457763672,20.094999313354492,821158,0.0,0.0
2024-08-30 15:30:00-04:00,20.09000015258789,20.190000534057617,19.9950008392334,20.1200008392334,2719972,0.0,0.0
2024-09-03 09:30:00-04:00,19.709999084472656,19.90999984741211,19.584999084472656,19.69499969482422,2297329,0.0,0.0
2024-09-03 10:30:00-04:00,19.690000534057617,19.96500015258789,19.56999969482422,19.834999084472656,1945201,0.0,0.0
2024-09-03 11:30:00-04:00,19.829999923706055,19.854999542236328,19.6299991607666,19.69499969482422,690865,0.0,0.0
2024-09-03 12:30:00-04:00,19.690000534057617,19.739999771118164,19.40999984741211,19.604999542236328,1132793,0.0,0.0
2024-09-03 13:30:00-04:00,19.604999542236328,19.604999542236328,19.280000686645508,19.31999969482422,1451447,0.0,0.0
2024-09-03 14:30:00-04:00,19.31999969482422,19.450000762939453,19.309999465942383,19.350000381469727,805312,0.0,0.0
2024-09-03 15:30:00-04:00,19.360000610351562,19.389999389648438,19.209999084472656,19.360000610351562,1995770,0.0,0.0
2024-09-04 09:30:00-04:00,19.010000228881836,19.3799991607666,18.810800552368164,19.309999465942383,2738711,0.0,0.0
2024-09-04 10:30:00-04:00,19.30500030517578,19.610000610351562,19.290000915527344,19.334999084472656,1352878,0.0,0.0
2024-09-04 11:30:00-04:00,19.334999084472656,19.530000686645508,19.30500030517578,19.5049991607666,959035,0.0,0.0
2024-09-04 12:30:00-04:00,19.5049991607666,19.56999969482422,19.44499969482422,19.454999923706055,593332,0.0,0.0
2024-09-04 13:30:00-04:00,19.450000762939453,19.475000381469727,19.15999984741211,19.219999313354492,839377,0.0,0.0
2024-09-04 14:30:00-04:00,19.21500015258789,19.2549991607666,19.05500030517578,19.155000686645508,1258429,0.0,0.0
2024-09-04 15:30:00-04:00,19.155000686645508,19.155000686645508,19.030000686645508,19.100000381469727,1529358,0.0,0.0
2024-09-05 09:30:00-04:00,19.0,19.25,18.90999984741211,19.13010025024414,1726634,0.0,0.0
2024-09-05 10:30:00-04:00,19.135000228881836,19.204999923706055,18.940000534057617,18.959999084472656,1200990,0.0,0.0
2024-09-05 11:30:00-04:00,18.959999084472656,19.009899139404297,18.850000381469727,18.94499969482422,1368150,0.0,0.0
2024-09-05 12:30:00-04:00,18.94499969482422,18.979999542236328,18.84000015258789,18.920000076293945,887359,0.0,0.0
2024-09-05 13:30:00-04:00,18.924999237060547,19.514999389648438,18.915000915527344,19.46500015258789,1822842,0.0,0.0
2024-09-05 14:30:00-04:00,19.46500015258789,19.649999618530273,19.459999084472656,19.514999389648438,1723451,0.0,0.0
2024-09-05 15:30:00-04:00,19.514999389648438,19.68000030517578,19.514999389648438,19.68000030517578,2169759,0.0,0.0
2024-09-06 09:30:00-04:00,19.770000457763672,20.239099502563477,19.219999313354492,19.229999542236328,3406066,0.0,0.0
2024-09-06 10:30:00-04:00,19.235000610351562,19.270000457763672,18.860000610351562,18.8799991607666,2164827,0.0,0.0
2024-09-06 11:30:00-04:00,18.875,19.040000915527344,18.850000381469727,18.853700637817383,1167017,0.0,0.0
2024-09-06 12:30:00-04:00,18.860000610351562,18.9950008392334,18.709999084472656,18.895000457763672,1267962,0.0,0.0
2024-09-06 13:30:00-04:00,18.891000747680664,18.94499969482422,18.829999923706055,18.860000610351562,1001794,0.0,0.0
2024-09-06 14:30:00-04:00,18.864999771118164,19.030000686645508,18.809999465942383,18.985000610351562,1250396,0.0,0.0
2024-09-06 15:30:00-04:00,18.979999542236328,19.0,18.860000610351562,18.950000762939453,1674395,0.0,0.0
2024-09-09 09:30:00-04:00,19.280000686645508,19.55500030517578,19.040000915527344,19.424999237060547,2702002,0.0,0.0
2024-09-09 10:30:00-04:00,19.420000076293945,19.420000076293945,19.184999465942383,19.3031005859375,970898,0.0,0.0
2024-09-09 11:30:00-04:00,19.299999237060547,19.649999618530273,19.2450008392334,19.604999542236328,1042170,0.0,0.0
2024-09-09 12:30:00-04:00,19.600000381469727,19.829999923706055,19.59000015258789,19.74650001525879,1147247,0.0,0.0
2024-09-09 13:30:00-04:00,19.7450008392334,19.78499984741211,19.655000686645508,19.75,847249,0.0,0.0
2024-09-09 14:30:00-04:00,19.75,19.825000762939453,19.67009925842285,19.725000381469727,848024,0.0,0.0
2024-09-09 15:30:00-04:00,19.719999313354492,19.719999313354492,19.4950008392334,19.655000686645508,1827071,0.0,0.0
2024-09-10 09:30:00-04:00,19.600000381469727,19.68000030517578,18.825000762939453,19.1200008392334,2844171,0.0,0.0
2024-09-10 10:30:00-04:00,19.120500564575195,19.325000762939453,19.024999618530273,19.28499984741211,1295881,0.0,0.0
2024-09-10 11:30:00-04:00,19.28499984741211,19.344999313354492,18.989999771118164,19.059999465942383,974727,0.0,0.0
2024-09-10 12:30:00-04:00,19.040000915527344,19.334999084472656,19.030000686645508,19.31599998474121,517533,0.0,0.0
2024-09-10 13:30:00-04:00,19.31999969482422,19.584999084472656,19.300199508666992,19.530000686645508,1107306,0.0,0.0
2024-09-10 14:30:00-04:00,19.520000457763672,19.73900032043457,19.510000228881836,19.735000610351562,1137933,0.0,0.0
2024-09-10 15:30:00-04:00,19.735000610351562,19.735000610351562,19.610000610351562,19.700000762939453,1747122,0.0,0.0
2024-09-11 09:30:00-04:00,19.582000732421875,20.049999237060547,19.540000915527344,19.704999923706055,2220068,0.0,0.0
2024-09-11 10:30:00-04:00,19.704999923706055,19.94499969482422,19.575000762939453,19.938800811767578,1810799,0.0,0.0
2024-09-11 11:30:00-04:00,19.94499969482422,20.33989906311035,19.940000534057617,20.31599998474121,1726326,0.0,0.0
2024-09-11 12:30:00-04:00,20.31999969482422,20.489999771118164,20.21540069580078,20.489999771118164,885133,0.0,0.0
2024-09-11 13:30:00-04:00,20.489999771118164,20.704999923706055,20.480100631713867,20.674999237060547,1234185,0.0,0.0
2024-09-11 14:30:00-04:00,20.68000030517578,20.75,20.645000457763672,20.735000610351562,1060101,0.0,0.0
2024-09-11 15:30:00-04:00,20.735000610351562,20.795000076293945,20.600000381469727,20.6299991607666,2555889,0.0,0.0
2024-09-12 09:30:00-04:00,20.799800872802734,21.360000610351562,20.670000076293945,21.350000381469727,2493955,0.0,0.0
2024-09-12 10:30:00-04:00,21.354999542236328,21.440099716186523,21.225000381469727,21.350000381469727,1401305,0.0,0.0
2024-09-12 11:30:00-04:00,21.354999542236328,21.56999969482422,21.334999084472656,21.53499984741211,1592309,0.0,0.0
2024-09-12 12:30:00-04:00,21.530000686645508,21.704999923706055,21.530000686645508,21.604999542236328,1473499,0.0,0.0
2024-09-12 13:30:00-04:00,21.604999542236328,21.730499267578125,21.450000762939453,21.695199966430664,1829287,0.0,0.0
2024-09-12 14:30:00-04:00,21.69499969482422,21.71500015258789,21.434999465942383,21.61669921875,1299230,0.0,0.0
2024-09-12 15:30:00-04:00,21.614999771118164,21.670000076293945,21.489999771118164,21.655000686645508,2449305,0.0,0.0
2024-09-13 09:30:00-04:00,21.69499969482422,22.170000076293945,21.68000030517578,21.684999465942383,2331803,0.0,0.0
2024-09-13 10:30:00-04:00,21.684999465942383,22.325000762939453,21.610000610351562,22.315000534057617,2071891,0.0,0.0
2024-09-13 11:30:00-04:00,22.310300827026367,22.43000030517578,22.219999313354492,22.241899490356445,1836073,0.0,0.0
2024-09-13 12:30:00-04:00,22.239999771118164,22.420000076293945,22.229999542236328,22.405000686645508,915934,0.0,0.0
2024-09-13 13:30:00-04:00,22.409700393676758,22.420000076293945,22.110000610351562,22.190000534057617,1283065,0.0,0.0
2024-09-13 14:30:00-04:00,22.184999465942383,22.27989959716797,22.1200008392334,22.2549991607666,965510,0.0,0.0
2024-09-13 15:30:00-04:00,22.2549991607666,22.2549991607666,21.989999771118164,22.049999237060547,1733474,0.0,0.0
2024-09-16 09:30:00-04:00,21.70400047302246,22.040000915527344,21.5,21.899999618530273,1777207,0.0,0.0
2024-09-16 10:30:00-04:00,21.889999389648438,22.415000915527344,21.781999588012695,22.399999618530273,1153037,0.0,0.0
2024-09-16 11:30:00-04:00,22.405000686645508,22.440000534057617,22.219999313354492,22.34000015258789,813707,0.0,0.0
2024-09-16 12:30:00-04:00,22.350000381469727,22.399999618530273,22.270000457763672,22.388399124145508,578063,0.0,0.0
2024-09-16 13:30:00-04:00,22.389999389648438,22.53499984741211,22.3700008392334,22.475000381469727,1073404,0.0,0.0
2024-09-16 14:30:00-04:00,22.475000381469727,22.479999542236328,22.334999084472656,22.344999313354492,665949,0.0,0.0
2024-09-16 15:30:00-04:00,22.354999542236328,22.360000610351562,22.18000030517578,22.209999084472656,1230391,0.0,0.0
2024-09-17 09:30:00-04:00,22.56999969482422,22.899999618530273,22.399999618530273,22.795000076293945,1909570,0.0,0.0
2024-09-17 10:30:00-04:00,22.799999237060547,22.899900436401367,22.610000610351562,22.80500030517578,965607,0.0,0.0
2024-09-17 11:30:00-04:00,22.799999237060547,22.93000030517578,22.700000762939453,22.764999389648438,1087418,0.0,0.0
2024-09-17 12:30:00-04:00,22.760000228881836,22.799999237060547,22.521299362182617,22.729999542236328,746941,0.0,0.0
2024-09-17 13:30:00-04:00,22.729999542236328,22.829999923706055,22.665000915527344,22.735000610351562,619600,0.0,0.0
2024-09-17 14:30:00-04:00,22.729999542236328,22.735000610351562,22.489999771118164,22.6200008392334,1120585,0.0,0.0
2024-09-17 15:30:00-04:00,22.610000610351562,22.68000030517578,22.47100067138672,22.6299991607666,1209851,0.0,0.0
2024-09-18 09:30:00-04:00,22.719999313354492,22.80500030517578,22.34000015258789,22.670000076293945,1825073,0.0,0.0
2024-09-18 10:30:00-04:00,22.65999984741211,22.790000915527344,22.533100128173828,22.684999465942383,727290,0.0,0.0
2024-09-18 11:30:00-04:00,22.690000534057617,22.74970054626465,22.51919937133789,22.735000610351562,713117,0.0,0.0
2024-09-18 12:30:00-04:00,22.735000610351562,23.100000381469727,22.719999313354492,22.96500015258789,1608005,0.0,0.0
2024-09-18 13:30:00-04:00,22.969999313354492,23.290000915527344,22.741100311279297,23.241600036621094,2253230,0.0,0.0
2024-09-18 14:30:00-04:00,23.24250030517578,23.4950008392334,22.864999771118164,23.2450008392334,2955507,0.0,0.0
2024-09-18 15:30:00-04:00,23.25,23.280000686645508,22.920000076293945,22.93000030517578,1869490,0.0,0.0
2024-09-19 09:30:00-04:00,23.93600082397461,24.049999237060547,23.360000610351562,23.600000381469727,3323952,0.0,0.0
2024-09-19 10:30:00-04:00,23.614999771118164,23.829999923706055,23.440000534057617,23.454999923706055,1521649,0.0,0.0
2024-09-19 11:30:00-04:00,23.45210075378418,23.454999923706055,23.065000534057617,23.21500015258789,1566809,0.0,0.0
2024-09-19 12:30:00-04:00,23.21500015258789,23.305999755859375,23.09000015258789,23.139999389648438,1195189,0.0,0.0
2024-09-19 13:30:00-04:00,23.125999450683594,23.155000686645508,22.960100173950195,23.024999618530273,1055178,0.0,0.0
2024-09-19 14:30:00-04:00,23.030000686645508,23.06999969482422,22.770000457763672,22.81999969482422,1281473,0.0,0.0
2024-09-19 15:30:00-04:00,22.799999237060547,22.895000457763672,22.739999771118164,22.795000076293945,2096974,0.0,0.0
2024-09-20 09:30:00-04:00,22.780000686645508,22.954999923706055,22.479999542236328,22.635000228881836,1815615,0.0,0.0
2024-09-20 10:30:00-04:00,22.6299991607666,22.6299991607666,22.309999465942383,22.420000076293945,800011,0.0,0.0
2024-09-20 11:30:00-04:00,22.420000076293945,22.668800354003906,22.40999984741211,22.635000228881836,758279,0.0,0.0
2024-09-20 12:30:00-04:00,22.635000228881836,22.702499389648438,22.579999923706055,22.600000381469727,738088,0.0,0.0
2024-09-20 13:30:00-04:00,22.604999542236328,22.690000534057617,22.485000610351562,22.655000686645508,622006,0.0,0.0
2024-09-20 14:30:00-04:00,22.649999618530273,22.860000610351562,22.6299991607666,22.815000534057617,1029120,0.0,0.0
2024-09-20 15:30:00-04:00,22.809999465942383,22.950000762939453,22.700000762939453,22.719999313354492,2528122,0.0,0.0
2024-09-23 09:30:00-04:00,22.781999588012695,23.295000076293945,22.780000686645508,23.280000686645508,1980877,0.0,0.0
2024-09-23 10:30:00-04:00,23.274999618530273,23.30900001525879,22.989999771118164,23.020000457763672,987660,0.0,0.0
2024-09-23 11:30:00-04:00,23.024999618530273,23.190000534057617,22.8799991607666,22.885000228881836,1191861,0.0,0.0
2024-09-23 12:30:00-04:00,22.889999389648438,23.07979965209961,22.86949920654297,23.030000686645508,1165861,0.0,0.0
2024-09-23 13:30:00-04:00,23.03499984741211,23.104999542236328,22.93000030517578,22.950000762939453,921197,0.0,0.0
2024-09-23 14:30:00-04:00,22.940000534057617,22.959999084472656,22.784000396728516,22.799999237060547,962216,0.0,0.0
2024-09-23 15:30:00-04:00,22.80500030517578,22.80500030517578,22.62339973449707,22.68000030517578,2084331,0.0,0.0
2024-09-24 09:30:00-04:00,22.689899444580078,22.729999542236328,22.290000915527344,22.354999542236328,1421235,0.0,0.0
2024-09-24 10:30:00-04:00,22.360000610351562,22.549999237060547,22.252300262451172,22.459999084472656,876247,0.0,0.0
2024-09-24 11:30:00-04:00,22.454999923706055,22.530000686645508,22.405000686645508,22.434999465942383,508021,0.0,0.0
2024-09-24 12:30:00-04:00,22.43000030517578,22.759899139404297,22.413400650024414,22.68000030517578,606513,0.0,0.0
2024-09-24 13:30:00-04:00,22.670000076293945,22.850000381469727,22.670000076293945,22.735000610351562,534124,0.0,0.0
2024-09-24 14:30:00-04:00,22.729999542236328,22.790000915527344,22.649999618530273,22.649999618530273,503158,0.0,0.0
2024-09-24 15:30:00-04:00,22.649999618530273,22.78499984741211,22.590499877929688,22.770000457763672,961724,0.0,0.0
2024-09-25 09:30:00-04:00,22.579999923706055,22.809999465942383,22.510000228881836,22.71500015258789,1059754,0.0,0.0
2024-09-25 10:30:00-04:00,22.709999084472656,22.798999786376953,22.56999969482422,22.59000015258789,547829,0.0,0.0
2024-09-25 11:30:00-04:00,22.584999084472656,22.68000030517578,22.55500030517578,22.610000610351562,386620,0.0,0.0
2024-09-25 12:30:00-04:00,22.614999771118164,22.6299991607666,22.440000534057617,22.549999237060547,506800,0.0,0.0
2024-09-25 13:30:00-04:00,22.549999237060547,22.604999542236328,22.475000381469727,22.56999969482422,446171,0.0,0.0
2024-09-25 14:30:00-04:00,22.579999923706055,22.579999923706055,22.399999618530273,22.44499969482422,528112,0.0,0.0
2024-09-25 15:30:00-04:00,22.440000534057617,22.44499969482422,22.334999084472656,22.399999618530273,1039696,0.0,0.0
2024-09-26 09:30:00-04:00,22.780000686645508,22.8799991607666,22.40999984741211,22.719200134277344,2279908,0.0,0.0
2024-09-26 10:30:00-04:00,22.725000381469727,22.7450008392334,22.190000534057617,22.450000762939453,1333540,0.0,0.0
2024-09-26 11:30:00-04:00,22.450000762939453,22.614999771118164,22.399999618530273,22.520000457763672,615894,0.0,0.0
2024-09-26 12:30:00-04:00,22.518999099731445,22.760000228881836,22.399999618530273,22.479999542236328,1841887,0.0,0.0
2024-09-26 13:30:00-04:00,22.485000610351562,22.524999618530273,22.350000381469727,22.364999771118164,565973,0.0,0.0
2024-09-26 14:30:00-04:00,22.360000610351562,22.5,22.34000015258789,22.46500015258789,717461,0.0,0.0
2024-09-26 15:30:00-04:00,22.46500015258789,22.479999542236328,22.399999618530273,22.40999984741211,1271299,0.0,0.0
2024-09-27 09:30:00-04:00,22.549999237060547,23.045000076293945,22.415000915527344,22.954999923706055,2354237,0.0,0.0
2024-09-27 10:30:00-04:00,22.969999313354492,23.399999618530273,22.90999984741211,23.2450008392334,2702700,0.0,0.0
2024-09-27 11:30:00-04:00,23.239999771118164,23.479999542236328,23.209999084472656,23.459999084472656,1837277,0.0,0.0
2024-09-27 12:30:00-04:00,23.459999084472656,23.774999618530273,23.440000534057617,23.770000457763672,2508938,0.0,0.0
2024-09-27 13:30:00-04:00,23.772600173950195,23.899999618530273,23.6299991607666,23.655000686645508,2202194,0.0,0.0
2024-09-27 14:30:00-04:00,23.65999984741211,23.868900299072266,23.510000228881836,23.78499984741211,2228616,0.0,0.0
2024-09-27 15:30:00-04:00,23.780000686645508,23.975000381469727,23.735000610351562,23.889999389648438,3151840,0.0,0.0
2024-09-30 09:30:00-04:00,23.96500015258789,24.1299991607666,23.270000457763672,23.344999313354492,3211615,0.0,0.0
2024-09-30 10:30:00-04:00,23.354999542236328,23.469999313354492,23.25,23.434999465942383,933654,0.0,0.0
2024-09-30 11:30:00-04:00,23.450000762939453,23.459999084472656,23.079999923706055,23.290000915527344,1078823,0.0,0.0
2024-09-30 12:30:00-04:00,23.28499984741211,23.5,23.263700485229492,23.479999542236328,662096,0.0,0.0
2024-09-30 13:30:00-04:00,23.469999313354492,23.6200008392334,23.18000030517578,23.230899810791016,1087012,0.0,0.0
2024-09-30 14:30:00-04:00,23.225000381469727,23.440000534057617,23.18000030517578,23.405000686645508,765790,0.0,0.0
2024-09-30 15:30:00-04:00,23.405000686645508,23.5,23.360000610351562,23.420000076293945,1067419,0.0,0.0
2024-10-01 09:30:00-04:00,23.40999984741211,23.459999084472656,22.625,22.645000457763672,2366158,0.0,0.0
2024-10-01 10:30:00-04:00,22.655000686645508,22.655000686645508,22.350000381469727,22.584999084472656,1835194,0.0,0.0
2024-10-01 11:30:00-04:00,22.584999084472656,22.829999923706055,22.56999969482422,22.790000915527344,1055981,0.0,0.0
2024-10-01 12:30:00-04:00,22.780000686645508,22.78499984741211,22.280000686645508,22.295000076293945,911472,0.0,0.0
2024-10-01 13:30:00-04:00,22.295000076293945,22.514999389648438,22.280000686645508,22.4950008392334,1496552,0.0,0.0
2024-10-01 14:30:00-04:00,22.489999771118164,22.549999237060547,22.385000228881836,22.538299560546875,945290,0.0,0.0
2024-10-01 15:30:00-04:00,22.530099868774414,22.53569984436035,22.31999969482422,22.329999923706055,1886705,0.0,0.0
2024-10-02 09:30:00-04:00,22.420000076293945,23.18000030517578,22.329999923706055,22.94499969482422,3318570,0.0,0.0
2024-10-02 10:30:00-04:00,22.94499969482422,23.03499984741211,22.730100631713867,22.7549991607666,3475946,0.0,0.0
2024-10-02 11:30:00-04:00,22.7549991607666,22.90999984741211,22.700000762939453,22.797000885009766,987051,0.0,0.0
2024-10-02 12:30:00-04:00,22.799999237060547,22.885000228881836,22.680099487304688,22.764999389648438,683193,0.0,0.0
2024-10-02 13:30:00-04:00,22.760000228881836,22.780000686645508,22.6299991607666,22.690000534057617,633846,0.0,0.0
2024-10-02 14:30:00-04:00,22.690000534057617,22.799999237060547,22.600000381469727,22.600099563598633,976584,0.0,0.0
2024-10-02 15:30:00-04:00,22.610000610351562,22.67569923400879,22.565000534057617,22.610000610351562,1231651,0.0,0.0
2024-10-03 09:30:00-04:00,22.464000701904297,22.709199905395508,22.149999618530273,22.219999313354492,2035695,0.0,0.0
2024-10-03 10:30:00-04:00,22.21500015258789,22.424999237060547,22.049999237060547,22.229999542236328,1330519,0.0,0.0
2024-10-03 11:30:00-04:00,22.219999313354492,22.360000610351562,22.145000457763672,22.235000610351562,515575,0.0,0.0
2024-10-03 12:30:00-04:00,22.23889923095703,22.3799991607666,22.100000381469727,22.344999313354492,593880,0.0,0.0
2024-10-03 13:30:00-04:00,22.34000015258789,22.44499969482422,22.264999389648438,22.405000686645508,491975,0.0,0.0
2024-10-03 14:30:00-04:00,22.40089988708496,22.5049991607666,22.38010025024414,22.44499969482422,546143,0.0,0.0
2024-10-03 15:30:00-04:00,22.44499969482422,22.479999542236328,22.375,22.40999984741211,1019127,0.0,0.0
2024-10-04 09:30:00-04:00,23.049999237060547,23.385000228881836,22.665000915527344,22.719999313354492,2818925,0.0,0.0
2024-10-04 10:30:00-04:00,22.719999313354492,22.899999618530273,22.610000610351562,22.649999618530273,956453,0.0,0.0
2024-10-04 11:30:00-04:00,22.655000686645508,22.889999389648438,22.64150047302246,22.8700008392334,651504,0.0,0.0
2024-10-04 12:30:00-04:00,22.8700008392334,22.996999740600586,22.809999465942383,22.815000534057617,695789,0.0,0.0
2024-10-04 13:30:00-04:00,22.80500030517578,22.8799991607666,22.690000534057617,22.815000534057617,583613,0.0,0.0
2024-10-04 14:30:00-04:00,22.815000534057617,22.969999313354492,22.795000076293945,22.96500015258789,782032,0.0,0.0
2024-10-04 15:30:00-04:00,22.96500015258789,22.979900360107422,22.8700008392334,22.889999389648438,1251284,0.0,0.0
2024-10-07 09:30:00-04:00,22.75,23.139999389648438,22.729999542236328,23.109899520874023,1573461,0.0,0.0
2024-10-07 10:30:00-04:00,23.100000381469727,23.119800567626953,22.924999237060547,23.045000076293945,1032961,0.0,0.0
2024-10-07 11:30:00-04:00,23.045000076293945,23.200000762939453,22.8799991607666,23.16710090637207,965508,0.0,0.0
2024-10-07 12:30:00-04:00,23.16119956970215,23.239999771118164,23.065000534057617,23.219999313354492,802726,0.0,0.0
2024-10-07 13:30:00-04:00,23.199899673461914,23.424999237060547,23.170000076293945,23.3799991607666,901340,0.0,0.0
2024-10-07 14:30:00-04:00,23.3799991607666,23.3799991607666,23.0,23.179000854492188,1115384,0.0,0.0
2024-10-07 15:30:00-04:00,23.18000030517578,23.360000610351562,23.1200008392334,23.31100082397461,1749560,0.0,0.0
2024-10-08 09:30:00-04:00,23.575000762939453,25.089099884033203,23.450000762939453,25.075000762939453,9499510,0.0,0.0
2024-10-08 10:30:00-04:00,25.075000762939453,25.360000610351562,24.94499969482422,24.9950008392334,7334271,0.0,0.0
2024-10-08 11:30:00-04:00,24.9950008392334,25.149999618530273,24.950000762939453,24.979999542236328,4401366,0.0,0.0
2024-10-08 12:30:00-04:00,24.989999771118164,25.15999984741211,24.93000030517578,25.136199951171875,3751026,0.0,0.0
2024-10-08 13:30:00-04:00,25.135000228881836,25.450000762939453,25.059999465942383,25.344999313354492,3276337,0.0,0.0
2024-10-08 14:30:00-04:00,25.344999313354492,25.795000076293945,25.309999465942383,25.62299919128418,3971334,0.0,0.0
2024-10-08 15:30:00-04:00,25.620100021362305,25.799999237060547,25.503700256347656,25.610000610351562,5209899,0.0,0.0
2024-10-09 09:30:00-04:00,25.045000076293945,25.170000076293945,24.170000076293945,24.68000030517578,8484374,0.0,0.0
2024-10-09 10:30:00-04:00,24.670000076293945,25.34000015258789,24.510000228881836,25.260000228881836,3707391,0.0,0.0
2024-10-09 11:30:00-04:00,25.266700744628906,25.299999237060547,25.0,25.209999084472656,2009779,0.0,0.0
2024-10-09 12:30:00-04:00,25.21500015258789,25.30500030517578,25.05500030517578,25.069799423217773,1017653,0.0,0.0
2024-10-09 13:30:00-04:00,25.065000534057617,25.600000381469727,25.04400062561035,25.509700775146484,2256908,0.0,0.0
2024-10-09 14:30:00-04:00,25.50830078125,25.584999084472656,25.34000015258789,25.514999389648438,1291760,0.0,0.0
2024-10-09 15:30:00-04:00,25.520000457763672,25.690000534057617,25.520000457763672,25.639999389648438,2287760,0.0,0.0
2024-10-10 09:30:00-04:00,25.5,25.5,24.704999923706055,25.43000030517578,3454488,0.0,0.0
2024-10-10 10:30:00-04:00,25.43000030517578,25.635000228881836,25.309999465942383,25.520000457763672,1778433,0.0,0.0
2024-10-10 11:30:00-04:00,25.524999618530273,25.8700008392334,25.43000030517578,25.704999923706055,1782393,0.0,0.0
2024-10-10 12:30:00-04:00,25.701099395751953,25.8700008392334,25.559999465942383,25.70989990234375,1073437,0.0,0.0
2024-10-10 13:30:00-04:00,25.700000762939453,25.774999618530273,25.34000015258789,25.40999984741211,1501922,0.0,0.0
2024-10-10 14:30:00-04:00,25.395000457763672,25.68000030517578,25.343399047851562,25.6200008392334,1026140,0.0,0.0
2024-10-10 15:30:00-04:00,25.614999771118164,25.639999389648438,25.469999313354492,25.475000381469727,1511774,0.0,0.0
2024-10-11 09:30:00-04:00,25.75,26.6200008392334,25.690000534057617,26.209999084472656,5950593,0.0,0.0
2024-10-11 10:30:00-04:00,26.200000762939453,26.229999542236328,25.799999237060547,25.885000228881836,2205530,0.0,0.0
2024-10-11 11:30:00-04:00,25.8799991607666,26.190000534057617,25.879199981689453,26.02549934387207,1314375,0.0,0.0
2024-10-11 12:30:00-04:00,26.020000457763672,26.219900131225586,25.899999618530273,26.204999923706055,1213875,0.0,0.0
2024-10-11 13:30:00-04:00,26.204999923706055,26.338300704956055,26.069000244140625,26.334999084472656,1501487,0.0,0.0
2024-10-11 14:30:00-04:00,26.334999084472656,26.399999618530273,26.264999389648438,26.334999084472656,1852176,0.0,0.0
2024-10-11 15:30:00-04:00,26.329999923706055,26.405000686645508,26.110000610351562,26.280000686645508,1841012,0.0,0.0
2024-10-14 09:30:00-04:00,26.950000762939453,27.139999389648438,26.15999984741211,26.66200065612793,5508389,0.0,0.0
2024-10-14 10:30:00-04:00,26.66699981689453,27.0,26.479999542236328,26.875,2814169,0.0,0.0
2024-10-14 11:30:00-04:00,26.864999771118164,27.0,26.600000381469727,26.744400024414062,1922941,0.0,0.0
2024-10-14 12:30:00-04:00,26.75,27.086999893188477,26.729999542236328,27.047800064086914,1412097,0.0,0.0
2024-10-14 13:30:00-04:00,27.03499984741211,27.059999465942383,26.635000228881836,26.69499969482422,1218163,0.0,0.0
2024-10-14 14:30:00-04:00,26.700000762939453,26.834999084472656,26.6200008392334,26.75,1267086,0.0,0.0
2024-10-14 15:30:00-04:00,26.760000228881836,27.020000457763672,26.75,27.010000228881836,2353962,0.0,0.0
2024-10-15 09:30:00-04:00,27.1299991607666,27.329999923706055,26.218000411987305,26.389999389648438,5188202,0.0,0.0
2024-10-15 10:30:00-04:00,26.386699676513672,26.459999084472656,25.905000686645508,26.36009979248047,4985188,0.0,0.0
2024-10-15 11:30:00-04:00,26.360000610351562,26.81999969482422,26.264999389648438,26.795000076293945,1359425,0.0,0.0
2024-10-15 12:30:00-04:00,26.795000076293945,26.860000610351562,26.480100631713867,26.579999923706055,991492,0.0,0.0
2024-10-15 13:30:00-04:00,26.56999969482422,26.790000915527344,26.55500030517578,26.7450008392334,753575,0.0,0.0
2024-10-15 14:30:00-04:00,26.746000289916992,26.84000015258789,26.610000610351562,26.69499969482422,1108632,0.0,0.0
2024-10-15 15:30:00-04:00,26.700000762939453,26.81999969482422,26.540000915527344,26.80500030517578,1466281,0.0,0.0
2024-10-16 09:30:00-04:00,27.040000915527344,27.170000076293945,26.56599998474121,26.915000915527344,2943639,0.0,0.0
2024-10-16 10:30:00-04:00,26.920000076293945,26.979999542236328,26.665000915527344,26.90999984741211,1674023,0.0,0.0
2024-10-16 11:30:00-04:00,26.899999618530273,27.114999771118164,26.809999465942383,27.084999084472656,1283168,0.0,0.0
2024-10-16 12:30:00-04:00,27.084999084472656,27.084999084472656,26.905000686645508,26.969999313354492,817548,0.0,0.0
2024-10-16 13:30:00-04:00,26.969999313354492,27.0049991607666,26.78499984741211,26.889999389648438,851519,0.0,0.0
2024-10-16 14:30:00-04:00,26.8799991607666,27.0049991607666,26.834999084472656,26.8700008392334,1090676,0.0,0.0
2024-10-16 15:30:00-04:00,26.860000610351562,27.045000076293945,26.799999237060547,26.93000030517578,1684034,0.0,0.0
2024-10-17 09:30:00-04:00,27.0,27.06999969482422,26.115999221801758,26.190099716186523,4021158,0.0,0.0
2024-10-17 10:30:00-04:00,26.201900482177734,26.59000015258789,26.086000442504883,26.584999084472656,1722371,0.0,0.0
2024-10-17 11:30:00-04:00,26.584999084472656,26.809999465942383,26.440000534057617,26.4950008392334,1050930,0.0,0.0
2024-10-17 12:30:00-04:00,26.490999221801758,26.600000381469727,26.440000534057617,26.549999237060547,580249,0.0,0.0
2024-10-17 13:30:00-04:00,26.54789924621582,26.6299991607666,26.225000381469727,26.28849983215332,1045114,0.0,0.0
2024-10-17 14:30:00-04:00,26.280000686645508,26.424999237060547,26.2450008392334,26.405000686645508,846228,0.0,0.0
2024-10-17 15:30:00-04:00,26.40999984741211,26.43000030517578,26.260000228881836,26.325000762939453,1359368,0.0,0.0
2024-10-18 09:30:00-04:00,26.5,27.03499984741211,26.420000076293945,26.96500015258789,2400326,0.0,0.0
2024-10-18 10:30:00-04:00,26.964000701904297,27.040000915527344,26.821199417114258,26.8799991607666,1180159,0.0,0.0
2024-10-18 11:30:00-04:00,26.875,27.03529930114746,26.665000915527344,26.69029998779297,1287704,0.0,0.0
2024-10-18 12:30:00-04:00,26.69879913330078,26.770000457763672,26.562999725341797,26.69499969482422,835234,0.0,0.0
2024-10-18 13:30:00-04:00,26.700000762939453,26.770000457763672,26.479999542236328,26.58329963684082,1471474,0.0,0.0
2024-10-18 14:30:00-04:00,26.584999084472656,26.8700008392334,26.584999084472656,26.840099334716797,1132239,0.0,0.0
2024-10-18 15:30:00-04:00,26.844999313354492,26.93000030517578,26.764999389648438,26.829999923706055,1793541,0.0,0.0
