Datetime,Open,High,Low,Close,Volume,Dividends,Stock Splits
2023-09-15 09:30:00-04:00,17.0,17.0,17.0,17.0,0,0.0,0.0
2023-09-15 11:30:00-04:00,16.5,17.0,16.0,16.809999465942383,563501,0.0,0.0
2023-09-15 12:30:00-04:00,16.809999465942383,17.73940086364746,15.5,16.14539909362793,991509,0.0,0.0
2023-09-15 13:30:00-04:00,16.18000030517578,16.59000015258789,15.75,15.760000228881836,228812,0.0,0.0
2023-09-15 14:30:00-04:00,15.725000381469727,16.200000762939453,15.5600004196167,16.0,642210,0.0,0.0
2023-09-15 15:30:00-04:00,15.989999771118164,16.600000381469727,15.949999809265137,16.059999465942383,490257,0.0,0.0
2023-09-18 09:30:00-04:00,16.149999618530273,16.3799991607666,14.119999885559082,15.880000114440918,422616,0.0,0.0
2023-09-18 10:30:00-04:00,15.670000076293945,16.329999923706055,15.520000457763672,15.654999732971191,142978,0.0,0.0
2023-09-18 11:30:00-04:00,15.78499984741211,15.899999618530273,15.25,15.470000267028809,47656,0.0,0.0
2023-09-18 12:30:00-04:00,15.489999771118164,15.539999961853027,15.25100040435791,15.369999885559082,11577,0.0,0.0
2023-09-18 13:30:00-04:00,15.279999732971191,15.324999809265137,15.25,15.300000190734863,109982,0.0,0.0
2023-09-18 14:30:00-04:00,15.335000038146973,15.399999618530273,14.845000267028809,15.005000114440918,303739,0.0,0.0
2023-09-18 15:30:00-04:00,15.005000114440918,15.005000114440918,14.25,14.929499626159668,372258,0.0,0.0
2023-09-19 09:30:00-04:00,14.640000343322754,14.989999771118164,12.600000381469727,12.760000228881836,315155,0.0,0.0
2023-09-19 10:30:00-04:00,12.75,13.399999618530273,11.925600051879883,12.770000457763672,126610,0.0,0.0
2023-09-19 11:30:00-04:00,12.855400085449219,12.855400085449219,12.210000038146973,12.609999656677246,54027,0.0,0.0
2023-09-19 12:30:00-04:00,12.609999656677246,12.744999885559082,12.370499610900879,12.5600004196167,51478,0.0,0.0
2023-09-19 13:30:00-04:00,12.550000190734863,12.789899826049805,12.46500015258789,12.46500015258789,58748,0.0,0.0
2023-09-19 14:30:00-04:00,12.602399826049805,12.649999618530273,11.640000343322754,11.720000267028809,55807,0.0,0.0
2023-09-19 15:30:00-04:00,11.729999542236328,12.100000381469727,11.260000228881836,11.960000038146973,126951,0.0,0.0
2023-09-20 09:30:00-04:00,12.800000190734863,13.039400100708008,10.869999885559082,11.295000076293945,229090,0.0,0.0
2023-09-20 10:30:00-04:00,11.199999809265137,11.300000190734863,10.829999923706055,11.15999984741211,93451,0.0,0.0
2023-09-20 11:30:00-04:00,11.154999732971191,11.5600004196167,11.0600004196167,11.369999885559082,93851,0.0,0.0
2023-09-20 12:30:00-04:00,11.390000343322754,11.595000267028809,11.303000450134277,11.380000114440918,34260,0.0,0.0
2023-09-20 13:30:00-04:00,11.4399995803833,11.470000267028809,10.869999885559082,11.199999809265137,285818,0.0,0.0
2023-09-20 14:30:00-04:00,11.199999809265137,11.28499984741211,10.40999984741211,10.510000228881836,56347,0.0,0.0
2023-09-20 15:30:00-04:00,10.479999542236328,10.649999618530273,9.899999618530273,10.130000114440918,159710,0.0,0.0
2023-09-21 09:30:00-04:00,10.350000381469727,11.899999618530273,10.010000228881836,11.779999732971191,251784,0.0,0.0
2023-09-21 10:30:00-04:00,11.8100004196167,12.010000228881836,10.850099563598633,11.0,274564,0.0,0.0
2023-09-21 11:30:00-04:00,11.0,11.130000114440918,10.5,10.720000267028809,88502,0.0,0.0
2023-09-21 12:30:00-04:00,10.640000343322754,10.75,10.5,10.5,80026,0.0,0.0
2023-09-21 13:30:00-04:00,10.505000114440918,10.670000076293945,10.5,10.510000228881836,138410,0.0,0.0
2023-09-21 14:30:00-04:00,10.5,10.859999656677246,10.5,10.699999809265137,56091,0.0,0.0
2023-09-21 15:30:00-04:00,10.744999885559082,11.919899940490723,10.699999809265137,11.0,108177,0.0,0.0
2023-09-22 09:30:00-04:00,11.010000228881836,11.390000343322754,10.46500015258789,10.529999732971191,70813,0.0,0.0
2023-09-22 10:30:00-04:00,10.529999732971191,11.3100004196167,10.529999732971191,11.199999809265137,104598,0.0,0.0
2023-09-22 11:30:00-04:00,11.149999618530273,11.270000457763672,11.0,11.079999923706055,105554,0.0,0.0
2023-09-22 12:30:00-04:00,11.119999885559082,11.399999618530273,11.055000305175781,11.34000015258789,28563,0.0,0.0
2023-09-22 13:30:00-04:00,11.342000007629395,11.529999732971191,11.050000190734863,11.100000381469727,112827,0.0,0.0
2023-09-22 14:30:00-04:00,11.114999771118164,11.25,11.100000381469727,11.149999618530273,75811,0.0,0.0
2023-09-22 15:30:00-04:00,11.149999618530273,11.229999542236328,10.654999732971191,10.982500076293945,265691,0.0,0.0
2023-09-25 09:30:00-04:00,10.84000015258789,11.893500328063965,10.5,10.600000381469727,105666,0.0,0.0
2023-09-25 10:30:00-04:00,10.579999923706055,10.69890022277832,10.5,10.520000457763672,30509,0.0,0.0
2023-09-25 11:30:00-04:00,10.5600004196167,10.600000381469727,10.5,10.529999732971191,41404,0.0,0.0
2023-09-25 12:30:00-04:00,10.529999732971191,10.75,10.5,10.699600219726562,34184,0.0,0.0
2023-09-25 13:30:00-04:00,10.675000190734863,11.09000015258789,10.630000114440918,11.039999961853027,28849,0.0,0.0
2023-09-25 14:30:00-04:00,11.010000228881836,11.829999923706055,11.010000228881836,11.510000228881836,104431,0.0,0.0
2023-09-25 15:30:00-04:00,11.510000228881836,12.14900016784668,11.289999961853027,11.289999961853027,136230,0.0,0.0
2023-09-26 09:30:00-04:00,11.399999618530273,12.020000457763672,11.399999618530273,11.83590030670166,57573,0.0,0.0
2023-09-26 10:30:00-04:00,11.949999809265137,12.04990005493164,11.510000228881836,11.632599830627441,63964,0.0,0.0
2023-09-26 11:30:00-04:00,11.779999732971191,11.949899673461914,11.720000267028809,11.800000190734863,37212,0.0,0.0
2023-09-26 12:30:00-04:00,11.770000457763672,11.854999542236328,11.710000038146973,11.770000457763672,12095,0.0,0.0
2023-09-26 13:30:00-04:00,11.770000457763672,11.789999961853027,11.585000038146973,11.59000015258789,4064,0.0,0.0
2023-09-26 14:30:00-04:00,11.59000015258789,11.670000076293945,11.350000381469727,11.359999656677246,8100,0.0,0.0
2023-09-26 15:30:00-04:00,11.40999984741211,11.770000457763672,11.350000381469727,11.680000305175781,76021,0.0,0.0
2023-09-27 09:30:00-04:00,11.710000038146973,12.880000114440918,11.710000038146973,12.850000381469727,70410,0.0,0.0
2023-09-27 10:30:00-04:00,12.8149995803833,14.0,12.40250015258789,12.470000267028809,80996,0.0,0.0
2023-09-27 11:30:00-04:00,12.470000267028809,12.470000267028809,12.289999961853027,12.295000076293945,11801,0.0,0.0
2023-09-27 12:30:00-04:00,12.40999984741211,12.40999984741211,12.15999984741211,12.220000267028809,10497,0.0,0.0
2023-09-27 13:30:00-04:00,12.279999732971191,12.329999923706055,12.029999732971191,12.140000343322754,16714,0.0,0.0
2023-09-27 14:30:00-04:00,12.170000076293945,12.5,12.145000457763672,12.260000228881836,30601,0.0,0.0
2023-09-27 15:30:00-04:00,12.300000190734863,12.329999923706055,11.739999771118164,11.739999771118164,63604,0.0,0.0
2023-09-28 09:30:00-04:00,11.819999694824219,13.34000015258789,11.819999694824219,13.34000015258789,48911,0.0,0.0
2023-09-28 10:30:00-04:00,13.34000015258789,13.569999694824219,13.149999618530273,13.430000305175781,61782,0.0,0.0
2023-09-28 11:30:00-04:00,13.444999694824219,14.239999771118164,13.444999694824219,14.03499984741211,123039,0.0,0.0
2023-09-28 12:30:00-04:00,14.039999961853027,14.045000076293945,13.300000190734863,13.380000114440918,27239,0.0,0.0
2023-09-28 13:30:00-04:00,13.350000381469727,13.520000457763672,13.015000343322754,13.15999984741211,47205,0.0,0.0
2023-09-28 14:30:00-04:00,13.15999984741211,13.199999809265137,13.069999694824219,13.069999694824219,10255,0.0,0.0
2023-09-28 15:30:00-04:00,13.135000228881836,13.34000015258789,13.095000267028809,13.260000228881836,42456,0.0,0.0
2023-09-29 09:30:00-04:00,13.220000267028809,14.130000114440918,13.220000267028809,13.869999885559082,48037,0.0,0.0
2023-09-29 10:30:00-04:00,13.850000381469727,14.079999923706055,13.8100004196167,14.029999732971191,60940,0.0,0.0
2023-09-29 11:30:00-04:00,14.029999732971191,14.0600004196167,13.821499824523926,14.029999732971191,42459,0.0,0.0
2023-09-29 12:30:00-04:00,13.989999771118164,14.0649995803833,13.90999984741211,14.039999961853027,43846,0.0,0.0
2023-09-29 13:30:00-04:00,14.055000305175781,14.093700408935547,13.819999694824219,13.880000114440918,80833,0.0,0.0
2023-09-29 14:30:00-04:00,13.899999618530273,14.020000457763672,13.410599708557129,14.020000457763672,39693,0.0,0.0
2023-09-29 15:30:00-04:00,14.020000457763672,14.199999809265137,13.954999923706055,14.100000381469727,31866,0.0,0.0
2023-10-02 09:30:00-04:00,14.399999618530273,14.778900146484375,12.430000305175781,12.4350004196167,127293,0.0,0.0
2023-10-02 10:30:00-04:00,12.46500015258789,12.559900283813477,11.630000114440918,11.739999771118164,81658,0.0,0.0
2023-10-02 11:30:00-04:00,11.630000114440918,11.729999542236328,11.141300201416016,11.350000381469727,50036,0.0,0.0
2023-10-02 12:30:00-04:00,11.34000015258789,11.34000015258789,10.699999809265137,11.100000381469727,79626,0.0,0.0
2023-10-02 13:30:00-04:00,11.104999542236328,11.689299583435059,11.020000457763672,11.210000038146973,166338,0.0,0.0
2023-10-02 14:30:00-04:00,11.210000038146973,11.289999961853027,10.699999809265137,11.010000228881836,107752,0.0,0.0
2023-10-02 15:30:00-04:00,10.989999771118164,11.140000343322754,10.960000038146973,11.030099868774414,59912,0.0,0.0
2023-10-03 09:30:00-04:00,11.010000228881836,11.449999809265137,10.526599884033203,11.100000381469727,39840,0.0,0.0
2023-10-03 10:30:00-04:00,11.0649995803833,11.509900093078613,11.005000114440918,11.5,16018,0.0,0.0
2023-10-03 11:30:00-04:00,11.414999961853027,11.9399995803833,11.399999618530273,11.600000381469727,14453,0.0,0.0
2023-10-03 12:30:00-04:00,11.720000267028809,11.739999771118164,11.470000267028809,11.550000190734863,15696,0.0,0.0
2023-10-03 13:30:00-04:00,11.559599876403809,11.649999618530273,11.225000381469727,11.414999961853027,16070,0.0,0.0
2023-10-03 14:30:00-04:00,11.420000076293945,12.039899826049805,11.319999694824219,11.921500205993652,45312,0.0,0.0
2023-10-03 15:30:00-04:00,11.90999984741211,12.0,11.630000114440918,11.789999961853027,36038,0.0,0.0
2023-10-04 09:30:00-04:00,11.84000015258789,11.869999885559082,11.510000228881836,11.739999771118164,6737,0.0,0.0
2023-10-04 10:30:00-04:00,11.59000015258789,11.880000114440918,11.100000381469727,11.4399995803833,23553,0.0,0.0
2023-10-04 11:30:00-04:00,11.4399995803833,11.5,11.350000381469727,11.40999984741211,12302,0.0,0.0
2023-10-04 12:30:00-04:00,11.40999984741211,11.869999885559082,11.40999984741211,11.795000076293945,7888,0.0,0.0
2023-10-04 13:30:00-04:00,11.805000305175781,12.130000114440918,11.65999984741211,12.130000114440918,13394,0.0,0.0
2023-10-04 14:30:00-04:00,11.960000038146973,12.149999618530273,11.805000305175781,11.885000228881836,26704,0.0,0.0
2023-10-04 15:30:00-04:00,11.869999885559082,12.039999961853027,11.850000381469727,11.885000228881836,32398,0.0,0.0
2023-10-05 09:30:00-04:00,12.039999961853027,12.390899658203125,11.96500015258789,12.100000381469727,25118,0.0,0.0
2023-10-05 10:30:00-04:00,11.96500015258789,12.220000267028809,11.821100234985352,11.949999809265137,13091,0.0,0.0
2023-10-05 11:30:00-04:00,11.949999809265137,12.09000015258789,11.774999618530273,11.774999618530273,12862,0.0,0.0
2023-10-05 12:30:00-04:00,11.835000038146973,11.979999542236328,11.770099639892578,11.960000038146973,16514,0.0,0.0
2023-10-05 13:30:00-04:00,11.949999809265137,11.949999809265137,11.84000015258789,11.84000015258789,5337,0.0,0.0
2023-10-05 14:30:00-04:00,11.84000015258789,12.079999923706055,11.829999923706055,12.079999923706055,22007,0.0,0.0
2023-10-05 15:30:00-04:00,11.9350004196167,11.989999771118164,11.869999885559082,11.989999771118164,8365,0.0,0.0
2023-10-06 09:30:00-04:00,12.050000190734863,12.1899995803833,11.90999984741211,12.020000457763672,14375,0.0,0.0
2023-10-06 10:30:00-04:00,12.020000457763672,12.020000457763672,11.90999984741211,12.0,19307,0.0,0.0
2023-10-06 11:30:00-04:00,12.050000190734863,12.75,12.045000076293945,12.555000305175781,17864,0.0,0.0
2023-10-06 12:30:00-04:00,12.600000381469727,12.800000190734863,12.5600004196167,12.614999771118164,16354,0.0,0.0
2023-10-06 13:30:00-04:00,12.739999771118164,12.819999694824219,12.470000267028809,12.5,20192,0.0,0.0
2023-10-06 14:30:00-04:00,12.529999732971191,12.529999732971191,11.960000038146973,11.984999656677246,38895,0.0,0.0
2023-10-06 15:30:00-04:00,11.998000144958496,12.119999885559082,11.989999771118164,12.119999885559082,11137,0.0,0.0
2023-10-09 09:30:00-04:00,12.619999885559082,13.128700256347656,11.390000343322754,11.5,25081,0.0,0.0
2023-10-09 10:30:00-04:00,11.550000190734863,11.824999809265137,11.25,11.364999771118164,30971,0.0,0.0
2023-10-09 11:30:00-04:00,11.375,11.59000015258789,11.375,11.470000267028809,32780,0.0,0.0
2023-10-09 12:30:00-04:00,11.454999923706055,11.604999542236328,11.4399995803833,11.46500015258789,17470,0.0,0.0
2023-10-09 13:30:00-04:00,11.46500015258789,11.788800239562988,11.460200309753418,11.600000381469727,22673,0.0,0.0
2023-10-09 14:30:00-04:00,11.600000381469727,11.76140022277832,11.475000381469727,11.600000381469727,47159,0.0,0.0
2023-10-09 15:30:00-04:00,11.579999923706055,12.0,11.3100004196167,11.920000076293945,119521,0.0,0.0
2023-10-10 09:30:00-04:00,12.199999809265137,12.348799705505371,10.5600004196167,10.8100004196167,149914,0.0,0.0
2023-10-10 10:30:00-04:00,10.829999923706055,11.3100004196167,10.55109977722168,11.1850004196167,80538,0.0,0.0
2023-10-10 11:30:00-04:00,11.140000343322754,11.219900131225586,10.649999618530273,10.864999771118164,57677,0.0,0.0
2023-10-10 12:30:00-04:00,10.885000228881836,10.944999694824219,10.6899995803833,10.789199829101562,48969,0.0,0.0
2023-10-10 13:30:00-04:00,10.783499717712402,11.19219970703125,10.75,10.949999809265137,59224,0.0,0.0
2023-10-10 14:30:00-04:00,10.989999771118164,11.390000343322754,10.890000343322754,11.390000343322754,42735,0.0,0.0
2023-10-10 15:30:00-04:00,11.3100004196167,11.40999984741211,11.039999961853027,11.180000305175781,34147,0.0,0.0
2023-10-11 09:30:00-04:00,11.390000343322754,11.399999618530273,10.800000190734863,10.9399995803833,42405,0.0,0.0
2023-10-11 10:30:00-04:00,10.925000190734863,11.09000015258789,10.795000076293945,10.795000076293945,77507,0.0,0.0
2023-10-11 11:30:00-04:00,10.795000076293945,10.795000076293945,10.5,10.509400367736816,81461,0.0,0.0
2023-10-11 12:30:00-04:00,10.5,10.59000015258789,10.109999656677246,10.140000343322754,82297,0.0,0.0
2023-10-11 13:30:00-04:00,10.189900398254395,10.199999809265137,10.109999656677246,10.133899688720703,29583,0.0,0.0
2023-10-11 14:30:00-04:00,10.145000457763672,10.1899995803833,10.140000343322754,10.145000457763672,13492,0.0,0.0
2023-10-11 15:30:00-04:00,10.14009952545166,10.199999809265137,9.949999809265137,10.029999732971191,184518,0.0,0.0
2023-10-12 09:30:00-04:00,10.050000190734863,10.125,9.350000381469727,9.510000228881836,61813,0.0,0.0
2023-10-12 10:30:00-04:00,9.523699760437012,9.630000114440918,9.400099754333496,9.595000267028809,35309,0.0,0.0
2023-10-12 11:30:00-04:00,9.599900245666504,9.829999923706055,9.579999923706055,9.760000228881836,59777,0.0,0.0
2023-10-12 12:30:00-04:00,9.774999618530273,10.154999732971191,9.600000381469727,10.09000015258789,55100,0.0,0.0
2023-10-12 13:30:00-04:00,10.125,10.210000038146973,9.59000015258789,9.725000381469727,67409,0.0,0.0
2023-10-12 14:30:00-04:00,9.755000114440918,9.760000228881836,9.59000015258789,9.600000381469727,67674,0.0,0.0
2023-10-12 15:30:00-04:00,9.595000267028809,9.670000076293945,9.595000267028809,9.640000343322754,18779,0.0,0.0
2023-10-13 09:30:00-04:00,9.729999542236328,10.18280029296875,9.649999618530273,9.770000457763672,18075,0.0,0.0
2023-10-13 10:30:00-04:00,9.75,10.119999885559082,9.649999618530273,9.850000381469727,88602,0.0,0.0
2023-10-13 11:30:00-04:00,9.800600051879883,9.890000343322754,9.725000381469727,9.739999771118164,11765,0.0,0.0
2023-10-13 12:30:00-04:00,9.765000343322754,10.098999977111816,9.75,9.979999542236328,19080,0.0,0.0
2023-10-13 13:30:00-04:00,9.90999984741211,10.04800033569336,9.821000099182129,9.899999618530273,27080,0.0,0.0
2023-10-13 14:30:00-04:00,9.970000267028809,10.029999732971191,9.869999885559082,9.869999885559082,13455,0.0,0.0
2023-10-13 15:30:00-04:00,9.9399995803833,10.039999961853027,9.84000015258789,10.039999961853027,40152,0.0,0.0
2023-10-16 09:30:00-04:00,10.079999923706055,10.359999656677246,9.954999923706055,10.350000381469727,17865,0.0,0.0
2023-10-16 10:30:00-04:00,10.352499961853027,11.0,10.319999694824219,10.989999771118164,39100,0.0,0.0
2023-10-16 11:30:00-04:00,11.0,11.125,10.770000457763672,11.085000038146973,54737,0.0,0.0
2023-10-16 12:30:00-04:00,11.085000038146973,11.319999694824219,11.050000190734863,11.265000343322754,29388,0.0,0.0
2023-10-16 13:30:00-04:00,11.265000343322754,11.4399995803833,11.239999771118164,11.395000457763672,35916,0.0,0.0
2023-10-16 14:30:00-04:00,11.395000457763672,11.609999656677246,11.369999885559082,11.609000205993652,36602,0.0,0.0
2023-10-16 15:30:00-04:00,11.609999656677246,11.609999656677246,10.9399995803833,10.949999809265137,90990,0.0,0.0
2023-10-17 09:30:00-04:00,11.0600004196167,11.0600004196167,10.515000343322754,10.569999694824219,36442,0.0,0.0
2023-10-17 10:30:00-04:00,10.5,10.575200080871582,10.100000381469727,10.350000381469727,13979,0.0,0.0
2023-10-17 11:30:00-04:00,10.104999542236328,10.5,10.100000381469727,10.380000114440918,6567,0.0,0.0
2023-10-17 12:30:00-04:00,10.4399995803833,10.539999961853027,10.279999732971191,10.3100004196167,9039,0.0,0.0
2023-10-17 13:30:00-04:00,10.3100004196167,10.359999656677246,9.914999961853027,9.949999809265137,20298,0.0,0.0
2023-10-17 14:30:00-04:00,9.975000381469727,10.0,9.800000190734863,9.869999885559082,52958,0.0,0.0
2023-10-17 15:30:00-04:00,9.897100448608398,9.970000267028809,9.800000190734863,9.970000267028809,30953,0.0,0.0
2023-10-18 09:30:00-04:00,9.970000267028809,10.26990032196045,9.970000267028809,10.225000381469727,14968,0.0,0.0
2023-10-18 10:30:00-04:00,10.279899597167969,10.279899597167969,10.0649995803833,10.0649995803833,4518,0.0,0.0
2023-10-18 11:30:00-04:00,10.016599655151367,10.140000343322754,10.016599655151367,10.079999923706055,4624,0.0,0.0
2023-10-18 12:30:00-04:00,10.0600004196167,10.0600004196167,9.8100004196167,9.8100004196167,7857,0.0,0.0
2023-10-18 13:30:00-04:00,9.84000015258789,10.020000457763672,9.84000015258789,9.9399995803833,5296,0.0,0.0
2023-10-18 14:30:00-04:00,10.0,10.020000457763672,9.729999542236328,9.783699989318848,25829,0.0,0.0
2023-10-18 15:30:00-04:00,9.789999961853027,9.850000381469727,9.731499671936035,9.827500343322754,25499,0.0,0.0
2023-10-19 09:30:00-04:00,9.760000228881836,10.1899995803833,9.75,9.770000457763672,29218,0.0,0.0
2023-10-19 10:30:00-04:00,9.770000457763672,10.020000457763672,9.670000076293945,9.75,54375,0.0,0.0
2023-10-19 11:30:00-04:00,9.75,9.960000038146973,9.649999618530273,9.78499984741211,74820,0.0,0.0
2023-10-19 12:30:00-04:00,9.779999732971191,9.779999732971191,9.649999618530273,9.699999809265137,52614,0.0,0.0
2023-10-19 13:30:00-04:00,9.770000457763672,9.819999694824219,9.699999809265137,9.789999961853027,54714,0.0,0.0
2023-10-19 14:30:00-04:00,9.770000457763672,9.960000038146973,9.739999771118164,9.90999984741211,23704,0.0,0.0
2023-10-19 15:30:00-04:00,9.90999984741211,9.914999961853027,9.760000228881836,9.770000457763672,20205,0.0,0.0
2023-10-20 09:30:00-04:00,9.949999809265137,10.279999732971191,9.770000457763672,9.880000114440918,11167,0.0,0.0
2023-10-20 10:30:00-04:00,9.880000114440918,10.449999809265137,9.819999694824219,10.40999984741211,28326,0.0,0.0
2023-10-20 11:30:00-04:00,10.40999984741211,10.939900398254395,10.40999984741211,10.881099700927734,46295,0.0,0.0
2023-10-20 12:30:00-04:00,10.90999984741211,11.350000381469727,10.850000381469727,11.149999618530273,50819,0.0,0.0
2023-10-20 13:30:00-04:00,11.0600004196167,11.239999771118164,10.9399995803833,11.050000190734863,41179,0.0,0.0
2023-10-20 14:30:00-04:00,11.100000381469727,11.100000381469727,10.609999656677246,10.869999885559082,53328,0.0,0.0
2023-10-20 15:30:00-04:00,10.930000305175781,11.0,10.279999732971191,10.430000305175781,91402,0.0,0.0
2023-10-23 09:30:00-04:00,10.279999732971191,11.289999961853027,9.729999542236328,9.8149995803833,59349,0.0,0.0
2023-10-23 10:30:00-04:00,9.75,10.180000305175781,9.649999618530273,10.09749984741211,67950,0.0,0.0
2023-10-23 11:30:00-04:00,10.069999694824219,10.210000038146973,9.979999542236328,9.994999885559082,14589,0.0,0.0
2023-10-23 12:30:00-04:00,9.954999923706055,10.0,9.765000343322754,9.850000381469727,18195,0.0,0.0
2023-10-23 13:30:00-04:00,9.869999885559082,9.890000343322754,9.710000038146973,9.75,35452,0.0,0.0
2023-10-23 14:30:00-04:00,9.75,9.850000381469727,9.600000381469727,9.8100004196167,47579,0.0,0.0
2023-10-23 15:30:00-04:00,9.760000228881836,10.050000190734863,9.75,9.789999961853027,24002,0.0,0.0
2023-10-24 09:30:00-04:00,9.75,10.15999984741211,9.701000213623047,10.0,21676,0.0,0.0
2023-10-24 10:30:00-04:00,10.020000457763672,10.710000038146973,10.020000457763672,10.359999656677246,34597,0.0,0.0
2023-10-24 11:30:00-04:00,10.359999656677246,10.640000343322754,10.234999656677246,10.420000076293945,20433,0.0,0.0
2023-10-24 12:30:00-04:00,10.4399995803833,10.680000305175781,10.430000305175781,10.680000305175781,16784,0.0,0.0
2023-10-24 13:30:00-04:00,10.609999656677246,10.75,10.600000381469727,10.65999984741211,20897,0.0,0.0
2023-10-24 14:30:00-04:00,10.65999984741211,10.890000343322754,10.619999885559082,10.779999732971191,58896,0.0,0.0
2023-10-24 15:30:00-04:00,10.760000228881836,10.819999694824219,10.699999809265137,10.800000190734863,43220,0.0,0.0
2023-10-25 09:30:00-04:00,10.869999885559082,11.218899726867676,10.375,10.895000457763672,18827,0.0,0.0
2023-10-25 10:30:00-04:00,10.970800399780273,11.350000381469727,10.800000190734863,11.335000038146973,41040,0.0,0.0
2023-10-25 11:30:00-04:00,11.319999694824219,11.710000038146973,11.149999618530273,11.520000457763672,72152,0.0,0.0
2023-10-25 12:30:00-04:00,11.524999618530273,11.75,11.511199951171875,11.569999694824219,28465,0.0,0.0
2023-10-25 13:30:00-04:00,11.5600004196167,11.75,11.49120044708252,11.49120044708252,36057,0.0,0.0
2023-10-25 14:30:00-04:00,11.600000381469727,11.800000190734863,11.557000160217285,11.670000076293945,32349,0.0,0.0
2023-10-25 15:30:00-04:00,11.699999809265137,11.739999771118164,11.520000457763672,11.619999885559082,31557,0.0,0.0
2023-10-26 09:30:00-04:00,11.59000015258789,11.997400283813477,11.111100196838379,11.960000038146973,37318,0.0,0.0
2023-10-26 10:30:00-04:00,12.010000228881836,12.760000228881836,12.010000228881836,12.180000305175781,46730,0.0,0.0
2023-10-26 11:30:00-04:00,12.229999542236328,12.699999809265137,12.0,12.600000381469727,32080,0.0,0.0
2023-10-26 12:30:00-04:00,12.600000381469727,13.359999656677246,12.600000381469727,13.0,52408,0.0,0.0
2023-10-26 13:30:00-04:00,13.029999732971191,13.088899612426758,12.550000190734863,12.550000190734863,23137,0.0,0.0
2023-10-26 14:30:00-04:00,12.65999984741211,12.739999771118164,12.529999732971191,12.600000381469727,10742,0.0,0.0
2023-10-26 15:30:00-04:00,12.539999961853027,12.539999961853027,12.119999885559082,12.239999771118164,91388,0.0,0.0
2023-10-27 09:30:00-04:00,12.149999618530273,12.488800048828125,12.079999923706055,12.100000381469727,0,0.0,0.0
2023-10-27 10:30:00-04:00,12.069999694824219,12.369999885559082,12.069999694824219,12.260000228881836,44872,0.0,0.0
2023-10-27 11:30:00-04:00,12.229999542236328,12.329999923706055,12.149999618530273,12.260000228881836,14552,0.0,0.0
2023-10-27 12:30:00-04:00,12.260000228881836,12.300000190734863,12.15999984741211,12.199999809265137,51510,0.0,0.0
2023-10-27 13:30:00-04:00,12.199999809265137,12.300000190734863,12.010000228881836,12.069999694824219,96939,0.0,0.0
2023-10-27 14:30:00-04:00,12.079999923706055,12.140000343322754,12.010000228881836,12.029999732971191,69622,0.0,0.0
2023-10-27 15:30:00-04:00,12.020000457763672,12.020000457763672,11.569999694824219,11.649999618530273,39565,0.0,0.0
2023-10-30 09:30:00-04:00,11.989999771118164,11.989999771118164,10.704999923706055,11.199999809265137,53731,0.0,0.0
2023-10-30 10:30:00-04:00,11.199999809265137,11.520000457763672,10.845000267028809,10.979999542236328,55477,0.0,0.0
2023-10-30 11:30:00-04:00,11.039999961853027,11.045000076293945,10.720000267028809,10.920000076293945,21900,0.0,0.0
2023-10-30 12:30:00-04:00,10.914999961853027,11.15999984741211,10.774999618530273,11.149999618530273,114072,0.0,0.0
2023-10-30 13:30:00-04:00,11.149999618530273,11.289999961853027,11.0,11.09000015258789,19146,0.0,0.0
2023-10-30 14:30:00-04:00,11.119999885559082,11.170000076293945,10.880000114440918,11.045000076293945,30974,0.0,0.0
2023-10-30 15:30:00-04:00,10.979999542236328,11.145000457763672,10.84000015258789,10.899999618530273,28079,0.0,0.0
2023-10-31 09:30:00-04:00,11.020000457763672,11.438899993896484,10.5,10.899999618530273,0,0.0,0.0
2023-10-31 10:30:00-04:00,10.819999694824219,10.833499908447266,10.5,10.600000381469727,138234,0.0,0.0
2023-10-31 11:30:00-04:00,10.630000114440918,10.654999732971191,10.59000015258789,10.595000267028809,11613,0.0,0.0
2023-10-31 12:30:00-04:00,10.595000267028809,10.75,10.5600004196167,10.6899995803833,20115,0.0,0.0
2023-10-31 13:30:00-04:00,10.704999923706055,10.75,10.600000381469727,10.71500015258789,39154,0.0,0.0
2023-10-31 14:30:00-04:00,10.71500015258789,10.75,10.609999656677246,10.704999923706055,41663,0.0,0.0
2023-10-31 15:30:00-04:00,10.704999923706055,10.9399995803833,10.65999984741211,10.890000343322754,31636,0.0,0.0
2023-11-01 09:30:00-04:00,10.75,10.994999885559082,10.460000038146973,10.954999923706055,7868,0.0,0.0
2023-11-01 10:30:00-04:00,10.824999809265137,10.949999809265137,10.710000038146973,10.78499984741211,16069,0.0,0.0
2023-11-01 11:30:00-04:00,10.800000190734863,10.970000267028809,10.800000190734863,10.970000267028809,4676,0.0,0.0
2023-11-01 12:30:00-04:00,10.90999984741211,11.069999694824219,10.8100004196167,10.854999542236328,20469,0.0,0.0
2023-11-01 13:30:00-04:00,10.850000381469727,10.880000114440918,10.770000457763672,10.819999694824219,6688,0.0,0.0
2023-11-01 14:30:00-04:00,10.850000381469727,10.9399995803833,10.770000457763672,10.770000457763672,35074,0.0,0.0
2023-11-01 15:30:00-04:00,10.864999771118164,10.890000343322754,10.729999542236328,10.770000457763672,30786,0.0,0.0
2023-11-02 09:30:00-04:00,10.75,10.930000305175781,10.739999771118164,10.859999656677246,0,0.0,0.0
2023-11-02 10:30:00-04:00,10.805000305175781,11.139599800109863,10.744999885559082,11.008899688720703,32858,0.0,0.0
2023-11-02 11:30:00-04:00,10.949999809265137,10.960000038146973,10.819999694824219,10.826399803161621,11392,0.0,0.0
2023-11-02 12:30:00-04:00,10.854999542236328,11.020000457763672,10.829999923706055,10.949999809265137,25130,0.0,0.0
2023-11-02 13:30:00-04:00,10.975000381469727,11.015000343322754,10.8149995803833,10.954999923706055,19105,0.0,0.0
2023-11-02 14:30:00-04:00,10.930000305175781,11.050000190734863,10.859999656677246,10.989999771118164,20923,0.0,0.0
2023-11-02 15:30:00-04:00,10.960000038146973,11.0,10.859999656677246,10.949999809265137,18043,0.0,0.0
2023-11-03 09:30:00-04:00,10.880000114440918,11.579999923706055,10.841300010681152,11.399999618530273,24291,0.0,0.0
2023-11-03 10:30:00-04:00,11.364999771118164,11.725600242614746,11.15999984741211,11.510000228881836,44934,0.0,0.0
2023-11-03 11:30:00-04:00,11.460000038146973,11.609999656677246,11.3100004196167,11.404999732971191,41461,0.0,0.0
2023-11-03 12:30:00-04:00,11.380000114440918,11.460000038146973,11.369999885559082,11.430000305175781,12165,0.0,0.0
2023-11-03 13:30:00-04:00,11.420000076293945,11.444999694824219,11.380000114440918,11.399999618530273,11030,0.0,0.0
2023-11-03 14:30:00-04:00,11.380000114440918,11.6899995803833,11.369999885559082,11.640000343322754,16560,0.0,0.0
2023-11-03 15:30:00-04:00,11.614999771118164,11.850000381469727,11.59000015258789,11.850000381469727,21855,0.0,0.0
2023-11-06 09:30:00-05:00,11.989999771118164,11.989999771118164,11.56879997253418,11.800000190734863,18324,0.0,0.0
2023-11-06 10:30:00-05:00,11.845000267028809,11.989999771118164,11.770000457763672,11.84000015258789,13934,0.0,0.0
2023-11-06 11:30:00-05:00,11.899999618530273,11.899999618530273,11.680000305175781,11.699999809265137,18788,0.0,0.0
2023-11-06 12:30:00-05:00,11.6899995803833,11.720000267028809,11.449999809265137,11.449999809265137,30324,0.0,0.0
2023-11-06 13:30:00-05:00,11.5,11.649999618530273,11.329999923706055,11.449999809265137,111757,0.0,0.0
2023-11-06 14:30:00-05:00,11.4399995803833,11.449999809265137,11.329999923706055,11.380000114440918,6151,0.0,0.0
2023-11-06 15:30:00-05:00,11.430000305175781,11.454999923706055,11.34000015258789,11.359999656677246,25054,0.0,0.0
2023-11-07 09:30:00-05:00,11.539999961853027,12.199999809265137,11.335000038146973,11.459799766540527,0,0.0,0.0
2023-11-07 10:30:00-05:00,11.5,11.5,11.34000015258789,11.420000076293945,22033,0.0,0.0
2023-11-07 11:30:00-05:00,11.40999984741211,11.600000381469727,11.385000228881836,11.5,25846,0.0,0.0
2023-11-07 12:30:00-05:00,11.5,11.520000457763672,11.399999618530273,11.425000190734863,11487,0.0,0.0
2023-11-07 13:30:00-05:00,11.40999984741211,11.489999771118164,11.380000114440918,11.475000381469727,18046,0.0,0.0
2023-11-07 14:30:00-05:00,11.470000267028809,11.649999618530273,11.449999809265137,11.5600004196167,48071,0.0,0.0
2023-11-07 15:30:00-05:00,11.5600004196167,11.600000381469727,11.5,11.600000381469727,55415,0.0,0.0
2023-11-08 09:30:00-05:00,12.09000015258789,12.194999694824219,11.6899995803833,11.789999961853027,48585,0.0,0.0
2023-11-08 10:30:00-05:00,11.720000267028809,11.907500267028809,11.699999809265137,11.854999542236328,19235,0.0,0.0
2023-11-08 11:30:00-05:00,11.859999656677246,11.949999809265137,11.710000038146973,11.765000343322754,17420,0.0,0.0
2023-11-08 12:30:00-05:00,11.770000457763672,11.800000190734863,11.619999885559082,11.65999984741211,25220,0.0,0.0
2023-11-08 13:30:00-05:00,11.65999984741211,11.65999984741211,11.5600004196167,11.625,10178,0.0,0.0
2023-11-08 14:30:00-05:00,11.600000381469727,11.710000038146973,10.5,10.84000015258789,165846,0.0,0.0
2023-11-08 15:30:00-05:00,10.84000015258789,10.930000305175781,10.5,10.550000190734863,125780,0.0,0.0
2023-11-09 09:30:00-05:00,10.630000114440918,10.949999809265137,10.5,10.5,42400,0.0,0.0
2023-11-09 10:30:00-05:00,10.5,10.569999694824219,10.5,10.5,25999,0.0,0.0
2023-11-09 11:30:00-05:00,10.5,10.640000343322754,10.5,10.5,36334,0.0,0.0
2023-11-09 12:30:00-05:00,10.5,10.510000228881836,10.399999618530273,10.489999771118164,13515,0.0,0.0
2023-11-09 13:30:00-05:00,10.470000267028809,10.859999656677246,10.399999618530273,10.489999771118164,53722,0.0,0.0
2023-11-09 14:30:00-05:00,10.489999771118164,10.5600004196167,10.4399995803833,10.520000457763672,26761,0.0,0.0
2023-11-09 15:30:00-05:00,10.520000457763672,10.630000114440918,10.489999771118164,10.619999885559082,25507,0.0,0.0
2023-11-10 09:30:00-05:00,10.619999885559082,11.109999656677246,10.557600021362305,10.8100004196167,10947,0.0,0.0
2023-11-10 10:30:00-05:00,10.8100004196167,11.210000038146973,10.800000190734863,11.140000343322754,17926,0.0,0.0
2023-11-10 11:30:00-05:00,11.109999656677246,11.479999542236328,11.015000343322754,11.390000343322754,21008,0.0,0.0
2023-11-10 12:30:00-05:00,11.369999885559082,11.855299949645996,11.369999885559082,11.729999542236328,19146,0.0,0.0
2023-11-10 13:30:00-05:00,11.75,11.899999618530273,11.75,11.789999961853027,17556,0.0,0.0
2023-11-10 14:30:00-05:00,11.774999618530273,11.869999885559082,11.41409969329834,11.529999732971191,33468,0.0,0.0
2023-11-10 15:30:00-05:00,11.569999694824219,11.699999809265137,11.512999534606934,11.619999885559082,17046,0.0,0.0
2023-11-13 09:30:00-05:00,11.539999961853027,11.869999885559082,10.923999786376953,11.59000015258789,0,0.0,0.0
2023-11-13 10:30:00-05:00,11.664999961853027,11.719400405883789,11.550000190734863,11.630000114440918,27207,0.0,0.0
2023-11-13 11:30:00-05:00,11.645000457763672,12.0,11.645000457763672,11.930000305175781,26524,0.0,0.0
2023-11-13 12:30:00-05:00,11.937800407409668,11.96500015258789,11.829999923706055,11.854999542236328,4797,0.0,0.0
2023-11-13 13:30:00-05:00,11.859999656677246,11.944999694824219,11.699999809265137,11.800000190734863,22291,0.0,0.0
2023-11-13 14:30:00-05:00,11.761199951171875,11.899999618530273,11.75,11.890000343322754,12459,0.0,0.0
2023-11-13 15:30:00-05:00,11.890000343322754,11.979999542236328,11.84000015258789,11.949999809265137,35280,0.0,0.0
2023-11-14 09:30:00-05:00,12.359999656677246,12.670000076293945,12.010000228881836,12.319499969482422,40848,0.0,0.0
2023-11-14 10:30:00-05:00,12.329999923706055,12.329999923706055,11.819999694824219,12.0,29107,0.0,0.0
2023-11-14 11:30:00-05:00,12.0,12.0649995803833,11.9399995803833,12.015000343322754,32769,0.0,0.0
2023-11-14 12:30:00-05:00,12.039999961853027,12.0649995803833,11.920000076293945,12.039999961853027,14746,0.0,0.0
2023-11-14 13:30:00-05:00,12.029999732971191,12.09000015258789,11.899999618530273,12.045000076293945,14848,0.0,0.0
2023-11-14 14:30:00-05:00,12.0649995803833,12.09000015258789,11.96090030670166,11.970000267028809,16074,0.0,0.0
2023-11-14 15:30:00-05:00,11.984999656677246,11.989999771118164,11.800000190734863,11.979999542236328,34747,0.0,0.0
2023-11-15 09:30:00-05:00,12.199999809265137,12.199999809265137,11.949999809265137,12.015000343322754,0,0.0,0.0
2023-11-15 10:30:00-05:00,12.015000343322754,12.515000343322754,12.0,12.020000457763672,40200,0.0,0.0
2023-11-15 11:30:00-05:00,12.020000457763672,12.3100004196167,12.020000457763672,12.149999618530273,26483,0.0,0.0
2023-11-15 12:30:00-05:00,12.160099983215332,12.25,12.0,12.085000038146973,32387,0.0,0.0
2023-11-15 13:30:00-05:00,12.0600004196167,12.319999694824219,12.029999732971191,12.300000190734863,31484,0.0,0.0
2023-11-15 14:30:00-05:00,12.284799575805664,12.359999656677246,12.15999984741211,12.239999771118164,36378,0.0,0.0
2023-11-15 15:30:00-05:00,12.225000381469727,12.300000190734863,11.920000076293945,11.979999542236328,40566,0.0,0.0
2023-11-16 09:30:00-05:00,12.300000190734863,12.5,11.989999771118164,12.0649995803833,25268,0.0,0.0
2023-11-16 10:30:00-05:00,12.079999923706055,12.079999923706055,11.944999694824219,11.979999542236328,18112,0.0,0.0
2023-11-16 11:30:00-05:00,11.960000038146973,12.0,11.859999656677246,11.890000343322754,12213,0.0,0.0
2023-11-16 12:30:00-05:00,11.914999961853027,11.949999809265137,11.819999694824219,11.90999984741211,13868,0.0,0.0
2023-11-16 13:30:00-05:00,11.90999984741211,12.0,11.880000114440918,12.0,16091,0.0,0.0
2023-11-16 14:30:00-05:00,11.960000038146973,12.0,11.930000305175781,11.989999771118164,19205,0.0,0.0
2023-11-16 15:30:00-05:00,11.989999771118164,12.005000114440918,11.960000038146973,12.0,35251,0.0,0.0
2023-11-17 09:30:00-05:00,11.829999923706055,12.34000015258789,11.829999923706055,12.135000228881836,21721,0.0,0.0
2023-11-17 10:30:00-05:00,12.09000015258789,12.09000015258789,11.880000114440918,12.0,25762,0.0,0.0
2023-11-17 11:30:00-05:00,12.085000038146973,12.10949993133545,11.96049976348877,11.979999542236328,31398,0.0,0.0
2023-11-17 12:30:00-05:00,11.979999542236328,12.010000228881836,11.960000038146973,12.0,19228,0.0,0.0
2023-11-17 13:30:00-05:00,11.994999885559082,12.4399995803833,11.989999771118164,12.25,36992,0.0,0.0
2023-11-17 14:30:00-05:00,12.225000381469727,12.380000114440918,12.020000457763672,12.199999809265137,25159,0.0,0.0
2023-11-17 15:30:00-05:00,12.199999809265137,12.3100004196167,12.029999732971191,12.029999732971191,38312,0.0,0.0
2023-11-20 09:30:00-05:00,12.029999732971191,12.289999961853027,12.024999618530273,12.15999984741211,42278,0.0,0.0
2023-11-20 10:30:00-05:00,12.180000305175781,12.3100004196167,12.09000015258789,12.154999732971191,28953,0.0,0.0
2023-11-20 11:30:00-05:00,12.199999809265137,12.199999809265137,11.699999809265137,11.890000343322754,20478,0.0,0.0
2023-11-20 12:30:00-05:00,11.970000267028809,12.0,11.859999656677246,11.970000267028809,8812,0.0,0.0
2023-11-20 13:30:00-05:00,11.975000381469727,12.050000190734863,11.930000305175781,11.979999542236328,11653,0.0,0.0
2023-11-20 14:30:00-05:00,12.015000343322754,12.039999961853027,11.960000038146973,12.010000228881836,10084,0.0,0.0
2023-11-20 15:30:00-05:00,11.989999771118164,12.020000457763672,11.850000381469727,11.869999885559082,22294,0.0,0.0
2023-11-21 09:30:00-05:00,11.70680046081543,12.029999732971191,11.665200233459473,11.9399995803833,32982,0.0,0.0
2023-11-21 10:30:00-05:00,11.949999809265137,12.0,11.869999885559082,11.914999961853027,6560,0.0,0.0
2023-11-21 11:30:00-05:00,11.937600135803223,11.975000381469727,11.859999656677246,11.975000381469727,12169,0.0,0.0
2023-11-21 12:30:00-05:00,11.98799991607666,12.0,11.765000343322754,11.960000038146973,9926,0.0,0.0
2023-11-21 13:30:00-05:00,11.960000038146973,11.989999771118164,11.859999656677246,11.96500015258789,17044,0.0,0.0
2023-11-21 14:30:00-05:00,11.979999542236328,11.989999771118164,11.8100004196167,11.824999809265137,16741,0.0,0.0
2023-11-21 15:30:00-05:00,11.819999694824219,11.850000381469727,11.65999984741211,11.729999542236328,34574,0.0,0.0
2023-11-22 09:30:00-05:00,12.140000343322754,12.140000343322754,11.789400100708008,11.970000267028809,18354,0.0,0.0
2023-11-22 10:30:00-05:00,12.0,12.010000228881836,11.850000381469727,11.96500015258789,11987,0.0,0.0
2023-11-22 11:30:00-05:00,11.9399995803833,12.010000228881836,11.880000114440918,11.880000114440918,15623,0.0,0.0
2023-11-22 12:30:00-05:00,11.880000114440918,11.989999771118164,11.774999618530273,11.800000190734863,16793,0.0,0.0
2023-11-22 13:30:00-05:00,11.760000228881836,11.899999618530273,11.760000228881836,11.864999771118164,15706,0.0,0.0
2023-11-22 14:30:00-05:00,11.864999771118164,12.0,11.789999961853027,11.975000381469727,18857,0.0,0.0
2023-11-22 15:30:00-05:00,11.975000381469727,11.975000381469727,11.859999656677246,11.869999885559082,31565,0.0,0.0
2023-11-24 09:30:00-05:00,11.979999542236328,12.074999809265137,11.819999694824219,11.9350004196167,0,0.0,0.0
2023-11-24 10:30:00-05:00,12.0,12.09000015258789,11.90999984741211,12.079999923706055,19407,0.0,0.0
2023-11-24 11:30:00-05:00,12.154999732971191,12.289999961853027,11.900099754333496,12.0,29998,0.0,0.0
2023-11-27 09:30:00-05:00,12.069999694824219,12.100000381469727,11.905500411987305,11.984999656677246,17585,0.0,0.0
2023-11-27 10:30:00-05:00,11.984999656677246,12.079899787902832,11.960000038146973,11.989999771118164,19698,0.0,0.0
2023-11-27 11:30:00-05:00,11.994999885559082,12.069999694824219,11.979999542236328,12.067500114440918,22253,0.0,0.0
2023-11-27 12:30:00-05:00,12.010000228881836,12.088899612426758,11.954999923706055,12.039999961853027,10842,0.0,0.0
2023-11-27 13:30:00-05:00,12.0,12.039999961853027,11.914999961853027,11.984999656677246,10452,0.0,0.0
2023-11-27 14:30:00-05:00,11.989999771118164,12.0649995803833,11.949999809265137,12.039999961853027,24102,0.0,0.0
2023-11-27 15:30:00-05:00,12.039999961853027,12.069999694824219,11.90999984741211,11.949999809265137,22404,0.0,0.0
2023-11-28 09:30:00-05:00,11.829999923706055,11.989999771118164,11.800000190734863,11.984999656677246,10269,0.0,0.0
2023-11-28 10:30:00-05:00,11.949999809265137,12.0,11.9399995803833,11.989999771118164,12948,0.0,0.0
2023-11-28 11:30:00-05:00,12.0,12.117500305175781,11.960000038146973,12.095000267028809,20732,0.0,0.0
2023-11-28 12:30:00-05:00,12.09749984741211,12.135000228881836,12.005000114440918,12.020000457763672,22071,0.0,0.0
2023-11-28 13:30:00-05:00,12.067500114440918,12.077500343322754,11.979999542236328,12.029999732971191,13009,0.0,0.0
2023-11-28 14:30:00-05:00,12.020000457763672,12.100000381469727,11.979999542236328,12.100000381469727,19916,0.0,0.0
2023-11-28 15:30:00-05:00,12.09000015258789,12.119999885559082,12.050000190734863,12.0649995803833,21447,0.0,0.0
2023-11-29 09:30:00-05:00,12.020000457763672,12.469900131225586,11.95009994506836,12.069999694824219,34482,0.0,0.0
2023-11-29 10:30:00-05:00,12.0649995803833,12.180000305175781,12.015000343322754,12.069999694824219,28077,0.0,0.0
2023-11-29 11:30:00-05:00,12.069999694824219,12.130000114440918,11.885000228881836,12.100000381469727,39496,0.0,0.0
2023-11-29 12:30:00-05:00,12.085000038146973,12.130000114440918,12.079999923706055,12.119999885559082,15661,0.0,0.0
2023-11-29 13:30:00-05:00,12.100000381469727,12.145000457763672,12.079999923706055,12.100000381469727,20669,0.0,0.0
2023-11-29 14:30:00-05:00,12.100000381469727,12.149999618530273,12.0600004196167,12.140000343322754,31164,0.0,0.0
2023-11-29 15:30:00-05:00,12.125,12.149999618530273,12.010000228881836,12.149999618530273,32809,0.0,0.0
2023-11-30 09:30:00-05:00,12.720000267028809,12.999899864196777,11.994999885559082,12.210000038146973,41522,0.0,0.0
2023-11-30 10:30:00-05:00,12.25,12.385000228881836,11.994999885559082,11.994999885559082,43535,0.0,0.0
2023-11-30 11:30:00-05:00,11.949999809265137,12.029999732971191,11.800000190734863,11.925000190734863,33426,0.0,0.0
2023-11-30 12:30:00-05:00,11.9399995803833,12.130000114440918,11.9350004196167,12.119999885559082,14293,0.0,0.0
2023-11-30 13:30:00-05:00,12.154999732971191,12.239999771118164,12.074999809265137,12.15999984741211,24717,0.0,0.0
2023-11-30 14:30:00-05:00,12.15999984741211,12.25,12.100000381469727,12.15999984741211,29704,0.0,0.0
2023-11-30 15:30:00-05:00,12.180000305175781,12.25,12.0,12.25,27388,0.0,0.0
2023-12-01 09:30:00-05:00,12.239999771118164,12.409899711608887,11.869999885559082,12.0,21488,0.0,0.0
2023-12-01 10:30:00-05:00,12.029999732971191,12.305000305175781,12.029999732971191,12.15999984741211,34758,0.0,0.0
2023-12-01 11:30:00-05:00,12.15999984741211,12.34000015258789,12.15999984741211,12.25,20802,0.0,0.0
2023-12-01 12:30:00-05:00,12.255000114440918,12.279999732971191,12.175000190734863,12.239999771118164,26022,0.0,0.0
2023-12-01 13:30:00-05:00,12.229999542236328,12.270000457763672,12.154999732971191,12.199999809265137,29480,0.0,0.0
2023-12-01 14:30:00-05:00,12.210000038146973,12.315600395202637,12.0600004196167,12.225000381469727,50365,0.0,0.0
2023-12-01 15:30:00-05:00,12.244999885559082,12.319999694824219,12.199999809265137,12.319999694824219,44956,0.0,0.0
2023-12-04 09:30:00-05:00,12.800000190734863,12.800000190734863,10.670000076293945,10.6899995803833,0,0.0,0.0
2023-12-04 10:30:00-05:00,10.890000343322754,10.890000343322754,10.0,10.5,128043,0.0,0.0
2023-12-04 11:30:00-05:00,10.550000190734863,10.839900016784668,10.46500015258789,10.699999809265137,53738,0.0,0.0
2023-12-04 12:30:00-05:00,10.770000457763672,11.869999885559082,10.699999809265137,11.869999885559082,90944,0.0,0.0
2023-12-04 13:30:00-05:00,11.869999885559082,11.975000381469727,11.550000190734863,11.550000190734863,71560,0.0,0.0
2023-12-04 14:30:00-05:00,11.59000015258789,11.895000457763672,11.539999961853027,11.824999809265137,57736,0.0,0.0
2023-12-04 15:30:00-05:00,11.819999694824219,11.944999694824219,11.779999732971191,11.84000015258789,52130,0.0,0.0
2023-12-05 09:30:00-05:00,11.770000457763672,11.899999618530273,11.510000228881836,11.880000114440918,38352,0.0,0.0
2023-12-05 10:30:00-05:00,11.859999656677246,12.020000457763672,11.75,11.895000457763672,39553,0.0,0.0
2023-12-05 11:30:00-05:00,11.904999732971191,12.010000228881836,11.869999885559082,12.0,42552,0.0,0.0
2023-12-05 12:30:00-05:00,12.0,12.234999656677246,11.944299697875977,12.170000076293945,170152,0.0,0.0
2023-12-05 13:30:00-05:00,12.175000190734863,12.219400405883789,12.069999694824219,12.170000076293945,12523,0.0,0.0
2023-12-05 14:30:00-05:00,12.160099983215332,12.300000190734863,12.140000343322754,12.170000076293945,29956,0.0,0.0
2023-12-05 15:30:00-05:00,12.175000190734863,12.199999809265137,12.100000381469727,12.100099563598633,18688,0.0,0.0
2023-12-06 09:30:00-05:00,11.604299545288086,12.050000190734863,11.604299545288086,11.859999656677246,9497,0.0,0.0
2023-12-06 10:30:00-05:00,11.845000267028809,12.069999694824219,11.75,11.920000076293945,9123,0.0,0.0
2023-12-06 11:30:00-05:00,11.90999984741211,11.989999771118164,11.760000228881836,11.90999984741211,14192,0.0,0.0
2023-12-06 12:30:00-05:00,11.970000267028809,12.024999618530273,11.899999618530273,11.970000267028809,10985,0.0,0.0
2023-12-06 13:30:00-05:00,11.960000038146973,12.15999984741211,11.832099914550781,11.979999542236328,34822,0.0,0.0
2023-12-06 14:30:00-05:00,11.960000038146973,12.0649995803833,11.920000076293945,12.010000228881836,17141,0.0,0.0
2023-12-06 15:30:00-05:00,12.0,12.020000457763672,11.729999542236328,11.770000457763672,35293,0.0,0.0
2023-12-07 09:30:00-05:00,12.130000114440918,12.149999618530273,11.84000015258789,12.020000457763672,28906,0.0,0.0
2023-12-07 10:30:00-05:00,12.050000190734863,12.069999694824219,11.994999885559082,12.050000190734863,15929,0.0,0.0
2023-12-07 11:30:00-05:00,12.050000190734863,12.135000228881836,12.010000228881836,12.079999923706055,31379,0.0,0.0
2023-12-07 12:30:00-05:00,12.0600004196167,12.130000114440918,12.010000228881836,12.020000457763672,34327,0.0,0.0
2023-12-07 13:30:00-05:00,12.029999732971191,12.149999618530273,12.029999732971191,12.114999771118164,20173,0.0,0.0
2023-12-07 14:30:00-05:00,12.130000114440918,12.1899995803833,12.109999656677246,12.149999618530273,30363,0.0,0.0
2023-12-07 15:30:00-05:00,12.140000343322754,12.600000381469727,12.100000381469727,12.489999771118164,122558,0.0,0.0
2023-12-08 09:30:00-05:00,12.479999542236328,12.619999885559082,12.279999732971191,12.449999809265137,53801,0.0,0.0
2023-12-08 10:30:00-05:00,12.468999862670898,12.609999656677246,12.460000038146973,12.510000228881836,39361,0.0,0.0
2023-12-08 11:30:00-05:00,12.520000457763672,12.529999732971191,12.34000015258789,12.399999618530273,19679,0.0,0.0
2023-12-08 12:30:00-05:00,12.359999656677246,12.5600004196167,12.350000381469727,12.479999542236328,14068,0.0,0.0
2023-12-08 13:30:00-05:00,12.515000343322754,12.550000190734863,12.449999809265137,12.550000190734863,8271,0.0,0.0
2023-12-08 14:30:00-05:00,12.510000228881836,12.5600004196167,12.449999809265137,12.5,20981,0.0,0.0
2023-12-08 15:30:00-05:00,12.505000114440918,12.729999542236328,12.489999771118164,12.59000015258789,45367,0.0,0.0
2023-12-11 09:30:00-05:00,12.619999885559082,12.6850004196167,12.319999694824219,12.569999694824219,33424,0.0,0.0
2023-12-11 10:30:00-05:00,12.5,12.803199768066406,12.5,12.640000343322754,48402,0.0,0.0
2023-12-11 11:30:00-05:00,12.640000343322754,12.649999618530273,12.359999656677246,12.46500015258789,28091,0.0,0.0
2023-12-11 12:30:00-05:00,12.444999694824219,12.510000228881836,12.380000114440918,12.510000228881836,16443,0.0,0.0
2023-12-11 13:30:00-05:00,12.515000343322754,12.770000457763672,12.510000228881836,12.760000228881836,14980,0.0,0.0
2023-12-11 14:30:00-05:00,12.729999542236328,13.03499984741211,12.720000267028809,12.9399995803833,44398,0.0,0.0
2023-12-11 15:30:00-05:00,12.9399995803833,13.020000457763672,12.890000343322754,12.970000267028809,30993,0.0,0.0
2023-12-12 09:30:00-05:00,13.0,13.15999984741211,12.770000457763672,12.90999984741211,55808,0.0,0.0
2023-12-12 10:30:00-05:00,12.90999984741211,12.90999984741211,12.140000343322754,12.140000343322754,23671,0.0,0.0
2023-12-12 11:30:00-05:00,12.100000381469727,12.220000267028809,11.510000228881836,12.050000190734863,51888,0.0,0.0
2023-12-12 12:30:00-05:00,12.069999694824219,12.319999694824219,12.029999732971191,12.319999694824219,28399,0.0,0.0
2023-12-12 13:30:00-05:00,12.329999923706055,12.600000381469727,12.329999923706055,12.49839973449707,25457,0.0,0.0
2023-12-12 14:30:00-05:00,12.484999656677246,12.75,12.484999656677246,12.75,35468,0.0,0.0
2023-12-12 15:30:00-05:00,12.770000457763672,13.029999732971191,12.729999542236328,12.989999771118164,51468,0.0,0.0
2023-12-13 09:30:00-05:00,13.0,13.350000381469727,12.71500015258789,13.260000228881836,169409,0.0,0.0
2023-12-13 10:30:00-05:00,13.274999618530273,13.5,13.199999809265137,13.470000267028809,23266,0.0,0.0
2023-12-13 11:30:00-05:00,13.4399995803833,13.510000228881836,13.270000457763672,13.479999542236328,33805,0.0,0.0
2023-12-13 12:30:00-05:00,13.420100212097168,13.680000305175781,13.420100212097168,13.520000457763672,26522,0.0,0.0
2023-12-13 13:30:00-05:00,13.5,13.9399995803833,13.5,13.824999809265137,58668,0.0,0.0
2023-12-13 14:30:00-05:00,13.75,14.079999923706055,12.8100004196167,13.869999885559082,75792,0.0,0.0
2023-12-13 15:30:00-05:00,13.880000114440918,14.279999732971191,13.880000114440918,14.25,53311,0.0,0.0
2023-12-14 09:30:00-05:00,14.640000343322754,14.640000343322754,13.890000343322754,13.994999885559082,17878,0.0,0.0
2023-12-14 10:30:00-05:00,13.994999885559082,14.229999542236328,13.9399995803833,14.135000228881836,27060,0.0,0.0
2023-12-14 11:30:00-05:00,14.130000114440918,14.479999542236328,14.124500274658203,14.4399995803833,20873,0.0,0.0
2023-12-14 12:30:00-05:00,14.460000038146973,14.62660026550293,14.319999694824219,14.350000381469727,21160,0.0,0.0
2023-12-14 13:30:00-05:00,14.329999923706055,14.40999984741211,14.09000015258789,14.40999984741211,24756,0.0,0.0
2023-12-14 14:30:00-05:00,14.390000343322754,14.845000267028809,14.390000343322754,14.805000305175781,33414,0.0,0.0
2023-12-14 15:30:00-05:00,14.8100004196167,14.859999656677246,14.630000114440918,14.630000114440918,42173,0.0,0.0
2023-12-15 09:30:00-05:00,15.100000381469727,15.720000267028809,14.157299995422363,14.699999809265137,56265,0.0,0.0
2023-12-15 10:30:00-05:00,14.699999809265137,14.699999809265137,14.430000305175781,14.46500015258789,13858,0.0,0.0
2023-12-15 11:30:00-05:00,14.475000381469727,14.780099868774414,14.350000381469727,14.770000457763672,14219,0.0,0.0
2023-12-15 12:30:00-05:00,14.75,14.800000190734863,14.329999923706055,14.420000076293945,20952,0.0,0.0
2023-12-15 13:30:00-05:00,14.380000114440918,14.420000076293945,14.234999656677246,14.260000228881836,14107,0.0,0.0
2023-12-15 14:30:00-05:00,14.265000343322754,14.529999732971191,14.210000038146973,14.399999618530273,19261,0.0,0.0
2023-12-15 15:30:00-05:00,14.425000190734863,14.739999771118164,14.3100004196167,14.630000114440918,98595,0.0,0.0
2023-12-18 09:30:00-05:00,14.4399995803833,14.569999694824219,13.8100004196167,14.5,52320,0.0,0.0
2023-12-18 10:30:00-05:00,14.550000190734863,14.600000381469727,14.390000343322754,14.5600004196167,29218,0.0,0.0
2023-12-18 11:30:00-05:00,14.59000015258789,14.649999618530273,14.579999923706055,14.600000381469727,16301,0.0,0.0
2023-12-18 12:30:00-05:00,14.59000015258789,14.609999656677246,14.524999618530273,14.59000015258789,17179,0.0,0.0
2023-12-18 13:30:00-05:00,14.600000381469727,14.84000015258789,14.550000190734863,14.744999885559082,64944,0.0,0.0
2023-12-18 14:30:00-05:00,14.760000228881836,14.869999885559082,14.6899995803833,14.720000267028809,28173,0.0,0.0
2023-12-18 15:30:00-05:00,14.6899995803833,14.79990005493164,14.640000343322754,14.720000267028809,24403,0.0,0.0
2023-12-19 09:30:00-05:00,14.520000457763672,15.1899995803833,13.34000015258789,14.589400291442871,31149,0.0,0.0
2023-12-19 10:30:00-05:00,14.5600004196167,14.760000228881836,14.5,14.645000457763672,22158,0.0,0.0
2023-12-19 11:30:00-05:00,14.699999809265137,14.699999809265137,14.5,14.600000381469727,18008,0.0,0.0
2023-12-19 12:30:00-05:00,14.600000381469727,14.734299659729004,14.59000015258789,14.699999809265137,9359,0.0,0.0
2023-12-19 13:30:00-05:00,14.65999984741211,14.6899995803833,14.539999961853027,14.5600004196167,8671,0.0,0.0
2023-12-19 14:30:00-05:00,14.539999961853027,14.680000305175781,14.5,14.619999885559082,46939,0.0,0.0
2023-12-19 15:30:00-05:00,14.604999542236328,14.680000305175781,14.510000228881836,14.569999694824219,23146,0.0,0.0
2023-12-20 09:30:00-05:00,14.300000190734863,15.015000343322754,14.300000190734863,14.9399995803833,23664,0.0,0.0
2023-12-20 10:30:00-05:00,14.930000305175781,15.100000381469727,14.869999885559082,15.079999923706055,11569,0.0,0.0
2023-12-20 11:30:00-05:00,15.0,15.25,14.920000076293945,15.225000381469727,12939,0.0,0.0
2023-12-20 12:30:00-05:00,15.260000228881836,15.449999809265137,15.069999694824219,15.119999885559082,28702,0.0,0.0
2023-12-20 13:30:00-05:00,15.119999885559082,15.15999984741211,15.005000114440918,15.069999694824219,14452,0.0,0.0
2023-12-20 14:30:00-05:00,15.0600004196167,15.149999618530273,14.8100004196167,14.885000228881836,32461,0.0,0.0
2023-12-20 15:30:00-05:00,14.885000228881836,14.899999618530273,14.460000038146973,14.470000267028809,51194,0.0,0.0
2023-12-21 09:30:00-05:00,14.5,15.020000457763672,14.34000015258789,14.479999542236328,24553,0.0,0.0
2023-12-21 10:30:00-05:00,14.479999542236328,14.609999656677246,14.45359992980957,14.600000381469727,20290,0.0,0.0
2023-12-21 11:30:00-05:00,14.569999694824219,14.569999694824219,14.430000305175781,14.4399995803833,15418,0.0,0.0
2023-12-21 12:30:00-05:00,14.430000305175781,14.510000228881836,14.414999961853027,14.460000038146973,26284,0.0,0.0
2023-12-21 13:30:00-05:00,14.489999771118164,14.505000114440918,14.380000114440918,14.399999618530273,12912,0.0,0.0
2023-12-21 14:30:00-05:00,14.380000114440918,14.380000114440918,13.930000305175781,14.079999923706055,35127,0.0,0.0
2023-12-21 15:30:00-05:00,14.09000015258789,14.194999694824219,13.970000267028809,13.989999771118164,40787,0.0,0.0
2023-12-22 09:30:00-05:00,14.899999618530273,15.649999618530273,14.569999694824219,15.649999618530273,34004,0.0,0.0
2023-12-22 10:30:00-05:00,15.680000305175781,17.700000762939453,15.64009952545166,17.3799991607666,162513,0.0,0.0
2023-12-22 11:30:00-05:00,17.462099075317383,19.299999237060547,17.25,17.350000381469727,332877,0.0,0.0
2023-12-22 12:30:00-05:00,17.290000915527344,17.65999984741211,17.25,17.540000915527344,133583,0.0,0.0
2023-12-22 13:30:00-05:00,17.540000915527344,17.989999771118164,17.25,17.289199829101562,105389,0.0,0.0
2023-12-22 14:30:00-05:00,17.389999389648438,17.84000015258789,17.370500564575195,17.559999465942383,64706,0.0,0.0
2023-12-22 15:30:00-05:00,17.559999465942383,17.690000534057617,17.43000030517578,17.479999542236328,99181,0.0,0.0
2023-12-26 09:30:00-05:00,17.3799991607666,18.279399871826172,17.360000610351562,17.73710060119629,56121,0.0,0.0
2023-12-26 10:30:00-05:00,17.700000762939453,18.020000457763672,17.540000915527344,17.68000030517578,119873,0.0,0.0
2023-12-26 11:30:00-05:00,17.68000030517578,17.950000762939453,17.549999237060547,17.950000762939453,19545,0.0,0.0
2023-12-26 12:30:00-05:00,17.899999618530273,18.190000534057617,17.760000228881836,17.81999969482422,48064,0.0,0.0
2023-12-26 13:30:00-05:00,17.864999771118164,17.979999542236328,17.61479949951172,17.920000076293945,12099,0.0,0.0
2023-12-26 14:30:00-05:00,17.81999969482422,17.899999618530273,17.549999237060547,17.549999237060547,30533,0.0,0.0
2023-12-26 15:30:00-05:00,17.510000228881836,17.753599166870117,17.469999313354492,17.5,43982,0.0,0.0
2023-12-27 09:30:00-05:00,17.979999542236328,18.499900817871094,17.8700008392334,18.030000686645508,54147,0.0,0.0
2023-12-27 10:30:00-05:00,17.940000534057617,18.101699829101562,17.559999465942383,17.79360008239746,25044,0.0,0.0
2023-12-27 11:30:00-05:00,17.690000534057617,17.950000762939453,17.670000076293945,17.81999969482422,20083,0.0,0.0
2023-12-27 12:30:00-05:00,17.809999465942383,17.969999313354492,17.649999618530273,17.8799991607666,6903,0.0,0.0
2023-12-27 13:30:00-05:00,17.885000228881836,17.989999771118164,17.790000915527344,17.8799991607666,14830,0.0,0.0
2023-12-27 14:30:00-05:00,17.8700008392334,17.979999542236328,17.780000686645508,17.979999542236328,9816,0.0,0.0
2023-12-27 15:30:00-05:00,17.945600509643555,17.950000762939453,17.850000381469727,17.889999389648438,39001,0.0,0.0
2023-12-28 09:30:00-05:00,17.850000381469727,17.94529914855957,17.556299209594727,17.780000686645508,22577,0.0,0.0
2023-12-28 10:30:00-05:00,17.799999237060547,17.860000610351562,17.6200008392334,17.656600952148438,5744,0.0,0.0
2023-12-28 11:30:00-05:00,17.645999908447266,17.700000762939453,17.280000686645508,17.485000610351562,16341,0.0,0.0
2023-12-28 12:30:00-05:00,17.56999969482422,17.56999969482422,17.1200008392334,17.18000030517578,15582,0.0,0.0
2023-12-28 13:30:00-05:00,17.239999771118164,17.370100021362305,17.1200008392334,17.139999389648438,15219,0.0,0.0
2023-12-28 14:30:00-05:00,17.1200008392334,17.229999542236328,16.895000457763672,16.895000457763672,24403,0.0,0.0
2023-12-28 15:30:00-05:00,16.8799991607666,17.200000762939453,16.700000762939453,17.149999618530273,36051,0.0,0.0
2023-12-29 09:30:00-05:00,16.969999313354492,17.889999389648438,16.969999313354492,17.5,31621,0.0,0.0
2023-12-29 10:30:00-05:00,17.450000762939453,17.565000534057617,17.3700008392334,17.43000030517578,14678,0.0,0.0
2023-12-29 11:30:00-05:00,17.503000259399414,17.565000534057617,17.18000030517578,17.18000030517578,19096,0.0,0.0
2023-12-29 12:30:00-05:00,17.229999542236328,17.2549991607666,17.0,17.09000015258789,20886,0.0,0.0
2023-12-29 13:30:00-05:00,17.100000381469727,17.135000228881836,17.020000457763672,17.093399047851562,21906,0.0,0.0
2023-12-29 14:30:00-05:00,17.1200008392334,17.1200008392334,17.020000457763672,17.084999084472656,20087,0.0,0.0
2023-12-29 15:30:00-05:00,17.110000610351562,17.1200008392334,16.950000762939453,17.03499984741211,56040,0.0,0.0
2024-01-02 09:30:00-05:00,17.18000030517578,17.219999313354492,16.690000534057617,16.75,62370,0.0,0.0
2024-01-02 10:30:00-05:00,16.71500015258789,17.200000762939453,16.67009925842285,17.110000610351562,25249,0.0,0.0
2024-01-02 11:30:00-05:00,17.020000457763672,17.325000762939453,16.739999771118164,17.0,38747,0.0,0.0
2024-01-02 12:30:00-05:00,17.040000915527344,17.135000228881836,17.030000686645508,17.079999923706055,5929,0.0,0.0
2024-01-02 13:30:00-05:00,17.075000762939453,17.1200008392334,16.93000030517578,16.93000030517578,7465,0.0,0.0
2024-01-02 14:30:00-05:00,17.010000228881836,17.010000228881836,16.799999237060547,16.799999237060547,6810,0.0,0.0
2024-01-02 15:30:00-05:00,16.84000015258789,16.93000030517578,16.770000457763672,16.8799991607666,17184,0.0,0.0
2024-01-03 09:30:00-05:00,17.510000228881836,17.510000228881836,15.92770004272461,15.92770004272461,132332,0.0,0.0
2024-01-03 10:30:00-05:00,15.892000198364258,16.170000076293945,15.710000038146973,16.104999542236328,41936,0.0,0.0
2024-01-03 11:30:00-05:00,16.039600372314453,16.260000228881836,16.0,16.100000381469727,13712,0.0,0.0
2024-01-03 12:30:00-05:00,16.209999084472656,16.670000076293945,16.18000030517578,16.670000076293945,5467,0.0,0.0
2024-01-03 13:30:00-05:00,16.549999237060547,16.614999771118164,15.770000457763672,15.920000076293945,69659,0.0,0.0
2024-01-03 14:30:00-05:00,15.859999656677246,15.895000457763672,15.430000305175781,15.5649995803833,29931,0.0,0.0
2024-01-03 15:30:00-05:00,15.5649995803833,15.859999656677246,15.515000343322754,15.720000267028809,38803,0.0,0.0
2024-01-04 09:30:00-05:00,15.989999771118164,16.440000534057617,15.869999885559082,15.869999885559082,9562,0.0,0.0
2024-01-04 10:30:00-05:00,15.8149995803833,16.30500030517578,15.8149995803833,16.30500030517578,7575,0.0,0.0
2024-01-04 11:30:00-05:00,16.3700008392334,16.450000762939453,16.1299991607666,16.344999313354492,21712,0.0,0.0
2024-01-04 12:30:00-05:00,16.344999313354492,16.420000076293945,16.1299991607666,16.360000610351562,5377,0.0,0.0
2024-01-04 13:30:00-05:00,16.350000381469727,16.6200008392334,16.25,16.299999237060547,15817,0.0,0.0
2024-01-04 14:30:00-05:00,16.260000228881836,16.579999923706055,16.170000076293945,16.420000076293945,36937,0.0,0.0
2024-01-04 15:30:00-05:00,16.510000228881836,16.577699661254883,16.290000915527344,16.360000610351562,13184,0.0,0.0
2024-01-05 09:30:00-05:00,16.469999313354492,16.469999313354492,15.729999542236328,15.949999809265137,11885,0.0,0.0
2024-01-05 10:30:00-05:00,15.9399995803833,16.274999618530273,15.824999809265137,16.139999389648438,6466,0.0,0.0
2024-01-05 11:30:00-05:00,16.135000228881836,16.190000534057617,15.770099639892578,16.100000381469727,9236,0.0,0.0
2024-01-05 12:30:00-05:00,16.03499984741211,16.110000610351562,15.920000076293945,15.989999771118164,9389,0.0,0.0
2024-01-05 13:30:00-05:00,15.975000381469727,16.059999465942383,15.960000038146973,16.0,6542,0.0,0.0
2024-01-05 14:30:00-05:00,15.979999542236328,16.020000457763672,15.819999694824219,15.970000267028809,20495,0.0,0.0
2024-01-05 15:30:00-05:00,15.989999771118164,16.049999237060547,15.920000076293945,15.920000076293945,86329,0.0,0.0
2024-01-08 09:30:00-05:00,15.800000190734863,15.989999771118164,14.71780014038086,15.380000114440918,15999,0.0,0.0
2024-01-08 10:30:00-05:00,15.445599555969238,15.445599555969238,15.300000190734863,15.404999732971191,14667,0.0,0.0
2024-01-08 11:30:00-05:00,15.40999984741211,15.40999984741211,15.149999618530273,15.170000076293945,24987,0.0,0.0
2024-01-08 12:30:00-05:00,15.170000076293945,15.220000267028809,15.000100135803223,15.154999732971191,15577,0.0,0.0
2024-01-08 13:30:00-05:00,15.15999984741211,15.550000190734863,15.125,15.390000343322754,79600,0.0,0.0
2024-01-08 14:30:00-05:00,15.390000343322754,15.819999694824219,15.369999885559082,15.75,28374,0.0,0.0
2024-01-08 15:30:00-05:00,15.75,15.829899787902832,15.640000343322754,15.65999984741211,21851,0.0,0.0
2024-01-09 09:30:00-05:00,15.329999923706055,15.9399995803833,15.09000015258789,15.604999542236328,109799,0.0,0.0
2024-01-09 10:30:00-05:00,15.670000076293945,16.065000534057617,15.520000457763672,16.010000228881836,9284,0.0,0.0
2024-01-09 11:30:00-05:00,15.994999885559082,16.06999969482422,15.770000457763672,15.859999656677246,11234,0.0,0.0
2024-01-09 12:30:00-05:00,15.8100004196167,15.835000038146973,15.697500228881836,15.75,6802,0.0,0.0
2024-01-09 13:30:00-05:00,15.75,15.779999732971191,15.579999923706055,15.670000076293945,10052,0.0,0.0
2024-01-09 14:30:00-05:00,15.619999885559082,15.869999885559082,15.619999885559082,15.6899995803833,67399,0.0,0.0
2024-01-09 15:30:00-05:00,15.699999809265137,15.729999542236328,15.5649995803833,15.59000015258789,22484,0.0,0.0
2024-01-10 09:30:00-05:00,15.430000305175781,15.8149995803833,15.430000305175781,15.600000381469727,38631,0.0,0.0
2024-01-10 10:30:00-05:00,15.600000381469727,15.630000114440918,15.5,15.569999694824219,20636,0.0,0.0
2024-01-10 11:30:00-05:00,15.574999809265137,15.609999656677246,15.40999984741211,15.420000076293945,17410,0.0,0.0
2024-01-10 12:30:00-05:00,15.430000305175781,15.5600004196167,15.40999984741211,15.539999961853027,6614,0.0,0.0
2024-01-10 13:30:00-05:00,15.569999694824219,15.649999618530273,15.550000190734863,15.585000038146973,14948,0.0,0.0
2024-01-10 14:30:00-05:00,15.609999656677246,15.729999542236328,15.5600004196167,15.579999923706055,27164,0.0,0.0
2024-01-10 15:30:00-05:00,15.529999732971191,15.680000305175781,15.470000267028809,15.579999923706055,27706,0.0,0.0
2024-01-11 09:30:00-05:00,15.5,15.880000114440918,15.039999961853027,15.600000381469727,14795,0.0,0.0
2024-01-11 10:30:00-05:00,15.6899995803833,15.800000190734863,15.430000305175781,15.475000381469727,19472,0.0,0.0
2024-01-11 11:30:00-05:00,15.430000305175781,15.579999923706055,15.260000228881836,15.335000038146973,44260,0.0,0.0
2024-01-11 12:30:00-05:00,15.265000343322754,15.494999885559082,15.265000343322754,15.449999809265137,9834,0.0,0.0
2024-01-11 13:30:00-05:00,15.449999809265137,15.604999542236328,15.34000015258789,15.510000228881836,12720,0.0,0.0
2024-01-11 14:30:00-05:00,15.350000381469727,15.505000114440918,15.25,15.420000076293945,25075,0.0,0.0
2024-01-11 15:30:00-05:00,15.425000190734863,15.449999809265137,15.130000114440918,15.279999732971191,43937,0.0,0.0
2024-01-12 09:30:00-05:00,15.25,15.760000228881836,15.0,15.010000228881836,12055,0.0,0.0
2024-01-12 10:30:00-05:00,15.0,15.0,14.675000190734863,14.805000305175781,17733,0.0,0.0
2024-01-12 11:30:00-05:00,14.805000305175781,14.960000038146973,14.760000228881836,14.854999542236328,13836,0.0,0.0
2024-01-12 12:30:00-05:00,14.859999656677246,14.989999771118164,14.829999923706055,14.920000076293945,6369,0.0,0.0
2024-01-12 13:30:00-05:00,14.920000076293945,14.960000038146973,14.800000190734863,14.800000190734863,7850,0.0,0.0
2024-01-12 14:30:00-05:00,14.800000190734863,14.800000190734863,14.430000305175781,14.444999694824219,16193,0.0,0.0
2024-01-12 15:30:00-05:00,14.444999694824219,14.489999771118164,14.34000015258789,14.390000343322754,29942,0.0,0.0
2024-01-16 09:30:00-05:00,14.109999656677246,14.235400199890137,13.600000381469727,13.664999961853027,18072,0.0,0.0
2024-01-16 10:30:00-05:00,13.630000114440918,13.920000076293945,13.53499984741211,13.920000076293945,23400,0.0,0.0
2024-01-16 11:30:00-05:00,13.829999923706055,14.069999694824219,13.829999923706055,13.854999542236328,11759,0.0,0.0
2024-01-16 12:30:00-05:00,13.845000267028809,14.119999885559082,13.819999694824219,14.010000228881836,47542,0.0,0.0
2024-01-16 13:30:00-05:00,14.010000228881836,14.0600004196167,13.866999626159668,13.866999626159668,9636,0.0,0.0
2024-01-16 14:30:00-05:00,13.9399995803833,14.079999923706055,13.859999656677246,14.045000076293945,18952,0.0,0.0
2024-01-16 15:30:00-05:00,14.076000213623047,14.109999656677246,13.930000305175781,14.03499984741211,31811,0.0,0.0
2024-01-17 09:30:00-05:00,13.869999885559082,14.180000305175781,13.729999542236328,14.087499618530273,11873,0.0,0.0
2024-01-17 10:30:00-05:00,14.087499618530273,14.125,13.979999542236328,14.039999961853027,23065,0.0,0.0
2024-01-17 11:30:00-05:00,14.045000076293945,14.289999961853027,14.045000076293945,14.289999961853027,44386,0.0,0.0
2024-01-17 12:30:00-05:00,14.289999961853027,14.289999961853027,14.079999923706055,14.104999542236328,15819,0.0,0.0
2024-01-17 13:30:00-05:00,14.09000015258789,14.26360034942627,14.09000015258789,14.229999542236328,7850,0.0,0.0
2024-01-17 14:30:00-05:00,14.225000381469727,14.25,14.15999984741211,14.1850004196167,11162,0.0,0.0
2024-01-17 15:30:00-05:00,14.1899995803833,14.260000228881836,14.15999984741211,14.180000305175781,48853,0.0,0.0
2024-01-18 09:30:00-05:00,14.270000457763672,14.760000228881836,14.069999694824219,14.75,18475,0.0,0.0
2024-01-18 10:30:00-05:00,14.845000267028809,14.850000381469727,14.34000015258789,14.619999885559082,67722,0.0,0.0
2024-01-18 11:30:00-05:00,14.649999618530273,14.649999618530273,14.420000076293945,14.479999542236328,19965,0.0,0.0
2024-01-18 12:30:00-05:00,14.510000228881836,14.5649995803833,14.470000267028809,14.520000457763672,16248,0.0,0.0
2024-01-18 13:30:00-05:00,14.505000114440918,14.649999618530273,14.470000267028809,14.635000228881836,10562,0.0,0.0
2024-01-18 14:30:00-05:00,14.649999618530273,14.670000076293945,14.579999923706055,14.649999618530273,13839,0.0,0.0
2024-01-18 15:30:00-05:00,14.619999885559082,14.670000076293945,14.600000381469727,14.649999618530273,31900,0.0,0.0
2024-01-19 09:30:00-05:00,14.6899995803833,14.899999618530273,14.399999618530273,14.510000228881836,72003,0.0,0.0
2024-01-19 10:30:00-05:00,14.5,14.795000076293945,14.479999542236328,14.5600004196167,34675,0.0,0.0
2024-01-19 11:30:00-05:00,14.5600004196167,14.569999694824219,14.4128999710083,14.5600004196167,34522,0.0,0.0
2024-01-19 12:30:00-05:00,14.539999961853027,14.630000114440918,14.484999656677246,14.550000190734863,8610,0.0,0.0
2024-01-19 13:30:00-05:00,14.539999961853027,14.59000015258789,14.300000190734863,14.300000190734863,23181,0.0,0.0
2024-01-19 14:30:00-05:00,14.289999961853027,14.4399995803833,14.289999961853027,14.4399995803833,35148,0.0,0.0
2024-01-19 15:30:00-05:00,14.425000190734863,14.425000190734863,14.039999961853027,14.25,77531,0.0,0.0
2024-01-22 09:30:00-05:00,14.319999694824219,15.119999885559082,14.319999694824219,15.085000038146973,25280,0.0,0.0
2024-01-22 10:30:00-05:00,15.0600004196167,15.170000076293945,14.949999809265137,15.130000114440918,16741,0.0,0.0
2024-01-22 11:30:00-05:00,15.109999656677246,15.140000343322754,14.989999771118164,14.989999771118164,12013,0.0,0.0
2024-01-22 12:30:00-05:00,14.970000267028809,15.170000076293945,14.970000267028809,15.170000076293945,10580,0.0,0.0
2024-01-22 13:30:00-05:00,15.15999984741211,15.270000457763672,15.09000015258789,15.210000038146973,12540,0.0,0.0
2024-01-22 14:30:00-05:00,15.255499839782715,15.460000038146973,15.255499839782715,15.420000076293945,16671,0.0,0.0
2024-01-22 15:30:00-05:00,15.404999732971191,15.6899995803833,15.369999885559082,15.649999618530273,47765,0.0,0.0
2024-01-23 09:30:00-05:00,16.059999465942383,16.260000228881836,15.6899995803833,16.17970085144043,24555,0.0,0.0
2024-01-23 10:30:00-05:00,16.06999969482422,16.21419906616211,15.88010025024414,16.149999618530273,20957,0.0,0.0
2024-01-23 11:30:00-05:00,16.155000686645508,16.170000076293945,15.989999771118164,16.0,10703,0.0,0.0
2024-01-23 12:30:00-05:00,16.0,16.0,15.670000076293945,15.75,11688,0.0,0.0
2024-01-23 13:30:00-05:00,15.75,15.949999809265137,15.710000038146973,15.949999809265137,6983,0.0,0.0
2024-01-23 14:30:00-05:00,15.989999771118164,16.25,15.97249984741211,16.15999984741211,23344,0.0,0.0
2024-01-23 15:30:00-05:00,16.147499084472656,16.25,16.079999923706055,16.229999542236328,36967,0.0,0.0
2024-01-24 09:30:00-05:00,16.389999389648438,16.41990089416504,16.030000686645508,16.030000686645508,6254,0.0,0.0
2024-01-24 10:30:00-05:00,16.16010093688965,16.19499969482422,15.859999656677246,15.859999656677246,7943,0.0,0.0
2024-01-24 11:30:00-05:00,15.895000457763672,16.010000228881836,15.84529972076416,15.930000305175781,22520,0.0,0.0
2024-01-24 12:30:00-05:00,15.899999618530273,16.030000686645508,15.789999961853027,15.789999961853027,9081,0.0,0.0
2024-01-24 13:30:00-05:00,15.789999961853027,15.8100004196167,15.109999656677246,15.109999656677246,15229,0.0,0.0
2024-01-24 14:30:00-05:00,15.074999809265137,15.420000076293945,15.0,15.300000190734863,17637,0.0,0.0
2024-01-24 15:30:00-05:00,15.34000015258789,15.390000343322754,15.300000190734863,15.3100004196167,32773,0.0,0.0
2024-01-25 09:30:00-05:00,15.0,15.460000038146973,15.0,15.21500015258789,20000,0.0,0.0
2024-01-25 10:30:00-05:00,15.15999984741211,15.380000114440918,15.0,15.3149995803833,28610,0.0,0.0
2024-01-25 11:30:00-05:00,15.300000190734863,15.329999923706055,15.109999656677246,15.130000114440918,10601,0.0,0.0
2024-01-25 12:30:00-05:00,15.199999809265137,15.25,15.114999771118164,15.145000457763672,9012,0.0,0.0
2024-01-25 13:30:00-05:00,15.100000381469727,15.25,15.09000015258789,15.229999542236328,15962,0.0,0.0
2024-01-25 14:30:00-05:00,15.25,15.25,15.0,15.0,21675,0.0,0.0
2024-01-25 15:30:00-05:00,15.0,15.170000076293945,15.0,15.119999885559082,30804,0.0,0.0
2024-01-26 09:30:00-05:00,15.270000457763672,15.869999885559082,15.0,15.03499984741211,25977,0.0,0.0
2024-01-26 10:30:00-05:00,15.03499984741211,15.3100004196167,15.0,15.3100004196167,16652,0.0,0.0
2024-01-26 11:30:00-05:00,15.399999618530273,15.539999961853027,15.307600021362305,15.34000015258789,7240,0.0,0.0
2024-01-26 12:30:00-05:00,15.324999809265137,15.449999809265137,15.300000190734863,15.430000305175781,7083,0.0,0.0
2024-01-26 13:30:00-05:00,15.489999771118164,15.729999542236328,15.4399995803833,15.729999542236328,8198,0.0,0.0
2024-01-26 14:30:00-05:00,15.630000114440918,15.84000015258789,15.59000015258789,15.609999656677246,14517,0.0,0.0
2024-01-26 15:30:00-05:00,15.600000381469727,15.630000114440918,15.449999809265137,15.449999809265137,25656,0.0,0.0
2024-01-29 09:30:00-05:00,15.270000457763672,15.520000457763672,15.050200462341309,15.140000343322754,22722,0.0,0.0
2024-01-29 10:30:00-05:00,15.119999885559082,15.399999618530273,15.119999885559082,15.359999656677246,12738,0.0,0.0
2024-01-29 11:30:00-05:00,15.34000015258789,15.351900100708008,15.180000305175781,15.3100004196167,4571,0.0,0.0
2024-01-29 12:30:00-05:00,15.319999694824219,15.600000381469727,15.300000190734863,15.5600004196167,21843,0.0,0.0
2024-01-29 13:30:00-05:00,15.628499984741211,15.74429988861084,15.619999885559082,15.725000381469727,4314,0.0,0.0
2024-01-29 14:30:00-05:00,15.739999771118164,15.90999984741211,15.710000038146973,15.869999885559082,13355,0.0,0.0
2024-01-29 15:30:00-05:00,15.899999618530273,15.930000305175781,15.6899995803833,15.729999542236328,24470,0.0,0.0
2024-01-30 09:30:00-05:00,15.789999961853027,15.819999694824219,15.609999656677246,15.8100004196167,5356,0.0,0.0
2024-01-30 10:30:00-05:00,15.789999961853027,16.294300079345703,15.789999961853027,16.260000228881836,19561,0.0,0.0
2024-01-30 11:30:00-05:00,16.274999618530273,16.368999481201172,15.800000190734863,15.850000381469727,17183,0.0,0.0
2024-01-30 12:30:00-05:00,15.850000381469727,15.960000038146973,15.800000190734863,15.880000114440918,8374,0.0,0.0
2024-01-30 13:30:00-05:00,15.864999771118164,15.949999809265137,15.800000190734863,15.91450023651123,14866,0.0,0.0
2024-01-30 14:30:00-05:00,15.930000305175781,15.960000038146973,15.8100004196167,15.8100004196167,11859,0.0,0.0
2024-01-30 15:30:00-05:00,15.8100004196167,15.9399995803833,15.800000190734863,15.899999618530273,48121,0.0,0.0
2024-01-31 09:30:00-05:00,16.200000762939453,16.389999389648438,15.970000267028809,16.059999465942383,8655,0.0,0.0
2024-01-31 10:30:00-05:00,15.970000267028809,16.389999389648438,15.947500228881836,16.247699737548828,17947,0.0,0.0
2024-01-31 11:30:00-05:00,16.260000228881836,16.295000076293945,15.914999961853027,16.014999389648438,8257,0.0,0.0
2024-01-31 12:30:00-05:00,16.05500030517578,16.05500030517578,15.260000228881836,15.28499984741211,10872,0.0,0.0
2024-01-31 13:30:00-05:00,15.239999771118164,15.279999732971191,15.0,15.180000305175781,23076,0.0,0.0
2024-01-31 14:30:00-05:00,15.199999809265137,15.430000305175781,14.979999542236328,15.039999961853027,31410,0.0,0.0
2024-01-31 15:30:00-05:00,15.09000015258789,15.15999984741211,14.899999618530273,14.899999618530273,43399,0.0,0.0
2024-02-01 09:30:00-05:00,14.869999885559082,14.970000267028809,14.5,14.859999656677246,10944,0.0,0.0
2024-02-01 10:30:00-05:00,14.970000267028809,15.079999923706055,14.75,14.90999984741211,19113,0.0,0.0
2024-02-01 11:30:00-05:00,14.899999618530273,15.319999694824219,14.890000343322754,15.234999656677246,43050,0.0,0.0
2024-02-01 12:30:00-05:00,15.154999732971191,15.5600004196167,15.149999618530273,15.5600004196167,9006,0.0,0.0
2024-02-01 13:30:00-05:00,15.552499771118164,15.729999542236328,15.470000267028809,15.539999961853027,7596,0.0,0.0
2024-02-01 14:30:00-05:00,15.46500015258789,15.520000457763672,15.295000076293945,15.305000305175781,11950,0.0,0.0
2024-02-01 15:30:00-05:00,15.239999771118164,15.300000190734863,15.15999984741211,15.270000457763672,20282,0.0,0.0
2024-02-02 09:30:00-05:00,15.279999732971191,15.584500312805176,15.239999771118164,15.420000076293945,8012,0.0,0.0
2024-02-02 10:30:00-05:00,15.420000076293945,15.84000015258789,15.210000038146973,15.210000038146973,92572,0.0,0.0
2024-02-02 11:30:00-05:00,15.34000015258789,15.40999984741211,14.825900077819824,15.010000228881836,85157,0.0,0.0
2024-02-02 12:30:00-05:00,15.069999694824219,15.350000381469727,15.010000228881836,15.300000190734863,36921,0.0,0.0
2024-02-02 13:30:00-05:00,15.350000381469727,15.404999732971191,15.300000190734863,15.404999732971191,14295,0.0,0.0
2024-02-02 14:30:00-05:00,15.40999984741211,15.40999984741211,15.300000190734863,15.319999694824219,27043,0.0,0.0
2024-02-02 15:30:00-05:00,15.300000190734863,15.460000038146973,15.300000190734863,15.359999656677246,88782,0.0,0.0
2024-02-05 09:30:00-05:00,15.109999656677246,15.449999809265137,14.930000305175781,15.260000228881836,23866,0.0,0.0
2024-02-05 10:30:00-05:00,15.260000228881836,15.399999618530273,15.098400115966797,15.319999694824219,37144,0.0,0.0
2024-02-05 11:30:00-05:00,15.345000267028809,15.390000343322754,15.300000190734863,15.350000381469727,12909,0.0,0.0
2024-02-05 12:30:00-05:00,15.34000015258789,15.484999656677246,15.300000190734863,15.484999656677246,32882,0.0,0.0
2024-02-05 13:30:00-05:00,15.470000267028809,15.550000190734863,15.449999809265137,15.494999885559082,34329,0.0,0.0
2024-02-05 14:30:00-05:00,15.494999885559082,15.75,15.229999542236328,15.239999771118164,74561,0.0,0.0
2024-02-05 15:30:00-05:00,15.300000190734863,15.3100004196167,15.140000343322754,15.229999542236328,29143,0.0,0.0
2024-02-06 09:30:00-05:00,14.960000038146973,15.619999885559082,14.75,15.25,112672,0.0,0.0
2024-02-06 10:30:00-05:00,15.130000114440918,15.25,14.720000267028809,14.78499984741211,50781,0.0,0.0
2024-02-06 11:30:00-05:00,14.710000038146973,14.755000114440918,14.401000022888184,14.609999656677246,15324,0.0,0.0
2024-02-06 12:30:00-05:00,14.619999885559082,15.1850004196167,14.579999923706055,15.170000076293945,16882,0.0,0.0
2024-02-06 13:30:00-05:00,15.15999984741211,15.975000381469727,15.140000343322754,15.944999694824219,22629,0.0,0.0
2024-02-06 14:30:00-05:00,15.989999771118164,16.1299991607666,15.859999656677246,16.1200008392334,19973,0.0,0.0
2024-02-06 15:30:00-05:00,16.100000381469727,16.1299991607666,15.864999771118164,16.1200008392334,34256,0.0,0.0
2024-02-07 09:30:00-05:00,16.0,16.65999984741211,15.64840030670166,16.450000762939453,20672,0.0,0.0
2024-02-07 10:30:00-05:00,16.549999237060547,16.889999389648438,16.3125,16.440000534057617,49784,0.0,0.0
2024-02-07 11:30:00-05:00,16.407499313354492,16.6200008392334,16.3700008392334,16.5,16841,0.0,0.0
2024-02-07 12:30:00-05:00,16.540000915527344,16.780000686645508,16.389999389648438,16.780000686645508,15332,0.0,0.0
2024-02-07 13:30:00-05:00,16.780000686645508,17.0,16.780000686645508,16.829999923706055,14037,0.0,0.0
2024-02-07 14:30:00-05:00,16.780000686645508,17.079999923706055,16.780000686645508,16.934999465942383,39382,0.0,0.0
2024-02-07 15:30:00-05:00,16.94499969482422,17.049999237060547,16.916099548339844,17.049999237060547,31921,0.0,0.0
2024-02-08 09:30:00-05:00,17.0,17.5,16.969999313354492,17.200000762939453,16110,0.0,0.0
2024-02-08 10:30:00-05:00,17.25,17.40999984741211,17.049999237060547,17.21500015258789,20520,0.0,0.0
2024-02-08 11:30:00-05:00,17.315000534057617,17.450000762939453,17.200000762939453,17.34000015258789,11838,0.0,0.0
2024-02-08 12:30:00-05:00,17.290000915527344,17.520000457763672,17.239999771118164,17.3700008392334,28436,0.0,0.0
2024-02-08 13:30:00-05:00,17.3700008392334,17.3700008392334,17.15999984741211,17.270000457763672,17012,0.0,0.0
2024-02-08 14:30:00-05:00,17.34000015258789,17.459999084472656,17.28499984741211,17.389999389648438,16512,0.0,0.0
2024-02-08 15:30:00-05:00,17.360000610351562,17.520000457763672,17.290000915527344,17.459999084472656,43777,0.0,0.0
2024-02-09 09:30:00-05:00,17.770000457763672,17.770000457763672,17.266300201416016,17.540000915527344,15343,0.0,0.0
2024-02-09 10:30:00-05:00,17.479999542236328,17.790000915527344,17.399999618530273,17.71500015258789,12612,0.0,0.0
2024-02-09 11:30:00-05:00,17.71500015258789,18.290000915527344,17.71500015258789,17.9950008392334,31645,0.0,0.0
2024-02-09 12:30:00-05:00,17.93000030517578,18.059999465942383,17.739999771118164,17.84000015258789,18018,0.0,0.0
2024-02-09 13:30:00-05:00,17.84000015258789,18.010000228881836,17.799999237060547,18.010000228881836,5600,0.0,0.0
2024-02-09 14:30:00-05:00,18.0,18.190000534057617,17.940000534057617,18.120399475097656,14077,0.0,0.0
2024-02-09 15:30:00-05:00,18.104999542236328,18.489999771118164,18.059999465942383,18.459999084472656,94216,0.0,0.0
2024-02-12 09:30:00-05:00,18.450000762939453,18.489999771118164,17.770000457763672,17.899999618530273,55333,0.0,0.0
2024-02-12 10:30:00-05:00,17.959999084472656,18.260000228881836,17.829999923706055,18.045000076293945,42094,0.0,0.0
2024-02-12 11:30:00-05:00,18.0,18.31999969482422,18.0,18.110000610351562,11057,0.0,0.0
2024-02-12 12:30:00-05:00,18.079999923706055,18.139999389648438,17.8799991607666,17.924999237060547,12072,0.0,0.0
2024-02-12 13:30:00-05:00,17.860000610351562,18.09000015258789,17.850000381469727,18.0,16189,0.0,0.0
2024-02-12 14:30:00-05:00,18.06999969482422,18.139999389648438,17.809999465942383,17.950000762939453,24444,0.0,0.0
2024-02-12 15:30:00-05:00,17.979999542236328,18.239999771118164,17.979999542236328,18.079999923706055,45016,0.0,0.0
2024-02-13 09:30:00-05:00,17.489999771118164,18.0,17.459999084472656,17.969999313354492,39437,0.0,0.0
2024-02-13 10:30:00-05:00,17.905000686645508,18.110000610351562,17.65999984741211,17.850000381469727,26551,0.0,0.0
2024-02-13 11:30:00-05:00,17.850000381469727,17.959999084472656,17.68000030517578,17.7450008392334,21691,0.0,0.0
2024-02-13 12:30:00-05:00,17.690000534057617,17.809999465942383,17.690000534057617,17.78499984741211,13751,0.0,0.0
2024-02-13 13:30:00-05:00,17.772499084472656,17.815000534057617,17.725000381469727,17.729999542236328,23809,0.0,0.0
2024-02-13 14:30:00-05:00,17.735000610351562,17.84000015258789,17.670000076293945,17.75,31060,0.0,0.0
2024-02-13 15:30:00-05:00,17.770000457763672,17.959999084472656,17.700000762939453,17.729999542236328,50171,0.0,0.0
2024-02-14 09:30:00-05:00,17.610000610351562,18.09000015258789,17.600000381469727,17.799999237060547,158093,0.0,0.0
2024-02-14 10:30:00-05:00,17.78499984741211,19.899999618530273,17.78499984741211,19.5,45942,0.0,0.0
2024-02-14 11:30:00-05:00,19.40999984741211,19.559999465942383,17.8799991607666,18.3799991607666,62764,0.0,0.0
2024-02-14 12:30:00-05:00,18.260000228881836,19.13450050354004,18.25,18.780000686645508,29974,0.0,0.0
2024-02-14 13:30:00-05:00,18.829999923706055,19.34000015258789,18.729999542236328,18.84000015258789,42887,0.0,0.0
2024-02-14 14:30:00-05:00,18.950000762939453,19.0,18.850000381469727,18.905000686645508,21268,0.0,0.0
2024-02-14 15:30:00-05:00,18.883399963378906,18.895000457763672,17.84000015258789,18.1299991607666,73316,0.0,0.0
2024-02-15 09:30:00-05:00,18.149999618530273,18.523700714111328,16.770000457763672,18.135000228881836,143785,0.0,0.0
2024-02-15 10:30:00-05:00,17.959999084472656,18.290000915527344,17.59000015258789,17.6200008392334,12082,0.0,0.0
2024-02-15 11:30:00-05:00,17.690000534057617,18.290000915527344,17.639999389648438,18.290000915527344,14884,0.0,0.0
2024-02-15 12:30:00-05:00,18.385000228881836,18.770000457763672,18.239999771118164,18.763599395751953,14689,0.0,0.0
2024-02-15 13:30:00-05:00,18.780000686645508,19.1299991607666,18.670000076293945,18.7549991607666,26113,0.0,0.0
2024-02-15 14:30:00-05:00,18.864999771118164,18.90999984741211,18.690000534057617,18.690000534057617,19997,0.0,0.0
2024-02-15 15:30:00-05:00,18.65999984741211,18.81999969482422,17.850000381469727,18.809999465942383,53357,0.0,0.0
2024-02-16 09:30:00-05:00,18.899999618530273,19.3080997467041,18.600000381469727,18.9950008392334,16044,0.0,0.0
2024-02-16 10:30:00-05:00,18.9950008392334,18.9950008392334,18.469999313354492,18.704999923706055,44283,0.0,0.0
2024-02-16 11:30:00-05:00,18.799999237060547,18.799999237060547,18.520000457763672,18.600000381469727,10997,0.0,0.0
2024-02-16 12:30:00-05:00,18.600000381469727,18.899999618530273,18.5625,18.71500015258789,16293,0.0,0.0
2024-02-16 13:30:00-05:00,18.75,18.985000610351562,18.6299991607666,18.985000610351562,40102,0.0,0.0
2024-02-16 14:30:00-05:00,18.989999771118164,19.239999771118164,18.809999465942383,19.05739974975586,10744,0.0,0.0
2024-02-16 15:30:00-05:00,19.049999237060547,19.81999969482422,19.049999237060547,19.760000228881836,43957,0.0,0.0
2024-02-20 09:30:00-05:00,19.649999618530273,19.768400192260742,18.829999923706055,19.1200008392334,36068,0.0,0.0
2024-02-20 10:30:00-05:00,19.099899291992188,19.14310073852539,18.760000228881836,19.0,27997,0.0,0.0
2024-02-20 11:30:00-05:00,19.0,19.0,18.030000686645508,18.46500015258789,59301,0.0,0.0
2024-02-20 12:30:00-05:00,18.586999893188477,18.649999618530273,18.350000381469727,18.450000762939453,25716,0.0,0.0
2024-02-20 13:30:00-05:00,18.520000457763672,18.59000015258789,18.139999389648438,18.43000030517578,23548,0.0,0.0
2024-02-20 14:30:00-05:00,18.399999618530273,18.424999237060547,18.190000534057617,18.309999465942383,18469,0.0,0.0
2024-02-20 15:30:00-05:00,18.290000915527344,18.5,18.219999313354492,18.475000381469727,107236,0.0,0.0
2024-02-21 09:30:00-05:00,18.309999465942383,18.663000106811523,18.264999389648438,18.280000686645508,65785,0.0,0.0
2024-02-21 10:30:00-05:00,18.395000457763672,18.5,18.135000228881836,18.475000381469727,18097,0.0,0.0
2024-02-21 11:30:00-05:00,18.399999618530273,18.520000457763672,18.325000762939453,18.364999771118164,12508,0.0,0.0
2024-02-21 12:30:00-05:00,18.364999771118164,18.510000228881836,18.315000534057617,18.399999618530273,16221,0.0,0.0
2024-02-21 13:30:00-05:00,18.459999084472656,18.469999313354492,18.165000915527344,18.290000915527344,69551,0.0,0.0
2024-02-21 14:30:00-05:00,18.329999923706055,18.399999618530273,17.75,17.90999984741211,39928,0.0,0.0
2024-02-21 15:30:00-05:00,17.93000030517578,18.040000915527344,17.799999237060547,17.989999771118164,30718,0.0,0.0
2024-02-22 09:30:00-05:00,18.040000915527344,18.315000534057617,17.6299991607666,18.155000686645508,15150,0.0,0.0
2024-02-22 10:30:00-05:00,18.200000762939453,18.850000381469727,18.200000762939453,18.850000381469727,13277,0.0,0.0
2024-02-22 11:30:00-05:00,18.905000686645508,18.969999313354492,18.40999984741211,18.610000610351562,20953,0.0,0.0
2024-02-22 12:30:00-05:00,18.514999389648438,19.399999618530273,18.514999389648438,19.079999923706055,17646,0.0,0.0
2024-02-22 13:30:00-05:00,19.030000686645508,19.270000457763672,18.81999969482422,18.989999771118164,41451,0.0,0.0
2024-02-22 14:30:00-05:00,18.940000534057617,19.059999465942383,18.87619972229004,18.969999313354492,63242,0.0,0.0
2024-02-22 15:30:00-05:00,18.989999771118164,18.989999771118164,18.639999389648438,18.729999542236328,35470,0.0,0.0
2024-02-23 09:30:00-05:00,18.850000381469727,19.194400787353516,18.635000228881836,18.635000228881836,31461,0.0,0.0
2024-02-23 10:30:00-05:00,18.739999771118164,19.110000610351562,18.614999771118164,19.110000610351562,8187,0.0,0.0
2024-02-23 11:30:00-05:00,19.219999313354492,19.219999313354492,18.81999969482422,19.059999465942383,19641,0.0,0.0
2024-02-23 12:30:00-05:00,19.100000381469727,19.100000381469727,19.0,19.083900451660156,5054,0.0,0.0
2024-02-23 13:30:00-05:00,19.040000915527344,19.290000915527344,19.03499984741211,19.290000915527344,15211,0.0,0.0
2024-02-23 14:30:00-05:00,19.34000015258789,19.670000076293945,19.260000228881836,19.399999618530273,36706,0.0,0.0
2024-02-23 15:30:00-05:00,19.40999984741211,19.549999237060547,19.209999084472656,19.270000457763672,69428,0.0,0.0
2024-02-26 09:30:00-05:00,19.059999465942383,19.479999542236328,18.360000610351562,19.479999542236328,49596,0.0,0.0
2024-02-26 10:30:00-05:00,19.3700008392334,19.489999771118164,18.68000030517578,19.21500015258789,55006,0.0,0.0
2024-02-26 11:30:00-05:00,19.21500015258789,19.21500015258789,18.540000915527344,18.690000534057617,9649,0.0,0.0
2024-02-26 12:30:00-05:00,18.6299991607666,18.639999389648438,18.09000015258789,18.290000915527344,12843,0.0,0.0
2024-02-26 13:30:00-05:00,18.354999542236328,18.485000610351562,18.18000030517578,18.485000610351562,19852,0.0,0.0
2024-02-26 14:30:00-05:00,18.485000610351562,18.59000015258789,18.34000015258789,18.489999771118164,16983,0.0,0.0
2024-02-26 15:30:00-05:00,18.440000534057617,18.639999389648438,18.31999969482422,18.6299991607666,52830,0.0,0.0
2024-02-27 09:30:00-05:00,18.68000030517578,18.68000030517578,18.08769989013672,18.485000610351562,16060,0.0,0.0
2024-02-27 10:30:00-05:00,18.81999969482422,19.0,18.719999313354492,18.799999237060547,38581,0.0,0.0
2024-02-27 11:30:00-05:00,18.8700008392334,18.896799087524414,18.75,18.80500030517578,7457,0.0,0.0
2024-02-27 12:30:00-05:00,18.80500030517578,19.010000228881836,18.690000534057617,18.8799991607666,22729,0.0,0.0
2024-02-27 13:30:00-05:00,18.799999237060547,19.010000228881836,18.704999923706055,18.975000381469727,7919,0.0,0.0
2024-02-27 14:30:00-05:00,18.962499618530273,19.18000030517578,18.852500915527344,18.899999618530273,66372,0.0,0.0
2024-02-27 15:30:00-05:00,19.0,19.020000457763672,18.489999771118164,18.559999465942383,91218,0.0,0.0
2024-02-28 09:30:00-05:00,18.3799991607666,18.899999618530273,18.315000534057617,18.834999084472656,108364,0.0,0.0
2024-02-28 10:30:00-05:00,18.700000762939453,18.790000915527344,18.260000228881836,18.420000076293945,44433,0.0,0.0
2024-02-28 11:30:00-05:00,18.415000915527344,18.469999313354492,18.059999465942383,18.260000228881836,44978,0.0,0.0
2024-02-28 12:30:00-05:00,18.149999618530273,18.200000762939453,17.2450008392334,17.514999389648438,31225,0.0,0.0
2024-02-28 13:30:00-05:00,17.469999313354492,17.700000762939453,17.440000534057617,17.549999237060547,18202,0.0,0.0
2024-02-28 14:30:00-05:00,17.510000228881836,17.68000030517578,17.5,17.53499984741211,27203,0.0,0.0
2024-02-28 15:30:00-05:00,17.53499984741211,17.84000015258789,17.329999923706055,17.639999389648438,57725,0.0,0.0
2024-02-29 09:30:00-05:00,18.260000228881836,18.549999237060547,17.905000686645508,18.424999237060547,17843,0.0,0.0
2024-02-29 10:30:00-05:00,18.540000915527344,18.670000076293945,18.219999313354492,18.260000228881836,153291,0.0,0.0
2024-02-29 11:30:00-05:00,18.110000610351562,18.15999984741211,17.190000534057617,17.325000762939453,20861,0.0,0.0
2024-02-29 12:30:00-05:00,17.25,17.815000534057617,17.139999389648438,17.6299991607666,22140,0.0,0.0
2024-02-29 13:30:00-05:00,17.799999237060547,17.959999084472656,17.600000381469727,17.729999542236328,29137,0.0,0.0
2024-02-29 14:30:00-05:00,17.729999542236328,17.809999465942383,17.530000686645508,17.729999542236328,29804,0.0,0.0
2024-02-29 15:30:00-05:00,17.709999084472656,17.790000915527344,17.600000381469727,17.719999313354492,63524,0.0,0.0
2024-03-01 09:30:00-05:00,17.799999237060547,18.209999084472656,17.2450008392334,17.68000030517578,169001,0.0,0.0
2024-03-01 10:30:00-05:00,17.68000030517578,17.790000915527344,17.34000015258789,17.649999618530273,42668,0.0,0.0
2024-03-01 11:30:00-05:00,17.649999618530273,17.899999618530273,17.649999618530273,17.799999237060547,10044,0.0,0.0
2024-03-01 12:30:00-05:00,17.772199630737305,17.790000915527344,17.649999618530273,17.719999313354492,10779,0.0,0.0
2024-03-01 13:30:00-05:00,17.719999313354492,17.832500457763672,17.6299991607666,17.832500457763672,12092,0.0,0.0
2024-03-01 14:30:00-05:00,17.811100006103516,17.84000015258789,17.639999389648438,17.690000534057617,12245,0.0,0.0
2024-03-01 15:30:00-05:00,17.719999313354492,18.15999984741211,17.690000534057617,18.010000228881836,150469,0.0,0.0
2024-03-04 09:30:00-05:00,18.94499969482422,18.94499969482422,17.549999237060547,17.7549991607666,11052,0.0,0.0
2024-03-04 10:30:00-05:00,17.7549991607666,17.959999084472656,17.559999465942383,17.700000762939453,4960,0.0,0.0
2024-03-04 11:30:00-05:00,17.799999237060547,17.915000915527344,17.550600051879883,17.799999237060547,15985,0.0,0.0
2024-03-04 12:30:00-05:00,17.860000610351562,17.8700008392334,17.600000381469727,17.700599670410156,7535,0.0,0.0
2024-03-04 13:30:00-05:00,17.674999237060547,17.739999771118164,17.610000610351562,17.68000030517578,13168,0.0,0.0
2024-03-04 14:30:00-05:00,17.729999542236328,17.940000534057617,17.6200008392334,17.690000534057617,16021,0.0,0.0
2024-03-04 15:30:00-05:00,17.65999984741211,17.80500030517578,17.260000228881836,17.3799991607666,85836,0.0,0.0
2024-03-05 09:30:00-05:00,17.110000610351562,17.667999267578125,16.66010093688965,17.6200008392334,66935,0.0,0.0
2024-03-05 10:30:00-05:00,17.53499984741211,17.540000915527344,16.81999969482422,16.940000534057617,8542,0.0,0.0
2024-03-05 11:30:00-05:00,17.045000076293945,17.329999923706055,16.934999465942383,17.270000457763672,270,0.0,0.0
2024-03-05 12:30:00-05:00,17.270000457763672,17.299999237060547,17.100000381469727,17.142499923706055,8496,0.0,0.0
2024-03-05 13:30:00-05:00,17.15999984741211,17.2549991607666,16.989999771118164,17.110000610351562,11831,0.0,0.0
2024-03-05 14:30:00-05:00,17.06999969482422,17.145000457763672,16.93000030517578,17.040000915527344,14423,0.0,0.0
2024-03-05 15:30:00-05:00,17.100000381469727,17.489999771118164,17.084999084472656,17.31999969482422,61238,0.0,0.0
2024-03-06 09:30:00-05:00,17.479999542236328,18.02989959716797,17.479999542236328,17.6299991607666,94776,0.0,0.0
2024-03-06 10:30:00-05:00,17.65999984741211,18.290000915527344,17.5,18.260000228881836,4613,0.0,0.0
2024-03-06 11:30:00-05:00,18.40999984741211,18.40999984741211,17.290000915527344,17.5,15561,0.0,0.0
2024-03-06 12:30:00-05:00,17.56999969482422,17.940000534057617,17.420000076293945,17.579999923706055,22906,0.0,0.0
2024-03-06 13:30:00-05:00,17.645000457763672,17.8799991607666,17.59000015258789,17.8799991607666,8956,0.0,0.0
2024-03-06 14:30:00-05:00,17.889999389648438,18.229999542236328,17.889999389648438,18.1299991607666,9226,0.0,0.0
2024-03-06 15:30:00-05:00,18.200000762939453,18.489999771118164,17.950000762939453,18.399999618530273,100295,0.0,0.0
2024-03-07 09:30:00-05:00,18.860000610351562,19.350000381469727,18.399999618530273,18.7450008392334,15637,0.0,0.0
2024-03-07 10:30:00-05:00,18.84000015258789,19.100000381469727,18.3799991607666,18.875,44606,0.0,0.0
2024-03-07 11:30:00-05:00,19.110000610351562,19.459999084472656,19.059999465942383,19.43000030517578,6065,0.0,0.0
2024-03-07 12:30:00-05:00,19.3700008392334,19.375,19.010000228881836,19.010000228881836,6343,0.0,0.0
2024-03-07 13:30:00-05:00,18.84000015258789,19.0,18.799999237060547,19.0,6984,0.0,0.0
2024-03-07 14:30:00-05:00,19.0,19.104999542236328,18.84000015258789,19.0,6844,0.0,0.0
2024-03-07 15:30:00-05:00,19.0,19.079999923706055,18.899999618530273,18.989999771118164,20701,0.0,0.0
2024-03-08 09:30:00-05:00,19.6299991607666,21.0,19.31999969482422,20.5,73457,0.0,0.0
2024-03-08 10:30:00-05:00,20.489999771118164,20.5,19.43000030517578,19.655000686645508,68065,0.0,0.0
2024-03-08 11:30:00-05:00,19.549999237060547,19.774999618530273,19.170000076293945,19.43000030517578,21191,0.0,0.0
2024-03-08 12:30:00-05:00,19.40999984741211,19.44499969482422,19.1200008392334,19.44499969482422,28785,0.0,0.0
2024-03-08 13:30:00-05:00,19.459999084472656,19.59000015258789,19.049999237060547,19.309999465942383,47455,0.0,0.0
2024-03-08 14:30:00-05:00,19.21500015258789,19.5,18.75,18.75,31588,0.0,0.0
2024-03-08 15:30:00-05:00,18.899999618530273,19.033000946044922,17.829999923706055,18.1299991607666,97946,0.0,0.0
2024-03-11 09:30:00-04:00,17.950000762939453,18.459999084472656,17.579999923706055,17.68000030517578,44948,0.0,0.0
2024-03-11 10:30:00-04:00,17.6200008392334,17.899999618530273,17.559999465942383,17.80500030517578,28029,0.0,0.0
2024-03-11 11:30:00-04:00,17.80500030517578,18.0,17.719999313354492,17.899999618530273,19417,0.0,0.0
2024-03-11 12:30:00-04:00,17.760099411010742,18.030000686645508,17.760099411010742,17.799999237060547,13916,0.0,0.0
2024-03-11 13:30:00-04:00,17.850000381469727,17.905000686645508,17.670000076293945,17.860000610351562,15014,0.0,0.0
2024-03-11 14:30:00-04:00,17.850000381469727,18.079999923706055,17.700000762939453,17.979999542236328,67267,0.0,0.0
2024-03-11 15:30:00-04:00,18.010000228881836,18.059999465942383,17.850000381469727,18.020000457763672,65143,0.0,0.0
2024-03-12 09:30:00-04:00,18.059999465942383,18.610000610351562,17.690000534057617,17.940000534057617,325564,0.0,0.0
2024-03-12 10:30:00-04:00,17.975000381469727,18.030000686645508,17.469999313354492,17.959999084472656,269815,0.0,0.0
2024-03-12 11:30:00-04:00,17.899999618530273,17.959999084472656,17.649999618530273,17.665000915527344,75232,0.0,0.0
2024-03-12 12:30:00-04:00,17.665000915527344,17.829999923706055,17.530000686645508,17.709999084472656,32758,0.0,0.0
2024-03-12 13:30:00-04:00,17.75,17.809999465942383,17.690000534057617,17.809999465942383,16553,0.0,0.0
2024-03-12 14:30:00-04:00,17.809999465942383,17.950000762939453,17.5,17.5,34693,0.0,0.0
2024-03-12 15:30:00-04:00,17.600000381469727,17.600000381469727,17.325000762939453,17.399999618530273,57901,0.0,0.0
2024-03-13 09:30:00-04:00,15.979999542236328,16.1200008392334,14.199999809265137,14.779999732971191,947127,0.0,0.0
2024-03-13 10:30:00-04:00,14.779999732971191,14.890000343322754,13.40999984741211,14.095000267028809,773820,0.0,0.0
2024-03-13 11:30:00-04:00,14.095000267028809,14.739999771118164,13.720000267028809,14.475000381469727,475522,0.0,0.0
2024-03-13 12:30:00-04:00,14.5,14.79990005493164,14.119999885559082,14.260000228881836,261979,0.0,0.0
2024-03-13 13:30:00-04:00,14.251399993896484,14.670000076293945,14.140000343322754,14.539999961853027,465924,0.0,0.0
2024-03-13 14:30:00-04:00,14.539999961853027,15.448699951171875,14.529999732971191,14.996299743652344,360254,0.0,0.0
2024-03-13 15:30:00-04:00,15.0,15.0,14.670000076293945,14.800000190734863,520509,0.0,0.0
2024-03-14 09:30:00-04:00,14.850000381469727,15.295000076293945,14.359999656677246,14.600000381469727,130729,0.0,0.0
2024-03-14 10:30:00-04:00,14.609999656677246,15.020000457763672,14.479999542236328,14.935400009155273,78848,0.0,0.0
2024-03-14 11:30:00-04:00,14.96500015258789,15.020000457763672,14.859999656677246,14.960000038146973,80560,0.0,0.0
2024-03-14 12:30:00-04:00,14.900099754333496,15.149999618530273,14.900099754333496,14.949999809265137,106099,0.0,0.0
2024-03-14 13:30:00-04:00,14.989999771118164,15.350000381469727,14.90999984741211,15.274999618530273,222565,0.0,0.0
2024-03-14 14:30:00-04:00,15.274999618530273,15.300000190734863,15.069999694824219,15.08549976348877,71720,0.0,0.0
2024-03-14 15:30:00-04:00,15.104999542236328,15.130000114440918,15.050000190734863,15.09000015258789,169673,0.0,0.0
2024-03-15 09:30:00-04:00,15.149999618530273,15.864999771118164,14.94950008392334,15.140000343322754,58808,0.0,0.0
2024-03-15 10:30:00-04:00,14.979999542236328,15.279999732971191,14.979999542236328,15.170000076293945,103863,0.0,0.0
2024-03-15 11:30:00-04:00,15.204999923706055,15.270000457763672,14.949999809265137,15.09000015258789,67336,0.0,0.0
2024-03-15 12:30:00-04:00,15.09000015258789,15.164999961853027,14.9399995803833,15.164999961853027,26767,0.0,0.0
2024-03-15 13:30:00-04:00,15.109999656677246,15.180000305175781,15.069999694824219,15.119999885559082,140367,0.0,0.0
2024-03-15 14:30:00-04:00,15.100000381469727,15.140000343322754,15.020000457763672,15.079999923706055,0,0.0,0.0
2024-03-15 15:30:00-04:00,15.09000015258789,15.109999656677246,15.0,15.0600004196167,178529,0.0,0.0
2024-03-18 09:30:00-04:00,14.979999542236328,15.039999961853027,14.34000015258789,14.470000267028809,296239,0.0,0.0
2024-03-18 10:30:00-04:00,14.430000305175781,14.475000381469727,14.152099609375,14.300000190734863,243565,0.0,0.0
2024-03-18 11:30:00-04:00,14.289999961853027,14.359999656677246,14.029999732971191,14.25,60736,0.0,0.0
2024-03-18 12:30:00-04:00,14.1899995803833,14.260000228881836,14.025099754333496,14.050000190734863,61799,0.0,0.0
2024-03-18 13:30:00-04:00,14.039999961853027,14.229999542236328,14.039999961853027,14.225000381469727,86701,0.0,0.0
2024-03-18 14:30:00-04:00,14.227499961853027,14.270000457763672,14.10099983215332,14.170000076293945,70434,0.0,0.0
2024-03-18 15:30:00-04:00,14.1899995803833,14.260000228881836,14.126399993896484,14.170000076293945,164116,0.0,0.0
2024-03-19 09:30:00-04:00,14.09000015258789,14.770000457763672,13.779999732971191,14.3149995803833,76156,0.0,0.0
2024-03-19 10:30:00-04:00,14.270000457763672,14.359999656677246,14.0,14.119999885559082,259365,0.0,0.0
2024-03-19 11:30:00-04:00,14.149999618530273,14.300000190734863,14.140000343322754,14.180000305175781,117289,0.0,0.0
2024-03-19 12:30:00-04:00,14.210000038146973,14.260000228881836,13.989999771118164,14.050000190734863,94783,0.0,0.0
2024-03-19 13:30:00-04:00,14.050000190734863,14.109999656677246,13.989999771118164,14.055000305175781,147709,0.0,0.0
2024-03-19 14:30:00-04:00,14.055000305175781,14.229999542236328,14.0,14.050000190734863,521683,0.0,0.0
2024-03-19 15:30:00-04:00,14.069999694824219,14.149999618530273,13.890000343322754,14.050000190734863,148808,0.0,0.0
2024-03-20 09:30:00-04:00,13.979999542236328,14.406800270080566,13.96500015258789,14.170000076293945,105771,0.0,0.0
2024-03-20 10:30:00-04:00,14.199999809265137,14.25,14.010000228881836,14.069999694824219,86723,0.0,0.0
2024-03-20 11:30:00-04:00,14.09000015258789,14.154999732971191,14.0600004196167,14.079999923706055,60216,0.0,0.0
2024-03-20 12:30:00-04:00,14.100000381469727,14.119999885559082,14.069999694824219,14.074999809265137,50871,0.0,0.0
2024-03-20 13:30:00-04:00,14.09000015258789,14.15999984741211,13.925000190734863,14.024999618530273,135780,0.0,0.0
2024-03-20 14:30:00-04:00,14.029999732971191,14.050000190734863,13.859999656677246,13.9350004196167,100595,0.0,0.0
2024-03-20 15:30:00-04:00,13.90999984741211,14.0,13.864999771118164,13.979999542236328,98525,0.0,0.0
2024-03-21 09:30:00-04:00,13.930000305175781,14.149999618530273,13.699999809265137,13.979999542236328,77728,0.0,0.0
2024-03-21 10:30:00-04:00,14.0,14.100000381469727,13.5600004196167,14.045000076293945,170038,0.0,0.0
2024-03-21 11:30:00-04:00,14.085000038146973,14.09000015258789,13.899999618530273,13.960000038146973,89802,0.0,0.0
2024-03-21 12:30:00-04:00,13.920000076293945,14.039999961853027,13.920000076293945,14.020000457763672,31732,0.0,0.0
2024-03-21 13:30:00-04:00,14.020000457763672,14.050000190734863,13.899999618530273,13.944999694824219,98221,0.0,0.0
2024-03-21 14:30:00-04:00,13.944999694824219,14.010000228881836,13.84000015258789,13.975000381469727,163770,0.0,0.0
2024-03-21 15:30:00-04:00,13.970000267028809,14.050000190734863,13.895000457763672,13.989999771118164,133378,0.0,0.0
2024-03-22 09:30:00-04:00,14.029999732971191,14.029999732971191,13.750100135803223,14.010000228881836,12091,0.0,0.0
2024-03-22 10:30:00-04:00,14.050000190734863,14.050000190734863,13.520000457763672,13.774999618530273,158303,0.0,0.0
2024-03-22 11:30:00-04:00,13.800000190734863,13.819999694824219,13.539999961853027,13.569999694824219,46683,0.0,0.0
2024-03-22 12:30:00-04:00,13.539999961853027,13.691699981689453,13.300000190734863,13.359999656677246,112209,0.0,0.0
2024-03-22 13:30:00-04:00,13.359999656677246,13.420000076293945,13.0,13.045000076293945,360211,0.0,0.0
2024-03-22 14:30:00-04:00,13.045000076293945,13.550000190734863,13.039999961853027,13.149999618530273,141574,0.0,0.0
2024-03-22 15:30:00-04:00,13.135000228881836,13.260000228881836,13.050000190734863,13.210000038146973,186144,0.0,0.0
2024-03-25 09:30:00-04:00,12.930000305175781,13.319999694824219,12.6899995803833,12.925000190734863,128676,0.0,0.0
2024-03-25 10:30:00-04:00,12.9399995803833,13.015000343322754,12.660099983215332,12.6899995803833,157180,0.0,0.0
2024-03-25 11:30:00-04:00,12.675000190734863,12.675000190734863,12.250200271606445,12.649999618530273,252310,0.0,0.0
2024-03-25 12:30:00-04:00,12.680000305175781,12.819999694824219,12.600000381469727,12.744999885559082,280756,0.0,0.0
2024-03-25 13:30:00-04:00,12.729999542236328,12.800000190734863,12.4350004196167,12.555000305175781,306177,0.0,0.0
2024-03-25 14:30:00-04:00,12.520000457763672,12.529999732971191,12.449999809265137,12.5,163362,0.0,0.0
2024-03-25 15:30:00-04:00,12.489999771118164,12.510000228881836,12.40999984741211,12.449999809265137,234191,0.0,0.0
2024-03-26 09:30:00-04:00,12.5,12.849900245666504,12.359999656677246,12.75,71034,0.0,0.0
2024-03-26 10:30:00-04:00,12.755000114440918,13.069999694824219,12.720000267028809,12.949999809265137,84222,0.0,0.0
2024-03-26 11:30:00-04:00,12.960000038146973,13.048999786376953,12.739999771118164,13.020000457763672,90187,0.0,0.0
2024-03-26 12:30:00-04:00,13.020000457763672,13.050000190734863,12.989999771118164,13.039999961853027,25440,0.0,0.0
2024-03-26 13:30:00-04:00,13.039999961853027,13.050000190734863,13.0,13.039999961853027,15101,0.0,0.0
2024-03-26 14:30:00-04:00,13.029999732971191,13.050000190734863,12.979999542236328,12.989999771118164,48860,0.0,0.0
2024-03-26 15:30:00-04:00,12.989999771118164,12.994999885559082,12.520000457763672,12.609999656677246,94612,0.0,0.0
2024-03-27 09:30:00-04:00,12.739999771118164,12.856499671936035,12.479999542236328,12.699999809265137,37247,0.0,0.0
2024-03-27 10:30:00-04:00,12.75,13.109999656677246,12.670000076293945,13.109999656677246,91339,0.0,0.0
2024-03-27 11:30:00-04:00,13.130000114440918,13.210000038146973,12.770000457763672,12.84000015258789,89945,0.0,0.0
2024-03-27 12:30:00-04:00,12.84000015258789,13.109999656677246,12.84000015258789,12.914999961853027,32211,0.0,0.0
2024-03-27 13:30:00-04:00,12.890000343322754,13.119999885559082,12.75,12.84000015258789,489420,0.0,0.0
2024-03-27 14:30:00-04:00,12.869999885559082,12.90999984741211,12.5600004196167,12.649999618530273,68264,0.0,0.0
2024-03-27 15:30:00-04:00,12.640000343322754,12.789999961853027,12.479999542236328,12.600000381469727,93553,0.0,0.0
2024-03-28 09:30:00-04:00,12.979999542236328,12.979999542236328,12.600000381469727,12.789999961853027,177847,0.0,0.0
2024-03-28 10:30:00-04:00,12.760000228881836,12.84000015258789,12.625,12.8149995803833,92212,0.0,0.0
2024-03-28 11:30:00-04:00,12.84000015258789,13.164999961853027,12.84000015258789,13.0600004196167,229028,0.0,0.0
2024-03-28 12:30:00-04:00,13.0649995803833,13.114999771118164,13.020000457763672,13.095000267028809,30655,0.0,0.0
2024-03-28 13:30:00-04:00,13.095000267028809,13.119999885559082,13.039999961853027,13.119999885559082,48668,0.0,0.0
2024-03-28 14:30:00-04:00,13.109999656677246,13.75,13.100000381469727,13.569999694824219,162047,0.0,0.0
2024-03-28 15:30:00-04:00,13.574999809265137,13.829999923706055,13.4399995803833,13.729999542236328,188140,0.0,0.0
2024-04-01 09:30:00-04:00,13.90999984741211,13.989999771118164,13.600000381469727,13.824999809265137,172396,0.0,0.0
2024-04-01 10:30:00-04:00,13.875,14.670000076293945,13.875,14.5,184705,0.0,0.0
2024-04-01 11:30:00-04:00,14.46500015258789,14.600000381469727,13.899999618530273,13.979999542236328,106928,0.0,0.0
2024-04-01 12:30:00-04:00,13.960000038146973,14.029999732971191,13.8100004196167,13.869999885559082,75422,0.0,0.0
2024-04-01 13:30:00-04:00,13.869999885559082,14.010000228881836,13.850000381469727,13.960000038146973,116307,0.0,0.0
2024-04-01 14:30:00-04:00,13.9399995803833,14.020000457763672,13.930000305175781,13.979999542236328,97801,0.0,0.0
2024-04-01 15:30:00-04:00,13.970999717712402,13.979999542236328,13.789999961853027,13.949999809265137,148016,0.0,0.0
2024-04-02 09:30:00-04:00,13.8100004196167,13.869999885559082,13.550000190734863,13.859999656677246,41591,0.0,0.0
2024-04-02 10:30:00-04:00,13.819999694824219,13.819999694824219,13.305000305175781,13.520000457763672,96722,0.0,0.0
2024-04-02 11:30:00-04:00,13.550000190734863,13.550000190734863,13.34000015258789,13.359999656677246,71620,0.0,0.0
2024-04-02 12:30:00-04:00,13.359999656677246,13.390000343322754,13.211199760437012,13.305000305175781,23010,0.0,0.0
2024-04-02 13:30:00-04:00,13.305000305175781,13.305000305175781,13.170000076293945,13.28499984741211,43983,0.0,0.0
2024-04-02 14:30:00-04:00,13.28499984741211,13.600000381469727,13.25,13.489999771118164,172058,0.0,0.0
2024-04-02 15:30:00-04:00,13.515000343322754,14.029999732971191,13.515000343322754,13.760000228881836,171946,0.0,0.0
2024-04-03 09:30:00-04:00,13.649999618530273,14.210000038146973,13.609999656677246,13.954999923706055,62621,0.0,0.0
2024-04-03 10:30:00-04:00,13.885000228881836,13.930000305175781,13.680000305175781,13.680000305175781,38680,0.0,0.0
2024-04-03 11:30:00-04:00,13.619999885559082,13.71500015258789,13.510000228881836,13.579999923706055,36364,0.0,0.0
2024-04-03 12:30:00-04:00,13.579999923706055,13.630000114440918,13.5,13.5,17773,0.0,0.0
2024-04-03 13:30:00-04:00,13.507499694824219,13.550000190734863,13.220000267028809,13.329999923706055,59649,0.0,0.0
2024-04-03 14:30:00-04:00,13.34000015258789,13.350000381469727,12.970000267028809,13.0649995803833,92483,0.0,0.0
2024-04-03 15:30:00-04:00,13.079999923706055,13.300000190734863,13.0,13.300000190734863,222890,0.0,0.0
2024-04-04 09:30:00-04:00,13.5,13.880000114440918,13.21500015258789,13.8149995803833,17241,0.0,0.0
2024-04-04 10:30:00-04:00,13.800000190734863,13.819999694824219,13.550000190734863,13.6850004196167,23020,0.0,0.0
2024-04-04 11:30:00-04:00,13.65999984741211,13.720000267028809,13.489999771118164,13.489999771118164,29754,0.0,0.0
2024-04-04 12:30:00-04:00,13.600000381469727,13.734999656677246,13.600000381469727,13.734999656677246,18137,0.0,0.0
2024-04-04 13:30:00-04:00,13.71500015258789,14.010000228881836,13.699999809265137,14.010000228881836,126562,0.0,0.0
2024-04-04 14:30:00-04:00,14.03499984741211,14.164999961853027,13.6899995803833,13.6899995803833,79469,0.0,0.0
2024-04-04 15:30:00-04:00,13.680999755859375,13.84000015258789,13.569999694824219,13.739999771118164,52057,0.0,0.0
2024-04-05 09:30:00-04:00,13.8100004196167,14.300000190734863,13.640000343322754,14.140000343322754,91234,0.0,0.0
2024-04-05 10:30:00-04:00,14.149999618530273,14.350000381469727,14.085000038146973,14.350000381469727,65871,0.0,0.0
2024-04-05 11:30:00-04:00,14.300000190734863,14.350000381469727,14.239999771118164,14.350000381469727,53005,0.0,0.0
2024-04-05 12:30:00-04:00,14.354999542236328,14.65999984741211,14.354999542236328,14.550000190734863,82076,0.0,0.0
2024-04-05 13:30:00-04:00,14.539999961853027,14.600000381469727,14.130000114440918,14.34000015258789,76004,0.0,0.0
2024-04-05 14:30:00-04:00,14.34000015258789,14.587800025939941,14.329999923706055,14.460000038146973,113526,0.0,0.0
2024-04-05 15:30:00-04:00,14.460000038146973,14.59000015258789,14.270999908447266,14.329999923706055,206666,0.0,0.0
2024-04-08 09:30:00-04:00,14.25,14.75,13.9399995803833,14.5600004196167,168423,0.0,0.0
2024-04-08 10:30:00-04:00,14.510000228881836,14.869999885559082,14.510000228881836,14.850000381469727,35356,0.0,0.0
2024-04-08 11:30:00-04:00,14.84000015258789,14.84000015258789,14.609999656677246,14.65999984741211,62682,0.0,0.0
2024-04-08 12:30:00-04:00,14.640000343322754,14.729999542236328,14.579999923706055,14.585000038146973,36667,0.0,0.0
2024-04-08 13:30:00-04:00,14.579999923706055,14.609999656677246,14.40999984741211,14.430000305175781,31792,0.0,0.0
2024-04-08 14:30:00-04:00,14.430000305175781,14.75,14.430000305175781,14.694999694824219,156126,0.0,0.0
2024-04-08 15:30:00-04:00,14.690999984741211,14.710000038146973,14.520000457763672,14.699999809265137,57321,0.0,0.0
2024-04-09 09:30:00-04:00,14.699999809265137,14.84000015258789,14.260000228881836,14.8100004196167,102035,0.0,0.0
2024-04-09 10:30:00-04:00,14.8100004196167,14.949999809265137,14.520000457763672,14.520000457763672,54640,0.0,0.0
2024-04-09 11:30:00-04:00,14.430000305175781,14.510000228881836,14.350000381469727,14.460000038146973,58028,0.0,0.0
2024-04-09 12:30:00-04:00,14.479999542236328,14.649999618530273,14.460000038146973,14.619999885559082,34787,0.0,0.0
2024-04-09 13:30:00-04:00,14.623100280761719,14.630000114440918,14.430000305175781,14.520000457763672,46419,0.0,0.0
2024-04-09 14:30:00-04:00,14.510000228881836,14.520000457763672,14.369999885559082,14.40999984741211,59708,0.0,0.0
2024-04-09 15:30:00-04:00,14.414999961853027,14.539999961853027,14.414999961853027,14.529999732971191,105116,0.0,0.0
2024-04-10 09:30:00-04:00,14.359999656677246,14.520000457763672,14.09000015258789,14.479999542236328,72660,0.0,0.0
2024-04-10 10:30:00-04:00,14.529999732971191,14.552499771118164,14.095000267028809,14.225000381469727,66250,0.0,0.0
2024-04-10 11:30:00-04:00,14.239999771118164,14.279999732971191,14.109999656677246,14.145000457763672,14932,0.0,0.0
2024-04-10 12:30:00-04:00,14.140000343322754,14.220000267028809,14.010000228881836,14.079999923706055,39969,0.0,0.0
2024-04-10 13:30:00-04:00,14.079999923706055,14.4399995803833,14.010000228881836,14.4399995803833,136603,0.0,0.0
2024-04-10 14:30:00-04:00,14.4399995803833,14.640000343322754,14.390000343322754,14.619999885559082,47603,0.0,0.0
2024-04-10 15:30:00-04:00,14.609999656677246,14.710000038146973,14.600000381469727,14.65999984741211,74822,0.0,0.0
2024-04-11 09:30:00-04:00,14.75,14.75,14.229999542236328,14.329999923706055,100991,0.0,0.0
2024-04-11 10:30:00-04:00,14.345000267028809,14.345000267028809,13.755000114440918,13.850000381469727,62699,0.0,0.0
2024-04-11 11:30:00-04:00,13.864999771118164,13.899999618530273,13.579999923706055,13.720000267028809,53303,0.0,0.0
2024-04-11 12:30:00-04:00,13.729999542236328,14.020000457763672,13.6899995803833,13.960000038146973,41774,0.0,0.0
2024-04-11 13:30:00-04:00,13.970000267028809,14.020000457763672,13.920000076293945,13.960000038146973,37996,0.0,0.0
2024-04-11 14:30:00-04:00,13.960000038146973,14.220000267028809,13.899999618530273,14.210000038146973,57959,0.0,0.0
2024-04-11 15:30:00-04:00,14.202500343322754,14.202500343322754,14.0,14.0,70575,0.0,0.0
2024-04-12 09:30:00-04:00,13.949999809265137,13.949999809265137,13.550000190734863,13.850000381469727,16719,0.0,0.0
2024-04-12 10:30:00-04:00,13.835000038146973,13.90999984741211,13.835000038146973,13.859999656677246,8912,0.0,0.0
2024-04-12 11:30:00-04:00,13.850000381469727,13.850000381469727,13.550000190734863,13.699999809265137,16743,0.0,0.0
2024-04-12 12:30:00-04:00,13.579999923706055,13.670000076293945,13.579999923706055,13.625,12846,0.0,0.0
2024-04-12 13:30:00-04:00,13.614999771118164,13.9399995803833,13.579999923706055,13.9399995803833,23740,0.0,0.0
2024-04-12 14:30:00-04:00,13.90999984741211,13.970000267028809,13.4399995803833,13.539999961853027,64360,0.0,0.0
2024-04-12 15:30:00-04:00,13.569999694824219,13.795000076293945,13.520000457763672,13.59000015258789,61678,0.0,0.0
2024-04-15 09:30:00-04:00,11.069999694824219,11.720000267028809,10.729999542236328,11.350000381469727,628362,0.0,0.0
2024-04-15 10:30:00-04:00,11.369999885559082,11.6899995803833,11.314299583435059,11.670000076293945,249530,0.0,0.0
2024-04-15 11:30:00-04:00,11.670000076293945,11.875800132751465,11.539999961853027,11.5649995803833,245258,0.0,0.0
2024-04-15 12:30:00-04:00,11.5649995803833,12.265000343322754,11.539999961853027,11.789999961853027,178864,0.0,0.0
2024-04-15 13:30:00-04:00,11.805000305175781,12.350000381469727,11.711400032043457,11.84000015258789,192314,0.0,0.0
2024-04-15 14:30:00-04:00,11.835000038146973,11.86400032043457,11.270000457763672,11.329999923706055,155241,0.0,0.0
2024-04-15 15:30:00-04:00,11.380000114440918,11.545000076293945,10.984999656677246,11.180000305175781,286168,0.0,0.0
2024-04-16 09:30:00-04:00,11.149999618530273,11.645999908447266,11.0,11.180000305175781,47145,0.0,0.0
2024-04-16 10:30:00-04:00,11.210000038146973,11.229999542236328,11.020000457763672,11.199999809265137,52984,0.0,0.0
2024-04-16 11:30:00-04:00,11.194000244140625,11.239999771118164,11.125,11.180000305175781,32551,0.0,0.0
2024-04-16 12:30:00-04:00,11.1899995803833,11.229999542236328,11.09000015258789,11.1899995803833,90895,0.0,0.0
2024-04-16 13:30:00-04:00,11.170000076293945,11.40999984741211,11.149999618530273,11.289999961853027,61551,0.0,0.0
2024-04-16 14:30:00-04:00,11.279999732971191,11.279999732971191,11.151000022888184,11.180000305175781,52933,0.0,0.0
2024-04-16 15:30:00-04:00,11.180000305175781,11.180000305175781,10.899999618530273,10.954999923706055,393680,0.0,0.0
2024-04-17 09:30:00-04:00,11.029999732971191,11.274999618530273,10.899999618530273,10.914999961853027,123267,0.0,0.0
2024-04-17 10:30:00-04:00,10.930000305175781,10.960000038146973,10.720000267028809,10.788200378417969,147620,0.0,0.0
2024-04-17 11:30:00-04:00,10.800000190734863,10.899999618530273,10.770000457763672,10.829899787902832,20873,0.0,0.0
2024-04-17 12:30:00-04:00,10.800000190734863,10.97700023651123,10.75,10.970000267028809,37216,0.0,0.0
2024-04-17 13:30:00-04:00,10.970000267028809,11.020000457763672,10.84000015258789,10.899999618530273,51911,0.0,0.0
2024-04-17 14:30:00-04:00,10.859999656677246,10.920000076293945,10.600000381469727,10.640000343322754,30903,0.0,0.0
2024-04-17 15:30:00-04:00,10.600000381469727,10.609999656677246,10.239999771118164,10.460000038146973,169908,0.0,0.0
2024-04-18 09:30:00-04:00,10.569999694824219,10.906200408935547,10.319999694824219,10.520000457763672,16002,0.0,0.0
2024-04-18 10:30:00-04:00,10.5,10.512499809265137,10.25,10.289999961853027,90143,0.0,0.0
2024-04-18 11:30:00-04:00,10.289999961853027,10.470000267028809,10.239999771118164,10.470000267028809,63968,0.0,0.0
2024-04-18 12:30:00-04:00,10.479999542236328,10.5600004196167,10.40999984741211,10.431500434875488,28584,0.0,0.0
2024-04-18 13:30:00-04:00,10.454999923706055,10.46500015258789,10.279999732971191,10.279999732971191,23607,0.0,0.0
2024-04-18 14:30:00-04:00,10.25,10.770000457763672,10.220000267028809,10.579999923706055,58682,0.0,0.0
2024-04-18 15:30:00-04:00,10.59000015258789,10.649999618530273,10.430000305175781,10.600000381469727,87429,0.0,0.0
2024-04-19 09:30:00-04:00,10.5600004196167,10.720000267028809,9.975000381469727,10.114999771118164,152494,0.0,0.0
2024-04-19 10:30:00-04:00,10.119999885559082,10.350000381469727,10.119999885559082,10.199999809265137,91899,0.0,0.0
2024-04-19 11:30:00-04:00,10.199999809265137,10.229999542236328,10.0,10.029999732971191,88645,0.0,0.0
2024-04-19 12:30:00-04:00,10.029999732971191,10.21150016784668,9.96500015258789,10.130000114440918,106954,0.0,0.0
2024-04-19 13:30:00-04:00,10.149999618530273,10.279999732971191,10.149999618530273,10.199999809265137,102416,0.0,0.0
2024-04-19 14:30:00-04:00,10.199999809265137,10.210000038146973,10.100000381469727,10.114999771118164,68999,0.0,0.0
2024-04-19 15:30:00-04:00,10.119999885559082,10.239999771118164,10.100000381469727,10.180000305175781,144469,0.0,0.0
2024-04-22 09:30:00-04:00,10.279999732971191,10.319899559020996,9.979999542236328,10.15999984741211,59582,0.0,0.0
2024-04-22 10:30:00-04:00,10.194999694824219,10.25,10.079999923706055,10.15999984741211,34996,0.0,0.0
2024-04-22 11:30:00-04:00,10.170000076293945,10.390000343322754,10.130000114440918,10.210000038146973,37165,0.0,0.0
2024-04-22 12:30:00-04:00,10.210000038146973,10.329999923706055,10.170000076293945,10.319999694824219,59774,0.0,0.0
2024-04-22 13:30:00-04:00,10.3100004196167,10.619999885559082,10.239999771118164,10.579999923706055,95446,0.0,0.0
2024-04-22 14:30:00-04:00,10.569999694824219,10.675000190734863,10.34000015258789,10.345000267028809,45682,0.0,0.0
2024-04-22 15:30:00-04:00,10.390000343322754,10.4399995803833,10.34000015258789,10.420000076293945,112532,0.0,0.0
2024-04-23 09:30:00-04:00,10.319999694824219,10.739999771118164,10.319999694824219,10.430000305175781,36124,0.0,0.0
2024-04-23 10:30:00-04:00,10.460000038146973,10.510000228881836,10.359999656677246,10.5,25904,0.0,0.0
2024-04-23 11:30:00-04:00,10.479999542236328,10.5600004196167,10.359999656677246,10.489999771118164,45509,0.0,0.0
2024-04-23 12:30:00-04:00,10.494999885559082,10.494999885559082,10.390000343322754,10.449999809265137,21886,0.0,0.0
2024-04-23 13:30:00-04:00,10.470000267028809,10.640000343322754,10.430000305175781,10.53499984741211,54902,0.0,0.0
2024-04-23 14:30:00-04:00,10.529999732971191,10.550000190734863,10.300000190734863,10.354999542236328,41557,0.0,0.0
2024-04-23 15:30:00-04:00,10.369999885559082,10.40999984741211,10.289999961853027,10.300000190734863,61891,0.0,0.0
2024-04-24 09:30:00-04:00,10.300000190734863,10.46500015258789,10.170000076293945,10.279999732971191,14652,0.0,0.0
2024-04-24 10:30:00-04:00,10.3100004196167,10.3100004196167,9.84000015258789,9.960000038146973,132034,0.0,0.0
2024-04-24 11:30:00-04:00,10.0,10.010000228881836,9.930000305175781,10.0,30196,0.0,0.0
2024-04-24 12:30:00-04:00,9.979999542236328,10.0,9.9399995803833,9.979999542236328,62026,0.0,0.0
2024-04-24 13:30:00-04:00,9.930000305175781,10.0,9.880000114440918,9.898099899291992,14815,0.0,0.0
2024-04-24 14:30:00-04:00,9.880000114440918,9.960000038146973,9.699999809265137,9.710000038146973,56142,0.0,0.0
2024-04-24 15:30:00-04:00,9.718500137329102,9.720000267028809,9.479999542236328,9.569999694824219,262771,0.0,0.0
2024-04-25 09:30:00-04:00,9.479999542236328,9.806500434875488,8.979999542236328,9.300000190734863,182709,0.0,0.0
2024-04-25 10:30:00-04:00,9.239999771118164,9.289999961853027,9.0600004196167,9.15999984741211,77482,0.0,0.0
2024-04-25 11:30:00-04:00,9.140000343322754,9.5,9.130000114440918,9.414999961853027,86781,0.0,0.0
2024-04-25 12:30:00-04:00,9.414999961853027,9.420000076293945,9.170000076293945,9.194999694824219,38462,0.0,0.0
2024-04-25 13:30:00-04:00,9.194999694824219,9.369999885559082,9.130000114440918,9.130000114440918,65387,0.0,0.0
2024-04-25 14:30:00-04:00,9.149999618530273,9.170000076293945,9.0,9.020000457763672,100053,0.0,0.0
2024-04-25 15:30:00-04:00,9.0,9.09000015258789,8.989999771118164,9.050000190734863,178647,0.0,0.0
2024-04-26 09:30:00-04:00,8.9399995803833,9.3100004196167,8.819999694824219,9.1850004196167,90210,0.0,0.0
2024-04-26 10:30:00-04:00,9.170000076293945,9.210000038146973,8.890000343322754,8.979999542236328,58750,0.0,0.0
2024-04-26 11:30:00-04:00,8.989999771118164,9.1899995803833,8.920000076293945,9.149999618530273,82368,0.0,0.0
2024-04-26 12:30:00-04:00,9.149999618530273,9.180000305175781,8.949999809265137,9.0,138466,0.0,0.0
2024-04-26 13:30:00-04:00,8.989999771118164,9.109999656677246,8.960000038146973,9.0600004196167,58926,0.0,0.0
2024-04-26 14:30:00-04:00,9.069999694824219,9.289999961853027,9.069999694824219,9.199999809265137,91110,0.0,0.0
2024-04-26 15:30:00-04:00,9.1899995803833,9.220000267028809,9.104999542236328,9.149999618530273,98330,0.0,0.0
2024-04-29 09:30:00-04:00,9.1899995803833,9.479999542236328,9.1899995803833,9.449999809265137,21922,0.0,0.0
2024-04-29 10:30:00-04:00,9.46500015258789,9.484999656677246,9.350000381469727,9.369999885559082,17310,0.0,0.0
2024-04-29 11:30:00-04:00,9.362500190734863,9.739999771118164,9.34000015258789,9.529999732971191,59650,0.0,0.0
2024-04-29 12:30:00-04:00,9.569999694824219,9.579999923706055,9.390000343322754,9.390000343322754,41614,0.0,0.0
2024-04-29 13:30:00-04:00,9.390000343322754,9.510000228881836,9.279999732971191,9.369999885559082,63297,0.0,0.0
2024-04-29 14:30:00-04:00,9.357099533081055,9.357099533081055,9.1899995803833,9.210000038146973,37332,0.0,0.0
2024-04-29 15:30:00-04:00,9.204999923706055,9.460000038146973,9.199999809265137,9.460000038146973,126518,0.0,0.0
2024-04-30 09:30:00-04:00,9.489999771118164,9.619999885559082,9.140000343322754,9.425000190734863,54382,0.0,0.0
2024-04-30 10:30:00-04:00,9.442500114440918,9.449999809265137,9.289999961853027,9.329999923706055,25470,0.0,0.0
2024-04-30 11:30:00-04:00,9.319999694824219,9.329999923706055,9.210000038146973,9.239999771118164,24492,0.0,0.0
2024-04-30 12:30:00-04:00,9.229999542236328,9.260000228881836,9.180000305175781,9.239999771118164,22418,0.0,0.0
2024-04-30 13:30:00-04:00,9.239999771118164,9.2524995803833,9.15999984741211,9.15999984741211,23524,0.0,0.0
2024-04-30 14:30:00-04:00,9.170000076293945,9.220000267028809,9.039999961853027,9.119999885559082,47117,0.0,0.0
2024-04-30 15:30:00-04:00,9.130000114440918,9.130000114440918,9.069999694824219,9.079999923706055,54273,0.0,0.0
2024-05-01 09:30:00-04:00,9.130000114440918,9.369999885559082,9.020000457763672,9.085000038146973,27406,0.0,0.0
2024-05-01 10:30:00-04:00,9.085200309753418,9.09000015258789,8.914999961853027,8.979999542236328,20316,0.0,0.0
2024-05-01 11:30:00-04:00,9.010000228881836,9.010000228881836,8.899999618530273,8.989999771118164,22455,0.0,0.0
2024-05-01 12:30:00-04:00,8.982500076293945,9.489999771118164,8.96500015258789,9.178500175476074,175994,0.0,0.0
2024-05-01 13:30:00-04:00,9.170000076293945,9.260000228881836,9.029999732971191,9.029999732971191,71851,0.0,0.0
2024-05-01 14:30:00-04:00,9.020000457763672,9.319999694824219,9.015000343322754,9.109999656677246,77228,0.0,0.0
2024-05-01 15:30:00-04:00,9.100000381469727,9.109999656677246,9.039999961853027,9.09000015258789,70710,0.0,0.0
2024-05-02 09:30:00-04:00,9.229999542236328,9.229999542236328,8.850000381469727,8.949999809265137,552697,0.0,0.0
2024-05-02 10:30:00-04:00,9.029999732971191,9.029999732971191,8.850000381469727,9.0,41965,0.0,0.0
2024-05-02 11:30:00-04:00,9.010000228881836,9.020000457763672,8.890000343322754,8.90999984741211,30029,0.0,0.0
2024-05-02 12:30:00-04:00,8.914999961853027,9.010000228881836,8.84000015258789,9.0,27695,0.0,0.0
2024-05-02 13:30:00-04:00,9.005000114440918,9.010000228881836,8.920000076293945,9.0,37769,0.0,0.0
2024-05-02 14:30:00-04:00,9.0,9.265000343322754,8.979999542236328,9.225000381469727,175897,0.0,0.0
2024-05-02 15:30:00-04:00,9.210000038146973,9.229999542236328,9.140000343322754,9.210000038146973,170339,0.0,0.0
2024-05-03 09:30:00-04:00,9.220000267028809,9.65999984741211,9.210000038146973,9.449999809265137,82384,0.0,0.0
2024-05-03 10:30:00-04:00,9.460000038146973,9.609999656677246,9.319999694824219,9.350000381469727,49083,0.0,0.0
2024-05-03 11:30:00-04:00,9.319999694824219,9.479999542236328,9.3100004196167,9.359999656677246,32851,0.0,0.0
2024-05-03 12:30:00-04:00,9.380000114440918,9.380000114440918,9.25,9.300000190734863,24572,0.0,0.0
2024-05-03 13:30:00-04:00,9.270000457763672,9.350000381469727,9.25,9.350000381469727,39869,0.0,0.0
2024-05-03 14:30:00-04:00,9.34000015258789,9.359999656677246,9.270000457763672,9.319999694824219,43814,0.0,0.0
2024-05-03 15:30:00-04:00,9.319999694824219,9.350000381469727,9.239999771118164,9.239999771118164,83200,0.0,0.0
2024-05-06 09:30:00-04:00,9.369999885559082,9.420000076293945,9.100000381469727,9.100799560546875,35050,0.0,0.0
2024-05-06 10:30:00-04:00,9.149999618530273,9.25,9.0,9.039999961853027,35471,0.0,0.0
2024-05-06 11:30:00-04:00,9.050000190734863,9.319999694824219,9.039999961853027,9.220000267028809,38447,0.0,0.0
2024-05-06 12:30:00-04:00,9.239999771118164,9.270000457763672,9.199999809265137,9.239999771118164,11461,0.0,0.0
2024-05-06 13:30:00-04:00,9.239999771118164,9.239999771118164,9.170000076293945,9.170000076293945,39723,0.0,0.0
2024-05-06 14:30:00-04:00,9.15999984741211,9.300000190734863,9.149999618530273,9.300000190734863,49586,0.0,0.0
2024-05-06 15:30:00-04:00,9.329999923706055,9.390000343322754,9.265000343322754,9.350000381469727,192197,0.0,0.0
2024-05-07 09:30:00-04:00,9.350000381469727,9.619999885559082,9.0,9.15999984741211,100167,0.0,0.0
2024-05-07 10:30:00-04:00,9.140000343322754,9.480799674987793,9.100000381469727,9.4399995803833,47822,0.0,0.0
2024-05-07 11:30:00-04:00,9.420000076293945,9.564499855041504,9.399999618530273,9.449999809265137,41944,0.0,0.0
2024-05-07 12:30:00-04:00,9.449999809265137,9.632100105285645,9.432499885559082,9.579999923706055,67507,0.0,0.0
2024-05-07 13:30:00-04:00,9.600000381469727,9.859999656677246,9.569999694824219,9.699999809265137,52263,0.0,0.0
2024-05-07 14:30:00-04:00,9.710000038146973,9.760000228881836,9.649999618530273,9.75,63562,0.0,0.0
2024-05-07 15:30:00-04:00,9.739999771118164,9.90999984741211,9.720000267028809,9.800000190734863,86927,0.0,0.0
2024-05-08 09:30:00-04:00,9.600000381469727,9.8149995803833,9.520000457763672,9.760000228881836,42096,0.0,0.0
2024-05-08 10:30:00-04:00,9.760000228881836,9.760000228881836,9.390000343322754,9.390000343322754,43892,0.0,0.0
2024-05-08 11:30:00-04:00,9.420000076293945,9.4399995803833,9.220000267028809,9.260000228881836,56413,0.0,0.0
2024-05-08 12:30:00-04:00,9.300000190734863,9.3100004196167,9.130000114440918,9.25,91427,0.0,0.0
2024-05-08 13:30:00-04:00,9.255000114440918,9.260000228881836,9.149999618530273,9.260000228881836,31656,0.0,0.0
2024-05-08 14:30:00-04:00,9.270000457763672,9.412500381469727,9.270000457763672,9.380000114440918,46714,0.0,0.0
2024-05-08 15:30:00-04:00,9.390000343322754,9.420000076293945,9.279999732971191,9.40999984741211,83937,0.0,0.0
2024-05-09 09:30:00-04:00,9.460000038146973,9.739999771118164,9.329999923706055,9.529999732971191,27047,0.0,0.0
2024-05-09 10:30:00-04:00,9.539999961853027,9.645000457763672,9.510000228881836,9.579999923706055,40508,0.0,0.0
2024-05-09 11:30:00-04:00,9.585000038146973,9.899999618530273,9.5600004196167,9.850000381469727,35287,0.0,0.0
2024-05-09 12:30:00-04:00,9.829999923706055,9.9399995803833,9.729999542236328,9.880000114440918,38459,0.0,0.0
2024-05-09 13:30:00-04:00,9.869999885559082,9.979999542236328,9.850000381469727,9.922499656677246,36241,0.0,0.0
2024-05-09 14:30:00-04:00,9.925000190734863,10.149999618530273,9.920000076293945,9.989999771118164,115142,0.0,0.0
2024-05-09 15:30:00-04:00,9.989999771118164,10.005000114440918,9.75,9.779999732971191,100071,0.0,0.0
2024-05-10 09:30:00-04:00,9.850000381469727,9.850000381469727,9.260000228881836,9.260000228881836,18599,0.0,0.0
2024-05-10 10:30:00-04:00,9.270000457763672,9.300000190734863,9.020000457763672,9.029999732971191,43097,0.0,0.0
2024-05-10 11:30:00-04:00,9.03499984741211,9.199999809265137,9.020000457763672,9.100000381469727,34070,0.0,0.0
2024-05-10 12:30:00-04:00,9.079999923706055,9.4399995803833,9.0649995803833,9.260000228881836,34988,0.0,0.0
2024-05-10 13:30:00-04:00,9.239999771118164,9.270000457763672,9.140000343322754,9.175000190734863,20307,0.0,0.0
2024-05-10 14:30:00-04:00,9.175000190734863,9.260000228881836,9.069999694824219,9.140000343322754,36133,0.0,0.0
2024-05-10 15:30:00-04:00,9.15999984741211,9.25,9.140000343322754,9.204999923706055,83525,0.0,0.0
2024-05-13 09:30:00-04:00,9.279999732971191,9.430000305175781,9.0,9.204999923706055,74984,0.0,0.0
2024-05-13 10:30:00-04:00,9.180000305175781,9.229999542236328,8.989999771118164,9.069999694824219,134703,0.0,0.0
2024-05-13 11:30:00-04:00,9.039999961853027,9.050000190734863,8.899999618530273,8.949999809265137,40714,0.0,0.0
2024-05-13 12:30:00-04:00,8.949999809265137,9.220000267028809,8.899999618530273,9.199999809265137,196045,0.0,0.0
2024-05-13 13:30:00-04:00,9.149999618530273,9.199999809265137,9.079999923706055,9.15999984741211,21053,0.0,0.0
2024-05-13 14:30:00-04:00,9.130000114440918,9.149999618530273,9.0600004196167,9.09000015258789,33673,0.0,0.0
2024-05-13 15:30:00-04:00,9.095000267028809,9.140000343322754,8.9399995803833,8.9399995803833,169591,0.0,0.0
2024-05-14 09:30:00-04:00,9.020000457763672,9.489999771118164,8.899999618530273,9.345000267028809,70975,0.0,0.0
2024-05-14 10:30:00-04:00,9.34000015258789,9.550000190734863,9.260000228881836,9.529999732971191,87760,0.0,0.0
2024-05-14 11:30:00-04:00,9.520000457763672,9.609999656677246,9.420000076293945,9.579999923706055,130735,0.0,0.0
2024-05-14 12:30:00-04:00,9.5600004196167,9.600000381469727,9.369999885559082,9.40999984741211,45431,0.0,0.0
2024-05-14 13:30:00-04:00,9.399999618530273,9.515000343322754,9.390000343322754,9.430000305175781,55972,0.0,0.0
2024-05-14 14:30:00-04:00,9.430000305175781,9.539999961853027,9.40999984741211,9.520000457763672,58485,0.0,0.0
2024-05-14 15:30:00-04:00,9.520000457763672,9.619999885559082,9.510000228881836,9.5649995803833,94870,0.0,0.0
2024-05-15 09:30:00-04:00,9.59000015258789,9.649999618530273,9.369999885559082,9.399999618530273,39673,0.0,0.0
2024-05-15 10:30:00-04:00,9.420000076293945,9.51990032196045,9.359999656677246,9.479999542236328,63684,0.0,0.0
2024-05-15 11:30:00-04:00,9.470000267028809,9.510000228881836,9.369999885559082,9.454999923706055,108753,0.0,0.0
2024-05-15 12:30:00-04:00,9.470000267028809,9.489999771118164,9.369999885559082,9.399999618530273,93427,0.0,0.0
2024-05-15 13:30:00-04:00,9.399999618530273,9.699999809265137,9.369999885559082,9.59000015258789,156554,0.0,0.0
2024-05-15 14:30:00-04:00,9.595000267028809,9.600000381469727,9.5600004196167,9.569999694824219,72836,0.0,0.0
2024-05-15 15:30:00-04:00,9.569999694824219,9.710000038146973,9.569999694824219,9.670000076293945,103016,0.0,0.0
2024-05-16 09:30:00-04:00,9.65999984741211,9.670000076293945,9.479999542236328,9.600000381469727,21947,0.0,0.0
2024-05-16 10:30:00-04:00,9.614999771118164,9.614999771118164,9.529999732971191,9.569999694824219,21098,0.0,0.0
2024-05-16 11:30:00-04:00,9.5600004196167,9.75,9.5600004196167,9.699999809265137,54403,0.0,0.0
2024-05-16 12:30:00-04:00,9.699999809265137,9.699999809265137,9.550000190734863,9.569999694824219,49106,0.0,0.0
2024-05-16 13:30:00-04:00,9.574999809265137,9.619999885559082,9.4399995803833,9.539999961853027,81418,0.0,0.0
2024-05-16 14:30:00-04:00,9.545000076293945,9.569999694824219,9.4399995803833,9.539999961853027,47658,0.0,0.0
2024-05-16 15:30:00-04:00,9.510000228881836,9.649999618530273,9.479999542236328,9.630000114440918,111278,0.0,0.0
2024-05-17 09:30:00-04:00,9.649999618530273,9.649999618530273,9.444999694824219,9.619999885559082,14540,0.0,0.0
2024-05-17 10:30:00-04:00,9.59000015258789,9.699999809265137,9.489999771118164,9.5,33363,0.0,0.0
2024-05-17 11:30:00-04:00,9.5,9.550000190734863,9.380000114440918,9.520000457763672,28373,0.0,0.0
2024-05-17 12:30:00-04:00,9.510000228881836,9.579999923706055,9.460000038146973,9.470000267028809,28288,0.0,0.0
2024-05-17 13:30:00-04:00,9.489999771118164,9.520000457763672,9.399999618530273,9.399999618530273,32264,0.0,0.0
2024-05-17 14:30:00-04:00,9.430000305175781,9.699999809265137,9.420000076293945,9.640000343322754,46655,0.0,0.0
2024-05-17 15:30:00-04:00,9.649999618530273,9.6899995803833,9.59000015258789,9.65999984741211,109479,0.0,0.0
2024-05-20 09:30:00-04:00,9.697999954223633,9.699999809265137,9.289999961853027,9.569999694824219,29394,0.0,0.0
2024-05-20 10:30:00-04:00,9.579999923706055,9.670000076293945,9.539999961853027,9.600000381469727,29200,0.0,0.0
2024-05-20 11:30:00-04:00,9.569999694824219,9.630000114440918,9.510000228881836,9.59000015258789,49074,0.0,0.0
2024-05-20 12:30:00-04:00,9.579999923706055,9.609999656677246,9.460000038146973,9.460000038146973,30178,0.0,0.0
2024-05-20 13:30:00-04:00,9.479999542236328,9.619999885559082,9.479999542236328,9.600000381469727,35734,0.0,0.0
2024-05-20 14:30:00-04:00,9.59000015258789,9.739999771118164,9.59000015258789,9.694999694824219,47519,0.0,0.0
2024-05-20 15:30:00-04:00,9.680000305175781,9.720000267028809,9.630000114440918,9.699999809265137,81805,0.0,0.0
2024-05-21 09:30:00-04:00,9.649999618530273,9.805000305175781,9.609999656677246,9.675000190734863,0,0.0,0.0
2024-05-21 10:30:00-04:00,9.699999809265137,9.729999542236328,9.619999885559082,9.640000343322754,22040,0.0,0.0
2024-05-21 11:30:00-04:00,9.664999961853027,9.75,9.640000343322754,9.65999984741211,35547,0.0,0.0
2024-05-21 12:30:00-04:00,9.670000076293945,9.710000038146973,9.470000267028809,9.484999656677246,35769,0.0,0.0
2024-05-21 13:30:00-04:00,9.482000350952148,9.569999694824219,9.460000038146973,9.550000190734863,35321,0.0,0.0
2024-05-21 14:30:00-04:00,9.529999732971191,9.569999694824219,9.4399995803833,9.479999542236328,108646,0.0,0.0
2024-05-21 15:30:00-04:00,9.470000267028809,9.5,9.420000076293945,9.420999526977539,86778,0.0,0.0
2024-05-22 09:30:00-04:00,9.399999618530273,9.515000343322754,9.210000038146973,9.3100004196167,142109,0.0,0.0
2024-05-22 10:30:00-04:00,9.319999694824219,9.5600004196167,9.3100004196167,9.470000267028809,87515,0.0,0.0
2024-05-22 11:30:00-04:00,9.5,9.800000190734863,9.484999656677246,9.699999809265137,85140,0.0,0.0
2024-05-22 12:30:00-04:00,9.680000305175781,9.699999809265137,9.600000381469727,9.619999885559082,39111,0.0,0.0
2024-05-22 13:30:00-04:00,9.630000114440918,9.630000114440918,9.5,9.5,41039,0.0,0.0
2024-05-22 14:30:00-04:00,9.520000457763672,9.5600004196167,9.470000267028809,9.479999542236328,92836,0.0,0.0
2024-05-22 15:30:00-04:00,9.5,9.680000305175781,9.5,9.619999885559082,76292,0.0,0.0
2024-05-23 09:30:00-04:00,9.699999809265137,9.729999542236328,9.460000038146973,9.489999771118164,89478,0.0,0.0
2024-05-23 10:30:00-04:00,9.5,9.670000076293945,9.479999542236328,9.649999618530273,43027,0.0,0.0
2024-05-23 11:30:00-04:00,9.680000305175781,9.779999732971191,9.649999618530273,9.649999618530273,129919,0.0,0.0
2024-05-23 12:30:00-04:00,9.649999618530273,9.720000267028809,9.630000114440918,9.6899995803833,61099,0.0,0.0
2024-05-23 13:30:00-04:00,9.65999984741211,9.6899995803833,9.520000457763672,9.550000190734863,68827,0.0,0.0
2024-05-23 14:30:00-04:00,9.539199829101562,9.609999656677246,9.470000267028809,9.470000267028809,75559,0.0,0.0
2024-05-23 15:30:00-04:00,9.460000038146973,9.479999542236328,9.279999732971191,9.279999732971191,79617,0.0,0.0
2024-05-24 09:30:00-04:00,9.300000190734863,9.364999771118164,9.020000457763672,9.125,29015,0.0,0.0
2024-05-24 10:30:00-04:00,9.125,9.25,8.949999809265137,9.21500015258789,33266,0.0,0.0
2024-05-24 11:30:00-04:00,9.199999809265137,9.300000190734863,9.170000076293945,9.265000343322754,29453,0.0,0.0
2024-05-24 12:30:00-04:00,9.265000343322754,9.380000114440918,9.244999885559082,9.25,31814,0.0,0.0
2024-05-24 13:30:00-04:00,9.244999885559082,9.3100004196167,9.220000267028809,9.220000267028809,51045,0.0,0.0
2024-05-24 14:30:00-04:00,9.220000267028809,9.220000267028809,9.119999885559082,9.164999961853027,28504,0.0,0.0
2024-05-24 15:30:00-04:00,9.149999618530273,9.220000267028809,9.119999885559082,9.170000076293945,61228,0.0,0.0
2024-05-28 09:30:00-04:00,9.390000343322754,9.420000076293945,9.050000190734863,9.260000228881836,104876,0.0,0.0
2024-05-28 10:30:00-04:00,9.210000038146973,9.300000190734863,9.069999694824219,9.229999542236328,259966,0.0,0.0
2024-05-28 11:30:00-04:00,9.220000267028809,9.479999542236328,9.199999809265137,9.34000015258789,69549,0.0,0.0
2024-05-28 12:30:00-04:00,9.34000015258789,9.4399995803833,9.324999809265137,9.390000343322754,58221,0.0,0.0
2024-05-28 13:30:00-04:00,9.359999656677246,9.390000343322754,9.229999542236328,9.229999542236328,54791,0.0,0.0
2024-05-28 14:30:00-04:00,9.239999771118164,9.420000076293945,9.1899995803833,9.350000381469727,86351,0.0,0.0
2024-05-28 15:30:00-04:00,9.350000381469727,9.579999923706055,9.34000015258789,9.510000228881836,177535,0.0,0.0
2024-05-29 09:30:00-04:00,9.359999656677246,9.569999694824219,9.267499923706055,9.40999984741211,0,0.0,0.0
2024-05-29 10:30:00-04:00,9.390000343322754,9.5,9.3100004196167,9.470000267028809,55603,0.0,0.0
2024-05-29 11:30:00-04:00,9.449999809265137,9.479999542236328,9.380000114440918,9.479999542236328,32420,0.0,0.0
2024-05-29 12:30:00-04:00,9.470000267028809,9.635000228881836,9.449999809265137,9.5600004196167,53798,0.0,0.0
2024-05-29 13:30:00-04:00,9.574999809265137,9.574999809265137,9.4399995803833,9.470000267028809,42803,0.0,0.0
2024-05-29 14:30:00-04:00,9.460000038146973,9.53499984741211,9.449999809265137,9.479999542236328,45645,0.0,0.0
2024-05-29 15:30:00-04:00,9.479999542236328,9.529999732971191,9.430000305175781,9.510000228881836,93102,0.0,0.0
2024-05-30 09:30:00-04:00,9.539999961853027,9.729999542236328,9.430000305175781,9.645000457763672,41170,0.0,0.0
2024-05-30 10:30:00-04:00,9.640000343322754,9.800000190734863,9.640000343322754,9.765000343322754,84444,0.0,0.0
2024-05-30 11:30:00-04:00,9.773799896240234,9.869999885559082,9.739999771118164,9.829999923706055,39890,0.0,0.0
2024-05-30 12:30:00-04:00,9.75,9.890000343322754,9.640000343322754,9.890000343322754,28309,0.0,0.0
2024-05-30 13:30:00-04:00,9.890000343322754,9.899999618530273,9.729999542236328,9.845000267028809,97682,0.0,0.0
2024-05-30 14:30:00-04:00,9.850000381469727,9.869999885559082,9.699999809265137,9.720000267028809,68945,0.0,0.0
2024-05-30 15:30:00-04:00,9.720000267028809,9.729999542236328,9.595000267028809,9.6899995803833,85958,0.0,0.0
2024-05-31 09:30:00-04:00,9.699999809265137,9.829999923706055,9.619999885559082,9.829999923706055,36375,0.0,0.0
2024-05-31 10:30:00-04:00,9.845000267028809,9.859999656677246,9.699999809265137,9.845000267028809,37648,0.0,0.0
2024-05-31 11:30:00-04:00,9.850000381469727,9.899999618530273,9.829999923706055,9.890000343322754,62830,0.0,0.0
2024-05-31 12:30:00-04:00,9.890000343322754,9.930000305175781,9.680000305175781,9.8100004196167,41416,0.0,0.0
2024-05-31 13:30:00-04:00,9.829999923706055,9.850000381469727,9.789999961853027,9.800000190734863,40649,0.0,0.0
2024-05-31 14:30:00-04:00,9.819999694824219,9.890000343322754,9.789999961853027,9.795000076293945,57575,0.0,0.0
2024-05-31 15:30:00-04:00,9.789999961853027,9.930000305175781,9.789999961853027,9.930000305175781,156398,0.0,0.0
2024-06-03 09:30:00-04:00,9.960000038146973,10.140000343322754,9.850000381469727,9.890000343322754,82951,0.0,0.0
2024-06-03 10:30:00-04:00,9.880000114440918,10.039999961853027,9.880000114440918,9.979999542236328,53665,0.0,0.0
2024-06-03 11:30:00-04:00,9.994999885559082,9.994999885559082,9.75,9.779999732971191,74376,0.0,0.0
2024-06-03 12:30:00-04:00,9.760000228881836,9.760000228881836,9.430000305175781,9.5649995803833,62864,0.0,0.0
2024-06-03 13:30:00-04:00,9.579999923706055,9.84000015258789,9.539999961853027,9.71500015258789,66659,0.0,0.0
2024-06-03 14:30:00-04:00,9.71500015258789,9.75,9.5,9.630000114440918,84128,0.0,0.0
2024-06-03 15:30:00-04:00,9.609999656677246,9.699999809265137,9.550000190734863,9.699999809265137,117840,0.0,0.0
2024-06-04 09:30:00-04:00,9.6899995803833,9.819999694824219,9.510000228881836,9.819999694824219,27923,0.0,0.0
2024-06-04 10:30:00-04:00,9.819999694824219,9.850000381469727,9.720000267028809,9.720000267028809,38942,0.0,0.0
2024-06-04 11:30:00-04:00,9.6899995803833,9.789999961853027,9.600000381469727,9.770000457763672,70821,0.0,0.0
2024-06-04 12:30:00-04:00,9.75,9.949999809265137,9.739999771118164,9.9399995803833,41135,0.0,0.0
2024-06-04 13:30:00-04:00,9.9399995803833,10.0600004196167,9.9399995803833,10.0600004196167,95813,0.0,0.0
2024-06-04 14:30:00-04:00,10.068599700927734,10.119999885559082,9.989999771118164,10.119999885559082,74017,0.0,0.0
2024-06-04 15:30:00-04:00,10.119999885559082,10.220000267028809,9.989999771118164,10.010000228881836,145679,0.0,0.0
2024-06-05 09:30:00-04:00,10.050000190734863,10.270000457763672,9.949999809265137,10.100000381469727,31829,0.0,0.0
2024-06-05 10:30:00-04:00,10.100000381469727,10.15999984741211,9.880000114440918,9.96500015258789,51455,0.0,0.0
2024-06-05 11:30:00-04:00,9.96500015258789,10.050000190734863,9.960000038146973,10.0,63581,0.0,0.0
2024-06-05 12:30:00-04:00,9.989999771118164,10.010000228881836,9.880000114440918,9.970000267028809,34712,0.0,0.0
2024-06-05 13:30:00-04:00,9.960000038146973,10.0,9.90999984741211,9.90999984741211,29958,0.0,0.0
2024-06-05 14:30:00-04:00,9.90999984741211,9.9399995803833,9.869999885559082,9.9399995803833,36072,0.0,0.0
2024-06-05 15:30:00-04:00,9.9399995803833,10.010000228881836,9.930000305175781,9.979999542236328,74188,0.0,0.0
2024-06-06 09:30:00-04:00,9.989999771118164,10.149999618530273,9.800000190734863,9.9350004196167,0,0.0,0.0
2024-06-06 10:30:00-04:00,9.9350004196167,10.005000114440918,9.838299751281738,9.951299667358398,36226,0.0,0.0
2024-06-06 11:30:00-04:00,9.970000267028809,10.069999694824219,9.96500015258789,10.005000114440918,28280,0.0,0.0
2024-06-06 12:30:00-04:00,9.989999771118164,10.010000228881836,9.899999618530273,9.989999771118164,23233,0.0,0.0
2024-06-06 13:30:00-04:00,10.010000228881836,10.09000015258789,9.970000267028809,10.010000228881836,37113,0.0,0.0
2024-06-06 14:30:00-04:00,10.0,10.010000228881836,9.90999984741211,10.0,47176,0.0,0.0
2024-06-06 15:30:00-04:00,9.994999885559082,10.0,9.920000076293945,9.920000076293945,73466,0.0,0.0
2024-06-07 09:30:00-04:00,9.850000381469727,9.979999542236328,9.720000267028809,9.949999809265137,31250,0.0,0.0
2024-06-07 10:30:00-04:00,9.979999542236328,10.079999923706055,9.90999984741211,9.994999885559082,50940,0.0,0.0
2024-06-07 11:30:00-04:00,10.010000228881836,10.010000228881836,9.8100004196167,9.84000015258789,33335,0.0,0.0
2024-06-07 12:30:00-04:00,9.859999656677246,9.930000305175781,9.800000190734863,9.880000114440918,29659,0.0,0.0
2024-06-07 13:30:00-04:00,9.890000343322754,9.970000267028809,9.869999885559082,9.920000076293945,30929,0.0,0.0
2024-06-07 14:30:00-04:00,9.930000305175781,10.079999923706055,9.859999656677246,9.930000305175781,63662,0.0,0.0
2024-06-07 15:30:00-04:00,9.920000076293945,10.0,9.920000076293945,9.960000038146973,67825,0.0,0.0
2024-06-10 09:30:00-04:00,9.920000076293945,10.220000267028809,9.819999694824219,10.149999618530273,58974,0.0,0.0
2024-06-10 10:30:00-04:00,10.140000343322754,10.199999809265137,10.130000114440918,10.164999961853027,52762,0.0,0.0
2024-06-10 11:30:00-04:00,10.149999618530273,10.220000267028809,10.130000114440918,10.1899995803833,66401,0.0,0.0
2024-06-10 12:30:00-04:00,10.199999809265137,10.25,10.069999694824219,10.15999984741211,66723,0.0,0.0
2024-06-10 13:30:00-04:00,10.15999984741211,10.210000038146973,10.15999984741211,10.199999809265137,37372,0.0,0.0
2024-06-10 14:30:00-04:00,10.210000038146973,10.270000457763672,10.170000076293945,10.25,60695,0.0,0.0
2024-06-10 15:30:00-04:00,10.270000457763672,10.460000038146973,10.25,10.420000076293945,94558,0.0,0.0
2024-06-11 09:30:00-04:00,10.25,10.390000343322754,10.09000015258789,10.270000457763672,71346,0.0,0.0
2024-06-11 10:30:00-04:00,10.25,10.3100004196167,10.194999694824219,10.270000457763672,71401,0.0,0.0
2024-06-11 11:30:00-04:00,10.279999732971191,10.289999961853027,9.699999809265137,9.864999771118164,108920,0.0,0.0
2024-06-11 12:30:00-04:00,9.890000343322754,10.010000228881836,9.8100004196167,9.989999771118164,44069,0.0,0.0
2024-06-11 13:30:00-04:00,9.970000267028809,10.020000457763672,9.869999885559082,9.895000457763672,48275,0.0,0.0
2024-06-11 14:30:00-04:00,9.920000076293945,10.0,9.5600004196167,9.989999771118164,114054,0.0,0.0
2024-06-11 15:30:00-04:00,9.949999809265137,10.0,9.850000381469727,9.90999984741211,142945,0.0,0.0
2024-06-12 09:30:00-04:00,10.199999809265137,10.479999542236328,10.003700256347656,10.430000305175781,52007,0.0,0.0
2024-06-12 10:30:00-04:00,10.430000305175781,10.600000381469727,10.1899995803833,10.21500015258789,77932,0.0,0.0
2024-06-12 11:30:00-04:00,10.21500015258789,10.34000015258789,10.100000381469727,10.305000305175781,49360,0.0,0.0
2024-06-12 12:30:00-04:00,10.3100004196167,10.3149995803833,10.170000076293945,10.234999656677246,51294,0.0,0.0
2024-06-12 13:30:00-04:00,10.220000267028809,10.22249984741211,10.109999656677246,10.199999809265137,56239,0.0,0.0
2024-06-12 14:30:00-04:00,10.194999694824219,10.204999923706055,9.989999771118164,10.005000114440918,71421,0.0,0.0
2024-06-12 15:30:00-04:00,9.989999771118164,10.029999732971191,9.9399995803833,10.010000228881836,83627,0.0,0.0
2024-06-13 09:30:00-04:00,9.979999542236328,10.4399995803833,9.84000015258789,9.920000076293945,25341,0.0,0.0
2024-06-13 10:30:00-04:00,9.949899673461914,10.050000190734863,9.899999618530273,9.970000267028809,31215,0.0,0.0
2024-06-13 11:30:00-04:00,9.954999923706055,9.970000267028809,9.779999732971191,9.930000305175781,49480,0.0,0.0
2024-06-13 12:30:00-04:00,9.930000305175781,10.180000305175781,9.930000305175781,9.989999771118164,44957,0.0,0.0
2024-06-13 13:30:00-04:00,9.949999809265137,10.079999923706055,9.710000038146973,9.949999809265137,76204,0.0,0.0
2024-06-13 14:30:00-04:00,9.954999923706055,10.039999961853027,9.8100004196167,9.9399995803833,45914,0.0,0.0
2024-06-13 15:30:00-04:00,9.899999618530273,9.960000038146973,9.829999923706055,9.960000038146973,66100,0.0,0.0
2024-06-14 09:30:00-04:00,9.84000015258789,10.180000305175781,9.84000015258789,10.069999694824219,54115,0.0,0.0
2024-06-14 10:30:00-04:00,10.069999694824219,10.109999656677246,9.710000038146973,9.720000267028809,45294,0.0,0.0
2024-06-14 11:30:00-04:00,9.75,9.819999694824219,9.550000190734863,9.734999656677246,34240,0.0,0.0
2024-06-14 12:30:00-04:00,9.680000305175781,9.8100004196167,9.649999618530273,9.755000114440918,33045,0.0,0.0
2024-06-14 13:30:00-04:00,9.789999961853027,9.819999694824219,9.680000305175781,9.770000457763672,44444,0.0,0.0
2024-06-14 14:30:00-04:00,9.789999961853027,9.829999923706055,9.739999771118164,9.779999732971191,52631,0.0,0.0
2024-06-14 15:30:00-04:00,9.800000190734863,9.8100004196167,9.699999809265137,9.789999961853027,86523,0.0,0.0
2024-06-17 09:30:00-04:00,9.699999809265137,9.84000015258789,9.579999923706055,9.699999809265137,36055,0.0,0.0
2024-06-17 10:30:00-04:00,9.699999809265137,9.829999923706055,9.670000076293945,9.6899995803833,48630,0.0,0.0
2024-06-17 11:30:00-04:00,9.65999984741211,9.699999809265137,9.550000190734863,9.579999923706055,43739,0.0,0.0
2024-06-17 12:30:00-04:00,9.569999694824219,9.65999984741211,9.550000190734863,9.5600004196167,49524,0.0,0.0
2024-06-17 13:30:00-04:00,9.5600004196167,9.600000381469727,9.430000305175781,9.470000267028809,53537,0.0,0.0
2024-06-17 14:30:00-04:00,9.460000038146973,9.59000015258789,9.4399995803833,9.470000267028809,55633,0.0,0.0
2024-06-17 15:30:00-04:00,9.454999923706055,9.470000267028809,9.350000381469727,9.380000114440918,92155,0.0,0.0
2024-06-18 09:30:00-04:00,9.430000305175781,9.569999694824219,9.380000114440918,9.520000457763672,42648,0.0,0.0
2024-06-18 10:30:00-04:00,9.550000190734863,9.550000190734863,9.46500015258789,9.489999771118164,37071,0.0,0.0
2024-06-18 11:30:00-04:00,9.5,9.5,9.399999618530273,9.479999542236328,30090,0.0,0.0
2024-06-18 12:30:00-04:00,9.479999542236328,9.489999771118164,9.380000114440918,9.380000114440918,30302,0.0,0.0
2024-06-18 13:30:00-04:00,9.375,9.399999618530273,9.210000038146973,9.279999732971191,36014,0.0,0.0
2024-06-18 14:30:00-04:00,9.289999961853027,9.319999694824219,9.0600004196167,9.079999923706055,43010,0.0,0.0
2024-06-18 15:30:00-04:00,9.079999923706055,9.210000038146973,9.069999694824219,9.130000114440918,91115,0.0,0.0
2024-06-20 09:30:00-04:00,9.0,9.145000457763672,8.84000015258789,8.98840045928955,64003,0.0,0.0
2024-06-20 10:30:00-04:00,9.0,9.050000190734863,8.930000305175781,9.0,44338,0.0,0.0
2024-06-20 11:30:00-04:00,9.0,9.0,8.859999656677246,8.960000038146973,41317,0.0,0.0
2024-06-20 12:30:00-04:00,8.949999809265137,8.949999809265137,8.739999771118164,8.8149995803833,63314,0.0,0.0
2024-06-20 13:30:00-04:00,8.8149995803833,8.850000381469727,8.739999771118164,8.845000267028809,53248,0.0,0.0
2024-06-20 14:30:00-04:00,8.850000381469727,8.859999656677246,8.770000457763672,8.850000381469727,60480,0.0,0.0
2024-06-20 15:30:00-04:00,8.84000015258789,8.880000114440918,8.770000457763672,8.84000015258789,98749,0.0,0.0
2024-06-21 09:30:00-04:00,8.829999923706055,8.949999809265137,8.670000076293945,8.899999618530273,63817,0.0,0.0
2024-06-21 10:30:00-04:00,8.875,8.954999923706055,8.760000228881836,8.9399995803833,33489,0.0,0.0
2024-06-21 11:30:00-04:00,8.9399995803833,9.010000228881836,8.859999656677246,8.9399995803833,18459,0.0,0.0
2024-06-21 12:30:00-04:00,8.949999809265137,9.079999923706055,8.9350004196167,9.03499984741211,25494,0.0,0.0
2024-06-21 13:30:00-04:00,9.039999961853027,9.229999542236328,9.029999732971191,9.210000038146973,33715,0.0,0.0
2024-06-21 14:30:00-04:00,9.210000038146973,9.4399995803833,9.210000038146973,9.359999656677246,66605,0.0,0.0
2024-06-21 15:30:00-04:00,9.359999656677246,9.53499984741211,9.289999961853027,9.460000038146973,259915,0.0,0.0
2024-06-24 09:30:00-04:00,9.5,9.579999923706055,9.119999885559082,9.5,68784,0.0,0.0
2024-06-24 10:30:00-04:00,9.529999732971191,9.649999618530273,9.489999771118164,9.5,35309,0.0,0.0
2024-06-24 11:30:00-04:00,9.505000114440918,9.640000343322754,9.479999542236328,9.5600004196167,79164,0.0,0.0
2024-06-24 12:30:00-04:00,9.5600004196167,9.609999656677246,9.539999961853027,9.569999694824219,27165,0.0,0.0
2024-06-24 13:30:00-04:00,9.5600004196167,9.5649995803833,9.220000267028809,9.260000228881836,45952,0.0,0.0
2024-06-24 14:30:00-04:00,9.239999771118164,9.279999732971191,9.220000267028809,9.270000457763672,66521,0.0,0.0
2024-06-24 15:30:00-04:00,9.260000228881836,9.5600004196167,9.260000228881836,9.479000091552734,207437,0.0,0.0
2024-06-25 09:30:00-04:00,9.510000228881836,9.5600004196167,9.100000381469727,9.329999923706055,59614,0.0,0.0
2024-06-25 10:30:00-04:00,9.345000267028809,9.369999885559082,9.149999618530273,9.149999618530273,95199,0.0,0.0
2024-06-25 11:30:00-04:00,9.149999618530273,9.274999618530273,9.140000343322754,9.25,43193,0.0,0.0
2024-06-25 12:30:00-04:00,9.25,9.329999923706055,9.1899995803833,9.244999885559082,34834,0.0,0.0
2024-06-25 13:30:00-04:00,9.239999771118164,9.35990047454834,9.180000305175781,9.25,55559,0.0,0.0
2024-06-25 14:30:00-04:00,9.229999542236328,9.229999542236328,8.819999694824219,8.819999694824219,126296,0.0,0.0
2024-06-25 15:30:00-04:00,8.800000190734863,8.829999923706055,8.600000381469727,8.729999542236328,372840,0.0,0.0
2024-06-26 09:30:00-04:00,8.640000343322754,8.899999618530273,8.539999961853027,8.744999885559082,99769,0.0,0.0
2024-06-26 10:30:00-04:00,8.739999771118164,8.75,8.600000381469727,8.670000076293945,76294,0.0,0.0
2024-06-26 11:30:00-04:00,8.630000114440918,8.670000076293945,8.430000305175781,8.5,71783,0.0,0.0
2024-06-26 12:30:00-04:00,8.5,8.600000381469727,8.329999923706055,8.550000190734863,157761,0.0,0.0
2024-06-26 13:30:00-04:00,8.53499984741211,8.640000343322754,8.5,8.619999885559082,90769,0.0,0.0
2024-06-26 14:30:00-04:00,8.630000114440918,8.699999809265137,8.5600004196167,8.654999732971191,103447,0.0,0.0
2024-06-26 15:30:00-04:00,8.654999732971191,8.670000076293945,8.550000190734863,8.59000015258789,230165,0.0,0.0
2024-06-27 09:30:00-04:00,8.630000114440918,9.109999656677246,8.619999885559082,9.0600004196167,75832,0.0,0.0
2024-06-27 10:30:00-04:00,9.0649995803833,9.25,9.039999961853027,9.079999923706055,73848,0.0,0.0
2024-06-27 11:30:00-04:00,9.069999694824219,9.140000343322754,9.010000228881836,9.09000015258789,65441,0.0,0.0
2024-06-27 12:30:00-04:00,9.085000038146973,9.09000015258789,8.800000190734863,8.829999923706055,93123,0.0,0.0
2024-06-27 13:30:00-04:00,8.829999923706055,9.119999885559082,8.829999923706055,9.114999771118164,81086,0.0,0.0
2024-06-27 14:30:00-04:00,9.119999885559082,9.220000267028809,9.100000381469727,9.194999694824219,80602,0.0,0.0
2024-06-27 15:30:00-04:00,9.194999694824219,9.210000038146973,9.119999885559082,9.1850004196167,119832,0.0,0.0
2024-06-28 09:30:00-04:00,9.229999542236328,9.479999542236328,9.135000228881836,9.449999809265137,91957,0.0,0.0
2024-06-28 10:30:00-04:00,9.449999809265137,9.470000267028809,9.300000190734863,9.368499755859375,108688,0.0,0.0
2024-06-28 11:30:00-04:00,9.369999885559082,9.550000190734863,9.329999923706055,9.550000190734863,86472,0.0,0.0
2024-06-28 12:30:00-04:00,9.550000190734863,9.614999771118164,9.470000267028809,9.529999732971191,172801,0.0,0.0
2024-06-28 13:30:00-04:00,9.510000228881836,9.609999656677246,9.4350004196167,9.520000457763672,204837,0.0,0.0
2024-06-28 14:30:00-04:00,9.520000457763672,9.630000114440918,9.430000305175781,9.630000114440918,275640,0.0,0.0
2024-06-28 15:30:00-04:00,9.630000114440918,9.920000076293945,9.600000381469727,9.829999923706055,775737,0.0,0.0
2024-07-01 09:30:00-04:00,9.970000267028809,10.210000038146973,9.789999961853027,10.140000343322754,144610,0.0,0.0
2024-07-01 10:30:00-04:00,10.125,10.199999809265137,9.770000457763672,9.859999656677246,100610,0.0,0.0
2024-07-01 11:30:00-04:00,9.859999656677246,9.859999656677246,9.670000076293945,9.729999542236328,59900,0.0,0.0
2024-07-01 12:30:00-04:00,9.729999542236328,9.949999809265137,9.675000190734863,9.819999694824219,91462,0.0,0.0
2024-07-01 13:30:00-04:00,9.819999694824219,10.1899995803833,9.819999694824219,10.135000228881836,135128,0.0,0.0
2024-07-01 14:30:00-04:00,10.135000228881836,10.300000190734863,10.0600004196167,10.079999923706055,322493,0.0,0.0
2024-07-01 15:30:00-04:00,10.079999923706055,10.079999923706055,9.90999984741211,9.925000190734863,310609,0.0,0.0
2024-07-02 09:30:00-04:00,9.859999656677246,10.0,9.65999984741211,9.880000114440918,65212,0.0,0.0
2024-07-02 10:30:00-04:00,9.890000343322754,9.920000076293945,9.8100004196167,9.850000381469727,49435,0.0,0.0
2024-07-02 11:30:00-04:00,9.880000114440918,9.932499885559082,9.84000015258789,9.84000015258789,49257,0.0,0.0
2024-07-02 12:30:00-04:00,9.84000015258789,9.854999542236328,9.680000305175781,9.680000305175781,74526,0.0,0.0
2024-07-02 13:30:00-04:00,9.670000076293945,9.699999809265137,9.600000381469727,9.6899995803833,61644,0.0,0.0
2024-07-02 14:30:00-04:00,9.71500015258789,9.970000267028809,9.59000015258789,9.949999809265137,221228,0.0,0.0
2024-07-02 15:30:00-04:00,9.949999809265137,9.960000038146973,9.75,9.800000190734863,281256,0.0,0.0
2024-07-03 09:30:00-04:00,9.760000228881836,9.859999656677246,9.6899995803833,9.854999542236328,52057,0.0,0.0
2024-07-03 10:30:00-04:00,9.854999542236328,9.880000114440918,9.600000381469727,9.699999809265137,55372,0.0,0.0
2024-07-03 11:30:00-04:00,9.6899995803833,9.710000038146973,9.550000190734863,9.699999809265137,75157,0.0,0.0
2024-07-05 09:30:00-04:00,9.710000038146973,9.850000381469727,9.600000381469727,9.720000267028809,48660,0.0,0.0
2024-07-05 10:30:00-04:00,9.699999809265137,9.9399995803833,9.65999984741211,9.90999984741211,48473,0.0,0.0
2024-07-05 11:30:00-04:00,9.920000076293945,10.0,9.869999885559082,9.890000343322754,49299,0.0,0.0
2024-07-05 12:30:00-04:00,9.890000343322754,10.15999984741211,9.829999923706055,10.100000381469727,178266,0.0,0.0
2024-07-05 13:30:00-04:00,10.109999656677246,10.180000305175781,9.960000038146973,10.020000457763672,97076,0.0,0.0
2024-07-05 14:30:00-04:00,10.020000457763672,10.104999542236328,9.940999984741211,10.039999961853027,140296,0.0,0.0
2024-07-05 15:30:00-04:00,10.050000190734863,10.29990005493164,10.03499984741211,10.239999771118164,211547,0.0,0.0
2024-07-08 09:30:00-04:00,10.579999923706055,10.944999694824219,10.319999694824219,10.944999694824219,208838,0.0,0.0
2024-07-08 10:30:00-04:00,10.945699691772461,10.945699691772461,10.489999771118164,10.555000305175781,152263,0.0,0.0
2024-07-08 11:30:00-04:00,10.539999961853027,10.5600004196167,10.489999771118164,10.489999771118164,65615,0.0,0.0
2024-07-08 12:30:00-04:00,10.490400314331055,10.609999656677246,10.460000038146973,10.585000038146973,138565,0.0,0.0
2024-07-08 13:30:00-04:00,10.585000038146973,10.585000038146973,10.479999542236328,10.489999771118164,71393,0.0,0.0
2024-07-08 14:30:00-04:00,10.479999542236328,10.510000228881836,10.40999984741211,10.460000038146973,94445,0.0,0.0
2024-07-08 15:30:00-04:00,10.460000038146973,10.460000038146973,10.329999923706055,10.34000015258789,114059,0.0,0.0
2024-07-09 09:30:00-04:00,10.329999923706055,10.414999961853027,10.130000114440918,10.154999732971191,56911,0.0,0.0
2024-07-09 10:30:00-04:00,10.170000076293945,10.234999656677246,10.039999961853027,10.180000305175781,47347,0.0,0.0
2024-07-09 11:30:00-04:00,10.170000076293945,10.399999618530273,10.15999984741211,10.369999885559082,122661,0.0,0.0
2024-07-09 12:30:00-04:00,10.369999885559082,10.479999542236328,10.210000038146973,10.210000038146973,65629,0.0,0.0
2024-07-09 13:30:00-04:00,10.239999771118164,10.399999618530273,10.220000267028809,10.300000190734863,170322,0.0,0.0
2024-07-09 14:30:00-04:00,10.295000076293945,10.539999961853027,10.289999961853027,10.460000038146973,146255,0.0,0.0
2024-07-09 15:30:00-04:00,10.449999809265137,10.470000267028809,10.270000457763672,10.289999961853027,358119,0.0,0.0
2024-07-10 09:30:00-04:00,10.300000190734863,10.444999694824219,10.010000228881836,10.170000076293945,38355,0.0,0.0
2024-07-10 10:30:00-04:00,10.15999984741211,10.3100004196167,10.0600004196167,10.1899995803833,136502,0.0,0.0
2024-07-10 11:30:00-04:00,10.15999984741211,10.510000228881836,10.15999984741211,10.470000267028809,53308,0.0,0.0
2024-07-10 12:30:00-04:00,10.449999809265137,10.59000015258789,10.414999961853027,10.569999694824219,79108,0.0,0.0
2024-07-10 13:30:00-04:00,10.569999694824219,10.75,10.550000190734863,10.640000343322754,132583,0.0,0.0
2024-07-10 14:30:00-04:00,10.630000114440918,10.720000267028809,10.609999656677246,10.654999732971191,108451,0.0,0.0
2024-07-10 15:30:00-04:00,10.649999618530273,10.770000457763672,10.609999656677246,10.75,187758,0.0,0.0
2024-07-11 09:30:00-04:00,11.010000228881836,11.40999984741211,10.989999771118164,11.329999923706055,79941,0.0,0.0
2024-07-11 10:30:00-04:00,11.3100004196167,11.61709976196289,11.260000228881836,11.4350004196167,170849,0.0,0.0
2024-07-11 11:30:00-04:00,11.4350004196167,11.520000457763672,11.364999771118164,11.510000228881836,131997,0.0,0.0
2024-07-11 12:30:00-04:00,11.510000228881836,11.550000190734863,11.359999656677246,11.449999809265137,101866,0.0,0.0
2024-07-11 13:30:00-04:00,11.420000076293945,11.600000381469727,11.34000015258789,11.5600004196167,116609,0.0,0.0
2024-07-11 14:30:00-04:00,11.569999694824219,11.640000343322754,11.289999961853027,11.3100004196167,161033,0.0,0.0
2024-07-11 15:30:00-04:00,11.289999961853027,11.579999923706055,11.289999961853027,11.539999961853027,201730,0.0,0.0
2024-07-12 09:30:00-04:00,11.619999885559082,11.795000076293945,11.510000228881836,11.6850004196167,92071,0.0,0.0
2024-07-12 10:30:00-04:00,11.6899995803833,11.699999809265137,11.369999885559082,11.40999984741211,106528,0.0,0.0
2024-07-12 11:30:00-04:00,11.4399995803833,11.449999809265137,10.989999771118164,11.180000305175781,67352,0.0,0.0
2024-07-12 12:30:00-04:00,11.15999984741211,11.1899995803833,11.0600004196167,11.180000305175781,52315,0.0,0.0
2024-07-12 13:30:00-04:00,11.164999961853027,11.279999732971191,11.149999618530273,11.199999809265137,60710,0.0,0.0
2024-07-12 14:30:00-04:00,11.1899995803833,11.270000457763672,11.069999694824219,11.069999694824219,69893,0.0,0.0
2024-07-12 15:30:00-04:00,11.069999694824219,11.149999618530273,11.020000457763672,11.020000457763672,127648,0.0,0.0
2024-07-15 09:30:00-04:00,11.220000267028809,11.4399995803833,11.0,11.369999885559082,70226,0.0,0.0
2024-07-15 10:30:00-04:00,11.319999694824219,11.520000457763672,11.270000457763672,11.324999809265137,100314,0.0,0.0
2024-07-15 11:30:00-04:00,11.319999694824219,11.5,11.319999694824219,11.369999885559082,44567,0.0,0.0
2024-07-15 12:30:00-04:00,11.420000076293945,11.449999809265137,11.3100004196167,11.390000343322754,39679,0.0,0.0
2024-07-15 13:30:00-04:00,11.359999656677246,11.5,11.300000190734863,11.454999923706055,55549,0.0,0.0
2024-07-15 14:30:00-04:00,11.454999923706055,11.600000381469727,11.359999656677246,11.569999694824219,139261,0.0,0.0
2024-07-15 15:30:00-04:00,11.579999923706055,11.649999618530273,11.489999771118164,11.59000015258789,218383,0.0,0.0
2024-07-16 09:30:00-04:00,11.5,11.84000015258789,11.489999771118164,11.6899995803833,217591,0.0,0.0
2024-07-16 10:30:00-04:00,11.680000305175781,12.0,11.670000076293945,11.84000015258789,141457,0.0,0.0
2024-07-16 11:30:00-04:00,11.829999923706055,12.029999732971191,11.829999923706055,11.90999984741211,69423,0.0,0.0
2024-07-16 12:30:00-04:00,11.899999618530273,11.9399995803833,11.739999771118164,11.789999961853027,52883,0.0,0.0
2024-07-16 13:30:00-04:00,11.789999961853027,11.890000343322754,11.770000457763672,11.835000038146973,36189,0.0,0.0
2024-07-16 14:30:00-04:00,11.850000381469727,11.899999618530273,11.770000457763672,11.850000381469727,88086,0.0,0.0
2024-07-16 15:30:00-04:00,11.845000267028809,11.890000343322754,11.800000190734863,11.869999885559082,166894,0.0,0.0
2024-07-17 09:30:00-04:00,11.770000457763672,12.079999923706055,11.59000015258789,11.725000381469727,55063,0.0,0.0
2024-07-17 10:30:00-04:00,11.699999809265137,11.75,11.563400268554688,11.6899995803833,40630,0.0,0.0
2024-07-17 11:30:00-04:00,11.694999694824219,11.75,11.609999656677246,11.680000305175781,39784,0.0,0.0
2024-07-17 12:30:00-04:00,11.680000305175781,11.6850004196167,11.45110034942627,11.600000381469727,49895,0.0,0.0
2024-07-17 13:30:00-04:00,11.630000114440918,11.770000457763672,11.59000015258789,11.739999771118164,89274,0.0,0.0
2024-07-17 14:30:00-04:00,11.734999656677246,11.979999542236328,11.729999542236328,11.920000076293945,104774,0.0,0.0
2024-07-17 15:30:00-04:00,11.930000305175781,12.020000457763672,11.869999885559082,11.899999618530273,153784,0.0,0.0
2024-07-18 09:30:00-04:00,11.819999694824219,12.0,11.699999809265137,11.729999542236328,34901,0.0,0.0
2024-07-18 10:30:00-04:00,11.779999732971191,11.8100004196167,11.449999809265137,11.449999809265137,42907,0.0,0.0
2024-07-18 11:30:00-04:00,11.449999809265137,11.520000457763672,11.280099868774414,11.350000381469727,41460,0.0,0.0
2024-07-18 12:30:00-04:00,11.369999885559082,11.430000305175781,11.300000190734863,11.369999885559082,40982,0.0,0.0
2024-07-18 13:30:00-04:00,11.359999656677246,11.359999656677246,11.210000038146973,11.3100004196167,30735,0.0,0.0
2024-07-18 14:30:00-04:00,11.3100004196167,11.34000015258789,11.09000015258789,11.09000015258789,40046,0.0,0.0
2024-07-18 15:30:00-04:00,11.100000381469727,11.220000267028809,10.979999542236328,10.989999771118164,153870,0.0,0.0
2024-07-19 09:30:00-04:00,11.020000457763672,11.220000267028809,10.75,11.045000076293945,62736,0.0,0.0
2024-07-19 10:30:00-04:00,11.045000076293945,11.140000343322754,10.979999542236328,11.020000457763672,46451,0.0,0.0
2024-07-19 11:30:00-04:00,11.010000228881836,11.149999618530273,10.970000267028809,11.050000190734863,30000,0.0,0.0
2024-07-19 12:30:00-04:00,11.0600004196167,11.170000076293945,10.960000038146973,10.994999885559082,29996,0.0,0.0
2024-07-19 13:30:00-04:00,10.979999542236328,11.09000015258789,10.970000267028809,11.074999809265137,38732,0.0,0.0
2024-07-19 14:30:00-04:00,11.069999694824219,11.130000114440918,11.029999732971191,11.079999923706055,40386,0.0,0.0
2024-07-19 15:30:00-04:00,11.079999923706055,11.3100004196167,11.079999923706055,11.279999732971191,129234,0.0,0.0
2024-07-22 09:30:00-04:00,11.770000457763672,11.920000076293945,11.329999923706055,11.5600004196167,108428,0.0,0.0
2024-07-22 10:30:00-04:00,11.5,11.739999771118164,11.489999771118164,11.649999618530273,43793,0.0,0.0
2024-07-22 11:30:00-04:00,11.65999984741211,11.720000267028809,11.5,11.539999961853027,31602,0.0,0.0
2024-07-22 12:30:00-04:00,11.539999961853027,11.625,11.520000457763672,11.5600004196167,36706,0.0,0.0
2024-07-22 13:30:00-04:00,11.550000190734863,11.550000190734863,11.4399995803833,11.479999542236328,40432,0.0,0.0
2024-07-22 14:30:00-04:00,11.489999771118164,11.680000305175781,11.489999771118164,11.680000305175781,89624,0.0,0.0
2024-07-22 15:30:00-04:00,11.699999809265137,11.720000267028809,11.569999694824219,11.619999885559082,116741,0.0,0.0
2024-07-23 09:30:00-04:00,11.619999885559082,11.930000305175781,11.440099716186523,11.8641996383667,77810,0.0,0.0
2024-07-23 10:30:00-04:00,11.930000305175781,12.220000267028809,11.850000381469727,11.920000076293945,170270,0.0,0.0
2024-07-23 11:30:00-04:00,11.920000076293945,12.020000457763672,11.8100004196167,11.8100004196167,47291,0.0,0.0
2024-07-23 12:30:00-04:00,11.8100004196167,11.904999732971191,11.770000457763672,11.819999694824219,66706,0.0,0.0
2024-07-23 13:30:00-04:00,11.819999694824219,11.970000267028809,11.8100004196167,11.96500015258789,62590,0.0,0.0
2024-07-23 14:30:00-04:00,11.970000267028809,12.229999542236328,11.960000038146973,12.100000381469727,201721,0.0,0.0
2024-07-23 15:30:00-04:00,12.09000015258789,12.130000114440918,11.90999984741211,11.920000076293945,155762,0.0,0.0
2024-07-24 09:30:00-04:00,11.859999656677246,11.949999809265137,11.678799629211426,11.90999984741211,43657,0.0,0.0
2024-07-24 10:30:00-04:00,11.925000190734863,11.954999923706055,11.829999923706055,11.930000305175781,27357,0.0,0.0
2024-07-24 11:30:00-04:00,11.930000305175781,12.130000114440918,11.90999984741211,12.119999885559082,69811,0.0,0.0
2024-07-24 12:30:00-04:00,12.119999885559082,12.244999885559082,12.109999656677246,12.15999984741211,43816,0.0,0.0
2024-07-24 13:30:00-04:00,12.15999984741211,12.1899995803833,12.020000457763672,12.020000457763672,34901,0.0,0.0
2024-07-24 14:30:00-04:00,12.039999961853027,12.050000190734863,11.895000457763672,11.9399995803833,68737,0.0,0.0
2024-07-24 15:30:00-04:00,11.9399995803833,12.029999732971191,11.880000114440918,11.890000343322754,98625,0.0,0.0
2024-07-25 09:30:00-04:00,11.949999809265137,12.295000076293945,11.765000343322754,12.239999771118164,57407,0.0,0.0
2024-07-25 10:30:00-04:00,12.210000038146973,12.390000343322754,12.0,12.350000381469727,49901,0.0,0.0
2024-07-25 11:30:00-04:00,12.34000015258789,12.5600004196167,12.319999694824219,12.4399995803833,81776,0.0,0.0
2024-07-25 12:30:00-04:00,12.4399995803833,12.6899995803833,12.420000076293945,12.630000114440918,53070,0.0,0.0
2024-07-25 13:30:00-04:00,12.649999618530273,12.65999984741211,12.350000381469727,12.350000381469727,38523,0.0,0.0
2024-07-25 14:30:00-04:00,12.375,12.40999984741211,12.279999732971191,12.404999732971191,47982,0.0,0.0
2024-07-25 15:30:00-04:00,12.399999618530273,12.4399995803833,12.300000190734863,12.430000305175781,92247,0.0,0.0
2024-07-26 09:30:00-04:00,12.729999542236328,12.729999542236328,12.399999618530273,12.46500015258789,55627,0.0,0.0
2024-07-26 10:30:00-04:00,12.4399995803833,12.53499984741211,12.3100004196167,12.479999542236328,34290,0.0,0.0
2024-07-26 11:30:00-04:00,12.5,12.6899995803833,12.470000267028809,12.619999885559082,30838,0.0,0.0
2024-07-26 12:30:00-04:00,12.600000381469727,12.630000114440918,12.489999771118164,12.569999694824219,32695,0.0,0.0
2024-07-26 13:30:00-04:00,12.589900016784668,12.679900169372559,12.539999961853027,12.640000343322754,32311,0.0,0.0
2024-07-26 14:30:00-04:00,12.630000114440918,12.729999542236328,12.59000015258789,12.710000038146973,37204,0.0,0.0
2024-07-26 15:30:00-04:00,12.699999809265137,12.920000076293945,12.65999984741211,12.899999618530273,96627,0.0,0.0
2024-07-29 09:30:00-04:00,12.890000343322754,12.989999771118164,12.609999656677246,12.670000076293945,45220,0.0,0.0
2024-07-29 10:30:00-04:00,12.649999618530273,12.649999618530273,12.460000038146973,12.520000457763672,62502,0.0,0.0
2024-07-29 11:30:00-04:00,12.520000457763672,12.53499984741211,12.329999923706055,12.359999656677246,62758,0.0,0.0
2024-07-29 12:30:00-04:00,12.359999656677246,12.369999885559082,12.210000038146973,12.335000038146973,60041,0.0,0.0
2024-07-29 13:30:00-04:00,12.329999923706055,12.369999885559082,12.170000076293945,12.34000015258789,50166,0.0,0.0
2024-07-29 14:30:00-04:00,12.34000015258789,12.4399995803833,12.1899995803833,12.420000076293945,123207,0.0,0.0
2024-07-29 15:30:00-04:00,12.40999984741211,12.539999961853027,12.390000343322754,12.460000038146973,180149,0.0,0.0
2024-07-30 09:30:00-04:00,12.569999694824219,12.619999885559082,12.000100135803223,12.104999542236328,51648,0.0,0.0
2024-07-30 10:30:00-04:00,12.128999710083008,12.510000228881836,12.128999710083008,12.3100004196167,89791,0.0,0.0
2024-07-30 11:30:00-04:00,12.3100004196167,12.40999984741211,12.199999809265137,12.40999984741211,30412,0.0,0.0
2024-07-30 12:30:00-04:00,12.449999809265137,12.569999694824219,12.428999900817871,12.479999542236328,88620,0.0,0.0
2024-07-30 13:30:00-04:00,12.479999542236328,12.670000076293945,12.479999542236328,12.654999732971191,66999,0.0,0.0
2024-07-30 14:30:00-04:00,12.654999732971191,12.6850004196167,12.520000457763672,12.579999923706055,103825,0.0,0.0
2024-07-30 15:30:00-04:00,12.579999923706055,12.850000381469727,12.579999923706055,12.800000190734863,175873,0.0,0.0
2024-07-31 09:30:00-04:00,12.9399995803833,12.9399995803833,12.470000267028809,12.739999771118164,0,0.0,0.0
2024-07-31 10:30:00-04:00,12.725000381469727,12.949999809265137,12.65999984741211,12.949999809265137,54424,0.0,0.0
2024-07-31 11:30:00-04:00,12.949999809265137,13.210000038146973,12.949999809265137,13.164999961853027,42912,0.0,0.0
2024-07-31 12:30:00-04:00,13.149999618530273,13.170000076293945,12.859999656677246,12.859999656677246,80323,0.0,0.0
2024-07-31 13:30:00-04:00,12.859999656677246,13.0,12.789999961853027,12.819999694824219,33117,0.0,0.0
2024-07-31 14:30:00-04:00,12.8100004196167,13.289999961853027,12.8100004196167,12.930000305175781,110380,0.0,0.0
2024-07-31 15:30:00-04:00,12.920000076293945,12.979999542236328,12.850000381469727,12.890000343322754,104491,0.0,0.0
2024-08-01 09:30:00-04:00,12.869999885559082,13.410499572753906,12.329999923706055,12.399999618530273,610948,0.0,0.0
2024-08-01 10:30:00-04:00,12.39900016784668,12.789999961853027,12.380000114440918,12.699999809265137,101454,0.0,0.0
2024-08-01 11:30:00-04:00,12.680000305175781,12.819999694824219,12.489999771118164,12.5600004196167,103445,0.0,0.0
2024-08-01 12:30:00-04:00,12.529999732971191,12.539999961853027,12.399999618530273,12.484999656677246,117002,0.0,0.0
2024-08-01 13:30:00-04:00,12.470000267028809,12.649999618530273,12.350000381469727,12.609999656677246,129735,0.0,0.0
2024-08-01 14:30:00-04:00,12.600000381469727,12.729999542236328,12.489999771118164,12.71500015258789,176983,0.0,0.0
2024-08-01 15:30:00-04:00,12.720000267028809,12.760000228881836,12.569999694824219,12.630000114440918,277004,0.0,0.0
2024-08-02 09:30:00-04:00,12.529999732971191,12.777899742126465,12.119999885559082,12.354999542236328,142511,0.0,0.0
2024-08-02 10:30:00-04:00,12.350000381469727,12.449999809265137,12.204999923706055,12.260000228881836,83216,0.0,0.0
2024-08-02 11:30:00-04:00,12.300000190734863,12.449999809265137,12.300000190734863,12.40999984741211,103503,0.0,0.0
2024-08-02 12:30:00-04:00,12.414999961853027,12.550000190734863,12.350000381469727,12.545000076293945,107104,0.0,0.0
2024-08-02 13:30:00-04:00,12.529999732971191,12.720000267028809,12.430000305175781,12.5,109981,0.0,0.0
2024-08-02 14:30:00-04:00,12.510000228881836,12.609999656677246,12.475000381469727,12.520000457763672,126092,0.0,0.0
2024-08-02 15:30:00-04:00,12.529999732971191,12.630000114440918,12.470000267028809,12.510000228881836,199539,0.0,0.0
2024-08-05 09:30:00-04:00,11.78499984741211,12.029999732971191,11.5,11.800000190734863,123592,0.0,0.0
2024-08-05 10:30:00-04:00,11.859999656677246,11.975000381469727,11.680000305175781,11.819999694824219,80038,0.0,0.0
2024-08-05 11:30:00-04:00,11.75,12.039999961853027,11.710000038146973,12.039999961853027,63874,0.0,0.0
2024-08-05 12:30:00-04:00,12.050000190734863,12.050000190734863,11.59000015258789,11.699999809265137,78289,0.0,0.0
2024-08-05 13:30:00-04:00,11.694999694824219,11.920000076293945,11.680000305175781,11.920000076293945,46331,0.0,0.0
2024-08-05 14:30:00-04:00,11.922499656677246,11.930000305175781,11.800000190734863,11.84000015258789,82101,0.0,0.0
2024-08-05 15:30:00-04:00,11.850000381469727,12.010000228881836,11.835000038146973,11.970000267028809,173220,0.0,0.0
2024-08-06 09:30:00-04:00,11.899999618530273,12.020000457763672,11.75,11.779999732971191,56447,0.0,0.0
2024-08-06 10:30:00-04:00,11.755000114440918,12.039999961853027,11.744999885559082,11.880000114440918,56020,0.0,0.0
2024-08-06 11:30:00-04:00,11.880000114440918,11.979999542236328,11.880000114440918,11.979999542236328,34759,0.0,0.0
2024-08-06 12:30:00-04:00,11.989999771118164,12.069999694824219,11.890000343322754,12.005000114440918,36835,0.0,0.0
2024-08-06 13:30:00-04:00,12.020000457763672,12.210000038146973,11.984999656677246,12.119999885559082,37676,0.0,0.0
2024-08-06 14:30:00-04:00,12.104000091552734,12.119999885559082,11.979999542236328,12.03499984741211,74139,0.0,0.0
2024-08-06 15:30:00-04:00,12.050000190734863,12.130000114440918,11.9399995803833,12.020000457763672,115747,0.0,0.0
2024-08-07 09:30:00-04:00,11.949999809265137,12.100000381469727,11.600000381469727,11.824999809265137,34551,0.0,0.0
2024-08-07 10:30:00-04:00,11.824999809265137,12.029999732971191,11.800000190734863,11.800000190734863,32174,0.0,0.0
2024-08-07 11:30:00-04:00,11.800000190734863,11.920000076293945,11.800000190734863,11.880000114440918,67862,0.0,0.0
2024-08-07 12:30:00-04:00,11.880000114440918,11.890000343322754,11.710000038146973,11.8149995803833,118925,0.0,0.0
2024-08-07 13:30:00-04:00,11.819999694824219,11.890000343322754,11.6899995803833,11.805000305175781,78108,0.0,0.0
2024-08-07 14:30:00-04:00,11.789999961853027,11.869999885559082,11.739999771118164,11.829999923706055,96905,0.0,0.0
2024-08-07 15:30:00-04:00,11.829999923706055,11.845000267028809,11.6899995803833,11.789999961853027,253741,0.0,0.0
2024-08-08 09:30:00-04:00,11.979999542236328,12.130000114440918,11.5600004196167,11.805000305175781,45757,0.0,0.0
2024-08-08 10:30:00-04:00,11.805000305175781,12.0,11.545000076293945,11.710000038146973,129150,0.0,0.0
2024-08-08 11:30:00-04:00,11.760000228881836,11.760000228881836,11.619999885559082,11.630000114440918,41295,0.0,0.0
2024-08-08 12:30:00-04:00,11.649999618530273,11.680000305175781,11.404999732971191,11.510000228881836,77799,0.0,0.0
2024-08-08 13:30:00-04:00,11.520000457763672,11.619999885559082,11.390000343322754,11.399999618530273,56752,0.0,0.0
2024-08-08 14:30:00-04:00,11.390000343322754,11.449999809265137,11.239999771118164,11.239999771118164,72124,0.0,0.0
2024-08-08 15:30:00-04:00,11.239999771118164,11.300000190734863,11.09000015258789,11.270000457763672,198075,0.0,0.0
2024-08-09 09:30:00-04:00,11.199999809265137,11.345800399780273,11.015000343322754,11.25,29192,0.0,0.0
2024-08-09 10:30:00-04:00,11.239999771118164,11.489999771118164,11.175000190734863,11.279999732971191,42943,0.0,0.0
2024-08-09 11:30:00-04:00,11.279999732971191,11.3100004196167,11.020000457763672,11.149999618530273,32324,0.0,0.0
2024-08-09 12:30:00-04:00,11.180000305175781,11.350000381469727,11.135000228881836,11.329999923706055,20659,0.0,0.0
2024-08-09 13:30:00-04:00,11.335000038146973,11.380000114440918,11.1899995803833,11.229999542236328,28609,0.0,0.0
2024-08-09 14:30:00-04:00,11.210000038146973,11.21500015258789,11.109999656677246,11.15999984741211,33810,0.0,0.0
2024-08-09 15:30:00-04:00,11.15999984741211,11.260000228881836,11.119999885559082,11.239999771118164,64862,0.0,0.0
2024-08-12 09:30:00-04:00,11.270000457763672,11.295000076293945,10.90999984741211,10.930000305175781,30878,0.0,0.0
2024-08-12 10:30:00-04:00,10.899999618530273,11.100000381469727,10.779999732971191,10.975000381469727,43560,0.0,0.0
2024-08-12 11:30:00-04:00,10.975000381469727,11.020000457763672,10.9350004196167,10.989999771118164,30142,0.0,0.0
2024-08-12 12:30:00-04:00,10.970000267028809,11.390000343322754,10.970000267028809,11.390000343322754,53058,0.0,0.0
2024-08-12 13:30:00-04:00,11.399700164794922,11.449999809265137,11.130000114440918,11.199999809265137,19420,0.0,0.0
2024-08-12 14:30:00-04:00,11.220000267028809,11.220000267028809,11.079999923706055,11.100000381469727,36427,0.0,0.0
2024-08-12 15:30:00-04:00,11.100000381469727,11.180000305175781,11.079999923706055,11.180000305175781,73191,0.0,0.0
2024-08-13 09:30:00-04:00,11.319999694824219,11.550000190734863,11.109999656677246,11.154999732971191,42702,0.0,0.0
2024-08-13 10:30:00-04:00,11.149999618530273,11.579999923706055,11.079999923706055,11.5,34707,0.0,0.0
2024-08-13 11:30:00-04:00,11.460000038146973,11.579999923706055,11.4399995803833,11.479999542236328,30069,0.0,0.0
2024-08-13 12:30:00-04:00,11.5,11.609999656677246,11.479999542236328,11.489999771118164,23436,0.0,0.0
2024-08-13 13:30:00-04:00,11.470000267028809,11.5,11.414999961853027,11.454999923706055,31977,0.0,0.0
2024-08-13 14:30:00-04:00,11.4399995803833,11.479999542236328,11.220000267028809,11.279999732971191,67304,0.0,0.0
2024-08-13 15:30:00-04:00,11.260000228881836,11.350000381469727,11.229999542236328,11.300000190734863,94908,0.0,0.0
2024-08-14 09:30:00-04:00,11.380000114440918,11.380000114440918,10.875,11.027099609375,61358,0.0,0.0
2024-08-14 10:30:00-04:00,10.989999771118164,11.1850004196167,10.9399995803833,11.010000228881836,37230,0.0,0.0
2024-08-14 11:30:00-04:00,11.079999923706055,11.289999961853027,11.069999694824219,11.149999618530273,28327,0.0,0.0
2024-08-14 12:30:00-04:00,11.149999618530273,11.220000267028809,11.0,11.020000457763672,70003,0.0,0.0
2024-08-14 13:30:00-04:00,10.970000267028809,11.074999809265137,10.920000076293945,11.074999809265137,28950,0.0,0.0
2024-08-14 14:30:00-04:00,11.079999923706055,11.175000190734863,11.020000457763672,11.039999961853027,26097,0.0,0.0
2024-08-14 15:30:00-04:00,11.031999588012695,11.239999771118164,11.029999732971191,11.170000076293945,69125,0.0,0.0
2024-08-15 09:30:00-04:00,11.430000305175781,11.614999771118164,11.430000305175781,11.579999923706055,55207,0.0,0.0
2024-08-15 10:30:00-04:00,11.550000190734863,11.760000228881836,11.529999732971191,11.720000267028809,26065,0.0,0.0
2024-08-15 11:30:00-04:00,11.704999923706055,11.720000267028809,11.510100364685059,11.600000381469727,68725,0.0,0.0
2024-08-15 12:30:00-04:00,11.579999923706055,11.649999618530273,11.539999961853027,11.569999694824219,32533,0.0,0.0
2024-08-15 13:30:00-04:00,11.569999694824219,11.770000457763672,11.569999694824219,11.75,38122,0.0,0.0
2024-08-15 14:30:00-04:00,11.75,11.8100004196167,11.670000076293945,11.770000457763672,42922,0.0,0.0
2024-08-15 15:30:00-04:00,11.770000457763672,11.84000015258789,11.720000267028809,11.789999961853027,61355,0.0,0.0
2024-08-16 09:30:00-04:00,11.789999961853027,12.140000343322754,11.609999656677246,11.875,28449,0.0,0.0
2024-08-16 10:30:00-04:00,11.899999618530273,11.925000190734863,11.59000015258789,11.59000015258789,17384,0.0,0.0
2024-08-16 11:30:00-04:00,11.5600004196167,11.670000076293945,11.550000190734863,11.5649995803833,17953,0.0,0.0
2024-08-16 12:30:00-04:00,11.550000190734863,11.585000038146973,11.40999984741211,11.40999984741211,16627,0.0,0.0
2024-08-16 13:30:00-04:00,11.4399995803833,11.460000038146973,11.3100004196167,11.345000267028809,29433,0.0,0.0
2024-08-16 14:30:00-04:00,11.329999923706055,11.420000076293945,11.279999732971191,11.289999961853027,43589,0.0,0.0
2024-08-16 15:30:00-04:00,11.289999961853027,11.390000343322754,11.239999771118164,11.270000457763672,86062,0.0,0.0
2024-08-19 09:30:00-04:00,11.180000305175781,11.539999961853027,10.979999542236328,11.289999961853027,41788,0.0,0.0
2024-08-19 10:30:00-04:00,11.289999961853027,11.479999542236328,11.260000228881836,11.479999542236328,26658,0.0,0.0
2024-08-19 11:30:00-04:00,11.4399995803833,11.5,11.329999923706055,11.460000038146973,29907,0.0,0.0
2024-08-19 12:30:00-04:00,11.479999542236328,11.579999923706055,11.449999809265137,11.574999809265137,50668,0.0,0.0
2024-08-19 13:30:00-04:00,11.569999694824219,11.699999809265137,11.5600004196167,11.699999809265137,28610,0.0,0.0
2024-08-19 14:30:00-04:00,11.720000267028809,11.90999984741211,11.720000267028809,11.760000228881836,62304,0.0,0.0
2024-08-19 15:30:00-04:00,11.770000457763672,11.899999618530273,11.760000228881836,11.850000381469727,73262,0.0,0.0
2024-08-20 09:30:00-04:00,11.899999618530273,12.005000114440918,11.59000015258789,11.75,13636,0.0,0.0
2024-08-20 10:30:00-04:00,11.779999732971191,11.779999732971191,11.59000015258789,11.640000343322754,14975,0.0,0.0
2024-08-20 11:30:00-04:00,11.640000343322754,11.729999542236328,11.640000343322754,11.710000038146973,6482,0.0,0.0
2024-08-20 12:30:00-04:00,11.720000267028809,11.720000267028809,11.609999656677246,11.630000114440918,12012,0.0,0.0
2024-08-20 13:30:00-04:00,11.640000343322754,11.800000190734863,11.609999656677246,11.71500015258789,20164,0.0,0.0
2024-08-20 14:30:00-04:00,11.720000267028809,11.75,11.670000076293945,11.699999809265137,21762,0.0,0.0
2024-08-20 15:30:00-04:00,11.694999694824219,11.885000228881836,11.694999694824219,11.829999923706055,51265,0.0,0.0
2024-08-21 09:30:00-04:00,11.920000076293945,12.119999885559082,11.899999618530273,12.050000190734863,17663,0.0,0.0
2024-08-21 10:30:00-04:00,12.03499984741211,12.045000076293945,11.869999885559082,12.005000114440918,19001,0.0,0.0
2024-08-21 11:30:00-04:00,12.0,12.069999694824219,11.920000076293945,12.0,15537,0.0,0.0
2024-08-21 12:30:00-04:00,12.024999618530273,12.09000015258789,12.010000228881836,12.050000190734863,15546,0.0,0.0
2024-08-21 13:30:00-04:00,12.079999923706055,12.29990005493164,12.0649995803833,12.170000076293945,39334,0.0,0.0
2024-08-21 14:30:00-04:00,12.204999923706055,12.239899635314941,12.079999923706055,12.109999656677246,21632,0.0,0.0
2024-08-21 15:30:00-04:00,12.119999885559082,12.180000305175781,12.0600004196167,12.119999885559082,55426,0.0,0.0
2024-08-22 09:30:00-04:00,12.0,12.050000190734863,11.755000114440918,11.805000305175781,67156,0.0,0.0
2024-08-22 10:30:00-04:00,11.800000190734863,11.925000190734863,11.619999885559082,11.619999885559082,36511,0.0,0.0
2024-08-22 11:30:00-04:00,11.630000114440918,11.630000114440918,11.380000114440918,11.460000038146973,56629,0.0,0.0
2024-08-22 12:30:00-04:00,11.440699577331543,11.555000305175781,11.390000343322754,11.4399995803833,20447,0.0,0.0
2024-08-22 13:30:00-04:00,11.430000305175781,11.569999694824219,11.399999618530273,11.510000228881836,27565,0.0,0.0
2024-08-22 14:30:00-04:00,11.550000190734863,11.699999809265137,11.550000190734863,11.675000190734863,34148,0.0,0.0
2024-08-22 15:30:00-04:00,11.670000076293945,11.670000076293945,11.470000267028809,11.520000457763672,74257,0.0,0.0
2024-08-23 09:30:00-04:00,11.5,12.020000457763672,11.399999618530273,11.670000076293945,42018,0.0,0.0
2024-08-23 10:30:00-04:00,11.710000038146973,11.75,11.520000457763672,11.670000076293945,30184,0.0,0.0
2024-08-23 11:30:00-04:00,11.670000076293945,11.729999542236328,11.4399995803833,11.4399995803833,45940,0.0,0.0
2024-08-23 12:30:00-04:00,11.430000305175781,11.529999732971191,11.430000305175781,11.5,19964,0.0,0.0
2024-08-23 13:30:00-04:00,11.520000457763672,11.579999923706055,11.510000228881836,11.5649995803833,21468,0.0,0.0
2024-08-23 14:30:00-04:00,11.579999923706055,11.639200210571289,11.510000228881836,11.630000114440918,26223,0.0,0.0
2024-08-23 15:30:00-04:00,11.630000114440918,11.699999809265137,11.569999694824219,11.65999984741211,71187,0.0,0.0
2024-08-26 09:30:00-04:00,11.800000190734863,11.859999656677246,11.579999923706055,11.6850004196167,45971,0.0,0.0
2024-08-26 10:30:00-04:00,11.699999809265137,11.699999809265137,11.579999923706055,11.649999618530273,19824,0.0,0.0
2024-08-26 11:30:00-04:00,11.680999755859375,11.876199722290039,11.65999984741211,11.859999656677246,25214,0.0,0.0
2024-08-26 12:30:00-04:00,11.869999885559082,11.970000267028809,11.800000190734863,11.9399995803833,28183,0.0,0.0
2024-08-26 13:30:00-04:00,11.920000076293945,11.930000305175781,11.800000190734863,11.850000381469727,27993,0.0,0.0
2024-08-26 14:30:00-04:00,11.880000114440918,11.979999542236328,11.880000114440918,11.899999618530273,42489,0.0,0.0
2024-08-26 15:30:00-04:00,11.869999885559082,11.904999732971191,11.649999618530273,11.710000038146973,140909,0.0,0.0
2024-08-27 09:30:00-04:00,11.479999542236328,11.680000305175781,11.319999694824219,11.420000076293945,40601,0.0,0.0
2024-08-27 10:30:00-04:00,11.399999618530273,11.449999809265137,11.305000305175781,11.350000381469727,40483,0.0,0.0
2024-08-27 11:30:00-04:00,11.350000381469727,11.350000381469727,11.210000038146973,11.270000457763672,22679,0.0,0.0
2024-08-27 12:30:00-04:00,11.260000228881836,11.350000381469727,11.150099754333496,11.350000381469727,16835,0.0,0.0
2024-08-27 13:30:00-04:00,11.404999732971191,11.539999961853027,11.329999923706055,11.510000228881836,27134,0.0,0.0
2024-08-27 14:30:00-04:00,11.510000228881836,11.579999923706055,11.40999984741211,11.5600004196167,39670,0.0,0.0
2024-08-27 15:30:00-04:00,11.5600004196167,11.600000381469727,11.529999732971191,11.569999694824219,48276,0.0,0.0
2024-08-28 09:30:00-04:00,11.579999923706055,11.920000076293945,11.510000228881836,11.75,69308,0.0,0.0
2024-08-28 10:30:00-04:00,11.760000228881836,11.760000228881836,11.420000076293945,11.470000267028809,28324,0.0,0.0
2024-08-28 11:30:00-04:00,11.460000038146973,11.524999618530273,11.420000076293945,11.4399995803833,13429,0.0,0.0
2024-08-28 12:30:00-04:00,11.470000267028809,11.600000381469727,11.449999809265137,11.510000228881836,14565,0.0,0.0
2024-08-28 13:30:00-04:00,11.520000457763672,11.569999694824219,11.460000038146973,11.5600004196167,25597,0.0,0.0
2024-08-28 14:30:00-04:00,11.550000190734863,11.614999771118164,11.5,11.569999694824219,43265,0.0,0.0
2024-08-28 15:30:00-04:00,11.569999694824219,11.625,11.539999961853027,11.569999694824219,59792,0.0,0.0
2024-08-29 09:30:00-04:00,11.720000267028809,12.010000228881836,11.449999809265137,11.942500114440918,56646,0.0,0.0
2024-08-29 10:30:00-04:00,11.890000343322754,12.085000038146973,11.829999923706055,12.010000228881836,44327,0.0,0.0
2024-08-29 11:30:00-04:00,12.010000228881836,12.140000343322754,12.0,12.020000457763672,47237,0.0,0.0
2024-08-29 12:30:00-04:00,12.029999732971191,12.100000381469727,11.989999771118164,12.010000228881836,43819,0.0,0.0
2024-08-29 13:30:00-04:00,12.010000228881836,12.055000305175781,11.640000343322754,11.720000267028809,130305,0.0,0.0
2024-08-29 14:30:00-04:00,11.699999809265137,11.699999809265137,11.390000343322754,11.449999809265137,47922,0.0,0.0
2024-08-29 15:30:00-04:00,11.444999694824219,11.470000267028809,11.140000343322754,11.180000305175781,121048,0.0,0.0
2024-08-30 09:30:00-04:00,11.270000457763672,11.510000228881836,11.180000305175781,11.40999984741211,54060,0.0,0.0
2024-08-30 10:30:00-04:00,11.399999618530273,11.5600004196167,11.369999885559082,11.470000267028809,31093,0.0,0.0
2024-08-30 11:30:00-04:00,11.489999771118164,11.539999961853027,11.399999618530273,11.420000076293945,26103,0.0,0.0
2024-08-30 12:30:00-04:00,11.420000076293945,11.520000457763672,11.399999618530273,11.479999542236328,25045,0.0,0.0
2024-08-30 13:30:00-04:00,11.47599983215332,11.550000190734863,11.4399995803833,11.470000267028809,29071,0.0,0.0
2024-08-30 14:30:00-04:00,11.505000114440918,11.510000228881836,11.399999618530273,11.425000190734863,41165,0.0,0.0
2024-08-30 15:30:00-04:00,11.430000305175781,11.550000190734863,11.40999984741211,11.520000457763672,81408,0.0,0.0
2024-09-03 09:30:00-04:00,11.270000457763672,11.350000381469727,10.930000305175781,11.0649995803833,60732,0.0,0.0
2024-09-03 10:30:00-04:00,11.074999809265137,11.130000114440918,10.90999984741211,10.984999656677246,50531,0.0,0.0
2024-09-03 11:30:00-04:00,10.989999771118164,11.050000190734863,10.869999885559082,11.050000190734863,40782,0.0,0.0
2024-09-03 12:30:00-04:00,11.050000190734863,11.050000190734863,10.895000457763672,10.970000267028809,29412,0.0,0.0
2024-09-03 13:30:00-04:00,10.954999923706055,10.954999923706055,10.789999961853027,10.835000038146973,39273,0.0,0.0
2024-09-03 14:30:00-04:00,10.835000038146973,10.869999885559082,10.704999923706055,10.729999542236328,47715,0.0,0.0
2024-09-03 15:30:00-04:00,10.720000267028809,10.75,10.604999542236328,10.739999771118164,60240,0.0,0.0
2024-09-04 09:30:00-04:00,10.739999771118164,10.819999694824219,10.350000381469727,10.819999694824219,27355,0.0,0.0
2024-09-04 10:30:00-04:00,10.789999961853027,11.069999694824219,10.789999961853027,10.9399995803833,25010,0.0,0.0
2024-09-04 11:30:00-04:00,10.90999984741211,10.979999542236328,10.869999885559082,10.899999618530273,15844,0.0,0.0
2024-09-04 12:30:00-04:00,10.90999984741211,11.039999961853027,10.90999984741211,10.970000267028809,19886,0.0,0.0
2024-09-04 13:30:00-04:00,11.0,11.015000343322754,10.880000114440918,10.960000038146973,45222,0.0,0.0
2024-09-04 14:30:00-04:00,11.010000228881836,11.010000228881836,10.869999885559082,10.9399995803833,27472,0.0,0.0
2024-09-04 15:30:00-04:00,10.949999809265137,11.130000114440918,10.920000076293945,11.010000228881836,93147,0.0,0.0
2024-09-05 09:30:00-04:00,11.0600004196167,11.109999656677246,10.8100004196167,11.0,18837,0.0,0.0
2024-09-05 10:30:00-04:00,10.989999771118164,11.024999618530273,10.864999771118164,10.864999771118164,14503,0.0,0.0
2024-09-05 11:30:00-04:00,10.84000015258789,10.944999694824219,10.819999694824219,10.944999694824219,23647,0.0,0.0
2024-09-05 12:30:00-04:00,10.925000190734863,10.925000190734863,10.850000381469727,10.869999885559082,19190,0.0,0.0
2024-09-05 13:30:00-04:00,10.859999656677246,10.960000038146973,10.8100004196167,10.914999961853027,25233,0.0,0.0
2024-09-05 14:30:00-04:00,10.925000190734863,10.979999542236328,10.789999961853027,10.880000114440918,41815,0.0,0.0
2024-09-05 15:30:00-04:00,10.880000114440918,11.0,10.744999885559082,10.800000190734863,99456,0.0,0.0
2024-09-06 09:30:00-04:00,10.869999885559082,10.960000038146973,10.760000228881836,10.779999732971191,18932,0.0,0.0
2024-09-06 10:30:00-04:00,10.779999732971191,10.850000381469727,10.670000076293945,10.670000076293945,25480,0.0,0.0
2024-09-06 11:30:00-04:00,10.649999618530273,10.710000038146973,10.574999809265137,10.680000305175781,20381,0.0,0.0
2024-09-06 12:30:00-04:00,10.649999618530273,10.729999542236328,10.609999656677246,10.729999542236328,13878,0.0,0.0
2024-09-06 13:30:00-04:00,10.729999542236328,10.729999542236328,10.5,10.505000114440918,40575,0.0,0.0
2024-09-06 14:30:00-04:00,10.529999732971191,10.65999984741211,10.529999732971191,10.630000114440918,43780,0.0,0.0
2024-09-06 15:30:00-04:00,10.619999885559082,10.619999885559082,10.4399995803833,10.489999771118164,89194,0.0,0.0
2024-09-09 09:30:00-04:00,10.550000190734863,11.260000228881836,10.479999542236328,11.100000381469727,164558,0.0,0.0
2024-09-09 10:30:00-04:00,11.095000267028809,11.430000305175781,11.050000190734863,11.1899995803833,133615,0.0,0.0
2024-09-09 11:30:00-04:00,11.204999923706055,11.430000305175781,11.1899995803833,11.300000190734863,126561,0.0,0.0
2024-09-09 12:30:00-04:00,11.3100004196167,11.380000114440918,11.180000305175781,11.255000114440918,86832,0.0,0.0
2024-09-09 13:30:00-04:00,11.255000114440918,11.289999961853027,11.100000381469727,11.100000381469727,73901,0.0,0.0
2024-09-09 14:30:00-04:00,11.119999885559082,11.4399995803833,11.050000190734863,11.4399995803833,87705,0.0,0.0
2024-09-09 15:30:00-04:00,11.4399995803833,11.460000038146973,11.229999542236328,11.40999984741211,186564,0.0,0.0
2024-09-10 09:30:00-04:00,11.5,11.619999885559082,11.210000038146973,11.385000228881836,113701,0.0,0.0
2024-09-10 10:30:00-04:00,11.40999984741211,11.4399995803833,11.260000228881836,11.4399995803833,63926,0.0,0.0
2024-09-10 11:30:00-04:00,11.449999809265137,11.449999809265137,11.130000114440918,11.3100004196167,82074,0.0,0.0
2024-09-10 12:30:00-04:00,11.295000076293945,11.65999984741211,11.295000076293945,11.65999984741211,79677,0.0,0.0
2024-09-10 13:30:00-04:00,11.65999984741211,11.800000190734863,11.300000190734863,11.385000228881836,108994,0.0,0.0
2024-09-10 14:30:00-04:00,11.40999984741211,11.510000228881836,11.369999885559082,11.510000228881836,61094,0.0,0.0
2024-09-10 15:30:00-04:00,11.510000228881836,11.510000228881836,11.279999732971191,11.279999732971191,96278,0.0,0.0
2024-09-11 09:30:00-04:00,11.180000305175781,11.479999542236328,11.026599884033203,11.180000305175781,61479,0.0,0.0
2024-09-11 10:30:00-04:00,11.1850004196167,11.25,11.09000015258789,11.234999656677246,50267,0.0,0.0
2024-09-11 11:30:00-04:00,11.229999542236328,11.34000015258789,11.1899995803833,11.300000190734863,61786,0.0,0.0
2024-09-11 12:30:00-04:00,11.300600051879883,11.381400108337402,11.210000038146973,11.300000190734863,52451,0.0,0.0
2024-09-11 13:30:00-04:00,11.289999961853027,11.420000076293945,11.25,11.359999656677246,45472,0.0,0.0
2024-09-11 14:30:00-04:00,11.380000114440918,11.460000038146973,11.305000305175781,11.380000114440918,82707,0.0,0.0
2024-09-11 15:30:00-04:00,11.380000114440918,11.430000305175781,11.279999732971191,11.420000076293945,85126,0.0,0.0
2024-09-12 09:30:00-04:00,11.5,11.569999694824219,11.170000076293945,11.279999732971191,126378,0.0,0.0
2024-09-12 10:30:00-04:00,11.279999732971191,11.625,11.25,11.520000457763672,105376,0.0,0.0
2024-09-12 11:30:00-04:00,11.510000228881836,11.619999885559082,11.460000038146973,11.569999694824219,98791,0.0,0.0
2024-09-12 12:30:00-04:00,11.5600004196167,11.6899995803833,11.470000267028809,11.6850004196167,68776,0.0,0.0
2024-09-12 13:30:00-04:00,11.6899995803833,11.899999618530273,11.609999656677246,11.859999656677246,169075,0.0,0.0
2024-09-12 14:30:00-04:00,11.859999656677246,11.960000038146973,11.729999542236328,11.789999961853027,121800,0.0,0.0
2024-09-12 15:30:00-04:00,11.770000457763672,11.84000015258789,11.680000305175781,11.84000015258789,136378,0.0,0.0
2024-09-13 09:30:00-04:00,12.0,12.289999961853027,11.800000190734863,12.020000457763672,0,0.0,0.0
2024-09-13 10:30:00-04:00,12.0,12.300000190734863,11.989999771118164,12.239999771118164,78902,0.0,0.0
2024-09-13 11:30:00-04:00,12.25,12.460000038146973,12.210000038146973,12.350000381469727,102764,0.0,0.0
2024-09-13 12:30:00-04:00,12.350000381469727,12.399999618530273,12.279999732971191,12.319999694824219,76307,0.0,0.0
2024-09-13 13:30:00-04:00,12.319999694824219,12.390000343322754,12.229999542236328,12.239999771118164,65841,0.0,0.0
2024-09-13 14:30:00-04:00,12.239999771118164,12.331899642944336,12.199999809265137,12.244999885559082,72745,0.0,0.0
2024-09-13 15:30:00-04:00,12.25,12.25,12.020000457763672,12.024999618530273,149566,0.0,0.0
2024-09-16 09:30:00-04:00,11.979999542236328,12.399999618530273,11.971199989318848,12.095000267028809,121974,0.0,0.0
2024-09-16 10:30:00-04:00,12.09000015258789,12.140000343322754,11.779999732971191,11.9350004196167,93457,0.0,0.0
2024-09-16 11:30:00-04:00,11.9350004196167,12.029999732971191,11.90999984741211,11.90999984741211,61409,0.0,0.0
2024-09-16 12:30:00-04:00,11.880000114440918,11.920000076293945,11.729999542236328,11.920000076293945,69223,0.0,0.0
2024-09-16 13:30:00-04:00,11.920000076293945,11.984999656677246,11.880000114440918,11.970000267028809,64138,0.0,0.0
2024-09-16 14:30:00-04:00,11.970000267028809,12.010000228881836,11.829999923706055,11.880000114440918,73306,0.0,0.0
2024-09-16 15:30:00-04:00,11.859999656677246,11.989999771118164,11.850000381469727,11.9399995803833,136429,0.0,0.0
2024-09-17 09:30:00-04:00,12.079999923706055,12.100000381469727,11.600000381469727,11.680000305175781,85106,0.0,0.0
2024-09-17 10:30:00-04:00,11.71500015258789,12.039999961853027,11.621600151062012,12.0,95872,0.0,0.0
2024-09-17 11:30:00-04:00,12.0,12.079999923706055,11.65999984741211,11.729999542236328,78204,0.0,0.0
2024-09-17 12:30:00-04:00,11.710000038146973,11.829999923706055,11.609999656677246,11.75,85833,0.0,0.0
2024-09-17 13:30:00-04:00,11.720000267028809,11.75,11.635000228881836,11.739999771118164,74042,0.0,0.0
2024-09-17 14:30:00-04:00,11.739999771118164,11.760000228881836,11.640000343322754,11.6899995803833,91535,0.0,0.0
2024-09-17 15:30:00-04:00,11.6899995803833,11.78499984741211,11.65999984741211,11.739999771118164,114724,0.0,0.0
2024-09-18 09:30:00-04:00,11.729999542236328,12.203399658203125,11.729999542236328,12.170000076293945,0,0.0,0.0
2024-09-18 10:30:00-04:00,12.170000076293945,12.399999618530273,12.079999923706055,12.289999961853027,121443,0.0,0.0
2024-09-18 11:30:00-04:00,12.295000076293945,12.399999618530273,12.220000267028809,12.395000457763672,47107,0.0,0.0
2024-09-18 12:30:00-04:00,12.390000343322754,12.5,12.210000038146973,12.329999923706055,56642,0.0,0.0
2024-09-18 13:30:00-04:00,12.329999923706055,12.5,12.270000457763672,12.489999771118164,107240,0.0,0.0
2024-09-18 14:30:00-04:00,12.5,12.510000228881836,12.149999618530273,12.300000190734863,115562,0.0,0.0
2024-09-18 15:30:00-04:00,12.300000190734863,12.359999656677246,12.170000076293945,12.225000381469727,130923,0.0,0.0
2024-09-19 09:30:00-04:00,12.609999656677246,12.835000038146973,12.229999542236328,12.619999885559082,94035,0.0,0.0
2024-09-19 10:30:00-04:00,12.619999885559082,12.760000228881836,12.579999923706055,12.760000228881836,82408,0.0,0.0
2024-09-19 11:30:00-04:00,12.720000267028809,12.920000076293945,12.680000305175781,12.899999618530273,71002,0.0,0.0
2024-09-19 12:30:00-04:00,12.880000114440918,12.9399995803833,12.819999694824219,12.899999618530273,51154,0.0,0.0
2024-09-19 13:30:00-04:00,12.890000343322754,12.930000305175781,12.854999542236328,12.920000076293945,46641,0.0,0.0
2024-09-19 14:30:00-04:00,12.930000305175781,13.0,12.800000190734863,12.800000190734863,79243,0.0,0.0
2024-09-19 15:30:00-04:00,12.789999961853027,12.8100004196167,12.720000267028809,12.75,109873,0.0,0.0
2024-09-20 09:30:00-04:00,12.8100004196167,12.899999618530273,12.449999809265137,12.8149995803833,205653,0.0,0.0
2024-09-20 10:30:00-04:00,12.850000381469727,12.9399995803833,12.760000228881836,12.845000267028809,75345,0.0,0.0
2024-09-20 11:30:00-04:00,12.819999694824219,12.880000114440918,12.699999809265137,12.829999923706055,64248,0.0,0.0
2024-09-20 12:30:00-04:00,12.819999694824219,12.859999656677246,12.75,12.75,85514,0.0,0.0
2024-09-20 13:30:00-04:00,12.75,12.869999885559082,12.710000038146973,12.850000381469727,89793,0.0,0.0
2024-09-20 14:30:00-04:00,12.840999603271484,13.204999923706055,12.789999961853027,13.180000305175781,170966,0.0,0.0
2024-09-20 15:30:00-04:00,13.199999809265137,13.210000038146973,12.920000076293945,12.920000076293945,545170,0.0,0.0
2024-09-23 09:30:00-04:00,13.109999656677246,13.109999656677246,12.630000114440918,12.635000228881836,95593,0.0,0.0
2024-09-23 10:30:00-04:00,12.635000228881836,12.739999771118164,12.390000343322754,12.680000305175781,111237,0.0,0.0
2024-09-23 11:30:00-04:00,12.6899995803833,12.699999809265137,12.375,12.399999618530273,124712,0.0,0.0
2024-09-23 12:30:00-04:00,12.399999618530273,12.489999771118164,12.34000015258789,12.489999771118164,83775,0.0,0.0
2024-09-23 13:30:00-04:00,12.5,12.539999961853027,12.319999694824219,12.520000457763672,144241,0.0,0.0
2024-09-23 14:30:00-04:00,12.520000457763672,12.819999694824219,12.489999771118164,12.8100004196167,137745,0.0,0.0
2024-09-23 15:30:00-04:00,12.800000190734863,12.880000114440918,12.649999618530273,12.770000457763672,149063,0.0,0.0
2024-09-24 09:30:00-04:00,12.800000190734863,12.800000190734863,12.220000267028809,12.4399995803833,154492,0.0,0.0
2024-09-24 10:30:00-04:00,12.420000076293945,12.460000038146973,12.270000457763672,12.34000015258789,34431,0.0,0.0
2024-09-24 11:30:00-04:00,12.329999923706055,12.369999885559082,12.260000228881836,12.270000457763672,52857,0.0,0.0
2024-09-24 12:30:00-04:00,12.289999961853027,12.295000076293945,12.109999656677246,12.1899995803833,68050,0.0,0.0
2024-09-24 13:30:00-04:00,12.1850004196167,12.470000267028809,12.130000114440918,12.430000305175781,137353,0.0,0.0
2024-09-24 14:30:00-04:00,12.430000305175781,12.5,12.220000267028809,12.279999732971191,132125,0.0,0.0
2024-09-24 15:30:00-04:00,12.270000457763672,12.380000114440918,12.199999809265137,12.380000114440918,131727,0.0,0.0
2024-09-25 09:30:00-04:00,12.319999694824219,12.319999694824219,12.0,12.270000457763672,92057,0.0,0.0
2024-09-25 10:30:00-04:00,12.274999618530273,12.6899995803833,12.274999618530273,12.640000343322754,103645,0.0,0.0
2024-09-25 11:30:00-04:00,12.640000343322754,12.800000190734863,12.579999923706055,12.609999656677246,65861,0.0,0.0
2024-09-25 12:30:00-04:00,12.640000343322754,12.75,12.484999656677246,12.550000190734863,99338,0.0,0.0
2024-09-25 13:30:00-04:00,12.550000190734863,12.770000457763672,12.520000457763672,12.704999923706055,100673,0.0,0.0
2024-09-25 14:30:00-04:00,12.704999923706055,12.789999961853027,12.630000114440918,12.729999542236328,133529,0.0,0.0
2024-09-25 15:30:00-04:00,12.755000114440918,12.9399995803833,12.680000305175781,12.8100004196167,233608,0.0,0.0
2024-09-26 09:30:00-04:00,12.989999771118164,13.239999771118164,12.520000457763672,13.010000228881836,160377,0.0,0.0
2024-09-26 10:30:00-04:00,13.024999618530273,13.09000015258789,12.890000343322754,13.029999732971191,37622,0.0,0.0
2024-09-26 11:30:00-04:00,13.039999961853027,13.244999885559082,12.960000038146973,13.164999961853027,34188,0.0,0.0
2024-09-26 12:30:00-04:00,13.164999961853027,13.199999809265137,12.890000343322754,12.920000076293945,39830,0.0,0.0
2024-09-26 13:30:00-04:00,12.930000305175781,13.050000190734863,12.925000190734863,13.050000190734863,25126,0.0,0.0
2024-09-26 14:30:00-04:00,13.039999961853027,13.079999923706055,12.960000038146973,13.020000457763672,46806,0.0,0.0
2024-09-26 15:30:00-04:00,13.0,13.260000228881836,12.989999771118164,13.109999656677246,121430,0.0,0.0
2024-09-27 09:30:00-04:00,13.1899995803833,13.279999732971191,12.770000457763672,13.0,90227,0.0,0.0
2024-09-27 10:30:00-04:00,13.010000228881836,13.180000305175781,13.010000228881836,13.180000305175781,63083,0.0,0.0
2024-09-27 11:30:00-04:00,13.1899995803833,13.260000228881836,13.15999984741211,13.25,58357,0.0,0.0
2024-09-27 12:30:00-04:00,13.25,13.390000343322754,13.25,13.390000343322754,31838,0.0,0.0
2024-09-27 13:30:00-04:00,13.40999984741211,13.40999984741211,13.199999809265137,13.25,45410,0.0,0.0
2024-09-27 14:30:00-04:00,13.244999885559082,13.4399995803833,13.220000267028809,13.239999771118164,88696,0.0,0.0
2024-09-27 15:30:00-04:00,13.270000457763672,13.279999732971191,12.880000114440918,12.899999618530273,365903,0.0,0.0
2024-09-30 09:30:00-04:00,12.75,13.135000228881836,12.650099754333496,13.0600004196167,211683,0.0,0.0
2024-09-30 10:30:00-04:00,13.079999923706055,13.25,13.015000343322754,13.180000305175781,70967,0.0,0.0
2024-09-30 11:30:00-04:00,13.15999984741211,13.34000015258789,13.130000114440918,13.260000228881836,187809,0.0,0.0
2024-09-30 12:30:00-04:00,13.25,13.279999732971191,13.15999984741211,13.175000190734863,62385,0.0,0.0
2024-09-30 13:30:00-04:00,13.175000190734863,13.210000038146973,12.989999771118164,13.005000114440918,57790,0.0,0.0
2024-09-30 14:30:00-04:00,13.0,13.100000381469727,12.920000076293945,12.991000175476074,92093,0.0,0.0
2024-09-30 15:30:00-04:00,12.989999771118164,13.25,12.920999526977539,13.220000267028809,281512,0.0,0.0
2024-10-01 09:30:00-04:00,13.770000457763672,13.81760025024414,13.100899696350098,13.25,163012,0.0,0.0
2024-10-01 10:30:00-04:00,13.260000228881836,13.520000457763672,13.180000305175781,13.390000343322754,103504,0.0,0.0
2024-10-01 11:30:00-04:00,13.369999885559082,13.5600004196167,13.359999656677246,13.479999542236328,137459,0.0,0.0
2024-10-01 12:30:00-04:00,13.449999809265137,13.531999588012695,13.1899995803833,13.1899995803833,39912,0.0,0.0
2024-10-01 13:30:00-04:00,13.199999809265137,13.475000381469727,13.199999809265137,13.4399995803833,100787,0.0,0.0
2024-10-01 14:30:00-04:00,13.399999618530273,13.449999809265137,13.255000114440918,13.428000450134277,101228,0.0,0.0
2024-10-01 15:30:00-04:00,13.420000076293945,13.5600004196167,13.399999618530273,13.505000114440918,158926,0.0,0.0
2024-10-02 09:30:00-04:00,13.119999885559082,13.4399995803833,12.800000190734863,13.430000305175781,59046,0.0,0.0
2024-10-02 10:30:00-04:00,13.420000076293945,13.649999618530273,13.350000381469727,13.385000228881836,60856,0.0,0.0
2024-10-02 11:30:00-04:00,13.380000114440918,13.654999732971191,13.380000114440918,13.609999656677246,57571,0.0,0.0
2024-10-02 12:30:00-04:00,13.595000267028809,13.6899995803833,13.595000267028809,13.654999732971191,72189,0.0,0.0
2024-10-02 13:30:00-04:00,13.649999618530273,13.90999984741211,13.640000343322754,13.84000015258789,85626,0.0,0.0
2024-10-02 14:30:00-04:00,13.850000381469727,13.989999771118164,13.819999694824219,13.899999618530273,85176,0.0,0.0
2024-10-02 15:30:00-04:00,13.899999618530273,14.130000114440918,13.899999618530273,13.949999809265137,156104,0.0,0.0
2024-10-03 09:30:00-04:00,13.819999694824219,14.0,13.640000343322754,13.779999732971191,43537,0.0,0.0
2024-10-03 10:30:00-04:00,13.770000457763672,13.819999694824219,13.449999809265137,13.5600004196167,56843,0.0,0.0
2024-10-03 11:30:00-04:00,13.5600004196167,13.739999771118164,13.550000190734863,13.692500114440918,29531,0.0,0.0
2024-10-03 12:30:00-04:00,13.649999618530273,13.75,13.569999694824219,13.569999694824219,55838,0.0,0.0
2024-10-03 13:30:00-04:00,13.520999908447266,13.710000038146973,13.510100364685059,13.6850004196167,48145,0.0,0.0
2024-10-03 14:30:00-04:00,13.680000305175781,13.680000305175781,13.550000190734863,13.555000305175781,72547,0.0,0.0
2024-10-03 15:30:00-04:00,13.555000305175781,13.630000114440918,13.484999656677246,13.539999961853027,119931,0.0,0.0
2024-10-04 09:30:00-04:00,13.779999732971191,14.149999618530273,13.675000190734863,13.8100004196167,83295,0.0,0.0
2024-10-04 10:30:00-04:00,13.774999618530273,14.279999732971191,13.729999542236328,14.079999923706055,36249,0.0,0.0
2024-10-04 11:30:00-04:00,14.09000015258789,14.444999694824219,14.09000015258789,14.40999984741211,46223,0.0,0.0
2024-10-04 12:30:00-04:00,14.413000106811523,14.579999923706055,14.34000015258789,14.52649974822998,76506,0.0,0.0
2024-10-04 13:30:00-04:00,14.529999732971191,14.59000015258789,14.345000267028809,14.559800148010254,69996,0.0,0.0
2024-10-04 14:30:00-04:00,14.550000190734863,14.699999809265137,14.460000038146973,14.694999694824219,61371,0.0,0.0
2024-10-04 15:30:00-04:00,14.680000305175781,14.949999809265137,14.670000076293945,14.755000114440918,170915,0.0,0.0
2024-10-07 09:30:00-04:00,14.720000267028809,14.949999809265137,13.925000190734863,14.265000343322754,178538,0.0,0.0
2024-10-07 10:30:00-04:00,14.265000343322754,14.265000343322754,13.880000114440918,14.069999694824219,120493,0.0,0.0
2024-10-07 11:30:00-04:00,14.069999694824219,14.09000015258789,13.994999885559082,14.050000190734863,88876,0.0,0.0
2024-10-07 12:30:00-04:00,14.0600004196167,14.079999923706055,13.9399995803833,14.0,124130,0.0,0.0
2024-10-07 13:30:00-04:00,14.010000228881836,14.350000381469727,14.0,14.210000038146973,70757,0.0,0.0
2024-10-07 14:30:00-04:00,14.202500343322754,14.529999732971191,14.140000343322754,14.454999923706055,109287,0.0,0.0
2024-10-07 15:30:00-04:00,14.470000267028809,14.59000015258789,14.399999618530273,14.5600004196167,120996,0.0,0.0
2024-10-08 09:30:00-04:00,14.5600004196167,14.850000381469727,14.274999618530273,14.734999656677246,115023,0.0,0.0
2024-10-08 10:30:00-04:00,14.710000038146973,15.0,14.630000114440918,14.835000038146973,171870,0.0,0.0
2024-10-08 11:30:00-04:00,14.859999656677246,14.90999984741211,14.6899995803833,14.6899995803833,136177,0.0,0.0
2024-10-08 12:30:00-04:00,14.6899995803833,14.800000190734863,14.579999923706055,14.774999618530273,91928,0.0,0.0
2024-10-08 13:30:00-04:00,14.770000457763672,14.800000190734863,14.539999961853027,14.664999961853027,195969,0.0,0.0
2024-10-08 14:30:00-04:00,14.65999984741211,14.6899995803833,14.380000114440918,14.619999885559082,283966,0.0,0.0
2024-10-08 15:30:00-04:00,14.619999885559082,14.779999732971191,14.595000267028809,14.739999771118164,271807,0.0,0.0
2024-10-09 09:30:00-04:00,14.770000457763672,14.890000343322754,14.5649995803833,14.84000015258789,57668,0.0,0.0
2024-10-09 10:30:00-04:00,14.8100004196167,15.079999923706055,14.800000190734863,14.8100004196167,258462,0.0,0.0
2024-10-09 11:30:00-04:00,14.800000190734863,14.805000305175781,14.300000190734863,14.34000015258789,95452,0.0,0.0
2024-10-09 12:30:00-04:00,14.354999542236328,14.364999771118164,14.039999961853027,14.279999732971191,103229,0.0,0.0
2024-10-09 13:30:00-04:00,14.25,14.375,14.210000038146973,14.289999961853027,74735,0.0,0.0
2024-10-09 14:30:00-04:00,14.279999732971191,14.4399995803833,14.25,14.359999656677246,115424,0.0,0.0
2024-10-09 15:30:00-04:00,14.354999542236328,14.4399995803833,14.289999961853027,14.3100004196167,174044,0.0,0.0
2024-10-10 09:30:00-04:00,14.079999923706055,14.170000076293945,13.75,14.100000381469727,38908,0.0,0.0
2024-10-10 10:30:00-04:00,14.109999656677246,14.350000381469727,13.989999771118164,14.239999771118164,60975,0.0,0.0
2024-10-10 11:30:00-04:00,14.220000267028809,14.354999542236328,14.1899995803833,14.300000190734863,43880,0.0,0.0
2024-10-10 12:30:00-04:00,14.3100004196167,14.319999694824219,14.175000190734863,14.220000267028809,44758,0.0,0.0
2024-10-10 13:30:00-04:00,14.229999542236328,14.949999809265137,14.229999542236328,14.885000228881836,219101,0.0,0.0
2024-10-10 14:30:00-04:00,14.869999885559082,15.989999771118164,14.795000076293945,15.470000267028809,703125,0.0,0.0
2024-10-10 15:30:00-04:00,15.470000267028809,15.755000114440918,15.225000381469727,15.40999984741211,313556,0.0,0.0
2024-10-11 09:30:00-04:00,15.319999694824219,15.699999809265137,15.260000228881836,15.550000190734863,107150,0.0,0.0
2024-10-11 10:30:00-04:00,15.520000457763672,15.739999771118164,15.40999984741211,15.579999923706055,139622,0.0,0.0
2024-10-11 11:30:00-04:00,15.585000038146973,15.850000381469727,15.585000038146973,15.819999694824219,66642,0.0,0.0
2024-10-11 12:30:00-04:00,15.829899787902832,15.899999618530273,15.265000343322754,15.399999618530273,202069,0.0,0.0
2024-10-11 13:30:00-04:00,15.40999984741211,15.579999923706055,15.359999656677246,15.5,112953,0.0,0.0
2024-10-11 14:30:00-04:00,15.520000457763672,15.699999809265137,15.470000267028809,15.470000267028809,116133,0.0,0.0
2024-10-11 15:30:00-04:00,15.489999771118164,15.704999923706055,15.350000381469727,15.510000228881836,206112,0.0,0.0
2024-10-14 09:30:00-04:00,15.140000343322754,16.0,15.140000343322754,15.960000038146973,122563,0.0,0.0
2024-10-14 10:30:00-04:00,16.0,16.15999984741211,15.720000267028809,15.9399995803833,174048,0.0,0.0
2024-10-14 11:30:00-04:00,15.875,16.014999389648438,15.710000038146973,15.9399995803833,150698,0.0,0.0
2024-10-14 12:30:00-04:00,15.979999542236328,16.075000762939453,15.789999961853027,15.850000381469727,151416,0.0,0.0
2024-10-14 13:30:00-04:00,15.859999656677246,15.949999809265137,15.5600004196167,15.75,200348,0.0,0.0
2024-10-14 14:30:00-04:00,15.75,15.800000190734863,15.5600004196167,15.680999755859375,264878,0.0,0.0
2024-10-14 15:30:00-04:00,15.680000305175781,15.729999542236328,15.5600004196167,15.59000015258789,258300,0.0,0.0
2024-10-15 09:30:00-04:00,15.420000076293945,15.916199684143066,15.0,15.739999771118164,230828,0.0,0.0
2024-10-15 10:30:00-04:00,15.770000457763672,15.949999809265137,15.59000015258789,15.914999961853027,245501,0.0,0.0
2024-10-15 11:30:00-04:00,15.920000076293945,16.200000762939453,15.920000076293945,16.100000381469727,92123,0.0,0.0
2024-10-15 12:30:00-04:00,16.104999542236328,16.15999984741211,15.989999771118164,16.139999389648438,141806,0.0,0.0
2024-10-15 13:30:00-04:00,16.1200008392334,16.299999237060547,16.100000381469727,16.219999313354492,180868,0.0,0.0
2024-10-15 14:30:00-04:00,16.21500015258789,16.450000762939453,16.15999984741211,16.350000381469727,292322,0.0,0.0
2024-10-15 15:30:00-04:00,16.329999923706055,16.399999618530273,15.960000038146973,16.09000015258789,397017,0.0,0.0
2024-10-16 09:30:00-04:00,16.110000610351562,16.649999618530273,16.110000610351562,16.325000762939453,954053,0.0,0.0
2024-10-16 10:30:00-04:00,16.309999465942383,16.579999923706055,16.270000457763672,16.530000686645508,105777,0.0,0.0
2024-10-16 11:30:00-04:00,16.489999771118164,16.579999923706055,16.31999969482422,16.46500015258789,96669,0.0,0.0
2024-10-16 12:30:00-04:00,16.450000762939453,16.520000457763672,16.3799991607666,16.440000534057617,170034,0.0,0.0
2024-10-16 13:30:00-04:00,16.44499969482422,16.649999618530273,16.440000534057617,16.565000534057617,123125,0.0,0.0
2024-10-16 14:30:00-04:00,16.540000915527344,16.6200008392334,16.434999465942383,16.440000534057617,113995,0.0,0.0
2024-10-16 15:30:00-04:00,16.44499969482422,16.729999542236328,16.44499969482422,16.649999618530273,324065,0.0,0.0
2024-10-17 09:30:00-04:00,16.670000076293945,17.100000381469727,16.670000076293945,16.764999389648438,150625,0.0,0.0
2024-10-17 10:30:00-04:00,16.684999465942383,16.75,16.549999237060547,16.65999984741211,110276,0.0,0.0
2024-10-17 11:30:00-04:00,16.670000076293945,16.670000076293945,16.3700008392334,16.579999923706055,96118,0.0,0.0
2024-10-17 12:30:00-04:00,16.559999465942383,16.649999618530273,16.540000915527344,16.575000762939453,76262,0.0,0.0
2024-10-17 13:30:00-04:00,16.600000381469727,16.809999465942383,16.579999923706055,16.739999771118164,139622,0.0,0.0
2024-10-17 14:30:00-04:00,16.729999542236328,16.920000076293945,16.690000534057617,16.799999237060547,72438,0.0,0.0
2024-10-17 15:30:00-04:00,16.84000015258789,17.020000457763672,16.760000228881836,16.940000534057617,237067,0.0,0.0
2024-10-18 09:30:00-04:00,17.0,17.173500061035156,16.850000381469727,17.09000015258789,199831,0.0,0.0
2024-10-18 10:30:00-04:00,17.084999084472656,17.184999465942383,16.94499969482422,16.98240089416504,82951,0.0,0.0
2024-10-18 11:30:00-04:00,16.975000381469727,17.059999465942383,16.825000762939453,16.950000762939453,62393,0.0,0.0
2024-10-18 12:30:00-04:00,16.94499969482422,17.110000610351562,16.905000686645508,17.040000915527344,783202,0.0,0.0
2024-10-18 13:30:00-04:00,17.049999237060547,17.06999969482422,16.950000762939453,17.040000915527344,355838,0.0,0.0
2024-10-18 14:30:00-04:00,17.049999237060547,17.049999237060547,16.43000030517578,16.549999237060547,128483,0.0,0.0
2024-10-18 15:30:00-04:00,16.549999237060547,16.639999389648438,16.469999313354492,16.479999542236328,195565,0.0,0.0
