Datetime,Open,High,Low,Close,Volume,Dividends,Stock Splits
2022-10-20 13:30:00-04:00,10.15999984741211,10.15999984741211,10.15999984741211,10.15999984741211,0,0.0,0.0
2022-10-20 15:30:00-04:00,10.15999984741211,10.180000305175781,10.15999984741211,10.180000305175781,3822,0.0,0.0
2022-10-21 10:30:00-04:00,10.170000076293945,10.170000076293945,10.170000076293945,10.170000076293945,0,0.0,0.0
2022-10-24 10:30:00-04:00,10.170000076293945,10.170000076293945,10.170000076293945,10.170000076293945,0,0.0,0.0
2022-10-24 12:30:00-04:00,10.1899995803833,10.190099716186523,10.180000305175781,10.180000305175781,2605,0.0,0.0
2022-10-24 15:30:00-04:00,10.1899995803833,10.199999809265137,10.1899995803833,10.199999809265137,2033,0.0,0.0
2022-10-25 14:30:00-04:00,10.180000305175781,10.180000305175781,10.180000305175781,10.180000305175781,2400,0.0,0.0
2022-10-25 15:30:00-04:00,10.180000305175781,10.180000305175781,10.180000305175781,10.180000305175781,5311,0.0,0.0
2022-10-27 13:30:00-04:00,10.1899995803833,10.1899995803833,10.1899995803833,10.1899995803833,0,0.0,0.0
2022-10-31 09:30:00-04:00,10.180000305175781,10.180000305175781,10.180000305175781,10.180000305175781,0,0.0,0.0
2022-10-31 10:30:00-04:00,10.1850004196167,10.1899995803833,10.1850004196167,10.1899995803833,81608,0.0,0.0
2022-11-01 12:30:00-04:00,10.1850004196167,10.1899995803833,10.180000305175781,10.1899995803833,28192,0.0,0.0
2022-11-01 13:30:00-04:00,10.194999694824219,10.194999694824219,10.1899995803833,10.1899995803833,45372,0.0,0.0
2022-11-04 10:30:00-04:00,10.210000038146973,10.210000038146973,10.210000038146973,10.210000038146973,8500,0.0,0.0
2022-11-09 09:30:00-05:00,10.210000038146973,10.210000038146973,10.210000038146973,10.210000038146973,0,0.0,0.0
2022-11-10 09:30:00-05:00,10.210000038146973,10.210000038146973,10.210000038146973,10.210000038146973,50,0.0,0.0
2022-11-14 09:30:00-05:00,10.210000038146973,10.210000038146973,10.210000038146973,10.210000038146973,0,0.0,0.0
2022-11-15 15:30:00-05:00,10.220000267028809,10.220000267028809,10.220000267028809,10.220000267028809,114,0.0,0.0
2022-11-16 14:30:00-05:00,10.234999656677246,10.234999656677246,10.234999656677246,10.234999656677246,111,0.0,0.0
2022-11-16 15:30:00-05:00,10.229999542236328,10.229999542236328,10.229999542236328,10.229999542236328,100,0.0,0.0
2022-11-17 10:30:00-05:00,10.234999656677246,10.239999771118164,10.234999656677246,10.239999771118164,43371,0.0,0.0
2022-11-17 11:30:00-05:00,10.239999771118164,10.239999771118164,10.239999771118164,10.239999771118164,2355,0.0,0.0
2022-11-17 12:30:00-05:00,10.239999771118164,10.239999771118164,10.239999771118164,10.239999771118164,2900,0.0,0.0
2022-11-17 14:30:00-05:00,10.239999771118164,10.239999771118164,10.229999542236328,10.239999771118164,101515,0.0,0.0
2022-11-17 15:30:00-05:00,10.239999771118164,10.239999771118164,10.239999771118164,10.239999771118164,200,0.0,0.0
2022-11-18 09:30:00-05:00,10.239999771118164,10.239999771118164,10.239999771118164,10.239999771118164,0,0.0,0.0
2022-11-21 09:30:00-05:00,10.300000190734863,10.300000190734863,10.300000190734863,10.300000190734863,0,0.0,0.0
2022-11-22 14:30:00-05:00,10.239999771118164,10.239999771118164,10.239999771118164,10.239999771118164,119,0.0,0.0
2022-11-22 15:30:00-05:00,10.25,10.25,10.25,10.25,100,0.0,0.0
2022-11-29 09:30:00-05:00,10.25,10.25,10.25,10.25,75,0.0,0.0
2022-11-30 15:30:00-05:00,10.25,10.25,10.25,10.25,151,0.0,0.0
2022-12-01 14:30:00-05:00,10.270000457763672,10.270000457763672,10.270000457763672,10.270000457763672,114,0.0,0.0
2022-12-01 15:30:00-05:00,10.270000457763672,10.270000457763672,10.270000457763672,10.270000457763672,102,0.0,0.0
2022-12-07 13:30:00-05:00,10.270000457763672,10.270000457763672,10.270000457763672,10.270000457763672,14183,0.0,0.0
2022-12-07 15:30:00-05:00,10.270000457763672,10.270000457763672,10.270000457763672,10.270000457763672,100,0.0,0.0
2022-12-08 09:30:00-05:00,10.279999732971191,10.289999961853027,10.270000457763672,10.270000457763672,0,0.0,0.0
2022-12-08 10:30:00-05:00,10.274999618530273,10.274999618530273,10.274999618530273,10.274999618530273,107,0.0,0.0
2022-12-08 11:30:00-05:00,10.274999618530273,10.274999618530273,10.274999618530273,10.274999618530273,100,0.0,0.0
2022-12-08 12:30:00-05:00,10.279999732971191,10.279999732971191,10.279999732971191,10.279999732971191,100,0.0,0.0
2022-12-08 13:30:00-05:00,10.279999732971191,10.279999732971191,10.279999732971191,10.279999732971191,100,0.0,0.0
2022-12-08 14:30:00-05:00,10.279999732971191,10.279999732971191,10.279999732971191,10.279999732971191,100,0.0,0.0
2022-12-08 15:30:00-05:00,10.279999732971191,10.279999732971191,10.279999732971191,10.279999732971191,0,0.0,0.0
2022-12-09 09:30:00-05:00,10.279999732971191,10.279999732971191,10.279999732971191,10.279999732971191,311,0.0,0.0
2022-12-09 15:30:00-05:00,10.279999732971191,10.279999732971191,10.279999732971191,10.279999732971191,100,0.0,0.0
2022-12-12 09:30:00-05:00,10.3100004196167,10.3100004196167,10.3100004196167,10.3100004196167,236,0.0,0.0
2022-12-13 09:30:00-05:00,10.289999961853027,10.289999961853027,10.289999961853027,10.289999961853027,1200,0.0,0.0
2022-12-13 10:30:00-05:00,10.28499984741211,10.28499984741211,10.28499984741211,10.28499984741211,239,0.0,0.0
2022-12-14 12:30:00-05:00,10.289999961853027,10.289999961853027,10.289999961853027,10.289999961853027,7761,0.0,0.0
2022-12-14 13:30:00-05:00,10.28499984741211,10.28499984741211,10.28499984741211,10.28499984741211,200,0.0,0.0
2022-12-14 14:30:00-05:00,10.28499984741211,10.28499984741211,10.28499984741211,10.28499984741211,300,0.0,0.0
2022-12-14 15:30:00-05:00,10.28499984741211,10.28499984741211,10.28499984741211,10.28499984741211,200,0.0,0.0
2022-12-15 11:30:00-05:00,10.289999961853027,10.289999961853027,10.289999961853027,10.289999961853027,47761,0.0,0.0
2022-12-15 12:30:00-05:00,10.289999961853027,10.289999961853027,10.289999961853027,10.289999961853027,219,0.0,0.0
2022-12-15 13:30:00-05:00,10.289999961853027,10.289999961853027,10.289999961853027,10.289999961853027,100,0.0,0.0
2022-12-15 14:30:00-05:00,10.289999961853027,10.289999961853027,10.289999961853027,10.289999961853027,200,0.0,0.0
2022-12-15 15:30:00-05:00,10.289999961853027,10.289999961853027,10.289999961853027,10.289999961853027,200,0.0,0.0
2022-12-19 13:30:00-05:00,10.319999694824219,10.319999694824219,10.319999694824219,10.319999694824219,243,0.0,0.0
2022-12-20 09:30:00-05:00,10.319999694824219,10.319999694824219,10.3100004196167,10.3100004196167,1776,0.0,0.0
2022-12-22 09:30:00-05:00,10.300000190734863,10.3100004196167,10.300000190734863,10.3100004196167,0,0.0,0.0
2022-12-22 10:30:00-05:00,10.305000305175781,10.305000305175781,10.305000305175781,10.305000305175781,103,0.0,0.0
2022-12-27 12:30:00-05:00,10.3100004196167,10.3100004196167,10.3100004196167,10.3100004196167,18475,0.0,0.0
2022-12-27 14:30:00-05:00,10.3100004196167,10.3100004196167,10.3100004196167,10.3100004196167,100,0.0,0.0
2022-12-27 15:30:00-05:00,10.3100004196167,10.3100004196167,10.3100004196167,10.3100004196167,200,0.0,0.0
2022-12-28 09:30:00-05:00,10.319999694824219,10.350000381469727,10.319999694824219,10.350000381469727,89700,0.0,0.0
2022-12-28 10:30:00-05:00,10.329999923706055,10.329999923706055,10.329999923706055,10.329999923706055,400,0.0,0.0
2022-12-28 11:30:00-05:00,10.329999923706055,10.329999923706055,10.329999923706055,10.329999923706055,411,0.0,0.0
2022-12-28 12:30:00-05:00,10.329999923706055,10.329999923706055,10.329999923706055,10.329999923706055,6527,0.0,0.0
2022-12-28 13:30:00-05:00,10.329999923706055,10.329999923706055,10.329999923706055,10.329999923706055,300,0.0,0.0
2022-12-28 14:30:00-05:00,10.329999923706055,10.329999923706055,10.329999923706055,10.329999923706055,500,0.0,0.0
2022-12-28 15:30:00-05:00,10.329999923706055,10.329999923706055,10.329999923706055,10.329999923706055,600,0.0,0.0
2022-12-29 09:30:00-05:00,10.329999923706055,10.329999923706055,10.329999923706055,10.329999923706055,0,0.0,0.0
2022-12-29 10:30:00-05:00,10.329999923706055,10.329999923706055,10.329999923706055,10.329999923706055,500,0.0,0.0
2022-12-29 11:30:00-05:00,10.329999923706055,10.329999923706055,10.329999923706055,10.329999923706055,400,0.0,0.0
2022-12-29 12:30:00-05:00,10.329999923706055,10.329999923706055,10.329999923706055,10.329999923706055,410,0.0,0.0
2022-12-29 13:30:00-05:00,10.329999923706055,10.329999923706055,10.329999923706055,10.329999923706055,300,0.0,0.0
2022-12-29 14:30:00-05:00,10.329999923706055,10.350000381469727,10.329999923706055,10.350000381469727,77415,0.0,0.0
2022-12-29 15:30:00-05:00,10.350000381469727,10.350000381469727,10.350000381469727,10.350000381469727,700,0.0,0.0
2022-12-30 12:30:00-05:00,10.329999923706055,10.329999923706055,10.329999923706055,10.329999923706055,400,0.0,0.0
2022-12-30 13:30:00-05:00,10.329999923706055,10.329999923706055,10.329999923706055,10.329999923706055,100,0.0,0.0
2023-01-04 09:30:00-05:00,10.34000015258789,10.34000015258789,10.335000038146973,10.335000038146973,0,0.0,0.0
2023-01-04 10:30:00-05:00,10.335000038146973,10.335000038146973,10.335000038146973,10.335000038146973,200,0.0,0.0
2023-01-04 11:30:00-05:00,10.335000038146973,10.335000038146973,10.335000038146973,10.335000038146973,100,0.0,0.0
2023-01-04 12:30:00-05:00,10.335000038146973,10.335000038146973,10.335000038146973,10.335000038146973,100,0.0,0.0
2023-01-04 13:30:00-05:00,10.335000038146973,10.335000038146973,10.335000038146973,10.335000038146973,100,0.0,0.0
2023-01-04 15:30:00-05:00,10.329999923706055,10.329999923706055,10.329999923706055,10.329999923706055,192,0.0,0.0
2023-01-05 10:30:00-05:00,10.329999923706055,10.329999923706055,10.329999923706055,10.329999923706055,4349,0.0,0.0
2023-01-05 14:30:00-05:00,10.359999656677246,10.359999656677246,10.359999656677246,10.359999656677246,140200,0.0,0.0
2023-01-05 15:30:00-05:00,10.359999656677246,10.359999656677246,10.350000381469727,10.350000381469727,12600,0.0,0.0
2023-01-06 10:30:00-05:00,10.359999656677246,10.359999656677246,10.359999656677246,10.359999656677246,0,0.0,0.0
2023-01-06 12:30:00-05:00,10.369999885559082,10.369999885559082,10.369999885559082,10.369999885559082,210000,0.0,0.0
2023-01-06 13:30:00-05:00,10.359999656677246,10.359999656677246,10.359999656677246,10.359999656677246,9451,0.0,0.0
2023-01-06 15:30:00-05:00,10.359999656677246,10.359999656677246,10.359999656677246,10.359999656677246,100,0.0,0.0
2023-01-10 12:30:00-05:00,10.364999771118164,10.369999885559082,10.364999771118164,10.369999885559082,1354566,0.0,0.0
2023-01-10 13:30:00-05:00,10.369999885559082,10.369999885559082,10.359999656677246,10.359999656677246,11967,0.0,0.0
2023-01-10 14:30:00-05:00,10.359999656677246,10.369999885559082,10.359999656677246,10.359999656677246,1701,0.0,0.0
2023-01-10 15:30:00-05:00,10.359999656677246,10.359999656677246,10.359999656677246,10.359999656677246,603,0.0,0.0
2023-01-11 09:30:00-05:00,10.359999656677246,10.359999656677246,10.359999656677246,10.359999656677246,0,0.0,0.0
2023-01-11 10:30:00-05:00,10.359999656677246,10.359999656677246,10.354999542236328,10.354999542236328,20700,0.0,0.0
2023-01-13 15:30:00-05:00,10.359999656677246,10.359999656677246,10.359999656677246,10.359999656677246,0,0.0,0.0
2023-01-17 09:30:00-05:00,10.479999542236328,10.479999542236328,10.479999542236328,10.479999542236328,0,0.0,0.0
2023-01-17 14:30:00-05:00,10.380000114440918,10.390000343322754,10.380000114440918,10.380000114440918,258807,0.0,0.0
2023-01-17 15:30:00-05:00,10.380000114440918,10.380000114440918,10.369999885559082,10.369999885559082,8882,0.0,0.0
2023-01-18 09:30:00-05:00,10.380000114440918,10.380000114440918,10.369999885559082,10.380000114440918,0,0.0,0.0
2023-01-18 10:30:00-05:00,10.380000114440918,10.380000114440918,10.380000114440918,10.380000114440918,80362,0.0,0.0
2023-01-18 11:30:00-05:00,10.380000114440918,10.380000114440918,10.380000114440918,10.380000114440918,105890,0.0,0.0
2023-01-18 12:30:00-05:00,10.389200210571289,10.389900207519531,10.388999938964844,10.388999938964844,5000,0.0,0.0
2023-01-18 13:30:00-05:00,10.385000228881836,10.390000343322754,10.380000114440918,10.390000343322754,19694,0.0,0.0
2023-01-18 14:30:00-05:00,10.380000114440918,10.385000228881836,10.380000114440918,10.380000114440918,28000,0.0,0.0
2023-01-18 15:30:00-05:00,10.385000228881836,10.390000343322754,10.380000114440918,10.380000114440918,23101,0.0,0.0
2023-01-20 15:30:00-05:00,10.390000343322754,10.390000343322754,10.390000343322754,10.390000343322754,100,0.0,0.0
2023-01-23 10:30:00-05:00,10.390000343322754,10.390000343322754,10.390000343322754,10.390000343322754,0,0.0,0.0
2023-01-23 12:30:00-05:00,10.390000343322754,10.390000343322754,10.390000343322754,10.390000343322754,13157,0.0,0.0
2023-01-23 14:30:00-05:00,10.385000228881836,10.385000228881836,10.385000228881836,10.385000228881836,400,0.0,0.0
2023-01-23 15:30:00-05:00,10.385000228881836,10.390000343322754,10.380000114440918,10.380000114440918,2126,0.0,0.0
2023-01-24 09:30:00-05:00,10.390000343322754,10.390000343322754,10.390000343322754,10.390000343322754,0,0.0,0.0
2023-01-24 10:30:00-05:00,10.380000114440918,10.395000457763672,10.380000114440918,10.390000343322754,28185,0.0,0.0
2023-01-24 14:30:00-05:00,10.390000343322754,10.390000343322754,10.390000343322754,10.390000343322754,33200,0.0,0.0
2023-01-25 15:30:00-05:00,10.399999618530273,10.399999618530273,10.399999618530273,10.399999618530273,150,0.0,0.0
2023-01-27 10:30:00-05:00,10.399999618530273,10.399999618530273,10.399999618530273,10.399999618530273,51790,0.0,0.0
2023-01-27 11:30:00-05:00,10.399999618530273,10.399999618530273,10.399999618530273,10.399999618530273,900,0.0,0.0
2023-01-30 09:30:00-05:00,10.40999984741211,10.40999984741211,10.40999984741211,10.40999984741211,0,0.0,0.0
2023-02-01 14:30:00-05:00,10.399999618530273,10.399999618530273,10.399999618530273,10.399999618530273,600,0.0,0.0
2023-02-02 09:30:00-05:00,10.404999732971191,10.40999984741211,10.404999732971191,10.40999984741211,24452,0.0,0.0
2023-02-02 10:30:00-05:00,10.420000076293945,10.420000076293945,10.420000076293945,10.420000076293945,116,0.0,0.0
2023-02-03 13:30:00-05:00,10.40999984741211,10.414999961853027,10.40999984741211,10.40999984741211,147754,0.0,0.0
2023-02-03 14:30:00-05:00,10.414999961853027,10.414999961853027,10.414999961853027,10.414999961853027,1358,0.0,0.0
2023-02-03 15:30:00-05:00,10.40999984741211,10.40999984741211,10.40999984741211,10.40999984741211,1708,0.0,0.0
2023-02-06 09:30:00-05:00,10.420000076293945,10.420000076293945,10.420000076293945,10.420000076293945,0,0.0,0.0
2023-02-06 13:30:00-05:00,10.40999984741211,10.40999984741211,10.40999984741211,10.40999984741211,1600,0.0,0.0
2023-02-06 14:30:00-05:00,10.40999984741211,10.40999984741211,10.40999984741211,10.40999984741211,8000,0.0,0.0
2023-02-06 15:30:00-05:00,10.40999984741211,10.40999984741211,10.40999984741211,10.40999984741211,43427,0.0,0.0
2023-02-07 11:30:00-05:00,10.420000076293945,10.420000076293945,10.414999961853027,10.414999961853027,1514,0.0,0.0
2023-02-08 15:30:00-05:00,10.40999984741211,10.414999961853027,10.40999984741211,10.40999984741211,8700,0.0,0.0
2023-02-09 10:30:00-05:00,10.420000076293945,10.420000076293945,10.420000076293945,10.420000076293945,0,0.0,0.0
2023-02-09 11:30:00-05:00,10.40999984741211,10.40999984741211,10.40999984741211,10.40999984741211,35000,0.0,0.0
2023-02-09 15:30:00-05:00,10.40999984741211,10.40999984741211,10.40999984741211,10.40999984741211,5213,0.0,0.0
2023-02-10 09:30:00-05:00,10.414999961853027,10.414999961853027,10.414999961853027,10.414999961853027,0,0.0,0.0
2023-02-10 12:30:00-05:00,10.420000076293945,10.420000076293945,10.420000076293945,10.420000076293945,7093,0.0,0.0
2023-02-10 13:30:00-05:00,10.420000076293945,10.420000076293945,10.420000076293945,10.420000076293945,0,0.0,0.0
2023-02-13 15:30:00-05:00,10.449999809265137,10.449999809265137,10.449999809265137,10.449999809265137,133,0.0,0.0
2023-02-16 09:30:00-05:00,10.4399995803833,10.4399995803833,10.4399995803833,10.4399995803833,797,0.0,0.0
2023-02-16 13:30:00-05:00,10.4399995803833,10.4399995803833,10.4399995803833,10.4399995803833,10809,0.0,0.0
2023-02-16 14:30:00-05:00,10.449999809265137,10.449999809265137,10.449999809265137,10.449999809265137,101,0.0,0.0
2023-02-16 15:30:00-05:00,10.4399995803833,10.444999694824219,10.4399995803833,10.4399995803833,4000,0.0,0.0
2023-02-17 09:30:00-05:00,10.4399995803833,10.4399995803833,10.4399995803833,10.4399995803833,0,0.0,0.0
2023-02-17 15:30:00-05:00,10.4399995803833,10.4399995803833,10.4399995803833,10.4399995803833,4800,0.0,0.0
2023-02-21 15:30:00-05:00,10.4399995803833,10.4399995803833,10.439900398254395,10.4399995803833,1758,0.0,0.0
2023-02-22 09:30:00-05:00,10.444999694824219,10.460000038146973,10.444999694824219,10.460000038146973,9418,0.0,0.0
2023-02-22 11:30:00-05:00,10.449999809265137,10.460000038146973,10.449999809265137,10.460000038146973,205,0.0,0.0
2023-02-22 12:30:00-05:00,10.449999809265137,10.449999809265137,10.449999809265137,10.449999809265137,100,0.0,0.0
2023-02-22 13:30:00-05:00,10.449999809265137,10.449999809265137,10.449999809265137,10.449999809265137,295,0.0,0.0
2023-02-22 15:30:00-05:00,10.460000038146973,10.460000038146973,10.460000038146973,10.460000038146973,100,0.0,0.0
2023-02-23 09:30:00-05:00,10.449999809265137,10.460000038146973,10.449999809265137,10.460000038146973,0,0.0,0.0
2023-02-23 11:30:00-05:00,10.460000038146973,10.460000038146973,10.460000038146973,10.460000038146973,186,0.0,0.0
2023-02-23 12:30:00-05:00,10.449999809265137,10.460000038146973,10.449999809265137,10.460000038146973,1343,0.0,0.0
2023-02-23 14:30:00-05:00,10.454999923706055,10.454999923706055,10.449999809265137,10.449999809265137,2475,0.0,0.0
2023-02-23 15:30:00-05:00,10.449999809265137,10.449999809265137,10.449999809265137,10.449999809265137,4055,0.0,0.0
2023-02-24 11:30:00-05:00,10.45009994506836,10.45009994506836,10.449999809265137,10.449999809265137,0,0.0,0.0
2023-02-24 15:30:00-05:00,10.450200080871582,10.450200080871582,10.450200080871582,10.450200080871582,100,0.0,0.0
2023-02-27 09:30:00-05:00,10.460000038146973,10.460000038146973,10.449999809265137,10.449999809265137,0,0.0,0.0
2023-02-27 11:30:00-05:00,10.460000038146973,10.460000038146973,10.460000038146973,10.460000038146973,42300,0.0,0.0
2023-02-27 12:30:00-05:00,10.460000038146973,10.460000038146973,10.460000038146973,10.460000038146973,101700,0.0,0.0
2023-02-28 09:30:00-05:00,10.460000038146973,10.460000038146973,10.460000038146973,10.460000038146973,0,0.0,0.0
2023-02-28 14:30:00-05:00,10.460000038146973,10.460000038146973,10.460000038146973,10.460000038146973,2600,0.0,0.0
2023-03-01 09:30:00-05:00,10.460000038146973,10.470000267028809,10.460000038146973,10.46500015258789,2060,0.0,0.0
2023-03-01 13:30:00-05:00,10.460000038146973,10.460000038146973,10.460000038146973,10.460000038146973,26000,0.0,0.0
2023-03-01 15:30:00-05:00,10.460000038146973,10.460000038146973,10.430000305175781,10.4399995803833,4392,0.0,0.0
2023-03-02 09:30:00-05:00,10.46500015258789,10.470000267028809,10.46500015258789,10.470000267028809,0,0.0,0.0
2023-03-02 10:30:00-05:00,10.460000038146973,10.46500015258789,10.460000038146973,10.46500015258789,3757,0.0,0.0
2023-03-02 12:30:00-05:00,10.46500015258789,10.46500015258789,10.46500015258789,10.46500015258789,12290,0.0,0.0
2023-03-02 15:30:00-05:00,10.460000038146973,10.460000038146973,10.460000038146973,10.460000038146973,3300,0.0,0.0
2023-03-03 09:30:00-05:00,10.460000038146973,10.460000038146973,10.460000038146973,10.460000038146973,105253,0.0,0.0
2023-03-03 10:30:00-05:00,10.460000038146973,10.460000038146973,10.460000038146973,10.460000038146973,101,0.0,0.0
2023-03-03 11:30:00-05:00,10.46500015258789,10.46500015258789,10.46500015258789,10.46500015258789,100,0.0,0.0
2023-03-03 15:30:00-05:00,10.46500015258789,10.475000381469727,10.46500015258789,10.470000267028809,11453,0.0,0.0
2023-03-06 09:30:00-05:00,10.470000267028809,10.479999542236328,10.470000267028809,10.475000381469727,0,0.0,0.0
2023-03-06 13:30:00-05:00,10.479900360107422,10.479900360107422,10.475000381469727,10.475000381469727,0,0.0,0.0
2023-03-06 15:30:00-05:00,10.479900360107422,10.479900360107422,10.479900360107422,10.479900360107422,7861,0.0,0.0
2023-03-07 09:30:00-05:00,10.470000267028809,10.479999542236328,10.470000267028809,10.479999542236328,600,0.0,0.0
2023-03-07 10:30:00-05:00,10.479999542236328,10.510000228881836,10.475000381469727,10.484999656677246,960423,0.0,0.0
2023-03-07 12:30:00-05:00,10.479999542236328,10.484999656677246,10.479999542236328,10.484999656677246,7238,0.0,0.0
2023-03-07 13:30:00-05:00,10.479999542236328,10.479999542236328,10.470000267028809,10.479999542236328,7000,0.0,0.0
2023-03-07 14:30:00-05:00,10.475000381469727,10.479999542236328,10.475000381469727,10.479999542236328,160693,0.0,0.0
2023-03-07 15:30:00-05:00,10.470000267028809,10.470000267028809,10.470000267028809,10.470000267028809,100,0.0,0.0
2023-03-08 09:30:00-05:00,10.470000267028809,10.470000267028809,10.470000267028809,10.470000267028809,0,0.0,0.0
2023-03-08 10:30:00-05:00,10.470000267028809,10.470000267028809,10.470000267028809,10.470000267028809,100,0.0,0.0
2023-03-09 09:30:00-05:00,10.470000267028809,10.470000267028809,10.470000267028809,10.470000267028809,0,0.0,0.0
2023-03-09 10:30:00-05:00,10.470000267028809,10.470000267028809,10.470000267028809,10.470000267028809,100,0.0,0.0
2023-03-09 15:30:00-05:00,10.479999542236328,10.510000228881836,10.479999542236328,10.510000228881836,600,0.0,0.0
2023-03-10 09:30:00-05:00,10.470000267028809,10.470000267028809,10.470000267028809,10.470000267028809,0,0.0,0.0
2023-03-10 12:30:00-05:00,10.470100402832031,10.470100402832031,10.470100402832031,10.470100402832031,620,0.0,0.0
2023-03-13 09:30:00-04:00,10.470000267028809,10.470000267028809,10.470000267028809,10.470000267028809,0,0.0,0.0
2023-03-13 10:30:00-04:00,10.470000267028809,10.470000267028809,10.470000267028809,10.470000267028809,100,0.0,0.0
2023-03-13 14:30:00-04:00,10.470000267028809,10.475000381469727,10.470000267028809,10.470000267028809,44853,0.0,0.0
2023-03-14 09:30:00-04:00,10.470000267028809,10.470000267028809,10.470000267028809,10.470000267028809,0,0.0,0.0
2023-03-14 10:30:00-04:00,10.475000381469727,10.479999542236328,10.470000267028809,10.470000267028809,27487,0.0,0.0
2023-03-14 14:30:00-04:00,10.475000381469727,10.479999542236328,10.470000267028809,10.479999542236328,29013,0.0,0.0
2023-03-15 09:30:00-04:00,10.479999542236328,10.479999542236328,10.479999542236328,10.479999542236328,0,0.0,0.0
2023-03-15 10:30:00-04:00,10.470000267028809,10.470000267028809,10.470000267028809,10.470000267028809,100,0.0,0.0
2023-03-15 15:30:00-04:00,10.479999542236328,10.479999542236328,10.479999542236328,10.479999542236328,100,0.0,0.0
2023-03-16 10:30:00-04:00,10.470000267028809,10.470000267028809,10.470000267028809,10.470000267028809,300,0.0,0.0
2023-03-16 13:30:00-04:00,10.479999542236328,10.479999542236328,10.479999542236328,10.479999542236328,200,0.0,0.0
2023-03-20 09:30:00-04:00,10.510000228881836,10.520000457763672,10.510000228881836,10.510000228881836,450,0.0,0.0
2023-03-20 10:30:00-04:00,10.515000343322754,10.515000343322754,10.510000228881836,10.510000228881836,1000,0.0,0.0
2023-03-20 11:30:00-04:00,10.510000228881836,10.510000228881836,10.510000228881836,10.510000228881836,932,0.0,0.0
2023-03-20 12:30:00-04:00,10.480299949645996,10.480299949645996,10.480299949645996,10.480299949645996,1143,0.0,0.0
2023-03-21 09:30:00-04:00,10.479999542236328,10.479999542236328,10.479999542236328,10.479999542236328,0,0.0,0.0
2023-03-23 14:30:00-04:00,10.489999771118164,10.489999771118164,10.489999771118164,10.489999771118164,1649,0.0,0.0
2023-03-23 15:30:00-04:00,10.489999771118164,10.489999771118164,10.489999771118164,10.489999771118164,116,0.0,0.0
2023-03-24 11:30:00-04:00,10.489999771118164,10.489999771118164,10.489999771118164,10.489999771118164,0,0.0,0.0
2023-03-27 13:30:00-04:00,10.489999771118164,10.489999771118164,10.489999771118164,10.489999771118164,4898,0.0,0.0
2023-03-27 14:30:00-04:00,10.5,10.5,10.5,10.5,200,0.0,0.0
2023-03-29 09:30:00-04:00,10.529999732971191,10.529999732971191,10.529999732971191,10.529999732971191,0,0.0,0.0
2023-03-29 13:30:00-04:00,10.5,10.5,10.5,10.5,49995,0.0,0.0
2023-03-29 14:30:00-04:00,10.5,10.5,10.5,10.5,100,0.0,0.0
2023-03-29 15:30:00-04:00,10.5,10.5,10.5,10.5,8572,0.0,0.0
2023-03-30 09:30:00-04:00,10.5,10.5,10.5,10.5,283256,0.0,0.0
2023-03-30 10:30:00-04:00,10.5,10.5,10.5,10.5,100,0.0,0.0
2023-03-30 11:30:00-04:00,10.5,10.5,10.5,10.5,341968,0.0,0.0
2023-03-31 10:30:00-04:00,10.501099586486816,10.505000114440918,10.501099586486816,10.505000114440918,300,0.0,0.0
2023-04-03 10:30:00-04:00,10.5,10.5,10.5,10.5,100,0.0,0.0
2023-04-03 15:30:00-04:00,10.51729965209961,10.520000457763672,10.51729965209961,10.520000457763672,300,0.0,0.0
2023-04-04 09:30:00-04:00,10.510000228881836,10.510000228881836,10.510000228881836,10.510000228881836,0,0.0,0.0
2023-04-04 10:30:00-04:00,10.510000228881836,10.510000228881836,10.510000228881836,10.510000228881836,100,0.0,0.0
2023-04-04 15:30:00-04:00,10.510000228881836,10.520000457763672,10.510000228881836,10.515000343322754,3211,0.0,0.0
2023-04-05 10:30:00-04:00,10.5,10.5,10.5,10.5,814,0.0,0.0
2023-04-05 14:30:00-04:00,10.505000114440918,10.505000114440918,10.5,10.5,410,0.0,0.0
2023-04-06 09:30:00-04:00,10.5,10.5,10.5,10.5,0,0.0,0.0
2023-04-10 09:30:00-04:00,10.529999732971191,10.529999732971191,10.529999732971191,10.529999732971191,0,0.0,0.0
2023-04-10 13:30:00-04:00,10.520000457763672,10.670000076293945,10.510000228881836,10.510000228881836,33403,0.0,0.0
2023-04-11 09:30:00-04:00,10.520000457763672,10.520000457763672,10.520000457763672,10.520000457763672,0,0.0,0.0
2023-04-11 10:30:00-04:00,10.520000457763672,10.520000457763672,10.520000457763672,10.520000457763672,2112,0.0,0.0
2023-04-12 10:30:00-04:00,10.529999732971191,10.722000122070312,10.529999732971191,10.550100326538086,12468,0.0,0.0
2023-04-12 11:30:00-04:00,10.545000076293945,10.545000076293945,10.529999732971191,10.529999732971191,400,0.0,0.0
2023-04-12 14:30:00-04:00,10.5600004196167,10.5600004196167,10.5600004196167,10.5600004196167,100,0.0,0.0
2023-04-13 09:30:00-04:00,10.553799629211426,10.5600004196167,10.553799629211426,10.5600004196167,0,0.0,0.0
2023-04-14 10:30:00-04:00,10.539999961853027,10.539999961853027,10.539999961853027,10.539999961853027,25500,0.0,0.0
2023-04-14 12:30:00-04:00,10.550000190734863,10.550000190734863,10.550000190734863,10.550000190734863,500000,0.0,0.0
2023-04-17 09:30:00-04:00,10.779999732971191,10.850000381469727,10.560199737548828,10.59000015258789,0,0.0,0.0
2023-04-17 10:30:00-04:00,10.529999732971191,10.539999961853027,10.529999732971191,10.539999961853027,2966,0.0,0.0
2023-04-17 11:30:00-04:00,10.53499984741211,10.539999961853027,10.529999732971191,10.539999961853027,9850,0.0,0.0
2023-04-17 12:30:00-04:00,10.53499984741211,10.5600004196167,10.53499984741211,10.5600004196167,91950,0.0,0.0
2023-04-17 13:30:00-04:00,10.5600004196167,10.5600004196167,10.550000190734863,10.550000190734863,524420,0.0,0.0
2023-04-17 14:30:00-04:00,10.550000190734863,10.5600004196167,10.550000190734863,10.5600004196167,57299,0.0,0.0
2023-04-17 15:30:00-04:00,10.5600004196167,10.569999694824219,10.550000190734863,10.550000190734863,400004,0.0,0.0
2023-04-18 09:30:00-04:00,10.550000190734863,10.555000305175781,10.550000190734863,10.550000190734863,0,0.0,0.0
2023-04-18 10:30:00-04:00,10.555000305175781,10.555000305175781,10.555000305175781,10.555000305175781,0,0.0,0.0
2023-04-18 11:30:00-04:00,10.550000190734863,10.550000190734863,10.550000190734863,10.550000190734863,762437,0.0,0.0
2023-04-18 12:30:00-04:00,10.550000190734863,10.550000190734863,10.550000190734863,10.550000190734863,177450,0.0,0.0
2023-04-18 14:30:00-04:00,10.550000190734863,10.550000190734863,10.550000190734863,10.550000190734863,168801,0.0,0.0
2023-04-19 09:30:00-04:00,10.567399978637695,10.760000228881836,10.550000190734863,10.550000190734863,0,0.0,0.0
2023-04-19 10:30:00-04:00,10.579999923706055,10.59000015258789,10.576899528503418,10.579999923706055,3555,0.0,0.0
2023-04-19 14:30:00-04:00,10.579700469970703,10.579999923706055,10.579700469970703,10.579999923706055,2100,0.0,0.0
2023-04-20 09:30:00-04:00,10.569999694824219,10.569999694824219,10.569999694824219,10.569999694824219,0,0.0,0.0
2023-04-20 10:30:00-04:00,10.57450008392334,10.57450008392334,10.57450008392334,10.57450008392334,100,0.0,0.0
2023-04-20 11:30:00-04:00,10.579999923706055,10.579999923706055,10.579999923706055,10.579999923706055,1687,0.0,0.0
2023-04-24 10:30:00-04:00,10.539999961853027,10.539999961853027,10.539999961853027,10.539999961853027,0,0.0,0.0
2023-04-24 15:30:00-04:00,10.541500091552734,10.541500091552734,10.541500091552734,10.541500091552734,1600,0.0,0.0
2023-04-25 09:30:00-04:00,10.539999961853027,10.539999961853027,10.539999961853027,10.539999961853027,0,0.0,0.0
2023-04-25 10:30:00-04:00,10.555000305175781,10.555000305175781,10.539999961853027,10.539999961853027,3360,0.0,0.0
2023-04-25 14:30:00-04:00,10.539999961853027,10.539999961853027,10.539999961853027,10.539999961853027,351,0.0,0.0
2023-04-25 15:30:00-04:00,10.539999961853027,10.539999961853027,10.539999961853027,10.539999961853027,4526,0.0,0.0
2023-04-26 09:30:00-04:00,10.579999923706055,10.579999923706055,10.579999923706055,10.579999923706055,0,0.0,0.0
2023-04-26 15:30:00-04:00,10.579999923706055,10.579999923706055,10.579999923706055,10.579999923706055,100,0.0,0.0
2023-05-01 09:30:00-04:00,10.550000190734863,10.550000190734863,10.550000190734863,10.550000190734863,498260,0.0,0.0
2023-05-01 10:30:00-04:00,10.550000190734863,10.550000190734863,10.539999961853027,10.539999961853027,134015,0.0,0.0
2023-05-01 11:30:00-04:00,10.539999961853027,10.539999961853027,10.539999961853027,10.539999961853027,50567,0.0,0.0
2023-05-01 12:30:00-04:00,10.550000190734863,10.550000190734863,10.545000076293945,10.545000076293945,10170,0.0,0.0
2023-05-01 13:30:00-04:00,10.550000190734863,10.550000190734863,10.539999961853027,10.539999961853027,485398,0.0,0.0
2023-05-01 14:30:00-04:00,10.539999961853027,10.539999961853027,10.539999961853027,10.539999961853027,5488,0.0,0.0
2023-05-02 09:30:00-04:00,10.539999961853027,10.550000190734863,10.539999961853027,10.550000190734863,2710,0.0,0.0
2023-05-02 12:30:00-04:00,10.539999961853027,10.539999961853027,10.539999961853027,10.539999961853027,158232,0.0,0.0
2023-05-03 10:30:00-04:00,10.541399955749512,10.541399955749512,10.541399955749512,10.541399955749512,0,0.0,0.0
2023-05-03 11:30:00-04:00,10.550000190734863,10.550000190734863,10.539999961853027,10.550000190734863,41186,0.0,0.0
2023-05-03 12:30:00-04:00,10.550000190734863,10.560199737548828,10.550000190734863,10.5600004196167,58638,0.0,0.0
2023-05-03 13:30:00-04:00,10.555000305175781,10.555000305175781,10.555000305175781,10.555000305175781,500,0.0,0.0
2023-05-03 14:30:00-04:00,10.550000190734863,10.550100326538086,10.550000190734863,10.550100326538086,900,0.0,0.0
2023-05-03 15:30:00-04:00,10.550000190734863,10.550000190734863,10.550000190734863,10.550000190734863,2282,0.0,0.0
2023-05-04 09:30:00-04:00,10.550000190734863,10.550000190734863,10.550000190734863,10.550000190734863,0,0.0,0.0
2023-05-08 09:30:00-04:00,10.550000190734863,10.550000190734863,10.550000190734863,10.550000190734863,0,0.0,0.0
2023-05-08 10:30:00-04:00,10.5600004196167,10.5600004196167,10.5600004196167,10.5600004196167,0,0.0,0.0
2023-05-08 12:30:00-04:00,10.5600004196167,10.5600004196167,10.550000190734863,10.550000190734863,0,0.0,0.0
2023-05-08 15:30:00-04:00,10.5600004196167,10.5600004196167,10.5600004196167,10.5600004196167,36296,0.0,0.0
2023-05-09 09:30:00-04:00,10.569999694824219,10.569999694824219,10.569999694824219,10.569999694824219,0,0.0,0.0
2023-05-09 10:30:00-04:00,10.569999694824219,10.569999694824219,10.5600004196167,10.5600004196167,0,0.0,0.0
2023-05-09 12:30:00-04:00,10.5600004196167,10.5600004196167,10.555000305175781,10.5600004196167,2841,0.0,0.0
2023-05-09 13:30:00-04:00,10.569999694824219,10.569999694824219,10.569999694824219,10.569999694824219,0,0.0,0.0
2023-05-10 09:30:00-04:00,10.569999694824219,10.569999694824219,10.569999694824219,10.569999694824219,4816,0.0,0.0
2023-05-11 10:30:00-04:00,10.579999923706055,10.579999923706055,10.579999923706055,10.579999923706055,0,0.0,0.0
2023-05-11 15:30:00-04:00,10.579999923706055,10.579999923706055,10.579999923706055,10.579999923706055,1500,0.0,0.0
2023-05-12 15:30:00-04:00,10.569999694824219,10.569999694824219,10.5600004196167,10.569999694824219,5100,0.0,0.0
2023-05-15 14:30:00-04:00,10.59000015258789,10.59000015258789,10.579999923706055,10.59000015258789,18930,0.0,0.0
2023-05-16 10:30:00-04:00,10.588700294494629,10.588700294494629,10.579999923706055,10.579999923706055,100,0.0,0.0
2023-05-16 11:30:00-04:00,10.579999923706055,10.579999923706055,10.579999923706055,10.579999923706055,100,0.0,0.0
2023-05-16 14:30:00-04:00,10.585000038146973,10.585000038146973,10.585000038146973,10.585000038146973,106,0.0,0.0
2023-05-17 15:30:00-04:00,10.574999809265137,10.59000015258789,10.569999694824219,10.579999923706055,7037,0.0,0.0
2023-05-18 09:30:00-04:00,10.59000015258789,10.59000015258789,10.569999694824219,10.569999694824219,0,0.0,0.0
2023-05-18 11:30:00-04:00,10.569999694824219,10.569999694824219,10.569999694824219,10.569999694824219,213,0.0,0.0
2023-05-18 15:30:00-04:00,10.569999694824219,10.569999694824219,10.569999694824219,10.569999694824219,283,0.0,0.0
2023-05-19 09:30:00-04:00,10.569999694824219,10.569999694824219,10.569999694824219,10.569999694824219,0,0.0,0.0
2023-05-19 15:30:00-04:00,10.569999694824219,10.569999694824219,10.569999694824219,10.569999694824219,0,0.0,0.0
2023-05-22 12:30:00-04:00,10.579999923706055,10.579999923706055,10.569999694824219,10.569999694824219,10500,0.0,0.0
2023-05-22 15:30:00-04:00,10.574999809265137,10.574999809265137,10.574999809265137,10.574999809265137,788,0.0,0.0
2023-05-23 09:30:00-04:00,10.579999923706055,10.579999923706055,10.579999923706055,10.579999923706055,0,0.0,0.0
2023-05-24 15:30:00-04:00,10.579999923706055,10.579999923706055,10.579999923706055,10.579999923706055,2872,0.0,0.0
2023-05-25 09:30:00-04:00,10.579999923706055,10.579999923706055,10.579999923706055,10.579999923706055,0,0.0,0.0
2023-05-25 15:30:00-04:00,10.579999923706055,10.579999923706055,10.579999923706055,10.579999923706055,413,0.0,0.0
2023-05-30 11:30:00-04:00,10.579999923706055,10.579999923706055,10.579999923706055,10.579999923706055,0,0.0,0.0
2023-05-31 09:30:00-04:00,10.59000015258789,10.59000015258789,10.59000015258789,10.59000015258789,100,0.0,0.0
2023-05-31 13:30:00-04:00,10.579999923706055,10.59000015258789,10.579999923706055,10.59000015258789,24221,0.0,0.0
2023-06-01 09:30:00-04:00,10.600000381469727,10.600000381469727,10.600000381469727,10.600000381469727,100,0.0,0.0
2023-06-02 09:30:00-04:00,10.59000015258789,10.59000015258789,10.59000015258789,10.59000015258789,0,0.0,0.0
2023-06-02 13:30:00-04:00,10.600000381469727,10.600000381469727,10.59000015258789,10.600000381469727,70111,0.0,0.0
2023-06-06 09:30:00-04:00,10.600000381469727,10.609999656677246,10.600000381469727,10.609999656677246,0,0.0,0.0
2023-06-06 10:30:00-04:00,10.614999771118164,10.619999885559082,10.614999771118164,10.619999885559082,7500,0.0,0.0
2023-06-06 15:30:00-04:00,10.614999771118164,10.614999771118164,10.609999656677246,10.614999771118164,800,0.0,0.0
2023-06-07 11:30:00-04:00,10.630000114440918,10.630000114440918,10.619999885559082,10.619999885559082,600,0.0,0.0
2023-06-07 12:30:00-04:00,10.619999885559082,10.619999885559082,10.619999885559082,10.619999885559082,33509,0.0,0.0
2023-06-08 12:30:00-04:00,10.640000343322754,10.640000343322754,10.619999885559082,10.619999885559082,100,0.0,0.0
2023-06-08 15:30:00-04:00,10.619999885559082,10.619999885559082,10.619999885559082,10.619999885559082,10409,0.0,0.0
2023-06-12 09:30:00-04:00,10.640000343322754,10.640000343322754,10.640000343322754,10.640000343322754,0,0.0,0.0
2023-06-12 14:30:00-04:00,10.619999885559082,10.619999885559082,10.600000381469727,10.619999885559082,900,0.0,0.0
2023-06-15 12:30:00-04:00,10.619999885559082,10.619999885559082,10.619999885559082,10.619999885559082,23961,0.0,0.0
2023-06-16 11:30:00-04:00,10.619999885559082,10.619999885559082,10.619999885559082,10.619999885559082,0,0.0,0.0
2023-06-20 09:30:00-04:00,10.619999885559082,10.619999885559082,10.619999885559082,10.619999885559082,0,0.0,0.0
2023-06-21 11:30:00-04:00,10.619999885559082,10.619999885559082,10.619999885559082,10.619999885559082,1092,0.0,0.0
2023-06-21 14:30:00-04:00,10.630000114440918,10.630000114440918,10.630000114440918,10.630000114440918,1100,0.0,0.0
2023-06-22 09:30:00-04:00,10.630000114440918,10.630000114440918,10.630000114440918,10.630000114440918,0,0.0,0.0
2023-06-22 15:30:00-04:00,10.619999885559082,10.619999885559082,10.619999885559082,10.619999885559082,2092,0.0,0.0
2023-06-23 10:30:00-04:00,10.640000343322754,10.640000343322754,10.640000343322754,10.640000343322754,0,0.0,0.0
2023-06-23 11:30:00-04:00,10.640000343322754,10.640000343322754,10.640000343322754,10.640000343322754,988,0.0,0.0
2023-06-23 12:30:00-04:00,10.670000076293945,10.670000076293945,10.670000076293945,10.670000076293945,100,0.0,0.0
2023-06-23 13:30:00-04:00,10.670000076293945,10.670000076293945,10.670000076293945,10.670000076293945,100,0.0,0.0
2023-06-23 14:30:00-04:00,10.670000076293945,10.670000076293945,10.670000076293945,10.670000076293945,122,0.0,0.0
2023-06-23 15:30:00-04:00,10.670000076293945,10.670000076293945,10.670000076293945,10.670000076293945,352,0.0,0.0
2023-06-30 09:30:00-04:00,10.649999618530273,10.649999618530273,10.649999618530273,10.649999618530273,0,0.0,0.0
2023-06-30 12:30:00-04:00,10.65999984741211,10.670000076293945,10.65999984741211,10.65999984741211,26500,0.0,0.0
2023-06-30 13:30:00-04:00,10.65999984741211,10.65999984741211,10.65999984741211,10.65999984741211,249,0.0,0.0
2023-07-05 10:30:00-04:00,10.670000076293945,10.670000076293945,10.670000076293945,10.670000076293945,100,0.0,0.0
2023-07-07 12:30:00-04:00,10.670000076293945,10.670000076293945,10.670000076293945,10.670000076293945,0,0.0,0.0
2023-07-07 13:30:00-04:00,10.670000076293945,10.670000076293945,10.670000076293945,10.670000076293945,27849,0.0,0.0
2023-07-10 15:30:00-04:00,10.699999809265137,10.699999809265137,10.680000305175781,10.699999809265137,0,0.0,0.0
2023-07-11 09:30:00-04:00,10.699999809265137,10.699999809265137,10.699999809265137,10.699999809265137,100,0.0,0.0
2023-07-11 14:30:00-04:00,10.699999809265137,10.699999809265137,10.699999809265137,10.699999809265137,26891,0.0,0.0
2023-07-18 09:30:00-04:00,10.739999771118164,10.739999771118164,10.729999542236328,10.729999542236328,0,0.0,0.0
2023-07-18 15:30:00-04:00,10.720000267028809,10.720000267028809,10.720000267028809,10.720000267028809,22473,0.0,0.0
2023-07-21 14:30:00-04:00,10.734999656677246,10.739999771118164,10.729999542236328,10.739999771118164,44800,0.0,0.0
2023-07-24 09:30:00-04:00,10.739999771118164,10.739999771118164,10.729999542236328,10.729999542236328,0,0.0,0.0
2023-07-27 14:30:00-04:00,10.739999771118164,10.739999771118164,10.739999771118164,10.739999771118164,1375,0.0,0.0
2023-07-31 10:30:00-04:00,10.739999771118164,10.739999771118164,10.739999771118164,10.739999771118164,0,0.0,0.0
2023-07-31 11:30:00-04:00,10.739999771118164,10.739999771118164,10.729999542236328,10.739999771118164,29301,0.0,0.0
2023-07-31 12:30:00-04:00,10.739999771118164,10.739999771118164,10.739899635314941,10.739999771118164,27700,0.0,0.0
2023-07-31 13:30:00-04:00,10.739999771118164,10.739999771118164,10.739999771118164,10.739999771118164,700,0.0,0.0
2023-07-31 14:30:00-04:00,10.739999771118164,10.739999771118164,10.739999771118164,10.739999771118164,0,0.0,0.0
2023-07-31 15:30:00-04:00,10.739999771118164,10.739999771118164,10.739999771118164,10.739999771118164,0,0.0,0.0
2023-08-01 14:30:00-04:00,10.770000457763672,10.770000457763672,10.770000457763672,10.770000457763672,0,0.0,0.0
2023-08-02 13:30:00-04:00,10.770000457763672,10.770000457763672,10.770000457763672,10.770000457763672,0,0.0,0.0
2023-08-07 15:30:00-04:00,10.789999961853027,10.789999961853027,10.789999961853027,10.789999961853027,1946,0.0,0.0
2023-08-09 15:30:00-04:00,10.789999961853027,10.789999961853027,10.789999961853027,10.789999961853027,6000,0.0,0.0
2023-08-10 09:30:00-04:00,10.800000190734863,10.800000190734863,10.800000190734863,10.800000190734863,84,0.0,0.0
2023-08-14 11:30:00-04:00,10.800000190734863,10.800000190734863,10.800000190734863,10.800000190734863,5235,0.0,0.0
2023-08-14 15:30:00-04:00,10.789999961853027,10.789999961853027,10.789999961853027,10.789999961853027,101,0.0,0.0
2023-08-16 09:30:00-04:00,10.789999961853027,10.800000190734863,10.789999961853027,10.800000190734863,72495,0.0,0.0
2023-08-16 15:30:00-04:00,10.795000076293945,10.795000076293945,10.795000076293945,10.795000076293945,0,0.0,0.0
2023-08-24 15:30:00-04:00,10.8100004196167,10.8100004196167,10.8100004196167,10.8100004196167,0,0.0,0.0
2023-08-25 12:30:00-04:00,10.819999694824219,10.819999694824219,10.819999694824219,10.819999694824219,2600,0.0,0.0
2023-08-25 14:30:00-04:00,10.8100004196167,10.8100004196167,10.8100004196167,10.8100004196167,100,0.0,0.0
2023-08-25 15:30:00-04:00,10.8100004196167,10.8100004196167,10.8100004196167,10.8100004196167,2817,0.0,0.0
2023-08-28 09:30:00-04:00,10.800000190734863,10.800000190734863,10.800000190734863,10.800000190734863,0,0.0,0.0
2023-08-31 09:30:00-04:00,10.829999923706055,10.829999923706055,10.829999923706055,10.829999923706055,2895,0.0,0.0
2023-08-31 13:30:00-04:00,10.829999923706055,10.829999923706055,10.829999923706055,10.829999923706055,100,0.0,0.0
2023-09-01 09:30:00-04:00,10.880000114440918,10.880000114440918,10.880000114440918,10.880000114440918,104,0.0,0.0
2023-09-01 12:30:00-04:00,10.854999542236328,10.854999542236328,10.854999542236328,10.854999542236328,100,0.0,0.0
2023-09-01 13:30:00-04:00,10.829999923706055,10.829999923706055,10.829999923706055,10.829999923706055,5772,0.0,0.0
2023-09-05 09:30:00-04:00,10.880000114440918,10.880000114440918,10.880000114440918,10.880000114440918,0,0.0,0.0
2023-09-07 09:30:00-04:00,10.819999694824219,10.819999694824219,10.819999694824219,10.819999694824219,0,0.0,0.0
2023-09-07 14:30:00-04:00,10.850000381469727,10.850000381469727,10.850000381469727,10.850000381469727,10,0.0,0.0
2023-09-12 13:30:00-04:00,10.880000114440918,10.880000114440918,10.880000114440918,10.880000114440918,5000,0.0,0.0
2023-09-13 15:30:00-04:00,10.859999656677246,10.859999656677246,10.859999656677246,10.859999656677246,0,0.0,0.0
2023-09-20 15:30:00-04:00,10.880000114440918,10.880000114440918,10.880000114440918,10.880000114440918,100,0.0,0.0
2023-09-22 15:30:00-04:00,10.890000343322754,10.890000343322754,10.890000343322754,10.890000343322754,0,0.0,0.0
2023-09-25 15:30:00-04:00,10.890000343322754,10.890000343322754,10.890000343322754,10.890000343322754,2,0.0,0.0
2023-09-26 09:30:00-04:00,10.899999618530273,10.899999618530273,10.899999618530273,10.899999618530273,2321,0.0,0.0
2023-09-26 15:30:00-04:00,10.890000343322754,10.890000343322754,10.890000343322754,10.890000343322754,0,0.0,0.0
2023-09-28 11:30:00-04:00,10.899999618530273,10.899999618530273,10.899999618530273,10.899999618530273,9995,0.0,0.0
2023-09-28 13:30:00-04:00,10.90999984741211,10.90999984741211,10.90999984741211,10.90999984741211,24600,0.0,0.0
2023-09-29 09:30:00-04:00,10.90999984741211,10.90999984741211,10.90999984741211,10.90999984741211,0,0.0,0.0
2023-09-29 10:30:00-04:00,10.930000305175781,11.079999923706055,10.930000305175781,10.941100120544434,7220,0.0,0.0
2023-09-29 12:30:00-04:00,10.90999984741211,10.90999984741211,10.90999984741211,10.90999984741211,1600,0.0,0.0
2023-09-29 15:30:00-04:00,10.90999984741211,10.90999984741211,10.90999984741211,10.90999984741211,400,0.0,0.0
2023-10-02 09:30:00-04:00,10.979999542236328,10.979999542236328,10.979999542236328,10.979999542236328,0,0.0,0.0
2023-10-03 09:30:00-04:00,10.979999542236328,10.979999542236328,10.979999542236328,10.979999542236328,0,0.0,0.0
2023-10-05 14:30:00-04:00,10.9399995803833,10.9399995803833,10.9399995803833,10.9399995803833,36,0.0,0.0
2023-10-06 15:30:00-04:00,10.899999618530273,10.899999618530273,10.899999618530273,10.899999618530273,100,0.0,0.0
2023-10-09 09:30:00-04:00,11.0,11.0,11.0,11.0,105,0.0,0.0
2023-10-09 10:30:00-04:00,10.880000114440918,10.9399995803833,10.880000114440918,10.9399995803833,1600,0.0,0.0
2023-10-17 15:30:00-04:00,10.920000076293945,10.920000076293945,10.920000076293945,10.920000076293945,0,0.0,0.0
2023-10-18 15:30:00-04:00,10.869999885559082,10.920000076293945,10.869999885559082,10.920000076293945,104,0.0,0.0
2023-10-19 15:30:00-04:00,10.920000076293945,10.920000076293945,10.920000076293945,10.920000076293945,0,0.0,0.0
2023-10-20 15:30:00-04:00,10.819999694824219,10.84000015258789,10.819999694824219,10.84000015258789,100,0.0,0.0
2023-10-23 15:30:00-04:00,10.84000015258789,10.925000190734863,10.84000015258789,10.925000190734863,276,0.0,0.0
2023-10-24 15:30:00-04:00,10.880000114440918,10.930000305175781,10.880000114440918,10.930000305175781,0,0.0,0.0
2023-10-25 09:30:00-04:00,10.90999984741211,10.90999984741211,10.90999984741211,10.90999984741211,0,0.0,0.0
2023-10-25 15:30:00-04:00,10.819999694824219,10.869999885559082,10.819999694824219,10.869999885559082,200,0.0,0.0
2023-10-26 15:30:00-04:00,10.899999618530273,10.899999618530273,10.899999618530273,10.899999618530273,0,0.0,0.0
2023-10-27 15:30:00-04:00,10.920000076293945,10.920000076293945,10.920000076293945,10.920000076293945,0,0.0,0.0
2023-10-30 14:30:00-04:00,10.979000091552734,10.979000091552734,10.975600242614746,10.975600242614746,362,0.0,0.0
2023-10-30 15:30:00-04:00,10.930000305175781,10.930000305175781,10.930000305175781,10.930000305175781,201,0.0,0.0
2023-11-02 15:30:00-04:00,10.930000305175781,10.930000305175781,10.930000305175781,10.930000305175781,0,0.0,0.0
2023-11-03 12:30:00-04:00,10.9399995803833,10.9399995803833,10.9399995803833,10.9399995803833,101,0.0,0.0
2023-11-03 13:30:00-04:00,10.9399995803833,10.9399995803833,10.9399995803833,10.9399995803833,200,0.0,0.0
2023-11-03 14:30:00-04:00,10.9399995803833,10.9399995803833,10.9399995803833,10.9399995803833,116,0.0,0.0
2023-11-08 11:30:00-05:00,10.960000038146973,10.960000038146973,10.960000038146973,10.960000038146973,1483,0.0,0.0
2023-11-08 15:30:00-05:00,10.960000038146973,10.960000038146973,10.960000038146973,10.960000038146973,100,0.0,0.0
2023-11-09 11:30:00-05:00,10.960000038146973,10.960000038146973,10.960000038146973,10.960000038146973,0,0.0,0.0
2023-11-09 14:30:00-05:00,10.960000038146973,10.960000038146973,10.960000038146973,10.960000038146973,58000,0.0,0.0
2023-11-13 09:30:00-05:00,10.970000267028809,10.970000267028809,10.970000267028809,10.970000267028809,407,0.0,0.0
2023-11-13 10:30:00-05:00,11.0,11.0,11.0,11.0,600,0.0,0.0
2023-11-13 11:30:00-05:00,11.0,11.0,11.0,11.0,338,0.0,0.0
2023-11-13 14:30:00-05:00,10.979999542236328,10.979999542236328,10.979999542236328,10.979999542236328,440,0.0,0.0
2023-11-13 15:30:00-05:00,10.979999542236328,10.979999542236328,10.979999542236328,10.979999542236328,0,0.0,0.0
2023-11-16 14:30:00-05:00,10.979999542236328,11.0,10.979999542236328,11.0,1,0.0,0.0
2023-11-20 09:30:00-05:00,10.949999809265137,10.949999809265137,10.949999809265137,10.949999809265137,201,0.0,0.0
2023-11-21 11:30:00-05:00,10.960000038146973,10.960000038146973,10.960000038146973,10.960000038146973,95355,0.0,0.0
2023-11-22 09:30:00-05:00,10.960000038146973,10.96500015258789,10.960000038146973,10.960000038146973,0,0.0,0.0
2023-11-22 10:30:00-05:00,10.96500015258789,10.970000267028809,10.960000038146973,10.970000267028809,222059,0.0,0.0
2023-11-22 11:30:00-05:00,10.960000038146973,10.979999542236328,10.960000038146973,10.979999542236328,11642,0.0,0.0
2023-11-24 09:30:00-05:00,10.989999771118164,10.989999771118164,10.989999771118164,10.989999771118164,0,0.0,0.0
2023-11-27 09:30:00-05:00,10.989999771118164,10.989999771118164,10.989999771118164,10.989999771118164,357,0.0,0.0
2023-11-27 11:30:00-05:00,10.979999542236328,10.979999542236328,10.979999542236328,10.979999542236328,200000,0.0,0.0
2023-11-28 09:30:00-05:00,10.949999809265137,10.949999809265137,10.949999809265137,10.949999809265137,0,0.0,0.0
2023-11-28 10:30:00-05:00,10.970000267028809,10.970000267028809,10.970000267028809,10.970000267028809,387,0.0,0.0
2023-11-29 13:30:00-05:00,10.960000038146973,10.960000038146973,10.960000038146973,10.960000038146973,49386,0.0,0.0
2023-12-01 11:30:00-05:00,10.970000267028809,10.970000267028809,10.970000267028809,10.970000267028809,0,0.0,0.0
2023-12-05 11:30:00-05:00,10.970000267028809,10.970000267028809,10.970000267028809,10.970000267028809,10099,0.0,0.0
2023-12-05 13:30:00-05:00,10.970000267028809,10.970000267028809,10.970000267028809,10.970000267028809,12500,0.0,0.0
2023-12-07 09:30:00-05:00,10.989999771118164,10.989999771118164,10.989999771118164,10.989999771118164,0,0.0,0.0
2023-12-07 13:30:00-05:00,10.979999542236328,10.979999542236328,10.979999542236328,10.979999542236328,75203,0.0,0.0
2023-12-12 15:30:00-05:00,10.989999771118164,10.989999771118164,10.989999771118164,10.989999771118164,0,0.0,0.0
2023-12-13 09:30:00-05:00,11.0,11.0,11.0,11.0,0,0.0,0.0
2023-12-14 09:30:00-05:00,11.0,11.0,11.0,11.0,30,0.0,0.0
2023-12-14 15:30:00-05:00,10.989999771118164,10.989999771118164,10.989999771118164,10.989999771118164,0,0.0,0.0
2023-12-15 15:30:00-05:00,10.979999542236328,10.979999542236328,10.979999542236328,10.979999542236328,498,0.0,0.0
2023-12-18 09:30:00-05:00,10.989999771118164,10.989999771118164,10.989999771118164,10.989999771118164,175282,0.0,0.0
2023-12-18 13:30:00-05:00,11.0,11.0,11.0,11.0,323,0.0,0.0
2023-12-18 14:30:00-05:00,10.989999771118164,10.989999771118164,10.989999771118164,10.989999771118164,24450,0.0,0.0
2023-12-18 15:30:00-05:00,10.989999771118164,10.989999771118164,10.989999771118164,10.989999771118164,0,0.0,0.0
2023-12-19 09:30:00-05:00,10.960000038146973,10.989999771118164,10.960000038146973,10.989999771118164,11105,0.0,0.0
2023-12-19 15:30:00-05:00,10.989999771118164,10.989999771118164,10.989999771118164,10.989999771118164,120,0.0,0.0
2023-12-20 15:30:00-05:00,10.989999771118164,10.989999771118164,10.989999771118164,10.989999771118164,100,0.0,0.0
2023-12-22 09:30:00-05:00,10.989999771118164,10.989999771118164,10.989999771118164,10.989999771118164,14861,0.0,0.0
2023-12-26 10:30:00-05:00,10.989999771118164,10.989999771118164,10.989999771118164,10.989999771118164,0,0.0,0.0
2023-12-27 15:30:00-05:00,10.989999771118164,11.0,10.989999771118164,11.0,55190,0.0,0.0
2023-12-28 09:30:00-05:00,11.0,11.010000228881836,11.0,11.010000228881836,0,0.0,0.0
2023-12-28 10:30:00-05:00,11.0,11.0,11.0,11.0,38339,0.0,0.0
2024-01-02 09:30:00-05:00,11.029999732971191,11.029999732971191,11.010000228881836,11.010000228881836,0,0.0,0.0
2024-01-04 09:30:00-05:00,11.010000228881836,11.010000228881836,11.010000228881836,11.010000228881836,93,0.0,0.0
2024-01-04 14:30:00-05:00,11.020000457763672,11.029999732971191,11.020000457763672,11.029999732971191,202296,0.0,0.0
2024-01-08 09:30:00-05:00,11.079999923706055,11.079999923706055,11.079999923706055,11.079999923706055,0,0.0,0.0
2024-01-08 15:30:00-05:00,11.029999732971191,11.050000190734863,11.029999732971191,11.050000190734863,200,0.0,0.0
2024-01-09 15:30:00-05:00,11.029999732971191,11.039999961853027,11.029999732971191,11.039999961853027,111,0.0,0.0
2024-01-11 14:30:00-05:00,11.050000190734863,11.050000190734863,11.050000190734863,11.050000190734863,0,0.0,0.0
2024-01-16 09:30:00-05:00,11.100000381469727,11.100000381469727,11.100000381469727,11.100000381469727,100,0.0,0.0
2024-01-17 09:30:00-05:00,11.09000015258789,11.09000015258789,11.09000015258789,11.09000015258789,0,0.0,0.0
2024-01-18 09:30:00-05:00,11.100000381469727,11.100000381469727,11.100000381469727,11.100000381469727,0,0.0,0.0
2024-01-22 09:30:00-05:00,11.100000381469727,11.100000381469727,11.100000381469727,11.100000381469727,96,0.0,0.0
2024-01-23 09:30:00-05:00,11.100000381469727,11.100000381469727,11.100000381469727,11.100000381469727,0,0.0,0.0
2024-01-24 09:30:00-05:00,11.100000381469727,11.100000381469727,11.085000038146973,11.085000038146973,412,0.0,0.0
2024-01-24 15:30:00-05:00,11.100000381469727,11.100000381469727,11.100000381469727,11.100000381469727,240,0.0,0.0
2024-01-25 14:30:00-05:00,11.079999923706055,11.104999542236328,11.079999923706055,11.100000381469727,84598,0.0,0.0
2024-01-25 15:30:00-05:00,11.085000038146973,11.085000038146973,11.085000038146973,11.085000038146973,200,0.0,0.0
2024-01-26 11:30:00-05:00,11.09000015258789,11.09000015258789,11.09000015258789,11.09000015258789,0,0.0,0.0
2024-01-26 12:30:00-05:00,11.09000015258789,11.09000015258789,11.09000015258789,11.09000015258789,501,0.0,0.0
2024-01-29 09:30:00-05:00,11.100000381469727,11.100000381469727,11.09000015258789,11.09000015258789,0,0.0,0.0
2024-01-29 15:30:00-05:00,11.09000015258789,11.09000015258789,11.09000015258789,11.09000015258789,0,0.0,0.0
2024-01-30 15:30:00-05:00,11.100000381469727,11.100000381469727,11.100000381469727,11.100000381469727,501,0.0,0.0
2024-01-31 11:30:00-05:00,11.100000381469727,11.100000381469727,11.100000381469727,11.100000381469727,701,0.0,0.0
2024-01-31 15:30:00-05:00,11.100000381469727,11.100000381469727,11.100000381469727,11.100000381469727,0,0.0,0.0
2024-02-02 09:30:00-05:00,11.100000381469727,11.100000381469727,11.100000381469727,11.100000381469727,114,0.0,0.0
2024-02-02 14:30:00-05:00,11.100000381469727,11.100000381469727,11.100000381469727,11.100000381469727,300,0.0,0.0
2024-02-05 09:30:00-05:00,11.100000381469727,11.100000381469727,11.100000381469727,11.100000381469727,3416,0.0,0.0
2024-02-05 10:30:00-05:00,11.100000381469727,11.100000381469727,11.100000381469727,11.100000381469727,467,0.0,0.0
2024-02-05 13:30:00-05:00,11.100000381469727,11.109999656677246,11.100000381469727,11.100000381469727,56299,0.0,0.0
2024-02-05 14:30:00-05:00,11.09000015258789,11.100000381469727,11.09000015258789,11.100000381469727,0,0.0,0.0
2024-02-06 09:30:00-05:00,11.109999656677246,11.109999656677246,11.109999656677246,11.109999656677246,203,0.0,0.0
2024-02-06 15:30:00-05:00,11.100000381469727,11.109999656677246,11.100000381469727,11.109999656677246,0,0.0,0.0
2024-02-07 09:30:00-05:00,11.109999656677246,11.109999656677246,11.100000381469727,11.100000381469727,1309,0.0,0.0
2024-02-07 11:30:00-05:00,11.109999656677246,11.109999656677246,11.109999656677246,11.109999656677246,0,0.0,0.0
2024-02-13 09:30:00-05:00,11.109999656677246,11.109999656677246,11.109999656677246,11.109999656677246,98,0.0,0.0
2024-02-14 12:30:00-05:00,11.109999656677246,11.109999656677246,11.109999656677246,11.109999656677246,99899,0.0,0.0
2024-02-14 13:30:00-05:00,11.109999656677246,11.109999656677246,11.109999656677246,11.109999656677246,0,0.0,0.0
2024-02-16 12:30:00-05:00,11.109999656677246,11.109999656677246,11.109999656677246,11.109999656677246,108,0.0,0.0
2024-02-20 09:30:00-05:00,11.119999885559082,11.119999885559082,11.109999656677246,11.109999656677246,450101,0.0,0.0
2024-02-20 10:30:00-05:00,11.109999656677246,11.109999656677246,11.109999656677246,11.109999656677246,0,0.0,0.0
2024-02-21 11:30:00-05:00,11.109999656677246,11.109999656677246,11.109999656677246,11.109999656677246,343,0.0,0.0
2024-02-22 09:30:00-05:00,11.119999885559082,11.119999885559082,11.119999885559082,11.119999885559082,102,0.0,0.0
2024-02-22 12:30:00-05:00,11.109999656677246,11.119999885559082,11.109999656677246,11.109999656677246,215997,0.0,0.0
2024-02-22 13:30:00-05:00,11.109999656677246,11.109999656677246,11.109999656677246,11.109999656677246,10003,0.0,0.0
2024-02-22 14:30:00-05:00,11.109999656677246,11.109999656677246,11.109999656677246,11.109999656677246,0,0.0,0.0
2024-02-23 14:30:00-05:00,11.109999656677246,11.109999656677246,11.109999656677246,11.109999656677246,800,0.0,0.0
2024-02-23 15:30:00-05:00,11.109999656677246,11.109999656677246,11.109999656677246,11.109999656677246,337,0.0,0.0
2024-02-26 09:30:00-05:00,11.100000381469727,11.119999885559082,11.100000381469727,11.119999885559082,20133,0.0,0.0
2024-02-26 14:30:00-05:00,11.114999771118164,11.114999771118164,11.114999771118164,11.114999771118164,110,0.0,0.0
2024-02-27 09:30:00-05:00,11.100000381469727,11.109999656677246,11.100000381469727,11.109999656677246,0,0.0,0.0
2024-02-28 09:30:00-05:00,11.100000381469727,11.100000381469727,11.100000381469727,11.100000381469727,5,0.0,0.0
2024-03-01 09:30:00-05:00,11.100000381469727,11.100000381469727,11.100000381469727,11.100000381469727,98,0.0,0.0
2024-03-04 09:30:00-05:00,11.149999618530273,11.149999618530273,11.149999618530273,11.149999618530273,0,0.0,0.0
2024-03-05 09:30:00-05:00,11.149999618530273,11.149999618530273,11.149999618530273,11.149999618530273,1,0.0,0.0
2024-03-07 11:30:00-05:00,11.109999656677246,11.109999656677246,11.109999656677246,11.109999656677246,1,0.0,0.0
2024-03-11 09:30:00-04:00,11.100000381469727,11.100000381469727,11.100000381469727,11.100000381469727,0,0.0,0.0
2024-03-13 11:30:00-04:00,11.119999885559082,11.119999885559082,11.100000381469727,11.109999656677246,55365,0.0,0.0
2024-03-18 12:30:00-04:00,11.130000114440918,11.130000114440918,11.130000114440918,11.130000114440918,138,0.0,0.0
2024-03-20 09:30:00-04:00,11.170000076293945,11.170000076293945,11.15999984741211,11.15999984741211,1074,0.0,0.0
2024-03-22 09:30:00-04:00,11.170000076293945,11.170000076293945,11.149999618530273,11.149999618530273,3492,0.0,0.0
2024-03-22 15:30:00-04:00,11.180000305175781,11.180000305175781,11.149999618530273,11.149999618530273,2300,0.0,0.0
2024-03-28 09:30:00-04:00,11.130000114440918,11.130000114440918,11.130000114440918,11.130000114440918,76979,0.0,0.0
2024-04-04 09:30:00-04:00,11.199999809265137,11.199999809265137,11.199999809265137,11.199999809265137,0,0.0,0.0
2024-04-04 14:30:00-04:00,11.140000343322754,11.140000343322754,11.140000343322754,11.140000343322754,0,0.0,0.0
2024-04-05 15:30:00-04:00,11.170000076293945,11.170000076293945,11.170000076293945,11.170000076293945,484,0.0,0.0
2024-04-08 09:30:00-04:00,11.140000343322754,11.140000343322754,11.140000343322754,11.140000343322754,0,0.0,0.0
2024-04-10 09:30:00-04:00,11.220000267028809,11.25,11.220000267028809,11.25,6881,0.0,0.0
2024-04-10 14:30:00-04:00,11.250100135803223,11.250100135803223,11.25,11.25,3564,0.0,0.0
2024-04-11 09:30:00-04:00,11.3100004196167,11.3100004196167,11.3100004196167,11.3100004196167,0,0.0,0.0
2024-04-12 09:30:00-04:00,11.319999694824219,11.319999694824219,11.319999694824219,11.319999694824219,235,0.0,0.0
2024-04-15 09:30:00-04:00,11.279999732971191,11.289999961853027,11.279999732971191,11.289999961853027,102109,0.0,0.0
2024-04-15 11:30:00-04:00,11.289999961853027,11.300000190734863,11.289999961853027,11.300000190734863,144200,0.0,0.0
2024-04-15 14:30:00-04:00,11.289999961853027,11.289999961853027,11.289999961853027,11.289999961853027,1000,0.0,0.0
2024-04-16 09:30:00-04:00,11.289999961853027,11.289999961853027,11.289999961853027,11.289999961853027,400,0.0,0.0
2024-04-16 11:30:00-04:00,11.300000190734863,11.300000190734863,11.300000190734863,11.300000190734863,50105,0.0,0.0
2024-04-16 14:30:00-04:00,11.3100004196167,11.3100004196167,11.3100004196167,11.3100004196167,0,0.0,0.0
2024-04-17 10:30:00-04:00,11.300000190734863,11.300000190734863,11.300000190734863,11.300000190734863,0,0.0,0.0
2024-04-17 11:30:00-04:00,11.289999961853027,11.289999961853027,11.289999961853027,11.289999961853027,4324,0.0,0.0
2024-04-17 14:30:00-04:00,11.300000190734863,11.300000190734863,11.300000190734863,11.300000190734863,314,0.0,0.0
2024-04-18 10:30:00-04:00,11.3100004196167,11.3100004196167,11.3100004196167,11.3100004196167,0,0.0,0.0
2024-04-18 15:30:00-04:00,11.300000190734863,11.300000190734863,11.300000190734863,11.300000190734863,51558,0.0,0.0
2024-04-19 14:30:00-04:00,11.300000190734863,11.300000190734863,11.300000190734863,11.300000190734863,0,0.0,0.0
2024-04-19 15:30:00-04:00,11.300000190734863,11.300000190734863,11.300000190734863,11.300000190734863,2504,0.0,0.0
2024-04-22 09:30:00-04:00,11.350000381469727,11.350000381469727,11.329999923706055,11.329999923706055,263442,0.0,0.0
2024-04-22 10:30:00-04:00,11.329999923706055,11.329999923706055,11.329999923706055,11.329999923706055,150030,0.0,0.0
2024-04-23 09:30:00-04:00,11.399999618530273,11.399999618530273,11.329999923706055,11.329999923706055,501,0.0,0.0
2024-04-23 10:30:00-04:00,11.329999923706055,11.329999923706055,11.329999923706055,11.329999923706055,200000,0.0,0.0
2024-04-23 11:30:00-04:00,11.329999923706055,11.329999923706055,11.329999923706055,11.329999923706055,0,0.0,0.0
2024-04-25 11:30:00-04:00,11.350000381469727,11.350000381469727,11.350000381469727,11.350000381469727,32,0.0,0.0
2024-04-26 13:30:00-04:00,11.359100341796875,11.359100341796875,11.359100341796875,11.359100341796875,155,0.0,0.0
2024-05-02 11:30:00-04:00,11.380000114440918,11.380000114440918,11.380000114440918,11.380000114440918,1,0.0,0.0
2024-05-03 10:30:00-04:00,11.359999656677246,11.359999656677246,11.359999656677246,11.359999656677246,119,0.0,0.0
2024-05-06 11:30:00-04:00,11.369999885559082,11.369999885559082,11.369999885559082,11.369999885559082,976,0.0,0.0
2024-05-07 15:30:00-04:00,11.369999885559082,11.369999885559082,11.369999885559082,11.369999885559082,0,0.0,0.0
2024-05-10 15:30:00-04:00,11.359999656677246,11.359999656677246,11.359999656677246,11.359999656677246,0,0.0,0.0
2024-05-13 09:30:00-04:00,11.359999656677246,11.359999656677246,11.359999656677246,11.359999656677246,270,0.0,0.0
2024-05-15 10:30:00-04:00,11.359999656677246,11.359999656677246,11.359999656677246,11.359999656677246,0,0.0,0.0
2024-05-16 09:30:00-04:00,11.329999923706055,11.329999923706055,11.329999923706055,11.329999923706055,230,0.0,0.0
2024-05-16 12:30:00-04:00,11.380000114440918,11.380000114440918,11.380000114440918,11.380000114440918,0,0.0,0.0
2024-05-21 13:30:00-04:00,11.380000114440918,11.380000114440918,11.380000114440918,11.380000114440918,23,0.0,0.0
2024-05-22 13:30:00-04:00,11.369999885559082,11.369999885559082,11.369999885559082,11.369999885559082,0,0.0,0.0
2024-05-28 12:30:00-04:00,11.390000343322754,11.390000343322754,11.390000343322754,11.390000343322754,49999,0.0,0.0
2024-05-29 09:30:00-04:00,11.390000343322754,11.390000343322754,11.390000343322754,11.390000343322754,0,0.0,0.0
2024-05-29 14:30:00-04:00,11.399999618530273,11.399999618530273,11.395000457763672,11.399999618530273,84193,0.0,0.0
2024-05-31 09:30:00-04:00,11.399999618530273,11.40999984741211,11.399999618530273,11.40999984741211,65407,0.0,0.0
2024-05-31 12:30:00-04:00,11.399999618530273,11.399999618530273,11.399999618530273,11.399999618530273,100,0.0,0.0
2024-06-03 09:30:00-04:00,11.399999618530273,11.399999618530273,11.399999618530273,11.399999618530273,0,0.0,0.0
2024-06-06 12:30:00-04:00,11.40999984741211,11.40999984741211,11.40999984741211,11.40999984741211,0,0.0,0.0
2024-06-11 09:30:00-04:00,11.399999618530273,11.399999618530273,11.399999618530273,11.399999618530273,97,0.0,0.0
2024-06-11 12:30:00-04:00,11.40999984741211,11.40999984741211,11.40999984741211,11.40999984741211,190,0.0,0.0
2024-06-12 09:30:00-04:00,11.539999961853027,11.539999961853027,11.539999961853027,11.539999961853027,0,0.0,0.0
2024-06-12 14:30:00-04:00,11.460000038146973,11.460000038146973,11.460000038146973,11.460000038146973,2000,0.0,0.0
2024-06-13 12:30:00-04:00,11.4399995803833,11.4399995803833,11.430000305175781,11.430000305175781,0,0.0,0.0
2024-06-14 15:30:00-04:00,11.428400039672852,11.428400039672852,11.428400039672852,11.428400039672852,100,0.0,0.0
2024-06-17 13:30:00-04:00,11.446800231933594,11.449999809265137,11.446800231933594,11.449999809265137,189,0.0,0.0
2024-06-17 14:30:00-04:00,11.449999809265137,11.449999809265137,11.449999809265137,11.449999809265137,0,0.0,0.0
2024-06-21 12:30:00-04:00,11.449999809265137,11.449999809265137,11.449999809265137,11.449999809265137,995,0.0,0.0
2024-06-24 14:30:00-04:00,11.449999809265137,11.449999809265137,11.4399995803833,11.4399995803833,0,0.0,0.0
2024-07-02 09:30:00-04:00,11.449999809265137,11.449999809265137,11.449999809265137,11.449999809265137,196,0.0,0.0
2024-07-02 15:30:00-04:00,11.460000038146973,11.460000038146973,11.460000038146973,11.460000038146973,0,0.0,0.0
2024-07-03 11:30:00-04:00,11.460000038146973,11.460000038146973,11.460000038146973,11.460000038146973,50000,0.0,0.0
2024-07-08 09:30:00-04:00,11.479999542236328,11.479999542236328,11.479999542236328,11.479999542236328,29090,0.0,0.0
2024-07-09 09:30:00-04:00,11.460000038146973,11.460000038146973,11.460000038146973,11.460000038146973,83890,0.0,0.0
2024-07-09 11:30:00-04:00,11.449999809265137,11.449999809265137,11.449999809265137,11.449999809265137,10001,0.0,0.0
2024-07-11 09:30:00-04:00,11.470000267028809,11.470000267028809,11.470000267028809,11.470000267028809,0,0.0,0.0
2024-07-11 15:30:00-04:00,11.449999809265137,11.449999809265137,11.449999809265137,11.449999809265137,19,0.0,0.0
2024-07-17 15:30:00-04:00,11.470000267028809,11.470000267028809,11.470000267028809,11.470000267028809,0,0.0,0.0
2024-07-18 14:30:00-04:00,11.489899635314941,11.489899635314941,11.489899635314941,11.489899635314941,0,0.0,0.0
2024-07-19 12:30:00-04:00,11.470000267028809,11.470000267028809,11.470000267028809,11.470000267028809,500,0.0,0.0
2024-07-29 09:30:00-04:00,11.449999809265137,11.449999809265137,11.449999809265137,11.449999809265137,700,0.0,0.0
2024-08-06 12:30:00-04:00,11.470000267028809,11.470000267028809,11.470000267028809,11.470000267028809,1200,0.0,0.0
2024-08-14 09:30:00-04:00,11.5,11.5,11.5,11.5,200,0.0,0.0
2024-08-19 09:30:00-04:00,11.510000228881836,11.510000228881836,11.510000228881836,11.510000228881836,1,0.0,0.0
2024-08-26 09:30:00-04:00,11.510000228881836,11.510000228881836,11.510000228881836,11.510000228881836,0,0.0,0.0
2024-08-27 15:30:00-04:00,11.460000038146973,11.460000038146973,11.460000038146973,11.460000038146973,1100,0.0,0.0
2024-08-28 09:30:00-04:00,11.5,11.5,11.489999771118164,11.5,8953,0.0,0.0
2024-09-03 09:30:00-04:00,11.510000228881836,11.510000228881836,11.510000228881836,11.510000228881836,0,0.0,0.0
2024-09-09 10:30:00-04:00,11.5,11.5,11.5,11.5,5616,0.0,0.0
2024-09-10 10:30:00-04:00,11.520000457763672,11.520000457763672,11.520000457763672,11.520000457763672,1000,0.0,0.0
2024-09-11 10:30:00-04:00,11.520000457763672,11.520000457763672,11.520000457763672,11.520000457763672,0,0.0,0.0
2024-09-12 10:30:00-04:00,11.5,11.5,11.5,11.5,3,0.0,0.0
2024-09-16 09:30:00-04:00,11.40999984741211,11.40999984741211,11.40999984741211,11.40999984741211,99,0.0,0.0
2024-09-16 13:30:00-04:00,11.510000228881836,11.510000228881836,11.510000228881836,11.510000228881836,101,0.0,0.0
2024-09-26 09:30:00-04:00,11.510000228881836,11.510000228881836,11.510000228881836,11.510000228881836,0,0.0,0.0
2024-09-26 10:30:00-04:00,11.529999732971191,11.539999961853027,11.529999732971191,11.539999961853027,4,0.0,0.0
2024-10-01 09:30:00-04:00,11.550000190734863,11.550000190734863,11.539999961853027,11.539999961853027,2813,0.0,0.0
2024-10-03 09:30:00-04:00,11.65999984741211,11.65999984741211,11.65999984741211,11.65999984741211,101,0.0,0.0
2024-10-03 13:30:00-04:00,11.539999961853027,11.539999961853027,11.539999961853027,11.539999961853027,0,0.0,0.0
2024-10-08 09:30:00-04:00,11.5600004196167,11.5600004196167,11.5600004196167,11.5600004196167,54,0.0,0.0
2024-10-08 15:30:00-04:00,11.550000190734863,11.550000190734863,11.550000190734863,11.550000190734863,100,0.0,0.0
2024-10-09 11:30:00-04:00,11.539999961853027,11.539999961853027,11.539999961853027,11.539999961853027,596,0.0,0.0
2024-10-11 11:30:00-04:00,11.539999961853027,11.539999961853027,11.539999961853027,11.539999961853027,99200,0.0,0.0
2024-10-14 10:30:00-04:00,11.550000190734863,11.550000190734863,11.550000190734863,11.550000190734863,0,0.0,0.0
