Datetime,Open,High,Low,Close,Volume,Dividends,Stock Splits
2022-10-20 09:30:00-04:00,21.799999237060547,23.079999923706055,21.799999237060547,23.030000686645508,510756,0.0,0.0
2022-10-20 10:30:00-04:00,23.040000915527344,23.139999389648438,22.795000076293945,22.81999969482422,253675,0.0,0.0
2022-10-20 11:30:00-04:00,22.809999465942383,22.954999923706055,22.329999923706055,22.399999618530273,260458,0.0,0.0
2022-10-20 12:30:00-04:00,22.399999618530273,22.559999465942383,22.31999969482422,22.469999313354492,241954,0.0,0.0
2022-10-20 13:30:00-04:00,22.450000762939453,22.6200008392334,22.200000762939453,22.3700008392334,430450,0.0,0.0
2022-10-20 14:30:00-04:00,22.360000610351562,22.6200008392334,22.270000457763672,22.579999923706055,293165,0.0,0.0
2022-10-20 15:30:00-04:00,22.584400177001953,22.700000762939453,22.459999084472656,22.665000915527344,541660,0.0,0.0
2022-10-21 09:30:00-04:00,22.5,22.78499984741211,22.049999237060547,22.34000015258789,408393,0.0,0.0
2022-10-21 10:30:00-04:00,22.329999923706055,22.475000381469727,21.979999542236328,22.440000534057617,757022,0.0,0.0
2022-10-21 11:30:00-04:00,22.43000030517578,22.989999771118164,22.290000915527344,22.809999465942383,218058,0.0,0.0
2022-10-21 12:30:00-04:00,22.809999465942383,22.940000534057617,22.639999389648438,22.739999771118164,254444,0.0,0.0
2022-10-21 13:30:00-04:00,22.729999542236328,23.18000030517578,22.450000762939453,22.510000228881836,716772,0.0,0.0
2022-10-21 14:30:00-04:00,22.510000228881836,22.81999969482422,22.5,22.760000228881836,608077,0.0,0.0
2022-10-21 15:30:00-04:00,22.729999542236328,22.81999969482422,22.56999969482422,22.600000381469727,660265,0.0,0.0
2022-10-24 09:30:00-04:00,22.5,22.565000534057617,21.81999969482422,22.059999465942383,532959,0.0,0.0
2022-10-24 10:30:00-04:00,22.049999237060547,22.559999465942383,22.030000686645508,22.469999313354492,215554,0.0,0.0
2022-10-24 11:30:00-04:00,22.469999313354492,22.719999313354492,22.219999313354492,22.6299991607666,248603,0.0,0.0
2022-10-24 12:30:00-04:00,22.6299991607666,22.670000076293945,22.24489974975586,22.270000457763672,220399,0.0,0.0
2022-10-24 13:30:00-04:00,22.290000915527344,22.43000030517578,22.139999389648438,22.40999984741211,130042,0.0,0.0
2022-10-24 14:30:00-04:00,22.399999618530273,22.559999465942383,22.399999618530273,22.46500015258789,199170,0.0,0.0
2022-10-24 15:30:00-04:00,22.46500015258789,22.510000228881836,22.319900512695312,22.3700008392334,353375,0.0,0.0
2022-10-25 09:30:00-04:00,22.639999389648438,23.81999969482422,22.639999389648438,23.600000381469727,565214,0.0,0.0
2022-10-25 10:30:00-04:00,23.600000381469727,23.670000076293945,23.309999465942383,23.65999984741211,364201,0.0,0.0
2022-10-25 11:30:00-04:00,23.65999984741211,23.850000381469727,23.60849952697754,23.850000381469727,203678,0.0,0.0
2022-10-25 12:30:00-04:00,23.860000610351562,23.864999771118164,23.579999923706055,23.659900665283203,152875,0.0,0.0
2022-10-25 13:30:00-04:00,23.65999984741211,23.81999969482422,23.65999984741211,23.780000686645508,148224,0.0,0.0
2022-10-25 14:30:00-04:00,23.780000686645508,23.799999237060547,23.655000686645508,23.770000457763672,264389,0.0,0.0
2022-10-25 15:30:00-04:00,23.760000228881836,23.780000686645508,23.655000686645508,23.709999084472656,409192,0.0,0.0
2022-10-26 09:30:00-04:00,22.989999771118164,24.719999313354492,22.43000030517578,24.389999389648438,615639,0.0,0.0
2022-10-26 10:30:00-04:00,24.38990020751953,24.719999313354492,24.329999923706055,24.5,324433,0.0,0.0
2022-10-26 11:30:00-04:00,24.479999542236328,24.4906005859375,24.010000228881836,24.05500030517578,339145,0.0,0.0
2022-10-26 12:30:00-04:00,24.059999465942383,24.1299991607666,23.170000076293945,23.239999771118164,263480,0.0,0.0
2022-10-26 13:30:00-04:00,23.239999771118164,23.739999771118164,23.209999084472656,23.700000762939453,180417,0.0,0.0
2022-10-26 14:30:00-04:00,23.69499969482422,23.774999618530273,23.540000915527344,23.56999969482422,159154,0.0,0.0
2022-10-26 15:30:00-04:00,23.56999969482422,23.6200008392334,23.3799991607666,23.56999969482422,489441,0.0,0.0
2022-10-27 09:30:00-04:00,23.829999923706055,24.360000610351562,23.399999618530273,24.309999465942383,524439,0.0,0.0
2022-10-27 10:30:00-04:00,24.290000915527344,24.33009910583496,23.639999389648438,23.6658992767334,195838,0.0,0.0
2022-10-27 11:30:00-04:00,23.670000076293945,23.829999923706055,22.9414005279541,23.230100631713867,416608,0.0,0.0
2022-10-27 12:30:00-04:00,23.260000228881836,23.690000534057617,23.260000228881836,23.55500030517578,54593,0.0,0.0
2022-10-27 13:30:00-04:00,23.559999465942383,23.559999465942383,23.290000915527344,23.290000915527344,94338,0.0,0.0
2022-10-27 14:30:00-04:00,23.290000915527344,23.360000610351562,23.05500030517578,23.299999237060547,187974,0.0,0.0
2022-10-27 15:30:00-04:00,23.280000686645508,23.440000534057617,23.239999771118164,23.290000915527344,253218,0.0,0.0
2022-10-28 09:30:00-04:00,23.049999237060547,23.700000762939453,22.670000076293945,22.8700008392334,492222,0.0,0.0
2022-10-28 10:30:00-04:00,22.8700008392334,23.149999618530273,22.799999237060547,23.06999969482422,171118,0.0,0.0
2022-10-28 11:30:00-04:00,23.079999923706055,23.399999618530273,23.020000457763672,23.280000686645508,224861,0.0,0.0
2022-10-28 12:30:00-04:00,23.309999465942383,23.40999984741211,23.139999389648438,23.149999618530273,169730,0.0,0.0
2022-10-28 13:30:00-04:00,23.149999618530273,23.25,23.042299270629883,23.15999984741211,96380,0.0,0.0
2022-10-28 14:30:00-04:00,23.170000076293945,23.399900436401367,23.139999389648438,23.350000381469727,272922,0.0,0.0
2022-10-28 15:30:00-04:00,23.34000015258789,23.459999084472656,23.270000457763672,23.399999618530273,476073,0.0,0.0
2022-10-31 09:30:00-04:00,23.1299991607666,23.59000015258789,22.790000915527344,23.059999465942383,495018,0.0,0.0
2022-10-31 10:30:00-04:00,23.030000686645508,23.264999389648438,22.799999237060547,23.170000076293945,125063,0.0,0.0
2022-10-31 11:30:00-04:00,23.184999465942383,23.270000457763672,23.049999237060547,23.049999237060547,139463,0.0,0.0
2022-10-31 12:30:00-04:00,23.040000915527344,23.049999237060547,22.8799991607666,22.9950008392334,82092,0.0,0.0
2022-10-31 13:30:00-04:00,23.0,23.059999465942383,22.90999984741211,23.040000915527344,168411,0.0,0.0
2022-10-31 14:30:00-04:00,23.049999237060547,23.084999084472656,22.8799991607666,22.934999465942383,135593,0.0,0.0
2022-10-31 15:30:00-04:00,22.93000030517578,23.020000457763672,22.729999542236328,22.84000015258789,892163,0.0,0.0
2022-11-01 09:30:00-04:00,23.190000534057617,24.200000762939453,22.610000610351562,22.81999969482422,573684,0.0,0.0
2022-11-01 10:30:00-04:00,22.850000381469727,22.860000610351562,22.520000457763672,22.729999542236328,148136,0.0,0.0
2022-11-01 11:30:00-04:00,22.729999542236328,22.739999771118164,22.350000381469727,22.350000381469727,221256,0.0,0.0
2022-11-01 12:30:00-04:00,22.350000381469727,22.5,22.200000762939453,22.43000030517578,124510,0.0,0.0
2022-11-01 13:30:00-04:00,22.44499969482422,22.5,22.34000015258789,22.5,86481,0.0,0.0
2022-11-01 14:30:00-04:00,22.479999542236328,22.489999771118164,22.30500030517578,22.325000762939453,172107,0.0,0.0
2022-11-01 15:30:00-04:00,22.32029914855957,22.34000015258789,22.209999084472656,22.219999313354492,410747,0.0,0.0
2022-11-02 09:30:00-04:00,22.149999618530273,22.225799560546875,21.280000686645508,21.34000015258789,366754,0.0,0.0
2022-11-02 10:30:00-04:00,21.3700008392334,21.530000686645508,20.834999084472656,20.940000534057617,310470,0.0,0.0
2022-11-02 11:30:00-04:00,20.959999084472656,21.077299118041992,20.75,20.760000228881836,215375,0.0,0.0
2022-11-02 12:30:00-04:00,20.75,21.100000381469727,20.600000381469727,21.09000015258789,290369,0.0,0.0
2022-11-02 13:30:00-04:00,21.08169937133789,22.059999465942383,21.079999923706055,22.010000228881836,452705,0.0,0.0
2022-11-02 14:30:00-04:00,22.020000457763672,22.040000915527344,20.729999542236328,20.809999465942383,496817,0.0,0.0
2022-11-02 15:30:00-04:00,20.809999465942383,21.1200008392334,20.610000610351562,20.860000610351562,1190089,0.0,0.0
2022-11-03 09:30:00-04:00,20.59000015258789,20.649999618530273,19.8799991607666,20.329999923706055,2146104,0.0,0.0
2022-11-03 10:30:00-04:00,20.34000015258789,21.1200008392334,20.149999618530273,20.329999923706055,723237,0.0,0.0
2022-11-03 11:30:00-04:00,20.350000381469727,20.510000228881836,20.25,20.3700008392334,187256,0.0,0.0
2022-11-03 12:30:00-04:00,20.40999984741211,20.59000015258789,20.25,20.31999969482422,235002,0.0,0.0
2022-11-03 13:30:00-04:00,20.327499389648438,20.440000534057617,20.219999313354492,20.30500030517578,276082,0.0,0.0
2022-11-03 14:30:00-04:00,20.30500030517578,20.40999984741211,20.200000762939453,20.25,436056,0.0,0.0
2022-11-03 15:30:00-04:00,20.25,20.309999465942383,19.950000762939453,20.0,589499,0.0,0.0
2022-11-04 09:30:00-04:00,20.270000457763672,20.280000686645508,17.850099563598633,18.31999969482422,1508196,0.0,0.0
2022-11-04 10:30:00-04:00,18.270000457763672,18.5,17.811800003051758,17.844999313354492,910888,0.0,0.0
2022-11-04 11:30:00-04:00,17.84000015258789,17.920000076293945,17.399999618530273,17.8799991607666,867233,0.0,0.0
2022-11-04 12:30:00-04:00,17.8700008392334,18.019500732421875,17.34000015258789,17.34000015258789,648845,0.0,0.0
2022-11-04 13:30:00-04:00,17.351200103759766,17.510000228881836,17.190000534057617,17.491199493408203,588653,0.0,0.0
2022-11-04 14:30:00-04:00,17.5,17.670000076293945,17.45989990234375,17.566299438476562,497725,0.0,0.0
2022-11-04 15:30:00-04:00,17.565000534057617,17.770000457763672,17.510000228881836,17.6200008392334,649013,0.0,0.0
2022-11-07 09:30:00-05:00,17.780000686645508,17.940000534057617,16.600000381469727,16.729999542236328,1039193,0.0,0.0
2022-11-07 10:30:00-05:00,16.729999542236328,16.860000610351562,16.54010009765625,16.809999465942383,644664,0.0,0.0
2022-11-07 11:30:00-05:00,16.809999465942383,16.84000015258789,16.264999389648438,16.264999389648438,906411,0.0,0.0
2022-11-07 12:30:00-05:00,16.270000457763672,16.344999313354492,16.05500030517578,16.15999984741211,724799,0.0,0.0
2022-11-07 13:30:00-05:00,16.170000076293945,16.196199417114258,16.010000228881836,16.099899291992188,811981,0.0,0.0
2022-11-07 14:30:00-05:00,16.094999313354492,16.31999969482422,16.049999237060547,16.295000076293945,950152,0.0,0.0
2022-11-07 15:30:00-05:00,16.295000076293945,16.65999984741211,16.290000915527344,16.65999984741211,1046522,0.0,0.0
2022-11-08 09:30:00-05:00,16.75,17.179899215698242,16.450000762939453,16.889999389648438,1014178,0.0,0.0
2022-11-08 10:30:00-05:00,16.899999618530273,17.729999542236328,16.899999618530273,17.709999084472656,834263,0.0,0.0
2022-11-08 11:30:00-05:00,17.719999313354492,17.829999923706055,17.334999084472656,17.440000534057617,479041,0.0,0.0
2022-11-08 12:30:00-05:00,17.43000030517578,17.434999465942383,17.079999923706055,17.100000381469727,350098,0.0,0.0
2022-11-08 13:30:00-05:00,17.100099563598633,17.209999084472656,16.600000381469727,16.600000381469727,447161,0.0,0.0
2022-11-08 14:30:00-05:00,16.6200008392334,17.100000381469727,16.530000686645508,17.09000015258789,418533,0.0,0.0
2022-11-08 15:30:00-05:00,17.09000015258789,17.229999542236328,16.969999313354492,16.989999771118164,728291,0.0,0.0
2022-11-09 09:30:00-05:00,16.530000686645508,16.600000381469727,15.90999984741211,16.09749984741211,949823,0.0,0.0
2022-11-09 10:30:00-05:00,16.09000015258789,16.100000381469727,15.779999732971191,15.824999809265137,550236,0.0,0.0
2022-11-09 11:30:00-05:00,15.819999694824219,16.045000076293945,15.694999694824219,15.760000228881836,424819,0.0,0.0
2022-11-09 12:30:00-05:00,15.760000228881836,15.845000267028809,15.699999809265137,15.819999694824219,278194,0.0,0.0
2022-11-09 13:30:00-05:00,15.8149995803833,15.835000038146973,15.65250015258789,15.779999732971191,508931,0.0,0.0
2022-11-09 14:30:00-05:00,15.779999732971191,15.78499984741211,15.520000457763672,15.635000228881836,601440,0.0,0.0
2022-11-09 15:30:00-05:00,15.635000228881836,15.635000228881836,15.430000305175781,15.449999809265137,1333447,0.0,0.0
2022-11-10 09:30:00-05:00,17.1299991607666,18.389999389648438,16.940000534057617,17.989999771118164,2698866,0.0,0.0
2022-11-10 10:30:00-05:00,17.969999313354492,17.989999771118164,17.43000030517578,17.969999313354492,954483,0.0,0.0
2022-11-10 11:30:00-05:00,17.96500015258789,18.049999237060547,17.655000686645508,17.860000610351562,310840,0.0,0.0
2022-11-10 12:30:00-05:00,17.850000381469727,17.850000381469727,17.459999084472656,17.520000457763672,500769,0.0,0.0
2022-11-10 13:30:00-05:00,17.520000457763672,17.68000030517578,17.40999984741211,17.670000076293945,471378,0.0,0.0
2022-11-10 14:30:00-05:00,17.65999984741211,17.75,17.530000686645508,17.69499969482422,419952,0.0,0.0
2022-11-10 15:30:00-05:00,17.69499969482422,17.920000076293945,17.690000534057617,17.799999237060547,880868,0.0,0.0
2022-11-11 09:30:00-05:00,17.799999237060547,18.81999969482422,17.65999984741211,18.670000076293945,1590333,0.0,0.0
2022-11-11 10:30:00-05:00,18.68000030517578,18.780000686645508,18.31999969482422,18.31999969482422,838226,0.0,0.0
2022-11-11 11:30:00-05:00,18.309999465942383,18.94499969482422,18.25,18.920000076293945,665970,0.0,0.0
2022-11-11 12:30:00-05:00,18.920000076293945,19.2549991607666,18.904600143432617,19.225000381469727,527598,0.0,0.0
2022-11-11 13:30:00-05:00,19.229999542236328,19.3700008392334,19.128999710083008,19.21500015258789,362255,0.0,0.0
2022-11-11 14:30:00-05:00,19.209999084472656,19.690000534057617,19.174999237060547,19.389999389648438,824551,0.0,0.0
2022-11-11 15:30:00-05:00,19.389999389648438,19.489999771118164,19.040000915527344,19.049999237060547,846642,0.0,0.0
2022-11-14 09:30:00-05:00,18.8799991607666,19.0,17.780000686645508,18.09000015258789,1600998,0.0,0.0
2022-11-14 10:30:00-05:00,18.09000015258789,18.190000534057617,17.875,18.024999618530273,437592,0.0,0.0
2022-11-14 11:30:00-05:00,18.024999618530273,18.25,17.889999389648438,18.049999237060547,560547,0.0,0.0
2022-11-14 12:30:00-05:00,18.024999618530273,18.459999084472656,17.979999542236328,18.459999084472656,499950,0.0,0.0
2022-11-14 13:30:00-05:00,18.469999313354492,18.520000457763672,18.299999237060547,18.440000534057617,518674,0.0,0.0
2022-11-14 14:30:00-05:00,18.44499969482422,18.510000228881836,18.329999923706055,18.3799991607666,448431,0.0,0.0
2022-11-14 15:30:00-05:00,18.385000228881836,18.405000686645508,18.170000076293945,18.219999313354492,921027,0.0,0.0
2022-11-15 09:30:00-05:00,19.299999237060547,19.799999237060547,19.040000915527344,19.420000076293945,1469031,0.0,0.0
2022-11-15 10:30:00-05:00,19.40999984741211,19.479999542236328,18.894100189208984,19.15999984741211,378980,0.0,0.0
2022-11-15 11:30:00-05:00,19.170000076293945,19.350000381469727,18.930099487304688,18.969999313354492,509230,0.0,0.0
2022-11-15 12:30:00-05:00,18.979999542236328,19.079999923706055,18.895000457763672,18.93000030517578,651364,0.0,0.0
2022-11-15 13:30:00-05:00,18.950000762939453,19.520000457763672,18.780000686645508,19.469999313354492,535294,0.0,0.0
2022-11-15 14:30:00-05:00,19.469999313354492,19.469999313354492,19.18000030517578,19.219999313354492,409077,0.0,0.0
2022-11-15 15:30:00-05:00,19.209999084472656,19.40999984741211,19.0,19.299999237060547,1057699,0.0,0.0
2022-11-16 09:30:00-05:00,18.790000915527344,19.049999237060547,17.670000076293945,17.850099563598633,1094152,0.0,0.0
2022-11-16 10:30:00-05:00,17.8700008392334,17.899999618530273,17.395000457763672,17.760000228881836,693869,0.0,0.0
2022-11-16 11:30:00-05:00,17.75,17.889999389648438,17.520000457763672,17.6200008392334,398521,0.0,0.0
2022-11-16 12:30:00-05:00,17.6200008392334,17.774999618530273,17.600000381469727,17.719999313354492,389683,0.0,0.0
2022-11-16 13:30:00-05:00,17.729999542236328,17.729999542236328,17.450000762939453,17.579999923706055,303022,0.0,0.0
2022-11-16 14:30:00-05:00,17.575000762939453,17.575000762939453,17.239999771118164,17.280000686645508,646220,0.0,0.0
2022-11-16 15:30:00-05:00,17.28499984741211,17.5049991607666,17.21500015258789,17.454999923706055,697972,0.0,0.0
2022-11-17 09:30:00-05:00,16.959999084472656,17.270000457763672,16.649999618530273,16.920000076293945,658009,0.0,0.0
2022-11-17 10:30:00-05:00,16.93000030517578,17.1200008392334,16.829999923706055,17.09000015258789,480295,0.0,0.0
2022-11-17 11:30:00-05:00,17.094999313354492,17.510000228881836,16.985000610351562,17.15999984741211,401208,0.0,0.0
2022-11-17 12:30:00-05:00,17.165000915527344,17.3700008392334,17.084999084472656,17.295000076293945,266933,0.0,0.0
2022-11-17 13:30:00-05:00,17.295000076293945,17.385000228881836,17.065000534057617,17.110000610351562,282250,0.0,0.0
2022-11-17 14:30:00-05:00,17.110000610351562,17.18000030517578,16.959999084472656,16.985000610351562,340808,0.0,0.0
2022-11-17 15:30:00-05:00,16.989999771118164,17.0,16.850000381469727,16.920000076293945,766441,0.0,0.0
2022-11-18 09:30:00-05:00,17.709999084472656,17.709999084472656,16.780000686645508,16.889999389648438,502460,0.0,0.0
2022-11-18 10:30:00-05:00,16.889999389648438,17.020000457763672,16.649999618530273,16.90730094909668,285544,0.0,0.0
2022-11-18 11:30:00-05:00,16.915000915527344,16.979999542236328,16.739999771118164,16.81999969482422,159351,0.0,0.0
2022-11-18 12:30:00-05:00,16.829999923706055,16.920000076293945,16.600000381469727,16.729999542236328,175795,0.0,0.0
2022-11-18 13:30:00-05:00,16.729999542236328,16.780000686645508,16.6200008392334,16.719999313354492,140932,0.0,0.0
2022-11-18 14:30:00-05:00,16.729999542236328,16.860000610351562,16.65999984741211,16.760000228881836,264881,0.0,0.0
2022-11-18 15:30:00-05:00,16.760000228881836,16.790000915527344,16.6299991607666,16.68000030517578,374300,0.0,0.0
2022-11-21 09:30:00-05:00,16.3700008392334,16.584999084472656,16.149999618530273,16.209999084472656,380460,0.0,0.0
2022-11-21 10:30:00-05:00,16.19499969482422,16.489999771118164,16.170000076293945,16.3799991607666,265624,0.0,0.0
2022-11-21 11:30:00-05:00,16.395000457763672,16.395000457763672,16.1200008392334,16.15999984741211,202034,0.0,0.0
2022-11-21 12:30:00-05:00,16.170000076293945,16.260000228881836,16.010000228881836,16.09000015258789,206511,0.0,0.0
2022-11-21 13:30:00-05:00,16.079999923706055,16.209999084472656,16.049999237060547,16.1200008392334,131989,0.0,0.0
2022-11-21 14:30:00-05:00,16.100000381469727,16.200000762939453,15.979999542236328,16.145000457763672,324089,0.0,0.0
2022-11-21 15:30:00-05:00,16.145000457763672,16.239999771118164,16.139999389648438,16.170000076293945,372148,0.0,0.0
2022-11-22 09:30:00-05:00,16.0,16.18000030517578,15.600000381469727,16.020000457763672,510914,0.0,0.0
2022-11-22 10:30:00-05:00,16.024999618530273,16.110000610351562,15.824999809265137,15.989999771118164,191095,0.0,0.0
2022-11-22 11:30:00-05:00,15.970000267028809,16.0,15.8100004196167,16.0,187387,0.0,0.0
2022-11-22 12:30:00-05:00,15.989999771118164,16.1200008392334,15.920000076293945,16.049999237060547,179883,0.0,0.0
2022-11-22 13:30:00-05:00,16.059999465942383,16.145000457763672,15.949999809265137,16.077299118041992,216427,0.0,0.0
2022-11-22 14:30:00-05:00,16.06999969482422,16.239999771118164,16.040000915527344,16.235000610351562,272113,0.0,0.0
2022-11-22 15:30:00-05:00,16.235000610351562,16.344999313354492,16.200000762939453,16.329999923706055,454856,0.0,0.0
2022-11-23 09:30:00-05:00,16.350000381469727,16.690000534057617,16.010000228881836,16.610000610351562,439799,0.0,0.0
2022-11-23 10:30:00-05:00,16.610000610351562,16.770000457763672,16.540000915527344,16.625,268743,0.0,0.0
2022-11-23 11:30:00-05:00,16.610000610351562,16.719999313354492,16.3700008392334,16.4950008392334,174527,0.0,0.0
2022-11-23 12:30:00-05:00,16.4950008392334,16.559999465942383,16.31999969482422,16.540000915527344,106446,0.0,0.0
2022-11-23 13:30:00-05:00,16.549999237060547,16.709999084472656,16.540000915527344,16.600000381469727,305876,0.0,0.0
2022-11-23 14:30:00-05:00,16.600000381469727,16.600000381469727,16.5,16.545000076293945,277173,0.0,0.0
2022-11-23 15:30:00-05:00,16.540000915527344,16.565000534057617,16.469999313354492,16.475000381469727,394188,0.0,0.0
2022-11-25 09:30:00-05:00,16.309999465942383,16.40999984741211,16.18000030517578,16.290000915527344,293498,0.0,0.0
2022-11-25 10:30:00-05:00,16.309999465942383,16.43000030517578,16.280000686645508,16.3700008392334,150338,0.0,0.0
2022-11-25 11:30:00-05:00,16.3799991607666,16.469999313354492,16.350000381469727,16.434999465942383,154734,0.0,0.0
2022-11-28 09:30:00-05:00,16.09000015258789,16.239999771118164,15.891900062561035,15.954999923706055,486080,0.0,0.0
2022-11-28 10:30:00-05:00,15.970000267028809,16.06999969482422,15.899999618530273,15.979999542236328,248547,0.0,0.0
2022-11-28 11:30:00-05:00,15.989999771118164,16.040000915527344,15.90999984741211,16.009899139404297,239269,0.0,0.0
2022-11-28 12:30:00-05:00,15.994999885559082,16.059999465942383,15.920000076293945,15.930000305175781,185019,0.0,0.0
2022-11-28 13:30:00-05:00,15.931699752807617,15.960000038146973,15.75,15.8100004196167,350269,0.0,0.0
2022-11-28 14:30:00-05:00,15.8100004196167,15.9399995803833,15.795000076293945,15.875,392264,0.0,0.0
2022-11-28 15:30:00-05:00,15.875,16.06999969482422,15.864999771118164,16.040000915527344,583755,0.0,0.0
2022-11-29 09:30:00-05:00,16.020000457763672,16.190000534057617,15.819999694824219,16.069799423217773,384194,0.0,0.0
2022-11-29 10:30:00-05:00,16.040000915527344,16.1299991607666,15.859999656677246,15.899999618530273,197174,0.0,0.0
2022-11-29 11:30:00-05:00,15.890000343322754,16.049999237060547,15.850000381469727,15.864999771118164,209486,0.0,0.0
2022-11-29 12:30:00-05:00,15.880000114440918,15.918999671936035,15.460000038146973,15.5,430828,0.0,0.0
2022-11-29 13:30:00-05:00,15.5,15.670000076293945,15.489999771118164,15.600000381469727,258004,0.0,0.0
2022-11-29 14:30:00-05:00,15.600000381469727,15.609999656677246,15.510000228881836,15.539999961853027,225297,0.0,0.0
2022-11-29 15:30:00-05:00,15.545000076293945,15.54990005493164,15.350000381469727,15.460000038146973,592223,0.0,0.0
2022-11-30 09:30:00-05:00,14.289999961853027,14.369999885559082,13.270000457763672,13.69320011138916,3086995,0.0,0.0
2022-11-30 10:30:00-05:00,13.694999694824219,13.760000228881836,13.45009994506836,13.729999542236328,914100,0.0,0.0
2022-11-30 11:30:00-05:00,13.739999771118164,13.880000114440918,13.630000114440918,13.664999961853027,723811,0.0,0.0
2022-11-30 12:30:00-05:00,13.65999984741211,13.710000038146973,13.545000076293945,13.609999656677246,436136,0.0,0.0
2022-11-30 13:30:00-05:00,13.600099563598633,14.630000114440918,13.579999923706055,14.550000190734863,1177352,0.0,0.0
2022-11-30 14:30:00-05:00,14.539999961853027,14.54990005493164,13.930000305175781,14.265000343322754,1960373,0.0,0.0
2022-11-30 15:30:00-05:00,14.270000457763672,14.5,14.210000038146973,14.489999771118164,1567433,0.0,0.0
2022-12-01 09:30:00-05:00,14.949999809265137,15.680000305175781,14.699999809265137,14.720000267028809,1529452,0.0,0.0
2022-12-01 10:30:00-05:00,14.710000038146973,14.90999984741211,14.584500312805176,14.8100004196167,731487,0.0,0.0
2022-12-01 11:30:00-05:00,14.8100004196167,14.84000015258789,14.6850004196167,14.755000114440918,498183,0.0,0.0
2022-12-01 12:30:00-05:00,14.755000114440918,14.829999923706055,14.649999618530273,14.765000343322754,394979,0.0,0.0
2022-12-01 13:30:00-05:00,14.765000343322754,14.84000015258789,14.694999694824219,14.755000114440918,399145,0.0,0.0
2022-12-01 14:30:00-05:00,14.755000114440918,14.994999885559082,14.720000267028809,14.984999656677246,512531,0.0,0.0
2022-12-01 15:30:00-05:00,14.984999656677246,15.15999984741211,14.979999542236328,15.020000457763672,983649,0.0,0.0
2022-12-02 09:30:00-05:00,14.489999771118164,14.710000038146973,14.15999984741211,14.494999885559082,1176659,0.0,0.0
2022-12-02 10:30:00-05:00,14.5,14.792200088500977,14.40999984741211,14.6850004196167,1027899,0.0,0.0
2022-12-02 11:30:00-05:00,14.684399604797363,14.710000038146973,14.5600004196167,14.59000015258789,531645,0.0,0.0
2022-12-02 12:30:00-05:00,14.595000267028809,14.668499946594238,14.470000267028809,14.668499946594238,464738,0.0,0.0
2022-12-02 13:30:00-05:00,14.670000076293945,14.720000267028809,14.619999885559082,14.65999984741211,435936,0.0,0.0
2022-12-02 14:30:00-05:00,14.664999961853027,14.779999732971191,14.609999656677246,14.755000114440918,486404,0.0,0.0
2022-12-02 15:30:00-05:00,14.760000228881836,14.800000190734863,14.720000267028809,14.800000190734863,874681,0.0,0.0
2022-12-05 09:30:00-05:00,14.619999885559082,14.979999542236328,14.539999961853027,14.675000190734863,774884,0.0,0.0
2022-12-05 10:30:00-05:00,14.65999984741211,14.895000457763672,14.640000343322754,14.739999771118164,658337,0.0,0.0
2022-12-05 11:30:00-05:00,14.739999771118164,14.739999771118164,14.4399995803833,14.46500015258789,540039,0.0,0.0
2022-12-05 12:30:00-05:00,14.46500015258789,14.494999885559082,14.100000381469727,14.170000076293945,597460,0.0,0.0
2022-12-05 13:30:00-05:00,14.15999984741211,14.34000015258789,14.143199920654297,14.3100004196167,575392,0.0,0.0
2022-12-05 14:30:00-05:00,14.3149995803833,14.316200256347656,14.050000190734863,14.229999542236328,898092,0.0,0.0
2022-12-05 15:30:00-05:00,14.220000267028809,14.399999618530273,14.199999809265137,14.255000114440918,1259658,0.0,0.0
2022-12-06 09:30:00-05:00,14.25,14.579999923706055,14.029999732971191,14.180000305175781,1107798,0.0,0.0
2022-12-06 10:30:00-05:00,14.1899995803833,14.25,13.92199993133545,14.170000076293945,734300,0.0,0.0
2022-12-06 11:30:00-05:00,14.1899995803833,14.220000267028809,13.880000114440918,13.989999771118164,568051,0.0,0.0
2022-12-06 12:30:00-05:00,13.989999771118164,14.0600004196167,13.869999885559082,13.928999900817871,493405,0.0,0.0
2022-12-06 13:30:00-05:00,13.920000076293945,13.9399995803833,13.75,13.819999694824219,811520,0.0,0.0
2022-12-06 14:30:00-05:00,13.824999809265137,14.09000015258789,13.744999885559082,14.039999961853027,892809,0.0,0.0
2022-12-06 15:30:00-05:00,14.039999961853027,14.1899995803833,14.03499984741211,14.140000343322754,1086055,0.0,0.0
2022-12-07 09:30:00-05:00,14.010000228881836,14.640000343322754,12.800000190734863,14.200499534606934,3636665,0.0,0.0
2022-12-07 10:30:00-05:00,14.199999809265137,14.204500198364258,13.73009967803955,13.920000076293945,907929,0.0,0.0
2022-12-07 11:30:00-05:00,13.899999618530273,14.36989974975586,13.899999618530273,14.279999732971191,606090,0.0,0.0
2022-12-07 12:30:00-05:00,14.279999732971191,14.404999732971191,14.25,14.350000381469727,705504,0.0,0.0
2022-12-07 13:30:00-05:00,14.329999923706055,14.350000381469727,14.079999923706055,14.119999885559082,676475,0.0,0.0
2022-12-07 14:30:00-05:00,14.119999885559082,14.199999809265137,14.020000457763672,14.039999961853027,514965,0.0,0.0
2022-12-07 15:30:00-05:00,14.039999961853027,14.119999885559082,13.90999984741211,13.949999809265137,1120155,0.0,0.0
2022-12-08 09:30:00-05:00,14.020000457763672,15.15999984741211,13.779999732971191,14.779999732971191,1660395,0.0,0.0
2022-12-08 10:30:00-05:00,14.770000457763672,14.890000343322754,14.619999885559082,14.779999732971191,533979,0.0,0.0
2022-12-08 11:30:00-05:00,14.779999732971191,15.050000190734863,14.75,14.869999885559082,526712,0.0,0.0
2022-12-08 12:30:00-05:00,14.869999885559082,15.34000015258789,14.869999885559082,15.34000015258789,643337,0.0,0.0
2022-12-08 13:30:00-05:00,15.34000015258789,15.359999656677246,15.100000381469727,15.199999809265137,861218,0.0,0.0
2022-12-08 14:30:00-05:00,15.194999694824219,15.425000190734863,15.130000114440918,15.420000076293945,643244,0.0,0.0
2022-12-08 15:30:00-05:00,15.414999961853027,15.460000038146973,15.140000343322754,15.21500015258789,1423380,0.0,0.0
2022-12-09 09:30:00-05:00,15.100000381469727,15.770000457763672,15.100000381469727,15.5600004196167,915153,0.0,0.0
2022-12-09 10:30:00-05:00,15.579999923706055,15.664999961853027,15.5,15.609999656677246,484934,0.0,0.0
2022-12-09 11:30:00-05:00,15.600000381469727,15.675000190734863,15.350000381469727,15.395000457763672,489236,0.0,0.0
2022-12-09 12:30:00-05:00,15.395000457763672,15.420000076293945,15.220000267028809,15.319999694824219,319370,0.0,0.0
2022-12-09 13:30:00-05:00,15.319999694824219,15.390000343322754,15.3100004196167,15.380000114440918,224531,0.0,0.0
2022-12-09 14:30:00-05:00,15.380000114440918,15.420000076293945,15.329999923706055,15.359999656677246,282864,0.0,0.0
2022-12-09 15:30:00-05:00,15.359999656677246,15.369999885559082,15.34000015258789,15.359999656677246,750850,0.0,0.0
2022-12-12 09:30:00-05:00,15.380000114440918,16.100000381469727,15.371000289916992,15.890000343322754,661057,0.0,0.0
2022-12-12 10:30:00-05:00,15.890000343322754,16.020000457763672,15.8100004196167,15.930000305175781,471814,0.0,0.0
2022-12-12 11:30:00-05:00,15.930000305175781,15.970000267028809,15.84000015258789,15.899999618530273,294146,0.0,0.0
2022-12-12 12:30:00-05:00,15.899999618530273,15.91819953918457,15.755000114440918,15.770000457763672,290977,0.0,0.0
2022-12-12 13:30:00-05:00,15.774999618530273,15.859999656677246,15.71500015258789,15.78499984741211,206560,0.0,0.0
2022-12-12 14:30:00-05:00,15.779999732971191,15.800000190734863,15.729999542236328,15.770000457763672,409084,0.0,0.0
2022-12-12 15:30:00-05:00,15.774999618530273,15.869999885559082,15.720000267028809,15.869999885559082,852908,0.0,0.0
2022-12-13 09:30:00-05:00,17.079999923706055,17.34000015258789,16.010000228881836,16.06999969482422,1369422,0.0,0.0
2022-12-13 10:30:00-05:00,16.079999923706055,16.219999313354492,15.880000114440918,16.020000457763672,601108,0.0,0.0
2022-12-13 11:30:00-05:00,16.030000686645508,16.1200008392334,15.40999984741211,15.470000267028809,632795,0.0,0.0
2022-12-13 12:30:00-05:00,15.460000038146973,15.819999694824219,15.319999694824219,15.760000228881836,383683,0.0,0.0
2022-12-13 13:30:00-05:00,15.765000343322754,15.979999542236328,15.765000343322754,15.911999702453613,389781,0.0,0.0
2022-12-13 14:30:00-05:00,15.90999984741211,16.0,15.75,15.8149995803833,424649,0.0,0.0
2022-12-13 15:30:00-05:00,15.8149995803833,15.845000267028809,15.59000015258789,15.630000114440918,1052482,0.0,0.0
2022-12-14 09:30:00-05:00,15.609999656677246,15.904999732971191,15.510000228881836,15.710000038146973,538490,0.0,0.0
2022-12-14 10:30:00-05:00,15.720000267028809,15.729999542236328,15.395000457763672,15.454999923706055,353991,0.0,0.0
2022-12-14 11:30:00-05:00,15.45989990234375,15.479999542236328,15.319999694824219,15.399999618530273,403896,0.0,0.0
2022-12-14 12:30:00-05:00,15.390000343322754,15.420000076293945,15.279999732971191,15.359999656677246,245518,0.0,0.0
2022-12-14 13:30:00-05:00,15.364999771118164,15.423100471496582,14.970000267028809,15.199999809265137,530174,0.0,0.0
2022-12-14 14:30:00-05:00,15.180000305175781,15.430000305175781,14.90999984741211,15.135000228881836,609376,0.0,0.0
2022-12-14 15:30:00-05:00,15.130000114440918,15.199999809265137,14.979999542236328,15.029999732971191,1000604,0.0,0.0
2022-12-15 09:30:00-05:00,14.699999809265137,15.270000457763672,14.619999885559082,15.170000076293945,568298,0.0,0.0
2022-12-15 10:30:00-05:00,15.170000076293945,15.1899995803833,14.595000267028809,14.645000457763672,608016,0.0,0.0
2022-12-15 11:30:00-05:00,14.642000198364258,14.699999809265137,14.4399995803833,14.510000228881836,480449,0.0,0.0
2022-12-15 12:30:00-05:00,14.5,14.505000114440918,14.3100004196167,14.425000190734863,306980,0.0,0.0
2022-12-15 13:30:00-05:00,14.420000076293945,14.470000267028809,14.345000267028809,14.354999542236328,419558,0.0,0.0
2022-12-15 14:30:00-05:00,14.350000381469727,14.5,14.300000190734863,14.494999885559082,479747,0.0,0.0
2022-12-15 15:30:00-05:00,14.494999885559082,14.529999732971191,14.265000343322754,14.470000267028809,1351249,0.0,0.0
2022-12-16 09:30:00-05:00,14.399999618530273,14.65999984741211,14.100000381469727,14.104999542236328,870416,0.0,0.0
2022-12-16 10:30:00-05:00,14.104999542236328,14.135000228881836,13.829999923706055,13.907600402832031,913517,0.0,0.0
2022-12-16 11:30:00-05:00,13.914999961853027,14.079999923706055,13.880000114440918,14.059900283813477,467557,0.0,0.0
2022-12-16 12:30:00-05:00,14.059900283813477,14.220000267028809,14.031700134277344,14.204999923706055,273275,0.0,0.0
2022-12-16 13:30:00-05:00,14.204999923706055,14.270000457763672,14.09000015258789,14.175000190734863,455342,0.0,0.0
2022-12-16 14:30:00-05:00,14.180000305175781,14.1899995803833,14.015000343322754,14.109999656677246,519900,0.0,0.0
2022-12-16 15:30:00-05:00,14.114999771118164,14.140000343322754,13.84000015258789,13.9399995803833,1252890,0.0,0.0
2022-12-19 09:30:00-05:00,13.8100004196167,13.8100004196167,13.329999923706055,13.609999656677246,581531,0.0,0.0
2022-12-19 10:30:00-05:00,13.609999656677246,13.720000267028809,13.229999542236328,13.319999694824219,501874,0.0,0.0
2022-12-19 11:30:00-05:00,13.324999809265137,13.414999961853027,13.119999885559082,13.329999923706055,346113,0.0,0.0
2022-12-19 12:30:00-05:00,13.324999809265137,13.529999732971191,13.279999732971191,13.4399995803833,282955,0.0,0.0
2022-12-19 13:30:00-05:00,13.4399995803833,13.444999694824219,13.180000305175781,13.1850004196167,296439,0.0,0.0
2022-12-19 14:30:00-05:00,13.181699752807617,13.289999961853027,13.100000381469727,13.204999923706055,573025,0.0,0.0
2022-12-19 15:30:00-05:00,13.204999923706055,13.204999923706055,13.029999732971191,13.149999618530273,834037,0.0,0.0
2022-12-20 09:30:00-05:00,12.989999771118164,13.5600004196167,12.880000114440918,13.479999542236328,814973,0.0,0.0
2022-12-20 10:30:00-05:00,13.489999771118164,13.641799926757812,13.28499984741211,13.380000114440918,484953,0.0,0.0
2022-12-20 11:30:00-05:00,13.390000343322754,13.59000015258789,13.380000114440918,13.484999656677246,415394,0.0,0.0
2022-12-20 12:30:00-05:00,13.484999656677246,13.484999656677246,13.350000381469727,13.395000457763672,453128,0.0,0.0
2022-12-20 13:30:00-05:00,13.395000457763672,13.65999984741211,13.395000457763672,13.619999885559082,493102,0.0,0.0
2022-12-20 14:30:00-05:00,13.619999885559082,13.65999984741211,13.520000457763672,13.65999984741211,686576,0.0,0.0
2022-12-20 15:30:00-05:00,13.649999618530273,13.729999542236328,13.619999885559082,13.680000305175781,916554,0.0,0.0
2022-12-21 09:30:00-05:00,13.75,13.899999618530273,13.229999542236328,13.600000381469727,856708,0.0,0.0
2022-12-21 10:30:00-05:00,13.59000015258789,13.8100004196167,13.5,13.800000190734863,466100,0.0,0.0
2022-12-21 11:30:00-05:00,13.795000076293945,13.819999694824219,13.675000190734863,13.779999732971191,234555,0.0,0.0
2022-12-21 12:30:00-05:00,13.779999732971191,13.829299926757812,13.699999809265137,13.729999542236328,198797,0.0,0.0
2022-12-21 13:30:00-05:00,13.729999542236328,13.84000015258789,13.6899995803833,13.795000076293945,229996,0.0,0.0
2022-12-21 14:30:00-05:00,13.79990005493164,13.859999656677246,13.640000343322754,13.6850004196167,348777,0.0,0.0
2022-12-21 15:30:00-05:00,13.6850004196167,13.729999542236328,13.609999656677246,13.630000114440918,462912,0.0,0.0
2022-12-22 09:30:00-05:00,13.34000015258789,13.460000038146973,13.149999618530273,13.270000457763672,333099,0.0,0.0
2022-12-22 10:30:00-05:00,13.270000457763672,13.319999694824219,13.09000015258789,13.170000076293945,353049,0.0,0.0
2022-12-22 11:30:00-05:00,13.161800384521484,13.1899995803833,13.010000228881836,13.114999771118164,278899,0.0,0.0
2022-12-22 12:30:00-05:00,13.114999771118164,13.155900001525879,13.050000190734863,13.104999542236328,206805,0.0,0.0
2022-12-22 13:30:00-05:00,13.100199699401855,13.25,13.071100234985352,13.220100402832031,203499,0.0,0.0
2022-12-22 14:30:00-05:00,13.220000267028809,13.375,13.180000305175781,13.369999885559082,306078,0.0,0.0
2022-12-22 15:30:00-05:00,13.369999885559082,13.520000457763672,13.34000015258789,13.444999694824219,566656,0.0,0.0
2022-12-23 09:30:00-05:00,13.350000381469727,13.390000343322754,12.859999656677246,13.126700401306152,612763,0.0,0.0
2022-12-23 10:30:00-05:00,13.130000114440918,13.255000114440918,12.9350004196167,12.9483003616333,359815,0.0,0.0
2022-12-23 11:30:00-05:00,12.949999809265137,13.15999984741211,12.944999694824219,13.130000114440918,203025,0.0,0.0
2022-12-23 12:30:00-05:00,13.140000343322754,13.170000076293945,13.069999694824219,13.085000038146973,150712,0.0,0.0
2022-12-23 13:30:00-05:00,13.09000015258789,13.234999656677246,13.055000305175781,13.220000267028809,146009,0.0,0.0
2022-12-23 14:30:00-05:00,13.220000267028809,13.255000114440918,13.140000343322754,13.170000076293945,181090,0.0,0.0
2022-12-23 15:30:00-05:00,13.180000305175781,13.279999732971191,13.164999961853027,13.270000457763672,341607,0.0,0.0
2022-12-27 09:30:00-05:00,13.09000015258789,13.109999656677246,12.779999732971191,13.005000114440918,413089,0.0,0.0
2022-12-27 10:30:00-05:00,13.015000343322754,13.140000343322754,12.949999809265137,13.130000114440918,209322,0.0,0.0
2022-12-27 11:30:00-05:00,13.140000343322754,13.1850004196167,13.079999923706055,13.130000114440918,210144,0.0,0.0
2022-12-27 12:30:00-05:00,13.125,13.199999809265137,13.095000267028809,13.163999557495117,201930,0.0,0.0
2022-12-27 13:30:00-05:00,13.164999961853027,13.265000343322754,13.149999618530273,13.21500015258789,279360,0.0,0.0
2022-12-27 14:30:00-05:00,13.21500015258789,13.255000114440918,13.119999885559082,13.125,279038,0.0,0.0
2022-12-27 15:30:00-05:00,13.125,13.149999618530273,13.0,13.085000038146973,594595,0.0,0.0
2022-12-28 09:30:00-05:00,13.079999923706055,13.329999923706055,12.989999771118164,13.1899995803833,380489,0.0,0.0
2022-12-28 10:30:00-05:00,13.1899995803833,13.250900268554688,13.020000457763672,13.109999656677246,199068,0.0,0.0
2022-12-28 11:30:00-05:00,13.109999656677246,13.140000343322754,13.0,13.050000190734863,202329,0.0,0.0
2022-12-28 12:30:00-05:00,13.055000305175781,13.220000267028809,13.050100326538086,13.140000343322754,242466,0.0,0.0
2022-12-28 13:30:00-05:00,13.140000343322754,13.194999694824219,13.0600004196167,13.069999694824219,190010,0.0,0.0
2022-12-28 14:30:00-05:00,13.074999809265137,13.229999542236328,13.0600004196167,13.204999923706055,468341,0.0,0.0
2022-12-28 15:30:00-05:00,13.204999923706055,13.265000343322754,13.164999961853027,13.210000038146973,701821,0.0,0.0
2022-12-29 09:30:00-05:00,13.5,13.930000305175781,13.350000381469727,13.869999885559082,559994,0.0,0.0
2022-12-29 10:30:00-05:00,13.880000114440918,14.3100004196167,13.880000114440918,14.210000038146973,610308,0.0,0.0
2022-12-29 11:30:00-05:00,14.220000267028809,14.369999885559082,14.182100296020508,14.204999923706055,262712,0.0,0.0
2022-12-29 12:30:00-05:00,14.204999923706055,14.279999732971191,14.119999885559082,14.1899995803833,279596,0.0,0.0
2022-12-29 13:30:00-05:00,14.1899995803833,14.227299690246582,14.119999885559082,14.180000305175781,212709,0.0,0.0
2022-12-29 14:30:00-05:00,14.1850004196167,14.300000190734863,14.15999984741211,14.279999732971191,316189,0.0,0.0
2022-12-29 15:30:00-05:00,14.28499984741211,14.40999984741211,14.28499984741211,14.359999656677246,723576,0.0,0.0
2022-12-30 09:30:00-05:00,14.020000457763672,14.479999542236328,14.020000457763672,14.468799591064453,364186,0.0,0.0
2022-12-30 10:30:00-05:00,14.46500015258789,14.6899995803833,14.414999961853027,14.449999809265137,378925,0.0,0.0
2022-12-30 11:30:00-05:00,14.444999694824219,14.479999542236328,14.34000015258789,14.369999885559082,188222,0.0,0.0
2022-12-30 12:30:00-05:00,14.360199928283691,14.4399995803833,14.319999694824219,14.345000267028809,254316,0.0,0.0
2022-12-30 13:30:00-05:00,14.335000038146973,14.520000457763672,14.329999923706055,14.5,275175,0.0,0.0
2022-12-30 14:30:00-05:00,14.479999542236328,14.65999984741211,14.479999542236328,14.609999656677246,347562,0.0,0.0
2022-12-30 15:30:00-05:00,14.604999542236328,14.619999885559082,14.524999618530273,14.59000015258789,568323,0.0,0.0
2023-01-03 09:30:00-05:00,15.010000228881836,15.399999618530273,14.760100364685059,14.84000015258789,1474608,0.0,0.0
2023-01-03 10:30:00-05:00,14.835000038146973,14.890000343322754,14.699999809265137,14.779999732971191,689114,0.0,0.0
2023-01-03 11:30:00-05:00,14.789999961853027,14.925000190734863,14.65999984741211,14.869999885559082,639537,0.0,0.0
2023-01-03 12:30:00-05:00,14.880000114440918,15.1899995803833,14.800000190734863,15.15999984741211,1218817,0.0,0.0
2023-01-03 13:30:00-05:00,15.15999984741211,15.170000076293945,14.830100059509277,14.845000267028809,510033,0.0,0.0
2023-01-03 14:30:00-05:00,14.84000015258789,14.890000343322754,14.729999542236328,14.744999885559082,513633,0.0,0.0
2023-01-03 15:30:00-05:00,14.744999885559082,14.75,14.529999732971191,14.569999694824219,785050,0.0,0.0
2023-01-04 09:30:00-05:00,14.859999656677246,14.949999809265137,14.119999885559082,14.380000114440918,843980,0.0,0.0
2023-01-04 10:30:00-05:00,14.385000228881836,14.510000228881836,14.255000114440918,14.494999885559082,720612,0.0,0.0
2023-01-04 11:30:00-05:00,14.494999885559082,14.792699813842773,14.494999885559082,14.701299667358398,421424,0.0,0.0
2023-01-04 12:30:00-05:00,14.710000038146973,14.920000076293945,14.595000267028809,14.710000038146973,874707,0.0,0.0
2023-01-04 13:30:00-05:00,14.710800170898438,14.880000114440918,14.630000114440918,14.6899995803833,1450342,0.0,0.0
2023-01-04 14:30:00-05:00,14.6899995803833,15.069999694824219,14.670000076293945,15.05270004272461,516960,0.0,0.0
2023-01-04 15:30:00-05:00,15.050000190734863,15.0600004196167,14.859999656677246,15.010000228881836,982462,0.0,0.0
2023-01-05 09:30:00-05:00,14.550000190734863,14.5600004196167,13.375,13.729999542236328,1483481,0.0,0.0
2023-01-05 10:30:00-05:00,13.729999542236328,13.729999542236328,13.28499984741211,13.420000076293945,849734,0.0,0.0
2023-01-05 11:30:00-05:00,13.420000076293945,13.510000228881836,13.135000228881836,13.187800407409668,700034,0.0,0.0
2023-01-05 12:30:00-05:00,13.1899995803833,13.229999542236328,13.024999618530273,13.180000305175781,620318,0.0,0.0
2023-01-05 13:30:00-05:00,13.1899995803833,13.289999961853027,13.154999732971191,13.244999885559082,393310,0.0,0.0
2023-01-05 14:30:00-05:00,13.246999740600586,13.380000114440918,13.210000038146973,13.21500015258789,487648,0.0,0.0
2023-01-05 15:30:00-05:00,13.210000038146973,13.319999694824219,13.180000305175781,13.255000114440918,949632,0.0,0.0
2023-01-06 09:30:00-05:00,13.210000038146973,13.529999732971191,12.6899995803833,12.880000114440918,1315888,0.0,0.0
2023-01-06 10:30:00-05:00,12.889300346374512,13.34000015258789,12.889300346374512,13.300000190734863,487363,0.0,0.0
2023-01-06 11:30:00-05:00,13.300000190734863,13.305000305175781,13.109999656677246,13.125,346195,0.0,0.0
2023-01-06 12:30:00-05:00,13.130000114440918,13.210000038146973,13.0,13.210000038146973,366534,0.0,0.0
2023-01-06 13:30:00-05:00,13.204999923706055,13.329999923706055,13.199999809265137,13.274999618530273,339749,0.0,0.0
2023-01-06 14:30:00-05:00,13.274999618530273,13.369999885559082,13.145000457763672,13.305000305175781,420131,0.0,0.0
2023-01-06 15:30:00-05:00,13.305000305175781,13.335000038146973,13.210100173950195,13.274999618530273,642274,0.0,0.0
2023-01-09 09:30:00-05:00,13.520000457763672,14.319999694824219,13.449999809265137,14.039999961853027,1264482,0.0,0.0
2023-01-09 10:30:00-05:00,14.029999732971191,14.107999801635742,13.739999771118164,13.930000305175781,389840,0.0,0.0
2023-01-09 11:30:00-05:00,13.920000076293945,14.029999732971191,13.819999694824219,13.914999961853027,322072,0.0,0.0
2023-01-09 12:30:00-05:00,13.914999961853027,14.029999732971191,13.789999961853027,14.009900093078613,267545,0.0,0.0
2023-01-09 13:30:00-05:00,14.0,14.0,13.654999732971191,13.760000228881836,274844,0.0,0.0
2023-01-09 14:30:00-05:00,13.760000228881836,13.760000228881836,13.430000305175781,13.520000457763672,537914,0.0,0.0
2023-01-09 15:30:00-05:00,13.520000457763672,13.649999618530273,13.420000076293945,13.640000343322754,1042407,0.0,0.0
2023-01-10 09:30:00-05:00,13.460000038146973,13.670000076293945,13.164999961853027,13.289999961853027,1158243,0.0,0.0
2023-01-10 10:30:00-05:00,13.270000457763672,13.734999656677246,13.25,13.720000267028809,578561,0.0,0.0
2023-01-10 11:30:00-05:00,13.710000038146973,13.954999923706055,13.649999618530273,13.85319995880127,643041,0.0,0.0
2023-01-10 12:30:00-05:00,13.850000381469727,14.039999961853027,13.845000267028809,13.904999732971191,636537,0.0,0.0
2023-01-10 13:30:00-05:00,13.899999618530273,14.210000038146973,13.885000228881836,14.199999809265137,706644,0.0,0.0
2023-01-10 14:30:00-05:00,14.199999809265137,14.28499984741211,13.994999885559082,14.09000015258789,687810,0.0,0.0
2023-01-10 15:30:00-05:00,14.085000038146973,14.289999961853027,13.989999771118164,14.260000228881836,1157549,0.0,0.0
2023-01-11 09:30:00-05:00,14.430000305175781,14.5600004196167,14.074999809265137,14.470000267028809,734868,0.0,0.0
2023-01-11 10:30:00-05:00,14.46500015258789,14.46500015258789,14.09000015258789,14.109999656677246,430209,0.0,0.0
2023-01-11 11:30:00-05:00,14.114999771118164,14.380000114440918,14.114999771118164,14.3100004196167,335184,0.0,0.0
2023-01-11 12:30:00-05:00,14.3100004196167,14.449999809265137,14.244999885559082,14.4399995803833,358812,0.0,0.0
2023-01-11 13:30:00-05:00,14.430000305175781,14.460000038146973,14.1899995803833,14.1899995803833,429203,0.0,0.0
2023-01-11 14:30:00-05:00,14.1899995803833,14.289999961853027,14.140000343322754,14.145000457763672,371287,0.0,0.0
2023-01-11 15:30:00-05:00,14.149999618530273,14.40999984741211,14.149999618530273,14.395000457763672,694936,0.0,0.0
2023-01-12 09:30:00-05:00,13.289999961853027,13.869999885559082,13.109999656677246,13.579999923706055,2864970,0.0,0.0
2023-01-12 10:30:00-05:00,13.569999694824219,13.609999656677246,13.270000457763672,13.399999618530273,794167,0.0,0.0
2023-01-12 11:30:00-05:00,13.409299850463867,13.744999885559082,13.39109992980957,13.734999656677246,554189,0.0,0.0
2023-01-12 12:30:00-05:00,13.737000465393066,13.899999618530273,13.63010025024414,13.8149995803833,506061,0.0,0.0
2023-01-12 13:30:00-05:00,13.8100004196167,14.140000343322754,13.770000457763672,13.983400344848633,994752,0.0,0.0
2023-01-12 14:30:00-05:00,13.989999771118164,14.109999656677246,13.890000343322754,14.0,688260,0.0,0.0
2023-01-12 15:30:00-05:00,14.005000114440918,14.220000267028809,14.005000114440918,14.204999923706055,934362,0.0,0.0
2023-01-13 09:30:00-05:00,14.210000038146973,14.529999732971191,14.079999923706055,14.3149995803833,1190135,0.0,0.0
2023-01-13 10:30:00-05:00,14.3149995803833,14.579999923706055,14.170000076293945,14.460000038146973,642765,0.0,0.0
2023-01-13 11:30:00-05:00,14.470000267028809,14.479999542236328,14.260000228881836,14.430000305175781,261889,0.0,0.0
2023-01-13 12:30:00-05:00,14.420000076293945,14.444999694824219,14.1899995803833,14.234999656677246,351599,0.0,0.0
2023-01-13 13:30:00-05:00,14.23799991607666,14.279999732971191,14.149999618530273,14.210000038146973,363367,0.0,0.0
2023-01-13 14:30:00-05:00,14.210000038146973,14.369000434875488,14.1899995803833,14.354999542236328,324317,0.0,0.0
2023-01-13 15:30:00-05:00,14.359999656677246,14.414999961853027,14.289999961853027,14.3100004196167,569855,0.0,0.0
2023-01-17 09:30:00-05:00,14.399999618530273,14.4399995803833,13.824999809265137,14.0600004196167,1688122,0.0,0.0
2023-01-17 10:30:00-05:00,14.06029987335205,14.06029987335205,13.734999656677246,13.930000305175781,1221261,0.0,0.0
2023-01-17 11:30:00-05:00,13.928199768066406,14.045000076293945,13.899999618530273,13.975000381469727,716188,0.0,0.0
2023-01-17 12:30:00-05:00,13.970000267028809,14.25,13.949999809265137,14.170000076293945,524058,0.0,0.0
2023-01-17 13:30:00-05:00,14.164999961853027,14.550000190734863,14.145000457763672,14.524999618530273,587245,0.0,0.0
2023-01-17 14:30:00-05:00,14.524800300598145,14.720000267028809,14.524800300598145,14.614999771118164,685451,0.0,0.0
2023-01-17 15:30:00-05:00,14.609999656677246,14.725000381469727,14.479999542236328,14.510000228881836,1032378,0.0,0.0
2023-01-18 09:30:00-05:00,14.600000381469727,15.204999923706055,14.520000457763672,15.149999618530273,1489388,0.0,0.0
2023-01-18 10:30:00-05:00,15.149999618530273,15.149999618530273,14.539999961853027,14.609999656677246,739295,0.0,0.0
2023-01-18 11:30:00-05:00,14.609999656677246,14.609999656677246,14.279999732971191,14.300000190734863,628702,0.0,0.0
2023-01-18 12:30:00-05:00,14.300000190734863,14.329999923706055,14.079999923706055,14.164999961853027,463520,0.0,0.0
2023-01-18 13:30:00-05:00,14.15999984741211,14.295000076293945,14.125,14.25,400361,0.0,0.0
2023-01-18 14:30:00-05:00,14.244999885559082,14.260000228881836,14.119999885559082,14.130000114440918,451817,0.0,0.0
2023-01-18 15:30:00-05:00,14.135000228881836,14.135000228881836,13.989999771118164,14.010000228881836,1047172,0.0,0.0
2023-01-19 09:30:00-05:00,13.789999961853027,14.149999618530273,13.699999809265137,13.944999694824219,743935,0.0,0.0
2023-01-19 10:30:00-05:00,13.944999694824219,13.975000381469727,13.704999923706055,13.757499694824219,676473,0.0,0.0
2023-01-19 11:30:00-05:00,13.755000114440918,13.755000114440918,13.489999771118164,13.630000114440918,599578,0.0,0.0
2023-01-19 12:30:00-05:00,13.630000114440918,13.8149995803833,13.609999656677246,13.770000457763672,406158,0.0,0.0
2023-01-19 13:30:00-05:00,13.774999618530273,14.03499984741211,13.774999618530273,14.020000457763672,566776,0.0,0.0
2023-01-19 14:30:00-05:00,14.010000228881836,14.04990005493164,13.920000076293945,13.984999656677246,390974,0.0,0.0
2023-01-19 15:30:00-05:00,13.984999656677246,13.984999656677246,13.800000190734863,13.8100004196167,599152,0.0,0.0
2023-01-20 09:30:00-05:00,13.970000267028809,14.260000228881836,13.819999694824219,14.010000228881836,640053,0.0,0.0
2023-01-20 10:30:00-05:00,14.010000228881836,14.3100004196167,13.895000457763672,14.279999732971191,442216,0.0,0.0
2023-01-20 11:30:00-05:00,14.28499984741211,14.402299880981445,14.109999656677246,14.399999618530273,591266,0.0,0.0
2023-01-20 12:30:00-05:00,14.404999732971191,14.420000076293945,14.270000457763672,14.295000076293945,460364,0.0,0.0
2023-01-20 13:30:00-05:00,14.300000190734863,14.4399995803833,14.300000190734863,14.399999618530273,1483159,0.0,0.0
2023-01-20 14:30:00-05:00,14.404999732971191,14.609999656677246,14.399999618530273,14.5649995803833,1404681,0.0,0.0
2023-01-20 15:30:00-05:00,14.5649995803833,14.65999984741211,14.390000343322754,14.390000343322754,1733484,0.0,0.0
2023-01-23 09:30:00-05:00,14.199999809265137,14.760000228881836,13.975000381469727,14.630000114440918,1104972,0.0,0.0
2023-01-23 10:30:00-05:00,14.630000114440918,14.9399995803833,14.614999771118164,14.800000190734863,611060,0.0,0.0
2023-01-23 11:30:00-05:00,14.8100004196167,14.914999961853027,14.729999542236328,14.805000305175781,403496,0.0,0.0
2023-01-23 12:30:00-05:00,14.805000305175781,14.850000381469727,14.729999542236328,14.795000076293945,219319,0.0,0.0
2023-01-23 13:30:00-05:00,14.795000076293945,14.850000381469727,14.6899995803833,14.75,403192,0.0,0.0
2023-01-23 14:30:00-05:00,14.755000114440918,14.755000114440918,14.59000015258789,14.635299682617188,378845,0.0,0.0
2023-01-23 15:30:00-05:00,14.640000343322754,14.84000015258789,14.625,14.819999694824219,827490,0.0,0.0
2023-01-24 09:30:00-05:00,14.949999809265137,15.619999885559082,14.70989990234375,14.850000381469727,1401526,0.0,0.0
2023-01-24 10:30:00-05:00,14.84000015258789,14.925000190734863,14.660099983215332,14.765999794006348,588018,0.0,0.0
2023-01-24 11:30:00-05:00,14.760000228881836,14.770000457763672,14.604999542236328,14.71500015258789,268129,0.0,0.0
2023-01-24 12:30:00-05:00,14.710000038146973,14.710000038146973,14.515000343322754,14.604999542236328,538567,0.0,0.0
2023-01-24 13:30:00-05:00,14.604999542236328,14.739999771118164,14.539999961853027,14.59000015258789,327618,0.0,0.0
2023-01-24 14:30:00-05:00,14.595000267028809,14.609999656677246,14.494999885559082,14.574999809265137,317632,0.0,0.0
2023-01-24 15:30:00-05:00,14.574999809265137,14.574999809265137,14.395000457763672,14.5,671570,0.0,0.0
2023-01-25 09:30:00-05:00,13.979999542236328,14.15999984741211,13.688400268554688,13.75,1158065,0.0,0.0
2023-01-25 10:30:00-05:00,13.739999771118164,14.029999732971191,13.710000038146973,14.015000343322754,548970,0.0,0.0
2023-01-25 11:30:00-05:00,14.010100364685059,14.109999656677246,13.949999809265137,13.979999542236328,268392,0.0,0.0
2023-01-25 12:30:00-05:00,13.975000381469727,14.199999809265137,13.957799911499023,14.145000457763672,352811,0.0,0.0
2023-01-25 13:30:00-05:00,14.14900016784668,14.329999923706055,14.09000015258789,14.329999923706055,431122,0.0,0.0
2023-01-25 14:30:00-05:00,14.324999809265137,14.4350004196167,14.240099906921387,14.354999542236328,325160,0.0,0.0
2023-01-25 15:30:00-05:00,14.354999542236328,14.399999618530273,14.279999732971191,14.380000114440918,649934,0.0,0.0
2023-01-26 09:30:00-05:00,14.829999923706055,15.079999923706055,14.319999694824219,14.600000381469727,885149,0.0,0.0
2023-01-26 10:30:00-05:00,14.600000381469727,14.600000381469727,14.140000343322754,14.191200256347656,411195,0.0,0.0
2023-01-26 11:30:00-05:00,14.1899995803833,14.289999961853027,14.114999771118164,14.249899864196777,262887,0.0,0.0
2023-01-26 12:30:00-05:00,14.25,14.40999984741211,14.23799991607666,14.345000267028809,426529,0.0,0.0
2023-01-26 13:30:00-05:00,14.345000267028809,14.5600004196167,14.345000267028809,14.505000114440918,307115,0.0,0.0
2023-01-26 14:30:00-05:00,14.5,14.515000343322754,14.324999809265137,14.418100357055664,304016,0.0,0.0
2023-01-26 15:30:00-05:00,14.414999961853027,14.53499984741211,14.375,14.520000457763672,533750,0.0,0.0
2023-01-27 09:30:00-05:00,14.380000114440918,14.970000267028809,14.350000381469727,14.720000267028809,776182,0.0,0.0
2023-01-27 10:30:00-05:00,14.729999542236328,14.859999656677246,14.545000076293945,14.609999656677246,587243,0.0,0.0
2023-01-27 11:30:00-05:00,14.619999885559082,14.984999656677246,14.619999885559082,14.970000267028809,617369,0.0,0.0
2023-01-27 12:30:00-05:00,14.960000038146973,15.104999542236328,14.914999961853027,15.079999923706055,606035,0.0,0.0
2023-01-27 13:30:00-05:00,15.085000038146973,15.149999618530273,15.020000457763672,15.069999694824219,625802,0.0,0.0
2023-01-27 14:30:00-05:00,15.069999694824219,15.194999694824219,15.015000343322754,15.175000190734863,677113,0.0,0.0
2023-01-27 15:30:00-05:00,15.175000190734863,15.229999542236328,15.020000457763672,15.020000457763672,818370,0.0,0.0
2023-01-30 09:30:00-05:00,14.880000114440918,14.970000267028809,14.569999694824219,14.640000343322754,788331,0.0,0.0
2023-01-30 10:30:00-05:00,14.649999618530273,14.71500015258789,14.420000076293945,14.699999809265137,642648,0.0,0.0
2023-01-30 11:30:00-05:00,14.699999809265137,14.78499984741211,14.609999656677246,14.710000038146973,284178,0.0,0.0
2023-01-30 12:30:00-05:00,14.699999809265137,14.739999771118164,14.579999923706055,14.664999961853027,353074,0.0,0.0
2023-01-30 13:30:00-05:00,14.664999961853027,14.664999961853027,14.529999732971191,14.53499984741211,251425,0.0,0.0
2023-01-30 14:30:00-05:00,14.529999732971191,14.625,14.444999694824219,14.510000228881836,1201997,0.0,0.0
2023-01-30 15:30:00-05:00,14.5,14.65999984741211,14.489999771118164,14.595000267028809,776274,0.0,0.0
2023-01-31 09:30:00-05:00,14.710000038146973,15.0,14.399999618530273,14.489999771118164,1335637,0.0,0.0
2023-01-31 10:30:00-05:00,14.489999771118164,14.859999656677246,14.444999694824219,14.600000381469727,2122947,0.0,0.0
2023-01-31 11:30:00-05:00,14.600000381469727,14.75,14.555000305175781,14.6899995803833,710601,0.0,0.0
2023-01-31 12:30:00-05:00,14.699999809265137,14.925000190734863,14.654999732971191,14.795000076293945,761494,0.0,0.0
2023-01-31 13:30:00-05:00,14.800000190734863,14.930000305175781,14.760000228881836,14.854999542236328,473533,0.0,0.0
2023-01-31 14:30:00-05:00,14.859999656677246,15.045000076293945,14.800000190734863,14.845000267028809,941559,0.0,0.0
2023-01-31 15:30:00-05:00,14.850000381469727,15.109999656677246,14.8100004196167,15.104999542236328,1390256,0.0,0.0
2023-02-01 09:30:00-05:00,15.09000015258789,15.479299545288086,14.970000267028809,15.3100004196167,855908,0.0,0.0
2023-02-01 10:30:00-05:00,15.329999923706055,15.34000015258789,14.9399995803833,15.03499984741211,535026,0.0,0.0
2023-02-01 11:30:00-05:00,15.03499984741211,15.164999961853027,15.03499984741211,15.039999961853027,289703,0.0,0.0
2023-02-01 12:30:00-05:00,15.039999961853027,15.149999618530273,15.001700401306152,15.09000015258789,326702,0.0,0.0
2023-02-01 13:30:00-05:00,15.083200454711914,15.270000457763672,14.880000114440918,15.210000038146973,427905,0.0,0.0
2023-02-01 14:30:00-05:00,15.220000267028809,15.850000381469727,15.079999923706055,15.829999923706055,1604610,0.0,0.0
2023-02-01 15:30:00-05:00,15.829999923706055,16.0049991607666,15.779999732971191,15.8149995803833,1738959,0.0,0.0
2023-02-02 09:30:00-05:00,16.5,17.290000915527344,16.5,17.075000762939453,2034654,0.0,0.0
2023-02-02 10:30:00-05:00,17.079999923706055,17.360000610351562,16.915000915527344,16.969999313354492,925366,0.0,0.0
2023-02-02 11:30:00-05:00,16.975000381469727,17.0,16.764999389648438,16.875,620330,0.0,0.0
2023-02-02 12:30:00-05:00,16.8799991607666,17.135000228881836,16.739999771118164,17.1299991607666,1020965,0.0,0.0
2023-02-02 13:30:00-05:00,17.1299991607666,17.270000457763672,16.96500015258789,16.96500015258789,649917,0.0,0.0
2023-02-02 14:30:00-05:00,16.96500015258789,16.975000381469727,16.5049991607666,16.601200103759766,1394308,0.0,0.0
2023-02-02 15:30:00-05:00,16.604999542236328,16.75,16.579999923706055,16.739999771118164,1243873,0.0,0.0
2023-02-03 09:30:00-05:00,15.979999542236328,16.514999389648438,15.819999694824219,16.31999969482422,1311671,0.0,0.0
2023-02-03 10:30:00-05:00,16.329999923706055,16.540000915527344,16.290000915527344,16.4950008392334,533838,0.0,0.0
2023-02-03 11:30:00-05:00,16.4950008392334,16.549999237060547,16.299999237060547,16.485000610351562,705657,0.0,0.0
2023-02-03 12:30:00-05:00,16.479999542236328,16.557300567626953,16.149999618530273,16.190000534057617,347954,0.0,0.0
2023-02-03 13:30:00-05:00,16.190000534057617,16.190000534057617,15.949999809265137,15.989999771118164,877953,0.0,0.0
2023-02-03 14:30:00-05:00,15.984999656677246,16.010000228881836,15.770000457763672,15.869999885559082,433877,0.0,0.0
2023-02-03 15:30:00-05:00,15.869999885559082,15.885000228881836,15.694999694824219,15.710000038146973,556312,0.0,0.0
2023-02-06 09:30:00-05:00,15.40999984741211,15.75,15.274999618530273,15.300000190734863,1344656,0.0,0.0
2023-02-06 10:30:00-05:00,15.289999961853027,15.545000076293945,15.21500015258789,15.545000076293945,556680,0.0,0.0
2023-02-06 11:30:00-05:00,15.545000076293945,15.550000190734863,15.375,15.470000267028809,440349,0.0,0.0
2023-02-06 12:30:00-05:00,15.479999542236328,15.5600004196167,15.260000228881836,15.265000343322754,401543,0.0,0.0
2023-02-06 13:30:00-05:00,15.260000228881836,15.28499984741211,15.104999542236328,15.21500015258789,401309,0.0,0.0
2023-02-06 14:30:00-05:00,15.210000038146973,15.220000267028809,15.085000038146973,15.114999771118164,312942,0.0,0.0
2023-02-06 15:30:00-05:00,15.109999656677246,15.130000114440918,15.050000190734863,15.074999809265137,851055,0.0,0.0
2023-02-07 09:30:00-05:00,15.119999885559082,15.140000343322754,14.779999732971191,14.850000381469727,1129556,0.0,0.0
2023-02-07 10:30:00-05:00,14.850000381469727,15.140000343322754,14.845000267028809,15.055000305175781,524070,0.0,0.0
2023-02-07 11:30:00-05:00,15.0600004196167,15.1899995803833,15.050000190734863,15.139900207519531,484294,0.0,0.0
2023-02-07 12:30:00-05:00,15.135000228881836,15.789999961853027,15.135000228881836,15.371000289916992,900165,0.0,0.0
2023-02-07 13:30:00-05:00,15.369999885559082,15.669899940490723,15.239999771118164,15.664999961853027,493006,0.0,0.0
2023-02-07 14:30:00-05:00,15.670000076293945,15.930000305175781,15.649999618530273,15.930000305175781,401700,0.0,0.0
2023-02-07 15:30:00-05:00,15.925000190734863,16.170000076293945,15.899999618530273,16.059999465942383,752824,0.0,0.0
2023-02-08 09:30:00-05:00,16.309999465942383,16.579999923706055,16.09000015258789,16.200000762939453,840769,0.0,0.0
2023-02-08 10:30:00-05:00,16.15999984741211,16.165000915527344,15.920000076293945,16.0,449050,0.0,0.0
2023-02-08 11:30:00-05:00,16.010000228881836,16.110000610351562,15.979999542236328,16.045000076293945,263301,0.0,0.0
2023-02-08 12:30:00-05:00,16.049999237060547,16.09000015258789,15.880000114440918,15.899999618530273,200797,0.0,0.0
2023-02-08 13:30:00-05:00,15.890000343322754,15.960000038146973,15.819999694824219,15.890000343322754,178518,0.0,0.0
2023-02-08 14:30:00-05:00,15.890000343322754,15.90999984741211,15.75,15.835000038146973,165850,0.0,0.0
2023-02-08 15:30:00-05:00,15.829999923706055,15.859999656677246,15.65999984741211,15.744999885559082,407723,0.0,0.0
2023-02-09 09:30:00-05:00,16.030000686645508,16.440000534057617,16.030000686645508,16.139999389648438,703972,0.0,0.0
2023-02-09 10:30:00-05:00,16.1299991607666,16.18000030517578,15.960000038146973,16.010000228881836,388948,0.0,0.0
2023-02-09 11:30:00-05:00,16.010000228881836,16.225000381469727,15.970000267028809,16.18000030517578,293489,0.0,0.0
2023-02-09 12:30:00-05:00,16.184999465942383,16.290000915527344,16.08009910583496,16.270000457763672,247078,0.0,0.0
2023-02-09 13:30:00-05:00,16.274999618530273,16.325000762939453,15.989999771118164,16.065000534057617,337318,0.0,0.0
2023-02-09 14:30:00-05:00,16.06999969482422,16.1697998046875,15.970000267028809,16.030000686645508,450552,0.0,0.0
2023-02-09 15:30:00-05:00,16.020000457763672,16.040000915527344,15.899999618530273,15.949999809265137,616139,0.0,0.0
2023-02-10 09:30:00-05:00,15.65999984741211,15.708800315856934,15.25,15.470000267028809,962767,0.0,0.0
2023-02-10 10:30:00-05:00,15.479999542236328,15.604999542236328,15.149999618530273,15.210000038146973,728714,0.0,0.0
2023-02-10 11:30:00-05:00,15.220000267028809,15.239999771118164,15.0649995803833,15.0649995803833,501775,0.0,0.0
2023-02-10 12:30:00-05:00,15.062000274658203,15.210000038146973,15.062000274658203,15.175000190734863,283908,0.0,0.0
2023-02-10 13:30:00-05:00,15.175000190734863,15.260000228881836,15.145000457763672,15.164999961853027,315953,0.0,0.0
2023-02-10 14:30:00-05:00,15.15999984741211,15.270000457763672,15.100000381469727,15.234999656677246,512144,0.0,0.0
2023-02-10 15:30:00-05:00,15.232999801635742,15.350000381469727,15.210000038146973,15.270000457763672,833839,0.0,0.0
2023-02-13 09:30:00-05:00,15.40999984741211,15.760000228881836,15.34000015258789,15.614999771118164,849103,0.0,0.0
2023-02-13 10:30:00-05:00,15.614999771118164,15.914999961853027,15.539999961853027,15.890000343322754,585272,0.0,0.0
2023-02-13 11:30:00-05:00,15.895000457763672,16.032899856567383,15.84000015258789,15.96500015258789,301072,0.0,0.0
2023-02-13 12:30:00-05:00,15.96500015258789,16.030000686645508,15.859999656677246,15.980899810791016,266474,0.0,0.0
2023-02-13 13:30:00-05:00,15.979999542236328,16.024999618530273,15.699999809265137,15.710000038146973,484976,0.0,0.0
2023-02-13 14:30:00-05:00,15.71500015258789,15.720000267028809,15.524999618530273,15.53499984741211,452373,0.0,0.0
2023-02-13 15:30:00-05:00,15.53499984741211,15.59000015258789,15.46500015258789,15.539999961853027,753890,0.0,0.0
2023-02-14 09:30:00-05:00,15.270000457763672,16.25,15.010000228881836,16.149999618530273,1131552,0.0,0.0
2023-02-14 10:30:00-05:00,16.149999618530273,16.19499969482422,15.740099906921387,16.06999969482422,613062,0.0,0.0
2023-02-14 11:30:00-05:00,16.059999465942383,16.260000228881836,15.920000076293945,16.225000381469727,679377,0.0,0.0
2023-02-14 12:30:00-05:00,16.219999313354492,16.309999465942383,16.104999542236328,16.229999542236328,373322,0.0,0.0
2023-02-14 13:30:00-05:00,16.229999542236328,16.290000915527344,16.125,16.274999618530273,430257,0.0,0.0
2023-02-14 14:30:00-05:00,16.280000686645508,16.600000381469727,16.264999389648438,16.58970069885254,565012,0.0,0.0
2023-02-14 15:30:00-05:00,16.584999084472656,16.704999923706055,16.554899215698242,16.649999618530273,703852,0.0,0.0
2023-02-15 09:30:00-05:00,16.639999389648438,16.90999984741211,16.479999542236328,16.760000228881836,706250,0.0,0.0
2023-02-15 10:30:00-05:00,16.780000686645508,16.889999389648438,16.6299991607666,16.774999618530273,622886,0.0,0.0
2023-02-15 11:30:00-05:00,16.770000457763672,16.979999542236328,16.71500015258789,16.905000686645508,388838,0.0,0.0
2023-02-15 12:30:00-05:00,16.90999984741211,17.065000534057617,16.850000381469727,17.058700561523438,455845,0.0,0.0
2023-02-15 13:30:00-05:00,17.06999969482422,17.260000228881836,17.020000457763672,17.209999084472656,740800,0.0,0.0
2023-02-15 14:30:00-05:00,17.204999923706055,17.219999313354492,16.969999313354492,17.075000762939453,653753,0.0,0.0
2023-02-15 15:30:00-05:00,17.075000762939453,17.260000228881836,17.05340003967285,17.225000381469727,609124,0.0,0.0
2023-02-16 09:30:00-05:00,16.739999771118164,16.759899139404297,16.270000457763672,16.459999084472656,633991,0.0,0.0
2023-02-16 10:30:00-05:00,16.475000381469727,16.764999389648438,16.450000762939453,16.639999389648438,385437,0.0,0.0
2023-02-16 11:30:00-05:00,16.642499923706055,16.739999771118164,16.530000686645508,16.625,362239,0.0,0.0
2023-02-16 12:30:00-05:00,16.6200008392334,16.770000457763672,16.459999084472656,16.479999542236328,336141,0.0,0.0
2023-02-16 13:30:00-05:00,16.475000381469727,16.645000457763672,16.405000686645508,16.610000610351562,375564,0.0,0.0
2023-02-16 14:30:00-05:00,16.6200008392334,16.68000030517578,16.415000915527344,16.420000076293945,368634,0.0,0.0
2023-02-16 15:30:00-05:00,16.40999984741211,16.479999542236328,16.34000015258789,16.399999618530273,773036,0.0,0.0
2023-02-17 09:30:00-05:00,16.290000915527344,16.290000915527344,15.569999694824219,15.6899995803833,752786,0.0,0.0
2023-02-17 10:30:00-05:00,15.680000305175781,15.845000267028809,15.675000190734863,15.752900123596191,545133,0.0,0.0
2023-02-17 11:30:00-05:00,15.75,15.90999984741211,15.699999809265137,15.871000289916992,313329,0.0,0.0
2023-02-17 12:30:00-05:00,15.880000114440918,15.880000114440918,15.670000076293945,15.704999923706055,307081,0.0,0.0
2023-02-17 13:30:00-05:00,15.70989990234375,15.84000015258789,15.6850004196167,15.774999618530273,382356,0.0,0.0
2023-02-17 14:30:00-05:00,15.774999618530273,15.949999809265137,15.774999618530273,15.854999542236328,532494,0.0,0.0
2023-02-17 15:30:00-05:00,15.850000381469727,16.030000686645508,15.84000015258789,15.960000038146973,880056,0.0,0.0
2023-02-21 09:30:00-05:00,15.319999694824219,15.75,15.260000228881836,15.34000015258789,1091400,0.0,0.0
2023-02-21 10:30:00-05:00,15.354999542236328,15.600000381469727,15.154999732971191,15.175000190734863,645328,0.0,0.0
2023-02-21 11:30:00-05:00,15.170000076293945,15.329999923706055,15.109999656677246,15.239999771118164,323609,0.0,0.0
2023-02-21 12:30:00-05:00,15.239999771118164,15.430000305175781,15.239999771118164,15.430000305175781,226915,0.0,0.0
2023-02-21 13:30:00-05:00,15.4350004196167,15.539999961853027,15.354000091552734,15.524999618530273,379216,0.0,0.0
2023-02-21 14:30:00-05:00,15.524999618530273,15.579999923706055,15.380000114440918,15.404999732971191,610417,0.0,0.0
2023-02-21 15:30:00-05:00,15.404999732971191,15.46500015258789,15.3100004196167,15.319999694824219,703137,0.0,0.0
2023-02-22 09:30:00-05:00,15.5600004196167,15.970000267028809,15.479999542236328,15.510000228881836,930502,0.0,0.0
2023-02-22 10:30:00-05:00,15.502900123596191,15.779999732971191,15.420000076293945,15.718600273132324,404780,0.0,0.0
2023-02-22 11:30:00-05:00,15.720000267028809,15.789999961853027,15.640000343322754,15.704999923706055,287530,0.0,0.0
2023-02-22 12:30:00-05:00,15.704999923706055,15.829999923706055,15.670000076293945,15.829999923706055,302663,0.0,0.0
2023-02-22 13:30:00-05:00,15.84000015258789,15.9399995803833,15.529999732971191,15.694999694824219,683659,0.0,0.0
2023-02-22 14:30:00-05:00,15.694999694824219,15.819999694824219,15.640000343322754,15.755000114440918,405558,0.0,0.0
2023-02-22 15:30:00-05:00,15.75,15.835000038146973,15.720000267028809,15.770000457763672,531906,0.0,0.0
2023-02-23 09:30:00-05:00,16.010000228881836,16.18000030517578,15.609999656677246,15.670000076293945,543956,0.0,0.0
2023-02-23 10:30:00-05:00,15.65999984741211,15.675000190734863,15.385000228881836,15.44159984588623,409300,0.0,0.0
2023-02-23 11:30:00-05:00,15.4399995803833,15.484999656677246,15.319999694824219,15.470000267028809,388477,0.0,0.0
2023-02-23 12:30:00-05:00,15.470000267028809,15.53499984741211,15.40999984741211,15.449999809265137,181813,0.0,0.0
2023-02-23 13:30:00-05:00,15.460000038146973,15.699999809265137,15.4399995803833,15.65999984741211,273495,0.0,0.0
2023-02-23 14:30:00-05:00,15.664999961853027,15.795000076293945,15.654999732971191,15.795000076293945,249577,0.0,0.0
2023-02-23 15:30:00-05:00,15.795000076293945,15.850000381469727,15.774999618530273,15.84000015258789,328358,0.0,0.0
2023-02-24 09:30:00-05:00,15.430000305175781,15.670000076293945,15.239999771118164,15.354999542236328,733077,0.0,0.0
2023-02-24 10:30:00-05:00,15.350000381469727,15.479999542236328,15.260000228881836,15.449999809265137,437629,0.0,0.0
2023-02-24 11:30:00-05:00,15.449899673461914,15.598899841308594,15.420000076293945,15.449999809265137,271364,0.0,0.0
2023-02-24 12:30:00-05:00,15.449999809265137,15.475000381469727,15.369999885559082,15.395000457763672,272857,0.0,0.0
2023-02-24 13:30:00-05:00,15.390000343322754,15.46500015258789,15.350000381469727,15.444999694824219,391093,0.0,0.0
2023-02-24 14:30:00-05:00,15.444999694824219,15.53499984741211,15.380000114440918,15.4399995803833,779230,0.0,0.0
2023-02-24 15:30:00-05:00,15.444999694824219,15.5,15.390000343322754,15.460000038146973,1002577,0.0,0.0
2023-02-27 09:30:00-05:00,15.65999984741211,16.075000762939453,15.625,15.9399995803833,796437,0.0,0.0
2023-02-27 10:30:00-05:00,15.9399995803833,15.949999809265137,15.739999771118164,15.88860034942627,359845,0.0,0.0
2023-02-27 11:30:00-05:00,15.885000228881836,15.930000305175781,15.819999694824219,15.845000267028809,269208,0.0,0.0
2023-02-27 12:30:00-05:00,15.850000381469727,15.96500015258789,15.824999809265137,15.824999809265137,239222,0.0,0.0
2023-02-27 13:30:00-05:00,15.824999809265137,15.90999984741211,15.779999732971191,15.838899612426758,298391,0.0,0.0
2023-02-27 14:30:00-05:00,15.829999923706055,15.850000381469727,15.720000267028809,15.805000305175781,378130,0.0,0.0
2023-02-27 15:30:00-05:00,15.805000305175781,15.854999542236328,15.720000267028809,15.744999885559082,520347,0.0,0.0
2023-02-28 09:30:00-05:00,15.75,16.145000457763672,15.75,16.014999389648438,834071,0.0,0.0
2023-02-28 10:30:00-05:00,16.016799926757812,16.114999771118164,15.949999809265137,16.104999542236328,377589,0.0,0.0
2023-02-28 11:30:00-05:00,16.100000381469727,16.100000381469727,15.954999923706055,15.994999885559082,276238,0.0,0.0
2023-02-28 12:30:00-05:00,15.989999771118164,16.109899520874023,15.951700210571289,16.079999923706055,337496,0.0,0.0
2023-02-28 13:30:00-05:00,16.075000762939453,16.209999084472656,16.03499984741211,16.155000686645508,451080,0.0,0.0
2023-02-28 14:30:00-05:00,16.149999618530273,16.165000915527344,15.984999656677246,15.994999885559082,502365,0.0,0.0
2023-02-28 15:30:00-05:00,15.994999885559082,16.03499984741211,15.90999984741211,15.989999771118164,1711658,0.0,0.0
2023-03-01 09:30:00-05:00,15.989999771118164,16.15999984741211,15.675000190734863,15.699999809265137,967821,0.0,0.0
2023-03-01 10:30:00-05:00,15.6899995803833,15.8100004196167,15.489999771118164,15.509699821472168,518309,0.0,0.0
2023-03-01 11:30:00-05:00,15.510000228881836,15.59000015258789,15.454999923706055,15.484999656677246,379961,0.0,0.0
2023-03-01 12:30:00-05:00,15.484999656677246,15.506699562072754,15.319999694824219,15.322699546813965,285868,0.0,0.0
2023-03-01 13:30:00-05:00,15.319999694824219,15.399999618530273,15.279999732971191,15.3100004196167,308153,0.0,0.0
2023-03-01 14:30:00-05:00,15.3100004196167,15.3100004196167,15.170000076293945,15.194999694824219,536020,0.0,0.0
2023-03-01 15:30:00-05:00,15.194999694824219,15.319999694824219,15.180000305175781,15.319999694824219,758707,0.0,0.0
2023-03-02 09:30:00-05:00,15.109999656677246,15.604999542236328,15.0600004196167,15.4399995803833,822319,0.0,0.0
2023-03-02 10:30:00-05:00,15.444999694824219,15.574999809265137,15.430000305175781,15.449999809265137,450156,0.0,0.0
2023-03-02 11:30:00-05:00,15.4399995803833,15.524999618530273,15.404999732971191,15.505000114440918,371288,0.0,0.0
2023-03-02 12:30:00-05:00,15.510000228881836,15.555000305175781,15.430000305175781,15.454999923706055,203939,0.0,0.0
2023-03-02 13:30:00-05:00,15.460000038146973,15.65999984741211,15.460000038146973,15.645000457763672,864193,0.0,0.0
2023-03-02 14:30:00-05:00,15.645000457763672,15.779999732971191,15.59000015258789,15.71500015258789,710190,0.0,0.0
2023-03-02 15:30:00-05:00,15.71500015258789,15.739999771118164,15.640000343322754,15.65999984741211,900858,0.0,0.0
2023-03-03 09:30:00-05:00,15.819999694824219,16.2450008392334,15.710000038146973,16.200000762939453,1058958,0.0,0.0
2023-03-03 10:30:00-05:00,16.19499969482422,16.489999771118164,16.06999969482422,16.420000076293945,755870,0.0,0.0
2023-03-03 11:30:00-05:00,16.41469955444336,16.440000534057617,16.2450008392334,16.405000686645508,404152,0.0,0.0
2023-03-03 12:30:00-05:00,16.405000686645508,16.440000534057617,16.309999465942383,16.385000228881836,438959,0.0,0.0
2023-03-03 13:30:00-05:00,16.385000228881836,16.4689998626709,16.354999542236328,16.389999389648438,440353,0.0,0.0
2023-03-03 14:30:00-05:00,16.399999618530273,16.40999984741211,16.295000076293945,16.389999389648438,552939,0.0,0.0
2023-03-03 15:30:00-05:00,16.385000228881836,16.479999542236328,16.375,16.450000762939453,979642,0.0,0.0
2023-03-06 09:30:00-05:00,16.440000534057617,16.56999969482422,15.859999656677246,16.450000762939453,1148497,0.0,0.0
2023-03-06 10:30:00-05:00,16.454999923706055,16.6200008392334,16.440000534057617,16.5049991607666,778583,0.0,0.0
2023-03-06 11:30:00-05:00,16.510000228881836,16.604999542236328,16.480199813842773,16.530000686645508,376084,0.0,0.0
2023-03-06 12:30:00-05:00,16.53499984741211,16.540000915527344,16.2450008392334,16.315000534057617,523674,0.0,0.0
2023-03-06 13:30:00-05:00,16.30620002746582,16.31999969482422,16.200000762939453,16.264999389648438,680031,0.0,0.0
2023-03-06 14:30:00-05:00,16.264999389648438,16.299999237060547,16.079999923706055,16.110000610351562,413238,0.0,0.0
2023-03-06 15:30:00-05:00,16.104999542236328,16.18000030517578,16.09000015258789,16.139999389648438,1007590,0.0,0.0
2023-03-07 09:30:00-05:00,16.139999389648438,16.476600646972656,15.864999771118164,15.9399995803833,1297773,0.0,0.0
2023-03-07 10:30:00-05:00,15.930000305175781,16.1299991607666,15.71500015258789,15.75,874737,0.0,0.0
2023-03-07 11:30:00-05:00,15.744999885559082,15.930000305175781,15.71500015258789,15.895000457763672,618125,0.0,0.0
2023-03-07 12:30:00-05:00,15.895000457763672,16.049999237060547,15.78499984741211,15.850000381469727,740894,0.0,0.0
2023-03-07 13:30:00-05:00,15.84000015258789,15.875,15.654999732971191,15.725000381469727,504640,0.0,0.0
2023-03-07 14:30:00-05:00,15.725000381469727,15.75,15.5600004196167,15.568099975585938,546247,0.0,0.0
2023-03-07 15:30:00-05:00,15.569499969482422,15.656999588012695,15.539999961853027,15.619999885559082,674509,0.0,0.0
2023-03-08 09:30:00-05:00,15.90999984741211,15.90999984741211,15.09000015258789,15.229999542236328,2469271,0.0,0.0
2023-03-08 10:30:00-05:00,15.220000267028809,15.729999542236328,15.194999694824219,15.654999732971191,1218959,0.0,0.0
2023-03-08 11:30:00-05:00,15.670000076293945,15.779999732971191,15.479999542236328,15.694999694824219,979626,0.0,0.0
2023-03-08 12:30:00-05:00,15.6899995803833,15.864999771118164,15.630000114440918,15.630000114440918,665283,0.0,0.0
2023-03-08 13:30:00-05:00,15.630000114440918,15.704999923706055,15.585000038146973,15.640000343322754,623009,0.0,0.0
2023-03-08 14:30:00-05:00,15.640000343322754,15.65999984741211,15.4399995803833,15.489999771118164,422966,0.0,0.0
2023-03-08 15:30:00-05:00,15.484999656677246,15.715999603271484,15.479999542236328,15.539999961853027,1197385,0.0,0.0
2023-03-09 09:30:00-05:00,15.369999885559082,15.609999656677246,15.260000228881836,15.5,837453,0.0,0.0
2023-03-09 10:30:00-05:00,15.489999771118164,15.545000076293945,15.104999542236328,15.104999542236328,749630,0.0,0.0
2023-03-09 11:30:00-05:00,15.109999656677246,15.199999809265137,15.079999923706055,15.145000457763672,477870,0.0,0.0
2023-03-09 12:30:00-05:00,15.145000457763672,15.199999809265137,14.869999885559082,14.90999984741211,668284,0.0,0.0
2023-03-09 13:30:00-05:00,14.904999732971191,14.904999732971191,14.59000015258789,14.694999694824219,747680,0.0,0.0
2023-03-09 14:30:00-05:00,14.694999694824219,14.694999694824219,14.470000267028809,14.489999771118164,785897,0.0,0.0
2023-03-09 15:30:00-05:00,14.489999771118164,14.630000114440918,14.460000038146973,14.600000381469727,1596034,0.0,0.0
2023-03-10 09:30:00-05:00,14.479999542236328,14.539999961853027,13.710000038146973,13.970000267028809,2366887,0.0,0.0
2023-03-10 10:30:00-05:00,13.970000267028809,14.515000343322754,13.864999771118164,14.505000114440918,2758612,0.0,0.0
2023-03-10 11:30:00-05:00,14.505000114440918,14.59000015258789,14.104999542236328,14.145000457763672,731417,0.0,0.0
2023-03-10 12:30:00-05:00,14.145000457763672,14.225000381469727,13.890000343322754,13.899999618530273,2418096,0.0,0.0
2023-03-10 13:30:00-05:00,13.899999618530273,13.925000190734863,13.770000457763672,13.835000038146973,1079685,0.0,0.0
2023-03-10 14:30:00-05:00,13.84000015258789,14.0649995803833,13.84000015258789,13.994999885559082,1018363,0.0,0.0
2023-03-10 15:30:00-05:00,13.989999771118164,14.0,13.870100021362305,13.9399995803833,1246262,0.0,0.0
2023-03-13 09:30:00-04:00,13.760000228881836,13.805000305175781,13.244999885559082,13.5,1963473,0.0,0.0
2023-03-13 10:30:00-04:00,13.5,14.225000381469727,13.5,14.225000381469727,1343969,0.0,0.0
2023-03-13 11:30:00-04:00,14.210000038146973,14.249699592590332,13.800000190734863,13.829999923706055,906443,0.0,0.0
2023-03-13 12:30:00-04:00,13.84000015258789,13.994999885559082,13.725000381469727,13.739999771118164,742208,0.0,0.0
2023-03-13 13:30:00-04:00,13.739999771118164,14.069999694824219,13.65999984741211,14.03499984741211,885496,0.0,0.0
2023-03-13 14:30:00-04:00,14.039999961853027,14.100000381469727,13.864999771118164,13.920000076293945,1127899,0.0,0.0
2023-03-13 15:30:00-04:00,13.90999984741211,14.010000228881836,13.895000457763672,13.960000038146973,1035843,0.0,0.0
2023-03-14 09:30:00-04:00,14.020000457763672,14.270000457763672,13.869999885559082,14.25,1285272,0.0,0.0
2023-03-14 10:30:00-04:00,14.244999885559082,14.345000267028809,14.010000228881836,14.149999618530273,1160647,0.0,0.0
2023-03-14 11:30:00-04:00,14.15999984741211,14.3100004196167,13.954999923706055,13.97350025177002,1855189,0.0,0.0
2023-03-14 12:30:00-04:00,13.970000267028809,14.045000076293945,13.800000190734863,13.984999656677246,2161369,0.0,0.0
2023-03-14 13:30:00-04:00,13.989999771118164,14.329999923706055,13.922499656677246,14.305000305175781,1947730,0.0,0.0
2023-03-14 14:30:00-04:00,14.307900428771973,14.40999984741211,14.25,14.300000190734863,1448736,0.0,0.0
2023-03-14 15:30:00-04:00,14.300000190734863,14.489999771118164,14.260000228881836,14.479999542236328,1648133,0.0,0.0
2023-03-15 09:30:00-04:00,15.5,16.239999771118164,15.199999809265137,16.170000076293945,4962842,0.0,0.0
2023-03-15 10:30:00-04:00,16.15999984741211,16.200000762939453,15.65999984741211,15.789999961853027,1863112,0.0,0.0
2023-03-15 11:30:00-04:00,15.800000190734863,16.06999969482422,15.729999542236328,15.859999656677246,1315329,0.0,0.0
2023-03-15 12:30:00-04:00,15.850000381469727,15.970000267028809,15.6899995803833,15.899999618530273,1009152,0.0,0.0
2023-03-15 13:30:00-04:00,15.895000457763672,15.9399995803833,15.614999771118164,15.71500015258789,1343133,0.0,0.0
2023-03-15 14:30:00-04:00,15.720000267028809,15.8100004196167,15.5600004196167,15.65999984741211,1903830,0.0,0.0
2023-03-15 15:30:00-04:00,15.664999961853027,15.694999694824219,15.4350004196167,15.539999961853027,2192488,0.0,0.0
2023-03-16 09:30:00-04:00,15.649999618530273,15.770000457763672,15.140000343322754,15.180000305175781,1612557,0.0,0.0
2023-03-16 10:30:00-04:00,15.1899995803833,15.470000267028809,15.130000114440918,15.449999809265137,1082785,0.0,0.0
2023-03-16 11:30:00-04:00,15.449999809265137,15.569999694824219,15.329999923706055,15.395000457763672,1306967,0.0,0.0
2023-03-16 12:30:00-04:00,15.399999618530273,15.484999656677246,15.239999771118164,15.289999961853027,661246,0.0,0.0
2023-03-16 13:30:00-04:00,15.28499984741211,15.414999961853027,15.239999771118164,15.28499984741211,815092,0.0,0.0
2023-03-16 14:30:00-04:00,15.289999961853027,15.449999809265137,15.199999809265137,15.399999618530273,953419,0.0,0.0
2023-03-16 15:30:00-04:00,15.404999732971191,15.407500267028809,15.210000038146973,15.210000038146973,1403007,0.0,0.0
2023-03-17 09:30:00-04:00,15.170000076293945,15.5600004196167,15.149999618530273,15.270000457763672,1278121,0.0,0.0
2023-03-17 10:30:00-04:00,15.279999732971191,15.335000038146973,14.880000114440918,14.920000076293945,759414,0.0,0.0
2023-03-17 11:30:00-04:00,14.925000190734863,15.15999984741211,14.920000076293945,15.114999771118164,540471,0.0,0.0
2023-03-17 12:30:00-04:00,15.109999656677246,15.185700416564941,14.994999885559082,15.125,551607,0.0,0.0
2023-03-17 13:30:00-04:00,15.125,15.220000267028809,15.010000228881836,15.015000343322754,631656,0.0,0.0
2023-03-17 14:30:00-04:00,15.015000343322754,15.09000015258789,14.970000267028809,15.03499984741211,677250,0.0,0.0
2023-03-17 15:30:00-04:00,15.03499984741211,15.09000015258789,14.904999732971191,15.079999923706055,1163493,0.0,0.0
2023-03-20 09:30:00-04:00,14.65999984741211,14.84000015258789,14.369999885559082,14.649999618530273,1402879,0.0,0.0
2023-03-20 10:30:00-04:00,14.645000457763672,14.755000114440918,14.539999961853027,14.698200225830078,803080,0.0,0.0
2023-03-20 11:30:00-04:00,14.699999809265137,14.720000267028809,14.383999824523926,14.40999984741211,559979,0.0,0.0
2023-03-20 12:30:00-04:00,14.40999984741211,14.600000381469727,14.359999656677246,14.569999694824219,423810,0.0,0.0
2023-03-20 13:30:00-04:00,14.5649995803833,14.720000267028809,14.5600004196167,14.680000305175781,544032,0.0,0.0
2023-03-20 14:30:00-04:00,14.680000305175781,14.729999542236328,14.649999618530273,14.675000190734863,602163,0.0,0.0
2023-03-20 15:30:00-04:00,14.670000076293945,14.755000114440918,14.649999618530273,14.699999809265137,963300,0.0,0.0
2023-03-21 09:30:00-04:00,14.779999732971191,15.0649995803833,14.710000038146973,14.729999542236328,902098,0.0,0.0
2023-03-21 10:30:00-04:00,14.720000267028809,14.979999542236328,14.664999961853027,14.920000076293945,671434,0.0,0.0
2023-03-21 11:30:00-04:00,14.920000076293945,15.010000228881836,14.899900436401367,14.9399995803833,872753,0.0,0.0
2023-03-21 12:30:00-04:00,14.9399995803833,14.979999542236328,14.850000381469727,14.979999542236328,649236,0.0,0.0
2023-03-21 13:30:00-04:00,14.977499961853027,14.979999542236328,14.880000114440918,14.897100448608398,594119,0.0,0.0
2023-03-21 14:30:00-04:00,14.899999618530273,15.010000228881836,14.850000381469727,14.899999618530273,572182,0.0,0.0
2023-03-21 15:30:00-04:00,14.899999618530273,14.994999885559082,14.850000381469727,14.979999542236328,991457,0.0,0.0
2023-03-22 09:30:00-04:00,14.960000038146973,15.029999732971191,14.449899673461914,14.75,991390,0.0,0.0
2023-03-22 10:30:00-04:00,14.739999771118164,14.75,14.550000190734863,14.604999542236328,479959,0.0,0.0
2023-03-22 11:30:00-04:00,14.604999542236328,14.680000305175781,14.529999732971191,14.619999885559082,506042,0.0,0.0
2023-03-22 12:30:00-04:00,14.619999885559082,14.748800277709961,14.604999542236328,14.680000305175781,830189,0.0,0.0
2023-03-22 13:30:00-04:00,14.680000305175781,15.0,14.630000114440918,14.854999542236328,1076468,0.0,0.0
2023-03-22 14:30:00-04:00,14.854999542236328,15.020000457763672,14.604999542236328,14.71500015258789,1101374,0.0,0.0
2023-03-22 15:30:00-04:00,14.71500015258789,14.71500015258789,14.289999961853027,14.295000076293945,1185416,0.0,0.0
2023-03-23 09:30:00-04:00,14.4399995803833,14.739999771118164,14.4399995803833,14.614999771118164,825502,0.0,0.0
2023-03-23 10:30:00-04:00,14.614999771118164,14.789999961853027,14.579999923706055,14.59000015258789,953241,0.0,0.0
2023-03-23 11:30:00-04:00,14.59000015258789,14.635000228881836,14.491999626159668,14.54889965057373,563449,0.0,0.0
2023-03-23 12:30:00-04:00,14.550000190734863,14.890000343322754,14.550000190734863,14.887900352478027,718395,0.0,0.0
2023-03-23 13:30:00-04:00,14.880000114440918,15.045000076293945,14.869999885559082,14.880000114440918,666749,0.0,0.0
2023-03-23 14:30:00-04:00,14.885000228881836,15.079999923706055,14.779999732971191,14.975000381469727,576106,0.0,0.0
2023-03-23 15:30:00-04:00,14.970000267028809,15.109999656677246,14.944999694824219,15.069999694824219,708035,0.0,0.0
2023-03-24 09:30:00-04:00,15.069999694824219,15.324999809265137,14.920000076293945,15.194999694824219,794142,0.0,0.0
2023-03-24 10:30:00-04:00,15.199999809265137,15.244999885559082,14.949999809265137,14.949999809265137,462508,0.0,0.0
2023-03-24 11:30:00-04:00,14.949999809265137,15.069999694824219,14.819999694824219,14.84000015258789,313286,0.0,0.0
2023-03-24 12:30:00-04:00,14.850000381469727,14.859999656677246,14.680000305175781,14.774999618530273,489654,0.0,0.0
2023-03-24 13:30:00-04:00,14.779999732971191,14.800000190734863,14.670000076293945,14.6850004196167,612545,0.0,0.0
2023-03-24 14:30:00-04:00,14.6899995803833,14.739999771118164,14.614999771118164,14.694999694824219,478714,0.0,0.0
2023-03-24 15:30:00-04:00,14.699999809265137,14.704999923706055,14.614999771118164,14.645000457763672,608030,0.0,0.0
2023-03-27 09:30:00-04:00,14.800000190734863,14.979999542236328,14.6899995803833,14.760000228881836,722334,0.0,0.0
2023-03-27 10:30:00-04:00,14.760000228881836,14.890000343322754,14.71500015258789,14.755900382995605,395846,0.0,0.0
2023-03-27 11:30:00-04:00,14.75,14.835000038146973,14.609999656677246,14.824999809265137,469013,0.0,0.0
2023-03-27 12:30:00-04:00,14.824999809265137,14.829999923706055,14.71500015258789,14.755000114440918,503154,0.0,0.0
2023-03-27 13:30:00-04:00,14.755000114440918,14.880000114440918,14.725000381469727,14.869999885559082,712862,0.0,0.0
2023-03-27 14:30:00-04:00,14.875,15.239999771118164,14.859999656677246,15.21500015258789,1135299,0.0,0.0
2023-03-27 15:30:00-04:00,15.21500015258789,15.305000305175781,15.170000076293945,15.1899995803833,1458979,0.0,0.0
2023-03-28 09:30:00-04:00,15.170000076293945,15.454999923706055,15.080100059509277,15.210000038146973,995802,0.0,0.0
2023-03-28 10:30:00-04:00,15.204999923706055,15.265000343322754,15.085000038146973,15.260000228881836,477506,0.0,0.0
2023-03-28 11:30:00-04:00,15.258399963378906,15.380000114440918,15.100099563598633,15.135000228881836,663688,0.0,0.0
2023-03-28 12:30:00-04:00,15.135000228881836,15.204999923706055,14.979999542236328,14.984999656677246,613118,0.0,0.0
2023-03-28 13:30:00-04:00,14.989999771118164,15.020000457763672,14.71500015258789,14.805000305175781,582674,0.0,0.0
2023-03-28 14:30:00-04:00,14.805000305175781,14.989999771118164,14.75,14.819999694824219,853915,0.0,0.0
2023-03-28 15:30:00-04:00,14.8149995803833,14.850000381469727,14.779999732971191,14.800000190734863,466324,0.0,0.0
2023-03-29 09:30:00-04:00,14.949999809265137,15.149999618530273,14.739999771118164,14.829999923706055,868116,0.0,0.0
2023-03-29 10:30:00-04:00,14.829999923706055,14.890000343322754,14.720000267028809,14.814000129699707,598191,0.0,0.0
2023-03-29 11:30:00-04:00,14.819999694824219,14.857500076293945,14.755000114440918,14.819999694824219,345435,0.0,0.0
2023-03-29 12:30:00-04:00,14.8100004196167,14.904999732971191,14.65999984741211,14.880000114440918,544845,0.0,0.0
2023-03-29 13:30:00-04:00,14.877900123596191,14.916000366210938,14.779999732971191,14.854999542236328,865242,0.0,0.0
2023-03-29 14:30:00-04:00,14.858499526977539,15.03499984741211,14.850000381469727,14.914999961853027,602170,0.0,0.0
2023-03-29 15:30:00-04:00,14.920000076293945,14.920000076293945,14.845000267028809,14.899999618530273,510735,0.0,0.0
2023-03-30 09:30:00-04:00,15.149999618530273,15.270000457763672,14.982500076293945,15.180000305175781,613846,0.0,0.0
2023-03-30 10:30:00-04:00,15.180000305175781,15.244999885559082,15.09000015258789,15.159299850463867,431954,0.0,0.0
2023-03-30 11:30:00-04:00,15.154999732971191,15.258299827575684,15.135000228881836,15.210000038146973,451279,0.0,0.0
2023-03-30 12:30:00-04:00,15.21399974822998,15.21399974822998,15.015000343322754,15.119999885559082,317277,0.0,0.0
2023-03-30 13:30:00-04:00,15.110099792480469,15.239999771118164,15.0,15.239999771118164,287245,0.0,0.0
2023-03-30 14:30:00-04:00,15.239999771118164,15.274999618530273,15.1850004196167,15.225000381469727,374144,0.0,0.0
2023-03-30 15:30:00-04:00,15.225000381469727,15.289999961853027,15.1850004196167,15.260000228881836,629058,0.0,0.0
2023-03-31 09:30:00-04:00,15.34000015258789,15.680000305175781,15.234999656677246,15.670000076293945,698300,0.0,0.0
2023-03-31 10:30:00-04:00,15.670000076293945,16.219900131225586,15.670000076293945,16.18899917602539,946802,0.0,0.0
2023-03-31 11:30:00-04:00,16.184999465942383,16.540000915527344,16.184999465942383,16.514999389648438,1148302,0.0,0.0
2023-03-31 12:30:00-04:00,16.518800735473633,16.6200008392334,16.479999542236328,16.524999618530273,1168231,0.0,0.0
2023-03-31 13:30:00-04:00,16.530000686645508,16.549999237060547,16.290000915527344,16.489999771118164,839496,0.0,0.0
2023-03-31 14:30:00-04:00,16.489999771118164,16.575000762939453,16.405000686645508,16.565000534057617,884985,0.0,0.0
2023-03-31 15:30:00-04:00,16.565000534057617,16.608400344848633,16.34000015258789,16.352500915527344,1392531,0.0,0.0
2023-04-03 09:30:00-04:00,16.110000610351562,16.40999984741211,16.049999237060547,16.364999771118164,1033955,0.0,0.0
2023-04-03 10:30:00-04:00,16.36870002746582,16.40530014038086,16.049999237060547,16.17840003967285,767335,0.0,0.0
2023-04-03 11:30:00-04:00,16.174999237060547,16.3700008392334,16.104999542236328,16.299999237060547,650649,0.0,0.0
2023-04-03 12:30:00-04:00,16.3075008392334,16.309999465942383,16.19499969482422,16.204999923706055,349341,0.0,0.0
2023-04-03 13:30:00-04:00,16.209999084472656,16.34000015258789,16.165000915527344,16.315000534057617,521937,0.0,0.0
2023-04-03 14:30:00-04:00,16.315000534057617,16.55500030517578,16.309999465942383,16.549999237060547,1091783,0.0,0.0
2023-04-03 15:30:00-04:00,16.549999237060547,16.579999923706055,16.469999313354492,16.469999313354492,1080461,0.0,0.0
2023-04-04 09:30:00-04:00,16.6200008392334,16.889999389648438,16.459999084472656,16.84000015258789,1147112,0.0,0.0
2023-04-04 10:30:00-04:00,16.84000015258789,16.979999542236328,16.760000228881836,16.979999542236328,912815,0.0,0.0
2023-04-04 11:30:00-04:00,16.969999313354492,17.0,16.84000015258789,16.974000930786133,849789,0.0,0.0
2023-04-04 12:30:00-04:00,16.969999313354492,17.030000686645508,16.920000076293945,17.010000228881836,1366180,0.0,0.0
2023-04-04 13:30:00-04:00,17.0049991607666,17.1200008392334,17.0,17.08609962463379,1181854,0.0,0.0
2023-04-04 14:30:00-04:00,17.09000015258789,17.165000915527344,16.80500030517578,16.94499969482422,1572446,0.0,0.0
2023-04-04 15:30:00-04:00,16.94499969482422,16.969999313354492,16.81999969482422,16.889999389648438,1036725,0.0,0.0
2023-04-05 09:30:00-04:00,16.739999771118164,17.020000457763672,16.050500869750977,16.100000381469727,2671909,0.0,0.0
2023-04-05 10:30:00-04:00,16.100000381469727,16.219999313354492,15.779999732971191,15.970100402832031,1504325,0.0,0.0
2023-04-05 11:30:00-04:00,15.975000381469727,16.09000015258789,15.850000381469727,16.07819938659668,881748,0.0,0.0
2023-04-05 12:30:00-04:00,16.07900047302246,16.079700469970703,15.899999618530273,16.000099182128906,464697,0.0,0.0
2023-04-05 13:30:00-04:00,15.994999885559082,16.1299991607666,15.98009967803955,15.98009967803955,397560,0.0,0.0
2023-04-05 14:30:00-04:00,15.979999542236328,16.270000457763672,15.963399887084961,16.209999084472656,744759,0.0,0.0
2023-04-05 15:30:00-04:00,16.204999923706055,16.290000915527344,16.190000534057617,16.270000457763672,952891,0.0,0.0
2023-04-06 09:30:00-04:00,16.020000457763672,16.23200035095215,15.8100004196167,16.110000610351562,785383,0.0,0.0
2023-04-06 10:30:00-04:00,16.104999542236328,16.28499984741211,16.079999923706055,16.239999771118164,385259,0.0,0.0
2023-04-06 11:30:00-04:00,16.2450008392334,16.648000717163086,16.229999542236328,16.643299102783203,500814,0.0,0.0
2023-04-06 12:30:00-04:00,16.649999618530273,16.71500015258789,16.540000915527344,16.610000610351562,351910,0.0,0.0
2023-04-06 13:30:00-04:00,16.610000610351562,16.68000030517578,16.565000534057617,16.599899291992188,327674,0.0,0.0
2023-04-06 14:30:00-04:00,16.594999313354492,16.65999984741211,16.479999542236328,16.649999618530273,691603,0.0,0.0
2023-04-06 15:30:00-04:00,16.645000457763672,16.704999923706055,16.600000381469727,16.639999389648438,783201,0.0,0.0
2023-04-10 09:30:00-04:00,16.34000015258789,16.34000015258789,15.729999542236328,15.970000267028809,1089816,0.0,0.0
2023-04-10 10:30:00-04:00,15.979999542236328,16.200000762939453,15.975000381469727,16.125,420412,0.0,0.0
2023-04-10 11:30:00-04:00,16.125,16.125,15.895000457763672,15.989999771118164,761186,0.0,0.0
2023-04-10 12:30:00-04:00,15.979999542236328,16.350000381469727,15.954999923706055,16.34000015258789,453828,0.0,0.0
2023-04-10 13:30:00-04:00,16.34000015258789,16.375,16.18000030517578,16.350000381469727,551464,0.0,0.0
2023-04-10 14:30:00-04:00,16.354999542236328,16.4950008392334,16.350000381469727,16.415000915527344,550195,0.0,0.0
2023-04-10 15:30:00-04:00,16.420000076293945,16.489999771118164,16.389999389648438,16.420000076293945,578909,0.0,0.0
2023-04-11 09:30:00-04:00,16.420000076293945,16.799999237060547,16.239299774169922,16.635000228881836,611312,0.0,0.0
2023-04-11 10:30:00-04:00,16.639999389648438,16.68000030517578,16.290000915527344,16.329999923706055,477056,0.0,0.0
2023-04-11 11:30:00-04:00,16.31999969482422,16.43000030517578,16.084999084472656,16.420000076293945,388491,0.0,0.0
2023-04-11 12:30:00-04:00,16.415000915527344,16.415000915527344,16.309999465942383,16.39590072631836,326662,0.0,0.0
2023-04-11 13:30:00-04:00,16.399999618530273,16.59000015258789,16.399999618530273,16.579999923706055,259827,0.0,0.0
2023-04-11 14:30:00-04:00,16.575000762939453,16.579999923706055,16.405000686645508,16.575000762939453,641523,0.0,0.0
2023-04-11 15:30:00-04:00,16.56999969482422,16.579999923706055,16.459999084472656,16.514999389648438,778076,0.0,0.0
2023-04-12 09:30:00-04:00,16.93000030517578,17.31999969482422,16.59269905090332,16.989999771118164,881922,0.0,0.0
2023-04-12 10:30:00-04:00,16.990100860595703,17.020000457763672,16.600000381469727,16.81999969482422,451380,0.0,0.0
2023-04-12 11:30:00-04:00,16.81999969482422,17.190000534057617,16.815000534057617,17.040000915527344,544741,0.0,0.0
2023-04-12 12:30:00-04:00,17.03499984741211,17.11989974975586,16.985000610351562,17.00079917907715,438442,0.0,0.0
2023-04-12 13:30:00-04:00,17.010000228881836,17.039899826049805,16.760000228881836,16.780000686645508,441874,0.0,0.0
2023-04-12 14:30:00-04:00,16.780000686645508,16.90999984741211,16.75,16.8700008392334,598459,0.0,0.0
2023-04-12 15:30:00-04:00,16.864999771118164,17.020000457763672,16.860000610351562,17.020000457763672,1410220,0.0,0.0
2023-04-13 09:30:00-04:00,17.299999237060547,17.918500900268555,17.229999542236328,17.774999618530273,1558517,0.0,0.0
2023-04-13 10:30:00-04:00,17.780000686645508,17.920000076293945,17.719999313354492,17.80500030517578,676760,0.0,0.0
2023-04-13 11:30:00-04:00,17.809999465942383,17.864999771118164,17.68000030517578,17.704999923706055,629812,0.0,0.0
2023-04-13 12:30:00-04:00,17.709999084472656,17.75,17.540000915527344,17.684999465942383,798161,0.0,0.0
2023-04-13 13:30:00-04:00,17.684999465942383,17.834999084472656,17.645000457763672,17.774999618530273,830684,0.0,0.0
2023-04-13 14:30:00-04:00,17.774999618530273,17.774999618530273,17.55069923400879,17.56999969482422,1103493,0.0,0.0
2023-04-13 15:30:00-04:00,17.575000762939453,17.625,17.530000686645508,17.540000915527344,1568623,0.0,0.0
2023-04-14 09:30:00-04:00,17.489999771118164,17.90999984741211,17.21030044555664,17.65999984741211,994792,0.0,0.0
2023-04-14 10:30:00-04:00,17.65999984741211,17.69499969482422,17.459999084472656,17.489999771118164,447565,0.0,0.0
2023-04-14 11:30:00-04:00,17.4950008392334,17.540000915527344,17.309999465942383,17.5,507684,0.0,0.0
2023-04-14 12:30:00-04:00,17.5,17.649999618530273,17.420000076293945,17.635000228881836,507172,0.0,0.0
2023-04-14 13:30:00-04:00,17.6299991607666,17.860000610351562,17.540800094604492,17.860000610351562,591194,0.0,0.0
2023-04-14 14:30:00-04:00,17.860000610351562,17.90999984741211,17.719999313354492,17.829999923706055,676565,0.0,0.0
2023-04-14 15:30:00-04:00,17.829999923706055,17.959999084472656,17.825000762939453,17.8799991607666,819090,0.0,0.0
2023-04-17 09:30:00-04:00,17.90999984741211,18.1299991607666,17.639999389648438,17.850000381469727,728941,0.0,0.0
2023-04-17 10:30:00-04:00,17.850000381469727,17.94499969482422,17.690000534057617,17.80500030517578,382163,0.0,0.0
2023-04-17 11:30:00-04:00,17.799999237060547,17.8700008392334,17.71500015258789,17.81999969482422,513113,0.0,0.0
2023-04-17 12:30:00-04:00,17.829999923706055,17.850000381469727,17.6200008392334,17.690000534057617,414800,0.0,0.0
2023-04-17 13:30:00-04:00,17.690000534057617,17.69499969482422,17.485000610351562,17.549999237060547,645142,0.0,0.0
2023-04-17 14:30:00-04:00,17.550199508666992,17.770000457763672,17.510000228881836,17.7450008392334,718098,0.0,0.0
2023-04-17 15:30:00-04:00,17.7450008392334,17.780000686645508,17.575000762939453,17.670000076293945,1058796,0.0,0.0
2023-04-18 09:30:00-04:00,17.959999084472656,18.329999923706055,17.8799991607666,17.989999771118164,1549580,0.0,0.0
2023-04-18 10:30:00-04:00,17.985000610351562,18.045000076293945,17.81999969482422,17.90999984741211,364178,0.0,0.0
2023-04-18 11:30:00-04:00,17.899999618530273,17.94499969482422,17.78499984741211,17.8799991607666,233991,0.0,0.0
2023-04-18 12:30:00-04:00,17.889999389648438,17.889999389648438,17.764999389648438,17.770999908447266,242484,0.0,0.0
2023-04-18 13:30:00-04:00,17.770700454711914,17.829999923706055,17.719999313354492,17.815000534057617,383572,0.0,0.0
2023-04-18 14:30:00-04:00,17.81999969482422,17.838899612426758,17.709999084472656,17.780000686645508,398665,0.0,0.0
2023-04-18 15:30:00-04:00,17.774999618530273,17.899999618530273,17.760000228881836,17.860000610351562,465902,0.0,0.0
2023-04-19 09:30:00-04:00,17.559999465942383,17.75,17.190399169921875,17.290000915527344,804949,0.0,0.0
2023-04-19 10:30:00-04:00,17.290000915527344,17.479999542236328,17.270000457763672,17.382299423217773,692484,0.0,0.0
2023-04-19 11:30:00-04:00,17.380699157714844,17.5,17.31999969482422,17.5,252620,0.0,0.0
2023-04-19 12:30:00-04:00,17.5,17.549999237060547,17.438499450683594,17.540000915527344,361098,0.0,0.0
2023-04-19 13:30:00-04:00,17.540000915527344,17.650800704956055,17.399999618530273,17.639999389648438,440563,0.0,0.0
2023-04-19 14:30:00-04:00,17.639999389648438,17.69499969482422,17.482799530029297,17.65999984741211,547439,0.0,0.0
2023-04-19 15:30:00-04:00,17.65999984741211,17.674999237060547,17.55500030517578,17.56999969482422,843245,0.0,0.0
2023-04-20 09:30:00-04:00,17.25,17.520000457763672,17.162799835205078,17.5,553358,0.0,0.0
2023-04-20 10:30:00-04:00,17.5,17.576099395751953,17.139999389648438,17.260000228881836,634547,0.0,0.0
2023-04-20 11:30:00-04:00,17.252500534057617,17.41710090637207,17.209999084472656,17.309999465942383,345299,0.0,0.0
2023-04-20 12:30:00-04:00,17.309999465942383,17.8799991607666,17.30500030517578,17.860000610351562,1007388,0.0,0.0
2023-04-20 13:30:00-04:00,17.859899520874023,17.8799991607666,17.6200008392334,17.670000076293945,686141,0.0,0.0
2023-04-20 14:30:00-04:00,17.670000076293945,17.979999542236328,17.6299991607666,17.80500030517578,1067722,0.0,0.0
2023-04-20 15:30:00-04:00,17.80500030517578,18.014999389648438,17.80500030517578,17.899999618530273,1822234,0.0,0.0
2023-04-21 09:30:00-04:00,18.06999969482422,18.3799991607666,17.850000381469727,18.260000228881836,1173173,0.0,0.0
2023-04-21 10:30:00-04:00,18.260000228881836,18.579999923706055,18.210100173950195,18.559999465942383,851782,0.0,0.0
2023-04-21 11:30:00-04:00,18.55500030517578,18.829999923706055,18.469999313354492,18.65999984741211,1207089,0.0,0.0
2023-04-21 12:30:00-04:00,18.65999984741211,18.850000381469727,18.600000381469727,18.760000228881836,1054764,0.0,0.0
2023-04-21 13:30:00-04:00,18.763999938964844,18.9950008392334,18.725000381469727,18.78499984741211,1429785,0.0,0.0
2023-04-21 14:30:00-04:00,18.78499984741211,18.834999084472656,18.565000534057617,18.594999313354492,1215017,0.0,0.0
2023-04-21 15:30:00-04:00,18.594999313354492,18.6200008392334,18.4950008392334,18.59000015258789,1268049,0.0,0.0
2023-04-24 09:30:00-04:00,18.719999313354492,18.719999313354492,17.829999923706055,18.084999084472656,1607750,0.0,0.0
2023-04-24 10:30:00-04:00,18.09000015258789,18.145000457763672,17.610000610351562,17.617399215698242,1073009,0.0,0.0
2023-04-24 11:30:00-04:00,17.614999771118164,17.780000686645508,17.459999084472656,17.774999618530273,765791,0.0,0.0
2023-04-24 12:30:00-04:00,17.774999618530273,17.889999389648438,17.71269989013672,17.739999771118164,681111,0.0,0.0
2023-04-24 13:30:00-04:00,17.75,17.940000534057617,17.740100860595703,17.768400192260742,756044,0.0,0.0
2023-04-24 14:30:00-04:00,17.760000228881836,17.770000457763672,17.590099334716797,17.594999313354492,795616,0.0,0.0
2023-04-24 15:30:00-04:00,17.594999313354492,17.610000610351562,17.405000686645508,17.469999313354492,1125083,0.0,0.0
2023-04-25 09:30:00-04:00,17.0,17.170000076293945,16.53499984741211,16.708099365234375,1179069,0.0,0.0
2023-04-25 10:30:00-04:00,16.704999923706055,16.889999389648438,16.614999771118164,16.6299991607666,1218612,0.0,0.0
2023-04-25 11:30:00-04:00,16.629199981689453,16.709999084472656,16.549999237060547,16.674999237060547,716628,0.0,0.0
2023-04-25 12:30:00-04:00,16.71500015258789,16.71500015258789,16.440000534057617,16.510000228881836,971581,0.0,0.0
2023-04-25 13:30:00-04:00,16.514999389648438,16.595300674438477,16.469999313354492,16.575000762939453,681018,0.0,0.0
2023-04-25 14:30:00-04:00,16.575000762939453,16.780000686645508,16.56999969482422,16.594999313354492,1192045,0.0,0.0
2023-04-25 15:30:00-04:00,16.594999313354492,16.6200008392334,16.540000915527344,16.59000015258789,757132,0.0,0.0
2023-04-26 09:30:00-04:00,16.989999771118164,17.3700008392334,16.84000015258789,17.014999389648438,825302,0.0,0.0
2023-04-26 10:30:00-04:00,17.020000457763672,17.270000457763672,16.940000534057617,17.155000686645508,486313,0.0,0.0
2023-04-26 11:30:00-04:00,17.15999984741211,17.329999923706055,17.094999313354492,17.149999618530273,306100,0.0,0.0
2023-04-26 12:30:00-04:00,17.149999618530273,17.155000686645508,16.889999389648438,16.975000381469727,555865,0.0,0.0
2023-04-26 13:30:00-04:00,16.979999542236328,17.045000076293945,16.860000610351562,16.90999984741211,320367,0.0,0.0
2023-04-26 14:30:00-04:00,16.905000686645508,16.93000030517578,16.739999771118164,16.844999313354492,450829,0.0,0.0
2023-04-26 15:30:00-04:00,16.844999313354492,16.844999313354492,16.684999465942383,16.770000457763672,720392,0.0,0.0
2023-04-27 09:30:00-04:00,17.149999618530273,17.239999771118164,16.655000686645508,16.739999771118164,538142,0.0,0.0
2023-04-27 10:30:00-04:00,16.7450008392334,16.860000610351562,16.610000610351562,16.825000762939453,523588,0.0,0.0
2023-04-27 11:30:00-04:00,16.825000762939453,17.139999389648438,16.795000076293945,17.1200008392334,775427,0.0,0.0
2023-04-27 12:30:00-04:00,17.1200008392334,17.24209976196289,17.104999542236328,17.204999923706055,771920,0.0,0.0
2023-04-27 13:30:00-04:00,17.200000762939453,17.279800415039062,17.030000686645508,17.104999542236328,672483,0.0,0.0
2023-04-27 14:30:00-04:00,17.110000610351562,17.165000915527344,17.0,17.040000915527344,772294,0.0,0.0
2023-04-27 15:30:00-04:00,17.045000076293945,17.100000381469727,17.0,17.040000915527344,726950,0.0,0.0
2023-04-28 09:30:00-04:00,16.549999237060547,16.700000762939453,15.664999961853027,16.665000915527344,1593127,0.0,0.0
2023-04-28 10:30:00-04:00,16.665000915527344,16.700000762939453,16.280000686645508,16.364999771118164,659730,0.0,0.0
2023-04-28 11:30:00-04:00,16.3700008392334,16.4950008392334,16.325000762939453,16.360000610351562,422173,0.0,0.0
2023-04-28 12:30:00-04:00,16.354999542236328,16.479999542236328,16.209999084472656,16.2450008392334,638082,0.0,0.0
2023-04-28 13:30:00-04:00,16.2450008392334,16.264999389648438,16.09000015258789,16.14929962158203,695536,0.0,0.0
2023-04-28 14:30:00-04:00,16.149999618530273,16.170000076293945,15.96500015258789,15.970000267028809,1003382,0.0,0.0
2023-04-28 15:30:00-04:00,15.970000267028809,16.145000457763672,15.90999984741211,16.059999465942383,1250867,0.0,0.0
2023-05-01 09:30:00-04:00,15.90999984741211,16.09000015258789,15.802000045776367,15.970000267028809,937516,0.0,0.0
2023-05-01 10:30:00-04:00,15.979999542236328,16.360000610351562,15.960000038146973,16.155000686645508,692045,0.0,0.0
2023-05-01 11:30:00-04:00,16.149999618530273,16.354999542236328,16.104999542236328,16.190000534057617,1611654,0.0,0.0
2023-05-01 12:30:00-04:00,16.189899444580078,16.489999771118164,16.13089942932129,16.309900283813477,1602183,0.0,0.0
2023-05-01 13:30:00-04:00,16.309999465942383,16.510000228881836,16.299999237060547,16.43000030517578,1246513,0.0,0.0
2023-05-01 14:30:00-04:00,16.42729949951172,16.5,16.299999237060547,16.3799991607666,1315789,0.0,0.0
2023-05-01 15:30:00-04:00,16.375,16.475000381469727,16.31999969482422,16.389999389648438,1151330,0.0,0.0
2023-05-02 09:30:00-04:00,16.209999084472656,16.389999389648438,15.84000015258789,15.890000343322754,623542,0.0,0.0
2023-05-02 10:30:00-04:00,15.890000343322754,15.925000190734863,15.515000343322754,15.550000190734863,1319634,0.0,0.0
2023-05-02 11:30:00-04:00,15.550000190734863,15.6850004196167,15.404999732971191,15.649999618530273,884778,0.0,0.0
2023-05-02 12:30:00-04:00,15.654999732971191,15.734999656677246,15.635000228881836,15.675000190734863,361290,0.0,0.0
2023-05-02 13:30:00-04:00,15.675000190734863,15.80840015411377,15.65999984741211,15.774999618530273,549085,0.0,0.0
2023-05-02 14:30:00-04:00,15.774999618530273,15.850000381469727,15.740099906921387,15.8100004196167,610347,0.0,0.0
2023-05-02 15:30:00-04:00,15.8100004196167,15.8100004196167,15.699999809265137,15.725000381469727,724456,0.0,0.0
2023-05-03 09:30:00-04:00,15.760000228881836,15.914999961853027,15.289999961853027,15.520000457763672,1395310,0.0,0.0
2023-05-03 10:30:00-04:00,15.520000457763672,15.890000343322754,15.520000457763672,15.765000343322754,1040264,0.0,0.0
2023-05-03 11:30:00-04:00,15.755000114440918,15.765000343322754,15.619999885559082,15.72070026397705,573320,0.0,0.0
2023-05-03 12:30:00-04:00,15.720000267028809,15.829999923706055,15.649999618530273,15.6850004196167,1164238,0.0,0.0
2023-05-03 13:30:00-04:00,15.6850004196167,15.805000305175781,15.569999694824219,15.755000114440918,1617602,0.0,0.0
2023-05-03 14:30:00-04:00,15.755000114440918,15.949999809265137,15.475000381469727,15.489999771118164,1874197,0.0,0.0
2023-05-03 15:30:00-04:00,15.489999771118164,15.59000015258789,15.4350004196167,15.529999732971191,1098027,0.0,0.0
2023-05-04 09:30:00-04:00,15.720000267028809,15.875,15.5,15.510000228881836,1029419,0.0,0.0
2023-05-04 10:30:00-04:00,15.5,15.739999771118164,15.479999542236328,15.65999984741211,628418,0.0,0.0
2023-05-04 11:30:00-04:00,15.654999732971191,15.765000343322754,15.59000015258789,15.739999771118164,894449,0.0,0.0
2023-05-04 12:30:00-04:00,15.744999885559082,15.795000076293945,15.625,15.744999885559082,914264,0.0,0.0
2023-05-04 13:30:00-04:00,15.75,15.8818998336792,15.744999885559082,15.824999809265137,670705,0.0,0.0
2023-05-04 14:30:00-04:00,15.824999809265137,15.917799949645996,15.770000457763672,15.904999732971191,908600,0.0,0.0
2023-05-04 15:30:00-04:00,15.90999984741211,15.949999809265137,15.78499984741211,15.850000381469727,822787,0.0,0.0
2023-05-05 09:30:00-04:00,15.970000267028809,16.719999313354492,15.930000305175781,16.576900482177734,912570,0.0,0.0
2023-05-05 10:30:00-04:00,16.575000762939453,16.719999313354492,16.479999542236328,16.594999313354492,878784,0.0,0.0
2023-05-05 11:30:00-04:00,16.594999313354492,16.920000076293945,16.530000686645508,16.8700008392334,1054978,0.0,0.0
2023-05-05 12:30:00-04:00,16.8700008392334,16.915000915527344,16.800500869750977,16.84000015258789,807949,0.0,0.0
2023-05-05 13:30:00-04:00,16.844999313354492,16.920000076293945,16.702600479125977,16.885000228881836,1177749,0.0,0.0
2023-05-05 14:30:00-04:00,16.885000228881836,16.979999542236328,16.81999969482422,16.885000228881836,979956,0.0,0.0
2023-05-05 15:30:00-04:00,16.885000228881836,16.959999084472656,16.860000610351562,16.88249969482422,872591,0.0,0.0
2023-05-08 09:30:00-04:00,17.25,17.6299991607666,17.18000030517578,17.315000534057617,1320976,0.0,0.0
2023-05-08 10:30:00-04:00,17.31999969482422,17.709999084472656,17.315000534057617,17.659099578857422,625394,0.0,0.0
2023-05-08 11:30:00-04:00,17.655000686645508,17.709999084472656,17.584999084472656,17.625,994440,0.0,0.0
2023-05-08 12:30:00-04:00,17.6200008392334,17.6299991607666,17.399999618530273,17.46500015258789,1134925,0.0,0.0
2023-05-08 13:30:00-04:00,17.469999313354492,17.540000915527344,17.395000457763672,17.430700302124023,909528,0.0,0.0
2023-05-08 14:30:00-04:00,17.434999465942383,17.530000686645508,17.415000915527344,17.450000762939453,688869,0.0,0.0
2023-05-08 15:30:00-04:00,17.459999084472656,17.520000457763672,17.3799991607666,17.479999542236328,1100051,0.0,0.0
2023-05-09 09:30:00-04:00,17.280000686645508,17.684999465942383,17.25,17.40999984741211,782372,0.0,0.0
2023-05-09 10:30:00-04:00,17.40999984741211,17.610000610351562,17.3799991607666,17.559999465942383,747846,0.0,0.0
2023-05-09 11:30:00-04:00,17.559900283813477,17.674999237060547,17.489999771118164,17.674999237060547,1273333,0.0,0.0
2023-05-09 12:30:00-04:00,17.674999237060547,17.855300903320312,17.635000228881836,17.780000686645508,812731,0.0,0.0
2023-05-09 13:30:00-04:00,17.78499984741211,17.78499984741211,17.600000381469727,17.625,778659,0.0,0.0
2023-05-09 14:30:00-04:00,17.6299991607666,17.645000457763672,17.364999771118164,17.364999771118164,540319,0.0,0.0
2023-05-09 15:30:00-04:00,17.364999771118164,17.420000076293945,17.239999771118164,17.420000076293945,1274309,0.0,0.0
2023-05-10 09:30:00-04:00,17.709999084472656,17.989999771118164,17.59000015258789,17.940000534057617,707974,0.0,0.0
2023-05-10 10:30:00-04:00,17.940000534057617,18.135000228881836,17.889999389648438,18.087200164794922,625879,0.0,0.0
2023-05-10 11:30:00-04:00,18.09000015258789,18.110000610351562,17.90999984741211,18.09000015258789,376038,0.0,0.0
2023-05-10 12:30:00-04:00,18.09000015258789,18.200000762939453,17.890100479125977,17.934999465942383,631590,0.0,0.0
2023-05-10 13:30:00-04:00,17.93000030517578,17.938400268554688,17.770000457763672,17.854999542236328,550642,0.0,0.0
2023-05-10 14:30:00-04:00,17.860000610351562,17.954999923706055,17.799999237060547,17.94499969482422,734751,0.0,0.0
2023-05-10 15:30:00-04:00,17.940000534057617,18.0,17.915000915527344,17.950000762939453,1537170,0.0,0.0
2023-05-11 09:30:00-04:00,17.969999313354492,18.225000381469727,17.825000762939453,17.889999389648438,903551,0.0,0.0
2023-05-11 10:30:00-04:00,17.899999618530273,17.915000915527344,17.719999313354492,17.79010009765625,396283,0.0,0.0
2023-05-11 11:30:00-04:00,17.780000686645508,17.940000534057617,17.75,17.84000015258789,619806,0.0,0.0
2023-05-11 12:30:00-04:00,17.84000015258789,17.90999984741211,17.719999313354492,17.90999984741211,737489,0.0,0.0
2023-05-11 13:30:00-04:00,17.899999618530273,18.014999389648438,17.75,17.9950008392334,727379,0.0,0.0
2023-05-11 14:30:00-04:00,17.9950008392334,18.139999389648438,17.979999542236328,18.125,656540,0.0,0.0
2023-05-11 15:30:00-04:00,18.125,18.219999313354492,18.110000610351562,18.200000762939453,1143810,0.0,0.0
2023-05-12 09:30:00-04:00,18.290000915527344,18.5,17.920000076293945,17.924999237060547,883147,0.0,0.0
2023-05-12 10:30:00-04:00,17.92099952697754,18.0,17.844999313354492,17.975000381469727,362799,0.0,0.0
2023-05-12 11:30:00-04:00,17.979999542236328,18.010000228881836,17.8799991607666,17.90999984741211,283778,0.0,0.0
2023-05-12 12:30:00-04:00,17.905000686645508,17.905000686645508,17.510000228881836,17.811100006103516,430396,0.0,0.0
2023-05-12 13:30:00-04:00,17.818899154663086,17.847900390625,17.65999984741211,17.65999984741211,627330,0.0,0.0
2023-05-12 14:30:00-04:00,17.649999618530273,17.71500015258789,17.579999923706055,17.649999618530273,723260,0.0,0.0
2023-05-12 15:30:00-04:00,17.65999984741211,17.68000030517578,17.5049991607666,17.579999923706055,901137,0.0,0.0
2023-05-15 09:30:00-04:00,17.56999969482422,18.05500030517578,17.420000076293945,18.0,631135,0.0,0.0
2023-05-15 10:30:00-04:00,17.9950008392334,18.28499984741211,17.989999771118164,18.238000869750977,494479,0.0,0.0
2023-05-15 11:30:00-04:00,18.235000610351562,18.425399780273438,18.079999923706055,18.420000076293945,892281,0.0,0.0
2023-05-15 12:30:00-04:00,18.415000915527344,18.645000457763672,18.260000228881836,18.520000457763672,1512931,0.0,0.0
2023-05-15 13:30:00-04:00,18.5049991607666,18.514999389648438,18.260000228881836,18.30500030517578,1300715,0.0,0.0
2023-05-15 14:30:00-04:00,18.30500030517578,18.30500030517578,18.17009925842285,18.25,955863,0.0,0.0
2023-05-15 15:30:00-04:00,18.25,18.290000915527344,18.190000534057617,18.260000228881836,816608,0.0,0.0
2023-05-16 09:30:00-04:00,18.030000686645508,18.145000457763672,17.790000915527344,18.05500030517578,586107,0.0,0.0
2023-05-16 10:30:00-04:00,18.049999237060547,18.110000610351562,17.915000915527344,18.019100189208984,296816,0.0,0.0
2023-05-16 11:30:00-04:00,18.010000228881836,18.020000457763672,17.864999771118164,17.915000915527344,469682,0.0,0.0
2023-05-16 12:30:00-04:00,17.90999984741211,18.110000610351562,17.8799991607666,17.950000762939453,455700,0.0,0.0
2023-05-16 13:30:00-04:00,17.959999084472656,18.195100784301758,17.940000534057617,18.145000457763672,496772,0.0,0.0
2023-05-16 14:30:00-04:00,18.149999618530273,18.295000076293945,18.110000610351562,18.2549991607666,715371,0.0,0.0
2023-05-16 15:30:00-04:00,18.2549991607666,18.270000457763672,18.139999389648438,18.149999618530273,453341,0.0,0.0
2023-05-17 09:30:00-04:00,18.280000686645508,18.510000228881836,18.09000015258789,18.46500015258789,683105,0.0,0.0
2023-05-17 10:30:00-04:00,18.469999313354492,18.700000762939453,18.469999313354492,18.6299991607666,489957,0.0,0.0
2023-05-17 11:30:00-04:00,18.639999389648438,18.719999313354492,18.479999542236328,18.510000228881836,377570,0.0,0.0
2023-05-17 12:30:00-04:00,18.514999389648438,18.670000076293945,18.481300354003906,18.510000228881836,336795,0.0,0.0
2023-05-17 13:30:00-04:00,18.510000228881836,18.53499984741211,18.415000915527344,18.514999389648438,390706,0.0,0.0
2023-05-17 14:30:00-04:00,18.514999389648438,18.53499984741211,18.424100875854492,18.44499969482422,421468,0.0,0.0
2023-05-17 15:30:00-04:00,18.44499969482422,18.454999923706055,18.290000915527344,18.344999313354492,896018,0.0,0.0
2023-05-18 09:30:00-04:00,18.3700008392334,18.93000030517578,18.3700008392334,18.859500885009766,648989,0.0,0.0
2023-05-18 10:30:00-04:00,18.854999542236328,18.989999771118164,18.735000610351562,18.954999923706055,655974,0.0,0.0
2023-05-18 11:30:00-04:00,18.954999923706055,18.959999084472656,18.704999923706055,18.719999313354492,522750,0.0,0.0
2023-05-18 12:30:00-04:00,18.739999771118164,18.790000915527344,18.674999237060547,18.68000030517578,418561,0.0,0.0
2023-05-18 13:30:00-04:00,18.68000030517578,19.388999938964844,18.674999237060547,19.06999969482422,2312872,0.0,0.0
2023-05-18 14:30:00-04:00,19.059999465942383,19.059999465942383,18.96500015258789,19.024999618530273,913155,0.0,0.0
2023-05-18 15:30:00-04:00,19.024999618530273,19.200000762939453,18.979999542236328,19.15999984741211,1028021,0.0,0.0
2023-05-19 09:30:00-04:00,19.0,19.200000762939453,18.760000228881836,18.860000610351562,1104871,0.0,0.0
2023-05-19 10:30:00-04:00,18.860000610351562,18.90999984741211,18.690000534057617,18.750499725341797,471961,0.0,0.0
2023-05-19 11:30:00-04:00,18.7549991607666,18.850000381469727,18.55500030517578,18.645000457763672,600314,0.0,0.0
2023-05-19 12:30:00-04:00,18.639999389648438,18.75,18.530000686645508,18.692100524902344,322341,0.0,0.0
2023-05-19 13:30:00-04:00,18.700000762939453,18.790000915527344,18.645000457763672,18.735000610351562,314794,0.0,0.0
2023-05-19 14:30:00-04:00,18.735000610351562,18.809999465942383,18.6299991607666,18.770000457763672,819502,0.0,0.0
2023-05-19 15:30:00-04:00,18.770000457763672,18.850000381469727,18.75,18.75,833491,0.0,0.0
2023-05-22 09:30:00-04:00,18.860000610351562,19.148399353027344,18.68000030517578,18.985000610351562,1431333,0.0,0.0
2023-05-22 10:30:00-04:00,18.979999542236328,19.25,18.93000030517578,19.25,731088,0.0,0.0
2023-05-22 11:30:00-04:00,19.25,19.315000534057617,19.139999389648438,19.21500015258789,644905,0.0,0.0
2023-05-22 12:30:00-04:00,19.209999084472656,19.360000610351562,19.190000534057617,19.235000610351562,648209,0.0,0.0
2023-05-22 13:30:00-04:00,19.235000610351562,19.399999618530273,19.235000610351562,19.364999771118164,638965,0.0,0.0
2023-05-22 14:30:00-04:00,19.364999771118164,19.479900360107422,19.280000686645508,19.290000915527344,847079,0.0,0.0
2023-05-22 15:30:00-04:00,19.290199279785156,19.299999237060547,19.1200008392334,19.1200008392334,1047944,0.0,0.0
2023-05-23 09:30:00-04:00,19.0,19.427099227905273,18.899999618530273,19.274999618530273,700310,0.0,0.0
2023-05-23 10:30:00-04:00,19.270000457763672,19.700000762939453,19.260000228881836,19.5,596917,0.0,0.0
2023-05-23 11:30:00-04:00,19.510000228881836,19.545000076293945,19.34000015258789,19.354999542236328,417799,0.0,0.0
2023-05-23 12:30:00-04:00,19.350000381469727,19.350000381469727,19.1299991607666,19.21500015258789,501779,0.0,0.0
2023-05-23 13:30:00-04:00,19.209999084472656,19.219999313354492,19.049999237060547,19.09000015258789,472432,0.0,0.0
2023-05-23 14:30:00-04:00,19.09000015258789,19.239999771118164,19.09000015258789,19.145000457763672,596891,0.0,0.0
2023-05-23 15:30:00-04:00,19.145000457763672,19.19499969482422,19.020000457763672,19.020000457763672,628800,0.0,0.0
2023-05-24 09:30:00-04:00,18.799999237060547,19.481000900268555,18.739999771118164,19.299999237060547,897725,0.0,0.0
2023-05-24 10:30:00-04:00,19.290800094604492,19.459999084472656,19.155000686645508,19.440000534057617,749349,0.0,0.0
2023-05-24 11:30:00-04:00,19.450000762939453,19.540000915527344,19.344999313354492,19.459999084472656,404723,0.0,0.0
2023-05-24 12:30:00-04:00,19.459999084472656,19.489999771118164,19.309999465942383,19.46500015258789,353088,0.0,0.0
2023-05-24 13:30:00-04:00,19.459999084472656,19.56999969482422,19.40999984741211,19.55500030517578,576052,0.0,0.0
2023-05-24 14:30:00-04:00,19.565000534057617,19.81999969482422,19.559999465942383,19.815000534057617,707794,0.0,0.0
2023-05-24 15:30:00-04:00,19.809999465942383,19.93000030517578,19.80500030517578,19.8700008392334,1599879,0.0,0.0
2023-05-25 09:30:00-04:00,20.729999542236328,20.940000534057617,19.77899932861328,19.875,1495890,0.0,0.0
2023-05-25 10:30:00-04:00,19.875,20.040000915527344,19.809999465942383,19.905000686645508,546514,0.0,0.0
2023-05-25 11:30:00-04:00,19.899999618530273,20.040000915527344,19.81999969482422,19.93000030517578,389693,0.0,0.0
2023-05-25 12:30:00-04:00,19.93000030517578,19.985000610351562,19.790000915527344,19.93000030517578,467553,0.0,0.0
2023-05-25 13:30:00-04:00,19.920000076293945,20.1200008392334,19.895000457763672,20.084999084472656,375091,0.0,0.0
2023-05-25 14:30:00-04:00,20.079999923706055,20.354999542236328,20.0,20.344999313354492,524491,0.0,0.0
2023-05-25 15:30:00-04:00,20.344999313354492,20.3700008392334,20.1299991607666,20.1299991607666,598641,0.0,0.0
2023-05-26 09:30:00-04:00,20.239999771118164,20.799999237060547,20.18000030517578,20.760000228881836,625066,0.0,0.0
2023-05-26 10:30:00-04:00,20.760000228881836,20.93000030517578,20.660999298095703,20.924999237060547,535150,0.0,0.0
2023-05-26 11:30:00-04:00,20.922000885009766,21.149999618530273,20.90999984741211,20.920000076293945,518029,0.0,0.0
2023-05-26 12:30:00-04:00,20.924999237060547,21.079999923706055,20.840499877929688,20.860000610351562,398197,0.0,0.0
2023-05-26 13:30:00-04:00,20.861000061035156,20.954999923706055,20.760000228881836,20.800899505615234,265745,0.0,0.0
2023-05-26 14:30:00-04:00,20.80500030517578,20.90999984741211,20.739999771118164,20.7549991607666,528833,0.0,0.0
2023-05-26 15:30:00-04:00,20.75,20.75,20.600000381469727,20.649999618530273,559276,0.0,0.0
2023-05-30 09:30:00-04:00,21.625,21.954999923706055,20.989999771118164,21.020000457763672,1470745,0.0,0.0
2023-05-30 10:30:00-04:00,21.014999389648438,21.1299991607666,20.8125,21.040000915527344,1457633,0.0,0.0
2023-05-30 11:30:00-04:00,21.030000686645508,21.149999618530273,20.93000030517578,20.975000381469727,666206,0.0,0.0
2023-05-30 12:30:00-04:00,20.975000381469727,21.25,20.969999313354492,21.21500015258789,742675,0.0,0.0
2023-05-30 13:30:00-04:00,21.21500015258789,21.290000915527344,20.99209976196289,21.190000534057617,769600,0.0,0.0
2023-05-30 14:30:00-04:00,21.184999465942383,21.3700008392334,21.145000457763672,21.30500030517578,699850,0.0,0.0
2023-05-30 15:30:00-04:00,21.30500030517578,21.31999969482422,21.110000610351562,21.1200008392334,985752,0.0,0.0
2023-05-31 09:30:00-04:00,20.93000030517578,21.360000610351562,20.780000686645508,20.875,1190299,0.0,0.0
2023-05-31 10:30:00-04:00,20.8700008392334,21.155000686645508,20.739999771118164,21.114999771118164,773259,0.0,0.0
2023-05-31 11:30:00-04:00,21.114999771118164,21.190000534057617,20.927099227905273,21.127599716186523,535401,0.0,0.0
2023-05-31 12:30:00-04:00,21.1200008392334,21.32990074157715,21.030000686645508,21.31999969482422,482691,0.0,0.0
2023-05-31 13:30:00-04:00,21.325000762939453,21.420000076293945,21.225000381469727,21.389999389648438,551770,0.0,0.0
2023-05-31 14:30:00-04:00,21.399999618530273,21.40999984741211,21.25,21.325000762939453,908783,0.0,0.0
2023-05-31 15:30:00-04:00,21.329999923706055,21.450000762939453,21.200000762939453,21.3799991607666,1812727,0.0,0.0
2023-06-01 09:30:00-04:00,20.260000228881836,20.690000534057617,19.899999618530273,20.65999984741211,2177811,0.0,0.0
2023-06-01 10:30:00-04:00,20.670000076293945,20.905000686645508,20.489999771118164,20.771299362182617,1770579,0.0,0.0
2023-06-01 11:30:00-04:00,20.774999618530273,20.90999984741211,20.649999618530273,20.68000030517578,1271649,0.0,0.0
2023-06-01 12:30:00-04:00,20.674999237060547,20.739999771118164,20.540000915527344,20.586700439453125,1444726,0.0,0.0
2023-06-01 13:30:00-04:00,20.579999923706055,20.6200008392334,20.469999313354492,20.500999450683594,1106935,0.0,0.0
2023-06-01 14:30:00-04:00,20.5,20.809999465942383,20.440000534057617,20.549999237060547,1794971,0.0,0.0
2023-06-01 15:30:00-04:00,20.549999237060547,20.825000762939453,20.46500015258789,20.729999542236328,2517973,0.0,0.0
2023-06-02 09:30:00-04:00,13.199999809265137,14.25,13.0,13.020000457763672,24479231,0.0,0.0
2023-06-02 10:30:00-04:00,13.020000457763672,13.279999732971191,12.859999656677246,13.03499984741211,8936575,0.0,0.0
2023-06-02 11:30:00-04:00,13.03499984741211,13.180000305175781,12.90999984741211,13.005000114440918,4487881,0.0,0.0
2023-06-02 12:30:00-04:00,13.010000228881836,13.300000190734863,12.990099906921387,13.170000076293945,3864466,0.0,0.0
2023-06-02 13:30:00-04:00,13.170000076293945,13.1899995803833,13.039999961853027,13.119999885559082,3572352,0.0,0.0
2023-06-02 14:30:00-04:00,13.114999771118164,13.4399995803833,13.079999923706055,13.255000114440918,5391375,0.0,0.0
2023-06-02 15:30:00-04:00,13.255000114440918,13.479999542236328,13.229999542236328,13.4399995803833,9400643,0.0,0.0
2023-06-05 09:30:00-04:00,13.329999923706055,13.369999885559082,12.789999961853027,12.925000190734863,5037106,0.0,0.0
2023-06-05 10:30:00-04:00,12.925000190734863,13.079999923706055,12.869999885559082,13.057499885559082,2038791,0.0,0.0
2023-06-05 11:30:00-04:00,13.055000305175781,13.100000381469727,12.970000267028809,12.984999656677246,1801835,0.0,0.0
2023-06-05 12:30:00-04:00,12.984999656677246,13.0,12.899999618530273,12.899999618530273,1686212,0.0,0.0
2023-06-05 13:30:00-04:00,12.904999732971191,12.979999542236328,12.850000381469727,12.854999542236328,1835838,0.0,0.0
2023-06-05 14:30:00-04:00,12.854999542236328,12.859999656677246,12.720100402832031,12.744999885559082,2700302,0.0,0.0
2023-06-05 15:30:00-04:00,12.744999885559082,12.829999923706055,12.710000038146973,12.765000343322754,3289220,0.0,0.0
2023-06-06 09:30:00-04:00,12.640000343322754,13.519499778747559,12.430000305175781,13.3100004196167,6231069,0.0,0.0
2023-06-06 10:30:00-04:00,13.312700271606445,13.904999732971191,13.300000190734863,13.739999771118164,4098883,0.0,0.0
2023-06-06 11:30:00-04:00,13.734999656677246,13.84000015258789,13.710000038146973,13.805000305175781,1613082,0.0,0.0
2023-06-06 12:30:00-04:00,13.800000190734863,13.8100004196167,13.350000381469727,13.65999984741211,1653730,0.0,0.0
2023-06-06 13:30:00-04:00,13.664999961853027,13.899999618530273,13.625,13.829999923706055,1907034,0.0,0.0
2023-06-06 14:30:00-04:00,13.835000038146973,13.899999618530273,13.779999732971191,13.789999961853027,1802741,0.0,0.0
2023-06-06 15:30:00-04:00,13.789999961853027,13.8100004196167,13.670000076293945,13.6899995803833,2401023,0.0,0.0
2023-06-07 09:30:00-04:00,13.800000190734863,14.479999542236328,13.779999732971191,14.295000076293945,3696908,0.0,0.0
2023-06-07 10:30:00-04:00,14.295000076293945,14.34000015258789,13.800000190734863,14.050000190734863,2553313,0.0,0.0
2023-06-07 11:30:00-04:00,14.039999961853027,14.234999656677246,13.850000381469727,13.850000381469727,1687005,0.0,0.0
2023-06-07 12:30:00-04:00,13.852399826049805,14.119999885559082,13.852399826049805,14.069999694824219,1658489,0.0,0.0
2023-06-07 13:30:00-04:00,14.0600004196167,14.079999923706055,13.864999771118164,13.878999710083008,1436828,0.0,0.0
2023-06-07 14:30:00-04:00,13.875,13.890000343322754,13.699999809265137,13.71500015258789,1985592,0.0,0.0
2023-06-07 15:30:00-04:00,13.71500015258789,13.795000076293945,13.621999740600586,13.680000305175781,1979044,0.0,0.0
2023-06-08 09:30:00-04:00,13.710000038146973,15.079999923706055,13.699999809265137,15.03499984741211,7773015,0.0,0.0
2023-06-08 10:30:00-04:00,15.029999732971191,15.029999732971191,14.6899995803833,14.744500160217285,1869356,0.0,0.0
2023-06-08 11:30:00-04:00,14.75,14.989999771118164,14.710000038146973,14.989999771118164,1240389,0.0,0.0
2023-06-08 12:30:00-04:00,14.989999771118164,14.994999885559082,14.699999809265137,14.779999732971191,949398,0.0,0.0
2023-06-08 13:30:00-04:00,14.779999732971191,14.800000190734863,14.670000076293945,14.759400367736816,822975,0.0,0.0
2023-06-08 14:30:00-04:00,14.760000228881836,15.037599563598633,14.734999656677246,14.988800048828125,1498711,0.0,0.0
2023-06-08 15:30:00-04:00,14.982000350952148,15.029999732971191,14.885000228881836,14.929900169372559,1810547,0.0,0.0
2023-06-09 09:30:00-04:00,15.09000015258789,15.25,14.6850004196167,14.755000114440918,2507664,0.0,0.0
2023-06-09 10:30:00-04:00,14.75,14.9350004196167,14.59000015258789,14.75,1798270,0.0,0.0
2023-06-09 11:30:00-04:00,14.755000114440918,14.854999542236328,14.541000366210938,14.5649995803833,762652,0.0,0.0
2023-06-09 12:30:00-04:00,14.561300277709961,14.585000038146973,14.449999809265137,14.520000457763672,693207,0.0,0.0
2023-06-09 13:30:00-04:00,14.524999618530273,14.579999923706055,14.430000305175781,14.460000038146973,717939,0.0,0.0
2023-06-09 14:30:00-04:00,14.46660041809082,14.569999694824219,14.404999732971191,14.55150032043457,746895,0.0,0.0
2023-06-09 15:30:00-04:00,14.5600004196167,14.640000343322754,14.53499984741211,14.550000190734863,1311028,0.0,0.0
2023-06-12 09:30:00-04:00,15.59000015258789,16.09000015258789,15.4399995803833,15.97070026397705,4221210,0.0,0.0
2023-06-12 10:30:00-04:00,15.975000381469727,15.983599662780762,15.345000267028809,15.369999885559082,1702858,0.0,0.0
2023-06-12 11:30:00-04:00,15.370499610900879,15.5600004196167,15.329999923706055,15.429300308227539,1065699,0.0,0.0
2023-06-12 12:30:00-04:00,15.430000305175781,15.720000267028809,15.429800033569336,15.670000076293945,797690,0.0,0.0
2023-06-12 13:30:00-04:00,15.67080020904541,15.739999771118164,15.570099830627441,15.595000267028809,670258,0.0,0.0
2023-06-12 14:30:00-04:00,15.59000015258789,15.739999771118164,15.520000457763672,15.5649995803833,954007,0.0,0.0
2023-06-12 15:30:00-04:00,15.5649995803833,15.770000457763672,15.550000190734863,15.739999771118164,1406324,0.0,0.0
2023-06-13 09:30:00-04:00,15.979999542236328,16.15999984741211,15.670100212097168,15.739999771118164,2025194,0.0,0.0
2023-06-13 10:30:00-04:00,15.739999771118164,16.075000762939453,15.680000305175781,16.069900512695312,1022618,0.0,0.0
2023-06-13 11:30:00-04:00,16.06100082397461,16.18000030517578,15.869999885559082,16.030000686645508,1080651,0.0,0.0
2023-06-13 12:30:00-04:00,16.020000457763672,16.15690040588379,15.964799880981445,16.014999389648438,584355,0.0,0.0
2023-06-13 13:30:00-04:00,16.020000457763672,16.06999969482422,15.680000305175781,15.710000038146973,803211,0.0,0.0
2023-06-13 14:30:00-04:00,15.710000038146973,15.75,15.619999885559082,15.654999732971191,851501,0.0,0.0
2023-06-13 15:30:00-04:00,15.65999984741211,15.819999694824219,15.65999984741211,15.779999732971191,1054206,0.0,0.0
2023-06-14 09:30:00-04:00,15.760000228881836,16.15999984741211,15.670000076293945,15.96500015258789,1844767,0.0,0.0
2023-06-14 10:30:00-04:00,15.96500015258789,16.18000030517578,15.944999694824219,16.135000228881836,791047,0.0,0.0
2023-06-14 11:30:00-04:00,16.135000228881836,16.15999984741211,15.9399995803833,15.9399995803833,718563,0.0,0.0
2023-06-14 12:30:00-04:00,15.9399995803833,15.960000038146973,15.779999732971191,15.800000190734863,810940,0.0,0.0
2023-06-14 13:30:00-04:00,15.795000076293945,15.859999656677246,15.569999694824219,15.666199684143066,1138642,0.0,0.0
2023-06-14 14:30:00-04:00,15.662099838256836,16.049999237060547,15.619999885559082,15.994999885559082,1336257,0.0,0.0
2023-06-14 15:30:00-04:00,15.994999885559082,16.1299991607666,15.979999542236328,16.100000381469727,1191624,0.0,0.0
2023-06-15 09:30:00-04:00,15.779999732971191,15.949999809265137,15.760000228881836,15.864999771118164,1176781,0.0,0.0
2023-06-15 10:30:00-04:00,15.864999771118164,16.100000381469727,15.720000267028809,16.084999084472656,1034669,0.0,0.0
2023-06-15 11:30:00-04:00,16.084999084472656,16.278200149536133,16.079999923706055,16.219999313354492,674009,0.0,0.0
2023-06-15 12:30:00-04:00,16.22249984741211,16.549999237060547,16.190000534057617,16.482500076293945,1081867,0.0,0.0
2023-06-15 13:30:00-04:00,16.479999542236328,16.5,16.329999923706055,16.454999923706055,1103769,0.0,0.0
2023-06-15 14:30:00-04:00,16.459999084472656,16.639999389648438,16.420000076293945,16.625,960297,0.0,0.0
2023-06-15 15:30:00-04:00,16.625,16.760000228881836,16.610000610351562,16.649999618530273,1579798,0.0,0.0
2023-06-16 09:30:00-04:00,17.260000228881836,17.274999618530273,16.46500015258789,16.514999389648438,1820527,0.0,0.0
2023-06-16 10:30:00-04:00,16.514999389648438,16.679000854492188,16.389999389648438,16.399999618530273,964933,0.0,0.0
2023-06-16 11:30:00-04:00,16.399999618530273,16.43000030517578,16.2549991607666,16.395000457763672,826645,0.0,0.0
2023-06-16 12:30:00-04:00,16.395000457763672,16.6299991607666,16.3799991607666,16.47909927368164,1008988,0.0,0.0
2023-06-16 13:30:00-04:00,16.475000381469727,16.549999237060547,16.229999542236328,16.235000610351562,1084395,0.0,0.0
2023-06-16 14:30:00-04:00,16.237499237060547,16.279699325561523,16.010000228881836,16.09000015258789,1525144,0.0,0.0
2023-06-16 15:30:00-04:00,16.094999313354492,16.270000457763672,16.05500030517578,16.110000610351562,2458941,0.0,0.0
2023-06-20 09:30:00-04:00,15.970000267028809,16.25,15.609999656677246,15.619999885559082,1355840,0.0,0.0
2023-06-20 10:30:00-04:00,15.609999656677246,15.680000305175781,15.404999732971191,15.5,1216612,0.0,0.0
2023-06-20 11:30:00-04:00,15.510000228881836,15.539999961853027,15.25,15.53499984741211,908062,0.0,0.0
2023-06-20 12:30:00-04:00,15.53499984741211,15.549799919128418,15.364999771118164,15.375,450201,0.0,0.0
2023-06-20 13:30:00-04:00,15.375,15.390000343322754,15.279999732971191,15.385000228881836,703791,0.0,0.0
2023-06-20 14:30:00-04:00,15.389100074768066,15.420000076293945,15.229999542236328,15.3149995803833,667850,0.0,0.0
2023-06-20 15:30:00-04:00,15.3149995803833,15.390000343322754,15.265000343322754,15.270000457763672,1003306,0.0,0.0
2023-06-21 09:30:00-04:00,15.09000015258789,15.15999984741211,14.729999542236328,14.800000190734863,1860946,0.0,0.0
2023-06-21 10:30:00-04:00,14.800000190734863,14.880000114440918,14.539999961853027,14.680000305175781,1588412,0.0,0.0
2023-06-21 11:30:00-04:00,14.680000305175781,14.889900207519531,14.579999923706055,14.835000038146973,742786,0.0,0.0
2023-06-21 12:30:00-04:00,14.84000015258789,15.09000015258789,14.829999923706055,15.0600004196167,567532,0.0,0.0
2023-06-21 13:30:00-04:00,15.0600004196167,15.260000228881836,15.029999732971191,15.260000228881836,575271,0.0,0.0
2023-06-21 14:30:00-04:00,15.260000228881836,15.335000038146973,15.199999809265137,15.25,706207,0.0,0.0
2023-06-21 15:30:00-04:00,15.25,15.260000228881836,15.100000381469727,15.104999542236328,966949,0.0,0.0
2023-06-22 09:30:00-04:00,15.109999656677246,15.48009967803955,14.9399995803833,15.364999771118164,1336716,0.0,0.0
2023-06-22 10:30:00-04:00,15.369999885559082,15.4350004196167,15.180000305175781,15.350000381469727,770877,0.0,0.0
2023-06-22 11:30:00-04:00,15.350000381469727,15.630000114440918,15.324999809265137,15.555000305175781,613639,0.0,0.0
2023-06-22 12:30:00-04:00,15.555000305175781,15.600000381469727,15.329999923706055,15.354999542236328,592036,0.0,0.0
2023-06-22 13:30:00-04:00,15.354999542236328,15.390000343322754,15.28499984741211,15.3149995803833,437629,0.0,0.0
2023-06-22 14:30:00-04:00,15.319499969482422,15.34000015258789,15.225000381469727,15.229999542236328,366110,0.0,0.0
2023-06-22 15:30:00-04:00,15.23009967803955,15.25,15.1899995803833,15.239999771118164,653696,0.0,0.0
2023-06-23 09:30:00-04:00,15.0,15.050000190734863,14.720000267028809,14.904999732971191,1314199,0.0,0.0
2023-06-23 10:30:00-04:00,14.90999984741211,15.010000228881836,14.78499984741211,14.845000267028809,686977,0.0,0.0
2023-06-23 11:30:00-04:00,14.845000267028809,15.0600004196167,14.8100004196167,15.0600004196167,751651,0.0,0.0
2023-06-23 12:30:00-04:00,15.055000305175781,15.164999961853027,15.051199913024902,15.121199607849121,688407,0.0,0.0
2023-06-23 13:30:00-04:00,15.130000114440918,15.1899995803833,15.119999885559082,15.162199974060059,365340,0.0,0.0
2023-06-23 14:30:00-04:00,15.15999984741211,15.399999618530273,15.154999732971191,15.38010025024414,704261,0.0,0.0
2023-06-23 15:30:00-04:00,15.385000228881836,15.520000457763672,15.380000114440918,15.444999694824219,1866444,0.0,0.0
2023-06-26 09:30:00-04:00,15.350000381469727,15.539999961853027,15.199999809265137,15.494999885559082,910604,0.0,0.0
2023-06-26 10:30:00-04:00,15.494999885559082,15.520000457763672,15.1899995803833,15.234999656677246,745229,0.0,0.0
2023-06-26 11:30:00-04:00,15.229999542236328,15.28499984741211,14.880900382995605,14.890000343322754,1037847,0.0,0.0
2023-06-26 12:30:00-04:00,14.897199630737305,14.9399995803833,14.84000015258789,14.930000305175781,691713,0.0,0.0
2023-06-26 13:30:00-04:00,14.930000305175781,15.03499984741211,14.90999984741211,15.0024995803833,693180,0.0,0.0
2023-06-26 14:30:00-04:00,15.003800392150879,15.0600004196167,14.980899810791016,14.980899810791016,523910,0.0,0.0
2023-06-26 15:30:00-04:00,14.984999656677246,15.029999732971191,14.859999656677246,14.930000305175781,966308,0.0,0.0
2023-06-27 09:30:00-04:00,15.149999618530273,15.380000114440918,15.049300193786621,15.313300132751465,1110336,0.0,0.0
2023-06-27 10:30:00-04:00,15.3100004196167,15.449999809265137,15.210000038146973,15.40999984741211,899676,0.0,0.0
2023-06-27 11:30:00-04:00,15.40999984741211,15.449999809265137,15.34000015258789,15.430000305175781,548984,0.0,0.0
2023-06-27 12:30:00-04:00,15.425000190734863,15.430000305175781,15.332599639892578,15.420000076293945,600120,0.0,0.0
2023-06-27 13:30:00-04:00,15.420000076293945,15.574999809265137,15.390000343322754,15.574999809265137,725764,0.0,0.0
2023-06-27 14:30:00-04:00,15.574999809265137,15.579999923706055,15.494999885559082,15.574999809265137,743840,0.0,0.0
2023-06-27 15:30:00-04:00,15.574999809265137,15.630000114440918,15.529999732971191,15.569999694824219,913199,0.0,0.0
2023-06-28 09:30:00-04:00,15.399999618530273,15.510000228881836,15.170000076293945,15.425000190734863,1280874,0.0,0.0
2023-06-28 10:30:00-04:00,15.425000190734863,15.609999656677246,15.163999557495117,15.170000076293945,1202828,0.0,0.0
2023-06-28 11:30:00-04:00,15.175000190734863,15.399999618530273,15.005000114440918,15.20989990234375,1783755,0.0,0.0
2023-06-28 12:30:00-04:00,15.199999809265137,15.220000267028809,14.850000381469727,15.024999618530273,1867568,0.0,0.0
2023-06-28 13:30:00-04:00,15.024999618530273,15.0649995803833,14.890000343322754,14.895000457763672,867371,0.0,0.0
2023-06-28 14:30:00-04:00,14.899999618530273,14.982000350952148,14.819999694824219,14.842300415039062,1158583,0.0,0.0
2023-06-28 15:30:00-04:00,14.845000267028809,14.920000076293945,14.8149995803833,14.880000114440918,1395498,0.0,0.0
2023-06-29 09:30:00-04:00,14.859999656677246,15.178799629211426,14.779999732971191,14.908100128173828,1295703,0.0,0.0
2023-06-29 10:30:00-04:00,14.899999618530273,14.970000267028809,14.805000305175781,14.899999618530273,831066,0.0,0.0
2023-06-29 11:30:00-04:00,14.90999984741211,14.90999984741211,14.699999809265137,14.770000457763672,1042861,0.0,0.0
2023-06-29 12:30:00-04:00,14.770000457763672,14.880000114440918,14.753999710083008,14.850000381469727,588657,0.0,0.0
2023-06-29 13:30:00-04:00,14.854999542236328,14.880000114440918,14.729999542236328,14.774999618530273,839366,0.0,0.0
2023-06-29 14:30:00-04:00,14.774999618530273,14.800000190734863,14.680000305175781,14.739999771118164,878337,0.0,0.0
2023-06-29 15:30:00-04:00,14.739999771118164,14.859999656677246,14.729999542236328,14.854999542236328,1170941,0.0,0.0
2023-06-30 09:30:00-04:00,15.020000457763672,15.458999633789062,15.020000457763672,15.395000457763672,1308120,0.0,0.0
2023-06-30 10:30:00-04:00,15.399999618530273,15.600000381469727,15.260000228881836,15.494999885559082,1101694,0.0,0.0
2023-06-30 11:30:00-04:00,15.49530029296875,15.510000228881836,15.21500015258789,15.244999885559082,846196,0.0,0.0
2023-06-30 12:30:00-04:00,15.244999885559082,15.279999732971191,15.190099716186523,15.194999694824219,563984,0.0,0.0
2023-06-30 13:30:00-04:00,15.194999694824219,15.220000267028809,15.0649995803833,15.125,726022,0.0,0.0
2023-06-30 14:30:00-04:00,15.1274995803833,15.164999961853027,15.074999809265137,15.154999732971191,941432,0.0,0.0
2023-06-30 15:30:00-04:00,15.154999732971191,15.170000076293945,15.079999923706055,15.095000267028809,1213121,0.0,0.0
2023-07-03 09:30:00-04:00,15.220000267028809,15.239999771118164,15.010000228881836,15.015000343322754,1033311,0.0,0.0
2023-07-03 10:30:00-04:00,15.020000457763672,15.039999961853027,14.859999656677246,15.010000228881836,1006170,0.0,0.0
2023-07-03 11:30:00-04:00,15.010000228881836,15.149999618530273,15.010000228881836,15.109999656677246,951041,0.0,0.0
2023-07-05 09:30:00-04:00,15.0,15.219799995422363,14.922200202941895,15.0,1229741,0.0,0.0
2023-07-05 10:30:00-04:00,14.994999885559082,15.039999961853027,14.899999618530273,14.994999885559082,670082,0.0,0.0
2023-07-05 11:30:00-04:00,14.994999885559082,15.029999732971191,14.9350004196167,15.0,440197,0.0,0.0
2023-07-05 12:30:00-04:00,15.0,15.029999732971191,14.920000076293945,14.989999771118164,505534,0.0,0.0
2023-07-05 13:30:00-04:00,14.989999771118164,15.1899995803833,14.970000267028809,15.050000190734863,696024,0.0,0.0
2023-07-05 14:30:00-04:00,15.050000190734863,15.229999542236328,15.045000076293945,15.140000343322754,1096252,0.0,0.0
2023-07-05 15:30:00-04:00,15.140000343322754,15.149999618530273,15.020000457763672,15.039999961853027,1411105,0.0,0.0
2023-07-06 09:30:00-04:00,14.649999618530273,14.805000305175781,14.395000457763672,14.425000190734863,1567687,0.0,0.0
2023-07-06 10:30:00-04:00,14.430000305175781,14.619999885559082,14.380000114440918,14.600000381469727,600590,0.0,0.0
2023-07-06 11:30:00-04:00,14.607999801635742,14.6899995803833,14.545000076293945,14.585000038146973,672305,0.0,0.0
2023-07-06 12:30:00-04:00,14.587499618530273,14.587499618530273,14.449999809265137,14.505000114440918,488122,0.0,0.0
2023-07-06 13:30:00-04:00,14.509300231933594,14.59000015258789,14.399999618530273,14.399999618530273,857538,0.0,0.0
2023-07-06 14:30:00-04:00,14.404999732971191,14.479999542236328,14.399999618530273,14.40999984741211,710121,0.0,0.0
2023-07-06 15:30:00-04:00,14.40999984741211,14.420000076293945,14.319999694824219,14.414999961853027,886269,0.0,0.0
2023-07-07 09:30:00-04:00,14.420000076293945,14.65999984741211,14.40999984741211,14.489999771118164,901386,0.0,0.0
2023-07-07 10:30:00-04:00,14.489999771118164,14.609999656677246,14.40999984741211,14.5649995803833,564315,0.0,0.0
2023-07-07 11:30:00-04:00,14.5649995803833,14.574999809265137,14.359999656677246,14.569999694824219,1223428,0.0,0.0
2023-07-07 12:30:00-04:00,14.569999694824219,14.625,14.475000381469727,14.524999618530273,525846,0.0,0.0
2023-07-07 13:30:00-04:00,14.524999618530273,14.529999732971191,14.40999984741211,14.450499534606934,534682,0.0,0.0
2023-07-07 14:30:00-04:00,14.450499534606934,14.458200454711914,14.319999694824219,14.324999809265137,781585,0.0,0.0
2023-07-07 15:30:00-04:00,14.319999694824219,14.329000473022461,14.194999694824219,14.279999732971191,1049586,0.0,0.0
2023-07-10 09:30:00-04:00,14.140000343322754,14.380000114440918,14.079999923706055,14.3149995803833,1109896,0.0,0.0
2023-07-10 10:30:00-04:00,14.3100004196167,14.53499984741211,14.260000228881836,14.529999732971191,696436,0.0,0.0
2023-07-10 11:30:00-04:00,14.529999732971191,14.585000038146973,14.460000038146973,14.574999809265137,651602,0.0,0.0
2023-07-10 12:30:00-04:00,14.569999694824219,14.579999923706055,14.484999656677246,14.579999923706055,534554,0.0,0.0
2023-07-10 13:30:00-04:00,14.579999923706055,14.699999809265137,14.550000190734863,14.675000190734863,704260,0.0,0.0
2023-07-10 14:30:00-04:00,14.670000076293945,14.699999809265137,14.614999771118164,14.645000457763672,520789,0.0,0.0
2023-07-10 15:30:00-04:00,14.640000343322754,14.640000343322754,14.569999694824219,14.59000015258789,1029463,0.0,0.0
2023-07-11 09:30:00-04:00,14.75,14.920000076293945,14.574999809265137,14.904999732971191,1148568,0.0,0.0
2023-07-11 10:30:00-04:00,14.90999984741211,14.989999771118164,14.734999656677246,14.770099639892578,686675,0.0,0.0
2023-07-11 11:30:00-04:00,14.774999618530273,15.0600004196167,14.75,14.949999809265137,706769,0.0,0.0
2023-07-11 12:30:00-04:00,14.960000038146973,15.100000381469727,14.949999809265137,15.023500442504883,1008097,0.0,0.0
2023-07-11 13:30:00-04:00,15.020000457763672,15.130000114440918,14.989999771118164,15.020000457763672,729748,0.0,0.0
2023-07-11 14:30:00-04:00,15.015000343322754,15.020000457763672,14.805000305175781,14.885000228881836,1096673,0.0,0.0
2023-07-11 15:30:00-04:00,14.880000114440918,14.978500366210938,14.850000381469727,14.944999694824219,1159795,0.0,0.0
2023-07-12 09:30:00-04:00,15.289999961853027,15.390000343322754,14.970000267028809,15.03499984741211,1644821,0.0,0.0
2023-07-12 10:30:00-04:00,15.039999961853027,15.079999923706055,14.904999732971191,14.954999923706055,1019627,0.0,0.0
2023-07-12 11:30:00-04:00,14.949999809265137,14.978599548339844,14.510000228881836,14.645000457763672,1129257,0.0,0.0
2023-07-12 12:30:00-04:00,14.649999618530273,14.75,14.630000114440918,14.6899995803833,435647,0.0,0.0
2023-07-12 13:30:00-04:00,14.6899995803833,14.739999771118164,14.670000076293945,14.694999694824219,552752,0.0,0.0
2023-07-12 14:30:00-04:00,14.694999694824219,14.710000038146973,14.609999656677246,14.675000190734863,1146657,0.0,0.0
2023-07-12 15:30:00-04:00,14.680000305175781,14.699899673461914,14.609999656677246,14.630000114440918,1170403,0.0,0.0
2023-07-13 09:30:00-04:00,14.829999923706055,15.378399848937988,14.800000190734863,15.28499984741211,1868658,0.0,0.0
2023-07-13 10:30:00-04:00,15.279999732971191,15.359999656677246,15.199999809265137,15.229999542236328,939855,0.0,0.0
2023-07-13 11:30:00-04:00,15.229999542236328,15.300000190734863,15.100000381469727,15.140000343322754,629396,0.0,0.0
2023-07-13 12:30:00-04:00,15.140000343322754,15.270000457763672,15.055000305175781,15.135000228881836,473311,0.0,0.0
2023-07-13 13:30:00-04:00,15.135000228881836,15.15999984741211,14.970000267028809,15.005000114440918,535286,0.0,0.0
2023-07-13 14:30:00-04:00,15.010000228881836,15.050000190734863,14.975000381469727,15.045000076293945,650370,0.0,0.0
2023-07-13 15:30:00-04:00,15.048999786376953,15.119999885559082,15.024999618530273,15.109999656677246,819572,0.0,0.0
2023-07-14 09:30:00-04:00,15.069999694824219,15.270000457763672,14.960000038146973,15.010000228881836,1079400,0.0,0.0
2023-07-14 10:30:00-04:00,15.0,15.029999732971191,14.729999542236328,14.899999618530273,839278,0.0,0.0
2023-07-14 11:30:00-04:00,14.895000457763672,14.930000305175781,14.78499984741211,14.804200172424316,582483,0.0,0.0
2023-07-14 12:30:00-04:00,14.80109977722168,14.880000114440918,14.6899995803833,14.710000038146973,742310,0.0,0.0
2023-07-14 13:30:00-04:00,14.710000038146973,14.725000381469727,14.550000190734863,14.574999809265137,870653,0.0,0.0
2023-07-14 14:30:00-04:00,14.574999809265137,14.585000038146973,14.411399841308594,14.484999656677246,1116883,0.0,0.0
2023-07-14 15:30:00-04:00,14.484999656677246,14.539999961853027,14.4399995803833,14.460000038146973,864614,0.0,0.0
2023-07-17 09:30:00-04:00,14.430000305175781,14.800000190734863,14.399999618530273,14.765000343322754,837784,0.0,0.0
2023-07-17 10:30:00-04:00,14.760000228881836,14.859600067138672,14.680000305175781,14.739999771118164,639600,0.0,0.0
2023-07-17 11:30:00-04:00,14.75,14.885000228881836,14.6899995803833,14.787199974060059,823810,0.0,0.0
2023-07-17 12:30:00-04:00,14.780099868774414,14.869999885559082,14.760000228881836,14.835000038146973,616731,0.0,0.0
2023-07-17 13:30:00-04:00,14.835000038146973,14.880000114440918,14.720000267028809,14.755000114440918,767246,0.0,0.0
2023-07-17 14:30:00-04:00,14.755000114440918,14.765000343322754,14.600000381469727,14.635000228881836,695671,0.0,0.0
2023-07-17 15:30:00-04:00,14.635000228881836,14.659199714660645,14.600000381469727,14.649999618530273,812841,0.0,0.0
2023-07-18 09:30:00-04:00,14.5600004196167,14.829999923706055,14.502699851989746,14.751999855041504,867125,0.0,0.0
2023-07-18 10:30:00-04:00,14.75,14.859999656677246,14.654999732971191,14.774999618530273,570101,0.0,0.0
2023-07-18 11:30:00-04:00,14.777400016784668,14.850000381469727,14.699999809265137,14.847399711608887,504096,0.0,0.0
2023-07-18 12:30:00-04:00,14.845000267028809,14.920000076293945,14.729999542236328,14.734999656677246,526506,0.0,0.0
2023-07-18 13:30:00-04:00,14.729999542236328,14.84000015258789,14.720000267028809,14.824999809265137,320117,0.0,0.0
2023-07-18 14:30:00-04:00,14.820899963378906,14.989999771118164,14.8100004196167,14.975000381469727,708484,0.0,0.0
2023-07-18 15:30:00-04:00,14.970000267028809,15.0,14.914999961853027,14.960000038146973,734352,0.0,0.0
2023-07-19 09:30:00-04:00,15.140000343322754,15.34000015258789,15.0,15.29990005493164,1195826,0.0,0.0
2023-07-19 10:30:00-04:00,15.305000305175781,15.599900245666504,15.291500091552734,15.59000015258789,1157306,0.0,0.0
2023-07-19 11:30:00-04:00,15.595000267028809,15.659899711608887,15.329999923706055,15.345000267028809,914734,0.0,0.0
2023-07-19 12:30:00-04:00,15.34000015258789,15.345000267028809,15.055000305175781,15.104999542236328,1122067,0.0,0.0
2023-07-19 13:30:00-04:00,15.100000381469727,15.28499984741211,15.079999923706055,15.244999885559082,823302,0.0,0.0
2023-07-19 14:30:00-04:00,15.243000030517578,15.569999694824219,15.242500305175781,15.550000190734863,851923,0.0,0.0
2023-07-19 15:30:00-04:00,15.555000305175781,15.585000038146973,15.475000381469727,15.510000228881836,951683,0.0,0.0
2023-07-20 09:30:00-04:00,15.15999984741211,15.199999809265137,14.819999694824219,14.829999923706055,996234,0.0,0.0
2023-07-20 10:30:00-04:00,14.829999923706055,14.960000038146973,14.680000305175781,14.885000228881836,959186,0.0,0.0
2023-07-20 11:30:00-04:00,14.880000114440918,14.979999542236328,14.8100004196167,14.829999923706055,742832,0.0,0.0
2023-07-20 12:30:00-04:00,14.829999923706055,14.835000038146973,14.670000076293945,14.71500015258789,1131155,0.0,0.0
2023-07-20 13:30:00-04:00,14.710000038146973,14.755000114440918,14.619999885559082,14.619999885559082,675694,0.0,0.0
2023-07-20 14:30:00-04:00,14.625,14.6899995803833,14.484999656677246,14.53499984741211,1052903,0.0,0.0
2023-07-20 15:30:00-04:00,14.53499984741211,14.630000114440918,14.53499984741211,14.574999809265137,983041,0.0,0.0
2023-07-21 09:30:00-04:00,14.8100004196167,15.069999694824219,14.604999542236328,14.67549991607666,848726,0.0,0.0
2023-07-21 10:30:00-04:00,14.670000076293945,15.074999809265137,14.670000076293945,15.045000076293945,974441,0.0,0.0
2023-07-21 11:30:00-04:00,15.039999961853027,15.069999694824219,14.699999809265137,14.699999809265137,1037118,0.0,0.0
2023-07-21 12:30:00-04:00,14.710000038146973,14.9350004196167,14.699999809265137,14.895000457763672,1346597,0.0,0.0
2023-07-21 13:30:00-04:00,14.895000457763672,15.010000228881836,14.880000114440918,14.9350004196167,1039021,0.0,0.0
2023-07-21 14:30:00-04:00,14.9350004196167,14.999099731445312,14.84000015258789,14.904999732971191,474608,0.0,0.0
2023-07-21 15:30:00-04:00,14.90999984741211,14.96500015258789,14.880000114440918,14.944999694824219,889385,0.0,0.0
2023-07-24 09:30:00-04:00,15.0,15.079999923706055,14.619999885559082,14.720000267028809,914036,0.0,0.0
2023-07-24 10:30:00-04:00,14.720000267028809,14.789999961853027,14.65999984741211,14.680000305175781,567664,0.0,0.0
2023-07-24 11:30:00-04:00,14.6850004196167,14.720000267028809,14.600000381469727,14.614999771118164,736653,0.0,0.0
2023-07-24 12:30:00-04:00,14.619400024414062,14.65999984741211,14.529999732971191,14.53499984741211,630081,0.0,0.0
2023-07-24 13:30:00-04:00,14.53499984741211,14.630000114440918,14.460000038146973,14.574999809265137,1186012,0.0,0.0
2023-07-24 14:30:00-04:00,14.574999809265137,14.614999771118164,14.555000305175781,14.585000038146973,1160597,0.0,0.0
2023-07-24 15:30:00-04:00,14.579999923706055,14.645000457763672,14.550000190734863,14.600000381469727,1105211,0.0,0.0
2023-07-25 09:30:00-04:00,14.770000457763672,15.079999923706055,14.75,14.890000343322754,1686867,0.0,0.0
2023-07-25 10:30:00-04:00,14.885000228881836,14.9399995803833,14.8100004196167,14.864999771118164,454372,0.0,0.0
2023-07-25 11:30:00-04:00,14.864999771118164,14.920000076293945,14.760000228881836,14.806300163269043,474077,0.0,0.0
2023-07-25 12:30:00-04:00,14.800600051879883,14.930000305175781,14.78499984741211,14.912500381469727,659028,0.0,0.0
2023-07-25 13:30:00-04:00,14.913000106811523,14.9399995803833,14.829999923706055,14.859999656677246,517162,0.0,0.0
2023-07-25 14:30:00-04:00,14.854999542236328,14.880000114440918,14.734999656677246,14.774999618530273,568158,0.0,0.0
2023-07-25 15:30:00-04:00,14.774999618530273,14.800000190734863,14.729999542236328,14.755000114440918,557979,0.0,0.0
2023-07-26 09:30:00-04:00,14.640000343322754,15.350000381469727,14.539999961853027,15.3149995803833,1043660,0.0,0.0
2023-07-26 10:30:00-04:00,15.3100004196167,15.420000076293945,15.104999542236328,15.375,943215,0.0,0.0
2023-07-26 11:30:00-04:00,15.380000114440918,15.40999984741211,15.204999923706055,15.270000457763672,727305,0.0,0.0
2023-07-26 12:30:00-04:00,15.270000457763672,15.329999923706055,15.220100402832031,15.305000305175781,580931,0.0,0.0
2023-07-26 13:30:00-04:00,15.3100004196167,15.390000343322754,15.229999542236328,15.295000076293945,1057823,0.0,0.0
2023-07-26 14:30:00-04:00,15.295000076293945,15.475000381469727,15.255000114440918,15.367500305175781,1290870,0.0,0.0
2023-07-26 15:30:00-04:00,15.369999885559082,15.449999809265137,15.330100059509277,15.399999618530273,961192,0.0,0.0
2023-07-27 09:30:00-04:00,15.710000038146973,15.739999771118164,15.029999732971191,15.029999732971191,1003538,0.0,0.0
2023-07-27 10:30:00-04:00,15.029999732971191,15.140000343322754,14.920000076293945,15.104999542236328,1216937,0.0,0.0
2023-07-27 11:30:00-04:00,15.100000381469727,15.210000038146973,15.0,15.170000076293945,743673,0.0,0.0
2023-07-27 12:30:00-04:00,15.180000305175781,15.210000038146973,15.050000190734863,15.071100234985352,566089,0.0,0.0
2023-07-27 13:30:00-04:00,15.069999694824219,15.074999809265137,14.859999656677246,14.859999656677246,632877,0.0,0.0
2023-07-27 14:30:00-04:00,14.859999656677246,14.875,14.704999923706055,14.79010009765625,706069,0.0,0.0
2023-07-27 15:30:00-04:00,14.793600082397461,14.849900245666504,14.755000114440918,14.770000457763672,1026236,0.0,0.0
2023-07-28 09:30:00-04:00,15.130000114440918,15.545000076293945,15.079999923706055,15.164999961853027,1034289,0.0,0.0
2023-07-28 10:30:00-04:00,15.169899940490723,15.279999732971191,15.045000076293945,15.25,426678,0.0,0.0
2023-07-28 11:30:00-04:00,15.260000228881836,15.460000038146973,15.260000228881836,15.390000343322754,468497,0.0,0.0
2023-07-28 12:30:00-04:00,15.397500038146973,15.479999542236328,15.329999923706055,15.475000381469727,556004,0.0,0.0
2023-07-28 13:30:00-04:00,15.470000267028809,15.599900245666504,15.420000076293945,15.505000114440918,841618,0.0,0.0
2023-07-28 14:30:00-04:00,15.505000114440918,15.59000015258789,15.460000038146973,15.470000267028809,661650,0.0,0.0
2023-07-28 15:30:00-04:00,15.475000381469727,15.510000228881836,15.4399995803833,15.479999542236328,631792,0.0,0.0
2023-07-31 09:30:00-04:00,15.75,16.6200008392334,15.720000267028809,16.434999465942383,2580865,0.0,0.0
2023-07-31 10:30:00-04:00,16.434999465942383,16.489999771118164,16.25,16.369400024414062,657460,0.0,0.0
2023-07-31 11:30:00-04:00,16.3700008392334,16.549999237060547,16.34000015258789,16.539899826049805,932261,0.0,0.0
2023-07-31 12:30:00-04:00,16.530399322509766,16.639999389648438,16.489999771118164,16.584999084472656,1195108,0.0,0.0
2023-07-31 13:30:00-04:00,16.584999084472656,16.65999984741211,16.479999542236328,16.517499923706055,540682,0.0,0.0
2023-07-31 14:30:00-04:00,16.520000457763672,16.600000381469727,16.46500015258789,16.485000610351562,637098,0.0,0.0
2023-07-31 15:30:00-04:00,16.485000610351562,16.690000534057617,16.485000610351562,16.65999984741211,1520785,0.0,0.0
2023-08-01 09:30:00-04:00,16.5,16.579999923706055,16.229999542236328,16.395000457763672,799972,0.0,0.0
2023-08-01 10:30:00-04:00,16.395000457763672,16.635000228881836,16.3799991607666,16.625,455485,0.0,0.0
2023-08-01 11:30:00-04:00,16.625,16.6299991607666,16.530000686645508,16.559999465942383,281186,0.0,0.0
2023-08-01 12:30:00-04:00,16.559999465942383,16.770000457763672,16.532100677490234,16.760000228881836,391303,0.0,0.0
2023-08-01 13:30:00-04:00,16.7549991607666,16.829999923706055,16.700000762939453,16.799999237060547,415540,0.0,0.0
2023-08-01 14:30:00-04:00,16.799999237060547,16.939899444580078,16.790000915527344,16.939899444580078,482153,0.0,0.0
2023-08-01 15:30:00-04:00,16.934999465942383,17.0,16.93000030517578,16.954999923706055,990029,0.0,0.0
2023-08-02 09:30:00-04:00,16.65999984741211,16.65999984741211,15.914999961853027,15.930000305175781,1039484,0.0,0.0
2023-08-02 10:30:00-04:00,15.930000305175781,15.970000267028809,15.529999732971191,15.734999656677246,1469648,0.0,0.0
2023-08-02 11:30:00-04:00,15.734999656677246,15.779999732971191,15.609199523925781,15.75,1550194,0.0,0.0
2023-08-02 12:30:00-04:00,15.75,15.984999656677246,15.720000267028809,15.925000190734863,1026001,0.0,0.0
2023-08-02 13:30:00-04:00,15.920000076293945,16.06999969482422,15.904999732971191,16.065000534057617,858013,0.0,0.0
2023-08-02 14:30:00-04:00,16.065000534057617,16.065000534057617,15.899999618530273,15.925000190734863,1081581,0.0,0.0
2023-08-02 15:30:00-04:00,15.930000305175781,16.040000915527344,15.925000190734863,16.0,737714,0.0,0.0
2023-08-03 09:30:00-04:00,15.960000038146973,16.150100708007812,15.744999885559082,15.795000076293945,1062030,0.0,0.0
2023-08-03 10:30:00-04:00,15.795000076293945,16.065000534057617,15.795000076293945,16.0,846469,0.0,0.0
2023-08-03 11:30:00-04:00,15.994999885559082,16.030000686645508,15.869999885559082,15.880000114440918,331133,0.0,0.0
2023-08-03 12:30:00-04:00,15.880000114440918,16.040000915527344,15.851200103759766,15.944999694824219,459482,0.0,0.0
2023-08-03 13:30:00-04:00,15.944999694824219,15.974200248718262,15.800000190734863,15.854999542236328,740803,0.0,0.0
2023-08-03 14:30:00-04:00,15.854999542236328,15.930000305175781,15.8149995803833,15.930000305175781,678550,0.0,0.0
2023-08-03 15:30:00-04:00,15.930000305175781,16.0,15.930000305175781,15.96500015258789,777672,0.0,0.0
2023-08-04 09:30:00-04:00,15.864999771118164,15.864999771118164,15.039999961853027,15.260000228881836,1450496,0.0,0.0
2023-08-04 10:30:00-04:00,15.255000114440918,15.59000015258789,15.25,15.5600004196167,674481,0.0,0.0
2023-08-04 11:30:00-04:00,15.5649995803833,15.864999771118164,15.53499984741211,15.824999809265137,1069556,0.0,0.0
2023-08-04 12:30:00-04:00,15.824999809265137,15.899999618530273,15.739999771118164,15.774999618530273,904378,0.0,0.0
2023-08-04 13:30:00-04:00,15.774999618530273,15.829999923706055,15.710000038146973,15.729999542236328,873120,0.0,0.0
2023-08-04 14:30:00-04:00,15.725000381469727,15.760000228881836,15.609999656677246,15.645000457763672,453603,0.0,0.0
2023-08-04 15:30:00-04:00,15.649999618530273,15.710000038146973,15.645000457763672,15.680000305175781,757385,0.0,0.0
2023-08-07 09:30:00-04:00,15.569999694824219,15.569999694824219,15.020000457763672,15.180000305175781,1022852,0.0,0.0
2023-08-07 10:30:00-04:00,15.180000305175781,15.40999984741211,15.0,15.024999618530273,1376672,0.0,0.0
2023-08-07 11:30:00-04:00,15.020000457763672,15.350000381469727,15.0,15.350000381469727,621183,0.0,0.0
2023-08-07 12:30:00-04:00,15.350000381469727,15.59000015258789,15.305000305175781,15.484999656677246,794509,0.0,0.0
2023-08-07 13:30:00-04:00,15.489999771118164,15.595000267028809,15.425000190734863,15.550000190734863,461766,0.0,0.0
2023-08-07 14:30:00-04:00,15.545000076293945,15.670000076293945,15.505000114440918,15.510000228881836,524319,0.0,0.0
2023-08-07 15:30:00-04:00,15.510000228881836,15.619999885559082,15.484999656677246,15.609999656677246,775722,0.0,0.0
2023-08-08 09:30:00-04:00,15.130000114440918,15.170000076293945,14.899999618530273,15.055000305175781,1323020,0.0,0.0
2023-08-08 10:30:00-04:00,15.050000190734863,15.109999656677246,14.53499984741211,14.779999732971191,2476262,0.0,0.0
2023-08-08 11:30:00-04:00,14.78499984741211,14.800000190734863,14.595000267028809,14.64579963684082,1351367,0.0,0.0
2023-08-08 12:30:00-04:00,14.649999618530273,14.760000228881836,14.574999809265137,14.600000381469727,1104892,0.0,0.0
2023-08-08 13:30:00-04:00,14.600000381469727,14.710000038146973,14.579999923706055,14.654999732971191,680439,0.0,0.0
2023-08-08 14:30:00-04:00,14.654999732971191,14.829999923706055,14.654999732971191,14.801300048828125,666271,0.0,0.0
2023-08-08 15:30:00-04:00,14.805000305175781,14.895000457763672,14.800000190734863,14.885000228881836,885009,0.0,0.0
2023-08-09 09:30:00-04:00,14.960000038146973,15.279999732971191,14.911800384521484,15.039999961853027,952844,0.0,0.0
2023-08-09 10:30:00-04:00,15.039999961853027,15.0649995803833,14.755000114440918,14.770000457763672,1249750,0.0,0.0
2023-08-09 11:30:00-04:00,14.765000343322754,14.994999885559082,14.744999885559082,14.975000381469727,526433,0.0,0.0
2023-08-09 12:30:00-04:00,14.970000267028809,14.977100372314453,14.850000381469727,14.96500015258789,421175,0.0,0.0
2023-08-09 13:30:00-04:00,14.96500015258789,15.319999694824219,14.960000038146973,15.3149995803833,720941,0.0,0.0
2023-08-09 14:30:00-04:00,15.319499969482422,15.359999656677246,15.210000038146973,15.279999732971191,928493,0.0,0.0
2023-08-09 15:30:00-04:00,15.28499984741211,15.287500381469727,15.119999885559082,15.130000114440918,849594,0.0,0.0
2023-08-10 09:30:00-04:00,15.329999923706055,15.635000228881836,15.270000457763672,15.430000305175781,680676,0.0,0.0
2023-08-10 10:30:00-04:00,15.430000305175781,15.510000228881836,15.274999618530273,15.324999809265137,803586,0.0,0.0
2023-08-10 11:30:00-04:00,15.329999923706055,15.369999885559082,15.225000381469727,15.319999694824219,531372,0.0,0.0
2023-08-10 12:30:00-04:00,15.3100004196167,15.34000015258789,15.039999961853027,15.0600004196167,364467,0.0,0.0
2023-08-10 13:30:00-04:00,15.0600004196167,15.194999694824219,14.989999771118164,15.194999694824219,376480,0.0,0.0
2023-08-10 14:30:00-04:00,15.1899995803833,15.214200019836426,15.109999656677246,15.135000228881836,402095,0.0,0.0
2023-08-10 15:30:00-04:00,15.130000114440918,15.149999618530273,14.989999771118164,14.989999771118164,1167210,0.0,0.0
2023-08-11 09:30:00-04:00,14.770000457763672,15.289999961853027,14.770000457763672,15.21500015258789,947091,0.0,0.0
2023-08-11 10:30:00-04:00,15.220100402832031,15.228699684143066,15.055000305175781,15.079999923706055,762334,0.0,0.0
2023-08-11 11:30:00-04:00,15.085000038146973,15.255000114440918,15.010000228881836,15.21500015258789,812466,0.0,0.0
2023-08-11 12:30:00-04:00,15.220000267028809,15.289999961853027,15.199999809265137,15.274999618530273,226361,0.0,0.0
2023-08-11 13:30:00-04:00,15.274999618530273,15.3149995803833,15.25,15.272500038146973,148071,0.0,0.0
2023-08-11 14:30:00-04:00,15.274999618530273,15.295000076293945,15.180000305175781,15.232500076293945,232712,0.0,0.0
2023-08-11 15:30:00-04:00,15.229999542236328,15.260000228881836,15.100000381469727,15.119999885559082,741475,0.0,0.0
2023-08-14 09:30:00-04:00,14.989999771118164,15.210000038146973,14.859999656677246,15.130000114440918,503272,0.0,0.0
2023-08-14 10:30:00-04:00,15.140000343322754,15.319999694824219,15.140000343322754,15.279999732971191,318120,0.0,0.0
2023-08-14 11:30:00-04:00,15.279999732971191,15.295000076293945,15.080100059509277,15.130000114440918,941007,0.0,0.0
2023-08-14 12:30:00-04:00,15.140000343322754,15.219300270080566,15.119999885559082,15.164999961853027,688061,0.0,0.0
2023-08-14 13:30:00-04:00,15.164899826049805,15.199999809265137,15.0,15.039999961853027,366802,0.0,0.0
2023-08-14 14:30:00-04:00,15.045000076293945,15.15999984741211,15.010000228881836,15.130000114440918,510386,0.0,0.0
2023-08-14 15:30:00-04:00,15.140000343322754,15.170000076293945,15.039999961853027,15.170000076293945,747399,0.0,0.0
2023-08-15 09:30:00-04:00,15.029999732971191,15.1899995803833,14.90999984741211,14.94480037689209,670543,0.0,0.0
2023-08-15 10:30:00-04:00,14.9399995803833,15.109999656677246,14.90999984741211,15.015000343322754,779782,0.0,0.0
2023-08-15 11:30:00-04:00,15.010000228881836,15.03849983215332,14.875,14.890000343322754,623911,0.0,0.0
2023-08-15 12:30:00-04:00,14.890000343322754,14.899999618530273,14.729999542236328,14.78499984741211,775316,0.0,0.0
2023-08-15 13:30:00-04:00,14.789999961853027,14.819999694824219,14.710000038146973,14.768099784851074,682771,0.0,0.0
2023-08-15 14:30:00-04:00,14.765000343322754,14.835000038146973,14.720000267028809,14.720000267028809,967737,0.0,0.0
2023-08-15 15:30:00-04:00,14.720000267028809,14.8100004196167,14.649999618530273,14.770000457763672,933671,0.0,0.0
2023-08-16 09:30:00-04:00,14.710000038146973,14.930000305175781,14.663100242614746,14.805000305175781,665620,0.0,0.0
2023-08-16 10:30:00-04:00,14.800000190734863,14.885000228881836,14.680000305175781,14.694999694824219,962816,0.0,0.0
2023-08-16 11:30:00-04:00,14.699999809265137,14.800000190734863,14.600000381469727,14.720000267028809,1008642,0.0,0.0
2023-08-16 12:30:00-04:00,14.725000381469727,14.8100004196167,14.670000076293945,14.8100004196167,682645,0.0,0.0
2023-08-16 13:30:00-04:00,14.809800148010254,14.84000015258789,14.704999923706055,14.8100004196167,756425,0.0,0.0
2023-08-16 14:30:00-04:00,14.8149995803833,14.840999603271484,14.680000305175781,14.739999771118164,1534132,0.0,0.0
2023-08-16 15:30:00-04:00,14.75,14.774999618530273,14.680000305175781,14.710000038146973,689574,0.0,0.0
2023-08-17 09:30:00-04:00,14.75,14.779999732971191,14.290599822998047,14.322999954223633,846174,0.0,0.0
2023-08-17 10:30:00-04:00,14.329000473022461,14.350000381469727,14.06190013885498,14.153599739074707,1693322,0.0,0.0
2023-08-17 11:30:00-04:00,14.154999732971191,14.319999694824219,14.109999656677246,14.305000305175781,1150556,0.0,0.0
2023-08-17 12:30:00-04:00,14.305000305175781,14.579999923706055,14.302499771118164,14.484999656677246,913783,0.0,0.0
2023-08-17 13:30:00-04:00,14.489999771118164,14.489999771118164,14.395000457763672,14.4350004196167,433132,0.0,0.0
2023-08-17 14:30:00-04:00,14.4350004196167,14.454999923706055,14.25,14.305000305175781,465336,0.0,0.0
2023-08-17 15:30:00-04:00,14.305000305175781,14.319999694824219,14.220000267028809,14.229999542236328,692352,0.0,0.0
2023-08-18 09:30:00-04:00,14.0,14.460000038146973,13.869999885559082,14.379899978637695,789074,0.0,0.0
2023-08-18 10:30:00-04:00,14.380000114440918,14.555000305175781,14.369999885559082,14.380000114440918,1165518,0.0,0.0
2023-08-18 11:30:00-04:00,14.380800247192383,14.470000267028809,14.335000038146973,14.364999771118164,752682,0.0,0.0
2023-08-18 12:30:00-04:00,14.359999656677246,14.375,14.260000228881836,14.324999809265137,550979,0.0,0.0
2023-08-18 13:30:00-04:00,14.324999809265137,14.40999984741211,14.289999961853027,14.319999694824219,912425,0.0,0.0
2023-08-18 14:30:00-04:00,14.3149995803833,14.494999885559082,14.300000190734863,14.489999771118164,716471,0.0,0.0
2023-08-18 15:30:00-04:00,14.494999885559082,14.529999732971191,14.460000038146973,14.5,675805,0.0,0.0
2023-08-21 09:30:00-04:00,14.649999618530273,15.419899940490723,14.5600004196167,15.074999809265137,1986019,0.0,0.0
2023-08-21 10:30:00-04:00,15.079999923706055,15.154999732971191,14.920000076293945,14.970000267028809,1448324,0.0,0.0
2023-08-21 11:30:00-04:00,14.970000267028809,15.414999961853027,14.970000267028809,15.399999618530273,872242,0.0,0.0
2023-08-21 12:30:00-04:00,15.399999618530273,16.270000457763672,15.279999732971191,16.270000457763672,1334325,0.0,0.0
2023-08-21 13:30:00-04:00,16.530000686645508,17.190000534057617,16.219999313354492,16.594999313354492,15819579,0.0,0.0
2023-08-21 14:30:00-04:00,16.59869956970215,16.985000610351562,16.560100555419922,16.84040069580078,5318371,0.0,0.0
2023-08-21 15:30:00-04:00,16.850000381469727,16.920000076293945,16.790000915527344,16.829999923706055,3381272,0.0,0.0
2023-08-22 09:30:00-04:00,16.225000381469727,16.479999542236328,15.979999542236328,16.190000534057617,4068220,0.0,0.0
2023-08-22 10:30:00-04:00,16.184999465942383,16.56999969482422,16.155000686645508,16.40999984741211,3335245,0.0,0.0
2023-08-22 11:30:00-04:00,16.410499572753906,16.5,16.209999084472656,16.364999771118164,1783768,0.0,0.0
2023-08-22 12:30:00-04:00,16.3700008392334,16.438400268554688,16.239999771118164,16.270999908447266,1614325,0.0,0.0
2023-08-22 13:30:00-04:00,16.277999877929688,16.360000610351562,16.170000076293945,16.30500030517578,1090591,0.0,0.0
2023-08-22 14:30:00-04:00,16.30500030517578,16.389999389648438,16.229999542236328,16.270000457763672,1744113,0.0,0.0
2023-08-22 15:30:00-04:00,16.270000457763672,16.350000381469727,16.21500015258789,16.2450008392334,2309757,0.0,0.0
2023-08-23 09:30:00-04:00,16.34000015258789,16.430999755859375,15.970000267028809,16.43000030517578,1504465,0.0,0.0
2023-08-23 10:30:00-04:00,16.429399490356445,16.670000076293945,16.40999984741211,16.610000610351562,2448128,0.0,0.0
2023-08-23 11:30:00-04:00,16.6200008392334,16.700000762939453,16.459999084472656,16.524999618530273,1273576,0.0,0.0
2023-08-23 12:30:00-04:00,16.524999618530273,16.584999084472656,16.454999923706055,16.485000610351562,770069,0.0,0.0
2023-08-23 13:30:00-04:00,16.485000610351562,16.575000762939453,16.450000762939453,16.549999237060547,695393,0.0,0.0
2023-08-23 14:30:00-04:00,16.551000595092773,16.760000228881836,16.5403995513916,16.69499969482422,761661,0.0,0.0
2023-08-23 15:30:00-04:00,16.69499969482422,16.739999771118164,16.625,16.670000076293945,1031607,0.0,0.0
2023-08-24 09:30:00-04:00,16.799999237060547,16.889999389648438,16.290000915527344,16.375,909551,0.0,0.0
2023-08-24 10:30:00-04:00,16.371200561523438,16.424999237060547,16.1200008392334,16.208900451660156,1516406,0.0,0.0
2023-08-24 11:30:00-04:00,16.200000762939453,16.520000457763672,16.1200008392334,16.489900588989258,1329260,0.0,0.0
2023-08-24 12:30:00-04:00,16.489999771118164,16.559999465942383,16.3700008392334,16.385000228881836,743955,0.0,0.0
2023-08-24 13:30:00-04:00,16.389299392700195,16.450000762939453,16.34000015258789,16.424999237060547,1034074,0.0,0.0
2023-08-24 14:30:00-04:00,16.424999237060547,16.43000030517578,16.15999984741211,16.18000030517578,601114,0.0,0.0
2023-08-24 15:30:00-04:00,16.18000030517578,16.219999313354492,16.020000457763672,16.030000686645508,1830826,0.0,0.0
2023-08-25 09:30:00-04:00,16.139999389648438,16.309999465942383,15.989999771118164,16.010000228881836,1001291,0.0,0.0
2023-08-25 10:30:00-04:00,16.020000457763672,16.149200439453125,15.850000381469727,16.1200008392334,1589914,0.0,0.0
2023-08-25 11:30:00-04:00,16.1200008392334,16.40999984741211,16.049999237060547,16.40999984741211,812033,0.0,0.0
2023-08-25 12:30:00-04:00,16.40999984741211,16.579999923706055,16.385000228881836,16.520000457763672,645250,0.0,0.0
2023-08-25 13:30:00-04:00,16.524999618530273,16.780000686645508,16.489999771118164,16.780000686645508,828708,0.0,0.0
2023-08-25 14:30:00-04:00,16.780000686645508,17.5,16.584999084472656,16.639999389648438,4697321,0.0,0.0
2023-08-25 15:30:00-04:00,16.639999389648438,16.690000534057617,16.5,16.565000534057617,1946947,0.0,0.0
2023-08-28 09:30:00-04:00,16.610000610351562,16.875,16.09000015258789,16.860000610351562,2129951,0.0,0.0
2023-08-28 10:30:00-04:00,16.854999542236328,16.854999542236328,16.559999465942383,16.600000381469727,1238331,0.0,0.0
2023-08-28 11:30:00-04:00,16.600000381469727,16.65999984741211,16.475000381469727,16.548999786376953,517399,0.0,0.0
2023-08-28 12:30:00-04:00,16.545000076293945,16.665000915527344,16.502500534057617,16.559999465942383,692601,0.0,0.0
2023-08-28 13:30:00-04:00,16.565000534057617,16.575000762939453,16.434999465942383,16.524999618530273,724152,0.0,0.0
2023-08-28 14:30:00-04:00,16.520000457763672,16.635000228881836,16.479999542236328,16.4950008392334,1112089,0.0,0.0
2023-08-28 15:30:00-04:00,16.489999771118164,16.587200164794922,16.450000762939453,16.540000915527344,1166826,0.0,0.0
2023-08-29 09:30:00-04:00,16.360000610351562,16.974199295043945,16.360000610351562,16.924999237060547,830408,0.0,0.0
2023-08-29 10:30:00-04:00,16.924999237060547,17.100000381469727,16.799999237060547,16.860000610351562,2283957,0.0,0.0
2023-08-29 11:30:00-04:00,16.8700008392334,16.915000915527344,16.75,16.820100784301758,1789365,0.0,0.0
2023-08-29 12:30:00-04:00,16.825199127197266,16.885000228881836,16.770000457763672,16.790000915527344,797157,0.0,0.0
2023-08-29 13:30:00-04:00,16.799999237060547,16.8700008392334,16.684999465942383,16.709999084472656,874446,0.0,0.0
2023-08-29 14:30:00-04:00,16.704999923706055,16.75,16.639999389648438,16.68000030517578,574315,0.0,0.0
2023-08-29 15:30:00-04:00,16.68000030517578,16.690000534057617,16.59000015258789,16.639999389648438,1148602,0.0,0.0
2023-08-30 09:30:00-04:00,16.280000686645508,16.360000610351562,15.550999641418457,15.75,4224312,0.0,0.0
2023-08-30 10:30:00-04:00,15.750800132751465,16.200000762939453,15.739999771118164,16.120100021362305,2131272,0.0,0.0
2023-08-30 11:30:00-04:00,16.1200008392334,16.309999465942383,16.09000015258789,16.250499725341797,1045987,0.0,0.0
2023-08-30 12:30:00-04:00,16.25,16.28499984741211,16.149999618530273,16.204999923706055,1145426,0.0,0.0
2023-08-30 13:30:00-04:00,16.204999923706055,16.239999771118164,16.104999542236328,16.114999771118164,881272,0.0,0.0
2023-08-30 14:30:00-04:00,16.114999771118164,16.270000457763672,16.084999084472656,16.19499969482422,806921,0.0,0.0
2023-08-30 15:30:00-04:00,16.19860076904297,16.309999465942383,16.184999465942383,16.274999618530273,1430313,0.0,0.0
2023-08-31 09:30:00-04:00,16.239999771118164,16.6299991607666,15.920000076293945,16.594999313354492,2287703,0.0,0.0
2023-08-31 10:30:00-04:00,16.594999313354492,16.6200008392334,16.209999084472656,16.350000381469727,3047998,0.0,0.0
2023-08-31 11:30:00-04:00,16.34000015258789,16.56999969482422,16.290000915527344,16.479999542236328,1021261,0.0,0.0
2023-08-31 12:30:00-04:00,16.469999313354492,16.584999084472656,16.344999313354492,16.579999923706055,1070579,0.0,0.0
2023-08-31 13:30:00-04:00,16.575000762939453,16.579999923706055,16.34000015258789,16.514999389648438,1465201,0.0,0.0
2023-08-31 14:30:00-04:00,16.514999389648438,16.59000015258789,16.459999084472656,16.579999923706055,1162771,0.0,0.0
2023-08-31 15:30:00-04:00,16.575000762939453,16.655000686645508,16.479999542236328,16.6200008392334,2500225,0.0,0.0
2023-09-01 09:30:00-04:00,17.260000228881836,18.350000381469727,17.260000228881836,17.674999237060547,5567845,0.0,0.0
2023-09-01 10:30:00-04:00,17.68000030517578,17.700000762939453,17.350000381469727,17.58009910583496,2647864,0.0,0.0
2023-09-01 11:30:00-04:00,17.579999923706055,17.68000030517578,17.43000030517578,17.440000534057617,1209083,0.0,0.0
2023-09-01 12:30:00-04:00,17.450000762939453,17.459999084472656,17.239999771118164,17.30500030517578,1132864,0.0,0.0
2023-09-01 13:30:00-04:00,17.309999465942383,17.420000076293945,17.18000030517578,17.200000762939453,1039468,0.0,0.0
2023-09-01 14:30:00-04:00,17.204999923706055,17.450000762939453,17.184999465942383,17.450000762939453,1248283,0.0,0.0
2023-09-01 15:30:00-04:00,17.44499969482422,17.459999084472656,17.165000915527344,17.21500015258789,1558494,0.0,0.0
2023-09-05 09:30:00-04:00,17.0,17.299999237060547,16.900299072265625,17.059999465942383,1011356,0.0,0.0
2023-09-05 10:30:00-04:00,17.06999969482422,17.489999771118164,16.96500015258789,17.415000915527344,1179203,0.0,0.0
2023-09-05 11:30:00-04:00,17.41119956970215,17.920000076293945,17.3799991607666,17.799999237060547,2030275,0.0,0.0
2023-09-05 12:30:00-04:00,17.80500030517578,17.86989974975586,17.65999984741211,17.795000076293945,1289107,0.0,0.0
2023-09-05 13:30:00-04:00,17.799999237060547,17.815000534057617,17.69499969482422,17.795000076293945,786810,0.0,0.0
2023-09-05 14:30:00-04:00,17.798099517822266,17.850000381469727,17.760000228881836,17.81999969482422,1010731,0.0,0.0
2023-09-05 15:30:00-04:00,17.815000534057617,17.920000076293945,17.799999237060547,17.889999389648438,1536594,0.0,0.0
2023-09-06 09:30:00-04:00,17.56999969482422,17.979999542236328,17.350000381469727,17.43000030517578,1426317,0.0,0.0
2023-09-06 10:30:00-04:00,17.43000030517578,17.614999771118164,17.40999984741211,17.604999542236328,646533,0.0,0.0
2023-09-06 11:30:00-04:00,17.610000610351562,17.639999389648438,17.399999618530273,17.40999984741211,1227857,0.0,0.0
2023-09-06 12:30:00-04:00,17.411399841308594,17.415000915527344,17.280000686645508,17.334999084472656,848074,0.0,0.0
2023-09-06 13:30:00-04:00,17.339599609375,17.3799991607666,17.260000228881836,17.334999084472656,467644,0.0,0.0
2023-09-06 14:30:00-04:00,17.334999084472656,17.399999618530273,17.299999237060547,17.309999465942383,505860,0.0,0.0
2023-09-06 15:30:00-04:00,17.309999465942383,17.40999984741211,17.290000915527344,17.329999923706055,785412,0.0,0.0
2023-09-07 09:30:00-04:00,17.0,17.1299991607666,16.81999969482422,16.993799209594727,712983,0.0,0.0
2023-09-07 10:30:00-04:00,17.0,17.135000228881836,16.915000915527344,16.96500015258789,446087,0.0,0.0
2023-09-07 11:30:00-04:00,16.94499969482422,17.149999618530273,16.94499969482422,17.059999465942383,472505,0.0,0.0
2023-09-07 12:30:00-04:00,17.065000534057617,17.209999084472656,17.049999237060547,17.190000534057617,429546,0.0,0.0
2023-09-07 13:30:00-04:00,17.19499969482422,17.280000686645508,17.09000015258789,17.239999771118164,688022,0.0,0.0
2023-09-07 14:30:00-04:00,17.235000610351562,17.260000228881836,17.079999923706055,17.090499877929688,536534,0.0,0.0
2023-09-07 15:30:00-04:00,17.09000015258789,17.100000381469727,16.969999313354492,17.024999618530273,956445,0.0,0.0
2023-09-08 09:30:00-04:00,17.079999923706055,17.239999771118164,16.899999618530273,17.0,606042,0.0,0.0
2023-09-08 10:30:00-04:00,16.9950008392334,17.010000228881836,16.850000381469727,16.90999984741211,438033,0.0,0.0
2023-09-08 11:30:00-04:00,16.90999984741211,16.91010093688965,16.770000457763672,16.809999465942383,463340,0.0,0.0
2023-09-08 12:30:00-04:00,16.815000534057617,16.90999984741211,16.760000228881836,16.899999618530273,487537,0.0,0.0
2023-09-08 13:30:00-04:00,16.90089988708496,16.915000915527344,16.770000457763672,16.78499984741211,603993,0.0,0.0
2023-09-08 14:30:00-04:00,16.78499984741211,16.885000228881836,16.7450008392334,16.864999771118164,929190,0.0,0.0
2023-09-08 15:30:00-04:00,16.864999771118164,16.975000381469727,16.829999923706055,16.950000762939453,819005,0.0,0.0
2023-09-11 09:30:00-04:00,17.110000610351562,17.709999084472656,17.06999969482422,17.68000030517578,1115392,0.0,0.0
2023-09-11 10:30:00-04:00,17.684999465942383,17.709999084472656,17.5,17.510000228881836,527110,0.0,0.0
2023-09-11 11:30:00-04:00,17.510000228881836,17.690000534057617,17.489999771118164,17.674999237060547,474735,0.0,0.0
2023-09-11 12:30:00-04:00,17.68000030517578,17.780000686645508,17.600000381469727,17.7549991607666,477141,0.0,0.0
2023-09-11 13:30:00-04:00,17.7549991607666,17.899999618530273,17.739999771118164,17.854999542236328,1038728,0.0,0.0
2023-09-11 14:30:00-04:00,17.860000610351562,17.885000228881836,17.739999771118164,17.764999389648438,561682,0.0,0.0
2023-09-11 15:30:00-04:00,17.770000457763672,17.770000457763672,17.625,17.670000076293945,1021995,0.0,0.0
2023-09-12 09:30:00-04:00,17.459999084472656,17.799999237060547,17.420000076293945,17.61009979248047,833583,0.0,0.0
2023-09-12 10:30:00-04:00,17.610000610351562,17.639999389648438,17.3799991607666,17.44499969482422,982801,0.0,0.0
2023-09-12 11:30:00-04:00,17.450000762939453,17.56999969482422,17.440000534057617,17.524999618530273,909487,0.0,0.0
2023-09-12 12:30:00-04:00,17.520099639892578,17.549999237060547,17.450000762939453,17.530000686645508,563720,0.0,0.0
2023-09-12 13:30:00-04:00,17.530000686645508,17.540000915527344,17.25,17.325000762939453,276744,0.0,0.0
2023-09-12 14:30:00-04:00,17.325000762939453,17.3700008392334,17.149999618530273,17.165000915527344,471196,0.0,0.0
2023-09-12 15:30:00-04:00,17.165000915527344,17.170000076293945,17.010000228881836,17.030000686645508,1325660,0.0,0.0
2023-09-13 09:30:00-04:00,17.010000228881836,17.100000381469727,16.700000762939453,16.889999389648438,1183922,0.0,0.0
2023-09-13 10:30:00-04:00,16.889999389648438,17.089000701904297,16.889999389648438,17.020000457763672,813759,0.0,0.0
2023-09-13 11:30:00-04:00,17.020000457763672,17.02589988708496,16.850000381469727,16.881999969482422,365332,0.0,0.0
2023-09-13 12:30:00-04:00,16.8799991607666,16.98859977722168,16.8799991607666,16.920000076293945,230200,0.0,0.0
2023-09-13 13:30:00-04:00,16.924999237060547,16.938100814819336,16.770000457763672,16.799999237060547,279046,0.0,0.0
2023-09-13 14:30:00-04:00,16.79990005493164,16.80500030517578,16.65999984741211,16.720800399780273,669080,0.0,0.0
2023-09-13 15:30:00-04:00,16.72100067138672,16.815000534057617,16.709999084472656,16.7450008392334,814206,0.0,0.0
2023-09-14 09:30:00-04:00,16.84000015258789,17.059999465942383,16.80500030517578,16.850000381469727,791973,0.0,0.0
2023-09-14 10:30:00-04:00,16.861000061035156,17.059999465942383,16.844999313354492,17.039899826049805,1086042,0.0,0.0
2023-09-14 11:30:00-04:00,17.03499984741211,17.094999313354492,16.889999389648438,16.930500030517578,1014670,0.0,0.0
2023-09-14 12:30:00-04:00,16.93000030517578,17.0,16.860000610351562,17.0,254739,0.0,0.0
2023-09-14 13:30:00-04:00,17.0,17.235200881958008,16.9950008392334,17.23200035095215,376570,0.0,0.0
2023-09-14 14:30:00-04:00,17.235000610351562,17.290000915527344,17.184999465942383,17.264999389648438,418555,0.0,0.0
2023-09-14 15:30:00-04:00,17.260000228881836,17.31999969482422,17.209999084472656,17.209999084472656,560552,0.0,0.0
2023-09-15 09:30:00-04:00,17.09000015258789,17.209999084472656,16.854999542236328,16.90999984741211,610581,0.0,0.0
2023-09-15 10:30:00-04:00,16.899999618530273,16.989999771118164,16.815000534057617,16.979999542236328,520491,0.0,0.0
2023-09-15 11:30:00-04:00,16.975000381469727,17.030000686645508,16.940000534057617,16.979999542236328,935667,0.0,0.0
2023-09-15 12:30:00-04:00,16.979999542236328,17.09000015258789,16.920000076293945,16.934999465942383,702822,0.0,0.0
2023-09-15 13:30:00-04:00,16.940000534057617,16.959999084472656,16.885000228881836,16.954999923706055,274828,0.0,0.0
2023-09-15 14:30:00-04:00,16.959999084472656,16.979999542236328,16.920000076293945,16.979999542236328,365071,0.0,0.0
2023-09-15 15:30:00-04:00,16.97800064086914,17.020000457763672,16.780000686645508,16.799999237060547,1696345,0.0,0.0
2023-09-18 09:30:00-04:00,16.690000534057617,16.844999313354492,16.559999465942383,16.764999389648438,577003,0.0,0.0
2023-09-18 10:30:00-04:00,16.760000228881836,16.760000228881836,16.579999923706055,16.665000915527344,807522,0.0,0.0
2023-09-18 11:30:00-04:00,16.65999984741211,16.889999389648438,16.659099578857422,16.78499984741211,808565,0.0,0.0
2023-09-18 12:30:00-04:00,16.790000915527344,16.8799991607666,16.739999771118164,16.850000381469727,818453,0.0,0.0
2023-09-18 13:30:00-04:00,16.84910011291504,16.93000030517578,16.80500030517578,16.809999465942383,1205777,0.0,0.0
2023-09-18 14:30:00-04:00,16.809999465942383,16.84000015258789,16.674999237060547,16.68000030517578,422886,0.0,0.0
2023-09-18 15:30:00-04:00,16.68000030517578,16.68000030517578,16.549999237060547,16.565000534057617,650114,0.0,0.0
2023-09-19 09:30:00-04:00,16.479999542236328,16.479999542236328,16.12299919128418,16.225000381469727,683774,0.0,0.0
2023-09-19 10:30:00-04:00,16.225000381469727,16.43000030517578,16.165000915527344,16.424999237060547,903195,0.0,0.0
2023-09-19 11:30:00-04:00,16.420000076293945,16.559999465942383,16.395000457763672,16.4950008392334,593117,0.0,0.0
2023-09-19 12:30:00-04:00,16.489999771118164,16.6299991607666,16.440000534057617,16.540000915527344,601122,0.0,0.0
2023-09-19 13:30:00-04:00,16.549999237060547,16.68000030517578,16.545000076293945,16.610000610351562,540764,0.0,0.0
2023-09-19 14:30:00-04:00,16.604999542236328,16.700000762939453,16.549999237060547,16.6200008392334,448374,0.0,0.0
2023-09-19 15:30:00-04:00,16.6200008392334,16.639999389648438,16.549999237060547,16.579999923706055,656641,0.0,0.0
2023-09-20 09:30:00-04:00,16.719999313354492,16.9950008392334,16.649999618530273,16.675899505615234,376029,0.0,0.0
2023-09-20 10:30:00-04:00,16.670000076293945,16.729999542236328,16.600000381469727,16.674999237060547,620402,0.0,0.0
2023-09-20 11:30:00-04:00,16.670000076293945,16.925399780273438,16.65999984741211,16.8799991607666,694302,0.0,0.0
2023-09-20 12:30:00-04:00,16.8799991607666,17.020000457763672,16.790000915527344,17.010000228881836,943388,0.0,0.0
2023-09-20 13:30:00-04:00,17.000999450683594,17.065000534057617,16.850000381469727,17.010000228881836,518859,0.0,0.0
2023-09-20 14:30:00-04:00,17.010000228881836,17.069000244140625,16.649999618530273,16.674999237060547,616534,0.0,0.0
2023-09-20 15:30:00-04:00,16.68000030517578,16.71500015258789,16.520000457763672,16.540000915527344,543463,0.0,0.0
2023-09-21 09:30:00-04:00,16.3799991607666,16.450000762939453,15.930000305175781,15.958600044250488,1044447,0.0,0.0
2023-09-21 10:30:00-04:00,15.949999809265137,16.0,15.710000038146973,15.749899864196777,809998,0.0,0.0
2023-09-21 11:30:00-04:00,15.75,15.835000038146973,15.520000457763672,15.579999923706055,1139386,0.0,0.0
2023-09-21 12:30:00-04:00,15.59000015258789,15.859999656677246,15.510000228881836,15.8149995803833,739882,0.0,0.0
2023-09-21 13:30:00-04:00,15.815099716186523,15.899999618530273,15.774999618530273,15.824999809265137,641811,0.0,0.0
2023-09-21 14:30:00-04:00,15.824999809265137,15.90999984741211,15.690099716186523,15.795000076293945,1160998,0.0,0.0
2023-09-21 15:30:00-04:00,15.800000190734863,15.930000305175781,15.770000457763672,15.90999984741211,1798585,0.0,0.0
2023-09-22 09:30:00-04:00,16.1299991607666,16.15999984741211,15.75,15.930000305175781,652760,0.0,0.0
2023-09-22 10:30:00-04:00,15.9350004196167,16.049999237060547,15.9350004196167,16.014999389648438,506648,0.0,0.0
2023-09-22 11:30:00-04:00,16.014999389648438,16.040000915527344,15.930000305175781,15.944999694824219,559343,0.0,0.0
2023-09-22 12:30:00-04:00,15.949999809265137,15.989999771118164,15.890000343322754,15.899999618530273,363813,0.0,0.0
2023-09-22 13:30:00-04:00,15.899999618530273,15.914999961853027,15.8100004196167,15.845000267028809,409738,0.0,0.0
2023-09-22 14:30:00-04:00,15.845000267028809,15.880000114440918,15.795000076293945,15.854999542236328,458309,0.0,0.0
2023-09-22 15:30:00-04:00,15.854999542236328,15.869999885559082,15.75,15.800000190734863,919579,0.0,0.0
2023-09-25 09:30:00-04:00,15.729999542236328,15.829999923706055,15.59000015258789,15.65999984741211,434841,0.0,0.0
2023-09-25 10:30:00-04:00,15.670000076293945,15.710000038146973,15.604999542236328,15.635000228881836,204389,0.0,0.0
2023-09-25 11:30:00-04:00,15.635000228881836,15.720000267028809,15.630000114440918,15.720000267028809,229214,0.0,0.0
2023-09-25 12:30:00-04:00,15.720000267028809,15.729999542236328,15.545000076293945,15.614999771118164,194834,0.0,0.0
2023-09-25 13:30:00-04:00,15.609999656677246,15.65999984741211,15.569999694824219,15.585000038146973,185505,0.0,0.0
2023-09-25 14:30:00-04:00,15.585000038146973,15.645000457763672,15.541999816894531,15.630000114440918,378894,0.0,0.0
2023-09-25 15:30:00-04:00,15.630000114440918,15.71500015258789,15.59000015258789,15.670000076293945,824680,0.0,0.0
2023-09-26 09:30:00-04:00,15.460000038146973,15.729999542236328,15.380000114440918,15.614999771118164,459892,0.0,0.0
2023-09-26 10:30:00-04:00,15.614999771118164,15.640000343322754,15.510000228881836,15.53499984741211,406571,0.0,0.0
2023-09-26 11:30:00-04:00,15.53499984741211,15.614999771118164,15.493599891662598,15.595000267028809,965401,0.0,0.0
2023-09-26 12:30:00-04:00,15.59119987487793,15.630000114440918,15.5,15.5,521608,0.0,0.0
2023-09-26 13:30:00-04:00,15.5,15.720000267028809,15.460000038146973,15.704999923706055,668302,0.0,0.0
2023-09-26 14:30:00-04:00,15.710000038146973,15.760000228881836,15.654999732971191,15.739999771118164,919445,0.0,0.0
2023-09-26 15:30:00-04:00,15.734999656677246,15.895000457763672,15.6899995803833,15.824999809265137,1218493,0.0,0.0
2023-09-27 09:30:00-04:00,16.010000228881836,16.41860008239746,15.864999771118164,16.395000457763672,880268,0.0,0.0
2023-09-27 10:30:00-04:00,16.390100479125977,16.40999984741211,16.135000228881836,16.295000076293945,864999,0.0,0.0
2023-09-27 11:30:00-04:00,16.299999237060547,16.34000015258789,15.920000076293945,15.994999885559082,762122,0.0,0.0
2023-09-27 12:30:00-04:00,15.989999771118164,15.989999771118164,15.835000038146973,15.859999656677246,526097,0.0,0.0
2023-09-27 13:30:00-04:00,15.864999771118164,16.170000076293945,15.850000381469727,16.165000915527344,1193031,0.0,0.0
2023-09-27 14:30:00-04:00,16.16860008239746,16.385000228881836,16.16860008239746,16.260499954223633,1154602,0.0,0.0
2023-09-27 15:30:00-04:00,16.264999389648438,16.270000457763672,16.075000762939453,16.149999618530273,1136195,0.0,0.0
2023-09-28 09:30:00-04:00,15.970000267028809,16.25,15.789400100708008,16.0,1133877,0.0,0.0
2023-09-28 10:30:00-04:00,16.00200080871582,16.229999542236328,15.859999656677246,16.209999084472656,887726,0.0,0.0
2023-09-28 11:30:00-04:00,16.219999313354492,16.399999618530273,16.209999084472656,16.389999389648438,381662,0.0,0.0
2023-09-28 12:30:00-04:00,16.385000228881836,16.40999984741211,16.21500015258789,16.2450008392334,466495,0.0,0.0
2023-09-28 13:30:00-04:00,16.2450008392334,16.249900817871094,16.110000610351562,16.135000228881836,330664,0.0,0.0
2023-09-28 14:30:00-04:00,16.1299991607666,16.249000549316406,16.010000228881836,16.2450008392334,450025,0.0,0.0
2023-09-28 15:30:00-04:00,16.2450008392334,16.360000610351562,16.15999984741211,16.360000610351562,1744576,0.0,0.0
2023-09-29 09:30:00-04:00,16.639999389648438,16.950000762939453,16.579999923706055,16.78499984741211,943578,0.0,0.0
2023-09-29 10:30:00-04:00,16.78499984741211,16.979999542236328,16.780000686645508,16.90999984741211,755836,0.0,0.0
2023-09-29 11:30:00-04:00,16.90999984741211,17.024999618530273,16.81999969482422,17.0,382574,0.0,0.0
2023-09-29 12:30:00-04:00,17.0,17.010000228881836,16.829999923706055,16.895000457763672,409160,0.0,0.0
2023-09-29 13:30:00-04:00,16.895000457763672,16.920000076293945,16.84000015258789,16.854999542236328,278442,0.0,0.0
2023-09-29 14:30:00-04:00,16.854999542236328,16.975000381469727,16.81999969482422,16.889999389648438,499610,0.0,0.0
2023-09-29 15:30:00-04:00,16.885000228881836,16.899999618530273,16.799999237060547,16.8700008392334,873836,0.0,0.0
2023-10-02 09:30:00-04:00,16.850000381469727,17.040000915527344,16.719999313354492,16.920000076293945,1199703,0.0,0.0
2023-10-02 10:30:00-04:00,16.915000915527344,17.200000762939453,16.854999542236328,17.155000686645508,624896,0.0,0.0
2023-10-02 11:30:00-04:00,17.150100708007812,17.170000076293945,16.96500015258789,17.010000228881836,512536,0.0,0.0
2023-10-02 12:30:00-04:00,17.010299682617188,17.049999237060547,16.950000762939453,17.000099182128906,673569,0.0,0.0
2023-10-02 13:30:00-04:00,17.0049991607666,17.014999389648438,16.864999771118164,16.864999771118164,393801,0.0,0.0
2023-10-02 14:30:00-04:00,16.8700008392334,16.920000076293945,16.760000228881836,16.790000915527344,471831,0.0,0.0
2023-10-02 15:30:00-04:00,16.78499984741211,16.889999389648438,16.735000610351562,16.8700008392334,895851,0.0,0.0
2023-10-03 09:30:00-04:00,16.68000030517578,16.770000457763672,16.309999465942383,16.360000610351562,913692,0.0,0.0
2023-10-03 10:30:00-04:00,16.364999771118164,16.510000228881836,16.350000381469727,16.485000610351562,833850,0.0,0.0
2023-10-03 11:30:00-04:00,16.479999542236328,16.56999969482422,16.450000762939453,16.540000915527344,686188,0.0,0.0
2023-10-03 12:30:00-04:00,16.53499984741211,16.549999237060547,16.385000228881836,16.399999618530273,788131,0.0,0.0
2023-10-03 13:30:00-04:00,16.399999618530273,16.399999618530273,16.149999618530273,16.18000030517578,1191732,0.0,0.0
2023-10-03 14:30:00-04:00,16.18000030517578,16.2450008392334,16.0,16.024999618530273,563734,0.0,0.0
2023-10-03 15:30:00-04:00,16.024999618530273,16.280000686645508,16.024999618530273,16.280000686645508,1485949,0.0,0.0
2023-10-04 09:30:00-04:00,16.40999984741211,16.530000686645508,16.170000076293945,16.200000762939453,948142,0.0,0.0
2023-10-04 10:30:00-04:00,16.209999084472656,16.434999465942383,16.174999237060547,16.375,471416,0.0,0.0
2023-10-04 11:30:00-04:00,16.375,16.6299991607666,16.344999313354492,16.59000015258789,560141,0.0,0.0
2023-10-04 12:30:00-04:00,16.584999084472656,16.719999313354492,16.565000534057617,16.604999542236328,357819,0.0,0.0
2023-10-04 13:30:00-04:00,16.600000381469727,16.6299991607666,16.53499984741211,16.575000762939453,273119,0.0,0.0
2023-10-04 14:30:00-04:00,16.575000762939453,16.639999389648438,16.549999237060547,16.579999923706055,282844,0.0,0.0
2023-10-04 15:30:00-04:00,16.584999084472656,16.630199432373047,16.549999237060547,16.610000610351562,671056,0.0,0.0
2023-10-05 09:30:00-04:00,16.600000381469727,16.719999313354492,16.170000076293945,16.25,390240,0.0,0.0
2023-10-05 10:30:00-04:00,16.239999771118164,16.2549991607666,16.014999389648438,16.139999389648438,440038,0.0,0.0
2023-10-05 11:30:00-04:00,16.135000228881836,16.309999465942383,16.100000381469727,16.30500030517578,299071,0.0,0.0
2023-10-05 12:30:00-04:00,16.309999465942383,16.309999465942383,16.15999984741211,16.25,192279,0.0,0.0
2023-10-05 13:30:00-04:00,16.2450008392334,16.3799991607666,16.225000381469727,16.348800659179688,175240,0.0,0.0
2023-10-05 14:30:00-04:00,16.350000381469727,16.434999465942383,16.309999465942383,16.315000534057617,332748,0.0,0.0
2023-10-05 15:30:00-04:00,16.309999465942383,16.329999923706055,16.270000457763672,16.270000457763672,442359,0.0,0.0
2023-10-06 09:30:00-04:00,16.040000915527344,16.315000534057617,16.020000457763672,16.30500030517578,589928,0.0,0.0
2023-10-06 10:30:00-04:00,16.306800842285156,16.479999542236328,16.30500030517578,16.479999542236328,362509,0.0,0.0
2023-10-06 11:30:00-04:00,16.489999771118164,16.760000228881836,16.485000610351562,16.71500015258789,634819,0.0,0.0
2023-10-06 12:30:00-04:00,16.719999313354492,16.954999923706055,16.69499969482422,16.954999923706055,383246,0.0,0.0
2023-10-06 13:30:00-04:00,16.959999084472656,16.969999313354492,16.770000457763672,16.81999969482422,418154,0.0,0.0
2023-10-06 14:30:00-04:00,16.825000762939453,16.90999984741211,16.80500030517578,16.905000686645508,315937,0.0,0.0
2023-10-06 15:30:00-04:00,16.905000686645508,16.94499969482422,16.850000381469727,16.905000686645508,539611,0.0,0.0
2023-10-09 09:30:00-04:00,16.170000076293945,16.84000015258789,16.020000457763672,16.764999389648438,1984880,0.0,0.0
2023-10-09 10:30:00-04:00,16.764999389648438,16.764999389648438,16.469999313354492,16.55500030517578,424854,0.0,0.0
2023-10-09 11:30:00-04:00,16.55500030517578,16.860000610351562,16.55500030517578,16.809999465942383,345784,0.0,0.0
2023-10-09 12:30:00-04:00,16.809999465942383,16.81999969482422,16.725000381469727,16.809999465942383,206855,0.0,0.0
2023-10-09 13:30:00-04:00,16.809999465942383,16.950000762939453,16.809999465942383,16.89900016784668,326876,0.0,0.0
2023-10-09 14:30:00-04:00,16.899999618530273,16.920000076293945,16.81999969482422,16.90999984741211,319294,0.0,0.0
2023-10-09 15:30:00-04:00,16.905000686645508,16.920000076293945,16.809999465942383,16.81999969482422,409679,0.0,0.0
2023-10-10 09:30:00-04:00,16.950000762939453,17.389999389648438,16.950000762939453,17.34000015258789,619972,0.0,0.0
2023-10-10 10:30:00-04:00,17.360000610351562,17.395000457763672,17.125,17.167200088500977,392984,0.0,0.0
2023-10-10 11:30:00-04:00,17.165000915527344,17.209999084472656,17.024999618530273,17.06999969482422,398691,0.0,0.0
2023-10-10 12:30:00-04:00,17.079999923706055,17.170000076293945,16.93000030517578,17.03499984741211,700227,0.0,0.0
2023-10-10 13:30:00-04:00,17.03499984741211,17.149999618530273,17.020000457763672,17.049999237060547,678251,0.0,0.0
2023-10-10 14:30:00-04:00,17.05500030517578,17.165000915527344,17.040000915527344,17.05500030517578,499564,0.0,0.0
2023-10-10 15:30:00-04:00,17.05500030517578,17.110000610351562,17.014999389648438,17.049999237060547,786865,0.0,0.0
2023-10-11 09:30:00-04:00,17.200000762939453,17.559999465942383,17.170000076293945,17.299999237060547,729866,0.0,0.0
2023-10-11 10:30:00-04:00,17.295000076293945,17.43000030517578,17.204999923706055,17.28499984741211,387732,0.0,0.0
2023-10-11 11:30:00-04:00,17.28070068359375,17.309999465942383,17.15999984741211,17.18000030517578,255140,0.0,0.0
2023-10-11 12:30:00-04:00,17.190000534057617,17.274999618530273,17.110700607299805,17.204999923706055,296906,0.0,0.0
2023-10-11 13:30:00-04:00,17.200899124145508,17.3700008392334,17.145000457763672,17.315000534057617,366329,0.0,0.0
2023-10-11 14:30:00-04:00,17.309999465942383,17.43000030517578,17.295000076293945,17.43000030517578,362172,0.0,0.0
2023-10-11 15:30:00-04:00,17.421199798583984,17.421199798583984,17.270000457763672,17.290000915527344,491676,0.0,0.0
2023-10-12 09:30:00-04:00,17.34000015258789,17.360000610351562,16.8700008392334,17.05500030517578,780869,0.0,0.0
2023-10-12 10:30:00-04:00,17.059900283813477,17.219999313354492,17.049999237060547,17.079999923706055,439249,0.0,0.0
2023-10-12 11:30:00-04:00,17.09000015258789,17.1200008392334,17.03499984741211,17.09000015258789,392027,0.0,0.0
2023-10-12 12:30:00-04:00,17.100000381469727,17.139999389648438,16.799999237060547,16.80299949645996,236389,0.0,0.0
2023-10-12 13:30:00-04:00,16.799999237060547,16.84000015258789,16.469999313354492,16.53499984741211,377864,0.0,0.0
2023-10-12 14:30:00-04:00,16.53499984741211,16.899999618530273,16.53499984741211,16.84000015258789,559564,0.0,0.0
2023-10-12 15:30:00-04:00,16.844999313354492,16.90999984741211,16.829999923706055,16.84000015258789,521929,0.0,0.0
2023-10-13 09:30:00-04:00,16.760000228881836,16.829999923706055,16.530000686645508,16.735000610351562,541823,0.0,0.0
2023-10-13 10:30:00-04:00,16.735000610351562,16.7549991607666,16.479999542236328,16.510000228881836,642334,0.0,0.0
2023-10-13 11:30:00-04:00,16.510000228881836,16.559900283813477,16.450000762939453,16.53499984741211,462445,0.0,0.0
2023-10-13 12:30:00-04:00,16.540000915527344,16.59000015258789,16.32080078125,16.325000762939453,292036,0.0,0.0
2023-10-13 13:30:00-04:00,16.31999969482422,16.3799991607666,16.235000610351562,16.260000228881836,277641,0.0,0.0
2023-10-13 14:30:00-04:00,16.264999389648438,16.450000762939453,16.239999771118164,16.3799991607666,889533,0.0,0.0
2023-10-13 15:30:00-04:00,16.3799991607666,16.530000686645508,16.37700080871582,16.510000228881836,1103848,0.0,0.0
2023-10-16 09:30:00-04:00,16.600000381469727,17.09000015258789,16.540000915527344,17.075000762939453,912701,0.0,0.0
2023-10-16 10:30:00-04:00,17.079999923706055,17.15999984741211,16.895000457763672,17.030000686645508,676490,0.0,0.0
2023-10-16 11:30:00-04:00,17.030000686645508,17.280000686645508,17.024999618530273,17.19499969482422,661831,0.0,0.0
2023-10-16 12:30:00-04:00,17.1968994140625,17.280000686645508,17.114999771118164,17.19499969482422,410457,0.0,0.0
2023-10-16 13:30:00-04:00,17.1919002532959,17.3700008392334,17.190000534057617,17.32029914855957,322808,0.0,0.0
2023-10-16 14:30:00-04:00,17.31999969482422,17.434999465942383,17.315000534057617,17.395000457763672,567093,0.0,0.0
2023-10-16 15:30:00-04:00,17.405000686645508,17.420000076293945,17.31999969482422,17.329999923706055,1276366,0.0,0.0
2023-10-17 09:30:00-04:00,17.100000381469727,17.65999984741211,17.020000457763672,17.459999084472656,882320,0.0,0.0
2023-10-17 10:30:00-04:00,17.469999313354492,17.93000030517578,17.459999084472656,17.774999618530273,996201,0.0,0.0
2023-10-17 11:30:00-04:00,17.774999618530273,17.780000686645508,17.56999969482422,17.690000534057617,949303,0.0,0.0
2023-10-17 12:30:00-04:00,17.69499969482422,17.809999465942383,17.59000015258789,17.799999237060547,417654,0.0,0.0
2023-10-17 13:30:00-04:00,17.795000076293945,17.799999237060547,17.530000686645508,17.639999389648438,792545,0.0,0.0
2023-10-17 14:30:00-04:00,17.639999389648438,17.729900360107422,17.545000076293945,17.575000762939453,896687,0.0,0.0
2023-10-17 15:30:00-04:00,17.575000762939453,17.610000610351562,17.459999084472656,17.545000076293945,1183087,0.0,0.0
2023-10-18 09:30:00-04:00,17.43000030517578,17.600000381469727,17.280000686645508,17.329999923706055,629289,0.0,0.0
2023-10-18 10:30:00-04:00,17.31999969482422,17.34000015258789,17.0,17.104999542236328,840936,0.0,0.0
2023-10-18 11:30:00-04:00,17.104999542236328,17.15999984741211,17.020000457763672,17.065000534057617,518495,0.0,0.0
2023-10-18 12:30:00-04:00,17.059999465942383,17.09000015258789,16.934999465942383,17.0,474169,0.0,0.0
2023-10-18 13:30:00-04:00,17.0,17.049999237060547,16.850000381469727,16.895000457763672,738519,0.0,0.0
2023-10-18 14:30:00-04:00,16.889999389648438,16.920000076293945,16.80500030517578,16.844999313354492,298579,0.0,0.0
2023-10-18 15:30:00-04:00,16.850000381469727,16.920000076293945,16.84000015258789,16.8700008392334,738983,0.0,0.0
2023-10-19 09:30:00-04:00,17.020000457763672,17.155000686645508,16.889999389648438,16.899999618530273,580707,0.0,0.0
2023-10-19 10:30:00-04:00,16.895000457763672,16.989999771118164,16.75,16.844999313354492,542836,0.0,0.0
2023-10-19 11:30:00-04:00,16.844999313354492,17.069599151611328,16.809999465942383,17.024999618530273,343208,0.0,0.0
2023-10-19 12:30:00-04:00,17.020000457763672,17.020000457763672,16.795000076293945,16.969999313354492,233254,0.0,0.0
2023-10-19 13:30:00-04:00,16.93000030517578,16.93000030517578,16.729999542236328,16.815000534057617,266981,0.0,0.0
2023-10-19 14:30:00-04:00,16.809999465942383,16.809999465942383,16.6299991607666,16.684999465942383,372218,0.0,0.0
2023-10-19 15:30:00-04:00,16.684999465942383,16.760000228881836,16.6299991607666,16.655000686645508,607435,0.0,0.0
2023-10-20 09:30:00-04:00,16.579999923706055,16.59000015258789,15.90999984741211,15.930000305175781,811386,0.0,0.0
2023-10-20 10:30:00-04:00,15.918000221252441,15.970000267028809,15.649999618530273,15.819999694824219,1196058,0.0,0.0
2023-10-20 11:30:00-04:00,15.8100004196167,16.135000228881836,15.800000190734863,16.094999313354492,643570,0.0,0.0
2023-10-20 12:30:00-04:00,16.094999313354492,16.3799991607666,16.09000015258789,16.31999969482422,282271,0.0,0.0
2023-10-20 13:30:00-04:00,16.329999923706055,16.354999542236328,16.18000030517578,16.184999465942383,339326,0.0,0.0
2023-10-20 14:30:00-04:00,16.184999465942383,16.2450008392334,16.059999465942383,16.079999923706055,467942,0.0,0.0
2023-10-20 15:30:00-04:00,16.09000015258789,16.117700576782227,15.979999542236328,15.979999542236328,928571,0.0,0.0
2023-10-23 09:30:00-04:00,15.729999542236328,15.960000038146973,15.390000343322754,15.9350004196167,821244,0.0,0.0
2023-10-23 10:30:00-04:00,15.930000305175781,16.030000686645508,15.8100004196167,16.014999389648438,320639,0.0,0.0
2023-10-23 11:30:00-04:00,16.020000457763672,16.030000686645508,15.904999732971191,16.020000457763672,236480,0.0,0.0
2023-10-23 12:30:00-04:00,16.020000457763672,16.139999389648438,15.979999542236328,15.987899780273438,268075,0.0,0.0
2023-10-23 13:30:00-04:00,15.979999542236328,16.06999969482422,15.960000038146973,16.014999389648438,191748,0.0,0.0
2023-10-23 14:30:00-04:00,16.010000228881836,16.05500030517578,15.9399995803833,16.020000457763672,279384,0.0,0.0
2023-10-23 15:30:00-04:00,16.010000228881836,16.079999923706055,15.979999542236328,16.03499984741211,514080,0.0,0.0
2023-10-24 09:30:00-04:00,16.25,16.780000686645508,16.25,16.760000228881836,840469,0.0,0.0
2023-10-24 10:30:00-04:00,16.780000686645508,16.829999923706055,16.239999771118164,16.25,689850,0.0,0.0
2023-10-24 11:30:00-04:00,16.25,16.270000457763672,16.059999465942383,16.059999465942383,416380,0.0,0.0
2023-10-24 12:30:00-04:00,16.060199737548828,16.25,16.020000457763672,16.21500015258789,393381,0.0,0.0
2023-10-24 13:30:00-04:00,16.219999313354492,16.2549991607666,16.079999923706055,16.155000686645508,306284,0.0,0.0
2023-10-24 14:30:00-04:00,16.15999984741211,16.34000015258789,16.155000686645508,16.325000762939453,366742,0.0,0.0
2023-10-24 15:30:00-04:00,16.325000762939453,16.34000015258789,16.280000686645508,16.295000076293945,511753,0.0,0.0
2023-10-25 09:30:00-04:00,16.1200008392334,16.260000228881836,15.875,15.890000343322754,331755,0.0,0.0
2023-10-25 10:30:00-04:00,15.889900207519531,16.020000457763672,15.829999923706055,15.880000114440918,351378,0.0,0.0
2023-10-25 11:30:00-04:00,15.880000114440918,15.899999618530273,15.609999656677246,15.630000114440918,414386,0.0,0.0
2023-10-25 12:30:00-04:00,15.630000114440918,15.670000076293945,15.444999694824219,15.46500015258789,447960,0.0,0.0
2023-10-25 13:30:00-04:00,15.460000038146973,15.5,15.3149995803833,15.414999961853027,379411,0.0,0.0
2023-10-25 14:30:00-04:00,15.414999961853027,15.449999809265137,15.359999656677246,15.449999809265137,323479,0.0,0.0
2023-10-25 15:30:00-04:00,15.449999809265137,15.46500015258789,15.399999618530273,15.40999984741211,635387,0.0,0.0
2023-10-26 09:30:00-04:00,15.390000343322754,15.649999618530273,15.230199813842773,15.420000076293945,573523,0.0,0.0
2023-10-26 10:30:00-04:00,15.420000076293945,15.600000381469727,15.335000038146973,15.390000343322754,347916,0.0,0.0
2023-10-26 11:30:00-04:00,15.380000114440918,15.475000381469727,15.210000038146973,15.270000457763672,306609,0.0,0.0
2023-10-26 12:30:00-04:00,15.270000457763672,15.319999694824219,15.164999961853027,15.204999923706055,220818,0.0,0.0
2023-10-26 13:30:00-04:00,15.204999923706055,15.369999885559082,15.175000190734863,15.329999923706055,258743,0.0,0.0
2023-10-26 14:30:00-04:00,15.335000038146973,15.479999542236328,15.3149995803833,15.395000457763672,337159,0.0,0.0
2023-10-26 15:30:00-04:00,15.390000343322754,15.390000343322754,15.274999618530273,15.319999694824219,512557,0.0,0.0
2023-10-27 09:30:00-04:00,15.65999984741211,15.778599739074707,15.4399995803833,15.550000190734863,486815,0.0,0.0
2023-10-27 10:30:00-04:00,15.550000190734863,15.640000343322754,15.444999694824219,15.579999923706055,307492,0.0,0.0
2023-10-27 11:30:00-04:00,15.569999694824219,15.574999809265137,15.449999809265137,15.484999656677246,148160,0.0,0.0
2023-10-27 12:30:00-04:00,15.484999656677246,15.529999732971191,15.369999885559082,15.395000457763672,334196,0.0,0.0
2023-10-27 13:30:00-04:00,15.390000343322754,15.489999771118164,15.375,15.4350004196167,200865,0.0,0.0
2023-10-27 14:30:00-04:00,15.4350004196167,15.529999732971191,15.4350004196167,15.442500114440918,255123,0.0,0.0
2023-10-27 15:30:00-04:00,15.444999694824219,15.444999694824219,15.279999732971191,15.3100004196167,539417,0.0,0.0
2023-10-30 09:30:00-04:00,15.59000015258789,15.609999656677246,15.0600004196167,15.104999542236328,636405,0.0,0.0
2023-10-30 10:30:00-04:00,15.109000205993652,15.330100059509277,15.074299812316895,15.255000114440918,498611,0.0,0.0
2023-10-30 11:30:00-04:00,15.260000228881836,15.354999542236328,15.246700286865234,15.350000381469727,333380,0.0,0.0
2023-10-30 12:30:00-04:00,15.345000267028809,15.354999542236328,15.109999656677246,15.225000381469727,392236,0.0,0.0
2023-10-30 13:30:00-04:00,15.239999771118164,15.34000015258789,15.182600021362305,15.295000076293945,282924,0.0,0.0
2023-10-30 14:30:00-04:00,15.300000190734863,15.454999923706055,15.300000190734863,15.399999618530273,317220,0.0,0.0
2023-10-30 15:30:00-04:00,15.399999618530273,15.40999984741211,15.300000190734863,15.3149995803833,363431,0.0,0.0
2023-10-31 09:30:00-04:00,15.359999656677246,15.59000015258789,15.229999542236328,15.5600004196167,584026,0.0,0.0
2023-10-31 10:30:00-04:00,15.568900108337402,15.824999809265137,15.510000228881836,15.720000267028809,413504,0.0,0.0
2023-10-31 11:30:00-04:00,15.710000038146973,15.829999923706055,15.65999984741211,15.765000343322754,304460,0.0,0.0
2023-10-31 12:30:00-04:00,15.760899543762207,15.859999656677246,15.670000076293945,15.734999656677246,329924,0.0,0.0
2023-10-31 13:30:00-04:00,15.734999656677246,15.84000015258789,15.701000213623047,15.720999717712402,280142,0.0,0.0
2023-10-31 14:30:00-04:00,15.720000267028809,15.835000038146973,15.6899995803833,15.694999694824219,312751,0.0,0.0
2023-10-31 15:30:00-04:00,15.6899995803833,15.694999694824219,15.609999656677246,15.619999885559082,672055,0.0,0.0
2023-11-01 09:30:00-04:00,15.680000305175781,15.829999923706055,15.470000267028809,15.595000267028809,404050,0.0,0.0
2023-11-01 10:30:00-04:00,15.600000381469727,15.800000190734863,15.550000190734863,15.625,606786,0.0,0.0
2023-11-01 11:30:00-04:00,15.630000114440918,15.664999961853027,15.479999542236328,15.604999542236328,409941,0.0,0.0
2023-11-01 12:30:00-04:00,15.609999656677246,15.649999618530273,15.460000038146973,15.515000343322754,405173,0.0,0.0
2023-11-01 13:30:00-04:00,15.510000228881836,15.555000305175781,15.335000038146973,15.395000457763672,306320,0.0,0.0
2023-11-01 14:30:00-04:00,15.399999618530273,15.529999732971191,15.140000343322754,15.524999618530273,915158,0.0,0.0
2023-11-01 15:30:00-04:00,15.524999618530273,15.600000381469727,15.511500358581543,15.5600004196167,565840,0.0,0.0
2023-11-02 09:30:00-04:00,16.06999969482422,16.15999984741211,15.765000343322754,15.779999732971191,844097,0.0,0.0
2023-11-02 10:30:00-04:00,15.779999732971191,15.789999961853027,15.604999542236328,15.614999771118164,885120,0.0,0.0
2023-11-02 11:30:00-04:00,15.609999656677246,15.654999732971191,15.380000114440918,15.425000190734863,955123,0.0,0.0
2023-11-02 12:30:00-04:00,15.425000190734863,15.518600463867188,15.350000381469727,15.399999618530273,915674,0.0,0.0
2023-11-02 13:30:00-04:00,15.395000457763672,15.407500267028809,15.300000190734863,15.324999809265137,930525,0.0,0.0
2023-11-02 14:30:00-04:00,15.324999809265137,15.329999923706055,15.130000114440918,15.225000381469727,1271738,0.0,0.0
2023-11-02 15:30:00-04:00,15.220000267028809,15.25,15.149999618530273,15.149999618530273,1211150,0.0,0.0
2023-11-03 09:30:00-04:00,15.210000038146973,15.645000457763672,15.210000038146973,15.515000343322754,1204012,0.0,0.0
2023-11-03 10:30:00-04:00,15.515000343322754,15.800000190734863,15.470000267028809,15.760000228881836,665481,0.0,0.0
2023-11-03 11:30:00-04:00,15.755000114440918,15.989999771118164,15.755000114440918,15.98009967803955,530268,0.0,0.0
2023-11-03 12:30:00-04:00,15.984999656677246,16.389999389648438,15.960000038146973,16.353900909423828,972590,0.0,0.0
2023-11-03 13:30:00-04:00,16.354999542236328,16.4950008392334,16.260000228881836,16.274999618530273,583373,0.0,0.0
2023-11-03 14:30:00-04:00,16.275299072265625,16.395000457763672,16.219999313354492,16.260000228881836,418252,0.0,0.0
2023-11-03 15:30:00-04:00,16.264999389648438,16.274999618530273,16.084999084472656,16.110000610351562,978319,0.0,0.0
2023-11-06 09:30:00-05:00,16.190000534057617,16.399999618530273,15.470000267028809,15.473199844360352,1341183,0.0,0.0
2023-11-06 10:30:00-05:00,15.479999542236328,15.789999961853027,15.449999809265137,15.579999923706055,784570,0.0,0.0
2023-11-06 11:30:00-05:00,15.574999809265137,15.649999618530273,15.5,15.574999809265137,447966,0.0,0.0
2023-11-06 12:30:00-05:00,15.569999694824219,15.595000267028809,15.324999809265137,15.359999656677246,306163,0.0,0.0
2023-11-06 13:30:00-05:00,15.359999656677246,15.520000457763672,15.350000381469727,15.505000114440918,305993,0.0,0.0
2023-11-06 14:30:00-05:00,15.5,15.53499984741211,15.40999984741211,15.454999923706055,384040,0.0,0.0
2023-11-06 15:30:00-05:00,15.449999809265137,15.529999732971191,15.420000076293945,15.479999542236328,738058,0.0,0.0
2023-11-07 09:30:00-05:00,15.880000114440918,16.3700008392334,15.619999885559082,16.28499984741211,942451,0.0,0.0
2023-11-07 10:30:00-05:00,16.280000686645508,16.579999923706055,16.209999084472656,16.229999542236328,670946,0.0,0.0
2023-11-07 11:30:00-05:00,16.239999771118164,16.280000686645508,15.824999809265137,15.84749984741211,832307,0.0,0.0
2023-11-07 12:30:00-05:00,15.845000267028809,15.899999618530273,15.649999618530273,15.859999656677246,732523,0.0,0.0
2023-11-07 13:30:00-05:00,15.850000381469727,16.049999237060547,15.84000015258789,15.925000190734863,566073,0.0,0.0
2023-11-07 14:30:00-05:00,15.925000190734863,16.059999465942383,15.859999656677246,15.920000076293945,450759,0.0,0.0
2023-11-07 15:30:00-05:00,15.925000190734863,15.960000038146973,15.869999885559082,15.9399995803833,701041,0.0,0.0
2023-11-08 09:30:00-05:00,15.949999809265137,16.1299991607666,15.734999656677246,15.739999771118164,681936,0.0,0.0
2023-11-08 10:30:00-05:00,15.74120044708252,15.920000076293945,15.725000381469727,15.789999961853027,769925,0.0,0.0
2023-11-08 11:30:00-05:00,15.800000190734863,15.859999656677246,15.6899995803833,15.710000038146973,455398,0.0,0.0
2023-11-08 12:30:00-05:00,15.710000038146973,15.878600120544434,15.670000076293945,15.819999694824219,370870,0.0,0.0
2023-11-08 13:30:00-05:00,15.819999694824219,15.819999694824219,15.720000267028809,15.725000381469727,226091,0.0,0.0
2023-11-08 14:30:00-05:00,15.725000381469727,15.739999771118164,15.619999885559082,15.625,322807,0.0,0.0
2023-11-08 15:30:00-05:00,15.625,15.65999984741211,15.569999694824219,15.640000343322754,586048,0.0,0.0
2023-11-09 09:30:00-05:00,15.770000457763672,15.804200172424316,15.425000190734863,15.5600004196167,461437,0.0,0.0
2023-11-09 10:30:00-05:00,15.55150032043457,15.7878999710083,15.510000228881836,15.729999542236328,330390,0.0,0.0
2023-11-09 11:30:00-05:00,15.729999542236328,15.800000190734863,15.555000305175781,15.5600004196167,153829,0.0,0.0
2023-11-09 12:30:00-05:00,15.555000305175781,15.65999984741211,15.479999542236328,15.614999771118164,313642,0.0,0.0
2023-11-09 13:30:00-05:00,15.609999656677246,15.670000076293945,15.4399995803833,15.505000114440918,427649,0.0,0.0
2023-11-09 14:30:00-05:00,15.510000228881836,15.539999961853027,15.329999923706055,15.359999656677246,382471,0.0,0.0
2023-11-09 15:30:00-05:00,15.364999771118164,15.380000114440918,15.265000343322754,15.300000190734863,529733,0.0,0.0
2023-11-10 09:30:00-05:00,15.1899995803833,15.4399995803833,15.119999885559082,15.20989990234375,524547,0.0,0.0
2023-11-10 10:30:00-05:00,15.21500015258789,15.5600004196167,15.145000457763672,15.447799682617188,467100,0.0,0.0
2023-11-10 11:30:00-05:00,15.449999809265137,15.520000457763672,15.3149995803833,15.449999809265137,359749,0.0,0.0
2023-11-10 12:30:00-05:00,15.4399995803833,15.520099639892578,15.390000343322754,15.505000114440918,295415,0.0,0.0
2023-11-10 13:30:00-05:00,15.505000114440918,15.699999809265137,15.505000114440918,15.649999618530273,546528,0.0,0.0
2023-11-10 14:30:00-05:00,15.645000457763672,15.680000305175781,15.593099594116211,15.670000076293945,421093,0.0,0.0
2023-11-10 15:30:00-05:00,15.670000076293945,15.6899995803833,15.59000015258789,15.6899995803833,404238,0.0,0.0
2023-11-13 09:30:00-05:00,15.680000305175781,15.800000190734863,15.5,15.720000267028809,282167,0.0,0.0
2023-11-13 10:30:00-05:00,15.725000381469727,15.970000267028809,15.720000267028809,15.864999771118164,335645,0.0,0.0
2023-11-13 11:30:00-05:00,15.859999656677246,15.925000190734863,15.800000190734863,15.869999885559082,398257,0.0,0.0
2023-11-13 12:30:00-05:00,15.864999771118164,15.994999885559082,15.850000381469727,15.9399995803833,581916,0.0,0.0
2023-11-13 13:30:00-05:00,15.930000305175781,16.020000457763672,15.920000076293945,15.994999885559082,299925,0.0,0.0
2023-11-13 14:30:00-05:00,16.0,16.049999237060547,15.970000267028809,16.000999450683594,270605,0.0,0.0
2023-11-13 15:30:00-05:00,16.00029945373535,16.049999237060547,15.960000038146973,16.049999237060547,568555,0.0,0.0
2023-11-14 09:30:00-05:00,16.75,16.90999984741211,16.639999389648438,16.770000457763672,1127462,0.0,0.0
2023-11-14 10:30:00-05:00,16.774999618530273,17.014999389648438,16.75,16.924999237060547,913596,0.0,0.0
2023-11-14 11:30:00-05:00,16.920000076293945,17.010000228881836,16.81999969482422,16.990100860595703,423968,0.0,0.0
2023-11-14 12:30:00-05:00,17.0,17.1200008392334,17.0,17.0,452092,0.0,0.0
2023-11-14 13:30:00-05:00,17.0,17.065000534057617,16.8700008392334,17.040000915527344,731057,0.0,0.0
2023-11-14 14:30:00-05:00,17.04159927368164,17.200000762939453,17.030000686645508,17.19499969482422,690770,0.0,0.0
2023-11-14 15:30:00-05:00,17.190000534057617,17.219999313354492,17.09000015258789,17.1299991607666,1238702,0.0,0.0
2023-11-15 09:30:00-05:00,17.280000686645508,17.559999465942383,17.100000381469727,17.469999313354492,677296,0.0,0.0
2023-11-15 10:30:00-05:00,17.469999313354492,17.889999389648438,17.399999618530273,17.489999771118164,1364452,0.0,0.0
2023-11-15 11:30:00-05:00,17.4950008392334,17.498300552368164,17.209999084472656,17.350000381469727,564211,0.0,0.0
2023-11-15 12:30:00-05:00,17.354999542236328,17.360000610351562,17.03499984741211,17.148500442504883,373969,0.0,0.0
2023-11-15 13:30:00-05:00,17.14929962158203,17.288000106811523,17.100000381469727,17.190000534057617,408789,0.0,0.0
2023-11-15 14:30:00-05:00,17.19930076599121,17.299999237060547,17.18000030517578,17.225000381469727,354353,0.0,0.0
2023-11-15 15:30:00-05:00,17.225000381469727,17.34000015258789,17.219999313354492,17.334999084472656,761871,0.0,0.0
2023-11-16 09:30:00-05:00,16.709999084472656,16.985000610351562,16.53569984436035,16.860000610351562,854606,0.0,0.0
2023-11-16 10:30:00-05:00,16.860000610351562,16.924999237060547,16.40999984741211,16.600000381469727,986573,0.0,0.0
2023-11-16 11:30:00-05:00,16.600000381469727,16.809999465942383,16.56999969482422,16.809999465942383,477588,0.0,0.0
2023-11-16 12:30:00-05:00,16.809999465942383,16.950000762939453,16.790000915527344,16.860000610351562,457482,0.0,0.0
2023-11-16 13:30:00-05:00,16.864999771118164,16.950000762939453,16.71139907836914,16.735000610351562,468722,0.0,0.0
2023-11-16 14:30:00-05:00,16.735000610351562,16.950000762939453,16.735000610351562,16.905000686645508,537264,0.0,0.0
2023-11-16 15:30:00-05:00,16.899999618530273,16.899999618530273,16.75,16.829999923706055,944779,0.0,0.0
2023-11-17 09:30:00-05:00,16.899999618530273,17.139999389648438,16.760000228881836,17.125,396599,0.0,0.0
2023-11-17 10:30:00-05:00,17.125,17.209999084472656,16.93000030517578,16.96500015258789,551472,0.0,0.0
2023-11-17 11:30:00-05:00,16.96500015258789,17.1299991607666,16.924999237060547,17.075000762939453,233623,0.0,0.0
2023-11-17 12:30:00-05:00,17.079999923706055,17.170000076293945,17.059999465942383,17.125,417693,0.0,0.0
2023-11-17 13:30:00-05:00,17.1299991607666,17.239999771118164,17.1200008392334,17.239999771118164,152827,0.0,0.0
2023-11-17 14:30:00-05:00,17.235000610351562,17.290000915527344,17.180099487304688,17.190000534057617,308362,0.0,0.0
2023-11-17 15:30:00-05:00,17.19499969482422,17.19499969482422,17.06999969482422,17.18000030517578,425837,0.0,0.0
2023-11-20 09:30:00-05:00,17.15999984741211,17.43000030517578,17.15999984741211,17.339500427246094,440138,0.0,0.0
2023-11-20 10:30:00-05:00,17.34000015258789,17.649999618530273,17.280000686645508,17.510000228881836,538514,0.0,0.0
2023-11-20 11:30:00-05:00,17.510000228881836,17.510000228881836,17.29490089416504,17.325000762939453,483374,0.0,0.0
2023-11-20 12:30:00-05:00,17.31999969482422,17.417499542236328,17.299999237060547,17.40999984741211,293389,0.0,0.0
2023-11-20 13:30:00-05:00,17.40999984741211,17.420000076293945,17.274999618530273,17.30500030517578,487223,0.0,0.0
2023-11-20 14:30:00-05:00,17.30500030517578,17.469999313354492,17.280000686645508,17.3700008392334,370484,0.0,0.0
2023-11-20 15:30:00-05:00,17.360300064086914,17.420000076293945,17.31999969482422,17.420000076293945,614964,0.0,0.0
2023-11-21 09:30:00-05:00,17.18000030517578,17.280000686645508,16.889999389648438,16.899999618530273,483689,0.0,0.0
2023-11-21 10:30:00-05:00,16.88909912109375,17.030000686645508,16.790000915527344,17.000900268554688,364077,0.0,0.0
2023-11-21 11:30:00-05:00,16.989999771118164,17.200000762939453,16.94499969482422,17.170000076293945,586980,0.0,0.0
2023-11-21 12:30:00-05:00,17.18000030517578,17.260000228881836,17.079999923706055,17.260000228881836,621807,0.0,0.0
2023-11-21 13:30:00-05:00,17.260000228881836,17.280000686645508,17.09000015258789,17.231000900268555,416580,0.0,0.0
2023-11-21 14:30:00-05:00,17.23900032043457,17.375,17.204999923706055,17.290000915527344,749165,0.0,0.0
2023-11-21 15:30:00-05:00,17.299999237060547,17.360000610351562,17.260000228881836,17.334999084472656,620883,0.0,0.0
2023-11-22 09:30:00-05:00,17.510000228881836,17.739999771118164,17.219999313354492,17.735000610351562,721248,0.0,0.0
2023-11-22 10:30:00-05:00,17.731000900268555,17.75,17.559999465942383,17.655000686645508,486979,0.0,0.0
2023-11-22 11:30:00-05:00,17.65999984741211,17.739999771118164,17.610000610351562,17.64419937133789,513074,0.0,0.0
2023-11-22 12:30:00-05:00,17.649999618530273,17.704999923706055,17.584999084472656,17.700000762939453,336160,0.0,0.0
2023-11-22 13:30:00-05:00,17.700000762939453,17.739999771118164,17.62019920349121,17.639999389648438,289374,0.0,0.0
2023-11-22 14:30:00-05:00,17.639999389648438,17.639999389648438,17.479999542236328,17.53260040283203,401673,0.0,0.0
2023-11-22 15:30:00-05:00,17.540000915527344,17.549999237060547,17.3799991607666,17.489999771118164,582650,0.0,0.0
2023-11-24 09:30:00-05:00,17.479999542236328,17.774999618530273,17.40999984741211,17.75,324739,0.0,0.0
2023-11-24 10:30:00-05:00,17.7549991607666,17.8700008392334,17.670000076293945,17.81999969482422,458794,0.0,0.0
2023-11-24 11:30:00-05:00,17.81999969482422,17.940000534057617,17.735000610351562,17.78499984741211,754723,0.0,0.0
2023-11-27 09:30:00-05:00,17.739999771118164,17.875,17.639999389648438,17.825000762939453,541602,0.0,0.0
2023-11-27 10:30:00-05:00,17.825000762939453,17.895000457763672,17.729999542236328,17.75,499928,0.0,0.0
2023-11-27 11:30:00-05:00,17.7450008392334,17.854999542236328,17.670000076293945,17.824399948120117,426845,0.0,0.0
2023-11-27 12:30:00-05:00,17.829999923706055,17.864999771118164,17.739999771118164,17.780000686645508,587565,0.0,0.0
2023-11-27 13:30:00-05:00,17.790000915527344,17.825000762939453,17.69499969482422,17.7450008392334,572855,0.0,0.0
2023-11-27 14:30:00-05:00,17.740299224853516,17.885000228881836,17.719999313354492,17.871999740600586,379361,0.0,0.0
2023-11-27 15:30:00-05:00,17.8700008392334,17.889999389648438,17.760000228881836,17.770000457763672,434558,0.0,0.0
2023-11-28 09:30:00-05:00,17.6299991607666,17.700000762939453,17.06999969482422,17.28499984741211,855850,0.0,0.0
2023-11-28 10:30:00-05:00,17.280000686645508,17.549999237060547,17.263099670410156,17.510000228881836,441744,0.0,0.0
2023-11-28 11:30:00-05:00,17.514999389648438,17.73979949951172,17.514999389648438,17.704999923706055,404085,0.0,0.0
2023-11-28 12:30:00-05:00,17.700000762939453,17.84000015258789,17.56999969482422,17.594999313354492,612930,0.0,0.0
2023-11-28 13:30:00-05:00,17.59000015258789,17.68000030517578,17.545000076293945,17.665000915527344,318921,0.0,0.0
2023-11-28 14:30:00-05:00,17.665000915527344,17.760000228881836,17.65999984741211,17.733200073242188,376004,0.0,0.0
2023-11-28 15:30:00-05:00,17.735000610351562,17.780000686645508,17.709999084472656,17.75,425402,0.0,0.0
2023-11-29 09:30:00-05:00,17.889999389648438,18.789899826049805,17.889999389648438,18.6200008392334,1830444,0.0,0.0
2023-11-29 10:30:00-05:00,18.6200008392334,18.940000534057617,18.5,18.63010025024414,1103360,0.0,0.0
2023-11-29 11:30:00-05:00,18.639999389648438,18.950000762939453,18.600000381469727,18.940099716186523,660288,0.0,0.0
2023-11-29 12:30:00-05:00,18.949899673461914,19.049999237060547,18.8700008392334,19.040000915527344,808474,0.0,0.0
2023-11-29 13:30:00-05:00,19.040000915527344,19.196699142456055,19.014999389648438,19.110000610351562,577840,0.0,0.0
2023-11-29 14:30:00-05:00,19.110000610351562,19.204999923706055,18.895000457763672,18.94499969482422,613952,0.0,0.0
2023-11-29 15:30:00-05:00,18.950000762939453,19.100000381469727,18.860000610351562,19.100000381469727,1324033,0.0,0.0
2023-11-30 09:30:00-05:00,19.18000030517578,19.290000915527344,18.760000228881836,18.889999389648438,826799,0.0,0.0
2023-11-30 10:30:00-05:00,18.885000228881836,18.90999984741211,18.549999237060547,18.780000686645508,612599,0.0,0.0
2023-11-30 11:30:00-05:00,18.780000686645508,18.8700008392334,18.610000610351562,18.670000076293945,301140,0.0,0.0
2023-11-30 12:30:00-05:00,18.674999237060547,18.860000610351562,18.645000457763672,18.780000686645508,285070,0.0,0.0
2023-11-30 13:30:00-05:00,18.783599853515625,18.854999542236328,18.715700149536133,18.770000457763672,269987,0.0,0.0
2023-11-30 14:30:00-05:00,18.774999618530273,18.920000076293945,18.760000228881836,18.829999923706055,269280,0.0,0.0
2023-11-30 15:30:00-05:00,18.829999923706055,19.15999984741211,18.825000762939453,19.06999969482422,1001255,0.0,0.0
2023-12-01 09:30:00-05:00,18.969999313354492,19.520000457763672,18.969999313354492,19.360000610351562,1247160,0.0,0.0
2023-12-01 10:30:00-05:00,19.360000610351562,19.625,19.31999969482422,19.6200008392334,724987,0.0,0.0
2023-12-01 11:30:00-05:00,19.625,19.780000686645508,19.53499984741211,19.764999389648438,700835,0.0,0.0
2023-12-01 12:30:00-05:00,19.764999389648438,19.850000381469727,19.674999237060547,19.690000534057617,643347,0.0,0.0
2023-12-01 13:30:00-05:00,19.690000534057617,19.795000076293945,19.559900283813477,19.774999618530273,709023,0.0,0.0
2023-12-01 14:30:00-05:00,19.770000457763672,19.829999923706055,19.680400848388672,19.78499984741211,833854,0.0,0.0
2023-12-01 15:30:00-05:00,19.780000686645508,19.829999923706055,19.670000076293945,19.829999923706055,1113487,0.0,0.0
2023-12-04 09:30:00-05:00,19.6299991607666,19.850000381469727,19.53499984741211,19.55500030517578,2456267,0.0,0.0
2023-12-04 10:30:00-05:00,19.549999237060547,19.75,19.408700942993164,19.700000762939453,1648998,0.0,0.0
2023-12-04 11:30:00-05:00,19.69499969482422,19.979999542236328,19.6299991607666,19.96500015258789,1453420,0.0,0.0
2023-12-04 12:30:00-05:00,19.96500015258789,20.1299991607666,19.920000076293945,20.03499984741211,1103747,0.0,0.0
2023-12-04 13:30:00-05:00,20.030000686645508,20.094999313354492,19.844999313354492,20.014999389648438,1092275,0.0,0.0
2023-12-04 14:30:00-05:00,20.020000457763672,20.18000030517578,20.010000228881836,20.159000396728516,846878,0.0,0.0
2023-12-04 15:30:00-05:00,20.155000686645508,20.2450008392334,20.155000686645508,20.239999771118164,1265551,0.0,0.0
2023-12-05 09:30:00-05:00,20.399999618530273,20.43000030517578,19.649999618530273,19.989999771118164,1917260,0.0,0.0
2023-12-05 10:30:00-05:00,19.989999771118164,20.084999084472656,19.84000015258789,19.895000457763672,1156045,0.0,0.0
2023-12-05 11:30:00-05:00,19.895000457763672,19.96500015258789,19.75,19.899999618530273,712696,0.0,0.0
2023-12-05 12:30:00-05:00,19.899999618530273,19.94499969482422,19.7549991607666,19.844999313354492,1231556,0.0,0.0
2023-12-05 13:30:00-05:00,19.844999313354492,19.96929931640625,19.790000915527344,19.924999237060547,1305752,0.0,0.0
2023-12-05 14:30:00-05:00,19.93000030517578,19.934999465942383,19.770000457763672,19.84000015258789,1524789,0.0,0.0
2023-12-05 15:30:00-05:00,19.84000015258789,20.03499984741211,19.809999465942383,20.014999389648438,2137106,0.0,0.0
2023-12-06 09:30:00-05:00,22.8799991607666,24.389999389648438,22.299999237060547,23.770000457763672,11879026,0.0,0.0
2023-12-06 10:30:00-05:00,23.76289939880371,24.299999237060547,23.700000762939453,24.10099983215332,3324393,0.0,0.0
2023-12-06 11:30:00-05:00,24.104999542236328,24.1299991607666,23.559999465942383,23.579999923706055,1977045,0.0,0.0
2023-12-06 12:30:00-05:00,23.579999923706055,23.71500015258789,23.1200008392334,23.23900032043457,1653055,0.0,0.0
2023-12-06 13:30:00-05:00,23.235000610351562,23.440000534057617,23.030000686645508,23.360000610351562,1278357,0.0,0.0
2023-12-06 14:30:00-05:00,23.364999771118164,23.548599243164062,23.09000015258789,23.170000076293945,1769189,0.0,0.0
2023-12-06 15:30:00-05:00,23.172199249267578,23.518800735473633,23.09000015258789,23.329299926757812,3100143,0.0,0.0
2023-12-07 09:30:00-05:00,22.90999984741211,23.0,21.8700008392334,22.764999389648438,4139733,0.0,0.0
2023-12-07 10:30:00-05:00,22.770000457763672,23.0,22.489999771118164,22.90999984741211,1945096,0.0,0.0
2023-12-07 11:30:00-05:00,22.90999984741211,23.040000915527344,22.815000534057617,22.979999542236328,1609706,0.0,0.0
2023-12-07 12:30:00-05:00,22.979799270629883,23.075000762939453,22.92009925842285,23.06730079650879,1086477,0.0,0.0
2023-12-07 13:30:00-05:00,23.065000534057617,23.100000381469727,22.905000686645508,23.0,980206,0.0,0.0
2023-12-07 14:30:00-05:00,22.9950008392334,23.18000030517578,22.96500015258789,23.149999618530273,1178375,0.0,0.0
2023-12-07 15:30:00-05:00,23.155000686645508,23.5,23.125,23.454999923706055,2313245,0.0,0.0
2023-12-08 09:30:00-05:00,22.809999465942383,23.5,22.520000457763672,23.274999618530273,2043818,0.0,0.0
2023-12-08 10:30:00-05:00,23.270000457763672,23.584999084472656,23.190000534057617,23.537500381469727,1000368,0.0,0.0
2023-12-08 11:30:00-05:00,23.540000915527344,23.829999923706055,23.389999389648438,23.829999923706055,1271690,0.0,0.0
2023-12-08 12:30:00-05:00,23.82990074157715,24.0,23.780000686645508,23.90999984741211,973195,0.0,0.0
2023-12-08 13:30:00-05:00,23.90999984741211,24.31999969482422,23.834999084472656,24.31999969482422,1191655,0.0,0.0
2023-12-08 14:30:00-05:00,24.31999969482422,24.549999237060547,24.209999084472656,24.3700008392334,2323315,0.0,0.0
2023-12-08 15:30:00-05:00,24.3700008392334,24.424999237060547,23.985000610351562,24.0,1933365,0.0,0.0
2023-12-11 09:30:00-05:00,24.0,24.340099334716797,23.840099334716797,23.94499969482422,1967362,0.0,0.0
2023-12-11 10:30:00-05:00,23.940000534057617,24.125,23.899999618530273,23.940000534057617,882040,0.0,0.0
2023-12-11 11:30:00-05:00,23.934999465942383,24.889999389648438,23.90999984741211,24.809999465942383,1302347,0.0,0.0
2023-12-11 12:30:00-05:00,24.80500030517578,24.850000381469727,24.40999984741211,24.40999984741211,734325,0.0,0.0
2023-12-11 13:30:00-05:00,24.40999984741211,24.545000076293945,24.375,24.424999237060547,587084,0.0,0.0
2023-12-11 14:30:00-05:00,24.42729949951172,24.440000534057617,24.235000610351562,24.399999618530273,913826,0.0,0.0
2023-12-11 15:30:00-05:00,24.399999618530273,24.579999923706055,24.391000747680664,24.5049991607666,1295095,0.0,0.0
2023-12-12 09:30:00-05:00,24.459999084472656,25.979999542236328,24.079999923706055,25.625,3304222,0.0,0.0
2023-12-12 10:30:00-05:00,25.6200008392334,25.959999084472656,25.43630027770996,25.65999984741211,1345536,0.0,0.0
2023-12-12 11:30:00-05:00,25.670000076293945,25.920000076293945,25.6200008392334,25.653400421142578,812321,0.0,0.0
2023-12-12 12:30:00-05:00,25.649999618530273,25.93000030517578,25.6299991607666,25.69890022277832,769120,0.0,0.0
2023-12-12 13:30:00-05:00,25.690000534057617,26.1200008392334,25.684999465942383,26.014999389648438,979207,0.0,0.0
2023-12-12 14:30:00-05:00,26.010000228881836,26.1200008392334,25.820100784301758,25.854999542236328,1221198,0.0,0.0
2023-12-12 15:30:00-05:00,25.850000381469727,25.850000381469727,25.389999389648438,25.399999618530273,1651370,0.0,0.0
2023-12-13 09:30:00-05:00,25.43000030517578,25.829599380493164,24.780000686645508,24.799999237060547,1504913,0.0,0.0
2023-12-13 10:30:00-05:00,24.795000076293945,25.34000015258789,24.760000228881836,25.190000534057617,758348,0.0,0.0
2023-12-13 11:30:00-05:00,25.190000534057617,25.354999542236328,25.135000228881836,25.225000381469727,514501,0.0,0.0
2023-12-13 12:30:00-05:00,25.219999313354492,25.25,25.135000228881836,25.19499969482422,385852,0.0,0.0
2023-12-13 13:30:00-05:00,25.19499969482422,26.079099655151367,25.174999237060547,25.96500015258789,1063352,0.0,0.0
2023-12-13 14:30:00-05:00,25.96980094909668,26.389999389648438,25.790000915527344,26.030000686645508,1616087,0.0,0.0
2023-12-13 15:30:00-05:00,26.020000457763672,26.15999984741211,25.850000381469727,25.903200149536133,1505251,0.0,0.0
2023-12-14 09:30:00-05:00,26.84000015258789,27.190000534057617,26.600099563598633,26.780000686645508,3724496,0.0,0.0
2023-12-14 10:30:00-05:00,26.774999618530273,26.834999084472656,25.30500030517578,25.40999984741211,1789722,0.0,0.0
2023-12-14 11:30:00-05:00,25.399999618530273,26.0,25.389999389648438,25.796899795532227,669523,0.0,0.0
2023-12-14 12:30:00-05:00,25.799999237060547,25.905000686645508,25.5,25.600000381469727,559788,0.0,0.0
2023-12-14 13:30:00-05:00,25.594999313354492,25.640100479125977,25.399999618530273,25.56999969482422,629052,0.0,0.0
2023-12-14 14:30:00-05:00,25.575000762939453,25.81999969482422,25.510000228881836,25.6200008392334,728958,0.0,0.0
2023-12-14 15:30:00-05:00,25.614999771118164,25.829999923706055,25.579999923706055,25.81999969482422,1654775,0.0,0.0
2023-12-15 09:30:00-05:00,26.239999771118164,26.940000534057617,25.8700008392334,26.93000030517578,2634120,0.0,0.0
2023-12-15 10:30:00-05:00,26.934999465942383,26.954999923706055,26.360000610351562,26.540000915527344,1246073,0.0,0.0
2023-12-15 11:30:00-05:00,26.545000076293945,26.665000915527344,26.149999618530273,26.2549991607666,878438,0.0,0.0
2023-12-15 12:30:00-05:00,26.2450008392334,26.2549991607666,25.969999313354492,26.155000686645508,890924,0.0,0.0
2023-12-15 13:30:00-05:00,26.149999618530273,26.30500030517578,25.940000534057617,26.270000457763672,687953,0.0,0.0
2023-12-15 14:30:00-05:00,26.270000457763672,26.350000381469727,26.170000076293945,26.28499984741211,522216,0.0,0.0
2023-12-15 15:30:00-05:00,26.28499984741211,26.5,26.260000228881836,26.329999923706055,1434147,0.0,0.0
2023-12-18 09:30:00-05:00,26.1200008392334,26.920000076293945,26.100000381469727,26.770000457763672,1333755,0.0,0.0
2023-12-18 10:30:00-05:00,26.770000457763672,26.84000015258789,26.59000015258789,26.704999923706055,697435,0.0,0.0
2023-12-18 11:30:00-05:00,26.704999923706055,27.020000457763672,26.65999984741211,26.954999923706055,647864,0.0,0.0
2023-12-18 12:30:00-05:00,26.95009994506836,27.040000915527344,26.700000762939453,26.85110092163086,724826,0.0,0.0
2023-12-18 13:30:00-05:00,26.860000610351562,26.979999542236328,26.84000015258789,26.895000457763672,524310,0.0,0.0
2023-12-18 14:30:00-05:00,26.897499084472656,26.920000076293945,26.694499969482422,26.790000915527344,563528,0.0,0.0
2023-12-18 15:30:00-05:00,26.795000076293945,26.8799991607666,26.719999313354492,26.729999542236328,945195,0.0,0.0
2023-12-19 09:30:00-05:00,26.81999969482422,27.3700008392334,26.75,27.297500610351562,1406997,0.0,0.0
2023-12-19 10:30:00-05:00,27.295000076293945,27.62969970703125,27.139999389648438,27.575000762939453,917784,0.0,0.0
2023-12-19 11:30:00-05:00,27.569900512695312,27.639999389648438,27.309999465942383,27.489999771118164,660496,0.0,0.0
2023-12-19 12:30:00-05:00,27.485000610351562,27.6200008392334,27.459999084472656,27.584999084472656,609551,0.0,0.0
2023-12-19 13:30:00-05:00,27.584999084472656,27.649999618530273,27.3700008392334,27.424999237060547,694932,0.0,0.0
2023-12-19 14:30:00-05:00,27.43000030517578,27.600000381469727,27.360000610351562,27.434999465942383,783979,0.0,0.0
2023-12-19 15:30:00-05:00,27.440000534057617,27.524999618530273,27.3700008392334,27.4950008392334,983525,0.0,0.0
2023-12-20 09:30:00-05:00,27.25,27.80500030517578,27.25,27.774999618530273,837606,0.0,0.0
2023-12-20 10:30:00-05:00,27.774999618530273,27.860000610351562,27.594999313354492,27.774999618530273,556206,0.0,0.0
2023-12-20 11:30:00-05:00,27.773000717163086,27.790000915527344,27.350000381469727,27.385000228881836,428429,0.0,0.0
2023-12-20 12:30:00-05:00,27.385000228881836,27.399999618530273,27.1299991607666,27.2549991607666,589236,0.0,0.0
2023-12-20 13:30:00-05:00,27.260000228881836,27.489999771118164,27.25790023803711,27.420000076293945,562800,0.0,0.0
2023-12-20 14:30:00-05:00,27.420000076293945,27.421600341796875,26.375,26.3799991607666,1676502,0.0,0.0
2023-12-20 15:30:00-05:00,26.3799991607666,26.639999389648438,26.3700008392334,26.5,1200444,0.0,0.0
2023-12-21 09:30:00-05:00,27.059999465942383,27.258800506591797,26.860000610351562,27.110000610351562,1041055,0.0,0.0
2023-12-21 10:30:00-05:00,27.114999771118164,27.149999618530273,26.790000915527344,26.9950008392334,657528,0.0,0.0
2023-12-21 11:30:00-05:00,26.9950008392334,27.190000534057617,26.975000381469727,27.170000076293945,399307,0.0,0.0
2023-12-21 12:30:00-05:00,27.184999465942383,27.3700008392334,27.174999237060547,27.3700008392334,553647,0.0,0.0
2023-12-21 13:30:00-05:00,27.375,27.395000457763672,27.209999084472656,27.30500030517578,397198,0.0,0.0
2023-12-21 14:30:00-05:00,27.309900283813477,27.520000457763672,27.295000076293945,27.510000228881836,556945,0.0,0.0
2023-12-21 15:30:00-05:00,27.520000457763672,27.56999969482422,27.43000030517578,27.56999969482422,911220,0.0,0.0
2023-12-22 09:30:00-05:00,27.5,27.96500015258789,27.3700008392334,27.674999237060547,975825,0.0,0.0
2023-12-22 10:30:00-05:00,27.68000030517578,27.8799991607666,27.58300018310547,27.690000534057617,533985,0.0,0.0
2023-12-22 11:30:00-05:00,27.69499969482422,27.78499984741211,27.530000686645508,27.55500030517578,431775,0.0,0.0
2023-12-22 12:30:00-05:00,27.549999237060547,27.79990005493164,27.31999969482422,27.764999389648438,607610,0.0,0.0
2023-12-22 13:30:00-05:00,27.764999389648438,27.774999618530273,27.451000213623047,27.459999084472656,313460,0.0,0.0
2023-12-22 14:30:00-05:00,27.459999084472656,27.780000686645508,27.40999984741211,27.760000228881836,392048,0.0,0.0
2023-12-22 15:30:00-05:00,27.760000228881836,27.795000076293945,27.6299991607666,27.639999389648438,444137,0.0,0.0
2023-12-26 09:30:00-05:00,27.639999389648438,27.829999923706055,27.500999450683594,27.770000457763672,452372,0.0,0.0
2023-12-26 10:30:00-05:00,27.770000457763672,27.915000915527344,27.75,27.8700008392334,371814,0.0,0.0
2023-12-26 11:30:00-05:00,27.864999771118164,27.93000030517578,27.667400360107422,27.690000534057617,385267,0.0,0.0
2023-12-26 12:30:00-05:00,27.700000762939453,27.790000915527344,27.579999923706055,27.75,307287,0.0,0.0
2023-12-26 13:30:00-05:00,27.760000228881836,27.940000534057617,27.739999771118164,27.905000686645508,250176,0.0,0.0
2023-12-26 14:30:00-05:00,27.90839958190918,27.93000030517578,27.834999084472656,27.875,326489,0.0,0.0
2023-12-26 15:30:00-05:00,27.875,27.8799991607666,27.780000686645508,27.860000610351562,526499,0.0,0.0
2023-12-27 09:30:00-05:00,27.889999389648438,27.940000534057617,27.6200008392334,27.65999984741211,621297,0.0,0.0
2023-12-27 10:30:00-05:00,27.649999618530273,27.71500015258789,27.299999237060547,27.649999618530273,1700634,0.0,0.0
2023-12-27 11:30:00-05:00,27.645000457763672,27.719999313354492,27.469999313354492,27.565000534057617,1008098,0.0,0.0
2023-12-27 12:30:00-05:00,27.565000534057617,27.8700008392334,27.4950008392334,27.725000381469727,484468,0.0,0.0
2023-12-27 13:30:00-05:00,27.729999542236328,27.760000228881836,27.555999755859375,27.610000610351562,399574,0.0,0.0
2023-12-27 14:30:00-05:00,27.604999542236328,27.704999923706055,27.485000610351562,27.69499969482422,499019,0.0,0.0
2023-12-27 15:30:00-05:00,27.69499969482422,27.799999237060547,27.684999465942383,27.729999542236328,553888,0.0,0.0
2023-12-28 09:30:00-05:00,27.799999237060547,27.829999923706055,27.40999984741211,27.635000228881836,530778,0.0,0.0
2023-12-28 10:30:00-05:00,27.635000228881836,27.65999984741211,27.354999542236328,27.479999542236328,462243,0.0,0.0
2023-12-28 11:30:00-05:00,27.469999313354492,27.639999389648438,27.440099716186523,27.625,216190,0.0,0.0
2023-12-28 12:30:00-05:00,27.625,27.809999465942383,27.6200008392334,27.760000228881836,479329,0.0,0.0
2023-12-28 13:30:00-05:00,27.764999389648438,27.78499984741211,27.604999542236328,27.665000915527344,330501,0.0,0.0
2023-12-28 14:30:00-05:00,27.670000076293945,27.799999237060547,27.610000610351562,27.795000076293945,405615,0.0,0.0
2023-12-28 15:30:00-05:00,27.795000076293945,27.889999389648438,27.700000762939453,27.889999389648438,709282,0.0,0.0
2023-12-29 09:30:00-05:00,27.75,27.879899978637695,27.540000915527344,27.59000015258789,453728,0.0,0.0
2023-12-29 10:30:00-05:00,27.59000015258789,27.597400665283203,27.30270004272461,27.329999923706055,444462,0.0,0.0
2023-12-29 11:30:00-05:00,27.34000015258789,27.565000534057617,27.32110023498535,27.350000381469727,319087,0.0,0.0
2023-12-29 12:30:00-05:00,27.344999313354492,27.65999984741211,27.28499984741211,27.56999969482422,298699,0.0,0.0
2023-12-29 13:30:00-05:00,27.579999923706055,27.649999618530273,27.53499984741211,27.545000076293945,226651,0.0,0.0
2023-12-29 14:30:00-05:00,27.545000076293945,27.59000015258789,27.40999984741211,27.479999542236328,271545,0.0,0.0
2023-12-29 15:30:00-05:00,27.479999542236328,27.489900588989258,27.3799991607666,27.440000534057617,717870,0.0,0.0
2024-01-02 09:30:00-05:00,26.23200035095215,26.489900588989258,25.225000381469727,25.40999984741211,2207013,0.0,0.0
2024-01-02 10:30:00-05:00,25.399999618530273,25.76810073852539,25.079999923706055,25.690000534057617,1246563,0.0,0.0
2024-01-02 11:30:00-05:00,25.69499969482422,25.920000076293945,25.649999618530273,25.920000076293945,514244,0.0,0.0
2024-01-02 12:30:00-05:00,25.915000915527344,26.030000686645508,25.770000457763672,25.860000610351562,433269,0.0,0.0
2024-01-02 13:30:00-05:00,25.850000381469727,25.9950008392334,25.690000534057617,25.864999771118164,492107,0.0,0.0
2024-01-02 14:30:00-05:00,25.860000610351562,25.8700008392334,25.625,25.792999267578125,590981,0.0,0.0
2024-01-02 15:30:00-05:00,25.795000076293945,25.90999984741211,25.700000762939453,25.8700008392334,1152513,0.0,0.0
2024-01-03 09:30:00-05:00,25.0,25.31999969482422,24.549999237060547,24.719999313354492,1551884,0.0,0.0
2024-01-03 10:30:00-05:00,24.719999313354492,24.959999084472656,24.475000381469727,24.760000228881836,1310661,0.0,0.0
2024-01-03 11:30:00-05:00,24.760000228881836,24.780000686645508,24.454999923706055,24.475000381469727,679758,0.0,0.0
2024-01-03 12:30:00-05:00,24.469999313354492,24.649999618530273,24.459999084472656,24.510000228881836,806729,0.0,0.0
2024-01-03 13:30:00-05:00,24.520000457763672,24.530000686645508,24.079999923706055,24.219999313354492,1330831,0.0,0.0
2024-01-03 14:30:00-05:00,24.225000381469727,24.299999237060547,23.850000381469727,23.885000228881836,1597056,0.0,0.0
2024-01-03 15:30:00-05:00,23.889999389648438,24.024999618530273,23.799999237060547,23.809999465942383,1613571,0.0,0.0
2024-01-04 09:30:00-05:00,23.790000915527344,24.110000610351562,23.3799991607666,23.905000686645508,1076715,0.0,0.0
2024-01-04 10:30:00-05:00,23.899999618530273,24.135000228881836,23.899999618530273,23.969999313354492,685310,0.0,0.0
2024-01-04 11:30:00-05:00,23.979999542236328,24.135000228881836,23.90999984741211,23.959999084472656,485552,0.0,0.0
2024-01-04 12:30:00-05:00,23.969999313354492,24.0,23.645000457763672,23.649999618530273,571806,0.0,0.0
2024-01-04 13:30:00-05:00,23.649999618530273,23.8700008392334,23.639999389648438,23.719999313354492,765132,0.0,0.0
2024-01-04 14:30:00-05:00,23.719999313354492,23.825000762939453,23.6200008392334,23.690000534057617,863578,0.0,0.0
2024-01-04 15:30:00-05:00,23.68000030517578,23.68000030517578,23.440000534057617,23.520000457763672,1392037,0.0,0.0
2024-01-05 09:30:00-05:00,23.25,23.600000381469727,23.204999923706055,23.280000686645508,996693,0.0,0.0
2024-01-05 10:30:00-05:00,23.280000686645508,23.469999313354492,23.25,23.299999237060547,515598,0.0,0.0
2024-01-05 11:30:00-05:00,23.290000915527344,23.375,23.190000534057617,23.204999923706055,652733,0.0,0.0
2024-01-05 12:30:00-05:00,23.204999923706055,23.299999237060547,23.18000030517578,23.260000228881836,438894,0.0,0.0
2024-01-05 13:30:00-05:00,23.270000457763672,23.56999969482422,23.25,23.530000686645508,424131,0.0,0.0
2024-01-05 14:30:00-05:00,23.530000686645508,23.770000457763672,23.4950008392334,23.760000228881836,956764,0.0,0.0
2024-01-05 15:30:00-05:00,23.7549991607666,23.81999969482422,23.65999984741211,23.674999237060547,1080720,0.0,0.0
2024-01-08 09:30:00-05:00,23.700000762939453,24.100000381469727,23.43000030517578,23.700000762939453,1464015,0.0,0.0
2024-01-08 10:30:00-05:00,23.704999923706055,23.889999389648438,23.68000030517578,23.71500015258789,583540,0.0,0.0
2024-01-08 11:30:00-05:00,23.719999313354492,23.84000015258789,23.6299991607666,23.84000015258789,412756,0.0,0.0
2024-01-08 12:30:00-05:00,23.84000015258789,23.899999618530273,23.684999465942383,23.7549991607666,389617,0.0,0.0
2024-01-08 13:30:00-05:00,23.760000228881836,23.875,23.68000030517578,23.69499969482422,314185,0.0,0.0
2024-01-08 14:30:00-05:00,23.69499969482422,23.770000457763672,23.594999313354492,23.655000686645508,489451,0.0,0.0
2024-01-08 15:30:00-05:00,23.65999984741211,23.699899673461914,23.395000457763672,23.469999313354492,976503,0.0,0.0
2024-01-09 09:30:00-05:00,23.0,23.594999313354492,22.81999969482422,23.549999237060547,2424299,0.0,0.0
2024-01-09 10:30:00-05:00,23.55500030517578,23.68000030517578,23.43000030517578,23.50670051574707,1484703,0.0,0.0
2024-01-09 11:30:00-05:00,23.510000228881836,23.645000457763672,23.424999237060547,23.56999969482422,779051,0.0,0.0
2024-01-09 12:30:00-05:00,23.579999923706055,23.84000015258789,23.469999313354492,23.71500015258789,1457589,0.0,0.0
2024-01-09 13:30:00-05:00,23.709999084472656,23.985000610351562,23.620100021362305,23.950000762939453,771883,0.0,0.0
2024-01-09 14:30:00-05:00,23.950000762939453,24.159900665283203,23.950000762939453,24.09000015258789,1114373,0.0,0.0
2024-01-09 15:30:00-05:00,24.09000015258789,24.18000030517578,23.899999618530273,24.170000076293945,1599180,0.0,0.0
2024-01-10 09:30:00-05:00,24.290000915527344,24.790000915527344,24.2450008392334,24.424999237060547,1387023,0.0,0.0
2024-01-10 10:30:00-05:00,24.43000030517578,24.629899978637695,24.364999771118164,24.405000686645508,648062,0.0,0.0
2024-01-10 11:30:00-05:00,24.405000686645508,24.46500015258789,24.165000915527344,24.229999542236328,902759,0.0,0.0
2024-01-10 12:30:00-05:00,24.222400665283203,24.315000534057617,24.110000610351562,24.270000457763672,506409,0.0,0.0
2024-01-10 13:30:00-05:00,24.274999618530273,24.43000030517578,24.274999618530273,24.299999237060547,389386,0.0,0.0
2024-01-10 14:30:00-05:00,24.293899536132812,24.487199783325195,24.239999771118164,24.43000030517578,1546192,0.0,0.0
2024-01-10 15:30:00-05:00,24.440000534057617,24.540000915527344,24.395000457763672,24.520000457763672,1622841,0.0,0.0
2024-01-11 09:30:00-05:00,24.530000686645508,24.850000381469727,24.170000076293945,24.53499984741211,1007866,0.0,0.0
2024-01-11 10:30:00-05:00,24.530000686645508,24.600000381469727,24.209999084472656,24.219999313354492,760694,0.0,0.0
2024-01-11 11:30:00-05:00,24.21500015258789,24.459999084472656,24.15999984741211,24.329999923706055,479767,0.0,0.0
2024-01-11 12:30:00-05:00,24.325000762939453,24.600000381469727,24.31999969482422,24.480100631713867,826251,0.0,0.0
2024-01-11 13:30:00-05:00,24.489999771118164,24.518800735473633,24.334999084472656,24.479999542236328,392883,0.0,0.0
2024-01-11 14:30:00-05:00,24.479999542236328,24.520000457763672,24.309999465942383,24.31999969482422,507605,0.0,0.0
2024-01-11 15:30:00-05:00,24.31999969482422,24.395000457763672,24.280000686645508,24.309999465942383,683022,0.0,0.0
2024-01-12 09:30:00-05:00,24.260000228881836,24.940000534057617,24.200000762939453,24.600000381469727,1461304,0.0,0.0
2024-01-12 10:30:00-05:00,24.604999542236328,24.780000686645508,24.56999969482422,24.655000686645508,693477,0.0,0.0
2024-01-12 11:30:00-05:00,24.649999618530273,24.790000915527344,24.600000381469727,24.774999618530273,776305,0.0,0.0
2024-01-12 12:30:00-05:00,24.780000686645508,25.084999084472656,24.704999923706055,25.049699783325195,1464684,0.0,0.0
2024-01-12 13:30:00-05:00,25.049999237060547,25.329999923706055,25.010000228881836,25.280000686645508,1123054,0.0,0.0
2024-01-12 14:30:00-05:00,25.290000915527344,25.55500030517578,25.280000686645508,25.399999618530273,1186650,0.0,0.0
2024-01-12 15:30:00-05:00,25.399999618530273,25.40999984741211,25.299999237060547,25.329999923706055,1132855,0.0,0.0
2024-01-16 09:30:00-05:00,25.0,25.209999084472656,24.704999923706055,25.147499084472656,1002069,0.0,0.0
2024-01-16 10:30:00-05:00,25.16309928894043,25.309999465942383,24.96500015258789,25.100000381469727,800984,0.0,0.0
2024-01-16 11:30:00-05:00,25.110000610351562,25.204999923706055,25.020000457763672,25.06999969482422,386433,0.0,0.0
2024-01-16 12:30:00-05:00,25.06999969482422,25.170000076293945,24.889999389648438,24.934999465942383,570261,0.0,0.0
2024-01-16 13:30:00-05:00,24.93829917907715,24.985700607299805,24.639999389648438,24.719999313354492,385512,0.0,0.0
2024-01-16 14:30:00-05:00,24.719999313354492,24.809999465942383,24.670000076293945,24.7450008392334,400120,0.0,0.0
2024-01-16 15:30:00-05:00,24.75,24.860000610351562,24.712299346923828,24.78499984741211,632881,0.0,0.0
2024-01-17 09:30:00-05:00,24.350000381469727,24.420000076293945,23.375,24.059999465942383,1275769,0.0,0.0
2024-01-17 10:30:00-05:00,24.049999237060547,24.360000610351562,23.93000030517578,24.344999313354492,554574,0.0,0.0
2024-01-17 11:30:00-05:00,24.350000381469727,24.450000762939453,24.25,24.40999984741211,356826,0.0,0.0
2024-01-17 12:30:00-05:00,24.399999618530273,24.540000915527344,24.375,24.450000762939453,274472,0.0,0.0
2024-01-17 13:30:00-05:00,24.450000762939453,24.520000457763672,24.31999969482422,24.4950008392334,360831,0.0,0.0
2024-01-17 14:30:00-05:00,24.507299423217773,24.540000915527344,24.400100708007812,24.479999542236328,295363,0.0,0.0
2024-01-17 15:30:00-05:00,24.479999542236328,24.559999465942383,24.44499969482422,24.520000457763672,560648,0.0,0.0
2024-01-18 09:30:00-05:00,25.219999313354492,25.389999389648438,24.46500015258789,24.885000228881836,906465,0.0,0.0
2024-01-18 10:30:00-05:00,24.8799991607666,24.946800231933594,24.7549991607666,24.940000534057617,588342,0.0,0.0
2024-01-18 11:30:00-05:00,24.950000762939453,25.03499984741211,24.530000686645508,24.68000030517578,411838,0.0,0.0
2024-01-18 12:30:00-05:00,24.674999237060547,24.725000381469727,24.440000534057617,24.514999389648438,385782,0.0,0.0
2024-01-18 13:30:00-05:00,24.520000457763672,24.700000762939453,24.45009994506836,24.685199737548828,319398,0.0,0.0
2024-01-18 14:30:00-05:00,24.68000030517578,24.80500030517578,24.649900436401367,24.75,340168,0.0,0.0
2024-01-18 15:30:00-05:00,24.75,24.780000686645508,24.670000076293945,24.719999313354492,933839,0.0,0.0
2024-01-19 09:30:00-05:00,24.889999389648438,25.06999969482422,24.600000381469727,24.68000030517578,504364,0.0,0.0
2024-01-19 10:30:00-05:00,24.670000076293945,24.81999969482422,24.59000015258789,24.639999389648438,401084,0.0,0.0
2024-01-19 11:30:00-05:00,24.639999389648438,24.645000457763672,24.329999923706055,24.3799991607666,307925,0.0,0.0
2024-01-19 12:30:00-05:00,24.383699417114258,24.524999618530273,24.329999923706055,24.4950008392334,272681,0.0,0.0
2024-01-19 13:30:00-05:00,24.489999771118164,24.829999923706055,24.475000381469727,24.774999618530273,304855,0.0,0.0
2024-01-19 14:30:00-05:00,24.780000686645508,24.809999465942383,24.56999969482422,24.614999771118164,384880,0.0,0.0
2024-01-19 15:30:00-05:00,24.618999481201172,24.84000015258789,24.59000015258789,24.84000015258789,730050,0.0,0.0
2024-01-22 09:30:00-05:00,27.479999542236328,27.639999389648438,26.211000442504883,26.5,3160211,0.0,0.0
2024-01-22 10:30:00-05:00,26.510000228881836,26.579999923706055,26.170000076293945,26.440000534057617,1122464,0.0,0.0
2024-01-22 11:30:00-05:00,26.450000762939453,26.530000686645508,26.094999313354492,26.25,773053,0.0,0.0
2024-01-22 12:30:00-05:00,26.25,26.280000686645508,25.760000228881836,25.790000915527344,521556,0.0,0.0
2024-01-22 13:30:00-05:00,25.795000076293945,26.168699264526367,25.774999618530273,26.079999923706055,685494,0.0,0.0
2024-01-22 14:30:00-05:00,26.079999923706055,26.290000915527344,25.94499969482422,26.274999618530273,704442,0.0,0.0
2024-01-22 15:30:00-05:00,26.274999618530273,26.489999771118164,26.260000228881836,26.295000076293945,1248292,0.0,0.0
2024-01-23 09:30:00-05:00,26.549999237060547,27.209999084472656,26.449199676513672,27.049999237060547,1440316,0.0,0.0
2024-01-23 10:30:00-05:00,27.059999465942383,27.075000762939453,26.59000015258789,26.700000762939453,676647,0.0,0.0
2024-01-23 11:30:00-05:00,26.704999923706055,26.725000381469727,26.3700008392334,26.434999465942383,469798,0.0,0.0
2024-01-23 12:30:00-05:00,26.43000030517578,26.579999923706055,26.3700008392334,26.485000610351562,303271,0.0,0.0
2024-01-23 13:30:00-05:00,26.485000610351562,26.5,26.299999237060547,26.395000457763672,348868,0.0,0.0
2024-01-23 14:30:00-05:00,26.364999771118164,26.520000457763672,26.329999923706055,26.450000762939453,438207,0.0,0.0
2024-01-23 15:30:00-05:00,26.454999923706055,26.56999969482422,26.3799991607666,26.549999237060547,792282,0.0,0.0
2024-01-24 09:30:00-05:00,26.829999923706055,27.049999237060547,26.600000381469727,26.665000915527344,821125,0.0,0.0
2024-01-24 10:30:00-05:00,26.665000915527344,27.040000915527344,26.549999237060547,26.610000610351562,697895,0.0,0.0
2024-01-24 11:30:00-05:00,26.6200008392334,26.75,26.56999969482422,26.704999923706055,371328,0.0,0.0
2024-01-24 12:30:00-05:00,26.709400177001953,26.739999771118164,26.270000457763672,26.280000686645508,453644,0.0,0.0
2024-01-24 13:30:00-05:00,26.28499984741211,26.28499984741211,25.889999389648438,25.954999923706055,424005,0.0,0.0
2024-01-24 14:30:00-05:00,25.959999084472656,26.114999771118164,25.790000915527344,25.795000076293945,487054,0.0,0.0
2024-01-24 15:30:00-05:00,25.795000076293945,25.889999389648438,25.690000534057617,25.860000610351562,948181,0.0,0.0
2024-01-25 09:30:00-05:00,26.219999313354492,26.399999618530273,25.810100555419922,25.899999618530273,495670,0.0,0.0
2024-01-25 10:30:00-05:00,25.899999618530273,26.139999389648438,25.729999542236328,26.139999389648438,322161,0.0,0.0
2024-01-25 11:30:00-05:00,26.135000228881836,26.135000228881836,25.780000686645508,25.834999084472656,285743,0.0,0.0
2024-01-25 12:30:00-05:00,25.84000015258789,26.06999969482422,25.719999313354492,25.895000457763672,293907,0.0,0.0
2024-01-25 13:30:00-05:00,25.888700485229492,25.909900665283203,25.420000076293945,25.559999465942383,405438,0.0,0.0
2024-01-25 14:30:00-05:00,25.565000534057617,25.7450008392334,25.530000686645508,25.6299991607666,404039,0.0,0.0
2024-01-25 15:30:00-05:00,25.639999389648438,25.760000228881836,25.600000381469727,25.7549991607666,440230,0.0,0.0
2024-01-26 09:30:00-05:00,25.670000076293945,26.08839988708496,25.559999465942383,26.08839988708496,725426,0.0,0.0
2024-01-26 10:30:00-05:00,26.084999084472656,26.270000457763672,26.084999084472656,26.15999984741211,387989,0.0,0.0
2024-01-26 11:30:00-05:00,26.15999984741211,26.21500015258789,26.030000686645508,26.11989974975586,201101,0.0,0.0
2024-01-26 12:30:00-05:00,26.114999771118164,26.19499969482422,25.97010040283203,26.184999465942383,192715,0.0,0.0
2024-01-26 13:30:00-05:00,26.184999465942383,26.5,26.179899215698242,26.405000686645508,489635,0.0,0.0
2024-01-26 14:30:00-05:00,26.405000686645508,26.520000457763672,26.30500030517578,26.315000534057617,291362,0.0,0.0
2024-01-26 15:30:00-05:00,26.31999969482422,26.350000381469727,26.25,26.350000381469727,570605,0.0,0.0
2024-01-29 09:30:00-05:00,28.040000915527344,28.209999084472656,26.93000030517578,27.719999313354492,2446671,0.0,0.0
2024-01-29 10:30:00-05:00,27.71500015258789,27.770000457763672,27.428800582885742,27.760000228881836,829466,0.0,0.0
2024-01-29 11:30:00-05:00,27.764999389648438,27.90999984741211,27.690000534057617,27.770000457763672,786206,0.0,0.0
2024-01-29 12:30:00-05:00,27.764999389648438,27.81999969482422,27.65999984741211,27.71980094909668,453062,0.0,0.0
2024-01-29 13:30:00-05:00,27.719499588012695,27.950000762939453,27.594999313354492,27.920000076293945,701496,0.0,0.0
2024-01-29 14:30:00-05:00,27.920000076293945,28.190000534057617,27.844999313354492,28.184999465942383,942165,0.0,0.0
2024-01-29 15:30:00-05:00,28.190000534057617,28.30500030517578,28.040000915527344,28.190000534057617,1312524,0.0,0.0
2024-01-30 09:30:00-05:00,28.5,28.628000259399414,27.799999237060547,27.924999237060547,1601051,0.0,0.0
2024-01-30 10:30:00-05:00,27.920000076293945,27.94969940185547,27.5049991607666,27.63010025024414,789448,0.0,0.0
2024-01-30 11:30:00-05:00,27.635000228881836,27.760000228881836,27.440000534057617,27.450000762939453,558391,0.0,0.0
2024-01-30 12:30:00-05:00,27.450000762939453,27.450000762939453,27.239999771118164,27.3700008392334,427192,0.0,0.0
2024-01-30 13:30:00-05:00,27.364999771118164,27.43000030517578,27.1299991607666,27.280000686645508,355356,0.0,0.0
2024-01-30 14:30:00-05:00,27.274999618530273,27.559999465942383,27.2450008392334,27.510000228881836,445050,0.0,0.0
2024-01-30 15:30:00-05:00,27.514999389648438,27.725000381469727,27.454999923706055,27.610000610351562,1008654,0.0,0.0
2024-01-31 09:30:00-05:00,27.260000228881836,27.489999771118164,27.100000381469727,27.139999389648438,559559,0.0,0.0
2024-01-31 10:30:00-05:00,27.15999984741211,27.19499969482422,26.770000457763672,27.094999313354492,692870,0.0,0.0
2024-01-31 11:30:00-05:00,27.110000610351562,27.309900283813477,27.010000228881836,27.28499984741211,339236,0.0,0.0
2024-01-31 12:30:00-05:00,27.28499984741211,27.424999237060547,27.139999389648438,27.28499984741211,263011,0.0,0.0
2024-01-31 13:30:00-05:00,27.28499984741211,27.309999465942383,27.059999465942383,27.139999389648438,318096,0.0,0.0
2024-01-31 14:30:00-05:00,27.145000457763672,27.690000534057617,26.850000381469727,27.110000610351562,940473,0.0,0.0
2024-01-31 15:30:00-05:00,27.100000381469727,27.110000610351562,26.709999084472656,26.799999237060547,1045880,0.0,0.0
2024-02-01 09:30:00-05:00,27.16699981689453,27.25,26.844999313354492,27.104999542236328,824877,0.0,0.0
2024-02-01 10:30:00-05:00,27.104999542236328,27.125,26.40999984741211,26.440000534057617,556852,0.0,0.0
2024-02-01 11:30:00-05:00,26.43000030517578,26.844999313354492,26.43000030517578,26.739999771118164,561571,0.0,0.0
2024-02-01 12:30:00-05:00,26.739900588989258,27.09000015258789,26.709999084472656,27.06999969482422,356726,0.0,0.0
2024-02-01 13:30:00-05:00,27.06999969482422,27.450000762939453,27.014999389648438,27.44499969482422,555958,0.0,0.0
2024-02-01 14:30:00-05:00,27.44499969482422,27.579999923706055,27.309999465942383,27.434999465942383,456066,0.0,0.0
2024-02-01 15:30:00-05:00,27.440000534057617,27.489999771118164,27.280000686645508,27.489999771118164,705383,0.0,0.0
2024-02-02 09:30:00-05:00,27.329999923706055,27.950000762939453,27.040000915527344,27.729999542236328,1105989,0.0,0.0
2024-02-02 10:30:00-05:00,27.720800399780273,28.079999923706055,27.479999542236328,28.065000534057617,831496,0.0,0.0
2024-02-02 11:30:00-05:00,28.06999969482422,28.295000076293945,27.969999313354492,28.223499298095703,1024667,0.0,0.0
2024-02-02 12:30:00-05:00,28.219999313354492,28.260000228881836,27.795000076293945,27.854999542236328,583056,0.0,0.0
2024-02-02 13:30:00-05:00,27.854999542236328,28.100000381469727,27.80500030517578,27.850000381469727,491635,0.0,0.0
2024-02-02 14:30:00-05:00,27.850000381469727,27.850000381469727,27.475000381469727,27.665000915527344,666081,0.0,0.0
2024-02-02 15:30:00-05:00,27.665000915527344,27.684999465942383,27.530000686645508,27.545000076293945,960046,0.0,0.0
2024-02-05 09:30:00-05:00,27.530000686645508,27.670000076293945,26.6200008392334,26.899999618530273,823123,0.0,0.0
2024-02-05 10:30:00-05:00,26.90999984741211,27.225000381469727,26.729999542236328,27.084999084472656,483204,0.0,0.0
2024-02-05 11:30:00-05:00,27.084999084472656,27.457599639892578,27.079999923706055,27.424999237060547,350615,0.0,0.0
2024-02-05 12:30:00-05:00,27.43000030517578,27.56999969482422,27.40999984741211,27.46500015258789,358678,0.0,0.0
2024-02-05 13:30:00-05:00,27.463300704956055,27.68899917602539,27.420000076293945,27.674999237060547,276277,0.0,0.0
2024-02-05 14:30:00-05:00,27.690000534057617,27.770000457763672,27.579999923706055,27.735000610351562,410635,0.0,0.0
2024-02-05 15:30:00-05:00,27.735000610351562,27.760000228881836,27.559999465942383,27.559999465942383,524331,0.0,0.0
2024-02-06 09:30:00-05:00,27.600000381469727,27.799999237060547,27.100000381469727,27.280000686645508,728521,0.0,0.0
2024-02-06 10:30:00-05:00,27.274999618530273,27.31999969482422,27.04960060119629,27.15999984741211,522632,0.0,0.0
2024-02-06 11:30:00-05:00,27.170000076293945,27.18000030517578,26.530000686645508,26.75,736066,0.0,0.0
2024-02-06 12:30:00-05:00,26.760000228881836,27.174999237060547,26.690000534057617,27.174999237060547,416119,0.0,0.0
2024-02-06 13:30:00-05:00,27.165000915527344,27.30900001525879,27.084999084472656,27.239999771118164,341904,0.0,0.0
2024-02-06 14:30:00-05:00,27.239999771118164,27.5049991607666,27.239999771118164,27.485000610351562,374431,0.0,0.0
2024-02-06 15:30:00-05:00,27.485000610351562,27.510000228881836,27.299999237060547,27.469999313354492,629964,0.0,0.0
2024-02-07 09:30:00-05:00,28.200000762939453,28.799999237060547,28.020000457763672,28.559999465942383,1671939,0.0,0.0
2024-02-07 10:30:00-05:00,28.559999465942383,28.645000457763672,28.354999542236328,28.450000762939453,953620,0.0,0.0
2024-02-07 11:30:00-05:00,28.459999084472656,28.475000381469727,28.1200008392334,28.139999389648438,924170,0.0,0.0
2024-02-07 12:30:00-05:00,28.139999389648438,28.344999313354492,28.110000610351562,28.299999237060547,474667,0.0,0.0
2024-02-07 13:30:00-05:00,28.299999237060547,28.530000686645508,28.24169921875,28.40999984741211,366052,0.0,0.0
2024-02-07 14:30:00-05:00,28.420000076293945,28.44499969482422,28.260000228881836,28.309999465942383,341422,0.0,0.0
2024-02-07 15:30:00-05:00,28.309999465942383,28.385000228881836,28.149999618530273,28.2450008392334,687670,0.0,0.0
2024-02-08 09:30:00-05:00,28.139999389648438,29.100000381469727,28.1200008392334,28.979999542236328,1011617,0.0,0.0
2024-02-08 10:30:00-05:00,28.989999771118164,29.229999542236328,28.915000915527344,29.090099334716797,925737,0.0,0.0
2024-02-08 11:30:00-05:00,29.09000015258789,29.25,28.985000610351562,29.145000457763672,727675,0.0,0.0
2024-02-08 12:30:00-05:00,29.139999389648438,29.2549991607666,28.969999313354492,29.18899917602539,538758,0.0,0.0
2024-02-08 13:30:00-05:00,29.18000030517578,29.299999237060547,28.959999084472656,28.969999313354492,388023,0.0,0.0
2024-02-08 14:30:00-05:00,28.969999313354492,29.06999969482422,28.8799991607666,29.024999618530273,429131,0.0,0.0
2024-02-08 15:30:00-05:00,29.024999618530273,29.059999465942383,28.94499969482422,29.040000915527344,563508,0.0,0.0
2024-02-09 09:30:00-05:00,30.0,30.215900421142578,29.780000686645508,30.104999542236328,1993565,0.0,0.0
2024-02-09 10:30:00-05:00,30.110000610351562,30.18000030517578,29.920000076293945,30.05500030517578,773570,0.0,0.0
2024-02-09 11:30:00-05:00,30.05500030517578,30.139999389648438,29.670000076293945,29.924999237060547,706260,0.0,0.0
2024-02-09 12:30:00-05:00,29.90999984741211,30.139999389648438,29.875,29.920000076293945,401393,0.0,0.0
2024-02-09 13:30:00-05:00,29.90999984741211,30.19809913635254,29.86199951171875,30.094999313354492,344996,0.0,0.0
2024-02-09 14:30:00-05:00,30.100000381469727,30.170000076293945,29.889999389648438,29.90999984741211,470391,0.0,0.0
2024-02-09 15:30:00-05:00,29.91010093688965,29.915000915527344,29.479999542236328,29.69499969482422,970403,0.0,0.0
2024-02-12 09:30:00-05:00,29.530000686645508,30.31999969482422,29.309999465942383,30.125,2073255,0.0,0.0
2024-02-12 10:30:00-05:00,30.1299991607666,30.299999237060547,30.03499984741211,30.18000030517578,689233,0.0,0.0
2024-02-12 11:30:00-05:00,30.165000915527344,30.225000381469727,29.8700008392334,30.0,486753,0.0,0.0
2024-02-12 12:30:00-05:00,30.0049991607666,30.03499984741211,29.67009925842285,29.72089958190918,436262,0.0,0.0
2024-02-12 13:30:00-05:00,29.719999313354492,29.875,29.5049991607666,29.700000762939453,476101,0.0,0.0
2024-02-12 14:30:00-05:00,29.709999084472656,29.825000762939453,29.575000762939453,29.604999542236328,489752,0.0,0.0
2024-02-12 15:30:00-05:00,29.604999542236328,29.84000015258789,29.600000381469727,29.700000762939453,616537,0.0,0.0
2024-02-13 09:30:00-05:00,28.0,29.030000686645508,26.780000686645508,28.8799991607666,2523747,0.0,0.0
2024-02-13 10:30:00-05:00,28.8700008392334,29.18000030517578,28.760000228881836,29.03499984741211,1302573,0.0,0.0
2024-02-13 11:30:00-05:00,29.030000686645508,29.469999313354492,29.0,29.1200008392334,804301,0.0,0.0
2024-02-13 12:30:00-05:00,29.1299991607666,29.270000457763672,29.010000228881836,29.18000030517578,430827,0.0,0.0
2024-02-13 13:30:00-05:00,29.18000030517578,29.225000381469727,28.889999389648438,29.0049991607666,390943,0.0,0.0
2024-02-13 14:30:00-05:00,29.0049991607666,29.155000686645508,28.6200008392334,28.760000228881836,510644,0.0,0.0
2024-02-13 15:30:00-05:00,28.764999389648438,29.020000457763672,28.684999465942383,28.989999771118164,676391,0.0,0.0
2024-02-14 09:30:00-05:00,30.059999465942383,30.760000228881836,29.649999618530273,30.610000610351562,2040784,0.0,0.0
2024-02-14 10:30:00-05:00,30.6200008392334,30.674999237060547,29.915000915527344,30.219999313354492,942650,0.0,0.0
2024-02-14 11:30:00-05:00,30.219999313354492,30.34000015258789,30.15999984741211,30.295000076293945,634476,0.0,0.0
2024-02-14 12:30:00-05:00,30.295000076293945,30.405000686645508,30.229999542236328,30.31999969482422,714773,0.0,0.0
2024-02-14 13:30:00-05:00,30.329999923706055,30.399999618530273,30.1200008392334,30.145000457763672,512923,0.0,0.0
2024-02-14 14:30:00-05:00,30.149999618530273,30.200000762939453,30.020000457763672,30.065000534057617,764606,0.0,0.0
2024-02-14 15:30:00-05:00,30.065000534057617,30.100000381469727,29.989999771118164,29.989999771118164,1076233,0.0,0.0
2024-02-15 09:30:00-05:00,30.299999237060547,30.360000610351562,29.899999618530273,30.100000381469727,1065432,0.0,0.0
2024-02-15 10:30:00-05:00,30.110000610351562,30.31999969482422,29.780000686645508,30.110000610351562,760432,0.0,0.0
2024-02-15 11:30:00-05:00,30.104999542236328,30.104999542236328,29.78499984741211,29.915000915527344,398580,0.0,0.0
2024-02-15 12:30:00-05:00,29.90999984741211,30.040000915527344,29.844999313354492,29.985000610351562,350039,0.0,0.0
2024-02-15 13:30:00-05:00,29.979999542236328,30.030000686645508,29.8799991607666,29.94499969482422,320210,0.0,0.0
2024-02-15 14:30:00-05:00,29.940000534057617,29.969999313354492,29.725000381469727,29.96500015258789,440999,0.0,0.0
2024-02-15 15:30:00-05:00,29.969999313354492,30.0049991607666,29.94499969482422,30.0,561364,0.0,0.0
2024-02-16 09:30:00-05:00,29.790000915527344,30.02079963684082,29.059999465942383,29.540000915527344,964541,0.0,0.0
2024-02-16 10:30:00-05:00,29.540000915527344,29.915000915527344,29.440000534057617,29.739999771118164,488583,0.0,0.0
2024-02-16 11:30:00-05:00,29.719999313354492,29.86669921875,29.59000015258789,29.829999923706055,554648,0.0,0.0
2024-02-16 12:30:00-05:00,29.81999969482422,29.954999923706055,29.739999771118164,29.84000015258789,491210,0.0,0.0
2024-02-16 13:30:00-05:00,29.834999084472656,29.920000076293945,29.770000457763672,29.850000381469727,229857,0.0,0.0
2024-02-16 14:30:00-05:00,29.850000381469727,29.860000610351562,29.510099411010742,29.610000610351562,394900,0.0,0.0
2024-02-16 15:30:00-05:00,29.614999771118164,29.639999389648438,29.510000228881836,29.510000228881836,503611,0.0,0.0
2024-02-20 09:30:00-05:00,29.45509910583496,29.489999771118164,28.59749984741211,28.795000076293945,919134,0.0,0.0
2024-02-20 10:30:00-05:00,28.790199279785156,29.149999618530273,28.6299991607666,29.084999084472656,608231,0.0,0.0
2024-02-20 11:30:00-05:00,29.094999313354492,29.094999313354492,28.739999771118164,28.854999542236328,410689,0.0,0.0
2024-02-20 12:30:00-05:00,28.854999542236328,29.114999771118164,28.834999084472656,29.024999618530273,368853,0.0,0.0
2024-02-20 13:30:00-05:00,29.024999618530273,29.084999084472656,28.850000381469727,28.9950008392334,451645,0.0,0.0
2024-02-20 14:30:00-05:00,28.9950008392334,29.166200637817383,28.954999923706055,29.125,357068,0.0,0.0
2024-02-20 15:30:00-05:00,29.1299991607666,29.219999313354492,28.940000534057617,29.145000457763672,727632,0.0,0.0
2024-02-21 09:30:00-05:00,26.0,27.045000076293945,25.5,25.55500030517578,4057094,0.0,0.0
2024-02-21 10:30:00-05:00,25.558000564575195,25.90999984741211,25.459999084472656,25.790000915527344,1532378,0.0,0.0
2024-02-21 11:30:00-05:00,25.799999237060547,26.440000534057617,25.645000457763672,26.1299991607666,1027409,0.0,0.0
2024-02-21 12:30:00-05:00,26.125,26.19499969482422,25.860000610351562,25.864999771118164,675141,0.0,0.0
2024-02-21 13:30:00-05:00,25.868000030517578,25.969999313354492,25.514999389648438,25.65999984741211,629281,0.0,0.0
2024-02-21 14:30:00-05:00,25.655000686645508,25.700000762939453,25.34000015258789,25.385000228881836,945914,0.0,0.0
2024-02-21 15:30:00-05:00,25.385000228881836,25.649999618530273,25.350000381469727,25.604999542236328,1520037,0.0,0.0
2024-02-22 09:30:00-05:00,26.639999389648438,26.8799991607666,26.225000381469727,26.43000030517578,1335493,0.0,0.0
2024-02-22 10:30:00-05:00,26.43000030517578,26.5,25.969999313354492,26.344999313354492,802168,0.0,0.0
2024-02-22 11:30:00-05:00,26.344999313354492,26.450000762939453,26.235000610351562,26.270000457763672,347850,0.0,0.0
2024-02-22 12:30:00-05:00,26.274999618530273,26.459999084472656,26.270000457763672,26.309999465942383,341521,0.0,0.0
2024-02-22 13:30:00-05:00,26.31999969482422,26.469499588012695,26.190000534057617,26.290000915527344,454881,0.0,0.0
2024-02-22 14:30:00-05:00,26.290000915527344,26.350000381469727,26.200000762939453,26.2549991607666,447214,0.0,0.0
2024-02-22 15:30:00-05:00,26.2549991607666,26.3700008392334,26.239999771118164,26.344999313354492,711490,0.0,0.0
2024-02-23 09:30:00-05:00,26.670000076293945,27.309999465942383,26.559999465942383,26.90999984741211,1329221,0.0,0.0
2024-02-23 10:30:00-05:00,26.899999618530273,27.145000457763672,26.739999771118164,26.950000762939453,575228,0.0,0.0
2024-02-23 11:30:00-05:00,26.950000762939453,27.149999618530273,26.864999771118164,27.13010025024414,279628,0.0,0.0
2024-02-23 12:30:00-05:00,27.139999389648438,27.479999542236328,27.079999923706055,27.395000457763672,301810,0.0,0.0
2024-02-23 13:30:00-05:00,27.395000457763672,27.450000762939453,27.225000381469727,27.315000534057617,291955,0.0,0.0
2024-02-23 14:30:00-05:00,27.309999465942383,27.334999084472656,27.09000015258789,27.174999237060547,300451,0.0,0.0
2024-02-23 15:30:00-05:00,27.18000030517578,27.325000762939453,27.139999389648438,27.209999084472656,785713,0.0,0.0
2024-02-26 09:30:00-05:00,27.25,27.90999984741211,27.010000228881836,27.790000915527344,837446,0.0,0.0
2024-02-26 10:30:00-05:00,27.790000915527344,27.989999771118164,27.739999771118164,27.844999313354492,545620,0.0,0.0
2024-02-26 11:30:00-05:00,27.844999313354492,28.1299991607666,27.764999389648438,28.03499984741211,591206,0.0,0.0
2024-02-26 12:30:00-05:00,28.030000686645508,28.2450008392334,27.924999237060547,27.934999465942383,441391,0.0,0.0
2024-02-26 13:30:00-05:00,27.93000030517578,28.190000534057617,27.924999237060547,28.174999237060547,274367,0.0,0.0
2024-02-26 14:30:00-05:00,28.18000030517578,28.229999542236328,28.040000915527344,28.05500030517578,311820,0.0,0.0
2024-02-26 15:30:00-05:00,28.059999465942383,28.110000610351562,27.920000076293945,28.014999389648438,494258,0.0,0.0
2024-02-27 09:30:00-05:00,28.25,28.709999084472656,28.110000610351562,28.389999389648438,617371,0.0,0.0
2024-02-27 10:30:00-05:00,28.399999618530273,28.600000381469727,28.325000762939453,28.510000228881836,290852,0.0,0.0
2024-02-27 11:30:00-05:00,28.489999771118164,28.594999313354492,28.389999389648438,28.399999618530273,180063,0.0,0.0
2024-02-27 12:30:00-05:00,28.399999618530273,28.40999984741211,28.110000610351562,28.174999237060547,210655,0.0,0.0
2024-02-27 13:30:00-05:00,28.174999237060547,28.385000228881836,28.170000076293945,28.350000381469727,158908,0.0,0.0
2024-02-27 14:30:00-05:00,28.344999313354492,28.389999389648438,28.230100631713867,28.389999389648438,238179,0.0,0.0
2024-02-27 15:30:00-05:00,28.3799991607666,28.53499984741211,28.350000381469727,28.5,493094,0.0,0.0
2024-02-28 09:30:00-05:00,28.360000610351562,28.3799991607666,28.030000686645508,28.299999237060547,640720,0.0,0.0
2024-02-28 10:30:00-05:00,28.29789924621582,28.829999923706055,28.29789924621582,28.780000686645508,617044,0.0,0.0
2024-02-28 11:30:00-05:00,28.78499984741211,28.969999313354492,28.725000381469727,28.854999542236328,348847,0.0,0.0
2024-02-28 12:30:00-05:00,28.854999542236328,28.899999618530273,28.25,28.360000610351562,1097051,0.0,0.0
2024-02-28 13:30:00-05:00,28.360000610351562,28.655000686645508,28.274999618530273,28.344999313354492,823572,0.0,0.0
2024-02-28 14:30:00-05:00,28.34000015258789,28.3700008392334,28.200000762939453,28.28499984741211,536006,0.0,0.0
2024-02-28 15:30:00-05:00,28.290000915527344,28.290000915527344,28.104999542236328,28.209999084472656,838685,0.0,0.0
2024-02-29 09:30:00-05:00,28.65999984741211,29.170000076293945,28.209999084472656,28.212499618530273,1521086,0.0,0.0
2024-02-29 10:30:00-05:00,28.218799591064453,28.524999618530273,28.204999923706055,28.219999313354492,527885,0.0,0.0
2024-02-29 11:30:00-05:00,28.219999313354492,28.260000228881836,27.959999084472656,28.03499984741211,454817,0.0,0.0
2024-02-29 12:30:00-05:00,28.045000076293945,28.149999618530273,27.8799991607666,28.10099983215332,268177,0.0,0.0
2024-02-29 13:30:00-05:00,28.100000381469727,28.219999313354492,28.100000381469727,28.155000686645508,201921,0.0,0.0
2024-02-29 14:30:00-05:00,28.149999618530273,28.329999923706055,28.094999313354492,28.225000381469727,342468,0.0,0.0
2024-02-29 15:30:00-05:00,28.219999313354492,28.264999389648438,28.059999465942383,28.170000076293945,775427,0.0,0.0
2024-03-01 09:30:00-05:00,28.25,28.264999389648438,27.185800552368164,27.540000915527344,1145432,0.0,0.0
2024-03-01 10:30:00-05:00,27.530000686645508,27.770000457763672,27.46500015258789,27.69499969482422,489956,0.0,0.0
2024-03-01 11:30:00-05:00,27.69499969482422,27.959999084472656,27.6299991607666,27.8799991607666,395173,0.0,0.0
2024-03-01 12:30:00-05:00,27.885000228881836,28.020000457763672,27.774999618530273,27.959999084472656,298232,0.0,0.0
2024-03-01 13:30:00-05:00,27.96500015258789,28.110000610351562,27.795000076293945,27.80500030517578,405620,0.0,0.0
2024-03-01 14:30:00-05:00,27.80500030517578,27.889999389648438,27.719999313354492,27.825000762939453,428041,0.0,0.0
2024-03-01 15:30:00-05:00,27.825000762939453,27.950000762939453,27.71500015258789,27.899999618530273,767150,0.0,0.0
2024-03-04 09:30:00-05:00,28.059999465942383,28.15999984741211,27.09000015258789,27.295000076293945,896536,0.0,0.0
2024-03-04 10:30:00-05:00,27.299999237060547,27.524999618530273,27.2549991607666,27.44499969482422,381235,0.0,0.0
2024-03-04 11:30:00-05:00,27.44499969482422,27.670000076293945,27.329999923706055,27.530000686645508,348098,0.0,0.0
2024-03-04 12:30:00-05:00,27.540000915527344,27.600000381469727,27.3799991607666,27.3799991607666,322309,0.0,0.0
2024-03-04 13:30:00-05:00,27.3700008392334,27.450000762939453,27.270000457763672,27.325000762939453,304891,0.0,0.0
2024-03-04 14:30:00-05:00,27.325000762939453,27.420000076293945,27.229999542236328,27.239999771118164,362819,0.0,0.0
2024-03-04 15:30:00-05:00,27.2450008392334,27.2450008392334,27.020000457763672,27.100000381469727,727756,0.0,0.0
2024-03-05 09:30:00-05:00,26.600000381469727,26.600000381469727,25.3799991607666,25.59000015258789,1485617,0.0,0.0
2024-03-05 10:30:00-05:00,25.579999923706055,25.6200008392334,25.170000076293945,25.3700008392334,858275,0.0,0.0
2024-03-05 11:30:00-05:00,25.360000610351562,25.469999313354492,25.239999771118164,25.40999984741211,935378,0.0,0.0
2024-03-05 12:30:00-05:00,25.40999984741211,25.59000015258789,25.260000228881836,25.28499984741211,824705,0.0,0.0
2024-03-05 13:30:00-05:00,25.280000686645508,25.385000228881836,25.155000686645508,25.190000534057617,570767,0.0,0.0
2024-03-05 14:30:00-05:00,25.184999465942383,25.40999984741211,25.030000686645508,25.364999771118164,797137,0.0,0.0
2024-03-05 15:30:00-05:00,25.36400032043457,25.559999465942383,25.30500030517578,25.49530029296875,1305760,0.0,0.0
2024-03-06 09:30:00-05:00,27.440000534057617,28.8700008392334,26.829999923706055,26.920000076293945,3154055,0.0,0.0
2024-03-06 10:30:00-05:00,26.899999618530273,27.1200008392334,26.690000534057617,26.989999771118164,900853,0.0,0.0
2024-03-06 11:30:00-05:00,27.0049991607666,27.219900131225586,26.81999969482422,27.219900131225586,586788,0.0,0.0
2024-03-06 12:30:00-05:00,27.219900131225586,27.325000762939453,27.014999389648438,27.075000762939453,552742,0.0,0.0
2024-03-06 13:30:00-05:00,27.075000762939453,27.075000762939453,26.6200008392334,26.920000076293945,586077,0.0,0.0
2024-03-06 14:30:00-05:00,26.93000030517578,26.950000762939453,26.59000015258789,26.680999755859375,466415,0.0,0.0
2024-03-06 15:30:00-05:00,26.690000534057617,26.834999084472656,26.520000457763672,26.739999771118164,1329492,0.0,0.0
2024-03-07 09:30:00-05:00,26.799999237060547,27.13920021057129,26.350000381469727,26.864999771118164,895432,0.0,0.0
2024-03-07 10:30:00-05:00,26.864999771118164,27.010000228881836,26.760000228881836,26.950000762939453,401785,0.0,0.0
2024-03-07 11:30:00-05:00,26.93000030517578,26.989999771118164,26.799999237060547,26.934999465942383,341423,0.0,0.0
2024-03-07 12:30:00-05:00,26.934999465942383,27.104999542236328,26.905000686645508,27.100000381469727,321167,0.0,0.0
2024-03-07 13:30:00-05:00,27.110000610351562,27.198200225830078,27.049999237060547,27.174999237060547,276024,0.0,0.0
2024-03-07 14:30:00-05:00,27.18000030517578,27.29990005493164,27.059999465942383,27.125,373896,0.0,0.0
2024-03-07 15:30:00-05:00,27.1299991607666,27.18000030517578,27.06999969482422,27.139999389648438,545152,0.0,0.0
2024-03-08 09:30:00-05:00,27.600000381469727,28.309999465942383,27.40999984741211,28.229999542236328,1530543,0.0,0.0
2024-03-08 10:30:00-05:00,28.229999542236328,28.270000457763672,27.469999313354492,27.469999313354492,1031603,0.0,0.0
2024-03-08 11:30:00-05:00,27.479999542236328,27.649999618530273,27.354999542236328,27.550100326538086,884562,0.0,0.0
2024-03-08 12:30:00-05:00,27.559999465942383,27.604999542236328,27.219999313354492,27.329999923706055,498260,0.0,0.0
2024-03-08 13:30:00-05:00,27.329999923706055,27.530000686645508,27.200000762939453,27.489999771118164,401343,0.0,0.0
2024-03-08 14:30:00-05:00,27.489999771118164,27.690000534057617,27.46500015258789,27.46500015258789,476948,0.0,0.0
2024-03-08 15:30:00-05:00,27.46500015258789,27.59000015258789,27.440000534057617,27.450000762939453,908175,0.0,0.0
2024-03-11 09:30:00-04:00,26.81999969482422,27.200000762939453,26.489999771118164,26.950000762939453,1236773,0.0,0.0
2024-03-11 10:30:00-04:00,26.954999923706055,27.170000076293945,26.815000534057617,26.905000686645508,528349,0.0,0.0
2024-03-11 11:30:00-04:00,26.899999618530273,27.002500534057617,26.84000015258789,26.950000762939453,419835,0.0,0.0
2024-03-11 12:30:00-04:00,26.954999923706055,27.065000534057617,26.920000076293945,26.989999771118164,301440,0.0,0.0
2024-03-11 13:30:00-04:00,26.989999771118164,27.110000610351562,26.84000015258789,27.09000015258789,304102,0.0,0.0
2024-03-11 14:30:00-04:00,27.09000015258789,27.104999542236328,26.790000915527344,26.832500457763672,415531,0.0,0.0
2024-03-11 15:30:00-04:00,26.834999084472656,26.969999313354492,26.739999771118164,26.959999084472656,907695,0.0,0.0
2024-03-12 09:30:00-04:00,27.170000076293945,27.545000076293945,26.790000915527344,27.475000381469727,1087036,0.0,0.0
2024-03-12 10:30:00-04:00,27.489999771118164,27.979999542236328,27.485000610351562,27.875,976837,0.0,0.0
2024-03-12 11:30:00-04:00,27.8700008392334,27.915000915527344,27.649999618530273,27.889999389648438,1502317,0.0,0.0
2024-03-12 12:30:00-04:00,27.889999389648438,27.985000610351562,27.514999389648438,27.625,695919,0.0,0.0
2024-03-12 13:30:00-04:00,27.6200008392334,27.81999969482422,27.549999237060547,27.81999969482422,491673,0.0,0.0
2024-03-12 14:30:00-04:00,27.81999969482422,27.93000030517578,27.764999389648438,27.8700008392334,921084,0.0,0.0
2024-03-12 15:30:00-04:00,27.864999771118164,27.950000762939453,27.795000076293945,27.950000762939453,1151907,0.0,0.0
2024-03-13 09:30:00-04:00,27.299999237060547,27.988000869750977,27.09000015258789,27.920000076293945,1771374,0.0,0.0
2024-03-13 10:30:00-04:00,27.911300659179688,28.094999313354492,27.75,28.042999267578125,1093088,0.0,0.0
2024-03-13 11:30:00-04:00,28.049999237060547,28.25,27.8799991607666,28.135000228881836,1237568,0.0,0.0
2024-03-13 12:30:00-04:00,28.139999389648438,28.280000686645508,28.03499984741211,28.049999237060547,1004385,0.0,0.0
2024-03-13 13:30:00-04:00,28.059999465942383,28.209999084472656,27.989999771118164,28.110000610351562,809829,0.0,0.0
2024-03-13 14:30:00-04:00,28.11680030822754,28.229999542236328,27.8700008392334,27.908000946044922,1325417,0.0,0.0
2024-03-13 15:30:00-04:00,27.905000686645508,28.020000457763672,27.799999237060547,27.93000030517578,2260495,0.0,0.0
2024-03-14 09:30:00-04:00,24.399999618530273,25.149999618530273,23.5,23.969999313354492,9440873,0.0,0.0
2024-03-14 10:30:00-04:00,23.969999313354492,24.600000381469727,23.962499618530273,24.05150032043457,4127348,0.0,0.0
2024-03-14 11:30:00-04:00,24.05500030517578,24.120100021362305,23.03499984741211,23.05500030517578,3875221,0.0,0.0
2024-03-14 12:30:00-04:00,23.05120086669922,23.729999542236328,23.040000915527344,23.315000534057617,1915019,0.0,0.0
2024-03-14 13:30:00-04:00,23.315000534057617,23.450000762939453,23.06999969482422,23.150100708007812,1187445,0.0,0.0
2024-03-14 14:30:00-04:00,23.158899307250977,23.354999542236328,22.795000076293945,23.094999313354492,2224424,0.0,0.0
2024-03-14 15:30:00-04:00,23.094999313354492,23.350000381469727,23.020000457763672,23.28499984741211,4153426,0.0,0.0
2024-03-15 09:30:00-04:00,23.139999389648438,23.183000564575195,22.45009994506836,22.625,2989158,0.0,0.0
2024-03-15 10:30:00-04:00,22.6200008392334,23.010000228881836,22.25,22.420000076293945,2508000,0.0,0.0
2024-03-15 11:30:00-04:00,22.415000915527344,22.540000915527344,22.059999465942383,22.280000686645508,2513071,0.0,0.0
2024-03-15 12:30:00-04:00,22.287799835205078,22.365299224853516,22.1200008392334,22.260000228881836,1822155,0.0,0.0
2024-03-15 13:30:00-04:00,22.260000228881836,22.3799991607666,22.100000381469727,22.104999542236328,1050580,0.0,0.0
2024-03-15 14:30:00-04:00,22.104999542236328,22.229999542236328,22.0,22.065000534057617,2238717,0.0,0.0
2024-03-15 15:30:00-04:00,22.060100555419922,22.110000610351562,21.81999969482422,22.045000076293945,2619025,0.0,0.0
2024-03-18 09:30:00-04:00,22.399999618530273,22.770000457763672,22.219999313354492,22.767200469970703,1647502,0.0,0.0
2024-03-18 10:30:00-04:00,22.770000457763672,22.799999237060547,22.53499984741211,22.767900466918945,996392,0.0,0.0
2024-03-18 11:30:00-04:00,22.760000228881836,23.219999313354492,22.700000762939453,23.145000457763672,1109047,0.0,0.0
2024-03-18 12:30:00-04:00,23.145000457763672,23.329999923706055,22.979999542236328,23.145000457763672,956312,0.0,0.0
2024-03-18 13:30:00-04:00,23.149999618530273,23.318500518798828,23.104999542236328,23.2539005279541,900451,0.0,0.0
2024-03-18 14:30:00-04:00,23.2549991607666,23.389999389648438,23.170000076293945,23.301000595092773,901437,0.0,0.0
2024-03-18 15:30:00-04:00,23.299999237060547,23.31999969482422,23.1299991607666,23.18000030517578,1326356,0.0,0.0
2024-03-19 09:30:00-04:00,22.75,22.8799991607666,22.389999389648438,22.59000015258789,990579,0.0,0.0
2024-03-19 10:30:00-04:00,22.579999923706055,22.834999084472656,22.5,22.799999237060547,624768,0.0,0.0
2024-03-19 11:30:00-04:00,22.809999465942383,22.897499084472656,22.75,22.809999465942383,555966,0.0,0.0
2024-03-19 12:30:00-04:00,22.809999465942383,22.975000381469727,22.809999465942383,22.899900436401367,411650,0.0,0.0
2024-03-19 13:30:00-04:00,22.899999618530273,23.010000228881836,22.8700008392334,22.91309928894043,421143,0.0,0.0
2024-03-19 14:30:00-04:00,22.90999984741211,22.969999313354492,22.68000030517578,22.729999542236328,650791,0.0,0.0
2024-03-19 15:30:00-04:00,22.719999313354492,22.920000076293945,22.704999923706055,22.860000610351562,861934,0.0,0.0
2024-03-20 09:30:00-04:00,22.920000076293945,23.190000534057617,22.864999771118164,23.149999618530273,851167,0.0,0.0
2024-03-20 10:30:00-04:00,23.15999984741211,23.239999771118164,22.940000534057617,22.975000381469727,560117,0.0,0.0
2024-03-20 11:30:00-04:00,22.979999542236328,22.979999542236328,22.725000381469727,22.799999237060547,390652,0.0,0.0
2024-03-20 12:30:00-04:00,22.799999237060547,22.905000686645508,22.729999542236328,22.864999771118164,300221,0.0,0.0
2024-03-20 13:30:00-04:00,22.864999771118164,23.329999923706055,22.833900451660156,23.2549991607666,454859,0.0,0.0
2024-03-20 14:30:00-04:00,23.260000228881836,23.450000762939453,23.020000457763672,23.375,716274,0.0,0.0
2024-03-20 15:30:00-04:00,23.3799991607666,23.424999237060547,23.209999084472656,23.31999969482422,674692,0.0,0.0
2024-03-21 09:30:00-04:00,23.65999984741211,23.989999771118164,23.469999313354492,23.764999389648438,1045869,0.0,0.0
2024-03-21 10:30:00-04:00,23.760000228881836,23.768999099731445,23.389999389648438,23.501399993896484,794606,0.0,0.0
2024-03-21 11:30:00-04:00,23.500900268554688,23.59000015258789,23.299999237060547,23.485000610351562,1066345,0.0,0.0
2024-03-21 12:30:00-04:00,23.479999542236328,23.68000030517578,23.424999237060547,23.649999618530273,698486,0.0,0.0
2024-03-21 13:30:00-04:00,23.640100479125977,23.670000076293945,23.354999542236328,23.43000030517578,615859,0.0,0.0
2024-03-21 14:30:00-04:00,23.434999465942383,23.514999389648438,23.329999923706055,23.43000030517578,980824,0.0,0.0
2024-03-21 15:30:00-04:00,23.440000534057617,23.459999084472656,23.219999313354492,23.34000015258789,1175290,0.0,0.0
2024-03-22 09:30:00-04:00,23.270000457763672,23.290000915527344,22.670000076293945,22.694000244140625,806518,0.0,0.0
2024-03-22 10:30:00-04:00,22.69879913330078,22.920000076293945,22.600000381469727,22.764999389648438,585660,0.0,0.0
2024-03-22 11:30:00-04:00,22.770000457763672,22.790000915527344,22.6200008392334,22.709999084472656,392036,0.0,0.0
2024-03-22 12:30:00-04:00,22.709999084472656,22.770000457763672,22.625,22.7549991607666,332239,0.0,0.0
2024-03-22 13:30:00-04:00,22.75,22.770000457763672,22.614999771118164,22.739999771118164,365916,0.0,0.0
2024-03-22 14:30:00-04:00,22.739999771118164,22.8799991607666,22.739999771118164,22.792499542236328,376495,0.0,0.0
2024-03-22 15:30:00-04:00,22.795000076293945,22.920000076293945,22.729999542236328,22.780000686645508,764135,0.0,0.0
2024-03-25 09:30:00-04:00,22.780000686645508,23.019100189208984,22.6200008392334,22.770000457763672,671934,0.0,0.0
2024-03-25 10:30:00-04:00,22.771799087524414,22.829999923706055,22.6200008392334,22.6200008392334,488773,0.0,0.0
2024-03-25 11:30:00-04:00,22.610000610351562,22.68000030517578,22.549999237060547,22.55500030517578,362178,0.0,0.0
2024-03-25 12:30:00-04:00,22.55500030517578,22.756999969482422,22.530000686645508,22.69499969482422,302846,0.0,0.0
2024-03-25 13:30:00-04:00,22.699899673461914,22.719999313354492,22.575000762939453,22.59000015258789,311232,0.0,0.0
2024-03-25 14:30:00-04:00,22.579999923706055,22.649999618530273,22.545000076293945,22.584999084472656,347959,0.0,0.0
2024-03-25 15:30:00-04:00,22.579999923706055,22.610000610351562,22.469999313354492,22.469999313354492,740849,0.0,0.0
2024-03-26 09:30:00-04:00,22.6299991607666,22.860000610351562,22.469999313354492,22.469999313354492,691432,0.0,0.0
2024-03-26 10:30:00-04:00,22.469999313354492,22.600000381469727,22.381000518798828,22.420000076293945,542089,0.0,0.0
2024-03-26 11:30:00-04:00,22.420000076293945,22.540000915527344,22.354999542236328,22.462499618530273,546935,0.0,0.0
2024-03-26 12:30:00-04:00,22.46500015258789,22.520000457763672,22.354999542236328,22.43000030517578,462696,0.0,0.0
2024-03-26 13:30:00-04:00,22.434999465942383,22.594999313354492,22.415000915527344,22.540000915527344,712465,0.0,0.0
2024-03-26 14:30:00-04:00,22.545000076293945,22.594999313354492,22.360000610351562,22.364999771118164,403568,0.0,0.0
2024-03-26 15:30:00-04:00,22.364999771118164,22.399999618530273,22.209999084472656,22.219999313354492,903395,0.0,0.0
2024-03-27 09:30:00-04:00,22.489999771118164,22.57990074157715,22.049999237060547,22.3700008392334,996226,0.0,0.0
2024-03-27 10:30:00-04:00,22.3799991607666,22.5049991607666,22.219999313354492,22.389999389648438,734215,0.0,0.0
2024-03-27 11:30:00-04:00,22.389999389648438,22.5,22.3700008392334,22.475000381469727,365078,0.0,0.0
2024-03-27 12:30:00-04:00,22.475200653076172,22.594999313354492,22.399999618530273,22.415000915527344,355684,0.0,0.0
2024-03-27 13:30:00-04:00,22.415000915527344,22.575000762939453,22.360000610351562,22.559999465942383,464903,0.0,0.0
2024-03-27 14:30:00-04:00,22.549999237060547,22.6200008392334,22.459999084472656,22.530000686645508,362824,0.0,0.0
2024-03-27 15:30:00-04:00,22.53499984741211,22.690000534057617,22.5,22.690000534057617,625949,0.0,0.0
2024-03-28 09:30:00-04:00,22.719999313354492,23.270000457763672,22.6299991607666,23.25,981397,0.0,0.0
2024-03-28 10:30:00-04:00,23.25,23.450000762939453,23.15999984741211,23.334999084472656,655056,0.0,0.0
2024-03-28 11:30:00-04:00,23.331199645996094,23.385000228881836,23.010000228881836,23.264999389648438,580049,0.0,0.0
2024-03-28 12:30:00-04:00,23.267000198364258,23.299999237060547,23.049999237060547,23.075000762939453,547487,0.0,0.0
2024-03-28 13:30:00-04:00,23.079500198364258,23.118999481201172,22.979999542236328,23.040000915527344,248108,0.0,0.0
2024-03-28 14:30:00-04:00,23.040000915527344,23.280000686645508,23.030000686645508,23.1924991607666,461558,0.0,0.0
2024-03-28 15:30:00-04:00,23.190000534057617,23.360000610351562,23.149999618530273,23.299999237060547,738938,0.0,0.0
2024-04-01 09:30:00-04:00,23.329999923706055,23.350000381469727,22.729999542236328,22.760000228881836,955436,0.0,0.0
2024-04-01 10:30:00-04:00,22.760000228881836,22.8799991607666,22.700000762939453,22.795000076293945,432183,0.0,0.0
2024-04-01 11:30:00-04:00,22.795000076293945,22.795000076293945,22.579999923706055,22.719999313354492,371603,0.0,0.0
2024-04-01 12:30:00-04:00,22.719999313354492,22.924999237060547,22.680099487304688,22.905000686645508,475537,0.0,0.0
2024-04-01 13:30:00-04:00,22.899999618530273,23.0,22.860000610351562,22.94499969482422,281594,0.0,0.0
2024-04-01 14:30:00-04:00,22.950000762939453,23.07830047607422,22.950000762939453,23.05940055847168,393865,0.0,0.0
2024-04-01 15:30:00-04:00,23.05500030517578,23.100000381469727,22.96500015258789,23.0,692828,0.0,0.0
2024-04-02 09:30:00-04:00,22.420000076293945,22.469900131225586,22.1299991607666,22.420000076293945,956256,0.0,0.0
2024-04-02 10:30:00-04:00,22.43000030517578,22.55500030517578,22.264999389648438,22.5,407547,0.0,0.0
2024-04-02 11:30:00-04:00,22.504199981689453,22.56999969482422,22.43000030517578,22.469999313354492,325640,0.0,0.0
2024-04-02 12:30:00-04:00,22.46500015258789,22.610000610351562,22.46500015258789,22.520000457763672,312962,0.0,0.0
2024-04-02 13:30:00-04:00,22.524999618530273,22.530000686645508,22.389999389648438,22.395000457763672,310528,0.0,0.0
2024-04-02 14:30:00-04:00,22.395000457763672,22.549999237060547,22.3700008392334,22.539899826049805,350352,0.0,0.0
2024-04-02 15:30:00-04:00,22.540000915527344,22.6299991607666,22.5,22.549999237060547,580366,0.0,0.0
2024-04-03 09:30:00-04:00,22.350000381469727,22.454999923706055,22.09000015258789,22.395000457763672,668830,0.0,0.0
2024-04-03 10:30:00-04:00,22.395000457763672,22.540000915527344,22.395000457763672,22.510000228881836,483562,0.0,0.0
2024-04-03 11:30:00-04:00,22.489999771118164,22.514999389648438,22.309999465942383,22.3799991607666,340269,0.0,0.0
2024-04-03 12:30:00-04:00,22.385499954223633,22.399999618530273,22.235000610351562,22.399999618530273,393697,0.0,0.0
2024-04-03 13:30:00-04:00,22.399999618530273,22.479999542236328,22.309999465942383,22.344999313354492,351387,0.0,0.0
2024-04-03 14:30:00-04:00,22.34000015258789,22.34000015258789,22.170000076293945,22.25,599274,0.0,0.0
2024-04-03 15:30:00-04:00,22.239999771118164,22.3799991607666,22.219999313354492,22.350000381469727,584955,0.0,0.0
2024-04-04 09:30:00-04:00,22.780000686645508,23.0049991607666,22.600000381469727,22.704999923706055,544493,0.0,0.0
2024-04-04 10:30:00-04:00,22.704999923706055,22.770000457763672,22.56999969482422,22.674999237060547,282319,0.0,0.0
2024-04-04 11:30:00-04:00,22.674999237060547,22.69499969482422,22.56999969482422,22.674999237060547,209422,0.0,0.0
2024-04-04 12:30:00-04:00,22.674999237060547,22.709999084472656,22.565000534057617,22.56999969482422,213041,0.0,0.0
2024-04-04 13:30:00-04:00,22.559999465942383,22.649999618530273,22.32990074157715,22.329999923706055,470349,0.0,0.0
2024-04-04 14:30:00-04:00,22.325000762939453,22.360000610351562,21.719999313354492,21.725000381469727,1144572,0.0,0.0
2024-04-04 15:30:00-04:00,21.725000381469727,21.959999084472656,21.725000381469727,21.84000015258789,720375,0.0,0.0
2024-04-05 09:30:00-04:00,21.899999618530273,22.309999465942383,21.899999618530273,22.049999237060547,790358,0.0,0.0
2024-04-05 10:30:00-04:00,22.049999237060547,22.420000076293945,22.040000915527344,22.260000228881836,651941,0.0,0.0
2024-04-05 11:30:00-04:00,22.25,22.530000686645508,22.239999771118164,22.524999618530273,494586,0.0,0.0
2024-04-05 12:30:00-04:00,22.520000457763672,22.729999542236328,22.520000457763672,22.635000228881836,565549,0.0,0.0
2024-04-05 13:30:00-04:00,22.635000228881836,22.700000762939453,22.485000610351562,22.485000610351562,566393,0.0,0.0
2024-04-05 14:30:00-04:00,22.489999771118164,22.600000381469727,22.489999771118164,22.565000534057617,382528,0.0,0.0
2024-04-05 15:30:00-04:00,22.565000534057617,22.6200008392334,22.485000610351562,22.59000015258789,1227801,0.0,0.0
2024-04-08 09:30:00-04:00,22.899999618530273,22.899999618530273,22.540000915527344,22.770000457763672,1146956,0.0,0.0
2024-04-08 10:30:00-04:00,22.799999237060547,22.809999465942383,22.635000228881836,22.7549991607666,421342,0.0,0.0
2024-04-08 11:30:00-04:00,22.7549991607666,22.770000457763672,22.549999237060547,22.565000534057617,511654,0.0,0.0
2024-04-08 12:30:00-04:00,22.559999465942383,22.825000762939453,22.55500030517578,22.815000534057617,439939,0.0,0.0
2024-04-08 13:30:00-04:00,22.809999465942383,22.815000534057617,22.725000381469727,22.7549991607666,259180,0.0,0.0
2024-04-08 14:30:00-04:00,22.75,22.799999237060547,22.690000534057617,22.774999618530273,310434,0.0,0.0
2024-04-08 15:30:00-04:00,22.770000457763672,22.950000762939453,22.7450008392334,22.90999984741211,829892,0.0,0.0
2024-04-09 09:30:00-04:00,23.0,23.110000610351562,22.6200008392334,22.628000259399414,475373,0.0,0.0
2024-04-09 10:30:00-04:00,22.621999740600586,22.6299991607666,22.3523006439209,22.360000610351562,322011,0.0,0.0
2024-04-09 11:30:00-04:00,22.364999771118164,22.545000076293945,22.299999237060547,22.5,340473,0.0,0.0
2024-04-09 12:30:00-04:00,22.5,22.709999084472656,22.40999984741211,22.550100326538086,798117,0.0,0.0
2024-04-09 13:30:00-04:00,22.55500030517578,22.6299991607666,22.514999389648438,22.530000686645508,287040,0.0,0.0
2024-04-09 14:30:00-04:00,22.530000686645508,22.540000915527344,22.43000030517578,22.524999618530273,403522,0.0,0.0
2024-04-09 15:30:00-04:00,22.524999618530273,22.649999618530273,22.40999984741211,22.420000076293945,879275,0.0,0.0
2024-04-10 09:30:00-04:00,21.709999084472656,22.34000015258789,21.642000198364258,22.334999084472656,872068,0.0,0.0
2024-04-10 10:30:00-04:00,22.350000381469727,22.3700008392334,22.040000915527344,22.139999389648438,509759,0.0,0.0
2024-04-10 11:30:00-04:00,22.149999618530273,22.19499969482422,22.06999969482422,22.18000030517578,219842,0.0,0.0
2024-04-10 12:30:00-04:00,22.172300338745117,22.204999923706055,22.049999237060547,22.1200008392334,280211,0.0,0.0
2024-04-10 13:30:00-04:00,22.125,22.190000534057617,22.000099182128906,22.0049991607666,375050,0.0,0.0
2024-04-10 14:30:00-04:00,22.0049991607666,22.06999969482422,21.934999465942383,22.020000457763672,364004,0.0,0.0
2024-04-10 15:30:00-04:00,22.020000457763672,22.15999984741211,21.979999542236328,22.145000457763672,536971,0.0,0.0
2024-04-11 09:30:00-04:00,22.329999923706055,22.440000534057617,22.0,22.03499984741211,440608,0.0,0.0
2024-04-11 10:30:00-04:00,22.037500381469727,22.1200008392334,21.969999313354492,22.059999465942383,251324,0.0,0.0
2024-04-11 11:30:00-04:00,22.049999237060547,22.28499984741211,22.040000915527344,22.209999084472656,290990,0.0,0.0
2024-04-11 12:30:00-04:00,22.19499969482422,22.43000030517578,22.139999389648438,22.398000717163086,402801,0.0,0.0
2024-04-11 13:30:00-04:00,22.399900436401367,22.579999923706055,22.395000457763672,22.559999465942383,428060,0.0,0.0
2024-04-11 14:30:00-04:00,22.559999465942383,22.594999313354492,22.385000228881836,22.450000762939453,298597,0.0,0.0
2024-04-11 15:30:00-04:00,22.450000762939453,22.549999237060547,22.44499969482422,22.489999771118164,425126,0.0,0.0
2024-04-12 09:30:00-04:00,22.139999389648438,22.229999542236328,22.040000915527344,22.100000381469727,455252,0.0,0.0
2024-04-12 10:30:00-04:00,22.100000381469727,22.170000076293945,22.0,22.104999542236328,293495,0.0,0.0
2024-04-12 11:30:00-04:00,22.100000381469727,22.137399673461914,21.954999923706055,21.979999542236328,196625,0.0,0.0
2024-04-12 12:30:00-04:00,21.989999771118164,21.989999771118164,21.825000762939453,21.850000381469727,249354,0.0,0.0
2024-04-12 13:30:00-04:00,21.844999313354492,21.8700008392334,21.760000228881836,21.78499984741211,268921,0.0,0.0
2024-04-12 14:30:00-04:00,21.78499984741211,21.78849983215332,21.520000457763672,21.614999771118164,789066,0.0,0.0
2024-04-12 15:30:00-04:00,21.6200008392334,21.739999771118164,21.59000015258789,21.709999084472656,539170,0.0,0.0
2024-04-15 09:30:00-04:00,21.700000762939453,21.75,21.125,21.145000457763672,1004127,0.0,0.0
2024-04-15 10:30:00-04:00,21.139999389648438,21.145000457763672,20.899999618530273,21.024999618530273,817473,0.0,0.0
2024-04-15 11:30:00-04:00,21.024999618530273,21.21500015258789,20.94499969482422,21.0049991607666,605206,0.0,0.0
2024-04-15 12:30:00-04:00,21.0049991607666,21.049999237060547,20.80270004272461,20.80270004272461,595552,0.0,0.0
2024-04-15 13:30:00-04:00,20.808000564575195,20.835100173950195,20.645000457763672,20.655000686645508,583561,0.0,0.0
2024-04-15 14:30:00-04:00,20.649999618530273,20.81999969482422,20.510000228881836,20.655000686645508,980054,0.0,0.0
2024-04-15 15:30:00-04:00,20.655000686645508,20.739999771118164,20.639999389648438,20.670000076293945,1054837,0.0,0.0
2024-04-16 09:30:00-04:00,20.670000076293945,20.719999313354492,20.280000686645508,20.514999389648438,871199,0.0,0.0
2024-04-16 10:30:00-04:00,20.520000457763672,20.704999923706055,20.420000076293945,20.69499969482422,611446,0.0,0.0
2024-04-16 11:30:00-04:00,20.700000762939453,20.7450008392334,20.600000381469727,20.701000213623047,355663,0.0,0.0
2024-04-16 12:30:00-04:00,20.704999923706055,20.774999618530273,20.649999618530273,20.729999542236328,236151,0.0,0.0
2024-04-16 13:30:00-04:00,20.725000381469727,20.905000686645508,20.579999923706055,20.690000534057617,364273,0.0,0.0
2024-04-16 14:30:00-04:00,20.69499969482422,20.850000381469727,20.690000534057617,20.850000381469727,294714,0.0,0.0
2024-04-16 15:30:00-04:00,20.84000015258789,20.93000030517578,20.78499984741211,20.8799991607666,839496,0.0,0.0
2024-04-17 09:30:00-04:00,21.020000457763672,21.270000457763672,20.979999542236328,21.06999969482422,385113,0.0,0.0
2024-04-17 10:30:00-04:00,21.065000534057617,21.104999542236328,20.829999923706055,20.834999084472656,239813,0.0,0.0
2024-04-17 11:30:00-04:00,20.829999923706055,20.920000076293945,20.714000701904297,20.760000228881836,250763,0.0,0.0
2024-04-17 12:30:00-04:00,20.760000228881836,20.8700008392334,20.649999618530273,20.825000762939453,340871,0.0,0.0
2024-04-17 13:30:00-04:00,20.829999923706055,20.969900131225586,20.829999923706055,20.885000228881836,267206,0.0,0.0
2024-04-17 14:30:00-04:00,20.885000228881836,20.999900817871094,20.764999389648438,20.774999618530273,308296,0.0,0.0
2024-04-17 15:30:00-04:00,20.770000457763672,20.809999465942383,20.6299991607666,20.6299991607666,432648,0.0,0.0
2024-04-18 09:30:00-04:00,20.75,20.850000381469727,20.540000915527344,20.7450008392334,458464,0.0,0.0
2024-04-18 10:30:00-04:00,20.7450008392334,20.950000762939453,20.7450008392334,20.895000457763672,305358,0.0,0.0
2024-04-18 11:30:00-04:00,20.899999618530273,20.989999771118164,20.815000534057617,20.989999771118164,232725,0.0,0.0
2024-04-18 12:30:00-04:00,20.9950008392334,21.010000228881836,20.75,20.799999237060547,269007,0.0,0.0
2024-04-18 13:30:00-04:00,20.790000915527344,20.825000762939453,20.600000381469727,20.649999618530273,223011,0.0,0.0
2024-04-18 14:30:00-04:00,20.655000686645508,20.690000534057617,20.559999465942383,20.579999923706055,266908,0.0,0.0
2024-04-18 15:30:00-04:00,20.579999923706055,20.690000534057617,20.559999465942383,20.600000381469727,652260,0.0,0.0
2024-04-19 09:30:00-04:00,20.360000610351562,20.670000076293945,20.219999313354492,20.329999923706055,499412,0.0,0.0
2024-04-19 10:30:00-04:00,20.329999923706055,20.440000534057617,20.235000610351562,20.235000610351562,540291,0.0,0.0
2024-04-19 11:30:00-04:00,20.239999771118164,20.375,20.040000915527344,20.040000915527344,716766,0.0,0.0
2024-04-19 12:30:00-04:00,20.040000915527344,20.219999313354492,19.969999313354492,20.139999389648438,970801,0.0,0.0
2024-04-19 13:30:00-04:00,20.149999618530273,20.229999542236328,20.020000457763672,20.020000457763672,569267,0.0,0.0
2024-04-19 14:30:00-04:00,20.020000457763672,20.079999923706055,19.931699752807617,20.020000457763672,558905,0.0,0.0
2024-04-19 15:30:00-04:00,20.020000457763672,20.075000762939453,19.950000762939453,20.059999465942383,1089971,0.0,0.0
2024-04-22 09:30:00-04:00,20.5,20.510000228881836,20.0,20.020299911499023,667881,0.0,0.0
2024-04-22 10:30:00-04:00,20.030000686645508,20.204999923706055,19.989999771118164,20.165000915527344,550777,0.0,0.0
2024-04-22 11:30:00-04:00,20.170000076293945,20.41990089416504,20.170000076293945,20.364999771118164,397558,0.0,0.0
2024-04-22 12:30:00-04:00,20.360000610351562,20.44499969482422,20.315000534057617,20.440000534057617,252465,0.0,0.0
2024-04-22 13:30:00-04:00,20.434999465942383,20.6299991607666,20.405000686645508,20.584999084472656,331412,0.0,0.0
2024-04-22 14:30:00-04:00,20.586000442504883,20.61750030517578,20.489999771118164,20.526399612426758,248491,0.0,0.0
2024-04-22 15:30:00-04:00,20.520000457763672,20.57990074157715,20.440000534057617,20.475000381469727,433101,0.0,0.0
2024-04-23 09:30:00-04:00,20.43000030517578,21.239999771118164,20.3799991607666,21.21500015258789,1111128,0.0,0.0
2024-04-23 10:30:00-04:00,21.21500015258789,21.364999771118164,21.079999923706055,21.360000610351562,638727,0.0,0.0
2024-04-23 11:30:00-04:00,21.364999771118164,21.36750030517578,21.225000381469727,21.30500030517578,482740,0.0,0.0
2024-04-23 12:30:00-04:00,21.30500030517578,21.31999969482422,21.174999237060547,21.184999465942383,349773,0.0,0.0
2024-04-23 13:30:00-04:00,21.184999465942383,21.350000381469727,21.149999618530273,21.344999313354492,289023,0.0,0.0
2024-04-23 14:30:00-04:00,21.350000381469727,21.415000915527344,21.280000686645508,21.309999465942383,344823,0.0,0.0
2024-04-23 15:30:00-04:00,21.309999465942383,21.309999465942383,21.165000915527344,21.18000030517578,530335,0.0,0.0
2024-04-24 09:30:00-04:00,21.489999771118164,21.649999618530273,21.280000686645508,21.344999313354492,458937,0.0,0.0
2024-04-24 10:30:00-04:00,21.350000381469727,21.4950008392334,21.270000457763672,21.320100784301758,355456,0.0,0.0
2024-04-24 11:30:00-04:00,21.31999969482422,21.375,21.209999084472656,21.295000076293945,367170,0.0,0.0
2024-04-24 12:30:00-04:00,21.295000076293945,21.709999084472656,21.25,21.684999465942383,320192,0.0,0.0
2024-04-24 13:30:00-04:00,21.684999465942383,21.725000381469727,21.6200008392334,21.674999237060547,307336,0.0,0.0
2024-04-24 14:30:00-04:00,21.670000076293945,21.71500015258789,21.600000381469727,21.635000228881836,399652,0.0,0.0
2024-04-24 15:30:00-04:00,21.635000228881836,21.655000686645508,21.559999465942383,21.56999969482422,633969,0.0,0.0
2024-04-25 09:30:00-04:00,21.030000686645508,21.190000534057617,20.774999618530273,21.040000915527344,397068,0.0,0.0
2024-04-25 10:30:00-04:00,21.040000915527344,21.079999923706055,20.905000686645508,20.979999542236328,294929,0.0,0.0
2024-04-25 11:30:00-04:00,20.979999542236328,21.084999084472656,20.854999542236328,21.014999389648438,194298,0.0,0.0
2024-04-25 12:30:00-04:00,21.014999389648438,21.149999618530273,20.979999542236328,21.075000762939453,264144,0.0,0.0
2024-04-25 13:30:00-04:00,21.079999923706055,21.264999389648438,21.079999923706055,21.135000228881836,227731,0.0,0.0
2024-04-25 14:30:00-04:00,21.1299991607666,21.2450008392334,21.122499465942383,21.225000381469727,212869,0.0,0.0
2024-04-25 15:30:00-04:00,21.225000381469727,21.225000381469727,21.1200008392334,21.209999084472656,420210,0.0,0.0
2024-04-26 09:30:00-04:00,21.5,21.725000381469727,21.389999389648438,21.639999389648438,331274,0.0,0.0
2024-04-26 10:30:00-04:00,21.649999618530273,21.780000686645508,21.5049991607666,21.559999465942383,249159,0.0,0.0
2024-04-26 11:30:00-04:00,21.559999465942383,21.649999618530273,21.520000457763672,21.540000915527344,212697,0.0,0.0
2024-04-26 12:30:00-04:00,21.536699295043945,21.68000030517578,21.520000457763672,21.614999771118164,156617,0.0,0.0
2024-04-26 13:30:00-04:00,21.610000610351562,21.6299991607666,21.510000228881836,21.540000915527344,139751,0.0,0.0
2024-04-26 14:30:00-04:00,21.549999237060547,21.584999084472656,21.469999313354492,21.55500030517578,263497,0.0,0.0
2024-04-26 15:30:00-04:00,21.559999465942383,21.575000762939453,21.489999771118164,21.559999465942383,403206,0.0,0.0
2024-04-29 09:30:00-04:00,21.684999465942383,21.920000076293945,21.469999313354492,21.594999313354492,317713,0.0,0.0
2024-04-29 10:30:00-04:00,21.59000015258789,21.604999542236328,21.40999984741211,21.415000915527344,216555,0.0,0.0
2024-04-29 11:30:00-04:00,21.40999984741211,21.540000915527344,21.28499984741211,21.510000228881836,230075,0.0,0.0
2024-04-29 12:30:00-04:00,21.510000228881836,21.594999313354492,21.475000381469727,21.559999465942383,135564,0.0,0.0
2024-04-29 13:30:00-04:00,21.565000534057617,21.65999984741211,21.55500030517578,21.614999771118164,236301,0.0,0.0
2024-04-29 14:30:00-04:00,21.614999771118164,21.68000030517578,21.4330997467041,21.510000228881836,375070,0.0,0.0
2024-04-29 15:30:00-04:00,21.520000457763672,21.700000762939453,21.520000457763672,21.700000762939453,437682,0.0,0.0
2024-04-30 09:30:00-04:00,21.420000076293945,21.69499969482422,21.420000076293945,21.565000534057617,264673,0.0,0.0
2024-04-30 10:30:00-04:00,21.559999465942383,21.59000015258789,21.389999389648438,21.5049991607666,226439,0.0,0.0
2024-04-30 11:30:00-04:00,21.5,21.510000228881836,21.375,21.415000915527344,248983,0.0,0.0
2024-04-30 12:30:00-04:00,21.40999984741211,21.415000915527344,21.190000534057617,21.315000534057617,329680,0.0,0.0
2024-04-30 13:30:00-04:00,21.309999465942383,21.405000686645508,21.274999618530273,21.290000915527344,197749,0.0,0.0
2024-04-30 14:30:00-04:00,21.2947998046875,21.344999313354492,21.235000610351562,21.28499984741211,181094,0.0,0.0
2024-04-30 15:30:00-04:00,21.289899826049805,21.334999084472656,21.110000610351562,21.1299991607666,604750,0.0,0.0
2024-05-01 09:30:00-04:00,21.299999237060547,21.530000686645508,21.190000534057617,21.360000610351562,446275,0.0,0.0
2024-05-01 10:30:00-04:00,21.350000381469727,21.479999542236328,21.280000686645508,21.399999618530273,251672,0.0,0.0
2024-05-01 11:30:00-04:00,21.405000686645508,21.5,21.28499984741211,21.485000610351562,211487,0.0,0.0
2024-05-01 12:30:00-04:00,21.479999542236328,21.524999618530273,21.3700008392334,21.450000762939453,205954,0.0,0.0
2024-05-01 13:30:00-04:00,21.454999923706055,21.80500030517578,21.454999923706055,21.80500030517578,290048,0.0,0.0
2024-05-01 14:30:00-04:00,21.799999237060547,22.209999084472656,21.545000076293945,21.920000076293945,549970,0.0,0.0
2024-05-01 15:30:00-04:00,21.93000030517578,21.93000030517578,21.334999084472656,21.440000534057617,656930,0.0,0.0
2024-05-02 09:30:00-04:00,21.549999237060547,21.639999389648438,21.06999969482422,21.31999969482422,517115,0.0,0.0
2024-05-02 10:30:00-04:00,21.31999969482422,21.6299991607666,21.290000915527344,21.47010040283203,559504,0.0,0.0
2024-05-02 11:30:00-04:00,21.469999313354492,21.5049991607666,21.344499588012695,21.40999984741211,213240,0.0,0.0
2024-05-02 12:30:00-04:00,21.40999984741211,21.548999786376953,21.315000534057617,21.510000228881836,135975,0.0,0.0
2024-05-02 13:30:00-04:00,21.514999389648438,21.56999969482422,21.450000762939453,21.454999923706055,185639,0.0,0.0
2024-05-02 14:30:00-04:00,21.454999923706055,21.6200008392334,21.434999465942383,21.610000610351562,307847,0.0,0.0
2024-05-02 15:30:00-04:00,21.610000610351562,21.610000610351562,21.360000610351562,21.4950008392334,841125,0.0,0.0
2024-05-03 09:30:00-04:00,21.90999984741211,21.979999542236328,21.28190040588379,21.360000610351562,594022,0.0,0.0
2024-05-03 10:30:00-04:00,21.368000030517578,21.450000762939453,21.19499969482422,21.264999389648438,570041,0.0,0.0
2024-05-03 11:30:00-04:00,21.260000228881836,21.334999084472656,21.239999771118164,21.290000915527344,408845,0.0,0.0
2024-05-03 12:30:00-04:00,21.290000915527344,21.334999084472656,21.170000076293945,21.274999618530273,320590,0.0,0.0
2024-05-03 13:30:00-04:00,21.280000686645508,21.35890007019043,21.200000762939453,21.299999237060547,216221,0.0,0.0
2024-05-03 14:30:00-04:00,21.30500030517578,21.337499618530273,21.260000228881836,21.299999237060547,278896,0.0,0.0
2024-05-03 15:30:00-04:00,21.299999237060547,21.309999465942383,21.229999542236328,21.2450008392334,470701,0.0,0.0
2024-05-06 09:30:00-04:00,21.209999084472656,21.709999084472656,21.209999084472656,21.665000915527344,814133,0.0,0.0
2024-05-06 10:30:00-04:00,21.670000076293945,21.760000228881836,21.53499984741211,21.604999542236328,365406,0.0,0.0
2024-05-06 11:30:00-04:00,21.610000610351562,21.670000076293945,21.500999450683594,21.614999771118164,263530,0.0,0.0
2024-05-06 12:30:00-04:00,21.6200008392334,21.670000076293945,21.56999969482422,21.635000228881836,114766,0.0,0.0
2024-05-06 13:30:00-04:00,21.6299991607666,21.700000762939453,21.610000610351562,21.635000228881836,135506,0.0,0.0
2024-05-06 14:30:00-04:00,21.63159942626953,21.674999237060547,21.56999969482422,21.649999618530273,203778,0.0,0.0
2024-05-06 15:30:00-04:00,21.649999618530273,21.700000762939453,21.614999771118164,21.670000076293945,457197,0.0,0.0
2024-05-07 09:30:00-04:00,21.5,21.6200008392334,21.19499969482422,21.454999923706055,392601,0.0,0.0
2024-05-07 10:30:00-04:00,21.450000762939453,21.700000762939453,21.434999465942383,21.65999984741211,251579,0.0,0.0
2024-05-07 11:30:00-04:00,21.665000915527344,21.7450008392334,21.635000228881836,21.739999771118164,194634,0.0,0.0
2024-05-07 12:30:00-04:00,21.737499237060547,21.774999618530273,21.68000030517578,21.69499969482422,184424,0.0,0.0
2024-05-07 13:30:00-04:00,21.700000762939453,21.719999313354492,21.59000015258789,21.600000381469727,166014,0.0,0.0
2024-05-07 14:30:00-04:00,21.594999313354492,21.649999618530273,21.559999465942383,21.594999313354492,205601,0.0,0.0
2024-05-07 15:30:00-04:00,21.594999313354492,21.700000762939453,21.579999923706055,21.68000030517578,622297,0.0,0.0
2024-05-08 09:30:00-04:00,21.059999465942383,21.440000534057617,20.690000534057617,20.795000076293945,981181,0.0,0.0
2024-05-08 10:30:00-04:00,20.790199279785156,20.950000762939453,20.735000610351562,20.795000076293945,672353,0.0,0.0
2024-05-08 11:30:00-04:00,20.795000076293945,21.05500030517578,20.770999908447266,20.950000762939453,551459,0.0,0.0
2024-05-08 12:30:00-04:00,20.954999923706055,20.979999542236328,20.875,20.915000915527344,313209,0.0,0.0
2024-05-08 13:30:00-04:00,20.915000915527344,20.969999313354492,20.885000228881836,20.90999984741211,262295,0.0,0.0
2024-05-08 14:30:00-04:00,20.915000915527344,21.0,20.8700008392334,21.0,324872,0.0,0.0
2024-05-08 15:30:00-04:00,20.9950008392334,21.040000915527344,20.915000915527344,20.950000762939453,810026,0.0,0.0
2024-05-09 09:30:00-04:00,20.75,21.184999465942383,20.75,21.15999984741211,700435,0.0,0.0
2024-05-09 10:30:00-04:00,21.15999984741211,21.280000686645508,21.110000610351562,21.21500015258789,347357,0.0,0.0
2024-05-09 11:30:00-04:00,21.219999313354492,21.229999542236328,21.094999313354492,21.149999618530273,316527,0.0,0.0
2024-05-09 12:30:00-04:00,21.149999618530273,21.204999923706055,21.06999969482422,21.200000762939453,258013,0.0,0.0
2024-05-09 13:30:00-04:00,21.200000762939453,21.25,21.135000228881836,21.155000686645508,230204,0.0,0.0
2024-05-09 14:30:00-04:00,21.149999618530273,21.239999771118164,21.1299991607666,21.200000762939453,230096,0.0,0.0
2024-05-09 15:30:00-04:00,21.200000762939453,21.246000289916992,21.145000457763672,21.209999084472656,455156,0.0,0.0
2024-05-10 09:30:00-04:00,21.3799991607666,21.420000076293945,21.03499984741211,21.049699783325195,386835,0.0,0.0
2024-05-10 10:30:00-04:00,21.049999237060547,21.094999313354492,20.94499969482422,21.084999084472656,221680,0.0,0.0
2024-05-10 11:30:00-04:00,21.084999084472656,21.1299991607666,21.020000457763672,21.06999969482422,202030,0.0,0.0
2024-05-10 12:30:00-04:00,21.06999969482422,21.110000610351562,21.0049991607666,21.010000228881836,126283,0.0,0.0
2024-05-10 13:30:00-04:00,21.0049991607666,21.110200881958008,20.959999084472656,21.084999084472656,235564,0.0,0.0
2024-05-10 14:30:00-04:00,21.079999923706055,21.139999389648438,21.045000076293945,21.104999542236328,278454,0.0,0.0
2024-05-10 15:30:00-04:00,21.110000610351562,21.1299991607666,21.040000915527344,21.100000381469727,488057,0.0,0.0
2024-05-13 09:30:00-04:00,21.34000015258789,21.479999542236328,21.200000762939453,21.475000381469727,526041,0.0,0.0
2024-05-13 10:30:00-04:00,21.479999542236328,21.704999923706055,21.40999984741211,21.65999984741211,465039,0.0,0.0
2024-05-13 11:30:00-04:00,21.625,21.764999389648438,21.579999923706055,21.700000762939453,215417,0.0,0.0
2024-05-13 12:30:00-04:00,21.704999923706055,21.75,21.584999084472656,21.649999618530273,240313,0.0,0.0
2024-05-13 13:30:00-04:00,21.645000457763672,21.670000076293945,21.540000915527344,21.635000228881836,259260,0.0,0.0
2024-05-13 14:30:00-04:00,21.635000228881836,21.670000076293945,21.524999618530273,21.565000534057617,331094,0.0,0.0
2024-05-13 15:30:00-04:00,21.559999465942383,21.59000015258789,21.485000610351562,21.559999465942383,485014,0.0,0.0
2024-05-14 09:30:00-04:00,21.649999618530273,22.059999465942383,21.625,22.03499984741211,545837,0.0,0.0
2024-05-14 10:30:00-04:00,22.040000915527344,22.06999969482422,21.700000762939453,21.774999618530273,233541,0.0,0.0
2024-05-14 11:30:00-04:00,21.770000457763672,21.790000915527344,21.53499984741211,21.549999237060547,246036,0.0,0.0
2024-05-14 12:30:00-04:00,21.549999237060547,21.59000015258789,21.360000610351562,21.40999984741211,198601,0.0,0.0
2024-05-14 13:30:00-04:00,21.40999984741211,21.604999542236328,21.3700008392334,21.594999313354492,211489,0.0,0.0
2024-05-14 14:30:00-04:00,21.600000381469727,21.709999084472656,21.559999465942383,21.674999237060547,594544,0.0,0.0
2024-05-14 15:30:00-04:00,21.674999237060547,21.68000030517578,21.40999984741211,21.584999084472656,878214,0.0,0.0
2024-05-15 09:30:00-04:00,22.0,22.184999465942383,21.725000381469727,22.15999984741211,761852,0.0,0.0
2024-05-15 10:30:00-04:00,22.15999984741211,22.219999313354492,22.030000686645508,22.06999969482422,309153,0.0,0.0
2024-05-15 11:30:00-04:00,22.06999969482422,22.15999984741211,21.975000381469727,22.15999984741211,267846,0.0,0.0
2024-05-15 12:30:00-04:00,22.15999984741211,22.19499969482422,22.1299991607666,22.190000534057617,127182,0.0,0.0
2024-05-15 13:30:00-04:00,22.190000534057617,22.280000686645508,22.1299991607666,22.21500015258789,231326,0.0,0.0
2024-05-15 14:30:00-04:00,22.21500015258789,22.299999237060547,22.18000030517578,22.264999389648438,279593,0.0,0.0
2024-05-15 15:30:00-04:00,22.260000228881836,22.34000015258789,22.239999771118164,22.315000534057617,636177,0.0,0.0
2024-05-16 09:30:00-04:00,22.229999542236328,22.485000610351562,22.16900062561035,22.434999465942383,446025,0.0,0.0
2024-05-16 10:30:00-04:00,22.434999465942383,22.468000411987305,22.350000381469727,22.420000076293945,229493,0.0,0.0
2024-05-16 11:30:00-04:00,22.420000076293945,22.514999389648438,22.360000610351562,22.399999618530273,284552,0.0,0.0
2024-05-16 12:30:00-04:00,22.405000686645508,22.524999618530273,22.389999389648438,22.479999542236328,207608,0.0,0.0
2024-05-16 13:30:00-04:00,22.485000610351562,22.5049991607666,22.290000915527344,22.350000381469727,353388,0.0,0.0
2024-05-16 14:30:00-04:00,22.359899520874023,22.364999771118164,22.2549991607666,22.30500030517578,296825,0.0,0.0
2024-05-16 15:30:00-04:00,22.30500030517578,22.360000610351562,22.15999984741211,22.170000076293945,725571,0.0,0.0
2024-05-17 09:30:00-04:00,22.209999084472656,22.225000381469727,21.959999084472656,22.06999969482422,288927,0.0,0.0
2024-05-17 10:30:00-04:00,22.075000762939453,22.299999237060547,22.010000228881836,22.170000076293945,1137905,0.0,0.0
2024-05-17 11:30:00-04:00,22.170000076293945,22.25,22.059999465942383,22.059999465942383,251861,0.0,0.0
2024-05-17 12:30:00-04:00,22.059999465942383,22.059999465942383,21.850000381469727,21.860000610351562,363220,0.0,0.0
2024-05-17 13:30:00-04:00,21.8700008392334,21.899999618530273,21.670000076293945,21.78499984741211,252452,0.0,0.0
2024-05-17 14:30:00-04:00,21.780000686645508,21.899999618530273,21.780000686645508,21.889999389648438,207544,0.0,0.0
2024-05-17 15:30:00-04:00,21.899999618530273,21.950000762939453,21.860000610351562,21.875,513051,0.0,0.0
2024-05-20 09:30:00-04:00,21.969999313354492,22.145000457763672,21.889999389648438,22.06999969482422,287754,0.0,0.0
2024-05-20 10:30:00-04:00,22.075000762939453,22.225000381469727,22.059999465942383,22.225000381469727,189111,0.0,0.0
2024-05-20 11:30:00-04:00,22.225000381469727,22.329999923706055,22.170000076293945,22.184999465942383,256435,0.0,0.0
2024-05-20 12:30:00-04:00,22.18000030517578,22.34000015258789,22.18000030517578,22.280000686645508,202856,0.0,0.0
2024-05-20 13:30:00-04:00,22.280000686645508,22.350000381469727,22.209999084472656,22.344999313354492,219388,0.0,0.0
2024-05-20 14:30:00-04:00,22.344999313354492,22.575000762939453,22.34000015258789,22.514999389648438,517226,0.0,0.0
2024-05-20 15:30:00-04:00,22.514999389648438,22.739999771118164,22.469999313354492,22.670000076293945,856055,0.0,0.0
2024-05-21 09:30:00-04:00,22.329999923706055,22.709999084472656,22.329999923706055,22.69499969482422,518203,0.0,0.0
2024-05-21 10:30:00-04:00,22.700000762939453,22.834999084472656,22.690000534057617,22.704999923706055,385339,0.0,0.0
2024-05-21 11:30:00-04:00,22.700000762939453,22.719999313354492,22.610000610351562,22.674999237060547,263460,0.0,0.0
2024-05-21 12:30:00-04:00,22.670000076293945,22.690000534057617,22.639999389648438,22.690000534057617,191512,0.0,0.0
2024-05-21 13:30:00-04:00,22.69499969482422,22.770000457763672,22.690000534057617,22.704999923706055,234454,0.0,0.0
2024-05-21 14:30:00-04:00,22.704999923706055,22.719999313354492,22.520000457763672,22.520000457763672,385936,0.0,0.0
2024-05-21 15:30:00-04:00,22.524999618530273,22.594999313354492,22.510000228881836,22.549999237060547,664551,0.0,0.0
2024-05-22 09:30:00-04:00,22.600000381469727,22.760000228881836,22.510000228881836,22.524999618530273,307466,0.0,0.0
2024-05-22 10:30:00-04:00,22.514999389648438,22.514999389648438,22.389999389648438,22.450000762939453,156097,0.0,0.0
2024-05-22 11:30:00-04:00,22.458099365234375,22.540000915527344,22.440000534057617,22.450000762939453,106390,0.0,0.0
2024-05-22 12:30:00-04:00,22.450000762939453,22.45789909362793,22.344999313354492,22.360000610351562,125764,0.0,0.0
2024-05-22 13:30:00-04:00,22.360000610351562,22.389999389648438,22.100299835205078,22.100299835205078,247980,0.0,0.0
2024-05-22 14:30:00-04:00,22.100000381469727,22.209999084472656,22.09000015258789,22.174999237060547,305981,0.0,0.0
2024-05-22 15:30:00-04:00,22.18000030517578,22.229999542236328,22.094999313354492,22.18000030517578,509325,0.0,0.0
2024-05-23 09:30:00-04:00,22.540000915527344,22.690000534057617,21.93000030517578,22.084999084472656,561719,0.0,0.0
2024-05-23 10:30:00-04:00,22.09000015258789,22.329999923706055,21.905000686645508,22.290000915527344,494570,0.0,0.0
2024-05-23 11:30:00-04:00,22.29949951171875,22.329999923706055,22.183700561523438,22.200000762939453,211841,0.0,0.0
2024-05-23 12:30:00-04:00,22.209999084472656,22.28499984741211,22.145000457763672,22.204999923706055,199634,0.0,0.0
2024-05-23 13:30:00-04:00,22.204999923706055,22.204999923706055,21.81999969482422,21.84000015258789,270441,0.0,0.0
2024-05-23 14:30:00-04:00,21.829999923706055,21.854999542236328,21.719999313354492,21.719999313354492,295577,0.0,0.0
2024-05-23 15:30:00-04:00,21.729999542236328,21.8700008392334,21.709999084472656,21.719999313354492,494684,0.0,0.0
2024-05-24 09:30:00-04:00,21.709999084472656,21.8799991607666,21.510000228881836,21.774999618530273,404290,0.0,0.0
2024-05-24 10:30:00-04:00,21.780000686645508,22.024999618530273,21.735000610351562,21.96500015258789,444742,0.0,0.0
2024-05-24 11:30:00-04:00,21.969999313354492,21.975000381469727,21.81999969482422,21.920000076293945,211919,0.0,0.0
2024-05-24 12:30:00-04:00,21.920000076293945,21.920000076293945,21.829999923706055,21.8799991607666,193856,0.0,0.0
2024-05-24 13:30:00-04:00,21.889999389648438,21.889999389648438,21.799999237060547,21.80500030517578,138044,0.0,0.0
2024-05-24 14:30:00-04:00,21.800100326538086,21.815000534057617,21.690000534057617,21.725000381469727,255517,0.0,0.0
2024-05-24 15:30:00-04:00,21.719999313354492,21.7549991607666,21.610000610351562,21.6200008392334,670465,0.0,0.0
2024-05-28 09:30:00-04:00,21.670000076293945,21.670000076293945,21.170000076293945,21.510000228881836,1030153,0.0,0.0
2024-05-28 10:30:00-04:00,21.5,21.5,21.190000534057617,21.264999389648438,429244,0.0,0.0
2024-05-28 11:30:00-04:00,21.264999389648438,21.270000457763672,21.030000686645508,21.045000076293945,558721,0.0,0.0
2024-05-28 12:30:00-04:00,21.040000915527344,21.075000762939453,20.829999923706055,20.920000076293945,523257,0.0,0.0
2024-05-28 13:30:00-04:00,20.920000076293945,20.969999313354492,20.81999969482422,20.84000015258789,382215,0.0,0.0
2024-05-28 14:30:00-04:00,20.84000015258789,20.860000610351562,20.739999771118164,20.774999618530273,522459,0.0,0.0
2024-05-28 15:30:00-04:00,20.774999618530273,20.940000534057617,20.770000457763672,20.8799991607666,944088,0.0,0.0
2024-05-29 09:30:00-04:00,20.5,20.889999389648438,20.330900192260742,20.809999465942383,864183,0.0,0.0
2024-05-29 10:30:00-04:00,20.799999237060547,21.010000228881836,20.75,20.950000762939453,763655,0.0,0.0
2024-05-29 11:30:00-04:00,20.94499969482422,21.010000228881836,20.829999923706055,20.834999084472656,487012,0.0,0.0
2024-05-29 12:30:00-04:00,20.84000015258789,20.915000915527344,20.69499969482422,20.739999771118164,697425,0.0,0.0
2024-05-29 13:30:00-04:00,20.739200592041016,20.780000686645508,20.68000030517578,20.68000030517578,427153,0.0,0.0
2024-05-29 14:30:00-04:00,20.68000030517578,20.71500015258789,20.584999084472656,20.68000030517578,529238,0.0,0.0
2024-05-29 15:30:00-04:00,20.68000030517578,20.766599655151367,20.645000457763672,20.719999313354492,797731,0.0,0.0
2024-05-30 09:30:00-04:00,20.270000457763672,20.34000015258789,19.739999771118164,19.93000030517578,1493244,0.0,0.0
2024-05-30 10:30:00-04:00,19.93000030517578,20.0,19.719999313354492,19.80500030517578,1260240,0.0,0.0
2024-05-30 11:30:00-04:00,19.80500030517578,19.850000381469727,19.700000762939453,19.729999542236328,890870,0.0,0.0
2024-05-30 12:30:00-04:00,19.735000610351562,19.769699096679688,19.5,19.665000915527344,956719,0.0,0.0
2024-05-30 13:30:00-04:00,19.665000915527344,19.684999465942383,19.469999313354492,19.520000457763672,889869,0.0,0.0
2024-05-30 14:30:00-04:00,19.520000457763672,19.559999465942383,19.30500030517578,19.364999771118164,1034006,0.0,0.0
2024-05-30 15:30:00-04:00,19.3700008392334,19.43000030517578,19.235000610351562,19.420000076293945,1838341,0.0,0.0
2024-05-31 09:30:00-04:00,14.770000457763672,17.18000030517578,14.329999923706055,16.25790023803711,13764888,0.0,0.0
2024-05-31 10:30:00-04:00,16.2549991607666,16.59000015258789,16.170000076293945,16.325000762939453,3432709,0.0,0.0
2024-05-31 11:30:00-04:00,16.325000762939453,16.719999313354492,16.320100784301758,16.454999923706055,2043148,0.0,0.0
2024-05-31 12:30:00-04:00,16.459999084472656,17.09000015258789,16.34000015258789,16.970500946044922,1692621,0.0,0.0
2024-05-31 13:30:00-04:00,16.975000381469727,17.0049991607666,16.649999618530273,16.870100021362305,1245820,0.0,0.0
2024-05-31 14:30:00-04:00,16.875,16.8799991607666,16.604999542236328,16.7549991607666,1733008,0.0,0.0
2024-05-31 15:30:00-04:00,16.75,16.920000076293945,16.655000686645508,16.825000762939453,2800158,0.0,0.0
2024-06-03 09:30:00-04:00,16.969999313354492,17.68000030517578,16.895000457763672,17.31999969482422,2492139,0.0,0.0
2024-06-03 10:30:00-04:00,17.32229995727539,17.700000762939453,17.260000228881836,17.475000381469727,839344,0.0,0.0
2024-06-03 11:30:00-04:00,17.475000381469727,17.579999923706055,17.125,17.155000686645508,684138,0.0,0.0
2024-06-03 12:30:00-04:00,17.155000686645508,17.260000228881836,17.040000915527344,17.145000457763672,621860,0.0,0.0
2024-06-03 13:30:00-04:00,17.145000457763672,17.225000381469727,17.065000534057617,17.145000457763672,750995,0.0,0.0
2024-06-03 14:30:00-04:00,17.145000457763672,17.334999084472656,17.100000381469727,17.31999969482422,1127031,0.0,0.0
2024-06-03 15:30:00-04:00,17.315000534057617,17.334999084472656,17.100000381469727,17.209999084472656,1510835,0.0,0.0
2024-06-04 09:30:00-04:00,17.540000915527344,17.729999542236328,17.149999618530273,17.411300659179688,1499920,0.0,0.0
2024-06-04 10:30:00-04:00,17.415000915527344,17.545000076293945,17.295000076293945,17.375,661153,0.0,0.0
2024-06-04 11:30:00-04:00,17.375,17.40999984741211,17.1299991607666,17.200000762939453,438609,0.0,0.0
2024-06-04 12:30:00-04:00,17.204999923706055,17.31999969482422,17.15999984741211,17.309999465942383,381258,0.0,0.0
2024-06-04 13:30:00-04:00,17.31999969482422,17.395000457763672,17.270000457763672,17.389999389648438,401540,0.0,0.0
2024-06-04 14:30:00-04:00,17.389999389648438,17.440000534057617,17.270000457763672,17.36750030517578,605539,0.0,0.0
2024-06-04 15:30:00-04:00,17.360000610351562,17.395000457763672,17.149999618530273,17.229999542236328,1401821,0.0,0.0
2024-06-05 09:30:00-04:00,17.440000534057617,17.639999389648438,16.610000610351562,17.065000534057617,1699476,0.0,0.0
2024-06-05 10:30:00-04:00,17.069900512695312,17.209999084472656,16.959999084472656,17.0,1117160,0.0,0.0
2024-06-05 11:30:00-04:00,16.996999740600586,17.30500030517578,16.979999542236328,17.274999618530273,695534,0.0,0.0
2024-06-05 12:30:00-04:00,17.269899368286133,17.29990005493164,17.100000381469727,17.280000686645508,822585,0.0,0.0
2024-06-05 13:30:00-04:00,17.274999618530273,17.350000381469727,17.229999542236328,17.29010009765625,761914,0.0,0.0
2024-06-05 14:30:00-04:00,17.299999237060547,17.31999969482422,17.190000534057617,17.235000610351562,600893,0.0,0.0
2024-06-05 15:30:00-04:00,17.235000610351562,17.360000610351562,17.209999084472656,17.350000381469727,1146238,0.0,0.0
2024-06-06 09:30:00-04:00,17.25,17.46500015258789,17.18000030517578,17.334999084472656,1214440,0.0,0.0
2024-06-06 10:30:00-04:00,17.325000762939453,17.360000610351562,17.18000030517578,17.25200080871582,530028,0.0,0.0
2024-06-06 11:30:00-04:00,17.252599716186523,17.274999618530273,16.959999084472656,17.020000457763672,668273,0.0,0.0
2024-06-06 12:30:00-04:00,17.020000457763672,17.045000076293945,16.94499969482422,17.03499984741211,445102,0.0,0.0
2024-06-06 13:30:00-04:00,17.03499984741211,17.075000762939453,16.920000076293945,17.075000762939453,495353,0.0,0.0
2024-06-06 14:30:00-04:00,17.075000762939453,17.360000610351562,17.075000762939453,17.360000610351562,1324632,0.0,0.0
2024-06-06 15:30:00-04:00,17.350000381469727,17.350099563598633,17.229999542236328,17.239999771118164,1041929,0.0,0.0
2024-06-07 09:30:00-04:00,17.209999084472656,17.3799991607666,17.065000534057617,17.22719955444336,663666,0.0,0.0
2024-06-07 10:30:00-04:00,17.219999313354492,17.31999969482422,17.100000381469727,17.240100860595703,455577,0.0,0.0
2024-06-07 11:30:00-04:00,17.240999221801758,17.364999771118164,17.240999221801758,17.344999313354492,288740,0.0,0.0
2024-06-07 12:30:00-04:00,17.354999542236328,17.364999771118164,17.229999542236328,17.275999069213867,213908,0.0,0.0
2024-06-07 13:30:00-04:00,17.274999618530273,17.300100326538086,17.149999618530273,17.18000030517578,274463,0.0,0.0
2024-06-07 14:30:00-04:00,17.18000030517578,17.239999771118164,17.149999618530273,17.21500015258789,282231,0.0,0.0
2024-06-07 15:30:00-04:00,17.209999084472656,17.270000457763672,17.170000076293945,17.170000076293945,662473,0.0,0.0
2024-06-10 09:30:00-04:00,17.09000015258789,18.170000076293945,17.040000915527344,17.854999542236328,1841227,0.0,0.0
2024-06-10 10:30:00-04:00,17.850000381469727,17.899999618530273,17.550800323486328,17.690000534057617,564722,0.0,0.0
2024-06-10 11:30:00-04:00,17.690000534057617,17.7549991607666,17.549999237060547,17.575000762939453,445802,0.0,0.0
2024-06-10 12:30:00-04:00,17.57990074157715,17.709999084472656,17.540000915527344,17.684999465942383,555087,0.0,0.0
2024-06-10 13:30:00-04:00,17.690000534057617,17.770000457763672,17.649999618530273,17.760000228881836,512939,0.0,0.0
2024-06-10 14:30:00-04:00,17.764999389648438,17.780000686645508,17.690000534057617,17.764999389648438,466573,0.0,0.0
2024-06-10 15:30:00-04:00,17.764999389648438,17.780000686645508,17.59000015258789,17.690000534057617,862044,0.0,0.0
2024-06-11 09:30:00-04:00,17.600000381469727,17.739999771118164,17.260000228881836,17.299999237060547,948018,0.0,0.0
2024-06-11 10:30:00-04:00,17.274999618530273,17.459999084472656,17.270000457763672,17.385000228881836,558642,0.0,0.0
2024-06-11 11:30:00-04:00,17.385000228881836,17.385000228881836,17.274999618530273,17.28499984741211,411805,0.0,0.0
2024-06-11 12:30:00-04:00,17.28499984741211,17.479999542236328,17.280000686645508,17.385000228881836,641770,0.0,0.0
2024-06-11 13:30:00-04:00,17.389999389648438,17.489999771118164,17.334999084472656,17.440000534057617,487024,0.0,0.0
2024-06-11 14:30:00-04:00,17.440000534057617,17.520000457763672,17.389999389648438,17.485000610351562,536870,0.0,0.0
2024-06-11 15:30:00-04:00,17.479999542236328,17.510000228881836,17.440000534057617,17.475000381469727,618750,0.0,0.0
2024-06-12 09:30:00-04:00,17.959999084472656,18.389999389648438,17.899999618530273,18.334999084472656,1128246,0.0,0.0
2024-06-12 10:30:00-04:00,18.33989906311035,18.545000076293945,18.149999618530273,18.53499984741211,1157832,0.0,0.0
2024-06-12 11:30:00-04:00,18.514999389648438,18.65999984741211,18.489999771118164,18.655000686645508,634548,0.0,0.0
2024-06-12 12:30:00-04:00,18.649999618530273,18.725000381469727,18.40999984741211,18.40999984741211,667965,0.0,0.0
2024-06-12 13:30:00-04:00,18.40999984741211,18.469999313354492,18.290000915527344,18.399999618530273,437380,0.0,0.0
2024-06-12 14:30:00-04:00,18.40999984741211,18.450000762939453,18.06999969482422,18.09000015258789,603012,0.0,0.0
2024-06-12 15:30:00-04:00,18.09000015258789,18.165000915527344,18.06999969482422,18.104999542236328,727075,0.0,0.0
2024-06-13 09:30:00-04:00,18.190000534057617,18.42650032043457,18.150100708007812,18.150100708007812,840211,0.0,0.0
2024-06-13 10:30:00-04:00,18.150100708007812,18.170000076293945,18.010000228881836,18.065000534057617,394750,0.0,0.0
2024-06-13 11:30:00-04:00,18.06999969482422,18.114999771118164,17.967500686645508,18.110000610351562,405461,0.0,0.0
2024-06-13 12:30:00-04:00,18.109899520874023,18.28499984741211,18.104999542236328,18.260000228881836,461319,0.0,0.0
2024-06-13 13:30:00-04:00,18.260000228881836,18.399999618530273,18.239999771118164,18.350000381469727,449952,0.0,0.0
2024-06-13 14:30:00-04:00,18.35849952697754,18.389999389648438,18.280000686645508,18.3799991607666,382463,0.0,0.0
2024-06-13 15:30:00-04:00,18.3799991607666,18.440000534057617,18.360000610351562,18.401500701904297,746677,0.0,0.0
2024-06-14 09:30:00-04:00,18.3799991607666,18.540000915527344,18.261999130249023,18.44499969482422,1060255,0.0,0.0
2024-06-14 10:30:00-04:00,18.440000534057617,18.6200008392334,18.360000610351562,18.575000762939453,725464,0.0,0.0
2024-06-14 11:30:00-04:00,18.57349967956543,18.579999923706055,18.43000030517578,18.479999542236328,473359,0.0,0.0
2024-06-14 12:30:00-04:00,18.479999542236328,18.579999923706055,18.46500015258789,18.545000076293945,263284,0.0,0.0
2024-06-14 13:30:00-04:00,18.545000076293945,18.614999771118164,18.489999771118164,18.540000915527344,450940,0.0,0.0
2024-06-14 14:30:00-04:00,18.540000915527344,18.545000076293945,18.465099334716797,18.524999618530273,418384,0.0,0.0
2024-06-14 15:30:00-04:00,18.524999618530273,18.53499984741211,18.43000030517578,18.450000762939453,847340,0.0,0.0
2024-06-17 09:30:00-04:00,18.3799991607666,18.418699264526367,17.90999984741211,18.20009994506836,676916,0.0,0.0
2024-06-17 10:30:00-04:00,18.209999084472656,18.280000686645508,18.12150001525879,18.209999084472656,349950,0.0,0.0
2024-06-17 11:30:00-04:00,18.209999084472656,18.274999618530273,18.15999984741211,18.27400016784668,208803,0.0,0.0
2024-06-17 12:30:00-04:00,18.27989959716797,18.350000381469727,18.190000534057617,18.260000228881836,377738,0.0,0.0
2024-06-17 13:30:00-04:00,18.260000228881836,18.579999923706055,18.260000228881836,18.469999313354492,461583,0.0,0.0
2024-06-17 14:30:00-04:00,18.469999313354492,18.5,18.399999618530273,18.479999542236328,332160,0.0,0.0
2024-06-17 15:30:00-04:00,18.479999542236328,18.5,18.389999389648438,18.43000030517578,656185,0.0,0.0
2024-06-18 09:30:00-04:00,18.43000030517578,18.579999923706055,18.350000381469727,18.485000610351562,473244,0.0,0.0
2024-06-18 10:30:00-04:00,18.485000610351562,18.594999313354492,18.380199432373047,18.389999389648438,558004,0.0,0.0
2024-06-18 11:30:00-04:00,18.385000228881836,18.44499969482422,18.31999969482422,18.3700008392334,314465,0.0,0.0
2024-06-18 12:30:00-04:00,18.375,18.375,18.209999084472656,18.21500015258789,486300,0.0,0.0
2024-06-18 13:30:00-04:00,18.2189998626709,18.280000686645508,18.125,18.229999542236328,371260,0.0,0.0
2024-06-18 14:30:00-04:00,18.225000381469727,18.239999771118164,18.155000686645508,18.174999237060547,420797,0.0,0.0
2024-06-18 15:30:00-04:00,18.170000076293945,18.229999542236328,18.145000457763672,18.170000076293945,495515,0.0,0.0
2024-06-20 09:30:00-04:00,18.139999389648438,18.25,17.799999237060547,17.954999923706055,639765,0.0,0.0
2024-06-20 10:30:00-04:00,17.961299896240234,18.135000228881836,17.94499969482422,18.0,310316,0.0,0.0
2024-06-20 11:30:00-04:00,17.989999771118164,18.020000457763672,17.875,17.94499969482422,276245,0.0,0.0
2024-06-20 12:30:00-04:00,17.950000762939453,17.96769905090332,17.875,17.931100845336914,198948,0.0,0.0
2024-06-20 13:30:00-04:00,17.93600082397461,18.040000915527344,17.84000015258789,18.024999618530273,279316,0.0,0.0
2024-06-20 14:30:00-04:00,18.024999618530273,18.030000686645508,17.8799991607666,17.934999465942383,259392,0.0,0.0
2024-06-20 15:30:00-04:00,17.940000534057617,18.024999618530273,17.922500610351562,17.96500015258789,493569,0.0,0.0
2024-06-21 09:30:00-04:00,17.850000381469727,18.174999237060547,17.709999084472656,18.155000686645508,697723,0.0,0.0
2024-06-21 10:30:00-04:00,18.155000686645508,18.21500015258789,18.05500030517578,18.075000762939453,258113,0.0,0.0
2024-06-21 11:30:00-04:00,18.06999969482422,18.114999771118164,18.0,18.05500030517578,144362,0.0,0.0
2024-06-21 12:30:00-04:00,18.05500030517578,18.165000915527344,18.030000686645508,18.075000762939453,257877,0.0,0.0
2024-06-21 13:30:00-04:00,18.076200485229492,18.139999389648438,18.05500030517578,18.125,164764,0.0,0.0
2024-06-21 14:30:00-04:00,18.125,18.184999465942383,18.100000381469727,18.170000076293945,468425,0.0,0.0
2024-06-21 15:30:00-04:00,18.170000076293945,18.350000381469727,18.135000228881836,18.350000381469727,1022676,0.0,0.0
2024-06-24 09:30:00-04:00,18.229999542236328,18.600000381469727,18.149999618530273,18.565000534057617,537856,0.0,0.0
2024-06-24 10:30:00-04:00,18.568500518798828,18.670000076293945,18.424999237060547,18.649999618530273,395470,0.0,0.0
2024-06-24 11:30:00-04:00,18.639999389648438,18.690000534057617,18.56999969482422,18.684999465942383,434060,0.0,0.0
2024-06-24 12:30:00-04:00,18.684999465942383,18.729999542236328,18.559999465942383,18.614999771118164,320489,0.0,0.0
2024-06-24 13:30:00-04:00,18.614999771118164,18.719999313354492,18.59000015258789,18.719999313354492,305627,0.0,0.0
2024-06-24 14:30:00-04:00,18.71500015258789,18.850000381469727,18.704999923706055,18.84000015258789,333348,0.0,0.0
2024-06-24 15:30:00-04:00,18.84000015258789,18.850000381469727,18.770000457763672,18.799999237060547,752530,0.0,0.0
2024-06-25 09:30:00-04:00,18.8700008392334,19.049999237060547,18.74799919128418,19.049999237060547,504670,0.0,0.0
2024-06-25 10:30:00-04:00,19.040000915527344,19.079999923706055,18.985000610351562,19.06999969482422,331949,0.0,0.0
2024-06-25 11:30:00-04:00,19.079999923706055,19.204999923706055,19.079999923706055,19.14349937438965,404394,0.0,0.0
2024-06-25 12:30:00-04:00,19.145000457763672,19.270099639892578,19.040000915527344,19.1200008392334,370300,0.0,0.0
2024-06-25 13:30:00-04:00,19.1200008392334,19.135000228881836,19.0,19.024999618530273,268918,0.0,0.0
2024-06-25 14:30:00-04:00,19.024999618530273,19.024999618530273,18.920000076293945,18.96500015258789,329751,0.0,0.0
2024-06-25 15:30:00-04:00,18.959999084472656,18.959999084472656,18.799999237060547,18.82069969177246,995541,0.0,0.0
2024-06-26 09:30:00-04:00,18.760000228881836,19.040000915527344,18.559999465942383,18.915199279785156,388913,0.0,0.0
2024-06-26 10:30:00-04:00,18.915000915527344,18.989999771118164,18.809999465942383,18.860000610351562,267375,0.0,0.0
2024-06-26 11:30:00-04:00,18.8700008392334,18.989999771118164,18.854999542236328,18.915000915527344,213500,0.0,0.0
2024-06-26 12:30:00-04:00,18.915000915527344,18.920000076293945,18.795000076293945,18.809999465942383,203139,0.0,0.0
2024-06-26 13:30:00-04:00,18.809999465942383,18.90999984741211,18.78499984741211,18.905000686645508,171581,0.0,0.0
2024-06-26 14:30:00-04:00,18.90999984741211,19.1299991607666,18.889999389648438,19.1299991607666,417974,0.0,0.0
2024-06-26 15:30:00-04:00,19.1299991607666,19.235000610351562,19.125,19.165000915527344,993809,0.0,0.0
2024-06-27 09:30:00-04:00,19.235000610351562,20.264999389648438,19.200000762939453,20.25,1368676,0.0,0.0
2024-06-27 10:30:00-04:00,20.2450008392334,20.6200008392334,20.15999984741211,20.454999923706055,1044238,0.0,0.0
2024-06-27 11:30:00-04:00,20.454999923706055,20.799999237060547,20.290000915527344,20.760000228881836,749725,0.0,0.0
2024-06-27 12:30:00-04:00,20.7549991607666,20.90999984741211,20.65999984741211,20.90999984741211,577666,0.0,0.0
2024-06-27 13:30:00-04:00,20.90999984741211,20.90999984741211,20.729999542236328,20.860000610351562,512367,0.0,0.0
2024-06-27 14:30:00-04:00,20.8700008392334,21.030000686645508,20.815000534057617,21.010000228881836,1263977,0.0,0.0
2024-06-27 15:30:00-04:00,21.0049991607666,21.040000915527344,20.704999923706055,20.7450008392334,1107014,0.0,0.0
2024-06-28 09:30:00-04:00,20.84000015258789,21.2450008392334,20.799999237060547,21.21500015258789,975636,0.0,0.0
2024-06-28 10:30:00-04:00,21.21500015258789,21.280000686645508,21.06999969482422,21.104999542236328,612707,0.0,0.0
2024-06-28 11:30:00-04:00,21.110000610351562,21.190000534057617,20.955900192260742,21.040000915527344,443809,0.0,0.0
2024-06-28 12:30:00-04:00,21.042499542236328,21.049999237060547,20.709999084472656,20.915000915527344,446198,0.0,0.0
2024-06-28 13:30:00-04:00,20.90999984741211,20.934999465942383,20.8700008392334,20.899999618530273,278989,0.0,0.0
2024-06-28 14:30:00-04:00,20.905000686645508,21.0049991607666,20.8799991607666,20.969999313354492,527792,0.0,0.0
2024-06-28 15:30:00-04:00,20.969999313354492,21.059999465942383,20.90999984741211,21.049999237060547,1110609,0.0,0.0
2024-07-01 09:30:00-04:00,21.09000015258789,21.15999984741211,20.270000457763672,20.360000610351562,1147047,0.0,0.0
2024-07-01 10:30:00-04:00,20.3700008392334,20.520000457763672,20.239999771118164,20.334999084472656,599168,0.0,0.0
2024-07-01 11:30:00-04:00,20.329999923706055,20.6299991607666,20.31999969482422,20.614999771118164,350497,0.0,0.0
2024-07-01 12:30:00-04:00,20.610000610351562,20.6200008392334,20.350000381469727,20.395000457763672,292707,0.0,0.0
2024-07-01 13:30:00-04:00,20.395000457763672,20.520000457763672,20.299999237060547,20.4950008392334,456303,0.0,0.0
2024-07-01 14:30:00-04:00,20.499900817871094,20.499900817871094,20.239999771118164,20.264999389648438,495249,0.0,0.0
2024-07-01 15:30:00-04:00,20.260000228881836,20.424999237060547,20.219999313354492,20.350000381469727,1105782,0.0,0.0
2024-07-02 09:30:00-04:00,20.309999465942383,20.6299991607666,20.170000076293945,20.25,450962,0.0,0.0
2024-07-02 10:30:00-04:00,20.2549991607666,20.399999618530273,20.200000762939453,20.3700008392334,358367,0.0,0.0
2024-07-02 11:30:00-04:00,20.3700008392334,20.40999984741211,20.209999084472656,20.299999237060547,232268,0.0,0.0
2024-07-02 12:30:00-04:00,20.295000076293945,20.389999389648438,20.280000686645508,20.350000381469727,170900,0.0,0.0
2024-07-02 13:30:00-04:00,20.350000381469727,20.479999542236328,20.325000762939453,20.44499969482422,214159,0.0,0.0
2024-07-02 14:30:00-04:00,20.440000534057617,20.510000228881836,20.43000030517578,20.475000381469727,254127,0.0,0.0
2024-07-02 15:30:00-04:00,20.479999542236328,20.4950008392334,20.415000915527344,20.469999313354492,671114,0.0,0.0
2024-07-03 09:30:00-04:00,20.450000762939453,20.559999465942383,20.31999969482422,20.3799991607666,307587,0.0,0.0
2024-07-03 10:30:00-04:00,20.3799991607666,20.639999389648438,20.3799991607666,20.385000228881836,337797,0.0,0.0
2024-07-03 11:30:00-04:00,20.385000228881836,20.385000228881836,20.104999542236328,20.110000610351562,334127,0.0,0.0
2024-07-05 09:30:00-04:00,20.0,20.350000381469727,19.899999618530273,20.334999084472656,617921,0.0,0.0
2024-07-05 10:30:00-04:00,20.334999084472656,20.3700008392334,20.190000534057617,20.21500015258789,305588,0.0,0.0
2024-07-05 11:30:00-04:00,20.21500015258789,20.2450008392334,20.15999984741211,20.200000762939453,226522,0.0,0.0
2024-07-05 12:30:00-04:00,20.204999923706055,20.25,20.170000076293945,20.235000610351562,210783,0.0,0.0
2024-07-05 13:30:00-04:00,20.235000610351562,20.395000457763672,20.235000610351562,20.3799991607666,425570,0.0,0.0
2024-07-05 14:30:00-04:00,20.375,20.395000457763672,20.280000686645508,20.354999542236328,288497,0.0,0.0
2024-07-05 15:30:00-04:00,20.354999542236328,20.375,20.25,20.350000381469727,637263,0.0,0.0
2024-07-08 09:30:00-04:00,20.219999313354492,20.350299835205078,19.920000076293945,20.155000686645508,694989,0.0,0.0
2024-07-08 10:30:00-04:00,20.155000686645508,20.360000610351562,20.049999237060547,20.280000686645508,749909,0.0,0.0
2024-07-08 11:30:00-04:00,20.274999618530273,20.31999969482422,20.020000457763672,20.170000076293945,313401,0.0,0.0
2024-07-08 12:30:00-04:00,20.15999984741211,20.290000915527344,20.125,20.24720001220703,193005,0.0,0.0
2024-07-08 13:30:00-04:00,20.25,20.399999618530273,20.25,20.295000076293945,246695,0.0,0.0
2024-07-08 14:30:00-04:00,20.29759979248047,20.375,20.209999084472656,20.325000762939453,294449,0.0,0.0
2024-07-08 15:30:00-04:00,20.325000762939453,20.479999542236328,20.31999969482422,20.3799991607666,602485,0.0,0.0
2024-07-09 09:30:00-04:00,20.420000076293945,20.540000915527344,19.540000915527344,19.670000076293945,663767,0.0,0.0
2024-07-09 10:30:00-04:00,19.670000076293945,19.799999237060547,19.46500015258789,19.559999465942383,718173,0.0,0.0
2024-07-09 11:30:00-04:00,19.56999969482422,19.719999313354492,19.510000228881836,19.520000457763672,458345,0.0,0.0
2024-07-09 12:30:00-04:00,19.520000457763672,19.59000015258789,19.450000762939453,19.479999542236328,421897,0.0,0.0
2024-07-09 13:30:00-04:00,19.475000381469727,19.6200008392334,19.475000381469727,19.530000686645508,492974,0.0,0.0
2024-07-09 14:30:00-04:00,19.530000686645508,19.700000762939453,19.4950008392334,19.6200008392334,446731,0.0,0.0
2024-07-09 15:30:00-04:00,19.614999771118164,19.790000915527344,19.600000381469727,19.770000457763672,633541,0.0,0.0
2024-07-10 09:30:00-04:00,19.790000915527344,19.920000076293945,19.510000228881836,19.614999771118164,506308,0.0,0.0
2024-07-10 10:30:00-04:00,19.617900848388672,19.63599967956543,19.459999084472656,19.510000228881836,324991,0.0,0.0
2024-07-10 11:30:00-04:00,19.520000457763672,19.649999618530273,19.510000228881836,19.625,255840,0.0,0.0
2024-07-10 12:30:00-04:00,19.6299991607666,19.739700317382812,19.59000015258789,19.69499969482422,341267,0.0,0.0
2024-07-10 13:30:00-04:00,19.69499969482422,19.825000762939453,19.68000030517578,19.7450008392334,410302,0.0,0.0
2024-07-10 14:30:00-04:00,19.75,20.014999389648438,19.75,19.8799991607666,608875,0.0,0.0
2024-07-10 15:30:00-04:00,19.885000228881836,20.049999237060547,19.87420082092285,19.985000610351562,824455,0.0,0.0
2024-07-11 09:30:00-04:00,20.3799991607666,20.729999542236328,20.110000610351562,20.2549991607666,1129709,0.0,0.0
2024-07-11 10:30:00-04:00,20.260000228881836,20.360000610351562,20.200000762939453,20.204999923706055,415626,0.0,0.0
2024-07-11 11:30:00-04:00,20.200000762939453,20.26609992980957,20.1299991607666,20.264999389648438,406661,0.0,0.0
2024-07-11 12:30:00-04:00,20.264999389648438,20.350000381469727,20.18000030517578,20.270000457763672,434869,0.0,0.0
2024-07-11 13:30:00-04:00,20.260000228881836,20.274999618530273,20.032499313354492,20.135700225830078,841871,0.0,0.0
2024-07-11 14:30:00-04:00,20.139999389648438,20.18000030517578,20.05500030517578,20.155000686645508,665305,0.0,0.0
2024-07-11 15:30:00-04:00,20.15999984741211,20.34000015258789,20.15999984741211,20.229999542236328,726019,0.0,0.0
2024-07-12 09:30:00-04:00,20.34000015258789,20.674999237060547,20.09000015258789,20.670000076293945,747283,0.0,0.0
2024-07-12 10:30:00-04:00,20.674999237060547,20.69499969482422,20.459999084472656,20.540000915527344,743485,0.0,0.0
2024-07-12 11:30:00-04:00,20.540000915527344,20.579999923706055,20.43000030517578,20.5,263261,0.0,0.0
2024-07-12 12:30:00-04:00,20.4950008392334,20.6200008392334,20.450000762939453,20.6200008392334,508073,0.0,0.0
2024-07-12 13:30:00-04:00,20.614999771118164,20.6200008392334,20.479999542236328,20.53499984741211,418944,0.0,0.0
2024-07-12 14:30:00-04:00,20.53499984741211,20.575000762939453,20.485000610351562,20.530000686645508,437485,0.0,0.0
2024-07-12 15:30:00-04:00,20.520000457763672,20.530000686645508,20.34000015258789,20.34000015258789,728477,0.0,0.0
2024-07-15 09:30:00-04:00,20.959999084472656,21.25,20.559999465942383,21.25,1288894,0.0,0.0
2024-07-15 10:30:00-04:00,21.25,21.4950008392334,21.12420082092285,21.479999542236328,829019,0.0,0.0
2024-07-15 11:30:00-04:00,21.480100631713867,21.733299255371094,21.270000457763672,21.354999542236328,789346,0.0,0.0
2024-07-15 12:30:00-04:00,21.354999542236328,21.559999465942383,21.344999313354492,21.53499984741211,595373,0.0,0.0
2024-07-15 13:30:00-04:00,21.53499984741211,21.834999084472656,21.469999313354492,21.78499984741211,1415162,0.0,0.0
2024-07-15 14:30:00-04:00,21.78499984741211,21.80500030517578,21.540000915527344,21.735000610351562,1272535,0.0,0.0
2024-07-15 15:30:00-04:00,21.735000610351562,21.790000915527344,21.6200008392334,21.719999313354492,1246256,0.0,0.0
2024-07-16 09:30:00-04:00,21.93000030517578,22.235000610351562,21.719999313354492,21.825000762939453,1148170,0.0,0.0
2024-07-16 10:30:00-04:00,21.829999923706055,21.940000534057617,21.7549991607666,21.78499984741211,408518,0.0,0.0
2024-07-16 11:30:00-04:00,21.78499984741211,21.8799991607666,21.719999313354492,21.7450008392334,333198,0.0,0.0
2024-07-16 12:30:00-04:00,21.74799919128418,21.75,21.520000457763672,21.530000686645508,322456,0.0,0.0
2024-07-16 13:30:00-04:00,21.535600662231445,21.829999923706055,21.485000610351562,21.795000076293945,748852,0.0,0.0
2024-07-16 14:30:00-04:00,21.795000076293945,21.959999084472656,21.760000228881836,21.885000228881836,764127,0.0,0.0
2024-07-16 15:30:00-04:00,21.885000228881836,21.93000030517578,21.81999969482422,21.8799991607666,1067616,0.0,0.0
2024-07-17 09:30:00-04:00,21.43000030517578,21.59000015258789,21.040000915527344,21.200000762939453,725521,0.0,0.0
2024-07-17 10:30:00-04:00,21.19499969482422,21.309999465942383,21.09000015258789,21.239999771118164,537473,0.0,0.0
2024-07-17 11:30:00-04:00,21.235000610351562,21.2549991607666,20.90999984741211,21.0049991607666,625058,0.0,0.0
2024-07-17 12:30:00-04:00,21.010000228881836,21.059999465942383,20.850000381469727,21.045000076293945,769108,0.0,0.0
2024-07-17 13:30:00-04:00,21.040000915527344,21.149999618530273,20.93000030517578,21.100000381469727,555106,0.0,0.0
2024-07-17 14:30:00-04:00,21.099899291992188,21.170000076293945,20.979999542236328,21.15999984741211,543931,0.0,0.0
2024-07-17 15:30:00-04:00,21.165000915527344,21.229999542236328,21.09000015258789,21.100000381469727,725127,0.0,0.0
2024-07-18 09:30:00-04:00,21.149999618530273,21.200000762939453,20.920000076293945,21.0,715051,0.0,0.0
2024-07-18 10:30:00-04:00,21.010000228881836,21.020000457763672,20.709999084472656,20.729999542236328,469684,0.0,0.0
2024-07-18 11:30:00-04:00,20.719999313354492,20.78499984741211,20.520000457763672,20.600000381469727,495630,0.0,0.0
2024-07-18 12:30:00-04:00,20.59000015258789,20.700000762939453,20.549999237060547,20.59000015258789,510167,0.0,0.0
2024-07-18 13:30:00-04:00,20.584999084472656,20.600000381469727,20.219999313354492,20.25,404689,0.0,0.0
2024-07-18 14:30:00-04:00,20.25,20.264999389648438,20.060100555419922,20.100000381469727,419203,0.0,0.0
2024-07-18 15:30:00-04:00,20.104999542236328,20.200000762939453,20.06999969482422,20.139999389648438,646224,0.0,0.0
2024-07-19 09:30:00-04:00,22.450000762939453,22.489999771118164,20.780000686645508,20.975000381469727,4803248,0.0,0.0
2024-07-19 10:30:00-04:00,20.979999542236328,21.100000381469727,20.764999389648438,20.864999771118164,1549716,0.0,0.0
2024-07-19 11:30:00-04:00,20.864999771118164,21.454999923706055,20.780000686645508,21.424999237060547,1409342,0.0,0.0
2024-07-19 12:30:00-04:00,21.424999237060547,22.1299991607666,21.415000915527344,21.848800659179688,2702726,0.0,0.0
2024-07-19 13:30:00-04:00,21.844999313354492,22.049999237060547,21.729999542236328,21.969999313354492,1118215,0.0,0.0
2024-07-19 14:30:00-04:00,21.96500015258789,21.96500015258789,21.450000762939453,21.69499969482422,1600056,0.0,0.0
2024-07-19 15:30:00-04:00,21.69499969482422,21.760000228881836,21.3700008392334,21.709999084472656,1381361,0.0,0.0
2024-07-22 09:30:00-04:00,22.8700008392334,24.795000076293945,22.829999923706055,24.260000228881836,9433444,0.0,0.0
2024-07-22 10:30:00-04:00,24.260000228881836,24.315000534057617,23.489999771118164,23.545000076293945,2525478,0.0,0.0
2024-07-22 11:30:00-04:00,23.545000076293945,23.670000076293945,23.190000534057617,23.34000015258789,2022623,0.0,0.0
2024-07-22 12:30:00-04:00,23.34000015258789,23.549999237060547,23.014999389648438,23.020000457763672,1833233,0.0,0.0
2024-07-22 13:30:00-04:00,23.020000457763672,23.1200008392334,22.75,23.068199157714844,1929720,0.0,0.0
2024-07-22 14:30:00-04:00,23.065000534057617,23.364999771118164,22.969999313354492,23.28499984741211,1999453,0.0,0.0
2024-07-22 15:30:00-04:00,23.28499984741211,23.360000610351562,23.170000076293945,23.170000076293945,1947830,0.0,0.0
2024-07-23 09:30:00-04:00,23.299999237060547,24.31999969482422,23.219999313354492,24.219900131225586,3275893,0.0,0.0
2024-07-23 10:30:00-04:00,24.209999084472656,24.43000030517578,23.924999237060547,24.344999313354492,1607465,0.0,0.0
2024-07-23 11:30:00-04:00,24.350000381469727,24.485000610351562,24.31999969482422,24.3799991607666,1079111,0.0,0.0
2024-07-23 12:30:00-04:00,24.375,24.6200008392334,24.329999923706055,24.420000076293945,1361514,0.0,0.0
2024-07-23 13:30:00-04:00,24.424999237060547,24.485000610351562,24.3700008392334,24.435699462890625,913455,0.0,0.0
2024-07-23 14:30:00-04:00,24.434999465942383,24.459999084472656,24.0,24.44499969482422,1148143,0.0,0.0
2024-07-23 15:30:00-04:00,24.434999465942383,24.549999237060547,24.389999389648438,24.420000076293945,3165571,0.0,0.0
2024-07-24 09:30:00-04:00,24.260000228881836,24.63640022277832,23.81999969482422,24.184999465942383,2509768,0.0,0.0
2024-07-24 10:30:00-04:00,24.184999465942383,24.3799991607666,23.709999084472656,23.959999084472656,1267420,0.0,0.0
2024-07-24 11:30:00-04:00,23.94499969482422,24.110000610351562,23.549999237060547,23.674999237060547,915498,0.0,0.0
2024-07-24 12:30:00-04:00,23.670000076293945,23.84000015258789,23.420000076293945,23.815000534057617,790044,0.0,0.0
2024-07-24 13:30:00-04:00,23.829999923706055,24.084999084472656,23.770000457763672,24.024999618530273,1295122,0.0,0.0
2024-07-24 14:30:00-04:00,24.024999618530273,24.045000076293945,23.600099563598633,23.635000228881836,1819211,0.0,0.0
2024-07-24 15:30:00-04:00,23.635000228881836,23.784500122070312,23.389999389648438,23.399999618530273,1410852,0.0,0.0
2024-07-25 09:30:00-04:00,23.510000228881836,23.979999542236328,23.06999969482422,23.575000762939453,1334211,0.0,0.0
2024-07-25 10:30:00-04:00,23.559999465942383,24.170000076293945,23.5,23.780000686645508,1426479,0.0,0.0
2024-07-25 11:30:00-04:00,23.780000686645508,24.209999084472656,23.649999618530273,24.125,807089,0.0,0.0
2024-07-25 12:30:00-04:00,24.1299991607666,24.139999389648438,23.735000610351562,23.780000686645508,584962,0.0,0.0
2024-07-25 13:30:00-04:00,23.770000457763672,23.799999237060547,23.520000457763672,23.575000762939453,892681,0.0,0.0
2024-07-25 14:30:00-04:00,23.56999969482422,23.600000381469727,23.28499984741211,23.440000534057617,703845,0.0,0.0
2024-07-25 15:30:00-04:00,23.440000534057617,23.454999923706055,23.020299911499023,23.100000381469727,1370823,0.0,0.0
2024-07-26 09:30:00-04:00,23.389999389648438,23.448699951171875,22.81999969482422,22.825000762939453,1244888,0.0,0.0
2024-07-26 10:30:00-04:00,22.825000762939453,22.84000015258789,22.190000534057617,22.31999969482422,1897130,0.0,0.0
2024-07-26 11:30:00-04:00,22.31999969482422,22.760000228881836,22.309999465942383,22.65999984741211,807614,0.0,0.0
2024-07-26 12:30:00-04:00,22.670000076293945,22.735000610351562,22.56999969482422,22.735000610351562,425696,0.0,0.0
2024-07-26 13:30:00-04:00,22.73310089111328,23.40999984741211,22.719999313354492,23.25,949351,0.0,0.0
2024-07-26 14:30:00-04:00,23.229999542236328,23.31999969482422,22.94499969482422,23.075000762939453,401187,0.0,0.0
2024-07-26 15:30:00-04:00,23.075000762939453,23.190000534057617,23.020000457763672,23.030000686645508,740631,0.0,0.0
2024-07-29 09:30:00-04:00,23.260000228881836,23.399999618530273,22.739999771118164,22.969999313354492,905347,0.0,0.0
2024-07-29 10:30:00-04:00,22.975000381469727,22.979999542236328,22.68000030517578,22.774999618530273,532380,0.0,0.0
2024-07-29 11:30:00-04:00,22.774999618530273,22.834999084472656,22.559999465942383,22.709999084472656,532930,0.0,0.0
2024-07-29 12:30:00-04:00,22.704999923706055,22.729999542236328,22.434999465942383,22.450000762939453,395154,0.0,0.0
2024-07-29 13:30:00-04:00,22.44499969482422,22.520000457763672,22.329999923706055,22.375499725341797,578661,0.0,0.0
2024-07-29 14:30:00-04:00,22.375,22.485000610351562,22.31999969482422,22.385000228881836,536167,0.0,0.0
2024-07-29 15:30:00-04:00,22.389999389648438,22.680999755859375,22.3700008392334,22.600000381469727,989413,0.0,0.0
2024-07-30 09:30:00-04:00,22.84000015258789,23.069799423217773,22.485000610351562,22.6200008392334,566037,0.0,0.0
2024-07-30 10:30:00-04:00,22.610000610351562,22.68000030517578,22.290000915527344,22.5,832341,0.0,0.0
2024-07-30 11:30:00-04:00,22.5,22.5,22.110000610351562,22.13680076599121,446209,0.0,0.0
2024-07-30 12:30:00-04:00,22.139999389648438,22.325000762939453,22.110000610351562,22.25,383258,0.0,0.0
2024-07-30 13:30:00-04:00,22.2549991607666,22.635000228881836,22.219999313354492,22.565000534057617,696967,0.0,0.0
2024-07-30 14:30:00-04:00,22.549999237060547,22.639999389648438,22.44099998474121,22.489999771118164,466736,0.0,0.0
2024-07-30 15:30:00-04:00,22.489999771118164,22.639999389648438,22.450000762939453,22.549999237060547,757733,0.0,0.0
2024-07-31 09:30:00-04:00,22.8799991607666,22.989999771118164,22.559999465942383,22.809999465942383,669452,0.0,0.0
2024-07-31 10:30:00-04:00,22.809999465942383,23.264999389648438,22.799999237060547,23.229999542236328,522199,0.0,0.0
2024-07-31 11:30:00-04:00,23.219999313354492,23.399999618530273,23.06999969482422,23.09000015258789,885673,0.0,0.0
2024-07-31 12:30:00-04:00,23.084999084472656,23.100000381469727,22.911699295043945,23.031400680541992,345301,0.0,0.0
2024-07-31 13:30:00-04:00,23.0310001373291,23.0310001373291,22.75,22.834999084472656,390123,0.0,0.0
2024-07-31 14:30:00-04:00,22.84000015258789,23.229999542236328,22.84000015258789,22.985000610351562,580246,0.0,0.0
2024-07-31 15:30:00-04:00,22.985000610351562,23.065000534057617,22.825000762939453,22.889999389648438,603216,0.0,0.0
2024-08-01 09:30:00-04:00,22.899999618530273,23.1200008392334,22.405000686645508,22.440000534057617,949012,0.0,0.0
2024-08-01 10:30:00-04:00,22.43000030517578,22.46500015258789,21.860000610351562,21.934999465942383,651809,0.0,0.0
2024-08-01 11:30:00-04:00,21.934999465942383,22.020000457763672,21.6299991607666,21.799999237060547,565223,0.0,0.0
2024-08-01 12:30:00-04:00,21.790000915527344,21.889999389648438,21.559999465942383,21.614999771118164,602432,0.0,0.0
2024-08-01 13:30:00-04:00,21.614999771118164,21.860000610351562,21.5,21.700000762939453,375513,0.0,0.0
2024-08-01 14:30:00-04:00,21.700000762939453,21.725000381469727,21.514999389648438,21.639999389648438,562331,0.0,0.0
2024-08-01 15:30:00-04:00,21.655000686645508,21.719999313354492,21.530000686645508,21.6299991607666,876082,0.0,0.0
2024-08-02 09:30:00-04:00,20.829999923706055,20.93000030517578,19.940000534057617,20.389999389648438,1271317,0.0,0.0
2024-08-02 10:30:00-04:00,20.3700008392334,20.440000534057617,20.079999923706055,20.329999923706055,799294,0.0,0.0
2024-08-02 11:30:00-04:00,20.334999084472656,20.850000381469727,20.310100555419922,20.79199981689453,494087,0.0,0.0
2024-08-02 12:30:00-04:00,20.790000915527344,20.9950008392334,20.719999313354492,20.93000030517578,335100,0.0,0.0
2024-08-02 13:30:00-04:00,20.93000030517578,21.09000015258789,20.829999923706055,21.09000015258789,338142,0.0,0.0
2024-08-02 14:30:00-04:00,21.09000015258789,21.15999984741211,20.934999465942383,21.1200008392334,324126,0.0,0.0
2024-08-02 15:30:00-04:00,21.1299991607666,21.219999313354492,21.041000366210938,21.1200008392334,670832,0.0,0.0
2024-08-05 09:30:00-04:00,18.799999237060547,20.31999969482422,18.799999237060547,19.729999542236328,1424649,0.0,0.0
2024-08-05 10:30:00-04:00,19.729999542236328,20.610000610351562,19.719999313354492,20.43000030517578,710125,0.0,0.0
2024-08-05 11:30:00-04:00,20.43000030517578,21.040000915527344,20.360000610351562,21.030000686645508,688687,0.0,0.0
2024-08-05 12:30:00-04:00,21.020000457763672,21.020000457763672,20.604999542236328,20.790000915527344,507573,0.0,0.0
2024-08-05 13:30:00-04:00,20.799999237060547,20.934999465942383,20.524999618530273,20.645000457763672,465649,0.0,0.0
2024-08-05 14:30:00-04:00,20.639999389648438,20.674999237060547,20.434999465942383,20.6299991607666,265370,0.0,0.0
2024-08-05 15:30:00-04:00,20.6299991607666,20.68000030517578,20.43000030517578,20.434999465942383,783358,0.0,0.0
2024-08-06 09:30:00-04:00,20.434999465942383,20.829999923706055,20.18000030517578,20.510000228881836,945503,0.0,0.0
2024-08-06 10:30:00-04:00,20.510000228881836,20.7450008392334,20.389999389648438,20.579999923706055,424758,0.0,0.0
2024-08-06 11:30:00-04:00,20.579999923706055,20.83989906311035,20.549999237060547,20.635000228881836,257309,0.0,0.0
2024-08-06 12:30:00-04:00,20.639999389648438,20.854999542236328,20.62150001525879,20.684999465942383,372323,0.0,0.0
2024-08-06 13:30:00-04:00,20.690000534057617,20.760000228881836,20.530000686645508,20.700000762939453,263205,0.0,0.0
2024-08-06 14:30:00-04:00,20.690000534057617,20.80500030517578,20.545000076293945,20.735000610351562,385627,0.0,0.0
2024-08-06 15:30:00-04:00,20.75,20.84000015258789,20.709999084472656,20.709999084472656,824362,0.0,0.0
2024-08-07 09:30:00-04:00,21.149999618530273,21.850000381469727,21.049999237060547,21.395000457763672,784806,0.0,0.0
2024-08-07 10:30:00-04:00,21.395000457763672,21.479999542236328,21.260000228881836,21.299999237060547,316536,0.0,0.0
2024-08-07 11:30:00-04:00,21.299999237060547,21.40999984741211,21.170000076293945,21.27680015563965,176905,0.0,0.0
2024-08-07 12:30:00-04:00,21.270000457763672,21.270000457763672,21.020999908447266,21.059999465942383,294399,0.0,0.0
2024-08-07 13:30:00-04:00,21.079999923706055,21.31999969482422,20.80500030517578,20.920000076293945,366902,0.0,0.0
2024-08-07 14:30:00-04:00,20.920000076293945,21.079999923706055,20.81399917602539,20.899999618530273,290464,0.0,0.0
2024-08-07 15:30:00-04:00,20.889999389648438,20.90999984741211,20.549999237060547,20.549999237060547,563421,0.0,0.0
2024-08-08 09:30:00-04:00,20.950000762939453,21.09000015258789,20.520000457763672,21.09000015258789,405938,0.0,0.0
2024-08-08 10:30:00-04:00,21.089399337768555,21.155000686645508,20.93000030517578,21.030000686645508,262377,0.0,0.0
2024-08-08 11:30:00-04:00,21.03499984741211,21.290000915527344,21.020000457763672,21.274999618530273,228714,0.0,0.0
2024-08-08 12:30:00-04:00,21.280000686645508,21.475000381469727,21.240100860595703,21.46210289001465,255556,0.0,0.0
2024-08-08 13:30:00-04:00,21.459999084472656,21.5,21.360000610351562,21.43440055847168,425783,0.0,0.0
2024-08-08 14:30:00-04:00,21.43000030517578,21.5,21.229999542236328,21.30500030517578,480601,0.0,0.0
2024-08-08 15:30:00-04:00,21.30500030517578,21.489999771118164,21.28499984741211,21.31999969482422,680045,0.0,0.0
2024-08-09 09:30:00-04:00,21.399999618530273,21.600000381469727,21.19499969482422,21.485000610351562,345298,0.0,0.0
2024-08-09 10:30:00-04:00,21.5,21.895000457763672,21.399999618530273,21.7450008392334,433679,0.0,0.0
2024-08-09 11:30:00-04:00,21.746000289916992,21.80900001525879,21.59000015258789,21.63450050354004,306914,0.0,0.0
2024-08-09 12:30:00-04:00,21.6299991607666,21.719999313354492,21.4950008392334,21.655000686645508,876060,0.0,0.0
2024-08-09 13:30:00-04:00,21.670000076293945,21.829999923706055,21.530000686645508,21.760000228881836,829409,0.0,0.0
2024-08-09 14:30:00-04:00,21.739999771118164,21.809999465942383,21.65999984741211,21.770000457763672,556253,0.0,0.0
2024-08-09 15:30:00-04:00,21.760000228881836,21.84000015258789,21.68000030517578,21.799999237060547,599128,0.0,0.0
2024-08-12 09:30:00-04:00,21.829999923706055,22.11720085144043,21.299999237060547,21.520000457763672,390072,0.0,0.0
2024-08-12 10:30:00-04:00,21.539899826049805,21.700000762939453,21.370800018310547,21.434999465942383,375729,0.0,0.0
2024-08-12 11:30:00-04:00,21.420000076293945,21.579999923706055,21.329999923706055,21.549999237060547,175895,0.0,0.0
2024-08-12 12:30:00-04:00,21.549999237060547,21.600000381469727,21.399999618530273,21.559999465942383,137297,0.0,0.0
2024-08-12 13:30:00-04:00,21.559999465942383,21.65999984741211,21.510000228881836,21.524999618530273,154916,0.0,0.0
2024-08-12 14:30:00-04:00,21.520000457763672,21.540000915527344,21.354999542236328,21.420000076293945,536039,0.0,0.0
2024-08-12 15:30:00-04:00,21.415000915527344,21.440000534057617,21.174999237060547,21.219999313354492,635733,0.0,0.0
2024-08-13 09:30:00-04:00,21.360000610351562,21.670000076293945,21.049999237060547,21.469999313354492,547884,0.0,0.0
2024-08-13 10:30:00-04:00,21.459999084472656,21.83799934387207,21.3700008392334,21.770000457763672,321110,0.0,0.0
2024-08-13 11:30:00-04:00,21.800199508666992,22.190000534057617,21.780000686645508,22.170000076293945,401903,0.0,0.0
2024-08-13 12:30:00-04:00,22.15999984741211,22.31999969482422,22.1200008392334,22.139999389648438,290397,0.0,0.0
2024-08-13 13:30:00-04:00,22.149499893188477,22.34000015258789,22.1200008392334,22.34000015258789,388514,0.0,0.0
2024-08-13 14:30:00-04:00,22.34000015258789,22.38800048828125,22.18000030517578,22.295000076293945,372259,0.0,0.0
2024-08-13 15:30:00-04:00,22.290000915527344,22.424999237060547,22.27899932861328,22.350000381469727,669518,0.0,0.0
2024-08-14 09:30:00-04:00,22.399999618530273,22.610000610351562,22.100000381469727,22.209999084472656,310773,0.0,0.0
2024-08-14 10:30:00-04:00,22.219999313354492,22.510000228881836,22.06999969482422,22.510000228881836,392468,0.0,0.0
2024-08-14 11:30:00-04:00,22.510000228881836,22.719999313354492,22.489999771118164,22.6200008392334,411935,0.0,0.0
2024-08-14 12:30:00-04:00,22.6200008392334,22.670000076293945,22.389999389648438,22.56999969482422,248349,0.0,0.0
2024-08-14 13:30:00-04:00,22.559999465942383,22.709999084472656,22.530000686645508,22.645000457763672,331619,0.0,0.0
2024-08-14 14:30:00-04:00,22.639999389648438,22.645000457763672,22.559999465942383,22.587499618530273,301638,0.0,0.0
2024-08-14 15:30:00-04:00,22.59000015258789,22.84000015258789,22.565000534057617,22.799999237060547,788323,0.0,0.0
2024-08-15 09:30:00-04:00,23.1200008392334,23.43000030517578,23.020000457763672,23.225000381469727,533918,0.0,0.0
2024-08-15 10:30:00-04:00,23.21500015258789,23.350000381469727,23.020000457763672,23.030000686645508,343210,0.0,0.0
2024-08-15 11:30:00-04:00,23.024999618530273,23.1299991607666,22.950000762939453,23.110000610351562,249239,0.0,0.0
2024-08-15 12:30:00-04:00,23.110000610351562,23.280000686645508,23.09000015258789,23.18000030517578,469698,0.0,0.0
2024-08-15 13:30:00-04:00,23.174999237060547,23.274999618530273,23.15999984741211,23.264999389648438,223074,0.0,0.0
2024-08-15 14:30:00-04:00,23.264999389648438,23.350000381469727,23.170000076293945,23.184999465942383,292496,0.0,0.0
2024-08-15 15:30:00-04:00,23.18000030517578,23.18000030517578,23.0049991607666,23.170000076293945,438792,0.0,0.0
2024-08-16 09:30:00-04:00,23.059999465942383,23.15999984741211,22.729999542236328,22.854999542236328,557533,0.0,0.0
2024-08-16 10:30:00-04:00,22.850000381469727,23.024999618530273,22.809999465942383,22.979999542236328,249346,0.0,0.0
2024-08-16 11:30:00-04:00,22.989999771118164,23.28499984741211,22.975000381469727,23.19499969482422,685367,0.0,0.0
2024-08-16 12:30:00-04:00,23.19499969482422,23.260000228881836,23.09000015258789,23.155000686645508,438840,0.0,0.0
2024-08-16 13:30:00-04:00,23.15999984741211,23.309999465942383,23.1299991607666,23.309999465942383,453776,0.0,0.0
2024-08-16 14:30:00-04:00,23.309999465942383,23.329999923706055,23.25,23.309799194335938,751431,0.0,0.0
2024-08-16 15:30:00-04:00,23.299999237060547,23.3700008392334,23.15999984741211,23.170000076293945,520317,0.0,0.0
2024-08-19 09:30:00-04:00,23.170000076293945,23.610000610351562,23.010000228881836,23.510000228881836,425193,0.0,0.0
2024-08-19 10:30:00-04:00,23.510000228881836,23.559999465942383,23.354299545288086,23.3799991607666,285426,0.0,0.0
2024-08-19 11:30:00-04:00,23.3799991607666,23.420000076293945,23.290000915527344,23.3799991607666,210700,0.0,0.0
2024-08-19 12:30:00-04:00,23.3700008392334,23.520000457763672,23.334999084472656,23.454999923706055,172025,0.0,0.0
2024-08-19 13:30:00-04:00,23.450000762939453,23.56999969482422,23.434999465942383,23.540000915527344,322013,0.0,0.0
2024-08-19 14:30:00-04:00,23.540000915527344,23.639999389648438,23.530000686645508,23.600000381469727,387268,0.0,0.0
2024-08-19 15:30:00-04:00,23.600000381469727,23.795000076293945,23.59000015258789,23.75,712360,0.0,0.0
2024-08-20 09:30:00-04:00,23.81999969482422,24.15999984741211,23.604999542236328,23.670000076293945,760750,0.0,0.0
2024-08-20 10:30:00-04:00,23.674999237060547,23.799999237060547,23.590099334716797,23.65999984741211,341348,0.0,0.0
2024-08-20 11:30:00-04:00,23.649999618530273,23.940000534057617,23.640100479125977,23.899999618530273,387838,0.0,0.0
2024-08-20 12:30:00-04:00,23.905000686645508,23.959999084472656,23.75,23.950000762939453,315368,0.0,0.0
2024-08-20 13:30:00-04:00,23.959999084472656,24.040000915527344,23.889999389648438,24.024700164794922,382423,0.0,0.0
2024-08-20 14:30:00-04:00,24.024999618530273,24.059999465942383,23.899999618530273,24.040000915527344,623650,0.0,0.0
2024-08-20 15:30:00-04:00,24.049999237060547,24.139999389648438,23.989999771118164,24.010000228881836,922800,0.0,0.0
2024-08-21 09:30:00-04:00,24.15999984741211,24.3799991607666,23.90999984741211,24.209999084472656,551044,0.0,0.0
2024-08-21 10:30:00-04:00,24.209999084472656,24.25,23.979999542236328,24.146499633789062,404670,0.0,0.0
2024-08-21 11:30:00-04:00,24.145000457763672,24.315000534057617,24.135000228881836,24.264999389648438,233239,0.0,0.0
2024-08-21 12:30:00-04:00,24.264999389648438,24.3439998626709,24.010000228881836,24.024999618530273,462520,0.0,0.0
2024-08-21 13:30:00-04:00,24.024999618530273,24.295000076293945,23.989999771118164,24.295000076293945,380926,0.0,0.0
2024-08-21 14:30:00-04:00,24.295000076293945,24.440000534057617,24.200000762939453,24.424999237060547,507411,0.0,0.0
2024-08-21 15:30:00-04:00,24.424999237060547,24.59000015258789,24.34000015258789,24.549999237060547,924431,0.0,0.0
2024-08-22 09:30:00-04:00,25.530000686645508,25.530000686645508,24.860000610351562,25.1299991607666,1644094,0.0,0.0
2024-08-22 10:30:00-04:00,25.125,25.34000015258789,24.889999389648438,24.899999618530273,944625,0.0,0.0
2024-08-22 11:30:00-04:00,24.90999984741211,25.1200008392334,24.489999771118164,25.100000381469727,763237,0.0,0.0
2024-08-22 12:30:00-04:00,25.079999923706055,25.1200008392334,24.875,25.030000686645508,279465,0.0,0.0
2024-08-22 13:30:00-04:00,25.020000457763672,25.084999084472656,24.735000610351562,24.889999389648438,445139,0.0,0.0
2024-08-22 14:30:00-04:00,24.889999389648438,24.959999084472656,24.83009910583496,24.854999542236328,434386,0.0,0.0
2024-08-22 15:30:00-04:00,24.850000381469727,24.860000610351562,24.532499313354492,24.559999465942383,1095679,0.0,0.0
2024-08-23 09:30:00-04:00,24.860000610351562,25.260000228881836,24.649999618530273,24.889999389648438,910878,0.0,0.0
2024-08-23 10:30:00-04:00,24.895000457763672,25.249900817871094,24.829999923706055,25.114999771118164,718843,0.0,0.0
2024-08-23 11:30:00-04:00,25.114999771118164,25.219999313354492,24.90999984741211,25.079999923706055,497112,0.0,0.0
2024-08-23 12:30:00-04:00,25.075000762939453,25.139999389648438,24.81999969482422,25.079999923706055,600544,0.0,0.0
2024-08-23 13:30:00-04:00,25.079999923706055,25.19499969482422,24.959999084472656,25.184999465942383,410802,0.0,0.0
2024-08-23 14:30:00-04:00,25.184999465942383,25.3700008392334,25.149999618530273,25.354999542236328,571843,0.0,0.0
2024-08-23 15:30:00-04:00,25.350000381469727,25.360000610351562,25.18000030517578,25.239999771118164,1004744,0.0,0.0
2024-08-26 09:30:00-04:00,25.3700008392334,25.399999618530273,25.0447998046875,25.190000534057617,1146420,0.0,0.0
2024-08-26 10:30:00-04:00,25.180099487304688,25.204999923706055,25.010000228881836,25.104999542236328,655299,0.0,0.0
2024-08-26 11:30:00-04:00,25.100000381469727,25.1299991607666,24.860000610351562,24.989999771118164,912924,0.0,0.0
2024-08-26 12:30:00-04:00,24.9950008392334,25.149999618530273,24.829999923706055,24.860000610351562,795794,0.0,0.0
2024-08-26 13:30:00-04:00,24.864999771118164,24.920000076293945,24.799999237060547,24.850000381469727,661468,0.0,0.0
2024-08-26 14:30:00-04:00,24.850000381469727,25.125,24.829999923706055,24.96500015258789,701534,0.0,0.0
2024-08-26 15:30:00-04:00,24.959999084472656,24.9950008392334,24.8700008392334,24.899999618530273,1070747,0.0,0.0
2024-08-27 09:30:00-04:00,24.639999389648438,24.850000381469727,24.530000686645508,24.809999465942383,1198240,0.0,0.0
2024-08-27 10:30:00-04:00,24.809999465942383,24.959999084472656,24.665000915527344,24.670000076293945,1167831,0.0,0.0
2024-08-27 11:30:00-04:00,24.670000076293945,24.844999313354492,24.604999542236328,24.81999969482422,663547,0.0,0.0
2024-08-27 12:30:00-04:00,24.829999923706055,24.959999084472656,24.729999542236328,24.94499969482422,535432,0.0,0.0
2024-08-27 13:30:00-04:00,24.94499969482422,25.020000457763672,24.860000610351562,24.895000457763672,755275,0.0,0.0
2024-08-27 14:30:00-04:00,24.895000457763672,24.969999313354492,24.770000457763672,24.795000076293945,933707,0.0,0.0
2024-08-27 15:30:00-04:00,24.795000076293945,24.809999465942383,24.69499969482422,24.7450008392334,1636959,0.0,0.0
2024-08-28 09:30:00-04:00,26.0,26.6200008392334,24.0,24.450000762939453,4782140,0.0,0.0
2024-08-28 10:30:00-04:00,24.450000762939453,24.75,24.354999542236328,24.469999313354492,1711485,0.0,0.0
2024-08-28 11:30:00-04:00,24.459999084472656,24.674999237060547,24.1299991607666,24.16990089416504,1227292,0.0,0.0
2024-08-28 12:30:00-04:00,24.170000076293945,24.25,24.049999237060547,24.18000030517578,609120,0.0,0.0
2024-08-28 13:30:00-04:00,24.1737003326416,24.399999618530273,24.040000915527344,24.114999771118164,679929,0.0,0.0
2024-08-28 14:30:00-04:00,24.114999771118164,24.530000686645508,24.070100784301758,24.510000228881836,1097933,0.0,0.0
2024-08-28 15:30:00-04:00,24.479999542236328,24.65999984741211,24.420000076293945,24.43000030517578,1873835,0.0,0.0
2024-08-29 09:30:00-04:00,24.489999771118164,25.645599365234375,24.489999771118164,25.450000762939453,2013329,0.0,0.0
2024-08-29 10:30:00-04:00,25.459999084472656,25.489999771118164,24.8700008392334,24.920000076293945,853531,0.0,0.0
2024-08-29 11:30:00-04:00,24.920000076293945,25.110000610351562,24.876399993896484,24.9950008392334,531235,0.0,0.0
2024-08-29 12:30:00-04:00,25.0,25.040000915527344,24.774999618530273,24.809999465942383,383502,0.0,0.0
2024-08-29 13:30:00-04:00,24.809999465942383,24.809999465942383,24.420000076293945,24.440000534057617,1155401,0.0,0.0
2024-08-29 14:30:00-04:00,24.440000534057617,24.440000534057617,24.260000228881836,24.40999984741211,985940,0.0,0.0
2024-08-29 15:30:00-04:00,24.40999984741211,24.479999542236328,24.235000610351562,24.270000457763672,999911,0.0,0.0
2024-08-30 09:30:00-04:00,24.540000915527344,24.739999771118164,23.709999084472656,23.76569938659668,714391,0.0,0.0
2024-08-30 10:30:00-04:00,23.770000457763672,23.844999313354492,23.200000762939453,23.239999771118164,914374,0.0,0.0
2024-08-30 11:30:00-04:00,23.239999771118164,23.479999542236328,23.239999771118164,23.289899826049805,457763,0.0,0.0
2024-08-30 12:30:00-04:00,23.290000915527344,23.559999465942383,23.280000686645508,23.479999542236328,388241,0.0,0.0
2024-08-30 13:30:00-04:00,23.482799530029297,23.594999313354492,23.450000762939453,23.530000686645508,241031,0.0,0.0
2024-08-30 14:30:00-04:00,23.530000686645508,23.610000610351562,23.44499969482422,23.565000534057617,357829,0.0,0.0
2024-08-30 15:30:00-04:00,23.56999969482422,23.6200008392334,23.40999984741211,23.559999465942383,1263722,0.0,0.0
2024-09-03 09:30:00-04:00,23.270000457763672,23.780000686645508,23.200000762939453,23.34000015258789,651188,0.0,0.0
2024-09-03 10:30:00-04:00,23.329999923706055,23.329999923706055,23.110000610351562,23.135000228881836,509659,0.0,0.0
2024-09-03 11:30:00-04:00,23.135000228881836,23.165000915527344,22.8799991607666,22.93000030517578,487492,0.0,0.0
2024-09-03 12:30:00-04:00,22.920000076293945,22.989999771118164,22.8533992767334,22.950000762939453,432520,0.0,0.0
2024-09-03 13:30:00-04:00,22.950000762939453,22.989999771118164,22.719999313354492,22.7549991607666,606381,0.0,0.0
2024-09-03 14:30:00-04:00,22.7549991607666,22.829999923706055,22.684999465942383,22.690000534057617,520106,0.0,0.0
2024-09-03 15:30:00-04:00,22.684999465942383,23.0,22.56999969482422,22.889999389648438,1584638,0.0,0.0
2024-09-04 09:30:00-04:00,22.440000534057617,23.6200008392334,22.41010093688965,23.559999465942383,1087413,0.0,0.0
2024-09-04 10:30:00-04:00,23.559999465942383,23.809999465942383,23.5,23.56999969482422,647029,0.0,0.0
2024-09-04 11:30:00-04:00,23.56999969482422,23.6299991607666,23.200000762939453,23.479999542236328,599065,0.0,0.0
2024-09-04 12:30:00-04:00,23.469999313354492,23.469999313354492,23.149999618530273,23.15999984741211,310577,0.0,0.0
2024-09-04 13:30:00-04:00,23.15999984741211,23.209999084472656,23.084999084472656,23.139999389648438,374074,0.0,0.0
2024-09-04 14:30:00-04:00,23.1299991607666,23.149999618530273,22.979999542236328,23.110000610351562,509413,0.0,0.0
2024-09-04 15:30:00-04:00,23.110000610351562,23.225000381469727,23.049999237060547,23.1200008392334,816239,0.0,0.0
2024-09-05 09:30:00-04:00,22.8799991607666,23.170000076293945,22.75,23.040000915527344,472159,0.0,0.0
2024-09-05 10:30:00-04:00,23.049999237060547,23.190000534057617,22.825000762939453,22.829999923706055,215607,0.0,0.0
2024-09-05 11:30:00-04:00,22.84000015258789,22.979999542236328,22.78499984741211,22.94499969482422,190345,0.0,0.0
2024-09-05 12:30:00-04:00,22.94499969482422,23.09000015258789,22.8887996673584,22.989999771118164,166011,0.0,0.0
2024-09-05 13:30:00-04:00,22.975000381469727,23.139999389648438,22.940000534057617,23.049999237060547,229373,0.0,0.0
2024-09-05 14:30:00-04:00,23.049999237060547,23.100000381469727,22.864999771118164,22.985000610351562,288732,0.0,0.0
2024-09-05 15:30:00-04:00,22.979999542236328,23.0049991607666,22.735000610351562,22.850000381469727,833464,0.0,0.0
2024-09-06 09:30:00-04:00,22.690000534057617,23.100000381469727,22.40999984741211,22.43000030517578,810296,0.0,0.0
2024-09-06 10:30:00-04:00,22.420000076293945,22.447999954223633,22.030000686645508,22.100000381469727,656812,0.0,0.0
2024-09-06 11:30:00-04:00,22.100000381469727,22.174999237060547,21.979999542236328,22.010000228881836,340834,0.0,0.0
2024-09-06 12:30:00-04:00,22.019899368286133,22.225000381469727,21.934999465942383,22.15999984741211,341796,0.0,0.0
2024-09-06 13:30:00-04:00,22.15999984741211,22.18000030517578,21.979999542236328,22.020000457763672,286182,0.0,0.0
2024-09-06 14:30:00-04:00,22.013900756835938,22.225000381469727,21.989999771118164,22.16790008544922,341905,0.0,0.0
2024-09-06 15:30:00-04:00,22.165000915527344,22.219999313354492,21.985000610351562,22.010000228881836,606393,0.0,0.0
2024-09-09 09:30:00-04:00,22.350000381469727,22.600000381469727,22.288000106811523,22.43000030517578,456092,0.0,0.0
2024-09-09 10:30:00-04:00,22.440000534057617,22.440000534057617,22.0,22.079999923706055,312954,0.0,0.0
2024-09-09 11:30:00-04:00,22.079999923706055,22.235000610351562,22.049999237060547,22.165000915527344,316491,0.0,0.0
2024-09-09 12:30:00-04:00,22.170000076293945,22.184999465942383,22.040000915527344,22.05500030517578,193571,0.0,0.0
2024-09-09 13:30:00-04:00,22.05500030517578,22.079999923706055,21.799999237060547,21.850000381469727,262036,0.0,0.0
2024-09-09 14:30:00-04:00,21.84000015258789,21.8700008392334,21.780000686645508,21.829999923706055,236886,0.0,0.0
2024-09-09 15:30:00-04:00,21.829999923706055,21.84000015258789,21.690000534057617,21.799999237060547,610980,0.0,0.0
2024-09-10 09:30:00-04:00,21.899999618530273,21.969999313354492,21.579999923706055,21.719999313354492,311026,0.0,0.0
2024-09-10 10:30:00-04:00,21.729999542236328,21.780000686645508,21.579999923706055,21.735000610351562,222774,0.0,0.0
2024-09-10 11:30:00-04:00,21.739999771118164,21.774999618530273,21.399999618530273,21.459999084472656,448173,0.0,0.0
2024-09-10 12:30:00-04:00,21.454999923706055,21.65999984741211,21.454999923706055,21.604999542236328,309868,0.0,0.0
2024-09-10 13:30:00-04:00,21.604999542236328,21.795000076293945,21.59000015258789,21.764999389648438,284854,0.0,0.0
2024-09-10 14:30:00-04:00,21.764999389648438,21.770000457763672,21.540000915527344,21.59000015258789,410535,0.0,0.0
2024-09-10 15:30:00-04:00,21.584999084472656,21.674999237060547,21.5049991607666,21.649999618530273,673989,0.0,0.0
2024-09-11 09:30:00-04:00,21.299999237060547,21.549999237060547,21.135000228881836,21.135000228881836,648232,0.0,0.0
2024-09-11 10:30:00-04:00,21.1299991607666,21.459999084472656,21.059999465942383,21.43000030517578,403453,0.0,0.0
2024-09-11 11:30:00-04:00,21.43000030517578,21.549999237060547,21.325000762939453,21.485000610351562,390192,0.0,0.0
2024-09-11 12:30:00-04:00,21.479999542236328,21.709999084472656,21.46500015258789,21.704999923706055,362809,0.0,0.0
2024-09-11 13:30:00-04:00,21.709999084472656,22.170000076293945,21.674999237060547,21.989999771118164,777538,0.0,0.0
2024-09-11 14:30:00-04:00,21.989999771118164,22.030000686645508,21.770000457763672,21.78499984741211,430352,0.0,0.0
2024-09-11 15:30:00-04:00,21.780000686645508,21.934999465942383,21.774999618530273,21.899999618530273,948080,0.0,0.0
2024-09-12 09:30:00-04:00,22.030000686645508,22.25,21.81999969482422,22.235000610351562,736415,0.0,0.0
2024-09-12 10:30:00-04:00,22.239999771118164,22.559999465942383,22.239999771118164,22.46500015258789,747055,0.0,0.0
2024-09-12 11:30:00-04:00,22.46500015258789,22.55500030517578,22.389999389648438,22.530000686645508,320671,0.0,0.0
2024-09-12 12:30:00-04:00,22.530000686645508,22.600000381469727,22.3700008392334,22.385000228881836,485023,0.0,0.0
2024-09-12 13:30:00-04:00,22.385000228881836,22.389999389648438,22.225000381469727,22.274999618530273,345567,0.0,0.0
2024-09-12 14:30:00-04:00,22.274999618530273,22.5,22.09000015258789,22.2549991607666,810550,0.0,0.0
2024-09-12 15:30:00-04:00,22.2549991607666,22.264999389648438,22.139999389648438,22.15999984741211,1667174,0.0,0.0
2024-09-13 09:30:00-04:00,22.260000228881836,22.530000686645508,22.190000534057617,22.479999542236328,753112,0.0,0.0
2024-09-13 10:30:00-04:00,22.475000381469727,22.770000457763672,22.43000030517578,22.559999465942383,549380,0.0,0.0
2024-09-13 11:30:00-04:00,22.549999237060547,22.84000015258789,22.53499984741211,22.770000457763672,502277,0.0,0.0
2024-09-13 12:30:00-04:00,22.760099411010742,22.8799991607666,22.725000381469727,22.764999389648438,405958,0.0,0.0
2024-09-13 13:30:00-04:00,22.764999389648438,22.780000686645508,22.545000076293945,22.565000534057617,316771,0.0,0.0
2024-09-13 14:30:00-04:00,22.565000534057617,22.625,22.475000381469727,22.524999618530273,392229,0.0,0.0
2024-09-13 15:30:00-04:00,22.524999618530273,22.690000534057617,22.510000228881836,22.690000534057617,828607,0.0,0.0
2024-09-16 09:30:00-04:00,22.6299991607666,23.15999984741211,22.549999237060547,23.079999923706055,677189,0.0,0.0
2024-09-16 10:30:00-04:00,23.09000015258789,23.364999771118164,22.850000381469727,23.264999389648438,389235,0.0,0.0
2024-09-16 11:30:00-04:00,23.260000228881836,23.31999969482422,23.123199462890625,23.225000381469727,388478,0.0,0.0
2024-09-16 12:30:00-04:00,23.219999313354492,23.3700008392334,23.16010093688965,23.299999237060547,292500,0.0,0.0
2024-09-16 13:30:00-04:00,23.299999237060547,23.399999618530273,23.21500015258789,23.21500015258789,335153,0.0,0.0
2024-09-16 14:30:00-04:00,23.21500015258789,23.30500030517578,23.065000534057617,23.30500030517578,558418,0.0,0.0
2024-09-16 15:30:00-04:00,23.30500030517578,23.354999542236328,23.18000030517578,23.18000030517578,1033972,0.0,0.0
2024-09-17 09:30:00-04:00,23.5,24.059999465942383,23.479999542236328,24.020000457763672,923829,0.0,0.0
2024-09-17 10:30:00-04:00,24.020000457763672,24.34939956665039,23.90999984741211,23.924999237060547,1129845,0.0,0.0
2024-09-17 11:30:00-04:00,23.920000076293945,24.209999084472656,23.889999389648438,24.135000228881836,1578758,0.0,0.0
2024-09-17 12:30:00-04:00,24.1299991607666,24.36989974975586,24.1200008392334,24.295000076293945,1619899,0.0,0.0
2024-09-17 13:30:00-04:00,24.290000915527344,24.540000915527344,24.250099182128906,24.46500015258789,1086959,0.0,0.0
2024-09-17 14:30:00-04:00,24.459999084472656,24.770000457763672,24.44770050048828,24.729799270629883,1208409,0.0,0.0
2024-09-17 15:30:00-04:00,24.725000381469727,24.940000534057617,24.614999771118164,24.93000030517578,1978281,0.0,0.0
2024-09-18 09:30:00-04:00,25.100000381469727,25.190000534057617,24.475000381469727,24.514999389648438,888139,0.0,0.0
2024-09-18 10:30:00-04:00,24.520000457763672,24.540000915527344,24.170000076293945,24.2549991607666,678121,0.0,0.0
2024-09-18 11:30:00-04:00,24.260000228881836,24.5,24.235000610351562,24.489999771118164,333254,0.0,0.0
2024-09-18 12:30:00-04:00,24.479999542236328,24.575000762939453,24.3700008392334,24.46500015258789,256325,0.0,0.0
2024-09-18 13:30:00-04:00,24.469999313354492,24.670000076293945,24.049999237060547,24.479999542236328,602342,0.0,0.0
2024-09-18 14:30:00-04:00,24.489999771118164,24.739999771118164,24.140399932861328,24.420000076293945,696956,0.0,0.0
2024-09-18 15:30:00-04:00,24.43000030517578,24.559999465942383,24.239999771118164,24.295000076293945,849588,0.0,0.0
2024-09-19 09:30:00-04:00,24.989999771118164,25.450000762939453,24.670000076293945,25.420000076293945,1184143,0.0,0.0
2024-09-19 10:30:00-04:00,25.405000686645508,25.520000457763672,25.30500030517578,25.426000595092773,536019,0.0,0.0
2024-09-19 11:30:00-04:00,25.424999237060547,25.5,25.190000534057617,25.309999465942383,390882,0.0,0.0
2024-09-19 12:30:00-04:00,25.315000534057617,25.540000915527344,25.200000762939453,25.362499237060547,437893,0.0,0.0
2024-09-19 13:30:00-04:00,25.364999771118164,25.52750015258789,25.2549991607666,25.31999969482422,534440,0.0,0.0
2024-09-19 14:30:00-04:00,25.325000762939453,25.395000457763672,25.09000015258789,25.09000015258789,445673,0.0,0.0
2024-09-19 15:30:00-04:00,25.09000015258789,25.104999542236328,24.940000534057617,25.079999923706055,907826,0.0,0.0
2024-09-20 09:30:00-04:00,24.969999313354492,25.149999618530273,24.25,24.260000228881836,707556,0.0,0.0
2024-09-20 10:30:00-04:00,24.2549991607666,24.329999923706055,24.08263397216797,24.149999618530273,586137,0.0,0.0
2024-09-20 11:30:00-04:00,24.149999618530273,24.364999771118164,24.114999771118164,24.344999313354492,374128,0.0,0.0
2024-09-20 12:30:00-04:00,24.344999313354492,24.479999542236328,24.239999771118164,24.360000610351562,372022,0.0,0.0
2024-09-20 13:30:00-04:00,24.364999771118164,24.540000915527344,24.354999542236328,24.540000915527344,292727,0.0,0.0
2024-09-20 14:30:00-04:00,24.53499984741211,24.559999465942383,24.34000015258789,24.53499984741211,484108,0.0,0.0
2024-09-20 15:30:00-04:00,24.530000686645508,24.614999771118164,24.389999389648438,24.389999389648438,942437,0.0,0.0
2024-09-23 09:30:00-04:00,24.520000457763672,24.594999313354492,24.139999389648438,24.459999084472656,495014,0.0,0.0
2024-09-23 10:30:00-04:00,24.459999084472656,24.489999771118164,24.3799991607666,24.459999084472656,247143,0.0,0.0
2024-09-23 11:30:00-04:00,24.459999084472656,24.46500015258789,24.274999618530273,24.295000076293945,294177,0.0,0.0
2024-09-23 12:30:00-04:00,24.290000915527344,24.350000381469727,24.190000534057617,24.190000534057617,231589,0.0,0.0
2024-09-23 13:30:00-04:00,24.19499969482422,24.309999465942383,24.174999237060547,24.264999389648438,246261,0.0,0.0
2024-09-23 14:30:00-04:00,24.261999130249023,24.309999465942383,24.225000381469727,24.295000076293945,203729,0.0,0.0
2024-09-23 15:30:00-04:00,24.290000915527344,24.360000610351562,24.25,24.290000915527344,477911,0.0,0.0
2024-09-24 09:30:00-04:00,24.3700008392334,24.41019630432129,24.09000015258789,24.139999389648438,361894,0.0,0.0
2024-09-24 10:30:00-04:00,24.1299991607666,24.360000610351562,24.0,24.270000457763672,321425,0.0,0.0
2024-09-24 11:30:00-04:00,24.27910041809082,24.399999618530273,24.229999542236328,24.239999771118164,164939,0.0,0.0
2024-09-24 12:30:00-04:00,24.229999542236328,24.315000534057617,24.190200805664062,24.235000610351562,169930,0.0,0.0
2024-09-24 13:30:00-04:00,24.235000610351562,24.300100326538086,24.21500015258789,24.260099411010742,150468,0.0,0.0
2024-09-24 14:30:00-04:00,24.260000228881836,24.290000915527344,24.209999084472656,24.225000381469727,205252,0.0,0.0
2024-09-24 15:30:00-04:00,24.225000381469727,24.299999237060547,24.190000534057617,24.299999237060547,626550,0.0,0.0
2024-09-25 09:30:00-04:00,24.09000015258789,24.260000228881836,23.854999542236328,24.155000686645508,387739,0.0,0.0
2024-09-25 10:30:00-04:00,24.139999389648438,24.31999969482422,24.139999389648438,24.229999542236328,185285,0.0,0.0
2024-09-25 11:30:00-04:00,24.229999542236328,24.31999969482422,24.219999313354492,24.270000457763672,133780,0.0,0.0
2024-09-25 12:30:00-04:00,24.270000457763672,24.315000534057617,24.139999389648438,24.235000610351562,157925,0.0,0.0
2024-09-25 13:30:00-04:00,24.229999542236328,24.2549991607666,24.114999771118164,24.225000381469727,162699,0.0,0.0
2024-09-25 14:30:00-04:00,24.225000381469727,24.290000915527344,24.209999084472656,24.2549991607666,159719,0.0,0.0
2024-09-25 15:30:00-04:00,24.25,24.270000457763672,24.1200008392334,24.1200008392334,551381,0.0,0.0
2024-09-26 09:30:00-04:00,24.600000381469727,24.700000762939453,23.770000457763672,23.809999465942383,730723,0.0,0.0
2024-09-26 10:30:00-04:00,23.802799224853516,23.895000457763672,23.549999237060547,23.709999084472656,341225,0.0,0.0
2024-09-26 11:30:00-04:00,23.709999084472656,23.76799964904785,23.579999923706055,23.670000076293945,242789,0.0,0.0
2024-09-26 12:30:00-04:00,23.65999984741211,23.690000534057617,23.520000457763672,23.65999984741211,190492,0.0,0.0
2024-09-26 13:30:00-04:00,23.68000030517578,24.030000686645508,23.68000030517578,23.93000030517578,414177,0.0,0.0
2024-09-26 14:30:00-04:00,23.93000030517578,24.110000610351562,23.93000030517578,24.059999465942383,291264,0.0,0.0
2024-09-26 15:30:00-04:00,24.06100082397461,24.094999313354492,23.950000762939453,23.959999084472656,557697,0.0,0.0
2024-09-27 09:30:00-04:00,24.0,24.084999084472656,23.75,23.809999465942383,330570,0.0,0.0
2024-09-27 10:30:00-04:00,23.799999237060547,24.02519989013672,23.760000228881836,23.84000015258789,181198,0.0,0.0
2024-09-27 11:30:00-04:00,23.84000015258789,24.010000228881836,23.84000015258789,23.940000534057617,178287,0.0,0.0
2024-09-27 12:30:00-04:00,23.940000534057617,23.954999923706055,23.809999465942383,23.829999923706055,127406,0.0,0.0
2024-09-27 13:30:00-04:00,23.829999923706055,24.049999237060547,23.81999969482422,23.875,131945,0.0,0.0
2024-09-27 14:30:00-04:00,23.8799991607666,23.954999923706055,23.795000076293945,23.940000534057617,161767,0.0,0.0
2024-09-27 15:30:00-04:00,23.94499969482422,24.1299991607666,23.889999389648438,24.079999923706055,552898,0.0,0.0
2024-09-30 09:30:00-04:00,24.020000457763672,24.180099487304688,23.829999923706055,23.889999389648438,270724,0.0,0.0
2024-09-30 10:30:00-04:00,23.899999618530273,24.05500030517578,23.799999237060547,23.815000534057617,245874,0.0,0.0
2024-09-30 11:30:00-04:00,23.825000762939453,24.05500030517578,23.799999237060547,24.054000854492188,160788,0.0,0.0
2024-09-30 12:30:00-04:00,24.049999237060547,24.059900283813477,23.940000534057617,23.989999771118164,138128,0.0,0.0
2024-09-30 13:30:00-04:00,23.989999771118164,24.079999923706055,23.729999542236328,23.770000457763672,247245,0.0,0.0
2024-09-30 14:30:00-04:00,23.760000228881836,23.940000534057617,23.735000610351562,23.760000228881836,229993,0.0,0.0
2024-09-30 15:30:00-04:00,23.7549991607666,23.94499969482422,23.690000534057617,23.924999237060547,658328,0.0,0.0
2024-10-01 09:30:00-04:00,23.950000762939453,24.010000228881836,23.18899917602539,23.3700008392334,714278,0.0,0.0
2024-10-01 10:30:00-04:00,23.3700008392334,23.610000610351562,23.149999618530273,23.459999084472656,475768,0.0,0.0
2024-10-01 11:30:00-04:00,23.450000762939453,23.6299991607666,23.31999969482422,23.350000381469727,348149,0.0,0.0
2024-10-01 12:30:00-04:00,23.34000015258789,23.3799991607666,22.93000030517578,22.951499938964844,347058,0.0,0.0
2024-10-01 13:30:00-04:00,22.950000762939453,23.2549991607666,22.850000381469727,23.2450008392334,335534,0.0,0.0
2024-10-01 14:30:00-04:00,23.2450008392334,23.364999771118164,23.200000762939453,23.225000381469727,571302,0.0,0.0
2024-10-01 15:30:00-04:00,23.219999313354492,23.225000381469727,22.8799991607666,22.8799991607666,924405,0.0,0.0
2024-10-02 09:30:00-04:00,22.899999618530273,23.309999465942383,22.88010025024414,23.239999771118164,361447,0.0,0.0
2024-10-02 10:30:00-04:00,23.229999542236328,23.44499969482422,23.219999313354492,23.329999923706055,205016,0.0,0.0
2024-10-02 11:30:00-04:00,23.329999923706055,23.395000457763672,23.165000915527344,23.204999923706055,144671,0.0,0.0
2024-10-02 12:30:00-04:00,23.200000762939453,23.280000686645508,23.1299991607666,23.270000457763672,98212,0.0,0.0
2024-10-02 13:30:00-04:00,23.260000228881836,23.329999923706055,23.15999984741211,23.309999465942383,243891,0.0,0.0
2024-10-02 14:30:00-04:00,23.309999465942383,23.3700008392334,23.270000457763672,23.319900512695312,229250,0.0,0.0
2024-10-02 15:30:00-04:00,23.315000534057617,23.31999969482422,23.219999313354492,23.299999237060547,404867,0.0,0.0
2024-10-03 09:30:00-04:00,23.049999237060547,23.25,22.93000030517578,23.06999969482422,386050,0.0,0.0
2024-10-03 10:30:00-04:00,23.06999969482422,23.190000534057617,22.979999542236328,23.15999984741211,161256,0.0,0.0
2024-10-03 11:30:00-04:00,23.18000030517578,23.260000228881836,23.1299991607666,23.260000228881836,169165,0.0,0.0
2024-10-03 12:30:00-04:00,23.260000228881836,23.270000457763672,23.040000915527344,23.15999984741211,227409,0.0,0.0
2024-10-03 13:30:00-04:00,23.149999618530273,23.229999542236328,23.079999923706055,23.139999389648438,162421,0.0,0.0
2024-10-03 14:30:00-04:00,23.145000457763672,23.170000076293945,23.024999618530273,23.040000915527344,168948,0.0,0.0
2024-10-03 15:30:00-04:00,23.049999237060547,23.094999313354492,22.950000762939453,22.985000610351562,715022,0.0,0.0
2024-10-04 09:30:00-04:00,23.420000076293945,23.420000076293945,23.030000686645508,23.15999984741211,342640,0.0,0.0
2024-10-04 10:30:00-04:00,23.155000686645508,23.514999389648438,23.1200008392334,23.360000610351562,209045,0.0,0.0
2024-10-04 11:30:00-04:00,23.354999542236328,23.68000030517578,23.31999969482422,23.549999237060547,185810,0.0,0.0
2024-10-04 12:30:00-04:00,23.545000076293945,23.649999618530273,23.520000457763672,23.56999969482422,219763,0.0,0.0
2024-10-04 13:30:00-04:00,23.565000534057617,23.799999237060547,23.559999465942383,23.760000228881836,276657,0.0,0.0
2024-10-04 14:30:00-04:00,23.750099182128906,23.940000534057617,23.70989990234375,23.930299758911133,266919,0.0,0.0
2024-10-04 15:30:00-04:00,23.934999465942383,24.149999618530273,23.860000610351562,24.149999618530273,776960,0.0,0.0
2024-10-07 09:30:00-04:00,24.06999969482422,24.09000015258789,23.450000762939453,23.578500747680664,547593,0.0,0.0
2024-10-07 10:30:00-04:00,23.56999969482422,23.56999969482422,23.370100021362305,23.459999084472656,300794,0.0,0.0
2024-10-07 11:30:00-04:00,23.459999084472656,23.525999069213867,23.3700008392334,23.5049991607666,250971,0.0,0.0
2024-10-07 12:30:00-04:00,23.5049991607666,23.579999923706055,23.450000762939453,23.479999542236328,216311,0.0,0.0
2024-10-07 13:30:00-04:00,23.479999542236328,23.479999542236328,23.299999237060547,23.309999465942383,407597,0.0,0.0
2024-10-07 14:30:00-04:00,23.30500030517578,23.30500030517578,23.079999923706055,23.239999771118164,301439,0.0,0.0
2024-10-07 15:30:00-04:00,23.2450008392334,23.2549991607666,23.15999984741211,23.219999313354492,620927,0.0,0.0
2024-10-08 09:30:00-04:00,23.489999771118164,24.084999084472656,23.375,24.0,555889,0.0,0.0
2024-10-08 10:30:00-04:00,24.0,24.530000686645508,23.979999542236328,24.43000030517578,676012,0.0,0.0
2024-10-08 11:30:00-04:00,24.434999465942383,24.6200008392334,24.3700008392334,24.3799991607666,306636,0.0,0.0
2024-10-08 12:30:00-04:00,24.389999389648438,24.465999603271484,24.295000076293945,24.31999969482422,200562,0.0,0.0
2024-10-08 13:30:00-04:00,24.31999969482422,24.43000030517578,24.31999969482422,24.389999389648438,199246,0.0,0.0
2024-10-08 14:30:00-04:00,24.395000457763672,24.559999465942383,24.344999313354492,24.46500015258789,431102,0.0,0.0
2024-10-08 15:30:00-04:00,24.46500015258789,24.719999313354492,24.389999389648438,24.659700393676758,887864,0.0,0.0
2024-10-09 09:30:00-04:00,24.600000381469727,25.770000457763672,24.459999084472656,25.469999313354492,951660,0.0,0.0
2024-10-09 10:30:00-04:00,25.459999084472656,25.53499984741211,25.260000228881836,25.354999542236328,472527,0.0,0.0
2024-10-09 11:30:00-04:00,25.360000610351562,25.520000457763672,25.280000686645508,25.469999313354492,420630,0.0,0.0
2024-10-09 12:30:00-04:00,25.479999542236328,25.65999984741211,25.46980094909668,25.514999389648438,348167,0.0,0.0
2024-10-09 13:30:00-04:00,25.510000228881836,25.609899520874023,25.405000686645508,25.479999542236328,463874,0.0,0.0
2024-10-09 14:30:00-04:00,25.469999313354492,25.479999542236328,25.114999771118164,25.114999771118164,494239,0.0,0.0
2024-10-09 15:30:00-04:00,25.114999771118164,25.145000457763672,25.030000686645508,25.110000610351562,857887,0.0,0.0
2024-10-10 09:30:00-04:00,24.549999237060547,25.700000762939453,24.459999084472656,25.649999618530273,578385,0.0,0.0
2024-10-10 10:30:00-04:00,25.649999618530273,25.670000076293945,25.309999465942383,25.459999084472656,417912,0.0,0.0
2024-10-10 11:30:00-04:00,25.459999084472656,25.6200008392334,25.389999389648438,25.469999313354492,372210,0.0,0.0
2024-10-10 12:30:00-04:00,25.459999084472656,25.59000015258789,25.402000427246094,25.543100357055664,276064,0.0,0.0
2024-10-10 13:30:00-04:00,25.549699783325195,25.790000915527344,25.440000534057617,25.68000030517578,406939,0.0,0.0
2024-10-10 14:30:00-04:00,25.68000030517578,25.790000915527344,25.579999923706055,25.6299991607666,620492,0.0,0.0
2024-10-10 15:30:00-04:00,25.6299991607666,25.860000610351562,25.594999313354492,25.850000381469727,833026,0.0,0.0
2024-10-11 09:30:00-04:00,25.780000686645508,26.21500015258789,25.729999542236328,26.010000228881836,467268,0.0,0.0
2024-10-11 10:30:00-04:00,26.014999389648438,26.21500015258789,25.920000076293945,26.190000534057617,400383,0.0,0.0
2024-10-11 11:30:00-04:00,26.170000076293945,26.18000030517578,25.899999618530273,25.950000762939453,533034,0.0,0.0
2024-10-11 12:30:00-04:00,25.94499969482422,25.959999084472656,25.774999618530273,25.834999084472656,213035,0.0,0.0
2024-10-11 13:30:00-04:00,25.84000015258789,25.889999389648438,25.75,25.799999237060547,276086,0.0,0.0
2024-10-11 14:30:00-04:00,25.799999237060547,25.889999389648438,25.75,25.75,277247,0.0,0.0
2024-10-11 15:30:00-04:00,25.7549991607666,25.770000457763672,25.6299991607666,25.709999084472656,739387,0.0,0.0
2024-10-14 09:30:00-04:00,27.1200008392334,27.1200008392334,25.997600555419922,26.290000915527344,1535052,0.0,0.0
2024-10-14 10:30:00-04:00,26.270000457763672,26.5,26.110000610351562,26.420000076293945,582388,0.0,0.0
2024-10-14 11:30:00-04:00,26.440000534057617,26.579999923706055,26.389999389648438,26.43000030517578,575480,0.0,0.0
2024-10-14 12:30:00-04:00,26.420000076293945,26.5,26.31999969482422,26.395000457763672,316234,0.0,0.0
2024-10-14 13:30:00-04:00,26.392200469970703,26.479999542236328,26.299999237060547,26.367000579833984,363659,0.0,0.0
2024-10-14 14:30:00-04:00,26.364999771118164,26.469999313354492,26.309999465942383,26.44499969482422,475204,0.0,0.0
2024-10-14 15:30:00-04:00,26.44499969482422,26.466999053955078,26.360000610351562,26.40999984741211,893340,0.0,0.0
2024-10-15 09:30:00-04:00,26.399999618530273,26.420000076293945,25.809999465942383,25.84000015258789,1139878,0.0,0.0
2024-10-15 10:30:00-04:00,25.84000015258789,25.989999771118164,25.59000015258789,25.895000457763672,1245005,0.0,0.0
2024-10-15 11:30:00-04:00,25.889999389648438,25.969999313354492,25.702499389648438,25.93000030517578,901868,0.0,0.0
2024-10-15 12:30:00-04:00,25.93000030517578,25.979999542236328,25.790000915527344,25.850000381469727,668693,0.0,0.0
2024-10-15 13:30:00-04:00,25.850000381469727,25.940000534057617,25.815000534057617,25.899999618530273,481464,0.0,0.0
2024-10-15 14:30:00-04:00,25.899799346923828,25.90999984741211,25.7549991607666,25.80500030517578,662281,0.0,0.0
2024-10-15 15:30:00-04:00,25.799999237060547,25.84000015258789,25.594999313354492,25.700000762939453,1454202,0.0,0.0
2024-10-16 09:30:00-04:00,25.760000228881836,25.860000610351562,24.649999618530273,25.360000610351562,1370134,0.0,0.0
2024-10-16 10:30:00-04:00,25.3799991607666,25.56999969482422,25.229999542236328,25.559999465942383,393335,0.0,0.0
2024-10-16 11:30:00-04:00,25.559999465942383,25.860000610351562,25.520000457763672,25.739999771118164,691939,0.0,0.0
2024-10-16 12:30:00-04:00,25.75,25.780000686645508,25.600000381469727,25.610000610351562,341980,0.0,0.0
2024-10-16 13:30:00-04:00,25.615400314331055,25.709999084472656,25.540000915527344,25.68000030517578,405702,0.0,0.0
2024-10-16 14:30:00-04:00,25.68000030517578,25.8700008392334,25.639999389648438,25.809999465942383,603936,0.0,0.0
2024-10-16 15:30:00-04:00,25.815000534057617,26.030000686645508,25.78499984741211,25.989999771118164,921624,0.0,0.0
2024-10-17 09:30:00-04:00,26.5,26.790000915527344,26.100000381469727,26.5,1512433,0.0,0.0
2024-10-17 10:30:00-04:00,26.489999771118164,26.5,25.731800079345703,26.020000457763672,696782,0.0,0.0
2024-10-17 11:30:00-04:00,26.020000457763672,26.209999084472656,26.010000228881836,26.190000534057617,412766,0.0,0.0
2024-10-17 12:30:00-04:00,26.200000762939453,26.200000762939453,26.030000686645508,26.04490089416504,251201,0.0,0.0
2024-10-17 13:30:00-04:00,26.045000076293945,26.18000030517578,25.90999984741211,25.934999465942383,360359,0.0,0.0
2024-10-17 14:30:00-04:00,25.934999465942383,26.1299991607666,25.885000228881836,26.0,381075,0.0,0.0
2024-10-17 15:30:00-04:00,26.006000518798828,26.059999465942383,25.84000015258789,26.020000457763672,970294,0.0,0.0
2024-10-18 09:30:00-04:00,26.56999969482422,26.959999084472656,26.360000610351562,26.920000076293945,1366992,0.0,0.0
2024-10-18 10:30:00-04:00,26.915000915527344,26.93000030517578,26.549999237060547,26.56999969482422,623097,0.0,0.0
2024-10-18 11:30:00-04:00,26.56999969482422,26.65999984741211,26.469999313354492,26.575000762939453,323737,0.0,0.0
2024-10-18 12:30:00-04:00,26.575000762939453,26.81999969482422,26.56999969482422,26.729999542236328,335506,0.0,0.0
2024-10-18 13:30:00-04:00,26.729999542236328,26.809999465942383,26.6299991607666,26.760000228881836,286266,0.0,0.0
2024-10-18 14:30:00-04:00,26.770000457763672,26.770000457763672,26.450000762939453,26.46500015258789,357336,0.0,0.0
2024-10-18 15:30:00-04:00,26.46500015258789,26.514999389648438,26.299999237060547,26.360000610351562,876750,0.0,0.0
