Datetime,Open,High,Low,Close,Volume,Dividends,Stock Splits
2022-10-20 10:30:00-04:00,27.170000076293945,27.299999237060547,27.170000076293945,27.299999237060547,323,0.0,0.0
2022-10-20 11:30:00-04:00,27.18000030517578,27.329999923706055,27.059999465942383,27.165000915527344,1825,0.0,0.0
2022-10-20 12:30:00-04:00,27.059999465942383,27.18000030517578,26.91699981689453,26.91699981689453,2290,0.0,0.0
2022-10-20 13:30:00-04:00,26.93000030517578,26.93000030517578,26.610000610351562,26.610000610351562,3102,0.0,0.0
2022-10-20 14:30:00-04:00,26.639999389648438,26.725000381469727,26.329999923706055,26.350000381469727,3410,0.0,0.0
2022-10-20 15:30:00-04:00,26.200000762939453,26.579999923706055,26.200000762939453,26.579999923706055,7629,0.0,0.0
2022-10-21 09:30:00-04:00,26.719999313354492,27.040000915527344,26.280000686645508,26.75,4699,0.0,0.0
2022-10-21 10:30:00-04:00,26.700000762939453,26.8700008392334,26.540000915527344,26.815000534057617,4634,0.0,0.0
2022-10-21 11:30:00-04:00,26.760000228881836,26.93000030517578,26.760000228881836,26.850000381469727,993,0.0,0.0
2022-10-21 12:30:00-04:00,26.864999771118164,27.18000030517578,26.864999771118164,27.18000030517578,5417,0.0,0.0
2022-10-21 13:30:00-04:00,27.18000030517578,27.329999923706055,27.18000030517578,27.270000457763672,1589,0.0,0.0
2022-10-21 14:30:00-04:00,27.104999542236328,27.40999984741211,27.104999542236328,27.25,4356,0.0,0.0
2022-10-21 15:30:00-04:00,27.25,27.31999969482422,27.1299991607666,27.25,5825,0.0,0.0
2022-10-24 09:30:00-04:00,27.020000457763672,27.32430076599121,27.0,27.309999465942383,1530,0.0,0.0
2022-10-24 10:30:00-04:00,27.299999237060547,27.469999313354492,27.2450008392334,27.2450008392334,2986,0.0,0.0
2022-10-24 11:30:00-04:00,27.469999313354492,27.469999313354492,27.09000015258789,27.290000915527344,2874,0.0,0.0
2022-10-24 12:30:00-04:00,27.225000381469727,27.290000915527344,27.19499969482422,27.2450008392334,6108,0.0,0.0
2022-10-24 13:30:00-04:00,27.25,27.25,27.100000381469727,27.25,10445,0.0,0.0
2022-10-24 14:30:00-04:00,27.225000381469727,27.479999542236328,27.225000381469727,27.479999542236328,5245,0.0,0.0
2022-10-24 15:30:00-04:00,27.4950008392334,27.559999465942383,27.309999465942383,27.520000457763672,9643,0.0,0.0
2022-10-25 09:30:00-04:00,28.079999923706055,28.079999923706055,27.19499969482422,27.610000610351562,11231,0.0,0.0
2022-10-25 10:30:00-04:00,27.489999771118164,27.735000610351562,27.46380043029785,27.735000610351562,1328,0.0,0.0
2022-10-25 11:30:00-04:00,28.040000915527344,28.040000915527344,27.846799850463867,27.989999771118164,4221,0.0,0.0
2022-10-25 12:30:00-04:00,27.989999771118164,28.0,27.934999465942383,27.940000534057617,2902,0.0,0.0
2022-10-25 13:30:00-04:00,27.94499969482422,28.09000015258789,27.90999984741211,27.90999984741211,14893,0.0,0.0
2022-10-25 14:30:00-04:00,28.0,28.420000076293945,28.0,28.350000381469727,5844,0.0,0.0
2022-10-25 15:30:00-04:00,28.31999969482422,28.489999771118164,28.200000762939453,28.239999771118164,10731,0.0,0.0
2022-10-26 09:30:00-04:00,28.5,28.5,28.260000228881836,28.399999618530273,3114,0.0,0.0
2022-10-26 10:30:00-04:00,28.3700008392334,28.510000228881836,28.3700008392334,28.5,2084,0.0,0.0
2022-10-26 11:30:00-04:00,28.540000915527344,28.540000915527344,28.35300064086914,28.5,3467,0.0,0.0
2022-10-26 12:30:00-04:00,28.5,28.510000228881836,28.440000534057617,28.489999771118164,3017,0.0,0.0
2022-10-26 13:30:00-04:00,28.524999618530273,28.65999984741211,28.459999084472656,28.5,13517,0.0,0.0
2022-10-26 14:30:00-04:00,28.479999542236328,28.5049991607666,28.375,28.469999313354492,7965,0.0,0.0
2022-10-26 15:30:00-04:00,28.479999542236328,28.579999923706055,28.299999237060547,28.479999542236328,21402,0.0,0.0
2022-10-27 09:30:00-04:00,28.59000015258789,28.8799991607666,28.399999618530273,28.6299991607666,895,0.0,0.0
2022-10-27 10:30:00-04:00,28.649999618530273,28.915000915527344,28.649999618530273,28.709999084472656,771,0.0,0.0
2022-10-27 11:30:00-04:00,28.989999771118164,28.989999771118164,28.729999542236328,28.809999465942383,3697,0.0,0.0
2022-10-27 12:30:00-04:00,28.729999542236328,28.8799991607666,28.690000534057617,28.825000762939453,6801,0.0,0.0
2022-10-27 13:30:00-04:00,28.940000534057617,29.010000228881836,28.709999084472656,28.8799991607666,7804,0.0,0.0
2022-10-27 14:30:00-04:00,28.649999618530273,28.790000915527344,28.649999618530273,28.729999542236328,2196,0.0,0.0
2022-10-27 15:30:00-04:00,28.639999389648438,28.690000534057617,28.360000610351562,28.360000610351562,8858,0.0,0.0
2022-10-28 09:30:00-04:00,28.6200008392334,28.940000534057617,28.6200008392334,28.8700008392334,0,0.0,0.0
2022-10-28 10:30:00-04:00,28.889999389648438,29.229999542236328,28.65999984741211,29.219999313354492,17077,0.0,0.0
2022-10-28 11:30:00-04:00,29.225000381469727,29.280000686645508,28.940000534057617,29.06999969482422,11853,0.0,0.0
2022-10-28 12:30:00-04:00,29.114999771118164,29.309999465942383,29.049999237060547,29.200000762939453,8740,0.0,0.0
2022-10-28 13:30:00-04:00,29.200000762939453,29.34000015258789,29.139999389648438,29.28499984741211,5423,0.0,0.0
2022-10-28 14:30:00-04:00,29.34000015258789,29.5,29.34000015258789,29.395000457763672,3655,0.0,0.0
2022-10-28 15:30:00-04:00,29.549999237060547,29.670000076293945,29.43000030517578,29.56999969482422,9705,0.0,0.0
2022-10-31 09:30:00-04:00,28.860000610351562,29.510000228881836,28.800100326538086,29.459999084472656,9609,0.0,0.0
2022-10-31 10:30:00-04:00,29.479999542236328,29.600000381469727,29.079999923706055,29.079999923706055,27305,0.0,0.0
2022-10-31 11:30:00-04:00,29.479999542236328,29.479999542236328,29.350000381469727,29.350000381469727,3672,0.0,0.0
2022-10-31 12:30:00-04:00,29.389999389648438,29.489999771118164,29.389999389648438,29.489999771118164,902,0.0,0.0
2022-10-31 13:30:00-04:00,29.479999542236328,29.5,29.3700008392334,29.420000076293945,2178,0.0,0.0
2022-10-31 14:30:00-04:00,29.3799991607666,29.440000534057617,29.149999618530273,29.31999969482422,6874,0.0,0.0
2022-10-31 15:30:00-04:00,29.30500030517578,29.440000534057617,29.15999984741211,29.280000686645508,11729,0.0,0.0
2022-11-01 09:30:00-04:00,29.1299991607666,29.229999542236328,29.049999237060547,29.229999542236328,1439,0.0,0.0
2022-11-01 10:30:00-04:00,29.0049991607666,29.0049991607666,29.0049991607666,29.0049991607666,348,0.0,0.0
2022-11-01 11:30:00-04:00,28.979999542236328,29.045000076293945,28.934999465942383,29.010000228881836,2855,0.0,0.0
2022-11-01 12:30:00-04:00,29.06999969482422,29.09000015258789,29.014999389648438,29.059999465942383,6419,0.0,0.0
2022-11-01 13:30:00-04:00,28.959999084472656,29.030000686645508,28.950000762939453,28.950000762939453,1860,0.0,0.0
2022-11-01 14:30:00-04:00,28.850000381469727,28.850000381469727,28.75,28.780000686645508,1646,0.0,0.0
2022-11-01 15:30:00-04:00,28.790000915527344,28.825000762939453,28.56999969482422,28.75,15755,0.0,0.0
2022-11-02 10:30:00-04:00,28.420000076293945,28.420000076293945,28.420000076293945,28.420000076293945,713,0.0,0.0
2022-11-02 11:30:00-04:00,28.399999618530273,28.399999618530273,28.25,28.25,799,0.0,0.0
2022-11-02 12:30:00-04:00,28.239999771118164,28.309999465942383,28.239999771118164,28.309999465942383,460,0.0,0.0
2022-11-02 13:30:00-04:00,28.290000915527344,28.56999969482422,28.219999313354492,28.559999465942383,9447,0.0,0.0
2022-11-02 14:30:00-04:00,28.510000228881836,28.559999465942383,28.000499725341797,28.010000228881836,3121,0.0,0.0
2022-11-02 15:30:00-04:00,27.8700008392334,28.049999237060547,27.8700008392334,28.020000457763672,9197,0.0,0.0
2022-11-03 09:30:00-04:00,27.700000762939453,27.8799991607666,27.700000762939453,27.819000244140625,1145,0.0,0.0
2022-11-03 10:30:00-04:00,27.79050064086914,27.79050064086914,27.79050064086914,27.79050064086914,202,0.0,0.0
2022-11-03 11:30:00-04:00,27.899999618530273,27.899999618530273,27.8700008392334,27.8700008392334,434,0.0,0.0
2022-11-03 12:30:00-04:00,27.860000610351562,27.860000610351562,27.860000610351562,27.860000610351562,234,0.0,0.0
2022-11-03 13:30:00-04:00,27.780000686645508,27.850000381469727,27.690000534057617,27.850000381469727,866,0.0,0.0
2022-11-03 14:30:00-04:00,27.954999923706055,28.06999969482422,27.920000076293945,28.06999969482422,1058,0.0,0.0
2022-11-03 15:30:00-04:00,28.03499984741211,28.03499984741211,27.81999969482422,27.81999969482422,1938,0.0,0.0
2022-11-04 09:30:00-04:00,28.170000076293945,28.170000076293945,28.0,28.088499069213867,1349,0.0,0.0
2022-11-04 10:30:00-04:00,28.200000762939453,28.229999542236328,28.079999923706055,28.079999923706055,2969,0.0,0.0
2022-11-04 11:30:00-04:00,28.219999313354492,28.2549991607666,28.06999969482422,28.139999389648438,1825,0.0,0.0
2022-11-04 13:30:00-04:00,28.325000762939453,28.364999771118164,28.325000762939453,28.364999771118164,546,0.0,0.0
2022-11-04 14:30:00-04:00,28.3799991607666,28.59000015258789,28.3799991607666,28.5,3565,0.0,0.0
2022-11-04 15:30:00-04:00,28.5,28.780000686645508,28.450000762939453,28.780000686645508,5858,0.0,0.0
2022-11-07 09:30:00-05:00,28.790000915527344,28.829999923706055,28.790000915527344,28.829999923706055,615,0.0,0.0
2022-11-07 10:30:00-05:00,28.899900436401367,29.079999923706055,28.899900436401367,28.979999542236328,6567,0.0,0.0
2022-11-07 11:30:00-05:00,28.899999618530273,28.899999618530273,28.850000381469727,28.850000381469727,1928,0.0,0.0
2022-11-07 13:30:00-05:00,28.790000915527344,28.940000534057617,28.790000915527344,28.940000534057617,1599,0.0,0.0
2022-11-07 14:30:00-05:00,29.040000915527344,29.049999237060547,28.8700008392334,28.8700008392334,2530,0.0,0.0
2022-11-07 15:30:00-05:00,28.8799991607666,28.8799991607666,28.71500015258789,28.719999313354492,3359,0.0,0.0
2022-11-08 09:30:00-05:00,29.0,29.0,28.670000076293945,28.670000076293945,932,0.0,0.0
2022-11-08 10:30:00-05:00,28.66010093688965,29.040000915527344,28.66010093688965,29.040000915527344,2332,0.0,0.0
2022-11-08 11:30:00-05:00,28.90999984741211,28.90999984741211,28.719999313354492,28.729999542236328,4361,0.0,0.0
2022-11-08 12:30:00-05:00,28.81999969482422,28.81999969482422,28.700000762939453,28.700000762939453,1103,0.0,0.0
2022-11-08 13:30:00-05:00,28.6299991607666,28.6299991607666,28.4950008392334,28.56999969482422,3606,0.0,0.0
2022-11-08 14:30:00-05:00,28.55500030517578,28.700000762939453,28.55500030517578,28.700000762939453,2436,0.0,0.0
2022-11-08 15:30:00-05:00,28.81999969482422,28.889999389648438,28.670000076293945,28.670000076293945,5218,0.0,0.0
2022-11-09 09:30:00-05:00,28.780000686645508,28.780000686645508,28.780000686645508,28.780000686645508,461,0.0,0.0
2022-11-09 10:30:00-05:00,28.915000915527344,28.920000076293945,28.889999389648438,28.920000076293945,2027,0.0,0.0
2022-11-09 11:30:00-05:00,28.969999313354492,29.065000534057617,28.959999084472656,28.969999313354492,4737,0.0,0.0
2022-11-09 12:30:00-05:00,28.790000915527344,28.790000915527344,28.790000915527344,28.790000915527344,580,0.0,0.0
2022-11-09 13:30:00-05:00,28.799999237060547,28.799999237060547,28.799999237060547,28.799999237060547,1063,0.0,0.0
2022-11-09 14:30:00-05:00,28.774999618530273,28.774999618530273,28.649999618530273,28.649999618530273,957,0.0,0.0
2022-11-09 15:30:00-05:00,28.59000015258789,28.8700008392334,28.59000015258789,28.8700008392334,10312,0.0,0.0
2022-11-10 09:30:00-05:00,29.239999771118164,29.600000381469727,27.797500610351562,29.600000381469727,8319,0.0,0.0
2022-11-10 10:30:00-05:00,29.600000381469727,29.989999771118164,29.520000457763672,29.889999389648438,5929,0.0,0.0
2022-11-10 11:30:00-05:00,29.8700008392334,29.8799991607666,29.760000228881836,29.760000228881836,4460,0.0,0.0
2022-11-10 12:30:00-05:00,29.729999542236328,29.850000381469727,29.729999542236328,29.850000381469727,1849,0.0,0.0
2022-11-10 13:30:00-05:00,29.850000381469727,30.06999969482422,29.850000381469727,29.989999771118164,15097,0.0,0.0
2022-11-10 14:30:00-05:00,29.989999771118164,30.239999771118164,29.969999313354492,30.219999313354492,19546,0.0,0.0
2022-11-10 15:30:00-05:00,30.270000457763672,30.280000686645508,29.8700008392334,29.920000076293945,14069,0.0,0.0
2022-11-11 09:30:00-05:00,30.1299991607666,30.174999237060547,29.719999313354492,30.0,8021,0.0,0.0
2022-11-11 10:30:00-05:00,29.920000076293945,30.0,29.8799991607666,29.954999923706055,6335,0.0,0.0
2022-11-11 11:30:00-05:00,29.899999618530273,29.979999542236328,29.885000228881836,29.899999618530273,3660,0.0,0.0
2022-11-11 12:30:00-05:00,29.90999984741211,29.989999771118164,29.8799991607666,29.989999771118164,3785,0.0,0.0
2022-11-11 13:30:00-05:00,30.0,30.0,29.93000030517578,29.979999542236328,5765,0.0,0.0
2022-11-11 14:30:00-05:00,30.0,30.0,29.875,29.8799991607666,4658,0.0,0.0
2022-11-11 15:30:00-05:00,29.920000076293945,29.969999313354492,29.809999465942383,29.860000610351562,10319,0.0,0.0
2022-11-14 09:30:00-05:00,29.889999389648438,29.889999389648438,29.719999313354492,29.739999771118164,1033,0.0,0.0
2022-11-14 10:30:00-05:00,29.809999465942383,29.8700008392334,29.75,29.770000457763672,2626,0.0,0.0
2022-11-14 11:30:00-05:00,29.809999465942383,29.989999771118164,29.764999389648438,29.889999389648438,4599,0.0,0.0
2022-11-14 12:30:00-05:00,29.850000381469727,29.979999542236328,29.81999969482422,29.940000534057617,4879,0.0,0.0
2022-11-14 13:30:00-05:00,29.989999771118164,30.350000381469727,29.989999771118164,30.30500030517578,14029,0.0,0.0
2022-11-14 14:30:00-05:00,30.299999237060547,30.34000015258789,30.09000015258789,30.09000015258789,4988,0.0,0.0
2022-11-14 15:30:00-05:00,30.040000915527344,30.149999618530273,29.93000030517578,29.969999313354492,11771,0.0,0.0
2022-11-15 09:30:00-05:00,30.139999389648438,30.139999389648438,28.701000213623047,30.0,6966,0.0,0.0
2022-11-15 10:30:00-05:00,30.0,30.06999969482422,29.950000762939453,30.0,3814,0.0,0.0
2022-11-15 11:30:00-05:00,30.0,30.0,29.899999618530273,29.899999618530273,3271,0.0,0.0
2022-11-15 12:30:00-05:00,29.700000762939453,29.8700008392334,29.700000762939453,29.8700008392334,1675,0.0,0.0
2022-11-15 13:30:00-05:00,29.530000686645508,29.81999969482422,29.459999084472656,29.81999969482422,2824,0.0,0.0
2022-11-15 14:30:00-05:00,29.780000686645508,30.290000915527344,29.780000686645508,29.90999984741211,31428,0.0,0.0
2022-11-15 15:30:00-05:00,29.84000015258789,29.920000076293945,29.84000015258789,29.860000610351562,12685,0.0,0.0
2022-11-16 09:30:00-05:00,29.940000534057617,29.940000534057617,29.850000381469727,29.850000381469727,4315,0.0,0.0
2022-11-16 10:30:00-05:00,29.920000076293945,29.93000030517578,29.690000534057617,29.690000534057617,1589,0.0,0.0
2022-11-16 11:30:00-05:00,29.600000381469727,29.600000381469727,29.600000381469727,29.600000381469727,957,0.0,0.0
2022-11-16 12:30:00-05:00,29.610000610351562,29.829999923706055,29.610000610351562,29.780000686645508,5732,0.0,0.0
2022-11-16 13:30:00-05:00,29.739999771118164,29.739999771118164,29.690000534057617,29.709999084472656,2022,0.0,0.0
2022-11-16 14:30:00-05:00,29.700000762939453,29.700000762939453,29.700000762939453,29.700000762939453,1306,0.0,0.0
2022-11-16 15:30:00-05:00,29.670000076293945,29.739999771118164,29.610000610351562,29.690000534057617,9872,0.0,0.0
2022-11-17 09:30:00-05:00,29.65999984741211,29.65999984741211,29.40999984741211,29.43000030517578,2604,0.0,0.0
2022-11-17 11:30:00-05:00,29.40999984741211,29.459999084472656,29.344999313354492,29.389999389648438,3762,0.0,0.0
2022-11-17 12:30:00-05:00,29.479999542236328,29.489999771118164,29.479999542236328,29.489999771118164,1231,0.0,0.0
2022-11-17 13:30:00-05:00,29.479999542236328,29.479999542236328,29.43000030517578,29.43000030517578,1572,0.0,0.0
2022-11-17 14:30:00-05:00,29.520000457763672,29.559999465942383,29.405000686645508,29.405000686645508,2958,0.0,0.0
2022-11-17 15:30:00-05:00,29.415000915527344,29.69499969482422,29.399999618530273,29.639999389648438,9514,0.0,0.0
2022-11-18 09:30:00-05:00,30.0,30.0,29.780000686645508,29.8700008392334,9739,0.0,0.0
2022-11-18 10:30:00-05:00,29.8700008392334,29.899999618530273,29.729999542236328,29.8700008392334,2952,0.0,0.0
2022-11-18 11:30:00-05:00,29.850000381469727,29.850000381469727,29.780000686645508,29.780000686645508,1504,0.0,0.0
2022-11-18 12:30:00-05:00,29.8700008392334,29.8700008392334,29.834999084472656,29.84000015258789,1349,0.0,0.0
2022-11-18 13:30:00-05:00,29.809999465942383,29.8700008392334,29.809999465942383,29.809999465942383,1481,0.0,0.0
2022-11-18 14:30:00-05:00,29.809999465942383,29.8799991607666,29.700000762939453,29.8799991607666,6407,0.0,0.0
2022-11-18 15:30:00-05:00,29.81999969482422,29.899999618530273,29.799999237060547,29.8799991607666,5915,0.0,0.0
2022-11-21 09:30:00-05:00,29.899999618530273,29.899999618530273,29.795000076293945,29.795000076293945,3704,0.0,0.0
2022-11-21 10:30:00-05:00,29.809999465942383,29.899999618530273,29.809999465942383,29.84000015258789,3431,0.0,0.0
2022-11-21 11:30:00-05:00,29.850000381469727,29.8799991607666,29.829999923706055,29.8799991607666,1177,0.0,0.0
2022-11-21 12:30:00-05:00,29.850000381469727,29.8799991607666,29.809999465942383,29.809999465942383,2283,0.0,0.0
2022-11-21 13:30:00-05:00,29.84000015258789,29.8799991607666,29.84000015258789,29.8799991607666,2898,0.0,0.0
2022-11-21 14:30:00-05:00,29.850000381469727,29.8700008392334,29.75,29.770000457763672,3592,0.0,0.0
2022-11-21 15:30:00-05:00,29.81999969482422,29.899999618530273,29.780000686645508,29.899999618530273,8915,0.0,0.0
2022-11-22 09:30:00-05:00,29.899999618530273,29.899999618530273,29.6560001373291,29.799999237060547,6526,0.0,0.0
2022-11-22 10:30:00-05:00,29.815000534057617,29.815000534057617,29.600000381469727,29.71500015258789,3393,0.0,0.0
2022-11-22 11:30:00-05:00,29.6299991607666,29.7549991607666,29.6299991607666,29.709999084472656,1352,0.0,0.0
2022-11-22 12:30:00-05:00,29.7450008392334,29.7450008392334,29.7450008392334,29.7450008392334,534,0.0,0.0
2022-11-22 13:30:00-05:00,29.809999465942383,29.899999618530273,29.809999465942383,29.899999618530273,2464,0.0,0.0
2022-11-22 14:30:00-05:00,29.8799991607666,29.889999389648438,29.649999618530273,29.665000915527344,9773,0.0,0.0
2022-11-22 15:30:00-05:00,29.674999237060547,29.780000686645508,29.612499237060547,29.612499237060547,15454,0.0,0.0
2022-11-23 09:30:00-05:00,29.739999771118164,29.739999771118164,29.639999389648438,29.700000762939453,1437,0.0,0.0
2022-11-23 10:30:00-05:00,29.700000762939453,29.700000762939453,29.649999618530273,29.700000762939453,1204,0.0,0.0
2022-11-23 11:30:00-05:00,29.700000762939453,29.700000762939453,29.540000915527344,29.610000610351562,1394,0.0,0.0
2022-11-23 12:30:00-05:00,29.600000381469727,29.600000381469727,29.450000762939453,29.524999618530273,2276,0.0,0.0
2022-11-23 13:30:00-05:00,29.540000915527344,29.639999389648438,29.5,29.600000381469727,4627,0.0,0.0
2022-11-23 14:30:00-05:00,29.600000381469727,29.639999389648438,29.469999313354492,29.469999313354492,3124,0.0,0.0
2022-11-23 15:30:00-05:00,29.549999237060547,29.565000534057617,29.469999313354492,29.5,7286,0.0,0.0
2022-11-25 09:30:00-05:00,29.559999465942383,29.899999618530273,29.549999237060547,29.8700008392334,5921,0.0,0.0
2022-11-25 10:30:00-05:00,29.899999618530273,29.899999618530273,29.850000381469727,29.899999618530273,2531,0.0,0.0
2022-11-25 11:30:00-05:00,29.8799991607666,30.34000015258789,29.8799991607666,30.309999465942383,17303,0.0,0.0
2022-11-28 09:30:00-05:00,30.260000228881836,30.260000228881836,29.6200008392334,29.8799991607666,1203,0.0,0.0
2022-11-28 10:30:00-05:00,29.969999313354492,30.024999618530273,29.905000686645508,29.905000686645508,2300,0.0,0.0
2022-11-28 11:30:00-05:00,29.989999771118164,29.989999771118164,29.799999237060547,29.799999237060547,2372,0.0,0.0
2022-11-28 12:30:00-05:00,29.917499542236328,29.917499542236328,29.790000915527344,29.825000762939453,1044,0.0,0.0
2022-11-28 13:30:00-05:00,29.760000228881836,29.760000228881836,29.6200008392334,29.6200008392334,1268,0.0,0.0
2022-11-28 14:30:00-05:00,29.579999923706055,29.579999923706055,29.340099334716797,29.340099334716797,3332,0.0,0.0
2022-11-28 15:30:00-05:00,29.3700008392334,29.40999984741211,29.270000457763672,29.270000457763672,10711,0.0,0.0
2022-11-29 09:30:00-05:00,29.549999237060547,29.659900665283203,29.469999313354492,29.479999542236328,5264,0.0,0.0
2022-11-29 10:30:00-05:00,29.6299991607666,29.6299991607666,29.200000762939453,29.209999084472656,14899,0.0,0.0
2022-11-29 11:30:00-05:00,29.15999984741211,29.270000457763672,29.15999984741211,29.270000457763672,2953,0.0,0.0
2022-11-29 12:30:00-05:00,29.264999389648438,29.264999389648438,29.1299991607666,29.1299991607666,2321,0.0,0.0
2022-11-29 13:30:00-05:00,29.149999618530273,29.190000534057617,29.139999389648438,29.190000534057617,2462,0.0,0.0
2022-11-29 14:30:00-05:00,29.139999389648438,29.190000534057617,29.139999389648438,29.170000076293945,3931,0.0,0.0
2022-11-29 15:30:00-05:00,29.170000076293945,29.25,29.1299991607666,29.219999313354492,9532,0.0,0.0
2022-11-30 09:30:00-05:00,29.329999923706055,29.329999923706055,29.010000228881836,29.09000015258789,6537,0.0,0.0
2022-11-30 10:30:00-05:00,29.15999984741211,29.219999313354492,29.09000015258789,29.110000610351562,5120,0.0,0.0
2022-11-30 11:30:00-05:00,29.170000076293945,29.284400939941406,29.09000015258789,29.100000381469727,10172,0.0,0.0
2022-11-30 12:30:00-05:00,29.104999542236328,29.204999923706055,29.104999542236328,29.170000076293945,2925,0.0,0.0
2022-11-30 13:30:00-05:00,29.09000015258789,29.649999618530273,29.09000015258789,29.6200008392334,13837,0.0,0.0
2022-11-30 14:30:00-05:00,29.56999969482422,29.899999618530273,29.55500030517578,29.8700008392334,9588,0.0,0.0
2022-11-30 15:30:00-05:00,29.889999389648438,30.0,29.690000534057617,30.0,26426,0.0,0.0
2022-12-01 09:30:00-05:00,30.0,30.0,29.799999237060547,29.905000686645508,1348,0.0,0.0
2022-12-01 10:30:00-05:00,29.829999923706055,29.969999313354492,29.829999923706055,29.920000076293945,6088,0.0,0.0
2022-12-01 11:30:00-05:00,30.0,30.0,29.924999237060547,29.959999084472656,4996,0.0,0.0
2022-12-01 12:30:00-05:00,29.799999237060547,29.875,29.799999237060547,29.829999923706055,1876,0.0,0.0
2022-12-01 13:30:00-05:00,29.770000457763672,29.790000915527344,29.639999389648438,29.71500015258789,7317,0.0,0.0
2022-12-01 14:30:00-05:00,29.84000015258789,29.8799991607666,29.81999969482422,29.860000610351562,4379,0.0,0.0
2022-12-01 15:30:00-05:00,29.90999984741211,29.940000534057617,29.8799991607666,29.940000534057617,3347,0.0,0.0
2022-12-02 09:30:00-05:00,29.75,29.7549991607666,29.739999771118164,29.7549991607666,925,0.0,0.0
2022-12-02 10:30:00-05:00,29.739999771118164,29.899999618530273,29.739999771118164,29.899999618530273,2111,0.0,0.0
2022-12-02 11:30:00-05:00,29.864999771118164,29.889999389648438,29.799999237060547,29.860000610351562,2020,0.0,0.0
2022-12-02 12:30:00-05:00,29.799999237060547,29.799999237060547,29.799999237060547,29.799999237060547,432,0.0,0.0
2022-12-02 13:30:00-05:00,29.829999923706055,29.829999923706055,29.829999923706055,29.829999923706055,745,0.0,0.0
2022-12-02 14:30:00-05:00,29.920000076293945,30.0,29.905000686645508,29.940000534057617,6452,0.0,0.0
2022-12-02 15:30:00-05:00,29.940000534057617,29.989999771118164,29.920000076293945,29.989999771118164,3824,0.0,0.0
2022-12-05 09:30:00-05:00,29.799999237060547,29.799999237060547,29.46500015258789,29.46500015258789,1808,0.0,0.0
2022-12-05 10:30:00-05:00,29.399999618530273,29.40999984741211,29.334999084472656,29.334999084472656,1354,0.0,0.0
2022-12-05 11:30:00-05:00,29.200000762939453,29.200000762939453,28.8700008392334,28.905000686645508,5335,0.0,0.0
2022-12-05 12:30:00-05:00,29.0,29.0,28.8799991607666,28.969999313354492,3745,0.0,0.0
2022-12-05 13:30:00-05:00,29.010000228881836,29.010000228881836,28.969999313354492,28.989999771118164,2344,0.0,0.0
2022-12-05 14:30:00-05:00,29.030000686645508,29.049999237060547,28.950000762939453,28.979999542236328,4978,0.0,0.0
2022-12-05 15:30:00-05:00,28.979999542236328,29.139999389648438,28.979999542236328,29.139999389648438,5771,0.0,0.0
2022-12-06 09:30:00-05:00,28.989999771118164,29.014999389648438,28.989999771118164,29.010000228881836,1029,0.0,0.0
2022-12-06 10:30:00-05:00,29.040000915527344,29.040000915527344,28.889999389648438,28.969999313354492,3172,0.0,0.0
2022-12-06 11:30:00-05:00,28.940000534057617,28.959999084472656,28.8700008392334,28.8700008392334,3237,0.0,0.0
2022-12-06 12:30:00-05:00,28.844999313354492,28.8700008392334,28.809999465942383,28.850000381469727,1492,0.0,0.0
2022-12-06 13:30:00-05:00,28.790000915527344,28.829999923706055,28.790000915527344,28.829999923706055,1510,0.0,0.0
2022-12-06 14:30:00-05:00,28.875,28.959999084472656,28.799999237060547,28.950000762939453,4410,0.0,0.0
2022-12-06 15:30:00-05:00,28.93000030517578,29.0,28.93000030517578,28.989999771118164,7329,0.0,0.0
2022-12-07 09:30:00-05:00,28.38249969482422,29.139999389648438,28.38249969482422,28.68199920654297,2711,0.0,0.0
2022-12-07 10:30:00-05:00,29.1299991607666,29.1299991607666,29.1299991607666,29.1299991607666,197,0.0,0.0
2022-12-07 11:30:00-05:00,29.040000915527344,29.059999465942383,28.889999389648438,29.020000457763672,5161,0.0,0.0
2022-12-07 12:30:00-05:00,29.079999923706055,29.18000030517578,29.030000686645508,29.079999923706055,3962,0.0,0.0
2022-12-07 13:30:00-05:00,29.079999923706055,29.079999923706055,28.860000610351562,28.940000534057617,6298,0.0,0.0
2022-12-07 14:30:00-05:00,28.979999542236328,29.09000015258789,28.975000381469727,29.030000686645508,4206,0.0,0.0
2022-12-07 15:30:00-05:00,29.059999465942383,29.1200008392334,28.899999618530273,28.899999618530273,11065,0.0,0.0
2022-12-08 09:30:00-05:00,28.860000610351562,28.920000076293945,28.65999984741211,28.65999984741211,4719,0.0,0.0
2022-12-08 10:30:00-05:00,28.649999618530273,28.790000915527344,28.6299991607666,28.75,7683,0.0,0.0
2022-12-08 11:30:00-05:00,28.665000915527344,28.665000915527344,28.40999984741211,28.40999984741211,1986,0.0,0.0
2022-12-08 12:30:00-05:00,28.399999618530273,28.450000762939453,28.329999923706055,28.350000381469727,1256,0.0,0.0
2022-12-08 13:30:00-05:00,28.56999969482422,28.56999969482422,28.420000076293945,28.420000076293945,3895,0.0,0.0
2022-12-08 14:30:00-05:00,28.350000381469727,28.40999984741211,28.350000381469727,28.389999389648438,1005,0.0,0.0
2022-12-08 15:30:00-05:00,28.34000015258789,28.3700008392334,28.28499984741211,28.3700008392334,5209,0.0,0.0
2022-12-09 09:30:00-05:00,28.459999084472656,28.459999084472656,28.309999465942383,28.3799991607666,1270,0.0,0.0
2022-12-09 10:30:00-05:00,28.454999923706055,28.454999923706055,28.315000534057617,28.329999923706055,1838,0.0,0.0
2022-12-09 11:30:00-05:00,28.34000015258789,28.34000015258789,28.270000457763672,28.270000457763672,607,0.0,0.0
2022-12-09 12:30:00-05:00,28.309999465942383,28.31999969482422,28.260000228881836,28.295000076293945,3124,0.0,0.0
2022-12-09 13:30:00-05:00,28.290000915527344,28.31999969482422,28.290000915527344,28.31999969482422,1332,0.0,0.0
2022-12-09 14:30:00-05:00,28.100000381469727,28.219999313354492,28.100000381469727,28.219999313354492,1252,0.0,0.0
2022-12-09 15:30:00-05:00,28.229999542236328,28.315000534057617,28.200000762939453,28.280000686645508,7505,0.0,0.0
2022-12-12 09:30:00-05:00,28.299999237060547,28.309999465942383,28.114999771118164,28.28499984741211,4560,0.0,0.0
2022-12-12 10:30:00-05:00,28.280000686645508,28.325000762939453,28.18000030517578,28.325000762939453,2645,0.0,0.0
2022-12-12 11:30:00-05:00,28.40999984741211,28.510000228881836,28.40999984741211,28.510000228881836,1196,0.0,0.0
2022-12-12 12:30:00-05:00,28.510000228881836,28.510000228881836,28.510000228881836,28.510000228881836,575,0.0,0.0
2022-12-12 13:30:00-05:00,28.479999542236328,28.479999542236328,28.3799991607666,28.3799991607666,1483,0.0,0.0
2022-12-12 14:30:00-05:00,28.325000762939453,28.514999389648438,28.325000762939453,28.514999389648438,2249,0.0,0.0
2022-12-12 15:30:00-05:00,28.459999084472656,28.459999084472656,28.375,28.389999389648438,2739,0.0,0.0
2022-12-13 09:30:00-05:00,28.899999618530273,28.899999618530273,28.510000228881836,28.59000015258789,3470,0.0,0.0
2022-12-13 10:30:00-05:00,28.420000076293945,28.420000076293945,28.299999237060547,28.299999237060547,2455,0.0,0.0
2022-12-13 11:30:00-05:00,28.290000915527344,28.290000915527344,28.023799896240234,28.027000427246094,3000,0.0,0.0
2022-12-13 12:30:00-05:00,28.110000610351562,28.200000762939453,28.049999237060547,28.200000762939453,4583,0.0,0.0
2022-12-13 13:30:00-05:00,28.15999984741211,28.170000076293945,28.15999984741211,28.170000076293945,504,0.0,0.0
2022-12-13 14:30:00-05:00,28.18000030517578,28.21500015258789,28.084999084472656,28.084999084472656,1166,0.0,0.0
2022-12-13 15:30:00-05:00,28.200000762939453,28.209999084472656,27.959999084472656,27.979999542236328,19976,0.0,0.0
2022-12-14 09:30:00-05:00,28.200000762939453,28.200000762939453,27.864999771118164,27.864999771118164,1322,0.0,0.0
2022-12-14 10:30:00-05:00,27.8700008392334,27.8700008392334,27.829999923706055,27.829999923706055,551,0.0,0.0
2022-12-14 11:30:00-05:00,27.809999465942383,27.844999313354492,27.795000076293945,27.844999313354492,4530,0.0,0.0
2022-12-14 12:30:00-05:00,27.850000381469727,28.0,27.850000381469727,27.940000534057617,1818,0.0,0.0
2022-12-14 13:30:00-05:00,27.885000228881836,27.90999984741211,27.729999542236328,27.729999542236328,2819,0.0,0.0
2022-12-14 14:30:00-05:00,27.479999542236328,27.700000762939453,27.479999542236328,27.625,2034,0.0,0.0
2022-12-14 15:30:00-05:00,27.344999313354492,27.530000686645508,27.25,27.520000457763672,4251,0.0,0.0
2022-12-15 09:30:00-05:00,27.200000762939453,27.3799991607666,27.114999771118164,27.170000076293945,1373,0.0,0.0
2022-12-15 10:30:00-05:00,27.110000610351562,27.110000610351562,26.89430046081543,27.0,1878,0.0,0.0
2022-12-15 11:30:00-05:00,26.934999465942383,26.969999313354492,26.864999771118164,26.94499969482422,1682,0.0,0.0
2022-12-15 12:30:00-05:00,26.889999389648438,26.889999389648438,26.80500030517578,26.860000610351562,3144,0.0,0.0
2022-12-15 13:30:00-05:00,26.81999969482422,26.8799991607666,26.709999084472656,26.709999084472656,2562,0.0,0.0
2022-12-15 14:30:00-05:00,26.739999771118164,26.800399780273438,26.729999542236328,26.739999771118164,2144,0.0,0.0
2022-12-15 15:30:00-05:00,26.90999984741211,26.979999542236328,26.799999237060547,26.93000030517578,8844,0.0,0.0
2022-12-16 09:30:00-05:00,26.610000610351562,26.799999237060547,26.290000915527344,26.799999237060547,27570,0.0,0.0
2022-12-16 11:30:00-05:00,26.5,26.510000228881836,26.450000762939453,26.450000762939453,1868,0.0,0.0
2022-12-16 12:30:00-05:00,26.489999771118164,26.700000762939453,26.489999771118164,26.700000762939453,2449,0.0,0.0
2022-12-16 13:30:00-05:00,26.770000457763672,26.770000457763672,26.770000457763672,26.770000457763672,632,0.0,0.0
2022-12-16 14:30:00-05:00,26.670000076293945,26.670000076293945,26.6200008392334,26.649999618530273,2499,0.0,0.0
2022-12-16 15:30:00-05:00,26.780000686645508,28.350000381469727,26.729999542236328,28.0,74019,0.0,0.0
2022-12-19 09:30:00-05:00,27.8799991607666,27.8799991607666,27.1299991607666,27.344999313354492,11135,0.0,0.0
2022-12-19 10:30:00-05:00,27.450000762939453,27.829999923706055,27.450000762939453,27.75,3872,0.0,0.0
2022-12-19 11:30:00-05:00,27.770000457763672,27.850000381469727,27.665000915527344,27.770000457763672,5524,0.0,0.0
2022-12-19 12:30:00-05:00,27.790000915527344,27.885000228881836,27.780000686645508,27.81999969482422,2490,0.0,0.0
2022-12-19 13:30:00-05:00,27.770000457763672,27.84000015258789,27.729999542236328,27.729999542236328,3381,0.0,0.0
2022-12-19 14:30:00-05:00,27.709999084472656,27.829999923706055,27.639999389648438,27.815000534057617,4649,0.0,0.0
2022-12-19 15:30:00-05:00,27.850000381469727,27.959999084472656,27.670000076293945,27.68000030517578,7969,0.0,0.0
2022-12-20 09:30:00-05:00,27.729999542236328,27.770000457763672,27.440000534057617,27.719999313354492,6412,0.0,0.0
2022-12-20 10:30:00-05:00,27.799999237060547,27.799999237060547,27.639999389648438,27.690000534057617,2975,0.0,0.0
2022-12-20 11:30:00-05:00,27.739999771118164,27.809999465942383,27.690000534057617,27.809999465942383,2363,0.0,0.0
2022-12-20 12:30:00-05:00,27.719999313354492,27.760000228881836,27.68000030517578,27.729999542236328,3447,0.0,0.0
2022-12-20 13:30:00-05:00,27.709999084472656,27.799999237060547,27.709999084472656,27.799999237060547,1484,0.0,0.0
2022-12-20 14:30:00-05:00,27.7549991607666,27.850000381469727,27.690000534057617,27.850000381469727,2566,0.0,0.0
2022-12-20 15:30:00-05:00,27.690000534057617,27.81999969482422,27.65999984741211,27.65999984741211,8262,0.0,0.0
2022-12-21 09:30:00-05:00,27.8799991607666,28.149999618530273,27.65999984741211,28.149999618530273,0,0.0,0.0
2022-12-21 10:30:00-05:00,28.290000915527344,28.34000015258789,28.280000686645508,28.329999923706055,1781,0.0,0.0
2022-12-21 11:30:00-05:00,28.459999084472656,28.520000457763672,28.40999984741211,28.40999984741211,1271,0.0,0.0
2022-12-21 12:30:00-05:00,28.40999984741211,28.40999984741211,28.219999313354492,28.219999313354492,4742,0.0,0.0
2022-12-21 13:30:00-05:00,28.229999542236328,28.229999542236328,28.100000381469727,28.184999465942383,2259,0.0,0.0
2022-12-21 14:30:00-05:00,28.184999465942383,28.184999465942383,28.149999618530273,28.18000030517578,1264,0.0,0.0
2022-12-21 15:30:00-05:00,28.15999984741211,28.18000030517578,28.114999771118164,28.170000076293945,5589,0.0,0.0
2022-12-22 09:30:00-05:00,28.06999969482422,28.06999969482422,27.700000762939453,27.860000610351562,3180,0.0,0.0
2022-12-22 10:30:00-05:00,27.899999618530273,27.899999618530273,27.799999237060547,27.889999389648438,1248,0.0,0.0
2022-12-22 11:30:00-05:00,27.860000610351562,27.860000610351562,27.809999465942383,27.829999923706055,1012,0.0,0.0
2022-12-22 12:30:00-05:00,27.825000762939453,27.844999313354492,27.690000534057617,27.780000686645508,2316,0.0,0.0
2022-12-22 13:30:00-05:00,27.799999237060547,27.84000015258789,27.700000762939453,27.84000015258789,3215,0.0,0.0
2022-12-22 14:30:00-05:00,27.8700008392334,27.924999237060547,27.809999465942383,27.8799991607666,5284,0.0,0.0
2022-12-22 15:30:00-05:00,27.889999389648438,27.90999984741211,27.729999542236328,27.84000015258789,7323,0.0,0.0
2022-12-23 09:30:00-05:00,27.899999618530273,28.799999237060547,27.260000228881836,27.8799991607666,8630,0.0,0.0
2022-12-23 10:30:00-05:00,27.8700008392334,27.889999389648438,27.829999923706055,27.850000381469727,1695,0.0,0.0
2022-12-23 12:30:00-05:00,27.93000030517578,27.93000030517578,27.84000015258789,27.844999313354492,688,0.0,0.0
2022-12-23 14:30:00-05:00,27.799999237060547,27.899999618530273,27.770000457763672,27.899999618530273,1241,0.0,0.0
2022-12-23 15:30:00-05:00,27.770000457763672,27.81999969482422,27.719999313354492,27.81999969482422,2607,0.0,0.0
2022-12-27 10:30:00-05:00,27.825000762939453,27.899999618530273,27.739999771118164,27.739999771118164,3726,0.0,0.0
2022-12-27 11:30:00-05:00,27.75,27.75,27.510000228881836,27.735000610351562,11002,0.0,0.0
2022-12-27 13:30:00-05:00,27.604999542236328,27.604999542236328,27.479999542236328,27.479999542236328,950,0.0,0.0
2022-12-27 14:30:00-05:00,27.549999237060547,27.600000381469727,27.549999237060547,27.56999969482422,1859,0.0,0.0
2022-12-27 15:30:00-05:00,27.559999465942383,27.600000381469727,27.420000076293945,27.579999923706055,9243,0.0,0.0
2022-12-28 09:30:00-05:00,27.639999389648438,27.649999618530273,27.549999237060547,27.649999618530273,623,0.0,0.0
2022-12-28 11:30:00-05:00,27.55500030517578,27.565000534057617,27.5,27.5,579,0.0,0.0
2022-12-28 12:30:00-05:00,27.540000915527344,27.540000915527344,27.540000915527344,27.540000915527344,554,0.0,0.0
2022-12-28 13:30:00-05:00,27.510000228881836,27.510000228881836,27.420000076293945,27.420000076293945,1434,0.0,0.0
2022-12-28 14:30:00-05:00,27.454999923706055,27.6299991607666,27.399999618530273,27.399999618530273,1562,0.0,0.0
2022-12-28 15:30:00-05:00,27.5,27.5,27.270000457763672,27.389999389648438,7395,0.0,0.0
2022-12-29 09:30:00-05:00,27.5,27.770000457763672,27.389999389648438,27.549999237060547,13691,0.0,0.0
2022-12-29 10:30:00-05:00,27.549999237060547,27.549999237060547,27.40999984741211,27.40999984741211,673,0.0,0.0
2022-12-29 11:30:00-05:00,27.5,27.549999237060547,27.43000030517578,27.549999237060547,13397,0.0,0.0
2022-12-29 12:30:00-05:00,27.649999618530273,27.649999618530273,27.649999618530273,27.649999618530273,122,0.0,0.0
2022-12-29 14:30:00-05:00,27.475000381469727,27.559999465942383,27.475000381469727,27.559999465942383,452,0.0,0.0
2022-12-29 15:30:00-05:00,27.520000457763672,27.56999969482422,27.5,27.5,3224,0.0,0.0
2022-12-30 09:30:00-05:00,27.690000534057617,27.690000534057617,27.549999237060547,27.549999237060547,316,0.0,0.0
2022-12-30 10:30:00-05:00,27.420000076293945,27.790000915527344,27.181299209594727,27.181299209594727,1063,0.0,0.0
2022-12-30 11:30:00-05:00,27.190000534057617,27.540000915527344,27.190000534057617,27.440000534057617,765,0.0,0.0
2022-12-30 12:30:00-05:00,27.440000534057617,27.584999084472656,27.329999923706055,27.329999923706055,969,0.0,0.0
2022-12-30 13:30:00-05:00,27.350000381469727,27.44499969482422,27.290000915527344,27.44499969482422,3401,0.0,0.0
2022-12-30 14:30:00-05:00,27.44499969482422,27.610000610351562,27.315000534057617,27.610000610351562,1157,0.0,0.0
2022-12-30 15:30:00-05:00,27.56999969482422,27.670000076293945,27.329999923706055,27.420000076293945,10877,0.0,0.0
2023-01-03 09:30:00-05:00,27.649999618530273,27.649999618530273,27.280000686645508,27.290000915527344,896,0.0,0.0
2023-01-03 10:30:00-05:00,27.149999618530273,27.540000915527344,27.149999618530273,27.31999969482422,4616,0.0,0.0
2023-01-03 11:30:00-05:00,27.270000457763672,27.290000915527344,27.239999771118164,27.25,1090,0.0,0.0
2023-01-03 12:30:00-05:00,27.15999984741211,27.200000762939453,27.100000381469727,27.200000762939453,1448,0.0,0.0
2023-01-03 13:30:00-05:00,27.229999542236328,27.420000076293945,27.170000076293945,27.170000076293945,2984,0.0,0.0
2023-01-03 14:30:00-05:00,27.170000076293945,27.290000915527344,27.170000076293945,27.290000915527344,2327,0.0,0.0
2023-01-03 15:30:00-05:00,27.280000686645508,27.420000076293945,27.280000686645508,27.290000915527344,6751,0.0,0.0
2023-01-04 09:30:00-05:00,27.010000228881836,27.510000228881836,27.010000228881836,27.510000228881836,4929,0.0,0.0
2023-01-04 10:30:00-05:00,27.1200008392334,27.3799991607666,27.1200008392334,27.3799991607666,1702,0.0,0.0
2023-01-04 11:30:00-05:00,27.450000762939453,27.450000762939453,27.440000534057617,27.440000534057617,520,0.0,0.0
2023-01-04 12:30:00-05:00,27.381200790405273,27.381200790405273,27.270000457763672,27.270000457763672,1135,0.0,0.0
2023-01-04 13:30:00-05:00,27.325000762939453,27.399999618530273,27.239999771118164,27.399999618530273,1610,0.0,0.0
2023-01-04 14:30:00-05:00,27.3700008392334,27.450000762939453,27.350000381469727,27.450000762939453,1140,0.0,0.0
2023-01-04 15:30:00-05:00,27.25,27.25,27.1299991607666,27.239999771118164,6368,0.0,0.0
2023-01-05 09:30:00-05:00,27.0,27.0,26.829999923706055,26.829999923706055,2078,0.0,0.0
2023-01-05 10:30:00-05:00,26.861400604248047,26.861400604248047,26.861400604248047,26.861400604248047,550,0.0,0.0
2023-01-05 11:30:00-05:00,26.5,26.920000076293945,26.5,26.850000381469727,3611,0.0,0.0
2023-01-05 12:30:00-05:00,26.899999618530273,26.93000030517578,26.899999618530273,26.899999618530273,1166,0.0,0.0
2023-01-05 13:30:00-05:00,27.0,27.0,26.874000549316406,26.90999984741211,1036,0.0,0.0
2023-01-05 14:30:00-05:00,26.899999618530273,26.905000686645508,26.780000686645508,26.780000686645508,3094,0.0,0.0
2023-01-05 15:30:00-05:00,26.719999313354492,26.790000915527344,26.610000610351562,26.610000610351562,8899,0.0,0.0
2023-01-06 09:30:00-05:00,26.639999389648438,26.639999389648438,26.610000610351562,26.610000610351562,728,0.0,0.0
2023-01-06 10:30:00-05:00,27.010000228881836,27.209999084472656,27.010000228881836,27.209999084472656,618,0.0,0.0
2023-01-06 11:30:00-05:00,27.280000686645508,27.280000686645508,27.200000762939453,27.200000762939453,1010,0.0,0.0
2023-01-06 12:30:00-05:00,27.209999084472656,27.209999084472656,27.209999084472656,27.209999084472656,923,0.0,0.0
2023-01-06 13:30:00-05:00,27.239999771118164,27.239999771118164,27.239999771118164,27.239999771118164,143,0.0,0.0
2023-01-06 14:30:00-05:00,27.3700008392334,27.459999084472656,27.290000915527344,27.290000915527344,1403,0.0,0.0
2023-01-06 15:30:00-05:00,27.389999389648438,27.440000534057617,27.18000030517578,27.389999389648438,5714,0.0,0.0
2023-01-09 09:30:00-05:00,27.399999618530273,27.440000534057617,27.020000457763672,27.020000457763672,1107,0.0,0.0
2023-01-09 10:30:00-05:00,27.18000030517578,27.25,27.18000030517578,27.25,909,0.0,0.0
2023-01-09 11:30:00-05:00,27.149999618530273,27.155000686645508,27.110000610351562,27.155000686645508,1930,0.0,0.0
2023-01-09 12:30:00-05:00,27.049999237060547,27.049999237060547,27.049999237060547,27.049999237060547,467,0.0,0.0
2023-01-09 13:30:00-05:00,27.110000610351562,27.239999771118164,26.90999984741211,27.079999923706055,11818,0.0,0.0
2023-01-09 14:30:00-05:00,27.0,27.020000457763672,26.940000534057617,26.989999771118164,1585,0.0,0.0
2023-01-09 15:30:00-05:00,26.93000030517578,26.979999542236328,26.899999618530273,26.975000381469727,1794,0.0,0.0
2023-01-10 09:30:00-05:00,26.93000030517578,27.079999923706055,26.860000610351562,27.010000228881836,0,0.0,0.0
2023-01-10 10:30:00-05:00,27.040000915527344,27.329999923706055,27.010000228881836,27.25,3188,0.0,0.0
2023-01-10 11:30:00-05:00,27.290000915527344,27.290000915527344,27.100000381469727,27.15999984741211,2986,0.0,0.0
2023-01-10 12:30:00-05:00,27.26059913635254,27.315000534057617,27.26059913635254,27.30500030517578,2711,0.0,0.0
2023-01-10 13:30:00-05:00,27.200000762939453,27.209999084472656,26.979999542236328,27.145000457763672,5783,0.0,0.0
2023-01-10 14:30:00-05:00,27.34000015258789,27.34000015258789,27.149999618530273,27.219999313354492,1350,0.0,0.0
2023-01-10 15:30:00-05:00,27.229999542236328,27.280000686645508,27.219999313354492,27.280000686645508,2943,0.0,0.0
2023-01-11 09:30:00-05:00,27.31999969482422,27.31999969482422,27.299999237060547,27.299999237060547,808,0.0,0.0
2023-01-11 10:30:00-05:00,27.149999618530273,27.239999771118164,27.149999618530273,27.239999771118164,706,0.0,0.0
2023-01-11 11:30:00-05:00,27.290000915527344,27.315000534057617,27.239999771118164,27.290000915527344,1377,0.0,0.0
2023-01-11 12:30:00-05:00,27.334999084472656,27.34000015258789,27.290000915527344,27.34000015258789,1015,0.0,0.0
2023-01-11 14:30:00-05:00,27.364999771118164,27.364999771118164,27.309999465942383,27.309999465942383,2178,0.0,0.0
2023-01-11 15:30:00-05:00,27.309999465942383,27.31999969482422,27.200000762939453,27.239999771118164,4552,0.0,0.0
2023-01-12 09:30:00-05:00,27.31999969482422,27.31999969482422,27.31999969482422,27.31999969482422,0,0.0,0.0
2023-01-12 10:30:00-05:00,27.510000228881836,27.6299991607666,27.510000228881836,27.6299991607666,763,0.0,0.0
2023-01-12 12:30:00-05:00,27.65999984741211,27.8799991607666,27.65999984741211,27.760000228881836,1333,0.0,0.0
2023-01-12 13:30:00-05:00,27.796499252319336,27.8799991607666,27.6299991607666,27.68000030517578,1678,0.0,0.0
2023-01-12 14:30:00-05:00,27.709999084472656,27.709999084472656,27.34000015258789,27.43000030517578,1465,0.0,0.0
2023-01-12 15:30:00-05:00,27.5,27.579999923706055,27.440000534057617,27.479999542236328,4713,0.0,0.0
2023-01-13 09:30:00-05:00,26.147300720214844,26.147300720214844,26.147300720214844,26.147300720214844,651,0.0,0.0
2023-01-13 10:30:00-05:00,27.299999237060547,27.299999237060547,27.299999237060547,27.299999237060547,270,0.0,0.0
2023-01-13 13:30:00-05:00,27.239999771118164,27.674999237060547,27.239999771118164,27.399999618530273,3747,0.0,0.0
2023-01-13 14:30:00-05:00,27.40999984741211,27.5,27.360000610351562,27.5,2638,0.0,0.0
2023-01-13 15:30:00-05:00,27.459999084472656,27.489999771118164,27.290000915527344,27.40999984741211,3833,0.0,0.0
2023-01-17 11:30:00-05:00,27.409900665283203,27.409900665283203,27.409900665283203,27.409900665283203,1484,0.0,0.0
2023-01-17 15:30:00-05:00,27.170000076293945,27.260000228881836,27.079999923706055,27.229999542236328,1982,0.0,0.0
2023-01-18 09:30:00-05:00,27.030000686645508,27.170000076293945,27.0,27.100000381469727,4716,0.0,0.0
2023-01-18 10:30:00-05:00,27.100000381469727,27.209999084472656,26.81999969482422,26.8700008392334,15618,0.0,0.0
2023-01-18 11:30:00-05:00,26.93000030517578,27.040000915527344,26.905000686645508,27.040000915527344,2782,0.0,0.0
2023-01-18 12:30:00-05:00,26.959999084472656,26.959999084472656,26.834999084472656,26.940000534057617,4804,0.0,0.0
2023-01-18 14:30:00-05:00,27.040000915527344,27.040000915527344,26.979999542236328,27.0,899,0.0,0.0
2023-01-18 15:30:00-05:00,26.950000762939453,27.040000915527344,26.889999389648438,26.889999389648438,5682,0.0,0.0
2023-01-19 09:30:00-05:00,26.84000015258789,26.84000015258789,26.84000015258789,26.84000015258789,596,0.0,0.0
2023-01-19 10:30:00-05:00,26.8700008392334,27.049999237060547,26.8700008392334,27.049999237060547,3712,0.0,0.0
2023-01-19 11:30:00-05:00,27.040000915527344,27.15999984741211,26.90999984741211,26.90999984741211,3438,0.0,0.0
2023-01-19 12:30:00-05:00,26.90999984741211,27.0,26.75,26.760000228881836,14368,0.0,0.0
2023-01-19 13:30:00-05:00,26.790000915527344,26.979999542236328,26.709999084472656,26.709999084472656,8027,0.0,0.0
2023-01-19 14:30:00-05:00,26.75,26.969999313354492,26.709999084472656,26.809999465942383,6031,0.0,0.0
2023-01-19 15:30:00-05:00,26.790000915527344,26.790000915527344,26.639999389648438,26.65999984741211,29677,0.0,0.0
2023-01-20 09:30:00-05:00,26.989999771118164,27.094999313354492,26.950000762939453,27.010000228881836,7737,0.0,0.0
2023-01-20 10:30:00-05:00,27.014999389648438,27.06999969482422,27.014999389648438,27.06999969482422,824,0.0,0.0
2023-01-20 11:30:00-05:00,27.229999542236328,27.3700008392334,27.049999237060547,27.059999465942383,3972,0.0,0.0
2023-01-20 12:30:00-05:00,27.049999237060547,27.049999237060547,26.979999542236328,26.979999542236328,570,0.0,0.0
2023-01-20 13:30:00-05:00,27.1200008392334,27.1200008392334,27.030000686645508,27.030000686645508,951,0.0,0.0
2023-01-20 14:30:00-05:00,27.149999618530273,27.190000534057617,27.049999237060547,27.190000534057617,1634,0.0,0.0
2023-01-20 15:30:00-05:00,27.1200008392334,27.200000762939453,27.040000915527344,27.190000534057617,3646,0.0,0.0
2023-01-23 09:30:00-05:00,27.420000076293945,27.420000076293945,26.920000076293945,26.920000076293945,1534,0.0,0.0
2023-01-23 10:30:00-05:00,27.110000610351562,27.110000610351562,27.110000610351562,27.110000610351562,186,0.0,0.0
2023-01-23 11:30:00-05:00,27.100000381469727,27.19499969482422,27.100000381469727,27.110000610351562,1812,0.0,0.0
2023-01-23 12:30:00-05:00,27.25,27.290000915527344,26.970399856567383,26.970399856567383,1681,0.0,0.0
2023-01-23 13:30:00-05:00,26.905000686645508,26.905000686645508,26.905000686645508,26.905000686645508,435,0.0,0.0
2023-01-23 14:30:00-05:00,27.020000457763672,27.020000457763672,26.979999542236328,27.0,788,0.0,0.0
2023-01-23 15:30:00-05:00,27.0,27.170000076293945,26.999900817871094,27.149999618530273,2790,0.0,0.0
2023-01-24 09:30:00-05:00,27.329999923706055,27.450000762939453,27.329999923706055,27.450000762939453,1099,0.0,0.0
2023-01-24 10:30:00-05:00,26.850000381469727,27.3799991607666,26.850000381469727,27.040000915527344,21448,0.0,0.0
2023-01-24 11:30:00-05:00,27.049999237060547,27.15999984741211,27.040000915527344,27.049999237060547,6638,0.0,0.0
2023-01-24 12:30:00-05:00,27.109399795532227,27.109399795532227,27.030000686645508,27.049999237060547,3984,0.0,0.0
2023-01-24 13:30:00-05:00,27.049999237060547,27.469999313354492,27.049999237060547,27.469999313354492,5731,0.0,0.0
2023-01-24 14:30:00-05:00,27.719999313354492,27.790000915527344,27.190000534057617,27.5,14007,0.0,0.0
2023-01-24 15:30:00-05:00,27.34000015258789,27.549999237060547,27.25,27.25,10650,0.0,0.0
2023-01-25 09:30:00-05:00,26.59000015258789,26.610000610351562,25.72089958190918,25.864999771118164,27848,0.0,0.0
2023-01-25 10:30:00-05:00,25.770000457763672,26.235000610351562,25.770000457763672,26.235000610351562,12887,0.0,0.0
2023-01-25 11:30:00-05:00,26.170000076293945,26.309999465942383,26.149999618530273,26.149999618530273,5689,0.0,0.0
2023-01-25 12:30:00-05:00,26.149999618530273,26.514999389648438,26.149999618530273,26.290000915527344,7791,0.0,0.0
2023-01-25 13:30:00-05:00,26.290000915527344,26.40999984741211,26.280000686645508,26.290000915527344,3883,0.0,0.0
2023-01-25 14:30:00-05:00,26.329999923706055,26.489999771118164,26.190000534057617,26.489999771118164,4600,0.0,0.0
2023-01-25 15:30:00-05:00,26.540000915527344,26.8700008392334,26.350000381469727,26.510000228881836,12495,0.0,0.0
2023-01-26 09:30:00-05:00,26.56999969482422,26.56999969482422,26.350000381469727,26.350000381469727,1028,0.0,0.0
2023-01-26 11:30:00-05:00,26.190000534057617,26.190000534057617,26.190000534057617,26.190000534057617,381,0.0,0.0
2023-01-26 12:30:00-05:00,26.309999465942383,26.719999313354492,26.309999465942383,26.389999389648438,5852,0.0,0.0
2023-01-26 13:30:00-05:00,26.575000762939453,26.575000762939453,26.3700008392334,26.3700008392334,920,0.0,0.0
2023-01-26 14:30:00-05:00,26.3700008392334,26.420000076293945,26.350000381469727,26.420000076293945,932,0.0,0.0
2023-01-26 15:30:00-05:00,26.415000915527344,26.479999542236328,26.290000915527344,26.350000381469727,8308,0.0,0.0
2023-01-27 09:30:00-05:00,26.530000686645508,26.899999618530273,26.530000686645508,26.559999465942383,0,0.0,0.0
2023-01-27 10:30:00-05:00,26.399999618530273,26.399999618530273,26.290000915527344,26.290000915527344,985,0.0,0.0
2023-01-27 11:30:00-05:00,26.520000457763672,26.520000457763672,26.399999618530273,26.420000076293945,2549,0.0,0.0
2023-01-27 12:30:00-05:00,26.5531005859375,26.5531005859375,26.399999618530273,26.399999618530273,805,0.0,0.0
2023-01-27 14:30:00-05:00,26.584999084472656,26.584999084472656,26.440000534057617,26.469999313354492,1625,0.0,0.0
2023-01-27 15:30:00-05:00,26.469999313354492,26.469999313354492,26.389999389648438,26.459999084472656,3025,0.0,0.0
2023-01-30 09:30:00-05:00,26.540000915527344,26.56999969482422,26.510000228881836,26.559999465942383,2683,0.0,0.0
2023-01-30 10:30:00-05:00,26.729999542236328,26.739999771118164,26.729999542236328,26.739999771118164,417,0.0,0.0
2023-01-30 11:30:00-05:00,26.780000686645508,26.850000381469727,26.780000686645508,26.780000686645508,1064,0.0,0.0
2023-01-30 12:30:00-05:00,26.530000686645508,27.398399353027344,26.530000686645508,26.65999984741211,1759,0.0,0.0
2023-01-30 14:30:00-05:00,26.610000610351562,26.610000610351562,26.610000610351562,26.610000610351562,375,0.0,0.0
2023-01-30 15:30:00-05:00,26.780099868774414,26.899999618530273,26.530000686645508,26.68000030517578,6099,0.0,0.0
2023-01-31 09:30:00-05:00,26.62350082397461,26.81999969482422,26.62350082397461,26.71500015258789,1898,0.0,0.0
2023-01-31 10:30:00-05:00,26.799999237060547,26.799999237060547,26.799999237060547,26.799999237060547,229,0.0,0.0
2023-01-31 11:30:00-05:00,26.799999237060547,26.81999969482422,26.790000915527344,26.790000915527344,1561,0.0,0.0
2023-01-31 12:30:00-05:00,26.850000381469727,26.860000610351562,26.795000076293945,26.799999237060547,1850,0.0,0.0
2023-01-31 13:30:00-05:00,26.799999237060547,26.8700008392334,26.75,26.799999237060547,2548,0.0,0.0
2023-01-31 14:30:00-05:00,26.774999618530273,27.229999542236328,26.774999618530273,27.204999923706055,19447,0.0,0.0
2023-01-31 15:30:00-05:00,27.149999618530273,27.15999984741211,26.97010040283203,27.040000915527344,5955,0.0,0.0
2023-02-01 09:30:00-05:00,27.06999969482422,27.06999969482422,26.969999313354492,26.969999313354492,2199,0.0,0.0
2023-02-01 12:30:00-05:00,27.18000030517578,27.25,27.18000030517578,27.25,986,0.0,0.0
2023-02-01 13:30:00-05:00,27.002700805664062,27.360000610351562,27.0,27.0,3037,0.0,0.0
2023-02-01 14:30:00-05:00,27.0,27.219999313354492,27.0,27.1200008392334,7906,0.0,0.0
2023-02-01 15:30:00-05:00,27.360000610351562,27.514999389648438,27.059999465942383,27.200000762939453,9248,0.0,0.0
2023-02-02 09:30:00-05:00,27.290000915527344,27.399999618530273,27.290000915527344,27.399999618530273,1078,0.0,0.0
2023-02-02 10:30:00-05:00,27.479999542236328,27.549999237060547,27.374000549316406,27.479999542236328,2161,0.0,0.0
2023-02-02 11:30:00-05:00,27.399999618530273,27.399999618530273,27.280000686645508,27.280000686645508,1186,0.0,0.0
2023-02-02 12:30:00-05:00,27.329999923706055,27.329999923706055,27.040000915527344,27.049999237060547,5413,0.0,0.0
2023-02-02 13:30:00-05:00,27.09000015258789,27.200000762939453,27.010000228881836,27.020000457763672,7364,0.0,0.0
2023-02-02 14:30:00-05:00,26.950000762939453,27.219999313354492,26.920000076293945,27.200000762939453,5676,0.0,0.0
2023-02-02 15:30:00-05:00,27.454999923706055,27.600000381469727,27.239999771118164,27.59000015258789,4595,0.0,0.0
2023-02-03 09:30:00-05:00,27.399999618530273,27.579999923706055,27.34000015258789,27.579999923706055,1626,0.0,0.0
2023-02-03 10:30:00-05:00,27.690000534057617,27.719999313354492,27.56999969482422,27.56999969482422,1358,0.0,0.0
2023-02-03 11:30:00-05:00,27.790000915527344,27.854999542236328,27.790000915527344,27.790000915527344,2885,0.0,0.0
2023-02-03 12:30:00-05:00,27.6200008392334,27.729999542236328,27.479999542236328,27.56999969482422,8012,0.0,0.0
2023-02-03 13:30:00-05:00,27.59000015258789,27.920000076293945,27.59000015258789,27.899999618530273,1877,0.0,0.0
2023-02-03 14:30:00-05:00,27.8799991607666,28.229999542236328,27.8799991607666,28.229999542236328,4384,0.0,0.0
2023-02-03 15:30:00-05:00,28.25,28.3799991607666,28.190000534057617,28.229999542236328,9429,0.0,0.0
2023-02-06 09:30:00-05:00,28.209999084472656,28.239999771118164,27.700000762939453,27.795000076293945,3097,0.0,0.0
2023-02-06 10:30:00-05:00,27.815000534057617,27.815000534057617,27.815000534057617,27.815000534057617,964,0.0,0.0
2023-02-06 12:30:00-05:00,27.889999389648438,27.889999389648438,27.889999389648438,27.889999389648438,213,0.0,0.0
2023-02-06 13:30:00-05:00,27.8799991607666,27.8799991607666,27.690000534057617,27.700000762939453,1758,0.0,0.0
2023-02-06 14:30:00-05:00,27.40999984741211,27.40999984741211,27.399999618530273,27.40999984741211,367,0.0,0.0
2023-02-06 15:30:00-05:00,27.459999084472656,27.829999923706055,27.459999084472656,27.829999923706055,14551,0.0,0.0
2023-02-07 09:30:00-05:00,27.559999465942383,27.610000610351562,27.559999465942383,27.610000610351562,521,0.0,0.0
2023-02-07 11:30:00-05:00,27.549999237060547,27.649999618530273,27.549999237060547,27.649999618530273,4167,0.0,0.0
2023-02-07 12:30:00-05:00,27.780000686645508,27.854999542236328,27.584999084472656,27.584999084472656,3462,0.0,0.0
2023-02-07 13:30:00-05:00,27.479999542236328,27.670000076293945,27.450000762939453,27.65999984741211,2950,0.0,0.0
2023-02-07 14:30:00-05:00,27.6200008392334,27.700000762939453,27.59000015258789,27.649999618530273,2414,0.0,0.0
2023-02-07 15:30:00-05:00,27.639999389648438,27.834999084472656,27.639999389648438,27.739999771118164,5693,0.0,0.0
2023-02-08 09:30:00-05:00,27.56999969482422,27.56999969482422,27.56999969482422,27.56999969482422,250,0.0,0.0
2023-02-08 10:30:00-05:00,27.579999923706055,27.579999923706055,27.559999465942383,27.559999465942383,1058,0.0,0.0
2023-02-08 11:30:00-05:00,27.555099487304688,27.555099487304688,27.555099487304688,27.555099487304688,235,0.0,0.0
2023-02-08 12:30:00-05:00,27.260000228881836,27.360000610351562,27.15999984741211,27.170000076293945,3188,0.0,0.0
2023-02-08 13:30:00-05:00,27.184999465942383,27.184999465942383,27.0,27.0,4770,0.0,0.0
2023-02-08 14:30:00-05:00,27.010000228881836,27.1200008392334,26.93000030517578,27.110000610351562,3113,0.0,0.0
2023-02-08 15:30:00-05:00,27.135000228881836,27.190000534057617,27.010000228881836,27.190000534057617,5208,0.0,0.0
2023-02-09 09:30:00-05:00,27.09000015258789,27.21500015258789,27.09000015258789,27.190000534057617,0,0.0,0.0
2023-02-09 10:30:00-05:00,27.170000076293945,27.170000076293945,27.010000228881836,27.049999237060547,2318,0.0,0.0
2023-02-09 11:30:00-05:00,27.010000228881836,27.075000762939453,27.0,27.075000762939453,3782,0.0,0.0
2023-02-09 12:30:00-05:00,27.010000228881836,27.170000076293945,27.010000228881836,27.09000015258789,3634,0.0,0.0
2023-02-09 13:30:00-05:00,27.049999237060547,27.049999237060547,27.0049991607666,27.0049991607666,2715,0.0,0.0
2023-02-09 14:30:00-05:00,27.010000228881836,27.100000381469727,27.010000228881836,27.100000381469727,668,0.0,0.0
2023-02-09 15:30:00-05:00,27.079999923706055,27.200000762939453,27.079999923706055,27.1299991607666,8910,0.0,0.0
2023-02-10 10:30:00-05:00,27.18000030517578,27.309999465942383,27.18000030517578,27.309999465942383,1179,0.0,0.0
2023-02-10 11:30:00-05:00,27.274999618530273,27.329999923706055,27.18000030517578,27.235000610351562,2768,0.0,0.0
2023-02-10 12:30:00-05:00,27.309999465942383,27.309999465942383,27.229999542236328,27.229999542236328,6022,0.0,0.0
2023-02-10 13:30:00-05:00,27.100000381469727,27.149999618530273,27.100000381469727,27.149999618530273,1167,0.0,0.0
2023-02-10 14:30:00-05:00,27.3799991607666,27.3799991607666,27.290000915527344,27.299999237060547,1546,0.0,0.0
2023-02-10 15:30:00-05:00,27.25,27.389999389648438,27.25,27.31999969482422,3664,0.0,0.0
2023-02-13 09:30:00-05:00,27.309999465942383,27.309999465942383,27.299999237060547,27.299999237060547,836,0.0,0.0
2023-02-13 10:30:00-05:00,27.540000915527344,27.540000915527344,27.540000915527344,27.540000915527344,288,0.0,0.0
2023-02-13 11:30:00-05:00,27.475000381469727,27.510000228881836,27.475000381469727,27.48259925842285,544,0.0,0.0
2023-02-13 12:30:00-05:00,27.459999084472656,27.56999969482422,27.459999084472656,27.56999969482422,576,0.0,0.0
2023-02-13 13:30:00-05:00,27.479000091552734,27.479000091552734,27.479000091552734,27.479000091552734,542,0.0,0.0
2023-02-13 14:30:00-05:00,27.41010093688965,27.489999771118164,27.41010093688965,27.489999771118164,910,0.0,0.0
2023-02-13 15:30:00-05:00,27.4950008392334,27.6299991607666,27.440000534057617,27.579999923706055,3559,0.0,0.0
2023-02-14 09:30:00-05:00,27.6299991607666,27.6299991607666,27.399999618530273,27.600000381469727,2255,0.0,0.0
2023-02-14 10:30:00-05:00,27.489999771118164,27.5093994140625,27.399999618530273,27.5,2193,0.0,0.0
2023-02-14 11:30:00-05:00,27.350000381469727,27.389999389648438,27.350000381469727,27.389999389648438,1700,0.0,0.0
2023-02-14 12:30:00-05:00,27.540000915527344,27.600000381469727,27.540000915527344,27.600000381469727,334,0.0,0.0
2023-02-14 13:30:00-05:00,27.489999771118164,27.608699798583984,27.469999313354492,27.608699798583984,3821,0.0,0.0
2023-02-14 14:30:00-05:00,27.545000076293945,27.545000076293945,27.545000076293945,27.545000076293945,733,0.0,0.0
2023-02-14 15:30:00-05:00,27.549999237060547,27.549999237060547,27.350000381469727,27.440000534057617,6445,0.0,0.0
2023-02-15 09:30:00-05:00,27.309999465942383,27.549999237060547,27.200000762939453,27.549999237060547,3829,0.0,0.0
2023-02-15 10:30:00-05:00,27.670000076293945,27.969999313354492,27.670000076293945,27.969999313354492,962,0.0,0.0
2023-02-15 11:30:00-05:00,27.979999542236328,28.0,27.799999237060547,27.8799991607666,1800,0.0,0.0
2023-02-15 12:30:00-05:00,27.809999465942383,27.889999389648438,27.799999237060547,27.889999389648438,1401,0.0,0.0
2023-02-15 13:30:00-05:00,27.885000228881836,27.969999313354492,27.885000228881836,27.940000534057617,1761,0.0,0.0
2023-02-15 14:30:00-05:00,27.969999313354492,27.969999313354492,27.875,27.875,2044,0.0,0.0
2023-02-15 15:30:00-05:00,27.860000610351562,27.875,27.729999542236328,27.739999771118164,5159,0.0,0.0
2023-02-16 09:30:00-05:00,27.6200008392334,27.6299991607666,27.6200008392334,27.6299991607666,759,0.0,0.0
2023-02-16 10:30:00-05:00,27.690000534057617,27.690000534057617,27.690000534057617,27.690000534057617,431,0.0,0.0
2023-02-16 11:30:00-05:00,27.739999771118164,27.739999771118164,27.739999771118164,27.739999771118164,950,0.0,0.0
2023-02-16 14:30:00-05:00,27.665000915527344,27.665000915527344,27.395000457763672,27.43000030517578,11189,0.0,0.0
2023-02-16 15:30:00-05:00,27.399999618530273,27.489999771118164,27.3799991607666,27.3799991607666,8308,0.0,0.0
2023-02-17 09:30:00-05:00,27.6299991607666,27.6299991607666,27.540000915527344,27.540000915527344,6044,0.0,0.0
2023-02-17 10:30:00-05:00,27.530000686645508,27.611000061035156,27.479999542236328,27.479999542236328,4138,0.0,0.0
2023-02-17 11:30:00-05:00,27.469999313354492,27.469999313354492,27.469999313354492,27.469999313354492,332,0.0,0.0
2023-02-17 12:30:00-05:00,27.479999542236328,27.5,27.479999542236328,27.5,987,0.0,0.0
2023-02-17 14:30:00-05:00,27.594999313354492,27.6299991607666,27.59000015258789,27.6299991607666,1110,0.0,0.0
2023-02-17 15:30:00-05:00,27.6200008392334,27.649999618530273,27.6200008392334,27.639999389648438,922,0.0,0.0
2023-02-21 09:30:00-05:00,27.459999084472656,27.459999084472656,27.250099182128906,27.350000381469727,1306,0.0,0.0
2023-02-21 11:30:00-05:00,27.350000381469727,27.389999389648438,27.350000381469727,27.389999389648438,1622,0.0,0.0
2023-02-21 12:30:00-05:00,27.40999984741211,27.40999984741211,27.325000762939453,27.325000762939453,856,0.0,0.0
2023-02-21 13:30:00-05:00,27.239999771118164,27.274999618530273,27.239999771118164,27.274999618530273,550,0.0,0.0
2023-02-21 14:30:00-05:00,27.18720054626465,27.40999984741211,27.18720054626465,27.350000381469727,2313,0.0,0.0
2023-02-21 15:30:00-05:00,27.3700008392334,27.3700008392334,27.229999542236328,27.229999542236328,2431,0.0,0.0
2023-02-22 09:30:00-05:00,27.25,27.25,27.1299991607666,27.1299991607666,1444,0.0,0.0
2023-02-22 10:30:00-05:00,27.110000610351562,27.170000076293945,27.100000381469727,27.170000076293945,2761,0.0,0.0
2023-02-22 11:30:00-05:00,27.174999237060547,27.190000534057617,27.170000076293945,27.170000076293945,1616,0.0,0.0
2023-02-22 12:30:00-05:00,27.190000534057617,27.190000534057617,27.190000534057617,27.190000534057617,688,0.0,0.0
2023-02-22 13:30:00-05:00,27.100000381469727,27.100000381469727,27.010000228881836,27.079999923706055,2363,0.0,0.0
2023-02-22 14:30:00-05:00,27.049999237060547,27.05500030517578,26.969999313354492,27.010000228881836,4197,0.0,0.0
2023-02-22 15:30:00-05:00,27.024999618530273,27.219999313354492,27.010000228881836,27.190000534057617,14368,0.0,0.0
2023-02-23 10:30:00-05:00,27.139999389648438,27.139999389648438,27.139999389648438,27.139999389648438,758,0.0,0.0
2023-02-23 11:30:00-05:00,27.200000762939453,27.200000762939453,27.200000762939453,27.200000762939453,281,0.0,0.0
2023-02-23 12:30:00-05:00,27.06999969482422,27.06999969482422,27.010000228881836,27.010000228881836,4377,0.0,0.0
2023-02-23 14:30:00-05:00,27.239999771118164,27.239999771118164,27.239999771118164,27.239999771118164,292,0.0,0.0
2023-02-23 15:30:00-05:00,27.270000457763672,27.31999969482422,27.100000381469727,27.229999542236328,1927,0.0,0.0
2023-02-24 09:30:00-05:00,27.114999771118164,27.114999771118164,27.010000228881836,27.030000686645508,3192,0.0,0.0
2023-02-24 10:30:00-05:00,26.8799991607666,27.139999389648438,26.829999923706055,27.139999389648438,1906,0.0,0.0
2023-02-24 11:30:00-05:00,27.170000076293945,27.170000076293945,27.079999923706055,27.079999923706055,2695,0.0,0.0
2023-02-24 12:30:00-05:00,27.049999237060547,27.049999237060547,26.979999542236328,26.979999542236328,1217,0.0,0.0
2023-02-24 13:30:00-05:00,26.989999771118164,27.170000076293945,26.950000762939453,27.15999984741211,2650,0.0,0.0
2023-02-24 14:30:00-05:00,27.18000030517578,27.25,27.178499221801758,27.200000762939453,5531,0.0,0.0
2023-02-24 15:30:00-05:00,27.209999084472656,27.290000915527344,27.149999618530273,27.25,4475,0.0,0.0
2023-02-27 09:30:00-05:00,27.420000076293945,27.59000015258789,27.389999389648438,27.559999465942383,2774,0.0,0.0
2023-02-27 10:30:00-05:00,27.56999969482422,27.56999969482422,27.450000762939453,27.450000762939453,1697,0.0,0.0
2023-02-27 11:30:00-05:00,27.34000015258789,27.450000762939453,27.34000015258789,27.440000534057617,1772,0.0,0.0
2023-02-27 13:30:00-05:00,27.3799991607666,27.3799991607666,27.270000457763672,27.270000457763672,819,0.0,0.0
2023-02-27 14:30:00-05:00,27.270000457763672,27.290000915527344,27.270000457763672,27.290000915527344,478,0.0,0.0
2023-02-27 15:30:00-05:00,27.25,27.299999237060547,27.13159942626953,27.219999313354492,4734,0.0,0.0
2023-02-28 09:30:00-05:00,27.399999618530273,27.40999984741211,27.309999465942383,27.371599197387695,2080,0.0,0.0
2023-02-28 10:30:00-05:00,27.469999313354492,27.469999313354492,27.399999618530273,27.399999618530273,889,0.0,0.0
2023-02-28 12:30:00-05:00,27.3799991607666,27.440000534057617,27.3799991607666,27.434999465942383,1057,0.0,0.0
2023-02-28 13:30:00-05:00,27.43000030517578,27.489999771118164,27.420000076293945,27.459999084472656,2147,0.0,0.0
2023-02-28 14:30:00-05:00,27.467500686645508,27.469999313354492,27.43000030517578,27.450000762939453,1558,0.0,0.0
2023-02-28 15:30:00-05:00,27.350000381469727,27.440000534057617,27.280000686645508,27.309999465942383,6127,0.0,0.0
2023-03-01 09:30:00-05:00,27.1200008392334,27.200000762939453,27.1200008392334,27.200000762939453,2489,0.0,0.0
2023-03-01 10:30:00-05:00,27.190000534057617,27.270000457763672,27.110000610351562,27.110000610351562,3150,0.0,0.0
2023-03-01 11:30:00-05:00,27.149999618530273,27.18000030517578,27.149999618530273,27.174999237060547,851,0.0,0.0
2023-03-01 12:30:00-05:00,27.18000030517578,27.18000030517578,27.1200008392334,27.1200008392334,1159,0.0,0.0
2023-03-01 13:30:00-05:00,27.020000457763672,27.09000015258789,27.010000228881836,27.09000015258789,4538,0.0,0.0
2023-03-01 14:30:00-05:00,27.020000457763672,27.15999984741211,27.010000228881836,27.15999984741211,2802,0.0,0.0
2023-03-01 15:30:00-05:00,27.100000381469727,27.229999542236328,27.100000381469727,27.110000610351562,3029,0.0,0.0
2023-03-02 09:30:00-05:00,27.020000457763672,27.09000015258789,26.989999771118164,27.049999237060547,4837,0.0,0.0
2023-03-02 10:30:00-05:00,27.020000457763672,27.030000686645508,27.0,27.010000228881836,2723,0.0,0.0
2023-03-02 11:30:00-05:00,27.010000228881836,27.010000228881836,26.899999618530273,26.989999771118164,6273,0.0,0.0
2023-03-02 12:30:00-05:00,27.040000915527344,27.040000915527344,26.729999542236328,26.780000686645508,7646,0.0,0.0
2023-03-02 13:30:00-05:00,26.8700008392334,26.94499969482422,26.84000015258789,26.8799991607666,17649,0.0,0.0
2023-03-02 14:30:00-05:00,26.8799991607666,26.905000686645508,26.68000030517578,26.780000686645508,38104,0.0,0.0
2023-03-02 15:30:00-05:00,26.834999084472656,27.059999465942383,26.729999542236328,27.059999465942383,20728,0.0,0.0
2023-03-03 09:30:00-05:00,27.049999237060547,27.049999237060547,26.93000030517578,26.93000030517578,754,0.0,0.0
2023-03-03 10:30:00-05:00,26.90999984741211,26.920000076293945,26.889999389648438,26.899999618530273,2625,0.0,0.0
2023-03-03 11:30:00-05:00,27.100000381469727,27.100000381469727,27.040000915527344,27.040000915527344,664,0.0,0.0
2023-03-03 12:30:00-05:00,27.139999389648438,27.200000762939453,27.049999237060547,27.09000015258789,2450,0.0,0.0
2023-03-03 13:30:00-05:00,27.09000015258789,27.252500534057617,27.041200637817383,27.252500534057617,1903,0.0,0.0
2023-03-03 14:30:00-05:00,27.09000015258789,27.190000534057617,27.09000015258789,27.15999984741211,10751,0.0,0.0
2023-03-03 15:30:00-05:00,27.15999984741211,27.170000076293945,27.06999969482422,27.1200008392334,5147,0.0,0.0
2023-03-06 09:30:00-05:00,26.92009925842285,27.219999313354492,26.92009925842285,27.139999389648438,2323,0.0,0.0
2023-03-06 10:30:00-05:00,27.020000457763672,27.094999313354492,27.010000228881836,27.030000686645508,2927,0.0,0.0
2023-03-06 11:30:00-05:00,27.040000915527344,27.09000015258789,27.0,27.079999923706055,7003,0.0,0.0
2023-03-06 12:30:00-05:00,27.079999923706055,27.09000015258789,27.0,27.03499984741211,16754,0.0,0.0
2023-03-06 13:30:00-05:00,27.010000228881836,27.024999618530273,26.979999542236328,27.010000228881836,6403,0.0,0.0
2023-03-06 14:30:00-05:00,26.979999542236328,27.030000686645508,26.979999542236328,27.010000228881836,8516,0.0,0.0
2023-03-06 15:30:00-05:00,27.010000228881836,27.010000228881836,26.90999984741211,26.969999313354492,6249,0.0,0.0
2023-03-07 09:30:00-05:00,26.950000762939453,26.9950008392334,26.90999984741211,26.969999313354492,0,0.0,0.0
2023-03-07 11:30:00-05:00,26.829999923706055,26.829999923706055,26.440000534057617,26.600000381469727,15707,0.0,0.0
2023-03-07 12:30:00-05:00,26.600000381469727,26.625,26.5049991607666,26.59000015258789,2615,0.0,0.0
2023-03-07 13:30:00-05:00,26.579999923706055,26.579999923706055,26.485000610351562,26.489999771118164,9193,0.0,0.0
2023-03-07 14:30:00-05:00,26.540000915527344,26.540000915527344,26.489999771118164,26.5,2347,0.0,0.0
2023-03-07 15:30:00-05:00,26.540000915527344,26.540000915527344,26.420000076293945,26.420000076293945,9943,0.0,0.0
2023-03-08 09:30:00-05:00,26.569299697875977,26.56999969482422,26.569299697875977,26.56999969482422,1015,0.0,0.0
2023-03-08 10:30:00-05:00,26.549999237060547,26.59000015258789,26.440000534057617,26.440000534057617,1721,0.0,0.0
2023-03-08 11:30:00-05:00,26.459999084472656,26.459999084472656,26.350000381469727,26.360000610351562,1563,0.0,0.0
2023-03-08 12:30:00-05:00,26.31999969482422,26.389999389648438,26.31999969482422,26.360000610351562,3124,0.0,0.0
2023-03-08 13:30:00-05:00,26.299999237060547,26.360000610351562,26.299999237060547,26.350000381469727,1879,0.0,0.0
2023-03-08 14:30:00-05:00,26.415000915527344,26.459999084472656,26.399999618530273,26.43000030517578,3528,0.0,0.0
2023-03-08 15:30:00-05:00,26.479999542236328,26.479999542236328,26.329999923706055,26.329999923706055,9941,0.0,0.0
2023-03-09 09:30:00-05:00,26.329999923706055,26.350000381469727,25.520000457763672,25.799999237060547,39835,0.0,0.0
2023-03-09 10:30:00-05:00,25.704999923706055,25.790000915527344,25.219999313354492,25.31999969482422,4193,0.0,0.0
2023-03-09 11:30:00-05:00,25.389999389648438,25.389999389648438,25.20009994506836,25.260000228881836,3506,0.0,0.0
2023-03-09 12:30:00-05:00,25.260000228881836,25.3700008392334,25.219999313354492,25.299999237060547,5539,0.0,0.0
2023-03-09 13:30:00-05:00,25.280000686645508,25.344999313354492,25.190000534057617,25.344999313354492,7329,0.0,0.0
2023-03-09 14:30:00-05:00,25.40999984741211,25.40999984741211,25.110000610351562,25.209999084472656,8600,0.0,0.0
2023-03-09 15:30:00-05:00,25.18000030517578,25.18000030517578,24.809999465942383,24.959999084472656,14323,0.0,0.0
2023-03-10 09:30:00-05:00,24.75,24.75,23.510000228881836,23.989999771118164,19683,0.0,0.0
2023-03-10 10:30:00-05:00,23.989999771118164,24.6200008392334,23.90999984741211,24.6200008392334,12985,0.0,0.0
2023-03-10 11:30:00-05:00,24.69499969482422,24.69499969482422,23.989999771118164,24.0,18623,0.0,0.0
2023-03-10 12:30:00-05:00,23.969999313354492,24.190000534057617,23.920000076293945,24.100000381469727,14853,0.0,0.0
2023-03-10 13:30:00-05:00,23.920000076293945,24.15999984741211,23.920000076293945,24.15999984741211,1709,0.0,0.0
2023-03-10 14:30:00-05:00,24.100000381469727,24.280000686645508,24.030000686645508,24.190000534057617,4188,0.0,0.0
2023-03-10 15:30:00-05:00,24.1299991607666,24.40999984741211,24.1299991607666,24.40999984741211,8545,0.0,0.0
2023-03-13 09:30:00-04:00,23.940000534057617,23.940000534057617,20.110000610351562,21.874900817871094,37676,0.0,0.0
2023-03-13 10:30:00-04:00,21.770000457763672,23.264999389648438,21.559999465942383,23.049999237060547,52210,0.0,0.0
2023-03-13 11:30:00-04:00,23.059999465942383,23.077499389648438,22.190000534057617,22.299999237060547,16658,0.0,0.0
2023-03-13 12:30:00-04:00,22.190000534057617,22.34000015258789,22.0,22.209999084472656,14799,0.0,0.0
2023-03-13 13:30:00-04:00,22.200000762939453,22.290000915527344,21.985000610351562,22.290000915527344,17725,0.0,0.0
2023-03-13 14:30:00-04:00,22.290000915527344,22.399900436401367,21.915000915527344,22.06999969482422,14998,0.0,0.0
2023-03-13 15:30:00-04:00,21.959999084472656,22.049999237060547,21.549999237060547,21.920000076293945,32034,0.0,0.0
2023-03-14 09:30:00-04:00,23.100000381469727,24.235000610351562,23.020000457763672,23.280000686645508,26425,0.0,0.0
2023-03-14 10:30:00-04:00,23.260000228881836,23.260000228881836,22.770000457763672,22.770000457763672,11265,0.0,0.0
2023-03-14 11:30:00-04:00,22.969999313354492,23.100000381469727,22.809999465942383,22.8700008392334,5945,0.0,0.0
2023-03-14 12:30:00-04:00,22.8700008392334,22.93000030517578,22.299999237060547,22.434999465942383,4760,0.0,0.0
2023-03-14 13:30:00-04:00,22.5049991607666,22.5049991607666,22.139999389648438,22.309999465942383,8919,0.0,0.0
2023-03-14 14:30:00-04:00,22.280000686645508,22.31999969482422,22.010000228881836,22.079999923706055,9744,0.0,0.0
2023-03-14 15:30:00-04:00,22.049999237060547,22.34000015258789,22.0049991607666,22.25,9795,0.0,0.0
2023-03-15 09:30:00-04:00,21.899999618530273,22.020000457763672,21.700000762939453,21.799999237060547,47239,0.0,0.0
2023-03-15 10:30:00-04:00,21.80500030517578,22.329999923706055,21.799999237060547,22.31999969482422,7683,0.0,0.0
2023-03-15 11:30:00-04:00,22.299999237060547,22.375,22.06999969482422,22.06999969482422,3653,0.0,0.0
2023-03-15 12:30:00-04:00,22.059999465942383,22.280000686645508,21.93000030517578,22.280000686645508,4071,0.0,0.0
2023-03-15 13:30:00-04:00,22.450000762939453,22.600000381469727,22.290000915527344,22.600000381469727,3566,0.0,0.0
2023-03-15 14:30:00-04:00,22.6200008392334,22.795000076293945,22.540000915527344,22.639999389648438,5407,0.0,0.0
2023-03-15 15:30:00-04:00,22.780000686645508,22.8700008392334,22.65999984741211,22.81999969482422,13345,0.0,0.0
2023-03-16 09:30:00-04:00,22.309999465942383,22.920000076293945,22.309999465942383,22.420000076293945,1081,0.0,0.0
2023-03-16 10:30:00-04:00,22.940000534057617,23.18000030517578,22.940000534057617,23.1200008392334,2412,0.0,0.0
2023-03-16 11:30:00-04:00,23.1200008392334,23.260000228881836,23.1200008392334,23.25,4142,0.0,0.0
2023-03-16 12:30:00-04:00,23.399999618530273,24.209999084472656,23.399999618530273,23.985000610351562,6626,0.0,0.0
2023-03-16 13:30:00-04:00,23.915000915527344,24.0,23.559999465942383,23.739999771118164,16694,0.0,0.0
2023-03-16 14:30:00-04:00,23.649999618530273,23.709999084472656,23.440000534057617,23.584999084472656,6531,0.0,0.0
2023-03-16 15:30:00-04:00,23.594999313354492,23.709999084472656,23.540000915527344,23.540000915527344,7445,0.0,0.0
2023-03-17 09:30:00-04:00,23.440000534057617,23.489999771118164,22.299999237060547,23.489999771118164,22119,0.0,0.0
2023-03-17 11:30:00-04:00,22.520000457763672,23.010000228881836,22.510000228881836,23.0,2342,0.0,0.0
2023-03-17 12:30:00-04:00,22.989999771118164,23.045000076293945,22.600000381469727,22.739999771118164,26909,0.0,0.0
2023-03-17 13:30:00-04:00,22.739999771118164,22.760000228881836,22.290000915527344,22.309999465942383,26291,0.0,0.0
2023-03-17 14:30:00-04:00,22.299999237060547,22.459999084472656,22.149999618530273,22.354999542236328,24247,0.0,0.0
2023-03-17 15:30:00-04:00,22.31999969482422,22.709999084472656,22.18000030517578,22.489999771118164,34391,0.0,0.0
2023-03-20 09:30:00-04:00,22.739999771118164,22.84000015258789,22.524999618530273,22.729999542236328,14357,0.0,0.0
2023-03-20 10:30:00-04:00,22.729999542236328,22.905000686645508,22.620100021362305,22.905000686645508,1238,0.0,0.0
2023-03-20 11:30:00-04:00,22.75,22.75,22.729999542236328,22.729999542236328,2158,0.0,0.0
2023-03-20 12:30:00-04:00,22.729999542236328,22.989999771118164,22.687599182128906,22.84000015258789,3497,0.0,0.0
2023-03-20 13:30:00-04:00,22.760000228881836,22.81999969482422,22.760000228881836,22.81999969482422,1360,0.0,0.0
2023-03-20 14:30:00-04:00,22.729999542236328,22.940000534057617,22.68000030517578,22.940000534057617,5257,0.0,0.0
2023-03-20 15:30:00-04:00,22.8799991607666,22.905000686645508,22.719999313354492,22.780000686645508,7473,0.0,0.0
2023-03-21 09:30:00-04:00,23.139999389648438,23.549999237060547,23.1200008392334,23.280000686645508,6560,0.0,0.0
2023-03-21 10:30:00-04:00,23.200000762939453,23.43000030517578,22.940000534057617,23.43000030517578,3709,0.0,0.0
2023-03-21 11:30:00-04:00,23.28499984741211,23.34000015258789,23.104999542236328,23.309999465942383,6358,0.0,0.0
2023-03-21 12:30:00-04:00,23.309999465942383,23.389999389648438,23.25,23.309999465942383,28475,0.0,0.0
2023-03-21 13:30:00-04:00,23.229999542236328,23.3700008392334,23.147499084472656,23.334999084472656,9891,0.0,0.0
2023-03-21 14:30:00-04:00,23.34000015258789,23.479999542236328,23.290000915527344,23.434999465942383,3662,0.0,0.0
2023-03-21 15:30:00-04:00,23.489999771118164,23.59000015258789,23.459999084472656,23.5,7343,0.0,0.0
2023-03-22 09:30:00-04:00,23.309999465942383,23.450000762939453,23.309999465942383,23.440000534057617,0,0.0,0.0
2023-03-22 10:30:00-04:00,23.68000030517578,23.68000030517578,23.25,23.364999771118164,4737,0.0,0.0
2023-03-22 11:30:00-04:00,23.31999969482422,23.34000015258789,23.165000915527344,23.264999389648438,3649,0.0,0.0
2023-03-22 12:30:00-04:00,23.209999084472656,23.332199096679688,23.209999084472656,23.270000457763672,1129,0.0,0.0
2023-03-22 13:30:00-04:00,23.270000457763672,23.270000457763672,23.079999923706055,23.139999389648438,2622,0.0,0.0
2023-03-22 14:30:00-04:00,23.125,23.200000762939453,22.809999465942383,22.969999313354492,25458,0.0,0.0
2023-03-22 15:30:00-04:00,22.90999984741211,22.90999984741211,22.559999465942383,22.559999465942383,10201,0.0,0.0
2023-03-23 09:30:00-04:00,22.81999969482422,23.299999237060547,22.344999313354492,22.6200008392334,8021,0.0,0.0
2023-03-23 10:30:00-04:00,22.479999542236328,22.479999542236328,22.360000610351562,22.43000030517578,3327,0.0,0.0
2023-03-23 11:30:00-04:00,22.360000610351562,22.43000030517578,22.110000610351562,22.31999969482422,39417,0.0,0.0
2023-03-23 12:30:00-04:00,22.260000228881836,22.325000762939453,22.170000076293945,22.290000915527344,13185,0.0,0.0
2023-03-23 13:30:00-04:00,22.360000610351562,22.389999389648438,22.2450008392334,22.270000457763672,3279,0.0,0.0
2023-03-23 14:30:00-04:00,22.270000457763672,22.709999084472656,22.219999313354492,22.489999771118164,15876,0.0,0.0
2023-03-23 15:30:00-04:00,22.399999618530273,22.719999313354492,22.399999618530273,22.639999389648438,10075,0.0,0.0
2023-03-24 09:30:00-04:00,22.5,22.709999084472656,22.25,22.709999084472656,7167,0.0,0.0
2023-03-24 11:30:00-04:00,22.950000762939453,23.1200008392334,22.950000762939453,23.049999237060547,2948,0.0,0.0
2023-03-24 12:30:00-04:00,23.040000915527344,23.149999618530273,22.93000030517578,22.969999313354492,4283,0.0,0.0
2023-03-24 13:30:00-04:00,23.040000915527344,23.25,23.040000915527344,23.204999923706055,3454,0.0,0.0
2023-03-24 14:30:00-04:00,23.229999542236328,23.229999542236328,23.059999465942383,23.190000534057617,4432,0.0,0.0
2023-03-24 15:30:00-04:00,23.229999542236328,23.299999237060547,23.139999389648438,23.25,11952,0.0,0.0
2023-03-27 09:30:00-04:00,23.549999237060547,23.709999084472656,23.299999237060547,23.450000762939453,2905,0.0,0.0
2023-03-27 10:30:00-04:00,23.3799991607666,23.5,23.3799991607666,23.479999542236328,1684,0.0,0.0
2023-03-27 11:30:00-04:00,23.510000228881836,23.600000381469727,23.489999771118164,23.549999237060547,2353,0.0,0.0
2023-03-27 12:30:00-04:00,23.600000381469727,23.68000030517578,23.56999969482422,23.65999984741211,2373,0.0,0.0
2023-03-27 13:30:00-04:00,23.728300094604492,23.790000915527344,23.68000030517578,23.774999618530273,3357,0.0,0.0
2023-03-27 14:30:00-04:00,23.75,23.825000762939453,23.559999465942383,23.709999084472656,16340,0.0,0.0
2023-03-27 15:30:00-04:00,23.68000030517578,23.68000030517578,23.40999984741211,23.450000762939453,7160,0.0,0.0
2023-03-28 09:30:00-04:00,23.420000076293945,23.549999237060547,23.31999969482422,23.549999237060547,1853,0.0,0.0
2023-03-28 10:30:00-04:00,23.540000915527344,23.540000915527344,23.40999984741211,23.450000762939453,4013,0.0,0.0
2023-03-28 11:30:00-04:00,23.43000030517578,23.459999084472656,23.399999618530273,23.459999084472656,1945,0.0,0.0
2023-03-28 12:30:00-04:00,23.43000030517578,23.43000030517578,23.139999389648438,23.139999389648438,7629,0.0,0.0
2023-03-28 13:30:00-04:00,23.149999618530273,23.239999771118164,23.110000610351562,23.239999771118164,2694,0.0,0.0
2023-03-28 14:30:00-04:00,23.209999084472656,23.290000915527344,23.15999984741211,23.239999771118164,2536,0.0,0.0
2023-03-28 15:30:00-04:00,23.229999542236328,23.299999237060547,23.190000534057617,23.235000610351562,8617,0.0,0.0
2023-03-29 09:30:00-04:00,23.360000610351562,23.360000610351562,23.229999542236328,23.359100341796875,1976,0.0,0.0
2023-03-29 10:30:00-04:00,23.18000030517578,23.260000228881836,22.96500015258789,23.049999237060547,21401,0.0,0.0
2023-03-29 11:30:00-04:00,23.079999923706055,23.1299991607666,23.079999923706055,23.1299991607666,751,0.0,0.0
2023-03-29 12:30:00-04:00,23.079999923706055,23.235000610351562,23.079999923706055,23.235000610351562,1504,0.0,0.0
2023-03-29 13:30:00-04:00,23.149999618530273,23.149999618530273,23.049999237060547,23.079999923706055,3028,0.0,0.0
2023-03-29 14:30:00-04:00,23.100000381469727,23.145000457763672,23.000099182128906,23.1200008392334,12679,0.0,0.0
2023-03-29 15:30:00-04:00,23.25,23.360000610351562,23.25,23.309999465942383,6898,0.0,0.0
2023-03-30 09:30:00-04:00,23.40999984741211,23.40999984741211,23.229999542236328,23.25,1326,0.0,0.0
2023-03-30 10:30:00-04:00,23.299999237060547,23.329999923706055,23.239999771118164,23.299999237060547,5381,0.0,0.0
2023-03-30 11:30:00-04:00,23.299999237060547,23.309999465942383,23.260000228881836,23.309999465942383,4312,0.0,0.0
2023-03-30 12:30:00-04:00,23.280000686645508,23.31999969482422,22.989999771118164,22.989999771118164,5376,0.0,0.0
2023-03-30 13:30:00-04:00,23.110000610351562,23.15999984741211,22.860000610351562,22.889999389648438,28631,0.0,0.0
2023-03-30 14:30:00-04:00,22.84000015258789,22.84000015258789,22.55500030517578,22.690000534057617,9345,0.0,0.0
2023-03-30 15:30:00-04:00,22.829999923706055,22.860000610351562,22.719999313354492,22.719999313354492,18454,0.0,0.0
2023-03-31 09:30:00-04:00,22.860000610351562,23.049999237060547,22.739999771118164,22.920000076293945,2190,0.0,0.0
2023-03-31 10:30:00-04:00,22.8799991607666,23.219999313354492,22.8799991607666,23.209999084472656,1405,0.0,0.0
2023-03-31 11:30:00-04:00,23.200000762939453,23.200000762939453,22.940000534057617,22.950000762939453,3880,0.0,0.0
2023-03-31 12:30:00-04:00,22.920000076293945,22.950000762939453,22.889999389648438,22.90999984741211,5655,0.0,0.0
2023-03-31 13:30:00-04:00,22.899999618530273,22.90999984741211,22.670000076293945,22.75,9129,0.0,0.0
2023-03-31 14:30:00-04:00,22.799999237060547,22.950000762939453,22.739999771118164,22.94499969482422,3702,0.0,0.0
2023-03-31 15:30:00-04:00,23.0,23.270000457763672,22.8700008392334,23.1200008392334,28579,0.0,0.0
2023-04-03 09:30:00-04:00,23.1299991607666,23.219999313354492,23.079999923706055,23.219999313354492,1207,0.0,0.0
2023-04-03 10:30:00-04:00,23.139999389648438,23.209999084472656,22.65999984741211,22.65999984741211,3374,0.0,0.0
2023-04-03 11:30:00-04:00,22.90999984741211,23.200000762939453,22.90999984741211,23.09000015258789,8752,0.0,0.0
2023-04-03 12:30:00-04:00,23.15999984741211,23.270000457763672,23.0,23.239999771118164,12692,0.0,0.0
2023-04-03 13:30:00-04:00,23.25,23.34000015258789,23.18000030517578,23.329999923706055,8016,0.0,0.0
2023-04-03 14:30:00-04:00,23.360000610351562,23.440000534057617,23.309999465942383,23.34000015258789,10091,0.0,0.0
2023-04-03 15:30:00-04:00,23.375,23.540000915527344,23.329999923706055,23.469999313354492,20182,0.0,0.0
2023-04-04 09:30:00-04:00,23.459999084472656,23.459999084472656,22.90999984741211,22.90999984741211,1468,0.0,0.0
2023-04-04 10:30:00-04:00,22.790000915527344,22.799999237060547,22.65999984741211,22.704999923706055,4197,0.0,0.0
2023-04-04 11:30:00-04:00,22.690000534057617,22.770000457763672,22.670000076293945,22.719999313354492,4102,0.0,0.0
2023-04-04 12:30:00-04:00,22.709999084472656,22.729999542236328,22.709999084472656,22.719999313354492,1076,0.0,0.0
2023-04-04 13:30:00-04:00,22.724000930786133,22.724000930786133,22.690000534057617,22.690000534057617,1807,0.0,0.0
2023-04-04 14:30:00-04:00,22.68000030517578,22.690000534057617,22.59000015258789,22.690000534057617,4395,0.0,0.0
2023-04-04 15:30:00-04:00,22.690000534057617,22.950000762939453,22.674999237060547,22.8799991607666,10371,0.0,0.0
2023-04-05 09:30:00-04:00,22.690000534057617,23.610000610351562,22.510000228881836,22.84000015258789,6213,0.0,0.0
2023-04-05 10:30:00-04:00,22.780000686645508,22.799999237060547,22.719999313354492,22.729999542236328,3084,0.0,0.0
2023-04-05 11:30:00-04:00,22.684999465942383,22.700000762939453,22.625,22.625,2171,0.0,0.0
2023-04-05 12:30:00-04:00,22.700000762939453,22.809999465942383,22.700000762939453,22.809999465942383,2313,0.0,0.0
2023-04-05 13:30:00-04:00,22.829999923706055,22.84000015258789,22.6299991607666,22.790000915527344,2727,0.0,0.0
2023-04-05 14:30:00-04:00,22.790000915527344,22.790000915527344,22.709999084472656,22.760000228881836,2845,0.0,0.0
2023-04-05 15:30:00-04:00,22.690000534057617,22.829999923706055,22.690000534057617,22.790000915527344,4035,0.0,0.0
2023-04-06 09:30:00-04:00,22.729999542236328,22.8700008392334,22.559999465942383,22.610000610351562,2055,0.0,0.0
2023-04-06 10:30:00-04:00,22.647499084472656,22.700000762939453,22.600000381469727,22.690000534057617,1325,0.0,0.0
2023-04-06 11:30:00-04:00,22.690000534057617,22.777099609375,22.690000534057617,22.777099609375,2009,0.0,0.0
2023-04-06 12:30:00-04:00,22.584999084472656,22.690000534057617,22.584999084472656,22.690000534057617,1186,0.0,0.0
2023-04-06 13:30:00-04:00,22.790000915527344,22.790000915527344,22.790000915527344,22.790000915527344,876,0.0,0.0
2023-04-06 14:30:00-04:00,22.863800048828125,22.863800048828125,22.719999313354492,22.719999313354492,861,0.0,0.0
2023-04-06 15:30:00-04:00,22.690000534057617,22.790000915527344,22.670000076293945,22.770000457763672,7610,0.0,0.0
2023-04-10 09:30:00-04:00,22.969999313354492,22.969999313354492,22.75,22.790000915527344,1284,0.0,0.0
2023-04-10 10:30:00-04:00,22.790000915527344,22.790000915527344,22.559999465942383,22.614999771118164,24053,0.0,0.0
2023-04-10 11:30:00-04:00,22.614999771118164,22.709999084472656,22.579999923706055,22.610000610351562,11401,0.0,0.0
2023-04-10 12:30:00-04:00,22.59000015258789,22.700000762939453,22.56999969482422,22.649999618530273,13672,0.0,0.0
2023-04-10 13:30:00-04:00,22.600000381469727,22.68000030517578,22.600000381469727,22.600000381469727,3727,0.0,0.0
2023-04-10 14:30:00-04:00,22.639999389648438,22.719999313354492,22.600000381469727,22.600000381469727,4995,0.0,0.0
2023-04-10 15:30:00-04:00,22.639999389648438,22.649999618530273,22.559999465942383,22.610000610351562,8146,0.0,0.0
2023-04-11 09:30:00-04:00,22.610000610351562,22.795000076293945,22.40999984741211,22.40999984741211,5842,0.0,0.0
2023-04-11 10:30:00-04:00,22.34000015258789,22.360000610351562,22.219999313354492,22.34000015258789,12493,0.0,0.0
2023-04-11 11:30:00-04:00,22.510000228881836,22.600000381469727,22.440000534057617,22.600000381469727,2893,0.0,0.0
2023-04-11 12:30:00-04:00,22.6200008392334,22.6200008392334,22.559999465942383,22.559999465942383,996,0.0,0.0
2023-04-11 13:30:00-04:00,22.579999923706055,22.579999923706055,22.450000762939453,22.450000762939453,2700,0.0,0.0
2023-04-11 14:30:00-04:00,22.479999542236328,22.540000915527344,22.424999237060547,22.450000762939453,4574,0.0,0.0
2023-04-11 15:30:00-04:00,22.415000915527344,22.415000915527344,22.280000686645508,22.40999984741211,10194,0.0,0.0
2023-04-12 09:30:00-04:00,22.389999389648438,22.450000762939453,22.389999389648438,22.450000762939453,1764,0.0,0.0
2023-04-12 10:30:00-04:00,22.510000228881836,22.510000228881836,22.405000686645508,22.405000686645508,1539,0.0,0.0
2023-04-12 11:30:00-04:00,22.489999771118164,22.520000457763672,22.489999771118164,22.520000457763672,1305,0.0,0.0
2023-04-12 12:30:00-04:00,22.440000534057617,22.530000686645508,22.440000534057617,22.4950008392334,974,0.0,0.0
2023-04-12 13:30:00-04:00,22.559999465942383,22.56999969482422,22.450000762939453,22.5,6274,0.0,0.0
2023-04-12 14:30:00-04:00,22.4950008392334,22.4950008392334,22.450000762939453,22.450000762939453,4965,0.0,0.0
2023-04-12 15:30:00-04:00,22.405000686645508,22.450000762939453,22.350000381469727,22.40999984741211,4611,0.0,0.0
2023-04-13 10:30:00-04:00,22.600000381469727,22.600000381469727,22.540000915527344,22.579999923706055,1412,0.0,0.0
2023-04-13 11:30:00-04:00,22.56999969482422,22.600000381469727,22.559999465942383,22.59000015258789,2132,0.0,0.0
2023-04-13 12:30:00-04:00,22.639999389648438,22.649999618530273,22.639999389648438,22.639999389648438,883,0.0,0.0
2023-04-13 13:30:00-04:00,22.670000076293945,22.670000076293945,22.670000076293945,22.670000076293945,387,0.0,0.0
2023-04-13 14:30:00-04:00,22.600099563598633,22.700000762939453,22.600099563598633,22.639999389648438,1925,0.0,0.0
2023-04-13 15:30:00-04:00,22.56999969482422,22.670000076293945,22.55500030517578,22.600000381469727,4410,0.0,0.0
2023-04-14 09:30:00-04:00,22.889999389648438,22.889999389648438,22.774999618530273,22.774999618530273,435,0.0,0.0
2023-04-14 10:30:00-04:00,22.405000686645508,22.549999237060547,22.309999465942383,22.469999313354492,1378,0.0,0.0
2023-04-14 11:30:00-04:00,22.469999313354492,22.549999237060547,22.46739959716797,22.46739959716797,4537,0.0,0.0
2023-04-14 12:30:00-04:00,22.440000534057617,22.549999237060547,22.360000610351562,22.360000610351562,2815,0.0,0.0
2023-04-14 13:30:00-04:00,22.34000015258789,22.389999389648438,22.34000015258789,22.3799991607666,646,0.0,0.0
2023-04-14 14:30:00-04:00,22.3799991607666,22.440000534057617,22.3700008392334,22.389999389648438,2598,0.0,0.0
2023-04-14 15:30:00-04:00,22.3700008392334,22.489999771118164,22.3700008392334,22.450000762939453,4128,0.0,0.0
2023-04-17 09:30:00-04:00,22.389999389648438,23.131500244140625,22.31999969482422,22.389999389648438,1271,0.0,0.0
2023-04-17 10:30:00-04:00,22.389999389648438,22.600000381469727,22.375,22.59000015258789,5702,0.0,0.0
2023-04-17 11:30:00-04:00,22.43000030517578,22.549999237060547,22.360000610351562,22.508699417114258,2075,0.0,0.0
2023-04-17 12:30:00-04:00,22.520000457763672,22.530000686645508,22.440000534057617,22.530000686645508,1513,0.0,0.0
2023-04-17 13:30:00-04:00,22.440000534057617,22.6200008392334,22.440000534057617,22.6200008392334,1681,0.0,0.0
2023-04-17 14:30:00-04:00,22.575000762939453,22.729999542236328,22.575000762939453,22.690000534057617,1661,0.0,0.0
2023-04-17 15:30:00-04:00,22.649999618530273,22.649999618530273,22.479999542236328,22.579999923706055,6743,0.0,0.0
2023-04-18 09:30:00-04:00,22.56999969482422,22.56999969482422,22.329999923706055,22.389999389648438,0,0.0,0.0
2023-04-18 10:30:00-04:00,22.389999389648438,22.399999618530273,22.174999237060547,22.21500015258789,10077,0.0,0.0
2023-04-18 11:30:00-04:00,22.200000762939453,22.260000228881836,22.110000610351562,22.1299991607666,6154,0.0,0.0
2023-04-18 12:30:00-04:00,22.06999969482422,22.100000381469727,22.0,22.040000915527344,4705,0.0,0.0
2023-04-18 13:30:00-04:00,22.020000457763672,22.045000076293945,21.90999984741211,21.90999984741211,3669,0.0,0.0
2023-04-18 14:30:00-04:00,21.940000534057617,22.059999465942383,21.889999389648438,22.040000915527344,2651,0.0,0.0
2023-04-18 15:30:00-04:00,22.06999969482422,22.139999389648438,22.0,22.084999084472656,7862,0.0,0.0
2023-04-19 09:30:00-04:00,22.18000030517578,22.280000686645508,22.030000686645508,22.280000686645508,3156,0.0,0.0
2023-04-19 11:30:00-04:00,22.229999542236328,22.309999465942383,22.200000762939453,22.200000762939453,3210,0.0,0.0
2023-04-19 12:30:00-04:00,22.209999084472656,22.450000762939453,22.209999084472656,22.389999389648438,4023,0.0,0.0
2023-04-19 13:30:00-04:00,22.450000762939453,22.59000015258789,22.450000762939453,22.5,4062,0.0,0.0
2023-04-19 14:30:00-04:00,22.600000381469727,22.600000381469727,22.459999084472656,22.459999084472656,2106,0.0,0.0
2023-04-19 15:30:00-04:00,22.459999084472656,22.489999771118164,22.34000015258789,22.389999389648438,7271,0.0,0.0
2023-04-20 09:30:00-04:00,22.170000076293945,22.690000534057617,22.09000015258789,22.360000610351562,3304,0.0,0.0
2023-04-20 10:30:00-04:00,22.389999389648438,22.393699645996094,22.360000610351562,22.393699645996094,1714,0.0,0.0
2023-04-20 11:30:00-04:00,22.350000381469727,22.356300354003906,22.225000381469727,22.356300354003906,1811,0.0,0.0
2023-04-20 12:30:00-04:00,22.274999618530273,22.34000015258789,22.229999542236328,22.31999969482422,1243,0.0,0.0
2023-04-20 13:30:00-04:00,22.239999771118164,22.440000534057617,22.219999313354492,22.25,3089,0.0,0.0
2023-04-20 14:30:00-04:00,22.270000457763672,22.325000762939453,22.18000030517578,22.274999618530273,3426,0.0,0.0
2023-04-20 15:30:00-04:00,22.270000457763672,22.360000610351562,22.15999984741211,22.15999984741211,5748,0.0,0.0
2023-04-21 09:30:00-04:00,22.25,22.389999389648438,22.139999389648438,22.309999465942383,5553,0.0,0.0
2023-04-21 10:30:00-04:00,22.25,22.25,22.100000381469727,22.15999984741211,1763,0.0,0.0
2023-04-21 11:30:00-04:00,22.15999984741211,22.15999984741211,21.635000228881836,22.059999465942383,23027,0.0,0.0
2023-04-21 12:30:00-04:00,21.889999389648438,22.06999969482422,21.889999389648438,21.899999618530273,959,0.0,0.0
2023-04-21 13:30:00-04:00,21.90999984741211,21.959999084472656,21.809999465942383,21.809999465942383,401,0.0,0.0
2023-04-21 14:30:00-04:00,21.780000686645508,21.81999969482422,21.780000686645508,21.81999969482422,1609,0.0,0.0
2023-04-21 15:30:00-04:00,21.770000457763672,21.93000030517578,21.739999771118164,21.93000030517578,7495,0.0,0.0
2023-04-24 09:30:00-04:00,21.729999542236328,22.059999465942383,21.709999084472656,21.979999542236328,2394,0.0,0.0
2023-04-24 11:30:00-04:00,21.934999465942383,21.934999465942383,21.934999465942383,21.934999465942383,288,0.0,0.0
2023-04-24 12:30:00-04:00,21.86359977722168,21.86359977722168,21.86359977722168,21.86359977722168,447,0.0,0.0
2023-04-24 13:30:00-04:00,21.770000457763672,21.809999465942383,21.760000228881836,21.760000228881836,2846,0.0,0.0
2023-04-24 14:30:00-04:00,21.774999618530273,21.799999237060547,21.760000228881836,21.790000915527344,3987,0.0,0.0
2023-04-24 15:30:00-04:00,21.729999542236328,21.780000686645508,21.65999984741211,21.700000762939453,5317,0.0,0.0
2023-04-25 09:30:00-04:00,22.979999542236328,22.979999542236328,21.8799991607666,21.8799991607666,2902,0.0,0.0
2023-04-25 10:30:00-04:00,22.010000228881836,22.010000228881836,22.010000228881836,22.010000228881836,222,0.0,0.0
2023-04-25 11:30:00-04:00,21.850000381469727,22.200000762939453,21.700000762939453,22.200000762939453,6900,0.0,0.0
2023-04-25 12:30:00-04:00,22.200000762939453,22.200000762939453,21.760000228881836,21.850000381469727,3480,0.0,0.0
2023-04-25 13:30:00-04:00,21.760000228881836,21.889999389648438,21.760000228881836,21.889999389648438,2486,0.0,0.0
2023-04-25 14:30:00-04:00,21.860000610351562,21.94499969482422,21.705400466918945,21.809999465942383,16966,0.0,0.0
2023-04-25 15:30:00-04:00,21.850000381469727,21.850000381469727,21.65999984741211,21.700000762939453,10626,0.0,0.0
2023-04-26 09:30:00-04:00,21.510000228881836,21.979999542236328,21.510000228881836,21.719999313354492,1717,0.0,0.0
2023-04-26 10:30:00-04:00,21.68000030517578,21.940000534057617,21.68000030517578,21.80500030517578,4937,0.0,0.0
2023-04-26 11:30:00-04:00,21.760000228881836,21.829999923706055,21.670000076293945,21.799999237060547,1502,0.0,0.0
2023-04-26 12:30:00-04:00,21.719999313354492,21.760000228881836,21.639999389648438,21.639999389648438,1172,0.0,0.0
2023-04-26 13:30:00-04:00,21.639999389648438,21.639999389648438,21.540000915527344,21.540000915527344,379,0.0,0.0
2023-04-26 14:30:00-04:00,21.524999618530273,21.559999465942383,21.5,21.559999465942383,7320,0.0,0.0
2023-04-26 15:30:00-04:00,21.545000076293945,21.649999618530273,21.514999389648438,21.649999618530273,2712,0.0,0.0
2023-04-27 09:30:00-04:00,21.68000030517578,21.829999923706055,21.68000030517578,21.829999923706055,0,0.0,0.0
2023-04-27 10:30:00-04:00,21.7450008392334,21.774999618530273,21.65999984741211,21.774999618530273,5564,0.0,0.0
2023-04-27 11:30:00-04:00,21.790000915527344,21.790000915527344,21.790000915527344,21.790000915527344,340,0.0,0.0
2023-04-27 12:30:00-04:00,21.780000686645508,21.780000686645508,21.780000686645508,21.780000686645508,334,0.0,0.0
2023-04-27 13:30:00-04:00,21.6200008392334,21.719999313354492,21.6200008392334,21.719999313354492,448,0.0,0.0
2023-04-27 14:30:00-04:00,21.725000381469727,21.725000381469727,21.549999237060547,21.549999237060547,708,0.0,0.0
2023-04-27 15:30:00-04:00,21.665000915527344,21.709999084472656,21.469999313354492,21.600000381469727,5153,0.0,0.0
2023-04-28 09:30:00-04:00,21.545000076293945,21.75,21.545000076293945,21.68000030517578,1210,0.0,0.0
2023-04-28 10:30:00-04:00,21.739999771118164,21.739999771118164,21.579999923706055,21.68000030517578,1340,0.0,0.0
2023-04-28 11:30:00-04:00,21.649999618530273,21.649999618530273,21.549999237060547,21.559999465942383,2710,0.0,0.0
2023-04-28 12:30:00-04:00,21.59000015258789,21.59000015258789,21.59000015258789,21.59000015258789,600,0.0,0.0
2023-04-28 13:30:00-04:00,21.565000534057617,21.565000534057617,21.5,21.510000228881836,4281,0.0,0.0
2023-04-28 14:30:00-04:00,21.510000228881836,21.60770034790039,21.45800018310547,21.530000686645508,4802,0.0,0.0
2023-04-28 15:30:00-04:00,21.524999618530273,21.56999969482422,21.450000762939453,21.510000228881836,7497,0.0,0.0
2023-05-01 09:30:00-04:00,21.56999969482422,21.950000762939453,21.56999969482422,21.625,2882,0.0,0.0
2023-05-01 10:30:00-04:00,21.610000610351562,21.610000610351562,21.420000076293945,21.450000762939453,4583,0.0,0.0
2023-05-01 11:30:00-04:00,21.40999984741211,21.489999771118164,20.959999084472656,21.3799991607666,7790,0.0,0.0
2023-05-01 12:30:00-04:00,21.3799991607666,21.38010025024414,21.170000076293945,21.190000534057617,6835,0.0,0.0
2023-05-01 13:30:00-04:00,21.110000610351562,21.219999313354492,20.920000076293945,20.920000076293945,11451,0.0,0.0
2023-05-01 14:30:00-04:00,20.920000076293945,21.040000915527344,20.829999923706055,20.88990020751953,8683,0.0,0.0
2023-05-01 15:30:00-04:00,20.829999923706055,20.93000030517578,20.760000228881836,20.889999389648438,12208,0.0,0.0
2023-05-02 09:30:00-04:00,20.959999084472656,20.989999771118164,20.389999389648438,20.43000030517578,7881,0.0,0.0
2023-05-02 10:30:00-04:00,20.309999465942383,20.31999969482422,19.8799991607666,19.96500015258789,6464,0.0,0.0
2023-05-02 11:30:00-04:00,20.030000686645508,20.25,20.010000228881836,20.059999465942383,7248,0.0,0.0
2023-05-02 12:30:00-04:00,20.149999618530273,20.270000457763672,20.079999923706055,20.15999984741211,2220,0.0,0.0
2023-05-02 13:30:00-04:00,20.165000915527344,20.219999313354492,20.100000381469727,20.100000381469727,2011,0.0,0.0
2023-05-02 14:30:00-04:00,20.09000015258789,20.110000610351562,19.920000076293945,19.920000076293945,7205,0.0,0.0
2023-05-02 15:30:00-04:00,19.96109962463379,20.014999389648438,19.889999389648438,19.90999984741211,7005,0.0,0.0
2023-05-03 09:30:00-04:00,19.8799991607666,20.299999237060547,19.8799991607666,19.899999618530273,3591,0.0,0.0
2023-05-03 10:30:00-04:00,19.790000915527344,20.079999923706055,19.790000915527344,20.06999969482422,4312,0.0,0.0
2023-05-03 11:30:00-04:00,20.15999984741211,20.25,19.959999084472656,20.19499969482422,4478,0.0,0.0
2023-05-03 12:30:00-04:00,20.049999237060547,20.25,20.030000686645508,20.25,1791,0.0,0.0
2023-05-03 13:30:00-04:00,20.209999084472656,20.31999969482422,20.110000610351562,20.149999618530273,2373,0.0,0.0
2023-05-03 14:30:00-04:00,20.010000228881836,20.204999923706055,19.940000534057617,20.059999465942383,5392,0.0,0.0
2023-05-03 15:30:00-04:00,20.049999237060547,20.125,19.950000762939453,19.950000762939453,14230,0.0,0.0
2023-05-04 09:30:00-04:00,19.59000015258789,21.549999237060547,19.110000610351562,19.110000610351562,5685,0.0,0.0
2023-05-04 10:30:00-04:00,19.0,19.479900360107422,18.860000610351562,19.479900360107422,6359,0.0,0.0
2023-05-04 11:30:00-04:00,19.239999771118164,19.428199768066406,19.190000534057617,19.364999771118164,11290,0.0,0.0
2023-05-04 12:30:00-04:00,19.549999237060547,19.959999084472656,19.549999237060547,19.860000610351562,9233,0.0,0.0
2023-05-04 13:30:00-04:00,19.8799991607666,20.029399871826172,19.809999465942383,19.850000381469727,8159,0.0,0.0
2023-05-04 14:30:00-04:00,19.84000015258789,19.850000381469727,19.84000015258789,19.850000381469727,987,0.0,0.0
2023-05-04 15:30:00-04:00,19.809999465942383,19.950000762939453,19.790000915527344,19.93000030517578,6298,0.0,0.0
2023-05-05 09:30:00-04:00,20.3799991607666,20.3799991607666,20.3799991607666,20.3799991607666,1765,0.0,0.0
2023-05-05 10:30:00-04:00,19.893299102783203,20.579999923706055,19.840099334716797,19.840099334716797,1451,0.0,0.0
2023-05-05 11:30:00-04:00,20.530000686645508,20.6200008392334,20.520000457763672,20.56999969482422,1817,0.0,0.0
2023-05-05 12:30:00-04:00,20.545000076293945,20.545000076293945,20.299999237060547,20.299999237060547,1040,0.0,0.0
2023-05-05 13:30:00-04:00,20.25,20.25,20.239999771118164,20.239999771118164,864,0.0,0.0
2023-05-05 14:30:00-04:00,20.25,20.83989906311035,20.219999313354492,20.69499969482422,9922,0.0,0.0
2023-05-05 15:30:00-04:00,20.670000076293945,20.729999542236328,20.6200008392334,20.670000076293945,4577,0.0,0.0
2023-05-08 09:30:00-04:00,20.940000534057617,21.170000076293945,20.829999923706055,20.829999923706055,7730,0.0,0.0
2023-05-08 10:30:00-04:00,20.850000381469727,20.850000381469727,20.639999389648438,20.639999389648438,1984,0.0,0.0
2023-05-08 11:30:00-04:00,20.639999389648438,20.74329948425293,20.56999969482422,20.74329948425293,6811,0.0,0.0
2023-05-08 12:30:00-04:00,20.579999923706055,20.579999923706055,20.44499969482422,20.44499969482422,1591,0.0,0.0
2023-05-08 13:30:00-04:00,20.520000457763672,20.520000457763672,20.520000457763672,20.520000457763672,795,0.0,0.0
2023-05-08 14:30:00-04:00,20.59000015258789,20.65999984741211,20.510000228881836,20.510000228881836,1596,0.0,0.0
2023-05-08 15:30:00-04:00,20.440000534057617,20.450000762939453,20.290000915527344,20.350000381469727,2243,0.0,0.0
2023-05-09 09:30:00-04:00,20.389999389648438,20.579999923706055,19.969999313354492,20.09000015258789,2165,0.0,0.0
2023-05-09 10:30:00-04:00,20.030000686645508,20.139999389648438,20.010000228881836,20.139999389648438,1652,0.0,0.0
2023-05-09 11:30:00-04:00,20.06999969482422,20.149999618530273,20.0,20.149999618530273,853,0.0,0.0
2023-05-09 13:30:00-04:00,20.15999984741211,20.15999984741211,20.1299991607666,20.15999984741211,3105,0.0,0.0
2023-05-09 14:30:00-04:00,20.219999313354492,20.399999618530273,20.219999313354492,20.385000228881836,9028,0.0,0.0
2023-05-09 15:30:00-04:00,20.385000228881836,20.5,20.350000381469727,20.399999618530273,4243,0.0,0.0
2023-05-10 09:30:00-04:00,20.729999542236328,20.729999542236328,20.68000030517578,20.68000030517578,1002,0.0,0.0
2023-05-10 10:30:00-04:00,20.290000915527344,20.540000915527344,20.290000915527344,20.540000915527344,925,0.0,0.0
2023-05-10 11:30:00-04:00,20.450000762939453,20.450000762939453,20.450000762939453,20.450000762939453,2214,0.0,0.0
2023-05-10 12:30:00-04:00,20.333799362182617,20.34000015258789,20.311800003051758,20.311800003051758,1700,0.0,0.0
2023-05-10 13:30:00-04:00,20.31999969482422,20.549999237060547,20.280000686645508,20.43000030517578,5578,0.0,0.0
2023-05-10 14:30:00-04:00,20.389999389648438,20.469999313354492,20.389999389648438,20.469999313354492,881,0.0,0.0
2023-05-10 15:30:00-04:00,20.540000915527344,20.649999618530273,20.489999771118164,20.489999771118164,3261,0.0,0.0
2023-05-11 09:30:00-04:00,20.270000457763672,20.43000030517578,20.209999084472656,20.209999084472656,2571,0.0,0.0
2023-05-11 11:30:00-04:00,20.239999771118164,20.25,20.1200008392334,20.1200008392334,1681,0.0,0.0
2023-05-11 12:30:00-04:00,20.010000228881836,20.010000228881836,20.010000228881836,20.010000228881836,245,0.0,0.0
2023-05-11 13:30:00-04:00,19.950000762939453,20.0,19.93000030517578,19.959999084472656,3952,0.0,0.0
2023-05-11 14:30:00-04:00,20.010000228881836,20.030000686645508,19.920000076293945,19.920000076293945,1355,0.0,0.0
2023-05-11 15:30:00-04:00,19.90999984741211,20.059999465942383,19.850000381469727,19.950000762939453,4737,0.0,0.0
2023-05-12 09:30:00-04:00,20.030000686645508,20.450000762939453,20.030000686645508,20.059999465942383,688,0.0,0.0
2023-05-12 10:30:00-04:00,20.0,20.09000015258789,19.889999389648438,19.889999389648438,5601,0.0,0.0
2023-05-12 11:30:00-04:00,19.92009925842285,20.126100540161133,19.92009925842285,19.969999313354492,4694,0.0,0.0
2023-05-12 12:30:00-04:00,19.954999923706055,19.954999923706055,19.954999923706055,19.954999923706055,486,0.0,0.0
2023-05-12 13:30:00-04:00,20.040000915527344,20.040000915527344,19.969999313354492,19.969999313354492,994,0.0,0.0
2023-05-12 14:30:00-04:00,19.969999313354492,19.969999313354492,19.959999084472656,19.959999084472656,494,0.0,0.0
2023-05-12 15:30:00-04:00,20.020000457763672,20.15999984741211,19.889999389648438,19.899999618530273,9929,0.0,0.0
2023-05-15 09:30:00-04:00,20.110000610351562,20.459999084472656,20.110000610351562,20.459999084472656,818,0.0,0.0
2023-05-15 12:30:00-04:00,20.235000610351562,20.235000610351562,20.15999984741211,20.15999984741211,392,0.0,0.0
2023-05-15 13:30:00-04:00,20.25,20.25,20.15999984741211,20.15999984741211,526,0.0,0.0
2023-05-15 14:30:00-04:00,20.010000228881836,20.024999618530273,19.959999084472656,19.959999084472656,2407,0.0,0.0
2023-05-15 15:30:00-04:00,19.979999542236328,20.040000915527344,19.969999313354492,19.989999771118164,942,0.0,0.0
2023-05-16 09:30:00-04:00,20.09000015258789,20.350000381469727,20.059999465942383,20.059999465942383,1133,0.0,0.0
2023-05-16 10:30:00-04:00,20.280000686645508,20.329999923706055,20.190000534057617,20.200000762939453,2706,0.0,0.0
2023-05-16 11:30:00-04:00,20.260000228881836,20.260000228881836,20.239999771118164,20.239999771118164,896,0.0,0.0
2023-05-16 12:30:00-04:00,20.190000534057617,20.209999084472656,20.049999237060547,20.049999237060547,1394,0.0,0.0
2023-05-16 13:30:00-04:00,20.030000686645508,20.100000381469727,20.030000686645508,20.100000381469727,749,0.0,0.0
2023-05-16 14:30:00-04:00,20.059999465942383,20.260000228881836,20.059999465942383,20.260000228881836,2656,0.0,0.0
2023-05-16 15:30:00-04:00,20.170000076293945,20.219999313354492,20.15999984741211,20.18000030517578,3538,0.0,0.0
2023-05-17 09:30:00-04:00,20.450000762939453,22.299999237060547,20.420000076293945,20.420000076293945,4289,0.0,0.0
2023-05-17 10:30:00-04:00,20.469999313354492,20.610000610351562,20.469999313354492,20.610000610351562,1078,0.0,0.0
2023-05-17 11:30:00-04:00,20.860000610351562,21.069900512695312,20.760000228881836,20.940000534057617,2560,0.0,0.0
2023-05-17 12:30:00-04:00,21.1200008392334,21.1200008392334,21.1200008392334,21.1200008392334,132,0.0,0.0
2023-05-17 13:30:00-04:00,21.149999618530273,21.149999618530273,21.149999618530273,21.149999618530273,755,0.0,0.0
2023-05-17 14:30:00-04:00,21.25,21.440000534057617,21.25,21.43000030517578,2782,0.0,0.0
2023-05-17 15:30:00-04:00,21.43000030517578,21.780000686645508,21.420000076293945,21.770000457763672,5517,0.0,0.0
2023-05-18 09:30:00-04:00,21.59000015258789,21.670000076293945,21.479999542236328,21.4950008392334,1745,0.0,0.0
2023-05-18 10:30:00-04:00,21.594999313354492,21.594999313354492,21.420000076293945,21.420000076293945,1860,0.0,0.0
2023-05-18 11:30:00-04:00,21.81999969482422,21.81999969482422,21.59000015258789,21.729999542236328,2083,0.0,0.0
2023-05-18 12:30:00-04:00,21.75,21.799999237060547,21.739999771118164,21.780000686645508,1668,0.0,0.0
2023-05-18 13:30:00-04:00,21.84000015258789,21.84000015258789,21.84000015258789,21.84000015258789,415,0.0,0.0
2023-05-18 14:30:00-04:00,21.770000457763672,21.979999542236328,21.770000457763672,21.84000015258789,2185,0.0,0.0
2023-05-18 15:30:00-04:00,21.649999618530273,22.100000381469727,21.649999618530273,21.860000610351562,4378,0.0,0.0
2023-05-19 09:30:00-04:00,22.34000015258789,22.34000015258789,22.020000457763672,22.020000457763672,4282,0.0,0.0
2023-05-19 10:30:00-04:00,22.030000686645508,22.030000686645508,21.969999313354492,21.969999313354492,638,0.0,0.0
2023-05-19 11:30:00-04:00,21.84000015258789,21.84000015258789,21.50860023498535,21.50860023498535,2044,0.0,0.0
2023-05-19 13:30:00-04:00,21.787500381469727,21.787500381469727,21.787500381469727,21.787500381469727,688,0.0,0.0
2023-05-19 14:30:00-04:00,21.780000686645508,21.889999389648438,21.650299072265625,21.80500030517578,3604,0.0,0.0
2023-05-19 15:30:00-04:00,21.795000076293945,21.8799991607666,21.670000076293945,21.670000076293945,3205,0.0,0.0
2023-05-22 11:30:00-04:00,22.3799991607666,22.3799991607666,22.3799991607666,22.3799991607666,0,0.0,0.0
2023-05-22 12:30:00-04:00,22.44499969482422,22.44499969482422,22.010000228881836,22.059999465942383,9166,0.0,0.0
2023-05-22 13:30:00-04:00,22.1299991607666,22.170000076293945,22.0,22.079999923706055,3800,0.0,0.0
2023-05-22 14:30:00-04:00,22.09000015258789,22.09000015258789,21.959999084472656,21.959999084472656,1755,0.0,0.0
2023-05-22 15:30:00-04:00,21.8799991607666,22.027599334716797,21.809999465942383,22.010000228881836,3861,0.0,0.0
2023-05-23 09:30:00-04:00,21.8799991607666,22.18000030517578,20.1200008392334,22.18000030517578,4139,0.0,0.0
2023-05-23 10:30:00-04:00,22.574600219726562,22.574600219726562,22.574600219726562,22.574600219726562,151,0.0,0.0
2023-05-23 11:30:00-04:00,22.459999084472656,22.729999542236328,22.459999084472656,22.6299991607666,1140,0.0,0.0
2023-05-23 12:30:00-04:00,22.6299991607666,22.68000030517578,22.5,22.5,1633,0.0,0.0
2023-05-23 13:30:00-04:00,22.639999389648438,22.68000030517578,22.579999923706055,22.579999923706055,2348,0.0,0.0
2023-05-23 14:30:00-04:00,22.520000457763672,22.68000030517578,22.239999771118164,22.68000030517578,1632,0.0,0.0
2023-05-23 15:30:00-04:00,22.329999923706055,22.6299991607666,22.280000686645508,22.489999771118164,2837,0.0,0.0
2023-05-24 09:30:00-04:00,22.239999771118164,22.239999771118164,21.704999923706055,21.704999923706055,1283,0.0,0.0
2023-05-24 10:30:00-04:00,21.809999465942383,21.90999984741211,21.809999465942383,21.850000381469727,1033,0.0,0.0
2023-05-24 11:30:00-04:00,21.781400680541992,22.06999969482422,21.770000457763672,22.06999969482422,3983,0.0,0.0
2023-05-24 12:30:00-04:00,22.083499908447266,22.083499908447266,22.083499908447266,22.083499908447266,611,0.0,0.0
2023-05-24 13:30:00-04:00,22.030000686645508,22.030000686645508,21.950000762939453,21.950000762939453,2236,0.0,0.0
2023-05-24 14:30:00-04:00,21.829999923706055,22.0,21.559999465942383,21.600000381469727,5597,0.0,0.0
2023-05-24 15:30:00-04:00,21.649999618530273,21.81999969482422,21.649999618530273,21.81999969482422,2828,0.0,0.0
2023-05-25 09:30:00-04:00,21.68000030517578,21.68000030517578,21.631000518798828,21.631000518798828,1494,0.0,0.0
2023-05-25 10:30:00-04:00,21.649999618530273,21.649999618530273,21.649999618530273,21.649999618530273,574,0.0,0.0
2023-05-25 11:30:00-04:00,21.649999618530273,21.75,21.6299991607666,21.6299991607666,1774,0.0,0.0
2023-05-25 12:30:00-04:00,21.649999618530273,21.649999618530273,21.649999618530273,21.649999618530273,212,0.0,0.0
2023-05-25 13:30:00-04:00,21.600000381469727,21.600000381469727,21.559999465942383,21.559999465942383,1315,0.0,0.0
2023-05-26 09:30:00-04:00,21.56999969482422,22.200000762939453,21.56999969482422,21.639999389648438,3648,0.0,0.0
2023-05-26 10:30:00-04:00,21.915000915527344,22.040000915527344,21.600000381469727,22.040000915527344,3436,0.0,0.0
2023-05-26 11:30:00-04:00,22.049999237060547,22.174999237060547,22.049999237060547,22.15999984741211,1634,0.0,0.0
2023-05-26 12:30:00-04:00,22.260000228881836,22.260000228881836,22.260000228881836,22.260000228881836,502,0.0,0.0
2023-05-26 13:30:00-04:00,22.114999771118164,22.114999771118164,21.979999542236328,21.979999542236328,1614,0.0,0.0
2023-05-26 15:30:00-04:00,22.1200008392334,22.219999313354492,21.940000534057617,22.110000610351562,3422,0.0,0.0
2023-05-30 09:30:00-04:00,22.100000381469727,22.299999237060547,21.649999618530273,22.295000076293945,4157,0.0,0.0
2023-05-30 10:30:00-04:00,21.84000015258789,21.84000015258789,21.799999237060547,21.809999465942383,1997,0.0,0.0
2023-05-30 11:30:00-04:00,21.799999237060547,21.809999465942383,21.799999237060547,21.809999465942383,1783,0.0,0.0
2023-05-30 12:30:00-04:00,21.899999618530273,21.899999618530273,21.860000610351562,21.860000610351562,1857,0.0,0.0
2023-05-30 13:30:00-04:00,22.100000381469727,22.100000381469727,21.860000610351562,21.860000610351562,1900,0.0,0.0
2023-05-30 14:30:00-04:00,21.8700008392334,21.8700008392334,21.8700008392334,21.8700008392334,937,0.0,0.0
2023-05-30 15:30:00-04:00,21.8700008392334,22.059999465942383,21.81999969482422,22.059999465942383,3473,0.0,0.0
2023-05-31 09:30:00-04:00,21.920000076293945,22.290000915527344,21.59000015258789,21.949899673461914,3681,0.0,0.0
2023-05-31 10:30:00-04:00,21.469999313354492,21.700000762939453,21.219999313354492,21.219999313354492,5962,0.0,0.0
2023-05-31 11:30:00-04:00,21.25,21.25,21.040000915527344,21.219999313354492,3985,0.0,0.0
2023-05-31 13:30:00-04:00,20.84000015258789,20.84000015258789,20.84000015258789,20.84000015258789,340,0.0,0.0
2023-05-31 14:30:00-04:00,21.0,21.0,20.930999755859375,20.930999755859375,1527,0.0,0.0
2023-05-31 15:30:00-04:00,20.950000762939453,21.049999237060547,20.950000762939453,21.049999237060547,2631,0.0,0.0
2023-06-01 09:30:00-04:00,21.020000457763672,21.110000610351562,20.780000686645508,21.110000610351562,5795,0.0,0.0
2023-06-01 10:30:00-04:00,21.139999389648438,21.280000686645508,21.100000381469727,21.100000381469727,1844,0.0,0.0
2023-06-01 11:30:00-04:00,21.290000915527344,21.290000915527344,21.010000228881836,21.030000686645508,2042,0.0,0.0
2023-06-01 12:30:00-04:00,20.93000030517578,20.959999084472656,20.93000030517578,20.959999084472656,990,0.0,0.0
2023-06-01 13:30:00-04:00,21.1299991607666,21.1299991607666,20.989999771118164,21.100000381469727,1474,0.0,0.0
2023-06-01 14:30:00-04:00,20.959999084472656,21.100000381469727,20.920000076293945,21.049999237060547,6354,0.0,0.0
2023-06-01 15:30:00-04:00,21.049999237060547,21.219999313354492,21.049999237060547,21.209999084472656,3664,0.0,0.0
2023-06-02 09:30:00-04:00,21.350000381469727,21.350000381469727,21.110000610351562,21.110000610351562,1273,0.0,0.0
2023-06-02 10:30:00-04:00,21.649999618530273,21.959999084472656,21.530000686645508,21.8799991607666,2677,0.0,0.0
2023-06-02 11:30:00-04:00,21.5,21.75,21.5,21.5,4735,0.0,0.0
2023-06-02 12:30:00-04:00,21.5,21.7450008392334,21.5,21.639999389648438,13383,0.0,0.0
2023-06-02 13:30:00-04:00,21.67009925842285,21.780000686645508,21.5,21.600000381469727,16773,0.0,0.0
2023-06-02 14:30:00-04:00,21.649999618530273,22.020000457763672,21.639999389648438,21.729999542236328,5506,0.0,0.0
2023-06-02 15:30:00-04:00,21.799999237060547,22.440000534057617,21.610000610351562,22.225000381469727,8221,0.0,0.0
2023-06-05 09:30:00-04:00,22.18000030517578,22.18000030517578,21.489999771118164,21.780000686645508,4016,0.0,0.0
2023-06-05 10:30:00-04:00,21.739999771118164,21.950000762939453,21.739999771118164,21.950000762939453,567,0.0,0.0
2023-06-05 11:30:00-04:00,21.950000762939453,21.950000762939453,21.81999969482422,21.81999969482422,905,0.0,0.0
2023-06-05 12:30:00-04:00,21.975000381469727,22.02750015258789,21.975000381469727,22.010000228881836,861,0.0,0.0
2023-06-05 13:30:00-04:00,21.81999969482422,21.959999084472656,21.809999465942383,21.8700008392334,2539,0.0,0.0
2023-06-05 14:30:00-04:00,21.8799991607666,21.8799991607666,21.514999389648438,21.549999237060547,7010,0.0,0.0
2023-06-05 15:30:00-04:00,21.549999237060547,21.649999618530273,21.440000534057617,21.5,4672,0.0,0.0
2023-06-06 11:30:00-04:00,22.600000381469727,22.860000610351562,22.270000457763672,22.3799991607666,5966,0.0,0.0
2023-06-06 12:30:00-04:00,22.549999237060547,22.649999618530273,22.420000076293945,22.420000076293945,4729,0.0,0.0
2023-06-06 13:30:00-04:00,22.489999771118164,22.5,22.489999771118164,22.5,3212,0.0,0.0
2023-06-06 14:30:00-04:00,22.649999618530273,22.700000762939453,22.489999771118164,22.700000762939453,2294,0.0,0.0
2023-06-06 15:30:00-04:00,22.639999389648438,22.780000686645508,22.459999084472656,22.6200008392334,8948,0.0,0.0
2023-06-07 09:30:00-04:00,22.950000762939453,23.149999618530273,22.790000915527344,23.100000381469727,8741,0.0,0.0
2023-06-07 10:30:00-04:00,23.110000610351562,23.43000030517578,23.110000610351562,23.350000381469727,2124,0.0,0.0
2023-06-07 11:30:00-04:00,23.3700008392334,23.530000686645508,23.18000030517578,23.420000076293945,4222,0.0,0.0
2023-06-07 12:30:00-04:00,23.6200008392334,23.770000457763672,23.229999542236328,23.299999237060547,4368,0.0,0.0
2023-06-07 13:30:00-04:00,23.549999237060547,23.6299991607666,23.31999969482422,23.6299991607666,2479,0.0,0.0
2023-06-07 14:30:00-04:00,23.68000030517578,23.84000015258789,23.65999984741211,23.65999984741211,3215,0.0,0.0
2023-06-07 15:30:00-04:00,23.739999771118164,23.920000076293945,23.610000610351562,23.65999984741211,9105,0.0,0.0
2023-06-08 09:30:00-04:00,23.739999771118164,23.950000762939453,23.21500015258789,23.489999771118164,2402,0.0,0.0
2023-06-08 10:30:00-04:00,23.190000534057617,23.440000534057617,23.0,23.229999542236328,11185,0.0,0.0
2023-06-08 11:30:00-04:00,23.315000534057617,23.315000534057617,23.139999389648438,23.139999389648438,1176,0.0,0.0
2023-06-08 12:30:00-04:00,23.43000030517578,23.43000030517578,22.799999237060547,23.399999618530273,5232,0.0,0.0
2023-06-08 13:30:00-04:00,23.229999542236328,23.389999389648438,23.06999969482422,23.389999389648438,1610,0.0,0.0
2023-06-08 14:30:00-04:00,23.18000030517578,23.18000030517578,23.18000030517578,23.18000030517578,1076,0.0,0.0
2023-06-08 15:30:00-04:00,23.309999465942383,23.309999465942383,22.90999984741211,23.139999389648438,7455,0.0,0.0
2023-06-09 09:30:00-04:00,23.0,23.397499084472656,23.0,23.397499084472656,1136,0.0,0.0
2023-06-09 10:30:00-04:00,23.225000381469727,23.225000381469727,23.1924991607666,23.1924991607666,1427,0.0,0.0
2023-06-09 12:30:00-04:00,23.1200008392334,23.1200008392334,23.1200008392334,23.1200008392334,472,0.0,0.0
2023-06-09 13:30:00-04:00,23.079999923706055,23.079999923706055,23.079999923706055,23.079999923706055,1195,0.0,0.0
2023-06-09 14:30:00-04:00,23.030000686645508,23.030000686645508,22.78499984741211,22.950000762939453,2923,0.0,0.0
2023-06-09 15:30:00-04:00,22.809999465942383,22.889999389648438,22.649999618530273,22.81999969482422,2697,0.0,0.0
2023-06-12 09:30:00-04:00,22.829999923706055,23.0,22.795000076293945,23.0,13783,0.0,0.0
2023-06-12 10:30:00-04:00,23.184999465942383,23.184999465942383,22.950000762939453,22.950000762939453,5588,0.0,0.0
2023-06-12 11:30:00-04:00,22.809999465942383,22.809999465942383,22.729999542236328,22.729999542236328,943,0.0,0.0
2023-06-12 12:30:00-04:00,22.561100006103516,22.561100006103516,22.561100006103516,22.561100006103516,1071,0.0,0.0
2023-06-12 13:30:00-04:00,22.719999313354492,22.780000686645508,22.719999313354492,22.780000686645508,2048,0.0,0.0
2023-06-12 14:30:00-04:00,22.84000015258789,23.100000381469727,22.84000015258789,23.100000381469727,2396,0.0,0.0
2023-06-12 15:30:00-04:00,22.780000686645508,22.90999984741211,22.780000686645508,22.90999984741211,2844,0.0,0.0
2023-06-13 09:30:00-04:00,22.760000228881836,23.0,22.760000228881836,23.0,654,0.0,0.0
2023-06-13 10:30:00-04:00,22.90999984741211,23.18000030517578,22.899999618530273,23.18000030517578,2605,0.0,0.0
2023-06-13 11:30:00-04:00,23.174999237060547,23.389999389648438,23.149999618530273,23.209999084472656,4031,0.0,0.0
2023-06-13 12:30:00-04:00,23.34000015258789,23.420000076293945,23.290000915527344,23.399999618530273,2538,0.0,0.0
2023-06-13 13:30:00-04:00,23.389999389648438,23.479999542236328,23.040000915527344,23.280000686645508,10170,0.0,0.0
2023-06-13 14:30:00-04:00,23.28499984741211,23.479999542236328,23.28499984741211,23.479999542236328,2528,0.0,0.0
2023-06-13 15:30:00-04:00,23.290000915527344,23.469999313354492,23.260000228881836,23.40999984741211,4791,0.0,0.0
2023-06-14 09:30:00-04:00,23.43000030517578,23.646900177001953,23.139999389648438,23.3799991607666,1816,0.0,0.0
2023-06-14 11:30:00-04:00,23.3700008392334,23.579999923706055,23.3700008392334,23.520000457763672,2972,0.0,0.0
2023-06-14 12:30:00-04:00,23.3799991607666,23.59000015258789,23.3799991607666,23.530000686645508,3493,0.0,0.0
2023-06-14 13:30:00-04:00,23.56999969482422,23.600000381469727,23.110000610351562,23.170000076293945,5523,0.0,0.0
2023-06-14 14:30:00-04:00,23.15999984741211,23.459999084472656,23.15999984741211,23.459999084472656,4822,0.0,0.0
2023-06-14 15:30:00-04:00,23.15999984741211,23.19499969482422,23.059999465942383,23.190000534057617,6597,0.0,0.0
2023-06-15 09:30:00-04:00,22.8799991607666,23.309999465942383,22.8799991607666,23.309999465942383,1432,0.0,0.0
2023-06-15 10:30:00-04:00,23.53499984741211,23.53499984741211,23.53499984741211,23.53499984741211,127,0.0,0.0
2023-06-15 11:30:00-04:00,23.25,23.25,23.25,23.25,499,0.0,0.0
2023-06-15 12:30:00-04:00,23.43000030517578,23.43000030517578,23.270000457763672,23.389999389648438,1540,0.0,0.0
2023-06-15 13:30:00-04:00,23.56999969482422,23.639999389648438,23.350000381469727,23.600000381469727,2463,0.0,0.0
2023-06-15 14:30:00-04:00,23.600000381469727,23.600000381469727,23.22010040283203,23.469999313354492,5035,0.0,0.0
2023-06-15 15:30:00-04:00,23.42569923400879,23.6299991607666,23.290000915527344,23.290000915527344,8048,0.0,0.0
2023-06-16 09:30:00-04:00,23.770000457763672,23.770000457763672,23.190000534057617,23.190000534057617,21480,0.0,0.0
2023-06-16 10:30:00-04:00,23.079999923706055,23.170000076293945,23.07349967956543,23.100000381469727,2226,0.0,0.0
2023-06-16 11:30:00-04:00,22.950000762939453,22.969999313354492,22.93000030517578,22.93000030517578,1724,0.0,0.0
2023-06-16 12:30:00-04:00,22.969999313354492,22.969999313354492,22.969999313354492,22.969999313354492,770,0.0,0.0
2023-06-16 13:30:00-04:00,22.899999618530273,22.979999542236328,22.799999237060547,22.979999542236328,2445,0.0,0.0
2023-06-16 14:30:00-04:00,22.979900360107422,23.139999389648438,22.959999084472656,23.010000228881836,2593,0.0,0.0
2023-06-16 15:30:00-04:00,23.010000228881836,23.110000610351562,22.959999084472656,23.020000457763672,3641,0.0,0.0
2023-06-20 09:30:00-04:00,22.81999969482422,22.8799991607666,22.68000030517578,22.8799991607666,2363,0.0,0.0
2023-06-20 11:30:00-04:00,22.959999084472656,22.959999084472656,22.709999084472656,22.799999237060547,1266,0.0,0.0
2023-06-20 12:30:00-04:00,22.709999084472656,22.790000915527344,22.65999984741211,22.700000762939453,4818,0.0,0.0
2023-06-20 13:30:00-04:00,22.71500015258789,22.729999542236328,22.610000610351562,22.68000030517578,2455,0.0,0.0
2023-06-20 14:30:00-04:00,22.729999542236328,22.774999618530273,22.729999542236328,22.774999618530273,1495,0.0,0.0
2023-06-20 15:30:00-04:00,22.649999618530273,22.809999465942383,22.6299991607666,22.690000534057617,8760,0.0,0.0
2023-06-21 09:30:00-04:00,22.65999984741211,22.65999984741211,22.360000610351562,22.469999313354492,0,0.0,0.0
2023-06-21 10:30:00-04:00,22.395000457763672,22.395000457763672,22.395000457763672,22.395000457763672,183,0.0,0.0
2023-06-21 11:30:00-04:00,22.440000534057617,22.524999618530273,22.440000534057617,22.524999618530273,594,0.0,0.0
2023-06-21 12:30:00-04:00,22.559999465942383,22.559999465942383,22.389999389648438,22.389999389648438,490,0.0,0.0
2023-06-21 13:30:00-04:00,22.530000686645508,22.59000015258789,22.530000686645508,22.59000015258789,350,0.0,0.0
2023-06-21 14:30:00-04:00,22.4950008392334,22.559999465942383,22.454999923706055,22.459999084472656,37048,0.0,0.0
2023-06-21 15:30:00-04:00,22.559999465942383,22.610000610351562,22.420000076293945,22.59000015258789,8529,0.0,0.0
2023-06-22 09:30:00-04:00,22.360000610351562,22.3799991607666,22.059999465942383,22.170000076293945,7643,0.0,0.0
2023-06-22 10:30:00-04:00,22.06999969482422,22.170000076293945,21.709999084472656,21.709999084472656,2805,0.0,0.0
2023-06-22 11:30:00-04:00,21.780000686645508,21.780000686645508,21.780000686645508,21.780000686645508,209,0.0,0.0
2023-06-22 12:30:00-04:00,21.799999237060547,21.799999237060547,21.799999237060547,21.799999237060547,497,0.0,0.0
2023-06-22 13:30:00-04:00,21.809999465942383,21.940000534057617,21.799999237060547,21.90999984741211,1772,0.0,0.0
2023-06-22 14:30:00-04:00,21.9950008392334,21.9950008392334,21.9950008392334,21.9950008392334,267,0.0,0.0
2023-06-22 15:30:00-04:00,21.850000381469727,21.8700008392334,21.760000228881836,21.81999969482422,8476,0.0,0.0
2023-06-23 09:30:00-04:00,21.809999465942383,21.809999465942383,21.5,21.649999618530273,2956,0.0,0.0
2023-06-23 10:30:00-04:00,21.6299991607666,21.6299991607666,21.600000381469727,21.600000381469727,453,0.0,0.0
2023-06-23 11:30:00-04:00,21.600000381469727,21.600000381469727,21.600000381469727,21.600000381469727,402,0.0,0.0
2023-06-23 12:30:00-04:00,21.545299530029297,21.584999084472656,21.545299530029297,21.579999923706055,1995,0.0,0.0
2023-06-23 13:30:00-04:00,21.639999389648438,21.639999389648438,21.520000457763672,21.540000915527344,3981,0.0,0.0
2023-06-23 14:30:00-04:00,21.520000457763672,21.530000686645508,21.280000686645508,21.40999984741211,6090,0.0,0.0
2023-06-23 15:30:00-04:00,21.280000686645508,21.43000030517578,21.020000457763672,21.15999984741211,31137,0.0,0.0
2023-06-26 09:30:00-04:00,21.350000381469727,21.350000381469727,21.350000381469727,21.350000381469727,1384,0.0,0.0
2023-06-26 11:30:00-04:00,21.639999389648438,21.690000534057617,21.639999389648438,21.690000534057617,773,0.0,0.0
2023-06-26 12:30:00-04:00,21.649999618530273,21.649999618530273,21.579999923706055,21.579999923706055,653,0.0,0.0
2023-06-26 13:30:00-04:00,21.68000030517578,21.68000030517578,21.68000030517578,21.68000030517578,307,0.0,0.0
2023-06-26 14:30:00-04:00,21.540000915527344,21.540000915527344,21.489999771118164,21.510000228881836,1452,0.0,0.0
2023-06-26 15:30:00-04:00,21.549999237060547,21.56999969482422,21.450000762939453,21.450000762939453,7904,0.0,0.0
2023-06-27 09:30:00-04:00,21.274999618530273,21.344999313354492,21.149999618530273,21.34000015258789,3214,0.0,0.0
2023-06-27 10:30:00-04:00,21.450000762939453,21.450000762939453,21.440000534057617,21.440000534057617,505,0.0,0.0
2023-06-27 12:30:00-04:00,21.59000015258789,21.739999771118164,21.59000015258789,21.739999771118164,1150,0.0,0.0
2023-06-27 13:30:00-04:00,21.809999465942383,21.854999542236328,21.770000457763672,21.770000457763672,1541,0.0,0.0
2023-06-27 14:30:00-04:00,21.690000534057617,21.75,21.690000534057617,21.75,508,0.0,0.0
2023-06-27 15:30:00-04:00,21.709999084472656,21.729999542236328,21.520000457763672,21.579999923706055,4540,0.0,0.0
2023-06-28 11:30:00-04:00,21.350000381469727,21.350000381469727,21.350000381469727,21.350000381469727,1433,0.0,0.0
2023-06-28 12:30:00-04:00,21.40999984741211,21.40999984741211,21.40999984741211,21.40999984741211,320,0.0,0.0
2023-06-28 13:30:00-04:00,21.43000030517578,21.520000457763672,21.43000030517578,21.479999542236328,1254,0.0,0.0
2023-06-28 14:30:00-04:00,21.479999542236328,21.579999923706055,21.479999542236328,21.579999923706055,2161,0.0,0.0
2023-06-28 15:30:00-04:00,21.579999923706055,21.579999923706055,21.329999923706055,21.459999084472656,4930,0.0,0.0
2023-06-29 09:30:00-04:00,21.6299991607666,21.93000030517578,21.6299991607666,21.90999984741211,2252,0.0,0.0
2023-06-29 10:30:00-04:00,21.940000534057617,21.94499969482422,21.719999313354492,21.729999542236328,2116,0.0,0.0
2023-06-29 11:30:00-04:00,21.799999237060547,21.8700008392334,21.75,21.8700008392334,1038,0.0,0.0
2023-06-29 12:30:00-04:00,21.8799991607666,21.8799991607666,21.84000015258789,21.84000015258789,1011,0.0,0.0
2023-06-29 13:30:00-04:00,21.829999923706055,21.864999771118164,21.799999237060547,21.809999465942383,1275,0.0,0.0
2023-06-29 14:30:00-04:00,21.770000457763672,21.799999237060547,21.770000457763672,21.799999237060547,764,0.0,0.0
2023-06-29 15:30:00-04:00,21.770000457763672,21.770000457763672,21.530000686645508,21.530000686645508,3520,0.0,0.0
2023-06-30 09:30:00-04:00,21.719999313354492,21.719999313354492,21.700000762939453,21.700000762939453,1650,0.0,0.0
2023-06-30 13:30:00-04:00,21.559999465942383,21.6200008392334,21.5049991607666,21.530000686645508,3988,0.0,0.0
2023-06-30 14:30:00-04:00,21.489999771118164,21.594999313354492,21.454999923706055,21.510000228881836,3692,0.0,0.0
2023-06-30 15:30:00-04:00,21.454999923706055,21.540000915527344,21.440000534057617,21.510000228881836,7888,0.0,0.0
2023-07-03 09:30:00-04:00,21.479999542236328,21.479999542236328,21.479999542236328,21.479999542236328,577,0.0,0.0
2023-07-05 09:30:00-04:00,21.709999084472656,21.78499984741211,21.559999465942383,21.78499984741211,0,0.0,0.0
2023-07-05 10:30:00-04:00,21.729999542236328,21.81999969482422,21.729999542236328,21.809999465942383,1832,0.0,0.0
2023-07-05 11:30:00-04:00,21.809999465942383,21.809999465942383,21.809999465942383,21.809999465942383,336,0.0,0.0
2023-07-05 12:30:00-04:00,21.75,21.75,21.690000534057617,21.690000534057617,3893,0.0,0.0
2023-07-05 14:30:00-04:00,21.81999969482422,21.915000915527344,21.719999313354492,21.719999313354492,2270,0.0,0.0
2023-07-05 15:30:00-04:00,21.690000534057617,21.719999313354492,21.559999465942383,21.690000534057617,5912,0.0,0.0
2023-07-06 09:30:00-04:00,21.510000228881836,21.510099411010742,21.170000076293945,21.280000686645508,9348,0.0,0.0
2023-07-06 11:30:00-04:00,21.219999313354492,21.280000686645508,21.219999313354492,21.280000686645508,1730,0.0,0.0
2023-07-06 12:30:00-04:00,21.270000457763672,21.270000457763672,21.270000457763672,21.270000457763672,243,0.0,0.0
2023-07-06 13:30:00-04:00,21.350000381469727,21.350000381469727,21.350000381469727,21.350000381469727,1032,0.0,0.0
2023-07-06 15:30:00-04:00,21.290000915527344,21.290000915527344,21.059999465942383,21.139999389648438,5368,0.0,0.0
2023-07-07 09:30:00-04:00,21.110000610351562,21.670000076293945,21.110000610351562,21.520000457763672,7549,0.0,0.0
2023-07-07 10:30:00-04:00,21.610000610351562,21.610000610351562,21.610000610351562,21.610000610351562,596,0.0,0.0
2023-07-07 11:30:00-04:00,21.645000457763672,21.809999465942383,21.6200008392334,21.6200008392334,1663,0.0,0.0
2023-07-07 12:30:00-04:00,21.59000015258789,21.59000015258789,21.59000015258789,21.59000015258789,220,0.0,0.0
2023-07-07 13:30:00-04:00,21.68000030517578,21.690000534057617,21.610000610351562,21.6200008392334,2183,0.0,0.0
2023-07-07 14:30:00-04:00,21.670000076293945,21.700000762939453,21.670000076293945,21.700000762939453,935,0.0,0.0
2023-07-07 15:30:00-04:00,21.639999389648438,21.670000076293945,21.229999542236328,21.450000762939453,5499,0.0,0.0
2023-07-10 09:30:00-04:00,21.420000076293945,22.0,21.420000076293945,21.760000228881836,8693,0.0,0.0
2023-07-10 10:30:00-04:00,21.674999237060547,21.739999771118164,21.674999237060547,21.739999771118164,546,0.0,0.0
2023-07-10 11:30:00-04:00,21.56999969482422,21.56999969482422,21.56999969482422,21.56999969482422,981,0.0,0.0
2023-07-10 12:30:00-04:00,21.600000381469727,21.600000381469727,21.510000228881836,21.510000228881836,2075,0.0,0.0
2023-07-10 13:30:00-04:00,21.510000228881836,21.579999923706055,21.510000228881836,21.540000915527344,1772,0.0,0.0
2023-07-10 15:30:00-04:00,21.6299991607666,21.635000228881836,21.520000457763672,21.600000381469727,2557,0.0,0.0
2023-07-11 09:30:00-04:00,21.65999984741211,22.094999313354492,21.579999923706055,22.05500030517578,8742,0.0,0.0
2023-07-11 10:30:00-04:00,22.049999237060547,22.049999237060547,21.959999084472656,22.010000228881836,1101,0.0,0.0
2023-07-11 11:30:00-04:00,21.969999313354492,22.100000381469727,21.950000762939453,21.969999313354492,1157,0.0,0.0
2023-07-11 12:30:00-04:00,22.1200008392334,22.219999313354492,22.000699996948242,22.079999923706055,970,0.0,0.0
2023-07-11 13:30:00-04:00,22.079999923706055,22.15999984741211,22.049999237060547,22.1200008392334,1498,0.0,0.0
2023-07-11 14:30:00-04:00,22.15999984741211,22.18000030517578,22.079999923706055,22.18000030517578,1813,0.0,0.0
2023-07-11 15:30:00-04:00,22.139999389648438,22.15999984741211,21.950000762939453,22.040000915527344,5935,0.0,0.0
2023-07-12 09:30:00-04:00,22.520000457763672,22.520000457763672,22.420000076293945,22.420000076293945,749,0.0,0.0
2023-07-12 10:30:00-04:00,22.43000030517578,22.579999923706055,22.43000030517578,22.579999923706055,759,0.0,0.0
2023-07-12 11:30:00-04:00,22.43000030517578,22.43000030517578,22.239999771118164,22.239999771118164,507,0.0,0.0
2023-07-12 13:30:00-04:00,22.360000610351562,22.3700008392334,22.360000610351562,22.3700008392334,852,0.0,0.0
2023-07-12 14:30:00-04:00,22.399999618530273,22.520000457763672,22.325000762939453,22.325000762939453,840,0.0,0.0
2023-07-12 15:30:00-04:00,22.360000610351562,22.399999618530273,22.209999084472656,22.329999923706055,2654,0.0,0.0
2023-07-13 09:30:00-04:00,22.25,22.280000686645508,22.25,22.280000686645508,713,0.0,0.0
2023-07-13 10:30:00-04:00,22.325000762939453,22.350000381469727,22.325000762939453,22.350000381469727,566,0.0,0.0
2023-07-13 11:30:00-04:00,22.450000762939453,22.450000762939453,22.34000015258789,22.34000015258789,1038,0.0,0.0
2023-07-13 12:30:00-04:00,22.447099685668945,22.447099685668945,22.447099685668945,22.447099685668945,460,0.0,0.0
2023-07-13 13:30:00-04:00,22.420000076293945,22.489999771118164,22.420000076293945,22.489999771118164,950,0.0,0.0
2023-07-13 14:30:00-04:00,22.3799991607666,22.3799991607666,22.3799991607666,22.3799991607666,750,0.0,0.0
2023-07-13 15:30:00-04:00,22.34000015258789,22.450000762939453,22.260000228881836,22.450000762939453,2908,0.0,0.0
2023-07-14 09:30:00-04:00,22.540000915527344,22.540000915527344,22.079999923706055,22.079999923706055,1701,0.0,0.0
2023-07-14 10:30:00-04:00,22.06999969482422,22.219999313354492,22.059999465942383,22.219999313354492,2141,0.0,0.0
2023-07-14 11:30:00-04:00,22.290000915527344,22.290000915527344,22.290000915527344,22.290000915527344,573,0.0,0.0
2023-07-14 12:30:00-04:00,22.309999465942383,22.350000381469727,22.280000686645508,22.350000381469727,944,0.0,0.0
2023-07-14 13:30:00-04:00,22.350000381469727,22.491199493408203,22.270000457763672,22.491199493408203,693,0.0,0.0
2023-07-14 14:30:00-04:00,22.280000686645508,22.280000686645508,22.280000686645508,22.280000686645508,252,0.0,0.0
2023-07-14 15:30:00-04:00,22.334999084472656,22.3799991607666,22.270000457763672,22.350000381469727,3917,0.0,0.0
2023-07-17 09:30:00-04:00,22.309999465942383,22.600000381469727,22.309999465942383,22.600000381469727,1549,0.0,0.0
2023-07-17 10:30:00-04:00,22.489999771118164,22.639999389648438,22.31999969482422,22.587600708007812,2641,0.0,0.0
2023-07-17 11:30:00-04:00,22.459999084472656,22.790000915527344,22.459999084472656,22.530000686645508,2575,0.0,0.0
2023-07-17 12:30:00-04:00,22.655000686645508,22.670000076293945,22.479999542236328,22.549999237060547,1220,0.0,0.0
2023-07-17 13:30:00-04:00,22.559999465942383,22.6299991607666,22.540000915527344,22.6299991607666,1164,0.0,0.0
2023-07-17 14:30:00-04:00,22.579999923706055,22.579999923706055,22.3700008392334,22.579999923706055,2066,0.0,0.0
2023-07-17 15:30:00-04:00,22.5,22.600000381469727,22.40999984741211,22.40999984741211,6480,0.0,0.0
2023-07-18 09:30:00-04:00,22.389999389648438,23.059999465942383,22.389999389648438,23.059999465942383,1408,0.0,0.0
2023-07-18 10:30:00-04:00,23.010000228881836,23.280000686645508,22.969999313354492,23.280000686645508,5627,0.0,0.0
2023-07-18 11:30:00-04:00,23.299999237060547,23.639999389648438,23.274999618530273,23.59000015258789,24205,0.0,0.0
2023-07-18 12:30:00-04:00,23.59000015258789,23.700000762939453,23.584999084472656,23.700000762939453,10914,0.0,0.0
2023-07-18 13:30:00-04:00,23.645000457763672,23.875,23.6200008392334,23.860000610351562,16218,0.0,0.0
2023-07-18 14:30:00-04:00,23.84000015258789,24.010000228881836,23.700000762939453,23.975000381469727,9100,0.0,0.0
2023-07-18 15:30:00-04:00,23.954999923706055,24.1200008392334,23.850000381469727,23.979999542236328,31428,0.0,0.0
2023-07-19 09:30:00-04:00,24.010000228881836,24.315000534057617,23.850000381469727,24.315000534057617,1249,0.0,0.0
2023-07-19 10:30:00-04:00,24.149999618530273,24.149999618530273,24.149999618530273,24.149999618530273,344,0.0,0.0
2023-07-19 11:30:00-04:00,24.280000686645508,24.391599655151367,24.229999542236328,24.391599655151367,1313,0.0,0.0
2023-07-19 12:30:00-04:00,24.270000457763672,24.479999542236328,24.210599899291992,24.350000381469727,3096,0.0,0.0
2023-07-19 13:30:00-04:00,24.46500015258789,24.600000381469727,24.3700008392334,24.600000381469727,2840,0.0,0.0
2023-07-19 14:30:00-04:00,24.469999313354492,24.559999465942383,24.450000762939453,24.559999465942383,2268,0.0,0.0
2023-07-19 15:30:00-04:00,24.5,24.600000381469727,24.389999389648438,24.510000228881836,6237,0.0,0.0
2023-07-20 09:30:00-04:00,24.440000534057617,24.440000534057617,24.440000534057617,24.440000534057617,230,0.0,0.0
2023-07-20 10:30:00-04:00,24.364999771118164,24.364999771118164,24.364999771118164,24.364999771118164,206,0.0,0.0
2023-07-20 11:30:00-04:00,24.364999771118164,24.459999084472656,24.364999771118164,24.459999084472656,1503,0.0,0.0
2023-07-20 12:30:00-04:00,24.325000762939453,24.325000762939453,24.200000762939453,24.200000762939453,811,0.0,0.0
2023-07-20 13:30:00-04:00,24.155000686645508,24.31999969482422,24.155000686645508,24.2549991607666,1555,0.0,0.0
2023-07-20 14:30:00-04:00,24.420000076293945,24.520000457763672,24.420000076293945,24.510000228881836,2055,0.0,0.0
2023-07-20 15:30:00-04:00,24.579999923706055,24.649999618530273,24.440000534057617,24.549999237060547,5464,0.0,0.0
2023-07-21 09:30:00-04:00,24.790000915527344,24.790000915527344,24.5049991607666,24.5049991607666,6418,0.0,0.0
2023-07-21 10:30:00-04:00,24.415000915527344,24.670000076293945,24.415000915527344,24.579999923706055,3740,0.0,0.0
2023-07-21 11:30:00-04:00,24.485000610351562,24.760000228881836,24.485000610351562,24.760000228881836,2203,0.0,0.0
2023-07-21 12:30:00-04:00,24.850000381469727,24.850000381469727,24.56529998779297,24.760000228881836,1716,0.0,0.0
2023-07-21 13:30:00-04:00,24.84000015258789,24.84000015258789,24.829999923706055,24.829999923706055,754,0.0,0.0
2023-07-21 14:30:00-04:00,24.774999618530273,24.780000686645508,24.725000381469727,24.760000228881836,2464,0.0,0.0
2023-07-21 15:30:00-04:00,24.760000228881836,24.81999969482422,24.475000381469727,24.600000381469727,7501,0.0,0.0
2023-07-24 09:30:00-04:00,24.55500030517578,24.55500030517578,24.55500030517578,24.55500030517578,734,0.0,0.0
2023-07-24 10:30:00-04:00,24.59000015258789,24.639999389648438,24.5,24.520000457763672,1247,0.0,0.0
2023-07-24 11:30:00-04:00,24.610000610351562,24.65999984741211,24.579999923706055,24.655000686645508,13338,0.0,0.0
2023-07-24 12:30:00-04:00,24.639999389648438,24.850000381469727,24.639999389648438,24.809999465942383,2175,0.0,0.0
2023-07-24 13:30:00-04:00,24.809999465942383,24.84000015258789,24.7549991607666,24.7549991607666,1380,0.0,0.0
2023-07-24 14:30:00-04:00,24.7549991607666,24.7549991607666,24.579999923706055,24.59000015258789,1981,0.0,0.0
2023-07-24 15:30:00-04:00,24.6200008392334,24.760000228881836,24.549999237060547,24.719999313354492,9986,0.0,0.0
2023-07-25 09:30:00-04:00,23.670000076293945,24.790000915527344,23.329999923706055,24.520000457763672,8331,0.0,0.0
2023-07-25 10:30:00-04:00,24.65999984741211,24.670000076293945,24.290000915527344,24.399999618530273,4130,0.0,0.0
2023-07-25 11:30:00-04:00,24.399999618530273,24.489999771118164,24.219999313354492,24.299999237060547,2573,0.0,0.0
2023-07-25 12:30:00-04:00,24.299999237060547,24.424999237060547,24.1299991607666,24.299999237060547,1032,0.0,0.0
2023-07-25 13:30:00-04:00,24.299999237060547,24.31999969482422,24.25,24.25,1656,0.0,0.0
2023-07-25 14:30:00-04:00,24.25,24.44499969482422,24.0,24.25,6793,0.0,0.0
2023-07-25 15:30:00-04:00,24.25,24.329999923706055,24.020000457763672,24.139999389648438,9474,0.0,0.0
2023-07-26 09:30:00-04:00,24.43000030517578,24.825000762939453,24.43000030517578,24.760000228881836,1178,0.0,0.0
2023-07-26 10:30:00-04:00,24.719999313354492,24.959999084472656,24.665000915527344,24.795000076293945,3213,0.0,0.0
2023-07-26 11:30:00-04:00,24.829999923706055,25.0,24.829999923706055,24.9950008392334,2052,0.0,0.0
2023-07-26 12:30:00-04:00,25.0,25.174999237060547,24.934999465942383,24.934999465942383,2826,0.0,0.0
2023-07-26 13:30:00-04:00,24.799999237060547,24.81999969482422,24.790000915527344,24.809999465942383,1987,0.0,0.0
2023-07-26 14:30:00-04:00,24.860000610351562,24.969999313354492,24.670000076293945,24.670000076293945,4352,0.0,0.0
2023-07-26 15:30:00-04:00,24.799999237060547,24.809999465942383,24.44499969482422,24.559999465942383,7639,0.0,0.0
2023-07-27 09:30:00-04:00,24.829999923706055,24.899999618530273,24.790000915527344,24.829999923706055,2095,0.0,0.0
2023-07-27 10:30:00-04:00,24.889999389648438,24.979999542236328,24.684999465942383,24.81999969482422,2890,0.0,0.0
2023-07-27 11:30:00-04:00,24.6299991607666,24.709999084472656,24.43000030517578,24.43000030517578,4076,0.0,0.0
2023-07-27 12:30:00-04:00,24.459999084472656,24.510000228881836,24.450000762939453,24.450000762939453,1937,0.0,0.0
2023-07-27 13:30:00-04:00,24.399999618530273,24.399999618530273,24.360000610351562,24.360000610351562,487,0.0,0.0
2023-07-27 14:30:00-04:00,24.325000762939453,24.415000915527344,24.299999237060547,24.344999313354492,3632,0.0,0.0
2023-07-27 15:30:00-04:00,24.360000610351562,24.479999542236328,24.31999969482422,24.440000534057617,5476,0.0,0.0
2023-07-28 09:30:00-04:00,24.510000228881836,24.8799991607666,24.510000228881836,24.739999771118164,2882,0.0,0.0
2023-07-28 10:30:00-04:00,24.809999465942383,24.93000030517578,24.809999465942383,24.875,2060,0.0,0.0
2023-07-28 11:30:00-04:00,24.799999237060547,24.850000381469727,24.739999771118164,24.739999771118164,598,0.0,0.0
2023-07-28 12:30:00-04:00,24.649999618530273,24.729999542236328,24.649999618530273,24.725000381469727,1196,0.0,0.0
2023-07-28 13:30:00-04:00,24.649999618530273,24.729999542236328,24.594999313354492,24.600000381469727,3326,0.0,0.0
2023-07-28 14:30:00-04:00,24.6200008392334,24.6200008392334,24.524999618530273,24.559999465942383,4031,0.0,0.0
2023-07-28 15:30:00-04:00,24.59000015258789,24.59000015258789,24.420000076293945,24.450000762939453,7459,0.0,0.0
2023-07-31 09:30:00-04:00,24.93000030517578,25.979999542236328,24.8700008392334,25.049999237060547,22091,0.0,0.0
2023-07-31 10:30:00-04:00,25.065000534057617,25.239999771118164,24.940000534057617,25.239999771118164,4389,0.0,0.0
2023-07-31 11:30:00-04:00,24.979999542236328,25.229999542236328,24.979999542236328,25.229999542236328,810,0.0,0.0
2023-07-31 12:30:00-04:00,25.190000534057617,25.21500015258789,25.190000534057617,25.190000534057617,1289,0.0,0.0
2023-07-31 13:30:00-04:00,25.239999771118164,25.25,25.1200008392334,25.170000076293945,3432,0.0,0.0
2023-07-31 14:30:00-04:00,25.190000534057617,25.219900131225586,25.075000762939453,25.08099937438965,6122,0.0,0.0
2023-07-31 15:30:00-04:00,24.989999771118164,25.100000381469727,24.93000030517578,25.100000381469727,5718,0.0,0.0
2023-08-01 09:30:00-04:00,25.1200008392334,25.21500015258789,24.875,24.899999618530273,30390,0.0,0.0
2023-08-01 10:30:00-04:00,24.93000030517578,25.010000228881836,24.899999618530273,24.969999313354492,2094,0.0,0.0
2023-08-01 11:30:00-04:00,24.950000762939453,25.059999465942383,24.950000762939453,24.979999542236328,1452,0.0,0.0
2023-08-01 12:30:00-04:00,25.0,25.114999771118164,24.900100708007812,25.030000686645508,2982,0.0,0.0
2023-08-01 13:30:00-04:00,25.149999618530273,25.149999618530273,25.079999923706055,25.1299991607666,2738,0.0,0.0
2023-08-01 14:30:00-04:00,25.1299991607666,25.200000762939453,25.079999923706055,25.149999618530273,4280,0.0,0.0
2023-08-01 15:30:00-04:00,25.149999618530273,25.204999923706055,25.059999465942383,25.190000534057617,7460,0.0,0.0
2023-08-02 09:30:00-04:00,25.06999969482422,25.364999771118164,25.06999969482422,25.200000762939453,25285,0.0,0.0
2023-08-02 10:30:00-04:00,25.18000030517578,25.325000762939453,25.18000030517578,25.200000762939453,4457,0.0,0.0
2023-08-02 11:30:00-04:00,25.290000915527344,25.290000915527344,25.290000915527344,25.290000915527344,625,0.0,0.0
2023-08-02 12:30:00-04:00,25.290000915527344,25.290000915527344,25.25,25.25,2188,0.0,0.0
2023-08-02 13:30:00-04:00,25.280000686645508,25.375,25.270000457763672,25.270000457763672,3535,0.0,0.0
2023-08-02 14:30:00-04:00,25.290000915527344,25.290000915527344,24.94499969482422,24.94499969482422,1603,0.0,0.0
2023-08-02 15:30:00-04:00,25.020000457763672,25.270000457763672,24.975000381469727,25.149999618530273,7906,0.0,0.0
2023-08-03 09:30:00-04:00,25.59000015258789,25.59000015258789,24.899999618530273,25.09000015258789,5770,0.0,0.0
2023-08-03 10:30:00-04:00,24.950000762939453,25.239999771118164,24.950000762939453,25.239999771118164,772,0.0,0.0
2023-08-03 11:30:00-04:00,25.290000915527344,25.31999969482422,25.190000534057617,25.190000534057617,2131,0.0,0.0
2023-08-03 12:30:00-04:00,25.200000762939453,25.329999923706055,25.200000762939453,25.290000915527344,956,0.0,0.0
2023-08-03 13:30:00-04:00,25.170000076293945,25.360000610351562,25.170000076293945,25.270000457763672,752,0.0,0.0
2023-08-03 14:30:00-04:00,25.270000457763672,25.295000076293945,25.18000030517578,25.260000228881836,4872,0.0,0.0
2023-08-03 15:30:00-04:00,25.25,25.299999237060547,25.190000534057617,25.229999542236328,8801,0.0,0.0
2023-08-04 09:30:00-04:00,25.290000915527344,25.290000915527344,25.290000915527344,25.290000915527344,2507,0.0,0.0
2023-08-04 10:30:00-04:00,25.290000915527344,25.360000610351562,25.270000457763672,25.290000915527344,1341,0.0,0.0
2023-08-04 11:30:00-04:00,25.260000228881836,25.260000228881836,25.260000228881836,25.260000228881836,193,0.0,0.0
2023-08-04 12:30:00-04:00,25.290000915527344,25.290000915527344,25.25,25.290000915527344,3311,0.0,0.0
2023-08-04 15:30:00-04:00,25.0,25.15999984741211,24.920000076293945,24.920000076293945,5845,0.0,0.0
2023-08-07 09:30:00-04:00,25.1200008392334,25.450000762939453,25.100000381469727,25.450000762939453,1742,0.0,0.0
2023-08-07 10:30:00-04:00,25.3799991607666,25.899999618530273,25.290000915527344,25.360000610351562,1373,0.0,0.0
2023-08-07 11:30:00-04:00,25.110000610351562,25.360000610351562,25.110000610351562,25.200000762939453,607,0.0,0.0
2023-08-07 12:30:00-04:00,25.34000015258789,25.34000015258789,25.209999084472656,25.209999084472656,1964,0.0,0.0
2023-08-07 13:30:00-04:00,25.209999084472656,25.239999771118164,25.209999084472656,25.229999542236328,1331,0.0,0.0
2023-08-07 14:30:00-04:00,25.290000915527344,25.290000915527344,25.25,25.290000915527344,978,0.0,0.0
2023-08-07 15:30:00-04:00,25.299999237060547,25.364999771118164,25.25,25.260000228881836,7744,0.0,0.0
2023-08-08 09:30:00-04:00,24.860000610351562,24.860000610351562,24.250099182128906,24.510000228881836,5045,0.0,0.0
2023-08-08 10:30:00-04:00,24.469999313354492,24.549999237060547,24.399999618530273,24.549999237060547,1794,0.0,0.0
2023-08-08 11:30:00-04:00,24.860000610351562,24.860000610351562,24.860000610351562,24.860000610351562,1125,0.0,0.0
2023-08-08 12:30:00-04:00,24.790000915527344,25.049999237060547,24.790000915527344,25.049999237060547,2866,0.0,0.0
2023-08-08 13:30:00-04:00,25.049999237060547,25.110000610351562,25.020000457763672,25.110000610351562,1465,0.0,0.0
2023-08-08 14:30:00-04:00,25.15999984741211,25.25,25.15999984741211,25.25,3669,0.0,0.0
2023-08-08 15:30:00-04:00,25.239999771118164,25.25,25.190000534057617,25.25,5809,0.0,0.0
2023-08-09 09:30:00-04:00,24.889999389648438,24.889999389648438,24.75,24.75,2603,0.0,0.0
2023-08-09 10:30:00-04:00,24.764999389648438,24.860000610351562,24.760000228881836,24.860000610351562,1293,0.0,0.0
2023-08-09 11:30:00-04:00,24.799999237060547,24.899999618530273,24.674999237060547,24.899999618530273,1136,0.0,0.0
2023-08-09 12:30:00-04:00,24.700000762939453,24.8799991607666,24.700000762939453,24.8799991607666,968,0.0,0.0
2023-08-09 13:30:00-04:00,24.899999618530273,24.899999618530273,24.8799991607666,24.8799991607666,911,0.0,0.0
2023-08-09 14:30:00-04:00,25.040000915527344,25.1200008392334,25.040000915527344,25.110000610351562,768,0.0,0.0
2023-08-09 15:30:00-04:00,25.149999618530273,25.149999618530273,24.90999984741211,24.90999984741211,1504,0.0,0.0
2023-08-10 10:30:00-04:00,24.959999084472656,24.959999084472656,24.959999084472656,24.959999084472656,477,0.0,0.0
2023-08-10 11:30:00-04:00,24.799999237060547,24.799999237060547,24.799999237060547,24.799999237060547,277,0.0,0.0
2023-08-10 14:30:00-04:00,24.485000610351562,24.610000610351562,24.485000610351562,24.610000610351562,784,0.0,0.0
2023-08-10 15:30:00-04:00,24.510000228881836,24.540000915527344,24.510000228881836,24.540000915527344,880,0.0,0.0
2023-08-11 09:30:00-04:00,24.549999237060547,24.6200008392334,24.549999237060547,24.6200008392334,848,0.0,0.0
2023-08-11 10:30:00-04:00,24.6200008392334,24.6200008392334,24.6200008392334,24.6200008392334,516,0.0,0.0
2023-08-11 11:30:00-04:00,24.639999389648438,24.639999389648438,24.639999389648438,24.639999389648438,168,0.0,0.0
2023-08-11 13:30:00-04:00,24.639999389648438,24.68000030517578,24.6299991607666,24.68000030517578,1250,0.0,0.0
2023-08-11 14:30:00-04:00,24.600000381469727,24.600000381469727,24.600000381469727,24.600000381469727,408,0.0,0.0
2023-08-11 15:30:00-04:00,24.559999465942383,24.559999465942383,24.489999771118164,24.5,1856,0.0,0.0
2023-08-14 10:30:00-04:00,24.2814998626709,24.2814998626709,24.2814998626709,24.2814998626709,1637,0.0,0.0
2023-08-14 11:30:00-04:00,24.149999618530273,24.149999618530273,24.149999618530273,24.149999618530273,802,0.0,0.0
2023-08-14 12:30:00-04:00,24.200000762939453,24.290000915527344,24.139999389648438,24.290000915527344,2207,0.0,0.0
2023-08-14 13:30:00-04:00,24.25,24.260000228881836,24.239999771118164,24.25,1200,0.0,0.0
2023-08-14 14:30:00-04:00,24.237499237060547,24.3799991607666,24.237499237060547,24.350000381469727,1523,0.0,0.0
2023-08-14 15:30:00-04:00,24.225000381469727,24.559999465942383,24.225000381469727,24.520000457763672,9975,0.0,0.0
2023-08-15 09:30:00-04:00,24.190000534057617,24.190000534057617,24.110000610351562,24.110000610351562,967,0.0,0.0
2023-08-15 10:30:00-04:00,23.989999771118164,23.989999771118164,23.989999771118164,23.989999771118164,219,0.0,0.0
2023-08-15 11:30:00-04:00,24.0,24.059999465942383,24.0,24.030000686645508,771,0.0,0.0
2023-08-15 12:30:00-04:00,24.0,24.0,24.0,24.0,556,0.0,0.0
2023-08-15 13:30:00-04:00,23.940000534057617,23.940000534057617,23.940000534057617,23.940000534057617,222,0.0,0.0
2023-08-15 14:30:00-04:00,23.920000076293945,23.920000076293945,23.81999969482422,23.84000015258789,809,0.0,0.0
2023-08-15 15:30:00-04:00,23.770000457763672,23.825000762939453,23.690000534057617,23.799999237060547,4633,0.0,0.0
2023-08-16 09:30:00-04:00,23.81999969482422,23.924999237060547,23.540000915527344,23.649999618530273,3130,0.0,0.0
2023-08-16 10:30:00-04:00,23.450000762939453,23.450000762939453,23.41010093688965,23.41010093688965,530,0.0,0.0
2023-08-16 11:30:00-04:00,23.469999313354492,23.5,23.29010009765625,23.299999237060547,5508,0.0,0.0
2023-08-16 12:30:00-04:00,23.299999237060547,23.299999237060547,23.290000915527344,23.299999237060547,3860,0.0,0.0
2023-08-16 13:30:00-04:00,23.190000534057617,23.299999237060547,23.190000534057617,23.299999237060547,2298,0.0,0.0
2023-08-16 14:30:00-04:00,23.299999237060547,23.299999237060547,23.290000915527344,23.290000915527344,1296,0.0,0.0
2023-08-16 15:30:00-04:00,23.290000915527344,23.299999237060547,23.190000534057617,23.299999237060547,3657,0.0,0.0
2023-08-17 09:30:00-04:00,23.290000915527344,23.399999618530273,23.290000915527344,23.34000015258789,748,0.0,0.0
2023-08-17 10:30:00-04:00,23.295000076293945,23.34000015258789,23.270000457763672,23.270000457763672,1228,0.0,0.0
2023-08-17 11:30:00-04:00,23.299999237060547,23.299999237060547,23.299999237060547,23.299999237060547,204,0.0,0.0
2023-08-17 12:30:00-04:00,23.25,23.399999618530273,23.219999313354492,23.309999465942383,2922,0.0,0.0
2023-08-17 13:30:00-04:00,23.274999618530273,23.40999984741211,23.274999618530273,23.40999984741211,334,0.0,0.0
2023-08-17 14:30:00-04:00,23.274999618530273,23.274999618530273,23.25,23.25,258,0.0,0.0
2023-08-17 15:30:00-04:00,23.2549991607666,23.40999984741211,23.2549991607666,23.405000686645508,3761,0.0,0.0
2023-08-18 09:30:00-04:00,23.18000030517578,23.520000457763672,23.18000030517578,23.5,2615,0.0,0.0
2023-08-18 10:30:00-04:00,23.549999237060547,23.81999969482422,23.549999237060547,23.819900512695312,1391,0.0,0.0
2023-08-18 11:30:00-04:00,23.709999084472656,23.719999313354492,23.45009994506836,23.45009994506836,996,0.0,0.0
2023-08-18 12:30:00-04:00,23.479999542236328,23.479999542236328,23.479999542236328,23.479999542236328,252,0.0,0.0
2023-08-18 13:30:00-04:00,23.59000015258789,23.59000015258789,23.579999923706055,23.579999923706055,318,0.0,0.0
2023-08-18 14:30:00-04:00,23.264999389648438,23.3700008392334,23.264999389648438,23.3700008392334,938,0.0,0.0
2023-08-18 15:30:00-04:00,23.360000610351562,23.399999618530273,23.309999465942383,23.399999618530273,1752,0.0,0.0
2023-08-21 09:30:00-04:00,23.389999389648438,23.469999313354492,23.121400833129883,23.121400833129883,611,0.0,0.0
2023-08-21 10:30:00-04:00,23.225000381469727,23.225000381469727,23.094999313354492,23.094999313354492,1210,0.0,0.0
2023-08-21 13:30:00-04:00,23.225000381469727,23.225000381469727,23.225000381469727,23.225000381469727,358,0.0,0.0
2023-08-21 15:30:00-04:00,23.18000030517578,23.31999969482422,23.139999389648438,23.139999389648438,1795,0.0,0.0
2023-08-22 09:30:00-04:00,23.31999969482422,23.31999969482422,23.31999969482422,23.31999969482422,0,0.0,0.0
2023-08-22 12:30:00-04:00,22.690000534057617,22.690000534057617,22.6200008392334,22.670000076293945,675,0.0,0.0
2023-08-22 13:30:00-04:00,22.760000228881836,22.829999923706055,22.75,22.829999923706055,1314,0.0,0.0
2023-08-22 14:30:00-04:00,22.895000457763672,22.895000457763672,22.815000534057617,22.815000534057617,468,0.0,0.0
2023-08-22 15:30:00-04:00,22.770000457763672,22.809999465942383,22.700000762939453,22.75,3629,0.0,0.0
2023-08-23 09:30:00-04:00,22.75,22.780000686645508,22.75,22.780000686645508,783,0.0,0.0
2023-08-23 10:30:00-04:00,22.65999984741211,22.8799991607666,22.65999984741211,22.8799991607666,1254,0.0,0.0
2023-08-23 11:30:00-04:00,22.854999542236328,22.920000076293945,22.854999542236328,22.920000076293945,1559,0.0,0.0
2023-08-23 12:30:00-04:00,22.950000762939453,22.950000762939453,22.84000015258789,22.84000015258789,1682,0.0,0.0
2023-08-23 13:30:00-04:00,22.950000762939453,22.959999084472656,22.940000534057617,22.959999084472656,797,0.0,0.0
2023-08-23 14:30:00-04:00,22.979900360107422,23.0,22.940000534057617,23.0,1611,0.0,0.0
2023-08-23 15:30:00-04:00,22.989999771118164,23.059999465942383,22.989999771118164,23.059999465942383,2827,0.0,0.0
2023-08-24 09:30:00-04:00,22.90999984741211,23.450000762939453,22.843700408935547,23.360000610351562,1924,0.0,0.0
2023-08-24 10:30:00-04:00,23.385000228881836,23.385000228881836,23.239999771118164,23.239999771118164,1149,0.0,0.0
2023-08-24 11:30:00-04:00,23.18000030517578,23.18000030517578,23.125,23.125,838,0.0,0.0
2023-08-24 12:30:00-04:00,23.125,23.15999984741211,22.959999084472656,23.09000015258789,1346,0.0,0.0
2023-08-24 13:30:00-04:00,22.975000381469727,23.010000228881836,22.899999618530273,23.010000228881836,1777,0.0,0.0
2023-08-24 14:30:00-04:00,23.014999389648438,23.114999771118164,22.989999771118164,23.114999771118164,1334,0.0,0.0
2023-08-24 15:30:00-04:00,23.059999465942383,23.145000457763672,22.989999771118164,23.059999465942383,2517,0.0,0.0
2023-08-25 09:30:00-04:00,23.200000762939453,23.200000762939453,23.0,23.0,417,0.0,0.0
2023-08-25 10:30:00-04:00,22.989999771118164,23.010000228881836,22.93440055847168,23.0,6636,0.0,0.0
2023-08-25 11:30:00-04:00,23.049999237060547,23.149999618530273,23.049999237060547,23.139999389648438,2643,0.0,0.0
2023-08-25 12:30:00-04:00,23.06999969482422,23.06999969482422,23.06999969482422,23.06999969482422,348,0.0,0.0
2023-08-25 13:30:00-04:00,23.06999969482422,23.149999618530273,23.06999969482422,23.149999618530273,737,0.0,0.0
2023-08-25 14:30:00-04:00,23.040000915527344,23.200000762939453,23.030000686645508,23.200000762939453,1019,0.0,0.0
2023-08-25 15:30:00-04:00,23.100000381469727,23.100000381469727,22.9950008392334,23.0,4915,0.0,0.0
2023-08-28 09:30:00-04:00,23.15999984741211,23.190000534057617,23.1299991607666,23.149999618530273,2282,0.0,0.0
2023-08-28 11:30:00-04:00,23.100000381469727,23.155500411987305,23.09239959716797,23.110000610351562,1043,0.0,0.0
2023-08-28 12:30:00-04:00,23.059999465942383,23.180500030517578,22.809999465942383,22.809999465942383,2449,0.0,0.0
2023-08-28 14:30:00-04:00,22.989999771118164,23.0,22.860000610351562,22.860000610351562,1236,0.0,0.0
2023-08-28 15:30:00-04:00,23.1200008392334,23.1200008392334,22.860000610351562,22.920000076293945,2061,0.0,0.0
2023-08-29 09:30:00-04:00,22.860000610351562,23.094999313354492,22.860000610351562,23.094999313354492,1817,0.0,0.0
2023-08-29 10:30:00-04:00,23.020000457763672,23.030000686645508,22.979999542236328,23.030000686645508,1679,0.0,0.0
2023-08-29 11:30:00-04:00,23.020000457763672,23.030000686645508,22.899999618530273,22.899999618530273,1748,0.0,0.0
2023-08-29 13:30:00-04:00,23.024999618530273,23.024999618530273,22.940000534057617,22.940000534057617,755,0.0,0.0
2023-08-29 14:30:00-04:00,22.93000030517578,22.985000610351562,22.8700008392334,22.940000534057617,1493,0.0,0.0
2023-08-29 15:30:00-04:00,23.014999389648438,23.030000686645508,22.9950008392334,23.0,4216,0.0,0.0
2023-08-30 09:30:00-04:00,22.90999984741211,22.934999465942383,22.799999237060547,22.799999237060547,6645,0.0,0.0
2023-08-30 10:30:00-04:00,22.75,22.84000015258789,22.739999771118164,22.739999771118164,1578,0.0,0.0
2023-08-30 11:30:00-04:00,22.81999969482422,23.030000686645508,22.790000915527344,22.989999771118164,28317,0.0,0.0
2023-08-30 12:30:00-04:00,23.010000228881836,23.030000686645508,22.950000762939453,22.950000762939453,2079,0.0,0.0
2023-08-30 13:30:00-04:00,22.940000534057617,23.030000686645508,22.940000534057617,23.010000228881836,2992,0.0,0.0
2023-08-30 14:30:00-04:00,23.010000228881836,23.020000457763672,22.93000030517578,23.0,4288,0.0,0.0
2023-08-30 15:30:00-04:00,23.010000228881836,23.020000457763672,22.905000686645508,23.020000457763672,4774,0.0,0.0
2023-08-31 09:30:00-04:00,22.969999313354492,23.809999465942383,22.899999618530273,22.900999069213867,2367,0.0,0.0
2023-08-31 10:30:00-04:00,22.891000747680664,23.309999465942383,22.881000518798828,22.891000747680664,853,0.0,0.0
2023-08-31 11:30:00-04:00,22.891000747680664,22.93000030517578,22.860000610351562,22.889999389648438,1843,0.0,0.0
2023-08-31 12:30:00-04:00,22.905000686645508,22.905000686645508,22.84000015258789,22.8799991607666,661,0.0,0.0
2023-08-31 13:30:00-04:00,22.950000762939453,22.959999084472656,22.8799991607666,22.8799991607666,1148,0.0,0.0
2023-08-31 14:30:00-04:00,22.920000076293945,22.920000076293945,22.739999771118164,22.760000228881836,4277,0.0,0.0
2023-08-31 15:30:00-04:00,22.780000686645508,22.809999465942383,22.700000762939453,22.719999313354492,3784,0.0,0.0
2023-09-01 09:30:00-04:00,22.920000076293945,23.030000686645508,22.8799991607666,23.020000457763672,1624,0.0,0.0
2023-09-01 10:30:00-04:00,23.020000457763672,23.170000076293945,22.920000076293945,22.920000076293945,2092,0.0,0.0
2023-09-01 11:30:00-04:00,23.030000686645508,23.040000915527344,22.890100479125977,23.0,818,0.0,0.0
2023-09-01 12:30:00-04:00,23.020000457763672,23.049999237060547,23.020000457763672,23.020000457763672,1950,0.0,0.0
2023-09-01 13:30:00-04:00,23.040000915527344,23.229999542236328,23.010000228881836,23.219999313354492,5688,0.0,0.0
2023-09-01 14:30:00-04:00,23.1299991607666,23.15999984741211,23.110000610351562,23.139999389648438,1742,0.0,0.0
2023-09-01 15:30:00-04:00,23.010000228881836,23.190000534057617,23.010000228881836,23.15999984741211,3919,0.0,0.0
2023-09-05 09:30:00-04:00,22.959999084472656,23.020000457763672,22.809999465942383,23.020000457763672,3228,0.0,0.0
2023-09-05 10:30:00-04:00,22.959999084472656,22.959999084472656,22.959999084472656,22.959999084472656,612,0.0,0.0
2023-09-05 11:30:00-04:00,22.850000381469727,22.979999542236328,22.850000381469727,22.979999542236328,1409,0.0,0.0
2023-09-05 12:30:00-04:00,22.979999542236328,22.979999542236328,22.969999313354492,22.969999313354492,912,0.0,0.0
2023-09-05 13:30:00-04:00,22.959999084472656,22.959999084472656,22.899999618530273,22.920000076293945,1275,0.0,0.0
2023-09-05 14:30:00-04:00,22.969999313354492,23.05500030517578,22.959999084472656,23.020000457763672,1963,0.0,0.0
2023-09-05 15:30:00-04:00,22.989999771118164,23.024999618530273,22.829999923706055,22.829999923706055,4109,0.0,0.0
2023-09-06 09:30:00-04:00,22.81999969482422,22.860000610351562,22.665000915527344,22.860000610351562,0,0.0,0.0
2023-09-06 10:30:00-04:00,22.670000076293945,22.799999237060547,22.670000076293945,22.790000915527344,1464,0.0,0.0
2023-09-06 11:30:00-04:00,22.645000457763672,22.645000457763672,22.6299991607666,22.6299991607666,872,0.0,0.0
2023-09-06 12:30:00-04:00,22.610000610351562,22.610000610351562,22.610000610351562,22.610000610351562,223,0.0,0.0
2023-09-06 13:30:00-04:00,22.480100631713867,22.540000915527344,22.480100631713867,22.489999771118164,1341,0.0,0.0
2023-09-06 14:30:00-04:00,22.469999313354492,22.520000457763672,22.3700008392334,22.375,4247,0.0,0.0
2023-09-06 15:30:00-04:00,22.3799991607666,22.389999389648438,22.360000610351562,22.360000610351562,4048,0.0,0.0
2023-09-07 09:30:00-04:00,22.329999923706055,22.360000610351562,22.299999237060547,22.360000610351562,2634,0.0,0.0
2023-09-07 11:30:00-04:00,22.1200008392334,22.219999313354492,22.1200008392334,22.219999313354492,1760,0.0,0.0
2023-09-07 12:30:00-04:00,22.350000381469727,22.43000030517578,22.350000381469727,22.43000030517578,1699,0.0,0.0
2023-09-07 13:30:00-04:00,22.3700008392334,22.549999237060547,22.3700008392334,22.389999389648438,2941,0.0,0.0
2023-09-07 14:30:00-04:00,22.43000030517578,22.450000762939453,22.325000762939453,22.440000534057617,4773,0.0,0.0
2023-09-07 15:30:00-04:00,22.43000030517578,22.6299991607666,22.40999984741211,22.59000015258789,9933,0.0,0.0
2023-09-08 09:30:00-04:00,22.459999084472656,22.459999084472656,22.375,22.389299392700195,2357,0.0,0.0
2023-09-08 10:30:00-04:00,22.44499969482422,22.579999923706055,22.44499969482422,22.579999923706055,1562,0.0,0.0
2023-09-08 11:30:00-04:00,22.56999969482422,22.56999969482422,22.56999969482422,22.56999969482422,1238,0.0,0.0
2023-09-08 12:30:00-04:00,22.56999969482422,22.639999389648438,22.520000457763672,22.579999923706055,2453,0.0,0.0
2023-09-08 13:30:00-04:00,22.59000015258789,22.59000015258789,22.479999542236328,22.479999542236328,2703,0.0,0.0
2023-09-08 14:30:00-04:00,22.440000534057617,22.489999771118164,22.360000610351562,22.420000076293945,3403,0.0,0.0
2023-09-08 15:30:00-04:00,22.385000228881836,22.459999084472656,22.309999465942383,22.309999465942383,7778,0.0,0.0
2023-09-11 09:30:00-04:00,22.520000457763672,22.520000457763672,22.520000457763672,22.520000457763672,484,0.0,0.0
2023-09-11 10:30:00-04:00,22.399999618530273,22.40999984741211,22.309999465942383,22.40999984741211,2023,0.0,0.0
2023-09-11 11:30:00-04:00,22.309999465942383,22.405000686645508,22.309999465942383,22.405000686645508,2064,0.0,0.0
2023-09-11 12:30:00-04:00,22.358299255371094,22.399999618530273,22.358299255371094,22.388900756835938,2219,0.0,0.0
2023-09-11 13:30:00-04:00,22.329999923706055,22.329999923706055,22.329999923706055,22.329999923706055,616,0.0,0.0
2023-09-11 14:30:00-04:00,22.329999923706055,22.329999923706055,22.270000457763672,22.270000457763672,736,0.0,0.0
2023-09-11 15:30:00-04:00,22.270000457763672,22.309999465942383,22.219999313354492,22.309999465942383,6462,0.0,0.0
2023-09-12 09:30:00-04:00,22.295000076293945,22.295000076293945,22.295000076293945,22.295000076293945,3144,0.0,0.0
2023-09-12 10:30:00-04:00,22.325000762939453,22.325000762939453,22.299999237060547,22.299999237060547,563,0.0,0.0
2023-09-12 11:30:00-04:00,22.270000457763672,22.389999389648438,22.209999084472656,22.274999618530273,4156,0.0,0.0
2023-09-12 12:30:00-04:00,22.405000686645508,22.405000686645508,22.239999771118164,22.240100860595703,2664,0.0,0.0
2023-09-12 13:30:00-04:00,22.239999771118164,22.280000686645508,22.219999313354492,22.219999313354492,1056,0.0,0.0
2023-09-12 14:30:00-04:00,22.290000915527344,22.290000915527344,22.139999389648438,22.139999389648438,2716,0.0,0.0
2023-09-12 15:30:00-04:00,22.19499969482422,22.24250030517578,22.110000610351562,22.1299991607666,2846,0.0,0.0
2023-09-13 09:30:00-04:00,22.594999313354492,22.594999313354492,22.059999465942383,22.059999465942383,3779,0.0,0.0
2023-09-13 10:30:00-04:00,22.190000534057617,22.280000686645508,22.190000534057617,22.200000762939453,3813,0.0,0.0
2023-09-13 11:30:00-04:00,22.110000610351562,22.165000915527344,22.110000610351562,22.165000915527344,730,0.0,0.0
2023-09-13 12:30:00-04:00,22.229999542236328,22.229999542236328,22.049999237060547,22.145000457763672,2332,0.0,0.0
2023-09-13 13:30:00-04:00,22.145000457763672,22.145000457763672,21.700000762939453,21.8700008392334,7754,0.0,0.0
2023-09-13 14:30:00-04:00,21.8700008392334,21.969999313354492,21.8700008392334,21.940000534057617,1391,0.0,0.0
2023-09-13 15:30:00-04:00,21.969999313354492,22.03499984741211,21.959999084472656,21.969999313354492,5690,0.0,0.0
2023-09-14 09:30:00-04:00,22.200000762939453,22.200000762939453,22.104999542236328,22.104999542236328,2414,0.0,0.0
2023-09-14 10:30:00-04:00,22.110000610351562,22.110000610351562,22.104999542236328,22.104999542236328,564,0.0,0.0
2023-09-14 11:30:00-04:00,22.100000381469727,22.114999771118164,22.06999969482422,22.114999771118164,1666,0.0,0.0
2023-09-14 12:30:00-04:00,22.040000915527344,22.045000076293945,22.040000915527344,22.045000076293945,567,0.0,0.0
2023-09-14 13:30:00-04:00,22.03499984741211,22.155000686645508,22.010000228881836,22.155000686645508,2227,0.0,0.0
2023-09-14 14:30:00-04:00,22.065000534057617,22.19499969482422,22.059999465942383,22.19499969482422,1948,0.0,0.0
2023-09-14 15:30:00-04:00,22.18000030517578,22.25,22.18000030517578,22.209999084472656,7159,0.0,0.0
2023-09-15 09:30:00-04:00,22.200000762939453,22.200000762939453,22.200000762939453,22.200000762939453,14198,0.0,0.0
2023-09-15 10:30:00-04:00,22.350000381469727,22.360000610351562,22.0,22.170000076293945,2104,0.0,0.0
2023-09-15 11:30:00-04:00,22.069900512695312,22.125,22.0,22.1200008392334,2916,0.0,0.0
2023-09-15 12:30:00-04:00,22.096900939941406,22.1299991607666,22.020000457763672,22.1299991607666,746,0.0,0.0
2023-09-15 13:30:00-04:00,22.079999923706055,22.079999923706055,22.079999923706055,22.079999923706055,270,0.0,0.0
2023-09-15 14:30:00-04:00,22.170000076293945,22.25,22.149999618530273,22.15999984741211,2089,0.0,0.0
2023-09-15 15:30:00-04:00,22.209999084472656,22.709999084472656,22.149999618530273,22.520000457763672,22425,0.0,0.0
2023-09-18 09:30:00-04:00,22.399999618530273,22.399999618530273,22.200000762939453,22.200000762939453,926,0.0,0.0
2023-09-18 10:30:00-04:00,22.200000762939453,22.225000381469727,22.200000762939453,22.225000381469727,958,0.0,0.0
2023-09-18 11:30:00-04:00,22.229999542236328,22.229999542236328,22.229999542236328,22.229999542236328,254,0.0,0.0
2023-09-18 12:30:00-04:00,22.190000534057617,22.274999618530273,22.18000030517578,22.274999618530273,977,0.0,0.0
2023-09-18 13:30:00-04:00,22.22249984741211,22.360000610351562,22.22249984741211,22.360000610351562,1551,0.0,0.0
2023-09-18 14:30:00-04:00,22.43000030517578,22.510000228881836,22.364999771118164,22.459999084472656,1683,0.0,0.0
2023-09-18 15:30:00-04:00,22.520000457763672,22.770000457763672,22.479999542236328,22.559999465942383,7854,0.0,0.0
2023-09-19 09:30:00-04:00,22.385000228881836,22.489999771118164,22.385000228881836,22.469999313354492,1114,0.0,0.0
2023-09-19 10:30:00-04:00,22.399999618530273,22.489900588989258,22.290000915527344,22.46500015258789,2753,0.0,0.0
2023-09-19 11:30:00-04:00,22.459999084472656,22.5049991607666,22.405000686645508,22.475000381469727,5046,0.0,0.0
2023-09-19 12:30:00-04:00,22.479999542236328,22.479999542236328,22.40999984741211,22.40999984741211,759,0.0,0.0
2023-09-19 13:30:00-04:00,22.40999984741211,22.440000534057617,22.40999984741211,22.440000534057617,961,0.0,0.0
2023-09-19 14:30:00-04:00,22.399999618530273,22.459999084472656,22.260000228881836,22.34000015258789,2712,0.0,0.0
2023-09-19 15:30:00-04:00,22.389999389648438,22.584999084472656,22.360000610351562,22.440000534057617,8007,0.0,0.0
2023-09-20 09:30:00-04:00,22.5049991607666,22.5049991607666,22.5049991607666,22.5049991607666,0,0.0,0.0
2023-09-20 10:30:00-04:00,22.584999084472656,22.584999084472656,22.3700008392334,22.3700008392334,1503,0.0,0.0
2023-09-20 11:30:00-04:00,22.514999389648438,22.514999389648438,22.514999389648438,22.514999389648438,161,0.0,0.0
2023-09-20 12:30:00-04:00,22.469999313354492,22.469999313354492,22.469999313354492,22.469999313354492,453,0.0,0.0
2023-09-20 13:30:00-04:00,22.459999084472656,22.479999542236328,22.40999984741211,22.40999984741211,1055,0.0,0.0
2023-09-20 14:30:00-04:00,22.613000869750977,22.639999389648438,22.540000915527344,22.610000610351562,2224,0.0,0.0
2023-09-20 15:30:00-04:00,22.600000381469727,22.65999984741211,22.479999542236328,22.520000457763672,5910,0.0,0.0
2023-09-21 09:30:00-04:00,22.290000915527344,22.485000610351562,22.290000915527344,22.440200805664062,5899,0.0,0.0
2023-09-21 10:30:00-04:00,22.450000762939453,22.450000762939453,22.319000244140625,22.399999618530273,3461,0.0,0.0
2023-09-21 11:30:00-04:00,22.365299224853516,22.5,22.32699966430664,22.4950008392334,8858,0.0,0.0
2023-09-21 12:30:00-04:00,22.358800888061523,22.358800888061523,22.15999984741211,22.15999984741211,2032,0.0,0.0
2023-09-21 13:30:00-04:00,22.135000228881836,22.139999389648438,22.135000228881836,22.139999389648438,277,0.0,0.0
2023-09-21 14:30:00-04:00,22.135000228881836,22.200000762939453,22.114999771118164,22.170000076293945,3375,0.0,0.0
2023-09-21 15:30:00-04:00,22.239999771118164,22.239999771118164,22.049999237060547,22.149999618530273,4937,0.0,0.0
2023-09-22 09:30:00-04:00,22.1299991607666,22.1299991607666,22.1299991607666,22.1299991607666,781,0.0,0.0
2023-09-22 10:30:00-04:00,22.399999618530273,22.399999618530273,21.8799991607666,21.90999984741211,4083,0.0,0.0
2023-09-22 11:30:00-04:00,21.9424991607666,22.11989974975586,21.850000381469727,21.93000030517578,1170,0.0,0.0
2023-09-22 12:30:00-04:00,21.899999618530273,21.899999618530273,21.760099411010742,21.770000457763672,2531,0.0,0.0
2023-09-22 13:30:00-04:00,21.681900024414062,21.84000015258789,21.681900024414062,21.754499435424805,4665,0.0,0.0
2023-09-22 14:30:00-04:00,21.8799991607666,22.0,21.770000457763672,22.0,5913,0.0,0.0
2023-09-22 15:30:00-04:00,21.950000762939453,21.955699920654297,21.899999618530273,21.950000762939453,3433,0.0,0.0
2023-09-25 09:30:00-04:00,21.75,22.190000534057617,21.75,22.190000534057617,2027,0.0,0.0
2023-09-25 10:30:00-04:00,22.03499984741211,22.03499984741211,22.03499984741211,22.03499984741211,538,0.0,0.0
2023-09-25 11:30:00-04:00,22.1200008392334,22.1200008392334,22.1200008392334,22.1200008392334,1253,0.0,0.0
2023-09-25 14:30:00-04:00,22.100000381469727,22.100000381469727,22.100000381469727,22.100000381469727,1319,0.0,0.0
2023-09-25 15:30:00-04:00,22.1299991607666,22.170000076293945,22.05500030517578,22.170000076293945,4708,0.0,0.0
2023-09-26 09:30:00-04:00,22.235000610351562,22.235000610351562,22.010000228881836,22.010000228881836,3902,0.0,0.0
2023-09-26 10:30:00-04:00,22.059999465942383,22.1200008392334,21.950000762939453,21.989999771118164,5543,0.0,0.0
2023-09-26 11:30:00-04:00,21.86009979248047,21.86009979248047,21.86009979248047,21.86009979248047,910,0.0,0.0
2023-09-26 12:30:00-04:00,21.989999771118164,22.030000686645508,21.950000762939453,22.030000686645508,2120,0.0,0.0
2023-09-26 13:30:00-04:00,21.950000762939453,21.985000610351562,21.950000762939453,21.985000610351562,413,0.0,0.0
2023-09-26 14:30:00-04:00,22.0,22.05500030517578,21.979999542236328,22.05500030517578,4124,0.0,0.0
2023-09-26 15:30:00-04:00,22.100000381469727,22.100000381469727,21.94499969482422,22.049999237060547,18702,0.0,0.0
2023-09-27 09:30:00-04:00,21.959999084472656,21.989999771118164,21.950000762939453,21.989999771118164,990,0.0,0.0
2023-09-27 10:30:00-04:00,21.81999969482422,21.81999969482422,21.81999969482422,21.81999969482422,460,0.0,0.0
2023-09-27 11:30:00-04:00,21.729999542236328,21.729999542236328,21.520000457763672,21.549999237060547,1960,0.0,0.0
2023-09-27 12:30:00-04:00,21.600000381469727,21.600000381469727,21.520000457763672,21.520000457763672,1555,0.0,0.0
2023-09-27 13:30:00-04:00,21.520000457763672,21.66200065612793,21.520000457763672,21.66200065612793,2808,0.0,0.0
2023-09-27 14:30:00-04:00,21.670000076293945,21.670000076293945,21.6299991607666,21.6299991607666,844,0.0,0.0
2023-09-27 15:30:00-04:00,21.639999389648438,21.65999984741211,21.59000015258789,21.649999618530273,3635,0.0,0.0
2023-09-28 10:30:00-04:00,21.80500030517578,21.829999923706055,21.80500030517578,21.829999923706055,517,0.0,0.0
2023-09-28 11:30:00-04:00,21.84000015258789,21.899999618530273,21.84000015258789,21.899999618530273,530,0.0,0.0
2023-09-28 12:30:00-04:00,21.875,21.875,21.875,21.875,127,0.0,0.0
2023-09-28 13:30:00-04:00,21.864999771118164,21.864999771118164,21.864999771118164,21.864999771118164,165,0.0,0.0
2023-09-28 14:30:00-04:00,21.799999237060547,21.799999237060547,21.739999771118164,21.75,1851,0.0,0.0
2023-09-28 15:30:00-04:00,21.729999542236328,21.729999542236328,21.520000457763672,21.520000457763672,4915,0.0,0.0
2023-09-29 09:30:00-04:00,21.834999084472656,21.834999084472656,21.834999084472656,21.834999084472656,376,0.0,0.0
2023-09-29 11:30:00-04:00,21.649999618530273,21.709999084472656,21.649999618530273,21.649999618530273,909,0.0,0.0
2023-09-29 12:30:00-04:00,21.645000457763672,21.645000457763672,21.5,21.59000015258789,1357,0.0,0.0
2023-09-29 13:30:00-04:00,21.40999984741211,21.459999084472656,21.40999984741211,21.420000076293945,1313,0.0,0.0
2023-09-29 14:30:00-04:00,21.43000030517578,21.450000762939453,21.360000610351562,21.399999618530273,2843,0.0,0.0
2023-09-29 15:30:00-04:00,21.360000610351562,21.459999084472656,21.360000610351562,21.3700008392334,8868,0.0,0.0
2023-10-02 09:30:00-04:00,21.31999969482422,21.530000686645508,21.309999465942383,21.309999465942383,745,0.0,0.0
2023-10-02 10:30:00-04:00,21.145000457763672,21.200000762939453,21.1200008392334,21.200000762939453,1440,0.0,0.0
2023-10-02 11:30:00-04:00,21.270000457763672,21.270000457763672,21.149999618530273,21.149999618530273,1281,0.0,0.0
2023-10-02 12:30:00-04:00,21.049999237060547,21.049999237060547,21.020000457763672,21.030000686645508,1436,0.0,0.0
2023-10-02 13:30:00-04:00,21.020000457763672,21.1200008392334,21.020000457763672,21.1200008392334,920,0.0,0.0
2023-10-02 14:30:00-04:00,21.110000610351562,21.110000610351562,21.059999465942383,21.06999969482422,2137,0.0,0.0
2023-10-02 15:30:00-04:00,21.020000457763672,21.094999313354492,21.020000457763672,21.079999923706055,6077,0.0,0.0
2023-10-03 09:30:00-04:00,21.200000762939453,21.209999084472656,20.56999969482422,20.889999389648438,4675,0.0,0.0
2023-10-03 11:30:00-04:00,20.8700008392334,20.8700008392334,20.8700008392334,20.8700008392334,957,0.0,0.0
2023-10-03 12:30:00-04:00,20.889999389648438,20.959999084472656,20.889999389648438,20.959999084472656,952,0.0,0.0
2023-10-03 13:30:00-04:00,20.729999542236328,20.729999542236328,20.729999542236328,20.729999542236328,478,0.0,0.0
2023-10-03 15:30:00-04:00,20.719999313354492,20.75,20.600000381469727,20.729999542236328,5732,0.0,0.0
2023-10-04 09:30:00-04:00,20.719999313354492,20.940000534057617,20.719999313354492,20.90999984741211,803,0.0,0.0
2023-10-04 10:30:00-04:00,20.889999389648438,20.889999389648438,20.889999389648438,20.889999389648438,100,0.0,0.0
2023-10-04 11:30:00-04:00,20.652999877929688,20.9950008392334,20.652999877929688,20.9950008392334,2628,0.0,0.0
2023-10-04 12:30:00-04:00,20.959999084472656,21.079999923706055,20.90999984741211,20.90999984741211,1911,0.0,0.0
2023-10-04 13:30:00-04:00,20.93000030517578,21.084999084472656,20.93000030517578,21.084999084472656,1175,0.0,0.0
2023-10-04 14:30:00-04:00,21.079999923706055,21.125,20.989999771118164,21.065000534057617,1170,0.0,0.0
2023-10-04 15:30:00-04:00,21.09000015258789,21.200000762939453,21.020000457763672,21.079999923706055,6836,0.0,0.0
2023-10-05 09:30:00-04:00,21.329999923706055,21.329999923706055,21.329999923706055,21.329999923706055,463,0.0,0.0
2023-10-05 10:30:00-04:00,21.329999923706055,21.350000381469727,21.309999465942383,21.309999465942383,1864,0.0,0.0
2023-10-05 11:30:00-04:00,21.329999923706055,21.329999923706055,21.329999923706055,21.329999923706055,569,0.0,0.0
2023-10-05 12:30:00-04:00,21.329999923706055,21.329999923706055,21.309999465942383,21.309999465942383,969,0.0,0.0
2023-10-05 13:30:00-04:00,21.309999465942383,21.34000015258789,21.309999465942383,21.309999465942383,5995,0.0,0.0
2023-10-05 14:30:00-04:00,21.34000015258789,21.389999389648438,21.31999969482422,21.31999969482422,1859,0.0,0.0
2023-10-05 15:30:00-04:00,21.40999984741211,21.40999984741211,21.2549991607666,21.389999389648438,3702,0.0,0.0
2023-10-06 09:30:00-04:00,21.135000228881836,21.135000228881836,21.135000228881836,21.135000228881836,325,0.0,0.0
2023-10-06 10:30:00-04:00,20.8799991607666,21.0,20.8799991607666,21.0,348,0.0,0.0
2023-10-06 11:30:00-04:00,21.354999542236328,21.489999771118164,21.260000228881836,21.260000228881836,732,0.0,0.0
2023-10-06 12:30:00-04:00,21.290000915527344,21.315000534057617,21.200000762939453,21.315000534057617,1409,0.0,0.0
2023-10-06 13:30:00-04:00,21.24340057373047,21.24340057373047,21.24340057373047,21.24340057373047,383,0.0,0.0
2023-10-06 15:30:00-04:00,21.360000610351562,21.385000228881836,21.219999313354492,21.309999465942383,5623,0.0,0.0
2023-10-09 09:30:00-04:00,21.09000015258789,21.110000610351562,21.040000915527344,21.110000610351562,512,0.0,0.0
2023-10-09 10:30:00-04:00,21.209999084472656,21.209999084472656,21.209999084472656,21.209999084472656,125,0.0,0.0
2023-10-09 11:30:00-04:00,21.270000457763672,21.32990074157715,21.170000076293945,21.290000915527344,3126,0.0,0.0
2023-10-09 13:30:00-04:00,21.264999389648438,21.350000381469727,21.209999084472656,21.299999237060547,3397,0.0,0.0
2023-10-09 14:30:00-04:00,21.299999237060547,21.389999389648438,21.299999237060547,21.3799991607666,1350,0.0,0.0
2023-10-09 15:30:00-04:00,21.334999084472656,21.334999084472656,21.06999969482422,21.139999389648438,2686,0.0,0.0
2023-10-10 09:30:00-04:00,21.260000228881836,21.409000396728516,21.260000228881836,21.409000396728516,3396,0.0,0.0
2023-10-10 10:30:00-04:00,21.469999313354492,21.485000610351562,21.299999237060547,21.299999237060547,533,0.0,0.0
2023-10-10 11:30:00-04:00,21.5,21.579999923706055,21.5,21.579999923706055,361,0.0,0.0
2023-10-10 12:30:00-04:00,21.46579933166504,21.579999923706055,21.46579933166504,21.53499984741211,787,0.0,0.0
2023-10-10 13:30:00-04:00,21.540000915527344,21.540000915527344,21.530000686645508,21.530000686645508,588,0.0,0.0
2023-10-10 14:30:00-04:00,21.609899520874023,21.609899520874023,21.450000762939453,21.450000762939453,1177,0.0,0.0
2023-10-10 15:30:00-04:00,21.450000762939453,21.5,21.440000534057617,21.440000534057617,1057,0.0,0.0
2023-10-11 10:30:00-04:00,21.450000762939453,21.450000762939453,21.420000076293945,21.420000076293945,666,0.0,0.0
2023-10-11 13:30:00-04:00,21.280000686645508,21.3799991607666,21.1299991607666,21.150100708007812,6780,0.0,0.0
2023-10-11 14:30:00-04:00,21.299999237060547,21.299999237060547,21.170000076293945,21.174999237060547,1762,0.0,0.0
2023-10-11 15:30:00-04:00,21.190000534057617,21.235000610351562,21.15999984741211,21.225000381469727,3286,0.0,0.0
2023-10-12 10:30:00-04:00,20.90999984741211,21.200000762939453,20.809999465942383,21.200000762939453,4887,0.0,0.0
2023-10-12 11:30:00-04:00,21.200000762939453,21.200000762939453,20.90999984741211,21.079999923706055,4720,0.0,0.0
2023-10-12 13:30:00-04:00,20.93000030517578,20.93000030517578,20.850000381469727,20.899999618530273,2176,0.0,0.0
2023-10-12 14:30:00-04:00,21.010000228881836,21.059999465942383,21.0,21.05500030517578,2355,0.0,0.0
2023-10-12 15:30:00-04:00,21.100000381469727,21.155000686645508,21.045000076293945,21.06999969482422,3202,0.0,0.0
2023-10-13 09:30:00-04:00,21.209999084472656,21.209999084472656,21.209999084472656,21.209999084472656,352,0.0,0.0
2023-10-13 10:30:00-04:00,20.81999969482422,20.81999969482422,20.81999969482422,20.81999969482422,203,0.0,0.0
2023-10-13 11:30:00-04:00,20.90999984741211,20.979999542236328,20.90999984741211,20.979999542236328,765,0.0,0.0
2023-10-13 12:30:00-04:00,20.809999465942383,20.84000015258789,20.680099487304688,20.700000762939453,5986,0.0,0.0
2023-10-13 13:30:00-04:00,20.729999542236328,20.809999465942383,20.729999542236328,20.809999465942383,1226,0.0,0.0
2023-10-13 14:30:00-04:00,20.790000915527344,20.790000915527344,20.78499984741211,20.78499984741211,619,0.0,0.0
2023-10-13 15:30:00-04:00,20.7549991607666,20.829999923706055,20.700000762939453,20.709999084472656,3105,0.0,0.0
2023-10-16 09:30:00-04:00,20.959999084472656,20.959999084472656,20.804500579833984,20.804500579833984,1014,0.0,0.0
2023-10-16 10:30:00-04:00,21.110000610351562,21.110000610351562,21.040000915527344,21.040000915527344,955,0.0,0.0
2023-10-16 11:30:00-04:00,21.044200897216797,21.044200897216797,21.044200897216797,21.044200897216797,1657,0.0,0.0
2023-10-16 12:30:00-04:00,21.100000381469727,21.174999237060547,21.100000381469727,21.174999237060547,917,0.0,0.0
2023-10-16 13:30:00-04:00,21.03499984741211,21.079999923706055,21.03499984741211,21.079999923706055,1104,0.0,0.0
2023-10-16 14:30:00-04:00,21.06999969482422,21.100000381469727,21.030000686645508,21.100000381469727,1295,0.0,0.0
2023-10-16 15:30:00-04:00,21.145000457763672,21.229999542236328,21.06999969482422,21.110000610351562,4628,0.0,0.0
2023-10-17 09:30:00-04:00,21.280000686645508,21.290000915527344,21.280000686645508,21.290000915527344,928,0.0,0.0
2023-10-17 10:30:00-04:00,21.559999465942383,21.559999465942383,21.559999465942383,21.559999465942383,646,0.0,0.0
2023-10-17 12:30:00-04:00,21.624799728393555,21.624799728393555,21.624799728393555,21.624799728393555,156,0.0,0.0
2023-10-17 13:30:00-04:00,21.729999542236328,21.80500030517578,21.6200008392334,21.80500030517578,2954,0.0,0.0
2023-10-17 14:30:00-04:00,21.770000457763672,21.829999923706055,21.700000762939453,21.80500030517578,2478,0.0,0.0
2023-10-17 15:30:00-04:00,21.829999923706055,21.8799991607666,21.709999084472656,21.709999084472656,5990,0.0,0.0
2023-10-18 12:30:00-04:00,21.479999542236328,21.479999542236328,21.479999542236328,21.479999542236328,1704,0.0,0.0
2023-10-18 13:30:00-04:00,21.31999969482422,21.31999969482422,21.31999969482422,21.31999969482422,405,0.0,0.0
2023-10-18 14:30:00-04:00,21.295000076293945,21.325000762939453,21.239999771118164,21.239999771118164,854,0.0,0.0
2023-10-18 15:30:00-04:00,21.209999084472656,21.21500015258789,21.09000015258789,21.09000015258789,2506,0.0,0.0
2023-10-19 09:30:00-04:00,21.110000610351562,21.110000610351562,21.0,21.0,735,0.0,0.0
2023-10-19 10:30:00-04:00,21.059999465942383,21.299999237060547,21.059999465942383,21.079999923706055,1061,0.0,0.0
2023-10-19 12:30:00-04:00,21.3700008392334,21.3700008392334,21.13010025024414,21.18199920654297,4410,0.0,0.0
2023-10-19 13:30:00-04:00,21.299999237060547,21.299999237060547,21.079999923706055,21.174999237060547,1081,0.0,0.0
2023-10-19 14:30:00-04:00,21.049999237060547,21.094999313354492,20.93000030517578,20.989999771118164,1539,0.0,0.0
2023-10-19 15:30:00-04:00,20.979999542236328,21.040000915527344,20.889999389648438,20.979999542236328,5515,0.0,0.0
2023-10-20 09:30:00-04:00,21.040000915527344,21.040000915527344,20.6200008392334,20.6200008392334,6770,0.0,0.0
2023-10-20 11:30:00-04:00,20.6299991607666,20.7450008392334,20.6299991607666,20.719999313354492,1177,0.0,0.0
2023-10-20 12:30:00-04:00,20.709999084472656,20.81999969482422,20.709999084472656,20.81999969482422,1193,0.0,0.0
2023-10-20 13:30:00-04:00,20.690000534057617,20.690000534057617,20.68000030517578,20.68000030517578,426,0.0,0.0
2023-10-20 14:30:00-04:00,20.649999618530273,20.729999542236328,20.649999618530273,20.729999542236328,1055,0.0,0.0
2023-10-20 15:30:00-04:00,20.649900436401367,20.649900436401367,20.614999771118164,20.6299991607666,833,0.0,0.0
2023-10-23 09:30:00-04:00,20.75,20.75,20.75,20.75,1103,0.0,0.0
2023-10-23 12:30:00-04:00,20.655000686645508,20.655000686645508,20.540000915527344,20.540000915527344,796,0.0,0.0
2023-10-23 13:30:00-04:00,20.625,20.709999084472656,20.549999237060547,20.65999984741211,2582,0.0,0.0
2023-10-23 14:30:00-04:00,20.649999618530273,20.649999618530273,20.360000610351562,20.459999084472656,2384,0.0,0.0
2023-10-23 15:30:00-04:00,20.399999618530273,20.599000930786133,20.270000457763672,20.270000457763672,3891,0.0,0.0
2023-10-24 09:30:00-04:00,20.489999771118164,20.489999771118164,20.0,20.0,5325,0.0,0.0
2023-10-24 10:30:00-04:00,20.139999389648438,20.174999237060547,19.40999984741211,19.40999984741211,2242,0.0,0.0
2023-10-24 12:30:00-04:00,20.100000381469727,20.34000015258789,19.81999969482422,20.290000915527344,7560,0.0,0.0
2023-10-24 13:30:00-04:00,20.170000076293945,20.200000762939453,19.989999771118164,20.100000381469727,4517,0.0,0.0
2023-10-24 14:30:00-04:00,20.1200008392334,20.280000686645508,20.1200008392334,20.209999084472656,3270,0.0,0.0
2023-10-24 15:30:00-04:00,20.200000762939453,20.299999237060547,20.100000381469727,20.100000381469727,17429,0.0,0.0
2023-10-25 09:30:00-04:00,19.809999465942383,19.809999465942383,19.610000610351562,19.610000610351562,1139,0.0,0.0
2023-10-25 10:30:00-04:00,19.737499237060547,19.850000381469727,19.610000610351562,19.719999313354492,2565,0.0,0.0
2023-10-25 11:30:00-04:00,19.834999084472656,20.020000457763672,19.834999084472656,19.93000030517578,2298,0.0,0.0
2023-10-25 12:30:00-04:00,19.950000762939453,19.989999771118164,19.860000610351562,19.969999313354492,1351,0.0,0.0
2023-10-25 13:30:00-04:00,20.049999237060547,20.049999237060547,20.049999237060547,20.049999237060547,730,0.0,0.0
2023-10-25 14:30:00-04:00,20.190000534057617,20.389999389648438,20.15999984741211,20.389999389648438,2591,0.0,0.0
2023-10-25 15:30:00-04:00,20.479999542236328,20.479999542236328,19.920000076293945,20.0,4959,0.0,0.0
2023-10-26 09:30:00-04:00,20.190000534057617,20.56999969482422,19.885000228881836,20.451099395751953,10308,0.0,0.0
2023-10-26 10:30:00-04:00,20.520000457763672,20.670000076293945,20.19499969482422,20.389999389648438,2624,0.0,0.0
2023-10-26 11:30:00-04:00,20.530000686645508,20.530000686645508,20.170000076293945,20.25,1304,0.0,0.0
2023-10-26 12:30:00-04:00,20.239999771118164,20.475000381469727,20.239999771118164,20.450000762939453,948,0.0,0.0
2023-10-26 13:30:00-04:00,20.25,20.68000030517578,20.25,20.610000610351562,6363,0.0,0.0
2023-10-26 14:30:00-04:00,20.65999984741211,20.700000762939453,20.520000457763672,20.59000015258789,4854,0.0,0.0
2023-10-26 15:30:00-04:00,20.549999237060547,20.774999618530273,20.31999969482422,20.649999618530273,7528,0.0,0.0
2023-10-27 09:30:00-04:00,20.549999237060547,20.699899673461914,20.399999618530273,20.699899673461914,1356,0.0,0.0
2023-10-27 11:30:00-04:00,20.281400680541992,20.281400680541992,20.281400680541992,20.281400680541992,1403,0.0,0.0
2023-10-27 12:30:00-04:00,20.1299991607666,20.1299991607666,20.010000228881836,20.010000228881836,1408,0.0,0.0
2023-10-27 13:30:00-04:00,20.18000030517578,20.190000534057617,20.010000228881836,20.190000534057617,623,0.0,0.0
2023-10-27 14:30:00-04:00,20.190000534057617,20.479999542236328,20.190000534057617,20.479999542236328,2101,0.0,0.0
2023-10-27 15:30:00-04:00,20.290000915527344,20.350000381469727,20.170000076293945,20.170000076293945,2471,0.0,0.0
2023-10-30 09:30:00-04:00,20.59000015258789,20.59000015258789,20.15999984741211,20.470500946044922,5637,0.0,0.0
2023-10-30 10:30:00-04:00,20.479999542236328,20.5,20.44499969482422,20.44499969482422,2445,0.0,0.0
2023-10-30 11:30:00-04:00,20.5,20.5,20.450000762939453,20.469999313354492,1133,0.0,0.0
2023-10-30 12:30:00-04:00,20.399999618530273,20.489999771118164,20.389999389648438,20.489999771118164,1429,0.0,0.0
2023-10-30 13:30:00-04:00,20.559999465942383,20.75,20.530000686645508,20.719999313354492,2621,0.0,0.0
2023-10-30 14:30:00-04:00,20.790000915527344,20.889999389648438,20.790000915527344,20.889999389648438,1342,0.0,0.0
2023-10-30 15:30:00-04:00,20.770000457763672,20.770000457763672,20.649999618530273,20.690000534057617,1919,0.0,0.0
2023-10-31 09:30:00-04:00,20.559999465942383,20.559999465942383,20.559999465942383,20.559999465942383,714,0.0,0.0
2023-10-31 10:30:00-04:00,20.560100555419922,20.560100555419922,20.560100555419922,20.560100555419922,644,0.0,0.0
2023-10-31 11:30:00-04:00,20.68000030517578,20.68000030517578,20.68000030517578,20.68000030517578,748,0.0,0.0
2023-10-31 12:30:00-04:00,20.725000381469727,20.78219985961914,20.670000076293945,20.670000076293945,1606,0.0,0.0
2023-10-31 13:30:00-04:00,20.667299270629883,20.75,20.65999984741211,20.69499969482422,1982,0.0,0.0
2023-10-31 14:30:00-04:00,20.69499969482422,20.8700008392334,20.670000076293945,20.809999465942383,1703,0.0,0.0
2023-10-31 15:30:00-04:00,20.8799991607666,20.90999984741211,20.719999313354492,20.90999984741211,4261,0.0,0.0
2023-11-01 09:30:00-04:00,20.69499969482422,20.899999618530273,20.69499969482422,20.899999618530273,754,0.0,0.0
2023-11-01 10:30:00-04:00,20.739999771118164,20.739999771118164,20.600000381469727,20.600000381469727,1164,0.0,0.0
2023-11-01 11:30:00-04:00,20.608600616455078,20.608600616455078,20.608600616455078,20.608600616455078,2509,0.0,0.0
2023-11-01 12:30:00-04:00,20.65019989013672,20.65019989013672,20.540000915527344,20.610000610351562,1263,0.0,0.0
2023-11-01 13:30:00-04:00,20.575000762939453,20.760000228881836,20.575000762939453,20.760000228881836,1881,0.0,0.0
2023-11-01 14:30:00-04:00,20.649999618530273,20.829999923706055,20.611400604248047,20.75,2711,0.0,0.0
2023-11-01 15:30:00-04:00,20.850000381469727,20.860000610351562,20.799999237060547,20.799999237060547,1076,0.0,0.0
2023-11-02 09:30:00-04:00,21.09000015258789,21.09000015258789,21.075000762939453,21.075000762939453,341,0.0,0.0
2023-11-02 10:30:00-04:00,21.165000915527344,21.299999237060547,21.149999618530273,21.274999618530273,782,0.0,0.0
2023-11-02 11:30:00-04:00,21.334999084472656,21.334999084472656,21.334999084472656,21.334999084472656,188,0.0,0.0
2023-11-02 12:30:00-04:00,21.354999542236328,21.354999542236328,21.354999542236328,21.354999542236328,423,0.0,0.0
2023-11-02 13:30:00-04:00,21.389999389648438,21.389999389648438,21.354999542236328,21.354999542236328,415,0.0,0.0
2023-11-02 14:30:00-04:00,21.31999969482422,21.350000381469727,21.290000915527344,21.350000381469727,831,0.0,0.0
2023-11-02 15:30:00-04:00,21.350000381469727,21.40999984741211,21.09000015258789,21.21500015258789,13752,0.0,0.0
2023-11-03 09:30:00-04:00,21.75,21.999900817871094,21.75,21.999900817871094,999,0.0,0.0
2023-11-03 10:30:00-04:00,21.959999084472656,22.020000457763672,21.959999084472656,22.020000457763672,1374,0.0,0.0
2023-11-03 11:30:00-04:00,21.799999237060547,21.799999237060547,21.799999237060547,21.799999237060547,1671,0.0,0.0
2023-11-03 12:30:00-04:00,21.799999237060547,21.809999465942383,21.799999237060547,21.809999465942383,1407,0.0,0.0
2023-11-03 13:30:00-04:00,21.850000381469727,21.850000381469727,21.81999969482422,21.84000015258789,1397,0.0,0.0
2023-11-03 14:30:00-04:00,21.81999969482422,21.899999618530273,21.75,21.81999969482422,3635,0.0,0.0
2023-11-03 15:30:00-04:00,21.850000381469727,21.850000381469727,21.725000381469727,21.84000015258789,2669,0.0,0.0
2023-11-06 09:30:00-05:00,21.5,21.5,21.479999542236328,21.479999542236328,459,0.0,0.0
2023-11-06 10:30:00-05:00,21.549999237060547,21.549999237060547,21.399999618530273,21.5,2731,0.0,0.0
2023-11-06 11:30:00-05:00,21.5,21.5,21.5,21.5,1688,0.0,0.0
2023-11-06 14:30:00-05:00,21.41010093688965,21.475000381469727,21.41010093688965,21.475000381469727,442,0.0,0.0
2023-11-06 15:30:00-05:00,21.6200008392334,21.6200008392334,21.459999084472656,21.510000228881836,3526,0.0,0.0
2023-11-07 13:30:00-05:00,21.31999969482422,21.31999969482422,21.31999969482422,21.31999969482422,1247,0.0,0.0
2023-11-07 14:30:00-05:00,21.325700759887695,21.450000762939453,21.325700759887695,21.450000762939453,1835,0.0,0.0
2023-11-07 15:30:00-05:00,21.5,21.510000228881836,21.20009994506836,21.440000534057617,5256,0.0,0.0
2023-11-08 12:30:00-05:00,21.260000228881836,21.260000228881836,21.260000228881836,21.260000228881836,2736,0.0,0.0
2023-11-08 14:30:00-05:00,21.18000030517578,21.18000030517578,21.149999618530273,21.149999618530273,1175,0.0,0.0
2023-11-08 15:30:00-05:00,21.149999618530273,21.299999237060547,21.1200008392334,21.209999084472656,3596,0.0,0.0
2023-11-09 09:30:00-05:00,21.43000030517578,21.43000030517578,21.43000030517578,21.43000030517578,526,0.0,0.0
2023-11-09 11:30:00-05:00,21.110000610351562,21.219999313354492,21.100000381469727,21.219999313354492,1713,0.0,0.0
2023-11-09 12:30:00-05:00,21.280000686645508,21.280000686645508,21.229999542236328,21.270000457763672,520,0.0,0.0
2023-11-09 13:30:00-05:00,21.049999237060547,21.049999237060547,20.84000015258789,20.875,1392,0.0,0.0
2023-11-09 14:30:00-05:00,20.920000076293945,21.040000915527344,20.920000076293945,20.979999542236328,970,0.0,0.0
2023-11-09 15:30:00-05:00,21.0,21.149999618530273,21.0,21.079999923706055,2612,0.0,0.0
2023-11-10 09:30:00-05:00,21.290000915527344,21.290000915527344,21.290000915527344,21.290000915527344,560,0.0,0.0
2023-11-10 12:30:00-05:00,21.149999618530273,21.149999618530273,21.149999618530273,21.149999618530273,570,0.0,0.0
2023-11-10 13:30:00-05:00,21.260000228881836,21.270000457763672,21.204999923706055,21.204999923706055,995,0.0,0.0
2023-11-10 14:30:00-05:00,21.209999084472656,21.260000228881836,21.209999084472656,21.260000228881836,543,0.0,0.0
2023-11-10 15:30:00-05:00,21.21500015258789,21.260000228881836,21.139999389648438,21.170000076293945,1480,0.0,0.0
2023-11-13 09:30:00-05:00,21.015199661254883,21.015199661254883,21.015199661254883,21.015199661254883,478,0.0,0.0
2023-11-13 10:30:00-05:00,21.125,21.174999237060547,21.020000457763672,21.174999237060547,578,0.0,0.0
2023-11-13 11:30:00-05:00,21.229999542236328,21.229999542236328,21.19499969482422,21.19499969482422,812,0.0,0.0
2023-11-13 12:30:00-05:00,21.155000686645508,21.155000686645508,21.155000686645508,21.155000686645508,338,0.0,0.0
2023-11-13 14:30:00-05:00,21.290000915527344,21.290000915527344,21.170000076293945,21.174999237060547,1151,0.0,0.0
2023-11-13 15:30:00-05:00,21.280000686645508,21.290000915527344,21.170000076293945,21.170000076293945,3356,0.0,0.0
2023-11-14 09:30:00-05:00,21.729999542236328,22.270000457763672,21.360000610351562,22.270000457763672,2010,0.0,0.0
2023-11-14 10:30:00-05:00,22.06999969482422,22.06999969482422,21.795000076293945,22.049999237060547,12294,0.0,0.0
2023-11-14 11:30:00-05:00,22.079999923706055,22.100000381469727,22.075000762939453,22.100000381469727,2845,0.0,0.0
2023-11-14 12:30:00-05:00,22.280000686645508,22.309999465942383,22.270000457763672,22.309999465942383,1595,0.0,0.0
2023-11-14 13:30:00-05:00,22.469999313354492,22.510000228881836,22.3700008392334,22.3700008392334,4590,0.0,0.0
2023-11-14 14:30:00-05:00,22.3700008392334,22.399999618530273,22.300100326538086,22.399999618530273,9865,0.0,0.0
2023-11-14 15:30:00-05:00,22.395000457763672,22.684999465942383,22.395000457763672,22.649999618530273,9360,0.0,0.0
2023-11-15 09:30:00-05:00,22.649999618530273,22.690000534057617,22.530000686645508,22.530000686645508,2814,0.0,0.0
2023-11-15 10:30:00-05:00,22.5,22.56999969482422,22.479999542236328,22.56999969482422,2034,0.0,0.0
2023-11-15 11:30:00-05:00,22.469999313354492,22.469999313354492,22.415000915527344,22.415000915527344,839,0.0,0.0
2023-11-15 12:30:00-05:00,22.420000076293945,22.420000076293945,22.309999465942383,22.31999969482422,2296,0.0,0.0
2023-11-15 13:30:00-05:00,22.31999969482422,22.350000381469727,22.290000915527344,22.299999237060547,2233,0.0,0.0
2023-11-15 14:30:00-05:00,22.1299991607666,22.15999984741211,22.1200008392334,22.15999984741211,2357,0.0,0.0
2023-11-15 15:30:00-05:00,22.209999084472656,22.270000457763672,22.010000228881836,22.010000228881836,1883,0.0,0.0
2023-11-16 11:30:00-05:00,22.020000457763672,22.165000915527344,22.014999389648438,22.165000915527344,2686,0.0,0.0
2023-11-16 12:30:00-05:00,22.1200008392334,22.149999618530273,22.040000915527344,22.149999618530273,2496,0.0,0.0
2023-11-16 13:30:00-05:00,21.989999771118164,22.084999084472656,21.989999771118164,22.040000915527344,962,0.0,0.0
2023-11-16 14:30:00-05:00,22.094999313354492,22.094999313354492,21.989999771118164,22.06999969482422,1039,0.0,0.0
2023-11-16 15:30:00-05:00,22.09000015258789,22.09000015258789,21.93000030517578,21.940000534057617,4296,0.0,0.0
2023-11-17 09:30:00-05:00,22.299999237060547,22.299999237060547,22.299999237060547,22.299999237060547,8461,0.0,0.0
2023-11-17 11:30:00-05:00,22.219999313354492,22.3799991607666,22.219999313354492,22.3799991607666,1150,0.0,0.0
2023-11-17 12:30:00-05:00,22.049999237060547,22.049999237060547,22.049999237060547,22.049999237060547,533,0.0,0.0
2023-11-17 13:30:00-05:00,22.111000061035156,22.229999542236328,22.110000610351562,22.190000534057617,1675,0.0,0.0
2023-11-17 14:30:00-05:00,22.190000534057617,22.200000762939453,22.18000030517578,22.200000762939453,1103,0.0,0.0
2023-11-17 15:30:00-05:00,22.15999984741211,22.200000762939453,22.100000381469727,22.1200008392334,5318,0.0,0.0
2023-11-20 09:30:00-05:00,22.045000076293945,22.045000076293945,22.045000076293945,22.045000076293945,170,0.0,0.0
2023-11-20 10:30:00-05:00,21.989999771118164,21.989999771118164,21.90290069580078,21.90290069580078,1066,0.0,0.0
2023-11-20 11:30:00-05:00,21.8799991607666,21.8799991607666,21.8799991607666,21.8799991607666,197,0.0,0.0
2023-11-20 12:30:00-05:00,21.829999923706055,21.979999542236328,21.809999465942383,21.809999465942383,668,0.0,0.0
2023-11-20 13:30:00-05:00,21.760000228881836,21.760000228881836,21.760000228881836,21.760000228881836,445,0.0,0.0
2023-11-20 14:30:00-05:00,21.760000228881836,21.770000457763672,21.6200008392334,21.6200008392334,2795,0.0,0.0
2023-11-20 15:30:00-05:00,21.649999618530273,21.860000610351562,21.639999389648438,21.829999923706055,3391,0.0,0.0
2023-11-21 09:30:00-05:00,21.889999389648438,21.889999389648438,21.709999084472656,21.709999084472656,588,0.0,0.0
2023-11-21 10:30:00-05:00,21.649999618530273,21.649999618530273,21.649999618530273,21.649999618530273,120,0.0,0.0
2023-11-21 11:30:00-05:00,21.510000228881836,21.674999237060547,21.510000228881836,21.665000915527344,1434,0.0,0.0
2023-11-21 12:30:00-05:00,21.559999465942383,21.625,21.549999237060547,21.549999237060547,1074,0.0,0.0
2023-11-21 13:30:00-05:00,21.479999542236328,21.540000915527344,21.454999923706055,21.5,1242,0.0,0.0
2023-11-21 14:30:00-05:00,21.5,21.5,21.399999618530273,21.459999084472656,2076,0.0,0.0
2023-11-21 15:30:00-05:00,21.459999084472656,21.459999084472656,21.299999237060547,21.299999237060547,2686,0.0,0.0
2023-11-22 09:30:00-05:00,21.520000457763672,21.520000457763672,21.520000457763672,21.520000457763672,856,0.0,0.0
2023-11-22 11:30:00-05:00,21.59000015258789,21.59000015258789,21.485000610351562,21.485000610351562,491,0.0,0.0
2023-11-22 12:30:00-05:00,21.399999618530273,21.399999618530273,21.110000610351562,21.110000610351562,908,0.0,0.0
2023-11-22 13:30:00-05:00,21.149999618530273,21.190000534057617,21.149999618530273,21.190000534057617,814,0.0,0.0
2023-11-22 14:30:00-05:00,21.06999969482422,21.299999237060547,21.06999969482422,21.299999237060547,1118,0.0,0.0
2023-11-22 15:30:00-05:00,21.290000915527344,21.290000915527344,21.15999984741211,21.290000915527344,1570,0.0,0.0
2023-11-24 10:30:00-05:00,21.520000457763672,21.56999969482422,21.520000457763672,21.56999969482422,1591,0.0,0.0
2023-11-24 11:30:00-05:00,21.549999237060547,21.8700008392334,21.549999237060547,21.844999313354492,4020,0.0,0.0
2023-11-27 09:30:00-05:00,22.0,22.0,22.0,22.0,1076,0.0,0.0
2023-11-27 10:30:00-05:00,21.809999465942383,21.809999465942383,21.610000610351562,21.610000610351562,922,0.0,0.0
2023-11-27 11:30:00-05:00,21.760000228881836,21.760000228881836,21.459999084472656,21.559999465942383,1914,0.0,0.0
2023-11-27 12:30:00-05:00,21.579999923706055,21.860000610351562,21.579999923706055,21.860000610351562,1070,0.0,0.0
2023-11-27 13:30:00-05:00,21.68000030517578,21.729999542236328,21.655000686645508,21.729999542236328,1378,0.0,0.0
2023-11-27 14:30:00-05:00,21.780000686645508,21.790000915527344,21.780000686645508,21.790000915527344,905,0.0,0.0
2023-11-27 15:30:00-05:00,21.725000381469727,21.725000381469727,21.6200008392334,21.639999389648438,2432,0.0,0.0
2023-11-28 09:30:00-05:00,21.524999618530273,21.524999618530273,21.524999618530273,21.524999618530273,979,0.0,0.0
2023-11-28 10:30:00-05:00,21.5,21.770000457763672,21.5,21.5,1146,0.0,0.0
2023-11-28 11:30:00-05:00,21.549999237060547,21.549999237060547,21.510000228881836,21.510000228881836,605,0.0,0.0
2023-11-28 12:30:00-05:00,21.40999984741211,21.459999084472656,21.40999984741211,21.459999084472656,589,0.0,0.0
2023-11-28 13:30:00-05:00,21.420000076293945,21.420000076293945,21.420000076293945,21.420000076293945,129,0.0,0.0
2023-11-28 14:30:00-05:00,21.420000076293945,21.43000030517578,21.420000076293945,21.43000030517578,1087,0.0,0.0
2023-11-28 15:30:00-05:00,21.450000762939453,21.489999771118164,21.309999465942383,21.350000381469727,2890,0.0,0.0
2023-11-29 09:30:00-05:00,21.200000762939453,21.260099411010742,21.200000762939453,21.260099411010742,1119,0.0,0.0
2023-11-29 10:30:00-05:00,21.549999237060547,21.549999237060547,21.549999237060547,21.549999237060547,512,0.0,0.0
2023-11-29 11:30:00-05:00,21.725000381469727,21.729999542236328,21.725000381469727,21.729999542236328,619,0.0,0.0
2023-11-29 12:30:00-05:00,21.600000381469727,21.600000381469727,21.451000213623047,21.451000213623047,1355,0.0,0.0
2023-11-29 13:30:00-05:00,21.565000534057617,21.700000762939453,21.5,21.700000762939453,2450,0.0,0.0
2023-11-29 14:30:00-05:00,21.645000457763672,21.645000457763672,21.6200008392334,21.6200008392334,946,0.0,0.0
2023-11-29 15:30:00-05:00,21.6299991607666,21.909000396728516,21.549999237060547,21.75,33217,0.0,0.0
2023-11-30 09:30:00-05:00,21.989999771118164,21.989999771118164,21.829999923706055,21.829999923706055,687,0.0,0.0
2023-11-30 10:30:00-05:00,21.700000762939453,21.905000686645508,21.610000610351562,21.729999542236328,3177,0.0,0.0
2023-11-30 11:30:00-05:00,21.75,21.899999618530273,21.610000610351562,21.709999084472656,27742,0.0,0.0
2023-11-30 12:30:00-05:00,21.540000915527344,21.65999984741211,21.5,21.530000686645508,2795,0.0,0.0
2023-11-30 13:30:00-05:00,21.559999465942383,21.639999389648438,21.520000457763672,21.559999465942383,2056,0.0,0.0
2023-11-30 14:30:00-05:00,21.600000381469727,21.604999542236328,21.450000762939453,21.479999542236328,1860,0.0,0.0
2023-11-30 15:30:00-05:00,21.520000457763672,21.530000686645508,21.25,21.34000015258789,22310,0.0,0.0
2023-12-01 09:30:00-05:00,21.149999618530273,21.610000610351562,21.149999618530273,21.610000610351562,2275,0.0,0.0
2023-12-01 10:30:00-05:00,21.709999084472656,21.950000762939453,21.639999389648438,21.950000762939453,1961,0.0,0.0
2023-12-01 11:30:00-05:00,22.0,22.25,21.8799991607666,22.200000762939453,3105,0.0,0.0
2023-12-01 12:30:00-05:00,22.25,22.420000076293945,22.1200008392334,22.209999084472656,3738,0.0,0.0
2023-12-01 13:30:00-05:00,22.229999542236328,22.450000762939453,22.1299991607666,22.149999618530273,2041,0.0,0.0
2023-12-01 14:30:00-05:00,22.260000228881836,22.260000228881836,22.139999389648438,22.149999618530273,1354,0.0,0.0
2023-12-01 15:30:00-05:00,22.149999618530273,22.200000762939453,22.110000610351562,22.18000030517578,22856,0.0,0.0
2023-12-04 09:30:00-05:00,22.200000762939453,22.385000228881836,22.200000762939453,22.385000228881836,896,0.0,0.0
2023-12-04 10:30:00-05:00,22.6299991607666,22.6299991607666,22.6200008392334,22.6200008392334,570,0.0,0.0
2023-12-04 13:30:00-05:00,22.74679946899414,22.74679946899414,22.74679946899414,22.74679946899414,735,0.0,0.0
2023-12-04 14:30:00-05:00,22.989999771118164,23.1299991607666,22.989999771118164,23.1299991607666,2567,0.0,0.0
2023-12-04 15:30:00-05:00,23.290000915527344,23.290000915527344,22.940000534057617,23.1200008392334,5443,0.0,0.0
2023-12-05 09:30:00-05:00,23.0,23.0,23.0,23.0,679,0.0,0.0
2023-12-05 14:30:00-05:00,22.665000915527344,22.665000915527344,22.320100784301758,22.320100784301758,725,0.0,0.0
2023-12-05 15:30:00-05:00,22.649999618530273,22.649999618530273,22.2450008392334,22.5,3931,0.0,0.0
2023-12-06 09:30:00-05:00,22.700000762939453,23.280000686645508,22.700000762939453,23.280000686645508,8863,0.0,0.0
2023-12-06 10:30:00-05:00,23.190000534057617,23.190000534057617,23.0,23.0,1559,0.0,0.0
2023-12-06 11:30:00-05:00,22.799999237060547,22.799999237060547,22.790000915527344,22.790000915527344,472,0.0,0.0
2023-12-06 12:30:00-05:00,22.790000915527344,22.790000915527344,22.719999313354492,22.719999313354492,639,0.0,0.0
2023-12-06 13:30:00-05:00,22.700000762939453,22.829999923706055,22.600000381469727,22.600000381469727,655,0.0,0.0
2023-12-06 14:30:00-05:00,22.780000686645508,22.780000686645508,22.420000076293945,22.420000076293945,903,0.0,0.0
2023-12-06 15:30:00-05:00,22.40999984741211,22.610000610351562,22.40999984741211,22.469999313354492,5424,0.0,0.0
2023-12-07 09:30:00-05:00,22.690000534057617,22.9689998626709,22.479999542236328,22.87350082397461,2587,0.0,0.0
2023-12-07 11:30:00-05:00,22.899999618530273,22.899999618530273,22.7450008392334,22.799999237060547,1328,0.0,0.0
2023-12-07 12:30:00-05:00,22.799999237060547,23.139999389648438,22.799999237060547,23.139999389648438,6984,0.0,0.0
2023-12-07 13:30:00-05:00,23.02079963684082,23.075000762939453,23.020000457763672,23.020000457763672,3281,0.0,0.0
2023-12-07 14:30:00-05:00,23.06999969482422,23.079999923706055,23.059999465942383,23.079999923706055,1723,0.0,0.0
2023-12-07 15:30:00-05:00,23.079999923706055,23.079999923706055,22.8700008392334,22.979999542236328,5299,0.0,0.0
2023-12-08 09:30:00-05:00,22.329999923706055,23.489999771118164,22.329999923706055,23.450000762939453,17015,0.0,0.0
2023-12-08 10:30:00-05:00,23.31999969482422,23.31999969482422,22.875,23.100000381469727,2272,0.0,0.0
2023-12-08 11:30:00-05:00,22.790000915527344,22.950000762939453,22.790000915527344,22.90250015258789,3844,0.0,0.0
2023-12-08 12:30:00-05:00,22.8700008392334,23.010000228881836,22.8700008392334,23.010000228881836,253,0.0,0.0
2023-12-08 13:30:00-05:00,23.219999313354492,23.219999313354492,23.06999969482422,23.190000534057617,1366,0.0,0.0
2023-12-08 14:30:00-05:00,22.989999771118164,23.149999618530273,22.780000686645508,23.1200008392334,9202,0.0,0.0
2023-12-08 15:30:00-05:00,22.979999542236328,23.1200008392334,22.850000381469727,23.049999237060547,30205,0.0,0.0
2023-12-11 09:30:00-05:00,23.200000762939453,23.25,23.020000457763672,23.170000076293945,5269,0.0,0.0
2023-12-11 10:30:00-05:00,23.065000534057617,23.107099533081055,22.959999084472656,23.107099533081055,3197,0.0,0.0
2023-12-11 11:30:00-05:00,23.079999923706055,23.079999923706055,23.079999923706055,23.079999923706055,811,0.0,0.0
2023-12-11 12:30:00-05:00,23.18000030517578,23.18000030517578,23.18000030517578,23.18000030517578,316,0.0,0.0
2023-12-11 13:30:00-05:00,23.190000534057617,23.270000457763672,23.190000534057617,23.25,1982,0.0,0.0
2023-12-11 15:30:00-05:00,23.170000076293945,23.280000686645508,23.170000076293945,23.190000534057617,3408,0.0,0.0
2023-12-12 09:30:00-05:00,23.040000915527344,23.10449981689453,23.040000915527344,23.045900344848633,3455,0.0,0.0
2023-12-12 10:30:00-05:00,23.06999969482422,23.190000534057617,23.059999465942383,23.059999465942383,6526,0.0,0.0
2023-12-12 11:30:00-05:00,23.139999389648438,23.139999389648438,23.139999389648438,23.139999389648438,386,0.0,0.0
2023-12-12 12:30:00-05:00,23.145000457763672,23.149999618530273,23.145000457763672,23.149999618530273,975,0.0,0.0
2023-12-12 13:30:00-05:00,23.100000381469727,23.170000076293945,23.09000015258789,23.09000015258789,775,0.0,0.0
2023-12-12 14:30:00-05:00,23.170000076293945,23.190000534057617,23.170000076293945,23.190000534057617,1598,0.0,0.0
2023-12-12 15:30:00-05:00,23.190000534057617,23.190000534057617,23.010000228881836,23.049999237060547,3259,0.0,0.0
2023-12-13 09:30:00-05:00,23.059999465942383,23.149999618530273,23.059999465942383,23.149999618530273,2439,0.0,0.0
2023-12-13 10:30:00-05:00,23.09000015258789,23.149999618530273,23.09000015258789,23.114999771118164,3860,0.0,0.0
2023-12-13 11:30:00-05:00,23.18000030517578,23.190000534057617,23.1299991607666,23.1299991607666,2249,0.0,0.0
2023-12-13 13:30:00-05:00,23.110000610351562,23.5,22.84000015258789,23.450000762939453,28072,0.0,0.0
2023-12-13 14:30:00-05:00,23.579999923706055,23.770000457763672,23.579999923706055,23.68000030517578,24879,0.0,0.0
2023-12-13 15:30:00-05:00,23.709999084472656,24.739999771118164,23.709999084472656,24.6299991607666,34306,0.0,0.0
2023-12-14 09:30:00-05:00,25.170000076293945,25.68000030517578,24.670000076293945,24.670000076293945,12689,0.0,0.0
2023-12-14 10:30:00-05:00,24.81399917602539,24.8700008392334,24.81399917602539,24.8700008392334,541,0.0,0.0
2023-12-14 11:30:00-05:00,24.950000762939453,24.950000762939453,24.8700008392334,24.8700008392334,772,0.0,0.0
2023-12-14 12:30:00-05:00,24.899999618530273,24.989999771118164,24.75,24.75,1990,0.0,0.0
2023-12-14 13:30:00-05:00,24.729999542236328,24.729999542236328,24.663000106811523,24.663000106811523,1281,0.0,0.0
2023-12-14 14:30:00-05:00,24.670000076293945,24.899999618530273,24.670000076293945,24.799999237060547,1943,0.0,0.0
2023-12-14 15:30:00-05:00,24.979999542236328,24.989999771118164,24.75,24.899999618530273,7509,0.0,0.0
2023-12-15 09:30:00-05:00,25.059999465942383,25.219999313354492,24.899999618530273,24.950000762939453,30235,0.0,0.0
2023-12-15 10:30:00-05:00,24.899999618530273,25.100000381469727,24.899999618530273,24.975000381469727,1773,0.0,0.0
2023-12-15 11:30:00-05:00,24.860000610351562,24.969999313354492,24.780000686645508,24.829999923706055,2024,0.0,0.0
2023-12-15 13:30:00-05:00,24.604999542236328,24.604999542236328,24.565000534057617,24.565000534057617,742,0.0,0.0
2023-12-15 14:30:00-05:00,24.467300415039062,24.670000076293945,24.467300415039062,24.6299991607666,2788,0.0,0.0
2023-12-15 15:30:00-05:00,24.600000381469727,25.450000762939453,24.520000457763672,25.260000228881836,22885,0.0,0.0
2023-12-18 09:30:00-05:00,25.690000534057617,25.690000534057617,24.940000534057617,24.950000762939453,2634,0.0,0.0
2023-12-18 10:30:00-05:00,24.979999542236328,25.059999465942383,24.729999542236328,24.729999542236328,4463,0.0,0.0
2023-12-18 11:30:00-05:00,24.739999771118164,24.780000686645508,24.649999618530273,24.719999313354492,5938,0.0,0.0
2023-12-18 12:30:00-05:00,24.65999984741211,24.65999984741211,24.59000015258789,24.59000015258789,1027,0.0,0.0
2023-12-18 13:30:00-05:00,24.549999237060547,24.579999923706055,24.40999984741211,24.579999923706055,3110,0.0,0.0
2023-12-18 14:30:00-05:00,24.44499969482422,24.739999771118164,24.44499969482422,24.614999771118164,1856,0.0,0.0
2023-12-18 15:30:00-05:00,24.655000686645508,24.700000762939453,24.530000686645508,24.540000915527344,8648,0.0,0.0
2023-12-19 09:30:00-05:00,24.729999542236328,24.8700008392334,24.690000534057617,24.8700008392334,1500,0.0,0.0
2023-12-19 10:30:00-05:00,25.0,25.360000610351562,25.0,25.350000381469727,5524,0.0,0.0
2023-12-19 11:30:00-05:00,25.270000457763672,25.270000457763672,24.850000381469727,24.850000381469727,22179,0.0,0.0
2023-12-19 12:30:00-05:00,24.979999542236328,25.149999618530273,24.979999542236328,25.1299991607666,1244,0.0,0.0
2023-12-19 13:30:00-05:00,25.071500778198242,25.18000030517578,25.071500778198242,25.135000228881836,1489,0.0,0.0
2023-12-19 14:30:00-05:00,24.959999084472656,25.149999618530273,24.959999084472656,25.149999618530273,2174,0.0,0.0
2023-12-19 15:30:00-05:00,25.049999237060547,25.229999542236328,24.989999771118164,24.989999771118164,9877,0.0,0.0
2023-12-20 09:30:00-05:00,25.0,25.360000610351562,24.760000228881836,25.360000610351562,8590,0.0,0.0
2023-12-20 10:30:00-05:00,25.3700008392334,25.700000762939453,25.239999771118164,25.520000457763672,14082,0.0,0.0
2023-12-20 11:30:00-05:00,25.520000457763672,25.559999465942383,25.350000381469727,25.3700008392334,3893,0.0,0.0
2023-12-20 12:30:00-05:00,25.530000686645508,25.579999923706055,25.385000228881836,25.46500015258789,9243,0.0,0.0
2023-12-20 13:30:00-05:00,25.459999084472656,25.459999084472656,25.420000076293945,25.450000762939453,2439,0.0,0.0
2023-12-20 14:30:00-05:00,25.34000015258789,25.34000015258789,24.700000762939453,24.889999389648438,6835,0.0,0.0
2023-12-20 15:30:00-05:00,24.959999084472656,24.959999084472656,24.549999237060547,24.729999542236328,6234,0.0,0.0
2023-12-21 10:30:00-05:00,25.0,25.0,24.979999542236328,25.0,1161,0.0,0.0
2023-12-21 11:30:00-05:00,24.989999771118164,24.989999771118164,24.6200008392334,24.6200008392334,2660,0.0,0.0
2023-12-21 12:30:00-05:00,24.799999237060547,24.823699951171875,24.770000457763672,24.770000457763672,1874,0.0,0.0
2023-12-21 13:30:00-05:00,24.860000610351562,24.920000076293945,24.75,24.860000610351562,3662,0.0,0.0
2023-12-21 14:30:00-05:00,24.790800094604492,24.8700008392334,24.75,24.770000457763672,3227,0.0,0.0
2023-12-21 15:30:00-05:00,24.770000457763672,24.959999084472656,24.770000457763672,24.920000076293945,9577,0.0,0.0
2023-12-22 09:30:00-05:00,25.239999771118164,25.239999771118164,25.239999771118164,25.239999771118164,340,0.0,0.0
2023-12-22 10:30:00-05:00,25.179000854492188,25.179000854492188,24.895000457763672,24.895000457763672,2799,0.0,0.0
2023-12-22 11:30:00-05:00,24.8799991607666,24.8799991607666,24.8799991607666,24.8799991607666,241,0.0,0.0
2023-12-22 12:30:00-05:00,25.0,25.1299991607666,25.0,25.0049991607666,5375,0.0,0.0
2023-12-22 13:30:00-05:00,25.079999923706055,25.079999923706055,25.0,25.0,1671,0.0,0.0
2023-12-22 14:30:00-05:00,24.799999237060547,25.0,24.799999237060547,24.860000610351562,1955,0.0,0.0
2023-12-22 15:30:00-05:00,24.860000610351562,25.040000915527344,24.760000228881836,25.040000915527344,8659,0.0,0.0
2023-12-26 09:30:00-05:00,25.229999542236328,25.229999542236328,25.229999542236328,25.229999542236328,247,0.0,0.0
2023-12-26 10:30:00-05:00,25.209999084472656,25.239999771118164,25.200000762939453,25.239999771118164,1015,0.0,0.0
2023-12-26 11:30:00-05:00,25.401199340820312,25.729999542236328,25.350000381469727,25.709999084472656,7184,0.0,0.0
2023-12-26 12:30:00-05:00,25.75,25.860000610351562,25.670000076293945,25.799999237060547,5800,0.0,0.0
2023-12-26 13:30:00-05:00,25.920000076293945,25.920000076293945,25.829999923706055,25.829999923706055,3148,0.0,0.0
2023-12-26 14:30:00-05:00,25.75,25.75,25.5,25.549999237060547,48760,0.0,0.0
2023-12-26 15:30:00-05:00,25.549999237060547,25.655000686645508,25.5,25.5,8830,0.0,0.0
2023-12-27 09:30:00-05:00,25.649999618530273,25.649999618530273,25.1200008392334,25.170000076293945,33933,0.0,0.0
2023-12-27 10:30:00-05:00,25.1299991607666,25.1299991607666,24.860000610351562,24.860000610351562,3075,0.0,0.0
2023-12-27 11:30:00-05:00,25.0,25.06999969482422,24.969999313354492,24.969999313354492,1474,0.0,0.0
2023-12-27 12:30:00-05:00,25.0,25.020000457763672,24.950000762939453,24.959999084472656,7460,0.0,0.0
2023-12-27 13:30:00-05:00,24.8799991607666,24.979999542236328,24.600000381469727,24.979999542236328,2519,0.0,0.0
2023-12-27 14:30:00-05:00,24.993999481201172,25.0,24.8799991607666,24.979999542236328,3008,0.0,0.0
2023-12-27 15:30:00-05:00,24.90999984741211,25.010000228881836,24.90999984741211,25.0,10302,0.0,0.0
2023-12-28 09:30:00-05:00,24.829999923706055,25.010000228881836,24.809999465942383,25.0,6400,0.0,0.0
2023-12-28 10:30:00-05:00,25.0,25.020000457763672,24.969999313354492,24.969999313354492,2485,0.0,0.0
2023-12-28 11:30:00-05:00,24.84149932861328,24.899999618530273,24.834999084472656,24.899999618530273,936,0.0,0.0
2023-12-28 12:30:00-05:00,24.979999542236328,25.020000457763672,24.899999618530273,24.899999618530273,7256,0.0,0.0
2023-12-28 13:30:00-05:00,24.979999542236328,25.0,24.93000030517578,24.93000030517578,992,0.0,0.0
2023-12-28 14:30:00-05:00,24.979999542236328,24.979999542236328,24.969999313354492,24.969999313354492,873,0.0,0.0
2023-12-28 15:30:00-05:00,24.969999313354492,25.020000457763672,24.969999313354492,25.0,10106,0.0,0.0
2023-12-29 09:30:00-05:00,25.020000457763672,25.020000457763672,24.81999969482422,24.81999969482422,1020,0.0,0.0
2023-12-29 10:30:00-05:00,24.649999618530273,24.649999618530273,24.549999237060547,24.549999237060547,798,0.0,0.0
2023-12-29 11:30:00-05:00,24.549999237060547,24.719999313354492,24.549999237060547,24.639999389648438,938,0.0,0.0
2023-12-29 12:30:00-05:00,24.68000030517578,24.690000534057617,24.610000610351562,24.610000610351562,817,0.0,0.0
2023-12-29 13:30:00-05:00,24.65999984741211,24.65999984741211,24.540000915527344,24.649999618530273,1240,0.0,0.0
2023-12-29 14:30:00-05:00,24.65999984741211,24.709999084472656,24.6200008392334,24.6200008392334,1353,0.0,0.0
2023-12-29 15:30:00-05:00,24.600000381469727,24.600000381469727,24.46500015258789,24.469999313354492,2641,0.0,0.0
2024-01-02 09:30:00-05:00,24.40999984741211,24.739999771118164,24.1200008392334,24.58049964904785,0,0.0,0.0
2024-01-02 10:30:00-05:00,24.520000457763672,24.59000015258789,24.520000457763672,24.530000686645508,1079,0.0,0.0
2024-01-02 11:30:00-05:00,24.65999984741211,24.65999984741211,24.53219985961914,24.53219985961914,1781,0.0,0.0
2024-01-02 12:30:00-05:00,24.649999618530273,24.649999618530273,24.420000076293945,24.420000076293945,3023,0.0,0.0
2024-01-02 13:30:00-05:00,24.389999389648438,24.5,24.26099967956543,24.26099967956543,3660,0.0,0.0
2024-01-02 14:30:00-05:00,24.21929931640625,24.219999313354492,24.06999969482422,24.200000762939453,3934,0.0,0.0
2024-01-02 15:30:00-05:00,24.239999771118164,24.360000610351562,24.15999984741211,24.270000457763672,6063,0.0,0.0
2024-01-03 09:30:00-05:00,24.350000381469727,24.350000381469727,23.920000076293945,24.170000076293945,3673,0.0,0.0
2024-01-03 10:30:00-05:00,24.030000686645508,24.139999389648438,23.959999084472656,24.020000457763672,4679,0.0,0.0
2024-01-03 11:30:00-05:00,24.075000762939453,24.075000762939453,24.075000762939453,24.075000762939453,451,0.0,0.0
2024-01-03 12:30:00-05:00,24.075000762939453,24.075000762939453,23.90999984741211,23.90999984741211,2182,0.0,0.0
2024-01-03 13:30:00-05:00,23.799999237060547,23.860000610351562,23.799999237060547,23.860000610351562,1580,0.0,0.0
2024-01-03 14:30:00-05:00,23.889999389648438,23.976499557495117,23.469999313354492,23.469999313354492,3922,0.0,0.0
2024-01-03 15:30:00-05:00,23.540000915527344,23.55500030517578,23.280000686645508,23.34000015258789,10272,0.0,0.0
2024-01-04 09:30:00-05:00,23.579999923706055,23.579999923706055,23.459999084472656,23.459999084472656,1226,0.0,0.0
2024-01-04 11:30:00-05:00,23.549999237060547,23.549999237060547,23.549999237060547,23.549999237060547,734,0.0,0.0
2024-01-04 12:30:00-05:00,23.649999618530273,23.649999618530273,23.649999618530273,23.649999618530273,259,0.0,0.0
2024-01-04 13:30:00-05:00,23.557199478149414,23.690000534057617,23.540000915527344,23.604999542236328,1178,0.0,0.0
2024-01-04 14:30:00-05:00,23.625,23.625,23.43000030517578,23.540000915527344,3235,0.0,0.0
2024-01-04 15:30:00-05:00,23.290000915527344,23.40999984741211,23.270000457763672,23.34000015258789,4516,0.0,0.0
2024-01-05 09:30:00-05:00,23.209999084472656,23.75,23.209999084472656,23.739999771118164,2510,0.0,0.0
2024-01-05 10:30:00-05:00,23.524999618530273,23.959999084472656,23.524999618530273,23.860000610351562,3900,0.0,0.0
2024-01-05 11:30:00-05:00,23.969999313354492,23.969999313354492,23.700000762939453,23.8799991607666,2744,0.0,0.0
2024-01-05 12:30:00-05:00,23.889999389648438,23.979999542236328,23.84000015258789,23.969999313354492,1693,0.0,0.0
2024-01-05 13:30:00-05:00,23.82710075378418,24.139999389648438,23.82710075378418,23.860000610351562,4077,0.0,0.0
2024-01-05 14:30:00-05:00,23.790000915527344,24.020000457763672,23.469999313354492,23.719999313354492,3092,0.0,0.0
2024-01-05 15:30:00-05:00,23.549999237060547,23.639999389648438,23.440000534057617,23.579999923706055,9423,0.0,0.0
2024-01-08 09:30:00-05:00,23.510000228881836,23.65999984741211,23.510000228881836,23.65999984741211,942,0.0,0.0
2024-01-08 10:30:00-05:00,23.420000076293945,23.700000762939453,23.420000076293945,23.700000762939453,1050,0.0,0.0
2024-01-08 11:30:00-05:00,23.549999237060547,23.549999237060547,23.510000228881836,23.510000228881836,1441,0.0,0.0
2024-01-08 12:30:00-05:00,23.43000030517578,23.44499969482422,23.309999465942383,23.350000381469727,1967,0.0,0.0
2024-01-08 13:30:00-05:00,23.280000686645508,23.43000030517578,23.239999771118164,23.43000030517578,1955,0.0,0.0
2024-01-08 14:30:00-05:00,23.420000076293945,23.530000686645508,23.3799991607666,23.514999389648438,1664,0.0,0.0
2024-01-08 15:30:00-05:00,23.520000457763672,23.920000076293945,23.520000457763672,23.920000076293945,13077,0.0,0.0
2024-01-09 09:30:00-05:00,23.559999465942383,23.559999465942383,23.5,23.5,761,0.0,0.0
2024-01-09 10:30:00-05:00,23.350000381469727,23.350000381469727,23.34000015258789,23.34000015258789,828,0.0,0.0
2024-01-09 11:30:00-05:00,23.5,23.530000686645508,23.5,23.530000686645508,393,0.0,0.0
2024-01-09 12:30:00-05:00,23.549999237060547,23.549999237060547,23.479999542236328,23.479999542236328,1378,0.0,0.0
2024-01-09 13:30:00-05:00,23.360000610351562,23.459999084472656,23.360000610351562,23.459999084472656,666,0.0,0.0
2024-01-09 14:30:00-05:00,23.385000228881836,23.385000228881836,23.31999969482422,23.31999969482422,1966,0.0,0.0
2024-01-09 15:30:00-05:00,23.43000030517578,23.43000030517578,23.329999923706055,23.329999923706055,5555,0.0,0.0
2024-01-10 09:30:00-05:00,23.149999618530273,23.149999618530273,23.0,23.0,811,0.0,0.0
2024-01-10 10:30:00-05:00,23.013999938964844,23.1299991607666,22.809999465942383,22.809999465942383,11256,0.0,0.0
2024-01-10 11:30:00-05:00,22.81999969482422,22.829999923706055,22.594999313354492,22.594999313354492,3949,0.0,0.0
2024-01-10 12:30:00-05:00,22.600000381469727,22.68000030517578,22.520000457763672,22.66010093688965,4977,0.0,0.0
2024-01-10 13:30:00-05:00,22.60540008544922,22.68000030517578,22.459999084472656,22.479999542236328,6489,0.0,0.0
2024-01-10 14:30:00-05:00,22.422000885009766,22.639999389648438,22.1200008392334,22.6200008392334,19544,0.0,0.0
2024-01-10 15:30:00-05:00,22.459999084472656,22.90999984741211,22.440000534057617,22.889999389648438,13432,0.0,0.0
2024-01-11 09:30:00-05:00,22.65999984741211,22.934999465942383,22.420000076293945,22.420000076293945,1253,0.0,0.0
2024-01-11 10:30:00-05:00,22.649999618530273,22.649999618530273,22.389999389648438,22.639999389648438,1303,0.0,0.0
2024-01-11 12:30:00-05:00,22.69499969482422,22.69499969482422,22.69499969482422,22.69499969482422,719,0.0,0.0
2024-01-11 13:30:00-05:00,22.604999542236328,22.719999313354492,22.604999542236328,22.719999313354492,678,0.0,0.0
2024-01-11 14:30:00-05:00,22.649999618530273,22.649999618530273,22.649999618530273,22.649999618530273,806,0.0,0.0
2024-01-11 15:30:00-05:00,22.719999313354492,22.739999771118164,22.5,22.719999313354492,6933,0.0,0.0
2024-01-12 09:30:00-05:00,22.989999771118164,22.989999771118164,22.989999771118164,22.989999771118164,661,0.0,0.0
2024-01-12 10:30:00-05:00,23.058000564575195,23.058000564575195,22.670000076293945,22.670000076293945,768,0.0,0.0
2024-01-12 11:30:00-05:00,22.520000457763672,22.59000015258789,22.520000457763672,22.59000015258789,300,0.0,0.0
2024-01-12 12:30:00-05:00,22.65999984741211,22.65999984741211,22.65999984741211,22.65999984741211,406,0.0,0.0
2024-01-12 13:30:00-05:00,22.809999465942383,22.809999465942383,22.809999465942383,22.809999465942383,403,0.0,0.0
2024-01-12 14:30:00-05:00,22.700000762939453,22.719999313354492,22.59000015258789,22.719999313354492,1259,0.0,0.0
2024-01-12 15:30:00-05:00,22.59000015258789,22.670000076293945,22.59000015258789,22.670000076293945,2446,0.0,0.0
2024-01-16 09:30:00-05:00,22.299999237060547,22.670000076293945,22.299999237060547,22.670000076293945,1439,0.0,0.0
2024-01-16 11:30:00-05:00,22.331100463867188,22.331100463867188,22.331100463867188,22.331100463867188,266,0.0,0.0
2024-01-16 12:30:00-05:00,22.270000457763672,22.270000457763672,22.270000457763672,22.270000457763672,359,0.0,0.0
2024-01-16 13:30:00-05:00,22.309999465942383,22.309999465942383,22.110000610351562,22.125,2411,0.0,0.0
2024-01-16 14:30:00-05:00,22.18000030517578,22.18000030517578,22.18000030517578,22.18000030517578,658,0.0,0.0
2024-01-16 15:30:00-05:00,22.149999618530273,22.299999237060547,22.139999389648438,22.260000228881836,3220,0.0,0.0
2024-01-17 09:30:00-05:00,21.84000015258789,22.3799991607666,21.84000015258789,22.3799991607666,786,0.0,0.0
2024-01-17 10:30:00-05:00,22.360000610351562,22.360000610351562,22.360000610351562,22.360000610351562,995,0.0,0.0
2024-01-17 11:30:00-05:00,22.329999923706055,22.364999771118164,22.260000228881836,22.260000228881836,2052,0.0,0.0
2024-01-17 12:30:00-05:00,22.290000915527344,22.290000915527344,22.209999084472656,22.25,2088,0.0,0.0
2024-01-17 13:30:00-05:00,22.18000030517578,22.260000228881836,22.1200008392334,22.260000228881836,1384,0.0,0.0
2024-01-17 14:30:00-05:00,22.214000701904297,22.43000030517578,22.214000701904297,22.43000030517578,2164,0.0,0.0
2024-01-17 15:30:00-05:00,22.420000076293945,22.549999237060547,22.395000457763672,22.549999237060547,2622,0.0,0.0
2024-01-18 09:30:00-05:00,22.670000076293945,22.670000076293945,22.670000076293945,22.670000076293945,402,0.0,0.0
2024-01-18 10:30:00-05:00,22.420000076293945,22.420000076293945,22.420000076293945,22.420000076293945,763,0.0,0.0
2024-01-18 11:30:00-05:00,22.309999465942383,22.309999465942383,22.226299285888672,22.226299285888672,1953,0.0,0.0
2024-01-18 12:30:00-05:00,22.25,22.479999542236328,22.25,22.34000015258789,1539,0.0,0.0
2024-01-18 13:30:00-05:00,22.298099517822266,22.395999908447266,22.298099517822266,22.385000228881836,2040,0.0,0.0
2024-01-18 14:30:00-05:00,22.43000030517578,22.44499969482422,22.34000015258789,22.389999389648438,1310,0.0,0.0
2024-01-18 15:30:00-05:00,22.40999984741211,22.469999313354492,22.399999618530273,22.469999313354492,1388,0.0,0.0
2024-01-19 09:30:00-05:00,22.610000610351562,22.610000610351562,22.333499908447266,22.469999313354492,3809,0.0,0.0
2024-01-19 11:30:00-05:00,22.549999237060547,22.59000015258789,22.549999237060547,22.59000015258789,677,0.0,0.0
2024-01-19 12:30:00-05:00,22.68000030517578,22.69499969482422,22.600000381469727,22.610000610351562,3005,0.0,0.0
2024-01-19 14:30:00-05:00,22.700000762939453,22.700000762939453,22.639999389648438,22.68000030517578,1105,0.0,0.0
2024-01-19 15:30:00-05:00,22.729999542236328,22.950000762939453,22.729999542236328,22.950000762939453,6684,0.0,0.0
2024-01-22 09:30:00-05:00,23.270000457763672,23.462499618530273,23.270000457763672,23.462499618530273,765,0.0,0.0
2024-01-22 10:30:00-05:00,23.135000228881836,23.135000228881836,23.100000381469727,23.100000381469727,752,0.0,0.0
2024-01-22 11:30:00-05:00,23.219900131225586,23.219999313354492,23.219900131225586,23.219999313354492,407,0.0,0.0
2024-01-22 12:30:00-05:00,23.239999771118164,23.299999237060547,23.239999771118164,23.299999237060547,1940,0.0,0.0
2024-01-22 13:30:00-05:00,23.225000381469727,23.239999771118164,23.225000381469727,23.239999771118164,753,0.0,0.0
2024-01-22 14:30:00-05:00,23.450000762939453,23.450000762939453,23.450000762939453,23.450000762939453,703,0.0,0.0
2024-01-22 15:30:00-05:00,23.5,23.770000457763672,23.5,23.760000228881836,2909,0.0,0.0
2024-01-23 09:30:00-05:00,23.649999618530273,23.649999618530273,23.0,23.110000610351562,2520,0.0,0.0
2024-01-23 10:30:00-05:00,23.059999465942383,23.059999465942383,22.799999237060547,22.799999237060547,1111,0.0,0.0
2024-01-23 11:30:00-05:00,22.899999618530273,23.110000610351562,22.8799991607666,23.075000762939453,4186,0.0,0.0
2024-01-23 12:30:00-05:00,23.139999389648438,23.40999984741211,23.139999389648438,23.219999313354492,3920,0.0,0.0
2024-01-23 13:30:00-05:00,23.239999771118164,23.34000015258789,23.239999771118164,23.299999237060547,1106,0.0,0.0
2024-01-23 14:30:00-05:00,23.450000762939453,23.459999084472656,23.440000534057617,23.450000762939453,1941,0.0,0.0
2024-01-23 15:30:00-05:00,23.280000686645508,23.540000915527344,23.21500015258789,23.510000228881836,5917,0.0,0.0
2024-01-24 09:30:00-05:00,23.899999618530273,23.899999618530273,23.415000915527344,23.415000915527344,647,0.0,0.0
2024-01-24 10:30:00-05:00,23.799999237060547,23.799999237060547,23.6200008392334,23.6200008392334,1256,0.0,0.0
2024-01-24 11:30:00-05:00,23.706899642944336,23.80500030517578,23.690000534057617,23.80500030517578,2378,0.0,0.0
2024-01-24 12:30:00-05:00,23.80500030517578,23.850000381469727,23.80500030517578,23.850000381469727,456,0.0,0.0
2024-01-24 13:30:00-05:00,23.899999618530273,23.93000030517578,23.899999618530273,23.899999618530273,4761,0.0,0.0
2024-01-24 14:30:00-05:00,23.899999618530273,23.899999618530273,23.899999618530273,23.899999618530273,1490,0.0,0.0
2024-01-24 15:30:00-05:00,23.950000762939453,23.969999313354492,23.889999389648438,23.899999618530273,2368,0.0,0.0
2024-01-25 09:30:00-05:00,24.0,24.0,23.8799991607666,23.8799991607666,1489,0.0,0.0
2024-01-25 10:30:00-05:00,23.850000381469727,23.850000381469727,23.850000381469727,23.850000381469727,14024,0.0,0.0
2024-01-25 11:30:00-05:00,23.920000076293945,24.239999771118164,23.920000076293945,24.239999771118164,1587,0.0,0.0
2024-01-25 12:30:00-05:00,24.059999465942383,24.139999389648438,23.950000762939453,24.139999389648438,2165,0.0,0.0
2024-01-25 13:30:00-05:00,24.149999618530273,24.25,24.1200008392334,24.1200008392334,2891,0.0,0.0
2024-01-25 14:30:00-05:00,24.090099334716797,24.34000015258789,23.5,23.510000228881836,25708,0.0,0.0
2024-01-25 15:30:00-05:00,23.825000762939453,24.0,23.809999465942383,23.889999389648438,12256,0.0,0.0
2024-01-26 09:30:00-05:00,24.15999984741211,24.15999984741211,23.8700008392334,23.8700008392334,752,0.0,0.0
2024-01-26 13:30:00-05:00,24.04599952697754,24.04599952697754,23.84000015258789,24.045000076293945,862,0.0,0.0
2024-01-26 14:30:00-05:00,24.0,24.170000076293945,24.0,24.170000076293945,1478,0.0,0.0
2024-01-26 15:30:00-05:00,23.950000762939453,24.3799991607666,23.950000762939453,24.350000381469727,5066,0.0,0.0
2024-01-29 09:30:00-05:00,24.139999389648438,24.139999389648438,24.139999389648438,24.139999389648438,233,0.0,0.0
2024-01-29 10:30:00-05:00,23.940000534057617,23.940000534057617,23.940000534057617,23.940000534057617,272,0.0,0.0
2024-01-29 11:30:00-05:00,23.850000381469727,23.850000381469727,23.850000381469727,23.850000381469727,238,0.0,0.0
2024-01-29 12:30:00-05:00,23.850000381469727,23.850000381469727,23.790000915527344,23.790000915527344,289,0.0,0.0
2024-01-29 13:30:00-05:00,23.959999084472656,24.059999465942383,23.959999084472656,24.059999465942383,816,0.0,0.0
2024-01-29 14:30:00-05:00,23.780000686645508,24.06999969482422,23.780000686645508,24.06999969482422,326,0.0,0.0
2024-01-29 15:30:00-05:00,24.239999771118164,25.0,24.239999771118164,24.690000534057617,23423,0.0,0.0
2024-01-30 09:30:00-05:00,24.559999465942383,24.559999465942383,24.459999084472656,24.469999313354492,656,0.0,0.0
2024-01-30 10:30:00-05:00,24.381900787353516,24.381900787353516,24.31999969482422,24.31999969482422,967,0.0,0.0
2024-01-30 11:30:00-05:00,24.260000228881836,24.260000228881836,24.260000228881836,24.260000228881836,162,0.0,0.0
2024-01-30 13:30:00-05:00,24.31999969482422,24.31999969482422,24.31999969482422,24.31999969482422,396,0.0,0.0
2024-01-30 14:30:00-05:00,24.280000686645508,24.351900100708008,24.280000686645508,24.299999237060547,879,0.0,0.0
2024-01-30 15:30:00-05:00,24.3799991607666,24.399999618530273,24.270000457763672,24.31999969482422,3641,0.0,0.0
2024-01-31 09:30:00-05:00,24.149999618530273,24.149999618530273,23.989999771118164,24.0,966,0.0,0.0
2024-01-31 11:30:00-05:00,23.90999984741211,23.90999984741211,23.75,23.75,1027,0.0,0.0
2024-01-31 13:30:00-05:00,23.81999969482422,23.81999969482422,23.600000381469727,23.600000381469727,776,0.0,0.0
2024-01-31 14:30:00-05:00,23.649999618530273,23.770000457763672,23.5,23.75,3450,0.0,0.0
2024-01-31 15:30:00-05:00,23.56999969482422,23.684600830078125,23.25,23.260000228881836,15561,0.0,0.0
2024-02-01 09:30:00-05:00,23.149999618530273,23.170000076293945,23.149999618530273,23.149999618530273,11695,0.0,0.0
2024-02-01 10:30:00-05:00,22.56999969482422,22.739999771118164,22.360000610351562,22.739999771118164,3993,0.0,0.0
2024-02-01 11:30:00-05:00,22.3799991607666,22.56999969482422,22.3799991607666,22.530000686645508,1283,0.0,0.0
2024-02-01 12:30:00-05:00,22.477500915527344,22.764999389648438,22.399999618530273,22.399999618530273,2096,0.0,0.0
2024-02-01 13:30:00-05:00,22.600000381469727,22.614999771118164,22.600000381469727,22.614999771118164,576,0.0,0.0
2024-02-01 14:30:00-05:00,22.760000228881836,22.920000076293945,22.760000228881836,22.860000610351562,2145,0.0,0.0
2024-02-01 15:30:00-05:00,22.84000015258789,23.010000228881836,22.600000381469727,23.010000228881836,4137,0.0,0.0
2024-02-02 09:30:00-05:00,22.530000686645508,22.530000686645508,22.469999313354492,22.520000457763672,2521,0.0,0.0
2024-02-02 10:30:00-05:00,22.975000381469727,22.975000381469727,22.975000381469727,22.975000381469727,514,0.0,0.0
2024-02-02 12:30:00-05:00,22.770000457763672,22.770000457763672,22.770000457763672,22.770000457763672,473,0.0,0.0
2024-02-02 13:30:00-05:00,22.770000457763672,22.770000457763672,22.770000457763672,22.770000457763672,388,0.0,0.0
2024-02-02 14:30:00-05:00,22.469999313354492,22.809999465942383,22.469999313354492,22.670000076293945,1959,0.0,0.0
2024-02-02 15:30:00-05:00,22.56999969482422,22.719999313354492,22.3799991607666,22.3799991607666,5785,0.0,0.0
2024-02-05 09:30:00-05:00,22.139999389648438,22.139999389648438,22.139999389648438,22.139999389648438,626,0.0,0.0
2024-02-05 11:30:00-05:00,22.014400482177734,22.15730094909668,21.8700008392334,21.8700008392334,2275,0.0,0.0
2024-02-05 12:30:00-05:00,22.024999618530273,22.110000610351562,22.024999618530273,22.110000610351562,1271,0.0,0.0
2024-02-05 13:30:00-05:00,22.040000915527344,22.059999465942383,22.030000686645508,22.040000915527344,1509,0.0,0.0
2024-02-05 14:30:00-05:00,22.170000076293945,22.170000076293945,22.059999465942383,22.170000076293945,2092,0.0,0.0
2024-02-05 15:30:00-05:00,22.239999771118164,22.290000915527344,21.739999771118164,21.8799991607666,13152,0.0,0.0
2024-02-06 09:30:00-05:00,21.700000762939453,22.025800704956055,21.700000762939453,22.025800704956055,2066,0.0,0.0
2024-02-06 11:30:00-05:00,21.934999465942383,21.934999465942383,21.934999465942383,21.934999465942383,146,0.0,0.0
2024-02-06 12:30:00-05:00,21.729999542236328,21.729999542236328,21.06999969482422,21.110000610351562,5353,0.0,0.0
2024-02-06 13:30:00-05:00,21.360000610351562,21.5,21.150100708007812,21.225099563598633,1064,0.0,0.0
2024-02-06 14:30:00-05:00,21.209999084472656,21.5,21.209999084472656,21.31999969482422,3516,0.0,0.0
2024-02-06 15:30:00-05:00,21.31999969482422,21.65999984741211,21.239999771118164,21.6299991607666,7833,0.0,0.0
2024-02-07 09:30:00-05:00,21.579999923706055,21.670000076293945,20.719999313354492,21.219999313354492,7931,0.0,0.0
2024-02-07 10:30:00-05:00,21.219999313354492,21.219999313354492,21.219999313354492,21.219999313354492,256,0.0,0.0
2024-02-07 11:30:00-05:00,21.239999771118164,21.440000534057617,21.200000762939453,21.40999984741211,1948,0.0,0.0
2024-02-07 12:30:00-05:00,21.43000030517578,21.440000534057617,21.43000030517578,21.440000534057617,644,0.0,0.0
2024-02-07 14:30:00-05:00,21.68560028076172,21.719999313354492,21.450000762939453,21.719999313354492,1890,0.0,0.0
2024-02-07 15:30:00-05:00,21.559999465942383,21.62929916381836,21.40999984741211,21.420000076293945,3110,0.0,0.0
2024-02-08 09:30:00-05:00,21.6200008392334,21.68000030517578,21.6200008392334,21.68000030517578,932,0.0,0.0
2024-02-08 10:30:00-05:00,21.774999618530273,21.774999618530273,21.774999618530273,21.774999618530273,407,0.0,0.0
2024-02-08 11:30:00-05:00,21.6825008392334,21.684999465942383,21.68000030517578,21.68000030517578,1555,0.0,0.0
2024-02-08 12:30:00-05:00,21.559999465942383,21.559999465942383,21.559999465942383,21.559999465942383,304,0.0,0.0
2024-02-08 13:30:00-05:00,21.610000610351562,21.6299991607666,21.610000610351562,21.610000610351562,929,0.0,0.0
2024-02-08 14:30:00-05:00,21.795000076293945,21.795000076293945,21.795000076293945,21.795000076293945,440,0.0,0.0
2024-02-08 15:30:00-05:00,21.68000030517578,21.729999542236328,21.59000015258789,21.670000076293945,1918,0.0,0.0
2024-02-09 09:30:00-05:00,21.75,21.75,21.520000457763672,21.520000457763672,516,0.0,0.0
2024-02-09 11:30:00-05:00,21.559999465942383,21.84000015258789,21.559999465942383,21.709999084472656,3369,0.0,0.0
2024-02-09 12:30:00-05:00,21.760000228881836,22.0,21.760000228881836,22.0,2781,0.0,0.0
2024-02-09 13:30:00-05:00,22.059999465942383,22.200000762939453,22.010000228881836,22.200000762939453,1016,0.0,0.0
2024-02-09 14:30:00-05:00,22.06999969482422,22.190000534057617,22.010000228881836,22.110000610351562,5225,0.0,0.0
2024-02-09 15:30:00-05:00,22.229999542236328,22.290000915527344,22.040000915527344,22.059999465942383,10217,0.0,0.0
2024-02-12 09:30:00-05:00,22.100000381469727,22.100000381469727,22.100000381469727,22.100000381469727,580,0.0,0.0
2024-02-12 12:30:00-05:00,22.5,22.5,22.5,22.5,4777,0.0,0.0
2024-02-12 13:30:00-05:00,22.764999389648438,22.764999389648438,22.764999389648438,22.764999389648438,491,0.0,0.0
2024-02-12 14:30:00-05:00,22.950000762939453,23.0,22.889999389648438,22.889999389648438,3252,0.0,0.0
2024-02-12 15:30:00-05:00,22.989999771118164,22.989999771118164,22.670000076293945,22.84000015258789,9243,0.0,0.0
2024-02-13 09:30:00-05:00,21.950000762939453,22.079999923706055,21.760000228881836,21.93000030517578,1529,0.0,0.0
2024-02-13 10:30:00-05:00,22.014999389648438,22.014999389648438,21.81999969482422,21.81999969482422,2310,0.0,0.0
2024-02-13 11:30:00-05:00,21.75,21.790000915527344,21.559999465942383,21.56999969482422,2234,0.0,0.0
2024-02-13 12:30:00-05:00,21.440000534057617,21.440000534057617,21.389999389648438,21.389999389648438,1244,0.0,0.0
2024-02-13 13:30:00-05:00,21.270000457763672,21.329999923706055,21.06999969482422,21.190000534057617,3370,0.0,0.0
2024-02-13 14:30:00-05:00,21.31999969482422,21.31999969482422,21.010000228881836,21.010000228881836,5142,0.0,0.0
2024-02-13 15:30:00-05:00,21.13319969177246,21.399999618530273,20.93000030517578,21.200000762939453,12338,0.0,0.0
2024-02-14 09:30:00-05:00,21.59000015258789,21.59000015258789,21.290000915527344,21.290000915527344,375,0.0,0.0
2024-02-14 10:30:00-05:00,21.31999969482422,21.700000762939453,21.079999923706055,21.299999237060547,2270,0.0,0.0
2024-02-14 11:30:00-05:00,21.329999923706055,21.389999389648438,21.329999923706055,21.34000015258789,694,0.0,0.0
2024-02-14 12:30:00-05:00,21.280000686645508,21.3799991607666,21.170000076293945,21.25,1944,0.0,0.0
2024-02-14 13:30:00-05:00,21.170000076293945,21.389999389648438,21.170000076293945,21.190000534057617,1784,0.0,0.0
2024-02-14 14:30:00-05:00,21.260000228881836,21.530000686645508,21.260000228881836,21.530000686645508,1668,0.0,0.0
2024-02-14 15:30:00-05:00,21.540000915527344,21.735000610351562,21.469999313354492,21.540000915527344,4960,0.0,0.0
2024-02-15 09:30:00-05:00,21.8799991607666,21.965999603271484,21.713499069213867,21.713499069213867,582,0.0,0.0
2024-02-15 10:30:00-05:00,21.8799991607666,21.8799991607666,21.8799991607666,21.8799991607666,673,0.0,0.0
2024-02-15 11:30:00-05:00,22.18000030517578,22.200000762939453,22.18000030517578,22.200000762939453,1370,0.0,0.0
2024-02-15 12:30:00-05:00,22.489999771118164,22.489999771118164,22.489999771118164,22.489999771118164,314,0.0,0.0
2024-02-15 13:30:00-05:00,22.489999771118164,22.850000381469727,22.489999771118164,22.800600051879883,3769,0.0,0.0
2024-02-15 14:30:00-05:00,22.860000610351562,22.878999710083008,22.780000686645508,22.8700008392334,5889,0.0,0.0
2024-02-15 15:30:00-05:00,22.899999618530273,22.899999618530273,22.719999313354492,22.84000015258789,11338,0.0,0.0
2024-02-16 09:30:00-05:00,22.729999542236328,22.850000381469727,22.729999542236328,22.850000381469727,5709,0.0,0.0
2024-02-16 10:30:00-05:00,22.709999084472656,22.760000228881836,22.709999084472656,22.7450008392334,687,0.0,0.0
2024-02-16 11:30:00-05:00,22.75,22.790000915527344,22.709999084472656,22.709999084472656,2299,0.0,0.0
2024-02-16 12:30:00-05:00,22.780000686645508,22.899999618530273,22.764999389648438,22.899999618530273,2547,0.0,0.0
2024-02-16 13:30:00-05:00,22.84000015258789,22.899999618530273,22.84000015258789,22.899999618530273,1733,0.0,0.0
2024-02-16 14:30:00-05:00,22.899999618530273,22.940000534057617,22.889999389648438,22.920000076293945,1630,0.0,0.0
2024-02-16 15:30:00-05:00,22.709999084472656,22.934999465942383,22.649999618530273,22.65999984741211,8712,0.0,0.0
2024-02-20 09:30:00-05:00,22.3700008392334,22.3700008392334,22.138200759887695,22.138200759887695,778,0.0,0.0
2024-02-20 10:30:00-05:00,22.639999389648438,22.639999389648438,22.639999389648438,22.639999389648438,341,0.0,0.0
2024-02-20 11:30:00-05:00,22.59000015258789,22.645000457763672,22.475000381469727,22.475000381469727,2669,0.0,0.0
2024-02-20 12:30:00-05:00,22.5,22.5,22.360000610351562,22.360000610351562,3829,0.0,0.0
2024-02-20 13:30:00-05:00,22.295000076293945,22.295000076293945,22.295000076293945,22.295000076293945,343,0.0,0.0
2024-02-20 14:30:00-05:00,22.34000015258789,22.34000015258789,22.235000610351562,22.235000610351562,984,0.0,0.0
2024-02-20 15:30:00-05:00,22.170000076293945,22.170000076293945,22.079999923706055,22.149999618530273,4248,0.0,0.0
2024-02-21 09:30:00-05:00,21.959999084472656,21.959999084472656,21.959999084472656,21.959999084472656,615,0.0,0.0
2024-02-21 10:30:00-05:00,21.90999984741211,21.920000076293945,21.75,21.920000076293945,1356,0.0,0.0
2024-02-21 11:30:00-05:00,22.1200008392334,22.1200008392334,21.889999389648438,21.889999389648438,1038,0.0,0.0
2024-02-21 12:30:00-05:00,22.024999618530273,22.024999618530273,21.950000762939453,21.950000762939453,706,0.0,0.0
2024-02-21 14:30:00-05:00,21.920000076293945,21.950000762939453,21.920000076293945,21.950000762939453,601,0.0,0.0
2024-02-21 15:30:00-05:00,22.065000534057617,22.219999313354492,21.989999771118164,21.989999771118164,2907,0.0,0.0
2024-02-22 09:30:00-05:00,21.8700008392334,21.8700008392334,21.8700008392334,21.8700008392334,557,0.0,0.0
2024-02-22 10:30:00-05:00,21.670000076293945,21.799999237060547,21.670000076293945,21.799999237060547,1026,0.0,0.0
2024-02-22 11:30:00-05:00,21.6299991607666,21.6299991607666,21.6299991607666,21.6299991607666,360,0.0,0.0
2024-02-22 12:30:00-05:00,21.46540069580078,21.510000228881836,21.459999084472656,21.459999084472656,701,0.0,0.0
2024-02-22 13:30:00-05:00,21.459999084472656,21.540000915527344,21.459999084472656,21.540000915527344,1700,0.0,0.0
2024-02-22 14:30:00-05:00,21.559999465942383,21.601699829101562,21.40999984741211,21.601699829101562,2741,0.0,0.0
2024-02-22 15:30:00-05:00,21.559999465942383,21.739999771118164,21.559999465942383,21.739999771118164,3654,0.0,0.0
2024-02-23 09:30:00-05:00,21.559799194335938,21.559799194335938,21.559799194335938,21.559799194335938,486,0.0,0.0
2024-02-23 10:30:00-05:00,21.790000915527344,21.790000915527344,21.790000915527344,21.790000915527344,405,0.0,0.0
2024-02-23 11:30:00-05:00,21.690000534057617,21.690000534057617,21.690000534057617,21.690000534057617,589,0.0,0.0
2024-02-23 13:30:00-05:00,21.940000534057617,21.940000534057617,21.799999237060547,21.799999237060547,555,0.0,0.0
2024-02-23 14:30:00-05:00,21.809999465942383,21.809999465942383,21.809999465942383,21.809999465942383,174,0.0,0.0
2024-02-23 15:30:00-05:00,21.809999465942383,21.920000076293945,21.719999313354492,21.790000915527344,2699,0.0,0.0
2024-02-26 09:30:00-05:00,21.709999084472656,21.709999084472656,21.709999084472656,21.709999084472656,658,0.0,0.0
2024-02-26 12:30:00-05:00,21.690000534057617,21.690000534057617,21.520000457763672,21.520000457763672,1770,0.0,0.0
2024-02-26 15:30:00-05:00,21.65999984741211,21.75,21.649999618530273,21.649999618530273,3539,0.0,0.0
2024-02-27 09:30:00-05:00,21.940000534057617,21.940000534057617,21.714500427246094,21.714500427246094,581,0.0,0.0
2024-02-27 11:30:00-05:00,21.890199661254883,21.890199661254883,21.81999969482422,21.81999969482422,456,0.0,0.0
2024-02-27 12:30:00-05:00,21.7549991607666,21.7549991607666,21.71540069580078,21.71540069580078,970,0.0,0.0
2024-02-27 13:30:00-05:00,21.520000457763672,21.559999465942383,21.479999542236328,21.489999771118164,1887,0.0,0.0
2024-02-27 14:30:00-05:00,21.5,21.5,21.5,21.5,111,0.0,0.0
2024-02-27 15:30:00-05:00,21.46109962463379,21.540000915527344,21.420000076293945,21.43000030517578,3264,0.0,0.0
2024-02-28 09:30:00-05:00,21.5,21.5,21.5,21.5,1660,0.0,0.0
2024-02-28 12:30:00-05:00,21.459999084472656,21.459999084472656,21.283100128173828,21.283100128173828,1885,0.0,0.0
2024-02-28 13:30:00-05:00,21.295000076293945,21.295000076293945,21.295000076293945,21.295000076293945,523,0.0,0.0
2024-02-28 14:30:00-05:00,21.084999084472656,21.110000610351562,20.989999771118164,21.0,5750,0.0,0.0
2024-02-28 15:30:00-05:00,21.094999313354492,21.200000762939453,21.03499984741211,21.200000762939453,1810,0.0,0.0
2024-02-29 09:30:00-05:00,21.510000228881836,21.729999542236328,21.334999084472656,21.645000457763672,4557,0.0,0.0
2024-02-29 10:30:00-05:00,21.575000762939453,21.610000610351562,21.575000762939453,21.610000610351562,340,0.0,0.0
2024-02-29 11:30:00-05:00,21.459999084472656,21.459999084472656,21.309999465942383,21.309999465942383,2382,0.0,0.0
2024-02-29 12:30:00-05:00,21.43000030517578,21.450000762939453,21.375,21.375,1161,0.0,0.0
2024-02-29 13:30:00-05:00,21.3799991607666,21.450000762939453,21.3799991607666,21.450000762939453,1581,0.0,0.0
2024-02-29 14:30:00-05:00,21.450000762939453,21.450000762939453,21.170000076293945,21.280000686645508,6923,0.0,0.0
2024-02-29 15:30:00-05:00,21.219999313354492,21.670000076293945,21.219999313354492,21.6200008392334,6251,0.0,0.0
2024-03-01 09:30:00-05:00,21.420000076293945,21.420000076293945,21.360000610351562,21.389999389648438,1360,0.0,0.0
2024-03-01 10:30:00-05:00,21.389999389648438,21.5,21.299999237060547,21.479999542236328,5294,0.0,0.0
2024-03-01 11:30:00-05:00,21.329999923706055,21.329999923706055,21.329999923706055,21.329999923706055,501,0.0,0.0
2024-03-01 13:30:00-05:00,21.229999542236328,21.420000076293945,21.200000762939453,21.389999389648438,3397,0.0,0.0
2024-03-01 14:30:00-05:00,21.450000762939453,21.45170021057129,21.43000030517578,21.45170021057129,1038,0.0,0.0
2024-03-01 15:30:00-05:00,21.31999969482422,21.489999771118164,21.229999542236328,21.489999771118164,5402,0.0,0.0
2024-03-04 09:30:00-05:00,21.450000762939453,21.670000076293945,21.450000762939453,21.450000762939453,1220,0.0,0.0
2024-03-04 11:30:00-05:00,21.59000015258789,21.59000015258789,21.59000015258789,21.59000015258789,335,0.0,0.0
2024-03-04 12:30:00-05:00,21.549999237060547,21.639999389648438,21.549999237060547,21.600000381469727,1422,0.0,0.0
2024-03-04 13:30:00-05:00,21.58639907836914,21.58639907836914,21.440000534057617,21.440000534057617,1050,0.0,0.0
2024-03-04 14:30:00-05:00,21.459999084472656,21.55500030517578,21.459999084472656,21.55500030517578,2544,0.0,0.0
2024-03-04 15:30:00-05:00,21.459999084472656,21.520000457763672,21.399999618530273,21.399999618530273,2417,0.0,0.0
2024-03-05 09:30:00-05:00,21.520000457763672,22.0,21.520000457763672,21.8700008392334,2146,0.0,0.0
2024-03-05 10:30:00-05:00,21.940000534057617,21.950000762939453,21.899999618530273,21.950000762939453,1714,0.0,0.0
2024-03-05 11:30:00-05:00,21.899999618530273,21.899999618530273,21.829999923706055,21.829999923706055,2292,0.0,0.0
2024-03-05 13:30:00-05:00,21.860000610351562,21.889999389648438,21.829999923706055,21.8799991607666,2400,0.0,0.0
2024-03-05 14:30:00-05:00,21.850000381469727,21.850000381469727,21.520000457763672,21.520000457763672,3901,0.0,0.0
2024-03-05 15:30:00-05:00,21.3700008392334,21.568300247192383,21.350000381469727,21.450000762939453,5316,0.0,0.0
2024-03-06 09:30:00-05:00,21.559999465942383,21.559999465942383,21.559999465942383,21.559999465942383,294,0.0,0.0
2024-03-06 10:30:00-05:00,20.98390007019043,20.98390007019043,20.98390007019043,20.98390007019043,3673,0.0,0.0
2024-03-06 11:30:00-05:00,21.1200008392334,21.1200008392334,21.1200008392334,21.1200008392334,406,0.0,0.0
2024-03-06 12:30:00-05:00,21.06999969482422,21.06999969482422,21.049999237060547,21.049999237060547,401,0.0,0.0
2024-03-06 13:30:00-05:00,21.0,21.399999618530273,20.924999237060547,21.399999618530273,3643,0.0,0.0
2024-03-06 14:30:00-05:00,21.399999618530273,21.670000076293945,21.225000381469727,21.6299991607666,2350,0.0,0.0
2024-03-06 15:30:00-05:00,21.450000762939453,21.68000030517578,21.395000457763672,21.670000076293945,3370,0.0,0.0
2024-03-07 09:30:00-05:00,21.850000381469727,21.850000381469727,21.6299991607666,21.6299991607666,468,0.0,0.0
2024-03-07 10:30:00-05:00,21.6299991607666,21.6299991607666,21.6299991607666,21.6299991607666,349,0.0,0.0
2024-03-07 11:30:00-05:00,21.924999237060547,21.924999237060547,21.905000686645508,21.905000686645508,609,0.0,0.0
2024-03-07 12:30:00-05:00,21.68000030517578,21.700000762939453,21.639999389648438,21.639999389648438,693,0.0,0.0
2024-03-07 13:30:00-05:00,21.639999389648438,21.65999984741211,21.219999313354492,21.219999313354492,1546,0.0,0.0
2024-03-07 14:30:00-05:00,21.229999542236328,21.670000076293945,21.15999984741211,21.219999313354492,889,0.0,0.0
2024-03-07 15:30:00-05:00,21.229999542236328,21.350000381469727,21.15999984741211,21.34000015258789,6232,0.0,0.0
2024-03-08 09:30:00-05:00,21.649999618530273,21.649999618530273,21.649999618530273,21.649999618530273,1773,0.0,0.0
2024-03-08 12:30:00-05:00,21.440000534057617,21.440000534057617,21.219999313354492,21.219999313354492,1447,0.0,0.0
2024-03-08 13:30:00-05:00,21.273000717163086,21.350000381469727,21.170000076293945,21.200000762939453,18598,0.0,0.0
2024-03-08 14:30:00-05:00,21.200000762939453,21.209999084472656,21.110000610351562,21.1200008392334,9291,0.0,0.0
2024-03-08 15:30:00-05:00,21.1200008392334,21.200000762939453,21.1200008392334,21.200000762939453,4462,0.0,0.0
2024-03-11 09:30:00-04:00,20.989999771118164,20.989999771118164,20.958099365234375,20.958099365234375,1427,0.0,0.0
2024-03-11 13:30:00-04:00,21.09000015258789,21.190000534057617,21.059999465942383,21.059999465942383,5938,0.0,0.0
2024-03-11 14:30:00-04:00,21.079999923706055,21.25,21.059999465942383,21.25,3274,0.0,0.0
2024-03-11 15:30:00-04:00,21.290000915527344,21.549999237060547,20.989999771118164,21.020000457763672,30784,0.0,0.0
2024-03-12 09:30:00-04:00,20.959999084472656,21.200000762939453,20.850000381469727,21.065000534057617,2400,0.0,0.0
2024-03-12 10:30:00-04:00,21.165000915527344,21.21500015258789,21.083999633789062,21.21500015258789,2659,0.0,0.0
2024-03-12 12:30:00-04:00,20.989999771118164,21.149999618530273,20.959999084472656,21.149999618530273,26313,0.0,0.0
2024-03-12 13:30:00-04:00,21.049999237060547,21.05500030517578,21.049999237060547,21.049999237060547,1937,0.0,0.0
2024-03-12 14:30:00-04:00,21.049999237060547,21.059999465942383,21.049999237060547,21.059999465942383,1700,0.0,0.0
2024-03-12 15:30:00-04:00,21.030000686645508,21.110000610351562,20.969999313354492,21.059999465942383,13222,0.0,0.0
2024-03-13 09:30:00-04:00,20.93000030517578,20.93000030517578,20.862699508666992,20.862699508666992,1177,0.0,0.0
2024-03-13 10:30:00-04:00,21.31999969482422,21.31999969482422,21.31999969482422,21.31999969482422,246,0.0,0.0
2024-03-13 11:30:00-04:00,21.290000915527344,21.290000915527344,21.290000915527344,21.290000915527344,133,0.0,0.0
2024-03-13 12:30:00-04:00,21.040000915527344,21.155000686645508,21.020000457763672,21.139999389648438,3350,0.0,0.0
2024-03-13 13:30:00-04:00,21.09000015258789,21.100000381469727,21.059999465942383,21.079999923706055,1409,0.0,0.0
2024-03-13 14:30:00-04:00,21.09000015258789,21.1299991607666,20.969999313354492,20.969999313354492,1894,0.0,0.0
2024-03-13 15:30:00-04:00,21.110000610351562,21.110000610351562,20.989999771118164,21.059999465942383,3744,0.0,0.0
2024-03-14 09:30:00-04:00,20.959999084472656,20.959999084472656,20.601299285888672,20.601299285888672,4418,0.0,0.0
2024-03-14 10:30:00-04:00,20.59000015258789,20.68000030517578,20.350000381469727,20.3799991607666,6836,0.0,0.0
2024-03-14 11:30:00-04:00,20.395000457763672,20.524999618530273,20.299999237060547,20.299999237060547,3167,0.0,0.0
2024-03-14 12:30:00-04:00,20.290000915527344,20.34000015258789,20.229999542236328,20.239999771118164,3693,0.0,0.0
2024-03-14 13:30:00-04:00,20.219999313354492,20.34000015258789,20.219999313354492,20.239999771118164,1926,0.0,0.0
2024-03-14 14:30:00-04:00,20.219999313354492,20.395000457763672,20.149999618530273,20.200000762939453,2364,0.0,0.0
2024-03-14 15:30:00-04:00,20.229999542236328,20.350000381469727,20.040000915527344,20.239999771118164,5337,0.0,0.0
2024-03-15 09:30:00-04:00,20.010000228881836,20.010000228881836,20.010000228881836,20.010000228881836,23717,0.0,0.0
2024-03-15 10:30:00-04:00,20.25,20.25,20.25,20.25,859,0.0,0.0
2024-03-15 11:30:00-04:00,20.59000015258789,20.739999771118164,20.3700008392334,20.739999771118164,2626,0.0,0.0
2024-03-15 12:30:00-04:00,20.729999542236328,20.729999542236328,20.360000610351562,20.360000610351562,2865,0.0,0.0
2024-03-15 13:30:00-04:00,20.469999313354492,20.56999969482422,20.3799991607666,20.3799991607666,773,0.0,0.0
2024-03-15 14:30:00-04:00,20.46500015258789,20.489999771118164,20.0,20.489999771118164,41408,0.0,0.0
2024-03-15 15:30:00-04:00,20.530000686645508,20.739999771118164,20.530000686645508,20.6299991607666,9814,0.0,0.0
2024-03-18 09:30:00-04:00,20.540000915527344,20.770000457763672,20.540000915527344,20.594999313354492,1292,0.0,0.0
2024-03-18 10:30:00-04:00,20.440099716186523,20.770000457763672,20.420000076293945,20.514999389648438,2465,0.0,0.0
2024-03-18 11:30:00-04:00,20.524999618530273,20.524999618530273,20.524999618530273,20.524999618530273,745,0.0,0.0
2024-03-18 12:30:00-04:00,20.545000076293945,20.6299991607666,20.4950008392334,20.530000686645508,4776,0.0,0.0
2024-03-18 13:30:00-04:00,20.440000534057617,20.5049991607666,20.399999618530273,20.454999923706055,2765,0.0,0.0
2024-03-18 14:30:00-04:00,20.399999618530273,20.41320037841797,20.100000381469727,20.149999618530273,2140,0.0,0.0
2024-03-18 15:30:00-04:00,20.149999618530273,20.25,20.049999237060547,20.110000610351562,6130,0.0,0.0
2024-03-19 09:30:00-04:00,20.1299991607666,20.1299991607666,20.0310001373291,20.0310001373291,1100,0.0,0.0
2024-03-19 10:30:00-04:00,20.200000762939453,20.200000762939453,20.15999984741211,20.15999984741211,1119,0.0,0.0
2024-03-19 12:30:00-04:00,20.280000686645508,20.31999969482422,20.280000686645508,20.31999969482422,1521,0.0,0.0
2024-03-19 13:30:00-04:00,20.389999389648438,20.389999389648438,20.204999923706055,20.204999923706055,1811,0.0,0.0
2024-03-19 14:30:00-04:00,20.299999237060547,20.399999618530273,20.299999237060547,20.399999618530273,1335,0.0,0.0
2024-03-19 15:30:00-04:00,20.395000457763672,20.405000686645508,20.229999542236328,20.239999771118164,8245,0.0,0.0
2024-03-20 09:30:00-04:00,20.079999923706055,20.299999237060547,20.079999923706055,20.299999237060547,1047,0.0,0.0
2024-03-20 11:30:00-04:00,20.010000228881836,20.219999313354492,20.010000228881836,20.219999313354492,684,0.0,0.0
2024-03-20 12:30:00-04:00,20.200000762939453,20.200000762939453,20.09000015258789,20.09000015258789,1202,0.0,0.0
2024-03-20 13:30:00-04:00,20.184999465942383,20.479999542236328,20.184999465942383,20.3799991607666,1492,0.0,0.0
2024-03-20 14:30:00-04:00,20.360000610351562,20.690000534057617,20.360000610351562,20.6299991607666,13525,0.0,0.0
2024-03-20 15:30:00-04:00,20.65999984741211,20.829999923706055,20.5,20.610000610351562,17786,0.0,0.0
2024-03-21 09:30:00-04:00,20.93000030517578,20.93000030517578,20.93000030517578,20.93000030517578,1811,0.0,0.0
2024-03-21 11:30:00-04:00,21.0049991607666,21.0049991607666,20.90999984741211,20.934999465942383,2359,0.0,0.0
2024-03-21 12:30:00-04:00,20.860000610351562,20.860000610351562,20.860000610351562,20.860000610351562,900,0.0,0.0
2024-03-21 13:30:00-04:00,20.829999923706055,20.84000015258789,20.735000610351562,20.81999969482422,3485,0.0,0.0
2024-03-21 14:30:00-04:00,20.8700008392334,21.040000915527344,20.78499984741211,21.040000915527344,3795,0.0,0.0
2024-03-21 15:30:00-04:00,20.93000030517578,21.079999923706055,20.790000915527344,21.040000915527344,10904,0.0,0.0
2024-03-22 09:30:00-04:00,20.84000015258789,20.84000015258789,20.815000534057617,20.815000534057617,5326,0.0,0.0
2024-03-22 10:30:00-04:00,20.829999923706055,20.829999923706055,20.579999923706055,20.719999313354492,3118,0.0,0.0
2024-03-22 11:30:00-04:00,20.719999313354492,20.75,20.350000381469727,20.350000381469727,2800,0.0,0.0
2024-03-22 12:30:00-04:00,20.489999771118164,20.489999771118164,20.34000015258789,20.34000015258789,3181,0.0,0.0
2024-03-22 13:30:00-04:00,20.31999969482422,20.31999969482422,20.18000030517578,20.200000762939453,2362,0.0,0.0
2024-03-22 14:30:00-04:00,20.059999465942383,20.239999771118164,20.030000686645508,20.030000686645508,5139,0.0,0.0
2024-03-22 15:30:00-04:00,20.190000534057617,20.530000686645508,19.90999984741211,20.110000610351562,29391,0.0,0.0
2024-03-25 09:30:00-04:00,20.309999465942383,20.822399139404297,20.309999465942383,20.479999542236328,1063,0.0,0.0
2024-03-25 10:30:00-04:00,20.312999725341797,20.549999237060547,20.312999725341797,20.549999237060547,1721,0.0,0.0
2024-03-25 11:30:00-04:00,20.65999984741211,20.65999984741211,20.65999984741211,20.65999984741211,734,0.0,0.0
2024-03-25 12:30:00-04:00,20.459999084472656,20.610000610351562,20.459999084472656,20.610000610351562,1214,0.0,0.0
2024-03-25 13:30:00-04:00,20.489999771118164,20.510000228881836,20.350000381469727,20.447399139404297,2111,0.0,0.0
2024-03-25 14:30:00-04:00,20.520000457763672,20.530000686645508,20.3799991607666,20.5,2078,0.0,0.0
2024-03-25 15:30:00-04:00,20.5,20.610000610351562,20.40999984741211,20.440000534057617,9149,0.0,0.0
2024-03-26 09:30:00-04:00,20.670000076293945,20.670000076293945,20.639999389648438,20.639999389648438,1049,0.0,0.0
2024-03-26 10:30:00-04:00,20.475000381469727,20.475000381469727,20.395000457763672,20.395000457763672,1087,0.0,0.0
2024-03-26 11:30:00-04:00,20.395000457763672,20.395000457763672,20.130699157714844,20.31999969482422,3651,0.0,0.0
2024-03-26 12:30:00-04:00,20.31999969482422,20.489999771118164,20.31999969482422,20.489999771118164,961,0.0,0.0
2024-03-26 13:30:00-04:00,20.510000228881836,20.510000228881836,20.510000228881836,20.510000228881836,407,0.0,0.0
2024-03-26 14:30:00-04:00,20.584999084472656,20.584999084472656,20.46500015258789,20.46500015258789,1739,0.0,0.0
2024-03-26 15:30:00-04:00,20.450000762939453,20.450000762939453,20.260000228881836,20.399999618530273,4621,0.0,0.0
2024-03-27 09:30:00-04:00,20.520000457763672,20.56999969482422,20.520000457763672,20.56999969482422,951,0.0,0.0
2024-03-27 10:30:00-04:00,20.719999313354492,20.719999313354492,20.690000534057617,20.690000534057617,292,0.0,0.0
2024-03-27 11:30:00-04:00,20.709999084472656,20.780000686645508,20.709999084472656,20.780000686645508,592,0.0,0.0
2024-03-27 12:30:00-04:00,20.809999465942383,20.850000381469727,20.73259925842285,20.850000381469727,1599,0.0,0.0
2024-03-27 13:30:00-04:00,20.709999084472656,20.790000915527344,20.665000915527344,20.74530029296875,1882,0.0,0.0
2024-03-27 14:30:00-04:00,20.69499969482422,20.80500030517578,20.69499969482422,20.760000228881836,1494,0.0,0.0
2024-03-27 15:30:00-04:00,20.809999465942383,21.059999465942383,20.809999465942383,21.059999465942383,6510,0.0,0.0
2024-03-28 09:30:00-04:00,20.90999984741211,20.90999984741211,20.90999984741211,20.90999984741211,2103,0.0,0.0
2024-03-28 11:30:00-04:00,20.979999542236328,21.1200008392334,20.979999542236328,21.020000457763672,885,0.0,0.0
2024-03-28 12:30:00-04:00,21.139999389648438,21.139999389648438,21.139999389648438,21.139999389648438,782,0.0,0.0
2024-03-28 13:30:00-04:00,21.139999389648438,21.139999389648438,21.139999389648438,21.139999389648438,1079,0.0,0.0
2024-03-28 14:30:00-04:00,21.020000457763672,21.06999969482422,20.959999084472656,20.959999084472656,1348,0.0,0.0
2024-03-28 15:30:00-04:00,21.010000228881836,21.1200008392334,20.959999084472656,21.06999969482422,4854,0.0,0.0
2024-04-01 09:30:00-04:00,21.149999618530273,21.350000381469727,20.639999389648438,20.725000381469727,3766,0.0,0.0
2024-04-01 11:30:00-04:00,20.690000534057617,20.81999969482422,20.510000228881836,20.510000228881836,3046,0.0,0.0
2024-04-01 12:30:00-04:00,20.530000686645508,20.739999771118164,20.5,20.5,1317,0.0,0.0
2024-04-01 13:30:00-04:00,20.56730079650879,20.6299991607666,20.5,20.5,3925,0.0,0.0
2024-04-01 14:30:00-04:00,20.530000686645508,20.6200008392334,20.530000686645508,20.56999969482422,1725,0.0,0.0
2024-04-01 15:30:00-04:00,20.610000610351562,20.610000610351562,20.31999969482422,20.31999969482422,3669,0.0,0.0
2024-04-02 09:30:00-04:00,20.15999984741211,20.15999984741211,20.149999618530273,20.149999618530273,719,0.0,0.0
2024-04-02 11:30:00-04:00,20.100000381469727,20.21500015258789,20.100000381469727,20.100000381469727,1788,0.0,0.0
2024-04-02 12:30:00-04:00,20.100000381469727,20.149999618530273,20.075000762939453,20.114500045776367,4425,0.0,0.0
2024-04-02 14:30:00-04:00,20.184999465942383,20.184999465942383,20.075000762939453,20.174999237060547,3077,0.0,0.0
2024-04-02 15:30:00-04:00,20.18000030517578,20.420000076293945,20.139999389648438,20.3700008392334,9350,0.0,0.0
2024-04-03 09:30:00-04:00,20.170000076293945,20.170000076293945,20.170000076293945,20.170000076293945,564,0.0,0.0
2024-04-03 13:30:00-04:00,20.40999984741211,20.65999984741211,20.40999984741211,20.489999771118164,2483,0.0,0.0
2024-04-03 14:30:00-04:00,20.395000457763672,20.610000610351562,20.395000457763672,20.600000381469727,2486,0.0,0.0
2024-04-03 15:30:00-04:00,20.59000015258789,20.59000015258789,20.270000457763672,20.290000915527344,4238,0.0,0.0
2024-04-04 09:30:00-04:00,20.6200008392334,20.6200008392334,20.18000030517578,20.18000030517578,1791,0.0,0.0
2024-04-04 11:30:00-04:00,20.510000228881836,20.65999984741211,20.479999542236328,20.65999984741211,894,0.0,0.0
2024-04-04 12:30:00-04:00,20.68000030517578,20.719999313354492,20.36280059814453,20.36280059814453,2955,0.0,0.0
2024-04-04 13:30:00-04:00,20.770000457763672,20.770000457763672,20.478099822998047,20.489999771118164,1670,0.0,0.0
2024-04-04 14:30:00-04:00,20.489999771118164,20.56999969482422,20.389999389648438,20.389999389648438,2263,0.0,0.0
2024-04-04 15:30:00-04:00,20.399999618530273,20.479999542236328,20.31999969482422,20.350000381469727,12022,0.0,0.0
2024-04-05 09:30:00-04:00,20.469999313354492,20.469999313354492,20.469999313354492,20.469999313354492,941,0.0,0.0
2024-04-05 10:30:00-04:00,20.42060089111328,20.42060089111328,20.3799991607666,20.3799991607666,1529,0.0,0.0
2024-04-05 11:30:00-04:00,20.440000534057617,20.545000076293945,20.434999465942383,20.545000076293945,635,0.0,0.0
2024-04-05 12:30:00-04:00,20.540000915527344,20.770000457763672,20.540000915527344,20.549999237060547,5199,0.0,0.0
2024-04-05 13:30:00-04:00,20.549999237060547,20.600000381469727,20.527999877929688,20.53499984741211,1541,0.0,0.0
2024-04-05 14:30:00-04:00,20.549999237060547,20.6299991607666,20.549999237060547,20.6299991607666,6280,0.0,0.0
2024-04-05 15:30:00-04:00,20.670000076293945,20.700000762939453,20.600000381469727,20.649999618530273,6192,0.0,0.0
2024-04-08 09:30:00-04:00,20.656700134277344,20.656700134277344,20.656700134277344,20.656700134277344,355,0.0,0.0
2024-04-08 10:30:00-04:00,21.014999389648438,21.040000915527344,20.989999771118164,21.040000915527344,942,0.0,0.0
2024-04-08 12:30:00-04:00,20.989999771118164,21.1299991607666,20.989999771118164,21.104999542236328,2556,0.0,0.0
2024-04-08 13:30:00-04:00,21.170000076293945,21.170000076293945,21.15999984741211,21.170000076293945,965,0.0,0.0
2024-04-08 14:30:00-04:00,21.18000030517578,21.18000030517578,20.989999771118164,21.0,1599,0.0,0.0
2024-04-08 15:30:00-04:00,20.940000534057617,21.010000228881836,20.760000228881836,20.770000457763672,9569,0.0,0.0
2024-04-09 09:30:00-04:00,20.90999984741211,20.979999542236328,20.6200008392334,20.979999542236328,1711,0.0,0.0
2024-04-09 10:30:00-04:00,20.920000076293945,20.920000076293945,20.850000381469727,20.850000381469727,858,0.0,0.0
2024-04-09 11:30:00-04:00,20.96500015258789,20.96500015258789,20.96500015258789,20.96500015258789,498,0.0,0.0
2024-04-09 12:30:00-04:00,20.94499969482422,20.959999084472656,20.850000381469727,20.959999084472656,5181,0.0,0.0
2024-04-09 13:30:00-04:00,20.81999969482422,20.899999618530273,20.780000686645508,20.8700008392334,3652,0.0,0.0
2024-04-09 14:30:00-04:00,20.854999542236328,20.899999618530273,20.809999465942383,20.829999923706055,3629,0.0,0.0
2024-04-09 15:30:00-04:00,20.834999084472656,20.834999084472656,20.690000534057617,20.795000076293945,2227,0.0,0.0
2024-04-10 09:30:00-04:00,20.239999771118164,20.239999771118164,20.239999771118164,20.239999771118164,471,0.0,0.0
2024-04-10 10:30:00-04:00,20.139999389648438,20.264999389648438,20.110000610351562,20.25,6318,0.0,0.0
2024-04-10 11:30:00-04:00,20.15999984741211,20.3700008392334,19.950000762939453,20.25,4044,0.0,0.0
2024-04-10 12:30:00-04:00,20.0,20.010000228881836,19.790000915527344,19.790000915527344,2174,0.0,0.0
2024-04-10 13:30:00-04:00,19.645000457763672,19.645000457763672,19.520000457763672,19.530000686645508,1947,0.0,0.0
2024-04-10 14:30:00-04:00,19.40999984741211,19.700000762939453,19.350000381469727,19.350000381469727,5693,0.0,0.0
2024-04-10 15:30:00-04:00,19.489999771118164,19.579999923706055,19.1200008392334,19.469999313354492,17394,0.0,0.0
2024-04-11 09:30:00-04:00,19.469999313354492,19.485000610351562,19.3799991607666,19.485000610351562,804,0.0,0.0
2024-04-11 11:30:00-04:00,19.439599990844727,19.439599990844727,19.439599990844727,19.439599990844727,808,0.0,0.0
2024-04-11 12:30:00-04:00,19.59000015258789,19.610000610351562,19.59000015258789,19.600000381469727,2350,0.0,0.0
2024-04-11 13:30:00-04:00,19.59000015258789,19.65999984741211,19.57200050354004,19.65999984741211,1711,0.0,0.0
2024-04-11 14:30:00-04:00,19.649999618530273,19.65999984741211,19.469999313354492,19.559999465942383,2160,0.0,0.0
2024-04-11 15:30:00-04:00,19.530000686645508,19.530000686645508,19.43000030517578,19.530000686645508,4619,0.0,0.0
2024-04-12 09:30:00-04:00,19.350000381469727,19.5,19.350000381469727,19.3799991607666,750,0.0,0.0
2024-04-12 10:30:00-04:00,19.375,19.375,19.3700008392334,19.3700008392334,376,0.0,0.0
2024-04-12 12:30:00-04:00,19.424999237060547,19.5,19.424999237060547,19.5,318,0.0,0.0
2024-04-12 13:30:00-04:00,19.325899124145508,19.46500015258789,19.309999465942383,19.309999465942383,1506,0.0,0.0
2024-04-12 14:30:00-04:00,19.489999771118164,19.489999771118164,19.209999084472656,19.209999084472656,5816,0.0,0.0
2024-04-12 15:30:00-04:00,19.200000762939453,19.299999237060547,19.06999969482422,19.299999237060547,6433,0.0,0.0
2024-04-15 09:30:00-04:00,19.420000076293945,19.420000076293945,19.350000381469727,19.350000381469727,446,0.0,0.0
2024-04-15 10:30:00-04:00,19.270000457763672,19.889999389648438,19.135000228881836,19.5,8852,0.0,0.0
2024-04-15 11:30:00-04:00,19.45199966430664,19.45199966430664,19.43000030517578,19.43000030517578,456,0.0,0.0
2024-04-15 12:30:00-04:00,19.3799991607666,19.395000457763672,19.1200008392334,19.1200008392334,2116,0.0,0.0
2024-04-15 13:30:00-04:00,19.21500015258789,19.329999923706055,19.131399154663086,19.309999465942383,2514,0.0,0.0
2024-04-15 14:30:00-04:00,19.325000762939453,19.3799991607666,19.158300399780273,19.158300399780273,1581,0.0,0.0
2024-04-15 15:30:00-04:00,19.260000228881836,19.530000686645508,19.260000228881836,19.489999771118164,4695,0.0,0.0
2024-04-16 09:30:00-04:00,19.18000030517578,19.360000610351562,19.18000030517578,19.200000762939453,747,0.0,0.0
2024-04-16 10:30:00-04:00,19.200000762939453,19.559999465942383,19.0,19.325000762939453,3016,0.0,0.0
2024-04-16 12:30:00-04:00,19.258100509643555,19.420000076293945,19.191099166870117,19.420000076293945,1735,0.0,0.0
2024-04-16 13:30:00-04:00,19.329999923706055,19.440000534057617,19.190000534057617,19.270000457763672,2605,0.0,0.0
2024-04-16 14:30:00-04:00,19.239999771118164,19.364999771118164,19.170000076293945,19.170000076293945,1733,0.0,0.0
2024-04-16 15:30:00-04:00,19.18000030517578,19.209999084472656,19.079999923706055,19.079999923706055,3155,0.0,0.0
2024-04-17 09:30:00-04:00,19.40999984741211,19.40999984741211,19.09000015258789,19.09000015258789,968,0.0,0.0
2024-04-17 10:30:00-04:00,19.21500015258789,19.239999771118164,19.100000381469727,19.15999984741211,1670,0.0,0.0
2024-04-17 11:30:00-04:00,19.165000915527344,19.239999771118164,19.165000915527344,19.165000915527344,1156,0.0,0.0
2024-04-17 12:30:00-04:00,19.079999923706055,19.25,19.079999923706055,19.25,2220,0.0,0.0
2024-04-17 13:30:00-04:00,19.50029945373535,19.510000228881836,19.059999465942383,19.100000381469727,66616,0.0,0.0
2024-04-17 14:30:00-04:00,19.225000381469727,19.225000381469727,19.045000076293945,19.045000076293945,3389,0.0,0.0
2024-04-17 15:30:00-04:00,19.09000015258789,19.149999618530273,19.09000015258789,19.139999389648438,3147,0.0,0.0
2024-04-18 09:30:00-04:00,19.030000686645508,19.209299087524414,19.010000228881836,19.079999923706055,1802,0.0,0.0
2024-04-18 10:30:00-04:00,19.389999389648438,19.467899322509766,19.389999389648438,19.467899322509766,803,0.0,0.0
2024-04-18 11:30:00-04:00,19.479999542236328,19.510000228881836,19.479999542236328,19.510000228881836,749,0.0,0.0
2024-04-18 12:30:00-04:00,19.350000381469727,19.395000457763672,19.239999771118164,19.389999389648438,1765,0.0,0.0
2024-04-18 13:30:00-04:00,19.540000915527344,19.549999237060547,19.399999618530273,19.540000915527344,1407,0.0,0.0
2024-04-18 14:30:00-04:00,19.559999465942383,19.559999465942383,19.40999984741211,19.5,1965,0.0,0.0
2024-04-18 15:30:00-04:00,19.5,19.729999542236328,19.420000076293945,19.559999465942383,8881,0.0,0.0
2024-04-19 09:30:00-04:00,19.34000015258789,19.725000381469727,19.34000015258789,19.59000015258789,6567,0.0,0.0
2024-04-19 10:30:00-04:00,19.56999969482422,19.59000015258789,19.56999969482422,19.59000015258789,619,0.0,0.0
2024-04-19 11:30:00-04:00,19.59000015258789,19.709999084472656,19.59000015258789,19.610000610351562,1567,0.0,0.0
2024-04-19 12:30:00-04:00,19.68000030517578,19.68000030517578,19.450000762939453,19.450000762939453,1125,0.0,0.0
2024-04-19 13:30:00-04:00,19.459999084472656,19.600000381469727,19.450000762939453,19.5,4910,0.0,0.0
2024-04-19 14:30:00-04:00,19.469999313354492,19.469999313354492,19.219999313354492,19.360000610351562,5453,0.0,0.0
2024-04-19 15:30:00-04:00,19.459999084472656,19.920000076293945,19.459999084472656,19.889999389648438,8988,0.0,0.0
2024-04-22 09:30:00-04:00,20.09000015258789,20.170000076293945,19.8799991607666,20.079999923706055,2501,0.0,0.0
2024-04-22 10:30:00-04:00,20.399999618530273,20.399999618530273,20.079999923706055,20.079999923706055,382,0.0,0.0
2024-04-22 11:30:00-04:00,20.274999618530273,20.274999618530273,19.950000762939453,19.989999771118164,4413,0.0,0.0
2024-04-22 12:30:00-04:00,19.774999618530273,19.940000534057617,19.774999618530273,19.940000534057617,1993,0.0,0.0
2024-04-22 13:30:00-04:00,19.93000030517578,19.940000534057617,19.790000915527344,19.829999923706055,2833,0.0,0.0
2024-04-22 14:30:00-04:00,19.81999969482422,19.920000076293945,19.81999969482422,19.8700008392334,3051,0.0,0.0
2024-04-22 15:30:00-04:00,19.690000534057617,19.809999465942383,19.68000030517578,19.68000030517578,5311,0.0,0.0
2024-04-23 09:30:00-04:00,20.56999969482422,20.56999969482422,19.890100479125977,20.360000610351562,3713,0.0,0.0
2024-04-23 10:30:00-04:00,20.190000534057617,20.450000762939453,20.190000534057617,20.30500030517578,6985,0.0,0.0
2024-04-23 11:30:00-04:00,20.155000686645508,20.450000762939453,20.155000686645508,20.450000762939453,4441,0.0,0.0
2024-04-23 12:30:00-04:00,20.450000762939453,20.520000457763672,20.360000610351562,20.360000610351562,4731,0.0,0.0
2024-04-23 13:30:00-04:00,20.329999923706055,20.360000610351562,20.260000228881836,20.270000457763672,2583,0.0,0.0
2024-04-23 14:30:00-04:00,20.264999389648438,20.56999969482422,20.264999389648438,20.55500030517578,3642,0.0,0.0
2024-04-23 15:30:00-04:00,20.360000610351562,20.44499969482422,20.200000762939453,20.200000762939453,13758,0.0,0.0
2024-04-24 09:30:00-04:00,20.8799991607666,20.8799991607666,20.360000610351562,20.420000076293945,5162,0.0,0.0
2024-04-24 10:30:00-04:00,20.6299991607666,20.6299991607666,20.6299991607666,20.6299991607666,734,0.0,0.0
2024-04-24 11:30:00-04:00,20.399999618530273,20.40999984741211,20.290000915527344,20.350000381469727,4580,0.0,0.0
2024-04-24 12:30:00-04:00,20.3700008392334,20.584999084472656,20.3700008392334,20.584999084472656,1670,0.0,0.0
2024-04-24 13:30:00-04:00,20.80500030517578,21.219999313354492,20.674999237060547,21.219999313354492,6183,0.0,0.0
2024-04-24 14:30:00-04:00,21.040000915527344,21.040000915527344,20.139999389648438,20.44499969482422,23374,0.0,0.0
2024-04-24 15:30:00-04:00,20.450000762939453,20.809900283813477,20.395000457763672,20.75,20541,0.0,0.0
2024-04-25 09:30:00-04:00,20.68000030517578,20.68000030517578,20.420000076293945,20.530000686645508,8330,0.0,0.0
2024-04-25 10:30:00-04:00,20.4950008392334,20.549999237060547,20.40999984741211,20.40999984741211,2206,0.0,0.0
2024-04-25 11:30:00-04:00,20.40999984741211,20.59000015258789,20.385000228881836,20.59000015258789,6994,0.0,0.0
2024-04-25 12:30:00-04:00,20.600000381469727,20.639999389648438,20.5049991607666,20.579999923706055,11321,0.0,0.0
2024-04-25 13:30:00-04:00,20.579999923706055,20.98200035095215,20.579999923706055,20.729999542236328,8459,0.0,0.0
2024-04-25 14:30:00-04:00,20.719999313354492,20.922000885009766,20.655000686645508,20.8700008392334,5912,0.0,0.0
2024-04-25 15:30:00-04:00,20.8700008392334,20.90999984741211,20.790000915527344,20.790000915527344,8485,0.0,0.0
2024-04-26 09:30:00-04:00,21.020000457763672,21.020000457763672,20.84000015258789,20.84000015258789,1709,0.0,0.0
2024-04-26 10:30:00-04:00,20.889999389648438,20.889999389648438,20.420000076293945,20.579999923706055,4637,0.0,0.0
2024-04-26 11:30:00-04:00,20.549999237060547,20.75,20.549999237060547,20.649999618530273,3445,0.0,0.0
2024-04-26 12:30:00-04:00,20.649999618530273,20.68000030517578,20.510000228881836,20.530000686645508,3772,0.0,0.0
2024-04-26 13:30:00-04:00,20.510000228881836,20.510000228881836,20.510000228881836,20.510000228881836,1471,0.0,0.0
2024-04-26 14:30:00-04:00,20.510000228881836,20.670000076293945,20.389999389648438,20.5,6088,0.0,0.0
2024-04-26 15:30:00-04:00,20.510000228881836,20.649999618530273,20.440000534057617,20.649999618530273,12282,0.0,0.0
2024-04-29 09:30:00-04:00,20.790000915527344,20.90999984741211,20.790000915527344,20.90999984741211,1831,0.0,0.0
2024-04-29 10:30:00-04:00,20.90999984741211,20.90999984741211,20.81999969482422,20.81999969482422,1734,0.0,0.0
2024-04-29 11:30:00-04:00,20.81999969482422,20.81999969482422,20.729999542236328,20.75,7702,0.0,0.0
2024-04-29 12:30:00-04:00,20.780000686645508,21.059999465942383,20.739999771118164,21.059999465942383,25909,0.0,0.0
2024-04-29 13:30:00-04:00,21.15999984741211,21.270000457763672,21.100000381469727,21.100000381469727,17564,0.0,0.0
2024-04-29 14:30:00-04:00,21.09000015258789,21.09000015258789,20.739999771118164,20.739999771118164,5618,0.0,0.0
2024-04-29 15:30:00-04:00,20.75,20.770000457763672,20.420000076293945,20.600000381469727,18734,0.0,0.0
2024-04-30 10:30:00-04:00,20.790000915527344,20.850000381469727,20.684999465942383,20.75,3348,0.0,0.0
2024-04-30 11:30:00-04:00,20.799999237060547,20.799999237060547,20.454999923706055,20.540000915527344,20836,0.0,0.0
2024-04-30 12:30:00-04:00,20.514999389648438,20.68000030517578,20.5,20.649999618530273,13901,0.0,0.0
2024-04-30 13:30:00-04:00,20.739999771118164,20.739999771118164,20.524999618530273,20.530000686645508,6704,0.0,0.0
2024-04-30 14:30:00-04:00,20.545000076293945,20.579999923706055,20.459999084472656,20.56999969482422,7080,0.0,0.0
2024-04-30 15:30:00-04:00,20.56999969482422,20.56999969482422,20.489999771118164,20.549999237060547,10362,0.0,0.0
2024-05-01 09:30:00-04:00,20.739999771118164,20.739999771118164,20.739999771118164,20.739999771118164,894,0.0,0.0
2024-05-01 10:30:00-04:00,20.774999618530273,20.93000030517578,20.774999618530273,20.93000030517578,696,0.0,0.0
2024-05-01 11:30:00-04:00,20.889999389648438,21.014999389648438,20.889999389648438,21.014999389648438,11783,0.0,0.0
2024-05-01 12:30:00-04:00,21.09000015258789,21.170000076293945,21.059999465942383,21.149999618530273,3274,0.0,0.0
2024-05-01 13:30:00-04:00,21.149999618530273,21.229999542236328,21.1299991607666,21.200000762939453,10144,0.0,0.0
2024-05-01 14:30:00-04:00,21.25,21.479999542236328,21.170000076293945,21.389999389648438,10702,0.0,0.0
2024-05-01 15:30:00-04:00,21.389999389648438,21.395000457763672,21.079999923706055,21.170000076293945,11809,0.0,0.0
2024-05-02 09:30:00-04:00,21.489999771118164,21.489999771118164,21.489999771118164,21.489999771118164,50619,0.0,0.0
2024-05-02 10:30:00-04:00,21.299999237060547,21.350000381469727,21.270000457763672,21.350000381469727,1518,0.0,0.0
2024-05-02 11:30:00-04:00,21.43000030517578,21.489999771118164,21.43000030517578,21.43000030517578,11270,0.0,0.0
2024-05-02 12:30:00-04:00,21.40999984741211,21.489999771118164,21.40999984741211,21.454999923706055,3474,0.0,0.0
2024-05-02 13:30:00-04:00,21.459999084472656,21.489999771118164,21.459999084472656,21.489999771118164,1541,0.0,0.0
2024-05-02 14:30:00-04:00,21.520000457763672,21.649999618530273,21.520000457763672,21.610000610351562,1982,0.0,0.0
2024-05-02 15:30:00-04:00,21.579999923706055,21.600000381469727,21.489999771118164,21.559999465942383,7242,0.0,0.0
2024-05-03 09:30:00-04:00,21.90999984741211,21.979999542236328,21.875,21.875,1447,0.0,0.0
2024-05-03 10:30:00-04:00,21.800100326538086,21.920000076293945,21.800100326538086,21.920000076293945,6037,0.0,0.0
2024-05-03 11:30:00-04:00,21.889999389648438,21.889999389648438,21.799999237060547,21.829999923706055,705,0.0,0.0
2024-05-03 12:30:00-04:00,21.850000381469727,21.889999389648438,21.850000381469727,21.889999389648438,1117,0.0,0.0
2024-05-03 13:30:00-04:00,21.8799991607666,21.940000534057617,21.829999923706055,21.940000534057617,2306,0.0,0.0
2024-05-03 14:30:00-04:00,21.90999984741211,22.190000534057617,21.8799991607666,22.18000030517578,12163,0.0,0.0
2024-05-03 15:30:00-04:00,22.200000762939453,22.219999313354492,22.030000686645508,22.1299991607666,4509,0.0,0.0
2024-05-06 11:30:00-04:00,22.149999618530273,22.149999618530273,22.149999618530273,22.149999618530273,26023,0.0,0.0
2024-05-06 12:30:00-04:00,22.149999618530273,22.166000366210938,22.149999618530273,22.155000686645508,3693,0.0,0.0
2024-05-06 13:30:00-04:00,22.23870086669922,22.30500030517578,22.200000762939453,22.2549991607666,3636,0.0,0.0
2024-05-06 14:30:00-04:00,22.219999313354492,22.258899688720703,22.18000030517578,22.25,3426,0.0,0.0
2024-05-06 15:30:00-04:00,22.239999771118164,22.280000686645508,22.209999084472656,22.2450008392334,4167,0.0,0.0
2024-05-07 09:30:00-04:00,22.25,22.25,22.2450008392334,22.2450008392334,601,0.0,0.0
2024-05-07 10:30:00-04:00,22.440000534057617,22.61989974975586,22.440000534057617,22.479999542236328,2430,0.0,0.0
2024-05-07 11:30:00-04:00,22.3700008392334,22.3700008392334,22.3700008392334,22.3700008392334,219,0.0,0.0
2024-05-07 12:30:00-04:00,22.3700008392334,22.3700008392334,22.270000457763672,22.270000457763672,1019,0.0,0.0
2024-05-07 13:30:00-04:00,22.270000457763672,22.270000457763672,22.270000457763672,22.270000457763672,160,0.0,0.0
2024-05-07 14:30:00-04:00,22.34000015258789,22.34000015258789,22.2549991607666,22.2549991607666,1858,0.0,0.0
2024-05-07 15:30:00-04:00,22.25749969482422,22.290000915527344,22.139999389648438,22.209999084472656,14143,0.0,0.0
2024-05-08 09:30:00-04:00,22.15999984741211,22.15999984741211,22.15999984741211,22.15999984741211,2474,0.0,0.0
2024-05-08 12:30:00-04:00,22.25749969482422,22.30500030517578,22.190000534057617,22.25,3913,0.0,0.0
2024-05-08 13:30:00-04:00,22.25,22.274999618530273,22.25,22.274999618530273,1721,0.0,0.0
2024-05-08 14:30:00-04:00,22.299999237060547,22.299999237060547,22.239999771118164,22.2450008392334,4562,0.0,0.0
2024-05-08 15:30:00-04:00,22.25,22.299999237060547,22.239999771118164,22.299999237060547,7504,0.0,0.0
2024-05-09 09:30:00-04:00,22.520000457763672,22.520000457763672,22.520000457763672,22.520000457763672,1087,0.0,0.0
2024-05-09 10:30:00-04:00,22.520000457763672,22.530000686645508,22.520000457763672,22.530000686645508,253,0.0,0.0
2024-05-09 11:30:00-04:00,22.520000457763672,22.540000915527344,22.44499969482422,22.540000915527344,550,0.0,0.0
2024-05-09 12:30:00-04:00,22.450000762939453,22.530000686645508,22.450000762939453,22.510000228881836,878,0.0,0.0
2024-05-09 13:30:00-04:00,22.5,22.540000915527344,22.459999084472656,22.524999618530273,2924,0.0,0.0
2024-05-09 14:30:00-04:00,22.510000228881836,22.540000915527344,22.395000457763672,22.520000457763672,4777,0.0,0.0
2024-05-09 15:30:00-04:00,22.520000457763672,22.790000915527344,22.520000457763672,22.670000076293945,7319,0.0,0.0
2024-05-10 09:30:00-04:00,22.809999465942383,22.809999465942383,22.790000915527344,22.790000915527344,655,0.0,0.0
2024-05-10 10:30:00-04:00,22.725000381469727,22.725000381469727,22.684999465942383,22.684999465942383,644,0.0,0.0
2024-05-10 11:30:00-04:00,22.639999389648438,22.639999389648438,22.59000015258789,22.6299991607666,1109,0.0,0.0
2024-05-10 12:30:00-04:00,22.559999465942383,22.559999465942383,22.46500015258789,22.46500015258789,706,0.0,0.0
2024-05-10 13:30:00-04:00,22.450000762939453,22.56999969482422,22.450000762939453,22.56999969482422,1380,0.0,0.0
2024-05-10 14:30:00-04:00,22.530000686645508,22.59000015258789,22.530000686645508,22.59000015258789,4003,0.0,0.0
2024-05-10 15:30:00-04:00,22.540000915527344,22.59000015258789,22.489999771118164,22.5,4598,0.0,0.0
2024-05-13 09:30:00-04:00,22.719999313354492,22.719999313354492,22.719999313354492,22.719999313354492,124,0.0,0.0
2024-05-13 10:30:00-04:00,22.31999969482422,22.31999969482422,22.31999969482422,22.31999969482422,314,0.0,0.0
2024-05-13 11:30:00-04:00,22.489999771118164,22.59000015258789,22.489999771118164,22.59000015258789,926,0.0,0.0
2024-05-13 12:30:00-04:00,22.690000534057617,22.7549991607666,22.690000534057617,22.7549991607666,678,0.0,0.0
2024-05-13 13:30:00-04:00,22.690000534057617,22.739999771118164,22.68000030517578,22.739999771118164,650,0.0,0.0
2024-05-13 14:30:00-04:00,22.75,22.834999084472656,22.690000534057617,22.690000534057617,2313,0.0,0.0
2024-05-13 15:30:00-04:00,22.725000381469727,22.739999771118164,22.56999969482422,22.649999618530273,12144,0.0,0.0
2024-05-14 09:30:00-04:00,22.940000534057617,22.959999084472656,22.940000534057617,22.959999084472656,778,0.0,0.0
2024-05-14 11:30:00-04:00,22.829999923706055,22.829999923706055,22.799999237060547,22.799999237060547,21229,0.0,0.0
2024-05-14 12:30:00-04:00,22.709999084472656,22.709999084472656,22.4950008392334,22.5,2138,0.0,0.0
2024-05-14 13:30:00-04:00,22.475000381469727,22.540000915527344,22.475000381469727,22.510000228881836,1448,0.0,0.0
2024-05-14 14:30:00-04:00,22.549999237060547,22.6200008392334,22.389999389648438,22.389999389648438,2243,0.0,0.0
2024-05-14 15:30:00-04:00,22.469999313354492,22.690000534057617,22.459999084472656,22.639999389648438,10007,0.0,0.0
2024-05-15 09:30:00-04:00,22.81999969482422,22.81999969482422,22.729999542236328,22.729999542236328,1514,0.0,0.0
2024-05-15 10:30:00-04:00,22.729999542236328,22.729999542236328,22.729999542236328,22.729999542236328,2226,0.0,0.0
2024-05-15 12:30:00-04:00,22.56999969482422,22.645000457763672,22.56999969482422,22.645000457763672,1345,0.0,0.0
2024-05-15 13:30:00-04:00,22.56999969482422,22.700000762939453,22.56999969482422,22.670000076293945,3546,0.0,0.0
2024-05-15 14:30:00-04:00,22.65999984741211,22.774999618530273,22.65999984741211,22.774999618530273,5490,0.0,0.0
2024-05-15 15:30:00-04:00,22.770000457763672,22.825000762939453,22.770000457763672,22.809999465942383,4699,0.0,0.0
2024-05-16 09:30:00-04:00,22.8799991607666,22.8799991607666,22.8799991607666,22.8799991607666,698,0.0,0.0
2024-05-16 10:30:00-04:00,22.729999542236328,22.829999923706055,22.68429946899414,22.7450008392334,2074,0.0,0.0
2024-05-16 11:30:00-04:00,22.75,22.75,22.690099716186523,22.75,4055,0.0,0.0
2024-05-16 13:30:00-04:00,22.78499984741211,22.809999465942383,22.780000686645508,22.809999465942383,1668,0.0,0.0
2024-05-16 14:30:00-04:00,22.7549991607666,22.829999923706055,22.7549991607666,22.829999923706055,1859,0.0,0.0
2024-05-16 15:30:00-04:00,22.899999618530273,22.899999618530273,22.809999465942383,22.8700008392334,5627,0.0,0.0
2024-05-17 09:30:00-04:00,22.979999542236328,22.989999771118164,22.979999542236328,22.989999771118164,4157,0.0,0.0
2024-05-17 10:30:00-04:00,22.81999969482422,22.81999969482422,22.81999969482422,22.81999969482422,1037,0.0,0.0
2024-05-17 11:30:00-04:00,22.954999923706055,23.0,22.90999984741211,22.975000381469727,4060,0.0,0.0
2024-05-17 12:30:00-04:00,23.0,23.15999984741211,22.979999542236328,23.010000228881836,12283,0.0,0.0
2024-05-17 13:30:00-04:00,23.139999389648438,23.139999389648438,23.05500030517578,23.09000015258789,2755,0.0,0.0
2024-05-17 14:30:00-04:00,23.079999923706055,23.079999923706055,22.985000610351562,22.985000610351562,3226,0.0,0.0
2024-05-17 15:30:00-04:00,22.989999771118164,23.079999923706055,22.950000762939453,23.079999923706055,10284,0.0,0.0
2024-05-20 09:30:00-04:00,22.770000457763672,23.024999618530273,22.770000457763672,23.024999618530273,1980,0.0,0.0
2024-05-20 10:30:00-04:00,22.934999465942383,22.934999465942383,22.934999465942383,22.934999465942383,623,0.0,0.0
2024-05-20 11:30:00-04:00,22.8700008392334,22.94499969482422,22.8700008392334,22.94499969482422,2301,0.0,0.0
2024-05-20 12:30:00-04:00,22.96500015258789,22.989999771118164,22.92099952697754,22.989999771118164,1902,0.0,0.0
2024-05-20 13:30:00-04:00,22.950000762939453,22.979999542236328,22.950000762939453,22.979999542236328,1143,0.0,0.0
2024-05-20 14:30:00-04:00,22.969999313354492,22.979999542236328,22.860000610351562,22.860000610351562,7720,0.0,0.0
2024-05-20 15:30:00-04:00,22.799999237060547,22.799999237060547,22.469999313354492,22.780000686645508,24784,0.0,0.0
2024-05-21 09:30:00-04:00,22.700000762939453,22.864999771118164,22.700000762939453,22.864999771118164,899,0.0,0.0
2024-05-21 10:30:00-04:00,22.81999969482422,22.81999969482422,22.81999969482422,22.81999969482422,217,0.0,0.0
2024-05-21 11:30:00-04:00,22.799999237060547,22.799999237060547,22.760000228881836,22.760000228881836,734,0.0,0.0
2024-05-21 12:30:00-04:00,22.7549991607666,22.954999923706055,22.75,22.954999923706055,2053,0.0,0.0
2024-05-21 13:30:00-04:00,23.045000076293945,23.170000076293945,23.045000076293945,23.149999618530273,3012,0.0,0.0
2024-05-21 14:30:00-04:00,23.1200008392334,23.1200008392334,23.079999923706055,23.094999313354492,2876,0.0,0.0
2024-05-21 15:30:00-04:00,23.1200008392334,23.28499984741211,23.09000015258789,23.239999771118164,14106,0.0,0.0
2024-05-22 09:30:00-04:00,23.149999618530273,23.299999237060547,22.96500015258789,23.25,1936,0.0,0.0
2024-05-22 10:30:00-04:00,23.25,23.290000915527344,23.25,23.270000457763672,2095,0.0,0.0
2024-05-22 11:30:00-04:00,23.329999923706055,23.3700008392334,23.239999771118164,23.280000686645508,1749,0.0,0.0
2024-05-22 12:30:00-04:00,23.264999389648438,23.309999465942383,23.239999771118164,23.309999465942383,2494,0.0,0.0
2024-05-22 13:30:00-04:00,23.270000457763672,23.43000030517578,23.209999084472656,23.290000915527344,6544,0.0,0.0
2024-05-22 14:30:00-04:00,23.239999771118164,23.299999237060547,23.1299991607666,23.260000228881836,11865,0.0,0.0
2024-05-22 15:30:00-04:00,23.299999237060547,23.420000076293945,23.260000228881836,23.3700008392334,11228,0.0,0.0
2024-05-23 09:30:00-04:00,23.399999618530273,23.459999084472656,23.100000381469727,23.350000381469727,3440,0.0,0.0
2024-05-23 10:30:00-04:00,23.389999389648438,23.389999389648438,23.31999969482422,23.329999923706055,2253,0.0,0.0
2024-05-23 11:30:00-04:00,23.399999618530273,23.5,23.399999618530273,23.5,1621,0.0,0.0
2024-05-23 12:30:00-04:00,23.5,23.520000457763672,23.329999923706055,23.479999542236328,3542,0.0,0.0
2024-05-23 13:30:00-04:00,23.389999389648438,23.43000030517578,23.0,23.18000030517578,5424,0.0,0.0
2024-05-23 14:30:00-04:00,23.139999389648438,23.229999542236328,23.010000228881836,23.010000228881836,4138,0.0,0.0
2024-05-23 15:30:00-04:00,23.010000228881836,23.1299991607666,22.93000030517578,23.110000610351562,20121,0.0,0.0
2024-05-24 09:30:00-04:00,22.799999237060547,22.989999771118164,22.5575008392334,22.950000762939453,8454,0.0,0.0
2024-05-24 10:30:00-04:00,23.030000686645508,23.149999618530273,22.934999465942383,23.020000457763672,1495,0.0,0.0
2024-05-24 11:30:00-04:00,23.047500610351562,23.075000762939453,23.047500610351562,23.075000762939453,669,0.0,0.0
2024-05-24 12:30:00-04:00,23.149999618530273,23.149999618530273,23.040000915527344,23.049999237060547,1329,0.0,0.0
2024-05-24 13:30:00-04:00,23.1200008392334,23.1200008392334,23.030000686645508,23.079999923706055,2764,0.0,0.0
2024-05-24 14:30:00-04:00,23.030000686645508,23.184999465942383,23.030000686645508,23.100000381469727,8110,0.0,0.0
2024-05-24 15:30:00-04:00,23.072500228881836,23.200000762939453,23.030000686645508,23.200000762939453,10522,0.0,0.0
2024-05-28 09:30:00-04:00,23.31999969482422,23.420000076293945,23.280000686645508,23.375,2558,0.0,0.0
2024-05-28 10:30:00-04:00,23.225000381469727,23.225000381469727,23.165000915527344,23.209999084472656,1431,0.0,0.0
2024-05-28 11:30:00-04:00,23.299999237060547,23.43000030517578,23.219999313354492,23.219999313354492,3073,0.0,0.0
2024-05-28 12:30:00-04:00,23.3700008392334,23.399999618530273,23.204999923706055,23.204999923706055,4994,0.0,0.0
2024-05-28 13:30:00-04:00,23.15999984741211,23.190000534057617,23.030000686645508,23.065000534057617,6695,0.0,0.0
2024-05-28 14:30:00-04:00,23.030000686645508,23.079999923706055,22.969999313354492,22.9950008392334,11422,0.0,0.0
2024-05-28 15:30:00-04:00,22.9950008392334,23.1299991607666,22.969999313354492,22.979999542236328,15147,0.0,0.0
2024-05-29 09:30:00-04:00,22.610000610351562,22.93000030517578,22.510000228881836,22.510000228881836,1401,0.0,0.0
2024-05-29 10:30:00-04:00,22.450000762939453,22.450000762939453,22.450000762939453,22.450000762939453,516,0.0,0.0
2024-05-29 11:30:00-04:00,22.44499969482422,22.729999542236328,22.44499969482422,22.670000076293945,15383,0.0,0.0
2024-05-29 12:30:00-04:00,22.639999389648438,22.71500015258789,22.420000076293945,22.509000778198242,13327,0.0,0.0
2024-05-29 13:30:00-04:00,22.510000228881836,22.770000457763672,22.510000228881836,22.700000762939453,9040,0.0,0.0
2024-05-29 14:30:00-04:00,22.729999542236328,22.790000915527344,22.68000030517578,22.729999542236328,7953,0.0,0.0
2024-05-29 15:30:00-04:00,22.760000228881836,22.760000228881836,22.459999084472656,22.459999084472656,12083,0.0,0.0
2024-05-30 09:30:00-04:00,22.770000457763672,22.954999923706055,22.22010040283203,22.645000457763672,1650,0.0,0.0
2024-05-30 10:30:00-04:00,22.790000915527344,22.895000457763672,22.790000915527344,22.895000457763672,1473,0.0,0.0
2024-05-30 11:30:00-04:00,22.790000915527344,23.07080078125,22.790000915527344,23.07080078125,3962,0.0,0.0
2024-05-30 12:30:00-04:00,23.045000076293945,23.045000076293945,22.959999084472656,22.959999084472656,2916,0.0,0.0
2024-05-30 13:30:00-04:00,22.950000762939453,23.037900924682617,22.950000762939453,23.037900924682617,1431,0.0,0.0
2024-05-30 14:30:00-04:00,22.959999084472656,23.199800491333008,22.90999984741211,23.199800491333008,4443,0.0,0.0
2024-05-30 15:30:00-04:00,23.1200008392334,23.1200008392334,22.950000762939453,22.959999084472656,11240,0.0,0.0
2024-05-31 09:30:00-04:00,23.110000610351562,23.110000610351562,22.829999923706055,22.975000381469727,3433,0.0,0.0
2024-05-31 10:30:00-04:00,23.03499984741211,23.03499984741211,22.93000030517578,22.93000030517578,2127,0.0,0.0
2024-05-31 11:30:00-04:00,22.969999313354492,22.969999313354492,22.735000610351562,22.920000076293945,8113,0.0,0.0
2024-05-31 12:30:00-04:00,22.834999084472656,22.889999389648438,22.709999084472656,22.864999771118164,2975,0.0,0.0
2024-05-31 13:30:00-04:00,22.799999237060547,23.1299991607666,22.799999237060547,22.93000030517578,7462,0.0,0.0
2024-05-31 14:30:00-04:00,23.040000915527344,23.040000915527344,22.850000381469727,22.899999618530273,7619,0.0,0.0
2024-05-31 15:30:00-04:00,22.899999618530273,23.139999389648438,22.829999923706055,23.100000381469727,21548,0.0,0.0
2024-06-03 09:30:00-04:00,23.360000610351562,23.360000610351562,23.360000610351562,23.360000610351562,1094,0.0,0.0
2024-06-03 10:30:00-04:00,23.209999084472656,23.209999084472656,22.850000381469727,22.850000381469727,2513,0.0,0.0
2024-06-03 11:30:00-04:00,22.780000686645508,22.834999084472656,22.760000228881836,22.760000228881836,1998,0.0,0.0
2024-06-03 12:30:00-04:00,22.7549991607666,22.90999984741211,22.7549991607666,22.899999618530273,5291,0.0,0.0
2024-06-03 13:30:00-04:00,22.799999237060547,22.81999969482422,22.799999237060547,22.81999969482422,384,0.0,0.0
2024-06-03 14:30:00-04:00,22.81999969482422,22.829999923706055,22.75,22.78499984741211,2940,0.0,0.0
2024-06-03 15:30:00-04:00,22.770000457763672,22.940000534057617,22.639999389648438,22.690000534057617,17652,0.0,0.0
2024-06-04 09:30:00-04:00,22.530000686645508,22.530000686645508,22.420000076293945,22.4950008392334,1584,0.0,0.0
2024-06-04 10:30:00-04:00,22.43000030517578,22.43000030517578,22.25,22.25,1078,0.0,0.0
2024-06-04 11:30:00-04:00,22.295000076293945,22.31999969482422,22.25,22.31999969482422,2975,0.0,0.0
2024-06-04 12:30:00-04:00,22.299999237060547,22.299999237060547,22.299999237060547,22.299999237060547,602,0.0,0.0
2024-06-04 13:30:00-04:00,22.279399871826172,22.34000015258789,22.259300231933594,22.260000228881836,3669,0.0,0.0
2024-06-04 14:30:00-04:00,22.280000686645508,22.280000686645508,22.149999618530273,22.15999984741211,4016,0.0,0.0
2024-06-04 15:30:00-04:00,22.165000915527344,22.165000915527344,21.969999313354492,22.030000686645508,10733,0.0,0.0
2024-06-05 09:30:00-04:00,22.270000457763672,22.270000457763672,22.15999984741211,22.15999984741211,1097,0.0,0.0
2024-06-05 10:30:00-04:00,22.06999969482422,22.06999969482422,22.06999969482422,22.06999969482422,349,0.0,0.0
2024-06-05 11:30:00-04:00,22.2052001953125,22.2052001953125,22.2052001953125,22.2052001953125,794,0.0,0.0
2024-06-05 13:30:00-04:00,22.184999465942383,22.239999771118164,22.139999389648438,22.239999771118164,1569,0.0,0.0
2024-06-05 14:30:00-04:00,22.299999237060547,22.34000015258789,22.239999771118164,22.319900512695312,4746,0.0,0.0
2024-06-05 15:30:00-04:00,22.289499282836914,22.34000015258789,22.219999313354492,22.329999923706055,4705,0.0,0.0
2024-06-06 09:30:00-04:00,22.209999084472656,22.3700008392334,22.209999084472656,22.280000686645508,911,0.0,0.0
2024-06-06 10:30:00-04:00,22.399999618530273,22.399999618530273,22.209999084472656,22.209999084472656,2550,0.0,0.0
2024-06-06 11:30:00-04:00,22.209999084472656,22.209999084472656,22.15999984741211,22.170000076293945,2215,0.0,0.0
2024-06-06 12:30:00-04:00,22.170000076293945,22.25,22.170000076293945,22.25,1259,0.0,0.0
2024-06-06 13:30:00-04:00,22.200000762939453,22.229999542236328,22.200000762939453,22.229999542236328,1612,0.0,0.0
2024-06-06 14:30:00-04:00,22.280000686645508,22.3799991607666,22.280000686645508,22.37179946899414,1020,0.0,0.0
2024-06-06 15:30:00-04:00,22.360000610351562,22.360000610351562,22.190000534057617,22.219999313354492,4051,0.0,0.0
2024-06-07 09:30:00-04:00,22.079999923706055,22.209999084472656,21.8799991607666,22.209999084472656,0,0.0,0.0
2024-06-07 10:30:00-04:00,22.2549991607666,22.2549991607666,22.0,22.059999465942383,1970,0.0,0.0
2024-06-07 11:30:00-04:00,22.114900588989258,22.219900131225586,22.114900588989258,22.219900131225586,997,0.0,0.0
2024-06-07 12:30:00-04:00,22.100000381469727,22.15999984741211,22.000099182128906,22.10219955444336,5068,0.0,0.0
2024-06-07 13:30:00-04:00,22.25,22.25,22.100000381469727,22.209999084472656,1918,0.0,0.0
2024-06-07 14:30:00-04:00,22.229999542236328,22.229999542236328,22.09000015258789,22.09000015258789,2678,0.0,0.0
2024-06-07 15:30:00-04:00,22.09000015258789,22.170000076293945,22.010000228881836,22.049999237060547,5399,0.0,0.0
2024-06-10 09:30:00-04:00,21.8799991607666,22.229999542236328,21.8799991607666,21.979999542236328,3277,0.0,0.0
2024-06-10 10:30:00-04:00,21.950000762939453,21.959999084472656,21.895000457763672,21.934999465942383,3060,0.0,0.0
2024-06-10 11:30:00-04:00,21.922500610351562,21.922500610351562,21.922500610351562,21.922500610351562,163,0.0,0.0
2024-06-10 12:30:00-04:00,21.950000762939453,21.950000762939453,21.90999984741211,21.93000030517578,1142,0.0,0.0
2024-06-10 13:30:00-04:00,21.940000534057617,21.989999771118164,21.920000076293945,21.920000076293945,1287,0.0,0.0
2024-06-10 14:30:00-04:00,21.969999313354492,21.979999542236328,21.920000076293945,21.979999542236328,1937,0.0,0.0
2024-06-10 15:30:00-04:00,21.93000030517578,22.360000610351562,21.93000030517578,22.239999771118164,18881,0.0,0.0
2024-06-11 09:30:00-04:00,22.100000381469727,22.100000381469727,21.770000457763672,21.829999923706055,3484,0.0,0.0
2024-06-11 10:30:00-04:00,21.860000610351562,21.950000762939453,21.860000610351562,21.950000762939453,1235,0.0,0.0
2024-06-11 11:30:00-04:00,22.0,22.0,21.93000030517578,21.93000030517578,1269,0.0,0.0
2024-06-11 12:30:00-04:00,21.917699813842773,22.0,21.917699813842773,22.0,1369,0.0,0.0
2024-06-11 13:30:00-04:00,21.91010093688965,22.15999984741211,21.91010093688965,22.040000915527344,4597,0.0,0.0
2024-06-11 14:30:00-04:00,22.104999542236328,22.104999542236328,22.040000915527344,22.040000915527344,1398,0.0,0.0
2024-06-11 15:30:00-04:00,22.059999465942383,22.079999923706055,21.93000030517578,21.959999084472656,9358,0.0,0.0
2024-06-12 09:30:00-04:00,22.56999969482422,22.739999771118164,22.56999969482422,22.739999771118164,1493,0.0,0.0
2024-06-12 10:30:00-04:00,22.899999618530273,22.899999618530273,22.770000457763672,22.774999618530273,988,0.0,0.0
2024-06-12 11:30:00-04:00,22.8700008392334,22.8700008392334,22.71500015258789,22.71500015258789,1864,0.0,0.0
2024-06-12 12:30:00-04:00,22.780000686645508,22.850000381469727,22.780000686645508,22.850000381469727,841,0.0,0.0
2024-06-12 13:30:00-04:00,22.790000915527344,22.795000076293945,22.540000915527344,22.697900772094727,3110,0.0,0.0
2024-06-12 14:30:00-04:00,22.635000228881836,22.635000228881836,22.43000030517578,22.43000030517578,2300,0.0,0.0
2024-06-12 15:30:00-04:00,22.299999237060547,22.469999313354492,22.299999237060547,22.40999984741211,5659,0.0,0.0
2024-06-13 09:30:00-04:00,22.290000915527344,22.290000915527344,22.290000915527344,22.290000915527344,444,0.0,0.0
2024-06-13 10:30:00-04:00,22.190000534057617,22.190000534057617,21.889999389648438,21.889999389648438,993,0.0,0.0
2024-06-13 11:30:00-04:00,21.8799991607666,21.889999389648438,21.81999969482422,21.81999969482422,961,0.0,0.0
2024-06-13 12:30:00-04:00,21.84000015258789,21.84000015258789,21.81999969482422,21.81999969482422,1359,0.0,0.0
2024-06-13 13:30:00-04:00,21.899999618530273,21.899999618530273,21.899999618530273,21.899999618530273,497,0.0,0.0
2024-06-13 14:30:00-04:00,21.8799991607666,21.950000762939453,21.8700008392334,21.950000762939453,1848,0.0,0.0
2024-06-13 15:30:00-04:00,21.940000534057617,22.049999237060547,21.940000534057617,22.0,3479,0.0,0.0
2024-06-14 09:30:00-04:00,21.649999618530273,21.649999618530273,21.649999618530273,21.649999618530273,477,0.0,0.0
2024-06-14 10:30:00-04:00,21.799999237060547,21.809999465942383,21.795000076293945,21.795000076293945,974,0.0,0.0
2024-06-14 11:30:00-04:00,21.700000762939453,21.760000228881836,21.579999923706055,21.674999237060547,3715,0.0,0.0
2024-06-14 12:30:00-04:00,21.719999313354492,21.760000228881836,21.674999237060547,21.760000228881836,2708,0.0,0.0
2024-06-14 13:30:00-04:00,21.649999618530273,21.65999984741211,21.649999618530273,21.65999984741211,796,0.0,0.0
2024-06-14 14:30:00-04:00,21.704999923706055,21.704999923706055,21.579999923706055,21.579999923706055,2720,0.0,0.0
2024-06-14 15:30:00-04:00,21.614999771118164,21.729999542236328,21.614999771118164,21.709999084472656,5963,0.0,0.0
2024-06-17 09:30:00-04:00,21.709999084472656,22.100000381469727,21.56999969482422,21.56999969482422,481,0.0,0.0
2024-06-17 10:30:00-04:00,21.579999923706055,21.6200008392334,21.520000457763672,21.520000457763672,570,0.0,0.0
2024-06-17 11:30:00-04:00,21.530000686645508,21.530000686645508,21.399999618530273,21.440000534057617,5101,0.0,0.0
2024-06-17 12:30:00-04:00,21.520000457763672,21.520000457763672,21.479999542236328,21.479999542236328,1265,0.0,0.0
2024-06-17 13:30:00-04:00,21.600000381469727,21.86359977722168,21.600000381469727,21.829999923706055,3191,0.0,0.0
2024-06-17 14:30:00-04:00,21.739999771118164,21.739999771118164,21.729999542236328,21.729999542236328,371,0.0,0.0
2024-06-17 15:30:00-04:00,21.790000915527344,21.940000534057617,21.790000915527344,21.889999389648438,4252,0.0,0.0
2024-06-18 10:30:00-04:00,22.06999969482422,22.079999923706055,21.93000030517578,22.079999923706055,1394,0.0,0.0
2024-06-18 11:30:00-04:00,22.170000076293945,22.209999084472656,22.170000076293945,22.170000076293945,705,0.0,0.0
2024-06-18 12:30:00-04:00,22.139999389648438,22.155000686645508,22.139999389648438,22.155000686645508,1329,0.0,0.0
2024-06-18 13:30:00-04:00,22.18000030517578,22.200000762939453,22.155000686645508,22.190000534057617,1992,0.0,0.0
2024-06-18 15:30:00-04:00,22.190000534057617,22.34000015258789,22.1299991607666,22.219999313354492,8665,0.0,0.0
2024-06-20 09:30:00-04:00,22.040000915527344,22.040000915527344,21.947200775146484,21.947200775146484,1427,0.0,0.0
2024-06-20 10:30:00-04:00,22.059999465942383,22.059999465942383,22.059999465942383,22.059999465942383,256,0.0,0.0
2024-06-20 11:30:00-04:00,22.049999237060547,22.049999237060547,22.049999237060547,22.049999237060547,1064,0.0,0.0
2024-06-20 12:30:00-04:00,21.920000076293945,21.969999313354492,21.8799991607666,21.88170051574707,1615,0.0,0.0
2024-06-20 13:30:00-04:00,21.989999771118164,21.989999771118164,21.989999771118164,21.989999771118164,774,0.0,0.0
2024-06-20 14:30:00-04:00,21.84000015258789,21.850000381469727,21.84000015258789,21.850000381469727,636,0.0,0.0
2024-06-20 15:30:00-04:00,21.825000762939453,22.059999465942383,21.700000762939453,22.059999465942383,16061,0.0,0.0
2024-06-21 09:30:00-04:00,22.0,22.267499923706055,21.81999969482422,21.81999969482422,25304,0.0,0.0
2024-06-21 10:30:00-04:00,21.780000686645508,21.799999237060547,21.700000762939453,21.770000457763672,1823,0.0,0.0
2024-06-21 11:30:00-04:00,21.850000381469727,21.875,21.75,21.875,1518,0.0,0.0
2024-06-21 12:30:00-04:00,21.93000030517578,21.969999313354492,21.889999389648438,21.959999084472656,1829,0.0,0.0
2024-06-21 13:30:00-04:00,21.969999313354492,22.056900024414062,21.969999313354492,22.056900024414062,2645,0.0,0.0
2024-06-21 14:30:00-04:00,22.0,22.06999969482422,22.0,22.0,1482,0.0,0.0
2024-06-21 15:30:00-04:00,22.049999237060547,22.049999237060547,21.90999984741211,22.030000686645508,23687,0.0,0.0
2024-06-24 09:30:00-04:00,22.1299991607666,22.1299991607666,22.1299991607666,22.1299991607666,1153,0.0,0.0
2024-06-24 13:30:00-04:00,22.40999984741211,22.40999984741211,22.40999984741211,22.40999984741211,897,0.0,0.0
2024-06-24 14:30:00-04:00,22.469999313354492,22.469999313354492,22.350000381469727,22.350000381469727,2625,0.0,0.0
2024-06-24 15:30:00-04:00,22.200000762939453,22.25,22.104999542236328,22.1200008392334,6208,0.0,0.0
2024-06-25 09:30:00-04:00,21.959999084472656,21.959999084472656,21.959999084472656,21.959999084472656,362,0.0,0.0
2024-06-25 10:30:00-04:00,22.0,22.149999618530273,21.945499420166016,22.149999618530273,1407,0.0,0.0
2024-06-25 11:30:00-04:00,22.104999542236328,22.104999542236328,22.104999542236328,22.104999542236328,618,0.0,0.0
2024-06-25 12:30:00-04:00,22.115100860595703,22.115100860595703,22.115100860595703,22.115100860595703,636,0.0,0.0
2024-06-25 13:30:00-04:00,22.149999618530273,22.149999618530273,22.149999618530273,22.149999618530273,664,0.0,0.0
2024-06-25 14:30:00-04:00,22.09000015258789,22.135400772094727,22.05500030517578,22.135400772094727,2342,0.0,0.0
2024-06-25 15:30:00-04:00,22.139999389648438,22.139999389648438,21.979999542236328,22.010000228881836,5554,0.0,0.0
2024-06-26 09:30:00-04:00,21.809999465942383,21.81999969482422,21.673500061035156,21.691699981689453,6307,0.0,0.0
2024-06-26 10:30:00-04:00,21.899999618530273,21.93000030517578,21.899999618530273,21.93000030517578,524,0.0,0.0
2024-06-26 11:30:00-04:00,22.06999969482422,22.06999969482422,22.06999969482422,22.06999969482422,530,0.0,0.0
2024-06-26 12:30:00-04:00,22.15999984741211,22.15999984741211,22.1299991607666,22.1299991607666,623,0.0,0.0
2024-06-26 13:30:00-04:00,22.059999465942383,22.17009925842285,22.059999465942383,22.17009925842285,2142,0.0,0.0
2024-06-26 14:30:00-04:00,22.40999984741211,22.40999984741211,22.40999984741211,22.40999984741211,2138,0.0,0.0
2024-06-26 15:30:00-04:00,22.56999969482422,22.68000030517578,22.3799991607666,22.3799991607666,7618,0.0,0.0
2024-06-27 09:30:00-04:00,22.510000228881836,22.510000228881836,22.510000228881836,22.510000228881836,437,0.0,0.0
2024-06-27 10:30:00-04:00,22.790000915527344,22.790000915527344,22.790000915527344,22.790000915527344,392,0.0,0.0
2024-06-27 11:30:00-04:00,22.510000228881836,22.510000228881836,22.479999542236328,22.479999542236328,1478,0.0,0.0
2024-06-27 12:30:00-04:00,22.489999771118164,22.65999984741211,22.489999771118164,22.549999237060547,3003,0.0,0.0
2024-06-27 14:30:00-04:00,22.520000457763672,22.55500030517578,22.489999771118164,22.55500030517578,2021,0.0,0.0
2024-06-27 15:30:00-04:00,22.56999969482422,22.75,22.56999969482422,22.649999618530273,5736,0.0,0.0
2024-06-28 09:30:00-04:00,22.969999313354492,22.969999313354492,22.94499969482422,22.94499969482422,0,0.0,0.0
2024-06-28 10:30:00-04:00,22.93000030517578,23.219999313354492,22.93000030517578,23.200000762939453,5854,0.0,0.0
2024-06-28 11:30:00-04:00,23.18000030517578,23.200000762939453,23.170000076293945,23.200000762939453,1744,0.0,0.0
2024-06-28 12:30:00-04:00,23.184999465942383,23.3700008392334,23.184999465942383,23.200000762939453,2206,0.0,0.0
2024-06-28 13:30:00-04:00,23.239999771118164,23.239999771118164,23.06999969482422,23.157499313354492,2918,0.0,0.0
2024-06-28 14:30:00-04:00,23.200000762939453,23.200000762939453,22.850000381469727,22.850000381469727,2821,0.0,0.0
2024-06-28 15:30:00-04:00,22.850000381469727,23.729999542236328,22.850000381469727,23.670000076293945,39450,0.0,0.0
2024-07-01 09:30:00-04:00,23.809999465942383,23.809999465942383,23.280000686645508,23.280000686645508,2395,0.0,0.0
2024-07-01 10:30:00-04:00,23.466999053955078,23.466999053955078,23.049999237060547,23.049999237060547,3104,0.0,0.0
2024-07-01 11:30:00-04:00,23.100000381469727,23.239999771118164,23.089000701904297,23.149999618530273,4226,0.0,0.0
2024-07-01 12:30:00-04:00,23.209999084472656,23.3799991607666,23.209999084472656,23.3799991607666,642,0.0,0.0
2024-07-01 13:30:00-04:00,23.31999969482422,23.31999969482422,23.25,23.25,1945,0.0,0.0
2024-07-01 14:30:00-04:00,23.190000534057617,23.469999313354492,23.190000534057617,23.399999618530273,3279,0.0,0.0
2024-07-01 15:30:00-04:00,23.459999084472656,23.5,23.299999237060547,23.299999237060547,5404,0.0,0.0
2024-07-02 09:30:00-04:00,23.489999771118164,23.5,23.489999771118164,23.5,830,0.0,0.0
2024-07-02 10:30:00-04:00,23.565000534057617,23.649999618530273,23.549999237060547,23.649999618530273,2023,0.0,0.0
2024-07-02 11:30:00-04:00,23.674999237060547,23.704999923706055,23.674999237060547,23.704999923706055,2671,0.0,0.0
2024-07-02 12:30:00-04:00,23.649999618530273,23.665000915527344,23.649999618530273,23.649999618530273,2556,0.0,0.0
2024-07-02 13:30:00-04:00,23.6200008392334,23.65999984741211,23.6200008392334,23.65999984741211,1511,0.0,0.0
2024-07-02 14:30:00-04:00,23.649999618530273,23.739999771118164,23.649999618530273,23.739999771118164,1437,0.0,0.0
2024-07-02 15:30:00-04:00,23.739999771118164,23.799999237060547,23.739999771118164,23.799999237060547,1347,0.0,0.0
2024-07-03 09:30:00-04:00,23.860000610351562,24.0,23.704999923706055,23.8700008392334,4345,0.0,0.0
2024-07-03 11:30:00-04:00,23.6200008392334,23.65999984741211,23.600000381469727,23.610000610351562,2184,0.0,0.0
2024-07-05 09:30:00-04:00,23.540000915527344,23.56999969482422,23.524999618530273,23.530000686645508,0,0.0,0.0
2024-07-05 10:30:00-04:00,23.59000015258789,23.6299991607666,23.469999313354492,23.569000244140625,4778,0.0,0.0
2024-07-05 11:30:00-04:00,23.387500762939453,23.489999771118164,23.299999237060547,23.40999984741211,3445,0.0,0.0
2024-07-05 12:30:00-04:00,23.334999084472656,23.420000076293945,23.270000457763672,23.31999969482422,1793,0.0,0.0
2024-07-05 13:30:00-04:00,23.389999389648438,23.510000228881836,23.389999389648438,23.40999984741211,4019,0.0,0.0
2024-07-05 14:30:00-04:00,23.40999984741211,23.454999923706055,23.31999969482422,23.350000381469727,4960,0.0,0.0
2024-07-05 15:30:00-04:00,23.25,23.25,23.084999084472656,23.139999389648438,6257,0.0,0.0
2024-07-08 09:30:00-04:00,23.229999542236328,23.229999542236328,23.229999542236328,23.229999542236328,697,0.0,0.0
2024-07-08 10:30:00-04:00,23.309999465942383,23.309999465942383,23.309999465942383,23.309999465942383,3252,0.0,0.0
2024-07-08 11:30:00-04:00,23.450000762939453,23.450000762939453,23.344999313354492,23.344999313354492,1822,0.0,0.0
2024-07-08 12:30:00-04:00,23.424999237060547,23.424999237060547,23.290000915527344,23.350000381469727,1368,0.0,0.0
2024-07-08 13:30:00-04:00,23.34000015258789,23.389999389648438,23.34000015258789,23.350000381469727,1096,0.0,0.0
2024-07-08 14:30:00-04:00,23.364999771118164,23.454999923706055,23.31999969482422,23.454999923706055,2299,0.0,0.0
2024-07-08 15:30:00-04:00,23.479999542236328,23.5,23.399999618530273,23.450000762939453,2845,0.0,0.0
2024-07-09 09:30:00-04:00,23.34000015258789,23.40999984741211,23.34000015258789,23.40999984741211,401,0.0,0.0
2024-07-09 10:30:00-04:00,23.260000228881836,23.260000228881836,23.260000228881836,23.260000228881836,351,0.0,0.0
2024-07-09 11:30:00-04:00,23.360000610351562,23.459999084472656,23.360000610351562,23.459999084472656,526,0.0,0.0
2024-07-09 13:30:00-04:00,23.5,23.56999969482422,23.479999542236328,23.479999542236328,4943,0.0,0.0
2024-07-09 14:30:00-04:00,23.469999313354492,23.559999465942383,23.440000534057617,23.514999389648438,4389,0.0,0.0
2024-07-09 15:30:00-04:00,23.520000457763672,23.739999771118164,23.5,23.6299991607666,8968,0.0,0.0
2024-07-10 09:30:00-04:00,23.709999084472656,23.709999084472656,23.709999084472656,23.709999084472656,217,0.0,0.0
2024-07-10 10:30:00-04:00,23.7549991607666,23.7549991607666,23.7549991607666,23.7549991607666,400,0.0,0.0
2024-07-10 11:30:00-04:00,23.940000534057617,24.0,23.920000076293945,24.0,1014,0.0,0.0
2024-07-10 12:30:00-04:00,23.989999771118164,24.25,23.93000030517578,24.15999984741211,10163,0.0,0.0
2024-07-10 13:30:00-04:00,24.219999313354492,24.375,24.209999084472656,24.309999465942383,2688,0.0,0.0
2024-07-10 14:30:00-04:00,24.3700008392334,24.420000076293945,24.360000610351562,24.360000610351562,1033,0.0,0.0
2024-07-10 15:30:00-04:00,24.354999542236328,24.475000381469727,24.309999465942383,24.440000534057617,5827,0.0,0.0
2024-07-11 09:30:00-04:00,24.989999771118164,25.55500030517578,24.91900062561035,25.53499984741211,10370,0.0,0.0
2024-07-11 10:30:00-04:00,25.399999618530273,26.010000228881836,25.030000686645508,25.040000915527344,17363,0.0,0.0
2024-07-11 11:30:00-04:00,25.035900115966797,25.395000457763672,25.035900115966797,25.34000015258789,10362,0.0,0.0
2024-07-11 12:30:00-04:00,25.3700008392334,25.559999465942383,25.270099639892578,25.53499984741211,10798,0.0,0.0
2024-07-11 13:30:00-04:00,25.459999084472656,25.549999237060547,25.459999084472656,25.540000915527344,5067,0.0,0.0
2024-07-11 14:30:00-04:00,25.540000915527344,25.549999237060547,25.3799991607666,25.399999618530273,8861,0.0,0.0
2024-07-11 15:30:00-04:00,25.399999618530273,25.5,25.34000015258789,25.450000762939453,26466,0.0,0.0
2024-07-12 09:30:00-04:00,25.780000686645508,25.780000686645508,25.459999084472656,25.604999542236328,8196,0.0,0.0
2024-07-12 10:30:00-04:00,25.625,25.625,24.329999923706055,25.325000762939453,14640,0.0,0.0
2024-07-12 11:30:00-04:00,25.40999984741211,25.40999984741211,25.12220001220703,25.229999542236328,2300,0.0,0.0
2024-07-12 12:30:00-04:00,25.188100814819336,25.25,25.15999984741211,25.25,4843,0.0,0.0
2024-07-12 13:30:00-04:00,25.299999237060547,25.299999237060547,25.1200008392334,25.2549991607666,2267,0.0,0.0
2024-07-12 14:30:00-04:00,25.239999771118164,25.25,25.15999984741211,25.229999542236328,6233,0.0,0.0
2024-07-12 15:30:00-04:00,25.229999542236328,25.229999542236328,25.0,25.049999237060547,9587,0.0,0.0
2024-07-15 09:30:00-04:00,25.469999313354492,25.850000381469727,25.469999313354492,25.850000381469727,4885,0.0,0.0
2024-07-15 10:30:00-04:00,25.84000015258789,25.920000076293945,25.770000457763672,25.920000076293945,10416,0.0,0.0
2024-07-15 11:30:00-04:00,25.915000915527344,26.149999618530273,25.915000915527344,25.989999771118164,5402,0.0,0.0
2024-07-15 12:30:00-04:00,25.809999465942383,25.834999084472656,25.809999465942383,25.834999084472656,2723,0.0,0.0
2024-07-15 13:30:00-04:00,25.920000076293945,26.149999618530273,25.878599166870117,26.059999465942383,3008,0.0,0.0
2024-07-15 14:30:00-04:00,26.06999969482422,26.110000610351562,25.8700008392334,25.899999618530273,6024,0.0,0.0
2024-07-15 15:30:00-04:00,26.0,26.0,25.790000915527344,25.940000534057617,8831,0.0,0.0
2024-07-16 09:30:00-04:00,26.299999237060547,27.079999923706055,26.299999237060547,26.969999313354492,5534,0.0,0.0
2024-07-16 10:30:00-04:00,27.139999389648438,27.18000030517578,27.020000457763672,27.040000915527344,3572,0.0,0.0
2024-07-16 11:30:00-04:00,26.90999984741211,27.010000228881836,26.849599838256836,26.93899917602539,3902,0.0,0.0
2024-07-16 12:30:00-04:00,26.90999984741211,27.100000381469727,26.90999984741211,27.100000381469727,3923,0.0,0.0
2024-07-16 13:30:00-04:00,27.010000228881836,27.125,26.989999771118164,27.059999465942383,13492,0.0,0.0
2024-07-16 14:30:00-04:00,27.135000228881836,27.350000381469727,27.084999084472656,27.219999313354492,43954,0.0,0.0
2024-07-16 15:30:00-04:00,27.239999771118164,27.450000762939453,27.229999542236328,27.43000030517578,11330,0.0,0.0
2024-07-17 09:30:00-04:00,27.239999771118164,27.350000381469727,26.91010093688965,27.200000762939453,6389,0.0,0.0
2024-07-17 10:30:00-04:00,27.28499984741211,27.28499984741211,27.0,27.100000381469727,5373,0.0,0.0
2024-07-17 11:30:00-04:00,27.104999542236328,27.104999542236328,27.0,27.010000228881836,2244,0.0,0.0
2024-07-17 12:30:00-04:00,27.010000228881836,27.032499313354492,26.559999465942383,26.600000381469727,3923,0.0,0.0
2024-07-17 13:30:00-04:00,26.719999313354492,27.260000228881836,26.719999313354492,27.2549991607666,6894,0.0,0.0
2024-07-17 14:30:00-04:00,27.2549991607666,27.2549991607666,26.92009925842285,27.110000610351562,9399,0.0,0.0
2024-07-17 15:30:00-04:00,27.110000610351562,27.27899932861328,27.06999969482422,27.229999542236328,9467,0.0,0.0
2024-07-18 09:30:00-04:00,27.0,27.53499984741211,27.0,27.5,25207,0.0,0.0
2024-07-18 10:30:00-04:00,27.520000457763672,27.56999969482422,27.329999923706055,27.347000122070312,6509,0.0,0.0
2024-07-18 11:30:00-04:00,27.454999923706055,27.454999923706055,27.19499969482422,27.19499969482422,1664,0.0,0.0
2024-07-18 12:30:00-04:00,27.060100555419922,27.25,27.060100555419922,27.219999313354492,1329,0.0,0.0
2024-07-18 13:30:00-04:00,27.163999557495117,27.18000030517578,26.899999618530273,26.899999618530273,1482,0.0,0.0
2024-07-18 14:30:00-04:00,26.739999771118164,26.850000381469727,26.739999771118164,26.850000381469727,1281,0.0,0.0
2024-07-18 15:30:00-04:00,26.850000381469727,27.079999923706055,26.84000015258789,26.920000076293945,7802,0.0,0.0
2024-07-19 09:30:00-04:00,26.770000457763672,27.014999389648438,26.770000457763672,27.014999389648438,8358,0.0,0.0
2024-07-19 10:30:00-04:00,26.959999084472656,26.959999084472656,26.799999237060547,26.799999237060547,936,0.0,0.0
2024-07-19 11:30:00-04:00,26.749000549316406,26.749000549316406,26.749000549316406,26.749000549316406,597,0.0,0.0
2024-07-19 12:30:00-04:00,27.040000915527344,27.040000915527344,26.940000534057617,26.954999923706055,1264,0.0,0.0
2024-07-19 13:30:00-04:00,27.030000686645508,27.128000259399414,27.020000457763672,27.020000457763672,2269,0.0,0.0
2024-07-19 14:30:00-04:00,27.0,27.0,26.709999084472656,26.729999542236328,3887,0.0,0.0
2024-07-19 15:30:00-04:00,26.739999771118164,26.759899139404297,26.6299991607666,26.6299991607666,4761,0.0,0.0
2024-07-22 09:30:00-04:00,26.190000534057617,26.700000762939453,26.0,26.209999084472656,10382,0.0,0.0
2024-07-22 10:30:00-04:00,26.134000778198242,26.860000610351562,26.134000778198242,26.850000381469727,4827,0.0,0.0
2024-07-22 11:30:00-04:00,26.776899337768555,26.959999084472656,26.776899337768555,26.844999313354492,2490,0.0,0.0
2024-07-22 12:30:00-04:00,26.850000381469727,27.049999237060547,26.844999313354492,26.850000381469727,4673,0.0,0.0
2024-07-22 13:30:00-04:00,27.079999923706055,27.09000015258789,26.83009910583496,26.94499969482422,6100,0.0,0.0
2024-07-22 14:30:00-04:00,27.0,27.489999771118164,27.0,27.385000228881836,6401,0.0,0.0
2024-07-22 15:30:00-04:00,27.415000915527344,27.479999542236328,27.059999465942383,27.1299991607666,14560,0.0,0.0
2024-07-23 09:30:00-04:00,27.940000534057617,27.940000534057617,26.190000534057617,27.530000686645508,1465,0.0,0.0
2024-07-23 10:30:00-04:00,27.780000686645508,27.93000030517578,27.450000762939453,27.844999313354492,6569,0.0,0.0
2024-07-23 11:30:00-04:00,27.822500228881836,28.155000686645508,27.799999237060547,27.979999542236328,30402,0.0,0.0
2024-07-23 12:30:00-04:00,28.084999084472656,28.420000076293945,28.0,28.399999618530273,13292,0.0,0.0
2024-07-23 13:30:00-04:00,28.31999969482422,28.479999542236328,28.2450008392334,28.277799606323242,23446,0.0,0.0
2024-07-23 14:30:00-04:00,28.290000915527344,28.389999389648438,28.190000534057617,28.190000534057617,13581,0.0,0.0
2024-07-23 15:30:00-04:00,28.1299991607666,28.209999084472656,27.979999542236328,28.040000915527344,14173,0.0,0.0
2024-07-24 09:30:00-04:00,27.219999313354492,28.510000228881836,26.770000457763672,28.020000457763672,22982,0.0,0.0
2024-07-24 10:30:00-04:00,28.222999572753906,28.3799991607666,28.0,28.295000076293945,15666,0.0,0.0
2024-07-24 11:30:00-04:00,28.18000030517578,28.389999389648438,28.170000076293945,28.280000686645508,5011,0.0,0.0
2024-07-24 12:30:00-04:00,28.25,28.299999237060547,28.18000030517578,28.209999084472656,8614,0.0,0.0
2024-07-24 13:30:00-04:00,28.110000610351562,28.110000610351562,27.514999389648438,27.65999984741211,8851,0.0,0.0
2024-07-24 14:30:00-04:00,27.450000762939453,27.670000076293945,27.389999389648438,27.469999313354492,5582,0.0,0.0
2024-07-24 15:30:00-04:00,27.329999923706055,27.424999237060547,27.06999969482422,27.420000076293945,30424,0.0,0.0
2024-07-25 09:30:00-04:00,27.6200008392334,28.420000076293945,26.610000610351562,28.420000076293945,4361,0.0,0.0
2024-07-25 10:30:00-04:00,28.47599983215332,28.649999618530273,28.165000915527344,28.479999542236328,6340,0.0,0.0
2024-07-25 11:30:00-04:00,28.5,28.5,28.09000015258789,28.3700008392334,14436,0.0,0.0
2024-07-25 12:30:00-04:00,28.31999969482422,28.450000762939453,28.25,28.329999923706055,6189,0.0,0.0
2024-07-25 13:30:00-04:00,28.299999237060547,28.34000015258789,27.90999984741211,28.09000015258789,5029,0.0,0.0
2024-07-25 14:30:00-04:00,28.100000381469727,28.110000610351562,27.790000915527344,27.989999771118164,6680,0.0,0.0
2024-07-25 15:30:00-04:00,28.030000686645508,28.06999969482422,27.790000915527344,27.81999969482422,10166,0.0,0.0
2024-07-26 09:30:00-04:00,27.969999313354492,28.329999923706055,27.969999313354492,28.18000030517578,4645,0.0,0.0
2024-07-26 10:30:00-04:00,28.190000534057617,28.190000534057617,28.049999237060547,28.06999969482422,1597,0.0,0.0
2024-07-26 11:30:00-04:00,27.979999542236328,28.209999084472656,27.920000076293945,28.110000610351562,9167,0.0,0.0
2024-07-26 12:30:00-04:00,27.901399612426758,28.079999923706055,27.901399612426758,28.079999923706055,2523,0.0,0.0
2024-07-26 13:30:00-04:00,28.040000915527344,28.239999771118164,28.040000915527344,28.145000457763672,897,0.0,0.0
2024-07-26 14:30:00-04:00,28.239999771118164,28.290000915527344,28.170000076293945,28.229999542236328,3922,0.0,0.0
2024-07-26 15:30:00-04:00,28.149999618530273,28.299999237060547,28.1200008392334,28.290000915527344,12272,0.0,0.0
2024-07-29 09:30:00-04:00,28.229999542236328,28.229999542236328,27.6200008392334,27.6200008392334,7980,0.0,0.0
2024-07-29 10:30:00-04:00,27.510000228881836,27.81999969482422,27.479999542236328,27.81999969482422,2471,0.0,0.0
2024-07-29 11:30:00-04:00,27.75,27.829999923706055,27.709999084472656,27.709999084472656,2051,0.0,0.0
2024-07-29 12:30:00-04:00,27.719999313354492,27.78499984741211,27.610000610351562,27.780000686645508,3691,0.0,0.0
2024-07-29 13:30:00-04:00,27.7549991607666,27.815000534057617,27.725000381469727,27.78499984741211,3221,0.0,0.0
2024-07-29 14:30:00-04:00,27.78499984741211,27.860000610351562,27.709999084472656,27.854999542236328,5547,0.0,0.0
2024-07-29 15:30:00-04:00,27.850000381469727,28.0049991607666,27.780000686645508,27.899999618530273,20073,0.0,0.0
2024-07-30 09:30:00-04:00,28.049999237060547,28.049999237060547,27.70039939880371,28.0,6131,0.0,0.0
2024-07-30 10:30:00-04:00,28.0,28.0,27.84000015258789,27.975000381469727,7436,0.0,0.0
2024-07-30 11:30:00-04:00,28.170000076293945,28.170000076293945,28.03499984741211,28.03499984741211,1898,0.0,0.0
2024-07-30 12:30:00-04:00,28.03529930114746,28.1200008392334,27.969999313354492,27.969999313354492,4576,0.0,0.0
2024-07-30 13:30:00-04:00,28.020000457763672,28.040000915527344,27.969999313354492,28.030000686645508,4242,0.0,0.0
2024-07-30 14:30:00-04:00,28.065000534057617,28.06999969482422,27.969999313354492,27.969999313354492,3832,0.0,0.0
2024-07-30 15:30:00-04:00,27.979999542236328,28.040000915527344,27.81999969482422,28.040000915527344,21425,0.0,0.0
2024-07-31 09:30:00-04:00,28.100000381469727,28.100000381469727,28.100000381469727,28.100000381469727,661,0.0,0.0
2024-07-31 10:30:00-04:00,27.954999923706055,28.280000686645508,27.954999923706055,28.200000762939453,17124,0.0,0.0
2024-07-31 11:30:00-04:00,28.200000762939453,28.350000381469727,28.200000762939453,28.329999923706055,9904,0.0,0.0
2024-07-31 12:30:00-04:00,28.31999969482422,28.38990020751953,28.31999969482422,28.38990020751953,941,0.0,0.0
2024-07-31 13:30:00-04:00,28.200000762939453,28.31999969482422,28.200000762939453,28.25040054321289,6893,0.0,0.0
2024-07-31 14:30:00-04:00,28.3700008392334,28.831100463867188,28.299999237060547,28.434999465942383,27728,0.0,0.0
2024-07-31 15:30:00-04:00,28.34000015258789,28.399999618530273,28.110000610351562,28.389999389648438,20416,0.0,0.0
2024-08-01 09:30:00-04:00,28.184999465942383,28.184999465942383,27.844999313354492,27.844999313354492,1618,0.0,0.0
2024-08-01 10:30:00-04:00,27.6299991607666,27.77899932861328,27.1200008392334,27.270000457763672,7670,0.0,0.0
2024-08-01 11:30:00-04:00,27.270000457763672,27.540000915527344,27.200000762939453,27.454999923706055,11274,0.0,0.0
2024-08-01 12:30:00-04:00,27.5,27.56999969482422,27.260000228881836,27.55500030517578,8122,0.0,0.0
2024-08-01 13:30:00-04:00,27.5,27.600000381469727,27.479999542236328,27.479999542236328,8176,0.0,0.0
2024-08-01 14:30:00-04:00,27.5,27.59000015258789,27.440000534057617,27.56999969482422,18759,0.0,0.0
2024-08-01 15:30:00-04:00,27.59000015258789,27.709999084472656,27.5,27.639999389648438,42336,0.0,0.0
2024-08-02 09:30:00-04:00,26.6299991607666,27.084999084472656,26.579999923706055,26.899999618530273,11636,0.0,0.0
2024-08-02 10:30:00-04:00,26.90999984741211,27.09000015258789,26.90999984741211,27.0,5287,0.0,0.0
2024-08-02 11:30:00-04:00,27.100000381469727,27.440000534057617,27.100000381469727,27.440000534057617,1237,0.0,0.0
2024-08-02 12:30:00-04:00,27.5,27.510000228881836,27.209999084472656,27.479999542236328,2581,0.0,0.0
2024-08-02 13:30:00-04:00,27.469999313354492,27.510000228881836,27.209999084472656,27.3700008392334,5943,0.0,0.0
2024-08-02 14:30:00-04:00,27.489999771118164,27.489999771118164,27.219999313354492,27.299999237060547,10651,0.0,0.0
2024-08-02 15:30:00-04:00,27.350000381469727,27.440000534057617,27.229999542236328,27.34000015258789,17791,0.0,0.0
2024-08-05 09:30:00-04:00,26.299999237060547,26.299999237060547,25.691299438476562,26.235000610351562,10956,0.0,0.0
2024-08-05 10:30:00-04:00,26.260000228881836,26.29990005493164,26.110000610351562,26.25,2505,0.0,0.0
2024-08-05 11:30:00-04:00,26.360000610351562,26.799999237060547,26.329999923706055,26.700000762939453,3570,0.0,0.0
2024-08-05 12:30:00-04:00,26.670000076293945,26.670000076293945,26.25,26.260000228881836,4427,0.0,0.0
2024-08-05 13:30:00-04:00,26.270000457763672,26.469999313354492,26.25,26.450000762939453,6311,0.0,0.0
2024-08-05 14:30:00-04:00,26.447500228881836,26.549999237060547,26.3700008392334,26.479999542236328,6516,0.0,0.0
2024-08-05 15:30:00-04:00,26.424999237060547,26.760000228881836,26.424999237060547,26.709999084472656,31636,0.0,0.0
2024-08-06 09:30:00-04:00,26.56999969482422,26.719999313354492,26.5,26.690000534057617,5154,0.0,0.0
2024-08-06 10:30:00-04:00,26.610000610351562,26.639999389648438,26.549999237060547,26.639999389648438,5206,0.0,0.0
2024-08-06 11:30:00-04:00,26.579999923706055,26.700000762939453,26.549999237060547,26.635000228881836,5923,0.0,0.0
2024-08-06 12:30:00-04:00,26.780000686645508,26.875,26.704999923706055,26.875,2817,0.0,0.0
2024-08-06 13:30:00-04:00,26.979999542236328,27.0,26.920000076293945,26.989999771118164,3153,0.0,0.0
2024-08-06 14:30:00-04:00,27.0,27.110000610351562,26.8700008392334,27.0,9538,0.0,0.0
2024-08-06 15:30:00-04:00,27.0,27.03499984741211,26.719999313354492,26.989999771118164,32362,0.0,0.0
2024-08-07 09:30:00-04:00,27.420000076293945,27.579999923706055,27.280000686645508,27.280000686645508,1692,0.0,0.0
2024-08-07 10:30:00-04:00,27.100000381469727,27.100000381469727,27.06999969482422,27.100000381469727,1469,0.0,0.0
2024-08-07 11:30:00-04:00,27.09000015258789,27.1200008392334,26.860000610351562,27.049999237060547,8880,0.0,0.0
2024-08-07 12:30:00-04:00,27.0,27.010000228881836,26.809999465942383,26.8700008392334,8827,0.0,0.0
2024-08-07 13:30:00-04:00,26.8700008392334,26.96500015258789,26.829999923706055,26.829999923706055,2324,0.0,0.0
2024-08-07 14:30:00-04:00,26.829999923706055,27.02989959716797,26.829999923706055,26.920000076293945,12672,0.0,0.0
2024-08-07 15:30:00-04:00,27.0,27.03499984741211,26.889999389648438,26.90999984741211,9159,0.0,0.0
2024-08-08 09:30:00-04:00,27.290000915527344,27.290000915527344,27.290000915527344,27.290000915527344,839,0.0,0.0
2024-08-08 11:30:00-04:00,27.040000915527344,27.049999237060547,26.899999618530273,26.90999984741211,2557,0.0,0.0
2024-08-08 12:30:00-04:00,26.9950008392334,27.030000686645508,26.9950008392334,27.030000686645508,735,0.0,0.0
2024-08-08 13:30:00-04:00,27.1200008392334,27.1200008392334,26.920000076293945,27.027999877929688,1417,0.0,0.0
2024-08-08 14:30:00-04:00,27.040000915527344,27.058000564575195,27.040000915527344,27.058000564575195,2398,0.0,0.0
2024-08-08 15:30:00-04:00,27.010000228881836,27.079999923706055,26.950000762939453,27.020000457763672,9142,0.0,0.0
2024-08-09 09:30:00-04:00,26.8799991607666,26.989999771118164,26.8799991607666,26.989999771118164,938,0.0,0.0
2024-08-09 10:30:00-04:00,26.760000228881836,26.760000228881836,26.639999389648438,26.639999389648438,1206,0.0,0.0
2024-08-09 11:30:00-04:00,26.610000610351562,26.639999389648438,26.43000030517578,26.639999389648438,4032,0.0,0.0
2024-08-09 12:30:00-04:00,26.609600067138672,26.78860092163086,26.59000015258789,26.670000076293945,2230,0.0,0.0
2024-08-09 13:30:00-04:00,26.65999984741211,26.65999984741211,26.65999984741211,26.65999984741211,545,0.0,0.0
2024-08-09 14:30:00-04:00,26.711999893188477,26.809999465942383,26.65999984741211,26.65999984741211,3146,0.0,0.0
2024-08-09 15:30:00-04:00,26.649999618530273,26.719999313354492,26.6200008392334,26.6200008392334,9427,0.0,0.0
2024-08-12 09:30:00-04:00,26.760000228881836,26.760000228881836,26.645000457763672,26.700000762939453,1225,0.0,0.0
2024-08-12 10:30:00-04:00,26.649999618530273,26.850000381469727,26.649999618530273,26.799999237060547,7260,0.0,0.0
2024-08-12 11:30:00-04:00,26.65999984741211,26.68000030517578,26.469999313354492,26.489999771118164,4624,0.0,0.0
2024-08-12 12:30:00-04:00,26.540000915527344,26.540000915527344,26.46940040588379,26.46940040588379,1711,0.0,0.0
2024-08-12 13:30:00-04:00,26.540000915527344,26.582700729370117,26.540000915527344,26.582700729370117,1397,0.0,0.0
2024-08-12 14:30:00-04:00,26.610000610351562,26.670000076293945,26.50309944152832,26.670000076293945,3707,0.0,0.0
2024-08-12 15:30:00-04:00,26.770000457763672,26.790000915527344,26.639999389648438,26.790000915527344,17848,0.0,0.0
2024-08-13 09:30:00-04:00,26.899999618530273,26.899999618530273,26.625,26.625,4576,0.0,0.0
2024-08-13 10:30:00-04:00,26.639999389648438,26.809999465942383,26.639999389648438,26.72010040283203,1924,0.0,0.0
2024-08-13 11:30:00-04:00,26.69580078125,26.8700008392334,26.69580078125,26.8700008392334,1718,0.0,0.0
2024-08-13 12:30:00-04:00,26.864999771118164,26.88990020751953,26.760099411010742,26.88990020751953,2784,0.0,0.0
2024-08-13 13:30:00-04:00,26.969999313354492,27.0,26.969999313354492,27.0,3666,0.0,0.0
2024-08-13 14:30:00-04:00,27.061199188232422,27.061199188232422,26.889999389648438,26.90999984741211,3366,0.0,0.0
2024-08-13 15:30:00-04:00,26.940000534057617,27.110000610351562,26.883800506591797,26.959999084472656,10469,0.0,0.0
2024-08-14 09:30:00-04:00,27.149999618530273,27.149999618530273,26.799999237060547,27.0,2444,0.0,0.0
2024-08-14 10:30:00-04:00,27.0,27.0,26.729999542236328,26.90999984741211,12233,0.0,0.0
2024-08-14 11:30:00-04:00,27.059999465942383,27.059999465942383,26.540000915527344,26.540000915527344,2788,0.0,0.0
2024-08-14 12:30:00-04:00,26.860000610351562,26.860000610351562,26.642499923706055,26.75,1673,0.0,0.0
2024-08-14 13:30:00-04:00,26.829999923706055,26.829999923706055,26.65999984741211,26.75,18501,0.0,0.0
2024-08-14 14:30:00-04:00,26.75,26.790000915527344,26.719999313354492,26.770000457763672,4378,0.0,0.0
2024-08-14 15:30:00-04:00,26.7450008392334,26.860000610351562,26.7450008392334,26.799999237060547,4795,0.0,0.0
2024-08-15 09:30:00-04:00,26.829299926757812,27.459999084472656,26.829299926757812,27.344999313354492,4012,0.0,0.0
2024-08-15 10:30:00-04:00,27.30500030517578,27.795000076293945,27.30500030517578,27.795000076293945,3150,0.0,0.0
2024-08-15 11:30:00-04:00,27.683300018310547,27.809999465942383,27.683300018310547,27.75,8079,0.0,0.0
2024-08-15 12:30:00-04:00,27.760000228881836,27.844999313354492,27.760000228881836,27.809999465942383,1885,0.0,0.0
2024-08-15 13:30:00-04:00,27.799999237060547,27.8799991607666,27.70009994506836,27.799999237060547,2951,0.0,0.0
2024-08-15 14:30:00-04:00,27.819900512695312,27.8799991607666,27.719999313354492,27.735000610351562,8977,0.0,0.0
2024-08-15 15:30:00-04:00,27.65999984741211,27.665000915527344,27.290000915527344,27.31999969482422,5778,0.0,0.0
2024-08-16 09:30:00-04:00,27.399999618530273,28.379899978637695,27.155000686645508,27.729999542236328,11840,0.0,0.0
2024-08-16 10:30:00-04:00,27.532499313354492,27.532499313354492,27.532499313354492,27.532499313354492,2229,0.0,0.0
2024-08-16 11:30:00-04:00,27.690000534057617,27.709999084472656,27.549999237060547,27.549999237060547,757,0.0,0.0
2024-08-16 12:30:00-04:00,27.68000030517578,27.829999923706055,27.59000015258789,27.770000457763672,3399,0.0,0.0
2024-08-16 13:30:00-04:00,27.760000228881836,27.760000228881836,27.700000762939453,27.735000610351562,987,0.0,0.0
2024-08-16 14:30:00-04:00,27.7450008392334,27.8700008392334,27.7450008392334,27.809999465942383,3514,0.0,0.0
2024-08-16 15:30:00-04:00,27.799999237060547,27.80500030517578,27.690000534057617,27.799999237060547,5290,0.0,0.0
2024-08-19 09:30:00-04:00,27.950000762939453,27.989999771118164,27.510000228881836,27.71489906311035,1995,0.0,0.0
2024-08-19 10:30:00-04:00,27.781999588012695,27.781999588012695,27.6200008392334,27.7450008392334,2288,0.0,0.0
2024-08-19 11:30:00-04:00,27.75,27.770000457763672,27.704999923706055,27.718700408935547,1920,0.0,0.0
2024-08-19 12:30:00-04:00,27.719999313354492,27.809999465942383,27.719999313354492,27.809999465942383,2098,0.0,0.0
2024-08-19 13:30:00-04:00,27.809999465942383,27.909000396728516,27.75,27.84000015258789,7360,0.0,0.0
2024-08-19 14:30:00-04:00,27.834999084472656,27.834999084472656,27.760000228881836,27.760000228881836,1636,0.0,0.0
2024-08-19 15:30:00-04:00,27.700000762939453,27.84000015258789,27.700000762939453,27.81999969482422,4227,0.0,0.0
2024-08-20 09:30:00-04:00,27.8700008392334,27.8700008392334,27.610000610351562,27.610000610351562,594,0.0,0.0
2024-08-20 10:30:00-04:00,27.549999237060547,27.549999237060547,27.549999237060547,27.549999237060547,451,0.0,0.0
2024-08-20 11:30:00-04:00,27.56999969482422,27.56999969482422,27.440000534057617,27.510000228881836,1581,0.0,0.0
2024-08-20 12:30:00-04:00,27.459999084472656,27.50200080871582,27.459999084472656,27.50200080871582,1714,0.0,0.0
2024-08-20 13:30:00-04:00,27.489999771118164,27.5,27.459999084472656,27.5,4089,0.0,0.0
2024-08-20 15:30:00-04:00,27.424999237060547,27.459999084472656,27.360000610351562,27.3700008392334,10293,0.0,0.0
2024-08-21 09:30:00-04:00,27.6200008392334,27.6200008392334,27.350000381469727,27.364999771118164,2325,0.0,0.0
2024-08-21 10:30:00-04:00,27.39299964904785,27.39299964904785,27.354999542236328,27.354999542236328,1185,0.0,0.0
2024-08-21 11:30:00-04:00,27.299999237060547,27.299999237060547,27.2549991607666,27.2549991607666,1064,0.0,0.0
2024-08-21 12:30:00-04:00,27.389999389648438,27.389999389648438,27.260000228881836,27.34000015258789,2466,0.0,0.0
2024-08-21 13:30:00-04:00,27.40999984741211,27.454999923706055,27.40999984741211,27.454999923706055,1702,0.0,0.0
2024-08-21 14:30:00-04:00,27.46500015258789,27.46500015258789,27.344999313354492,27.375,3261,0.0,0.0
2024-08-21 15:30:00-04:00,27.3799991607666,27.459999084472656,27.360000610351562,27.3799991607666,6283,0.0,0.0
2024-08-22 09:30:00-04:00,27.43000030517578,27.43000030517578,27.209999084472656,27.31999969482422,3148,0.0,0.0
2024-08-22 10:30:00-04:00,27.44300079345703,27.44300079345703,27.40999984741211,27.40999984741211,1365,0.0,0.0
2024-08-22 11:30:00-04:00,27.489999771118164,27.600000381469727,27.489999771118164,27.600000381469727,1011,0.0,0.0
2024-08-22 12:30:00-04:00,27.6299991607666,27.700000762939453,27.6299991607666,27.68000030517578,1878,0.0,0.0
2024-08-22 13:30:00-04:00,27.559999465942383,27.559999465942383,27.559999465942383,27.559999465942383,449,0.0,0.0
2024-08-22 14:30:00-04:00,27.6299991607666,27.649999618530273,27.6299991607666,27.649999618530273,800,0.0,0.0
2024-08-22 15:30:00-04:00,27.6299991607666,27.6299991607666,27.480100631713867,27.59000015258789,5880,0.0,0.0
2024-08-23 09:30:00-04:00,27.739999771118164,28.510099411010742,27.739999771118164,28.510099411010742,20013,0.0,0.0
2024-08-23 10:30:00-04:00,28.889999389648438,29.360000610351562,28.75,29.360000610351562,8309,0.0,0.0
2024-08-23 11:30:00-04:00,29.719999313354492,29.75,29.190000534057617,29.209999084472656,6416,0.0,0.0
2024-08-23 12:30:00-04:00,29.200000762939453,29.200000762939453,29.100000381469727,29.1200008392334,2504,0.0,0.0
2024-08-23 13:30:00-04:00,29.100000381469727,29.184999465942383,29.040000915527344,29.040000915527344,2604,0.0,0.0
2024-08-23 14:30:00-04:00,29.09000015258789,29.09000015258789,28.950000762939453,28.950000762939453,5590,0.0,0.0
2024-08-23 15:30:00-04:00,29.0,29.170000076293945,28.940000534057617,29.030000686645508,10586,0.0,0.0
2024-08-26 09:30:00-04:00,29.1299991607666,29.3799991607666,28.920000076293945,29.31999969482422,4447,0.0,0.0
2024-08-26 10:30:00-04:00,29.309999465942383,29.309999465942383,29.086999893188477,29.100000381469727,1430,0.0,0.0
2024-08-26 11:30:00-04:00,29.059999465942383,29.299999237060547,29.059999465942383,29.299999237060547,3979,0.0,0.0
2024-08-26 12:30:00-04:00,29.15519905090332,29.610000610351562,29.15519905090332,29.540000915527344,3521,0.0,0.0
2024-08-26 13:30:00-04:00,29.389999389648438,29.43000030517578,29.30500030517578,29.389999389648438,2363,0.0,0.0
2024-08-26 14:30:00-04:00,29.389999389648438,29.389999389648438,29.204999923706055,29.260000228881836,7010,0.0,0.0
2024-08-26 15:30:00-04:00,29.18000030517578,29.18000030517578,29.010000228881836,29.15999984741211,8237,0.0,0.0
2024-08-27 09:30:00-04:00,28.649999618530273,28.649999618530273,28.649999618530273,28.649999618530273,514,0.0,0.0
2024-08-27 10:30:00-04:00,28.822999954223633,28.889999389648438,28.780000686645508,28.780000686645508,1342,0.0,0.0
2024-08-27 11:30:00-04:00,28.844999313354492,28.8799991607666,28.780000686645508,28.8799991607666,2385,0.0,0.0
2024-08-27 14:30:00-04:00,28.979999542236328,29.100000381469727,28.979999542236328,29.100000381469727,1776,0.0,0.0
2024-08-27 15:30:00-04:00,29.059999465942383,29.094999313354492,28.850000381469727,28.850000381469727,5239,0.0,0.0
2024-08-28 09:30:00-04:00,28.850000381469727,29.18000030517578,28.850000381469727,29.18000030517578,1035,0.0,0.0
2024-08-28 10:30:00-04:00,29.174999237060547,29.360000610351562,29.03499984741211,29.03499984741211,2623,0.0,0.0
2024-08-28 11:30:00-04:00,29.0,29.0,28.770000457763672,28.898799896240234,7597,0.0,0.0
2024-08-28 12:30:00-04:00,28.75,29.079999923706055,28.75,28.950000762939453,23451,0.0,0.0
2024-08-28 13:30:00-04:00,28.969999313354492,28.969999313354492,28.969999313354492,28.969999313354492,377,0.0,0.0
2024-08-28 14:30:00-04:00,28.80500030517578,29.049999237060547,28.80500030517578,29.049999237060547,4042,0.0,0.0
2024-08-28 15:30:00-04:00,29.149999618530273,29.25,28.90999984741211,28.940000534057617,16164,0.0,0.0
2024-08-29 09:30:00-04:00,29.25,29.3700008392334,28.889999389648438,29.3700008392334,3420,0.0,0.0
2024-08-29 10:30:00-04:00,29.34000015258789,29.34000015258789,29.108200073242188,29.239999771118164,3191,0.0,0.0
2024-08-29 11:30:00-04:00,29.264999389648438,29.4950008392334,29.264999389648438,29.3700008392334,2953,0.0,0.0
2024-08-29 12:30:00-04:00,29.440000534057617,29.440000534057617,29.34000015258789,29.34000015258789,4027,0.0,0.0
2024-08-29 13:30:00-04:00,29.34000015258789,29.569900512695312,29.34000015258789,29.569900512695312,5652,0.0,0.0
2024-08-29 14:30:00-04:00,29.440000534057617,29.440000534057617,29.309999465942383,29.420000076293945,5956,0.0,0.0
2024-08-29 15:30:00-04:00,29.510000228881836,29.520000457763672,29.299999237060547,29.399999618530273,14831,0.0,0.0
2024-08-30 09:30:00-04:00,29.375,29.375,29.375,29.375,1019,0.0,0.0
2024-08-30 10:30:00-04:00,29.5,29.5,29.239999771118164,29.239999771118164,7022,0.0,0.0
2024-08-30 11:30:00-04:00,29.1200008392334,29.1200008392334,29.114999771118164,29.114999771118164,382,0.0,0.0
2024-08-30 12:30:00-04:00,29.079999923706055,29.079999923706055,28.989999771118164,29.020000457763672,1286,0.0,0.0
2024-08-30 13:30:00-04:00,29.06999969482422,29.06999969482422,28.979999542236328,28.979999542236328,1841,0.0,0.0
2024-08-30 14:30:00-04:00,29.059999465942383,29.065000534057617,28.950000762939453,29.040000915527344,8725,0.0,0.0
2024-08-30 15:30:00-04:00,29.020000457763672,29.239999771118164,29.010000228881836,29.229999542236328,10329,0.0,0.0
2024-09-03 09:30:00-04:00,28.950000762939453,29.1299991607666,28.799999237060547,29.079999923706055,3587,0.0,0.0
2024-09-03 10:30:00-04:00,28.950000762939453,29.209999084472656,28.940000534057617,29.170000076293945,8497,0.0,0.0
2024-09-03 11:30:00-04:00,29.170000076293945,29.277000427246094,29.110000610351562,29.159299850463867,750,0.0,0.0
2024-09-03 12:30:00-04:00,29.219999313354492,29.219999313354492,29.110000610351562,29.110000610351562,1871,0.0,0.0
2024-09-03 13:30:00-04:00,29.049999237060547,29.09000015258789,29.010000228881836,29.09000015258789,1003,0.0,0.0
2024-09-03 14:30:00-04:00,29.040000915527344,29.040000915527344,28.954999923706055,28.954999923706055,1310,0.0,0.0
2024-09-03 15:30:00-04:00,28.989999771118164,29.09000015258789,28.90999984741211,29.06999969482422,4735,0.0,0.0
2024-09-04 09:30:00-04:00,29.049999237060547,29.049999237060547,29.049999237060547,29.049999237060547,793,0.0,0.0
2024-09-04 10:30:00-04:00,29.05500030517578,29.100000381469727,29.010000228881836,29.100000381469727,2159,0.0,0.0
2024-09-04 11:30:00-04:00,28.670000076293945,28.780000686645508,28.670000076293945,28.780000686645508,970,0.0,0.0
2024-09-04 12:30:00-04:00,28.729999542236328,28.729999542236328,28.584999084472656,28.584999084472656,2606,0.0,0.0
2024-09-04 13:30:00-04:00,28.645000457763672,28.645000457763672,28.469999313354492,28.469999313354492,1232,0.0,0.0
2024-09-04 14:30:00-04:00,28.420000076293945,28.5,28.40999984741211,28.5,1795,0.0,0.0
2024-09-04 15:30:00-04:00,28.440000534057617,28.610000610351562,28.440000534057617,28.489999771118164,5396,0.0,0.0
2024-09-05 09:30:00-04:00,28.739999771118164,28.739999771118164,28.320100784301758,28.5,3638,0.0,0.0
2024-09-05 10:30:00-04:00,28.389999389648438,28.65999984741211,28.364999771118164,28.450000762939453,1774,0.0,0.0
2024-09-05 11:30:00-04:00,28.34000015258789,28.5,28.229999542236328,28.450000762939453,6086,0.0,0.0
2024-09-05 12:30:00-04:00,28.43000030517578,28.489999771118164,28.399999618530273,28.489999771118164,1470,0.0,0.0
2024-09-05 13:30:00-04:00,28.440000534057617,28.469999313354492,28.440000534057617,28.469999313354492,1125,0.0,0.0
2024-09-05 14:30:00-04:00,28.559999465942383,28.625,28.469999313354492,28.579999923706055,4720,0.0,0.0
2024-09-05 15:30:00-04:00,28.559999465942383,28.56999969482422,28.5,28.56999969482422,5886,0.0,0.0
2024-09-06 09:30:00-04:00,28.520000457763672,28.674999237060547,28.25,28.25,2597,0.0,0.0
2024-09-06 10:30:00-04:00,28.190000534057617,28.190000534057617,28.0,28.0,663,0.0,0.0
2024-09-06 11:30:00-04:00,27.81999969482422,28.110000610351562,27.799999237060547,28.06999969482422,2268,0.0,0.0
2024-09-06 12:30:00-04:00,27.93000030517578,27.93000030517578,27.93000030517578,27.93000030517578,270,0.0,0.0
2024-09-06 13:30:00-04:00,28.06999969482422,28.06999969482422,27.80500030517578,27.80500030517578,2253,0.0,0.0
2024-09-06 14:30:00-04:00,27.80500030517578,27.899999618530273,27.700000762939453,27.899999618530273,14398,0.0,0.0
2024-09-06 15:30:00-04:00,27.850000381469727,28.030000686645508,27.670000076293945,28.0,30507,0.0,0.0
2024-09-09 09:30:00-04:00,28.040000915527344,28.579999923706055,28.040000915527344,28.3700008392334,2291,0.0,0.0
2024-09-09 10:30:00-04:00,28.270000457763672,28.43000030517578,28.200000762939453,28.21500015258789,1790,0.0,0.0
2024-09-09 11:30:00-04:00,28.200000762939453,28.43000030517578,28.200000762939453,28.299999237060547,2823,0.0,0.0
2024-09-09 12:30:00-04:00,28.27440071105957,28.485000610351562,28.200000762939453,28.200000762939453,3586,0.0,0.0
2024-09-09 13:30:00-04:00,28.200000762939453,28.209999084472656,28.09000015258789,28.209999084472656,1968,0.0,0.0
2024-09-09 14:30:00-04:00,28.15999984741211,28.209999084472656,28.110000610351562,28.209999084472656,3017,0.0,0.0
2024-09-09 15:30:00-04:00,28.1200008392334,28.19499969482422,28.0049991607666,28.1200008392334,6681,0.0,0.0
2024-09-10 09:30:00-04:00,28.0,28.0,27.959999084472656,28.0,2532,0.0,0.0
2024-09-10 10:30:00-04:00,28.059999465942383,28.110000610351562,28.059999465942383,28.100000381469727,1654,0.0,0.0
2024-09-10 11:30:00-04:00,28.100000381469727,28.190000534057617,28.020000457763672,28.100000381469727,4070,0.0,0.0
2024-09-10 12:30:00-04:00,28.065000534057617,28.239999771118164,28.065000534057617,28.239999771118164,3693,0.0,0.0
2024-09-10 13:30:00-04:00,28.329999923706055,28.469999313354492,28.229999542236328,28.469999313354492,2745,0.0,0.0
2024-09-10 14:30:00-04:00,28.68000030517578,28.68000030517578,28.469999313354492,28.514999389648438,2454,0.0,0.0
2024-09-10 15:30:00-04:00,28.459999084472656,28.549999237060547,28.290000915527344,28.549999237060547,13804,0.0,0.0
2024-09-11 09:30:00-04:00,28.229999542236328,28.25,27.969999313354492,27.989999771118164,9615,0.0,0.0
2024-09-11 10:30:00-04:00,27.915000915527344,28.209999084472656,27.915000915527344,28.18000030517578,3844,0.0,0.0
2024-09-11 11:30:00-04:00,28.135000228881836,28.25,28.135000228881836,28.25,1931,0.0,0.0
2024-09-11 12:30:00-04:00,28.34000015258789,28.56999969482422,28.34000015258789,28.549999237060547,4163,0.0,0.0
2024-09-11 13:30:00-04:00,28.520000457763672,28.520000457763672,28.34000015258789,28.389999389648438,4368,0.0,0.0
2024-09-11 14:30:00-04:00,28.46500015258789,28.639999389648438,28.43000030517578,28.639999389648438,5331,0.0,0.0
2024-09-11 15:30:00-04:00,28.690000534057617,28.690000534057617,28.549999237060547,28.649999618530273,7297,0.0,0.0
2024-09-12 09:30:00-04:00,28.770000457763672,28.809999465942383,28.559999465942383,28.559999465942383,3394,0.0,0.0
2024-09-12 10:30:00-04:00,28.739999771118164,28.739999771118164,28.5,28.5,2097,0.0,0.0
2024-09-12 11:30:00-04:00,28.559999465942383,28.600000381469727,28.5,28.579999923706055,1407,0.0,0.0
2024-09-12 12:30:00-04:00,28.610000610351562,28.610000610351562,28.55500030517578,28.55500030517578,1458,0.0,0.0
2024-09-12 13:30:00-04:00,28.6200008392334,28.815000534057617,28.520000457763672,28.520000457763672,3767,0.0,0.0
2024-09-12 14:30:00-04:00,28.600000381469727,28.600000381469727,28.600000381469727,28.600000381469727,717,0.0,0.0
2024-09-12 15:30:00-04:00,28.649999618530273,28.739999771118164,28.6299991607666,28.739999771118164,8560,0.0,0.0
2024-09-13 09:30:00-04:00,29.139999389648438,29.25,28.81999969482422,29.25,2524,0.0,0.0
2024-09-13 10:30:00-04:00,29.1200008392334,29.40999984741211,29.1200008392334,29.260000228881836,2996,0.0,0.0
2024-09-13 11:30:00-04:00,29.309999465942383,29.600000381469727,29.309999465942383,29.600000381469727,1306,0.0,0.0
2024-09-13 12:30:00-04:00,29.40999984741211,29.469999313354492,29.21500015258789,29.299999237060547,6925,0.0,0.0
2024-09-13 13:30:00-04:00,29.290000915527344,29.309999465942383,29.170000076293945,29.290000915527344,1821,0.0,0.0
2024-09-13 14:30:00-04:00,29.295000076293945,29.295000076293945,29.110000610351562,29.229999542236328,1624,0.0,0.0
2024-09-13 15:30:00-04:00,29.3700008392334,29.549999237060547,29.28499984741211,29.469999313354492,6403,0.0,0.0
2024-09-16 09:30:00-04:00,29.34000015258789,29.579999923706055,29.12510108947754,29.579999923706055,6451,0.0,0.0
2024-09-16 10:30:00-04:00,29.549999237060547,29.639999389648438,29.459999084472656,29.459999084472656,4590,0.0,0.0
2024-09-16 11:30:00-04:00,29.559999465942383,29.75,29.559999465942383,29.670000076293945,2079,0.0,0.0
2024-09-16 12:30:00-04:00,29.729999542236328,29.75,29.459999084472656,29.510000228881836,9911,0.0,0.0
2024-09-16 13:30:00-04:00,29.420000076293945,29.5,29.149999618530273,29.43000030517578,4904,0.0,0.0
2024-09-16 14:30:00-04:00,29.309999465942383,29.3700008392334,28.899999618530273,29.225000381469727,19377,0.0,0.0
2024-09-16 15:30:00-04:00,29.15999984741211,29.260000228881836,28.93000030517578,29.25,14638,0.0,0.0
2024-09-17 09:30:00-04:00,29.540000915527344,29.540000915527344,29.420000076293945,29.42799949645996,0,0.0,0.0
2024-09-17 10:30:00-04:00,29.510000228881836,29.850000381469727,29.18000030517578,29.850000381469727,15674,0.0,0.0
2024-09-17 11:30:00-04:00,29.81999969482422,29.860000610351562,29.68000030517578,29.7450008392334,4722,0.0,0.0
2024-09-17 12:30:00-04:00,29.6200008392334,29.6200008392334,29.399999618530273,29.43000030517578,2429,0.0,0.0
2024-09-17 13:30:00-04:00,29.479999542236328,29.639999389648438,29.454999923706055,29.454999923706055,3812,0.0,0.0
2024-09-17 14:30:00-04:00,29.454999923706055,29.594999313354492,29.329999923706055,29.43000030517578,11785,0.0,0.0
2024-09-17 15:30:00-04:00,29.31999969482422,29.469999313354492,29.309999465942383,29.38599967956543,5946,0.0,0.0
2024-09-18 09:30:00-04:00,29.139999389648438,29.139999389648438,29.0,29.0,972,0.0,0.0
2024-09-18 10:30:00-04:00,29.0,29.340900421142578,29.0,29.340900421142578,1816,0.0,0.0
2024-09-18 11:30:00-04:00,29.25,29.25,29.139999389648438,29.170000076293945,2322,0.0,0.0
2024-09-18 12:30:00-04:00,29.110000610351562,29.174999237060547,29.09000015258789,29.174999237060547,3822,0.0,0.0
2024-09-18 13:30:00-04:00,29.18000030517578,30.0,29.18000030517578,29.9375,7038,0.0,0.0
2024-09-18 14:30:00-04:00,29.924999237060547,30.042499542236328,29.270000457763672,29.639999389648438,17519,0.0,0.0
2024-09-18 15:30:00-04:00,29.579999923706055,29.579999923706055,29.399999618530273,29.549999237060547,7310,0.0,0.0
2024-09-19 09:30:00-04:00,30.1200008392334,30.1200008392334,29.5,29.950000762939453,3950,0.0,0.0
2024-09-19 10:30:00-04:00,30.18000030517578,30.190000534057617,29.67009925842285,29.84000015258789,5233,0.0,0.0
2024-09-19 11:30:00-04:00,29.790000915527344,29.790000915527344,29.75,29.75,1643,0.0,0.0
2024-09-19 12:30:00-04:00,30.079999923706055,30.079999923706055,30.079999923706055,30.079999923706055,1157,0.0,0.0
2024-09-19 13:30:00-04:00,30.139999389648438,30.139999389648438,30.0,30.0,2420,0.0,0.0
2024-09-19 14:30:00-04:00,30.06999969482422,30.190000534057617,30.049999237060547,30.110000610351562,4811,0.0,0.0
2024-09-19 15:30:00-04:00,30.145000457763672,30.190000534057617,30.079999923706055,30.18000030517578,9840,0.0,0.0
2024-09-20 09:30:00-04:00,29.84000015258789,29.8799991607666,29.5,29.809999465942383,33960,0.0,0.0
2024-09-20 10:30:00-04:00,29.770000457763672,29.770000457763672,29.719999313354492,29.719999313354492,1325,0.0,0.0
2024-09-20 11:30:00-04:00,29.5,29.68000030517578,29.389999389648438,29.55500030517578,2653,0.0,0.0
2024-09-20 12:30:00-04:00,29.6200008392334,29.780000686645508,29.604999542236328,29.75,5129,0.0,0.0
2024-09-20 13:30:00-04:00,29.770000457763672,29.770000457763672,29.75,29.75,3845,0.0,0.0
2024-09-20 14:30:00-04:00,29.700000762939453,29.790000915527344,29.59000015258789,29.610000610351562,7793,0.0,0.0
2024-09-20 15:30:00-04:00,29.68000030517578,30.209999084472656,29.610000610351562,30.045000076293945,39447,0.0,0.0
2024-09-23 09:30:00-04:00,30.020000457763672,30.170000076293945,29.790000915527344,29.875,10196,0.0,0.0
2024-09-23 10:30:00-04:00,29.850000381469727,29.850000381469727,29.729999542236328,29.7549991607666,5637,0.0,0.0
2024-09-23 11:30:00-04:00,29.735000610351562,29.90999984741211,29.735000610351562,29.799999237060547,2943,0.0,0.0
2024-09-23 12:30:00-04:00,29.7012996673584,29.889999389648438,29.7012996673584,29.864999771118164,4944,0.0,0.0
2024-09-23 13:30:00-04:00,29.81999969482422,29.81999969482422,29.709999084472656,29.78569984436035,2219,0.0,0.0
2024-09-23 14:30:00-04:00,29.68000030517578,29.760000228881836,29.68000030517578,29.760000228881836,1295,0.0,0.0
2024-09-23 15:30:00-04:00,29.729999542236328,29.790000915527344,29.559999465942383,29.56999969482422,7595,0.0,0.0
2024-09-24 09:30:00-04:00,29.56999969482422,29.56999969482422,29.420000076293945,29.420000076293945,1478,0.0,0.0
2024-09-24 10:30:00-04:00,29.395000457763672,29.420000076293945,29.280000686645508,29.280000686645508,2330,0.0,0.0
2024-09-24 11:30:00-04:00,29.242399215698242,29.260000228881836,29.08799934387207,29.204999923706055,2784,0.0,0.0
2024-09-24 12:30:00-04:00,29.209999084472656,29.450000762939453,29.209999084472656,29.3799991607666,2421,0.0,0.0
2024-09-24 13:30:00-04:00,29.40999984741211,29.450000762939453,29.40999984741211,29.415000915527344,3569,0.0,0.0
2024-09-24 14:30:00-04:00,29.415000915527344,29.5,29.415000915527344,29.489999771118164,3271,0.0,0.0
2024-09-24 15:30:00-04:00,29.5049991607666,29.5049991607666,29.350000381469727,29.399999618530273,6266,0.0,0.0
2024-09-25 09:30:00-04:00,29.420000076293945,29.420000076293945,29.139999389648438,29.229999542236328,6601,0.0,0.0
2024-09-25 10:30:00-04:00,29.2450008392334,29.34000015258789,29.2450008392334,29.273000717163086,1279,0.0,0.0
2024-09-25 11:30:00-04:00,29.270000457763672,29.299999237060547,29.19499969482422,29.19499969482422,2466,0.0,0.0
2024-09-25 12:30:00-04:00,29.25,29.309999465942383,29.0,29.09000015258789,9996,0.0,0.0
2024-09-25 13:30:00-04:00,29.0,29.079999923706055,28.94499969482422,29.049999237060547,3556,0.0,0.0
2024-09-25 14:30:00-04:00,29.06999969482422,29.1200008392334,28.899999618530273,29.1200008392334,9068,0.0,0.0
2024-09-25 15:30:00-04:00,29.030000686645508,29.059999465942383,28.90999984741211,29.049999237060547,12352,0.0,0.0
2024-09-26 09:30:00-04:00,29.360000610351562,29.360000610351562,29.049999237060547,29.049999237060547,2442,0.0,0.0
2024-09-26 10:30:00-04:00,29.065000534057617,29.170000076293945,29.030000686645508,29.111000061035156,3265,0.0,0.0
2024-09-26 11:30:00-04:00,29.110000610351562,29.1299991607666,29.0,29.0,2868,0.0,0.0
2024-09-26 12:30:00-04:00,28.909700393676758,29.075000762939453,28.909700393676758,29.040000915527344,2761,0.0,0.0
2024-09-26 13:30:00-04:00,29.0,29.09000015258789,28.93000030517578,29.0,3508,0.0,0.0
2024-09-26 14:30:00-04:00,28.920000076293945,28.920000076293945,28.75,28.75,4793,0.0,0.0
2024-09-26 15:30:00-04:00,28.639999389648438,28.649999618530273,28.489999771118164,28.520000457763672,7680,0.0,0.0
2024-09-27 09:30:00-04:00,28.75,28.75,28.209999084472656,28.549999237060547,4281,0.0,0.0
2024-09-27 10:30:00-04:00,28.75,28.899999618530273,28.75,28.899999618530273,4926,0.0,0.0
2024-09-27 11:30:00-04:00,28.959999084472656,28.959999084472656,28.68000030517578,28.69499969482422,1429,0.0,0.0
2024-09-27 12:30:00-04:00,28.670000076293945,28.670000076293945,28.559999465942383,28.65999984741211,2095,0.0,0.0
2024-09-27 13:30:00-04:00,28.704999923706055,28.704999923706055,28.5,28.5,4155,0.0,0.0
2024-09-27 14:30:00-04:00,28.52400016784668,28.610000610351562,28.430099487304688,28.530000686645508,6724,0.0,0.0
2024-09-27 15:30:00-04:00,28.501399993896484,28.649999618530273,28.440000534057617,28.639999389648438,12906,0.0,0.0
2024-09-30 09:30:00-04:00,28.950000762939453,29.0,28.950000762939453,28.989999771118164,975,0.0,0.0
2024-09-30 10:30:00-04:00,28.979999542236328,29.229999542236328,28.90399932861328,29.149999618530273,5722,0.0,0.0
2024-09-30 11:30:00-04:00,29.010000228881836,29.139999389648438,28.969999313354492,29.075000762939453,4676,0.0,0.0
2024-09-30 12:30:00-04:00,29.020000457763672,29.190000534057617,29.0,29.1299991607666,8240,0.0,0.0
2024-09-30 13:30:00-04:00,29.09000015258789,29.100000381469727,28.770000457763672,28.780000686645508,2112,0.0,0.0
2024-09-30 14:30:00-04:00,28.799999237060547,28.989900588989258,28.774999618530273,28.969999313354492,2679,0.0,0.0
2024-09-30 15:30:00-04:00,29.0,29.209999084472656,28.9950008392334,29.104999542236328,19563,0.0,0.0
2024-10-01 09:30:00-04:00,29.049999237060547,29.049999237060547,27.8700008392334,28.290000915527344,6554,0.0,0.0
2024-10-01 10:30:00-04:00,28.389999389648438,28.610000610351562,28.280099868774414,28.510000228881836,7214,0.0,0.0
2024-10-01 11:30:00-04:00,28.43000030517578,28.625,28.399999618530273,28.625,10920,0.0,0.0
2024-10-01 12:30:00-04:00,28.68000030517578,28.68000030517578,28.309999465942383,28.309999465942383,4510,0.0,0.0
2024-10-01 13:30:00-04:00,28.485000610351562,28.614999771118164,28.485000610351562,28.55500030517578,17310,0.0,0.0
2024-10-01 14:30:00-04:00,28.600000381469727,28.600000381469727,28.389999389648438,28.434999465942383,7146,0.0,0.0
2024-10-01 15:30:00-04:00,28.434999465942383,28.5,28.3700008392334,28.489999771118164,15187,0.0,0.0
2024-10-02 09:30:00-04:00,28.5,28.729900360107422,28.5,28.670000076293945,3162,0.0,0.0
2024-10-02 10:30:00-04:00,28.584999084472656,28.610000610351562,28.489999771118164,28.549999237060547,16904,0.0,0.0
2024-10-02 11:30:00-04:00,28.549999237060547,28.549999237060547,28.399999618530273,28.399999618530273,2127,0.0,0.0
2024-10-02 12:30:00-04:00,28.399999618530273,28.40999984741211,28.399999618530273,28.399999618530273,3679,0.0,0.0
2024-10-02 13:30:00-04:00,28.3700008392334,28.399999618530273,28.344999313354492,28.3799991607666,5011,0.0,0.0
2024-10-02 14:30:00-04:00,28.40999984741211,28.40999984741211,28.3799991607666,28.3799991607666,892,0.0,0.0
2024-10-02 15:30:00-04:00,28.34000015258789,28.450000762939453,28.329999923706055,28.389999389648438,13905,0.0,0.0
2024-10-03 09:30:00-04:00,28.270000457763672,28.399999618530273,28.03499984741211,28.399999618530273,1923,0.0,0.0
2024-10-03 10:30:00-04:00,28.07200050354004,28.239999771118164,28.049999237060547,28.239999771118164,896,0.0,0.0
2024-10-03 11:30:00-04:00,28.399999618530273,28.399999618530273,28.3700008392334,28.399999618530273,3269,0.0,0.0
2024-10-03 12:30:00-04:00,28.469999313354492,28.469999313354492,28.280000686645508,28.359899520874023,2953,0.0,0.0
2024-10-03 13:30:00-04:00,28.350000381469727,28.350000381469727,28.34000015258789,28.34000015258789,640,0.0,0.0
2024-10-03 14:30:00-04:00,28.350000381469727,28.350000381469727,28.260000228881836,28.350000381469727,6619,0.0,0.0
2024-10-03 15:30:00-04:00,28.350000381469727,28.3799991607666,28.239999771118164,28.34000015258789,5816,0.0,0.0
2024-10-04 09:30:00-04:00,28.709999084472656,28.709999084472656,28.53499984741211,28.55500030517578,2710,0.0,0.0
2024-10-04 10:30:00-04:00,28.450000762939453,28.6200008392334,28.389999389648438,28.454999923706055,1986,0.0,0.0
2024-10-04 11:30:00-04:00,28.53499984741211,28.594999313354492,28.53499984741211,28.56999969482422,1188,0.0,0.0
2024-10-04 12:30:00-04:00,28.56999969482422,28.59749984741211,28.42009925842285,28.540000915527344,4574,0.0,0.0
2024-10-04 13:30:00-04:00,28.540000915527344,28.60409927368164,28.479999542236328,28.60409927368164,1615,0.0,0.0
2024-10-04 14:30:00-04:00,28.559999465942383,28.56999969482422,28.530000686645508,28.530000686645508,2313,0.0,0.0
2024-10-04 15:30:00-04:00,28.59000015258789,28.68000030517578,28.5,28.540000915527344,12286,0.0,0.0
2024-10-07 09:30:00-04:00,28.530000686645508,28.530000686645508,28.360000610351562,28.360000610351562,310,0.0,0.0
2024-10-07 10:30:00-04:00,28.3700008392334,28.549999237060547,28.3700008392334,28.549999237060547,2295,0.0,0.0
2024-10-07 11:30:00-04:00,28.524999618530273,28.524999618530273,28.450000762939453,28.450000762939453,576,0.0,0.0
2024-10-07 12:30:00-04:00,28.524999618530273,28.524999618530273,28.5,28.5,1425,0.0,0.0
2024-10-07 13:30:00-04:00,28.44499969482422,28.527000427246094,28.40999984741211,28.5,3975,0.0,0.0
2024-10-07 14:30:00-04:00,28.510000228881836,28.559999465942383,28.389999389648438,28.485000610351562,2617,0.0,0.0
2024-10-07 15:30:00-04:00,28.440000534057617,28.6299991607666,28.440000534057617,28.540000915527344,4630,0.0,0.0
2024-10-08 09:30:00-04:00,28.780000686645508,28.84000015258789,28.770000457763672,28.84000015258789,1161,0.0,0.0
2024-10-08 10:30:00-04:00,28.719999313354492,28.75,28.704999923706055,28.704999923706055,1558,0.0,0.0
2024-10-08 11:30:00-04:00,28.790000915527344,28.790000915527344,28.790000915527344,28.790000915527344,203,0.0,0.0
2024-10-08 12:30:00-04:00,28.80500030517578,28.856700897216797,28.68000030517578,28.68000030517578,2434,0.0,0.0
2024-10-08 13:30:00-04:00,28.709999084472656,28.725000381469727,28.690000534057617,28.725000381469727,1527,0.0,0.0
2024-10-08 14:30:00-04:00,28.729999542236328,28.739999771118164,28.670000076293945,28.670000076293945,2708,0.0,0.0
2024-10-08 15:30:00-04:00,28.700000762939453,28.700000762939453,28.510000228881836,28.600000381469727,5408,0.0,0.0
2024-10-09 09:30:00-04:00,28.780000686645508,28.780000686645508,28.360000610351562,28.440000534057617,14098,0.0,0.0
2024-10-09 10:30:00-04:00,28.420000076293945,28.549999237060547,28.40999984741211,28.540000915527344,9425,0.0,0.0
2024-10-09 11:30:00-04:00,28.549999237060547,28.649999618530273,28.5,28.510000228881836,51397,0.0,0.0
2024-10-09 12:30:00-04:00,28.469999313354492,28.5,28.31999969482422,28.477500915527344,4284,0.0,0.0
2024-10-09 13:30:00-04:00,28.43000030517578,28.459999084472656,28.209999084472656,28.209999084472656,4017,0.0,0.0
2024-10-09 14:30:00-04:00,28.22100067138672,28.415000915527344,28.200000762939453,28.399999618530273,3217,0.0,0.0
2024-10-09 15:30:00-04:00,28.309999465942383,28.799999237060547,28.219999313354492,28.670000076293945,30329,0.0,0.0
2024-10-10 09:30:00-04:00,28.34000015258789,28.34000015258789,28.200000762939453,28.299999237060547,26155,0.0,0.0
2024-10-10 10:30:00-04:00,28.290000915527344,28.389999389648438,28.15999984741211,28.389999389648438,6273,0.0,0.0
2024-10-10 11:30:00-04:00,28.385000228881836,28.43000030517578,28.385000228881836,28.43000030517578,599,0.0,0.0
2024-10-10 12:30:00-04:00,28.534099578857422,28.6200008392334,28.486900329589844,28.6200008392334,2528,0.0,0.0
2024-10-10 13:30:00-04:00,28.6200008392334,28.6200008392334,28.459999084472656,28.549999237060547,5124,0.0,0.0
2024-10-10 14:30:00-04:00,28.559999465942383,28.559999465942383,28.340099334716797,28.559999465942383,9084,0.0,0.0
2024-10-10 15:30:00-04:00,28.610000610351562,28.610000610351562,28.420000076293945,28.450000762939453,11351,0.0,0.0
2024-10-11 09:30:00-04:00,28.479999542236328,29.427000045776367,28.479999542236328,29.295000076293945,15169,0.0,0.0
2024-10-11 10:30:00-04:00,29.229999542236328,29.31999969482422,29.200000762939453,29.209999084472656,4720,0.0,0.0
2024-10-11 11:30:00-04:00,29.204999923706055,29.23699951171875,29.1299991607666,29.19499969482422,1668,0.0,0.0
2024-10-11 12:30:00-04:00,29.200000762939453,29.25,29.139999389648438,29.25,3282,0.0,0.0
2024-10-11 13:30:00-04:00,29.239999771118164,29.325000762939453,29.239999771118164,29.239999771118164,2380,0.0,0.0
2024-10-11 14:30:00-04:00,29.30299949645996,29.440000534057617,29.25,29.389999389648438,7953,0.0,0.0
2024-10-11 15:30:00-04:00,29.350000381469727,29.59000015258789,29.350000381469727,29.579999923706055,15446,0.0,0.0
2024-10-14 09:30:00-04:00,29.510000228881836,29.649999618530273,29.300100326538086,29.579999923706055,2876,0.0,0.0
2024-10-14 10:30:00-04:00,29.56999969482422,29.649999618530273,29.530000686645508,29.540000915527344,4568,0.0,0.0
2024-10-14 11:30:00-04:00,29.540000915527344,29.75,29.412599563598633,29.75,4986,0.0,0.0
2024-10-14 12:30:00-04:00,29.700000762939453,29.78499984741211,29.690000534057617,29.75,1849,0.0,0.0
2024-10-14 13:30:00-04:00,29.68000030517578,29.68000030517578,29.520000457763672,29.6299991607666,1228,0.0,0.0
2024-10-14 14:30:00-04:00,29.520000457763672,29.690000534057617,29.510000228881836,29.530000686645508,3440,0.0,0.0
2024-10-14 15:30:00-04:00,29.6299991607666,29.78499984741211,29.59000015258789,29.739999771118164,6569,0.0,0.0
2024-10-15 09:30:00-04:00,29.71500015258789,30.364999771118164,29.6299991607666,30.31999969482422,35120,0.0,0.0
2024-10-15 10:30:00-04:00,30.239999771118164,30.75,30.239999771118164,30.645000457763672,11731,0.0,0.0
2024-10-15 11:30:00-04:00,30.69809913635254,30.69809913635254,30.450000762939453,30.665000915527344,8625,0.0,0.0
2024-10-15 12:30:00-04:00,30.665000915527344,30.69499969482422,30.59000015258789,30.604999542236328,6525,0.0,0.0
2024-10-15 13:30:00-04:00,30.604999542236328,30.604999542236328,30.469999313354492,30.469999313354492,2979,0.0,0.0
2024-10-15 14:30:00-04:00,30.530000686645508,30.59000015258789,30.19499969482422,30.459999084472656,32606,0.0,0.0
2024-10-15 15:30:00-04:00,30.540000915527344,30.540000915527344,30.31999969482422,30.389999389648438,14927,0.0,0.0
2024-10-16 09:30:00-04:00,30.399999618530273,30.969999313354492,30.3700008392334,30.80500030517578,11981,0.0,0.0
2024-10-16 10:30:00-04:00,30.80500030517578,30.889999389648438,30.270099639892578,30.520000457763672,22280,0.0,0.0
2024-10-16 11:30:00-04:00,30.549999237060547,30.760000228881836,30.4950008392334,30.760000228881836,5933,0.0,0.0
2024-10-16 12:30:00-04:00,30.719999313354492,30.719999313354492,30.59000015258789,30.59000015258789,4497,0.0,0.0
2024-10-16 13:30:00-04:00,30.684999465942383,30.940000534057617,30.684999465942383,30.860000610351562,3001,0.0,0.0
2024-10-16 14:30:00-04:00,30.770000457763672,31.0,30.770000457763672,30.969999313354492,10807,0.0,0.0
2024-10-16 15:30:00-04:00,30.959999084472656,31.0,30.90999984741211,30.954999923706055,10353,0.0,0.0
2024-10-17 09:30:00-04:00,30.940000534057617,31.0,30.6200008392334,30.799999237060547,19509,0.0,0.0
2024-10-17 10:30:00-04:00,30.8700008392334,31.0,30.860000610351562,30.875,3608,0.0,0.0
2024-10-17 11:30:00-04:00,30.93000030517578,30.989999771118164,30.875,30.989999771118164,2629,0.0,0.0
2024-10-17 12:30:00-04:00,30.96500015258789,31.049999237060547,30.950000762939453,31.0,10809,0.0,0.0
2024-10-17 13:30:00-04:00,31.0,31.06999969482422,30.950000762939453,31.059999465942383,13146,0.0,0.0
2024-10-17 14:30:00-04:00,31.065000534057617,31.30699920654297,31.065000534057617,31.30699920654297,4857,0.0,0.0
2024-10-17 15:30:00-04:00,31.309999465942383,31.5,31.309999465942383,31.5,16032,0.0,0.0
2024-10-18 09:30:00-04:00,31.5,31.5,31.229999542236328,31.229999542236328,6356,0.0,0.0
2024-10-18 10:30:00-04:00,31.336000442504883,31.40999984741211,31.239999771118164,31.239999771118164,1538,0.0,0.0
2024-10-18 11:30:00-04:00,31.299999237060547,31.350000381469727,31.21500015258789,31.21500015258789,3529,0.0,0.0
2024-10-18 12:30:00-04:00,31.260000228881836,31.399999618530273,31.1200008392334,31.15999984741211,6217,0.0,0.0
2024-10-18 13:30:00-04:00,31.110000610351562,31.149999618530273,31.06999969482422,31.139999389648438,3751,0.0,0.0
2024-10-18 14:30:00-04:00,31.142799377441406,31.149999618530273,31.1200008392334,31.1200008392334,2316,0.0,0.0
2024-10-18 15:30:00-04:00,31.09000015258789,31.135000228881836,31.010000228881836,31.09000015258789,7589,0.0,0.0
