Datetime,Open,High,Low,Close,Volume,Dividends,Stock Splits
2022-10-20 09:30:00-04:00,22.0,22.079999923706055,22.0,22.05620002746582,0,0.0,0.0
2022-10-20 10:30:00-04:00,22.06999969482422,22.079999923706055,21.972700119018555,21.972700119018555,14507,0.0,0.0
2022-10-20 11:30:00-04:00,22.0,22.020000457763672,21.959999084472656,21.969999313354492,1799,0.0,0.0
2022-10-20 12:30:00-04:00,21.950000762939453,21.950000762939453,21.850000381469727,21.850000381469727,3114,0.0,0.0
2022-10-20 13:30:00-04:00,21.850000381469727,21.850000381469727,21.75,21.75,8925,0.0,0.0
2022-10-20 14:30:00-04:00,21.729999542236328,21.74810028076172,21.549999237060547,21.549999237060547,10415,0.0,0.0
2022-10-20 15:30:00-04:00,21.530000686645508,21.625,21.520000457763672,21.600000381469727,6398,0.0,0.0
2022-10-21 09:30:00-04:00,21.5,21.600000381469727,21.313400268554688,21.399999618530273,20995,0.0,0.0
2022-10-21 10:30:00-04:00,21.34000015258789,21.389999389648438,21.309999465942383,21.34000015258789,9588,0.0,0.0
2022-10-21 11:30:00-04:00,21.370100021362305,21.399999618530273,21.350000381469727,21.3700008392334,8454,0.0,0.0
2022-10-21 12:30:00-04:00,21.360000610351562,21.3799991607666,21.329999923706055,21.350000381469727,10054,0.0,0.0
2022-10-21 13:30:00-04:00,21.350000381469727,21.350000381469727,21.309999465942383,21.317899703979492,9536,0.0,0.0
2022-10-21 14:30:00-04:00,21.31999969482422,21.32990074157715,21.27899932861328,21.299999237060547,8560,0.0,0.0
2022-10-21 15:30:00-04:00,21.295000076293945,21.299999237060547,21.260000228881836,21.260000228881836,19776,0.0,0.0
2022-10-24 09:30:00-04:00,21.25,21.3976993560791,21.25,21.299999237060547,0,0.0,0.0
2022-10-24 10:30:00-04:00,21.299999237060547,21.405000686645508,21.299999237060547,21.382200241088867,6394,0.0,0.0
2022-10-24 11:30:00-04:00,21.409000396728516,21.450000762939453,21.375,21.394899368286133,8129,0.0,0.0
2022-10-24 12:30:00-04:00,21.3700008392334,21.3700008392334,21.31999969482422,21.31999969482422,4628,0.0,0.0
2022-10-24 13:30:00-04:00,21.329999923706055,21.3700008392334,21.31999969482422,21.3700008392334,6224,0.0,0.0
2022-10-24 14:30:00-04:00,21.31999969482422,21.350000381469727,21.31999969482422,21.34000015258789,5610,0.0,0.0
2022-10-24 15:30:00-04:00,21.350000381469727,21.350000381469727,21.34000015258789,21.34000015258789,561,0.0,0.0
2022-10-25 09:30:00-04:00,21.420000076293945,21.649999618530273,21.40999984741211,21.600000381469727,0,0.0,0.0
2022-10-25 10:30:00-04:00,21.600000381469727,21.61989974975586,21.549999237060547,21.587200164794922,18710,0.0,0.0
2022-10-25 11:30:00-04:00,21.549999237060547,21.600000381469727,21.549999237060547,21.600000381469727,20123,0.0,0.0
2022-10-25 12:30:00-04:00,21.579999923706055,21.579999923706055,21.549999237060547,21.56999969482422,6572,0.0,0.0
2022-10-25 13:30:00-04:00,21.552000045776367,21.559999465942383,21.549999237060547,21.559999465942383,41436,0.0,0.0
2022-10-25 14:30:00-04:00,21.557600021362305,21.579999923706055,21.549999237060547,21.56999969482422,39770,0.0,0.0
2022-10-25 15:30:00-04:00,21.559999465942383,21.649999618530273,21.549999237060547,21.649999618530273,21085,0.0,0.0
2022-10-26 09:30:00-04:00,21.690000534057617,21.780000686645508,21.66010093688965,21.780000686645508,0,0.0,0.0
2022-10-26 10:30:00-04:00,21.809999465942383,21.860000610351562,21.790000915527344,21.84779930114746,21392,0.0,0.0
2022-10-26 11:30:00-04:00,21.850000381469727,21.860000610351562,21.809999465942383,21.84000015258789,4239,0.0,0.0
2022-10-26 12:30:00-04:00,21.84000015258789,21.84000015258789,21.75,21.81800079345703,9479,0.0,0.0
2022-10-26 13:30:00-04:00,21.78499984741211,21.81999969482422,21.778900146484375,21.780000686645508,1103,0.0,0.0
2022-10-26 14:30:00-04:00,21.780000686645508,21.790000915527344,21.75,21.75,8534,0.0,0.0
2022-10-26 15:30:00-04:00,21.780000686645508,21.789400100708008,21.75,21.75,2000,0.0,0.0
2022-10-27 09:30:00-04:00,21.809999465942383,21.90999984741211,21.760000228881836,21.89620018005371,0,0.0,0.0
2022-10-27 10:30:00-04:00,21.860000610351562,21.90999984741211,21.850000381469727,21.88170051574707,2385,0.0,0.0
2022-10-27 11:30:00-04:00,21.889999389648438,21.899999618530273,21.86709976196289,21.8700008392334,3236,0.0,0.0
2022-10-27 12:30:00-04:00,21.8700008392334,21.8700008392334,21.850000381469727,21.8700008392334,5205,0.0,0.0
2022-10-27 13:30:00-04:00,21.852500915527344,21.8700008392334,21.790000915527344,21.790000915527344,10916,0.0,0.0
2022-10-27 14:30:00-04:00,21.83989906311035,21.83989906311035,21.790000915527344,21.790000915527344,4134,0.0,0.0
2022-10-27 15:30:00-04:00,21.799999237060547,21.808399200439453,21.75,21.75,3188,0.0,0.0
2022-10-28 09:30:00-04:00,21.860000610351562,21.8799991607666,21.803199768066406,21.81999969482422,0,0.0,0.0
2022-10-28 10:30:00-04:00,21.86050033569336,21.86050033569336,21.800199508666992,21.829999923706055,1161,0.0,0.0
2022-10-28 11:30:00-04:00,21.84000015258789,21.8700008392334,21.8346004486084,21.864999771118164,13346,0.0,0.0
2022-10-28 12:30:00-04:00,21.860000610351562,21.8700008392334,21.850000381469727,21.85219955444336,5377,0.0,0.0
2022-10-28 13:30:00-04:00,21.864999771118164,21.88520050048828,21.850000381469727,21.88520050048828,2149,0.0,0.0
2022-10-28 14:30:00-04:00,21.850000381469727,21.889999389648438,21.850000381469727,21.87339973449707,5030,0.0,0.0
2022-10-28 15:30:00-04:00,21.889999389648438,21.899999618530273,21.860000610351562,21.899999618530273,10715,0.0,0.0
2022-10-31 09:30:00-04:00,21.899999618530273,21.969999313354492,21.8799991607666,21.969999313354492,0,0.0,0.0
2022-10-31 10:30:00-04:00,21.950000762939453,21.950000762939453,21.90999984741211,21.90999984741211,2630,0.0,0.0
2022-10-31 11:30:00-04:00,21.920000076293945,21.969999313354492,21.8799991607666,21.969999313354492,6824,0.0,0.0
2022-10-31 12:30:00-04:00,21.93000030517578,21.940000534057617,21.75,21.780000686645508,24114,0.0,0.0
2022-10-31 13:30:00-04:00,21.799999237060547,21.857900619506836,21.700000762939453,21.719999313354492,18799,0.0,0.0
2022-10-31 14:30:00-04:00,21.700000762939453,21.81800079345703,21.600000381469727,21.6299991607666,12005,0.0,0.0
2022-10-31 15:30:00-04:00,21.6299991607666,21.719999313354492,21.450000762939453,21.5,44534,0.0,0.0
2022-11-01 09:30:00-04:00,21.770000457763672,21.979999542236328,21.56999969482422,21.58530044555664,21958,0.0,0.0
2022-11-01 10:30:00-04:00,21.644800186157227,21.65999984741211,21.56999969482422,21.604999542236328,60478,0.0,0.0
2022-11-01 11:30:00-04:00,21.614999771118164,21.649999618530273,21.549999237060547,21.58989906311035,8990,0.0,0.0
2022-11-01 12:30:00-04:00,21.549999237060547,21.549999237060547,21.3799991607666,21.395000457763672,10956,0.0,0.0
2022-11-01 13:30:00-04:00,21.40489959716797,21.40489959716797,21.329999923706055,21.34830093383789,9960,0.0,0.0
2022-11-01 14:30:00-04:00,21.329999923706055,21.329999923706055,21.239999771118164,21.239999771118164,13740,0.0,0.0
2022-11-01 15:30:00-04:00,21.239999771118164,21.3700008392334,21.209999084472656,21.25,22308,0.0,0.0
2022-11-02 09:30:00-04:00,21.350000381469727,21.5,21.34000015258789,21.399999618530273,0,0.0,0.0
2022-11-02 10:30:00-04:00,21.3799991607666,21.389999389648438,21.32550048828125,21.32550048828125,4808,0.0,0.0
2022-11-02 11:30:00-04:00,21.329999923706055,21.3799991607666,21.30270004272461,21.34000015258789,3536,0.0,0.0
2022-11-02 12:30:00-04:00,21.299999237060547,21.450000762939453,21.299999237060547,21.450000762939453,11035,0.0,0.0
2022-11-02 13:30:00-04:00,21.424999237060547,21.540000915527344,21.424999237060547,21.540000915527344,2713,0.0,0.0
2022-11-02 14:30:00-04:00,21.539899826049805,21.539899826049805,21.25,21.280000686645508,16510,0.0,0.0
2022-11-02 15:30:00-04:00,21.264999389648438,21.3700008392334,21.25,21.350000381469727,9678,0.0,0.0
2022-11-03 09:30:00-04:00,21.399999618530273,21.399999618530273,21.260000228881836,21.309999465942383,0,0.0,0.0
2022-11-03 10:30:00-04:00,21.295000076293945,21.309999465942383,21.25,21.290000915527344,15143,0.0,0.0
2022-11-03 11:30:00-04:00,21.260000228881836,21.280000686645508,21.200000762939453,21.200000762939453,9675,0.0,0.0
2022-11-03 12:30:00-04:00,21.200000762939453,21.239999771118164,21.200000762939453,21.219999313354492,6819,0.0,0.0
2022-11-03 13:30:00-04:00,21.219999313354492,21.239999771118164,21.200000762939453,21.200000762939453,4713,0.0,0.0
2022-11-03 14:30:00-04:00,21.239999771118164,21.239999771118164,21.18000030517578,21.2278995513916,18037,0.0,0.0
2022-11-03 15:30:00-04:00,21.200000762939453,21.290000915527344,21.200000762939453,21.219999313354492,11373,0.0,0.0
2022-11-04 09:30:00-04:00,21.299999237060547,21.31999969482422,21.15999984741211,21.21500015258789,0,0.0,0.0
2022-11-04 10:30:00-04:00,21.229999542236328,21.30500030517578,21.200000762939453,21.27090072631836,14181,0.0,0.0
2022-11-04 11:30:00-04:00,21.219999313354492,21.229999542236328,21.15999984741211,21.15999984741211,11086,0.0,0.0
2022-11-04 12:30:00-04:00,21.15999984741211,21.18000030517578,21.100000381469727,21.12310028076172,8812,0.0,0.0
2022-11-04 13:30:00-04:00,21.094999313354492,21.1200008392334,21.049999237060547,21.084999084472656,11732,0.0,0.0
2022-11-04 14:30:00-04:00,21.049999237060547,21.100000381469727,20.989999771118164,20.989999771118164,11625,0.0,0.0
2022-11-04 15:30:00-04:00,21.0,21.145000457763672,20.979999542236328,21.1200008392334,17261,0.0,0.0
2022-11-07 09:30:00-05:00,21.15999984741211,21.200000762939453,21.100000381469727,21.110000610351562,0,0.0,0.0
2022-11-07 10:30:00-05:00,21.165000915527344,21.170000076293945,21.139999389648438,21.170000076293945,8300,0.0,0.0
2022-11-07 11:30:00-05:00,21.104999542236328,21.1299991607666,21.100000381469727,21.110000610351562,2864,0.0,0.0
2022-11-07 12:30:00-05:00,21.139999389648438,21.170000076293945,21.139999389648438,21.14189910888672,5195,0.0,0.0
2022-11-07 13:30:00-05:00,21.110000610351562,21.149999618530273,21.09000015258789,21.149999618530273,14911,0.0,0.0
2022-11-07 14:30:00-05:00,21.174999237060547,21.18000030517578,21.084699630737305,21.084699630737305,16044,0.0,0.0
2022-11-07 15:30:00-05:00,21.1299991607666,21.149999618530273,21.06999969482422,21.104999542236328,10502,0.0,0.0
2022-11-08 09:30:00-05:00,21.149999618530273,21.29990005493164,21.139999389648438,21.28890037536621,0,0.0,0.0
2022-11-08 10:30:00-05:00,21.25,21.299999237060547,21.25,21.274999618530273,22700,0.0,0.0
2022-11-08 11:30:00-05:00,21.25,21.29990005493164,21.209999084472656,21.290000915527344,12307,0.0,0.0
2022-11-08 12:30:00-05:00,21.25,21.341999053955078,21.229999542236328,21.299999237060547,10694,0.0,0.0
2022-11-08 13:30:00-05:00,21.334999084472656,21.3700008392334,21.270000457763672,21.270000457763672,5928,0.0,0.0
2022-11-08 14:30:00-05:00,21.34000015258789,21.34000015258789,21.30500030517578,21.338600158691406,7595,0.0,0.0
2022-11-08 15:30:00-05:00,21.34000015258789,21.399999618530273,21.329999923706055,21.399999618530273,27115,0.0,0.0
2022-11-09 09:30:00-05:00,21.399999618530273,21.579999923706055,21.299999237060547,21.360000610351562,0,0.0,0.0
2022-11-09 10:30:00-05:00,21.350000381469727,21.420000076293945,21.1200008392334,21.260000228881836,13270,0.0,0.0
2022-11-09 11:30:00-05:00,21.200000762939453,21.280000686645508,21.18000030517578,21.260000228881836,6796,0.0,0.0
2022-11-09 12:30:00-05:00,21.25589942932129,21.267799377441406,21.190000534057617,21.25,5821,0.0,0.0
2022-11-09 13:30:00-05:00,21.209999084472656,21.260000228881836,21.190000534057617,21.229999542236328,10503,0.0,0.0
2022-11-09 14:30:00-05:00,21.219999313354492,21.229999542236328,21.180500030517578,21.190000534057617,12297,0.0,0.0
2022-11-09 15:30:00-05:00,21.190000534057617,21.270000457763672,21.15999984741211,21.270000457763672,10047,0.0,0.0
2022-11-10 09:30:00-05:00,21.6200008392334,21.989999771118164,21.611499786376953,21.98150062561035,9630,0.0,0.0
2022-11-10 10:30:00-05:00,21.920000076293945,21.959999084472656,21.889999389648438,21.889999389648438,6612,0.0,0.0
2022-11-10 11:30:00-05:00,21.920000076293945,22.139999389648438,21.920000076293945,22.1299991607666,11167,0.0,0.0
2022-11-10 12:30:00-05:00,22.1299991607666,22.18000030517578,22.1200008392334,22.15999984741211,11360,0.0,0.0
2022-11-10 13:30:00-05:00,22.18000030517578,22.31999969482422,22.18000030517578,22.319900512695312,3932,0.0,0.0
2022-11-10 14:30:00-05:00,22.270000457763672,22.40999984741211,22.239999771118164,22.40999984741211,21111,0.0,0.0
2022-11-10 15:30:00-05:00,22.43000030517578,22.559999465942383,22.43000030517578,22.559999465942383,7533,0.0,0.0
2022-11-11 09:30:00-05:00,22.559999465942383,22.700000762939453,22.510000228881836,22.700000762939453,26621,0.0,0.0
2022-11-11 10:30:00-05:00,22.739999771118164,22.770000457763672,22.700000762939453,22.700000762939453,13443,0.0,0.0
2022-11-11 11:30:00-05:00,22.700000762939453,22.719100952148438,22.680200576782227,22.684999465942383,4023,0.0,0.0
2022-11-11 12:30:00-05:00,22.680200576782227,22.700000762939453,22.670000076293945,22.700000762939453,14108,0.0,0.0
2022-11-11 13:30:00-05:00,22.68000030517578,22.68000030517578,22.639999389648438,22.679000854492188,1399,0.0,0.0
2022-11-11 14:30:00-05:00,22.647300720214844,22.690000534057617,22.639999389648438,22.65999984741211,7309,0.0,0.0
2022-11-11 15:30:00-05:00,22.64349937438965,22.65999984741211,22.549999237060547,22.639999389648438,11516,0.0,0.0
2022-11-14 09:30:00-05:00,22.5,22.610000610351562,22.5,22.5,0,0.0,0.0
2022-11-14 10:30:00-05:00,22.4950008392334,22.519899368286133,22.399999618530273,22.450000762939453,5205,0.0,0.0
2022-11-14 11:30:00-05:00,22.40999984741211,22.450000762939453,22.399999618530273,22.399999618530273,3696,0.0,0.0
2022-11-14 12:30:00-05:00,22.3799991607666,22.399999618530273,22.3799991607666,22.399999618530273,1613,0.0,0.0
2022-11-14 13:30:00-05:00,22.360000610351562,22.465700149536133,22.360000610351562,22.43000030517578,5268,0.0,0.0
2022-11-14 14:30:00-05:00,22.489999771118164,22.510000228881836,22.399999618530273,22.399999618530273,10000,0.0,0.0
2022-11-14 15:30:00-05:00,22.180099487304688,22.389999389648438,22.180099487304688,22.3799991607666,8364,0.0,0.0
2022-11-15 09:30:00-05:00,22.40999984741211,22.649999618530273,22.40999984741211,22.649999618530273,0,0.0,0.0
2022-11-15 10:30:00-05:00,22.6299991607666,22.700000762939453,22.6299991607666,22.65999984741211,20980,0.0,0.0
2022-11-15 11:30:00-05:00,22.690000534057617,22.70949935913086,22.65999984741211,22.70949935913086,7078,0.0,0.0
2022-11-15 12:30:00-05:00,22.670000076293945,22.686399459838867,22.649999618530273,22.649999618530273,11916,0.0,0.0
2022-11-15 13:30:00-05:00,22.649999618530273,22.670000076293945,22.600000381469727,22.649999618530273,9423,0.0,0.0
2022-11-15 14:30:00-05:00,22.649999618530273,22.729999542236328,22.639999389648438,22.68000030517578,14753,0.0,0.0
2022-11-15 15:30:00-05:00,22.6742000579834,22.731199264526367,22.6200008392334,22.731199264526367,10422,0.0,0.0
2022-11-16 09:30:00-05:00,22.709999084472656,22.770000457763672,22.700000762939453,22.762699127197266,0,0.0,0.0
2022-11-16 10:30:00-05:00,22.7593994140625,22.7593994140625,22.7593994140625,22.7593994140625,394,0.0,0.0
2022-11-16 11:30:00-05:00,22.71489906311035,22.772899627685547,22.71489906311035,22.729999542236328,9178,0.0,0.0
2022-11-16 12:30:00-05:00,22.75,22.829999923706055,22.75,22.760099411010742,3270,0.0,0.0
2022-11-16 13:30:00-05:00,22.780000686645508,22.790000915527344,22.751100540161133,22.760799407958984,894,0.0,0.0
2022-11-16 14:30:00-05:00,22.75,22.790000915527344,22.719999313354492,22.774099349975586,9456,0.0,0.0
2022-11-16 15:30:00-05:00,22.709999084472656,22.760000228881836,22.649999618530273,22.760000228881836,11170,0.0,0.0
2022-11-17 09:30:00-05:00,22.639999389648438,22.649999618530273,22.469999313354492,22.549999237060547,0,0.0,0.0
2022-11-17 10:30:00-05:00,22.510000228881836,22.584999084472656,22.510000228881836,22.57040023803711,4046,0.0,0.0
2022-11-17 11:30:00-05:00,22.575000762939453,22.6299991607666,22.549999237060547,22.59000015258789,8495,0.0,0.0
2022-11-17 12:30:00-05:00,22.56060028076172,22.61639976501465,22.5,22.599700927734375,6826,0.0,0.0
2022-11-17 13:30:00-05:00,22.614999771118164,22.649999618530273,22.614999771118164,22.624300003051758,1569,0.0,0.0
2022-11-17 14:30:00-05:00,22.579999923706055,22.649900436401367,22.579999923706055,22.579999923706055,5000,0.0,0.0
2022-11-17 15:30:00-05:00,22.59000015258789,22.63759994506836,22.540000915527344,22.6200008392334,11385,0.0,0.0
2022-11-18 09:30:00-05:00,22.719999313354492,22.719999313354492,22.6200008392334,22.633499145507812,0,0.0,0.0
2022-11-18 10:30:00-05:00,22.700000762939453,22.700000762939453,22.610000610351562,22.610000610351562,3837,0.0,0.0
2022-11-18 11:30:00-05:00,22.6200008392334,22.649999618530273,22.579999923706055,22.647499084472656,6321,0.0,0.0
2022-11-18 12:30:00-05:00,22.625,22.649999618530273,22.600000381469727,22.649999618530273,4471,0.0,0.0
2022-11-18 13:30:00-05:00,22.639999389648438,22.649999618530273,22.639999389648438,22.649999618530273,15105,0.0,0.0
2022-11-18 14:30:00-05:00,22.639999389648438,22.649999618530273,22.6200008392334,22.649999618530273,8889,0.0,0.0
2022-11-18 15:30:00-05:00,22.6200008392334,22.649999618530273,22.6200008392334,22.6200008392334,5550,0.0,0.0
2022-11-21 09:30:00-05:00,22.739999771118164,22.739999771118164,22.68000030517578,22.709999084472656,0,0.0,0.0
2022-11-21 10:30:00-05:00,22.68000030517578,22.680599212646484,22.600000381469727,22.63990020751953,4171,0.0,0.0
2022-11-21 11:30:00-05:00,22.610000610351562,22.610000610351562,22.589000701904297,22.589000701904297,2407,0.0,0.0
2022-11-21 12:30:00-05:00,22.601600646972656,22.610000610351562,22.579999923706055,22.60580062866211,2624,0.0,0.0
2022-11-21 13:30:00-05:00,22.610000610351562,22.63800048828125,22.610000610351562,22.63800048828125,1687,0.0,0.0
2022-11-21 14:30:00-05:00,22.655799865722656,22.655799865722656,22.600000381469727,22.600000381469727,4504,0.0,0.0
2022-11-21 15:30:00-05:00,22.600000381469727,22.65999984741211,22.59000015258789,22.65999984741211,10043,0.0,0.0
2022-11-22 09:30:00-05:00,22.6200008392334,22.69499969482422,22.614500045776367,22.639999389648438,0,0.0,0.0
2022-11-22 10:30:00-05:00,22.654300689697266,22.670000076293945,22.6200008392334,22.6299991607666,14538,0.0,0.0
2022-11-22 11:30:00-05:00,22.645000457763672,22.670000076293945,22.645000457763672,22.670000076293945,2227,0.0,0.0
2022-11-22 12:30:00-05:00,22.694000244140625,22.700000762939453,22.649999618530273,22.67970085144043,6301,0.0,0.0
2022-11-22 13:30:00-05:00,22.674999237060547,22.700000762939453,22.6200008392334,22.659400939941406,9168,0.0,0.0
2022-11-22 14:30:00-05:00,22.6200008392334,22.670000076293945,22.6200008392334,22.639999389648438,2167,0.0,0.0
2022-11-22 15:30:00-05:00,22.610000610351562,22.649999618530273,22.610000610351562,22.639999389648438,3776,0.0,0.0
2022-11-23 09:30:00-05:00,22.65999984741211,22.809999465942383,22.65850067138672,22.790000915527344,0,0.0,0.0
2022-11-23 10:30:00-05:00,22.84000015258789,22.84000015258789,22.739999771118164,22.799999237060547,9317,0.0,0.0
2022-11-23 11:30:00-05:00,22.790000915527344,22.79360008239746,22.729999542236328,22.739999771118164,10931,0.0,0.0
2022-11-23 12:30:00-05:00,22.729999542236328,22.757999420166016,22.649999618530273,22.649999618530273,7775,0.0,0.0
2022-11-23 13:30:00-05:00,22.65999984741211,22.702499389648438,22.649999618530273,22.649999618530273,7200,0.0,0.0
2022-11-23 14:30:00-05:00,22.649999618530273,22.700000762939453,22.649999618530273,22.649999618530273,12648,0.0,0.0
2022-11-23 15:30:00-05:00,22.649999618530273,22.80500030517578,22.649999618530273,22.790000915527344,11888,0.0,0.0
2022-11-25 09:30:00-05:00,22.860000610351562,22.899999618530273,22.799999237060547,22.829999923706055,0,0.0,0.0
2022-11-25 10:30:00-05:00,22.84000015258789,22.84000015258789,22.799999237060547,22.829999923706055,7161,0.0,0.0
2022-11-25 11:30:00-05:00,22.84000015258789,22.850000381469727,22.829999923706055,22.850000381469727,3574,0.0,0.0
2022-11-25 12:30:00-05:00,22.809999465942383,22.809999465942383,22.799999237060547,22.799999237060547,0,0.0,0.0
2022-11-28 09:30:00-05:00,22.860000610351562,22.860000610351562,22.799999237060547,22.799999237060547,10902,0.0,0.0
2022-11-28 10:30:00-05:00,22.83989906311035,22.850000381469727,22.750900268554688,22.750900268554688,6741,0.0,0.0
2022-11-28 11:30:00-05:00,22.79990005493164,22.79990005493164,22.770000457763672,22.78969955444336,1906,0.0,0.0
2022-11-28 12:30:00-05:00,22.809999465942383,22.81999969482422,22.799999237060547,22.81999969482422,4685,0.0,0.0
2022-11-28 13:30:00-05:00,22.81999969482422,22.829999923706055,22.799999237060547,22.82990074157715,6267,0.0,0.0
2022-11-28 14:30:00-05:00,22.829999923706055,22.829999923706055,22.80500030517578,22.829999923706055,6191,0.0,0.0
2022-11-28 15:30:00-05:00,22.829999923706055,22.84000015258789,22.799999237060547,22.829999923706055,1934,0.0,0.0
2022-11-29 09:30:00-05:00,22.8799991607666,22.8799991607666,22.700000762939453,22.77549934387207,0,0.0,0.0
2022-11-29 10:30:00-05:00,22.780000686645508,22.79990005493164,22.75349998474121,22.79990005493164,10440,0.0,0.0
2022-11-29 11:30:00-05:00,22.770000457763672,22.799999237060547,22.757200241088867,22.757200241088867,1724,0.0,0.0
2022-11-29 12:30:00-05:00,22.75,22.767200469970703,22.719999313354492,22.75,4076,0.0,0.0
2022-11-29 13:30:00-05:00,22.747299194335938,22.750600814819336,22.600000381469727,22.649999618530273,11817,0.0,0.0
2022-11-29 14:30:00-05:00,22.639999389648438,22.639999389648438,22.549999237060547,22.549999237060547,7864,0.0,0.0
2022-11-29 15:30:00-05:00,22.549999237060547,22.559999465942383,22.40999984741211,22.5,14879,0.0,0.0
2022-11-30 09:30:00-05:00,22.5,22.59980010986328,22.479999542236328,22.59980010986328,0,0.0,0.0
2022-11-30 10:30:00-05:00,22.551000595092773,22.600000381469727,22.550100326538086,22.550100326538086,1876,0.0,0.0
2022-11-30 11:30:00-05:00,22.600000381469727,22.629899978637695,22.5,22.55820083618164,12701,0.0,0.0
2022-11-30 12:30:00-05:00,22.6200008392334,22.6200008392334,22.588899612426758,22.588899612426758,1707,0.0,0.0
2022-11-30 13:30:00-05:00,22.6200008392334,22.676000595092773,22.583499908447266,22.676000595092773,9416,0.0,0.0
2022-11-30 14:30:00-05:00,22.729999542236328,22.84000015258789,22.649999618530273,22.829999923706055,21297,0.0,0.0
2022-11-30 15:30:00-05:00,22.850000381469727,22.959999084472656,22.75,22.940000534057617,11494,0.0,0.0
2022-12-01 09:30:00-05:00,22.8799991607666,22.93000030517578,22.809999465942383,22.892799377441406,8973,0.0,0.0
2022-12-01 10:30:00-05:00,22.889999389648438,22.989900588989258,22.889999389648438,22.96269989013672,4126,0.0,0.0
2022-12-01 11:30:00-05:00,22.950000762939453,23.02989959716797,22.940000534057617,22.950000762939453,11681,0.0,0.0
2022-12-01 12:30:00-05:00,22.989999771118164,23.109899520874023,22.969999313354492,23.109899520874023,6757,0.0,0.0
2022-12-01 13:30:00-05:00,23.065000534057617,23.07200050354004,23.030000686645508,23.045000076293945,7698,0.0,0.0
2022-12-01 14:30:00-05:00,23.045000076293945,23.056400299072266,23.0,23.056400299072266,10428,0.0,0.0
2022-12-01 15:30:00-05:00,23.049999237060547,23.139999389648438,23.049999237060547,23.13409996032715,8009,0.0,0.0
2022-12-02 09:30:00-05:00,23.020000457763672,23.149999618530273,23.010099411010742,23.010099411010742,11560,0.0,0.0
2022-12-02 10:30:00-05:00,23.031999588012695,23.190000534057617,23.031999588012695,23.089099884033203,1392,0.0,0.0
2022-12-02 11:30:00-05:00,23.141000747680664,23.200000762939453,23.1299991607666,23.18000030517578,12269,0.0,0.0
2022-12-02 12:30:00-05:00,23.219999313354492,23.299999237060547,23.219999313354492,23.280000686645508,6579,0.0,0.0
2022-12-02 13:30:00-05:00,23.299999237060547,23.329999923706055,23.270000457763672,23.325000762939453,6486,0.0,0.0
2022-12-02 14:30:00-05:00,23.31800079345703,23.37540054321289,23.310100555419922,23.360000610351562,11466,0.0,0.0
2022-12-02 15:30:00-05:00,23.350000381469727,23.40999984741211,23.32200050354004,23.40999984741211,13162,0.0,0.0
2022-12-05 09:30:00-05:00,23.280000686645508,23.3700008392334,23.280000686645508,23.349899291992188,0,0.0,0.0
2022-12-05 10:30:00-05:00,23.325000762939453,23.350000381469727,23.299999237060547,23.299999237060547,18064,0.0,0.0
2022-12-05 11:30:00-05:00,23.299999237060547,23.299999237060547,23.15999984741211,23.19099998474121,9060,0.0,0.0
2022-12-05 12:30:00-05:00,23.136999130249023,23.159900665283203,22.940000534057617,22.940000534057617,10113,0.0,0.0
2022-12-05 13:30:00-05:00,22.975000381469727,22.979999542236328,22.899999618530273,22.899999618530273,13416,0.0,0.0
2022-12-05 14:30:00-05:00,22.90999984741211,22.981700897216797,22.889999389648438,22.941999435424805,13454,0.0,0.0
2022-12-05 15:30:00-05:00,22.899999618530273,22.959999084472656,22.809999465942383,22.860000610351562,15625,0.0,0.0
2022-12-06 09:30:00-05:00,22.920000076293945,23.0049991607666,22.895000457763672,22.899999618530273,0,0.0,0.0
2022-12-06 10:30:00-05:00,22.899999618530273,22.979999542236328,22.790000915527344,22.854999542236328,10647,0.0,0.0
2022-12-06 11:30:00-05:00,22.920000076293945,22.920000076293945,22.75,22.75,5748,0.0,0.0
2022-12-06 12:30:00-05:00,22.780000686645508,22.819900512695312,22.68000030517578,22.729000091552734,4982,0.0,0.0
2022-12-06 13:30:00-05:00,22.739999771118164,22.739999771118164,22.610000610351562,22.610000610351562,12151,0.0,0.0
2022-12-06 14:30:00-05:00,22.6299991607666,22.649999618530273,22.6200008392334,22.6200008392334,6889,0.0,0.0
2022-12-06 15:30:00-05:00,22.632699966430664,22.867000579833984,22.6200008392334,22.867000579833984,4328,0.0,0.0
2022-12-07 09:30:00-05:00,22.700000762939453,22.82859992980957,22.690000534057617,22.709999084472656,53650,0.0,0.0
2022-12-07 10:30:00-05:00,22.700000762939453,22.7549991607666,22.649999618530273,22.651599884033203,17597,0.0,0.0
2022-12-07 11:30:00-05:00,22.649999618530273,22.724000930786133,22.649999618530273,22.724000930786133,8580,0.0,0.0
2022-12-07 12:30:00-05:00,22.65999984741211,22.65999984741211,22.6299991607666,22.639999389648438,5934,0.0,0.0
2022-12-07 13:30:00-05:00,22.649999618530273,22.65999984741211,22.639999389648438,22.647199630737305,6011,0.0,0.0
2022-12-07 14:30:00-05:00,22.649999618530273,22.65999984741211,22.6200008392334,22.628000259399414,17016,0.0,0.0
2022-12-07 15:30:00-05:00,22.639999389648438,22.709999084472656,22.6200008392334,22.65999984741211,11757,0.0,0.0
2022-12-08 09:30:00-05:00,22.709999084472656,22.81999969482422,22.700000762939453,22.78499984741211,0,0.0,0.0
2022-12-08 10:30:00-05:00,22.75,22.81999969482422,22.719999313354492,22.729999542236328,13966,0.0,0.0
2022-12-08 11:30:00-05:00,22.709999084472656,22.75,22.709999084472656,22.735000610351562,5078,0.0,0.0
2022-12-08 12:30:00-05:00,22.719999313354492,22.746200561523438,22.719999313354492,22.746200561523438,2043,0.0,0.0
2022-12-08 13:30:00-05:00,22.729999542236328,22.743999481201172,22.6200008392334,22.635000228881836,10676,0.0,0.0
2022-12-08 14:30:00-05:00,22.6299991607666,22.703500747680664,22.6200008392334,22.690000534057617,18708,0.0,0.0
2022-12-08 15:30:00-05:00,22.690000534057617,22.709999084472656,22.639999389648438,22.709999084472656,13391,0.0,0.0
2022-12-09 09:30:00-05:00,22.729999542236328,22.729999542236328,22.6200008392334,22.664199829101562,0,0.0,0.0
2022-12-09 10:30:00-05:00,22.6299991607666,22.69230079650879,22.6299991607666,22.674999237060547,4377,0.0,0.0
2022-12-09 11:30:00-05:00,22.650100708007812,22.692399978637695,22.579999923706055,22.600299835205078,8283,0.0,0.0
2022-12-09 12:30:00-05:00,22.605199813842773,22.649999618530273,22.56999969482422,22.56999969482422,3097,0.0,0.0
2022-12-09 13:30:00-05:00,22.584999084472656,22.584999084472656,22.549999237060547,22.56800079345703,10499,0.0,0.0
2022-12-09 14:30:00-05:00,22.549999237060547,22.549999237060547,22.5,22.520000457763672,7305,0.0,0.0
2022-12-09 15:30:00-05:00,22.5,22.520000457763672,22.450000762939453,22.510000228881836,12634,0.0,0.0
2022-12-12 09:30:00-05:00,22.559999465942383,22.559999465942383,22.450000762939453,22.5,0,0.0,0.0
2022-12-12 10:30:00-05:00,22.479999542236328,22.5,22.450000762939453,22.450000762939453,3690,0.0,0.0
2022-12-12 11:30:00-05:00,22.450000762939453,22.468000411987305,22.40999984741211,22.42799949645996,6304,0.0,0.0
2022-12-12 12:30:00-05:00,22.43000030517578,22.43000030517578,22.389999389648438,22.420000076293945,8433,0.0,0.0
2022-12-12 13:30:00-05:00,22.449899673461914,22.449899673461914,22.420000076293945,22.420000076293945,4317,0.0,0.0
2022-12-12 14:30:00-05:00,22.43000030517578,22.43000030517578,22.3700008392334,22.381099700927734,16903,0.0,0.0
2022-12-12 15:30:00-05:00,22.3799991607666,22.450000762939453,22.360000610351562,22.450000762939453,12949,0.0,0.0
2022-12-13 09:30:00-05:00,22.75,22.899999618530273,22.530000686645508,22.719999313354492,0,0.0,0.0
2022-12-13 10:30:00-05:00,22.729999542236328,22.75,22.649999618530273,22.729900360107422,19498,0.0,0.0
2022-12-13 11:30:00-05:00,22.670000076293945,22.670000076293945,22.645999908447266,22.65999984741211,4100,0.0,0.0
2022-12-13 12:30:00-05:00,22.657699584960938,22.65999984741211,22.639999389648438,22.658000946044922,9179,0.0,0.0
2022-12-13 13:30:00-05:00,22.659900665283203,22.690000534057617,22.59000015258789,22.690000534057617,33177,0.0,0.0
2022-12-13 14:30:00-05:00,22.684999465942383,22.700000762939453,22.65999984741211,22.674999237060547,1422,0.0,0.0
2022-12-13 15:30:00-05:00,22.674999237060547,22.729999542236328,22.6299991607666,22.729999542236328,18516,0.0,0.0
2022-12-14 09:30:00-05:00,22.709999084472656,22.780000686645508,22.69499969482422,22.718000411987305,0,0.0,0.0
2022-12-14 10:30:00-05:00,22.74209976196289,22.780000686645508,22.709999084472656,22.71030044555664,15358,0.0,0.0
2022-12-14 11:30:00-05:00,22.772899627685547,22.780000686645508,22.700000762939453,22.75,6740,0.0,0.0
2022-12-14 12:30:00-05:00,22.780000686645508,22.809999465942383,22.75,22.779399871826172,4431,0.0,0.0
2022-12-14 13:30:00-05:00,22.750099182128906,22.84000015258789,22.729999542236328,22.760000228881836,12066,0.0,0.0
2022-12-14 14:30:00-05:00,22.76289939880371,22.770000457763672,22.700000762939453,22.74489974975586,9587,0.0,0.0
2022-12-14 15:30:00-05:00,22.739599227905273,22.770000457763672,22.700000762939453,22.75,13598,0.0,0.0
2022-12-15 09:30:00-05:00,22.770000457763672,22.818199157714844,22.690000534057617,22.766000747680664,12909,0.0,0.0
2022-12-15 10:30:00-05:00,22.760000228881836,22.783300399780273,22.709999084472656,22.719999313354492,12778,0.0,0.0
2022-12-15 11:30:00-05:00,22.709999084472656,22.719999313354492,22.700000762939453,22.709999084472656,14014,0.0,0.0
2022-12-15 12:30:00-05:00,22.709999084472656,22.719999313354492,22.690000534057617,22.700000762939453,20430,0.0,0.0
2022-12-15 13:30:00-05:00,22.6914005279541,22.719999313354492,22.67530059814453,22.690000534057617,16079,0.0,0.0
2022-12-15 14:30:00-05:00,22.690000534057617,22.770000457763672,22.690000534057617,22.770000457763672,24619,0.0,0.0
2022-12-15 15:30:00-05:00,22.760000228881836,22.809999465942383,22.729999542236328,22.799999237060547,32244,0.0,0.0
2022-12-16 09:30:00-05:00,22.600000381469727,22.73889923095703,22.600000381469727,22.68000030517578,0,0.0,0.0
2022-12-16 10:30:00-05:00,22.674999237060547,22.709999084472656,22.674999237060547,22.700000762939453,16827,0.0,0.0
2022-12-16 11:30:00-05:00,22.700000762939453,22.739999771118164,22.700000762939453,22.709999084472656,4777,0.0,0.0
2022-12-16 12:30:00-05:00,22.709999084472656,22.739999771118164,22.700000762939453,22.739999771118164,8521,0.0,0.0
2022-12-16 13:30:00-05:00,22.749900817871094,22.770000457763672,22.709999084472656,22.719999313354492,24246,0.0,0.0
2022-12-16 14:30:00-05:00,22.719999313354492,22.760000228881836,22.719999313354492,22.759300231933594,6392,0.0,0.0
2022-12-16 15:30:00-05:00,22.75,22.790000915527344,22.75,22.790000915527344,8415,0.0,0.0
2022-12-19 09:30:00-05:00,22.719999313354492,22.907499313354492,22.719999313354492,22.813899993896484,14836,0.0,0.0
2022-12-19 10:30:00-05:00,22.844999313354492,22.844999313354492,22.719999313354492,22.778600692749023,10615,0.0,0.0
2022-12-19 11:30:00-05:00,22.770000457763672,22.81439971923828,22.719999313354492,22.758399963378906,6335,0.0,0.0
2022-12-19 12:30:00-05:00,22.729999542236328,22.73780059814453,22.709999084472656,22.709999084472656,13040,0.0,0.0
2022-12-19 13:30:00-05:00,22.719999313354492,22.734600067138672,22.700000762939453,22.725000381469727,3116,0.0,0.0
2022-12-19 14:30:00-05:00,22.729999542236328,22.760000228881836,22.709999084472656,22.735000610351562,9211,0.0,0.0
2022-12-19 15:30:00-05:00,22.733999252319336,22.770000457763672,22.709999084472656,22.770000457763672,7270,0.0,0.0
2022-12-20 09:30:00-05:00,22.75,22.770000457763672,22.639999389648438,22.770000457763672,15265,0.0,0.0
2022-12-20 10:30:00-05:00,22.770000457763672,22.850000381469727,22.744199752807617,22.760000228881836,9577,0.0,0.0
2022-12-20 11:30:00-05:00,22.770000457763672,22.8700008392334,22.75,22.8700008392334,29025,0.0,0.0
2022-12-20 12:30:00-05:00,22.850000381469727,22.860000610351562,22.760099411010742,22.760099411010742,9537,0.0,0.0
2022-12-20 13:30:00-05:00,22.799999237060547,22.799999237060547,22.75,22.795000076293945,7451,0.0,0.0
2022-12-20 14:30:00-05:00,22.75,22.773399353027344,22.729999542236328,22.739999771118164,14925,0.0,0.0
2022-12-20 15:30:00-05:00,22.760000228881836,22.760000228881836,22.7460994720459,22.760000228881836,6090,0.0,0.0
2022-12-21 09:30:00-05:00,22.850000381469727,22.881000518798828,22.770000457763672,22.81999969482422,0,0.0,0.0
2022-12-21 10:30:00-05:00,22.829999923706055,22.8700008392334,22.75,22.7549991607666,34790,0.0,0.0
2022-12-21 11:30:00-05:00,22.75,22.799999237060547,22.75,22.780000686645508,21376,0.0,0.0
2022-12-21 12:30:00-05:00,22.760000228881836,22.799999237060547,22.75,22.799999237060547,62973,0.0,0.0
2022-12-21 13:30:00-05:00,22.75,22.805400848388672,22.75,22.805400848388672,4378,0.0,0.0
2022-12-21 14:30:00-05:00,22.783100128173828,22.829999923706055,22.780000686645508,22.823299407958984,11495,0.0,0.0
2022-12-21 15:30:00-05:00,22.81089973449707,22.81089973449707,22.770000457763672,22.805500030517578,2871,0.0,0.0
2022-12-22 09:30:00-05:00,22.770000457763672,22.798999786376953,22.67300033569336,22.678600311279297,17605,0.0,0.0
2022-12-22 10:30:00-05:00,22.68000030517578,22.729999542236328,22.649999618530273,22.707799911499023,12570,0.0,0.0
2022-12-22 11:30:00-05:00,22.690000534057617,22.699800491333008,22.549999237060547,22.549999237060547,17388,0.0,0.0
2022-12-22 12:30:00-05:00,22.559999465942383,22.600000381469727,22.545000076293945,22.567800521850586,12616,0.0,0.0
2022-12-22 13:30:00-05:00,22.55069923400879,22.579999923706055,22.540000915527344,22.57699966430664,17572,0.0,0.0
2022-12-22 14:30:00-05:00,22.579999923706055,22.610000610351562,22.579999923706055,22.600000381469727,7903,0.0,0.0
2022-12-22 15:30:00-05:00,22.6200008392334,22.6299991607666,22.56999969482422,22.6299991607666,11238,0.0,0.0
2022-12-23 09:30:00-05:00,22.6299991607666,22.68000030517578,22.59000015258789,22.610000610351562,0,0.0,0.0
2022-12-23 10:30:00-05:00,22.622499465942383,22.649999618530273,22.520000457763672,22.56450080871582,25064,0.0,0.0
2022-12-23 11:30:00-05:00,22.549999237060547,22.577299118041992,22.48539924621582,22.520000457763672,21510,0.0,0.0
2022-12-23 12:30:00-05:00,22.530000686645508,22.530000686645508,22.450000762939453,22.450000762939453,10245,0.0,0.0
2022-12-23 13:30:00-05:00,22.479999542236328,22.5,22.469999313354492,22.485000610351562,7930,0.0,0.0
2022-12-23 14:30:00-05:00,22.479999542236328,22.5,22.469999313354492,22.479999542236328,17013,0.0,0.0
2022-12-23 15:30:00-05:00,22.479999542236328,22.549999237060547,22.459999084472656,22.549999237060547,13065,0.0,0.0
2022-12-27 09:30:00-05:00,22.450000762939453,22.450000762939453,22.350000381469727,22.350000381469727,0,0.0,0.0
2022-12-27 10:30:00-05:00,22.350000381469727,22.350000381469727,22.280000686645508,22.280000686645508,18761,0.0,0.0
2022-12-27 11:30:00-05:00,22.280000686645508,22.280000686645508,22.140399932861328,22.219999313354492,32491,0.0,0.0
2022-12-27 12:30:00-05:00,22.171199798583984,22.190000534057617,22.049999237060547,22.190000534057617,14805,0.0,0.0
2022-12-27 13:30:00-05:00,22.1299991607666,22.1299991607666,22.100000381469727,22.118200302124023,12454,0.0,0.0
2022-12-27 14:30:00-05:00,22.100000381469727,22.1299991607666,22.079999923706055,22.09000015258789,19843,0.0,0.0
2022-12-27 15:30:00-05:00,22.079999923706055,22.1919002532959,22.06999969482422,22.1919002532959,4837,0.0,0.0
2022-12-28 09:30:00-05:00,22.190000534057617,22.225000381469727,22.110000610351562,22.110000610351562,13548,0.0,0.0
2022-12-28 10:30:00-05:00,22.11370086669922,22.15999984741211,22.0,22.010000228881836,43407,0.0,0.0
2022-12-28 11:30:00-05:00,22.010000228881836,22.069900512695312,22.010000228881836,22.020000457763672,11729,0.0,0.0
2022-12-28 12:30:00-05:00,22.020000457763672,22.049999237060547,22.0,22.0,14797,0.0,0.0
2022-12-28 13:30:00-05:00,22.02790069580078,22.06999969482422,22.0,22.0,9430,0.0,0.0
2022-12-28 14:30:00-05:00,22.030000686645508,22.030000686645508,21.649999618530273,21.780000686645508,61261,0.0,0.0
2022-12-28 15:30:00-05:00,21.758499145507812,21.81999969482422,21.739999771118164,21.739999771118164,16199,0.0,0.0
2022-12-29 09:30:00-05:00,21.799999237060547,21.96500015258789,21.799999237060547,21.959999084472656,0,0.0,0.0
2022-12-29 10:30:00-05:00,21.899999618530273,21.959999084472656,21.899999618530273,21.934999465942383,9711,0.0,0.0
2022-12-29 11:30:00-05:00,21.94300079345703,21.950000762939453,21.799999237060547,21.810300827026367,16674,0.0,0.0
2022-12-29 12:30:00-05:00,21.809999465942383,21.84000015258789,21.700000762939453,21.71500015258789,25840,0.0,0.0
2022-12-29 13:30:00-05:00,21.729999542236328,21.789899826049805,21.700000762939453,21.780000686645508,13329,0.0,0.0
2022-12-29 14:30:00-05:00,21.74489974975586,21.774999618530273,21.730499267578125,21.760000228881836,6064,0.0,0.0
2022-12-29 15:30:00-05:00,21.75,21.790000915527344,21.75,21.75,6124,0.0,0.0
2022-12-30 09:30:00-05:00,21.68000030517578,21.68000030517578,21.600000381469727,21.679899215698242,0,0.0,0.0
2022-12-30 10:30:00-05:00,21.68000030517578,21.77199935913086,21.68000030517578,21.72209930419922,7578,0.0,0.0
2022-12-30 11:30:00-05:00,21.700000762939453,21.71500015258789,21.610000610351562,21.6200008392334,19339,0.0,0.0
2022-12-30 12:30:00-05:00,21.610000610351562,21.649999618530273,21.600000381469727,21.608999252319336,18926,0.0,0.0
2022-12-30 13:30:00-05:00,21.629899978637695,21.719999313354492,21.610000610351562,21.70709991455078,18342,0.0,0.0
2022-12-30 14:30:00-05:00,21.690000534057617,21.770000457763672,21.65999984741211,21.731000900268555,13579,0.0,0.0
2022-12-30 15:30:00-05:00,21.735000610351562,21.75,21.600000381469727,21.739999771118164,45087,0.0,0.0
2023-01-03 09:30:00-05:00,21.8700008392334,22.14229965209961,21.81999969482422,21.999900817871094,16022,0.0,0.0
2023-01-03 10:30:00-05:00,21.90999984741211,22.09000015258789,21.862300872802734,22.010000228881836,8730,0.0,0.0
2023-01-03 11:30:00-05:00,22.021400451660156,22.062299728393555,21.93000030517578,21.93000030517578,4993,0.0,0.0
2023-01-03 12:30:00-05:00,21.920000076293945,21.999900817871094,21.850000381469727,21.850000381469727,7105,0.0,0.0
2023-01-03 13:30:00-05:00,21.81999969482422,21.885000228881836,21.799999237060547,21.8700008392334,7270,0.0,0.0
2023-01-03 14:30:00-05:00,21.959999084472656,21.959999084472656,21.84000015258789,21.889999389648438,3331,0.0,0.0
2023-01-03 15:30:00-05:00,21.889999389648438,21.959999084472656,21.8700008392334,21.889999389648438,5658,0.0,0.0
2023-01-04 09:30:00-05:00,22.010000228881836,22.139999389648438,22.010000228881836,22.1200008392334,0,0.0,0.0
2023-01-04 10:30:00-05:00,22.1200008392334,22.18000030517578,22.074100494384766,22.18000030517578,5630,0.0,0.0
2023-01-04 11:30:00-05:00,22.162399291992188,22.219999313354492,22.149999618530273,22.15999984741211,6955,0.0,0.0
2023-01-04 12:30:00-05:00,22.204999923706055,22.239299774169922,22.15999984741211,22.18000030517578,5733,0.0,0.0
2023-01-04 13:30:00-05:00,22.200000762939453,22.239999771118164,22.199899673461914,22.229999542236328,8972,0.0,0.0
2023-01-04 14:30:00-05:00,22.225000381469727,22.324399948120117,22.180099487304688,22.324399948120117,13455,0.0,0.0
2023-01-04 15:30:00-05:00,22.350000381469727,22.459999084472656,22.350000381469727,22.45989990234375,17423,0.0,0.0
2023-01-05 09:30:00-05:00,22.43000030517578,22.58449935913086,22.299999237060547,22.459999084472656,0,0.0,0.0
2023-01-05 10:30:00-05:00,22.475000381469727,22.499000549316406,22.43000030517578,22.43000030517578,10238,0.0,0.0
2023-01-05 11:30:00-05:00,22.4414005279541,22.6200008392334,22.4414005279541,22.575599670410156,19355,0.0,0.0
2023-01-05 12:30:00-05:00,22.56879997253418,22.58989906311035,22.542999267578125,22.57979965209961,3811,0.0,0.0
2023-01-05 13:30:00-05:00,22.56060028076172,22.59000015258789,22.544700622558594,22.56999969482422,12046,0.0,0.0
2023-01-05 14:30:00-05:00,22.579999923706055,22.610000610351562,22.549999237060547,22.598499298095703,11344,0.0,0.0
2023-01-05 15:30:00-05:00,22.559999465942383,22.591999053955078,22.549999237060547,22.549999237060547,6131,0.0,0.0
2023-01-06 09:30:00-05:00,22.68000030517578,22.851499557495117,22.649999618530273,22.84000015258789,0,0.0,0.0
2023-01-06 10:30:00-05:00,22.850000381469727,23.020000457763672,22.82859992980957,22.899999618530273,69612,0.0,0.0
2023-01-06 11:30:00-05:00,22.96500015258789,23.010000228881836,22.829999923706055,22.8700008392334,18918,0.0,0.0
2023-01-06 12:30:00-05:00,22.860000610351562,23.040000915527344,22.851699829101562,22.969999313354492,29093,0.0,0.0
2023-01-06 13:30:00-05:00,22.940000534057617,22.989999771118164,22.8799991607666,22.940000534057617,17793,0.0,0.0
2023-01-06 14:30:00-05:00,22.90999984741211,22.959999084472656,22.899999618530273,22.920000076293945,10415,0.0,0.0
2023-01-06 15:30:00-05:00,22.840499877929688,22.934999465942383,22.840499877929688,22.920000076293945,6053,0.0,0.0
2023-01-09 09:30:00-05:00,23.020000457763672,23.09510040283203,23.020000457763672,23.065000534057617,0,0.0,0.0
2023-01-09 10:30:00-05:00,23.06999969482422,23.079999923706055,23.049999237060547,23.079999923706055,15747,0.0,0.0
2023-01-09 11:30:00-05:00,23.09000015258789,23.1299991607666,22.940500259399414,23.0,150160,0.0,0.0
2023-01-09 12:30:00-05:00,22.98349952697754,23.030000686645508,22.940099716186523,22.950000762939453,20283,0.0,0.0
2023-01-09 13:30:00-05:00,22.966699600219727,23.0,22.850000381469727,23.0,25413,0.0,0.0
2023-01-09 14:30:00-05:00,23.0,23.010000228881836,22.959999084472656,23.0,10098,0.0,0.0
2023-01-09 15:30:00-05:00,23.0,23.020000457763672,22.989999771118164,22.99209976196289,3796,0.0,0.0
2023-01-10 09:30:00-05:00,23.0,23.03499984741211,22.889999389648438,22.965999603271484,0,0.0,0.0
2023-01-10 10:30:00-05:00,22.959999084472656,22.989999771118164,22.956499099731445,22.956499099731445,4882,0.0,0.0
2023-01-10 11:30:00-05:00,22.969999313354492,22.989999771118164,22.94099998474121,22.969999313354492,4354,0.0,0.0
2023-01-10 12:30:00-05:00,22.989999771118164,23.030000686645508,22.979999542236328,23.0,8076,0.0,0.0
2023-01-10 13:30:00-05:00,23.006000518798828,23.020000457763672,22.979999542236328,23.0,11967,0.0,0.0
2023-01-10 14:30:00-05:00,23.010000228881836,23.03499984741211,23.0,23.010000228881836,15236,0.0,0.0
2023-01-10 15:30:00-05:00,23.011999130249023,23.079999923706055,22.97010040283203,23.079999923706055,8256,0.0,0.0
2023-01-11 09:30:00-05:00,23.079999923706055,23.110000610351562,23.065000534057617,23.109899520874023,0,0.0,0.0
2023-01-11 10:30:00-05:00,23.110000610351562,23.1299991607666,23.100000381469727,23.1299991607666,6451,0.0,0.0
2023-01-11 11:30:00-05:00,23.1200008392334,23.139999389648438,23.1200008392334,23.139999389648438,6640,0.0,0.0
2023-01-11 12:30:00-05:00,23.139999389648438,23.170000076293945,23.1200008392334,23.170000076293945,11691,0.0,0.0
2023-01-11 13:30:00-05:00,23.149999618530273,23.190000534057617,23.1299991607666,23.170000076293945,9819,0.0,0.0
2023-01-11 14:30:00-05:00,23.170000076293945,23.239999771118164,23.149999618530273,23.219999313354492,12133,0.0,0.0
2023-01-11 15:30:00-05:00,23.195999145507812,23.3799991607666,23.190000534057617,23.3700008392334,19065,0.0,0.0
2023-01-12 09:30:00-05:00,23.350000381469727,23.6200008392334,23.25,23.549999237060547,59459,0.0,0.0
2023-01-12 10:30:00-05:00,23.530000686645508,23.559999465942383,23.5,23.549999237060547,11346,0.0,0.0
2023-01-12 11:30:00-05:00,23.505199432373047,23.579999923706055,23.5,23.56999969482422,20917,0.0,0.0
2023-01-12 12:30:00-05:00,23.579999923706055,23.579999923706055,23.550100326538086,23.579999923706055,13755,0.0,0.0
2023-01-12 13:30:00-05:00,23.559999465942383,23.65999984741211,23.549999237060547,23.625,27959,0.0,0.0
2023-01-12 14:30:00-05:00,23.610000610351562,23.63599967956543,23.579999923706055,23.600000381469727,25474,0.0,0.0
2023-01-12 15:30:00-05:00,23.62420082092285,23.639999389648438,23.549999237060547,23.579999923706055,13919,0.0,0.0
2023-01-13 09:30:00-05:00,23.299999237060547,23.450000762939453,23.170000076293945,23.439699172973633,12191,0.0,0.0
2023-01-13 10:30:00-05:00,23.415000915527344,23.450000762939453,23.395000457763672,23.4197998046875,5352,0.0,0.0
2023-01-13 11:30:00-05:00,23.42620086669922,23.459999084472656,23.3700008392334,23.4197998046875,18477,0.0,0.0
2023-01-13 12:30:00-05:00,23.440000534057617,23.489999771118164,23.390100479125977,23.459999084472656,13028,0.0,0.0
2023-01-13 13:30:00-05:00,23.459999084472656,23.459999084472656,23.400100708007812,23.400100708007812,4674,0.0,0.0
2023-01-13 14:30:00-05:00,23.43000030517578,23.454999923706055,23.401500701904297,23.450000762939453,17549,0.0,0.0
2023-01-13 15:30:00-05:00,23.459999084472656,23.459999084472656,23.360000610351562,23.389999389648438,26934,0.0,0.0
2023-01-17 09:30:00-05:00,23.399999618530273,23.450000762939453,23.34000015258789,23.450000762939453,0,0.0,0.0
2023-01-17 10:30:00-05:00,23.46430015563965,23.46430015563965,23.34000015258789,23.374300003051758,14423,0.0,0.0
2023-01-17 11:30:00-05:00,23.383699417114258,23.420000076293945,23.374399185180664,23.40959930419922,15239,0.0,0.0
2023-01-17 12:30:00-05:00,23.389999389648438,23.418100357055664,23.387100219726562,23.403799057006836,3003,0.0,0.0
2023-01-17 13:30:00-05:00,23.40999984741211,23.440000534057617,23.399999618530273,23.399999618530273,7281,0.0,0.0
2023-01-17 14:30:00-05:00,23.4424991607666,23.450000762939453,23.399999618530273,23.410200119018555,13735,0.0,0.0
2023-01-17 15:30:00-05:00,23.40999984741211,23.540000915527344,23.40999984741211,23.520000457763672,20556,0.0,0.0
2023-01-18 09:30:00-05:00,23.59000015258789,23.8799991607666,23.59000015258789,23.860000610351562,20877,0.0,0.0
2023-01-18 10:30:00-05:00,23.860000610351562,23.860000610351562,23.780000686645508,23.780000686645508,17189,0.0,0.0
2023-01-18 11:30:00-05:00,23.780000686645508,23.809999465942383,23.729999542236328,23.809999465942383,11135,0.0,0.0
2023-01-18 12:30:00-05:00,23.779499053955078,23.829999923706055,23.770099639892578,23.790000915527344,2897,0.0,0.0
2023-01-18 13:30:00-05:00,23.82990074157715,23.850000381469727,23.811399459838867,23.849899291992188,10585,0.0,0.0
2023-01-18 14:30:00-05:00,23.829999923706055,23.850000381469727,23.829999923706055,23.84000015258789,10335,0.0,0.0
2023-01-18 15:30:00-05:00,23.790000915527344,23.84000015258789,23.530000686645508,23.84000015258789,13125,0.0,0.0
2023-01-19 09:30:00-05:00,23.719999313354492,23.719999313354492,23.639999389648438,23.700000762939453,2965,0.0,0.0
2023-01-19 10:30:00-05:00,23.65999984741211,23.729999542236328,23.65999984741211,23.729999542236328,3113,0.0,0.0
2023-01-19 11:30:00-05:00,23.69499969482422,23.760000228881836,23.690000534057617,23.760000228881836,4454,0.0,0.0
2023-01-19 12:30:00-05:00,23.805500030517578,23.8799991607666,23.77630043029785,23.8700008392334,6482,0.0,0.0
2023-01-19 13:30:00-05:00,23.86910057067871,23.90999984741211,23.84000015258789,23.90999984741211,11998,0.0,0.0
2023-01-19 14:30:00-05:00,23.959999084472656,23.959999084472656,23.899999618530273,23.90999984741211,9171,0.0,0.0
2023-01-19 15:30:00-05:00,23.914899826049805,23.950000762939453,23.899999618530273,23.950000762939453,4114,0.0,0.0
2023-01-20 09:30:00-05:00,23.969999313354492,23.969999313354492,23.840099334716797,23.889999389648438,0,0.0,0.0
2023-01-20 10:30:00-05:00,23.878799438476562,23.899999618530273,23.860000610351562,23.8799991607666,9369,0.0,0.0
2023-01-20 11:30:00-05:00,23.86280059814453,23.885000228881836,23.770000457763672,23.799999237060547,6872,0.0,0.0
2023-01-20 12:30:00-05:00,23.795000076293945,23.899999618530273,23.760000228881836,23.89940071105957,6088,0.0,0.0
2023-01-20 13:30:00-05:00,23.899999618530273,23.950000762939453,23.850000381469727,23.899999618530273,5321,0.0,0.0
2023-01-20 14:30:00-05:00,23.93000030517578,23.93000030517578,23.809999465942383,23.924999237060547,5911,0.0,0.0
2023-01-20 15:30:00-05:00,23.915000915527344,23.969999313354492,23.760000228881836,23.969999313354492,7127,0.0,0.0
2023-01-23 09:30:00-05:00,24.0,24.040000915527344,23.950000762939453,23.987499237060547,0,0.0,0.0
2023-01-23 10:30:00-05:00,23.98430061340332,24.059999465942383,23.98430061340332,24.030000686645508,6574,0.0,0.0
2023-01-23 11:30:00-05:00,24.049999237060547,24.05500030517578,23.960100173950195,23.979299545288086,16704,0.0,0.0
2023-01-23 12:30:00-05:00,24.0,24.050199508666992,23.979999542236328,23.979999542236328,9287,0.0,0.0
2023-01-23 13:30:00-05:00,23.989999771118164,24.040000915527344,23.989999771118164,24.030000686645508,2446,0.0,0.0
2023-01-23 14:30:00-05:00,23.959999084472656,23.989999771118164,23.920000076293945,23.95989990234375,4984,0.0,0.0
2023-01-23 15:30:00-05:00,23.959999084472656,24.0,23.92009925842285,23.959999084472656,6271,0.0,0.0
2023-01-24 09:30:00-05:00,23.8700008392334,24.149999618530273,23.8700008392334,24.00160026550293,0,0.0,0.0
2023-01-24 10:30:00-05:00,24.0,24.030000686645508,24.0,24.010000228881836,25984,0.0,0.0
2023-01-24 11:30:00-05:00,24.020000457763672,24.027299880981445,23.969900131225586,23.969900131225586,4434,0.0,0.0
2023-01-24 12:30:00-05:00,23.950000762939453,24.019899368286133,23.950000762939453,24.0,2857,0.0,0.0
2023-01-24 13:30:00-05:00,24.0,24.0,23.989900588989258,23.99220085144043,5435,0.0,0.0
2023-01-24 14:30:00-05:00,23.950000762939453,24.0,23.950000762939453,24.0,3406,0.0,0.0
2023-01-24 15:30:00-05:00,23.989999771118164,24.0,23.959999084472656,24.0,2669,0.0,0.0
2023-01-25 09:30:00-05:00,23.93000030517578,23.93000030517578,23.849000930786133,23.856800079345703,4401,0.0,0.0
2023-01-25 10:30:00-05:00,23.920000076293945,23.920000076293945,23.809999465942383,23.889999389648438,17798,0.0,0.0
2023-01-25 11:30:00-05:00,23.850000381469727,23.899999618530273,23.822599411010742,23.8700008392334,5148,0.0,0.0
2023-01-25 12:30:00-05:00,23.850000381469727,23.871200561523438,23.81999969482422,23.854999542236328,2770,0.0,0.0
2023-01-25 13:30:00-05:00,23.850000381469727,23.899999618530273,23.850000381469727,23.899999618530273,6381,0.0,0.0
2023-01-25 14:30:00-05:00,23.881000518798828,23.93090057373047,23.881000518798828,23.920000076293945,1315,0.0,0.0
2023-01-25 15:30:00-05:00,23.93000030517578,23.979999542236328,23.889999389648438,23.979999542236328,8474,0.0,0.0
2023-01-26 09:30:00-05:00,23.940000534057617,24.0,23.916200637817383,23.959999084472656,2019,0.0,0.0
2023-01-26 10:30:00-05:00,23.959999084472656,24.0,23.959999084472656,23.979999542236328,2073,0.0,0.0
2023-01-26 11:30:00-05:00,23.980100631713867,24.030000686645508,23.979999542236328,23.979999542236328,8703,0.0,0.0
2023-01-26 12:30:00-05:00,24.020000457763672,24.020000457763672,23.974000930786133,24.0,1260,0.0,0.0
2023-01-26 13:30:00-05:00,24.0049991607666,24.0049991607666,23.979999542236328,23.979999542236328,2208,0.0,0.0
2023-01-26 14:30:00-05:00,23.989999771118164,24.0049991607666,23.921600341796875,23.933300018310547,3110,0.0,0.0
2023-01-26 15:30:00-05:00,23.969999313354492,24.014999389648438,23.959999084472656,23.959999084472656,17395,0.0,0.0
2023-01-27 09:30:00-05:00,23.989999771118164,24.045000076293945,23.989999771118164,24.045000076293945,3051,0.0,0.0
2023-01-27 10:30:00-05:00,24.049999237060547,24.049999237060547,24.020000457763672,24.020000457763672,1803,0.0,0.0
2023-01-27 11:30:00-05:00,24.0,24.024499893188477,24.0,24.014999389648438,4017,0.0,0.0
2023-01-27 12:30:00-05:00,24.020000457763672,24.030000686645508,24.0,24.01219940185547,2982,0.0,0.0
2023-01-27 13:30:00-05:00,24.000699996948242,24.0226993560791,23.985000610351562,23.985000610351562,1229,0.0,0.0
2023-01-27 14:30:00-05:00,23.989999771118164,23.989999771118164,23.83060073852539,23.849700927734375,8684,0.0,0.0
2023-01-27 15:30:00-05:00,23.809999465942383,23.889999389648438,23.799999237060547,23.8700008392334,8026,0.0,0.0
2023-01-30 09:30:00-05:00,23.8799991607666,23.959999084472656,23.799999237060547,23.959999084472656,0,0.0,0.0
2023-01-30 10:30:00-05:00,23.953899383544922,23.953899383544922,23.850000381469727,23.850000381469727,7759,0.0,0.0
2023-01-30 11:30:00-05:00,23.850000381469727,23.920000076293945,23.850000381469727,23.920000076293945,3803,0.0,0.0
2023-01-30 12:30:00-05:00,23.88089942932129,23.94700050354004,23.88089942932129,23.920000076293945,1093,0.0,0.0
2023-01-30 13:30:00-05:00,23.940000534057617,23.950000762939453,23.88629913330078,23.950000762939453,4280,0.0,0.0
2023-01-30 14:30:00-05:00,23.950000762939453,23.989999771118164,23.887500762939453,23.989999771118164,5022,0.0,0.0
2023-01-30 15:30:00-05:00,23.989999771118164,24.018699645996094,23.96500015258789,23.96500015258789,3106,0.0,0.0
2023-01-31 09:30:00-05:00,23.959999084472656,24.018999099731445,23.959999084472656,24.018999099731445,0,0.0,0.0
2023-01-31 10:30:00-05:00,24.0049991607666,24.0049991607666,23.950000762939453,23.9950008392334,8227,0.0,0.0
2023-01-31 11:30:00-05:00,24.0,24.003999710083008,23.970600128173828,23.989999771118164,2896,0.0,0.0
2023-01-31 12:30:00-05:00,23.9950008392334,24.020000457763672,23.979999542236328,24.020000457763672,11023,0.0,0.0
2023-01-31 13:30:00-05:00,24.020000457763672,24.020000457763672,24.010000228881836,24.020000457763672,8601,0.0,0.0
2023-01-31 14:30:00-05:00,24.020000457763672,24.020000457763672,23.989999771118164,23.989999771118164,9339,0.0,0.0
2023-01-31 15:30:00-05:00,24.020000457763672,24.049999237060547,23.979999542236328,23.979999542236328,25489,0.0,0.0
2023-02-01 09:30:00-05:00,24.049999237060547,24.049999237060547,23.979999542236328,24.0049991607666,35172,0.0,0.0
2023-02-01 10:30:00-05:00,24.0049991607666,24.020000457763672,24.0,24.000099182128906,3463,0.0,0.0
2023-02-01 11:30:00-05:00,24.0049991607666,24.0049991607666,23.940000534057617,23.979999542236328,8433,0.0,0.0
2023-02-01 12:30:00-05:00,23.979999542236328,23.979999542236328,23.899999618530273,23.920000076293945,8584,0.0,0.0
2023-02-01 13:30:00-05:00,23.97010040283203,23.979999542236328,23.920000076293945,23.93000030517578,19455,0.0,0.0
2023-02-01 14:30:00-05:00,23.940000534057617,24.1299991607666,23.899999618530273,23.959999084472656,38761,0.0,0.0
2023-02-01 15:30:00-05:00,23.959999084472656,24.020000457763672,23.899999618530273,23.90999984741211,117820,0.0,0.0
2023-02-02 09:30:00-05:00,24.0,24.030000686645508,23.950000762939453,24.020000457763672,0,0.0,0.0
2023-02-02 10:30:00-05:00,24.020000457763672,24.030000686645508,24.020000457763672,24.020000457763672,8805,0.0,0.0
2023-02-02 11:30:00-05:00,24.014999389648438,24.020000457763672,24.0,24.020000457763672,7622,0.0,0.0
2023-02-02 12:30:00-05:00,24.020000457763672,24.020000457763672,24.014999389648438,24.020000457763672,820,0.0,0.0
2023-02-02 13:30:00-05:00,24.014999389648438,24.014999389648438,23.96540069580078,23.96540069580078,17615,0.0,0.0
2023-02-02 14:30:00-05:00,23.97100067138672,23.979999542236328,23.920000076293945,23.920000076293945,7449,0.0,0.0
2023-02-02 15:30:00-05:00,23.979999542236328,24.010000228881836,23.959999084472656,24.0,10165,0.0,0.0
2023-02-03 09:30:00-05:00,23.920000076293945,23.920000076293945,23.850000381469727,23.8799991607666,16267,0.0,0.0
2023-02-03 10:30:00-05:00,23.8799991607666,23.899999618530273,23.84819984436035,23.8700008392334,12393,0.0,0.0
2023-02-03 11:30:00-05:00,23.850000381469727,23.899999618530273,23.84000015258789,23.899999618530273,6174,0.0,0.0
2023-02-03 12:30:00-05:00,23.860000610351562,23.8799991607666,23.799999237060547,23.848899841308594,12984,0.0,0.0
2023-02-03 13:30:00-05:00,23.75,23.81999969482422,23.700000762939453,23.719999313354492,6696,0.0,0.0
2023-02-03 14:30:00-05:00,23.719999313354492,23.75,23.670000076293945,23.68000030517578,5609,0.0,0.0
2023-02-03 15:30:00-05:00,23.704999923706055,23.81999969482422,23.620500564575195,23.809999465942383,9957,0.0,0.0
2023-02-06 09:30:00-05:00,23.68000030517578,23.68000030517578,23.510000228881836,23.530000686645508,0,0.0,0.0
2023-02-06 10:30:00-05:00,23.549999237060547,23.610000610351562,23.540800094604492,23.610000610351562,6959,0.0,0.0
2023-02-06 11:30:00-05:00,23.628000259399414,23.639999389648438,23.610000610351562,23.63909912109375,2163,0.0,0.0
2023-02-06 12:30:00-05:00,23.639999389648438,23.639999389648438,23.621999740600586,23.623899459838867,684,0.0,0.0
2023-02-06 13:30:00-05:00,23.610000610351562,23.638399124145508,23.579999923706055,23.628700256347656,7816,0.0,0.0
2023-02-06 14:30:00-05:00,23.579999923706055,23.62820053100586,23.561800003051758,23.600000381469727,4887,0.0,0.0
2023-02-06 15:30:00-05:00,23.601299285888672,23.6200008392334,23.560100555419922,23.6200008392334,3952,0.0,0.0
2023-02-07 09:30:00-05:00,23.600000381469727,23.610000610351562,23.470199584960938,23.56999969482422,0,0.0,0.0
2023-02-07 10:30:00-05:00,23.558799743652344,23.610000610351562,23.558799743652344,23.610000610351562,808,0.0,0.0
2023-02-07 11:30:00-05:00,23.610000610351562,23.649999618530273,23.5762996673584,23.579999923706055,5475,0.0,0.0
2023-02-07 12:30:00-05:00,23.579999923706055,23.649999618530273,23.510000228881836,23.510000228881836,5748,0.0,0.0
2023-02-07 13:30:00-05:00,23.5,23.5,23.400400161743164,23.469999313354492,8094,0.0,0.0
2023-02-07 14:30:00-05:00,23.447999954223633,23.520000457763672,23.447999954223633,23.520000457763672,2136,0.0,0.0
2023-02-07 15:30:00-05:00,23.48040008544922,23.510000228881836,23.48040008544922,23.5,3121,0.0,0.0
2023-02-08 09:30:00-05:00,23.559999465942383,23.59000015258789,23.510000228881836,23.58180046081543,0,0.0,0.0
2023-02-08 10:30:00-05:00,23.559999465942383,23.58989906311035,23.450000762939453,23.450000762939453,4129,0.0,0.0
2023-02-08 11:30:00-05:00,23.450000762939453,23.510000228881836,23.440000534057617,23.510000228881836,6745,0.0,0.0
2023-02-08 12:30:00-05:00,23.499500274658203,23.549999237060547,23.496299743652344,23.53499984741211,11743,0.0,0.0
2023-02-08 13:30:00-05:00,23.53499984741211,23.553600311279297,23.5,23.50079917907715,5843,0.0,0.0
2023-02-08 14:30:00-05:00,23.540000915527344,23.57990074157715,23.5,23.53499984741211,6021,0.0,0.0
2023-02-08 15:30:00-05:00,23.549999237060547,23.56999969482422,23.549999237060547,23.56999969482422,3504,0.0,0.0
2023-02-09 09:30:00-05:00,23.649999618530273,23.712900161743164,23.600000381469727,23.6299991607666,8114,0.0,0.0
2023-02-09 10:30:00-05:00,23.690000534057617,23.699899673461914,23.549999237060547,23.549999237060547,7292,0.0,0.0
2023-02-09 11:30:00-05:00,23.655000686645508,23.69219970703125,23.655000686645508,23.69219970703125,1804,0.0,0.0
2023-02-09 12:30:00-05:00,23.639999389648438,23.639999389648438,23.600000381469727,23.604999542236328,63690,0.0,0.0
2023-02-09 13:30:00-05:00,23.58009910583496,23.585100173950195,23.520000457763672,23.524999618530273,5000,0.0,0.0
2023-02-09 14:30:00-05:00,23.479999542236328,23.579999923706055,23.399999618530273,23.399999618530273,36736,0.0,0.0
2023-02-09 15:30:00-05:00,23.420000076293945,23.510000228881836,23.417800903320312,23.510000228881836,7421,0.0,0.0
2023-02-10 09:30:00-05:00,23.520000457763672,23.520000457763672,23.399999618530273,23.46500015258789,9616,0.0,0.0
2023-02-10 10:30:00-05:00,23.469999313354492,23.489999771118164,23.459999084472656,23.475000381469727,2619,0.0,0.0
2023-02-10 11:30:00-05:00,23.50279998779297,23.50279998779297,23.468700408935547,23.468700408935547,4761,0.0,0.0
2023-02-10 12:30:00-05:00,23.45800018310547,23.469999313354492,23.444799423217773,23.469999313354492,4558,0.0,0.0
2023-02-10 13:30:00-05:00,23.464799880981445,23.469999313354492,23.422300338745117,23.424999237060547,7479,0.0,0.0
2023-02-10 14:30:00-05:00,23.415000915527344,23.450000762939453,23.415000915527344,23.43000030517578,4290,0.0,0.0
2023-02-10 15:30:00-05:00,23.469999313354492,23.469999313354492,23.40999984741211,23.450000762939453,555,0.0,0.0
2023-02-13 09:30:00-05:00,23.479999542236328,23.489999771118164,23.450000762939453,23.489999771118164,0,0.0,0.0
2023-02-13 10:30:00-05:00,23.489999771118164,23.489999771118164,23.450000762939453,23.450000762939453,9252,0.0,0.0
2023-02-13 11:30:00-05:00,23.450000762939453,23.469999313354492,23.450000762939453,23.450000762939453,2376,0.0,0.0
2023-02-13 12:30:00-05:00,23.452499389648438,23.49799919128418,23.4419002532959,23.479999542236328,10104,0.0,0.0
2023-02-13 13:30:00-05:00,23.5,23.5,23.399999618530273,23.460599899291992,13407,0.0,0.0
2023-02-13 14:30:00-05:00,23.420000076293945,23.472999572753906,23.40999984741211,23.420000076293945,12431,0.0,0.0
2023-02-13 15:30:00-05:00,23.420000076293945,23.510000228881836,23.420000076293945,23.459999084472656,4997,0.0,0.0
2023-02-14 09:30:00-05:00,23.5,23.579999923706055,23.460100173950195,23.579999923706055,19954,0.0,0.0
2023-02-14 10:30:00-05:00,23.540000915527344,23.569900512695312,23.15999984741211,23.229999542236328,91976,0.0,0.0
2023-02-14 11:30:00-05:00,23.200000762939453,23.279399871826172,23.170000076293945,23.279399871826172,8267,0.0,0.0
2023-02-14 12:30:00-05:00,23.260000228881836,23.299999237060547,23.219999313354492,23.299999237060547,3709,0.0,0.0
2023-02-14 13:30:00-05:00,23.299999237060547,23.309999465942383,23.239999771118164,23.280000686645508,7987,0.0,0.0
2023-02-14 14:30:00-05:00,23.280000686645508,23.309999465942383,23.229999542236328,23.28499984741211,13962,0.0,0.0
2023-02-14 15:30:00-05:00,23.299999237060547,23.350000381469727,23.292499542236328,23.350000381469727,6349,0.0,0.0
2023-02-15 09:30:00-05:00,23.350000381469727,23.3799991607666,23.338499069213867,23.349899291992188,0,0.0,0.0
2023-02-15 10:30:00-05:00,23.364999771118164,23.364999771118164,23.300100326538086,23.350000381469727,4776,0.0,0.0
2023-02-15 11:30:00-05:00,23.330799102783203,23.36989974975586,23.325000762939453,23.360000610351562,5349,0.0,0.0
2023-02-15 12:30:00-05:00,23.36989974975586,23.36989974975586,23.325000762939453,23.325000762939453,6541,0.0,0.0
2023-02-15 13:30:00-05:00,23.325000762939453,23.325000762939453,23.270000457763672,23.28569984436035,8233,0.0,0.0
2023-02-15 14:30:00-05:00,23.339500427246094,23.339500427246094,23.25,23.291000366210938,8847,0.0,0.0
2023-02-15 15:30:00-05:00,23.260099411010742,23.299999237060547,23.260099411010742,23.290000915527344,3279,0.0,0.0
2023-02-16 09:30:00-05:00,23.25,23.280000686645508,23.149999618530273,23.200000762939453,0,0.0,0.0
2023-02-16 10:30:00-05:00,23.200000762939453,23.25200080871582,23.170000076293945,23.25,22384,0.0,0.0
2023-02-16 11:30:00-05:00,23.19260025024414,23.239999771118164,23.19260025024414,23.239999771118164,4117,0.0,0.0
2023-02-16 12:30:00-05:00,23.219999313354492,23.34000015258789,23.190099716186523,23.190099716186523,9229,0.0,0.0
2023-02-16 13:30:00-05:00,23.204099655151367,23.229999542236328,23.200000762939453,23.22960090637207,4491,0.0,0.0
2023-02-16 14:30:00-05:00,23.229900360107422,23.229900360107422,23.139999389648438,23.139999389648438,17329,0.0,0.0
2023-02-16 15:30:00-05:00,23.15999984741211,23.18000030517578,23.110000610351562,23.1200008392334,4621,0.0,0.0
2023-02-17 09:30:00-05:00,23.079999923706055,23.190000534057617,23.05739974975586,23.190000534057617,0,0.0,0.0
2023-02-17 10:30:00-05:00,23.209999084472656,23.209999084472656,23.1200008392334,23.1200008392334,7495,0.0,0.0
2023-02-17 11:30:00-05:00,23.1299991607666,23.200000762939453,23.1200008392334,23.176599502563477,16812,0.0,0.0
2023-02-17 12:30:00-05:00,23.229999542236328,23.229999542236328,23.151199340820312,23.17840003967285,7101,0.0,0.0
2023-02-17 13:30:00-05:00,23.18000030517578,23.19230079650879,23.172700881958008,23.190000534057617,6494,0.0,0.0
2023-02-17 14:30:00-05:00,23.200000762939453,23.25,23.190000534057617,23.245500564575195,10558,0.0,0.0
2023-02-17 15:30:00-05:00,23.25,23.270000457763672,23.24679946899414,23.25,5913,0.0,0.0
2023-02-21 09:30:00-05:00,23.139999389648438,23.209999084472656,23.049999237060547,23.135000228881836,0,0.0,0.0
2023-02-21 10:30:00-05:00,23.1299991607666,23.18000030517578,23.079099655151367,23.1200008392334,10223,0.0,0.0
2023-02-21 11:30:00-05:00,23.110000610351562,23.12980079650879,23.049999237060547,23.049999237060547,10606,0.0,0.0
2023-02-21 12:30:00-05:00,23.049999237060547,23.079999923706055,23.040000915527344,23.040000915527344,2506,0.0,0.0
2023-02-21 13:30:00-05:00,23.020000457763672,23.040000915527344,23.010000228881836,23.038000106811523,9260,0.0,0.0
2023-02-21 14:30:00-05:00,23.040000915527344,23.040000915527344,22.809999465942383,22.832300186157227,12869,0.0,0.0
2023-02-21 15:30:00-05:00,22.84149932861328,22.863800048828125,22.799999237060547,22.81999969482422,6078,0.0,0.0
2023-02-22 09:30:00-05:00,22.760000228881836,22.969999313354492,22.760000228881836,22.920000076293945,17178,0.0,0.0
2023-02-22 10:30:00-05:00,22.950000762939453,22.959999084472656,22.93000030517578,22.94409942626953,1807,0.0,0.0
2023-02-22 11:30:00-05:00,22.959999084472656,23.014999389648438,22.95009994506836,23.014999389648438,2635,0.0,0.0
2023-02-22 12:30:00-05:00,23.01449966430664,23.079999923706055,22.996000289916992,23.079999923706055,3316,0.0,0.0
2023-02-22 13:30:00-05:00,23.085399627685547,23.12779998779297,23.060100555419922,23.06999969482422,4395,0.0,0.0
2023-02-22 14:30:00-05:00,23.06999969482422,23.100000381469727,23.06999969482422,23.100000381469727,2485,0.0,0.0
2023-02-22 15:30:00-05:00,23.100000381469727,23.170000076293945,23.020000457763672,23.15999984741211,6867,0.0,0.0
2023-02-23 09:30:00-05:00,23.209999084472656,23.290000915527344,23.149999618530273,23.290000915527344,0,0.0,0.0
2023-02-23 10:30:00-05:00,23.30190086364746,23.30190086364746,23.217300415039062,23.24690055847168,3365,0.0,0.0
2023-02-23 11:30:00-05:00,23.260000228881836,23.260000228881836,23.209999084472656,23.25,2580,0.0,0.0
2023-02-23 12:30:00-05:00,23.25,23.290000915527344,23.25,23.25,4566,0.0,0.0
2023-02-23 13:30:00-05:00,23.290000915527344,23.3700008392334,23.260099411010742,23.3700008392334,5047,0.0,0.0
2023-02-23 14:30:00-05:00,23.350000381469727,23.420000076293945,23.3302001953125,23.420000076293945,6930,0.0,0.0
2023-02-23 15:30:00-05:00,23.40999984741211,23.459999084472656,23.3799991607666,23.450000762939453,3151,0.0,0.0
2023-02-24 09:30:00-05:00,23.309999465942383,23.375,23.18000030517578,23.290000915527344,6101,0.0,0.0
2023-02-24 10:30:00-05:00,23.3700008392334,23.385000228881836,23.253999710083008,23.385000228881836,6809,0.0,0.0
2023-02-24 11:30:00-05:00,23.375,23.43000030517578,23.375,23.420000076293945,5011,0.0,0.0
2023-02-24 12:30:00-05:00,23.40999984741211,23.40999984741211,23.350000381469727,23.3799991607666,2886,0.0,0.0
2023-02-24 13:30:00-05:00,23.3799991607666,23.3799991607666,23.366600036621094,23.3799991607666,1333,0.0,0.0
2023-02-24 14:30:00-05:00,23.3799991607666,23.40999984741211,23.31999969482422,23.40999984741211,8346,0.0,0.0
2023-02-24 15:30:00-05:00,23.350099563598633,23.405000686645508,23.350000381469727,23.399999618530273,9057,0.0,0.0
2023-02-27 09:30:00-05:00,23.440000534057617,23.540000915527344,23.43000030517578,23.530000686645508,0,0.0,0.0
2023-02-27 10:30:00-05:00,23.479999542236328,23.520000457763672,23.399999618530273,23.399999618530273,8922,0.0,0.0
2023-02-27 11:30:00-05:00,23.452800750732422,23.5,23.40999984741211,23.4424991607666,7284,0.0,0.0
2023-02-27 12:30:00-05:00,23.4424991607666,23.5,23.4424991607666,23.5,4021,0.0,0.0
2023-02-27 13:30:00-05:00,23.483800888061523,23.540000915527344,23.479999542236328,23.480100631713867,7292,0.0,0.0
2023-02-27 14:30:00-05:00,23.530000686645508,23.540000915527344,23.479999542236328,23.5,2866,0.0,0.0
2023-02-27 15:30:00-05:00,23.5,23.559999465942383,23.5,23.559999465942383,3818,0.0,0.0
2023-02-28 09:30:00-05:00,23.530000686645508,23.530000686645508,23.350099563598633,23.399999618530273,0,0.0,0.0
2023-02-28 10:30:00-05:00,23.399999618530273,23.459999084472656,23.399999618530273,23.452999114990234,2989,0.0,0.0
2023-02-28 11:30:00-05:00,23.479999542236328,23.499900817871094,23.43000030517578,23.499900817871094,10304,0.0,0.0
2023-02-28 12:30:00-05:00,23.450000762939453,23.459999084472656,23.399999618530273,23.450000762939453,16950,0.0,0.0
2023-02-28 13:30:00-05:00,23.5,23.5,23.459999084472656,23.489999771118164,3018,0.0,0.0
2023-02-28 14:30:00-05:00,23.459999084472656,23.579999923706055,23.440000534057617,23.450000762939453,12233,0.0,0.0
2023-02-28 15:30:00-05:00,23.53499984741211,23.579999923706055,23.450000762939453,23.5,17674,0.0,0.0
2023-03-01 09:30:00-05:00,23.40999984741211,23.450000762939453,23.350000381469727,23.350000381469727,0,0.0,0.0
2023-03-01 10:30:00-05:00,23.365400314331055,23.43000030517578,23.300100326538086,23.300100326538086,8702,0.0,0.0
2023-03-01 11:30:00-05:00,23.31999969482422,23.360000610351562,23.297000885009766,23.350000381469727,3431,0.0,0.0
2023-03-01 12:30:00-05:00,23.360000610351562,23.375,23.34000015258789,23.34000015258789,6312,0.0,0.0
2023-03-01 13:30:00-05:00,23.360000610351562,23.364999771118164,23.34000015258789,23.3523006439209,2299,0.0,0.0
2023-03-01 14:30:00-05:00,23.344999313354492,23.3799991607666,23.329999923706055,23.350000381469727,5001,0.0,0.0
2023-03-01 15:30:00-05:00,23.34000015258789,23.3799991607666,23.31999969482422,23.31999969482422,1719,0.0,0.0
2023-03-02 09:30:00-05:00,23.219999313354492,23.25,23.1200008392334,23.1200008392334,0,0.0,0.0
2023-03-02 10:30:00-05:00,23.149999618530273,23.15999984741211,23.09000015258789,23.100000381469727,9363,0.0,0.0
2023-03-02 11:30:00-05:00,23.1200008392334,23.15999984741211,23.020000457763672,23.020000457763672,7338,0.0,0.0
2023-03-02 12:30:00-05:00,23.05500030517578,23.18000030517578,23.020000457763672,23.15999984741211,7462,0.0,0.0
2023-03-02 13:30:00-05:00,23.145299911499023,23.3700008392334,23.145299911499023,23.350000381469727,28466,0.0,0.0
2023-03-02 14:30:00-05:00,23.350000381469727,23.350000381469727,23.20009994506836,23.27050018310547,13159,0.0,0.0
2023-03-02 15:30:00-05:00,23.31999969482422,23.350000381469727,23.260000228881836,23.260000228881836,12526,0.0,0.0
2023-03-03 09:30:00-05:00,23.3799991607666,23.479999542236328,23.350000381469727,23.399999618530273,0,0.0,0.0
2023-03-03 10:30:00-05:00,23.387500762939453,23.394500732421875,23.309999465942383,23.3799991607666,20707,0.0,0.0
2023-03-03 11:30:00-05:00,23.340099334716797,23.3799991607666,23.31999969482422,23.3700008392334,11709,0.0,0.0
2023-03-03 12:30:00-05:00,23.3700008392334,23.3700008392334,23.329999923706055,23.329999923706055,7236,0.0,0.0
2023-03-03 13:30:00-05:00,23.36989974975586,23.3700008392334,23.33839988708496,23.350000381469727,8550,0.0,0.0
2023-03-03 14:30:00-05:00,23.350000381469727,23.350000381469727,23.329999923706055,23.34760093688965,7681,0.0,0.0
2023-03-03 15:30:00-05:00,23.34000015258789,23.34000015258789,23.290000915527344,23.299999237060547,20868,0.0,0.0
2023-03-06 09:30:00-05:00,23.399999618530273,23.41900062561035,23.345199584960938,23.381200790405273,0,0.0,0.0
2023-03-06 10:30:00-05:00,23.367799758911133,23.417499542236328,23.36009979248047,23.40999984741211,5233,0.0,0.0
2023-03-06 11:30:00-05:00,23.3700008392334,23.399999618530273,23.3700008392334,23.374900817871094,2329,0.0,0.0
2023-03-06 12:30:00-05:00,23.389999389648438,23.40999984741211,23.389999389648438,23.40999984741211,3048,0.0,0.0
2023-03-06 13:30:00-05:00,23.389999389648438,23.399999618530273,23.36520004272461,23.3799991607666,7438,0.0,0.0
2023-03-06 14:30:00-05:00,23.389999389648438,23.399999618530273,23.3700008392334,23.3700008392334,8145,0.0,0.0
2023-03-06 15:30:00-05:00,23.350000381469727,23.350000381469727,23.330400466918945,23.350000381469727,2674,0.0,0.0
2023-03-07 09:30:00-05:00,23.360000610351562,23.399999618530273,23.260000228881836,23.280000686645508,0,0.0,0.0
2023-03-07 10:30:00-05:00,23.350000381469727,23.350000381469727,23.23200035095215,23.309999465942383,3716,0.0,0.0
2023-03-07 11:30:00-05:00,23.299999237060547,23.31999969482422,23.25,23.31999969482422,4260,0.0,0.0
2023-03-07 12:30:00-05:00,23.293699264526367,23.329999923706055,23.219999313354492,23.239999771118164,9209,0.0,0.0
2023-03-07 13:30:00-05:00,23.25,23.270000457763672,23.239999771118164,23.25,3424,0.0,0.0
2023-03-07 14:30:00-05:00,23.25,23.260000228881836,23.229999542236328,23.25,1966,0.0,0.0
2023-03-07 15:30:00-05:00,23.267799377441406,23.270000457763672,23.239999771118164,23.2549991607666,7441,0.0,0.0
2023-03-08 09:30:00-05:00,23.239999771118164,23.280000686645508,23.170000076293945,23.170000076293945,0,0.0,0.0
2023-03-08 10:30:00-05:00,23.219999313354492,23.280000686645508,23.219999313354492,23.25,6146,0.0,0.0
2023-03-08 11:30:00-05:00,23.260000228881836,23.260000228881836,23.229999542236328,23.2450008392334,1368,0.0,0.0
2023-03-08 12:30:00-05:00,23.239999771118164,23.25,23.209999084472656,23.219999313354492,2475,0.0,0.0
2023-03-08 13:30:00-05:00,23.219999313354492,23.22800064086914,23.190000534057617,23.19729995727539,8646,0.0,0.0
2023-03-08 14:30:00-05:00,23.219900131225586,23.225900650024414,23.170000076293945,23.17060089111328,5872,0.0,0.0
2023-03-08 15:30:00-05:00,23.190000534057617,23.219999313354492,23.15999984741211,23.219999313354492,3817,0.0,0.0
2023-03-09 09:30:00-05:00,23.170000076293945,23.281099319458008,23.168399810791016,23.247600555419922,0,0.0,0.0
2023-03-09 10:30:00-05:00,23.21310043334961,23.21310043334961,23.059999465942383,23.075000762939453,5009,0.0,0.0
2023-03-09 11:30:00-05:00,23.09000015258789,23.149999618530273,23.020000457763672,23.020000457763672,9002,0.0,0.0
2023-03-09 12:30:00-05:00,23.08839988708496,23.08839988708496,23.010000228881836,23.010000228881836,3178,0.0,0.0
2023-03-09 13:30:00-05:00,23.029199600219727,23.029199600219727,22.93000030517578,23.0,7071,0.0,0.0
2023-03-09 14:30:00-05:00,23.01759910583496,23.01759910583496,22.799999237060547,22.83139991760254,15123,0.0,0.0
2023-03-09 15:30:00-05:00,22.829999923706055,22.86829948425293,22.81999969482422,22.829999923706055,0,0.0,0.0
2023-03-10 09:30:00-05:00,22.799999237060547,22.81999969482422,22.6200008392334,22.70669937133789,15514,0.0,0.0
2023-03-10 10:30:00-05:00,22.774999618530273,23.049999237060547,22.76740074157715,22.969999313354492,9888,0.0,0.0
2023-03-10 11:30:00-05:00,22.969999313354492,23.100000381469727,22.86989974975586,22.8700008392334,8406,0.0,0.0
2023-03-10 12:30:00-05:00,22.8799991607666,23.040000915527344,22.84000015258789,22.84000015258789,6237,0.0,0.0
2023-03-10 13:30:00-05:00,22.829999923706055,22.864999771118164,22.75,22.864999771118164,4425,0.0,0.0
2023-03-10 14:30:00-05:00,22.81999969482422,22.851900100708008,22.719999313354492,22.779499053955078,5545,0.0,0.0
2023-03-10 15:30:00-05:00,22.850000381469727,22.957500457763672,22.709999084472656,22.709999084472656,6477,0.0,0.0
2023-03-13 09:30:00-04:00,22.56999969482422,22.56999969482422,22.260900497436523,22.350000381469727,62481,0.0,0.0
2023-03-13 10:30:00-04:00,22.350000381469727,22.469999313354492,22.219999313354492,22.469999313354492,36902,0.0,0.0
2023-03-13 11:30:00-04:00,22.459999084472656,22.5,22.43600082397461,22.454999923706055,17540,0.0,0.0
2023-03-13 12:30:00-04:00,22.40999984741211,22.489999771118164,22.299999237060547,22.30500030517578,10389,0.0,0.0
2023-03-13 13:30:00-04:00,22.34000015258789,22.450000762939453,22.270000457763672,22.389999389648438,8260,0.0,0.0
2023-03-13 14:30:00-04:00,22.420000076293945,22.420000076293945,22.219999313354492,22.30229949951172,13408,0.0,0.0
2023-03-13 15:30:00-04:00,22.38990020751953,22.479999542236328,22.329999923706055,22.368200302124023,66219,0.0,0.0
2023-03-14 09:30:00-04:00,22.600000381469727,22.770000457763672,22.599199295043945,22.75,0,0.0,0.0
2023-03-14 10:30:00-04:00,22.719999313354492,22.78499984741211,22.70009994506836,22.739999771118164,19124,0.0,0.0
2023-03-14 11:30:00-04:00,22.7450008392334,22.780000686645508,22.710100173950195,22.710100173950195,3167,0.0,0.0
2023-03-14 12:30:00-04:00,22.709999084472656,22.71500015258789,22.5,22.5,19459,0.0,0.0
2023-03-14 13:30:00-04:00,22.53380012512207,22.575000762939453,22.5,22.500099182128906,3962,0.0,0.0
2023-03-14 14:30:00-04:00,22.565000534057617,22.565000534057617,22.5,22.559999465942383,8416,0.0,0.0
2023-03-14 15:30:00-04:00,22.575000762939453,22.579999923706055,22.54010009765625,22.5762996673584,9069,0.0,0.0
2023-03-15 09:30:00-04:00,22.170000076293945,22.467199325561523,22.170000076293945,22.399999618530273,34007,0.0,0.0
2023-03-15 10:30:00-04:00,22.440000534057617,22.479999542236328,22.402099609375,22.479999542236328,7785,0.0,0.0
2023-03-15 11:30:00-04:00,22.479999542236328,22.479999542236328,22.399999618530273,22.399999618530273,6654,0.0,0.0
2023-03-15 12:30:00-04:00,22.399999618530273,22.399999618530273,22.309999465942383,22.316099166870117,5155,0.0,0.0
2023-03-15 13:30:00-04:00,22.309999465942383,22.334999084472656,22.280000686645508,22.280000686645508,3703,0.0,0.0
2023-03-15 14:30:00-04:00,22.282699584960938,22.46500015258789,22.282699584960938,22.46500015258789,4339,0.0,0.0
2023-03-15 15:30:00-04:00,22.46500015258789,22.530000686645508,22.440000534057617,22.5,3918,0.0,0.0
2023-03-16 09:30:00-04:00,22.5,22.510000228881836,22.3700008392334,22.5,6952,0.0,0.0
2023-03-16 10:30:00-04:00,22.5,22.874300003051758,22.5,22.84000015258789,12049,0.0,0.0
2023-03-16 11:30:00-04:00,22.84000015258789,22.927900314331055,22.807199478149414,22.927900314331055,6245,0.0,0.0
2023-03-16 12:30:00-04:00,22.915000915527344,23.114999771118164,22.899999618530273,23.090099334716797,3732,0.0,0.0
2023-03-16 13:30:00-04:00,23.190000534057617,23.204999923706055,23.03700065612793,23.06999969482422,16169,0.0,0.0
2023-03-16 14:30:00-04:00,22.930299758911133,23.31999969482422,22.930299758911133,23.31999969482422,9836,0.0,0.0
2023-03-16 15:30:00-04:00,23.34000015258789,23.43000030517578,23.309999465942383,23.420000076293945,16689,0.0,0.0
2023-03-17 09:30:00-04:00,23.31999969482422,23.38990020751953,23.144800186157227,23.161800384521484,0,0.0,0.0
2023-03-17 10:30:00-04:00,23.219999313354492,23.3799991607666,23.170000076293945,23.360000610351562,4972,0.0,0.0
2023-03-17 11:30:00-04:00,23.31999969482422,23.360000610351562,23.290000915527344,23.360000610351562,4789,0.0,0.0
2023-03-17 12:30:00-04:00,23.319799423217773,23.360000610351562,23.307899475097656,23.357799530029297,2447,0.0,0.0
2023-03-17 13:30:00-04:00,23.350000381469727,23.350000381469727,23.010000228881836,23.059999465942383,7986,0.0,0.0
2023-03-17 14:30:00-04:00,23.110000610351562,23.209999084472656,23.110000610351562,23.200000762939453,5858,0.0,0.0
2023-03-17 15:30:00-04:00,23.200000762939453,23.31399917602539,23.1299991607666,23.1299991607666,16727,0.0,0.0
2023-03-20 09:30:00-04:00,23.200000762939453,23.200000762939453,22.93000030517578,22.93000030517578,0,0.0,0.0
2023-03-20 10:30:00-04:00,22.989999771118164,23.219999313354492,22.989999771118164,23.100000381469727,18256,0.0,0.0
2023-03-20 11:30:00-04:00,23.100000381469727,23.100000381469727,22.93000030517578,22.97949981689453,7308,0.0,0.0
2023-03-20 12:30:00-04:00,22.959999084472656,23.030000686645508,22.959999084472656,22.989999771118164,2566,0.0,0.0
2023-03-20 13:30:00-04:00,23.02989959716797,23.02989959716797,22.93000030517578,22.969900131225586,7082,0.0,0.0
2023-03-20 14:30:00-04:00,22.93000030517578,22.959999084472656,22.559999465942383,22.75,24137,0.0,0.0
2023-03-20 15:30:00-04:00,22.838499069213867,22.850000381469727,22.75,22.850000381469727,6846,0.0,0.0
2023-03-21 09:30:00-04:00,22.899999618530273,22.920000076293945,22.8700008392334,22.920000076293945,0,0.0,0.0
2023-03-21 10:30:00-04:00,22.899999618530273,22.989999771118164,22.850000381469727,22.90999984741211,12679,0.0,0.0
2023-03-21 11:30:00-04:00,22.90999984741211,22.961999893188477,22.850000381469727,22.850000381469727,3848,0.0,0.0
2023-03-21 12:30:00-04:00,22.940000534057617,22.940000534057617,22.850000381469727,22.850000381469727,4422,0.0,0.0
2023-03-21 13:30:00-04:00,22.887399673461914,22.969999313354492,22.887399673461914,22.959999084472656,5187,0.0,0.0
2023-03-21 14:30:00-04:00,22.905000686645508,22.959999084472656,22.800199508666992,22.84000015258789,5762,0.0,0.0
2023-03-21 15:30:00-04:00,22.799999237060547,22.899999618530273,22.799999237060547,22.8700008392334,6527,0.0,0.0
2023-03-22 09:30:00-04:00,22.780000686645508,22.915000915527344,22.780000686645508,22.899999618530273,0,0.0,0.0
2023-03-22 10:30:00-04:00,22.950000762939453,22.979900360107422,22.884000778198242,22.915000915527344,4966,0.0,0.0
2023-03-22 11:30:00-04:00,22.8799991607666,22.90999984741211,22.8700008392334,22.899999618530273,2518,0.0,0.0
2023-03-22 12:30:00-04:00,22.8700008392334,22.899999618530273,22.8700008392334,22.885000228881836,24041,0.0,0.0
2023-03-22 13:30:00-04:00,22.889999389648438,22.91189956665039,22.870100021362305,22.899999618530273,8316,0.0,0.0
2023-03-22 14:30:00-04:00,22.899999618530273,22.979999542236328,22.799999237060547,22.93000030517578,25137,0.0,0.0
2023-03-22 15:30:00-04:00,22.93000030517578,22.93000030517578,22.850000381469727,22.850000381469727,3553,0.0,0.0
2023-03-23 09:30:00-04:00,22.850000381469727,23.0,22.850000381469727,22.962200164794922,7562,0.0,0.0
2023-03-23 10:30:00-04:00,22.90999984741211,22.969999313354492,22.90999984741211,22.944299697875977,10347,0.0,0.0
2023-03-23 11:30:00-04:00,22.94499969482422,22.964099884033203,22.850000381469727,22.880599975585938,13706,0.0,0.0
2023-03-23 12:30:00-04:00,22.8799991607666,22.899999618530273,22.81999969482422,22.8799991607666,12034,0.0,0.0
2023-03-23 13:30:00-04:00,22.8799991607666,22.8799991607666,22.729999542236328,22.790000915527344,1061835,0.0,0.0
2023-03-23 14:30:00-04:00,22.860000610351562,22.889999389648438,22.770000457763672,22.81999969482422,68959,0.0,0.0
2023-03-23 15:30:00-04:00,22.815000534057617,22.829999923706055,22.760000228881836,22.789899826049805,5836,0.0,0.0
2023-03-24 09:30:00-04:00,22.770000457763672,22.770000457763672,22.649999618530273,22.770000457763672,0,0.0,0.0
2023-03-24 10:30:00-04:00,22.75,22.770000457763672,22.7007999420166,22.753999710083008,33541,0.0,0.0
2023-03-24 11:30:00-04:00,22.75,22.7549991607666,22.67449951171875,22.709999084472656,13664,0.0,0.0
2023-03-24 12:30:00-04:00,22.709999084472656,22.739900588989258,22.65999984741211,22.700000762939453,17384,0.0,0.0
2023-03-24 13:30:00-04:00,22.725000381469727,22.75,22.66010093688965,22.66010093688965,29373,0.0,0.0
2023-03-24 14:30:00-04:00,22.704999923706055,22.735000610351562,22.677900314331055,22.735000610351562,10084,0.0,0.0
2023-03-24 15:30:00-04:00,22.735000610351562,22.739999771118164,22.700000762939453,22.729999542236328,28449,0.0,0.0
2023-03-27 09:30:00-04:00,22.8799991607666,22.97330093383789,22.799999237060547,22.895000457763672,0,0.0,0.0
2023-03-27 10:30:00-04:00,22.860000610351562,22.895000457763672,22.860000610351562,22.877500534057617,21289,0.0,0.0
2023-03-27 11:30:00-04:00,22.87420082092285,22.889999389648438,22.860000610351562,22.860000610351562,6448,0.0,0.0
2023-03-27 12:30:00-04:00,22.875,22.8799991607666,22.860000610351562,22.860000610351562,6590,0.0,0.0
2023-03-27 13:30:00-04:00,22.850000381469727,22.850000381469727,22.774999618530273,22.8174991607666,355471,0.0,0.0
2023-03-27 14:30:00-04:00,22.780000686645508,22.8700008392334,22.780000686645508,22.8700008392334,20774,0.0,0.0
2023-03-27 15:30:00-04:00,22.829999923706055,22.829999923706055,22.780000686645508,22.786100387573242,15089,0.0,0.0
2023-03-28 09:30:00-04:00,22.790000915527344,23.0,22.760000228881836,22.8700008392334,0,0.0,0.0
2023-03-28 10:30:00-04:00,22.850000381469727,22.8700008392334,22.809999465942383,22.860000610351562,2937,0.0,0.0
2023-03-28 11:30:00-04:00,22.860000610351562,22.8700008392334,22.81999969482422,22.850000381469727,15536,0.0,0.0
2023-03-28 12:30:00-04:00,22.850000381469727,22.860000610351562,22.81999969482422,22.860000610351562,8935,0.0,0.0
2023-03-28 13:30:00-04:00,22.860000610351562,22.860000610351562,22.81999969482422,22.850000381469727,21137,0.0,0.0
2023-03-28 14:30:00-04:00,22.850000381469727,22.90999984741211,22.838300704956055,22.90999984741211,10848,0.0,0.0
2023-03-28 15:30:00-04:00,22.90999984741211,22.920000076293945,22.850000381469727,22.920000076293945,19582,0.0,0.0
2023-03-29 09:30:00-04:00,22.979999542236328,23.065000534057617,22.920000076293945,22.973100662231445,15540,0.0,0.0
2023-03-29 10:30:00-04:00,23.024999618530273,23.024999618530273,22.920000076293945,22.96500015258789,3054,0.0,0.0
2023-03-29 11:30:00-04:00,22.950000762939453,23.104999542236328,22.940099716186523,23.100000381469727,7728,0.0,0.0
2023-03-29 12:30:00-04:00,23.145000457763672,23.15999984741211,23.050100326538086,23.094999313354492,6962,0.0,0.0
2023-03-29 13:30:00-04:00,23.1200008392334,23.15999984741211,23.1200008392334,23.15999984741211,3547,0.0,0.0
2023-03-29 14:30:00-04:00,23.15999984741211,23.174999237060547,23.139999389648438,23.170000076293945,11888,0.0,0.0
2023-03-29 15:30:00-04:00,23.059999465942383,23.110000610351562,23.059999465942383,23.091999053955078,2595,0.0,0.0
2023-03-30 09:30:00-04:00,23.09000015258789,23.18000030517578,23.06999969482422,23.179899215698242,0,0.0,0.0
2023-03-30 10:30:00-04:00,23.13010025024414,23.167200088500977,23.1299991607666,23.145999908447266,7762,0.0,0.0
2023-03-30 11:30:00-04:00,23.15760040283203,23.15760040283203,23.09000015258789,23.09469985961914,2771,0.0,0.0
2023-03-30 12:30:00-04:00,23.110000610351562,23.190000534057617,23.100500106811523,23.190000534057617,3480,0.0,0.0
2023-03-30 13:30:00-04:00,23.164600372314453,23.172000885009766,23.15999984741211,23.172000885009766,2017,0.0,0.0
2023-03-30 14:30:00-04:00,23.15999984741211,23.290000915527344,23.15999984741211,23.290000915527344,13565,0.0,0.0
2023-03-30 15:30:00-04:00,23.290000915527344,23.399999618530273,23.270000457763672,23.3799991607666,16303,0.0,0.0
2023-03-31 09:30:00-04:00,23.469999313354492,23.483999252319336,23.350000381469727,23.45789909362793,0,0.0,0.0
2023-03-31 10:30:00-04:00,23.44499969482422,23.459999084472656,23.42449951171875,23.440000534057617,7283,0.0,0.0
2023-03-31 11:30:00-04:00,23.469999313354492,23.479999542236328,23.450000762939453,23.450000762939453,4272,0.0,0.0
2023-03-31 12:30:00-04:00,23.448200225830078,23.479999542236328,23.38629913330078,23.38629913330078,17255,0.0,0.0
2023-03-31 13:30:00-04:00,23.405000686645508,23.549999237060547,23.405000686645508,23.479999542236328,14197,0.0,0.0
2023-03-31 14:30:00-04:00,23.469999313354492,23.5,23.420000076293945,23.489999771118164,3580,0.0,0.0
2023-03-31 15:30:00-04:00,23.489999771118164,23.5,23.420000076293945,23.420000076293945,9857,0.0,0.0
2023-04-03 09:30:00-04:00,23.530000686645508,23.6299991607666,23.5,23.6299991607666,6005,0.0,0.0
2023-04-03 10:30:00-04:00,23.6299991607666,23.6299991607666,23.420000076293945,23.43000030517578,7612,0.0,0.0
2023-04-03 11:30:00-04:00,23.48900032043457,23.521900177001953,23.464799880981445,23.521900177001953,1711,0.0,0.0
2023-04-03 12:30:00-04:00,23.479999542236328,23.479999542236328,23.420000076293945,23.44230079650879,5271,0.0,0.0
2023-04-03 13:30:00-04:00,23.450000762939453,23.489999771118164,23.435699462890625,23.489299774169922,6118,0.0,0.0
2023-04-03 14:30:00-04:00,23.489999771118164,23.59239959716797,23.469999313354492,23.520000457763672,15244,0.0,0.0
2023-04-03 15:30:00-04:00,23.540000915527344,23.649999618530273,23.510000228881836,23.649999618530273,9557,0.0,0.0
2023-04-04 09:30:00-04:00,23.670000076293945,23.670000076293945,23.549999237060547,23.575000762939453,0,0.0,0.0
2023-04-04 10:30:00-04:00,23.575000762939453,23.611000061035156,23.5,23.576099395751953,7602,0.0,0.0
2023-04-04 11:30:00-04:00,23.63990020751953,23.63990020751953,23.524099349975586,23.604999542236328,4334,0.0,0.0
2023-04-04 12:30:00-04:00,23.590099334716797,23.633699417114258,23.579999923706055,23.58009910583496,10305,0.0,0.0
2023-04-04 13:30:00-04:00,23.579999923706055,23.6200008392334,23.579999923706055,23.609899520874023,4177,0.0,0.0
2023-04-04 14:30:00-04:00,23.610000610351562,23.6200008392334,23.604999542236328,23.6200008392334,5515,0.0,0.0
2023-04-04 15:30:00-04:00,23.617399215698242,23.68000030517578,23.61639976501465,23.68000030517578,17932,0.0,0.0
2023-04-05 09:30:00-04:00,23.649999618530273,23.691999435424805,23.610000610351562,23.6299991607666,0,0.0,0.0
2023-04-05 10:30:00-04:00,23.610000610351562,23.65999984741211,23.59910011291504,23.639999389648438,8186,0.0,0.0
2023-04-05 11:30:00-04:00,23.645599365234375,23.690000534057617,23.61009979248047,23.649999618530273,20558,0.0,0.0
2023-04-05 12:30:00-04:00,23.679899215698242,23.700000762939453,23.6299991607666,23.68000030517578,7468,0.0,0.0
2023-04-05 13:30:00-04:00,23.686599731445312,23.75,23.680599212646484,23.729999542236328,3561,0.0,0.0
2023-04-05 14:30:00-04:00,23.700000762939453,23.724000930786133,23.65999984741211,23.667200088500977,14864,0.0,0.0
2023-04-05 15:30:00-04:00,23.670000076293945,23.690000534057617,23.6299991607666,23.6299991607666,14724,0.0,0.0
2023-04-06 09:30:00-04:00,23.700000762939453,23.75,23.649999618530273,23.709999084472656,0,0.0,0.0
2023-04-06 10:30:00-04:00,23.704999923706055,23.770000457763672,23.704999923706055,23.770000457763672,4130,0.0,0.0
2023-04-06 11:30:00-04:00,23.770000457763672,23.81999969482422,23.760000228881836,23.81999969482422,14113,0.0,0.0
2023-04-06 12:30:00-04:00,23.780099868774414,23.850000381469727,23.780099868774414,23.81999969482422,4577,0.0,0.0
2023-04-06 13:30:00-04:00,23.829999923706055,23.850000381469727,23.829999923706055,23.850000381469727,2927,0.0,0.0
2023-04-06 14:30:00-04:00,23.829999923706055,23.90999984741211,23.829999923706055,23.890399932861328,17306,0.0,0.0
2023-04-06 15:30:00-04:00,23.895000457763672,23.90999984741211,23.75,23.899999618530273,78700,0.0,0.0
2023-04-10 09:30:00-04:00,23.829999923706055,23.899999618530273,23.81999969482422,23.889999389648438,0,0.0,0.0
2023-04-10 10:30:00-04:00,23.89109992980957,23.899999618530273,23.860000610351562,23.899999618530273,8988,0.0,0.0
2023-04-10 11:30:00-04:00,23.899999618530273,23.96500015258789,23.8799991607666,23.96500015258789,39017,0.0,0.0
2023-04-10 12:30:00-04:00,23.979999542236328,24.0,23.959999084472656,24.0,20728,0.0,0.0
2023-04-10 13:30:00-04:00,24.0,24.040000915527344,23.988300323486328,24.040000915527344,26471,0.0,0.0
2023-04-10 14:30:00-04:00,24.040000915527344,24.06999969482422,23.989999771118164,24.0,19456,0.0,0.0
2023-04-10 15:30:00-04:00,24.030000686645508,24.079999923706055,24.030000686645508,24.049999237060547,0,0.0,0.0
2023-04-11 09:30:00-04:00,24.059999465942383,24.110000610351562,24.005599975585938,24.110000610351562,11144,0.0,0.0
2023-04-11 10:30:00-04:00,24.110000610351562,24.159900665283203,24.100000381469727,24.1299991607666,8337,0.0,0.0
2023-04-11 11:30:00-04:00,24.1299991607666,24.18000030517578,24.110000610351562,24.18000030517578,7282,0.0,0.0
2023-04-11 12:30:00-04:00,24.15999984741211,24.18000030517578,24.155000686645508,24.18000030517578,2446,0.0,0.0
2023-04-11 13:30:00-04:00,24.190000534057617,24.270000457763672,24.190000534057617,24.246200561523438,3965,0.0,0.0
2023-04-11 14:30:00-04:00,24.2549991607666,24.270000457763672,24.100000381469727,24.190000534057617,53564,0.0,0.0
2023-04-11 15:30:00-04:00,24.209999084472656,24.219999313354492,24.149999618530273,24.190000534057617,5020,0.0,0.0
2023-04-12 09:30:00-04:00,24.15999984741211,24.219999313354492,24.149999618530273,24.149999618530273,0,0.0,0.0
2023-04-12 10:30:00-04:00,24.190000534057617,24.190000534057617,24.100000381469727,24.170000076293945,9087,0.0,0.0
2023-04-12 11:30:00-04:00,24.170000076293945,24.229999542236328,24.1200008392334,24.229999542236328,11103,0.0,0.0
2023-04-12 12:30:00-04:00,24.209999084472656,24.25,24.200000762939453,24.25,9295,0.0,0.0
2023-04-12 13:30:00-04:00,24.219999313354492,24.292400360107422,24.209999084472656,24.229999542236328,24204,0.0,0.0
2023-04-12 14:30:00-04:00,24.280000686645508,24.280000686645508,24.170000076293945,24.188899993896484,8232,0.0,0.0
2023-04-12 15:30:00-04:00,24.21649932861328,24.21649932861328,24.170000076293945,24.200000762939453,3359,0.0,0.0
2023-04-13 09:30:00-04:00,23.969999313354492,24.110000610351562,23.889999389648438,24.040000915527344,20000,0.0,0.0
2023-04-13 10:30:00-04:00,24.040000915527344,24.059999465942383,23.969999313354492,24.049999237060547,11397,0.0,0.0
2023-04-13 11:30:00-04:00,24.0044002532959,24.059999465942383,24.00200080871582,24.029300689697266,6396,0.0,0.0
2023-04-13 12:30:00-04:00,24.059999465942383,24.110000610351562,24.0,24.06999969482422,10233,0.0,0.0
2023-04-13 13:30:00-04:00,24.03499984741211,24.094999313354492,24.0,24.09000015258789,15505,0.0,0.0
2023-04-13 14:30:00-04:00,24.100000381469727,24.100000381469727,23.960100173950195,24.079999923706055,2796,0.0,0.0
2023-04-13 15:30:00-04:00,24.030000686645508,24.1299991607666,23.969999313354492,24.079999923706055,6292,0.0,0.0
2023-04-14 09:30:00-04:00,24.0,24.079999923706055,23.969999313354492,24.045000076293945,33376,0.0,0.0
2023-04-14 10:30:00-04:00,24.045000076293945,24.079999923706055,24.0,24.0,12715,0.0,0.0
2023-04-14 11:30:00-04:00,24.014999389648438,24.030000686645508,23.959999084472656,24.030000686645508,21785,0.0,0.0
2023-04-14 12:30:00-04:00,24.059999465942383,24.059999465942383,24.030000686645508,24.030000686645508,7311,0.0,0.0
2023-04-14 13:30:00-04:00,24.030000686645508,24.09000015258789,24.030000686645508,24.06999969482422,14519,0.0,0.0
2023-04-14 14:30:00-04:00,24.09000015258789,24.09000015258789,24.030000686645508,24.030000686645508,7223,0.0,0.0
2023-04-14 15:30:00-04:00,24.049999237060547,24.09000015258789,24.030000686645508,24.09000015258789,9500,0.0,0.0
2023-04-17 09:30:00-04:00,24.049999237060547,24.1200008392334,23.969999313354492,24.079999923706055,28074,0.0,0.0
2023-04-17 10:30:00-04:00,24.079999923706055,24.09000015258789,24.02050018310547,24.059999465942383,8498,0.0,0.0
2023-04-17 11:30:00-04:00,24.018699645996094,24.149999618530273,24.010000228881836,24.100000381469727,18720,0.0,0.0
2023-04-17 12:30:00-04:00,24.100000381469727,24.110000610351562,24.03070068359375,24.110000610351562,2146,0.0,0.0
2023-04-17 13:30:00-04:00,24.052099227905273,24.15999984741211,24.010000228881836,24.149999618530273,17244,0.0,0.0
2023-04-17 14:30:00-04:00,24.1299991607666,24.170000076293945,24.09149932861328,24.170000076293945,3010,0.0,0.0
2023-04-17 15:30:00-04:00,24.170000076293945,24.170000076293945,24.030000686645508,24.030000686645508,12118,0.0,0.0
2023-04-18 09:30:00-04:00,24.100000381469727,24.100000381469727,23.9950008392334,24.09000015258789,0,0.0,0.0
2023-04-18 10:30:00-04:00,24.06999969482422,24.06999969482422,24.0,24.024999618530273,5063,0.0,0.0
2023-04-18 11:30:00-04:00,24.030000686645508,24.060199737548828,24.0,24.016799926757812,4700,0.0,0.0
2023-04-18 12:30:00-04:00,24.000099182128906,24.059999465942383,24.0,24.059999465942383,4021,0.0,0.0
2023-04-18 13:30:00-04:00,24.059999465942383,24.06999969482422,24.030000686645508,24.030000686645508,9565,0.0,0.0
2023-04-18 14:30:00-04:00,24.030000686645508,24.040000915527344,24.0,24.030000686645508,6503,0.0,0.0
2023-04-18 15:30:00-04:00,24.0,24.030000686645508,24.0,24.0,5288,0.0,0.0
2023-04-19 09:30:00-04:00,23.989999771118164,24.0,23.93000030517578,23.969999313354492,0,0.0,0.0
2023-04-19 10:30:00-04:00,23.93000030517578,23.949899673461914,23.920000076293945,23.920000076293945,8497,0.0,0.0
2023-04-19 11:30:00-04:00,23.920000076293945,23.920000076293945,23.850000381469727,23.899999618530273,8620,0.0,0.0
2023-04-19 12:30:00-04:00,23.899999618530273,23.949100494384766,23.853300094604492,23.882299423217773,3100,0.0,0.0
2023-04-19 13:30:00-04:00,23.886999130249023,23.979999542236328,23.886999130249023,23.899999618530273,6370,0.0,0.0
2023-04-19 14:30:00-04:00,23.8799991607666,23.899999618530273,23.850000381469727,23.899999618530273,19573,0.0,0.0
2023-04-19 15:30:00-04:00,23.84000015258789,23.8799991607666,23.780000686645508,23.780000686645508,17185,0.0,0.0
2023-04-20 09:30:00-04:00,23.799999237060547,23.799999237060547,23.690000534057617,23.761699676513672,0,0.0,0.0
2023-04-20 10:30:00-04:00,23.75,23.75,23.68000030517578,23.739999771118164,10203,0.0,0.0
2023-04-20 11:30:00-04:00,23.71500015258789,23.74090003967285,23.68000030517578,23.709999084472656,7667,0.0,0.0
2023-04-20 12:30:00-04:00,23.741600036621094,23.799999237060547,23.68000030517578,23.783000946044922,17640,0.0,0.0
2023-04-20 13:30:00-04:00,23.770000457763672,23.790000915527344,23.75,23.75,6318,0.0,0.0
2023-04-20 14:30:00-04:00,23.739999771118164,23.761699676513672,23.68000030517578,23.719999313354492,7856,0.0,0.0
2023-04-20 15:30:00-04:00,23.705400466918945,23.729999542236328,23.65999984741211,23.729999542236328,3967,0.0,0.0
2023-04-21 09:30:00-04:00,23.700000762939453,23.84000015258789,23.670000076293945,23.780000686645508,9961,0.0,0.0
2023-04-21 10:30:00-04:00,23.82979965209961,23.83139991760254,23.75,23.799999237060547,7269,0.0,0.0
2023-04-21 11:30:00-04:00,23.75,23.760000228881836,23.68000030517578,23.760000228881836,17779,0.0,0.0
2023-04-21 12:30:00-04:00,23.760000228881836,23.78569984436035,23.719999313354492,23.78569984436035,3226,0.0,0.0
2023-04-21 13:30:00-04:00,23.790000915527344,23.799999237060547,23.790000915527344,23.790000915527344,4552,0.0,0.0
2023-04-21 14:30:00-04:00,23.790000915527344,23.790000915527344,23.729999542236328,23.760000228881836,8471,0.0,0.0
2023-04-21 15:30:00-04:00,23.780000686645508,23.780000686645508,23.690000534057617,23.690000534057617,11658,0.0,0.0
2023-04-24 09:30:00-04:00,23.690000534057617,23.690000534057617,23.6299991607666,23.633499145507812,9877,0.0,0.0
2023-04-24 10:30:00-04:00,23.649999618530273,23.68199920654297,23.59000015258789,23.6299991607666,8647,0.0,0.0
2023-04-24 11:30:00-04:00,23.610000610351562,23.649900436401367,23.600000381469727,23.600000381469727,8064,0.0,0.0
2023-04-24 12:30:00-04:00,23.618200302124023,23.6299991607666,23.56999969482422,23.56999969482422,11601,0.0,0.0
2023-04-24 13:30:00-04:00,23.56999969482422,23.610000610351562,23.56999969482422,23.56999969482422,19962,0.0,0.0
2023-04-24 14:30:00-04:00,23.56999969482422,23.600000381469727,23.56999969482422,23.599899291992188,4711,0.0,0.0
2023-04-24 15:30:00-04:00,23.59000015258789,23.649999618530273,23.59000015258789,23.60110092163086,6758,0.0,0.0
2023-04-25 09:30:00-04:00,23.600000381469727,23.644800186157227,23.600000381469727,23.6200008392334,2624,0.0,0.0
2023-04-25 10:30:00-04:00,23.6200008392334,23.719999313354492,23.6200008392334,23.719999313354492,3629,0.0,0.0
2023-04-25 11:30:00-04:00,23.71500015258789,23.719999313354492,23.625999450683594,23.649999618530273,2998,0.0,0.0
2023-04-25 12:30:00-04:00,23.649999618530273,23.71500015258789,23.621700286865234,23.621700286865234,3189,0.0,0.0
2023-04-25 13:30:00-04:00,23.645000457763672,23.649999618530273,23.631999969482422,23.649999618530273,1055,0.0,0.0
2023-04-25 14:30:00-04:00,23.649999618530273,23.68000030517578,23.579999923706055,23.579999923706055,6823,0.0,0.0
2023-04-25 15:30:00-04:00,23.6299991607666,23.6299991607666,23.469999313354492,23.540000915527344,8814,0.0,0.0
2023-04-26 09:30:00-04:00,23.600000381469727,23.68000030517578,23.600000381469727,23.68000030517578,0,0.0,0.0
2023-04-26 10:30:00-04:00,23.64579963684082,23.709999084472656,23.6299991607666,23.68829917907715,5429,0.0,0.0
2023-04-26 11:30:00-04:00,23.709999084472656,23.739999771118164,23.68000030517578,23.68000030517578,5682,0.0,0.0
2023-04-26 12:30:00-04:00,23.6299991607666,23.700000762939453,23.540000915527344,23.6200008392334,11706,0.0,0.0
2023-04-26 13:30:00-04:00,23.555700302124023,23.6200008392334,23.5,23.549999237060547,6140,0.0,0.0
2023-04-26 14:30:00-04:00,23.510000228881836,23.549999237060547,23.479999542236328,23.489999771118164,7078,0.0,0.0
2023-04-26 15:30:00-04:00,23.489999771118164,23.489999771118164,23.3799991607666,23.389999389648438,7327,0.0,0.0
2023-04-27 09:30:00-04:00,23.389999389648438,23.690000534057617,23.37380027770996,23.497400283813477,11966,0.0,0.0
2023-04-27 10:30:00-04:00,23.530000686645508,23.56999969482422,23.5,23.56999969482422,5845,0.0,0.0
2023-04-27 11:30:00-04:00,23.556299209594727,23.579999923706055,23.506900787353516,23.579999923706055,6756,0.0,0.0
2023-04-27 12:30:00-04:00,23.56999969482422,23.670000076293945,23.56999969482422,23.635000228881836,4282,0.0,0.0
2023-04-27 13:30:00-04:00,23.639999389648438,23.68000030517578,23.579999923706055,23.579999923706055,11545,0.0,0.0
2023-04-27 14:30:00-04:00,23.600000381469727,23.709999084472656,23.579999923706055,23.709999084472656,5341,0.0,0.0
2023-04-27 15:30:00-04:00,23.709999084472656,23.719999313354492,23.6200008392334,23.6200008392334,5791,0.0,0.0
2023-04-28 09:30:00-04:00,23.739999771118164,23.801599502563477,23.715299606323242,23.801599502563477,0,0.0,0.0
2023-04-28 10:30:00-04:00,23.739999771118164,23.739999771118164,23.700000762939453,23.700000762939453,2579,0.0,0.0
2023-04-28 11:30:00-04:00,23.75,23.84000015258789,23.700000762939453,23.790000915527344,8237,0.0,0.0
2023-04-28 12:30:00-04:00,23.790000915527344,23.81999969482422,23.770000457763672,23.81999969482422,5026,0.0,0.0
2023-04-28 13:30:00-04:00,23.81999969482422,23.81999969482422,23.75,23.809999465942383,6939,0.0,0.0
2023-04-28 14:30:00-04:00,23.81999969482422,23.81999969482422,23.790000915527344,23.799999237060547,5921,0.0,0.0
2023-04-28 15:30:00-04:00,23.75349998474121,23.799999237060547,23.670000076293945,23.670000076293945,9459,0.0,0.0
2023-05-01 09:30:00-04:00,23.75,23.790000915527344,23.63909912109375,23.75,18179,0.0,0.0
2023-05-01 10:30:00-04:00,23.760000228881836,23.760000228881836,23.662700653076172,23.662700653076172,3195,0.0,0.0
2023-05-01 11:30:00-04:00,23.69499969482422,23.719999313354492,23.639999389648438,23.719999313354492,4532,0.0,0.0
2023-05-01 12:30:00-04:00,23.639999389648438,23.670000076293945,23.600000381469727,23.600000381469727,4344,0.0,0.0
2023-05-01 13:30:00-04:00,23.540000915527344,23.579999923706055,23.510000228881836,23.510700225830078,2337,0.0,0.0
2023-05-01 14:30:00-04:00,23.520000457763672,23.574600219726562,23.5,23.569900512695312,4110,0.0,0.0
2023-05-01 15:30:00-04:00,23.5,23.56999969482422,23.5,23.559999465942383,3324,0.0,0.0
2023-05-02 09:30:00-04:00,23.5,23.649999618530273,23.399999618530273,23.399999618530273,0,0.0,0.0
2023-05-02 10:30:00-04:00,23.399999618530273,23.469999313354492,23.3799991607666,23.450000762939453,6382,0.0,0.0
2023-05-02 11:30:00-04:00,23.489900588989258,23.489900588989258,23.40999984741211,23.48040008544922,5471,0.0,0.0
2023-05-02 12:30:00-04:00,23.43000030517578,23.464399337768555,23.420000076293945,23.464399337768555,4764,0.0,0.0
2023-05-02 13:30:00-04:00,23.43000030517578,23.469999313354492,23.40999984741211,23.420000076293945,6361,0.0,0.0
2023-05-02 14:30:00-04:00,23.399999618530273,23.399999618530273,23.360000610351562,23.360000610351562,3094,0.0,0.0
2023-05-02 15:30:00-04:00,23.360000610351562,23.40999984741211,23.360000610351562,23.389999389648438,9997,0.0,0.0
2023-05-03 09:30:00-04:00,23.399999618530273,23.540000915527344,23.399999618530273,23.540000915527344,0,0.0,0.0
2023-05-03 10:30:00-04:00,23.540000915527344,23.549999237060547,23.426599502563477,23.49410057067871,7152,0.0,0.0
2023-05-03 11:30:00-04:00,23.459999084472656,23.485300064086914,23.423200607299805,23.459999084472656,5392,0.0,0.0
2023-05-03 12:30:00-04:00,23.459999084472656,23.459999084472656,23.389999389648438,23.399999618530273,9698,0.0,0.0
2023-05-03 13:30:00-04:00,23.399999618530273,23.399999618530273,23.299999237060547,23.299999237060547,6814,0.0,0.0
2023-05-03 14:30:00-04:00,23.299999237060547,23.415000915527344,23.270000457763672,23.329999923706055,14683,0.0,0.0
2023-05-03 15:30:00-04:00,23.329999923706055,23.329999923706055,23.200000762939453,23.25,25320,0.0,0.0
2023-05-04 09:30:00-04:00,23.260000228881836,23.27050018310547,22.959999084472656,23.100000381469727,0,0.0,0.0
2023-05-04 10:30:00-04:00,23.110000610351562,23.299999237060547,23.110000610351562,23.299999237060547,10591,0.0,0.0
2023-05-04 11:30:00-04:00,23.299999237060547,23.336000442504883,23.239999771118164,23.239999771118164,6606,0.0,0.0
2023-05-04 12:30:00-04:00,23.299999237060547,23.309999465942383,23.231599807739258,23.252399444580078,8593,0.0,0.0
2023-05-04 13:30:00-04:00,23.25,23.280000686645508,23.24799919128418,23.264999389648438,11470,0.0,0.0
2023-05-04 14:30:00-04:00,23.260000228881836,23.34000015258789,23.229999542236328,23.230100631713867,12875,0.0,0.0
2023-05-04 15:30:00-04:00,23.280000686645508,23.31450080871582,23.229999542236328,23.229999542236328,8423,0.0,0.0
2023-05-05 09:30:00-04:00,23.43000030517578,23.45840072631836,23.309999465942383,23.399999618530273,0,0.0,0.0
2023-05-05 10:30:00-04:00,23.450000762939453,23.450000762939453,23.3700008392334,23.3700008392334,3854,0.0,0.0
2023-05-05 11:30:00-04:00,23.407699584960938,23.407899856567383,23.3700008392334,23.370100021362305,1462,0.0,0.0
2023-05-05 12:30:00-04:00,23.399999618530273,23.43000030517578,23.399999618530273,23.43000030517578,2065,0.0,0.0
2023-05-05 13:30:00-04:00,23.414100646972656,23.43000030517578,23.3700008392334,23.3700008392334,4258,0.0,0.0
2023-05-05 14:30:00-04:00,23.3700008392334,23.469999313354492,23.3700008392334,23.469999313354492,25783,0.0,0.0
2023-05-05 15:30:00-04:00,23.469999313354492,23.469999313354492,23.420000076293945,23.420000076293945,0,0.0,0.0
2023-05-08 09:30:00-04:00,23.5,23.508899688720703,23.329999923706055,23.329999923706055,7958,0.0,0.0
2023-05-08 10:30:00-04:00,23.375,23.389999389648438,23.34000015258789,23.34000015258789,2274,0.0,0.0
2023-05-08 11:30:00-04:00,23.34000015258789,23.372499465942383,23.34000015258789,23.3700008392334,2172,0.0,0.0
2023-05-08 12:30:00-04:00,23.3700008392334,23.3799991607666,23.360000610351562,23.3799991607666,2578,0.0,0.0
2023-05-08 13:30:00-04:00,23.3700008392334,23.389999389648438,23.3700008392334,23.381000518798828,7776,0.0,0.0
2023-05-08 14:30:00-04:00,23.3799991607666,23.3799991607666,23.3700008392334,23.3700008392334,5489,0.0,0.0
2023-05-08 15:30:00-04:00,23.360000610351562,23.399700164794922,23.360000610351562,23.3700008392334,4729,0.0,0.0
2023-05-09 09:30:00-04:00,23.420000076293945,23.420000076293945,23.25,23.25,0,0.0,0.0
2023-05-09 10:30:00-04:00,23.34000015258789,23.35700035095215,23.15999984741211,23.174999237060547,7403,0.0,0.0
2023-05-09 11:30:00-04:00,23.15999984741211,23.270000457763672,23.141799926757812,23.25200080871582,10546,0.0,0.0
2023-05-09 12:30:00-04:00,23.26580047607422,23.329999923706055,23.26580047607422,23.329999923706055,5871,0.0,0.0
2023-05-09 13:30:00-04:00,23.34000015258789,23.34000015258789,23.34000015258789,23.34000015258789,5107,0.0,0.0
2023-05-09 14:30:00-04:00,23.360000610351562,23.40999984741211,23.29010009765625,23.354999542236328,6595,0.0,0.0
2023-05-09 15:30:00-04:00,23.299999237060547,23.43000030517578,23.2947998046875,23.43000030517578,961,0.0,0.0
2023-05-10 09:30:00-04:00,23.450000762939453,23.584999084472656,23.3799991607666,23.469999313354492,0,0.0,0.0
2023-05-10 10:30:00-04:00,23.5,23.520000457763672,23.380599975585938,23.389999389648438,8046,0.0,0.0
2023-05-10 11:30:00-04:00,23.40999984741211,23.436800003051758,23.3799991607666,23.42690086364746,6992,0.0,0.0
2023-05-10 12:30:00-04:00,23.43000030517578,23.479999542236328,23.399999618530273,23.399999618530273,5674,0.0,0.0
2023-05-10 13:30:00-04:00,23.450000762939453,23.450000762939453,23.3799991607666,23.439300537109375,9225,0.0,0.0
2023-05-10 14:30:00-04:00,23.43000030517578,23.540000915527344,23.43000030517578,23.530000686645508,4963,0.0,0.0
2023-05-10 15:30:00-04:00,23.530000686645508,23.549999237060547,23.469999313354492,23.5,13298,0.0,0.0
2023-05-11 09:30:00-04:00,23.489999771118164,23.489999771118164,23.450000762939453,23.469999313354492,6539,0.0,0.0
2023-05-11 10:30:00-04:00,23.440000534057617,23.440000534057617,23.309999465942383,23.3700008392334,7289,0.0,0.0
2023-05-11 11:30:00-04:00,23.440000534057617,23.459999084472656,23.40999984741211,23.459999084472656,2346,0.0,0.0
2023-05-11 12:30:00-04:00,23.4596004486084,23.5049991607666,23.34000015258789,23.43000030517578,9369,0.0,0.0
2023-05-11 13:30:00-04:00,23.459999084472656,23.469999313354492,23.399999618530273,23.459999084472656,2257,0.0,0.0
2023-05-11 14:30:00-04:00,23.459999084472656,23.469200134277344,23.420000076293945,23.459999084472656,1864,0.0,0.0
2023-05-11 15:30:00-04:00,23.43000030517578,23.469999313354492,23.389999389648438,23.43000030517578,9629,0.0,0.0
2023-05-12 09:30:00-04:00,23.43000030517578,23.43000030517578,23.420000076293945,23.420000076293945,5433,0.0,0.0
2023-05-12 10:30:00-04:00,23.420000076293945,23.43000030517578,23.399999618530273,23.415000915527344,3002,0.0,0.0
2023-05-12 11:30:00-04:00,23.415000915527344,23.43000030517578,23.399999618530273,23.41119956970215,3383,0.0,0.0
2023-05-12 12:30:00-04:00,23.399999618530273,23.399999618530273,23.360000610351562,23.3700008392334,4910,0.0,0.0
2023-05-12 13:30:00-04:00,23.372100830078125,23.399999618530273,23.3700008392334,23.3700008392334,4159,0.0,0.0
2023-05-12 14:30:00-04:00,23.350000381469727,23.420000076293945,23.350000381469727,23.420000076293945,4968,0.0,0.0
2023-05-12 15:30:00-04:00,23.420000076293945,23.5,23.389999389648438,23.5,7750,0.0,0.0
2023-05-15 09:30:00-04:00,23.43000030517578,23.520000457763672,23.360000610351562,23.520000457763672,0,0.0,0.0
2023-05-15 10:30:00-04:00,23.540000915527344,23.540000915527344,23.520000457763672,23.520000457763672,1466,0.0,0.0
2023-05-15 11:30:00-04:00,23.524999618530273,23.530000686645508,23.510000228881836,23.510000228881836,4235,0.0,0.0
2023-05-15 12:30:00-04:00,23.524900436401367,23.549999237060547,23.500499725341797,23.500499725341797,8111,0.0,0.0
2023-05-15 13:30:00-04:00,23.549999237060547,23.579999923706055,23.513099670410156,23.513099670410156,9385,0.0,0.0
2023-05-15 14:30:00-04:00,23.5,23.549999237060547,23.5,23.540000915527344,881,0.0,0.0
2023-05-15 15:30:00-04:00,23.540000915527344,23.549999237060547,23.5,23.549999237060547,2742,0.0,0.0
2023-05-16 09:30:00-04:00,23.5,23.549999237060547,23.399999618530273,23.459999084472656,0,0.0,0.0
2023-05-16 10:30:00-04:00,23.459999084472656,23.479999542236328,23.399999618530273,23.420000076293945,13392,0.0,0.0
2023-05-16 11:30:00-04:00,23.430099487304688,23.469999313354492,23.399999618530273,23.420000076293945,10334,0.0,0.0
2023-05-16 12:30:00-04:00,23.399999618530273,23.412399291992188,23.3700008392334,23.3700008392334,5587,0.0,0.0
2023-05-16 13:30:00-04:00,23.399999618530273,23.399999618530273,23.3700008392334,23.3799991607666,2590,0.0,0.0
2023-05-16 14:30:00-04:00,23.37660026550293,23.3799991607666,23.299999237060547,23.299999237060547,8955,0.0,0.0
2023-05-16 15:30:00-04:00,23.332799911499023,23.332799911499023,23.170000076293945,23.239999771118164,12091,0.0,0.0
2023-05-17 09:30:00-04:00,23.299999237060547,23.34000015258789,23.299999237060547,23.317899703979492,4796,0.0,0.0
2023-05-17 10:30:00-04:00,23.31999969482422,23.43000030517578,23.31999969482422,23.40999984741211,5665,0.0,0.0
2023-05-17 11:30:00-04:00,23.40999984741211,23.475400924682617,23.40999984741211,23.450000762939453,5903,0.0,0.0
2023-05-17 12:30:00-04:00,23.450599670410156,23.489999771118164,23.45009994506836,23.469999313354492,2933,0.0,0.0
2023-05-17 13:30:00-04:00,23.469999313354492,23.469999313354492,23.43000030517578,23.461299896240234,4858,0.0,0.0
2023-05-17 14:30:00-04:00,23.4414005279541,23.479999542236328,23.420000076293945,23.43000030517578,6118,0.0,0.0
2023-05-17 15:30:00-04:00,23.450000762939453,23.450000762939453,23.40999984741211,23.450000762939453,3931,0.0,0.0
2023-05-18 09:30:00-04:00,23.440000534057617,23.479999542236328,23.399999618530273,23.479999542236328,0,0.0,0.0
2023-05-18 10:30:00-04:00,23.489999771118164,23.5,23.420000076293945,23.43000030517578,7078,0.0,0.0
2023-05-18 11:30:00-04:00,23.450000762939453,23.469999313354492,23.3799991607666,23.3799991607666,2743,0.0,0.0
2023-05-18 12:30:00-04:00,23.43000030517578,23.440000534057617,23.329999923706055,23.424999237060547,5811,0.0,0.0
2023-05-18 13:30:00-04:00,23.415599822998047,23.5,23.415599822998047,23.459999084472656,4270,0.0,0.0
2023-05-18 14:30:00-04:00,23.444599151611328,23.479999542236328,23.389999389648438,23.415000915527344,3516,0.0,0.0
2023-05-18 15:30:00-04:00,23.424999237060547,23.440799713134766,23.3799991607666,23.40999984741211,4563,0.0,0.0
2023-05-19 09:30:00-04:00,23.389999389648438,23.389999389648438,23.309999465942383,23.389999389648438,0,0.0,0.0
2023-05-19 10:30:00-04:00,23.38170051574707,23.38170051574707,23.320100784301758,23.328399658203125,2455,0.0,0.0
2023-05-19 11:30:00-04:00,23.337400436401367,23.337400436401367,23.280000686645508,23.311899185180664,4341,0.0,0.0
2023-05-19 12:30:00-04:00,23.31800079345703,23.329999923706055,23.299999237060547,23.3075008392334,1766,0.0,0.0
2023-05-19 13:30:00-04:00,23.325000762939453,23.32990074157715,23.290000915527344,23.315500259399414,5223,0.0,0.0
2023-05-19 14:30:00-04:00,23.30500030517578,23.31999969482422,23.30500030517578,23.31999969482422,1682,0.0,0.0
2023-05-19 15:30:00-04:00,23.30500030517578,23.31999969482422,23.30500030517578,23.31999969482422,2126,0.0,0.0
2023-05-22 09:30:00-04:00,23.3799991607666,23.3799991607666,23.305500030517578,23.37470054626465,956,0.0,0.0
2023-05-22 10:30:00-04:00,23.350000381469727,23.389999389648438,23.350000381469727,23.350000381469727,3159,0.0,0.0
2023-05-22 11:30:00-04:00,23.3799991607666,23.3799991607666,23.350000381469727,23.3700008392334,5185,0.0,0.0
2023-05-22 12:30:00-04:00,23.3799991607666,23.3799991607666,23.3700008392334,23.376300811767578,3644,0.0,0.0
2023-05-22 13:30:00-04:00,23.399999618530273,23.399999618530273,23.3700008392334,23.3700008392334,4812,0.0,0.0
2023-05-22 14:30:00-04:00,23.385000228881836,23.420000076293945,23.385000228881836,23.420000076293945,4232,0.0,0.0
2023-05-22 15:30:00-04:00,23.459999084472656,23.5,23.459999084472656,23.5,3880,0.0,0.0
2023-05-23 09:30:00-04:00,23.43000030517578,23.530000686645508,23.354799270629883,23.519800186157227,0,0.0,0.0
2023-05-23 10:30:00-04:00,23.510000228881836,23.59950065612793,23.510000228881836,23.59950065612793,5137,0.0,0.0
2023-05-23 11:30:00-04:00,23.600000381469727,23.639999389648438,23.58009910583496,23.61199951171875,7003,0.0,0.0
2023-05-23 12:30:00-04:00,23.61750030517578,23.6299991607666,23.59000015258789,23.610000610351562,3365,0.0,0.0
2023-05-23 13:30:00-04:00,23.610000610351562,23.6299991607666,23.610000610351562,23.6299991607666,6209,0.0,0.0
2023-05-23 14:30:00-04:00,23.635000228881836,23.639999389648438,23.6200008392334,23.639999389648438,11016,0.0,0.0
2023-05-23 15:30:00-04:00,23.639999389648438,23.68000030517578,23.639999389648438,23.639999389648438,8263,0.0,0.0
2023-05-24 09:30:00-04:00,23.649999618530273,23.649999618530273,23.545700073242188,23.639999389648438,0,0.0,0.0
2023-05-24 10:30:00-04:00,23.594999313354492,23.700000762939453,23.570100784301758,23.690000534057617,10962,0.0,0.0
2023-05-24 11:30:00-04:00,23.690000534057617,23.700000762939453,23.6299991607666,23.639999389648438,6204,0.0,0.0
2023-05-24 12:30:00-04:00,23.610000610351562,23.68000030517578,23.610000610351562,23.649999618530273,3332,0.0,0.0
2023-05-24 13:30:00-04:00,23.6299991607666,23.700000762939453,23.59000015258789,23.700000762939453,12695,0.0,0.0
2023-05-24 14:30:00-04:00,23.684999465942383,23.75,23.68000030517578,23.75,12313,0.0,0.0
2023-05-24 15:30:00-04:00,23.729999542236328,23.739999771118164,23.68000030517578,23.739999771118164,16099,0.0,0.0
2023-05-25 09:30:00-04:00,23.700000762939453,23.739999771118164,23.6299991607666,23.690000534057617,0,0.0,0.0
2023-05-25 10:30:00-04:00,23.690000534057617,23.690000534057617,23.600000381469727,23.670000076293945,4764,0.0,0.0
2023-05-25 11:30:00-04:00,23.610000610351562,23.68000030517578,23.600000381469727,23.65999984741211,63933,0.0,0.0
2023-05-25 12:30:00-04:00,23.65999984741211,23.68000030517578,23.6299991607666,23.649999618530273,3941,0.0,0.0
2023-05-25 13:30:00-04:00,23.690000534057617,23.719999313354492,23.649999618530273,23.709999084472656,5370,0.0,0.0
2023-05-25 14:30:00-04:00,23.709999084472656,23.729999542236328,23.670000076293945,23.68000030517578,5967,0.0,0.0
2023-05-25 15:30:00-04:00,23.700000762939453,23.739999771118164,23.65999984741211,23.739999771118164,11100,0.0,0.0
2023-05-26 09:30:00-04:00,23.729999542236328,23.809999465942383,23.704200744628906,23.809999465942383,0,0.0,0.0
2023-05-26 10:30:00-04:00,23.809999465942383,23.829999923706055,23.780000686645508,23.790000915527344,2981,0.0,0.0
2023-05-26 11:30:00-04:00,23.784000396728516,23.81999969482422,23.690000534057617,23.799999237060547,5278,0.0,0.0
2023-05-26 12:30:00-04:00,23.799999237060547,23.799999237060547,23.75,23.799999237060547,14700,0.0,0.0
2023-05-26 13:30:00-04:00,23.76020050048828,23.799999237060547,23.76020050048828,23.799999237060547,4727,0.0,0.0
2023-05-26 14:30:00-04:00,23.790000915527344,23.81999969482422,23.76580047607422,23.81999969482422,4365,0.0,0.0
2023-05-26 15:30:00-04:00,23.799999237060547,23.799999237060547,23.760000228881836,23.790000915527344,3967,0.0,0.0
2023-05-30 09:30:00-04:00,23.780000686645508,23.81999969482422,23.760000228881836,23.809999465942383,6574,0.0,0.0
2023-05-30 10:30:00-04:00,23.809999465942383,23.809999465942383,23.76449966430664,23.790000915527344,6879,0.0,0.0
2023-05-30 11:30:00-04:00,23.79789924621582,23.850000381469727,23.770000457763672,23.81999969482422,6985,0.0,0.0
2023-05-30 12:30:00-04:00,23.795000076293945,23.81999969482422,23.78499984741211,23.78529930114746,0,0.0,0.0
2023-05-30 13:30:00-04:00,23.809999465942383,23.829999923706055,23.78569984436035,23.829999923706055,32602,0.0,0.0
2023-05-30 14:30:00-04:00,23.829999923706055,23.829999923706055,23.809999465942383,23.829999923706055,5303,0.0,0.0
2023-05-30 15:30:00-04:00,23.829999923706055,23.850000381469727,23.809999465942383,23.809999465942383,20864,0.0,0.0
2023-05-31 09:30:00-04:00,23.760000228881836,23.860000610351562,23.760000228881836,23.81999969482422,5753,0.0,0.0
2023-05-31 10:30:00-04:00,23.860000610351562,23.860000610351562,23.75,23.81999969482422,5814,0.0,0.0
2023-05-31 11:30:00-04:00,23.829999923706055,23.860000610351562,23.81999969482422,23.860000610351562,7290,0.0,0.0
2023-05-31 12:30:00-04:00,23.860000610351562,23.889999389648438,23.84000015258789,23.860000610351562,20814,0.0,0.0
2023-05-31 13:30:00-04:00,23.860000610351562,23.889999389648438,23.81999969482422,23.860000610351562,27474,0.0,0.0
2023-05-31 14:30:00-04:00,23.860000610351562,23.8799991607666,23.81999969482422,23.829999923706055,16961,0.0,0.0
2023-05-31 15:30:00-04:00,23.82819938659668,23.969999313354492,23.793500900268555,23.8700008392334,27452,0.0,0.0
2023-06-01 09:30:00-04:00,23.959999084472656,23.959999084472656,23.899999618530273,23.940000534057617,3952,0.0,0.0
2023-06-01 10:30:00-04:00,23.916900634765625,23.969999313354492,23.916900634765625,23.968799591064453,4036,0.0,0.0
2023-06-01 11:30:00-04:00,23.9689998626709,23.969999313354492,23.9689998626709,23.969999313354492,1339,0.0,0.0
2023-06-01 12:30:00-04:00,23.975000381469727,23.975000381469727,23.93000030517578,23.93000030517578,2515,0.0,0.0
2023-06-01 13:30:00-04:00,23.96500015258789,24.020000457763672,23.9507999420166,24.020000457763672,11910,0.0,0.0
2023-06-01 14:30:00-04:00,24.020000457763672,24.030000686645508,23.99690055847168,24.01580047607422,8618,0.0,0.0
2023-06-01 15:30:00-04:00,24.0,24.0,23.95549964904785,23.95549964904785,1428,0.0,0.0
2023-06-02 09:30:00-04:00,23.940000534057617,24.040000915527344,23.93000030517578,23.969999313354492,8110,0.0,0.0
2023-06-02 10:30:00-04:00,23.985000610351562,24.010000228881836,23.969999313354492,23.989999771118164,7894,0.0,0.0
2023-06-02 11:30:00-04:00,23.989999771118164,23.989999771118164,23.92300033569336,23.93000030517578,9922,0.0,0.0
2023-06-02 12:30:00-04:00,23.94499969482422,24.0,23.942399978637695,23.9950008392334,8683,0.0,0.0
2023-06-02 13:30:00-04:00,23.9950008392334,24.0,23.969999313354492,24.0,11125,0.0,0.0
2023-06-02 14:30:00-04:00,24.0,24.079999923706055,24.0,24.079999923706055,13289,0.0,0.0
2023-06-02 15:30:00-04:00,24.079999923706055,24.079999923706055,24.030000686645508,24.030000686645508,13814,0.0,0.0
2023-06-05 09:30:00-04:00,24.010000228881836,24.010099411010742,23.90999984741211,24.0,0,0.0,0.0
2023-06-05 10:30:00-04:00,24.020000457763672,24.020000457763672,23.964000701904297,24.0,9356,0.0,0.0
2023-06-05 11:30:00-04:00,23.959999084472656,24.0,23.959999084472656,24.0,12618,0.0,0.0
2023-06-05 12:30:00-04:00,23.979999542236328,24.00659942626953,23.969999313354492,23.979999542236328,11238,0.0,0.0
2023-06-05 13:30:00-04:00,23.996299743652344,23.996299743652344,23.950000762939453,23.969999313354492,28550,0.0,0.0
2023-06-05 14:30:00-04:00,23.969999313354492,23.979999542236328,23.920000076293945,23.940000534057617,11968,0.0,0.0
2023-06-05 15:30:00-04:00,23.979999542236328,23.979999542236328,23.899999618530273,23.899999618530273,5028,0.0,0.0
2023-06-06 09:30:00-04:00,23.959999084472656,23.959999084472656,23.829999923706055,23.8799991607666,0,0.0,0.0
2023-06-06 10:30:00-04:00,23.84000015258789,23.889999389648438,23.81999969482422,23.85919952392578,5952,0.0,0.0
2023-06-06 11:30:00-04:00,23.850000381469727,23.860000610351562,23.850000381469727,23.860000610351562,1938,0.0,0.0
2023-06-06 12:30:00-04:00,23.860000610351562,23.889999389648438,23.850000381469727,23.850000381469727,6525,0.0,0.0
2023-06-06 13:30:00-04:00,23.850000381469727,23.8700008392334,23.8346004486084,23.8346004486084,5805,0.0,0.0
2023-06-06 14:30:00-04:00,23.84000015258789,23.8700008392334,23.799999237060547,23.860000610351562,8775,0.0,0.0
2023-06-06 15:30:00-04:00,23.860000610351562,23.860000610351562,23.860000610351562,23.860000610351562,845,0.0,0.0
2023-06-07 09:30:00-04:00,23.899999618530273,23.899999618530273,23.829999923706055,23.874900817871094,0,0.0,0.0
2023-06-07 10:30:00-04:00,23.850000381469727,23.864999771118164,23.760000228881836,23.780099868774414,8669,0.0,0.0
2023-06-07 11:30:00-04:00,23.787799835205078,23.814199447631836,23.780000686645508,23.812000274658203,3332,0.0,0.0
2023-06-07 12:30:00-04:00,23.80500030517578,23.84000015258789,23.780000686645508,23.780000686645508,2196,0.0,0.0
2023-06-07 13:30:00-04:00,23.770000457763672,23.790000915527344,23.729999542236328,23.729999542236328,6191,0.0,0.0
2023-06-07 14:30:00-04:00,23.75,23.770000457763672,23.649999618530273,23.649999618530273,16878,0.0,0.0
2023-06-07 15:30:00-04:00,23.65999984741211,23.69499969482422,23.649999618530273,23.65999984741211,6357,0.0,0.0
2023-06-08 09:30:00-04:00,23.770000457763672,23.77359962463379,23.65999984741211,23.75,0,0.0,0.0
2023-06-08 10:30:00-04:00,23.76930046081543,23.76930046081543,23.670000076293945,23.760000228881836,5829,0.0,0.0
2023-06-08 11:30:00-04:00,23.757099151611328,23.757099151611328,23.682300567626953,23.7450008392334,5050,0.0,0.0
2023-06-08 12:30:00-04:00,23.749799728393555,23.749799728393555,23.709999084472656,23.719999313354492,8745,0.0,0.0
2023-06-08 13:30:00-04:00,23.719999313354492,23.729999542236328,23.709999084472656,23.719999313354492,2972,0.0,0.0
2023-06-08 14:30:00-04:00,23.719999313354492,23.719999313354492,23.645000457763672,23.645000457763672,12868,0.0,0.0
2023-06-08 15:30:00-04:00,23.6299991607666,23.635000228881836,23.625,23.625,1983,0.0,0.0
2023-06-09 09:30:00-04:00,23.690000534057617,23.729999542236328,23.649999618530273,23.65999984741211,0,0.0,0.0
2023-06-09 10:30:00-04:00,23.649999618530273,23.649999618530273,23.579999923706055,23.579999923706055,12213,0.0,0.0
2023-06-09 11:30:00-04:00,23.56999969482422,23.670000076293945,23.540000915527344,23.568500518798828,33021,0.0,0.0
2023-06-09 12:30:00-04:00,23.549999237060547,23.610000610351562,23.549999237060547,23.579999923706055,4087,0.0,0.0
2023-06-09 13:30:00-04:00,23.592199325561523,23.592199325561523,23.566600799560547,23.566600799560547,960,0.0,0.0
2023-06-09 14:30:00-04:00,23.579999923706055,23.58839988708496,23.559999465942383,23.560800552368164,4947,0.0,0.0
2023-06-09 15:30:00-04:00,23.559999465942383,23.559999465942383,23.559999465942383,23.559999465942383,4706,0.0,0.0
2023-06-12 09:30:00-04:00,23.68000030517578,23.68000030517578,23.549999237060547,23.664899826049805,0,0.0,0.0
2023-06-12 10:30:00-04:00,23.57539939880371,23.6200008392334,23.57539939880371,23.600000381469727,5666,0.0,0.0
2023-06-12 11:30:00-04:00,23.610000610351562,23.614299774169922,23.521299362182617,23.530000686645508,5354,0.0,0.0
2023-06-12 12:30:00-04:00,23.530000686645508,23.549999237060547,23.530000686645508,23.530000686645508,948,0.0,0.0
2023-06-12 13:30:00-04:00,23.579999923706055,23.579999923706055,23.530000686645508,23.530000686645508,5269,0.0,0.0
2023-06-12 14:30:00-04:00,23.549999237060547,23.549999237060547,23.5,23.54960060119629,4540,0.0,0.0
2023-06-12 15:30:00-04:00,23.549999237060547,23.549999237060547,23.459999084472656,23.469999313354492,9175,0.0,0.0
2023-06-13 09:30:00-04:00,23.510000228881836,23.582599639892578,23.505800247192383,23.579999923706055,0,0.0,0.0
2023-06-13 10:30:00-04:00,23.530000686645508,23.545499801635742,23.510000228881836,23.545499801635742,2733,0.0,0.0
2023-06-13 11:30:00-04:00,23.530000686645508,23.551300048828125,23.434999465942383,23.479999542236328,6472,0.0,0.0
2023-06-13 12:30:00-04:00,23.469999313354492,23.510000228881836,23.469999313354492,23.508399963378906,4914,0.0,0.0
2023-06-13 13:30:00-04:00,23.5,23.522499084472656,23.495899200439453,23.510000228881836,5550,0.0,0.0
2023-06-13 14:30:00-04:00,23.510000228881836,23.530000686645508,23.479999542236328,23.480100631713867,10322,0.0,0.0
2023-06-13 15:30:00-04:00,23.5,23.519899368286133,23.459999084472656,23.459999084472656,3782,0.0,0.0
2023-06-14 09:30:00-04:00,23.5,23.559999465942383,23.459999084472656,23.510000228881836,0,0.0,0.0
2023-06-14 10:30:00-04:00,23.510000228881836,23.520000457763672,23.485000610351562,23.5,3096,0.0,0.0
2023-06-14 11:30:00-04:00,23.469999313354492,23.5,23.469999313354492,23.480100631713867,1354,0.0,0.0
2023-06-14 12:30:00-04:00,23.485000610351562,23.5,23.45800018310547,23.45800018310547,3054,0.0,0.0
2023-06-14 13:30:00-04:00,23.450000762939453,23.469999313354492,23.18000030517578,23.200000762939453,7715,0.0,0.0
2023-06-14 14:30:00-04:00,23.19499969482422,23.25429916381836,23.18000030517578,23.25429916381836,18405,0.0,0.0
2023-06-14 15:30:00-04:00,23.25,23.25,23.209999084472656,23.209999084472656,2252,0.0,0.0
2023-06-15 09:30:00-04:00,23.219999313354492,23.420000076293945,23.219999313354492,23.402099609375,7219,0.0,0.0
2023-06-15 10:30:00-04:00,23.334999084472656,23.3799991607666,23.299999237060547,23.342100143432617,3504,0.0,0.0
2023-06-15 11:30:00-04:00,23.32229995727539,23.3700008392334,23.299999237060547,23.299999237060547,4761,0.0,0.0
2023-06-15 12:30:00-04:00,23.32979965209961,23.3700008392334,23.32979965209961,23.34000015258789,3665,0.0,0.0
2023-06-15 13:30:00-04:00,23.34000015258789,23.34000015258789,23.330900192260742,23.34000015258789,3701,0.0,0.0
2023-06-15 14:30:00-04:00,23.34000015258789,23.34000015258789,23.34000015258789,23.34000015258789,742,0.0,0.0
2023-06-15 15:30:00-04:00,23.31999969482422,23.34000015258789,23.309200286865234,23.34000015258789,4612,0.0,0.0
2023-06-16 09:30:00-04:00,23.440000534057617,23.469999313354492,23.360000610351562,23.450000762939453,0,0.0,0.0
2023-06-16 10:30:00-04:00,23.389999389648438,23.399999618530273,23.350000381469727,23.350000381469727,2465,0.0,0.0
2023-06-16 11:30:00-04:00,23.411300659179688,23.420000076293945,23.360000610351562,23.360000610351562,3209,0.0,0.0
2023-06-16 12:30:00-04:00,23.360000610351562,23.389999389648438,23.360000610351562,23.360000610351562,2403,0.0,0.0
2023-06-16 13:30:00-04:00,23.360000610351562,23.38680076599121,23.360000610351562,23.37190055847168,2249,0.0,0.0
2023-06-16 14:30:00-04:00,23.375,23.389999389648438,23.360000610351562,23.386699676513672,4972,0.0,0.0
2023-06-16 15:30:00-04:00,23.360000610351562,23.389999389648438,23.34000015258789,23.34000015258789,6676,0.0,0.0
2023-06-20 09:30:00-04:00,23.350000381469727,23.449899673461914,23.34000015258789,23.385000228881836,0,0.0,0.0
2023-06-20 10:30:00-04:00,23.34000015258789,23.399799346923828,23.300399780273438,23.300399780273438,5129,0.0,0.0
2023-06-20 11:30:00-04:00,23.300100326538086,23.33989906311035,23.280000686645508,23.33300018310547,9301,0.0,0.0
2023-06-20 12:30:00-04:00,23.309999465942383,23.309999465942383,23.309999465942383,23.309999465942383,444,0.0,0.0
2023-06-20 13:30:00-04:00,23.309999465942383,23.33989906311035,23.260000228881836,23.33989906311035,4581,0.0,0.0
2023-06-20 14:30:00-04:00,23.283899307250977,23.299999237060547,23.190000534057617,23.203100204467773,8572,0.0,0.0
2023-06-20 15:30:00-04:00,23.190000534057617,23.190000534057617,23.120100021362305,23.1299991607666,1537,0.0,0.0
2023-06-21 09:30:00-04:00,23.06999969482422,23.113500595092773,23.029600143432617,23.029600143432617,0,0.0,0.0
2023-06-21 10:30:00-04:00,23.0314998626709,23.1299991607666,23.0314998626709,23.104999542236328,5990,0.0,0.0
2023-06-21 11:30:00-04:00,23.104999542236328,23.104999542236328,23.079999923706055,23.100000381469727,3163,0.0,0.0
2023-06-21 12:30:00-04:00,23.111000061035156,23.1200008392334,23.09000015258789,23.1200008392334,7818,0.0,0.0
2023-06-21 13:30:00-04:00,23.1200008392334,23.510000228881836,23.1200008392334,23.479999542236328,94452,0.0,0.0
2023-06-21 14:30:00-04:00,23.40999984741211,23.59000015258789,23.40999984741211,23.579200744628906,24537,0.0,0.0
2023-06-21 15:30:00-04:00,23.579999923706055,23.610000610351562,23.540000915527344,23.59000015258789,28830,0.0,0.0
2023-06-22 09:30:00-04:00,23.5,23.639999389648438,23.34119987487793,23.639999389648438,47029,0.0,0.0
2023-06-22 10:30:00-04:00,23.639999389648438,23.719999313354492,23.610000610351562,23.700000762939453,17448,0.0,0.0
2023-06-22 11:30:00-04:00,23.690000534057617,23.790000915527344,23.690000534057617,23.790000915527344,11621,0.0,0.0
2023-06-22 12:30:00-04:00,23.790000915527344,23.790000915527344,23.6914005279541,23.790000915527344,15022,0.0,0.0
2023-06-22 13:30:00-04:00,23.764999389648438,23.90999984741211,23.690000534057617,23.84000015258789,40449,0.0,0.0
2023-06-22 14:30:00-04:00,23.84000015258789,23.8700008392334,23.809999465942383,23.829999923706055,10458,0.0,0.0
2023-06-22 15:30:00-04:00,23.829999923706055,23.860000610351562,23.770000457763672,23.829999923706055,12665,0.0,0.0
2023-06-23 09:30:00-04:00,23.81999969482422,23.81999969482422,23.709999084472656,23.75,4411,0.0,0.0
2023-06-23 10:30:00-04:00,23.763099670410156,23.763099670410156,23.719999313354492,23.719999313354492,2547,0.0,0.0
2023-06-23 11:30:00-04:00,23.709999084472656,23.709999084472656,23.670000076293945,23.68000030517578,2836,0.0,0.0
2023-06-23 12:30:00-04:00,23.68000030517578,23.68000030517578,23.670000076293945,23.670000076293945,1684,0.0,0.0
2023-06-23 13:30:00-04:00,23.678300857543945,23.689899444580078,23.670000076293945,23.670000076293945,2164,0.0,0.0
2023-06-23 14:30:00-04:00,23.68779945373535,23.690000534057617,23.670000076293945,23.670000076293945,5602,0.0,0.0
2023-06-23 15:30:00-04:00,23.68939971923828,23.68939971923828,23.6200008392334,23.6299991607666,3080,0.0,0.0
2023-06-26 09:30:00-04:00,23.780000686645508,23.805599212646484,23.709999084472656,23.729999542236328,0,0.0,0.0
2023-06-26 10:30:00-04:00,23.729999542236328,23.764999389648438,23.729999542236328,23.75,2029,0.0,0.0
2023-06-26 11:30:00-04:00,23.747800827026367,23.74880027770996,23.729999542236328,23.736499786376953,4226,0.0,0.0
2023-06-26 12:30:00-04:00,23.729999542236328,23.75,23.709999084472656,23.734899520874023,4990,0.0,0.0
2023-06-26 13:30:00-04:00,23.733999252319336,23.733999252319336,23.709999084472656,23.729999542236328,3184,0.0,0.0
2023-06-26 14:30:00-04:00,23.722400665283203,23.75,23.709999084472656,23.75,2539,0.0,0.0
2023-06-26 15:30:00-04:00,23.68000030517578,23.729999542236328,23.559999465942383,23.600000381469727,10910,0.0,0.0
2023-06-27 09:30:00-04:00,23.600000381469727,23.6299991607666,23.600000381469727,23.625,0,0.0,0.0
2023-06-27 10:30:00-04:00,23.600000381469727,23.649999618530273,23.600000381469727,23.649999618530273,1241,0.0,0.0
2023-06-27 11:30:00-04:00,23.6299991607666,23.64929962158203,23.6299991607666,23.648799896240234,1288,0.0,0.0
2023-06-27 12:30:00-04:00,23.6200008392334,23.64579963684082,23.6200008392334,23.643299102783203,1887,0.0,0.0
2023-06-27 13:30:00-04:00,23.6299991607666,23.6299991607666,23.617000579833984,23.6200008392334,1575,0.0,0.0
2023-06-27 14:30:00-04:00,23.62190055847168,23.62190055847168,23.600000381469727,23.600000381469727,2914,0.0,0.0
2023-06-27 15:30:00-04:00,23.559999465942383,23.57200050354004,23.40999984741211,23.40999984741211,4360,0.0,0.0
2023-06-28 09:30:00-04:00,23.549999237060547,23.549999237060547,23.399999618530273,23.40999984741211,0,0.0,0.0
2023-06-28 10:30:00-04:00,23.5,23.549999237060547,23.475000381469727,23.549999237060547,8608,0.0,0.0
2023-06-28 11:30:00-04:00,23.489999771118164,23.549999237060547,23.489999771118164,23.539899826049805,4573,0.0,0.0
2023-06-28 12:30:00-04:00,23.510000228881836,23.549999237060547,23.5,23.5,3423,0.0,0.0
2023-06-28 13:30:00-04:00,23.510000228881836,23.510000228881836,23.479999542236328,23.479999542236328,2423,0.0,0.0
2023-06-28 14:30:00-04:00,23.520000457763672,23.520000457763672,23.45009994506836,23.489999771118164,2789,0.0,0.0
2023-06-28 15:30:00-04:00,23.489999771118164,23.549999237060547,23.489999771118164,23.549999237060547,6711,0.0,0.0
2023-06-29 09:30:00-04:00,23.5,23.5,23.352500915527344,23.440000534057617,0,0.0,0.0
2023-06-29 10:30:00-04:00,23.389999389648438,23.450000762939453,23.377700805664062,23.377700805664062,6149,0.0,0.0
2023-06-29 11:30:00-04:00,23.405000686645508,23.405000686645508,23.3700008392334,23.3799991607666,3249,0.0,0.0
2023-06-29 12:30:00-04:00,23.350799560546875,23.389999389648438,23.34000015258789,23.34000015258789,2754,0.0,0.0
2023-06-29 13:30:00-04:00,23.350000381469727,23.359899520874023,23.280000686645508,23.306800842285156,9930,0.0,0.0
2023-06-29 14:30:00-04:00,23.31999969482422,23.34000015258789,23.299999237060547,23.299999237060547,3619,0.0,0.0
2023-06-29 15:30:00-04:00,23.299999237060547,23.450000762939453,23.299999237060547,23.450000762939453,3798,0.0,0.0
2023-06-30 09:30:00-04:00,23.450000762939453,23.549999237060547,23.450000762939453,23.549999237060547,5711,0.0,0.0
2023-06-30 10:30:00-04:00,23.530000686645508,23.530000686645508,23.3700008392334,23.506000518798828,14921,0.0,0.0
2023-06-30 11:30:00-04:00,23.489999771118164,23.540000915527344,23.459999084472656,23.540000915527344,2627,0.0,0.0
2023-06-30 12:30:00-04:00,23.549999237060547,23.59000015258789,23.510000228881836,23.59000015258789,5499,0.0,0.0
2023-06-30 13:30:00-04:00,23.59000015258789,23.65999984741211,23.59000015258789,23.64889907836914,5487,0.0,0.0
2023-06-30 14:30:00-04:00,23.6200008392334,23.739999771118164,23.610000610351562,23.739999771118164,8715,0.0,0.0
2023-06-30 15:30:00-04:00,23.75,24.040000915527344,23.75,24.0,37017,0.0,0.0
2023-07-03 09:30:00-04:00,23.90999984741211,23.94499969482422,23.899999618530273,23.899999618530273,12723,0.0,0.0
2023-07-03 10:30:00-04:00,23.969999313354492,24.030000686645508,23.940000534057617,24.020000457763672,12738,0.0,0.0
2023-07-03 11:30:00-04:00,23.9950008392334,24.09000015258789,23.9950008392334,24.084999084472656,4359,0.0,0.0
2023-07-05 09:30:00-04:00,23.920000076293945,23.969999313354492,23.920000076293945,23.940000534057617,0,0.0,0.0
2023-07-05 10:30:00-04:00,23.945999145507812,24.0,23.945999145507812,23.979999542236328,12950,0.0,0.0
2023-07-05 11:30:00-04:00,23.979999542236328,23.997400283813477,23.940000534057617,23.940000534057617,6429,0.0,0.0
2023-07-05 12:30:00-04:00,23.940000534057617,23.950000762939453,23.899999618530273,23.950000762939453,8251,0.0,0.0
2023-07-05 13:30:00-04:00,23.8799991607666,23.911300659179688,23.84000015258789,23.878400802612305,8947,0.0,0.0
2023-07-05 14:30:00-04:00,23.829999923706055,23.8799991607666,23.81999969482422,23.846500396728516,4866,0.0,0.0
2023-07-05 15:30:00-04:00,23.84000015258789,23.850000381469727,23.809999465942383,23.809999465942383,4785,0.0,0.0
2023-07-06 09:30:00-04:00,23.610000610351562,23.670000076293945,23.540300369262695,23.586700439453125,0,0.0,0.0
2023-07-06 10:30:00-04:00,23.56999969482422,23.56999969482422,23.3799991607666,23.399999618530273,16366,0.0,0.0
2023-07-06 11:30:00-04:00,23.40999984741211,23.530000686645508,23.389999389648438,23.530000686645508,8203,0.0,0.0
2023-07-06 12:30:00-04:00,23.5,23.529399871826172,23.5,23.5,1344,0.0,0.0
2023-07-06 13:30:00-04:00,23.469999313354492,23.469999313354492,23.43000030517578,23.43000030517578,5724,0.0,0.0
2023-07-06 14:30:00-04:00,23.450000762939453,23.540000915527344,23.450000762939453,23.510000228881836,4790,0.0,0.0
2023-07-06 15:30:00-04:00,23.559999465942383,23.56999969482422,23.520000457763672,23.520000457763672,3474,0.0,0.0
2023-07-07 09:30:00-04:00,23.469999313354492,23.677000045776367,23.469999313354492,23.610000610351562,0,0.0,0.0
2023-07-07 10:30:00-04:00,23.625,23.719999313354492,23.579999923706055,23.719999313354492,5121,0.0,0.0
2023-07-07 11:30:00-04:00,23.699100494384766,23.700000762939453,23.68000030517578,23.68000030517578,2832,0.0,0.0
2023-07-07 12:30:00-04:00,23.700000762939453,23.729999542236328,23.700000762939453,23.709199905395508,3537,0.0,0.0
2023-07-07 13:30:00-04:00,23.700000762939453,23.719999313354492,23.69219970703125,23.700000762939453,1509,0.0,0.0
2023-07-07 14:30:00-04:00,23.66010093688965,23.674999237060547,23.66010093688965,23.67300033569336,986,0.0,0.0
2023-07-07 15:30:00-04:00,23.649999618530273,23.668500900268555,23.6299991607666,23.6299991607666,2127,0.0,0.0
2023-07-10 09:30:00-04:00,23.579999923706055,23.670000076293945,23.579999923706055,23.670000076293945,0,0.0,0.0
2023-07-10 10:30:00-04:00,23.68000030517578,23.70989990234375,23.649999618530273,23.68000030517578,5323,0.0,0.0
2023-07-10 11:30:00-04:00,23.65999984741211,23.65999984741211,23.649999618530273,23.650100708007812,2407,0.0,0.0
2023-07-10 12:30:00-04:00,23.688899993896484,23.688899993896484,23.650100708007812,23.65999984741211,1495,0.0,0.0
2023-07-10 13:30:00-04:00,23.66900062561035,23.674999237060547,23.65999984741211,23.65999984741211,1934,0.0,0.0
2023-07-10 14:30:00-04:00,23.670000076293945,23.670000076293945,23.65999984741211,23.65999984741211,2094,0.0,0.0
2023-07-10 15:30:00-04:00,23.655000686645508,23.665000915527344,23.655000686645508,23.65999984741211,1302,0.0,0.0
2023-07-11 09:30:00-04:00,23.700000762939453,23.709999084472656,23.670000076293945,23.709999084472656,0,0.0,0.0
2023-07-11 10:30:00-04:00,23.753999710083008,23.774999618530273,23.719999313354492,23.719999313354492,3258,0.0,0.0
2023-07-11 11:30:00-04:00,23.719999313354492,23.780000686645508,23.719999313354492,23.760000228881836,3883,0.0,0.0
2023-07-11 12:30:00-04:00,23.780000686645508,23.809999465942383,23.760000228881836,23.790000915527344,5017,0.0,0.0
2023-07-11 13:30:00-04:00,23.782400131225586,23.80069923400879,23.770000457763672,23.799999237060547,5026,0.0,0.0
2023-07-11 14:30:00-04:00,23.770000457763672,23.815399169921875,23.770000457763672,23.815399169921875,4136,0.0,0.0
2023-07-11 15:30:00-04:00,23.809999465942383,23.854999542236328,23.809999465942383,23.854999542236328,3385,0.0,0.0
2023-07-12 09:30:00-04:00,23.8700008392334,24.0,23.8700008392334,23.914400100708008,19431,0.0,0.0
2023-07-12 10:30:00-04:00,23.920000076293945,23.920000076293945,23.84269905090332,23.87929916381836,13459,0.0,0.0
2023-07-12 11:30:00-04:00,23.860000610351562,23.865999221801758,23.84000015258789,23.860000610351562,3024,0.0,0.0
2023-07-12 12:30:00-04:00,23.860000610351562,23.920000076293945,23.860000610351562,23.920000076293945,4726,0.0,0.0
2023-07-12 13:30:00-04:00,23.920000076293945,23.93000030517578,23.899999618530273,23.92970085144043,1771,0.0,0.0
2023-07-12 14:30:00-04:00,23.899999618530273,23.924999237060547,23.899999618530273,23.903499603271484,1953,0.0,0.0
2023-07-12 15:30:00-04:00,23.911399841308594,23.979999542236328,23.899999618530273,23.979999542236328,8155,0.0,0.0
2023-07-13 09:30:00-04:00,23.889999389648438,23.94499969482422,23.8799991607666,23.8799991607666,9172,0.0,0.0
2023-07-13 10:30:00-04:00,23.889999389648438,23.940200805664062,23.8799991607666,23.93000030517578,8064,0.0,0.0
2023-07-13 11:30:00-04:00,23.899999618530273,23.940000534057617,23.889999389648438,23.889999389648438,4353,0.0,0.0
2023-07-13 12:30:00-04:00,23.893199920654297,23.899999618530273,23.889999389648438,23.899999618530273,3114,0.0,0.0
2023-07-13 13:30:00-04:00,23.912200927734375,23.940000534057617,23.90999984741211,23.90999984741211,1984,0.0,0.0
2023-07-13 14:30:00-04:00,23.940000534057617,23.969999313354492,23.920000076293945,23.969999313354492,6840,0.0,0.0
2023-07-13 15:30:00-04:00,23.92639923095703,23.969999313354492,23.920000076293945,23.950000762939453,6004,0.0,0.0
2023-07-14 09:30:00-04:00,23.719999313354492,23.719999313354492,23.600000381469727,23.600000381469727,0,0.0,0.0
2023-07-14 10:30:00-04:00,23.610000610351562,23.610000610351562,23.463300704956055,23.470300674438477,9545,0.0,0.0
2023-07-14 11:30:00-04:00,23.489200592041016,23.530000686645508,23.43000030517578,23.45490074157715,12589,0.0,0.0
2023-07-14 12:30:00-04:00,23.444499969482422,23.444499969482422,23.275299072265625,23.280000686645508,8089,0.0,0.0
2023-07-14 13:30:00-04:00,23.309999465942383,23.329999923706055,23.270000457763672,23.270000457763672,4736,0.0,0.0
2023-07-14 14:30:00-04:00,23.270000457763672,23.270000457763672,23.06999969482422,23.1200008392334,6956,0.0,0.0
2023-07-14 15:30:00-04:00,23.079999923706055,23.110000610351562,23.049999237060547,23.110000610351562,6441,0.0,0.0
2023-07-17 09:30:00-04:00,23.149999618530273,23.149999618530273,22.719999313354492,22.729999542236328,0,0.0,0.0
2023-07-17 10:30:00-04:00,22.739999771118164,22.829999923706055,22.350000381469727,22.52440071105957,45699,0.0,0.0
2023-07-17 11:30:00-04:00,22.668100357055664,22.68000030517578,22.520000457763672,22.520000457763672,18399,0.0,0.0
2023-07-17 12:30:00-04:00,22.520000457763672,22.520000457763672,22.0,22.010000228881836,26925,0.0,0.0
2023-07-17 13:30:00-04:00,22.030000686645508,22.1200008392334,21.439899444580078,21.524999618530273,55974,0.0,0.0
2023-07-17 14:30:00-04:00,21.5,21.989999771118164,21.3799991607666,21.75,42096,0.0,0.0
2023-07-17 15:30:00-04:00,21.74799919128418,21.75,21.520000457763672,21.75,12396,0.0,0.0
2023-07-18 09:30:00-04:00,21.770000457763672,22.479999542236328,21.770000457763672,22.290000915527344,46378,0.0,0.0
2023-07-18 10:30:00-04:00,22.328800201416016,22.36079978942871,22.15999984741211,22.280000686645508,21211,0.0,0.0
2023-07-18 11:30:00-04:00,22.260000228881836,22.280000686645508,21.700000762939453,21.940000534057617,29945,0.0,0.0
2023-07-18 12:30:00-04:00,21.9419002532959,22.350000381469727,21.809999465942383,22.290000915527344,16489,0.0,0.0
2023-07-18 13:30:00-04:00,22.3799991607666,22.600000381469727,22.270000457763672,22.530000686645508,40404,0.0,0.0
2023-07-18 14:30:00-04:00,22.450000762939453,22.780000686645508,22.43000030517578,22.59000015258789,17892,0.0,0.0
2023-07-18 15:30:00-04:00,22.55139923095703,22.639999389648438,22.468900680541992,22.639999389648438,5009,0.0,0.0
2023-07-19 09:30:00-04:00,23.049999237060547,23.139999389648438,22.760000228881836,22.920000076293945,30742,0.0,0.0
2023-07-19 10:30:00-04:00,22.941499710083008,22.941499710083008,22.702499389648438,22.799999237060547,17812,0.0,0.0
2023-07-19 11:30:00-04:00,22.790000915527344,22.801300048828125,22.600000381469727,22.66160011291504,17753,0.0,0.0
2023-07-19 12:30:00-04:00,22.65999984741211,22.700000762939453,22.579999923706055,22.6200008392334,24613,0.0,0.0
2023-07-19 13:30:00-04:00,22.614999771118164,22.65999984741211,22.560100555419922,22.613000869750977,7167,0.0,0.0
2023-07-19 14:30:00-04:00,22.584999084472656,22.690000534057617,22.549999237060547,22.664600372314453,9883,0.0,0.0
2023-07-19 15:30:00-04:00,22.655000686645508,22.67970085144043,22.540000915527344,22.610000610351562,5419,0.0,0.0
2023-07-20 09:30:00-04:00,22.5,22.5,22.309999465942383,22.360000610351562,10920,0.0,0.0
2023-07-20 10:30:00-04:00,22.350000381469727,22.56999969482422,22.350000381469727,22.530000686645508,16083,0.0,0.0
2023-07-20 11:30:00-04:00,22.490100860595703,22.614999771118164,22.489999771118164,22.614999771118164,4953,0.0,0.0
2023-07-20 12:30:00-04:00,22.549999237060547,22.719999313354492,22.54010009765625,22.709999084472656,4400,0.0,0.0
2023-07-20 13:30:00-04:00,22.68000030517578,22.68000030517578,22.61009979248047,22.6200008392334,3860,0.0,0.0
2023-07-20 14:30:00-04:00,22.610000610351562,22.610000610351562,22.450000762939453,22.540000915527344,9329,0.0,0.0
2023-07-20 15:30:00-04:00,22.510000228881836,22.54990005493164,22.450000762939453,22.50510025024414,5148,0.0,0.0
2023-07-21 09:30:00-04:00,22.6200008392334,22.6200008392334,22.5,22.57200050354004,0,0.0,0.0
2023-07-21 10:30:00-04:00,22.545000076293945,22.58300018310547,22.530000686645508,22.540000915527344,7223,0.0,0.0
2023-07-21 11:30:00-04:00,22.59000015258789,22.59000015258789,22.54010009765625,22.57229995727539,3262,0.0,0.0
2023-07-21 12:30:00-04:00,22.540000915527344,22.54010009765625,22.5,22.510000228881836,3589,0.0,0.0
2023-07-21 13:30:00-04:00,22.510000228881836,22.510000228881836,22.430099487304688,22.50860023498535,4454,0.0,0.0
2023-07-21 14:30:00-04:00,22.489999771118164,22.489999771118164,22.420000076293945,22.450000762939453,2563,0.0,0.0
2023-07-21 15:30:00-04:00,22.479999542236328,22.479999542236328,22.389999389648438,22.469999313354492,1836,0.0,0.0
2023-07-24 09:30:00-04:00,22.579999923706055,22.579999923706055,22.260000228881836,22.469999313354492,0,0.0,0.0
2023-07-24 10:30:00-04:00,22.469999313354492,22.489999771118164,22.405899047851562,22.459999084472656,5873,0.0,0.0
2023-07-24 11:30:00-04:00,22.458099365234375,22.510000228881836,22.31999969482422,22.3700008392334,9009,0.0,0.0
2023-07-24 12:30:00-04:00,22.3700008392334,22.43000030517578,22.350000381469727,22.399999618530273,8909,0.0,0.0
2023-07-24 13:30:00-04:00,22.385099411010742,22.399999618530273,22.36949920654297,22.3700008392334,4419,0.0,0.0
2023-07-24 14:30:00-04:00,22.3700008392334,22.389999389648438,22.251399993896484,22.300100326538086,25730,0.0,0.0
2023-07-24 15:30:00-04:00,22.299999237060547,22.299999237060547,22.200000762939453,22.209999084472656,5653,0.0,0.0
2023-07-25 09:30:00-04:00,22.200000762939453,22.200000762939453,21.989999771118164,22.1200008392334,0,0.0,0.0
2023-07-25 10:30:00-04:00,22.149900436401367,22.200000762939453,22.120100021362305,22.15999984741211,7292,0.0,0.0
2023-07-25 11:30:00-04:00,22.159700393676758,22.159700393676758,22.100000381469727,22.1299991607666,6774,0.0,0.0
2023-07-25 12:30:00-04:00,22.110000610351562,22.149999618530273,22.100000381469727,22.110000610351562,6270,0.0,0.0
2023-07-25 13:30:00-04:00,22.149999618530273,22.200000762939453,22.149900436401367,22.174999237060547,4026,0.0,0.0
2023-07-25 14:30:00-04:00,22.162399291992188,22.200000762939453,22.1299991607666,22.1299991607666,6664,0.0,0.0
2023-07-25 15:30:00-04:00,22.110000610351562,22.34000015258789,22.110000610351562,22.170000076293945,20911,0.0,0.0
2023-07-26 09:30:00-04:00,22.260000228881836,22.45039939880371,22.229999542236328,22.26099967956543,0,0.0,0.0
2023-07-26 10:30:00-04:00,22.33989906311035,22.39780044555664,22.270000457763672,22.39780044555664,5478,0.0,0.0
2023-07-26 11:30:00-04:00,22.384000778198242,22.610000610351562,22.360000610351562,22.610000610351562,10702,0.0,0.0
2023-07-26 12:30:00-04:00,22.559999465942383,22.610000610351562,22.540000915527344,22.587200164794922,9472,0.0,0.0
2023-07-26 13:30:00-04:00,22.565900802612305,22.585399627685547,22.322900772094727,22.454999923706055,5059,0.0,0.0
2023-07-26 14:30:00-04:00,22.489999771118164,22.54010009765625,22.31999969482422,22.391199111938477,9339,0.0,0.0
2023-07-26 15:30:00-04:00,22.420000076293945,22.459999084472656,22.40999984741211,22.40999984741211,3720,0.0,0.0
2023-07-27 09:30:00-04:00,22.56999969482422,22.59760093688965,22.389999389648438,22.524200439453125,0,0.0,0.0
2023-07-27 10:30:00-04:00,22.520000457763672,22.548500061035156,22.350000381469727,22.41900062561035,9821,0.0,0.0
2023-07-27 11:30:00-04:00,22.44499969482422,22.44499969482422,22.299999237060547,22.299999237060547,10966,0.0,0.0
2023-07-27 12:30:00-04:00,22.310100555419922,22.43000030517578,22.30419921875,22.43000030517578,6936,0.0,0.0
2023-07-27 13:30:00-04:00,22.434999465942383,22.434999465942383,22.34000015258789,22.34000015258789,2737,0.0,0.0
2023-07-27 14:30:00-04:00,22.299999237060547,22.299999237060547,22.149999618530273,22.209999084472656,10599,0.0,0.0
2023-07-27 15:30:00-04:00,22.209999084472656,22.260000228881836,22.200000762939453,22.200000762939453,8343,0.0,0.0
2023-07-28 09:30:00-04:00,22.389999389648438,22.43000030517578,22.190000534057617,22.360000610351562,0,0.0,0.0
2023-07-28 10:30:00-04:00,22.35770034790039,22.479999542236328,22.350000381469727,22.35740089416504,6521,0.0,0.0
2023-07-28 11:30:00-04:00,22.382600784301758,22.489999771118164,22.382600784301758,22.479999542236328,2914,0.0,0.0
2023-07-28 13:30:00-04:00,22.479999542236328,22.479999542236328,22.299999237060547,22.40730094909668,8183,0.0,0.0
2023-07-28 14:30:00-04:00,22.350000381469727,22.389999389648438,22.260000228881836,22.388700485229492,9105,0.0,0.0
2023-07-28 15:30:00-04:00,22.29640007019043,22.399999618530273,22.29640007019043,22.34000015258789,10555,0.0,0.0
2023-07-31 09:30:00-04:00,22.350000381469727,22.559999465942383,22.350000381469727,22.559999465942383,0,0.0,0.0
2023-07-31 10:30:00-04:00,22.525699615478516,22.525699615478516,22.424100875854492,22.43000030517578,9084,0.0,0.0
2023-07-31 11:30:00-04:00,22.43000030517578,22.515899658203125,22.399999618530273,22.422100067138672,3654,0.0,0.0
2023-07-31 12:30:00-04:00,22.479999542236328,22.530000686645508,22.399999618530273,22.479999542236328,8192,0.0,0.0
2023-07-31 13:30:00-04:00,22.440000534057617,22.45989990234375,22.260000228881836,22.280000686645508,8276,0.0,0.0
2023-07-31 14:30:00-04:00,22.260000228881836,22.299999237060547,21.920000076293945,21.920000076293945,12441,0.0,0.0
2023-07-31 15:30:00-04:00,21.920000076293945,22.18000030517578,21.90999984741211,22.18000030517578,20020,0.0,0.0
2023-08-01 09:30:00-04:00,22.34000015258789,22.34000015258789,21.965599060058594,22.06570053100586,32332,0.0,0.0
2023-08-01 10:30:00-04:00,22.079999923706055,22.149999618530273,22.079999923706055,22.100000381469727,8434,0.0,0.0
2023-08-01 11:30:00-04:00,22.149999618530273,22.177900314331055,22.100000381469727,22.145000457763672,2203,0.0,0.0
2023-08-01 12:30:00-04:00,22.100000381469727,22.139999389648438,22.059999465942383,22.110000610351562,6903,0.0,0.0
2023-08-01 13:30:00-04:00,22.103300094604492,22.15999984741211,22.06679916381836,22.139999389648438,7073,0.0,0.0
2023-08-01 14:30:00-04:00,22.15999984741211,22.15999984741211,22.060100555419922,22.11549949645996,8028,0.0,0.0
2023-08-01 15:30:00-04:00,22.149999618530273,22.149999618530273,22.059999465942383,22.059999465942383,3092,0.0,0.0
2023-08-02 09:30:00-04:00,22.06999969482422,22.06999969482422,21.860000610351562,21.957799911499023,24952,0.0,0.0
2023-08-02 10:30:00-04:00,21.959999084472656,21.99449920654297,21.90999984741211,21.989999771118164,11613,0.0,0.0
2023-08-02 11:30:00-04:00,21.989999771118164,22.096799850463867,21.950000762939453,22.030000686645508,10221,0.0,0.0
2023-08-02 12:30:00-04:00,22.040700912475586,22.059999465942383,22.0,22.010000228881836,14082,0.0,0.0
2023-08-02 13:30:00-04:00,22.020200729370117,22.065500259399414,22.020000457763672,22.020000457763672,1457,0.0,0.0
2023-08-02 14:30:00-04:00,22.087499618530273,22.087499618530273,22.030000686645508,22.030000686645508,1955,0.0,0.0
2023-08-02 15:30:00-04:00,22.030000686645508,22.110000610351562,22.030000686645508,22.06999969482422,5728,0.0,0.0
2023-08-03 09:30:00-04:00,22.049999237060547,22.049999237060547,21.899999618530273,21.90999984741211,8658,0.0,0.0
2023-08-03 10:30:00-04:00,21.911800384521484,22.040000915527344,21.90999984741211,21.979999542236328,11495,0.0,0.0
2023-08-03 11:30:00-04:00,21.989900588989258,21.989900588989258,21.920000076293945,21.950000762939453,5935,0.0,0.0
2023-08-03 12:30:00-04:00,21.950000762939453,21.959999084472656,21.920000076293945,21.94580078125,7385,0.0,0.0
2023-08-03 13:30:00-04:00,21.989999771118164,21.989999771118164,21.950000762939453,21.95989990234375,4370,0.0,0.0
2023-08-03 14:30:00-04:00,21.959999084472656,21.969999313354492,21.920000076293945,21.934999465942383,7212,0.0,0.0
2023-08-03 15:30:00-04:00,21.920000076293945,21.950000762939453,21.920000076293945,21.920000076293945,5364,0.0,0.0
2023-08-04 09:30:00-04:00,22.114999771118164,22.260000228881836,22.020000457763672,22.155000686645508,0,0.0,0.0
2023-08-04 10:30:00-04:00,22.209999084472656,22.209999084472656,22.13010025024414,22.170000076293945,4544,0.0,0.0
2023-08-04 11:30:00-04:00,22.170000076293945,22.239999771118164,22.154399871826172,22.200000762939453,5124,0.0,0.0
2023-08-04 12:30:00-04:00,22.170000076293945,22.170000076293945,22.15999984741211,22.15999984741211,1249,0.0,0.0
2023-08-04 13:30:00-04:00,22.17609977722168,22.17609977722168,22.059999465942383,22.100000381469727,3226,0.0,0.0
2023-08-04 14:30:00-04:00,22.100000381469727,22.100000381469727,21.989999771118164,22.016700744628906,13388,0.0,0.0
2023-08-04 15:30:00-04:00,22.0,22.0231990814209,22.0,22.0,3149,0.0,0.0
2023-08-07 09:30:00-04:00,22.010000228881836,22.1200008392334,21.940000534057617,22.040000915527344,3388,0.0,0.0
2023-08-07 10:30:00-04:00,22.079700469970703,22.099899291992188,22.040000915527344,22.099899291992188,5138,0.0,0.0
2023-08-07 11:30:00-04:00,22.06999969482422,22.200000762939453,22.049999237060547,22.200000762939453,5097,0.0,0.0
2023-08-07 12:30:00-04:00,22.149999618530273,22.190000534057617,22.110000610351562,22.1200008392334,10418,0.0,0.0
2023-08-07 13:30:00-04:00,22.1200008392334,22.129199981689453,22.040000915527344,22.040000915527344,11309,0.0,0.0
2023-08-07 14:30:00-04:00,22.020000457763672,22.05820083618164,22.010000228881836,22.010000228881836,11774,0.0,0.0
2023-08-07 15:30:00-04:00,22.010000228881836,22.09000015258789,22.010000228881836,22.09000015258789,8728,0.0,0.0
2023-08-08 09:30:00-04:00,22.049999237060547,22.06559944152832,21.991100311279297,22.045000076293945,0,0.0,0.0
2023-08-08 10:30:00-04:00,22.09000015258789,22.114999771118164,22.049999237060547,22.110000610351562,5942,0.0,0.0
2023-08-08 11:30:00-04:00,22.049999237060547,22.1200008392334,22.030000686645508,22.030000686645508,3091,0.0,0.0
2023-08-08 12:30:00-04:00,22.09910011291504,22.170000076293945,22.059999465942383,22.104999542236328,6333,0.0,0.0
2023-08-08 13:30:00-04:00,22.1200008392334,22.135000228881836,22.070100784301758,22.1299991607666,7899,0.0,0.0
2023-08-08 14:30:00-04:00,22.049999237060547,22.079999923706055,22.040000915527344,22.040000915527344,3130,0.0,0.0
2023-08-08 15:30:00-04:00,22.100000381469727,22.1299991607666,22.059999465942383,22.110000610351562,3102,0.0,0.0
2023-08-09 09:30:00-04:00,22.059999465942383,22.139999389648438,22.030000686645508,22.079999923706055,0,0.0,0.0
2023-08-09 10:30:00-04:00,22.106800079345703,22.106800079345703,22.059999465942383,22.06999969482422,6623,0.0,0.0
2023-08-09 11:30:00-04:00,22.079999923706055,22.08989906311035,22.059999465942383,22.08989906311035,3383,0.0,0.0
2023-08-09 12:30:00-04:00,22.09000015258789,22.114200592041016,22.09000015258789,22.114200592041016,773,0.0,0.0
2023-08-09 13:30:00-04:00,22.118200302124023,22.118200302124023,22.060100555419922,22.060100555419922,2156,0.0,0.0
2023-08-09 14:30:00-04:00,22.059999465942383,22.072599411010742,22.030000686645508,22.030000686645508,5982,0.0,0.0
2023-08-09 15:30:00-04:00,22.059999465942383,22.059999465942383,21.989999771118164,22.020000457763672,8416,0.0,0.0
2023-08-10 09:30:00-04:00,22.079999923706055,22.139999389648438,22.059999465942383,22.059999465942383,0,0.0,0.0
2023-08-10 10:30:00-04:00,22.09000015258789,22.09000015258789,21.989999771118164,21.990100860595703,3307,0.0,0.0
2023-08-10 11:30:00-04:00,22.020000457763672,22.040000915527344,21.989999771118164,22.02829933166504,0,0.0,0.0
2023-08-10 12:30:00-04:00,22.040800094604492,22.040800094604492,21.979999542236328,21.99880027770996,20196,0.0,0.0
2023-08-10 13:30:00-04:00,21.989999771118164,22.000099182128906,21.979999542236328,22.0,9604,0.0,0.0
2023-08-10 14:30:00-04:00,22.010000228881836,22.040000915527344,22.0,22.0,4233,0.0,0.0
2023-08-10 15:30:00-04:00,22.013200759887695,22.027999877929688,22.0,22.0,1521,0.0,0.0
2023-08-11 09:30:00-04:00,22.0,22.1200008392334,21.989999771118164,22.1200008392334,0,0.0,0.0
2023-08-11 10:30:00-04:00,22.125999450683594,22.15999984741211,22.110000610351562,22.110000610351562,2158,0.0,0.0
2023-08-11 11:30:00-04:00,22.149999618530273,22.244300842285156,22.100000381469727,22.239999771118164,6139,0.0,0.0
2023-08-11 12:30:00-04:00,22.24169921875,22.25,22.170000076293945,22.170000076293945,5265,0.0,0.0
2023-08-11 13:30:00-04:00,22.138999938964844,22.190000534057617,22.1299991607666,22.18000030517578,3177,0.0,0.0
2023-08-11 14:30:00-04:00,22.19499969482422,22.25,22.155000686645508,22.219999313354492,5656,0.0,0.0
2023-08-11 15:30:00-04:00,22.225000381469727,22.242700576782227,22.170000076293945,22.170000076293945,1962,0.0,0.0
2023-08-14 09:30:00-04:00,22.15999984741211,22.239999771118164,22.112899780273438,22.219999313354492,0,0.0,0.0
2023-08-14 10:30:00-04:00,22.239999771118164,22.239999771118164,22.190000534057617,22.190000534057617,6133,0.0,0.0
2023-08-14 11:30:00-04:00,22.219999313354492,22.219999313354492,22.200000762939453,22.20050048828125,2377,0.0,0.0
2023-08-14 12:30:00-04:00,22.200899124145508,22.219999313354492,22.149999618530273,22.149999618530273,4096,0.0,0.0
2023-08-14 13:30:00-04:00,22.219999313354492,22.219999313354492,22.200000762939453,22.200000762939453,1639,0.0,0.0
2023-08-14 14:30:00-04:00,22.18000030517578,22.242300033569336,22.18000030517578,22.239999771118164,8470,0.0,0.0
2023-08-14 15:30:00-04:00,22.227500915527344,22.227500915527344,22.219999313354492,22.219999313354492,330,0.0,0.0
2023-08-15 09:30:00-04:00,22.1299991607666,22.369699478149414,22.1200008392334,22.190000534057617,5467,0.0,0.0
2023-08-15 10:30:00-04:00,22.229999542236328,22.232500076293945,22.126100540161133,22.126100540161133,2388,0.0,0.0
2023-08-15 11:30:00-04:00,22.25,22.25,22.1299991607666,22.200000762939453,1946,0.0,0.0
2023-08-15 12:30:00-04:00,22.25,22.25,22.15999984741211,22.200000762939453,1251,0.0,0.0
2023-08-15 13:30:00-04:00,22.18000030517578,22.25,22.170000076293945,22.25,13341,0.0,0.0
2023-08-15 14:30:00-04:00,22.25,22.25,22.149999618530273,22.18000030517578,409484,0.0,0.0
2023-08-15 15:30:00-04:00,22.24169921875,22.25,22.18000030517578,22.18000030517578,6942,0.0,0.0
2023-08-16 09:30:00-04:00,22.200000762939453,22.200000762939453,22.118799209594727,22.200000762939453,11100,0.0,0.0
2023-08-16 10:30:00-04:00,22.171600341796875,22.200000762939453,22.16160011291504,22.18000030517578,10787,0.0,0.0
2023-08-16 11:30:00-04:00,22.181400299072266,22.191999435424805,22.15999984741211,22.15999984741211,6339,0.0,0.0
2023-08-16 12:30:00-04:00,22.177000045776367,22.18000030517578,22.030000686645508,22.06999969482422,23317,0.0,0.0
2023-08-16 13:30:00-04:00,22.06999969482422,22.190000534057617,22.06999969482422,22.190000534057617,18575,0.0,0.0
2023-08-16 14:30:00-04:00,22.174999237060547,22.190000534057617,22.139999389648438,22.15999984741211,16471,0.0,0.0
2023-08-16 15:30:00-04:00,22.1299991607666,22.209999084472656,22.1299991607666,22.209999084472656,4086,0.0,0.0
2023-08-17 09:30:00-04:00,22.15999984741211,22.229999542236328,22.15999984741211,22.190000534057617,7651,0.0,0.0
2023-08-17 10:30:00-04:00,22.200000762939453,22.329999923706055,22.18000030517578,22.270000457763672,14639,0.0,0.0
2023-08-17 11:30:00-04:00,22.209999084472656,22.229999542236328,22.19179916381836,22.219999313354492,6343,0.0,0.0
2023-08-17 12:30:00-04:00,22.229999542236328,22.25,22.190000534057617,22.200300216674805,8427,0.0,0.0
2023-08-17 13:30:00-04:00,22.25,22.25,22.20009994506836,22.25,10107,0.0,0.0
2023-08-17 14:30:00-04:00,22.25,22.25,22.200000762939453,22.200000762939453,9433,0.0,0.0
2023-08-17 15:30:00-04:00,22.25,22.25,22.149999618530273,22.18000030517578,13289,0.0,0.0
2023-08-18 09:30:00-04:00,22.18000030517578,22.285200119018555,22.138099670410156,22.260000228881836,0,0.0,0.0
2023-08-18 10:30:00-04:00,22.248300552368164,22.260000228881836,22.165000915527344,22.165000915527344,15650,0.0,0.0
2023-08-18 11:30:00-04:00,22.165000915527344,22.219999313354492,22.15999984741211,22.219999313354492,14438,0.0,0.0
2023-08-18 12:30:00-04:00,22.219999313354492,22.260000228881836,22.200000762939453,22.2450008392334,78272,0.0,0.0
2023-08-18 13:30:00-04:00,22.239999771118164,22.2450008392334,22.209999084472656,22.209999084472656,16947,0.0,0.0
2023-08-18 14:30:00-04:00,22.209999084472656,22.209999084472656,22.170000076293945,22.209999084472656,118124,0.0,0.0
2023-08-18 15:30:00-04:00,22.18000030517578,22.20989990234375,22.18000030517578,22.18000030517578,6099,0.0,0.0
2023-08-21 09:30:00-04:00,22.059999465942383,22.200000762939453,22.059999465942383,22.100000381469727,13795,0.0,0.0
2023-08-21 10:30:00-04:00,22.100000381469727,22.149999618530273,22.09309959411621,22.1299991607666,4219,0.0,0.0
2023-08-21 11:30:00-04:00,22.059999465942383,22.06999969482422,22.007999420166016,22.040000915527344,6185,0.0,0.0
2023-08-21 12:30:00-04:00,22.06999969482422,22.100000381469727,22.010000228881836,22.099899291992188,2845,0.0,0.0
2023-08-21 13:30:00-04:00,22.100000381469727,22.100000381469727,22.02120018005371,22.06999969482422,2753,0.0,0.0
2023-08-21 14:30:00-04:00,22.059999465942383,22.110000610351562,22.0585994720459,22.060800552368164,7947,0.0,0.0
2023-08-21 15:30:00-04:00,22.075000762939453,22.1200008392334,22.075000762939453,22.1200008392334,1525,0.0,0.0
2023-08-22 09:30:00-04:00,22.049999237060547,22.114999771118164,22.03499984741211,22.049999237060547,8197,0.0,0.0
2023-08-22 10:30:00-04:00,22.048799514770508,22.079999923706055,22.020000457763672,22.079999923706055,12232,0.0,0.0
2023-08-22 11:30:00-04:00,22.059999465942383,22.059999465942383,21.950000762939453,22.0,10070,0.0,0.0
2023-08-22 12:30:00-04:00,21.96500015258789,21.969999313354492,21.860000610351562,21.868499755859375,18930,0.0,0.0
2023-08-22 13:30:00-04:00,21.940000534057617,21.950000762939453,21.915000915527344,21.915000915527344,4687,0.0,0.0
2023-08-22 14:30:00-04:00,21.950000762939453,21.950000762939453,21.89299964904785,21.94499969482422,8945,0.0,0.0
2023-08-22 15:30:00-04:00,21.94499969482422,21.94499969482422,21.920000076293945,21.920000076293945,1944,0.0,0.0
2023-08-23 09:30:00-04:00,21.93000030517578,22.079999923706055,21.93000030517578,22.079999923706055,0,0.0,0.0
2023-08-23 10:30:00-04:00,22.059999465942383,22.09000015258789,22.0,22.06999969482422,7504,0.0,0.0
2023-08-23 11:30:00-04:00,22.020999908447266,22.100000381469727,22.020999908447266,22.075000762939453,2814,0.0,0.0
2023-08-23 12:30:00-04:00,22.099300384521484,22.110000610351562,22.049999237060547,22.110000610351562,2810,0.0,0.0
2023-08-23 13:30:00-04:00,22.157400131225586,22.157400131225586,22.079999923706055,22.12030029296875,5626,0.0,0.0
2023-08-23 14:30:00-04:00,22.125,22.135000228881836,22.100000381469727,22.100000381469727,4092,0.0,0.0
2023-08-23 15:30:00-04:00,22.1299991607666,22.239999771118164,22.1289005279541,22.219999313354492,7504,0.0,0.0
2023-08-24 09:30:00-04:00,22.1200008392334,22.209999084472656,22.1200008392334,22.1200008392334,0,0.0,0.0
2023-08-24 10:30:00-04:00,22.165000915527344,22.165000915527344,22.1200008392334,22.1200008392334,3754,0.0,0.0
2023-08-24 11:30:00-04:00,22.120100021362305,22.209999084472656,22.110000610351562,22.110000610351562,2889,0.0,0.0
2023-08-24 12:30:00-04:00,22.1200008392334,22.160499572753906,22.040000915527344,22.059999465942383,13488,0.0,0.0
2023-08-24 13:30:00-04:00,22.059999465942383,22.139999389648438,22.059999465942383,22.059999465942383,2431,0.0,0.0
2023-08-24 14:30:00-04:00,22.06049919128418,22.11989974975586,22.030000686645508,22.098400115966797,17336,0.0,0.0
2023-08-24 15:30:00-04:00,22.049999237060547,22.100000381469727,22.049999237060547,22.079999923706055,6412,0.0,0.0
2023-08-25 09:30:00-04:00,22.18000030517578,22.342899322509766,22.094900131225586,22.110000610351562,9385,0.0,0.0
2023-08-25 10:30:00-04:00,22.100000381469727,22.190000534057617,22.040000915527344,22.059999465942383,4448,0.0,0.0
2023-08-25 11:30:00-04:00,22.059999465942383,22.13629913330078,22.059999465942383,22.059999465942383,3476,0.0,0.0
2023-08-25 12:30:00-04:00,22.087900161743164,22.100000381469727,22.059999465942383,22.059999465942383,3004,0.0,0.0
2023-08-25 13:30:00-04:00,22.059999465942383,22.139999389648438,22.059999465942383,22.110000610351562,5088,0.0,0.0
2023-08-25 14:30:00-04:00,22.155000686645508,22.169200897216797,22.11009979248047,22.136999130249023,2944,0.0,0.0
2023-08-25 15:30:00-04:00,22.110000610351562,22.139999389648438,22.100000381469727,22.100000381469727,6515,0.0,0.0
2023-08-28 09:30:00-04:00,22.100000381469727,22.212299346923828,22.100000381469727,22.100099563598633,0,0.0,0.0
2023-08-28 10:30:00-04:00,22.139999389648438,22.219999313354492,22.139999389648438,22.16900062561035,4457,0.0,0.0
2023-08-28 11:30:00-04:00,22.15999984741211,22.219999313354492,22.15999984741211,22.170000076293945,1479,0.0,0.0
2023-08-28 12:30:00-04:00,22.219999313354492,22.219999313354492,22.168500900268555,22.19499969482422,446,0.0,0.0
2023-08-28 13:30:00-04:00,22.170000076293945,22.219999313354492,22.15999984741211,22.200000762939453,3542,0.0,0.0
2023-08-28 14:30:00-04:00,22.18000030517578,22.209999084472656,22.159500122070312,22.161500930786133,5219,0.0,0.0
2023-08-28 15:30:00-04:00,22.149999618530273,22.200000762939453,22.149999618530273,22.170000076293945,5544,0.0,0.0
2023-08-29 09:30:00-04:00,22.229999542236328,22.399999618530273,22.183500289916992,22.350000381469727,20199,0.0,0.0
2023-08-29 10:30:00-04:00,22.389999389648438,22.420000076293945,22.33799934387207,22.33799934387207,3913,0.0,0.0
2023-08-29 11:30:00-04:00,22.375,22.3976993560791,22.34000015258789,22.34000015258789,2333,0.0,0.0
2023-08-29 12:30:00-04:00,22.350000381469727,22.380399703979492,22.349599838256836,22.3572998046875,1298,0.0,0.0
2023-08-29 13:30:00-04:00,22.36009979248047,22.40999984741211,22.36009979248047,22.383800506591797,1344,0.0,0.0
2023-08-29 14:30:00-04:00,22.378000259399414,22.389999389648438,22.350000381469727,22.350000381469727,8158,0.0,0.0
2023-08-29 15:30:00-04:00,22.350000381469727,22.36479949951172,22.334299087524414,22.360000610351562,5195,0.0,0.0
2023-08-30 09:30:00-04:00,22.440000534057617,22.459999084472656,22.420000076293945,22.450000762939453,8009,0.0,0.0
2023-08-30 10:30:00-04:00,22.440099716186523,22.44499969482422,22.420000076293945,22.42009925842285,4180,0.0,0.0
2023-08-30 11:30:00-04:00,22.43000030517578,22.43000030517578,22.329999923706055,22.3656005859375,8615,0.0,0.0
2023-08-30 12:30:00-04:00,22.416900634765625,22.416900634765625,22.329999923706055,22.3799991607666,3410,0.0,0.0
2023-08-30 13:30:00-04:00,22.378599166870117,22.399999618530273,22.37649917602539,22.38249969482422,7378,0.0,0.0
2023-08-30 14:30:00-04:00,22.38010025024414,22.420000076293945,22.38010025024414,22.420000076293945,702,0.0,0.0
2023-08-30 15:30:00-04:00,22.401399612426758,22.420000076293945,22.38010025024414,22.399999618530273,3092,0.0,0.0
2023-08-31 09:30:00-04:00,22.459999084472656,22.5,22.440000534057617,22.48040008544922,0,0.0,0.0
2023-08-31 10:30:00-04:00,22.428300857543945,22.489999771118164,22.428300857543945,22.489999771118164,861,0.0,0.0
2023-08-31 11:30:00-04:00,22.43000030517578,22.530000686645508,22.43000030517578,22.520000457763672,5657,0.0,0.0
2023-08-31 12:30:00-04:00,22.480100631713867,22.56999969482422,22.480100631713867,22.540000915527344,6935,0.0,0.0
2023-08-31 13:30:00-04:00,22.549999237060547,22.559999465942383,22.536500930786133,22.559999465942383,7882,0.0,0.0
2023-08-31 14:30:00-04:00,22.559999465942383,22.56999969482422,22.515100479125977,22.549999237060547,9742,0.0,0.0
2023-08-31 15:30:00-04:00,22.549999237060547,22.68000030517578,22.5,22.670000076293945,35114,0.0,0.0
2023-09-01 09:30:00-04:00,22.700000762939453,22.700000762939453,22.60260009765625,22.6299991607666,16316,0.0,0.0
2023-09-01 10:30:00-04:00,22.639999389648438,22.68000030517578,22.600000381469727,22.65999984741211,8487,0.0,0.0
2023-09-01 11:30:00-04:00,22.610000610351562,22.6299991607666,22.600099563598633,22.610000610351562,2903,0.0,0.0
2023-09-01 12:30:00-04:00,22.59000015258789,22.6299991607666,22.55299949645996,22.627599716186523,5251,0.0,0.0
2023-09-01 13:30:00-04:00,22.625,22.6299991607666,22.600000381469727,22.600000381469727,14241,0.0,0.0
2023-09-01 14:30:00-04:00,22.6299991607666,22.700000762939453,22.59000015258789,22.700000762939453,8341,0.0,0.0
2023-09-01 15:30:00-04:00,22.690000534057617,22.729999542236328,22.690000534057617,22.719999313354492,7076,0.0,0.0
2023-09-05 09:30:00-04:00,22.68000030517578,22.68000030517578,22.61050033569336,22.61050033569336,0,0.0,0.0
2023-09-05 10:30:00-04:00,22.637699127197266,22.670000076293945,22.61009979248047,22.645000457763672,4808,0.0,0.0
2023-09-05 11:30:00-04:00,22.635000228881836,22.649999618530273,22.6200008392334,22.6200008392334,15058,0.0,0.0
2023-09-05 12:30:00-04:00,22.6200008392334,22.635000228881836,22.56999969482422,22.579999923706055,19891,0.0,0.0
2023-09-05 13:30:00-04:00,22.597200393676758,22.610000610351562,22.56999969482422,22.56999969482422,14168,0.0,0.0
2023-09-05 14:30:00-04:00,22.56999969482422,22.6200008392334,22.56999969482422,22.600099563598633,10848,0.0,0.0
2023-09-05 15:30:00-04:00,22.57859992980957,22.600000381469727,22.510000228881836,22.549999237060547,9483,0.0,0.0
2023-09-06 09:30:00-04:00,22.549999237060547,22.58839988708496,22.510000228881836,22.510000228881836,8418,0.0,0.0
2023-09-06 10:30:00-04:00,22.510000228881836,22.549999237060547,22.329999923706055,22.329999923706055,9999,0.0,0.0
2023-09-06 11:30:00-04:00,22.329999923706055,22.399999618530273,22.329999923706055,22.399999618530273,7363,0.0,0.0
2023-09-06 12:30:00-04:00,22.397899627685547,22.399999618530273,22.340499877929688,22.364999771118164,5358,0.0,0.0
2023-09-06 13:30:00-04:00,22.385000228881836,22.389999389648438,22.350099563598633,22.3700008392334,3977,0.0,0.0
2023-09-06 14:30:00-04:00,22.399999618530273,22.434999465942383,22.350000381469727,22.360000610351562,9966,0.0,0.0
2023-09-06 15:30:00-04:00,22.381200790405273,22.381200790405273,22.299999237060547,22.299999237060547,1723,0.0,0.0
2023-09-07 09:30:00-04:00,22.350000381469727,22.358699798583984,22.229999542236328,22.358299255371094,5493,0.0,0.0
2023-09-07 10:30:00-04:00,22.36680030822754,22.389999389648438,22.31999969482422,22.389999389648438,2874,0.0,0.0
2023-09-07 11:30:00-04:00,22.350099563598633,22.420000076293945,22.350000381469727,22.403400421142578,7301,0.0,0.0
2023-09-07 12:30:00-04:00,22.410200119018555,22.420000076293945,22.360000610351562,22.40999984741211,5981,0.0,0.0
2023-09-07 13:30:00-04:00,22.459999084472656,22.459999084472656,22.3799991607666,22.43000030517578,1890,0.0,0.0
2023-09-07 14:30:00-04:00,22.3700008392334,22.420000076293945,22.329999923706055,22.420000076293945,3542,0.0,0.0
2023-09-07 15:30:00-04:00,22.365299224853516,22.420000076293945,22.350000381469727,22.350000381469727,1365,0.0,0.0
2023-09-08 09:30:00-04:00,22.459999084472656,22.459999084472656,22.350000381469727,22.459999084472656,4774,0.0,0.0
2023-09-08 10:30:00-04:00,22.422000885009766,22.486099243164062,22.422000885009766,22.440000534057617,4610,0.0,0.0
2023-09-08 11:30:00-04:00,22.427600860595703,22.459999084472656,22.420000076293945,22.420000076293945,6205,0.0,0.0
2023-09-08 12:30:00-04:00,22.420000076293945,22.43000030517578,22.411300659179688,22.43000030517578,1299,0.0,0.0
2023-09-08 13:30:00-04:00,22.424999237060547,22.43000030517578,22.399999618530273,22.43000030517578,2917,0.0,0.0
2023-09-08 14:30:00-04:00,22.399999618530273,22.440000534057617,22.389999389648438,22.405000686645508,3069,0.0,0.0
2023-09-08 15:30:00-04:00,22.3799991607666,22.3799991607666,22.350000381469727,22.350000381469727,2578,0.0,0.0
2023-09-11 09:30:00-04:00,22.469999313354492,22.489999771118164,22.373300552368164,22.486000061035156,0,0.0,0.0
2023-09-11 10:30:00-04:00,22.489999771118164,22.594999313354492,22.479999542236328,22.520000457763672,5419,0.0,0.0
2023-09-11 11:30:00-04:00,22.540000915527344,22.569400787353516,22.48740005493164,22.54400062561035,6150,0.0,0.0
2023-09-11 12:30:00-04:00,22.565000534057617,22.569900512695312,22.459999084472656,22.459999084472656,6353,0.0,0.0
2023-09-11 13:30:00-04:00,22.46500015258789,22.520000457763672,22.360000610351562,22.43000030517578,11812,0.0,0.0
2023-09-11 14:30:00-04:00,22.360000610351562,22.3799991607666,22.184999465942383,22.209999084472656,12441,0.0,0.0
2023-09-11 15:30:00-04:00,22.212600708007812,22.225000381469727,22.077499389648438,22.079999923706055,10476,0.0,0.0
2023-09-12 09:30:00-04:00,22.18000030517578,22.18000030517578,22.100000381469727,22.139999389648438,0,0.0,0.0
2023-09-12 10:30:00-04:00,22.139999389648438,22.15999984741211,22.1200008392334,22.15410041809082,3801,0.0,0.0
2023-09-12 11:30:00-04:00,22.139999389648438,22.200000762939453,22.120100021362305,22.200000762939453,6035,0.0,0.0
2023-09-12 12:30:00-04:00,22.200000762939453,22.2450008392334,22.196500778198242,22.239999771118164,5067,0.0,0.0
2023-09-12 13:30:00-04:00,22.239999771118164,22.25,22.229999542236328,22.229999542236328,4269,0.0,0.0
2023-09-12 14:30:00-04:00,22.219999313354492,22.25,22.15999984741211,22.204999923706055,18220,0.0,0.0
2023-09-12 15:30:00-04:00,22.16010093688965,22.225000381469727,22.139999389648438,22.139999389648438,2603,0.0,0.0
2023-09-13 09:30:00-04:00,22.18000030517578,22.270000457763672,22.139999389648438,22.25,0,0.0,0.0
2023-09-13 10:30:00-04:00,22.18910026550293,22.280000686645508,22.18910026550293,22.25,6736,0.0,0.0
2023-09-13 11:30:00-04:00,22.280000686645508,22.290000915527344,22.18600082397461,22.18600082397461,8834,0.0,0.0
2023-09-13 12:30:00-04:00,22.201000213623047,22.309999465942383,22.201000213623047,22.227399826049805,5828,0.0,0.0
2023-09-13 13:30:00-04:00,22.256500244140625,22.299999237060547,22.256500244140625,22.299999237060547,2276,0.0,0.0
2023-09-13 14:30:00-04:00,22.25,22.299999237060547,22.15999984741211,22.15999984741211,4357,0.0,0.0
2023-09-13 15:30:00-04:00,22.280000686645508,22.280000686645508,22.149999618530273,22.149999618530273,4834,0.0,0.0
2023-09-14 09:30:00-04:00,22.209999084472656,22.3700008392334,22.209999084472656,22.3700008392334,20605,0.0,0.0
2023-09-14 10:30:00-04:00,22.3700008392334,22.3700008392334,22.299999237060547,22.34000015258789,9675,0.0,0.0
2023-09-14 11:30:00-04:00,22.350000381469727,22.389999389648438,22.350000381469727,22.350000381469727,6251,0.0,0.0
2023-09-14 12:30:00-04:00,22.389999389648438,22.40999984741211,22.389999389648438,22.40999984741211,2779,0.0,0.0
2023-09-14 13:30:00-04:00,22.360000610351562,22.399999618530273,22.360000610351562,22.375,4095,0.0,0.0
2023-09-14 14:30:00-04:00,22.360000610351562,22.360000610351562,22.31999969482422,22.31999969482422,3871,0.0,0.0
2023-09-14 15:30:00-04:00,22.33989906311035,22.34000015258789,22.31999969482422,22.34000015258789,947,0.0,0.0
2023-09-15 09:30:00-04:00,22.229999542236328,22.33049964904785,22.229999542236328,22.290000915527344,0,0.0,0.0
2023-09-15 10:30:00-04:00,22.280000686645508,22.299999237060547,22.260000228881836,22.299999237060547,3105,0.0,0.0
2023-09-15 11:30:00-04:00,22.280000686645508,22.299999237060547,22.24139976501465,22.270000457763672,3924,0.0,0.0
2023-09-15 12:30:00-04:00,22.290000915527344,22.307899475097656,22.239999771118164,22.260000228881836,4773,0.0,0.0
2023-09-15 13:30:00-04:00,22.260700225830078,22.329999923706055,22.260000228881836,22.329999923706055,7580,0.0,0.0
2023-09-15 14:30:00-04:00,22.329999923706055,22.329999923706055,22.260099411010742,22.260099411010742,3475,0.0,0.0
2023-09-15 15:30:00-04:00,22.329999923706055,22.329999923706055,22.26420021057129,22.329999923706055,11290,0.0,0.0
2023-09-18 09:30:00-04:00,22.350000381469727,22.350000381469727,22.18000030517578,22.21660041809082,16421,0.0,0.0
2023-09-18 10:30:00-04:00,22.229999542236328,22.229999542236328,22.18000030517578,22.229999542236328,6079,0.0,0.0
2023-09-18 11:30:00-04:00,22.2810001373291,22.329999923706055,22.2810001373291,22.329999923706055,3667,0.0,0.0
2023-09-18 12:30:00-04:00,22.290000915527344,22.34980010986328,22.290000915527344,22.31999969482422,3456,0.0,0.0
2023-09-18 13:30:00-04:00,22.304500579833984,22.34980010986328,22.260099411010742,22.260099411010742,10256,0.0,0.0
2023-09-18 14:30:00-04:00,22.25,22.274999618530273,22.230100631713867,22.25,7322,0.0,0.0
2023-09-18 15:30:00-04:00,22.2593994140625,22.270000457763672,22.229999542236328,22.239999771118164,3394,0.0,0.0
2023-09-19 09:30:00-04:00,22.200000762939453,22.299999237060547,22.200000762939453,22.25040054321289,0,0.0,0.0
2023-09-19 10:30:00-04:00,22.299999237060547,22.350000381469727,22.260000228881836,22.321199417114258,4294,0.0,0.0
2023-09-19 11:30:00-04:00,22.270000457763672,22.360000610351562,22.260000228881836,22.357200622558594,3567,0.0,0.0
2023-09-19 12:30:00-04:00,22.385000228881836,22.385000228881836,22.340299606323242,22.360000610351562,3683,0.0,0.0
2023-09-19 13:30:00-04:00,22.3700008392334,22.3700008392334,22.309999465942383,22.309999465942383,3153,0.0,0.0
2023-09-19 14:30:00-04:00,22.309900283813477,22.309999465942383,22.270000457763672,22.280099868774414,5004,0.0,0.0
2023-09-19 15:30:00-04:00,22.287099838256836,22.329999923706055,22.280000686645508,22.329999923706055,3855,0.0,0.0
2023-09-20 09:30:00-04:00,22.350000381469727,22.5,22.260000228881836,22.450000762939453,0,0.0,0.0
2023-09-20 10:30:00-04:00,22.450000762939453,22.559999465942383,22.450000762939453,22.559999465942383,6105,0.0,0.0
2023-09-20 11:30:00-04:00,22.540000915527344,22.579999923706055,22.510000228881836,22.549999237060547,6133,0.0,0.0
2023-09-20 12:30:00-04:00,22.549999237060547,22.549999237060547,22.469999313354492,22.469999313354492,6018,0.0,0.0
2023-09-20 13:30:00-04:00,22.469999313354492,22.52790069580078,22.399999618530273,22.52790069580078,4162,0.0,0.0
2023-09-20 14:30:00-04:00,22.485000610351562,22.530000686645508,22.469999313354492,22.5049991607666,2990,0.0,0.0
2023-09-20 15:30:00-04:00,22.5,22.510000228881836,22.459999084472656,22.510000228881836,1711,0.0,0.0
2023-09-21 09:30:00-04:00,22.3799991607666,22.3799991607666,22.1299991607666,22.239999771118164,9379,0.0,0.0
2023-09-21 10:30:00-04:00,22.239999771118164,22.280000686645508,22.18000030517578,22.18000030517578,7619,0.0,0.0
2023-09-21 11:30:00-04:00,22.18000030517578,22.185100555419922,22.15999984741211,22.180200576782227,5783,0.0,0.0
2023-09-21 12:30:00-04:00,22.16010093688965,22.204999923706055,22.15049934387207,22.200000762939453,8458,0.0,0.0
2023-09-21 13:30:00-04:00,22.18000030517578,22.192399978637695,22.15999984741211,22.15999984741211,2626,0.0,0.0
2023-09-21 14:30:00-04:00,22.18000030517578,22.190000534057617,22.149999618530273,22.190000534057617,4941,0.0,0.0
2023-09-21 15:30:00-04:00,22.170000076293945,22.170000076293945,22.079999923706055,22.079999923706055,5468,0.0,0.0
2023-09-22 09:30:00-04:00,22.200000762939453,22.200000762939453,22.059999465942383,22.095800399780273,0,0.0,0.0
2023-09-22 10:30:00-04:00,22.06369972229004,22.18000030517578,22.06369972229004,22.149999618530273,10176,0.0,0.0
2023-09-22 11:30:00-04:00,22.149999618530273,22.152000427246094,22.139999389648438,22.149999618530273,1420,0.0,0.0
2023-09-22 12:30:00-04:00,22.170000076293945,22.179899215698242,22.100000381469727,22.10059928894043,4935,0.0,0.0
2023-09-22 13:30:00-04:00,22.100000381469727,22.139999389648438,22.06999969482422,22.070100784301758,4662,0.0,0.0
2023-09-22 14:30:00-04:00,22.09000015258789,22.100000381469727,22.049999237060547,22.099899291992188,8556,0.0,0.0
2023-09-22 15:30:00-04:00,22.065000534057617,22.079999923706055,22.040000915527344,22.05500030517578,3639,0.0,0.0
2023-09-25 09:30:00-04:00,21.969999313354492,22.049999237060547,21.94029998779297,21.94029998779297,14565,0.0,0.0
2023-09-25 10:30:00-04:00,21.950000762939453,22.010000228881836,21.950000762939453,22.0,8807,0.0,0.0
2023-09-25 11:30:00-04:00,21.979999542236328,22.010000228881836,21.969999313354492,22.0,10981,0.0,0.0
2023-09-25 12:30:00-04:00,22.030000686645508,22.06999969482422,22.0,22.06999969482422,4410,0.0,0.0
2023-09-25 13:30:00-04:00,22.06100082397461,22.149999618530273,22.06100082397461,22.079999923706055,8208,0.0,0.0
2023-09-25 14:30:00-04:00,22.110000610351562,22.13990020751953,22.059999465942383,22.059999465942383,11701,0.0,0.0
2023-09-25 15:30:00-04:00,22.100000381469727,22.100000381469727,22.059999465942383,22.059999465942383,3270,0.0,0.0
2023-09-26 09:30:00-04:00,22.020000457763672,22.095199584960938,22.020000457763672,22.030000686645508,0,0.0,0.0
2023-09-26 10:30:00-04:00,22.030000686645508,22.040000915527344,22.0,22.020000457763672,7595,0.0,0.0
2023-09-26 11:30:00-04:00,22.020000457763672,22.020099639892578,21.959999084472656,21.969999313354492,7401,0.0,0.0
2023-09-26 12:30:00-04:00,21.96500015258789,22.010000228881836,21.950000762939453,21.979999542236328,15552,0.0,0.0
2023-09-26 13:30:00-04:00,21.969999313354492,21.969999313354492,21.8799991607666,21.8799991607666,15104,0.0,0.0
2023-09-26 14:30:00-04:00,21.850000381469727,21.88520050048828,21.770000457763672,21.790000915527344,10348,0.0,0.0
2023-09-26 15:30:00-04:00,21.790000915527344,21.85219955444336,21.770000457763672,21.809999465942383,14875,0.0,0.0
2023-09-27 09:30:00-04:00,21.889999389648438,21.969999313354492,21.860000610351562,21.8799991607666,5886,0.0,0.0
2023-09-27 10:30:00-04:00,21.895999908447266,21.899999618530273,21.818700790405273,21.84000015258789,11427,0.0,0.0
2023-09-27 11:30:00-04:00,21.855600357055664,21.868799209594727,21.809999465942383,21.809999465942383,8649,0.0,0.0
2023-09-27 12:30:00-04:00,21.81999969482422,21.84000015258789,21.809999465942383,21.809999465942383,5942,0.0,0.0
2023-09-27 13:30:00-04:00,21.809999465942383,21.82990074157715,21.760000228881836,21.807899475097656,6373,0.0,0.0
2023-09-27 14:30:00-04:00,21.815000534057617,21.829999923706055,21.770000457763672,21.770000457763672,10786,0.0,0.0
2023-09-27 15:30:00-04:00,21.770000457763672,21.799999237060547,21.760000228881836,21.780000686645508,8008,0.0,0.0
2023-09-28 09:30:00-04:00,21.790000915527344,21.860000610351562,21.75,21.860000610351562,2983,0.0,0.0
2023-09-28 10:30:00-04:00,21.8799991607666,21.8799991607666,21.75,21.850000381469727,9968,0.0,0.0
2023-09-28 11:30:00-04:00,21.854999542236328,21.8799991607666,21.770000457763672,21.8799991607666,14131,0.0,0.0
2023-09-28 12:30:00-04:00,21.8799991607666,21.8799991607666,21.81999969482422,21.81999969482422,10441,0.0,0.0
2023-09-28 13:30:00-04:00,21.8700008392334,21.8700008392334,21.809999465942383,21.809999465942383,10078,0.0,0.0
2023-09-28 14:30:00-04:00,21.809999465942383,21.860000610351562,21.799999237060547,21.860000610351562,41001,0.0,0.0
2023-09-28 15:30:00-04:00,21.889999389648438,21.899999618530273,21.75,21.81999969482422,52518,0.0,0.0
2023-09-29 09:30:00-04:00,21.940000534057617,22.059999465942383,21.920000076293945,21.93000030517578,17337,0.0,0.0
2023-09-29 10:30:00-04:00,21.959999084472656,22.13330078125,21.940000534057617,22.0,19643,0.0,0.0
2023-09-29 11:30:00-04:00,22.100000381469727,22.139999389648438,22.020000457763672,22.065000534057617,11234,0.0,0.0
2023-09-29 12:30:00-04:00,22.065000534057617,22.190000534057617,22.030000686645508,22.190000534057617,16266,0.0,0.0
2023-09-29 13:30:00-04:00,22.18000030517578,22.270000457763672,22.18000030517578,22.239999771118164,6852,0.0,0.0
2023-09-29 14:30:00-04:00,22.239999771118164,22.270000457763672,22.190000534057617,22.209999084472656,14877,0.0,0.0
2023-09-29 15:30:00-04:00,22.209999084472656,22.209999084472656,21.899999618530273,21.899999618530273,11184,0.0,0.0
2023-10-02 09:30:00-04:00,21.950000762939453,21.950000762939453,21.770000457763672,21.809999465942383,19262,0.0,0.0
2023-10-02 10:30:00-04:00,21.760000228881836,21.780000686645508,21.700000762939453,21.700000762939453,13110,0.0,0.0
2023-10-02 11:30:00-04:00,21.719999313354492,21.760000228881836,21.65999984741211,21.760000228881836,11750,0.0,0.0
2023-10-02 12:30:00-04:00,21.760000228881836,21.873699188232422,21.760000228881836,21.873699188232422,5944,0.0,0.0
2023-10-02 13:30:00-04:00,21.8700008392334,21.8799991607666,21.72410011291504,21.72410011291504,13002,0.0,0.0
2023-10-02 14:30:00-04:00,21.75,21.75,21.735000610351562,21.75,9659,0.0,0.0
2023-10-02 15:30:00-04:00,21.75,21.75,21.690000534057617,21.739999771118164,15852,0.0,0.0
2023-10-03 09:30:00-04:00,21.579999923706055,21.64889907836914,21.149999618530273,21.15999984741211,0,0.0,0.0
2023-10-03 10:30:00-04:00,21.1299991607666,21.200000762939453,20.8799991607666,20.959999084472656,32332,0.0,0.0
2023-10-03 11:30:00-04:00,20.93000030517578,21.129899978637695,20.899999618530273,21.09939956665039,12989,0.0,0.0
2023-10-03 12:30:00-04:00,21.110000610351562,21.1200008392334,21.0,21.06999969482422,33692,0.0,0.0
2023-10-03 13:30:00-04:00,21.13990020751953,21.139999389648438,20.8799991607666,20.940000534057617,11069,0.0,0.0
2023-10-03 14:30:00-04:00,20.950000762939453,21.030000686645508,20.950000762939453,20.961000442504883,15612,0.0,0.0
2023-10-03 15:30:00-04:00,20.985000610351562,20.989999771118164,20.790000915527344,20.860000610351562,42101,0.0,0.0
2023-10-04 09:30:00-04:00,20.979999542236328,21.059999465942383,20.90999984741211,20.989999771118164,15422,0.0,0.0
2023-10-04 10:30:00-04:00,20.940000534057617,20.989999771118164,20.920000076293945,20.989999771118164,9092,0.0,0.0
2023-10-04 11:30:00-04:00,20.997100830078125,21.020000457763672,20.8799991607666,20.950000762939453,17803,0.0,0.0
2023-10-04 12:30:00-04:00,20.950000762939453,21.0,20.8799991607666,20.899999618530273,7735,0.0,0.0
2023-10-04 13:30:00-04:00,20.8700008392334,20.8799991607666,20.639999389648438,20.75,17887,0.0,0.0
2023-10-04 14:30:00-04:00,20.725000381469727,20.850000381469727,20.68000030517578,20.799999237060547,28688,0.0,0.0
2023-10-04 15:30:00-04:00,20.727699279785156,20.829999923706055,20.727699279785156,20.790000915527344,6617,0.0,0.0
2023-10-05 09:30:00-04:00,20.739999771118164,20.8799991607666,20.639999389648438,20.719999313354492,0,0.0,0.0
2023-10-05 10:30:00-04:00,20.720800399780273,20.860000610351562,20.719999313354492,20.799999237060547,13979,0.0,0.0
2023-10-05 11:30:00-04:00,20.780099868774414,20.79990005493164,20.729999542236328,20.7406005859375,19413,0.0,0.0
2023-10-05 12:30:00-04:00,20.780000686645508,20.829999923706055,20.670000076293945,20.760000228881836,21342,0.0,0.0
2023-10-05 13:30:00-04:00,20.760000228881836,20.84000015258789,20.700000762939453,20.84000015258789,6883,0.0,0.0
2023-10-05 14:30:00-04:00,20.799999237060547,20.8799991607666,20.790000915527344,20.81999969482422,3593,0.0,0.0
2023-10-05 15:30:00-04:00,20.790000915527344,20.790000915527344,20.719999313354492,20.739999771118164,4576,0.0,0.0
2023-10-06 09:30:00-04:00,20.510000228881836,20.661300659179688,20.5,20.6200008392334,0,0.0,0.0
2023-10-06 10:30:00-04:00,20.639999389648438,20.700000762939453,20.59000015258789,20.670000076293945,11438,0.0,0.0
2023-10-06 11:30:00-04:00,20.719999313354492,20.850000381469727,20.709999084472656,20.709999084472656,5253,0.0,0.0
2023-10-06 12:30:00-04:00,20.719999313354492,20.719999313354492,20.600000381469727,20.62299919128418,7787,0.0,0.0
2023-10-06 13:30:00-04:00,20.606000900268555,20.649999618530273,20.54010009765625,20.56999969482422,26462,0.0,0.0
2023-10-06 14:30:00-04:00,20.596399307250977,20.709999084472656,20.596399307250977,20.61079978942871,11348,0.0,0.0
2023-10-06 15:30:00-04:00,20.670900344848633,20.68000030517578,20.610000610351562,20.6299991607666,5882,0.0,0.0
2023-10-09 09:30:00-04:00,20.6299991607666,20.799100875854492,20.625,20.799100875854492,8046,0.0,0.0
2023-10-09 10:30:00-04:00,20.753700256347656,20.860000610351562,20.71419906616211,20.850000381469727,10275,0.0,0.0
2023-10-09 11:30:00-04:00,20.834800720214844,20.940000534057617,20.834800720214844,20.84000015258789,5214,0.0,0.0
2023-10-09 12:30:00-04:00,20.829999923706055,20.84000015258789,20.764999389648438,20.818300247192383,3476,0.0,0.0
2023-10-09 13:30:00-04:00,20.719999313354492,20.899999618530273,20.719999313354492,20.790800094604492,2220,0.0,0.0
2023-10-09 14:30:00-04:00,20.850000381469727,20.889999389648438,20.808300018310547,20.889999389648438,4194,0.0,0.0
2023-10-09 15:30:00-04:00,20.790000915527344,20.829999923706055,20.790000915527344,20.829999923706055,1691,0.0,0.0
2023-10-10 09:30:00-04:00,20.799999237060547,20.91990089416504,20.649999618530273,20.899999618530273,0,0.0,0.0
2023-10-10 10:30:00-04:00,20.889999389648438,20.94540023803711,20.840099334716797,20.899999618530273,23189,0.0,0.0
2023-10-10 11:30:00-04:00,20.924999237060547,21.049999237060547,20.90999984741211,21.030000686645508,9980,0.0,0.0
2023-10-10 12:30:00-04:00,21.06999969482422,21.08989906311035,20.979999542236328,21.030000686645508,8859,0.0,0.0
2023-10-10 13:30:00-04:00,21.030000686645508,21.059999465942383,21.0,21.059999465942383,10959,0.0,0.0
2023-10-10 14:30:00-04:00,21.049999237060547,21.110000610351562,21.040000915527344,21.09000015258789,14708,0.0,0.0
2023-10-10 15:30:00-04:00,21.100000381469727,21.110000610351562,20.969999313354492,21.110000610351562,140799,0.0,0.0
2023-10-11 09:30:00-04:00,21.170000076293945,21.2987003326416,21.170000076293945,21.290199279785156,3791,0.0,0.0
2023-10-11 10:30:00-04:00,21.18560028076172,21.248199462890625,21.16469955444336,21.248199462890625,6687,0.0,0.0
2023-10-11 11:30:00-04:00,21.229999542236328,21.24169921875,21.15999984741211,21.15999984741211,4741,0.0,0.0
2023-10-11 12:30:00-04:00,21.169599533081055,21.229999542236328,21.15999984741211,21.190000534057617,8975,0.0,0.0
2023-10-11 13:30:00-04:00,21.200000762939453,21.239999771118164,21.190000534057617,21.239999771118164,3799,0.0,0.0
2023-10-11 14:30:00-04:00,21.2455997467041,21.2455997467041,21.180700302124023,21.229999542236328,2418,0.0,0.0
2023-10-11 15:30:00-04:00,21.229999542236328,21.270000457763672,21.229999542236328,21.264799118041992,8009,0.0,0.0
2023-10-12 09:30:00-04:00,21.260000228881836,21.299999237060547,21.200000762939453,21.260000228881836,0,0.0,0.0
2023-10-12 10:30:00-04:00,21.260000228881836,21.260000228881836,21.20009994506836,21.20009994506836,6240,0.0,0.0
2023-10-12 11:30:00-04:00,21.229999542236328,21.260000228881836,21.228700637817383,21.260000228881836,2052,0.0,0.0
2023-10-12 12:30:00-04:00,21.263700485229492,21.263700485229492,21.2106990814209,21.229999542236328,10203,0.0,0.0
2023-10-12 13:30:00-04:00,21.219999313354492,21.219999313354492,21.100000381469727,21.139999389648438,5376,0.0,0.0
2023-10-12 14:30:00-04:00,21.09000015258789,21.200000762939453,21.09000015258789,21.190000534057617,5635,0.0,0.0
2023-10-12 15:30:00-04:00,21.18000030517578,21.200000762939453,21.149999618530273,21.190000534057617,4597,0.0,0.0
2023-10-13 09:30:00-04:00,21.170000076293945,21.270000457763672,21.06999969482422,21.06999969482422,0,0.0,0.0
2023-10-13 10:30:00-04:00,21.189899444580078,21.189899444580078,21.079999923706055,21.110000610351562,3925,0.0,0.0
2023-10-13 11:30:00-04:00,21.112600326538086,21.16160011291504,21.112600326538086,21.1299991607666,4813,0.0,0.0
2023-10-13 12:30:00-04:00,21.15999984741211,21.165000915527344,21.1299991607666,21.1299991607666,6366,0.0,0.0
2023-10-13 13:30:00-04:00,21.110000610351562,21.15999984741211,21.050100326538086,21.122699737548828,19036,0.0,0.0
2023-10-13 14:30:00-04:00,21.1299991607666,21.149999618530273,21.059999465942383,21.069900512695312,6693,0.0,0.0
2023-10-13 15:30:00-04:00,21.079999923706055,21.100000381469727,21.049999237060547,21.049999237060547,10672,0.0,0.0
2023-10-16 09:30:00-04:00,20.709999084472656,20.71500015258789,20.549999237060547,20.639999389648438,25368,0.0,0.0
2023-10-16 10:30:00-04:00,20.65999984741211,20.68000030517578,20.549999237060547,20.575000762939453,16479,0.0,0.0
2023-10-16 11:30:00-04:00,20.575000762939453,20.641700744628906,20.56999969482422,20.641700744628906,5756,0.0,0.0
2023-10-16 12:30:00-04:00,20.6299991607666,20.6299991607666,20.559999465942383,20.579999923706055,7284,0.0,0.0
2023-10-16 13:30:00-04:00,20.579999923706055,20.65999984741211,20.56999969482422,20.61199951171875,20290,0.0,0.0
2023-10-16 14:30:00-04:00,20.600000381469727,20.659900665283203,20.559999465942383,20.610000610351562,9279,0.0,0.0
2023-10-16 15:30:00-04:00,20.645000457763672,20.649999618530273,20.530000686645508,20.530000686645508,8833,0.0,0.0
2023-10-17 09:30:00-04:00,20.479999542236328,20.479999542236328,20.31999969482422,20.360000610351562,22009,0.0,0.0
2023-10-17 10:30:00-04:00,20.3700008392334,20.399999618530273,20.327499389648438,20.399999618530273,7757,0.0,0.0
2023-10-17 11:30:00-04:00,20.43000030517578,20.520000457763672,20.420000076293945,20.479999542236328,2583,0.0,0.0
2023-10-17 12:30:00-04:00,20.479999542236328,20.479999542236328,20.350000381469727,20.359100341796875,12387,0.0,0.0
2023-10-17 13:30:00-04:00,20.329999923706055,20.34000015258789,20.309999465942383,20.34000015258789,9450,0.0,0.0
2023-10-17 14:30:00-04:00,20.329999923706055,20.34000015258789,20.299999237060547,20.31999969482422,16226,0.0,0.0
2023-10-17 15:30:00-04:00,20.31999969482422,20.3700008392334,20.29010009765625,20.3700008392334,21641,0.0,0.0
2023-10-18 09:30:00-04:00,20.350000381469727,20.358400344848633,20.280000686645508,20.350000381469727,0,0.0,0.0
2023-10-18 10:30:00-04:00,20.360000610351562,20.399999618530273,20.34000015258789,20.393600463867188,20543,0.0,0.0
2023-10-18 11:30:00-04:00,20.3700008392334,20.389999389648438,20.36709976196289,20.3799991607666,1881,0.0,0.0
2023-10-18 12:30:00-04:00,20.3799991607666,20.43790054321289,20.350099563598633,20.43790054321289,6485,0.0,0.0
2023-10-18 13:30:00-04:00,20.420000076293945,20.420000076293945,20.34000015258789,20.399499893188477,16088,0.0,0.0
2023-10-18 14:30:00-04:00,20.364900588989258,20.418399810791016,20.350000381469727,20.350000381469727,5262,0.0,0.0
2023-10-18 15:30:00-04:00,20.329999923706055,20.3799991607666,20.329999923706055,20.3799991607666,9683,0.0,0.0
2023-10-19 09:30:00-04:00,20.40999984741211,20.43000030517578,20.3528995513916,20.400100708007812,6045,0.0,0.0
2023-10-19 10:30:00-04:00,20.45989990234375,20.45989990234375,20.360000610351562,20.3700008392334,5481,0.0,0.0
2023-10-19 11:30:00-04:00,20.385000228881836,20.56999969482422,20.37030029296875,20.450000762939453,15732,0.0,0.0
2023-10-19 12:30:00-04:00,20.450000762939453,20.469999313354492,20.399999618530273,20.469999313354492,5647,0.0,0.0
2023-10-19 13:30:00-04:00,20.510000228881836,20.519399642944336,20.41230010986328,20.454999923706055,7188,0.0,0.0
2023-10-19 14:30:00-04:00,20.420000076293945,20.459999084472656,20.350000381469727,20.360000610351562,10296,0.0,0.0
2023-10-19 15:30:00-04:00,20.385099411010742,20.389999389648438,20.309999465942383,20.34000015258789,9060,0.0,0.0
2023-10-20 09:30:00-04:00,20.399999618530273,20.469999313354492,20.260000228881836,20.399999618530273,0,0.0,0.0
2023-10-20 10:30:00-04:00,20.420000076293945,20.420000076293945,20.299999237060547,20.409900665283203,5770,0.0,0.0
2023-10-20 11:30:00-04:00,20.406999588012695,20.458799362182617,20.389999389648438,20.430200576782227,5609,0.0,0.0
2023-10-20 12:30:00-04:00,20.454999923706055,20.530000686645508,20.454999923706055,20.529800415039062,3749,0.0,0.0
2023-10-20 13:30:00-04:00,20.479999542236328,20.520000457763672,20.479999542236328,20.520000457763672,8017,0.0,0.0
2023-10-20 14:30:00-04:00,20.520000457763672,20.520000457763672,20.520000457763672,20.520000457763672,1971,0.0,0.0
2023-10-20 15:30:00-04:00,20.510000228881836,20.559999465942383,20.489999771118164,20.520000457763672,4686,0.0,0.0
2023-10-23 09:30:00-04:00,20.56999969482422,20.56999969482422,20.40999984741211,20.56999969482422,13435,0.0,0.0
2023-10-23 10:30:00-04:00,20.56999969482422,20.65999984741211,20.510099411010742,20.65999984741211,7725,0.0,0.0
2023-10-23 11:30:00-04:00,20.68000030517578,20.68000030517578,20.58060073852539,20.6200008392334,8560,0.0,0.0
2023-10-23 12:30:00-04:00,20.638500213623047,20.66860008239746,20.56999969482422,20.649999618530273,11961,0.0,0.0
2023-10-23 13:30:00-04:00,20.665000915527344,20.665000915527344,20.639999389648438,20.659099578857422,5287,0.0,0.0
2023-10-23 14:30:00-04:00,20.649999618530273,20.65730094909668,20.56999969482422,20.570100784301758,7546,0.0,0.0
2023-10-23 15:30:00-04:00,20.56999969482422,20.65999984741211,20.549999237060547,20.649999618530273,9294,0.0,0.0
2023-10-24 09:30:00-04:00,20.610000610351562,20.764999389648438,20.610000610351562,20.701099395751953,9337,0.0,0.0
2023-10-24 10:30:00-04:00,20.719999313354492,20.795000076293945,20.639999389648438,20.7450008392334,14520,0.0,0.0
2023-10-24 11:30:00-04:00,20.770000457763672,20.875,20.770000457763672,20.875,7325,0.0,0.0
2023-10-24 12:30:00-04:00,20.850000381469727,20.8700008392334,20.823999404907227,20.860000610351562,4834,0.0,0.0
2023-10-24 13:30:00-04:00,20.810100555419922,20.8799991607666,20.810100555419922,20.854999542236328,3935,0.0,0.0
2023-10-24 14:30:00-04:00,20.810100555419922,20.90999984741211,20.810100555419922,20.899999618530273,9919,0.0,0.0
2023-10-24 15:30:00-04:00,20.889999389648438,20.93000030517578,20.850000381469727,20.889999389648438,8550,0.0,0.0
2023-10-25 09:30:00-04:00,20.889999389648438,20.899999618530273,20.756399154663086,20.834999084472656,0,0.0,0.0
2023-10-25 10:30:00-04:00,20.834999084472656,21.0,20.800100326538086,20.901599884033203,12029,0.0,0.0
2023-10-25 11:30:00-04:00,20.899999618530273,20.950000762939453,20.850000381469727,20.93000030517578,3384,0.0,0.0
2023-10-25 12:30:00-04:00,20.889999389648438,20.889999389648438,20.799999237060547,20.799999237060547,8045,0.0,0.0
2023-10-25 13:30:00-04:00,20.799999237060547,20.829999923706055,20.780000686645508,20.82069969177246,5649,0.0,0.0
2023-10-25 14:30:00-04:00,20.854999542236328,20.87220001220703,20.774700164794922,20.829999923706055,4575,0.0,0.0
2023-10-25 15:30:00-04:00,20.829999923706055,20.839500427246094,20.75,20.75,10654,0.0,0.0
2023-10-26 09:30:00-04:00,20.799999237060547,20.80500030517578,20.799999237060547,20.80389976501465,1324,0.0,0.0
2023-10-26 10:30:00-04:00,20.848899841308594,20.850000381469727,20.770099639892578,20.7992000579834,5670,0.0,0.0
2023-10-26 11:30:00-04:00,20.84000015258789,20.84000015258789,20.700000762939453,20.735000610351562,15816,0.0,0.0
2023-10-26 12:30:00-04:00,20.7549991607666,20.799999237060547,20.690000534057617,20.799999237060547,3515,0.0,0.0
2023-10-26 13:30:00-04:00,20.80500030517578,20.829999923706055,20.793399810791016,20.793399810791016,5968,0.0,0.0
2023-10-26 14:30:00-04:00,20.799999237060547,20.81999969482422,20.78499984741211,20.790000915527344,7979,0.0,0.0
2023-10-26 15:30:00-04:00,20.780000686645508,20.798200607299805,20.780000686645508,20.790000915527344,6686,0.0,0.0
2023-10-27 09:30:00-04:00,20.770000457763672,20.829999923706055,20.71500015258789,20.790000915527344,4910,0.0,0.0
2023-10-27 10:30:00-04:00,20.790000915527344,20.81999969482422,20.780000686645508,20.799999237060547,14201,0.0,0.0
2023-10-27 11:30:00-04:00,20.790000915527344,20.84000015258789,20.790000915527344,20.799999237060547,3567,0.0,0.0
2023-10-27 12:30:00-04:00,20.799999237060547,20.809999465942383,20.579999923706055,20.75,50225,0.0,0.0
2023-10-27 13:30:00-04:00,20.719999313354492,20.770000457763672,20.65999984741211,20.670000076293945,8933,0.0,0.0
2023-10-27 14:30:00-04:00,20.700300216674805,20.769899368286133,20.700000762939453,20.71150016784668,3295,0.0,0.0
2023-10-27 15:30:00-04:00,20.739999771118164,20.75,20.700000762939453,20.709999084472656,3824,0.0,0.0
2023-10-30 09:30:00-04:00,20.760000228881836,20.760000228881836,20.680099487304688,20.719999313354492,0,0.0,0.0
2023-10-30 10:30:00-04:00,20.75,20.8799991607666,20.700700759887695,20.816200256347656,13177,0.0,0.0
2023-10-30 11:30:00-04:00,20.825000762939453,20.8799991607666,20.825000762939453,20.8799991607666,15319,0.0,0.0
2023-10-30 12:30:00-04:00,20.920000076293945,20.920000076293945,20.8700008392334,20.885000228881836,4125,0.0,0.0
2023-10-30 13:30:00-04:00,20.885000228881836,20.899999618530273,20.8700008392334,20.8799991607666,7833,0.0,0.0
2023-10-30 14:30:00-04:00,20.8799991607666,20.90999984741211,20.84000015258789,20.84000015258789,25597,0.0,0.0
2023-10-30 15:30:00-04:00,20.889999389648438,20.899999618530273,20.84000015258789,20.850000381469727,13761,0.0,0.0
2023-10-31 09:30:00-04:00,20.90999984741211,20.989999771118164,20.81999969482422,20.959999084472656,25372,0.0,0.0
2023-10-31 10:30:00-04:00,20.959999084472656,20.959999084472656,20.899999618530273,20.899999618530273,3686,0.0,0.0
2023-10-31 11:30:00-04:00,20.934999465942383,20.959999084472656,20.900100708007812,20.950000762939453,4270,0.0,0.0
2023-10-31 12:30:00-04:00,20.959999084472656,20.959999084472656,20.93000030517578,20.93000030517578,2748,0.0,0.0
2023-10-31 13:30:00-04:00,20.93000030517578,20.950000762939453,20.899999618530273,20.899999618530273,11489,0.0,0.0
2023-10-31 14:30:00-04:00,20.899999618530273,20.899999618530273,20.850000381469727,20.8799991607666,16723,0.0,0.0
2023-10-31 15:30:00-04:00,20.875,20.969999313354492,20.844999313354492,20.969999313354492,17075,0.0,0.0
2023-11-01 09:30:00-04:00,21.200000762939453,21.200000762939453,21.03660011291504,21.18000030517578,33427,0.0,0.0
2023-11-01 10:30:00-04:00,21.200000762939453,21.200000762939453,21.100000381469727,21.132699966430664,7374,0.0,0.0
2023-11-01 11:30:00-04:00,21.100000381469727,21.1299991607666,21.020000457763672,21.114999771118164,17555,0.0,0.0
2023-11-01 12:30:00-04:00,21.149999618530273,21.149999618530273,21.114999771118164,21.149999618530273,3671,0.0,0.0
2023-11-01 13:30:00-04:00,21.170000076293945,21.190000534057617,21.1299991607666,21.139999389648438,10022,0.0,0.0
2023-11-01 14:30:00-04:00,21.139999389648438,21.149999618530273,21.100000381469727,21.1200008392334,8390,0.0,0.0
2023-11-01 15:30:00-04:00,21.1299991607666,21.18000030517578,21.100000381469727,21.100000381469727,16967,0.0,0.0
2023-11-02 09:30:00-04:00,21.270000457763672,21.670000076293945,21.270000457763672,21.649999618530273,28737,0.0,0.0
2023-11-02 10:30:00-04:00,21.690000534057617,21.760000228881836,21.549999237060547,21.59000015258789,21182,0.0,0.0
2023-11-02 11:30:00-04:00,21.60930061340332,21.60930061340332,21.530000686645508,21.540000915527344,3364,0.0,0.0
2023-11-02 12:30:00-04:00,21.540000915527344,21.639999389648438,21.530000686645508,21.600000381469727,4666,0.0,0.0
2023-11-02 13:30:00-04:00,21.619400024414062,21.649999618530273,21.600000381469727,21.625,8395,0.0,0.0
2023-11-02 14:30:00-04:00,21.645200729370117,21.68000030517578,21.614900588989258,21.614900588989258,13985,0.0,0.0
2023-11-02 15:30:00-04:00,21.6299991607666,21.649999618530273,21.600099563598633,21.649999618530273,5404,0.0,0.0
2023-11-03 09:30:00-04:00,21.799999237060547,21.81999969482422,21.634000778198242,21.700000762939453,0,0.0,0.0
2023-11-03 10:30:00-04:00,21.700000762939453,21.829999923706055,21.700000762939453,21.799999237060547,6213,0.0,0.0
2023-11-03 11:30:00-04:00,21.848899841308594,21.860000610351562,21.84000015258789,21.859899520874023,7760,0.0,0.0
2023-11-03 12:30:00-04:00,21.84000015258789,21.850000381469727,21.84000015258789,21.849599838256836,4383,0.0,0.0
2023-11-03 13:30:00-04:00,21.850000381469727,21.899999618530273,21.831199645996094,21.899999618530273,6075,0.0,0.0
2023-11-03 14:30:00-04:00,21.979999542236328,22.0,21.979999542236328,21.986400604248047,7817,0.0,0.0
2023-11-03 15:30:00-04:00,21.959999084472656,22.079999923706055,21.959999084472656,22.059999465942383,6272,0.0,0.0
2023-11-06 09:30:00-05:00,22.030000686645508,22.100000381469727,21.90999984741211,22.0,0,0.0,0.0
2023-11-06 10:30:00-05:00,21.959999084472656,22.15999984741211,21.959999084472656,22.0,37198,0.0,0.0
2023-11-06 11:30:00-05:00,22.030000686645508,22.06999969482422,22.0,22.0,6253,0.0,0.0
2023-11-06 12:30:00-05:00,22.0,22.024599075317383,22.0,22.000099182128906,10250,0.0,0.0
2023-11-06 13:30:00-05:00,22.018299102783203,22.018299102783203,22.0,22.014999389648438,2543,0.0,0.0
2023-11-06 14:30:00-05:00,22.014999389648438,22.0398006439209,22.0,22.00860023498535,6623,0.0,0.0
2023-11-06 15:30:00-05:00,22.0,22.049999237060547,22.0,22.0,13882,0.0,0.0
2023-11-07 09:30:00-05:00,22.049999237060547,22.049999237060547,21.850000381469727,21.851499557495117,0,0.0,0.0
2023-11-07 10:30:00-05:00,21.889999389648438,21.999900817871094,21.850000381469727,21.860000610351562,11369,0.0,0.0
2023-11-07 11:30:00-05:00,21.860000610351562,21.860000610351562,21.799999237060547,21.799999237060547,3432,0.0,0.0
2023-11-07 12:30:00-05:00,21.780000686645508,21.780000686645508,21.69930076599121,21.69930076599121,3038,0.0,0.0
2023-11-07 13:30:00-05:00,21.71500015258789,21.826200485229492,21.68000030517578,21.803499221801758,10098,0.0,0.0
2023-11-07 14:30:00-05:00,21.729999542236328,21.84000015258789,21.729999542236328,21.799999237060547,2517,0.0,0.0
2023-11-07 15:30:00-05:00,21.81999969482422,21.829999923706055,21.760000228881836,21.829999923706055,3898,0.0,0.0
2023-11-08 09:30:00-05:00,21.770000457763672,21.780000686645508,21.719999313354492,21.780000686645508,3666,0.0,0.0
2023-11-08 10:30:00-05:00,21.779699325561523,21.899999618530273,21.770000457763672,21.899999618530273,13987,0.0,0.0
2023-11-08 11:30:00-05:00,21.884899139404297,21.899999618530273,21.835800170898438,21.899999618530273,4881,0.0,0.0
2023-11-08 12:30:00-05:00,21.899999618530273,22.0,21.883499145507812,22.0,13223,0.0,0.0
2023-11-08 13:30:00-05:00,21.959999084472656,22.06999969482422,21.950000762939453,22.040000915527344,11871,0.0,0.0
2023-11-08 14:30:00-05:00,22.040000915527344,22.059999465942383,21.920000076293945,21.969999313354492,13150,0.0,0.0
2023-11-08 15:30:00-05:00,21.969999313354492,22.0,21.82670021057129,21.940000534057617,12397,0.0,0.0
2023-11-09 09:30:00-05:00,21.969999313354492,21.969999313354492,21.820499420166016,21.920000076293945,13810,0.0,0.0
2023-11-09 10:30:00-05:00,21.93000030517578,21.950000762939453,21.80139923095703,21.940000534057617,11219,0.0,0.0
2023-11-09 11:30:00-05:00,21.940000534057617,21.950000762939453,21.889999389648438,21.920000076293945,14310,0.0,0.0
2023-11-09 12:30:00-05:00,21.950000762939453,21.950000762939453,21.760000228881836,21.860000610351562,20744,0.0,0.0
2023-11-09 13:30:00-05:00,21.850000381469727,21.920000076293945,21.780000686645508,21.850000381469727,17275,0.0,0.0
2023-11-09 14:30:00-05:00,21.850000381469727,21.93000030517578,21.799999237060547,21.93000030517578,7067,0.0,0.0
2023-11-09 15:30:00-05:00,21.850000381469727,21.93000030517578,21.799999237060547,21.860000610351562,12861,0.0,0.0
2023-11-10 09:30:00-05:00,21.899999618530273,22.0,21.831199645996094,21.934999465942383,9097,0.0,0.0
2023-11-10 10:30:00-05:00,21.969999313354492,21.989999771118164,21.920000076293945,21.989999771118164,9727,0.0,0.0
2023-11-10 11:30:00-05:00,21.93000030517578,21.969999313354492,21.880599975585938,21.920000076293945,4313,0.0,0.0
2023-11-10 12:30:00-05:00,21.959999084472656,22.030000686645508,21.956300735473633,22.030000686645508,12275,0.0,0.0
2023-11-10 13:30:00-05:00,22.0,22.030000686645508,21.970199584960938,22.030000686645508,4162,0.0,0.0
2023-11-10 14:30:00-05:00,22.040000915527344,22.059999465942383,22.010000228881836,22.010000228881836,22654,0.0,0.0
2023-11-10 15:30:00-05:00,21.989999771118164,21.989999771118164,21.93000030517578,21.950000762939453,3392,0.0,0.0
2023-11-13 09:30:00-05:00,21.940000534057617,21.940000534057617,21.850000381469727,21.899999618530273,0,0.0,0.0
2023-11-13 10:30:00-05:00,21.940000534057617,21.979999542236328,21.899999618530273,21.950000762939453,13292,0.0,0.0
2023-11-13 11:30:00-05:00,21.979999542236328,22.030000686645508,21.959999084472656,22.0,7800,0.0,0.0
2023-11-13 12:30:00-05:00,22.0,22.0,21.921300888061523,22.0,3515,0.0,0.0
2023-11-13 13:30:00-05:00,22.030000686645508,22.030000686645508,22.0,22.030000686645508,6821,0.0,0.0
2023-11-13 14:30:00-05:00,22.030000686645508,22.030099868774414,22.0,22.010000228881836,12449,0.0,0.0
2023-11-13 15:30:00-05:00,22.049999237060547,22.049999237060547,22.030000686645508,22.030000686645508,1082,0.0,0.0
2023-11-14 09:30:00-05:00,22.200000762939453,22.489999771118164,22.200000762939453,22.459800720214844,20308,0.0,0.0
2023-11-14 10:30:00-05:00,22.489999771118164,22.489999771118164,22.390100479125977,22.489999771118164,5322,0.0,0.0
2023-11-14 11:30:00-05:00,22.479999542236328,22.489999771118164,22.389999389648438,22.395000457763672,7677,0.0,0.0
2023-11-14 12:30:00-05:00,22.420000076293945,22.489999771118164,22.420000076293945,22.475000381469727,6006,0.0,0.0
2023-11-14 13:30:00-05:00,22.489999771118164,22.489999771118164,22.41010093688965,22.450000762939453,11900,0.0,0.0
2023-11-14 14:30:00-05:00,22.489999771118164,22.489999771118164,22.420000076293945,22.469999313354492,7961,0.0,0.0
2023-11-14 15:30:00-05:00,22.46500015258789,22.479999542236328,22.450000762939453,22.479999542236328,11233,0.0,0.0
2023-11-15 09:30:00-05:00,22.360000610351562,22.399999618530273,22.325199127197266,22.350000381469727,7197,0.0,0.0
2023-11-15 10:30:00-05:00,22.39940071105957,22.407800674438477,22.350000381469727,22.399999618530273,7454,0.0,0.0
2023-11-15 11:30:00-05:00,22.389999389648438,22.389999389648438,22.350000381469727,22.389999389648438,8603,0.0,0.0
2023-11-15 12:30:00-05:00,22.3799991607666,22.400999069213867,22.368600845336914,22.368600845336914,3480,0.0,0.0
2023-11-15 13:30:00-05:00,22.375,22.399999618530273,22.350500106811523,22.399999618530273,7391,0.0,0.0
2023-11-15 14:30:00-05:00,22.3799991607666,22.440000534057617,22.3799991607666,22.40999984741211,5886,0.0,0.0
2023-11-15 15:30:00-05:00,22.3799991607666,22.440000534057617,22.3799991607666,22.3799991607666,4514,0.0,0.0
2023-11-16 09:30:00-05:00,22.489999771118164,22.489999771118164,22.350000381469727,22.360000610351562,6794,0.0,0.0
2023-11-16 10:30:00-05:00,22.420000076293945,22.420000076293945,22.360000610351562,22.36949920654297,4342,0.0,0.0
2023-11-16 11:30:00-05:00,22.290000915527344,22.339799880981445,22.271799087524414,22.290000915527344,7855,0.0,0.0
2023-11-16 12:30:00-05:00,22.290000915527344,22.34000015258789,22.229999542236328,22.229999542236328,6249,0.0,0.0
2023-11-16 13:30:00-05:00,22.229999542236328,22.229999542236328,22.1200008392334,22.1200008392334,6388,0.0,0.0
2023-11-16 14:30:00-05:00,22.11720085144043,22.15999984741211,22.100099563598633,22.139999389648438,9458,0.0,0.0
2023-11-16 15:30:00-05:00,22.15999984741211,22.190000534057617,22.1299991607666,22.190000534057617,4383,0.0,0.0
2023-11-17 09:30:00-05:00,22.225000381469727,22.290000915527344,22.225000381469727,22.274999618530273,3241,0.0,0.0
2023-11-17 10:30:00-05:00,22.270000457763672,22.302499771118164,22.270000457763672,22.302499771118164,2064,0.0,0.0
2023-11-17 11:30:00-05:00,22.36989974975586,22.36989974975586,22.25,22.290000915527344,12576,0.0,0.0
2023-11-17 12:30:00-05:00,22.259899139404297,22.31999969482422,22.259899139404297,22.30500030517578,2987,0.0,0.0
2023-11-17 13:30:00-05:00,22.314899444580078,22.31999969482422,22.260000228881836,22.274799346923828,2853,0.0,0.0
2023-11-17 14:30:00-05:00,22.274999618530273,22.309999465942383,22.25779914855957,22.296899795532227,6901,0.0,0.0
2023-11-17 15:30:00-05:00,22.239999771118164,22.274999618530273,22.239999771118164,22.25,5060,0.0,0.0
2023-11-20 09:30:00-05:00,22.25,22.25,22.200000762939453,22.25,15028,0.0,0.0
2023-11-20 10:30:00-05:00,22.219999313354492,22.290000915527344,22.219999313354492,22.239999771118164,5453,0.0,0.0
2023-11-20 11:30:00-05:00,22.260000228881836,22.280000686645508,22.219999313354492,22.25,4530,0.0,0.0
2023-11-20 12:30:00-05:00,22.25,22.280000686645508,22.229999542236328,22.260000228881836,3974,0.0,0.0
2023-11-20 13:30:00-05:00,22.260000228881836,22.270000457763672,22.25,22.262500762939453,1410,0.0,0.0
2023-11-20 14:30:00-05:00,22.250099182128906,22.290000915527344,22.25,22.270000457763672,5471,0.0,0.0
2023-11-20 15:30:00-05:00,22.27750015258789,22.290000915527344,22.209999084472656,22.219999313354492,2829,0.0,0.0
2023-11-21 09:30:00-05:00,22.209999084472656,22.219999313354492,22.170000076293945,22.170000076293945,0,0.0,0.0
2023-11-21 10:30:00-05:00,22.170000076293945,22.219999313354492,22.15999984741211,22.16010093688965,5688,0.0,0.0
2023-11-21 11:30:00-05:00,22.15999984741211,22.19499969482422,22.15999984741211,22.17009925842285,2476,0.0,0.0
2023-11-21 12:30:00-05:00,22.219999313354492,22.219999313354492,22.170000076293945,22.184999465942383,7197,0.0,0.0
2023-11-21 13:30:00-05:00,22.170000076293945,22.200000762939453,22.157699584960938,22.174999237060547,6622,0.0,0.0
2023-11-21 14:30:00-05:00,22.15999984741211,22.183300018310547,22.0,22.010000228881836,14210,0.0,0.0
2023-11-21 15:30:00-05:00,22.0,22.1299991607666,21.940000534057617,22.1299991607666,6010,0.0,0.0
2023-11-22 09:30:00-05:00,22.100000381469727,22.100000381469727,22.0221004486084,22.059999465942383,9289,0.0,0.0
2023-11-22 10:30:00-05:00,22.06399917602539,22.100000381469727,22.020000457763672,22.020000457763672,5013,0.0,0.0
2023-11-22 11:30:00-05:00,22.000099182128906,22.040000915527344,21.950000762939453,21.969999313354492,11188,0.0,0.0
2023-11-22 12:30:00-05:00,21.98579978942871,22.01930046081543,21.95009994506836,22.01930046081543,4090,0.0,0.0
2023-11-22 13:30:00-05:00,21.99250030517578,21.99250030517578,21.920000076293945,21.950300216674805,3640,0.0,0.0
2023-11-22 14:30:00-05:00,21.932300567626953,21.932300567626953,21.829999923706055,21.8700008392334,5424,0.0,0.0
2023-11-22 15:30:00-05:00,21.8799991607666,21.959999084472656,21.8700008392334,21.899999618530273,4022,0.0,0.0
2023-11-24 09:30:00-05:00,21.899999618530273,21.899999618530273,21.8572998046875,21.8572998046875,0,0.0,0.0
2023-11-24 10:30:00-05:00,21.939899444580078,22.069900512695312,21.939899444580078,22.03499984741211,4258,0.0,0.0
2023-11-24 11:30:00-05:00,22.040000915527344,22.06999969482422,22.000600814819336,22.06999969482422,8254,0.0,0.0
2023-11-27 09:30:00-05:00,22.0,22.100000381469727,21.970300674438477,22.065000534057617,8462,0.0,0.0
2023-11-27 10:30:00-05:00,22.100000381469727,22.139999389648438,22.055599212646484,22.139999389648438,7873,0.0,0.0
2023-11-27 11:30:00-05:00,22.074199676513672,22.149999618530273,22.05470085144043,22.149999618530273,3941,0.0,0.0
2023-11-27 12:30:00-05:00,22.122699737548828,22.190000534057617,22.122699737548828,22.190000534057617,3587,0.0,0.0
2023-11-27 13:30:00-05:00,22.13450050354004,22.190000534057617,22.13050079345703,22.190000534057617,5059,0.0,0.0
2023-11-27 14:30:00-05:00,22.165300369262695,22.199100494384766,22.111299514770508,22.155000686645508,18145,0.0,0.0
2023-11-27 15:30:00-05:00,22.1299991607666,22.190000534057617,22.100000381469727,22.190000534057617,5311,0.0,0.0
2023-11-28 09:30:00-05:00,22.139999389648438,22.189899444580078,22.1299991607666,22.170000076293945,0,0.0,0.0
2023-11-28 10:30:00-05:00,22.149999618530273,22.200000762939453,22.139999389648438,22.190099716186523,11050,0.0,0.0
2023-11-28 11:30:00-05:00,22.200000762939453,22.25,22.200000762939453,22.25,7010,0.0,0.0
2023-11-28 12:30:00-05:00,22.231000900268555,22.243999481201172,22.059999465942383,22.1200008392334,8105,0.0,0.0
2023-11-28 13:30:00-05:00,22.1200008392334,22.170000076293945,22.070100784301758,22.1200008392334,5081,0.0,0.0
2023-11-28 14:30:00-05:00,22.1200008392334,22.1200008392334,22.06999969482422,22.08009910583496,5603,0.0,0.0
2023-11-28 15:30:00-05:00,22.139999389648438,22.229999542236328,22.079999923706055,22.229999542236328,6462,0.0,0.0
2023-11-29 09:30:00-05:00,22.190000534057617,22.375600814819336,22.09000015258789,22.290000915527344,0,0.0,0.0
2023-11-29 10:30:00-05:00,22.28860092163086,22.350000381469727,22.219999313354492,22.219999313354492,9601,0.0,0.0
2023-11-29 11:30:00-05:00,22.309999465942383,22.3257999420166,22.27869987487793,22.299999237060547,2741,0.0,0.0
2023-11-29 12:30:00-05:00,22.318500518798828,22.350000381469727,22.309999465942383,22.309999465942383,6298,0.0,0.0
2023-11-29 13:30:00-05:00,22.299999237060547,22.47330093383789,22.299999237060547,22.469999313354492,11521,0.0,0.0
2023-11-29 14:30:00-05:00,22.43000030517578,22.469999313354492,22.40999984741211,22.420000076293945,12095,0.0,0.0
2023-11-29 15:30:00-05:00,22.43000030517578,22.5,22.291099548339844,22.5,23648,0.0,0.0
2023-11-30 09:30:00-05:00,22.489999771118164,22.635000228881836,22.431400299072266,22.59000015258789,22415,0.0,0.0
2023-11-30 10:30:00-05:00,22.600000381469727,22.6299991607666,22.56999969482422,22.600000381469727,5779,0.0,0.0
2023-11-30 11:30:00-05:00,22.600000381469727,22.649999618530273,22.56999969482422,22.649999618530273,4640,0.0,0.0
2023-11-30 12:30:00-05:00,22.649999618530273,22.729999542236328,22.649999618530273,22.729999542236328,4344,0.0,0.0
2023-11-30 13:30:00-05:00,22.739999771118164,22.75,22.670000076293945,22.75,3364,0.0,0.0
2023-11-30 14:30:00-05:00,22.75,22.75,22.668699264526367,22.668699264526367,10306,0.0,0.0
2023-11-30 15:30:00-05:00,22.604799270629883,22.850000381469727,22.604799270629883,22.770000457763672,17497,0.0,0.0
2023-12-01 09:30:00-05:00,22.739999771118164,22.780000686645508,22.68000030517578,22.735000610351562,5634,0.0,0.0
2023-12-01 10:30:00-05:00,22.719999313354492,22.790000915527344,22.69499969482422,22.767000198364258,9049,0.0,0.0
2023-12-01 11:30:00-05:00,22.770000457763672,22.790000915527344,22.719999313354492,22.780000686645508,7664,0.0,0.0
2023-12-01 12:30:00-05:00,22.75,22.7716007232666,22.719999313354492,22.753799438476562,8224,0.0,0.0
2023-12-01 13:30:00-05:00,22.770000457763672,22.780000686645508,22.739999771118164,22.770000457763672,9087,0.0,0.0
2023-12-01 14:30:00-05:00,22.760499954223633,22.780000686645508,22.75,22.780000686645508,15411,0.0,0.0
2023-12-01 15:30:00-05:00,22.770000457763672,22.799999237060547,22.770000457763672,22.799999237060547,2247,0.0,0.0
2023-12-04 09:30:00-05:00,22.739999771118164,22.739999771118164,22.600000381469727,22.68000030517578,18059,0.0,0.0
2023-12-04 10:30:00-05:00,22.670000076293945,22.68000030517578,22.579999923706055,22.68000030517578,16732,0.0,0.0
2023-12-04 11:30:00-05:00,22.719999313354492,22.719999313354492,22.510000228881836,22.559999465942383,21498,0.0,0.0
2023-12-04 12:30:00-05:00,22.559999465942383,22.610000610351562,22.520000457763672,22.540000915527344,20553,0.0,0.0
2023-12-04 13:30:00-05:00,22.5,22.5049991607666,22.43000030517578,22.5049991607666,7501,0.0,0.0
2023-12-04 14:30:00-05:00,22.5049991607666,22.530000686645508,22.479999542236328,22.529699325561523,11296,0.0,0.0
2023-12-04 15:30:00-05:00,22.5049991607666,22.59000015258789,22.5,22.510000228881836,6527,0.0,0.0
2023-12-05 09:30:00-05:00,22.510000228881836,22.59000015258789,22.5,22.530000686645508,29561,0.0,0.0
2023-12-05 10:30:00-05:00,22.575000762939453,22.597299575805664,22.559999465942383,22.579999923706055,16994,0.0,0.0
2023-12-05 11:30:00-05:00,22.575000762939453,22.59000015258789,22.56999969482422,22.58930015563965,14678,0.0,0.0
2023-12-05 12:30:00-05:00,22.584999084472656,22.600000381469727,22.530099868774414,22.545000076293945,13171,0.0,0.0
2023-12-05 13:30:00-05:00,22.540000915527344,22.600000381469727,22.520000457763672,22.600000381469727,8833,0.0,0.0
2023-12-05 14:30:00-05:00,22.600000381469727,22.65999984741211,22.54010009765625,22.549999237060547,14697,0.0,0.0
2023-12-05 15:30:00-05:00,22.523399353027344,22.530000686645508,22.459999084472656,22.489999771118164,10493,0.0,0.0
2023-12-06 09:30:00-05:00,22.510000228881836,22.690000534057617,22.510000228881836,22.690000534057617,15796,0.0,0.0
2023-12-06 10:30:00-05:00,22.666900634765625,22.700000762939453,22.639999389648438,22.639999389648438,24481,0.0,0.0
2023-12-06 11:30:00-05:00,22.65220069885254,22.65999984741211,22.59000015258789,22.600000381469727,5595,0.0,0.0
2023-12-06 12:30:00-05:00,22.58639907836914,22.6294002532959,22.584999084472656,22.59000015258789,15925,0.0,0.0
2023-12-06 13:30:00-05:00,22.579999923706055,22.600000381469727,22.559999465942383,22.560100555419922,8815,0.0,0.0
2023-12-06 14:30:00-05:00,22.5802001953125,22.5802001953125,22.5,22.52989959716797,11552,0.0,0.0
2023-12-06 15:30:00-05:00,22.520000457763672,22.520000457763672,22.489999771118164,22.5,6390,0.0,0.0
2023-12-07 09:30:00-05:00,22.520000457763672,22.690000534057617,22.520000457763672,22.664600372314453,14747,0.0,0.0
2023-12-07 10:30:00-05:00,22.65999984741211,22.68000030517578,22.600000381469727,22.610000610351562,17615,0.0,0.0
2023-12-07 11:30:00-05:00,22.610000610351562,22.639999389648438,22.59000015258789,22.6299991607666,16088,0.0,0.0
2023-12-07 12:30:00-05:00,22.6200008392334,22.65999984741211,22.59000015258789,22.600000381469727,8803,0.0,0.0
2023-12-07 13:30:00-05:00,22.594999313354492,22.610000610351562,22.570100784301758,22.600000381469727,8233,0.0,0.0
2023-12-07 14:30:00-05:00,22.579999923706055,22.6299991607666,22.559999465942383,22.6299991607666,6554,0.0,0.0
2023-12-07 15:30:00-05:00,22.594999313354492,22.600000381469727,22.521099090576172,22.530000686645508,3028,0.0,0.0
2023-12-08 09:30:00-05:00,22.520000457763672,22.565000534057617,22.421300888061523,22.565000534057617,0,0.0,0.0
2023-12-08 10:30:00-05:00,22.520000457763672,22.55500030517578,22.41010093688965,22.434999465942383,7835,0.0,0.0
2023-12-08 11:30:00-05:00,22.420000076293945,22.42009925842285,22.280000686645508,22.290000915527344,6228,0.0,0.0
2023-12-08 12:30:00-05:00,22.280000686645508,22.31999969482422,22.280000686645508,22.31999969482422,1689,0.0,0.0
2023-12-08 13:30:00-05:00,22.360000610351562,22.3700008392334,22.360000610351562,22.360000610351562,6406,0.0,0.0
2023-12-08 14:30:00-05:00,22.360000610351562,22.3700008392334,22.350000381469727,22.3700008392334,7309,0.0,0.0
2023-12-08 15:30:00-05:00,22.375,22.38610076904297,22.360000610351562,22.360000610351562,2469,0.0,0.0
2023-12-11 09:30:00-05:00,22.43000030517578,22.43000030517578,22.3799991607666,22.3799991607666,9935,0.0,0.0
2023-12-11 10:30:00-05:00,22.350000381469727,22.3799991607666,22.270000457763672,22.31999969482422,13018,0.0,0.0
2023-12-11 11:30:00-05:00,22.325000762939453,22.329999923706055,22.219999313354492,22.25,11229,0.0,0.0
2023-12-11 12:30:00-05:00,22.25,22.290000915527344,22.237699508666992,22.290000915527344,6524,0.0,0.0
2023-12-11 13:30:00-05:00,22.292600631713867,22.379899978637695,22.280000686645508,22.37980079650879,6126,0.0,0.0
2023-12-11 14:30:00-05:00,22.375699996948242,22.3799991607666,22.329999923706055,22.329999923706055,9507,0.0,0.0
2023-12-11 15:30:00-05:00,22.34000015258789,22.350000381469727,22.309999465942383,22.329999923706055,8290,0.0,0.0
2023-12-12 09:30:00-05:00,22.360000610351562,22.399999618530273,22.351499557495117,22.3799991607666,0,0.0,0.0
2023-12-12 10:30:00-05:00,22.399999618530273,22.450000762939453,22.3799991607666,22.395000457763672,6998,0.0,0.0
2023-12-12 11:30:00-05:00,22.375600814819336,22.420000076293945,22.3700008392334,22.3700008392334,5158,0.0,0.0
2023-12-12 12:30:00-05:00,22.39859962463379,22.450000762939453,22.39859962463379,22.40999984741211,1920,0.0,0.0
2023-12-12 13:30:00-05:00,22.459999084472656,22.50200080871582,22.420000076293945,22.479999542236328,6540,0.0,0.0
2023-12-12 14:30:00-05:00,22.46619987487793,22.489999771118164,22.426599502563477,22.454999923706055,0,0.0,0.0
2023-12-12 15:30:00-05:00,22.489999771118164,22.530000686645508,22.3700008392334,22.3700008392334,39995,0.0,0.0
2023-12-13 09:30:00-05:00,22.360000610351562,22.510000228881836,22.360000610351562,22.450000762939453,10123,0.0,0.0
2023-12-13 10:30:00-05:00,22.445999145507812,22.459999084472656,22.40999984741211,22.427000045776367,11038,0.0,0.0
2023-12-13 11:30:00-05:00,22.43790054321289,22.43790054321289,22.40999984741211,22.41629981994629,7283,0.0,0.0
2023-12-13 12:30:00-05:00,22.40999984741211,22.43000030517578,22.40999984741211,22.41990089416504,3320,0.0,0.0
2023-12-13 13:30:00-05:00,22.3971004486084,22.5,22.3799991607666,22.5,11721,0.0,0.0
2023-12-13 14:30:00-05:00,22.52869987487793,22.700000762939453,22.510000228881836,22.69029998779297,29099,0.0,0.0
2023-12-13 15:30:00-05:00,22.690000534057617,22.8700008392334,22.690000534057617,22.8700008392334,9421,0.0,0.0
2023-12-14 09:30:00-05:00,23.0,23.25,22.989999771118164,23.120100021362305,31971,0.0,0.0
2023-12-14 10:30:00-05:00,23.149999618530273,23.34040069580078,23.149900436401367,23.280000686645508,10856,0.0,0.0
2023-12-14 11:30:00-05:00,23.280000686645508,23.3799991607666,23.280000686645508,23.329999923706055,17439,0.0,0.0
2023-12-14 12:30:00-05:00,23.329999923706055,23.440000534057617,23.329999923706055,23.34000015258789,18039,0.0,0.0
2023-12-14 13:30:00-05:00,23.34000015258789,23.530000686645508,23.290000915527344,23.530000686645508,8439,0.0,0.0
2023-12-14 14:30:00-05:00,23.489999771118164,23.530000686645508,23.479999542236328,23.489999771118164,16011,0.0,0.0
2023-12-14 15:30:00-05:00,23.5,23.510000228881836,23.479999542236328,23.489999771118164,11051,0.0,0.0
2023-12-15 09:30:00-05:00,23.5,23.609899520874023,23.270000457763672,23.609899520874023,13800,0.0,0.0
2023-12-15 10:30:00-05:00,23.610000610351562,23.729999542236328,23.520000457763672,23.605899810791016,17132,0.0,0.0
2023-12-15 11:30:00-05:00,23.610000610351562,23.649999618530273,23.515300750732422,23.53499984741211,13463,0.0,0.0
2023-12-15 12:30:00-05:00,23.510099411010742,23.529600143432617,23.423500061035156,23.5,12129,0.0,0.0
2023-12-15 13:30:00-05:00,23.40999984741211,23.510000228881836,23.399999618530273,23.510000228881836,3376,0.0,0.0
2023-12-15 14:30:00-05:00,23.510000228881836,23.549999237060547,23.479999542236328,23.479999542236328,4501,0.0,0.0
2023-12-15 15:30:00-05:00,23.5049991607666,23.5049991607666,23.459999084472656,23.459999084472656,4926,0.0,0.0
2023-12-18 09:30:00-05:00,23.399999618530273,23.479999542236328,23.15999984741211,23.239999771118164,16899,0.0,0.0
2023-12-18 10:30:00-05:00,23.239999771118164,23.267000198364258,23.1299991607666,23.1299991607666,7630,0.0,0.0
2023-12-18 11:30:00-05:00,23.15999984741211,23.292299270629883,23.059999465942383,23.260000228881836,8114,0.0,0.0
2023-12-18 12:30:00-05:00,23.28350067138672,23.299999237060547,23.260000228881836,23.280000686645508,4825,0.0,0.0
2023-12-18 13:30:00-05:00,23.299999237060547,23.299999237060547,23.15999984741211,23.190000534057617,9236,0.0,0.0
2023-12-18 14:30:00-05:00,23.170000076293945,23.251699447631836,23.15999984741211,23.239999771118164,12846,0.0,0.0
2023-12-18 15:30:00-05:00,23.239999771118164,23.2450008392334,23.059999465942383,23.1299991607666,10132,0.0,0.0
2023-12-19 09:30:00-05:00,23.1200008392334,23.209999084472656,23.06999969482422,23.149999618530273,19319,0.0,0.0
2023-12-19 10:30:00-05:00,23.149999618530273,23.18000030517578,23.10110092163086,23.18000030517578,12933,0.0,0.0
2023-12-19 11:30:00-05:00,23.18000030517578,23.29990005493164,23.18000030517578,23.25,12847,0.0,0.0
2023-12-19 12:30:00-05:00,23.25,23.280000686645508,23.2450008392334,23.25,7472,0.0,0.0
2023-12-19 13:30:00-05:00,23.25,23.27869987487793,23.25,23.276100158691406,3921,0.0,0.0
2023-12-19 14:30:00-05:00,23.27429962158203,23.280000686645508,23.229999542236328,23.260000228881836,8941,0.0,0.0
2023-12-19 15:30:00-05:00,23.260000228881836,23.299999237060547,23.25,23.299999237060547,4105,0.0,0.0
2023-12-20 09:30:00-05:00,23.200000762939453,23.309999465942383,23.190000534057617,23.309999465942383,17599,0.0,0.0
2023-12-20 10:30:00-05:00,23.309999465942383,23.40999984741211,23.309999465942383,23.373699188232422,8036,0.0,0.0
2023-12-20 11:30:00-05:00,23.3700008392334,23.389999389648438,23.329999923706055,23.33009910583496,7214,0.0,0.0
2023-12-20 12:30:00-05:00,23.34000015258789,23.405000686645508,23.313600540161133,23.389999389648438,3678,0.0,0.0
2023-12-20 13:30:00-05:00,23.3799991607666,23.429899215698242,23.329999923706055,23.40999984741211,18520,0.0,0.0
2023-12-20 14:30:00-05:00,23.389999389648438,23.389999389648438,23.239999771118164,23.355899810791016,6903,0.0,0.0
2023-12-20 15:30:00-05:00,23.3700008392334,23.3700008392334,23.31999969482422,23.34000015258789,7457,0.0,0.0
2023-12-21 09:30:00-05:00,23.360000610351562,23.494199752807617,23.34000015258789,23.450000762939453,15293,0.0,0.0
2023-12-21 10:30:00-05:00,23.470199584960938,23.549999237060547,23.451200485229492,23.549999237060547,15210,0.0,0.0
2023-12-21 11:30:00-05:00,23.549999237060547,23.57990074157715,23.510000228881836,23.530000686645508,15704,0.0,0.0
2023-12-21 12:30:00-05:00,23.540000915527344,23.629899978637695,23.524999618530273,23.566499710083008,14714,0.0,0.0
2023-12-21 13:30:00-05:00,23.584999084472656,23.600000381469727,23.549999237060547,23.56999969482422,9583,0.0,0.0
2023-12-21 14:30:00-05:00,23.56999969482422,23.59000015258789,23.540000915527344,23.584999084472656,20110,0.0,0.0
2023-12-21 15:30:00-05:00,23.59000015258789,23.639999389648438,23.559999465942383,23.639999389648438,7231,0.0,0.0
2023-12-22 09:30:00-05:00,23.600000381469727,23.600000381469727,23.520000457763672,23.55500030517578,9023,0.0,0.0
2023-12-22 10:30:00-05:00,23.54800033569336,23.59000015258789,23.54800033569336,23.59000015258789,6067,0.0,0.0
2023-12-22 11:30:00-05:00,23.572099685668945,23.6200008392334,23.555999755859375,23.610000610351562,12352,0.0,0.0
2023-12-22 12:30:00-05:00,23.6200008392334,23.639999389648438,23.61009979248047,23.6299991607666,8914,0.0,0.0
2023-12-22 13:30:00-05:00,23.639999389648438,23.639999389648438,23.56999969482422,23.56999969482422,10867,0.0,0.0
2023-12-22 14:30:00-05:00,23.540000915527344,23.639999389648438,23.520000457763672,23.62689971923828,15728,0.0,0.0
2023-12-22 15:30:00-05:00,23.6200008392334,23.639999389648438,23.610000610351562,23.639999389648438,5616,0.0,0.0
2023-12-26 09:30:00-05:00,23.600000381469727,23.6299991607666,23.510400772094727,23.6299991607666,0,0.0,0.0
2023-12-26 10:30:00-05:00,23.600000381469727,23.6299991607666,23.521799087524414,23.6299991607666,10425,0.0,0.0
2023-12-26 11:30:00-05:00,23.627399444580078,23.6299991607666,23.610000610351562,23.6299991607666,10301,0.0,0.0
2023-12-26 12:30:00-05:00,23.6299991607666,23.6299991607666,23.617599487304688,23.625,3539,0.0,0.0
2023-12-26 13:30:00-05:00,23.6299991607666,23.690000534057617,23.6299991607666,23.690000534057617,3433,0.0,0.0
2023-12-26 14:30:00-05:00,23.670000076293945,23.68000030517578,23.649999618530273,23.670000076293945,3840,0.0,0.0
2023-12-26 15:30:00-05:00,23.6299991607666,23.689899444580078,23.600000381469727,23.610000610351562,13256,0.0,0.0
2023-12-27 09:30:00-05:00,23.549999237060547,23.650800704956055,23.549999237060547,23.595800399780273,6951,0.0,0.0
2023-12-27 10:30:00-05:00,23.59000015258789,23.659900665283203,23.59000015258789,23.6200008392334,5326,0.0,0.0
2023-12-27 11:30:00-05:00,23.629499435424805,23.65999984741211,23.629499435424805,23.650100708007812,3780,0.0,0.0
2023-12-27 12:30:00-05:00,23.649999618530273,23.690000534057617,23.649999618530273,23.690000534057617,6056,0.0,0.0
2023-12-27 13:30:00-05:00,23.709999084472656,23.709999084472656,23.67009925842285,23.709999084472656,5498,0.0,0.0
2023-12-27 14:30:00-05:00,23.709999084472656,23.716100692749023,23.65999984741211,23.66010093688965,10414,0.0,0.0
2023-12-27 15:30:00-05:00,23.65999984741211,23.65999984741211,23.610000610351562,23.639999389648438,19021,0.0,0.0
2023-12-28 09:30:00-05:00,23.670000076293945,23.670000076293945,23.56999969482422,23.600000381469727,14297,0.0,0.0
2023-12-28 10:30:00-05:00,23.600000381469727,23.641300201416016,23.559999465942383,23.559999465942383,12885,0.0,0.0
2023-12-28 11:30:00-05:00,23.565000534057617,23.600000381469727,23.530000686645508,23.575000762939453,23361,0.0,0.0
2023-12-28 12:30:00-05:00,23.575000762939453,23.649999618530273,23.575000762939453,23.6200008392334,11870,0.0,0.0
2023-12-28 13:30:00-05:00,23.614999771118164,23.658300399780273,23.559999465942383,23.56999969482422,8116,0.0,0.0
2023-12-28 14:30:00-05:00,23.549999237060547,23.6112003326416,23.530000686645508,23.540000915527344,5608,0.0,0.0
2023-12-28 15:30:00-05:00,23.540000915527344,23.549999237060547,23.389999389648438,23.540000915527344,12029,0.0,0.0
2023-12-29 09:30:00-05:00,23.530000686645508,23.639999389648438,23.47170066833496,23.600000381469727,0,0.0,0.0
2023-12-29 10:30:00-05:00,23.6299991607666,23.649999618530273,23.56999969482422,23.639999389648438,6970,0.0,0.0
2023-12-29 11:30:00-05:00,23.639999389648438,23.68000030517578,23.6299991607666,23.649999618530273,4537,0.0,0.0
2023-12-29 12:30:00-05:00,23.59000015258789,23.68000030517578,23.59000015258789,23.65999984741211,3695,0.0,0.0
2023-12-29 13:30:00-05:00,23.65999984741211,23.670000076293945,23.58769989013672,23.649999618530273,13738,0.0,0.0
2023-12-29 14:30:00-05:00,23.645000457763672,23.670000076293945,23.549999237060547,23.649999618530273,20776,0.0,0.0
2023-12-29 15:30:00-05:00,23.6299991607666,23.719999313354492,23.440000534057617,23.440000534057617,41573,0.0,0.0
2024-01-02 09:30:00-05:00,23.399999618530273,23.611600875854492,23.399999618530273,23.469999313354492,12769,0.0,0.0
2024-01-02 10:30:00-05:00,23.489999771118164,23.520000457763672,23.460899353027344,23.520000457763672,9167,0.0,0.0
2024-01-02 11:30:00-05:00,23.540000915527344,23.600000381469727,23.459999084472656,23.600000381469727,13555,0.0,0.0
2024-01-02 12:30:00-05:00,23.600000381469727,23.639999389648438,23.549999237060547,23.639999389648438,10293,0.0,0.0
2024-01-02 13:30:00-05:00,23.639999389648438,23.649999618530273,23.59000015258789,23.59000015258789,4902,0.0,0.0
2024-01-02 14:30:00-05:00,23.559999465942383,23.6299991607666,23.440000534057617,23.6200008392334,7623,0.0,0.0
2024-01-02 15:30:00-05:00,23.6200008392334,23.670000076293945,23.549999237060547,23.649999618530273,10741,0.0,0.0
2024-01-03 09:30:00-05:00,23.65999984741211,23.65999984741211,23.513999938964844,23.635000228881836,14691,0.0,0.0
2024-01-03 10:30:00-05:00,23.670000076293945,23.780000686645508,23.600000381469727,23.729999542236328,90754,0.0,0.0
2024-01-03 11:30:00-05:00,23.729999542236328,23.799999237060547,23.729999542236328,23.799999237060547,8023,0.0,0.0
2024-01-03 12:30:00-05:00,23.809999465942383,23.860000610351562,23.787799835205078,23.850000381469727,29363,0.0,0.0
2024-01-03 13:30:00-05:00,23.85849952697754,23.889999389648438,23.84000015258789,23.860000610351562,11288,0.0,0.0
2024-01-03 14:30:00-05:00,23.90999984741211,23.90999984741211,23.84000015258789,23.864999771118164,10989,0.0,0.0
2024-01-03 15:30:00-05:00,23.8799991607666,23.889999389648438,23.84000015258789,23.850000381469727,14586,0.0,0.0
2024-01-04 09:30:00-05:00,23.790000915527344,23.850000381469727,23.790000915527344,23.850000381469727,24802,0.0,0.0
2024-01-04 10:30:00-05:00,23.850000381469727,23.975000381469727,23.850000381469727,23.969999313354492,23633,0.0,0.0
2024-01-04 11:30:00-05:00,23.969999313354492,24.00860023498535,23.969999313354492,24.0,15686,0.0,0.0
2024-01-04 12:30:00-05:00,23.979999542236328,24.002899169921875,23.979999542236328,23.979999542236328,4699,0.0,0.0
2024-01-04 13:30:00-05:00,23.979999542236328,23.985000610351562,23.979999542236328,23.985000610351562,2951,0.0,0.0
2024-01-04 14:30:00-05:00,23.980300903320312,24.020000457763672,23.979999542236328,23.979999542236328,4006,0.0,0.0
2024-01-04 15:30:00-05:00,23.979999542236328,24.025999069213867,23.979999542236328,23.979999542236328,19955,0.0,0.0
2024-01-05 09:30:00-05:00,24.0,24.1200008392334,23.915000915527344,24.056100845336914,31379,0.0,0.0
2024-01-05 10:30:00-05:00,24.030000686645508,24.040000915527344,23.959999084472656,24.0,19999,0.0,0.0
2024-01-05 11:30:00-05:00,24.0,24.0,23.889999389648438,23.909900665283203,48750,0.0,0.0
2024-01-05 12:30:00-05:00,23.899999618530273,23.95009994506836,23.889999389648438,23.95009994506836,13183,0.0,0.0
2024-01-05 13:30:00-05:00,23.969999313354492,24.010000228881836,23.959999084472656,24.010000228881836,203806,0.0,0.0
2024-01-05 14:30:00-05:00,24.0,24.0,23.920000076293945,23.920000076293945,5886,0.0,0.0
2024-01-05 15:30:00-05:00,23.940000534057617,23.940000534057617,23.920000076293945,23.93000030517578,3933,0.0,0.0
2024-01-08 09:30:00-05:00,23.959999084472656,24.020000457763672,23.950000762939453,23.977100372314453,0,0.0,0.0
2024-01-08 10:30:00-05:00,23.969999313354492,24.079999923706055,23.969999313354492,23.979999542236328,8430,0.0,0.0
2024-01-08 11:30:00-05:00,24.030000686645508,24.030000686645508,23.969999313354492,23.991199493408203,8558,0.0,0.0
2024-01-08 12:30:00-05:00,23.98310089111328,24.026399612426758,23.979999542236328,24.000099182128906,1908,0.0,0.0
2024-01-08 13:30:00-05:00,24.0226993560791,24.059999465942383,24.020000457763672,24.059999465942383,2100,0.0,0.0
2024-01-08 14:30:00-05:00,24.03499984741211,24.079999923706055,24.030099868774414,24.059999465942383,4923,0.0,0.0
2024-01-08 15:30:00-05:00,24.05500030517578,24.100000381469727,24.05500030517578,24.079999923706055,3982,0.0,0.0
2024-01-09 09:30:00-05:00,24.010000228881836,24.079999923706055,24.00119972229004,24.079999923706055,0,0.0,0.0
2024-01-09 10:30:00-05:00,24.059999465942383,24.09000015258789,24.059999465942383,24.070100784301758,11197,0.0,0.0
2024-01-09 11:30:00-05:00,24.07029914855957,24.096500396728516,24.06999969482422,24.090700149536133,5514,0.0,0.0
2024-01-09 12:30:00-05:00,24.100000381469727,24.1200008392334,24.09000015258789,24.1200008392334,2326,0.0,0.0
2024-01-09 13:30:00-05:00,24.12619972229004,24.1299991607666,24.1200008392334,24.124099731445312,4360,0.0,0.0
2024-01-09 14:30:00-05:00,24.120899200439453,24.1299991607666,24.09000015258789,24.109899520874023,5647,0.0,0.0
2024-01-09 15:30:00-05:00,24.081499099731445,24.081499099731445,24.06999969482422,24.06999969482422,0,0.0,0.0
2024-01-10 09:30:00-05:00,24.149999618530273,24.149999618530273,24.049999237060547,24.110000610351562,115531,0.0,0.0
2024-01-10 10:30:00-05:00,24.079999923706055,24.100000381469727,24.079999923706055,24.09000015258789,20710,0.0,0.0
2024-01-10 11:30:00-05:00,24.079999923706055,24.100000381469727,24.079999923706055,24.100000381469727,3755,0.0,0.0
2024-01-10 12:30:00-05:00,24.079999923706055,24.08009910583496,24.049999237060547,24.059999465942383,6204,0.0,0.0
2024-01-10 13:30:00-05:00,24.059999465942383,24.079999923706055,24.020000457763672,24.03529930114746,3987,0.0,0.0
2024-01-10 14:30:00-05:00,24.010000228881836,24.010000228881836,23.979999542236328,24.0,12269,0.0,0.0
2024-01-10 15:30:00-05:00,23.989999771118164,24.010000228881836,23.979999542236328,23.979999542236328,7017,0.0,0.0
2024-01-11 09:30:00-05:00,24.049999237060547,24.049999237060547,23.979999542236328,23.989999771118164,0,0.0,0.0
2024-01-11 10:30:00-05:00,24.089399337768555,24.089399337768555,24.020099639892578,24.049999237060547,5131,0.0,0.0
2024-01-11 11:30:00-05:00,24.010000228881836,24.020000457763672,24.010000228881836,24.012699127197266,2667,0.0,0.0
2024-01-11 12:30:00-05:00,24.020000457763672,24.049999237060547,24.017499923706055,24.040000915527344,5520,0.0,0.0
2024-01-11 13:30:00-05:00,24.031200408935547,24.059999465942383,24.030000686645508,24.030000686645508,4712,0.0,0.0
2024-01-11 14:30:00-05:00,24.033100128173828,24.059999465942383,24.018999099731445,24.030000686645508,3404,0.0,0.0
2024-01-11 15:30:00-05:00,24.010000228881836,24.049999237060547,23.969999313354492,23.979999542236328,5381,0.0,0.0
2024-01-12 09:30:00-05:00,24.020000457763672,24.084999084472656,24.001399993896484,24.030000686645508,0,0.0,0.0
2024-01-12 10:30:00-05:00,24.038799285888672,24.059999465942383,24.030000686645508,24.030000686645508,7546,0.0,0.0
2024-01-12 11:30:00-05:00,24.049999237060547,24.055099487304688,24.030000686645508,24.035900115966797,45943,0.0,0.0
2024-01-12 12:30:00-05:00,24.040000915527344,24.040000915527344,24.010000228881836,24.010000228881836,4197,0.0,0.0
2024-01-12 13:30:00-05:00,24.030000686645508,24.030000686645508,24.010000228881836,24.010000228881836,1366,0.0,0.0
2024-01-12 14:30:00-05:00,24.020000457763672,24.030000686645508,24.010000228881836,24.010000228881836,9695,0.0,0.0
2024-01-12 15:30:00-05:00,24.010000228881836,24.040000915527344,24.010000228881836,24.010000228881836,2359,0.0,0.0
2024-01-16 09:30:00-05:00,23.739999771118164,23.809999465942383,23.680999755859375,23.739999771118164,12751,0.0,0.0
2024-01-16 10:30:00-05:00,23.763399124145508,23.799999237060547,23.68000030517578,23.70509910583496,10204,0.0,0.0
2024-01-16 11:30:00-05:00,23.690000534057617,23.702299118041992,23.674999237060547,23.684999465942383,5394,0.0,0.0
2024-01-16 12:30:00-05:00,23.68000030517578,23.68000030517578,23.639999389648438,23.649599075317383,5285,0.0,0.0
2024-01-16 13:30:00-05:00,23.6299991607666,23.6299991607666,23.5,23.59000015258789,14373,0.0,0.0
2024-01-16 14:30:00-05:00,23.594999313354492,23.609899520874023,23.549999237060547,23.56999969482422,11779,0.0,0.0
2024-01-16 15:30:00-05:00,23.56100082397461,23.579999923706055,23.549999237060547,23.549999237060547,0,0.0,0.0
2024-01-17 09:30:00-05:00,23.459999084472656,23.540000915527344,23.450000762939453,23.515499114990234,14033,0.0,0.0
2024-01-17 10:30:00-05:00,23.530000686645508,23.541099548339844,23.5,23.541099548339844,11201,0.0,0.0
2024-01-17 11:30:00-05:00,23.559999465942383,23.56399917602539,23.5,23.5,3307,0.0,0.0
2024-01-17 12:30:00-05:00,23.524999618530273,23.549999237060547,23.469999313354492,23.5,8581,0.0,0.0
2024-01-17 13:30:00-05:00,23.499900817871094,23.510000228881836,23.469999313354492,23.491199493408203,5840,0.0,0.0
2024-01-17 14:30:00-05:00,23.5,23.600000381469727,23.489999771118164,23.558399200439453,16382,0.0,0.0
2024-01-17 15:30:00-05:00,23.54199981689453,23.559999465942383,23.469999313354492,23.469999313354492,6568,0.0,0.0
2024-01-18 09:30:00-05:00,23.489999771118164,23.6299991607666,23.479999542236328,23.575000762939453,0,0.0,0.0
2024-01-18 10:30:00-05:00,23.56999969482422,23.610000610351562,23.540000915527344,23.610000610351562,22591,0.0,0.0
2024-01-18 11:30:00-05:00,23.579599380493164,23.579599380493164,23.43000030517578,23.469900131225586,51714,0.0,0.0
2024-01-18 12:30:00-05:00,23.450000762939453,23.469999313354492,23.43000030517578,23.469999313354492,11126,0.0,0.0
2024-01-18 13:30:00-05:00,23.469999313354492,23.539899826049805,23.459999084472656,23.489999771118164,9535,0.0,0.0
2024-01-18 14:30:00-05:00,23.496700286865234,23.496700286865234,23.459999084472656,23.469999313354492,6002,0.0,0.0
2024-01-18 15:30:00-05:00,23.470800399780273,23.470800399780273,23.43000030517578,23.43000030517578,0,0.0,0.0
2024-01-19 09:30:00-05:00,23.3700008392334,23.43000030517578,23.329999923706055,23.341299057006836,22302,0.0,0.0
2024-01-19 10:30:00-05:00,23.399999618530273,23.440000534057617,23.329999923706055,23.43000030517578,4081,0.0,0.0
2024-01-19 11:30:00-05:00,23.441499710083008,23.469999313354492,23.399999618530273,23.469999313354492,7450,0.0,0.0
2024-01-19 12:30:00-05:00,23.469999313354492,23.489999771118164,23.450000762939453,23.489999771118164,2637,0.0,0.0
2024-01-19 13:30:00-05:00,23.479999542236328,23.520000457763672,23.479999542236328,23.49250030517578,3685,0.0,0.0
2024-01-19 14:30:00-05:00,23.469999313354492,23.4950008392334,23.399999618530273,23.440000534057617,23158,0.0,0.0
2024-01-19 15:30:00-05:00,23.479999542236328,23.489999771118164,23.440000534057617,23.440000534057617,14483,0.0,0.0
2024-01-22 09:30:00-05:00,23.649999618530273,23.700000762939453,23.540000915527344,23.64069938659668,0,0.0,0.0
2024-01-22 10:30:00-05:00,23.642900466918945,23.642900466918945,23.56999969482422,23.579999923706055,4089,0.0,0.0
2024-01-22 11:30:00-05:00,23.579999923706055,23.639999389648438,23.579999923706055,23.59000015258789,8253,0.0,0.0
2024-01-22 12:30:00-05:00,23.6200008392334,23.709999084472656,23.6200008392334,23.68000030517578,10629,0.0,0.0
2024-01-22 13:30:00-05:00,23.670000076293945,23.700000762939453,23.65999984741211,23.690000534057617,5335,0.0,0.0
2024-01-22 14:30:00-05:00,23.672700881958008,23.700000762939453,23.6299991607666,23.68000030517578,5844,0.0,0.0
2024-01-22 15:30:00-05:00,23.690000534057617,23.700000762939453,23.67340087890625,23.698999404907227,4204,0.0,0.0
2024-01-23 09:30:00-05:00,23.709999084472656,23.709999084472656,23.600099563598633,23.65999984741211,0,0.0,0.0
2024-01-23 10:30:00-05:00,23.614200592041016,23.655099868774414,23.614200592041016,23.655099868774414,2026,0.0,0.0
2024-01-23 11:30:00-05:00,23.649999618530273,23.680500030517578,23.649999618530273,23.662700653076172,3067,0.0,0.0
2024-01-23 12:30:00-05:00,23.68000030517578,23.690000534057617,23.65999984741211,23.68000030517578,4996,0.0,0.0
2024-01-23 13:30:00-05:00,23.65999984741211,23.67799949645996,23.65999984741211,23.672800064086914,3869,0.0,0.0
2024-01-23 14:30:00-05:00,23.652799606323242,23.690000534057617,23.6299991607666,23.690000534057617,26315,0.0,0.0
2024-01-23 15:30:00-05:00,23.69499969482422,23.723899841308594,23.690000534057617,23.700000762939453,10837,0.0,0.0
2024-01-24 09:30:00-05:00,23.700000762939453,23.740100860595703,23.700000762939453,23.740100860595703,0,0.0,0.0
2024-01-24 10:30:00-05:00,23.719999313354492,23.725799560546875,23.700000762939453,23.700000762939453,14219,0.0,0.0
2024-01-24 11:30:00-05:00,23.718399047851562,23.729999542236328,23.700000762939453,23.729999542236328,2374,0.0,0.0
2024-01-24 12:30:00-05:00,23.729999542236328,23.752500534057617,23.700000762939453,23.700000762939453,7124,0.0,0.0
2024-01-24 13:30:00-05:00,23.700000762939453,23.75979995727539,23.700000762939453,23.759700775146484,6211,0.0,0.0
2024-01-24 14:30:00-05:00,23.719999313354492,23.760000228881836,23.700000762939453,23.7450008392334,14196,0.0,0.0
2024-01-24 15:30:00-05:00,23.7450008392334,23.789899826049805,23.700000762939453,23.739999771118164,10064,0.0,0.0
2024-01-25 09:30:00-05:00,23.790000915527344,23.790000915527344,23.719999313354492,23.75,8954,0.0,0.0
2024-01-25 10:30:00-05:00,23.739999771118164,23.790000915527344,23.719999313354492,23.77560043334961,4569,0.0,0.0
2024-01-25 11:30:00-05:00,23.739999771118164,23.799999237060547,23.739999771118164,23.787900924682617,5327,0.0,0.0
2024-01-25 12:30:00-05:00,23.780000686645508,23.825199127197266,23.760000228881836,23.790199279785156,9234,0.0,0.0
2024-01-25 13:30:00-05:00,23.799999237060547,23.860000610351562,23.760099411010742,23.860000610351562,4575,0.0,0.0
2024-01-25 14:30:00-05:00,23.829999923706055,23.950000762939453,23.81999969482422,23.920000076293945,8960,0.0,0.0
2024-01-25 15:30:00-05:00,23.90999984741211,23.920000076293945,23.889999389648438,23.90999984741211,4551,0.0,0.0
2024-01-26 09:30:00-05:00,23.93000030517578,23.93000030517578,23.860000610351562,23.90999984741211,6051,0.0,0.0
2024-01-26 10:30:00-05:00,23.8700008392334,23.940000534057617,23.860000610351562,23.924999237060547,5624,0.0,0.0
2024-01-26 11:30:00-05:00,23.899999618530273,23.920000076293945,23.860000610351562,23.889999389648438,6347,0.0,0.0
2024-01-26 12:30:00-05:00,23.885000228881836,23.939800262451172,23.885000228881836,23.939800262451172,1619,0.0,0.0
2024-01-26 13:30:00-05:00,23.900100708007812,23.901500701904297,23.8799991607666,23.8799991607666,1807,0.0,0.0
2024-01-26 14:30:00-05:00,23.8799991607666,23.893999099731445,23.860000610351562,23.879199981689453,7310,0.0,0.0
2024-01-26 15:30:00-05:00,23.860000610351562,23.860000610351562,23.860000610351562,23.860000610351562,208,0.0,0.0
2024-01-29 09:30:00-05:00,23.889999389648438,23.940000534057617,23.810100555419922,23.940000534057617,8626,0.0,0.0
2024-01-29 10:30:00-05:00,23.899999618530273,23.93079948425293,23.86590003967285,23.88520050048828,2021,0.0,0.0
2024-01-29 11:30:00-05:00,23.889999389648438,23.940000534057617,23.889999389648438,23.920000076293945,8325,0.0,0.0
2024-01-29 12:30:00-05:00,23.896299362182617,23.90999984741211,23.896299362182617,23.90999984741211,835,0.0,0.0
2024-01-29 13:30:00-05:00,23.90999984741211,23.93000030517578,23.889999389648438,23.905000686645508,6244,0.0,0.0
2024-01-29 14:30:00-05:00,23.894699096679688,23.979999542236328,23.889999389648438,23.979999542236328,5374,0.0,0.0
2024-01-29 15:30:00-05:00,23.959999084472656,23.97170066833496,23.93000030517578,23.93000030517578,4475,0.0,0.0
2024-01-30 09:30:00-05:00,23.969999313354492,23.979999542236328,23.90999984741211,23.90999984741211,13755,0.0,0.0
2024-01-30 10:30:00-05:00,23.920000076293945,23.940000534057617,23.889999389648438,23.915000915527344,9949,0.0,0.0
2024-01-30 11:30:00-05:00,23.899999618530273,23.939899444580078,23.889999389648438,23.939899444580078,6375,0.0,0.0
2024-01-30 12:30:00-05:00,23.899999618530273,23.899999618530273,23.889999389648438,23.899999618530273,3516,0.0,0.0
2024-01-30 13:30:00-05:00,23.889999389648438,23.90999984741211,23.889999389648438,23.90559959411621,6714,0.0,0.0
2024-01-30 14:30:00-05:00,23.920000076293945,23.920000076293945,23.889999389648438,23.918500900268555,10027,0.0,0.0
2024-01-30 15:30:00-05:00,23.918500900268555,23.920000076293945,23.8799991607666,23.899999618530273,7100,0.0,0.0
2024-01-31 09:30:00-05:00,23.8700008392334,23.959999084472656,23.850000381469727,23.90999984741211,30162,0.0,0.0
2024-01-31 10:30:00-05:00,23.911300659179688,23.920000076293945,23.90999984741211,23.90999984741211,6067,0.0,0.0
2024-01-31 11:30:00-05:00,23.91069984436035,23.959999084472656,23.90999984741211,23.959999084472656,9551,0.0,0.0
2024-01-31 12:30:00-05:00,23.953899383544922,23.959999084472656,23.93000030517578,23.93000030517578,6302,0.0,0.0
2024-01-31 13:30:00-05:00,23.940000534057617,23.959999084472656,23.940000534057617,23.940000534057617,3927,0.0,0.0
2024-01-31 14:30:00-05:00,23.959999084472656,23.979999542236328,23.93000030517578,23.93000030517578,11077,0.0,0.0
2024-01-31 15:30:00-05:00,23.979999542236328,23.979999542236328,23.940000534057617,23.979999542236328,12196,0.0,0.0
2024-02-01 09:30:00-05:00,24.0,24.020000457763672,23.969999313354492,24.020000457763672,29953,0.0,0.0
2024-02-01 10:30:00-05:00,24.020000457763672,24.020000457763672,24.0,24.01059913635254,3931,0.0,0.0
2024-02-01 11:30:00-05:00,24.020000457763672,24.027000427246094,24.0,24.0,5171,0.0,0.0
2024-02-01 12:30:00-05:00,24.020000457763672,24.09000015258789,24.010099411010742,24.020000457763672,6810,0.0,0.0
2024-02-01 13:30:00-05:00,24.040000915527344,24.079999923706055,24.030000686645508,24.079999923706055,5396,0.0,0.0
2024-02-01 14:30:00-05:00,24.059999465942383,24.18000030517578,24.059999465942383,24.170000076293945,7845,0.0,0.0
2024-02-01 15:30:00-05:00,24.170000076293945,24.295000076293945,24.170000076293945,24.295000076293945,11753,0.0,0.0
2024-02-02 09:30:00-05:00,24.15999984741211,24.209999084472656,24.059999465942383,24.170000076293945,21827,0.0,0.0
2024-02-02 10:30:00-05:00,24.15999984741211,24.15999984741211,24.1200008392334,24.12849998474121,2224,0.0,0.0
2024-02-02 11:30:00-05:00,24.110000610351562,24.1299991607666,24.09000015258789,24.1200008392334,5396,0.0,0.0
2024-02-02 12:30:00-05:00,24.1200008392334,24.122800827026367,24.09000015258789,24.09000015258789,4599,0.0,0.0
2024-02-02 13:30:00-05:00,24.103300094604492,24.1299991607666,24.09000015258789,24.09149932861328,14573,0.0,0.0
2024-02-02 14:30:00-05:00,24.09000015258789,24.1299991607666,24.09000015258789,24.090099334716797,5257,0.0,0.0
2024-02-02 15:30:00-05:00,24.117700576782227,24.139999389648438,24.09000015258789,24.139999389648438,4959,0.0,0.0
2024-02-05 09:30:00-05:00,24.0,24.09040069580078,23.959999084472656,23.989999771118164,0,0.0,0.0
2024-02-05 10:30:00-05:00,23.989999771118164,23.999900817871094,23.959999084472656,23.959999084472656,9847,0.0,0.0
2024-02-05 11:30:00-05:00,23.960100173950195,23.98200035095215,23.959999084472656,23.979999542236328,2335,0.0,0.0
2024-02-05 12:30:00-05:00,23.978900909423828,24.0049991607666,23.959999084472656,24.0049991607666,6420,0.0,0.0
2024-02-05 13:30:00-05:00,23.960100173950195,24.040000915527344,23.959999084472656,23.959999084472656,3574,0.0,0.0
2024-02-05 14:30:00-05:00,23.989999771118164,23.989999771118164,23.950000762939453,23.96769905090332,9666,0.0,0.0
2024-02-05 15:30:00-05:00,23.959999084472656,23.984500885009766,23.959999084472656,23.959999084472656,5208,0.0,0.0
2024-02-06 09:30:00-05:00,23.950000762939453,23.969999313354492,23.90999984741211,23.90999984741211,3818,0.0,0.0
2024-02-06 10:30:00-05:00,23.940000534057617,23.940000534057617,23.91010093688965,23.940000534057617,1188,0.0,0.0
2024-02-06 11:30:00-05:00,23.939899444580078,23.939899444580078,23.884599685668945,23.889999389648438,5281,0.0,0.0
2024-02-06 12:30:00-05:00,23.90999984741211,23.90999984741211,23.860599517822266,23.860599517822266,4695,0.0,0.0
2024-02-06 13:30:00-05:00,23.8799991607666,23.8799991607666,23.816600799560547,23.8700008392334,2380,0.0,0.0
2024-02-06 14:30:00-05:00,23.856300354003906,23.8700008392334,23.850000381469727,23.860000610351562,3315,0.0,0.0
2024-02-06 15:30:00-05:00,23.850000381469727,23.850000381469727,23.770000457763672,23.84000015258789,6101,0.0,0.0
2024-02-07 09:30:00-05:00,23.770000457763672,23.829999923706055,23.729999542236328,23.770000457763672,0,0.0,0.0
2024-02-07 10:30:00-05:00,23.780000686645508,23.799999237060547,23.780000686645508,23.780099868774414,1508,0.0,0.0
2024-02-07 11:30:00-05:00,23.790000915527344,23.842500686645508,23.790000915527344,23.84000015258789,5540,0.0,0.0
2024-02-07 12:30:00-05:00,23.815000534057617,23.850000381469727,23.815000534057617,23.850000381469727,1660,0.0,0.0
2024-02-07 13:30:00-05:00,23.84000015258789,23.88450050354004,23.81999969482422,23.88450050354004,6826,0.0,0.0
2024-02-07 14:30:00-05:00,23.870399475097656,23.885099411010742,23.81999969482422,23.81999969482422,7111,0.0,0.0
2024-02-07 15:30:00-05:00,23.81999969482422,23.860000610351562,23.81999969482422,23.860000610351562,6748,0.0,0.0
2024-02-08 09:30:00-05:00,23.760000228881836,23.889999389648438,23.740100860595703,23.8799991607666,3004,0.0,0.0
2024-02-08 10:30:00-05:00,23.8700008392334,23.989900588989258,23.81999969482422,23.899999618530273,9374,0.0,0.0
2024-02-08 11:30:00-05:00,23.8799991607666,23.8799991607666,23.810100555419922,23.8700008392334,8964,0.0,0.0
2024-02-08 12:30:00-05:00,23.851999282836914,23.979999542236328,23.851999282836914,23.950000762939453,11109,0.0,0.0
2024-02-08 13:30:00-05:00,23.949899673461914,23.950000762939453,23.920000076293945,23.940000534057617,5327,0.0,0.0
2024-02-08 14:30:00-05:00,23.93000030517578,23.950000762939453,23.917499542236328,23.940000534057617,3472,0.0,0.0
2024-02-08 15:30:00-05:00,23.940000534057617,24.010000228881836,23.920000076293945,24.010000228881836,3072,0.0,0.0
2024-02-09 09:30:00-05:00,23.979999542236328,23.989999771118164,23.959999084472656,23.960399627685547,0,0.0,0.0
2024-02-09 10:30:00-05:00,23.948299407958984,23.969999313354492,23.940000534057617,23.940000534057617,4902,0.0,0.0
2024-02-09 11:30:00-05:00,23.959999084472656,23.959999084472656,23.920000076293945,23.930200576782227,5391,0.0,0.0
2024-02-09 12:30:00-05:00,23.969999313354492,24.0,23.899999618530273,23.899999618530273,8005,0.0,0.0
2024-02-09 13:30:00-05:00,23.93160057067871,23.93160057067871,23.889999389648438,23.920000076293945,5964,0.0,0.0
2024-02-09 14:30:00-05:00,23.920000076293945,23.950000762939453,23.899999618530273,23.899999618530273,48453,0.0,0.0
2024-02-09 15:30:00-05:00,23.920000076293945,23.920000076293945,23.75,23.75,2465,0.0,0.0
2024-02-12 09:30:00-05:00,23.75,23.8125,23.7450008392334,23.780000686645508,0,0.0,0.0
2024-02-12 10:30:00-05:00,23.739999771118164,23.770000457763672,23.6299991607666,23.6924991607666,12997,0.0,0.0
2024-02-12 11:30:00-05:00,23.670000076293945,23.709999084472656,23.670000076293945,23.69379997253418,5713,0.0,0.0
2024-02-12 12:30:00-05:00,23.700000762939453,23.70359992980957,23.690000534057617,23.700000762939453,1164,0.0,0.0
2024-02-12 13:30:00-05:00,23.693500518798828,23.790000915527344,23.690000534057617,23.770000457763672,10734,0.0,0.0
2024-02-12 14:30:00-05:00,23.81999969482422,23.81999969482422,23.771900177001953,23.799999237060547,8912,0.0,0.0
2024-02-12 15:30:00-05:00,23.770000457763672,23.799999237060547,23.759700775146484,23.760000228881836,2626,0.0,0.0
2024-02-13 09:30:00-05:00,23.549999237060547,23.639999389648438,23.549800872802734,23.6299991607666,0,0.0,0.0
2024-02-13 10:30:00-05:00,23.610000610351562,23.63949966430664,23.59000015258789,23.628000259399414,2478,0.0,0.0
2024-02-13 11:30:00-05:00,23.592199325561523,23.621700286865234,23.551300048828125,23.551300048828125,5585,0.0,0.0
2024-02-13 12:30:00-05:00,23.59000015258789,23.619300842285156,23.5841007232666,23.5841007232666,2136,0.0,0.0
2024-02-13 13:30:00-05:00,23.550500869750977,23.550500869750977,23.459999084472656,23.459999084472656,3787,0.0,0.0
2024-02-13 14:30:00-05:00,23.4507999420166,23.478099822998047,23.3799991607666,23.3799991607666,5569,0.0,0.0
2024-02-13 15:30:00-05:00,23.399999618530273,23.568599700927734,23.388900756835938,23.520000457763672,3632,0.0,0.0
2024-02-14 09:30:00-05:00,23.5,23.56999969482422,23.49970054626465,23.536300659179688,4499,0.0,0.0
2024-02-14 10:30:00-05:00,23.579999923706055,23.6299991607666,23.568700790405273,23.6299991607666,4517,0.0,0.0
2024-02-14 11:30:00-05:00,23.59000015258789,23.600000381469727,23.56999969482422,23.599899291992188,3237,0.0,0.0
2024-02-14 12:30:00-05:00,23.588499069213867,23.600000381469727,23.260000228881836,23.309099197387695,19074,0.0,0.0
2024-02-14 13:30:00-05:00,23.295799255371094,23.299999237060547,23.140100479125977,23.239999771118164,26869,0.0,0.0
2024-02-14 14:30:00-05:00,23.25,23.290000915527344,23.215700149536133,23.270000457763672,4280,0.0,0.0
2024-02-14 15:30:00-05:00,23.280000686645508,23.329999923706055,23.200000762939453,23.329999923706055,2699,0.0,0.0
2024-02-15 09:30:00-05:00,23.34000015258789,23.389999389648438,23.309999465942383,23.38249969482422,8833,0.0,0.0
2024-02-15 10:30:00-05:00,23.360000610351562,23.382999420166016,23.299999237060547,23.299999237060547,3366,0.0,0.0
2024-02-15 11:30:00-05:00,23.299999237060547,23.350000381469727,23.299999237060547,23.325000762939453,4939,0.0,0.0
2024-02-15 12:30:00-05:00,23.350000381469727,23.3799991607666,23.329999923706055,23.3302001953125,4478,0.0,0.0
2024-02-15 13:30:00-05:00,23.360000610351562,23.43000030517578,23.360000610351562,23.3700008392334,8119,0.0,0.0
2024-02-15 14:30:00-05:00,23.425399780273438,23.43000030517578,23.3700008392334,23.40999984741211,3905,0.0,0.0
2024-02-15 15:30:00-05:00,23.420000076293945,23.420000076293945,23.365999221801758,23.399999618530273,3279,0.0,0.0
2024-02-16 09:30:00-05:00,23.389999389648438,23.420000076293945,23.310100555419922,23.34000015258789,0,0.0,0.0
2024-02-16 10:30:00-05:00,23.350000381469727,23.399999618530273,23.309999465942383,23.360000610351562,12068,0.0,0.0
2024-02-16 11:30:00-05:00,23.391599655151367,23.39299964904785,23.329999923706055,23.337299346923828,2828,0.0,0.0
2024-02-16 12:30:00-05:00,23.334999084472656,23.349700927734375,23.280000686645508,23.280000686645508,3048,0.0,0.0
2024-02-16 13:30:00-05:00,23.286100387573242,23.30500030517578,23.280000686645508,23.280000686645508,7127,0.0,0.0
2024-02-16 14:30:00-05:00,23.270200729370117,23.290000915527344,23.229999542236328,23.289400100708008,4947,0.0,0.0
2024-02-16 15:30:00-05:00,23.31999969482422,23.329999923706055,23.26759910583496,23.299999237060547,4301,0.0,0.0
2024-02-20 09:30:00-05:00,23.200000762939453,23.350000381469727,23.173799514770508,23.350000381469727,0,0.0,0.0
2024-02-20 10:30:00-05:00,23.342500686645508,23.350000381469727,23.31999969482422,23.350000381469727,5579,0.0,0.0
2024-02-20 11:30:00-05:00,23.320100784301758,23.350000381469727,23.299999237060547,23.33799934387207,5637,0.0,0.0
2024-02-20 12:30:00-05:00,23.339799880981445,23.34000015258789,23.31999969482422,23.329999923706055,4723,0.0,0.0
2024-02-20 13:30:00-05:00,23.33989906311035,23.3700008392334,23.31999969482422,23.34000015258789,8604,0.0,0.0
2024-02-20 14:30:00-05:00,23.33099937438965,23.36989974975586,23.309999465942383,23.34000015258789,8333,0.0,0.0
2024-02-20 15:30:00-05:00,23.37579917907715,23.37579917907715,23.309999465942383,23.350000381469727,1640,0.0,0.0
2024-02-21 09:30:00-05:00,23.34000015258789,23.459999084472656,23.34000015258789,23.459999084472656,0,0.0,0.0
2024-02-21 10:30:00-05:00,23.440000534057617,23.479999542236328,23.40999984741211,23.459999084472656,7500,0.0,0.0
2024-02-21 11:30:00-05:00,23.459999084472656,23.459999084472656,23.420000076293945,23.420000076293945,1957,0.0,0.0
2024-02-21 12:30:00-05:00,23.410499572753906,23.43000030517578,23.3799991607666,23.41200065612793,6559,0.0,0.0
2024-02-21 13:30:00-05:00,23.40959930419922,23.420000076293945,23.3799991607666,23.3799991607666,2216,0.0,0.0
2024-02-21 14:30:00-05:00,23.360000610351562,23.3700008392334,23.25,23.260000228881836,7097,0.0,0.0
2024-02-21 15:30:00-05:00,23.329999923706055,23.389999389648438,23.260000228881836,23.260000228881836,3659,0.0,0.0
2024-02-22 09:30:00-05:00,23.309999465942383,23.415000915527344,23.270099639892578,23.371999740600586,0,0.0,0.0
2024-02-22 10:30:00-05:00,23.405000686645508,23.439899444580078,23.405000686645508,23.415000915527344,2070,0.0,0.0
2024-02-22 11:30:00-05:00,23.43000030517578,23.47450065612793,23.43000030517578,23.44499969482422,4736,0.0,0.0
2024-02-22 12:30:00-05:00,23.440000534057617,23.450000762939453,23.43000030517578,23.440000534057617,2723,0.0,0.0
2024-02-22 13:30:00-05:00,23.43000030517578,23.479999542236328,23.43000030517578,23.450000762939453,10189,0.0,0.0
2024-02-22 14:30:00-05:00,23.44499969482422,23.541799545288086,23.440000534057617,23.440000534057617,7609,0.0,0.0
2024-02-22 15:30:00-05:00,23.485000610351562,23.549999237060547,23.40999984741211,23.40999984741211,3370,0.0,0.0
2024-02-23 09:30:00-05:00,23.469999313354492,23.600000381469727,23.469999313354492,23.599899291992188,7487,0.0,0.0
2024-02-23 10:30:00-05:00,23.600000381469727,23.65999984741211,23.600000381469727,23.65999984741211,4334,0.0,0.0
2024-02-23 11:30:00-05:00,23.700000762939453,23.700000762939453,23.674999237060547,23.700000762939453,4709,0.0,0.0
2024-02-23 12:30:00-05:00,23.729999542236328,23.790000915527344,23.690099716186523,23.790000915527344,8457,0.0,0.0
2024-02-23 13:30:00-05:00,23.809999465942383,23.84000015258789,23.780000686645508,23.84000015258789,7479,0.0,0.0
2024-02-23 14:30:00-05:00,23.799999237060547,23.850000381469727,23.740100860595703,23.81999969482422,10731,0.0,0.0
2024-02-23 15:30:00-05:00,23.795000076293945,23.850000381469727,23.795000076293945,23.84000015258789,12284,0.0,0.0
2024-02-26 09:30:00-05:00,23.84000015258789,23.84000015258789,23.639999389648438,23.639999389648438,9352,0.0,0.0
2024-02-26 10:30:00-05:00,23.68000030517578,23.68000030517578,23.6299991607666,23.670000076293945,1362,0.0,0.0
2024-02-26 11:30:00-05:00,23.690000534057617,23.780000686645508,23.639999389648438,23.780000686645508,4873,0.0,0.0
2024-02-26 12:30:00-05:00,23.799999237060547,23.799999237060547,23.745399475097656,23.771099090576172,2529,0.0,0.0
2024-02-26 13:30:00-05:00,23.79990005493164,23.79990005493164,23.739999771118164,23.739999771118164,2505,0.0,0.0
2024-02-26 14:30:00-05:00,23.760000228881836,23.799999237060547,23.760000228881836,23.767200469970703,5696,0.0,0.0
2024-02-26 15:30:00-05:00,23.760000228881836,23.799999237060547,23.75909996032715,23.782800674438477,5250,0.0,0.0
2024-02-27 09:30:00-05:00,23.780000686645508,23.780000686645508,23.559999465942383,23.577699661254883,0,0.0,0.0
2024-02-27 10:30:00-05:00,23.6299991607666,23.704599380493164,23.596799850463867,23.704599380493164,1827,0.0,0.0
2024-02-27 11:30:00-05:00,23.6343994140625,23.69729995727539,23.608200073242188,23.65999984741211,4763,0.0,0.0
2024-02-27 12:30:00-05:00,23.69499969482422,23.69499969482422,23.639999389648438,23.639999389648438,2904,0.0,0.0
2024-02-27 13:30:00-05:00,23.65519905090332,23.689899444580078,23.65519905090332,23.686800003051758,3648,0.0,0.0
2024-02-27 14:30:00-05:00,23.65999984741211,23.65999984741211,23.59000015258789,23.59000015258789,4283,0.0,0.0
2024-02-27 15:30:00-05:00,23.600000381469727,23.700000762939453,23.583099365234375,23.700000762939453,4942,0.0,0.0
2024-02-28 09:30:00-05:00,23.649999618530273,23.799999237060547,23.58139991760254,23.799999237060547,0,0.0,0.0
2024-02-28 10:30:00-05:00,23.78499984741211,23.799999237060547,23.76930046081543,23.780000686645508,6154,0.0,0.0
2024-02-28 11:30:00-05:00,23.790000915527344,23.799999237060547,23.75,23.75,11046,0.0,0.0
2024-02-28 12:30:00-05:00,23.748199462890625,23.770000457763672,23.725000381469727,23.755800247192383,2151,0.0,0.0
2024-02-28 13:30:00-05:00,23.770000457763672,23.770000457763672,23.719999313354492,23.75,4544,0.0,0.0
2024-02-28 14:30:00-05:00,23.75349998474121,23.75349998474121,23.67009925842285,23.739999771118164,11377,0.0,0.0
2024-02-28 15:30:00-05:00,23.739999771118164,23.770000457763672,23.731300354003906,23.731300354003906,2446,0.0,0.0
2024-02-29 09:30:00-05:00,23.81999969482422,23.81999969482422,23.729999542236328,23.729999542236328,0,0.0,0.0
2024-02-29 10:30:00-05:00,23.719999313354492,23.77899932861328,23.68000030517578,23.681900024414062,4886,0.0,0.0
2024-02-29 11:30:00-05:00,23.70050048828125,23.729999542236328,23.639999389648438,23.729999542236328,5085,0.0,0.0
2024-02-29 12:30:00-05:00,23.729999542236328,23.799999237060547,23.729999542236328,23.799999237060547,7509,0.0,0.0
2024-02-29 13:30:00-05:00,23.799999237060547,23.81999969482422,23.760000228881836,23.774999618530273,7887,0.0,0.0
2024-02-29 14:30:00-05:00,23.809999465942383,23.920000076293945,23.774999618530273,23.905000686645508,11767,0.0,0.0
2024-02-29 15:30:00-05:00,23.90999984741211,24.170000076293945,23.899999618530273,24.170000076293945,63417,0.0,0.0
2024-03-01 09:30:00-05:00,24.100000381469727,24.100000381469727,23.870100021362305,23.990100860595703,28258,0.0,0.0
2024-03-01 10:30:00-05:00,24.07990074157715,24.114999771118164,23.990699768066406,24.08989906311035,9852,0.0,0.0
2024-03-01 11:30:00-05:00,24.049999237060547,24.049999237060547,24.0,24.0,3765,0.0,0.0
2024-03-01 12:30:00-05:00,24.010000228881836,24.040000915527344,24.0,24.040000915527344,4123,0.0,0.0
2024-03-01 13:30:00-05:00,24.02120018005371,24.06999969482422,24.02120018005371,24.037200927734375,1631,0.0,0.0
2024-03-01 14:30:00-05:00,24.06999969482422,24.100000381469727,24.048500061035156,24.100000381469727,3196,0.0,0.0
2024-03-01 15:30:00-05:00,24.079999923706055,24.100000381469727,24.079999923706055,24.100000381469727,2130,0.0,0.0
2024-03-04 09:30:00-05:00,24.040000915527344,24.049999237060547,23.94059944152832,23.94059944152832,0,0.0,0.0
2024-03-04 10:30:00-05:00,23.947900772094727,24.040000915527344,23.947900772094727,24.010000228881836,4714,0.0,0.0
2024-03-04 11:30:00-05:00,24.010000228881836,24.020000457763672,23.989999771118164,24.0049991607666,8705,0.0,0.0
2024-03-04 12:30:00-05:00,24.0049991607666,24.0049991607666,23.979999542236328,23.979999542236328,10347,0.0,0.0
2024-03-04 13:30:00-05:00,24.010000228881836,24.010000228881836,23.950000762939453,23.975000381469727,3398,0.0,0.0
2024-03-04 14:30:00-05:00,23.950000762939453,23.975000381469727,23.950000762939453,23.959999084472656,7498,0.0,0.0
2024-03-04 15:30:00-05:00,23.950000762939453,23.969999313354492,23.90999984741211,23.969999313354492,8074,0.0,0.0
2024-03-05 09:30:00-05:00,23.940000534057617,23.940000534057617,23.8799991607666,23.93000030517578,0,0.0,0.0
2024-03-05 10:30:00-05:00,23.915000915527344,23.915800094604492,23.915000915527344,23.915800094604492,614,0.0,0.0
2024-03-05 11:30:00-05:00,23.92009925842285,23.988800048828125,23.902000427246094,23.988800048828125,4287,0.0,0.0
2024-03-05 12:30:00-05:00,23.979999542236328,23.979999542236328,23.969999313354492,23.969999313354492,2148,0.0,0.0
2024-03-05 13:30:00-05:00,23.979999542236328,23.979999542236328,23.979999542236328,23.979999542236328,983,0.0,0.0
2024-03-05 14:30:00-05:00,23.99839973449707,24.020000457763672,23.989999771118164,23.989999771118164,7172,0.0,0.0
2024-03-05 15:30:00-05:00,23.985700607299805,24.06999969482422,23.979999542236328,24.06999969482422,10151,0.0,0.0
2024-03-06 09:30:00-05:00,24.06999969482422,24.06999969482422,24.030099868774414,24.059999465942383,0,0.0,0.0
2024-03-06 10:30:00-05:00,24.030000686645508,24.100000381469727,24.020000457763672,24.09939956665039,8186,0.0,0.0
2024-03-06 11:30:00-05:00,24.139999389648438,24.239999771118164,24.139999389648438,24.229900360107422,12165,0.0,0.0
2024-03-06 12:30:00-05:00,24.209999084472656,24.21500015258789,24.200000762939453,24.20800018310547,5562,0.0,0.0
2024-03-06 13:30:00-05:00,24.209999084472656,24.229999542236328,24.200000762939453,24.229999542236328,6088,0.0,0.0
2024-03-06 14:30:00-05:00,24.229999542236328,24.25,24.219999313354492,24.229999542236328,10018,0.0,0.0
2024-03-06 15:30:00-05:00,24.24810028076172,24.25,24.229999542236328,24.25,4733,0.0,0.0
2024-03-07 09:30:00-05:00,24.25,24.290000915527344,24.21500015258789,24.234100341796875,0,0.0,0.0
2024-03-07 10:30:00-05:00,24.269399642944336,24.389999389648438,24.239999771118164,24.329999923706055,29230,0.0,0.0
2024-03-07 11:30:00-05:00,24.290000915527344,24.31999969482422,24.260000228881836,24.290000915527344,20088,0.0,0.0
2024-03-07 12:30:00-05:00,24.31999969482422,24.31999969482422,24.280000686645508,24.299999237060547,2186,0.0,0.0
2024-03-07 13:30:00-05:00,24.28499984741211,24.3799991607666,24.28499984741211,24.3799991607666,5046,0.0,0.0
2024-03-07 14:30:00-05:00,24.372400283813477,24.399999618530273,24.350000381469727,24.389999389648438,10184,0.0,0.0
2024-03-07 15:30:00-05:00,24.3700008392334,24.440000534057617,24.350000381469727,24.43000030517578,16846,0.0,0.0
2024-03-08 09:30:00-05:00,24.389999389648438,24.433700561523438,24.360000610351562,24.399999618530273,19322,0.0,0.0
2024-03-08 10:30:00-05:00,24.420000076293945,24.420000076293945,24.399999618530273,24.399999618530273,6384,0.0,0.0
2024-03-08 11:30:00-05:00,24.40999984741211,24.43000030517578,24.38789939880371,24.43000030517578,6207,0.0,0.0
2024-03-08 12:30:00-05:00,24.420000076293945,24.429100036621094,24.420000076293945,24.423599243164062,3083,0.0,0.0
2024-03-08 13:30:00-05:00,24.425600051879883,24.43120002746582,24.40850067138672,24.420000076293945,3500,0.0,0.0
2024-03-08 14:30:00-05:00,24.440000534057617,24.450000762939453,24.420000076293945,24.42009925842285,6035,0.0,0.0
2024-03-08 15:30:00-05:00,24.440000534057617,24.459999084472656,24.434999465942383,24.459999084472656,1888,0.0,0.0
2024-03-11 09:30:00-04:00,24.399999618530273,24.399999618530273,24.308500289916992,24.329599380493164,0,0.0,0.0
2024-03-11 10:30:00-04:00,24.329999923706055,24.3799991607666,24.318099975585938,24.360000610351562,6081,0.0,0.0
2024-03-11 11:30:00-04:00,24.3799991607666,24.399900436401367,24.360000610351562,24.3700008392334,8945,0.0,0.0
2024-03-11 12:30:00-04:00,24.3799991607666,24.396900177001953,24.3700008392334,24.389999389648438,6793,0.0,0.0
2024-03-11 13:30:00-04:00,24.389299392700195,24.389999389648438,24.3700008392334,24.389400482177734,3854,0.0,0.0
2024-03-11 14:30:00-04:00,24.3700008392334,24.399999618530273,24.360000610351562,24.3700008392334,2884,0.0,0.0
2024-03-11 15:30:00-04:00,24.3700008392334,24.399999618530273,24.34000015258789,24.38949966430664,0,0.0,0.0
2024-03-12 09:30:00-04:00,24.31999969482422,24.3799991607666,24.261600494384766,24.33060073852539,9255,0.0,0.0
2024-03-12 10:30:00-04:00,24.329999923706055,24.360000610351562,24.329999923706055,24.360000610351562,5634,0.0,0.0
2024-03-12 11:30:00-04:00,24.329999923706055,24.360000610351562,24.325000762939453,24.325000762939453,3960,0.0,0.0
2024-03-12 12:30:00-04:00,24.31999969482422,24.329999923706055,24.290000915527344,24.31999969482422,6420,0.0,0.0
2024-03-12 13:30:00-04:00,24.329999923706055,24.34000015258789,24.314199447631836,24.325000762939453,2136,0.0,0.0
2024-03-12 14:30:00-04:00,24.350000381469727,24.399999618530273,24.350000381469727,24.3799991607666,2620,0.0,0.0
2024-03-12 15:30:00-04:00,24.3799991607666,24.399999618530273,24.3799991607666,24.399999618530273,1086,0.0,0.0
2024-03-13 09:30:00-04:00,24.309999465942383,24.3700008392334,24.309999465942383,24.3700008392334,6526,0.0,0.0
2024-03-13 10:30:00-04:00,24.3799991607666,24.399499893188477,24.3700008392334,24.389999389648438,6899,0.0,0.0
2024-03-13 11:30:00-04:00,24.380399703979492,24.43000030517578,24.3799991607666,24.4158992767334,8088,0.0,0.0
2024-03-13 12:30:00-04:00,24.38010025024414,24.43000030517578,24.38010025024414,24.43000030517578,5064,0.0,0.0
2024-03-13 13:30:00-04:00,24.420000076293945,24.43000030517578,24.40999984741211,24.43000030517578,4195,0.0,0.0
2024-03-13 14:30:00-04:00,24.42009925842285,24.43000030517578,24.40019989013672,24.40019989013672,6400,0.0,0.0
2024-03-13 15:30:00-04:00,24.405000686645508,24.469999313354492,24.3799991607666,24.450000762939453,0,0.0,0.0
2024-03-14 09:30:00-04:00,24.389999389648438,24.389999389648438,24.290000915527344,24.290000915527344,18481,0.0,0.0
2024-03-14 10:30:00-04:00,24.299999237060547,24.327999114990234,24.270000457763672,24.270599365234375,13155,0.0,0.0
2024-03-14 11:30:00-04:00,24.31999969482422,24.3700008392334,24.31999969482422,24.3700008392334,3087,0.0,0.0
2024-03-14 12:30:00-04:00,24.380199432373047,24.380199432373047,24.299999237060547,24.309999465942383,8218,0.0,0.0
2024-03-14 13:30:00-04:00,24.309999465942383,24.323999404907227,24.299999237060547,24.323999404907227,4554,0.0,0.0
2024-03-14 14:30:00-04:00,24.32270050048828,24.329999923706055,24.229999542236328,24.229999542236328,8274,0.0,0.0
2024-03-14 15:30:00-04:00,24.219999313354492,24.309999465942383,24.190000534057617,24.309999465942383,6727,0.0,0.0
2024-03-15 09:30:00-04:00,24.209999084472656,24.378700256347656,24.15920066833496,24.200000762939453,4966,0.0,0.0
2024-03-15 10:30:00-04:00,24.200000762939453,24.239999771118164,24.200000762939453,24.200000762939453,4980,0.0,0.0
2024-03-15 11:30:00-04:00,24.219999313354492,24.239999771118164,24.110000610351562,24.110000610351562,10947,0.0,0.0
2024-03-15 12:30:00-04:00,24.110000610351562,24.16990089416504,24.040000915527344,24.135000228881836,8022,0.0,0.0
2024-03-15 13:30:00-04:00,24.100000381469727,24.135000228881836,24.060100555419922,24.114999771118164,2938,0.0,0.0
2024-03-15 14:30:00-04:00,24.08609962463379,24.209999084472656,24.08609962463379,24.200000762939453,8814,0.0,0.0
2024-03-15 15:30:00-04:00,24.204999923706055,24.209999084472656,24.200000762939453,24.200000762939453,1613,0.0,0.0
2024-03-18 09:30:00-04:00,24.260000228881836,24.280000686645508,24.15220069885254,24.280000686645508,7782,0.0,0.0
2024-03-18 10:30:00-04:00,24.239999771118164,24.25,24.15999984741211,24.219999313354492,7069,0.0,0.0
2024-03-18 11:30:00-04:00,24.219999313354492,24.219999313354492,24.1825008392334,24.20210075378418,4227,0.0,0.0
2024-03-18 12:30:00-04:00,24.200000762939453,24.229999542236328,24.200000762939453,24.229999542236328,3821,0.0,0.0
2024-03-18 13:30:00-04:00,24.229999542236328,24.229999542236328,24.209999084472656,24.221200942993164,3708,0.0,0.0
2024-03-18 14:30:00-04:00,24.24959945678711,24.26409912109375,24.200000762939453,24.26409912109375,7422,0.0,0.0
2024-03-18 15:30:00-04:00,24.239999771118164,24.280000686645508,24.209999084472656,24.239999771118164,6936,0.0,0.0
2024-03-19 09:30:00-04:00,24.25,24.28350067138672,24.21030044555664,24.28350067138672,4354,0.0,0.0
2024-03-19 10:30:00-04:00,24.25029945373535,24.280000686645508,24.25,24.250099182128906,2550,0.0,0.0
2024-03-19 11:30:00-04:00,24.275800704956055,24.309999465942383,24.264999389648438,24.309999465942383,5461,0.0,0.0
2024-03-19 12:30:00-04:00,24.315000534057617,24.360000610351562,24.25,24.340099334716797,8729,0.0,0.0
2024-03-19 13:30:00-04:00,24.360000610351562,24.3799991607666,24.34000015258789,24.370100021362305,3492,0.0,0.0
2024-03-19 14:30:00-04:00,24.399999618530273,24.399999618530273,24.375,24.389999389648438,11605,0.0,0.0
2024-03-19 15:30:00-04:00,24.385000228881836,24.5,24.36009979248047,24.38990020751953,28601,0.0,0.0
2024-03-20 09:30:00-04:00,24.299999237060547,24.360000610351562,24.299999237060547,24.350000381469727,11136,0.0,0.0
2024-03-20 10:30:00-04:00,24.34000015258789,24.36400032043457,24.332000732421875,24.332000732421875,3442,0.0,0.0
2024-03-20 11:30:00-04:00,24.364599227905273,24.365800857543945,24.338300704956055,24.360000610351562,2488,0.0,0.0
2024-03-20 12:30:00-04:00,24.360000610351562,24.3799991607666,24.360000610351562,24.3799991607666,1179,0.0,0.0
2024-03-20 13:30:00-04:00,24.389999389648438,24.420000076293945,24.360000610351562,24.36009979248047,11024,0.0,0.0
2024-03-20 14:30:00-04:00,24.360000610351562,24.440000534057617,24.360000610351562,24.440000534057617,15708,0.0,0.0
2024-03-20 15:30:00-04:00,24.43000030517578,24.440000534057617,24.40999984741211,24.440000534057617,10328,0.0,0.0
2024-03-21 09:30:00-04:00,24.440000534057617,24.489999771118164,24.440000534057617,24.450000762939453,26780,0.0,0.0
2024-03-21 10:30:00-04:00,24.450000762939453,24.5,24.440000534057617,24.5,15686,0.0,0.0
2024-03-21 11:30:00-04:00,24.479999542236328,24.65999984741211,24.479999542236328,24.65999984741211,21558,0.0,0.0
2024-03-21 12:30:00-04:00,24.65999984741211,24.65999984741211,24.530000686645508,24.530000686645508,8439,0.0,0.0
2024-03-21 13:30:00-04:00,24.559999465942383,24.559999465942383,24.52199935913086,24.559999465942383,13849,0.0,0.0
2024-03-21 14:30:00-04:00,24.540000915527344,24.559999465942383,24.510000228881836,24.530000686645508,10720,0.0,0.0
2024-03-21 15:30:00-04:00,24.549999237060547,24.549999237060547,24.5,24.549999237060547,4232,0.0,0.0
2024-03-22 09:30:00-04:00,24.520000457763672,24.549999237060547,24.469999313354492,24.549999237060547,8783,0.0,0.0
2024-03-22 10:30:00-04:00,24.496400833129883,24.542499542236328,24.489999771118164,24.509000778198242,2382,0.0,0.0
2024-03-22 11:30:00-04:00,24.540000915527344,24.540000915527344,24.3700008392334,24.40999984741211,10284,0.0,0.0
2024-03-22 12:30:00-04:00,24.360000610351562,24.469999313354492,24.360000610351562,24.454999923706055,3011,0.0,0.0
2024-03-22 13:30:00-04:00,24.479999542236328,24.5,24.440000534057617,24.48200035095215,6498,0.0,0.0
2024-03-22 14:30:00-04:00,24.440000534057617,24.44499969482422,24.350000381469727,24.379199981689453,12867,0.0,0.0
2024-03-22 15:30:00-04:00,24.416400909423828,24.450000762939453,24.3799991607666,24.3799991607666,4170,0.0,0.0
2024-03-25 09:30:00-04:00,24.329999923706055,24.371999740600586,24.15999984741211,24.15999984741211,18650,0.0,0.0
2024-03-25 10:30:00-04:00,24.15999984741211,24.15999984741211,24.092899322509766,24.110000610351562,11137,0.0,0.0
2024-03-25 11:30:00-04:00,24.100000381469727,24.199899673461914,24.100000381469727,24.199899673461914,7329,0.0,0.0
2024-03-25 12:30:00-04:00,24.199399948120117,24.200000762939453,24.170000076293945,24.174999237060547,2396,0.0,0.0
2024-03-25 13:30:00-04:00,24.170000076293945,24.170000076293945,24.1299991607666,24.1299991607666,2077,0.0,0.0
2024-03-25 14:30:00-04:00,24.1299991607666,24.15999984741211,24.1200008392334,24.15999984741211,5165,0.0,0.0
2024-03-25 15:30:00-04:00,24.165000915527344,24.190000534057617,24.139999389648438,24.190000534057617,1691,0.0,0.0
2024-03-26 09:30:00-04:00,24.060100555419922,24.25860023498535,24.060100555419922,24.200000762939453,7323,0.0,0.0
2024-03-26 10:30:00-04:00,24.239999771118164,24.239999771118164,24.175899505615234,24.175899505615234,1967,0.0,0.0
2024-03-26 11:30:00-04:00,24.25,24.299999237060547,24.25,24.252599716186523,2870,0.0,0.0
2024-03-26 12:30:00-04:00,24.260000228881836,24.29840087890625,24.239999771118164,24.263999938964844,6293,0.0,0.0
2024-03-26 13:30:00-04:00,24.229999542236328,24.260400772094727,24.18000030517578,24.225000381469727,7199,0.0,0.0
2024-03-26 14:30:00-04:00,24.23419952392578,24.260000228881836,24.219999313354492,24.235599517822266,3969,0.0,0.0
2024-03-26 15:30:00-04:00,24.20009994506836,24.260000228881836,24.20009994506836,24.260000228881836,0,0.0,0.0
2024-03-27 09:30:00-04:00,24.260000228881836,24.260000228881836,24.131999969482422,24.139999389648438,5773,0.0,0.0
2024-03-27 10:30:00-04:00,24.139999389648438,24.18000030517578,24.1200008392334,24.150999069213867,18231,0.0,0.0
2024-03-27 11:30:00-04:00,24.139999389648438,24.18000030517578,24.059999465942383,24.059999465942383,14217,0.0,0.0
2024-03-27 12:30:00-04:00,24.1200008392334,24.1200008392334,24.059999465942383,24.059999465942383,7197,0.0,0.0
2024-03-27 13:30:00-04:00,24.059999465942383,24.11079978942871,24.059999465942383,24.099899291992188,9339,0.0,0.0
2024-03-27 14:30:00-04:00,24.059999465942383,24.100000381469727,24.059999465942383,24.06999969482422,6524,0.0,0.0
2024-03-27 15:30:00-04:00,24.09000015258789,24.149999618530273,24.075000762939453,24.139999389648438,0,0.0,0.0
2024-03-28 09:30:00-04:00,24.139999389648438,24.190000534057617,24.100000381469727,24.139999389648438,3200,0.0,0.0
2024-03-28 10:30:00-04:00,24.174999237060547,24.18000030517578,24.149999618530273,24.170000076293945,5051,0.0,0.0
2024-03-28 11:30:00-04:00,24.179899215698242,24.179899215698242,24.13800048828125,24.13800048828125,16000,0.0,0.0
2024-03-28 12:30:00-04:00,24.110000610351562,24.1200008392334,24.059999465942383,24.06999969482422,7269,0.0,0.0
2024-03-28 13:30:00-04:00,24.06999969482422,24.08099937438965,24.010000228881836,24.045000076293945,9195,0.0,0.0
2024-03-28 14:30:00-04:00,24.030000686645508,24.059999465942383,23.8700008392334,23.8700008392334,15374,0.0,0.0
2024-03-28 15:30:00-04:00,23.860000610351562,23.875,23.520000457763672,23.520000457763672,67722,0.0,0.0
2024-04-01 09:30:00-04:00,23.59000015258789,23.700000762939453,23.549999237060547,23.579999923706055,73649,0.0,0.0
2024-04-01 10:30:00-04:00,23.579999923706055,23.65999984741211,23.549999237060547,23.659900665283203,23129,0.0,0.0
2024-04-01 11:30:00-04:00,23.65999984741211,23.700000762939453,23.59000015258789,23.635000228881836,23445,0.0,0.0
2024-04-01 12:30:00-04:00,23.639999389648438,23.8700008392334,23.635000228881836,23.860000610351562,23155,0.0,0.0
2024-04-01 13:30:00-04:00,23.8700008392334,23.940000534057617,23.850000381469727,23.860000610351562,25517,0.0,0.0
2024-04-01 14:30:00-04:00,23.850200653076172,23.8700008392334,23.81999969482422,23.81999969482422,20991,0.0,0.0
2024-04-01 15:30:00-04:00,23.780000686645508,23.780000686645508,23.65999984741211,23.760000228881836,18869,0.0,0.0
2024-04-02 09:30:00-04:00,23.579999923706055,23.700000762939453,23.579999923706055,23.690000534057617,8095,0.0,0.0
2024-04-02 10:30:00-04:00,23.670000076293945,23.719999313354492,23.639999389648438,23.703500747680664,2529,0.0,0.0
2024-04-02 11:30:00-04:00,23.684600830078125,23.729900360107422,23.68000030517578,23.68000030517578,4716,0.0,0.0
2024-04-02 12:30:00-04:00,23.700000762939453,23.719999313354492,23.65999984741211,23.69339942932129,5205,0.0,0.0
2024-04-02 13:30:00-04:00,23.65999984741211,23.670000076293945,23.610000610351562,23.662099838256836,3629,0.0,0.0
2024-04-02 14:30:00-04:00,23.649999618530273,23.65999984741211,23.540000915527344,23.540000915527344,6896,0.0,0.0
2024-04-02 15:30:00-04:00,23.540000915527344,23.540000915527344,23.420000076293945,23.5,7076,0.0,0.0
2024-04-03 09:30:00-04:00,23.440000534057617,23.639999389648438,23.440000534057617,23.48740005493164,0,0.0,0.0
2024-04-03 10:30:00-04:00,23.5,23.520000457763672,23.475500106811523,23.476299285888672,18111,0.0,0.0
2024-04-03 11:30:00-04:00,23.477500915527344,23.520000457763672,23.43000030517578,23.520000457763672,12207,0.0,0.0
2024-04-03 12:30:00-04:00,23.520000457763672,23.559999465942383,23.510000228881836,23.510000228881836,9511,0.0,0.0
2024-04-03 13:30:00-04:00,23.520000457763672,23.5393009185791,23.5,23.501800537109375,8210,0.0,0.0
2024-04-03 14:30:00-04:00,23.520000457763672,23.549999237060547,23.520000457763672,23.520000457763672,7576,0.0,0.0
2024-04-03 15:30:00-04:00,23.520000457763672,23.579999923706055,23.520000457763672,23.579999923706055,10728,0.0,0.0
2024-04-04 09:30:00-04:00,23.65999984741211,23.780000686645508,23.639999389648438,23.69499969482422,17897,0.0,0.0
2024-04-04 10:30:00-04:00,23.690000534057617,23.770000457763672,23.669599533081055,23.70009994506836,2808,0.0,0.0
2024-04-04 11:30:00-04:00,23.771400451660156,23.771400451660156,23.7450008392334,23.7450008392334,1835,0.0,0.0
2024-04-04 12:30:00-04:00,23.729999542236328,23.770000457763672,23.729999542236328,23.770000457763672,6666,0.0,0.0
2024-04-04 13:30:00-04:00,23.73870086669922,23.76849937438965,23.687299728393555,23.687299728393555,5700,0.0,0.0
2024-04-04 14:30:00-04:00,23.690000534057617,23.690000534057617,23.610000610351562,23.628700256347656,6661,0.0,0.0
2024-04-04 15:30:00-04:00,23.6200008392334,23.690000534057617,23.61009979248047,23.690000534057617,6699,0.0,0.0
2024-04-05 09:30:00-04:00,23.610000610351562,23.65999984741211,23.540000915527344,23.6299991607666,0,0.0,0.0
2024-04-05 10:30:00-04:00,23.709999084472656,23.719999313354492,23.68000030517578,23.709999084472656,3264,0.0,0.0
2024-04-05 11:30:00-04:00,23.729999542236328,23.780000686645508,23.729999542236328,23.780000686645508,9802,0.0,0.0
2024-04-05 12:30:00-04:00,23.770000457763672,23.789899826049805,23.739999771118164,23.740100860595703,10429,0.0,0.0
2024-04-05 13:30:00-04:00,23.764999389648438,23.790000915527344,23.739999771118164,23.739999771118164,6590,0.0,0.0
2024-04-05 14:30:00-04:00,23.760000228881836,23.790000915527344,23.68000030517578,23.68000030517578,11719,0.0,0.0
2024-04-05 15:30:00-04:00,23.68000030517578,23.739999771118164,23.67650032043457,23.68000030517578,6786,0.0,0.0
2024-04-08 09:30:00-04:00,23.690000534057617,23.834999084472656,23.68000030517578,23.795799255371094,0,0.0,0.0
2024-04-08 10:30:00-04:00,23.795000076293945,23.79800033569336,23.75,23.75,7997,0.0,0.0
2024-04-08 11:30:00-04:00,23.7450008392334,23.780000686645508,23.709999084472656,23.739999771118164,6001,0.0,0.0
2024-04-08 12:30:00-04:00,23.709999084472656,23.719999313354492,23.709999084472656,23.709999084472656,8207,0.0,0.0
2024-04-08 13:30:00-04:00,23.709999084472656,23.71150016784668,23.709999084472656,23.71150016784668,1717,0.0,0.0
2024-04-08 14:30:00-04:00,23.709999084472656,23.780000686645508,23.709999084472656,23.729999542236328,13977,0.0,0.0
2024-04-08 15:30:00-04:00,23.739999771118164,23.7726993560791,23.729999542236328,23.73040008544922,5528,0.0,0.0
2024-04-09 09:30:00-04:00,23.770000457763672,23.770000457763672,23.700000762939453,23.719999313354492,5013,0.0,0.0
2024-04-09 10:30:00-04:00,23.725000381469727,23.729999542236328,23.70009994506836,23.728599548339844,7056,0.0,0.0
2024-04-09 11:30:00-04:00,23.718799591064453,23.728599548339844,23.7101993560791,23.718399047851562,2911,0.0,0.0
2024-04-09 12:30:00-04:00,23.729700088500977,23.729999542236328,23.709999084472656,23.709999084472656,5614,0.0,0.0
2024-04-09 13:30:00-04:00,23.709999084472656,23.75,23.709999084472656,23.739999771118164,5230,0.0,0.0
2024-04-09 14:30:00-04:00,23.719999313354492,23.739999771118164,23.719999313354492,23.719999313354492,8526,0.0,0.0
2024-04-09 15:30:00-04:00,23.719999313354492,23.72949981689453,23.719999313354492,23.719999313354492,0,0.0,0.0
2024-04-10 09:30:00-04:00,23.639999389648438,23.639999389648438,23.5093994140625,23.579999923706055,15671,0.0,0.0
2024-04-10 10:30:00-04:00,23.540000915527344,23.560800552368164,23.5,23.520000457763672,28449,0.0,0.0
2024-04-10 11:30:00-04:00,23.5,23.530000686645508,23.389999389648438,23.389999389648438,4867,0.0,0.0
2024-04-10 12:30:00-04:00,23.399999618530273,23.420000076293945,23.209999084472656,23.309999465942383,9532,0.0,0.0
2024-04-10 13:30:00-04:00,23.325000762939453,23.3700008392334,23.290599822998047,23.34239959716797,3778,0.0,0.0
2024-04-10 14:30:00-04:00,23.309999465942383,23.469999313354492,23.309999465942383,23.3700008392334,3540,0.0,0.0
2024-04-10 15:30:00-04:00,23.450000762939453,23.459999084472656,23.350000381469727,23.350000381469727,0,0.0,0.0
2024-04-11 09:30:00-04:00,23.3700008392334,23.3799991607666,23.200000762939453,23.235000610351562,11170,0.0,0.0
2024-04-11 10:30:00-04:00,23.209999084472656,23.36989974975586,23.200000762939453,23.200000762939453,7561,0.0,0.0
2024-04-11 11:30:00-04:00,23.215999603271484,23.215999603271484,23.110000610351562,23.15999984741211,6815,0.0,0.0
2024-04-11 12:30:00-04:00,23.15999984741211,23.18000030517578,23.139999389648438,23.170000076293945,5398,0.0,0.0
2024-04-11 13:30:00-04:00,23.139999389648438,23.219999313354492,23.139999389648438,23.190000534057617,7619,0.0,0.0
2024-04-11 14:30:00-04:00,23.18000030517578,23.209999084472656,23.18000030517578,23.209999084472656,7759,0.0,0.0
2024-04-11 15:30:00-04:00,23.200000762939453,23.209999084472656,23.149999618530273,23.149999618530273,0,0.0,0.0
2024-04-12 09:30:00-04:00,23.25,23.25,23.149999618530273,23.15089988708496,5224,0.0,0.0
2024-04-12 10:30:00-04:00,23.149999618530273,23.229999542236328,23.149999618530273,23.15999984741211,2684,0.0,0.0
2024-04-12 11:30:00-04:00,23.239999771118164,23.239999771118164,23.15999984741211,23.200000762939453,4535,0.0,0.0
2024-04-12 12:30:00-04:00,23.18000030517578,23.239900588989258,23.18000030517578,23.209999084472656,4930,0.0,0.0
2024-04-12 13:30:00-04:00,23.200000762939453,23.229999542236328,23.170000076293945,23.190000534057617,5277,0.0,0.0
2024-04-12 14:30:00-04:00,23.170000076293945,23.190000534057617,23.15999984741211,23.15999984741211,5957,0.0,0.0
2024-04-12 15:30:00-04:00,23.174999237060547,23.190000534057617,23.15999984741211,23.190000534057617,7018,0.0,0.0
2024-04-15 09:30:00-04:00,23.030000686645508,23.030000686645508,22.709999084472656,22.75,0,0.0,0.0
2024-04-15 10:30:00-04:00,22.739999771118164,22.75,22.479999542236328,22.479999542236328,20339,0.0,0.0
2024-04-15 11:30:00-04:00,22.469999313354492,22.5,22.43000030517578,22.450000762939453,12194,0.0,0.0
2024-04-15 12:30:00-04:00,22.440000534057617,22.469999313354492,22.43000030517578,22.43000030517578,13336,0.0,0.0
2024-04-15 13:30:00-04:00,22.420000076293945,22.420000076293945,22.360000610351562,22.383899688720703,6306,0.0,0.0
2024-04-15 14:30:00-04:00,22.40999984741211,22.40999984741211,22.270000457763672,22.309999465942383,13583,0.0,0.0
2024-04-15 15:30:00-04:00,22.309999465942383,22.325000762939453,22.25,22.25,13237,0.0,0.0
2024-04-16 09:30:00-04:00,22.170000076293945,22.459999084472656,22.149999618530273,22.31999969482422,0,0.0,0.0
2024-04-16 10:30:00-04:00,22.299999237060547,22.399999618530273,22.239999771118164,22.334999084472656,7173,0.0,0.0
2024-04-16 11:30:00-04:00,22.34000015258789,22.420000076293945,22.329999923706055,22.385000228881836,7686,0.0,0.0
2024-04-16 12:30:00-04:00,22.420000076293945,22.440000534057617,22.385099411010742,22.43000030517578,9064,0.0,0.0
2024-04-16 13:30:00-04:00,22.40999984741211,22.43000030517578,22.290000915527344,22.3700008392334,15292,0.0,0.0
2024-04-16 14:30:00-04:00,22.398399353027344,22.440000534057617,22.3799991607666,22.440000534057617,11656,0.0,0.0
2024-04-16 15:30:00-04:00,22.420000076293945,22.440000534057617,22.3700008392334,22.420000076293945,15218,0.0,0.0
2024-04-17 09:30:00-04:00,22.510000228881836,22.549999237060547,22.388999938964844,22.489999771118164,0,0.0,0.0
2024-04-17 10:30:00-04:00,22.520000457763672,22.600000381469727,22.5,22.59000015258789,3146,0.0,0.0
2024-04-17 11:30:00-04:00,22.579999923706055,22.59000015258789,22.549999237060547,22.56999969482422,5551,0.0,0.0
2024-04-17 12:30:00-04:00,22.56999969482422,22.670000076293945,22.549999237060547,22.610000610351562,7255,0.0,0.0
2024-04-17 13:30:00-04:00,22.635000228881836,22.799999237060547,22.600000381469727,22.799999237060547,4367,0.0,0.0
2024-04-17 14:30:00-04:00,22.790000915527344,22.799999237060547,22.739999771118164,22.770000457763672,9949,0.0,0.0
2024-04-17 15:30:00-04:00,22.755199432373047,22.755199432373047,22.6200008392334,22.639999389648438,3212,0.0,0.0
2024-04-18 09:30:00-04:00,22.760000228881836,22.760000228881836,22.56999969482422,22.65999984741211,9667,0.0,0.0
2024-04-18 10:30:00-04:00,22.674999237060547,22.760000228881836,22.674999237060547,22.739999771118164,2784,0.0,0.0
2024-04-18 11:30:00-04:00,22.729999542236328,22.760000228881836,22.690000534057617,22.690000534057617,10952,0.0,0.0
2024-04-18 12:30:00-04:00,22.70509910583496,22.70509910583496,22.6200008392334,22.6200008392334,7541,0.0,0.0
2024-04-18 13:30:00-04:00,22.64240074157715,22.65999984741211,22.579999923706055,22.600000381469727,8632,0.0,0.0
2024-04-18 14:30:00-04:00,22.594999313354492,22.709999084472656,22.594999313354492,22.709999084472656,16041,0.0,0.0
2024-04-18 15:30:00-04:00,22.655000686645508,22.709999084472656,22.59000015258789,22.690000534057617,6660,0.0,0.0
2024-04-19 09:30:00-04:00,22.729999542236328,22.760000228881836,22.639999389648438,22.71109962463379,0,0.0,0.0
2024-04-19 10:30:00-04:00,22.709999084472656,22.790000915527344,22.700000762939453,22.75,4950,0.0,0.0
2024-04-19 11:30:00-04:00,22.729999542236328,22.788299560546875,22.729999542236328,22.788299560546875,740,0.0,0.0
2024-04-19 12:30:00-04:00,22.790000915527344,22.81999969482422,22.764999389648438,22.81999969482422,3647,0.0,0.0
2024-04-19 13:30:00-04:00,22.81999969482422,22.81999969482422,22.729999542236328,22.790000915527344,2185,0.0,0.0
2024-04-19 14:30:00-04:00,22.760000228881836,22.760000228881836,22.735700607299805,22.735700607299805,3794,0.0,0.0
2024-04-19 15:30:00-04:00,22.750099182128906,22.790000915527344,22.719999313354492,22.719999313354492,5091,0.0,0.0
2024-04-22 09:30:00-04:00,22.670000076293945,22.764999389648438,22.670000076293945,22.75,10792,0.0,0.0
2024-04-22 10:30:00-04:00,22.709999084472656,22.79990005493164,22.700000762939453,22.79789924621582,4724,0.0,0.0
2024-04-22 11:30:00-04:00,22.75,22.79439926147461,22.75,22.773000717163086,2920,0.0,0.0
2024-04-22 12:30:00-04:00,22.770000457763672,22.77989959716797,22.729999542236328,22.729999542236328,7758,0.0,0.0
2024-04-22 13:30:00-04:00,22.729999542236328,22.739999771118164,22.709999084472656,22.719999313354492,3251,0.0,0.0
2024-04-22 14:30:00-04:00,22.709999084472656,22.809999465942383,22.709999084472656,22.809999465942383,9830,0.0,0.0
2024-04-22 15:30:00-04:00,22.809900283813477,22.809900283813477,22.700000762939453,22.709999084472656,12809,0.0,0.0
2024-04-23 09:30:00-04:00,22.719999313354492,22.81999969482422,22.719999313354492,22.809999465942383,0,0.0,0.0
2024-04-23 10:30:00-04:00,22.889999389648438,22.93000030517578,22.83009910583496,22.920000076293945,5749,0.0,0.0
2024-04-23 11:30:00-04:00,22.875,22.88990020751953,22.829999923706055,22.88990020751953,3682,0.0,0.0
2024-04-23 12:30:00-04:00,22.8799991607666,22.93000030517578,22.8799991607666,22.905000686645508,3456,0.0,0.0
2024-04-23 13:30:00-04:00,22.905000686645508,22.90999984741211,22.88010025024414,22.905000686645508,6134,0.0,0.0
2024-04-23 14:30:00-04:00,22.889999389648438,22.94499969482422,22.84000015258789,22.91990089416504,7703,0.0,0.0
2024-04-23 15:30:00-04:00,22.860000610351562,22.989999771118164,22.860000610351562,22.989999771118164,10724,0.0,0.0
2024-04-24 09:30:00-04:00,22.90999984741211,23.010000228881836,22.899999618530273,22.899999618530273,0,0.0,0.0
2024-04-24 10:30:00-04:00,22.899999618530273,22.93000030517578,22.860000610351562,22.895000457763672,3510,0.0,0.0
2024-04-24 11:30:00-04:00,22.860000610351562,22.8799991607666,22.850000381469727,22.8799991607666,9540,0.0,0.0
2024-04-24 12:30:00-04:00,22.86009979248047,22.93000030517578,22.86009979248047,22.920000076293945,3043,0.0,0.0
2024-04-24 13:30:00-04:00,22.920000076293945,23.0049991607666,22.920000076293945,22.989999771118164,8493,0.0,0.0
2024-04-24 14:30:00-04:00,22.969999313354492,23.0049991607666,22.950000762939453,23.0049991607666,5722,0.0,0.0
2024-04-24 15:30:00-04:00,22.959999084472656,22.959999084472656,22.950000762939453,22.959999084472656,1256,0.0,0.0
2024-04-25 09:30:00-04:00,22.790000915527344,22.790000915527344,22.440000534057617,22.677400588989258,0,0.0,0.0
2024-04-25 10:30:00-04:00,22.6299991607666,22.6299991607666,22.530099868774414,22.59429931640625,3130,0.0,0.0
2024-04-25 11:30:00-04:00,22.5625,22.639999389648438,22.490800857543945,22.6200008392334,8618,0.0,0.0
2024-04-25 12:30:00-04:00,22.6200008392334,22.70989990234375,22.610000610351562,22.639999389648438,6533,0.0,0.0
2024-04-25 13:30:00-04:00,22.639999389648438,22.700000762939453,22.59000015258789,22.59000015258789,12039,0.0,0.0
2024-04-25 14:30:00-04:00,22.670799255371094,22.729999542236328,22.600000381469727,22.698699951171875,8652,0.0,0.0
2024-04-25 15:30:00-04:00,22.709999084472656,22.759899139404297,22.649999618530273,22.649999618530273,2067,0.0,0.0
2024-04-26 09:30:00-04:00,22.649999618530273,22.89579963684082,22.649999618530273,22.718599319458008,0,0.0,0.0
2024-04-26 10:30:00-04:00,22.719999313354492,22.72450065612793,22.670000076293945,22.670000076293945,6110,0.0,0.0
2024-04-26 11:30:00-04:00,22.690000534057617,22.709800720214844,22.670000076293945,22.670000076293945,6478,0.0,0.0
2024-04-26 12:30:00-04:00,22.670000076293945,22.700000762939453,22.65760040283203,22.65760040283203,5594,0.0,0.0
2024-04-26 13:30:00-04:00,22.665000915527344,22.68000030517578,22.6299991607666,22.65999984741211,2810,0.0,0.0
2024-04-26 14:30:00-04:00,22.689899444580078,22.719999313354492,22.649999618530273,22.719999313354492,2561,0.0,0.0
2024-04-26 15:30:00-04:00,22.719999313354492,22.719999313354492,22.450000762939453,22.450000762939453,8463,0.0,0.0
2024-04-29 09:30:00-04:00,22.56999969482422,22.6200008392334,22.520000457763672,22.600000381469727,0,0.0,0.0
2024-04-29 10:30:00-04:00,22.6200008392334,22.649999618530273,22.550100326538086,22.6299991607666,6937,0.0,0.0
2024-04-29 11:30:00-04:00,22.59000015258789,22.649999618530273,22.579999923706055,22.600000381469727,17715,0.0,0.0
2024-04-29 12:30:00-04:00,22.610000610351562,22.649999618530273,22.590099334716797,22.649999618530273,4922,0.0,0.0
2024-04-29 13:30:00-04:00,22.649999618530273,22.68000030517578,22.579999923706055,22.579999923706055,3157,0.0,0.0
2024-04-29 14:30:00-04:00,22.649999618530273,22.729900360107422,22.649999618530273,22.649999618530273,15186,0.0,0.0
2024-04-29 15:30:00-04:00,22.668399810791016,22.700000762939453,22.65060043334961,22.700000762939453,1400,0.0,0.0
2024-04-30 09:30:00-04:00,22.690000534057617,22.760000228881836,22.650100708007812,22.690000534057617,4954,0.0,0.0
2024-04-30 10:30:00-04:00,22.649999618530273,22.68000030517578,22.649999618530273,22.649999618530273,10243,0.0,0.0
2024-04-30 11:30:00-04:00,22.674999237060547,22.680500030517578,22.639999389648438,22.670000076293945,12046,0.0,0.0
2024-04-30 12:30:00-04:00,22.670000076293945,22.68000030517578,22.6299991607666,22.645000457763672,11083,0.0,0.0
2024-04-30 13:30:00-04:00,22.645000457763672,22.659900665283203,22.610000610351562,22.6299991607666,10990,0.0,0.0
2024-04-30 14:30:00-04:00,22.6200008392334,22.649999618530273,22.5,22.5,13172,0.0,0.0
2024-04-30 15:30:00-04:00,22.509000778198242,22.510000228881836,22.399999618530273,22.40999984741211,6183,0.0,0.0
2024-05-01 09:30:00-04:00,22.610000610351562,22.65999984741211,22.3700008392334,22.649999618530273,27787,0.0,0.0
2024-05-01 10:30:00-04:00,22.65999984741211,22.704999923706055,22.600000381469727,22.649999618530273,21068,0.0,0.0
2024-05-01 11:30:00-04:00,22.639999389648438,22.649999618530273,22.600000381469727,22.610000610351562,6235,0.0,0.0
2024-05-01 12:30:00-04:00,22.61989974975586,22.61989974975586,22.597200393676758,22.597200393676758,2869,0.0,0.0
2024-05-01 13:30:00-04:00,22.570100784301758,22.610000610351562,22.56999969482422,22.610000610351562,5622,0.0,0.0
2024-05-01 14:30:00-04:00,22.68000030517578,22.777099609375,22.68000030517578,22.729999542236328,6987,0.0,0.0
2024-05-01 15:30:00-04:00,22.726200103759766,22.729999542236328,22.649999618530273,22.670000076293945,4826,0.0,0.0
2024-05-02 09:30:00-04:00,22.639999389648438,22.639999389648438,22.549999237060547,22.559999465942383,6442,0.0,0.0
2024-05-02 10:30:00-04:00,22.700000762939453,22.75,22.700000762939453,22.75,9015,0.0,0.0
2024-05-02 11:30:00-04:00,22.729999542236328,22.770000457763672,22.709999084472656,22.7450008392334,6413,0.0,0.0
2024-05-02 12:30:00-04:00,22.761600494384766,22.828399658203125,22.747299194335938,22.828399658203125,9959,0.0,0.0
2024-05-02 13:30:00-04:00,22.82990074157715,22.82990074157715,22.770000457763672,22.770000457763672,5937,0.0,0.0
2024-05-02 14:30:00-04:00,22.770000457763672,22.799999237060547,22.770000457763672,22.770000457763672,2923,0.0,0.0
2024-05-02 15:30:00-04:00,22.709999084472656,22.73550033569336,22.68000030517578,22.68000030517578,1429,0.0,0.0
2024-05-03 09:30:00-04:00,22.899999618530273,22.979999542236328,22.829999923706055,22.850000381469727,9405,0.0,0.0
2024-05-03 10:30:00-04:00,22.94499969482422,23.010000228881836,22.922500610351562,23.0,13675,0.0,0.0
2024-05-03 11:30:00-04:00,23.0,23.010000228881836,22.979999542236328,23.0,4972,0.0,0.0
2024-05-03 12:30:00-04:00,22.975000381469727,23.059999465942383,22.975000381469727,23.0,8528,0.0,0.0
2024-05-03 13:30:00-04:00,22.986900329589844,23.020000457763672,22.986900329589844,23.020000457763672,1761,0.0,0.0
2024-05-03 14:30:00-04:00,23.045000076293945,23.079999923706055,23.020000457763672,23.030000686645508,3695,0.0,0.0
2024-05-03 15:30:00-04:00,23.079999923706055,23.079999923706055,23.020000457763672,23.020000457763672,2355,0.0,0.0
2024-05-06 09:30:00-04:00,23.100000381469727,23.100000381469727,22.920000076293945,23.079999923706055,0,0.0,0.0
2024-05-06 10:30:00-04:00,23.049999237060547,23.099899291992188,23.0049991607666,23.010000228881836,4634,0.0,0.0
2024-05-06 11:30:00-04:00,23.000099182128906,23.03019905090332,22.905000686645508,23.024999618530273,3058,0.0,0.0
2024-05-06 12:30:00-04:00,23.059999465942383,23.180299758911133,23.040000915527344,23.165000915527344,9059,0.0,0.0
2024-05-06 13:30:00-04:00,23.165000915527344,23.18000030517578,23.125,23.15999984741211,4849,0.0,0.0
2024-05-06 14:30:00-04:00,23.18000030517578,23.190000534057617,23.15999984741211,23.184999465942383,5181,0.0,0.0
2024-05-06 15:30:00-04:00,23.201400756835938,23.209999084472656,23.190000534057617,23.209999084472656,2778,0.0,0.0
2024-05-07 09:30:00-04:00,23.260000228881836,23.350000381469727,23.260000228881836,23.350000381469727,0,0.0,0.0
2024-05-07 10:30:00-04:00,23.334999084472656,23.3799991607666,23.325199127197266,23.350000381469727,2141,0.0,0.0
2024-05-07 11:30:00-04:00,23.364999771118164,23.37350082397461,23.295000076293945,23.295000076293945,4586,0.0,0.0
2024-05-07 12:30:00-04:00,23.299999237060547,23.299999237060547,23.250099182128906,23.299999237060547,6375,0.0,0.0
2024-05-07 13:30:00-04:00,23.299999237060547,23.299999237060547,23.200000762939453,23.260000228881836,8160,0.0,0.0
2024-05-07 14:30:00-04:00,23.299999237060547,23.299999237060547,23.190000534057617,23.25,14014,0.0,0.0
2024-05-07 15:30:00-04:00,23.239999771118164,23.270000457763672,23.184999465942383,23.270000457763672,7692,0.0,0.0
2024-05-08 09:30:00-04:00,23.149999618530273,23.270000457763672,23.149999618530273,23.270000457763672,0,0.0,0.0
2024-05-08 10:30:00-04:00,23.270000457763672,23.329999923706055,23.2101993560791,23.329999923706055,11597,0.0,0.0
2024-05-08 11:30:00-04:00,23.31999969482422,23.34000015258789,23.295000076293945,23.295000076293945,3975,0.0,0.0
2024-05-08 12:30:00-04:00,23.295000076293945,23.299999237060547,23.0,23.149999618530273,27330,0.0,0.0
2024-05-08 13:30:00-04:00,23.170000076293945,23.260000228881836,23.040000915527344,23.100000381469727,34188,0.0,0.0
2024-05-08 14:30:00-04:00,23.104999542236328,23.139999389648438,23.041000366210938,23.139999389648438,5633,0.0,0.0
2024-05-08 15:30:00-04:00,23.110000610351562,23.1299991607666,23.059999465942383,23.06999969482422,3701,0.0,0.0
2024-05-09 09:30:00-04:00,23.160900115966797,23.190000534057617,23.139999389648438,23.149999618530273,2116,0.0,0.0
2024-05-09 10:30:00-04:00,23.149999618530273,23.149999618530273,23.059999465942383,23.08009910583496,4218,0.0,0.0
2024-05-09 11:30:00-04:00,23.13990020751953,23.13990020751953,23.065000534057617,23.06999969482422,5710,0.0,0.0
2024-05-09 12:30:00-04:00,23.059999465942383,23.09000015258789,23.059999465942383,23.09000015258789,5137,0.0,0.0
2024-05-09 13:30:00-04:00,23.094999313354492,23.1299991607666,23.059999465942383,23.079999923706055,3953,0.0,0.0
2024-05-09 14:30:00-04:00,23.079999923706055,23.079999923706055,23.010000228881836,23.010000228881836,7155,0.0,0.0
2024-05-09 15:30:00-04:00,23.010000228881836,23.03499984741211,22.979999542236328,22.979999542236328,5683,0.0,0.0
2024-05-10 09:30:00-04:00,22.979999542236328,23.0,22.979999542236328,22.979999542236328,0,0.0,0.0
2024-05-10 10:30:00-04:00,22.979999542236328,22.979999542236328,22.84000015258789,22.84079933166504,9209,0.0,0.0
2024-05-10 11:30:00-04:00,22.895000457763672,22.924999237060547,22.841100692749023,22.924999237060547,4249,0.0,0.0
2024-05-10 12:30:00-04:00,22.899999618530273,23.00790023803711,22.899999618530273,23.00790023803711,1643,0.0,0.0
2024-05-10 13:30:00-04:00,22.93000030517578,22.96500015258789,22.920000076293945,22.920000076293945,1867,0.0,0.0
2024-05-10 14:30:00-04:00,22.899999618530273,22.920000076293945,22.860000610351562,22.885000228881836,5247,0.0,0.0
2024-05-10 15:30:00-04:00,22.851600646972656,22.920000076293945,22.850000381469727,22.920000076293945,3471,0.0,0.0
2024-05-13 09:30:00-04:00,22.969999313354492,23.040000915527344,22.94499969482422,23.040000915527344,0,0.0,0.0
2024-05-13 10:30:00-04:00,23.100000381469727,23.18000030517578,23.100000381469727,23.100000381469727,12589,0.0,0.0
2024-05-13 11:30:00-04:00,23.116100311279297,23.12179946899414,23.094999313354492,23.094999313354492,1292,0.0,0.0
2024-05-13 12:30:00-04:00,23.139999389648438,23.139999389648438,23.000099182128906,23.065000534057617,5614,0.0,0.0
2024-05-13 13:30:00-04:00,23.020000457763672,23.1299991607666,23.010000228881836,23.062400817871094,5136,0.0,0.0
2024-05-13 14:30:00-04:00,23.03499984741211,23.03499984741211,23.0,23.000099182128906,2323,0.0,0.0
2024-05-13 15:30:00-04:00,23.049999237060547,23.049999237060547,22.940000534057617,22.940000534057617,4126,0.0,0.0
2024-05-14 09:30:00-04:00,22.989999771118164,23.038000106811523,22.920000076293945,22.989999771118164,5048,0.0,0.0
2024-05-14 10:30:00-04:00,22.979999542236328,22.979999542236328,22.850000381469727,22.924999237060547,11387,0.0,0.0
2024-05-14 11:30:00-04:00,22.924999237060547,23.0,22.84000015258789,22.850000381469727,9574,0.0,0.0
2024-05-14 12:30:00-04:00,22.915000915527344,22.915000915527344,22.799999237060547,22.84819984436035,3766,0.0,0.0
2024-05-14 13:30:00-04:00,22.809999465942383,22.850000381469727,22.74250030517578,22.84000015258789,6188,0.0,0.0
2024-05-14 14:30:00-04:00,22.75,22.829999923706055,22.700000762939453,22.700000762939453,6034,0.0,0.0
2024-05-14 15:30:00-04:00,22.75,22.80459976196289,22.600000381469727,22.600000381469727,10551,0.0,0.0
2024-05-15 09:30:00-04:00,22.760000228881836,22.899999618530273,22.760000228881836,22.84079933166504,12491,0.0,0.0
2024-05-15 10:30:00-04:00,22.899999618530273,22.899999618530273,22.850000381469727,22.899999618530273,4476,0.0,0.0
2024-05-15 11:30:00-04:00,22.899999618530273,22.899999618530273,22.8799991607666,22.888200759887695,5828,0.0,0.0
2024-05-15 12:30:00-04:00,22.899999618530273,22.979999542236328,22.899999618530273,22.969999313354492,2861,0.0,0.0
2024-05-15 13:30:00-04:00,22.920000076293945,22.950000762939453,22.899999618530273,22.905000686645508,13602,0.0,0.0
2024-05-15 14:30:00-04:00,22.920000076293945,22.940000534057617,22.900100708007812,22.90999984741211,13133,0.0,0.0
2024-05-15 15:30:00-04:00,22.90999984741211,22.93000030517578,22.86009979248047,22.920000076293945,4038,0.0,0.0
2024-05-16 09:30:00-04:00,22.979999542236328,22.979999542236328,22.859399795532227,22.915000915527344,18091,0.0,0.0
2024-05-16 10:30:00-04:00,22.915000915527344,22.973800659179688,22.885000228881836,22.920000076293945,3780,0.0,0.0
2024-05-16 11:30:00-04:00,22.924999237060547,23.02989959716797,22.8799991607666,23.02989959716797,6471,0.0,0.0
2024-05-16 12:30:00-04:00,22.90999984741211,22.90999984741211,22.90130043029785,22.90130043029785,758,0.0,0.0
2024-05-16 13:30:00-04:00,22.91010093688965,22.975000381469727,22.91010093688965,22.975000381469727,495,0.0,0.0
2024-05-16 14:30:00-04:00,22.981399536132812,23.020000457763672,22.979999542236328,23.010000228881836,3340,0.0,0.0
2024-05-16 15:30:00-04:00,23.010000228881836,23.023399353027344,23.0,23.010000228881836,5000,0.0,0.0
2024-05-17 09:30:00-04:00,23.020000457763672,23.020000457763672,22.780000686645508,22.920000076293945,0,0.0,0.0
2024-05-17 10:30:00-04:00,22.8799991607666,22.949899673461914,22.8799991607666,22.943300247192383,1267,0.0,0.0
2024-05-17 11:30:00-04:00,22.888999938964844,22.93709945678711,22.88010025024414,22.915000915527344,3493,0.0,0.0
2024-05-17 12:30:00-04:00,22.889999389648438,22.90999984741211,22.8700008392334,22.90999984741211,5955,0.0,0.0
2024-05-17 13:30:00-04:00,22.90999984741211,22.941600799560547,22.90999984741211,22.941600799560547,1229,0.0,0.0
2024-05-17 14:30:00-04:00,22.915000915527344,22.950000762939453,22.915000915527344,22.950000762939453,4878,0.0,0.0
2024-05-17 15:30:00-04:00,22.96500015258789,22.96500015258789,22.934999465942383,22.934999465942383,4227,0.0,0.0
2024-05-20 09:30:00-04:00,22.829999923706055,23.04949951171875,22.829999923706055,22.969999313354492,0,0.0,0.0
2024-05-20 10:30:00-04:00,22.98710060119629,23.049999237060547,22.959999084472656,22.959999084472656,5270,0.0,0.0
2024-05-20 11:30:00-04:00,22.940000534057617,22.965299606323242,22.940000534057617,22.940000534057617,2409,0.0,0.0
2024-05-20 12:30:00-04:00,22.999900817871094,22.999900817871094,22.940000534057617,22.940000534057617,2331,0.0,0.0
2024-05-20 13:30:00-04:00,22.99169921875,22.999900817871094,22.920000076293945,22.999900817871094,2782,0.0,0.0
2024-05-20 14:30:00-04:00,22.96500015258789,22.990800857543945,22.8700008392334,22.8700008392334,7506,0.0,0.0
2024-05-20 15:30:00-04:00,22.90999984741211,22.90999984741211,22.8799991607666,22.8799991607666,2091,0.0,0.0
2024-05-21 09:30:00-04:00,22.959999084472656,22.979999542236328,22.905000686645508,22.959999084472656,0,0.0,0.0
2024-05-21 10:30:00-04:00,22.989999771118164,22.989999771118164,22.899999618530273,22.920000076293945,8036,0.0,0.0
2024-05-21 11:30:00-04:00,22.90999984741211,22.959999084472656,22.8799991607666,22.889999389648438,7931,0.0,0.0
2024-05-21 12:30:00-04:00,22.8700008392334,22.875,22.860000610351562,22.875,3193,0.0,0.0
2024-05-21 13:30:00-04:00,22.875,22.88990020751953,22.84000015258789,22.8656005859375,7209,0.0,0.0
2024-05-21 14:30:00-04:00,22.845199584960938,22.859899520874023,22.799999237060547,22.799999237060547,5525,0.0,0.0
2024-05-21 15:30:00-04:00,22.809999465942383,22.83650016784668,22.780000686645508,22.799999237060547,7715,0.0,0.0
2024-05-22 09:30:00-04:00,22.729999542236328,22.902700424194336,22.729999542236328,22.902700424194336,0,0.0,0.0
2024-05-22 10:30:00-04:00,22.860000610351562,22.860000610351562,22.799999237060547,22.799999237060547,2768,0.0,0.0
2024-05-22 11:30:00-04:00,22.780000686645508,22.799999237060547,22.68000030517578,22.719999313354492,9672,0.0,0.0
2024-05-22 12:30:00-04:00,22.729999542236328,22.739999771118164,22.65999984741211,22.719999313354492,7876,0.0,0.0
2024-05-22 13:30:00-04:00,22.729999542236328,22.739999771118164,22.719999313354492,22.719999313354492,2058,0.0,0.0
2024-05-22 14:30:00-04:00,22.690000534057617,22.75,22.690000534057617,22.719999313354492,6785,0.0,0.0
2024-05-22 15:30:00-04:00,22.709999084472656,22.780000686645508,22.709999084472656,22.729999542236328,0,0.0,0.0
2024-05-23 09:30:00-04:00,22.739999771118164,22.88990020751953,22.610000610351562,22.68000030517578,9976,0.0,0.0
2024-05-23 10:30:00-04:00,22.68000030517578,22.719999313354492,22.5,22.577699661254883,16084,0.0,0.0
2024-05-23 11:30:00-04:00,22.549999237060547,22.579999923706055,22.440000534057617,22.450000762939453,15148,0.0,0.0
2024-05-23 12:30:00-04:00,22.5,22.510000228881836,22.450000762939453,22.479999542236328,5390,0.0,0.0
2024-05-23 13:30:00-04:00,22.489999771118164,22.543800354003906,22.489999771118164,22.54330062866211,5814,0.0,0.0
2024-05-23 14:30:00-04:00,22.479999542236328,22.51609992980957,22.459999084472656,22.459999084472656,8177,0.0,0.0
2024-05-23 15:30:00-04:00,22.509899139404297,22.509899139404297,22.459999084472656,22.469999313354492,0,0.0,0.0
2024-05-24 09:30:00-04:00,22.469999313354492,22.579999923706055,22.469999313354492,22.549999237060547,2218,0.0,0.0
2024-05-24 10:30:00-04:00,22.563499450683594,22.579999923706055,22.510000228881836,22.579999923706055,5062,0.0,0.0
2024-05-24 11:30:00-04:00,22.540000915527344,22.559999465942383,22.520000457763672,22.549999237060547,4607,0.0,0.0
2024-05-24 12:30:00-04:00,22.549999237060547,22.600000381469727,22.549999237060547,22.590200424194336,5672,0.0,0.0
2024-05-24 13:30:00-04:00,22.631399154663086,22.631399154663086,22.59749984741211,22.59749984741211,2608,0.0,0.0
2024-05-24 14:30:00-04:00,22.579999923706055,22.62809944152832,22.579999923706055,22.579999923706055,4356,0.0,0.0
2024-05-24 15:30:00-04:00,22.579999923706055,22.6200008392334,22.579999923706055,22.579999923706055,1092,0.0,0.0
2024-05-28 09:30:00-04:00,22.600000381469727,22.777599334716797,22.600000381469727,22.68000030517578,0,0.0,0.0
2024-05-28 10:30:00-04:00,22.610000610351562,22.610000610351562,22.549999237060547,22.600000381469727,6799,0.0,0.0
2024-05-28 11:30:00-04:00,22.559999465942383,22.58970069885254,22.540000915527344,22.540000915527344,7826,0.0,0.0
2024-05-28 12:30:00-04:00,22.59000015258789,22.59000015258789,22.520000457763672,22.530000686645508,3339,0.0,0.0
2024-05-28 13:30:00-04:00,22.520000457763672,22.543100357055664,22.5,22.5,5614,0.0,0.0
2024-05-28 14:30:00-04:00,22.520000457763672,22.520000457763672,22.40999984741211,22.497100830078125,12422,0.0,0.0
2024-05-28 15:30:00-04:00,22.40999984741211,22.46809959411621,22.40999984741211,22.450000762939453,2992,0.0,0.0
2024-05-29 09:30:00-04:00,22.350000381469727,22.385299682617188,22.299999237060547,22.34000015258789,0,0.0,0.0
2024-05-29 10:30:00-04:00,22.347400665283203,22.347400665283203,22.219999313354492,22.309999465942383,13613,0.0,0.0
2024-05-29 11:30:00-04:00,22.299999237060547,22.299999237060547,22.28969955444336,22.299999237060547,6936,0.0,0.0
2024-05-29 12:30:00-04:00,22.309499740600586,22.319700241088867,22.25,22.28499984741211,4143,0.0,0.0
2024-05-29 13:30:00-04:00,22.294700622558594,22.3075008392334,22.260799407958984,22.260799407958984,2109,0.0,0.0
2024-05-29 14:30:00-04:00,22.2903995513916,22.323699951171875,22.260000228881836,22.31999969482422,5637,0.0,0.0
2024-05-29 15:30:00-04:00,22.309999465942383,22.31999969482422,22.25,22.25,4024,0.0,0.0
2024-05-30 09:30:00-04:00,22.299999237060547,22.43000030517578,22.299999237060547,22.350000381469727,0,0.0,0.0
2024-05-30 10:30:00-04:00,22.434999465942383,22.434999465942383,22.360000610351562,22.42930030822754,2127,0.0,0.0
2024-05-30 11:30:00-04:00,22.434999465942383,22.450000762939453,22.370100021362305,22.450000762939453,8285,0.0,0.0
2024-05-30 12:30:00-04:00,22.440000534057617,22.49489974975586,22.434999465942383,22.46500015258789,4193,0.0,0.0
2024-05-30 13:30:00-04:00,22.440000534057617,22.5,22.43000030517578,22.489999771118164,7339,0.0,0.0
2024-05-30 14:30:00-04:00,22.489999771118164,22.549999237060547,22.459999084472656,22.459999084472656,5381,0.0,0.0
2024-05-30 15:30:00-04:00,22.41010093688965,22.549999237060547,22.41010093688965,22.549999237060547,0,0.0,0.0
2024-05-31 09:30:00-04:00,22.649999618530273,22.700000762939453,22.6299991607666,22.6299991607666,4906,0.0,0.0
2024-05-31 10:30:00-04:00,22.684999465942383,22.770000457763672,22.65060043334961,22.690000534057617,8841,0.0,0.0
2024-05-31 11:30:00-04:00,22.770000457763672,22.799699783325195,22.739999771118164,22.770000457763672,4668,0.0,0.0
2024-05-31 12:30:00-04:00,22.75,22.850000381469727,22.739999771118164,22.850000381469727,7896,0.0,0.0
2024-05-31 13:30:00-04:00,22.81999969482422,22.8700008392334,22.780000686645508,22.819900512695312,6613,0.0,0.0
2024-05-31 14:30:00-04:00,22.8700008392334,22.959999084472656,22.850000381469727,22.959999084472656,8923,0.0,0.0
2024-05-31 15:30:00-04:00,22.920000076293945,23.139999389648438,22.8981990814209,23.1200008392334,38017,0.0,0.0
2024-06-03 09:30:00-04:00,23.100000381469727,23.219999313354492,23.084999084472656,23.219999313354492,13266,0.0,0.0
2024-06-03 10:30:00-04:00,23.15999984741211,23.190000534057617,23.15999984741211,23.18000030517578,6779,0.0,0.0
2024-06-03 11:30:00-04:00,23.180400848388672,23.181400299072266,23.100000381469727,23.181400299072266,3515,0.0,0.0
2024-06-03 12:30:00-04:00,23.145000457763672,23.18000030517578,23.145000457763672,23.150800704956055,1038,0.0,0.0
2024-06-03 13:30:00-04:00,23.17620086669922,23.200000762939453,23.149999618530273,23.200000762939453,8044,0.0,0.0
2024-06-03 14:30:00-04:00,23.190000534057617,23.190000534057617,23.15999984741211,23.165000915527344,4532,0.0,0.0
2024-06-03 15:30:00-04:00,23.15999984741211,23.170000076293945,23.149999618530273,23.170000076293945,574,0.0,0.0
2024-06-04 09:30:00-04:00,23.170000076293945,23.229999542236328,23.100000381469727,23.201200485229492,17914,0.0,0.0
2024-06-04 10:30:00-04:00,23.229999542236328,23.25,23.225000381469727,23.2450008392334,8275,0.0,0.0
2024-06-04 11:30:00-04:00,23.219999313354492,23.280000686645508,23.219999313354492,23.260000228881836,6731,0.0,0.0
2024-06-04 12:30:00-04:00,23.274999618530273,23.280000686645508,23.26449966430664,23.280000686645508,4601,0.0,0.0
2024-06-04 13:30:00-04:00,23.274999618530273,23.290000915527344,23.260000228881836,23.270000457763672,5207,0.0,0.0
2024-06-04 14:30:00-04:00,23.280000686645508,23.28030014038086,23.200000762939453,23.25,6172,0.0,0.0
2024-06-04 15:30:00-04:00,23.260000228881836,23.260000228881836,23.218000411987305,23.235000610351562,2625,0.0,0.0
2024-06-05 09:30:00-04:00,23.270000457763672,23.270000457763672,23.138999938964844,23.138999938964844,8248,0.0,0.0
2024-06-05 10:30:00-04:00,23.18000030517578,23.239999771118164,23.140300750732422,23.170000076293945,4798,0.0,0.0
2024-06-05 11:30:00-04:00,23.181400299072266,23.229999542236328,23.181400299072266,23.229999542236328,7549,0.0,0.0
2024-06-05 12:30:00-04:00,23.200000762939453,23.239999771118164,23.200000762939453,23.235000610351562,8619,0.0,0.0
2024-06-05 13:30:00-04:00,23.190000534057617,23.219999313354492,23.18000030517578,23.18000030517578,1620,0.0,0.0
2024-06-05 14:30:00-04:00,23.190000534057617,23.21649932861328,23.139999389648438,23.149999618530273,5918,0.0,0.0
2024-06-05 15:30:00-04:00,23.139999389648438,23.18000030517578,23.1200008392334,23.18000030517578,2487,0.0,0.0
2024-06-06 09:30:00-04:00,23.139999389648438,23.139999389648438,23.043399810791016,23.060400009155273,0,0.0,0.0
2024-06-06 10:30:00-04:00,23.079999923706055,23.1299991607666,23.06999969482422,23.120500564575195,4473,0.0,0.0
2024-06-06 11:30:00-04:00,23.110000610351562,23.139999389648438,23.110000610351562,23.139999389648438,2714,0.0,0.0
2024-06-06 12:30:00-04:00,23.1299991607666,23.190000534057617,23.07900047302246,23.190000534057617,4769,0.0,0.0
2024-06-06 13:30:00-04:00,23.237899780273438,23.239999771118164,23.204999923706055,23.204999923706055,3574,0.0,0.0
2024-06-06 14:30:00-04:00,23.170700073242188,23.204999923706055,23.170700073242188,23.190000534057617,3642,0.0,0.0
2024-06-06 15:30:00-04:00,23.190000534057617,23.25,23.176599502563477,23.25,5067,0.0,0.0
2024-06-07 09:30:00-04:00,23.15999984741211,23.15999984741211,22.740400314331055,23.139999389648438,3860,0.0,0.0
2024-06-07 10:30:00-04:00,23.077199935913086,23.149999618530273,23.077199935913086,23.125,3569,0.0,0.0
2024-06-07 11:30:00-04:00,23.149999618530273,23.149999618530273,23.1382999420166,23.146099090576172,4017,0.0,0.0
2024-06-07 12:30:00-04:00,23.149999618530273,23.149999618530273,23.125,23.149999618530273,3239,0.0,0.0
2024-06-07 13:30:00-04:00,23.1200008392334,23.217199325561523,23.110000610351562,23.190000534057617,3610,0.0,0.0
2024-06-07 14:30:00-04:00,23.190000534057617,23.19499969482422,23.079999923706055,23.1299991607666,10822,0.0,0.0
2024-06-07 15:30:00-04:00,23.15999984741211,23.190000534057617,23.049999237060547,23.190000534057617,7795,0.0,0.0
2024-06-10 09:30:00-04:00,23.079999923706055,23.189899444580078,22.990100860595703,23.010000228881836,0,0.0,0.0
2024-06-10 10:30:00-04:00,23.042999267578125,23.042999267578125,23.028200149536133,23.028200149536133,1647,0.0,0.0
2024-06-10 11:30:00-04:00,23.049999237060547,23.075700759887695,22.84000015258789,22.940000534057617,4135,0.0,0.0
2024-06-10 12:30:00-04:00,22.90999984741211,22.920000076293945,22.90999984741211,22.920000076293945,782,0.0,0.0
2024-06-10 13:30:00-04:00,22.959999084472656,22.989900588989258,22.9424991607666,22.989900588989258,3343,0.0,0.0
2024-06-10 14:30:00-04:00,22.950000762939453,22.96500015258789,22.950000762939453,22.96500015258789,873,0.0,0.0
2024-06-10 15:30:00-04:00,22.940000534057617,22.94499969482422,22.899999618530273,22.899999618530273,1121,0.0,0.0
2024-06-11 09:30:00-04:00,22.959999084472656,22.959999084472656,22.762300491333008,22.827800750732422,0,0.0,0.0
2024-06-11 10:30:00-04:00,22.8799991607666,22.899999618530273,22.8700008392334,22.899999618530273,765,0.0,0.0
2024-06-11 11:30:00-04:00,22.863800048828125,22.899999618530273,22.739999771118164,22.739999771118164,4202,0.0,0.0
2024-06-11 12:30:00-04:00,22.739999771118164,22.82990074157715,22.739999771118164,22.82990074157715,3601,0.0,0.0
2024-06-11 13:30:00-04:00,22.760099411010742,22.829999923706055,22.760099411010742,22.829999923706055,1720,0.0,0.0
2024-06-11 14:30:00-04:00,22.829999923706055,22.90999984741211,22.760000228881836,22.815000534057617,3187,0.0,0.0
2024-06-11 15:30:00-04:00,22.84000015258789,22.86090087890625,22.770000457763672,22.770000457763672,3796,0.0,0.0
2024-06-12 09:30:00-04:00,22.93000030517578,23.132299423217773,22.93000030517578,22.978900909423828,0,0.0,0.0
2024-06-12 10:30:00-04:00,23.020000457763672,23.063499450683594,23.0,23.060100555419922,2925,0.0,0.0
2024-06-12 11:30:00-04:00,23.079999923706055,23.18000030517578,23.051599502563477,23.109899520874023,2776,0.0,0.0
2024-06-12 12:30:00-04:00,23.1200008392334,23.15999984741211,23.110000610351562,23.110000610351562,3648,0.0,0.0
2024-06-12 13:30:00-04:00,23.110000610351562,23.110000610351562,23.059999465942383,23.060100555419922,3740,0.0,0.0
2024-06-12 14:30:00-04:00,23.059999465942383,23.100000381469727,23.030000686645508,23.059999465942383,7163,0.0,0.0
2024-06-12 15:30:00-04:00,23.093299865722656,23.093299865722656,23.0,23.0,4370,0.0,0.0
2024-06-13 09:30:00-04:00,23.059999465942383,23.090999603271484,23.0,23.065000534057617,5395,0.0,0.0
2024-06-13 10:30:00-04:00,23.020000457763672,23.02199935913086,23.0,23.010000228881836,5354,0.0,0.0
2024-06-13 11:30:00-04:00,23.040000915527344,23.09000015258789,23.0,23.060100555419922,4888,0.0,0.0
2024-06-13 12:30:00-04:00,23.0846004486084,23.149999618530273,23.0846004486084,23.149999618530273,2894,0.0,0.0
2024-06-13 13:30:00-04:00,23.149200439453125,23.149999618530273,23.100000381469727,23.104999542236328,4757,0.0,0.0
2024-06-13 14:30:00-04:00,23.104999542236328,23.104999542236328,23.059999465942383,23.104999542236328,4126,0.0,0.0
2024-06-13 15:30:00-04:00,23.098600387573242,23.139999389648438,23.06999969482422,23.06999969482422,0,0.0,0.0
2024-06-14 09:30:00-04:00,23.110000610351562,23.149999618530273,23.020000457763672,23.049999237060547,3992,0.0,0.0
2024-06-14 10:30:00-04:00,23.056900024414062,23.056900024414062,23.030000686645508,23.030000686645508,2162,0.0,0.0
2024-06-14 11:30:00-04:00,23.030099868774414,23.053699493408203,23.030099868774414,23.053699493408203,2484,0.0,0.0
2024-06-14 12:30:00-04:00,23.100000381469727,23.100000381469727,23.067399978637695,23.06999969482422,1300,0.0,0.0
2024-06-14 13:30:00-04:00,23.06999969482422,23.100000381469727,23.06999969482422,23.100000381469727,722,0.0,0.0
2024-06-14 14:30:00-04:00,23.06999969482422,23.072500228881836,23.040000915527344,23.067899703979492,2261,0.0,0.0
2024-06-14 15:30:00-04:00,23.040000915527344,23.06999969482422,23.040000915527344,23.040000915527344,4992,0.0,0.0
2024-06-17 09:30:00-04:00,23.020000457763672,23.05500030517578,22.920000076293945,23.0,0,0.0,0.0
2024-06-17 10:30:00-04:00,23.045900344848633,23.059999465942383,23.0,23.0,4908,0.0,0.0
2024-06-17 11:30:00-04:00,23.0,23.040000915527344,22.989999771118164,23.040000915527344,25874,0.0,0.0
2024-06-17 12:30:00-04:00,23.079999923706055,23.079999923706055,23.040199279785156,23.0403995513916,8812,0.0,0.0
2024-06-17 13:30:00-04:00,23.040199279785156,23.079999923706055,23.040199279785156,23.079999923706055,3902,0.0,0.0
2024-06-17 14:30:00-04:00,23.084999084472656,23.100000381469727,23.059999465942383,23.059999465942383,1970,0.0,0.0
2024-06-17 15:30:00-04:00,23.100000381469727,23.100000381469727,23.040000915527344,23.040000915527344,0,0.0,0.0
2024-06-18 09:30:00-04:00,23.040000915527344,23.084999084472656,22.959999084472656,23.040000915527344,7418,0.0,0.0
2024-06-18 10:30:00-04:00,23.112300872802734,23.112300872802734,23.040000915527344,23.09000015258789,10216,0.0,0.0
2024-06-18 11:30:00-04:00,23.049999237060547,23.149999618530273,23.049999237060547,23.135000228881836,9017,0.0,0.0
2024-06-18 12:30:00-04:00,23.135000228881836,23.165000915527344,23.135000228881836,23.165000915527344,3881,0.0,0.0
2024-06-18 13:30:00-04:00,23.149999618530273,23.170000076293945,23.149999618530273,23.149999618530273,5456,0.0,0.0
2024-06-18 14:30:00-04:00,23.158700942993164,23.179000854492188,23.158700942993164,23.15999984741211,6136,0.0,0.0
2024-06-18 15:30:00-04:00,23.15999984741211,23.15999984741211,23.139999389648438,23.139999389648438,953,0.0,0.0
2024-06-20 09:30:00-04:00,23.049999237060547,23.100000381469727,23.010000228881836,23.020000457763672,15458,0.0,0.0
2024-06-20 10:30:00-04:00,23.020000457763672,23.02630043029785,23.0,23.020000457763672,3782,0.0,0.0
2024-06-20 11:30:00-04:00,23.010000228881836,23.020000457763672,23.010000228881836,23.014999389648438,7179,0.0,0.0
2024-06-20 12:30:00-04:00,23.010000228881836,23.059999465942383,23.010000228881836,23.059999465942383,7794,0.0,0.0
2024-06-20 13:30:00-04:00,23.03499984741211,23.069900512695312,23.03499984741211,23.055099487304688,3718,0.0,0.0
2024-06-20 14:30:00-04:00,23.06999969482422,23.06999969482422,23.010000228881836,23.010000228881836,5805,0.0,0.0
2024-06-20 15:30:00-04:00,23.06999969482422,23.06999969482422,23.010000228881836,23.010000228881836,0,0.0,0.0
2024-06-21 09:30:00-04:00,23.010000228881836,23.149999618530273,23.0,23.149999618530273,14110,0.0,0.0
2024-06-21 10:30:00-04:00,23.15999984741211,23.18000030517578,23.140399932861328,23.179899215698242,4695,0.0,0.0
2024-06-21 11:30:00-04:00,23.190000534057617,23.200000762939453,23.15999984741211,23.18000030517578,3379,0.0,0.0
2024-06-21 12:30:00-04:00,23.17169952392578,23.200000762939453,23.15999984741211,23.18000030517578,2574,0.0,0.0
2024-06-21 13:30:00-04:00,23.15999984741211,23.170000076293945,23.110000610351562,23.149999618530273,7193,0.0,0.0
2024-06-21 14:30:00-04:00,23.149999618530273,23.239999771118164,23.149999618530273,23.239999771118164,6678,0.0,0.0
2024-06-21 15:30:00-04:00,23.1299991607666,23.219999313354492,23.1299991607666,23.219999313354492,5633,0.0,0.0
2024-06-24 09:30:00-04:00,23.1299991607666,23.25,23.1200008392334,23.25,12048,0.0,0.0
2024-06-24 10:30:00-04:00,23.25,23.290000915527344,23.246599197387695,23.290000915527344,3068,0.0,0.0
2024-06-24 11:30:00-04:00,23.264999389648438,23.290000915527344,23.24250030517578,23.269500732421875,3614,0.0,0.0
2024-06-24 12:30:00-04:00,23.290000915527344,23.290000915527344,23.260000228881836,23.280000686645508,2868,0.0,0.0
2024-06-24 13:30:00-04:00,23.263700485229492,23.280000686645508,23.2549991607666,23.266199111938477,3244,0.0,0.0
2024-06-24 14:30:00-04:00,23.2549991607666,23.270000457763672,23.240299224853516,23.240299224853516,3549,0.0,0.0
2024-06-24 15:30:00-04:00,23.270000457763672,23.270000457763672,23.239999771118164,23.25,5388,0.0,0.0
2024-06-25 09:30:00-04:00,23.209999084472656,23.25189971923828,23.200000762939453,23.229999542236328,0,0.0,0.0
2024-06-25 10:30:00-04:00,23.26129913330078,23.264999389648438,23.239999771118164,23.264999389648438,2338,0.0,0.0
2024-06-25 11:30:00-04:00,23.209999084472656,23.264999389648438,23.209999084472656,23.239999771118164,3194,0.0,0.0
2024-06-25 12:30:00-04:00,23.270000457763672,23.289199829101562,23.21109962463379,23.21109962463379,4726,0.0,0.0
2024-06-25 13:30:00-04:00,23.2450008392334,23.2450008392334,23.229999542236328,23.235000610351562,1579,0.0,0.0
2024-06-25 14:30:00-04:00,23.229999542236328,23.280000686645508,23.229999542236328,23.260000228881836,21772,0.0,0.0
2024-06-25 15:30:00-04:00,23.280000686645508,23.280000686645508,23.25,23.274999618530273,4267,0.0,0.0
2024-06-26 09:30:00-04:00,23.200000762939453,23.25,23.200000762939453,23.232200622558594,0,0.0,0.0
2024-06-26 10:30:00-04:00,23.204999923706055,23.219999313354492,23.200000762939453,23.209999084472656,3204,0.0,0.0
2024-06-26 11:30:00-04:00,23.219999313354492,23.25909996032715,23.212499618530273,23.22249984741211,5546,0.0,0.0
2024-06-26 12:30:00-04:00,23.228099822998047,23.25,23.21500015258789,23.242300033569336,1621,0.0,0.0
2024-06-26 13:30:00-04:00,23.22010040283203,23.260000228881836,23.219999313354492,23.219999313354492,6805,0.0,0.0
2024-06-26 14:30:00-04:00,23.249900817871094,23.270000457763672,23.235000610351562,23.264999389648438,2266,0.0,0.0
2024-06-26 15:30:00-04:00,23.239999771118164,23.280000686645508,23.209999084472656,23.280000686645508,6294,0.0,0.0
2024-06-27 09:30:00-04:00,23.270000457763672,23.299999237060547,23.270000457763672,23.299999237060547,0,0.0,0.0
2024-06-27 10:30:00-04:00,23.329999923706055,23.329999923706055,23.295000076293945,23.309999465942383,1279,0.0,0.0
2024-06-27 11:30:00-04:00,23.350000381469727,23.350000381469727,23.2406005859375,23.270000457763672,6278,0.0,0.0
2024-06-27 12:30:00-04:00,23.270000457763672,23.299999237060547,23.242700576782227,23.25,3336,0.0,0.0
2024-06-27 13:30:00-04:00,23.239999771118164,23.24799919128418,23.239999771118164,23.24799919128418,1971,0.0,0.0
2024-06-27 14:30:00-04:00,23.22089958190918,23.239999771118164,23.100000381469727,23.200000762939453,8610,0.0,0.0
2024-06-27 15:30:00-04:00,23.17650032043457,23.309999465942383,23.17650032043457,23.309999465942383,9935,0.0,0.0
2024-06-28 09:30:00-04:00,23.219999313354492,23.24250030517578,23.07979965209961,23.079999923706055,0,0.0,0.0
2024-06-28 10:30:00-04:00,23.079999923706055,23.079999923706055,23.020000457763672,23.020000457763672,3828,0.0,0.0
2024-06-28 11:30:00-04:00,23.040000915527344,23.100000381469727,23.040000915527344,23.068700790405273,3589,0.0,0.0
2024-06-28 12:30:00-04:00,23.040599822998047,23.100000381469727,23.040000915527344,23.100000381469727,4494,0.0,0.0
2024-06-28 13:30:00-04:00,23.06999969482422,23.15999984741211,23.06999969482422,23.15999984741211,12419,0.0,0.0
2024-06-28 14:30:00-04:00,23.15999984741211,23.229999542236328,23.100000381469727,23.18000030517578,4832,0.0,0.0
2024-06-28 15:30:00-04:00,23.18000030517578,23.299999237060547,23.049999237060547,23.049999237060547,26210,0.0,0.0
2024-07-01 09:30:00-04:00,23.06999969482422,23.100000381469727,23.0,23.010000228881836,14957,0.0,0.0
2024-07-01 10:30:00-04:00,23.010000228881836,23.06999969482422,22.899999618530273,22.925100326538086,12247,0.0,0.0
2024-07-01 11:30:00-04:00,22.940000534057617,23.010000228881836,22.92009925842285,22.959999084472656,4397,0.0,0.0
2024-07-01 12:30:00-04:00,22.950000762939453,23.030000686645508,22.950000762939453,22.989999771118164,4328,0.0,0.0
2024-07-01 13:30:00-04:00,22.989999771118164,23.018299102783203,22.9552001953125,22.95560073852539,3952,0.0,0.0
2024-07-01 14:30:00-04:00,22.969999313354492,22.989999771118164,22.93000030517578,22.93000030517578,6736,0.0,0.0
2024-07-01 15:30:00-04:00,22.93000030517578,23.0,22.899999618530273,23.0,7117,0.0,0.0
2024-07-02 09:30:00-04:00,23.059999465942383,23.06999969482422,23.010000228881836,23.06999969482422,8254,0.0,0.0
2024-07-02 10:30:00-04:00,23.06999969482422,23.082500457763672,23.010000228881836,23.05500030517578,2917,0.0,0.0
2024-07-02 11:30:00-04:00,23.07110023498535,23.071699142456055,23.020700454711914,23.05500030517578,2342,0.0,0.0
2024-07-02 12:30:00-04:00,23.049999237060547,23.052799224853516,23.049999237060547,23.052799224853516,485,0.0,0.0
2024-07-02 13:30:00-04:00,23.037200927734375,23.06999969482422,23.032699584960938,23.049999237060547,1783,0.0,0.0
2024-07-02 14:30:00-04:00,23.049999237060547,23.1200008392334,23.049999237060547,23.093700408935547,6144,0.0,0.0
2024-07-02 15:30:00-04:00,23.079999923706055,23.100000381469727,23.079999923706055,23.100000381469727,2112,0.0,0.0
2024-07-03 09:30:00-04:00,23.110000610351562,23.209999084472656,23.094999313354492,23.1835994720459,6708,0.0,0.0
2024-07-03 10:30:00-04:00,23.200000762939453,23.31999969482422,23.19499969482422,23.31999969482422,14130,0.0,0.0
2024-07-03 11:30:00-04:00,23.250099182128906,23.329200744628906,23.25,23.251800537109375,9257,0.0,0.0
2024-07-05 09:30:00-04:00,23.221099853515625,23.221099853515625,23.221099853515625,23.221099853515625,0,0.0,0.0
2024-07-05 10:30:00-04:00,23.309999465942383,23.309999465942383,23.270000457763672,23.270000457763672,1594,0.0,0.0
2024-07-05 11:30:00-04:00,23.280500411987305,23.365800857543945,23.280099868774414,23.365800857543945,7266,0.0,0.0
2024-07-05 12:30:00-04:00,23.320600509643555,23.374900817871094,23.320600509643555,23.374900817871094,4295,0.0,0.0
2024-07-05 13:30:00-04:00,23.350000381469727,23.350000381469727,23.350000381469727,23.350000381469727,1974,0.0,0.0
2024-07-05 15:30:00-04:00,23.34000015258789,23.34000015258789,23.34000015258789,23.34000015258789,645,0.0,0.0
2024-07-08 09:30:00-04:00,23.309999465942383,23.350000381469727,23.299999237060547,23.325000762939453,0,0.0,0.0
2024-07-08 10:30:00-04:00,23.34269905090332,23.34269905090332,23.309999465942383,23.309999465942383,3640,0.0,0.0
2024-07-08 11:30:00-04:00,23.309999465942383,23.37820053100586,23.309999465942383,23.34939956665039,4924,0.0,0.0
2024-07-08 12:30:00-04:00,23.309999465942383,23.310100555419922,23.309999465942383,23.309999465942383,450,0.0,0.0
2024-07-08 13:30:00-04:00,23.350000381469727,23.350000381469727,23.309999465942383,23.33989906311035,5147,0.0,0.0
2024-07-08 14:30:00-04:00,23.2908992767334,23.310400009155273,23.280000686645508,23.280000686645508,2398,0.0,0.0
2024-07-08 15:30:00-04:00,23.260000228881836,23.270000457763672,23.25,23.25,3246,0.0,0.0
2024-07-09 09:30:00-04:00,23.329999923706055,23.329999923706055,23.229999542236328,23.239999771118164,0,0.0,0.0
2024-07-09 10:30:00-04:00,23.264999389648438,23.264999389648438,23.239999771118164,23.239999771118164,1657,0.0,0.0
2024-07-09 11:30:00-04:00,23.239999771118164,23.290599822998047,23.239999771118164,23.270000457763672,4280,0.0,0.0
2024-07-09 12:30:00-04:00,23.28969955444336,23.31999969482422,23.240800857543945,23.264999389648438,4178,0.0,0.0
2024-07-09 13:30:00-04:00,23.264999389648438,23.264999389648438,23.221500396728516,23.221500396728516,8050,0.0,0.0
2024-07-09 14:30:00-04:00,23.239999771118164,23.239999771118164,23.139999389648438,23.139999389648438,2234,0.0,0.0
2024-07-09 15:30:00-04:00,23.139999389648438,23.14069938659668,23.1299991607666,23.1299991607666,5988,0.0,0.0
2024-07-10 09:30:00-04:00,23.18000030517578,23.209999084472656,23.113500595092773,23.141000747680664,5083,0.0,0.0
2024-07-10 10:30:00-04:00,23.239900588989258,23.239900588989258,23.15999984741211,23.184999465942383,4517,0.0,0.0
2024-07-10 11:30:00-04:00,23.20949935913086,23.20949935913086,23.15999984741211,23.190000534057617,8689,0.0,0.0
2024-07-10 12:30:00-04:00,23.190000534057617,23.190000534057617,23.149999618530273,23.167499542236328,3290,0.0,0.0
2024-07-10 13:30:00-04:00,23.149999618530273,23.1781005859375,23.149999618530273,23.170000076293945,1363,0.0,0.0
2024-07-10 14:30:00-04:00,23.15999984741211,23.15999984741211,23.100000381469727,23.149999618530273,5876,0.0,0.0
2024-07-10 15:30:00-04:00,23.149999618530273,23.15559959411621,23.139999389648438,23.139999389648438,1267,0.0,0.0
2024-07-11 09:30:00-04:00,23.31999969482422,23.3700008392334,23.299999237060547,23.360000610351562,8738,0.0,0.0
2024-07-11 10:30:00-04:00,23.359600067138672,23.47909927368164,23.309999465942383,23.47909927368164,15431,0.0,0.0
2024-07-11 11:30:00-04:00,23.459999084472656,23.478099822998047,23.440000534057617,23.46500015258789,2238,0.0,0.0
2024-07-11 12:30:00-04:00,23.43079948425293,23.469999313354492,23.399999618530273,23.399999618530273,3792,0.0,0.0
2024-07-11 13:30:00-04:00,23.40999984741211,23.40999984741211,23.40999984741211,23.40999984741211,504,0.0,0.0
2024-07-11 14:30:00-04:00,23.40999984741211,23.420000076293945,23.3799991607666,23.3799991607666,3476,0.0,0.0
2024-07-11 15:30:00-04:00,23.3799991607666,23.389999389648438,23.3799991607666,23.3799991607666,3707,0.0,0.0
2024-07-12 09:30:00-04:00,23.440000534057617,23.540000915527344,23.440000534057617,23.489999771118164,7401,0.0,0.0
2024-07-12 10:30:00-04:00,23.5049991607666,23.540000915527344,23.420000076293945,23.43000030517578,9332,0.0,0.0
2024-07-12 11:30:00-04:00,23.43000030517578,23.450000762939453,23.350000381469727,23.360000610351562,18625,0.0,0.0
2024-07-12 12:30:00-04:00,23.360000610351562,23.399999618530273,23.360000610351562,23.399999618530273,8095,0.0,0.0
2024-07-12 13:30:00-04:00,23.399999618530273,23.420000076293945,23.3799991607666,23.3799991607666,3733,0.0,0.0
2024-07-12 14:30:00-04:00,23.360000610351562,23.384000778198242,23.360000610351562,23.384000778198242,3962,0.0,0.0
2024-07-12 15:30:00-04:00,23.360000610351562,23.440000534057617,23.360000610351562,23.440000534057617,7428,0.0,0.0
2024-07-15 09:30:00-04:00,23.43000030517578,23.440000534057617,23.390100479125977,23.440000534057617,0,0.0,0.0
2024-07-15 10:30:00-04:00,23.440000534057617,23.510000228881836,23.399999618530273,23.489999771118164,11891,0.0,0.0
2024-07-15 11:30:00-04:00,23.489999771118164,23.538700103759766,23.479999542236328,23.489999771118164,13818,0.0,0.0
2024-07-15 12:30:00-04:00,23.459999084472656,23.466999053955078,23.40180015563965,23.424999237060547,4992,0.0,0.0
2024-07-15 13:30:00-04:00,23.399999618530273,23.448299407958984,23.399999618530273,23.399999618530273,3980,0.0,0.0
2024-07-15 14:30:00-04:00,23.40999984741211,23.489900588989258,23.399999618530273,23.424999237060547,16077,0.0,0.0
2024-07-15 15:30:00-04:00,23.420000076293945,23.459999084472656,23.389999389648438,23.429899215698242,4769,0.0,0.0
2024-07-16 09:30:00-04:00,23.469999313354492,23.510000228881836,23.469999313354492,23.500099182128906,8987,0.0,0.0
2024-07-16 10:30:00-04:00,23.510000228881836,23.525999069213867,23.479999542236328,23.479999542236328,4877,0.0,0.0
2024-07-16 11:30:00-04:00,23.491600036621094,23.491600036621094,23.450000762939453,23.470399856567383,11523,0.0,0.0
2024-07-16 12:30:00-04:00,23.469999313354492,23.489999771118164,23.450000762939453,23.485000610351562,5723,0.0,0.0
2024-07-16 13:30:00-04:00,23.469999313354492,23.47010040283203,23.43000030517578,23.450000762939453,4766,0.0,0.0
2024-07-16 14:30:00-04:00,23.445999145507812,23.469900131225586,23.43000030517578,23.450000762939453,5749,0.0,0.0
2024-07-16 15:30:00-04:00,23.450000762939453,23.469999313354492,23.420000076293945,23.469999313354492,4852,0.0,0.0
2024-07-17 09:30:00-04:00,23.139999389648438,23.16990089416504,23.094741821289062,23.146400451660156,14844,0.0,0.0
2024-07-17 10:30:00-04:00,23.100000381469727,23.100000381469727,23.020000457763672,23.03499984741211,12407,0.0,0.0
2024-07-17 11:30:00-04:00,23.09000015258789,23.1299991607666,23.060400009155273,23.060400009155273,4319,0.0,0.0
2024-07-17 12:30:00-04:00,23.059999465942383,23.10759925842285,23.059999465942383,23.094999313354492,6965,0.0,0.0
2024-07-17 13:30:00-04:00,23.11549949645996,23.11549949645996,23.059999465942383,23.075000762939453,3995,0.0,0.0
2024-07-17 14:30:00-04:00,23.06999969482422,23.100000381469727,23.059999465942383,23.100000381469727,4813,0.0,0.0
2024-07-17 15:30:00-04:00,23.100500106811523,23.100500106811523,23.06999969482422,23.06999969482422,3348,0.0,0.0
2024-07-18 09:30:00-04:00,23.049999237060547,23.139999389648438,23.040000915527344,23.1299991607666,0,0.0,0.0
2024-07-18 10:30:00-04:00,23.06999969482422,23.09000015258789,23.059999465942383,23.075000762939453,22000,0.0,0.0
2024-07-18 11:30:00-04:00,23.06999969482422,23.077499389648438,23.059999465942383,23.059999465942383,7650,0.0,0.0
2024-07-18 12:30:00-04:00,23.059999465942383,23.060100555419922,23.059999465942383,23.059999465942383,9442,0.0,0.0
2024-07-18 13:30:00-04:00,23.061500549316406,23.069900512695312,23.059999465942383,23.059999465942383,14407,0.0,0.0
2024-07-18 14:30:00-04:00,23.059999465942383,23.059999465942383,22.94499969482422,22.956600189208984,8531,0.0,0.0
2024-07-18 15:30:00-04:00,22.969999313354492,22.972299575805664,22.950000762939453,22.950000762939453,1144,0.0,0.0
2024-07-19 09:30:00-04:00,22.920000076293945,22.989999771118164,22.920000076293945,22.989999771118164,0,0.0,0.0
2024-07-19 10:30:00-04:00,23.006900787353516,23.006900787353516,22.90999984741211,22.90999984741211,2011,0.0,0.0
2024-07-19 11:30:00-04:00,22.90999984741211,23.030000686645508,22.90999984741211,23.030000686645508,3512,0.0,0.0
2024-07-19 12:30:00-04:00,22.940000534057617,22.940000534057617,22.940000534057617,22.940000534057617,766,0.0,0.0
2024-07-19 13:30:00-04:00,22.940000534057617,22.940000534057617,22.940000534057617,22.940000534057617,1332,0.0,0.0
2024-07-19 14:30:00-04:00,22.940000534057617,22.989999771118164,22.940000534057617,22.940000534057617,2316,0.0,0.0
2024-07-19 15:30:00-04:00,22.96500015258789,22.969999313354492,22.940000534057617,22.969999313354492,905,0.0,0.0
2024-07-22 09:30:00-04:00,23.09000015258789,23.09000015258789,23.0,23.0049991607666,0,0.0,0.0
2024-07-22 10:30:00-04:00,22.959999084472656,22.98150062561035,22.940000534057617,22.940000534057617,6594,0.0,0.0
2024-07-22 11:30:00-04:00,22.940000534057617,22.966400146484375,22.90999984741211,22.90999984741211,4749,0.0,0.0
2024-07-22 12:30:00-04:00,22.90999984741211,22.96940040588379,22.890100479125977,22.890100479125977,12693,0.0,0.0
2024-07-22 13:30:00-04:00,22.889999389648438,22.9148006439209,22.8700008392334,22.900100708007812,8466,0.0,0.0
2024-07-22 14:30:00-04:00,22.915000915527344,22.915000915527344,22.860000610351562,22.860200881958008,5062,0.0,0.0
2024-07-22 15:30:00-04:00,22.889999389648438,22.889999389648438,22.860000610351562,22.860000610351562,0,0.0,0.0
2024-07-23 09:30:00-04:00,22.84000015258789,22.850000381469727,22.809999465942383,22.81999969482422,10352,0.0,0.0
2024-07-23 10:30:00-04:00,22.81999969482422,22.84000015258789,22.729999542236328,22.762100219726562,19933,0.0,0.0
2024-07-23 11:30:00-04:00,22.76420021057129,22.819900512695312,22.75,22.75,6029,0.0,0.0
2024-07-23 12:30:00-04:00,22.729999542236328,22.799999237060547,22.729999542236328,22.739999771118164,4042,0.0,0.0
2024-07-23 13:30:00-04:00,22.770000457763672,22.809900283813477,22.739999771118164,22.739999771118164,8111,0.0,0.0
2024-07-23 14:30:00-04:00,22.739999771118164,22.780000686645508,22.739999771118164,22.770000457763672,3217,0.0,0.0
2024-07-23 15:30:00-04:00,22.770000457763672,22.818199157714844,22.770000457763672,22.809999465942383,1942,0.0,0.0
2024-07-24 09:30:00-04:00,22.690000534057617,22.7987003326416,22.690000534057617,22.760000228881836,0,0.0,0.0
2024-07-24 10:30:00-04:00,22.820199966430664,22.820199966430664,22.770000457763672,22.780000686645508,2080,0.0,0.0
2024-07-24 11:30:00-04:00,22.780000686645508,22.780000686645508,22.729999542236328,22.729999542236328,3192,0.0,0.0
2024-07-24 12:30:00-04:00,22.682300567626953,22.748199462890625,22.639999389648438,22.639999389648438,3135,0.0,0.0
2024-07-24 13:30:00-04:00,22.639999389648438,22.649900436401367,22.60580062866211,22.6299991607666,3824,0.0,0.0
2024-07-24 14:30:00-04:00,22.6200008392334,22.625200271606445,22.610000610351562,22.610000610351562,3545,0.0,0.0
2024-07-24 15:30:00-04:00,22.610000610351562,22.610000610351562,22.549999237060547,22.549999237060547,2980,0.0,0.0
2024-07-25 09:30:00-04:00,22.649999618530273,22.700000762939453,22.591100692749023,22.674999237060547,0,0.0,0.0
2024-07-25 10:30:00-04:00,22.694299697875977,22.694299697875977,22.65999984741211,22.68000030517578,3998,0.0,0.0
2024-07-25 11:30:00-04:00,22.67770004272461,22.700000762939453,22.650100708007812,22.650100708007812,3815,0.0,0.0
2024-07-25 12:30:00-04:00,22.649999618530273,22.700000762939453,22.649999618530273,22.700000762939453,7935,0.0,0.0
2024-07-25 13:30:00-04:00,22.719999313354492,22.719999313354492,22.709999084472656,22.709999084472656,2258,0.0,0.0
2024-07-25 14:30:00-04:00,22.709999084472656,22.719999313354492,22.670000076293945,22.670000076293945,5663,0.0,0.0
2024-07-25 15:30:00-04:00,22.65999984741211,22.65999984741211,22.65999984741211,22.65999984741211,0,0.0,0.0
2024-07-26 09:30:00-04:00,22.799999237060547,22.799999237060547,22.732500076293945,22.75,4842,0.0,0.0
2024-07-26 10:30:00-04:00,22.760000228881836,22.775800704956055,22.710100173950195,22.719999313354492,5315,0.0,0.0
2024-07-26 11:30:00-04:00,22.739999771118164,22.7549991607666,22.719999313354492,22.7450008392334,6611,0.0,0.0
2024-07-26 12:30:00-04:00,22.730499267578125,22.78499984741211,22.730499267578125,22.760000228881836,3002,0.0,0.0
2024-07-26 13:30:00-04:00,22.760000228881836,22.774999618530273,22.75,22.75,3639,0.0,0.0
2024-07-26 14:30:00-04:00,22.75,22.770000457763672,22.75,22.770000457763672,2223,0.0,0.0
2024-07-26 15:30:00-04:00,22.788400650024414,22.8700008392334,22.785499572753906,22.850000381469727,10690,0.0,0.0
2024-07-29 09:30:00-04:00,22.899999618530273,22.90999984741211,22.8799991607666,22.887500762939453,0,0.0,0.0
2024-07-29 10:30:00-04:00,22.889999389648438,22.889999389648438,22.84000015258789,22.8799991607666,5022,0.0,0.0
2024-07-29 11:30:00-04:00,22.87969970703125,22.87969970703125,22.840099334716797,22.860000610351562,3685,0.0,0.0
2024-07-29 12:30:00-04:00,22.850000381469727,22.850000381469727,22.81999969482422,22.81999969482422,4454,0.0,0.0
2024-07-29 13:30:00-04:00,22.809999465942383,22.829999923706055,22.780000686645508,22.81999969482422,5229,0.0,0.0
2024-07-29 14:30:00-04:00,22.799999237060547,22.799999237060547,22.760099411010742,22.760099411010742,4468,0.0,0.0
2024-07-29 15:30:00-04:00,22.770000457763672,22.770000457763672,22.770000457763672,22.770000457763672,268,0.0,0.0
2024-07-30 09:30:00-04:00,22.770000457763672,22.799999237060547,22.729999542236328,22.76959991455078,0,0.0,0.0
2024-07-30 10:30:00-04:00,22.757600784301758,22.769899368286133,22.729999542236328,22.7450008392334,6529,0.0,0.0
2024-07-30 11:30:00-04:00,22.74139976501465,22.74139976501465,22.709999084472656,22.709999084472656,3331,0.0,0.0
2024-07-30 12:30:00-04:00,22.719999313354492,22.770000457763672,22.719999313354492,22.757699966430664,4724,0.0,0.0
2024-07-30 13:30:00-04:00,22.739999771118164,22.760000228881836,22.739999771118164,22.760000228881836,3549,0.0,0.0
2024-07-30 14:30:00-04:00,22.75670051574707,22.770000457763672,22.729999542236328,22.769899368286133,4270,0.0,0.0
2024-07-30 15:30:00-04:00,22.746000289916992,22.770000457763672,22.746000289916992,22.770000457763672,1990,0.0,0.0
2024-07-31 09:30:00-04:00,22.799999237060547,22.799999237060547,22.742700576782227,22.742700576782227,0,0.0,0.0
2024-07-31 10:30:00-04:00,22.709999084472656,22.759899139404297,22.649999618530273,22.716100692749023,6170,0.0,0.0
2024-07-31 11:30:00-04:00,22.7185001373291,22.759899139404297,22.610000610351562,22.628700256347656,8303,0.0,0.0
2024-07-31 12:30:00-04:00,22.65999984741211,22.739900588989258,22.600000381469727,22.600000381469727,11719,0.0,0.0
2024-07-31 13:30:00-04:00,22.660400390625,22.660400390625,22.520000457763672,22.549999237060547,18625,0.0,0.0
2024-07-31 14:30:00-04:00,22.549999237060547,22.614999771118164,22.520000457763672,22.614999771118164,25495,0.0,0.0
2024-07-31 15:30:00-04:00,22.614999771118164,22.65999984741211,22.5,22.6299991607666,93159,0.0,0.0
2024-08-01 09:30:00-04:00,22.81999969482422,22.920000076293945,22.7450008392334,22.769100189208984,25838,0.0,0.0
2024-08-01 10:30:00-04:00,22.77039909362793,22.860000610351562,22.770000457763672,22.850000381469727,8128,0.0,0.0
2024-08-01 11:30:00-04:00,22.850000381469727,22.950000762939453,22.850000381469727,22.920000076293945,24587,0.0,0.0
2024-08-01 12:30:00-04:00,22.920000076293945,22.920000076293945,22.8700008392334,22.8700008392334,4338,0.0,0.0
2024-08-01 13:30:00-04:00,22.887300491333008,22.93000030517578,22.887300491333008,22.93000030517578,2115,0.0,0.0
2024-08-01 14:30:00-04:00,22.959999084472656,23.0,22.950000762939453,23.0,9198,0.0,0.0
2024-08-01 15:30:00-04:00,23.049999237060547,23.110000610351562,23.030000686645508,23.06999969482422,18417,0.0,0.0
2024-08-02 09:30:00-04:00,23.09000015258789,23.139999389648438,22.969999313354492,23.110000610351562,6070,0.0,0.0
2024-08-02 10:30:00-04:00,23.110000610351562,23.110000610351562,23.040000915527344,23.059999465942383,8272,0.0,0.0
2024-08-02 11:30:00-04:00,23.065000534057617,23.139999389648438,23.060300827026367,23.1299991607666,13690,0.0,0.0
2024-08-02 12:30:00-04:00,23.1299991607666,23.149999618530273,23.1299991607666,23.1299991607666,12807,0.0,0.0
2024-08-02 13:30:00-04:00,23.110000610351562,23.15999984741211,23.06999969482422,23.15999984741211,9206,0.0,0.0
2024-08-02 14:30:00-04:00,23.115299224853516,23.15999984741211,23.079999923706055,23.139999389648438,13788,0.0,0.0
2024-08-02 15:30:00-04:00,23.136999130249023,23.15999984741211,23.110000610351562,23.139999389648438,10233,0.0,0.0
2024-08-05 09:30:00-04:00,22.889999389648438,22.889999389648438,22.700899124145508,22.81999969482422,13672,0.0,0.0
2024-08-05 10:30:00-04:00,22.770000457763672,22.770000457763672,22.760000228881836,22.770000457763672,9568,0.0,0.0
2024-08-05 11:30:00-04:00,22.799999237060547,22.959999084472656,22.799999237060547,22.905000686645508,10102,0.0,0.0
2024-08-05 12:30:00-04:00,22.850000381469727,22.90999984741211,22.809999465942383,22.81999969482422,6554,0.0,0.0
2024-08-05 13:30:00-04:00,22.834999084472656,22.84000015258789,22.75,22.780000686645508,0,0.0,0.0
2024-08-05 14:30:00-04:00,22.790000915527344,22.799999237060547,22.760000228881836,22.799999237060547,50704,0.0,0.0
2024-08-05 15:30:00-04:00,22.76689910888672,22.825000762939453,22.75,22.799999237060547,4205,0.0,0.0
2024-08-06 09:30:00-04:00,22.799999237060547,22.89929962158203,22.719999313354492,22.809999465942383,0,0.0,0.0
2024-08-06 10:30:00-04:00,22.83489990234375,22.969999313354492,22.809999465942383,22.860000610351562,19282,0.0,0.0
2024-08-06 11:30:00-04:00,22.860000610351562,22.929899215698242,22.860000610351562,22.860000610351562,4363,0.0,0.0
2024-08-06 12:30:00-04:00,22.860000610351562,22.940000534057617,22.850799560546875,22.940000534057617,12092,0.0,0.0
2024-08-06 13:30:00-04:00,22.940000534057617,23.09000015258789,22.93000030517578,23.077299118041992,23420,0.0,0.0
2024-08-06 14:30:00-04:00,23.059999465942383,23.079999923706055,22.989999771118164,23.024999618530273,14030,0.0,0.0
2024-08-06 15:30:00-04:00,23.059999465942383,23.06999969482422,22.950000762939453,22.979999542236328,6900,0.0,0.0
2024-08-07 09:30:00-04:00,23.079999923706055,23.079999923706055,23.030000686645508,23.030000686645508,0,0.0,0.0
2024-08-07 10:30:00-04:00,23.049999237060547,23.049999237060547,23.0,23.0,8777,0.0,0.0
2024-08-07 11:30:00-04:00,23.0,23.030000686645508,22.979999542236328,23.020000457763672,11548,0.0,0.0
2024-08-07 12:30:00-04:00,22.989999771118164,23.0,22.920000076293945,22.920000076293945,12817,0.0,0.0
2024-08-07 13:30:00-04:00,22.920000076293945,23.09000015258789,22.920000076293945,22.979999542236328,9858,0.0,0.0
2024-08-07 14:30:00-04:00,22.94260025024414,22.96500015258789,22.889999389648438,22.90999984741211,10811,0.0,0.0
2024-08-07 15:30:00-04:00,22.90999984741211,23.0,22.90999984741211,23.0,8963,0.0,0.0
2024-08-08 09:30:00-04:00,22.979999542236328,23.0,22.969999313354492,22.974700927734375,0,0.0,0.0
2024-08-08 10:30:00-04:00,22.969200134277344,22.969999313354492,22.950000762939453,22.959999084472656,7153,0.0,0.0
2024-08-08 11:30:00-04:00,22.969999313354492,22.969999313354492,22.940000534057617,22.966899871826172,3647,0.0,0.0
2024-08-08 12:30:00-04:00,22.940000534057617,22.95989990234375,22.899999618530273,22.93000030517578,3328,0.0,0.0
2024-08-08 13:30:00-04:00,22.93000030517578,22.969900131225586,22.91029930114746,22.954999923706055,5506,0.0,0.0
2024-08-08 14:30:00-04:00,22.969999313354492,23.0,22.94610023498535,23.0,5855,0.0,0.0
2024-08-08 15:30:00-04:00,23.040000915527344,23.06999969482422,23.02050018310547,23.059999465942383,0,0.0,0.0
2024-08-09 09:30:00-04:00,23.09000015258789,23.1299991607666,23.059999465942383,23.1299991607666,7621,0.0,0.0
2024-08-09 10:30:00-04:00,23.139999389648438,23.197399139404297,23.110000610351562,23.11009979248047,18494,0.0,0.0
2024-08-09 11:30:00-04:00,23.139999389648438,23.139999389648438,23.09000015258789,23.09000015258789,8287,0.0,0.0
2024-08-09 12:30:00-04:00,23.040000915527344,23.079999923706055,23.040000915527344,23.065000534057617,8294,0.0,0.0
2024-08-09 13:30:00-04:00,23.06999969482422,23.079999923706055,23.06999969482422,23.079999923706055,1705,0.0,0.0
2024-08-09 14:30:00-04:00,23.059999465942383,23.059999465942383,23.030000686645508,23.030000686645508,2178,0.0,0.0
2024-08-09 15:30:00-04:00,23.045000076293945,23.073699951171875,23.030000686645508,23.049999237060547,1414,0.0,0.0
2024-08-12 09:30:00-04:00,23.09000015258789,23.09000015258789,23.040000915527344,23.09000015258789,0,0.0,0.0
2024-08-12 10:30:00-04:00,23.036399841308594,23.100000381469727,23.036399841308594,23.09000015258789,5995,0.0,0.0
2024-08-12 11:30:00-04:00,23.09000015258789,23.100000381469727,23.010000228881836,23.071699142456055,17889,0.0,0.0
2024-08-12 12:30:00-04:00,23.099899291992188,23.099899291992188,23.060100555419922,23.076000213623047,3737,0.0,0.0
2024-08-12 13:30:00-04:00,23.073699951171875,23.079999923706055,23.059999465942383,23.06599998474121,10123,0.0,0.0
2024-08-12 14:30:00-04:00,23.060400009155273,23.082399368286133,23.060400009155273,23.070600509643555,6017,0.0,0.0
2024-08-12 15:30:00-04:00,23.075000762939453,23.09000015258789,23.075000762939453,23.09000015258789,9727,0.0,0.0
2024-08-13 09:30:00-04:00,23.100000381469727,23.13990020751953,23.07979965209961,23.13990020751953,0,0.0,0.0
2024-08-13 10:30:00-04:00,23.139999389648438,23.185699462890625,23.1200008392334,23.185699462890625,12639,0.0,0.0
2024-08-13 11:30:00-04:00,23.190000534057617,23.190000534057617,23.150100708007812,23.170000076293945,2537,0.0,0.0
2024-08-13 12:30:00-04:00,23.170000076293945,23.170000076293945,23.170000076293945,23.170000076293945,749,0.0,0.0
2024-08-13 13:30:00-04:00,23.170000076293945,23.189899444580078,23.149999618530273,23.165000915527344,21845,0.0,0.0
2024-08-13 14:30:00-04:00,23.149999618530273,23.260000228881836,23.149999618530273,23.260000228881836,5980,0.0,0.0
2024-08-13 15:30:00-04:00,23.239900588989258,23.25,23.190000534057617,23.190000534057617,2303,0.0,0.0
2024-08-14 09:30:00-04:00,23.270000457763672,23.270000457763672,23.219999313354492,23.270000457763672,0,0.0,0.0
2024-08-14 10:30:00-04:00,23.270000457763672,23.290000915527344,23.25,23.260000228881836,7868,0.0,0.0
2024-08-14 11:30:00-04:00,23.260000228881836,23.290000915527344,23.260000228881836,23.260000228881836,5829,0.0,0.0
2024-08-14 12:30:00-04:00,23.260000228881836,23.29990005493164,23.260000228881836,23.260000228881836,7354,0.0,0.0
2024-08-14 13:30:00-04:00,23.260000228881836,23.270000457763672,23.219999313354492,23.219999313354492,23777,0.0,0.0
2024-08-14 14:30:00-04:00,23.219999313354492,23.259899139404297,23.210100173950195,23.219999313354492,8588,0.0,0.0
2024-08-14 15:30:00-04:00,23.259899139404297,23.260000228881836,23.219999313354492,23.260000228881836,4087,0.0,0.0
2024-08-15 09:30:00-04:00,23.290000915527344,23.290000915527344,23.15999984741211,23.18000030517578,0,0.0,0.0
2024-08-15 10:30:00-04:00,23.209400177001953,23.20989990234375,23.15999984741211,23.174999237060547,6658,0.0,0.0
2024-08-15 11:30:00-04:00,23.15999984741211,23.174999237060547,23.15999984741211,23.15999984741211,6945,0.0,0.0
2024-08-15 12:30:00-04:00,23.190000534057617,23.219999313354492,23.190000534057617,23.219999313354492,3851,0.0,0.0
2024-08-15 13:30:00-04:00,23.235000610351562,23.246700286865234,23.234899520874023,23.234899520874023,2622,0.0,0.0
2024-08-15 14:30:00-04:00,23.235000610351562,23.259899139404297,23.16069984436035,23.219999313354492,6996,0.0,0.0
2024-08-15 15:30:00-04:00,23.229999542236328,23.229999542236328,23.15999984741211,23.15999984741211,3107,0.0,0.0
2024-08-16 09:30:00-04:00,23.219999313354492,23.233200073242188,23.170000076293945,23.233200073242188,5274,0.0,0.0
2024-08-16 10:30:00-04:00,23.22599983215332,23.22599983215332,23.190000534057617,23.204999923706055,7674,0.0,0.0
2024-08-16 11:30:00-04:00,23.209999084472656,23.229999542236328,23.190000534057617,23.229999542236328,8710,0.0,0.0
2024-08-16 12:30:00-04:00,23.219999313354492,23.239999771118164,23.190000534057617,23.239999771118164,6020,0.0,0.0
2024-08-16 13:30:00-04:00,23.229999542236328,23.229999542236328,23.205400466918945,23.229900360107422,1341,0.0,0.0
2024-08-16 14:30:00-04:00,23.21500015258789,23.21500015258789,23.190000534057617,23.200000762939453,2925,0.0,0.0
2024-08-16 15:30:00-04:00,23.192399978637695,23.200000762939453,23.190000534057617,23.190000534057617,2135,0.0,0.0
2024-08-19 09:30:00-04:00,23.190000534057617,23.219999313354492,23.190000534057617,23.219999313354492,0,0.0,0.0
2024-08-19 10:30:00-04:00,23.229900360107422,23.289899826049805,23.219999313354492,23.286100387573242,3862,0.0,0.0
2024-08-19 11:30:00-04:00,23.274999618530273,23.280000686645508,23.270000457763672,23.271699905395508,5110,0.0,0.0
2024-08-19 12:30:00-04:00,23.280000686645508,23.280000686645508,23.270000457763672,23.270000457763672,2778,0.0,0.0
2024-08-19 13:30:00-04:00,23.260000228881836,23.260000228881836,23.240299224853516,23.240299224853516,1566,0.0,0.0
2024-08-19 14:30:00-04:00,23.259899139404297,23.299999237060547,23.24650001525879,23.299999237060547,4542,0.0,0.0
2024-08-19 15:30:00-04:00,23.29990005493164,23.29990005493164,23.209999084472656,23.239999771118164,1136,0.0,0.0
2024-08-20 09:30:00-04:00,23.290000915527344,23.299999237060547,23.209999084472656,23.295000076293945,5468,0.0,0.0
2024-08-20 10:30:00-04:00,23.330299377441406,23.338499069213867,23.287599563598633,23.311199188232422,15727,0.0,0.0
2024-08-20 11:30:00-04:00,23.315000534057617,23.326400756835938,23.299999237060547,23.32200050354004,5567,0.0,0.0
2024-08-20 12:30:00-04:00,23.31999969482422,23.31999969482422,23.261600494384766,23.266000747680664,7900,0.0,0.0
2024-08-20 13:30:00-04:00,23.284000396728516,23.38279914855957,23.280399322509766,23.36750030517578,16700,0.0,0.0
2024-08-20 14:30:00-04:00,23.389999389648438,23.389999389648438,23.32699966430664,23.383899688720703,3833,0.0,0.0
2024-08-20 15:30:00-04:00,23.368999481201172,23.3700008392334,23.31999969482422,23.3700008392334,2394,0.0,0.0
2024-08-21 09:30:00-04:00,23.360000610351562,23.382200241088867,23.360000610351562,23.381799697875977,3856,0.0,0.0
2024-08-21 10:30:00-04:00,23.389999389648438,23.440000534057617,23.389999389648438,23.420000076293945,13709,0.0,0.0
2024-08-21 11:30:00-04:00,23.43910026550293,23.439199447631836,23.42009925842285,23.43000030517578,4470,0.0,0.0
2024-08-21 12:30:00-04:00,23.43000030517578,23.43000030517578,23.420000076293945,23.420000076293945,8955,0.0,0.0
2024-08-21 13:30:00-04:00,23.415000915527344,23.43000030517578,23.399999618530273,23.43000030517578,3909,0.0,0.0
2024-08-21 14:30:00-04:00,23.43000030517578,23.43000030517578,23.399999618530273,23.400299072265625,5175,0.0,0.0
2024-08-21 15:30:00-04:00,23.40999984741211,23.40999984741211,23.400299072265625,23.40999984741211,1208,0.0,0.0
2024-08-22 09:30:00-04:00,23.40999984741211,23.420000076293945,23.360000610351562,23.37849998474121,8649,0.0,0.0
2024-08-22 10:30:00-04:00,23.399999618530273,23.420000076293945,23.388399124145508,23.399999618530273,3029,0.0,0.0
2024-08-22 11:30:00-04:00,23.40999984741211,23.450000762939453,23.399999618530273,23.40850067138672,7569,0.0,0.0
2024-08-22 12:30:00-04:00,23.40850067138672,23.439899444580078,23.399999618530273,23.40999984741211,2459,0.0,0.0
2024-08-22 13:30:00-04:00,23.395000457763672,23.439899444580078,23.390100479125977,23.43000030517578,6359,0.0,0.0
2024-08-22 14:30:00-04:00,23.399999618530273,23.43000030517578,23.3700008392334,23.3700008392334,5259,0.0,0.0
2024-08-22 15:30:00-04:00,23.37299919128418,23.417400360107422,23.3700008392334,23.3700008392334,2927,0.0,0.0
2024-08-23 09:30:00-04:00,23.440000534057617,23.459999084472656,23.360000610351562,23.459999084472656,10962,0.0,0.0
2024-08-23 10:30:00-04:00,23.479999542236328,23.479999542236328,23.420000076293945,23.440000534057617,16739,0.0,0.0
2024-08-23 11:30:00-04:00,23.48390007019043,23.5,23.459999084472656,23.479999542236328,29702,0.0,0.0
2024-08-23 12:30:00-04:00,23.469999313354492,23.499900817871094,23.469999313354492,23.469999313354492,6621,0.0,0.0
2024-08-23 13:30:00-04:00,23.469999313354492,23.479999542236328,23.469999313354492,23.47330093383789,8904,0.0,0.0
2024-08-23 14:30:00-04:00,23.479999542236328,23.510000228881836,23.479999542236328,23.5,11719,0.0,0.0
2024-08-23 15:30:00-04:00,23.510000228881836,23.540000915527344,23.5,23.510000228881836,53268,0.0,0.0
2024-08-26 09:30:00-04:00,23.549999237060547,23.649999618530273,23.549999237060547,23.610000610351562,0,0.0,0.0
2024-08-26 10:30:00-04:00,23.6299991607666,23.649999618530273,23.610000610351562,23.610000610351562,13006,0.0,0.0
2024-08-26 11:30:00-04:00,23.61009979248047,23.6200008392334,23.599899291992188,23.599899291992188,7658,0.0,0.0
2024-08-26 12:30:00-04:00,23.6200008392334,23.6200008392334,23.559999465942383,23.610000610351562,7548,0.0,0.0
2024-08-26 13:30:00-04:00,23.559999465942383,23.610000610351562,23.559999465942383,23.610000610351562,2910,0.0,0.0
2024-08-26 14:30:00-04:00,23.59429931640625,23.6200008392334,23.570499420166016,23.61989974975586,2865,0.0,0.0
2024-08-26 15:30:00-04:00,23.6200008392334,23.6200008392334,23.610000610351562,23.6200008392334,4939,0.0,0.0
2024-08-27 09:30:00-04:00,23.6200008392334,23.6299991607666,23.549999237060547,23.59000015258789,8784,0.0,0.0
2024-08-27 10:30:00-04:00,23.6200008392334,23.6299991607666,23.600000381469727,23.610000610351562,3974,0.0,0.0
2024-08-27 11:30:00-04:00,23.6200008392334,23.6476993560791,23.6200008392334,23.6476993560791,11241,0.0,0.0
2024-08-27 12:30:00-04:00,23.649999618530273,23.700000762939453,23.648000717163086,23.69219970703125,23991,0.0,0.0
2024-08-27 13:30:00-04:00,23.68000030517578,23.709999084472656,23.68000030517578,23.70009994506836,4574,0.0,0.0
2024-08-27 14:30:00-04:00,23.700000762939453,23.719999313354492,23.700000762939453,23.719999313354492,5646,0.0,0.0
2024-08-27 15:30:00-04:00,23.739900588989258,23.739999771118164,23.719999313354492,23.739999771118164,0,0.0,0.0
2024-08-28 09:30:00-04:00,23.68000030517578,23.790000915527344,23.68000030517578,23.788999557495117,18136,0.0,0.0
2024-08-28 10:30:00-04:00,23.774999618530273,23.850000381469727,23.774999618530273,23.850000381469727,10959,0.0,0.0
2024-08-28 11:30:00-04:00,23.809999465942383,23.861900329589844,23.809999465942383,23.832500457763672,7593,0.0,0.0
2024-08-28 12:30:00-04:00,23.86750030517578,23.86750030517578,23.837200164794922,23.865299224853516,9753,0.0,0.0
2024-08-28 13:30:00-04:00,23.868600845336914,23.8700008392334,23.839399337768555,23.859600067138672,2898,0.0,0.0
2024-08-28 14:30:00-04:00,23.83009910583496,23.860000610351562,23.83009910583496,23.850000381469727,3304,0.0,0.0
2024-08-28 15:30:00-04:00,23.850000381469727,23.850000381469727,23.829999923706055,23.829999923706055,1918,0.0,0.0
2024-08-29 09:30:00-04:00,23.899999618530273,23.920000076293945,23.87660026550293,23.908199310302734,0,0.0,0.0
2024-08-29 10:30:00-04:00,23.905000686645508,23.93000030517578,23.905000686645508,23.90999984741211,5629,0.0,0.0
2024-08-29 11:30:00-04:00,23.92180061340332,23.92180061340332,23.914600372314453,23.914600372314453,803,0.0,0.0
2024-08-29 12:30:00-04:00,23.915000915527344,23.950000762939453,23.900100708007812,23.950000762939453,3904,0.0,0.0
2024-08-29 13:30:00-04:00,23.93000030517578,23.934999465942383,23.93000030517578,23.934999465942383,1344,0.0,0.0
2024-08-29 14:30:00-04:00,23.934999465942383,23.979999542236328,23.93000030517578,23.969999313354492,6481,0.0,0.0
2024-08-29 15:30:00-04:00,23.969900131225586,23.969999313354492,23.930099487304688,23.969999313354492,0,0.0,0.0
2024-08-30 09:30:00-04:00,23.969999313354492,23.969999313354492,23.84000015258789,23.84000015258789,14926,0.0,0.0
2024-08-30 10:30:00-04:00,23.850000381469727,23.940000534057617,23.84000015258789,23.850000381469727,14586,0.0,0.0
2024-08-30 11:30:00-04:00,23.8700008392334,23.889999389648438,23.85610008239746,23.8700008392334,5060,0.0,0.0
2024-08-30 12:30:00-04:00,23.8799991607666,23.8799991607666,23.84000015258789,23.84000015258789,9939,0.0,0.0
2024-08-30 13:30:00-04:00,23.84000015258789,23.84000015258789,23.799999237060547,23.81999969482422,5901,0.0,0.0
2024-08-30 14:30:00-04:00,23.809999465942383,23.829999923706055,23.809999465942383,23.825000762939453,3595,0.0,0.0
2024-08-30 15:30:00-04:00,23.809999465942383,23.940000534057617,23.809999465942383,23.940000534057617,16115,0.0,0.0
2024-09-03 09:30:00-04:00,23.93000030517578,23.93000030517578,23.899999618530273,23.899999618530273,2034,0.0,0.0
2024-09-03 10:30:00-04:00,23.889999389648438,23.899999618530273,23.827499389648438,23.84000015258789,5888,0.0,0.0
2024-09-03 11:30:00-04:00,23.860000610351562,23.8799991607666,23.850000381469727,23.869199752807617,6970,0.0,0.0
2024-09-03 12:30:00-04:00,23.860000610351562,23.89859962463379,23.850000381469727,23.89859962463379,6232,0.0,0.0
2024-09-03 13:30:00-04:00,23.88409996032715,23.88409996032715,23.85890007019043,23.860000610351562,0,0.0,0.0
2024-09-03 14:30:00-04:00,23.8700008392334,23.8700008392334,23.840099334716797,23.850000381469727,28471,0.0,0.0
2024-09-03 15:30:00-04:00,23.865400314331055,23.8700008392334,23.84000015258789,23.850000381469727,1774,0.0,0.0
2024-09-04 09:30:00-04:00,23.809999465942383,23.950000762939453,23.809999465942383,23.950000762939453,0,0.0,0.0
2024-09-04 10:30:00-04:00,23.94070053100586,23.989999771118164,23.940000534057617,23.989999771118164,16019,0.0,0.0
2024-09-04 11:30:00-04:00,23.989999771118164,23.989999771118164,23.959999084472656,23.959999084472656,1708,0.0,0.0
2024-09-04 12:30:00-04:00,23.959999084472656,23.979999542236328,23.940200805664062,23.96500015258789,2705,0.0,0.0
2024-09-04 13:30:00-04:00,23.96780014038086,23.989999771118164,23.941200256347656,23.950000762939453,4545,0.0,0.0
2024-09-04 14:30:00-04:00,24.0,24.0,23.989999771118164,24.0,6460,0.0,0.0
2024-09-04 15:30:00-04:00,23.9950008392334,24.0,23.9950008392334,24.0,1530,0.0,0.0
2024-09-05 09:30:00-04:00,23.969999313354492,24.048900604248047,23.969999313354492,24.0049991607666,0,0.0,0.0
2024-09-05 10:30:00-04:00,24.010000228881836,24.030000686645508,23.979999542236328,24.01110076904297,5740,0.0,0.0
2024-09-05 11:30:00-04:00,23.998699188232422,24.020000457763672,23.998699188232422,24.014999389648438,3420,0.0,0.0
2024-09-05 12:30:00-04:00,24.010000228881836,24.049999237060547,24.010000228881836,24.040000915527344,1719,0.0,0.0
2024-09-05 13:30:00-04:00,24.010299682617188,24.079999923706055,24.010299682617188,24.079999923706055,3194,0.0,0.0
2024-09-05 14:30:00-04:00,24.052099227905273,24.09000015258789,24.052099227905273,24.09000015258789,2510,0.0,0.0
2024-09-05 15:30:00-04:00,24.09000015258789,24.1200008392334,24.079999923706055,24.1200008392334,6676,0.0,0.0
2024-09-06 09:30:00-04:00,24.1200008392334,24.169200897216797,24.080400466918945,24.15999984741211,6639,0.0,0.0
2024-09-06 10:30:00-04:00,24.15999984741211,24.15999984741211,24.1299991607666,24.1299991607666,13390,0.0,0.0
2024-09-06 11:30:00-04:00,24.1299991607666,24.145000457763672,24.1299991607666,24.1299991607666,26048,0.0,0.0
2024-09-06 12:30:00-04:00,24.13010025024414,24.149999618530273,24.1299991607666,24.13010025024414,16891,0.0,0.0
2024-09-06 13:30:00-04:00,24.170000076293945,24.190000534057617,24.1643009185791,24.18000030517578,4050,0.0,0.0
2024-09-06 14:30:00-04:00,24.18000030517578,24.18000030517578,24.149999618530273,24.15999984741211,10263,0.0,0.0
2024-09-06 15:30:00-04:00,24.179899215698242,24.179899215698242,24.149999618530273,24.170000076293945,5871,0.0,0.0
2024-09-09 09:30:00-04:00,24.200000762939453,24.200000762939453,24.139999389648438,24.170000076293945,4123,0.0,0.0
2024-09-09 10:30:00-04:00,24.190000534057617,24.239999771118164,24.170000076293945,24.239999771118164,6331,0.0,0.0
2024-09-09 11:30:00-04:00,24.239999771118164,24.25,24.239999771118164,24.25,3329,0.0,0.0
2024-09-09 12:30:00-04:00,24.239999771118164,24.25,24.23979949951172,24.25,6345,0.0,0.0
2024-09-09 13:30:00-04:00,24.25,24.290000915527344,24.25,24.274900436401367,5968,0.0,0.0
2024-09-09 14:30:00-04:00,24.292400360107422,24.299999237060547,24.290000915527344,24.290000915527344,4844,0.0,0.0
2024-09-09 15:30:00-04:00,24.29990005493164,24.3799991607666,24.290000915527344,24.3799991607666,9225,0.0,0.0
2024-09-10 09:30:00-04:00,24.329999923706055,24.329999923706055,24.219999313354492,24.28260040283203,0,0.0,0.0
2024-09-10 10:30:00-04:00,24.315000534057617,24.346200942993164,24.290000915527344,24.346200942993164,7031,0.0,0.0
2024-09-10 11:30:00-04:00,24.360000610351562,24.3799991607666,24.299999237060547,24.309999465942383,10278,0.0,0.0
2024-09-10 12:30:00-04:00,24.31999969482422,24.359899520874023,24.309999465942383,24.359899520874023,1874,0.0,0.0
2024-09-10 13:30:00-04:00,24.350000381469727,24.389999389648438,24.34000015258789,24.389999389648438,9281,0.0,0.0
2024-09-10 14:30:00-04:00,24.3700008392334,24.469999313354492,24.3700008392334,24.46980094909668,13276,0.0,0.0
2024-09-10 15:30:00-04:00,24.46940040588379,24.600000381469727,24.459999084472656,24.489900588989258,16362,0.0,0.0
2024-09-11 09:30:00-04:00,24.450000762939453,24.469999313354492,24.3799991607666,24.399999618530273,0,0.0,0.0
2024-09-11 10:30:00-04:00,24.399999618530273,24.441499710083008,24.329999923706055,24.441499710083008,6429,0.0,0.0
2024-09-11 11:30:00-04:00,24.44890022277832,24.459999084472656,24.389999389648438,24.450000762939453,1621,0.0,0.0
2024-09-11 12:30:00-04:00,24.450000762939453,24.450000762939453,24.450000762939453,24.450000762939453,443,0.0,0.0
2024-09-11 13:30:00-04:00,24.406299591064453,24.450000762939453,24.406299591064453,24.450000762939453,9142,0.0,0.0
2024-09-11 14:30:00-04:00,24.450000762939453,24.5,24.450000762939453,24.5,12677,0.0,0.0
2024-09-11 15:30:00-04:00,24.482999801635742,24.5,24.459999084472656,24.469999313354492,9116,0.0,0.0
2024-09-12 09:30:00-04:00,24.479999542236328,24.549999237060547,24.479999542236328,24.549999237060547,0,0.0,0.0
2024-09-12 10:30:00-04:00,24.600000381469727,24.600000381469727,24.559999465942383,24.58009910583496,2888,0.0,0.0
2024-09-12 11:30:00-04:00,24.600000381469727,24.6200008392334,24.56999969482422,24.59000015258789,8020,0.0,0.0
2024-09-12 12:30:00-04:00,24.639999389648438,24.649999618530273,24.459999084472656,24.459999084472656,9841,0.0,0.0
2024-09-12 13:30:00-04:00,24.5,24.559999465942383,24.440000534057617,24.549999237060547,22867,0.0,0.0
2024-09-12 14:30:00-04:00,24.489999771118164,24.6299991607666,24.450000762939453,24.4950008392334,15769,0.0,0.0
2024-09-12 15:30:00-04:00,24.540000915527344,24.54990005493164,24.450000762939453,24.450000762939453,15384,0.0,0.0
2024-09-13 09:30:00-04:00,24.5,24.6200008392334,24.5,24.6200008392334,0,0.0,0.0
2024-09-13 10:30:00-04:00,24.56999969482422,24.6200008392334,24.5,24.600000381469727,36369,0.0,0.0
2024-09-13 11:30:00-04:00,24.600000381469727,24.649999618530273,24.58009910583496,24.649999618530273,7599,0.0,0.0
2024-09-13 12:30:00-04:00,24.6299991607666,24.65999984741211,24.6299991607666,24.649999618530273,6492,0.0,0.0
2024-09-13 13:30:00-04:00,24.649999618530273,24.670000076293945,24.649999618530273,24.670000076293945,2251,0.0,0.0
2024-09-13 14:30:00-04:00,24.6560001373291,24.670000076293945,24.6299991607666,24.653799057006836,12766,0.0,0.0
2024-09-13 15:30:00-04:00,24.670000076293945,24.670000076293945,24.639999389648438,24.639999389648438,3925,0.0,0.0
2024-09-16 09:30:00-04:00,24.729999542236328,24.75,24.649999618530273,24.670000076293945,17682,0.0,0.0
2024-09-16 10:30:00-04:00,24.709999084472656,24.739999771118164,24.700000762939453,24.729999542236328,8132,0.0,0.0
2024-09-16 11:30:00-04:00,24.72010040283203,24.739999771118164,24.700000762939453,24.719999313354492,17435,0.0,0.0
2024-09-16 12:30:00-04:00,24.737499237060547,24.75,24.719999313354492,24.739999771118164,5369,0.0,0.0
2024-09-16 13:30:00-04:00,24.729999542236328,24.770000457763672,24.729999542236328,24.750200271606445,5351,0.0,0.0
2024-09-16 14:30:00-04:00,24.770000457763672,24.790000915527344,24.770000457763672,24.780000686645508,9151,0.0,0.0
2024-09-16 15:30:00-04:00,24.790000915527344,24.799999237060547,24.770000457763672,24.780000686645508,10819,0.0,0.0
2024-09-17 09:30:00-04:00,24.799999237060547,24.81999969482422,24.75,24.78499984741211,18253,0.0,0.0
2024-09-17 10:30:00-04:00,24.780000686645508,24.799999237060547,24.780000686645508,24.790000915527344,9491,0.0,0.0
2024-09-17 11:30:00-04:00,24.799999237060547,24.799999237060547,24.774999618530273,24.780000686645508,5360,0.0,0.0
2024-09-17 12:30:00-04:00,24.760000228881836,24.799999237060547,24.729999542236328,24.78499984741211,10963,0.0,0.0
2024-09-17 13:30:00-04:00,24.770000457763672,24.799999237060547,24.75,24.790000915527344,4502,0.0,0.0
2024-09-17 14:30:00-04:00,24.799699783325195,24.808399200439453,24.770000457763672,24.799999237060547,8952,0.0,0.0
2024-09-17 15:30:00-04:00,24.760400772094727,24.84000015258789,24.760400772094727,24.780000686645508,7484,0.0,0.0
2024-09-18 09:30:00-04:00,24.770000457763672,24.77079963684082,24.729999542236328,24.729999542236328,10033,0.0,0.0
2024-09-18 10:30:00-04:00,24.729999542236328,24.75,24.700000762939453,24.75,5596,0.0,0.0
2024-09-18 11:30:00-04:00,24.75,24.75,24.549999237060547,24.549999237060547,33110,0.0,0.0
2024-09-18 12:30:00-04:00,24.600000381469727,24.670000076293945,24.600000381469727,24.645000457763672,11322,0.0,0.0
2024-09-18 13:30:00-04:00,24.670000076293945,24.729999542236328,24.550199508666992,24.690000534057617,35743,0.0,0.0
2024-09-18 14:30:00-04:00,24.690000534057617,24.75,24.610000610351562,24.729999542236328,3502,0.0,0.0
2024-09-18 15:30:00-04:00,24.6200008392334,24.700000762939453,24.549999237060547,24.600000381469727,18867,0.0,0.0
2024-09-19 09:30:00-04:00,24.68000030517578,24.719999313354492,24.649999618530273,24.697500228881836,14316,0.0,0.0
2024-09-19 10:30:00-04:00,24.68000030517578,24.697399139404297,24.639999389648438,24.690000534057617,11198,0.0,0.0
2024-09-19 11:30:00-04:00,24.670000076293945,24.68000030517578,24.639999389648438,24.649999618530273,26261,0.0,0.0
2024-09-19 12:30:00-04:00,24.649999618530273,24.673599243164062,24.649999618530273,24.67009925842285,42839,0.0,0.0
2024-09-19 13:30:00-04:00,24.676769256591797,24.690000534057617,24.670000076293945,24.670000076293945,4650,0.0,0.0
2024-09-19 14:30:00-04:00,24.684600830078125,24.69499969482422,24.675199508666992,24.69499969482422,9877,0.0,0.0
2024-09-19 15:30:00-04:00,24.690000534057617,24.760000228881836,24.690000534057617,24.70009994506836,10298,0.0,0.0
2024-09-20 09:30:00-04:00,24.700000762939453,24.739999771118164,24.690099716186523,24.690099716186523,0,0.0,0.0
2024-09-20 10:30:00-04:00,24.72658920288086,24.729999542236328,24.68000030517578,24.729999542236328,28069,0.0,0.0
2024-09-20 11:30:00-04:00,24.68000030517578,24.719999313354492,24.65999984741211,24.719999313354492,40610,0.0,0.0
2024-09-20 12:30:00-04:00,24.719999313354492,24.719999313354492,24.68000030517578,24.709999084472656,52461,0.0,0.0
2024-09-20 13:30:00-04:00,24.709999084472656,24.719999313354492,24.700000762939453,24.709999084472656,25025,0.0,0.0
2024-09-20 14:30:00-04:00,24.709999084472656,24.719999313354492,24.709999084472656,24.71820068359375,7969,0.0,0.0
2024-09-20 15:30:00-04:00,24.7189998626709,24.719999313354492,24.709999084472656,24.719999313354492,5407,0.0,0.0
2024-09-23 09:30:00-04:00,24.670000076293945,24.69580078125,24.579999923706055,24.635000228881836,0,0.0,0.0
2024-09-23 10:30:00-04:00,24.639999389648438,24.65180015563965,24.6299991607666,24.6299991607666,4220,0.0,0.0
2024-09-23 11:30:00-04:00,24.6299991607666,24.6299991607666,24.588699340820312,24.610000610351562,17904,0.0,0.0
2024-09-23 12:30:00-04:00,24.594999313354492,24.625,24.59000015258789,24.610000610351562,10048,0.0,0.0
2024-09-23 13:30:00-04:00,24.628000259399414,24.639999389648438,24.600000381469727,24.600000381469727,9418,0.0,0.0
2024-09-23 14:30:00-04:00,24.60610008239746,24.639999389648438,24.598499298095703,24.639999389648438,3987,0.0,0.0
2024-09-23 15:30:00-04:00,24.610000610351562,24.625,24.610000610351562,24.625,3813,0.0,0.0
2024-09-24 09:30:00-04:00,24.549999237060547,24.583900451660156,24.530000686645508,24.530099868774414,0,0.0,0.0
2024-09-24 10:30:00-04:00,24.540000915527344,24.549999237060547,24.469999313354492,24.489999771118164,18992,0.0,0.0
2024-09-24 11:30:00-04:00,24.489999771118164,24.514999389648438,24.459999084472656,24.485000610351562,14472,0.0,0.0
2024-09-24 12:30:00-04:00,24.4950008392334,24.5,24.479999542236328,24.480100631713867,8565,0.0,0.0
2024-09-24 13:30:00-04:00,24.4950008392334,24.5,24.489999771118164,24.5,2777,0.0,0.0
2024-09-24 14:30:00-04:00,24.510000228881836,24.549999237060547,24.510000228881836,24.520000457763672,8444,0.0,0.0
2024-09-24 15:30:00-04:00,24.549999237060547,24.579999923706055,24.549999237060547,24.579999923706055,6266,0.0,0.0
2024-09-25 09:30:00-04:00,24.600000381469727,24.600000381469727,24.550100326538086,24.57069969177246,7511,0.0,0.0
2024-09-25 10:30:00-04:00,24.604999542236328,24.66990089416504,24.600000381469727,24.640100479125977,7783,0.0,0.0
2024-09-25 11:30:00-04:00,24.641599655151367,24.68000030517578,24.6112003326416,24.654300689697266,10397,0.0,0.0
2024-09-25 12:30:00-04:00,24.670000076293945,24.700000762939453,24.625,24.649999618530273,11340,0.0,0.0
2024-09-25 13:30:00-04:00,24.639999389648438,24.649999618530273,24.6200008392334,24.6200008392334,5407,0.0,0.0
2024-09-25 14:30:00-04:00,24.649999618530273,24.649999618530273,24.617900848388672,24.617900848388672,3784,0.0,0.0
2024-09-25 15:30:00-04:00,24.63990020751953,24.65999984741211,24.59000015258789,24.59000015258789,3832,0.0,0.0
2024-09-26 09:30:00-04:00,24.700000762939453,24.700000762939453,24.618499755859375,24.637500762939453,14059,0.0,0.0
2024-09-26 10:30:00-04:00,24.6299991607666,24.690000534057617,24.6299991607666,24.68000030517578,4146,0.0,0.0
2024-09-26 11:30:00-04:00,24.649999618530273,24.68000030517578,24.649999618530273,24.65999984741211,7992,0.0,0.0
2024-09-26 12:30:00-04:00,24.670000076293945,24.670000076293945,24.64900016784668,24.670000076293945,5575,0.0,0.0
2024-09-26 13:30:00-04:00,24.670000076293945,24.709299087524414,24.65999984741211,24.690000534057617,9512,0.0,0.0
2024-09-26 14:30:00-04:00,24.68000030517578,24.700000762939453,24.639999389648438,24.65999984741211,6456,0.0,0.0
2024-09-26 15:30:00-04:00,24.68000030517578,24.709999084472656,24.65839958190918,24.670000076293945,3271,0.0,0.0
2024-09-27 09:30:00-04:00,24.68000030517578,24.729999542236328,24.68000030517578,24.70989990234375,0,0.0,0.0
2024-09-27 10:30:00-04:00,24.709999084472656,24.719999313354492,24.68000030517578,24.709999084472656,30685,0.0,0.0
2024-09-27 11:30:00-04:00,24.690000534057617,24.719999313354492,24.690000534057617,24.690000534057617,7282,0.0,0.0
2024-09-27 12:30:00-04:00,24.690000534057617,24.698999404907227,24.68000030517578,24.689899444580078,21780,0.0,0.0
2024-09-27 13:30:00-04:00,24.68000030517578,24.690000534057617,24.68000030517578,24.684999465942383,19486,0.0,0.0
2024-09-27 14:30:00-04:00,24.684999465942383,24.690000534057617,24.6200008392334,24.639999389648438,33181,0.0,0.0
2024-09-27 15:30:00-04:00,24.645000457763672,24.670000076293945,24.639999389648438,24.670000076293945,4976,0.0,0.0
2024-09-30 09:30:00-04:00,24.690000534057617,24.690000534057617,24.56999969482422,24.579999923706055,0,0.0,0.0
2024-09-30 10:30:00-04:00,24.584999084472656,24.600000381469727,24.559999465942383,24.559999465942383,19949,0.0,0.0
2024-09-30 11:30:00-04:00,24.549999237060547,24.57040023803711,24.510000228881836,24.539899826049805,7689,0.0,0.0
2024-09-30 12:30:00-04:00,24.510000228881836,24.53499984741211,24.510000228881836,24.510000228881836,11028,0.0,0.0
2024-09-30 13:30:00-04:00,24.540000915527344,24.563400268554688,24.520000457763672,24.549999237060547,5782,0.0,0.0
2024-09-30 14:30:00-04:00,24.540000915527344,24.59000015258789,24.530000686645508,24.559999465942383,6729,0.0,0.0
2024-09-30 15:30:00-04:00,24.59000015258789,24.649999618530273,24.530000686645508,24.56999969482422,73726,0.0,0.0
2024-10-01 09:30:00-04:00,24.56999969482422,24.600000381469727,24.479999542236328,24.600000381469727,32546,0.0,0.0
2024-10-01 10:30:00-04:00,24.53499984741211,24.559999465942383,24.489999771118164,24.549999237060547,7773,0.0,0.0
2024-10-01 11:30:00-04:00,24.558799743652344,24.579999923706055,24.549999237060547,24.56999969482422,5147,0.0,0.0
2024-10-01 12:30:00-04:00,24.579999923706055,24.59000015258789,24.5,24.520000457763672,10414,0.0,0.0
2024-10-01 13:30:00-04:00,24.510000228881836,24.579999923706055,24.510000228881836,24.579999923706055,17927,0.0,0.0
2024-10-01 14:30:00-04:00,24.579999923706055,24.68000030517578,24.579999923706055,24.65999984741211,11480,0.0,0.0
2024-10-01 15:30:00-04:00,24.65999984741211,24.68000030517578,24.649999618530273,24.649999618530273,5395,0.0,0.0
2024-10-02 09:30:00-04:00,24.600000381469727,24.66950035095215,24.579999923706055,24.600000381469727,4950,0.0,0.0
2024-10-02 10:30:00-04:00,24.670000076293945,24.670000076293945,24.670000076293945,24.670000076293945,530,0.0,0.0
2024-10-02 11:30:00-04:00,24.649999618530273,24.649999618530273,24.6200008392334,24.63610076904297,3546,0.0,0.0
2024-10-02 12:30:00-04:00,24.64299964904785,24.67180061340332,24.6299991607666,24.67180061340332,2567,0.0,0.0
2024-10-02 13:30:00-04:00,24.684600830078125,24.690000534057617,24.65999984741211,24.65999984741211,4360,0.0,0.0
2024-10-02 14:30:00-04:00,24.690000534057617,24.700000762939453,24.65999984741211,24.700000762939453,15084,0.0,0.0
2024-10-02 15:30:00-04:00,24.700000762939453,24.71500015258789,24.665000915527344,24.71500015258789,12448,0.0,0.0
2024-10-03 09:30:00-04:00,24.690000534057617,24.739999771118164,24.690000534057617,24.729999542236328,8673,0.0,0.0
2024-10-03 10:30:00-04:00,24.729999542236328,24.75,24.729999542236328,24.75,7048,0.0,0.0
2024-10-03 11:30:00-04:00,24.739999771118164,24.788000106811523,24.731399536132812,24.770000457763672,8590,0.0,0.0
2024-10-03 12:30:00-04:00,24.770000457763672,24.770000457763672,24.739999771118164,24.739999771118164,2910,0.0,0.0
2024-10-03 13:30:00-04:00,24.770000457763672,24.770000457763672,24.729999542236328,24.73819923400879,5424,0.0,0.0
2024-10-03 14:30:00-04:00,24.7450008392334,24.790000915527344,24.729900360107422,24.789899826049805,7109,0.0,0.0
2024-10-03 15:30:00-04:00,24.789899826049805,24.789899826049805,24.760000228881836,24.770000457763672,1857,0.0,0.0
2024-10-04 09:30:00-04:00,24.709999084472656,24.770000457763672,24.639999389648438,24.690000534057617,15529,0.0,0.0
2024-10-04 10:30:00-04:00,24.649999618530273,24.690000534057617,24.649999618530273,24.690000534057617,8205,0.0,0.0
2024-10-04 11:30:00-04:00,24.680099487304688,24.700000762939453,24.670000076293945,24.672399520874023,14415,0.0,0.0
2024-10-04 12:30:00-04:00,24.68000030517578,24.684999465942383,24.6299991607666,24.639999389648438,21646,0.0,0.0
2024-10-04 13:30:00-04:00,24.635000228881836,24.649999618530273,24.610000610351562,24.649999618530273,8589,0.0,0.0
2024-10-04 14:30:00-04:00,24.635000228881836,24.670000076293945,24.624399185180664,24.645000457763672,9318,0.0,0.0
2024-10-04 15:30:00-04:00,24.639999389648438,24.690000534057617,24.62540054321289,24.690000534057617,16227,0.0,0.0
2024-10-07 09:30:00-04:00,24.68000030517578,24.739999771118164,24.600000381469727,24.625,0,0.0,0.0
2024-10-07 10:30:00-04:00,24.6200008392334,24.6200008392334,24.520000457763672,24.520000457763672,9311,0.0,0.0
2024-10-07 11:30:00-04:00,24.530000686645508,24.54560089111328,24.49489974975586,24.54560089111328,0,0.0,0.0
2024-10-07 12:30:00-04:00,24.510000228881836,24.540000915527344,24.5,24.510000228881836,44725,0.0,0.0
2024-10-07 13:30:00-04:00,24.549999237060547,24.55340003967285,24.504100799560547,24.523500442504883,11666,0.0,0.0
2024-10-07 14:30:00-04:00,24.5,24.540000915527344,24.459999084472656,24.520000457763672,0,0.0,0.0
2024-10-07 15:30:00-04:00,24.510000228881836,24.540000915527344,24.469999313354492,24.5,76599,0.0,0.0
2024-10-08 09:30:00-04:00,24.5,24.540000915527344,24.4512996673584,24.540000915527344,4935,0.0,0.0
2024-10-08 10:30:00-04:00,24.56999969482422,24.6200008392334,24.510700225830078,24.549999237060547,7164,0.0,0.0
2024-10-08 11:30:00-04:00,24.579999923706055,24.600000381469727,24.510099411010742,24.600000381469727,3216,0.0,0.0
2024-10-08 12:30:00-04:00,24.58060073852539,24.59000015258789,24.559999465942383,24.56999969482422,1653,0.0,0.0
2024-10-08 13:30:00-04:00,24.566299438476562,24.610000610351562,24.549100875854492,24.549999237060547,3567,0.0,0.0
2024-10-08 14:30:00-04:00,24.59000015258789,24.690000534057617,24.586299896240234,24.586299896240234,15191,0.0,0.0
2024-10-08 15:30:00-04:00,24.690000534057617,24.700000762939453,24.665000915527344,24.700000762939453,2035,0.0,0.0
2024-10-09 09:30:00-04:00,24.670000076293945,24.739999771118164,24.670000076293945,24.709999084472656,11268,0.0,0.0
2024-10-09 10:30:00-04:00,24.689699172973633,24.709999084472656,24.689699172973633,24.69260025024414,1771,0.0,0.0
2024-10-09 11:30:00-04:00,24.704999923706055,24.709999084472656,24.680099487304688,24.700000762939453,7297,0.0,0.0
2024-10-09 12:30:00-04:00,24.690500259399414,24.714500427246094,24.670000076293945,24.670000076293945,3890,0.0,0.0
2024-10-09 13:30:00-04:00,24.656700134277344,24.670000076293945,24.655000686645508,24.661100387573242,3008,0.0,0.0
2024-10-09 14:30:00-04:00,24.65999984741211,24.700000762939453,24.65999984741211,24.700000762939453,4874,0.0,0.0
2024-10-09 15:30:00-04:00,24.68000030517578,24.700000762939453,24.667600631713867,24.700000762939453,1974,0.0,0.0
2024-10-10 09:30:00-04:00,24.670000076293945,24.690000534057617,24.64539909362793,24.68000030517578,0,0.0,0.0
2024-10-10 10:30:00-04:00,24.670000076293945,24.670000076293945,24.638599395751953,24.655000686645508,5422,0.0,0.0
2024-10-10 11:30:00-04:00,24.670000076293945,24.700000762939453,24.6200008392334,24.668699264526367,7592,0.0,0.0
2024-10-10 12:30:00-04:00,24.68000030517578,24.68000030517578,24.6299991607666,24.645000457763672,4067,0.0,0.0
2024-10-10 13:30:00-04:00,24.645000457763672,24.645000457763672,24.56999969482422,24.600000381469727,10612,0.0,0.0
2024-10-10 14:30:00-04:00,24.600000381469727,24.649900436401367,24.549999237060547,24.59000015258789,10287,0.0,0.0
2024-10-10 15:30:00-04:00,24.59000015258789,24.649999618530273,24.56999969482422,24.649999618530273,6393,0.0,0.0
2024-10-11 09:30:00-04:00,24.549999237060547,24.61989974975586,24.549999237060547,24.610000610351562,0,0.0,0.0
2024-10-11 10:30:00-04:00,24.59000015258789,24.699899673461914,24.59000015258789,24.6200008392334,9642,0.0,0.0
2024-10-11 11:30:00-04:00,24.65999984741211,24.67889976501465,24.6200008392334,24.66990089416504,4412,0.0,0.0
2024-10-11 12:30:00-04:00,24.639999389648438,24.659400939941406,24.60770034790039,24.60770034790039,3489,0.0,0.0
2024-10-11 13:30:00-04:00,24.649999618530273,24.649999618530273,24.611400604248047,24.639999389648438,2580,0.0,0.0
2024-10-11 14:30:00-04:00,24.639999389648438,24.75,24.6200008392334,24.719999313354492,10711,0.0,0.0
2024-10-11 15:30:00-04:00,24.690000534057617,24.739999771118164,24.690000534057617,24.719999313354492,9562,0.0,0.0
2024-10-14 09:30:00-04:00,24.690000534057617,24.700000762939453,24.559999465942383,24.645000457763672,19342,0.0,0.0
2024-10-14 10:30:00-04:00,24.65999984741211,24.670000076293945,24.649999618530273,24.65519905090332,5619,0.0,0.0
2024-10-14 11:30:00-04:00,24.65369987487793,24.65999984741211,24.649999618530273,24.659900665283203,4839,0.0,0.0
2024-10-14 12:30:00-04:00,24.659700393676758,24.670000076293945,24.643299102783203,24.668094635009766,8509,0.0,0.0
2024-10-14 13:30:00-04:00,24.65999984741211,24.729999542236328,24.65999984741211,24.709999084472656,4247,0.0,0.0
2024-10-14 14:30:00-04:00,24.729999542236328,24.729999542236328,24.709999084472656,24.729999542236328,2480,0.0,0.0
2024-10-14 15:30:00-04:00,24.71500015258789,24.739999771118164,24.71500015258789,24.719999313354492,1747,0.0,0.0
2024-10-15 09:30:00-04:00,24.780000686645508,24.799999237060547,24.760000228881836,24.799999237060547,18555,0.0,0.0
2024-10-15 10:30:00-04:00,24.770000457763672,24.799999237060547,24.710599899291992,24.735000610351562,4927,0.0,0.0
2024-10-15 11:30:00-04:00,24.730300903320312,24.799999237060547,24.710100173950195,24.790000915527344,7170,0.0,0.0
2024-10-15 12:30:00-04:00,24.799999237060547,24.8700008392334,24.784099578857422,24.829999923706055,19801,0.0,0.0
2024-10-15 13:30:00-04:00,24.850000381469727,24.899999618530273,24.829999923706055,24.860000610351562,3576,0.0,0.0
2024-10-15 14:30:00-04:00,24.8799991607666,24.8799991607666,24.78190040588379,24.829999923706055,8522,0.0,0.0
2024-10-15 15:30:00-04:00,24.829999923706055,24.829999923706055,24.739999771118164,24.739999771118164,19106,0.0,0.0
2024-10-16 09:30:00-04:00,24.760000228881836,24.809999465942383,24.739999771118164,24.809999465942383,13872,0.0,0.0
2024-10-16 10:30:00-04:00,24.799999237060547,24.80500030517578,24.740100860595703,24.766199111938477,9485,0.0,0.0
2024-10-16 11:30:00-04:00,24.799999237060547,24.799999237060547,24.770000457763672,24.790000915527344,4406,0.0,0.0
2024-10-16 12:30:00-04:00,24.790000915527344,24.81999969482422,24.780000686645508,24.79599952697754,4084,0.0,0.0
2024-10-16 13:30:00-04:00,24.80500030517578,24.809600830078125,24.780000686645508,24.809600830078125,6609,0.0,0.0
2024-10-16 14:30:00-04:00,24.809999465942383,24.8700008392334,24.790000915527344,24.864999771118164,5113,0.0,0.0
2024-10-16 15:30:00-04:00,24.851600646972656,24.8700008392334,24.799999237060547,24.799999237060547,4548,0.0,0.0
2024-10-17 09:30:00-04:00,24.479999542236328,24.579999923706055,24.43000030517578,24.479999542236328,20882,0.0,0.0
2024-10-17 10:30:00-04:00,24.5,24.549999237060547,24.43000030517578,24.450000762939453,14843,0.0,0.0
2024-10-17 11:30:00-04:00,24.489200592041016,24.5216007232666,24.47209930419922,24.489999771118164,4662,0.0,0.0
2024-10-17 12:30:00-04:00,24.469999313354492,24.539899826049805,24.469999313354492,24.520000457763672,9445,0.0,0.0
2024-10-17 13:30:00-04:00,24.510000228881836,24.520000457763672,24.450000762939453,24.450000762939453,7666,0.0,0.0
2024-10-17 14:30:00-04:00,24.450000762939453,24.479999542236328,24.430999755859375,24.479999542236328,8141,0.0,0.0
2024-10-17 15:30:00-04:00,24.479999542236328,24.520000457763672,24.479999542236328,24.479999542236328,3935,0.0,0.0
2024-10-18 09:30:00-04:00,24.459999084472656,24.553499221801758,24.4552001953125,24.549999237060547,9420,0.0,0.0
2024-10-18 10:30:00-04:00,24.5,24.54990005493164,24.5,24.514999389648438,5224,0.0,0.0
2024-10-18 11:30:00-04:00,24.514999389648438,24.549999237060547,24.485700607299805,24.510000228881836,11398,0.0,0.0
2024-10-18 12:30:00-04:00,24.510000228881836,24.540000915527344,24.480100631713867,24.48710060119629,6264,0.0,0.0
2024-10-18 13:30:00-04:00,24.533199310302734,24.539899826049805,24.486799240112305,24.489999771118164,3693,0.0,0.0
2024-10-18 14:30:00-04:00,24.489999771118164,24.540000915527344,24.479999542236328,24.479999542236328,3173,0.0,0.0
2024-10-18 15:30:00-04:00,24.514999389648438,24.549999237060547,24.479999542236328,24.540000915527344,2692,0.0,0.0
