Datetime,Open,High,Low,Close,Volume,Dividends,Stock Splits
2022-09-22 09:30:00-04:00,474.1000061035156,476.5199890136719,461.4599914550781,466.9100036621094,0,0.0,0.0
2022-09-22 10:30:00-04:00,466.4800109863281,467.375,459.1600036621094,463.70001220703125,16211,0.0,0.0
2022-09-22 11:30:00-04:00,463.8999938964844,466.43499755859375,460.8599853515625,460.8599853515625,6330,0.0,0.0
2022-09-22 12:30:00-04:00,460.8500061035156,461.7099914550781,459.239990234375,459.80059814453125,5994,0.0,0.0
2022-09-22 13:30:00-04:00,461.1199951171875,463.6650085449219,461.1199951171875,463.6650085449219,3968,0.0,0.0
2022-09-22 14:30:00-04:00,463.7900085449219,468.54998779296875,462.7099914550781,468.54998779296875,6704,0.0,0.0
2022-09-22 15:30:00-04:00,467.6499938964844,471.05999755859375,466.9800109863281,467.94000244140625,15717,0.0,0.0
2022-09-23 09:30:00-04:00,458.6300048828125,465.1499938964844,453.65460205078125,454.7650146484375,22075,0.0,0.0
2022-09-23 10:30:00-04:00,449.9200134277344,457.0,448.8399963378906,457.0,11325,0.0,0.0
2022-09-23 11:30:00-04:00,457.4200134277344,457.4200134277344,448.010009765625,449.5199890136719,12171,0.0,0.0
2022-09-23 12:30:00-04:00,448.75,454.20001220703125,447.7856140136719,452.1099853515625,9679,0.0,0.0
2022-09-23 13:30:00-04:00,451.67999267578125,458.4150085449219,451.67999267578125,455.3800048828125,5814,0.0,0.0
2022-09-23 14:30:00-04:00,454.79998779296875,459.5400085449219,453.44000244140625,459.5400085449219,5044,0.0,0.0
2022-09-23 15:30:00-04:00,459.44000244140625,463.7699890136719,459.44000244140625,463.7699890136719,12676,0.0,0.0
2022-09-26 09:30:00-04:00,461.8900146484375,472.5,460.0249938964844,462.32000732421875,0,0.0,0.0
2022-09-26 10:30:00-04:00,461.8599853515625,464.0899963378906,449.1700134277344,449.1700134277344,16177,0.0,0.0
2022-09-26 11:30:00-04:00,450.0,453.29998779296875,447.8399963378906,453.29998779296875,9665,0.0,0.0
2022-09-26 12:30:00-04:00,453.385009765625,456.3800048828125,449.3699951171875,451.2049865722656,8954,0.0,0.0
2022-09-26 13:30:00-04:00,451.80999755859375,453.62579345703125,448.69500732421875,448.69500732421875,8211,0.0,0.0
2022-09-26 14:30:00-04:00,448.7099914550781,451.80999755859375,448.6199951171875,451.0,9260,0.0,0.0
2022-09-26 15:30:00-04:00,451.7099914550781,454.1300048828125,451.0150146484375,452.510009765625,17777,0.0,0.0
2022-09-27 09:30:00-04:00,460.0199890136719,465.6199951171875,450.010009765625,453.1075134277344,12648,0.0,0.0
2022-09-27 10:30:00-04:00,452.2099914550781,457.6499938964844,450.9599914550781,450.9599914550781,12286,0.0,0.0
2022-09-27 11:30:00-04:00,450.0,450.7300109863281,448.2099914550781,450.19000244140625,6496,0.0,0.0
2022-09-27 12:30:00-04:00,449.19000244140625,452.7799987792969,447.5299987792969,447.5299987792969,7753,0.0,0.0
2022-09-27 13:30:00-04:00,447.6000061035156,447.6000061035156,440.07000732421875,442.29998779296875,14755,0.0,0.0
2022-09-27 14:30:00-04:00,443.3800048828125,451.75,441.864990234375,448.5899963378906,8253,0.0,0.0
2022-09-27 15:30:00-04:00,448.42999267578125,449.7900085449219,448.42999267578125,448.989990234375,5991,0.0,0.0
2022-09-28 09:30:00-04:00,451.0799865722656,463.57000732421875,451.0799865722656,463.0,5860,0.0,0.0
2022-09-28 10:30:00-04:00,462.4200134277344,466.7200012207031,460.1400146484375,465.4700012207031,11306,0.0,0.0
2022-09-28 11:30:00-04:00,462.5899963378906,467.7900085449219,461.29998779296875,463.07000732421875,13179,0.0,0.0
2022-09-28 12:30:00-04:00,463.25,464.0,460.57000732421875,463.4100036621094,9295,0.0,0.0
2022-09-28 13:30:00-04:00,462.1000061035156,463.69000244140625,459.9800109863281,459.9800109863281,6465,0.0,0.0
2022-09-28 14:30:00-04:00,458.6600036621094,464.1000061035156,457.9100036621094,462.3349914550781,3924,0.0,0.0
2022-09-28 15:30:00-04:00,464.1600036621094,466.760009765625,461.70001220703125,462.9800109863281,15192,0.0,0.0
2022-09-29 09:30:00-04:00,449.70001220703125,449.989990234375,425.9100036621094,428.19000244140625,42205,0.0,0.0
2022-09-29 10:30:00-04:00,430.0,435.1700134277344,428.489990234375,430.92999267578125,9706,0.0,0.0
2022-09-29 11:30:00-04:00,431.7699890136719,446.29998779296875,423.3900146484375,443.0,26871,0.0,0.0
2022-09-29 12:30:00-04:00,443.1700134277344,443.1700134277344,430.7200012207031,437.2200012207031,17360,0.0,0.0
2022-09-29 13:30:00-04:00,436.8299865722656,440.0,433.114990234375,435.0299987792969,11473,0.0,0.0
2022-09-29 14:30:00-04:00,436.0,440.5350036621094,434.62249755859375,438.3500061035156,5510,0.0,0.0
2022-09-29 15:30:00-04:00,439.9200134277344,441.70001220703125,439.9200134277344,441.4100036621094,16480,0.0,0.0
2022-09-30 09:30:00-04:00,439.95001220703125,441.5050048828125,425.9700012207031,436.67498779296875,13968,0.0,0.0
2022-09-30 10:30:00-04:00,436.5,444.94061279296875,434.7300109863281,440.29998779296875,16845,0.0,0.0
2022-09-30 11:30:00-04:00,440.94000244140625,440.95001220703125,433.1449890136719,433.1449890136719,21104,0.0,0.0
2022-09-30 12:30:00-04:00,434.3900146484375,438.9880065917969,434.3900146484375,438.57000732421875,8638,0.0,0.0
2022-09-30 13:30:00-04:00,438.67999267578125,442.510009765625,437.010009765625,440.42999267578125,9422,0.0,0.0
2022-09-30 14:30:00-04:00,439.3599853515625,439.9549865722656,436.8163146972656,437.6300048828125,10207,0.0,0.0
2022-09-30 15:30:00-04:00,438.1000061035156,439.5299987792969,435.8699951171875,438.7799987792969,23032,0.0,0.0
2022-10-03 09:30:00-04:00,447.17999267578125,463.0,438.6549987792969,458.3900146484375,18633,0.0,0.0
2022-10-03 10:30:00-04:00,460.6000061035156,466.5,459.760009765625,463.3399963378906,11276,0.0,0.0
2022-10-03 11:30:00-04:00,460.9800109863281,460.9800109863281,454.4200134277344,456.989990234375,11974,0.0,0.0
2022-10-03 12:30:00-04:00,455.0,459.70001220703125,455.0,458.5,4516,0.0,0.0
2022-10-03 13:30:00-04:00,458.3699951171875,461.6700134277344,458.3699951171875,461.6700134277344,1606,0.0,0.0
2022-10-03 14:30:00-04:00,462.3900146484375,463.2200012207031,460.0,461.44000244140625,8284,0.0,0.0
2022-10-03 15:30:00-04:00,460.04998779296875,460.04998779296875,456.82000732421875,459.4800109863281,12902,0.0,0.0
2022-10-04 09:30:00-04:00,468.7300109863281,477.5,468.0849914550781,475.1000061035156,11211,0.0,0.0
2022-10-04 10:30:00-04:00,476.375,482.260009765625,474.69000244140625,476.2749938964844,9967,0.0,0.0
2022-10-04 11:30:00-04:00,477.07000732421875,477.07000732421875,468.5,472.68499755859375,14136,0.0,0.0
2022-10-04 12:30:00-04:00,472.57000732421875,474.2300109863281,471.29998779296875,474.1000061035156,5102,0.0,0.0
2022-10-04 13:30:00-04:00,474.5,479.4100036621094,474.32000732421875,479.20001220703125,11655,0.0,0.0
2022-10-04 14:30:00-04:00,476.92999267578125,480.1600036621094,475.989990234375,479.7200012207031,9560,0.0,0.0
2022-10-04 15:30:00-04:00,478.44000244140625,480.7799987792969,478.44000244140625,478.80999755859375,13999,0.0,0.0
2022-10-05 09:30:00-04:00,468.79998779296875,469.739990234375,457.1050109863281,459.6600036621094,17023,0.0,0.0
2022-10-05 10:30:00-04:00,458.239990234375,460.2200012207031,454.57000732421875,457.0,6571,0.0,0.0
2022-10-05 11:30:00-04:00,457.510009765625,462.1700134277344,454.2099914550781,458.95001220703125,7428,0.0,0.0
2022-10-05 12:30:00-04:00,459.2099914550781,461.6700134277344,457.5249938964844,460.4100036621094,5911,0.0,0.0
2022-10-05 13:30:00-04:00,463.05999755859375,469.82000732421875,461.6401062011719,468.05999755859375,4388,0.0,0.0
2022-10-05 14:30:00-04:00,468.489990234375,470.0,468.2550048828125,470.0,3598,0.0,0.0
2022-10-05 15:30:00-04:00,471.3500061035156,472.2099914550781,466.6900939941406,467.3900146484375,9118,0.0,0.0
2022-10-06 09:30:00-04:00,463.7900085449219,472.1050109863281,463.6099853515625,464.5400085449219,11336,0.0,0.0
2022-10-06 10:30:00-04:00,462.9599914550781,470.6099853515625,461.2699890136719,466.3699951171875,3756,0.0,0.0
2022-10-06 11:30:00-04:00,467.05999755859375,468.7799987792969,463.3299865722656,464.7200012207031,7631,0.0,0.0
2022-10-06 12:30:00-04:00,463.5299987792969,466.5824890136719,463.2200012207031,464.0,7899,0.0,0.0
2022-10-06 13:30:00-04:00,462.7900085449219,462.7900085449219,457.8800048828125,459.5400085449219,7067,0.0,0.0
2022-10-06 14:30:00-04:00,461.6199951171875,461.7699890136719,459.2300109863281,461.3399963378906,5546,0.0,0.0
2022-10-06 15:30:00-04:00,460.8900146484375,460.8900146484375,456.4599914550781,456.4599914550781,9572,0.0,0.0
2022-10-07 09:30:00-04:00,452.0400085449219,452.0400085449219,443.0,446.29998779296875,11179,0.0,0.0
2022-10-07 10:30:00-04:00,445.1600036621094,445.760009765625,442.9200134277344,444.8349914550781,7498,0.0,0.0
2022-10-07 11:30:00-04:00,443.19000244140625,445.2699890136719,441.79998779296875,442.5,12396,0.0,0.0
2022-10-07 12:30:00-04:00,442.3900146484375,442.3900146484375,437.5,439.8599853515625,6277,0.0,0.0
2022-10-07 13:30:00-04:00,439.17999267578125,440.8500061035156,436.1099853515625,438.29998779296875,10867,0.0,0.0
2022-10-07 14:30:00-04:00,439.0,442.2449951171875,435.8999938964844,440.9599914550781,11898,0.0,0.0
2022-10-07 15:30:00-04:00,440.79998779296875,444.2699890136719,440.32501220703125,444.20001220703125,13830,0.0,0.0
2022-10-10 09:30:00-04:00,446.4599914550781,446.4599914550781,439.0,443.4800109863281,4416,0.0,0.0
2022-10-10 10:30:00-04:00,438.0,440.2099914550781,435.9200134277344,439.4750061035156,7634,0.0,0.0
2022-10-10 11:30:00-04:00,437.7799987792969,438.8900146484375,435.32000732421875,435.32000732421875,7301,0.0,0.0
2022-10-10 12:30:00-04:00,435.010009765625,435.1300048828125,430.05999755859375,432.875,5917,0.0,0.0
2022-10-10 13:30:00-04:00,433.614990234375,437.92999267578125,432.6000061035156,434.3299865722656,7671,0.0,0.0
2022-10-10 14:30:00-04:00,434.1199951171875,434.7699890136719,431.8299865722656,433.010009765625,7099,0.0,0.0
2022-10-10 15:30:00-04:00,432.2099914550781,433.7099914550781,429.3699951171875,429.3800048828125,14699,0.0,0.0
2022-10-11 09:30:00-04:00,426.2099914550781,428.2699890136719,421.6400146484375,427.42999267578125,8383,0.0,0.0
2022-10-11 10:30:00-04:00,427.6000061035156,432.2300109863281,427.6000061035156,432.2300109863281,3452,0.0,0.0
2022-10-11 11:30:00-04:00,433.7900085449219,437.8999938964844,432.1400146484375,437.8999938964844,10293,0.0,0.0
2022-10-11 12:30:00-04:00,438.19000244140625,443.80999755859375,438.19000244140625,441.30999755859375,10340,0.0,0.0
2022-10-11 13:30:00-04:00,440.1400146484375,440.1400146484375,437.8800048828125,438.6000061035156,5990,0.0,0.0
2022-10-11 14:30:00-04:00,440.885009765625,440.885009765625,430.0299987792969,431.739990234375,5058,0.0,0.0
2022-10-11 15:30:00-04:00,432.75,436.8800048828125,432.75,435.55999755859375,10949,0.0,0.0
2022-10-12 09:30:00-04:00,437.010009765625,437.010009765625,424.18499755859375,426.8999938964844,8139,0.0,0.0
2022-10-12 10:30:00-04:00,429.6600036621094,429.6600036621094,425.7799987792969,428.7699890136719,9476,0.0,0.0
2022-10-12 11:30:00-04:00,427.0,437.0199890136719,427.0,437.0199890136719,7090,0.0,0.0
2022-10-12 12:30:00-04:00,437.0150146484375,437.0150146484375,434.92999267578125,436.3599853515625,4180,0.0,0.0
2022-10-12 13:30:00-04:00,434.5299987792969,437.54998779296875,434.5299987792969,437.07501220703125,4589,0.0,0.0
2022-10-12 14:30:00-04:00,438.2950134277344,440.8900146484375,437.9100036621094,439.4750061035156,6994,0.0,0.0
2022-10-12 15:30:00-04:00,438.6000061035156,441.70001220703125,438.6000061035156,440.760009765625,18142,0.0,0.0
2022-10-13 09:30:00-04:00,431.2099914550781,441.05499267578125,424.0799865722656,437.3450012207031,12856,0.0,0.0
2022-10-13 10:30:00-04:00,434.1600036621094,454.1000061035156,433.4100036621094,445.9100036621094,11978,0.0,0.0
2022-10-13 11:30:00-04:00,447.3999938964844,454.6000061035156,446.0,446.29998779296875,11405,0.0,0.0
2022-10-13 12:30:00-04:00,445.20001220703125,455.54998779296875,445.1499938964844,454.42999267578125,13226,0.0,0.0
2022-10-13 13:30:00-04:00,456.5799865722656,456.5799865722656,448.489990234375,449.18499755859375,10249,0.0,0.0
2022-10-13 14:30:00-04:00,449.20001220703125,450.8399963378906,447.6400146484375,447.6400146484375,8282,0.0,0.0
2022-10-13 15:30:00-04:00,447.1499938964844,449.9599914550781,446.4100036621094,449.19000244140625,10992,0.0,0.0
2022-10-14 09:30:00-04:00,456.7900085449219,462.07000732421875,438.69500732421875,444.20001220703125,41792,0.0,0.0
2022-10-14 10:30:00-04:00,441.80999755859375,444.3299865722656,439.010009765625,442.4750061035156,4806,0.0,0.0
2022-10-14 11:30:00-04:00,440.6099853515625,441.4800109863281,436.760009765625,437.8500061035156,5153,0.0,0.0
2022-10-14 12:30:00-04:00,438.6400146484375,441.1925048828125,433.79998779296875,434.8974914550781,9556,0.0,0.0
2022-10-14 13:30:00-04:00,433.5400085449219,435.7200012207031,431.45001220703125,432.70001220703125,3204,0.0,0.0
2022-10-14 14:30:00-04:00,430.9800109863281,436.1600036621094,430.0299987792969,434.8800048828125,6779,0.0,0.0
2022-10-14 15:30:00-04:00,434.44000244140625,435.1099853515625,428.8900146484375,433.1400146484375,12727,0.0,0.0
2022-10-17 09:30:00-04:00,437.04998779296875,442.8349914550781,435.0299987792969,437.53009033203125,20529,0.0,0.0
2022-10-17 10:30:00-04:00,437.30999755859375,438.69000244140625,433.2149963378906,438.3800048828125,10932,0.0,0.0
2022-10-17 11:30:00-04:00,441.42999267578125,443.9150085449219,441.42999267578125,442.6300048828125,5320,0.0,0.0
2022-10-17 12:30:00-04:00,443.31500244140625,445.6199951171875,442.1099853515625,445.6199951171875,7732,0.0,0.0
2022-10-17 13:30:00-04:00,444.2850036621094,446.5400085449219,442.5400085449219,444.489990234375,5380,0.0,0.0
2022-10-17 14:30:00-04:00,442.8900146484375,446.7200012207031,441.7200012207031,444.989990234375,6915,0.0,0.0
2022-10-17 15:30:00-04:00,444.6499938964844,446.0,442.05499267578125,446.0,7270,0.0,0.0
2022-10-18 09:30:00-04:00,453.4200134277344,455.57000732421875,446.94000244140625,451.0299987792969,12979,0.0,0.0
2022-10-18 10:30:00-04:00,449.5899963378906,449.5899963378906,442.6600036621094,444.6199951171875,5430,0.0,0.0
2022-10-18 11:30:00-04:00,440.0400085449219,447.8699951171875,440.0400085449219,446.1300048828125,7844,0.0,0.0
2022-10-18 12:30:00-04:00,446.1700134277344,450.55999755859375,445.739990234375,450.55999755859375,7655,0.0,0.0
2022-10-18 13:30:00-04:00,449.93719482421875,451.05999755859375,447.989990234375,451.05999755859375,7238,0.0,0.0
2022-10-18 14:30:00-04:00,446.2449951171875,449.9049987792969,443.989990234375,449.00250244140625,5958,0.0,0.0
2022-10-18 15:30:00-04:00,449.0799865722656,451.6199951171875,448.260009765625,451.0799865722656,10754,0.0,0.0
2022-10-19 09:30:00-04:00,433.6700134277344,439.9700012207031,420.57000732421875,431.0199890136719,21643,0.0,0.0
2022-10-19 10:30:00-04:00,429.260009765625,429.260009765625,423.2799987792969,426.8900146484375,6607,0.0,0.0
2022-10-19 11:30:00-04:00,426.9700012207031,427.5400085449219,416.25,417.57501220703125,14479,0.0,0.0
2022-10-19 12:30:00-04:00,419.5299987792969,421.6199951171875,417.3900146484375,417.7900085449219,13254,0.0,0.0
2022-10-19 13:30:00-04:00,416.75,419.7799987792969,411.8900146484375,418.2900085449219,26233,0.0,0.0
2022-10-19 14:30:00-04:00,418.1700134277344,422.20001220703125,418.1700134277344,419.2449951171875,20081,0.0,0.0
2022-10-19 15:30:00-04:00,419.9200134277344,421.75,417.8299865722656,420.4800109863281,24272,0.0,0.0
2022-10-20 09:30:00-04:00,419.6700134277344,423.0899963378906,416.70001220703125,422.92999267578125,16565,0.0,0.0
2022-10-20 10:30:00-04:00,422.8550109863281,424.0,418.0400085449219,419.989990234375,13981,0.0,0.0
2022-10-20 11:30:00-04:00,419.32000732421875,422.3299865722656,418.17999267578125,418.3949890136719,10915,0.0,0.0
2022-10-20 12:30:00-04:00,419.05999755859375,419.05999755859375,409.7699890136719,415.760009765625,12630,0.0,0.0
2022-10-20 13:30:00-04:00,414.95001220703125,414.95001220703125,410.9700012207031,414.0199890136719,11035,0.0,0.0
2022-10-20 14:30:00-04:00,414.80999755859375,416.92999267578125,409.92999267578125,412.0,19360,0.0,0.0
2022-10-20 15:30:00-04:00,412.0,413.79998779296875,407.4100036621094,407.4100036621094,60747,0.0,0.0
2022-10-21 09:30:00-04:00,407.260009765625,407.260009765625,397.57501220703125,401.489990234375,39677,0.0,0.0
2022-10-21 10:30:00-04:00,401.989990234375,404.6776123046875,399.760009765625,403.0,11776,0.0,0.0
2022-10-21 11:30:00-04:00,407.9796142578125,412.17999267578125,407.4200134277344,411.70001220703125,9499,0.0,0.0
2022-10-21 12:30:00-04:00,409.4599914550781,420.0,409.4599914550781,418.7300109863281,11383,0.0,0.0
2022-10-21 13:30:00-04:00,417.7799987792969,420.9100036621094,417.55999755859375,419.2049865722656,8558,0.0,0.0
2022-10-21 14:30:00-04:00,420.4849853515625,423.2099914550781,419.9599914550781,423.1400146484375,6346,0.0,0.0
2022-10-21 15:30:00-04:00,421.2900085449219,424.69000244140625,421.2900085449219,424.0400085449219,15785,0.0,0.0
2022-10-24 09:30:00-04:00,424.7099914550781,428.5,420.6300048828125,420.6300048828125,9064,0.0,0.0
2022-10-24 10:30:00-04:00,421.5299987792969,423.9700012207031,418.79998779296875,419.7300109863281,12064,0.0,0.0
2022-10-24 11:30:00-04:00,420.0,423.3299865722656,419.2149963378906,423.05999755859375,7970,0.0,0.0
2022-10-24 12:30:00-04:00,422.9800109863281,424.114990234375,422.05999755859375,422.05999755859375,6395,0.0,0.0
2022-10-24 13:30:00-04:00,423.760009765625,426.2799987792969,423.07000732421875,425.75,5226,0.0,0.0
2022-10-24 14:30:00-04:00,427.135009765625,433.70001220703125,427.135009765625,432.0950012207031,11807,0.0,0.0
2022-10-24 15:30:00-04:00,433.9049987792969,433.9049987792969,429.42999267578125,432.4200134277344,15143,0.0,0.0
2022-10-25 09:30:00-04:00,433.0,446.864990234375,433.0,446.864990234375,8150,0.0,0.0
2022-10-25 10:30:00-04:00,446.80999755859375,451.9800109863281,446.07000732421875,451.19500732421875,7417,0.0,0.0
2022-10-25 11:30:00-04:00,451.5199890136719,459.0,450.5,457.8299865722656,13648,0.0,0.0
2022-10-25 12:30:00-04:00,457.70001220703125,459.864990234375,452.1499938964844,452.20001220703125,11605,0.0,0.0
2022-10-25 13:30:00-04:00,451.5,457.4100036621094,451.5,456.80999755859375,11184,0.0,0.0
2022-10-25 14:30:00-04:00,456.1549987792969,460.0299987792969,456.04998779296875,460.0,12154,0.0,0.0
2022-10-25 15:30:00-04:00,459.239990234375,463.2900085449219,458.69000244140625,458.9200134277344,30333,0.0,0.0
2022-10-26 09:30:00-04:00,457.989990234375,465.57000732421875,455.7300109863281,462.1400146484375,12562,0.0,0.0
2022-10-26 10:30:00-04:00,460.9599914550781,464.0,458.60009765625,463.70001220703125,14521,0.0,0.0
2022-10-26 11:30:00-04:00,463.42999267578125,465.8500061035156,462.739990234375,462.739990234375,9746,0.0,0.0
2022-10-26 12:30:00-04:00,461.2900085449219,467.4525146484375,461.0,464.6000061035156,15998,0.0,0.0
2022-10-26 13:30:00-04:00,463.9599914550781,465.67498779296875,462.0199890136719,464.7550048828125,9097,0.0,0.0
2022-10-26 14:30:00-04:00,464.07501220703125,465.70001220703125,462.04998779296875,463.2550048828125,9875,0.0,0.0
2022-10-26 15:30:00-04:00,464.29998779296875,464.29998779296875,457.92999267578125,458.4700012207031,8160,0.0,0.0
2022-10-27 09:30:00-04:00,460.20001220703125,465.94000244140625,460.20001220703125,465.75,8881,0.0,0.0
2022-10-27 10:30:00-04:00,466.7300109863281,473.9200134277344,466.7200012207031,473.9200134277344,11605,0.0,0.0
2022-10-27 11:30:00-04:00,474.79998779296875,475.0,461.0199890136719,461.0199890136719,17269,0.0,0.0
2022-10-27 12:30:00-04:00,460.2900085449219,466.8399963378906,460.2449951171875,464.8800048828125,7326,0.0,0.0
2022-10-27 13:30:00-04:00,463.8399963378906,464.9800109863281,456.80499267578125,457.44500732421875,14837,0.0,0.0
2022-10-27 14:30:00-04:00,455.864990234375,459.260009765625,455.864990234375,458.5400085449219,5771,0.0,0.0
2022-10-27 15:30:00-04:00,457.614990234375,459.0799865722656,454.94000244140625,456.1700134277344,12650,0.0,0.0
2022-10-28 09:30:00-04:00,459.80999755859375,463.1000061035156,455.5,459.7900085449219,8731,0.0,0.0
2022-10-28 10:30:00-04:00,460.0,464.2099914550781,458.79998779296875,459.70001220703125,8866,0.0,0.0
2022-10-28 11:30:00-04:00,459.9949951171875,466.0899963378906,459.8699951171875,465.6499938964844,6460,0.0,0.0
2022-10-28 12:30:00-04:00,468.32000732421875,470.5299987792969,468.07000732421875,470.25,3133,0.0,0.0
2022-10-28 13:30:00-04:00,470.1499938964844,470.9800109863281,467.010009765625,467.010009765625,11427,0.0,0.0
2022-10-28 14:30:00-04:00,467.0150146484375,471.1000061035156,467.0150146484375,470.739990234375,9928,0.0,0.0
2022-10-28 15:30:00-04:00,470.5299987792969,471.9800109863281,469.44000244140625,471.9800109863281,17829,0.0,0.0
2022-10-31 09:30:00-04:00,464.5899963378906,473.9599914550781,464.5899963378906,469.4849853515625,17566,0.0,0.0
2022-10-31 10:30:00-04:00,469.6099853515625,470.1000061035156,463.67498779296875,467.44000244140625,19697,0.0,0.0
2022-10-31 11:30:00-04:00,467.44000244140625,467.44000244140625,462.44000244140625,466.635009765625,10176,0.0,0.0
2022-10-31 12:30:00-04:00,464.79998779296875,469.69000244140625,463.3900146484375,469.69000244140625,6158,0.0,0.0
2022-10-31 13:30:00-04:00,469.2049865722656,470.7300109863281,466.8299865722656,467.7850036621094,10834,0.0,0.0
2022-10-31 14:30:00-04:00,467.260009765625,470.0,467.20001220703125,467.9700012207031,10009,0.0,0.0
2022-10-31 15:30:00-04:00,467.7799987792969,468.0249938964844,462.625,464.3599853515625,17379,0.0,0.0
2022-11-01 09:30:00-04:00,471.1000061035156,474.989990234375,468.2099914550781,472.2200012207031,28501,0.0,0.0
2022-11-01 10:30:00-04:00,473.0,476.05499267578125,470.8699951171875,471.6000061035156,14900,0.0,0.0
2022-11-01 11:30:00-04:00,472.0,476.260009765625,469.9049987792969,472.9200134277344,16260,0.0,0.0
2022-11-01 12:30:00-04:00,472.67999267578125,477.2650146484375,471.239990234375,477.2650146484375,12704,0.0,0.0
2022-11-01 13:30:00-04:00,478.3349914550781,480.0799865722656,476.3450012207031,480.0799865722656,12556,0.0,0.0
2022-11-01 14:30:00-04:00,477.55999755859375,477.55999755859375,472.07501220703125,472.07501220703125,9891,0.0,0.0
2022-11-01 15:30:00-04:00,473.1000061035156,473.1000061035156,468.55999755859375,471.7200012207031,30520,0.0,0.0
2022-11-02 09:30:00-04:00,432.2099914550781,456.5,423.30999755859375,447.19000244140625,51008,0.0,0.0
2022-11-02 10:30:00-04:00,447.510009765625,449.0,439.2300109863281,442.8399963378906,37250,0.0,0.0
2022-11-02 11:30:00-04:00,441.79998779296875,441.79998779296875,427.7099914550781,439.07000732421875,25471,0.0,0.0
2022-11-02 12:30:00-04:00,440.55999755859375,441.9700012207031,434.6000061035156,439.1099853515625,28974,0.0,0.0
2022-11-02 13:30:00-04:00,439.1099853515625,455.55999755859375,438.44000244140625,453.2799072265625,21773,0.0,0.0
2022-11-02 14:30:00-04:00,451.7099914550781,453.2799987792969,439.54998779296875,439.7200012207031,36467,0.0,0.0
2022-11-02 15:30:00-04:00,441.5400085449219,444.2200012207031,435.8699951171875,436.80999755859375,46124,0.0,0.0
2022-11-03 09:30:00-04:00,428.3500061035156,437.2900085449219,425.3699951171875,433.95001220703125,21604,0.0,0.0
2022-11-03 10:30:00-04:00,434.239990234375,441.260009765625,431.5899963378906,439.6199951171875,13406,0.0,0.0
2022-11-03 11:30:00-04:00,438.1700134277344,441.0,434.3949890136719,440.260009765625,13810,0.0,0.0
2022-11-03 12:30:00-04:00,440.0,440.0,436.010009765625,437.8550109863281,11468,0.0,0.0
2022-11-03 13:30:00-04:00,437.760009765625,447.489990234375,436.760009765625,447.489990234375,12719,0.0,0.0
2022-11-03 14:30:00-04:00,445.260009765625,447.5799865722656,442.0,447.5799865722656,12681,0.0,0.0
2022-11-03 15:30:00-04:00,446.17999267578125,446.94000244140625,443.0199890136719,444.8299865722656,14627,0.0,0.0
2022-11-04 09:30:00-04:00,454.7900085449219,454.7900085449219,444.7900085449219,454.0,5209,0.0,0.0
2022-11-04 10:30:00-04:00,449.5,449.5,441.7200012207031,442.0799865722656,12151,0.0,0.0
2022-11-04 11:30:00-04:00,441.3800048828125,443.45001220703125,436.5050048828125,443.45001220703125,9657,0.0,0.0
2022-11-04 12:30:00-04:00,443.3900146484375,445.5299987792969,440.05999755859375,443.260009765625,5434,0.0,0.0
2022-11-04 13:30:00-04:00,442.82501220703125,442.82501220703125,438.760009765625,442.625,6934,0.0,0.0
2022-11-04 14:30:00-04:00,444.9800109863281,444.9800109863281,442.32000732421875,442.42999267578125,6704,0.0,0.0
2022-11-04 15:30:00-04:00,442.6300048828125,443.80999755859375,440.0400085449219,443.80999755859375,26151,0.0,0.0
2022-11-07 09:30:00-05:00,448.2699890136719,450.55999755859375,439.635009765625,440.0,24622,0.0,0.0
2022-11-07 10:30:00-05:00,440.7699890136719,443.0799865722656,438.25,440.0,31294,0.0,0.0
2022-11-07 11:30:00-05:00,440.7099914550781,446.0,438.1549987792969,443.51251220703125,63297,0.0,0.0
2022-11-07 12:30:00-05:00,443.8800048828125,444.29998779296875,440.0,441.7650146484375,17208,0.0,0.0
2022-11-07 13:30:00-05:00,440.3999938964844,444.5,440.0,444.1000061035156,11726,0.0,0.0
2022-11-07 14:30:00-05:00,444.49749755859375,445.5,440.989990234375,442.07000732421875,21079,0.0,0.0
2022-11-07 15:30:00-05:00,442.760009765625,442.7799987792969,440.0,441.6600036621094,26020,0.0,0.0
2022-11-08 09:30:00-05:00,440.69000244140625,442.6000061035156,438.55999755859375,441.2349853515625,21741,0.0,0.0
2022-11-08 10:30:00-05:00,441.1400146484375,451.5799865722656,439.9949951171875,450.5,30371,0.0,0.0
2022-11-08 11:30:00-05:00,450.04998779296875,451.4649963378906,448.67999267578125,450.6300048828125,15034,0.0,0.0
2022-11-08 12:30:00-05:00,449.65069580078125,451.5,447.0400085449219,448.69000244140625,12147,0.0,0.0
2022-11-08 13:30:00-05:00,446.17999267578125,450.739990234375,445.2099914550781,445.2099914550781,18557,0.0,0.0
2022-11-08 14:30:00-05:00,445.7300109863281,450.69000244140625,445.29998779296875,450.0249938964844,14274,0.0,0.0
2022-11-08 15:30:00-05:00,450.0249938964844,453.0350036621094,448.57000732421875,449.8599853515625,21494,0.0,0.0
2022-11-09 09:30:00-05:00,445.6499938964844,447.0,439.8500061035156,447.0,12154,0.0,0.0
2022-11-09 10:30:00-05:00,443.010009765625,446.5849914550781,443.0,446.0,19925,0.0,0.0
2022-11-09 11:30:00-05:00,445.8900146484375,453.20001220703125,445.5050048828125,453.20001220703125,20078,0.0,0.0
2022-11-09 12:30:00-05:00,452.8399963378906,454.3699951171875,448.8399963378906,451.4700012207031,16346,0.0,0.0
2022-11-09 13:30:00-05:00,451.4599914550781,451.4599914550781,445.8399963378906,448.54998779296875,9213,0.0,0.0
2022-11-09 14:30:00-05:00,447.5299987792969,447.6099853515625,444.8399963378906,445.7200012207031,14276,0.0,0.0
2022-11-09 15:30:00-05:00,445.6000061035156,447.17999267578125,444.3399963378906,446.29998779296875,25116,0.0,0.0
2022-11-10 09:30:00-05:00,465.8800048828125,480.80999755859375,464.0,480.80999755859375,20506,0.0,0.0
2022-11-10 10:30:00-05:00,477.010009765625,486.1499938964844,477.010009765625,482.92999267578125,34681,0.0,0.0
2022-11-10 11:30:00-05:00,483.7300109863281,488.17999267578125,483.1300048828125,484.0,17785,0.0,0.0
2022-11-10 12:30:00-05:00,481.5400085449219,481.989990234375,476.4599914550781,480.4849853515625,16624,0.0,0.0
2022-11-10 13:30:00-05:00,480.20001220703125,482.7699890136719,478.0,479.6199951171875,11741,0.0,0.0
2022-11-10 14:30:00-05:00,480.5050048828125,484.0,478.9200134277344,484.0,11652,0.0,0.0
2022-11-10 15:30:00-05:00,484.0,491.1199951171875,482.7699890136719,490.8599853515625,47560,0.0,0.0
2022-11-11 09:30:00-05:00,495.17999267578125,508.25,491.94000244140625,506.45001220703125,12949,0.0,0.0
2022-11-11 10:30:00-05:00,505.6499938964844,521.8699951171875,505.6499938964844,514.0,32740,0.0,0.0
2022-11-11 11:30:00-05:00,510.9200134277344,514.47998046875,507.9599914550781,512.989990234375,11740,0.0,0.0
2022-11-11 12:30:00-05:00,509.989990234375,519.9400024414062,507.260009765625,519.3400268554688,23210,0.0,0.0
2022-11-11 13:30:00-05:00,519.0599975585938,524.2899780273438,517.77001953125,524.2899780273438,18254,0.0,0.0
2022-11-11 14:30:00-05:00,522.8200073242188,532.25,522.1099853515625,528.8800048828125,40239,0.0,0.0
2022-11-11 15:30:00-05:00,530.5,531.6099853515625,520.6900024414062,522.0,40328,0.0,0.0
2022-11-14 09:30:00-05:00,515.0,516.010009765625,510.5,511.1000061035156,30475,0.0,0.0
2022-11-14 10:30:00-05:00,511.79998779296875,512.5999755859375,505.3999938964844,505.3999938964844,22727,0.0,0.0
2022-11-14 11:30:00-05:00,505.0,507.7799987792969,504.25,505.9599914550781,12715,0.0,0.0
2022-11-14 12:30:00-05:00,505.7950134277344,510.5,505.3900146484375,510.3500061035156,11355,0.0,0.0
2022-11-14 13:30:00-05:00,510.1675109863281,510.54998779296875,502.3999938964844,502.4599914550781,13938,0.0,0.0
2022-11-14 14:30:00-05:00,502.5,507.0199890136719,497.6099853515625,506.0,48349,0.0,0.0
2022-11-14 15:30:00-05:00,506.2200012207031,506.75,500.70001220703125,503.9100036621094,41850,0.0,0.0
2022-11-15 09:30:00-05:00,510.6000061035156,519.0,505.5199890136719,511.19000244140625,26405,0.0,0.0
2022-11-15 10:30:00-05:00,510.3599853515625,513.219970703125,506.6000061035156,506.875,34404,0.0,0.0
2022-11-15 11:30:00-05:00,506.2900085449219,508.8900146484375,499.452392578125,501.55999755859375,11049,0.0,0.0
2022-11-15 12:30:00-05:00,500.7799987792969,503.489990234375,492.3450012207031,493.989990234375,14762,0.0,0.0
2022-11-15 13:30:00-05:00,494.0,499.2699890136719,491.4800109863281,499.2699890136719,10913,0.0,0.0
2022-11-15 14:30:00-05:00,498.989990234375,498.989990234375,492.80999755859375,493.2699890136719,17557,0.0,0.0
2022-11-15 15:30:00-05:00,493.25,496.7200012207031,491.9599914550781,495.6000061035156,28275,0.0,0.0
2022-11-16 09:30:00-05:00,489.44000244140625,491.0,481.75,485.5199890136719,0,0.0,0.0
2022-11-16 10:30:00-05:00,484.0,485.625,476.4800109863281,482.0,7724,0.0,0.0
2022-11-16 11:30:00-05:00,481.6300048828125,484.1000061035156,480.9849853515625,481.0,5534,0.0,0.0
2022-11-16 12:30:00-05:00,482.4700012207031,485.0,481.3999938964844,483.6600036621094,5267,0.0,0.0
2022-11-16 13:30:00-05:00,483.05999755859375,485.0,478.29998779296875,478.7099914550781,23128,0.0,0.0
2022-11-16 14:30:00-05:00,478.94500732421875,487.0249938964844,478.94500732421875,483.93499755859375,15200,0.0,0.0
2022-11-16 15:30:00-05:00,483.9150085449219,484.1099853515625,480.8699951171875,482.2300109863281,18603,0.0,0.0
2022-11-17 09:30:00-05:00,462.8399963378906,468.04998779296875,461.8999938964844,467.2099914550781,16016,0.0,0.0
2022-11-17 10:30:00-05:00,467.2506103515625,467.2506103515625,463.8999938964844,464.8900146484375,10343,0.0,0.0
2022-11-17 11:30:00-05:00,464.8900146484375,475.55999755859375,464.8900146484375,475.30999755859375,6729,0.0,0.0
2022-11-17 12:30:00-05:00,475.1012878417969,478.6600036621094,471.70001220703125,477.6000061035156,6256,0.0,0.0
2022-11-17 13:30:00-05:00,477.0,478.0,473.7200012207031,474.0,4588,0.0,0.0
2022-11-17 14:30:00-05:00,476.2200012207031,476.2200012207031,473.1499938964844,474.0799865722656,6093,0.0,0.0
2022-11-17 15:30:00-05:00,474.1000061035156,477.3800048828125,473.32000732421875,477.05999755859375,15571,0.0,0.0
2022-11-18 09:30:00-05:00,484.6300048828125,487.739990234375,475.54998779296875,477.4849853515625,0,0.0,0.0
2022-11-18 10:30:00-05:00,476.1000061035156,476.25,470.3999938964844,473.54998779296875,5847,0.0,0.0
2022-11-18 11:30:00-05:00,473.1000061035156,475.6300048828125,467.5400085449219,468.80999755859375,7931,0.0,0.0
2022-11-18 12:30:00-05:00,469.9200134277344,473.0299987792969,468.80999755859375,469.4200134277344,13081,0.0,0.0
2022-11-18 13:30:00-05:00,472.6400146484375,474.80999755859375,469.489990234375,472.760009765625,9705,0.0,0.0
2022-11-18 14:30:00-05:00,473.4599914550781,473.8599853515625,470.3500061035156,470.3500061035156,7604,0.0,0.0
2022-11-18 15:30:00-05:00,471.54998779296875,475.07000732421875,470.4599914550781,473.75,18425,0.0,0.0
2022-11-21 09:30:00-05:00,467.32000732421875,472.6000061035156,463.5199890136719,468.5,14001,0.0,0.0
2022-11-21 10:30:00-05:00,471.70001220703125,476.2300109863281,470.5299987792969,475.7699890136719,6606,0.0,0.0
2022-11-21 11:30:00-05:00,475.625,477.0400085449219,473.20001220703125,476.20001220703125,11368,0.0,0.0
2022-11-21 12:30:00-05:00,477.2900085449219,478.8699951171875,476.0400085449219,478.0899963378906,21377,0.0,0.0
2022-11-21 13:30:00-05:00,478.2950134277344,478.9200134277344,469.9849853515625,469.9849853515625,7766,0.0,0.0
2022-11-21 14:30:00-05:00,470.0400085449219,473.9549865722656,470.0400085449219,473.2699890136719,8091,0.0,0.0
2022-11-21 15:30:00-05:00,474.54998779296875,475.0199890136719,473.3399963378906,473.5199890136719,8095,0.0,0.0
2022-11-22 09:30:00-05:00,475.69000244140625,481.9649963378906,471.760009765625,481.6199951171875,10916,0.0,0.0
2022-11-22 10:30:00-05:00,480.3599853515625,483.135009765625,478.5,480.20001220703125,7157,0.0,0.0
2022-11-22 11:30:00-05:00,479.6199951171875,480.6400146484375,477.29998779296875,477.29998779296875,18044,0.0,0.0
2022-11-22 12:30:00-05:00,477.5299987792969,480.6199951171875,477.010009765625,477.0199890136719,7799,0.0,0.0
2022-11-22 13:30:00-05:00,476.32000732421875,478.2900085449219,475.79998779296875,475.79998779296875,4166,0.0,0.0
2022-11-22 14:30:00-05:00,475.79998779296875,477.7099914550781,474.0299987792969,477.7099914550781,6738,0.0,0.0
2022-11-22 15:30:00-05:00,477.0299987792969,477.0299987792969,474.8500061035156,474.8500061035156,10147,0.0,0.0
2022-11-23 09:30:00-05:00,474.5199890136719,480.07000732421875,464.95001220703125,477.7200012207031,0,0.0,0.0
2022-11-23 10:30:00-05:00,482.8500061035156,484.2325134277344,480.31500244140625,481.2099914550781,3696,0.0,0.0
2022-11-23 11:30:00-05:00,480.2099914550781,481.3299865722656,475.0400085449219,476.3299865722656,12812,0.0,0.0
2022-11-23 12:30:00-05:00,478.9100036621094,479.3299865722656,473.05499267578125,475.8599853515625,3463,0.0,0.0
2022-11-23 13:30:00-05:00,476.0799865722656,481.25,476.0799865722656,481.25,2179,0.0,0.0
2022-11-23 14:30:00-05:00,481.92999267578125,482.6700134277344,480.8900146484375,482.6700134277344,1736,0.0,0.0
2022-11-23 15:30:00-05:00,481.18499755859375,481.989990234375,480.6099853515625,480.7799987792969,5235,0.0,0.0
2022-11-25 09:30:00-05:00,475.92999267578125,482.989990234375,475.92999267578125,482.989990234375,5904,0.0,0.0
2022-11-25 10:30:00-05:00,480.9100036621094,483.0,480.6499938964844,482.06500244140625,15327,0.0,0.0
2022-11-25 11:30:00-05:00,481.6600036621094,483.55999755859375,479.29998779296875,480.4100036621094,16362,0.0,0.0
2022-11-28 09:30:00-05:00,475.2099914550781,478.6099853515625,471.2099914550781,475.6499938964844,12704,0.0,0.0
2022-11-28 10:30:00-05:00,477.0,477.9549865722656,470.114990234375,470.114990234375,3538,0.0,0.0
2022-11-28 11:30:00-05:00,472.5199890136719,472.7300109863281,468.25,472.010009765625,11882,0.0,0.0
2022-11-28 12:30:00-05:00,472.0400085449219,472.30999755859375,467.760009765625,469.6099853515625,11250,0.0,0.0
2022-11-28 13:30:00-05:00,468.2550048828125,468.2550048828125,465.0,466.2099914550781,2147,0.0,0.0
2022-11-28 14:30:00-05:00,464.489990234375,466.2900085449219,464.489990234375,464.5050048828125,6840,0.0,0.0
2022-11-28 15:30:00-05:00,464.8550109863281,466.9700012207031,464.8550109863281,466.9700012207031,7234,0.0,0.0
2022-11-29 09:30:00-05:00,464.70001220703125,473.92999267578125,463.75,470.32000732421875,0,0.0,0.0
2022-11-29 10:30:00-05:00,472.04998779296875,475.3999938964844,471.17498779296875,471.17498779296875,6889,0.0,0.0
2022-11-29 11:30:00-05:00,471.6099853515625,473.6000061035156,471.17999267578125,471.4861145019531,4854,0.0,0.0
2022-11-29 12:30:00-05:00,471.2349853515625,472.4800109863281,470.0,470.3399963378906,4404,0.0,0.0
2022-11-29 13:30:00-05:00,469.3299865722656,473.6600036621094,468.82501220703125,472.6000061035156,3894,0.0,0.0
2022-11-29 14:30:00-05:00,469.04998779296875,470.989990234375,466.9599914550781,468.3800048828125,17664,0.0,0.0
2022-11-29 15:30:00-05:00,468.3500061035156,472.1099853515625,467.510009765625,471.25,11705,0.0,0.0
2022-11-30 09:30:00-05:00,471.0899963378906,471.0899963378906,460.0199890136719,463.5799865722656,0,0.0,0.0
2022-11-30 10:30:00-05:00,463.6099853515625,466.5299987792969,463.6099853515625,466.5299987792969,3804,0.0,0.0
2022-11-30 11:30:00-05:00,466.5,466.5,461.6000061035156,462.8900146484375,9149,0.0,0.0
2022-11-30 12:30:00-05:00,461.6000061035156,462.75,460.6300048828125,460.6300048828125,2761,0.0,0.0
2022-11-30 13:30:00-05:00,460.0199890136719,476.5,459.7300109863281,476.29998779296875,10475,0.0,0.0
2022-11-30 14:30:00-05:00,476.1000061035156,476.1000061035156,473.30999755859375,474.3900146484375,6083,0.0,0.0
2022-11-30 15:30:00-05:00,474.3900146484375,476.3900146484375,473.3800048828125,474.3699951171875,15908,0.0,0.0
2022-12-01 09:30:00-05:00,470.8399963378906,473.57000732421875,465.19000244140625,466.3550109863281,8671,0.0,0.0
2022-12-01 10:30:00-05:00,463.98388671875,476.7149963378906,463.98388671875,473.1300048828125,12555,0.0,0.0
2022-12-01 11:30:00-05:00,471.67999267578125,477.2650146484375,468.3599853515625,473.1076965332031,14606,0.0,0.0
2022-12-01 12:30:00-05:00,473.32000732421875,473.32000732421875,469.010009765625,469.92999267578125,5136,0.0,0.0
2022-12-01 13:30:00-05:00,469.3699951171875,471.0799865722656,467.2699890136719,469.6199951171875,6367,0.0,0.0
2022-12-01 14:30:00-05:00,470.2200012207031,471.3299865722656,470.2200012207031,471.32000732421875,2979,0.0,0.0
2022-12-01 15:30:00-05:00,471.6199951171875,475.5400085449219,468.2699890136719,473.760009765625,24306,0.0,0.0
2022-12-02 09:30:00-05:00,470.1499938964844,479.20001220703125,470.1499938964844,475.9200134277344,0,0.0,0.0
2022-12-02 10:30:00-05:00,475.45001220703125,478.2900085449219,474.6000061035156,478.2900085449219,7130,0.0,0.0
2022-12-02 11:30:00-05:00,479.0899963378906,481.9800109863281,476.20001220703125,477.19000244140625,6582,0.0,0.0
2022-12-02 12:30:00-05:00,475.9200134277344,475.9200134277344,471.8999938964844,472.54998779296875,11973,0.0,0.0
2022-12-02 13:30:00-05:00,470.70001220703125,470.95001220703125,469.3699951171875,469.9849853515625,2280,0.0,0.0
2022-12-02 14:30:00-05:00,470.385009765625,474.7850036621094,469.92999267578125,473.57000732421875,8750,0.0,0.0
2022-12-02 15:30:00-05:00,472.7699890136719,475.80999755859375,471.3900146484375,474.8299865722656,6788,0.0,0.0
2022-12-05 09:30:00-05:00,468.9599914550781,468.9599914550781,463.70001220703125,466.489990234375,10981,0.0,0.0
2022-12-05 10:30:00-05:00,466.3699951171875,467.5400085449219,463.4800109863281,466.4200134277344,13823,0.0,0.0
2022-12-05 11:30:00-05:00,466.79998779296875,466.79998779296875,459.8565979003906,462.3999938964844,3948,0.0,0.0
2022-12-05 12:30:00-05:00,461.80999755859375,463.04998779296875,458.4800109863281,459.04998779296875,7025,0.0,0.0
2022-12-05 13:30:00-05:00,458.20001220703125,459.2699890136719,458.010009765625,458.010009765625,2334,0.0,0.0
2022-12-05 14:30:00-05:00,457.3800048828125,460.3699951171875,457.3800048828125,457.8949890136719,3662,0.0,0.0
2022-12-05 15:30:00-05:00,459.760009765625,462.6369934082031,459.760009765625,460.82000732421875,11589,0.0,0.0
2022-12-06 09:30:00-05:00,460.0,460.0,450.7900085449219,458.0199890136719,0,0.0,0.0
2022-12-06 10:30:00-05:00,456.2200012207031,458.8500061035156,455.4599914550781,456.6099853515625,3951,0.0,0.0
2022-12-06 11:30:00-05:00,456.6600036621094,457.8900146484375,451.45001220703125,455.1700134277344,20476,0.0,0.0
2022-12-06 12:30:00-05:00,454.489990234375,454.510009765625,449.9849853515625,449.9849853515625,5456,0.0,0.0
2022-12-06 13:30:00-05:00,449.9949951171875,451.6300048828125,447.1199951171875,447.9353942871094,8575,0.0,0.0
2022-12-06 14:30:00-05:00,448.04998779296875,454.8800048828125,445.9150085449219,454.3800048828125,13052,0.0,0.0
2022-12-06 15:30:00-05:00,455.1000061035156,457.7300109863281,454.635009765625,457.7300109863281,15554,0.0,0.0
2022-12-07 09:30:00-05:00,459.8800048828125,459.8800048828125,441.239990234375,442.9700012207031,0,0.0,0.0
2022-12-07 10:30:00-05:00,442.4100036621094,451.1400146484375,442.2401123046875,446.2900085449219,27567,0.0,0.0
2022-12-07 11:30:00-05:00,446.3349914550781,447.0,444.2149963378906,446.4100036621094,16391,0.0,0.0
2022-12-07 12:30:00-05:00,446.04998779296875,446.04998779296875,440.70001220703125,442.3599853515625,15996,0.0,0.0
2022-12-07 13:30:00-05:00,442.239990234375,444.739990234375,440.0,441.1000061035156,10848,0.0,0.0
2022-12-07 14:30:00-05:00,441.0799865722656,441.0799865722656,439.0,440.7699890136719,17042,0.0,0.0
2022-12-07 15:30:00-05:00,441.5150146484375,441.8500061035156,439.20001220703125,440.67999267578125,43808,0.0,0.0
2022-12-08 09:30:00-05:00,444.0,450.9750061035156,440.31298828125,448.3699951171875,6193,0.0,0.0
2022-12-08 10:30:00-05:00,448.1700134277344,448.95001220703125,445.7099914550781,446.4100036621094,11556,0.0,0.0
2022-12-08 11:30:00-05:00,446.0199890136719,450.70001220703125,446.0199890136719,447.8424987792969,14877,0.0,0.0
2022-12-08 12:30:00-05:00,446.3450012207031,449.6300048828125,445.75,449.6300048828125,4690,0.0,0.0
2022-12-08 13:30:00-05:00,450.5799865722656,450.67999267578125,449.3399963378906,450.67999267578125,5745,0.0,0.0
2022-12-08 14:30:00-05:00,452.8699035644531,454.989990234375,451.67999267578125,454.989990234375,6775,0.0,0.0
2022-12-08 15:30:00-05:00,452.6600036621094,455.79998779296875,451.9200134277344,455.3399963378906,14493,0.0,0.0
2022-12-09 09:30:00-05:00,454.3500061035156,463.7099914550781,454.3500061035156,463.7099914550781,6583,0.0,0.0
2022-12-09 10:30:00-05:00,463.6499938964844,465.1199951171875,461.0,461.1321105957031,14901,0.0,0.0
2022-12-09 11:30:00-05:00,462.2699890136719,469.2300109863281,462.1050109863281,469.2300109863281,8885,0.0,0.0
2022-12-09 12:30:00-05:00,469.260009765625,471.19000244140625,465.8599853515625,466.0299987792969,10947,0.0,0.0
2022-12-09 13:30:00-05:00,466.79998779296875,468.1000061035156,465.0299987792969,465.9150085449219,6172,0.0,0.0
2022-12-09 14:30:00-05:00,465.92999267578125,470.0799865722656,465.92999267578125,467.7149963378906,5573,0.0,0.0
2022-12-09 15:30:00-05:00,467.4200134277344,467.510009765625,462.760009765625,463.7099914550781,14408,0.0,0.0
2022-12-12 09:30:00-05:00,463.79998779296875,467.95001220703125,462.0,467.95001220703125,12091,0.0,0.0
2022-12-12 10:30:00-05:00,469.3900146484375,471.1400146484375,467.1400146484375,470.1400146484375,7072,0.0,0.0
2022-12-12 11:30:00-05:00,468.7200012207031,468.7200012207031,468.7200012207031,468.7200012207031,481,0.0,0.0
2022-12-12 12:30:00-05:00,468.489990234375,468.489990234375,463.1400146484375,464.8900146484375,6529,0.0,0.0
2022-12-12 13:30:00-05:00,464.1300048828125,464.1300048828125,462.32000732421875,462.68499755859375,3329,0.0,0.0
2022-12-12 14:30:00-05:00,462.7799987792969,467.7099914550781,462.010009765625,466.57000732421875,17964,0.0,0.0
2022-12-12 15:30:00-05:00,466.8699951171875,468.0,463.3599853515625,464.0,13052,0.0,0.0
2022-12-13 09:30:00-05:00,482.82000732421875,488.489013671875,470.8999938964844,470.9599914550781,18578,0.0,0.0
2022-12-13 10:30:00-05:00,471.1449890136719,477.29998779296875,467.5249938964844,467.8399963378906,11630,0.0,0.0
2022-12-13 11:30:00-05:00,469.70001220703125,471.3999938964844,458.2950134277344,458.5,13381,0.0,0.0
2022-12-13 12:30:00-05:00,457.30999755859375,461.55999755859375,452.57000732421875,460.67999267578125,23561,0.0,0.0
2022-12-13 13:30:00-05:00,460.69000244140625,463.05499267578125,457.360107421875,461.8399963378906,6695,0.0,0.0
2022-12-13 14:30:00-05:00,463.6499938964844,467.0199890136719,461.57000732421875,463.70001220703125,8312,0.0,0.0
2022-12-13 15:30:00-05:00,464.07000732421875,464.6000061035156,458.67999267578125,459.75,19489,0.0,0.0
2022-12-14 09:30:00-05:00,456.510009765625,460.4800109863281,455.2699890136719,457.760009765625,0,0.0,0.0
2022-12-14 10:30:00-05:00,457.70001220703125,460.3599853515625,456.510009765625,458.6300048828125,4357,0.0,0.0
2022-12-14 11:30:00-05:00,457.7449951171875,459.67498779296875,457.7449951171875,458.8599853515625,3239,0.0,0.0
2022-12-14 12:30:00-05:00,457.29998779296875,460.2300109863281,457.29998779296875,460.2300109863281,2391,0.0,0.0
2022-12-14 13:30:00-05:00,459.4800109863281,460.44000244140625,450.55999755859375,454.14990234375,2510,0.0,0.0
2022-12-14 14:30:00-05:00,448.80999755859375,457.6700134277344,445.82000732421875,452.3299865722656,11876,0.0,0.0
2022-12-14 15:30:00-05:00,450.7900085449219,456.1000061035156,449.0150146484375,453.385009765625,10661,0.0,0.0
2022-12-15 09:30:00-05:00,445.57000732421875,449.5249938964844,442.2900085449219,446.07000732421875,0,0.0,0.0
2022-12-15 10:30:00-05:00,445.6499938964844,451.0400085449219,444.80999755859375,447.70001220703125,22786,0.0,0.0
2022-12-15 11:30:00-05:00,448.40521240234375,448.40521240234375,446.2250061035156,446.2250061035156,4093,0.0,0.0
2022-12-15 12:30:00-05:00,448.989990234375,449.0400085449219,444.4750061035156,445.739990234375,6717,0.0,0.0
2022-12-15 13:30:00-05:00,446.2300109863281,449.79998779296875,446.2300109863281,447.4649963378906,15399,0.0,0.0
2022-12-15 14:30:00-05:00,447.17999267578125,455.2950134277344,447.0400085449219,455.2950134277344,15746,0.0,0.0
2022-12-15 15:30:00-05:00,454.239990234375,455.95001220703125,452.04998779296875,452.9800109863281,19802,0.0,0.0
2022-12-16 09:30:00-05:00,445.45001220703125,452.6400146484375,445.45001220703125,449.9200134277344,0,0.0,0.0
2022-12-16 10:30:00-05:00,449.3500061035156,450.0400085449219,447.9800109863281,449.9800109863281,17671,0.0,0.0
2022-12-16 11:30:00-05:00,450.1300048828125,450.1300048828125,443.1000061035156,444.0400085449219,16740,0.0,0.0
2022-12-16 12:30:00-05:00,444.6000061035156,445.3999938964844,443.5,445.260009765625,14665,0.0,0.0
2022-12-16 13:30:00-05:00,444.6400146484375,449.19000244140625,444.5199890136719,446.7149963378906,9017,0.0,0.0
2022-12-16 14:30:00-05:00,445.8800048828125,445.8800048828125,440.0,442.5400085449219,29470,0.0,0.0
2022-12-16 15:30:00-05:00,442.364990234375,443.32000732421875,440.8900146484375,442.8699951171875,19885,0.0,0.0
2022-12-19 09:30:00-05:00,443.0,444.8399963378906,439.44000244140625,443.05999755859375,15119,0.0,0.0
2022-12-19 10:30:00-05:00,443.70001220703125,444.67999267578125,441.54998779296875,442.44000244140625,7266,0.0,0.0
2022-12-19 11:30:00-05:00,442.4200134277344,443.94000244140625,440.69500732421875,442.54998779296875,22553,0.0,0.0
2022-12-19 12:30:00-05:00,443.260009765625,445.30999755859375,443.0,445.25,14551,0.0,0.0
2022-12-19 13:30:00-05:00,444.5799865722656,445.5899963378906,440.8450012207031,440.8450012207031,13850,0.0,0.0
2022-12-19 14:30:00-05:00,440.7970886230469,442.97760009765625,440.1000061035156,442.375,8178,0.0,0.0
2022-12-19 15:30:00-05:00,442.3699951171875,442.7207946777344,439.67999267578125,440.0,36792,0.0,0.0
2022-12-20 09:30:00-05:00,440.9200134277344,452.3500061035156,436.5400085449219,447.9200134277344,30367,0.0,0.0
2022-12-20 10:30:00-05:00,447.44500732421875,448.82000732421875,442.8399963378906,443.0899963378906,19117,0.0,0.0
2022-12-20 11:30:00-05:00,443.7699890136719,446.6700134277344,443.3399963378906,444.82000732421875,18366,0.0,0.0
2022-12-20 12:30:00-05:00,444.7699890136719,446.05999755859375,444.3500061035156,445.114990234375,5468,0.0,0.0
2022-12-20 13:30:00-05:00,445.1000061035156,445.6400146484375,442.9100036621094,443.3699951171875,6439,0.0,0.0
2022-12-20 14:30:00-05:00,443.3550109863281,443.6300048828125,440.6026916503906,441.94500732421875,19517,0.0,0.0
2022-12-20 15:30:00-05:00,442.010009765625,442.010009765625,440.0,440.1099853515625,12457,0.0,0.0
2022-12-21 09:30:00-05:00,444.6199951171875,454.1700134277344,444.6199951171875,452.56500244140625,17376,0.0,0.0
2022-12-21 10:30:00-05:00,452.3599853515625,455.70001220703125,451.3599853515625,454.7099914550781,31776,0.0,0.0
2022-12-21 11:30:00-05:00,454.7099914550781,461.4100036621094,453.8999938964844,460.1499938964844,18784,0.0,0.0
2022-12-21 12:30:00-05:00,459.4100036621094,462.42999267578125,458.17999267578125,461.9100036621094,8088,0.0,0.0
2022-12-21 13:30:00-05:00,461.760009765625,464.3999938964844,461.6600036621094,462.70001220703125,10155,0.0,0.0
2022-12-21 14:30:00-05:00,462.1600036621094,463.6000061035156,460.0,460.5,19712,0.0,0.0
2022-12-21 15:30:00-05:00,461.6199951171875,464.260009765625,460.3599853515625,464.260009765625,22939,0.0,0.0
2022-12-22 09:30:00-05:00,449.5400085449219,449.989990234375,440.9800109863281,442.1600036621094,33615,0.0,0.0
2022-12-22 10:30:00-05:00,443.0,446.29998779296875,442.19000244140625,446.0,22993,0.0,0.0
2022-12-22 11:30:00-05:00,446.0,446.3999938964844,442.55999755859375,442.55999755859375,10959,0.0,0.0
2022-12-22 12:30:00-05:00,442.3699951171875,442.7699890136719,439.677490234375,440.0,24344,0.0,0.0
2022-12-22 13:30:00-05:00,440.0,442.0799865722656,439.7950134277344,442.0799865722656,10084,0.0,0.0
2022-12-22 14:30:00-05:00,442.0799865722656,445.0,440.82501220703125,444.3500061035156,14960,0.0,0.0
2022-12-22 15:30:00-05:00,444.54998779296875,444.54998779296875,442.1499938964844,442.94500732421875,21687,0.0,0.0
2022-12-23 09:30:00-05:00,440.04998779296875,450.8299865722656,440.04998779296875,450.8299865722656,0,0.0,0.0
2022-12-23 10:30:00-05:00,454.0,454.29998779296875,449.25,452.2200012207031,9015,0.0,0.0
2022-12-23 11:30:00-05:00,451.5899963378906,456.17999267578125,451.5899963378906,456.17999267578125,11267,0.0,0.0
2022-12-23 12:30:00-05:00,457.6499938964844,457.9700012207031,455.27410888671875,456.6050109863281,13959,0.0,0.0
2022-12-23 13:30:00-05:00,457.1050109863281,460.8500061035156,456.1400146484375,460.8500061035156,12178,0.0,0.0
2022-12-23 14:30:00-05:00,460.9100036621094,467.3349914550781,459.8999938964844,463.3363037109375,13691,0.0,0.0
2022-12-23 15:30:00-05:00,463.30499267578125,466.510009765625,462.29998779296875,465.30499267578125,15494,0.0,0.0
2022-12-27 09:30:00-05:00,468.07000732421875,468.07000732421875,460.856201171875,465.1600036621094,0,0.0,0.0
2022-12-27 10:30:00-05:00,465.0,470.239990234375,464.17999267578125,468.95001220703125,11841,0.0,0.0
2022-12-27 11:30:00-05:00,469.1000061035156,471.7099914550781,468.68499755859375,470.7250061035156,11191,0.0,0.0
2022-12-27 12:30:00-05:00,470.7300109863281,470.8599853515625,467.67999267578125,468.8299865722656,10528,0.0,0.0
2022-12-27 13:30:00-05:00,468.7799987792969,470.4574890136719,466.4800109863281,469.4100036621094,13189,0.0,0.0
2022-12-27 14:30:00-05:00,468.55999755859375,470.05999755859375,467.6600036621094,469.95001220703125,9104,0.0,0.0
2022-12-27 15:30:00-05:00,469.95001220703125,469.95001220703125,463.1000061035156,464.6300048828125,18472,0.0,0.0
2022-12-28 09:30:00-05:00,462.6000061035156,467.3500061035156,462.6000061035156,462.9100036621094,14124,0.0,0.0
2022-12-28 10:30:00-05:00,462.3999938964844,463.1700134277344,457.8999938964844,462.70001220703125,7118,0.0,0.0
2022-12-28 11:30:00-05:00,461.1050109863281,462.135009765625,460.70001220703125,460.70001220703125,5786,0.0,0.0
2022-12-28 12:30:00-05:00,461.44000244140625,466.0849914550781,461.44000244140625,465.2250061035156,17563,0.0,0.0
2022-12-28 13:30:00-05:00,466.0,466.9800109863281,464.8999938964844,465.6099853515625,9754,0.0,0.0
2022-12-28 14:30:00-05:00,465.2300109863281,465.8352966308594,463.9100036621094,465.1700134277344,12008,0.0,0.0
2022-12-28 15:30:00-05:00,465.3800048828125,467.5849914550781,463.1499938964844,463.1499938964844,34613,0.0,0.0
2022-12-29 09:30:00-05:00,470.1400146484375,472.94000244140625,466.69000244140625,466.79998779296875,0,0.0,0.0
2022-12-29 10:30:00-05:00,465.7200012207031,468.6000061035156,464.9599914550781,468.6000061035156,5075,0.0,0.0
2022-12-29 11:30:00-05:00,469.0799865722656,473.0799865722656,469.0799865722656,472.4100036621094,5980,0.0,0.0
2022-12-29 12:30:00-05:00,472.3599853515625,473.2049865722656,471.4599914550781,473.1300048828125,3676,0.0,0.0
2022-12-29 13:30:00-05:00,473.1300048828125,474.0400085449219,472.4750061035156,474.0400085449219,4032,0.0,0.0
2022-12-29 14:30:00-05:00,474.0400085449219,474.0400085449219,472.2701110839844,473.5299987792969,8298,0.0,0.0
2022-12-29 15:30:00-05:00,473.4599914550781,476.19000244140625,473.4599914550781,476.0299987792969,9946,0.0,0.0
2022-12-30 09:30:00-05:00,469.42999267578125,470.9800109863281,465.5400085449219,470.9599914550781,0,0.0,0.0
2022-12-30 10:30:00-05:00,470.9599914550781,472.3399963378906,469.92999267578125,471.25,4505,0.0,0.0
2022-12-30 11:30:00-05:00,470.489990234375,476.3599853515625,470.489990234375,474.0299987792969,21692,0.0,0.0
2022-12-30 12:30:00-05:00,473.8800048828125,474.0299987792969,472.239990234375,472.239990234375,4694,0.0,0.0
2022-12-30 13:30:00-05:00,473.25,473.6000061035156,471.69000244140625,472.32501220703125,6933,0.0,0.0
2022-12-30 14:30:00-05:00,472.95001220703125,473.2550048828125,471.260009765625,472.8599853515625,5412,0.0,0.0
2022-12-30 15:30:00-05:00,472.3800048828125,475.5849914550781,472.3800048828125,473.44000244140625,14813,0.0,0.0
2023-01-03 09:30:00-05:00,477.2799987792969,487.4299011230469,470.32000732421875,472.0,20875,0.0,0.0
2023-01-03 10:30:00-05:00,469.95001220703125,475.0,469.0400085449219,469.364990234375,10132,0.0,0.0
2023-01-03 11:30:00-05:00,468.8699951171875,468.8699951171875,462.57000732421875,463.2699890136719,7973,0.0,0.0
2023-01-03 12:30:00-05:00,466.010009765625,466.6000061035156,460.92999267578125,464.3900146484375,6998,0.0,0.0
2023-01-03 13:30:00-05:00,465.3399963378906,466.5899963378906,460.9800109863281,461.54998779296875,11930,0.0,0.0
2023-01-03 14:30:00-05:00,460.0,463.5400085449219,458.1499938964844,459.94000244140625,15769,0.0,0.0
2023-01-03 15:30:00-05:00,459.6000061035156,460.9599914550781,456.4800109863281,456.4800109863281,22480,0.0,0.0
2023-01-04 09:30:00-05:00,456.17999267578125,464.5899963378906,454.80999755859375,459.8999938964844,10713,0.0,0.0
2023-01-04 10:30:00-05:00,460.29998779296875,465.1099853515625,458.3599853515625,465.1000061035156,19199,0.0,0.0
2023-01-04 11:30:00-05:00,465.44500732421875,467.57000732421875,423.489990234375,423.489990234375,78747,0.0,0.0
2023-01-04 12:30:00-05:00,425.0450134277344,427.4200134277344,391.2200927734375,401.4150085449219,121097,0.0,0.0
2023-01-04 13:30:00-05:00,404.8450012207031,411.8599853515625,398.7300109863281,398.7300109863281,78315,0.0,0.0
2023-01-04 14:30:00-05:00,399.6700134277344,413.55999755859375,399.09588623046875,407.0799865722656,84957,0.0,0.0
2023-01-04 15:30:00-05:00,406.8949890136719,406.8949890136719,395.4601135253906,403.5199890136719,83661,0.0,0.0
2023-01-05 09:30:00-05:00,398.1099853515625,398.1099853515625,358.0,375.93499755859375,122441,0.0,0.0
2023-01-05 10:30:00-05:00,375.44000244140625,375.44000244140625,361.6600036621094,364.1400146484375,59397,0.0,0.0
2023-01-05 11:30:00-05:00,365.1400146484375,368.92999267578125,361.0,365.5199890136719,41610,0.0,0.0
2023-01-05 12:30:00-05:00,365.6852111816406,371.7179870605469,365.6852111816406,368.44500732421875,24913,0.0,0.0
2023-01-05 13:30:00-05:00,368.55999755859375,371.239990234375,366.7099914550781,369.8450012207031,24007,0.0,0.0
2023-01-05 14:30:00-05:00,369.8299865722656,373.69000244140625,368.03009033203125,373.69000244140625,46756,0.0,0.0
2023-01-05 15:30:00-05:00,373.2799987792969,378.55999755859375,369.010498046875,377.8949890136719,72926,0.0,0.0
2023-01-06 09:30:00-05:00,384.3599853515625,391.7099914550781,379.4901123046875,390.80999755859375,33219,0.0,0.0
2023-01-06 10:30:00-05:00,390.80999755859375,397.1099853515625,390.80999755859375,395.55999755859375,16596,0.0,0.0
2023-01-06 11:30:00-05:00,394.8349914550781,396.3699951171875,389.2650146484375,391.4100036621094,9872,0.0,0.0
2023-01-06 12:30:00-05:00,389.3699951171875,395.5249938964844,388.6300048828125,394.95001220703125,22903,0.0,0.0
2023-01-06 13:30:00-05:00,394.19049072265625,395.9649963378906,391.739990234375,395.760009765625,15809,0.0,0.0
2023-01-06 14:30:00-05:00,396.1549987792969,400.9849853515625,395.3949890136719,399.8900146484375,25281,0.0,0.0
2023-01-06 15:30:00-05:00,399.92999267578125,402.239990234375,399.80999755859375,402.239990234375,34885,0.0,0.0
2023-01-09 09:30:00-05:00,402.80999755859375,406.8924865722656,395.010009765625,401.364990234375,17816,0.0,0.0
2023-01-09 10:30:00-05:00,400.0,403.54998779296875,400.0,403.29998779296875,21832,0.0,0.0
2023-01-09 11:30:00-05:00,402.7900085449219,407.5400085449219,402.3599853515625,404.7349853515625,21799,0.0,0.0
2023-01-09 12:30:00-05:00,404.7200012207031,405.0799865722656,400.125,404.0400085449219,18116,0.0,0.0
2023-01-09 13:30:00-05:00,404.0425109863281,404.0425109863281,397.4750061035156,402.364990234375,28643,0.0,0.0
2023-01-09 14:30:00-05:00,401.2099914550781,403.70001220703125,400.1300048828125,402.510009765625,26263,0.0,0.0
2023-01-09 15:30:00-05:00,403.0,403.0,394.9100036621094,395.3999938964844,39387,0.0,0.0
2023-01-10 09:30:00-05:00,391.5,394.3299865722656,385.8500061035156,391.7699890136719,11668,0.0,0.0
2023-01-10 10:30:00-05:00,390.20001220703125,393.260009765625,386.0,390.1499938964844,11348,0.0,0.0
2023-01-10 11:30:00-05:00,388.9100036621094,390.05499267578125,385.57000732421875,387.56500244140625,25894,0.0,0.0
2023-01-10 12:30:00-05:00,388.4200134277344,392.6600036621094,388.4200134277344,392.6600036621094,4674,0.0,0.0
2023-01-10 13:30:00-05:00,393.7250061035156,396.85101318359375,392.70001220703125,395.0400085449219,7370,0.0,0.0
2023-01-10 14:30:00-05:00,395.2200012207031,396.8800048828125,395.0,395.7300109863281,10704,0.0,0.0
2023-01-10 15:30:00-05:00,395.0,398.1300048828125,394.57000732421875,397.1499938964844,18427,0.0,0.0
2023-01-11 09:30:00-05:00,397.6000061035156,410.2900085449219,397.6000061035156,408.3699951171875,0,0.0,0.0
2023-01-11 10:30:00-05:00,408.7749938964844,408.7749938964844,399.010009765625,404.1650085449219,29237,0.0,0.0
2023-01-11 11:30:00-05:00,405.7300109863281,407.8500061035156,402.239990234375,403.8299865722656,24767,0.0,0.0
2023-01-11 12:30:00-05:00,403.989990234375,408.7998962402344,402.8450012207031,404.6099853515625,15406,0.0,0.0
2023-01-11 13:30:00-05:00,403.864990234375,405.1300048828125,400.8699951171875,400.8699951171875,14943,0.0,0.0
2023-01-11 14:30:00-05:00,401.2099914550781,401.2099914550781,396.5,396.5,13277,0.0,0.0
2023-01-11 15:30:00-05:00,397.4049987792969,397.8999938964844,393.0400085449219,397.4599914550781,28183,0.0,0.0
2023-01-12 09:30:00-05:00,399.9800109863281,404.0,390.6000061035156,401.510009765625,0,0.0,0.0
2023-01-12 10:30:00-05:00,403.20001220703125,413.69000244140625,403.20001220703125,409.57501220703125,34390,0.0,0.0
2023-01-12 11:30:00-05:00,412.239990234375,416.80999755859375,410.2099914550781,416.80999755859375,15008,0.0,0.0
2023-01-12 12:30:00-05:00,416.6000061035156,418.1700134277344,412.9150085449219,412.9150085449219,10808,0.0,0.0
2023-01-12 13:30:00-05:00,411.739990234375,417.4778137207031,411.739990234375,414.6600036621094,7600,0.0,0.0
2023-01-12 14:30:00-05:00,415.0400085449219,417.4049987792969,415.0400085449219,416.19000244140625,9363,0.0,0.0
2023-01-12 15:30:00-05:00,415.8399963378906,418.69000244140625,413.9599914550781,418.0,31941,0.0,0.0
2023-01-13 09:30:00-05:00,407.1099853515625,409.4100036621094,402.2300109863281,408.17999267578125,24449,0.0,0.0
2023-01-13 10:30:00-05:00,408.17999267578125,409.5400085449219,405.29998779296875,406.1400146484375,38014,0.0,0.0
2023-01-13 11:30:00-05:00,406.2200012207031,412.05999755859375,405.2200012207031,410.06500244140625,26122,0.0,0.0
2023-01-13 12:30:00-05:00,409.625,411.36749267578125,409.5299987792969,411.0,6892,0.0,0.0
2023-01-13 13:30:00-05:00,411.8550109863281,414.55999755859375,407.95001220703125,408.6099853515625,18154,0.0,0.0
2023-01-13 14:30:00-05:00,409.30499267578125,411.7099914550781,407.54998779296875,411.54998779296875,41075,0.0,0.0
2023-01-13 15:30:00-05:00,412.3800048828125,414.5400085449219,410.1700134277344,410.6400146484375,24528,0.0,0.0
2023-01-17 09:30:00-05:00,408.2099914550781,412.3500061035156,405.0,412.3500061035156,7694,0.0,0.0
2023-01-17 10:30:00-05:00,410.9800109863281,411.54998779296875,396.9750061035156,396.98748779296875,25648,0.0,0.0
2023-01-17 11:30:00-05:00,397.19500732421875,398.5899963378906,392.885009765625,396.3900146484375,27014,0.0,0.0
2023-01-17 12:30:00-05:00,398.7099914550781,402.69000244140625,397.3699951171875,401.32000732421875,6284,0.0,0.0
2023-01-17 13:30:00-05:00,401.3900146484375,402.6099853515625,396.6600036621094,397.6000061035156,8475,0.0,0.0
2023-01-17 14:30:00-05:00,396.80999755859375,398.3699951171875,395.57000732421875,397.5799865722656,17046,0.0,0.0
2023-01-17 15:30:00-05:00,397.9200134277344,398.3900146484375,394.30999755859375,396.6300048828125,29312,0.0,0.0
2023-01-18 09:30:00-05:00,400.8699951171875,411.0899963378906,398.17041015625,409.1600036621094,10352,0.0,0.0
2023-01-18 10:30:00-05:00,407.3900146484375,407.3900146484375,397.0799865722656,397.0799865722656,9830,0.0,0.0
2023-01-18 11:30:00-05:00,397.0,398.67999267578125,393.4949951171875,394.3900146484375,15700,0.0,0.0
2023-01-18 12:30:00-05:00,395.135009765625,395.6300048828125,392.72869873046875,395.3800048828125,12139,0.0,0.0
2023-01-18 13:30:00-05:00,395.32000732421875,397.9549865722656,393.1449890136719,393.1449890136719,7706,0.0,0.0
2023-01-18 14:30:00-05:00,393.32830810546875,395.19000244140625,393.32830810546875,393.6300048828125,7533,0.0,0.0
2023-01-18 15:30:00-05:00,393.0050048828125,394.1099853515625,391.2950134277344,392.5710144042969,25411,0.0,0.0
2023-01-19 09:30:00-05:00,381.4599914550781,385.1199951171875,369.1300048828125,377.0,33819,0.0,0.0
2023-01-19 10:30:00-05:00,376.2900085449219,380.125,376.2900085449219,376.30999755859375,18390,0.0,0.0
2023-01-19 11:30:00-05:00,376.32000732421875,381.29998779296875,374.9200134277344,380.1499938964844,13769,0.0,0.0
2023-01-19 12:30:00-05:00,380.8299865722656,388.07000732421875,380.79998779296875,387.75,8675,0.0,0.0
2023-01-19 13:30:00-05:00,388.54998779296875,390.45001220703125,386.1600036621094,389.1199951171875,9408,0.0,0.0
2023-01-19 14:30:00-05:00,389.4599914550781,389.4599914550781,382.0,383.20001220703125,15836,0.0,0.0
2023-01-19 15:30:00-05:00,383.6099853515625,384.57000732421875,380.75,381.42999267578125,28684,0.0,0.0
2023-01-20 09:30:00-05:00,381.5899963378906,404.8800048828125,381.54998779296875,403.95001220703125,40195,0.0,0.0
2023-01-20 10:30:00-05:00,404.4700012207031,409.54998779296875,403.7699890136719,409.54998779296875,12502,0.0,0.0
2023-01-20 11:30:00-05:00,408.9200134277344,408.9200134277344,403.0,403.0450134277344,28003,0.0,0.0
2023-01-20 12:30:00-05:00,402.3399963378906,403.7300109863281,400.1400146484375,401.0400085449219,15400,0.0,0.0
2023-01-20 13:30:00-05:00,403.0199890136719,405.6700134277344,402.8900146484375,405.3500061035156,9560,0.0,0.0
2023-01-20 14:30:00-05:00,406.1099853515625,408.42999267578125,405.42999267578125,407.32000732421875,10321,0.0,0.0
2023-01-20 15:30:00-05:00,407.69000244140625,411.3299865722656,405.9200134277344,406.0,64498,0.0,0.0
2023-01-23 09:30:00-05:00,405.4599914550781,427.4700012207031,400.5799865722656,422.20001220703125,0,0.0,0.0
2023-01-23 10:30:00-05:00,421.0,442.75,421.0,437.3299865722656,48222,0.0,0.0
2023-01-23 11:30:00-05:00,437.3299865722656,441.3999938964844,432.8500061035156,435.0299987792969,21949,0.0,0.0
2023-01-23 12:30:00-05:00,435.4200134277344,438.7300109863281,434.94000244140625,436.80999755859375,17798,0.0,0.0
2023-01-23 13:30:00-05:00,437.9800109863281,438.8349914550781,430.7099914550781,430.8699951171875,16367,0.0,0.0
2023-01-23 14:30:00-05:00,430.18499755859375,437.6449890136719,430.18499755859375,434.56500244140625,23694,0.0,0.0
2023-01-23 15:30:00-05:00,434.875,443.3999938964844,434.2049865722656,442.0799865722656,62172,0.0,0.0
2023-01-24 09:30:00-05:00,440.8399963378906,457.92999267578125,440.05999755859375,444.3395080566406,24014,0.0,0.0
2023-01-24 10:30:00-05:00,445.4700012207031,445.4700012207031,441.010009765625,443.3399963378906,11124,0.0,0.0
2023-01-24 11:30:00-05:00,442.8500061035156,443.7699890136719,436.0899963378906,442.3999938964844,8547,0.0,0.0
2023-01-24 12:30:00-05:00,442.9200134277344,445.6099853515625,442.30999755859375,445.6099853515625,9395,0.0,0.0
2023-01-24 13:30:00-05:00,444.45001220703125,444.6700134277344,437.635009765625,438.32000732421875,6126,0.0,0.0
2023-01-24 14:30:00-05:00,437.8299865722656,442.4200134277344,437.8299865722656,440.010009765625,7175,0.0,0.0
2023-01-24 15:30:00-05:00,439.82000732421875,441.3599853515625,439.0,439.95001220703125,20603,0.0,0.0
2023-01-25 09:30:00-05:00,435.3999938964844,437.760009765625,430.7699890136719,436.25,11205,0.0,0.0
2023-01-25 10:30:00-05:00,438.5899963378906,441.581298828125,437.3299865722656,439.8399963378906,20764,0.0,0.0
2023-01-25 11:30:00-05:00,441.0299987792969,449.8900146484375,441.0299987792969,445.79998779296875,6793,0.0,0.0
2023-01-25 12:30:00-05:00,446.0799865722656,448.3999938964844,445.6099853515625,445.6099853515625,4862,0.0,0.0
2023-01-25 13:30:00-05:00,446.5799865722656,450.1099853515625,446.385009765625,449.0299987792969,8307,0.0,0.0
2023-01-25 14:30:00-05:00,448.69000244140625,451.0,445.45001220703125,446.0849914550781,14449,0.0,0.0
2023-01-25 15:30:00-05:00,446.2300109863281,449.260009765625,445.9700012207031,449.0,17158,0.0,0.0
2023-01-26 09:30:00-05:00,456.32000732421875,456.4700012207031,443.45001220703125,448.2699890136719,9246,0.0,0.0
2023-01-26 10:30:00-05:00,449.79998779296875,456.81500244140625,448.5,448.5,16648,0.0,0.0
2023-01-26 11:30:00-05:00,448.79998779296875,452.4599914550781,448.45001220703125,452.0,7362,0.0,0.0
2023-01-26 12:30:00-05:00,451.8800048828125,459.19000244140625,451.8800048828125,452.6300048828125,30796,0.0,0.0
2023-01-26 13:30:00-05:00,452.5849914550781,454.30999755859375,451.32000732421875,452.5299987792969,9937,0.0,0.0
2023-01-26 14:30:00-05:00,452.94500732421875,456.42999267578125,452.8699951171875,454.6099853515625,8560,0.0,0.0
2023-01-26 15:30:00-05:00,454.6000061035156,457.989990234375,453.8900146484375,456.25,16096,0.0,0.0
2023-01-27 09:30:00-05:00,455.4599914550781,471.0799865722656,455.4599914550781,463.0400085449219,10034,0.0,0.0
2023-01-27 10:30:00-05:00,463.7149963378906,463.7149963378906,455.6700134277344,459.2799987792969,14923,0.0,0.0
2023-01-27 11:30:00-05:00,459.30999755859375,461.04998779296875,458.1300048828125,460.8399963378906,8691,0.0,0.0
2023-01-27 12:30:00-05:00,460.3800048828125,467.67999267578125,460.3800048828125,464.9305114746094,18871,0.0,0.0
2023-01-27 13:30:00-05:00,467.5,473.1600036621094,466.54998779296875,471.8299865722656,16367,0.0,0.0
2023-01-27 14:30:00-05:00,471.5299987792969,471.9700012207031,468.1199951171875,470.5,10963,0.0,0.0
2023-01-27 15:30:00-05:00,471.489990234375,473.25,469.6000061035156,472.19000244140625,25054,0.0,0.0
2023-01-30 09:30:00-05:00,468.70001220703125,472.0,462.5799865722656,463.2699890136719,11730,0.0,0.0
2023-01-30 10:30:00-05:00,463.6700134277344,468.7349853515625,458.739990234375,468.0050048828125,8990,0.0,0.0
2023-01-30 11:30:00-05:00,469.2900085449219,470.5299987792969,465.8299865722656,465.8299865722656,11606,0.0,0.0
2023-01-30 12:30:00-05:00,466.32000732421875,470.12750244140625,465.0199890136719,465.0199890136719,11384,0.0,0.0
2023-01-30 13:30:00-05:00,465.010009765625,465.010009765625,457.5400085449219,459.8299865722656,26725,0.0,0.0
2023-01-30 14:30:00-05:00,459.32000732421875,459.5400085449219,455.30999755859375,455.30999755859375,18586,0.0,0.0
2023-01-30 15:30:00-05:00,455.1000061035156,455.4200134277344,448.739990234375,448.739990234375,31786,0.0,0.0
2023-01-31 09:30:00-05:00,457.2900085449219,459.1400146484375,450.69000244140625,457.0199890136719,7808,0.0,0.0
2023-01-31 10:30:00-05:00,461.1400146484375,463.9599914550781,459.9700012207031,460.94000244140625,8859,0.0,0.0
2023-01-31 11:30:00-05:00,462.989990234375,467.4599914550781,459.4599914550781,461.739990234375,8626,0.0,0.0
2023-01-31 12:30:00-05:00,459.0299987792969,461.10699462890625,457.04998779296875,458.05999755859375,8495,0.0,0.0
2023-01-31 13:30:00-05:00,458.94500732421875,463.239990234375,457.04998779296875,461.8800048828125,11388,0.0,0.0
2023-01-31 14:30:00-05:00,461.2250061035156,462.5199890136719,458.25,460.79998779296875,22137,0.0,0.0
2023-01-31 15:30:00-05:00,461.6099853515625,465.6000061035156,461.6099853515625,463.20001220703125,28038,0.0,0.0
2023-02-01 09:30:00-05:00,470.8900146484375,516.0,470.8900146484375,510.5,98383,0.0,0.0
2023-02-01 10:30:00-05:00,509.5199890136719,520.8200073242188,506.19000244140625,518.9000244140625,37726,0.0,0.0
2023-02-01 11:30:00-05:00,519.72998046875,519.72998046875,493.0799865722656,494.19000244140625,44664,0.0,0.0
2023-02-01 12:30:00-05:00,493.1600036621094,499.0199890136719,489.4200134277344,499.0199890136719,33709,0.0,0.0
2023-02-01 13:30:00-05:00,499.7049865722656,510.6300048828125,499.7049865722656,507.739990234375,31356,0.0,0.0
2023-02-01 14:30:00-05:00,508.2300109863281,522.8200073242188,503.1300048828125,522.8200073242188,59002,0.0,0.0
2023-02-01 15:30:00-05:00,523.364990234375,528.4650268554688,520.5,526.1199951171875,68060,0.0,0.0
2023-02-02 09:30:00-05:00,536.2000122070312,555.0,520.1400146484375,551.905029296875,47122,0.0,0.0
2023-02-02 10:30:00-05:00,555.2100219726562,572.1199951171875,551.760009765625,562.719970703125,57359,0.0,0.0
2023-02-02 11:30:00-05:00,564.594970703125,568.6099853515625,553.7899780273438,560.9500122070312,23095,0.0,0.0
2023-02-02 12:30:00-05:00,560.6799926757812,562.9199829101562,547.8800048828125,554.3300170898438,32664,0.0,0.0
2023-02-02 13:30:00-05:00,556.6649780273438,560.238525390625,553.0,554.9500122070312,24293,0.0,0.0
2023-02-02 14:30:00-05:00,554.0900268554688,556.64990234375,545.0,551.489990234375,32227,0.0,0.0
2023-02-02 15:30:00-05:00,552.9500122070312,555.7899780273438,548.375,548.97998046875,89754,0.0,0.0
2023-02-03 09:30:00-05:00,535.010009765625,536.9000244140625,522.22998046875,531.0999755859375,38404,0.0,0.0
2023-02-03 10:30:00-05:00,531.260009765625,532.780029296875,527.1799926757812,530.3099975585938,18984,0.0,0.0
2023-02-03 11:30:00-05:00,531.5499877929688,532.0050048828125,518.1300048828125,529.0,35442,0.0,0.0
2023-02-03 12:30:00-05:00,530.6749877929688,532.6199951171875,527.030029296875,531.010009765625,11289,0.0,0.0
2023-02-03 13:30:00-05:00,530.2100219726562,533.6400146484375,527.72998046875,530.5,14721,0.0,0.0
2023-02-03 14:30:00-05:00,530.1199951171875,530.1699829101562,523.219970703125,530.1699829101562,31394,0.0,0.0
2023-02-03 15:30:00-05:00,529.864990234375,530.1699829101562,523.3499755859375,527.6599731445312,48857,0.0,0.0
2023-02-06 09:30:00-05:00,516.1099853515625,521.77001953125,507.6400146484375,516.8900146484375,15271,0.0,0.0
2023-02-06 10:30:00-05:00,514.6300048828125,525.760009765625,514.6300048828125,525.5999755859375,14877,0.0,0.0
2023-02-06 11:30:00-05:00,524.0599975585938,524.0599975585938,513.780029296875,514.260009765625,18135,0.0,0.0
2023-02-06 12:30:00-05:00,517.0599975585938,517.0599975585938,507.1199951171875,510.0,14942,0.0,0.0
2023-02-06 13:30:00-05:00,512.469970703125,512.469970703125,503.8399963378906,503.8399963378906,31304,0.0,0.0
2023-02-06 14:30:00-05:00,504.8399963378906,512.239990234375,504.8399963378906,512.1400146484375,16700,0.0,0.0
2023-02-06 15:30:00-05:00,513.14501953125,513.192626953125,510.4700012207031,510.8900146484375,31382,0.0,0.0
2023-02-07 09:30:00-05:00,506.3399963378906,512.3300170898438,500.42999267578125,500.42999267578125,17928,0.0,0.0
2023-02-07 10:30:00-05:00,497.1000061035156,502.3699951171875,494.69000244140625,498.20001220703125,19906,0.0,0.0
2023-02-07 11:30:00-05:00,500.4800109863281,502.8800048828125,495.1099853515625,499.0,17387,0.0,0.0
2023-02-07 12:30:00-05:00,500.2099914550781,505.6199951171875,496.1600036621094,496.1600036621094,29450,0.0,0.0
2023-02-07 13:30:00-05:00,494.6400146484375,499.4800109863281,491.6000061035156,498.1400146484375,9950,0.0,0.0
2023-02-07 14:30:00-05:00,498.9599914550781,503.30999755859375,498.9100036621094,503.30999755859375,9446,0.0,0.0
2023-02-07 15:30:00-05:00,503.0,508.6700134277344,502.8299865722656,504.93499755859375,22433,0.0,0.0
2023-02-08 09:30:00-05:00,506.05999755859375,507.0899963378906,494.0199890136719,497.5899963378906,16183,0.0,0.0
2023-02-08 10:30:00-05:00,495.7200012207031,496.6000061035156,488.8500061035156,491.3999938964844,27512,0.0,0.0
2023-02-08 11:30:00-05:00,491.4599914550781,494.6199951171875,483.260009765625,491.20001220703125,15886,0.0,0.0
2023-02-08 12:30:00-05:00,493.5899963378906,494.25,490.94000244140625,492.3599853515625,5368,0.0,0.0
2023-02-08 13:30:00-05:00,493.7699890136719,493.7699890136719,488.57000732421875,489.8900146484375,6225,0.0,0.0
2023-02-08 14:30:00-05:00,490.69000244140625,490.69000244140625,484.04998779296875,485.7900085449219,9328,0.0,0.0
2023-02-08 15:30:00-05:00,486.5,487.1199951171875,482.1499938964844,482.7799987792969,32371,0.0,0.0
2023-02-09 09:30:00-05:00,485.8699951171875,490.0874938964844,482.32000732421875,486.3999938964844,13830,0.0,0.0
2023-02-09 10:30:00-05:00,487.0150146484375,492.94000244140625,487.0150146484375,492.3299865722656,8560,0.0,0.0
2023-02-09 11:30:00-05:00,491.44000244140625,493.5,489.0,489.5,26163,0.0,0.0
2023-02-09 12:30:00-05:00,490.0,491.9100036621094,488.95001220703125,490.79998779296875,12657,0.0,0.0
2023-02-09 13:30:00-05:00,490.0,491.4800109863281,487.989990234375,489.2300109863281,15131,0.0,0.0
2023-02-09 14:30:00-05:00,489.8900146484375,491.0849914550781,484.0849914550781,484.0849914550781,13983,0.0,0.0
2023-02-09 15:30:00-05:00,483.3299865722656,487.20001220703125,482.55999755859375,484.0,16799,0.0,0.0
2023-02-10 09:30:00-05:00,478.0899963378906,480.0,469.1300048828125,474.7749938964844,23986,0.0,0.0
2023-02-10 10:30:00-05:00,475.5799865722656,484.42498779296875,475.5799865722656,476.05499267578125,15886,0.0,0.0
2023-02-10 11:30:00-05:00,475.25,475.6300048828125,470.1000061035156,470.1000061035156,8310,0.0,0.0
2023-02-10 12:30:00-05:00,470.8299865722656,473.8999938964844,469.6300048828125,472.0,14531,0.0,0.0
2023-02-10 13:30:00-05:00,472.05999755859375,472.8500061035156,465.6499938964844,466.29998779296875,17136,0.0,0.0
2023-02-10 14:30:00-05:00,465.55499267578125,467.6600036621094,460.5299987792969,461.3800048828125,21443,0.0,0.0
2023-02-10 15:30:00-05:00,462.7850036621094,466.1400146484375,462.3500061035156,463.8999938964844,22805,0.0,0.0
2023-02-13 09:30:00-05:00,463.9100036621094,476.635009765625,458.3500061035156,475.5,6732,0.0,0.0
2023-02-13 10:30:00-05:00,476.7300109863281,478.6700134277344,473.44500732421875,478.6700134277344,12554,0.0,0.0
2023-02-13 11:30:00-05:00,478.6700134277344,482.5,478.3999938964844,481.30499267578125,18580,0.0,0.0
2023-02-13 12:30:00-05:00,481.67999267578125,485.5249938964844,481.67999267578125,485.5249938964844,3332,0.0,0.0
2023-02-13 13:30:00-05:00,482.57000732421875,486.3699951171875,482.57000732421875,485.7049865722656,4230,0.0,0.0
2023-02-13 14:30:00-05:00,485.55999755859375,490.9750061035156,484.45001220703125,490.1700134277344,15211,0.0,0.0
2023-02-13 15:30:00-05:00,490.8800048828125,493.94000244140625,490.1700134277344,493.75,34100,0.0,0.0
2023-02-14 09:30:00-05:00,487.3999938964844,489.57501220703125,475.010009765625,489.0400085449219,23613,0.0,0.0
2023-02-14 10:30:00-05:00,486.4075012207031,490.04998779296875,477.4410095214844,480.3599853515625,24717,0.0,0.0
2023-02-14 11:30:00-05:00,477.0899963378906,484.54998779296875,476.42999267578125,481.69000244140625,10878,0.0,0.0
2023-02-14 12:30:00-05:00,481.69000244140625,491.82501220703125,481.69000244140625,489.9100036621094,14915,0.0,0.0
2023-02-14 13:30:00-05:00,489.7300109863281,490.6000061035156,486.92999267578125,486.92999267578125,9631,0.0,0.0
2023-02-14 14:30:00-05:00,489.17999267578125,490.67999267578125,488.010009765625,488.8349914550781,8087,0.0,0.0
2023-02-14 15:30:00-05:00,488.3800048828125,490.8399963378906,486.8900146484375,486.8900146484375,14377,0.0,0.0
2023-02-15 09:30:00-05:00,480.3599853515625,489.45001220703125,475.3500061035156,487.3500061035156,17083,0.0,0.0
2023-02-15 10:30:00-05:00,488.6199951171875,492.989990234375,488.3349914550781,489.7300109863281,8412,0.0,0.0
2023-02-15 11:30:00-05:00,488.45001220703125,491.0,487.2799987792969,487.2799987792969,12662,0.0,0.0
2023-02-15 12:30:00-05:00,487.260009765625,487.55999755859375,483.07000732421875,485.0,13098,0.0,0.0
2023-02-15 13:30:00-05:00,485.57000732421875,486.364990234375,483.0299987792969,484.6000061035156,7059,0.0,0.0
2023-02-15 14:30:00-05:00,484.20001220703125,488.010009765625,482.4750061035156,483.4599914550781,5469,0.0,0.0
2023-02-15 15:30:00-05:00,483.635009765625,489.1400146484375,483.635009765625,487.9800109863281,14187,0.0,0.0
2023-02-16 09:30:00-05:00,477.0,489.06500244140625,477.0,486.45001220703125,12783,0.0,0.0
2023-02-16 10:30:00-05:00,486.70001220703125,488.3450012207031,481.4700012207031,483.7250061035156,21454,0.0,0.0
2023-02-16 11:30:00-05:00,484.70001220703125,485.8299865722656,480.20001220703125,485.1700134277344,25421,0.0,0.0
2023-02-16 12:30:00-05:00,484.0,485.3699951171875,483.1099853515625,483.1099853515625,5596,0.0,0.0
2023-02-16 13:30:00-05:00,485.57000732421875,486.29998779296875,485.4100036621094,486.19000244140625,2356,0.0,0.0
2023-02-16 14:30:00-05:00,487.3900146484375,487.3900146484375,479.989990234375,479.989990234375,4434,0.0,0.0
2023-02-16 15:30:00-05:00,480.4599914550781,481.8599853515625,477.20001220703125,480.739990234375,21351,0.0,0.0
2023-02-17 09:30:00-05:00,474.30999755859375,478.8699951171875,472.010009765625,474.29998779296875,0,0.0,0.0
2023-02-17 10:30:00-05:00,473.510009765625,473.510009765625,465.75,467.8500061035156,10613,0.0,0.0
2023-02-17 11:30:00-05:00,466.3399963378906,469.489990234375,465.8500061035156,467.989990234375,6114,0.0,0.0
2023-02-17 12:30:00-05:00,466.7200012207031,467.69000244140625,463.3500061035156,464.3999938964844,13588,0.0,0.0
2023-02-17 13:30:00-05:00,463.7449951171875,466.2200012207031,463.6050109863281,465.7799987792969,6569,0.0,0.0
2023-02-17 14:30:00-05:00,466.3900146484375,469.2900085449219,465.0799865722656,469.2900085449219,7675,0.0,0.0
2023-02-17 15:30:00-05:00,468.31500244140625,469.9800109863281,464.6400146484375,468.010009765625,27510,0.0,0.0
2023-02-21 09:30:00-05:00,458.0,462.989990234375,452.6499938964844,454.20001220703125,6185,0.0,0.0
2023-02-21 10:30:00-05:00,453.82000732421875,457.5,453.82000732421875,455.1499938964844,3862,0.0,0.0
2023-02-21 11:30:00-05:00,454.9049987792969,458.1199951171875,448.70001220703125,455.07000732421875,12442,0.0,0.0
2023-02-21 12:30:00-05:00,454.3699951171875,454.69000244140625,451.06500244140625,451.7200012207031,10747,0.0,0.0
2023-02-21 13:30:00-05:00,450.79998779296875,455.79998779296875,450.239990234375,455.79998779296875,9785,0.0,0.0
2023-02-21 14:30:00-05:00,456.6300048828125,458.2349853515625,454.69000244140625,456.5425109863281,3565,0.0,0.0
2023-02-21 15:30:00-05:00,456.7650146484375,456.7650146484375,453.0050048828125,453.0050048828125,18440,0.0,0.0
2023-02-22 09:30:00-05:00,453.0199890136719,459.6000061035156,452.1600036621094,454.9049987792969,7291,0.0,0.0
2023-02-22 10:30:00-05:00,454.7200012207031,456.364990234375,452.7799987792969,454.8800048828125,4796,0.0,0.0
2023-02-22 11:30:00-05:00,453.8999938964844,455.5,452.07000732421875,453.2699890136719,6446,0.0,0.0
2023-02-22 12:30:00-05:00,453.1600036621094,457.989990234375,452.7099914550781,455.489990234375,26189,0.0,0.0
2023-02-22 13:30:00-05:00,455.6099853515625,456.5150146484375,454.6300048828125,454.6600036621094,5515,0.0,0.0
2023-02-22 14:30:00-05:00,454.5799865722656,455.6600036621094,452.0,452.44000244140625,7739,0.0,0.0
2023-02-22 15:30:00-05:00,451.9599914550781,456.30999755859375,451.1000061035156,456.30999755859375,8872,0.0,0.0
2023-02-23 09:30:00-05:00,461.9100036621094,461.9100036621094,455.40240478515625,455.40240478515625,7653,0.0,0.0
2023-02-23 10:30:00-05:00,453.3299865722656,455.3599853515625,449.5899963378906,452.7099914550781,14004,0.0,0.0
2023-02-23 11:30:00-05:00,453.1099853515625,453.3999938964844,449.3900146484375,449.3900146484375,16491,0.0,0.0
2023-02-23 12:30:00-05:00,450.1600036621094,450.79998779296875,447.7449951171875,449.79998779296875,7348,0.0,0.0
2023-02-23 13:30:00-05:00,448.3699951171875,451.69000244140625,447.5799865722656,451.4100036621094,12015,0.0,0.0
2023-02-23 14:30:00-05:00,452.5199890136719,456.2799987792969,451.0249938964844,455.6549987792969,6327,0.0,0.0
2023-02-23 15:30:00-05:00,455.7049865722656,458.5299987792969,454.2699890136719,457.80999755859375,12698,0.0,0.0
2023-02-24 09:30:00-05:00,448.5299987792969,456.5199890136719,443.9800109863281,446.7799987792969,11935,0.0,0.0
2023-02-24 10:30:00-05:00,447.20001220703125,447.25,441.80999755859375,444.9200134277344,11373,0.0,0.0
2023-02-24 11:30:00-05:00,445.45001220703125,447.0,442.7300109863281,443.3299865722656,7086,0.0,0.0
2023-02-24 12:30:00-05:00,444.42498779296875,445.5,443.44000244140625,444.1600036621094,4939,0.0,0.0
2023-02-24 13:30:00-05:00,444.75,446.4100036621094,444.0249938964844,445.1199951171875,11276,0.0,0.0
2023-02-24 14:30:00-05:00,444.8900146484375,447.2250061035156,443.3699951171875,447.2250061035156,6312,0.0,0.0
2023-02-24 15:30:00-05:00,447.05999755859375,450.1099853515625,445.2799987792969,450.1099853515625,31688,0.0,0.0
2023-02-27 09:30:00-05:00,453.2300109863281,457.6000061035156,446.989990234375,455.2200012207031,15606,0.0,0.0
2023-02-27 10:30:00-05:00,452.30999755859375,453.739990234375,448.6199951171875,448.6199951171875,9274,0.0,0.0
2023-02-27 11:30:00-05:00,447.2026062011719,450.1600036621094,444.9599914550781,446.20001220703125,12958,0.0,0.0
2023-02-27 12:30:00-05:00,447.05999755859375,447.6000061035156,444.1600036621094,446.81500244140625,11568,0.0,0.0
2023-02-27 13:30:00-05:00,445.2850036621094,448.0,442.1199951171875,444.20001220703125,22344,0.0,0.0
2023-02-27 14:30:00-05:00,444.3999938964844,445.45001220703125,442.4750061035156,444.0199890136719,14376,0.0,0.0
2023-02-27 15:30:00-05:00,444.0400085449219,444.4200134277344,440.92999267578125,443.1199951171875,21154,0.0,0.0
2023-02-28 09:30:00-05:00,444.2099914550781,448.92498779296875,439.1099853515625,447.8599853515625,7441,0.0,0.0
2023-02-28 10:30:00-05:00,450.0,455.67999267578125,449.1050109863281,455.67999267578125,3917,0.0,0.0
2023-02-28 11:30:00-05:00,454.25,454.80999755859375,452.3299865722656,452.3399963378906,8647,0.0,0.0
2023-02-28 12:30:00-05:00,451.44500732421875,454.2200012207031,451.44500732421875,453.635009765625,7091,0.0,0.0
2023-02-28 13:30:00-05:00,453.5,454.68499755859375,452.67999267578125,454.05499267578125,6271,0.0,0.0
2023-02-28 14:30:00-05:00,454.2950134277344,454.3699951171875,446.5899963378906,446.5899963378906,9596,0.0,0.0
2023-02-28 15:30:00-05:00,445.6099853515625,447.3500061035156,443.8800048828125,443.8800048828125,20529,0.0,0.0
2023-03-01 09:30:00-05:00,439.30999755859375,451.7300109863281,439.30999755859375,444.25,13079,0.0,0.0
2023-03-01 10:30:00-05:00,443.29998779296875,450.82000732421875,441.55999755859375,444.125,8210,0.0,0.0
2023-03-01 11:30:00-05:00,445.07501220703125,448.54998779296875,445.0150146484375,448.54998779296875,5781,0.0,0.0
2023-03-01 12:30:00-05:00,448.55999755859375,449.239990234375,443.0899963378906,443.0899963378906,8333,0.0,0.0
2023-03-01 13:30:00-05:00,443.3999938964844,445.385009765625,442.20001220703125,445.07000732421875,4935,0.0,0.0
2023-03-01 14:30:00-05:00,443.4599914550781,445.7200012207031,443.0799865722656,444.4700012207031,9356,0.0,0.0
2023-03-01 15:30:00-05:00,445.2099914550781,447.5299987792969,443.760009765625,443.760009765625,14172,0.0,0.0
2023-03-02 09:30:00-05:00,440.3299865722656,442.2300109863281,434.70001220703125,439.5950012207031,9796,0.0,0.0
2023-03-02 10:30:00-05:00,442.0050048828125,444.44000244140625,439.55999755859375,442.6400146484375,9903,0.0,0.0
2023-03-02 11:30:00-05:00,442.510009765625,442.510009765625,439.0249938964844,439.0299987792969,6700,0.0,0.0
2023-03-02 12:30:00-05:00,440.0,442.4700012207031,440.0,442.4700012207031,1242,0.0,0.0
2023-03-02 13:30:00-05:00,444.2099914550781,446.57000732421875,443.2799987792969,446.57000732421875,7099,0.0,0.0
2023-03-02 14:30:00-05:00,446.5899963378906,448.5299987792969,445.05999755859375,448.5299987792969,5982,0.0,0.0
2023-03-02 15:30:00-05:00,449.54998779296875,451.57000732421875,446.82000732421875,448.8399963378906,13435,0.0,0.0
2023-03-03 09:30:00-05:00,450.2099914550781,452.0,449.07000732421875,450.7099914550781,4170,0.0,0.0
2023-03-03 10:30:00-05:00,449.30999755859375,450.5,445.3699951171875,450.3999938964844,4188,0.0,0.0
2023-03-03 11:30:00-05:00,448.6400146484375,449.8800048828125,446.67498779296875,448.6700134277344,6472,0.0,0.0
2023-03-03 12:30:00-05:00,450.2049865722656,451.1050109863281,449.614990234375,451.1050109863281,1222,0.0,0.0
2023-03-03 13:30:00-05:00,450.44000244140625,451.8599853515625,449.739990234375,451.8500061035156,4440,0.0,0.0
2023-03-03 14:30:00-05:00,453.6300048828125,453.6300048828125,450.1199951171875,450.6199951171875,7000,0.0,0.0
2023-03-03 15:30:00-05:00,449.0199890136719,451.6400146484375,448.4840087890625,449.2799987792969,12257,0.0,0.0
2023-03-06 09:30:00-05:00,450.3900146484375,458.4100036621094,450.3900146484375,457.0,3065,0.0,0.0
2023-03-06 10:30:00-05:00,457.94000244140625,457.989990234375,451.1700134277344,453.0,7654,0.0,0.0
2023-03-06 11:30:00-05:00,452.0,453.44000244140625,452.0,453.44000244140625,2804,0.0,0.0
2023-03-06 12:30:00-05:00,452.80999755859375,453.1400146484375,446.6300048828125,448.79998779296875,11442,0.0,0.0
2023-03-06 13:30:00-05:00,445.3699951171875,447.5,445.0400085449219,446.75,9711,0.0,0.0
2023-03-06 14:30:00-05:00,446.32501220703125,446.79998779296875,445.70001220703125,445.70001220703125,3391,0.0,0.0
2023-03-06 15:30:00-05:00,446.4800109863281,448.1449890136719,445.7300109863281,445.7300109863281,7916,0.0,0.0
2023-03-07 09:30:00-05:00,446.67999267578125,451.29998779296875,443.8399963378906,450.6700134277344,5744,0.0,0.0
2023-03-07 10:30:00-05:00,452.0199890136719,452.7699890136719,440.1000061035156,441.2749938964844,19851,0.0,0.0
2023-03-07 11:30:00-05:00,442.55999755859375,447.6400146484375,442.55999755859375,445.69000244140625,3160,0.0,0.0
2023-03-07 12:30:00-05:00,445.6499938964844,445.6650085449219,442.8900146484375,444.0799865722656,6061,0.0,0.0
2023-03-07 13:30:00-05:00,444.05999755859375,445.739990234375,442.0299987792969,442.1199951171875,5430,0.0,0.0
2023-03-07 14:30:00-05:00,443.489990234375,445.7799987792969,441.57000732421875,443.3699951171875,13605,0.0,0.0
2023-03-07 15:30:00-05:00,444.17999267578125,446.614990234375,441.135009765625,442.5,17048,0.0,0.0
2023-03-08 09:30:00-05:00,441.2300109863281,448.5199890136719,435.9700012207031,447.1650085449219,8163,0.0,0.0
2023-03-08 10:30:00-05:00,447.4700012207031,453.8699035644531,444.5799865722656,446.30999755859375,14534,0.0,0.0
2023-03-08 11:30:00-05:00,445.8299865722656,450.32000732421875,444.29998779296875,445.44000244140625,10833,0.0,0.0
2023-03-08 12:30:00-05:00,444.3800048828125,446.1400146484375,443.5,443.5,8910,0.0,0.0
2023-03-08 13:30:00-05:00,443.54998779296875,444.05999755859375,440.7850036621094,444.05999755859375,2936,0.0,0.0
2023-03-08 14:30:00-05:00,442.6600036621094,444.4200134277344,441.2799987792969,442.44000244140625,3659,0.0,0.0
2023-03-08 15:30:00-05:00,441.5849914550781,444.67999267578125,441.5849914550781,444.45001220703125,8487,0.0,0.0
2023-03-09 09:30:00-05:00,448.7200012207031,450.739990234375,444.6000061035156,444.6000061035156,6480,0.0,0.0
2023-03-09 10:30:00-05:00,446.42999267578125,446.989990234375,440.0,441.92999267578125,9307,0.0,0.0
2023-03-09 11:30:00-05:00,440.1099853515625,440.19000244140625,438.3399963378906,440.0299987792969,7118,0.0,0.0
2023-03-09 12:30:00-05:00,439.1400146484375,439.1400146484375,433.7099914550781,433.7200012207031,6044,0.0,0.0
2023-03-09 13:30:00-05:00,433.5899963378906,436.0199890136719,429.29998779296875,436.0199890136719,10511,0.0,0.0
2023-03-09 14:30:00-05:00,434.3699951171875,434.95001220703125,429.1099853515625,431.6000061035156,10921,0.0,0.0
2023-03-09 15:30:00-05:00,430.57000732421875,431.42999267578125,426.6400146484375,426.6499938964844,20270,0.0,0.0
2023-03-10 09:30:00-05:00,423.05999755859375,423.05999755859375,405.3399963378906,421.0,41197,0.0,0.0
2023-03-10 10:30:00-05:00,420.0,429.18499755859375,418.04998779296875,428.17999267578125,11208,0.0,0.0
2023-03-10 11:30:00-05:00,427.2099914550781,430.0,418.45001220703125,419.2799987792969,20646,0.0,0.0
2023-03-10 12:30:00-05:00,419.2850036621094,420.7349853515625,411.0,411.4949951171875,8435,0.0,0.0
2023-03-10 13:30:00-05:00,410.7799987792969,417.3800048828125,410.0400085449219,413.1099853515625,8339,0.0,0.0
2023-03-10 14:30:00-05:00,415.95001220703125,420.5199890136719,414.260009765625,414.7300109863281,11772,0.0,0.0
2023-03-10 15:30:00-05:00,415.260009765625,416.5299987792969,413.20489501953125,415.3599853515625,12380,0.0,0.0
2023-03-13 09:30:00-04:00,407.4800109863281,427.823486328125,387.70001220703125,394.875,31052,0.0,0.0
2023-03-13 10:30:00-04:00,397.8399963378906,414.2699890136719,397.8399963378906,412.385009765625,22646,0.0,0.0
2023-03-13 11:30:00-04:00,411.7099914550781,416.04998779296875,405.3699951171875,405.3800048828125,8322,0.0,0.0
2023-03-13 12:30:00-04:00,403.29998779296875,407.9100036621094,402.54998779296875,404.6300048828125,8624,0.0,0.0
2023-03-13 13:30:00-04:00,405.5450134277344,409.94500732421875,402.0899963378906,407.92999267578125,7195,0.0,0.0
2023-03-13 14:30:00-04:00,410.0199890136719,410.8262023925781,405.18499755859375,406.54998779296875,8672,0.0,0.0
2023-03-13 15:30:00-04:00,408.1700134277344,411.57000732421875,402.6099853515625,403.54998779296875,17212,0.0,0.0
2023-03-14 09:30:00-04:00,415.3399963378906,421.2250061035156,410.6300048828125,421.1449890136719,13741,0.0,0.0
2023-03-14 10:30:00-04:00,423.375,426.8699951171875,421.0,425.9549865722656,21210,0.0,0.0
2023-03-14 11:30:00-04:00,424.4049987792969,424.4049987792969,418.0150146484375,420.0,9262,0.0,0.0
2023-03-14 12:30:00-04:00,419.5799865722656,420.6700134277344,415.7300109863281,418.57000732421875,35567,0.0,0.0
2023-03-14 13:30:00-04:00,419.6099853515625,420.0,406.32000732421875,409.44000244140625,14816,0.0,0.0
2023-03-14 14:30:00-04:00,411.2699890136719,411.8699951171875,407.0,407.0299987792969,15386,0.0,0.0
2023-03-14 15:30:00-04:00,408.32000732421875,409.7900085449219,404.04998779296875,406.0799865722656,27508,0.0,0.0
2023-03-15 09:30:00-04:00,397.3900146484375,397.9949951171875,391.0849914550781,394.2200012207031,10887,0.0,0.0
2023-03-15 10:30:00-04:00,396.0,403.2900085449219,395.1099853515625,400.2149963378906,9498,0.0,0.0
2023-03-15 11:30:00-04:00,401.0,401.7650146484375,392.8700866699219,392.8700866699219,9558,0.0,0.0
2023-03-15 12:30:00-04:00,395.8699951171875,396.0050048828125,392.32440185546875,394.5400085449219,12368,0.0,0.0
2023-03-15 13:30:00-04:00,393.9049987792969,396.4700012207031,392.0,395.04998779296875,9421,0.0,0.0
2023-03-15 14:30:00-04:00,396.0400085449219,402.5899963378906,394.4150085449219,399.80999755859375,16483,0.0,0.0
2023-03-15 15:30:00-04:00,399.80999755859375,402.9700012207031,398.70001220703125,402.9549865722656,13473,0.0,0.0
2023-03-16 09:30:00-04:00,396.4100036621094,402.8999938964844,384.6419982910156,397.0199890136719,11066,0.0,0.0
2023-03-16 10:30:00-04:00,396.7699890136719,407.44000244140625,396.7699890136719,404.989990234375,9351,0.0,0.0
2023-03-16 11:30:00-04:00,405.31500244140625,406.010009765625,402.20001220703125,402.92999267578125,5908,0.0,0.0
2023-03-16 12:30:00-04:00,403.04998779296875,413.5,403.04998779296875,409.4800109863281,9458,0.0,0.0
2023-03-16 13:30:00-04:00,409.6000061035156,409.8299865722656,402.82000732421875,404.4700012207031,6178,0.0,0.0
2023-03-16 14:30:00-04:00,402.9100036621094,409.1300048828125,401.5799865722656,408.6549987792969,7474,0.0,0.0
2023-03-16 15:30:00-04:00,409.5,410.19000244140625,404.4800109863281,404.4800109863281,11628,0.0,0.0
2023-03-17 09:30:00-04:00,400.6099853515625,408.6400146484375,397.07501220703125,398.7799987792969,8475,0.0,0.0
2023-03-17 10:30:00-04:00,398.0,399.5,391.19000244140625,393.19000244140625,15019,0.0,0.0
2023-03-17 11:30:00-04:00,392.82000732421875,393.4100036621094,390.20001220703125,392.05499267578125,9280,0.0,0.0
2023-03-17 12:30:00-04:00,392.05499267578125,394.2200012207031,389.4800109863281,392.3500061035156,11573,0.0,0.0
2023-03-17 13:30:00-04:00,394.07000732421875,394.6000061035156,388.63751220703125,390.989990234375,32990,0.0,0.0
2023-03-17 14:30:00-04:00,392.260009765625,397.0299987792969,390.8800048828125,397.0299987792969,8104,0.0,0.0
2023-03-17 15:30:00-04:00,395.8599853515625,398.7900085449219,394.3299865722656,394.6000061035156,22438,0.0,0.0
2023-03-20 09:30:00-04:00,396.1000061035156,407.6549987792969,394.79998779296875,407.6000061035156,7644,0.0,0.0
2023-03-20 10:30:00-04:00,406.7749938964844,410.2300109863281,404.489990234375,406.69500732421875,14448,0.0,0.0
2023-03-20 11:30:00-04:00,408.04888916015625,409.5199890136719,402.3699951171875,403.6000061035156,22499,0.0,0.0
2023-03-20 12:30:00-04:00,403.6650085449219,410.0,403.6449890136719,409.3349914550781,12990,0.0,0.0
2023-03-20 13:30:00-04:00,409.885009765625,409.885009765625,406.80999755859375,406.82501220703125,5137,0.0,0.0
2023-03-20 14:30:00-04:00,406.1199951171875,408.5849914550781,405.2041931152344,407.6099853515625,10441,0.0,0.0
2023-03-20 15:30:00-04:00,408.0,410.9700012207031,408.0,410.6000061035156,18513,0.0,0.0
2023-03-21 09:30:00-04:00,417.94000244140625,436.79998779296875,413.92999267578125,413.92999267578125,9654,0.0,0.0
2023-03-21 10:30:00-04:00,416.8699951171875,423.82000732421875,416.8699951171875,423.6499938964844,8453,0.0,0.0
2023-03-21 11:30:00-04:00,425.3999938964844,426.510009765625,422.79998779296875,423.2099914550781,13405,0.0,0.0
2023-03-21 12:30:00-04:00,423.4949951171875,423.4949951171875,418.9700012207031,419.4599914550781,2620,0.0,0.0
2023-03-21 13:30:00-04:00,422.0400085449219,426.0899963378906,421.6600036621094,421.79998779296875,23350,0.0,0.0
2023-03-21 14:30:00-04:00,422.39990234375,422.79998779296875,418.1499938964844,418.4599914550781,14907,0.0,0.0
2023-03-21 15:30:00-04:00,419.5400085449219,421.7049865722656,415.3800048828125,415.3800048828125,15638,0.0,0.0
2023-03-22 09:30:00-04:00,417.9700012207031,420.5199890136719,414.010009765625,418.5,7210,0.0,0.0
2023-03-22 10:30:00-04:00,422.79998779296875,422.79998779296875,412.9800109863281,414.7799987792969,2500,0.0,0.0
2023-03-22 11:30:00-04:00,414.95001220703125,416.81500244140625,413.5,416.81500244140625,4668,0.0,0.0
2023-03-22 12:30:00-04:00,416.67999267578125,417.7200012207031,415.6099853515625,417.7200012207031,1892,0.0,0.0
2023-03-22 13:30:00-04:00,416.3900146484375,423.07000732421875,416.3900146484375,417.0,4053,0.0,0.0
2023-03-22 14:30:00-04:00,413.25,422.760009765625,410.010009765625,415.0400085449219,13186,0.0,0.0
2023-03-22 15:30:00-04:00,413.739990234375,414.1099853515625,408.739990234375,409.95001220703125,16737,0.0,0.0
2023-03-23 09:30:00-04:00,413.2900085449219,414.9649963378906,407.1549987792969,409.45001220703125,4004,0.0,0.0
2023-03-23 10:30:00-04:00,409.2900085449219,417.45001220703125,409.2900085449219,413.25,5803,0.0,0.0
2023-03-23 11:30:00-04:00,413.3999938964844,415.0,410.2250061035156,410.2250061035156,6273,0.0,0.0
2023-03-23 12:30:00-04:00,410.3900146484375,411.989990234375,403.864990234375,407.9200134277344,5733,0.0,0.0
2023-03-23 13:30:00-04:00,407.2300109863281,408.010009765625,401.6700134277344,401.6700134277344,6642,0.0,0.0
2023-03-23 14:30:00-04:00,399.6099853515625,405.25,397.010009765625,399.3299865722656,8364,0.0,0.0
2023-03-23 15:30:00-04:00,398.3500061035156,405.2699890136719,398.3500061035156,400.5799865722656,13322,0.0,0.0
2023-03-24 09:30:00-04:00,397.69000244140625,400.1700134277344,392.07000732421875,398.2799987792969,6768,0.0,0.0
2023-03-24 10:30:00-04:00,399.95001220703125,399.95001220703125,395.5150146484375,395.6700134277344,5411,0.0,0.0
2023-03-24 11:30:00-04:00,398.42999267578125,402.67999267578125,396.80999755859375,398.5799865722656,4652,0.0,0.0
2023-03-24 12:30:00-04:00,399.4700012207031,400.1499938964844,399.4700012207031,400.0249938964844,4308,0.0,0.0
2023-03-24 13:30:00-04:00,402.61358642578125,402.61358642578125,402.61358642578125,402.61358642578125,819,0.0,0.0
2023-03-24 14:30:00-04:00,403.739990234375,403.8550109863281,403.1099853515625,403.1099853515625,4126,0.0,0.0
2023-03-24 15:30:00-04:00,402.4599914550781,406.260009765625,401.6400146484375,406.239990234375,14847,0.0,0.0
2023-03-27 10:30:00-04:00,411.239990234375,411.5249938964844,406.8450012207031,407.510009765625,8613,0.0,0.0
2023-03-27 11:30:00-04:00,407.8450012207031,412.0,405.9200134277344,409.54998779296875,3843,0.0,0.0
2023-03-27 12:30:00-04:00,409.1499938964844,410.7149963378906,408.55999755859375,410.1166076660156,7000,0.0,0.0
2023-03-27 13:30:00-04:00,411.5,411.9949951171875,409.2650146484375,410.30999755859375,5782,0.0,0.0
2023-03-27 14:30:00-04:00,413.55499267578125,413.55499267578125,410.875,410.875,2447,0.0,0.0
2023-03-27 15:30:00-04:00,411.6300048828125,411.6300048828125,409.2200012207031,410.8699951171875,10563,0.0,0.0
2023-03-28 09:30:00-04:00,410.1700134277344,411.9800109863281,406.80999755859375,408.3500061035156,5172,0.0,0.0
2023-03-28 10:30:00-04:00,408.0,408.6000061035156,405.1549987792969,405.1549987792969,7822,0.0,0.0
2023-03-28 11:30:00-04:00,405.0,408.1400146484375,405.0,407.7349853515625,5025,0.0,0.0
2023-03-28 12:30:00-04:00,407.8550109863281,409.0,407.8550109863281,408.9750061035156,4663,0.0,0.0
2023-03-28 13:30:00-04:00,408.9800109863281,412.0,407.3652038574219,412.0,9054,0.0,0.0
2023-03-28 14:30:00-04:00,409.5849914550781,412.5,409.5849914550781,410.04998779296875,5376,0.0,0.0
2023-03-28 15:30:00-04:00,410.04998779296875,413.9949951171875,409.2315979003906,413.20001220703125,11446,0.0,0.0
2023-03-29 09:30:00-04:00,422.3599853515625,422.3599853515625,418.4800109863281,420.8999938964844,5841,0.0,0.0
2023-03-29 10:30:00-04:00,420.1099853515625,423.17999267578125,418.42999267578125,421.2799987792969,10377,0.0,0.0
2023-03-29 11:30:00-04:00,420.590087890625,423.4100036621094,420.590087890625,423.4100036621094,2196,0.0,0.0
2023-03-29 12:30:00-04:00,424.4200134277344,424.489990234375,421.8999938964844,424.489990234375,5335,0.0,0.0
2023-03-29 13:30:00-04:00,422.989990234375,423.1499938964844,422.05999755859375,423.1499938964844,3652,0.0,0.0
2023-03-29 14:30:00-04:00,423.010009765625,426.5199890136719,422.2200012207031,426.5199890136719,5038,0.0,0.0
2023-03-29 15:30:00-04:00,425.0899963378906,426.0,423.92999267578125,424.17999267578125,8280,0.0,0.0
2023-03-30 09:30:00-04:00,428.6199951171875,431.0899963378906,426.5793151855469,428.0332946777344,2740,0.0,0.0
2023-03-30 10:30:00-04:00,430.989990234375,432.5299987792969,425.2200012207031,425.67999267578125,8084,0.0,0.0
2023-03-30 11:30:00-04:00,428.2699890136719,430.760009765625,426.2699890136719,426.2699890136719,5415,0.0,0.0
2023-03-30 12:30:00-04:00,426.1400146484375,427.010009765625,423.3800048828125,427.010009765625,5022,0.0,0.0
2023-03-30 13:30:00-04:00,426.0,427.260009765625,424.80499267578125,427.260009765625,3369,0.0,0.0
2023-03-30 14:30:00-04:00,426.0299987792969,427.9800109863281,425.44000244140625,425.44000244140625,7268,0.0,0.0
2023-03-30 15:30:00-04:00,426.2099914550781,427.0,425.8399963378906,425.8399963378906,2500,0.0,0.0
2023-03-31 09:30:00-04:00,427.82000732421875,429.75,426.5899963378906,428.20001220703125,3400,0.0,0.0
2023-03-31 10:30:00-04:00,430.010009765625,435.0,430.010009765625,434.885009765625,3283,0.0,0.0
2023-03-31 11:30:00-04:00,434.1199951171875,435.010009765625,433.0899963378906,435.010009765625,2560,0.0,0.0
2023-03-31 12:30:00-04:00,433.0400085449219,435.5299987792969,433.0400085449219,435.5299987792969,3844,0.0,0.0
2023-03-31 13:30:00-04:00,433.114990234375,435.06988525390625,432.0249938964844,433.25,3482,0.0,0.0
2023-03-31 14:30:00-04:00,432.25,434.3699951171875,432.25,434.3699951171875,2820,0.0,0.0
2023-03-31 15:30:00-04:00,435.6199951171875,436.6099853515625,433.8299865722656,436.0299987792969,11441,0.0,0.0
2023-04-03 09:30:00-04:00,434.55999755859375,443.7200012207031,430.57000732421875,439.4750061035156,14895,0.0,0.0
2023-04-03 10:30:00-04:00,439.70001220703125,439.70001220703125,427.0899963378906,430.760009765625,11121,0.0,0.0
2023-04-03 11:30:00-04:00,431.0,434.9551086425781,430.0899963378906,433.2200012207031,9492,0.0,0.0
2023-04-03 12:30:00-04:00,433.07000732421875,434.510009765625,432.17999267578125,433.4599914550781,4387,0.0,0.0
2023-04-03 13:30:00-04:00,432.2300109863281,433.7699890136719,430.20001220703125,432.2200012207031,8731,0.0,0.0
2023-04-03 14:30:00-04:00,432.2200012207031,432.30999755859375,431.0,432.0199890136719,6234,0.0,0.0
2023-04-03 15:30:00-04:00,431.0199890136719,434.989990234375,430.8599853515625,433.2300109863281,9605,0.0,0.0
2023-04-04 09:30:00-04:00,431.9700012207031,431.9700012207031,425.0,425.0,2091,0.0,0.0
2023-04-04 10:30:00-04:00,425.1199951171875,428.9700012207031,422.5199890136719,425.6300048828125,6836,0.0,0.0
2023-04-04 11:30:00-04:00,426.20001220703125,427.6499938964844,424.3599853515625,427.0,16587,0.0,0.0
2023-04-04 12:30:00-04:00,426.7850036621094,429.4800109863281,426.7850036621094,428.3349914550781,2027,0.0,0.0
2023-04-04 13:30:00-04:00,429.489990234375,429.489990234375,425.2200012207031,425.2200012207031,2466,0.0,0.0
2023-04-04 14:30:00-04:00,425.0,427.5,424.6549987792969,424.6549987792969,3391,0.0,0.0
2023-04-04 15:30:00-04:00,426.30999755859375,428.4700012207031,425.0199890136719,425.6700134277344,15547,0.0,0.0
2023-04-05 09:30:00-04:00,426.010009765625,426.0899963378906,422.25,425.6700134277344,8865,0.0,0.0
2023-04-05 10:30:00-04:00,426.5,426.5,424.2049865722656,424.7099914550781,9004,0.0,0.0
2023-04-05 11:30:00-04:00,424.6650085449219,425.4649963378906,424.6000061035156,425.4649963378906,3986,0.0,0.0
2023-04-05 12:30:00-04:00,425.2099914550781,427.8699951171875,422.7124938964844,427.8699951171875,13024,0.0,0.0
2023-04-05 13:30:00-04:00,427.07000732421875,427.07000732421875,423.8900146484375,425.3399963378906,4445,0.0,0.0
2023-04-05 14:30:00-04:00,425.760009765625,427.0350036621094,424.1600036621094,427.0350036621094,4824,0.0,0.0
2023-04-05 15:30:00-04:00,426.45001220703125,428.20001220703125,426.1099853515625,427.8399963378906,9327,0.0,0.0
2023-04-06 09:30:00-04:00,421.9599914550781,428.1600036621094,421.9599914550781,426.92999267578125,3863,0.0,0.0
2023-04-06 10:30:00-04:00,428.79998779296875,429.19500732421875,425.7099914550781,429.19500732421875,4671,0.0,0.0
2023-04-06 11:30:00-04:00,427.1600036621094,428.45001220703125,424.7699890136719,428.45001220703125,2182,0.0,0.0
2023-04-06 12:30:00-04:00,429.0299987792969,432.5199890136719,429.0299987792969,432.4649963378906,4811,0.0,0.0
2023-04-06 13:30:00-04:00,432.44000244140625,432.79998779296875,429.7250061035156,429.7250061035156,2923,0.0,0.0
2023-04-06 14:30:00-04:00,429.9700012207031,430.510009765625,427.7349853515625,427.7349853515625,2246,0.0,0.0
2023-04-06 15:30:00-04:00,428.0,428.57000732421875,425.8500061035156,428.57000732421875,6669,0.0,0.0
2023-04-10 09:30:00-04:00,422.79998779296875,432.7699890136719,422.79998779296875,432.0,4240,0.0,0.0
2023-04-10 10:30:00-04:00,431.54998779296875,432.6300048828125,431.54998779296875,432.6300048828125,694,0.0,0.0
2023-04-10 11:30:00-04:00,434.739990234375,434.739990234375,429.1099853515625,429.1099853515625,2211,0.0,0.0
2023-04-10 12:30:00-04:00,430.4100036621094,433.875,430.4100036621094,433.875,1628,0.0,0.0
2023-04-10 13:30:00-04:00,432.5799865722656,432.6000061035156,432.04998779296875,432.4700012207031,2167,0.0,0.0
2023-04-10 14:30:00-04:00,432.7099914550781,432.7099914550781,432.70001220703125,432.70001220703125,1078,0.0,0.0
2023-04-10 15:30:00-04:00,432.32000732421875,433.489990234375,431.0899963378906,433.489990234375,4778,0.0,0.0
2023-04-11 09:30:00-04:00,438.3800048828125,447.70001220703125,436.0,447.70001220703125,7907,0.0,0.0
2023-04-11 10:30:00-04:00,448.989990234375,452.2099914550781,442.2650146484375,443.989990234375,9906,0.0,0.0
2023-04-11 11:30:00-04:00,445.43499755859375,452.5400085449219,443.54998779296875,449.6549987792969,6840,0.0,0.0
2023-04-11 12:30:00-04:00,449.32000732421875,451.4800109863281,448.7650146484375,451.4800109863281,4902,0.0,0.0
2023-04-11 13:30:00-04:00,451.5299987792969,457.8900146484375,449.79998779296875,456.5400085449219,9898,0.0,0.0
2023-04-11 14:30:00-04:00,457.3800048828125,457.3800048828125,454.510009765625,454.5350036621094,7890,0.0,0.0
2023-04-11 15:30:00-04:00,453.42498779296875,456.5050048828125,452.95001220703125,456.20001220703125,19952,0.0,0.0
2023-04-12 09:30:00-04:00,458.8299865722656,463.989990234375,455.80999755859375,456.6300048828125,11330,0.0,0.0
2023-04-12 10:30:00-04:00,457.80999755859375,458.7799987792969,455.3299865722656,457.3699951171875,14653,0.0,0.0
2023-04-12 11:30:00-04:00,458.4375,465.239990234375,458.4375,464.57501220703125,8735,0.0,0.0
2023-04-12 12:30:00-04:00,464.8399963378906,464.8399963378906,462.510009765625,463.239990234375,3317,0.0,0.0
2023-04-12 13:30:00-04:00,463.1050109863281,468.57501220703125,462.5050048828125,467.5799865722656,17748,0.0,0.0
2023-04-12 14:30:00-04:00,464.82000732421875,464.8699951171875,460.7112121582031,463.3349914550781,5454,0.0,0.0
2023-04-12 15:30:00-04:00,462.75,465.8900146484375,461.8927917480469,463.0448913574219,16799,0.0,0.0
2023-04-13 09:30:00-04:00,469.1400146484375,472.6600036621094,466.0199890136719,471.29998779296875,11991,0.0,0.0
2023-04-13 10:30:00-04:00,471.3399963378906,477.6499938964844,469.67999267578125,477.6099853515625,10816,0.0,0.0
2023-04-13 11:30:00-04:00,478.44000244140625,488.6199951171875,476.0150146484375,482.4849853515625,21917,0.0,0.0
2023-04-13 12:30:00-04:00,482.5,483.70001220703125,477.5899963378906,479.44000244140625,5701,0.0,0.0
2023-04-13 13:30:00-04:00,478.9100036621094,480.989990234375,476.80999755859375,476.80999755859375,9153,0.0,0.0
2023-04-13 14:30:00-04:00,476.510009765625,478.0950012207031,475.04998779296875,477.6400146484375,7653,0.0,0.0
2023-04-13 15:30:00-04:00,477.9849853515625,480.4800109863281,477.07000732421875,478.9700012207031,16604,0.0,0.0
2023-04-14 09:30:00-04:00,478.5899963378906,488.3999938964844,478.5899963378906,482.1700134277344,7191,0.0,0.0
2023-04-14 10:30:00-04:00,482.20001220703125,482.20001220703125,475.32501220703125,479.7900085449219,8501,0.0,0.0
2023-04-14 11:30:00-04:00,479.2200012207031,479.29998779296875,476.3450012207031,479.0799865722656,7948,0.0,0.0
2023-04-14 12:30:00-04:00,479.8800048828125,479.8800048828125,476.1099853515625,477.2699890136719,3385,0.0,0.0
2023-04-14 13:30:00-04:00,475.6600036621094,476.7449951171875,475.30999755859375,475.6199951171875,3094,0.0,0.0
2023-04-14 14:30:00-04:00,475.6499938964844,477.7300109863281,474.3399963378906,477.7300109863281,4427,0.0,0.0
2023-04-14 15:30:00-04:00,477.3500061035156,480.07000732421875,477.3500061035156,479.4200134277344,16174,0.0,0.0
2023-04-17 09:30:00-04:00,481.92999267578125,489.29998779296875,478.6499938964844,489.2900085449219,10996,0.0,0.0
2023-04-17 10:30:00-04:00,489.1700134277344,490.8900146484375,487.17999267578125,487.6050109863281,12897,0.0,0.0
2023-04-17 11:30:00-04:00,485.54998779296875,486.04998779296875,484.82000732421875,485.3500061035156,4831,0.0,0.0
2023-04-17 12:30:00-04:00,487.0799865722656,487.0799865722656,483.4100036621094,483.489990234375,4322,0.0,0.0
2023-04-17 13:30:00-04:00,484.5799865722656,484.5799865722656,479.1300048828125,480.4200134277344,4236,0.0,0.0
2023-04-17 14:30:00-04:00,479.55999755859375,483.7850036621094,479.55999755859375,483.7850036621094,4120,0.0,0.0
2023-04-17 15:30:00-04:00,483.2049865722656,484.8999938964844,480.92999267578125,482.6700134277344,18439,0.0,0.0
2023-04-18 09:30:00-04:00,484.3900146484375,486.7300109863281,481.9750061035156,484.3900146484375,3504,0.0,0.0
2023-04-18 10:30:00-04:00,485.3450012207031,486.79998779296875,483.989990234375,486.2950134277344,6220,0.0,0.0
2023-04-18 11:30:00-04:00,487.20001220703125,488.69000244140625,486.45001220703125,488.1499938964844,4481,0.0,0.0
2023-04-18 12:30:00-04:00,489.0050048828125,490.3349914550781,483.30999755859375,483.30999755859375,7758,0.0,0.0
2023-04-18 13:30:00-04:00,485.3999938964844,486.5799865722656,481.1300048828125,484.0849914550781,5772,0.0,0.0
2023-04-18 14:30:00-04:00,483.8900146484375,485.4599914550781,483.510009765625,485.19500732421875,3230,0.0,0.0
2023-04-18 15:30:00-04:00,485.7699890136719,486.5450134277344,483.010009765625,484.0199890136719,11237,0.0,0.0
2023-04-19 09:30:00-04:00,480.1300048828125,489.0299987792969,473.57000732421875,489.0,17975,0.0,0.0
2023-04-19 10:30:00-04:00,492.5,500.0,490.32000732421875,498.9800109863281,34592,0.0,0.0
2023-04-19 11:30:00-04:00,499.2699890136719,500.0,492.42999267578125,493.6099853515625,9605,0.0,0.0
2023-04-19 12:30:00-04:00,494.7799987792969,501.32000732421875,494.45001220703125,501.32000732421875,21642,0.0,0.0
2023-04-19 13:30:00-04:00,501.69000244140625,508.0950012207031,501.69000244140625,507.70001220703125,15500,0.0,0.0
2023-04-19 14:30:00-04:00,509.0,509.0,501.5199890136719,504.0450134277344,10410,0.0,0.0
2023-04-19 15:30:00-04:00,503.2200012207031,503.2200012207031,497.7200012207031,497.7699890136719,12975,0.0,0.0
2023-04-20 09:30:00-04:00,496.4100036621094,497.9700012207031,483.239990234375,490.875,14626,0.0,0.0
2023-04-20 10:30:00-04:00,488.2900085449219,494.989990234375,488.2900085449219,494.2799987792969,6791,0.0,0.0
2023-04-20 11:30:00-04:00,494.4200134277344,500.0,494.3299865722656,498.7250061035156,20657,0.0,0.0
2023-04-20 12:30:00-04:00,498.510009765625,498.510009765625,492.17999267578125,492.92498779296875,8589,0.0,0.0
2023-04-20 13:30:00-04:00,492.3500061035156,494.07000732421875,491.3399963378906,494.07000732421875,3419,0.0,0.0
2023-04-20 14:30:00-04:00,492.9100036621094,494.2650146484375,492.6000061035156,493.7200012207031,4122,0.0,0.0
2023-04-20 15:30:00-04:00,494.364990234375,494.82000732421875,492.875,493.7099914550781,12590,0.0,0.0
2023-04-21 09:30:00-04:00,493.1300048828125,497.0350036621094,490.67999267578125,490.67999267578125,5215,0.0,0.0
2023-04-21 10:30:00-04:00,490.2550048828125,492.8525085449219,485.42498779296875,488.57000732421875,6605,0.0,0.0
2023-04-21 11:30:00-04:00,489.739990234375,490.0,487.05999755859375,487.79998779296875,6626,0.0,0.0
2023-04-21 12:30:00-04:00,488.1449890136719,488.95001220703125,487.80999755859375,488.0799865722656,2595,0.0,0.0
2023-04-21 13:30:00-04:00,488.8999938964844,490.05999755859375,488.3699951171875,489.7699890136719,4974,0.0,0.0
2023-04-21 14:30:00-04:00,489.2749938964844,489.5274963378906,486.94000244140625,487.1700134277344,7083,0.0,0.0
2023-04-21 15:30:00-04:00,486.5950012207031,491.9200134277344,486.5950012207031,490.2349853515625,15635,0.0,0.0
2023-04-24 09:30:00-04:00,494.0299987792969,494.0299987792969,491.0000915527344,491.0000915527344,3141,0.0,0.0
2023-04-24 10:30:00-04:00,494.0,494.19500732421875,486.0,487.8299865722656,10230,0.0,0.0
2023-04-24 11:30:00-04:00,489.0,489.07501220703125,486.8699951171875,488.82000732421875,3439,0.0,0.0
2023-04-24 12:30:00-04:00,489.6000061035156,490.4549865722656,489.6000061035156,490.4549865722656,906,0.0,0.0
2023-04-24 13:30:00-04:00,492.1700134277344,493.42999267578125,491.4750061035156,491.4750061035156,2299,0.0,0.0
2023-04-24 14:30:00-04:00,492.8125,492.8125,491.5,491.55999755859375,3338,0.0,0.0
2023-04-24 15:30:00-04:00,491.7099914550781,494.510009765625,491.1300048828125,494.510009765625,8364,0.0,0.0
2023-04-25 09:30:00-04:00,491.7200012207031,491.7200012207031,485.6300048828125,486.489990234375,5034,0.0,0.0
2023-04-25 10:30:00-04:00,485.0350036621094,487.9898986816406,481.3900146484375,481.3900146484375,12153,0.0,0.0
2023-04-25 11:30:00-04:00,481.8599853515625,483.9800109863281,480.8299865722656,483.9800109863281,3276,0.0,0.0
2023-04-25 12:30:00-04:00,482.68499755859375,482.7099914550781,479.3299865722656,479.3299865722656,2539,0.0,0.0
2023-04-25 13:30:00-04:00,478.54998779296875,479.42999267578125,475.1300048828125,479.42999267578125,7388,0.0,0.0
2023-04-25 14:30:00-04:00,479.57000732421875,479.6700134277344,478.0,478.0,6191,0.0,0.0
2023-04-25 15:30:00-04:00,477.44000244140625,477.8900146484375,476.0,476.010009765625,7314,0.0,0.0
2023-04-26 09:30:00-04:00,477.1499938964844,483.0199890136719,477.1499938964844,483.0199890136719,7238,0.0,0.0
2023-04-26 10:30:00-04:00,481.2300109863281,482.1300048828125,478.42999267578125,478.42999267578125,11898,0.0,0.0
2023-04-26 11:30:00-04:00,478.95001220703125,482.1000061035156,478.4200134277344,478.4200134277344,14672,0.0,0.0
2023-04-26 12:30:00-04:00,479.0,479.0899963378906,475.5,475.5,13267,0.0,0.0
2023-04-26 13:30:00-04:00,474.8500061035156,476.1099853515625,473.4599914550781,473.95001220703125,10351,0.0,0.0
2023-04-26 14:30:00-04:00,473.7300109863281,473.7300109863281,470.0400085449219,470.8500061035156,9216,0.0,0.0
2023-04-26 15:30:00-04:00,471.3500061035156,474.0299987792969,470.05999755859375,474.0299987792969,22945,0.0,0.0
2023-04-27 09:30:00-04:00,476.3800048828125,484.1549987792969,476.3800048828125,483.29998779296875,4222,0.0,0.0
2023-04-27 10:30:00-04:00,482.9800109863281,482.9800109863281,477.2049865722656,479.3999938964844,8617,0.0,0.0
2023-04-27 11:30:00-04:00,479.4750061035156,480.5050048828125,477.3399963378906,480.04998779296875,10133,0.0,0.0
2023-04-27 12:30:00-04:00,480.6099853515625,480.6400146484375,476.75,479.7300109863281,6924,0.0,0.0
2023-04-27 13:30:00-04:00,481.1300048828125,485.07000732421875,481.1300048828125,482.29998779296875,6177,0.0,0.0
2023-04-27 14:30:00-04:00,483.1199951171875,483.7850036621094,479.739990234375,480.3999938964844,13906,0.0,0.0
2023-04-27 15:30:00-04:00,480.239990234375,481.7099914550781,479.7900085449219,479.7900085449219,11821,0.0,0.0
2023-04-28 09:30:00-04:00,479.3699951171875,488.9200134277344,479.3699951171875,488.9200134277344,3262,0.0,0.0
2023-04-28 10:30:00-04:00,486.4200134277344,489.5899963378906,484.6199951171875,487.0,5202,0.0,0.0
2023-04-28 11:30:00-04:00,486.5899963378906,488.0,485.13238525390625,487.1650085449219,7485,0.0,0.0
2023-04-28 12:30:00-04:00,488.4700012207031,488.4750061035156,487.7850036621094,488.4750061035156,2407,0.0,0.0
2023-04-28 13:30:00-04:00,486.989990234375,488.6600036621094,486.989990234375,488.6400146484375,1551,0.0,0.0
2023-04-28 14:30:00-04:00,487.4549865722656,491.95001220703125,487.4549865722656,490.0,6663,0.0,0.0
2023-04-28 15:30:00-04:00,489.114990234375,490.6600036621094,487.9750061035156,488.70001220703125,9863,0.0,0.0
2023-05-01 09:30:00-04:00,492.75,507.43499755859375,492.75,496.32000732421875,19446,0.0,0.0
2023-05-01 10:30:00-04:00,498.5,503.0,490.3301086425781,496.45001220703125,10559,0.0,0.0
2023-05-01 11:30:00-04:00,497.1099853515625,500.0799865722656,495.50079345703125,500.0799865722656,7853,0.0,0.0
2023-05-01 12:30:00-04:00,501.8599853515625,502.6400146484375,498.1600036621094,502.6400146484375,6792,0.0,0.0
2023-05-01 13:30:00-04:00,502.4200134277344,505.5,500.8349914550781,504.5400085449219,16884,0.0,0.0
2023-05-01 14:30:00-04:00,503.2049865722656,507.1400146484375,501.75,502.29998779296875,24793,0.0,0.0
2023-05-01 15:30:00-04:00,502.7099914550781,502.8800048828125,498.9649963378906,500.5400085449219,30494,0.0,0.0
2023-05-02 09:30:00-04:00,436.1499938964844,459.92498779296875,411.07000732421875,414.07000732421875,112402,0.0,0.0
2023-05-02 10:30:00-04:00,414.0050048828125,438.55999755859375,413.0899963378906,438.20001220703125,48948,0.0,0.0
2023-05-02 11:30:00-04:00,438.20001220703125,438.20001220703125,429.739990234375,437.2768859863281,22558,0.0,0.0
2023-05-02 12:30:00-04:00,437.69000244140625,446.67999267578125,436.8399963378906,445.7900085449219,23711,0.0,0.0
2023-05-02 13:30:00-04:00,446.2099914550781,446.2099914550781,427.8699951171875,429.3550109863281,17827,0.0,0.0
2023-05-02 14:30:00-04:00,429.95001220703125,435.5849914550781,427.7300109863281,430.7699890136719,22330,0.0,0.0
2023-05-02 15:30:00-04:00,429.8299865722656,433.4200134277344,428.0,429.95001220703125,34149,0.0,0.0
2023-05-03 09:30:00-04:00,429.04998779296875,451.260009765625,429.04998779296875,450.94000244140625,14363,0.0,0.0
2023-05-03 10:30:00-04:00,450.59991455078125,450.59991455078125,442.6099853515625,443.6300048828125,11691,0.0,0.0
2023-05-03 11:30:00-04:00,443.1400146484375,447.5199890136719,443.1400146484375,447.489990234375,5891,0.0,0.0
2023-05-03 12:30:00-04:00,447.8500061035156,453.8999938964844,447.4150085449219,453.8999938964844,9715,0.0,0.0
2023-05-03 13:30:00-04:00,453.739990234375,456.3500061035156,452.2300109863281,453.5199890136719,8621,0.0,0.0
2023-05-03 14:30:00-04:00,453.25,456.8999938964844,451.45001220703125,455.9800109863281,11202,0.0,0.0
2023-05-03 15:30:00-04:00,453.9599914550781,454.1700134277344,449.0,450.8900146484375,21611,0.0,0.0
2023-05-04 09:30:00-04:00,447.70001220703125,449.55499267578125,438.17999267578125,438.17999267578125,8279,0.0,0.0
2023-05-04 10:30:00-04:00,438.1000061035156,439.6000061035156,430.5849914550781,434.05999755859375,12239,0.0,0.0
2023-05-04 11:30:00-04:00,431.0199890136719,431.6300048828125,429.2699890136719,431.6000061035156,5302,0.0,0.0
2023-05-04 12:30:00-04:00,434.9100036621094,436.1400146484375,434.8900146484375,436.1300048828125,2482,0.0,0.0
2023-05-04 13:30:00-04:00,438.2300109863281,441.010009765625,438.2300109863281,440.4800109863281,5630,0.0,0.0
2023-05-04 14:30:00-04:00,438.6099853515625,442.0799865722656,438.3599853515625,438.3599853515625,4751,0.0,0.0
2023-05-04 15:30:00-04:00,440.0199890136719,440.3399963378906,436.3999938964844,437.25,15317,0.0,0.0
2023-05-05 09:30:00-04:00,448.6199951171875,448.6199951171875,440.9599914550781,446.20001220703125,3965,0.0,0.0
2023-05-05 10:30:00-04:00,447.56500244140625,450.44000244140625,447.56500244140625,450.0,3662,0.0,0.0
2023-05-05 11:30:00-04:00,450.3699951171875,450.3699951171875,449.8106994628906,450.0,1582,0.0,0.0
2023-05-05 12:30:00-04:00,451.3999938964844,451.9700012207031,446.8299865722656,446.8299865722656,4492,0.0,0.0
2023-05-05 13:30:00-04:00,449.2200012207031,451.1600036621094,449.2200012207031,451.1600036621094,3817,0.0,0.0
2023-05-05 14:30:00-04:00,451.3399963378906,453.9700012207031,449.5199890136719,449.5199890136719,6395,0.0,0.0
2023-05-05 15:30:00-04:00,450.0,452.4800109863281,449.0199890136719,449.0199890136719,11710,0.0,0.0
2023-05-08 09:30:00-04:00,449.32000732421875,449.32000732421875,438.4949951171875,438.4949951171875,5039,0.0,0.0
2023-05-08 10:30:00-04:00,441.5899963378906,445.3900146484375,441.5899963378906,444.43499755859375,3337,0.0,0.0
2023-05-08 11:30:00-04:00,443.0,446.4150085449219,443.0,444.7593994140625,6727,0.0,0.0
2023-05-08 12:30:00-04:00,444.0,444.0,444.0,444.0,1176,0.0,0.0
2023-05-08 13:30:00-04:00,445.7149963378906,445.75,444.2900085449219,444.2900085449219,3170,0.0,0.0
2023-05-08 14:30:00-04:00,448.4356994628906,448.510009765625,445.5400085449219,446.67999267578125,2924,0.0,0.0
2023-05-08 15:30:00-04:00,445.57000732421875,446.4700012207031,444.8500061035156,445.5400085449219,9598,0.0,0.0
2023-05-09 09:30:00-04:00,443.9200134277344,446.7850036621094,443.55999755859375,446.7850036621094,0,0.0,0.0
2023-05-09 10:30:00-04:00,446.4649963378906,447.3900146484375,441.0,441.70001220703125,6454,0.0,0.0
2023-05-09 11:30:00-04:00,442.04998779296875,442.04998779296875,438.5,441.29998779296875,6191,0.0,0.0
2023-05-09 12:30:00-04:00,441.4849853515625,441.4849853515625,436.8699951171875,438.1600036621094,6036,0.0,0.0
2023-05-09 13:30:00-04:00,438.1499938964844,439.3450012207031,436.67498779296875,438.92999267578125,3476,0.0,0.0
2023-05-09 14:30:00-04:00,438.6300048828125,439.82000732421875,437.25,438.4549865722656,4674,0.0,0.0
2023-05-09 15:30:00-04:00,438.9800109863281,440.8699951171875,437.1000061035156,437.30999755859375,22972,0.0,0.0
2023-05-10 09:30:00-04:00,445.8699951171875,445.8699951171875,437.82000732421875,438.6300048828125,3659,0.0,0.0
2023-05-10 10:30:00-04:00,435.57000732421875,435.57000732421875,434.0199890136719,434.0199890136719,4974,0.0,0.0
2023-05-10 11:30:00-04:00,434.1000061035156,434.1000061035156,433.0,433.0,2026,0.0,0.0
2023-05-10 12:30:00-04:00,431.45831298828125,431.45831298828125,425.8999938964844,425.8999938964844,3592,0.0,0.0
2023-05-10 13:30:00-04:00,425.8699951171875,431.25,425.8699951171875,429.5199890136719,4484,0.0,0.0
2023-05-10 14:30:00-04:00,430.6000061035156,432.9599914550781,427.29998779296875,432.9599914550781,17395,0.0,0.0
2023-05-10 15:30:00-04:00,432.5400085449219,434.4700012207031,430.55999755859375,430.57000732421875,9195,0.0,0.0
2023-05-11 09:30:00-04:00,426.69000244140625,429.8299865722656,426.69000244140625,427.8699951171875,3243,0.0,0.0
2023-05-11 10:30:00-04:00,431.5799865722656,431.5799865722656,427.2099914550781,427.2099914550781,2336,0.0,0.0
2023-05-11 11:30:00-04:00,431.260009765625,433.0199890136719,428.8599853515625,429.7300109863281,2728,0.0,0.0
2023-05-11 12:30:00-04:00,430.3900146484375,430.44000244140625,427.57000732421875,428.20001220703125,3344,0.0,0.0
2023-05-11 13:30:00-04:00,428.8999938964844,429.1824951171875,427.1499938964844,427.7799987792969,3553,0.0,0.0
2023-05-11 14:30:00-04:00,427.4700012207031,428.4200134277344,427.4700012207031,428.4200134277344,2379,0.0,0.0
2023-05-11 15:30:00-04:00,429.1449890136719,431.1889953613281,427.92999267578125,429.6600036621094,7560,0.0,0.0
2023-05-12 09:30:00-04:00,430.04998779296875,430.04998779296875,429.0,429.0,0,0.0,0.0
2023-05-12 10:30:00-04:00,429.0,431.0400085449219,428.1400146484375,430.8800048828125,2589,0.0,0.0
2023-05-12 11:30:00-04:00,429.8349914550781,429.8349914550781,427.3550109863281,427.3550109863281,2627,0.0,0.0
2023-05-12 12:30:00-04:00,427.30499267578125,427.30499267578125,425.7449951171875,426.4800109863281,4655,0.0,0.0
2023-05-12 13:30:00-04:00,427.7099914550781,427.7099914550781,425.44500732421875,425.44500732421875,6088,0.0,0.0
2023-05-12 14:30:00-04:00,424.5,427.3500061035156,423.8800048828125,427.3500061035156,4734,0.0,0.0
2023-05-12 15:30:00-04:00,427.6199951171875,431.04998779296875,427.6199951171875,430.0199890136719,9768,0.0,0.0
2023-05-15 09:30:00-04:00,433.07000732421875,433.07000732421875,432.8599853515625,432.8599853515625,1331,0.0,0.0
2023-05-15 10:30:00-04:00,434.25,436.44000244140625,432.6499938964844,436.04998779296875,6668,0.0,0.0
2023-05-15 11:30:00-04:00,435.94000244140625,436.2550048828125,433.1499938964844,433.1499938964844,4036,0.0,0.0
2023-05-15 12:30:00-04:00,437.6000061035156,437.9100036621094,436.6000061035156,436.6000061035156,2836,0.0,0.0
2023-05-15 13:30:00-04:00,433.8800048828125,437.44000244140625,433.8800048828125,437.3800048828125,1920,0.0,0.0
2023-05-15 14:30:00-04:00,437.510009765625,437.8599853515625,434.8550109863281,436.2749938964844,3240,0.0,0.0
2023-05-15 15:30:00-04:00,436.30499267578125,437.57000732421875,435.0450134277344,437.3699951171875,8946,0.0,0.0
2023-05-16 09:30:00-04:00,434.0,435.1300048828125,428.1400146484375,429.79998779296875,0,0.0,0.0
2023-05-16 10:30:00-04:00,430.2850036621094,430.3399963378906,429.3999938964844,429.5799865722656,1585,0.0,0.0
2023-05-16 11:30:00-04:00,429.4150085449219,429.9200134277344,429.0,429.0,2559,0.0,0.0
2023-05-16 12:30:00-04:00,427.6294860839844,428.9200134277344,426.0350036621094,428.9200134277344,2478,0.0,0.0
2023-05-16 13:30:00-04:00,427.55999755859375,427.5799865722656,426.2099914550781,426.2099914550781,2519,0.0,0.0
2023-05-16 14:30:00-04:00,426.07000732421875,430.2799987792969,426.07000732421875,429.0,5135,0.0,0.0
2023-05-16 15:30:00-04:00,427.42999267578125,427.42999267578125,424.70001220703125,426.4800109863281,10119,0.0,0.0
2023-05-17 09:30:00-04:00,425.6075134277344,428.0899963378906,424.1600036621094,424.69000244140625,4375,0.0,0.0
2023-05-17 10:30:00-04:00,426.3299865722656,429.32000732421875,425.95001220703125,428.18499755859375,3544,0.0,0.0
2023-05-17 11:30:00-04:00,426.2200012207031,427.9800109863281,425.5,427.9800109863281,3539,0.0,0.0
2023-05-17 12:30:00-04:00,431.2650146484375,435.0899963378906,431.2650146484375,435.0,4512,0.0,0.0
2023-05-17 13:30:00-04:00,434.4200134277344,436.1099853515625,434.11749267578125,434.23748779296875,5040,0.0,0.0
2023-05-17 14:30:00-04:00,434.30999755859375,434.82501220703125,432.7099914550781,434.1400146484375,7088,0.0,0.0
2023-05-17 15:30:00-04:00,434.0325012207031,436.8800048828125,434.0325012207031,436.8800048828125,7597,0.0,0.0
2023-05-18 09:30:00-04:00,435.04998779296875,435.04998779296875,434.44000244140625,434.44000244140625,0,0.0,0.0
2023-05-18 10:30:00-04:00,439.7699890136719,442.760009765625,438.5400085449219,442.0400085449219,6016,0.0,0.0
2023-05-18 11:30:00-04:00,439.7900085449219,441.30999755859375,434.0,435.8500061035156,6270,0.0,0.0
2023-05-18 12:30:00-04:00,434.95001220703125,438.2300109863281,434.95001220703125,437.5150146484375,1440,0.0,0.0
2023-05-18 13:30:00-04:00,437.1000061035156,437.1000061035156,437.1000061035156,437.1000061035156,329,0.0,0.0
2023-05-18 14:30:00-04:00,438.260009765625,438.260009765625,435.9150085449219,435.9150085449219,5755,0.0,0.0
2023-05-18 15:30:00-04:00,435.989990234375,439.1449890136719,432.75,438.07000732421875,31863,0.0,0.0
2023-05-19 09:30:00-04:00,441.8399963378906,442.0,436.0899963378906,439.17498779296875,2253,0.0,0.0
2023-05-19 10:30:00-04:00,437.1099853515625,437.1099853515625,433.29998779296875,433.7200012207031,5461,0.0,0.0
2023-05-19 11:30:00-04:00,431.05999755859375,434.9700012207031,429.0199890136719,434.9700012207031,6073,0.0,0.0
2023-05-19 12:30:00-04:00,431.0799865722656,432.29998779296875,430.739990234375,431.8299865722656,3045,0.0,0.0
2023-05-19 13:30:00-04:00,431.6000061035156,432.9800109863281,430.19500732421875,432.9800109863281,2989,0.0,0.0
2023-05-19 14:30:00-04:00,434.82000732421875,437.3900146484375,432.8999938964844,437.3900146484375,8723,0.0,0.0
2023-05-19 15:30:00-04:00,436.30999755859375,438.8699951171875,434.2699890136719,434.2699890136719,8604,0.0,0.0
2023-05-22 09:30:00-04:00,434.79998779296875,438.5799865722656,434.79998779296875,436.989990234375,2327,0.0,0.0
2023-05-22 10:30:00-04:00,434.4224853515625,434.5299987792969,434.4224853515625,434.5299987792969,1749,0.0,0.0
2023-05-22 11:30:00-04:00,435.8599853515625,436.0799865722656,435.8599853515625,436.0799865722656,1200,0.0,0.0
2023-05-22 12:30:00-04:00,434.9599914550781,439.20001220703125,434.79998779296875,435.635009765625,11555,0.0,0.0
2023-05-22 13:30:00-04:00,436.32501220703125,439.9674987792969,436.32501220703125,439.8299865722656,14691,0.0,0.0
2023-05-22 14:30:00-04:00,440.1600036621094,441.68499755859375,440.1499938964844,441.68499755859375,4333,0.0,0.0
2023-05-22 15:30:00-04:00,441.6650085449219,444.95001220703125,441.6650085449219,443.57000732421875,16721,0.0,0.0
2023-05-23 09:30:00-04:00,443.8399963378906,455.0,442.94000244140625,450.4599914550781,7469,0.0,0.0
2023-05-23 10:30:00-04:00,452.67999267578125,454.20001220703125,448.3599853515625,449.6199951171875,7287,0.0,0.0
2023-05-23 11:30:00-04:00,447.4200134277344,447.4200134277344,445.57000732421875,445.57000732421875,2963,0.0,0.0
2023-05-23 12:30:00-04:00,443.4200134277344,445.7200012207031,439.6449890136719,439.6449890136719,13302,0.0,0.0
2023-05-23 13:30:00-04:00,440.0400085449219,444.2799987792969,439.79998779296875,439.79998779296875,13302,0.0,0.0
2023-05-23 14:30:00-04:00,440.69000244140625,441.760009765625,439.19000244140625,440.55999755859375,7216,0.0,0.0
2023-05-23 15:30:00-04:00,441.1300048828125,442.0799865722656,440.70001220703125,442.0799865722656,7298,0.0,0.0
2023-05-24 09:30:00-04:00,431.04998779296875,431.9100036621094,425.760009765625,426.55999755859375,9250,0.0,0.0
2023-05-24 10:30:00-04:00,427.0899963378906,433.2699890136719,427.0899963378906,433.2699890136719,7869,0.0,0.0
2023-05-24 11:30:00-04:00,435.92999267578125,435.92999267578125,431.8500061035156,431.8500061035156,13258,0.0,0.0
2023-05-24 12:30:00-04:00,429.8500061035156,432.17999267578125,428.1300048828125,431.3999938964844,10161,0.0,0.0
2023-05-24 13:30:00-04:00,431.17999267578125,432.17999267578125,429.8800048828125,430.3699951171875,16749,0.0,0.0
2023-05-24 14:30:00-04:00,431.6400146484375,434.5799865722656,429.8999938964844,434.5799865722656,7714,0.0,0.0
2023-05-24 15:30:00-04:00,435.1099853515625,435.4700012207031,432.80999755859375,434.6199951171875,9886,0.0,0.0
2023-05-25 09:30:00-04:00,435.2699890136719,436.17999267578125,431.2300109863281,432.42999267578125,2393,0.0,0.0
2023-05-25 10:30:00-04:00,433.42999267578125,436.94000244140625,432.8399963378906,435.5899963378906,5653,0.0,0.0
2023-05-25 11:30:00-04:00,432.5,438.3599853515625,432.5,436.9599914550781,4682,0.0,0.0
2023-05-25 12:30:00-04:00,434.42999267578125,434.989990234375,431.8900146484375,432.3349914550781,2870,0.0,0.0
2023-05-25 13:30:00-04:00,432.5,433.9100036621094,432.20001220703125,433.9100036621094,1650,0.0,0.0
2023-05-25 14:30:00-04:00,430.8999938964844,436.70001220703125,430.8999938964844,436.70001220703125,11327,0.0,0.0
2023-05-25 15:30:00-04:00,436.0150146484375,436.4599914550781,434.239990234375,434.3900146484375,7331,0.0,0.0
2023-05-26 09:30:00-04:00,437.0,437.0,432.6524963378906,436.1199951171875,2087,0.0,0.0
2023-05-26 10:30:00-04:00,436.2900085449219,438.6549987792969,433.7749938964844,438.0,5947,0.0,0.0
2023-05-26 11:30:00-04:00,436.82000732421875,444.1099853515625,436.82000732421875,444.1099853515625,6933,0.0,0.0
2023-05-26 12:30:00-04:00,445.9200134277344,445.9200134277344,441.55999755859375,441.55999755859375,2505,0.0,0.0
2023-05-26 13:30:00-04:00,443.92999267578125,443.92999267578125,441.4200134277344,441.4200134277344,1625,0.0,0.0
2023-05-26 14:30:00-04:00,441.625,445.0,440.8399963378906,445.0,8130,0.0,0.0
2023-05-26 15:30:00-04:00,445.0,447.2799987792969,444.5874938964844,445.4800109863281,13577,0.0,0.0
2023-05-30 09:30:00-04:00,447.0,455.8900146484375,447.0,451.9100036621094,7623,0.0,0.0
2023-05-30 10:30:00-04:00,449.20001220703125,451.7149963378906,449.20001220703125,449.6700134277344,7013,0.0,0.0
2023-05-30 11:30:00-04:00,451.1050109863281,456.5375061035156,451.1050109863281,452.5350036621094,9509,0.0,0.0
2023-05-30 12:30:00-04:00,453.0,455.0799865722656,452.8299865722656,454.5050048828125,2674,0.0,0.0
2023-05-30 13:30:00-04:00,454.04998779296875,454.9700012207031,452.57000732421875,454.0,3408,0.0,0.0
2023-05-30 14:30:00-04:00,453.8599853515625,454.32000732421875,452.1199951171875,452.67498779296875,10151,0.0,0.0
2023-05-30 15:30:00-04:00,456.2250061035156,458.739990234375,455.04998779296875,458.1199951171875,9696,0.0,0.0
2023-05-31 09:30:00-04:00,455.0,455.010009765625,441.7950134277344,441.7950134277344,7915,0.0,0.0
2023-05-31 10:30:00-04:00,441.7349853515625,443.80999755859375,439.5350036621094,443.80999755859375,13543,0.0,0.0
2023-05-31 11:30:00-04:00,443.1449890136719,445.95001220703125,440.1199951171875,442.44000244140625,13144,0.0,0.0
2023-05-31 12:30:00-04:00,442.8399963378906,444.04998779296875,440.2825012207031,442.0,11273,0.0,0.0
2023-05-31 13:30:00-04:00,442.2250061035156,447.4200134277344,442.2250061035156,447.4200134277344,5922,0.0,0.0
2023-05-31 14:30:00-04:00,445.45001220703125,447.1700134277344,443.6700134277344,444.45001220703125,15713,0.0,0.0
2023-05-31 15:30:00-04:00,445.0199890136719,447.0400085449219,442.7699890136719,446.30999755859375,14843,0.0,0.0
2023-06-01 09:30:00-04:00,442.67999267578125,442.67999267578125,437.0,439.989990234375,13490,0.0,0.0
2023-06-01 10:30:00-04:00,443.0,449.7950134277344,443.0,449.7950134277344,4473,0.0,0.0
2023-06-01 11:30:00-04:00,450.3399963378906,454.239990234375,450.3399963378906,452.32000732421875,4231,0.0,0.0
2023-06-01 12:30:00-04:00,450.25,454.489990234375,450.25,453.9700012207031,12865,0.0,0.0
2023-06-01 13:30:00-04:00,454.44000244140625,457.614990234375,454.2900085449219,456.0350036621094,2894,0.0,0.0
2023-06-01 14:30:00-04:00,455.3550109863281,456.2650146484375,450.3399963378906,451.29998779296875,9742,0.0,0.0
2023-06-01 15:30:00-04:00,451.3900146484375,451.8900146484375,447.510009765625,448.95001220703125,20239,0.0,0.0
2023-06-02 09:30:00-04:00,458.0799865722656,462.989990234375,457.6700134277344,462.989990234375,4909,0.0,0.0
2023-06-02 10:30:00-04:00,465.9100036621094,472.2250061035156,465.9100036621094,469.2900085449219,8120,0.0,0.0
2023-06-02 11:30:00-04:00,469.92498779296875,471.12060546875,466.8599853515625,466.9100036621094,6077,0.0,0.0
2023-06-02 12:30:00-04:00,468.29998779296875,472.0400085449219,468.07000732421875,472.0,16854,0.0,0.0
2023-06-02 13:30:00-04:00,471.67498779296875,473.5899963378906,471.1549987792969,472.3999938964844,5041,0.0,0.0
2023-06-02 14:30:00-04:00,473.9700012207031,474.489990234375,471.4800109863281,471.4800109863281,5488,0.0,0.0
2023-06-02 15:30:00-04:00,473.0400085449219,475.8599853515625,472.8500061035156,475.1700134277344,9040,0.0,0.0
2023-06-05 09:30:00-04:00,477.54998779296875,477.54998779296875,464.0,464.489990234375,2013,0.0,0.0
2023-06-05 10:30:00-04:00,466.489990234375,474.0,461.6000061035156,472.5350036621094,16358,0.0,0.0
2023-06-05 11:30:00-04:00,472.18499755859375,476.9150085449219,471.135009765625,476.80999755859375,7576,0.0,0.0
2023-06-05 12:30:00-04:00,475.6600036621094,477.3550109863281,474.3299865722656,475.4750061035156,15315,0.0,0.0
2023-06-05 13:30:00-04:00,474.6474914550781,478.5400085449219,474.6474914550781,476.82501220703125,43790,0.0,0.0
2023-06-05 14:30:00-04:00,476.8475036621094,477.8299865722656,475.5299987792969,477.0,12801,0.0,0.0
2023-06-05 15:30:00-04:00,476.79998779296875,479.9100036621094,476.6499938964844,478.6199951171875,12222,0.0,0.0
2023-06-06 09:30:00-04:00,476.4100036621094,491.3999938964844,476.4100036621094,491.3999938964844,7997,0.0,0.0
2023-06-06 10:30:00-04:00,492.5299987792969,496.29998779296875,491.3599853515625,492.2900085449219,12961,0.0,0.0
2023-06-06 11:30:00-04:00,492.7099914550781,496.69000244140625,492.7099914550781,495.2650146484375,9234,0.0,0.0
2023-06-06 12:30:00-04:00,495.2650146484375,495.2650146484375,493.5950012207031,494.1099853515625,19553,0.0,0.0
2023-06-06 13:30:00-04:00,494.1099853515625,500.0,494.1099853515625,496.17999267578125,28141,0.0,0.0
2023-06-06 14:30:00-04:00,495.260009765625,499.0,494.6199951171875,498.42498779296875,13311,0.0,0.0
2023-06-06 15:30:00-04:00,498.20001220703125,498.2099914550781,495.82000732421875,497.5299987792969,20179,0.0,0.0
2023-06-07 09:30:00-04:00,501.1099853515625,507.510009765625,499.3900146484375,505.4200134277344,7955,0.0,0.0
2023-06-07 10:30:00-04:00,505.55999755859375,509.6600036621094,504.57000732421875,506.2850036621094,10644,0.0,0.0
2023-06-07 11:30:00-04:00,508.2799987792969,509.45001220703125,506.010009765625,507.0,11418,0.0,0.0
2023-06-07 12:30:00-04:00,507.0,509.0,506.010009765625,507.6474914550781,14357,0.0,0.0
2023-06-07 13:30:00-04:00,506.9849853515625,507.6700134277344,506.3500061035156,507.6000061035156,5070,0.0,0.0
2023-06-07 14:30:00-04:00,507.6000061035156,510.75,507.6000061035156,510.75,9474,0.0,0.0
2023-06-07 15:30:00-04:00,511.4599914550781,513.3400268554688,509.2699890136719,512.25,25452,0.0,0.0
2023-06-08 09:30:00-04:00,510.0,510.7250061035156,507.4100036621094,510.3974914550781,3698,0.0,0.0
2023-06-08 10:30:00-04:00,510.510009765625,510.510009765625,502.8500061035156,502.8500061035156,6324,0.0,0.0
2023-06-08 11:30:00-04:00,501.67999267578125,506.2699890136719,500.07000732421875,503.8500061035156,13301,0.0,0.0
2023-06-08 12:30:00-04:00,504.0,505.5,499.80499267578125,502.5450134277344,8546,0.0,0.0
2023-06-08 13:30:00-04:00,504.1499938964844,505.3800048828125,504.1499938964844,505.0299987792969,1618,0.0,0.0
2023-06-08 14:30:00-04:00,508.17999267578125,508.17999267578125,504.2149963378906,504.2149963378906,6148,0.0,0.0
2023-06-08 15:30:00-04:00,502.739990234375,504.010009765625,501.05999755859375,503.0,15792,0.0,0.0
2023-06-09 09:30:00-04:00,503.739990234375,505.32000732421875,501.45001220703125,505.0,0,0.0,0.0
2023-06-09 10:30:00-04:00,507.20001220703125,507.20001220703125,493.3399963378906,493.3399963378906,11166,0.0,0.0
2023-06-09 11:30:00-04:00,494.135009765625,498.2200012207031,494.135009765625,497.92999267578125,2338,0.0,0.0
2023-06-09 12:30:00-04:00,498.1400146484375,499.6600036621094,497.0199890136719,499.6600036621094,2483,0.0,0.0
2023-06-09 13:30:00-04:00,498.19000244140625,498.4599914550781,493.55999755859375,498.45001220703125,7686,0.0,0.0
2023-06-09 14:30:00-04:00,497.25,497.2900085449219,494.6400146484375,496.8599853515625,4422,0.0,0.0
2023-06-09 15:30:00-04:00,496.1099853515625,499.75,496.0,499.45001220703125,9643,0.0,0.0
2023-06-12 09:30:00-04:00,498.3299865722656,502.5299987792969,498.3299865722656,501.3999938964844,3705,0.0,0.0
2023-06-12 10:30:00-04:00,500.3125,500.42999267578125,500.3125,500.31500244140625,1369,0.0,0.0
2023-06-12 11:30:00-04:00,496.2200012207031,496.9200134277344,491.010009765625,493.510009765625,16066,0.0,0.0
2023-06-12 12:30:00-04:00,494.0950012207031,494.1000061035156,491.6300048828125,491.80999755859375,3465,0.0,0.0
2023-06-12 13:30:00-04:00,490.6600036621094,492.9700012207031,490.25,491.0,3220,0.0,0.0
2023-06-12 14:30:00-04:00,491.4549865722656,493.0198974609375,490.1099853515625,491.7300109863281,5028,0.0,0.0
2023-06-12 15:30:00-04:00,491.42498779296875,491.42498779296875,488.1535949707031,491.0199890136719,12869,0.0,0.0
2023-06-13 09:30:00-04:00,501.1846923828125,504.3949890136719,497.7900085449219,502.6000061035156,6660,0.0,0.0
2023-06-13 10:30:00-04:00,503.94000244140625,506.8900146484375,503.260009765625,506.44500732421875,8352,0.0,0.0
2023-06-13 11:30:00-04:00,508.760009765625,508.760009765625,505.0,505.8450012207031,4685,0.0,0.0
2023-06-13 12:30:00-04:00,508.7799987792969,508.7799987792969,504.7200012207031,506.92498779296875,6113,0.0,0.0
2023-06-13 13:30:00-04:00,507.04998779296875,508.79998779296875,505.989990234375,505.989990234375,5137,0.0,0.0
2023-06-13 14:30:00-04:00,507.7550048828125,509.2699890136719,506.8299865722656,506.8299865722656,5340,0.0,0.0
2023-06-13 15:30:00-04:00,506.3800048828125,507.9200134277344,504.6300048828125,504.6300048828125,11185,0.0,0.0
2023-06-14 09:30:00-04:00,504.7300109863281,507.0,498.82000732421875,502.5400085449219,6816,0.0,0.0
2023-06-14 10:30:00-04:00,502.0,506.5950012207031,502.0,506.5950012207031,3487,0.0,0.0
2023-06-14 11:30:00-04:00,505.17999267578125,505.17999267578125,503.864990234375,503.864990234375,1447,0.0,0.0
2023-06-14 12:30:00-04:00,502.885009765625,503.07000732421875,500.3900146484375,500.875,1577,0.0,0.0
2023-06-14 13:30:00-04:00,500.92401123046875,500.92401123046875,492.1499938964844,492.1499938964844,9003,0.0,0.0
2023-06-14 14:30:00-04:00,491.9200134277344,497.5199890136719,491.9200134277344,495.2250061035156,9698,0.0,0.0
2023-06-14 15:30:00-04:00,493.8299865722656,496.7799987792969,492.989990234375,496.54998779296875,6086,0.0,0.0
2023-06-15 09:30:00-04:00,491.69000244140625,500.55999755859375,485.94500732421875,491.3349914550781,5466,0.0,0.0
2023-06-15 10:30:00-04:00,495.4049987792969,504.20001220703125,495.3900146484375,503.1000061035156,23753,0.0,0.0
2023-06-15 11:30:00-04:00,502.2099914550781,506.1400146484375,502.0,503.0,11574,0.0,0.0
2023-06-15 12:30:00-04:00,503.0350036621094,504.4100036621094,501.885009765625,501.885009765625,2864,0.0,0.0
2023-06-15 13:30:00-04:00,504.32000732421875,505.5150146484375,503.635009765625,503.635009765625,2802,0.0,0.0
2023-06-15 14:30:00-04:00,503.4949951171875,505.7449951171875,503.4949951171875,505.4750061035156,2919,0.0,0.0
2023-06-15 15:30:00-04:00,506.1099853515625,510.95001220703125,506.1099853515625,508.25,12567,0.0,0.0
2023-06-16 09:30:00-04:00,511.0,511.0,500.0,500.29998779296875,11913,0.0,0.0
2023-06-16 10:30:00-04:00,500.5,503.4800109863281,496.17498779296875,497.19000244140625,9472,0.0,0.0
2023-06-16 11:30:00-04:00,497.25,498.5299987792969,495.5199890136719,498.5299987792969,7488,0.0,0.0
2023-06-16 12:30:00-04:00,499.4800109863281,502.0199890136719,499.4800109863281,501.0,5050,0.0,0.0
2023-06-16 13:30:00-04:00,500.010009765625,500.70989990234375,497.5050048828125,497.5050048828125,2497,0.0,0.0
2023-06-16 14:30:00-04:00,497.32000732421875,497.6199951171875,494.92999267578125,494.92999267578125,3934,0.0,0.0
2023-06-16 15:30:00-04:00,495.0400085449219,496.739990234375,493.1600036621094,493.42999267578125,9577,0.0,0.0
2023-06-20 09:30:00-04:00,489.489990234375,490.2900085449219,485.0,490.1600036621094,9279,0.0,0.0
2023-06-20 10:30:00-04:00,491.4700012207031,492.510009765625,489.3800048828125,490.0400085449219,5974,0.0,0.0
2023-06-20 11:30:00-04:00,488.0,490.010009765625,486.94000244140625,487.8999938964844,2028,0.0,0.0
2023-06-20 12:30:00-04:00,487.5400085449219,490.5050048828125,487.3900146484375,489.0799865722656,3574,0.0,0.0
2023-06-20 13:30:00-04:00,489.0,490.1000061035156,488.0,490.1000061035156,3751,0.0,0.0
2023-06-20 14:30:00-04:00,489.5899963378906,491.510009765625,488.6700134277344,491.2699890136719,4950,0.0,0.0
2023-06-20 15:30:00-04:00,490.989990234375,493.4700012207031,490.04998779296875,492.92498779296875,14004,0.0,0.0
2023-06-21 09:30:00-04:00,490.5799865722656,495.75,490.5799865722656,494.67999267578125,4428,0.0,0.0
2023-06-21 10:30:00-04:00,493.82000732421875,495.3900146484375,491.20001220703125,492.05999755859375,12337,0.0,0.0
2023-06-21 11:30:00-04:00,491.6499938964844,496.989990234375,491.2200012207031,494.3699951171875,16672,0.0,0.0
2023-06-21 12:30:00-04:00,494.3500061035156,494.3500061035156,491.3450012207031,491.3450012207031,1598,0.0,0.0
2023-06-21 13:30:00-04:00,492.2699890136719,494.55499267578125,492.2699890136719,493.7099914550781,3516,0.0,0.0
2023-06-21 14:30:00-04:00,495.5799865722656,495.5799865722656,495.0899963378906,495.2699890136719,2138,0.0,0.0
2023-06-21 15:30:00-04:00,494.36749267578125,495.6700134277344,493.30999755859375,493.30999755859375,6328,0.0,0.0
2023-06-22 09:30:00-04:00,488.5799865722656,488.80999755859375,483.989990234375,488.5375061035156,6387,0.0,0.0
2023-06-22 10:30:00-04:00,489.69500732421875,491.3800048828125,487.94000244140625,489.7099914550781,4377,0.0,0.0
2023-06-22 11:30:00-04:00,489.69000244140625,492.3599853515625,489.69000244140625,490.5,2647,0.0,0.0
2023-06-22 12:30:00-04:00,490.260009765625,491.7650146484375,490.260009765625,491.7650146484375,1750,0.0,0.0
2023-06-22 13:30:00-04:00,492.2449951171875,493.2900085449219,490.19000244140625,493.2900085449219,11609,0.0,0.0
2023-06-22 14:30:00-04:00,493.8800048828125,496.1400146484375,493.7200012207031,493.7200012207031,4008,0.0,0.0
2023-06-22 15:30:00-04:00,493.04998779296875,494.92999267578125,492.94500732421875,493.05499267578125,8892,0.0,0.0
2023-06-23 09:30:00-04:00,486.5299987792969,497.44500732421875,486.239990234375,497.44500732421875,6472,0.0,0.0
2023-06-23 10:30:00-04:00,501.30999755859375,501.4800109863281,496.739990234375,497.7200012207031,2539,0.0,0.0
2023-06-23 11:30:00-04:00,498.2300109863281,498.8699951171875,497.82000732421875,498.6400146484375,3069,0.0,0.0
2023-06-23 12:30:00-04:00,500.57000732421875,500.79998779296875,495.42999267578125,498.8900146484375,13835,0.0,0.0
2023-06-23 13:30:00-04:00,499.8599853515625,503.3706970214844,499.8599853515625,502.0450134277344,6915,0.0,0.0
2023-06-23 14:30:00-04:00,498.7149963378906,502.5,498.7149963378906,502.0950012207031,5969,0.0,0.0
2023-06-23 15:30:00-04:00,503.4849853515625,503.55999755859375,499.05999755859375,500.0,14429,0.0,0.0
2023-06-26 09:30:00-04:00,500.7699890136719,506.1300048828125,500.7699890136719,503.3500061035156,3275,0.0,0.0
2023-06-26 10:30:00-04:00,498.42498779296875,501.42999267578125,498.42498779296875,500.4800109863281,5213,0.0,0.0
2023-06-26 11:30:00-04:00,501.0,502.0299987792969,496.0299987792969,497.3800048828125,13986,0.0,0.0
2023-06-26 12:30:00-04:00,493.6199951171875,493.75,491.3800048828125,491.3800048828125,2221,0.0,0.0
2023-06-26 13:30:00-04:00,491.6000061035156,493.260009765625,491.19500732421875,491.3999938964844,9730,0.0,0.0
2023-06-26 14:30:00-04:00,491.25250244140625,493.42999267578125,491.19000244140625,491.19000244140625,3105,0.0,0.0
2023-06-26 15:30:00-04:00,491.70001220703125,491.70001220703125,486.6400146484375,486.739990234375,9147,0.0,0.0
2023-06-27 09:30:00-04:00,487.010009765625,495.5199890136719,487.010009765625,492.7799987792969,3198,0.0,0.0
2023-06-27 10:30:00-04:00,491.3800048828125,493.32000732421875,490.8900146484375,491.25,5498,0.0,0.0
2023-06-27 11:30:00-04:00,491.7799987792969,492.6400146484375,489.5,492.6400146484375,2487,0.0,0.0
2023-06-27 12:30:00-04:00,491.0150146484375,498.7699890136719,490.3800048828125,498.7699890136719,16638,0.0,0.0
2023-06-27 13:30:00-04:00,501.3299865722656,508.7900085449219,501.3299865722656,506.3599853515625,7350,0.0,0.0
2023-06-27 14:30:00-04:00,505.4599914550781,507.4599914550781,503.54998779296875,507.4599914550781,3465,0.0,0.0
2023-06-27 15:30:00-04:00,507.3450012207031,507.3450012207031,504.6499938964844,504.8500061035156,9891,0.0,0.0
2023-06-28 09:30:00-04:00,505.0199890136719,509.70989990234375,498.1705017089844,499.57501220703125,7835,0.0,0.0
2023-06-28 10:30:00-04:00,497.5,503.80999755859375,497.5,499.9599914550781,14006,0.0,0.0
2023-06-28 11:30:00-04:00,498.4599914550781,501.04998779296875,496.3999938964844,496.70001220703125,8426,0.0,0.0
2023-06-28 12:30:00-04:00,496.1400146484375,501.0,494.7300109863281,501.0,13420,0.0,0.0
2023-06-28 13:30:00-04:00,500.3450012207031,501.9100036621094,497.864990234375,499.54998779296875,5218,0.0,0.0
2023-06-28 14:30:00-04:00,499.6199951171875,501.7449951171875,498.760009765625,501.7449951171875,6964,0.0,0.0
2023-06-28 15:30:00-04:00,500.95001220703125,508.1868896484375,500.5,506.19000244140625,14700,0.0,0.0
2023-06-29 09:30:00-04:00,510.82000732421875,523.6699829101562,509.82000732421875,510.0,17595,0.0,0.0
2023-06-29 10:30:00-04:00,506.70001220703125,508.69500732421875,505.010009765625,506.7300109863281,2865,0.0,0.0
2023-06-29 11:30:00-04:00,506.93499755859375,511.2099914550781,506.3999938964844,511.2099914550781,12811,0.0,0.0
2023-06-29 12:30:00-04:00,509.5799865722656,510.0,507.7650146484375,508.8299865722656,10094,0.0,0.0
2023-06-29 13:30:00-04:00,511.0400085449219,511.0400085449219,504.010009765625,504.760009765625,6126,0.0,0.0
2023-06-29 14:30:00-04:00,505.5899963378906,507.5799865722656,505.0,505.0,4006,0.0,0.0
2023-06-29 15:30:00-04:00,504.94000244140625,507.9800109863281,503.5050048828125,507.510009765625,9607,0.0,0.0
2023-06-30 09:30:00-04:00,511.80999755859375,514.2999877929688,507.7099914550781,512.8900146484375,2209,0.0,0.0
2023-06-30 10:30:00-04:00,513.989990234375,514.0,500.6499938964844,502.1600036621094,12401,0.0,0.0
2023-06-30 11:30:00-04:00,502.4800109863281,504.7799987792969,502.4800109863281,503.2650146484375,2573,0.0,0.0
2023-06-30 12:30:00-04:00,502.7900085449219,506.2200012207031,502.7900085449219,505.3299865722656,19635,0.0,0.0
2023-06-30 13:30:00-04:00,506.1300048828125,506.5849914550781,504.3900146484375,506.2900085449219,5742,0.0,0.0
2023-06-30 14:30:00-04:00,507.7300109863281,511.92999267578125,506.30499267578125,511.760009765625,8348,0.0,0.0
2023-06-30 15:30:00-04:00,512.3925170898438,514.1400146484375,507.3500061035156,507.3500061035156,16951,0.0,0.0
2023-07-03 09:30:00-04:00,506.739990234375,509.9200134277344,505.6449890136719,507.2049865722656,5113,0.0,0.0
2023-07-03 10:30:00-04:00,507.29998779296875,510.1700134277344,506.0899963378906,509.760009765625,8040,0.0,0.0
2023-07-03 11:30:00-04:00,508.9049987792969,515.3300170898438,508.9049987792969,513.8400268554688,8203,0.0,0.0
2023-07-05 09:30:00-04:00,504.6400146484375,508.6499938964844,503.4800109863281,503.4800109863281,12742,0.0,0.0
2023-07-05 10:30:00-04:00,505.7850036621094,507.875,503.3599853515625,506.5400085449219,6514,0.0,0.0
2023-07-05 11:30:00-04:00,507.7349853515625,508.1000061035156,507.20001220703125,507.69000244140625,2756,0.0,0.0
2023-07-05 12:30:00-04:00,506.94000244140625,508.489990234375,505.19500732421875,507.7300109863281,5919,0.0,0.0
2023-07-05 13:30:00-04:00,507.8999938964844,509.4049987792969,506.3800048828125,509.4049987792969,6166,0.0,0.0
2023-07-05 14:30:00-04:00,509.30999755859375,509.4100036621094,506.1000061035156,506.1000061035156,5310,0.0,0.0
2023-07-05 15:30:00-04:00,506.19000244140625,506.19000244140625,503.6700134277344,504.4200134277344,6945,0.0,0.0
2023-07-06 09:30:00-04:00,497.6300048828125,500.418701171875,491.2349853515625,494.1499938964844,3447,0.0,0.0
2023-07-06 10:30:00-04:00,494.5899963378906,496.0,487.6499938964844,492.4200134277344,12835,0.0,0.0
2023-07-06 11:30:00-04:00,494.0,498.1099853515625,493.5199890136719,497.0,17165,0.0,0.0
2023-07-06 12:30:00-04:00,497.8599853515625,500.3349914550781,497.7149963378906,498.2650146484375,2924,0.0,0.0
2023-07-06 13:30:00-04:00,499.2799987792969,503.8500061035156,499.2799987792969,501.3999938964844,4942,0.0,0.0
2023-07-06 14:30:00-04:00,501.82000732421875,505.9599914550781,501.82000732421875,505.05999755859375,3991,0.0,0.0
2023-07-06 15:30:00-04:00,504.635009765625,505.54998779296875,503.20001220703125,503.9100036621094,10632,0.0,0.0
2023-07-07 09:30:00-04:00,506.1400146484375,513.0499877929688,506.1400146484375,513.0499877929688,2860,0.0,0.0
2023-07-07 10:30:00-04:00,514.3800048828125,517.0650024414062,513.5499877929688,516.969970703125,6565,0.0,0.0
2023-07-07 11:30:00-04:00,515.4500122070312,519.5,515.4500122070312,519.5,7613,0.0,0.0
2023-07-07 12:30:00-04:00,520.6900024414062,524.77001953125,520.6900024414062,521.0650024414062,6167,0.0,0.0
2023-07-07 13:30:00-04:00,519.6300048828125,519.6300048828125,515.52001953125,518.0800170898438,4563,0.0,0.0
2023-07-07 14:30:00-04:00,517.135009765625,517.135009765625,514.4249877929688,514.4249877929688,2578,0.0,0.0
2023-07-07 15:30:00-04:00,516.77001953125,516.77001953125,510.2099914550781,511.4599914550781,10592,0.0,0.0
2023-07-10 09:30:00-04:00,513.0399780273438,521.2899780273438,513.0399780273438,521.0499877929688,4228,0.0,0.0
2023-07-10 10:30:00-04:00,520.6699829101562,520.6699829101562,514.864990234375,514.864990234375,2183,0.0,0.0
2023-07-10 11:30:00-04:00,514.9949951171875,516.9299926757812,513.8200073242188,516.9299926757812,3493,0.0,0.0
2023-07-10 12:30:00-04:00,516.9600219726562,518.739990234375,515.0,515.114990234375,4717,0.0,0.0
2023-07-10 13:30:00-04:00,516.5499877929688,517.7000122070312,516.3499755859375,517.3099975585938,2210,0.0,0.0
2023-07-10 14:30:00-04:00,518.844970703125,519.9149780273438,515.9400024414062,517.5650024414062,2468,0.0,0.0
2023-07-10 15:30:00-04:00,518.0,519.8300170898438,516.1300048828125,516.4000244140625,8851,0.0,0.0
2023-07-11 09:30:00-04:00,514.9400024414062,534.760009765625,514.9400024414062,534.760009765625,7904,0.0,0.0
2023-07-11 10:30:00-04:00,530.5,533.3499755859375,529.1849975585938,532.6199951171875,11963,0.0,0.0
2023-07-11 11:30:00-04:00,534.89501953125,537.7949829101562,530.7100219726562,531.9299926757812,11970,0.0,0.0
2023-07-11 12:30:00-04:00,532.4249877929688,532.7650146484375,530.1500854492188,532.7650146484375,4182,0.0,0.0
2023-07-11 13:30:00-04:00,531.75,533.0499877929688,531.75,532.3400268554688,1833,0.0,0.0
2023-07-11 14:30:00-04:00,531.3400268554688,533.0050048828125,531.094970703125,531.094970703125,4348,0.0,0.0
2023-07-11 15:30:00-04:00,531.0999755859375,533.4000244140625,530.25,531.1199951171875,12543,0.0,0.0
2023-07-12 09:30:00-04:00,540.8900146484375,542.3300170898438,529.0,536.5900268554688,12342,0.0,0.0
2023-07-12 10:30:00-04:00,536.8599853515625,540.719970703125,535.0800170898438,537.1599731445312,10613,0.0,0.0
2023-07-12 11:30:00-04:00,535.3400268554688,536.1849975585938,533.4299926757812,534.3800048828125,5212,0.0,0.0
2023-07-12 12:30:00-04:00,532.5800170898438,534.5800170898438,531.530029296875,533.9400024414062,3047,0.0,0.0
2023-07-12 13:30:00-04:00,534.2100219726562,534.2100219726562,532.1400146484375,533.0,7989,0.0,0.0
2023-07-12 14:30:00-04:00,534.25,536.280029296875,533.6699829101562,536.0399780273438,11214,0.0,0.0
2023-07-12 15:30:00-04:00,534.22998046875,538.969970703125,533.510009765625,537.239990234375,16034,0.0,0.0
2023-07-13 09:30:00-04:00,537.010009765625,542.8699951171875,536.3200073242188,539.5900268554688,0,0.0,0.0
2023-07-13 10:30:00-04:00,539.4400024414062,541.6500244140625,539.4400024414062,540.4400024414062,3411,0.0,0.0
2023-07-13 11:30:00-04:00,538.25,539.2949829101562,536.614990234375,538.0700073242188,4869,0.0,0.0
2023-07-13 12:30:00-04:00,537.375,541.510009765625,537.375,540.6400146484375,8358,0.0,0.0
2023-07-13 13:30:00-04:00,538.8400268554688,544.0850219726562,538.47998046875,541.760009765625,6579,0.0,0.0
2023-07-13 14:30:00-04:00,541.5800170898438,544.3099975585938,539.8200073242188,543.3350219726562,9094,0.0,0.0
2023-07-13 15:30:00-04:00,543.2999877929688,546.780029296875,541.9199829101562,545.5900268554688,20867,0.0,0.0
2023-07-14 09:30:00-04:00,548.2100219726562,548.4600219726562,542.4000244140625,547.989990234375,4568,0.0,0.0
2023-07-14 10:30:00-04:00,544.0399780273438,548.0,543.530029296875,545.8800048828125,6946,0.0,0.0
2023-07-14 11:30:00-04:00,545.77001953125,549.989990234375,543.9299926757812,547.5999755859375,14508,0.0,0.0
2023-07-14 12:30:00-04:00,546.0,551.3099975585938,546.0,549.52001953125,14408,0.0,0.0
2023-07-14 13:30:00-04:00,550.0349731445312,551.1799926757812,548.3300170898438,549.0,7115,0.0,0.0
2023-07-14 14:30:00-04:00,549.5250244140625,550.405029296875,546.875,550.2000122070312,6293,0.0,0.0
2023-07-14 15:30:00-04:00,549.4000244140625,554.469970703125,549.219970703125,553.72998046875,18534,0.0,0.0
2023-07-17 09:30:00-04:00,549.2999877929688,555.4199829101562,548.5399780273438,555.3099975585938,8655,0.0,0.0
2023-07-17 10:30:00-04:00,555.9400024414062,556.1099853515625,551.3300170898438,551.3300170898438,7726,0.0,0.0
2023-07-17 11:30:00-04:00,552.1400146484375,555.3499755859375,551.7999877929688,553.4099731445312,3792,0.0,0.0
2023-07-17 12:30:00-04:00,555.4550170898438,555.4650268554688,552.77001953125,555.4199829101562,7931,0.0,0.0
2023-07-17 13:30:00-04:00,555.4400024414062,555.8200073242188,552.8599853515625,555.6799926757812,6388,0.0,0.0
2023-07-17 14:30:00-04:00,554.22998046875,556.2349853515625,552.7150268554688,556.2349853515625,7064,0.0,0.0
2023-07-17 15:30:00-04:00,556.1799926757812,556.8300170898438,551.7999877929688,553.4099731445312,21056,0.0,0.0
2023-07-18 09:30:00-04:00,552.780029296875,568.25,552.780029296875,568.25,11017,0.0,0.0
2023-07-18 10:30:00-04:00,568.219970703125,571.0399780273438,564.3300170898438,570.1199951171875,16716,0.0,0.0
2023-07-18 11:30:00-04:00,570.1199951171875,570.1199951171875,564.030029296875,566.4099731445312,5587,0.0,0.0
2023-07-18 12:30:00-04:00,565.530029296875,568.9000244140625,564.7100219726562,568.9000244140625,10025,0.0,0.0
2023-07-18 13:30:00-04:00,567.6599731445312,570.6799926757812,565.4854736328125,570.5700073242188,6743,0.0,0.0
2023-07-18 14:30:00-04:00,570.27001953125,571.489990234375,569.5800170898438,571.4099731445312,5824,0.0,0.0
2023-07-18 15:30:00-04:00,570.6699829101562,571.22998046875,566.739990234375,569.989990234375,29659,0.0,0.0
2023-07-19 09:30:00-04:00,571.3200073242188,576.0499877929688,570.47998046875,570.47998046875,4198,0.0,0.0
2023-07-19 10:30:00-04:00,569.7650146484375,571.0999755859375,562.1400146484375,565.0499877929688,15267,0.0,0.0
2023-07-19 11:30:00-04:00,565.5250244140625,570.9199829101562,564.6300048828125,567.7424926757812,24860,0.0,0.0
2023-07-19 12:30:00-04:00,567.375,570.0349731445312,566.8400268554688,570.0349731445312,5283,0.0,0.0
2023-07-19 13:30:00-04:00,569.0599975585938,572.5800170898438,569.0399780273438,571.885009765625,12458,0.0,0.0
2023-07-19 14:30:00-04:00,572.3699951171875,572.97998046875,570.4749755859375,572.2999877929688,5740,0.0,0.0
2023-07-19 15:30:00-04:00,570.9099731445312,573.5599975585938,569.2000122070312,573.5599975585938,15865,0.0,0.0
2023-07-20 09:30:00-04:00,566.260009765625,566.260009765625,559.3400268554688,563.77001953125,7980,0.0,0.0
2023-07-20 10:30:00-04:00,563.344970703125,564.0,552.6199951171875,556.3900146484375,17542,0.0,0.0
2023-07-20 11:30:00-04:00,557.9500122070312,558.0,550.0,550.3800048828125,13733,0.0,0.0
2023-07-20 12:30:00-04:00,549.97998046875,555.4400024414062,549.0599975585938,554.4000244140625,8090,0.0,0.0
2023-07-20 13:30:00-04:00,553.9550170898438,553.9550170898438,552.8499755859375,553.75,2187,0.0,0.0
2023-07-20 14:30:00-04:00,554.5449829101562,555.3099975585938,553.3599853515625,553.9000244140625,11325,0.0,0.0
2023-07-20 15:30:00-04:00,553.9500122070312,555.3599853515625,552.0999755859375,554.97998046875,14804,0.0,0.0
2023-07-21 09:30:00-04:00,559.8900146484375,559.8900146484375,542.1599731445312,554.4600219726562,7770,0.0,0.0
2023-07-21 10:30:00-04:00,556.0225219726562,556.10498046875,553.77001953125,554.3574829101562,2204,0.0,0.0
2023-07-21 11:30:00-04:00,552.0,552.7050170898438,547.5,548.0025024414062,10106,0.0,0.0
2023-07-21 12:30:00-04:00,547.3200073242188,550.0700073242188,544.7999877929688,548.030029296875,8236,0.0,0.0
2023-07-21 13:30:00-04:00,548.0499877929688,551.0999755859375,547.1300048828125,548.5850219726562,6009,0.0,0.0
2023-07-21 14:30:00-04:00,546.6099853515625,549.9000244140625,545.8900146484375,546.8599853515625,8934,0.0,0.0
2023-07-21 15:30:00-04:00,548.3200073242188,548.89501953125,546.2999877929688,547.75,16365,0.0,0.0
2023-07-24 09:30:00-04:00,548.75,555.1599731445312,543.8400268554688,547.780029296875,6523,0.0,0.0
2023-07-24 10:30:00-04:00,546.9000244140625,553.5250244140625,546.9000244140625,553.5250244140625,2875,0.0,0.0
2023-07-24 11:30:00-04:00,553.7000122070312,553.7000122070312,549.719970703125,552.625,3706,0.0,0.0
2023-07-24 12:30:00-04:00,550.75,552.5999755859375,546.1500244140625,550.7949829101562,6250,0.0,0.0
2023-07-24 13:30:00-04:00,550.0999755859375,550.885009765625,549.260009765625,550.0700073242188,5664,0.0,0.0
2023-07-24 14:30:00-04:00,550.0750122070312,554.1599731445312,550.0750122070312,551.5800170898438,7678,0.0,0.0
2023-07-24 15:30:00-04:00,552.0399780273438,553.2100219726562,545.97998046875,546.719970703125,18371,0.0,0.0
2023-07-25 09:30:00-04:00,546.469970703125,551.3400268554688,546.0,547.9299926757812,5779,0.0,0.0
2023-07-25 10:30:00-04:00,547.489990234375,552.22998046875,545.3900146484375,550.6199951171875,11037,0.0,0.0
2023-07-25 11:30:00-04:00,551.9849853515625,553.010009765625,550.25,551.75,8514,0.0,0.0
2023-07-25 12:30:00-04:00,551.77001953125,552.989990234375,548.780029296875,552.969970703125,10610,0.0,0.0
2023-07-25 13:30:00-04:00,551.8900146484375,552.97998046875,550.52001953125,551.0700073242188,4100,0.0,0.0
2023-07-25 14:30:00-04:00,551.8900146484375,551.8900146484375,546.375,550.6043701171875,11200,0.0,0.0
2023-07-25 15:30:00-04:00,550.2150268554688,552.1599731445312,547.7349853515625,549.4099731445312,23711,0.0,0.0
2023-07-26 09:30:00-04:00,550.8200073242188,557.3699951171875,550.8200073242188,554.4099731445312,4132,0.0,0.0
2023-07-26 10:30:00-04:00,553.8400268554688,553.8400268554688,546.3200073242188,546.3200073242188,9792,0.0,0.0
2023-07-26 11:30:00-04:00,547.0700073242188,550.219970703125,544.0850219726562,544.530029296875,16315,0.0,0.0
2023-07-26 12:30:00-04:00,545.9099731445312,546.260009765625,542.0449829101562,542.0449829101562,4253,0.0,0.0
2023-07-26 14:30:00-04:00,543.1699829101562,545.9199829101562,540.6849975585938,541.9099731445312,5198,0.0,0.0
2023-07-26 15:30:00-04:00,542.52001953125,543.0999755859375,539.0800170898438,542.9099731445312,18827,0.0,0.0
2023-07-27 09:30:00-04:00,545.2000122070312,545.2000122070312,539.5599975585938,540.8099975585938,6017,0.0,0.0
2023-07-27 10:30:00-04:00,545.1400146484375,545.1400146484375,541.4400024414062,541.4400024414062,2913,0.0,0.0
2023-07-27 11:30:00-04:00,541.635009765625,546.5999755859375,540.7899780273438,546.5999755859375,9021,0.0,0.0
2023-07-27 12:30:00-04:00,550.0349731445312,550.0599975585938,546.1849975585938,547.8800048828125,4167,0.0,0.0
2023-07-27 13:30:00-04:00,543.6199951171875,545.9949951171875,543.6199951171875,544.27001953125,5383,0.0,0.0
2023-07-27 14:30:00-04:00,541.9199829101562,543.9650268554688,538.2550048828125,542.0349731445312,5361,0.0,0.0
2023-07-27 15:30:00-04:00,542.0,543.010009765625,539.2100219726562,539.2100219726562,13720,0.0,0.0
2023-07-28 09:30:00-04:00,544.4199829101562,552.4500122070312,544.4199829101562,552.4500122070312,7585,0.0,0.0
2023-07-28 10:30:00-04:00,550.2899780273438,551.3499755859375,545.3900146484375,548.405029296875,6645,0.0,0.0
2023-07-28 11:30:00-04:00,548.22998046875,548.22998046875,542.4600219726562,546.8900146484375,5651,0.0,0.0
2023-07-28 12:30:00-04:00,547.0,548.5850219726562,544.3099975585938,546.875,3430,0.0,0.0
2023-07-28 13:30:00-04:00,542.89501953125,545.4149780273438,542.4749755859375,544.5399780273438,3969,0.0,0.0
2023-07-28 14:30:00-04:00,543.9849853515625,545.625,542.0150146484375,542.7999877929688,6626,0.0,0.0
2023-07-28 15:30:00-04:00,544.5194702148438,548.5850219726562,542.7899780273438,547.97998046875,17537,0.0,0.0
2023-07-31 09:30:00-04:00,545.2000122070312,552.6199951171875,545.2000122070312,552.1799926757812,4196,0.0,0.0
2023-07-31 10:30:00-04:00,553.0999755859375,553.0999755859375,550.3300170898438,551.4400024414062,4466,0.0,0.0
2023-07-31 11:30:00-04:00,551.010009765625,554.5549926757812,547.25,547.25,14308,0.0,0.0
2023-07-31 12:30:00-04:00,546.9400024414062,550.280029296875,546.9400024414062,548.8599853515625,2802,0.0,0.0
2023-07-31 13:30:00-04:00,550.6799926757812,552.2899780273438,550.4600219726562,551.35498046875,5512,0.0,0.0
2023-07-31 14:30:00-04:00,551.7100219726562,556.1375122070312,551.7100219726562,556.1375122070312,12872,0.0,0.0
2023-07-31 15:30:00-04:00,556.010009765625,557.1699829101562,553.0599975585938,555.5599975585938,21920,0.0,0.0
2023-08-01 09:30:00-04:00,549.47998046875,552.5800170898438,543.77001953125,551.0999755859375,10018,0.0,0.0
2023-08-01 10:30:00-04:00,548.3800048828125,551.989990234375,548.3800048828125,549.8400268554688,12662,0.0,0.0
2023-08-01 11:30:00-04:00,550.2650146484375,554.3800048828125,550.2650146484375,551.9598999023438,11767,0.0,0.0
2023-08-01 12:30:00-04:00,551.4650268554688,554.9450073242188,551.4550170898438,552.0936279296875,6503,0.0,0.0
2023-08-01 13:30:00-04:00,553.2100219726562,553.4400024414062,550.219970703125,550.2550048828125,10491,0.0,0.0
2023-08-01 14:30:00-04:00,550.260009765625,553.8699951171875,550.219970703125,552.1599731445312,8236,0.0,0.0
2023-08-01 15:30:00-04:00,551.8300170898438,553.780029296875,551.489990234375,551.489990234375,19340,0.0,0.0
2023-08-02 09:30:00-04:00,515.0,515.0,462.5199890136719,469.04998779296875,68622,0.0,0.0
2023-08-02 10:30:00-04:00,469.37750244140625,477.69000244140625,464.17999267578125,477.69000244140625,32390,0.0,0.0
2023-08-02 11:30:00-04:00,479.6199951171875,484.5950012207031,472.5101013183594,476.6300048828125,17949,0.0,0.0
2023-08-02 12:30:00-04:00,477.7900085449219,479.2850036621094,473.6050109863281,474.67999267578125,23155,0.0,0.0
2023-08-02 13:30:00-04:00,475.92999267578125,477.635009765625,475.0249938964844,476.0199890136719,13590,0.0,0.0
2023-08-02 14:30:00-04:00,475.95318603515625,477.0425109863281,473.0,475.2774963378906,46396,0.0,0.0
2023-08-02 15:30:00-04:00,475.1700134277344,487.30999755859375,475.1700134277344,484.45001220703125,53858,0.0,0.0
2023-08-03 09:30:00-04:00,479.45001220703125,482.31500244140625,477.2200012207031,481.19000244140625,12357,0.0,0.0
2023-08-03 10:30:00-04:00,481.1549987792969,494.32000732421875,479.7900085449219,486.8699951171875,21371,0.0,0.0
2023-08-03 11:30:00-04:00,489.8800048828125,492.6549987792969,488.6300048828125,491.5400085449219,12172,0.0,0.0
2023-08-03 12:30:00-04:00,493.2099914550781,493.44000244140625,486.2900085449219,487.5199890136719,9563,0.0,0.0
2023-08-03 13:30:00-04:00,487.5199890136719,488.82000732421875,486.6199951171875,488.79998779296875,8583,0.0,0.0
2023-08-03 14:30:00-04:00,489.8949890136719,491.4200134277344,488.7699890136719,490.1000061035156,12975,0.0,0.0
2023-08-03 15:30:00-04:00,490.94000244140625,492.67999267578125,489.2850036621094,490.0299987792969,23961,0.0,0.0
2023-08-04 09:30:00-04:00,490.1600036621094,491.8299865722656,487.80999755859375,490.18499755859375,5240,0.0,0.0
2023-08-04 10:30:00-04:00,492.3500061035156,497.4800109863281,492.3500061035156,495.2250061035156,4735,0.0,0.0
2023-08-04 11:30:00-04:00,496.79998779296875,497.8500061035156,493.6357116699219,497.8500061035156,5950,0.0,0.0
2023-08-04 12:30:00-04:00,499.57000732421875,502.0299987792969,499.2074890136719,501.19000244140625,4845,0.0,0.0
2023-08-04 13:30:00-04:00,500.489990234375,502.8500061035156,497.8900146484375,497.8900146484375,5876,0.0,0.0
2023-08-04 14:30:00-04:00,497.7099914550781,499.4200134277344,496.1300048828125,496.5400085449219,8852,0.0,0.0
2023-08-04 15:30:00-04:00,498.0199890136719,498.989990234375,496.6600036621094,498.30999755859375,13765,0.0,0.0
2023-08-07 09:30:00-04:00,501.3599853515625,505.0,501.3599853515625,504.4949951171875,2919,0.0,0.0
2023-08-07 10:30:00-04:00,509.739990234375,509.739990234375,499.80999755859375,500.0,8937,0.0,0.0
2023-08-07 11:30:00-04:00,499.6000061035156,501.9800109863281,498.7799987792969,501.0,13442,0.0,0.0
2023-08-07 12:30:00-04:00,502.760009765625,502.760009765625,502.760009765625,502.760009765625,2401,0.0,0.0
2023-08-07 13:30:00-04:00,500.81500244140625,500.81500244140625,499.2250061035156,499.385009765625,2348,0.0,0.0
2023-08-07 14:30:00-04:00,499.864990234375,502.6000061035156,499.864990234375,500.6300048828125,4250,0.0,0.0
2023-08-07 15:30:00-04:00,500.3999938964844,500.5,498.44500732421875,498.44500732421875,12241,0.0,0.0
2023-08-08 09:30:00-04:00,495.2200012207031,496.8699951171875,487.8500061035156,496.8699951171875,11410,0.0,0.0
2023-08-08 10:30:00-04:00,495.75,495.75,495.6400146484375,495.6400146484375,1679,0.0,0.0
2023-08-08 11:30:00-04:00,495.2650146484375,500.8999938964844,495.2650146484375,499.1600036621094,8182,0.0,0.0
2023-08-08 12:30:00-04:00,501.4700012207031,502.3500061035156,501.4700012207031,502.3500061035156,1325,0.0,0.0
2023-08-08 13:30:00-04:00,502.92999267578125,505.9800109863281,502.7900085449219,504.7200012207031,5788,0.0,0.0
2023-08-08 14:30:00-04:00,504.3999938964844,509.2300109863281,504.1199951171875,508.2099914550781,6735,0.0,0.0
2023-08-08 15:30:00-04:00,507.2099914550781,507.2099914550781,505.0799865722656,505.95001220703125,15684,0.0,0.0
2023-08-09 09:30:00-04:00,507.0899963378906,515.7000122070312,507.0899963378906,515.7000122070312,10719,0.0,0.0
2023-08-09 10:30:00-04:00,518.0850219726562,518.97998046875,511.0,511.0,6996,0.0,0.0
2023-08-09 11:30:00-04:00,510.8299865722656,513.6900024414062,510.3500061035156,513.094970703125,12659,0.0,0.0
2023-08-09 12:30:00-04:00,514.9099731445312,516.3400268554688,513.1950073242188,513.1950073242188,8063,0.0,0.0
2023-08-09 13:30:00-04:00,513.239990234375,514.969970703125,510.4700012207031,511.67999267578125,6009,0.0,0.0
2023-08-09 14:30:00-04:00,510.2099914550781,510.2099914550781,507.8800048828125,508.8599853515625,5285,0.0,0.0
2023-08-09 15:30:00-04:00,509.9599914550781,509.9800109863281,503.67999267578125,503.67999267578125,18461,0.0,0.0
2023-08-10 09:30:00-04:00,504.510009765625,506.0,504.3299865722656,504.614990234375,3943,0.0,0.0
2023-08-10 10:30:00-04:00,500.0,501.7049865722656,497.94500732421875,501.7049865722656,7902,0.0,0.0
2023-08-10 11:30:00-04:00,502.19000244140625,502.19000244140625,498.1000061035156,498.5199890136719,7050,0.0,0.0
2023-08-10 12:30:00-04:00,499.4599914550781,500.30999755859375,498.3699951171875,498.3699951171875,4495,0.0,0.0
2023-08-10 13:30:00-04:00,499.25,499.80999755859375,498.19000244140625,499.80999755859375,4041,0.0,0.0
2023-08-10 14:30:00-04:00,500.92999267578125,501.2650146484375,498.6400146484375,498.8800048828125,4631,0.0,0.0
2023-08-10 15:30:00-04:00,498.82501220703125,499.5299987792969,496.6300048828125,496.6300048828125,15853,0.0,0.0
2023-08-11 09:30:00-04:00,492.8500061035156,498.95001220703125,492.8500061035156,496.95001220703125,4320,0.0,0.0
2023-08-11 10:30:00-04:00,496.7200012207031,500.5,496.7200012207031,498.8900146484375,7071,0.0,0.0
2023-08-11 11:30:00-04:00,499.489990234375,500.4700012207031,498.95001220703125,499.1199951171875,4804,0.0,0.0
2023-08-11 12:30:00-04:00,498.6400146484375,499.11968994140625,497.6600036621094,498.94000244140625,2989,0.0,0.0
2023-08-11 13:30:00-04:00,499.239990234375,502.7449951171875,499.239990234375,501.635009765625,5072,0.0,0.0
2023-08-11 14:30:00-04:00,502.42999267578125,502.42999267578125,500.385009765625,500.385009765625,3789,0.0,0.0
2023-08-11 15:30:00-04:00,500.5249938964844,501.5450134277344,497.2900085449219,498.0,15521,0.0,0.0
2023-08-14 09:30:00-04:00,496.70001220703125,496.70001220703125,489.5899963378906,490.04998779296875,11605,0.0,0.0
2023-08-14 10:30:00-04:00,490.04998779296875,491.43499755859375,487.80999755859375,490.05999755859375,8758,0.0,0.0
2023-08-14 11:30:00-04:00,491.568603515625,493.95001220703125,487.55999755859375,490.42999267578125,19925,0.0,0.0
2023-08-14 12:30:00-04:00,490.3949890136719,492.45001220703125,489.614990234375,492.45001220703125,5770,0.0,0.0
2023-08-14 13:30:00-04:00,492.6400146484375,492.6400146484375,492.6400146484375,492.6400146484375,1426,0.0,0.0
2023-08-14 14:30:00-04:00,492.010009765625,492.70001220703125,491.67999267578125,491.67999267578125,4908,0.0,0.0
2023-08-14 15:30:00-04:00,492.20001220703125,493.9798889160156,491.8999938964844,492.6099853515625,8090,0.0,0.0
2023-08-15 09:30:00-04:00,490.0,490.0,482.0,484.7699890136719,10638,0.0,0.0
2023-08-15 10:30:00-04:00,484.9750061035156,486.44000244140625,484.0199890136719,485.1199951171875,7269,0.0,0.0
2023-08-15 11:30:00-04:00,485.3299865722656,487.0,484.32501220703125,484.32501220703125,5146,0.0,0.0
2023-08-15 12:30:00-04:00,484.05999755859375,485.1199951171875,483.8599853515625,485.1199951171875,3129,0.0,0.0
2023-08-15 13:30:00-04:00,485.1199951171875,485.489990234375,484.31500244140625,484.8599853515625,5927,0.0,0.0
2023-08-15 14:30:00-04:00,484.6400146484375,484.6400146484375,483.510009765625,483.6549987792969,2852,0.0,0.0
2023-08-15 15:30:00-04:00,483.0,486.1300048828125,483.0,485.0,16455,0.0,0.0
2023-08-16 09:30:00-04:00,482.6600036621094,486.739990234375,477.010009765625,477.2900085449219,15319,0.0,0.0
2023-08-16 10:30:00-04:00,477.2850036621094,480.95001220703125,476.8299865722656,478.87310791015625,9520,0.0,0.0
2023-08-16 11:30:00-04:00,478.7607116699219,479.1199951171875,477.05999755859375,479.0,7590,0.0,0.0
2023-08-16 12:30:00-04:00,478.45001220703125,479.0299987792969,474.9849853515625,476.2650146484375,8168,0.0,0.0
2023-08-16 13:30:00-04:00,476.2550048828125,478.7799987792969,476.2300109863281,477.79998779296875,6221,0.0,0.0
2023-08-16 14:30:00-04:00,479.1000061035156,480.989990234375,478.1199951171875,479.3949890136719,8565,0.0,0.0
2023-08-16 15:30:00-04:00,479.56500244140625,479.935302734375,477.69000244140625,477.69000244140625,10268,0.0,0.0
2023-08-17 09:30:00-04:00,477.6499938964844,478.4599914550781,475.25,478.4599914550781,3962,0.0,0.0
2023-08-17 10:30:00-04:00,478.4599914550781,479.5400085449219,476.5249938964844,477.70001220703125,7387,0.0,0.0
2023-08-17 11:30:00-04:00,477.70001220703125,482.385009765625,476.8800048828125,482.3800048828125,8601,0.0,0.0
2023-08-17 12:30:00-04:00,482.25,484.6000061035156,481.1400146484375,483.5799865722656,13052,0.0,0.0
2023-08-17 13:30:00-04:00,483.25,483.29998779296875,481.9700012207031,481.9700012207031,6501,0.0,0.0
2023-08-17 14:30:00-04:00,481.1700134277344,481.1700134277344,476.2699890136719,477.9700012207031,12020,0.0,0.0
2023-08-17 15:30:00-04:00,477.42999267578125,478.82000732421875,473.9800109863281,474.2300109863281,14066,0.0,0.0
2023-08-18 09:30:00-04:00,469.0199890136719,473.9800109863281,469.0199890136719,473.010009765625,5736,0.0,0.0
2023-08-18 10:30:00-04:00,475.7799987792969,477.6199951171875,475.7799987792969,477.5350036621094,5320,0.0,0.0
2023-08-18 11:30:00-04:00,477.5899963378906,478.9800109863281,475.7200012207031,477.3699951171875,5662,0.0,0.0
2023-08-18 12:30:00-04:00,478.8699951171875,479.69000244140625,475.739990234375,477.45001220703125,3947,0.0,0.0
2023-08-18 13:30:00-04:00,478.2200012207031,479.4599914550781,478.1300048828125,478.260009765625,4459,0.0,0.0
2023-08-18 14:30:00-04:00,478.260009765625,482.010009765625,478.1199951171875,480.3500061035156,20857,0.0,0.0
2023-08-18 15:30:00-04:00,481.0400085449219,484.1700134277344,479.95001220703125,480.3599853515625,30492,0.0,0.0
2023-08-21 09:30:00-04:00,479.9800109863281,480.8900146484375,477.94000244140625,478.6099853515625,3486,0.0,0.0
2023-08-21 10:30:00-04:00,479.2149963378906,481.2300109863281,479.2149963378906,481.0350036621094,1994,0.0,0.0
2023-08-21 11:30:00-04:00,480.9100036621094,481.0299987792969,478.7799987792969,478.7799987792969,2409,0.0,0.0
2023-08-21 12:30:00-04:00,480.5400085449219,483.05999755859375,479.6199951171875,483.05999755859375,3006,0.0,0.0
2023-08-21 13:30:00-04:00,483.1600036621094,483.1600036621094,482.2650146484375,482.7200012207031,3549,0.0,0.0
2023-08-21 14:30:00-04:00,483.8999938964844,485.0,483.8999938964844,485.0,3535,0.0,0.0
2023-08-21 15:30:00-04:00,486.45001220703125,487.239990234375,484.5199890136719,484.5400085449219,10291,0.0,0.0
2023-08-22 09:30:00-04:00,487.0899963378906,487.0899963378906,478.6099853515625,478.6099853515625,9149,0.0,0.0
2023-08-22 10:30:00-04:00,478.6099853515625,479.0899963378906,476.0,477.239990234375,12051,0.0,0.0
2023-08-22 11:30:00-04:00,476.489990234375,480.0,472.32000732421875,477.30999755859375,32248,0.0,0.0
2023-08-22 12:30:00-04:00,477.5899963378906,479.07000732421875,475.8800048828125,476.95001220703125,7340,0.0,0.0
2023-08-22 13:30:00-04:00,476.95001220703125,479.1700134277344,476.1199951171875,479.1700134277344,3714,0.0,0.0
2023-08-22 14:30:00-04:00,478.8699951171875,480.1600036621094,478.6499938964844,479.5450134277344,4160,0.0,0.0
2023-08-22 15:30:00-04:00,480.0400085449219,480.0400085449219,470.7850036621094,471.5899963378906,22426,0.0,0.0
2023-08-23 09:30:00-04:00,476.3699951171875,482.2799987792969,476.0050048828125,480.04998779296875,22688,0.0,0.0
2023-08-23 10:30:00-04:00,480.5450134277344,482.3999938964844,477.510009765625,477.8699951171875,16458,0.0,0.0
2023-08-23 11:30:00-04:00,479.30999755859375,480.19000244140625,479.135009765625,479.135009765625,796,0.0,0.0
2023-08-23 12:30:00-04:00,478.9700012207031,478.9700012207031,478.9700012207031,478.9700012207031,1738,0.0,0.0
2023-08-23 13:30:00-04:00,481.1600036621094,481.54998779296875,480.7900085449219,481.54998779296875,2906,0.0,0.0
2023-08-23 14:30:00-04:00,482.7699890136719,485.9150085449219,482.7699890136719,485.67999267578125,5223,0.0,0.0
2023-08-23 15:30:00-04:00,485.4200134277344,488.2799987792969,485.239990234375,487.7200012207031,8708,0.0,0.0
2023-08-24 09:30:00-04:00,488.5899963378906,494.1000061035156,488.5299987792969,491.83990478515625,10687,0.0,0.0
2023-08-24 10:30:00-04:00,491.7900085449219,494.875,486.3599853515625,486.3599853515625,11451,0.0,0.0
2023-08-24 11:30:00-04:00,487.04998779296875,490.739990234375,487.04998779296875,490.7300109863281,4880,0.0,0.0
2023-08-24 12:30:00-04:00,491.42999267578125,493.0199890136719,490.80999755859375,492.114990234375,8452,0.0,0.0
2023-08-24 13:30:00-04:00,492.1099853515625,492.1099853515625,491.5050048828125,491.5050048828125,2528,0.0,0.0
2023-08-24 14:30:00-04:00,491.5,495.44500732421875,491.5,495.260009765625,7316,0.0,0.0
2023-08-24 15:30:00-04:00,494.9100036621094,494.9100036621094,492.1499938964844,493.2200012207031,9828,0.0,0.0
2023-08-25 09:30:00-04:00,497.95001220703125,497.95001220703125,490.1700134277344,494.6600036621094,19797,0.0,0.0
2023-08-25 10:30:00-04:00,494.55499267578125,494.55499267578125,488.06500244140625,488.06500244140625,9649,0.0,0.0
2023-08-25 11:30:00-04:00,490.04998779296875,493.9700012207031,490.04998779296875,493.9700012207031,2793,0.0,0.0
2023-08-25 12:30:00-04:00,493.1099853515625,494.760009765625,492.3299865722656,492.8450012207031,7135,0.0,0.0
2023-08-25 13:30:00-04:00,492.8399963378906,498.5299987792969,492.5299987792969,498.5296936035156,8808,0.0,0.0
2023-08-25 14:30:00-04:00,498.5,500.6499938964844,498.1600036621094,500.6499938964844,4384,0.0,0.0
2023-08-25 15:30:00-04:00,501.1000061035156,501.1000061035156,496.3800048828125,496.7699890136719,19506,0.0,0.0
2023-08-28 09:30:00-04:00,497.2900085449219,503.3299865722656,497.2900085449219,499.1000061035156,0,0.0,0.0
2023-08-28 10:30:00-04:00,499.9700012207031,500.0,495.3699951171875,498.7300109863281,17619,0.0,0.0
2023-08-28 11:30:00-04:00,501.9800109863281,502.82000732421875,500.7799987792969,500.7799987792969,3420,0.0,0.0
2023-08-28 12:30:00-04:00,499.989990234375,500.0,496.7650146484375,498.45001220703125,8673,0.0,0.0
2023-08-28 13:30:00-04:00,498.3399963378906,498.45001220703125,493.4750061035156,493.4750061035156,11744,0.0,0.0
2023-08-28 14:30:00-04:00,493.07501220703125,496.760009765625,490.79998779296875,495.8299865722656,11861,0.0,0.0
2023-08-28 15:30:00-04:00,495.1199951171875,497.20001220703125,493.5150146484375,494.135009765625,35118,0.0,0.0
2023-08-29 09:30:00-04:00,495.0,495.0,493.44000244140625,493.44000244140625,0,0.0,0.0
2023-08-29 10:30:00-04:00,498.42999267578125,498.42999267578125,498.42999267578125,498.42999267578125,1885,0.0,0.0
2023-08-29 11:30:00-04:00,500.6099853515625,500.6099853515625,496.25,496.25,8169,0.0,0.0
2023-08-29 12:30:00-04:00,497.57000732421875,498.44000244140625,497.57000732421875,498.44000244140625,1359,0.0,0.0
2023-08-29 13:30:00-04:00,500.7699890136719,501.0299987792969,499.55999755859375,500.2650146484375,12950,0.0,0.0
2023-08-29 14:30:00-04:00,500.9599914550781,501.0,500.17999267578125,500.8399963378906,12981,0.0,0.0
2023-08-29 15:30:00-04:00,500.6400146484375,501.0,499.17999267578125,499.17999267578125,11379,0.0,0.0
2023-08-30 09:30:00-04:00,499.260009765625,500.3900146484375,499.260009765625,500.3900146484375,2248,0.0,0.0
2023-08-30 10:30:00-04:00,501.2099914550781,501.2099914550781,500.1099853515625,500.1099853515625,3051,0.0,0.0
2023-08-30 11:30:00-04:00,501.17999267578125,501.17999267578125,499.94000244140625,499.94000244140625,4294,0.0,0.0
2023-08-30 13:30:00-04:00,500.1499938964844,500.9700012207031,499.6499938964844,499.6499938964844,1944,0.0,0.0
2023-08-30 14:30:00-04:00,498.9800109863281,499.2300109863281,498.9800109863281,499.010009765625,3132,0.0,0.0
2023-08-30 15:30:00-04:00,499.010009765625,502.3999938964844,498.4100036621094,501.2300109863281,16485,0.0,0.0
2023-08-31 09:30:00-04:00,507.8500061035156,509.9750061035156,507.8500061035156,508.2200012207031,0,0.0,0.0
2023-08-31 10:30:00-04:00,506.55499267578125,508.3399963378906,503.9200134277344,505.46661376953125,4021,0.0,0.0
2023-08-31 11:30:00-04:00,503.9200134277344,504.05499267578125,499.9949951171875,499.9949951171875,5366,0.0,0.0
2023-08-31 12:30:00-04:00,499.7749938964844,501.510009765625,499.7699890136719,500.6099853515625,4601,0.0,0.0
2023-08-31 13:30:00-04:00,501.30499267578125,503.6099853515625,501.30499267578125,502.8399963378906,3672,0.0,0.0
2023-08-31 14:30:00-04:00,502.0899963378906,502.5,500.0,502.5,4550,0.0,0.0
2023-08-31 15:30:00-04:00,502.4100036621094,502.4100036621094,500.23748779296875,501.82000732421875,9813,0.0,0.0
2023-09-01 09:30:00-04:00,505.07000732421875,509.3299865722656,500.7900085449219,502.4599914550781,15382,0.0,0.0
2023-09-01 10:30:00-04:00,502.0799865722656,502.30999755859375,501.3900146484375,501.3900146484375,4003,0.0,0.0
2023-09-01 11:30:00-04:00,501.3900146484375,501.3900146484375,498.989990234375,500.0,4806,0.0,0.0
2023-09-01 12:30:00-04:00,499.9100036621094,500.864990234375,499.2099914550781,500.68499755859375,4659,0.0,0.0
2023-09-01 13:30:00-04:00,501.0299987792969,501.0299987792969,499.5899963378906,500.510009765625,2118,0.0,0.0
2023-09-01 14:30:00-04:00,500.6600036621094,501.2950134277344,500.1000061035156,500.6300048828125,5910,0.0,0.0
2023-09-01 15:30:00-04:00,500.20001220703125,500.5,498.0,498.0,13616,0.0,0.0
2023-09-05 09:30:00-04:00,498.25,501.5199890136719,493.2799987792969,498.6099853515625,13926,0.0,0.0
2023-09-05 10:30:00-04:00,498.88751220703125,504.04998779296875,498.8800048828125,503.6300048828125,5522,0.0,0.0
2023-09-05 11:30:00-04:00,502.6700134277344,503.3800048828125,500.7449951171875,500.7449951171875,3970,0.0,0.0
2023-09-05 12:30:00-04:00,500.5199890136719,500.5199890136719,499.5299987792969,500.0199890136719,3321,0.0,0.0
2023-09-05 13:30:00-04:00,501.0249938964844,501.94500732421875,498.9849853515625,498.9849853515625,8160,0.0,0.0
2023-09-05 14:30:00-04:00,499.0299987792969,501.94500732421875,498.94000244140625,500.95001220703125,5488,0.0,0.0
2023-09-05 15:30:00-04:00,501.1050109863281,502.05999755859375,499.8500061035156,499.8500061035156,19538,0.0,0.0
2023-09-06 09:30:00-04:00,498.760009765625,501.6099853515625,495.010009765625,495.68499755859375,0,0.0,0.0
2023-09-06 10:30:00-04:00,495.989990234375,496.1549987792969,491.80999755859375,491.80999755859375,10225,0.0,0.0
2023-09-06 11:30:00-04:00,492.8500061035156,496.75,492.8500061035156,495.739990234375,7533,0.0,0.0
2023-09-06 12:30:00-04:00,495.739990234375,496.8800048828125,494.44000244140625,496.0799865722656,5152,0.0,0.0
2023-09-06 13:30:00-04:00,496.1000061035156,499.75,496.1000061035156,499.75,5849,0.0,0.0
2023-09-06 14:30:00-04:00,499.6400146484375,499.7799987792969,498.42999267578125,499.7799987792969,6845,0.0,0.0
2023-09-06 15:30:00-04:00,499.4750061035156,500.7799987792969,498.70001220703125,499.70001220703125,14176,0.0,0.0
2023-09-07 09:30:00-04:00,489.8800048828125,491.3299865722656,487.67999267578125,488.69000244140625,7747,0.0,0.0
2023-09-07 10:30:00-04:00,489.94000244140625,489.94000244140625,488.3599853515625,488.614990234375,4986,0.0,0.0
2023-09-07 11:30:00-04:00,489.55999755859375,489.55999755859375,488.3399963378906,488.3500061035156,2314,0.0,0.0
2023-09-07 12:30:00-04:00,488.32000732421875,488.32000732421875,485.7099914550781,487.5006103515625,14785,0.0,0.0
2023-09-07 13:30:00-04:00,487.3500061035156,489.4800109863281,485.55999755859375,485.55999755859375,9065,0.0,0.0
2023-09-07 14:30:00-04:00,485.55999755859375,485.55999755859375,484.42999267578125,485.30999755859375,5485,0.0,0.0
2023-09-07 15:30:00-04:00,485.6400146484375,488.3500061035156,484.260009765625,484.4800109863281,18300,0.0,0.0
2023-09-08 09:30:00-04:00,481.5,486.0,481.3399963378906,485.6499938964844,10011,0.0,0.0
2023-09-08 10:30:00-04:00,485.6499938964844,485.8599853515625,481.5799865722656,483.0899963378906,8670,0.0,0.0
2023-09-08 11:30:00-04:00,485.2200012207031,485.70001220703125,485.2200012207031,485.2850036621094,2020,0.0,0.0
2023-09-08 12:30:00-04:00,486.989990234375,488.1000061035156,486.8450012207031,487.54998779296875,7339,0.0,0.0
2023-09-08 13:30:00-04:00,486.8399963378906,488.1050109863281,485.3900146484375,486.3450012207031,6157,0.0,0.0
2023-09-08 14:30:00-04:00,486.3399963378906,486.55999755859375,485.0150146484375,486.4150085449219,12158,0.0,0.0
2023-09-08 15:30:00-04:00,486.42999267578125,487.3999938964844,485.2200012207031,485.2200012207031,21521,0.0,0.0
2023-09-11 09:30:00-04:00,487.55999755859375,493.6499938964844,487.55999755859375,493.64990234375,0,0.0,0.0
2023-09-11 10:30:00-04:00,493.364990234375,493.364990234375,490.70001220703125,491.20001220703125,7207,0.0,0.0
2023-09-11 11:30:00-04:00,491.20001220703125,491.20001220703125,487.6700134277344,487.6700134277344,4826,0.0,0.0
2023-09-11 12:30:00-04:00,487.6700134277344,491.1000061035156,487.6700134277344,490.8299865722656,6938,0.0,0.0
2023-09-11 13:30:00-04:00,490.8299865722656,490.8299865722656,488.19000244140625,488.19000244140625,4861,0.0,0.0
2023-09-11 14:30:00-04:00,488.6300048828125,488.6700134277344,486.8299865722656,488.6300048828125,7070,0.0,0.0
2023-09-11 15:30:00-04:00,488.1700134277344,490.0150146484375,487.1600036621094,490.010009765625,16886,0.0,0.0
2023-09-12 09:30:00-04:00,491.57000732421875,491.57000732421875,491.5199890136719,491.5199890136719,1144,0.0,0.0
2023-09-12 10:30:00-04:00,490.8800048828125,491.1700134277344,489.92498779296875,491.1700134277344,2483,0.0,0.0
2023-09-12 11:30:00-04:00,494.80999755859375,496.69000244140625,494.80999755859375,495.57000732421875,2556,0.0,0.0
2023-09-12 12:30:00-04:00,495.57000732421875,495.57000732421875,494.45001220703125,494.7149963378906,5557,0.0,0.0
2023-09-12 13:30:00-04:00,494.7250061035156,499.4200134277344,494.489990234375,499.4200134277344,8495,0.0,0.0
2023-09-12 14:30:00-04:00,499.3399963378906,499.9599914550781,498.8349914550781,498.8349914550781,2936,0.0,0.0
2023-09-12 15:30:00-04:00,499.8399963378906,500.7025146484375,498.5899963378906,499.1700134277344,10146,0.0,0.0
2023-09-13 09:30:00-04:00,492.8699951171875,495.510009765625,492.8699951171875,495.510009765625,3627,0.0,0.0
2023-09-13 10:30:00-04:00,495.1099853515625,499.82000732421875,495.0299987792969,499.5299987792969,23374,0.0,0.0
2023-09-13 11:30:00-04:00,500.32000732421875,503.07000732421875,500.32000732421875,502.1400146484375,3880,0.0,0.0
2023-09-13 12:30:00-04:00,503.0199890136719,503.0199890136719,503.0199890136719,503.0199890136719,1330,0.0,0.0
2023-09-13 13:30:00-04:00,502.04998779296875,502.04998779296875,500.5849914550781,501.260009765625,2796,0.0,0.0
2023-09-13 14:30:00-04:00,501.2449951171875,503.885009765625,501.1025085449219,503.0,9888,0.0,0.0
2023-09-13 15:30:00-04:00,503.07000732421875,506.0199890136719,503.07000732421875,506.0199890136719,12459,0.0,0.0
2023-09-14 09:30:00-04:00,509.010009765625,511.6400146484375,508.2900085449219,509.9599914550781,8933,0.0,0.0
2023-09-14 10:30:00-04:00,507.20001220703125,513.3099975585938,507.20001220703125,511.4200134277344,7918,0.0,0.0
2023-09-14 11:30:00-04:00,511.8800048828125,511.8800048828125,506.0,510.70001220703125,9640,0.0,0.0
2023-09-14 12:30:00-04:00,510.9800109863281,511.0,508.7900085449219,509.7799987792969,4688,0.0,0.0
2023-09-14 13:30:00-04:00,510.3900146484375,511.8999938964844,510.3900146484375,511.5299987792969,5561,0.0,0.0
2023-09-14 14:30:00-04:00,512.260009765625,512.3200073242188,510.4800109863281,510.4800109863281,2383,0.0,0.0
2023-09-14 15:30:00-04:00,510.9599914550781,511.3299865722656,509.2850036621094,509.4700012207031,8171,0.0,0.0
2023-09-15 09:30:00-04:00,508.8900146484375,512.989990234375,508.8900146484375,512.77001953125,3439,0.0,0.0
2023-09-15 10:30:00-04:00,510.8299865722656,510.8299865722656,506.4200134277344,508.2200012207031,3459,0.0,0.0
2023-09-15 11:30:00-04:00,509.260009765625,510.2998962402344,509.260009765625,510.2998962402344,640,0.0,0.0
2023-09-15 12:30:00-04:00,509.3599853515625,511.57000732421875,507.79998779296875,507.79998779296875,4232,0.0,0.0
2023-09-15 13:30:00-04:00,510.0299072265625,510.0299072265625,507.9800109863281,507.9800109863281,1581,0.0,0.0
2023-09-15 14:30:00-04:00,507.57000732421875,507.8299865722656,506.3999938964844,507.8299865722656,4817,0.0,0.0
2023-09-15 15:30:00-04:00,507.0,507.0,503.3550109863281,505.1000061035156,8204,0.0,0.0
2023-09-18 09:30:00-04:00,507.44000244140625,507.44000244140625,501.3900146484375,502.04998779296875,2601,0.0,0.0
2023-09-18 10:30:00-04:00,497.2200012207031,498.55999755859375,496.5,497.38409423828125,4268,0.0,0.0
2023-09-18 11:30:00-04:00,497.42999267578125,497.92999267578125,497.42999267578125,497.92999267578125,2074,0.0,0.0
2023-09-18 12:30:00-04:00,496.7699890136719,497.05999755859375,495.9100036621094,496.6099853515625,4078,0.0,0.0
2023-09-18 13:30:00-04:00,495.1499938964844,495.1499938964844,495.1499938964844,495.1499938964844,940,0.0,0.0
2023-09-18 14:30:00-04:00,493.19000244140625,494.19000244140625,493.19000244140625,494.19000244140625,1020,0.0,0.0
2023-09-18 15:30:00-04:00,494.70001220703125,495.5400085449219,492.44500732421875,492.989990234375,7211,0.0,0.0
2023-09-19 09:30:00-04:00,492.260009765625,495.0,492.25,494.989990234375,1243,0.0,0.0
2023-09-19 10:30:00-04:00,495.0,495.0,492.0,492.0450134277344,1023,0.0,0.0
2023-09-19 11:30:00-04:00,492.04998779296875,492.7349853515625,492.04998779296875,492.4599914550781,2601,0.0,0.0
2023-09-19 12:30:00-04:00,489.17999267578125,489.17999267578125,489.17999267578125,489.17999267578125,319,0.0,0.0
2023-09-19 13:30:00-04:00,490.18499755859375,490.375,489.2900085449219,489.6099853515625,3794,0.0,0.0
2023-09-19 14:30:00-04:00,489.3699951171875,489.3699951171875,487.8500061035156,487.9800109863281,2501,0.0,0.0
2023-09-19 15:30:00-04:00,488.79998779296875,490.5799865722656,487.2200012207031,487.3299865722656,8611,0.0,0.0
2023-09-20 09:30:00-04:00,486.260009765625,491.5450134277344,486.260009765625,491.5450134277344,2330,0.0,0.0
2023-09-20 10:30:00-04:00,492.2799987792969,492.2799987792969,489.67999267578125,490.7699890136719,3449,0.0,0.0
2023-09-20 11:30:00-04:00,489.1499938964844,491.32501220703125,488.739990234375,490.92498779296875,1589,0.0,0.0
2023-09-20 12:30:00-04:00,490.93499755859375,491.82000732421875,490.7099914550781,491.82000732421875,1854,0.0,0.0
2023-09-20 13:30:00-04:00,491.0,491.0,487.8500061035156,487.9949951171875,3887,0.0,0.0
2023-09-20 14:30:00-04:00,490.7250061035156,490.7250061035156,482.67999267578125,484.5924987792969,4915,0.0,0.0
2023-09-20 15:30:00-04:00,485.3949890136719,487.81500244140625,483.8900146484375,483.8900146484375,12882,0.0,0.0
2023-09-21 09:30:00-04:00,481.7900085449219,482.3500061035156,479.2850036621094,479.2850036621094,2172,0.0,0.0
2023-09-21 10:30:00-04:00,479.0,480.5849914550781,474.3949890136719,478.760009765625,4006,0.0,0.0
2023-09-21 11:30:00-04:00,478.05499267578125,478.05499267578125,478.05499267578125,478.05499267578125,2243,0.0,0.0
2023-09-21 12:30:00-04:00,474.9700012207031,476.4599914550781,474.9700012207031,475.260009765625,1299,0.0,0.0
2023-09-21 13:30:00-04:00,475.5350036621094,476.56500244140625,475.0450134277344,476.56500244140625,3056,0.0,0.0
2023-09-21 14:30:00-04:00,476.79998779296875,477.2449951171875,474.6600036621094,474.6600036621094,2933,0.0,0.0
2023-09-21 15:30:00-04:00,475.1449890136719,477.79998779296875,473.2900085449219,473.2900085449219,14922,0.0,0.0
2023-09-22 09:30:00-04:00,471.6400146484375,475.260009765625,470.2099914550781,474.20001220703125,5240,0.0,0.0
2023-09-22 10:30:00-04:00,476.8699951171875,476.8699951171875,474.3599853515625,475.0,2626,0.0,0.0
2023-09-22 11:30:00-04:00,473.9800109863281,474.7117004394531,472.7900085449219,473.95001220703125,2424,0.0,0.0
2023-09-22 12:30:00-04:00,472.7499084472656,472.7499084472656,470.0,470.0799865722656,2550,0.0,0.0
2023-09-22 13:30:00-04:00,470.8699951171875,470.8699951171875,470.5249938964844,470.5249938964844,1976,0.0,0.0
2023-09-22 14:30:00-04:00,469.3299865722656,473.1600036621094,469.20001220703125,472.9100036621094,16147,0.0,0.0
2023-09-22 15:30:00-04:00,471.8699951171875,472.1000061035156,469.8999938964844,469.8999938964844,9313,0.0,0.0
2023-09-25 09:30:00-04:00,465.6099853515625,473.8500061035156,465.0199890136719,465.0199890136719,8335,0.0,0.0
2023-09-25 10:30:00-04:00,465.2300109863281,465.2300109863281,465.2300109863281,465.2300109863281,1053,0.0,0.0
2023-09-25 11:30:00-04:00,469.7300109863281,470.42498779296875,467.6000061035156,469.8349914550781,4473,0.0,0.0
2023-09-25 12:30:00-04:00,468.6400146484375,469.7699890136719,467.7099914550781,468.0,4595,0.0,0.0
2023-09-25 13:30:00-04:00,468.239990234375,468.9700012207031,467.2950134277344,468.9700012207031,2667,0.0,0.0
2023-09-25 14:30:00-04:00,469.0799865722656,472.2099914550781,468.5799865722656,468.989990234375,5232,0.0,0.0
2023-09-25 15:30:00-04:00,470.0950012207031,470.54998779296875,467.7099914550781,469.5,11497,0.0,0.0
2023-09-26 09:30:00-04:00,468.70001220703125,468.70001220703125,467.6449890136719,467.6449890136719,861,0.0,0.0
2023-09-26 10:30:00-04:00,467.5050048828125,468.6600036621094,462.6400146484375,462.6650085449219,9991,0.0,0.0
2023-09-26 11:30:00-04:00,461.0299987792969,461.57501220703125,459.4200134277344,460.8550109863281,2908,0.0,0.0
2023-09-26 12:30:00-04:00,459.3299865722656,460.4849853515625,457.2799987792969,459.8900146484375,4673,0.0,0.0
2023-09-26 13:30:00-04:00,459.1600036621094,460.6700134277344,458.7799987792969,458.94000244140625,3414,0.0,0.0
2023-09-26 14:30:00-04:00,458.44000244140625,464.57000732421875,458.44000244140625,464.5400085449219,8869,0.0,0.0
2023-09-26 15:30:00-04:00,465.1400146484375,466.8900146484375,464.0,466.8900146484375,23415,0.0,0.0
2023-09-27 09:30:00-04:00,473.94000244140625,478.0899963378906,472.9599914550781,478.0899963378906,3421,0.0,0.0
2023-09-27 10:30:00-04:00,477.0,477.9700012207031,473.1549987792969,475.54998779296875,4507,0.0,0.0
2023-09-27 11:30:00-04:00,475.4700012207031,476.760009765625,473.2300109863281,473.57501220703125,2953,0.0,0.0
2023-09-27 12:30:00-04:00,472.989990234375,474.45001220703125,472.25,472.8900146484375,3545,0.0,0.0
2023-09-27 13:30:00-04:00,471.7699890136719,475.69500732421875,469.4700012207031,475.69500732421875,3370,0.0,0.0
2023-09-27 14:30:00-04:00,476.1099853515625,479.5199890136719,475.0,478.31500244140625,4295,0.0,0.0
2023-09-27 15:30:00-04:00,477.614990234375,477.67999267578125,475.56500244140625,476.9700012207031,11904,0.0,0.0
2023-09-28 09:30:00-04:00,476.0,479.3800048828125,472.4800109863281,473.2950134277344,6828,0.0,0.0
2023-09-28 10:30:00-04:00,470.2950134277344,470.2950134277344,461.8999938964844,470.17999267578125,15473,0.0,0.0
2023-09-28 11:30:00-04:00,468.57000732421875,476.25,468.5400085449219,473.3949890136719,3441,0.0,0.0
2023-09-28 12:30:00-04:00,472.9599914550781,473.9599914550781,470.3550109863281,470.3550109863281,4386,0.0,0.0
2023-09-28 13:30:00-04:00,470.1300048828125,471.3399963378906,468.260009765625,471.25,3108,0.0,0.0
2023-09-28 14:30:00-04:00,470.84649658203125,471.42999267578125,469.3399963378906,470.5799865722656,2528,0.0,0.0
2023-09-28 15:30:00-04:00,470.42999267578125,470.42999267578125,466.0849914550781,466.7300109863281,11877,0.0,0.0
2023-09-29 09:30:00-04:00,469.42999267578125,473.0,469.42999267578125,470.4800109863281,2880,0.0,0.0
2023-09-29 10:30:00-04:00,470.17498779296875,470.5199890136719,465.55999755859375,468.4599914550781,3293,0.0,0.0
2023-09-29 11:30:00-04:00,468.1600036621094,468.1600036621094,466.17999267578125,466.7699890136719,2273,0.0,0.0
2023-09-29 12:30:00-04:00,466.4200134277344,466.4200134277344,461.239990234375,462.32000732421875,4787,0.0,0.0
2023-09-29 13:30:00-04:00,463.92999267578125,463.92999267578125,462.2799987792969,462.2799987792969,1713,0.0,0.0
2023-09-29 14:30:00-04:00,461.42498779296875,464.510009765625,461.30999755859375,463.06500244140625,4556,0.0,0.0
2023-09-29 15:30:00-04:00,462.6700134277344,462.6700134277344,458.68499755859375,459.20001220703125,12729,0.0,0.0
2023-10-02 09:30:00-04:00,461.3999938964844,465.239990234375,454.5400085449219,461.8900146484375,9345,0.0,0.0
2023-10-02 10:30:00-04:00,460.2099914550781,461.54998779296875,456.2174987792969,456.82000732421875,8509,0.0,0.0
2023-10-02 11:30:00-04:00,457.8399963378906,457.8399963378906,453.010009765625,453.2300109863281,6735,0.0,0.0
2023-10-02 12:30:00-04:00,453.6300048828125,454.364990234375,451.3699951171875,454.0450134277344,11397,0.0,0.0
2023-10-02 13:30:00-04:00,453.8299865722656,454.9700012207031,452.0,452.0,12140,0.0,0.0
2023-10-02 14:30:00-04:00,453.0,454.20001220703125,449.6700134277344,453.06500244140625,7856,0.0,0.0
2023-10-02 15:30:00-04:00,452.989990234375,456.8299865722656,451.0375061035156,456.79998779296875,19345,0.0,0.0
2023-10-03 09:30:00-04:00,455.0199890136719,455.0199890136719,446.5,446.5,4588,0.0,0.0
2023-10-03 10:30:00-04:00,445.8800048828125,445.9024963378906,437.57000732421875,439.25,9150,0.0,0.0
2023-10-03 11:30:00-04:00,439.57501220703125,443.55999755859375,438.5400085449219,442.32501220703125,11726,0.0,0.0
2023-10-03 12:30:00-04:00,443.010009765625,444.4750061035156,441.19500732421875,441.20001220703125,8797,0.0,0.0
2023-10-03 13:30:00-04:00,440.2749938964844,440.2749938964844,432.875,432.875,11659,0.0,0.0
2023-10-03 14:30:00-04:00,431.95001220703125,438.1300048828125,431.95001220703125,435.0899963378906,10281,0.0,0.0
2023-10-03 15:30:00-04:00,435.7250061035156,435.7250061035156,432.239990234375,433.6600036621094,17728,0.0,0.0
2023-10-04 09:30:00-04:00,435.0,435.0,427.8399963378906,428.5799865722656,19326,0.0,0.0
2023-10-04 10:30:00-04:00,428.6199951171875,433.6600036621094,427.04998779296875,433.6600036621094,13328,0.0,0.0
2023-10-04 11:30:00-04:00,431.6300048828125,434.8599853515625,431.6300048828125,434.8599853515625,4396,0.0,0.0
2023-10-04 12:30:00-04:00,434.8599853515625,435.0,428.8299865722656,428.8299865722656,5401,0.0,0.0
2023-10-04 13:30:00-04:00,428.7300109863281,429.3299865722656,428.7300109863281,429.2699890136719,2391,0.0,0.0
2023-10-04 14:30:00-04:00,428.55999755859375,431.54998779296875,428.2799987792969,431.54998779296875,4749,0.0,0.0
2023-10-04 15:30:00-04:00,432.8299865722656,434.54998779296875,431.260009765625,434.54998779296875,19452,0.0,0.0
2023-10-05 09:30:00-04:00,435.989990234375,439.70001220703125,427.0899963378906,427.0899963378906,7162,0.0,0.0
2023-10-05 10:30:00-04:00,425.1199951171875,428.1499938964844,422.8299865722656,422.8299865722656,9581,0.0,0.0
2023-10-05 11:30:00-04:00,421.04998779296875,429.0,420.54998779296875,429.0,10124,0.0,0.0
2023-10-05 12:30:00-04:00,429.239990234375,430.239990234375,428.19189453125,428.19189453125,1462,0.0,0.0
2023-10-05 13:30:00-04:00,428.8599853515625,431.08599853515625,428.8599853515625,430.19500732421875,3027,0.0,0.0
2023-10-05 14:30:00-04:00,431.010009765625,434.42498779296875,431.010009765625,434.42498779296875,4792,0.0,0.0
2023-10-05 15:30:00-04:00,434.7449951171875,435.75,433.3999938964844,433.4599914550781,11654,0.0,0.0
2023-10-06 09:30:00-04:00,429.42999267578125,431.1000061035156,427.0950012207031,428.19000244140625,13456,0.0,0.0
2023-10-06 10:30:00-04:00,429.7300109863281,435.1499938964844,428.0,435.1449890136719,4451,0.0,0.0
2023-10-06 11:30:00-04:00,439.25,442.2900085449219,437.0400085449219,438.8262939453125,2189,0.0,0.0
2023-10-06 12:30:00-04:00,437.20001220703125,437.20001220703125,434.1099853515625,436.1499938964844,7160,0.0,0.0
2023-10-06 13:30:00-04:00,436.05999755859375,436.4599914550781,434.07000732421875,436.4599914550781,4551,0.0,0.0
2023-10-06 14:30:00-04:00,438.010009765625,438.0400085449219,432.70001220703125,433.8599853515625,5629,0.0,0.0
2023-10-06 15:30:00-04:00,433.69000244140625,434.3999938964844,430.6400146484375,430.760009765625,10566,0.0,0.0
2023-10-09 09:30:00-04:00,431.0799865722656,432.3500061035156,429.9949951171875,432.3500061035156,5463,0.0,0.0
2023-10-09 10:30:00-04:00,431.04998779296875,433.5799865722656,430.44000244140625,433.5799865722656,2758,0.0,0.0
2023-10-09 11:30:00-04:00,432.6600036621094,434.6600036621094,432.6600036621094,432.7699890136719,2173,0.0,0.0
2023-10-09 12:30:00-04:00,430.8699951171875,431.6000061035156,429.5299987792969,431.6000061035156,3555,0.0,0.0
2023-10-09 13:30:00-04:00,431.8999938964844,434.9200134277344,431.8999938964844,433.05999755859375,2710,0.0,0.0
2023-10-09 14:30:00-04:00,434.95001220703125,435.0299987792969,432.5249938964844,432.5249938964844,4564,0.0,0.0
2023-10-09 15:30:00-04:00,431.95001220703125,433.8599853515625,431.2699890136719,432.7200012207031,11820,0.0,0.0
2023-10-10 09:30:00-04:00,432.8699951171875,439.55999755859375,432.8699951171875,439.55999755859375,3466,0.0,0.0
2023-10-10 10:30:00-04:00,441.83349609375,443.7200012207031,441.3699951171875,443.5199890136719,2018,0.0,0.0
2023-10-10 11:30:00-04:00,442.7550048828125,444.6700134277344,440.875,444.6700134277344,4585,0.0,0.0
2023-10-10 12:30:00-04:00,444.57000732421875,445.6400146484375,443.0,443.3599853515625,3990,0.0,0.0
2023-10-10 13:30:00-04:00,443.0199890136719,443.0199890136719,439.0,440.3299865722656,3467,0.0,0.0
2023-10-10 14:30:00-04:00,440.8999938964844,441.43499755859375,438.29998779296875,438.29998779296875,5536,0.0,0.0
2023-10-10 15:30:00-04:00,439.57000732421875,439.57000732421875,436.6600036621094,436.8999938964844,10788,0.0,0.0
2023-10-11 09:30:00-04:00,435.8900146484375,443.42999267578125,435.6700134277344,437.4700012207031,4114,0.0,0.0
2023-10-11 10:30:00-04:00,437.5,439.510009765625,435.1000061035156,439.510009765625,4652,0.0,0.0
2023-10-11 11:30:00-04:00,437.3699951171875,437.3699951171875,434.6600036621094,435.260009765625,4972,0.0,0.0
2023-10-11 12:30:00-04:00,433.55999755859375,433.69000244140625,430.80999755859375,430.80999755859375,8109,0.0,0.0
2023-10-11 13:30:00-04:00,430.010009765625,434.5,430.010009765625,434.5,7093,0.0,0.0
2023-10-11 14:30:00-04:00,437.2200012207031,437.2200012207031,431.94000244140625,435.70001220703125,7591,0.0,0.0
2023-10-11 15:30:00-04:00,436.69000244140625,438.43499755859375,435.2099914550781,435.8900146484375,14510,0.0,0.0
2023-10-12 09:30:00-04:00,436.0,436.0,424.7799987792969,430.8500061035156,7949,0.0,0.0
2023-10-12 10:30:00-04:00,430.94500732421875,431.45001220703125,427.7900085449219,430.2049865722656,5970,0.0,0.0
2023-10-12 11:30:00-04:00,430.3699951171875,430.3699951171875,429.9800109863281,429.9800109863281,1788,0.0,0.0
2023-10-12 12:30:00-04:00,432.20001220703125,432.20001220703125,428.8399963378906,429.489990234375,4782,0.0,0.0
2023-10-12 13:30:00-04:00,428.57000732421875,429.7699890136719,427.2449951171875,428.7799987792969,6291,0.0,0.0
2023-10-12 14:30:00-04:00,429.56500244140625,430.4649963378906,428.760009765625,430.0400085449219,11452,0.0,0.0
2023-10-12 15:30:00-04:00,429.6000061035156,430.4100036621094,427.7149963378906,428.8599853515625,16143,0.0,0.0
2023-10-13 09:30:00-04:00,432.32000732421875,432.32000732421875,425.8550109863281,429.3399963378906,1413,0.0,0.0
2023-10-13 10:30:00-04:00,427.1600036621094,428.70001220703125,425.7200012207031,425.9599914550781,19856,0.0,0.0
2023-10-13 11:30:00-04:00,425.8999938964844,425.8999938964844,425.8999938964844,425.8999938964844,554,0.0,0.0
2023-10-13 12:30:00-04:00,427.989990234375,428.0,422.67999267578125,422.69000244140625,7475,0.0,0.0
2023-10-13 13:30:00-04:00,421.4100036621094,422.625,421.4100036621094,422.5450134277344,1438,0.0,0.0
2023-10-13 14:30:00-04:00,422.510009765625,423.7850036621094,420.94000244140625,423.07000732421875,6655,0.0,0.0
2023-10-13 15:30:00-04:00,422.1300048828125,423.9599914550781,422.0899963378906,422.42999267578125,9096,0.0,0.0
2023-10-16 09:30:00-04:00,426.5,428.70001220703125,425.0,427.6400146484375,3966,0.0,0.0
2023-10-16 10:30:00-04:00,430.7200012207031,432.05999755859375,429.94000244140625,429.94000244140625,1798,0.0,0.0
2023-10-16 11:30:00-04:00,429.8125,429.8125,425.69500732421875,426.5350036621094,3804,0.0,0.0
2023-10-16 12:30:00-04:00,428.05999755859375,428.3999938964844,427.5567932128906,428.05499267578125,1678,0.0,0.0
2023-10-16 13:30:00-04:00,428.2950134277344,429.4961853027344,428.2950134277344,429.4961853027344,2203,0.0,0.0
2023-10-16 14:30:00-04:00,429.2349853515625,431.3699951171875,428.0899963378906,431.3699951171875,4124,0.0,0.0
2023-10-16 15:30:00-04:00,431.0799865722656,431.760009765625,430.4750061035156,431.07000732421875,8837,0.0,0.0
2023-10-17 09:30:00-04:00,429.7699890136719,435.04998779296875,429.7699890136719,433.67498779296875,3812,0.0,0.0
2023-10-17 10:30:00-04:00,432.20001220703125,434.989990234375,432.0,434.7749938964844,3701,0.0,0.0
2023-10-17 11:30:00-04:00,434.7449951171875,436.30499267578125,434.7449951171875,436.30499267578125,2668,0.0,0.0
2023-10-17 12:30:00-04:00,435.9200134277344,439.2300109863281,435.6600036621094,438.7749938964844,7130,0.0,0.0
2023-10-17 13:30:00-04:00,438.7774963378906,439.3999938964844,436.0,438.0,7081,0.0,0.0
2023-10-17 14:30:00-04:00,438.0,438.20001220703125,437.489990234375,438.0450134277344,5126,0.0,0.0
2023-10-17 15:30:00-04:00,438.3999938964844,440.92999267578125,438.3999938964844,440.20001220703125,16505,0.0,0.0
2023-10-18 09:30:00-04:00,437.0299987792969,437.0299987792969,432.55999755859375,434.07000732421875,3999,0.0,0.0
2023-10-18 10:30:00-04:00,432.8800048828125,435.19000244140625,432.1700134277344,435.19000244140625,3780,0.0,0.0
2023-10-18 11:30:00-04:00,435.4700012207031,435.4700012207031,433.5199890136719,433.6000061035156,3082,0.0,0.0
2023-10-18 12:30:00-04:00,434.07000732421875,436.0,432.93499755859375,432.93499755859375,5611,0.0,0.0
2023-10-18 13:30:00-04:00,431.5,433.82000732421875,431.5,433.82000732421875,1911,0.0,0.0
2023-10-18 14:30:00-04:00,430.8999938964844,431.1000061035156,427.510009765625,427.510009765625,4767,0.0,0.0
2023-10-18 15:30:00-04:00,427.0299987792969,427.5150146484375,425.6600036621094,425.94000244140625,13869,0.0,0.0
2023-10-19 09:30:00-04:00,422.8800048828125,424.8699951171875,420.8399963378906,420.8399963378906,2572,0.0,0.0
2023-10-19 10:30:00-04:00,423.0,423.75048828125,419.79998779296875,420.5299987792969,8637,0.0,0.0
2023-10-19 11:30:00-04:00,420.9800109863281,420.9800109863281,420.3900146484375,420.3900146484375,1560,0.0,0.0
2023-10-19 12:30:00-04:00,420.0,420.55999755859375,419.05999755859375,420.55999755859375,2188,0.0,0.0
2023-10-19 13:30:00-04:00,421.82000732421875,421.92999267578125,419.0799865722656,419.0799865722656,5427,0.0,0.0
2023-10-19 14:30:00-04:00,417.8500061035156,419.32000732421875,417.17999267578125,417.6700134277344,6653,0.0,0.0
2023-10-19 15:30:00-04:00,417.0299987792969,419.54998779296875,417.0299987792969,417.6300048828125,9890,0.0,0.0
2023-10-20 09:30:00-04:00,414.364990234375,416.0899963378906,408.79998779296875,410.80999755859375,4430,0.0,0.0
2023-10-20 10:30:00-04:00,411.5,413.44500732421875,411.4100036621094,411.9849853515625,4722,0.0,0.0
2023-10-20 11:30:00-04:00,412.8699951171875,417.4200134277344,411.7699890136719,416.5950012207031,9792,0.0,0.0
2023-10-20 12:30:00-04:00,416.7200012207031,418.2149963378906,416.1700134277344,417.8599853515625,3208,0.0,0.0
2023-10-20 13:30:00-04:00,418.1499938964844,418.1499938964844,414.42498779296875,414.42498779296875,2518,0.0,0.0
2023-10-20 14:30:00-04:00,413.5779113769531,416.635009765625,413.5779113769531,414.5613098144531,8270,0.0,0.0
2023-10-20 15:30:00-04:00,415.25,416.2900085449219,414.8900146484375,415.2200012207031,16614,0.0,0.0
2023-10-23 09:30:00-04:00,410.6400146484375,415.9599914550781,408.1099853515625,415.7699890136719,13076,0.0,0.0
2023-10-23 10:30:00-04:00,416.0400085449219,421.7200012207031,415.3500061035156,419.7250061035156,12498,0.0,0.0
2023-10-23 11:30:00-04:00,419.8299865722656,419.8500061035156,417.6300048828125,418.0899963378906,3676,0.0,0.0
2023-10-23 12:30:00-04:00,418.0,420.4800109863281,417.1737976074219,418.2200012207031,2506,0.0,0.0
2023-10-23 13:30:00-04:00,417.7699890136719,418.75,415.6200866699219,415.6200866699219,2496,0.0,0.0
2023-10-23 14:30:00-04:00,415.6199951171875,415.6199951171875,410.5,410.5,3423,0.0,0.0
2023-10-23 15:30:00-04:00,411.1400146484375,413.0400085449219,410.57000732421875,412.1400146484375,11086,0.0,0.0
2023-10-24 09:30:00-04:00,412.3500061035156,421.0,412.3500061035156,415.25,9747,0.0,0.0
2023-10-24 10:30:00-04:00,416.0,416.989990234375,409.4200134277344,410.625,8441,0.0,0.0
2023-10-24 11:30:00-04:00,409.6199951171875,411.4800109863281,408.54998779296875,409.6099853515625,6762,0.0,0.0
2023-10-24 12:30:00-04:00,409.57501220703125,409.57501220703125,406.0,406.4100036621094,4798,0.0,0.0
2023-10-24 13:30:00-04:00,407.31500244140625,408.239990234375,407.010009765625,407.010009765625,4374,0.0,0.0
2023-10-24 14:30:00-04:00,407.989990234375,410.55999755859375,407.989990234375,410.4750061035156,7871,0.0,0.0
2023-10-24 15:30:00-04:00,411.5,411.5,407.989990234375,410.1499938964844,20221,0.0,0.0
2023-10-25 09:30:00-04:00,410.0299987792969,412.0199890136719,400.67999267578125,403.5849914550781,8140,0.0,0.0
2023-10-25 10:30:00-04:00,403.3800048828125,408.7099914550781,401.760009765625,407.5799865722656,12091,0.0,0.0
2023-10-25 11:30:00-04:00,408.9549865722656,411.67999267578125,408.19000244140625,410.0,9980,0.0,0.0
2023-10-25 12:30:00-04:00,411.9100036621094,412.8599853515625,410.64581298828125,412.80499267578125,10532,0.0,0.0
2023-10-25 13:30:00-04:00,412.82501220703125,414.739990234375,412.010009765625,413.45001220703125,15046,0.0,0.0
2023-10-25 14:30:00-04:00,412.510009765625,413.4049987792969,411.79998779296875,412.2300109863281,3894,0.0,0.0
2023-10-25 15:30:00-04:00,411.9200134277344,411.989990234375,408.0,410.2099914550781,14174,0.0,0.0
2023-10-26 09:30:00-04:00,411.0899963378906,411.0899963378906,405.760009765625,408.1099853515625,8184,0.0,0.0
2023-10-26 10:30:00-04:00,407.989990234375,411.239990234375,407.989990234375,410.75,7483,0.0,0.0
2023-10-26 11:30:00-04:00,410.614990234375,412.79998779296875,407.54998779296875,407.56500244140625,6412,0.0,0.0
2023-10-26 12:30:00-04:00,407.5,408.0,406.1600036621094,406.8800048828125,3484,0.0,0.0
2023-10-26 13:30:00-04:00,408.0,410.25,407.375,409.3500061035156,7367,0.0,0.0
2023-10-26 14:30:00-04:00,408.3399963378906,411.760009765625,408.3399963378906,410.7349853515625,6306,0.0,0.0
2023-10-26 15:30:00-04:00,408.5799865722656,411.2799987792969,408.5799865722656,411.2799987792969,13456,0.0,0.0
2023-10-27 09:30:00-04:00,411.0,411.0,406.17999267578125,408.0150146484375,3736,0.0,0.0
2023-10-27 10:30:00-04:00,410.8999938964844,412.0,409.7799987792969,411.1600036621094,4692,0.0,0.0
2023-10-27 11:30:00-04:00,411.6499938964844,412.3900146484375,409.4800109863281,409.4800109863281,7311,0.0,0.0
2023-10-27 12:30:00-04:00,408.4800109863281,409.7049865722656,406.4800109863281,406.4800109863281,2854,0.0,0.0
2023-10-27 13:30:00-04:00,406.5150146484375,407.4700012207031,405.2900085449219,405.5050048828125,3756,0.0,0.0
2023-10-27 14:30:00-04:00,405.5899963378906,407.6449890136719,404.67999267578125,405.0249938964844,10234,0.0,0.0
2023-10-27 15:30:00-04:00,406.135009765625,406.8599853515625,403.7799987792969,404.2200012207031,34477,0.0,0.0
2023-10-30 09:30:00-04:00,415.3164978027344,415.3164978027344,401.1099853515625,402.2049865722656,3096,0.0,0.0
2023-10-30 10:30:00-04:00,401.04998779296875,404.7449951171875,401.04998779296875,403.1499938964844,4666,0.0,0.0
2023-10-30 11:30:00-04:00,403.1700134277344,403.2699890136719,399.7699890136719,399.7699890136719,4182,0.0,0.0
2023-10-30 12:30:00-04:00,399.1499938964844,400.44000244140625,398.5350036621094,400.0199890136719,6019,0.0,0.0
2023-10-30 13:30:00-04:00,399.6700134277344,401.885009765625,396.32000732421875,396.32000732421875,16250,0.0,0.0
2023-10-30 14:30:00-04:00,396.697509765625,397.45001220703125,394.010009765625,395.7550048828125,16561,0.0,0.0
2023-10-30 15:30:00-04:00,396.510009765625,398.3299865722656,395.4649963378906,397.9200134277344,21982,0.0,0.0
2023-10-31 09:30:00-04:00,395.0,408.8699951171875,379.7699890136719,393.67498779296875,52127,0.0,0.0
2023-10-31 10:30:00-04:00,395.4549865722656,398.05999755859375,390.7749938964844,397.0299987792969,14909,0.0,0.0
2023-10-31 11:30:00-04:00,397.8399963378906,399.5299987792969,394.010009765625,395.3299865722656,11711,0.0,0.0
2023-10-31 12:30:00-04:00,396.6199951171875,401.0199890136719,394.9800109863281,398.5150146484375,9389,0.0,0.0
2023-10-31 13:30:00-04:00,400.1700134277344,406.07000732421875,398.8500061035156,403.0400085449219,7957,0.0,0.0
2023-10-31 14:30:00-04:00,403.70001220703125,405.42999267578125,402.7149963378906,404.92999267578125,11796,0.0,0.0
2023-10-31 15:30:00-04:00,404.44000244140625,405.1925048828125,400.0400085449219,403.0899963378906,28255,0.0,0.0
2023-11-01 09:30:00-04:00,400.5199890136719,405.6650085449219,400.2950134277344,405.6650085449219,7594,0.0,0.0
2023-11-01 10:30:00-04:00,407.80999755859375,414.07000732421875,407.80999755859375,412.75,10395,0.0,0.0
2023-11-01 11:30:00-04:00,412.7699890136719,418.5,412.7699890136719,417.0299987792969,11473,0.0,0.0
2023-11-01 12:30:00-04:00,415.27508544921875,415.4949951171875,410.3500061035156,413.2200012207031,6376,0.0,0.0
2023-11-01 13:30:00-04:00,414.1000061035156,414.6700134277344,411.6050109863281,411.6050109863281,6720,0.0,0.0
2023-11-01 14:30:00-04:00,412.1650085449219,417.4200134277344,411.7349853515625,416.7650146484375,11585,0.0,0.0
2023-11-01 15:30:00-04:00,416.1400146484375,417.19000244140625,413.7650146484375,414.69000244140625,27028,0.0,0.0
2023-11-02 09:30:00-04:00,422.7799987792969,426.8900146484375,420.3399963378906,425.4200134277344,20550,0.0,0.0
2023-11-02 10:30:00-04:00,426.7749938964844,431.5899963378906,426.75,431.5150146484375,7549,0.0,0.0
2023-11-02 11:30:00-04:00,432.0,435.20001220703125,432.0,435.0,6850,0.0,0.0
2023-11-02 12:30:00-04:00,437.17498779296875,437.489990234375,435.13751220703125,435.8450012207031,7202,0.0,0.0
2023-11-02 13:30:00-04:00,436.0,436.625,435.6700134277344,436.2900085449219,4432,0.0,0.0
2023-11-02 14:30:00-04:00,436.8800048828125,437.3599853515625,435.3236083984375,436.989990234375,9902,0.0,0.0
2023-11-02 15:30:00-04:00,436.3399963378906,437.010009765625,435.6099853515625,436.45001220703125,20714,0.0,0.0
2023-11-03 09:30:00-04:00,439.1600036621094,459.6600036621094,439.0,453.8399963378906,15496,0.0,0.0
2023-11-03 10:30:00-04:00,453.3450012207031,456.739990234375,452.2799987792969,455.3800048828125,9729,0.0,0.0
2023-11-03 11:30:00-04:00,455.0,456.0799865722656,453.93499755859375,455.04998779296875,8900,0.0,0.0
2023-11-03 12:30:00-04:00,454.760009765625,455.94500732421875,454.55999755859375,454.989990234375,6753,0.0,0.0
2023-11-03 13:30:00-04:00,454.4599914550781,454.5150146484375,449.3599853515625,450.38250732421875,6770,0.0,0.0
2023-11-03 14:30:00-04:00,449.2774963378906,449.2774963378906,446.5199890136719,447.9700012207031,7144,0.0,0.0
2023-11-03 15:30:00-04:00,446.82000732421875,446.82000732421875,443.260009765625,443.260009765625,9835,0.0,0.0
2023-11-06 09:30:00-05:00,444.3299865722656,444.3299865722656,437.5899963378906,437.5899963378906,6410,0.0,0.0
2023-11-06 10:30:00-05:00,437.5950012207031,437.5950012207031,430.8699951171875,430.8699951171875,15114,0.0,0.0
2023-11-06 11:30:00-05:00,429.3699951171875,431.4800109863281,426.69000244140625,430.3800048828125,12739,0.0,0.0
2023-11-06 12:30:00-05:00,427.6400146484375,428.5,425.0,426.05999755859375,4025,0.0,0.0
2023-11-06 13:30:00-05:00,425.239990234375,426.8399963378906,422.67999267578125,425.54998779296875,4383,0.0,0.0
2023-11-06 14:30:00-05:00,427.20001220703125,428.239990234375,426.95001220703125,428.239990234375,3853,0.0,0.0
2023-11-06 15:30:00-05:00,428.5799865722656,430.7900085449219,427.955810546875,430.7699890136719,9850,0.0,0.0
2023-11-07 09:30:00-05:00,429.3500061035156,433.8999938964844,427.5,428.07000732421875,1894,0.0,0.0
2023-11-07 10:30:00-05:00,428.2349853515625,428.5799865722656,426.56500244140625,427.6050109863281,5167,0.0,0.0
2023-11-07 11:30:00-05:00,426.4150085449219,426.864990234375,422.1449890136719,423.0899963378906,5269,0.0,0.0
2023-11-07 12:30:00-05:00,423.2850036621094,425.8399963378906,423.2799987792969,423.8999938964844,7085,0.0,0.0
2023-11-07 13:30:00-05:00,423.8999938964844,424.20001220703125,422.010009765625,424.0799865722656,4188,0.0,0.0
2023-11-07 14:30:00-05:00,423.2099914550781,427.1499938964844,422.5,427.1499938964844,10383,0.0,0.0
2023-11-07 15:30:00-05:00,427.75,428.7950134277344,425.9599914550781,425.9599914550781,11977,0.0,0.0
2023-11-08 09:30:00-05:00,426.5199890136719,426.5199890136719,419.57000732421875,419.57000732421875,2337,0.0,0.0
2023-11-08 10:30:00-05:00,419.81500244140625,422.864990234375,419.7200012207031,422.7900085449219,4883,0.0,0.0
2023-11-08 11:30:00-05:00,423.0,423.6400146484375,420.0,420.3999938964844,3572,0.0,0.0
2023-11-08 12:30:00-05:00,420.67498779296875,422.7099914550781,419.6700134277344,422.7099914550781,4348,0.0,0.0
2023-11-08 13:30:00-05:00,422.2449951171875,422.7799987792969,421.42999267578125,422.7799987792969,1455,0.0,0.0
2023-11-08 14:30:00-05:00,421.3800048828125,423.885009765625,421.3800048828125,421.989990234375,2786,0.0,0.0
2023-11-08 15:30:00-05:00,421.989990234375,422.04998779296875,419.2300109863281,420.7300109863281,11180,0.0,0.0
2023-11-09 09:30:00-05:00,418.32000732421875,419.6700134277344,416.5150146484375,418.45001220703125,6648,0.0,0.0
2023-11-09 10:30:00-05:00,417.19000244140625,418.5799865722656,417.0,418.5799865722656,2769,0.0,0.0
2023-11-09 11:30:00-05:00,418.4599914550781,418.989990234375,416.75,417.7650146484375,4811,0.0,0.0
2023-11-09 12:30:00-05:00,418.30999755859375,418.635009765625,416.0,417.2300109863281,3104,0.0,0.0
2023-11-09 13:30:00-05:00,416.260009765625,416.260009765625,411.20001220703125,413.3399963378906,5273,0.0,0.0
2023-11-09 14:30:00-05:00,413.3349914550781,414.45001220703125,411.6300048828125,412.54998779296875,4518,0.0,0.0
2023-11-09 15:30:00-05:00,412.9100036621094,412.9100036621094,410.2900085449219,410.4100036621094,10711,0.0,0.0
2023-11-10 09:30:00-05:00,415.0,416.3949890136719,412.0299987792969,413.3399963378906,3961,0.0,0.0
2023-11-10 10:30:00-05:00,410.8299865722656,410.8399963378906,409.010009765625,410.8399963378906,1395,0.0,0.0
2023-11-10 11:30:00-05:00,409.0,409.79998779296875,407.2749938964844,408.989990234375,2311,0.0,0.0
2023-11-10 12:30:00-05:00,409.9599914550781,411.04998779296875,409.8949890136719,410.0,1644,0.0,0.0
2023-11-10 13:30:00-05:00,412.20001220703125,414.4100036621094,411.6650085449219,413.1499938964844,1589,0.0,0.0
2023-11-10 14:30:00-05:00,415.0,415.0,412.875,412.875,2679,0.0,0.0
2023-11-10 15:30:00-05:00,412.79998779296875,413.3999938964844,411.42999267578125,411.42999267578125,7735,0.0,0.0
2023-11-13 09:30:00-05:00,411.75,412.2300109863281,410.989990234375,412.0,3099,0.0,0.0
2023-11-13 10:30:00-05:00,410.885009765625,411.989990234375,410.885009765625,411.989990234375,917,0.0,0.0
2023-11-13 11:30:00-05:00,411.1650085449219,412.0,410.1099853515625,410.1099853515625,2985,0.0,0.0
2023-11-13 13:30:00-05:00,410.32000732421875,410.32000732421875,410.32000732421875,410.32000732421875,1813,0.0,0.0
2023-11-13 14:30:00-05:00,406.6099853515625,406.6099853515625,406.6099853515625,406.6099853515625,1024,0.0,0.0
2023-11-13 15:30:00-05:00,406.5299987792969,409.1099853515625,406.5299987792969,408.2699890136719,10653,0.0,0.0
2023-11-14 09:30:00-05:00,418.29998779296875,426.55999755859375,418.0,422.64599609375,11235,0.0,0.0
2023-11-14 10:30:00-05:00,427.2300109863281,436.21990966796875,423.1300048828125,436.21990966796875,6996,0.0,0.0
2023-11-14 11:30:00-05:00,435.20001220703125,435.5,429.6099853515625,429.6099853515625,3866,0.0,0.0
2023-11-14 12:30:00-05:00,428.82000732421875,430.239990234375,428.6600036621094,429.1000061035156,3508,0.0,0.0
2023-11-14 13:30:00-05:00,429.9800109863281,430.7900085449219,428.0400085449219,430.7900085449219,7172,0.0,0.0
2023-11-14 14:30:00-05:00,430.42999267578125,436.0299987792969,429.9200134277344,436.0299987792969,15041,0.0,0.0
2023-11-14 15:30:00-05:00,434.3699951171875,436.4599914550781,434.260009765625,435.8800048828125,9964,0.0,0.0
2023-11-15 09:30:00-05:00,449.17999267578125,451.97119140625,444.57000732421875,450.55499267578125,17197,0.0,0.0
2023-11-15 10:30:00-05:00,450.67999267578125,453.0299987792969,450.010009765625,451.2950134277344,15064,0.0,0.0
2023-11-15 11:30:00-05:00,450.3299865722656,451.8900146484375,448.989990234375,451.29998779296875,13392,0.0,0.0
2023-11-15 12:30:00-05:00,451.29998779296875,452.3500061035156,450.135009765625,450.135009765625,8108,0.0,0.0
2023-11-15 13:30:00-05:00,448.30999755859375,448.30999755859375,448.30999755859375,448.30999755859375,336,0.0,0.0
2023-11-15 14:30:00-05:00,449.0899963378906,450.3500061035156,448.5299987792969,450.3500061035156,9632,0.0,0.0
2023-11-15 15:30:00-05:00,449.3500061035156,450.3500061035156,448.3450012207031,449.6700134277344,21794,0.0,0.0
2023-11-16 09:30:00-05:00,448.4599914550781,448.4599914550781,436.3299865722656,437.0299987792969,3099,0.0,0.0
2023-11-16 10:30:00-05:00,436.0,436.0,434.92999267578125,434.92999267578125,1929,0.0,0.0
2023-11-16 11:30:00-05:00,434.2099914550781,434.3399963378906,432.6600036621094,434.3399963378906,3218,0.0,0.0
2023-11-16 12:30:00-05:00,433.1300048828125,435.0899963378906,433.010009765625,433.2799987792969,3623,0.0,0.0
2023-11-16 13:30:00-05:00,431.67999267578125,431.67999267578125,427.8900146484375,431.375,3252,0.0,0.0
2023-11-16 14:30:00-05:00,430.8949890136719,434.9700012207031,430.8949890136719,434.1400146484375,4972,0.0,0.0
2023-11-16 15:30:00-05:00,432.3699951171875,433.2550048828125,428.8299865722656,429.25,11388,0.0,0.0
2023-11-17 09:30:00-05:00,433.94000244140625,438.7300109863281,433.94000244140625,438.7300109863281,2201,0.0,0.0
2023-11-17 10:30:00-05:00,437.8900146484375,437.8900146484375,437.5299987792969,437.5299987792969,1671,0.0,0.0
2023-11-17 11:30:00-05:00,436.0,436.67999267578125,436.0,436.04998779296875,4619,0.0,0.0
2023-11-17 12:30:00-05:00,437.0400085449219,437.989990234375,436.1499938964844,437.989990234375,1613,0.0,0.0
2023-11-17 13:30:00-05:00,438.0799865722656,438.0799865722656,436.239990234375,436.75,2130,0.0,0.0
2023-11-17 14:30:00-05:00,436.9949951171875,437.75,436.6400146484375,436.6400146484375,3884,0.0,0.0
2023-11-17 15:30:00-05:00,434.9150085449219,435.3800048828125,434.635009765625,434.7300109863281,5365,0.0,0.0
2023-11-20 09:30:00-05:00,433.94000244140625,439.3467102050781,433.94000244140625,436.010009765625,2456,0.0,0.0
2023-11-20 10:30:00-05:00,436.0,437.17498779296875,436.0,437.17498779296875,3096,0.0,0.0
2023-11-20 12:30:00-05:00,438.010009765625,441.6300048828125,438.010009765625,441.6300048828125,2450,0.0,0.0
2023-11-20 13:30:00-05:00,441.2650146484375,441.7049865722656,440.4700012207031,440.4700012207031,1963,0.0,0.0
2023-11-20 14:30:00-05:00,441.1499938964844,441.6449890136719,441.1300048828125,441.1300048828125,2124,0.0,0.0
2023-11-20 15:30:00-05:00,440.9200134277344,440.9200134277344,438.4100036621094,440.3800048828125,7239,0.0,0.0
2023-11-21 09:30:00-05:00,439.239990234375,439.239990234375,438.8500061035156,438.8500061035156,2990,0.0,0.0
2023-11-21 10:30:00-05:00,431.8599853515625,431.8599853515625,427.1000061035156,427.1000061035156,2401,0.0,0.0
2023-11-21 11:30:00-05:00,429.04998779296875,429.93499755859375,429.010009765625,429.010009765625,1849,0.0,0.0
2023-11-21 12:30:00-05:00,428.75,429.0,423.3800048828125,425.8599853515625,9224,0.0,0.0
2023-11-21 13:30:00-05:00,427.1000061035156,428.5,426.0,426.2799987792969,5733,0.0,0.0
2023-11-21 14:30:00-05:00,425.7699890136719,427.2900085449219,425.7650146484375,427.2900085449219,1875,0.0,0.0
2023-11-21 15:30:00-05:00,426.989990234375,428.5050048828125,426.5199890136719,427.2300109863281,9053,0.0,0.0
2023-11-22 09:30:00-05:00,429.7799987792969,429.7799987792969,429.5,429.5,1465,0.0,0.0
2023-11-22 10:30:00-05:00,430.8599853515625,431.6099853515625,430.8599853515625,431.6099853515625,447,0.0,0.0
2023-11-22 11:30:00-05:00,430.75,430.8599853515625,428.0,428.0,2201,0.0,0.0
2023-11-22 12:30:00-05:00,428.7699890136719,428.7699890136719,428.5199890136719,428.5199890136719,998,0.0,0.0
2023-11-22 13:30:00-05:00,429.43499755859375,429.94000244140625,429.43499755859375,429.94000244140625,1291,0.0,0.0
2023-11-22 14:30:00-05:00,429.5,431.2850036621094,428.44000244140625,431.2850036621094,2776,0.0,0.0
2023-11-22 15:30:00-05:00,432.0,433.4200134277344,431.8900146484375,431.8900146484375,6948,0.0,0.0
2023-11-24 09:30:00-05:00,430.8500061035156,432.0,430.8500061035156,432.0,1397,0.0,0.0
2023-11-24 10:30:00-05:00,433.44000244140625,438.260009765625,433.44000244140625,436.0299987792969,6010,0.0,0.0
2023-11-24 11:30:00-05:00,434.760009765625,437.75,434.2900085449219,437.75,6288,0.0,0.0
2023-11-27 09:30:00-05:00,436.6400146484375,437.510009765625,431.80999755859375,434.4700012207031,6630,0.0,0.0
2023-11-27 10:30:00-05:00,435.0,435.7099914550781,433.0799865722656,434.385009765625,1529,0.0,0.0
2023-11-27 11:30:00-05:00,436.6099853515625,436.6099853515625,432.3500061035156,432.3550109863281,2108,0.0,0.0
2023-11-27 12:30:00-05:00,433.95001220703125,434.7799987792969,432.3399963378906,434.7799987792969,2885,0.0,0.0
2023-11-27 13:30:00-05:00,434.8999938964844,434.8999938964844,432.0350036621094,434.20001220703125,2522,0.0,0.0
2023-11-27 14:30:00-05:00,432.6400146484375,437.375,432.6400146484375,436.8500061035156,7214,0.0,0.0
2023-11-27 15:30:00-05:00,435.06500244140625,436.8999938964844,434.1700134277344,435.30999755859375,16529,0.0,0.0
2023-11-28 09:30:00-05:00,433.29998779296875,433.57000732421875,432.1199951171875,433.57000732421875,2048,0.0,0.0
2023-11-28 10:30:00-05:00,433.17999267578125,439.1700134277344,433.17999267578125,439.1700134277344,4150,0.0,0.0
2023-11-28 11:30:00-05:00,440.510009765625,443.79998779296875,440.510009765625,443.79998779296875,2750,0.0,0.0
2023-11-28 12:30:00-05:00,440.2900085449219,442.1400146484375,439.5,439.5,2231,0.0,0.0
2023-11-28 13:30:00-05:00,441.2300109863281,441.2300109863281,441.010009765625,441.010009765625,2814,0.0,0.0
2023-11-28 14:30:00-05:00,441.3399963378906,443.6400146484375,440.55999755859375,440.6000061035156,5967,0.0,0.0
2023-11-28 15:30:00-05:00,441.3699951171875,441.7200012207031,439.7650146484375,439.9599914550781,12930,0.0,0.0
2023-11-29 09:30:00-05:00,439.4200134277344,454.0,439.4200134277344,453.20001220703125,12489,0.0,0.0
2023-11-29 10:30:00-05:00,453.32000732421875,453.32000732421875,449.2650146484375,450.510009765625,7558,0.0,0.0
2023-11-29 11:30:00-05:00,450.5299987792969,453.2799987792969,450.5299987792969,453.2799987792969,3380,0.0,0.0
2023-11-29 12:30:00-05:00,452.0,454.3999938964844,452.0,454.3999938964844,4913,0.0,0.0
2023-11-29 13:30:00-05:00,452.760009765625,455.6000061035156,452.760009765625,454.510009765625,6678,0.0,0.0
2023-11-29 14:30:00-05:00,454.0,454.69000244140625,451.70001220703125,453.18499755859375,13272,0.0,0.0
2023-11-29 15:30:00-05:00,451.81500244140625,452.8800048828125,449.82000732421875,452.1000061035156,23218,0.0,0.0
2023-11-30 09:30:00-05:00,451.29998779296875,455.04998779296875,451.2300109863281,455.04998779296875,3997,0.0,0.0
2023-11-30 10:30:00-05:00,453.92999267578125,456.05999755859375,451.67999267578125,456.05999755859375,9471,0.0,0.0
2023-11-30 11:30:00-05:00,457.0,457.5150146484375,453.42999267578125,453.42999267578125,4201,0.0,0.0
2023-11-30 12:30:00-05:00,454.0799865722656,454.32000732421875,449.0199890136719,451.8399963378906,7859,0.0,0.0
2023-11-30 13:30:00-05:00,453.5,455.4649963378906,451.8999938964844,455.4649963378906,9328,0.0,0.0
2023-11-30 14:30:00-05:00,456.010009765625,457.9649963378906,453.92498779296875,454.3800048828125,12229,0.0,0.0
2023-11-30 15:30:00-05:00,452.8900146484375,457.32000732421875,452.8900146484375,457.32000732421875,18063,0.0,0.0
2023-12-01 09:30:00-05:00,457.1300048828125,458.4800109863281,453.0,458.4599914550781,2718,0.0,0.0
2023-12-01 10:30:00-05:00,457.760009765625,466.010009765625,457.760009765625,466.010009765625,4021,0.0,0.0
2023-12-01 11:30:00-05:00,465.79998779296875,474.1600036621094,465.79998779296875,473.0199890136719,7604,0.0,0.0
2023-12-01 12:30:00-05:00,471.4200134277344,480.42498779296875,471.4200134277344,477.0799865722656,14032,0.0,0.0
2023-12-01 13:30:00-05:00,475.55999755859375,476.364990234375,475.07000732421875,475.07000732421875,2271,0.0,0.0
2023-12-01 14:30:00-05:00,472.7200012207031,473.17498779296875,470.5,472.93499755859375,7766,0.0,0.0
2023-12-01 15:30:00-05:00,472.94500732421875,475.5799865722656,472.3699951171875,474.2799987792969,16759,0.0,0.0
2023-12-04 09:30:00-05:00,469.989990234375,476.0,464.9800109863281,466.7900085449219,8702,0.0,0.0
2023-12-04 10:30:00-05:00,465.8599853515625,465.8599853515625,460.8699951171875,464.29998779296875,12495,0.0,0.0
2023-12-04 11:30:00-05:00,463.29998779296875,465.0,461.79998779296875,461.79998779296875,4930,0.0,0.0
2023-12-04 12:30:00-05:00,459.3500061035156,462.2349853515625,459.3500061035156,459.94000244140625,12771,0.0,0.0
2023-12-04 13:30:00-05:00,458.95001220703125,459.9100036621094,458.95001220703125,459.9100036621094,4649,0.0,0.0
2023-12-04 14:30:00-05:00,460.32000732421875,460.32000732421875,458.04998779296875,458.04998779296875,1724,0.0,0.0
2023-12-04 15:30:00-05:00,457.9800109863281,460.9800109863281,457.010009765625,460.8500061035156,17653,0.0,0.0
2023-12-05 09:30:00-05:00,449.95001220703125,449.95001220703125,434.43499755859375,444.4700012207031,11839,0.0,0.0
2023-12-05 10:30:00-05:00,442.9599914550781,449.25,442.74139404296875,449.25,8077,0.0,0.0
2023-12-05 11:30:00-05:00,447.9700012207031,447.9700012207031,443.42498779296875,443.42498779296875,2159,0.0,0.0
2023-12-05 12:30:00-05:00,444.1499938964844,447.6199951171875,444.1499938964844,446.7149963378906,5395,0.0,0.0
2023-12-05 13:30:00-05:00,445.8399963378906,446.125,445.45318603515625,445.7099914550781,2274,0.0,0.0
2023-12-05 14:30:00-05:00,445.0,447.9100036621094,445.0,446.2200012207031,10613,0.0,0.0
2023-12-05 15:30:00-05:00,446.6099853515625,447.4100036621094,445.79998779296875,446.9800109863281,9231,0.0,0.0
2023-12-06 09:30:00-05:00,452.45001220703125,467.0,452.45001220703125,461.1400146484375,4309,0.0,0.0
2023-12-06 10:30:00-05:00,459.1700134277344,459.1700134277344,453.94500732421875,455.760009765625,2451,0.0,0.0
2023-12-06 11:30:00-05:00,455.1000061035156,456.6000061035156,452.7300109863281,455.5899963378906,5619,0.0,0.0
2023-12-06 12:30:00-05:00,458.0899963378906,458.0899963378906,452.75,453.8800048828125,6427,0.0,0.0
2023-12-06 13:30:00-05:00,454.3399963378906,454.5,452.6600036621094,453.8900146484375,3484,0.0,0.0
2023-12-06 14:30:00-05:00,452.82000732421875,452.82000732421875,448.1300048828125,448.1300048828125,2232,0.0,0.0
2023-12-06 15:30:00-05:00,447.5199890136719,449.57000732421875,446.3299865722656,448.4700012207031,7475,0.0,0.0
2023-12-07 09:30:00-05:00,448.010009765625,454.9150085449219,448.010009765625,454.5299987792969,6262,0.0,0.0
2023-12-07 10:30:00-05:00,454.44000244140625,454.4700012207031,448.7900085449219,453.5,9624,0.0,0.0
2023-12-07 11:30:00-05:00,453.44000244140625,453.5,448.4800109863281,449.0299987792969,6172,0.0,0.0
2023-12-07 12:30:00-05:00,449.5,451.8999938964844,449.3699951171875,451.54998779296875,4513,0.0,0.0
2023-12-07 13:30:00-05:00,451.9700012207031,453.5799865722656,451.9700012207031,453.5799865722656,1905,0.0,0.0
2023-12-07 14:30:00-05:00,452.8599853515625,452.8599853515625,451.0299987792969,451.0299987792969,3429,0.0,0.0
2023-12-07 15:30:00-05:00,453.8900146484375,456.9100036621094,452.75,456.0,8854,0.0,0.0
2023-12-08 09:30:00-05:00,454.4700012207031,462.8299865722656,454.4700012207031,462.8299865722656,5207,0.0,0.0
2023-12-08 10:30:00-05:00,453.57000732421875,455.0199890136719,452.2099914550781,453.0400085449219,6644,0.0,0.0
2023-12-08 11:30:00-05:00,453.5299987792969,453.5299987792969,452.69000244140625,452.69000244140625,1824,0.0,0.0
2023-12-08 12:30:00-05:00,455.9800109863281,456.010009765625,454.909912109375,454.909912109375,3020,0.0,0.0
2023-12-08 13:30:00-05:00,457.95989990234375,458.0,457.94329833984375,457.94329833984375,5862,0.0,0.0
2023-12-08 14:30:00-05:00,457.5150146484375,462.6400146484375,457.5150146484375,460.4649963378906,4722,0.0,0.0
2023-12-08 15:30:00-05:00,459.55059814453125,461.6400146484375,459.55059814453125,461.05999755859375,10385,0.0,0.0
2023-12-11 09:30:00-05:00,455.55999755859375,459.5799865722656,455.55999755859375,459.5799865722656,2352,0.0,0.0
2023-12-11 10:30:00-05:00,459.6099853515625,463.7049865722656,459.6099853515625,461.2650146484375,11480,0.0,0.0
2023-12-11 12:30:00-05:00,466.4100036621094,466.4100036621094,466.4100036621094,466.4100036621094,669,0.0,0.0
2023-12-11 13:30:00-05:00,466.19500732421875,466.19500732421875,466.19000244140625,466.19000244140625,2538,0.0,0.0
2023-12-11 14:30:00-05:00,467.94000244140625,467.94000244140625,465.0,465.0,4648,0.0,0.0
2023-12-11 15:30:00-05:00,466.0849914550781,466.1600036621094,465.07501220703125,465.07501220703125,9152,0.0,0.0
2023-12-12 09:30:00-05:00,465.57000732421875,465.57000732421875,464.239990234375,465.1199951171875,3054,0.0,0.0
2023-12-12 10:30:00-05:00,468.3699951171875,468.5400085449219,467.7799987792969,467.7799987792969,5445,0.0,0.0
2023-12-12 11:30:00-05:00,467.6600036621094,468.6000061035156,467.6600036621094,468.6000061035156,2291,0.0,0.0
2023-12-12 12:30:00-05:00,469.6300048828125,470.0,468.4800109863281,469.6650085449219,11548,0.0,0.0
2023-12-12 13:30:00-05:00,469.6600036621094,470.05999755859375,468.75,469.8800048828125,8586,0.0,0.0
2023-12-12 14:30:00-05:00,471.625,472.44500732421875,470.5201110839844,471.56500244140625,4642,0.0,0.0
2023-12-12 15:30:00-05:00,472.0140075683594,472.42999267578125,468.0899963378906,468.29998779296875,19222,0.0,0.0
2023-12-13 09:30:00-05:00,470.8599853515625,470.8599853515625,468.7799987792969,468.7799987792969,898,0.0,0.0
2023-12-13 10:30:00-05:00,471.0,476.6700134277344,471.0,476.3900146484375,4638,0.0,0.0
2023-12-13 11:30:00-05:00,477.6700134277344,477.6700134277344,473.2300109863281,473.2300109863281,8465,0.0,0.0
2023-12-13 12:30:00-05:00,472.5899963378906,472.5899963378906,469.8500061035156,471.260009765625,4210,0.0,0.0
2023-12-13 13:30:00-05:00,469.7950134277344,480.6099853515625,468.4150085449219,480.6099853515625,5327,0.0,0.0
2023-12-13 14:30:00-05:00,484.94000244140625,499.6099853515625,484.7998962402344,498.5,21590,0.0,0.0
2023-12-13 15:30:00-05:00,499.94000244140625,505.2699890136719,498.95001220703125,500.9800109863281,24688,0.0,0.0
2023-12-14 09:30:00-05:00,506.8800048828125,524.5900268554688,506.8800048828125,520.0700073242188,18477,0.0,0.0
2023-12-14 10:30:00-05:00,519.2849731445312,521.2999877929688,513.635009765625,513.635009765625,17723,0.0,0.0
2023-12-14 11:30:00-05:00,513.530029296875,516.25,511.2650146484375,513.3250122070312,9129,0.0,0.0
2023-12-14 12:30:00-05:00,514.969970703125,518.969970703125,510.0,513.989990234375,14453,0.0,0.0
2023-12-14 13:30:00-05:00,513.1749877929688,517.2650146484375,511.9100036621094,517.2000122070312,13747,0.0,0.0
2023-12-14 14:30:00-05:00,516.5999755859375,519.530029296875,513.989990234375,515.4600219726562,13712,0.0,0.0
2023-12-14 15:30:00-05:00,515.6599731445312,518.0,513.0150146484375,516.510009765625,21707,0.0,0.0
2023-12-15 09:30:00-05:00,515.77001953125,515.77001953125,501.4549865722656,507.2250061035156,15393,0.0,0.0
2023-12-15 10:30:00-05:00,506.0,507.5,501.8500061035156,504.4800109863281,12144,0.0,0.0
2023-12-15 11:30:00-05:00,504.1700134277344,504.1700134277344,504.1700134277344,504.1700134277344,3711,0.0,0.0
2023-12-15 12:30:00-05:00,500.07000732421875,508.54998779296875,499.8450012207031,506.0,7806,0.0,0.0
2023-12-15 13:30:00-05:00,508.4200134277344,509.6700134277344,504.7550048828125,509.6700134277344,10100,0.0,0.0
2023-12-15 14:30:00-05:00,506.5199890136719,507.8299865722656,504.5299987792969,507.70001220703125,7756,0.0,0.0
2023-12-15 15:30:00-05:00,506.92498779296875,512.22998046875,506.9100036621094,511.7799987792969,10904,0.0,0.0
2023-12-18 09:30:00-05:00,514.6699829101562,519.1099853515625,509.70001220703125,509.70001220703125,2756,0.0,0.0
2023-12-18 10:30:00-05:00,507.70001220703125,508.1325988769531,505.8900146484375,508.1325988769531,3690,0.0,0.0
2023-12-18 11:30:00-05:00,510.1099853515625,510.80999755859375,508.3299865722656,510.80999755859375,4070,0.0,0.0
2023-12-18 12:30:00-05:00,507.0,507.0,507.0,507.0,143,0.0,0.0
2023-12-18 13:30:00-05:00,506.8299865722656,507.82000732421875,503.79998779296875,505.05999755859375,6893,0.0,0.0
2023-12-18 14:30:00-05:00,504.0,507.989990234375,504.0,506.3599853515625,4021,0.0,0.0
2023-12-18 15:30:00-05:00,505.44000244140625,506.5400085449219,505.44000244140625,506.2900085449219,6151,0.0,0.0
2023-12-19 09:30:00-05:00,506.07000732421875,519.0,506.07000732421875,516.6400146484375,3874,0.0,0.0
2023-12-19 10:30:00-05:00,517.97998046875,519.2999877929688,515.989990234375,515.989990234375,5416,0.0,0.0
2023-12-19 11:30:00-05:00,511.9700012207031,513.4299926757812,511.9700012207031,513.4299926757812,3119,0.0,0.0
2023-12-19 12:30:00-05:00,516.0599975585938,516.1599731445312,514.0,516.1599731445312,1957,0.0,0.0
2023-12-19 13:30:00-05:00,514.844970703125,515.97998046875,514.1799926757812,514.5800170898438,5625,0.0,0.0
2023-12-19 14:30:00-05:00,514.530029296875,515.7899780273438,514.3599853515625,514.8778076171875,3504,0.0,0.0
2023-12-19 15:30:00-05:00,514.6199951171875,516.5900268554688,514.27001953125,516.4199829101562,9708,0.0,0.0
2023-12-20 09:30:00-05:00,514.5999755859375,520.0,510.760009765625,518.5700073242188,12296,0.0,0.0
2023-12-20 10:30:00-05:00,522.030029296875,522.6799926757812,515.1599731445312,517.739990234375,13010,0.0,0.0
2023-12-20 11:30:00-05:00,517.739990234375,519.52001953125,517.1950073242188,519.510009765625,3370,0.0,0.0
2023-12-20 12:30:00-05:00,519.155029296875,521.3699951171875,518.72998046875,521.3699951171875,5923,0.0,0.0
2023-12-20 13:30:00-05:00,520.5399780273438,521.5549926757812,520.280029296875,521.3198852539062,3019,0.0,0.0
2023-12-20 14:30:00-05:00,521.4099731445312,521.4099731445312,512.5999755859375,513.719970703125,12929,0.0,0.0
2023-12-20 15:30:00-05:00,513.719970703125,514.6699829101562,509.989990234375,510.0,9478,0.0,0.0
2023-12-21 09:30:00-05:00,513.6900024414062,524.8300170898438,513.6900024414062,524.010009765625,3193,0.0,0.0
2023-12-21 10:30:00-05:00,525.3400268554688,527.114990234375,523.2100219726562,526.969970703125,3827,0.0,0.0
2023-12-21 11:30:00-05:00,526.5050048828125,526.510009765625,523.2999877929688,525.1649780273438,7505,0.0,0.0
2023-12-21 12:30:00-05:00,526.4650268554688,526.4650268554688,524.8599853515625,524.8599853515625,6976,0.0,0.0
2023-12-21 13:30:00-05:00,525.5999755859375,525.5999755859375,523.4349975585938,523.4349975585938,2913,0.0,0.0
2023-12-21 14:30:00-05:00,525.0,525.0,522.864990234375,523.64501953125,3966,0.0,0.0
2023-12-21 15:30:00-05:00,523.6400146484375,525.989990234375,523.6400146484375,525.1300048828125,7421,0.0,0.0
2023-12-22 09:30:00-05:00,523.4600219726562,525.7999877929688,523.0399780273438,525.7999877929688,3132,0.0,0.0
2023-12-22 10:30:00-05:00,525.7999877929688,527.22998046875,524.1099853515625,525.6849975585938,5939,0.0,0.0
2023-12-22 11:30:00-05:00,526.5999755859375,526.5999755859375,524.0449829101562,524.0449829101562,3122,0.0,0.0
2023-12-22 12:30:00-05:00,526.0900268554688,527.7349853515625,525.9199829101562,525.9199829101562,3318,0.0,0.0
2023-12-22 13:30:00-05:00,524.8499755859375,526.6500244140625,522.8300170898438,522.8300170898438,6358,0.0,0.0
2023-12-22 14:30:00-05:00,522.60498046875,527.27001953125,521.9000244140625,527.010009765625,3369,0.0,0.0
2023-12-22 15:30:00-05:00,527.010009765625,528.6699829101562,526.3400268554688,528.6699829101562,12821,0.0,0.0
2023-12-26 09:30:00-05:00,532.364990234375,532.364990234375,530.0,530.0,2169,0.0,0.0
2023-12-26 10:30:00-05:00,530.1099853515625,531.3499755859375,529.25,530.0999755859375,5245,0.0,0.0
2023-12-26 11:30:00-05:00,530.47998046875,534.0,529.9000244140625,532.0,6431,0.0,0.0
2023-12-26 13:30:00-05:00,533.780029296875,533.780029296875,533.780029296875,533.780029296875,3309,0.0,0.0
2023-12-26 14:30:00-05:00,535.1199951171875,535.8400268554688,535.1199951171875,535.8400268554688,1162,0.0,0.0
2023-12-26 15:30:00-05:00,534.4299926757812,535.1599731445312,534.4199829101562,535.1400146484375,5977,0.0,0.0
2023-12-27 09:30:00-05:00,535.0,538.8200073242188,535.0,536.8099975585938,2771,0.0,0.0
2023-12-27 10:30:00-05:00,533.6300048828125,534.89501953125,531.9149780273438,532.7899780273438,2783,0.0,0.0
2023-12-27 11:30:00-05:00,534.75,536.1900024414062,533.1300048828125,533.1300048828125,4580,0.0,0.0
2023-12-27 12:30:00-05:00,532.510009765625,536.47998046875,532.510009765625,536.47998046875,1754,0.0,0.0
2023-12-27 13:30:00-05:00,536.47998046875,536.47998046875,533.5999755859375,534.3800048828125,3552,0.0,0.0
2023-12-27 14:30:00-05:00,534.3200073242188,536.5599975585938,532.7100830078125,535.5,8517,0.0,0.0
2023-12-27 15:30:00-05:00,535.5,536.239990234375,533.3400268554688,536.239990234375,8458,0.0,0.0
2023-12-28 09:30:00-05:00,535.3800048828125,537.8200073242188,531.219970703125,536.5,4441,0.0,0.0
2023-12-28 10:30:00-05:00,535.2899780273438,536.6699829101562,535.0399780273438,535.0399780273438,1543,0.0,0.0
2023-12-28 11:30:00-05:00,530.5599975585938,533.9550170898438,529.3499755859375,532.1754760742188,14522,0.0,0.0
2023-12-28 12:30:00-05:00,532.6500244140625,534.6799926757812,531.635009765625,534.1500244140625,8924,0.0,0.0
2023-12-28 13:30:00-05:00,536.4299926757812,536.4550170898438,533.6799926757812,535.3400268554688,6158,0.0,0.0
2023-12-28 14:30:00-05:00,536.6500244140625,537.0,534.969970703125,534.969970703125,10969,0.0,0.0
2023-12-28 15:30:00-05:00,535.0650024414062,537.2000122070312,534.1199951171875,534.3200073242188,12762,0.0,0.0
2023-12-29 09:30:00-05:00,533.3499755859375,537.2830810546875,532.6270141601562,533.0800170898438,19616,0.0,0.0
2023-12-29 10:30:00-05:00,534.6799926757812,534.6799926757812,528.6199951171875,529.6900024414062,8266,0.0,0.0
2023-12-29 11:30:00-05:00,529.6799926757812,532.375,527.0800170898438,532.0,8680,0.0,0.0
2023-12-29 12:30:00-05:00,533.8250122070312,534.2525024414062,531.6099853515625,533.27001953125,6369,0.0,0.0
2023-12-29 13:30:00-05:00,532.3300170898438,534.9099731445312,532.3300170898438,533.4450073242188,8205,0.0,0.0
2023-12-29 14:30:00-05:00,533.25,536.1787719726562,532.9600219726562,535.6599731445312,9618,0.0,0.0
2023-12-29 15:30:00-05:00,534.7100219726562,535.6599731445312,532.0800170898438,533.5999755859375,12627,0.0,0.0
2024-01-02 09:30:00-05:00,523.5399780273438,531.9000244140625,522.8099975585938,526.5449829101562,7935,0.0,0.0
2024-01-02 10:30:00-05:00,526.4600219726562,533.1699829101562,526.25,533.1400146484375,9065,0.0,0.0
2024-01-02 11:30:00-05:00,533.1400146484375,534.7999877929688,533.1400146484375,534.5499877929688,3107,0.0,0.0
2024-01-02 12:30:00-05:00,534.97998046875,536.8800048828125,534.1500244140625,535.7130126953125,6859,0.0,0.0
2024-01-02 13:30:00-05:00,535.489990234375,536.47998046875,535.364990234375,535.364990234375,6658,0.0,0.0
2024-01-02 14:30:00-05:00,538.5650024414062,541.410400390625,538.5650024414062,539.8699951171875,13228,0.0,0.0
2024-01-02 15:30:00-05:00,539.2899780273438,540.25,536.4349975585938,540.1099853515625,14952,0.0,0.0
2024-01-03 09:30:00-05:00,531.5800170898438,531.5800170898438,527.989990234375,529.7050170898438,5068,0.0,0.0
2024-01-03 10:30:00-05:00,529.489990234375,529.489990234375,523.9199829101562,529.25,11406,0.0,0.0
2024-01-03 11:30:00-05:00,529.2550048828125,530.1494140625,529.1099853515625,529.6799926757812,5485,0.0,0.0
2024-01-03 12:30:00-05:00,529.6799926757812,531.0,529.2899780273438,530.8499755859375,4863,0.0,0.0
2024-01-03 13:30:00-05:00,530.7449951171875,531.9450073242188,529.6300048828125,531.9199829101562,4673,0.0,0.0
2024-01-03 14:30:00-05:00,531.4600219726562,533.0,526.719970703125,526.719970703125,14390,0.0,0.0
2024-01-03 15:30:00-05:00,525.3900146484375,527.8400268554688,520.8699951171875,522.6799926757812,17760,0.0,0.0
2024-01-04 09:30:00-05:00,522.0,523.5499877929688,518.75,522.2249755859375,8815,0.0,0.0
2024-01-04 10:30:00-05:00,522.0549926757812,523.25,521.9400024414062,523.1500244140625,2125,0.0,0.0
2024-01-04 11:30:00-05:00,523.1500244140625,523.1500244140625,521.9949951171875,522.0900268554688,5593,0.0,0.0
2024-01-04 12:30:00-05:00,521.3800048828125,522.8499755859375,521.3800048828125,522.5,2067,0.0,0.0
2024-01-04 13:30:00-05:00,523.3469848632812,525.0,523.3469848632812,524.6400146484375,4031,0.0,0.0
2024-01-04 14:30:00-05:00,524.6400146484375,525.989990234375,524.0800170898438,524.4600219726562,6144,0.0,0.0
2024-01-04 15:30:00-05:00,524.5399780273438,524.5399780273438,519.64501953125,521.1799926757812,9982,0.0,0.0
2024-01-05 09:30:00-05:00,520.0,535.8292236328125,517.614990234375,533.5900268554688,11117,0.0,0.0
2024-01-05 10:30:00-05:00,534.0399780273438,534.9199829101562,532.77001953125,533.5999755859375,8385,0.0,0.0
2024-01-05 11:30:00-05:00,534.1099853515625,534.1099853515625,530.2050170898438,531.52001953125,6557,0.0,0.0
2024-01-05 12:30:00-05:00,533.5,533.5800170898438,531.5711059570312,533.1005859375,5131,0.0,0.0
2024-01-05 13:30:00-05:00,533.4199829101562,537.4149780273438,533.4199829101562,536.5,13834,0.0,0.0
2024-01-05 14:30:00-05:00,536.3400268554688,536.5,532.75,534.969970703125,16091,0.0,0.0
2024-01-05 15:30:00-05:00,534.9149780273438,535.9500122070312,534.1300048828125,534.2999877929688,11914,0.0,0.0
2024-01-08 09:30:00-05:00,534.780029296875,543.0499877929688,534.780029296875,542.6199951171875,4871,0.0,0.0
2024-01-08 10:30:00-05:00,544.030029296875,544.0499877929688,542.1199951171875,542.4249877929688,6943,0.0,0.0
2024-01-08 11:30:00-05:00,542.4849853515625,543.0,540.4550170898438,541.0499877929688,18659,0.0,0.0
2024-01-08 12:30:00-05:00,542.4600219726562,543.3900146484375,541.27001953125,542.530029296875,2624,0.0,0.0
2024-01-08 13:30:00-05:00,544.2733764648438,544.2733764648438,542.02001953125,542.7000122070312,4088,0.0,0.0
2024-01-08 14:30:00-05:00,543.2999877929688,544.010009765625,540.0999755859375,540.8800048828125,14713,0.0,0.0
2024-01-08 15:30:00-05:00,541.4249877929688,541.5,539.0999755859375,540.7000122070312,9944,0.0,0.0
2024-01-09 09:30:00-05:00,531.219970703125,534.4400024414062,531.2100219726562,534.4400024414062,13182,0.0,0.0
2024-01-09 10:30:00-05:00,535.5,535.9500122070312,531.9849853515625,535.0449829101562,10336,0.0,0.0
2024-01-09 11:30:00-05:00,536.1900024414062,539.0599975585938,535.3350219726562,539.0599975585938,6446,0.0,0.0
2024-01-09 12:30:00-05:00,539.0349731445312,539.0349731445312,536.47998046875,536.47998046875,8208,0.0,0.0
2024-01-09 13:30:00-05:00,537.72998046875,538.5499877929688,536.9000244140625,536.9000244140625,3110,0.0,0.0
2024-01-09 14:30:00-05:00,536.9000244140625,538.0999755859375,536.219970703125,536.219970703125,8678,0.0,0.0
2024-01-09 15:30:00-05:00,536.219970703125,536.219970703125,534.0150146484375,534.0150146484375,14217,0.0,0.0
2024-01-10 09:30:00-05:00,533.9600219726562,536.030029296875,533.52001953125,536.030029296875,5088,0.0,0.0
2024-01-10 10:30:00-05:00,536.030029296875,536.260009765625,534.905029296875,535.6599731445312,16378,0.0,0.0
2024-01-10 11:30:00-05:00,535.6599731445312,535.9400024414062,532.6500244140625,532.6500244140625,13947,0.0,0.0
2024-01-10 12:30:00-05:00,537.510009765625,537.510009765625,535.0,536.010009765625,3381,0.0,0.0
2024-01-10 13:30:00-05:00,536.0800170898438,537.5,535.22998046875,537.5,3436,0.0,0.0
2024-01-10 14:30:00-05:00,537.8699951171875,538.3400268554688,535.9949951171875,535.9949951171875,8070,0.0,0.0
2024-01-10 15:30:00-05:00,536.6099853515625,538.1900024414062,535.4400024414062,538.1849975585938,17086,0.0,0.0
2024-01-11 09:30:00-05:00,538.0599975585938,539.0349731445312,530.469970703125,534.3099975585938,8794,0.0,0.0
2024-01-11 10:30:00-05:00,534.4550170898438,535.25,532.8350219726562,532.8350219726562,5688,0.0,0.0
2024-01-11 11:30:00-05:00,531.2449951171875,536.3300170898438,531.2449951171875,535.4199829101562,6218,0.0,0.0
2024-01-11 12:30:00-05:00,535.5399780273438,539.77001953125,535.5399780273438,539.4000244140625,5344,0.0,0.0
2024-01-11 13:30:00-05:00,539.4000244140625,539.8350219726562,537.7650146484375,539.739990234375,4456,0.0,0.0
2024-01-11 14:30:00-05:00,539.8800048828125,540.8897094726562,538.9500122070312,539.0449829101562,16908,0.0,0.0
2024-01-11 15:30:00-05:00,539.364990234375,539.364990234375,534.1199951171875,535.5800170898438,15050,0.0,0.0
2024-01-12 09:30:00-05:00,537.280029296875,539.6400146484375,531.989990234375,533.530029296875,19147,0.0,0.0
2024-01-12 10:30:00-05:00,534.9000244140625,535.0,530.4349975585938,530.655029296875,13919,0.0,0.0
2024-01-12 11:30:00-05:00,530.6500244140625,530.6500244140625,526.0,526.2999877929688,9561,0.0,0.0
2024-01-12 12:30:00-05:00,525.6699829101562,525.6699829101562,524.4500122070312,524.989990234375,3465,0.0,0.0
2024-01-12 13:30:00-05:00,525.72998046875,526.2000122070312,525.72998046875,525.7650146484375,2666,0.0,0.0
2024-01-12 14:30:00-05:00,525.760009765625,526.75,522.989990234375,522.989990234375,13608,0.0,0.0
2024-01-12 15:30:00-05:00,522.75,524.77001953125,521.739990234375,524.4000244140625,12171,0.0,0.0
2024-01-16 09:30:00-05:00,519.4000244140625,522.9500122070312,514.5850219726562,521.9099731445312,4037,0.0,0.0
2024-01-16 10:30:00-05:00,523.72998046875,524.7449951171875,522.0499877929688,522.0499877929688,8121,0.0,0.0
2024-01-16 11:30:00-05:00,521.625,522.1365966796875,521.4099731445312,521.4099731445312,1506,0.0,0.0
2024-01-16 12:30:00-05:00,521.2449951171875,521.2449951171875,518.9149780273438,520.14501953125,5890,0.0,0.0
2024-01-16 13:30:00-05:00,520.8499755859375,520.8499755859375,518.2550048828125,520.1799926757812,6485,0.0,0.0
2024-01-16 14:30:00-05:00,520.4249877929688,522.0,520.4249877929688,521.0850219726562,2660,0.0,0.0
2024-01-16 15:30:00-05:00,520.5,523.4099731445312,518.8800048828125,521.0599975585938,13078,0.0,0.0
2024-01-17 09:30:00-05:00,513.0,516.5399780273438,510.5199890136719,515.2899780273438,6095,0.0,0.0
2024-01-17 10:30:00-05:00,514.8800048828125,514.8800048828125,513.1400146484375,513.510009765625,4726,0.0,0.0
2024-01-17 11:30:00-05:00,513.7999877929688,513.7999877929688,512.2000122070312,512.2000122070312,2281,0.0,0.0
2024-01-17 12:30:00-05:00,511.69500732421875,513.030029296875,510.54998779296875,511.32000732421875,7432,0.0,0.0
2024-01-17 13:30:00-05:00,511.32000732421875,512.9149780273438,510.9849853515625,512.8049926757812,4966,0.0,0.0
2024-01-17 14:30:00-05:00,512.97998046875,514.6500244140625,512.97998046875,513.3800048828125,13000,0.0,0.0
2024-01-17 15:30:00-05:00,512.864990234375,517.0399780273438,512.030029296875,517.0399780273438,11264,0.0,0.0
2024-01-18 09:30:00-05:00,518.22998046875,518.22998046875,513.1900024414062,514.72998046875,5532,0.0,0.0
2024-01-18 10:30:00-05:00,514.72998046875,514.72998046875,511.55999755859375,512.22998046875,5208,0.0,0.0
2024-01-18 11:30:00-05:00,512.22998046875,512.510009765625,508.1400146484375,509.69000244140625,10309,0.0,0.0
2024-01-18 12:30:00-05:00,510.0,510.25,509.0,510.125,3504,0.0,0.0
2024-01-18 13:30:00-05:00,511.0,513.780029296875,511.0,513.4149780273438,6319,0.0,0.0
2024-01-18 14:30:00-05:00,514.8900146484375,515.655029296875,513.77001953125,514.0900268554688,6983,0.0,0.0
2024-01-18 15:30:00-05:00,514.0900268554688,518.030029296875,513.9949951171875,516.1300048828125,12071,0.0,0.0
2024-01-19 09:30:00-05:00,520.719970703125,522.280029296875,516.0449829101562,521.351318359375,2050,0.0,0.0
2024-01-19 10:30:00-05:00,521.3499755859375,523.4099731445312,521.1500244140625,522.3300170898438,5046,0.0,0.0
2024-01-19 11:30:00-05:00,521.3099975585938,522.2999877929688,517.8499755859375,522.2999877929688,12751,0.0,0.0
2024-01-19 12:30:00-05:00,522.2999877929688,524.3200073242188,521.969970703125,523.6699829101562,3972,0.0,0.0
2024-01-19 13:30:00-05:00,526.1500244140625,532.219970703125,526.1500244140625,531.7899780273438,11183,0.0,0.0
2024-01-19 14:30:00-05:00,531.7899780273438,533.1599731445312,529.5999755859375,533.1599731445312,8493,0.0,0.0
2024-01-19 15:30:00-05:00,533.8599853515625,534.6699829101562,531.25,531.719970703125,25866,0.0,0.0
2024-01-22 09:30:00-05:00,538.7100219726562,549.9949951171875,538.7100219726562,549.364990234375,16031,0.0,0.0
2024-01-22 10:30:00-05:00,545.010009765625,547.3599853515625,539.0999755859375,539.3300170898438,26580,0.0,0.0
2024-01-22 11:30:00-05:00,541.260009765625,541.260009765625,536.4099731445312,538.8400268554688,9366,0.0,0.0
2024-01-22 12:30:00-05:00,538.760009765625,539.7000122070312,536.5850219726562,536.5850219726562,8491,0.0,0.0
2024-01-22 13:30:00-05:00,534.6500244140625,535.3499755859375,533.1400146484375,533.1400146484375,8804,0.0,0.0
2024-01-22 14:30:00-05:00,534.3800048828125,537.010009765625,533.885009765625,537.010009765625,9744,0.0,0.0
2024-01-22 15:30:00-05:00,538.6099853515625,539.510009765625,537.739990234375,538.9000244140625,11681,0.0,0.0
2024-01-23 09:30:00-05:00,543.4000244140625,543.4000244140625,533.969970703125,539.5599975585938,8513,0.0,0.0
2024-01-23 10:30:00-05:00,538.260009765625,541.1649780273438,537.0,538.25,11776,0.0,0.0
2024-01-23 11:30:00-05:00,536.9299926757812,542.135009765625,536.9199829101562,542.135009765625,8792,0.0,0.0
2024-01-23 12:30:00-05:00,542.1300048828125,544.02001953125,541.469970703125,542.6300048828125,6045,0.0,0.0
2024-01-23 13:30:00-05:00,542.1599731445312,543.9500122070312,541.2100219726562,542.280029296875,7684,0.0,0.0
2024-01-23 14:30:00-05:00,542.0900268554688,547.0650024414062,541.3800048828125,546.2999877929688,12011,0.0,0.0
2024-01-23 15:30:00-05:00,545.8800048828125,546.594970703125,544.5499877929688,545.3099975585938,10575,0.0,0.0
2024-01-24 09:30:00-05:00,547.0900268554688,553.2000122070312,547.0900268554688,552.125,16366,0.0,0.0
2024-01-24 10:30:00-05:00,550.72998046875,554.9199829101562,549.6599731445312,553.280029296875,3305,0.0,0.0
2024-01-24 11:30:00-05:00,552.2449951171875,553.3093872070312,552.0,552.7550048828125,1633,0.0,0.0
2024-01-24 12:30:00-05:00,552.9550170898438,553.0549926757812,549.4000244140625,550.2999877929688,5424,0.0,0.0
2024-01-24 13:30:00-05:00,549.3099975585938,549.9149780273438,548.4749755859375,549.1300048828125,6003,0.0,0.0
2024-01-24 14:30:00-05:00,548.719970703125,550.5999755859375,548.4400024414062,548.4400024414062,9914,0.0,0.0
2024-01-24 15:30:00-05:00,548.4400024414062,549.1900024414062,546.97998046875,549.1900024414062,14271,0.0,0.0
2024-01-25 09:30:00-05:00,556.5800170898438,559.7000122070312,548.7308959960938,556.8800048828125,2769,0.0,0.0
2024-01-25 10:30:00-05:00,554.6749877929688,555.530029296875,550.8699951171875,551.0,3500,0.0,0.0
2024-01-25 11:30:00-05:00,550.0,551.5,549.510009765625,551.5,4600,0.0,0.0
2024-01-25 12:30:00-05:00,549.3499755859375,550.97998046875,548.9299926757812,550.0,8163,0.0,0.0
2024-01-25 13:30:00-05:00,549.75,551.219970703125,548.5394287109375,551.219970703125,6443,0.0,0.0
2024-01-25 14:30:00-05:00,552.39501953125,552.39501953125,551.5499877929688,552.1400146484375,3015,0.0,0.0
2024-01-25 15:30:00-05:00,552.5900268554688,553.510009765625,549.8699951171875,551.010009765625,11418,0.0,0.0
2024-01-26 09:30:00-05:00,551.010009765625,555.5549926757812,551.010009765625,554.89501953125,2631,0.0,0.0
2024-01-26 10:30:00-05:00,556.1199951171875,556.1199951171875,554.1699829101562,554.1699829101562,6651,0.0,0.0
2024-01-26 11:30:00-05:00,553.7999877929688,553.7999877929688,552.1099853515625,552.1099853515625,2472,0.0,0.0
2024-01-26 12:30:00-05:00,550.0,550.9149780273438,549.2999877929688,550.3250122070312,3600,0.0,0.0
2024-01-26 13:30:00-05:00,550.3250122070312,550.989990234375,549.3099975585938,550.4299926757812,3934,0.0,0.0
2024-01-26 14:30:00-05:00,550.2550048828125,551.0999755859375,549.4600219726562,551.0999755859375,11772,0.0,0.0
2024-01-26 15:30:00-05:00,551.4600219726562,551.6400146484375,550.8800048828125,550.8800048828125,10375,0.0,0.0
2024-01-29 09:30:00-05:00,551.8300170898438,552.0700073242188,546.219970703125,546.3400268554688,10758,0.0,0.0
2024-01-29 10:30:00-05:00,545.864990234375,548.0,545.4349975585938,548.0,7470,0.0,0.0
2024-01-29 11:30:00-05:00,548.760009765625,550.0,545.1699829101562,550.0,16596,0.0,0.0
2024-01-29 12:30:00-05:00,549.4400024414062,551.3900146484375,549.4400024414062,550.885009765625,9530,0.0,0.0
2024-01-29 13:30:00-05:00,550.5999755859375,552.6699829101562,550.5999755859375,551.7449951171875,5030,0.0,0.0
2024-01-29 14:30:00-05:00,552.2899780273438,556.3300170898438,551.0800170898438,556.3300170898438,11501,0.0,0.0
2024-01-29 15:30:00-05:00,556.5,558.3400268554688,553.239990234375,558.2999877929688,27023,0.0,0.0
2024-01-30 09:30:00-05:00,556.5700073242188,556.5800170898438,552.0700073242188,556.364990234375,4954,0.0,0.0
2024-01-30 10:30:00-05:00,553.47998046875,554.530029296875,552.405029296875,552.405029296875,817,0.0,0.0
2024-01-30 11:30:00-05:00,552.239990234375,555.0,552.239990234375,554.9550170898438,3443,0.0,0.0
2024-01-30 12:30:00-05:00,552.739990234375,554.6849975585938,552.739990234375,554.0150146484375,5490,0.0,0.0
2024-01-30 13:30:00-05:00,553.9099731445312,556.02001953125,553.9099731445312,556.02001953125,5691,0.0,0.0
2024-01-30 14:30:00-05:00,557.0700073242188,557.0700073242188,552.719970703125,553.030029296875,9796,0.0,0.0
2024-01-30 15:30:00-05:00,552.719970703125,554.4199829101562,552.2000122070312,553.6400146484375,14298,0.0,0.0
2024-01-31 09:30:00-05:00,552.6300048828125,556.6300048828125,552.6300048828125,554.0449829101562,4154,0.0,0.0
2024-01-31 10:30:00-05:00,555.6799926757812,558.0,554.0999755859375,556.3699951171875,5483,0.0,0.0
2024-01-31 11:30:00-05:00,555.219970703125,558.3159790039062,552.60498046875,555.760009765625,8245,0.0,0.0
2024-01-31 12:30:00-05:00,555.780029296875,558.2000122070312,554.8800048828125,557.47998046875,14868,0.0,0.0
2024-01-31 13:30:00-05:00,557.5999755859375,557.72998046875,549.3800048828125,551.0050048828125,5625,0.0,0.0
2024-01-31 14:30:00-05:00,553.530029296875,557.8900146484375,545.5750122070312,549.0,14302,0.0,0.0
2024-01-31 15:30:00-05:00,549.0,549.0,539.1099853515625,540.0,30064,0.0,0.0
2024-02-01 09:30:00-05:00,568.0,616.6599731445312,568.0,596.9500122070312,76301,0.0,0.0
2024-02-01 10:30:00-05:00,600.0,603.1300048828125,583.27001953125,588.510009765625,28389,0.0,0.0
2024-02-01 11:30:00-05:00,586.4450073242188,588.1300048828125,578.6400146484375,584.7000122070312,14277,0.0,0.0
2024-02-01 12:30:00-05:00,583.4400024414062,588.969970703125,582.0,584.9000244140625,17280,0.0,0.0
2024-02-01 13:30:00-05:00,584.5599975585938,584.5599975585938,578.9199829101562,581.1599731445312,10300,0.0,0.0
2024-02-01 14:30:00-05:00,580.989990234375,588.5,580.4600219726562,584.0,19001,0.0,0.0
2024-02-01 15:30:00-05:00,583.3699951171875,584.219970703125,578.0399780273438,581.3350219726562,29702,0.0,0.0
2024-02-02 09:30:00-05:00,579.97998046875,589.0322265625,575.3400268554688,588.1199951171875,19226,0.0,0.0
2024-02-02 10:30:00-05:00,588.405029296875,591.3900146484375,586.2349853515625,591.0999755859375,15444,0.0,0.0
2024-02-02 11:30:00-05:00,589.9400024414062,589.9400024414062,580.6900024414062,586.9400024414062,21763,0.0,0.0
2024-02-02 12:30:00-05:00,589.4600219726562,589.4600219726562,580.02001953125,584.77001953125,11378,0.0,0.0
2024-02-02 13:30:00-05:00,586.0,590.0,585.0,588.2899780273438,10024,0.0,0.0
2024-02-02 14:30:00-05:00,589.3300170898438,589.8499755859375,587.3300170898438,588.5700073242188,10179,0.0,0.0
2024-02-02 15:30:00-05:00,588.6400146484375,588.989990234375,583.27001953125,583.2999877929688,20881,0.0,0.0
2024-02-05 09:30:00-05:00,575.5999755859375,575.5999755859375,562.260009765625,563.2899780273438,18989,0.0,0.0
2024-02-05 10:30:00-05:00,563.0999755859375,564.010009765625,559.14501953125,562.239990234375,12098,0.0,0.0
2024-02-05 11:30:00-05:00,562.9199829101562,564.4600219726562,561.6400146484375,564.4600219726562,7666,0.0,0.0
2024-02-05 12:30:00-05:00,566.0349731445312,566.7899780273438,564.8499755859375,564.905029296875,4702,0.0,0.0
2024-02-05 13:30:00-05:00,567.3400268554688,567.9400024414062,565.260009765625,566.5499877929688,7005,0.0,0.0
2024-02-05 14:30:00-05:00,567.5499877929688,568.239990234375,564.3599853515625,564.72998046875,14267,0.0,0.0
2024-02-05 15:30:00-05:00,565.780029296875,566.9500122070312,564.0999755859375,565.8800048828125,16491,0.0,0.0
2024-02-06 09:30:00-05:00,566.3800048828125,570.9600219726562,557.9000244140625,557.9000244140625,7930,0.0,0.0
2024-02-06 10:30:00-05:00,557.760009765625,557.760009765625,555.9500122070312,556.1900024414062,3625,0.0,0.0
2024-02-06 11:30:00-05:00,555.8400268554688,557.2999877929688,552.1900024414062,552.1900024414062,11148,0.0,0.0
2024-02-06 12:30:00-05:00,552.5399780273438,553.7899780273438,548.6599731445312,549.4949951171875,9203,0.0,0.0
2024-02-06 13:30:00-05:00,553.469970703125,553.469970703125,552.27001953125,552.3300170898438,2173,0.0,0.0
2024-02-06 14:30:00-05:00,553.1199951171875,553.5,551.6500244140625,552.280029296875,6843,0.0,0.0
2024-02-06 15:30:00-05:00,552.2750244140625,555.780029296875,552.2750244140625,555.7000122070312,17621,0.0,0.0
2024-02-07 09:30:00-05:00,557.280029296875,557.280029296875,541.0,553.4550170898438,17288,0.0,0.0
2024-02-07 10:30:00-05:00,551.6500244140625,551.6500244140625,545.9199829101562,548.2899780273438,17045,0.0,0.0
2024-02-07 11:30:00-05:00,547.0800170898438,553.0,546.5599975585938,553.0,4698,0.0,0.0
2024-02-07 12:30:00-05:00,551.5,555.8300170898438,551.5,555.8300170898438,2206,0.0,0.0
2024-02-07 13:30:00-05:00,556.0700073242188,558.6900024414062,555.4500122070312,558.22998046875,3559,0.0,0.0
2024-02-07 14:30:00-05:00,558.5900268554688,558.8400268554688,555.6849975585938,555.6849975585938,4582,0.0,0.0
2024-02-07 15:30:00-05:00,555.780029296875,557.4099731445312,551.510009765625,551.5800170898438,15423,0.0,0.0
2024-02-08 09:30:00-05:00,547.6300048828125,554.8900146484375,547.6300048828125,554.8900146484375,2880,0.0,0.0
2024-02-08 10:30:00-05:00,554.9600219726562,557.47998046875,552.1699829101562,553.030029296875,7488,0.0,0.0
2024-02-08 11:30:00-05:00,552.1099853515625,555.9000244140625,552.0999755859375,554.5900268554688,4901,0.0,0.0
2024-02-08 12:30:00-05:00,553.0999755859375,554.5800170898438,551.969970703125,552.3599853515625,6113,0.0,0.0
2024-02-08 13:30:00-05:00,553.72998046875,555.7550048828125,553.72998046875,554.8699951171875,2054,0.0,0.0
2024-02-08 14:30:00-05:00,555.030029296875,557.2999877929688,555.030029296875,555.8049926757812,5298,0.0,0.0
2024-02-08 15:30:00-05:00,555.7000122070312,557.590087890625,554.1799926757812,554.719970703125,9435,0.0,0.0
2024-02-09 09:30:00-05:00,556.8400268554688,559.6799926757812,552.75,552.75,8653,0.0,0.0
2024-02-09 10:30:00-05:00,556.97998046875,556.97998046875,551.9124145507812,551.9124145507812,5599,0.0,0.0
2024-02-09 11:30:00-05:00,551.530029296875,554.1400146484375,550.780029296875,553.3300170898438,2479,0.0,0.0
2024-02-09 12:30:00-05:00,553.6199951171875,554.7050170898438,553.6199951171875,554.7050170898438,2898,0.0,0.0
2024-02-09 13:30:00-05:00,555.52001953125,555.760009765625,554.5800170898438,555.760009765625,2134,0.0,0.0
2024-02-09 14:30:00-05:00,554.2525024414062,554.2525024414062,550.489990234375,551.7899169921875,7256,0.0,0.0
2024-02-09 15:30:00-05:00,551.4299926757812,551.489990234375,549.2100219726562,551.489990234375,10874,0.0,0.0
2024-02-12 09:30:00-05:00,555.2050170898438,562.9349975585938,555.2050170898438,562.3699951171875,4952,0.0,0.0
2024-02-12 10:30:00-05:00,562.5150146484375,562.5150146484375,559.239990234375,559.6500244140625,7596,0.0,0.0
2024-02-12 11:30:00-05:00,560.02001953125,560.02001953125,558.9550170898438,558.9550170898438,2095,0.0,0.0
2024-02-12 12:30:00-05:00,561.3900146484375,562.2999877929688,558.8800048828125,560.0050048828125,9349,0.0,0.0
2024-02-12 13:30:00-05:00,561.5999755859375,561.7999877929688,555.9400024414062,557.5900268554688,9548,0.0,0.0
2024-02-12 14:30:00-05:00,559.4299926757812,563.1849975585938,559.0599975585938,562.260009765625,3305,0.0,0.0
2024-02-12 15:30:00-05:00,562.8200073242188,566.989990234375,560.8300170898438,560.8300170898438,11146,0.0,0.0
2024-02-13 09:30:00-05:00,548.0,552.510009765625,547.0399780273438,552.280029296875,16406,0.0,0.0
2024-02-13 10:30:00-05:00,555.27001953125,557.8250122070312,554.3200073242188,557.8250122070312,2893,0.0,0.0
2024-02-13 11:30:00-05:00,562.4600219726562,562.4600219726562,558.8699951171875,559.5999755859375,3123,0.0,0.0
2024-02-13 12:30:00-05:00,558.2999877929688,558.2999877929688,552.0499877929688,553.6300048828125,7382,0.0,0.0
2024-02-13 13:30:00-05:00,552.655029296875,553.0700073242188,549.260009765625,550.4600219726562,9010,0.0,0.0
2024-02-13 14:30:00-05:00,551.6300048828125,554.9368286132812,549.9600219726562,549.9600219726562,15040,0.0,0.0
2024-02-13 15:30:00-05:00,553.5650024414062,555.8400268554688,552.22998046875,555.6199951171875,11934,0.0,0.0
2024-02-14 09:30:00-05:00,561.0,561.47998046875,561.0,561.0,1079,0.0,0.0
2024-02-14 10:30:00-05:00,557.2100219726562,558.8099975585938,555.280029296875,558.8099975585938,3254,0.0,0.0
2024-02-14 11:30:00-05:00,560.4500122070312,560.4500122070312,555.3699951171875,555.3699951171875,9346,0.0,0.0
2024-02-14 12:30:00-05:00,555.0599975585938,558.8400268554688,555.0599975585938,558.2999877929688,4490,0.0,0.0
2024-02-14 13:30:00-05:00,558.280029296875,558.8300170898438,557.4000244140625,558.8300170898438,4814,0.0,0.0
2024-02-14 14:30:00-05:00,562.760009765625,562.760009765625,560.7999877929688,561.6400146484375,4947,0.0,0.0
2024-02-14 15:30:00-05:00,558.8099975585938,558.9000244140625,556.4500122070312,556.5800170898438,9098,0.0,0.0
2024-02-15 09:30:00-05:00,562.739990234375,569.7150268554688,561.155029296875,567.739990234375,4264,0.0,0.0
2024-02-15 10:30:00-05:00,566.030029296875,567.780029296875,566.0,567.780029296875,5277,0.0,0.0
2024-02-15 11:30:00-05:00,569.0349731445312,570.030029296875,567.864990234375,568.9600219726562,3455,0.0,0.0
2024-02-15 12:30:00-05:00,569.3800048828125,571.5999755859375,568.9000244140625,571.5999755859375,3326,0.0,0.0
2024-02-15 13:30:00-05:00,573.8900146484375,577.8400268554688,573.3300170898438,573.5250244140625,8179,0.0,0.0
2024-02-15 14:30:00-05:00,574.9600219726562,574.9600219726562,569.14501953125,569.14501953125,6907,0.0,0.0
2024-02-15 15:30:00-05:00,568.3699951171875,568.4400024414062,565.9000244140625,566.9500122070312,10418,0.0,0.0
2024-02-16 09:30:00-05:00,566.3800048828125,568.5999755859375,560.510009765625,561.0,8888,0.0,0.0
2024-02-16 10:30:00-05:00,568.719970703125,568.719970703125,567.9299926757812,568.6500244140625,1576,0.0,0.0
2024-02-16 11:30:00-05:00,568.9600219726562,570.9650268554688,568.8499755859375,569.635009765625,2500,0.0,0.0
2024-02-16 12:30:00-05:00,568.9000244140625,569.7550048828125,566.0499877929688,568.5,4956,0.0,0.0
2024-02-16 13:30:00-05:00,567.0,568.0349731445312,564.72998046875,564.72998046875,5728,0.0,0.0
2024-02-16 14:30:00-05:00,563.27001953125,563.8099975585938,561.8499755859375,563.8099975585938,4226,0.0,0.0
2024-02-16 15:30:00-05:00,563.8400268554688,563.8400268554688,560.8300170898438,562.4400024414062,6543,0.0,0.0
2024-02-20 09:30:00-05:00,553.3400268554688,563.4249877929688,552.2999877929688,555.1400146484375,12352,0.0,0.0
2024-02-20 10:30:00-05:00,552.25,555.3900146484375,551.094970703125,552.9099731445312,8255,0.0,0.0
2024-02-20 11:30:00-05:00,551.4000244140625,552.5,547.9500122070312,550.5499877929688,16700,0.0,0.0
2024-02-20 12:30:00-05:00,550.2000122070312,552.2000122070312,549.739990234375,552.1649780273438,6797,0.0,0.0
2024-02-20 13:30:00-05:00,551.1599731445312,551.1599731445312,546.7849731445312,548.6400146484375,8817,0.0,0.0
2024-02-20 14:30:00-05:00,551.9600219726562,551.9600219726562,548.6849975585938,549.719970703125,10602,0.0,0.0
2024-02-20 15:30:00-05:00,549.719970703125,551.97900390625,549.5449829101562,550.969970703125,8536,0.0,0.0
2024-02-21 09:30:00-05:00,550.2999877929688,550.2999877929688,545.5,548.7999877929688,15550,0.0,0.0
2024-02-21 10:30:00-05:00,548.3300170898438,551.0999755859375,548.3300170898438,549.5800170898438,8130,0.0,0.0
2024-02-21 11:30:00-05:00,549.5800170898438,550.1950073242188,546.5999755859375,546.5999755859375,18695,0.0,0.0
2024-02-21 12:30:00-05:00,548.0,548.8800048828125,547.5800170898438,547.5800170898438,5221,0.0,0.0
2024-02-21 13:30:00-05:00,548.4299926757812,549.4199829101562,547.0700073242188,547.0700073242188,10918,0.0,0.0
2024-02-21 14:30:00-05:00,546.2849731445312,546.719970703125,544.97998046875,545.1500244140625,6009,0.0,0.0
2024-02-21 15:30:00-05:00,546.22998046875,548.5399780273438,545.5700073242188,548.3900146484375,8739,0.0,0.0
2024-02-22 09:30:00-05:00,549.780029296875,553.760009765625,549.3400268554688,549.3400268554688,10866,0.0,0.0
2024-02-22 10:30:00-05:00,549.3400268554688,551.7449951171875,549.3400268554688,551.7449951171875,3967,0.0,0.0
2024-02-22 11:30:00-05:00,552.3699951171875,552.3699951171875,552.3699951171875,552.3699951171875,1209,0.0,0.0
2024-02-22 12:30:00-05:00,555.1900024414062,555.1900024414062,555.1900024414062,555.1900024414062,1661,0.0,0.0
2024-02-22 13:30:00-05:00,553.7999877929688,553.7999877929688,553.7999877929688,553.7999877929688,589,0.0,0.0
2024-02-22 14:30:00-05:00,553.5999755859375,553.9000244140625,549.9000244140625,552.39501953125,6433,0.0,0.0
2024-02-22 15:30:00-05:00,551.9450073242188,551.9450073242188,548.5999755859375,548.5999755859375,9327,0.0,0.0
2024-02-23 09:30:00-05:00,553.0,554.0650024414062,551.2999877929688,554.0650024414062,2469,0.0,0.0
2024-02-23 10:30:00-05:00,553.6599731445312,554.5900268554688,553.1500244140625,554.5900268554688,1527,0.0,0.0
2024-02-23 11:30:00-05:00,556.0499877929688,556.0499877929688,553.030029296875,553.7000122070312,8699,0.0,0.0
2024-02-23 12:30:00-05:00,553.5999755859375,554.3300170898438,552.7000122070312,553.7999877929688,8484,0.0,0.0
2024-02-23 13:30:00-05:00,553.52001953125,553.52001953125,549.8599853515625,549.8599853515625,5094,0.0,0.0
2024-02-23 14:30:00-05:00,550.4149780273438,550.469970703125,549.4000244140625,549.6300048828125,6675,0.0,0.0
2024-02-23 15:30:00-05:00,550.0549926757812,551.2999877929688,548.5399780273438,551.2999877929688,17519,0.0,0.0
2024-02-26 09:30:00-05:00,552.3900146484375,557.0,551.7899780273438,556.2150268554688,5471,0.0,0.0
2024-02-26 10:30:00-05:00,556.3150024414062,557.5399780273438,551.9249877929688,554.4099731445312,9463,0.0,0.0
2024-02-26 11:30:00-05:00,552.7000122070312,554.0,552.1300048828125,552.9949951171875,8076,0.0,0.0
2024-02-26 12:30:00-05:00,552.3200073242188,552.5,549.6099853515625,550.0,9118,0.0,0.0
2024-02-26 13:30:00-05:00,549.7100219726562,550.1599731445312,548.5349731445312,548.6400146484375,8467,0.0,0.0
2024-02-26 14:30:00-05:00,548.6400146484375,550.0399780273438,547.6400146484375,548.9500122070312,7109,0.0,0.0
2024-02-26 15:30:00-05:00,549.8900146484375,550.4400024414062,541.8049926757812,542.4400024414062,13435,0.0,0.0
2024-02-27 09:30:00-05:00,541.5599975585938,548.6849975585938,541.5599975585938,548.6849975585938,8063,0.0,0.0
2024-02-27 10:30:00-05:00,550.0,552.594970703125,549.3200073242188,551.8200073242188,5761,0.0,0.0
2024-02-27 11:30:00-05:00,551.530029296875,551.530029296875,550.0599975585938,551.0999755859375,5866,0.0,0.0
2024-02-27 12:30:00-05:00,551.1799926757812,552.3900146484375,549.0999755859375,551.22998046875,10446,0.0,0.0
2024-02-27 13:30:00-05:00,550.0,551.2999877929688,550.0,550.6300048828125,6134,0.0,0.0
2024-02-27 14:30:00-05:00,550.0,552.0,549.9199829101562,552.0,4183,0.0,0.0
2024-02-27 15:30:00-05:00,552.9849853515625,553.5150146484375,552.3499755859375,552.3499755859375,4343,0.0,0.0
2024-02-28 09:30:00-05:00,549.2899780273438,557.8350219726562,549.2899780273438,556.9749755859375,11686,0.0,0.0
2024-02-28 10:30:00-05:00,556.0,556.0,551.2000122070312,551.8300170898438,12428,0.0,0.0
2024-02-28 11:30:00-05:00,550.3599853515625,551.6099853515625,549.9299926757812,551.0349731445312,12225,0.0,0.0
2024-02-28 12:30:00-05:00,551.52001953125,552.8900146484375,551.52001953125,552.8900146484375,3799,0.0,0.0
2024-02-28 13:30:00-05:00,551.6799926757812,551.8499755859375,549.22998046875,551.4500122070312,17535,0.0,0.0
2024-02-28 14:30:00-05:00,550.8900146484375,550.8900146484375,550.0,550.0,3508,0.0,0.0
2024-02-28 15:30:00-05:00,550.25,550.25,548.5700073242188,548.6099853515625,11314,0.0,0.0
2024-02-29 09:30:00-05:00,554.02001953125,554.0999755859375,550.9299926757812,552.9000244140625,7369,0.0,0.0
2024-02-29 10:30:00-05:00,552.1300048828125,555.3099975585938,551.4000244140625,553.5399780273438,9578,0.0,0.0
2024-02-29 11:30:00-05:00,552.8200073242188,555.260009765625,550.739990234375,550.739990234375,10679,0.0,0.0
2024-02-29 12:30:00-05:00,551.1799926757812,553.5999755859375,550.9949951171875,552.0499877929688,6438,0.0,0.0
2024-02-29 13:30:00-05:00,553.802490234375,554.8800048828125,552.6699829101562,552.6699829101562,4148,0.0,0.0
2024-02-29 14:30:00-05:00,552.3699951171875,553.6849975585938,551.4099731445312,551.6699829101562,8560,0.0,0.0
2024-02-29 15:30:00-05:00,553.1799926757812,555.8400268554688,551.9400024414062,553.27001953125,23605,0.0,0.0
2024-03-01 09:30:00-05:00,550.4500122070312,554.2100219726562,548.7999877929688,554.0599975585938,5971,0.0,0.0
2024-03-01 10:30:00-05:00,554.530029296875,556.3300170898438,551.1199951171875,551.6099853515625,28083,0.0,0.0
2024-03-01 11:30:00-05:00,549.1849975585938,553.8800048828125,548.8400268554688,549.6199951171875,8209,0.0,0.0
2024-03-01 12:30:00-05:00,550.1699829101562,551.7999877929688,549.0700073242188,550.0,7889,0.0,0.0
2024-03-01 13:30:00-05:00,551.260009765625,552.9000244140625,550.989990234375,552.9000244140625,6371,0.0,0.0
2024-03-01 14:30:00-05:00,554.0800170898438,554.0800170898438,550.0,550.5,6811,0.0,0.0
2024-03-01 15:30:00-05:00,550.0,552.3200073242188,550.0,551.489990234375,8771,0.0,0.0
2024-03-04 09:30:00-05:00,554.1300048828125,554.8900146484375,544.9400024414062,545.4199829101562,20233,0.0,0.0
2024-03-04 10:30:00-05:00,545.4400024414062,546.8099975585938,544.530029296875,546.280029296875,0,0.0,0.0
2024-03-04 11:30:00-05:00,548.0399780273438,548.97998046875,548.0399780273438,548.5999755859375,2718,0.0,0.0
2024-03-04 12:30:00-05:00,550.3900146484375,550.3900146484375,549.5399780273438,549.5399780273438,1237,0.0,0.0
2024-03-04 13:30:00-05:00,549.9400024414062,549.9400024414062,548.02001953125,549.3599853515625,6027,0.0,0.0
2024-03-04 14:30:00-05:00,549.2000122070312,550.1300048828125,548.344970703125,548.3499755859375,6983,0.0,0.0
2024-03-04 15:30:00-05:00,548.0,548.0,545.530029296875,545.530029296875,35407,0.0,0.0
2024-03-05 09:30:00-05:00,540.8499755859375,548.5499877929688,540.8499755859375,548.0399780273438,17091,0.0,0.0
2024-03-05 10:30:00-05:00,550.510009765625,551.8624877929688,550.0,551.3499755859375,72,0.0,0.0
2024-03-05 12:30:00-05:00,552.0,552.8800048828125,552.0,552.8699951171875,4490,0.0,0.0
2024-03-05 14:30:00-05:00,551.0,551.7000122070312,547.2550048828125,547.2550048828125,15364,0.0,0.0
2024-03-05 15:30:00-05:00,547.25,548.6099853515625,547.0399780273438,548.2100219726562,34586,0.0,0.0
2024-03-06 09:30:00-05:00,550.530029296875,553.780029296875,549.510009765625,553.780029296875,7813,0.0,0.0
2024-03-06 10:30:00-05:00,553.0850219726562,555.1300048828125,553.0850219726562,555.0,492,0.0,0.0
2024-03-06 11:30:00-05:00,555.9949951171875,557.3900146484375,554.52001953125,557.3900146484375,4489,0.0,0.0
2024-03-06 13:30:00-05:00,554.47998046875,554.47998046875,549.0399780273438,549.3499755859375,9880,0.0,0.0
2024-03-06 14:30:00-05:00,551.5399780273438,553.4249877929688,551.5399780273438,552.364990234375,3438,0.0,0.0
2024-03-06 15:30:00-05:00,552.3400268554688,552.3400268554688,548.9450073242188,549.02001953125,19051,0.0,0.0
2024-03-07 09:30:00-05:00,553.0,563.114990234375,549.1099853515625,556.719970703125,27934,0.0,0.0
2024-03-07 10:30:00-05:00,557.14501953125,558.25,552.7550048828125,552.7550048828125,8299,0.0,0.0
2024-03-07 11:30:00-05:00,551.97998046875,552.1599731445312,551.9600219726562,552.1599731445312,818,0.0,0.0
2024-03-07 12:30:00-05:00,552.052490234375,555.7050170898438,552.052490234375,552.27001953125,9762,0.0,0.0
2024-03-07 13:30:00-05:00,552.4349975585938,552.4349975585938,551.8800048828125,551.8800048828125,2037,0.0,0.0
2024-03-07 14:30:00-05:00,550.4650268554688,555.4500122070312,550.0,555.4500122070312,6975,0.0,0.0
2024-03-07 15:30:00-05:00,556.1900024414062,562.0399780273438,556.1900024414062,561.6900024414062,23839,0.0,0.0
2024-03-08 09:30:00-05:00,562.530029296875,562.530029296875,559.1699829101562,561.1699829101562,6977,0.0,0.0
2024-03-08 10:30:00-05:00,560.6900024414062,564.219970703125,559.4400024414062,560.0,7681,0.0,0.0
2024-03-08 11:30:00-05:00,559.72998046875,559.97998046875,559.72998046875,559.97998046875,1740,0.0,0.0
2024-03-08 12:30:00-05:00,560.2100219726562,561.0,556.0399780273438,558.3200073242188,6535,0.0,0.0
2024-03-08 13:30:00-05:00,556.8900146484375,558.0,556.3800048828125,556.3800048828125,11586,0.0,0.0
2024-03-08 14:30:00-05:00,557.72998046875,560.6400146484375,557.4000244140625,557.5,6325,0.0,0.0
2024-03-08 15:30:00-05:00,557.35498046875,557.5800170898438,555.5499877929688,555.5499877929688,7057,0.0,0.0
2024-03-11 09:30:00-04:00,556.8499755859375,559.6699829101562,550.375,552.02001953125,5461,0.0,0.0
2024-03-11 10:30:00-04:00,553.8150024414062,555.0499877929688,551.3400268554688,552.9299926757812,9586,0.0,0.0
2024-03-11 11:30:00-04:00,552.9000244140625,554.1749877929688,552.9000244140625,554.1599731445312,2915,0.0,0.0
2024-03-11 12:30:00-04:00,554.1400146484375,554.1400146484375,549.5499877929688,549.5499877929688,11405,0.0,0.0
2024-03-11 13:30:00-04:00,549.5399780273438,551.489990234375,549.5399780273438,551.489990234375,3552,0.0,0.0
2024-03-11 14:30:00-04:00,551.760009765625,551.760009765625,550.77001953125,550.77001953125,5540,0.0,0.0
2024-03-11 15:30:00-04:00,551.3599853515625,551.3599853515625,548.4299926757812,549.6099853515625,7386,0.0,0.0
2024-03-12 09:30:00-04:00,547.6500244140625,550.3099975585938,545.2899780273438,549.9149780273438,7374,0.0,0.0
2024-03-12 10:30:00-04:00,552.489990234375,552.489990234375,552.489990234375,552.489990234375,1696,0.0,0.0
2024-03-12 11:30:00-04:00,550.010009765625,551.0,549.875,549.875,3216,0.0,0.0
2024-03-12 12:30:00-04:00,549.8200073242188,551.0,549.0549926757812,550.5150146484375,6767,0.0,0.0
2024-03-12 13:30:00-04:00,551.010009765625,554.4650268554688,551.010009765625,553.5599975585938,2014,0.0,0.0
2024-03-12 14:30:00-04:00,554.5499877929688,556.260009765625,553.3099975585938,555.02001953125,7886,0.0,0.0
2024-03-12 15:30:00-04:00,554.6199951171875,556.1699829101562,553.8400268554688,555.9500122070312,9255,0.0,0.0
2024-03-13 09:30:00-04:00,556.6099853515625,556.6099853515625,556.6099853515625,556.6099853515625,3457,0.0,0.0
2024-03-13 10:30:00-04:00,557.6600952148438,557.6600952148438,552.4099731445312,555.6099853515625,10173,0.0,0.0
2024-03-13 11:30:00-04:00,555.02001953125,556.1699829101562,553.9299926757812,553.9600219726562,6809,0.0,0.0
2024-03-13 12:30:00-04:00,552.4000244140625,553.5501098632812,551.9500122070312,552.9299926757812,10415,0.0,0.0
2024-03-13 13:30:00-04:00,552.905029296875,560.9099731445312,552.9000244140625,559.8300170898438,10697,0.0,0.0
2024-03-13 14:30:00-04:00,560.0,560.0900268554688,558.0700073242188,558.5900268554688,3245,0.0,0.0
2024-03-13 15:30:00-04:00,558.5399780273438,558.5399780273438,555.219970703125,555.6099853515625,4997,0.0,0.0
2024-03-14 09:30:00-04:00,550.530029296875,550.6599731445312,549.3800048828125,549.8400268554688,4446,0.0,0.0
2024-03-14 10:30:00-04:00,552.5,555.0999755859375,550.469970703125,550.469970703125,8610,0.0,0.0
2024-03-14 11:30:00-04:00,552.0850219726562,553.8300170898438,549.1799926757812,551.72998046875,9553,0.0,0.0
2024-03-14 12:30:00-04:00,551.22998046875,551.22998046875,548.260009765625,548.6300048828125,5491,0.0,0.0
2024-03-14 13:30:00-04:00,548.6300048828125,549.8400268554688,548.6300048828125,549.77001953125,2444,0.0,0.0
2024-03-14 14:30:00-04:00,549.2050170898438,549.4199829101562,547.1699829101562,547.9400024414062,8635,0.0,0.0
2024-03-14 15:30:00-04:00,547.9400024414062,550.72998046875,547.2999877929688,550.72998046875,7419,0.0,0.0
2024-03-15 09:30:00-04:00,549.75,553.6099243164062,549.75,553.6099243164062,2941,0.0,0.0
2024-03-15 10:30:00-04:00,550.9400024414062,551.0,550.72998046875,550.72998046875,2018,0.0,0.0
2024-03-15 11:30:00-04:00,552.5499877929688,552.72998046875,549.3200073242188,549.3200073242188,5498,0.0,0.0
2024-03-15 12:30:00-04:00,548.8300170898438,550.5599975585938,548.8300170898438,550.5599975585938,1559,0.0,0.0
2024-03-15 13:30:00-04:00,551.1400146484375,551.1400146484375,548.9349975585938,549.989990234375,7393,0.0,0.0
2024-03-15 14:30:00-04:00,551.52001953125,551.52001953125,549.760009765625,549.77001953125,1348,0.0,0.0
2024-03-15 15:30:00-04:00,549.77001953125,550.2999877929688,547.8200073242188,547.8200073242188,14513,0.0,0.0
2024-03-18 09:30:00-04:00,551.6099853515625,551.6099853515625,546.3800048828125,550.9149780273438,9942,0.0,0.0
2024-03-18 10:30:00-04:00,550.9199829101562,551.8699951171875,550.6699829101562,551.8699951171875,4240,0.0,0.0
2024-03-18 11:30:00-04:00,552.7999877929688,552.7999877929688,552.7999877929688,552.7999877929688,1357,0.0,0.0
2024-03-18 12:30:00-04:00,552.8900146484375,553.0349731445312,552.8900146484375,553.0349731445312,1567,0.0,0.0
2024-03-18 13:30:00-04:00,550.5399780273438,550.8599853515625,550.5399780273438,550.8599853515625,4193,0.0,0.0
2024-03-18 14:30:00-04:00,550.5,550.5988159179688,550.239990234375,550.5988159179688,3350,0.0,0.0
2024-03-18 15:30:00-04:00,550.5,550.9600219726562,547.5499877929688,547.6699829101562,15123,0.0,0.0
2024-03-19 09:30:00-04:00,550.9949951171875,551.2000122070312,549.5,549.5150146484375,11555,0.0,0.0
2024-03-19 11:30:00-04:00,553.97998046875,553.97998046875,553.97998046875,553.97998046875,1626,0.0,0.0
2024-03-19 12:30:00-04:00,557.6199951171875,557.6199951171875,555.9000244140625,555.9000244140625,1465,0.0,0.0
2024-03-19 13:30:00-04:00,556.52001953125,556.52001953125,556.52001953125,556.52001953125,2182,0.0,0.0
2024-03-19 14:30:00-04:00,555.5750122070312,555.5750122070312,554.0,554.030029296875,3410,0.0,0.0
2024-03-19 15:30:00-04:00,555.469970703125,556.6699829101562,554.4299926757812,556.6699829101562,10553,0.0,0.0
2024-03-20 09:30:00-04:00,554.9199829101562,554.9199829101562,554.47998046875,554.8200073242188,4985,0.0,0.0
2024-03-20 11:30:00-04:00,555.3699951171875,555.3699951171875,555.3699951171875,555.3699951171875,2684,0.0,0.0
2024-03-20 12:30:00-04:00,562.8699951171875,562.8699951171875,562.8699951171875,562.8699951171875,2146,0.0,0.0
2024-03-20 13:30:00-04:00,563.0,565.2750244140625,563.0,565.2750244140625,4571,0.0,0.0
2024-03-20 14:30:00-04:00,565.6900024414062,569.719970703125,561.85498046875,562.9500122070312,19815,0.0,0.0
2024-03-20 15:30:00-04:00,562.4500122070312,565.0,561.9600219726562,562.0499877929688,10872,0.0,0.0
2024-03-21 09:30:00-04:00,566.5700073242188,573.5,565.0,568.97998046875,16253,0.0,0.0
2024-03-21 10:30:00-04:00,570.47998046875,572.469970703125,570.125,572.469970703125,6781,0.0,0.0
2024-03-21 11:30:00-04:00,573.6400146484375,573.6400146484375,573.6400146484375,573.6400146484375,3195,0.0,0.0
2024-03-21 12:30:00-04:00,573.1099853515625,575.7000122070312,573.1099853515625,574.114990234375,7735,0.0,0.0
2024-03-21 13:30:00-04:00,570.3400268554688,570.3400268554688,564.5399780273438,567.0,15459,0.0,0.0
2024-03-21 14:30:00-04:00,568.0900268554688,568.0900268554688,568.0900268554688,568.0900268554688,1083,0.0,0.0
2024-03-21 15:30:00-04:00,566.1599731445312,566.5800170898438,565.5399780273438,565.5399780273438,4668,0.0,0.0
2024-03-22 09:30:00-04:00,566.3699951171875,567.760009765625,557.1300048828125,557.1300048828125,4780,0.0,0.0
2024-03-22 10:30:00-04:00,556.094970703125,556.094970703125,556.094970703125,556.094970703125,1426,0.0,0.0
2024-03-22 11:30:00-04:00,557.6400146484375,557.6400146484375,556.39501953125,556.39501953125,2304,0.0,0.0
2024-03-22 12:30:00-04:00,557.6199951171875,558.89501953125,555.739990234375,555.739990234375,8152,0.0,0.0
2024-03-22 13:30:00-04:00,556.1300048828125,558.5675048828125,556.010009765625,556.010009765625,11193,0.0,0.0
2024-03-22 14:30:00-04:00,555.0050048828125,557.4149780273438,553.9600219726562,555.4299926757812,10910,0.0,0.0
2024-03-22 15:30:00-04:00,554.6599731445312,554.969970703125,552.4949951171875,554.2100219726562,14328,0.0,0.0
2024-03-25 09:30:00-04:00,553.280029296875,553.5,552.5349731445312,552.5349731445312,3655,0.0,0.0
2024-03-25 10:30:00-04:00,550.6900024414062,551.1799926757812,550.6900024414062,551.1799926757812,2600,0.0,0.0
2024-03-25 11:30:00-04:00,550.0,551.2650146484375,549.864990234375,550.8049926757812,2571,0.0,0.0
2024-03-25 12:30:00-04:00,551.1900024414062,551.1900024414062,549.469970703125,549.469970703125,2220,0.0,0.0
2024-03-25 13:30:00-04:00,549.8800048828125,550.9500122070312,548.5800170898438,550.7999877929688,7071,0.0,0.0
2024-03-25 14:30:00-04:00,550.0,550.0,549.1099853515625,549.1199951171875,10266,0.0,0.0
2024-03-25 15:30:00-04:00,550.2999877929688,551.8900146484375,548.6099853515625,548.6099853515625,17762,0.0,0.0
2024-03-26 09:30:00-04:00,554.4000244140625,554.4000244140625,549.385009765625,549.385009765625,8125,0.0,0.0
2024-03-26 10:30:00-04:00,549.385009765625,550.0,549.385009765625,549.530029296875,5952,0.0,0.0
2024-03-26 11:30:00-04:00,549.635009765625,549.635009765625,549.3200073242188,549.3200073242188,3127,0.0,0.0
2024-03-26 12:30:00-04:00,549.5050048828125,549.6199951171875,549.3800048828125,549.6199951171875,7013,0.0,0.0
2024-03-26 13:30:00-04:00,549.5449829101562,549.780029296875,549.3800048828125,549.5,8987,0.0,0.0
2024-03-26 14:30:00-04:00,549.5499877929688,551.97998046875,549.280029296875,551.6375122070312,12183,0.0,0.0
2024-03-26 15:30:00-04:00,551.1599731445312,551.1599731445312,550.2100219726562,550.6199951171875,7372,0.0,0.0
2024-03-27 09:30:00-04:00,558.0349731445312,558.0349731445312,549.6400146484375,552.239990234375,15840,0.0,0.0
2024-03-27 10:30:00-04:00,553.1900024414062,553.1900024414062,549.6900024414062,550.5349731445312,7368,0.0,0.0
2024-03-27 11:30:00-04:00,550.0,551.08251953125,549.22998046875,550.6099853515625,6186,0.0,0.0
2024-03-27 12:30:00-04:00,550.625,550.907470703125,550.1400146484375,550.1400146484375,3023,0.0,0.0
2024-03-27 13:30:00-04:00,550.3400268554688,550.8499755859375,549.47998046875,550.6799926757812,6396,0.0,0.0
2024-03-27 14:30:00-04:00,550.6799926757812,550.9500122070312,549.4400024414062,550.5050048828125,15204,0.0,0.0
2024-03-27 15:30:00-04:00,551.0460815429688,551.0460815429688,549.6500244140625,551.010009765625,15767,0.0,0.0
2024-03-28 09:30:00-04:00,552.989990234375,554.25,552.989990234375,554.25,3622,0.0,0.0
2024-03-28 10:30:00-04:00,552.760009765625,553.0750122070312,550.260009765625,553.0700073242188,7093,0.0,0.0
2024-03-28 11:30:00-04:00,553.489990234375,553.489990234375,551.0399780273438,552.5449829101562,7574,0.0,0.0
2024-03-28 12:30:00-04:00,551.8599853515625,551.8599853515625,549.3884887695312,549.3884887695312,5758,0.0,0.0
2024-03-28 13:30:00-04:00,550.7000122070312,550.969970703125,550.7000122070312,550.969970703125,2298,0.0,0.0
2024-03-28 14:30:00-04:00,550.0,550.9149780273438,549.9600219726562,550.0,5255,0.0,0.0
2024-03-28 15:30:00-04:00,550.0850219726562,551.4500122070312,549.4299926757812,551.280029296875,14125,0.0,0.0
2024-04-01 09:30:00-04:00,550.0,551.5800170898438,547.4000244140625,549.0800170898438,11685,0.0,0.0
2024-04-01 10:30:00-04:00,549.0800170898438,550.47998046875,548.989990234375,549.4249877929688,10597,0.0,0.0
2024-04-01 11:30:00-04:00,549.52001953125,549.9349975585938,547.5,547.5,7177,0.0,0.0
2024-04-01 12:30:00-04:00,547.5,547.5,546.2999877929688,546.8200073242188,4014,0.0,0.0
2024-04-01 13:30:00-04:00,547.0599975585938,547.5499877929688,547.0599975585938,547.27001953125,4645,0.0,0.0
2024-04-01 14:30:00-04:00,547.594970703125,547.594970703125,544.7849731445312,545.219970703125,9767,0.0,0.0
2024-04-01 15:30:00-04:00,545.5499877929688,546.3900146484375,544.4500122070312,544.4500122070312,13760,0.0,0.0
2024-04-02 09:30:00-04:00,537.25,537.25,534.3300170898438,536.4500122070312,13078,0.0,0.0
2024-04-02 10:30:00-04:00,536.4500122070312,538.0599975585938,536.1199951171875,537.6599731445312,10012,0.0,0.0
2024-04-02 11:30:00-04:00,536.7000122070312,537.8300170898438,535.739990234375,536.6849975585938,10202,0.0,0.0
2024-04-02 12:30:00-04:00,536.6799926757812,537.5150146484375,536.6799926757812,537.5150146484375,4084,0.0,0.0
2024-04-02 13:30:00-04:00,537.3350219726562,537.5999755859375,536.72998046875,537.4099731445312,4359,0.0,0.0
2024-04-02 14:30:00-04:00,537.4099731445312,538.0399780273438,535.1500244140625,535.1500244140625,11622,0.0,0.0
2024-04-02 15:30:00-04:00,535.4949951171875,537.47900390625,535.489990234375,535.7000122070312,12839,0.0,0.0
2024-04-03 09:30:00-04:00,538.22998046875,542.5,538.22998046875,540.8599853515625,12875,0.0,0.0
2024-04-03 10:30:00-04:00,540.489990234375,542.02001953125,539.5900268554688,541.0,11627,0.0,0.0
2024-04-03 11:30:00-04:00,540.2999877929688,542.0,540.2999877929688,541.9099731445312,5131,0.0,0.0
2024-04-03 12:30:00-04:00,542.1500244140625,544.4849853515625,542.1500244140625,542.4650268554688,10158,0.0,0.0
2024-04-03 13:30:00-04:00,542.4600219726562,542.77001953125,541.8599853515625,542.489990234375,2724,0.0,0.0
2024-04-03 14:30:00-04:00,542.780029296875,542.780029296875,540.4000244140625,540.4000244140625,7818,0.0,0.0
2024-04-03 15:30:00-04:00,540.4000244140625,542.4799194335938,540.4000244140625,542.4000244140625,8809,0.0,0.0
2024-04-04 09:30:00-04:00,543.9099731445312,547.3599853515625,543.9099731445312,547.3499755859375,8719,0.0,0.0
2024-04-04 10:30:00-04:00,547.3499755859375,549.5999755859375,547.3499755859375,547.8200073242188,9892,0.0,0.0
2024-04-04 11:30:00-04:00,547.02001953125,547.02001953125,546.0999755859375,547.0,2313,0.0,0.0
2024-04-04 12:30:00-04:00,547.52001953125,548.260009765625,547.1950073242188,548.0599975585938,7420,0.0,0.0
2024-04-04 13:30:00-04:00,548.0599975585938,548.0599975585938,543.239990234375,543.239990234375,6069,0.0,0.0
2024-04-04 14:30:00-04:00,541.030029296875,541.030029296875,538.5499877929688,538.6300048828125,6519,0.0,0.0
2024-04-04 15:30:00-04:00,536.89501953125,538.3090209960938,535.4550170898438,535.5,8228,0.0,0.0
2024-04-05 09:30:00-04:00,535.9550170898438,536.510009765625,535.010009765625,536.0,12588,0.0,0.0
2024-04-05 10:30:00-04:00,536.0,538.5850219726562,536.0,537.47998046875,8649,0.0,0.0
2024-04-05 11:30:00-04:00,538.4000244140625,541.25,538.219970703125,540.7249755859375,8802,0.0,0.0
2024-04-05 12:30:00-04:00,540.5700073242188,542.0650024414062,540.5700073242188,540.9500122070312,6856,0.0,0.0
2024-04-05 13:30:00-04:00,541.030029296875,541.89990234375,540.1799926757812,540.6799926757812,4562,0.0,0.0
2024-04-05 14:30:00-04:00,540.6799926757812,542.4349975585938,540.6799926757812,542.344970703125,4427,0.0,0.0
2024-04-05 15:30:00-04:00,542.7100219726562,543.02001953125,541.8599853515625,541.8599853515625,9494,0.0,0.0
2024-04-08 09:30:00-04:00,544.0,551.8699951171875,544.0,550.280029296875,8671,0.0,0.0
2024-04-08 10:30:00-04:00,550.0,552.7249755859375,549.5499877929688,549.6199951171875,9523,0.0,0.0
2024-04-08 11:30:00-04:00,549.6199951171875,551.1599731445312,549.530029296875,550.6099853515625,5953,0.0,0.0
2024-04-08 12:30:00-04:00,550.4600219726562,550.8499755859375,549.2550048828125,550.1799926757812,4656,0.0,0.0
2024-04-08 13:30:00-04:00,550.0499877929688,552.8499755859375,549.1300048828125,551.760009765625,12814,0.0,0.0
2024-04-08 14:30:00-04:00,552.1900024414062,554.8049926757812,552.1900024414062,554.780029296875,7065,0.0,0.0
2024-04-08 15:30:00-04:00,555.0599975585938,557.1500244140625,554.4650268554688,557.1500244140625,14354,0.0,0.0
2024-04-09 09:30:00-04:00,552.0399780273438,559.469970703125,552.0399780273438,556.6199951171875,6627,0.0,0.0
2024-04-09 10:30:00-04:00,555.4600219726562,556.0800170898438,554.239990234375,554.6525268554688,4612,0.0,0.0
2024-04-09 11:30:00-04:00,554.7349853515625,556.14501953125,554.6300048828125,556.14501953125,3756,0.0,0.0
2024-04-09 12:30:00-04:00,555.7000122070312,555.7000122070312,554.1099853515625,555.280029296875,3498,0.0,0.0
2024-04-09 13:30:00-04:00,554.1699829101562,555.5900268554688,553.3400268554688,553.8400268554688,2613,0.0,0.0
2024-04-09 14:30:00-04:00,553.75,554.0,553.22998046875,553.4600219726562,11032,0.0,0.0
2024-04-09 15:30:00-04:00,555.6199951171875,557.1799926757812,555.280029296875,557.1799926757812,5827,0.0,0.0
2024-04-10 09:30:00-04:00,545.9299926757812,549.530029296875,543.2000122070312,549.4600219726562,13991,0.0,0.0
2024-04-10 10:30:00-04:00,550.0,551.0,547.239990234375,549.7000122070312,9875,0.0,0.0
2024-04-10 11:30:00-04:00,549.469970703125,549.469970703125,546.2849731445312,547.5900268554688,4769,0.0,0.0
2024-04-10 12:30:00-04:00,547.5900268554688,548.4500122070312,544.2899780273438,545.8400268554688,16814,0.0,0.0
2024-04-10 13:30:00-04:00,543.9099731445312,545.1900024414062,542.8800048828125,543.989990234375,8450,0.0,0.0
2024-04-10 14:30:00-04:00,543.0349731445312,556.2899780273438,540.2899780273438,541.989990234375,5877,0.0,0.0
2024-04-10 15:30:00-04:00,543.739990234375,544.760009765625,543.22998046875,544.2100219726562,8496,0.0,0.0
2024-04-11 09:30:00-04:00,544.6900024414062,556.030029296875,544.6900024414062,553.5999755859375,36497,0.0,0.0
2024-04-11 10:30:00-04:00,555.6500244140625,557.0549926757812,555.0,556.280029296875,5242,0.0,0.0
2024-04-11 11:30:00-04:00,557.125,563.739990234375,557.125,563.739990234375,4678,0.0,0.0
2024-04-11 12:30:00-04:00,563.280029296875,564.5499877929688,560.5900268554688,563.5399780273438,6277,0.0,0.0
2024-04-11 13:30:00-04:00,563.6300048828125,568.2100219726562,563.6300048828125,568.2100219726562,6134,0.0,0.0
2024-04-11 14:30:00-04:00,567.7100219726562,570.3400268554688,566.6599731445312,569.219970703125,12183,0.0,0.0
2024-04-11 15:30:00-04:00,567.3599853515625,573.9199829101562,567.1900024414062,572.4000244140625,15750,0.0,0.0
2024-04-12 09:30:00-04:00,566.6300048828125,567.0999755859375,557.1199951171875,561.8400268554688,15556,0.0,0.0
2024-04-12 10:30:00-04:00,559.260009765625,560.9400024414062,558.6300048828125,558.6300048828125,6980,0.0,0.0
2024-04-12 11:30:00-04:00,559.614990234375,560.3800048828125,559.125,560.0,6722,0.0,0.0
2024-04-12 12:30:00-04:00,560.0,561.114990234375,559.5499877929688,560.0,10213,0.0,0.0
2024-04-12 13:30:00-04:00,559.9749755859375,562.6199951171875,559.7100219726562,559.7100219726562,9007,0.0,0.0
2024-04-12 14:30:00-04:00,559.6199951171875,559.9000244140625,553.1300048828125,553.1300048828125,6370,0.0,0.0
2024-04-12 15:30:00-04:00,552.8300170898438,555.4400024414062,552.8300170898438,555.4400024414062,17370,0.0,0.0
2024-04-15 09:30:00-04:00,557.22998046875,560.2899780273438,550.0,550.0,4439,0.0,0.0
2024-04-15 10:30:00-04:00,549.3699951171875,551.3699951171875,549.1900024414062,550.0,8529,0.0,0.0
2024-04-15 11:30:00-04:00,552.0050048828125,552.0050048828125,550.0900268554688,550.0900268554688,2494,0.0,0.0
2024-04-15 12:30:00-04:00,549.9199829101562,550.0599975585938,548.5900268554688,548.5900268554688,8932,0.0,0.0
2024-04-15 13:30:00-04:00,548.47998046875,548.9149780273438,547.5750122070312,548.1300048828125,7059,0.0,0.0
2024-04-15 14:30:00-04:00,547.844970703125,548.2849731445312,546.1099853515625,546.1099853515625,12437,0.0,0.0
2024-04-15 15:30:00-04:00,546.02001953125,547.9099731445312,545.4000244140625,547.72998046875,12119,0.0,0.0
2024-04-16 09:30:00-04:00,540.8300170898438,540.8300170898438,537.3900146484375,538.780029296875,11407,0.0,0.0
2024-04-16 10:30:00-04:00,536.8300170898438,537.8300170898438,535.8699951171875,537.5499877929688,7311,0.0,0.0
2024-04-16 11:30:00-04:00,537.239990234375,539.1599731445312,535.0700073242188,539.1599731445312,3238,0.0,0.0
2024-04-16 12:30:00-04:00,538.1699829101562,539.0499877929688,536.5800170898438,537.1500244140625,7397,0.0,0.0
2024-04-16 13:30:00-04:00,537.0599975585938,540.344970703125,535.64501953125,539.02001953125,10097,0.0,0.0
2024-04-16 14:30:00-04:00,537.3150024414062,537.3150024414062,537.3099975585938,537.3099975585938,2771,0.0,0.0
2024-04-16 15:30:00-04:00,538.4249877929688,540.6300048828125,538.4000244140625,538.75,7193,0.0,0.0
2024-04-17 09:30:00-04:00,545.0800170898438,545.0800170898438,539.6699829101562,539.6699829101562,6971,0.0,0.0
2024-04-17 10:30:00-04:00,537.7999877929688,539.5402221679688,533.0999755859375,534.8200073242188,9602,0.0,0.0
2024-04-17 11:30:00-04:00,534.0599975585938,535.8200073242188,534.0599975585938,534.5,4759,0.0,0.0
2024-04-17 12:30:00-04:00,533.4000244140625,533.4000244140625,531.8701171875,531.8701171875,3386,0.0,0.0
2024-04-17 13:30:00-04:00,535.0399780273438,536.489990234375,535.0399780273438,536.489990234375,3326,0.0,0.0
2024-04-17 14:30:00-04:00,537.8300170898438,537.8300170898438,534.0,534.8099975585938,4015,0.0,0.0
2024-04-17 15:30:00-04:00,533.1799926757812,533.3800048828125,533.1799926757812,533.3800048828125,3622,0.0,0.0
2024-04-18 09:30:00-04:00,537.155029296875,540.469970703125,534.8200073242188,539.1500244140625,6654,0.0,0.0
2024-04-18 10:30:00-04:00,542.6099853515625,542.6099853515625,542.5999755859375,542.5999755859375,2789,0.0,0.0
2024-04-18 11:30:00-04:00,537.8099975585938,537.8099975585938,537.22998046875,537.22998046875,1062,0.0,0.0
2024-04-18 12:30:00-04:00,535.9199829101562,535.9199829101562,535.9199829101562,535.9199829101562,2398,0.0,0.0
2024-04-18 13:30:00-04:00,538.4500122070312,538.4500122070312,536.5050048828125,536.5050048828125,4340,0.0,0.0
2024-04-18 14:30:00-04:00,535.530029296875,536.5599975585938,535.35498046875,535.77001953125,5890,0.0,0.0
2024-04-18 15:30:00-04:00,537.1400146484375,537.1400146484375,535.25,536.4400024414062,5019,0.0,0.0
2024-04-19 09:30:00-04:00,537.9400024414062,541.7949829101562,537.9400024414062,541.1099853515625,6861,0.0,0.0
2024-04-19 10:30:00-04:00,542.2249755859375,543.2000122070312,540.3300170898438,542.6649780273438,6842,0.0,0.0
2024-04-19 11:30:00-04:00,544.4849853515625,544.4849853515625,541.3099975585938,541.3099975585938,3857,0.0,0.0
2024-04-19 12:30:00-04:00,540.27001953125,540.2999877929688,538.780029296875,538.780029296875,5617,0.0,0.0
2024-04-19 13:30:00-04:00,537.4249877929688,537.4249877929688,534.0599975585938,534.7200927734375,5151,0.0,0.0
2024-04-19 14:30:00-04:00,533.3150024414062,534.52001953125,533.3150024414062,534.1500244140625,3500,0.0,0.0
2024-04-19 15:30:00-04:00,534.5399780273438,536.1900024414062,533.5599975585938,535.7100219726562,16185,0.0,0.0
2024-04-22 09:30:00-04:00,534.3599853515625,534.3599853515625,532.0,532.0,2070,0.0,0.0
2024-04-22 10:30:00-04:00,529.8350219726562,535.47998046875,529.2999877929688,530.1699829101562,12896,0.0,0.0
2024-04-22 11:30:00-04:00,529.9299926757812,532.9650268554688,526.89501953125,532.9650268554688,12035,0.0,0.0
2024-04-22 12:30:00-04:00,532.6749877929688,532.6749877929688,526.7100219726562,526.7100219726562,11895,0.0,0.0
2024-04-22 13:30:00-04:00,524.60498046875,527.0750122070312,524.60498046875,527.0750122070312,9563,0.0,0.0
2024-04-22 14:30:00-04:00,527.9199829101562,528.2000122070312,521.1699829101562,521.1699829101562,10554,0.0,0.0
2024-04-22 15:30:00-04:00,522.7899780273438,523.1400146484375,519.1199951171875,519.1199951171875,15158,0.0,0.0
2024-04-23 09:30:00-04:00,522.6599731445312,527.5250244140625,522.2550048828125,527.5250244140625,3407,0.0,0.0
2024-04-23 10:30:00-04:00,525.1300048828125,525.989990234375,523.280029296875,525.6099853515625,4950,0.0,0.0
2024-04-23 12:30:00-04:00,526.25,526.25,526.25,526.25,2153,0.0,0.0
2024-04-23 13:30:00-04:00,523.4199829101562,523.4199829101562,523.4199829101562,523.4199829101562,1289,0.0,0.0
2024-04-23 14:30:00-04:00,521.469970703125,526.739990234375,521.469970703125,525.260009765625,8271,0.0,0.0
2024-04-23 15:30:00-04:00,522.719970703125,523.625,521.7899780273438,521.7899780273438,7801,0.0,0.0
2024-04-24 09:30:00-04:00,521.02001953125,525.530029296875,519.0,519.0,4400,0.0,0.0
2024-04-24 10:30:00-04:00,519.0,519.989990234375,518.4099731445312,518.6900024414062,11677,0.0,0.0
2024-04-24 11:30:00-04:00,519.0,519.0,519.0,519.0,1467,0.0,0.0
2024-04-24 12:30:00-04:00,518.8599853515625,520.0599975585938,518.8599853515625,520.0599975585938,1883,0.0,0.0
2024-04-24 13:30:00-04:00,520.2100219726562,522.52001953125,520.2100219726562,522.52001953125,2847,0.0,0.0
2024-04-24 14:30:00-04:00,521.239990234375,521.239990234375,521.239990234375,521.239990234375,1163,0.0,0.0
2024-04-24 15:30:00-04:00,521.5349731445312,523.2100219726562,521.2000122070312,523.2100219726562,10135,0.0,0.0
2024-04-25 09:30:00-04:00,516.1400146484375,516.1400146484375,508.260009765625,508.260009765625,0,0.0,0.0
2024-04-25 10:30:00-04:00,509.5,510.0,506.57000732421875,509.70001220703125,7094,0.0,0.0
2024-04-25 11:30:00-04:00,509.44000244140625,512.52001953125,509.44000244140625,510.6600036621094,3972,0.0,0.0
2024-04-25 12:30:00-04:00,511.0,511.0,510.2799987792969,510.3299865722656,2005,0.0,0.0
2024-04-25 13:30:00-04:00,509.80999755859375,512.8200073242188,509.80999755859375,511.4700012207031,3762,0.0,0.0
2024-04-25 14:30:00-04:00,512.1099853515625,516.02001953125,512.0,516.02001953125,6530,0.0,0.0
2024-04-25 15:30:00-04:00,516.8200073242188,517.25,515.3900146484375,515.3900146484375,9631,0.0,0.0
2024-04-26 09:30:00-04:00,525.4099731445312,525.4099731445312,525.4099731445312,525.4099731445312,2225,0.0,0.0
2024-04-26 10:30:00-04:00,525.75,527.3200073242188,525.0499877929688,525.0499877929688,2034,0.0,0.0
2024-04-26 11:30:00-04:00,528.2921752929688,529.2999877929688,528.2921752929688,529.2999877929688,1146,0.0,0.0
2024-04-26 12:30:00-04:00,529.2899780273438,529.2999877929688,526.6900024414062,527.4199829101562,3001,0.0,0.0
2024-04-26 13:30:00-04:00,527.989990234375,528.5,527.989990234375,528.5,1399,0.0,0.0
2024-04-26 14:30:00-04:00,529.9500122070312,531.3200073242188,529.9500122070312,530.2100219726562,5630,0.0,0.0
2024-04-26 15:30:00-04:00,528.0499877929688,528.0499877929688,526.969970703125,527.2999877929688,5399,0.0,0.0
2024-04-29 09:30:00-04:00,531.3400268554688,537.22998046875,531.2899780273438,531.655029296875,7434,0.0,0.0
2024-04-29 10:30:00-04:00,529.9000244140625,529.9000244140625,527.27001953125,527.27001953125,1510,0.0,0.0
2024-04-29 11:30:00-04:00,529.5599975585938,529.5599975585938,529.5599975585938,529.5599975585938,3640,0.0,0.0
2024-04-29 12:30:00-04:00,529.3800048828125,529.9199829101562,529.3800048828125,529.9199829101562,2015,0.0,0.0
2024-04-29 13:30:00-04:00,528.9746704101562,530.0900268554688,528.9746704101562,530.0900268554688,3324,0.0,0.0
2024-04-29 14:30:00-04:00,530.47998046875,532.4099731445312,529.8900146484375,529.8900146484375,7247,0.0,0.0
2024-04-29 15:30:00-04:00,528.5599975585938,529.27001953125,527.2474975585938,529.27001953125,7330,0.0,0.0
2024-04-30 09:30:00-04:00,523.7999877929688,527.4000244140625,518.6300048828125,518.6300048828125,7485,0.0,0.0
2024-04-30 10:30:00-04:00,517.1950073242188,520.39501953125,516.0850219726562,519.22998046875,7171,0.0,0.0
2024-04-30 11:30:00-04:00,517.125,517.280029296875,517.125,517.280029296875,2940,0.0,0.0
2024-04-30 12:30:00-04:00,517.7949829101562,520.0,516.0775146484375,519.9949951171875,9500,0.0,0.0
2024-04-30 13:30:00-04:00,519.0,519.4249877929688,518.7949829101562,519.4249877929688,4636,0.0,0.0
2024-04-30 14:30:00-04:00,519.0225219726562,519.3900146484375,516.77001953125,517.2050170898438,6737,0.0,0.0
2024-04-30 15:30:00-04:00,517.5800170898438,517.9849853515625,512.3400268554688,513.6749877929688,15733,0.0,0.0
2024-05-01 09:30:00-04:00,503.8999938964844,503.8999938964844,482.9800109863281,488.0950012207031,36628,0.0,0.0
2024-05-01 10:30:00-04:00,488.04998779296875,491.1099853515625,485.05999755859375,488.385009765625,37339,0.0,0.0
2024-05-01 11:30:00-04:00,488.9649963378906,501.1600036621094,487.2900085449219,499.92498779296875,23325,0.0,0.0
2024-05-01 12:30:00-04:00,500.1400146484375,500.1400146484375,493.05999755859375,493.9150085449219,15071,0.0,0.0
2024-05-01 13:30:00-04:00,495.57000732421875,497.2099914550781,493.375,495.92999267578125,11010,0.0,0.0
2024-05-01 14:30:00-04:00,497.20001220703125,505.32000732421875,491.8999938964844,503.4150085449219,21921,0.0,0.0
2024-05-01 15:30:00-04:00,501.7900085449219,501.7900085449219,491.5199890136719,492.6000061035156,17700,0.0,0.0
2024-05-02 09:30:00-04:00,491.2699890136719,493.0,484.3500061035156,493.0,28482,0.0,0.0
2024-05-02 10:30:00-04:00,495.19000244140625,499.8599853515625,494.4100036621094,494.4100036621094,5959,0.0,0.0
2024-05-02 11:30:00-04:00,495.1449890136719,499.135009765625,495.0799865722656,498.17999267578125,7914,0.0,0.0
2024-05-02 12:30:00-04:00,498.5299987792969,499.44000244140625,498.5299987792969,499.44000244140625,4341,0.0,0.0
2024-05-02 13:30:00-04:00,499.9200134277344,499.9200134277344,499.9200134277344,499.9200134277344,4084,0.0,0.0
2024-05-02 14:30:00-04:00,500.7300109863281,500.7300109863281,500.5050048828125,500.5050048828125,2560,0.0,0.0
2024-05-02 15:30:00-04:00,502.3399963378906,502.3399963378906,501.04998779296875,501.80999755859375,7415,0.0,0.0
2024-05-03 09:30:00-04:00,507.7200012207031,507.80999755859375,505.8450012207031,506.04998779296875,7835,0.0,0.0
2024-05-03 10:30:00-04:00,505.8500061035156,506.625,503.4049987792969,503.4049987792969,7485,0.0,0.0
2024-05-03 11:30:00-04:00,509.80999755859375,510.4949951171875,509.20001220703125,509.20001220703125,4057,0.0,0.0
2024-05-03 12:30:00-04:00,509.6700134277344,509.9800109863281,509.6700134277344,509.9800109863281,2521,0.0,0.0
2024-05-03 13:30:00-04:00,511.0,511.0,511.0,511.0,2014,0.0,0.0
2024-05-03 14:30:00-04:00,510.5199890136719,510.5199890136719,509.25,510.4700012207031,5535,0.0,0.0
2024-05-03 15:30:00-04:00,510.4800109863281,510.82501220703125,506.29998779296875,506.3299865722656,13619,0.0,0.0
2024-05-06 09:30:00-04:00,505.9100036621094,511.6700134277344,505.9100036621094,511.30999755859375,4925,0.0,0.0
2024-05-06 10:30:00-04:00,510.32000732421875,510.32000732421875,506.2799987792969,509.9849853515625,3742,0.0,0.0
2024-05-06 11:30:00-04:00,514.0800170898438,514.0850219726562,514.0800170898438,514.0850219726562,1747,0.0,0.0
2024-05-06 12:30:00-04:00,514.6749877929688,517.0800170898438,513.0599975585938,517.0800170898438,3441,0.0,0.0
2024-05-06 13:30:00-04:00,517.510009765625,519.47998046875,517.510009765625,517.7899780273438,5591,0.0,0.0
2024-05-06 14:30:00-04:00,518.8250122070312,520.0399780273438,518.4299926757812,520.0399780273438,5798,0.0,0.0
2024-05-06 15:30:00-04:00,519.2999877929688,522.260009765625,518.3599853515625,522.25,9494,0.0,0.0
2024-05-07 09:30:00-04:00,528.0,529.1500244140625,528.0,528.989990234375,5821,0.0,0.0
2024-05-07 10:30:00-04:00,530.260009765625,530.260009765625,528.4190063476562,529.5800170898438,3297,0.0,0.0
2024-05-07 11:30:00-04:00,529.1300048828125,529.75,527.6799926757812,529.75,3114,0.0,0.0
2024-05-07 12:30:00-04:00,529.9299926757812,529.9299926757812,529.2550048828125,529.2550048828125,2174,0.0,0.0
2024-05-07 13:30:00-04:00,529.0999755859375,529.0999755859375,526.1699829101562,526.1699829101562,4620,0.0,0.0
2024-05-07 14:30:00-04:00,527.0700073242188,528.25,527.030029296875,528.25,2497,0.0,0.0
2024-05-07 15:30:00-04:00,528.3300170898438,530.0,528.3300170898438,529.02001953125,12158,0.0,0.0
2024-05-08 09:30:00-04:00,522.0,522.0,520.6649780273438,520.9500122070312,4944,0.0,0.0
2024-05-08 10:30:00-04:00,518.75,519.2000122070312,518.75,519.2000122070312,3051,0.0,0.0
2024-05-08 12:30:00-04:00,516.6099853515625,516.6099853515625,514.2999877929688,515.1500244140625,5621,0.0,0.0
2024-05-08 13:30:00-04:00,515.0,515.0,515.0,515.0,1155,0.0,0.0
2024-05-08 14:30:00-04:00,514.9099731445312,514.9099731445312,512.625,512.625,3403,0.0,0.0
2024-05-08 15:30:00-04:00,512.6099853515625,514.72998046875,512.6099853515625,514.1699829101562,10932,0.0,0.0
2024-05-09 09:30:00-04:00,517.0,518.5999755859375,514.780029296875,514.780029296875,2604,0.0,0.0
2024-05-09 10:30:00-04:00,515.6849975585938,517.5050048828125,514.52001953125,517.5050048828125,3766,0.0,0.0
2024-05-09 11:30:00-04:00,518.02001953125,519.3900146484375,517.469970703125,517.469970703125,3613,0.0,0.0
2024-05-09 13:30:00-04:00,519.77001953125,519.8099975585938,519.591796875,519.8099975585938,1898,0.0,0.0
2024-05-09 14:30:00-04:00,521.6500244140625,521.6500244140625,521.6500244140625,521.6500244140625,5161,0.0,0.0
2024-05-09 15:30:00-04:00,522.72998046875,523.7100219726562,522.4299926757812,523.7100219726562,2695,0.0,0.0
2024-05-10 09:30:00-04:00,516.5,518.9099731445312,516.5,518.9099731445312,4343,0.0,0.0
2024-05-10 10:30:00-04:00,514.8400268554688,516.8800048828125,514.3400268554688,514.3400268554688,2681,0.0,0.0
2024-05-10 11:30:00-04:00,513.510009765625,513.510009765625,513.510009765625,513.510009765625,2224,0.0,0.0
2024-05-10 12:30:00-04:00,508.8349914550781,510.5899963378906,508.8349914550781,510.5899963378906,3355,0.0,0.0
2024-05-10 13:30:00-04:00,510.94500732421875,510.94500732421875,510.5,510.7699890136719,2925,0.0,0.0
2024-05-10 14:30:00-04:00,510.42999267578125,510.42999267578125,510.42999267578125,510.42999267578125,3106,0.0,0.0
2024-05-10 15:30:00-04:00,512.1500244140625,514.4600219726562,511.9599914550781,513.844970703125,5511,0.0,0.0
2024-05-13 09:30:00-04:00,521.0,521.9099731445312,519.5,521.89501953125,4434,0.0,0.0
2024-05-13 10:30:00-04:00,520.10009765625,523.7899780273438,519.6201171875,523.7899780273438,3399,0.0,0.0
2024-05-13 11:30:00-04:00,523.7899780273438,526.5,523.7449951171875,525.7603759765625,8369,0.0,0.0
2024-05-13 12:30:00-04:00,528.4099731445312,528.4099731445312,524.4000244140625,525.2000122070312,4473,0.0,0.0
2024-05-13 13:30:00-04:00,523.1799926757812,523.1799926757812,523.1799926757812,523.1799926757812,737,0.0,0.0
2024-05-13 14:30:00-04:00,521.9000244140625,522.760009765625,521.9000244140625,522.760009765625,5318,0.0,0.0
2024-05-13 15:30:00-04:00,520.6199951171875,520.6699829101562,517.5850219726562,517.5850219726562,7695,0.0,0.0
2024-05-14 09:30:00-04:00,522.3900146484375,528.2550048828125,522.3900146484375,527.5250244140625,6795,0.0,0.0
2024-05-14 10:30:00-04:00,528.1900024414062,529.6500244140625,527.364990234375,528.594970703125,6076,0.0,0.0
2024-05-14 11:30:00-04:00,529.5999755859375,531.6300048828125,527.72998046875,527.72998046875,5041,0.0,0.0
2024-05-14 12:30:00-04:00,524.0850219726562,524.0850219726562,524.0850219726562,524.0850219726562,2329,0.0,0.0
2024-05-14 13:30:00-04:00,524.9600219726562,525.4099731445312,524.9600219726562,525.4099731445312,1890,0.0,0.0
2024-05-14 14:30:00-04:00,527.4349975585938,528.6500244140625,527.2550048828125,527.2550048828125,7268,0.0,0.0
2024-05-14 15:30:00-04:00,524.5399780273438,525.4600219726562,524.239990234375,525.1400146484375,4793,0.0,0.0
2024-05-15 09:30:00-04:00,531.0599975585938,531.0599975585938,519.6300048828125,519.6300048828125,5363,0.0,0.0
2024-05-15 10:30:00-04:00,519.6699829101562,519.72998046875,517.75,518.3499755859375,4031,0.0,0.0
2024-05-15 11:30:00-04:00,521.02001953125,521.02001953125,517.4249877929688,517.4249877929688,3677,0.0,0.0
2024-05-15 12:30:00-04:00,519.2899780273438,519.2899780273438,517.530029296875,517.5999755859375,2594,0.0,0.0
2024-05-15 13:30:00-04:00,516.9099731445312,523.6749877929688,516.9099731445312,523.6749877929688,3823,0.0,0.0
2024-05-15 14:30:00-04:00,519.8599853515625,522.219970703125,519.8599853515625,522.219970703125,3572,0.0,0.0
2024-05-15 15:30:00-04:00,521.0999755859375,521.0999755859375,518.97998046875,519.47998046875,6561,0.0,0.0
2024-05-16 09:30:00-04:00,517.1500244140625,517.1500244140625,494.94000244140625,506.0,33332,0.0,0.0
2024-05-16 10:30:00-04:00,504.3800048828125,504.9599914550781,499.79998779296875,500.7149963378906,11717,0.0,0.0
2024-05-16 11:30:00-04:00,498.8599853515625,500.3594055175781,494.3699951171875,496.92498779296875,9947,0.0,0.0
2024-05-16 12:30:00-04:00,496.760009765625,498.0,495.875,495.9200134277344,7278,0.0,0.0
2024-05-16 13:30:00-04:00,495.1099853515625,500.4949951171875,495.0,500.4949951171875,4781,0.0,0.0
2024-05-16 14:30:00-04:00,499.3599853515625,500.5,498.7049865722656,498.8800048828125,5590,0.0,0.0
2024-05-16 15:30:00-04:00,498.69000244140625,500.0,498.3599853515625,498.80999755859375,11088,0.0,0.0
2024-05-17 09:30:00-04:00,493.8299865722656,500.0,492.0,497.17999267578125,10346,0.0,0.0
2024-05-17 10:30:00-04:00,495.4849853515625,495.4849853515625,494.9100036621094,495.3450012207031,7088,0.0,0.0
2024-05-17 11:30:00-04:00,494.44000244140625,494.44000244140625,493.93499755859375,494.3299865722656,4446,0.0,0.0
2024-05-17 12:30:00-04:00,493.4849853515625,494.6300048828125,492.44500732421875,493.9150085449219,3144,0.0,0.0
2024-05-17 13:30:00-04:00,494.25,496.1099853515625,493.4549865722656,495.1600036621094,4630,0.0,0.0
2024-05-17 14:30:00-04:00,495.3999938964844,496.32000732421875,494.0,494.9299011230469,11460,0.0,0.0
2024-05-17 15:30:00-04:00,494.70001220703125,497.6499938964844,494.6449890136719,497.6499938964844,11221,0.0,0.0
2024-05-20 09:30:00-04:00,492.5,493.1099853515625,491.8800048828125,493.1099853515625,4230,0.0,0.0
2024-05-20 10:30:00-04:00,494.1400146484375,495.3699951171875,494.1400146484375,495.3699951171875,4079,0.0,0.0
2024-05-20 11:30:00-04:00,495.8349914550781,495.8349914550781,495.8349914550781,495.8349914550781,793,0.0,0.0
2024-05-20 12:30:00-04:00,494.7699890136719,495.0237121582031,492.57000732421875,492.67730712890625,5617,0.0,0.0
2024-05-20 13:30:00-04:00,492.1199951171875,494.2799987792969,492.0,493.3999938964844,8625,0.0,0.0
2024-05-20 14:30:00-04:00,493.1199951171875,494.4700012207031,493.1199951171875,494.4700012207031,3608,0.0,0.0
2024-05-20 15:30:00-04:00,493.5950012207031,493.6449890136719,491.45001220703125,493.2900085449219,9523,0.0,0.0
2024-05-21 09:30:00-04:00,494.3699951171875,494.3699951171875,490.989990234375,492.5,3394,0.0,0.0
2024-05-21 10:30:00-04:00,493.989990234375,497.0899963378906,493.29998779296875,497.0899963378906,4463,0.0,0.0
2024-05-21 11:30:00-04:00,493.75,493.75,493.5050048828125,493.5050048828125,1486,0.0,0.0
2024-05-21 12:30:00-04:00,495.1000061035156,495.4100036621094,495.1000061035156,495.375,1128,0.0,0.0
2024-05-21 13:30:00-04:00,494.6400146484375,494.6400146484375,491.135009765625,491.135009765625,3659,0.0,0.0
2024-05-21 14:30:00-04:00,493.3999938964844,493.69000244140625,493.3999938964844,493.69000244140625,3504,0.0,0.0
2024-05-21 15:30:00-04:00,493.0299987792969,494.0400085449219,491.75,493.2900085449219,7761,0.0,0.0
2024-05-22 09:30:00-04:00,490.010009765625,493.94000244140625,490.0,493.94000244140625,5932,0.0,0.0
2024-05-22 10:30:00-04:00,492.6000061035156,493.20001220703125,492.6000061035156,493.20001220703125,1807,0.0,0.0
2024-05-22 11:30:00-04:00,490.010009765625,491.510009765625,490.0,491.510009765625,10189,0.0,0.0
2024-05-22 12:30:00-04:00,490.6700134277344,490.7099914550781,490.0,490.2349853515625,6686,0.0,0.0
2024-05-22 13:30:00-04:00,490.0,490.0,485.20001220703125,486.3900146484375,3627,0.0,0.0
2024-05-22 14:30:00-04:00,486.07000732421875,487.0,486.07000732421875,487.0,2473,0.0,0.0
2024-05-22 15:30:00-04:00,485.9649963378906,486.3399963378906,484.5,486.3399963378906,9431,0.0,0.0
2024-05-23 09:30:00-04:00,484.510009765625,484.510009765625,479.7300109863281,479.7300109863281,7268,0.0,0.0
2024-05-23 10:30:00-04:00,479.1300048828125,480.9750061035156,479.1300048828125,480.9750061035156,5577,0.0,0.0
2024-05-23 11:30:00-04:00,480.6099853515625,480.6099853515625,480.6099853515625,480.6099853515625,2295,0.0,0.0
2024-05-23 12:30:00-04:00,478.8299865722656,480.0199890136719,478.8299865722656,480.0199890136719,1269,0.0,0.0
2024-05-23 13:30:00-04:00,479.697998046875,480.8599853515625,473.70001220703125,476.2749938964844,8350,0.0,0.0
2024-05-23 14:30:00-04:00,474.70001220703125,474.70001220703125,473.9501037597656,473.9501037597656,2703,0.0,0.0
2024-05-23 15:30:00-04:00,475.3699951171875,478.260009765625,475.3699951171875,476.010009765625,9172,0.0,0.0
2024-05-24 09:30:00-04:00,478.0,478.0,478.0,478.0,2448,0.0,0.0
2024-05-24 11:30:00-04:00,481.55999755859375,481.55999755859375,481.44000244140625,481.44000244140625,594,0.0,0.0
2024-05-24 12:30:00-04:00,480.8949890136719,481.42999267578125,480.8949890136719,481.42999267578125,4527,0.0,0.0
2024-05-24 13:30:00-04:00,480.3900146484375,481.04998779296875,480.010009765625,480.07000732421875,2080,0.0,0.0
2024-05-24 14:30:00-04:00,480.7900085449219,481.07000732421875,480.6000061035156,480.8500061035156,2599,0.0,0.0
2024-05-24 15:30:00-04:00,481.3999938964844,482.19000244140625,480.4599914550781,481.0299987792969,6864,0.0,0.0
2024-05-28 09:30:00-04:00,484.0400085449219,487.9200134277344,484.0400085449219,487.9200134277344,4290,0.0,0.0
2024-05-28 10:30:00-04:00,488.9800109863281,492.1499938964844,488.9200134277344,492.1499938964844,2846,0.0,0.0
2024-05-28 11:30:00-04:00,493.2300109863281,493.2300109863281,490.0950012207031,490.0950012207031,3587,0.0,0.0
2024-05-28 12:30:00-04:00,489.92498779296875,490.54998779296875,488.7237854003906,490.54998779296875,2720,0.0,0.0
2024-05-28 13:30:00-04:00,489.5950012207031,490.2900085449219,488.57000732421875,489.1499938964844,3564,0.0,0.0
2024-05-28 14:30:00-04:00,488.05999755859375,488.9549865722656,486.9599914550781,488.54998779296875,3945,0.0,0.0
2024-05-28 15:30:00-04:00,488.5050048828125,488.5050048828125,485.1000061035156,486.2099914550781,11738,0.0,0.0
2024-05-29 09:30:00-04:00,481.92999267578125,482.2200012207031,481.4100036621094,481.4100036621094,4702,0.0,0.0
2024-05-29 10:30:00-04:00,479.2699890136719,480.614990234375,478.5299987792969,480.04998779296875,3801,0.0,0.0
2024-05-29 11:30:00-04:00,479.8800048828125,480.20001220703125,479.17999267578125,479.5849914550781,3116,0.0,0.0
2024-05-29 12:30:00-04:00,478.3800048828125,478.9403991699219,477.6000061035156,477.6000061035156,3176,0.0,0.0
2024-05-29 13:30:00-04:00,479.8399963378906,479.8399963378906,477.3999938964844,477.3999938964844,3834,0.0,0.0
2024-05-29 15:30:00-04:00,479.2200012207031,479.2200012207031,477.67999267578125,477.67999267578125,2773,0.0,0.0
2024-05-30 09:30:00-04:00,480.239990234375,484.0299987792969,480.239990234375,483.4800109863281,0,0.0,0.0
2024-05-30 10:30:00-04:00,485.1700134277344,491.19000244140625,485.1700134277344,491.19000244140625,2276,0.0,0.0
2024-05-30 11:30:00-04:00,491.29998779296875,491.29998779296875,489.94000244140625,489.94000244140625,4020,0.0,0.0
2024-05-30 13:30:00-04:00,489.6300048828125,489.6300048828125,489.6300048828125,489.6300048828125,607,0.0,0.0
2024-05-30 14:30:00-04:00,490.17999267578125,490.94000244140625,488.25,488.45001220703125,6371,0.0,0.0
2024-05-30 15:30:00-04:00,485.8800048828125,487.5,485.8800048828125,487.3900146484375,4676,0.0,0.0
2024-05-31 09:30:00-04:00,488.5,488.6000061035156,481.260009765625,481.260009765625,3710,0.0,0.0
2024-05-31 10:30:00-04:00,481.739990234375,483.0,480.30999755859375,483.0,6285,0.0,0.0
2024-05-31 11:30:00-04:00,483.0,483.0,483.0,483.0,474,0.0,0.0
2024-05-31 12:30:00-04:00,483.6400146484375,487.8699951171875,483.6400146484375,487.8699951171875,6007,0.0,0.0
2024-05-31 15:30:00-04:00,488.1199951171875,490.69000244140625,488.1199951171875,490.20001220703125,4655,0.0,0.0
2024-06-03 09:30:00-04:00,494.3500061035156,494.3500061035156,486.0849914550781,488.56500244140625,5508,0.0,0.0
2024-06-03 10:30:00-04:00,486.5799865722656,486.6000061035156,486.5799865722656,486.6000061035156,799,0.0,0.0
2024-06-03 11:30:00-04:00,486.1400146484375,486.1400146484375,482.885009765625,483.7099914550781,2777,0.0,0.0
2024-06-03 12:30:00-04:00,484.29998779296875,484.6499938964844,483.82000732421875,483.82000732421875,2000,0.0,0.0
2024-06-03 13:30:00-04:00,483.4549865722656,485.42999267578125,483.4549865722656,485.42999267578125,3811,0.0,0.0
2024-06-03 14:30:00-04:00,486.6099853515625,486.6099853515625,486.6099853515625,486.6099853515625,2067,0.0,0.0
2024-06-03 15:30:00-04:00,486.69000244140625,486.95001220703125,485.44500732421875,486.7799987792969,10789,0.0,0.0
2024-06-04 09:30:00-04:00,485.489990234375,486.7099914550781,483.07000732421875,486.7099914550781,3095,0.0,0.0
2024-06-04 10:30:00-04:00,483.2099914550781,484.010009765625,482.29998779296875,484.010009765625,2871,0.0,0.0
2024-06-04 11:30:00-04:00,484.45001220703125,484.45001220703125,483.010009765625,483.010009765625,2391,0.0,0.0
2024-06-04 12:30:00-04:00,484.0400085449219,484.0400085449219,483.1050109863281,483.1050109863281,1844,0.0,0.0
2024-06-04 13:30:00-04:00,483.1300048828125,485.4599914550781,482.04998779296875,485.4599914550781,3064,0.0,0.0
2024-06-04 14:30:00-04:00,485.95001220703125,487.04998779296875,485.95001220703125,487.04998779296875,3181,0.0,0.0
2024-06-04 15:30:00-04:00,487.8599853515625,488.0,485.7200012207031,485.7200012207031,7305,0.0,0.0
2024-06-05 09:30:00-04:00,487.67999267578125,487.70001220703125,485.0470886230469,486.3599853515625,2518,0.0,0.0
2024-06-05 10:30:00-04:00,488.510009765625,488.510009765625,486.95001220703125,487.9750061035156,2128,0.0,0.0
2024-06-05 11:30:00-04:00,487.8900146484375,488.0,487.0609130859375,487.4599914550781,2814,0.0,0.0
2024-06-05 12:30:00-04:00,489.010009765625,489.2300109863281,489.010009765625,489.2300109863281,955,0.0,0.0
2024-06-05 13:30:00-04:00,490.0400085449219,491.989990234375,489.0,491.989990234375,3003,0.0,0.0
2024-06-05 14:30:00-04:00,492.0,493.07000732421875,492.0,493.0299987792969,3647,0.0,0.0
2024-06-05 15:30:00-04:00,494.0,496.30999755859375,494.0,494.2799987792969,10898,0.0,0.0
2024-06-06 09:30:00-04:00,492.05999755859375,492.94000244140625,486.3500061035156,487.3699951171875,8746,0.0,0.0
2024-06-06 10:30:00-04:00,488.3500061035156,489.0,486.8500061035156,488.0,4087,0.0,0.0
2024-06-06 11:30:00-04:00,486.9150085449219,488.0928039550781,484.7699890136719,484.94500732421875,6827,0.0,0.0
2024-06-06 12:30:00-04:00,485.6000061035156,487.05499267578125,485.6000061035156,487.05499267578125,1763,0.0,0.0
2024-06-06 13:30:00-04:00,487.239990234375,488.2749938964844,485.2300109863281,485.2300109863281,1981,0.0,0.0
2024-06-06 14:30:00-04:00,485.04998779296875,485.7250061035156,484.3699951171875,484.3699951171875,4375,0.0,0.0
2024-06-06 15:30:00-04:00,484.6199951171875,486.0,484.29998779296875,485.30999755859375,6103,0.0,0.0
2024-06-07 09:30:00-04:00,481.4599914550781,485.80999755859375,478.32000732421875,478.32000732421875,5656,0.0,0.0
2024-06-07 10:30:00-04:00,477.0,479.79998779296875,477.0,477.0849914550781,3425,0.0,0.0
2024-06-07 11:30:00-04:00,476.739990234375,480.7049865722656,476.739990234375,480.7049865722656,6740,0.0,0.0
2024-06-07 12:30:00-04:00,480.0,480.7300109863281,477.80999755859375,479.5611877441406,4272,0.0,0.0
2024-06-07 13:30:00-04:00,479.6700134277344,480.1000061035156,477.19000244140625,477.30999755859375,3705,0.0,0.0
2024-06-07 14:30:00-04:00,477.9549865722656,478.5799865722656,476.69000244140625,478.5799865722656,3754,0.0,0.0
2024-06-07 15:30:00-04:00,478.7749938964844,480.0199890136719,477.5899963378906,480.0199890136719,5759,0.0,0.0
2024-06-10 09:30:00-04:00,475.6000061035156,479.1400146484375,472.4549865722656,474.0350036621094,5649,0.0,0.0
2024-06-10 10:30:00-04:00,470.375,475.2950134277344,470.375,475.2950134277344,3425,0.0,0.0
2024-06-10 11:30:00-04:00,474.3800048828125,474.3800048828125,472.3299865722656,473.6600036621094,2515,0.0,0.0
2024-06-10 12:30:00-04:00,472.1050109863281,472.739990234375,471.18499755859375,472.739990234375,3504,0.0,0.0
2024-06-10 13:30:00-04:00,474.010009765625,474.7200012207031,474.010009765625,474.3999938964844,4333,0.0,0.0
2024-06-10 14:30:00-04:00,474.9200134277344,475.54998779296875,474.6449890136719,475.54998779296875,3774,0.0,0.0
2024-06-10 15:30:00-04:00,474.80999755859375,475.4800109863281,474.2699890136719,474.739990234375,3375,0.0,0.0
2024-06-11 09:30:00-04:00,471.19000244140625,471.19000244140625,469.19000244140625,470.0350036621094,3507,0.0,0.0
2024-06-11 10:30:00-04:00,469.4200134277344,473.1600036621094,469.4200134277344,472.4200134277344,1992,0.0,0.0
2024-06-11 11:30:00-04:00,473.875,475.2850036621094,473.875,474.30499267578125,1944,0.0,0.0
2024-06-11 12:30:00-04:00,475.20001220703125,475.20001220703125,472.6050109863281,472.75,2063,0.0,0.0
2024-06-11 13:30:00-04:00,471.8500061035156,471.8500061035156,471.5050048828125,471.5050048828125,2009,0.0,0.0
2024-06-11 14:30:00-04:00,471.1050109863281,471.7200012207031,470.8299865722656,470.8299865722656,3142,0.0,0.0
2024-06-11 15:30:00-04:00,470.9750061035156,472.239990234375,470.6000061035156,470.6000061035156,9302,0.0,0.0
2024-06-12 09:30:00-04:00,480.7799987792969,487.9549865722656,480.7799987792969,487.9549865722656,7247,0.0,0.0
2024-06-12 10:30:00-04:00,486.0400085449219,486.0400085449219,486.0400085449219,486.0400085449219,4582,0.0,0.0
2024-06-12 12:30:00-04:00,485.1600036621094,485.1600036621094,485.1600036621094,485.1600036621094,302,0.0,0.0
2024-06-12 13:30:00-04:00,484.5950012207031,485.3699951171875,484.4549865722656,484.4549865722656,3944,0.0,0.0
2024-06-12 14:30:00-04:00,485.8599853515625,486.9200134277344,482.690185546875,482.690185546875,5074,0.0,0.0
2024-06-12 15:30:00-04:00,482.885009765625,484.0199890136719,480.635009765625,480.635009765625,7229,0.0,0.0
2024-06-13 09:30:00-04:00,477.9800109863281,477.9800109863281,473.4800109863281,473.4800109863281,5648,0.0,0.0
2024-06-13 10:30:00-04:00,476.010009765625,476.010009765625,471.4849853515625,472.05999755859375,5448,0.0,0.0
2024-06-13 11:30:00-04:00,475.3999938964844,476.2449951171875,472.5150146484375,472.5150146484375,2687,0.0,0.0
2024-06-13 12:30:00-04:00,475.2099914550781,475.9849853515625,475.2099914550781,475.9849853515625,2698,0.0,0.0
2024-06-13 13:30:00-04:00,476.94500732421875,477.06500244140625,476.94500732421875,477.06500244140625,1583,0.0,0.0
2024-06-13 14:30:00-04:00,479.69500732421875,480.510009765625,478.70001220703125,478.70001220703125,2342,0.0,0.0
2024-06-13 15:30:00-04:00,478.260009765625,478.2699890136719,474.635009765625,475.010009765625,9971,0.0,0.0
2024-06-14 09:30:00-04:00,468.19000244140625,473.0,465.6061096191406,466.93499755859375,8258,0.0,0.0
2024-06-14 10:30:00-04:00,466.5899963378906,468.0,465.4700012207031,466.489990234375,8005,0.0,0.0
2024-06-14 11:30:00-04:00,465.05499267578125,466.3999938964844,465.05499267578125,465.614990234375,5126,0.0,0.0
2024-06-14 12:30:00-04:00,466.0,469.343505859375,466.0,469.343505859375,7660,0.0,0.0
2024-06-14 13:30:00-04:00,467.625,469.0,467.57501220703125,468.55999755859375,6827,0.0,0.0
2024-06-14 14:30:00-04:00,467.8999938964844,469.8800048828125,466.8500061035156,469.8800048828125,5340,0.0,0.0
2024-06-14 15:30:00-04:00,467.75,471.1650085449219,467.75,471.1650085449219,11023,0.0,0.0
2024-06-17 09:30:00-04:00,471.5799865722656,471.6000061035156,471.5799865722656,471.6000061035156,2970,0.0,0.0
2024-06-17 10:30:00-04:00,471.989990234375,473.67999267578125,471.989990234375,473.67999267578125,3951,0.0,0.0
2024-06-17 11:30:00-04:00,476.55999755859375,476.55999755859375,476.55999755859375,476.55999755859375,1014,0.0,0.0
2024-06-17 12:30:00-04:00,479.1499938964844,479.1499938964844,479.1499938964844,479.1499938964844,1045,0.0,0.0
2024-06-17 13:30:00-04:00,481.1000061035156,482.2950134277344,481.1000061035156,482.2950134277344,3301,0.0,0.0
2024-06-17 14:30:00-04:00,480.8949890136719,480.8949890136719,478.5199890136719,478.5199890136719,8722,0.0,0.0
2024-06-17 15:30:00-04:00,480.9200134277344,483.510009765625,480.9200134277344,483.510009765625,4809,0.0,0.0
2024-06-18 09:30:00-04:00,485.7178039550781,485.7179870605469,481.80999755859375,484.4700012207031,2245,0.0,0.0
2024-06-18 10:30:00-04:00,482.760009765625,484.2749938964844,482.29998779296875,482.29998779296875,1626,0.0,0.0
2024-06-18 11:30:00-04:00,481.17999267578125,485.8699951171875,481.17999267578125,484.4100036621094,3495,0.0,0.0
2024-06-18 12:30:00-04:00,484.11700439453125,484.11700439453125,481.5299987792969,481.5299987792969,3171,0.0,0.0
2024-06-18 13:30:00-04:00,484.0799865722656,485.20001220703125,483.2099914550781,485.0,2485,0.0,0.0
2024-06-18 14:30:00-04:00,485.19500732421875,486.1199951171875,483.3500061035156,483.375,1509,0.0,0.0
2024-06-18 15:30:00-04:00,482.55999755859375,483.20001220703125,482.4750061035156,482.9800109863281,7425,0.0,0.0
2024-06-20 09:30:00-04:00,481.5799865722656,484.4100036621094,481.5799865722656,484.4100036621094,6098,0.0,0.0
2024-06-20 11:30:00-04:00,482.42999267578125,482.42999267578125,480.375,480.375,1567,0.0,0.0
2024-06-20 12:30:00-04:00,483.7900085449219,483.7900085449219,483.489990234375,483.489990234375,2881,0.0,0.0
2024-06-20 13:30:00-04:00,483.6099853515625,483.6099853515625,483.6099853515625,483.6099853515625,1671,0.0,0.0
2024-06-20 14:30:00-04:00,484.1199951171875,484.1199951171875,484.1199951171875,484.1199951171875,585,0.0,0.0
2024-06-20 15:30:00-04:00,482.82000732421875,485.20001220703125,482.82000732421875,484.260009765625,3348,0.0,0.0
2024-06-21 09:30:00-04:00,484.0,489.1925048828125,482.67498779296875,488.2300109863281,8026,0.0,0.0
2024-06-21 10:30:00-04:00,489.43499755859375,489.43499755859375,487.0356140136719,487.3900146484375,2061,0.0,0.0
2024-06-21 11:30:00-04:00,487.5,487.5,487.5,487.5,251,0.0,0.0
2024-06-21 12:30:00-04:00,487.5,489.4200134277344,487.5,489.4200134277344,1698,0.0,0.0
2024-06-21 13:30:00-04:00,489.010009765625,489.010009765625,487.44000244140625,487.44000244140625,2415,0.0,0.0
2024-06-21 14:30:00-04:00,485.82000732421875,485.82000732421875,484.0950012207031,484.0950012207031,4513,0.0,0.0
2024-06-21 15:30:00-04:00,489.94500732421875,489.94500732421875,487.8399963378906,488.7950134277344,8734,0.0,0.0
2024-06-24 09:30:00-04:00,494.0,494.0,493.125,493.125,2896,0.0,0.0
2024-06-24 10:30:00-04:00,494.5,494.6099853515625,493.8699951171875,494.4949951171875,3370,0.0,0.0
2024-06-24 11:30:00-04:00,494.7900085449219,494.7900085449219,493.8599853515625,493.8599853515625,942,0.0,0.0
2024-06-24 12:30:00-04:00,492.69500732421875,492.7099914550781,491.9849853515625,492.7099914550781,2639,0.0,0.0
2024-06-24 13:30:00-04:00,491.4599914550781,491.4599914550781,491.4599914550781,491.4599914550781,1451,0.0,0.0
2024-06-24 14:30:00-04:00,493.3550109863281,493.3550109863281,490.32000732421875,490.3500061035156,2542,0.0,0.0
2024-06-24 15:30:00-04:00,490.489990234375,491.0,489.989990234375,490.0,4966,0.0,0.0
2024-06-25 09:30:00-04:00,486.2149963378906,488.4599914550781,486.2149963378906,488.4599914550781,3255,0.0,0.0
2024-06-25 10:30:00-04:00,488.55999755859375,488.55999755859375,488.0,488.42999267578125,5305,0.0,0.0
2024-06-25 11:30:00-04:00,487.5,487.5,487.1300048828125,487.1300048828125,4120,0.0,0.0
2024-06-25 12:30:00-04:00,487.67999267578125,488.0799865722656,487.0,488.0799865722656,1326,0.0,0.0
2024-06-25 13:30:00-04:00,487.3999938964844,488.56500244140625,487.3999938964844,488.56500244140625,2499,0.0,0.0
2024-06-25 14:30:00-04:00,487.989990234375,488.70001220703125,487.989990234375,488.13531494140625,3474,0.0,0.0
2024-06-25 15:30:00-04:00,489.71990966796875,491.1199951171875,489.2799987792969,490.2900085449219,7544,0.0,0.0
2024-06-26 09:30:00-04:00,492.94000244140625,492.94000244140625,492.94000244140625,492.94000244140625,3783,0.0,0.0
2024-06-26 10:30:00-04:00,493.42999267578125,495.1300048828125,493.42999267578125,495.1300048828125,2675,0.0,0.0
2024-06-26 11:30:00-04:00,495.625,496.0,495.6099853515625,495.6099853515625,2176,0.0,0.0
2024-06-26 12:30:00-04:00,495.79998779296875,496.5899963378906,494.42999267578125,496.5899963378906,3565,0.0,0.0
2024-06-26 13:30:00-04:00,495.3550109863281,495.3550109863281,495.3550109863281,495.3550109863281,2236,0.0,0.0
2024-06-26 14:30:00-04:00,497.0799865722656,497.0799865722656,496.04998779296875,496.04998779296875,1296,0.0,0.0
2024-06-26 15:30:00-04:00,496.04998779296875,498.0,496.04998779296875,497.6199951171875,10423,0.0,0.0
2024-06-27 09:30:00-04:00,496.7950134277344,496.7950134277344,496.7950134277344,496.7950134277344,2249,0.0,0.0
2024-06-27 10:30:00-04:00,496.20001220703125,497.5799865722656,496.0899963378906,497.5450134277344,3851,0.0,0.0
2024-06-27 11:30:00-04:00,497.5350036621094,498.1400146484375,496.0899963378906,496.0899963378906,4912,0.0,0.0
2024-06-27 12:30:00-04:00,496.489990234375,497.19000244140625,496.4599914550781,496.9599914550781,2402,0.0,0.0
2024-06-27 13:30:00-04:00,497.54998779296875,497.760009765625,497.010009765625,497.010009765625,3516,0.0,0.0
2024-06-27 14:30:00-04:00,496.989990234375,496.989990234375,495.8900146484375,496.6700134277344,4889,0.0,0.0
2024-06-27 15:30:00-04:00,496.739990234375,497.2300109863281,495.6000061035156,495.92999267578125,11930,0.0,0.0
2024-06-28 10:30:00-04:00,506.6400146484375,507.7200012207031,506.6199951171875,507.7200012207031,9920,0.0,0.0
2024-06-28 11:30:00-04:00,509.7300109863281,509.7300109863281,507.4549865722656,507.4549865722656,4041,0.0,0.0
2024-06-28 12:30:00-04:00,508.6000061035156,510.2349853515625,508.6000061035156,510.0,3673,0.0,0.0
2024-06-28 13:30:00-04:00,510.6300048828125,513.7050170898438,510.0,513.52001953125,5268,0.0,0.0
2024-06-28 14:30:00-04:00,512.614990234375,515.1400146484375,512.614990234375,514.905029296875,8265,0.0,0.0
2024-06-28 15:30:00-04:00,513.27001953125,516.5,511.5849914550781,514.5599975585938,23584,0.0,0.0
2024-07-01 09:30:00-04:00,516.5499877929688,520.1599731445312,516.5499877929688,518.6500244140625,7267,0.0,0.0
2024-07-01 10:30:00-04:00,516.5,516.5,514.2750244140625,514.7550048828125,9634,0.0,0.0
2024-07-01 12:30:00-04:00,516.8900146484375,516.8900146484375,516.8900146484375,516.8900146484375,1938,0.0,0.0
2024-07-01 13:30:00-04:00,518.7449951171875,518.7449951171875,516.3200073242188,518.1950073242188,6486,0.0,0.0
2024-07-01 14:30:00-04:00,517.9000244140625,517.9400024414062,516.719970703125,516.719970703125,5266,0.0,0.0
2024-07-01 15:30:00-04:00,517.8800048828125,518.3699951171875,517.4342041015625,517.969970703125,10679,0.0,0.0
2024-07-02 09:30:00-04:00,517.4349975585938,517.6849975585938,514.0,514.5499877929688,20848,0.0,0.0
2024-07-02 10:30:00-04:00,515.9650268554688,516.655029296875,513.6900024414062,516.655029296875,20125,0.0,0.0
2024-07-02 11:30:00-04:00,514.1300048828125,515.97998046875,514.1300048828125,515.5,8264,0.0,0.0
2024-07-02 12:30:00-04:00,522.3499755859375,522.3499755859375,520.1749877929688,520.1749877929688,2586,0.0,0.0
2024-07-02 13:30:00-04:00,518.6864013671875,519.010009765625,518.0399780273438,518.5700073242188,5006,0.0,0.0
2024-07-02 14:30:00-04:00,519.6599731445312,521.7872924804688,519.1599731445312,521.7872924804688,5348,0.0,0.0
2024-07-02 15:30:00-04:00,520.219970703125,522.4500122070312,520.219970703125,522.4500122070312,10555,0.0,0.0
2024-07-03 09:30:00-04:00,523.2899780273438,529.27001953125,521.7100219726562,526.2000122070312,5562,0.0,0.0
2024-07-03 10:30:00-04:00,524.1950073242188,524.1950073242188,522.6900024414062,523.7750244140625,4968,0.0,0.0
2024-07-03 11:30:00-04:00,524.0700073242188,524.7899780273438,520.3099975585938,520.3099975585938,10165,0.0,0.0
2024-07-05 09:30:00-04:00,514.5700073242188,514.5700073242188,514.4949951171875,514.4949951171875,5167,0.0,0.0
2024-07-05 10:30:00-04:00,515.0,515.0,512.3350219726562,512.3350219726562,5225,0.0,0.0
2024-07-05 11:30:00-04:00,512.969970703125,512.969970703125,512.3350219726562,512.3350219726562,2586,0.0,0.0
2024-07-05 12:30:00-04:00,514.3099975585938,514.3099975585938,512.280029296875,513.22998046875,4332,0.0,0.0
2024-07-05 13:30:00-04:00,514.7999877929688,515.6300048828125,514.3599853515625,514.9149780273438,5597,0.0,0.0
2024-07-05 14:30:00-04:00,517.2100219726562,517.2100219726562,517.2100219726562,517.2100219726562,5660,0.0,0.0
2024-07-05 15:30:00-04:00,517.2899780273438,522.25,517.2899780273438,522.0599975585938,15805,0.0,0.0
2024-07-08 09:30:00-04:00,524.0700073242188,524.0700073242188,524.0700073242188,524.0700073242188,2053,0.0,0.0
2024-07-08 10:30:00-04:00,524.4949951171875,525.3460083007812,523.8900146484375,523.8900146484375,3868,0.0,0.0
2024-07-08 12:30:00-04:00,521.6400146484375,522.97998046875,521.6099853515625,522.97998046875,1781,0.0,0.0
2024-07-08 13:30:00-04:00,521.9769897460938,522.47998046875,521.9769897460938,522.47998046875,3468,0.0,0.0
2024-07-08 14:30:00-04:00,521.0599975585938,522.239990234375,520.8099975585938,522.239990234375,3976,0.0,0.0
2024-07-08 15:30:00-04:00,522.0399780273438,523.27001953125,522.0399780273438,522.6400146484375,7349,0.0,0.0
2024-07-09 09:30:00-04:00,524.2999877929688,524.2999877929688,523.3599853515625,523.3599853515625,6180,0.0,0.0
2024-07-09 10:30:00-04:00,524.4949951171875,524.4949951171875,522.385009765625,522.385009765625,1864,0.0,0.0
2024-07-09 11:30:00-04:00,523.1400146484375,525.530029296875,523.1199951171875,524.52001953125,1986,0.0,0.0
2024-07-09 12:30:00-04:00,524.3300170898438,525.4199829101562,524.3300170898438,525.4199829101562,2400,0.0,0.0
2024-07-09 13:30:00-04:00,525.4400024414062,525.4400024414062,525.4400024414062,525.4400024414062,1496,0.0,0.0
2024-07-09 14:30:00-04:00,525.6099853515625,526.010009765625,522.5700073242188,522.5700073242188,3263,0.0,0.0
2024-07-09 15:30:00-04:00,524.2349853515625,524.5,524.2100219726562,524.2100219726562,2928,0.0,0.0
2024-07-10 09:30:00-04:00,525.9000244140625,525.9000244140625,523.6699829101562,523.6699829101562,2287,0.0,0.0
2024-07-10 10:30:00-04:00,524.25,524.25,524.25,524.25,477,0.0,0.0
2024-07-10 11:30:00-04:00,523.6900024414062,523.6900024414062,523.6900024414062,523.6900024414062,1113,0.0,0.0
2024-07-10 12:30:00-04:00,525.1849975585938,525.1849975585938,525.0,525.0,2881,0.0,0.0
2024-07-10 13:30:00-04:00,524.0202026367188,529.97998046875,524.0202026367188,529.864990234375,3389,0.0,0.0
2024-07-10 14:30:00-04:00,531.5050048828125,532.4299926757812,530.5900268554688,532.4299926757812,2687,0.0,0.0
2024-07-10 15:30:00-04:00,531.260009765625,532.4500122070312,531.1900024414062,531.1900024414062,5999,0.0,0.0
2024-07-11 09:30:00-04:00,542.25,555.9299926757812,542.25,555.635009765625,5389,0.0,0.0
2024-07-11 10:30:00-04:00,555.8900146484375,556.489990234375,554.8599853515625,556.489990234375,5358,0.0,0.0
2024-07-11 11:30:00-04:00,555.6099853515625,555.9600219726562,554.35498046875,554.35498046875,2202,0.0,0.0
2024-07-11 12:30:00-04:00,555.3900146484375,555.3900146484375,554.625,554.625,1652,0.0,0.0
2024-07-11 13:30:00-04:00,556.4099731445312,559.8099975585938,555.6799926757812,557.52001953125,7021,0.0,0.0
2024-07-11 14:30:00-04:00,560.094970703125,560.3200073242188,559.0449829101562,559.7000122070312,3572,0.0,0.0
2024-07-11 15:30:00-04:00,560.8800048828125,563.1799926757812,560.3499755859375,561.0499877929688,9408,0.0,0.0
2024-07-12 09:30:00-04:00,567.6799926757812,576.625,567.47998046875,576.625,7887,0.0,0.0
2024-07-12 10:30:00-04:00,576.22998046875,587.0449829101562,576.22998046875,587.0449829101562,11640,0.0,0.0
2024-07-12 11:30:00-04:00,585.4099731445312,590.8699951171875,585.4099731445312,589.510009765625,10697,0.0,0.0
2024-07-12 12:30:00-04:00,589.9000244140625,590.1900024414062,586.6699829101562,588.905029296875,8963,0.0,0.0
2024-07-12 13:30:00-04:00,589.135009765625,590.8200073242188,583.489990234375,583.489990234375,11034,0.0,0.0
2024-07-12 14:30:00-04:00,582.5900268554688,582.5900268554688,581.1300048828125,582.14501953125,3215,0.0,0.0
2024-07-12 15:30:00-04:00,581.5900268554688,582.2650146484375,576.719970703125,576.719970703125,16665,0.0,0.0
2024-07-15 09:30:00-04:00,585.3350219726562,588.5499877929688,585.0,588.5499877929688,6263,0.0,0.0
2024-07-15 10:30:00-04:00,588.4299926757812,592.8099975585938,588.4299926757812,592.6300048828125,8007,0.0,0.0
2024-07-15 11:30:00-04:00,592.239990234375,592.239990234375,591.739990234375,592.030029296875,4406,0.0,0.0
2024-07-15 12:30:00-04:00,586.64501953125,588.0599975585938,585.9199829101562,586.5499877929688,3191,0.0,0.0
2024-07-15 13:30:00-04:00,585.1264038085938,586.989990234375,584.5599975585938,586.989990234375,3356,0.0,0.0
2024-07-15 14:30:00-04:00,586.5850219726562,587.2150268554688,586.5850219726562,587.2150268554688,1655,0.0,0.0
2024-07-15 15:30:00-04:00,586.9500122070312,587.4500122070312,583.2100219726562,584.8200073242188,12553,0.0,0.0
2024-07-16 09:30:00-04:00,586.6900024414062,601.25,586.6900024414062,601.25,9761,0.0,0.0
2024-07-16 10:30:00-04:00,601.635009765625,604.1699829101562,601.1099853515625,604.14501953125,9952,0.0,0.0
2024-07-16 11:30:00-04:00,603.2050170898438,604.969970703125,602.89501953125,603.9849853515625,5077,0.0,0.0
2024-07-16 12:30:00-04:00,604.0900268554688,604.0900268554688,601.4249877929688,603.260009765625,6657,0.0,0.0
2024-07-16 13:30:00-04:00,602.3150024414062,602.3900146484375,601.0,602.0800170898438,3880,0.0,0.0
2024-07-16 14:30:00-04:00,601.2249755859375,608.8699951171875,601.2249755859375,608.8699951171875,19519,0.0,0.0
2024-07-16 15:30:00-04:00,607.717529296875,611.0,607.717529296875,610.9500122070312,14450,0.0,0.0
2024-07-17 09:30:00-04:00,607.3599853515625,614.9550170898438,607.3599853515625,611.4400024414062,5923,0.0,0.0
2024-07-17 10:30:00-04:00,608.5499877929688,608.5800170898438,604.2899780273438,604.2899780273438,6526,0.0,0.0
2024-07-17 11:30:00-04:00,603.7100219726562,605.625,602.6599731445312,603.5,10872,0.0,0.0
2024-07-17 12:30:00-04:00,601.9949951171875,601.9949951171875,601.8900146484375,601.8900146484375,1847,0.0,0.0
2024-07-17 13:30:00-04:00,601.260009765625,601.905029296875,599.719970703125,600.7999877929688,5407,0.0,0.0
2024-07-17 14:30:00-04:00,601.0150146484375,608.760009765625,601.0150146484375,608.760009765625,7626,0.0,0.0
2024-07-17 15:30:00-04:00,608.9349975585938,610.0,607.489990234375,607.489990234375,12700,0.0,0.0
2024-07-18 09:30:00-04:00,606.9500122070312,614.4000244140625,600.530029296875,614.4000244140625,6345,0.0,0.0
2024-07-18 10:30:00-04:00,612.0,613.2000122070312,607.6799926757812,607.6799926757812,3897,0.0,0.0
2024-07-18 11:30:00-04:00,605.4935913085938,605.4935913085938,597.9100952148438,600.3499755859375,5575,0.0,0.0
2024-07-18 12:30:00-04:00,600.0549926757812,601.3800048828125,596.2069702148438,600.0700073242188,5936,0.0,0.0
2024-07-18 13:30:00-04:00,599.0900268554688,599.0900268554688,592.52001953125,592.52001953125,3632,0.0,0.0
2024-07-18 14:30:00-04:00,591.9550170898438,591.9550170898438,588.1400146484375,588.1400146484375,6031,0.0,0.0
2024-07-18 15:30:00-04:00,589.2100219726562,590.5499877929688,588.6900024414062,588.6900024414062,7116,0.0,0.0
2024-07-19 09:30:00-04:00,588.3699951171875,588.3699951171875,584.9500122070312,586.8800048828125,8912,0.0,0.0
2024-07-19 10:30:00-04:00,587.2899780273438,587.2899780273438,584.9600219726562,584.9600219726562,1714,0.0,0.0
2024-07-19 11:30:00-04:00,582.530029296875,586.4099731445312,582.530029296875,585.3099975585938,3764,0.0,0.0
2024-07-19 12:30:00-04:00,584.7899780273438,584.905029296875,582.2650146484375,582.2650146484375,2807,0.0,0.0
2024-07-19 13:30:00-04:00,582.27001953125,590.489990234375,582.27001953125,589.77001953125,7062,0.0,0.0
2024-07-19 14:30:00-04:00,585.4500122070312,585.4500122070312,584.97998046875,585.27001953125,3482,0.0,0.0
2024-07-19 15:30:00-04:00,583.9000244140625,583.9000244140625,581.3400268554688,582.3300170898438,8727,0.0,0.0
2024-07-22 09:30:00-04:00,583.7899780273438,583.7899780273438,569.7849731445312,570.0999755859375,11324,0.0,0.0
2024-07-22 10:30:00-04:00,566.6199951171875,567.7750244140625,565.97998046875,565.97998046875,5089,0.0,0.0
2024-07-22 11:30:00-04:00,565.0,569.364990234375,565.0,569.0,6215,0.0,0.0
2024-07-22 12:30:00-04:00,569.510009765625,572.0,569.0,571.7208251953125,5095,0.0,0.0
2024-07-22 13:30:00-04:00,572.0,572.760009765625,572.0,572.760009765625,4626,0.0,0.0
2024-07-22 14:30:00-04:00,570.1198120117188,571.405029296875,568.9600219726562,569.0,6683,0.0,0.0
2024-07-22 15:30:00-04:00,569.6599731445312,571.0,569.0,569.530029296875,14346,0.0,0.0
2024-07-23 09:30:00-04:00,566.3099975585938,568.8350219726562,563.2000122070312,564.7899780273438,12438,0.0,0.0
2024-07-23 10:30:00-04:00,566.2999877929688,566.2999877929688,566.2999877929688,566.2999877929688,4749,0.0,0.0
2024-07-23 11:30:00-04:00,565.094970703125,565.094970703125,563.6599731445312,563.6599731445312,2845,0.0,0.0
2024-07-23 12:30:00-04:00,562.989990234375,565.0,562.989990234375,565.0,6191,0.0,0.0
2024-07-23 13:30:00-04:00,565.0,565.0,565.0,565.0,1329,0.0,0.0
2024-07-23 14:30:00-04:00,565.0,565.8300170898438,562.8099975585938,562.8099975585938,4613,0.0,0.0
2024-07-23 15:30:00-04:00,563.0399780273438,563.4949951171875,558.3300170898438,558.3300170898438,12496,0.0,0.0
2024-07-24 09:30:00-04:00,556.27001953125,559.9600219726562,551.469970703125,553.4349975585938,5650,0.0,0.0
2024-07-24 10:30:00-04:00,555.0,557.5549926757812,553.5,556.6900024414062,5293,0.0,0.0
2024-07-24 11:30:00-04:00,556.4099731445312,556.4099731445312,553.9400024414062,554.2550048828125,3814,0.0,0.0
2024-07-24 12:30:00-04:00,554.7899780273438,557.4400024414062,553.8150024414062,554.25,7224,0.0,0.0
2024-07-24 13:30:00-04:00,553.4400024414062,553.9600219726562,550.6500244140625,550.85498046875,6521,0.0,0.0
2024-07-24 14:30:00-04:00,548.6699829101562,552.9299926757812,548.6699829101562,551.2000122070312,7392,0.0,0.0
2024-07-24 15:30:00-04:00,551.969970703125,553.02001953125,549.0150146484375,550.0700073242188,20481,0.0,0.0
2024-07-25 09:30:00-04:00,552.219970703125,558.1599731445312,551.9500122070312,556.8099975585938,0,0.0,0.0
2024-07-25 10:30:00-04:00,555.4000244140625,556.9000244140625,553.6500244140625,554.75,15582,0.0,0.0
2024-07-25 11:30:00-04:00,555.4299926757812,566.135009765625,555.0050048828125,565.77001953125,11418,0.0,0.0
2024-07-25 12:30:00-04:00,566.510009765625,572.6099853515625,566.510009765625,571.4749755859375,6806,0.0,0.0
2024-07-25 13:30:00-04:00,569.2750244140625,569.5850219726562,566.8350219726562,567.2100219726562,2440,0.0,0.0
2024-07-25 14:30:00-04:00,568.2999877929688,573.0999755859375,567.3800048828125,573.0999755859375,7248,0.0,0.0
2024-07-25 15:30:00-04:00,573.1300048828125,574.9500122070312,571.760009765625,573.7000122070312,22631,0.0,0.0
2024-07-26 09:30:00-04:00,580.0,580.2999877929688,565.9000244140625,565.9000244140625,10527,0.0,0.0
2024-07-26 10:30:00-04:00,563.260009765625,563.780029296875,562.75,562.75,4145,0.0,0.0
2024-07-26 11:30:00-04:00,565.2949829101562,572.1749877929688,565.0900268554688,572.1749877929688,3534,0.0,0.0
2024-07-26 12:30:00-04:00,572.7100219726562,573.4600219726562,572.7100219726562,573.4600219726562,3394,0.0,0.0
2024-07-26 13:30:00-04:00,571.5499877929688,573.0650024414062,571.5499877929688,573.0650024414062,4468,0.0,0.0
2024-07-26 14:30:00-04:00,571.8699951171875,572.0399780273438,571.8699951171875,572.0399780273438,3834,0.0,0.0
2024-07-26 15:30:00-04:00,570.8300170898438,573.4600219726562,570.3499755859375,573.4600219726562,10283,0.0,0.0
2024-07-29 09:30:00-04:00,571.3599853515625,571.3599853515625,564.3300170898438,564.3300170898438,7501,0.0,0.0
2024-07-29 10:30:00-04:00,559.375,563.6400146484375,559.375,563.6400146484375,5026,0.0,0.0
2024-07-29 11:30:00-04:00,566.5,566.5,566.5,566.5,1208,0.0,0.0
2024-07-29 12:30:00-04:00,566.219970703125,566.7150268554688,566.219970703125,566.7150268554688,4154,0.0,0.0
2024-07-29 13:30:00-04:00,562.6892700195312,562.6892700195312,562.6892700195312,562.6892700195312,2150,0.0,0.0
2024-07-29 14:30:00-04:00,564.3300170898438,565.5700073242188,564.0499877929688,565.5700073242188,3989,0.0,0.0
2024-07-29 15:30:00-04:00,566.5349731445312,567.6400146484375,566.5349731445312,567.6400146484375,5544,0.0,0.0
2024-07-30 09:30:00-04:00,569.8099975585938,571.6199951171875,567.5999755859375,570.4099731445312,7614,0.0,0.0
2024-07-30 10:30:00-04:00,574.530029296875,574.530029296875,574.489990234375,574.489990234375,2547,0.0,0.0
2024-07-30 11:30:00-04:00,579.3900146484375,579.3900146484375,579.1834716796875,579.1834716796875,2516,0.0,0.0
2024-07-30 12:30:00-04:00,581.8699951171875,581.8699951171875,579.4299926757812,579.4299926757812,2534,0.0,0.0
2024-07-30 13:30:00-04:00,579.6099853515625,584.655029296875,579.6099853515625,584.47998046875,4579,0.0,0.0
2024-07-30 14:30:00-04:00,584.6699829101562,585.2650146484375,582.5999755859375,584.0700073242188,3852,0.0,0.0
2024-07-30 15:30:00-04:00,583.719970703125,583.7349853515625,579.4249877929688,580.2999877929688,12518,0.0,0.0
2024-07-31 09:30:00-04:00,590.5,590.5,565.3300170898438,568.9000244140625,12887,0.0,0.0
2024-07-31 10:30:00-04:00,569.5499877929688,569.5499877929688,566.1599731445312,567.0,9036,0.0,0.0
2024-07-31 11:30:00-04:00,565.6199951171875,571.280029296875,565.6199951171875,569.5449829101562,9099,0.0,0.0
2024-07-31 12:30:00-04:00,570.5499877929688,571.7000122070312,570.219970703125,570.5549926757812,3956,0.0,0.0
2024-07-31 13:30:00-04:00,569.4550170898438,571.8798828125,567.3099975585938,571.8798828125,3685,0.0,0.0
2024-07-31 14:30:00-04:00,572.27001953125,578.7100219726562,571.8699951171875,576.2949829101562,8179,0.0,0.0
2024-07-31 15:30:00-04:00,575.1599731445312,579.0599975585938,573.2000122070312,575.52001953125,14871,0.0,0.0
2024-08-01 09:30:00-04:00,525.0,540.4299926757812,513.2550048828125,517.5,43461,0.0,0.0
2024-08-01 10:30:00-04:00,523.3499755859375,530.3099975585938,488.7099914550781,495.20001220703125,49178,0.0,0.0
2024-08-01 11:30:00-04:00,495.1199951171875,500.6700134277344,492.04998779296875,500.6700134277344,23016,0.0,0.0
2024-08-01 12:30:00-04:00,500.5199890136719,500.7799987792969,493.4800109863281,497.635009765625,26932,0.0,0.0
2024-08-01 13:30:00-04:00,496.989990234375,498.32000732421875,493.07000732421875,497.70098876953125,18873,0.0,0.0
2024-08-01 14:30:00-04:00,496.9750061035156,498.5400085449219,490.6499938964844,490.6499938964844,34296,0.0,0.0
2024-08-01 15:30:00-04:00,490.6199951171875,490.989990234375,487.3399963378906,489.6199951171875,30816,0.0,0.0
2024-08-02 09:30:00-04:00,483.1199951171875,488.6968078613281,469.2699890136719,473.07000732421875,20829,0.0,0.0
2024-08-02 10:30:00-04:00,477.45001220703125,477.45001220703125,472.3500061035156,475.05999755859375,15716,0.0,0.0
2024-08-02 11:30:00-04:00,475.05999755859375,480.5899963378906,475.05999755859375,480.5400085449219,7509,0.0,0.0
2024-08-02 12:30:00-04:00,480.3599853515625,480.864990234375,475.0,475.7099914550781,16828,0.0,0.0
2024-08-02 13:30:00-04:00,475.0299987792969,479.07000732421875,475.0299987792969,479.0,6880,0.0,0.0
2024-08-02 14:30:00-04:00,479.2799987792969,480.6000061035156,477.5199890136719,477.55999755859375,10874,0.0,0.0
2024-08-02 15:30:00-04:00,476.8349914550781,481.1199951171875,476.6600036621094,480.57000732421875,26398,0.0,0.0
2024-08-05 09:30:00-04:00,471.6300048828125,475.9200134277344,470.4800109863281,475.9200134277344,7952,0.0,0.0
2024-08-05 10:30:00-04:00,476.5,481.5849914550781,476.2300109863281,481.510009765625,4840,0.0,0.0
2024-08-05 11:30:00-04:00,482.9599914550781,485.79998779296875,481.3949890136719,482.1000061035156,4523,0.0,0.0
2024-08-05 12:30:00-04:00,480.5799865722656,480.6499938964844,477.8299865722656,480.6499938964844,2683,0.0,0.0
2024-08-05 13:30:00-04:00,480.2449951171875,481.885009765625,480.2449951171875,481.1400146484375,2926,0.0,0.0
2024-08-05 14:30:00-04:00,475.0,477.8900146484375,473.3299865722656,474.8450012207031,12713,0.0,0.0
2024-08-05 15:30:00-04:00,474.7449951171875,474.7449951171875,472.04998779296875,474.44500732421875,15413,0.0,0.0
2024-08-06 09:30:00-04:00,475.3800048828125,484.5050048828125,471.8599853515625,477.3599853515625,16826,0.0,0.0
2024-08-06 10:30:00-04:00,479.32000732421875,479.3399963378906,473.32000732421875,474.45001220703125,9666,0.0,0.0
2024-08-06 11:30:00-04:00,474.18499755859375,475.94000244140625,472.2349853515625,474.1650085449219,4817,0.0,0.0
2024-08-06 12:30:00-04:00,474.1549987792969,475.7900085449219,474.114990234375,474.56500244140625,3690,0.0,0.0
2024-08-06 13:30:00-04:00,475.8500061035156,476.2099914550781,474.17498779296875,474.17498779296875,2603,0.0,0.0
2024-08-06 14:30:00-04:00,473.92498779296875,474.7799987792969,468.9150085449219,474.7349853515625,16419,0.0,0.0
2024-08-06 15:30:00-04:00,473.8999938964844,474.7699890136719,470.010009765625,470.010009765625,22308,0.0,0.0
2024-08-07 09:30:00-04:00,473.8900146484375,476.4700012207031,473.25,473.5899963378906,5777,0.0,0.0
2024-08-07 10:30:00-04:00,476.1300048828125,476.2349853515625,473.989990234375,473.989990234375,2222,0.0,0.0
2024-08-07 11:30:00-04:00,473.67498779296875,474.4100036621094,471.8699951171875,474.4100036621094,3257,0.0,0.0
2024-08-07 12:30:00-04:00,473.6000061035156,474.739990234375,470.7950134277344,472.1499938964844,7180,0.0,0.0
2024-08-07 13:30:00-04:00,473.05499267578125,473.260009765625,461.94000244140625,461.94000244140625,6105,0.0,0.0
2024-08-07 14:30:00-04:00,461.45001220703125,463.25,461.45001220703125,463.2349853515625,4410,0.0,0.0
2024-08-07 15:30:00-04:00,462.79998779296875,463.9649963378906,457.9700012207031,458.0400085449219,16507,0.0,0.0
2024-08-08 09:30:00-04:00,463.3900146484375,465.1199951171875,463.0,465.1199951171875,5141,0.0,0.0
2024-08-08 10:30:00-04:00,465.0,465.25,463.1099853515625,463.19000244140625,9023,0.0,0.0
2024-08-08 11:30:00-04:00,471.4649963378906,471.4649963378906,467.6400146484375,467.6400146484375,1952,0.0,0.0
2024-08-08 12:30:00-04:00,466.760009765625,467.2300109863281,466.760009765625,467.2300109863281,1933,0.0,0.0
2024-08-08 13:30:00-04:00,468.760009765625,468.760009765625,468.06500244140625,468.2099914550781,2086,0.0,0.0
2024-08-08 14:30:00-04:00,468.3900146484375,468.3900146484375,465.95001220703125,465.95001220703125,3183,0.0,0.0
2024-08-08 15:30:00-04:00,465.30499267578125,466.489990234375,462.2099914550781,462.70001220703125,8840,0.0,0.0
2024-08-09 09:30:00-04:00,461.0199890136719,463.9599914550781,461.0199890136719,463.9599914550781,5910,0.0,0.0
2024-08-09 10:30:00-04:00,464.3800048828125,464.5849914550781,464.0899963378906,464.5849914550781,1977,0.0,0.0
2024-08-09 11:30:00-04:00,460.3882141113281,460.3882141113281,459.0,459.0,2364,0.0,0.0
2024-08-09 12:30:00-04:00,461.489990234375,461.489990234375,461.489990234375,461.489990234375,528,0.0,0.0
2024-08-09 13:30:00-04:00,460.4599914550781,460.4599914550781,460.4599914550781,460.4599914550781,745,0.0,0.0
2024-08-09 14:30:00-04:00,462.2799987792969,462.3900146484375,458.3800048828125,459.2900085449219,5924,0.0,0.0
2024-08-09 15:30:00-04:00,459.0,460.92498779296875,457.44500732421875,458.30999755859375,17906,0.0,0.0
2024-08-12 09:30:00-04:00,459.0299987792969,459.7250061035156,455.2900085449219,455.67999267578125,5651,0.0,0.0
2024-08-12 10:30:00-04:00,455.0,455.6300048828125,450.0,450.0,2961,0.0,0.0
2024-08-12 11:30:00-04:00,449.885009765625,451.5299987792969,445.6400146484375,447.1099853515625,14338,0.0,0.0
2024-08-12 12:30:00-04:00,445.2650146484375,447.7099914550781,445.2650146484375,447.7099914550781,5960,0.0,0.0
2024-08-12 13:30:00-04:00,449.6300048828125,449.6300048828125,448.1000061035156,448.1000061035156,2606,0.0,0.0
2024-08-12 14:30:00-04:00,447.3450012207031,447.3450012207031,443.5299987792969,445.68499755859375,4853,0.0,0.0
2024-08-12 15:30:00-04:00,445.9200134277344,445.9200134277344,441.8349914550781,443.0950012207031,14476,0.0,0.0
2024-08-13 09:30:00-04:00,444.17999267578125,446.8299865722656,442.43499755859375,442.43499755859375,6274,0.0,0.0
2024-08-13 10:30:00-04:00,444.4200134277344,446.3949890136719,444.4200134277344,446.3949890136719,2644,0.0,0.0
2024-08-13 11:30:00-04:00,446.5899963378906,446.93499755859375,446.5899963378906,446.75,2446,0.0,0.0
2024-08-13 12:30:00-04:00,446.385009765625,446.9100036621094,445.9949951171875,445.9949951171875,3199,0.0,0.0
2024-08-13 13:30:00-04:00,445.32000732421875,445.32000732421875,445.32000732421875,445.32000732421875,2037,0.0,0.0
2024-08-13 14:30:00-04:00,446.5,450.07000732421875,445.5950012207031,450.07000732421875,11678,0.0,0.0
2024-08-13 15:30:00-04:00,449.4800109863281,450.43499755859375,447.6050109863281,449.8500061035156,12728,0.0,0.0
2024-08-14 09:30:00-04:00,452.92999267578125,452.92999267578125,452.489990234375,452.489990234375,2363,0.0,0.0
2024-08-14 10:30:00-04:00,452.44500732421875,452.44500732421875,451.364990234375,451.364990234375,2765,0.0,0.0
2024-08-14 12:30:00-04:00,445.0,446.9700012207031,445.0,446.9700012207031,2511,0.0,0.0
2024-08-14 13:30:00-04:00,447.19000244140625,447.19000244140625,447.19000244140625,447.19000244140625,1474,0.0,0.0
2024-08-14 14:30:00-04:00,446.30499267578125,446.489990234375,444.5350036621094,444.8500061035156,4144,0.0,0.0
2024-08-14 15:30:00-04:00,446.0199890136719,446.0199890136719,443.5799865722656,443.5799865722656,9030,0.0,0.0
2024-08-15 09:30:00-04:00,455.6400146484375,458.3699951171875,453.760009765625,454.3299865722656,5708,0.0,0.0
2024-08-15 10:30:00-04:00,453.8800048828125,455.6000061035156,453.25,455.3450012207031,4548,0.0,0.0
2024-08-15 11:30:00-04:00,456.7799987792969,458.0,454.7799987792969,454.7799987792969,4692,0.0,0.0
2024-08-15 12:30:00-04:00,454.260009765625,454.260009765625,452.17498779296875,453.55999755859375,1961,0.0,0.0
2024-08-15 13:30:00-04:00,452.67498779296875,455.5400085449219,451.82501220703125,454.0899963378906,10043,0.0,0.0
2024-08-15 14:30:00-04:00,453.2149963378906,454.5249938964844,452.8800048828125,453.94000244140625,5916,0.0,0.0
2024-08-15 15:30:00-04:00,454.0,455.7062072753906,453.9849853515625,454.82000732421875,10221,0.0,0.0
2024-08-16 09:30:00-04:00,457.4200134277344,459.5199890136719,451.04998779296875,451.04998779296875,4192,0.0,0.0
2024-08-16 10:30:00-04:00,452.44000244140625,453.9200134277344,452.44000244140625,453.9200134277344,2562,0.0,0.0
2024-08-16 11:30:00-04:00,453.94000244140625,453.94000244140625,452.489990234375,452.489990234375,1787,0.0,0.0
2024-08-16 12:30:00-04:00,453.29998779296875,455.239990234375,453.29998779296875,455.19500732421875,3217,0.0,0.0
2024-08-16 13:30:00-04:00,455.7950134277344,458.2300109863281,455.239990234375,456.70001220703125,8888,0.0,0.0
2024-08-16 14:30:00-04:00,454.2099914550781,455.6050109863281,454.20001220703125,455.6050109863281,12025,0.0,0.0
2024-08-16 15:30:00-04:00,456.9200134277344,458.9200134277344,456.4700012207031,458.9200134277344,8796,0.0,0.0
2024-08-19 09:30:00-04:00,461.9700012207031,461.9700012207031,461.9700012207031,461.9700012207031,2955,0.0,0.0
2024-08-19 10:30:00-04:00,463.989990234375,464.19000244140625,463.989990234375,464.19000244140625,2616,0.0,0.0
2024-08-19 11:30:00-04:00,462.82501220703125,462.82501220703125,462.82501220703125,462.82501220703125,547,0.0,0.0
2024-08-19 12:30:00-04:00,463.7699890136719,465.25,463.7699890136719,465.25,1855,0.0,0.0
2024-08-19 13:30:00-04:00,465.4599914550781,465.4599914550781,465.4599914550781,465.4599914550781,1444,0.0,0.0
2024-08-19 14:30:00-04:00,465.1700134277344,466.0,464.94000244140625,465.32000732421875,7904,0.0,0.0
2024-08-19 15:30:00-04:00,465.3299865722656,467.9599914550781,465.0,467.9599914550781,10071,0.0,0.0
2024-08-20 09:30:00-04:00,474.5,475.92999267578125,467.9100036621094,470.0299987792969,5191,0.0,0.0
2024-08-20 10:30:00-04:00,465.0,465.0,461.2250061035156,461.2250061035156,3033,0.0,0.0
2024-08-20 11:30:00-04:00,461.6400146484375,462.75,461.6400146484375,462.75,1575,0.0,0.0
2024-08-20 12:30:00-04:00,463.07000732421875,463.07000732421875,460.6000061035156,460.6000061035156,3858,0.0,0.0
2024-08-20 14:30:00-04:00,460.5050048828125,461.2950134277344,460.1099853515625,460.1099853515625,5403,0.0,0.0
2024-08-20 15:30:00-04:00,462.55999755859375,465.2900085449219,462.55999755859375,464.6300048828125,7517,0.0,0.0
2024-08-21 09:30:00-04:00,461.42498779296875,461.42498779296875,460.55499267578125,460.55499267578125,4705,0.0,0.0
2024-08-21 10:30:00-04:00,460.2049865722656,460.2049865722656,460.2049865722656,460.2049865722656,1617,0.0,0.0
2024-08-21 11:30:00-04:00,460.739990234375,462.7900085449219,460.739990234375,462.7900085449219,1934,0.0,0.0
2024-08-21 12:30:00-04:00,463.8999938964844,464.739990234375,463.8999938964844,464.739990234375,2342,0.0,0.0
2024-08-21 13:30:00-04:00,466.4549865722656,466.4549865722656,466.4549865722656,466.4549865722656,2554,0.0,0.0
2024-08-21 14:30:00-04:00,467.6400146484375,468.4750061035156,467.2850036621094,468.1700134277344,6855,0.0,0.0
2024-08-21 15:30:00-04:00,469.2349853515625,470.95001220703125,468.8599853515625,469.5799865722656,11164,0.0,0.0
2024-08-22 09:30:00-04:00,473.7200012207031,473.7200012207031,467.6000061035156,467.6000061035156,3472,0.0,0.0
2024-08-22 10:30:00-04:00,465.697998046875,466.135009765625,465.697998046875,466.135009765625,3227,0.0,0.0
2024-08-22 11:30:00-04:00,470.3500061035156,472.3349914550781,470.3500061035156,472.3349914550781,2144,0.0,0.0
2024-08-22 12:30:00-04:00,472.4100036621094,472.4100036621094,471.885009765625,471.885009765625,3554,0.0,0.0
2024-08-22 13:30:00-04:00,474.0,474.0,471.69000244140625,471.69000244140625,3651,0.0,0.0
2024-08-22 14:30:00-04:00,469.6300048828125,469.6300048828125,467.239990234375,467.5,4128,0.0,0.0
2024-08-22 15:30:00-04:00,468.2699890136719,469.4949951171875,466.3299865722656,468.239990234375,11653,0.0,0.0
2024-08-23 09:30:00-04:00,472.7200012207031,477.385009765625,472.7200012207031,475.42498779296875,5790,0.0,0.0
2024-08-23 10:30:00-04:00,475.2200012207031,481.0,475.2200012207031,481.0,1346,0.0,0.0
2024-08-23 11:30:00-04:00,481.20001220703125,481.20001220703125,476.2550048828125,476.3900146484375,5383,0.0,0.0
2024-08-23 12:30:00-04:00,477.9599914550781,477.9599914550781,477.9599914550781,477.9599914550781,971,0.0,0.0
2024-08-23 13:30:00-04:00,478.010009765625,478.010009765625,478.010009765625,478.010009765625,642,0.0,0.0
2024-08-23 14:30:00-04:00,477.20001220703125,477.20001220703125,475.8299865722656,475.8299865722656,1901,0.0,0.0
2024-08-23 15:30:00-04:00,476.05999755859375,481.5299987792969,476.05999755859375,481.5299987792969,10092,0.0,0.0
2024-08-26 09:30:00-04:00,486.6499938964844,486.6499938964844,486.6499938964844,486.6499938964844,1664,0.0,0.0
2024-08-26 10:30:00-04:00,487.82501220703125,490.7900085449219,485.7699890136719,485.7699890136719,4080,0.0,0.0
2024-08-26 11:30:00-04:00,485.0450134277344,486.42999267578125,485.0450134277344,486.239990234375,2518,0.0,0.0
2024-08-26 12:30:00-04:00,483.45001220703125,483.45001220703125,481.739990234375,481.739990234375,3291,0.0,0.0
2024-08-26 13:30:00-04:00,479.0,480.32000732421875,479.0,480.32000732421875,1714,0.0,0.0
2024-08-26 14:30:00-04:00,481.04998779296875,481.04998779296875,477.19500732421875,478.7699890136719,5340,0.0,0.0
2024-08-26 15:30:00-04:00,478.9700012207031,478.9700012207031,476.5400085449219,476.5400085449219,5041,0.0,0.0
2024-08-27 09:30:00-04:00,476.1000061035156,476.1000061035156,476.1000061035156,476.1000061035156,1419,0.0,0.0
2024-08-27 10:30:00-04:00,475.2099914550781,476.32501220703125,475.2099914550781,476.32501220703125,4303,0.0,0.0
2024-08-27 13:30:00-04:00,477.2799987792969,477.2799987792969,477.2799987792969,477.2799987792969,696,0.0,0.0
2024-08-27 14:30:00-04:00,477.989990234375,477.989990234375,474.80999755859375,474.80999755859375,6152,0.0,0.0
2024-08-27 15:30:00-04:00,473.9100036621094,473.9100036621094,473.260009765625,473.260009765625,686,0.0,0.0
2024-08-28 09:30:00-04:00,472.20001220703125,476.760009765625,472.20001220703125,475.70050048828125,2758,0.0,0.0
2024-08-28 11:30:00-04:00,475.6499938964844,475.6499938964844,475.6499938964844,475.6499938964844,2277,0.0,0.0
2024-08-28 13:30:00-04:00,475.94500732421875,475.94500732421875,474.9599914550781,474.9599914550781,828,0.0,0.0
2024-08-28 14:30:00-04:00,474.1400146484375,474.1400146484375,471.44000244140625,474.0299987792969,4306,0.0,0.0
2024-08-28 15:30:00-04:00,474.3900146484375,474.4100036621094,472.44000244140625,474.20001220703125,8125,0.0,0.0
2024-08-29 09:30:00-04:00,478.8399963378906,481.0,478.8399963378906,481.0,4029,0.0,0.0
2024-08-29 10:30:00-04:00,475.8500061035156,475.8500061035156,475.8500061035156,475.8500061035156,1026,0.0,0.0
2024-08-29 11:30:00-04:00,477.489990234375,479.3999938964844,477.489990234375,479.3999938964844,2918,0.0,0.0
2024-08-29 12:30:00-04:00,478.4800109863281,480.1099853515625,478.4200134277344,480.0199890136719,2544,0.0,0.0
2024-08-29 13:30:00-04:00,477.9700012207031,479.489990234375,476.5899963378906,476.5899963378906,4526,0.0,0.0
2024-08-29 14:30:00-04:00,476.5950012207031,476.69000244140625,472.6499938964844,476.69000244140625,11813,0.0,0.0
2024-08-29 15:30:00-04:00,477.239990234375,477.239990234375,471.5899963378906,472.9599914550781,11876,0.0,0.0
2024-08-30 09:30:00-04:00,473.67999267578125,476.04998779296875,473.67999267578125,475.69000244140625,6119,0.0,0.0
2024-08-30 10:30:00-04:00,471.4100036621094,471.4100036621094,471.4100036621094,471.4100036621094,849,0.0,0.0
2024-08-30 11:30:00-04:00,466.43499755859375,466.43499755859375,462.4549865722656,462.4549865722656,8192,0.0,0.0
2024-08-30 12:30:00-04:00,461.0,463.3500061035156,461.0,462.4150085449219,2103,0.0,0.0
2024-08-30 13:30:00-04:00,462.5899963378906,464.70001220703125,462.5,464.70001220703125,7323,0.0,0.0
2024-08-30 14:30:00-04:00,462.3399963378906,463.739990234375,462.3299865722656,463.739990234375,4237,0.0,0.0
2024-08-30 15:30:00-04:00,465.364990234375,466.739990234375,464.2099914550781,466.739990234375,8849,0.0,0.0
2024-09-03 09:30:00-04:00,465.8999938964844,468.1300048828125,462.0609130859375,464.2099914550781,6443,0.0,0.0
2024-09-03 10:30:00-04:00,464.1000061035156,464.1000061035156,463.5400085449219,463.5400085449219,2928,0.0,0.0
2024-09-03 11:30:00-04:00,464.3599853515625,465.3399963378906,464.3599853515625,464.7049865722656,1894,0.0,0.0
2024-09-03 12:30:00-04:00,464.7049865722656,464.92999267578125,462.0,462.0,3050,0.0,0.0
2024-09-03 13:30:00-04:00,462.0899963378906,462.0899963378906,461.29998779296875,461.6600036621094,2345,0.0,0.0
2024-09-03 14:30:00-04:00,459.2099914550781,459.2099914550781,457.75,458.239990234375,7127,0.0,0.0
2024-09-03 15:30:00-04:00,457.80999755859375,458.25,457.80999755859375,457.8800048828125,6950,0.0,0.0
2024-09-04 09:30:00-04:00,458.8900146484375,458.8900146484375,458.0,458.135009765625,5216,0.0,0.0
2024-09-04 10:30:00-04:00,462.760009765625,462.760009765625,460.3500061035156,460.3500061035156,1788,0.0,0.0
2024-09-04 11:30:00-04:00,455.8599853515625,455.8599853515625,454.5249938964844,454.5249938964844,3329,0.0,0.0
2024-09-04 12:30:00-04:00,454.5950012207031,454.5950012207031,450.04998779296875,450.04998779296875,4385,0.0,0.0
2024-09-04 13:30:00-04:00,449.95001220703125,450.54998779296875,449.69000244140625,450.0,7296,0.0,0.0
2024-09-04 14:30:00-04:00,452.20001220703125,453.2650146484375,451.5400085449219,451.5400085449219,5621,0.0,0.0
2024-09-04 15:30:00-04:00,450.8550109863281,454.55999755859375,450.8550109863281,452.3900146484375,9655,0.0,0.0
2024-09-05 09:30:00-04:00,456.0400085449219,456.04998779296875,455.4700012207031,456.04998779296875,6280,0.0,0.0
2024-09-05 11:30:00-04:00,451.4200134277344,451.4200134277344,450.80999755859375,450.80999755859375,2603,0.0,0.0
2024-09-05 12:30:00-04:00,449.0,449.0,449.0,449.0,1884,0.0,0.0
2024-09-05 13:30:00-04:00,449.3900146484375,449.3900146484375,447.2850036621094,447.4100036621094,3180,0.0,0.0
2024-09-05 14:30:00-04:00,447.45989990234375,450.7799987792969,447.45989990234375,450.1600036621094,4800,0.0,0.0
2024-09-05 15:30:00-04:00,450.0,450.8999938964844,450.0,450.5350036621094,8935,0.0,0.0
2024-09-06 09:30:00-04:00,450.51519775390625,451.5,450.5150146484375,451.0,1814,0.0,0.0
2024-09-06 10:30:00-04:00,446.9849853515625,448.07000732421875,445.5,448.07000732421875,2053,0.0,0.0
2024-09-06 11:30:00-04:00,445.2699890136719,446.7900085449219,445.0899963378906,445.80999755859375,2853,0.0,0.0
2024-09-06 12:30:00-04:00,445.7799987792969,446.42498779296875,445.7799987792969,446.42498779296875,1489,0.0,0.0
2024-09-06 13:30:00-04:00,445.9800109863281,445.9800109863281,445.44000244140625,445.760009765625,2191,0.0,0.0
2024-09-06 14:30:00-04:00,445.0,445.0,441.2799987792969,441.81500244140625,6631,0.0,0.0
2024-09-06 15:30:00-04:00,441.9070129394531,442.55999755859375,440.4100036621094,441.75,7362,0.0,0.0
2024-09-09 09:30:00-04:00,446.5799865722656,452.70001220703125,441.989990234375,448.0249938964844,10050,0.0,0.0
2024-09-09 10:30:00-04:00,447.7749938964844,449.17999267578125,447.7749938964844,449.17999267578125,2127,0.0,0.0
2024-09-09 11:30:00-04:00,452.0,452.8699951171875,450.93499755859375,452.7550048828125,3913,0.0,0.0
2024-09-09 12:30:00-04:00,454.17498779296875,454.5199890136719,454.17498779296875,454.5199890136719,1401,0.0,0.0
2024-09-09 13:30:00-04:00,455.69000244140625,462.1499938964844,455.69000244140625,460.1099853515625,10921,0.0,0.0
2024-09-09 14:30:00-04:00,459.9849853515625,459.9849853515625,451.6400146484375,452.260009765625,4863,0.0,0.0
2024-09-09 15:30:00-04:00,451.17999267578125,451.3500061035156,446.5299987792969,446.6099853515625,11375,0.0,0.0
2024-09-10 09:30:00-04:00,442.5,442.5,409.2200012207031,411.55999755859375,31846,0.0,0.0
2024-09-10 10:30:00-04:00,413.07000732421875,424.45001220703125,413.07000732421875,424.1499938964844,9211,0.0,0.0
2024-09-10 11:30:00-04:00,422.010009765625,423.7149963378906,414.2449951171875,414.54998779296875,14043,0.0,0.0
2024-09-10 12:30:00-04:00,414.260009765625,420.489990234375,412.95001220703125,419.5150146484375,27625,0.0,0.0
2024-09-10 13:30:00-04:00,420.25,423.2749938964844,418.2900085449219,423.2749938964844,8522,0.0,0.0
2024-09-10 14:30:00-04:00,423.2049865722656,430.0,422.79998779296875,424.9150085449219,24852,0.0,0.0
2024-09-10 15:30:00-04:00,427.0899963378906,427.0899963378906,422.2300109863281,424.1700134277344,16844,0.0,0.0
2024-09-11 09:30:00-04:00,423.3500061035156,423.739990234375,416.4750061035156,416.4750061035156,7383,0.0,0.0
2024-09-11 10:30:00-04:00,416.4750061035156,418.7699890136719,415.0,416.1400146484375,8305,0.0,0.0
2024-09-11 11:30:00-04:00,417.5350036621094,418.3450012207031,415.92498779296875,417.70001220703125,3604,0.0,0.0
2024-09-11 12:30:00-04:00,417.2200012207031,417.885009765625,416.82000732421875,417.010009765625,4344,0.0,0.0
2024-09-11 13:30:00-04:00,417.6050109863281,419.3699951171875,417.20001220703125,419.3699951171875,9443,0.0,0.0
2024-09-11 14:30:00-04:00,421.7250061035156,423.260009765625,420.2749938964844,420.44000244140625,7167,0.0,0.0
2024-09-11 15:30:00-04:00,419.8399963378906,422.44000244140625,419.8399963378906,422.4100036621094,13477,0.0,0.0
2024-09-12 09:30:00-04:00,422.760009765625,424.05499267578125,422.760009765625,422.9949951171875,3965,0.0,0.0
2024-09-12 10:30:00-04:00,426.0,426.8450012207031,425.92498779296875,426.8450012207031,2830,0.0,0.0
2024-09-12 11:30:00-04:00,430.8500061035156,430.8500061035156,426.8699951171875,427.5,1957,0.0,0.0
2024-09-12 12:30:00-04:00,427.5,429.43499755859375,426.489990234375,426.489990234375,5382,0.0,0.0
2024-09-12 13:30:00-04:00,421.875,421.875,420.5,420.5,3124,0.0,0.0
2024-09-12 14:30:00-04:00,419.4800109863281,422.4100036621094,419.2749938964844,421.3699951171875,5520,0.0,0.0
2024-09-12 15:30:00-04:00,421.6099853515625,422.20001220703125,420.6400146484375,421.4700012207031,9572,0.0,0.0
2024-09-13 09:30:00-04:00,423.5400085449219,433.25,423.5400085449219,433.25,3240,0.0,0.0
2024-09-13 10:30:00-04:00,428.510009765625,431.67999267578125,428.510009765625,431.67999267578125,4826,0.0,0.0
2024-09-13 11:30:00-04:00,432.7349853515625,434.6099853515625,432.7349853515625,434.6099853515625,6205,0.0,0.0
2024-09-13 12:30:00-04:00,432.9800109863281,434.7900085449219,432.9649963378906,434.4800109863281,4729,0.0,0.0
2024-09-13 13:30:00-04:00,435.1199951171875,435.1199951171875,429.57000732421875,429.57000732421875,5380,0.0,0.0
2024-09-13 14:30:00-04:00,429.5199890136719,430.2300109863281,429.05999755859375,430.2300109863281,6953,0.0,0.0
2024-09-13 15:30:00-04:00,429.66009521484375,433.3800048828125,429.66009521484375,432.17999267578125,13541,0.0,0.0
2024-09-16 09:30:00-04:00,433.9700012207031,435.989990234375,433.9700012207031,435.989990234375,3996,0.0,0.0
2024-09-16 10:30:00-04:00,440.0,440.0,438.95001220703125,438.95001220703125,783,0.0,0.0
2024-09-16 11:30:00-04:00,440.0,440.0,439.864990234375,439.9750061035156,1256,0.0,0.0
2024-09-16 12:30:00-04:00,439.9100036621094,439.9100036621094,436.6700134277344,436.6700134277344,3812,0.0,0.0
2024-09-16 13:30:00-04:00,436.5199890136719,436.5199890136719,435.9800109863281,435.9800109863281,2946,0.0,0.0
2024-09-16 14:30:00-04:00,438.3623962402344,440.9800109863281,437.6700134277344,437.6700134277344,7142,0.0,0.0
2024-09-16 15:30:00-04:00,437.7650146484375,437.7650146484375,435.57000732421875,436.44500732421875,7174,0.0,0.0
2024-09-17 09:30:00-04:00,440.3299865722656,449.1499938964844,434.0000915527344,445.760009765625,34929,0.0,0.0
2024-09-17 10:30:00-04:00,445.260009765625,453.2449951171875,439.6499938964844,453.2449951171875,11844,0.0,0.0
2024-09-17 11:30:00-04:00,454.79998779296875,455.0,452.2349853515625,454.95001220703125,8191,0.0,0.0
2024-09-17 12:30:00-04:00,455.6000061035156,456.57501220703125,449.5741882324219,449.5741882324219,5734,0.0,0.0
2024-09-17 13:30:00-04:00,453.45001220703125,455.7300109863281,450.6199951171875,450.6199951171875,5961,0.0,0.0
2024-09-17 14:30:00-04:00,450.30499267578125,450.30499267578125,445.489990234375,445.54998779296875,9196,0.0,0.0
2024-09-17 15:30:00-04:00,445.8450012207031,446.6400146484375,442.0,442.0,19709,0.0,0.0
2024-09-18 09:30:00-04:00,445.54998779296875,446.3699951171875,441.2049865722656,446.3699951171875,8260,0.0,0.0
2024-09-18 10:30:00-04:00,444.0199890136719,445.5050048828125,443.9599914550781,445.5050048828125,2691,0.0,0.0
2024-09-18 11:30:00-04:00,446.6199951171875,447.1499938964844,444.07000732421875,444.67498779296875,6860,0.0,0.0
2024-09-18 12:30:00-04:00,443.07501220703125,443.3800048828125,442.92999267578125,442.92999267578125,1550,0.0,0.0
2024-09-18 13:30:00-04:00,443.20001220703125,455.3699951171875,442.4700012207031,449.79998779296875,12373,0.0,0.0
2024-09-18 14:30:00-04:00,458.3900146484375,458.3900146484375,452.57000732421875,453.1700134277344,12415,0.0,0.0
2024-09-18 15:30:00-04:00,452.3299865722656,455.6600036621094,449.75,450.5799865722656,16442,0.0,0.0
2024-09-19 09:30:00-04:00,459.5199890136719,459.5199890136719,452.7300109863281,458.6050109863281,7964,0.0,0.0
2024-09-19 10:30:00-04:00,459.3500061035156,463.1099853515625,456.6549987792969,463.1099853515625,7571,0.0,0.0
2024-09-19 11:30:00-04:00,464.2195129394531,464.5,462.2200012207031,463.3900146484375,2852,0.0,0.0
2024-09-19 12:30:00-04:00,464.5,464.5,464.5,464.5,997,0.0,0.0
2024-09-19 13:30:00-04:00,468.8399963378906,468.8399963378906,465.5,465.9049987792969,5731,0.0,0.0
2024-09-19 14:30:00-04:00,466.55499267578125,466.6000061035156,461.20001220703125,461.20001220703125,5886,0.0,0.0
2024-09-19 15:30:00-04:00,462.95001220703125,464.5450134277344,462.95001220703125,464.510009765625,6781,0.0,0.0
2024-09-20 09:30:00-04:00,463.1400146484375,463.1400146484375,450.20001220703125,456.0299987792969,5574,0.0,0.0
2024-09-20 10:30:00-04:00,458.510009765625,458.510009765625,454.6499938964844,454.6499938964844,3148,0.0,0.0
2024-09-20 11:30:00-04:00,456.8699951171875,459.2699890136719,456.8599853515625,459.2699890136719,1804,0.0,0.0
2024-09-20 12:30:00-04:00,459.5950012207031,460.0,459.4150085449219,459.4150085449219,4922,0.0,0.0
2024-09-20 13:30:00-04:00,460.8399963378906,460.8399963378906,454.2250061035156,454.54998779296875,5032,0.0,0.0
2024-09-20 14:30:00-04:00,452.05499267578125,452.29998779296875,450.0,452.29998779296875,4391,0.0,0.0
2024-09-20 15:30:00-04:00,453.1199951171875,455.239990234375,451.8500061035156,451.8500061035156,7634,0.0,0.0
