Datetime,Open,High,Low,Close,Volume,Dividends,Stock Splits
2022-09-22 09:30:00-04:00,27.649999618530273,27.670000076293945,27.34000015258789,27.34000015258789,2798,0.0,0.0
2022-09-22 11:30:00-04:00,27.166200637817383,27.290000915527344,27.149999618530273,27.25,2749,0.0,0.0
2022-09-22 12:30:00-04:00,27.195199966430664,27.195199966430664,27.100000381469727,27.100799560546875,2029,0.0,0.0
2022-09-22 13:30:00-04:00,27.110000610351562,27.110000610351562,26.920000076293945,26.920000076293945,2728,0.0,0.0
2022-09-22 14:30:00-04:00,26.899999618530273,27.190000534057617,26.89310073852539,27.079999923706055,1787,0.0,0.0
2022-09-22 15:30:00-04:00,27.100000381469727,27.1200008392334,26.780000686645508,26.780000686645508,9433,0.0,0.0
2022-09-23 09:30:00-04:00,26.1200008392334,26.1200008392334,24.790000915527344,24.94499969482422,15997,0.0,0.0
2022-09-23 10:30:00-04:00,25.040000915527344,25.040000915527344,24.510000228881836,24.558000564575195,10399,0.0,0.0
2022-09-23 11:30:00-04:00,24.610000610351562,24.639999389648438,24.190000534057617,24.239999771118164,6105,0.0,0.0
2022-09-23 12:30:00-04:00,24.139999389648438,24.520000457763672,24.139999389648438,24.520000457763672,3755,0.0,0.0
2022-09-23 13:30:00-04:00,24.350000381469727,24.350000381469727,24.200000762939453,24.200000762939453,2388,0.0,0.0
2022-09-23 14:30:00-04:00,24.190000534057617,24.420000076293945,24.06999969482422,24.270000457763672,5755,0.0,0.0
2022-09-23 15:30:00-04:00,24.290000915527344,24.450000762939453,24.239999771118164,24.34000015258789,6013,0.0,0.0
2022-09-26 09:30:00-04:00,24.360000610351562,24.43000030517578,24.049999237060547,24.209999084472656,6167,0.0,0.0
2022-09-26 10:30:00-04:00,24.273500442504883,24.273500442504883,23.950000762939453,23.950000762939453,6466,0.0,0.0
2022-09-26 11:30:00-04:00,23.8700008392334,23.8700008392334,23.670000076293945,23.670000076293945,615,0.0,0.0
2022-09-26 12:30:00-04:00,23.510000228881836,23.510000228881836,23.309999465942383,23.309999465942383,2310,0.0,0.0
2022-09-26 13:30:00-04:00,23.330400466918945,23.520000457763672,23.330400466918945,23.440000534057617,4680,0.0,0.0
2022-09-26 14:30:00-04:00,23.479999542236328,23.670000076293945,23.459999084472656,23.625,3631,0.0,0.0
2022-09-26 15:30:00-04:00,23.600000381469727,23.6200008392334,23.350000381469727,23.350000381469727,13196,0.0,0.0
2022-09-27 09:30:00-04:00,23.81999969482422,24.354999542236328,23.81999969482422,24.354999542236328,0,0.0,0.0
2022-09-27 10:30:00-04:00,24.260000228881836,24.510000228881836,24.260000228881836,24.375,8166,0.0,0.0
2022-09-27 11:30:00-04:00,24.107500076293945,24.107500076293945,23.639999389648438,23.739999771118164,5098,0.0,0.0
2022-09-27 12:30:00-04:00,23.729999542236328,23.735000610351562,23.729999542236328,23.735000610351562,1227,0.0,0.0
2022-09-27 13:30:00-04:00,23.65999984741211,23.719999313354492,23.530000686645508,23.719999313354492,5160,0.0,0.0
2022-09-27 14:30:00-04:00,23.729999542236328,23.8700008392334,23.729999542236328,23.81999969482422,7019,0.0,0.0
2022-09-27 15:30:00-04:00,23.799999237060547,23.829999923706055,23.65999984741211,23.65999984741211,4118,0.0,0.0
2022-09-28 09:30:00-04:00,24.149999618530273,24.6200008392334,23.950000762939453,24.6200008392334,0,0.0,0.0
2022-09-28 10:30:00-04:00,24.639999389648438,25.06999969482422,24.639999389648438,25.06999969482422,16443,0.0,0.0
2022-09-28 11:30:00-04:00,24.940000534057617,25.190000534057617,24.90999984741211,25.059999465942383,1924,0.0,0.0
2022-09-28 12:30:00-04:00,25.149999618530273,25.170000076293945,25.010000228881836,25.1299991607666,2486,0.0,0.0
2022-09-28 13:30:00-04:00,25.15999984741211,25.295000076293945,25.1200008392334,25.148799896240234,8881,0.0,0.0
2022-09-28 14:30:00-04:00,25.270000457763672,25.40999984741211,25.18000030517578,25.40999984741211,894,0.0,0.0
2022-09-28 15:30:00-04:00,25.40999984741211,25.40999984741211,25.190000534057617,25.209999084472656,1857,0.0,0.0
2022-09-29 09:30:00-04:00,25.350000381469727,25.3700008392334,24.299999237060547,24.299999237060547,0,0.0,0.0
2022-09-29 11:30:00-04:00,24.658000946044922,25.020000457763672,24.658000946044922,24.940000534057617,3541,0.0,0.0
2022-09-29 12:30:00-04:00,25.100000381469727,25.110000610351562,25.00149917602539,25.049999237060547,2793,0.0,0.0
2022-09-29 13:30:00-04:00,25.0,25.0,24.799999237060547,24.809999465942383,1937,0.0,0.0
2022-09-29 14:30:00-04:00,24.897600173950195,25.0,24.897600173950195,25.0,2232,0.0,0.0
2022-09-29 15:30:00-04:00,25.030000686645508,25.149999618530273,25.030000686645508,25.1200008392334,2893,0.0,0.0
2022-09-30 09:30:00-04:00,24.899999618530273,25.170000076293945,24.460100173950195,25.079999923706055,0,0.0,0.0
2022-09-30 10:30:00-04:00,25.047500610351562,25.520000457763672,25.047500610351562,25.479999542236328,9733,0.0,0.0
2022-09-30 11:30:00-04:00,25.450000762939453,25.450000762939453,25.3700008392334,25.3700008392334,1653,0.0,0.0
2022-09-30 12:30:00-04:00,25.279399871826172,25.420000076293945,25.279399871826172,25.420000076293945,5395,0.0,0.0
2022-09-30 13:30:00-04:00,25.299999237060547,25.299999237060547,25.239999771118164,25.239999771118164,997,0.0,0.0
2022-09-30 14:30:00-04:00,25.229999542236328,25.254100799560547,25.125,25.209999084472656,2990,0.0,0.0
2022-09-30 15:30:00-04:00,25.219999313354492,25.219999313354492,24.997299194335938,25.06999969482422,4580,0.0,0.0
2022-10-03 09:30:00-04:00,25.389999389648438,26.219999313354492,25.389999389648438,26.116600036621094,0,0.0,0.0
2022-10-03 10:30:00-04:00,26.1200008392334,26.1200008392334,25.979999542236328,25.989999771118164,3566,0.0,0.0
2022-10-03 11:30:00-04:00,25.899999618530273,26.0,25.670000076293945,25.762399673461914,2954,0.0,0.0
2022-10-03 12:30:00-04:00,25.745100021362305,26.040000915527344,25.745100021362305,25.965999603271484,3574,0.0,0.0
2022-10-03 13:30:00-04:00,25.910499572753906,26.079999923706055,25.860000610351562,26.059999465942383,20213,0.0,0.0
2022-10-03 14:30:00-04:00,26.049999237060547,26.229999542236328,26.010000228881836,26.200000762939453,18527,0.0,0.0
2022-10-03 15:30:00-04:00,26.209999084472656,26.209999084472656,25.979999542236328,25.979999542236328,5235,0.0,0.0
2022-10-04 09:30:00-04:00,26.690000534057617,27.329999923706055,26.690000534057617,27.08919906616211,0,0.0,0.0
2022-10-04 10:30:00-04:00,27.139999389648438,27.399999618530273,27.059999465942383,27.34000015258789,11074,0.0,0.0
2022-10-04 11:30:00-04:00,27.190000534057617,27.190000534057617,26.860000610351562,27.010000228881836,10576,0.0,0.0
2022-10-04 12:30:00-04:00,27.012500762939453,27.07990074157715,26.8799991607666,26.8799991607666,2755,0.0,0.0
2022-10-04 13:30:00-04:00,26.919200897216797,27.149999618530273,26.8799991607666,26.979999542236328,5867,0.0,0.0
2022-10-04 14:30:00-04:00,27.06999969482422,27.06999969482422,26.700000762939453,26.709999084472656,20593,0.0,0.0
2022-10-04 15:30:00-04:00,26.700000762939453,26.915000915527344,26.700000762939453,26.90999984741211,41285,0.0,0.0
2022-10-05 09:30:00-04:00,26.899999618530273,26.899999618530273,26.1299991607666,26.209999084472656,0,0.0,0.0
2022-10-05 10:30:00-04:00,26.290000915527344,26.635000228881836,26.25,26.60099983215332,7969,0.0,0.0
2022-10-05 11:30:00-04:00,26.56999969482422,27.00480079650879,26.56999969482422,26.940000534057617,4959,0.0,0.0
2022-10-05 12:30:00-04:00,26.920000076293945,27.18000030517578,26.920000076293945,27.0,8154,0.0,0.0
2022-10-05 13:30:00-04:00,27.040000915527344,27.1200008392334,26.90999984741211,26.954999923706055,2695,0.0,0.0
2022-10-05 14:30:00-04:00,27.020000457763672,27.117000579833984,26.90999984741211,27.016000747680664,2902,0.0,0.0
2022-10-05 15:30:00-04:00,27.010000228881836,27.104999542236328,26.8799991607666,26.93000030517578,7255,0.0,0.0
2022-10-06 09:30:00-04:00,26.84000015258789,27.3700008392334,26.5,26.5,0,0.0,0.0
2022-10-06 10:30:00-04:00,26.440000534057617,26.610000610351562,26.360000610351562,26.549999237060547,8044,0.0,0.0
2022-10-06 11:30:00-04:00,26.489999771118164,26.549999237060547,26.3799991607666,26.549999237060547,8456,0.0,0.0
2022-10-06 12:30:00-04:00,26.56999969482422,26.6200008392334,26.520000457763672,26.594999313354492,4255,0.0,0.0
2022-10-06 13:30:00-04:00,26.559999465942383,26.65999984741211,26.559999465942383,26.639999389648438,12795,0.0,0.0
2022-10-06 14:30:00-04:00,26.6200008392334,26.6299991607666,26.299999237060547,26.5,0,0.0,0.0
2022-10-06 15:30:00-04:00,26.5,26.5,26.40999984741211,26.40999984741211,63300,0.0,0.0
2022-10-07 09:30:00-04:00,26.549999237060547,26.6299991607666,26.18000030517578,26.389999389648438,0,0.0,0.0
2022-10-07 10:30:00-04:00,26.260000228881836,26.5,26.260000228881836,26.40999984741211,5368,0.0,0.0
2022-10-07 11:30:00-04:00,26.6200008392334,26.6299991607666,26.59000015258789,26.59000015258789,6581,0.0,0.0
2022-10-07 12:30:00-04:00,26.59000015258789,26.59000015258789,26.34000015258789,26.420000076293945,12252,0.0,0.0
2022-10-07 13:30:00-04:00,26.43000030517578,26.549999237060547,26.3799991607666,26.469999313354492,10707,0.0,0.0
2022-10-07 14:30:00-04:00,26.50279998779297,26.50279998779297,26.290000915527344,26.290000915527344,2016,0.0,0.0
2022-10-07 15:30:00-04:00,26.190000534057617,26.288700103759766,26.1299991607666,26.190000534057617,4461,0.0,0.0
2022-10-10 09:30:00-04:00,26.270000457763672,26.704999923706055,26.270000457763672,26.430200576782227,0,0.0,0.0
2022-10-10 10:30:00-04:00,26.489999771118164,26.489999771118164,25.780000686645508,25.90999984741211,19248,0.0,0.0
2022-10-10 11:30:00-04:00,25.760000228881836,25.860000610351562,25.760000228881836,25.790000915527344,4616,0.0,0.0
2022-10-10 12:30:00-04:00,25.78499984741211,25.78499984741211,25.670000076293945,25.729999542236328,7033,0.0,0.0
2022-10-10 13:30:00-04:00,25.80500030517578,26.024999618530273,25.670000076293945,25.770000457763672,4633,0.0,0.0
2022-10-10 14:30:00-04:00,25.719999313354492,25.829999923706055,25.674999237060547,25.700000762939453,5556,0.0,0.0
2022-10-10 15:30:00-04:00,25.739999771118164,25.885000228881836,25.729999542236328,25.75,2472,0.0,0.0
2022-10-11 09:30:00-04:00,25.559999465942383,25.81999969482422,25.229999542236328,25.600000381469727,40717,0.0,0.0
2022-10-11 10:30:00-04:00,25.600000381469727,25.920000076293945,25.600000381469727,25.899999618530273,10249,0.0,0.0
2022-10-11 11:30:00-04:00,26.270000457763672,26.5,26.19499969482422,26.424999237060547,32865,0.0,0.0
2022-10-11 12:30:00-04:00,26.415000915527344,26.524999618530273,26.415000915527344,26.469999313354492,21646,0.0,0.0
2022-10-11 13:30:00-04:00,26.459999084472656,26.479999542236328,26.43000030517578,26.450000762939453,20700,0.0,0.0
2022-10-11 14:30:00-04:00,26.469999313354492,26.56999969482422,26.06999969482422,26.06999969482422,21416,0.0,0.0
2022-10-11 15:30:00-04:00,26.309999465942383,26.3700008392334,26.25,26.3700008392334,3123,0.0,0.0
2022-10-12 09:30:00-04:00,26.15999984741211,26.260000228881836,26.0,26.139999389648438,0,0.0,0.0
2022-10-12 10:30:00-04:00,26.104999542236328,26.209999084472656,26.06999969482422,26.18000030517578,16251,0.0,0.0
2022-10-12 11:30:00-04:00,26.100000381469727,26.299999237060547,26.100000381469727,26.299999237060547,15031,0.0,0.0
2022-10-12 12:30:00-04:00,26.334999084472656,26.399999618530273,26.334999084472656,26.399999618530273,2890,0.0,0.0
2022-10-12 13:30:00-04:00,26.420000076293945,26.4950008392334,26.420000076293945,26.489999771118164,4347,0.0,0.0
2022-10-12 14:30:00-04:00,26.42009925842285,26.430400848388672,26.309999465942383,26.350000381469727,13080,0.0,0.0
2022-10-12 15:30:00-04:00,26.43000030517578,26.575000762939453,26.350000381469727,26.3700008392334,17669,0.0,0.0
2022-10-13 09:30:00-04:00,25.979999542236328,26.295000076293945,25.729999542236328,26.100000381469727,0,0.0,0.0
2022-10-13 10:30:00-04:00,26.139999389648438,27.0,26.09000015258789,26.96500015258789,10203,0.0,0.0
2022-10-13 11:30:00-04:00,27.0,27.299999237060547,26.8799991607666,26.889999389648438,12648,0.0,0.0
2022-10-13 12:30:00-04:00,26.8700008392334,27.100000381469727,26.8700008392334,27.100000381469727,4859,0.0,0.0
2022-10-13 13:30:00-04:00,27.290000915527344,27.290000915527344,26.920000076293945,27.040000915527344,4176,0.0,0.0
2022-10-13 14:30:00-04:00,26.979999542236328,27.290000915527344,26.950000762939453,27.18000030517578,13130,0.0,0.0
2022-10-13 15:30:00-04:00,27.200000762939453,27.389999389648438,27.15999984741211,27.200000762939453,14746,0.0,0.0
2022-10-14 09:30:00-04:00,27.260000228881836,27.290000915527344,26.6299991607666,26.700000762939453,0,0.0,0.0
2022-10-14 10:30:00-04:00,26.75,26.895000457763672,26.604999542236328,26.895000457763672,4901,0.0,0.0
2022-10-14 11:30:00-04:00,26.847299575805664,26.847299575805664,26.559999465942383,26.559999465942383,2575,0.0,0.0
2022-10-14 12:30:00-04:00,26.645000457763672,26.651399612426758,26.469999313354492,26.489999771118164,13862,0.0,0.0
2022-10-14 13:30:00-04:00,26.5,26.575000762939453,26.420000076293945,26.420000076293945,2313,0.0,0.0
2022-10-14 14:30:00-04:00,26.405000686645508,26.479999542236328,26.360000610351562,26.360000610351562,0,0.0,0.0
2022-10-14 15:30:00-04:00,26.64699935913086,26.649999618530273,26.40999984741211,26.40999984741211,42032,0.0,0.0
2022-10-17 09:30:00-04:00,26.540000915527344,27.18000030517578,26.540000915527344,27.030000686645508,0,0.0,0.0
2022-10-17 10:30:00-04:00,27.075000762939453,27.109899520874023,26.885000228881836,27.05500030517578,1842,0.0,0.0
2022-10-17 11:30:00-04:00,27.049999237060547,27.094999313354492,27.010000228881836,27.094999313354492,657,0.0,0.0
2022-10-17 12:30:00-04:00,27.010000228881836,27.1299991607666,27.010000228881836,27.1299991607666,723,0.0,0.0
2022-10-17 13:30:00-04:00,27.1299991607666,27.25,27.100000381469727,27.110000610351562,8727,0.0,0.0
2022-10-17 14:30:00-04:00,27.1200008392334,27.239999771118164,27.030000686645508,27.239999771118164,1967,0.0,0.0
2022-10-17 15:30:00-04:00,27.2549991607666,27.2549991607666,27.190000534057617,27.19499969482422,754,0.0,0.0
2022-10-18 09:30:00-04:00,27.170000076293945,28.139999389648438,27.170000076293945,27.809999465942383,0,0.0,0.0
2022-10-18 10:30:00-04:00,27.704999923706055,27.83989906311035,27.469999313354492,27.524999618530273,3332,0.0,0.0
2022-10-18 11:30:00-04:00,27.450000762939453,27.520000457763672,27.21310043334961,27.520000457763672,4236,0.0,0.0
2022-10-18 12:30:00-04:00,27.55500030517578,27.84000015258789,27.55500030517578,27.81999969482422,6042,0.0,0.0
2022-10-18 13:30:00-04:00,27.850000381469727,27.889999389648438,27.704999923706055,27.709999084472656,3915,0.0,0.0
2022-10-18 14:30:00-04:00,27.719999313354492,27.802000045776367,27.600000381469727,27.770000457763672,10711,0.0,0.0
2022-10-18 15:30:00-04:00,27.860000610351562,27.90999984741211,27.770000457763672,27.90999984741211,7561,0.0,0.0
2022-10-19 09:30:00-04:00,27.969999313354492,28.06999969482422,27.760000228881836,27.899999618530273,0,0.0,0.0
2022-10-19 10:30:00-04:00,27.959999084472656,28.079999923706055,27.686500549316406,27.770000457763672,4852,0.0,0.0
2022-10-19 11:30:00-04:00,27.84000015258789,27.84000015258789,27.725000381469727,27.764999389648438,350,0.0,0.0
2022-10-19 12:30:00-04:00,27.829999923706055,27.829999923706055,27.510000228881836,27.510000228881836,1471,0.0,0.0
2022-10-19 13:30:00-04:00,27.735000610351562,27.766199111938477,27.719999313354492,27.766199111938477,1156,0.0,0.0
2022-10-19 14:30:00-04:00,27.860000610351562,28.014999389648438,27.860000610351562,27.899999618530273,6802,0.0,0.0
2022-10-19 15:30:00-04:00,27.90999984741211,27.90999984741211,27.770000457763672,27.875,14590,0.0,0.0
2022-10-20 09:30:00-04:00,28.110000610351562,28.20989990234375,28.045499801635742,28.20989990234375,0,0.0,0.0
2022-10-20 10:30:00-04:00,28.100000381469727,28.229999542236328,28.100000381469727,28.139999389648438,7609,0.0,0.0
2022-10-20 11:30:00-04:00,28.149999618530273,28.15999984741211,27.729999542236328,27.934999465942383,37590,0.0,0.0
2022-10-20 12:30:00-04:00,27.9424991607666,27.94499969482422,27.812599182128906,27.81999969482422,5200,0.0,0.0
2022-10-20 13:30:00-04:00,27.809999465942383,27.90999984741211,27.649999618530273,27.6825008392334,20394,0.0,0.0
2022-10-20 14:30:00-04:00,27.725000381469727,27.809999465942383,27.639999389648438,27.809999465942383,2535,0.0,0.0
2022-10-20 15:30:00-04:00,27.737600326538086,27.940000534057617,27.639999389648438,27.93000030517578,2489,0.0,0.0
2022-10-21 09:30:00-04:00,27.670000076293945,28.165000915527344,27.670000076293945,27.68000030517578,0,0.0,0.0
2022-10-21 10:30:00-04:00,27.68000030517578,27.90999984741211,27.565000534057617,27.84000015258789,14271,0.0,0.0
2022-10-21 11:30:00-04:00,27.920000076293945,28.165000915527344,27.889999389648438,28.1200008392334,1530,0.0,0.0
2022-10-21 12:30:00-04:00,28.114999771118164,28.18000030517578,28.114999771118164,28.18000030517578,234,0.0,0.0
2022-10-21 13:30:00-04:00,28.280000686645508,28.281200408935547,28.280000686645508,28.281200408935547,301,0.0,0.0
2022-10-21 14:30:00-04:00,28.229999542236328,28.385000228881836,28.200000762939453,28.3700008392334,3216,0.0,0.0
2022-10-21 15:30:00-04:00,28.15999984741211,28.3700008392334,28.15999984741211,28.3700008392334,1793,0.0,0.0
2022-10-24 09:30:00-04:00,28.329999923706055,28.579999923706055,28.18000030517578,28.18000030517578,0,0.0,0.0
2022-10-24 10:30:00-04:00,28.016000747680664,28.295000076293945,27.940000534057617,28.059999465942383,6497,0.0,0.0
2022-10-24 11:30:00-04:00,27.95400047302246,28.094999313354492,27.920000076293945,28.049999237060547,6248,0.0,0.0
2022-10-24 12:30:00-04:00,28.079999923706055,28.1299991607666,27.969999313354492,27.969999313354492,2282,0.0,0.0
2022-10-24 13:30:00-04:00,27.860000610351562,28.03499984741211,27.860000610351562,27.959999084472656,2761,0.0,0.0
2022-10-24 14:30:00-04:00,27.979999542236328,28.15999984741211,27.899999618530273,28.149999618530273,5179,0.0,0.0
2022-10-24 15:30:00-04:00,28.15999984741211,28.15999984741211,28.03499984741211,28.084999084472656,6235,0.0,0.0
2022-10-25 09:30:00-04:00,27.81999969482422,28.360000610351562,27.81999969482422,28.360000610351562,9273,0.0,0.0
2022-10-25 10:30:00-04:00,28.31999969482422,28.420000076293945,28.274999618530273,28.420000076293945,11343,0.0,0.0
2022-10-25 11:30:00-04:00,28.3799991607666,28.3799991607666,28.229999542236328,28.229999542236328,1421,0.0,0.0
2022-10-25 12:30:00-04:00,28.290000915527344,28.399999618530273,28.219999313354492,28.344999313354492,2168,0.0,0.0
2022-10-25 13:30:00-04:00,28.299999237060547,28.479999542236328,28.299999237060547,28.479999542236328,2502,0.0,0.0
2022-10-25 14:30:00-04:00,28.43000030517578,28.520000457763672,28.270000457763672,28.350000381469727,6191,0.0,0.0
2022-10-25 15:30:00-04:00,28.360000610351562,28.56999969482422,28.360000610351562,28.540000915527344,3883,0.0,0.0
2022-10-26 09:30:00-04:00,28.790000915527344,28.885000228881836,28.65999984741211,28.8799991607666,0,0.0,0.0
2022-10-26 10:30:00-04:00,28.767000198364258,28.940000534057617,28.767000198364258,28.940000534057617,3145,0.0,0.0
2022-10-26 11:30:00-04:00,29.0,29.0,28.899999618530273,28.920000076293945,2283,0.0,0.0
2022-10-26 12:30:00-04:00,28.969999313354492,29.014999389648438,28.889999389648438,28.920000076293945,15065,0.0,0.0
2022-10-26 13:30:00-04:00,28.920000076293945,28.950000762939453,28.889999389648438,28.940000534057617,21826,0.0,0.0
2022-10-26 14:30:00-04:00,28.920700073242188,28.921600341796875,28.850000381469727,28.8700008392334,16089,0.0,0.0
2022-10-26 15:30:00-04:00,28.899999618530273,28.93000030517578,28.8700008392334,28.8700008392334,9695,0.0,0.0
2022-10-27 09:30:00-04:00,29.290000915527344,29.579999923706055,29.200700759887695,29.540000915527344,0,0.0,0.0
2022-10-27 10:30:00-04:00,29.600000381469727,29.610000610351562,29.450000762939453,29.559999465942383,9003,0.0,0.0
2022-10-27 11:30:00-04:00,29.469999313354492,29.6299991607666,29.440000534057617,29.5,7020,0.0,0.0
2022-10-27 12:30:00-04:00,29.510000228881836,29.59000015258789,29.510000228881836,29.579999923706055,3572,0.0,0.0
2022-10-27 13:30:00-04:00,29.739999771118164,29.739999771118164,29.649999618530273,29.649999618530273,12290,0.0,0.0
2022-10-27 14:30:00-04:00,29.579999923706055,29.59000015258789,29.459999084472656,29.506000518798828,20096,0.0,0.0
2022-10-27 15:30:00-04:00,29.510000228881836,29.639999389648438,29.510000228881836,29.639999389648438,3184,0.0,0.0
2022-10-28 09:30:00-04:00,29.790000915527344,29.90999984741211,29.59000015258789,29.84000015258789,0,0.0,0.0
2022-10-28 10:30:00-04:00,29.786500930786133,29.84000015258789,29.600000381469727,29.670000076293945,7700,0.0,0.0
2022-10-28 11:30:00-04:00,29.674999237060547,29.850000381469727,29.674999237060547,29.799999237060547,1170,0.0,0.0
2022-10-28 12:30:00-04:00,30.0,30.229999542236328,30.0,30.1200008392334,3712,0.0,0.0
2022-10-28 13:30:00-04:00,30.1200008392334,30.1200008392334,29.90999984741211,29.998699188232422,3986,0.0,0.0
2022-10-28 14:30:00-04:00,29.940000534057617,30.049999237060547,29.93000030517578,29.969999313354492,1351,0.0,0.0
2022-10-28 15:30:00-04:00,29.940000534057617,30.09000015258789,29.93000030517578,30.049999237060547,4519,0.0,0.0
2022-10-31 09:30:00-04:00,30.100000381469727,30.309999465942383,29.953899383544922,30.18000030517578,0,0.0,0.0
2022-10-31 10:30:00-04:00,30.190099716186523,30.309999465942383,30.190099716186523,30.309999465942383,12477,0.0,0.0
2022-10-31 11:30:00-04:00,30.280899047851562,30.43000030517578,30.020000457763672,30.110000610351562,11864,0.0,0.0
2022-10-31 12:30:00-04:00,30.0,30.1299991607666,30.0,30.100000381469727,8901,0.0,0.0
2022-10-31 13:30:00-04:00,30.21500015258789,30.360000610351562,30.204999923706055,30.204999923706055,5928,0.0,0.0
2022-10-31 14:30:00-04:00,30.18000030517578,30.3799991607666,30.117700576782227,30.209999084472656,9966,0.0,0.0
2022-10-31 15:30:00-04:00,30.25,30.350000381469727,30.219999313354492,30.281999588012695,3933,0.0,0.0
2022-11-01 09:30:00-04:00,30.799999237060547,30.799999237060547,30.360000610351562,30.6200008392334,0,0.0,0.0
2022-11-01 10:30:00-04:00,30.340200424194336,30.489999771118164,30.31999969482422,30.389999389648438,6507,0.0,0.0
2022-11-01 11:30:00-04:00,30.420000076293945,30.454999923706055,30.007699966430664,30.145000457763672,21176,0.0,0.0
2022-11-01 12:30:00-04:00,30.200000762939453,30.31999969482422,30.165000915527344,30.165000915527344,2955,0.0,0.0
2022-11-01 13:30:00-04:00,30.190000534057617,30.299999237060547,30.092500686645508,30.299999237060547,3793,0.0,0.0
2022-11-01 14:30:00-04:00,30.030000686645508,30.18000030517578,29.899999618530273,29.899999618530273,10289,0.0,0.0
2022-11-01 15:30:00-04:00,29.8799991607666,30.100000381469727,29.83989906311035,30.100000381469727,9265,0.0,0.0
2022-11-02 09:30:00-04:00,30.100000381469727,30.100000381469727,29.510000228881836,29.510000228881836,0,0.0,0.0
2022-11-02 10:30:00-04:00,29.540000915527344,29.709999084472656,29.469999313354492,29.68000030517578,7133,0.0,0.0
2022-11-02 11:30:00-04:00,29.674999237060547,29.68000030517578,29.674999237060547,29.68000030517578,568,0.0,0.0
2022-11-02 12:30:00-04:00,29.709999084472656,29.787799835205078,29.610000610351562,29.700000762939453,3669,0.0,0.0
2022-11-02 13:30:00-04:00,29.719999313354492,30.170000076293945,29.719999313354492,30.079999923706055,1223,0.0,0.0
2022-11-02 14:30:00-04:00,30.09000015258789,30.110000610351562,29.299999237060547,29.299999237060547,9796,0.0,0.0
2022-11-02 15:30:00-04:00,29.219999313354492,29.229999542236328,29.100000381469727,29.110000610351562,5197,0.0,0.0
2022-11-03 09:30:00-04:00,29.0,29.540000915527344,29.0,29.149999618530273,0,0.0,0.0
2022-11-03 10:30:00-04:00,29.190000534057617,29.670000076293945,29.15999984741211,29.649999618530273,8951,0.0,0.0
2022-11-03 11:30:00-04:00,29.75,29.84000015258789,29.67169952392578,29.71489906311035,878,0.0,0.0
2022-11-03 12:30:00-04:00,29.790000915527344,29.790000915527344,29.790000915527344,29.790000915527344,209,0.0,0.0
2022-11-03 13:30:00-04:00,29.700000762939453,29.700000762939453,29.6200008392334,29.649999618530273,2172,0.0,0.0
2022-11-03 14:30:00-04:00,29.639999389648438,29.719999313354492,29.639999389648438,29.719999313354492,2489,0.0,0.0
2022-11-03 15:30:00-04:00,29.690000534057617,29.809999465942383,29.56999969482422,29.639999389648438,4943,0.0,0.0
2022-11-04 09:30:00-04:00,30.270000457763672,30.43000030517578,30.117700576782227,30.31999969482422,0,0.0,0.0
2022-11-04 10:30:00-04:00,30.3799991607666,30.420000076293945,30.239999771118164,30.309999465942383,5453,0.0,0.0
2022-11-04 11:30:00-04:00,30.075000762939453,30.235000610351562,29.700000762939453,30.11989974975586,7874,0.0,0.0
2022-11-04 12:30:00-04:00,29.94499969482422,30.045000076293945,29.94499969482422,29.94499969482422,753,0.0,0.0
2022-11-04 13:30:00-04:00,29.934999465942383,30.274999618530273,29.934999465942383,30.135000228881836,1240,0.0,0.0
2022-11-04 14:30:00-04:00,30.014999389648438,30.510000228881836,29.992000579833984,30.358800888061523,2851,0.0,0.0
2022-11-04 15:30:00-04:00,30.309999465942383,30.54199981689453,30.1200008392334,30.1200008392334,9878,0.0,0.0
2022-11-07 09:30:00-05:00,30.309999465942383,30.79759979248047,30.309999465942383,30.469999313354492,0,0.0,0.0
2022-11-07 10:30:00-05:00,30.510000228881836,30.565000534057617,30.510000228881836,30.565000534057617,331,0.0,0.0
2022-11-07 11:30:00-05:00,30.6018009185791,30.6018009185791,30.420000076293945,30.475000381469727,14186,0.0,0.0
2022-11-07 12:30:00-05:00,30.5049991607666,30.582000732421875,30.5049991607666,30.582000732421875,833,0.0,0.0
2022-11-07 13:30:00-05:00,30.40999984741211,30.534000396728516,30.389999389648438,30.534000396728516,1331,0.0,0.0
2022-11-07 14:30:00-05:00,30.405000686645508,30.459999084472656,30.405000686645508,30.420000076293945,12069,0.0,0.0
2022-11-07 15:30:00-05:00,30.475000381469727,30.5,30.440000534057617,30.440000534057617,996,0.0,0.0
2022-11-08 09:30:00-05:00,30.260000228881836,30.59000015258789,30.260000228881836,30.540000915527344,0,0.0,0.0
2022-11-08 10:30:00-05:00,30.584999084472656,30.780000686645508,30.510000228881836,30.6299991607666,26913,0.0,0.0
2022-11-08 11:30:00-05:00,30.639999389648438,30.78499984741211,30.614999771118164,30.649999618530273,7623,0.0,0.0
2022-11-08 12:30:00-05:00,30.6299991607666,30.647199630737305,30.440000534057617,30.459999084472656,15098,0.0,0.0
2022-11-08 13:30:00-05:00,30.513999938964844,30.6200008392334,30.380399703979492,30.549999237060547,26417,0.0,0.0
2022-11-08 14:30:00-05:00,30.395000457763672,30.700000762939453,30.395000457763672,30.700000762939453,1357,0.0,0.0
2022-11-08 15:30:00-05:00,30.760000228881836,30.809999465942383,30.700000762939453,30.700000762939453,2416,0.0,0.0
2022-11-09 09:30:00-05:00,30.360000610351562,30.530000686645508,30.020000457763672,30.420000076293945,0,0.0,0.0
2022-11-09 10:30:00-05:00,30.440000534057617,30.5,30.024999618530273,30.18000030517578,8386,0.0,0.0
2022-11-09 11:30:00-05:00,30.100000381469727,30.36989974975586,29.979999542236328,30.100000381469727,6297,0.0,0.0
2022-11-09 12:30:00-05:00,30.094999313354492,30.094999313354492,30.020000457763672,30.03499984741211,2345,0.0,0.0
2022-11-09 13:30:00-05:00,29.950000762939453,30.084999084472656,29.729999542236328,29.889999389648438,11304,0.0,0.0
2022-11-09 14:30:00-05:00,29.915000915527344,29.915000915527344,29.735000610351562,29.735000610351562,2457,0.0,0.0
2022-11-09 15:30:00-05:00,29.690000534057617,29.809999465942383,29.684999465942383,29.809999465942383,664,0.0,0.0
2022-11-10 09:30:00-05:00,30.139999389648438,30.420000076293945,30.1299991607666,30.40999984741211,1726,0.0,0.0
2022-11-10 10:30:00-05:00,30.309999465942383,30.670000076293945,30.114999771118164,30.299999237060547,27550,0.0,0.0
2022-11-10 11:30:00-05:00,30.1200008392334,30.1200008392334,29.75,29.75,34086,0.0,0.0
2022-11-10 12:30:00-05:00,29.75,29.950000762939453,29.65999984741211,29.950000762939453,31018,0.0,0.0
2022-11-10 13:30:00-05:00,29.719999313354492,29.864999771118164,29.719999313354492,29.864999771118164,1204,0.0,0.0
2022-11-10 14:30:00-05:00,29.864999771118164,29.961999893188477,29.864999771118164,29.924999237060547,4233,0.0,0.0
2022-11-10 15:30:00-05:00,29.969999313354492,30.25,29.940000534057617,30.100000381469727,18481,0.0,0.0
2022-11-11 09:30:00-05:00,30.350000381469727,30.762399673461914,30.350000381469727,30.635000228881836,0,0.0,0.0
2022-11-11 10:30:00-05:00,30.770000457763672,30.780000686645508,30.592599868774414,30.592599868774414,22472,0.0,0.0
2022-11-11 11:30:00-05:00,30.610000610351562,30.670000076293945,30.449499130249023,30.639999389648438,5869,0.0,0.0
2022-11-11 12:30:00-05:00,30.670000076293945,30.75,30.551799774169922,30.551799774169922,6208,0.0,0.0
2022-11-11 13:30:00-05:00,30.6200008392334,30.690000534057617,30.577499389648438,30.577499389648438,1568,0.0,0.0
2022-11-11 14:30:00-05:00,30.829999923706055,30.879899978637695,30.670000076293945,30.83989906311035,3358,0.0,0.0
2022-11-11 15:30:00-05:00,30.739999771118164,30.75,30.65999984741211,30.700000762939453,3508,0.0,0.0
2022-11-14 09:30:00-05:00,30.389999389648438,31.43000030517578,30.389999389648438,31.43000030517578,10906,0.0,0.0
2022-11-14 10:30:00-05:00,31.424999237060547,31.459999084472656,31.100000381469727,31.1299991607666,8000,0.0,0.0
2022-11-14 11:30:00-05:00,31.15999984741211,31.190000534057617,31.025800704956055,31.190000534057617,3256,0.0,0.0
2022-11-14 12:30:00-05:00,31.2450008392334,31.2450008392334,31.149999618530273,31.149999618530273,1026,0.0,0.0
2022-11-14 13:30:00-05:00,31.195999145507812,31.229999542236328,31.190000534057617,31.190000534057617,2401,0.0,0.0
2022-11-14 14:30:00-05:00,31.135000228881836,31.135000228881836,30.899999618530273,30.899999618530273,7771,0.0,0.0
2022-11-14 15:30:00-05:00,30.8799991607666,30.8799991607666,30.725000381469727,30.790000915527344,7775,0.0,0.0
2022-11-15 09:30:00-05:00,30.93000030517578,30.93000030517578,30.75,30.780000686645508,0,0.0,0.0
2022-11-15 10:30:00-05:00,30.959999084472656,30.959999084472656,30.549999237060547,30.71780014038086,1389,0.0,0.0
2022-11-15 11:30:00-05:00,30.635000228881836,30.950000762939453,30.628599166870117,30.716899871826172,3907,0.0,0.0
2022-11-15 12:30:00-05:00,30.610000610351562,30.860000610351562,30.579999923706055,30.579999923706055,7483,0.0,0.0
2022-11-15 13:30:00-05:00,30.610000610351562,30.719999313354492,30.510000228881836,30.510000228881836,7164,0.0,0.0
2022-11-15 14:30:00-05:00,30.510000228881836,30.559999465942383,30.200000762939453,30.290000915527344,6774,0.0,0.0
2022-11-15 15:30:00-05:00,30.540000915527344,30.559999465942383,30.340499877929688,30.350000381469727,2005,0.0,0.0
2022-11-16 09:30:00-05:00,30.139999389648438,30.520000457763672,30.139999389648438,30.329999923706055,3011,0.0,0.0
2022-11-16 10:30:00-05:00,30.3302001953125,30.551599502563477,30.272199630737305,30.272199630737305,864,0.0,0.0
2022-11-16 11:30:00-05:00,30.170000076293945,30.55929946899414,30.1299991607666,30.1299991607666,2284,0.0,0.0
2022-11-16 13:30:00-05:00,30.304500579833984,30.304500579833984,30.190000534057617,30.190000534057617,587,0.0,0.0
2022-11-16 14:30:00-05:00,30.399999618530273,30.40999984741211,30.150100708007812,30.229999542236328,6312,0.0,0.0
2022-11-16 15:30:00-05:00,30.25,30.40999984741211,30.229999542236328,30.299999237060547,2126,0.0,0.0
2022-11-17 09:30:00-05:00,30.079999923706055,30.18000030517578,29.81999969482422,30.010000228881836,0,0.0,0.0
2022-11-17 10:30:00-05:00,30.499900817871094,30.499900817871094,29.920000076293945,29.920000076293945,303,0.0,0.0
2022-11-17 11:30:00-05:00,29.948999404907227,30.229999542236328,29.8799991607666,29.8799991607666,3286,0.0,0.0
2022-11-17 12:30:00-05:00,30.084999084472656,30.084999084472656,29.959999084472656,30.084999084472656,662,0.0,0.0
2022-11-17 13:30:00-05:00,29.956899642944336,29.957799911499023,29.690000534057617,29.8799991607666,32587,0.0,0.0
2022-11-17 14:30:00-05:00,30.05500030517578,30.259899139404297,29.770000457763672,29.799999237060547,13275,0.0,0.0
2022-11-17 15:30:00-05:00,29.8799991607666,29.8799991607666,29.81999969482422,29.81999969482422,2494,0.0,0.0
2022-11-18 09:30:00-05:00,29.459999084472656,29.8700008392334,29.459999084472656,29.8700008392334,0,0.0,0.0
2022-11-18 11:30:00-05:00,30.049999237060547,30.049999237060547,30.049999237060547,30.049999237060547,610,0.0,0.0
2022-11-18 12:30:00-05:00,30.100000381469727,30.239999771118164,30.100000381469727,30.239999771118164,2263,0.0,0.0
2022-11-18 13:30:00-05:00,30.18000030517578,30.361000061035156,30.18000030517578,30.290000915527344,7836,0.0,0.0
2022-11-18 14:30:00-05:00,30.309999465942383,30.332000732421875,30.299999237060547,30.299999237060547,2471,0.0,0.0
2022-11-18 15:30:00-05:00,30.40999984741211,30.549999237060547,30.270000457763672,30.270000457763672,6030,0.0,0.0
2022-11-21 09:30:00-05:00,29.579999923706055,29.579999923706055,29.229999542236328,29.41990089416504,0,0.0,0.0
2022-11-21 10:30:00-05:00,29.059999465942383,29.225000381469727,28.940000534057617,28.940000534057617,5381,0.0,0.0
2022-11-21 11:30:00-05:00,28.950000762939453,29.290000915527344,28.93400001525879,29.190000534057617,3878,0.0,0.0
2022-11-21 12:30:00-05:00,29.299999237060547,29.530000686645508,29.289899826049805,29.479999542236328,1993,0.0,0.0
2022-11-21 13:30:00-05:00,29.399999618530273,29.399999618530273,29.200000762939453,29.200000762939453,1027,0.0,0.0
2022-11-21 14:30:00-05:00,29.170000076293945,29.200000762939453,29.06999969482422,29.15999984741211,4633,0.0,0.0
2022-11-21 15:30:00-05:00,29.190000534057617,29.280000686645508,29.18000030517578,29.280000686645508,1822,0.0,0.0
2022-11-22 09:30:00-05:00,29.489999771118164,29.989999771118164,29.489999771118164,29.905000686645508,0,0.0,0.0
2022-11-22 10:30:00-05:00,29.905000686645508,30.20989990234375,29.905000686645508,30.09000015258789,1110,0.0,0.0
2022-11-22 11:30:00-05:00,30.073999404907227,30.295000076293945,30.073999404907227,30.25,2976,0.0,0.0
2022-11-22 12:30:00-05:00,30.149999618530273,30.284000396728516,30.103599548339844,30.190000534057617,11896,0.0,0.0
2022-11-22 13:30:00-05:00,30.203399658203125,30.203399658203125,30.079999923706055,30.190000534057617,4176,0.0,0.0
2022-11-22 14:30:00-05:00,30.243999481201172,30.270000457763672,30.190000534057617,30.270000457763672,1812,0.0,0.0
2022-11-22 15:30:00-05:00,30.260000228881836,30.280000686645508,30.219999313354492,30.280000686645508,2225,0.0,0.0
2022-11-23 09:30:00-05:00,29.93000030517578,30.049999237060547,29.920000076293945,30.0,0,0.0,0.0
2022-11-23 10:30:00-05:00,30.049999237060547,30.149900436401367,29.889999389648438,30.149900436401367,561,0.0,0.0
2022-11-23 11:30:00-05:00,29.959999084472656,29.959999084472656,29.760000228881836,29.760000228881836,1610,0.0,0.0
2022-11-23 12:30:00-05:00,29.670000076293945,29.709999084472656,29.6299991607666,29.709999084472656,4429,0.0,0.0
2022-11-23 13:30:00-05:00,29.700000762939453,30.020000457763672,29.700000762939453,29.940000534057617,1734,0.0,0.0
2022-11-23 14:30:00-05:00,29.895000457763672,30.020000457763672,29.8700008392334,29.959999084472656,1497,0.0,0.0
2022-11-23 15:30:00-05:00,29.809999465942383,29.8799991607666,29.770000457763672,29.81999969482422,1176,0.0,0.0
2022-11-25 09:30:00-05:00,29.75,30.125,29.75,30.030000686645508,0,0.0,0.0
2022-11-25 10:30:00-05:00,30.050100326538086,30.125,30.040000915527344,30.040000915527344,1608,0.0,0.0
2022-11-25 11:30:00-05:00,30.010000228881836,30.075000762939453,30.010000228881836,30.075000762939453,341,0.0,0.0
2022-11-25 12:30:00-05:00,30.04599952697754,30.04599952697754,29.8799991607666,29.8799991607666,0,0.0,0.0
2022-11-28 09:30:00-05:00,29.639999389648438,29.809999465942383,29.3799991607666,29.690000534057617,13100,0.0,0.0
2022-11-28 10:30:00-05:00,29.579999923706055,29.69499969482422,29.540000915527344,29.670000076293945,6493,0.0,0.0
2022-11-28 11:30:00-05:00,29.670000076293945,29.889999389648438,29.639999389648438,29.790000915527344,8369,0.0,0.0
2022-11-28 12:30:00-05:00,29.760000228881836,29.8799991607666,29.700000762939453,29.860000610351562,26001,0.0,0.0
2022-11-28 13:30:00-05:00,29.739999771118164,29.836000442504883,29.649999618530273,29.739999771118164,8857,0.0,0.0
2022-11-28 14:30:00-05:00,29.729999542236328,29.760000228881836,29.58639907836914,29.610000610351562,10695,0.0,0.0
2022-11-28 15:30:00-05:00,29.67020034790039,29.729999542236328,29.59000015258789,29.59000015258789,4436,0.0,0.0
2022-11-29 09:30:00-05:00,29.760000228881836,30.079999923706055,29.739999771118164,30.06999969482422,0,0.0,0.0
2022-11-29 10:30:00-05:00,30.079999923706055,30.18000030517578,29.940000534057617,29.940000534057617,13942,0.0,0.0
2022-11-29 11:30:00-05:00,29.940000534057617,30.17650032043457,29.940000534057617,30.17650032043457,9211,0.0,0.0
2022-11-29 12:30:00-05:00,30.1200008392334,30.290000915527344,30.110000610351562,30.290000915527344,15418,0.0,0.0
2022-11-29 13:30:00-05:00,30.322999954223633,30.334999084472656,30.260000228881836,30.31999969482422,12819,0.0,0.0
2022-11-29 14:30:00-05:00,30.31999969482422,30.3799991607666,30.315000534057617,30.315000534057617,3017,0.0,0.0
2022-11-29 15:30:00-05:00,30.329999923706055,30.399999618530273,30.329999923706055,30.360000610351562,8789,0.0,0.0
2022-11-30 09:30:00-05:00,30.739999771118164,30.739999771118164,30.110000610351562,30.219999313354492,0,0.0,0.0
2022-11-30 10:30:00-05:00,30.135000228881836,30.329999923706055,30.020000457763672,30.329999923706055,11284,0.0,0.0
2022-11-30 11:30:00-05:00,30.329999923706055,30.34000015258789,29.959999084472656,29.959999084472656,3619,0.0,0.0
2022-11-30 12:30:00-05:00,29.979999542236328,30.079999923706055,29.920000076293945,29.920000076293945,4815,0.0,0.0
2022-11-30 13:30:00-05:00,30.0,30.40999984741211,30.0,30.274999618530273,5934,0.0,0.0
2022-11-30 14:30:00-05:00,30.22450065612793,30.483200073242188,30.22450065612793,30.483200073242188,4037,0.0,0.0
2022-11-30 15:30:00-05:00,30.447200775146484,30.447200775146484,30.25,30.25,2658,0.0,0.0
2022-12-01 09:30:00-05:00,30.68000030517578,30.760000228881836,30.520000457763672,30.520000457763672,20122,0.0,0.0
2022-12-01 10:30:00-05:00,30.43000030517578,30.549999237060547,30.375099182128906,30.479999542236328,2653,0.0,0.0
2022-12-01 11:30:00-05:00,30.260000228881836,30.260000228881836,30.15999984741211,30.15999984741211,1131,0.0,0.0
2022-12-01 12:30:00-05:00,30.239999771118164,30.469999313354492,30.239999771118164,30.3799991607666,3594,0.0,0.0
2022-12-01 13:30:00-05:00,30.260000228881836,30.389999389648438,30.260000228881836,30.3700008392334,6604,0.0,0.0
2022-12-01 14:30:00-05:00,30.43000030517578,30.43000030517578,30.3700008392334,30.3700008392334,3035,0.0,0.0
2022-12-01 15:30:00-05:00,30.301700592041016,30.301700592041016,30.100000381469727,30.260000228881836,3096,0.0,0.0
2022-12-02 09:30:00-05:00,30.010000228881836,30.1200008392334,29.93000030517578,30.079999923706055,0,0.0,0.0
2022-12-02 10:30:00-05:00,30.139999389648438,30.25,30.030000686645508,30.030000686645508,2743,0.0,0.0
2022-12-02 11:30:00-05:00,30.1200008392334,30.225099563598633,30.047500610351562,30.200000762939453,3313,0.0,0.0
2022-12-02 12:30:00-05:00,30.200000762939453,30.225000381469727,30.040000915527344,30.100000381469727,16438,0.0,0.0
2022-12-02 13:30:00-05:00,30.145000457763672,30.25,30.125499725341797,30.25,3782,0.0,0.0
2022-12-02 14:30:00-05:00,30.25,30.25,30.100000381469727,30.25,4173,0.0,0.0
2022-12-02 15:30:00-05:00,30.25,30.25,30.070100784301758,30.25,2359,0.0,0.0
2022-12-05 09:30:00-05:00,30.329999923706055,30.5,29.959999084472656,30.084999084472656,5380,0.0,0.0
2022-12-05 10:30:00-05:00,30.079999923706055,30.079999923706055,29.850000381469727,29.850000381469727,6006,0.0,0.0
2022-12-05 11:30:00-05:00,29.850000381469727,29.86639976501465,29.719999313354492,29.860000610351562,4279,0.0,0.0
2022-12-05 12:30:00-05:00,29.74049949645996,29.74049949645996,29.6200008392334,29.6200008392334,2739,0.0,0.0
2022-12-05 13:30:00-05:00,29.55500030517578,29.850000381469727,29.55500030517578,29.6299991607666,2343,0.0,0.0
2022-12-05 14:30:00-05:00,29.510000228881836,29.68199920654297,29.469999313354492,29.530000686645508,1885,0.0,0.0
2022-12-05 15:30:00-05:00,29.579999923706055,29.579999923706055,29.510000228881836,29.520000457763672,1910,0.0,0.0
2022-12-06 09:30:00-05:00,29.469999313354492,29.850000381469727,29.469999313354492,29.5049991607666,7297,0.0,0.0
2022-12-06 10:30:00-05:00,29.5049991607666,29.790000915527344,29.309999465942383,29.510000228881836,13389,0.0,0.0
2022-12-06 11:30:00-05:00,29.454999923706055,29.56450080871582,29.329999923706055,29.329999923706055,6555,0.0,0.0
2022-12-06 12:30:00-05:00,29.329999923706055,29.400299072265625,29.190000534057617,29.202499389648438,14827,0.0,0.0
2022-12-06 13:30:00-05:00,29.190000534057617,29.239999771118164,29.059999465942383,29.059999465942383,5913,0.0,0.0
2022-12-06 14:30:00-05:00,29.010000228881836,29.059999465942383,28.920000076293945,28.93000030517578,9122,0.0,0.0
2022-12-06 15:30:00-05:00,28.959999084472656,29.0,28.899999618530273,28.93000030517578,2167,0.0,0.0
2022-12-07 09:30:00-05:00,28.93000030517578,29.209999084472656,28.93000030517578,29.059999465942383,8776,0.0,0.0
2022-12-07 10:30:00-05:00,28.992599487304688,29.149999618530273,28.790000915527344,28.809999465942383,14159,0.0,0.0
2022-12-07 11:30:00-05:00,28.84000015258789,29.190000534057617,28.84000015258789,29.040000915527344,10578,0.0,0.0
2022-12-07 12:30:00-05:00,28.889999389648438,28.889999389648438,28.739999771118164,28.79960060119629,8949,0.0,0.0
2022-12-07 13:30:00-05:00,28.739999771118164,28.75,28.579999923706055,28.600000381469727,9442,0.0,0.0
2022-12-07 14:30:00-05:00,28.600000381469727,28.736799240112305,28.600000381469727,28.610000610351562,7478,0.0,0.0
2022-12-07 15:30:00-05:00,28.610000610351562,28.610000610351562,28.510000228881836,28.510000228881836,7444,0.0,0.0
2022-12-08 09:30:00-05:00,28.84000015258789,29.68000030517578,28.65999984741211,28.8710994720459,0,0.0,0.0
2022-12-08 10:30:00-05:00,28.84000015258789,28.84000015258789,28.510000228881836,28.6299991607666,10753,0.0,0.0
2022-12-08 11:30:00-05:00,28.63249969482422,28.65999984741211,28.4950008392334,28.540000915527344,19238,0.0,0.0
2022-12-08 12:30:00-05:00,28.559999465942383,28.600000381469727,28.5,28.510000228881836,3349,0.0,0.0
2022-12-08 13:30:00-05:00,28.510000228881836,28.55299949645996,28.489999771118164,28.489999771118164,7211,0.0,0.0
2022-12-08 14:30:00-05:00,28.489999771118164,28.510000228881836,28.399999618530273,28.5,10209,0.0,0.0
2022-12-08 15:30:00-05:00,28.5,28.524999618530273,28.299999237060547,28.329999923706055,5866,0.0,0.0
2022-12-09 09:30:00-05:00,28.329999923706055,28.479999542236328,28.290000915527344,28.290000915527344,0,0.0,0.0
2022-12-09 10:30:00-05:00,28.290000915527344,28.360000610351562,28.100000381469727,28.360000610351562,5106,0.0,0.0
2022-12-09 11:30:00-05:00,28.360000610351562,28.520000457763672,28.270000457763672,28.270000457763672,7750,0.0,0.0
2022-12-09 12:30:00-05:00,28.229999542236328,28.229999542236328,28.059999465942383,28.059999465942383,3832,0.0,0.0
2022-12-09 13:30:00-05:00,28.115999221801758,28.115999221801758,28.0,28.010000228881836,4870,0.0,0.0
2022-12-09 14:30:00-05:00,28.0,28.097400665283203,28.0,28.079999923706055,4544,0.0,0.0
2022-12-09 15:30:00-05:00,27.979999542236328,27.979999542236328,27.790000915527344,27.799999237060547,8408,0.0,0.0
2022-12-12 09:30:00-05:00,28.020000457763672,28.190000534057617,27.809999465942383,27.860000610351562,0,0.0,0.0
2022-12-12 10:30:00-05:00,28.049999237060547,28.399999618530273,27.899999618530273,28.280000686645508,5825,0.0,0.0
2022-12-12 11:30:00-05:00,28.280000686645508,28.450000762939453,28.280000686645508,28.399999618530273,5439,0.0,0.0
2022-12-12 12:30:00-05:00,28.399999618530273,28.49220085144043,28.385000228881836,28.389999389648438,11951,0.0,0.0
2022-12-12 13:30:00-05:00,28.3799991607666,28.469999313354492,28.350000381469727,28.450000762939453,18418,0.0,0.0
2022-12-12 14:30:00-05:00,28.459999084472656,28.68000030517578,28.399999618530273,28.670000076293945,7071,0.0,0.0
2022-12-12 15:30:00-05:00,28.687000274658203,28.829999923706055,28.65999984741211,28.7450008392334,9124,0.0,0.0
2022-12-13 09:30:00-05:00,29.309999465942383,29.514999389648438,29.309999465942383,29.344999313354492,0,0.0,0.0
2022-12-13 10:30:00-05:00,29.210100173950195,29.219999313354492,28.899999618530273,28.959999084472656,19404,0.0,0.0
2022-12-13 11:30:00-05:00,28.959999084472656,28.959999084472656,28.600000381469727,28.850000381469727,73470,0.0,0.0
2022-12-13 12:30:00-05:00,28.834999084472656,29.010000228881836,28.799999237060547,29.0049991607666,7069,0.0,0.0
2022-12-13 13:30:00-05:00,28.979999542236328,29.040000915527344,28.899999618530273,28.899999618530273,11177,0.0,0.0
2022-12-13 14:30:00-05:00,28.969999313354492,29.170000076293945,28.940000534057617,29.170000076293945,32254,0.0,0.0
2022-12-13 15:30:00-05:00,29.18000030517578,29.219999313354492,28.969999313354492,28.969999313354492,2569,0.0,0.0
2022-12-14 09:30:00-05:00,29.170000076293945,29.739999771118164,29.059999465942383,29.68000030517578,0,0.0,0.0
2022-12-14 10:30:00-05:00,29.65999984741211,29.65999984741211,29.049999237060547,29.31999969482422,14505,0.0,0.0
2022-12-14 11:30:00-05:00,29.229999542236328,29.420000076293945,29.190000534057617,29.219999313354492,4752,0.0,0.0
2022-12-14 12:30:00-05:00,29.260000228881836,29.29400062561035,29.194000244140625,29.194000244140625,2294,0.0,0.0
2022-12-14 13:30:00-05:00,29.170000076293945,29.219999313354492,29.049999237060547,29.079999923706055,6679,0.0,0.0
2022-12-14 14:30:00-05:00,29.09000015258789,29.5,28.829999923706055,29.450000762939453,7968,0.0,0.0
2022-12-14 15:30:00-05:00,29.5,29.649999618530273,29.1299991607666,29.649999618530273,4132,0.0,0.0
2022-12-15 09:30:00-05:00,29.270000457763672,29.270000457763672,28.280000686645508,28.34000015258789,0,0.0,0.0
2022-12-15 10:30:00-05:00,28.3700008392334,28.46139907836914,28.149999618530273,28.149999618530273,7952,0.0,0.0
2022-12-15 11:30:00-05:00,28.15999984741211,28.610000610351562,28.15999984741211,28.520000457763672,8471,0.0,0.0
2022-12-15 12:30:00-05:00,28.524999618530273,28.610000610351562,28.4955997467041,28.56999969482422,5922,0.0,0.0
2022-12-15 13:30:00-05:00,28.559999465942383,28.974300384521484,28.559999465942383,28.799999237060547,8208,0.0,0.0
2022-12-15 14:30:00-05:00,28.799999237060547,29.170000076293945,28.790000915527344,29.059999465942383,7557,0.0,0.0
2022-12-15 15:30:00-05:00,29.18000030517578,29.540000915527344,29.0,29.440000534057617,4153,0.0,0.0
2022-12-16 09:30:00-05:00,28.81999969482422,28.81999969482422,28.31999969482422,28.364999771118164,0,0.0,0.0
2022-12-16 10:30:00-05:00,28.364999771118164,28.479999542236328,28.25,28.43000030517578,12586,0.0,0.0
2022-12-16 11:30:00-05:00,28.385000228881836,28.549999237060547,28.360000610351562,28.49839973449707,16680,0.0,0.0
2022-12-16 12:30:00-05:00,28.510000228881836,28.510000228881836,28.399999618530273,28.43000030517578,7147,0.0,0.0
2022-12-16 13:30:00-05:00,28.43000030517578,28.559999465942383,28.419200897216797,28.549999237060547,4553,0.0,0.0
2022-12-16 14:30:00-05:00,28.579999923706055,28.979999542236328,28.579999923706055,28.940000534057617,1095,0.0,0.0
2022-12-16 15:30:00-05:00,28.75,28.889999389648438,28.59000015258789,28.65999984741211,3816,0.0,0.0
2022-12-19 09:30:00-05:00,28.610000610351562,28.635700225830078,28.340999603271484,28.550500869750977,0,0.0,0.0
2022-12-19 10:30:00-05:00,28.549999237060547,28.579999923706055,28.520000457763672,28.540000915527344,8110,0.0,0.0
2022-12-19 11:30:00-05:00,28.559999465942383,28.59000015258789,28.520000457763672,28.520000457763672,16897,0.0,0.0
2022-12-19 12:30:00-05:00,28.524999618530273,28.540000915527344,28.406999588012695,28.406999588012695,6716,0.0,0.0
2022-12-19 13:30:00-05:00,28.399999618530273,28.420000076293945,28.299999237060547,28.299999237060547,7158,0.0,0.0
2022-12-19 14:30:00-05:00,28.1299991607666,28.350000381469727,28.059999465942383,28.139999389648438,13885,0.0,0.0
2022-12-19 15:30:00-05:00,28.200000762939453,28.200000762939453,28.030000686645508,28.030000686645508,10161,0.0,0.0
2022-12-20 09:30:00-05:00,27.8799991607666,28.270000457763672,27.8799991607666,28.229999542236328,0,0.0,0.0
2022-12-20 10:30:00-05:00,28.200000762939453,28.3700008392334,28.010000228881836,28.010000228881836,8415,0.0,0.0
2022-12-20 11:30:00-05:00,27.959999084472656,28.1299991607666,27.959999084472656,28.030000686645508,2089,0.0,0.0
2022-12-20 12:30:00-05:00,27.971399307250977,28.15999984741211,27.971399307250977,28.15999984741211,4302,0.0,0.0
2022-12-20 13:30:00-05:00,28.211999893188477,28.211999893188477,28.040000915527344,28.040000915527344,7023,0.0,0.0
2022-12-20 14:30:00-05:00,28.010000228881836,28.010000228881836,27.770000457763672,27.829999923706055,15492,0.0,0.0
2022-12-20 15:30:00-05:00,27.875,27.899999618530273,27.719999313354492,27.719999313354492,11959,0.0,0.0
2022-12-21 09:30:00-05:00,28.010000228881836,28.749900817871094,28.010000228881836,28.389999389648438,0,0.0,0.0
2022-12-21 10:30:00-05:00,28.501100540161133,28.501100540161133,28.329999923706055,28.329999923706055,3564,0.0,0.0
2022-12-21 11:30:00-05:00,28.34000015258789,28.399999618530273,28.34000015258789,28.399999618530273,769,0.0,0.0
2022-12-21 12:30:00-05:00,28.420000076293945,28.4596004486084,28.399999618530273,28.440000534057617,3951,0.0,0.0
2022-12-21 13:30:00-05:00,28.469999313354492,28.590499877929688,28.443199157714844,28.54170036315918,3661,0.0,0.0
2022-12-21 14:30:00-05:00,28.56999969482422,28.65999984741211,28.552000045776367,28.649999618530273,5179,0.0,0.0
2022-12-21 15:30:00-05:00,28.610000610351562,28.610000610351562,28.1299991607666,28.15999984741211,5325,0.0,0.0
2022-12-22 09:30:00-05:00,28.25,28.25,27.959999084472656,28.065000534057617,0,0.0,0.0
2022-12-22 10:30:00-05:00,28.05500030517578,28.059999465942383,27.970399856567383,28.059999465942383,1874,0.0,0.0
2022-12-22 11:30:00-05:00,28.020000457763672,28.229999542236328,28.020000457763672,28.1200008392334,5811,0.0,0.0
2022-12-22 12:30:00-05:00,28.09000015258789,28.139999389648438,27.710100173950195,27.829999923706055,7471,0.0,0.0
2022-12-22 13:30:00-05:00,27.84000015258789,28.020000457763672,27.700000762939453,27.84000015258789,5946,0.0,0.0
2022-12-22 14:30:00-05:00,28.059999465942383,28.75,27.959999084472656,28.559999465942383,11889,0.0,0.0
2022-12-22 15:30:00-05:00,28.520000457763672,28.709999084472656,28.270000457763672,28.459999084472656,1469,0.0,0.0
2022-12-23 09:30:00-05:00,28.450000762939453,28.670000076293945,28.280000686645508,28.53689956665039,0,0.0,0.0
2022-12-23 10:30:00-05:00,28.799999237060547,29.149999618530273,28.799999237060547,29.05500030517578,16219,0.0,0.0
2022-12-23 11:30:00-05:00,29.05500030517578,29.100000381469727,29.049999237060547,29.09000015258789,6674,0.0,0.0
2022-12-23 12:30:00-05:00,29.059999465942383,29.190000534057617,28.90999984741211,29.065000534057617,8028,0.0,0.0
2022-12-23 13:30:00-05:00,29.043100357055664,29.13990020751953,29.043100357055664,29.13990020751953,1702,0.0,0.0
2022-12-23 14:30:00-05:00,29.130399703979492,29.309999465942383,29.130399703979492,29.309999465942383,4065,0.0,0.0
2022-12-23 15:30:00-05:00,29.299999237060547,29.31999969482422,29.190000534057617,29.219999313354492,7884,0.0,0.0
2022-12-27 09:30:00-05:00,29.3700008392334,29.399999618530273,29.170000076293945,29.270000457763672,0,0.0,0.0
2022-12-27 10:30:00-05:00,29.440000534057617,29.468000411987305,29.229999542236328,29.34000015258789,7352,0.0,0.0
2022-12-27 11:30:00-05:00,29.354999542236328,29.399999618530273,29.31999969482422,29.31999969482422,11707,0.0,0.0
2022-12-27 12:30:00-05:00,29.350000381469727,29.350000381469727,29.280000686645508,29.329999923706055,5573,0.0,0.0
2022-12-27 13:30:00-05:00,29.349000930786133,29.3700008392334,29.260000228881836,29.289400100708008,8945,0.0,0.0
2022-12-27 14:30:00-05:00,29.229999542236328,29.530000686645508,29.229999542236328,29.520000457763672,5287,0.0,0.0
2022-12-27 15:30:00-05:00,29.530000686645508,29.539600372314453,29.40999984741211,29.420000076293945,3779,0.0,0.0
2022-12-28 09:30:00-05:00,29.200000762939453,29.200000762939453,28.68000030517578,28.68000030517578,0,0.0,0.0
2022-12-28 10:30:00-05:00,28.66710090637207,28.93000030517578,28.66710090637207,28.809999465942383,4211,0.0,0.0
2022-12-28 11:30:00-05:00,28.799999237060547,28.799999237060547,28.389999389648438,28.485000610351562,7265,0.0,0.0
2022-12-28 12:30:00-05:00,28.524999618530273,28.799999237060547,28.489999771118164,28.799999237060547,12762,0.0,0.0
2022-12-28 13:30:00-05:00,28.790000915527344,28.88610076904297,28.729999542236328,28.829999923706055,3753,0.0,0.0
2022-12-28 14:30:00-05:00,28.81999969482422,28.850000381469727,28.448699951171875,28.450000762939453,8426,0.0,0.0
2022-12-28 15:30:00-05:00,28.40999984741211,28.549999237060547,28.389999389648438,28.389999389648438,3993,0.0,0.0
2022-12-29 09:30:00-05:00,28.290000915527344,29.31999969482422,28.290000915527344,29.309999465942383,0,0.0,0.0
2022-12-29 10:30:00-05:00,29.299999237060547,29.489999771118164,29.060100555419922,29.31999969482422,25574,0.0,0.0
2022-12-29 11:30:00-05:00,29.489999771118164,29.68000030517578,28.670000076293945,28.670000076293945,45996,0.0,0.0
2022-12-29 12:30:00-05:00,28.6200008392334,28.729999542236328,28.3799991607666,28.420000076293945,14060,0.0,0.0
2022-12-29 13:30:00-05:00,28.506000518798828,28.55739974975586,28.34000015258789,28.434999465942383,11741,0.0,0.0
2022-12-29 14:30:00-05:00,28.434999465942383,28.44499969482422,28.260000228881836,28.381999969482422,9548,0.0,0.0
2022-12-29 15:30:00-05:00,28.459999084472656,28.520000457763672,28.350000381469727,28.501100540161133,3477,0.0,0.0
2022-12-30 09:30:00-05:00,28.389999389648438,28.65999984741211,28.31999969482422,28.559999465942383,0,0.0,0.0
2022-12-30 11:30:00-05:00,28.469999313354492,28.5,28.309999465942383,28.3799991607666,7046,0.0,0.0
2022-12-30 12:30:00-05:00,28.508699417114258,28.508699417114258,28.290000915527344,28.306699752807617,9867,0.0,0.0
2022-12-30 13:30:00-05:00,28.3700008392334,28.510000228881836,28.25,28.28499984741211,7981,0.0,0.0
2022-12-30 14:30:00-05:00,28.260000228881836,28.56999969482422,28.260000228881836,28.46500015258789,13965,0.0,0.0
2022-12-30 15:30:00-05:00,28.54990005493164,28.625,28.46109962463379,28.625,2427,0.0,0.0
2023-01-03 09:30:00-05:00,28.549999237060547,29.049999237060547,28.121599197387695,28.121599197387695,0,0.0,0.0
2023-01-03 10:30:00-05:00,28.1200008392334,28.149999618530273,27.979999542236328,28.06999969482422,2301,0.0,0.0
2023-01-03 11:30:00-05:00,28.06999969482422,28.179899215698242,27.739999771118164,27.780000686645508,8239,0.0,0.0
2023-01-03 12:30:00-05:00,27.760000228881836,27.760000228881836,27.625,27.639999389648438,3438,0.0,0.0
2023-01-03 13:30:00-05:00,27.639999389648438,27.670000076293945,27.510000228881836,27.510000228881836,3347,0.0,0.0
2023-01-03 14:30:00-05:00,27.486400604248047,27.65999984741211,27.450000762939453,27.59000015258789,9335,0.0,0.0
2023-01-03 15:30:00-05:00,27.6200008392334,27.699899673461914,27.579999923706055,27.59000015258789,6119,0.0,0.0
2023-01-04 09:30:00-05:00,27.440000534057617,27.65999984741211,27.440000534057617,27.59000015258789,0,0.0,0.0
2023-01-04 10:30:00-05:00,27.65999984741211,27.739999771118164,27.639999389648438,27.690000534057617,15328,0.0,0.0
2023-01-04 11:30:00-05:00,27.729999542236328,27.739999771118164,27.68000030517578,27.71500015258789,13028,0.0,0.0
2023-01-04 12:30:00-05:00,27.719999313354492,27.790000915527344,27.700000762939453,27.760000228881836,10136,0.0,0.0
2023-01-04 13:30:00-05:00,27.760000228881836,27.780000686645508,27.530000686645508,27.530000686645508,6086,0.0,0.0
2023-01-04 14:30:00-05:00,27.510000228881836,27.510000228881836,27.43000030517578,27.489999771118164,16864,0.0,0.0
2023-01-04 15:30:00-05:00,27.485000610351562,27.540000915527344,27.420000076293945,27.540000915527344,15058,0.0,0.0
2023-01-05 09:30:00-05:00,27.540000915527344,27.6299991607666,27.475000381469727,27.485000610351562,0,0.0,0.0
2023-01-05 10:30:00-05:00,27.5,27.5,27.5,27.5,259,0.0,0.0
2023-01-05 11:30:00-05:00,27.410400390625,27.49090003967285,27.360000610351562,27.46500015258789,9154,0.0,0.0
2023-01-05 12:30:00-05:00,27.46500015258789,27.559999465942383,27.450000762939453,27.549999237060547,4276,0.0,0.0
2023-01-05 13:30:00-05:00,27.549999237060547,27.68600082397461,27.479999542236328,27.599000930786133,5277,0.0,0.0
2023-01-05 14:30:00-05:00,27.565000534057617,27.566299438476562,27.479999542236328,27.510000228881836,4752,0.0,0.0
2023-01-05 15:30:00-05:00,27.510000228881836,27.63990020751953,27.5,27.559999465942383,20760,0.0,0.0
2023-01-06 09:30:00-05:00,27.93000030517578,28.739999771118164,27.93000030517578,28.670000076293945,0,0.0,0.0
2023-01-06 10:30:00-05:00,28.676000595092773,28.78499984741211,28.676000595092773,28.690000534057617,3550,0.0,0.0
2023-01-06 11:30:00-05:00,28.66010093688965,28.68000030517578,28.600000381469727,28.65999984741211,1924,0.0,0.0
2023-01-06 12:30:00-05:00,28.59000015258789,28.6299991607666,28.549999237060547,28.625,6561,0.0,0.0
2023-01-06 13:30:00-05:00,28.520000457763672,28.690000534057617,28.510000228881836,28.610000610351562,8451,0.0,0.0
2023-01-06 14:30:00-05:00,28.6299991607666,28.665000915527344,28.559999465942383,28.649999618530273,12875,0.0,0.0
2023-01-06 15:30:00-05:00,28.700000762939453,28.770000457763672,28.690000534057617,28.760000228881836,10848,0.0,0.0
2023-01-09 09:30:00-05:00,29.170000076293945,29.450000762939453,28.979999542236328,29.280000686645508,0,0.0,0.0
2023-01-09 10:30:00-05:00,29.402999877929688,29.459999084472656,29.332000732421875,29.350000381469727,8273,0.0,0.0
2023-01-09 11:30:00-05:00,29.420000076293945,29.420000076293945,29.190000534057617,29.2450008392334,12517,0.0,0.0
2023-01-09 12:30:00-05:00,29.260000228881836,29.34000015258789,29.139999389648438,29.139999389648438,5907,0.0,0.0
2023-01-09 13:30:00-05:00,29.25,29.25,28.9950008392334,29.040000915527344,14572,0.0,0.0
2023-01-09 14:30:00-05:00,29.0,29.065000534057617,28.899999618530273,28.931400299072266,8278,0.0,0.0
2023-01-09 15:30:00-05:00,28.93000030517578,28.940000534057617,28.860000610351562,28.940000534057617,32935,0.0,0.0
2023-01-10 09:30:00-05:00,28.950000762939453,29.149999618530273,28.950000762939453,29.014999389648438,0,0.0,0.0
2023-01-10 10:30:00-05:00,29.0,29.0,28.780000686645508,28.989999771118164,3077,0.0,0.0
2023-01-10 11:30:00-05:00,28.959999084472656,29.149999618530273,28.950000762939453,29.149999618530273,6260,0.0,0.0
2023-01-10 12:30:00-05:00,29.170000076293945,29.229999542236328,28.995800018310547,28.995800018310547,13885,0.0,0.0
2023-01-10 13:30:00-05:00,29.13990020751953,29.18000030517578,28.889999389648438,28.934999465942383,34311,0.0,0.0
2023-01-10 14:30:00-05:00,28.940000534057617,29.099899291992188,28.902000427246094,29.049999237060547,7175,0.0,0.0
2023-01-10 15:30:00-05:00,29.010000228881836,29.010000228881836,28.860000610351562,28.860000610351562,6279,0.0,0.0
2023-01-11 09:30:00-05:00,29.1299991607666,29.5,29.1299991607666,29.229999542236328,0,0.0,0.0
2023-01-11 10:30:00-05:00,29.2549991607666,29.34040069580078,29.219999313354492,29.219999313354492,4073,0.0,0.0
2023-01-11 11:30:00-05:00,29.2450008392334,29.360000610351562,29.2450008392334,29.34000015258789,1265,0.0,0.0
2023-01-11 12:30:00-05:00,29.31399917602539,29.360000610351562,29.139999389648438,29.190000534057617,6222,0.0,0.0
2023-01-11 13:30:00-05:00,29.18199920654297,29.350000381469727,29.18199920654297,29.344999313354492,2290,0.0,0.0
2023-01-11 14:30:00-05:00,29.350000381469727,29.399999618530273,29.309999465942383,29.329999923706055,15461,0.0,0.0
2023-01-11 15:30:00-05:00,29.31999969482422,29.360000610351562,29.280000686645508,29.309999465942383,12606,0.0,0.0
2023-01-12 09:30:00-05:00,29.520000457763672,29.75,29.440000534057617,29.729999542236328,0,0.0,0.0
2023-01-12 10:30:00-05:00,29.729999542236328,29.834999084472656,29.600000381469727,29.774999618530273,17554,0.0,0.0
2023-01-12 11:30:00-05:00,29.729999542236328,29.950000762939453,29.6299991607666,29.860000610351562,3593,0.0,0.0
2023-01-12 12:30:00-05:00,29.960800170898438,29.989999771118164,29.850000381469727,29.850000381469727,16190,0.0,0.0
2023-01-12 13:30:00-05:00,29.850000381469727,29.895000457763672,29.760000228881836,29.8700008392334,8189,0.0,0.0
2023-01-12 14:30:00-05:00,29.979999542236328,29.979999542236328,29.760000228881836,29.825000762939453,20054,0.0,0.0
2023-01-12 15:30:00-05:00,29.799999237060547,29.84000015258789,29.739999771118164,29.809999465942383,13035,0.0,0.0
2023-01-13 09:30:00-05:00,29.790000915527344,29.87540054321289,29.670000076293945,29.860000610351562,0,0.0,0.0
2023-01-13 10:30:00-05:00,29.860000610351562,29.954999923706055,29.770000457763672,29.905000686645508,7094,0.0,0.0
2023-01-13 11:30:00-05:00,29.8799991607666,29.895000457763672,29.850000381469727,29.850000381469727,2106,0.0,0.0
2023-01-13 12:30:00-05:00,29.864999771118164,29.8799991607666,29.864999771118164,29.864999771118164,2128,0.0,0.0
2023-01-13 13:30:00-05:00,29.899999618530273,29.90999984741211,29.864999771118164,29.90999984741211,2712,0.0,0.0
2023-01-13 14:30:00-05:00,29.90999984741211,29.969999313354492,29.834999084472656,29.864999771118164,9317,0.0,0.0
2023-01-13 15:30:00-05:00,29.864999771118164,29.8799991607666,29.799999237060547,29.799999237060547,8142,0.0,0.0
2023-01-17 09:30:00-05:00,29.989999771118164,30.059999465942383,29.854999542236328,30.0,14623,0.0,0.0
2023-01-17 10:30:00-05:00,30.01919937133789,30.16990089416504,29.940000534057617,29.940000534057617,13436,0.0,0.0
2023-01-17 11:30:00-05:00,29.969999313354492,30.030000686645508,29.760000228881836,29.760000228881836,11902,0.0,0.0
2023-01-17 12:30:00-05:00,29.760000228881836,29.81599998474121,29.670000076293945,29.690000534057617,8160,0.0,0.0
2023-01-17 13:30:00-05:00,29.690000534057617,29.729999542236328,29.670000076293945,29.709999084472656,11289,0.0,0.0
2023-01-17 14:30:00-05:00,29.719999313354492,29.875,29.700000762939453,29.700000762939453,13562,0.0,0.0
2023-01-17 15:30:00-05:00,29.68000030517578,29.790000915527344,29.670000076293945,29.719999313354492,3681,0.0,0.0
2023-01-18 09:30:00-05:00,29.969999313354492,30.229999542236328,29.969999313354492,30.149999618530273,0,0.0,0.0
2023-01-18 10:30:00-05:00,30.175899505615234,30.175899505615234,29.844999313354492,29.860000610351562,6073,0.0,0.0
2023-01-18 11:30:00-05:00,29.860000610351562,29.860000610351562,29.520000457763672,29.520000457763672,2526,0.0,0.0
2023-01-18 12:30:00-05:00,29.543100357055664,29.566299438476562,29.389999389648438,29.440000534057617,7893,0.0,0.0
2023-01-18 13:30:00-05:00,29.514999389648438,29.514999389648438,29.34000015258789,29.459999084472656,3606,0.0,0.0
2023-01-18 14:30:00-05:00,29.469900131225586,29.510000228881836,29.360000610351562,29.40999984741211,7051,0.0,0.0
2023-01-18 15:30:00-05:00,29.34000015258789,29.34000015258789,29.329999923706055,29.34000015258789,2681,0.0,0.0
2023-01-19 09:30:00-05:00,29.18000030517578,29.350000381469727,29.18000030517578,29.350000381469727,0,0.0,0.0
2023-01-19 10:30:00-05:00,29.325000762939453,29.325000762939453,29.242300033569336,29.242300033569336,669,0.0,0.0
2023-01-19 11:30:00-05:00,29.393999099731445,29.670000076293945,29.344999313354492,29.63520050048828,4249,0.0,0.0
2023-01-19 12:30:00-05:00,29.6200008392334,29.790000915527344,29.59000015258789,29.735000610351562,6156,0.0,0.0
2023-01-19 13:30:00-05:00,29.600000381469727,29.739999771118164,29.600000381469727,29.700000762939453,1364,0.0,0.0
2023-01-19 14:30:00-05:00,29.700000762939453,29.860000610351562,29.700000762939453,29.7450008392334,4458,0.0,0.0
2023-01-19 15:30:00-05:00,29.700000762939453,29.700000762939453,29.6200008392334,29.639999389648438,1787,0.0,0.0
2023-01-20 09:30:00-05:00,29.719999313354492,29.719999313354492,29.579999923706055,29.579999923706055,0,0.0,0.0
2023-01-20 10:30:00-05:00,29.780000686645508,29.855100631713867,29.780000686645508,29.855100631713867,727,0.0,0.0
2023-01-20 11:30:00-05:00,29.793399810791016,29.864999771118164,29.79010009765625,29.864999771118164,1679,0.0,0.0
2023-01-20 12:30:00-05:00,29.87929916381836,29.8799991607666,29.81999969482422,29.8799991607666,1950,0.0,0.0
2023-01-20 13:30:00-05:00,29.816999435424805,29.969999313354492,29.816999435424805,29.969999313354492,800,0.0,0.0
2023-01-20 14:30:00-05:00,29.954999923706055,30.078399658203125,29.84000015258789,30.078399658203125,4212,0.0,0.0
2023-01-20 15:30:00-05:00,30.049999237060547,30.18000030517578,30.040000915527344,30.170000076293945,7297,0.0,0.0
2023-01-23 09:30:00-05:00,30.329999923706055,30.329999923706055,30.120100021362305,30.242000579833984,0,0.0,0.0
2023-01-23 10:30:00-05:00,30.239999771118164,30.43000030517578,30.219999313354492,30.43000030517578,3530,0.0,0.0
2023-01-23 11:30:00-05:00,30.399999618530273,30.540000915527344,30.389999389648438,30.540000915527344,5753,0.0,0.0
2023-01-23 12:30:00-05:00,30.600000381469727,30.68000030517578,30.559999465942383,30.670000076293945,1552,0.0,0.0
2023-01-23 13:30:00-05:00,30.670000076293945,30.739999771118164,30.670000076293945,30.68000030517578,7966,0.0,0.0
2023-01-23 14:30:00-05:00,30.549999237060547,30.559999465942383,30.540000915527344,30.549999237060547,1699,0.0,0.0
2023-01-23 15:30:00-05:00,30.549999237060547,30.600000381469727,30.549999237060547,30.549999237060547,1898,0.0,0.0
2023-01-24 09:30:00-05:00,30.59000015258789,30.729999542236328,30.299999237060547,30.354999542236328,0,0.0,0.0
2023-01-24 10:30:00-05:00,30.43000030517578,30.530000686645508,30.43000030517578,30.490100860595703,1526,0.0,0.0
2023-01-24 11:30:00-05:00,30.429000854492188,30.458099365234375,30.429000854492188,30.458099365234375,504,0.0,0.0
2023-01-24 12:30:00-05:00,30.600000381469727,30.600000381469727,30.571199417114258,30.571199417114258,1990,0.0,0.0
2023-01-24 13:30:00-05:00,30.600000381469727,30.760000228881836,30.600000381469727,30.75,14263,0.0,0.0
2023-01-24 14:30:00-05:00,30.731199264526367,30.914499282836914,30.731199264526367,30.8700008392334,11002,0.0,0.0
2023-01-24 15:30:00-05:00,30.8700008392334,30.8700008392334,30.799999237060547,30.860000610351562,0,0.0,0.0
2023-01-25 09:30:00-05:00,30.579999923706055,30.579999923706055,30.329999923706055,30.450000762939453,69227,0.0,0.0
2023-01-25 10:30:00-05:00,30.46500015258789,30.559999465942383,30.399999618530273,30.545000076293945,21865,0.0,0.0
2023-01-25 11:30:00-05:00,30.510000228881836,30.649999618530273,30.5,30.549999237060547,11631,0.0,0.0
2023-01-25 12:30:00-05:00,30.55500030517578,30.579999923706055,30.549999237060547,30.56999969482422,761,0.0,0.0
2023-01-25 13:30:00-05:00,30.608299255371094,30.665000915527344,30.593799591064453,30.640399932861328,2770,0.0,0.0
2023-01-25 14:30:00-05:00,30.643699645996094,30.68000030517578,30.55500030517578,30.68000030517578,7948,0.0,0.0
2023-01-25 15:30:00-05:00,30.68000030517578,30.760000228881836,30.670000076293945,30.760000228881836,18878,0.0,0.0
2023-01-26 09:30:00-05:00,30.799999237060547,31.059999465942383,30.799999237060547,30.889999389648438,15805,0.0,0.0
2023-01-26 10:30:00-05:00,30.912900924682617,30.940000534057617,30.8700008392334,30.8799991607666,7139,0.0,0.0
2023-01-26 11:30:00-05:00,30.9060001373291,31.030099868774414,30.8700008392334,31.030099868774414,10683,0.0,0.0
2023-01-26 12:30:00-05:00,31.010000228881836,31.030000686645508,30.989999771118164,30.989999771118164,3509,0.0,0.0
2023-01-26 13:30:00-05:00,31.058799743652344,31.06999969482422,30.989999771118164,31.06999969482422,3749,0.0,0.0
2023-01-26 14:30:00-05:00,31.09000015258789,31.145000457763672,31.08009910583496,31.139999389648438,3796,0.0,0.0
2023-01-26 15:30:00-05:00,31.145000457763672,31.18000030517578,31.09000015258789,31.170000076293945,10779,0.0,0.0
2023-01-27 09:30:00-05:00,31.219999313354492,31.389999389648438,31.020000457763672,31.360000610351562,0,0.0,0.0
2023-01-27 10:30:00-05:00,31.21500015258789,31.21500015258789,31.100000381469727,31.1299991607666,5868,0.0,0.0
2023-01-27 11:30:00-05:00,31.100099563598633,31.149999618530273,31.100000381469727,31.100000381469727,9805,0.0,0.0
2023-01-27 12:30:00-05:00,31.110000610351562,31.1299991607666,31.100000381469727,31.100000381469727,6547,0.0,0.0
2023-01-27 13:30:00-05:00,31.110000610351562,31.15999984741211,31.100000381469727,31.15999984741211,6001,0.0,0.0
2023-01-27 14:30:00-05:00,31.149999618530273,31.200000762939453,31.149999618530273,31.200000762939453,16814,0.0,0.0
2023-01-27 15:30:00-05:00,31.21179962158203,31.21179962158203,31.15999984741211,31.170000076293945,10551,0.0,0.0
2023-01-30 09:30:00-05:00,31.049999237060547,31.1299991607666,30.950000762939453,31.094999313354492,0,0.0,0.0
2023-01-30 10:30:00-05:00,31.09000015258789,31.1299991607666,31.020000457763672,31.1200008392334,23303,0.0,0.0
2023-01-30 11:30:00-05:00,31.114999771118164,31.209999084472656,31.030000686645508,31.030000686645508,9923,0.0,0.0
2023-01-30 12:30:00-05:00,31.014999389648438,31.079999923706055,30.985000610351562,31.079999923706055,13399,0.0,0.0
2023-01-30 13:30:00-05:00,31.049999237060547,31.100000381469727,30.79599952697754,30.8799991607666,13794,0.0,0.0
2023-01-30 14:30:00-05:00,30.809999465942383,30.809999465942383,30.56999969482422,30.594999313354492,10410,0.0,0.0
2023-01-30 15:30:00-05:00,30.600000381469727,30.81999969482422,30.600000381469727,30.690000534057617,3233,0.0,0.0
2023-01-31 09:30:00-05:00,30.469999313354492,30.6200008392334,30.440000534057617,30.520000457763672,0,0.0,0.0
2023-01-31 10:30:00-05:00,30.574800491333008,30.81999969482422,30.574800491333008,30.81999969482422,2364,0.0,0.0
2023-01-31 11:30:00-05:00,30.690000534057617,30.719999313354492,30.59000015258789,30.59000015258789,3696,0.0,0.0
2023-01-31 12:30:00-05:00,30.600000381469727,30.68000030517578,30.572099685668945,30.598800659179688,5438,0.0,0.0
2023-01-31 13:30:00-05:00,30.600000381469727,30.639999389648438,30.585500717163086,30.610000610351562,6432,0.0,0.0
2023-01-31 14:30:00-05:00,30.600000381469727,30.690000534057617,30.600000381469727,30.690000534057617,3460,0.0,0.0
2023-01-31 15:30:00-05:00,30.712900161743164,30.920000076293945,30.712900161743164,30.899999618530273,1868,0.0,0.0
2023-02-01 09:30:00-05:00,30.950000762939453,30.950000762939453,30.700000762939453,30.700000762939453,0,0.0,0.0
2023-02-01 10:30:00-05:00,30.729999542236328,30.834999084472656,30.729999542236328,30.834999084472656,4414,0.0,0.0
2023-02-01 11:30:00-05:00,30.854999542236328,30.854999542236328,30.729999542236328,30.729999542236328,5625,0.0,0.0
2023-02-01 12:30:00-05:00,30.739999771118164,30.739999771118164,30.729999542236328,30.739999771118164,6842,0.0,0.0
2023-02-01 13:30:00-05:00,30.739999771118164,30.780000686645508,30.635000228881836,30.635000228881836,1638,0.0,0.0
2023-02-01 14:30:00-05:00,30.649999618530273,31.149999618530273,30.649999618530273,31.149999618530273,4232,0.0,0.0
2023-02-01 15:30:00-05:00,31.350000381469727,31.389999389648438,31.100000381469727,31.149999618530273,9407,0.0,0.0
2023-02-02 09:30:00-05:00,31.389999389648438,31.399999618530273,31.030000686645508,31.21500015258789,0,0.0,0.0
2023-02-02 10:30:00-05:00,31.309999465942383,31.469999313354492,31.152000427246094,31.450000762939453,3255,0.0,0.0
2023-02-02 11:30:00-05:00,31.299999237060547,31.43000030517578,31.22010040283203,31.43000030517578,1104,0.0,0.0
2023-02-02 12:30:00-05:00,31.325599670410156,31.3700008392334,31.260099411010742,31.260099411010742,2197,0.0,0.0
2023-02-02 13:30:00-05:00,31.399999618530273,31.399999618530273,31.15999984741211,31.15999984741211,561,0.0,0.0
2023-02-02 14:30:00-05:00,31.200000762939453,31.290000915527344,31.18000030517578,31.25,3841,0.0,0.0
2023-02-02 15:30:00-05:00,31.3700008392334,31.440000534057617,31.364999771118164,31.40999984741211,2322,0.0,0.0
2023-02-03 09:30:00-05:00,31.479999542236328,31.579999923706055,31.440000534057617,31.440000534057617,0,0.0,0.0
2023-02-03 10:30:00-05:00,31.510000228881836,31.6200008392334,31.360000610351562,31.360000610351562,49550,0.0,0.0
2023-02-03 11:30:00-05:00,31.350000381469727,31.350000381469727,30.889999389648438,30.959999084472656,26391,0.0,0.0
2023-02-03 12:30:00-05:00,30.969999313354492,31.219999313354492,30.729999542236328,30.940000534057617,31192,0.0,0.0
2023-02-03 13:30:00-05:00,30.949899673461914,30.950000762939453,30.8799991607666,30.90999984741211,1971,0.0,0.0
2023-02-03 14:30:00-05:00,30.90999984741211,30.989999771118164,30.8700008392334,30.950000762939453,4402,0.0,0.0
2023-02-03 15:30:00-05:00,30.899999618530273,30.920000076293945,30.700000762939453,30.700000762939453,4091,0.0,0.0
2023-02-06 09:30:00-05:00,30.709999084472656,30.75,30.479999542236328,30.5,0,0.0,0.0
2023-02-06 10:30:00-05:00,30.5,30.68000030517578,30.5,30.600000381469727,7427,0.0,0.0
2023-02-06 11:30:00-05:00,30.55500030517578,30.594999313354492,30.5,30.59000015258789,7520,0.0,0.0
2023-02-06 12:30:00-05:00,30.600000381469727,30.600000381469727,30.5,30.559999465942383,1812,0.0,0.0
2023-02-06 13:30:00-05:00,30.559999465942383,30.610000610351562,30.534299850463867,30.534299850463867,802,0.0,0.0
2023-02-06 14:30:00-05:00,30.556400299072266,30.639999389648438,30.520000457763672,30.520000457763672,2134,0.0,0.0
2023-02-06 15:30:00-05:00,30.524999618530273,30.559999465942383,30.520000457763672,30.520000457763672,2925,0.0,0.0
2023-02-07 09:30:00-05:00,30.540000915527344,30.655000686645508,30.489999771118164,30.489999771118164,0,0.0,0.0
2023-02-07 10:30:00-05:00,30.329999923706055,30.450000762939453,30.290000915527344,30.34000015258789,3707,0.0,0.0
2023-02-07 11:30:00-05:00,30.34000015258789,30.415000915527344,30.34000015258789,30.34000015258789,2585,0.0,0.0
2023-02-07 12:30:00-05:00,30.34000015258789,30.59000015258789,30.34000015258789,30.3700008392334,9364,0.0,0.0
2023-02-07 13:30:00-05:00,30.360000610351562,30.459999084472656,30.34000015258789,30.450000762939453,7682,0.0,0.0
2023-02-07 14:30:00-05:00,30.450000762939453,30.530000686645508,30.3700008392334,30.440000534057617,9815,0.0,0.0
2023-02-07 15:30:00-05:00,30.40999984741211,30.440000534057617,30.350000381469727,30.350000381469727,10408,0.0,0.0
2023-02-08 09:30:00-05:00,30.420000076293945,30.5,30.22640037536621,30.5,0,0.0,0.0
2023-02-08 10:30:00-05:00,30.450000762939453,30.530000686645508,30.405000686645508,30.450000762939453,13700,0.0,0.0
2023-02-08 11:30:00-05:00,30.450000762939453,30.5,30.42009925842285,30.450000762939453,8693,0.0,0.0
2023-02-08 12:30:00-05:00,30.5,30.570100784301758,30.489999771118164,30.540000915527344,16993,0.0,0.0
2023-02-08 13:30:00-05:00,30.5,30.5,30.43400001525879,30.43400001525879,481,0.0,0.0
2023-02-08 14:30:00-05:00,30.450000762939453,30.56999969482422,30.43400001525879,30.556400299072266,2257,0.0,0.0
2023-02-08 15:30:00-05:00,30.459999084472656,30.569900512695312,30.459999084472656,30.549999237060547,2723,0.0,0.0
2023-02-09 09:30:00-05:00,30.450000762939453,30.860000610351562,30.450000762939453,30.790000915527344,0,0.0,0.0
2023-02-09 10:30:00-05:00,30.799999237060547,30.886999130249023,30.790000915527344,30.790000915527344,3082,0.0,0.0
2023-02-09 11:30:00-05:00,30.819299697875977,30.84000015258789,30.819299697875977,30.84000015258789,934,0.0,0.0
2023-02-09 12:30:00-05:00,30.760000228881836,30.760000228881836,30.639999389648438,30.639999389648438,3150,0.0,0.0
2023-02-09 13:30:00-05:00,30.639999389648438,30.639999389648438,30.489999771118164,30.520099639892578,3763,0.0,0.0
2023-02-09 14:30:00-05:00,30.510000228881836,30.559999465942383,30.31999969482422,30.350299835205078,4897,0.0,0.0
2023-02-09 15:30:00-05:00,30.239999771118164,30.344999313354492,30.239999771118164,30.239999771118164,2205,0.0,0.0
2023-02-10 09:30:00-05:00,30.670000076293945,30.93000030517578,30.6299991607666,30.93000030517578,0,0.0,0.0
2023-02-10 10:30:00-05:00,30.989999771118164,31.010000228881836,30.889999389648438,30.979999542236328,5188,0.0,0.0
2023-02-10 11:30:00-05:00,30.979999542236328,30.997499465942383,30.97249984741211,30.997499465942383,1664,0.0,0.0
2023-02-10 12:30:00-05:00,31.020000457763672,31.030000686645508,30.959999084472656,30.979999542236328,2582,0.0,0.0
2023-02-10 13:30:00-05:00,30.90999984741211,30.959999084472656,30.889999389648438,30.959999084472656,16684,0.0,0.0
2023-02-10 14:30:00-05:00,30.950000762939453,30.969999313354492,30.920000076293945,30.920000076293945,4339,0.0,0.0
2023-02-10 15:30:00-05:00,31.020000457763672,31.079999923706055,31.020000457763672,31.059999465942383,8347,0.0,0.0
2023-02-13 09:30:00-05:00,31.059999465942383,31.260000228881836,31.059999465942383,31.24049949645996,0,0.0,0.0
2023-02-13 10:30:00-05:00,31.444000244140625,31.5,31.420000076293945,31.420000076293945,2006,0.0,0.0
2023-02-13 11:30:00-05:00,31.440000534057617,31.440000534057617,31.3700008392334,31.3700008392334,1316,0.0,0.0
2023-02-13 12:30:00-05:00,31.43000030517578,31.6299991607666,31.43000030517578,31.60919952392578,2109,0.0,0.0
2023-02-13 13:30:00-05:00,31.579999923706055,31.6299991607666,31.579999923706055,31.6299991607666,2302,0.0,0.0
2023-02-13 14:30:00-05:00,31.56999969482422,31.59000015258789,31.5,31.5049991607666,17965,0.0,0.0
2023-02-13 15:30:00-05:00,31.5,31.510000228881836,31.5,31.5,11560,0.0,0.0
2023-02-14 09:30:00-05:00,31.510000228881836,31.850000381469727,31.229999542236328,31.850000381469727,0,0.0,0.0
2023-02-14 10:30:00-05:00,31.760000228881836,31.760000228881836,31.524999618530273,31.55500030517578,2056,0.0,0.0
2023-02-14 11:30:00-05:00,31.565000534057617,31.709999084472656,31.53890037536621,31.709999084472656,1487,0.0,0.0
2023-02-14 12:30:00-05:00,31.670000076293945,31.690000534057617,31.530000686645508,31.530000686645508,1443,0.0,0.0
2023-02-14 13:30:00-05:00,31.530000686645508,31.68000030517578,31.530000686645508,31.597900390625,2950,0.0,0.0
2023-02-14 14:30:00-05:00,31.559999465942383,31.68000030517578,31.549999237060547,31.610000610351562,4504,0.0,0.0
2023-02-14 15:30:00-05:00,31.610000610351562,31.690000534057617,31.559999465942383,31.600000381469727,10463,0.0,0.0
2023-02-15 09:30:00-05:00,31.43000030517578,31.43000030517578,31.200000762939453,31.389999389648438,0,0.0,0.0
2023-02-15 10:30:00-05:00,31.615999221801758,31.690000534057617,31.489999771118164,31.550100326538086,1632,0.0,0.0
2023-02-15 11:30:00-05:00,31.594999313354492,31.594999313354492,31.299999237060547,31.299999237060547,5426,0.0,0.0
2023-02-15 12:30:00-05:00,31.39900016784668,31.415000915527344,31.303499221801758,31.399999618530273,1586,0.0,0.0
2023-02-15 13:30:00-05:00,31.39459991455078,31.434999465942383,31.309999465942383,31.309999465942383,3341,0.0,0.0
2023-02-15 14:30:00-05:00,31.34000015258789,31.3799991607666,31.299999237060547,31.299999237060547,4065,0.0,0.0
2023-02-15 15:30:00-05:00,31.299999237060547,31.40999984741211,31.299999237060547,31.299999237060547,5216,0.0,0.0
2023-02-16 09:30:00-05:00,31.389999389648438,31.389999389648438,31.096900939941406,31.200000762939453,0,0.0,0.0
2023-02-16 10:30:00-05:00,31.2091007232666,31.3700008392334,31.2091007232666,31.299999237060547,2167,0.0,0.0
2023-02-16 11:30:00-05:00,31.3700008392334,31.549999237060547,31.3700008392334,31.5,4318,0.0,0.0
2023-02-16 12:30:00-05:00,31.520000457763672,31.600000381469727,31.489999771118164,31.514999389648438,7123,0.0,0.0
2023-02-16 13:30:00-05:00,31.469999313354492,31.655000686645508,31.420000076293945,31.469999313354492,9847,0.0,0.0
2023-02-16 14:30:00-05:00,31.530000686645508,31.549999237060547,31.399999618530273,31.405000686645508,5417,0.0,0.0
2023-02-16 15:30:00-05:00,31.43000030517578,31.440000534057617,31.309999465942383,31.309999465942383,4570,0.0,0.0
2023-02-17 09:30:00-05:00,30.780000686645508,30.780000686645508,30.149999618530273,30.5,0,0.0,0.0
2023-02-17 10:30:00-05:00,30.649999618530273,30.729999542236328,30.575000762939453,30.709999084472656,1032,0.0,0.0
2023-02-17 11:30:00-05:00,30.59000015258789,30.59000015258789,30.530000686645508,30.565000534057617,1500,0.0,0.0
2023-02-17 12:30:00-05:00,30.520000457763672,30.59000015258789,30.389999389648438,30.389999389648438,2303,0.0,0.0
2023-02-17 13:30:00-05:00,30.47599983215332,30.479999542236328,30.3700008392334,30.3799991607666,1673,0.0,0.0
2023-02-17 14:30:00-05:00,30.360000610351562,30.469999313354492,30.31999969482422,30.469999313354492,6162,0.0,0.0
2023-02-17 15:30:00-05:00,30.440000534057617,30.540000915527344,30.420000076293945,30.540000915527344,2100,0.0,0.0
2023-02-21 09:30:00-05:00,30.290000915527344,30.290000915527344,29.739999771118164,29.809999465942383,0,0.0,0.0
2023-02-21 10:30:00-05:00,29.774999618530273,29.774999618530273,29.774999618530273,29.774999618530273,794,0.0,0.0
2023-02-21 11:30:00-05:00,29.655000686645508,29.655000686645508,29.549999237060547,29.559999465942383,1742,0.0,0.0
2023-02-21 12:30:00-05:00,29.61989974975586,29.6200008392334,29.610000610351562,29.6200008392334,913,0.0,0.0
2023-02-21 13:30:00-05:00,29.520000457763672,29.57990074157715,29.420000076293945,29.43000030517578,10778,0.0,0.0
2023-02-21 14:30:00-05:00,29.479999542236328,29.510000228881836,29.40999984741211,29.40999984741211,2066,0.0,0.0
2023-02-21 15:30:00-05:00,29.54010009765625,29.600000381469727,29.540000915527344,29.540000915527344,2208,0.0,0.0
2023-02-22 09:30:00-05:00,29.510000228881836,29.985000610351562,29.460899353027344,29.540000915527344,0,0.0,0.0
2023-02-22 10:30:00-05:00,29.360000610351562,29.489999771118164,29.360000610351562,29.43000030517578,3845,0.0,0.0
2023-02-22 11:30:00-05:00,29.40999984741211,29.549999237060547,29.40999984741211,29.5,1646,0.0,0.0
2023-02-22 12:30:00-05:00,29.559999465942383,29.719999313354492,29.559999465942383,29.719999313354492,4569,0.0,0.0
2023-02-22 13:30:00-05:00,29.709999084472656,29.71500015258789,29.56999969482422,29.56999969482422,6236,0.0,0.0
2023-02-22 14:30:00-05:00,29.6299991607666,29.6299991607666,29.309999465942383,29.309999465942383,19703,0.0,0.0
2023-02-22 15:30:00-05:00,29.290000915527344,29.469999313354492,29.239999771118164,29.469999313354492,5633,0.0,0.0
2023-02-23 09:30:00-05:00,29.799999237060547,29.829999923706055,29.639999389648438,29.71500015258789,0,0.0,0.0
2023-02-23 10:30:00-05:00,29.645000457763672,29.79990005493164,29.6299991607666,29.718399047851562,3626,0.0,0.0
2023-02-23 11:30:00-05:00,29.6299991607666,29.709999084472656,29.55500030517578,29.68000030517578,10203,0.0,0.0
2023-02-23 12:30:00-05:00,29.65999984741211,29.670000076293945,29.610000610351562,29.610000610351562,1597,0.0,0.0
2023-02-23 13:30:00-05:00,29.584999084472656,29.739999771118164,29.558399200439453,29.625,4875,0.0,0.0
2023-02-23 14:30:00-05:00,29.649999618530273,29.889999389648438,29.649999618530273,29.889999389648438,4156,0.0,0.0
2023-02-23 15:30:00-05:00,29.899999618530273,29.920000076293945,29.719999313354492,29.760000228881836,4707,0.0,0.0
2023-02-24 09:30:00-05:00,29.84000015258789,29.84000015258789,29.530000686645508,29.530000686645508,0,0.0,0.0
2023-02-24 10:30:00-05:00,29.56999969482422,29.600000381469727,29.514999389648438,29.600000381469727,4009,0.0,0.0
2023-02-24 11:30:00-05:00,29.600000381469727,29.65999984741211,29.5,29.5,7093,0.0,0.0
2023-02-24 12:30:00-05:00,29.5,29.514799118041992,29.389999389648438,29.514799118041992,2128,0.0,0.0
2023-02-24 13:30:00-05:00,29.420000076293945,29.540000915527344,29.415000915527344,29.540000915527344,9501,0.0,0.0
2023-02-24 14:30:00-05:00,29.475000381469727,29.68000030517578,29.469999313354492,29.68000030517578,3196,0.0,0.0
2023-02-24 15:30:00-05:00,29.670000076293945,29.670000076293945,29.4950008392334,29.549999237060547,8836,0.0,0.0
2023-02-27 09:30:00-05:00,29.709999084472656,29.84000015258789,29.709999084472656,29.74020004272461,0,0.0,0.0
2023-02-27 10:30:00-05:00,29.829999923706055,29.850000381469727,29.719999313354492,29.760000228881836,4783,0.0,0.0
2023-02-27 11:30:00-05:00,29.729999542236328,29.739999771118164,29.68000030517578,29.700000762939453,15545,0.0,0.0
2023-02-27 12:30:00-05:00,29.719999313354492,29.809999465942383,29.70989990234375,29.809999465942383,2983,0.0,0.0
2023-02-27 13:30:00-05:00,29.760000228881836,29.760000228881836,29.690000534057617,29.729999542236328,1429,0.0,0.0
2023-02-27 14:30:00-05:00,29.764999389648438,29.782499313354492,29.579999923706055,29.6299991607666,12630,0.0,0.0
2023-02-27 15:30:00-05:00,29.655000686645508,29.850000381469727,29.655000686645508,29.850000381469727,13643,0.0,0.0
2023-02-28 09:30:00-05:00,30.209999084472656,30.209999084472656,29.915000915527344,30.079999923706055,0,0.0,0.0
2023-02-28 10:30:00-05:00,30.139999389648438,30.200000762939453,30.010000228881836,30.020000457763672,1507,0.0,0.0
2023-02-28 11:30:00-05:00,30.010000228881836,30.010000228881836,29.75790023803711,29.75790023803711,2011,0.0,0.0
2023-02-28 12:30:00-05:00,29.850000381469727,29.920000076293945,29.81999969482422,29.850000381469727,4698,0.0,0.0
2023-02-28 13:30:00-05:00,29.850000381469727,29.850000381469727,29.68000030517578,29.81999969482422,24397,0.0,0.0
2023-02-28 14:30:00-05:00,29.81999969482422,29.84000015258789,29.709999084472656,29.739999771118164,6487,0.0,0.0
2023-02-28 15:30:00-05:00,29.639999389648438,29.889999389648438,29.639999389648438,29.889999389648438,21637,0.0,0.0
2023-03-01 09:30:00-05:00,30.010000228881836,30.274999618530273,29.72010040283203,29.979999542236328,0,0.0,0.0
2023-03-01 10:30:00-05:00,30.049999237060547,30.15999984741211,29.81999969482422,29.864999771118164,9890,0.0,0.0
2023-03-01 11:30:00-05:00,29.8700008392334,29.8700008392334,29.739999771118164,29.799999237060547,12885,0.0,0.0
2023-03-01 12:30:00-05:00,29.799999237060547,29.8799991607666,29.799999237060547,29.81999969482422,7081,0.0,0.0
2023-03-01 13:30:00-05:00,29.81999969482422,29.850000381469727,29.764999389648438,29.81999969482422,16255,0.0,0.0
2023-03-01 14:30:00-05:00,29.81999969482422,29.81999969482422,29.65999984741211,29.799999237060547,11269,0.0,0.0
2023-03-01 15:30:00-05:00,29.780000686645508,29.84000015258789,29.75,29.75,3322,0.0,0.0
2023-03-02 09:30:00-05:00,29.860000610351562,30.0,29.860000610351562,29.989999771118164,0,0.0,0.0
2023-03-02 10:30:00-05:00,29.92009925842285,30.190000534057617,29.92009925842285,30.190000534057617,2527,0.0,0.0
2023-03-02 11:30:00-05:00,30.184900283813477,30.200000762939453,29.920000076293945,29.979999542236328,7717,0.0,0.0
2023-03-02 12:30:00-05:00,30.0,30.059999465942383,29.940000534057617,29.940000534057617,7016,0.0,0.0
2023-03-02 13:30:00-05:00,29.940000534057617,30.1299991607666,29.895000457763672,30.100000381469727,8168,0.0,0.0
2023-03-02 14:30:00-05:00,30.110000610351562,30.110000610351562,29.959999084472656,30.06999969482422,12630,0.0,0.0
2023-03-02 15:30:00-05:00,30.020000457763672,30.100000381469727,30.0,30.0,6856,0.0,0.0
2023-03-03 09:30:00-05:00,29.969999313354492,30.209999084472656,29.969999313354492,30.18000030517578,0,0.0,0.0
2023-03-03 10:30:00-05:00,30.209999084472656,30.34000015258789,30.204999923706055,30.34000015258789,729,0.0,0.0
2023-03-03 11:30:00-05:00,30.337400436401367,30.3799991607666,30.337400436401367,30.350000381469727,561,0.0,0.0
2023-03-03 12:30:00-05:00,30.364999771118164,30.549999237060547,30.326400756835938,30.4950008392334,5784,0.0,0.0
2023-03-03 13:30:00-05:00,30.469999313354492,30.600000381469727,30.40999984741211,30.559999465942383,9270,0.0,0.0
2023-03-03 14:30:00-05:00,30.540000915527344,30.649999618530273,30.530000686645508,30.53499984741211,9179,0.0,0.0
2023-03-03 15:30:00-05:00,30.530000686645508,30.549999237060547,30.530000686645508,30.530000686645508,7643,0.0,0.0
2023-03-06 09:30:00-05:00,30.469999313354492,30.56999969482422,30.280000686645508,30.520000457763672,0,0.0,0.0
2023-03-06 10:30:00-05:00,30.52560043334961,30.549999237060547,30.476299285888672,30.479999542236328,1182,0.0,0.0
2023-03-06 11:30:00-05:00,30.5,30.6200008392334,30.469999313354492,30.610000610351562,5168,0.0,0.0
2023-03-06 12:30:00-05:00,30.56999969482422,30.56999969482422,30.40999984741211,30.43000030517578,1519,0.0,0.0
2023-03-06 13:30:00-05:00,30.399999618530273,30.54990005493164,30.3799991607666,30.399999618530273,1072,0.0,0.0
2023-03-06 14:30:00-05:00,30.399999618530273,30.485000610351562,30.399999618530273,30.420000076293945,1016,0.0,0.0
2023-03-06 15:30:00-05:00,30.360000610351562,30.389999389648438,30.31999969482422,30.329999923706055,1538,0.0,0.0
2023-03-07 09:30:00-05:00,30.270000457763672,30.270000457763672,30.200000762939453,30.25,0,0.0,0.0
2023-03-07 10:30:00-05:00,30.270000457763672,30.3799991607666,30.170000076293945,30.209999084472656,11794,0.0,0.0
2023-03-07 11:30:00-05:00,30.209999084472656,30.290000915527344,30.200000762939453,30.290000915527344,8257,0.0,0.0
2023-03-07 12:30:00-05:00,30.2549991607666,30.2549991607666,30.200000762939453,30.200000762939453,4965,0.0,0.0
2023-03-07 13:30:00-05:00,30.209999084472656,30.25,30.200000762939453,30.25,7219,0.0,0.0
2023-03-07 14:30:00-05:00,30.200000762939453,30.31999969482422,30.200000762939453,30.219999313354492,4016,0.0,0.0
2023-03-07 15:30:00-05:00,30.209999084472656,30.30500030517578,30.200000762939453,30.260000228881836,4026,0.0,0.0
2023-03-08 09:30:00-05:00,30.110000610351562,30.110000610351562,30.092500686645508,30.092500686645508,0,0.0,0.0
2023-03-08 10:30:00-05:00,29.950000762939453,29.950000762939453,29.850000381469727,29.915000915527344,1207,0.0,0.0
2023-03-08 11:30:00-05:00,29.84000015258789,29.8700008392334,29.760000228881836,29.84000015258789,1387,0.0,0.0
2023-03-08 12:30:00-05:00,29.690000534057617,29.739999771118164,29.600000381469727,29.625,3013,0.0,0.0
2023-03-08 13:30:00-05:00,29.5625,29.655000686645508,29.489999771118164,29.610000610351562,4087,0.0,0.0
2023-03-08 14:30:00-05:00,29.600000381469727,29.670000076293945,29.579999923706055,29.665000915527344,4843,0.0,0.0
2023-03-08 15:30:00-05:00,29.665000915527344,29.739999771118164,29.6299991607666,29.65999984741211,5343,0.0,0.0
2023-03-09 09:30:00-05:00,29.760000228881836,30.075000762939453,29.760000228881836,29.81999969482422,0,0.0,0.0
2023-03-09 11:30:00-05:00,29.86549949645996,29.86549949645996,29.86549949645996,29.86549949645996,512,0.0,0.0
2023-03-09 12:30:00-05:00,29.809999465942383,29.809999465942383,29.760000228881836,29.760000228881836,535,0.0,0.0
2023-03-09 13:30:00-05:00,29.770000457763672,29.770000457763672,29.600000381469727,29.600000381469727,996,0.0,0.0
2023-03-09 14:30:00-05:00,29.559999465942383,29.559999465942383,29.219999313354492,29.229999542236328,2424,0.0,0.0
2023-03-09 15:30:00-05:00,29.329999923706055,29.329999923706055,29.190000534057617,29.190000534057617,6475,0.0,0.0
2023-03-10 09:30:00-05:00,29.040000915527344,29.21820068359375,28.959999084472656,29.065000534057617,0,0.0,0.0
2023-03-10 10:30:00-05:00,28.989999771118164,29.10919952392578,28.989999771118164,29.10919952392578,885,0.0,0.0
2023-03-10 11:30:00-05:00,29.182300567626953,29.182300567626953,29.020000457763672,29.020000457763672,708,0.0,0.0
2023-03-10 12:30:00-05:00,28.93000030517578,28.93000030517578,28.93000030517578,28.93000030517578,124,0.0,0.0
2023-03-10 13:30:00-05:00,28.67620086669922,28.719999313354492,28.56999969482422,28.645000457763672,4427,0.0,0.0
2023-03-10 14:30:00-05:00,28.649999618530273,28.700000762939453,28.649999618530273,28.690000534057617,1871,0.0,0.0
2023-03-10 15:30:00-05:00,28.43000030517578,28.450000762939453,28.350000381469727,28.420000076293945,8435,0.0,0.0
2023-03-13 09:30:00-04:00,27.809999465942383,28.078699111938477,27.510000228881836,27.90999984741211,0,0.0,0.0
2023-03-13 10:30:00-04:00,27.979999542236328,28.450000762939453,27.979999542236328,28.450000762939453,1657,0.0,0.0
2023-03-13 11:30:00-04:00,28.360000610351562,28.395000457763672,28.237499237060547,28.360000610351562,1551,0.0,0.0
2023-03-13 12:30:00-04:00,28.049999237060547,28.049999237060547,28.049999237060547,28.049999237060547,608,0.0,0.0
2023-03-13 13:30:00-04:00,28.1200008392334,28.170000076293945,28.06999969482422,28.06999969482422,1154,0.0,0.0
2023-03-13 14:30:00-04:00,28.049999237060547,28.110000610351562,27.819400787353516,27.819400787353516,2222,0.0,0.0
2023-03-13 15:30:00-04:00,27.850000381469727,27.93000030517578,27.809999465942383,27.81999969482422,3574,0.0,0.0
2023-03-14 09:30:00-04:00,27.889999389648438,28.559999465942383,27.889999389648438,28.559999465942383,0,0.0,0.0
2023-03-14 10:30:00-04:00,28.540000915527344,28.670000076293945,28.540000915527344,28.63050079345703,2040,0.0,0.0
2023-03-14 11:30:00-04:00,28.68000030517578,28.68000030517578,28.549999237060547,28.565000534057617,2281,0.0,0.0
2023-03-14 12:30:00-04:00,28.49250030517578,28.49250030517578,28.209999084472656,28.219999313354492,5198,0.0,0.0
2023-03-14 13:30:00-04:00,28.145000457763672,28.190000534057617,27.90999984741211,27.93000030517578,3010,0.0,0.0
2023-03-14 14:30:00-04:00,27.979999542236328,27.979999542236328,27.59000015258789,27.709999084472656,5859,0.0,0.0
2023-03-14 15:30:00-04:00,27.719999313354492,27.95840072631836,27.719999313354492,27.889999389648438,2415,0.0,0.0
2023-03-15 09:30:00-04:00,27.5,27.530000686645508,26.889999389648438,27.100000381469727,0,0.0,0.0
2023-03-15 10:30:00-04:00,26.90999984741211,27.110000610351562,26.75,27.110000610351562,2567,0.0,0.0
2023-03-15 11:30:00-04:00,26.888599395751953,26.90999984741211,26.66790008544922,26.66790008544922,2005,0.0,0.0
2023-03-15 12:30:00-04:00,26.639999389648438,26.639999389648438,26.280000686645508,26.479999542236328,1415,0.0,0.0
2023-03-15 13:30:00-04:00,26.370100021362305,26.969999313354492,26.370100021362305,26.969999313354492,819,0.0,0.0
2023-03-15 14:30:00-04:00,26.831199645996094,26.91320037841797,26.480100631713867,26.480100631713867,2238,0.0,0.0
2023-03-15 15:30:00-04:00,26.43000030517578,26.49650001525879,26.43000030517578,26.469999313354492,4593,0.0,0.0
2023-03-16 09:30:00-04:00,26.010000228881836,26.25,25.790000915527344,25.829999923706055,0,0.0,0.0
2023-03-16 10:30:00-04:00,25.809999465942383,26.1200008392334,25.75149917602539,26.1200008392334,4027,0.0,0.0
2023-03-16 11:30:00-04:00,26.09000015258789,26.25,26.09000015258789,26.25,4747,0.0,0.0
2023-03-16 12:30:00-04:00,26.219999313354492,26.649999618530273,26.1200008392334,26.6299991607666,4850,0.0,0.0
2023-03-16 13:30:00-04:00,26.594999313354492,26.700000762939453,26.450000762939453,26.469999313354492,9565,0.0,0.0
2023-03-16 14:30:00-04:00,26.440000534057617,26.65220069885254,26.440000534057617,26.559999465942383,5632,0.0,0.0
2023-03-16 15:30:00-04:00,26.6200008392334,26.65999984741211,26.559999465942383,26.65999984741211,6570,0.0,0.0
2023-03-17 09:30:00-04:00,26.540000915527344,26.540000915527344,26.350000381469727,26.350000381469727,1480,0.0,0.0
2023-03-17 10:30:00-04:00,26.185699462890625,26.185699462890625,26.185699462890625,26.185699462890625,298,0.0,0.0
2023-03-17 11:30:00-04:00,25.940000534057617,26.139999389648438,25.8700008392334,26.06220054626465,3764,0.0,0.0
2023-03-17 12:30:00-04:00,26.100000381469727,26.100000381469727,26.018600463867188,26.018600463867188,1304,0.0,0.0
2023-03-17 13:30:00-04:00,26.14859962463379,26.14859962463379,26.14859962463379,26.14859962463379,429,0.0,0.0
2023-03-17 15:30:00-04:00,26.282499313354492,26.29990005493164,26.25,26.25,1743,0.0,0.0
2023-03-20 09:30:00-04:00,26.309999465942383,26.8700008392334,26.309999465942383,26.739900588989258,2420,0.0,0.0
2023-03-20 10:30:00-04:00,26.950000762939453,26.950000762939453,26.760099411010742,26.760099411010742,507,0.0,0.0
2023-03-20 11:30:00-04:00,26.700000762939453,26.700000762939453,26.68000030517578,26.68000030517578,381,0.0,0.0
2023-03-20 12:30:00-04:00,26.729999542236328,26.8799991607666,26.690099716186523,26.850000381469727,6541,0.0,0.0
2023-03-20 13:30:00-04:00,26.809999465942383,26.829999923706055,26.5,26.5,931,0.0,0.0
2023-03-20 14:30:00-04:00,26.510000228881836,26.549999237060547,26.420000076293945,26.469999313354492,3499,0.0,0.0
2023-03-20 15:30:00-04:00,26.440000534057617,26.464000701904297,26.350000381469727,26.350000381469727,2269,0.0,0.0
2023-03-21 09:30:00-04:00,26.940000534057617,27.299999237060547,26.899999618530273,27.18000030517578,0,0.0,0.0
2023-03-21 10:30:00-04:00,27.190000534057617,27.399999618530273,27.190000534057617,27.3799991607666,10265,0.0,0.0
2023-03-21 11:30:00-04:00,27.399999618530273,27.450000762939453,27.3799991607666,27.420000076293945,12090,0.0,0.0
2023-03-21 12:30:00-04:00,27.420000076293945,27.5,27.420000076293945,27.485000610351562,6094,0.0,0.0
2023-03-21 13:30:00-04:00,27.520000457763672,27.530000686645508,27.469900131225586,27.530000686645508,9563,0.0,0.0
2023-03-21 14:30:00-04:00,27.520000457763672,27.540000915527344,27.5,27.530000686645508,2906,0.0,0.0
2023-03-21 15:30:00-04:00,27.530000686645508,27.579999923706055,27.489999771118164,27.530000686645508,3794,0.0,0.0
2023-03-22 09:30:00-04:00,27.510000228881836,27.690000534057617,27.15999984741211,27.600000381469727,0,0.0,0.0
2023-03-22 10:30:00-04:00,27.559999465942383,27.610000610351562,27.549999237060547,27.549999237060547,1216,0.0,0.0
2023-03-22 11:30:00-04:00,27.53499984741211,27.600000381469727,27.4950008392334,27.5,4794,0.0,0.0
2023-03-22 12:30:00-04:00,27.471900939941406,27.520000457763672,27.471900939941406,27.510000228881836,4217,0.0,0.0
2023-03-22 13:30:00-04:00,27.510000228881836,27.610000610351562,27.389999389648438,27.59000015258789,12535,0.0,0.0
2023-03-22 14:30:00-04:00,27.579999923706055,27.7450008392334,27.3700008392334,27.673999786376953,12775,0.0,0.0
2023-03-22 15:30:00-04:00,27.600000381469727,27.68000030517578,27.430099487304688,27.68000030517578,11510,0.0,0.0
2023-03-23 09:30:00-04:00,27.739999771118164,27.7450008392334,27.350000381469727,27.350000381469727,0,0.0,0.0
2023-03-23 10:30:00-04:00,27.393800735473633,27.399999618530273,27.334999084472656,27.334999084472656,2321,0.0,0.0
2023-03-23 11:30:00-04:00,27.299999237060547,27.299999237060547,27.22480010986328,27.22480010986328,1286,0.0,0.0
2023-03-23 12:30:00-04:00,27.15089988708496,27.190000534057617,26.84000015258789,26.8799991607666,5509,0.0,0.0
2023-03-23 13:30:00-04:00,26.811199188232422,26.832199096679688,26.610000610351562,26.610000610351562,3806,0.0,0.0
2023-03-23 14:30:00-04:00,26.56999969482422,26.739999771118164,25.8700008392334,26.020000457763672,41451,0.0,0.0
2023-03-23 15:30:00-04:00,26.020000457763672,26.063400268554688,25.93000030517578,25.950000762939453,16274,0.0,0.0
2023-03-24 09:30:00-04:00,25.56999969482422,26.290000915527344,25.56999969482422,26.06999969482422,0,0.0,0.0
2023-03-24 10:30:00-04:00,26.200000762939453,26.200000762939453,25.878700256347656,26.010000228881836,3056,0.0,0.0
2023-03-24 11:30:00-04:00,26.030000686645508,26.240100860595703,26.030000686645508,26.18000030517578,3132,0.0,0.0
2023-03-24 12:30:00-04:00,26.190000534057617,26.260000228881836,26.18000030517578,26.209999084472656,2385,0.0,0.0
2023-03-24 13:30:00-04:00,26.15999984741211,26.54400062561035,26.15999984741211,26.3700008392334,5156,0.0,0.0
2023-03-24 14:30:00-04:00,26.420000076293945,26.549999237060547,26.350000381469727,26.450000762939453,5637,0.0,0.0
2023-03-24 15:30:00-04:00,26.40999984741211,26.40999984741211,26.09000015258789,26.135000228881836,6390,0.0,0.0
2023-03-27 09:30:00-04:00,26.549999237060547,26.760000228881836,26.52680015563965,26.760000228881836,0,0.0,0.0
2023-03-27 10:30:00-04:00,26.585100173950195,26.729999542236328,26.585100173950195,26.590099334716797,1271,0.0,0.0
2023-03-27 11:30:00-04:00,26.739999771118164,26.739999771118164,26.729999542236328,26.739999771118164,1159,0.0,0.0
2023-03-27 12:30:00-04:00,26.889999389648438,26.910999298095703,26.889999389648438,26.910999298095703,1291,0.0,0.0
2023-03-27 13:30:00-04:00,26.800100326538086,26.920000076293945,26.800100326538086,26.920000076293945,1866,0.0,0.0
2023-03-27 14:30:00-04:00,26.920000076293945,26.920000076293945,26.868799209594727,26.8700008392334,2313,0.0,0.0
2023-03-27 15:30:00-04:00,26.889999389648438,26.91320037841797,26.850000381469727,26.889999389648438,2162,0.0,0.0
2023-03-28 09:30:00-04:00,26.75,27.049999237060547,26.61079978942871,27.049999237060547,0,0.0,0.0
2023-03-28 10:30:00-04:00,27.049999237060547,27.139999389648438,27.045000076293945,27.139999389648438,3152,0.0,0.0
2023-03-28 11:30:00-04:00,27.219999313354492,27.280000686645508,27.219999313354492,27.25,1875,0.0,0.0
2023-03-28 12:30:00-04:00,27.260000228881836,27.309999465942383,27.19499969482422,27.309999465942383,1023,0.0,0.0
2023-03-28 13:30:00-04:00,27.219999313354492,27.270000457763672,27.06999969482422,27.18000030517578,2823,0.0,0.0
2023-03-28 14:30:00-04:00,27.18000030517578,27.239999771118164,27.091699600219727,27.229999542236328,1773,0.0,0.0
2023-03-28 15:30:00-04:00,27.229999542236328,27.239999771118164,27.15999984741211,27.15999984741211,2042,0.0,0.0
2023-03-29 09:30:00-04:00,27.350000381469727,27.700000762939453,27.350000381469727,27.6200008392334,0,0.0,0.0
2023-03-29 10:30:00-04:00,27.6299991607666,27.6299991607666,27.440000534057617,27.577499389648438,2821,0.0,0.0
2023-03-29 11:30:00-04:00,27.513099670410156,27.650800704956055,27.513099670410156,27.650800704956055,1691,0.0,0.0
2023-03-29 12:30:00-04:00,27.450000762939453,27.649999618530273,27.450000762939453,27.6200008392334,2203,0.0,0.0
2023-03-29 13:30:00-04:00,27.575000762939453,27.739999771118164,27.430099487304688,27.729999542236328,7699,0.0,0.0
2023-03-29 14:30:00-04:00,27.69499969482422,27.739999771118164,27.690000534057617,27.70170021057129,15790,0.0,0.0
2023-03-29 15:30:00-04:00,27.700000762939453,27.700000762939453,27.700000762939453,27.700000762939453,211,0.0,0.0
2023-03-30 09:30:00-04:00,27.93000030517578,27.93000030517578,27.760000228881836,27.790000915527344,0,0.0,0.0
2023-03-30 10:30:00-04:00,27.799999237060547,27.799999237060547,27.760099411010742,27.760099411010742,518,0.0,0.0
2023-03-30 11:30:00-04:00,27.76889991760254,27.8799991607666,27.76889991760254,27.8799991607666,749,0.0,0.0
2023-03-30 12:30:00-04:00,27.8700008392334,27.8799991607666,27.8700008392334,27.8799991607666,460,0.0,0.0
2023-03-30 13:30:00-04:00,27.815000534057617,27.815000534057617,27.761999130249023,27.761999130249023,614,0.0,0.0
2023-03-30 14:30:00-04:00,27.729999542236328,27.780000686645508,27.690000534057617,27.75,2808,0.0,0.0
2023-03-30 15:30:00-04:00,27.809999465942383,27.84000015258789,27.790000915527344,27.84000015258789,3584,0.0,0.0
2023-03-31 09:30:00-04:00,27.889999389648438,27.920000076293945,27.889999389648438,27.920000076293945,0,0.0,0.0
2023-03-31 10:30:00-04:00,28.1299991607666,28.1299991607666,28.06999969482422,28.06999969482422,851,0.0,0.0
2023-03-31 11:30:00-04:00,28.040000915527344,28.040000915527344,28.020000457763672,28.030000686645508,1590,0.0,0.0
2023-03-31 12:30:00-04:00,28.100000381469727,28.100000381469727,28.079999923706055,28.079999923706055,3338,0.0,0.0
2023-03-31 13:30:00-04:00,28.084999084472656,28.110000610351562,28.084999084472656,28.110000610351562,2504,0.0,0.0
2023-03-31 14:30:00-04:00,28.149900436401367,28.15999984741211,28.149900436401367,28.15999984741211,3134,0.0,0.0
2023-03-31 15:30:00-04:00,28.262699127197266,28.262699127197266,28.200000762939453,28.239999771118164,3175,0.0,0.0
2023-04-03 09:30:00-04:00,28.950000762939453,29.25,28.665800094604492,29.239999771118164,0,0.0,0.0
2023-04-03 10:30:00-04:00,29.184999465942383,29.184999465942383,28.969999313354492,29.049999237060547,6446,0.0,0.0
2023-04-03 11:30:00-04:00,29.020099639892578,29.079999923706055,29.020099639892578,29.079999923706055,541,0.0,0.0
2023-04-03 12:30:00-04:00,29.075000762939453,29.075000762939453,28.93000030517578,29.020000457763672,4254,0.0,0.0
2023-04-03 13:30:00-04:00,29.030000686645508,29.030000686645508,28.989999771118164,29.010000228881836,4497,0.0,0.0
2023-04-03 14:30:00-04:00,29.030000686645508,29.170000076293945,29.02199935913086,29.170000076293945,2805,0.0,0.0
2023-04-03 15:30:00-04:00,29.18000030517578,29.18000030517578,29.030000686645508,29.030000686645508,2414,0.0,0.0
2023-04-04 09:30:00-04:00,29.18000030517578,29.2450008392334,28.760099411010742,28.829999923706055,0,0.0,0.0
2023-04-04 10:30:00-04:00,28.75,28.760000228881836,28.729999542236328,28.75,3617,0.0,0.0
2023-04-04 11:30:00-04:00,28.75,28.760000228881836,28.75,28.760000228881836,4142,0.0,0.0
2023-04-04 12:30:00-04:00,28.770000457763672,28.8700008392334,28.770000457763672,28.8700008392334,1363,0.0,0.0
2023-04-04 13:30:00-04:00,28.79990005493164,28.79990005493164,28.79990005493164,28.79990005493164,386,0.0,0.0
2023-04-04 14:30:00-04:00,28.75,28.81999969482422,28.75,28.75,4157,0.0,0.0
2023-04-04 15:30:00-04:00,28.75,28.770000457763672,28.75,28.75,3839,0.0,0.0
2023-04-05 09:30:00-04:00,28.8799991607666,28.8799991607666,28.809999465942383,28.809999465942383,0,0.0,0.0
2023-04-05 11:30:00-04:00,28.780000686645508,28.8700008392334,28.760000228881836,28.8700008392334,3448,0.0,0.0
2023-04-05 13:30:00-04:00,28.799999237060547,28.799999237060547,28.799999237060547,28.799999237060547,300,0.0,0.0
2023-04-05 14:30:00-04:00,28.830900192260742,28.975000381469727,28.81999969482422,28.81999969482422,1317,0.0,0.0
2023-04-05 15:30:00-04:00,28.817699432373047,29.09000015258789,28.809999465942383,28.829999923706055,3851,0.0,0.0
2023-04-06 09:30:00-04:00,28.93000030517578,29.081199645996094,28.93000030517578,28.94499969482422,0,0.0,0.0
2023-04-06 10:30:00-04:00,28.790000915527344,28.790000915527344,28.790000915527344,28.790000915527344,234,0.0,0.0
2023-04-06 12:30:00-04:00,28.940000534057617,29.0,28.940000534057617,28.989999771118164,423,0.0,0.0
2023-04-06 13:30:00-04:00,28.790000915527344,28.809999465942383,28.77050018310547,28.77050018310547,1118,0.0,0.0
2023-04-06 14:30:00-04:00,28.770000457763672,28.780000686645508,28.562000274658203,28.6299991607666,2748,0.0,0.0
2023-04-06 15:30:00-04:00,28.579999923706055,28.690000534057617,28.299999237060547,28.43000030517578,16088,0.0,0.0
2023-04-10 09:30:00-04:00,28.15999984741211,28.979999542236328,28.15999984741211,28.979999542236328,0,0.0,0.0
2023-04-10 10:30:00-04:00,28.75,28.864999771118164,28.75,28.767900466918945,1490,0.0,0.0
2023-04-10 11:30:00-04:00,28.75,28.75,28.430099487304688,28.520000457763672,2815,0.0,0.0
2023-04-10 13:30:00-04:00,28.59000015258789,28.649999618530273,28.5,28.5,4114,0.0,0.0
2023-04-10 14:30:00-04:00,28.524999618530273,28.579999923706055,28.360000610351562,28.389999389648438,4124,0.0,0.0
2023-04-10 15:30:00-04:00,28.375,28.389799118041992,28.350000381469727,28.350000381469727,1469,0.0,0.0
2023-04-11 09:30:00-04:00,28.3799991607666,29.1117000579834,28.3799991607666,28.799999237060547,0,0.0,0.0
2023-04-11 10:30:00-04:00,28.892000198364258,28.969999313354492,28.892000198364258,28.959999084472656,847,0.0,0.0
2023-04-11 11:30:00-04:00,28.979999542236328,29.06999969482422,28.940000534057617,29.069900512695312,5774,0.0,0.0
2023-04-11 12:30:00-04:00,29.1200008392334,29.135000228881836,29.1200008392334,29.135000228881836,275,0.0,0.0
2023-04-11 13:30:00-04:00,29.06999969482422,29.114999771118164,29.010000228881836,29.09000015258789,2781,0.0,0.0
2023-04-11 14:30:00-04:00,29.021699905395508,29.021699905395508,28.95210075378418,28.99810028076172,3957,0.0,0.0
2023-04-11 15:30:00-04:00,29.049999237060547,29.049999237060547,29.0,29.045000076293945,4648,0.0,0.0
2023-04-12 09:30:00-04:00,29.200000762939453,29.40999984741211,29.14430046081543,29.304399490356445,0,0.0,0.0
2023-04-12 10:30:00-04:00,29.260000228881836,29.309999465942383,29.200000762939453,29.229999542236328,1667,0.0,0.0
2023-04-12 11:30:00-04:00,29.229999542236328,29.31999969482422,29.218799591064453,29.31999969482422,1693,0.0,0.0
2023-04-12 12:30:00-04:00,29.34000015258789,29.399999618530273,29.34000015258789,29.3799991607666,632,0.0,0.0
2023-04-12 13:30:00-04:00,29.360000610351562,29.360000610351562,29.239999771118164,29.360000610351562,914,0.0,0.0
2023-04-12 14:30:00-04:00,29.239999771118164,29.25,29.18000030517578,29.184999465942383,2236,0.0,0.0
2023-04-12 15:30:00-04:00,29.18000030517578,29.18000030517578,29.0,29.0,5766,0.0,0.0
2023-04-13 09:30:00-04:00,29.030000686645508,29.15999984741211,28.959999084472656,29.06999969482422,0,0.0,0.0
2023-04-13 10:30:00-04:00,29.165000915527344,29.165000915527344,29.165000915527344,29.165000915527344,139,0.0,0.0
2023-04-13 11:30:00-04:00,29.12820053100586,29.12820053100586,29.12820053100586,29.12820053100586,437,0.0,0.0
2023-04-13 12:30:00-04:00,29.1299991607666,29.1299991607666,29.1299991607666,29.1299991607666,863,0.0,0.0
2023-04-13 13:30:00-04:00,29.21339988708496,29.21339988708496,29.21339988708496,29.21339988708496,150,0.0,0.0
2023-04-13 14:30:00-04:00,29.159900665283203,29.15999984741211,29.1200008392334,29.1200008392334,4635,0.0,0.0
2023-04-13 15:30:00-04:00,29.12929916381836,29.12929916381836,29.020000457763672,29.020000457763672,897,0.0,0.0
2023-04-14 09:30:00-04:00,29.020000457763672,29.299999237060547,29.020000457763672,29.239999771118164,0,0.0,0.0
2023-04-14 10:30:00-04:00,29.1200008392334,29.1200008392334,29.1200008392334,29.1200008392334,558,0.0,0.0
2023-04-14 11:30:00-04:00,29.06999969482422,29.06999969482422,29.017499923706055,29.06999969482422,2713,0.0,0.0
2023-04-14 13:30:00-04:00,29.049999237060547,29.059999465942383,29.049999237060547,29.059999465942383,1121,0.0,0.0
2023-04-14 14:30:00-04:00,28.959999084472656,29.049999237060547,28.959999084472656,28.989999771118164,904,0.0,0.0
2023-04-14 15:30:00-04:00,29.110000610351562,29.1200008392334,29.020000457763672,29.020000457763672,1754,0.0,0.0
2023-04-17 09:30:00-04:00,28.93000030517578,29.184999465942383,28.93000030517578,29.100000381469727,0,0.0,0.0
2023-04-17 10:30:00-04:00,29.03499984741211,29.03499984741211,29.03499984741211,29.03499984741211,544,0.0,0.0
2023-04-17 14:30:00-04:00,28.68470001220703,28.8799991607666,28.68470001220703,28.8799991607666,2364,0.0,0.0
2023-04-17 15:30:00-04:00,28.799999237060547,28.920000076293945,28.780000686645508,28.90999984741211,7495,0.0,0.0
2023-04-18 09:30:00-04:00,28.739999771118164,28.950000762939453,28.739999771118164,28.850000381469727,0,0.0,0.0
2023-04-18 10:30:00-04:00,28.772899627685547,28.772899627685547,28.719999313354492,28.719999313354492,400,0.0,0.0
2023-04-18 11:30:00-04:00,28.729999542236328,28.764999389648438,28.729999542236328,28.764999389648438,2126,0.0,0.0
2023-04-18 12:30:00-04:00,28.885000228881836,28.885000228881836,28.885000228881836,28.885000228881836,366,0.0,0.0
2023-04-18 13:30:00-04:00,28.8799991607666,28.8799991607666,28.690000534057617,28.739999771118164,1314,0.0,0.0
2023-04-18 14:30:00-04:00,28.719999313354492,28.739999771118164,28.700000762939453,28.701200485229492,4110,0.0,0.0
2023-04-18 15:30:00-04:00,28.709999084472656,28.75,28.690000534057617,28.729999542236328,2453,0.0,0.0
2023-04-19 09:30:00-04:00,28.459999084472656,28.774999618530273,28.450000762939453,28.53499984741211,0,0.0,0.0
2023-04-19 10:30:00-04:00,28.59000015258789,28.59000015258789,28.559999465942383,28.559999465942383,520,0.0,0.0
2023-04-19 11:30:00-04:00,28.549999237060547,28.584999084472656,28.350000381469727,28.364999771118164,2958,0.0,0.0
2023-04-19 12:30:00-04:00,28.389999389648438,28.389999389648438,28.389999389648438,28.389999389648438,148,0.0,0.0
2023-04-19 13:30:00-04:00,28.5,28.639999389648438,28.479999542236328,28.479999542236328,1347,0.0,0.0
2023-04-19 14:30:00-04:00,28.469999313354492,28.610000610351562,28.469999313354492,28.510000228881836,1490,0.0,0.0
2023-04-19 15:30:00-04:00,28.420000076293945,28.600000381469727,28.334999084472656,28.559999465942383,6312,0.0,0.0
2023-04-20 09:30:00-04:00,28.209999084472656,28.209999084472656,28.059999465942383,28.190000534057617,15930,0.0,0.0
2023-04-20 10:30:00-04:00,28.260000228881836,28.330699920654297,28.200000762939453,28.200000762939453,4940,0.0,0.0
2023-04-20 11:30:00-04:00,28.16790008544922,28.219999313354492,28.110000610351562,28.18000030517578,2639,0.0,0.0
2023-04-20 12:30:00-04:00,28.239999771118164,28.450000762939453,28.239999771118164,28.450000762939453,3391,0.0,0.0
2023-04-20 14:30:00-04:00,28.229999542236328,28.290000915527344,27.98259925842285,28.1200008392334,6289,0.0,0.0
2023-04-20 15:30:00-04:00,28.190000534057617,28.440000534057617,28.190000534057617,28.235000610351562,2936,0.0,0.0
2023-04-21 09:30:00-04:00,28.28499984741211,28.3799991607666,28.200000762939453,28.3799991607666,0,0.0,0.0
2023-04-21 10:30:00-04:00,28.221200942993164,28.389999389648438,28.221200942993164,28.3799991607666,1975,0.0,0.0
2023-04-21 11:30:00-04:00,28.3700008392334,28.780000686645508,28.3700008392334,28.780000686645508,1563,0.0,0.0
2023-04-21 12:30:00-04:00,28.600000381469727,28.729999542236328,28.565000534057617,28.709999084472656,946,0.0,0.0
2023-04-21 13:30:00-04:00,28.510000228881836,28.690000534057617,28.41029930114746,28.690000534057617,2110,0.0,0.0
2023-04-21 14:30:00-04:00,28.610000610351562,28.610000610351562,28.25,28.510000228881836,6444,0.0,0.0
2023-04-21 15:30:00-04:00,28.389999389648438,28.5,28.389999389648438,28.450000762939453,0,0.0,0.0
2023-04-24 09:30:00-04:00,28.510000228881836,28.6200008392334,28.36949920654297,28.579999923706055,0,0.0,0.0
2023-04-24 10:30:00-04:00,28.69029998779297,28.69029998779297,28.549999237060547,28.549999237060547,3573,0.0,0.0
2023-04-24 11:30:00-04:00,28.579999923706055,28.927799224853516,28.579999923706055,28.770000457763672,2977,0.0,0.0
2023-04-24 12:30:00-04:00,28.670000076293945,28.709999084472656,28.6200008392334,28.6200008392334,1072,0.0,0.0
2023-04-24 13:30:00-04:00,28.6299991607666,28.690000534057617,28.610000610351562,28.649999618530273,3002,0.0,0.0
2023-04-24 14:30:00-04:00,28.65999984741211,28.68000030517578,28.610000610351562,28.670000076293945,1814,0.0,0.0
2023-04-24 15:30:00-04:00,28.6200008392334,28.68000030517578,28.59000015258789,28.59000015258789,2441,0.0,0.0
2023-04-25 09:30:00-04:00,28.389999389648438,28.389999389648438,28.389999389648438,28.389999389648438,0,0.0,0.0
2023-04-25 10:30:00-04:00,28.18000030517578,28.336700439453125,28.15999984741211,28.200000762939453,1942,0.0,0.0
2023-04-25 11:30:00-04:00,28.139999389648438,28.15999984741211,28.1200008392334,28.15999984741211,0,0.0,0.0
2023-04-25 12:30:00-04:00,28.149999618530273,28.258899688720703,28.1299991607666,28.1299991607666,12662,0.0,0.0
2023-04-25 13:30:00-04:00,28.05500030517578,28.110000610351562,28.040000915527344,28.045000076293945,759,0.0,0.0
2023-04-25 14:30:00-04:00,28.059999465942383,28.079500198364258,27.969999313354492,28.010000228881836,8662,0.0,0.0
2023-04-25 15:30:00-04:00,27.93000030517578,27.93000030517578,27.860000610351562,27.860000610351562,4154,0.0,0.0
2023-04-26 09:30:00-04:00,27.709999084472656,28.016000747680664,27.639999389648438,27.639999389648438,0,0.0,0.0
2023-04-26 10:30:00-04:00,27.709999084472656,27.8799991607666,27.709999084472656,27.850000381469727,4738,0.0,0.0
2023-04-26 11:30:00-04:00,27.799999237060547,27.950000762939453,27.799999237060547,27.950000762939453,5453,0.0,0.0
2023-04-26 12:30:00-04:00,27.89109992980957,27.920000076293945,27.639999389648438,27.639999389648438,4678,0.0,0.0
2023-04-26 13:30:00-04:00,27.649999618530273,27.670000076293945,27.450000762939453,27.46500015258789,2481,0.0,0.0
2023-04-26 14:30:00-04:00,27.459999084472656,27.4950008392334,27.389999389648438,27.440000534057617,3740,0.0,0.0
2023-04-26 15:30:00-04:00,27.459999084472656,27.520000457763672,27.399999618530273,27.520000457763672,7104,0.0,0.0
2023-04-27 09:30:00-04:00,27.549999237060547,27.700000762939453,27.530000686645508,27.639999389648438,0,0.0,0.0
2023-04-27 10:30:00-04:00,27.649999618530273,27.649999618530273,27.479999542236328,27.510000228881836,2755,0.0,0.0
2023-04-27 11:30:00-04:00,27.683300018310547,27.704999923706055,27.59000015258789,27.670000076293945,2473,0.0,0.0
2023-04-27 12:30:00-04:00,27.739999771118164,27.760000228881836,27.65999984741211,27.739999771118164,2437,0.0,0.0
2023-04-27 13:30:00-04:00,27.757400512695312,27.90999984741211,27.757400512695312,27.90999984741211,3206,0.0,0.0
2023-04-27 14:30:00-04:00,27.917800903320312,27.989999771118164,27.90999984741211,27.989999771118164,4028,0.0,0.0
2023-04-27 15:30:00-04:00,27.989999771118164,27.989999771118164,27.8700008392334,27.90999984741211,0,0.0,0.0
2023-04-28 09:30:00-04:00,27.989999771118164,28.170000076293945,27.989999771118164,28.15999984741211,1744,0.0,0.0
2023-04-28 10:30:00-04:00,28.190000534057617,28.389999389648438,28.1299991607666,28.389999389648438,3163,0.0,0.0
2023-04-28 11:30:00-04:00,28.329999923706055,28.59000015258789,28.329999923706055,28.459999084472656,2208,0.0,0.0
2023-04-28 12:30:00-04:00,28.3700008392334,28.399999618530273,28.29800033569336,28.399999618530273,842,0.0,0.0
2023-04-28 13:30:00-04:00,28.434999465942383,28.530000686645508,28.40999984741211,28.469999313354492,2891,0.0,0.0
2023-04-28 14:30:00-04:00,28.399999618530273,28.489999771118164,28.36750030517578,28.489999771118164,1642,0.0,0.0
2023-04-28 15:30:00-04:00,28.485000610351562,28.575000762939453,28.360000610351562,28.489999771118164,4500,0.0,0.0
2023-05-01 09:30:00-04:00,28.139999389648438,28.565500259399414,28.139999389648438,28.489999771118164,0,0.0,0.0
2023-05-01 10:30:00-04:00,28.469999313354492,28.469999313354492,28.469999313354492,28.469999313354492,1394,0.0,0.0
2023-05-01 11:30:00-04:00,28.524599075317383,28.549999237060547,28.524599075317383,28.549999237060547,606,0.0,0.0
2023-05-01 12:30:00-04:00,28.549999237060547,28.59000015258789,28.549999237060547,28.59000015258789,728,0.0,0.0
2023-05-01 13:30:00-04:00,28.459999084472656,28.485000610351562,28.459999084472656,28.485000610351562,777,0.0,0.0
2023-05-01 14:30:00-04:00,28.3700008392334,28.43000030517578,28.3700008392334,28.3700008392334,1215,0.0,0.0
2023-05-01 15:30:00-04:00,28.3799991607666,28.3799991607666,28.229999542236328,28.229999542236328,2786,0.0,0.0
2023-05-02 09:30:00-04:00,28.110000610351562,28.110000610351562,27.280000686645508,27.3799991607666,0,0.0,0.0
2023-05-02 10:30:00-04:00,27.3799991607666,27.392499923706055,27.040000915527344,27.059999465942383,12084,0.0,0.0
2023-05-02 11:30:00-04:00,27.030000686645508,27.139999389648438,26.940000534057617,26.959999084472656,7529,0.0,0.0
2023-05-02 12:30:00-04:00,26.969999313354492,26.979999542236328,26.950000762939453,26.979999542236328,1798,0.0,0.0
2023-05-02 13:30:00-04:00,27.1200008392334,27.204200744628906,27.110000610351562,27.139999389648438,5312,0.0,0.0
2023-05-02 14:30:00-04:00,27.309999465942383,27.3799991607666,27.309999465942383,27.3799991607666,2787,0.0,0.0
2023-05-02 15:30:00-04:00,27.399999618530273,27.40999984741211,27.325000762939453,27.40999984741211,1352,0.0,0.0
2023-05-03 09:30:00-04:00,27.270000457763672,27.420000076293945,27.209999084472656,27.350000381469727,0,0.0,0.0
2023-05-03 10:30:00-04:00,27.329999923706055,27.329999923706055,27.31999969482422,27.329999923706055,783,0.0,0.0
2023-05-03 11:30:00-04:00,27.270000457763672,27.5,27.219999313354492,27.459999084472656,1581,0.0,0.0
2023-05-03 12:30:00-04:00,27.520000457763672,27.639999389648438,27.489999771118164,27.639999389648438,1952,0.0,0.0
2023-05-03 14:30:00-04:00,27.467100143432617,27.68000030517578,27.299999237060547,27.299999237060547,2399,0.0,0.0
2023-05-03 15:30:00-04:00,27.200000762939453,27.350000381469727,27.200000762939453,27.350000381469727,1131,0.0,0.0
2023-05-04 09:30:00-04:00,27.229999542236328,27.479999542236328,26.56999969482422,26.56999969482422,0,0.0,0.0
2023-05-04 10:30:00-04:00,26.61989974975586,26.690000534057617,26.489999771118164,26.65999984741211,6966,0.0,0.0
2023-05-04 11:30:00-04:00,26.5049991607666,26.600000381469727,26.420000076293945,26.459999084472656,6451,0.0,0.0
2023-05-04 12:30:00-04:00,26.520000457763672,26.709999084472656,26.520000457763672,26.540300369262695,8272,0.0,0.0
2023-05-04 13:30:00-04:00,26.700000762939453,26.700000762939453,26.649999618530273,26.649999618530273,260,0.0,0.0
2023-05-04 14:30:00-04:00,26.640100479125977,26.69499969482422,26.640100479125977,26.649999618530273,809,0.0,0.0
2023-05-04 15:30:00-04:00,26.649999618530273,26.649999618530273,26.56999969482422,26.579999923706055,1824,0.0,0.0
2023-05-05 09:30:00-04:00,26.969999313354492,27.325000762939453,26.969999313354492,27.15410041809082,0,0.0,0.0
2023-05-05 10:30:00-04:00,27.149999618530273,27.268800735473633,27.149999618530273,27.200000762939453,0,0.0,0.0
2023-05-05 11:30:00-04:00,27.299999237060547,27.399999618530273,27.280000686645508,27.399999618530273,4265,0.0,0.0
2023-05-05 12:30:00-04:00,27.350000381469727,27.350000381469727,27.299999237060547,27.299999237060547,1472,0.0,0.0
2023-05-05 13:30:00-04:00,27.290000915527344,27.31999969482422,27.260000228881836,27.315000534057617,5059,0.0,0.0
2023-05-05 14:30:00-04:00,27.31999969482422,27.329999923706055,27.280000686645508,27.32159996032715,1661,0.0,0.0
2023-05-05 15:30:00-04:00,27.200000762939453,27.25,27.200000762939453,27.25,1973,0.0,0.0
2023-05-08 09:30:00-04:00,27.6200008392334,27.6200008392334,27.315000534057617,27.315000534057617,1506,0.0,0.0
2023-05-08 10:30:00-04:00,27.15999984741211,27.229999542236328,27.15999984741211,27.229999542236328,524,0.0,0.0
2023-05-08 11:30:00-04:00,27.09000015258789,27.170000076293945,27.09000015258789,27.170000076293945,0,0.0,0.0
2023-05-08 12:30:00-04:00,26.938600540161133,26.938600540161133,26.938600540161133,26.938600540161133,2744,0.0,0.0
2023-05-08 13:30:00-04:00,26.959999084472656,27.0,26.920000076293945,27.0,1166,0.0,0.0
2023-05-08 14:30:00-04:00,26.950000762939453,26.989999771118164,26.950000762939453,26.950000762939453,3830,0.0,0.0
2023-05-08 15:30:00-04:00,26.968900680541992,27.059999465942383,26.959999084472656,27.0,2233,0.0,0.0
2023-05-09 09:30:00-04:00,26.90999984741211,27.174999237060547,26.90999984741211,27.139999389648438,0,0.0,0.0
2023-05-09 10:30:00-04:00,27.064800262451172,27.309999465942383,27.064800262451172,27.19499969482422,13897,0.0,0.0
2023-05-09 11:30:00-04:00,27.176000595092773,27.270000457763672,27.1200008392334,27.1200008392334,1412,0.0,0.0
2023-05-09 12:30:00-04:00,27.200000762939453,27.274999618530273,27.149999618530273,27.229999542236328,4393,0.0,0.0
2023-05-09 13:30:00-04:00,27.30500030517578,27.408599853515625,27.288000106811523,27.31999969482422,0,0.0,0.0
2023-05-09 14:30:00-04:00,27.299999237060547,27.329999923706055,27.239999771118164,27.239999771118164,28175,0.0,0.0
2023-05-09 15:30:00-04:00,27.239999771118164,27.285200119018555,27.139999389648438,27.139999389648438,4126,0.0,0.0
2023-05-10 09:30:00-04:00,27.329999923706055,27.408000946044922,27.049999237060547,27.049999237060547,0,0.0,0.0
2023-05-10 10:30:00-04:00,27.040000915527344,27.075000762939453,26.989999771118164,27.075000762939453,922,0.0,0.0
2023-05-10 11:30:00-04:00,27.170000076293945,27.204999923706055,27.059999465942383,27.15999984741211,0,0.0,0.0
2023-05-10 12:30:00-04:00,27.09000015258789,27.09000015258789,26.93000030517578,26.93000030517578,5122,0.0,0.0
2023-05-10 13:30:00-04:00,26.8700008392334,27.059999465942383,26.8700008392334,27.059999465942383,0,0.0,0.0
2023-05-10 14:30:00-04:00,27.100000381469727,27.165300369262695,27.100000381469727,27.1299991607666,7130,0.0,0.0
2023-05-10 15:30:00-04:00,27.18000030517578,27.18000030517578,27.100000381469727,27.110000610351562,3632,0.0,0.0
2023-05-11 09:30:00-04:00,26.809999465942383,26.897499084472656,26.79010009765625,26.79010009765625,0,0.0,0.0
2023-05-11 10:30:00-04:00,26.876100540161133,26.876100540161133,26.850000381469727,26.850000381469727,530,0.0,0.0
2023-05-11 11:30:00-04:00,26.829999923706055,26.84000015258789,26.829999923706055,26.84000015258789,1650,0.0,0.0
2023-05-11 12:30:00-04:00,26.8799991607666,26.88409996032715,26.81999969482422,26.875,2520,0.0,0.0
2023-05-11 13:30:00-04:00,26.860000610351562,26.899999618530273,26.760000228881836,26.850000381469727,5422,0.0,0.0
2023-05-11 14:30:00-04:00,26.889999389648438,26.889999389648438,26.81999969482422,26.84000015258789,3556,0.0,0.0
2023-05-11 15:30:00-04:00,26.850000381469727,26.8700008392334,26.774999618530273,26.809999465942383,3622,0.0,0.0
2023-05-12 09:30:00-04:00,26.8700008392334,27.059999465942383,26.8700008392334,27.010000228881836,0,0.0,0.0
2023-05-12 10:30:00-04:00,27.049999237060547,27.209999084472656,27.0,27.145000457763672,4504,0.0,0.0
2023-05-12 11:30:00-04:00,27.144699096679688,27.239999771118164,27.002300262451172,27.014999389648438,1787,0.0,0.0
2023-05-12 12:30:00-04:00,26.954999923706055,26.954999923706055,26.93000030517578,26.9424991607666,606,0.0,0.0
2023-05-12 13:30:00-04:00,26.90999984741211,26.90999984741211,26.90999984741211,26.90999984741211,492,0.0,0.0
2023-05-12 14:30:00-04:00,26.950000762939453,26.950000762939453,26.950000762939453,26.950000762939453,190,0.0,0.0
2023-05-12 15:30:00-04:00,26.959999084472656,26.969999313354492,26.920000076293945,26.920000076293945,1115,0.0,0.0
2023-05-15 09:30:00-04:00,27.200000762939453,27.859899520874023,27.200000762939453,27.859899520874023,0,0.0,0.0
2023-05-15 10:30:00-04:00,28.020000457763672,28.052799224853516,27.969999313354492,27.979999542236328,1931,0.0,0.0
2023-05-15 11:30:00-04:00,27.90999984741211,27.920000076293945,27.811100006103516,27.832000732421875,3730,0.0,0.0
2023-05-15 12:30:00-04:00,28.07040023803711,28.07040023803711,27.97010040283203,27.989999771118164,4048,0.0,0.0
2023-05-15 13:30:00-04:00,27.969999313354492,28.006500244140625,27.479999542236328,27.989999771118164,3305,0.0,0.0
2023-05-15 14:30:00-04:00,27.979999542236328,28.06999969482422,27.979999542236328,28.045000076293945,8348,0.0,0.0
2023-05-15 15:30:00-04:00,28.040000915527344,28.045000076293945,27.940000534057617,27.969999313354492,8750,0.0,0.0
2023-05-16 09:30:00-04:00,27.940000534057617,27.940000534057617,27.799999237060547,27.809999465942383,0,0.0,0.0
2023-05-16 10:30:00-04:00,27.809999465942383,27.809999465942383,27.799999237060547,27.803699493408203,4572,0.0,0.0
2023-05-16 11:30:00-04:00,27.799999237060547,27.80500030517578,27.709999084472656,27.729999542236328,12030,0.0,0.0
2023-05-16 12:30:00-04:00,27.729999542236328,27.739999771118164,27.719999313354492,27.729999542236328,2579,0.0,0.0
2023-05-16 13:30:00-04:00,27.733699798583984,27.733699798583984,27.729999542236328,27.729999542236328,5442,0.0,0.0
2023-05-16 14:30:00-04:00,27.729999542236328,27.759899139404297,27.65999984741211,27.65999984741211,4277,0.0,0.0
2023-05-16 15:30:00-04:00,27.760000228881836,27.760000228881836,27.574600219726562,27.574600219726562,402,0.0,0.0
2023-05-17 09:30:00-04:00,27.739999771118164,27.739999771118164,27.510000228881836,27.62150001525879,0,0.0,0.0
2023-05-17 10:30:00-04:00,27.459999084472656,27.608400344848633,27.459999084472656,27.608400344848633,2880,0.0,0.0
2023-05-17 11:30:00-04:00,27.65999984741211,27.719999313354492,27.65999984741211,27.719999313354492,311,0.0,0.0
2023-05-17 12:30:00-04:00,27.739500045776367,27.920000076293945,27.739500045776367,27.920000076293945,1305,0.0,0.0
2023-05-17 13:30:00-04:00,27.989999771118164,28.08989906311035,27.989999771118164,28.06999969482422,17415,0.0,0.0
2023-05-17 14:30:00-04:00,28.059999465942383,28.059999465942383,28.010000228881836,28.010000228881836,6040,0.0,0.0
2023-05-17 15:30:00-04:00,28.079999923706055,28.100000381469727,28.0,28.010000228881836,0,0.0,0.0
2023-05-18 09:30:00-04:00,27.959999084472656,27.959999084472656,27.950000762939453,27.950000762939453,1586,0.0,0.0
2023-05-18 10:30:00-04:00,28.010000228881836,28.350000381469727,28.010000228881836,28.350000381469727,4746,0.0,0.0
2023-05-18 11:30:00-04:00,28.3700008392334,28.422500610351562,28.25,28.315000534057617,6876,0.0,0.0
2023-05-18 12:30:00-04:00,28.399999618530273,28.399999618530273,28.329999923706055,28.389999389648438,5476,0.0,0.0
2023-05-18 13:30:00-04:00,28.389999389648438,28.399999618530273,28.21500015258789,28.34000015258789,7468,0.0,0.0
2023-05-18 14:30:00-04:00,28.40999984741211,28.600000381469727,28.329999923706055,28.600000381469727,16521,0.0,0.0
2023-05-18 15:30:00-04:00,28.610000610351562,28.68400001525879,28.610000610351562,28.68000030517578,4292,0.0,0.0
2023-05-19 09:30:00-04:00,28.8700008392334,28.979999542236328,28.8700008392334,28.940000534057617,0,0.0,0.0
2023-05-19 10:30:00-04:00,28.940000534057617,28.940000534057617,28.915000915527344,28.920000076293945,4733,0.0,0.0
2023-05-19 11:30:00-04:00,28.920000076293945,28.920000076293945,28.920000076293945,28.920000076293945,2393,0.0,0.0
2023-05-19 12:30:00-04:00,28.92009925842285,28.93000030517578,28.920000076293945,28.920000076293945,3906,0.0,0.0
2023-05-19 13:30:00-04:00,28.920000076293945,28.920000076293945,28.875,28.920000076293945,12401,0.0,0.0
2023-05-19 14:30:00-04:00,28.920000076293945,28.920000076293945,28.920000076293945,28.920000076293945,6827,0.0,0.0
2023-05-19 15:30:00-04:00,28.920000076293945,28.940000534057617,28.8799991607666,28.920000076293945,6215,0.0,0.0
2023-05-22 09:30:00-04:00,28.3799991607666,28.59000015258789,28.229999542236328,28.3799991607666,2428,0.0,0.0
2023-05-22 10:30:00-04:00,28.3799991607666,28.3799991607666,28.3799991607666,28.3799991607666,898,0.0,0.0
2023-05-22 11:30:00-04:00,28.362499237060547,28.389999389648438,28.357999801635742,28.360000610351562,1468,0.0,0.0
2023-05-22 12:30:00-04:00,28.3700008392334,28.5,28.3700008392334,28.399999618530273,1008,0.0,0.0
2023-05-22 13:30:00-04:00,28.389999389648438,28.489999771118164,28.309999465942383,28.309999465942383,1819,0.0,0.0
2023-05-22 14:30:00-04:00,28.479999542236328,28.5049991607666,28.31999969482422,28.31999969482422,3786,0.0,0.0
2023-05-22 15:30:00-04:00,28.40999984741211,29.110000610351562,28.280000686645508,29.110000610351562,37936,0.0,0.0
2023-05-23 09:30:00-04:00,28.649999618530273,28.75,28.450000762939453,28.450000762939453,0,0.0,0.0
2023-05-23 10:30:00-04:00,28.450000762939453,28.600000381469727,28.440000534057617,28.479999542236328,7300,0.0,0.0
2023-05-23 11:30:00-04:00,28.479999542236328,28.600000381469727,28.420000076293945,28.420000076293945,5067,0.0,0.0
2023-05-23 12:30:00-04:00,28.420000076293945,28.565099716186523,28.350000381469727,28.399999618530273,2126,0.0,0.0
2023-05-23 13:30:00-04:00,28.399999618530273,28.459999084472656,28.329999923706055,28.34000015258789,2050,0.0,0.0
2023-05-23 14:30:00-04:00,28.34000015258789,28.479999542236328,28.34000015258789,28.479999542236328,4952,0.0,0.0
2023-05-23 15:30:00-04:00,28.34000015258789,28.350000381469727,28.34000015258789,28.350000381469727,1225,0.0,0.0
2023-05-24 09:30:00-04:00,28.309999465942383,28.40049934387207,28.059999465942383,28.06999969482422,0,0.0,0.0
2023-05-24 10:30:00-04:00,28.06999969482422,28.239999771118164,28.02400016784668,28.110000610351562,3624,0.0,0.0
2023-05-24 11:30:00-04:00,28.139999389648438,28.149999618530273,28.100000381469727,28.1299991607666,4433,0.0,0.0
2023-05-24 12:30:00-04:00,28.1299991607666,28.13249969482422,28.1299991607666,28.1299991607666,3578,0.0,0.0
2023-05-24 13:30:00-04:00,28.139999389648438,28.139999389648438,28.1299991607666,28.133699417114258,6815,0.0,0.0
2023-05-24 14:30:00-04:00,28.137500762939453,28.139999389648438,28.1299991607666,28.139999389648438,1035,0.0,0.0
2023-05-24 15:30:00-04:00,28.139999389648438,28.139999389648438,28.110000610351562,28.1299991607666,4572,0.0,0.0
2023-05-25 09:30:00-04:00,27.969999313354492,27.969999313354492,27.829999923706055,27.84000015258789,0,0.0,0.0
2023-05-25 10:30:00-04:00,27.729999542236328,27.75,27.729999542236328,27.729999542236328,2543,0.0,0.0
2023-05-25 11:30:00-04:00,27.729999542236328,27.729999542236328,27.700000762939453,27.700000762939453,2362,0.0,0.0
2023-05-25 12:30:00-04:00,27.65999984741211,27.674400329589844,27.63010025024414,27.674400329589844,1752,0.0,0.0
2023-05-25 13:30:00-04:00,27.739999771118164,27.75,27.739999771118164,27.75,3769,0.0,0.0
2023-05-25 14:30:00-04:00,27.760000228881836,27.760000228881836,27.709999084472656,27.710100173950195,2693,0.0,0.0
2023-05-25 15:30:00-04:00,27.799999237060547,27.799999237060547,27.739999771118164,27.739999771118164,0,0.0,0.0
2023-05-26 09:30:00-04:00,28.020000457763672,28.020000457763672,27.799999237060547,27.905000686645508,9099,0.0,0.0
2023-05-26 10:30:00-04:00,27.860000610351562,27.895000457763672,27.729999542236328,27.73870086669922,0,0.0,0.0
2023-05-26 11:30:00-04:00,27.729999542236328,27.729999542236328,27.709999084472656,27.709999084472656,20496,0.0,0.0
2023-05-26 12:30:00-04:00,27.700000762939453,27.75,27.700000762939453,27.719999313354492,624,0.0,0.0
2023-05-26 13:30:00-04:00,27.75,27.799999237060547,27.729999542236328,27.780000686645508,2096,0.0,0.0
2023-05-26 14:30:00-04:00,27.790000915527344,27.809999465942383,27.7549991607666,27.809999465942383,3775,0.0,0.0
2023-05-26 15:30:00-04:00,27.75,27.780000686645508,27.75,27.760000228881836,1627,0.0,0.0
2023-05-30 09:30:00-04:00,27.799999237060547,27.799999237060547,27.530000686645508,27.530000686645508,3201,0.0,0.0
2023-05-30 10:30:00-04:00,27.46500015258789,27.46500015258789,27.350000381469727,27.450000762939453,1134,0.0,0.0
2023-05-30 11:30:00-04:00,27.414899826049805,27.485300064086914,27.329999923706055,27.360000610351562,2071,0.0,0.0
2023-05-30 12:30:00-04:00,27.40999984741211,27.40999984741211,27.360000610351562,27.360000610351562,2373,0.0,0.0
2023-05-30 13:30:00-04:00,27.360000610351562,27.469999313354492,27.360000610351562,27.43000030517578,6814,0.0,0.0
2023-05-30 14:30:00-04:00,27.3799991607666,27.469999313354492,27.3799991607666,27.450000762939453,1593,0.0,0.0
2023-05-30 15:30:00-04:00,27.520000457763672,27.6200008392334,27.520000457763672,27.604999542236328,4577,0.0,0.0
2023-05-31 09:30:00-04:00,27.3799991607666,27.533000946044922,27.15999984741211,27.2898006439209,0,0.0,0.0
2023-05-31 10:30:00-04:00,27.2721004486084,27.2721004486084,27.09000015258789,27.155000686645508,14829,0.0,0.0
2023-05-31 11:30:00-04:00,27.149999618530273,27.149999618530273,27.070100784301758,27.070100784301758,782,0.0,0.0
2023-05-31 12:30:00-04:00,27.06999969482422,27.190000534057617,27.010000228881836,27.035999298095703,2808,0.0,0.0
2023-05-31 13:30:00-04:00,27.083900451660156,27.1200008392334,27.083900451660156,27.100000381469727,10039,0.0,0.0
2023-05-31 14:30:00-04:00,27.14189910888672,27.18000030517578,27.100000381469727,27.100000381469727,2270,0.0,0.0
2023-05-31 15:30:00-04:00,26.96500015258789,27.100000381469727,26.96500015258789,27.09000015258789,2542,0.0,0.0
2023-06-01 09:30:00-04:00,26.93000030517578,27.3700008392334,26.93000030517578,27.09000015258789,0,0.0,0.0
2023-06-01 10:30:00-04:00,27.28499984741211,27.479999542236328,27.28499984741211,27.479999542236328,1059,0.0,0.0
2023-06-01 11:30:00-04:00,27.450000762939453,27.59000015258789,27.450000762939453,27.565000534057617,3514,0.0,0.0
2023-06-01 12:30:00-04:00,27.58799934387207,27.639999389648438,27.565000534057617,27.600000381469727,7942,0.0,0.0
2023-06-01 13:30:00-04:00,27.707399368286133,27.729999542236328,27.684999465942383,27.690000534057617,3877,0.0,0.0
2023-06-01 14:30:00-04:00,27.700000762939453,27.709999084472656,27.639999389648438,27.649999618530273,2245,0.0,0.0
2023-06-01 15:30:00-04:00,27.6299991607666,27.65999984741211,27.6200008392334,27.6200008392334,2540,0.0,0.0
2023-06-02 09:30:00-04:00,27.799999237060547,28.110000610351562,27.799999237060547,28.110000610351562,0,0.0,0.0
2023-06-02 10:30:00-04:00,28.1200008392334,28.3700008392334,28.1200008392334,28.299999237060547,16881,0.0,0.0
2023-06-02 11:30:00-04:00,28.299999237060547,28.329999923706055,28.291099548339844,28.31999969482422,8033,0.0,0.0
2023-06-02 12:30:00-04:00,28.31999969482422,28.450000762939453,28.299999237060547,28.450000762939453,10619,0.0,0.0
2023-06-02 13:30:00-04:00,28.43000030517578,28.5,28.299999237060547,28.34000015258789,5504,0.0,0.0
2023-06-02 14:30:00-04:00,28.399999618530273,28.520000457763672,28.389999389648438,28.520000457763672,4087,0.0,0.0
2023-06-02 15:30:00-04:00,28.520000457763672,28.520000457763672,28.290000915527344,28.290000915527344,3062,0.0,0.0
2023-06-05 09:30:00-04:00,28.459999084472656,28.75,28.25860023498535,28.43549919128418,0,0.0,0.0
2023-06-05 10:30:00-04:00,28.3799991607666,28.40959930419922,28.299999237060547,28.299999237060547,2552,0.0,0.0
2023-06-05 11:30:00-04:00,28.299999237060547,28.350000381469727,28.25,28.346500396728516,2311,0.0,0.0
2023-06-05 12:30:00-04:00,28.270000457763672,28.270000457763672,28.270000457763672,28.270000457763672,594,0.0,0.0
2023-06-05 13:30:00-04:00,28.229999542236328,28.290000915527344,28.219999313354492,28.290000915527344,0,0.0,0.0
2023-06-05 14:30:00-04:00,28.149999618530273,28.200000762939453,28.149999618530273,28.200000762939453,17689,0.0,0.0
2023-06-05 15:30:00-04:00,28.208999633789062,28.260000228881836,28.15999984741211,28.260000228881836,3957,0.0,0.0
2023-06-06 09:30:00-04:00,28.010000228881836,28.434999465942383,28.010000228881836,28.240100860595703,0,0.0,0.0
2023-06-06 10:30:00-04:00,28.249000549316406,28.405000686645508,28.230100631713867,28.360000610351562,7060,0.0,0.0
2023-06-06 11:30:00-04:00,28.360000610351562,28.360000610351562,28.360000610351562,28.360000610351562,142,0.0,0.0
2023-06-06 12:30:00-04:00,28.399999618530273,28.399999618530273,28.360000610351562,28.360000610351562,1667,0.0,0.0
2023-06-06 13:30:00-04:00,28.389999389648438,28.389999389648438,28.280000686645508,28.280000686645508,655,0.0,0.0
2023-06-06 14:30:00-04:00,28.329999923706055,28.350000381469727,28.329999923706055,28.350000381469727,355,0.0,0.0
2023-06-06 15:30:00-04:00,28.399999618530273,28.420000076293945,28.389999389648438,28.420000076293945,4255,0.0,0.0
2023-06-07 09:30:00-04:00,28.450000762939453,28.979999542236328,28.450000762939453,28.90999984741211,4930,0.0,0.0
2023-06-07 10:30:00-04:00,28.934999465942383,29.200000762939453,28.934999465942383,29.200000762939453,2415,0.0,0.0
2023-06-07 11:30:00-04:00,29.264999389648438,29.290000915527344,29.239999771118164,29.280000686645508,3591,0.0,0.0
2023-06-07 12:30:00-04:00,29.260000228881836,29.260000228881836,29.260000228881836,29.260000228881836,508,0.0,0.0
2023-06-07 13:30:00-04:00,29.170000076293945,29.174999237060547,29.170000076293945,29.174999237060547,449,0.0,0.0
2023-06-07 14:30:00-04:00,29.17099952697754,29.17099952697754,29.170000076293945,29.170000076293945,910,0.0,0.0
2023-06-07 15:30:00-04:00,29.18000030517578,29.18000030517578,29.170000076293945,29.170000076293945,567,0.0,0.0
2023-06-08 09:30:00-04:00,29.200000762939453,29.3700008392334,29.1200008392334,29.1200008392334,0,0.0,0.0
2023-06-08 10:30:00-04:00,29.094999313354492,29.094999313354492,28.920000076293945,29.040000915527344,8273,0.0,0.0
2023-06-08 11:30:00-04:00,29.014999389648438,29.040000915527344,28.860000610351562,28.94260025024414,6671,0.0,0.0
2023-06-08 12:30:00-04:00,29.079999923706055,29.079999923706055,29.079999923706055,29.079999923706055,224,0.0,0.0
2023-06-08 13:30:00-04:00,29.135000228881836,29.18000030517578,29.135000228881836,29.18000030517578,968,0.0,0.0
2023-06-08 14:30:00-04:00,29.25,29.700000762939453,29.25,29.700000762939453,17964,0.0,0.0
2023-06-08 15:30:00-04:00,29.646400451660156,29.950000762939453,29.6299991607666,29.950000762939453,26800,0.0,0.0
2023-06-09 09:30:00-04:00,29.639999389648438,29.639999389648438,29.3799991607666,29.399999618530273,3067,0.0,0.0
2023-06-09 10:30:00-04:00,29.489999771118164,29.5,29.3799991607666,29.3799991607666,3259,0.0,0.0
2023-06-09 11:30:00-04:00,29.190000534057617,29.190000534057617,29.190000534057617,29.190000534057617,250,0.0,0.0
2023-06-09 12:30:00-04:00,29.229999542236328,29.25,29.209999084472656,29.239999771118164,1899,0.0,0.0
2023-06-09 13:30:00-04:00,29.229999542236328,29.239999771118164,29.18000030517578,29.200000762939453,3014,0.0,0.0
2023-06-09 14:30:00-04:00,29.219999313354492,29.219999313354492,29.110000610351562,29.149999618530273,4442,0.0,0.0
2023-06-09 15:30:00-04:00,29.110000610351562,29.152000427246094,29.100000381469727,29.100000381469727,1511,0.0,0.0
2023-06-12 09:30:00-04:00,28.899999618530273,29.139999389648438,28.844999313354492,29.079999923706055,0,0.0,0.0
2023-06-12 10:30:00-04:00,28.8700008392334,29.100000381469727,28.8700008392334,29.09630012512207,1741,0.0,0.0
2023-06-12 11:30:00-04:00,29.059999465942383,29.09000015258789,29.059999465942383,29.09000015258789,929,0.0,0.0
2023-06-12 12:30:00-04:00,28.979999542236328,28.979999542236328,28.979999542236328,28.979999542236328,268,0.0,0.0
2023-06-12 13:30:00-04:00,28.959999084472656,28.959999084472656,28.94499969482422,28.94499969482422,1191,0.0,0.0
2023-06-12 14:30:00-04:00,28.920000076293945,28.920000076293945,28.799999237060547,28.889999389648438,2729,0.0,0.0
2023-06-12 15:30:00-04:00,28.940000534057617,29.0,28.899999618530273,28.899999618530273,4108,0.0,0.0
2023-06-13 09:30:00-04:00,29.040000915527344,29.149999618530273,28.649999618530273,28.940000534057617,6546,0.0,0.0
2023-06-13 10:30:00-04:00,28.770000457763672,29.020000457763672,28.760000228881836,28.829999923706055,5761,0.0,0.0
2023-06-13 11:30:00-04:00,28.829999923706055,28.90999984741211,28.75,28.75,3290,0.0,0.0
2023-06-13 12:30:00-04:00,28.75,28.75,28.549999237060547,28.649999618530273,4092,0.0,0.0
2023-06-13 13:30:00-04:00,28.6299991607666,28.65999984741211,28.530000686645508,28.6200008392334,2899,0.0,0.0
2023-06-13 14:30:00-04:00,28.540000915527344,28.59000015258789,28.389999389648438,28.5,3259,0.0,0.0
2023-06-13 15:30:00-04:00,28.56999969482422,28.600000381469727,28.469999313354492,28.579999923706055,1907,0.0,0.0
2023-06-14 09:30:00-04:00,28.709999084472656,28.920000076293945,28.450000762939453,28.920000076293945,0,0.0,0.0
2023-06-14 10:30:00-04:00,28.850000381469727,28.943199157714844,28.850000381469727,28.850000381469727,5303,0.0,0.0
2023-06-14 11:30:00-04:00,28.850000381469727,28.8799991607666,28.739999771118164,28.739999771118164,4471,0.0,0.0
2023-06-14 12:30:00-04:00,28.739999771118164,28.739999771118164,28.670000076293945,28.670000076293945,2925,0.0,0.0
2023-06-14 13:30:00-04:00,28.579999923706055,28.579999923706055,28.34000015258789,28.562999725341797,1757,0.0,0.0
2023-06-14 14:30:00-04:00,28.559999465942383,28.65999984741211,28.450000762939453,28.639999389648438,4907,0.0,0.0
2023-06-14 15:30:00-04:00,28.6200008392334,28.700000762939453,28.6200008392334,28.690000534057617,5063,0.0,0.0
2023-06-15 09:30:00-04:00,28.84000015258789,29.229999542236328,28.84000015258789,29.040000915527344,2726,0.0,0.0
2023-06-15 10:30:00-04:00,29.114999771118164,29.229999542236328,29.020000457763672,29.229999542236328,1127,0.0,0.0
2023-06-15 11:30:00-04:00,29.299999237060547,29.34000015258789,29.1200008392334,29.1200008392334,891,0.0,0.0
2023-06-15 13:30:00-04:00,29.1200008392334,29.1299991607666,29.09000015258789,29.1299991607666,718,0.0,0.0
2023-06-15 14:30:00-04:00,29.190000534057617,29.271099090576172,29.1299991607666,29.190000534057617,3946,0.0,0.0
2023-06-15 15:30:00-04:00,29.15999984741211,29.18440055847168,29.1200008392334,29.153400421142578,5994,0.0,0.0
2023-06-16 09:30:00-04:00,29.239999771118164,29.670000076293945,29.239999771118164,29.59000015258789,0,0.0,0.0
2023-06-16 10:30:00-04:00,29.59000015258789,29.59000015258789,29.459999084472656,29.530000686645508,5562,0.0,0.0
2023-06-16 11:30:00-04:00,29.559999465942383,29.65999984741211,29.420000076293945,29.65999984741211,7058,0.0,0.0
2023-06-16 12:30:00-04:00,29.6299991607666,29.770000457763672,29.59000015258789,29.770000457763672,5885,0.0,0.0
2023-06-16 13:30:00-04:00,29.719999313354492,29.850000381469727,29.670000076293945,29.790000915527344,5060,0.0,0.0
2023-06-16 14:30:00-04:00,29.770000457763672,29.93000030517578,29.770000457763672,29.829999923706055,4941,0.0,0.0
2023-06-16 15:30:00-04:00,29.989999771118164,29.989999771118164,29.649999618530273,29.670000076293945,3171,0.0,0.0
2023-06-20 09:30:00-04:00,29.549999237060547,29.59000015258789,29.165000915527344,29.165000915527344,0,0.0,0.0
2023-06-20 10:30:00-04:00,29.270000457763672,29.709999084472656,29.20330047607422,29.44499969482422,3946,0.0,0.0
2023-06-20 11:30:00-04:00,29.520000457763672,29.690000534057617,29.389999389648438,29.600000381469727,4122,0.0,0.0
2023-06-20 12:30:00-04:00,29.610000610351562,29.68000030517578,29.400100708007812,29.56999969482422,3855,0.0,0.0
2023-06-20 13:30:00-04:00,29.56999969482422,29.68000030517578,29.56999969482422,29.579999923706055,2350,0.0,0.0
2023-06-20 14:30:00-04:00,29.530000686645508,29.530000686645508,29.1200008392334,29.3799991607666,2249,0.0,0.0
2023-06-20 15:30:00-04:00,29.440000534057617,29.440000534057617,29.239999771118164,29.280000686645508,4157,0.0,0.0
2023-06-21 09:30:00-04:00,29.229999542236328,29.434999465942383,29.209999084472656,29.434999465942383,0,0.0,0.0
2023-06-21 10:30:00-04:00,29.5,29.6200008392334,29.479999542236328,29.48200035095215,2797,0.0,0.0
2023-06-21 11:30:00-04:00,29.57200050354004,29.57200050354004,29.57200050354004,29.57200050354004,475,0.0,0.0
2023-06-21 12:30:00-04:00,29.549999237060547,29.549999237060547,29.469999313354492,29.469999313354492,1456,0.0,0.0
2023-06-21 13:30:00-04:00,29.450000762939453,29.489999771118164,29.43000030517578,29.43000030517578,2218,0.0,0.0
2023-06-21 14:30:00-04:00,29.420000076293945,29.43000030517578,29.280000686645508,29.360000610351562,1033,0.0,0.0
2023-06-21 15:30:00-04:00,29.219999313354492,29.329999923706055,29.149999618530273,29.149999618530273,5878,0.0,0.0
2023-06-22 09:30:00-04:00,29.0,29.600000381469727,29.0,29.010000228881836,0,0.0,0.0
2023-06-22 12:30:00-04:00,28.806900024414062,28.806900024414062,28.760000228881836,28.760000228881836,977,0.0,0.0
2023-06-22 13:30:00-04:00,28.79400062561035,28.79400062561035,28.75,28.760000228881836,2042,0.0,0.0
2023-06-22 14:30:00-04:00,28.760000228881836,28.770000457763672,28.700000762939453,28.700000762939453,3220,0.0,0.0
2023-06-22 15:30:00-04:00,28.68000030517578,28.719999313354492,28.649999618530273,28.665000915527344,1720,0.0,0.0
2023-06-23 09:30:00-04:00,28.459999084472656,28.655000686645508,28.459999084472656,28.520099639892578,2718,0.0,0.0
2023-06-23 10:30:00-04:00,28.530000686645508,28.530000686645508,28.399999618530273,28.399999618530273,1372,0.0,0.0
2023-06-23 11:30:00-04:00,28.3799991607666,28.416000366210938,28.3799991607666,28.416000366210938,454,0.0,0.0
2023-06-23 12:30:00-04:00,28.315000534057617,28.315000534057617,28.290000915527344,28.290000915527344,770,0.0,0.0
2023-06-23 13:30:00-04:00,28.290000915527344,28.34000015258789,28.290000915527344,28.290000915527344,2235,0.0,0.0
2023-06-23 14:30:00-04:00,28.290000915527344,28.30500030517578,28.25,28.260000228881836,4827,0.0,0.0
2023-06-23 15:30:00-04:00,28.260000228881836,28.280000686645508,28.219999313354492,28.219999313354492,5705,0.0,0.0
2023-06-26 09:30:00-04:00,28.200000762939453,28.690000534057617,28.200000762939453,28.549999237060547,0,0.0,0.0
2023-06-26 10:30:00-04:00,28.540000915527344,28.680700302124023,28.489999771118164,28.530000686645508,1821,0.0,0.0
2023-06-26 11:30:00-04:00,28.540000915527344,28.649999618530273,28.540000915527344,28.56999969482422,852,0.0,0.0
2023-06-26 12:30:00-04:00,28.59000015258789,28.68000030517578,28.59000015258789,28.68000030517578,1149,0.0,0.0
2023-06-26 13:30:00-04:00,28.670000076293945,28.760000228881836,28.6299991607666,28.739999771118164,3245,0.0,0.0
2023-06-26 14:30:00-04:00,28.809999465942383,28.8346004486084,28.75,28.790000915527344,4593,0.0,0.0
2023-06-26 15:30:00-04:00,28.799999237060547,28.799999237060547,28.649999618530273,28.649999618530273,2918,0.0,0.0
2023-06-27 09:30:00-04:00,28.600000381469727,28.860000610351562,28.600000381469727,28.860000610351562,2147,0.0,0.0
2023-06-27 10:30:00-04:00,28.90999984741211,28.969999313354492,28.84480094909668,28.889999389648438,1793,0.0,0.0
2023-06-27 11:30:00-04:00,28.889999389648438,28.889999389648438,28.770000457763672,28.770000457763672,1275,0.0,0.0
2023-06-27 13:30:00-04:00,28.790000915527344,28.8799991607666,28.780000686645508,28.799999237060547,2379,0.0,0.0
2023-06-27 14:30:00-04:00,28.790000915527344,28.84000015258789,28.760000228881836,28.84000015258789,1018,0.0,0.0
2023-06-27 15:30:00-04:00,28.84000015258789,28.893999099731445,28.84000015258789,28.893999099731445,1801,0.0,0.0
2023-06-28 09:30:00-04:00,28.639999389648438,28.8799991607666,28.639999389648438,28.8799991607666,0,0.0,0.0
2023-06-28 10:30:00-04:00,28.886600494384766,28.886600494384766,28.886600494384766,28.886600494384766,0,0.0,0.0
2023-06-28 11:30:00-04:00,28.940000534057617,28.979999542236328,28.940000534057617,28.979999542236328,5676,0.0,0.0
2023-06-28 12:30:00-04:00,29.1299991607666,29.1299991607666,29.1299991607666,29.1299991607666,148,0.0,0.0
2023-06-28 13:30:00-04:00,29.09000015258789,29.149999618530273,29.09000015258789,29.149999618530273,2241,0.0,0.0
2023-06-28 14:30:00-04:00,29.170000076293945,29.259899139404297,29.149999618530273,29.239999771118164,3665,0.0,0.0
2023-06-28 15:30:00-04:00,29.239999771118164,29.299999237060547,29.239999771118164,29.290000915527344,5660,0.0,0.0
2023-06-29 09:30:00-04:00,29.3700008392334,29.709999084472656,29.280000686645508,29.709999084472656,0,0.0,0.0
2023-06-29 10:30:00-04:00,29.719999313354492,29.770000457763672,29.683500289916992,29.683500289916992,741,0.0,0.0
2023-06-29 11:30:00-04:00,29.6299991607666,29.75,29.6299991607666,29.739999771118164,2570,0.0,0.0
2023-06-29 12:30:00-04:00,29.75,29.799999237060547,29.75,29.799800872802734,3628,0.0,0.0
2023-06-29 13:30:00-04:00,29.639999389648438,29.729999542236328,29.625,29.69499969482422,637,0.0,0.0
2023-06-29 14:30:00-04:00,29.649999618530273,29.739999771118164,29.649999618530273,29.700000762939453,1605,0.0,0.0
2023-06-29 15:30:00-04:00,29.719999313354492,29.719999313354492,29.670000076293945,29.690000534057617,1719,0.0,0.0
2023-06-30 09:30:00-04:00,29.639999389648438,30.0,29.639999389648438,30.0,7417,0.0,0.0
2023-06-30 10:30:00-04:00,30.020000457763672,30.170000076293945,29.96500015258789,30.06999969482422,4286,0.0,0.0
2023-06-30 11:30:00-04:00,30.030000686645508,30.1299991607666,30.030000686645508,30.1200008392334,2976,0.0,0.0
2023-06-30 12:30:00-04:00,30.1200008392334,30.18000030517578,30.1200008392334,30.170000076293945,2065,0.0,0.0
2023-06-30 13:30:00-04:00,30.040000915527344,30.110000610351562,30.030000686645508,30.06999969482422,2370,0.0,0.0
2023-06-30 14:30:00-04:00,30.059999465942383,30.06999969482422,30.030000686645508,30.05500030517578,1470,0.0,0.0
2023-06-30 15:30:00-04:00,30.059999465942383,30.059999465942383,29.8700008392334,29.8700008392334,6594,0.0,0.0
2023-07-03 09:30:00-04:00,30.1299991607666,30.389999389648438,30.1200008392334,30.1200008392334,0,0.0,0.0
2023-07-03 10:30:00-04:00,30.06999969482422,30.3799991607666,30.06999969482422,30.3799991607666,1989,0.0,0.0
2023-07-03 11:30:00-04:00,30.270000457763672,30.270000457763672,30.1299991607666,30.1299991607666,5172,0.0,0.0
2023-07-03 12:30:00-04:00,30.15999984741211,30.15999984741211,30.100000381469727,30.100000381469727,3406,0.0,0.0
2023-07-05 09:30:00-04:00,30.280000686645508,30.280000686645508,30.0,30.030000686645508,0,0.0,0.0
2023-07-05 10:30:00-04:00,30.020000457763672,30.020000457763672,29.940000534057617,29.940000534057617,1030,0.0,0.0
2023-07-05 11:30:00-04:00,30.0,30.0,29.94499969482422,29.954999923706055,1157,0.0,0.0
2023-07-05 12:30:00-04:00,29.934999465942383,30.0,29.920000076293945,29.94499969482422,8562,0.0,0.0
2023-07-05 13:30:00-04:00,29.94499969482422,29.959999084472656,29.8799991607666,29.8799991607666,6393,0.0,0.0
2023-07-05 14:30:00-04:00,29.889999389648438,29.950000762939453,29.889999389648438,29.93000030517578,5841,0.0,0.0
2023-07-05 15:30:00-04:00,29.940000534057617,29.950000762939453,29.93000030517578,29.93000030517578,5356,0.0,0.0
2023-07-06 09:30:00-04:00,29.56999969482422,29.8799991607666,29.56999969482422,29.614999771118164,0,0.0,0.0
2023-07-06 10:30:00-04:00,29.489999771118164,29.540000915527344,29.3799991607666,29.415000915527344,4870,0.0,0.0
2023-07-06 11:30:00-04:00,29.354999542236328,29.389999389648438,29.350000381469727,29.350000381469727,1990,0.0,0.0
2023-07-06 12:30:00-04:00,29.34000015258789,29.489700317382812,29.34000015258789,29.489700317382812,1455,0.0,0.0
2023-07-06 13:30:00-04:00,29.46500015258789,29.535499572753906,29.46500015258789,29.520000457763672,1053,0.0,0.0
2023-07-06 14:30:00-04:00,29.520000457763672,29.559999465942383,29.450000762939453,29.450000762939453,809,0.0,0.0
2023-07-06 15:30:00-04:00,29.469999313354492,29.549999237060547,29.450000762939453,29.459999084472656,2515,0.0,0.0
2023-07-07 09:30:00-04:00,29.540000915527344,29.579999923706055,29.450000762939453,29.469999313354492,0,0.0,0.0
2023-07-07 10:30:00-04:00,29.540000915527344,29.639999389648438,29.450000762939453,29.5,5446,0.0,0.0
2023-07-07 11:30:00-04:00,29.530000686645508,29.559999465942383,29.5,29.559999465942383,1538,0.0,0.0
2023-07-07 12:30:00-04:00,29.59000015258789,29.81839942932129,29.59000015258789,29.739999771118164,3805,0.0,0.0
2023-07-07 13:30:00-04:00,29.760000228881836,29.790199279785156,29.68000030517578,29.729999542236328,3159,0.0,0.0
2023-07-07 14:30:00-04:00,29.729999542236328,29.770000457763672,29.665000915527344,29.729999542236328,3036,0.0,0.0
2023-07-07 15:30:00-04:00,29.729999542236328,29.75,29.559999465942383,29.579999923706055,3760,0.0,0.0
2023-07-10 09:30:00-04:00,29.549999237060547,30.100000381469727,29.549999237060547,29.92799949645996,0,0.0,0.0
2023-07-10 12:30:00-04:00,29.95009994506836,30.0,29.950000762939453,30.0,3619,0.0,0.0
2023-07-10 13:30:00-04:00,30.010000228881836,30.010000228881836,30.010000228881836,30.010000228881836,446,0.0,0.0
2023-07-10 14:30:00-04:00,30.0,30.0,30.0,30.0,312,0.0,0.0
2023-07-10 15:30:00-04:00,30.0049991607666,30.010000228881836,30.0,30.0,7878,0.0,0.0
2023-07-11 09:30:00-04:00,30.010000228881836,30.2549991607666,30.010000228881836,30.2549991607666,0,0.0,0.0
2023-07-11 10:30:00-04:00,30.246000289916992,30.399999618530273,30.246000289916992,30.3799991607666,5754,0.0,0.0
2023-07-11 11:30:00-04:00,30.3799991607666,30.384000778198242,30.3700008392334,30.3700008392334,1883,0.0,0.0
2023-07-11 12:30:00-04:00,30.3700008392334,30.3700008392334,30.260000228881836,30.260000228881836,1459,0.0,0.0
2023-07-11 13:30:00-04:00,30.28730010986328,30.34000015258789,30.28730010986328,30.299999237060547,1400,0.0,0.0
2023-07-11 14:30:00-04:00,30.34000015258789,30.360000610351562,30.299999237060547,30.34000015258789,0,0.0,0.0
2023-07-11 15:30:00-04:00,30.34000015258789,30.3700008392334,30.34000015258789,30.3700008392334,16381,0.0,0.0
2023-07-12 09:30:00-04:00,30.600000381469727,30.604999542236328,30.506000518798828,30.604999542236328,2906,0.0,0.0
2023-07-12 10:30:00-04:00,30.604000091552734,30.659900665283203,30.579999923706055,30.58009910583496,2562,0.0,0.0
2023-07-12 11:30:00-04:00,30.579999923706055,30.579999923706055,30.482900619506836,30.524999618530273,0,0.0,0.0
2023-07-12 12:30:00-04:00,30.579999923706055,30.59000015258789,30.56999969482422,30.56999969482422,7352,0.0,0.0
2023-07-12 13:30:00-04:00,30.639999389648438,30.700000762939453,30.639999389648438,30.700000762939453,642,0.0,0.0
2023-07-12 14:30:00-04:00,30.760000228881836,30.770000457763672,30.709999084472656,30.75,3519,0.0,0.0
2023-07-12 15:30:00-04:00,30.760000228881836,30.770000457763672,30.760000228881836,30.770000457763672,1048,0.0,0.0
2023-07-13 09:30:00-04:00,30.829999923706055,31.0,30.780000686645508,31.0,5234,0.0,0.0
2023-07-13 10:30:00-04:00,30.940000534057617,31.049999237060547,30.915800094604492,30.93280029296875,3967,0.0,0.0
2023-07-13 11:30:00-04:00,30.989999771118164,31.030000686645508,30.940000534057617,30.940000534057617,1219,0.0,0.0
2023-07-13 12:30:00-04:00,31.0,31.010000228881836,30.899999618530273,30.899999618530273,939,0.0,0.0
2023-07-13 13:30:00-04:00,30.90999984741211,31.011199951171875,30.90999984741211,31.0,7040,0.0,0.0
2023-07-13 14:30:00-04:00,31.010000228881836,31.059999465942383,30.969999313354492,30.969999313354492,4367,0.0,0.0
2023-07-13 15:30:00-04:00,30.920000076293945,30.979999542236328,30.920000076293945,30.969999313354492,1813,0.0,0.0
2023-07-14 09:30:00-04:00,30.8700008392334,30.8799991607666,30.6299991607666,30.6299991607666,0,0.0,0.0
2023-07-14 10:30:00-04:00,30.549999237060547,30.6299991607666,30.549999237060547,30.6299991607666,656,0.0,0.0
2023-07-14 11:30:00-04:00,30.68000030517578,30.709999084472656,30.6200008392334,30.6200008392334,2340,0.0,0.0
2023-07-14 12:30:00-04:00,30.59000015258789,30.600000381469727,30.450000762939453,30.459999084472656,4158,0.0,0.0
2023-07-14 13:30:00-04:00,30.5,30.5,30.489999771118164,30.5,3471,0.0,0.0
2023-07-14 14:30:00-04:00,30.5,30.5,30.480100631713867,30.489999771118164,1328,0.0,0.0
2023-07-14 15:30:00-04:00,30.485000610351562,30.485000610351562,30.299999237060547,30.31999969482422,7377,0.0,0.0
2023-07-17 09:30:00-04:00,30.399999618530273,30.540000915527344,30.260000228881836,30.510000228881836,7874,0.0,0.0
2023-07-17 10:30:00-04:00,30.540000915527344,30.549999237060547,30.440000534057617,30.440000534057617,3051,0.0,0.0
2023-07-17 11:30:00-04:00,30.440000534057617,30.440099716186523,30.389999389648438,30.389999389648438,4944,0.0,0.0
2023-07-17 12:30:00-04:00,30.38010025024414,30.469999313354492,30.38010025024414,30.469999313354492,2434,0.0,0.0
2023-07-17 13:30:00-04:00,30.5,30.5,30.5,30.5,522,0.0,0.0
2023-07-17 14:30:00-04:00,30.5,30.56999969482422,30.5,30.549999237060547,6151,0.0,0.0
2023-07-17 15:30:00-04:00,30.540000915527344,30.559999465942383,30.540000915527344,30.559999465942383,18193,0.0,0.0
2023-07-18 09:30:00-04:00,30.549999237060547,30.93000030517578,30.520000457763672,30.770000457763672,0,0.0,0.0
2023-07-18 10:30:00-04:00,30.84000015258789,30.84000015258789,30.760000228881836,30.829999923706055,1193,0.0,0.0
2023-07-18 11:30:00-04:00,30.809999465942383,30.809999465942383,30.790000915527344,30.790000915527344,520,0.0,0.0
2023-07-18 12:30:00-04:00,30.780000686645508,30.84000015258789,30.780000686645508,30.84000015258789,515,0.0,0.0
2023-07-18 13:30:00-04:00,30.8700008392334,30.8700008392334,30.8700008392334,30.8700008392334,522,0.0,0.0
2023-07-18 14:30:00-04:00,30.899999618530273,30.90999984741211,30.8700008392334,30.90999984741211,1527,0.0,0.0
2023-07-18 15:30:00-04:00,30.8799991607666,30.889999389648438,30.8700008392334,30.8799991607666,1330,0.0,0.0
2023-07-19 09:30:00-04:00,31.0,31.09000015258789,31.0,31.059999465942383,1419,0.0,0.0
2023-07-19 10:30:00-04:00,30.989999771118164,31.08099937438965,30.989999771118164,31.08099937438965,3826,0.0,0.0
2023-07-19 11:30:00-04:00,31.200000762939453,31.200000762939453,31.010000228881836,31.100000381469727,1861,0.0,0.0
2023-07-19 12:30:00-04:00,30.989999771118164,31.239999771118164,30.989999771118164,31.030000686645508,14174,0.0,0.0
2023-07-19 13:30:00-04:00,31.010000228881836,31.049999237060547,30.950000762939453,31.049999237060547,1149,0.0,0.0
2023-07-19 14:30:00-04:00,31.040000915527344,31.040000915527344,31.020000457763672,31.030000686645508,1223,0.0,0.0
2023-07-19 15:30:00-04:00,31.010000228881836,31.110000610351562,31.0,31.010000228881836,2240,0.0,0.0
2023-07-20 09:30:00-04:00,31.06999969482422,31.308399200439453,31.06999969482422,31.204999923706055,0,0.0,0.0
2023-07-20 10:30:00-04:00,31.1299991607666,31.229999542236328,31.120100021362305,31.18000030517578,2984,0.0,0.0
2023-07-20 11:30:00-04:00,31.18000030517578,31.219999313354492,31.100000381469727,31.149999618530273,1682,0.0,0.0
2023-07-20 12:30:00-04:00,31.18000030517578,31.2549991607666,31.18000030517578,31.209999084472656,737,0.0,0.0
2023-07-20 13:30:00-04:00,31.209999084472656,31.241600036621094,31.200000762939453,31.209999084472656,1152,0.0,0.0
2023-07-20 14:30:00-04:00,31.209999084472656,31.290000915527344,31.209999084472656,31.260000228881836,2558,0.0,0.0
2023-07-20 15:30:00-04:00,31.270000457763672,31.270000457763672,31.239999771118164,31.25,1625,0.0,0.0
2023-07-21 09:30:00-04:00,31.350000381469727,31.489999771118164,30.979999542236328,31.489999771118164,9239,0.0,0.0
2023-07-21 10:30:00-04:00,31.479999542236328,31.5,31.41010093688965,31.479999542236328,4545,0.0,0.0
2023-07-21 11:30:00-04:00,31.43000030517578,31.475000381469727,31.389999389648438,31.389999389648438,2000,0.0,0.0
2023-07-21 13:30:00-04:00,31.309999465942383,31.31999969482422,31.299999237060547,31.31999969482422,404,0.0,0.0
2023-07-21 14:30:00-04:00,31.34000015258789,31.420000076293945,31.329999923706055,31.340599060058594,3688,0.0,0.0
2023-07-21 15:30:00-04:00,31.360000610351562,31.360000610351562,31.260000228881836,31.260000228881836,1850,0.0,0.0
2023-07-24 09:30:00-04:00,31.219999313354492,31.700000762939453,31.219999313354492,31.666799545288086,0,0.0,0.0
2023-07-24 10:30:00-04:00,31.700000762939453,31.704999923706055,31.65999984741211,31.693300247192383,1133,0.0,0.0
2023-07-24 11:30:00-04:00,31.709999084472656,31.780000686645508,31.709999084472656,31.780000686645508,1535,0.0,0.0
2023-07-24 12:30:00-04:00,31.75,31.969999313354492,31.7450008392334,31.899999618530273,4594,0.0,0.0
2023-07-24 13:30:00-04:00,31.864999771118164,31.989999771118164,31.864999771118164,31.96500015258789,2822,0.0,0.0
2023-07-24 14:30:00-04:00,31.920000076293945,32.0,31.920000076293945,31.920000076293945,5710,0.0,0.0
2023-07-24 15:30:00-04:00,31.920000076293945,31.93000030517578,31.920000076293945,31.920000076293945,4403,0.0,0.0
2023-07-25 09:30:00-04:00,32.0,32.0,31.75,31.829999923706055,0,0.0,0.0
2023-07-25 10:30:00-04:00,31.774999618530273,31.80500030517578,31.774999618530273,31.80500030517578,2802,0.0,0.0
2023-07-25 11:30:00-04:00,31.80500030517578,31.829999923706055,31.75160026550293,31.809999465942383,3929,0.0,0.0
2023-07-25 12:30:00-04:00,31.809999465942383,31.869600296020508,31.799999237060547,31.825000762939453,2181,0.0,0.0
2023-07-25 13:30:00-04:00,31.84000015258789,31.84000015258789,31.799999237060547,31.799999237060547,1218,0.0,0.0
2023-07-25 14:30:00-04:00,31.84000015258789,31.850000381469727,31.795000076293945,31.825000762939453,2112,0.0,0.0
2023-07-25 15:30:00-04:00,31.81999969482422,31.860000610351562,31.65999984741211,31.690000534057617,3011,0.0,0.0
2023-07-26 09:30:00-04:00,31.56999969482422,31.950000762939453,31.56999969482422,31.729999542236328,0,0.0,0.0
2023-07-26 10:30:00-04:00,31.709999084472656,31.90999984741211,31.709999084472656,31.90999984741211,1397,0.0,0.0
2023-07-26 11:30:00-04:00,31.90999984741211,31.90999984741211,31.81999969482422,31.843000411987305,890,0.0,0.0
2023-07-26 12:30:00-04:00,31.84000015258789,31.844999313354492,31.739999771118164,31.770000457763672,1899,0.0,0.0
2023-07-26 13:30:00-04:00,31.81999969482422,31.940000534057617,31.69499969482422,31.719999313354492,9926,0.0,0.0
2023-07-26 14:30:00-04:00,31.729999542236328,31.940000534057617,31.719999313354492,31.770000457763672,5843,0.0,0.0
2023-07-26 15:30:00-04:00,31.75,31.889999389648438,31.700000762939453,31.770000457763672,3647,0.0,0.0
2023-07-27 09:30:00-04:00,31.65999984741211,31.8700008392334,31.65999984741211,31.700000762939453,2902,0.0,0.0
2023-07-27 10:30:00-04:00,31.65999984741211,31.75,31.6200008392334,31.674999237060547,8225,0.0,0.0
2023-07-27 11:30:00-04:00,31.670000076293945,31.75,31.65999984741211,31.75,2838,0.0,0.0
2023-07-27 12:30:00-04:00,31.799999237060547,31.860000610351562,31.780000686645508,31.790000915527344,1608,0.0,0.0
2023-07-27 13:30:00-04:00,31.860000610351562,31.860000610351562,31.6200008392334,31.6200008392334,1274,0.0,0.0
2023-07-27 14:30:00-04:00,31.6200008392334,31.6200008392334,31.469999313354492,31.530000686645508,4266,0.0,0.0
2023-07-27 15:30:00-04:00,31.489999771118164,31.489999771118164,31.239999771118164,31.290000915527344,6137,0.0,0.0
2023-07-28 09:30:00-04:00,31.170000076293945,31.735000610351562,31.170000076293945,31.547700881958008,0,0.0,0.0
2023-07-28 10:30:00-04:00,31.5,31.579999923706055,31.399999618530273,31.579999923706055,1543,0.0,0.0
2023-07-28 11:30:00-04:00,31.549999237060547,31.604999542236328,31.549999237060547,31.604999542236328,1066,0.0,0.0
2023-07-28 12:30:00-04:00,31.6200008392334,31.659900665283203,31.59000015258789,31.6299991607666,603,0.0,0.0
2023-07-28 13:30:00-04:00,31.65999984741211,31.65999984741211,31.559999465942383,31.559999465942383,3074,0.0,0.0
2023-07-28 15:30:00-04:00,31.61280059814453,31.61280059814453,31.549999237060547,31.56999969482422,3411,0.0,0.0
2023-07-31 09:30:00-04:00,31.719999313354492,31.940000534057617,31.719999313354492,31.940000534057617,0,0.0,0.0
2023-07-31 10:30:00-04:00,32.04999923706055,32.04999923706055,32.0099983215332,32.040000915527344,3057,0.0,0.0
2023-07-31 11:30:00-04:00,32.10499954223633,32.150001525878906,32.06999969482422,32.11600112915039,3213,0.0,0.0
2023-07-31 12:30:00-04:00,32.1150016784668,32.118499755859375,32.099998474121094,32.11000061035156,682,0.0,0.0
2023-07-31 13:30:00-04:00,32.100101470947266,32.100101470947266,32.100101470947266,32.100101470947266,133,0.0,0.0
2023-07-31 14:30:00-04:00,32.119998931884766,32.13999938964844,32.06999969482422,32.13999938964844,6463,0.0,0.0
2023-07-31 15:30:00-04:00,32.099998474121094,32.119998931884766,32.08000183105469,32.119998931884766,1325,0.0,0.0
2023-08-01 09:30:00-04:00,31.940000534057617,32.150001525878906,31.829999923706055,31.989999771118164,5065,0.0,0.0
2023-08-01 10:30:00-04:00,31.979999542236328,32.025001525878906,31.920000076293945,32.025001525878906,5291,0.0,0.0
2023-08-01 11:30:00-04:00,32.0,32.029998779296875,31.899999618530273,31.90999984741211,2164,0.0,0.0
2023-08-01 12:30:00-04:00,31.90999984741211,31.989999771118164,31.899999618530273,31.989999771118164,1469,0.0,0.0
2023-08-01 13:30:00-04:00,31.959999084472656,31.969999313354492,31.95009994506836,31.969999313354492,935,0.0,0.0
2023-08-01 14:30:00-04:00,32.0,32.03770065307617,31.959999084472656,32.03770065307617,1163,0.0,0.0
2023-08-01 15:30:00-04:00,31.989999771118164,32.099998474121094,31.979999542236328,32.08000183105469,2121,0.0,0.0
2023-08-02 09:30:00-04:00,32.040000915527344,32.040000915527344,31.639999389648438,31.639999389648438,0,0.0,0.0
2023-08-02 10:30:00-04:00,31.610000610351562,31.610000610351562,31.399999618530273,31.399999618530273,2528,0.0,0.0
2023-08-02 11:30:00-04:00,31.290000915527344,31.399999618530273,31.290000915527344,31.399999618530273,793,0.0,0.0
2023-08-02 12:30:00-04:00,31.41200065612793,31.41200065612793,31.41200065612793,31.41200065612793,1460,0.0,0.0
2023-08-02 13:30:00-04:00,31.440000534057617,31.440000534057617,31.3700008392334,31.3700008392334,2270,0.0,0.0
2023-08-02 14:30:00-04:00,31.405000686645508,31.40999984741211,31.3799991607666,31.40999984741211,2341,0.0,0.0
2023-08-02 15:30:00-04:00,31.360000610351562,31.3700008392334,31.299999237060547,31.31999969482422,0,0.0,0.0
2023-08-03 09:30:00-04:00,31.309999465942383,31.309999465942383,31.139999389648438,31.29159927368164,958,0.0,0.0
2023-08-03 10:30:00-04:00,31.355199813842773,31.355199813842773,31.309999465942383,31.309999465942383,1364,0.0,0.0
2023-08-03 11:30:00-04:00,31.3799991607666,31.5,31.299999237060547,31.5,1370,0.0,0.0
2023-08-03 12:30:00-04:00,31.375,31.540000915527344,31.375,31.485000610351562,2759,0.0,0.0
2023-08-03 13:30:00-04:00,31.459999084472656,31.479999542236328,31.459999084472656,31.479999542236328,901,0.0,0.0
2023-08-03 14:30:00-04:00,31.47450065612793,31.47450065612793,31.47450065612793,31.47450065612793,718,0.0,0.0
2023-08-03 15:30:00-04:00,31.40999984741211,31.40999984741211,31.3700008392334,31.389999389648438,2934,0.0,0.0
2023-08-04 09:30:00-04:00,31.309999465942383,31.68000030517578,31.309999465942383,31.68000030517578,0,0.0,0.0
2023-08-04 10:30:00-04:00,31.8125,31.8125,31.8125,31.8125,474,0.0,0.0
2023-08-04 11:30:00-04:00,31.81999969482422,31.81999969482422,31.760000228881836,31.760000228881836,1306,0.0,0.0
2023-08-04 12:30:00-04:00,31.84589958190918,31.84589958190918,31.84589958190918,31.84589958190918,210,0.0,0.0
2023-08-04 13:30:00-04:00,31.854999542236328,31.854999542236328,31.81999969482422,31.81999969482422,8589,0.0,0.0
2023-08-04 14:30:00-04:00,31.81999969482422,31.81999969482422,31.81999969482422,31.81999969482422,13701,0.0,0.0
2023-08-04 15:30:00-04:00,31.81999969482422,31.81999969482422,31.360000610351562,31.360000610351562,9554,0.0,0.0
2023-08-07 09:30:00-04:00,31.329999923706055,31.920000076293945,31.329999923706055,31.81999969482422,0,0.0,0.0
2023-08-07 10:30:00-04:00,31.93000030517578,32.02000045776367,31.883899688720703,32.02000045776367,3706,0.0,0.0
2023-08-07 11:30:00-04:00,32.02000045776367,32.040000915527344,31.915000915527344,32.040000915527344,2703,0.0,0.0
2023-08-07 12:30:00-04:00,31.940000534057617,32.060001373291016,31.940000534057617,32.04999923706055,2503,0.0,0.0
2023-08-07 13:30:00-04:00,31.950000762939453,31.950000762939453,31.950000762939453,31.950000762939453,129,0.0,0.0
2023-08-07 14:30:00-04:00,31.778400421142578,31.778400421142578,31.770000457763672,31.770000457763672,514,0.0,0.0
2023-08-07 15:30:00-04:00,31.709999084472656,31.709999084472656,31.65999984741211,31.65999984741211,1947,0.0,0.0
2023-08-08 09:30:00-04:00,31.420000076293945,31.43000030517578,31.344999313354492,31.405000686645508,0,0.0,0.0
2023-08-08 10:30:00-04:00,31.389999389648438,31.530000686645508,31.389999389648438,31.420000076293945,1720,0.0,0.0
2023-08-08 11:30:00-04:00,31.375,31.375,31.33009910583496,31.33009910583496,1233,0.0,0.0
2023-08-08 13:30:00-04:00,31.520000457763672,31.670000076293945,31.520000457763672,31.670000076293945,816,0.0,0.0
2023-08-08 14:30:00-04:00,31.814199447631836,31.814199447631836,31.814199447631836,31.814199447631836,890,0.0,0.0
2023-08-08 15:30:00-04:00,31.770000457763672,31.770000457763672,31.770000457763672,31.770000457763672,200,0.0,0.0
2023-08-09 09:30:00-04:00,31.760000228881836,32.0,31.700000762939453,32.0,1378,0.0,0.0
2023-08-09 10:30:00-04:00,32.149898529052734,32.150001525878906,32.149898529052734,32.150001525878906,1120,0.0,0.0
2023-08-09 11:30:00-04:00,31.840599060058594,31.840599060058594,31.840599060058594,31.840599060058594,103,0.0,0.0
2023-08-09 12:30:00-04:00,32.0,32.0,32.0,32.0,1367,0.0,0.0
2023-08-09 13:30:00-04:00,31.999900817871094,31.999900817871094,31.999900817871094,31.999900817871094,115,0.0,0.0
2023-08-09 14:30:00-04:00,31.959999084472656,31.989999771118164,31.950000762939453,31.989999771118164,1678,0.0,0.0
2023-08-09 15:30:00-04:00,31.989999771118164,31.989999771118164,31.940000534057617,31.940000534057617,2272,0.0,0.0
2023-08-10 09:30:00-04:00,31.8700008392334,32.38999938964844,31.850000381469727,32.25,106,0.0,0.0
2023-08-10 10:30:00-04:00,32.25,32.25,31.899999618530273,31.983999252319336,4531,0.0,0.0
2023-08-10 11:30:00-04:00,32.07500076293945,32.19499969482422,32.029998779296875,32.05500030517578,4033,0.0,0.0
2023-08-10 12:30:00-04:00,32.060001373291016,32.18000030517578,31.969999313354492,31.969999313354492,576,0.0,0.0
2023-08-10 13:30:00-04:00,32.06999969482422,32.11000061035156,31.950000762939453,31.950000762939453,5011,0.0,0.0
2023-08-10 14:30:00-04:00,31.920000076293945,32.025001525878906,31.91010093688965,32.0,1977,0.0,0.0
2023-08-10 15:30:00-04:00,31.93000030517578,31.989999771118164,31.93000030517578,31.979999542236328,1512,0.0,0.0
2023-08-11 09:30:00-04:00,31.81999969482422,32.24399948120117,31.81999969482422,32.209999084472656,0,0.0,0.0
2023-08-11 10:30:00-04:00,32.130001068115234,32.33000183105469,32.130001068115234,32.27000045776367,2136,0.0,0.0
2023-08-11 11:30:00-04:00,32.27000045776367,32.3650016784668,32.209999084472656,32.3650016784668,4209,0.0,0.0
2023-08-11 12:30:00-04:00,32.3650016784668,32.3650016784668,32.18000030517578,32.20000076293945,2773,0.0,0.0
2023-08-11 13:30:00-04:00,32.18000030517578,32.2400016784668,32.16999816894531,32.22999954223633,3755,0.0,0.0
2023-08-11 14:30:00-04:00,32.257999420166016,32.3218994140625,32.220001220703125,32.22999954223633,4522,0.0,0.0
2023-08-11 15:30:00-04:00,32.25,32.33000183105469,32.25,32.31999969482422,6173,0.0,0.0
2023-08-14 09:30:00-04:00,32.29999923706055,32.408199310302734,32.27000045776367,32.3650016784668,3538,0.0,0.0
2023-08-14 10:30:00-04:00,32.314998626708984,32.380001068115234,32.30500030517578,32.380001068115234,2004,0.0,0.0
2023-08-14 11:30:00-04:00,32.38999938964844,32.400001525878906,32.310001373291016,32.380001068115234,1993,0.0,0.0
2023-08-14 12:30:00-04:00,32.349998474121094,32.349998474121094,32.279998779296875,32.279998779296875,952,0.0,0.0
2023-08-14 13:30:00-04:00,32.279998779296875,32.279998779296875,32.2599983215332,32.2599983215332,4738,0.0,0.0
2023-08-14 14:30:00-04:00,32.130001068115234,32.13999938964844,32.029998779296875,32.060001373291016,4015,0.0,0.0
2023-08-14 15:30:00-04:00,32.064998626708984,32.064998626708984,32.04999923706055,32.04999923706055,2551,0.0,0.0
2023-08-15 09:30:00-04:00,31.770000457763672,31.989999771118164,31.709999084472656,31.709999084472656,0,0.0,0.0
2023-08-15 10:30:00-04:00,31.65999984741211,31.75,31.639999389648438,31.729999542236328,2880,0.0,0.0
2023-08-15 11:30:00-04:00,31.715599060058594,31.75979995727539,31.715599060058594,31.75,1502,0.0,0.0
2023-08-15 12:30:00-04:00,31.56999969482422,31.61989974975586,31.489999771118164,31.61989974975586,2063,0.0,0.0
2023-08-15 13:30:00-04:00,31.469999313354492,31.510000228881836,31.40999984741211,31.440000534057617,1505,0.0,0.0
2023-08-15 14:30:00-04:00,31.440000534057617,31.540000915527344,31.43000030517578,31.483999252319336,4219,0.0,0.0
2023-08-15 15:30:00-04:00,31.450000762939453,31.479999542236328,31.40999984741211,31.479999542236328,1260,0.0,0.0
2023-08-16 09:30:00-04:00,31.450000762939453,31.638599395751953,31.450000762939453,31.479999542236328,2808,0.0,0.0
2023-08-16 10:30:00-04:00,31.470300674438477,31.509700775146484,31.470300674438477,31.509700775146484,0,0.0,0.0
2023-08-16 11:30:00-04:00,31.399999618530273,31.420000076293945,31.31999969482422,31.31999969482422,5247,0.0,0.0
2023-08-16 12:30:00-04:00,31.299999237060547,31.309999465942383,31.200000762939453,31.270000457763672,3176,0.0,0.0
2023-08-16 13:30:00-04:00,31.121200561523438,31.184999465942383,31.110000610351562,31.184999465942383,2719,0.0,0.0
2023-08-16 14:30:00-04:00,31.190000534057617,31.200000762939453,31.139999389648438,31.139999389648438,1188,0.0,0.0
2023-08-16 15:30:00-04:00,31.139999389648438,31.139999389648438,30.899999618530273,31.030000686645508,0,0.0,0.0
2023-08-17 09:30:00-04:00,31.1200008392334,31.43000030517578,31.1200008392334,31.391000747680664,1846,0.0,0.0
2023-08-17 10:30:00-04:00,31.36440086364746,31.420000076293945,31.350000381469727,31.420000076293945,1569,0.0,0.0
2023-08-17 11:30:00-04:00,31.31999969482422,31.420000076293945,31.287500381469727,31.399999618530273,3064,0.0,0.0
2023-08-17 12:30:00-04:00,31.399999618530273,31.399999618530273,31.399999618530273,31.399999618530273,200,0.0,0.0
2023-08-17 13:30:00-04:00,31.34000015258789,31.34000015258789,31.260000228881836,31.309999465942383,5418,0.0,0.0
2023-08-17 14:30:00-04:00,31.309999465942383,31.309999465942383,31.21500015258789,31.21500015258789,4643,0.0,0.0
2023-08-17 15:30:00-04:00,31.190000534057617,31.239999771118164,31.190000534057617,31.239999771118164,1285,0.0,0.0
2023-08-18 09:30:00-04:00,31.020000457763672,31.475000381469727,31.020000457763672,31.475000381469727,0,0.0,0.0
2023-08-18 10:30:00-04:00,31.45789909362793,31.530000686645508,31.440000534057617,31.530000686645508,1686,0.0,0.0
2023-08-18 11:30:00-04:00,31.570100784301758,31.59000015258789,31.510000228881836,31.520000457763672,3781,0.0,0.0
2023-08-18 12:30:00-04:00,31.510000228881836,31.575000762939453,31.510000228881836,31.56999969482422,1851,0.0,0.0
2023-08-18 13:30:00-04:00,31.520000457763672,31.530000686645508,31.520000457763672,31.520000457763672,722,0.0,0.0
2023-08-18 14:30:00-04:00,31.520000457763672,31.56999969482422,31.520000457763672,31.56999969482422,3330,0.0,0.0
2023-08-18 15:30:00-04:00,31.59000015258789,31.670000076293945,31.59000015258789,31.59000015258789,6271,0.0,0.0
2023-08-21 09:30:00-04:00,31.690000534057617,31.770000457763672,31.510000228881836,31.510000228881836,0,0.0,0.0
2023-08-21 10:30:00-04:00,31.579999923706055,31.700000762939453,31.579999923706055,31.690000534057617,1308,0.0,0.0
2023-08-21 11:30:00-04:00,31.63010025024414,31.63010025024414,31.584999084472656,31.584999084472656,1182,0.0,0.0
2023-08-21 12:30:00-04:00,31.530000686645508,31.610000610351562,31.479999542236328,31.610000610351562,11190,0.0,0.0
2023-08-21 13:30:00-04:00,31.624399185180664,31.64080047607422,31.600000381469727,31.610000610351562,7882,0.0,0.0
2023-08-21 14:30:00-04:00,31.600500106811523,31.719999313354492,31.600500106811523,31.719999313354492,2160,0.0,0.0
2023-08-21 15:30:00-04:00,31.68000030517578,31.8700008392334,31.68000030517578,31.81999969482422,6070,0.0,0.0
2023-08-22 09:30:00-04:00,31.700000762939453,31.934999465942383,31.700000762939453,31.93000030517578,0,0.0,0.0
2023-08-22 10:30:00-04:00,31.889999389648438,31.915000915527344,31.799999237060547,31.864999771118164,12844,0.0,0.0
2023-08-22 11:30:00-04:00,31.899999618530273,31.979999542236328,31.899999618530273,31.90999984741211,1401,0.0,0.0
2023-08-22 12:30:00-04:00,31.989999771118164,32.040000915527344,31.916099548339844,31.959999084472656,3967,0.0,0.0
2023-08-22 13:30:00-04:00,31.979999542236328,32.0,31.90999984741211,31.90999984741211,2223,0.0,0.0
2023-08-22 14:30:00-04:00,31.950000762939453,32.040000915527344,31.920000076293945,31.940000534057617,2410,0.0,0.0
2023-08-22 15:30:00-04:00,32.029998779296875,32.029998779296875,31.850000381469727,31.969999313354492,6541,0.0,0.0
2023-08-23 09:30:00-04:00,31.15999984741211,31.15999984741211,30.8700008392334,30.920000076293945,2639,0.0,0.0
2023-08-23 10:30:00-04:00,30.875999450683594,30.920000076293945,30.860000610351562,30.891799926757812,2814,0.0,0.0
2023-08-23 11:30:00-04:00,30.924999237060547,31.020000457763672,30.8700008392334,30.950000762939453,1735,0.0,0.0
2023-08-23 12:30:00-04:00,31.030000686645508,31.190000534057617,30.90999984741211,31.094999313354492,4926,0.0,0.0
2023-08-23 13:30:00-04:00,31.1200008392334,31.270000457763672,31.114999771118164,31.190000534057617,4671,0.0,0.0
2023-08-23 14:30:00-04:00,31.21269989013672,31.21269989013672,31.100000381469727,31.18000030517578,3543,0.0,0.0
2023-08-23 15:30:00-04:00,31.190000534057617,31.229999542236328,31.100000381469727,31.1299991607666,4046,0.0,0.0
2023-08-24 09:30:00-04:00,30.799999237060547,30.940000534057617,30.799999237060547,30.850000381469727,9082,0.0,0.0
2023-08-24 10:30:00-04:00,31.100000381469727,31.25,31.03219985961914,31.25,5555,0.0,0.0
2023-08-24 11:30:00-04:00,31.110000610351562,31.110000610351562,31.110000610351562,31.110000610351562,348,0.0,0.0
2023-08-24 12:30:00-04:00,31.079999923706055,31.079999923706055,31.079999923706055,31.079999923706055,107,0.0,0.0
2023-08-24 13:30:00-04:00,31.030099868774414,31.18000030517578,30.959999084472656,30.979999542236328,7140,0.0,0.0
2023-08-24 14:30:00-04:00,30.920000076293945,30.94070053100586,30.84000015258789,30.84000015258789,3926,0.0,0.0
2023-08-24 15:30:00-04:00,30.850000381469727,30.850000381469727,30.719999313354492,30.719999313354492,1989,0.0,0.0
2023-08-25 09:30:00-04:00,30.770000457763672,30.920000076293945,30.770000457763672,30.850000381469727,4371,0.0,0.0
2023-08-25 10:30:00-04:00,30.790000915527344,30.823200225830078,30.763999938964844,30.780000686645508,987,0.0,0.0
2023-08-25 11:30:00-04:00,30.899999618530273,31.179899215698242,30.860000610351562,31.059999465942383,3605,0.0,0.0
2023-08-25 12:30:00-04:00,31.114999771118164,31.1200008392334,30.920000076293945,30.979999542236328,71743,0.0,0.0
2023-08-25 13:30:00-04:00,30.979999542236328,31.06999969482422,30.8700008392334,31.06999969482422,4199,0.0,0.0
2023-08-25 14:30:00-04:00,31.020000457763672,31.079999923706055,30.96500015258789,31.040000915527344,17914,0.0,0.0
2023-08-25 15:30:00-04:00,31.040000915527344,31.059999465942383,30.899999618530273,30.899999618530273,10848,0.0,0.0
2023-08-28 09:30:00-04:00,31.049999237060547,31.335399627685547,31.049999237060547,31.25,0,0.0,0.0
2023-08-28 10:30:00-04:00,31.25,31.25,31.210899353027344,31.210899353027344,970,0.0,0.0
2023-08-28 11:30:00-04:00,31.190000534057617,31.197999954223633,31.149999618530273,31.149999618530273,962,0.0,0.0
2023-08-28 12:30:00-04:00,31.149999618530273,31.149999618530273,31.1200008392334,31.1200008392334,1109,0.0,0.0
2023-08-28 13:30:00-04:00,31.139999389648438,31.139999389648438,31.06999969482422,31.06999969482422,4616,0.0,0.0
2023-08-28 14:30:00-04:00,31.06999969482422,31.190000534057617,31.06999969482422,31.170000076293945,5602,0.0,0.0
2023-08-28 15:30:00-04:00,31.139999389648438,31.15999984741211,31.139999389648438,31.149999618530273,2729,0.0,0.0
2023-08-29 09:30:00-04:00,31.43000030517578,31.43000030517578,31.239999771118164,31.309999465942383,0,0.0,0.0
2023-08-29 10:30:00-04:00,31.270000457763672,31.325899124145508,31.270000457763672,31.270000457763672,3013,0.0,0.0
2023-08-29 11:30:00-04:00,31.270000457763672,31.389999389648438,31.270000457763672,31.389999389648438,2041,0.0,0.0
2023-08-29 12:30:00-04:00,31.309999465942383,31.3700008392334,31.309999465942383,31.364999771118164,2425,0.0,0.0
2023-08-29 13:30:00-04:00,31.329999923706055,31.329999923706055,31.260000228881836,31.260000228881836,2390,0.0,0.0
2023-08-29 14:30:00-04:00,31.25,31.350000381469727,31.25,31.260000228881836,3114,0.0,0.0
2023-08-29 15:30:00-04:00,31.239999771118164,31.290000915527344,31.200000762939453,31.290000915527344,7415,0.0,0.0
2023-08-30 09:30:00-04:00,31.260000228881836,31.549999237060547,31.25,31.40999984741211,4435,0.0,0.0
2023-08-30 10:30:00-04:00,31.40999984741211,31.509899139404297,31.40999984741211,31.450000762939453,7805,0.0,0.0
2023-08-30 11:30:00-04:00,31.450000762939453,31.450000762939453,31.420000076293945,31.420000076293945,3295,0.0,0.0
2023-08-30 12:30:00-04:00,31.420000076293945,31.499900817871094,31.40999984741211,31.40999984741211,7474,0.0,0.0
2023-08-30 13:30:00-04:00,31.420000076293945,31.435199737548828,31.40999984741211,31.420000076293945,5385,0.0,0.0
2023-08-30 14:30:00-04:00,31.420000076293945,31.43000030517578,31.420000076293945,31.420000076293945,5881,0.0,0.0
2023-08-30 15:30:00-04:00,31.420000076293945,31.459999084472656,31.409000396728516,31.420000076293945,8231,0.0,0.0
2023-08-31 09:30:00-04:00,31.770000457763672,31.770000457763672,31.510000228881836,31.559999465942383,0,0.0,0.0
2023-08-31 10:30:00-04:00,31.520000457763672,31.6200008392334,31.510000228881836,31.6200008392334,2416,0.0,0.0
2023-08-31 11:30:00-04:00,31.6200008392334,31.6200008392334,31.478599548339844,31.510000228881836,10440,0.0,0.0
2023-08-31 12:30:00-04:00,31.510000228881836,31.530000686645508,31.489999771118164,31.489999771118164,5323,0.0,0.0
2023-08-31 13:30:00-04:00,31.489999771118164,31.649999618530273,31.489999771118164,31.649999618530273,6755,0.0,0.0
2023-08-31 14:30:00-04:00,31.6299991607666,31.670000076293945,31.5,31.5,6444,0.0,0.0
2023-08-31 15:30:00-04:00,31.5,31.549999237060547,31.399999618530273,31.399999618530273,11598,0.0,0.0
2023-09-01 09:30:00-04:00,31.690000534057617,32.060001373291016,31.65999984741211,31.84000015258789,8715,0.0,0.0
2023-09-01 10:30:00-04:00,31.790000915527344,31.959999084472656,31.790000915527344,31.959999084472656,2503,0.0,0.0
2023-09-01 11:30:00-04:00,31.850000381469727,31.959999084472656,31.75,31.850000381469727,3626,0.0,0.0
2023-09-01 12:30:00-04:00,31.860000610351562,31.860000610351562,31.75,31.760000228881836,2141,0.0,0.0
2023-09-01 13:30:00-04:00,31.809999465942383,31.8700008392334,31.809999465942383,31.81999969482422,3196,0.0,0.0
2023-09-01 14:30:00-04:00,31.90999984741211,31.940000534057617,31.90999984741211,31.90999984741211,2504,0.0,0.0
2023-09-01 15:30:00-04:00,31.90999984741211,31.989999771118164,31.8799991607666,31.8799991607666,3584,0.0,0.0
2023-09-05 09:30:00-04:00,31.760000228881836,32.09000015258789,31.760000228881836,31.889999389648438,0,0.0,0.0
2023-09-05 10:30:00-04:00,31.940000534057617,32.000999450683594,31.905000686645508,31.950000762939453,6086,0.0,0.0
2023-09-05 11:30:00-04:00,32.0,32.029998779296875,31.950000762939453,32.029998779296875,2217,0.0,0.0
2023-09-05 12:30:00-04:00,32.09000015258789,32.2400016784668,32.09000015258789,32.16600036621094,8333,0.0,0.0
2023-09-05 13:30:00-04:00,32.208900451660156,32.208900451660156,32.11000061035156,32.130001068115234,4169,0.0,0.0
2023-09-05 14:30:00-04:00,32.11000061035156,32.119998931884766,32.04999923706055,32.08000183105469,4038,0.0,0.0
2023-09-05 15:30:00-04:00,32.0,32.02000045776367,31.989999771118164,31.989999771118164,2757,0.0,0.0
2023-09-06 09:30:00-04:00,32.13999938964844,32.13999938964844,31.600000381469727,31.600000381469727,18717,0.0,0.0
2023-09-06 10:30:00-04:00,31.469999313354492,31.510000228881836,31.280000686645508,31.31999969482422,11116,0.0,0.0
2023-09-06 11:30:00-04:00,31.309999465942383,31.309999465942383,31.200000762939453,31.200000762939453,4245,0.0,0.0
2023-09-06 12:30:00-04:00,31.15999984741211,31.200000762939453,31.059999465942383,31.059999465942383,6007,0.0,0.0
2023-09-06 13:30:00-04:00,31.100000381469727,31.15999984741211,31.059999465942383,31.125,7945,0.0,0.0
2023-09-06 14:30:00-04:00,31.110000610351562,31.15999984741211,31.079999923706055,31.079999923706055,5141,0.0,0.0
2023-09-06 15:30:00-04:00,31.1200008392334,31.149999618530273,31.1200008392334,31.1200008392334,7554,0.0,0.0
2023-09-07 09:30:00-04:00,31.030000686645508,31.5049991607666,31.030000686645508,31.329700469970703,12945,0.0,0.0
2023-09-07 10:30:00-04:00,31.329999923706055,31.360000610351562,31.260000228881836,31.360000610351562,4433,0.0,0.0
2023-09-07 11:30:00-04:00,31.3799991607666,31.40999984741211,31.37030029296875,31.399999618530273,3098,0.0,0.0
2023-09-07 12:30:00-04:00,31.43000030517578,31.434999465942383,31.360000610351562,31.41200065612793,9313,0.0,0.0
2023-09-07 13:30:00-04:00,31.40999984741211,31.479999542236328,31.400999069213867,31.434999465942383,6009,0.0,0.0
2023-09-07 14:30:00-04:00,31.450000762939453,31.479999542236328,31.440000534057617,31.450000762939453,4270,0.0,0.0
2023-09-07 15:30:00-04:00,31.459999084472656,31.540000915527344,31.43000030517578,31.43000030517578,3506,0.0,0.0
2023-09-08 09:30:00-04:00,31.6299991607666,31.774999618530273,31.6299991607666,31.709999084472656,0,0.0,0.0
2023-09-08 10:30:00-04:00,31.670000076293945,31.700000762939453,31.610000610351562,31.68000030517578,2868,0.0,0.0
2023-09-08 11:30:00-04:00,31.670000076293945,31.700000762939453,31.6200008392334,31.65999984741211,3868,0.0,0.0
2023-09-08 12:30:00-04:00,31.670000076293945,31.719999313354492,31.670000076293945,31.670000076293945,3118,0.0,0.0
2023-09-08 13:30:00-04:00,31.670000076293945,31.735000610351562,31.65999984741211,31.709999084472656,3840,0.0,0.0
2023-09-08 14:30:00-04:00,31.700000762939453,31.720199584960938,31.6299991607666,31.68000030517578,5098,0.0,0.0
2023-09-08 15:30:00-04:00,31.68000030517578,31.68000030517578,31.549999237060547,31.549999237060547,3513,0.0,0.0
2023-09-11 09:30:00-04:00,31.760000228881836,31.90999984741211,31.520000457763672,31.6299991607666,0,0.0,0.0
2023-09-11 10:30:00-04:00,31.670000076293945,31.709699630737305,31.389999389648438,31.389999389648438,2473,0.0,0.0
2023-09-11 11:30:00-04:00,31.399999618530273,31.440000534057617,31.290000915527344,31.399999618530273,1335,0.0,0.0
2023-09-11 12:30:00-04:00,31.389999389648438,31.389999389648438,31.350000381469727,31.350000381469727,2338,0.0,0.0
2023-09-11 13:30:00-04:00,31.350000381469727,31.35810089111328,31.350000381469727,31.350000381469727,3409,0.0,0.0
2023-09-11 14:30:00-04:00,31.350000381469727,31.350000381469727,31.350000381469727,31.350000381469727,7491,0.0,0.0
2023-09-11 15:30:00-04:00,31.350000381469727,31.354999542236328,31.350000381469727,31.350000381469727,3752,0.0,0.0
2023-09-12 09:30:00-04:00,31.3799991607666,31.610000610351562,31.3799991607666,31.559999465942383,0,0.0,0.0
2023-09-12 10:30:00-04:00,31.540000915527344,31.774999618530273,31.540000915527344,31.700000762939453,3066,0.0,0.0
2023-09-12 11:30:00-04:00,31.704999923706055,31.729999542236328,31.59000015258789,31.684999465942383,2830,0.0,0.0
2023-09-12 12:30:00-04:00,31.709999084472656,31.719999313354492,31.6299991607666,31.690000534057617,3336,0.0,0.0
2023-09-12 13:30:00-04:00,31.65999984741211,31.704999923706055,31.65999984741211,31.670000076293945,2279,0.0,0.0
2023-09-12 14:30:00-04:00,31.68000030517578,31.69499969482422,31.579999923706055,31.579999923706055,2084,0.0,0.0
2023-09-12 15:30:00-04:00,31.579999923706055,31.604999542236328,31.510000228881836,31.510000228881836,2459,0.0,0.0
2023-09-13 09:30:00-04:00,31.59000015258789,31.670000076293945,31.389999389648438,31.389999389648438,0,0.0,0.0
2023-09-13 10:30:00-04:00,31.360000610351562,31.600000381469727,31.360000610351562,31.540000915527344,1518,0.0,0.0
2023-09-13 11:30:00-04:00,31.489999771118164,31.559999465942383,31.43000030517578,31.5,1320,0.0,0.0
2023-09-13 12:30:00-04:00,31.5,31.5,31.43000030517578,31.43000030517578,1267,0.0,0.0
2023-09-13 13:30:00-04:00,31.43000030517578,31.559999465942383,31.43000030517578,31.450000762939453,2993,0.0,0.0
2023-09-13 14:30:00-04:00,31.459999084472656,31.55500030517578,31.420000076293945,31.459999084472656,5052,0.0,0.0
2023-09-13 15:30:00-04:00,31.459999084472656,31.549999237060547,31.459999084472656,31.485000610351562,6692,0.0,0.0
2023-09-14 09:30:00-04:00,31.75,31.950000762939453,31.700000762939453,31.899999618530273,0,0.0,0.0
2023-09-14 10:30:00-04:00,31.84000015258789,31.889999389648438,31.84000015258789,31.844999313354492,1710,0.0,0.0
2023-09-14 11:30:00-04:00,31.889999389648438,31.889999389648438,31.799999237060547,31.799999237060547,3135,0.0,0.0
2023-09-14 12:30:00-04:00,31.809999465942383,31.844999313354492,31.799999237060547,31.844999313354492,1469,0.0,0.0
2023-09-14 13:30:00-04:00,31.844999313354492,31.889999389648438,31.799999237060547,31.889999389648438,1843,0.0,0.0
2023-09-14 14:30:00-04:00,31.889999389648438,31.93000030517578,31.854999542236328,31.8799991607666,3148,0.0,0.0
2023-09-14 15:30:00-04:00,31.93000030517578,32.060001373291016,31.90999984741211,32.0,6658,0.0,0.0
2023-09-15 09:30:00-04:00,31.979999542236328,32.119998931884766,31.922500610351562,31.93000030517578,0,0.0,0.0
2023-09-15 10:30:00-04:00,31.983999252319336,32.04990005493164,31.93000030517578,32.04990005493164,3861,0.0,0.0
2023-09-15 11:30:00-04:00,31.93000030517578,31.93000030517578,31.93000030517578,31.93000030517578,513,0.0,0.0
2023-09-15 12:30:00-04:00,32.040000915527344,32.040000915527344,31.920000076293945,31.982799530029297,1482,0.0,0.0
2023-09-15 13:30:00-04:00,31.94499969482422,31.998600006103516,31.899999618530273,31.998600006103516,2121,0.0,0.0
2023-09-15 14:30:00-04:00,31.8700008392334,31.90999984741211,31.8700008392334,31.90999984741211,555,0.0,0.0
2023-09-15 15:30:00-04:00,31.899999618530273,31.899999618530273,31.770000457763672,31.780000686645508,1790,0.0,0.0
2023-09-18 09:30:00-04:00,31.860000610351562,31.979999542236328,31.860000610351562,31.979999542236328,0,0.0,0.0
2023-09-18 10:30:00-04:00,31.989999771118164,32.0,31.989999771118164,31.989999771118164,808,0.0,0.0
2023-09-18 11:30:00-04:00,31.985000610351562,31.985000610351562,31.9552001953125,31.9552001953125,469,0.0,0.0
2023-09-18 12:30:00-04:00,32.02000045776367,32.060001373291016,32.0,32.0,2192,0.0,0.0
2023-09-18 13:30:00-04:00,32.06999969482422,32.075401306152344,32.055999755859375,32.075401306152344,495,0.0,0.0
2023-09-18 14:30:00-04:00,32.077598571777344,32.11000061035156,32.01850128173828,32.08000183105469,3013,0.0,0.0
2023-09-18 15:30:00-04:00,32.15999984741211,32.2400016784668,32.150001525878906,32.220001220703125,3161,0.0,0.0
2023-09-19 09:30:00-04:00,32.400001525878906,32.4099006652832,32.2400016784668,32.314998626708984,0,0.0,0.0
2023-09-19 10:30:00-04:00,32.41999816894531,32.43000030517578,32.26499938964844,32.26499938964844,529,0.0,0.0
2023-09-19 11:30:00-04:00,32.34000015258789,32.400001525878906,32.25469970703125,32.349998474121094,2864,0.0,0.0
2023-09-19 12:30:00-04:00,32.31999969482422,32.31999969482422,32.17499923706055,32.17499923706055,904,0.0,0.0
2023-09-19 13:30:00-04:00,32.25,32.349998474121094,32.25,32.310001373291016,736,0.0,0.0
2023-09-19 14:30:00-04:00,32.33000183105469,32.43000030517578,32.2599983215332,32.4203987121582,4396,0.0,0.0
2023-09-19 15:30:00-04:00,32.45000076293945,32.540000915527344,32.45000076293945,32.45000076293945,4307,0.0,0.0
2023-09-20 09:30:00-04:00,32.380001068115234,32.63999938964844,32.380001068115234,32.63999938964844,1614,0.0,0.0
2023-09-20 10:30:00-04:00,32.61280059814453,32.81999969482422,32.61280059814453,32.72999954223633,4081,0.0,0.0
2023-09-20 11:30:00-04:00,32.72999954223633,32.79899978637695,32.670101165771484,32.671600341796875,3454,0.0,0.0
2023-09-20 12:30:00-04:00,32.68000030517578,32.79999923706055,32.65999984741211,32.744998931884766,13231,0.0,0.0
2023-09-20 13:30:00-04:00,32.70000076293945,32.72999954223633,32.650001525878906,32.66999816894531,8939,0.0,0.0
2023-09-20 14:30:00-04:00,32.66999816894531,32.7400016784668,32.52000045776367,32.57500076293945,6678,0.0,0.0
2023-09-20 15:30:00-04:00,32.540000915527344,32.540000915527344,32.29999923706055,32.29999923706055,1763,0.0,0.0
2023-09-21 09:30:00-04:00,32.150001525878906,32.459999084472656,32.150001525878906,32.3650016784668,0,0.0,0.0
2023-09-21 10:30:00-04:00,32.400001525878906,32.42499923706055,32.310001373291016,32.42499923706055,13210,0.0,0.0
2023-09-21 11:30:00-04:00,32.5099983215332,32.5099983215332,32.43000030517578,32.43000030517578,1746,0.0,0.0
2023-09-21 12:30:00-04:00,32.41999816894531,32.53260040283203,32.41999816894531,32.53260040283203,1138,0.0,0.0
2023-09-21 13:30:00-04:00,32.470001220703125,32.474998474121094,32.33000183105469,32.33000183105469,8336,0.0,0.0
2023-09-21 14:30:00-04:00,32.31999969482422,32.375,32.209999084472656,32.220001220703125,9377,0.0,0.0
2023-09-21 15:30:00-04:00,32.16999816894531,32.189998626708984,32.099998474121094,32.119998931884766,6729,0.0,0.0
2023-09-22 09:30:00-04:00,32.11000061035156,32.619998931884766,32.11000061035156,32.59000015258789,0,0.0,0.0
2023-09-22 10:30:00-04:00,32.64500045776367,32.64500045776367,32.47999954223633,32.47999954223633,6594,0.0,0.0
2023-09-22 11:30:00-04:00,32.54999923706055,32.54999923706055,32.5,32.5,1114,0.0,0.0
2023-09-22 12:30:00-04:00,32.55500030517578,32.790000915527344,32.543800354003906,32.790000915527344,4385,0.0,0.0
2023-09-22 13:30:00-04:00,32.709999084472656,32.77000045776367,32.65999984741211,32.75,5512,0.0,0.0
2023-09-22 14:30:00-04:00,32.76430130004883,32.86000061035156,32.76430130004883,32.84000015258789,5224,0.0,0.0
2023-09-22 15:30:00-04:00,32.849998474121094,32.849998474121094,32.27000045776367,32.560001373291016,12933,0.0,0.0
2023-09-25 09:30:00-04:00,32.15999984741211,32.84000015258789,32.0,32.84000015258789,0,0.0,0.0
2023-09-25 10:30:00-04:00,32.849998474121094,32.95000076293945,32.849998474121094,32.93000030517578,8063,0.0,0.0
2023-09-25 11:30:00-04:00,32.93000030517578,32.95000076293945,32.834999084472656,32.834999084472656,3444,0.0,0.0
2023-09-25 12:30:00-04:00,32.7599983215332,32.900001525878906,32.72840118408203,32.869998931884766,7504,0.0,0.0
2023-09-25 14:30:00-04:00,32.7599983215332,32.7599983215332,32.61000061035156,32.68000030517578,8103,0.0,0.0
2023-09-25 15:30:00-04:00,32.68000030517578,32.72999954223633,32.619998931884766,32.709999084472656,10285,0.0,0.0
2023-09-26 09:30:00-04:00,32.61000061035156,32.61000061035156,32.36750030517578,32.36750030517578,0,0.0,0.0
2023-09-26 10:30:00-04:00,32.39500045776367,32.54999923706055,32.314300537109375,32.380001068115234,3230,0.0,0.0
2023-09-26 12:30:00-04:00,32.45000076293945,32.499900817871094,32.369998931884766,32.369998931884766,1864,0.0,0.0
2023-09-26 13:30:00-04:00,32.369998931884766,32.40999984741211,32.327701568603516,32.327701568603516,10492,0.0,0.0
2023-09-26 14:30:00-04:00,32.20500183105469,32.27000045776367,32.150001525878906,32.150001525878906,3403,0.0,0.0
2023-09-26 15:30:00-04:00,32.2400016784668,32.28499984741211,32.19499969482422,32.22999954223633,6177,0.0,0.0
2023-09-27 09:30:00-04:00,32.34000015258789,32.59000015258789,32.34000015258789,32.52000045776367,2126,0.0,0.0
2023-09-27 10:30:00-04:00,32.61000061035156,32.61000061035156,32.505001068115234,32.58000183105469,4722,0.0,0.0
2023-09-27 11:30:00-04:00,32.59000015258789,32.62990188598633,32.47999954223633,32.47999954223633,12387,0.0,0.0
2023-09-27 12:30:00-04:00,32.47999954223633,32.5099983215332,32.310001373291016,32.310001373291016,6477,0.0,0.0
2023-09-27 13:30:00-04:00,32.27000045776367,32.369998931884766,32.25,32.31999969482422,10663,0.0,0.0
2023-09-27 14:30:00-04:00,32.31999969482422,32.400001525878906,32.290000915527344,32.31999969482422,13411,0.0,0.0
2023-09-27 15:30:00-04:00,32.279998779296875,32.279998779296875,32.119998931884766,32.123199462890625,4202,0.0,0.0
2023-09-28 09:30:00-04:00,32.130001068115234,32.282798767089844,32.040000915527344,32.16239929199219,0,0.0,0.0
2023-09-28 10:30:00-04:00,32.23500061035156,32.25,32.150001525878906,32.2036018371582,3594,0.0,0.0
2023-09-28 11:30:00-04:00,32.17499923706055,32.17499923706055,32.040000915527344,32.040000915527344,12344,0.0,0.0
2023-09-28 12:30:00-04:00,32.04999923706055,32.119998931884766,31.94099998474121,31.950000762939453,9629,0.0,0.0
2023-09-28 13:30:00-04:00,31.90999984741211,31.989999771118164,31.90999984741211,31.979999542236328,1592,0.0,0.0
2023-09-28 14:30:00-04:00,31.950000762939453,32.0,31.889999389648438,31.920000076293945,16478,0.0,0.0
2023-09-28 15:30:00-04:00,31.950000762939453,31.959999084472656,31.81999969482422,31.84000015258789,4946,0.0,0.0
2023-09-29 09:30:00-04:00,32.11000061035156,32.11000061035156,31.70009994506836,31.81999969482422,9103,0.0,0.0
2023-09-29 10:30:00-04:00,31.719999313354492,31.899999618530273,31.6299991607666,31.899999618530273,4593,0.0,0.0
2023-09-29 11:30:00-04:00,31.90999984741211,31.950000762939453,31.82309913635254,31.950000762939453,1299,0.0,0.0
2023-09-29 12:30:00-04:00,31.8799991607666,31.8799991607666,31.68000030517578,31.68000030517578,1500,0.0,0.0
2023-09-29 13:30:00-04:00,31.709999084472656,31.729999542236328,31.604999542236328,31.66990089416504,2698,0.0,0.0
2023-09-29 14:30:00-04:00,31.56999969482422,31.77440071105957,31.549999237060547,31.68000030517578,3135,0.0,0.0
2023-09-29 15:30:00-04:00,31.600000381469727,31.700000762939453,31.45009994506836,31.700000762939453,7788,0.0,0.0
2023-10-02 09:30:00-04:00,31.540000915527344,31.6560001373291,31.229999542236328,31.309999465942383,0,0.0,0.0
2023-10-02 10:30:00-04:00,31.270000457763672,31.329999923706055,31.2450008392334,31.25,5408,0.0,0.0
2023-10-02 11:30:00-04:00,31.260000228881836,31.280000686645508,31.15999984741211,31.19499969482422,7706,0.0,0.0
2023-10-02 12:30:00-04:00,31.19499969482422,31.200000762939453,31.155000686645508,31.18000030517578,3778,0.0,0.0
2023-10-02 13:30:00-04:00,31.200000762939453,31.2549991607666,31.165000915527344,31.229999542236328,5911,0.0,0.0
2023-10-02 14:30:00-04:00,31.229999542236328,31.2450008392334,31.059999465942383,31.15999984741211,11212,0.0,0.0
2023-10-02 15:30:00-04:00,31.1200008392334,31.209999084472656,31.09000015258789,31.110000610351562,5242,0.0,0.0
2023-10-03 09:30:00-04:00,30.959999084472656,30.959999084472656,30.56999969482422,30.56999969482422,0,0.0,0.0
2023-10-03 10:30:00-04:00,30.399999618530273,30.399999618530273,30.389999389648438,30.389999389648438,849,0.0,0.0
2023-10-03 11:30:00-04:00,30.30139923095703,30.399999618530273,30.149999618530273,30.149999618530273,4976,0.0,0.0
2023-10-03 12:30:00-04:00,30.22319984436035,30.22319984436035,30.22319984436035,30.22319984436035,631,0.0,0.0
2023-10-03 13:30:00-04:00,30.18000030517578,30.25,30.0,30.25,6744,0.0,0.0
2023-10-03 14:30:00-04:00,30.274999618530273,30.469999313354492,30.270000457763672,30.28499984741211,4707,0.0,0.0
2023-10-03 15:30:00-04:00,30.260000228881836,30.350000381469727,30.20009994506836,30.239999771118164,13567,0.0,0.0
2023-10-04 09:30:00-04:00,30.030000686645508,30.25,29.530000686645508,29.540000915527344,0,0.0,0.0
2023-10-04 10:30:00-04:00,29.5,29.579999923706055,29.309999465942383,29.489999771118164,8069,0.0,0.0
2023-10-04 11:30:00-04:00,29.459999084472656,29.672000885009766,29.344999313354492,29.672000885009766,5486,0.0,0.0
2023-10-04 12:30:00-04:00,29.709999084472656,29.709999084472656,29.56999969482422,29.56999969482422,892,0.0,0.0
2023-10-04 13:30:00-04:00,29.489999771118164,29.489999771118164,29.440000534057617,29.440000534057617,433,0.0,0.0
2023-10-04 14:30:00-04:00,29.440000534057617,29.520000457763672,29.440000534057617,29.459999084472656,1417,0.0,0.0
2023-10-04 15:30:00-04:00,29.459999084472656,29.670000076293945,29.450000762939453,29.65999984741211,4780,0.0,0.0
2023-10-05 09:30:00-04:00,29.420000076293945,29.829999923706055,29.420000076293945,29.829999923706055,0,0.0,0.0
2023-10-05 10:30:00-04:00,29.8700008392334,29.889999389648438,29.8700008392334,29.889999389648438,205,0.0,0.0
2023-10-05 11:30:00-04:00,29.799999237060547,29.799999237060547,29.65999984741211,29.780000686645508,4537,0.0,0.0
2023-10-05 12:30:00-04:00,29.81999969482422,29.850000381469727,29.670000076293945,29.735000610351562,1299,0.0,0.0
2023-10-05 13:30:00-04:00,29.802499771118164,29.84000015258789,29.719999313354492,29.75,4195,0.0,0.0
2023-10-05 14:30:00-04:00,29.75,29.920000076293945,29.739999771118164,29.920000076293945,3879,0.0,0.0
2023-10-05 15:30:00-04:00,29.8799991607666,30.110000610351562,29.8799991607666,29.969999313354492,7234,0.0,0.0
2023-10-06 09:30:00-04:00,30.09000015258789,30.09000015258789,29.411100387573242,29.78499984741211,0,0.0,0.0
2023-10-06 10:30:00-04:00,29.920000076293945,30.09000015258789,29.780000686645508,30.09000015258789,4479,0.0,0.0
2023-10-06 11:30:00-04:00,30.05120086669922,30.43000030517578,30.05120086669922,30.43000030517578,1336,0.0,0.0
2023-10-06 12:30:00-04:00,30.209999084472656,30.349899291992188,30.209999084472656,30.295000076293945,854,0.0,0.0
2023-10-06 13:30:00-04:00,30.28820037841797,30.450000762939453,30.28820037841797,30.450000762939453,1382,0.0,0.0
2023-10-06 14:30:00-04:00,30.479999542236328,30.479999542236328,30.31999969482422,30.3700008392334,2895,0.0,0.0
2023-10-06 15:30:00-04:00,30.360000610351562,30.3700008392334,30.25,30.25,3995,0.0,0.0
2023-10-09 09:30:00-04:00,30.600000381469727,30.959999084472656,30.520099639892578,30.959999084472656,0,0.0,0.0
2023-10-09 10:30:00-04:00,30.876699447631836,30.876699447631836,30.876699447631836,30.876699447631836,314,0.0,0.0
2023-10-09 11:30:00-04:00,30.8799991607666,30.8799991607666,30.8799991607666,30.8799991607666,253,0.0,0.0
2023-10-09 12:30:00-04:00,30.969999313354492,30.969999313354492,30.770000457763672,30.836200714111328,3774,0.0,0.0
2023-10-09 13:30:00-04:00,31.010000228881836,31.1299991607666,31.010000228881836,31.1299991607666,820,0.0,0.0
2023-10-09 14:30:00-04:00,31.200000762939453,31.25979995727539,31.190000534057617,31.210899353027344,3580,0.0,0.0
2023-10-09 15:30:00-04:00,31.149999618530273,31.209999084472656,31.149999618530273,31.209999084472656,2117,0.0,0.0
2023-10-10 09:30:00-04:00,31.25,31.595199584960938,31.21809959411621,31.510000228881836,0,0.0,0.0
2023-10-10 10:30:00-04:00,31.389999389648438,31.719999313354492,31.389999389648438,31.719999313354492,1385,0.0,0.0
2023-10-10 11:30:00-04:00,31.75,31.75,31.68000030517578,31.690000534057617,1009,0.0,0.0
2023-10-10 12:30:00-04:00,31.690000534057617,31.690000534057617,31.690000534057617,31.690000534057617,273,0.0,0.0
2023-10-10 13:30:00-04:00,31.68000030517578,31.7549991607666,31.639999389648438,31.649999618530273,1241,0.0,0.0
2023-10-10 14:30:00-04:00,31.670000076293945,31.6914005279541,31.600000381469727,31.600000381469727,1448,0.0,0.0
2023-10-10 15:30:00-04:00,31.530000686645508,31.530000686645508,31.440000534057617,31.440000534057617,1621,0.0,0.0
2023-10-11 09:30:00-04:00,31.309999465942383,31.760000228881836,31.219999313354492,31.760000228881836,0,0.0,0.0
2023-10-11 10:30:00-04:00,31.780000686645508,31.880300521850586,31.735000610351562,31.80500030517578,1263,0.0,0.0
2023-10-11 11:30:00-04:00,31.802900314331055,31.899999618530273,31.770000457763672,31.899999618530273,1358,0.0,0.0
2023-10-11 12:30:00-04:00,31.90999984741211,31.90999984741211,31.799999237060547,31.799999237060547,293,0.0,0.0
2023-10-11 13:30:00-04:00,31.91990089416504,31.91990089416504,31.825000762939453,31.825000762939453,1413,0.0,0.0
2023-10-11 14:30:00-04:00,31.84000015258789,31.844999313354492,31.84000015258789,31.844999313354492,667,0.0,0.0
2023-10-11 15:30:00-04:00,31.809999465942383,31.809999465942383,31.780000686645508,31.780000686645508,3654,0.0,0.0
2023-10-12 09:30:00-04:00,31.8799991607666,32.06999969482422,31.639999389648438,31.639999389648438,0,0.0,0.0
2023-10-12 10:30:00-04:00,31.639999389648438,31.81999969482422,31.639999389648438,31.81999969482422,8871,0.0,0.0
2023-10-12 11:30:00-04:00,31.857900619506836,31.889999389648438,31.857900619506836,31.889999389648438,819,0.0,0.0
2023-10-12 12:30:00-04:00,31.961999893188477,31.961999893188477,31.81999969482422,31.829999923706055,2561,0.0,0.0
2023-10-12 13:30:00-04:00,31.809999465942383,31.885000228881836,31.75,31.81999969482422,15740,0.0,0.0
2023-10-12 14:30:00-04:00,31.86009979248047,31.8700008392334,31.86009979248047,31.8700008392334,600,0.0,0.0
2023-10-12 15:30:00-04:00,31.950000762939453,32.0099983215332,31.940000534057617,31.950000762939453,0,0.0,0.0
2023-10-13 09:30:00-04:00,32.11000061035156,32.41389846801758,32.11000061035156,32.41389846801758,2115,0.0,0.0
2023-10-13 10:30:00-04:00,32.19240188598633,32.21099853515625,32.13999938964844,32.13999938964844,2518,0.0,0.0
2023-10-13 11:30:00-04:00,32.18000030517578,32.35499954223633,32.18000030517578,32.35499954223633,1115,0.0,0.0
2023-10-13 12:30:00-04:00,32.33000183105469,32.439998626708984,32.2599983215332,32.2599983215332,2107,0.0,0.0
2023-10-13 13:30:00-04:00,32.150001525878906,32.369998931884766,32.150001525878906,32.369998931884766,566,0.0,0.0
2023-10-13 14:30:00-04:00,32.380001068115234,32.38650131225586,32.099998474121094,32.119998931884766,2725,0.0,0.0
2023-10-13 15:30:00-04:00,32.220001220703125,32.2599983215332,32.099998474121094,32.22999954223633,3583,0.0,0.0
2023-10-16 09:30:00-04:00,32.459999084472656,32.51449966430664,32.16999816894531,32.40650177001953,0,0.0,0.0
2023-10-16 10:30:00-04:00,32.27000045776367,32.49599838256836,32.27000045776367,32.369998931884766,3500,0.0,0.0
2023-10-16 11:30:00-04:00,32.439998626708984,32.545501708984375,32.310001373291016,32.349998474121094,1758,0.0,0.0
2023-10-16 12:30:00-04:00,32.31999969482422,32.5,32.31999969482422,32.349998474121094,1877,0.0,0.0
2023-10-16 13:30:00-04:00,32.40999984741211,32.619998931884766,32.40999984741211,32.560001373291016,3583,0.0,0.0
2023-10-16 14:30:00-04:00,32.540000915527344,32.540000915527344,32.529998779296875,32.529998779296875,1267,0.0,0.0
2023-10-16 15:30:00-04:00,32.529998779296875,32.58000183105469,32.529998779296875,32.54999923706055,0,0.0,0.0
2023-10-17 09:30:00-04:00,32.529998779296875,32.97999954223633,32.529998779296875,32.77000045776367,7019,0.0,0.0
2023-10-17 10:30:00-04:00,32.720001220703125,32.77000045776367,32.68000030517578,32.7400016784668,2287,0.0,0.0
2023-10-17 11:30:00-04:00,32.66999816894531,32.79290008544922,32.59000015258789,32.619998931884766,2366,0.0,0.0
2023-10-17 12:30:00-04:00,32.68000030517578,32.68000030517578,32.400001525878906,32.439998626708984,21359,0.0,0.0
2023-10-17 13:30:00-04:00,32.459999084472656,32.519901275634766,32.400001525878906,32.400001525878906,13978,0.0,0.0
2023-10-17 14:30:00-04:00,32.34000015258789,32.364498138427734,32.2599983215332,32.27000045776367,3754,0.0,0.0
2023-10-17 15:30:00-04:00,32.33000183105469,32.33000183105469,32.15999984741211,32.189998626708984,17149,0.0,0.0
2023-10-18 09:30:00-04:00,32.20000076293945,32.474998474121094,32.18000030517578,32.22999954223633,0,0.0,0.0
2023-10-18 10:30:00-04:00,32.25,32.38999938964844,32.189998626708984,32.25,1775,0.0,0.0
2023-10-18 11:30:00-04:00,32.25,32.29499816894531,32.13999938964844,32.13999938964844,3674,0.0,0.0
2023-10-18 12:30:00-04:00,32.17499923706055,32.27000045776367,32.17499923706055,32.18000030517578,2167,0.0,0.0
2023-10-18 13:30:00-04:00,32.0900993347168,32.2400016784668,31.959999084472656,32.029998779296875,4403,0.0,0.0
2023-10-18 14:30:00-04:00,32.09000015258789,32.09000015258789,31.889999389648438,31.899999618530273,4187,0.0,0.0
2023-10-18 15:30:00-04:00,31.8799991607666,31.90999984741211,31.860000610351562,31.8799991607666,4307,0.0,0.0
2023-10-19 09:30:00-04:00,31.739999771118164,31.88640022277832,31.459999084472656,31.799999237060547,0,0.0,0.0
2023-10-19 10:30:00-04:00,31.885000228881836,31.950000762939453,31.760000228881836,31.93000030517578,5404,0.0,0.0
2023-10-19 11:30:00-04:00,31.920000076293945,32.0099983215332,31.920000076293945,32.0099983215332,0,0.0,0.0
2023-10-19 12:30:00-04:00,31.979999542236328,32.15999984741211,31.920000076293945,32.0,0,0.0,0.0
2023-10-19 13:30:00-04:00,31.950000762939453,32.0,31.920000076293945,31.920000076293945,17480,0.0,0.0
2023-10-19 14:30:00-04:00,31.920000076293945,31.934999465942383,31.920000076293945,31.924999237060547,7987,0.0,0.0
2023-10-19 15:30:00-04:00,31.924999237060547,31.940000534057617,31.920000076293945,31.920000076293945,8733,0.0,0.0
2023-10-20 09:30:00-04:00,31.739999771118164,31.75,31.489999771118164,31.56279945373535,0,0.0,0.0
2023-10-20 10:30:00-04:00,31.485000610351562,31.649999618530273,31.440000534057617,31.459999084472656,8342,0.0,0.0
2023-10-20 11:30:00-04:00,31.450000762939453,31.587900161743164,31.440000534057617,31.489999771118164,1918,0.0,0.0
2023-10-20 12:30:00-04:00,31.5049991607666,31.59269905090332,31.350000381469727,31.520000457763672,7629,0.0,0.0
2023-10-20 13:30:00-04:00,31.520000457763672,31.5492000579834,31.350000381469727,31.3799991607666,3910,0.0,0.0
2023-10-20 14:30:00-04:00,31.459999084472656,31.459999084472656,31.395000457763672,31.420000076293945,3317,0.0,0.0
2023-10-20 15:30:00-04:00,31.43000030517578,31.479999542236328,31.399999618530273,31.40999984741211,3860,0.0,0.0
2023-10-23 09:30:00-04:00,31.1299991607666,31.1299991607666,30.709999084472656,31.059999465942383,0,0.0,0.0
2023-10-23 10:30:00-04:00,31.010000228881836,31.100000381469727,30.940000534057617,31.100000381469727,2902,0.0,0.0
2023-10-23 11:30:00-04:00,31.100000381469727,31.209999084472656,31.100000381469727,31.209999084472656,11911,0.0,0.0
2023-10-23 12:30:00-04:00,31.209999084472656,31.280000686645508,31.209999084472656,31.229999542236328,7675,0.0,0.0
2023-10-23 13:30:00-04:00,31.23110008239746,31.34000015258789,31.229999542236328,31.309999465942383,19188,0.0,0.0
2023-10-23 14:30:00-04:00,31.315000534057617,31.389999389648438,31.309999465942383,31.315000534057617,14260,0.0,0.0
2023-10-23 15:30:00-04:00,31.309999465942383,31.344999313354492,31.309999465942383,31.309999465942383,7337,0.0,0.0
2023-10-24 09:30:00-04:00,31.389999389648438,31.72330093383789,31.260000228881836,31.72330093383789,4091,0.0,0.0
2023-10-24 10:30:00-04:00,31.719999313354492,31.809999465942383,31.69499969482422,31.809999465942383,1125,0.0,0.0
2023-10-24 11:30:00-04:00,31.739999771118164,31.799999237060547,31.600000381469727,31.600000381469727,3482,0.0,0.0
2023-10-24 12:30:00-04:00,31.559999465942383,31.75,31.450000762939453,31.670000076293945,9445,0.0,0.0
2023-10-24 13:30:00-04:00,31.700000762939453,31.75,31.640100479125977,31.700000762939453,4837,0.0,0.0
2023-10-24 14:30:00-04:00,31.719999313354492,31.780000686645508,31.719999313354492,31.760000228881836,6586,0.0,0.0
2023-10-24 15:30:00-04:00,31.760000228881836,31.76099967956543,31.739999771118164,31.739999771118164,2391,0.0,0.0
2023-10-25 09:30:00-04:00,31.639999389648438,31.690000534057617,31.530000686645508,31.530000686645508,0,0.0,0.0
2023-10-25 10:30:00-04:00,31.6299991607666,32.0,31.6299991607666,32.0,4570,0.0,0.0
2023-10-25 11:30:00-04:00,31.989999771118164,32.36000061035156,31.989999771118164,32.36000061035156,2834,0.0,0.0
2023-10-25 12:30:00-04:00,32.459999084472656,32.459999084472656,31.989999771118164,31.989999771118164,4565,0.0,0.0
2023-10-25 13:30:00-04:00,32.08000183105469,32.41999816894531,31.989999771118164,31.989999771118164,3261,0.0,0.0
2023-10-25 14:30:00-04:00,31.860000610351562,31.860000610351562,31.770000457763672,31.770000457763672,1161,0.0,0.0
2023-10-25 15:30:00-04:00,31.770000457763672,31.780000686645508,31.639999389648438,31.639999389648438,2958,0.0,0.0
2023-10-26 09:30:00-04:00,31.6200008392334,31.6200008392334,31.459999084472656,31.5,3260,0.0,0.0
2023-10-26 10:30:00-04:00,31.524999618530273,31.579999923706055,31.469999313354492,31.469999313354492,3486,0.0,0.0
2023-10-26 11:30:00-04:00,31.520000457763672,31.520000457763672,31.520000457763672,31.520000457763672,331,0.0,0.0
2023-10-26 12:30:00-04:00,31.34000015258789,31.579999923706055,31.229999542236328,31.229999542236328,750,0.0,0.0
2023-10-26 13:30:00-04:00,31.344999313354492,31.344999313354492,31.1200008392334,31.34000015258789,1890,0.0,0.0
2023-10-26 14:30:00-04:00,31.399999618530273,31.950000762939453,31.399999618530273,31.75,3872,0.0,0.0
2023-10-26 15:30:00-04:00,31.700000762939453,31.780000686645508,31.399999618530273,31.399999618530273,0,0.0,0.0
2023-10-27 09:30:00-04:00,31.559999465942383,31.559999465942383,31.399999618530273,31.454999923706055,3014,0.0,0.0
2023-10-27 10:30:00-04:00,31.3799991607666,31.3799991607666,31.1299991607666,31.18000030517578,3086,0.0,0.0
2023-10-27 11:30:00-04:00,31.280000686645508,31.280000686645508,31.149999618530273,31.280000686645508,3355,0.0,0.0
2023-10-27 12:30:00-04:00,31.174999237060547,31.174999237060547,31.0,31.0,1860,0.0,0.0
2023-10-27 13:30:00-04:00,31.010000228881836,31.15999984741211,31.0,31.15999984741211,2545,0.0,0.0
2023-10-27 14:30:00-04:00,31.145000457763672,31.389999389648438,31.0,31.020000457763672,3398,0.0,0.0
2023-10-27 15:30:00-04:00,30.989999771118164,31.0,30.950000762939453,30.950000762939453,4124,0.0,0.0
2023-10-30 09:30:00-04:00,30.940000534057617,31.469999313354492,30.8700008392334,30.8700008392334,0,0.0,0.0
2023-10-30 10:30:00-04:00,30.8700008392334,30.899999618530273,30.75,30.889999389648438,10429,0.0,0.0
2023-10-30 11:30:00-04:00,30.895000457763672,30.90999984741211,30.889999389648438,30.889999389648438,3638,0.0,0.0
2023-10-30 12:30:00-04:00,30.93000030517578,30.950000762939453,30.889999389648438,30.90999984741211,6754,0.0,0.0
2023-10-30 13:30:00-04:00,30.899999618530273,31.045000076293945,30.889999389648438,31.030000686645508,11211,0.0,0.0
2023-10-30 14:30:00-04:00,31.030000686645508,31.079999923706055,31.01099967956543,31.079999923706055,3440,0.0,0.0
2023-10-30 15:30:00-04:00,31.06999969482422,31.1299991607666,31.024999618530273,31.100000381469727,2810,0.0,0.0
2023-10-31 09:30:00-04:00,31.06999969482422,31.389999389648438,31.040000915527344,31.25,0,0.0,0.0
2023-10-31 10:30:00-04:00,31.350099563598633,31.540000915527344,31.34000015258789,31.540000915527344,6265,0.0,0.0
2023-10-31 11:30:00-04:00,31.540000915527344,31.540000915527344,31.469999313354492,31.469999313354492,9604,0.0,0.0
2023-10-31 12:30:00-04:00,31.469999313354492,31.610000610351562,31.190000534057617,31.350000381469727,41061,0.0,0.0
2023-10-31 13:30:00-04:00,31.350000381469727,31.360000610351562,31.15999984741211,31.18000030517578,46089,0.0,0.0
2023-10-31 14:30:00-04:00,31.149999618530273,31.239999771118164,31.100000381469727,31.190000534057617,4236,0.0,0.0
2023-10-31 15:30:00-04:00,31.149999618530273,31.20159912109375,31.1200008392334,31.1299991607666,2656,0.0,0.0
2023-11-01 09:30:00-04:00,31.100000381469727,31.670000076293945,30.93000030517578,31.584999084472656,0,0.0,0.0
2023-11-01 10:30:00-04:00,31.530000686645508,31.780000686645508,31.489999771118164,31.700000762939453,4072,0.0,0.0
2023-11-01 11:30:00-04:00,31.6299991607666,31.729999542236328,31.42009925842285,31.618600845336914,33080,0.0,0.0
2023-11-01 12:30:00-04:00,31.699899673461914,31.699899673461914,31.559999465942383,31.559999465942383,2047,0.0,0.0
2023-11-01 13:30:00-04:00,31.679899215698242,31.679899215698242,31.472999572753906,31.64859962463379,2458,0.0,0.0
2023-11-01 14:30:00-04:00,31.65999984741211,31.729999542236328,31.520000457763672,31.65999984741211,3754,0.0,0.0
2023-11-01 15:30:00-04:00,31.653099060058594,31.729999542236328,31.510000228881836,31.549999237060547,3285,0.0,0.0
2023-11-02 09:30:00-04:00,31.530000686645508,32.59000015258789,31.530000686645508,32.45000076293945,0,0.0,0.0
2023-11-02 10:30:00-04:00,32.52000045776367,32.93000030517578,32.52000045776367,32.900001525878906,11914,0.0,0.0
2023-11-02 11:30:00-04:00,32.900001525878906,33.0,32.595001220703125,32.595001220703125,25233,0.0,0.0
2023-11-02 12:30:00-04:00,32.665000915527344,32.869998931884766,32.665000915527344,32.689998626708984,18504,0.0,0.0
2023-11-02 13:30:00-04:00,32.70000076293945,32.959999084472656,32.67499923706055,32.91999816894531,29464,0.0,0.0
2023-11-02 14:30:00-04:00,32.95000076293945,32.97460174560547,32.8849983215332,32.91999816894531,11477,0.0,0.0
2023-11-02 15:30:00-04:00,32.91999816894531,32.959999084472656,32.91999816894531,32.95500183105469,14761,0.0,0.0
2023-11-03 09:30:00-04:00,33.220001220703125,33.4286994934082,32.95000076293945,32.95000076293945,2794,0.0,0.0
2023-11-03 10:30:00-04:00,32.845001220703125,32.91999816894531,32.75,32.75,2922,0.0,0.0
2023-11-03 11:30:00-04:00,32.7400016784668,32.939998626708984,32.7400016784668,32.939998626708984,858,0.0,0.0
2023-11-03 12:30:00-04:00,32.9900016784668,33.0098991394043,32.970001220703125,33.0,4929,0.0,0.0
2023-11-03 13:30:00-04:00,32.915000915527344,33.040000915527344,32.915000915527344,33.02000045776367,505,0.0,0.0
2023-11-03 14:30:00-04:00,33.13999938964844,33.20000076293945,33.09000015258789,33.099998474121094,2537,0.0,0.0
2023-11-03 15:30:00-04:00,33.040000915527344,33.150001525878906,32.98500061035156,33.150001525878906,7895,0.0,0.0
2023-11-06 09:30:00-05:00,33.0099983215332,33.040000915527344,32.959999084472656,33.029998779296875,0,0.0,0.0
2023-11-06 10:30:00-05:00,33.04999923706055,33.109901428222656,33.02000045776367,33.09989929199219,2358,0.0,0.0
2023-11-06 11:30:00-05:00,33.029998779296875,33.04999923706055,32.96500015258789,33.029998779296875,2885,0.0,0.0
2023-11-06 12:30:00-05:00,33.029998779296875,33.04999923706055,32.880001068115234,32.91999816894531,23595,0.0,0.0
2023-11-06 13:30:00-05:00,32.81230163574219,32.81230163574219,32.81230163574219,32.81230163574219,103,0.0,0.0
2023-11-06 14:30:00-05:00,32.900001525878906,32.970001220703125,32.79899978637695,32.8849983215332,4775,0.0,0.0
2023-11-06 15:30:00-05:00,32.81999969482422,32.869998931884766,32.75,32.75,3171,0.0,0.0
2023-11-07 09:30:00-05:00,32.2599983215332,32.339900970458984,31.940000534057617,32.339900970458984,0,0.0,0.0
2023-11-07 10:30:00-05:00,32.06999969482422,32.15729904174805,31.989999771118164,31.989999771118164,14578,0.0,0.0
2023-11-07 11:30:00-05:00,31.989999771118164,32.13999938964844,31.989999771118164,32.099998474121094,5191,0.0,0.0
2023-11-07 12:30:00-05:00,32.099998474121094,32.21500015258789,32.04999923706055,32.11000061035156,3098,0.0,0.0
2023-11-07 13:30:00-05:00,32.125,32.15999984741211,32.060001373291016,32.13999938964844,2883,0.0,0.0
2023-11-07 14:30:00-05:00,32.08000183105469,32.08000183105469,31.93000030517578,31.979999542236328,9823,0.0,0.0
2023-11-07 15:30:00-05:00,31.989999771118164,32.040000915527344,31.934999465942383,31.969999313354492,5196,0.0,0.0
2023-11-08 09:30:00-05:00,31.850000381469727,31.860000610351562,31.520000457763672,31.579999923706055,0,0.0,0.0
2023-11-08 10:30:00-05:00,31.579999923706055,31.579999923706055,31.422199249267578,31.540000915527344,5600,0.0,0.0
2023-11-08 11:30:00-05:00,31.540000915527344,31.549999237060547,31.290000915527344,31.290000915527344,11261,0.0,0.0
2023-11-08 12:30:00-05:00,31.270000457763672,31.360000610351562,31.270000457763672,31.360000610351562,5742,0.0,0.0
2023-11-08 13:30:00-05:00,31.3799991607666,31.40999984741211,31.34000015258789,31.40999984741211,3943,0.0,0.0
2023-11-08 14:30:00-05:00,31.395000457763672,31.395000457763672,31.329999923706055,31.360000610351562,6350,0.0,0.0
2023-11-08 15:30:00-05:00,31.329999923706055,31.34000015258789,31.329999923706055,31.329999923706055,6679,0.0,0.0
2023-11-09 09:30:00-05:00,31.389999389648438,31.950000762939453,31.389999389648438,31.630399703979492,0,0.0,0.0
2023-11-09 10:30:00-05:00,31.6299991607666,31.704999923706055,31.56999969482422,31.56999969482422,3105,0.0,0.0
2023-11-09 11:30:00-05:00,31.56999969482422,31.59000015258789,31.559999465942383,31.59000015258789,2720,0.0,0.0
2023-11-09 12:30:00-05:00,31.600000381469727,31.954999923706055,31.59000015258789,31.600000381469727,14672,0.0,0.0
2023-11-09 13:30:00-05:00,31.610000610351562,31.989999771118164,31.479999542236328,31.610000610351562,16617,0.0,0.0
2023-11-09 14:30:00-05:00,31.59000015258789,31.700000762939453,31.59000015258789,31.6200008392334,11164,0.0,0.0
2023-11-09 15:30:00-05:00,31.6200008392334,31.625,31.530000686645508,31.6200008392334,7840,0.0,0.0
2023-11-10 09:30:00-05:00,31.799999237060547,32.290000915527344,31.67289924621582,32.290000915527344,9968,0.0,0.0
2023-11-10 10:30:00-05:00,32.279998779296875,32.46500015258789,32.2400016784668,32.29050064086914,3561,0.0,0.0
2023-11-10 11:30:00-05:00,32.31999969482422,32.400001525878906,32.287200927734375,32.33000183105469,1241,0.0,0.0
2023-11-10 12:30:00-05:00,32.34000015258789,32.369998931884766,32.277000427246094,32.277000427246094,1811,0.0,0.0
2023-11-10 13:30:00-05:00,32.380001068115234,32.45000076293945,32.350799560546875,32.435001373291016,3942,0.0,0.0
2023-11-10 14:30:00-05:00,32.41999816894531,32.43000030517578,32.22999954223633,32.29999923706055,5025,0.0,0.0
2023-11-10 15:30:00-05:00,32.2599983215332,32.2599983215332,32.11000061035156,32.119998931884766,4905,0.0,0.0
2023-11-13 09:30:00-05:00,32.06999969482422,32.40999984741211,32.06999969482422,32.255001068115234,0,0.0,0.0
2023-11-13 10:30:00-05:00,32.36000061035156,32.40999984741211,32.36000061035156,32.40999984741211,975,0.0,0.0
2023-11-13 11:30:00-05:00,32.45000076293945,32.45000076293945,32.44279861450195,32.44279861450195,637,0.0,0.0
2023-11-13 12:30:00-05:00,32.45000076293945,32.5,32.380001068115234,32.380001068115234,2168,0.0,0.0
2023-11-13 13:30:00-05:00,32.470001220703125,32.599998474121094,32.37139892578125,32.4900016784668,3228,0.0,0.0
2023-11-13 14:30:00-05:00,32.5,32.52000045776367,32.47999954223633,32.4900016784668,1403,0.0,0.0
2023-11-13 15:30:00-05:00,32.599998474121094,32.689998626708984,32.599998474121094,32.63999938964844,5857,0.0,0.0
2023-11-14 09:30:00-05:00,32.83000183105469,33.207401275634766,32.83000183105469,33.08000183105469,0,0.0,0.0
2023-11-14 10:30:00-05:00,33.111900329589844,33.111900329589844,32.650001525878906,33.04999923706055,5183,0.0,0.0
2023-11-14 11:30:00-05:00,32.810001373291016,33.059200286865234,32.61000061035156,32.61000061035156,4519,0.0,0.0
2023-11-14 12:30:00-05:00,32.79999923706055,32.891700744628906,32.61000061035156,32.83000183105469,1483,0.0,0.0
2023-11-14 13:30:00-05:00,32.779998779296875,32.92219924926758,32.61000061035156,32.92219924926758,16298,0.0,0.0
2023-11-14 14:30:00-05:00,32.989898681640625,33.040000915527344,32.65010070800781,32.915000915527344,2600,0.0,0.0
2023-11-14 15:30:00-05:00,32.959999084472656,33.099998474121094,32.830101013183594,33.060001373291016,10641,0.0,0.0
2023-11-15 09:30:00-05:00,33.02000045776367,33.220001220703125,32.75,33.220001220703125,0,0.0,0.0
2023-11-15 10:30:00-05:00,33.22999954223633,33.25,33.09000015258789,33.25,1352,0.0,0.0
2023-11-15 11:30:00-05:00,33.119998931884766,33.20000076293945,33.06999969482422,33.11000061035156,1201,0.0,0.0
2023-11-15 12:30:00-05:00,33.2599983215332,33.27000045776367,33.06999969482422,33.06999969482422,1765,0.0,0.0
2023-11-15 13:30:00-05:00,33.099998474121094,33.099998474121094,33.099998474121094,33.099998474121094,100,0.0,0.0
2023-11-15 14:30:00-05:00,33.119998931884766,33.16999816894531,33.119998931884766,33.15999984741211,1698,0.0,0.0
2023-11-15 15:30:00-05:00,33.36690139770508,33.36690139770508,33.060001373291016,33.150001525878906,1676,0.0,0.0
2023-11-16 09:30:00-05:00,33.09000015258789,33.279998779296875,32.70000076293945,32.84000015258789,0,0.0,0.0
2023-11-16 10:30:00-05:00,32.849998474121094,33.279998779296875,32.72999954223633,32.95000076293945,5289,0.0,0.0
2023-11-16 11:30:00-05:00,33.02000045776367,33.290000915527344,32.849998474121094,33.290000915527344,9176,0.0,0.0
2023-11-16 12:30:00-05:00,33.290000915527344,33.38999938964844,33.04999923706055,33.06999969482422,5374,0.0,0.0
2023-11-16 13:30:00-05:00,33.040000915527344,33.060001373291016,32.90999984741211,32.90999984741211,734,0.0,0.0
2023-11-16 14:30:00-05:00,32.970001220703125,33.25699996948242,32.970001220703125,33.09000015258789,4066,0.0,0.0
2023-11-16 15:30:00-05:00,33.08000183105469,33.09000015258789,33.06999969482422,33.06999969482422,915,0.0,0.0
2023-11-17 09:30:00-05:00,33.2400016784668,33.36000061035156,33.14500045776367,33.349998474121094,0,0.0,0.0
2023-11-17 10:30:00-05:00,33.25,33.380001068115234,33.20000076293945,33.20000076293945,678,0.0,0.0
2023-11-17 11:30:00-05:00,33.189998626708984,33.349998474121094,33.18000030517578,33.349998474121094,2027,0.0,0.0
2023-11-17 12:30:00-05:00,33.345001220703125,33.4900016784668,33.279998779296875,33.4900016784668,3528,0.0,0.0
2023-11-17 13:30:00-05:00,33.55500030517578,33.78850173950195,33.45000076293945,33.650001525878906,5389,0.0,0.0
2023-11-17 14:30:00-05:00,33.79999923706055,33.79999923706055,33.58140182495117,33.70000076293945,2680,0.0,0.0
2023-11-17 15:30:00-05:00,33.70000076293945,33.70000076293945,33.369998931884766,33.369998931884766,5774,0.0,0.0
2023-11-20 09:30:00-05:00,33.61000061035156,33.689998626708984,33.61000061035156,33.61000061035156,0,0.0,0.0
2023-11-20 10:30:00-05:00,33.58000183105469,33.63999938964844,33.439998626708984,33.440101623535156,2388,0.0,0.0
2023-11-20 11:30:00-05:00,33.439998626708984,33.45500183105469,33.40999984741211,33.41999816894531,2441,0.0,0.0
2023-11-20 12:30:00-05:00,33.40999984741211,33.40999984741211,33.15999984741211,33.29999923706055,4132,0.0,0.0
2023-11-20 13:30:00-05:00,33.380001068115234,33.5099983215332,33.29999923706055,33.29999923706055,1687,0.0,0.0
2023-11-20 14:30:00-05:00,33.29999923706055,33.400001525878906,33.29999923706055,33.38999938964844,2425,0.0,0.0
2023-11-20 15:30:00-05:00,33.45000076293945,33.459999084472656,33.349998474121094,33.369998931884766,3060,0.0,0.0
2023-11-21 09:30:00-05:00,32.59000015258789,33.130001068115234,32.25,32.25,2130,0.0,0.0
2023-11-21 10:30:00-05:00,32.650001525878906,32.650001525878906,32.505001068115234,32.59000015258789,4266,0.0,0.0
2023-11-21 11:30:00-05:00,32.61000061035156,32.79999923706055,32.456298828125,32.66809844970703,4039,0.0,0.0
2023-11-21 12:30:00-05:00,32.70589828491211,32.810001373291016,32.70589828491211,32.79999923706055,806,0.0,0.0
2023-11-21 13:30:00-05:00,32.66999816894531,32.900001525878906,32.650001525878906,32.84000015258789,2838,0.0,0.0
2023-11-21 14:30:00-05:00,32.7599983215332,32.970001220703125,32.7599983215332,32.880001068115234,1913,0.0,0.0
2023-11-21 15:30:00-05:00,32.81999969482422,32.81999969482422,32.459999084472656,32.459999084472656,1135,0.0,0.0
2023-11-22 09:30:00-05:00,32.290000915527344,32.34000015258789,32.16999816894531,32.29999923706055,0,0.0,0.0
2023-11-22 10:30:00-05:00,32.247798919677734,32.369998931884766,32.247798919677734,32.29999923706055,12972,0.0,0.0
2023-11-22 11:30:00-05:00,32.505001068115234,32.55500030517578,32.470001220703125,32.470001220703125,881,0.0,0.0
2023-11-22 12:30:00-05:00,32.58000183105469,32.58000183105469,32.369998931884766,32.369998931884766,773,0.0,0.0
2023-11-22 13:30:00-05:00,33.369998931884766,33.369998931884766,32.529998779296875,32.79999923706055,2258,0.0,0.0
2023-11-22 14:30:00-05:00,33.040000915527344,33.040000915527344,32.66999816894531,32.709999084472656,5043,0.0,0.0
2023-11-22 15:30:00-05:00,32.709999084472656,32.779998779296875,32.470001220703125,32.56999969482422,3377,0.0,0.0
2023-11-24 09:30:00-05:00,32.40999984741211,32.9900016784668,32.40999984741211,32.75,0,0.0,0.0
2023-11-24 10:30:00-05:00,32.91999816894531,33.0015983581543,32.91999816894531,33.0015983581543,649,0.0,0.0
2023-11-24 11:30:00-05:00,32.877201080322266,33.0099983215332,32.869998931884766,32.88010025024414,2792,0.0,0.0
2023-11-24 12:30:00-05:00,32.810001373291016,32.810001373291016,32.810001373291016,32.810001373291016,0,0.0,0.0
2023-11-27 09:30:00-05:00,32.58000183105469,32.90999984741211,32.58000183105469,32.69409942626953,16255,0.0,0.0
2023-11-27 10:30:00-05:00,32.77000045776367,32.90999984741211,32.650001525878906,32.90999984741211,1433,0.0,0.0
2023-11-27 11:30:00-05:00,32.74599838256836,32.83000183105469,32.650001525878906,32.650001525878906,8796,0.0,0.0
2023-11-27 12:30:00-05:00,32.65999984741211,32.7057991027832,32.650001525878906,32.7057991027832,1837,0.0,0.0
2023-11-27 13:30:00-05:00,32.779998779296875,32.779998779296875,32.66999816894531,32.66999816894531,533,0.0,0.0
2023-11-27 14:30:00-05:00,32.650001525878906,32.72999954223633,32.650001525878906,32.650001525878906,7020,0.0,0.0
2023-11-27 15:30:00-05:00,32.66999816894531,32.7400016784668,32.66999816894531,32.689998626708984,0,0.0,0.0
2023-11-28 09:30:00-05:00,32.83000183105469,33.150001525878906,32.81999969482422,32.95000076293945,5554,0.0,0.0
2023-11-28 10:30:00-05:00,32.91999816894531,33.279998779296875,32.89500045776367,33.154998779296875,36436,0.0,0.0
2023-11-28 11:30:00-05:00,33.119998931884766,33.154998779296875,33.09000015258789,33.099998474121094,4228,0.0,0.0
2023-11-28 12:30:00-05:00,33.09000015258789,33.13999938964844,33.09000015258789,33.11000061035156,12885,0.0,0.0
2023-11-28 13:30:00-05:00,33.099998474121094,33.15999984741211,33.04499816894531,33.10200119018555,11105,0.0,0.0
2023-11-28 14:30:00-05:00,33.099998474121094,33.125,33.099998474121094,33.119998931884766,2128,0.0,0.0
2023-11-28 15:30:00-05:00,33.10499954223633,33.13999938964844,33.099998474121094,33.099998474121094,4171,0.0,0.0
2023-11-29 09:30:00-05:00,33.2599983215332,33.52989959716797,33.22999954223633,33.52989959716797,0,0.0,0.0
2023-11-29 10:30:00-05:00,33.25,33.400001525878906,33.2400016784668,33.38999938964844,7586,0.0,0.0
2023-11-29 11:30:00-05:00,33.54999923706055,33.54999923706055,33.45790100097656,33.51499938964844,1134,0.0,0.0
2023-11-29 12:30:00-05:00,33.529998779296875,33.75,33.50239944458008,33.58000183105469,2924,0.0,0.0
2023-11-29 13:30:00-05:00,33.56079864501953,33.76499938964844,33.56079864501953,33.7599983215332,4277,0.0,0.0
2023-11-29 14:30:00-05:00,33.709999084472656,33.720001220703125,33.70000076293945,33.70000076293945,3596,0.0,0.0
2023-11-29 15:30:00-05:00,33.70000076293945,33.84000015258789,33.70000076293945,33.84000015258789,8031,0.0,0.0
2023-11-30 09:30:00-05:00,34.06999969482422,34.62990188598633,34.06999969482422,34.5432014465332,17847,0.0,0.0
2023-11-30 10:30:00-05:00,34.369998931884766,34.41999816894531,34.349998474121094,34.35499954223633,6986,0.0,0.0
2023-11-30 11:30:00-05:00,34.349998474121094,34.35879898071289,34.25,34.2599983215332,5055,0.0,0.0
2023-11-30 12:30:00-05:00,34.2599983215332,34.48759841918945,34.25,34.48759841918945,2409,0.0,0.0
2023-11-30 13:30:00-05:00,34.25,34.31999969482422,34.25,34.314998626708984,1213,0.0,0.0
2023-11-30 14:30:00-05:00,34.25,34.36000061035156,34.25,34.29999923706055,2633,0.0,0.0
2023-11-30 15:30:00-05:00,34.34000015258789,34.5171012878418,34.34000015258789,34.5099983215332,3950,0.0,0.0
2023-12-01 09:30:00-05:00,34.5,34.970001220703125,34.5,34.7599983215332,0,0.0,0.0
2023-12-01 10:30:00-05:00,34.779998779296875,34.939998626708984,34.665000915527344,34.75,8276,0.0,0.0
2023-12-01 11:30:00-05:00,34.7400016784668,34.94499969482422,34.7400016784668,34.90999984741211,4596,0.0,0.0
2023-12-01 12:30:00-05:00,34.93000030517578,34.95000076293945,34.66999816894531,34.90999984741211,21260,0.0,0.0
2023-12-01 13:30:00-05:00,34.90999984741211,34.91469955444336,34.779998779296875,34.83000183105469,3653,0.0,0.0
2023-12-01 14:30:00-05:00,34.83039855957031,34.849998474121094,34.80500030517578,34.81999969482422,10179,0.0,0.0
2023-12-01 15:30:00-05:00,34.81999969482422,34.970001220703125,34.81999969482422,34.939998626708984,10309,0.0,0.0
2023-12-04 09:30:00-05:00,34.61000061035156,34.79999923706055,33.70000076293945,34.54999923706055,0,0.0,0.0
2023-12-04 10:30:00-05:00,34.56999969482422,34.56999969482422,34.470001220703125,34.54999923706055,6189,0.0,0.0
2023-12-04 11:30:00-05:00,34.59000015258789,34.63999938964844,34.47999954223633,34.63999938964844,3070,0.0,0.0
2023-12-04 12:30:00-05:00,34.54999923706055,34.57720184326172,34.439998626708984,34.439998626708984,2548,0.0,0.0
2023-12-04 13:30:00-05:00,34.439998626708984,34.439998626708984,34.38999938964844,34.400001525878906,2136,0.0,0.0
2023-12-04 14:30:00-05:00,34.38999938964844,34.44380187988281,34.20500183105469,34.345001220703125,7543,0.0,0.0
2023-12-04 15:30:00-05:00,34.34000015258789,34.54999923706055,34.290000915527344,34.54999923706055,7819,0.0,0.0
2023-12-05 09:30:00-05:00,34.709999084472656,34.709999084472656,34.209999084472656,34.275001525878906,0,0.0,0.0
2023-12-05 10:30:00-05:00,34.2400016784668,34.27000045776367,34.16999816894531,34.220001220703125,41360,0.0,0.0
2023-12-05 11:30:00-05:00,34.2400016784668,34.290000915527344,34.224998474121094,34.25,3570,0.0,0.0
2023-12-05 12:30:00-05:00,34.24800109863281,34.52000045776367,34.22999954223633,34.33000183105469,5514,0.0,0.0
2023-12-05 13:30:00-05:00,34.2400016784668,34.36000061035156,34.2400016784668,34.36000061035156,3311,0.0,0.0
2023-12-05 14:30:00-05:00,34.349998474121094,34.349998474121094,34.290000915527344,34.290000915527344,1923,0.0,0.0
2023-12-05 15:30:00-05:00,34.290000915527344,34.5,34.22999954223633,34.5,11369,0.0,0.0
2023-12-06 09:30:00-05:00,34.16999816894531,34.55500030517578,34.16999816894531,34.439998626708984,0,0.0,0.0
2023-12-06 10:30:00-05:00,34.36000061035156,34.369998931884766,33.90999984741211,33.91999816894531,12641,0.0,0.0
2023-12-06 11:30:00-05:00,33.90999984741211,34.13710021972656,33.58000183105469,33.58000183105469,5625,0.0,0.0
2023-12-06 12:30:00-05:00,33.58000183105469,33.70000076293945,33.470001220703125,33.56999969482422,8237,0.0,0.0
2023-12-06 13:30:00-05:00,33.58000183105469,33.779998779296875,33.56999969482422,33.70000076293945,12873,0.0,0.0
2023-12-06 14:30:00-05:00,33.689998626708984,33.87409973144531,33.65999984741211,33.834999084472656,12006,0.0,0.0
2023-12-06 15:30:00-05:00,33.824798583984375,33.86000061035156,33.7599983215332,33.84000015258789,2520,0.0,0.0
2023-12-07 09:30:00-05:00,33.86000061035156,34.45000076293945,33.86000061035156,33.880001068115234,0,0.0,0.0
2023-12-07 10:30:00-05:00,33.880001068115234,34.90999984741211,33.810001373291016,33.90999984741211,22006,0.0,0.0
2023-12-07 11:30:00-05:00,33.90999984741211,34.83000183105469,33.90999984741211,33.970001220703125,10208,0.0,0.0
2023-12-07 12:30:00-05:00,33.94499969482422,33.94499969482422,33.90999984741211,33.90999984741211,1645,0.0,0.0
2023-12-07 13:30:00-05:00,34.0099983215332,34.37089920043945,33.95000076293945,34.37089920043945,1165,0.0,0.0
2023-12-07 14:30:00-05:00,34.459999084472656,34.459999084472656,33.877498626708984,33.900001525878906,3997,0.0,0.0
2023-12-07 15:30:00-05:00,33.996700286865234,33.996700286865234,33.86000061035156,33.880001068115234,6277,0.0,0.0
2023-12-08 09:30:00-05:00,33.880001068115234,33.880001068115234,33.5,33.56999969482422,0,0.0,0.0
2023-12-08 10:30:00-05:00,33.52000045776367,33.52000045776367,33.52000045776367,33.52000045776367,59868,0.0,0.0
2023-12-08 11:30:00-05:00,33.52000045776367,33.540000915527344,33.2599983215332,33.400001525878906,17841,0.0,0.0
2023-12-08 12:30:00-05:00,33.2599983215332,33.279998779296875,32.91999816894531,33.02000045776367,14348,0.0,0.0
2023-12-08 13:30:00-05:00,33.02000045776367,33.15999984741211,33.0099983215332,33.099998474121094,6727,0.0,0.0
2023-12-08 14:30:00-05:00,33.154598236083984,33.84000015258789,33.060001373291016,33.77000045776367,17060,0.0,0.0
2023-12-08 15:30:00-05:00,33.77000045776367,34.16999816894531,33.77000045776367,34.0,10089,0.0,0.0
2023-12-11 09:30:00-05:00,33.869998931884766,33.869998931884766,33.529998779296875,33.650001525878906,0,0.0,0.0
2023-12-11 10:30:00-05:00,33.65999984741211,33.689998626708984,33.650001525878906,33.689998626708984,466,0.0,0.0
2023-12-11 11:30:00-05:00,33.709999084472656,33.810001373291016,33.529998779296875,33.58789825439453,3899,0.0,0.0
2023-12-11 12:30:00-05:00,33.529998779296875,33.81999969482422,33.52000045776367,33.81999969482422,1050,0.0,0.0
2023-12-11 13:30:00-05:00,33.3125,33.689998626708984,33.3125,33.4547004699707,1193,0.0,0.0
2023-12-11 14:30:00-05:00,33.36000061035156,33.40999984741211,33.150001525878906,33.28630065917969,4947,0.0,0.0
2023-12-11 15:30:00-05:00,33.36000061035156,33.400001525878906,33.279998779296875,33.34000015258789,1205,0.0,0.0
2023-12-12 09:30:00-05:00,33.11000061035156,33.130001068115234,32.77000045776367,33.0099983215332,1725,0.0,0.0
2023-12-12 10:30:00-05:00,33.130001068115234,33.130001068115234,32.880001068115234,32.970001220703125,1279,0.0,0.0
2023-12-12 11:30:00-05:00,32.880001068115234,32.880001068115234,32.72100067138672,32.72100067138672,2548,0.0,0.0
2023-12-12 13:30:00-05:00,32.76459884643555,32.76459884643555,32.75,32.75,817,0.0,0.0
2023-12-12 14:30:00-05:00,32.75320053100586,32.75320053100586,32.75320053100586,32.75320053100586,348,0.0,0.0
2023-12-12 15:30:00-05:00,32.779998779296875,32.779998779296875,32.459999084472656,32.459999084472656,2607,0.0,0.0
2023-12-13 09:30:00-05:00,32.369998931884766,32.52000045776367,32.35599899291992,32.52000045776367,0,0.0,0.0
2023-12-13 10:30:00-05:00,32.650001525878906,32.650001525878906,32.21009826660156,32.415000915527344,2831,0.0,0.0
2023-12-13 11:30:00-05:00,32.4900016784668,32.5,32.41999816894531,32.459999084472656,1096,0.0,0.0
2023-12-13 12:30:00-05:00,32.27000045776367,32.38999938964844,32.220001220703125,32.38999938964844,1355,0.0,0.0
2023-12-13 13:30:00-05:00,32.35499954223633,32.5,32.279998779296875,32.415000915527344,2655,0.0,0.0
2023-12-13 14:30:00-05:00,32.404998779296875,32.779998779296875,32.33000183105469,32.779998779296875,10872,0.0,0.0
2023-12-13 15:30:00-05:00,32.880001068115234,33.20000076293945,32.875,33.20000076293945,6858,0.0,0.0
2023-12-14 09:30:00-05:00,33.2599983215332,33.715599060058594,33.04999923706055,33.380001068115234,0,0.0,0.0
2023-12-14 10:30:00-05:00,33.29750061035156,33.619998931884766,33.29750061035156,33.560001373291016,890,0.0,0.0
2023-12-14 11:30:00-05:00,33.277000427246094,33.560001373291016,33.277000427246094,33.3849983215332,764,0.0,0.0
2023-12-14 12:30:00-05:00,33.5,33.61000061035156,33.165000915527344,33.54999923706055,11975,0.0,0.0
2023-12-14 13:30:00-05:00,33.18000030517578,33.54999923706055,33.119998931884766,33.3650016784668,1060,0.0,0.0
2023-12-14 14:30:00-05:00,33.35499954223633,33.68000030517578,33.21500015258789,33.22999954223633,4671,0.0,0.0
2023-12-14 15:30:00-05:00,33.54999923706055,33.54999923706055,33.22999954223633,33.22999954223633,5539,0.0,0.0
2023-12-15 09:30:00-05:00,33.439998626708984,33.439998626708984,33.119998931884766,33.119998931884766,0,0.0,0.0
2023-12-15 10:30:00-05:00,33.099998474121094,33.40700149536133,33.099998474121094,33.35179901123047,3724,0.0,0.0
2023-12-15 11:30:00-05:00,33.404998779296875,33.404998779296875,33.349998474121094,33.402198791503906,815,0.0,0.0
2023-12-15 12:30:00-05:00,33.130001068115234,33.402198791503906,33.130001068115234,33.349998474121094,2269,0.0,0.0
2023-12-15 13:30:00-05:00,33.349998474121094,33.4182014465332,33.349998474121094,33.349998474121094,2302,0.0,0.0
2023-12-15 14:30:00-05:00,33.349998474121094,33.441200256347656,33.349998474121094,33.349998474121094,3883,0.0,0.0
2023-12-15 15:30:00-05:00,33.470001220703125,33.540000915527344,33.349998474121094,33.349998474121094,1756,0.0,0.0
2023-12-18 09:30:00-05:00,33.47999954223633,33.5099983215332,33.349998474121094,33.5099983215332,0,0.0,0.0
2023-12-18 10:30:00-05:00,33.290000915527344,33.290000915527344,33.06999969482422,33.18000030517578,744,0.0,0.0
2023-12-18 11:30:00-05:00,33.10770034790039,33.10770034790039,33.06999969482422,33.06999969482422,1283,0.0,0.0
2023-12-18 12:30:00-05:00,33.15999984741211,33.22999954223633,33.02159881591797,33.029998779296875,2178,0.0,0.0
2023-12-18 13:30:00-05:00,33.110198974609375,33.110198974609375,33.110198974609375,33.110198974609375,500,0.0,0.0
2023-12-18 14:30:00-05:00,33.099998474121094,33.189998626708984,33.099998474121094,33.14500045776367,2190,0.0,0.0
2023-12-18 15:30:00-05:00,33.06999969482422,33.08000183105469,32.959999084472656,33.060001373291016,1893,0.0,0.0
2023-12-19 09:30:00-05:00,33.13999938964844,33.54999923706055,32.959999084472656,33.4900016784668,0,0.0,0.0
2023-12-19 10:30:00-05:00,33.34000015258789,33.53499984741211,33.29100036621094,33.400001525878906,3279,0.0,0.0
2023-12-19 11:30:00-05:00,33.400001525878906,33.97999954223633,33.400001525878906,33.744998931884766,3148,0.0,0.0
2023-12-19 12:30:00-05:00,33.7859992980957,33.88999938964844,33.65999984741211,33.88999938964844,5874,0.0,0.0
2023-12-19 13:30:00-05:00,33.75299835205078,33.849998474121094,33.65999984741211,33.723899841308594,5040,0.0,0.0
2023-12-19 14:30:00-05:00,33.68000030517578,33.68000030517578,33.58000183105469,33.630001068115234,5086,0.0,0.0
2023-12-19 15:30:00-05:00,33.560001373291016,33.709999084472656,33.4900016784668,33.66999816894531,10125,0.0,0.0
2023-12-20 09:30:00-05:00,33.939998626708984,33.939998626708984,33.79999923706055,33.939998626708984,0,0.0,0.0
2023-12-20 11:30:00-05:00,33.91310119628906,33.91999816894531,33.73780059814453,33.90999984741211,2365,0.0,0.0
2023-12-20 12:30:00-05:00,33.970001220703125,34.0,33.95000076293945,34.0,3505,0.0,0.0
2023-12-20 13:30:00-05:00,33.8203010559082,33.8203010559082,33.8203010559082,33.8203010559082,224,0.0,0.0
2023-12-20 14:30:00-05:00,33.79499816894531,33.79499816894531,33.510799407958984,33.55149841308594,3563,0.0,0.0
2023-12-20 15:30:00-05:00,33.470001220703125,33.470001220703125,33.400001525878906,33.400001525878906,1413,0.0,0.0
2023-12-21 09:30:00-05:00,33.400001525878906,33.45000076293945,33.150001525878906,33.45000076293945,0,0.0,0.0
2023-12-21 10:30:00-05:00,33.349998474121094,33.45000076293945,33.32500076293945,33.45000076293945,4009,0.0,0.0
2023-12-21 11:30:00-05:00,33.400001525878906,33.72999954223633,33.290000915527344,33.29999923706055,5471,0.0,0.0
2023-12-21 12:30:00-05:00,33.47999954223633,33.55120086669922,33.36000061035156,33.36000061035156,2375,0.0,0.0
2023-12-21 13:30:00-05:00,33.560001373291016,33.790000915527344,33.279998779296875,33.279998779296875,5183,0.0,0.0
2023-12-21 14:30:00-05:00,33.209999084472656,33.5,33.15999984741211,33.17499923706055,2879,0.0,0.0
2023-12-21 15:30:00-05:00,33.34000015258789,33.34000015258789,33.16999816894531,33.2599983215332,4097,0.0,0.0
2023-12-22 09:30:00-05:00,33.41999816894531,33.52000045776367,33.41999816894531,33.52000045776367,1355,0.0,0.0
2023-12-22 10:30:00-05:00,33.720001220703125,33.7400016784668,33.66400146484375,33.7400016784668,725,0.0,0.0
2023-12-22 11:30:00-05:00,33.78499984741211,33.83000183105469,33.61000061035156,33.83000183105469,1502,0.0,0.0
2023-12-22 12:30:00-05:00,33.70000076293945,33.84000015258789,33.59000015258789,33.59000015258789,5600,0.0,0.0
2023-12-22 14:30:00-05:00,33.46289825439453,33.57740020751953,33.46289825439453,33.57740020751953,436,0.0,0.0
2023-12-22 15:30:00-05:00,33.31999969482422,33.31999969482422,33.02000045776367,33.04999923706055,1410,0.0,0.0
2023-12-26 09:30:00-05:00,34.709999084472656,34.970001220703125,34.689998626708984,34.849998474121094,53167,0.0,0.0
2023-12-26 10:30:00-05:00,34.91999816894531,35.20000076293945,34.849998474121094,35.099998474121094,44910,0.0,0.0
2023-12-26 11:30:00-05:00,35.05500030517578,35.20000076293945,35.0099983215332,35.06999969482422,26459,0.0,0.0
2023-12-26 12:30:00-05:00,35.06999969482422,35.13999938964844,34.869998931884766,35.085201263427734,15957,0.0,0.0
2023-12-26 13:30:00-05:00,35.099998474121094,35.10499954223633,35.02000045776367,35.02000045776367,5241,0.0,0.0
2023-12-26 14:30:00-05:00,35.040000915527344,35.060001373291016,35.0,35.04999923706055,15007,0.0,0.0
2023-12-26 15:30:00-05:00,35.060001373291016,35.11000061035156,35.02000045776367,35.025001525878906,15008,0.0,0.0
2023-12-27 09:30:00-05:00,35.0,35.20000076293945,34.959999084472656,35.165000915527344,4583,0.0,0.0
2023-12-27 10:30:00-05:00,35.08000183105469,35.165000915527344,35.08000183105469,35.099998474121094,4862,0.0,0.0
2023-12-27 11:30:00-05:00,35.09000015258789,35.172000885009766,35.08000183105469,35.099998474121094,5100,0.0,0.0
2023-12-27 12:30:00-05:00,35.16999816894531,35.16999816894531,35.06999969482422,35.08000183105469,9340,0.0,0.0
2023-12-27 13:30:00-05:00,35.0,35.16999816894531,34.900001525878906,35.16999816894531,5797,0.0,0.0
2023-12-27 14:30:00-05:00,34.959999084472656,34.959999084472656,34.845001220703125,34.86000061035156,4116,0.0,0.0
2023-12-27 15:30:00-05:00,34.869998931884766,34.91619873046875,34.650001525878906,34.650001525878906,10647,0.0,0.0
2023-12-28 09:30:00-05:00,34.86000061035156,34.900001525878906,34.560001373291016,34.900001525878906,0,0.0,0.0
2023-12-28 10:30:00-05:00,34.997501373291016,34.997501373291016,34.87770080566406,34.900001525878906,8678,0.0,0.0
2023-12-28 11:30:00-05:00,34.900001525878906,35.0,34.900001525878906,35.0,6770,0.0,0.0
2023-12-28 12:30:00-05:00,34.90010070800781,34.9900016784668,34.90010070800781,34.9900016784668,4291,0.0,0.0
2023-12-28 13:30:00-05:00,34.959999084472656,35.0,34.95000076293945,34.974998474121094,2706,0.0,0.0
2023-12-28 14:30:00-05:00,35.0,35.05699920654297,34.8400993347168,34.900001525878906,9404,0.0,0.0
2023-12-28 15:30:00-05:00,34.845001220703125,34.972801208496094,34.845001220703125,34.970001220703125,3530,0.0,0.0
2023-12-29 09:30:00-05:00,34.900001525878906,34.9900016784668,34.869998931884766,34.93000030517578,0,0.0,0.0
2023-12-29 10:30:00-05:00,34.9900016784668,35.0,34.90999984741211,34.9900016784668,2949,0.0,0.0
2023-12-29 11:30:00-05:00,34.834999084472656,34.880001068115234,34.69029998779297,34.69029998779297,2072,0.0,0.0
2023-12-29 12:30:00-05:00,34.97999954223633,34.97999954223633,34.8849983215332,34.8849983215332,440,0.0,0.0
2023-12-29 13:30:00-05:00,34.90700149536133,34.95000076293945,34.70009994506836,34.70009994506836,1902,0.0,0.0
2023-12-29 14:30:00-05:00,34.8202018737793,35.0,34.8202018737793,35.0,2845,0.0,0.0
2023-12-29 15:30:00-05:00,34.86000061035156,34.9900016784668,34.849998474121094,34.849998474121094,1708,0.0,0.0
2024-01-02 09:30:00-05:00,35.0,35.0,34.755001068115234,34.810001373291016,0,0.0,0.0
2024-01-02 10:30:00-05:00,34.849998474121094,34.900001525878906,34.810001373291016,34.81269836425781,2833,0.0,0.0
2024-01-02 11:30:00-05:00,34.834999084472656,34.85499954223633,34.77000045776367,34.77000045776367,1449,0.0,0.0
2024-01-02 12:30:00-05:00,34.834999084472656,34.95000076293945,34.77000045776367,34.935001373291016,4033,0.0,0.0
2024-01-02 13:30:00-05:00,34.90999984741211,35.03499984741211,34.90129852294922,34.9900016784668,3175,0.0,0.0
2024-01-02 14:30:00-05:00,35.018001556396484,35.018001556396484,34.81999969482422,34.849998474121094,8607,0.0,0.0
2024-01-02 15:30:00-05:00,34.81999969482422,34.880001068115234,34.810001373291016,34.869998931884766,4668,0.0,0.0
2024-01-03 09:30:00-05:00,35.11000061035156,35.119998931884766,34.93000030517578,35.0,0,0.0,0.0
2024-01-03 10:30:00-05:00,34.880001068115234,34.95000076293945,34.849998474121094,34.95000076293945,1092,0.0,0.0
2024-01-03 11:30:00-05:00,35.0,35.0,34.90010070800781,34.910301208496094,7209,0.0,0.0
2024-01-03 12:30:00-05:00,34.9900016784668,35.02000045776367,34.900001525878906,34.959999084472656,17947,0.0,0.0
2024-01-03 13:30:00-05:00,35.0,35.064998626708984,34.959999084472656,35.060001373291016,3941,0.0,0.0
2024-01-03 14:30:00-05:00,35.150001525878906,35.150001525878906,35.029998779296875,35.04999923706055,2164,0.0,0.0
2024-01-03 15:30:00-05:00,35.09000015258789,35.150001525878906,34.97999954223633,35.08000183105469,6322,0.0,0.0
2024-01-04 09:30:00-05:00,35.22999954223633,35.22999954223633,35.060001373291016,35.08000183105469,0,0.0,0.0
2024-01-04 10:30:00-05:00,35.06999969482422,35.150001525878906,35.040000915527344,35.150001525878906,43080,0.0,0.0
2024-01-04 11:30:00-05:00,35.1349983215332,35.1349983215332,35.029998779296875,35.029998779296875,1220,0.0,0.0
2024-01-04 12:30:00-05:00,35.000999450683594,35.000999450683594,35.000999450683594,35.000999450683594,792,0.0,0.0
2024-01-04 13:30:00-05:00,35.03990173339844,35.0620002746582,35.03990173339844,35.0620002746582,1084,0.0,0.0
2024-01-04 14:30:00-05:00,35.03300094604492,35.03300094604492,34.91999816894531,34.91999816894531,3113,0.0,0.0
2024-01-04 15:30:00-05:00,34.914100646972656,34.93000030517578,34.880001068115234,34.93000030517578,1480,0.0,0.0
2024-01-05 09:30:00-05:00,34.939998626708984,35.099998474121094,34.939998626708984,35.099998474121094,2736,0.0,0.0
2024-01-05 10:30:00-05:00,35.119998931884766,35.150001525878906,34.939998626708984,35.150001525878906,4844,0.0,0.0
2024-01-05 11:30:00-05:00,34.970001220703125,35.0,34.939998626708984,35.0,1431,0.0,0.0
2024-01-05 12:30:00-05:00,34.959999084472656,34.959999084472656,34.869998931884766,34.869998931884766,914,0.0,0.0
2024-01-05 13:30:00-05:00,34.83000183105469,34.83000183105469,34.83000183105469,34.83000183105469,230,0.0,0.0
2024-01-05 14:30:00-05:00,34.79999923706055,34.810001373291016,34.75,34.7599983215332,1469,0.0,0.0
2024-01-05 15:30:00-05:00,34.810001373291016,34.810001373291016,34.70000076293945,34.720001220703125,3285,0.0,0.0
2024-01-08 09:30:00-05:00,34.4900016784668,34.4900016784668,34.4900016784668,34.4900016784668,0,0.0,0.0
2024-01-08 10:30:00-05:00,34.59000015258789,34.599998474121094,34.525001525878906,34.599998474121094,2134,0.0,0.0
2024-01-08 11:30:00-05:00,34.470001220703125,34.53499984741211,34.459999084472656,34.529998779296875,1910,0.0,0.0
2024-01-08 12:30:00-05:00,34.599998474121094,34.6150016784668,34.55500030517578,34.6150016784668,3223,0.0,0.0
2024-01-08 13:30:00-05:00,34.60499954223633,34.60499954223633,34.52000045776367,34.57500076293945,1296,0.0,0.0
2024-01-08 14:30:00-05:00,34.564998626708984,34.625,34.540000915527344,34.625,3331,0.0,0.0
2024-01-08 15:30:00-05:00,34.63999938964844,34.689998626708984,34.560001373291016,34.560001373291016,2747,0.0,0.0
2024-01-09 09:30:00-05:00,34.68000030517578,34.68000030517578,34.43000030517578,34.529998779296875,0,0.0,0.0
2024-01-09 10:30:00-05:00,34.459999084472656,34.470001220703125,34.41999816894531,34.470001220703125,1605,0.0,0.0
2024-01-09 11:30:00-05:00,34.52000045776367,34.540000915527344,34.52000045776367,34.540000915527344,602,0.0,0.0
2024-01-09 12:30:00-05:00,34.540000915527344,34.630001068115234,34.540000915527344,34.61000061035156,746,0.0,0.0
2024-01-09 13:30:00-05:00,34.540000915527344,34.72999954223633,34.5099983215332,34.625,6201,0.0,0.0
2024-01-09 14:30:00-05:00,34.625,34.625,34.54999923706055,34.58000183105469,800,0.0,0.0
2024-01-09 15:30:00-05:00,34.56999969482422,34.689998626708984,34.56999969482422,34.58000183105469,6006,0.0,0.0
2024-01-10 09:30:00-05:00,34.70000076293945,34.880001068115234,34.59000015258789,34.63999938964844,3271,0.0,0.0
2024-01-10 10:30:00-05:00,34.60100173950195,34.654998779296875,34.60100173950195,34.654998779296875,401,0.0,0.0
2024-01-10 11:30:00-05:00,34.66999816894531,34.75,34.66999816894531,34.66999816894531,1497,0.0,0.0
2024-01-10 12:30:00-05:00,34.66999816894531,34.68519973754883,34.65999984741211,34.65999984741211,1545,0.0,0.0
2024-01-10 13:30:00-05:00,34.66999816894531,34.900001525878906,34.66999816894531,34.900001525878906,880,0.0,0.0
2024-01-10 14:30:00-05:00,34.900001525878906,34.900001525878906,34.709999084472656,34.720001220703125,4808,0.0,0.0
2024-01-10 15:30:00-05:00,34.720001220703125,35.04999923706055,34.720001220703125,34.9900016784668,8839,0.0,0.0
2024-01-11 09:30:00-05:00,34.849998474121094,34.95989990234375,34.664398193359375,34.80500030517578,0,0.0,0.0
2024-01-11 10:30:00-05:00,34.71770095825195,35.09000015258789,34.71770095825195,34.880001068115234,2135,0.0,0.0
2024-01-11 11:30:00-05:00,34.79999923706055,34.925899505615234,34.74549865722656,34.75,4750,0.0,0.0
2024-01-11 12:30:00-05:00,34.75,34.809600830078125,34.6879997253418,34.744998931884766,3016,0.0,0.0
2024-01-11 13:30:00-05:00,34.744998931884766,34.81700134277344,34.68000030517578,34.80699920654297,3895,0.0,0.0
2024-01-11 14:30:00-05:00,34.75,34.7598991394043,34.67499923706055,34.67499923706055,1905,0.0,0.0
2024-01-11 15:30:00-05:00,34.66999816894531,34.70000076293945,34.54999923706055,34.650001525878906,4556,0.0,0.0
2024-01-12 09:30:00-05:00,35.0,35.11000061035156,34.900001525878906,35.11000061035156,0,0.0,0.0
2024-01-12 10:30:00-05:00,35.0099983215332,35.11000061035156,34.900001525878906,34.900001525878906,1755,0.0,0.0
2024-01-12 11:30:00-05:00,34.689998626708984,34.698699951171875,34.689998626708984,34.698699951171875,919,0.0,0.0
2024-01-12 12:30:00-05:00,34.779998779296875,34.779998779296875,34.779998779296875,34.779998779296875,400,0.0,0.0
2024-01-12 13:30:00-05:00,34.75,34.814998626708984,34.75,34.814998626708984,888,0.0,0.0
2024-01-12 14:30:00-05:00,34.84000015258789,34.880001068115234,34.810001373291016,34.81999969482422,3643,0.0,0.0
2024-01-12 15:30:00-05:00,34.84000015258789,34.915000915527344,34.79999923706055,34.90999984741211,2845,0.0,0.0
2024-01-16 09:30:00-05:00,34.72999954223633,34.88159942626953,34.72999954223633,34.79999923706055,0,0.0,0.0
2024-01-16 10:30:00-05:00,34.845001220703125,34.93000030517578,34.81999969482422,34.91999816894531,2559,0.0,0.0
2024-01-16 11:30:00-05:00,34.8849983215332,35.0,34.8849983215332,35.0,4389,0.0,0.0
2024-01-16 12:30:00-05:00,34.91350173950195,34.91350173950195,34.83000183105469,34.904998779296875,690,0.0,0.0
2024-01-16 13:30:00-05:00,34.904998779296875,34.97999954223633,34.83000183105469,34.904998779296875,2340,0.0,0.0
2024-01-16 14:30:00-05:00,34.84000015258789,34.959999084472656,34.84000015258789,34.849998474121094,3294,0.0,0.0
2024-01-16 15:30:00-05:00,34.849998474121094,34.900001525878906,34.79999923706055,34.81999969482422,4826,0.0,0.0
2024-01-17 09:30:00-05:00,34.58000183105469,34.63999938964844,34.54999923706055,34.63999938964844,1619,0.0,0.0
2024-01-17 10:30:00-05:00,34.685001373291016,34.77000045776367,34.617000579833984,34.617000579833984,925,0.0,0.0
2024-01-17 11:30:00-05:00,34.6974983215332,34.6974983215332,34.62200164794922,34.685001373291016,707,0.0,0.0
2024-01-17 12:30:00-05:00,34.6510009765625,34.709999084472656,34.595001220703125,34.595001220703125,9978,0.0,0.0
2024-01-17 13:30:00-05:00,34.595001220703125,34.622501373291016,34.25,34.42499923706055,6647,0.0,0.0
2024-01-17 14:30:00-05:00,34.279998779296875,34.279998779296875,34.25,34.25,1274,0.0,0.0
2024-01-17 15:30:00-05:00,34.25,34.619998931884766,34.25,34.619998931884766,1421,0.0,0.0
2024-01-18 09:30:00-05:00,34.459999084472656,34.459999084472656,34.39500045776367,34.39500045776367,0,0.0,0.0
2024-01-18 10:30:00-05:00,34.31999969482422,34.31999969482422,33.709999084472656,33.904998779296875,12645,0.0,0.0
2024-01-18 11:30:00-05:00,33.904998779296875,34.0,33.82780075073242,33.82780075073242,2083,0.0,0.0
2024-01-18 12:30:00-05:00,33.8849983215332,33.91999816894531,33.7599983215332,33.91999816894531,2712,0.0,0.0
2024-01-18 13:30:00-05:00,33.900001525878906,33.90999984741211,33.845001220703125,33.880001068115234,1812,0.0,0.0
2024-01-18 14:30:00-05:00,33.900001525878906,33.9739990234375,33.880001068115234,33.9739990234375,2229,0.0,0.0
2024-01-18 15:30:00-05:00,33.94499969482422,34.06999969482422,33.94499969482422,33.9900016784668,4049,0.0,0.0
2024-01-19 09:30:00-05:00,33.880001068115234,34.209999084472656,33.880001068115234,33.90999984741211,4550,0.0,0.0
2024-01-19 10:30:00-05:00,33.90610122680664,34.02000045776367,33.90610122680664,33.96379852294922,4990,0.0,0.0
2024-01-19 11:30:00-05:00,33.939998626708984,34.0099983215332,33.90999984741211,34.0099983215332,2645,0.0,0.0
2024-01-19 12:30:00-05:00,33.95000076293945,33.95000076293945,33.86000061035156,33.86000061035156,2348,0.0,0.0
2024-01-19 13:30:00-05:00,34.040000915527344,34.060001373291016,34.040000915527344,34.060001373291016,1264,0.0,0.0
2024-01-19 14:30:00-05:00,34.150001525878906,34.150001525878906,34.04999923706055,34.075599670410156,1060,0.0,0.0
2024-01-19 15:30:00-05:00,34.06999969482422,34.06999969482422,33.95000076293945,33.95000076293945,1211,0.0,0.0
2024-01-22 09:30:00-05:00,34.13999938964844,34.58000183105469,34.13999938964844,34.58000183105469,0,0.0,0.0
2024-01-22 10:30:00-05:00,34.59000015258789,34.62990188598633,34.53499984741211,34.619998931884766,6063,0.0,0.0
2024-01-22 11:30:00-05:00,34.5099983215332,34.54399871826172,34.404998779296875,34.54399871826172,2557,0.0,0.0
2024-01-22 12:30:00-05:00,34.52009963989258,34.599998474121094,34.52000045776367,34.54999923706055,4081,0.0,0.0
2024-01-22 13:30:00-05:00,34.54999923706055,34.54999923706055,34.5099983215332,34.540000915527344,4360,0.0,0.0
2024-01-22 14:30:00-05:00,34.54999923706055,34.57500076293945,34.4900016784668,34.5,1823,0.0,0.0
2024-01-22 15:30:00-05:00,34.47999954223633,34.47999954223633,34.43000030517578,34.459999084472656,5707,0.0,0.0
2024-01-23 09:30:00-05:00,34.38999938964844,34.53010177612305,34.38999938964844,34.52009963989258,0,0.0,0.0
2024-01-23 10:30:00-05:00,34.4901008605957,34.5,34.4901008605957,34.5,0,0.0,0.0
2024-01-23 11:30:00-05:00,34.55699920654297,34.57500076293945,34.5099983215332,34.54499816894531,6726,0.0,0.0
2024-01-23 12:30:00-05:00,34.5,34.5,34.5,34.5,405,0.0,0.0
2024-01-23 13:30:00-05:00,34.569400787353516,34.569400787353516,34.569400787353516,34.569400787353516,281,0.0,0.0
2024-01-23 14:30:00-05:00,34.57500076293945,34.57500076293945,34.57500076293945,34.57500076293945,127,0.0,0.0
2024-01-23 15:30:00-05:00,34.650001525878906,34.650001525878906,34.5,34.55500030517578,1893,0.0,0.0
2024-01-24 09:30:00-05:00,34.650001525878906,34.970001220703125,34.560001373291016,34.81999969482422,0,0.0,0.0
2024-01-24 10:30:00-05:00,34.79999923706055,35.0,34.79999923706055,35.0,6089,0.0,0.0
2024-01-24 11:30:00-05:00,34.95000076293945,35.04999923706055,34.95000076293945,35.04999923706055,887,0.0,0.0
2024-01-24 12:30:00-05:00,35.029998779296875,35.08000183105469,34.93000030517578,35.029998779296875,2001,0.0,0.0
2024-01-24 13:30:00-05:00,34.970699310302734,35.11000061035156,34.95000076293945,35.029998779296875,3302,0.0,0.0
2024-01-24 14:30:00-05:00,35.0,35.060001373291016,34.956600189208984,35.0,4217,0.0,0.0
2024-01-24 15:30:00-05:00,35.040000915527344,35.08000183105469,34.970001220703125,34.970001220703125,0,0.0,0.0
2024-01-25 09:30:00-05:00,34.9900016784668,34.9900016784668,34.84199905395508,34.900001525878906,4351,0.0,0.0
2024-01-25 10:30:00-05:00,34.8849983215332,35.02000045776367,34.875,35.02000045776367,800,0.0,0.0
2024-01-25 11:30:00-05:00,35.04499816894531,35.20000076293945,35.04499816894531,35.1619987487793,4252,0.0,0.0
2024-01-25 12:30:00-05:00,35.2400016784668,35.290000915527344,35.2400016784668,35.290000915527344,1735,0.0,0.0
2024-01-25 13:30:00-05:00,35.29999923706055,35.43000030517578,35.24530029296875,35.43000030517578,3362,0.0,0.0
2024-01-25 14:30:00-05:00,35.29010009765625,35.47999954223633,35.29010009765625,35.400001525878906,4412,0.0,0.0
2024-01-25 15:30:00-05:00,35.45000076293945,35.650001525878906,35.33000183105469,35.599998474121094,6249,0.0,0.0
2024-01-26 09:30:00-05:00,35.650001525878906,35.650001525878906,35.5,35.5,3010,0.0,0.0
2024-01-26 10:30:00-05:00,35.69990158081055,35.755001068115234,35.67499923706055,35.67499923706055,4300,0.0,0.0
2024-01-26 11:30:00-05:00,35.60150146484375,35.7400016784668,35.60150146484375,35.66189956665039,18416,0.0,0.0
2024-01-26 12:30:00-05:00,35.68000030517578,35.70000076293945,35.560001373291016,35.64619827270508,9698,0.0,0.0
2024-01-26 13:30:00-05:00,35.70000076293945,35.75,35.63999938964844,35.709999084472656,26543,0.0,0.0
2024-01-26 14:30:00-05:00,35.75,35.779998779296875,35.75,35.75,5408,0.0,0.0
2024-01-26 15:30:00-05:00,35.779998779296875,35.84000015258789,35.75,35.810001373291016,14671,0.0,0.0
2024-01-29 09:30:00-05:00,35.7599983215332,35.7599983215332,35.56999969482422,35.56999969482422,0,0.0,0.0
2024-01-29 10:30:00-05:00,35.810001373291016,35.810001373291016,35.689998626708984,35.70000076293945,411,0.0,0.0
2024-01-29 11:30:00-05:00,35.689998626708984,35.720001220703125,35.599998474121094,35.720001220703125,25249,0.0,0.0
2024-01-29 12:30:00-05:00,35.7135009765625,35.7400016784668,35.70000076293945,35.70000076293945,2811,0.0,0.0
2024-01-29 13:30:00-05:00,35.7400016784668,35.81999969482422,35.7400016784668,35.81999969482422,892,0.0,0.0
2024-01-29 14:30:00-05:00,35.76100158691406,35.90999984741211,35.76100158691406,35.880001068115234,9253,0.0,0.0
2024-01-29 15:30:00-05:00,35.90999984741211,35.970001220703125,35.88999938964844,35.939998626708984,30182,0.0,0.0
2024-01-30 09:30:00-05:00,35.720001220703125,36.060001373291016,35.599998474121094,35.8650016784668,6074,0.0,0.0
2024-01-30 10:30:00-05:00,35.7681999206543,35.935001373291016,35.7681999206543,35.935001373291016,5201,0.0,0.0
2024-01-30 11:30:00-05:00,35.92499923706055,36.0099983215332,35.920101165771484,35.994998931884766,5320,0.0,0.0
2024-01-30 12:30:00-05:00,35.994998931884766,35.994998931884766,35.910099029541016,35.939998626708984,4650,0.0,0.0
2024-01-30 13:30:00-05:00,35.974998474121094,36.060001373291016,35.939998626708984,36.0,5669,0.0,0.0
2024-01-30 14:30:00-05:00,36.01499938964844,36.04999923706055,36.0,36.040000915527344,7470,0.0,0.0
2024-01-30 15:30:00-05:00,36.060001373291016,36.09000015258789,36.04999923706055,36.09000015258789,3325,0.0,0.0
2024-01-31 09:30:00-05:00,36.13999938964844,36.15999984741211,36.029998779296875,36.029998779296875,0,0.0,0.0
2024-01-31 10:30:00-05:00,36.09000015258789,36.149898529052734,35.91460037231445,36.029998779296875,6507,0.0,0.0
2024-01-31 11:30:00-05:00,35.920501708984375,36.02000045776367,35.85430145263672,36.02000045776367,5251,0.0,0.0
2024-01-31 12:30:00-05:00,36.060001373291016,36.060001373291016,36.04199981689453,36.04199981689453,2278,0.0,0.0
2024-01-31 13:30:00-05:00,36.06999969482422,36.097999572753906,36.000099182128906,36.034698486328125,2626,0.0,0.0
2024-01-31 14:30:00-05:00,36.119998931884766,36.540000915527344,35.84000015258789,35.90999984741211,11712,0.0,0.0
2024-01-31 15:30:00-05:00,35.810001373291016,35.87779998779297,35.720001220703125,35.7400016784668,2390,0.0,0.0
2024-02-01 09:30:00-05:00,35.779998779296875,35.9900016784668,35.72999954223633,35.900001525878906,0,0.0,0.0
2024-02-01 10:30:00-05:00,36.0,36.31999969482422,36.0,36.31999969482422,3223,0.0,0.0
2024-02-01 11:30:00-05:00,36.349998474121094,36.47999954223633,36.2859992980957,36.470001220703125,3917,0.0,0.0
2024-02-01 12:30:00-05:00,36.369998931884766,36.369998931884766,36.0099983215332,36.150001525878906,7148,0.0,0.0
2024-02-01 13:30:00-05:00,36.31999969482422,36.4900016784668,36.06999969482422,36.369998931884766,5552,0.0,0.0
2024-02-01 14:30:00-05:00,36.08720016479492,36.08720016479492,35.97999954223633,35.9900016784668,3200,0.0,0.0
2024-02-01 15:30:00-05:00,35.959999084472656,36.040000915527344,35.91999816894531,36.029998779296875,6162,0.0,0.0
2024-02-02 09:30:00-05:00,35.900001525878906,35.900001525878906,35.5,35.70000076293945,4050,0.0,0.0
2024-02-02 10:30:00-05:00,35.59000015258789,35.685001373291016,35.59000015258789,35.685001373291016,383,0.0,0.0
2024-02-02 11:30:00-05:00,35.599998474121094,35.623199462890625,35.529998779296875,35.59000015258789,1512,0.0,0.0
2024-02-02 12:30:00-05:00,35.689998626708984,35.689998626708984,35.625,35.625,604,0.0,0.0
2024-02-02 13:30:00-05:00,35.689998626708984,35.689998626708984,35.619998931884766,35.689998626708984,1858,0.0,0.0
2024-02-02 14:30:00-05:00,35.564998626708984,35.58000183105469,35.52050018310547,35.58000183105469,704,0.0,0.0
2024-02-02 15:30:00-05:00,35.62990188598633,35.62990188598633,35.43000030517578,35.43000030517578,11442,0.0,0.0
2024-02-05 09:30:00-05:00,35.150001525878906,35.470001220703125,35.04999923706055,35.08000183105469,0,0.0,0.0
2024-02-05 10:30:00-05:00,35.12070083618164,35.18000030517578,35.060001373291016,35.13800048828125,5194,0.0,0.0
2024-02-05 11:30:00-05:00,35.20000076293945,35.2599983215332,35.12710189819336,35.20000076293945,6675,0.0,0.0
2024-02-05 12:30:00-05:00,35.25,35.38999938964844,35.25,35.380001068115234,3766,0.0,0.0
2024-02-05 13:30:00-05:00,35.35499954223633,35.380001068115234,35.31999969482422,35.380001068115234,2303,0.0,0.0
2024-02-05 14:30:00-05:00,35.375,35.399898529052734,35.20000076293945,35.34000015258789,6066,0.0,0.0
2024-02-05 15:30:00-05:00,35.33000183105469,35.369998931884766,35.22999954223633,35.22999954223633,4547,0.0,0.0
2024-02-06 09:30:00-05:00,35.099998474121094,35.380001068115234,35.099998474121094,35.37739944458008,0,0.0,0.0
2024-02-06 10:30:00-05:00,35.369998931884766,35.369998931884766,35.232398986816406,35.33760070800781,1460,0.0,0.0
2024-02-06 11:30:00-05:00,35.26499938964844,35.27000045776367,35.20000076293945,35.27000045776367,3342,0.0,0.0
2024-02-06 12:30:00-05:00,35.16999816894531,35.16999816894531,35.150001525878906,35.15999984741211,1400,0.0,0.0
2024-02-06 13:30:00-05:00,35.130001068115234,35.189998626708984,35.099998474121094,35.125,4090,0.0,0.0
2024-02-06 14:30:00-05:00,35.11000061035156,35.11000061035156,35.04199981689453,35.04999923706055,1979,0.0,0.0
2024-02-06 15:30:00-05:00,35.0099983215332,35.15409851074219,35.0,35.02000045776367,5105,0.0,0.0
2024-02-07 09:30:00-05:00,35.02000045776367,35.15999984741211,35.0,35.0,2551,0.0,0.0
2024-02-07 10:30:00-05:00,35.060001373291016,35.06999969482422,35.0,35.011600494384766,6126,0.0,0.0
2024-02-07 11:30:00-05:00,35.02000045776367,35.089599609375,35.02000045776367,35.089599609375,1535,0.0,0.0
2024-02-07 12:30:00-05:00,35.060001373291016,35.15999984741211,35.04999923706055,35.15999984741211,1122,0.0,0.0
2024-02-07 13:30:00-05:00,35.160400390625,35.16189956665039,35.0620002746582,35.09629821777344,1031,0.0,0.0
2024-02-07 14:30:00-05:00,35.060001373291016,35.099998474121094,35.02000045776367,35.02000045776367,7760,0.0,0.0
2024-02-07 15:30:00-05:00,35.040000915527344,35.04499816894531,35.01499938964844,35.01499938964844,2742,0.0,0.0
2024-02-08 09:30:00-05:00,35.0,35.220001220703125,35.0,35.220001220703125,0,0.0,0.0
2024-02-08 10:30:00-05:00,35.099998474121094,35.1349983215332,35.08000183105469,35.099998474121094,2647,0.0,0.0
2024-02-08 11:30:00-05:00,35.099998474121094,35.099998474121094,35.099998474121094,35.099998474121094,316,0.0,0.0
2024-02-08 12:30:00-05:00,35.0890998840332,35.14500045776367,35.08000183105469,35.14500045776367,726,0.0,0.0
2024-02-08 13:30:00-05:00,35.099998474121094,35.099998474121094,35.099998474121094,35.099998474121094,536,0.0,0.0
2024-02-08 14:30:00-05:00,35.130001068115234,35.27000045776367,35.119998931884766,35.27000045776367,4391,0.0,0.0
2024-02-08 15:30:00-05:00,35.27000045776367,35.279998779296875,35.22999954223633,35.22999954223633,2272,0.0,0.0
2024-02-09 09:30:00-05:00,35.15999984741211,35.255001068115234,35.15999984741211,35.255001068115234,0,0.0,0.0
2024-02-09 10:30:00-05:00,35.2400016784668,35.2599983215332,35.2400016784668,35.2599983215332,2372,0.0,0.0
2024-02-09 11:30:00-05:00,35.244998931884766,35.279998779296875,35.189998626708984,35.279998779296875,2676,0.0,0.0
2024-02-09 12:30:00-05:00,35.22999954223633,35.29999923706055,35.22999954223633,35.26499938964844,737,0.0,0.0
2024-02-09 13:30:00-05:00,35.30799865722656,35.30799865722656,35.209999084472656,35.30500030517578,2602,0.0,0.0
2024-02-09 15:30:00-05:00,35.21500015258789,35.2599983215332,35.21500015258789,35.2599983215332,1774,0.0,0.0
2024-02-12 09:30:00-05:00,35.47999954223633,35.88999938964844,35.369998931884766,35.619998931884766,0,0.0,0.0
2024-02-12 10:30:00-05:00,35.94990158081055,35.94990158081055,35.93989944458008,35.93989944458008,661,0.0,0.0
2024-02-12 11:30:00-05:00,35.93989944458008,35.93989944458008,35.88999938964844,35.923500061035156,1281,0.0,0.0
2024-02-12 12:30:00-05:00,35.904998779296875,35.99879837036133,35.849998474121094,35.998600006103516,2105,0.0,0.0
2024-02-12 13:30:00-05:00,36.0,36.06420135498047,36.0,36.02119827270508,1246,0.0,0.0
2024-02-12 14:30:00-05:00,36.02000045776367,36.029998779296875,35.920101165771484,35.920101165771484,5169,0.0,0.0
2024-02-12 15:30:00-05:00,35.939998626708984,35.99039840698242,35.939998626708984,35.939998626708984,876,0.0,0.0
2024-02-13 09:30:00-05:00,35.900001525878906,35.900001525878906,35.58000183105469,35.63999938964844,0,0.0,0.0
2024-02-13 10:30:00-05:00,35.66999816894531,35.79990005493164,35.66999816894531,35.75,607,0.0,0.0
2024-02-13 11:30:00-05:00,35.790000915527344,35.79999923706055,35.75,35.75,1821,0.0,0.0
2024-02-13 12:30:00-05:00,35.76499938964844,35.810001373291016,35.709999084472656,35.810001373291016,1716,0.0,0.0
2024-02-13 13:30:00-05:00,35.810001373291016,35.810001373291016,35.66999816894531,35.77000045776367,2775,0.0,0.0
2024-02-13 14:30:00-05:00,35.69499969482422,35.69499969482422,35.505001068115234,35.5099983215332,5188,0.0,0.0
2024-02-13 15:30:00-05:00,35.470001220703125,35.5099983215332,35.470001220703125,35.47999954223633,1703,0.0,0.0
2024-02-14 09:30:00-05:00,35.58000183105469,35.814300537109375,35.5,35.5,0,0.0,0.0
2024-02-14 10:30:00-05:00,35.56999969482422,35.56999969482422,35.541099548339844,35.541099548339844,635,0.0,0.0
2024-02-14 12:30:00-05:00,35.52000045776367,35.7598991394043,35.52000045776367,35.7598991394043,729,0.0,0.0
2024-02-14 13:30:00-05:00,35.380001068115234,35.380001068115234,35.380001068115234,35.380001068115234,141,0.0,0.0
2024-02-14 14:30:00-05:00,35.41999816894531,35.54999923706055,35.380001068115234,35.380001068115234,2882,0.0,0.0
2024-02-14 15:30:00-05:00,35.459999084472656,35.54999923706055,35.39970016479492,35.540000915527344,1745,0.0,0.0
2024-02-15 09:30:00-05:00,35.43000030517578,36.060699462890625,35.43000030517578,35.900001525878906,0,0.0,0.0
2024-02-15 10:30:00-05:00,35.88010025024414,36.088600158691406,35.880001068115234,36.04999923706055,6440,0.0,0.0
2024-02-15 11:30:00-05:00,36.04999923706055,36.06999969482422,36.04999923706055,36.06999969482422,984,0.0,0.0
2024-02-15 12:30:00-05:00,36.14500045776367,36.25,36.14500045776367,36.244998931884766,9447,0.0,0.0
2024-02-15 13:30:00-05:00,36.29999923706055,36.34000015258789,36.21500015258789,36.279998779296875,7365,0.0,0.0
2024-02-15 14:30:00-05:00,36.279998779296875,36.35499954223633,36.22999954223633,36.22999954223633,11760,0.0,0.0
2024-02-15 15:30:00-05:00,36.279998779296875,36.290000915527344,36.209999084472656,36.209999084472656,7367,0.0,0.0
2024-02-16 09:30:00-05:00,36.20000076293945,36.36690139770508,36.20000076293945,36.310001373291016,0,0.0,0.0
2024-02-16 10:30:00-05:00,36.33000183105469,36.4900016784668,36.28499984741211,36.470001220703125,10743,0.0,0.0
2024-02-16 11:30:00-05:00,36.47999954223633,36.61000061035156,36.47999954223633,36.61000061035156,27533,0.0,0.0
2024-02-16 12:30:00-05:00,36.599998474121094,36.67499923706055,36.599998474121094,36.650001525878906,4451,0.0,0.0
2024-02-16 13:30:00-05:00,36.67399978637695,36.709999084472656,36.66999816894531,36.68000030517578,5970,0.0,0.0
2024-02-16 14:30:00-05:00,36.709999084472656,36.720001220703125,36.689998626708984,36.70000076293945,12179,0.0,0.0
2024-02-16 15:30:00-05:00,36.70000076293945,36.70000076293945,36.56999969482422,36.56999969482422,7518,0.0,0.0
2024-02-20 09:30:00-05:00,36.540000915527344,36.7400016784668,36.540000915527344,36.709999084472656,0,0.0,0.0
2024-02-20 10:30:00-05:00,36.70970153808594,36.70970153808594,36.70970153808594,36.70970153808594,291,0.0,0.0
2024-02-20 11:30:00-05:00,36.66999816894531,36.849998474121094,36.66999816894531,36.849998474121094,3516,0.0,0.0
2024-02-20 12:30:00-05:00,36.970001220703125,36.980899810791016,36.90999984741211,36.90999984741211,8739,0.0,0.0
2024-02-20 13:30:00-05:00,36.91999816894531,36.91999816894531,36.91999816894531,36.91999816894531,319,0.0,0.0
2024-02-20 14:30:00-05:00,36.88999938964844,36.93989944458008,36.880001068115234,36.900001525878906,7087,0.0,0.0
2024-02-20 15:30:00-05:00,36.91999816894531,36.91999816894531,36.869998931884766,36.900001525878906,7064,0.0,0.0
2024-02-21 09:30:00-05:00,36.34000015258789,36.790000915527344,36.15999984741211,36.78990173339844,5639,0.0,0.0
2024-02-21 10:30:00-05:00,36.779998779296875,36.979801177978516,36.779998779296875,36.979801177978516,1030,0.0,0.0
2024-02-21 11:30:00-05:00,36.86899948120117,36.9900016784668,36.86899948120117,36.9630012512207,9255,0.0,0.0
2024-02-21 12:30:00-05:00,36.95000076293945,36.9900016784668,36.935001373291016,36.9900016784668,1571,0.0,0.0
2024-02-21 13:30:00-05:00,36.9900016784668,37.060001373291016,36.96500015258789,37.040000915527344,6980,0.0,0.0
2024-02-21 14:30:00-05:00,37.01620101928711,37.059898376464844,36.849998474121094,36.85169982910156,10085,0.0,0.0
2024-02-21 15:30:00-05:00,36.845001220703125,36.90999984741211,36.779998779296875,36.790000915527344,14868,0.0,0.0
2024-02-22 09:30:00-05:00,36.70000076293945,37.15999984741211,36.70000076293945,37.04999923706055,0,0.0,0.0
2024-02-22 10:30:00-05:00,37.05500030517578,37.05500030517578,37.041900634765625,37.041900634765625,767,0.0,0.0
2024-02-22 11:30:00-05:00,37.095001220703125,37.209999084472656,37.095001220703125,37.209999084472656,5408,0.0,0.0
2024-02-22 12:30:00-05:00,37.209999084472656,37.38999938964844,37.20100021362305,37.29999923706055,4505,0.0,0.0
2024-02-22 13:30:00-05:00,37.279998779296875,37.4900016784668,37.25,37.4900016784668,1679,0.0,0.0
2024-02-22 14:30:00-05:00,37.470001220703125,37.479698181152344,37.38999938964844,37.400001525878906,6266,0.0,0.0
2024-02-22 15:30:00-05:00,37.410099029541016,37.43000030517578,37.33039855957031,37.400001525878906,5925,0.0,0.0
2024-02-23 09:30:00-05:00,37.22999954223633,37.439998626708984,37.21500015258789,37.400001525878906,0,0.0,0.0
2024-02-23 10:30:00-05:00,37.435001373291016,37.52909851074219,37.400001525878906,37.400001525878906,3065,0.0,0.0
2024-02-23 11:30:00-05:00,37.38119888305664,37.45000076293945,37.380001068115234,37.43000030517578,5235,0.0,0.0
2024-02-23 12:30:00-05:00,37.4379997253418,37.470001220703125,37.410099029541016,37.470001220703125,7460,0.0,0.0
2024-02-23 13:30:00-05:00,37.4900016784668,37.560001373291016,37.46500015258789,37.4900016784668,2837,0.0,0.0
2024-02-23 14:30:00-05:00,37.42499923706055,37.470001220703125,37.348899841308594,37.348899841308594,3217,0.0,0.0
2024-02-23 15:30:00-05:00,37.33000183105469,37.36000061035156,37.32379913330078,37.33000183105469,3496,0.0,0.0
2024-02-26 09:30:00-05:00,37.27000045776367,37.400001525878906,37.20000076293945,37.34000015258789,0,0.0,0.0
2024-02-26 10:30:00-05:00,37.34000015258789,37.42499923706055,37.339900970458984,37.42499923706055,1199,0.0,0.0
2024-02-26 11:30:00-05:00,37.37369918823242,37.37369918823242,37.29999923706055,37.349998474121094,5603,0.0,0.0
2024-02-26 12:30:00-05:00,37.36000061035156,37.41999816894531,37.31999969482422,37.31999969482422,6376,0.0,0.0
2024-02-26 13:30:00-05:00,37.3130989074707,37.439998626708984,37.3130989074707,37.400001525878906,3232,0.0,0.0
2024-02-26 14:30:00-05:00,37.40999984741211,37.56999969482422,37.369998931884766,37.560001373291016,7329,0.0,0.0
2024-02-26 15:30:00-05:00,37.560001373291016,37.650001525878906,37.47999954223633,37.540000915527344,6758,0.0,0.0
2024-02-27 09:30:00-05:00,37.529998779296875,37.75,37.529998779296875,37.685001373291016,0,0.0,0.0
2024-02-27 10:30:00-05:00,37.685001373291016,37.685001373291016,37.61000061035156,37.63840103149414,3195,0.0,0.0
2024-02-27 11:30:00-05:00,37.599998474121094,37.630001068115234,37.54999923706055,37.54999923706055,1699,0.0,0.0
2024-02-27 12:30:00-05:00,37.52000045776367,37.63999938964844,37.52000045776367,37.630001068115234,1340,0.0,0.0
2024-02-27 13:30:00-05:00,37.52009963989258,37.70000076293945,37.52009963989258,37.619998931884766,889,0.0,0.0
2024-02-27 14:30:00-05:00,37.52190017700195,37.619998931884766,37.4900016784668,37.4900016784668,3150,0.0,0.0
2024-02-27 15:30:00-05:00,37.540000915527344,37.59000015258789,37.5,37.5,3138,0.0,0.0
2024-02-28 09:30:00-05:00,37.43000030517578,37.59000015258789,37.22999954223633,37.54999923706055,0,0.0,0.0
2024-02-28 10:30:00-05:00,37.62919998168945,37.62919998168945,37.400001525878906,37.400001525878906,2293,0.0,0.0
2024-02-28 11:30:00-05:00,37.369998931884766,37.369998931884766,37.290000915527344,37.31999969482422,1979,0.0,0.0
2024-02-28 12:30:00-05:00,37.31999969482422,37.31999969482422,37.2599983215332,37.2599983215332,2066,0.0,0.0
2024-02-28 13:30:00-05:00,37.31999969482422,37.31999969482422,37.189998626708984,37.189998626708984,2137,0.0,0.0
2024-02-28 14:30:00-05:00,37.189998626708984,37.20000076293945,37.040000915527344,37.040000915527344,8013,0.0,0.0
2024-02-28 15:30:00-05:00,37.040000915527344,37.040000915527344,36.88999938964844,36.939998626708984,12653,0.0,0.0
2024-02-29 09:30:00-05:00,36.959999084472656,37.41960144042969,36.959999084472656,37.305999755859375,0,0.0,0.0
2024-02-29 10:30:00-05:00,37.32500076293945,37.44179916381836,37.230098724365234,37.44179916381836,9695,0.0,0.0
2024-02-29 11:30:00-05:00,37.4109992980957,37.4109992980957,37.29999923706055,37.29999923706055,2833,0.0,0.0
2024-02-29 12:30:00-05:00,37.3650016784668,37.422298431396484,37.34000015258789,37.34000015258789,930,0.0,0.0
2024-02-29 13:30:00-05:00,37.334999084472656,37.34000015258789,37.310001373291016,37.334999084472656,620,0.0,0.0
2024-02-29 14:30:00-05:00,37.279998779296875,37.2942008972168,37.11199951171875,37.14500045776367,8979,0.0,0.0
2024-02-29 15:30:00-05:00,37.14500045776367,37.20000076293945,37.130001068115234,37.13999938964844,13953,0.0,0.0
2024-03-01 09:30:00-05:00,37.18000030517578,37.75,37.18000030517578,37.4900016784668,0,0.0,0.0
2024-03-01 10:30:00-05:00,37.4900016784668,37.709999084472656,37.4900016784668,37.709999084472656,2131,0.0,0.0
2024-03-01 11:30:00-05:00,37.66999816894531,37.66999816894531,37.63999938964844,37.63999938964844,200,0.0,0.0
2024-03-01 12:30:00-05:00,37.68000030517578,37.849998474121094,37.68000030517578,37.849998474121094,2003,0.0,0.0
2024-03-01 13:30:00-05:00,37.8650016784668,37.8650016784668,37.859500885009766,37.8650016784668,1085,0.0,0.0
2024-03-01 14:30:00-05:00,37.720001220703125,37.775001525878906,37.720001220703125,37.74100112915039,1923,0.0,0.0
2024-03-01 15:30:00-05:00,37.720001220703125,37.720001220703125,37.65999984741211,37.65999984741211,1066,0.0,0.0
2024-03-04 09:30:00-05:00,37.56999969482422,37.74549865722656,37.220001220703125,37.689998626708984,0,0.0,0.0
2024-03-04 10:30:00-05:00,37.7692985534668,37.786399841308594,37.720001220703125,37.75,1839,0.0,0.0
2024-03-04 11:30:00-05:00,37.7599983215332,37.814998626708984,37.75,37.814998626708984,1262,0.0,0.0
2024-03-04 12:30:00-05:00,37.810001373291016,37.849998474121094,37.77000045776367,37.84000015258789,1262,0.0,0.0
2024-03-04 13:30:00-05:00,37.84000015258789,37.9900016784668,37.81999969482422,37.869998931884766,2504,0.0,0.0
2024-03-04 14:30:00-05:00,37.83000183105469,37.8849983215332,37.79100036621094,37.79100036621094,1523,0.0,0.0
2024-03-04 15:30:00-05:00,37.790000915527344,37.79999923706055,37.75,37.79999923706055,2339,0.0,0.0
2024-03-05 09:30:00-05:00,37.939998626708984,38.104000091552734,37.939998626708984,38.104000091552734,4273,0.0,0.0
2024-03-05 10:30:00-05:00,38.31740188598633,38.31740188598633,38.18000030517578,38.18000030517578,0,0.0,0.0
2024-03-05 11:30:00-05:00,38.28779983520508,38.358299255371094,38.28779983520508,38.358299255371094,6619,0.0,0.0
2024-03-05 12:30:00-05:00,38.279998779296875,38.349998474121094,38.279998779296875,38.349998474121094,1337,0.0,0.0
2024-03-05 13:30:00-05:00,38.285301208496094,38.285301208496094,38.260101318359375,38.260101318359375,1011,0.0,0.0
2024-03-05 14:30:00-05:00,38.334999084472656,38.33940124511719,38.2599983215332,38.27000045776367,2826,0.0,0.0
2024-03-05 15:30:00-05:00,38.23210144042969,38.33340072631836,38.23210144042969,38.290000915527344,2100,0.0,0.0
2024-03-06 09:30:00-05:00,38.689998626708984,38.75,38.560001373291016,38.75,0,0.0,0.0
2024-03-06 10:30:00-05:00,38.71500015258789,38.79999923706055,38.67940139770508,38.67940139770508,1033,0.0,0.0
2024-03-06 11:30:00-05:00,38.86000061035156,38.93000030517578,38.79999923706055,38.84370040893555,2483,0.0,0.0
2024-03-06 12:30:00-05:00,38.82500076293945,38.90999984741211,38.82500076293945,38.90999984741211,4437,0.0,0.0
2024-03-06 13:30:00-05:00,38.90999984741211,38.90999984741211,38.720298767089844,38.720298767089844,3251,0.0,0.0
2024-03-06 14:30:00-05:00,38.76599884033203,38.80500030517578,38.76599884033203,38.80500030517578,1173,0.0,0.0
2024-03-06 15:30:00-05:00,38.70000076293945,38.70000076293945,38.65999984741211,38.65999984741211,377,0.0,0.0
2024-03-07 09:30:00-05:00,38.81999969482422,38.869998931884766,38.709999084472656,38.849998474121094,0,0.0,0.0
2024-03-07 10:30:00-05:00,38.86000061035156,38.86000061035156,38.86000061035156,38.86000061035156,532,0.0,0.0
2024-03-07 11:30:00-05:00,38.720001220703125,38.87419891357422,38.68009948730469,38.87419891357422,1002,0.0,0.0
2024-03-07 12:30:00-05:00,38.92219924926758,38.92219924926758,38.92219924926758,38.92219924926758,129,0.0,0.0
2024-03-07 13:30:00-05:00,38.83250045776367,38.83250045776367,38.78419876098633,38.78419876098633,1878,0.0,0.0
2024-03-07 14:30:00-05:00,38.7401008605957,38.81999969482422,38.70000076293945,38.742000579833984,2122,0.0,0.0
2024-03-07 15:30:00-05:00,38.759700775146484,38.759700775146484,38.66999816894531,38.66999816894531,3841,0.0,0.0
2024-03-08 09:30:00-05:00,38.84000015258789,38.84000015258789,38.61000061035156,38.84000015258789,0,0.0,0.0
2024-03-08 10:30:00-05:00,38.56999969482422,38.56999969482422,38.56999969482422,38.56999969482422,104,0.0,0.0
2024-03-08 11:30:00-05:00,38.56999969482422,38.56999969482422,38.5,38.5,1130,0.0,0.0
2024-03-08 12:30:00-05:00,38.5,38.5,38.49250030517578,38.49250030517578,618,0.0,0.0
2024-03-08 13:30:00-05:00,38.4900016784668,38.4900016784668,38.400001525878906,38.44900131225586,2385,0.0,0.0
2024-03-08 14:30:00-05:00,38.45000076293945,38.459999084472656,38.415000915527344,38.43000030517578,8750,0.0,0.0
2024-03-08 15:30:00-05:00,38.40999984741211,38.40999984741211,38.36000061035156,38.36000061035156,4450,0.0,0.0
2024-03-11 09:30:00-04:00,38.2599983215332,38.40999984741211,38.2599983215332,38.29999923706055,0,0.0,0.0
2024-03-11 10:30:00-04:00,38.43000030517578,38.43000030517578,38.43000030517578,38.43000030517578,156,0.0,0.0
2024-03-11 11:30:00-04:00,38.40530014038086,38.54990005493164,38.40530014038086,38.417999267578125,805,0.0,0.0
2024-03-11 12:30:00-04:00,38.525001525878906,38.525001525878906,38.492000579833984,38.492000579833984,780,0.0,0.0
2024-03-11 13:30:00-04:00,38.45000076293945,38.54999923706055,38.45000076293945,38.54999923706055,1256,0.0,0.0
2024-03-11 14:30:00-04:00,38.5,38.599998474121094,38.5,38.599998474121094,2843,0.0,0.0
2024-03-11 15:30:00-04:00,38.58000183105469,38.58000183105469,38.540000915527344,38.56999969482422,747,0.0,0.0
2024-03-12 09:30:00-04:00,38.470001220703125,38.599998474121094,38.470001220703125,38.54999923706055,0,0.0,0.0
2024-03-12 10:30:00-04:00,38.61069869995117,38.685001373291016,38.61069869995117,38.641300201416016,813,0.0,0.0
2024-03-12 11:30:00-04:00,38.65420150756836,38.69499969482422,38.65420150756836,38.69499969482422,1267,0.0,0.0
2024-03-12 12:30:00-04:00,38.70000076293945,38.71500015258789,38.599998474121094,38.625999450683594,5084,0.0,0.0
2024-03-12 13:30:00-04:00,38.75,38.79349899291992,38.75,38.79349899291992,2381,0.0,0.0
2024-03-12 14:30:00-04:00,38.7599983215332,38.790000915527344,38.75,38.790000915527344,5546,0.0,0.0
2024-03-12 15:30:00-04:00,38.790000915527344,38.81999969482422,38.7599983215332,38.7599983215332,3517,0.0,0.0
2024-03-13 09:30:00-04:00,38.97999954223633,39.27000045776367,38.95000076293945,39.27000045776367,0,0.0,0.0
2024-03-13 10:30:00-04:00,39.16270065307617,39.16270065307617,39.16270065307617,39.16270065307617,802,0.0,0.0
2024-03-13 11:30:00-04:00,39.19340133666992,39.19340133666992,39.10639953613281,39.1150016784668,476,0.0,0.0
2024-03-13 12:30:00-04:00,39.057498931884766,39.20000076293945,39.0,39.060001373291016,1617,0.0,0.0
2024-03-13 13:30:00-04:00,39.16999816894531,39.16999816894531,39.037498474121094,39.037498474121094,917,0.0,0.0
2024-03-13 14:30:00-04:00,39.051998138427734,39.051998138427734,38.970001220703125,38.9900016784668,2740,0.0,0.0
2024-03-13 15:30:00-04:00,38.97999954223633,39.02000045776367,38.959999084472656,39.02000045776367,820,0.0,0.0
2024-03-14 09:30:00-04:00,38.970001220703125,38.970001220703125,38.81999969482422,38.81999969482422,0,0.0,0.0
2024-03-14 10:30:00-04:00,38.709999084472656,38.709999084472656,38.390098571777344,38.5,3280,0.0,0.0
2024-03-14 11:30:00-04:00,38.42190170288086,38.5099983215332,38.41999816894531,38.5,2428,0.0,0.0
2024-03-14 12:30:00-04:00,38.45000076293945,38.459999084472656,38.439998626708984,38.439998626708984,700,0.0,0.0
2024-03-14 13:30:00-04:00,38.43000030517578,38.47999954223633,38.40999984741211,38.40999984741211,1979,0.0,0.0
2024-03-14 14:30:00-04:00,38.36000061035156,38.40999984741211,38.25,38.25,3833,0.0,0.0
2024-03-14 15:30:00-04:00,38.2400016784668,38.2400016784668,38.16999816894531,38.2400016784668,2931,0.0,0.0
2024-03-15 09:30:00-04:00,38.189998626708984,38.619998931884766,38.189998626708984,38.51499938964844,0,0.0,0.0
2024-03-15 10:30:00-04:00,38.5099983215332,38.63999938964844,38.5,38.525001525878906,2179,0.0,0.0
2024-03-15 11:30:00-04:00,38.63990020751953,38.64970016479492,38.550899505615234,38.64970016479492,2892,0.0,0.0
2024-03-15 12:30:00-04:00,38.52830123901367,38.650001525878906,38.52830123901367,38.650001525878906,1771,0.0,0.0
2024-03-15 13:30:00-04:00,38.75,38.81999969482422,38.72999954223633,38.77000045776367,1385,0.0,0.0
2024-03-15 14:30:00-04:00,38.689998626708984,38.790000915527344,38.689998626708984,38.7599983215332,1533,0.0,0.0
2024-03-15 15:30:00-04:00,38.77000045776367,38.77000045776367,38.65999984741211,38.75,5306,0.0,0.0
2024-03-18 09:30:00-04:00,38.88999938964844,39.0,38.75,38.75,0,0.0,0.0
2024-03-18 10:30:00-04:00,38.84000015258789,38.919898986816406,38.84000015258789,38.919898986816406,411,0.0,0.0
2024-03-18 11:30:00-04:00,38.81999969482422,38.824798583984375,38.790000915527344,38.79499816894531,3052,0.0,0.0
2024-03-18 12:30:00-04:00,38.85499954223633,38.85749816894531,38.79130172729492,38.85749816894531,2357,0.0,0.0
2024-03-18 13:30:00-04:00,38.86000061035156,38.970001220703125,38.86000061035156,38.93000030517578,3908,0.0,0.0
2024-03-18 14:30:00-04:00,38.939998626708984,39.0099983215332,38.915000915527344,38.940101623535156,2305,0.0,0.0
2024-03-18 15:30:00-04:00,38.974998474121094,39.0,38.90999984741211,38.90999984741211,5496,0.0,0.0
2024-03-19 09:30:00-04:00,39.04999923706055,39.06999969482422,39.0099983215332,39.0099983215332,0,0.0,0.0
2024-03-19 10:30:00-04:00,39.02000045776367,39.189998626708984,39.0099983215332,39.130001068115234,1137,0.0,0.0
2024-03-19 11:30:00-04:00,39.19499969482422,39.29999923706055,39.0994987487793,39.29999923706055,4710,0.0,0.0
2024-03-19 12:30:00-04:00,39.224998474121094,39.31999969482422,39.224998474121094,39.31999969482422,3473,0.0,0.0
2024-03-19 13:30:00-04:00,39.310001373291016,39.380001068115234,39.220001220703125,39.310001373291016,10700,0.0,0.0
2024-03-19 14:30:00-04:00,39.283199310302734,39.380001068115234,39.25,39.290000915527344,2614,0.0,0.0
2024-03-19 15:30:00-04:00,39.25,39.349998474121094,39.25,39.33000183105469,2911,0.0,0.0
2024-03-20 09:30:00-04:00,39.33000183105469,39.470001220703125,39.33000183105469,39.470001220703125,0,0.0,0.0
2024-03-20 10:30:00-04:00,39.369998931884766,39.59000015258789,39.369998931884766,39.43000030517578,1010,0.0,0.0
2024-03-20 11:30:00-04:00,39.45000076293945,39.49440002441406,39.40999984741211,39.459999084472656,828,0.0,0.0
2024-03-20 12:30:00-04:00,39.43069839477539,39.53030014038086,39.43069839477539,39.53030014038086,2891,0.0,0.0
2024-03-20 13:30:00-04:00,39.505001068115234,39.619998931884766,39.505001068115234,39.619998931884766,2059,0.0,0.0
2024-03-20 14:30:00-04:00,39.529998779296875,39.83150100708008,39.529998779296875,39.66999816894531,1870,0.0,0.0
2024-03-20 15:30:00-04:00,39.64899826049805,39.64899826049805,39.58000183105469,39.61000061035156,3882,0.0,0.0
2024-03-21 09:30:00-04:00,39.5099983215332,39.85260009765625,39.40999984741211,39.7599983215332,0,0.0,0.0
2024-03-21 10:30:00-04:00,39.7599983215332,39.869998931884766,39.7599983215332,39.86000061035156,2760,0.0,0.0
2024-03-21 11:30:00-04:00,39.86000061035156,39.90999984741211,39.790000915527344,39.81999969482422,3833,0.0,0.0
2024-03-21 12:30:00-04:00,39.79999923706055,39.98910140991211,39.79999923706055,39.8650016784668,2954,0.0,0.0
2024-03-21 13:30:00-04:00,39.810001373291016,39.83000183105469,39.790000915527344,39.83000183105469,1007,0.0,0.0
2024-03-21 14:30:00-04:00,39.790000915527344,39.95000076293945,39.790000915527344,39.95000076293945,2533,0.0,0.0
2024-03-21 15:30:00-04:00,39.959999084472656,39.959999084472656,39.900001525878906,39.900001525878906,1804,0.0,0.0
2024-03-22 09:30:00-04:00,39.900001525878906,39.95500183105469,39.72999954223633,39.89500045776367,0,0.0,0.0
2024-03-22 10:30:00-04:00,39.85499954223633,39.85499954223633,39.65999984741211,39.65999984741211,1692,0.0,0.0
2024-03-22 11:30:00-04:00,39.66999816894531,39.66999816894531,39.65999984741211,39.65999984741211,1132,0.0,0.0
2024-03-22 12:30:00-04:00,39.65999984741211,39.75,39.65999984741211,39.720001220703125,2430,0.0,0.0
2024-03-22 13:30:00-04:00,39.720001220703125,39.720001220703125,39.66999816894531,39.720001220703125,1507,0.0,0.0
2024-03-22 14:30:00-04:00,39.709999084472656,39.805599212646484,39.70000076293945,39.790000915527344,1914,0.0,0.0
2024-03-22 15:30:00-04:00,39.75,39.77000045776367,39.709999084472656,39.709999084472656,3070,0.0,0.0
2024-03-25 09:30:00-04:00,39.70000076293945,40.11000061035156,39.70000076293945,40.11000061035156,0,0.0,0.0
2024-03-25 10:30:00-04:00,40.06880187988281,40.09000015258789,39.992401123046875,39.992401123046875,1000,0.0,0.0
2024-03-25 11:30:00-04:00,40.172698974609375,40.172698974609375,40.04819869995117,40.04819869995117,993,0.0,0.0
2024-03-25 12:30:00-04:00,39.97999954223633,39.97999954223633,39.91999816894531,39.91999816894531,2111,0.0,0.0
2024-03-25 14:30:00-04:00,39.9379997253418,39.9379997253418,39.880001068115234,39.880001068115234,819,0.0,0.0
2024-03-25 15:30:00-04:00,39.9900016784668,40.0,39.790000915527344,39.790000915527344,1025,0.0,0.0
2024-03-26 09:30:00-04:00,39.93000030517578,39.964298248291016,39.65010070800781,39.814998626708984,3406,0.0,0.0
2024-03-26 10:30:00-04:00,39.654300689697266,39.834999084472656,39.654300689697266,39.834999084472656,1210,0.0,0.0
2024-03-26 11:30:00-04:00,39.753700256347656,39.88999938964844,39.72999954223633,39.72999954223633,3722,0.0,0.0
2024-03-26 12:30:00-04:00,39.880001068115234,39.90999984741211,39.84000015258789,39.84000015258789,3491,0.0,0.0
2024-03-26 14:30:00-04:00,39.730098724365234,39.849998474121094,39.730098724365234,39.849998474121094,1627,0.0,0.0
2024-03-26 15:30:00-04:00,39.849998474121094,39.900001525878906,39.84000015258789,39.900001525878906,2267,0.0,0.0
2024-03-27 09:30:00-04:00,40.029998779296875,40.029998779296875,39.81999969482422,39.81999969482422,4212,0.0,0.0
2024-03-27 10:30:00-04:00,39.809200286865234,39.849998474121094,39.79399871826172,39.845001220703125,725,0.0,0.0
2024-03-27 11:30:00-04:00,39.849998474121094,39.849998474121094,39.81999969482422,39.81999969482422,1018,0.0,0.0
2024-03-27 12:30:00-04:00,39.869998931884766,39.869998931884766,39.81999969482422,39.84600067138672,2373,0.0,0.0
2024-03-27 13:30:00-04:00,39.8849983215332,39.8849983215332,39.81999969482422,39.81999969482422,1200,0.0,0.0
2024-03-27 14:30:00-04:00,39.8849983215332,39.8849983215332,39.87009811401367,39.8849983215332,1583,0.0,0.0
2024-03-27 15:30:00-04:00,39.8849983215332,40.029998779296875,39.87409973144531,40.029998779296875,4265,0.0,0.0
2024-03-28 09:30:00-04:00,40.11000061035156,40.33000183105469,40.11000061035156,40.29999923706055,0,0.0,0.0
2024-03-28 10:30:00-04:00,40.33000183105469,40.33000183105469,40.33000183105469,40.33000183105469,5744,0.0,0.0
2024-03-28 11:30:00-04:00,40.50870132446289,40.50870132446289,40.50870132446289,40.50870132446289,458,0.0,0.0
2024-03-28 12:30:00-04:00,40.650299072265625,40.75,40.650299072265625,40.749000549316406,633,0.0,0.0
2024-03-28 13:30:00-04:00,40.75,40.84000015258789,40.75,40.779998779296875,2228,0.0,0.0
2024-03-28 14:30:00-04:00,40.70399856567383,40.709999084472656,40.672000885009766,40.70130157470703,1255,0.0,0.0
2024-03-28 15:30:00-04:00,40.81999969482422,40.81999969482422,40.630001068115234,40.630001068115234,2207,0.0,0.0
2024-04-01 09:30:00-04:00,40.7400016784668,40.7400016784668,40.59000015258789,40.654998779296875,0,0.0,0.0
2024-04-01 10:30:00-04:00,40.61000061035156,40.86000061035156,40.60020065307617,40.86000061035156,2612,0.0,0.0
2024-04-01 11:30:00-04:00,40.86000061035156,40.86000061035156,40.76499938964844,40.76499938964844,1602,0.0,0.0
2024-04-01 13:30:00-04:00,40.709999084472656,40.709999084472656,40.63999938964844,40.650001525878906,5958,0.0,0.0
2024-04-01 14:30:00-04:00,40.685001373291016,40.685001373291016,40.685001373291016,40.685001373291016,169,0.0,0.0
2024-04-01 15:30:00-04:00,40.67499923706055,40.67499923706055,40.599998474121094,40.61000061035156,962,0.0,0.0
2024-04-02 09:30:00-04:00,40.650001525878906,40.814998626708984,40.630001068115234,40.70000076293945,0,0.0,0.0
2024-04-02 10:30:00-04:00,40.75,40.79999923706055,40.709999084472656,40.750999450683594,2389,0.0,0.0
2024-04-02 11:30:00-04:00,40.779998779296875,40.845001220703125,40.7400016784668,40.79999923706055,5240,0.0,0.0
2024-04-02 12:30:00-04:00,40.779998779296875,40.834999084472656,40.779998779296875,40.779998779296875,1760,0.0,0.0
2024-04-02 13:30:00-04:00,40.76499938964844,40.790000915527344,40.76499938964844,40.790000915527344,735,0.0,0.0
2024-04-02 14:30:00-04:00,40.81919860839844,40.900001525878906,40.650001525878906,40.880001068115234,14385,0.0,0.0
2024-04-02 15:30:00-04:00,40.76499938964844,40.790000915527344,40.7400016784668,40.7599983215332,2919,0.0,0.0
2024-04-03 09:30:00-04:00,40.869998931884766,41.31999969482422,40.849998474121094,41.18000030517578,0,0.0,0.0
2024-04-03 11:30:00-04:00,41.349998474121094,41.36119842529297,41.349998474121094,41.36119842529297,957,0.0,0.0
2024-04-03 12:30:00-04:00,41.4900016784668,41.49729919433594,41.400001525878906,41.494998931884766,3146,0.0,0.0
2024-04-03 13:30:00-04:00,41.430999755859375,41.430999755859375,41.43000030517578,41.43000030517578,595,0.0,0.0
2024-04-03 14:30:00-04:00,41.529998779296875,41.55799865722656,41.36000061035156,41.36000061035156,6016,0.0,0.0
2024-04-03 15:30:00-04:00,41.38999938964844,41.38999938964844,41.369998931884766,41.369998931884766,522,0.0,0.0
2024-04-04 09:30:00-04:00,41.7400016784668,41.87990188598633,41.43000030517578,41.849998474121094,0,0.0,0.0
2024-04-04 10:30:00-04:00,41.670101165771484,41.84960174560547,41.670101165771484,41.79999923706055,1204,0.0,0.0
2024-04-04 11:30:00-04:00,41.79999923706055,41.83000183105469,41.744998931884766,41.790000915527344,1004,0.0,0.0
2024-04-04 12:30:00-04:00,41.790000915527344,41.84000015258789,41.75,41.84000015258789,5339,0.0,0.0
2024-04-04 13:30:00-04:00,41.832000732421875,41.90039825439453,41.83000183105469,41.900001525878906,3717,0.0,0.0
2024-04-04 14:30:00-04:00,41.83000183105469,41.849998474121094,41.5,41.5,6704,0.0,0.0
2024-04-04 15:30:00-04:00,41.459999084472656,41.459999084472656,41.21689987182617,41.380001068115234,2304,0.0,0.0
2024-04-05 09:30:00-04:00,41.34000015258789,41.3650016784668,40.720001220703125,41.0099983215332,2004,0.0,0.0
2024-04-05 10:30:00-04:00,40.91999816894531,41.029998779296875,40.84000015258789,41.029998779296875,1785,0.0,0.0
2024-04-05 11:30:00-04:00,41.06999969482422,41.319801330566406,41.06999969482422,41.25,717,0.0,0.0
2024-04-05 12:30:00-04:00,41.36840057373047,41.36840057373047,41.29999923706055,41.29999923706055,1359,0.0,0.0
2024-04-05 13:30:00-04:00,41.25,41.29999923706055,41.22999954223633,41.29999923706055,1697,0.0,0.0
2024-04-05 14:30:00-04:00,41.2400016784668,41.2400016784668,41.22999954223633,41.22999954223633,800,0.0,0.0
2024-04-05 15:30:00-04:00,41.22999954223633,41.31999969482422,41.20000076293945,41.31999969482422,4109,0.0,0.0
2024-04-08 09:30:00-04:00,41.29999923706055,41.65999984741211,41.29999923706055,41.5,10841,0.0,0.0
2024-04-08 10:30:00-04:00,41.5,41.9900016784668,41.38999938964844,41.38999938964844,3963,0.0,0.0
2024-04-08 11:30:00-04:00,41.52920150756836,41.81999969482422,41.52920150756836,41.600101470947266,2417,0.0,0.0
2024-04-08 12:30:00-04:00,41.709999084472656,41.709999084472656,41.599998474121094,41.599998474121094,1399,0.0,0.0
2024-04-08 13:30:00-04:00,41.45000076293945,41.45000076293945,41.380001068115234,41.380001068115234,4817,0.0,0.0
2024-04-08 14:30:00-04:00,41.63999938964844,41.64799880981445,41.63999938964844,41.63999938964844,925,0.0,0.0
2024-04-08 15:30:00-04:00,41.525001525878906,41.529998779296875,41.400001525878906,41.400001525878906,963,0.0,0.0
2024-04-09 09:30:00-04:00,41.45000076293945,41.61000061035156,41.43000030517578,41.459999084472656,0,0.0,0.0
2024-04-09 10:30:00-04:00,41.39500045776367,41.4900016784668,41.31700134277344,41.41999816894531,5444,0.0,0.0
2024-04-09 11:30:00-04:00,41.38999938964844,41.47999954223633,41.29999923706055,41.400001525878906,7628,0.0,0.0
2024-04-09 13:30:00-04:00,41.24480056762695,41.24480056762695,41.24480056762695,41.24480056762695,204,0.0,0.0
2024-04-09 14:30:00-04:00,41.26499938964844,41.26499938964844,41.15999984741211,41.15999984741211,337,0.0,0.0
2024-04-09 15:30:00-04:00,41.150001525878906,41.310001373291016,41.13999938964844,41.310001373291016,1196,0.0,0.0
2024-04-10 09:30:00-04:00,40.97999954223633,40.97999954223633,40.54999923706055,40.900001525878906,0,0.0,0.0
2024-04-10 11:30:00-04:00,40.79499816894531,40.88999938964844,40.79499816894531,40.79499816894531,744,0.0,0.0
2024-04-10 12:30:00-04:00,40.84000015258789,40.84000015258789,40.70000076293945,40.70000076293945,367,0.0,0.0
2024-04-10 13:30:00-04:00,40.744998931884766,40.875,40.744998931884766,40.875,679,0.0,0.0
2024-04-10 14:30:00-04:00,40.869998931884766,41.06999969482422,40.834598541259766,40.94499969482422,3061,0.0,0.0
2024-04-10 15:30:00-04:00,40.94499969482422,40.94499969482422,40.79999923706055,40.79999923706055,0,0.0,0.0
2024-04-11 09:30:00-04:00,40.83000183105469,41.400001525878906,40.63999938964844,40.63999938964844,5755,0.0,0.0
2024-04-11 10:30:00-04:00,40.46580123901367,40.849998474121094,40.45000076293945,40.53499984741211,1299,0.0,0.0
2024-04-11 12:30:00-04:00,40.45500183105469,40.45500183105469,40.45500183105469,40.45500183105469,121,0.0,0.0
2024-04-11 13:30:00-04:00,40.54999923706055,40.54999923706055,40.54999923706055,40.54999923706055,1185,0.0,0.0
2024-04-11 15:30:00-04:00,40.45000076293945,40.599998474121094,40.45000076293945,40.599998474121094,525,0.0,0.0
2024-04-12 09:30:00-04:00,40.61000061035156,41.06999969482422,40.61000061035156,40.814998626708984,6275,0.0,0.0
2024-04-12 10:30:00-04:00,40.7400016784668,40.88990020751953,40.6349983215332,40.6349983215332,1060,0.0,0.0
2024-04-12 11:30:00-04:00,40.56999969482422,40.7400016784668,40.380001068115234,40.45000076293945,4062,0.0,0.0
2024-04-12 12:30:00-04:00,40.38999938964844,40.38999938964844,40.25,40.25,2732,0.0,0.0
2024-04-12 13:30:00-04:00,40.22999954223633,40.27000045776367,40.22999954223633,40.2599983215332,1557,0.0,0.0
2024-04-12 14:30:00-04:00,40.09000015258789,40.09000015258789,39.80099868774414,39.86000061035156,3702,0.0,0.0
2024-04-12 15:30:00-04:00,39.93000030517578,39.93000030517578,39.849998474121094,39.92499923706055,1475,0.0,0.0
2024-04-15 09:30:00-04:00,39.959999084472656,40.14500045776367,39.61009979248047,39.84000015258789,0,0.0,0.0
2024-04-15 10:30:00-04:00,40.0,40.0,39.77009963989258,39.79999923706055,1347,0.0,0.0
2024-04-15 11:30:00-04:00,39.7400016784668,39.900001525878906,39.70000076293945,39.720001220703125,2534,0.0,0.0
2024-04-15 12:30:00-04:00,39.67499923706055,39.67499923706055,39.47999954223633,39.47999954223633,2302,0.0,0.0
2024-04-15 13:30:00-04:00,39.45000076293945,39.45000076293945,39.22999954223633,39.22999954223633,4416,0.0,0.0
2024-04-15 14:30:00-04:00,39.279998779296875,39.279998779296875,39.084999084472656,39.13999938964844,5037,0.0,0.0
2024-04-15 15:30:00-04:00,39.1150016784668,39.1150016784668,39.029998779296875,39.09000015258789,2807,0.0,0.0
2024-04-16 09:30:00-04:00,38.939998626708984,39.18000030517578,38.560001373291016,38.58000183105469,0,0.0,0.0
2024-04-16 10:30:00-04:00,38.540000915527344,38.77000045776367,38.540000915527344,38.64500045776367,1816,0.0,0.0
2024-04-16 11:30:00-04:00,38.63999938964844,38.7400016784668,38.619998931884766,38.72990036010742,1986,0.0,0.0
2024-04-16 12:30:00-04:00,38.685001373291016,38.72999954223633,38.60499954223633,38.72999954223633,1446,0.0,0.0
2024-04-16 13:30:00-04:00,38.630001068115234,38.710201263427734,38.630001068115234,38.710201263427734,1224,0.0,0.0
2024-04-16 14:30:00-04:00,38.67499923706055,38.77000045776367,38.67499923706055,38.77000045776367,746,0.0,0.0
2024-04-16 15:30:00-04:00,38.709999084472656,38.81999969482422,38.70000076293945,38.70000076293945,1330,0.0,0.0
2024-04-17 09:30:00-04:00,38.720001220703125,39.22999954223633,38.61000061035156,39.099998474121094,0,0.0,0.0
2024-04-17 10:30:00-04:00,39.099998474121094,39.189998626708984,38.939998626708984,39.029998779296875,4211,0.0,0.0
2024-04-17 11:30:00-04:00,39.02000045776367,39.06999969482422,38.849998474121094,38.849998474121094,2700,0.0,0.0
2024-04-17 12:30:00-04:00,38.849998474121094,38.90999984741211,38.68000030517578,38.904998779296875,3337,0.0,0.0
2024-04-17 13:30:00-04:00,38.83000183105469,39.13999938964844,38.83000183105469,39.13999938964844,2063,0.0,0.0
2024-04-17 14:30:00-04:00,39.060001373291016,39.22999954223633,38.970001220703125,38.970001220703125,5179,0.0,0.0
2024-04-17 15:30:00-04:00,39.08000183105469,39.08000183105469,38.959999084472656,38.9900016784668,3360,0.0,0.0
2024-04-18 09:30:00-04:00,38.97999954223633,39.54499816894531,38.97999954223633,39.54499816894531,0,0.0,0.0
2024-04-18 10:30:00-04:00,39.56999969482422,39.59000015258789,39.45100021362305,39.58000183105469,4043,0.0,0.0
2024-04-18 11:30:00-04:00,39.52000045776367,39.709999084472656,39.4900016784668,39.709999084472656,2397,0.0,0.0
2024-04-18 12:30:00-04:00,39.709999084472656,39.709999084472656,39.61000061035156,39.68000030517578,4663,0.0,0.0
2024-04-18 13:30:00-04:00,39.54999923706055,39.599998474121094,39.439998626708984,39.599998474121094,536,0.0,0.0
2024-04-18 14:30:00-04:00,39.43000030517578,39.540000915527344,39.25,39.36000061035156,3163,0.0,0.0
2024-04-18 15:30:00-04:00,39.54999923706055,39.54999923706055,39.38999938964844,39.5099983215332,2376,0.0,0.0
2024-04-19 09:30:00-04:00,39.529998779296875,40.45000076293945,39.36000061035156,40.45000076293945,0,0.0,0.0
2024-04-19 10:30:00-04:00,40.52000045776367,40.650001525878906,40.40999984741211,40.45000076293945,9781,0.0,0.0
2024-04-19 11:30:00-04:00,40.54999923706055,40.56999969482422,40.459999084472656,40.459999084472656,4105,0.0,0.0
2024-04-19 12:30:00-04:00,40.400001525878906,40.529998779296875,40.400001525878906,40.43000030517578,1890,0.0,0.0
2024-04-19 13:30:00-04:00,40.45000076293945,40.5,40.34000015258789,40.349998474121094,3927,0.0,0.0
2024-04-19 14:30:00-04:00,40.310001373291016,40.439998626708984,40.20000076293945,40.220001220703125,4149,0.0,0.0
2024-04-19 15:30:00-04:00,40.279998779296875,40.40999984741211,40.209999084472656,40.349998474121094,3088,0.0,0.0
2024-04-22 09:30:00-04:00,40.47999954223633,40.709999084472656,40.345001220703125,40.444801330566406,0,0.0,0.0
2024-04-22 10:30:00-04:00,40.66999816894531,40.70000076293945,40.66999816894531,40.70000076293945,1109,0.0,0.0
2024-04-22 11:30:00-04:00,40.650001525878906,40.790000915527344,40.59590148925781,40.720001220703125,1766,0.0,0.0
2024-04-22 12:30:00-04:00,40.79999923706055,40.83000183105469,40.709999084472656,40.75,1217,0.0,0.0
2024-04-22 13:30:00-04:00,40.83000183105469,40.86000061035156,40.7599983215332,40.834999084472656,2198,0.0,0.0
2024-04-22 14:30:00-04:00,40.79999923706055,40.869998931884766,40.67219924926758,40.67219924926758,2601,0.0,0.0
2024-04-22 15:30:00-04:00,40.779998779296875,40.779998779296875,40.700199127197266,40.75,1858,0.0,0.0
2024-04-23 09:30:00-04:00,40.70000076293945,40.900001525878906,40.68000030517578,40.779998779296875,0,0.0,0.0
2024-04-23 10:30:00-04:00,40.994998931884766,40.994998931884766,40.994998931884766,40.994998931884766,180,0.0,0.0
2024-04-23 11:30:00-04:00,41.0099983215332,41.209999084472656,41.0005989074707,41.209999084472656,410,0.0,0.0
2024-04-23 12:30:00-04:00,41.0974006652832,41.150001525878906,41.05619812011719,41.150001525878906,1995,0.0,0.0
2024-04-23 13:30:00-04:00,41.1150016784668,41.1150016784668,41.08000183105469,41.08000183105469,679,0.0,0.0
2024-04-23 14:30:00-04:00,41.1349983215332,41.1349983215332,41.1150016784668,41.1150016784668,379,0.0,0.0
2024-04-23 15:30:00-04:00,41.13999938964844,41.13999938964844,41.04999923706055,41.06999969482422,1530,0.0,0.0
2024-04-24 09:30:00-04:00,41.04999923706055,41.08000183105469,40.81010055541992,41.029998779296875,0,0.0,0.0
2024-04-24 10:30:00-04:00,41.04050064086914,41.04999923706055,41.04050064086914,41.04999923706055,1063,0.0,0.0
2024-04-24 11:30:00-04:00,40.88999938964844,40.939998626708984,40.80009841918945,40.83000183105469,751,0.0,0.0
2024-04-24 12:30:00-04:00,40.939998626708984,40.939998626708984,40.72999954223633,40.91999816894531,2639,0.0,0.0
2024-04-24 13:30:00-04:00,41.0,41.09000015258789,40.994998931884766,41.060001373291016,1551,0.0,0.0
2024-04-24 14:30:00-04:00,41.09000015258789,41.15999984741211,41.09000015258789,41.15999984741211,1889,0.0,0.0
2024-04-24 15:30:00-04:00,41.14500045776367,41.25,41.135501861572266,41.150001525878906,2344,0.0,0.0
2024-04-25 09:30:00-04:00,40.869998931884766,40.869998931884766,40.787498474121094,40.790000915527344,1517,0.0,0.0
2024-04-25 10:30:00-04:00,40.900001525878906,41.13999938964844,40.900001525878906,41.13999938964844,616,0.0,0.0
2024-04-25 11:30:00-04:00,41.08000183105469,41.130001068115234,40.88010025024414,41.025001525878906,712,0.0,0.0
2024-04-25 12:30:00-04:00,41.16999816894531,41.16999816894531,41.16999816894531,41.16999816894531,533,0.0,0.0
2024-04-25 13:30:00-04:00,41.40999984741211,41.40999984741211,41.40999984741211,41.40999984741211,179,0.0,0.0
2024-04-25 14:30:00-04:00,41.31999969482422,41.349998474121094,41.31999969482422,41.349998474121094,1021,0.0,0.0
2024-04-25 15:30:00-04:00,41.25,41.29999923706055,41.25,41.29999923706055,722,0.0,0.0
2024-04-26 09:30:00-04:00,41.310001373291016,41.52000045776367,41.0974006652832,41.154598236083984,0,0.0,0.0
2024-04-26 10:30:00-04:00,41.2599983215332,41.27000045776367,41.2599983215332,41.27000045776367,1245,0.0,0.0
2024-04-26 11:30:00-04:00,41.209999084472656,41.244998931884766,41.18000030517578,41.244998931884766,1638,0.0,0.0
2024-04-26 12:30:00-04:00,41.279998779296875,41.369998931884766,41.279998779296875,41.369998931884766,4239,0.0,0.0
2024-04-26 13:30:00-04:00,41.369998931884766,41.369998931884766,41.31669998168945,41.369998931884766,2487,0.0,0.0
2024-04-26 14:30:00-04:00,41.36000061035156,41.369998931884766,41.29999923706055,41.369998931884766,2674,0.0,0.0
2024-04-26 15:30:00-04:00,41.33000183105469,41.369998931884766,41.314998626708984,41.369998931884766,2273,0.0,0.0
2024-04-29 09:30:00-04:00,41.16999816894531,41.43000030517578,41.11000061035156,41.43000030517578,0,0.0,0.0
2024-04-29 10:30:00-04:00,41.29999923706055,41.349998474121094,41.209999084472656,41.29499816894531,3882,0.0,0.0
2024-04-29 11:30:00-04:00,41.37480163574219,41.37480163574219,41.37480163574219,41.37480163574219,362,0.0,0.0
2024-04-29 12:30:00-04:00,41.380001068115234,41.40999984741211,41.380001068115234,41.400001525878906,817,0.0,0.0
2024-04-29 13:30:00-04:00,41.43000030517578,41.43000030517578,41.39189910888672,41.39189910888672,625,0.0,0.0
2024-04-29 14:30:00-04:00,41.422401428222656,41.439998626708984,41.22999954223633,41.36000061035156,6827,0.0,0.0
2024-04-29 15:30:00-04:00,41.41999816894531,41.52000045776367,41.31999969482422,41.52000045776367,5884,0.0,0.0
2024-04-30 09:30:00-04:00,41.189998626708984,41.310001373291016,41.072200775146484,41.189998626708984,0,0.0,0.0
2024-04-30 10:30:00-04:00,41.16999816894531,41.20000076293945,41.02009963989258,41.15999984741211,1058,0.0,0.0
2024-04-30 11:30:00-04:00,41.150001525878906,41.150001525878906,41.0,41.000099182128906,1619,0.0,0.0
2024-04-30 12:30:00-04:00,41.0,41.0,40.6797981262207,40.720001220703125,2735,0.0,0.0
2024-04-30 13:30:00-04:00,40.84000015258789,40.84000015258789,40.84000015258789,40.84000015258789,197,0.0,0.0
2024-04-30 14:30:00-04:00,40.849998474121094,40.849998474121094,40.60499954223633,40.698299407958984,5416,0.0,0.0
2024-04-30 15:30:00-04:00,40.650001525878906,40.7599983215332,40.540000915527344,40.63999938964844,2149,0.0,0.0
2024-05-01 09:30:00-04:00,40.5,40.72999954223633,40.5,40.5,0,0.0,0.0
2024-05-01 10:30:00-04:00,40.5,40.54999923706055,40.5,40.5099983215332,5506,0.0,0.0
2024-05-01 11:30:00-04:00,40.5,40.540000915527344,40.4900016784668,40.52000045776367,14261,0.0,0.0
2024-05-01 12:30:00-04:00,40.529998779296875,40.540000915527344,40.4900016784668,40.501399993896484,3359,0.0,0.0
2024-05-01 13:30:00-04:00,40.470001220703125,40.474998474121094,40.34479904174805,40.38999938964844,1894,0.0,0.0
2024-05-01 14:30:00-04:00,40.459999084472656,40.67879867553711,40.459999084472656,40.59000015258789,5515,0.0,0.0
2024-05-01 15:30:00-04:00,40.47999954223633,40.47999954223633,40.349998474121094,40.400001525878906,1756,0.0,0.0
2024-05-02 09:30:00-04:00,40.36000061035156,40.77989959716797,40.20000076293945,40.52000045776367,7219,0.0,0.0
2024-05-02 10:30:00-04:00,40.560001373291016,40.63999938964844,40.369998931884766,40.63999938964844,4278,0.0,0.0
2024-05-02 11:30:00-04:00,40.59000015258789,40.59000015258789,40.59000015258789,40.59000015258789,111,0.0,0.0
2024-05-02 12:30:00-04:00,40.65999984741211,40.7599983215332,40.65999984741211,40.7599983215332,3137,0.0,0.0
2024-05-02 13:30:00-04:00,40.79999923706055,40.84000015258789,40.72880172729492,40.84000015258789,5873,0.0,0.0
2024-05-02 14:30:00-04:00,40.84000015258789,40.939998626708984,40.77000045776367,40.939998626708984,6341,0.0,0.0
2024-05-02 15:30:00-04:00,40.84000015258789,40.91999816894531,40.83000183105469,40.83000183105469,1186,0.0,0.0
2024-05-03 09:30:00-04:00,40.900001525878906,41.220001220703125,40.83000183105469,40.91999816894531,0,0.0,0.0
2024-05-03 10:30:00-04:00,40.81999969482422,40.92499923706055,40.7400016784668,40.880001068115234,1652,0.0,0.0
2024-05-03 11:30:00-04:00,40.970001220703125,41.02629852294922,40.95000076293945,41.01499938964844,1394,0.0,0.0
2024-05-03 12:30:00-04:00,41.08000183105469,41.08000183105469,40.97999954223633,40.97999954223633,1991,0.0,0.0
2024-05-03 13:30:00-04:00,41.0,41.0,40.93000030517578,40.939998626708984,968,0.0,0.0
2024-05-03 14:30:00-04:00,40.9900016784668,41.130001068115234,40.9900016784668,41.130001068115234,1521,0.0,0.0
2024-05-03 15:30:00-04:00,41.130001068115234,41.2400016784668,41.119998931884766,41.2400016784668,1502,0.0,0.0
2024-05-06 09:30:00-04:00,41.43000030517578,41.540000915527344,41.18000030517578,41.4900016784668,0,0.0,0.0
2024-05-06 10:30:00-04:00,41.43000030517578,41.43000030517578,41.258201599121094,41.349998474121094,6893,0.0,0.0
2024-05-06 11:30:00-04:00,41.415000915527344,41.415000915527344,41.36000061035156,41.36000061035156,218,0.0,0.0
2024-05-06 12:30:00-04:00,41.404998779296875,41.471900939941406,41.404998779296875,41.459999084472656,1248,0.0,0.0
2024-05-06 13:30:00-04:00,41.45000076293945,41.45000076293945,41.36000061035156,41.39500045776367,549,0.0,0.0
2024-05-06 14:30:00-04:00,41.400001525878906,41.459999084472656,41.38999938964844,41.38999938964844,898,0.0,0.0
2024-05-06 15:30:00-04:00,41.380001068115234,41.5099983215332,41.380001068115234,41.5,2655,0.0,0.0
2024-05-07 09:30:00-04:00,41.5,41.97999954223633,41.4900016784668,41.84000015258789,1647,0.0,0.0
2024-05-07 10:30:00-04:00,41.90999984741211,41.90999984741211,41.724998474121094,41.77000045776367,4494,0.0,0.0
2024-05-07 11:30:00-04:00,41.77000045776367,41.790000915527344,41.75,41.75,3629,0.0,0.0
2024-05-07 12:30:00-04:00,41.779998779296875,41.810001373291016,41.72999954223633,41.7400016784668,1728,0.0,0.0
2024-05-07 13:30:00-04:00,41.84000015258789,41.84000015258789,41.72999954223633,41.755001068115234,1894,0.0,0.0
2024-05-07 14:30:00-04:00,41.79999923706055,41.79999923706055,41.709999084472656,41.709999084472656,2179,0.0,0.0
2024-05-07 15:30:00-04:00,41.70000076293945,41.779998779296875,41.689998626708984,41.7400016784668,12075,0.0,0.0
2024-05-08 09:30:00-04:00,41.540000915527344,41.970001220703125,41.540000915527344,41.7400016784668,0,0.0,0.0
2024-05-08 10:30:00-04:00,41.869998931884766,41.869998931884766,41.71500015258789,41.763999938964844,707,0.0,0.0
2024-05-08 11:30:00-04:00,41.65999984741211,41.95000076293945,41.65999984741211,41.90999984741211,5957,0.0,0.0
2024-05-08 12:30:00-04:00,41.939998626708984,41.95000076293945,41.90999984741211,41.95000076293945,504,0.0,0.0
2024-05-08 13:30:00-04:00,41.95000076293945,42.0,41.900001525878906,42.0,1330,0.0,0.0
2024-05-08 14:30:00-04:00,42.0,42.06999969482422,42.0,42.06999969482422,1763,0.0,0.0
2024-05-08 15:30:00-04:00,42.099998474121094,42.099998474121094,42.084999084472656,42.084999084472656,813,0.0,0.0
2024-05-09 09:30:00-04:00,42.189998626708984,42.45000076293945,42.09000015258789,42.3849983215332,0,0.0,0.0
2024-05-09 10:30:00-04:00,42.37350082397461,42.415000915527344,42.369998931884766,42.369998931884766,2778,0.0,0.0
2024-05-09 11:30:00-04:00,42.380001068115234,42.380001068115234,42.300498962402344,42.300498962402344,866,0.0,0.0
2024-05-09 12:30:00-04:00,42.36000061035156,42.36000061035156,42.36000061035156,42.36000061035156,510,0.0,0.0
2024-05-09 13:30:00-04:00,42.36000061035156,42.36000061035156,42.35710144042969,42.35710144042969,943,0.0,0.0
2024-05-09 14:30:00-04:00,42.29999923706055,42.380001068115234,42.24129867553711,42.380001068115234,1061,0.0,0.0
2024-05-09 15:30:00-04:00,42.400001525878906,42.400001525878906,42.3489990234375,42.361000061035156,856,0.0,0.0
2024-05-10 09:30:00-04:00,42.47999954223633,42.47999954223633,42.230098724365234,42.36000061035156,0,0.0,0.0
2024-05-10 10:30:00-04:00,42.36000061035156,42.38999938964844,42.26499938964844,42.31999969482422,7624,0.0,0.0
2024-05-10 11:30:00-04:00,42.36000061035156,42.38999938964844,42.310001373291016,42.36000061035156,3183,0.0,0.0
2024-05-10 12:30:00-04:00,42.36000061035156,42.36000061035156,42.31999969482422,42.31999969482422,2289,0.0,0.0
2024-05-10 13:30:00-04:00,42.36000061035156,42.380001068115234,42.310001373291016,42.31999969482422,2322,0.0,0.0
2024-05-10 14:30:00-04:00,42.314998626708984,42.38999938964844,42.314998626708984,42.32500076293945,11511,0.0,0.0
2024-05-10 15:30:00-04:00,42.349998474121094,42.349998474121094,42.2599983215332,42.279998779296875,2589,0.0,0.0
2024-05-13 09:30:00-04:00,42.310001373291016,42.70000076293945,42.310001373291016,42.689998626708984,2708,0.0,0.0
2024-05-13 10:30:00-04:00,42.64649963378906,42.650001525878906,42.43000030517578,42.43000030517578,2966,0.0,0.0
2024-05-13 11:30:00-04:00,42.474998474121094,42.63999938964844,42.474098205566406,42.637298583984375,1715,0.0,0.0
2024-05-13 12:30:00-04:00,42.54499816894531,42.560001373291016,42.459999084472656,42.560001373291016,1203,0.0,0.0
2024-05-13 13:30:00-04:00,42.474998474121094,42.4900016784668,42.40010070800781,42.4900016784668,1873,0.0,0.0
2024-05-13 14:30:00-04:00,42.45000076293945,42.5,42.44499969482422,42.4900016784668,7765,0.0,0.0
2024-05-13 15:30:00-04:00,42.4900016784668,42.529998779296875,42.48249816894531,42.529998779296875,8282,0.0,0.0
2024-05-14 09:30:00-04:00,42.400001525878906,42.61000061035156,42.400001525878906,42.52000045776367,6172,0.0,0.0
2024-05-14 10:30:00-04:00,42.41999816894531,42.439998626708984,42.279998779296875,42.28010177612305,1922,0.0,0.0
2024-05-14 11:30:00-04:00,42.3849983215332,42.3849983215332,42.2400016784668,42.25,50428,0.0,0.0
2024-05-14 12:30:00-04:00,42.22999954223633,42.28580093383789,42.22999954223633,42.22999954223633,1474,0.0,0.0
2024-05-14 13:30:00-04:00,42.255001068115234,42.38999938964844,42.255001068115234,42.38999938964844,14870,0.0,0.0
2024-05-14 14:30:00-04:00,42.36000061035156,42.470001220703125,42.36000061035156,42.40999984741211,1430,0.0,0.0
2024-05-14 15:30:00-04:00,42.44179916381836,42.54999923706055,42.40999984741211,42.5099983215332,3659,0.0,0.0
2024-05-15 09:30:00-04:00,42.75,43.21179962158203,42.459999084472656,42.595001220703125,0,0.0,0.0
2024-05-15 10:30:00-04:00,42.66999816894531,42.70000076293945,42.66999816894531,42.70000076293945,978,0.0,0.0
2024-05-15 11:30:00-04:00,42.7400016784668,42.7400016784668,42.63999938964844,42.689998626708984,1703,0.0,0.0
2024-05-15 12:30:00-04:00,42.689998626708984,42.689998626708984,42.640098571777344,42.689998626708984,713,0.0,0.0
2024-05-15 13:30:00-04:00,42.69499969482422,42.69499969482422,42.65999984741211,42.65999984741211,2187,0.0,0.0
2024-05-15 14:30:00-04:00,42.685001373291016,42.685001373291016,42.599998474121094,42.63990020751953,2273,0.0,0.0
2024-05-15 15:30:00-04:00,42.63990020751953,42.63999938964844,42.560001373291016,42.61000061035156,0,0.0,0.0
2024-05-16 09:30:00-04:00,42.66999816894531,42.720001220703125,42.654998779296875,42.720001220703125,12456,0.0,0.0
2024-05-16 10:30:00-04:00,42.709999084472656,42.880001068115234,42.709999084472656,42.79999923706055,12212,0.0,0.0
2024-05-16 11:30:00-04:00,42.720001220703125,42.779998779296875,42.709999084472656,42.77000045776367,4115,0.0,0.0
2024-05-16 12:30:00-04:00,42.76150131225586,42.779998779296875,42.7400016784668,42.779998779296875,2711,0.0,0.0
2024-05-16 13:30:00-04:00,42.76499938964844,42.814998626708984,42.73500061035156,42.814998626708984,3394,0.0,0.0
2024-05-16 14:30:00-04:00,42.814998626708984,42.86000061035156,42.79999923706055,42.810001373291016,4036,0.0,0.0
2024-05-16 15:30:00-04:00,42.814998626708984,42.81999969482422,42.70000076293945,42.72999954223633,7494,0.0,0.0
2024-05-17 09:30:00-04:00,43.08000183105469,43.08000183105469,42.790000915527344,42.84000015258789,0,0.0,0.0
2024-05-17 10:30:00-04:00,42.875,43.02000045776367,42.875,42.994998931884766,10755,0.0,0.0
2024-05-17 11:30:00-04:00,43.02000045776367,43.02000045776367,42.9900016784668,43.02000045776367,10553,0.0,0.0
2024-05-17 12:30:00-04:00,43.005001068115234,43.06999969482422,43.005001068115234,43.060001373291016,647,0.0,0.0
2024-05-17 13:30:00-04:00,43.189998626708984,43.459999084472656,43.09000015258789,43.34000015258789,2939,0.0,0.0
2024-05-17 14:30:00-04:00,43.34000015258789,43.404998779296875,43.22999954223633,43.334999084472656,6920,0.0,0.0
2024-05-17 15:30:00-04:00,43.334999084472656,43.334999084472656,43.220001220703125,43.2599983215332,3216,0.0,0.0
2024-05-20 09:30:00-04:00,43.33000183105469,43.58000183105469,43.31999969482422,43.470001220703125,3854,0.0,0.0
2024-05-20 10:30:00-04:00,43.534698486328125,43.56999969482422,43.48059844970703,43.52000045776367,2798,0.0,0.0
2024-05-20 11:30:00-04:00,43.5099983215332,43.61000061035156,43.42060089111328,43.61000061035156,3869,0.0,0.0
2024-05-20 12:30:00-04:00,43.619998931884766,43.7400016784668,43.619998931884766,43.67499923706055,2310,0.0,0.0
2024-05-20 13:30:00-04:00,43.650001525878906,43.7400016784668,43.619998931884766,43.63999938964844,2344,0.0,0.0
2024-05-20 14:30:00-04:00,43.65999984741211,43.65999984741211,43.529998779296875,43.58000183105469,1649,0.0,0.0
2024-05-20 15:30:00-04:00,43.510101318359375,43.560001373291016,43.510101318359375,43.529998779296875,3343,0.0,0.0
2024-05-21 09:30:00-04:00,43.56999969482422,43.601600646972656,43.459999084472656,43.58000183105469,3527,0.0,0.0
2024-05-21 10:30:00-04:00,43.61000061035156,43.7599983215332,43.54999923706055,43.68000030517578,6184,0.0,0.0
2024-05-21 11:30:00-04:00,43.599998474121094,43.688899993896484,43.4901008605957,43.68000030517578,5771,0.0,0.0
2024-05-21 12:30:00-04:00,43.595001220703125,43.67499923706055,43.5099983215332,43.52399826049805,3426,0.0,0.0
2024-05-21 13:30:00-04:00,43.55979919433594,43.55979919433594,43.55979919433594,43.55979919433594,189,0.0,0.0
2024-05-21 14:30:00-04:00,43.669898986816406,43.669898986816406,43.630001068115234,43.654998779296875,1607,0.0,0.0
2024-05-21 15:30:00-04:00,43.65999984741211,43.65999984741211,43.61009979248047,43.650001525878906,1352,0.0,0.0
2024-05-22 09:30:00-04:00,43.040000915527344,43.290000915527344,42.04499816894531,42.04499816894531,4414,0.0,0.0
2024-05-22 10:30:00-04:00,42.06999969482422,42.2598991394043,42.0620002746582,42.165000915527344,4537,0.0,0.0
2024-05-22 11:30:00-04:00,42.16999816894531,42.34000015258789,42.16999816894531,42.34000015258789,2637,0.0,0.0
2024-05-22 12:30:00-04:00,42.29999923706055,42.33000183105469,42.209999084472656,42.27000045776367,3210,0.0,0.0
2024-05-22 13:30:00-04:00,42.290000915527344,42.369998931884766,42.27000045776367,42.36000061035156,5005,0.0,0.0
2024-05-22 14:30:00-04:00,42.36000061035156,42.470001220703125,42.29999923706055,42.470001220703125,14037,0.0,0.0
2024-05-22 15:30:00-04:00,42.470001220703125,42.65999984741211,42.41999816894531,42.65999984741211,6147,0.0,0.0
2024-05-23 09:30:00-04:00,42.7599983215332,43.029998779296875,42.14500045776367,42.209999084472656,0,0.0,0.0
2024-05-23 10:30:00-04:00,42.13990020751953,42.220001220703125,42.0,42.040000915527344,4132,0.0,0.0
2024-05-23 11:30:00-04:00,42.032501220703125,42.099998474121094,42.0099983215332,42.099998474121094,4282,0.0,0.0
2024-05-23 12:30:00-04:00,42.08000183105469,42.08000183105469,41.959999084472656,41.98500061035156,3448,0.0,0.0
2024-05-23 13:30:00-04:00,41.994998931884766,42.0,41.70500183105469,41.790000915527344,13082,0.0,0.0
2024-05-23 14:30:00-04:00,41.83000183105469,41.83000183105469,41.59000015258789,41.59000015258789,6640,0.0,0.0
2024-05-23 15:30:00-04:00,41.560001373291016,41.630001068115234,41.25,41.560001373291016,20879,0.0,0.0
2024-05-24 09:30:00-04:00,41.68000030517578,42.11000061035156,41.61000061035156,41.650001525878906,0,0.0,0.0
2024-05-24 10:30:00-04:00,41.650001525878906,41.67559814453125,41.619998931884766,41.66999816894531,3086,0.0,0.0
2024-05-24 11:30:00-04:00,41.65999984741211,41.66999816894531,41.51250076293945,41.56999969482422,3690,0.0,0.0
2024-05-24 12:30:00-04:00,41.602901458740234,41.602901458740234,41.602901458740234,41.602901458740234,871,0.0,0.0
2024-05-24 13:30:00-04:00,41.630001068115234,41.630001068115234,41.595001220703125,41.599998474121094,756,0.0,0.0
2024-05-24 14:30:00-04:00,41.599998474121094,41.599998474121094,41.53499984741211,41.53499984741211,4317,0.0,0.0
2024-05-24 15:30:00-04:00,41.53499984741211,41.619998931884766,41.53499984741211,41.599998474121094,2092,0.0,0.0
2024-05-28 09:30:00-04:00,41.650001525878906,41.84000015258789,41.51499938964844,41.775001525878906,0,0.0,0.0
2024-05-28 10:30:00-04:00,41.70000076293945,41.75,41.58000183105469,41.61000061035156,2431,0.0,0.0
2024-05-28 11:30:00-04:00,41.650001525878906,41.810001373291016,41.650001525878906,41.77000045776367,4581,0.0,0.0
2024-05-28 12:30:00-04:00,41.779998779296875,41.84000015258789,41.755001068115234,41.79280090332031,4223,0.0,0.0
2024-05-28 13:30:00-04:00,41.77000045776367,41.814998626708984,41.689998626708984,41.689998626708984,1678,0.0,0.0
2024-05-28 14:30:00-04:00,41.59000015258789,41.61869812011719,41.52000045776367,41.56999969482422,3328,0.0,0.0
2024-05-28 15:30:00-04:00,41.599998474121094,41.79999923706055,41.56999969482422,41.650001525878906,0,0.0,0.0
2024-05-29 09:30:00-04:00,41.65999984741211,41.65999984741211,41.435001373291016,41.435001373291016,2820,0.0,0.0
2024-05-29 10:30:00-04:00,41.31999969482422,41.540000915527344,40.939998626708984,40.970001220703125,9383,0.0,0.0
2024-05-29 11:30:00-04:00,41.02000045776367,41.03499984741211,40.689998626708984,40.95000076293945,40845,0.0,0.0
2024-05-29 12:30:00-04:00,40.97999954223633,41.040000915527344,40.95000076293945,41.040000915527344,9251,0.0,0.0
2024-05-29 13:30:00-04:00,41.055999755859375,41.06639862060547,41.040000915527344,41.05500030517578,4200,0.0,0.0
2024-05-29 14:30:00-04:00,41.060001373291016,41.150001525878906,41.04999923706055,41.119998931884766,9226,0.0,0.0
2024-05-29 15:30:00-04:00,41.16999816894531,41.16999816894531,41.119998931884766,41.13999938964844,7299,0.0,0.0
2024-05-30 09:30:00-04:00,41.11000061035156,41.41999816894531,40.939998626708984,41.0099983215332,6846,0.0,0.0
2024-05-30 10:30:00-04:00,41.0099983215332,41.349998474121094,40.80500030517578,40.810001373291016,20945,0.0,0.0
2024-05-30 11:30:00-04:00,40.880001068115234,41.06999969482422,40.79999923706055,40.88999938964844,15144,0.0,0.0
2024-05-30 12:30:00-04:00,40.86000061035156,40.967498779296875,40.83000183105469,40.900001525878906,14999,0.0,0.0
2024-05-30 13:30:00-04:00,40.900001525878906,40.939998626708984,40.849998474121094,40.900001525878906,6310,0.0,0.0
2024-05-30 14:30:00-04:00,40.900001525878906,40.959999084472656,40.900001525878906,40.91999816894531,8235,0.0,0.0
2024-05-30 15:30:00-04:00,40.935001373291016,41.0099983215332,40.900001525878906,41.0099983215332,10675,0.0,0.0
2024-05-31 09:30:00-04:00,41.40999984741211,41.749298095703125,41.40999984741211,41.689998626708984,9801,0.0,0.0
2024-05-31 10:30:00-04:00,41.61000061035156,41.665000915527344,41.61000061035156,41.640201568603516,1685,0.0,0.0
2024-05-31 11:30:00-04:00,41.63999938964844,41.709999084472656,41.630001068115234,41.65999984741211,8309,0.0,0.0
2024-05-31 12:30:00-04:00,41.70000076293945,41.79999923706055,41.665000915527344,41.79999923706055,1490,0.0,0.0
2024-05-31 13:30:00-04:00,41.80500030517578,42.040000915527344,41.80500030517578,42.040000915527344,714,0.0,0.0
2024-05-31 14:30:00-04:00,42.0099983215332,42.1599006652832,41.97999954223633,41.97999954223633,3270,0.0,0.0
2024-05-31 15:30:00-04:00,41.970001220703125,42.25,41.970001220703125,42.2400016784668,2390,0.0,0.0
2024-06-03 09:30:00-04:00,42.29999923706055,42.29999923706055,41.52880096435547,41.630001068115234,0,0.0,0.0
2024-06-03 10:30:00-04:00,41.630001068115234,41.70000076293945,41.529998779296875,41.60499954223633,1182,0.0,0.0
2024-06-03 11:30:00-04:00,41.70000076293945,41.70000076293945,41.510101318359375,41.510101318359375,451,0.0,0.0
2024-06-03 12:30:00-04:00,41.630001068115234,42.029998779296875,41.630001068115234,41.7400016784668,11772,0.0,0.0
2024-06-03 13:30:00-04:00,41.709999084472656,41.79999923706055,41.650001525878906,41.78499984741211,1686,0.0,0.0
2024-06-03 14:30:00-04:00,41.83000183105469,41.83000183105469,41.65999984741211,41.77000045776367,1965,0.0,0.0
2024-06-03 15:30:00-04:00,41.68000030517578,41.779998779296875,41.68000030517578,41.72999954223633,1036,0.0,0.0
2024-06-04 09:30:00-04:00,41.650001525878906,42.29999923706055,41.380001068115234,41.5099983215332,3998,0.0,0.0
2024-06-04 10:30:00-04:00,41.40999984741211,41.66999816894531,41.338401794433594,41.59000015258789,6094,0.0,0.0
2024-06-04 11:30:00-04:00,41.61000061035156,41.709999084472656,41.525001525878906,41.70000076293945,7484,0.0,0.0
2024-06-04 12:30:00-04:00,41.720001220703125,41.77000045776367,41.720001220703125,41.77000045776367,823,0.0,0.0
2024-06-04 13:30:00-04:00,41.74190139770508,41.7599983215332,41.68000030517578,41.7599983215332,2419,0.0,0.0
2024-06-04 14:30:00-04:00,41.779998779296875,41.790000915527344,41.66999816894531,41.709999084472656,7092,0.0,0.0
2024-06-04 15:30:00-04:00,41.709999084472656,41.779998779296875,41.709999084472656,41.77000045776367,1541,0.0,0.0
2024-06-05 09:30:00-04:00,41.970001220703125,42.36000061035156,41.75,41.904998779296875,2362,0.0,0.0
2024-06-05 10:30:00-04:00,41.90999984741211,42.02000045776367,41.90999984741211,41.959999084472656,1005,0.0,0.0
2024-06-05 11:30:00-04:00,41.97999954223633,42.099998474121094,41.900001525878906,42.099998474121094,2448,0.0,0.0
2024-06-05 12:30:00-04:00,42.06999969482422,42.06999969482422,42.060001373291016,42.06999969482422,782,0.0,0.0
2024-06-05 13:30:00-04:00,42.06999969482422,42.06999969482422,42.01499938964844,42.01499938964844,1282,0.0,0.0
2024-06-05 14:30:00-04:00,42.06999969482422,42.06999969482422,42.06999969482422,42.06999969482422,1464,0.0,0.0
2024-06-05 15:30:00-04:00,42.06999969482422,42.11600112915039,41.93000030517578,41.93000030517578,555,0.0,0.0
2024-06-06 09:30:00-04:00,41.95000076293945,42.150001525878906,41.817298889160156,42.099998474121094,9331,0.0,0.0
2024-06-06 10:30:00-04:00,42.150001525878906,42.15999984741211,42.08039855957031,42.08039855957031,1919,0.0,0.0
2024-06-06 11:30:00-04:00,42.130001068115234,42.20000076293945,42.099998474121094,42.20000076293945,6311,0.0,0.0
2024-06-06 13:30:00-04:00,42.209999084472656,42.209999084472656,42.170501708984375,42.170501708984375,4446,0.0,0.0
2024-06-06 14:30:00-04:00,42.237998962402344,42.237998962402344,42.237998962402344,42.237998962402344,175,0.0,0.0
2024-06-06 15:30:00-04:00,42.2599983215332,42.27000045776367,42.15999984741211,42.189998626708984,0,0.0,0.0
2024-06-07 09:30:00-04:00,41.849998474121094,42.04999923706055,41.75,41.95000076293945,3043,0.0,0.0
2024-06-07 10:30:00-04:00,42.18000030517578,42.18000030517578,42.130001068115234,42.130001068115234,260,0.0,0.0
2024-06-07 11:30:00-04:00,41.912498474121094,42.15999984741211,41.912498474121094,42.15999984741211,1015,0.0,0.0
2024-06-07 12:30:00-04:00,41.959999084472656,42.13999938964844,41.959999084472656,42.060001373291016,1154,0.0,0.0
2024-06-07 13:30:00-04:00,42.0,42.13999938964844,41.974998474121094,42.060001373291016,581,0.0,0.0
2024-06-07 14:30:00-04:00,42.040000915527344,42.119998931884766,41.98870086669922,42.0702018737793,1224,0.0,0.0
2024-06-07 15:30:00-04:00,42.1150016784668,42.15999984741211,42.11040115356445,42.15999984741211,1622,0.0,0.0
2024-06-10 09:30:00-04:00,42.029998779296875,42.470001220703125,42.029998779296875,42.470001220703125,0,0.0,0.0
2024-06-10 10:30:00-04:00,42.517398834228516,42.62990188598633,42.31999969482422,42.56999969482422,841,0.0,0.0
2024-06-10 11:30:00-04:00,42.7400016784668,42.790000915527344,42.529998779296875,42.790000915527344,692,0.0,0.0
2024-06-10 12:30:00-04:00,42.869998931884766,42.869998931884766,42.440101623535156,42.849998474121094,1429,0.0,0.0
2024-06-10 14:30:00-04:00,42.93000030517578,42.93000030517578,42.67770004272461,42.67770004272461,405,0.0,0.0
2024-06-10 15:30:00-04:00,42.63999938964844,42.720001220703125,42.630001068115234,42.630001068115234,943,0.0,0.0
2024-06-11 09:30:00-04:00,42.56999969482422,42.849998474121094,42.029998779296875,42.05500030517578,1765,0.0,0.0
2024-06-11 10:30:00-04:00,42.529998779296875,42.529998779296875,42.13999938964844,42.13999938964844,1982,0.0,0.0
2024-06-11 11:30:00-04:00,42.5099983215332,42.5099983215332,42.2849006652832,42.35499954223633,3262,0.0,0.0
2024-06-11 12:30:00-04:00,42.470001220703125,42.470001220703125,42.2400016784668,42.2400016784668,956,0.0,0.0
2024-06-11 13:30:00-04:00,42.2760009765625,42.54999923706055,42.2760009765625,42.54999923706055,1271,0.0,0.0
2024-06-11 14:30:00-04:00,42.369998931884766,42.68000030517578,42.330101013183594,42.505001068115234,2961,0.0,0.0
2024-06-11 15:30:00-04:00,42.41999816894531,42.45500183105469,42.349998474121094,42.36000061035156,8131,0.0,0.0
2024-06-12 09:30:00-04:00,42.540000915527344,43.02000045776367,42.540000915527344,42.76499938964844,2118,0.0,0.0
2024-06-12 10:30:00-04:00,42.900001525878906,42.900001525878906,42.470001220703125,42.470001220703125,3428,0.0,0.0
2024-06-12 11:30:00-04:00,42.470001220703125,42.54999923706055,42.470001220703125,42.54999923706055,4438,0.0,0.0
2024-06-12 12:30:00-04:00,42.60499954223633,42.60499954223633,42.470001220703125,42.5099983215332,634,0.0,0.0
2024-06-12 13:30:00-04:00,42.47079849243164,42.54999923706055,42.470001220703125,42.54999923706055,423,0.0,0.0
2024-06-12 14:30:00-04:00,42.54999923706055,42.619998931884766,42.470001220703125,42.47999954223633,1056,0.0,0.0
2024-06-12 15:30:00-04:00,42.53499984741211,42.599998474121094,42.470001220703125,42.52000045776367,5477,0.0,0.0
2024-06-13 09:30:00-04:00,42.400001525878906,42.5099983215332,42.380001068115234,42.5,1585,0.0,0.0
2024-06-13 10:30:00-04:00,42.5,42.5,42.20000076293945,42.39500045776367,7552,0.0,0.0
2024-06-13 11:30:00-04:00,42.39500045776367,42.39500045776367,42.39500045776367,42.39500045776367,236,0.0,0.0
2024-06-13 12:30:00-04:00,42.59000015258789,42.59000015258789,42.400001525878906,42.400001525878906,411,0.0,0.0
2024-06-13 13:30:00-04:00,42.369998931884766,42.404998779296875,42.369998931884766,42.404998779296875,625,0.0,0.0
2024-06-13 14:30:00-04:00,42.347999572753906,42.415000915527344,42.29999923706055,42.30500030517578,1628,0.0,0.0
2024-06-13 15:30:00-04:00,42.26499938964844,42.290000915527344,42.20000076293945,42.20000076293945,0,0.0,0.0
2024-06-14 09:30:00-04:00,42.5,42.540000915527344,42.470001220703125,42.470001220703125,1337,0.0,0.0
2024-06-14 11:30:00-04:00,42.13999938964844,42.13999938964844,42.00040054321289,42.09000015258789,1295,0.0,0.0
2024-06-14 12:30:00-04:00,42.0,42.0,42.0,42.0,239,0.0,0.0
2024-06-14 13:30:00-04:00,42.130001068115234,42.130001068115234,41.79999923706055,42.060001373291016,2068,0.0,0.0
2024-06-14 14:30:00-04:00,41.84000015258789,41.900001525878906,41.79999923706055,41.79999923706055,632,0.0,0.0
2024-06-14 15:30:00-04:00,41.7401008605957,41.83509826660156,41.7401008605957,41.75,545,0.0,0.0
2024-06-17 09:30:00-04:00,41.75,42.27000045776367,41.75,41.93000030517578,0,0.0,0.0
2024-06-17 10:30:00-04:00,42.125,42.125,42.099998474121094,42.099998474121094,1143,0.0,0.0
2024-06-17 11:30:00-04:00,42.099998474121094,42.25,42.099998474121094,42.151100158691406,1739,0.0,0.0
2024-06-17 12:30:00-04:00,42.099998474121094,42.25,42.099998474121094,42.099998474121094,3562,0.0,0.0
2024-06-17 13:30:00-04:00,42.099998474121094,42.099998474121094,42.099998474121094,42.099998474121094,119,0.0,0.0
2024-06-17 14:30:00-04:00,42.17499923706055,42.34000015258789,42.099998474121094,42.099998474121094,4138,0.0,0.0
2024-06-17 15:30:00-04:00,42.165000915527344,42.20000076293945,42.099998474121094,42.099998474121094,817,0.0,0.0
2024-06-18 09:30:00-04:00,42.38999938964844,42.45000076293945,42.38999938964844,42.43000030517578,1231,0.0,0.0
2024-06-18 10:30:00-04:00,42.400001525878906,42.56039810180664,42.400001525878906,42.459999084472656,2273,0.0,0.0
2024-06-18 11:30:00-04:00,42.45000076293945,42.5,42.45000076293945,42.470001220703125,1027,0.0,0.0
2024-06-18 12:30:00-04:00,42.45000076293945,42.7599983215332,42.45000076293945,42.63999938964844,1709,0.0,0.0
2024-06-18 13:30:00-04:00,42.5,42.63639831542969,42.5,42.63639831542969,917,0.0,0.0
2024-06-18 14:30:00-04:00,42.5,42.689998626708984,42.5,42.529998779296875,2414,0.0,0.0
2024-06-18 15:30:00-04:00,42.5,42.709999084472656,42.5,42.709999084472656,3030,0.0,0.0
2024-06-20 09:30:00-04:00,42.29999923706055,42.29999923706055,41.31999969482422,41.40999984741211,0,0.0,0.0
2024-06-20 10:30:00-04:00,41.43000030517578,41.43000030517578,40.81100082397461,40.900001525878906,4979,0.0,0.0
2024-06-20 11:30:00-04:00,40.68000030517578,40.68000030517578,39.619998931884766,39.90999984741211,20196,0.0,0.0
2024-06-20 12:30:00-04:00,40.03499984741211,40.13999938964844,39.790000915527344,40.13999938964844,4021,0.0,0.0
2024-06-20 13:30:00-04:00,39.650001525878906,39.900001525878906,39.650001525878906,39.86000061035156,4821,0.0,0.0
2024-06-20 14:30:00-04:00,39.75,39.900001525878906,39.66999816894531,39.81999969482422,6305,0.0,0.0
2024-06-20 15:30:00-04:00,39.83000183105469,40.709999084472656,39.68000030517578,40.709999084472656,13471,0.0,0.0
2024-06-21 09:30:00-04:00,39.77000045776367,40.0,39.7599983215332,39.90999984741211,5851,0.0,0.0
2024-06-21 10:30:00-04:00,39.95000076293945,39.97840118408203,39.810001373291016,39.81999969482422,5260,0.0,0.0
2024-06-21 11:30:00-04:00,39.82500076293945,39.97990036010742,39.81999969482422,39.81999969482422,4200,0.0,0.0
2024-06-21 12:30:00-04:00,39.900001525878906,39.900001525878906,39.709999084472656,39.709999084472656,2035,0.0,0.0
2024-06-21 13:30:00-04:00,39.619998931884766,39.830299377441406,39.209999084472656,39.54999923706055,15047,0.0,0.0
2024-06-21 14:30:00-04:00,39.689998626708984,39.959999084472656,39.689998626708984,39.959999084472656,4317,0.0,0.0
2024-06-21 15:30:00-04:00,39.90999984741211,39.97999954223633,39.90999984741211,39.95000076293945,3401,0.0,0.0
2024-06-24 09:30:00-04:00,39.869998931884766,40.290000915527344,39.869998931884766,40.03499984741211,0,0.0,0.0
2024-06-24 10:30:00-04:00,39.939998626708984,40.380001068115234,39.939998626708984,40.18000030517578,1409,0.0,0.0
2024-06-24 12:30:00-04:00,40.44820022583008,40.54999923706055,40.44820022583008,40.46839904785156,1302,0.0,0.0
2024-06-24 13:30:00-04:00,40.380001068115234,40.53499984741211,40.380001068115234,40.53499984741211,322,0.0,0.0
2024-06-24 14:30:00-04:00,40.4906005859375,40.4906005859375,40.4906005859375,40.4906005859375,364,0.0,0.0
2024-06-24 15:30:00-04:00,40.582000732421875,40.582000732421875,40.279998779296875,40.380001068115234,3659,0.0,0.0
2024-06-25 09:30:00-04:00,40.529998779296875,41.0,40.52000045776367,40.849998474121094,0,0.0,0.0
2024-06-25 10:30:00-04:00,40.814701080322266,41.349998474121094,40.814701080322266,41.290000915527344,7488,0.0,0.0
2024-06-25 11:30:00-04:00,41.25,41.3046989440918,41.22999954223633,41.29999923706055,2450,0.0,0.0
2024-06-25 12:30:00-04:00,41.29999923706055,41.29999923706055,41.0,41.0,2835,0.0,0.0
2024-06-25 13:30:00-04:00,41.084999084472656,41.31990051269531,41.0099983215332,41.02000045776367,2018,0.0,0.0
2024-06-25 14:30:00-04:00,41.150001525878906,41.150001525878906,40.91999816894531,40.93000030517578,2986,0.0,0.0
2024-06-25 15:30:00-04:00,41.029998779296875,41.029998779296875,40.75,40.78499984741211,0,0.0,0.0
2024-06-26 09:30:00-04:00,40.77000045776367,40.77000045776367,40.040000915527344,40.534400939941406,19837,0.0,0.0
2024-06-26 10:30:00-04:00,40.29999923706055,40.47999954223633,40.20000076293945,40.269901275634766,24646,0.0,0.0
2024-06-26 11:30:00-04:00,40.25,40.45000076293945,40.119998931884766,40.275001525878906,9906,0.0,0.0
2024-06-26 12:30:00-04:00,40.27000045776367,40.36000061035156,40.11000061035156,40.130001068115234,7692,0.0,0.0
2024-06-26 13:30:00-04:00,40.130001068115234,40.19990158081055,40.029998779296875,40.099998474121094,12176,0.0,0.0
2024-06-26 14:30:00-04:00,40.09000015258789,40.15999984741211,40.0099983215332,40.099998474121094,6175,0.0,0.0
2024-06-26 15:30:00-04:00,40.040000915527344,40.20000076293945,39.95000076293945,39.95000076293945,15570,0.0,0.0
2024-06-27 09:30:00-04:00,39.40999984741211,39.97999954223633,39.40999984741211,39.959999084472656,0,0.0,0.0
2024-06-27 10:30:00-04:00,39.970001220703125,39.970001220703125,39.70000076293945,39.70000076293945,1707,0.0,0.0
2024-06-27 11:30:00-04:00,39.95000076293945,39.959999084472656,39.709999084472656,39.71500015258789,3108,0.0,0.0
2024-06-27 12:30:00-04:00,39.720001220703125,39.79999923706055,39.709999084472656,39.79499816894531,10767,0.0,0.0
2024-06-27 13:30:00-04:00,39.757999420166016,40.19900131225586,39.709999084472656,40.16999816894531,33918,0.0,0.0
2024-06-27 14:30:00-04:00,40.169898986816406,41.61000061035156,39.97999954223633,41.189998626708984,49864,0.0,0.0
2024-06-27 15:30:00-04:00,41.560001373291016,41.560001373291016,41.44499969482422,41.560001373291016,4936,0.0,0.0
2024-06-28 09:30:00-04:00,41.4900016784668,41.4900016784668,40.689998626708984,40.7599983215332,0,0.0,0.0
2024-06-28 10:30:00-04:00,40.78499984741211,40.849998474121094,40.75,40.75,7065,0.0,0.0
2024-06-28 11:30:00-04:00,40.88999938964844,41.13999938964844,40.75,40.939998626708984,67597,0.0,0.0
2024-06-28 12:30:00-04:00,41.189998626708984,41.220001220703125,41.189998626708984,41.220001220703125,450,0.0,0.0
2024-06-28 13:30:00-04:00,41.189998626708984,41.220001220703125,41.03499984741211,41.060001373291016,1350,0.0,0.0
2024-06-28 14:30:00-04:00,41.04999923706055,41.34000015258789,41.040000915527344,41.20500183105469,8076,0.0,0.0
2024-06-28 15:30:00-04:00,41.087501525878906,41.27000045776367,41.06999969482422,41.220001220703125,3020,0.0,0.0
2024-07-01 09:30:00-04:00,41.540000915527344,41.540000915527344,41.220001220703125,41.220001220703125,0,0.0,0.0
2024-07-01 10:30:00-04:00,41.0265998840332,41.1150016784668,41.0,41.1150016784668,1359,0.0,0.0
2024-07-01 11:30:00-04:00,41.095001220703125,41.220001220703125,41.095001220703125,41.099998474121094,1740,0.0,0.0
2024-07-01 12:30:00-04:00,41.189998626708984,41.189998626708984,41.0,41.154998779296875,8822,0.0,0.0
2024-07-01 13:30:00-04:00,41.154998779296875,41.154998779296875,41.0,41.0,3042,0.0,0.0
2024-07-01 14:30:00-04:00,41.10499954223633,41.10499954223633,41.0,41.0,1823,0.0,0.0
2024-07-01 15:30:00-04:00,41.0,41.02000045776367,40.974300384521484,41.02000045776367,3058,0.0,0.0
2024-07-02 09:30:00-04:00,41.029998779296875,41.1150016784668,40.849998474121094,41.040000915527344,12494,0.0,0.0
2024-07-02 10:30:00-04:00,41.040000915527344,41.27000045776367,40.900001525878906,40.900001525878906,6725,0.0,0.0
2024-07-02 11:30:00-04:00,40.904998779296875,41.040000915527344,40.88999938964844,40.88999938964844,2086,0.0,0.0
2024-07-02 12:30:00-04:00,40.869998931884766,40.869998931884766,40.869998931884766,40.869998931884766,374,0.0,0.0
2024-07-02 13:30:00-04:00,40.802398681640625,41.0099983215332,40.79999923706055,41.0,5361,0.0,0.0
2024-07-02 14:30:00-04:00,40.95000076293945,41.01300048828125,40.850101470947266,40.850101470947266,6564,0.0,0.0
2024-07-02 15:30:00-04:00,40.939998626708984,40.939998626708984,40.849998474121094,40.90999984741211,3423,0.0,0.0
2024-07-03 09:30:00-04:00,41.060001373291016,41.45000076293945,40.83000183105469,41.21289825439453,0,0.0,0.0
2024-07-03 10:30:00-04:00,41.35499954223633,41.5,41.35499954223633,41.45500183105469,1421,0.0,0.0
2024-07-03 11:30:00-04:00,41.599998474121094,41.599998474121094,41.599998474121094,41.599998474121094,180,0.0,0.0
2024-07-05 09:30:00-04:00,41.599998474121094,41.599998474121094,41.099998474121094,41.11830139160156,0,0.0,0.0
2024-07-05 10:30:00-04:00,41.2400016784668,41.2400016784668,41.100101470947266,41.100101470947266,822,0.0,0.0
2024-07-05 11:30:00-04:00,41.2599983215332,41.27000045776367,41.099998474121094,41.099998474121094,2950,0.0,0.0
2024-07-05 12:30:00-04:00,41.10499954223633,41.11000061035156,41.0,41.0,5275,0.0,0.0
2024-07-05 13:30:00-04:00,40.91999816894531,41.169898986816406,40.7599983215332,40.81999969482422,4832,0.0,0.0
2024-07-05 14:30:00-04:00,40.798099517822266,40.90999984741211,40.798099517822266,40.90999984741211,2366,0.0,0.0
2024-07-05 15:30:00-04:00,40.900001525878906,40.904998779296875,40.810001373291016,40.810001373291016,3078,0.0,0.0
2024-07-08 09:30:00-04:00,40.7599983215332,40.810001373291016,40.75,40.790000915527344,6230,0.0,0.0
2024-07-08 10:30:00-04:00,40.790000915527344,40.869998931884766,40.5099983215332,40.5099983215332,8805,0.0,0.0
2024-07-08 11:30:00-04:00,40.52000045776367,40.650001525878906,40.189998626708984,40.5,22036,0.0,0.0
2024-07-08 12:30:00-04:00,40.45000076293945,40.599998474121094,40.2400016784668,40.400001525878906,7329,0.0,0.0
2024-07-08 13:30:00-04:00,40.22999954223633,40.400001525878906,40.22999954223633,40.290000915527344,3721,0.0,0.0
2024-07-08 14:30:00-04:00,40.279998779296875,40.35499954223633,40.02000045776367,40.15999984741211,7843,0.0,0.0
2024-07-08 15:30:00-04:00,40.16999816894531,40.25,40.06999969482422,40.25,6026,0.0,0.0
2024-07-09 09:30:00-04:00,40.2400016784668,40.25,40.150001525878906,40.25,3043,0.0,0.0
2024-07-09 10:30:00-04:00,40.25,40.41999816894531,40.25,40.28499984741211,2568,0.0,0.0
2024-07-09 11:30:00-04:00,40.31999969482422,40.529998779296875,40.31999969482422,40.41999816894531,4817,0.0,0.0
2024-07-09 12:30:00-04:00,40.5099983215332,40.59000015258789,40.5099983215332,40.529998779296875,1444,0.0,0.0
2024-07-09 14:30:00-04:00,40.43000030517578,40.630001068115234,40.43000030517578,40.630001068115234,820,0.0,0.0
2024-07-09 15:30:00-04:00,40.400001525878906,40.45500183105469,40.400001525878906,40.43000030517578,575,0.0,0.0
2024-07-10 09:30:00-04:00,40.7599983215332,40.7599983215332,40.43239974975586,40.43239974975586,0,0.0,0.0
2024-07-10 10:30:00-04:00,40.5,40.5,40.400001525878906,40.400001525878906,1500,0.0,0.0
2024-07-10 11:30:00-04:00,40.43000030517578,40.599998474121094,40.43000030517578,40.58549880981445,4307,0.0,0.0
2024-07-10 12:30:00-04:00,40.4900016784668,40.529998779296875,40.459999084472656,40.528499603271484,1297,0.0,0.0
2024-07-10 13:30:00-04:00,40.599998474121094,40.75,40.599998474121094,40.63999938964844,977,0.0,0.0
2024-07-10 14:30:00-04:00,40.63999938964844,40.749900817871094,40.527400970458984,40.749900817871094,2501,0.0,0.0
2024-07-10 15:30:00-04:00,40.689998626708984,40.689998626708984,40.599998474121094,40.630001068115234,1884,0.0,0.0
2024-07-11 09:30:00-04:00,41.29999923706055,41.29999923706055,40.98500061035156,40.98500061035156,0,0.0,0.0
2024-07-11 10:30:00-04:00,41.36000061035156,41.36000061035156,41.267799377441406,41.267799377441406,1114,0.0,0.0
2024-07-11 11:30:00-04:00,40.849998474121094,40.90999984741211,40.849998474121094,40.88999938964844,897,0.0,0.0
2024-07-11 12:30:00-04:00,41.05009841918945,41.05009841918945,41.05009841918945,41.05009841918945,2484,0.0,0.0
2024-07-11 13:30:00-04:00,40.939998626708984,40.96900177001953,40.814998626708984,40.96900177001953,844,0.0,0.0
2024-07-11 14:30:00-04:00,40.66999816894531,41.5,40.599998474121094,41.115501403808594,24707,0.0,0.0
2024-07-11 15:30:00-04:00,41.56990051269531,41.56990051269531,41.11000061035156,41.279998779296875,6863,0.0,0.0
2024-07-12 09:30:00-04:00,41.619998931884766,41.619998931884766,41.119998931884766,41.125,1125,0.0,0.0
2024-07-12 10:30:00-04:00,41.37590026855469,41.37590026855469,40.900001525878906,41.20000076293945,1326,0.0,0.0
2024-07-12 11:30:00-04:00,41.220001220703125,41.29999923706055,41.09000015258789,41.15999984741211,1423,0.0,0.0
2024-07-12 12:30:00-04:00,41.08000183105469,41.0973014831543,41.040000915527344,41.084999084472656,810,0.0,0.0
2024-07-12 13:30:00-04:00,41.04999923706055,41.22999954223633,41.040000915527344,41.040000915527344,809,0.0,0.0
2024-07-12 14:30:00-04:00,41.2599983215332,41.290000915527344,41.11000061035156,41.25,1629,0.0,0.0
2024-07-12 15:30:00-04:00,41.290000915527344,41.290000915527344,41.130001068115234,41.13999938964844,1527,0.0,0.0
2024-07-15 09:30:00-04:00,41.650001525878906,41.75,41.650001525878906,41.75,0,0.0,0.0
2024-07-15 10:30:00-04:00,41.75,41.75,41.69499969482422,41.69499969482422,1268,0.0,0.0
2024-07-15 11:30:00-04:00,41.63999938964844,41.67340087890625,41.5281982421875,41.560001373291016,2540,0.0,0.0
2024-07-15 12:30:00-04:00,41.67340087890625,41.689998626708984,41.560001373291016,41.560001373291016,1091,0.0,0.0
2024-07-15 13:30:00-04:00,41.66999816894531,41.75,41.66999816894531,41.736000061035156,998,0.0,0.0
2024-07-15 14:30:00-04:00,41.7400016784668,41.7400016784668,41.73609924316406,41.73609924316406,835,0.0,0.0
2024-07-15 15:30:00-04:00,41.45000076293945,41.45000076293945,41.45000076293945,41.45000076293945,463,0.0,0.0
2024-07-16 09:30:00-04:00,41.599998474121094,41.650001525878906,41.4900016784668,41.650001525878906,0,0.0,0.0
2024-07-16 10:30:00-04:00,41.63999938964844,41.650001525878906,41.61000061035156,41.61000061035156,733,0.0,0.0
2024-07-16 11:30:00-04:00,41.4900016784668,41.4900016784668,41.4900016784668,41.4900016784668,360,0.0,0.0
2024-07-16 12:30:00-04:00,41.599998474121094,41.650001525878906,41.5,41.53499984741211,5288,0.0,0.0
2024-07-16 13:30:00-04:00,41.650001525878906,41.650001525878906,41.47999954223633,41.47999954223633,325,0.0,0.0
2024-07-16 14:30:00-04:00,41.72999954223633,41.7599983215332,41.709999084472656,41.709999084472656,1751,0.0,0.0
2024-07-16 15:30:00-04:00,41.7599983215332,41.91510009765625,41.72999954223633,41.90999984741211,0,0.0,0.0
2024-07-17 09:30:00-04:00,41.90999984741211,42.500701904296875,41.877201080322266,42.060001373291016,4083,0.0,0.0
2024-07-17 10:30:00-04:00,41.779300689697266,42.08000183105469,41.779300689697266,41.90999984741211,2473,0.0,0.0
2024-07-17 11:30:00-04:00,41.79999923706055,41.93000030517578,41.77280044555664,41.77280044555664,1129,0.0,0.0
2024-07-17 12:30:00-04:00,41.63010025024414,41.63010025024414,41.63010025024414,41.63010025024414,319,0.0,0.0
2024-07-17 13:30:00-04:00,41.9541015625,41.9541015625,41.697200775146484,41.697200775146484,2411,0.0,0.0
2024-07-17 14:30:00-04:00,41.970001220703125,42.130001068115234,41.849998474121094,42.130001068115234,592,0.0,0.0
2024-07-17 15:30:00-04:00,41.86759948730469,41.97999954223633,41.86759948730469,41.97999954223633,1240,0.0,0.0
2024-07-18 09:30:00-04:00,42.209999084472656,42.209999084472656,42.209999084472656,42.209999084472656,358,0.0,0.0
2024-07-18 12:30:00-04:00,41.7400016784668,41.7599983215332,41.7400016784668,41.7599983215332,1785,0.0,0.0
2024-07-18 14:30:00-04:00,41.75809860229492,41.75809860229492,41.75450134277344,41.75450134277344,432,0.0,0.0
2024-07-18 15:30:00-04:00,41.84230041503906,42.0099983215332,41.83000183105469,42.0099983215332,1143,0.0,0.0
2024-07-19 09:30:00-04:00,41.75,41.7599983215332,41.654998779296875,41.7599983215332,0,0.0,0.0
2024-07-19 10:30:00-04:00,41.47999954223633,41.47999954223633,41.470001220703125,41.47999954223633,593,0.0,0.0
2024-07-19 11:30:00-04:00,41.282901763916016,41.30500030517578,41.282901763916016,41.30500030517578,700,0.0,0.0
2024-07-19 12:30:00-04:00,41.25,41.25,40.75,40.839900970458984,4372,0.0,0.0
2024-07-19 13:30:00-04:00,40.622501373291016,40.79999923706055,40.622501373291016,40.712398529052734,1975,0.0,0.0
2024-07-19 14:30:00-04:00,40.79999923706055,41.0099983215332,40.76350021362305,40.97999954223633,2908,0.0,0.0
2024-07-19 15:30:00-04:00,41.099998474121094,41.099998474121094,41.0,41.0,3598,0.0,0.0
2024-07-22 09:30:00-04:00,41.099998474121094,41.29999923706055,41.099998474121094,41.260101318359375,0,0.0,0.0
2024-07-22 10:30:00-04:00,41.2599983215332,41.2599983215332,41.23500061035156,41.23500061035156,905,0.0,0.0
2024-07-22 11:30:00-04:00,41.06999969482422,41.27000045776367,41.06999969482422,41.2400016784668,1361,0.0,0.0
2024-07-22 12:30:00-04:00,41.2599983215332,41.2599983215332,41.13999938964844,41.13999938964844,286,0.0,0.0
2024-07-22 13:30:00-04:00,41.15999984741211,41.36000061035156,41.15999984741211,41.34000015258789,975,0.0,0.0
2024-07-22 14:30:00-04:00,41.529998779296875,41.529998779296875,41.41999816894531,41.41999816894531,974,0.0,0.0
2024-07-22 15:30:00-04:00,41.459999084472656,41.499900817871094,41.43000030517578,41.48500061035156,2707,0.0,0.0
2024-07-23 09:30:00-04:00,41.29999923706055,41.68000030517578,41.05830001831055,41.34000015258789,1636,0.0,0.0
2024-07-23 11:30:00-04:00,41.310001373291016,41.310001373291016,41.17499923706055,41.17499923706055,1987,0.0,0.0
2024-07-23 12:30:00-04:00,41.2400016784668,41.33000183105469,41.03070068359375,41.03070068359375,870,0.0,0.0
2024-07-23 13:30:00-04:00,41.22999954223633,41.22999954223633,41.22999954223633,41.22999954223633,282,0.0,0.0
2024-07-23 14:30:00-04:00,41.15999984741211,41.16999816894531,41.010101318359375,41.119998931884766,2604,0.0,0.0
2024-07-23 15:30:00-04:00,41.0099983215332,41.25,41.0099983215332,41.0099983215332,1757,0.0,0.0
2024-07-24 09:30:00-04:00,41.0,41.0099983215332,40.779998779296875,40.779998779296875,0,0.0,0.0
2024-07-24 10:30:00-04:00,40.72999954223633,40.779998779296875,40.72999954223633,40.779998779296875,650,0.0,0.0
2024-07-24 12:30:00-04:00,40.614498138427734,40.650001525878906,40.59000015258789,40.59000015258789,665,0.0,0.0
2024-07-24 13:30:00-04:00,40.5,40.5,40.41999816894531,40.41999816894531,821,0.0,0.0
2024-07-24 14:30:00-04:00,40.40999984741211,40.424400329589844,40.310001373291016,40.310001373291016,2322,0.0,0.0
2024-07-24 15:30:00-04:00,40.290000915527344,40.290000915527344,40.15999984741211,40.15999984741211,5068,0.0,0.0
2024-07-25 09:30:00-04:00,40.150001525878906,40.59000015258789,40.150001525878906,40.3650016784668,0,0.0,0.0
2024-07-25 10:30:00-04:00,40.2140007019043,40.2140007019043,40.2140007019043,40.2140007019043,165,0.0,0.0
2024-07-25 11:30:00-04:00,40.275001525878906,40.33000183105469,40.275001525878906,40.33000183105469,978,0.0,0.0
2024-07-25 12:30:00-04:00,40.33000183105469,40.33000183105469,40.310001373291016,40.310001373291016,251,0.0,0.0
2024-07-25 13:30:00-04:00,40.380001068115234,40.380001068115234,40.279998779296875,40.279998779296875,649,0.0,0.0
2024-07-25 14:30:00-04:00,40.15999984741211,40.220001220703125,40.150001525878906,40.15999984741211,2201,0.0,0.0
2024-07-25 15:30:00-04:00,40.11000061035156,40.1598014831543,40.0099983215332,40.02000045776367,3050,0.0,0.0
2024-07-26 09:30:00-04:00,40.20000076293945,40.20000076293945,40.050498962402344,40.050498962402344,0,0.0,0.0
2024-07-26 10:30:00-04:00,40.05220031738281,40.20000076293945,40.05220031738281,40.20000076293945,2030,0.0,0.0
2024-07-26 11:30:00-04:00,40.220001220703125,40.220001220703125,40.220001220703125,40.220001220703125,560,0.0,0.0
2024-07-26 13:30:00-04:00,40.18000030517578,40.21500015258789,40.040000915527344,40.04499816894531,1382,0.0,0.0
2024-07-26 14:30:00-04:00,40.06999969482422,40.21500015258789,40.040000915527344,40.12260055541992,1742,0.0,0.0
2024-07-26 15:30:00-04:00,40.04999923706055,40.400001525878906,40.0099983215332,40.02000045776367,4819,0.0,0.0
2024-07-29 09:30:00-04:00,40.380001068115234,40.380001068115234,39.939998626708984,39.95000076293945,0,0.0,0.0
2024-07-29 10:30:00-04:00,39.939998626708984,40.0099983215332,39.93000030517578,39.93000030517578,22928,0.0,0.0
2024-07-29 11:30:00-04:00,39.79999923706055,40.08000183105469,39.75,40.00619888305664,45169,0.0,0.0
2024-07-29 12:30:00-04:00,39.98500061035156,40.16999816894531,39.91999816894531,40.125,52405,0.0,0.0
2024-07-29 13:30:00-04:00,40.15999984741211,40.189998626708984,40.099998474121094,40.16999816894531,8583,0.0,0.0
2024-07-29 14:30:00-04:00,40.11000061035156,40.18000030517578,40.0,40.0,7370,0.0,0.0
2024-07-29 15:30:00-04:00,40.27000045776367,40.31999969482422,40.060001373291016,40.150001525878906,10674,0.0,0.0
2024-07-30 09:30:00-04:00,40.470001220703125,40.470001220703125,40.09000015258789,40.09000015258789,0,0.0,0.0
2024-07-30 10:30:00-04:00,40.29999923706055,40.29999923706055,40.290000915527344,40.290000915527344,560,0.0,0.0
2024-07-30 11:30:00-04:00,40.29999923706055,40.29999923706055,40.09000015258789,40.09000015258789,1092,0.0,0.0
2024-07-30 12:30:00-04:00,39.9900016784668,39.9900016784668,39.81999969482422,39.845001220703125,1185,0.0,0.0
2024-07-30 13:30:00-04:00,39.78499984741211,39.78499984741211,39.75,39.75,1127,0.0,0.0
2024-07-30 14:30:00-04:00,39.790000915527344,39.790000915527344,39.790000915527344,39.790000915527344,280,0.0,0.0
2024-07-30 15:30:00-04:00,39.790000915527344,39.869998931884766,39.709999084472656,39.709999084472656,1092,0.0,0.0
2024-07-31 09:30:00-04:00,40.529998779296875,40.529998779296875,39.66999816894531,40.05500030517578,0,0.0,0.0
2024-07-31 10:30:00-04:00,39.90999984741211,40.247798919677734,39.869998931884766,40.06999969482422,3944,0.0,0.0
2024-07-31 11:30:00-04:00,39.949501037597656,40.25,39.939998626708984,40.0,2158,0.0,0.0
2024-07-31 12:30:00-04:00,39.97999954223633,39.97999954223633,39.849998474121094,39.915000915527344,4417,0.0,0.0
2024-07-31 13:30:00-04:00,39.8849983215332,39.994998931884766,39.8849983215332,39.900001525878906,2265,0.0,0.0
2024-07-31 14:30:00-04:00,39.959999084472656,40.470001220703125,39.959999084472656,40.20479965209961,6898,0.0,0.0
2024-07-31 15:30:00-04:00,40.11000061035156,40.470001220703125,40.11000061035156,40.150001525878906,2178,0.0,0.0
2024-08-01 09:30:00-04:00,40.77000045776367,40.77000045776367,40.189998626708984,40.35200119018555,0,0.0,0.0
2024-08-01 10:30:00-04:00,40.349998474121094,40.36000061035156,40.099998474121094,40.099998474121094,6791,0.0,0.0
2024-08-01 11:30:00-04:00,40.209999084472656,40.27000045776367,39.9900016784668,40.14500045776367,12017,0.0,0.0
2024-08-01 12:30:00-04:00,40.150001525878906,40.150001525878906,40.0,40.079898834228516,2195,0.0,0.0
2024-08-01 13:30:00-04:00,40.040000915527344,40.29999923706055,40.036399841308594,40.29999923706055,857,0.0,0.0
2024-08-01 14:30:00-04:00,40.099998474121094,40.274200439453125,40.074501037597656,40.16999816894531,1110,0.0,0.0
2024-08-01 15:30:00-04:00,40.16999816894531,40.279998779296875,40.099998474121094,40.099998474121094,2497,0.0,0.0
2024-08-02 09:30:00-04:00,40.439998626708984,40.439998626708984,39.25,39.25,0,0.0,0.0
2024-08-02 10:30:00-04:00,38.72999954223633,38.78229904174805,38.68000030517578,38.78229904174805,1390,0.0,0.0
2024-08-02 11:30:00-04:00,38.560001373291016,38.9900016784668,37.88999938964844,38.560001373291016,19286,0.0,0.0
2024-08-02 12:30:00-04:00,38.654998779296875,38.654998779296875,38.5,38.5,2337,0.0,0.0
2024-08-02 13:30:00-04:00,38.654998779296875,38.72999954223633,38.56999969482422,38.65999984741211,1684,0.0,0.0
2024-08-02 14:30:00-04:00,38.600101470947266,38.81999969482422,38.600101470947266,38.72999954223633,2814,0.0,0.0
2024-08-02 15:30:00-04:00,38.650001525878906,38.81999969482422,38.650001525878906,38.65999984741211,720,0.0,0.0
2024-08-05 09:30:00-04:00,38.22999954223633,38.22999954223633,36.709999084472656,37.130001068115234,20865,0.0,0.0
2024-08-05 10:30:00-04:00,37.119998931884766,37.20500183105469,37.08000183105469,37.15999984741211,3105,0.0,0.0
2024-08-05 11:30:00-04:00,37.22999954223633,37.478599548339844,36.90999984741211,37.47779846191406,7660,0.0,0.0
2024-08-05 13:30:00-04:00,37.5,37.5,37.36000061035156,37.36000061035156,732,0.0,0.0
2024-08-05 14:30:00-04:00,37.415000915527344,37.5,37.415000915527344,37.5,322,0.0,0.0
2024-08-05 15:30:00-04:00,37.560001373291016,37.560001373291016,37.380001068115234,37.38999938964844,1123,0.0,0.0
2024-08-06 09:30:00-04:00,37.43000030517578,38.099998474121094,37.43000030517578,37.959999084472656,0,0.0,0.0
2024-08-06 10:30:00-04:00,38.150001525878906,38.16999816894531,38.13999938964844,38.16999816894531,988,0.0,0.0
2024-08-06 11:30:00-04:00,38.40999984741211,38.40999984741211,38.306400299072266,38.306400299072266,1060,0.0,0.0
2024-08-06 12:30:00-04:00,38.459999084472656,38.459999084472656,38.459999084472656,38.459999084472656,437,0.0,0.0
2024-08-06 13:30:00-04:00,38.41999816894531,38.689998626708984,38.41999816894531,38.689998626708984,1373,0.0,0.0
2024-08-06 14:30:00-04:00,38.6161994934082,38.67499923706055,38.599998474121094,38.630001068115234,15724,0.0,0.0
2024-08-06 15:30:00-04:00,38.720001220703125,38.88999938964844,38.720001220703125,38.79999923706055,1216,0.0,0.0
2024-08-07 09:30:00-04:00,39.290000915527344,39.290000915527344,39.290000915527344,39.290000915527344,0,0.0,0.0
2024-08-07 10:30:00-04:00,39.44499969482422,39.560001373291016,39.43000030517578,39.45000076293945,2347,0.0,0.0
2024-08-07 11:30:00-04:00,39.439998626708984,39.44499969482422,39.439998626708984,39.44499969482422,379,0.0,0.0
2024-08-07 12:30:00-04:00,39.40999984741211,39.559600830078125,39.400001525878906,39.400001525878906,2885,0.0,0.0
2024-08-07 13:30:00-04:00,39.380001068115234,39.380001068115234,39.25,39.310001373291016,1079,0.0,0.0
2024-08-07 14:30:00-04:00,39.29999923706055,39.400001525878906,39.27000045776367,39.400001525878906,3958,0.0,0.0
2024-08-07 15:30:00-04:00,39.310001373291016,39.380001068115234,39.2400016784668,39.290000915527344,2515,0.0,0.0
2024-08-08 09:30:00-04:00,39.70000076293945,39.70000076293945,39.13999938964844,39.13999938964844,0,0.0,0.0
2024-08-08 10:30:00-04:00,39.20000076293945,39.20000076293945,39.20000076293945,39.20000076293945,516,0.0,0.0
2024-08-08 11:30:00-04:00,39.209999084472656,39.29999923706055,39.209999084472656,39.29999923706055,1627,0.0,0.0
2024-08-08 12:30:00-04:00,39.415000915527344,39.59000015258789,39.369998931884766,39.369998931884766,3597,0.0,0.0
2024-08-08 13:30:00-04:00,39.3849983215332,39.525001525878906,39.369998931884766,39.369998931884766,15139,0.0,0.0
2024-08-08 14:30:00-04:00,39.494998931884766,39.494998931884766,39.369998931884766,39.435001373291016,10550,0.0,0.0
2024-08-08 15:30:00-04:00,39.45000076293945,39.45000076293945,39.34000015258789,39.34000015258789,1826,0.0,0.0
2024-08-09 09:30:00-04:00,39.63999938964844,39.63999938964844,39.36000061035156,39.378501892089844,0,0.0,0.0
2024-08-09 10:30:00-04:00,39.5,39.61000061035156,39.5,39.500099182128906,1082,0.0,0.0
2024-08-09 11:30:00-04:00,39.54999923706055,39.54999923706055,39.22999954223633,39.22999954223633,3057,0.0,0.0
2024-08-09 12:30:00-04:00,39.189998626708984,39.31999969482422,39.189998626708984,39.31999969482422,440,0.0,0.0
2024-08-09 13:30:00-04:00,39.34000015258789,39.5,39.31999969482422,39.38999938964844,3617,0.0,0.0
2024-08-09 14:30:00-04:00,39.38199996948242,39.45000076293945,39.38199996948242,39.40999984741211,3034,0.0,0.0
2024-08-09 15:30:00-04:00,39.400001525878906,39.41999816894531,39.25,39.25,8761,0.0,0.0
2024-08-12 09:30:00-04:00,39.494998931884766,39.619998931884766,39.494998931884766,39.505001068115234,0,0.0,0.0
2024-08-12 10:30:00-04:00,39.619998931884766,39.619998931884766,39.619998931884766,39.619998931884766,537,0.0,0.0
2024-08-12 11:30:00-04:00,39.505001068115234,39.650001525878906,39.470001220703125,39.470001220703125,3426,0.0,0.0
2024-08-12 12:30:00-04:00,39.5099983215332,39.650001525878906,39.47999954223633,39.630001068115234,1894,0.0,0.0
2024-08-12 13:30:00-04:00,39.5,39.5,39.2400016784668,39.48500061035156,4624,0.0,0.0
2024-08-12 14:30:00-04:00,39.649898529052734,39.649898529052734,39.505001068115234,39.505001068115234,839,0.0,0.0
2024-08-12 15:30:00-04:00,39.43199920654297,39.5099983215332,39.209999084472656,39.36000061035156,1940,0.0,0.0
2024-08-13 09:30:00-04:00,39.779998779296875,39.779998779296875,39.38999938964844,39.38999938964844,3121,0.0,0.0
2024-08-13 10:30:00-04:00,39.10309982299805,39.10309982299805,39.10309982299805,39.10309982299805,103,0.0,0.0
2024-08-13 11:30:00-04:00,39.255001068115234,39.255001068115234,39.13100051879883,39.255001068115234,1130,0.0,0.0
2024-08-13 12:30:00-04:00,39.290000915527344,39.38999938964844,39.290000915527344,39.38999938964844,3480,0.0,0.0
2024-08-13 13:30:00-04:00,39.38999938964844,39.400001525878906,39.380001068115234,39.39500045776367,1426,0.0,0.0
2024-08-13 14:30:00-04:00,39.369998931884766,39.400001525878906,39.36000061035156,39.36000061035156,1802,0.0,0.0
2024-08-13 15:30:00-04:00,39.37799835205078,39.38999938964844,39.34000015258789,39.34000015258789,2327,0.0,0.0
2024-08-14 09:30:00-04:00,38.880001068115234,38.880001068115234,38.54999923706055,38.614200592041016,0,0.0,0.0
2024-08-14 10:30:00-04:00,38.7140007019043,38.7140007019043,38.7140007019043,38.7140007019043,277,0.0,0.0
2024-08-14 11:30:00-04:00,38.80799865722656,38.83000183105469,38.80799865722656,38.83000183105469,1605,0.0,0.0
2024-08-14 12:30:00-04:00,38.849998474121094,38.900001525878906,38.849998474121094,38.880001068115234,5405,0.0,0.0
2024-08-14 13:30:00-04:00,38.900001525878906,38.900001525878906,38.849998474121094,38.900001525878906,3525,0.0,0.0
2024-08-14 14:30:00-04:00,38.900001525878906,39.04999923706055,38.88999938964844,38.91999816894531,24377,0.0,0.0
2024-08-14 15:30:00-04:00,38.97999954223633,39.099998474121094,38.93000030517578,38.93000030517578,1337,0.0,0.0
2024-08-15 09:30:00-04:00,39.189998626708984,39.61589813232422,39.189998626708984,39.23590087890625,0,0.0,0.0
2024-08-15 10:30:00-04:00,39.26259994506836,39.5,39.26259994506836,39.5,1900,0.0,0.0
2024-08-15 11:30:00-04:00,39.529998779296875,39.599998474121094,39.50120162963867,39.58000183105469,2090,0.0,0.0
2024-08-15 12:30:00-04:00,39.58000183105469,39.58000183105469,39.58000183105469,39.58000183105469,609,0.0,0.0
2024-08-15 14:30:00-04:00,39.48500061035156,39.54999923706055,39.48500061035156,39.54999923706055,1363,0.0,0.0
2024-08-15 15:30:00-04:00,39.540000915527344,39.54999923706055,39.4900016784668,39.4900016784668,3543,0.0,0.0
2024-08-16 09:30:00-04:00,39.77000045776367,39.77000045776367,39.619998931884766,39.7599983215332,0,0.0,0.0
2024-08-16 10:30:00-04:00,39.72999954223633,39.76499938964844,39.619998931884766,39.76499938964844,2360,0.0,0.0
2024-08-16 11:30:00-04:00,39.7599983215332,39.77000045776367,39.70000076293945,39.77000045776367,1560,0.0,0.0
2024-08-16 12:30:00-04:00,39.7599983215332,39.79999923706055,39.709999084472656,39.79999923706055,4554,0.0,0.0
2024-08-16 14:30:00-04:00,39.95000076293945,39.9900016784668,39.849998474121094,39.9900016784668,1208,0.0,0.0
2024-08-16 15:30:00-04:00,40.15999984741211,40.15999984741211,40.15999984741211,40.15999984741211,597,0.0,0.0
2024-08-19 09:30:00-04:00,40.029998779296875,40.189998626708984,39.790000915527344,40.0099983215332,1471,0.0,0.0
2024-08-19 10:30:00-04:00,39.970001220703125,40.22999954223633,39.869998931884766,40.22999954223633,991,0.0,0.0
2024-08-19 11:30:00-04:00,40.07080078125,40.25,40.07080078125,40.25,849,0.0,0.0
2024-08-19 12:30:00-04:00,40.25,40.25,40.185001373291016,40.25,4188,0.0,0.0
2024-08-19 13:30:00-04:00,40.23500061035156,40.23500061035156,40.220001220703125,40.22999954223633,1222,0.0,0.0
2024-08-19 14:30:00-04:00,40.220001220703125,40.2400016784668,40.09000015258789,40.2400016784668,3201,0.0,0.0
2024-08-19 15:30:00-04:00,40.15999984741211,40.15999984741211,40.095001220703125,40.15999984741211,1992,0.0,0.0
2024-08-20 09:30:00-04:00,40.31999969482422,40.31999969482422,40.02000045776367,40.02000045776367,0,0.0,0.0
2024-08-20 10:30:00-04:00,40.060001373291016,40.209999084472656,39.880001068115234,40.0,1680,0.0,0.0
2024-08-20 11:30:00-04:00,39.959999084472656,39.959999084472656,39.95000076293945,39.95000076293945,311,0.0,0.0
2024-08-20 12:30:00-04:00,39.95000076293945,39.95000076293945,39.845001220703125,39.869998931884766,861,0.0,0.0
2024-08-20 13:30:00-04:00,39.900001525878906,39.900001525878906,39.834999084472656,39.834999084472656,1152,0.0,0.0
2024-08-20 14:30:00-04:00,39.79999923706055,39.90999984741211,39.79999923706055,39.88999938964844,2214,0.0,0.0
2024-08-20 15:30:00-04:00,39.88520050048828,39.90999984741211,39.79999923706055,39.79999923706055,6463,0.0,0.0
2024-08-21 09:30:00-04:00,39.77000045776367,39.8849983215332,39.77000045776367,39.8849983215332,0,0.0,0.0
2024-08-21 10:30:00-04:00,40.0,40.0,39.849998474121094,39.849998474121094,2624,0.0,0.0
2024-08-21 11:30:00-04:00,40.0,40.0,39.8302001953125,40.0,526,0.0,0.0
2024-08-21 12:30:00-04:00,40.0,40.0,39.89500045776367,40.0,684,0.0,0.0
2024-08-21 13:30:00-04:00,39.95000076293945,39.9900016784668,39.900001525878906,39.9900016784668,1419,0.0,0.0
2024-08-21 14:30:00-04:00,40.0,40.0,39.900001525878906,39.900001525878906,588,0.0,0.0
2024-08-21 15:30:00-04:00,39.92639923095703,39.92639923095703,39.83000183105469,39.84000015258789,1959,0.0,0.0
2024-08-22 09:30:00-04:00,39.75,39.90999984741211,39.75,39.90999984741211,0,0.0,0.0
2024-08-22 10:30:00-04:00,39.8849983215332,39.89500045776367,39.7400016784668,39.89500045776367,1091,0.0,0.0
2024-08-22 11:30:00-04:00,39.900001525878906,39.900001525878906,39.900001525878906,39.900001525878906,210,0.0,0.0
2024-08-22 12:30:00-04:00,39.91999816894531,39.91999816894531,39.82400131225586,39.91999816894531,1766,0.0,0.0
2024-08-22 13:30:00-04:00,39.86000061035156,39.900001525878906,39.79999923706055,39.88999938964844,3075,0.0,0.0
2024-08-22 14:30:00-04:00,39.88999938964844,39.88999938964844,39.75,39.7599983215332,3563,0.0,0.0
2024-08-22 15:30:00-04:00,39.720001220703125,39.79999923706055,39.650001525878906,39.650001525878906,0,0.0,0.0
2024-08-23 09:30:00-04:00,40.0,40.20199966430664,39.96500015258789,40.08000183105469,3870,0.0,0.0
2024-08-23 11:30:00-04:00,39.91120147705078,39.92499923706055,39.84000015258789,39.84000015258789,895,0.0,0.0
2024-08-23 12:30:00-04:00,39.86000061035156,40.04999923706055,39.86000061035156,40.04999923706055,6505,0.0,0.0
2024-08-23 13:30:00-04:00,40.04999923706055,40.04999923706055,39.9900016784668,40.040000915527344,660,0.0,0.0
2024-08-23 14:30:00-04:00,40.029998779296875,40.029998779296875,39.98500061035156,39.98500061035156,684,0.0,0.0
2024-08-23 15:30:00-04:00,40.005001068115234,40.040000915527344,40.005001068115234,40.02000045776367,1067,0.0,0.0
2024-08-26 09:30:00-04:00,40.59000015258789,40.59000015258789,40.45000076293945,40.45000076293945,0,0.0,0.0
2024-08-26 10:30:00-04:00,40.34000015258789,40.39400100708008,40.34000015258789,40.39400100708008,671,0.0,0.0
2024-08-26 11:30:00-04:00,40.37419891357422,40.37419891357422,40.37419891357422,40.37419891357422,140,0.0,0.0
2024-08-26 12:30:00-04:00,40.43000030517578,40.43000030517578,40.41999816894531,40.41999816894531,1506,0.0,0.0
2024-08-26 13:30:00-04:00,40.400001525878906,40.400001525878906,40.36600112915039,40.36600112915039,1099,0.0,0.0
2024-08-26 15:30:00-04:00,40.349998474121094,40.35499954223633,40.34000015258789,40.349998474121094,3030,0.0,0.0
2024-08-27 09:30:00-04:00,40.43000030517578,40.43000030517578,40.25,40.25,0,0.0,0.0
2024-08-27 10:30:00-04:00,40.279998779296875,40.279998779296875,40.20000076293945,40.20000076293945,507,0.0,0.0
2024-08-27 11:30:00-04:00,40.220001220703125,40.220001220703125,40.11000061035156,40.11000061035156,797,0.0,0.0
2024-08-27 12:30:00-04:00,40.185001373291016,40.185001373291016,40.185001373291016,40.185001373291016,573,0.0,0.0
2024-08-27 13:30:00-04:00,40.029998779296875,40.040000915527344,39.88999938964844,39.89500045776367,4381,0.0,0.0
2024-08-27 14:30:00-04:00,39.88999938964844,39.900001525878906,39.849998474121094,39.900001525878906,4013,0.0,0.0
2024-08-27 15:30:00-04:00,39.869998931884766,39.869998931884766,39.84000015258789,39.84000015258789,322,0.0,0.0
2024-08-28 09:30:00-04:00,39.75,39.880001068115234,39.75,39.880001068115234,0,0.0,0.0
2024-08-28 10:30:00-04:00,39.81399917602539,39.81399917602539,39.65999984741211,39.70000076293945,5531,0.0,0.0
2024-08-28 11:30:00-04:00,39.688201904296875,39.688201904296875,39.688201904296875,39.688201904296875,418,0.0,0.0
2024-08-28 13:30:00-04:00,39.685001373291016,39.779998779296875,39.68000030517578,39.7400016784668,1179,0.0,0.0
2024-08-28 14:30:00-04:00,39.70000076293945,39.77000045776367,39.68000030517578,39.77000045776367,6149,0.0,0.0
2024-08-28 15:30:00-04:00,39.75,39.869998931884766,39.75,39.86000061035156,1547,0.0,0.0
2024-08-29 09:30:00-04:00,40.02000045776367,40.119998931884766,40.02000045776367,40.119998931884766,0,0.0,0.0
2024-08-29 10:30:00-04:00,40.45000076293945,40.45000076293945,40.400001525878906,40.400001525878906,692,0.0,0.0
2024-08-29 11:30:00-04:00,40.402198791503906,40.439998626708984,40.402198791503906,40.439998626708984,687,0.0,0.0
2024-08-29 12:30:00-04:00,40.45000076293945,40.540000915527344,40.4031982421875,40.540000915527344,827,0.0,0.0
2024-08-29 13:30:00-04:00,40.540000915527344,40.599998474121094,40.36000061035156,40.599998474121094,1147,0.0,0.0
2024-08-29 14:30:00-04:00,40.599998474121094,40.599998474121094,40.599998474121094,40.599998474121094,335,0.0,0.0
2024-08-29 15:30:00-04:00,40.59000015258789,40.66999816894531,40.400001525878906,40.63999938964844,2185,0.0,0.0
2024-08-30 09:30:00-04:00,40.75,40.83000183105469,40.52980041503906,40.59000015258789,823,0.0,0.0
2024-08-30 10:30:00-04:00,40.70000076293945,40.880001068115234,40.67720031738281,40.880001068115234,2029,0.0,0.0
2024-08-30 11:30:00-04:00,40.90999984741211,40.90999984741211,40.82160186767578,40.82160186767578,517,0.0,0.0
2024-08-30 12:30:00-04:00,40.78200149536133,40.90999984741211,40.78200149536133,40.90999984741211,1396,0.0,0.0
2024-08-30 13:30:00-04:00,40.90999984741211,40.90999984741211,40.90999984741211,40.90999984741211,772,0.0,0.0
2024-08-30 15:30:00-04:00,40.90999984741211,40.91999816894531,40.90999984741211,40.91999816894531,513,0.0,0.0
2024-09-03 09:30:00-04:00,40.81999969482422,40.81999969482422,40.18040084838867,40.18040084838867,0,0.0,0.0
2024-09-03 10:30:00-04:00,40.18000030517578,40.25,40.18000030517578,40.18000030517578,1130,0.0,0.0
2024-09-03 11:30:00-04:00,40.45989990234375,40.52000045776367,40.34000015258789,40.52000045776367,607,0.0,0.0
2024-09-03 12:30:00-04:00,40.25,40.25,40.25,40.25,275,0.0,0.0
2024-09-03 13:30:00-04:00,40.34880065917969,40.43000030517578,40.314300537109375,40.43000030517578,850,0.0,0.0
2024-09-03 14:30:00-04:00,40.31999969482422,40.31999969482422,40.31999969482422,40.31999969482422,384,0.0,0.0
2024-09-03 15:30:00-04:00,40.5,40.59000015258789,40.5,40.58000183105469,701,0.0,0.0
2024-09-04 09:30:00-04:00,40.86000061035156,40.86000061035156,40.47999954223633,40.52000045776367,0,0.0,0.0
2024-09-04 10:30:00-04:00,40.47999954223633,40.56999969482422,40.47999954223633,40.56999969482422,455,0.0,0.0
2024-09-04 11:30:00-04:00,40.540000915527344,40.56999969482422,40.5,40.56999969482422,1439,0.0,0.0
2024-09-04 12:30:00-04:00,40.55699920654297,40.55699920654297,40.55699920654297,40.55699920654297,154,0.0,0.0
2024-09-04 13:30:00-04:00,40.5,40.5,40.400001525878906,40.400001525878906,356,0.0,0.0
2024-09-04 14:30:00-04:00,40.474998474121094,40.474998474121094,40.474998474121094,40.474998474121094,142,0.0,0.0
2024-09-05 09:30:00-04:00,40.349998474121094,40.53499984741211,40.29999923706055,40.400001525878906,0,0.0,0.0
2024-09-05 10:30:00-04:00,40.400001525878906,40.650001525878906,40.36009979248047,40.61000061035156,5641,0.0,0.0
2024-09-05 11:30:00-04:00,40.70989990234375,40.70989990234375,40.2400016784668,40.2400016784668,755,0.0,0.0
2024-09-05 12:30:00-04:00,40.209999084472656,40.45500183105469,40.20000076293945,40.404998779296875,2241,0.0,0.0
2024-09-05 13:30:00-04:00,40.21900177001953,40.21900177001953,40.119998931884766,40.119998931884766,1762,0.0,0.0
2024-09-05 14:30:00-04:00,40.17599868774414,40.20000076293945,40.17599868774414,40.20000076293945,3710,0.0,0.0
2024-09-05 15:30:00-04:00,40.380001068115234,40.380001068115234,40.20000076293945,40.20000076293945,229,0.0,0.0
2024-09-06 09:30:00-04:00,40.45000076293945,40.569400787353516,40.45000076293945,40.54499816894531,0,0.0,0.0
2024-09-06 10:30:00-04:00,40.560001373291016,40.560001373291016,40.34000015258789,40.34000015258789,553,0.0,0.0
2024-09-06 12:30:00-04:00,40.43000030517578,40.43000030517578,40.43000030517578,40.43000030517578,102,0.0,0.0
2024-09-06 13:30:00-04:00,40.349998474121094,40.349998474121094,40.20000076293945,40.31999969482422,795,0.0,0.0
2024-09-06 15:30:00-04:00,40.207298278808594,40.207298278808594,40.189998626708984,40.189998626708984,494,0.0,0.0
2024-09-09 09:30:00-04:00,40.209999084472656,40.400001525878906,40.209999084472656,40.220001220703125,0,0.0,0.0
2024-09-09 10:30:00-04:00,40.08000183105469,40.130001068115234,40.06999969482422,40.130001068115234,589,0.0,0.0
2024-09-09 11:30:00-04:00,40.13999938964844,40.13999938964844,40.095001220703125,40.095001220703125,353,0.0,0.0
2024-09-09 12:30:00-04:00,40.08420181274414,40.08420181274414,40.04999923706055,40.04999923706055,666,0.0,0.0
2024-09-09 13:30:00-04:00,40.02000045776367,40.02000045776367,40.0099983215332,40.0099983215332,453,0.0,0.0
2024-09-09 14:30:00-04:00,39.939998626708984,39.939998626708984,39.88010025024414,39.939998626708984,418,0.0,0.0
2024-09-09 15:30:00-04:00,39.939998626708984,40.06999969482422,39.9119987487793,40.04999923706055,671,0.0,0.0
2024-09-10 09:30:00-04:00,39.95000076293945,40.16999816894531,39.86000061035156,39.86000061035156,0,0.0,0.0
2024-09-10 10:30:00-04:00,39.98500061035156,39.98500061035156,39.850101470947266,39.95719909667969,1909,0.0,0.0
2024-09-10 11:30:00-04:00,39.90999984741211,39.90999984741211,39.69430160522461,39.70000076293945,2892,0.0,0.0
2024-09-10 12:30:00-04:00,39.70000076293945,39.880001068115234,39.45000076293945,39.5,3713,0.0,0.0
2024-09-10 13:30:00-04:00,39.525001525878906,39.689998626708984,39.47999954223633,39.4900016784668,6803,0.0,0.0
2024-09-10 14:30:00-04:00,39.45000076293945,39.4900016784668,39.202701568603516,39.436798095703125,5531,0.0,0.0
2024-09-10 15:30:00-04:00,39.459999084472656,39.4900016784668,39.45000076293945,39.459999084472656,2451,0.0,0.0
2024-09-11 09:30:00-04:00,39.220001220703125,39.43000030517578,39.0099983215332,39.38140106201172,0,0.0,0.0
2024-09-11 10:30:00-04:00,39.21500015258789,39.43000030517578,39.209999084472656,39.220001220703125,5163,0.0,0.0
2024-09-11 11:30:00-04:00,39.22999954223633,39.25,39.0,39.2400016784668,8714,0.0,0.0
2024-09-11 12:30:00-04:00,39.1870002746582,39.1870002746582,39.0099983215332,39.130001068115234,4882,0.0,0.0
2024-09-11 13:30:00-04:00,39.150001525878906,39.290000915527344,39.0,39.290000915527344,5774,0.0,0.0
2024-09-11 14:30:00-04:00,39.185001373291016,39.29999923706055,39.099998474121094,39.27000045776367,5583,0.0,0.0
2024-09-11 15:30:00-04:00,39.150001525878906,39.209999084472656,39.0,39.099998474121094,0,0.0,0.0
2024-09-12 09:30:00-04:00,39.349998474121094,39.76499938964844,39.349998474121094,39.66559982299805,14644,0.0,0.0
2024-09-12 10:30:00-04:00,39.66999816894531,39.869998931884766,39.66999816894531,39.869998931884766,8258,0.0,0.0
2024-09-12 11:30:00-04:00,40.0,40.2599983215332,39.91999816894531,40.2599983215332,10978,0.0,0.0
2024-09-12 12:30:00-04:00,39.970001220703125,40.2598991394043,39.970001220703125,40.11399841308594,2079,0.0,0.0
2024-09-12 13:30:00-04:00,40.0,40.099998474121094,40.0,40.099998474121094,3900,0.0,0.0
2024-09-12 14:30:00-04:00,40.023101806640625,40.13999938964844,40.0099983215332,40.06999969482422,3566,0.0,0.0
2024-09-12 15:30:00-04:00,40.0,40.13999938964844,40.0,40.060001373291016,0,0.0,0.0
2024-09-13 09:30:00-04:00,40.345001220703125,40.68000030517578,40.345001220703125,40.529998779296875,24286,0.0,0.0
2024-09-13 10:30:00-04:00,40.47999954223633,40.63999938964844,40.45000076293945,40.46500015258789,9348,0.0,0.0
2024-09-13 11:30:00-04:00,40.46500015258789,40.84989929199219,40.459999084472656,40.84989929199219,7007,0.0,0.0
2024-09-13 12:30:00-04:00,40.757598876953125,40.84989929199219,40.630001068115234,40.80500030517578,6972,0.0,0.0
2024-09-13 13:30:00-04:00,40.79999923706055,40.939998626708984,40.79999923706055,40.849998474121094,5719,0.0,0.0
2024-09-13 14:30:00-04:00,40.849998474121094,40.939998626708984,40.75,40.869998931884766,4789,0.0,0.0
2024-09-13 15:30:00-04:00,40.869998931884766,40.959999084472656,40.77000045776367,40.77000045776367,6433,0.0,0.0
2024-09-16 09:30:00-04:00,41.02000045776367,41.54999923706055,41.02000045776367,41.459999084472656,0,0.0,0.0
2024-09-16 10:30:00-04:00,41.54909896850586,41.68000030517578,41.41999816894531,41.58000183105469,14236,0.0,0.0
2024-09-16 11:30:00-04:00,41.540000915527344,41.72959899902344,41.52000045776367,41.61000061035156,10507,0.0,0.0
2024-09-16 12:30:00-04:00,41.54999923706055,41.77000045776367,41.54999923706055,41.61000061035156,12784,0.0,0.0
2024-09-16 13:30:00-04:00,41.65999984741211,41.727500915527344,41.45000076293945,41.45000076293945,4515,0.0,0.0
2024-09-16 14:30:00-04:00,41.57059860229492,41.619998931884766,41.279998779296875,41.560001373291016,11420,0.0,0.0
2024-09-16 15:30:00-04:00,41.59000015258789,41.599998474121094,41.5099983215332,41.54999923706055,6467,0.0,0.0
2024-09-17 09:30:00-04:00,41.59000015258789,42.0,41.59000015258789,41.91999816894531,4369,0.0,0.0
2024-09-17 10:30:00-04:00,41.89500045776367,42.0099983215332,41.72200012207031,41.7599983215332,10967,0.0,0.0
2024-09-17 11:30:00-04:00,41.911800384521484,41.970001220703125,41.82339859008789,41.8849983215332,10888,0.0,0.0
2024-09-17 12:30:00-04:00,41.939998626708984,41.970001220703125,41.77000045776367,41.790000915527344,6117,0.0,0.0
2024-09-17 13:30:00-04:00,41.79100036621094,42.03950119018555,41.79100036621094,41.880001068115234,3518,0.0,0.0
2024-09-17 14:30:00-04:00,42.024600982666016,42.024600982666016,41.86000061035156,41.86000061035156,9373,0.0,0.0
2024-09-17 15:30:00-04:00,41.93920135498047,41.939998626708984,41.86000061035156,41.93000030517578,0,0.0,0.0
2024-09-18 09:30:00-04:00,41.939998626708984,42.310001373291016,41.900001525878906,41.97010040283203,12085,0.0,0.0
2024-09-18 10:30:00-04:00,42.08000183105469,42.25,41.97999954223633,42.043800354003906,11890,0.0,0.0
2024-09-18 11:30:00-04:00,42.04999923706055,42.15999984741211,41.900001525878906,42.02707290649414,10335,0.0,0.0
2024-09-18 12:30:00-04:00,42.014801025390625,42.220001220703125,42.014801025390625,42.220001220703125,8716,0.0,0.0
2024-09-18 13:30:00-04:00,42.29999923706055,42.459999084472656,42.099998474121094,42.150001525878906,14597,0.0,0.0
2024-09-18 14:30:00-04:00,42.205101013183594,42.205101013183594,42.0099983215332,42.084999084472656,8179,0.0,0.0
2024-09-18 15:30:00-04:00,42.045101165771484,42.13999938964844,42.0,42.03329849243164,0,0.0,0.0
2024-09-19 09:30:00-04:00,42.11000061035156,42.4900016784668,42.097801208496094,42.21500015258789,10213,0.0,0.0
2024-09-19 10:30:00-04:00,42.13999938964844,42.30550003051758,42.13999938964844,42.30550003051758,8160,0.0,0.0
2024-09-19 11:30:00-04:00,42.29999923706055,42.29999923706055,42.0619010925293,42.11000061035156,14338,0.0,0.0
2024-09-19 12:30:00-04:00,42.125,42.25,42.119998931884766,42.25,5155,0.0,0.0
2024-09-19 13:30:00-04:00,42.20009994506836,42.275001525878906,42.06740188598633,42.16999816894531,14636,0.0,0.0
2024-09-19 14:30:00-04:00,42.06999969482422,42.130001068115234,42.0,42.125,5523,0.0,0.0
2024-09-19 15:30:00-04:00,42.125,42.18000030517578,42.08000183105469,42.18000030517578,8740,0.0,0.0
2024-09-20 09:30:00-04:00,42.0,42.129798889160156,41.97589874267578,42.02000045776367,0,0.0,0.0
2024-09-20 10:30:00-04:00,42.06999969482422,42.2599983215332,42.06999969482422,42.165000915527344,6379,0.0,0.0
2024-09-20 11:30:00-04:00,42.143699645996094,42.18000030517578,41.93000030517578,42.04010009765625,6502,0.0,0.0
2024-09-20 12:30:00-04:00,42.08000183105469,42.179901123046875,42.02000045776367,42.02000045776367,2809,0.0,0.0
2024-09-20 13:30:00-04:00,42.130001068115234,42.18000030517578,42.0,42.0,3004,0.0,0.0
2024-09-20 14:30:00-04:00,42.11880111694336,42.18000030517578,42.0,42.13959884643555,3004,0.0,0.0
2024-09-20 15:30:00-04:00,42.04999923706055,42.109901428222656,41.95000076293945,41.959999084472656,5272,0.0,0.0
