Datetime,Open,High,Low,Close,Volume,Dividends,Stock Splits,Capital Gains
2022-09-22 09:30:00-04:00,43.81999969482422,43.81999969482422,43.59000015258789,43.733299255371094,0,0.0,0.0,0.0
2022-09-22 10:30:00-04:00,43.69599914550781,43.73649978637695,43.60219955444336,43.61199951171875,13158,0.0,0.0,0.0
2022-09-22 11:30:00-04:00,43.672000885009766,43.72999954223633,43.630001068115234,43.72999954223633,2331,0.0,0.0,0.0
2022-09-22 12:30:00-04:00,43.73550033569336,43.83000183105469,43.68000030517578,43.724998474121094,21330,0.0,0.0,0.0
2022-09-22 13:30:00-04:00,43.779998779296875,43.83000183105469,43.68000030517578,43.720001220703125,10873,0.0,0.0,0.0
2022-09-22 14:30:00-04:00,43.709999084472656,43.959999084472656,43.689998626708984,43.81999969482422,7562,0.0,0.0,0.0
2022-09-22 15:30:00-04:00,43.88999938964844,44.02000045776367,43.70000076293945,43.709999084472656,7133,0.0,0.0,0.0
2022-09-23 09:30:00-04:00,43.31999969482422,43.31999969482422,43.19499969482422,43.26570129394531,0,0.0,0.0,0.0
2022-09-23 10:30:00-04:00,43.234901428222656,43.24570083618164,43.163700103759766,43.21590042114258,3818,0.0,0.0,0.0
2022-09-23 11:30:00-04:00,43.06999969482422,43.11000061035156,42.96500015258789,42.96500015258789,3048,0.0,0.0,0.0
2022-09-23 12:30:00-04:00,42.904998779296875,43.130001068115234,42.88999938964844,43.05500030517578,21113,0.0,0.0,0.0
2022-09-23 13:30:00-04:00,43.01499938964844,43.04999923706055,42.880001068115234,42.880001068115234,15441,0.0,0.0,0.0
2022-09-23 14:30:00-04:00,42.810001373291016,43.04999923706055,42.720001220703125,42.970001220703125,11585,0.0,0.0,0.0
2022-09-23 15:30:00-04:00,43.04999923706055,43.18000030517578,43.04840087890625,43.18000030517578,7999,0.0,0.0,0.0
2022-09-26 09:30:00-04:00,42.9900016784668,43.2400016784668,42.9900016784668,43.23500061035156,4783,0.0,0.0,0.0
2022-09-26 10:30:00-04:00,43.25,43.25,43.025001525878906,43.025001525878906,3863,0.0,0.0,0.0
2022-09-26 11:30:00-04:00,42.959999084472656,42.959999084472656,42.804298400878906,42.804298400878906,2668,0.0,0.0,0.0
2022-09-26 12:30:00-04:00,42.7859001159668,42.90999984741211,42.619998931884766,42.63999938964844,13629,0.0,0.0,0.0
2022-09-26 13:30:00-04:00,42.68000030517578,42.81999969482422,42.63600158691406,42.70000076293945,29719,0.0,0.0,0.0
2022-09-26 14:30:00-04:00,42.689998626708984,42.939998626708984,42.65999984741211,42.849998474121094,19709,0.0,0.0,0.0
2022-09-26 15:30:00-04:00,42.84000015258789,42.939998626708984,42.753501892089844,42.753501892089844,8096,0.0,0.0,0.0
2022-09-27 09:30:00-04:00,43.08000183105469,43.17499923706055,42.961299896240234,43.005001068115234,0,0.0,0.0,0.0
2022-09-27 10:30:00-04:00,43.07500076293945,43.17620086669922,42.87009811401367,42.87009811401367,7978,0.0,0.0,0.0
2022-09-27 11:30:00-04:00,42.84560012817383,42.84560012817383,42.41510009765625,42.4900016784668,51887,0.0,0.0,0.0
2022-09-27 12:30:00-04:00,42.534000396728516,42.584999084472656,42.45479965209961,42.46500015258789,41587,0.0,0.0,0.0
2022-09-27 13:30:00-04:00,42.4557991027832,42.510398864746094,42.34000015258789,42.459999084472656,37751,0.0,0.0,0.0
2022-09-27 14:30:00-04:00,42.45560073852539,42.709999084472656,42.45000076293945,42.56999969482422,28359,0.0,0.0,0.0
2022-09-27 15:30:00-04:00,42.540000915527344,42.66999816894531,42.459999084472656,42.599998474121094,10056,0.0,0.0,0.0
2022-09-28 09:30:00-04:00,42.689998626708984,42.689998626708984,42.53160095214844,42.589698791503906,3490,0.0,0.0,0.0
2022-09-28 10:30:00-04:00,42.810001373291016,42.95000076293945,42.79859924316406,42.94160079956055,4888,0.0,0.0,0.0
2022-09-28 11:30:00-04:00,42.90129852294922,43.111698150634766,42.90129852294922,43.111698150634766,1111,0.0,0.0,0.0
2022-09-28 12:30:00-04:00,43.060001373291016,43.189998626708984,43.060001373291016,43.189998626708984,10836,0.0,0.0,0.0
2022-09-28 13:30:00-04:00,43.13999938964844,43.13999938964844,43.05500030517578,43.05500030517578,23309,0.0,0.0,0.0
2022-09-28 14:30:00-04:00,43.16400146484375,43.29999923706055,43.09659957885742,43.27330017089844,16686,0.0,0.0,0.0
2022-09-28 15:30:00-04:00,43.27000045776367,43.41999816894531,43.2400016784668,43.2400016784668,114940,0.0,0.0,0.0
2022-09-29 09:30:00-04:00,42.880001068115234,42.880001068115234,42.36709976196289,42.43000030517578,6584,0.0,0.0,0.0
2022-09-29 10:30:00-04:00,42.404998779296875,42.54059982299805,42.35559844970703,42.49399948120117,5187,0.0,0.0,0.0
2022-09-29 11:30:00-04:00,42.529998779296875,42.64929962158203,42.529998779296875,42.6343994140625,964,0.0,0.0,0.0
2022-09-29 12:30:00-04:00,42.54999923706055,42.566001892089844,42.400001525878906,42.43000030517578,7679,0.0,0.0,0.0
2022-09-29 13:30:00-04:00,42.400001525878906,42.470001220703125,42.25,42.290000915527344,14521,0.0,0.0,0.0
2022-09-29 14:30:00-04:00,42.36000061035156,42.470001220703125,42.290000915527344,42.400001525878906,6280,0.0,0.0,0.0
2022-09-29 15:30:00-04:00,42.529998779296875,42.619998931884766,42.49660110473633,42.52000045776367,0,0.0,0.0,0.0
2022-09-30 09:30:00-04:00,42.5,42.506900787353516,42.369998931884766,42.43000030517578,5883,0.0,0.0,0.0
2022-09-30 10:30:00-04:00,42.65999984741211,42.79499816894531,42.58000183105469,42.79499816894531,4479,0.0,0.0,0.0
2022-09-30 11:30:00-04:00,42.77180099487305,42.77180099487305,42.43000030517578,42.4900016784668,1612,0.0,0.0,0.0
2022-09-30 12:30:00-04:00,42.5088996887207,42.529998779296875,42.459999084472656,42.46500015258789,5968,0.0,0.0,0.0
2022-09-30 13:30:00-04:00,42.49480056762695,42.5099983215332,42.31999969482422,42.31999969482422,16931,0.0,0.0,0.0
2022-09-30 14:30:00-04:00,42.36000061035156,42.36000061035156,42.16999816894531,42.16999816894531,24348,0.0,0.0,0.0
2022-09-30 15:30:00-04:00,42.290000915527344,42.290000915527344,41.95000076293945,41.9900016784668,12395,0.0,0.0,0.0
2022-10-03 09:30:00-04:00,42.40999984741211,42.68000030517578,42.27170181274414,42.67770004272461,13712,0.0,0.0,0.0
2022-10-03 10:30:00-04:00,42.73699951171875,42.8754997253418,42.72930145263672,42.873600006103516,2939,0.0,0.0,0.0
2022-10-03 11:30:00-04:00,42.83000183105469,42.849998474121094,42.804500579833984,42.849998474121094,1758,0.0,0.0,0.0
2022-10-03 12:30:00-04:00,42.7599983215332,42.78499984741211,42.7400016784668,42.78499984741211,1412,0.0,0.0,0.0
2022-10-03 13:30:00-04:00,42.964900970458984,43.18000030517578,42.964900970458984,43.18000030517578,26802,0.0,0.0,0.0
2022-10-03 14:30:00-04:00,43.16999816894531,43.2400016784668,43.13999938964844,43.190799713134766,41467,0.0,0.0,0.0
2022-10-03 15:30:00-04:00,43.20000076293945,43.220001220703125,42.939998626708984,43.040000915527344,5812,0.0,0.0,0.0
2022-10-04 09:30:00-04:00,43.52000045776367,44.095001220703125,43.52000045776367,44.040000915527344,0,0.0,0.0,0.0
2022-10-04 10:30:00-04:00,44.040000915527344,44.05910110473633,43.982200622558594,44.031898498535156,9381,0.0,0.0,0.0
2022-10-04 11:30:00-04:00,44.04999923706055,44.04999923706055,43.92499923706055,44.005001068115234,3328,0.0,0.0,0.0
2022-10-04 12:30:00-04:00,44.06079864501953,44.06079864501953,43.77000045776367,43.79499816894531,9151,0.0,0.0,0.0
2022-10-04 13:30:00-04:00,43.869998931884766,43.97999954223633,43.869998931884766,43.88999938964844,8080,0.0,0.0,0.0
2022-10-04 14:30:00-04:00,43.8672981262207,44.040000915527344,43.8672981262207,43.904998779296875,4872,0.0,0.0,0.0
2022-10-04 15:30:00-04:00,43.94390106201172,44.09000015258789,43.94390106201172,44.08000183105469,3592,0.0,0.0,0.0
2022-10-05 09:30:00-04:00,43.66999816894531,43.849998474121094,43.66999816894531,43.69850158691406,3667,0.0,0.0,0.0
2022-10-05 10:30:00-04:00,43.540000915527344,43.65999984741211,43.540000915527344,43.63159942626953,2104,0.0,0.0,0.0
2022-10-05 11:30:00-04:00,43.7150993347168,43.911399841308594,43.7150993347168,43.911399841308594,1941,0.0,0.0,0.0
2022-10-05 12:30:00-04:00,43.900001525878906,44.119998931884766,43.891998291015625,44.099998474121094,4087,0.0,0.0,0.0
2022-10-05 13:30:00-04:00,44.060001373291016,44.060001373291016,44.0525016784668,44.0525016784668,1445,0.0,0.0,0.0
2022-10-05 14:30:00-04:00,44.150001525878906,44.189998626708984,44.14899826049805,44.189998626708984,2408,0.0,0.0,0.0
2022-10-05 15:30:00-04:00,44.29999923706055,44.29999923706055,43.970001220703125,43.970001220703125,5102,0.0,0.0,0.0
2022-10-06 09:30:00-04:00,43.880001068115234,44.09000015258789,43.77000045776367,43.790000915527344,0,0.0,0.0,0.0
2022-10-06 10:30:00-04:00,43.7599983215332,43.93000030517578,43.72999954223633,43.8849983215332,3140,0.0,0.0,0.0
2022-10-06 11:30:00-04:00,43.8849983215332,43.8849983215332,43.66999816894531,43.66999816894531,600,0.0,0.0,0.0
2022-10-06 12:30:00-04:00,43.86000061035156,43.86000061035156,43.7400016784668,43.76940155029297,2517,0.0,0.0,0.0
2022-10-06 13:30:00-04:00,43.75,43.75,43.63999938964844,43.63999938964844,1699,0.0,0.0,0.0
2022-10-06 14:30:00-04:00,43.56999969482422,43.599998474121094,43.48500061035156,43.58000183105469,3429,0.0,0.0,0.0
2022-10-06 15:30:00-04:00,43.58000183105469,43.58000183105469,43.556400299072266,43.56999969482422,846,0.0,0.0,0.0
2022-10-07 09:30:00-04:00,43.13999938964844,43.20000076293945,42.91999816894531,42.91999816894531,1667,0.0,0.0,0.0
2022-10-07 10:30:00-04:00,42.86410140991211,42.970001220703125,42.86410140991211,42.8849983215332,1260,0.0,0.0,0.0
2022-10-07 11:30:00-04:00,42.85499954223633,42.88999938964844,42.82500076293945,42.88999938964844,1268,0.0,0.0,0.0
2022-10-07 12:30:00-04:00,42.75,42.77000045776367,42.673500061035156,42.673500061035156,1472,0.0,0.0,0.0
2022-10-07 13:30:00-04:00,42.709999084472656,42.75,42.66999816894531,42.66999816894531,0,0.0,0.0,0.0
2022-10-07 14:30:00-04:00,42.571800231933594,42.571800231933594,42.47909927368164,42.47909927368164,46380,0.0,0.0,0.0
2022-10-07 15:30:00-04:00,42.40810012817383,42.630001068115234,42.40810012817383,42.59000015258789,2203,0.0,0.0,0.0
2022-10-10 09:30:00-04:00,42.720001220703125,42.720001220703125,42.720001220703125,42.720001220703125,404,0.0,0.0,0.0
2022-10-10 10:30:00-04:00,42.46500015258789,42.5099983215332,42.46500015258789,42.5099983215332,968,0.0,0.0,0.0
2022-10-10 11:30:00-04:00,42.470001220703125,42.529998779296875,42.29999923706055,42.310001373291016,9919,0.0,0.0,0.0
2022-10-10 12:30:00-04:00,42.31999969482422,42.35580062866211,42.20000076293945,42.34000015258789,40246,0.0,0.0,0.0
2022-10-10 13:30:00-04:00,42.310001373291016,42.630001068115234,42.310001373291016,42.52000045776367,8553,0.0,0.0,0.0
2022-10-10 14:30:00-04:00,42.52000045776367,42.650001525878906,42.47999954223633,42.540000915527344,7830,0.0,0.0,0.0
2022-10-10 15:30:00-04:00,42.54999923706055,42.630001068115234,42.470001220703125,42.4900016784668,8798,0.0,0.0,0.0
2022-10-11 09:30:00-04:00,42.29999923706055,42.38999938964844,42.23500061035156,42.312400817871094,2654,0.0,0.0,0.0
2022-10-11 10:30:00-04:00,42.36520004272461,42.560001373291016,42.34349822998047,42.560001373291016,1931,0.0,0.0,0.0
2022-10-11 11:30:00-04:00,42.57500076293945,42.72999954223633,42.57500076293945,42.72999954223633,621,0.0,0.0,0.0
2022-10-11 12:30:00-04:00,42.810001373291016,42.810001373291016,42.810001373291016,42.810001373291016,543,0.0,0.0,0.0
2022-10-11 13:30:00-04:00,42.755001068115234,42.78499984741211,42.66999816894531,42.7599983215332,33465,0.0,0.0,0.0
2022-10-11 14:30:00-04:00,42.7599983215332,42.81999969482422,42.21039962768555,42.310001373291016,21611,0.0,0.0,0.0
2022-10-11 15:30:00-04:00,42.28139877319336,42.415000915527344,42.28139877319336,42.33000183105469,3353,0.0,0.0,0.0
2022-10-12 09:30:00-04:00,42.40999984741211,42.40999984741211,42.40999984741211,42.40999984741211,2732,0.0,0.0,0.0
2022-10-12 10:30:00-04:00,42.502899169921875,42.502899169921875,42.441001892089844,42.45500183105469,4099,0.0,0.0,0.0
2022-10-12 11:30:00-04:00,42.52000045776367,42.52000045776367,42.470001220703125,42.47999954223633,12959,0.0,0.0,0.0
2022-10-12 12:30:00-04:00,42.38999938964844,42.439998626708984,42.369998931884766,42.4015998840332,7232,0.0,0.0,0.0
2022-10-12 13:30:00-04:00,42.369998931884766,42.415000915527344,42.310001373291016,42.415000915527344,4988,0.0,0.0,0.0
2022-10-12 14:30:00-04:00,42.39070129394531,42.39070129394531,42.279998779296875,42.290000915527344,731,0.0,0.0,0.0
2022-10-12 15:30:00-04:00,42.331199645996094,42.331199645996094,42.18000030517578,42.18000030517578,2826,0.0,0.0,0.0
2022-10-13 09:30:00-04:00,41.560001373291016,41.84000015258789,41.369998931884766,41.84000015258789,0,0.0,0.0,0.0
2022-10-13 10:30:00-04:00,41.862998962402344,42.38199996948242,41.862998962402344,42.38199996948242,1590,0.0,0.0,0.0
2022-10-13 11:30:00-04:00,42.820899963378906,42.820899963378906,42.7401008605957,42.7401008605957,1676,0.0,0.0,0.0
2022-10-13 12:30:00-04:00,42.939998626708984,43.16999816894531,42.939998626708984,43.16999816894531,23976,0.0,0.0,0.0
2022-10-13 13:30:00-04:00,43.220001220703125,43.2400016784668,43.150001525878906,43.18000030517578,10384,0.0,0.0,0.0
2022-10-13 14:30:00-04:00,43.125,43.41999816894531,43.125,43.2932014465332,4636,0.0,0.0,0.0
2022-10-13 15:30:00-04:00,43.349998474121094,43.400001525878906,43.18000030517578,43.220001220703125,6179,0.0,0.0,0.0
2022-10-14 09:30:00-04:00,43.56999969482422,43.650001525878906,42.82339859008789,42.82339859008789,0,0.0,0.0,0.0
2022-10-14 10:30:00-04:00,42.88359832763672,42.9900016784668,42.709999084472656,42.844200134277344,5775,0.0,0.0,0.0
2022-10-14 11:30:00-04:00,42.81930160522461,42.81930160522461,42.6077995300293,42.61800003051758,6449,0.0,0.0,0.0
2022-10-14 12:30:00-04:00,42.74420166015625,42.74420166015625,42.53499984741211,42.56809997558594,31286,0.0,0.0,0.0
2022-10-14 13:30:00-04:00,42.650001525878906,42.66999816894531,42.47159957885742,42.47159957885742,1951,0.0,0.0,0.0
2022-10-14 14:30:00-04:00,42.47999954223633,42.527801513671875,42.43000030517578,42.52259826660156,3728,0.0,0.0,0.0
2022-10-14 15:30:00-04:00,42.525001525878906,42.540000915527344,42.40999984741211,42.43000030517578,2058,0.0,0.0,0.0
2022-10-17 09:30:00-04:00,43.02000045776367,43.40999984741211,43.02000045776367,43.40999984741211,9864,0.0,0.0,0.0
2022-10-17 10:30:00-04:00,43.309898376464844,43.309898376464844,43.18410110473633,43.18410110473633,1592,0.0,0.0,0.0
2022-10-17 11:30:00-04:00,43.283599853515625,43.40290069580078,43.283599853515625,43.31809997558594,1958,0.0,0.0,0.0
2022-10-17 12:30:00-04:00,43.34000015258789,43.369998931884766,43.2400016784668,43.34000015258789,58986,0.0,0.0,0.0
2022-10-17 13:30:00-04:00,43.36000061035156,43.45000076293945,43.290000915527344,43.290000915527344,4870,0.0,0.0,0.0
2022-10-17 14:30:00-04:00,43.31999969482422,43.36000061035156,43.290000915527344,43.32500076293945,7269,0.0,0.0,0.0
2022-10-17 15:30:00-04:00,43.38999938964844,43.43000030517578,43.31999969482422,43.349998474121094,2960,0.0,0.0,0.0
2022-10-18 09:30:00-04:00,44.0099983215332,44.0099983215332,43.81999969482422,43.83000183105469,1973,0.0,0.0,0.0
2022-10-18 10:30:00-04:00,43.82320022583008,43.854801177978516,43.79999923706055,43.80390167236328,1708,0.0,0.0,0.0
2022-10-18 11:30:00-04:00,43.637699127197266,43.637699127197266,43.637699127197266,43.637699127197266,557,0.0,0.0,0.0
2022-10-18 12:30:00-04:00,43.72999954223633,43.79999923706055,43.630001068115234,43.630001068115234,7697,0.0,0.0,0.0
2022-10-18 13:30:00-04:00,43.88990020751953,43.88990020751953,43.876800537109375,43.876800537109375,578,0.0,0.0,0.0
2022-10-18 14:30:00-04:00,43.540000915527344,43.65999984741211,43.540000915527344,43.584999084472656,3123,0.0,0.0,0.0
2022-10-18 15:30:00-04:00,43.749000549316406,43.79999923706055,43.7400016784668,43.79999923706055,1121,0.0,0.0,0.0
2022-10-19 09:30:00-04:00,43.63999938964844,43.79859924316406,43.56999969482422,43.79859924316406,0,0.0,0.0,0.0
2022-10-19 10:30:00-04:00,43.744998931884766,43.744998931884766,43.560001373291016,43.58000183105469,4344,0.0,0.0,0.0
2022-10-19 11:30:00-04:00,43.5099983215332,43.5099983215332,43.494998931884766,43.494998931884766,1311,0.0,0.0,0.0
2022-10-19 12:30:00-04:00,43.45719909667969,43.45719909667969,43.21500015258789,43.215999603271484,4080,0.0,0.0,0.0
2022-10-19 13:30:00-04:00,43.266998291015625,43.40999984741211,43.25519943237305,43.40760040283203,3478,0.0,0.0,0.0
2022-10-19 14:30:00-04:00,43.38999938964844,43.52000045776367,43.38999938964844,43.43000030517578,2082,0.0,0.0,0.0
2022-10-19 15:30:00-04:00,43.540000915527344,43.540000915527344,43.529998779296875,43.529998779296875,696,0.0,0.0,0.0
2022-10-20 09:30:00-04:00,43.469600677490234,43.59000015258789,43.469600677490234,43.59000015258789,0,0.0,0.0,0.0
2022-10-20 10:30:00-04:00,43.630001068115234,43.630001068115234,43.630001068115234,43.630001068115234,184,0.0,0.0,0.0
2022-10-20 11:30:00-04:00,43.54999923706055,43.54999923706055,43.380001068115234,43.380001068115234,31321,0.0,0.0,0.0
2022-10-20 12:30:00-04:00,43.43000030517578,43.43000030517578,43.290000915527344,43.29999923706055,4589,0.0,0.0,0.0
2022-10-20 13:30:00-04:00,43.29999923706055,43.310001373291016,43.11600112915039,43.119998931884766,4962,0.0,0.0,0.0
2022-10-20 14:30:00-04:00,43.11000061035156,43.2400016784668,43.11000061035156,43.18000030517578,4803,0.0,0.0,0.0
2022-10-20 15:30:00-04:00,43.15999984741211,43.27000045776367,43.099998474121094,43.209999084472656,5540,0.0,0.0,0.0
2022-10-21 09:30:00-04:00,43.220001220703125,43.63999938964844,43.11000061035156,43.40999984741211,3491,0.0,0.0,0.0
2022-10-21 10:30:00-04:00,43.369998931884766,43.47999954223633,43.21500015258789,43.369998931884766,4283,0.0,0.0,0.0
2022-10-21 11:30:00-04:00,43.4900016784668,43.7400016784668,43.459999084472656,43.63999938964844,2239,0.0,0.0,0.0
2022-10-21 12:30:00-04:00,43.68000030517578,43.823299407958984,43.68000030517578,43.79499816894531,7988,0.0,0.0,0.0
2022-10-21 13:30:00-04:00,43.84000015258789,43.959999084472656,43.78839874267578,43.83000183105469,1957,0.0,0.0,0.0
2022-10-21 14:30:00-04:00,43.900001525878906,43.97999954223633,43.83000183105469,43.97999954223633,10444,0.0,0.0,0.0
2022-10-21 15:30:00-04:00,44.060001373291016,44.060001373291016,44.0099983215332,44.0099983215332,712,0.0,0.0,0.0
2022-10-24 09:30:00-04:00,44.279998779296875,44.279998779296875,44.119998931884766,44.130001068115234,0,0.0,0.0,0.0
2022-10-24 10:30:00-04:00,44.415401458740234,44.439998626708984,44.415401458740234,44.439998626708984,4270,0.0,0.0,0.0
2022-10-24 11:30:00-04:00,44.46500015258789,44.59000015258789,44.46500015258789,44.56999969482422,18180,0.0,0.0,0.0
2022-10-24 12:30:00-04:00,44.52939987182617,44.55870056152344,44.369998931884766,44.43349838256836,3664,0.0,0.0,0.0
2022-10-24 13:30:00-04:00,44.404998779296875,44.5,44.38090133666992,44.5,5205,0.0,0.0,0.0
2022-10-24 14:30:00-04:00,44.5,44.689998626708984,44.49980163574219,44.63999938964844,6239,0.0,0.0,0.0
2022-10-24 15:30:00-04:00,44.663700103759766,44.663700103759766,44.4900016784668,44.560001373291016,5139,0.0,0.0,0.0
2022-10-25 09:30:00-04:00,44.560001373291016,44.689998626708984,44.54499816894531,44.689998626708984,2337,0.0,0.0,0.0
2022-10-25 10:30:00-04:00,44.81740188598633,44.88959884643555,44.81740188598633,44.85530090332031,7474,0.0,0.0,0.0
2022-10-25 11:30:00-04:00,44.854400634765625,44.94449996948242,44.854400634765625,44.880001068115234,5000,0.0,0.0,0.0
2022-10-25 12:30:00-04:00,44.88999938964844,44.90700149536133,44.81999969482422,44.84120178222656,4851,0.0,0.0,0.0
2022-10-25 13:30:00-04:00,44.883399963378906,44.939998626708984,44.834999084472656,44.91999816894531,1610,0.0,0.0,0.0
2022-10-25 14:30:00-04:00,44.98189926147461,44.98189926147461,44.90999984741211,44.97990036010742,18103,0.0,0.0,0.0
2022-10-25 15:30:00-04:00,45.01499938964844,45.04999923706055,44.99800109863281,44.99800109863281,2408,0.0,0.0,0.0
2022-10-26 09:30:00-04:00,44.77000045776367,44.91999816894531,44.709999084472656,44.91999816894531,0,0.0,0.0,0.0
2022-10-26 10:30:00-04:00,45.00410079956055,45.220001220703125,45.00410079956055,45.220001220703125,2511,0.0,0.0,0.0
2022-10-26 11:30:00-04:00,45.25130081176758,45.25130081176758,45.25130081176758,45.25130081176758,406,0.0,0.0,0.0
2022-10-26 12:30:00-04:00,45.09000015258789,45.09000015258789,44.979698181152344,44.97999954223633,5331,0.0,0.0,0.0
2022-10-26 13:30:00-04:00,44.930301666259766,45.02000045776367,44.91170120239258,44.94350051879883,7829,0.0,0.0,0.0
2022-10-26 14:30:00-04:00,44.87070083618164,44.87070083618164,44.744998931884766,44.81999969482422,1816,0.0,0.0,0.0
2022-10-26 15:30:00-04:00,44.849998474121094,44.90010070800781,44.79999923706055,44.810001373291016,2049,0.0,0.0,0.0
2022-10-27 09:30:00-04:00,44.9900016784668,45.11000061035156,44.86000061035156,45.11000061035156,0,0.0,0.0,0.0
2022-10-27 10:30:00-04:00,45.20500183105469,45.20500183105469,44.943199157714844,44.943199157714844,15436,0.0,0.0,0.0
2022-10-27 11:30:00-04:00,44.964500427246094,44.964500427246094,44.807701110839844,44.86149978637695,4923,0.0,0.0,0.0
2022-10-27 12:30:00-04:00,44.99409866333008,44.994598388671875,44.97999954223633,44.97999954223633,631,0.0,0.0,0.0
2022-10-27 13:30:00-04:00,44.9197998046875,44.93899917602539,44.79999923706055,44.814998626708984,9818,0.0,0.0,0.0
2022-10-27 14:30:00-04:00,44.83000183105469,44.86220169067383,44.78850173950195,44.82830047607422,4343,0.0,0.0,0.0
2022-10-27 15:30:00-04:00,44.94990158081055,44.94990158081055,44.747798919677734,44.75,1049,0.0,0.0,0.0
2022-10-28 09:30:00-04:00,44.91999816894531,45.58000183105469,44.91999816894531,45.58000183105469,0,0.0,0.0,0.0
2022-10-28 10:30:00-04:00,45.63639831542969,45.83000183105469,45.604000091552734,45.75,7747,0.0,0.0,0.0
2022-10-28 11:30:00-04:00,45.83000183105469,45.86539840698242,45.72999954223633,45.86539840698242,2845,0.0,0.0,0.0
2022-10-28 12:30:00-04:00,45.929901123046875,45.95000076293945,45.880001068115234,45.95000076293945,599,0.0,0.0,0.0
2022-10-28 13:30:00-04:00,45.968299865722656,46.02190017700195,45.93370056152344,45.93370056152344,4610,0.0,0.0,0.0
2022-10-28 14:30:00-04:00,46.08789825439453,46.11949920654297,46.070701599121094,46.08359909057617,4103,0.0,0.0,0.0
2022-10-28 15:30:00-04:00,46.130001068115234,46.130001068115234,46.08000183105469,46.09000015258789,2988,0.0,0.0,0.0
2022-10-31 09:30:00-04:00,45.869998931884766,45.880001068115234,45.779998779296875,45.79999923706055,1819,0.0,0.0,0.0
2022-10-31 10:30:00-04:00,45.88999938964844,45.959999084472656,45.84000015258789,45.959999084472656,1157,0.0,0.0,0.0
2022-10-31 11:30:00-04:00,46.0,46.079898834228516,46.0,46.0,1685,0.0,0.0,0.0
2022-10-31 12:30:00-04:00,45.900001525878906,45.9900016784668,45.8650016784668,45.97999954223633,1756,0.0,0.0,0.0
2022-10-31 13:30:00-04:00,45.98500061035156,45.98500061035156,45.922698974609375,45.93000030517578,746,0.0,0.0,0.0
2022-10-31 14:30:00-04:00,45.96500015258789,45.96500015258789,45.78450012207031,45.78450012207031,3408,0.0,0.0,0.0
2022-10-31 15:30:00-04:00,45.9900016784668,45.9900016784668,45.86000061035156,45.869998931884766,893,0.0,0.0,0.0
2022-11-01 09:30:00-04:00,46.150001525878906,46.150001525878906,45.81999969482422,45.86000061035156,1672,0.0,0.0,0.0
2022-11-01 10:30:00-04:00,45.83000183105469,45.83000183105469,45.54899978637695,45.54899978637695,4099,0.0,0.0,0.0
2022-11-01 11:30:00-04:00,45.544498443603516,45.7599983215332,45.544498443603516,45.650001525878906,2551,0.0,0.0,0.0
2022-11-01 12:30:00-04:00,45.619998931884766,45.685001373291016,45.619998931884766,45.65290069580078,7460,0.0,0.0,0.0
2022-11-01 13:30:00-04:00,45.654998779296875,45.689998626708984,45.63999938964844,45.650001525878906,2690,0.0,0.0,0.0
2022-11-01 14:30:00-04:00,45.650001525878906,45.7400016784668,45.619998931884766,45.693599700927734,3348,0.0,0.0,0.0
2022-11-01 15:30:00-04:00,45.66999816894531,45.7599983215332,45.650001525878906,45.66999816894531,0,0.0,0.0,0.0
2022-11-02 09:30:00-04:00,45.560001373291016,45.560001373291016,45.46500015258789,45.50529861450195,2454,0.0,0.0,0.0
2022-11-02 10:30:00-04:00,45.48749923706055,45.48749923706055,45.48749923706055,45.48749923706055,525,0.0,0.0,0.0
2022-11-02 11:30:00-04:00,45.584999084472656,45.584999084472656,45.569400787353516,45.569400787353516,1257,0.0,0.0,0.0
2022-11-02 12:30:00-04:00,45.529998779296875,45.57490158081055,45.529998779296875,45.57490158081055,1227,0.0,0.0,0.0
2022-11-02 13:30:00-04:00,45.60260009765625,46.08000183105469,45.60260009765625,46.02000045776367,3613,0.0,0.0,0.0
2022-11-02 14:30:00-04:00,46.0,46.0,45.209999084472656,45.28499984741211,2739,0.0,0.0,0.0
2022-11-02 15:30:00-04:00,44.94369888305664,44.95209884643555,44.880001068115234,44.880001068115234,1800,0.0,0.0,0.0
2022-11-03 09:30:00-04:00,44.401798248291016,44.401798248291016,44.22999954223633,44.38520050048828,0,0.0,0.0,0.0
2022-11-03 10:30:00-04:00,44.48400115966797,44.560699462890625,44.41999816894531,44.48080062866211,1899,0.0,0.0,0.0
2022-11-03 11:30:00-04:00,44.44419860839844,44.462398529052734,44.373199462890625,44.462398529052734,1571,0.0,0.0,0.0
2022-11-03 12:30:00-04:00,44.6150016784668,44.6150016784668,44.6150016784668,44.6150016784668,528,0.0,0.0,0.0
2022-11-03 13:30:00-04:00,44.587501525878906,44.630001068115234,44.4900016784668,44.630001068115234,14230,0.0,0.0,0.0
2022-11-03 14:30:00-04:00,44.65999984741211,44.6796989440918,44.57500076293945,44.57500076293945,4244,0.0,0.0,0.0
2022-11-03 15:30:00-04:00,44.630001068115234,44.630001068115234,44.40999984741211,44.40999984741211,3671,0.0,0.0,0.0
2022-11-04 09:30:00-04:00,45.0099983215332,45.0099983215332,44.62049865722656,44.98500061035156,0,0.0,0.0,0.0
2022-11-04 10:30:00-04:00,44.97010040283203,44.97010040283203,44.97010040283203,44.97010040283203,821,0.0,0.0,0.0
2022-11-04 11:30:00-04:00,44.2599983215332,44.369998931884766,44.2599983215332,44.369998931884766,1085,0.0,0.0,0.0
2022-11-04 12:30:00-04:00,44.32500076293945,44.32500076293945,44.279998779296875,44.29999923706055,1413,0.0,0.0,0.0
2022-11-04 13:30:00-04:00,44.29159927368164,44.36000061035156,44.263301849365234,44.359901428222656,17597,0.0,0.0,0.0
2022-11-04 14:30:00-04:00,44.43370056152344,44.720001220703125,44.43370056152344,44.68000030517578,2756,0.0,0.0,0.0
2022-11-07 09:30:00-05:00,44.970001220703125,45.07870101928711,44.9093017578125,45.04560089111328,0,0.0,0.0,0.0
2022-11-07 10:30:00-05:00,45.0099983215332,45.09000015258789,45.005001068115234,45.052799224853516,5170,0.0,0.0,0.0
2022-11-07 11:30:00-05:00,45.09000015258789,45.119998931884766,44.900001525878906,44.98500061035156,2879,0.0,0.0,0.0
2022-11-07 12:30:00-05:00,44.9900016784668,45.099998474121094,44.9900016784668,45.070499420166016,18747,0.0,0.0,0.0
2022-11-07 13:30:00-05:00,45.04899978637695,45.27199935913086,45.04899978637695,45.26110076904297,1274,0.0,0.0,0.0
2022-11-07 14:30:00-05:00,45.336700439453125,45.336700439453125,45.2599983215332,45.334999084472656,3827,0.0,0.0,0.0
2022-11-07 15:30:00-05:00,45.34659957885742,45.34659957885742,45.290000915527344,45.31999969482422,4529,0.0,0.0,0.0
2022-11-08 09:30:00-05:00,45.38999938964844,45.56999969482422,45.33000183105469,45.56999969482422,0,0.0,0.0,0.0
2022-11-08 10:30:00-05:00,45.57460021972656,45.75,45.57460021972656,45.70000076293945,3226,0.0,0.0,0.0
2022-11-08 11:30:00-05:00,45.825401306152344,45.825401306152344,45.79999923706055,45.80500030517578,1287,0.0,0.0,0.0
2022-11-08 12:30:00-05:00,45.77000045776367,45.78499984741211,45.64500045776367,45.64500045776367,1040,0.0,0.0,0.0
2022-11-08 13:30:00-05:00,45.494998931884766,45.55500030517578,45.209999084472656,45.209999084472656,3406,0.0,0.0,0.0
2022-11-08 14:30:00-05:00,45.17499923706055,45.59000015258789,45.13999938964844,45.555301666259766,6758,0.0,0.0,0.0
2022-11-08 15:30:00-05:00,45.67499923706055,45.75,45.54999923706055,45.560001373291016,5941,0.0,0.0,0.0
2022-11-09 09:30:00-05:00,45.349998474121094,45.349998474121094,45.290000915527344,45.290000915527344,685,0.0,0.0,0.0
2022-11-09 10:30:00-05:00,45.349998474121094,45.470001220703125,45.34000015258789,45.431800842285156,4451,0.0,0.0,0.0
2022-11-09 11:30:00-05:00,45.400001525878906,45.54999923706055,45.31999969482422,45.380001068115234,4737,0.0,0.0,0.0
2022-11-09 12:30:00-05:00,45.31999969482422,45.36240005493164,45.26890182495117,45.31999969482422,6114,0.0,0.0,0.0
2022-11-09 13:30:00-05:00,45.17499923706055,45.17499923706055,45.09149932861328,45.1599006652832,4270,0.0,0.0,0.0
2022-11-09 14:30:00-05:00,45.040000915527344,45.084999084472656,44.95000076293945,45.0005989074707,3739,0.0,0.0,0.0
2022-11-09 15:30:00-05:00,44.902099609375,44.902099609375,44.837100982666016,44.900001525878906,4576,0.0,0.0,0.0
2022-11-10 09:30:00-05:00,46.2599983215332,46.29999923706055,45.97999954223633,46.2333984375,6863,0.0,0.0,0.0
2022-11-10 10:30:00-05:00,46.130001068115234,46.249900817871094,46.130001068115234,46.239898681640625,26411,0.0,0.0,0.0
2022-11-10 11:30:00-05:00,46.31999969482422,46.33000183105469,46.217498779296875,46.220001220703125,3127,0.0,0.0,0.0
2022-11-10 12:30:00-05:00,46.099998474121094,46.22999954223633,46.099998474121094,46.22249984741211,10172,0.0,0.0,0.0
2022-11-10 13:30:00-05:00,46.22999954223633,46.345001220703125,46.22999954223633,46.25,4339,0.0,0.0,0.0
2022-11-10 14:30:00-05:00,46.30059814453125,46.5099983215332,46.27000045776367,46.470298767089844,7032,0.0,0.0,0.0
2022-11-10 15:30:00-05:00,46.52000045776367,46.70000076293945,46.52000045776367,46.66310119628906,4484,0.0,0.0,0.0
2022-11-11 09:30:00-05:00,46.790000915527344,46.790000915527344,46.470001220703125,46.5,2357,0.0,0.0,0.0
2022-11-11 10:30:00-05:00,46.47610092163086,46.47610092163086,46.317901611328125,46.317901611328125,1783,0.0,0.0,0.0
2022-11-11 11:30:00-05:00,46.33000183105469,46.43000030517578,46.27330017089844,46.375,4373,0.0,0.0,0.0
2022-11-11 12:30:00-05:00,46.332000732421875,46.44409942626953,46.29999923706055,46.44409942626953,1583,0.0,0.0,0.0
2022-11-11 13:30:00-05:00,46.505001068115234,46.55670166015625,46.47420120239258,46.55670166015625,1086,0.0,0.0,0.0
2022-11-11 14:30:00-05:00,46.599998474121094,46.6150016784668,46.53200149536133,46.6150016784668,4387,0.0,0.0,0.0
2022-11-11 15:30:00-05:00,46.62839889526367,46.62839889526367,46.57500076293945,46.59000015258789,1324,0.0,0.0,0.0
2022-11-14 09:30:00-05:00,46.52000045776367,46.78710174560547,46.52000045776367,46.78710174560547,5665,0.0,0.0,0.0
2022-11-14 10:30:00-05:00,46.724998474121094,46.7400016784668,46.709999084472656,46.709999084472656,669,0.0,0.0,0.0
2022-11-14 11:30:00-05:00,46.6349983215332,46.77000045776367,46.6349983215332,46.7599983215332,5298,0.0,0.0,0.0
2022-11-14 12:30:00-05:00,46.788299560546875,46.904998779296875,46.788299560546875,46.904998779296875,1688,0.0,0.0,0.0
2022-11-14 13:30:00-05:00,46.90999984741211,46.93000030517578,46.845001220703125,46.845001220703125,1467,0.0,0.0,0.0
2022-11-14 14:30:00-05:00,46.888999938964844,46.88999938964844,46.689998626708984,46.707698822021484,388289,0.0,0.0,0.0
2022-11-14 15:30:00-05:00,46.709999084472656,46.709999084472656,46.43000030517578,46.43000030517578,1704,0.0,0.0,0.0
2022-11-15 09:30:00-05:00,46.869998931884766,47.0099983215332,46.81999969482422,46.84000015258789,9317,0.0,0.0,0.0
2022-11-15 10:30:00-05:00,46.90999984741211,46.95000076293945,46.84000015258789,46.849998474121094,2149,0.0,0.0,0.0
2022-11-15 11:30:00-05:00,46.95000076293945,46.976200103759766,46.849998474121094,46.869998931884766,2163,0.0,0.0,0.0
2022-11-15 12:30:00-05:00,46.81999969482422,46.81999969482422,46.68000030517578,46.68000030517578,1815,0.0,0.0,0.0
2022-11-15 13:30:00-05:00,46.470001220703125,46.604698181152344,46.380001068115234,46.5099983215332,4592,0.0,0.0,0.0
2022-11-15 14:30:00-05:00,46.61000061035156,46.74789810180664,46.59000015258789,46.74789810180664,1663,0.0,0.0,0.0
2022-11-15 15:30:00-05:00,46.61000061035156,46.73350143432617,46.59000015258789,46.70000076293945,3336,0.0,0.0,0.0
2022-11-16 09:30:00-05:00,46.54999923706055,46.79840087890625,46.54999923706055,46.7692985534668,0,0.0,0.0,0.0
2022-11-16 10:30:00-05:00,46.7682991027832,46.83000183105469,46.72999954223633,46.83000183105469,11195,0.0,0.0,0.0
2022-11-16 11:30:00-05:00,46.829898834228516,46.849998474121094,46.77000045776367,46.77000045776367,33223,0.0,0.0,0.0
2022-11-16 12:30:00-05:00,46.81999969482422,46.832000732421875,46.814998626708984,46.81999969482422,854,0.0,0.0,0.0
2022-11-16 13:30:00-05:00,46.743499755859375,46.743499755859375,46.70500183105469,46.70500183105469,5006,0.0,0.0,0.0
2022-11-16 14:30:00-05:00,46.708099365234375,46.779998779296875,46.685001373291016,46.77539825439453,3374,0.0,0.0,0.0
2022-11-16 15:30:00-05:00,46.76210021972656,46.790000915527344,46.7400016784668,46.7400016784668,0,0.0,0.0,0.0
2022-11-17 09:30:00-05:00,46.27000045776367,46.370601654052734,46.27000045776367,46.370601654052734,2821,0.0,0.0,0.0
2022-11-17 10:30:00-05:00,46.41999816894531,46.41999816894531,46.31999969482422,46.32339859008789,3983,0.0,0.0,0.0
2022-11-17 11:30:00-05:00,46.369998931884766,46.599998474121094,46.369998931884766,46.599998474121094,3263,0.0,0.0,0.0
2022-11-17 12:30:00-05:00,46.56129837036133,46.68880081176758,46.56129837036133,46.68000030517578,2241,0.0,0.0,0.0
2022-11-17 13:30:00-05:00,46.720001220703125,46.720001220703125,46.65999984741211,46.66999816894531,2885,0.0,0.0,0.0
2022-11-17 14:30:00-05:00,46.631500244140625,46.63949966430664,46.474998474121094,46.50170135498047,1971,0.0,0.0,0.0
2022-11-17 15:30:00-05:00,46.56999969482422,46.72999954223633,46.564998626708984,46.72999954223633,1989,0.0,0.0,0.0
2022-11-18 09:30:00-05:00,47.09000015258789,47.09000015258789,46.959999084472656,46.959999084472656,5608,0.0,0.0,0.0
2022-11-18 10:30:00-05:00,46.972599029541016,47.0,46.91709899902344,47.0,1714,0.0,0.0,0.0
2022-11-18 11:30:00-05:00,46.95000076293945,46.95000076293945,46.793399810791016,46.793399810791016,878,0.0,0.0,0.0
2022-11-18 12:30:00-05:00,46.80500030517578,46.80500030517578,46.72999954223633,46.72999954223633,722,0.0,0.0,0.0
2022-11-18 13:30:00-05:00,46.88529968261719,46.88529968261719,46.790000915527344,46.881900787353516,1340,0.0,0.0,0.0
2022-11-18 14:30:00-05:00,46.849998474121094,46.97999954223633,46.849998474121094,46.95500183105469,2148,0.0,0.0,0.0
2022-11-18 15:30:00-05:00,47.04990005493164,47.08000183105469,46.970001220703125,46.970001220703125,1090,0.0,0.0,0.0
2022-11-21 09:30:00-05:00,46.939998626708984,47.060001373291016,46.939998626708984,46.974998474121094,7979,0.0,0.0,0.0
2022-11-21 10:30:00-05:00,47.01459884643555,47.040000915527344,46.944400787353516,46.974998474121094,4016,0.0,0.0,0.0
2022-11-21 11:30:00-05:00,46.93199920654297,46.99399948120117,46.900001525878906,46.97999954223633,1923,0.0,0.0,0.0
2022-11-21 12:30:00-05:00,47.0,47.084999084472656,47.0,47.084999084472656,3363,0.0,0.0,0.0
2022-11-21 13:30:00-05:00,47.07509994506836,47.13199996948242,47.06869888305664,47.06869888305664,4426,0.0,0.0,0.0
2022-11-21 14:30:00-05:00,47.0989990234375,47.0989990234375,47.0452995300293,47.04999923706055,1751,0.0,0.0,0.0
2022-11-21 15:30:00-05:00,47.002899169921875,47.060001373291016,47.002899169921875,47.060001373291016,386546,0.0,0.0,0.0
2022-11-22 09:30:00-05:00,47.150001525878906,47.30120086669922,47.150001525878906,47.22999954223633,0,0.0,0.0,0.0
2022-11-22 10:30:00-05:00,47.220001220703125,47.29999923706055,47.220001220703125,47.283199310302734,2266,0.0,0.0,0.0
2022-11-22 11:30:00-05:00,47.2599983215332,47.279998779296875,47.25490188598633,47.279998779296875,987,0.0,0.0,0.0
2022-11-22 13:30:00-05:00,47.393699645996094,47.41999816894531,47.380001068115234,47.404998779296875,3605,0.0,0.0,0.0
2022-11-22 14:30:00-05:00,47.47999954223633,47.567501068115234,47.47999954223633,47.529998779296875,7152,0.0,0.0,0.0
2022-11-22 15:30:00-05:00,47.555999755859375,47.56999969482422,47.555999755859375,47.560001373291016,854,0.0,0.0,0.0
2022-11-23 09:30:00-05:00,47.58000183105469,47.742698669433594,47.58000183105469,47.742698669433594,0,0.0,0.0,0.0
2022-11-23 10:30:00-05:00,47.74959945678711,47.790000915527344,47.7400016784668,47.790000915527344,21812,0.0,0.0,0.0
2022-11-23 11:30:00-05:00,47.709999084472656,47.709999084472656,47.540000915527344,47.649898529052734,4415,0.0,0.0,0.0
2022-11-23 12:30:00-05:00,47.584999084472656,47.5901985168457,47.5,47.5901985168457,3668,0.0,0.0,0.0
2022-11-23 13:30:00-05:00,47.64039993286133,47.74380111694336,47.630001068115234,47.72999954223633,7280,0.0,0.0,0.0
2022-11-23 14:30:00-05:00,47.77000045776367,47.790000915527344,47.6702995300293,47.779998779296875,15261,0.0,0.0,0.0
2022-11-23 15:30:00-05:00,47.75,47.77899932861328,47.70000076293945,47.70000076293945,1226,0.0,0.0,0.0
2022-11-25 09:30:00-05:00,47.75,47.845001220703125,47.737300872802734,47.845001220703125,0,0.0,0.0,0.0
2022-11-25 10:30:00-05:00,47.810001373291016,47.834999084472656,47.810001373291016,47.834999084472656,2012,0.0,0.0,0.0
2022-11-25 11:30:00-05:00,47.79999923706055,47.79999923706055,47.79999923706055,47.79999923706055,915,0.0,0.0,0.0
2022-11-25 12:30:00-05:00,47.849700927734375,47.849700927734375,47.76919937133789,47.76919937133789,0,0.0,0.0,0.0
2022-11-28 09:30:00-05:00,47.4900016784668,47.67399978637695,47.4900016784668,47.53499984741211,2826,0.0,0.0,0.0
2022-11-28 10:30:00-05:00,47.558101654052734,47.558101654052734,47.4380989074707,47.474998474121094,1879,0.0,0.0,0.0
2022-11-28 11:30:00-05:00,47.474998474121094,47.484798431396484,47.38999938964844,47.38999938964844,3292,0.0,0.0,0.0
2022-11-28 12:30:00-05:00,47.459999084472656,47.459999084472656,47.3406982421875,47.369998931884766,2004,0.0,0.0,0.0
2022-11-28 13:30:00-05:00,47.36000061035156,47.36000061035156,47.215999603271484,47.215999603271484,1897,0.0,0.0,0.0
2022-11-28 14:30:00-05:00,47.180999755859375,47.1952018737793,47.12810134887695,47.12929916381836,2294,0.0,0.0,0.0
2022-11-28 15:30:00-05:00,47.06010055541992,47.18629837036133,47.06010055541992,47.18220138549805,2015,0.0,0.0,0.0
2022-11-29 09:30:00-05:00,47.08000183105469,47.21989822387695,47.08000183105469,47.1171989440918,3856,0.0,0.0,0.0
2022-11-29 10:30:00-05:00,47.220001220703125,47.220001220703125,46.84000015258789,46.8650016784668,1809,0.0,0.0,0.0
2022-11-29 11:30:00-05:00,46.86000061035156,46.95000076293945,46.86000061035156,46.939998626708984,4475,0.0,0.0,0.0
2022-11-29 12:30:00-05:00,46.95000076293945,46.98889923095703,46.91109848022461,46.91999816894531,2916,0.0,0.0,0.0
2022-11-29 13:30:00-05:00,46.959999084472656,47.119998931884766,46.959999084472656,47.0447998046875,1296,0.0,0.0,0.0
2022-11-29 14:30:00-05:00,46.97999954223633,47.01639938354492,46.939998626708984,47.01639938354492,4169,0.0,0.0,0.0
2022-11-29 15:30:00-05:00,47.047000885009766,47.060001373291016,47.0099983215332,47.04999923706055,1666,0.0,0.0,0.0
2022-11-30 09:30:00-05:00,47.040000915527344,47.09000015258789,46.95000076293945,46.95000076293945,0,0.0,0.0,0.0
2022-11-30 10:30:00-05:00,46.939998626708984,46.9900016784668,46.939998626708984,46.9900016784668,1379,0.0,0.0,0.0
2022-11-30 11:30:00-05:00,46.90999984741211,46.92499923706055,46.90999984741211,46.92499923706055,301,0.0,0.0,0.0
2022-11-30 12:30:00-05:00,46.920501708984375,46.994998931884766,46.904998779296875,46.994998931884766,1476,0.0,0.0,0.0
2022-11-30 13:30:00-05:00,47.0,47.782901763916016,47.0,47.782901763916016,20056,0.0,0.0,0.0
2022-11-30 14:30:00-05:00,47.77199935913086,48.0,47.70000076293945,48.0,20896,0.0,0.0,0.0
2022-11-30 15:30:00-05:00,48.060001373291016,48.20000076293945,48.060001373291016,48.20000076293945,4628,0.0,0.0,0.0
2022-12-01 09:30:00-05:00,48.380001068115234,48.45709991455078,48.150001525878906,48.150001525878906,0,0.0,0.0,0.0
2022-12-01 10:30:00-05:00,48.09989929199219,48.255001068115234,48.09989929199219,48.16780090332031,1388,0.0,0.0,0.0
2022-12-01 11:30:00-05:00,48.185001373291016,48.2400016784668,48.185001373291016,48.192501068115234,2113,0.0,0.0,0.0
2022-12-01 12:30:00-05:00,48.31209945678711,48.34000015258789,48.2599983215332,48.2599983215332,1613,0.0,0.0,0.0
2022-12-01 13:30:00-05:00,48.27000045776367,48.299800872802734,48.20000076293945,48.299800872802734,3549,0.0,0.0,0.0
2022-12-01 14:30:00-05:00,48.31999969482422,48.3650016784668,48.31999969482422,48.35499954223633,29346,0.0,0.0,0.0
2022-12-01 15:30:00-05:00,48.349998474121094,48.349998474121094,48.349998474121094,48.349998474121094,120,0.0,0.0,0.0
2022-12-02 09:30:00-05:00,47.96500015258789,48.01499938964844,47.95500183105469,48.005001068115234,0,0.0,0.0,0.0
2022-12-02 10:30:00-05:00,47.98929977416992,48.13990020751953,47.98929977416992,48.08000183105469,11121,0.0,0.0,0.0
2022-12-02 11:30:00-05:00,48.189998626708984,48.290000915527344,48.16460037231445,48.22999954223633,1186,0.0,0.0,0.0
2022-12-02 12:30:00-05:00,48.19540023803711,48.220001220703125,48.18000030517578,48.18000030517578,4123,0.0,0.0,0.0
2022-12-02 13:30:00-05:00,48.21989822387695,48.2599983215332,48.209999084472656,48.2599983215332,38606,0.0,0.0,0.0
2022-12-02 14:30:00-05:00,48.22999954223633,48.47829818725586,48.22999954223633,48.380001068115234,6646,0.0,0.0,0.0
2022-12-02 15:30:00-05:00,48.335899353027344,48.380001068115234,48.26029968261719,48.380001068115234,12518,0.0,0.0,0.0
2022-12-05 09:30:00-05:00,48.11000061035156,48.11000061035156,47.93000030517578,48.029998779296875,0,0.0,0.0,0.0
2022-12-05 10:30:00-05:00,48.06669998168945,48.11000061035156,47.970001220703125,47.970001220703125,1498,0.0,0.0,0.0
2022-12-05 11:30:00-05:00,47.91999816894531,47.93000030517578,47.834999084472656,47.834999084472656,822,0.0,0.0,0.0
2022-12-05 12:30:00-05:00,47.86759948730469,47.86759948730469,47.82229995727539,47.8588981628418,1716,0.0,0.0,0.0
2022-12-05 13:30:00-05:00,47.83449935913086,47.845001220703125,47.70000076293945,47.70000076293945,3578,0.0,0.0,0.0
2022-12-05 14:30:00-05:00,47.650001525878906,47.70500183105469,47.650001525878906,47.70500183105469,2489,0.0,0.0,0.0
2022-12-05 15:30:00-05:00,47.775901794433594,47.79999923706055,47.73440170288086,47.79999923706055,1114,0.0,0.0,0.0
2022-12-06 09:30:00-05:00,47.810001373291016,47.810001373291016,47.5,47.525001525878906,0,0.0,0.0,0.0
2022-12-06 10:30:00-05:00,47.400001525878906,47.44499969482422,47.30500030517578,47.345001220703125,7345,0.0,0.0,0.0
2022-12-06 11:30:00-05:00,47.380001068115234,47.380001068115234,47.2400016784668,47.255001068115234,2076,0.0,0.0,0.0
2022-12-06 12:30:00-05:00,47.26499938964844,47.27000045776367,47.17499923706055,47.18000030517578,3569,0.0,0.0,0.0
2022-12-06 13:30:00-05:00,47.11000061035156,47.15999984741211,47.084999084472656,47.084999084472656,4103,0.0,0.0,0.0
2022-12-06 14:30:00-05:00,47.025001525878906,47.156700134277344,47.025001525878906,47.07509994506836,2289,0.0,0.0,0.0
2022-12-06 15:30:00-05:00,47.11579895019531,47.25,47.11579895019531,47.25,1673,0.0,0.0,0.0
2022-12-07 09:30:00-05:00,47.25,47.31019973754883,47.20000076293945,47.236698150634766,0,0.0,0.0,0.0
2022-12-07 10:30:00-05:00,47.349998474121094,47.39780044555664,47.31999969482422,47.39780044555664,2317,0.0,0.0,0.0
2022-12-07 11:30:00-05:00,47.209999084472656,47.209999084472656,47.209999084472656,47.209999084472656,698,0.0,0.0,0.0
2022-12-07 12:30:00-05:00,47.240501403808594,47.275001525878906,47.240501403808594,47.27000045776367,1172,0.0,0.0,0.0
2022-12-07 13:30:00-05:00,47.099998474121094,47.150299072265625,47.099998474121094,47.150299072265625,5608,0.0,0.0,0.0
2022-12-07 14:30:00-05:00,47.11940002441406,47.13999938964844,47.052799224853516,47.06560134887695,7067,0.0,0.0,0.0
2022-12-07 15:30:00-05:00,47.123600006103516,47.138999938964844,47.095001220703125,47.138999938964844,10628,0.0,0.0,0.0
2022-12-08 09:30:00-05:00,47.369998931884766,47.5,47.2843017578125,47.5,0,0.0,0.0,0.0
2022-12-08 10:30:00-05:00,47.47480010986328,47.51499938964844,47.47480010986328,47.50669860839844,4518,0.0,0.0,0.0
2022-12-08 12:30:00-05:00,47.41999816894531,47.435001373291016,47.41999816894531,47.435001373291016,348,0.0,0.0,0.0
2022-12-08 13:30:00-05:00,47.5088996887207,47.55390167236328,47.31999969482422,47.31999969482422,1407,0.0,0.0,0.0
2022-12-08 14:30:00-05:00,47.33639907836914,47.44499969482422,47.297298431396484,47.44499969482422,664,0.0,0.0,0.0
2022-12-08 15:30:00-05:00,47.3849983215332,47.43000030517578,47.3650016784668,47.43000030517578,2784,0.0,0.0,0.0
2022-12-09 09:30:00-05:00,47.40999984741211,47.40999984741211,47.38999938964844,47.38999938964844,0,0.0,0.0,0.0
2022-12-09 10:30:00-05:00,47.38999938964844,47.439998626708984,47.349998474121094,47.400001525878906,967,0.0,0.0,0.0
2022-12-09 11:30:00-05:00,47.41999816894531,47.439998626708984,47.401100158691406,47.40380096435547,4510,0.0,0.0,0.0
2022-12-09 12:30:00-05:00,47.470001220703125,47.470001220703125,47.279998779296875,47.279998779296875,1973,0.0,0.0,0.0
2022-12-09 13:30:00-05:00,47.30099868774414,47.33000183105469,47.30099868774414,47.33000183105469,2235,0.0,0.0,0.0
2022-12-09 14:30:00-05:00,47.29359817504883,47.31449890136719,47.2765007019043,47.31449890136719,1863,0.0,0.0,0.0
2022-12-09 15:30:00-05:00,47.13999938964844,47.153900146484375,47.0,47.040000915527344,1215,0.0,0.0,0.0
2022-12-12 09:30:00-05:00,47.11000061035156,47.16999816894531,47.11000061035156,47.1349983215332,0,0.0,0.0,0.0
2022-12-12 10:30:00-05:00,47.20000076293945,47.252498626708984,47.20000076293945,47.252498626708984,1111,0.0,0.0,0.0
2022-12-12 11:30:00-05:00,47.22669982910156,47.29999923706055,47.22669982910156,47.25,1450,0.0,0.0,0.0
2022-12-12 12:30:00-05:00,47.33000183105469,47.33000183105469,47.25,47.25,382,0.0,0.0,0.0
2022-12-12 13:30:00-05:00,47.314998626708984,47.37919998168945,47.300498962402344,47.300498962402344,5545,0.0,0.0,0.0
2022-12-12 14:30:00-05:00,47.282501220703125,47.40299987792969,47.282501220703125,47.40299987792969,1122,0.0,0.0,0.0
2022-12-12 15:30:00-05:00,47.55149841308594,47.62070083618164,47.55139923095703,47.619998931884766,0,0.0,0.0,0.0
2022-12-13 09:30:00-05:00,48.68000030517578,48.68000030517578,48.16999816894531,48.16999816894531,7076,0.0,0.0,0.0
2022-12-13 10:30:00-05:00,48.18000030517578,48.20249938964844,48.09109878540039,48.150001525878906,2142,0.0,0.0,0.0
2022-12-13 11:30:00-05:00,47.95000076293945,47.989200592041016,47.709999084472656,47.709999084472656,1539,0.0,0.0,0.0
2022-12-13 12:30:00-05:00,47.61520004272461,47.69499969482422,47.61520004272461,47.6870002746582,897,0.0,0.0,0.0
2022-12-13 13:30:00-05:00,47.81999969482422,47.82500076293945,47.76060104370117,47.76060104370117,1276,0.0,0.0,0.0
2022-12-13 14:30:00-05:00,47.79499816894531,47.91999816894531,47.73059844970703,47.76499938964844,13780,0.0,0.0,0.0
2022-12-13 15:30:00-05:00,47.88819885253906,47.91849899291992,47.798099517822266,47.91849899291992,1517,0.0,0.0,0.0
2022-12-14 09:30:00-05:00,47.84000015258789,48.18000030517578,47.8140983581543,48.17900085449219,6324,0.0,0.0,0.0
2022-12-14 10:30:00-05:00,48.158199310302734,48.25189971923828,48.158199310302734,48.25189971923828,1451,0.0,0.0,0.0
2022-12-14 11:30:00-05:00,48.224998474121094,48.23500061035156,48.13999938964844,48.165000915527344,2429,0.0,0.0,0.0
2022-12-14 12:30:00-05:00,48.13999938964844,48.13999938964844,48.13999938964844,48.13999938964844,560,0.0,0.0,0.0
2022-12-14 13:30:00-05:00,48.13999938964844,48.13999938964844,47.59000015258789,47.715599060058594,1749,0.0,0.0,0.0
2022-12-14 14:30:00-05:00,47.42499923706055,48.040000915527344,47.33000183105469,47.67499923706055,1853,0.0,0.0,0.0
2022-12-14 15:30:00-05:00,47.590999603271484,47.776798248291016,47.59000015258789,47.709999084472656,2549,0.0,0.0,0.0
2022-12-15 09:30:00-05:00,47.33000183105469,47.33000183105469,46.83000183105469,46.83000183105469,1824,0.0,0.0,0.0
2022-12-15 10:30:00-05:00,46.75,46.867801666259766,46.630001068115234,46.630001068115234,1054,0.0,0.0,0.0
2022-12-15 11:30:00-05:00,46.63999938964844,46.689998626708984,46.560001373291016,46.63999938964844,8828,0.0,0.0,0.0
2022-12-15 12:30:00-05:00,46.650001525878906,46.650001525878906,46.650001525878906,46.650001525878906,477,0.0,0.0,0.0
2022-12-15 13:30:00-05:00,46.547000885009766,46.547000885009766,46.52320098876953,46.52320098876953,2168,0.0,0.0,0.0
2022-12-15 14:30:00-05:00,46.58000183105469,46.77000045776367,46.58000183105469,46.631900787353516,3894,0.0,0.0,0.0
2022-12-15 15:30:00-05:00,46.77510070800781,46.77510070800781,46.599998474121094,46.599998474121094,757,0.0,0.0,0.0
2022-12-16 09:30:00-05:00,46.08000183105469,46.154998779296875,45.880001068115234,45.939998626708984,0,0.0,0.0,0.0
2022-12-16 10:30:00-05:00,45.872798919677734,45.939998626708984,45.834999084472656,45.939998626708984,4161,0.0,0.0,0.0
2022-12-16 11:30:00-05:00,45.90999984741211,45.964298248291016,45.79999923706055,45.83000183105469,2413,0.0,0.0,0.0
2022-12-16 12:30:00-05:00,45.86000061035156,45.869998931884766,45.73899841308594,45.7400016784668,4568,0.0,0.0,0.0
2022-12-16 13:30:00-05:00,45.76810073852539,45.79999923706055,45.76810073852539,45.79999923706055,2515,0.0,0.0,0.0
2022-12-16 14:30:00-05:00,45.75450134277344,45.900001525878906,45.75450134277344,45.88529968261719,3029,0.0,0.0,0.0
2022-12-16 15:30:00-05:00,46.14500045776367,46.152801513671875,46.083900451660156,46.083900451660156,890,0.0,0.0,0.0
2022-12-19 09:30:00-05:00,46.060001373291016,46.0629997253418,45.88999938964844,46.060001373291016,0,0.0,0.0,0.0
2022-12-19 10:30:00-05:00,46.0099983215332,46.040000915527344,45.880001068115234,45.880001068115234,2893,0.0,0.0,0.0
2022-12-19 11:30:00-05:00,45.83369827270508,45.900001525878906,45.83369827270508,45.900001525878906,810,0.0,0.0,0.0
2022-12-19 12:30:00-05:00,45.814998626708984,45.814998626708984,45.790000915527344,45.790000915527344,591,0.0,0.0,0.0
2022-12-19 13:30:00-05:00,45.73500061035156,45.73500061035156,45.62409973144531,45.62409973144531,970,0.0,0.0,0.0
2022-12-19 14:30:00-05:00,45.564998626708984,45.564998626708984,45.5099983215332,45.54499816894531,2026,0.0,0.0,0.0
2022-12-19 15:30:00-05:00,45.586700439453125,45.709999084472656,45.586700439453125,45.709999084472656,1934,0.0,0.0,0.0
2022-12-20 09:30:00-05:00,45.58000183105469,45.77000045776367,45.470001220703125,45.77000045776367,4660,0.0,0.0,0.0
2022-12-20 10:30:00-05:00,45.8650016784668,45.880001068115234,45.61000061035156,45.61000061035156,3838,0.0,0.0,0.0
2022-12-20 11:30:00-05:00,45.62990188598633,45.79840087890625,45.62990188598633,45.79560089111328,2908,0.0,0.0,0.0
2022-12-20 12:30:00-05:00,45.790000915527344,45.88999938964844,45.77750015258789,45.88999938964844,2113,0.0,0.0,0.0
2022-12-20 13:30:00-05:00,45.90700149536133,45.939998626708984,45.84000015258789,45.880001068115234,2926,0.0,0.0,0.0
2022-12-20 14:30:00-05:00,45.84400177001953,45.845001220703125,45.70249938964844,45.724998474121094,4627,0.0,0.0,0.0
2022-12-20 15:30:00-05:00,45.83919906616211,45.8661003112793,45.790000915527344,45.79999923706055,2148,0.0,0.0,0.0
2022-12-21 09:30:00-05:00,46.06999969482422,46.25,46.029998779296875,46.23870086669922,0,0.0,0.0,0.0
2022-12-21 10:30:00-05:00,46.40119934082031,46.5,46.40119934082031,46.5,1146,0.0,0.0,0.0
2022-12-21 11:30:00-05:00,46.4900016784668,46.4901008605957,46.33000183105469,46.345001220703125,3964,0.0,0.0,0.0
2022-12-21 12:30:00-05:00,46.377899169921875,46.470001220703125,46.36000061035156,46.36000061035156,1027,0.0,0.0,0.0
2022-12-21 13:30:00-05:00,46.369998931884766,46.494998931884766,46.3650016784668,46.46590042114258,3657,0.0,0.0,0.0
2022-12-21 14:30:00-05:00,46.41529846191406,46.41529846191406,46.31999969482422,46.37120056152344,7006,0.0,0.0,0.0
2022-12-21 15:30:00-05:00,46.35599899291992,46.45000076293945,46.349300384521484,46.45000076293945,2923,0.0,0.0,0.0
2022-12-22 09:30:00-05:00,46.189998626708984,46.189998626708984,45.834999084472656,45.834999084472656,0,0.0,0.0,0.0
2022-12-22 10:30:00-05:00,45.790000915527344,45.86000061035156,45.790000915527344,45.84870147705078,627,0.0,0.0,0.0
2022-12-22 11:30:00-05:00,45.717498779296875,45.77000045776367,45.567901611328125,45.567901611328125,2527,0.0,0.0,0.0
2022-12-22 12:30:00-05:00,45.52000045776367,45.52000045776367,45.45000076293945,45.45000076293945,636,0.0,0.0,0.0
2022-12-22 13:30:00-05:00,45.362098693847656,45.52180099487305,45.362098693847656,45.52180099487305,1427,0.0,0.0,0.0
2022-12-22 14:30:00-05:00,45.569698333740234,45.8739013671875,45.55780029296875,45.8739013671875,5277,0.0,0.0,0.0
2022-12-22 15:30:00-05:00,45.83509826660156,46.0,45.82320022583008,45.97999954223633,0,0.0,0.0,0.0
2022-12-23 09:30:00-05:00,46.0,46.06999969482422,45.7400016784668,46.03010177612305,4819,0.0,0.0,0.0
2022-12-23 10:30:00-05:00,46.11000061035156,46.11000061035156,46.0099983215332,46.02000045776367,2092,0.0,0.0,0.0
2022-12-23 11:30:00-05:00,46.064998626708984,46.197200775146484,46.064998626708984,46.197200775146484,3883,0.0,0.0,0.0
2022-12-23 12:30:00-05:00,46.1869010925293,46.19710159301758,46.11000061035156,46.19710159301758,1933,0.0,0.0,0.0
2022-12-23 13:30:00-05:00,46.1875,46.20000076293945,46.0536994934082,46.07609939575195,3460,0.0,0.0,0.0
2022-12-23 15:30:00-05:00,46.20000076293945,46.27000045776367,46.16999816894531,46.2599983215332,1538,0.0,0.0,0.0
2022-12-27 09:30:00-05:00,46.2400016784668,46.29999923706055,46.02880096435547,46.27539825439453,0,0.0,0.0,0.0
2022-12-27 10:30:00-05:00,46.290000915527344,46.34000015258789,46.255001068115234,46.255001068115234,3775,0.0,0.0,0.0
2022-12-27 11:30:00-05:00,46.255001068115234,46.31529998779297,46.255001068115234,46.30500030517578,2017,0.0,0.0,0.0
2022-12-27 12:30:00-05:00,46.31990051269531,46.33000183105469,46.26499938964844,46.29999923706055,1656,0.0,0.0,0.0
2022-12-27 13:30:00-05:00,46.3224983215332,46.3224983215332,46.209999084472656,46.21500015258789,2569,0.0,0.0,0.0
2022-12-27 14:30:00-05:00,46.172298431396484,46.314998626708984,46.164100646972656,46.314998626708984,240239,0.0,0.0,0.0
2022-12-27 15:30:00-05:00,46.3650016784668,46.3650016784668,46.2849006652832,46.2849006652832,0,0.0,0.0,0.0
2022-12-28 09:30:00-05:00,46.34489822387695,46.494998931884766,46.189998626708984,46.189998626708984,4327,0.0,0.0,0.0
2022-12-28 10:30:00-05:00,46.23469924926758,46.23469924926758,46.01499938964844,46.060001373291016,2358,0.0,0.0,0.0
2022-12-28 11:30:00-05:00,45.939998626708984,45.939998626708984,45.900001525878906,45.900001525878906,1210,0.0,0.0,0.0
2022-12-28 12:30:00-05:00,46.096500396728516,46.096500396728516,46.031700134277344,46.031700134277344,864,0.0,0.0,0.0
2022-12-28 13:30:00-05:00,46.005001068115234,46.02690124511719,45.88999938964844,45.944400787353516,10419,0.0,0.0,0.0
2022-12-28 14:30:00-05:00,46.005001068115234,46.005001068115234,45.75090026855469,45.75090026855469,4664,0.0,0.0,0.0
2022-12-28 15:30:00-05:00,45.79050064086914,45.79050064086914,45.75,45.75,1162,0.0,0.0,0.0
2022-12-29 09:30:00-05:00,45.90999984741211,46.269100189208984,45.90999984741211,46.269100189208984,0,0.0,0.0,0.0
2022-12-29 10:30:00-05:00,46.25,46.29999923706055,46.2400016784668,46.25,3207,0.0,0.0,0.0
2022-12-29 11:30:00-05:00,46.290000915527344,46.422000885009766,46.290000915527344,46.39830017089844,3365,0.0,0.0,0.0
2022-12-29 12:30:00-05:00,46.38999938964844,46.43000030517578,46.3734016418457,46.380001068115234,6421,0.0,0.0,0.0
2022-12-29 13:30:00-05:00,46.418800354003906,46.47999954223633,46.38650131225586,46.43000030517578,3545,0.0,0.0,0.0
2022-12-29 14:30:00-05:00,46.38819885253906,46.4197998046875,46.32659912109375,46.33000183105469,1717,0.0,0.0,0.0
2022-12-29 15:30:00-05:00,46.310001373291016,46.40999984741211,46.29999923706055,46.29999923706055,0,0.0,0.0,0.0
2022-12-30 09:30:00-05:00,46.06999969482422,46.130401611328125,45.939998626708984,46.07500076293945,2538,0.0,0.0,0.0
2022-12-30 10:30:00-05:00,46.005001068115234,46.022098541259766,45.9828987121582,45.9828987121582,2101,0.0,0.0,0.0
2022-12-30 11:30:00-05:00,45.9473991394043,46.025001525878906,45.93000030517578,46.00189971923828,9938,0.0,0.0,0.0
2022-12-30 12:30:00-05:00,45.98939895629883,46.0098991394043,45.7400016784668,45.78499984741211,8486,0.0,0.0,0.0
2022-12-30 13:30:00-05:00,45.88999938964844,45.88999938964844,45.779998779296875,45.779998779296875,4330,0.0,0.0,0.0
2022-12-30 14:30:00-05:00,45.79499816894531,45.97999954223633,45.79499816894531,45.97999954223633,443,0.0,0.0,0.0
2022-12-30 15:30:00-05:00,45.93000030517578,46.189998626708984,45.922298431396484,46.130001068115234,5334,0.0,0.0,0.0
2023-01-03 09:30:00-05:00,46.27000045776367,46.279998779296875,45.95050048828125,45.95050048828125,0,0.0,0.0,0.0
2023-01-03 10:30:00-05:00,46.06330108642578,46.06330108642578,45.834999084472656,45.86000061035156,6908,0.0,0.0,0.0
2023-01-03 11:30:00-05:00,45.83000183105469,45.84000015258789,45.75,45.84000015258789,2729,0.0,0.0,0.0
2023-01-03 12:30:00-05:00,45.78950119018555,45.862098693847656,45.72999954223633,45.86000061035156,5616,0.0,0.0,0.0
2023-01-03 13:30:00-05:00,45.81100082397461,45.86000061035156,45.76499938964844,45.76499938964844,5864,0.0,0.0,0.0
2023-01-03 14:30:00-05:00,45.94499969482422,45.94499969482422,45.880001068115234,45.90999984741211,146656,0.0,0.0,0.0
2023-01-03 15:30:00-05:00,45.959999084472656,46.01150131225586,45.94900131225586,46.0,0,0.0,0.0,0.0
2023-01-04 09:30:00-05:00,46.150001525878906,46.25,45.95000076293945,46.0099983215332,4858,0.0,0.0,0.0
2023-01-04 10:30:00-05:00,46.150001525878906,46.16999816894531,46.13999938964844,46.16999816894531,1549,0.0,0.0,0.0
2023-01-04 11:30:00-05:00,46.3849983215332,46.3849983215332,46.37009811401367,46.37009811401367,639,0.0,0.0,0.0
2023-01-04 12:30:00-05:00,46.349998474121094,46.38999938964844,46.349998474121094,46.38999938964844,686,0.0,0.0,0.0
2023-01-04 13:30:00-05:00,46.38999938964844,46.38999938964844,46.08000183105469,46.11000061035156,3691,0.0,0.0,0.0
2023-01-04 14:30:00-05:00,46.02119827270508,46.189998626708984,46.00640106201172,46.1692008972168,1060,0.0,0.0,0.0
2023-01-04 15:30:00-05:00,46.06999969482422,46.209999084472656,45.95000076293945,46.209999084472656,3314,0.0,0.0,0.0
2023-01-05 09:30:00-05:00,46.02000045776367,46.060001373291016,45.790000915527344,45.88999938964844,2946,0.0,0.0,0.0
2023-01-05 10:30:00-05:00,45.89739990234375,45.89739990234375,45.7932014465332,45.7932014465332,1511,0.0,0.0,0.0
2023-01-05 11:30:00-05:00,45.814998626708984,45.814998626708984,45.770599365234375,45.770599365234375,1210,0.0,0.0,0.0
2023-01-05 12:30:00-05:00,45.871299743652344,45.935001373291016,45.7577018737793,45.92499923706055,9015,0.0,0.0,0.0
2023-01-05 13:30:00-05:00,45.93000030517578,45.93000030517578,45.86069869995117,45.86069869995117,2379,0.0,0.0,0.0
2023-01-05 14:30:00-05:00,45.880001068115234,45.880001068115234,45.84000015258789,45.84000015258789,425,0.0,0.0,0.0
2023-01-05 15:30:00-05:00,45.76089859008789,45.82550048828125,45.75,45.75,1429,0.0,0.0,0.0
2023-01-06 09:30:00-05:00,46.189998626708984,46.3031005859375,45.93000030517578,46.3031005859375,4033,0.0,0.0,0.0
2023-01-06 10:30:00-05:00,46.345001220703125,46.55160140991211,46.345001220703125,46.55160140991211,1399,0.0,0.0,0.0
2023-01-06 11:30:00-05:00,46.47999954223633,46.53499984741211,46.47999954223633,46.53499984741211,760,0.0,0.0,0.0
2023-01-06 12:30:00-05:00,46.45000076293945,46.47999954223633,46.45000076293945,46.47999954223633,767,0.0,0.0,0.0
2023-01-06 13:30:00-05:00,46.56399917602539,46.714900970458984,46.527000427246094,46.685001373291016,3622,0.0,0.0,0.0
2023-01-06 14:30:00-05:00,46.689998626708984,46.79999923706055,46.689998626708984,46.79999923706055,5350,0.0,0.0,0.0
2023-01-06 15:30:00-05:00,46.75669860839844,46.75669860839844,46.68000030517578,46.68000030517578,1208,0.0,0.0,0.0
2023-01-09 09:30:00-05:00,46.810001373291016,46.91999816894531,46.68000030517578,46.869998931884766,6985,0.0,0.0,0.0
2023-01-09 10:30:00-05:00,46.91239929199219,47.03499984741211,46.91239929199219,47.03499984741211,3536,0.0,0.0,0.0
2023-01-09 11:30:00-05:00,47.00019836425781,47.0099983215332,46.95000076293945,46.95000076293945,2084,0.0,0.0,0.0
2023-01-09 12:30:00-05:00,46.85710144042969,46.85710144042969,46.818599700927734,46.818599700927734,668,0.0,0.0,0.0
2023-01-09 13:30:00-05:00,46.7598991394043,46.7598991394043,46.619998931884766,46.63999938964844,4775,0.0,0.0,0.0
2023-01-09 14:30:00-05:00,46.58000183105469,46.58330154418945,46.38999938964844,46.41999816894531,2909,0.0,0.0,0.0
2023-01-09 15:30:00-05:00,46.41999816894531,46.41999816894531,46.41999816894531,46.41999816894531,104,0.0,0.0,0.0
2023-01-10 09:30:00-05:00,46.380001068115234,46.540000915527344,46.380001068115234,46.38999938964844,7057,0.0,0.0,0.0
2023-01-10 10:30:00-05:00,46.345001220703125,46.459999084472656,46.310001373291016,46.43000030517578,3100,0.0,0.0,0.0
2023-01-10 11:30:00-05:00,46.36000061035156,46.43000030517578,46.290000915527344,46.37710189819336,20397,0.0,0.0,0.0
2023-01-10 12:30:00-05:00,46.375,46.532901763916016,46.375,46.48500061035156,10614,0.0,0.0,0.0
2023-01-10 13:30:00-05:00,46.525001525878906,46.58369827270508,46.525001525878906,46.58369827270508,1843,0.0,0.0,0.0
2023-01-10 14:30:00-05:00,46.59000015258789,46.59000015258789,46.51499938964844,46.540000915527344,12706,0.0,0.0,0.0
2023-01-10 15:30:00-05:00,46.52000045776367,46.599998474121094,46.52000045776367,46.599998474121094,4914,0.0,0.0,0.0
2023-01-11 09:30:00-05:00,46.84000015258789,46.900001525878906,46.7599983215332,46.7775993347168,5281,0.0,0.0,0.0
2023-01-11 10:30:00-05:00,46.72999954223633,46.790000915527344,46.70000076293945,46.77000045776367,1973,0.0,0.0,0.0
2023-01-11 11:30:00-05:00,46.78990173339844,46.832000732421875,46.77320098876953,46.832000732421875,1870,0.0,0.0,0.0
2023-01-11 12:30:00-05:00,46.86000061035156,46.900001525878906,46.82500076293945,46.82500076293945,2932,0.0,0.0,0.0
2023-01-11 13:30:00-05:00,46.88999938964844,46.90129852294922,46.846900939941406,46.88999938964844,8025,0.0,0.0,0.0
2023-01-11 14:30:00-05:00,46.96500015258789,47.01499938964844,46.96500015258789,47.01499938964844,7636,0.0,0.0,0.0
2023-01-11 15:30:00-05:00,46.9900016784668,47.09000015258789,46.96500015258789,47.09000015258789,3508,0.0,0.0,0.0
2023-01-12 09:30:00-05:00,47.22999954223633,47.22999954223633,46.8849983215332,47.16299819946289,6771,0.0,0.0,0.0
2023-01-12 10:30:00-05:00,47.029998779296875,47.06999969482422,46.961299896240234,47.06999969482422,4884,0.0,0.0,0.0
2023-01-12 11:30:00-05:00,47.0,47.099998474121094,46.9900016784668,47.099998474121094,4105,0.0,0.0,0.0
2023-01-12 12:30:00-05:00,47.2244987487793,47.244998931884766,47.207401275634766,47.22999954223633,57248,0.0,0.0,0.0
2023-01-12 13:30:00-05:00,47.240299224853516,47.240299224853516,47.240299224853516,47.240299224853516,324,0.0,0.0,0.0
2023-01-12 14:30:00-05:00,47.17689895629883,47.17689895629883,47.03340148925781,47.03340148925781,3196,0.0,0.0,0.0
2023-01-12 15:30:00-05:00,47.066200256347656,47.09159851074219,46.9900016784668,47.09000015258789,5148,0.0,0.0,0.0
2023-01-13 09:30:00-05:00,46.790000915527344,47.040000915527344,46.790000915527344,47.040000915527344,0,0.0,0.0,0.0
2023-01-13 10:30:00-05:00,47.0099983215332,47.019901275634766,46.91999816894531,46.91999816894531,9899,0.0,0.0,0.0
2023-01-13 11:30:00-05:00,46.93000030517578,46.97999954223633,46.90999984741211,46.97999954223633,2336,0.0,0.0,0.0
2023-01-13 12:30:00-05:00,46.96500015258789,46.97999954223633,46.93510055541992,46.93510055541992,1798,0.0,0.0,0.0
2023-01-13 13:30:00-05:00,46.95000076293945,47.060001373291016,46.95000076293945,47.051300048828125,24784,0.0,0.0,0.0
2023-01-13 14:30:00-05:00,47.09000015258789,47.130001068115234,47.04999923706055,47.08509826660156,12622,0.0,0.0,0.0
2023-01-13 15:30:00-05:00,47.14500045776367,47.220001220703125,47.14500045776367,47.15999984741211,12107,0.0,0.0,0.0
2023-01-17 09:30:00-05:00,47.13999938964844,47.27000045776367,47.13999938964844,47.25,6036,0.0,0.0,0.0
2023-01-17 10:30:00-05:00,47.24399948120117,47.24399948120117,47.040000915527344,47.04999923706055,3170,0.0,0.0,0.0
2023-01-17 11:30:00-05:00,47.08000183105469,47.10499954223633,47.04750061035156,47.06209945678711,2263,0.0,0.0,0.0
2023-01-17 12:30:00-05:00,47.060001373291016,47.08000183105469,47.060001373291016,47.06129837036133,1093,0.0,0.0,0.0
2023-01-17 13:30:00-05:00,47.09080123901367,47.11000061035156,47.0099983215332,47.0099983215332,2186,0.0,0.0,0.0
2023-01-17 14:30:00-05:00,47.083499908447266,47.13999938964844,47.0,47.029998779296875,6821,0.0,0.0,0.0
2023-01-17 15:30:00-05:00,47.01499938964844,47.02000045776367,46.96500015258789,46.97669982910156,0,0.0,0.0,0.0
2023-01-18 09:30:00-05:00,47.060001373291016,47.099998474121094,46.94660186767578,47.00740051269531,6131,0.0,0.0,0.0
2023-01-18 10:30:00-05:00,46.94960021972656,46.95800018310547,46.670101165771484,46.670101165771484,3352,0.0,0.0,0.0
2023-01-18 11:30:00-05:00,46.60499954223633,46.60499954223633,46.560001373291016,46.560001373291016,1880,0.0,0.0,0.0
2023-01-18 12:30:00-05:00,46.5098991394043,46.52040100097656,46.41999816894531,46.41999816894531,1659,0.0,0.0,0.0
2023-01-18 13:30:00-05:00,46.51900100708008,46.537200927734375,46.48640060424805,46.48640060424805,578,0.0,0.0,0.0
2023-01-18 14:30:00-05:00,46.4900016784668,46.51070022583008,46.38999938964844,46.400001525878906,36550,0.0,0.0,0.0
2023-01-18 15:30:00-05:00,46.3927001953125,46.404598236083984,46.2056999206543,46.209999084472656,2587,0.0,0.0,0.0
2023-01-19 09:30:00-05:00,45.9900016784668,46.150001525878906,45.9900016784668,46.08000183105469,8260,0.0,0.0,0.0
2023-01-19 10:30:00-05:00,46.048301696777344,46.08000183105469,45.96030044555664,46.020999908447266,13117,0.0,0.0,0.0
2023-01-19 11:30:00-05:00,46.023799896240234,46.0526008605957,46.023799896240234,46.04499816894531,983,0.0,0.0,0.0
2023-01-19 12:30:00-05:00,46.03499984741211,46.125,45.993499755859375,46.10499954223633,3080,0.0,0.0,0.0
2023-01-19 13:30:00-05:00,46.139801025390625,46.220001220703125,46.099998474121094,46.220001220703125,6358,0.0,0.0,0.0
2023-01-19 14:30:00-05:00,46.21500015258789,46.279998779296875,46.15330123901367,46.15570068359375,23597,0.0,0.0,0.0
2023-01-19 15:30:00-05:00,46.15119934082031,46.18000030517578,45.98500061035156,45.98500061035156,3993,0.0,0.0,0.0
2023-01-20 09:30:00-05:00,46.099998474121094,46.099998474121094,45.9900016784668,46.099998474121094,3700,0.0,0.0,0.0
2023-01-20 10:30:00-05:00,46.15999984741211,46.21390151977539,46.130001068115234,46.20500183105469,1698,0.0,0.0,0.0
2023-01-20 11:30:00-05:00,46.279998779296875,46.279998779296875,46.216400146484375,46.2400016784668,3414,0.0,0.0,0.0
2023-01-20 12:30:00-05:00,46.189998626708984,46.195098876953125,46.150001525878906,46.150001525878906,3186,0.0,0.0,0.0
2023-01-20 13:30:00-05:00,46.38999938964844,46.38999938964844,46.38999938964844,46.38999938964844,307,0.0,0.0,0.0
2023-01-20 14:30:00-05:00,46.5192985534668,46.599998474121094,46.5192985534668,46.540000915527344,13011,0.0,0.0,0.0
2023-01-20 15:30:00-05:00,46.5,46.59000015258789,46.470001220703125,46.59000015258789,679,0.0,0.0,0.0
2023-01-23 09:30:00-05:00,46.65999984741211,46.849998474121094,46.53099822998047,46.849998474121094,6632,0.0,0.0,0.0
2023-01-23 10:30:00-05:00,46.85499954223633,47.150001525878906,46.85499954223633,47.150001525878906,2914,0.0,0.0,0.0
2023-01-23 11:30:00-05:00,47.0,47.02000045776367,46.95399856567383,46.95399856567383,2550,0.0,0.0,0.0
2023-01-23 12:30:00-05:00,46.970001220703125,46.97999954223633,46.970001220703125,46.97999954223633,586,0.0,0.0,0.0
2023-01-23 13:30:00-05:00,47.060001373291016,47.060001373291016,46.95000076293945,46.95000076293945,441,0.0,0.0,0.0
2023-01-23 14:30:00-05:00,46.915000915527344,46.93000030517578,46.720001220703125,46.79999923706055,3973,0.0,0.0,0.0
2023-01-23 15:30:00-05:00,46.790000915527344,46.91999816894531,46.790000915527344,46.880001068115234,1691,0.0,0.0,0.0
2023-01-24 09:30:00-05:00,46.7400016784668,46.869998931884766,46.54859924316406,46.68000030517578,4236,0.0,0.0,0.0
2023-01-24 10:30:00-05:00,46.78950119018555,46.900001525878906,46.78950119018555,46.900001525878906,3806,0.0,0.0,0.0
2023-01-24 11:30:00-05:00,46.83000183105469,46.83000183105469,46.83000183105469,46.83000183105469,147,0.0,0.0,0.0
2023-01-24 12:30:00-05:00,46.845001220703125,46.869998931884766,46.80550003051758,46.86479949951172,4157,0.0,0.0,0.0
2023-01-24 13:30:00-05:00,46.970001220703125,46.970001220703125,46.84000015258789,46.880001068115234,2585,0.0,0.0,0.0
2023-01-24 14:30:00-05:00,46.93320083618164,46.94449996948242,46.900001525878906,46.900001525878906,2740,0.0,0.0,0.0
2023-01-24 15:30:00-05:00,46.90999984741211,46.939998626708984,46.849998474121094,46.900001525878906,0,0.0,0.0,0.0
2023-01-25 09:30:00-05:00,46.65999984741211,46.65999984741211,46.380001068115234,46.47999954223633,8524,0.0,0.0,0.0
2023-01-25 10:30:00-05:00,46.474998474121094,46.54999923706055,46.30070114135742,46.53160095214844,7682,0.0,0.0,0.0
2023-01-25 11:30:00-05:00,46.650001525878906,46.65999984741211,46.599998474121094,46.599998474121094,1635,0.0,0.0,0.0
2023-01-25 12:30:00-05:00,46.63999938964844,46.7599983215332,46.630001068115234,46.7599983215332,3293,0.0,0.0,0.0
2023-01-25 13:30:00-05:00,46.797298431396484,46.83000183105469,46.750999450683594,46.779998779296875,3114,0.0,0.0,0.0
2023-01-25 14:30:00-05:00,46.77000045776367,46.90999984741211,46.77000045776367,46.86000061035156,10071,0.0,0.0,0.0
2023-01-25 15:30:00-05:00,46.880001068115234,46.939998626708984,46.845001220703125,46.900001525878906,0,0.0,0.0,0.0
2023-01-26 09:30:00-05:00,47.16999816894531,47.16999816894531,46.91999816894531,47.04999923706055,6611,0.0,0.0,0.0
2023-01-26 10:30:00-05:00,47.02000045776367,47.03409957885742,46.79999923706055,46.814998626708984,2554,0.0,0.0,0.0
2023-01-26 11:30:00-05:00,46.90999984741211,47.06999969482422,46.84000015258789,47.04570007324219,2676,0.0,0.0,0.0
2023-01-26 12:30:00-05:00,46.959999084472656,47.01580047607422,46.935001373291016,46.959999084472656,10963,0.0,0.0,0.0
2023-01-26 13:30:00-05:00,47.099998474121094,47.099998474121094,47.029998779296875,47.029998779296875,2041,0.0,0.0,0.0
2023-01-26 14:30:00-05:00,47.040000915527344,47.1150016784668,47.040000915527344,47.1150016784668,4221,0.0,0.0,0.0
2023-01-26 15:30:00-05:00,47.099998474121094,47.15999984741211,47.06999969482422,47.15999984741211,0,0.0,0.0,0.0
2023-01-27 09:30:00-05:00,47.040000915527344,47.097999572753906,46.939998626708984,47.06999969482422,9675,0.0,0.0,0.0
2023-01-27 10:30:00-05:00,47.029998779296875,47.029998779296875,46.86119842529297,46.93000030517578,2922,0.0,0.0,0.0
2023-01-27 11:30:00-05:00,47.040000915527344,47.08000183105469,47.0099983215332,47.08000183105469,5552,0.0,0.0,0.0
2023-01-27 13:30:00-05:00,47.08000183105469,47.109901428222656,47.08000183105469,47.09000015258789,5493,0.0,0.0,0.0
2023-01-27 14:30:00-05:00,47.09000015258789,47.19499969482422,47.09000015258789,47.1327018737793,8372,0.0,0.0,0.0
2023-01-27 15:30:00-05:00,47.1349983215332,47.16999816894531,46.977298736572266,47.0099983215332,1549,0.0,0.0,0.0
2023-01-30 09:30:00-05:00,46.869998931884766,47.0,46.81999969482422,46.959999084472656,4277,0.0,0.0,0.0
2023-01-30 10:30:00-05:00,46.95000076293945,46.960201263427734,46.880001068115234,46.900001525878906,3153,0.0,0.0,0.0
2023-01-30 11:30:00-05:00,46.90999984741211,46.90999984741211,46.83000183105469,46.83000183105469,10313,0.0,0.0,0.0
2023-01-30 12:30:00-05:00,46.79999923706055,46.82500076293945,46.762901306152344,46.79499816894531,1933,0.0,0.0,0.0
2023-01-30 13:30:00-05:00,46.73139953613281,46.77000045776367,46.720001220703125,46.72999954223633,1910,0.0,0.0,0.0
2023-01-30 14:30:00-05:00,46.690101623535156,46.7150993347168,46.68000030517578,46.69620132446289,4178,0.0,0.0,0.0
2023-01-30 15:30:00-05:00,46.66899871826172,46.7400016784668,46.61479949951172,46.68000030517578,11172,0.0,0.0,0.0
2023-01-31 09:30:00-05:00,46.66999816894531,46.810001373291016,46.66999816894531,46.75,1543,0.0,0.0,0.0
2023-01-31 10:30:00-05:00,46.84000015258789,46.86000061035156,46.80350112915039,46.86000061035156,5004,0.0,0.0,0.0
2023-01-31 11:30:00-05:00,46.849998474121094,46.900001525878906,46.849998474121094,46.900001525878906,839,0.0,0.0,0.0
2023-01-31 12:30:00-05:00,46.94179916381836,46.970001220703125,46.900001525878906,46.9114990234375,2890,0.0,0.0,0.0
2023-01-31 13:30:00-05:00,46.959999084472656,47.040000915527344,46.935001373291016,46.974998474121094,2355,0.0,0.0,0.0
2023-01-31 14:30:00-05:00,46.991798400878906,47.0,46.974998474121094,46.97999954223633,1827,0.0,0.0,0.0
2023-01-31 15:30:00-05:00,47.0,47.2400016784668,47.0,47.2400016784668,4517,0.0,0.0,0.0
2023-02-01 09:30:00-05:00,47.119998931884766,47.20500183105469,47.04999923706055,47.04999923706055,2597,0.0,0.0,0.0
2023-02-01 10:30:00-05:00,47.0,47.01139831542969,46.95000076293945,47.0099983215332,3235,0.0,0.0,0.0
2023-02-01 11:30:00-05:00,47.09000015258789,47.11000061035156,47.005001068115234,47.005001068115234,892,0.0,0.0,0.0
2023-02-01 12:30:00-05:00,46.99760055541992,46.99760055541992,46.91999816894531,46.939998626708984,3825,0.0,0.0,0.0
2023-02-01 13:30:00-05:00,46.99079895019531,47.06340026855469,46.99079895019531,47.06340026855469,677,0.0,0.0,0.0
2023-02-01 14:30:00-05:00,46.84000015258789,47.599998474121094,46.84000015258789,47.540000915527344,5064,0.0,0.0,0.0
2023-02-01 15:30:00-05:00,47.75,47.78499984741211,47.47999954223633,47.47999954223633,1039,0.0,0.0,0.0
2023-02-02 09:30:00-05:00,47.7400016784668,47.7400016784668,47.470001220703125,47.59000015258789,8734,0.0,0.0,0.0
2023-02-02 10:30:00-05:00,47.720001220703125,47.75,47.720001220703125,47.75,2285,0.0,0.0,0.0
2023-02-02 11:30:00-05:00,47.70000076293945,47.709999084472656,47.650001525878906,47.682701110839844,7211,0.0,0.0,0.0
2023-02-02 12:30:00-05:00,47.63999938964844,47.739898681640625,47.56999969482422,47.68000030517578,15875,0.0,0.0,0.0
2023-02-02 13:30:00-05:00,47.689998626708984,47.75,47.59450149536133,47.59450149536133,2493,0.0,0.0,0.0
2023-02-02 14:30:00-05:00,47.59000015258789,47.65999984741211,47.494998931884766,47.63999938964844,13412,0.0,0.0,0.0
2023-02-02 15:30:00-05:00,47.70000076293945,47.75,47.63999938964844,47.75,6820,0.0,0.0,0.0
2023-02-03 09:30:00-05:00,47.369998931884766,47.56999969482422,47.27000045776367,47.560001373291016,6831,0.0,0.0,0.0
2023-02-03 10:30:00-05:00,47.650001525878906,47.7135009765625,47.63999938964844,47.7135009765625,11333,0.0,0.0,0.0
2023-02-03 11:30:00-05:00,47.75,47.75,47.57600021362305,47.686500549316406,0,0.0,0.0,0.0
2023-02-03 12:30:00-05:00,47.68000030517578,47.70830154418945,47.435001373291016,47.470001220703125,27675,0.0,0.0,0.0
2023-02-03 13:30:00-05:00,47.355499267578125,47.42499923706055,47.355499267578125,47.400001525878906,1107,0.0,0.0,0.0
2023-02-03 14:30:00-05:00,47.380001068115234,47.48509979248047,47.380001068115234,47.48509979248047,1050,0.0,0.0,0.0
2023-02-03 15:30:00-05:00,47.404998779296875,47.5099983215332,47.380001068115234,47.439998626708984,14869,0.0,0.0,0.0
2023-02-06 09:30:00-05:00,47.20000076293945,47.279998779296875,47.11000061035156,47.15660095214844,2975,0.0,0.0,0.0
2023-02-06 10:30:00-05:00,47.09000015258789,47.36000061035156,47.09000015258789,47.36000061035156,3328,0.0,0.0,0.0
2023-02-06 11:30:00-05:00,47.36000061035156,47.36000061035156,47.15999984741211,47.15999984741211,3309,0.0,0.0,0.0
2023-02-06 12:30:00-05:00,47.25,47.31919860839844,47.21500015258789,47.26620101928711,7281,0.0,0.0,0.0
2023-02-06 13:30:00-05:00,47.224998474121094,47.37710189819336,47.224998474121094,47.37710189819336,1646,0.0,0.0,0.0
2023-02-06 14:30:00-05:00,47.3130989074707,47.3130989074707,47.18989944458008,47.2400016784668,3323,0.0,0.0,0.0
2023-02-06 15:30:00-05:00,47.27399826049805,47.31999969482422,47.2400016784668,47.2599983215332,1686,0.0,0.0,0.0
2023-02-07 09:30:00-05:00,47.27000045776367,47.27000045776367,47.099998474121094,47.099998474121094,3218,0.0,0.0,0.0
2023-02-07 10:30:00-05:00,47.15999984741211,47.209999084472656,47.13999938964844,47.209999084472656,756,0.0,0.0,0.0
2023-02-07 11:30:00-05:00,47.27000045776367,47.279998779296875,47.209999084472656,47.209999084472656,2498,0.0,0.0,0.0
2023-02-07 12:30:00-05:00,47.400001525878906,47.71820068359375,47.22999954223633,47.22999954223633,3819,0.0,0.0,0.0
2023-02-07 13:30:00-05:00,47.20000076293945,47.48500061035156,47.06999969482422,47.45000076293945,6949,0.0,0.0,0.0
2023-02-07 14:30:00-05:00,47.4452018737793,47.709999084472656,47.4452018737793,47.599300384521484,2714,0.0,0.0,0.0
2023-02-07 15:30:00-05:00,47.660099029541016,47.79999923706055,47.660099029541016,47.79999923706055,633,0.0,0.0,0.0
2023-02-08 09:30:00-05:00,47.52000045776367,47.581298828125,47.470001220703125,47.51499938964844,8372,0.0,0.0,0.0
2023-02-08 10:30:00-05:00,47.5,47.508399963378906,47.275001525878906,47.275001525878906,2149,0.0,0.0,0.0
2023-02-08 11:30:00-05:00,47.220001220703125,47.29499816894531,47.220001220703125,47.27000045776367,374363,0.0,0.0,0.0
2023-02-08 12:30:00-05:00,47.354000091552734,47.439998626708984,47.310001373291016,47.36869812011719,4887,0.0,0.0,0.0
2023-02-08 13:30:00-05:00,47.290000915527344,47.32830047607422,47.290000915527344,47.327301025390625,2132,0.0,0.0,0.0
2023-02-08 14:30:00-05:00,47.27000045776367,47.27000045776367,47.20000076293945,47.224998474121094,1584,0.0,0.0,0.0
2023-02-08 15:30:00-05:00,47.189998626708984,47.279998779296875,47.189998626708984,47.279998779296875,5701,0.0,0.0,0.0
2023-02-09 09:30:00-05:00,47.54999923706055,47.599998474121094,47.529998779296875,47.529998779296875,0,0.0,0.0,0.0
2023-02-09 10:30:00-05:00,47.40999984741211,47.45000076293945,47.345001220703125,47.345001220703125,2836,0.0,0.0,0.0
2023-02-09 11:30:00-05:00,47.32419967651367,47.380001068115234,47.29439926147461,47.337501525878906,4682,0.0,0.0,0.0
2023-02-09 12:30:00-05:00,47.16999816894531,47.16999816894531,47.130001068115234,47.15999984741211,1681,0.0,0.0,0.0
2023-02-09 13:30:00-05:00,47.120201110839844,47.120201110839844,47.010501861572266,47.010501861572266,1649,0.0,0.0,0.0
2023-02-09 14:30:00-05:00,47.02000045776367,47.09000015258789,46.959999084472656,46.980499267578125,4563,0.0,0.0,0.0
2023-02-09 15:30:00-05:00,46.95000076293945,46.959999084472656,46.95000076293945,46.959999084472656,413,0.0,0.0,0.0
2023-02-10 09:30:00-05:00,46.90999984741211,47.0166015625,46.900001525878906,46.93000030517578,2321,0.0,0.0,0.0
2023-02-10 10:30:00-05:00,47.08720016479492,47.08720016479492,47.02000045776367,47.07040023803711,1081,0.0,0.0,0.0
2023-02-10 11:30:00-05:00,47.107398986816406,47.107398986816406,47.02000045776367,47.02000045776367,2830,0.0,0.0,0.0
2023-02-10 12:30:00-05:00,47.082401275634766,47.09000015258789,47.06050109863281,47.06050109863281,5794,0.0,0.0,0.0
2023-02-10 13:30:00-05:00,47.19150161743164,47.19150161743164,47.09980010986328,47.09980010986328,7921,0.0,0.0,0.0
2023-02-10 14:30:00-05:00,47.130001068115234,47.220001220703125,47.096099853515625,47.15999984741211,10885,0.0,0.0,0.0
2023-02-10 15:30:00-05:00,47.189998626708984,47.27989959716797,47.150001525878906,47.25170135498047,1500,0.0,0.0,0.0
2023-02-13 09:30:00-05:00,47.36000061035156,47.540000915527344,47.36000061035156,47.540000915527344,2583,0.0,0.0,0.0
2023-02-13 10:30:00-05:00,47.599998474121094,47.63999938964844,47.586299896240234,47.586299896240234,2994,0.0,0.0,0.0
2023-02-13 11:30:00-05:00,47.580299377441406,47.65999984741211,47.580299377441406,47.65999984741211,1652,0.0,0.0,0.0
2023-02-13 12:30:00-05:00,47.685001373291016,47.709999084472656,47.630401611328125,47.709999084472656,3574,0.0,0.0,0.0
2023-02-13 13:30:00-05:00,47.68000030517578,47.7400016784668,47.67559814453125,47.689998626708984,16937,0.0,0.0,0.0
2023-02-13 14:30:00-05:00,47.61000061035156,47.68000030517578,47.59389877319336,47.599998474121094,7529,0.0,0.0,0.0
2023-02-13 15:30:00-05:00,47.65999984741211,47.7599983215332,47.65999984741211,47.7599983215332,0,0.0,0.0,0.0
2023-02-14 09:30:00-05:00,47.650001525878906,47.84000015258789,47.5099983215332,47.689998626708984,6592,0.0,0.0,0.0
2023-02-14 10:30:00-05:00,47.689998626708984,47.689998626708984,47.35649871826172,47.529998779296875,2696,0.0,0.0,0.0
2023-02-14 11:30:00-05:00,47.279998779296875,47.40999984741211,47.189998626708984,47.400001525878906,8939,0.0,0.0,0.0
2023-02-14 12:30:00-05:00,47.38999938964844,47.577999114990234,47.36000061035156,47.51070022583008,5683,0.0,0.0,0.0
2023-02-14 13:30:00-05:00,47.589900970458984,47.589900970458984,47.47999954223633,47.560001373291016,2667,0.0,0.0,0.0
2023-02-14 14:30:00-05:00,47.619998931884766,47.64899826049805,47.57099914550781,47.57099914550781,3927,0.0,0.0,0.0
2023-02-14 15:30:00-05:00,47.55500030517578,47.5703010559082,47.48500061035156,47.48500061035156,2734,0.0,0.0,0.0
2023-02-15 09:30:00-05:00,47.310001373291016,47.310001373291016,47.220001220703125,47.27050018310547,1497,0.0,0.0,0.0
2023-02-15 10:30:00-05:00,47.36000061035156,47.36000061035156,47.36000061035156,47.36000061035156,539,0.0,0.0,0.0
2023-02-15 11:30:00-05:00,47.420501708984375,47.420501708984375,47.279998779296875,47.310001373291016,3580,0.0,0.0,0.0
2023-02-15 12:30:00-05:00,47.29999923706055,47.43000030517578,47.29679870605469,47.43000030517578,2503,0.0,0.0,0.0
2023-02-15 13:30:00-05:00,47.47999954223633,47.52000045776367,47.47999954223633,47.47999954223633,2373,0.0,0.0,0.0
2023-02-15 14:30:00-05:00,47.50590133666992,47.50590133666992,47.46200180053711,47.5,4000,0.0,0.0,0.0
2023-02-15 15:30:00-05:00,47.5,47.619998931884766,47.5,47.560001373291016,0,0.0,0.0,0.0
2023-02-16 09:30:00-05:00,47.25,47.25,47.130001068115234,47.22999954223633,6274,0.0,0.0,0.0
2023-02-16 10:30:00-05:00,47.31890106201172,47.31890106201172,47.279998779296875,47.279998779296875,2797,0.0,0.0,0.0
2023-02-16 11:30:00-05:00,47.36000061035156,47.415000915527344,47.36000061035156,47.415000915527344,1130,0.0,0.0,0.0
2023-02-16 12:30:00-05:00,47.459999084472656,47.459999084472656,47.40999984741211,47.40999984741211,4106,0.0,0.0,0.0
2023-02-16 13:30:00-05:00,47.40650177001953,47.529998779296875,47.40650177001953,47.529998779296875,2910,0.0,0.0,0.0
2023-02-16 14:30:00-05:00,47.47999954223633,47.47999954223633,47.29999923706055,47.29999923706055,1324,0.0,0.0,0.0
2023-02-16 15:30:00-05:00,47.20000076293945,47.20000076293945,47.13999938964844,47.15999984741211,1091,0.0,0.0,0.0
2023-02-17 09:30:00-05:00,46.900001525878906,47.099998474121094,46.810001373291016,47.099998474121094,5591,0.0,0.0,0.0
2023-02-17 10:30:00-05:00,47.09000015258789,47.10350036621094,46.880001068115234,46.880001068115234,2164,0.0,0.0,0.0
2023-02-17 11:30:00-05:00,46.900001525878906,47.040000915527344,46.875,47.031700134277344,2955,0.0,0.0,0.0
2023-02-17 12:30:00-05:00,47.0099983215332,47.0099983215332,46.93000030517578,46.935001373291016,3115,0.0,0.0,0.0
2023-02-17 13:30:00-05:00,46.95130157470703,47.095699310302734,46.95130157470703,47.08000183105469,1953,0.0,0.0,0.0
2023-02-17 14:30:00-05:00,47.12030029296875,47.15599822998047,47.12030029296875,47.145999908447266,952,0.0,0.0,0.0
2023-02-17 15:30:00-05:00,47.150001525878906,47.16999816894531,47.130001068115234,47.13999938964844,2212,0.0,0.0,0.0
2023-02-21 09:30:00-05:00,46.83000183105469,46.880001068115234,46.685001373291016,46.685001373291016,10376,0.0,0.0,0.0
2023-02-21 10:30:00-05:00,46.689998626708984,46.72999954223633,46.560001373291016,46.584999084472656,1935,0.0,0.0,0.0
2023-02-21 11:30:00-05:00,46.564998626708984,46.58000183105469,46.560001373291016,46.560001373291016,693,0.0,0.0,0.0
2023-02-21 12:30:00-05:00,46.59000015258789,46.599998474121094,46.57500076293945,46.599998474121094,1733,0.0,0.0,0.0
2023-02-21 13:30:00-05:00,46.5099983215332,46.525001525878906,46.46070098876953,46.46070098876953,2415,0.0,0.0,0.0
2023-02-21 14:30:00-05:00,46.47999954223633,46.54499816894531,46.47999954223633,46.53889846801758,4562,0.0,0.0,0.0
2023-02-21 15:30:00-05:00,46.560001373291016,46.560001373291016,46.474998474121094,46.47999954223633,6404,0.0,0.0,0.0
2023-02-22 09:30:00-05:00,46.61000061035156,46.61000061035156,46.41999816894531,46.41999816894531,2551,0.0,0.0,0.0
2023-02-22 10:30:00-05:00,46.5,46.529998779296875,46.43000030517578,46.43000030517578,7570,0.0,0.0,0.0
2023-02-22 11:30:00-05:00,46.5,46.562198638916016,46.459999084472656,46.562198638916016,2247,0.0,0.0,0.0
2023-02-22 12:30:00-05:00,46.564998626708984,46.57500076293945,46.564998626708984,46.57500076293945,1063,0.0,0.0,0.0
2023-02-22 13:30:00-05:00,46.56999969482422,46.59000015258789,46.5,46.5,1295,0.0,0.0,0.0
2023-02-22 14:30:00-05:00,46.38999938964844,46.41999816894531,46.279998779296875,46.29999923706055,1751,0.0,0.0,0.0
2023-02-22 15:30:00-05:00,46.28110122680664,46.380001068115234,46.167999267578125,46.369998931884766,7317,0.0,0.0,0.0
2023-02-23 09:30:00-05:00,46.540000915527344,46.57210159301758,46.470001220703125,46.540000915527344,4060,0.0,0.0,0.0
2023-02-23 10:30:00-05:00,46.559898376464844,46.559898376464844,46.212398529052734,46.212398529052734,3827,0.0,0.0,0.0
2023-02-23 11:30:00-05:00,46.11000061035156,46.11000061035156,46.0,46.0,1766,0.0,0.0,0.0
2023-02-23 12:30:00-05:00,46.119998931884766,46.15999984741211,46.099998474121094,46.099998474121094,1838,0.0,0.0,0.0
2023-02-23 13:30:00-05:00,46.15999984741211,46.33340072631836,46.1510009765625,46.33340072631836,3488,0.0,0.0,0.0
2023-02-23 14:30:00-05:00,46.41999816894531,46.46609878540039,46.40999984741211,46.40999984741211,2025,0.0,0.0,0.0
2023-02-23 15:30:00-05:00,46.48500061035156,46.48500061035156,46.400001525878906,46.40999984741211,754,0.0,0.0,0.0
2023-02-24 09:30:00-05:00,46.0,46.02000045776367,45.779998779296875,45.790000915527344,12409,0.0,0.0,0.0
2023-02-24 10:30:00-05:00,45.84000015258789,45.849998474121094,45.7400016784668,45.849998474121094,6009,0.0,0.0,0.0
2023-02-24 11:30:00-05:00,45.95000076293945,46.0,45.904998779296875,45.91999816894531,1895,0.0,0.0,0.0
2023-02-24 12:30:00-05:00,45.91999816894531,45.91999816894531,45.81999969482422,45.86000061035156,4008,0.0,0.0,0.0
2023-02-24 13:30:00-05:00,45.840999603271484,45.95220184326172,45.840999603271484,45.95000076293945,7341,0.0,0.0,0.0
2023-02-24 14:30:00-05:00,45.91999816894531,46.06999969482422,45.900001525878906,46.040000915527344,1954,0.0,0.0,0.0
2023-02-24 15:30:00-05:00,45.89500045776367,45.97999954223633,45.86000061035156,45.970001220703125,2017,0.0,0.0,0.0
2023-02-27 09:30:00-05:00,46.290000915527344,46.38050079345703,46.185001373291016,46.38050079345703,7758,0.0,0.0,0.0
2023-02-27 10:30:00-05:00,46.334999084472656,46.34000015258789,46.099998474121094,46.099998474121094,6035,0.0,0.0,0.0
2023-02-27 11:30:00-05:00,46.0099983215332,46.040000915527344,45.970001220703125,45.970001220703125,25035,0.0,0.0,0.0
2023-02-27 12:30:00-05:00,46.040000915527344,46.06999969482422,46.040000915527344,46.060001373291016,6185,0.0,0.0,0.0
2023-02-27 13:30:00-05:00,46.060001373291016,46.099998474121094,46.060001373291016,46.084999084472656,2109,0.0,0.0,0.0
2023-02-27 14:30:00-05:00,46.0713005065918,46.09000015258789,45.91999816894531,45.95000076293945,23500,0.0,0.0,0.0
2023-02-27 15:30:00-05:00,45.95000076293945,46.0099983215332,45.880001068115234,46.0099983215332,15592,0.0,0.0,0.0
2023-02-28 09:30:00-05:00,45.900001525878906,45.970001220703125,45.84000015258789,45.880001068115234,1969,0.0,0.0,0.0
2023-02-28 10:30:00-05:00,45.900001525878906,45.9900016784668,45.84000015258789,45.9900016784668,4090,0.0,0.0,0.0
2023-02-28 11:30:00-05:00,45.93000030517578,46.0099983215332,45.93000030517578,46.0099983215332,1018,0.0,0.0,0.0
2023-02-28 12:30:00-05:00,46.005001068115234,46.04890060424805,45.965999603271484,46.04890060424805,7248,0.0,0.0,0.0
2023-02-28 13:30:00-05:00,46.06529998779297,46.06529998779297,45.97999954223633,45.97999954223633,785,0.0,0.0,0.0
2023-02-28 14:30:00-05:00,45.97850036621094,45.97850036621094,45.900001525878906,45.900001525878906,5440,0.0,0.0,0.0
2023-02-28 15:30:00-05:00,45.81999969482422,45.83000183105469,45.79999923706055,45.79999923706055,844,0.0,0.0,0.0
2023-03-01 09:30:00-05:00,45.72999954223633,45.75,45.599998474121094,45.61090087890625,3729,0.0,0.0,0.0
2023-03-01 10:30:00-05:00,45.65950012207031,45.7400016784668,45.474998474121094,45.5,3216,0.0,0.0,0.0
2023-03-01 11:30:00-05:00,45.59000015258789,45.72999954223633,45.59000015258789,45.70000076293945,7244,0.0,0.0,0.0
2023-03-01 12:30:00-05:00,45.68000030517578,45.68000030517578,45.68000030517578,45.68000030517578,1365,0.0,0.0,0.0
2023-03-01 13:30:00-05:00,45.61000061035156,45.61000061035156,45.57500076293945,45.601600646972656,1317,0.0,0.0,0.0
2023-03-01 14:30:00-05:00,45.529998779296875,45.615501403808594,45.529998779296875,45.55009841918945,4210,0.0,0.0,0.0
2023-03-01 15:30:00-05:00,45.56999969482422,45.650001525878906,45.56999969482422,45.61000061035156,1993,0.0,0.0,0.0
2023-03-02 09:30:00-05:00,45.459999084472656,45.630001068115234,45.459999084472656,45.630001068115234,10179,0.0,0.0,0.0
2023-03-02 10:30:00-05:00,45.62080001831055,45.62080001831055,45.581600189208984,45.6150016784668,2161,0.0,0.0,0.0
2023-03-02 11:30:00-05:00,45.61000061035156,45.6411018371582,45.61000061035156,45.6411018371582,328,0.0,0.0,0.0
2023-03-02 12:30:00-05:00,45.64500045776367,45.68870162963867,45.62810134887695,45.64500045776367,4883,0.0,0.0,0.0
2023-03-02 13:30:00-05:00,45.66999816894531,45.810001373291016,45.66999816894531,45.810001373291016,1792,0.0,0.0,0.0
2023-03-02 14:30:00-05:00,45.93000030517578,45.970001220703125,45.880001068115234,45.970001220703125,13979,0.0,0.0,0.0
2023-03-02 15:30:00-05:00,45.97999954223633,46.060001373291016,45.970001220703125,45.970001220703125,4373,0.0,0.0,0.0
2023-03-03 09:30:00-05:00,46.13999938964844,46.220001220703125,46.13999938964844,46.220001220703125,2128,0.0,0.0,0.0
2023-03-03 10:30:00-05:00,46.22999954223633,46.279998779296875,46.18000030517578,46.279998779296875,2220,0.0,0.0,0.0
2023-03-03 11:30:00-05:00,46.279998779296875,46.36000061035156,46.24599838256836,46.36000061035156,1555,0.0,0.0,0.0
2023-03-03 12:30:00-05:00,46.340999603271484,46.43009948730469,46.340999603271484,46.399898529052734,8354,0.0,0.0,0.0
2023-03-03 13:30:00-05:00,46.402000427246094,46.47999954223633,46.349998474121094,46.47999954223633,1395,0.0,0.0,0.0
2023-03-03 14:30:00-05:00,46.4900016784668,46.52000045776367,46.470001220703125,46.51359939575195,1032,0.0,0.0,0.0
2023-03-03 15:30:00-05:00,46.5,46.560001373291016,46.5,46.560001373291016,3150,0.0,0.0,0.0
2023-03-06 09:30:00-05:00,46.61000061035156,46.84000015258789,46.61000061035156,46.79999923706055,6934,0.0,0.0,0.0
2023-03-06 10:30:00-05:00,46.880001068115234,46.880001068115234,46.77000045776367,46.77000045776367,2047,0.0,0.0,0.0
2023-03-06 11:30:00-05:00,46.810001373291016,46.849998474121094,46.810001373291016,46.849998474121094,1662,0.0,0.0,0.0
2023-03-06 12:30:00-05:00,46.790000915527344,46.790000915527344,46.7156982421875,46.720001220703125,3390,0.0,0.0,0.0
2023-03-06 13:30:00-05:00,46.69499969482422,46.69499969482422,46.650001525878906,46.68000030517578,1442,0.0,0.0,0.0
2023-03-06 14:30:00-05:00,46.64590072631836,46.650001525878906,46.560001373291016,46.565399169921875,5783,0.0,0.0,0.0
2023-03-06 15:30:00-05:00,46.63999938964844,46.7400016784668,46.625999450683594,46.63999938964844,0,0.0,0.0,0.0
2023-03-07 09:30:00-05:00,46.63999938964844,46.65999984741211,46.36000061035156,46.37839889526367,3750,0.0,0.0,0.0
2023-03-07 10:30:00-05:00,46.5099983215332,46.5099983215332,46.20000076293945,46.2400016784668,4120,0.0,0.0,0.0
2023-03-07 11:30:00-05:00,46.20930099487305,46.2400016784668,46.150001525878906,46.18000030517578,2871,0.0,0.0,0.0
2023-03-07 12:30:00-05:00,46.220001220703125,46.220001220703125,46.06999969482422,46.0900993347168,2012,0.0,0.0,0.0
2023-03-07 13:30:00-05:00,46.01499938964844,46.03409957885742,46.01499938964844,46.03409957885742,803,0.0,0.0,0.0
2023-03-07 14:30:00-05:00,45.99570083618164,46.058998107910156,45.99570083618164,46.04499816894531,2204,0.0,0.0,0.0
2023-03-07 15:30:00-05:00,46.084999084472656,46.084999084472656,46.0099983215332,46.0099983215332,0,0.0,0.0,0.0
2023-03-08 09:30:00-05:00,46.09000015258789,46.09000015258789,45.90999984741211,46.02000045776367,2162,0.0,0.0,0.0
2023-03-08 10:30:00-05:00,46.040000915527344,46.060001373291016,45.97999954223633,46.005001068115234,2245,0.0,0.0,0.0
2023-03-08 11:30:00-05:00,45.970001220703125,46.130001068115234,45.970001220703125,45.97999954223633,3510,0.0,0.0,0.0
2023-03-08 12:30:00-05:00,45.904998779296875,46.0,45.8650016784668,45.8650016784668,2716,0.0,0.0,0.0
2023-03-08 13:30:00-05:00,45.779998779296875,45.88999938964844,45.779998779296875,45.869998931884766,2289,0.0,0.0,0.0
2023-03-08 14:30:00-05:00,45.858001708984375,45.858001708984375,45.81999969482422,45.83000183105469,2625,0.0,0.0,0.0
2023-03-08 15:30:00-05:00,45.900001525878906,46.028099060058594,45.900001525878906,46.0,1751,0.0,0.0,0.0
2023-03-09 09:30:00-05:00,46.18000030517578,46.22999954223633,46.119998931884766,46.13999938964844,4662,0.0,0.0,0.0
2023-03-09 10:30:00-05:00,46.17499923706055,46.224998474121094,46.155799865722656,46.16999816894531,2174,0.0,0.0,0.0
2023-03-09 11:30:00-05:00,46.14500045776367,46.16999816894531,46.04999923706055,46.15999984741211,9846,0.0,0.0,0.0
2023-03-09 12:30:00-05:00,46.165000915527344,46.165000915527344,45.93000030517578,45.93000030517578,4501,0.0,0.0,0.0
2023-03-09 13:30:00-05:00,45.880001068115234,45.880001068115234,45.7599983215332,45.779998779296875,9042,0.0,0.0,0.0
2023-03-09 14:30:00-05:00,45.7400016784668,45.7400016784668,45.34000015258789,45.34000015258789,5033,0.0,0.0,0.0
2023-03-09 15:30:00-05:00,45.5099983215332,45.52000045776367,45.439998626708984,45.439998626708984,0,0.0,0.0,0.0
2023-03-10 09:30:00-05:00,45.34000015258789,45.34000015258789,45.2400016784668,45.25,3278,0.0,0.0,0.0
2023-03-10 10:30:00-05:00,45.41999816894531,45.439998626708984,45.290000915527344,45.290000915527344,890,0.0,0.0,0.0
2023-03-10 11:30:00-05:00,45.50199890136719,45.54600143432617,45.18000030517578,45.19499969482422,10338,0.0,0.0,0.0
2023-03-10 12:30:00-05:00,45.220001220703125,45.31999969482422,44.970001220703125,44.970001220703125,7452,0.0,0.0,0.0
2023-03-10 13:30:00-05:00,44.93989944458008,45.029998779296875,44.900001525878906,45.029998779296875,2566,0.0,0.0,0.0
2023-03-10 14:30:00-05:00,44.959999084472656,45.1150016784668,44.959999084472656,45.105499267578125,2431,0.0,0.0,0.0
2023-03-10 15:30:00-05:00,44.81999969482422,44.900001525878906,44.79999923706055,44.900001525878906,2131,0.0,0.0,0.0
2023-03-13 09:30:00-04:00,44.59000015258789,45.18000030517578,44.59000015258789,45.04800033569336,10482,0.0,0.0,0.0
2023-03-13 10:30:00-04:00,45.150001525878906,45.540000915527344,45.0099983215332,45.540000915527344,4257,0.0,0.0,0.0
2023-03-13 11:30:00-04:00,45.470001220703125,45.494998931884766,45.25,45.29999923706055,10715,0.0,0.0,0.0
2023-03-13 12:30:00-04:00,45.310001373291016,45.369998931884766,45.06999969482422,45.150001525878906,11537,0.0,0.0,0.0
2023-03-13 13:30:00-04:00,45.150001525878906,45.40999984741211,45.06999969482422,45.35499954223633,16185,0.0,0.0,0.0
2023-03-13 14:30:00-04:00,45.380001068115234,45.41999816894531,45.04570007324219,45.04999923706055,12051,0.0,0.0,0.0
2023-03-13 15:30:00-04:00,45.09000015258789,45.23500061035156,45.002601623535156,45.040000915527344,13661,0.0,0.0,0.0
2023-03-14 09:30:00-04:00,45.470001220703125,45.599998474121094,45.450801849365234,45.599998474121094,0,0.0,0.0,0.0
2023-03-14 10:30:00-04:00,45.63999938964844,45.72999954223633,45.608001708984375,45.689998626708984,11730,0.0,0.0,0.0
2023-03-14 11:30:00-04:00,45.66999816894531,45.689998626708984,45.560001373291016,45.582401275634766,18531,0.0,0.0,0.0
2023-03-14 12:30:00-04:00,45.57809829711914,45.59000015258789,45.33000183105469,45.33000183105469,2410,0.0,0.0,0.0
2023-03-14 13:30:00-04:00,45.34000015258789,45.380001068115234,45.1713981628418,45.290000915527344,4319,0.0,0.0,0.0
2023-03-14 14:30:00-04:00,45.38999938964844,45.38999938964844,45.099998474121094,45.1776008605957,5055,0.0,0.0,0.0
2023-03-14 15:30:00-04:00,45.209999084472656,45.630001068115234,45.209999084472656,45.630001068115234,3780,0.0,0.0,0.0
2023-03-15 09:30:00-04:00,45.0,45.2599983215332,45.0,45.22159957885742,9472,0.0,0.0,0.0
2023-03-15 10:30:00-04:00,45.07500076293945,45.2599983215332,44.99380111694336,45.2599983215332,3753,0.0,0.0,0.0
2023-03-15 11:30:00-04:00,45.04999923706055,45.09519958496094,44.98500061035156,44.98500061035156,12491,0.0,0.0,0.0
2023-03-15 12:30:00-04:00,45.09000015258789,45.154998779296875,44.939998626708984,45.1150016784668,3903,0.0,0.0,0.0
2023-03-15 13:30:00-04:00,45.087501525878906,45.5099983215332,45.08000183105469,45.5099983215332,1240,0.0,0.0,0.0
2023-03-15 14:30:00-04:00,45.457698822021484,45.457698822021484,45.279998779296875,45.40999984741211,2437,0.0,0.0,0.0
2023-03-15 15:30:00-04:00,45.22999954223633,45.369998931884766,45.20000076293945,45.369998931884766,3031,0.0,0.0,0.0
2023-03-16 09:30:00-04:00,45.18000030517578,45.380001068115234,45.18000030517578,45.25,3961,0.0,0.0,0.0
2023-03-16 10:30:00-04:00,45.37160110473633,45.790000915527344,45.37160110473633,45.790000915527344,4440,0.0,0.0,0.0
2023-03-16 11:30:00-04:00,45.85499954223633,45.939998626708984,45.85499954223633,45.939998626708984,3452,0.0,0.0,0.0
2023-03-16 12:30:00-04:00,45.939998626708984,46.150001525878906,45.869998931884766,46.025001525878906,27394,0.0,0.0,0.0
2023-03-16 13:30:00-04:00,46.064998626708984,46.064998626708984,45.90999984741211,45.90999984741211,2350,0.0,0.0,0.0
2023-03-16 14:30:00-04:00,45.935001373291016,46.092498779296875,45.900001525878906,46.06010055541992,2948,0.0,0.0,0.0
2023-03-16 15:30:00-04:00,46.06949996948242,46.114200592041016,46.06949996948242,46.09000015258789,1222,0.0,0.0,0.0
2023-03-17 09:30:00-04:00,45.900001525878906,45.91999816894531,45.563201904296875,45.563201904296875,6151,0.0,0.0,0.0
2023-03-17 10:30:00-04:00,45.529998779296875,45.59000015258789,45.380001068115234,45.380001068115234,11386,0.0,0.0,0.0
2023-03-17 11:30:00-04:00,45.415000915527344,45.54999923706055,45.400001525878906,45.540000915527344,14187,0.0,0.0,0.0
2023-03-17 12:30:00-04:00,45.599998474121094,45.599998474121094,45.549400329589844,45.56999969482422,851,0.0,0.0,0.0
2023-03-17 13:30:00-04:00,45.52000045776367,45.52000045776367,45.459999084472656,45.459999084472656,6949,0.0,0.0,0.0
2023-03-17 14:30:00-04:00,45.36000061035156,45.51599884033203,45.32929992675781,45.51599884033203,2335,0.0,0.0,0.0
2023-03-17 15:30:00-04:00,45.470001220703125,45.470001220703125,45.36000061035156,45.45000076293945,2454,0.0,0.0,0.0
2023-03-20 09:30:00-04:00,45.47999954223633,45.70000076293945,45.47999954223633,45.630001068115234,6443,0.0,0.0,0.0
2023-03-20 10:30:00-04:00,45.720001220703125,45.810001373291016,45.689998626708984,45.78499984741211,38925,0.0,0.0,0.0
2023-03-20 11:30:00-04:00,45.81999969482422,45.81999969482422,45.66999816894531,45.66999816894531,1454,0.0,0.0,0.0
2023-03-20 12:30:00-04:00,45.70500183105469,45.70500183105469,45.70500183105469,45.70500183105469,268,0.0,0.0,0.0
2023-03-20 13:30:00-04:00,45.869998931884766,45.869998931884766,45.7599983215332,45.81999969482422,1482,0.0,0.0,0.0
2023-03-20 14:30:00-04:00,45.779998779296875,45.810001373291016,45.739898681640625,45.810001373291016,5501,0.0,0.0,0.0
2023-03-20 15:30:00-04:00,45.86000061035156,45.880001068115234,45.84000015258789,45.849998474121094,0,0.0,0.0,0.0
2023-03-21 09:30:00-04:00,46.22999954223633,46.25,46.02000045776367,46.02000045776367,4950,0.0,0.0,0.0
2023-03-21 10:30:00-04:00,46.040000915527344,46.09000015258789,45.9900016784668,46.06999969482422,6562,0.0,0.0,0.0
2023-03-21 11:30:00-04:00,46.09000015258789,46.09000015258789,45.959999084472656,46.0099983215332,2638,0.0,0.0,0.0
2023-03-21 12:30:00-04:00,46.04999923706055,46.04999923706055,45.95000076293945,45.9900016784668,10270,0.0,0.0,0.0
2023-03-21 13:30:00-04:00,46.0,46.0099983215332,45.91999816894531,45.95100021362305,2326,0.0,0.0,0.0
2023-03-21 14:30:00-04:00,46.04999923706055,46.18000030517578,45.98099899291992,46.15999984741211,34235,0.0,0.0,0.0
2023-03-21 15:30:00-04:00,46.14500045776367,46.2599983215332,46.14500045776367,46.16999816894531,2879,0.0,0.0,0.0
2023-03-22 09:30:00-04:00,46.2400016784668,46.290000915527344,46.09000015258789,46.290000915527344,2893,0.0,0.0,0.0
2023-03-22 10:30:00-04:00,46.29600143432617,46.349998474121094,46.15999984741211,46.15999984741211,5563,0.0,0.0,0.0
2023-03-22 11:30:00-04:00,46.22999954223633,46.22999954223633,46.13999938964844,46.13999938964844,2240,0.0,0.0,0.0
2023-03-22 12:30:00-04:00,46.15599822998047,46.160499572753906,46.040000915527344,46.13999938964844,921,0.0,0.0,0.0
2023-03-22 13:30:00-04:00,46.150001525878906,46.380001068115234,46.13999938964844,46.380001068115234,1279,0.0,0.0,0.0
2023-03-22 14:30:00-04:00,46.08000183105469,46.45000076293945,45.8224983215332,46.189998626708984,4350,0.0,0.0,0.0
2023-03-22 15:30:00-04:00,45.970001220703125,46.019901275634766,45.5,45.5,1859,0.0,0.0,0.0
2023-03-23 09:30:00-04:00,45.66999816894531,45.77000045776367,45.66999816894531,45.77000045776367,0,0.0,0.0,0.0
2023-03-23 10:30:00-04:00,45.814998626708984,46.060001373291016,45.814998626708984,46.0099983215332,3373,0.0,0.0,0.0
2023-03-23 11:30:00-04:00,46.0,46.04499816894531,45.96500015258789,46.0099983215332,16554,0.0,0.0,0.0
2023-03-23 12:30:00-04:00,46.005001068115234,46.005001068115234,45.77000045776367,45.77000045776367,4815,0.0,0.0,0.0
2023-03-23 13:30:00-04:00,45.7400016784668,45.79999923706055,45.61000061035156,45.61000061035156,2862,0.0,0.0,0.0
2023-03-23 14:30:00-04:00,45.58000183105469,45.66999816894531,45.310001373291016,45.459999084472656,12348,0.0,0.0,0.0
2023-03-23 15:30:00-04:00,45.43000030517578,45.720001220703125,45.43000030517578,45.56999969482422,3541,0.0,0.0,0.0
2023-03-24 09:30:00-04:00,45.41999816894531,45.56999969482422,45.21500015258789,45.540000915527344,0,0.0,0.0,0.0
2023-03-24 10:30:00-04:00,45.599300384521484,45.63999938964844,45.47999954223633,45.529998779296875,2997,0.0,0.0,0.0
2023-03-24 11:30:00-04:00,45.54999923706055,45.66640090942383,45.54999923706055,45.66640090942383,2501,0.0,0.0,0.0
2023-03-24 12:30:00-04:00,45.869998931884766,45.869998931884766,45.79999923706055,45.86000061035156,4306,0.0,0.0,0.0
2023-03-24 13:30:00-04:00,45.8650016784668,45.91630172729492,45.810001373291016,45.869998931884766,1634,0.0,0.0,0.0
2023-03-24 14:30:00-04:00,45.959999084472656,46.02000045776367,45.92879867553711,46.02000045776367,1544,0.0,0.0,0.0
2023-03-24 15:30:00-04:00,46.04999923706055,46.04999923706055,45.970001220703125,46.029998779296875,9253,0.0,0.0,0.0
2023-03-27 09:30:00-04:00,46.2400016784668,46.39889907836914,46.189998626708984,46.189998626708984,0,0.0,0.0,0.0
2023-03-27 10:30:00-04:00,46.150001525878906,46.16999816894531,46.099998474121094,46.11000061035156,2144,0.0,0.0,0.0
2023-03-27 11:30:00-04:00,46.154998779296875,46.16999816894531,46.125,46.150001525878906,1558,0.0,0.0,0.0
2023-03-27 12:30:00-04:00,46.13999938964844,46.20000076293945,46.12009811401367,46.16999816894531,3247,0.0,0.0,0.0
2023-03-27 13:30:00-04:00,46.15999984741211,46.2400016784668,46.15999984741211,46.2400016784668,3467,0.0,0.0,0.0
2023-03-27 14:30:00-04:00,46.244998931884766,46.28900146484375,46.22999954223633,46.2599983215332,6218,0.0,0.0,0.0
2023-03-27 15:30:00-04:00,46.25,46.2599983215332,46.09000015258789,46.09000015258789,2620,0.0,0.0,0.0
2023-03-28 09:30:00-04:00,46.08000183105469,46.18000030517578,46.07749938964844,46.130001068115234,2832,0.0,0.0,0.0
2023-03-28 10:30:00-04:00,46.08700180053711,46.09000015258789,46.01499938964844,46.07820129394531,1105,0.0,0.0,0.0
2023-03-28 11:30:00-04:00,46.13999938964844,46.152198791503906,46.13999938964844,46.13999938964844,1236,0.0,0.0,0.0
2023-03-28 12:30:00-04:00,46.09280014038086,46.09280014038086,46.03499984741211,46.03499984741211,4509,0.0,0.0,0.0
2023-03-28 13:30:00-04:00,45.991600036621094,46.029998779296875,45.90999984741211,45.939998626708984,14634,0.0,0.0,0.0
2023-03-28 14:30:00-04:00,45.951900482177734,46.04999923706055,45.939998626708984,46.02000045776367,2855,0.0,0.0,0.0
2023-03-28 15:30:00-04:00,46.029998779296875,46.099998474121094,46.005001068115234,46.099998474121094,1362,0.0,0.0,0.0
2023-03-29 09:30:00-04:00,46.540000915527344,46.540000915527344,46.470001220703125,46.474998474121094,0,0.0,0.0,0.0
2023-03-29 10:30:00-04:00,46.459999084472656,46.4900016784668,46.400001525878906,46.4900016784668,13290,0.0,0.0,0.0
2023-03-29 11:30:00-04:00,46.47999954223633,46.540000915527344,46.47999954223633,46.52000045776367,20496,0.0,0.0,0.0
2023-03-29 12:30:00-04:00,46.54499816894531,46.59000015258789,46.4900016784668,46.564998626708984,3067,0.0,0.0,0.0
2023-03-29 13:30:00-04:00,46.59000015258789,46.59000015258789,46.470001220703125,46.529998779296875,3974,0.0,0.0,0.0
2023-03-29 14:30:00-04:00,46.540000915527344,46.68000030517578,46.53010177612305,46.63880157470703,5244,0.0,0.0,0.0
2023-03-29 15:30:00-04:00,46.61000061035156,46.70000076293945,46.606201171875,46.689998626708984,2947,0.0,0.0,0.0
2023-03-30 09:30:00-04:00,46.840301513671875,46.900001525878906,46.81999969482422,46.880001068115234,0,0.0,0.0,0.0
2023-03-30 10:30:00-04:00,46.900001525878906,46.900001525878906,46.83000183105469,46.83000183105469,5548,0.0,0.0,0.0
2023-03-30 11:30:00-04:00,46.790000915527344,46.81129837036133,46.790000915527344,46.79999923706055,2023,0.0,0.0,0.0
2023-03-30 12:30:00-04:00,46.74420166015625,46.744998931884766,46.74420166015625,46.744998931884766,321,0.0,0.0,0.0
2023-03-30 13:30:00-04:00,46.709999084472656,46.79999923706055,46.709999084472656,46.79999923706055,1496,0.0,0.0,0.0
2023-03-30 14:30:00-04:00,46.83000183105469,46.8650016784668,46.79999923706055,46.83000183105469,2851,0.0,0.0,0.0
2023-03-30 15:30:00-04:00,46.869998931884766,46.91999816894531,46.869998931884766,46.904300689697266,849,0.0,0.0,0.0
2023-03-31 09:30:00-04:00,47.0,47.18000030517578,47.0,47.138999938964844,0,0.0,0.0,0.0
2023-03-31 10:30:00-04:00,47.16999816894531,47.207801818847656,47.154998779296875,47.207801818847656,941,0.0,0.0,0.0
2023-03-31 11:30:00-04:00,47.23419952392578,47.3296012878418,47.23419952392578,47.310001373291016,3963,0.0,0.0,0.0
2023-03-31 12:30:00-04:00,47.279998779296875,47.290000915527344,47.2599983215332,47.28089904785156,4383,0.0,0.0,0.0
2023-03-31 13:30:00-04:00,47.22999954223633,47.31999969482422,47.220001220703125,47.31999969482422,4154,0.0,0.0,0.0
2023-03-31 14:30:00-04:00,47.255001068115234,47.37969970703125,47.255001068115234,47.374000549316406,2631,0.0,0.0,0.0
2023-03-31 15:30:00-04:00,47.45500183105469,47.47999954223633,47.36009979248047,47.47999954223633,4238,0.0,0.0,0.0
2023-04-03 09:30:00-04:00,47.459999084472656,47.78150177001953,47.43000030517578,47.77980041503906,4721,0.0,0.0,0.0
2023-04-03 10:30:00-04:00,47.78499984741211,47.78499984741211,47.595001220703125,47.599998474121094,3101,0.0,0.0,0.0
2023-04-03 11:30:00-04:00,47.6150016784668,47.709999084472656,47.59000015258789,47.68000030517578,5932,0.0,0.0,0.0
2023-04-03 12:30:00-04:00,47.68000030517578,47.709999084472656,47.63999938964844,47.70000076293945,1881,0.0,0.0,0.0
2023-04-03 13:30:00-04:00,47.66999816894531,47.72999954223633,47.659400939941406,47.720001220703125,6674,0.0,0.0,0.0
2023-04-03 14:30:00-04:00,47.75,47.869998931884766,47.720001220703125,47.869998931884766,7745,0.0,0.0,0.0
2023-04-03 15:30:00-04:00,47.86000061035156,47.86000061035156,47.81999969482422,47.81999969482422,2411,0.0,0.0,0.0
2023-04-04 09:30:00-04:00,47.939998626708984,48.0,47.83000183105469,47.970001220703125,0,0.0,0.0,0.0
2023-04-04 10:30:00-04:00,47.895198822021484,47.895198822021484,47.69499969482422,47.709999084472656,2474,0.0,0.0,0.0
2023-04-04 11:30:00-04:00,47.70000076293945,47.779998779296875,47.56999969482422,47.65999984741211,4483,0.0,0.0,0.0
2023-04-04 12:30:00-04:00,47.646400451660156,47.709999084472656,47.646400451660156,47.709999084472656,7103,0.0,0.0,0.0
2023-04-04 13:30:00-04:00,47.7599983215332,47.7599983215332,47.619998931884766,47.619998931884766,4478,0.0,0.0,0.0
2023-04-04 14:30:00-04:00,47.685001373291016,47.709999084472656,47.630001068115234,47.660099029541016,14901,0.0,0.0,0.0
2023-04-04 15:30:00-04:00,47.644798278808594,47.75,47.619998931884766,47.7400016784668,9465,0.0,0.0,0.0
2023-04-05 09:30:00-04:00,47.720001220703125,47.79999923706055,47.720001220703125,47.78390121459961,0,0.0,0.0,0.0
2023-04-05 10:30:00-04:00,47.689998626708984,47.7400016784668,47.689998626708984,47.7400016784668,1834,0.0,0.0,0.0
2023-04-05 11:30:00-04:00,47.70000076293945,47.755001068115234,47.624900817871094,47.624900817871094,2238,0.0,0.0,0.0
2023-04-05 12:30:00-04:00,47.66999816894531,47.7400016784668,47.65999984741211,47.7400016784668,6147,0.0,0.0,0.0
2023-04-05 13:30:00-04:00,47.73500061035156,47.79999923706055,47.720001220703125,47.752201080322266,8511,0.0,0.0,0.0
2023-04-05 14:30:00-04:00,47.810001373291016,47.810001373291016,47.74259948730469,47.74259948730469,8983,0.0,0.0,0.0
2023-04-05 15:30:00-04:00,47.78499984741211,47.83000183105469,47.78499984741211,47.81999969482422,1576,0.0,0.0,0.0
2023-04-06 09:30:00-04:00,47.79999923706055,47.810001373291016,47.75,47.75,2660,0.0,0.0,0.0
2023-04-06 10:30:00-04:00,47.81999969482422,47.81999969482422,47.724998474121094,47.7599983215332,3896,0.0,0.0,0.0
2023-04-06 11:30:00-04:00,47.79999923706055,47.959999084472656,47.779998779296875,47.95289993286133,66195,0.0,0.0,0.0
2023-04-06 12:30:00-04:00,48.0,48.029998779296875,47.959999084472656,48.00830078125,10146,0.0,0.0,0.0
2023-04-06 13:30:00-04:00,47.970001220703125,48.040000915527344,47.96799850463867,48.014801025390625,5961,0.0,0.0,0.0
2023-04-06 14:30:00-04:00,48.02000045776367,48.040000915527344,47.92890167236328,47.972599029541016,61223,0.0,0.0,0.0
2023-04-06 15:30:00-04:00,47.97999954223633,48.08000183105469,47.97999954223633,48.060001373291016,1484,0.0,0.0,0.0
2023-04-10 09:30:00-04:00,47.95000076293945,47.95000076293945,47.70000076293945,47.75,0,0.0,0.0,0.0
2023-04-10 10:30:00-04:00,47.7599983215332,47.7599983215332,47.68000030517578,47.7599983215332,7252,0.0,0.0,0.0
2023-04-10 11:30:00-04:00,47.75,47.79999923706055,47.70000076293945,47.70000076293945,3547,0.0,0.0,0.0
2023-04-10 12:30:00-04:00,47.8650016784668,47.90999984741211,47.8650016784668,47.90999984741211,598,0.0,0.0,0.0
2023-04-10 13:30:00-04:00,47.87649917602539,47.90999984741211,47.869998931884766,47.90999984741211,729,0.0,0.0,0.0
2023-04-10 14:30:00-04:00,47.92850112915039,47.92850112915039,47.81999969482422,47.849998474121094,5197,0.0,0.0,0.0
2023-04-10 15:30:00-04:00,47.88999938964844,47.95000076293945,47.88999938964844,47.93000030517578,1518,0.0,0.0,0.0
2023-04-11 09:30:00-04:00,48.0,48.00859832763672,47.92499923706055,47.932498931884766,0,0.0,0.0,0.0
2023-04-11 10:30:00-04:00,47.90800094604492,47.947898864746094,47.90800094604492,47.947898864746094,2683,0.0,0.0,0.0
2023-04-11 11:30:00-04:00,47.939998626708984,48.01810073852539,47.939998626708984,47.99679946899414,2106,0.0,0.0,0.0
2023-04-11 12:30:00-04:00,47.999298095703125,48.099998474121094,47.9900016784668,48.06669998168945,8625,0.0,0.0,0.0
2023-04-11 13:30:00-04:00,48.05500030517578,48.084999084472656,48.05500030517578,48.084999084472656,394,0.0,0.0,0.0
2023-04-11 14:30:00-04:00,48.04999923706055,48.097999572753906,48.04999923706055,48.07500076293945,2554,0.0,0.0,0.0
2023-04-11 15:30:00-04:00,48.099998474121094,48.099998474121094,47.939998626708984,47.94940185546875,2762,0.0,0.0,0.0
2023-04-12 09:30:00-04:00,48.099998474121094,48.20199966430664,48.04999923706055,48.20000076293945,3575,0.0,0.0,0.0
2023-04-12 10:30:00-04:00,48.09000015258789,48.09749984741211,47.92129898071289,48.00809860229492,3416,0.0,0.0,0.0
2023-04-12 11:30:00-04:00,48.0099983215332,48.119998931884766,48.0099983215332,48.08000183105469,1496,0.0,0.0,0.0
2023-04-12 12:30:00-04:00,48.119998931884766,48.189998626708984,48.07509994506836,48.130001068115234,4116,0.0,0.0,0.0
2023-04-12 13:30:00-04:00,48.189998626708984,48.2400016784668,48.097999572753906,48.119998931884766,2609,0.0,0.0,0.0
2023-04-12 14:30:00-04:00,48.04999923706055,48.06740188598633,47.839900970458984,47.839900970458984,6034,0.0,0.0,0.0
2023-04-12 15:30:00-04:00,47.876800537109375,47.95819854736328,47.81999969482422,47.939998626708984,3894,0.0,0.0,0.0
2023-04-13 09:30:00-04:00,48.0,48.12139892578125,47.9900016784668,48.12139892578125,0,0.0,0.0,0.0
2023-04-13 10:30:00-04:00,48.09000015258789,48.130001068115234,48.05929946899414,48.10499954223633,11530,0.0,0.0,0.0
2023-04-13 11:30:00-04:00,48.119998931884766,48.130001068115234,48.11000061035156,48.130001068115234,862,0.0,0.0,0.0
2023-04-13 12:30:00-04:00,48.209999084472656,48.27000045776367,48.16999816894531,48.220001220703125,9373,0.0,0.0,0.0
2023-04-13 13:30:00-04:00,48.33169937133789,48.380001068115234,48.33169937133789,48.380001068115234,2033,0.0,0.0,0.0
2023-04-13 14:30:00-04:00,48.45000076293945,48.5099983215332,48.410099029541016,48.470001220703125,5927,0.0,0.0,0.0
2023-04-13 15:30:00-04:00,48.45869827270508,48.47140121459961,48.439998626708984,48.439998626708984,2762,0.0,0.0,0.0
2023-04-14 09:30:00-04:00,48.36000061035156,48.4900016784668,48.220001220703125,48.220001220703125,0,0.0,0.0,0.0
2023-04-14 10:30:00-04:00,48.209999084472656,48.2671012878418,48.150001525878906,48.150001525878906,1863,0.0,0.0,0.0
2023-04-14 11:30:00-04:00,48.189998626708984,48.189998626708984,48.11000061035156,48.11000061035156,3985,0.0,0.0,0.0
2023-04-14 12:30:00-04:00,48.11000061035156,48.119998931884766,48.03499984741211,48.099998474121094,1101,0.0,0.0,0.0
2023-04-14 13:30:00-04:00,48.03499984741211,48.185001373291016,48.029998779296875,48.18000030517578,3451,0.0,0.0,0.0
2023-04-14 14:30:00-04:00,48.20000076293945,48.20000076293945,48.06999969482422,48.06999969482422,2856,0.0,0.0,0.0
2023-04-14 15:30:00-04:00,48.16999816894531,48.24449920654297,48.14500045776367,48.22999954223633,7673,0.0,0.0,0.0
2023-04-17 09:30:00-04:00,48.27000045776367,48.34000015258789,48.25,48.310001373291016,7430,0.0,0.0,0.0
2023-04-17 10:30:00-04:00,48.30350112915039,48.30350112915039,48.18000030517578,48.2400016784668,2879,0.0,0.0,0.0
2023-04-17 11:30:00-04:00,48.20000076293945,48.22999954223633,48.13999938964844,48.18000030517578,10607,0.0,0.0,0.0
2023-04-17 12:30:00-04:00,48.150001525878906,48.20000076293945,48.119998931884766,48.16999816894531,2238,0.0,0.0,0.0
2023-04-17 13:30:00-04:00,48.18000030517578,48.20000076293945,48.06999969482422,48.130001068115234,5817,0.0,0.0,0.0
2023-04-17 14:30:00-04:00,48.150001525878906,48.349998474121094,48.150001525878906,48.31999969482422,5519,0.0,0.0,0.0
2023-04-17 15:30:00-04:00,48.33000183105469,48.380001068115234,48.279998779296875,48.380001068115234,3126,0.0,0.0,0.0
2023-04-18 09:30:00-04:00,48.58000183105469,48.58000183105469,48.34000015258789,48.34000015258789,0,0.0,0.0,0.0
2023-04-18 10:30:00-04:00,48.310001373291016,48.380001068115234,48.27000045776367,48.314998626708984,6734,0.0,0.0,0.0
2023-04-18 11:30:00-04:00,48.33000183105469,48.36899948120117,48.25,48.36899948120117,6263,0.0,0.0,0.0
2023-04-18 12:30:00-04:00,48.380001068115234,48.380001068115234,48.314998626708984,48.314998626708984,1706,0.0,0.0,0.0
2023-04-18 13:30:00-04:00,48.31999969482422,48.40999984741211,48.31999969482422,48.40999984741211,2498,0.0,0.0,0.0
2023-04-18 14:30:00-04:00,48.39350128173828,48.419898986816406,48.29999923706055,48.3650016784668,11116,0.0,0.0,0.0
2023-04-18 15:30:00-04:00,48.36000061035156,48.400001525878906,48.36000061035156,48.380001068115234,4182,0.0,0.0,0.0
2023-04-19 09:30:00-04:00,48.2400016784668,48.31999969482422,48.2400016784668,48.310001373291016,0,0.0,0.0,0.0
2023-04-19 10:30:00-04:00,48.32500076293945,48.3650016784668,48.322898864746094,48.33000183105469,4922,0.0,0.0,0.0
2023-04-19 11:30:00-04:00,48.349998474121094,48.44279861450195,48.33000183105469,48.39659881591797,9824,0.0,0.0,0.0
2023-04-19 12:30:00-04:00,48.41999816894531,48.443199157714844,48.369998931884766,48.38999938964844,2182,0.0,0.0,0.0
2023-04-19 13:30:00-04:00,48.3843994140625,48.466400146484375,48.38100051879883,48.43009948730469,4523,0.0,0.0,0.0
2023-04-19 14:30:00-04:00,48.439998626708984,48.439998626708984,48.400001525878906,48.423301696777344,5261,0.0,0.0,0.0
2023-04-19 15:30:00-04:00,48.38999938964844,48.400001525878906,48.349998474121094,48.38999938964844,2448,0.0,0.0,0.0
2023-04-20 09:30:00-04:00,48.11000061035156,48.25,48.11000061035156,48.220001220703125,0,0.0,0.0,0.0
2023-04-20 10:30:00-04:00,48.202301025390625,48.285301208496094,48.202301025390625,48.255001068115234,6859,0.0,0.0,0.0
2023-04-20 11:30:00-04:00,48.22990036010742,48.27000045776367,48.18000030517578,48.25,6517,0.0,0.0,0.0
2023-04-20 12:30:00-04:00,48.33000183105469,48.33000183105469,48.31999969482422,48.33000183105469,862,0.0,0.0,0.0
2023-04-20 13:30:00-04:00,48.37350082397461,48.37350082397461,48.290000915527344,48.290000915527344,2646,0.0,0.0,0.0
2023-04-20 14:30:00-04:00,48.165000915527344,48.19309997558594,48.09000015258789,48.09000015258789,4593,0.0,0.0,0.0
2023-04-20 15:30:00-04:00,48.15999984741211,48.255001068115234,48.11000061035156,48.220001220703125,11617,0.0,0.0,0.0
2023-04-21 09:30:00-04:00,48.33000183105469,48.369998931884766,48.16999816894531,48.31999969482422,0,0.0,0.0,0.0
2023-04-21 10:30:00-04:00,48.310001373291016,48.310001373291016,48.1349983215332,48.19499969482422,15652,0.0,0.0,0.0
2023-04-21 11:30:00-04:00,48.23899841308594,48.2400016784668,48.154998779296875,48.220001220703125,1805,0.0,0.0,0.0
2023-04-21 12:30:00-04:00,48.2400016784668,48.245201110839844,48.220001220703125,48.22999954223633,959,0.0,0.0,0.0
2023-04-21 13:30:00-04:00,48.2400016784668,48.33000183105469,48.2400016784668,48.290000915527344,2117,0.0,0.0,0.0
2023-04-21 14:30:00-04:00,48.32780075073242,48.33340072631836,48.22999954223633,48.2599983215332,10096,0.0,0.0,0.0
2023-04-21 15:30:00-04:00,48.24589920043945,48.28499984741211,48.24589920043945,48.28499984741211,628,0.0,0.0,0.0
2023-04-24 09:30:00-04:00,48.27000045776367,48.36000061035156,48.27000045776367,48.36000061035156,0,0.0,0.0,0.0
2023-04-24 10:30:00-04:00,48.3046989440918,48.3297004699707,48.2599983215332,48.2599983215332,2098,0.0,0.0,0.0
2023-04-24 11:30:00-04:00,48.189998626708984,48.220001220703125,48.15999984741211,48.209999084472656,5447,0.0,0.0,0.0
2023-04-24 12:30:00-04:00,48.24909973144531,48.2599983215332,48.24909973144531,48.2599983215332,502,0.0,0.0,0.0
2023-04-24 13:30:00-04:00,48.290000915527344,48.290000915527344,48.2599983215332,48.2599983215332,537,0.0,0.0,0.0
2023-04-24 14:30:00-04:00,48.220001220703125,48.28879928588867,48.220001220703125,48.28879928588867,1481,0.0,0.0,0.0
2023-04-24 15:30:00-04:00,48.2599983215332,48.31019973754883,48.2599983215332,48.31019973754883,0,0.0,0.0,0.0
2023-04-25 09:30:00-04:00,48.20000076293945,48.29999923706055,48.18000030517578,48.209999084472656,3196,0.0,0.0,0.0
2023-04-25 10:30:00-04:00,48.18410110473633,48.2599983215332,48.1776008605957,48.2599983215332,1984,0.0,0.0,0.0
2023-04-25 11:30:00-04:00,48.13999938964844,48.18000030517578,48.13999938964844,48.150001525878906,0,0.0,0.0,0.0
2023-04-25 12:30:00-04:00,48.125,48.150001525878906,47.970001220703125,47.970001220703125,10423,0.0,0.0,0.0
2023-04-25 13:30:00-04:00,47.97999954223633,47.97999954223633,47.880001068115234,47.880001068115234,4225,0.0,0.0,0.0
2023-04-25 14:30:00-04:00,47.900001525878906,47.95600128173828,47.900001525878906,47.95000076293945,1705,0.0,0.0,0.0
2023-04-25 15:30:00-04:00,47.88999938964844,47.88999938964844,47.88999938964844,47.88999938964844,414,0.0,0.0,0.0
2023-04-26 09:30:00-04:00,47.93000030517578,47.93000030517578,47.68000030517578,47.68000030517578,0,0.0,0.0,0.0
2023-04-26 10:30:00-04:00,47.75,47.83000183105469,47.75,47.83000183105469,1129,0.0,0.0,0.0
2023-04-26 11:30:00-04:00,47.86000061035156,47.869998931884766,47.85749816894531,47.85749816894531,835,0.0,0.0,0.0
2023-04-26 12:30:00-04:00,47.869998931884766,47.88999938964844,47.81999969482422,47.829898834228516,8603,0.0,0.0,0.0
2023-04-26 13:30:00-04:00,47.65999984741211,47.70000076293945,47.630001068115234,47.70000076293945,801,0.0,0.0,0.0
2023-04-26 14:30:00-04:00,47.69200134277344,47.69200134277344,47.56999969482422,47.650001525878906,6770,0.0,0.0,0.0
2023-04-26 15:30:00-04:00,47.650001525878906,47.650001525878906,47.61000061035156,47.61000061035156,648,0.0,0.0,0.0
2023-04-27 09:30:00-04:00,47.880001068115234,47.88999938964844,47.79499816894531,47.880001068115234,0,0.0,0.0,0.0
2023-04-27 10:30:00-04:00,47.9640998840332,48.06999969482422,47.93000030517578,48.06999969482422,2192,0.0,0.0,0.0
2023-04-27 11:30:00-04:00,48.06999969482422,48.10110092163086,48.029998779296875,48.099998474121094,8203,0.0,0.0,0.0
2023-04-27 12:30:00-04:00,48.120399475097656,48.16999816894531,48.1150016784668,48.16999816894531,1769,0.0,0.0,0.0
2023-04-27 13:30:00-04:00,48.21189880371094,48.33000183105469,48.21189880371094,48.33000183105469,1243,0.0,0.0,0.0
2023-04-27 14:30:00-04:00,48.39350128173828,48.444000244140625,48.39350128173828,48.444000244140625,614,0.0,0.0,0.0
2023-04-27 15:30:00-04:00,48.42499923706055,48.459999084472656,48.42499923706055,48.459999084472656,0,0.0,0.0,0.0
2023-04-28 09:30:00-04:00,48.459999084472656,48.65999984741211,48.459999084472656,48.650001525878906,1052,0.0,0.0,0.0
2023-04-28 10:30:00-04:00,48.68000030517578,48.694698333740234,48.470001220703125,48.61000061035156,4930,0.0,0.0,0.0
2023-04-28 11:30:00-04:00,48.630001068115234,48.72999954223633,48.630001068115234,48.724998474121094,5816,0.0,0.0,0.0
2023-04-28 12:30:00-04:00,48.709999084472656,48.74140167236328,48.709999084472656,48.74140167236328,410,0.0,0.0,0.0
2023-04-28 13:30:00-04:00,48.7599983215332,48.77000045776367,48.7400016784668,48.77000045776367,1606,0.0,0.0,0.0
2023-04-28 14:30:00-04:00,48.650001525878906,48.720001220703125,48.650001525878906,48.68000030517578,1683,0.0,0.0,0.0
2023-04-28 15:30:00-04:00,48.69499969482422,48.77000045776367,48.68000030517578,48.77000045776367,4484,0.0,0.0,0.0
2023-05-01 09:30:00-04:00,48.77000045776367,48.869998931884766,48.76539993286133,48.84000015258789,0,0.0,0.0,0.0
2023-05-01 10:30:00-04:00,48.8650016784668,48.959999084472656,48.8650016784668,48.900001525878906,2176,0.0,0.0,0.0
2023-05-01 11:30:00-04:00,48.869998931884766,48.95000076293945,48.869998931884766,48.93989944458008,4754,0.0,0.0,0.0
2023-05-01 12:30:00-04:00,48.95000076293945,49.0,48.95000076293945,48.96500015258789,3286,0.0,0.0,0.0
2023-05-01 13:30:00-04:00,48.91999816894531,48.96979904174805,48.91999816894531,48.939998626708984,1123,0.0,0.0,0.0
2023-05-01 14:30:00-04:00,48.849998474121094,48.86989974975586,48.790000915527344,48.86989974975586,5495,0.0,0.0,0.0
2023-05-01 15:30:00-04:00,48.8484992980957,48.8484992980957,48.785301208496094,48.79999923706055,1389,0.0,0.0,0.0
2023-05-02 09:30:00-04:00,48.75,48.75,48.349998474121094,48.3650016784668,0,0.0,0.0,0.0
2023-05-02 10:30:00-04:00,48.290000915527344,48.290000915527344,48.04999923706055,48.04999923706055,9444,0.0,0.0,0.0
2023-05-02 11:30:00-04:00,48.0,48.11000061035156,48.0,48.08000183105469,3911,0.0,0.0,0.0
2023-05-02 12:30:00-04:00,48.11000061035156,48.255001068115234,48.11000061035156,48.255001068115234,2518,0.0,0.0,0.0
2023-05-02 13:30:00-04:00,48.220001220703125,48.31999969482422,48.189998626708984,48.2599983215332,2587,0.0,0.0,0.0
2023-05-02 14:30:00-04:00,48.220001220703125,48.39390182495117,48.220001220703125,48.369998931884766,11758,0.0,0.0,0.0
2023-05-02 15:30:00-04:00,48.34000015258789,48.369998931884766,48.30500030517578,48.349998474121094,7623,0.0,0.0,0.0
2023-05-03 09:30:00-04:00,48.400001525878906,48.5,48.400001525878906,48.439998626708984,0,0.0,0.0,0.0
2023-05-03 10:30:00-04:00,48.350101470947266,48.350101470947266,48.30080032348633,48.30080032348633,3090,0.0,0.0,0.0
2023-05-03 11:30:00-04:00,48.37770080566406,48.45000076293945,48.37770080566406,48.45000076293945,856,0.0,0.0,0.0
2023-05-03 12:30:00-04:00,48.465999603271484,48.560001373291016,48.46500015258789,48.560001373291016,1074,0.0,0.0,0.0
2023-05-03 13:30:00-04:00,48.52859878540039,48.52859878540039,48.459999084472656,48.525001525878906,1023,0.0,0.0,0.0
2023-05-03 14:30:00-04:00,48.47999954223633,48.564998626708984,48.29999923706055,48.29999923706055,0,0.0,0.0,0.0
2023-05-03 15:30:00-04:00,48.150001525878906,48.19499969482422,48.11000061035156,48.13999938964844,19948,0.0,0.0,0.0
2023-05-04 09:30:00-04:00,48.0099983215332,48.0099983215332,47.810001373291016,47.86000061035156,0,0.0,0.0,0.0
2023-05-04 10:30:00-04:00,47.849998474121094,48.060001373291016,47.849998474121094,47.93000030517578,1799,0.0,0.0,0.0
2023-05-04 11:30:00-04:00,47.84000015258789,47.95000076293945,47.79999923706055,47.95000076293945,3551,0.0,0.0,0.0
2023-05-04 12:30:00-04:00,47.93000030517578,48.16999816894531,47.93000030517578,48.16999816894531,4103,0.0,0.0,0.0
2023-05-04 13:30:00-04:00,48.11629867553711,48.15079879760742,47.97829818725586,48.060001373291016,2441,0.0,0.0,0.0
2023-05-04 14:30:00-04:00,47.939998626708984,48.04999923706055,47.91999816894531,47.946998596191406,2080,0.0,0.0,0.0
2023-05-04 15:30:00-04:00,48.04999923706055,48.05500030517578,47.93000030517578,47.93000030517578,1133,0.0,0.0,0.0
2023-05-05 09:30:00-04:00,48.2599983215332,48.499698638916016,48.2599983215332,48.46390151977539,0,0.0,0.0,0.0
2023-05-05 10:30:00-04:00,48.500099182128906,48.589900970458984,48.5,48.5,6259,0.0,0.0,0.0
2023-05-05 11:30:00-04:00,48.54999923706055,48.54999923706055,48.4900016784668,48.5099983215332,3665,0.0,0.0,0.0
2023-05-05 12:30:00-04:00,48.45000076293945,48.512001037597656,48.44049835205078,48.47999954223633,16307,0.0,0.0,0.0
2023-05-05 13:30:00-04:00,48.59000015258789,48.68000030517578,48.59000015258789,48.68000030517578,23074,0.0,0.0,0.0
2023-05-05 14:30:00-04:00,48.715999603271484,48.7781982421875,48.70000076293945,48.70000076293945,26666,0.0,0.0,0.0
2023-05-05 15:30:00-04:00,48.724998474121094,48.724998474121094,48.63999938964844,48.63999938964844,0,0.0,0.0,0.0
2023-05-08 09:30:00-04:00,48.63999938964844,48.6859016418457,48.61009979248047,48.61009979248047,4055,0.0,0.0,0.0
2023-05-08 10:30:00-04:00,48.62910079956055,48.68000030517578,48.62910079956055,48.64500045776367,2050,0.0,0.0,0.0
2023-05-08 11:30:00-04:00,48.650001525878906,48.650001525878906,48.56999969482422,48.6150016784668,1851,0.0,0.0,0.0
2023-05-08 12:30:00-04:00,48.59000015258789,48.6349983215332,48.59000015258789,48.6349983215332,8044,0.0,0.0,0.0
2023-05-08 13:30:00-04:00,48.62519836425781,48.68989944458008,48.540000915527344,48.68989944458008,3491,0.0,0.0,0.0
2023-05-08 14:30:00-04:00,48.689998626708984,48.70000076293945,48.630001068115234,48.67879867553711,15579,0.0,0.0,0.0
2023-05-08 15:30:00-04:00,48.6327018737793,48.685001373291016,48.6327018737793,48.63999938964844,7657,0.0,0.0,0.0
2023-05-09 09:30:00-04:00,48.5,48.584999084472656,48.5,48.54499816894531,2376,0.0,0.0,0.0
2023-05-09 10:30:00-04:00,48.529998779296875,48.58000183105469,48.529998779296875,48.58000183105469,3734,0.0,0.0,0.0
2023-05-09 11:30:00-04:00,48.564998626708984,48.564998626708984,48.51959991455078,48.51959991455078,2754,0.0,0.0,0.0
2023-05-09 12:30:00-04:00,48.522300720214844,48.57500076293945,48.522300720214844,48.57500076293945,2839,0.0,0.0,0.0
2023-05-09 13:30:00-04:00,48.540000915527344,48.63019943237305,48.540000915527344,48.56999969482422,2218,0.0,0.0,0.0
2023-05-09 14:30:00-04:00,48.574100494384766,48.63999938964844,48.529998779296875,48.565101623535156,0,0.0,0.0,0.0
2023-05-09 15:30:00-04:00,48.54999923706055,48.581199645996094,48.47999954223633,48.47999954223633,18998,0.0,0.0,0.0
2023-05-10 09:30:00-04:00,48.77000045776367,48.779998779296875,48.61000061035156,48.630001068115234,0,0.0,0.0,0.0
2023-05-10 10:30:00-04:00,48.550899505615234,48.650001525878906,48.470001220703125,48.650001525878906,0,0.0,0.0,0.0
2023-05-10 11:30:00-04:00,48.650001525878906,48.68000030517578,48.564998626708984,48.59749984741211,12827,0.0,0.0,0.0
2023-05-10 12:30:00-04:00,48.59230041503906,48.59230041503906,48.47999954223633,48.49959945678711,1961,0.0,0.0,0.0
2023-05-10 13:30:00-04:00,48.45000076293945,48.59000015258789,48.40660095214844,48.59000015258789,872,0.0,0.0,0.0
2023-05-10 14:30:00-04:00,48.599998474121094,48.72159957885742,48.599998474121094,48.72159957885742,5587,0.0,0.0,0.0
2023-05-10 15:30:00-04:00,48.81869888305664,48.86000061035156,48.77000045776367,48.78419876098633,4137,0.0,0.0,0.0
2023-05-11 09:30:00-04:00,48.720001220703125,48.7400016784668,48.50559997558594,48.58000183105469,0,0.0,0.0,0.0
2023-05-11 10:30:00-04:00,48.589298248291016,48.64500045776367,48.54999923706055,48.599998474121094,1718,0.0,0.0,0.0
2023-05-11 11:30:00-04:00,48.689998626708984,48.72999954223633,48.654998779296875,48.72999954223633,4066,0.0,0.0,0.0
2023-05-11 12:30:00-04:00,48.7400016784668,48.75,48.70000076293945,48.70000076293945,5900,0.0,0.0,0.0
2023-05-11 13:30:00-04:00,48.619998931884766,48.69129943847656,48.560001373291016,48.67499923706055,2715,0.0,0.0,0.0
2023-05-11 14:30:00-04:00,48.650001525878906,48.77000045776367,48.650001525878906,48.7400016784668,3799,0.0,0.0,0.0
2023-05-11 15:30:00-04:00,48.72100067138672,48.75,48.66999816894531,48.75,3154,0.0,0.0,0.0
2023-05-12 09:30:00-04:00,48.79999923706055,48.869998931884766,48.79999923706055,48.81999969482422,0,0.0,0.0,0.0
2023-05-12 10:30:00-04:00,48.71549987792969,48.72999954223633,48.61000061035156,48.62969970703125,6352,0.0,0.0,0.0
2023-05-12 11:30:00-04:00,48.62179946899414,48.64500045776367,48.599998474121094,48.6150016784668,1826,0.0,0.0,0.0
2023-05-12 12:30:00-04:00,48.567501068115234,48.5797004699707,48.47999954223633,48.529998779296875,2805,0.0,0.0,0.0
2023-05-12 13:30:00-04:00,48.55009841918945,48.564998626708984,48.5099983215332,48.52000045776367,8259,0.0,0.0,0.0
2023-05-12 14:30:00-04:00,48.529701232910156,48.650001525878906,48.529701232910156,48.59000015258789,27678,0.0,0.0,0.0
2023-05-12 15:30:00-04:00,48.66999816894531,48.790000915527344,48.66999816894531,48.790000915527344,9933,0.0,0.0,0.0
2023-05-15 09:30:00-04:00,48.79999923706055,48.83000183105469,48.56999969482422,48.56999969482422,0,0.0,0.0,0.0
2023-05-15 10:30:00-04:00,48.625,48.70000076293945,48.619998931884766,48.689998626708984,5032,0.0,0.0,0.0
2023-05-15 11:30:00-04:00,48.638301849365234,48.650001525878906,48.59000015258789,48.63999938964844,29712,0.0,0.0,0.0
2023-05-15 12:30:00-04:00,48.599998474121094,48.779998779296875,48.599998474121094,48.70000076293945,1898,0.0,0.0,0.0
2023-05-15 13:30:00-04:00,48.619998931884766,48.68000030517578,48.609100341796875,48.650001525878906,4080,0.0,0.0,0.0
2023-05-15 14:30:00-04:00,48.70000076293945,48.7489013671875,48.68000030517578,48.724998474121094,7186,0.0,0.0,0.0
2023-05-15 15:30:00-04:00,48.689998626708984,48.70000076293945,48.68000030517578,48.70000076293945,0,0.0,0.0,0.0
2023-05-16 09:30:00-04:00,48.56999969482422,48.66999816894531,48.494998931884766,48.56999969482422,6859,0.0,0.0,0.0
2023-05-16 10:30:00-04:00,48.54999923706055,48.54999923706055,48.494998931884766,48.5099983215332,3021,0.0,0.0,0.0
2023-05-16 11:30:00-04:00,48.54999923706055,48.56999969482422,48.540000915527344,48.56999969482422,7196,0.0,0.0,0.0
2023-05-16 12:30:00-04:00,48.529998779296875,48.59000015258789,48.529998779296875,48.58000183105469,2357,0.0,0.0,0.0
2023-05-16 13:30:00-04:00,48.53810119628906,48.5702018737793,48.53810119628906,48.5702018737793,1042,0.0,0.0,0.0
2023-05-16 14:30:00-04:00,48.52000045776367,48.560001373291016,48.5099983215332,48.540000915527344,3221,0.0,0.0,0.0
2023-05-16 15:30:00-04:00,48.5099983215332,48.5099983215332,48.369998931884766,48.40370178222656,2242,0.0,0.0,0.0
2023-05-17 09:30:00-04:00,48.5099983215332,48.5099983215332,48.310001373291016,48.41999816894531,0,0.0,0.0,0.0
2023-05-17 10:30:00-04:00,48.39500045776367,48.459999084472656,48.33000183105469,48.349998474121094,7142,0.0,0.0,0.0
2023-05-17 11:30:00-04:00,48.38999938964844,48.439998626708984,48.38999938964844,48.439300537109375,9115,0.0,0.0,0.0
2023-05-17 12:30:00-04:00,48.47999954223633,48.65999984741211,48.47999954223633,48.619998931884766,6492,0.0,0.0,0.0
2023-05-17 13:30:00-04:00,48.68000030517578,48.73910140991211,48.65010070800781,48.69990158081055,21420,0.0,0.0,0.0
2023-05-17 14:30:00-04:00,48.630001068115234,48.650001525878906,48.619998931884766,48.650001525878906,990,0.0,0.0,0.0
2023-05-17 15:30:00-04:00,48.584999084472656,48.66999816894531,48.56999969482422,48.619998931884766,3916,0.0,0.0,0.0
2023-05-18 09:30:00-04:00,48.61000061035156,48.61000061035156,48.56999969482422,48.61000061035156,0,0.0,0.0,0.0
2023-05-18 10:30:00-04:00,48.68000030517578,48.810001373291016,48.68000030517578,48.689998626708984,11649,0.0,0.0,0.0
2023-05-18 11:30:00-04:00,48.749900817871094,48.749900817871094,48.560001373291016,48.59000015258789,1593,0.0,0.0,0.0
2023-05-18 12:30:00-04:00,48.59000015258789,48.650001525878906,48.5713996887207,48.650001525878906,1843,0.0,0.0,0.0
2023-05-18 13:30:00-04:00,48.60559844970703,48.6150016784668,48.5,48.6150016784668,4768,0.0,0.0,0.0
2023-05-18 14:30:00-04:00,48.66999816894531,48.75510025024414,48.619998931884766,48.724098205566406,5115,0.0,0.0,0.0
2023-05-18 15:30:00-04:00,48.73500061035156,48.970001220703125,48.73500061035156,48.90999984741211,0,0.0,0.0,0.0
2023-05-19 09:30:00-04:00,48.959999084472656,49.13999938964844,48.959999084472656,49.125,4864,0.0,0.0,0.0
2023-05-19 10:30:00-04:00,49.099998474121094,49.130001068115234,48.935001373291016,48.935001373291016,1461,0.0,0.0,0.0
2023-05-19 11:30:00-04:00,48.83000183105469,48.959999084472656,48.83000183105469,48.880001068115234,2334,0.0,0.0,0.0
2023-05-19 12:30:00-04:00,48.84000015258789,48.935001373291016,48.80500030517578,48.907100677490234,7161,0.0,0.0,0.0
2023-05-19 13:30:00-04:00,48.91999816894531,48.92499923706055,48.79499816894531,48.83000183105469,27550,0.0,0.0,0.0
2023-05-19 14:30:00-04:00,48.819801330566406,48.919898986816406,48.819801330566406,48.83000183105469,4074,0.0,0.0,0.0
2023-05-19 15:30:00-04:00,48.84000015258789,48.90850067138672,48.790000915527344,48.869998931884766,2657,0.0,0.0,0.0
2023-05-22 09:30:00-04:00,48.880001068115234,49.045799255371094,48.7400016784668,48.837799072265625,0,0.0,0.0,0.0
2023-05-22 10:30:00-04:00,48.79999923706055,48.86000061035156,48.752601623535156,48.86000061035156,14533,0.0,0.0,0.0
2023-05-22 11:30:00-04:00,48.86000061035156,48.900001525878906,48.810001373291016,48.810001373291016,2110,0.0,0.0,0.0
2023-05-22 12:30:00-04:00,48.814998626708984,48.84000015258789,48.7599983215332,48.83000183105469,6396,0.0,0.0,0.0
2023-05-22 13:30:00-04:00,48.86000061035156,48.880001068115234,48.83000183105469,48.85499954223633,0,0.0,0.0,0.0
2023-05-22 14:30:00-04:00,48.900001525878906,48.91999816894531,48.79710006713867,48.79710006713867,34160,0.0,0.0,0.0
2023-05-22 15:30:00-04:00,48.779998779296875,48.779998779296875,48.73649978637695,48.73649978637695,0,0.0,0.0,0.0
2023-05-23 09:30:00-04:00,48.56999969482422,48.56999969482422,48.47010040283203,48.47010040283203,2394,0.0,0.0,0.0
2023-05-23 10:30:00-04:00,48.470001220703125,48.52000045776367,48.45000076293945,48.45000076293945,1210,0.0,0.0,0.0
2023-05-23 11:30:00-04:00,48.5099983215332,48.5099983215332,48.45500183105469,48.5,6564,0.0,0.0,0.0
2023-05-23 12:30:00-04:00,48.44499969482422,48.44499969482422,48.3380012512207,48.374698638916016,2814,0.0,0.0,0.0
2023-05-23 13:30:00-04:00,48.220001220703125,48.22999954223633,48.06999969482422,48.17660140991211,1383,0.0,0.0,0.0
2023-05-23 14:30:00-04:00,48.17660140991211,48.22999954223633,48.13999938964844,48.22999954223633,2009,0.0,0.0,0.0
2023-05-23 15:30:00-04:00,48.18000030517578,48.24169921875,48.15999984741211,48.22999954223633,4205,0.0,0.0,0.0
2023-05-24 09:30:00-04:00,48.06999969482422,48.06999969482422,48.0,48.0,0,0.0,0.0,0.0
2023-05-24 10:30:00-04:00,47.96699905395508,47.96699905395508,47.88999938964844,47.90999984741211,6322,0.0,0.0,0.0
2023-05-24 11:30:00-04:00,47.869300842285156,47.90999984741211,47.79999923706055,47.83000183105469,2581,0.0,0.0,0.0
2023-05-24 12:30:00-04:00,47.83000183105469,47.93000030517578,47.810001373291016,47.900001525878906,6494,0.0,0.0,0.0
2023-05-24 13:30:00-04:00,47.93000030517578,47.970001220703125,47.84000015258789,47.86000061035156,3875,0.0,0.0,0.0
2023-05-24 14:30:00-04:00,47.86000061035156,48.029998779296875,47.78620147705078,48.005001068115234,6394,0.0,0.0,0.0
2023-05-24 15:30:00-04:00,47.91999816894531,47.91999816894531,47.81999969482422,47.869300842285156,1944,0.0,0.0,0.0
2023-05-25 09:30:00-04:00,47.970001220703125,47.970001220703125,47.584999084472656,47.584999084472656,0,0.0,0.0,0.0
2023-05-25 10:30:00-04:00,47.62310028076172,47.742801666259766,47.599998474121094,47.630001068115234,5276,0.0,0.0,0.0
2023-05-25 11:30:00-04:00,47.529998779296875,47.68000030517578,47.5,47.635101318359375,18850,0.0,0.0,0.0
2023-05-25 12:30:00-04:00,47.65999984741211,47.66999816894531,47.57500076293945,47.61000061035156,8845,0.0,0.0,0.0
2023-05-25 13:30:00-04:00,47.70000076293945,47.83000183105469,47.70000076293945,47.746299743652344,5935,0.0,0.0,0.0
2023-05-25 14:30:00-04:00,47.72010040283203,47.72209930419922,47.61840057373047,47.689998626708984,11076,0.0,0.0,0.0
2023-05-25 15:30:00-04:00,47.79499816894531,47.82849884033203,47.68000030517578,47.68000030517578,3403,0.0,0.0,0.0
2023-05-26 09:30:00-04:00,47.72999954223633,47.99359893798828,47.72999954223633,47.9739990234375,0,0.0,0.0,0.0
2023-05-26 10:30:00-04:00,48.11000061035156,48.11000061035156,47.91999816894531,47.91999816894531,10742,0.0,0.0,0.0
2023-05-26 11:30:00-04:00,47.946998596191406,48.029998779296875,47.946998596191406,47.9900016784668,2666,0.0,0.0,0.0
2023-05-26 12:30:00-04:00,48.060001373291016,48.060001373291016,48.029998779296875,48.029998779296875,1251,0.0,0.0,0.0
2023-05-26 13:30:00-04:00,48.005001068115234,48.0099983215332,47.91999816894531,47.97999954223633,7992,0.0,0.0,0.0
2023-05-26 14:30:00-04:00,48.029998779296875,48.13999938964844,48.029998779296875,48.09000015258789,10222,0.0,0.0,0.0
2023-05-26 15:30:00-04:00,48.119998931884766,48.130001068115234,48.06999969482422,48.08000183105469,2762,0.0,0.0,0.0
2023-05-30 09:30:00-04:00,48.130001068115234,48.130001068115234,47.95000076293945,47.97999954223633,13556,0.0,0.0,0.0
2023-05-30 10:30:00-04:00,47.9900016784668,47.9900016784668,47.81999969482422,47.88999938964844,4445,0.0,0.0,0.0
2023-05-30 11:30:00-04:00,47.880001068115234,47.970001220703125,47.880001068115234,47.94770050048828,2755,0.0,0.0,0.0
2023-05-30 12:30:00-04:00,47.88999938964844,47.95000076293945,47.86000061035156,47.91999816894531,1718,0.0,0.0,0.0
2023-05-30 13:30:00-04:00,47.85060119628906,47.970001220703125,47.85060119628906,47.94499969482422,3982,0.0,0.0,0.0
2023-05-30 14:30:00-04:00,48.02000045776367,48.04999923706055,47.96500015258789,48.02000045776367,5856,0.0,0.0,0.0
2023-05-30 15:30:00-04:00,48.02000045776367,48.04999923706055,47.95000076293945,48.02000045776367,7558,0.0,0.0,0.0
2023-05-31 09:30:00-04:00,47.83000183105469,47.83000183105469,47.72209930419922,47.790000915527344,2477,0.0,0.0,0.0
2023-05-31 10:30:00-04:00,47.75,47.75,47.690101623535156,47.72999954223633,7236,0.0,0.0,0.0
2023-05-31 11:30:00-04:00,47.79460144042969,47.804500579833984,47.7400016784668,47.7400016784668,4632,0.0,0.0,0.0
2023-05-31 12:30:00-04:00,47.779998779296875,47.83000183105469,47.779998779296875,47.82500076293945,3043,0.0,0.0,0.0
2023-05-31 13:30:00-04:00,47.85689926147461,47.927799224853516,47.83000183105469,47.927799224853516,2533,0.0,0.0,0.0
2023-05-31 14:30:00-04:00,47.9656982421875,47.9656982421875,47.86000061035156,47.900001525878906,4439,0.0,0.0,0.0
2023-05-31 15:30:00-04:00,47.959598541259766,48.040000915527344,47.83000183105469,47.83000183105469,6477,0.0,0.0,0.0
2023-06-01 09:30:00-04:00,47.84000015258789,47.84000015258789,47.72999954223633,47.79999923706055,3649,0.0,0.0,0.0
2023-06-01 10:30:00-04:00,47.877498626708984,47.94499969482422,47.85049819946289,47.94499969482422,1355,0.0,0.0,0.0
2023-06-01 11:30:00-04:00,47.9900016784668,48.0900993347168,47.9900016784668,48.0900993347168,929,0.0,0.0,0.0
2023-06-01 12:30:00-04:00,48.15999984741211,48.15999984741211,48.085201263427734,48.085201263427734,6379,0.0,0.0,0.0
2023-06-01 13:30:00-04:00,48.150001525878906,48.18000030517578,48.099700927734375,48.099998474121094,912,0.0,0.0,0.0
2023-06-01 14:30:00-04:00,48.121498107910156,48.220001220703125,48.119998931884766,48.220001220703125,2233,0.0,0.0,0.0
2023-06-01 15:30:00-04:00,48.13999938964844,48.16999816894531,48.029998779296875,48.16999816894531,3210,0.0,0.0,0.0
2023-06-02 09:30:00-04:00,48.400001525878906,48.630001068115234,48.400001525878906,48.470001220703125,0,0.0,0.0,0.0
2023-06-02 10:30:00-04:00,48.525001525878906,48.65999984741211,48.525001525878906,48.650001525878906,3975,0.0,0.0,0.0
2023-06-02 11:30:00-04:00,48.720001220703125,48.7234001159668,48.61000061035156,48.720001220703125,18126,0.0,0.0,0.0
2023-06-02 12:30:00-04:00,48.70000076293945,48.810001373291016,48.70000076293945,48.810001373291016,4540,0.0,0.0,0.0
2023-06-02 13:30:00-04:00,48.81999969482422,48.81999969482422,48.75,48.75,2292,0.0,0.0,0.0
2023-06-02 14:30:00-04:00,48.81999969482422,48.91999816894531,48.81999969482422,48.869998931884766,2995,0.0,0.0,0.0
2023-06-02 15:30:00-04:00,48.849998474121094,48.88999938964844,48.810001373291016,48.810001373291016,6604,0.0,0.0,0.0
2023-06-05 09:30:00-04:00,48.86000061035156,48.98500061035156,48.81999969482422,48.92499923706055,0,0.0,0.0,0.0
2023-06-05 10:30:00-04:00,48.849998474121094,48.9900016784668,48.849998474121094,48.900001525878906,16788,0.0,0.0,0.0
2023-06-05 11:30:00-04:00,48.91999816894531,48.970001220703125,48.88999938964844,48.959999084472656,2009,0.0,0.0,0.0
2023-06-05 12:30:00-04:00,48.959999084472656,49.0,48.926300048828125,48.926998138427734,5641,0.0,0.0,0.0
2023-06-05 13:30:00-04:00,48.849998474121094,48.900001525878906,48.83000183105469,48.83000183105469,3933,0.0,0.0,0.0
2023-06-05 14:30:00-04:00,48.79999923706055,48.79999923706055,48.67430114746094,48.72999954223633,2740,0.0,0.0,0.0
2023-06-05 15:30:00-04:00,48.70880126953125,48.7400016784668,48.70880126953125,48.7400016784668,0,0.0,0.0,0.0
2023-06-06 09:30:00-04:00,48.75,48.75,48.65489959716797,48.70899963378906,4214,0.0,0.0,0.0
2023-06-06 10:30:00-04:00,48.632598876953125,48.75,48.599998474121094,48.599998474121094,2652,0.0,0.0,0.0
2023-06-06 11:30:00-04:00,48.630001068115234,48.70000076293945,48.61000061035156,48.63999938964844,4785,0.0,0.0,0.0
2023-06-06 12:30:00-04:00,48.66899871826172,48.66999816894531,48.540000915527344,48.55950164794922,3703,0.0,0.0,0.0
2023-06-06 13:30:00-04:00,48.62900161743164,48.650001525878906,48.54999923706055,48.650001525878906,1668,0.0,0.0,0.0
2023-06-06 14:30:00-04:00,48.650001525878906,48.720001220703125,48.616798400878906,48.720001220703125,9739,0.0,0.0,0.0
2023-06-06 15:30:00-04:00,48.71110153198242,48.755001068115234,48.68000030517578,48.68000030517578,8747,0.0,0.0,0.0
2023-06-07 09:30:00-04:00,48.66999816894531,48.70500183105469,48.58000183105469,48.58000183105469,6258,0.0,0.0,0.0
2023-06-07 10:30:00-04:00,48.54999923706055,48.599998474121094,48.52000045776367,48.560001373291016,6512,0.0,0.0,0.0
2023-06-07 11:30:00-04:00,48.54999923706055,48.599998474121094,48.47999954223633,48.53900146484375,7564,0.0,0.0,0.0
2023-06-07 12:30:00-04:00,48.51499938964844,48.58000183105469,48.45000076293945,48.499000549316406,5793,0.0,0.0,0.0
2023-06-07 13:30:00-04:00,48.50899887084961,48.54999923706055,48.4900016784668,48.4900016784668,2780,0.0,0.0,0.0
2023-06-07 14:30:00-04:00,48.4900016784668,48.576499938964844,48.470001220703125,48.576499938964844,4262,0.0,0.0,0.0
2023-06-07 15:30:00-04:00,48.54389953613281,48.560001373291016,48.5,48.5,2328,0.0,0.0,0.0
2023-06-08 09:30:00-04:00,48.47999954223633,48.58000183105469,48.470001220703125,48.58000183105469,1966,0.0,0.0,0.0
2023-06-08 10:30:00-04:00,48.5973014831543,48.682701110839844,48.5973014831543,48.62369918823242,5072,0.0,0.0,0.0
2023-06-08 11:30:00-04:00,48.679901123046875,48.679901123046875,48.598899841308594,48.650001525878906,2326,0.0,0.0,0.0
2023-06-08 12:30:00-04:00,48.712100982666016,48.712100982666016,48.709999084472656,48.709999084472656,1060,0.0,0.0,0.0
2023-06-08 13:30:00-04:00,48.65999984741211,48.70000076293945,48.65999984741211,48.70000076293945,1692,0.0,0.0,0.0
2023-06-08 14:30:00-04:00,48.720001220703125,48.77000045776367,48.69860076904297,48.75,8814,0.0,0.0,0.0
2023-06-08 15:30:00-04:00,48.75,48.75080108642578,48.70000076293945,48.75,2917,0.0,0.0,0.0
2023-06-09 09:30:00-04:00,48.709999084472656,48.86000061035156,48.709999084472656,48.82500076293945,3430,0.0,0.0,0.0
2023-06-09 10:30:00-04:00,48.88999938964844,48.90999984741211,48.834999084472656,48.834999084472656,1474,0.0,0.0,0.0
2023-06-09 11:30:00-04:00,48.6963996887207,48.7400016784668,48.6963996887207,48.720001220703125,1246,0.0,0.0,0.0
2023-06-09 12:30:00-04:00,48.72549819946289,48.77429962158203,48.689998626708984,48.709999084472656,3744,0.0,0.0,0.0
2023-06-09 13:30:00-04:00,48.77000045776367,48.86579895019531,48.77000045776367,48.808799743652344,1917,0.0,0.0,0.0
2023-06-09 14:30:00-04:00,48.83000183105469,48.849998474121094,48.80009841918945,48.810001373291016,1487,0.0,0.0,0.0
2023-06-09 15:30:00-04:00,48.79999923706055,48.81209945678711,48.75210189819336,48.75210189819336,520,0.0,0.0,0.0
2023-06-12 09:30:00-04:00,48.79999923706055,48.79999923706055,48.713401794433594,48.73860168457031,0,0.0,0.0,0.0
2023-06-12 10:30:00-04:00,48.73189926147461,48.7400016784668,48.70240020751953,48.722599029541016,2319,0.0,0.0,0.0
2023-06-12 11:30:00-04:00,48.73500061035156,48.798099517822266,48.73500061035156,48.751399993896484,2812,0.0,0.0,0.0
2023-06-12 12:30:00-04:00,48.786399841308594,48.80500030517578,48.76490020751953,48.76490020751953,1776,0.0,0.0,0.0
2023-06-12 13:30:00-04:00,48.779998779296875,48.81010055541992,48.779998779296875,48.8047981262207,8083,0.0,0.0,0.0
2023-06-12 14:30:00-04:00,48.834999084472656,48.999000549316406,48.79999923706055,48.952999114990234,5040,0.0,0.0,0.0
2023-06-12 15:30:00-04:00,48.965999603271484,49.03879928588867,48.959999084472656,49.02000045776367,0,0.0,0.0,0.0
2023-06-13 09:30:00-04:00,49.119998931884766,49.209999084472656,49.119998931884766,49.150001525878906,4807,0.0,0.0,0.0
2023-06-13 10:30:00-04:00,49.23149871826172,49.23149871826172,49.119998931884766,49.20000076293945,3328,0.0,0.0,0.0
2023-06-13 11:30:00-04:00,49.18000030517578,49.18000030517578,49.14680099487305,49.165000915527344,3489,0.0,0.0,0.0
2023-06-13 12:30:00-04:00,49.22829818725586,49.22829818725586,49.17789840698242,49.17789840698242,1708,0.0,0.0,0.0
2023-06-13 13:30:00-04:00,49.20000076293945,49.22999954223633,49.12770080566406,49.15639877319336,3142,0.0,0.0,0.0
2023-06-13 14:30:00-04:00,49.13999938964844,49.18000030517578,49.1349983215332,49.16999816894531,2412,0.0,0.0,0.0
2023-06-13 15:30:00-04:00,49.155399322509766,49.18000030517578,49.14970016479492,49.16999816894531,1267,0.0,0.0,0.0
2023-06-14 09:30:00-04:00,49.189998626708984,49.33000183105469,49.08000183105469,49.290000915527344,0,0.0,0.0,0.0
2023-06-14 10:30:00-04:00,49.280601501464844,49.35850143432617,49.279998779296875,49.35850143432617,2713,0.0,0.0,0.0
2023-06-14 11:30:00-04:00,49.35499954223633,49.35499954223633,49.34000015258789,49.34000015258789,1281,0.0,0.0,0.0
2023-06-14 12:30:00-04:00,49.314998626708984,49.36000061035156,49.25,49.275699615478516,8377,0.0,0.0,0.0
2023-06-14 13:30:00-04:00,49.21689987182617,49.290000915527344,48.94340133666992,48.94340133666992,4674,0.0,0.0,0.0
2023-06-14 14:30:00-04:00,49.0,49.27000045776367,49.0,49.189998626708984,8805,0.0,0.0,0.0
2023-06-14 15:30:00-04:00,49.22669982910156,49.22669982910156,49.119998931884766,49.150001525878906,0,0.0,0.0,0.0
2023-06-15 09:30:00-04:00,49.220001220703125,49.491798400878906,49.220001220703125,49.491798400878906,3581,0.0,0.0,0.0
2023-06-15 10:30:00-04:00,49.45500183105469,49.599998474121094,49.400001525878906,49.599998474121094,1228,0.0,0.0,0.0
2023-06-15 11:30:00-04:00,49.617801666259766,49.650001525878906,49.5984992980957,49.650001525878906,5824,0.0,0.0,0.0
2023-06-15 12:30:00-04:00,49.689998626708984,49.689998626708984,49.599998474121094,49.68000030517578,3394,0.0,0.0,0.0
2023-06-15 13:30:00-04:00,49.689998626708984,49.718101501464844,49.650001525878906,49.70500183105469,1294,0.0,0.0,0.0
2023-06-15 14:30:00-04:00,49.878299713134766,49.97999954223633,49.83100128173828,49.95000076293945,1939,0.0,0.0,0.0
2023-06-15 15:30:00-04:00,49.81380081176758,49.95000076293945,49.810001373291016,49.81999969482422,3941,0.0,0.0,0.0
2023-06-16 09:30:00-04:00,49.95000076293945,49.970001220703125,49.773799896240234,49.79999923706055,0,0.0,0.0,0.0
2023-06-16 10:30:00-04:00,49.869998931884766,49.880001068115234,49.759300231933594,49.849998474121094,4521,0.0,0.0,0.0
2023-06-16 11:30:00-04:00,49.713600158691406,49.822200775146484,49.713600158691406,49.822200775146484,12315,0.0,0.0,0.0
2023-06-16 12:30:00-04:00,49.83000183105469,49.869998931884766,49.80500030517578,49.80500030517578,6179,0.0,0.0,0.0
2023-06-16 13:30:00-04:00,49.779998779296875,49.810001373291016,49.75,49.760101318359375,4517,0.0,0.0,0.0
2023-06-16 14:30:00-04:00,49.71500015258789,49.71500015258789,49.61000061035156,49.63999938964844,6291,0.0,0.0,0.0
2023-06-16 15:30:00-04:00,49.66339874267578,49.66339874267578,49.61000061035156,49.61000061035156,987,0.0,0.0,0.0
2023-06-20 09:30:00-04:00,49.47999954223633,49.525001525878906,49.25,49.25,0,0.0,0.0,0.0
2023-06-20 10:30:00-04:00,49.23210144042969,49.33000183105469,49.23210144042969,49.27000045776367,10318,0.0,0.0,0.0
2023-06-20 11:30:00-04:00,49.29999923706055,49.36000061035156,49.27239990234375,49.36000061035156,2831,0.0,0.0,0.0
2023-06-20 12:30:00-04:00,49.38999938964844,49.453399658203125,49.31999969482422,49.453399658203125,4999,0.0,0.0,0.0
2023-06-20 13:30:00-04:00,49.445499420166016,49.45000076293945,49.42620086669922,49.42919921875,1617,0.0,0.0,0.0
2023-06-20 14:30:00-04:00,49.435001373291016,49.435001373291016,49.338401794433594,49.34000015258789,2584,0.0,0.0,0.0
2023-06-20 15:30:00-04:00,49.2765998840332,49.36000061035156,49.2599983215332,49.34000015258789,4109,0.0,0.0,0.0
2023-06-21 09:30:00-04:00,49.150001525878906,49.16999816894531,49.09000015258789,49.16999816894531,0,0.0,0.0,0.0
2023-06-21 10:30:00-04:00,49.18000030517578,49.27899932861328,49.151798248291016,49.2400016784668,5021,0.0,0.0,0.0
2023-06-21 11:30:00-04:00,49.27000045776367,49.35499954223633,49.27000045776367,49.33000183105469,5002,0.0,0.0,0.0
2023-06-21 12:30:00-04:00,49.36000061035156,49.36000061035156,49.209999084472656,49.279998779296875,4455,0.0,0.0,0.0
2023-06-21 13:30:00-04:00,49.279998779296875,49.36000061035156,49.26599884033203,49.290000915527344,4358,0.0,0.0,0.0
2023-06-21 14:30:00-04:00,49.38999938964844,49.38999938964844,49.279998779296875,49.33000183105469,5378,0.0,0.0,0.0
2023-06-21 15:30:00-04:00,49.279998779296875,49.279998779296875,49.150001525878906,49.224098205566406,867,0.0,0.0,0.0
2023-06-22 09:30:00-04:00,49.220001220703125,49.31999969482422,49.185001373291016,49.31999969482422,0,0.0,0.0,0.0
2023-06-22 10:30:00-04:00,49.290000915527344,49.290000915527344,49.20000076293945,49.209999084472656,1850,0.0,0.0,0.0
2023-06-22 11:30:00-04:00,49.30699920654297,49.314998626708984,49.244998931884766,49.277198791503906,4513,0.0,0.0,0.0
2023-06-22 12:30:00-04:00,49.2599983215332,49.329898834228516,49.2599983215332,49.27989959716797,913,0.0,0.0,0.0
2023-06-22 13:30:00-04:00,49.26499938964844,49.369598388671875,49.220001220703125,49.369598388671875,1465,0.0,0.0,0.0
2023-06-22 14:30:00-04:00,49.39500045776367,49.43000030517578,49.349998474121094,49.349998474121094,1059,0.0,0.0,0.0
2023-06-22 15:30:00-04:00,49.3650016784668,49.5,49.3650016784668,49.5,0,0.0,0.0,0.0
2023-06-23 09:30:00-04:00,49.2400016784668,49.31999969482422,49.119998931884766,49.297298431396484,4576,0.0,0.0,0.0
2023-06-23 10:30:00-04:00,49.26499938964844,49.275001525878906,49.20000076293945,49.20000076293945,2827,0.0,0.0,0.0
2023-06-23 11:30:00-04:00,49.209999084472656,49.33000183105469,49.209999084472656,49.33000183105469,2566,0.0,0.0,0.0
2023-06-23 12:30:00-04:00,49.31999969482422,49.33000183105469,49.29970169067383,49.29999923706055,7489,0.0,0.0,0.0
2023-06-23 13:30:00-04:00,49.310001373291016,49.33000183105469,49.20069885253906,49.20069885253906,3083,0.0,0.0,0.0
2023-06-23 14:30:00-04:00,49.249000549316406,49.25,49.070098876953125,49.130001068115234,4950,0.0,0.0,0.0
2023-06-23 15:30:00-04:00,49.15999984741211,49.20989990234375,49.13999938964844,49.15999984741211,2975,0.0,0.0,0.0
2023-06-26 09:30:00-04:00,49.119998931884766,49.189998626708984,49.02000045776367,49.130001068115234,0,0.0,0.0,0.0
2023-06-26 10:30:00-04:00,49.11000061035156,49.150001525878906,49.0,49.04499816894531,8988,0.0,0.0,0.0
2023-06-26 11:30:00-04:00,49.064998626708984,49.13010025024414,49.03860092163086,49.11000061035156,3241,0.0,0.0,0.0
2023-06-26 12:30:00-04:00,49.14500045776367,49.14500045776367,49.09809875488281,49.12879943847656,3932,0.0,0.0,0.0
2023-06-26 13:30:00-04:00,49.07210159301758,49.105201721191406,49.04999923706055,49.060001373291016,1839,0.0,0.0,0.0
2023-06-26 14:30:00-04:00,49.099998474121094,49.150001525878906,49.099998474121094,49.130001068115234,1941,0.0,0.0,0.0
2023-06-26 15:30:00-04:00,49.13999938964844,49.13999938964844,49.060001373291016,49.06999969482422,1318,0.0,0.0,0.0
2023-06-27 09:30:00-04:00,49.150001525878906,49.23500061035156,49.150001525878906,49.20309829711914,0,0.0,0.0,0.0
2023-06-27 10:30:00-04:00,49.220001220703125,49.220001220703125,49.15999984741211,49.20989990234375,2828,0.0,0.0,0.0
2023-06-27 11:30:00-04:00,49.2598991394043,49.28099822998047,49.244998931884766,49.26499938964844,3860,0.0,0.0,0.0
2023-06-27 12:30:00-04:00,49.31999969482422,49.33729934692383,49.31999969482422,49.33729934692383,3529,0.0,0.0,0.0
2023-06-27 13:30:00-04:00,49.39500045776367,49.439998626708984,49.380001068115234,49.439998626708984,2215,0.0,0.0,0.0
2023-06-27 14:30:00-04:00,49.43000030517578,49.475101470947266,49.40999984741211,49.475101470947266,3795,0.0,0.0,0.0
2023-06-27 15:30:00-04:00,49.447601318359375,49.45000076293945,49.410099029541016,49.439998626708984,4690,0.0,0.0,0.0
2023-06-28 09:30:00-04:00,49.349998474121094,49.349998474121094,49.189998626708984,49.22999954223633,0,0.0,0.0,0.0
2023-06-28 10:30:00-04:00,49.22999954223633,49.27009963989258,49.22999954223633,49.247398376464844,1993,0.0,0.0,0.0
2023-06-28 11:30:00-04:00,49.279998779296875,49.37990188598633,49.279998779296875,49.37990188598633,3791,0.0,0.0,0.0
2023-06-28 12:30:00-04:00,49.2599983215332,49.29999923706055,49.17179870605469,49.2599983215332,3712,0.0,0.0,0.0
2023-06-28 13:30:00-04:00,49.209999084472656,49.22999954223633,49.17190170288086,49.22999954223633,14076,0.0,0.0,0.0
2023-06-28 14:30:00-04:00,49.220401763916016,49.2599983215332,49.15879821777344,49.2400016784668,3340,0.0,0.0,0.0
2023-06-28 15:30:00-04:00,49.220001220703125,49.33000183105469,49.21009826660156,49.33000183105469,2973,0.0,0.0,0.0
2023-06-29 09:30:00-04:00,49.279998779296875,49.400001525878906,49.25,49.36000061035156,0,0.0,0.0,0.0
2023-06-29 10:30:00-04:00,49.290000915527344,49.45000076293945,49.290000915527344,49.43220138549805,5658,0.0,0.0,0.0
2023-06-29 11:30:00-04:00,49.466800689697266,49.50310134887695,49.459999084472656,49.494998931884766,1738,0.0,0.0,0.0
2023-06-29 12:30:00-04:00,49.4900016784668,49.53990173339844,49.43000030517578,49.47999954223633,1534,0.0,0.0,0.0
2023-06-29 13:30:00-04:00,49.47100067138672,49.509300231933594,49.38999938964844,49.38999938964844,3467,0.0,0.0,0.0
2023-06-29 14:30:00-04:00,49.459999084472656,49.529998779296875,49.43000030517578,49.529998779296875,5344,0.0,0.0,0.0
2023-06-29 15:30:00-04:00,49.529998779296875,49.560001373291016,49.47999954223633,49.560001373291016,7570,0.0,0.0,0.0
2023-06-30 09:30:00-04:00,49.83000183105469,50.025001525878906,49.83000183105469,50.025001525878906,0,0.0,0.0,0.0
2023-06-30 10:30:00-04:00,50.0,50.029998779296875,49.959999084472656,50.02539825439453,7280,0.0,0.0,0.0
2023-06-30 11:30:00-04:00,49.963199615478516,49.97999954223633,49.93000030517578,49.959999084472656,4830,0.0,0.0,0.0
2023-06-30 12:30:00-04:00,50.0,50.09000015258789,50.0,50.08000183105469,2173,0.0,0.0,0.0
2023-06-30 13:30:00-04:00,50.11000061035156,50.124698638916016,50.096500396728516,50.124698638916016,2936,0.0,0.0,0.0
2023-06-30 14:30:00-04:00,50.154998779296875,50.154998779296875,50.119998931884766,50.14630126953125,2804,0.0,0.0,0.0
2023-06-30 15:30:00-04:00,50.13999938964844,50.18000030517578,50.08000183105469,50.08000183105469,2681,0.0,0.0,0.0
2023-07-03 09:30:00-04:00,49.970001220703125,49.97999954223633,49.88999938964844,49.939998626708984,11415,0.0,0.0,0.0
2023-07-03 10:30:00-04:00,49.944801330566406,49.979000091552734,49.90999984741211,49.96500015258789,9401,0.0,0.0,0.0
2023-07-03 11:30:00-04:00,49.939998626708984,50.015098571777344,49.939998626708984,49.985599517822266,8140,0.0,0.0,0.0
2023-07-05 09:30:00-04:00,49.849998474121094,49.869998931884766,49.810001373291016,49.86000061035156,12126,0.0,0.0,0.0
2023-07-05 10:30:00-04:00,49.88290023803711,49.9370002746582,49.874900817871094,49.92729949951172,4844,0.0,0.0,0.0
2023-07-05 11:30:00-04:00,49.95000076293945,49.95899963378906,49.900001525878906,49.900001525878906,1282,0.0,0.0,0.0
2023-07-05 12:30:00-04:00,49.90999984741211,49.90999984741211,49.86000061035156,49.8849983215332,3010,0.0,0.0,0.0
2023-07-05 13:30:00-04:00,49.869998931884766,49.869998931884766,49.824501037597656,49.849998474121094,1502,0.0,0.0,0.0
2023-07-05 14:30:00-04:00,49.849998474121094,49.959999084472656,49.849998474121094,49.959999084472656,5165,0.0,0.0,0.0
2023-07-05 15:30:00-04:00,49.979000091552734,49.979000091552734,49.91999816894531,49.95000076293945,0,0.0,0.0,0.0
2023-07-06 09:30:00-04:00,49.560001373291016,49.56999969482422,49.43000030517578,49.452999114990234,5258,0.0,0.0,0.0
2023-07-06 10:30:00-04:00,49.40999984741211,49.44889831542969,49.400001525878906,49.439998626708984,7109,0.0,0.0,0.0
2023-07-06 11:30:00-04:00,49.41999816894531,49.5890007019043,49.41999816894531,49.564998626708984,3285,0.0,0.0,0.0
2023-07-06 12:30:00-04:00,49.58000183105469,49.65999984741211,49.58000183105469,49.65999984741211,1390,0.0,0.0,0.0
2023-07-06 13:30:00-04:00,49.61050033569336,49.6796989440918,49.61050033569336,49.6349983215332,1806,0.0,0.0,0.0
2023-07-06 14:30:00-04:00,49.65999984741211,49.65999984741211,49.619998931884766,49.619998931884766,550,0.0,0.0,0.0
2023-07-06 15:30:00-04:00,49.654998779296875,49.689998626708984,49.6239013671875,49.65999984741211,11295,0.0,0.0,0.0
2023-07-07 09:30:00-04:00,49.459999084472656,49.569000244140625,49.43000030517578,49.465301513671875,12907,0.0,0.0,0.0
2023-07-07 10:30:00-04:00,49.47999954223633,49.50590133666992,49.44499969482422,49.45389938354492,6904,0.0,0.0,0.0
2023-07-07 11:30:00-04:00,49.481998443603516,49.57500076293945,49.45500183105469,49.57500076293945,3579,0.0,0.0,0.0
2023-07-07 12:30:00-04:00,49.75899887084961,49.76900100708008,49.72760009765625,49.7400016784668,2226,0.0,0.0,0.0
2023-07-07 13:30:00-04:00,49.7599983215332,49.7599983215332,49.59669876098633,49.61000061035156,4839,0.0,0.0,0.0
2023-07-07 14:30:00-04:00,49.630401611328125,49.630401611328125,49.529998779296875,49.529998779296875,5839,0.0,0.0,0.0
2023-07-07 15:30:00-04:00,49.52790069580078,49.5531005859375,49.349998474121094,49.38999938964844,1741,0.0,0.0,0.0
2023-07-10 09:30:00-04:00,49.2599983215332,49.4818000793457,49.2599983215332,49.439998626708984,5990,0.0,0.0,0.0
2023-07-10 10:30:00-04:00,49.34000015258789,49.34510040283203,49.2599983215332,49.33359909057617,4921,0.0,0.0,0.0
2023-07-10 11:30:00-04:00,49.34000015258789,49.369998931884766,49.279998779296875,49.36000061035156,3019,0.0,0.0,0.0
2023-07-10 12:30:00-04:00,49.36000061035156,49.40290069580078,49.36000061035156,49.36000061035156,1666,0.0,0.0,0.0
2023-07-10 13:30:00-04:00,49.459999084472656,49.459999084472656,49.375,49.380001068115234,8480,0.0,0.0,0.0
2023-07-10 14:30:00-04:00,49.41999816894531,49.41999816894531,49.369998931884766,49.369998931884766,2148,0.0,0.0,0.0
2023-07-10 15:30:00-04:00,49.369998931884766,49.40999984741211,49.349998474121094,49.40999984741211,1740,0.0,0.0,0.0
2023-07-11 09:30:00-04:00,49.470001220703125,49.55220031738281,49.41999816894531,49.45000076293945,5377,0.0,0.0,0.0
2023-07-11 10:30:00-04:00,49.43000030517578,49.560001373291016,49.4296989440918,49.560001373291016,6065,0.0,0.0,0.0
2023-07-11 11:30:00-04:00,49.51430130004883,49.65999984741211,49.51430130004883,49.65999984741211,2738,0.0,0.0,0.0
2023-07-11 12:30:00-04:00,49.589900970458984,49.59859848022461,49.52000045776367,49.52000045776367,2618,0.0,0.0,0.0
2023-07-11 13:30:00-04:00,49.528900146484375,49.560001373291016,49.5099983215332,49.5099983215332,1374,0.0,0.0,0.0
2023-07-11 14:30:00-04:00,49.54999923706055,49.560001373291016,49.529998779296875,49.560001373291016,1061,0.0,0.0,0.0
2023-07-11 15:30:00-04:00,49.55339813232422,49.689998626708984,49.55339813232422,49.689998626708984,605,0.0,0.0,0.0
2023-07-12 09:30:00-04:00,50.0099983215332,50.02000045776367,50.0099983215332,50.02000045776367,3575,0.0,0.0,0.0
2023-07-12 10:30:00-04:00,50.056400299072266,50.09000015258789,50.0099983215332,50.0099983215332,9430,0.0,0.0,0.0
2023-07-12 11:30:00-04:00,50.005001068115234,50.005001068115234,49.82630157470703,49.900001525878906,3899,0.0,0.0,0.0
2023-07-12 12:30:00-04:00,49.88999938964844,49.98910140991211,49.88999938964844,49.98910140991211,3235,0.0,0.0,0.0
2023-07-12 13:30:00-04:00,49.970001220703125,50.035099029541016,49.970001220703125,50.035099029541016,1352,0.0,0.0,0.0
2023-07-12 14:30:00-04:00,49.939998626708984,49.97999954223633,49.810001373291016,49.8650016784668,2837,0.0,0.0,0.0
2023-07-12 15:30:00-04:00,49.83000183105469,49.938499450683594,49.83000183105469,49.900001525878906,2333,0.0,0.0,0.0
2023-07-13 09:30:00-04:00,50.040000915527344,50.06999969482422,50.01890182495117,50.025699615478516,4178,0.0,0.0,0.0
2023-07-13 10:30:00-04:00,50.060001373291016,50.060001373291016,50.040000915527344,50.040199279785156,2732,0.0,0.0,0.0
2023-07-13 11:30:00-04:00,50.0348014831543,50.06999969482422,50.025001525878906,50.05160140991211,4687,0.0,0.0,0.0
2023-07-13 12:30:00-04:00,50.06999969482422,50.09000015258789,50.040000915527344,50.06999969482422,4510,0.0,0.0,0.0
2023-07-13 13:30:00-04:00,50.06999969482422,50.10919952392578,50.04999923706055,50.060001373291016,3346,0.0,0.0,0.0
2023-07-13 14:30:00-04:00,50.080501556396484,50.17959976196289,50.080501556396484,50.1349983215332,11523,0.0,0.0,0.0
2023-07-13 15:30:00-04:00,50.13999938964844,50.209999084472656,50.130401611328125,50.13999938964844,6675,0.0,0.0,0.0
2023-07-14 09:30:00-04:00,50.20000076293945,50.23619842529297,50.1598014831543,50.1598014831543,4613,0.0,0.0,0.0
2023-07-14 10:30:00-04:00,50.130001068115234,50.220001220703125,50.130001068115234,50.209999084472656,2460,0.0,0.0,0.0
2023-07-14 11:30:00-04:00,50.18000030517578,50.21500015258789,50.14500045776367,50.15999984741211,5003,0.0,0.0,0.0
2023-07-14 12:30:00-04:00,50.11410140991211,50.21989822387695,50.11410140991211,50.189998626708984,1760,0.0,0.0,0.0
2023-07-14 13:30:00-04:00,50.13999938964844,50.22999954223633,50.13999938964844,50.20000076293945,5334,0.0,0.0,0.0
2023-07-14 14:30:00-04:00,50.220001220703125,50.25,50.18000030517578,50.20000076293945,9806,0.0,0.0,0.0
2023-07-14 15:30:00-04:00,50.17179870605469,50.18000030517578,50.150001525878906,50.18000030517578,2678,0.0,0.0,0.0
2023-07-17 09:30:00-04:00,50.13999938964844,50.31999969482422,50.119998931884766,50.277099609375,6988,0.0,0.0,0.0
2023-07-17 10:30:00-04:00,50.28990173339844,50.31999969482422,50.28990173339844,50.31999969482422,3846,0.0,0.0,0.0
2023-07-17 11:30:00-04:00,50.349998474121094,50.36000061035156,50.2848014831543,50.29999923706055,7173,0.0,0.0,0.0
2023-07-17 12:30:00-04:00,50.30619812011719,50.310001373291016,50.27000045776367,50.27389907836914,8664,0.0,0.0,0.0
2023-07-17 13:30:00-04:00,50.269798278808594,50.33000183105469,50.250099182128906,50.33000183105469,1124,0.0,0.0,0.0
2023-07-17 14:30:00-04:00,50.27009963989258,50.36000061035156,50.2599983215332,50.36000061035156,5274,0.0,0.0,0.0
2023-07-17 15:30:00-04:00,50.29999923706055,50.34989929199219,50.27000045776367,50.27000045776367,5370,0.0,0.0,0.0
2023-07-18 09:30:00-04:00,50.16999816894531,50.348201751708984,50.16999816894531,50.348201751708984,0,0.0,0.0,0.0
2023-07-18 10:30:00-04:00,50.32830047607422,50.43000030517578,50.32830047607422,50.425498962402344,4123,0.0,0.0,0.0
2023-07-18 11:30:00-04:00,50.423500061035156,50.5,50.36000061035156,50.36000061035156,4231,0.0,0.0,0.0
2023-07-18 12:30:00-04:00,50.41999816894531,50.41999816894531,50.369998931884766,50.380001068115234,3008,0.0,0.0,0.0
2023-07-18 13:30:00-04:00,50.36790084838867,50.47999954223633,50.36790084838867,50.4651985168457,6219,0.0,0.0,0.0
2023-07-18 14:30:00-04:00,50.44029998779297,50.4900016784668,50.38010025024414,50.47999954223633,8821,0.0,0.0,0.0
2023-07-18 15:30:00-04:00,50.40570068359375,50.4900016784668,50.40570068359375,50.47999954223633,9162,0.0,0.0,0.0
2023-07-19 09:30:00-04:00,50.54999923706055,50.689998626708984,50.54999923706055,50.650001525878906,6892,0.0,0.0,0.0
2023-07-19 10:30:00-04:00,50.583499908447266,50.63999938964844,50.56990051269531,50.56990051269531,940,0.0,0.0,0.0
2023-07-19 11:30:00-04:00,50.59000015258789,50.650001525878906,50.56999969482422,50.584999084472656,6930,0.0,0.0,0.0
2023-07-19 12:30:00-04:00,50.59000015258789,50.59000015258789,50.571998596191406,50.57830047607422,690,0.0,0.0,0.0
2023-07-19 13:30:00-04:00,50.58980178833008,50.58980178833008,50.50320053100586,50.52000045776367,9087,0.0,0.0,0.0
2023-07-19 14:30:00-04:00,50.58000183105469,50.63999938964844,50.58000183105469,50.630001068115234,769,0.0,0.0,0.0
2023-07-19 15:30:00-04:00,50.650001525878906,50.650001525878906,50.57500076293945,50.599998474121094,4691,0.0,0.0,0.0
2023-07-20 09:30:00-04:00,50.560001373291016,50.7140007019043,50.560001373291016,50.661598205566406,2399,0.0,0.0,0.0
2023-07-20 10:30:00-04:00,50.671199798583984,50.70130157470703,50.66460037231445,50.66460037231445,4185,0.0,0.0,0.0
2023-07-20 11:30:00-04:00,50.67499923706055,50.81439971923828,50.67499923706055,50.81439971923828,1861,0.0,0.0,0.0
2023-07-20 12:30:00-04:00,50.71500015258789,50.71500015258789,50.655399322509766,50.68450164794922,3787,0.0,0.0,0.0
2023-07-20 13:30:00-04:00,50.689998626708984,50.689998626708984,50.59000015258789,50.59000015258789,6400,0.0,0.0,0.0
2023-07-20 14:30:00-04:00,50.64500045776367,50.68000030517578,50.56999969482422,50.56999969482422,35079,0.0,0.0,0.0
2023-07-20 15:30:00-04:00,50.59000015258789,50.66999816894531,50.52000045776367,50.66999816894531,2298,0.0,0.0,0.0
2023-07-21 09:30:00-04:00,50.83000183105469,50.869998931884766,50.77000045776367,50.790000915527344,0,0.0,0.0,0.0
2023-07-21 10:30:00-04:00,50.830101013183594,50.92839813232422,50.830101013183594,50.86000061035156,2933,0.0,0.0,0.0
2023-07-21 11:30:00-04:00,50.895301818847656,50.91490173339844,50.84000015258789,50.89500045776367,17505,0.0,0.0,0.0
2023-07-21 12:30:00-04:00,50.880001068115234,50.880001068115234,50.81999969482422,50.880001068115234,6009,0.0,0.0,0.0
2023-07-21 13:30:00-04:00,50.90999984741211,50.91899871826172,50.849998474121094,50.869998931884766,42197,0.0,0.0,0.0
2023-07-21 14:30:00-04:00,50.89500045776367,50.92890167236328,50.79610061645508,50.81880187988281,13727,0.0,0.0,0.0
2023-07-21 15:30:00-04:00,50.82830047607422,50.84000015258789,50.79999923706055,50.828800201416016,1215,0.0,0.0,0.0
2023-07-24 09:30:00-04:00,50.939998626708984,51.02730178833008,50.91999816894531,50.98249816894531,0,0.0,0.0,0.0
2023-07-24 10:30:00-04:00,50.994998931884766,51.025001525878906,50.98699951171875,50.98699951171875,1472,0.0,0.0,0.0
2023-07-24 11:30:00-04:00,51.01499938964844,51.03070068359375,50.970001220703125,50.970001220703125,2570,0.0,0.0,0.0
2023-07-24 12:30:00-04:00,50.97999954223633,51.0099983215332,50.97999954223633,51.0099983215332,589,0.0,0.0,0.0
2023-07-24 13:30:00-04:00,51.0172004699707,51.06999969482422,51.0099983215332,51.06999969482422,5463,0.0,0.0,0.0
2023-07-24 14:30:00-04:00,51.04999923706055,51.04999923706055,50.935001373291016,50.935001373291016,3978,0.0,0.0,0.0
2023-07-24 15:30:00-04:00,50.935001373291016,51.029998779296875,50.935001373291016,51.029998779296875,2531,0.0,0.0,0.0
2023-07-25 09:30:00-04:00,50.95000076293945,51.0,50.95000076293945,50.95069885253906,0,0.0,0.0,0.0
2023-07-25 10:30:00-04:00,50.994998931884766,51.040000915527344,50.970001220703125,51.040000915527344,6563,0.0,0.0,0.0
2023-07-25 11:30:00-04:00,51.04499816894531,51.099998474121094,51.04499816894531,51.04999923706055,5852,0.0,0.0,0.0
2023-07-25 12:30:00-04:00,51.066200256347656,51.138999938964844,51.066200256347656,51.138999938964844,1965,0.0,0.0,0.0
2023-07-25 13:30:00-04:00,51.130001068115234,51.20000076293945,51.08000183105469,51.20000076293945,3593,0.0,0.0,0.0
2023-07-25 14:30:00-04:00,51.20000076293945,51.20000076293945,51.13010025024414,51.13029861450195,3801,0.0,0.0,0.0
2023-07-25 15:30:00-04:00,51.150001525878906,51.150001525878906,51.09000015258789,51.09000015258789,0,0.0,0.0,0.0
2023-07-26 09:30:00-04:00,50.9900016784668,51.09000015258789,50.9900016784668,51.03900146484375,4928,0.0,0.0,0.0
2023-07-26 10:30:00-04:00,51.02000045776367,51.09000015258789,51.02000045776367,51.09000015258789,6618,0.0,0.0,0.0
2023-07-26 11:30:00-04:00,51.130001068115234,51.13999938964844,51.119598388671875,51.119598388671875,2110,0.0,0.0,0.0
2023-07-26 12:30:00-04:00,51.095001220703125,51.095001220703125,51.029998779296875,51.07500076293945,2763,0.0,0.0,0.0
2023-07-26 13:30:00-04:00,51.04999923706055,51.119998931884766,51.029998779296875,51.040000915527344,6672,0.0,0.0,0.0
2023-07-26 14:30:00-04:00,51.06999969482422,51.2599983215332,50.93000030517578,51.02000045776367,6683,0.0,0.0,0.0
2023-07-26 15:30:00-04:00,51.040000915527344,51.15999984741211,51.040000915527344,51.15999984741211,0,0.0,0.0,0.0
2023-07-27 09:30:00-04:00,51.369998931884766,51.369998931884766,51.19499969482422,51.20930099487305,9242,0.0,0.0,0.0
2023-07-27 10:30:00-04:00,51.16999816894531,51.20000076293945,51.03499984741211,51.08729934692383,5770,0.0,0.0,0.0
2023-07-27 11:30:00-04:00,51.08000183105469,51.109901428222656,51.03499984741211,51.06010055541992,5817,0.0,0.0,0.0
2023-07-27 12:30:00-04:00,51.14500045776367,51.14500045776367,50.970001220703125,50.970001220703125,1101,0.0,0.0,0.0
2023-07-27 13:30:00-04:00,50.970001220703125,50.97930145263672,50.7400016784668,50.7599983215332,6106,0.0,0.0,0.0
2023-07-27 14:30:00-04:00,50.720001220703125,50.77000045776367,50.65999984741211,50.70000076293945,5934,0.0,0.0,0.0
2023-07-27 15:30:00-04:00,50.709999084472656,50.709999084472656,50.584999084472656,50.70000076293945,2495,0.0,0.0,0.0
2023-07-28 09:30:00-04:00,50.959999084472656,51.057701110839844,50.959999084472656,51.029998779296875,6988,0.0,0.0,0.0
2023-07-28 10:30:00-04:00,51.03030014038086,51.12030029296875,51.03030014038086,51.12030029296875,5154,0.0,0.0,0.0
2023-07-28 11:30:00-04:00,51.12649917602539,51.20000076293945,51.09000015258789,51.16999816894531,11932,0.0,0.0,0.0
2023-07-28 12:30:00-04:00,51.119998931884766,51.13999938964844,51.00429916381836,51.00429916381836,2617,0.0,0.0,0.0
2023-07-28 13:30:00-04:00,50.94499969482422,51.09120178222656,50.88999938964844,51.09120178222656,1834,0.0,0.0,0.0
2023-07-28 14:30:00-04:00,51.04499816894531,51.11989974975586,51.00559997558594,51.064998626708984,5403,0.0,0.0,0.0
2023-07-28 15:30:00-04:00,51.04999923706055,51.119998931884766,51.02000045776367,51.1150016784668,1715,0.0,0.0,0.0
2023-07-31 09:30:00-04:00,51.11000061035156,51.11000061035156,51.0,51.02000045776367,0,0.0,0.0,0.0
2023-07-31 10:30:00-04:00,51.07619857788086,51.07619857788086,50.97999954223633,51.03820037841797,3458,0.0,0.0,0.0
2023-07-31 11:30:00-04:00,50.950199127197266,50.9900016784668,50.93000030517578,50.96500015258789,4544,0.0,0.0,0.0
2023-07-31 12:30:00-04:00,50.904998779296875,50.92499923706055,50.904998779296875,50.92499923706055,760,0.0,0.0,0.0
2023-07-31 13:30:00-04:00,50.935001373291016,50.980098724365234,50.92689895629883,50.9275016784668,2578,0.0,0.0,0.0
2023-07-31 14:30:00-04:00,50.937599182128906,50.97999954223633,50.937599182128906,50.95009994506836,4778,0.0,0.0,0.0
2023-07-31 15:30:00-04:00,50.95000076293945,51.040000915527344,50.900001525878906,51.040000915527344,1955,0.0,0.0,0.0
2023-08-01 09:30:00-04:00,50.900001525878906,51.040000915527344,50.87110137939453,50.900001525878906,0,0.0,0.0,0.0
2023-08-01 10:30:00-04:00,50.900001525878906,50.939998626708984,50.84000015258789,50.847198486328125,7235,0.0,0.0,0.0
2023-08-01 11:30:00-04:00,50.86149978637695,50.900001525878906,50.830101013183594,50.88999938964844,4246,0.0,0.0,0.0
2023-08-01 12:30:00-04:00,50.827999114990234,50.90999984741211,50.80659866333008,50.90999984741211,1865,0.0,0.0,0.0
2023-08-01 13:30:00-04:00,50.907901763916016,50.97999954223633,50.86009979248047,50.90999984741211,1809,0.0,0.0,0.0
2023-08-01 14:30:00-04:00,50.95220184326172,50.97999954223633,50.915000915527344,50.97999954223633,4290,0.0,0.0,0.0
2023-08-01 15:30:00-04:00,50.94499969482422,50.970001220703125,50.900001525878906,50.900001525878906,0,0.0,0.0,0.0
2023-08-02 09:30:00-04:00,50.689998626708984,50.77000045776367,50.65999984741211,50.735599517822266,34824,0.0,0.0,0.0
2023-08-02 10:30:00-04:00,50.65999984741211,50.65999984741211,50.599998474121094,50.63520050048828,3243,0.0,0.0,0.0
2023-08-02 11:30:00-04:00,50.67649841308594,50.69499969482422,50.6442985534668,50.69499969482422,2255,0.0,0.0,0.0
2023-08-02 12:30:00-04:00,50.67499923706055,50.70000076293945,50.650001525878906,50.66579818725586,2936,0.0,0.0,0.0
2023-08-02 13:30:00-04:00,50.6349983215332,50.66999816894531,50.619998931884766,50.619998931884766,1680,0.0,0.0,0.0
2023-08-02 14:30:00-04:00,50.62459945678711,50.62459945678711,50.529998779296875,50.54999923706055,82789,0.0,0.0,0.0
2023-08-02 15:30:00-04:00,50.59000015258789,50.63999938964844,50.59000015258789,50.59000015258789,1265,0.0,0.0,0.0
2023-08-03 09:30:00-04:00,50.400001525878906,50.400001525878906,50.32749938964844,50.369998931884766,0,0.0,0.0,0.0
2023-08-03 10:30:00-04:00,50.33000183105469,50.47999954223633,50.328800201416016,50.47999954223633,3035,0.0,0.0,0.0
2023-08-03 11:30:00-04:00,50.499900817871094,50.499900817871094,50.43000030517578,50.45000076293945,1374,0.0,0.0,0.0
2023-08-03 12:30:00-04:00,50.47999954223633,50.58000183105469,50.45000076293945,50.564300537109375,2995,0.0,0.0,0.0
2023-08-03 13:30:00-04:00,50.4900016784668,50.5,50.47999954223633,50.49380111694336,10157,0.0,0.0,0.0
2023-08-03 14:30:00-04:00,50.529998779296875,50.529998779296875,50.43000030517578,50.49639892578125,1985,0.0,0.0,0.0
2023-08-03 15:30:00-04:00,50.48720169067383,50.505001068115234,50.38999938964844,50.38999938964844,3504,0.0,0.0,0.0
2023-08-04 09:30:00-04:00,50.599998474121094,50.69990158081055,50.459999084472656,50.57929992675781,5577,0.0,0.0,0.0
2023-08-04 10:30:00-04:00,50.59000015258789,50.648101806640625,50.58000183105469,50.630001068115234,4600,0.0,0.0,0.0
2023-08-04 11:30:00-04:00,50.6349983215332,50.670101165771484,50.630001068115234,50.630001068115234,2668,0.0,0.0,0.0
2023-08-04 12:30:00-04:00,50.720001220703125,50.7599983215332,50.69260025024414,50.720001220703125,1604,0.0,0.0,0.0
2023-08-04 13:30:00-04:00,50.67499923706055,50.67499923706055,50.32500076293945,50.32500076293945,4156,0.0,0.0,0.0
2023-08-04 14:30:00-04:00,50.250999450683594,50.250999450683594,50.188899993896484,50.20000076293945,1029,0.0,0.0,0.0
2023-08-04 15:30:00-04:00,50.19850158691406,50.19850158691406,50.130001068115234,50.15999984741211,3862,0.0,0.0,0.0
2023-08-07 09:30:00-04:00,50.36000061035156,50.470001220703125,50.34000015258789,50.449798583984375,0,0.0,0.0,0.0
2023-08-07 10:30:00-04:00,50.39929962158203,50.459999084472656,50.38999938964844,50.459999084472656,10001,0.0,0.0,0.0
2023-08-07 11:30:00-04:00,50.439998626708984,50.5,50.43510055541992,50.499900817871094,1639,0.0,0.0,0.0
2023-08-07 12:30:00-04:00,50.47370147705078,50.540000915527344,50.459999084472656,50.49760055541992,6087,0.0,0.0,0.0
2023-08-07 13:30:00-04:00,50.525001525878906,50.59000015258789,50.51969909667969,50.51969909667969,9580,0.0,0.0,0.0
2023-08-07 14:30:00-04:00,50.55839920043945,50.56999969482422,50.522499084472656,50.54999923706055,1805,0.0,0.0,0.0
2023-08-07 15:30:00-04:00,50.525001525878906,50.61000061035156,50.494998931884766,50.59000015258789,2818,0.0,0.0,0.0
2023-08-08 09:30:00-04:00,50.52000045776367,50.52000045776367,50.16600036621094,50.18190002441406,4996,0.0,0.0,0.0
2023-08-08 10:30:00-04:00,50.20000076293945,50.209999084472656,50.150001525878906,50.209999084472656,12382,0.0,0.0,0.0
2023-08-08 11:30:00-04:00,50.21500015258789,50.21500015258789,50.21500015258789,50.21500015258789,608,0.0,0.0,0.0
2023-08-08 12:30:00-04:00,50.28499984741211,50.28499984741211,50.25299835205078,50.278099060058594,3348,0.0,0.0,0.0
2023-08-08 13:30:00-04:00,50.279998779296875,50.31129837036133,50.279998779296875,50.31129837036133,545,0.0,0.0,0.0
2023-08-08 14:30:00-04:00,50.31119918823242,50.435001373291016,50.31119918823242,50.435001373291016,1835,0.0,0.0,0.0
2023-08-08 15:30:00-04:00,50.39500045776367,50.50579833984375,50.38999938964844,50.470001220703125,0,0.0,0.0,0.0
2023-08-09 09:30:00-04:00,50.560001373291016,50.58000183105469,50.540000915527344,50.540000915527344,14688,0.0,0.0,0.0
2023-08-09 10:30:00-04:00,50.58000183105469,50.59429931640625,50.45000076293945,50.45000076293945,9982,0.0,0.0,0.0
2023-08-09 11:30:00-04:00,50.45000076293945,50.45000076293945,50.30099868774414,50.40999984741211,2812,0.0,0.0,0.0
2023-08-09 12:30:00-04:00,50.45009994506836,50.599998474121094,50.45009994506836,50.599998474121094,4656,0.0,0.0,0.0
2023-08-09 13:30:00-04:00,50.588199615478516,50.66999816894531,50.580101013183594,50.66999816894531,5113,0.0,0.0,0.0
2023-08-09 14:30:00-04:00,50.72999954223633,50.72999954223633,50.62799835205078,50.67110061645508,1935,0.0,0.0,0.0
2023-08-09 15:30:00-04:00,50.630001068115234,50.630001068115234,50.42499923706055,50.45000076293945,0,0.0,0.0,0.0
2023-08-10 09:30:00-04:00,50.630001068115234,50.93000030517578,50.630001068115234,50.93000030517578,6514,0.0,0.0,0.0
2023-08-10 10:30:00-04:00,50.880001068115234,50.93000030517578,50.73550033569336,50.75,4956,0.0,0.0,0.0
2023-08-10 11:30:00-04:00,50.72999954223633,50.72999954223633,50.540000915527344,50.540000915527344,18331,0.0,0.0,0.0
2023-08-10 12:30:00-04:00,50.57749938964844,50.57749938964844,50.4900016784668,50.4900016784668,1508,0.0,0.0,0.0
2023-08-10 13:30:00-04:00,50.42610168457031,50.54999923706055,50.349998474121094,50.54999923706055,1758,0.0,0.0,0.0
2023-08-10 14:30:00-04:00,50.46009826660156,50.61000061035156,50.46009826660156,50.574100494384766,1560,0.0,0.0,0.0
2023-08-10 15:30:00-04:00,50.45000076293945,50.46500015258789,50.36000061035156,50.41999816894531,0,0.0,0.0,0.0
2023-08-11 09:30:00-04:00,50.33000183105469,50.66910171508789,50.33000183105469,50.63169860839844,2700,0.0,0.0,0.0
2023-08-11 10:30:00-04:00,50.58000183105469,50.630001068115234,50.489200592041016,50.489200592041016,3760,0.0,0.0,0.0
2023-08-11 11:30:00-04:00,50.5099983215332,50.61000061035156,50.5099983215332,50.599998474121094,27093,0.0,0.0,0.0
2023-08-11 12:30:00-04:00,50.54999923706055,50.61000061035156,50.505001068115234,50.61000061035156,4201,0.0,0.0,0.0
2023-08-11 13:30:00-04:00,50.61000061035156,50.65999984741211,50.47999954223633,50.65999984741211,12199,0.0,0.0,0.0
2023-08-11 14:30:00-04:00,50.650001525878906,50.689998626708984,50.5900993347168,50.68389892578125,21380,0.0,0.0,0.0
2023-08-11 15:30:00-04:00,50.66999816894531,50.66999816894531,50.58000183105469,50.58000183105469,5592,0.0,0.0,0.0
2023-08-14 09:30:00-04:00,50.630001068115234,50.66999816894531,50.584999084472656,50.65999984741211,0,0.0,0.0,0.0
2023-08-14 10:30:00-04:00,50.810001373291016,50.810001373291016,50.74079895019531,50.74079895019531,0,0.0,0.0,0.0
2023-08-14 11:30:00-04:00,50.7599983215332,50.7599983215332,50.72999954223633,50.72999954223633,45390,0.0,0.0,0.0
2023-08-14 12:30:00-04:00,50.72629928588867,50.72999954223633,50.709999084472656,50.709999084472656,954,0.0,0.0,0.0
2023-08-14 13:30:00-04:00,50.709999084472656,50.71500015258789,50.65999984741211,50.68299865722656,2335,0.0,0.0,0.0
2023-08-14 14:30:00-04:00,50.66999816894531,50.709999084472656,50.630001068115234,50.70000076293945,5724,0.0,0.0,0.0
2023-08-14 15:30:00-04:00,50.665000915527344,50.75,50.665000915527344,50.75,0,0.0,0.0,0.0
2023-08-15 09:30:00-04:00,50.54999923706055,50.54999923706055,50.439998626708984,50.439998626708984,3144,0.0,0.0,0.0
2023-08-15 10:30:00-04:00,50.41899871826172,50.5,50.400001525878906,50.459999084472656,4623,0.0,0.0,0.0
2023-08-15 11:30:00-04:00,50.498199462890625,50.540000915527344,50.45000076293945,50.47999954223633,3615,0.0,0.0,0.0
2023-08-15 12:30:00-04:00,50.470001220703125,50.5099983215332,50.400001525878906,50.5099983215332,18837,0.0,0.0,0.0
2023-08-15 13:30:00-04:00,50.459999084472656,50.459999084472656,50.400001525878906,50.400001525878906,5769,0.0,0.0,0.0
2023-08-15 14:30:00-04:00,50.43000030517578,50.47999954223633,50.30870056152344,50.33000183105469,5609,0.0,0.0,0.0
2023-08-15 15:30:00-04:00,50.29999923706055,50.35940170288086,50.2400016784668,50.35940170288086,0,0.0,0.0,0.0
2023-08-16 09:30:00-04:00,50.22999954223633,50.44900131225586,50.22999954223633,50.40999984741211,2667,0.0,0.0,0.0
2023-08-16 10:30:00-04:00,50.41999816894531,50.5099983215332,50.36000061035156,50.43000030517578,0,0.0,0.0,0.0
2023-08-16 11:30:00-04:00,50.439998626708984,50.45899963378906,50.31999969482422,50.31999969482422,19875,0.0,0.0,0.0
2023-08-16 12:30:00-04:00,50.33000183105469,50.380001068115234,50.209999084472656,50.25,5065,0.0,0.0,0.0
2023-08-16 13:30:00-04:00,50.22999954223633,50.400001525878906,50.220001220703125,50.31999969482422,5977,0.0,0.0,0.0
2023-08-16 14:30:00-04:00,50.41999816894531,50.41999816894531,50.135799407958984,50.150001525878906,11664,0.0,0.0,0.0
2023-08-16 15:30:00-04:00,50.130001068115234,50.20000076293945,50.09000015258789,50.09000015258789,0,0.0,0.0,0.0
2023-08-17 09:30:00-04:00,50.20000076293945,50.2400016784668,50.189998626708984,50.209999084472656,2719,0.0,0.0,0.0
2023-08-17 10:30:00-04:00,50.21500015258789,50.22999954223633,50.09000015258789,50.09000015258789,1807,0.0,0.0,0.0
2023-08-17 11:30:00-04:00,50.099998474121094,50.220001220703125,50.09000015258789,50.220001220703125,10353,0.0,0.0,0.0
2023-08-17 12:30:00-04:00,50.209999084472656,50.209999084472656,50.04999923706055,50.060001373291016,6871,0.0,0.0,0.0
2023-08-17 13:30:00-04:00,50.029998779296875,50.04999923706055,49.90999984741211,49.9900016784668,7289,0.0,0.0,0.0
2023-08-17 14:30:00-04:00,49.9900016784668,49.9900016784668,49.77000045776367,49.83000183105469,12126,0.0,0.0,0.0
2023-08-17 15:30:00-04:00,49.81999969482422,49.849998474121094,49.72999954223633,49.7599983215332,4714,0.0,0.0,0.0
2023-08-18 09:30:00-04:00,49.4900016784668,49.7047004699707,49.4900016784668,49.630001068115234,0,0.0,0.0,0.0
2023-08-18 10:30:00-04:00,49.720001220703125,49.810001373291016,49.720001220703125,49.810001373291016,4524,0.0,0.0,0.0
2023-08-18 11:30:00-04:00,49.75,49.897701263427734,49.75,49.779998779296875,11439,0.0,0.0,0.0
2023-08-18 12:30:00-04:00,49.77000045776367,49.81999969482422,49.709999084472656,49.709999084472656,13931,0.0,0.0,0.0
2023-08-18 13:30:00-04:00,49.73350143432617,49.79499816894531,49.69670104980469,49.77000045776367,5625,0.0,0.0,0.0
2023-08-18 14:30:00-04:00,49.79899978637695,49.79899978637695,49.709999084472656,49.7400016784668,7213,0.0,0.0,0.0
2023-08-18 15:30:00-04:00,49.74789810180664,49.768001556396484,49.72999954223633,49.72999954223633,1887,0.0,0.0,0.0
2023-08-21 09:30:00-04:00,49.77000045776367,49.900001525878906,49.689998626708984,49.689998626708984,0,0.0,0.0,0.0
2023-08-21 10:30:00-04:00,49.650001525878906,49.70759963989258,49.599998474121094,49.599998474121094,8613,0.0,0.0,0.0
2023-08-21 11:30:00-04:00,49.630001068115234,49.66999816894531,49.54999923706055,49.66999816894531,4281,0.0,0.0,0.0
2023-08-21 12:30:00-04:00,49.650001525878906,49.7599983215332,49.650001525878906,49.7599983215332,2512,0.0,0.0,0.0
2023-08-21 13:30:00-04:00,49.77000045776367,49.810001373291016,49.7599983215332,49.77000045776367,6272,0.0,0.0,0.0
2023-08-21 14:30:00-04:00,49.7599983215332,49.880001068115234,49.7599983215332,49.869998931884766,5296,0.0,0.0,0.0
2023-08-21 15:30:00-04:00,49.86000061035156,49.91999816894531,49.790000915527344,49.790000915527344,19264,0.0,0.0,0.0
2023-08-22 09:30:00-04:00,49.86000061035156,49.900001525878906,49.834999084472656,49.849998474121094,0,0.0,0.0,0.0
2023-08-22 10:30:00-04:00,49.849998474121094,49.86000061035156,49.79029846191406,49.86000061035156,3704,0.0,0.0,0.0
2023-08-22 11:30:00-04:00,49.869998931884766,49.869998931884766,49.790000915527344,49.790000915527344,1639,0.0,0.0,0.0
2023-08-22 12:30:00-04:00,49.81999969482422,49.89500045776367,49.7599983215332,49.80220031738281,6301,0.0,0.0,0.0
2023-08-22 13:30:00-04:00,49.810001373291016,49.81999969482422,49.76020050048828,49.81999969482422,4943,0.0,0.0,0.0
2023-08-22 14:30:00-04:00,49.86000061035156,49.90999984741211,49.79100036621094,49.83000183105469,5019,0.0,0.0,0.0
2023-08-22 15:30:00-04:00,49.779998779296875,49.81999969482422,49.749000549316406,49.79499816894531,6917,0.0,0.0,0.0
2023-08-23 09:30:00-04:00,49.880001068115234,50.08940124511719,49.880001068115234,50.064998626708984,0,0.0,0.0,0.0
2023-08-23 10:30:00-04:00,50.04999923706055,50.13999938964844,50.00149917602539,50.09000015258789,4573,0.0,0.0,0.0
2023-08-23 11:30:00-04:00,50.09000015258789,50.132999420166016,50.04999923706055,50.119998931884766,5704,0.0,0.0,0.0
2023-08-23 12:30:00-04:00,50.119998931884766,50.25,50.115501403808594,50.25,6130,0.0,0.0,0.0
2023-08-23 13:30:00-04:00,50.27000045776367,50.275001525878906,50.19499969482422,50.19499969482422,6039,0.0,0.0,0.0
2023-08-23 14:30:00-04:00,50.189998626708984,50.224998474121094,50.13999938964844,50.220001220703125,5429,0.0,0.0,0.0
2023-08-23 15:30:00-04:00,50.186798095703125,50.244998931884766,50.150001525878906,50.150001525878906,0,0.0,0.0,0.0
2023-08-24 09:30:00-04:00,50.209999084472656,50.27000045776367,50.20000076293945,50.20000076293945,4345,0.0,0.0,0.0
2023-08-24 10:30:00-04:00,50.154998779296875,50.154998779296875,50.01649856567383,50.040000915527344,13830,0.0,0.0,0.0
2023-08-24 11:30:00-04:00,50.0,50.0099983215332,49.96760177612305,49.9900016784668,3695,0.0,0.0,0.0
2023-08-24 12:30:00-04:00,49.96099853515625,50.019901275634766,49.90999984741211,49.91299819946289,1841,0.0,0.0,0.0
2023-08-24 13:30:00-04:00,49.869998931884766,49.869998931884766,49.81100082397461,49.81100082397461,1277,0.0,0.0,0.0
2023-08-24 14:30:00-04:00,49.86579895019531,49.88999938964844,49.83470153808594,49.88999938964844,5149,0.0,0.0,0.0
2023-08-24 15:30:00-04:00,49.8650016784668,49.8650016784668,49.70000076293945,49.70000076293945,0,0.0,0.0,0.0
2023-08-25 09:30:00-04:00,49.84000015258789,50.040000915527344,49.7599983215332,49.7599983215332,4104,0.0,0.0,0.0
2023-08-25 10:30:00-04:00,49.790000915527344,49.91999816894531,49.66130065917969,49.91999816894531,17884,0.0,0.0,0.0
2023-08-25 11:30:00-04:00,49.95000076293945,49.95000076293945,49.88100051879883,49.94660186767578,1982,0.0,0.0,0.0
2023-08-25 12:30:00-04:00,49.970001220703125,49.970001220703125,49.94850158691406,49.94850158691406,1435,0.0,0.0,0.0
2023-08-25 13:30:00-04:00,49.876800537109375,50.084999084472656,49.876800537109375,50.084999084472656,2357,0.0,0.0,0.0
2023-08-25 14:30:00-04:00,50.11000061035156,50.18050003051758,50.11000061035156,50.18050003051758,1497,0.0,0.0,0.0
2023-08-25 15:30:00-04:00,50.13840103149414,50.13840103149414,50.06999969482422,50.095001220703125,2665,0.0,0.0,0.0
2023-08-28 09:30:00-04:00,50.22999954223633,50.39899826049805,50.220001220703125,50.369998931884766,0,0.0,0.0,0.0
2023-08-28 10:30:00-04:00,50.36000061035156,50.36000061035156,50.209999084472656,50.209999084472656,1374,0.0,0.0,0.0
2023-08-28 11:30:00-04:00,50.20000076293945,50.255001068115234,50.20000076293945,50.25,12704,0.0,0.0,0.0
2023-08-28 12:30:00-04:00,50.2338981628418,50.375,50.20000076293945,50.375,6654,0.0,0.0,0.0
2023-08-28 13:30:00-04:00,50.32500076293945,50.32500076293945,50.1150016784668,50.13999938964844,7599,0.0,0.0,0.0
2023-08-28 14:30:00-04:00,50.130001068115234,50.2400016784668,50.130001068115234,50.22999954223633,4280,0.0,0.0,0.0
2023-08-28 15:30:00-04:00,50.22999954223633,50.33000183105469,50.220001220703125,50.27000045776367,5530,0.0,0.0,0.0
2023-08-29 09:30:00-04:00,50.290000915527344,50.53499984741211,50.290000915527344,50.53499984741211,0,0.0,0.0,0.0
2023-08-29 10:30:00-04:00,50.5099983215332,50.5099983215332,50.429901123046875,50.47999954223633,2141,0.0,0.0,0.0
2023-08-29 11:30:00-04:00,50.58000183105469,50.63990020751953,50.58000183105469,50.625301361083984,1040,0.0,0.0,0.0
2023-08-29 12:30:00-04:00,50.689998626708984,50.689998626708984,50.60499954223633,50.64500045776367,8266,0.0,0.0,0.0
2023-08-29 13:30:00-04:00,50.68009948730469,50.685001373291016,50.61000061035156,50.64500045776367,2539,0.0,0.0,0.0
2023-08-29 14:30:00-04:00,50.67919921875,50.76900100708008,50.650001525878906,50.76649856567383,14964,0.0,0.0,0.0
2023-08-29 15:30:00-04:00,50.77000045776367,50.79999923706055,50.72999954223633,50.75,5038,0.0,0.0,0.0
2023-08-30 09:30:00-04:00,50.83000183105469,51.04869842529297,50.83000183105469,50.849998474121094,5807,0.0,0.0,0.0
2023-08-30 10:30:00-04:00,50.869998931884766,50.90999984741211,50.845001220703125,50.86000061035156,3565,0.0,0.0,0.0
2023-08-30 11:30:00-04:00,50.93220138549805,50.970001220703125,50.93000030517578,50.95500183105469,2697,0.0,0.0,0.0
2023-08-30 12:30:00-04:00,50.95500183105469,50.97999954223633,50.94490051269531,50.95000076293945,12510,0.0,0.0,0.0
2023-08-30 13:30:00-04:00,50.959999084472656,50.959999084472656,50.900001525878906,50.900001525878906,2972,0.0,0.0,0.0
2023-08-30 14:30:00-04:00,50.90800094604492,51.0,50.904998779296875,50.9900016784668,4333,0.0,0.0,0.0
2023-08-30 15:30:00-04:00,50.94260025024414,50.97999954223633,50.93000030517578,50.97999954223633,3661,0.0,0.0,0.0
2023-08-31 09:30:00-04:00,51.0099983215332,51.03900146484375,50.95000076293945,51.02000045776367,6066,0.0,0.0,0.0
2023-08-31 10:30:00-04:00,51.02000045776367,51.02000045776367,50.91999816894531,50.91999816894531,4186,0.0,0.0,0.0
2023-08-31 11:30:00-04:00,50.959999084472656,50.98899841308594,50.900001525878906,50.917301177978516,8641,0.0,0.0,0.0
2023-08-31 12:30:00-04:00,50.93000030517578,50.95500183105469,50.8650016784668,50.95500183105469,9044,0.0,0.0,0.0
2023-08-31 13:30:00-04:00,50.96500015258789,50.97999954223633,50.91999816894531,50.974998474121094,4230,0.0,0.0,0.0
2023-08-31 14:30:00-04:00,50.970001220703125,50.970001220703125,50.81999969482422,50.8568000793457,3699,0.0,0.0,0.0
2023-08-31 15:30:00-04:00,50.849998474121094,50.869998931884766,50.75,50.75,7475,0.0,0.0,0.0
2023-09-01 09:30:00-04:00,51.04999923706055,51.06999969482422,50.90890121459961,51.059200286865234,0,0.0,0.0,0.0
2023-09-01 10:30:00-04:00,50.994300842285156,50.994300842285156,50.8650016784668,50.875,8099,0.0,0.0,0.0
2023-09-01 11:30:00-04:00,50.849998474121094,50.849998474121094,50.7599983215332,50.83290100097656,1201,0.0,0.0,0.0
2023-09-01 12:30:00-04:00,50.83000183105469,50.85499954223633,50.79999923706055,50.833900451660156,8686,0.0,0.0,0.0
2023-09-01 13:30:00-04:00,50.84000015258789,50.84000015258789,50.79499816894531,50.79499816894531,835,0.0,0.0,0.0
2023-09-01 14:30:00-04:00,50.79999923706055,50.900001525878906,50.77000045776367,50.900001525878906,16063,0.0,0.0,0.0
2023-09-01 15:30:00-04:00,50.93000030517578,50.93000030517578,50.8650016784668,50.91709899902344,12298,0.0,0.0,0.0
2023-09-05 09:30:00-04:00,50.91999816894531,50.91999816894531,50.66999816894531,50.725399017333984,4809,0.0,0.0,0.0
2023-09-05 10:30:00-04:00,50.66999816894531,50.83000183105469,50.66999816894531,50.779998779296875,3640,0.0,0.0,0.0
2023-09-05 11:30:00-04:00,50.779998779296875,50.79999923706055,50.7400016784668,50.779998779296875,3462,0.0,0.0,0.0
2023-09-05 12:30:00-04:00,50.77000045776367,50.77000045776367,50.615699768066406,50.66999816894531,3115,0.0,0.0,0.0
2023-09-05 13:30:00-04:00,50.63999938964844,50.689998626708984,50.619998931884766,50.689998626708984,4785,0.0,0.0,0.0
2023-09-05 14:30:00-04:00,50.709999084472656,50.720001220703125,50.625,50.65999984741211,8137,0.0,0.0,0.0
2023-09-05 15:30:00-04:00,50.65999984741211,50.709999084472656,50.52000045776367,50.59000015258789,5067,0.0,0.0,0.0
2023-09-06 09:30:00-04:00,50.459999084472656,50.459999084472656,50.314998626708984,50.314998626708984,5401,0.0,0.0,0.0
2023-09-06 10:30:00-04:00,50.339900970458984,50.339900970458984,50.21500015258789,50.220001220703125,2419,0.0,0.0,0.0
2023-09-06 11:30:00-04:00,50.244998931884766,50.26499938964844,50.20100021362305,50.20100021362305,13337,0.0,0.0,0.0
2023-09-06 12:30:00-04:00,50.1349983215332,50.16999816894531,50.1150016784668,50.119998931884766,3536,0.0,0.0,0.0
2023-09-06 13:30:00-04:00,50.15999984741211,50.220001220703125,50.150001525878906,50.18000030517578,5370,0.0,0.0,0.0
2023-09-06 14:30:00-04:00,50.216800689697266,50.22999954223633,50.175201416015625,50.21500015258789,10641,0.0,0.0,0.0
2023-09-06 15:30:00-04:00,50.18000030517578,50.27000045776367,50.18000030517578,50.2400016784668,6939,0.0,0.0,0.0
2023-09-07 09:30:00-04:00,50.040000915527344,50.18000030517578,50.040000915527344,50.1260986328125,2609,0.0,0.0,0.0
2023-09-07 10:30:00-04:00,50.08599853515625,50.25,50.08599853515625,50.24639892578125,6689,0.0,0.0,0.0
2023-09-07 11:30:00-04:00,50.279998779296875,50.34000015258789,50.22679901123047,50.34000015258789,10465,0.0,0.0,0.0
2023-09-07 12:30:00-04:00,50.30929946899414,50.30929946899414,50.30929946899414,50.30929946899414,2640,0.0,0.0,0.0
2023-09-07 13:30:00-04:00,50.310001373291016,50.310001373291016,50.25,50.25,1117,0.0,0.0,0.0
2023-09-07 14:30:00-04:00,50.19499969482422,50.22999954223633,50.19499969482422,50.22999954223633,1009,0.0,0.0,0.0
2023-09-07 15:30:00-04:00,50.25,50.29999923706055,50.18000030517578,50.22999954223633,6854,0.0,0.0,0.0
2023-09-08 09:30:00-04:00,50.27000045776367,50.459999084472656,50.27000045776367,50.45000076293945,2320,0.0,0.0,0.0
2023-09-08 10:30:00-04:00,50.45000076293945,50.459999084472656,50.40999984741211,50.459999084472656,2909,0.0,0.0,0.0
2023-09-08 11:30:00-04:00,50.459999084472656,50.47999954223633,50.3650016784668,50.38999938964844,2067,0.0,0.0,0.0
2023-09-08 12:30:00-04:00,50.400001525878906,50.43000030517578,50.349998474121094,50.349998474121094,18453,0.0,0.0,0.0
2023-09-08 13:30:00-04:00,50.34199905395508,50.38999938964844,50.294498443603516,50.3125,5499,0.0,0.0,0.0
2023-09-08 14:30:00-04:00,50.310001373291016,50.31999969482422,50.2599983215332,50.2599983215332,7893,0.0,0.0,0.0
2023-09-08 15:30:00-04:00,50.290000915527344,50.31999969482422,50.275001525878906,50.310001373291016,4032,0.0,0.0,0.0
2023-09-11 09:30:00-04:00,50.4900016784668,50.4900016784668,50.439998626708984,50.455501556396484,2322,0.0,0.0,0.0
2023-09-11 10:30:00-04:00,50.45000076293945,50.45000076293945,50.34000015258789,50.400001525878906,5262,0.0,0.0,0.0
2023-09-11 11:30:00-04:00,50.39500045776367,50.5099983215332,50.38999938964844,50.4900016784668,5937,0.0,0.0,0.0
2023-09-11 12:30:00-04:00,50.47999954223633,50.54999923706055,50.470001220703125,50.54999923706055,8417,0.0,0.0,0.0
2023-09-11 13:30:00-04:00,50.525001525878906,50.529998779296875,50.4900016784668,50.52000045776367,4632,0.0,0.0,0.0
2023-09-11 14:30:00-04:00,50.54999923706055,50.54999923706055,50.470001220703125,50.52000045776367,9233,0.0,0.0,0.0
2023-09-11 15:30:00-04:00,50.47999954223633,50.5099983215332,50.467899322509766,50.5,7568,0.0,0.0,0.0
2023-09-12 09:30:00-04:00,50.369998931884766,50.375,50.21419906616211,50.21419906616211,4190,0.0,0.0,0.0
2023-09-12 10:30:00-04:00,50.25210189819336,50.30970001220703,50.2400016784668,50.26499938964844,8358,0.0,0.0,0.0
2023-09-12 11:30:00-04:00,50.308101654052734,50.348899841308594,50.279998779296875,50.348899841308594,16397,0.0,0.0,0.0
2023-09-12 12:30:00-04:00,50.2781982421875,50.40999984741211,50.2781982421875,50.40999984741211,4361,0.0,0.0,0.0
2023-09-12 13:30:00-04:00,50.380001068115234,50.380001068115234,50.30500030517578,50.30500030517578,1491,0.0,0.0,0.0
2023-09-12 14:30:00-04:00,50.290000915527344,50.290000915527344,50.172298431396484,50.172298431396484,6870,0.0,0.0,0.0
2023-09-12 15:30:00-04:00,50.18000030517578,50.2599983215332,50.18000030517578,50.209999084472656,93360,0.0,0.0,0.0
2023-09-13 09:30:00-04:00,50.22999954223633,50.31999969482422,50.16999816894531,50.16999816894531,0,0.0,0.0,0.0
2023-09-13 10:30:00-04:00,50.2599983215332,50.31999969482422,50.2599983215332,50.27000045776367,4015,0.0,0.0,0.0
2023-09-13 11:30:00-04:00,50.32400131225586,50.369998931884766,50.290000915527344,50.369998931884766,14418,0.0,0.0,0.0
2023-09-13 12:30:00-04:00,50.36000061035156,50.369998931884766,50.279998779296875,50.345001220703125,15877,0.0,0.0,0.0
2023-09-13 13:30:00-04:00,50.345001220703125,50.38999938964844,50.34000015258789,50.380001068115234,6204,0.0,0.0,0.0
2023-09-13 14:30:00-04:00,50.380001068115234,50.380001068115234,50.189998626708984,50.2400016784668,13805,0.0,0.0,0.0
2023-09-13 15:30:00-04:00,50.2400016784668,50.29999923706055,50.2400016784668,50.290000915527344,2472,0.0,0.0,0.0
2023-09-14 09:30:00-04:00,50.540000915527344,50.540000915527344,50.474998474121094,50.494998931884766,0,0.0,0.0,0.0
2023-09-14 10:30:00-04:00,50.529998779296875,50.59000015258789,50.52000045776367,50.59000015258789,6931,0.0,0.0,0.0
2023-09-14 11:30:00-04:00,50.560001373291016,50.67879867553711,50.560001373291016,50.67879867553711,2183,0.0,0.0,0.0
2023-09-14 12:30:00-04:00,50.685001373291016,50.720001220703125,50.68009948730469,50.69499969482422,5179,0.0,0.0,0.0
2023-09-14 13:30:00-04:00,50.70500183105469,50.70500183105469,50.65999984741211,50.668399810791016,2365,0.0,0.0,0.0
2023-09-14 14:30:00-04:00,50.68000030517578,50.72370147705078,50.68000030517578,50.709999084472656,2165,0.0,0.0,0.0
2023-09-14 15:30:00-04:00,50.69499969482422,50.709999084472656,50.66999816894531,50.66999816894531,0,0.0,0.0,0.0
2023-09-15 09:30:00-04:00,50.459999084472656,50.459999084472656,50.354698181152344,50.35499954223633,1556,0.0,0.0,0.0
2023-09-15 10:30:00-04:00,50.334999084472656,50.349998474121094,50.209999084472656,50.209999084472656,6537,0.0,0.0,0.0
2023-09-15 11:30:00-04:00,50.25090026855469,50.279998779296875,50.22529983520508,50.27000045776367,7795,0.0,0.0,0.0
2023-09-15 12:30:00-04:00,50.236000061035156,50.27000045776367,50.099998474121094,50.099998474121094,4209,0.0,0.0,0.0
2023-09-15 13:30:00-04:00,50.08000183105469,50.165000915527344,50.08000183105469,50.09000015258789,3689,0.0,0.0,0.0
2023-09-15 14:30:00-04:00,50.08000183105469,50.15999984741211,50.08000183105469,50.119998931884766,6281,0.0,0.0,0.0
2023-09-15 15:30:00-04:00,50.11000061035156,50.11000061035156,50.0099983215332,50.0099983215332,6596,0.0,0.0,0.0
2023-09-18 09:30:00-04:00,50.040000915527344,50.13999938964844,50.040000915527344,50.119998931884766,2527,0.0,0.0,0.0
2023-09-18 10:30:00-04:00,50.1510009765625,50.209999084472656,50.130001068115234,50.209999084472656,1902,0.0,0.0,0.0
2023-09-18 11:30:00-04:00,50.2599983215332,50.29999923706055,50.244998931884766,50.290000915527344,16414,0.0,0.0,0.0
2023-09-18 12:30:00-04:00,50.310001373291016,50.310001373291016,50.25230026245117,50.290000915527344,5554,0.0,0.0,0.0
2023-09-18 13:30:00-04:00,50.29999923706055,50.310001373291016,50.2400016784668,50.2400016784668,6291,0.0,0.0,0.0
2023-09-18 14:30:00-04:00,50.2400016784668,50.25,50.16400146484375,50.16999816894531,4857,0.0,0.0,0.0
2023-09-18 15:30:00-04:00,50.16999816894531,50.189998626708984,50.14500045776367,50.189998626708984,4338,0.0,0.0,0.0
2023-09-19 09:30:00-04:00,50.09000015258789,50.15129852294922,49.9995002746582,50.01179885864258,5979,0.0,0.0,0.0
2023-09-19 10:30:00-04:00,50.02000045776367,50.02000045776367,49.959999084472656,49.959999084472656,7156,0.0,0.0,0.0
2023-09-19 11:30:00-04:00,50.0,50.0,49.95000076293945,49.959999084472656,7691,0.0,0.0,0.0
2023-09-19 12:30:00-04:00,49.959999084472656,49.959999084472656,49.900001525878906,49.959999084472656,6203,0.0,0.0,0.0
2023-09-19 13:30:00-04:00,50.0099983215332,50.099998474121094,50.0099983215332,50.09000015258789,1806,0.0,0.0,0.0
2023-09-19 14:30:00-04:00,50.119998931884766,50.19020080566406,50.0974006652832,50.0974006652832,8578,0.0,0.0,0.0
2023-09-19 15:30:00-04:00,50.13999938964844,50.20000076293945,50.119998931884766,50.119998931884766,0,0.0,0.0,0.0
2023-09-20 09:30:00-04:00,50.27000045776367,50.27000045776367,50.220001220703125,50.25,1822,0.0,0.0,0.0
2023-09-20 10:30:00-04:00,50.279998779296875,50.33000183105469,50.275001525878906,50.29570007324219,6803,0.0,0.0,0.0
2023-09-20 11:30:00-04:00,50.30659866333008,50.34000015258789,50.27000045776367,50.34000015258789,5081,0.0,0.0,0.0
2023-09-20 12:30:00-04:00,50.35419845581055,50.38999938964844,50.33000183105469,50.380001068115234,32056,0.0,0.0,0.0
2023-09-20 13:30:00-04:00,50.349998474121094,50.38999938964844,50.17499923706055,50.202301025390625,14464,0.0,0.0,0.0
2023-09-20 14:30:00-04:00,50.2400016784668,50.29999923706055,50.04999923706055,50.04999923706055,19462,0.0,0.0,0.0
2023-09-20 15:30:00-04:00,50.079898834228516,50.09000015258789,49.92919921875,49.939998626708984,15189,0.0,0.0,0.0
2023-09-21 09:30:00-04:00,49.75,49.75,49.59379959106445,49.63249969482422,4541,0.0,0.0,0.0
2023-09-21 10:30:00-04:00,49.59000015258789,49.59000015258789,49.5,49.50080108642578,5293,0.0,0.0,0.0
2023-09-21 11:30:00-04:00,49.564998626708984,49.57720184326172,49.470001220703125,49.5,13598,0.0,0.0,0.0
2023-09-21 12:30:00-04:00,49.48500061035156,49.54999923706055,49.470001220703125,49.54999923706055,9567,0.0,0.0,0.0
2023-09-21 13:30:00-04:00,49.59000015258789,49.59000015258789,49.52000045776367,49.52000045776367,452,0.0,0.0,0.0
2023-09-21 14:30:00-04:00,49.470001220703125,49.5099983215332,49.400001525878906,49.40079879760742,15335,0.0,0.0,0.0
2023-09-21 15:30:00-04:00,49.349998474121094,49.349998474121094,49.25,49.27000045776367,2870,0.0,0.0,0.0
2023-09-22 09:30:00-04:00,49.33000183105469,49.380001068115234,49.29999923706055,49.380001068115234,2403,0.0,0.0,0.0
2023-09-22 10:30:00-04:00,49.41600036621094,49.459999084472656,49.41600036621094,49.435001373291016,4734,0.0,0.0,0.0
2023-09-22 11:30:00-04:00,49.459999084472656,49.5,49.40999984741211,49.40999984741211,43945,0.0,0.0,0.0
2023-09-22 12:30:00-04:00,49.5,49.52000045776367,49.4390983581543,49.4390983581543,4770,0.0,0.0,0.0
2023-09-22 13:30:00-04:00,49.310001373291016,49.34000015258789,49.29999923706055,49.29999923706055,1148,0.0,0.0,0.0
2023-09-22 14:30:00-04:00,49.25960159301758,49.45000076293945,49.22999954223633,49.43000030517578,6379,0.0,0.0,0.0
2023-09-22 15:30:00-04:00,49.31999969482422,49.31999969482422,49.18000030517578,49.220001220703125,743,0.0,0.0,0.0
2023-09-25 09:30:00-04:00,49.029998779296875,49.13999938964844,49.029998779296875,49.060001373291016,8895,0.0,0.0,0.0
2023-09-25 10:30:00-04:00,49.09000015258789,49.2400016784668,49.082801818847656,49.224998474121094,5383,0.0,0.0,0.0
2023-09-25 11:30:00-04:00,49.209999084472656,49.310001373291016,49.209999084472656,49.310001373291016,16417,0.0,0.0,0.0
2023-09-25 12:30:00-04:00,49.310001373291016,49.310001373291016,49.18000030517578,49.189998626708984,39242,0.0,0.0,0.0
2023-09-25 13:30:00-04:00,49.18000030517578,49.2599983215332,49.15879821777344,49.209999084472656,6958,0.0,0.0,0.0
2023-09-25 14:30:00-04:00,49.189998626708984,49.25,49.099998474121094,49.16999816894531,9484,0.0,0.0,0.0
2023-09-25 15:30:00-04:00,49.220001220703125,49.29999923706055,49.18000030517578,49.29999923706055,5825,0.0,0.0,0.0
2023-09-26 09:30:00-04:00,49.029998779296875,49.029998779296875,48.77000045776367,48.810001373291016,2932,0.0,0.0,0.0
2023-09-26 10:30:00-04:00,48.810001373291016,48.81999969482422,48.76380157470703,48.76380157470703,4959,0.0,0.0,0.0
2023-09-26 11:30:00-04:00,48.75,48.83000183105469,48.75,48.83000183105469,24689,0.0,0.0,0.0
2023-09-26 12:30:00-04:00,48.810001373291016,48.88999938964844,48.779998779296875,48.81999969482422,8824,0.0,0.0,0.0
2023-09-26 13:30:00-04:00,48.81520080566406,48.81520080566406,48.709999084472656,48.72140121459961,8564,0.0,0.0,0.0
2023-09-26 14:30:00-04:00,48.720001220703125,48.72999954223633,48.625,48.650001525878906,11313,0.0,0.0,0.0
2023-09-26 15:30:00-04:00,48.64350128173828,48.739498138427734,48.630001068115234,48.720001220703125,7922,0.0,0.0,0.0
2023-09-27 09:30:00-04:00,48.79999923706055,48.79999923706055,48.68000030517578,48.7400016784668,2794,0.0,0.0,0.0
2023-09-27 10:30:00-04:00,48.71500015258789,48.720001220703125,48.59000015258789,48.63019943237305,1192,0.0,0.0,0.0
2023-09-27 11:30:00-04:00,48.65999984741211,48.65999984741211,48.45000076293945,48.459999084472656,4923,0.0,0.0,0.0
2023-09-27 12:30:00-04:00,48.5,48.54999923706055,48.38999938964844,48.38999938964844,53586,0.0,0.0,0.0
2023-09-27 13:30:00-04:00,48.36000061035156,48.51599884033203,48.331298828125,48.51599884033203,8491,0.0,0.0,0.0
2023-09-27 14:30:00-04:00,48.509700775146484,48.79999923706055,48.509700775146484,48.73500061035156,13714,0.0,0.0,0.0
2023-09-27 15:30:00-04:00,48.70000076293945,48.711700439453125,48.560001373291016,48.68000030517578,6486,0.0,0.0,0.0
2023-09-28 09:30:00-04:00,48.61000061035156,48.7843017578125,48.61000061035156,48.7843017578125,0,0.0,0.0,0.0
2023-09-28 10:30:00-04:00,48.65999984741211,48.790000915527344,48.65999984741211,48.7599983215332,2042,0.0,0.0,0.0
2023-09-28 11:30:00-04:00,48.849998474121094,48.88999938964844,48.849998474121094,48.8849983215332,1223,0.0,0.0,0.0
2023-09-28 12:30:00-04:00,48.91999816894531,48.970001220703125,48.810001373291016,48.810001373291016,84851,0.0,0.0,0.0
2023-09-28 13:30:00-04:00,48.79999923706055,48.869998931884766,48.7599983215332,48.86000061035156,17012,0.0,0.0,0.0
2023-09-28 14:30:00-04:00,48.849998474121094,48.939998626708984,48.744998931884766,48.939998626708984,21174,0.0,0.0,0.0
2023-09-28 15:30:00-04:00,48.900001525878906,48.900001525878906,48.78499984741211,48.83000183105469,4099,0.0,0.0,0.0
2023-09-29 09:30:00-04:00,49.08000183105469,49.08000183105469,48.93000030517578,48.970001220703125,0,0.0,0.0,0.0
2023-09-29 10:30:00-04:00,48.98680114746094,48.99530029296875,48.86000061035156,48.99530029296875,10999,0.0,0.0,0.0
2023-09-29 11:30:00-04:00,48.849998474121094,48.849998474121094,48.720001220703125,48.72999954223633,5130,0.0,0.0,0.0
2023-09-29 12:30:00-04:00,48.679901123046875,48.679901123046875,48.542301177978516,48.630001068115234,25450,0.0,0.0,0.0
2023-09-29 13:30:00-04:00,48.599998474121094,48.630001068115234,48.47999954223633,48.599998474121094,21227,0.0,0.0,0.0
2023-09-29 14:30:00-04:00,48.52000045776367,48.70000076293945,48.5,48.619998931884766,11632,0.0,0.0,0.0
2023-09-29 15:30:00-04:00,48.630001068115234,48.75,48.560001373291016,48.619998931884766,5547,0.0,0.0,0.0
2023-10-02 09:30:00-04:00,48.5,48.54999923706055,48.43000030517578,48.54999923706055,4814,0.0,0.0,0.0
2023-10-02 10:30:00-04:00,48.43949890136719,48.58000183105469,48.400001525878906,48.56060028076172,1877,0.0,0.0,0.0
2023-10-02 11:30:00-04:00,48.53810119628906,48.53810119628906,48.2599983215332,48.290000915527344,70339,0.0,0.0,0.0
2023-10-02 12:30:00-04:00,48.2599983215332,48.29999923706055,48.15999984741211,48.29999923706055,6263,0.0,0.0,0.0
2023-10-02 13:30:00-04:00,48.310001373291016,48.439998626708984,48.279998779296875,48.290000915527344,5015,0.0,0.0,0.0
2023-10-02 14:30:00-04:00,48.2599983215332,48.369998931884766,48.22999954223633,48.369998931884766,17163,0.0,0.0,0.0
2023-10-02 15:30:00-04:00,48.36000061035156,48.5099983215332,48.36000061035156,48.4900016784668,4828,0.0,0.0,0.0
2023-10-03 09:30:00-04:00,48.290000915527344,48.45000076293945,48.11750030517578,48.149898529052734,12256,0.0,0.0,0.0
2023-10-03 10:30:00-04:00,48.149898529052734,48.18000030517578,48.060001373291016,48.09000015258789,2147,0.0,0.0,0.0
2023-10-03 11:30:00-04:00,48.0,48.130001068115234,48.0,48.130001068115234,8239,0.0,0.0,0.0
2023-10-03 12:30:00-04:00,48.15999984741211,48.20000076293945,48.091400146484375,48.15999984741211,17449,0.0,0.0,0.0
2023-10-03 13:30:00-04:00,48.13999938964844,48.14459991455078,47.9900016784668,48.0,21697,0.0,0.0,0.0
2023-10-03 14:30:00-04:00,48.01499938964844,48.099998474121094,48.0,48.040000915527344,15255,0.0,0.0,0.0
2023-10-03 15:30:00-04:00,48.029998779296875,48.18000030517578,48.02000045776367,48.18000030517578,8194,0.0,0.0,0.0
2023-10-04 09:30:00-04:00,48.119998931884766,48.279998779296875,48.099998474121094,48.130001068115234,0,0.0,0.0,0.0
2023-10-04 10:30:00-04:00,48.040000915527344,48.266300201416016,48.040000915527344,48.266300201416016,6591,0.0,0.0,0.0
2023-10-04 11:30:00-04:00,48.2400016784668,48.380001068115234,48.18000030517578,48.369998931884766,5161,0.0,0.0,0.0
2023-10-04 12:30:00-04:00,48.36000061035156,48.36000061035156,48.2599983215332,48.2599983215332,16693,0.0,0.0,0.0
2023-10-04 13:30:00-04:00,48.26499938964844,48.26499938964844,48.1609992980957,48.220001220703125,16183,0.0,0.0,0.0
2023-10-04 14:30:00-04:00,48.22999954223633,48.45000076293945,48.209999084472656,48.41999816894531,25246,0.0,0.0,0.0
2023-10-04 15:30:00-04:00,48.459999084472656,48.5099983215332,48.459999084472656,48.459999084472656,9390,0.0,0.0,0.0
2023-10-05 09:30:00-04:00,48.380001068115234,48.459999084472656,48.31999969482422,48.41999816894531,0,0.0,0.0,0.0
2023-10-05 10:30:00-04:00,48.31999969482422,48.31999969482422,48.20000076293945,48.25,7192,0.0,0.0,0.0
2023-10-05 11:30:00-04:00,48.2666015625,48.36000061035156,48.2400016784668,48.36000061035156,26117,0.0,0.0,0.0
2023-10-05 12:30:00-04:00,48.34000015258789,48.36470031738281,48.25,48.302799224853516,5225,0.0,0.0,0.0
2023-10-05 13:30:00-04:00,48.3849983215332,48.44929885864258,48.380001068115234,48.41999816894531,6100,0.0,0.0,0.0
2023-10-05 14:30:00-04:00,48.49409866333008,48.51499938964844,48.459999084472656,48.459999084472656,4164,0.0,0.0,0.0
2023-10-05 15:30:00-04:00,48.47999954223633,48.495201110839844,48.43000030517578,48.43000030517578,6777,0.0,0.0,0.0
2023-10-06 09:30:00-04:00,48.29999923706055,48.29999923706055,48.16999816894531,48.220001220703125,0,0.0,0.0,0.0
2023-10-06 10:30:00-04:00,48.36000061035156,48.594398498535156,48.36000061035156,48.594398498535156,4945,0.0,0.0,0.0
2023-10-06 11:30:00-04:00,48.66999816894531,48.90999984741211,48.66999816894531,48.83000183105469,9818,0.0,0.0,0.0
2023-10-06 12:30:00-04:00,48.81999969482422,48.939998626708984,48.779998779296875,48.91999816894531,23196,0.0,0.0,0.0
2023-10-06 13:30:00-04:00,48.939998626708984,49.029998779296875,48.88999938964844,49.029998779296875,13791,0.0,0.0,0.0
2023-10-06 14:30:00-04:00,49.029998779296875,49.119998931884766,49.0,49.06999969482422,8406,0.0,0.0,0.0
2023-10-06 15:30:00-04:00,49.09000015258789,49.09000015258789,48.904998779296875,48.90999984741211,32814,0.0,0.0,0.0
2023-10-09 09:30:00-04:00,48.86000061035156,49.03990173339844,48.86000061035156,49.02000045776367,3099,0.0,0.0,0.0
2023-10-09 10:30:00-04:00,48.969398498535156,49.040000915527344,48.89789962768555,49.040000915527344,3817,0.0,0.0,0.0
2023-10-09 11:30:00-04:00,49.08000183105469,49.15999984741211,49.04999923706055,49.11000061035156,5711,0.0,0.0,0.0
2023-10-09 12:30:00-04:00,49.125,49.130001068115234,49.02000045776367,49.130001068115234,4929,0.0,0.0,0.0
2023-10-09 13:30:00-04:00,49.20000076293945,49.380001068115234,49.20000076293945,49.3406982421875,2855,0.0,0.0,0.0
2023-10-09 14:30:00-04:00,49.36000061035156,49.38999938964844,49.29999923706055,49.345001220703125,2883,0.0,0.0,0.0
2023-10-09 15:30:00-04:00,49.31999969482422,49.36000061035156,49.290000915527344,49.33000183105469,2002,0.0,0.0,0.0
2023-10-10 09:30:00-04:00,49.45000076293945,49.52000045776367,49.31999969482422,49.51499938964844,0,0.0,0.0,0.0
2023-10-10 10:30:00-04:00,49.5099983215332,49.644901275634766,49.47999954223633,49.639198303222656,11990,0.0,0.0,0.0
2023-10-10 11:30:00-04:00,49.650001525878906,49.720001220703125,49.63999938964844,49.720001220703125,14041,0.0,0.0,0.0
2023-10-10 12:30:00-04:00,49.72999954223633,49.72999954223633,49.52000045776367,49.54890060424805,38261,0.0,0.0,0.0
2023-10-10 13:30:00-04:00,49.56999969482422,49.58000183105469,49.459999084472656,49.5,14031,0.0,0.0,0.0
2023-10-10 14:30:00-04:00,49.5,49.560001373291016,49.40999984741211,49.459999084472656,14716,0.0,0.0,0.0
2023-10-10 15:30:00-04:00,49.4900016784668,49.51499938964844,49.43000030517578,49.459999084472656,4460,0.0,0.0,0.0
2023-10-11 09:30:00-04:00,49.58000183105469,49.65999984741211,49.45000076293945,49.45000076293945,0,0.0,0.0,0.0
2023-10-11 10:30:00-04:00,49.5,49.529998779296875,49.3849983215332,49.426300048828125,17544,0.0,0.0,0.0
2023-10-11 11:30:00-04:00,49.400001525878906,49.45000076293945,49.369998931884766,49.369998931884766,23190,0.0,0.0,0.0
2023-10-11 12:30:00-04:00,49.400001525878906,49.42430114746094,49.36000061035156,49.380001068115234,5556,0.0,0.0,0.0
2023-10-11 13:30:00-04:00,49.349998474121094,49.4900016784668,49.334999084472656,49.470001220703125,4064,0.0,0.0,0.0
2023-10-11 14:30:00-04:00,49.4900016784668,49.529998779296875,49.4900016784668,49.529998779296875,6502,0.0,0.0,0.0
2023-10-11 15:30:00-04:00,49.529998779296875,49.619998931884766,49.529998779296875,49.599998474121094,2004,0.0,0.0,0.0
2023-10-12 09:30:00-04:00,49.630001068115234,49.650001525878906,49.43000030517578,49.494998931884766,6300,0.0,0.0,0.0
2023-10-12 10:30:00-04:00,49.41999816894531,49.52000045776367,49.36000061035156,49.4900016784668,4401,0.0,0.0,0.0
2023-10-12 11:30:00-04:00,49.45159912109375,49.59000015258789,49.45000076293945,49.59000015258789,3065,0.0,0.0,0.0
2023-10-12 12:30:00-04:00,49.58000183105469,49.58000183105469,49.2599983215332,49.2599983215332,12724,0.0,0.0,0.0
2023-10-12 13:30:00-04:00,49.22999954223633,49.22999954223633,49.06999969482422,49.1349983215332,8050,0.0,0.0,0.0
2023-10-12 14:30:00-04:00,49.13999938964844,49.27000045776367,49.13999938964844,49.2400016784668,10350,0.0,0.0,0.0
2023-10-12 15:30:00-04:00,49.275001525878906,49.33000183105469,49.2599983215332,49.290000915527344,5052,0.0,0.0,0.0
2023-10-13 09:30:00-04:00,49.45000076293945,49.650001525878906,49.45000076293945,49.4900016784668,0,0.0,0.0,0.0
2023-10-13 10:30:00-04:00,49.470001220703125,49.470001220703125,49.270198822021484,49.29999923706055,3823,0.0,0.0,0.0
2023-10-13 11:30:00-04:00,49.31999969482422,49.43000030517578,49.22999954223633,49.43000030517578,10507,0.0,0.0,0.0
2023-10-13 12:30:00-04:00,49.45000076293945,49.470001220703125,49.209999084472656,49.209999084472656,6228,0.0,0.0,0.0
2023-10-13 13:30:00-04:00,49.20000076293945,49.38999938964844,49.18000030517578,49.368499755859375,10500,0.0,0.0,0.0
2023-10-13 14:30:00-04:00,49.36000061035156,49.40999984741211,49.27320098876953,49.31999969482422,8984,0.0,0.0,0.0
2023-10-13 15:30:00-04:00,49.345001220703125,49.380001068115234,49.2599983215332,49.369998931884766,4145,0.0,0.0,0.0
2023-10-16 09:30:00-04:00,49.529998779296875,49.702701568603516,49.529998779296875,49.702701568603516,0,0.0,0.0,0.0
2023-10-16 10:30:00-04:00,49.805198669433594,49.90999984741211,49.805198669433594,49.90999984741211,1386,0.0,0.0,0.0
2023-10-16 11:30:00-04:00,49.86000061035156,49.86000061035156,49.77000045776367,49.790000915527344,29117,0.0,0.0,0.0
2023-10-16 12:30:00-04:00,49.77000045776367,49.86000061035156,49.70000076293945,49.72999954223633,3040,0.0,0.0,0.0
2023-10-16 13:30:00-04:00,49.77000045776367,49.881099700927734,49.77000045776367,49.8036994934082,4797,0.0,0.0,0.0
2023-10-16 14:30:00-04:00,49.795101165771484,49.880001068115234,49.795101165771484,49.8650016784668,26898,0.0,0.0,0.0
2023-10-16 15:30:00-04:00,49.84000015258789,49.8650016784668,49.779998779296875,49.779998779296875,0,0.0,0.0,0.0
2023-10-17 09:30:00-04:00,49.59109878540039,49.720001220703125,49.59109878540039,49.720001220703125,4987,0.0,0.0,0.0
2023-10-17 10:30:00-04:00,49.765499114990234,49.814998626708984,49.72999954223633,49.814998626708984,5020,0.0,0.0,0.0
2023-10-17 11:30:00-04:00,49.84000015258789,50.0,49.84000015258789,50.0,10319,0.0,0.0,0.0
2023-10-17 12:30:00-04:00,50.0099983215332,50.0099983215332,49.84000015258789,49.86000061035156,3823,0.0,0.0,0.0
2023-10-17 13:30:00-04:00,49.8557014465332,49.86000061035156,49.70000076293945,49.7400016784668,2934,0.0,0.0,0.0
2023-10-17 14:30:00-04:00,49.72999954223633,49.77000045776367,49.68000030517578,49.7400016784668,5127,0.0,0.0,0.0
2023-10-17 15:30:00-04:00,49.75,49.86000061035156,49.709999084472656,49.86000061035156,4056,0.0,0.0,0.0
2023-10-18 09:30:00-04:00,49.779998779296875,49.900001525878906,49.77000045776367,49.900001525878906,0,0.0,0.0,0.0
2023-10-18 10:30:00-04:00,49.72999954223633,49.7400016784668,49.685001373291016,49.710899353027344,7352,0.0,0.0,0.0
2023-10-18 11:30:00-04:00,49.726200103759766,49.79779815673828,49.63999938964844,49.63999938964844,58455,0.0,0.0,0.0
2023-10-18 12:30:00-04:00,49.65999984741211,49.81999969482422,49.619998931884766,49.73759841918945,8238,0.0,0.0,0.0
2023-10-18 13:30:00-04:00,49.720001220703125,49.75,49.6150016784668,49.667999267578125,3258,0.0,0.0,0.0
2023-10-18 14:30:00-04:00,49.69179916381836,49.69179916381836,49.52000045776367,49.529998779296875,7384,0.0,0.0,0.0
2023-10-18 15:30:00-04:00,49.54999923706055,49.560001373291016,49.3745002746582,49.4900016784668,0,0.0,0.0,0.0
2023-10-19 09:30:00-04:00,49.56999969482422,49.56999969482422,49.349998474121094,49.349998474121094,5910,0.0,0.0,0.0
2023-10-19 10:30:00-04:00,49.25,49.327301025390625,49.227298736572266,49.327301025390625,8664,0.0,0.0,0.0
2023-10-19 11:30:00-04:00,49.3400993347168,49.599998474121094,49.3400993347168,49.4900016784668,6953,0.0,0.0,0.0
2023-10-19 12:30:00-04:00,49.220001220703125,49.65999984741211,49.20000076293945,49.619998931884766,75924,0.0,0.0,0.0
2023-10-19 13:30:00-04:00,49.630001068115234,49.630001068115234,49.349998474121094,49.39590072631836,31397,0.0,0.0,0.0
2023-10-19 14:30:00-04:00,49.34000015258789,49.34000015258789,49.130001068115234,49.13999938964844,10364,0.0,0.0,0.0
2023-10-19 15:30:00-04:00,49.154998779296875,49.22999954223633,49.060001373291016,49.150001525878906,6612,0.0,0.0,0.0
2023-10-20 09:30:00-04:00,49.11000061035156,49.171600341796875,48.88999938964844,48.90010070800781,7623,0.0,0.0,0.0
2023-10-20 10:30:00-04:00,48.88999938964844,48.900001525878906,48.834598541259766,48.85770034790039,3846,0.0,0.0,0.0
2023-10-20 11:30:00-04:00,48.79999923706055,48.904998779296875,48.79999923706055,48.904998779296875,1684,0.0,0.0,0.0
2023-10-20 12:30:00-04:00,48.919898986816406,48.9900016784668,48.869998931884766,48.92499923706055,9256,0.0,0.0,0.0
2023-10-20 13:30:00-04:00,48.915000915527344,48.970001220703125,48.83000183105469,48.83000183105469,21267,0.0,0.0,0.0
2023-10-20 14:30:00-04:00,48.810001373291016,48.869998931884766,48.7400016784668,48.790000915527344,19585,0.0,0.0,0.0
2023-10-20 15:30:00-04:00,48.79999923706055,48.80950164794922,48.66999816894531,48.66999816894531,7574,0.0,0.0,0.0
2023-10-23 09:30:00-04:00,48.529998779296875,48.59000015258789,48.369998931884766,48.56999969482422,7352,0.0,0.0,0.0
2023-10-23 10:30:00-04:00,48.579898834228516,48.654998779296875,48.47999954223633,48.63999938964844,8794,0.0,0.0,0.0
2023-10-23 11:30:00-04:00,48.65999984741211,48.65999984741211,48.65999984741211,48.65999984741211,334,0.0,0.0,0.0
2023-10-23 12:30:00-04:00,48.79069900512695,48.79069900512695,48.65999984741211,48.70000076293945,84852,0.0,0.0,0.0
2023-10-23 13:30:00-04:00,48.689998626708984,48.69369888305664,48.59000015258789,48.59000015258789,21869,0.0,0.0,0.0
2023-10-23 14:30:00-04:00,48.59000015258789,48.68980026245117,48.459999084472656,48.459999084472656,25544,0.0,0.0,0.0
2023-10-23 15:30:00-04:00,48.470001220703125,48.5098991394043,48.40999984741211,48.40999984741211,0,0.0,0.0,0.0
2023-10-24 09:30:00-04:00,48.59000015258789,48.76499938964844,48.59000015258789,48.75,3888,0.0,0.0,0.0
2023-10-24 10:30:00-04:00,48.80839920043945,48.83000183105469,48.71500015258789,48.720001220703125,6953,0.0,0.0,0.0
2023-10-24 11:30:00-04:00,48.67399978637695,48.70000076293945,48.529998779296875,48.529998779296875,3915,0.0,0.0,0.0
2023-10-24 12:30:00-04:00,48.5,48.59000015258789,48.5,48.59000015258789,6933,0.0,0.0,0.0
2023-10-24 13:30:00-04:00,48.619998931884766,48.68000030517578,48.56999969482422,48.68000030517578,30654,0.0,0.0,0.0
2023-10-24 14:30:00-04:00,48.68000030517578,48.79499816894531,48.68000030517578,48.783599853515625,13328,0.0,0.0,0.0
2023-10-24 15:30:00-04:00,48.78300094604492,48.7848014831543,48.75,48.77000045776367,4017,0.0,0.0,0.0
2023-10-25 09:30:00-04:00,48.599998474121094,48.6150016784668,48.439998626708984,48.459999084472656,7618,0.0,0.0,0.0
2023-10-25 10:30:00-04:00,48.43000030517578,48.68000030517578,48.43000030517578,48.66999816894531,4807,0.0,0.0,0.0
2023-10-25 11:30:00-04:00,48.650001525878906,48.650001525878906,48.540000915527344,48.560001373291016,2931,0.0,0.0,0.0
2023-10-25 12:30:00-04:00,48.55979919433594,48.572898864746094,48.47999954223633,48.47999954223633,3421,0.0,0.0,0.0
2023-10-25 13:30:00-04:00,48.43000030517578,48.5099983215332,48.38999938964844,48.445899963378906,26022,0.0,0.0,0.0
2023-10-25 14:30:00-04:00,48.45000076293945,48.52000045776367,48.38999938964844,48.4900016784668,12026,0.0,0.0,0.0
2023-10-25 15:30:00-04:00,48.5,48.540000915527344,48.45000076293945,48.459999084472656,10654,0.0,0.0,0.0
2023-10-26 09:30:00-04:00,48.310001373291016,48.43000030517578,48.27280044555664,48.369998931884766,0,0.0,0.0,0.0
2023-10-26 10:30:00-04:00,48.34000015258789,48.43000030517578,48.19499969482422,48.279998779296875,23491,0.0,0.0,0.0
2023-10-26 11:30:00-04:00,48.255001068115234,48.29169845581055,48.130001068115234,48.130001068115234,2941,0.0,0.0,0.0
2023-10-26 12:30:00-04:00,48.169700622558594,48.169700622558594,48.04999923706055,48.09000015258789,2718,0.0,0.0,0.0
2023-10-26 13:30:00-04:00,48.09000015258789,48.18000030517578,48.09000015258789,48.17689895629883,2290,0.0,0.0,0.0
2023-10-26 14:30:00-04:00,48.18000030517578,48.34000015258789,48.150001525878906,48.150001525878906,112271,0.0,0.0,0.0
2023-10-26 15:30:00-04:00,48.13999938964844,48.15999984741211,48.0,48.0099983215332,10925,0.0,0.0,0.0
2023-10-27 09:30:00-04:00,48.0,48.0,47.79999923706055,47.80009841918945,5651,0.0,0.0,0.0
2023-10-27 10:30:00-04:00,47.81999969482422,47.94499969482422,47.72159957885742,47.88999938964844,2824,0.0,0.0,0.0
2023-10-27 11:30:00-04:00,47.810001373291016,47.810001373291016,47.68989944458008,47.68989944458008,4387,0.0,0.0,0.0
2023-10-27 12:30:00-04:00,47.68000030517578,47.7135009765625,47.467899322509766,47.5099983215332,8245,0.0,0.0,0.0
2023-10-27 13:30:00-04:00,47.53499984741211,47.560001373291016,47.470001220703125,47.518699645996094,5106,0.0,0.0,0.0
2023-10-27 14:30:00-04:00,47.45500183105469,47.56999969482422,47.4099006652832,47.41999816894531,76551,0.0,0.0,0.0
2023-10-27 15:30:00-04:00,47.53120040893555,47.54999923706055,47.412498474121094,47.54999923706055,6958,0.0,0.0,0.0
2023-10-30 09:30:00-04:00,47.77000045776367,47.9900016784668,47.77000045776367,47.834999084472656,3582,0.0,0.0,0.0
2023-10-30 10:30:00-04:00,47.810001373291016,47.93000030517578,47.779998779296875,47.84339904785156,7107,0.0,0.0,0.0
2023-10-30 11:30:00-04:00,47.91999816894531,47.97639846801758,47.849998474121094,47.95000076293945,8286,0.0,0.0,0.0
2023-10-30 12:30:00-04:00,47.95000076293945,48.06999969482422,47.86000061035156,48.06999969482422,3687,0.0,0.0,0.0
2023-10-30 13:30:00-04:00,48.130001068115234,48.130001068115234,48.03499984741211,48.09000015258789,247698,0.0,0.0,0.0
2023-10-30 14:30:00-04:00,48.09000015258789,48.20220184326172,48.09000015258789,48.15999984741211,40594,0.0,0.0,0.0
2023-10-30 15:30:00-04:00,48.150001525878906,48.189998626708984,48.119998931884766,48.119998931884766,15709,0.0,0.0,0.0
2023-10-31 09:30:00-04:00,48.16999816894531,48.2400016784668,48.060001373291016,48.18980026245117,0,0.0,0.0,0.0
2023-10-31 10:30:00-04:00,48.18000030517578,48.25,48.150001525878906,48.16999816894531,4954,0.0,0.0,0.0
2023-10-31 11:30:00-04:00,48.20000076293945,48.220001220703125,48.13010025024414,48.20000076293945,5527,0.0,0.0,0.0
2023-10-31 12:30:00-04:00,48.2400016784668,48.33000183105469,48.18000030517578,48.29999923706055,5644,0.0,0.0,0.0
2023-10-31 13:30:00-04:00,48.31999969482422,48.400001525878906,48.31999969482422,48.31999969482422,126729,0.0,0.0,0.0
2023-10-31 14:30:00-04:00,48.31999969482422,48.43000030517578,48.314998626708984,48.400001525878906,10718,0.0,0.0,0.0
2023-10-31 15:30:00-04:00,48.400001525878906,48.439998626708984,48.34000015258789,48.439998626708984,0,0.0,0.0,0.0
2023-11-01 09:30:00-04:00,48.4900016784668,48.790000915527344,48.4900016784668,48.77069854736328,9076,0.0,0.0,0.0
2023-11-01 10:30:00-04:00,48.77640151977539,48.779998779296875,48.64080047607422,48.64080047607422,3118,0.0,0.0,0.0
2023-11-01 11:30:00-04:00,48.65999984741211,48.66999816894531,48.54999923706055,48.560001373291016,3254,0.0,0.0,0.0
2023-11-01 12:30:00-04:00,48.59000015258789,48.599998474121094,48.505001068115234,48.560001373291016,71132,0.0,0.0,0.0
2023-11-01 13:30:00-04:00,48.560001373291016,48.7599983215332,48.529998779296875,48.65999984741211,15342,0.0,0.0,0.0
2023-11-01 14:30:00-04:00,48.66999816894531,48.88999938964844,48.54999923706055,48.84000015258789,12967,0.0,0.0,0.0
2023-11-01 15:30:00-04:00,48.84000015258789,48.900001525878906,48.77000045776367,48.81999969482422,10924,0.0,0.0,0.0
2023-11-02 09:30:00-04:00,49.08000183105469,49.310001373291016,49.08000183105469,49.251800537109375,2873,0.0,0.0,0.0
2023-11-02 10:30:00-04:00,49.44499969482422,49.513099670410156,49.41999816894531,49.459999084472656,32717,0.0,0.0,0.0
2023-11-02 11:30:00-04:00,49.459999084472656,49.52000045776367,49.439998626708984,49.459999084472656,43176,0.0,0.0,0.0
2023-11-02 12:30:00-04:00,49.46329879760742,49.58000183105469,49.46329879760742,49.55030059814453,33796,0.0,0.0,0.0
2023-11-02 13:30:00-04:00,49.584999084472656,49.63119888305664,49.54999923706055,49.58000183105469,7268,0.0,0.0,0.0
2023-11-02 14:30:00-04:00,49.580101013183594,49.59000015258789,49.560001373291016,49.56999969482422,4356,0.0,0.0,0.0
2023-11-02 15:30:00-04:00,49.59000015258789,49.65999984741211,49.59000015258789,49.650001525878906,0,0.0,0.0,0.0
2023-11-03 09:30:00-04:00,49.86000061035156,49.91999816894531,49.84000015258789,49.845001220703125,14311,0.0,0.0,0.0
2023-11-03 10:30:00-04:00,49.88600158691406,49.915000915527344,49.834999084472656,49.89500045776367,25816,0.0,0.0,0.0
2023-11-03 11:30:00-04:00,49.900001525878906,50.029998779296875,49.900001525878906,50.029998779296875,1049,0.0,0.0,0.0
2023-11-03 12:30:00-04:00,50.064998626708984,50.09000015258789,49.96659851074219,49.96659851074219,31580,0.0,0.0,0.0
2023-11-03 13:30:00-04:00,49.9900016784668,50.04999923706055,49.970001220703125,50.029998779296875,9495,0.0,0.0,0.0
2023-11-03 14:30:00-04:00,50.010501861572266,50.099998474121094,50.005001068115234,50.02000045776367,9847,0.0,0.0,0.0
2023-11-03 15:30:00-04:00,49.9900016784668,50.02000045776367,49.939998626708984,49.95000076293945,16296,0.0,0.0,0.0
2023-11-06 09:30:00-05:00,49.90999984741211,50.060001373291016,49.90999984741211,50.060001373291016,12712,0.0,0.0,0.0
2023-11-06 10:30:00-05:00,50.09000015258789,50.10660171508789,50.040000915527344,50.10660171508789,5051,0.0,0.0,0.0
2023-11-06 11:30:00-05:00,50.06999969482422,50.097198486328125,50.060001373291016,50.06999969482422,25526,0.0,0.0,0.0
2023-11-06 12:30:00-05:00,50.065799713134766,50.065799713134766,49.9900016784668,50.03770065307617,5633,0.0,0.0,0.0
2023-11-06 13:30:00-05:00,50.02000045776367,50.02000045776367,49.9900016784668,50.0,16467,0.0,0.0,0.0
2023-11-06 14:30:00-05:00,50.072200775146484,50.099998474121094,50.072200775146484,50.09000015258789,1538,0.0,0.0,0.0
2023-11-06 15:30:00-05:00,50.08000183105469,50.130001068115234,50.060001373291016,50.130001068115234,4669,0.0,0.0,0.0
2023-11-07 09:30:00-05:00,50.099998474121094,50.150001525878906,50.02069854736328,50.130001068115234,5108,0.0,0.0,0.0
2023-11-07 10:30:00-05:00,50.20000076293945,50.22999954223633,50.20000076293945,50.20000076293945,3356,0.0,0.0,0.0
2023-11-07 11:30:00-05:00,50.223899841308594,50.2400016784668,50.13010025024414,50.13010025024414,5025,0.0,0.0,0.0
2023-11-07 12:30:00-05:00,50.13999938964844,50.220001220703125,50.099998474121094,50.209999084472656,24543,0.0,0.0,0.0
2023-11-07 13:30:00-05:00,50.21849822998047,50.22999954223633,50.20000076293945,50.20000076293945,2361,0.0,0.0,0.0
2023-11-07 14:30:00-05:00,50.185001373291016,50.220001220703125,50.15999984741211,50.220001220703125,19575,0.0,0.0,0.0
2023-11-07 15:30:00-05:00,50.21500015258789,50.25,50.119998931884766,50.189998626708984,26529,0.0,0.0,0.0
2023-11-08 09:30:00-05:00,50.220001220703125,50.35499954223633,50.220001220703125,50.290000915527344,0,0.0,0.0,0.0
2023-11-08 10:30:00-05:00,50.2599983215332,50.279998779296875,50.189998626708984,50.19499969482422,6461,0.0,0.0,0.0
2023-11-08 11:30:00-05:00,50.19499969482422,50.209999084472656,50.037498474121094,50.099998474121094,31218,0.0,0.0,0.0
2023-11-08 12:30:00-05:00,50.0890998840332,50.18000030517578,50.072898864746094,50.130001068115234,45236,0.0,0.0,0.0
2023-11-08 13:30:00-05:00,50.189998626708984,50.189998626708984,50.189998626708984,50.189998626708984,905,0.0,0.0,0.0
2023-11-08 14:30:00-05:00,50.17499923706055,50.2599983215332,50.17499923706055,50.24660110473633,15814,0.0,0.0,0.0
2023-11-08 15:30:00-05:00,50.209999084472656,50.33000183105469,50.209999084472656,50.310001373291016,0,0.0,0.0,0.0
2023-11-09 09:30:00-05:00,50.27000045776367,50.27000045776367,50.060001373291016,50.060001373291016,6496,0.0,0.0,0.0
2023-11-09 10:30:00-05:00,50.060001373291016,50.209999084472656,50.034400939941406,50.189998626708984,3268,0.0,0.0,0.0
2023-11-09 11:30:00-05:00,50.16999816894531,50.209999084472656,50.13999938964844,50.13999938964844,24861,0.0,0.0,0.0
2023-11-09 12:30:00-05:00,50.154998779296875,50.154998779296875,50.0,50.05500030517578,2519,0.0,0.0,0.0
2023-11-09 13:30:00-05:00,50.08000183105469,50.08000183105469,49.88999938964844,49.959999084472656,5381,0.0,0.0,0.0
2023-11-09 14:30:00-05:00,49.935001373291016,49.935001373291016,49.8942985534668,49.90999984741211,5747,0.0,0.0,0.0
2023-11-09 15:30:00-05:00,49.89500045776367,49.897098541259766,49.8650016784668,49.88999938964844,0,0.0,0.0,0.0
2023-11-10 09:30:00-05:00,50.060001373291016,50.09000015258789,49.93000030517578,49.935001373291016,7234,0.0,0.0,0.0
2023-11-10 10:30:00-05:00,49.93000030517578,50.08000183105469,49.900001525878906,50.07500076293945,11937,0.0,0.0,0.0
2023-11-10 11:30:00-05:00,50.05500030517578,50.119998931884766,50.040000915527344,50.119998931884766,4612,0.0,0.0,0.0
2023-11-10 12:30:00-05:00,50.15999984741211,50.29999923706055,50.15999984741211,50.29999923706055,22721,0.0,0.0,0.0
2023-11-10 13:30:00-05:00,50.25699996948242,50.369998931884766,50.25699996948242,50.3650016784668,15853,0.0,0.0,0.0
2023-11-10 14:30:00-05:00,50.33000183105469,50.38999938964844,50.33000183105469,50.38650131225586,5798,0.0,0.0,0.0
2023-11-10 15:30:00-05:00,50.42900085449219,50.465301513671875,50.42900085449219,50.45000076293945,4797,0.0,0.0,0.0
2023-11-13 09:30:00-05:00,50.380001068115234,50.380001068115234,50.25,50.27000045776367,0,0.0,0.0,0.0
2023-11-13 10:30:00-05:00,50.29999923706055,50.380001068115234,50.28010177612305,50.380001068115234,259178,0.0,0.0,0.0
2023-11-13 11:30:00-05:00,50.39390182495117,50.45500183105469,50.38119888305664,50.43000030517578,26050,0.0,0.0,0.0
2023-11-13 12:30:00-05:00,50.43000030517578,50.43000030517578,50.36000061035156,50.38999938964844,3692,0.0,0.0,0.0
2023-11-13 13:30:00-05:00,50.38999938964844,50.45000076293945,50.35409927368164,50.45000076293945,13786,0.0,0.0,0.0
2023-11-13 14:30:00-05:00,50.42430114746094,50.47999954223633,50.415000915527344,50.44499969482422,8145,0.0,0.0,0.0
2023-11-13 15:30:00-05:00,50.439998626708984,50.45000076293945,50.38999938964844,50.38999938964844,8550,0.0,0.0,0.0
2023-11-14 09:30:00-05:00,50.90999984741211,51.035099029541016,50.84000015258789,51.02000045776367,6525,0.0,0.0,0.0
2023-11-14 10:30:00-05:00,51.08000183105469,51.15950012207031,51.06719970703125,51.09000015258789,55607,0.0,0.0,0.0
2023-11-14 11:30:00-05:00,51.09000015258789,51.09000015258789,50.95320129394531,50.95320129394531,20294,0.0,0.0,0.0
2023-11-14 12:30:00-05:00,50.945098876953125,50.98979949951172,50.93000030517578,50.9557991027832,17178,0.0,0.0,0.0
2023-11-14 13:30:00-05:00,50.9900016784668,50.9900016784668,50.888099670410156,50.952301025390625,11842,0.0,0.0,0.0
2023-11-14 14:30:00-05:00,50.974998474121094,51.1150016784668,50.97010040283203,51.09000015258789,16186,0.0,0.0,0.0
2023-11-14 15:30:00-05:00,51.09000015258789,51.099998474121094,50.95000076293945,51.0099983215332,7971,0.0,0.0,0.0
2023-11-15 09:30:00-05:00,51.15999984741211,51.15999984741211,51.02000045776367,51.099998474121094,11176,0.0,0.0,0.0
2023-11-15 10:30:00-05:00,51.09469985961914,51.125,51.05500030517578,51.084999084472656,6557,0.0,0.0,0.0
2023-11-15 11:30:00-05:00,51.04999923706055,51.04999923706055,51.0099983215332,51.04499816894531,1440,0.0,0.0,0.0
2023-11-15 12:30:00-05:00,51.06999969482422,51.06999969482422,51.0099983215332,51.04499816894531,7248,0.0,0.0,0.0
2023-11-15 13:30:00-05:00,51.04499816894531,51.130001068115234,51.04499816894531,51.119998931884766,38788,0.0,0.0,0.0
2023-11-15 14:30:00-05:00,51.130001068115234,51.130001068115234,51.029998779296875,51.08000183105469,40813,0.0,0.0,0.0
2023-11-15 15:30:00-05:00,51.09000015258789,51.11000061035156,50.970001220703125,51.0099983215332,19327,0.0,0.0,0.0
2023-11-16 09:30:00-05:00,50.9900016784668,51.19499969482422,50.9900016784668,51.119998931884766,8490,0.0,0.0,0.0
2023-11-16 10:30:00-05:00,51.08000183105469,51.119598388671875,50.9900016784668,51.0099983215332,69058,0.0,0.0,0.0
2023-11-16 11:30:00-05:00,50.9900016784668,51.04999923706055,50.95000076293945,51.04999923706055,11188,0.0,0.0,0.0
2023-11-16 12:30:00-05:00,51.04999923706055,51.07849884033203,51.0,51.06999969482422,10729,0.0,0.0,0.0
2023-11-16 13:30:00-05:00,51.06999969482422,51.06999969482422,51.02000045776367,51.02000045776367,9642,0.0,0.0,0.0
2023-11-16 14:30:00-05:00,51.02000045776367,51.09000015258789,51.02000045776367,51.06999969482422,14578,0.0,0.0,0.0
2023-11-16 15:30:00-05:00,51.07590103149414,51.15999984741211,51.07590103149414,51.15999984741211,3961,0.0,0.0,0.0
2023-11-17 09:30:00-05:00,51.18000030517578,51.18000030517578,51.07500076293945,51.09000015258789,13279,0.0,0.0,0.0
2023-11-17 10:30:00-05:00,51.060001373291016,51.06999969482422,51.0,51.029300689697266,3852,0.0,0.0,0.0
2023-11-17 11:30:00-05:00,51.0,51.099998474121094,51.0,51.060001373291016,8688,0.0,0.0,0.0
2023-11-17 12:30:00-05:00,51.060001373291016,51.099998474121094,51.040000915527344,51.099998474121094,35682,0.0,0.0,0.0
2023-11-17 13:30:00-05:00,51.11000061035156,51.150001525878906,51.099998474121094,51.11000061035156,23523,0.0,0.0,0.0
2023-11-17 14:30:00-05:00,51.11000061035156,51.150001525878906,51.08000183105469,51.130001068115234,21187,0.0,0.0,0.0
2023-11-17 15:30:00-05:00,51.099998474121094,51.099998474121094,51.0099983215332,51.040000915527344,11423,0.0,0.0,0.0
2023-11-20 09:30:00-05:00,51.040000915527344,51.16999816894531,51.040000915527344,51.13999938964844,5709,0.0,0.0,0.0
2023-11-20 10:30:00-05:00,51.15999984741211,51.2400016784668,51.150001525878906,51.20500183105469,83586,0.0,0.0,0.0
2023-11-20 11:30:00-05:00,51.2400016784668,51.25,51.209999084472656,51.25,9506,0.0,0.0,0.0
2023-11-20 12:30:00-05:00,51.2400016784668,51.33000183105469,51.209999084472656,51.32789993286133,9710,0.0,0.0,0.0
2023-11-20 13:30:00-05:00,51.349998474121094,51.369998931884766,51.34479904174805,51.35499954223633,6880,0.0,0.0,0.0
2023-11-20 14:30:00-05:00,51.369998931884766,51.459999084472656,51.369998931884766,51.45000076293945,8869,0.0,0.0,0.0
2023-11-20 15:30:00-05:00,51.45000076293945,51.45000076293945,51.31010055541992,51.369998931884766,4760,0.0,0.0,0.0
2023-11-21 09:30:00-05:00,51.34000015258789,51.369998931884766,51.314998626708984,51.36000061035156,7524,0.0,0.0,0.0
2023-11-21 10:30:00-05:00,51.290000915527344,51.33369827270508,51.290000915527344,51.33000183105469,3733,0.0,0.0,0.0
2023-11-21 11:30:00-05:00,51.33000183105469,51.400001525878906,51.33000183105469,51.38999938964844,27232,0.0,0.0,0.0
2023-11-21 12:30:00-05:00,51.41999816894531,51.459999084472656,51.369998931884766,51.38100051879883,11027,0.0,0.0,0.0
2023-11-21 13:30:00-05:00,51.40999984741211,51.459999084472656,51.380001068115234,51.40999984741211,10320,0.0,0.0,0.0
2023-11-21 14:30:00-05:00,51.41999816894531,51.439998626708984,51.379798889160156,51.40999984741211,12412,0.0,0.0,0.0
2023-11-21 15:30:00-05:00,51.380001068115234,51.43000030517578,51.380001068115234,51.40999984741211,3915,0.0,0.0,0.0
2023-11-22 09:30:00-05:00,51.54999923706055,51.70000076293945,51.54999923706055,51.61000061035156,10436,0.0,0.0,0.0
2023-11-22 10:30:00-05:00,51.63999938964844,51.68000030517578,51.560001373291016,51.61000061035156,14213,0.0,0.0,0.0
2023-11-22 11:30:00-05:00,51.625,51.720001220703125,51.625,51.650001525878906,12857,0.0,0.0,0.0
2023-11-22 12:30:00-05:00,51.650001525878906,51.65999984741211,51.560001373291016,51.63999938964844,11229,0.0,0.0,0.0
2023-11-22 13:30:00-05:00,51.650001525878906,51.66999816894531,51.599998474121094,51.66999816894531,6368,0.0,0.0,0.0
2023-11-22 14:30:00-05:00,51.65999984741211,51.65999984741211,51.560001373291016,51.65919876098633,12403,0.0,0.0,0.0
2023-11-22 15:30:00-05:00,51.65660095214844,51.68000030517578,51.644100189208984,51.650001525878906,4750,0.0,0.0,0.0
2023-11-24 09:30:00-05:00,51.65999984741211,51.720001220703125,51.595001220703125,51.650001525878906,9287,0.0,0.0,0.0
2023-11-24 10:30:00-05:00,51.66999816894531,51.68000030517578,51.645301818847656,51.65999984741211,23257,0.0,0.0,0.0
2023-11-24 11:30:00-05:00,51.65999984741211,51.66999816894531,51.63290023803711,51.65999984741211,8982,0.0,0.0,0.0
2023-11-27 09:30:00-05:00,51.59000015258789,51.70000076293945,51.56999969482422,51.56999969482422,7044,0.0,0.0,0.0
2023-11-27 10:30:00-05:00,51.584999084472656,51.597900390625,51.5702018737793,51.584999084472656,3725,0.0,0.0,0.0
2023-11-27 11:30:00-05:00,51.599998474121094,51.65999984741211,51.58000183105469,51.629798889160156,36131,0.0,0.0,0.0
2023-11-27 12:30:00-05:00,51.611000061035156,51.64759826660156,51.611000061035156,51.64759826660156,1420,0.0,0.0,0.0
2023-11-27 13:30:00-05:00,51.63959884643555,51.6411018371582,51.630001068115234,51.630001068115234,2774,0.0,0.0,0.0
2023-11-27 14:30:00-05:00,51.61009979248047,51.619998931884766,51.57500076293945,51.61830139160156,9215,0.0,0.0,0.0
2023-11-27 15:30:00-05:00,51.619998931884766,51.630001068115234,51.619998931884766,51.630001068115234,405,0.0,0.0,0.0
2023-11-28 09:30:00-05:00,51.58000183105469,51.62200164794922,51.53030014038086,51.62200164794922,2286,0.0,0.0,0.0
2023-11-28 10:30:00-05:00,51.63999938964844,51.71649932861328,51.6254997253418,51.66999816894531,26850,0.0,0.0,0.0
2023-11-28 11:30:00-05:00,51.70000076293945,51.757999420166016,51.65999984741211,51.682701110839844,4434,0.0,0.0,0.0
2023-11-28 12:30:00-05:00,51.66999816894531,51.66999816894531,51.560001373291016,51.60499954223633,3505,0.0,0.0,0.0
2023-11-28 13:30:00-05:00,51.61000061035156,51.61000061035156,51.540000915527344,51.54999923706055,4934,0.0,0.0,0.0
2023-11-28 14:30:00-05:00,51.52000045776367,51.61309814453125,51.5099983215332,51.54999923706055,12159,0.0,0.0,0.0
2023-11-28 15:30:00-05:00,51.564998626708984,51.61000061035156,51.529998779296875,51.61000061035156,6334,0.0,0.0,0.0
2023-11-29 09:30:00-05:00,51.75,51.79999923706055,51.58000183105469,51.606300354003906,0,0.0,0.0,0.0
2023-11-29 10:30:00-05:00,51.619998931884766,51.63999938964844,51.54999923706055,51.560001373291016,8941,0.0,0.0,0.0
2023-11-29 11:30:00-05:00,51.56999969482422,51.619998931884766,51.54999923706055,51.61000061035156,2134,0.0,0.0,0.0
2023-11-29 12:30:00-05:00,51.63999938964844,51.650001525878906,51.59000015258789,51.59000015258789,25142,0.0,0.0,0.0
2023-11-29 13:30:00-05:00,51.570098876953125,51.645599365234375,51.570098876953125,51.595001220703125,20464,0.0,0.0,0.0
2023-11-29 14:30:00-05:00,51.595001220703125,51.595001220703125,51.45000076293945,51.459999084472656,30242,0.0,0.0,0.0
2023-11-29 15:30:00-05:00,51.45539855957031,51.5,51.45000076293945,51.4900016784668,0,0.0,0.0,0.0
2023-11-30 09:30:00-05:00,51.59000015258789,51.619998931884766,51.51150131225586,51.599998474121094,4850,0.0,0.0,0.0
2023-11-30 10:30:00-05:00,51.56999969482422,51.65999984741211,51.560001373291016,51.65999984741211,21808,0.0,0.0,0.0
2023-11-30 11:30:00-05:00,51.63999938964844,51.63999938964844,51.52000045776367,51.52899932861328,15377,0.0,0.0,0.0
2023-11-30 12:30:00-05:00,51.529998779296875,51.56999969482422,51.529998779296875,51.56999969482422,7714,0.0,0.0,0.0
2023-11-30 13:30:00-05:00,51.545799255371094,51.623600006103516,51.54410171508789,51.623600006103516,5147,0.0,0.0,0.0
2023-11-30 14:30:00-05:00,51.641700744628906,51.69380187988281,51.630001068115234,51.66310119628906,4962,0.0,0.0,0.0
2023-11-30 15:30:00-05:00,51.640098571777344,51.91999816894531,51.628700256347656,51.91999816894531,6352,0.0,0.0,0.0
2023-12-01 09:30:00-05:00,51.83000183105469,51.9718017578125,51.83000183105469,51.845001220703125,7267,0.0,0.0,0.0
2023-12-01 10:30:00-05:00,51.93000030517578,51.97560119628906,51.869998931884766,51.95000076293945,22393,0.0,0.0,0.0
2023-12-01 11:30:00-05:00,51.97999954223633,52.130001068115234,51.97999954223633,52.119998931884766,22749,0.0,0.0,0.0
2023-12-01 12:30:00-05:00,52.13999938964844,52.20000076293945,52.099998474121094,52.11000061035156,7837,0.0,0.0,0.0
2023-12-01 13:30:00-05:00,52.107200622558594,52.13999938964844,52.07550048828125,52.13999938964844,20357,0.0,0.0,0.0
2023-12-01 14:30:00-05:00,52.130001068115234,52.189998626708984,52.10499954223633,52.150001525878906,5427,0.0,0.0,0.0
2023-12-01 15:30:00-05:00,52.18000030517578,52.189998626708984,52.150001525878906,52.189998626708984,3470,0.0,0.0,0.0
2023-12-04 09:30:00-05:00,51.869998931884766,52.13359832763672,51.869998931884766,51.9547004699707,7671,0.0,0.0,0.0
2023-12-04 10:30:00-05:00,51.970001220703125,51.9900016784668,51.928001403808594,51.95000076293945,57905,0.0,0.0,0.0
2023-12-04 11:30:00-05:00,51.959999084472656,52.04999923706055,51.95000076293945,52.04999923706055,9926,0.0,0.0,0.0
2023-12-04 12:30:00-05:00,52.08000183105469,52.099998474121094,52.054500579833984,52.060001373291016,8878,0.0,0.0,0.0
2023-12-04 13:30:00-05:00,52.04999923706055,52.08000183105469,52.04499816894531,52.04999923706055,6859,0.0,0.0,0.0
2023-12-04 14:30:00-05:00,52.045799255371094,52.09000015258789,52.04029846191406,52.08000183105469,9488,0.0,0.0,0.0
2023-12-04 15:30:00-05:00,52.06999969482422,52.150001525878906,52.059600830078125,52.13999938964844,4532,0.0,0.0,0.0
2023-12-05 09:30:00-05:00,52.029998779296875,52.04059982299805,51.94499969482422,52.02000045776367,6017,0.0,0.0,0.0
2023-12-05 10:30:00-05:00,52.025001525878906,52.10240173339844,51.95000076293945,52.040000915527344,7571,0.0,0.0,0.0
2023-12-05 11:30:00-05:00,52.07500076293945,52.08000183105469,51.99530029296875,52.04999923706055,11434,0.0,0.0,0.0
2023-12-05 12:30:00-05:00,52.04999923706055,52.08000183105469,51.970001220703125,52.06999969482422,9925,0.0,0.0,0.0
2023-12-05 13:30:00-05:00,52.060001373291016,52.06999969482422,52.005001068115234,52.04999923706055,12300,0.0,0.0,0.0
2023-12-05 14:30:00-05:00,52.040000915527344,52.06999969482422,52.000099182128906,52.03010177612305,9710,0.0,0.0,0.0
2023-12-05 15:30:00-05:00,52.04999923706055,52.06999969482422,52.0099983215332,52.060001373291016,14911,0.0,0.0,0.0
2023-12-06 09:30:00-05:00,52.130001068115234,52.15999984741211,52.03459930419922,52.03459930419922,10053,0.0,0.0,0.0
2023-12-06 10:30:00-05:00,52.04999923706055,52.04999923706055,51.970001220703125,51.99549865722656,18570,0.0,0.0,0.0
2023-12-06 11:30:00-05:00,51.974998474121094,52.01959991455078,51.933998107910156,51.95000076293945,26438,0.0,0.0,0.0
2023-12-06 12:30:00-05:00,51.959999084472656,51.999900817871094,51.95000076293945,51.959999084472656,2779,0.0,0.0,0.0
2023-12-06 13:30:00-05:00,52.02949905395508,52.04999923706055,51.98809814453125,51.98809814453125,7357,0.0,0.0,0.0
2023-12-06 14:30:00-05:00,52.029998779296875,52.029998779296875,51.95000076293945,51.95000076293945,5624,0.0,0.0,0.0
2023-12-06 15:30:00-05:00,51.964698791503906,51.964698791503906,51.900001525878906,51.939998626708984,22261,0.0,0.0,0.0
2023-12-07 09:30:00-05:00,52.06999969482422,52.150001525878906,52.029998779296875,52.150001525878906,7791,0.0,0.0,0.0
2023-12-07 10:30:00-05:00,52.150001525878906,52.150001525878906,51.9900016784668,52.0099983215332,12496,0.0,0.0,0.0
2023-12-07 11:30:00-05:00,52.02000045776367,52.13999938964844,52.02000045776367,52.13999938964844,6675,0.0,0.0,0.0
2023-12-07 12:30:00-05:00,52.13999938964844,52.13999938964844,52.08000183105469,52.084999084472656,14936,0.0,0.0,0.0
2023-12-07 13:30:00-05:00,52.09000015258789,52.15999984741211,52.09000015258789,52.150001525878906,12048,0.0,0.0,0.0
2023-12-07 14:30:00-05:00,52.15999984741211,52.15999984741211,52.08000183105469,52.11000061035156,8706,0.0,0.0,0.0
2023-12-07 15:30:00-05:00,52.099998474121094,52.099998474121094,52.04999923706055,52.08000183105469,6444,0.0,0.0,0.0
2023-12-08 09:30:00-05:00,52.0,52.130001068115234,51.92070007324219,52.06999969482422,2962,0.0,0.0,0.0
2023-12-08 10:30:00-05:00,52.029998779296875,52.051300048828125,51.900001525878906,51.92499923706055,11484,0.0,0.0,0.0
2023-12-08 11:30:00-05:00,51.880001068115234,51.97999954223633,51.880001068115234,51.97999954223633,9090,0.0,0.0,0.0
2023-12-08 12:30:00-05:00,51.9900016784668,52.040000915527344,51.956600189208984,52.040000915527344,23415,0.0,0.0,0.0
2023-12-08 13:30:00-05:00,52.029998779296875,52.060001373291016,52.0,52.060001373291016,8189,0.0,0.0,0.0
2023-12-08 14:30:00-05:00,52.060001373291016,52.119998931884766,52.060001373291016,52.119998931884766,15508,0.0,0.0,0.0
2023-12-08 15:30:00-05:00,52.119998931884766,52.15999984741211,52.11000061035156,52.11000061035156,5287,0.0,0.0,0.0
2023-12-11 09:30:00-05:00,52.04999923706055,52.18000030517578,52.04999923706055,52.169898986816406,2960,0.0,0.0,0.0
2023-12-11 10:30:00-05:00,52.180198669433594,52.209999084472656,52.18000030517578,52.18000030517578,2004,0.0,0.0,0.0
2023-12-11 11:30:00-05:00,52.17850112915039,52.220001220703125,52.145301818847656,52.1797981262207,29783,0.0,0.0,0.0
2023-12-11 12:30:00-05:00,52.18000030517578,52.2400016784668,52.15999984741211,52.22999954223633,8754,0.0,0.0,0.0
2023-12-11 13:30:00-05:00,52.22999954223633,52.25,52.20009994506836,52.22999954223633,19073,0.0,0.0,0.0
2023-12-11 14:30:00-05:00,52.2400016784668,52.27000045776367,52.20000076293945,52.2599983215332,14145,0.0,0.0,0.0
2023-12-11 15:30:00-05:00,52.25,52.349998474121094,52.2400016784668,52.31999969482422,3827,0.0,0.0,0.0
2023-12-12 09:30:00-05:00,52.27000045776367,52.30509948730469,52.119998931884766,52.30509948730469,7744,0.0,0.0,0.0
2023-12-12 10:30:00-05:00,52.27000045776367,52.29999923706055,52.27000045776367,52.27560043334961,4163,0.0,0.0,0.0
2023-12-12 11:30:00-05:00,52.33000183105469,52.36000061035156,52.307899475097656,52.36000061035156,9414,0.0,0.0,0.0
2023-12-12 12:30:00-05:00,52.369998931884766,52.369998931884766,52.33000183105469,52.36000061035156,10814,0.0,0.0,0.0
2023-12-12 13:30:00-05:00,52.36000061035156,52.380001068115234,52.350101470947266,52.3745002746582,16355,0.0,0.0,0.0
2023-12-12 14:30:00-05:00,52.380001068115234,52.44580078125,52.380001068115234,52.43239974975586,6324,0.0,0.0,0.0
2023-12-12 15:30:00-05:00,52.425899505615234,52.439998626708984,52.38999938964844,52.41999816894531,3066,0.0,0.0,0.0
2023-12-13 09:30:00-05:00,52.439998626708984,52.52000045776367,52.436500549316406,52.52000045776367,4565,0.0,0.0,0.0
2023-12-13 10:30:00-05:00,52.523101806640625,52.58000183105469,52.494300842285156,52.56999969482422,13997,0.0,0.0,0.0
2023-12-13 11:30:00-05:00,52.560001373291016,52.560001373291016,52.5099983215332,52.540000915527344,6778,0.0,0.0,0.0
2023-12-13 12:30:00-05:00,52.529998779296875,52.560001373291016,52.5099983215332,52.540000915527344,5740,0.0,0.0,0.0
2023-12-13 13:30:00-05:00,52.540000915527344,52.79999923706055,52.52220153808594,52.790000915527344,29410,0.0,0.0,0.0
2023-12-13 14:30:00-05:00,52.760398864746094,53.04999923706055,52.760398864746094,52.89500045776367,16351,0.0,0.0,0.0
2023-12-13 15:30:00-05:00,52.900001525878906,53.040000915527344,52.880001068115234,53.0099983215332,6240,0.0,0.0,0.0
2023-12-14 09:30:00-05:00,53.25,53.25,52.8125,52.8125,13483,0.0,0.0,0.0
2023-12-14 10:30:00-05:00,52.832401275634766,52.84000015258789,52.68000030517578,52.68000030517578,22729,0.0,0.0,0.0
2023-12-14 11:30:00-05:00,52.70000076293945,52.81999969482422,52.70000076293945,52.80459976196289,7260,0.0,0.0,0.0
2023-12-14 12:30:00-05:00,52.79499816894531,52.83000183105469,52.599998474121094,52.599998474121094,36443,0.0,0.0,0.0
2023-12-14 13:30:00-05:00,52.619998931884766,52.619998931884766,52.52000045776367,52.61629867553711,34657,0.0,0.0,0.0
2023-12-14 14:30:00-05:00,52.599998474121094,52.65999984741211,52.599998474121094,52.63999938964844,40605,0.0,0.0,0.0
2023-12-14 15:30:00-05:00,52.63999938964844,52.65999984741211,52.59000015258789,52.65999984741211,23123,0.0,0.0,0.0
2023-12-15 09:30:00-05:00,52.34000015258789,52.34000015258789,52.27000045776367,52.310001373291016,6094,0.0,0.0,0.0
2023-12-15 10:30:00-05:00,52.30550003051758,52.33829879760742,52.275001525878906,52.33300018310547,8943,0.0,0.0,0.0
2023-12-15 11:30:00-05:00,52.33440017700195,52.349998474121094,52.279998779296875,52.345001220703125,3354,0.0,0.0,0.0
2023-12-15 12:30:00-05:00,52.34000015258789,52.345001220703125,52.279998779296875,52.290000915527344,65923,0.0,0.0,0.0
2023-12-15 13:30:00-05:00,52.290000915527344,52.310001373291016,52.18659973144531,52.209999084472656,6910,0.0,0.0,0.0
2023-12-15 14:30:00-05:00,52.22999954223633,52.27000045776367,52.20000076293945,52.26850128173828,13633,0.0,0.0,0.0
2023-12-15 15:30:00-05:00,52.23500061035156,52.359100341796875,52.23500061035156,52.29999923706055,2256,0.0,0.0,0.0
2023-12-18 09:30:00-05:00,52.369998931884766,52.486698150634766,52.369998931884766,52.486698150634766,4793,0.0,0.0,0.0
2023-12-18 10:30:00-05:00,52.47800064086914,52.560001373291016,52.459999084472656,52.560001373291016,9478,0.0,0.0,0.0
2023-12-18 11:30:00-05:00,52.54499816894531,52.61000061035156,52.522300720214844,52.61000061035156,13823,0.0,0.0,0.0
2023-12-18 12:30:00-05:00,52.599998474121094,52.599998474121094,52.55500030517578,52.59000015258789,8667,0.0,0.0,0.0
2023-12-18 13:30:00-05:00,52.584999084472656,52.59000015258789,52.540000915527344,52.59000015258789,18748,0.0,0.0,0.0
2023-12-18 14:30:00-05:00,52.5890007019043,52.599998474121094,52.56159973144531,52.56999969482422,26331,0.0,0.0,0.0
2023-12-18 15:30:00-05:00,52.58000183105469,52.59000015258789,52.5536994934082,52.55889892578125,6841,0.0,0.0,0.0
2023-12-19 09:30:00-05:00,52.650001525878906,52.70000076293945,52.61000061035156,52.68000030517578,8627,0.0,0.0,0.0
2023-12-19 10:30:00-05:00,52.689998626708984,52.7599983215332,52.689998626708984,52.7400016784668,63141,0.0,0.0,0.0
2023-12-19 11:30:00-05:00,52.7400016784668,52.7400016784668,52.665000915527344,52.665000915527344,3218,0.0,0.0,0.0
2023-12-19 12:30:00-05:00,52.66999816894531,52.689998626708984,52.65999984741211,52.68000030517578,7172,0.0,0.0,0.0
2023-12-19 13:30:00-05:00,52.68000030517578,52.709999084472656,52.650001525878906,52.68000030517578,32239,0.0,0.0,0.0
2023-12-19 14:30:00-05:00,52.68000030517578,52.709999084472656,52.619998931884766,52.65610122680664,96172,0.0,0.0,0.0
2023-12-19 15:30:00-05:00,52.65999984741211,52.72999954223633,52.64500045776367,52.72999954223633,7512,0.0,0.0,0.0
2023-12-20 09:30:00-05:00,52.68000030517578,52.75630187988281,52.68000030517578,52.72999954223633,4896,0.0,0.0,0.0
2023-12-20 10:30:00-05:00,52.744998931884766,52.79999923706055,52.744998931884766,52.79999923706055,7022,0.0,0.0,0.0
2023-12-20 11:30:00-05:00,52.79499816894531,52.834999084472656,52.790000915527344,52.834999084472656,1791,0.0,0.0,0.0
2023-12-20 12:30:00-05:00,52.83789825439453,52.869998931884766,52.79999923706055,52.82500076293945,41721,0.0,0.0,0.0
2023-12-20 13:30:00-05:00,52.82500076293945,52.849998474121094,52.75,52.77000045776367,42386,0.0,0.0,0.0
2023-12-20 14:30:00-05:00,52.7599983215332,52.779998779296875,52.33000183105469,52.36000061035156,20335,0.0,0.0,0.0
2023-12-20 15:30:00-05:00,52.34000015258789,52.36000061035156,52.150001525878906,52.150001525878906,0,0.0,0.0,0.0
2023-12-21 09:30:00-05:00,52.369998931884766,52.47999954223633,52.349998474121094,52.40999984741211,6321,0.0,0.0,0.0
2023-12-21 10:30:00-05:00,52.44609832763672,52.44609832763672,52.33700180053711,52.400001525878906,3935,0.0,0.0,0.0
2023-12-21 11:30:00-05:00,52.38990020751953,52.400001525878906,52.17689895629883,52.209999084472656,29852,0.0,0.0,0.0
2023-12-21 12:30:00-05:00,52.2400016784668,52.2599983215332,52.15999984741211,52.23500061035156,10096,0.0,0.0,0.0
2023-12-21 13:30:00-05:00,52.290000915527344,52.31999969482422,52.2421989440918,52.310001373291016,23095,0.0,0.0,0.0
2023-12-21 14:30:00-05:00,52.29999923706055,52.38999938964844,52.29999923706055,52.38999938964844,8871,0.0,0.0,0.0
2023-12-21 15:30:00-05:00,52.439998626708984,52.540000915527344,52.41999816894531,52.540000915527344,0,0.0,0.0,0.0
2023-12-22 09:30:00-05:00,52.540000915527344,52.77000045776367,52.540000915527344,52.755001068115234,9679,0.0,0.0,0.0
2023-12-22 10:30:00-05:00,52.756900787353516,52.790000915527344,52.6702995300293,52.72999954223633,11858,0.0,0.0,0.0
2023-12-22 11:30:00-05:00,52.7599983215332,52.7599983215332,52.65999984741211,52.66999816894531,9390,0.0,0.0,0.0
2023-12-22 12:30:00-05:00,52.65999984741211,52.7599983215332,52.63999938964844,52.75,27976,0.0,0.0,0.0
2023-12-22 13:30:00-05:00,52.75,52.75,52.58190155029297,52.619998931884766,12372,0.0,0.0,0.0
2023-12-22 14:30:00-05:00,52.529998779296875,52.68450164794922,52.529998779296875,52.63999938964844,6283,0.0,0.0,0.0
2023-12-22 15:30:00-05:00,52.650001525878906,52.65999984741211,52.599998474121094,52.65999984741211,1140,0.0,0.0,0.0
2023-12-26 09:30:00-05:00,52.63999938964844,52.6713981628418,52.63999938964844,52.6713981628418,4173,0.0,0.0,0.0
2023-12-26 10:30:00-05:00,52.69929885864258,52.709999084472656,52.65999984741211,52.709999084472656,39842,0.0,0.0,0.0
2023-12-26 11:30:00-05:00,52.650001525878906,52.707298278808594,52.650001525878906,52.70000076293945,3125,0.0,0.0,0.0
2023-12-26 12:30:00-05:00,52.69499969482422,52.70109939575195,52.689998626708984,52.70000076293945,13203,0.0,0.0,0.0
2023-12-26 13:30:00-05:00,52.70000076293945,52.73590087890625,52.70000076293945,52.72560119628906,3170,0.0,0.0,0.0
2023-12-26 14:30:00-05:00,52.7400016784668,52.779998779296875,52.7400016784668,52.779998779296875,12611,0.0,0.0,0.0
2023-12-26 15:30:00-05:00,52.79999923706055,52.79999923706055,52.72999954223633,52.72999954223633,5107,0.0,0.0,0.0
2023-12-27 09:30:00-05:00,52.70000076293945,52.75,52.70000076293945,52.70000076293945,22237,0.0,0.0,0.0
2023-12-27 10:30:00-05:00,52.724998474121094,52.724998474121094,52.68000030517578,52.70949935913086,12361,0.0,0.0,0.0
2023-12-27 11:30:00-05:00,52.69499969482422,52.7599983215332,52.689998626708984,52.75,4330,0.0,0.0,0.0
2023-12-27 12:30:00-05:00,52.75,52.814998626708984,52.69960021972656,52.790000915527344,6497,0.0,0.0,0.0
2023-12-27 13:30:00-05:00,52.790000915527344,52.81999969482422,52.689998626708984,52.72999954223633,4089,0.0,0.0,0.0
2023-12-27 14:30:00-05:00,52.7599983215332,52.779998779296875,52.69990158081055,52.755001068115234,35946,0.0,0.0,0.0
2023-12-27 15:30:00-05:00,52.7400016784668,52.79999923706055,52.691200256347656,52.790000915527344,2678,0.0,0.0,0.0
2023-12-28 09:30:00-05:00,52.83000183105469,52.93939971923828,52.83000183105469,52.908599853515625,9760,0.0,0.0,0.0
2023-12-28 10:30:00-05:00,52.94499969482422,52.959999084472656,52.869998931884766,52.91999816894531,12051,0.0,0.0,0.0
2023-12-28 11:30:00-05:00,52.93000030517578,52.95000076293945,52.904998779296875,52.93000030517578,6318,0.0,0.0,0.0
2023-12-28 12:30:00-05:00,52.91999816894531,52.959999084472656,52.893798828125,52.92499923706055,8579,0.0,0.0,0.0
2023-12-28 13:30:00-05:00,52.939998626708984,52.981998443603516,52.93539810180664,52.981998443603516,6356,0.0,0.0,0.0
2023-12-28 14:30:00-05:00,53.0,53.0,52.959999084472656,52.986698150634766,3151,0.0,0.0,0.0
2023-12-28 15:30:00-05:00,52.970001220703125,52.9833984375,52.93000030517578,52.939998626708984,3178,0.0,0.0,0.0
2023-12-29 09:30:00-05:00,52.900001525878906,52.97999954223633,52.900001525878906,52.95989990234375,8506,0.0,0.0,0.0
2023-12-29 10:30:00-05:00,52.939998626708984,52.939998626708984,52.79999923706055,52.79999923706055,11299,0.0,0.0,0.0
2023-12-29 11:30:00-05:00,52.81610107421875,52.81610107421875,52.70000076293945,52.70000076293945,5926,0.0,0.0,0.0
2023-12-29 12:30:00-05:00,52.7599983215332,52.82339859008789,52.7599983215332,52.79349899291992,2221,0.0,0.0,0.0
2023-12-29 13:30:00-05:00,52.81999969482422,52.864498138427734,52.81990051269531,52.864498138427734,4264,0.0,0.0,0.0
2023-12-29 14:30:00-05:00,52.890098571777344,52.91999816894531,52.88999938964844,52.88999938964844,1089,0.0,0.0,0.0
2023-12-29 15:30:00-05:00,52.91999816894531,52.970001220703125,52.869998931884766,52.970001220703125,6921,0.0,0.0,0.0
2024-01-02 09:30:00-05:00,52.650001525878906,52.86000061035156,52.650001525878906,52.81999969482422,10599,0.0,0.0,0.0
2024-01-02 10:30:00-05:00,52.772499084472656,52.86000061035156,52.77000045776367,52.77000045776367,14906,0.0,0.0,0.0
2024-01-02 11:30:00-05:00,52.79499816894531,52.88999938964844,52.790000915527344,52.86000061035156,29392,0.0,0.0,0.0
2024-01-02 12:30:00-05:00,52.869998931884766,52.90999984741211,52.81999969482422,52.83000183105469,7928,0.0,0.0,0.0
2024-01-02 13:30:00-05:00,52.810001373291016,52.849998474121094,52.77000045776367,52.77000045776367,7358,0.0,0.0,0.0
2024-01-02 14:30:00-05:00,52.819000244140625,52.819000244140625,52.66999816894531,52.69499969482422,7399,0.0,0.0,0.0
2024-01-02 15:30:00-05:00,52.72999954223633,52.86000061035156,52.68000030517578,52.86000061035156,25723,0.0,0.0,0.0
2024-01-03 09:30:00-05:00,52.72999954223633,52.86000061035156,52.71739959716797,52.7760009765625,6252,0.0,0.0,0.0
2024-01-03 10:30:00-05:00,52.717498779296875,52.7599983215332,52.717498779296875,52.72869873046875,4032,0.0,0.0,0.0
2024-01-03 11:30:00-05:00,52.762699127197266,52.77000045776367,52.68000030517578,52.7400016784668,30248,0.0,0.0,0.0
2024-01-03 12:30:00-05:00,52.7400016784668,52.83000183105469,52.721099853515625,52.810001373291016,7520,0.0,0.0,0.0
2024-01-03 13:30:00-05:00,52.810001373291016,52.880001068115234,52.709999084472656,52.880001068115234,32843,0.0,0.0,0.0
2024-01-03 14:30:00-05:00,52.880001068115234,52.880001068115234,52.68000030517578,52.68000030517578,11916,0.0,0.0,0.0
2024-01-03 15:30:00-05:00,52.6875,52.7599983215332,52.59000015258789,52.63999938964844,6145,0.0,0.0,0.0
2024-01-04 09:30:00-05:00,52.61000061035156,52.84000015258789,52.61000061035156,52.810001373291016,0,0.0,0.0,0.0
2024-01-04 10:30:00-05:00,52.787899017333984,52.880001068115234,52.78499984741211,52.875,6545,0.0,0.0,0.0
2024-01-04 11:30:00-05:00,52.834999084472656,52.849998474121094,52.7400016784668,52.7599983215332,10062,0.0,0.0,0.0
2024-01-04 12:30:00-05:00,52.72999954223633,52.75,52.674198150634766,52.7400016784668,157976,0.0,0.0,0.0
2024-01-04 13:30:00-05:00,52.7400016784668,52.75,52.66999816894531,52.689998626708984,15279,0.0,0.0,0.0
2024-01-04 14:30:00-05:00,52.68000030517578,52.720001220703125,52.595001220703125,52.619998931884766,11827,0.0,0.0,0.0
2024-01-04 15:30:00-05:00,52.619998931884766,52.650001525878906,52.5099983215332,52.54999923706055,17741,0.0,0.0,0.0
2024-01-05 09:30:00-05:00,52.470001220703125,52.68000030517578,52.470001220703125,52.68000030517578,6517,0.0,0.0,0.0
2024-01-05 10:30:00-05:00,52.560001373291016,52.63999938964844,52.50870132446289,52.52000045776367,12494,0.0,0.0,0.0
2024-01-05 11:30:00-05:00,52.5099983215332,52.529998779296875,52.349998474121094,52.36000061035156,8253,0.0,0.0,0.0
2024-01-05 12:30:00-05:00,52.36000061035156,52.400001525878906,52.290000915527344,52.400001525878906,6448,0.0,0.0,0.0
2024-01-05 13:30:00-05:00,52.43000030517578,52.5,52.40999984741211,52.41999816894531,48475,0.0,0.0,0.0
2024-01-05 14:30:00-05:00,52.439998626708984,52.470001220703125,52.31999969482422,52.33000183105469,14943,0.0,0.0,0.0
2024-01-05 15:30:00-05:00,52.310001373291016,52.470001220703125,52.310001373291016,52.43000030517578,9155,0.0,0.0,0.0
2024-01-08 09:30:00-05:00,52.459999084472656,52.459999084472656,52.38999938964844,52.45000076293945,0,0.0,0.0,0.0
2024-01-08 10:30:00-05:00,52.47999954223633,52.52000045776367,52.477500915527344,52.49290084838867,12292,0.0,0.0,0.0
2024-01-08 11:30:00-05:00,52.47999954223633,52.58000183105469,52.47999954223633,52.5099983215332,4816,0.0,0.0,0.0
2024-01-08 12:30:00-05:00,52.536399841308594,52.630001068115234,52.5099983215332,52.595001220703125,95851,0.0,0.0,0.0
2024-01-08 13:30:00-05:00,52.630001068115234,52.74589920043945,52.630001068115234,52.74589920043945,1509,0.0,0.0,0.0
2024-01-08 14:30:00-05:00,52.79999923706055,52.880001068115234,52.78369903564453,52.86000061035156,9889,0.0,0.0,0.0
2024-01-08 15:30:00-05:00,52.86000061035156,52.96500015258789,52.86000061035156,52.93000030517578,5017,0.0,0.0,0.0
2024-01-09 09:30:00-05:00,52.7599983215332,52.7599983215332,52.640098571777344,52.720001220703125,31324,0.0,0.0,0.0
2024-01-09 10:30:00-05:00,52.7400016784668,52.755001068115234,52.70000076293945,52.755001068115234,4227,0.0,0.0,0.0
2024-01-09 11:30:00-05:00,52.7400016784668,52.84000015258789,52.7400016784668,52.83000183105469,7326,0.0,0.0,0.0
2024-01-09 12:30:00-05:00,52.81439971923828,52.82550048828125,52.79999923706055,52.810001373291016,7230,0.0,0.0,0.0
2024-01-09 13:30:00-05:00,52.709999084472656,52.84000015258789,52.70000076293945,52.7599983215332,27000,0.0,0.0,0.0
2024-01-09 14:30:00-05:00,52.77000045776367,52.83000183105469,52.72999954223633,52.79499816894531,48329,0.0,0.0,0.0
2024-01-09 15:30:00-05:00,52.810001373291016,52.834999084472656,52.7599983215332,52.790000915527344,25335,0.0,0.0,0.0
2024-01-10 09:30:00-05:00,52.79999923706055,52.92499923706055,52.79999923706055,52.88370132446289,0,0.0,0.0,0.0
2024-01-10 10:30:00-05:00,52.90959930419922,52.90959930419922,52.854000091552734,52.86000061035156,6925,0.0,0.0,0.0
2024-01-10 11:30:00-05:00,52.86000061035156,52.880001068115234,52.86000061035156,52.880001068115234,1211,0.0,0.0,0.0
2024-01-10 12:30:00-05:00,52.90999984741211,52.959999084472656,52.902400970458984,52.959999084472656,26374,0.0,0.0,0.0
2024-01-10 13:30:00-05:00,52.94940185546875,53.03730010986328,52.931400299072266,53.024898529052734,12523,0.0,0.0,0.0
2024-01-10 14:30:00-05:00,53.04209899902344,53.13999938964844,53.0343017578125,53.0343017578125,12213,0.0,0.0,0.0
2024-01-10 15:30:00-05:00,53.06999969482422,53.11000061035156,52.970001220703125,53.09000015258789,0,0.0,0.0,0.0
2024-01-11 09:30:00-05:00,53.15999984741211,53.15999984741211,52.90999984741211,52.90999984741211,2532,0.0,0.0,0.0
2024-01-11 10:30:00-05:00,52.95000076293945,52.95000076293945,52.76499938964844,52.76499938964844,1275,0.0,0.0,0.0
2024-01-11 11:30:00-05:00,52.76110076904297,52.790000915527344,52.75,52.77000045776367,41448,0.0,0.0,0.0
2024-01-11 12:30:00-05:00,52.8291015625,52.90999984741211,52.81999969482422,52.88999938964844,11742,0.0,0.0,0.0
2024-01-11 13:30:00-05:00,52.900001525878906,53.040000915527344,52.880001068115234,53.040000915527344,16401,0.0,0.0,0.0
2024-01-11 14:30:00-05:00,53.04999923706055,53.119998931884766,52.9900016784668,53.0099983215332,18492,0.0,0.0,0.0
2024-01-11 15:30:00-05:00,53.005001068115234,53.11000061035156,52.9900016784668,53.04999923706055,9987,0.0,0.0,0.0
2024-01-12 09:30:00-05:00,53.2599983215332,53.36370086669922,53.189998626708984,53.2041015625,0,0.0,0.0,0.0
2024-01-12 10:30:00-05:00,53.19449996948242,53.244998931884766,53.13999938964844,53.244998931884766,2646,0.0,0.0,0.0
2024-01-12 11:30:00-05:00,53.276100158691406,53.27949905395508,53.16999816894531,53.209999084472656,35528,0.0,0.0,0.0
2024-01-12 12:30:00-05:00,53.22999954223633,53.309898376464844,53.212398529052734,53.309898376464844,18306,0.0,0.0,0.0
2024-01-12 13:30:00-05:00,53.319000244140625,53.349998474121094,53.319000244140625,53.34000015258789,1893,0.0,0.0,0.0
2024-01-12 14:30:00-05:00,53.34000015258789,53.34000015258789,53.2599983215332,53.27000045776367,6442,0.0,0.0,0.0
2024-01-12 15:30:00-05:00,53.2599983215332,53.34000015258789,53.2599983215332,53.34000015258789,1378,0.0,0.0,0.0
2024-01-16 09:30:00-05:00,53.20000076293945,53.220001220703125,53.18000030517578,53.220001220703125,7330,0.0,0.0,0.0
2024-01-16 10:30:00-05:00,53.29999923706055,53.342899322509766,53.20349884033203,53.34000015258789,5925,0.0,0.0,0.0
2024-01-16 11:30:00-05:00,53.2599983215332,53.27000045776367,53.13999938964844,53.15999984741211,22568,0.0,0.0,0.0
2024-01-16 12:30:00-05:00,53.13999938964844,53.18000030517578,53.1150016784668,53.15999984741211,37515,0.0,0.0,0.0
2024-01-16 13:30:00-05:00,53.20000076293945,53.20000076293945,53.018699645996094,53.018699645996094,3540,0.0,0.0,0.0
2024-01-16 14:30:00-05:00,53.07460021972656,53.11000061035156,53.060001373291016,53.099998474121094,11850,0.0,0.0,0.0
2024-01-16 15:30:00-05:00,53.09709930419922,53.16999816894531,53.060001373291016,53.150001525878906,2490,0.0,0.0,0.0
2024-01-17 09:30:00-05:00,52.93000030517578,53.10499954223633,52.90999984741211,53.10499954223633,0,0.0,0.0,0.0
2024-01-17 10:30:00-05:00,53.11000061035156,53.16999816894531,53.10110092163086,53.16999816894531,2673,0.0,0.0,0.0
2024-01-17 11:30:00-05:00,53.144100189208984,53.144100189208984,53.04999923706055,53.06999969482422,63038,0.0,0.0,0.0
2024-01-17 12:30:00-05:00,53.040000915527344,53.04999923706055,52.970001220703125,52.970001220703125,8975,0.0,0.0,0.0
2024-01-17 13:30:00-05:00,52.8849983215332,52.970001220703125,52.8849983215332,52.970001220703125,5725,0.0,0.0,0.0
2024-01-17 14:30:00-05:00,52.96009826660156,52.9900016784668,52.900001525878906,52.93989944458008,11425,0.0,0.0,0.0
2024-01-17 15:30:00-05:00,52.93000030517578,53.040000915527344,52.93000030517578,53.0,2836,0.0,0.0,0.0
2024-01-18 09:30:00-05:00,53.09000015258789,53.09000015258789,53.02000045776367,53.05440139770508,0,0.0,0.0,0.0
2024-01-18 10:30:00-05:00,53.13999938964844,53.16999816894531,53.09000015258789,53.14509963989258,5562,0.0,0.0,0.0
2024-01-18 11:30:00-05:00,53.18960189819336,53.199798583984375,53.08000183105469,53.119998931884766,42194,0.0,0.0,0.0
2024-01-18 12:30:00-05:00,53.099998474121094,53.130001068115234,53.04999923706055,53.099998474121094,5905,0.0,0.0,0.0
2024-01-18 13:30:00-05:00,53.130001068115234,53.34000015258789,53.10409927368164,53.34000015258789,5398,0.0,0.0,0.0
2024-01-18 14:30:00-05:00,53.369998931884766,53.43000030517578,53.33000183105469,53.43000030517578,7248,0.0,0.0,0.0
2024-01-18 15:30:00-05:00,53.44419860839844,53.459999084472656,53.41999816894531,53.43000030517578,880,0.0,0.0,0.0
2024-01-19 09:30:00-05:00,53.59000015258789,53.61000061035156,53.5,53.61000061035156,8450,0.0,0.0,0.0
2024-01-19 10:30:00-05:00,53.560001373291016,53.720001220703125,53.560001373291016,53.709999084472656,7709,0.0,0.0,0.0
2024-01-19 11:30:00-05:00,53.68000030517578,53.689998626708984,53.619998931884766,53.689998626708984,19372,0.0,0.0,0.0
2024-01-19 12:30:00-05:00,53.709999084472656,53.849998474121094,53.689998626708984,53.849998474121094,9857,0.0,0.0,0.0
2024-01-19 13:30:00-05:00,53.86000061035156,53.970001220703125,53.86000061035156,53.90999984741211,5544,0.0,0.0,0.0
2024-01-19 14:30:00-05:00,53.91999816894531,53.939998626708984,53.84870147705078,53.88999938964844,12608,0.0,0.0,0.0
2024-01-19 15:30:00-05:00,53.880001068115234,53.900001525878906,53.849998474121094,53.89500045776367,11387,0.0,0.0,0.0
2024-01-22 09:30:00-05:00,54.0,54.119998931884766,54.0,54.06489944458008,7966,0.0,0.0,0.0
2024-01-22 10:30:00-05:00,54.099998474121094,54.119998931884766,54.02000045776367,54.06999969482422,4239,0.0,0.0,0.0
2024-01-22 11:30:00-05:00,54.0718994140625,54.08000183105469,54.00709915161133,54.060001373291016,23478,0.0,0.0,0.0
2024-01-22 12:30:00-05:00,54.060001373291016,54.060001373291016,53.97999954223633,53.97999954223633,22990,0.0,0.0,0.0
2024-01-22 13:30:00-05:00,53.9900016784668,54.09000015258789,53.9900016784668,54.08000183105469,11716,0.0,0.0,0.0
2024-01-22 14:30:00-05:00,54.08000183105469,54.099998474121094,54.03730010986328,54.099998474121094,13609,0.0,0.0,0.0
2024-01-22 15:30:00-05:00,54.09000015258789,54.099998474121094,54.04999923706055,54.08000183105469,3666,0.0,0.0,0.0
2024-01-23 09:30:00-05:00,54.130001068115234,54.16999816894531,54.099998474121094,54.150001525878906,0,0.0,0.0,0.0
2024-01-23 10:30:00-05:00,54.130001068115234,54.130001068115234,54.060001373291016,54.060001373291016,0,0.0,0.0,0.0
2024-01-23 11:30:00-05:00,54.08000183105469,54.11000061035156,54.06370162963867,54.06370162963867,0,0.0,0.0,0.0
2024-01-23 12:30:00-05:00,54.09000015258789,54.119998931884766,54.073699951171875,54.11000061035156,65832,0.0,0.0,0.0
2024-01-23 13:30:00-05:00,54.11800003051758,54.15999984741211,54.11800003051758,54.149898529052734,5921,0.0,0.0,0.0
2024-01-23 14:30:00-05:00,54.14099884033203,54.214599609375,54.14099884033203,54.214599609375,4109,0.0,0.0,0.0
2024-01-23 15:30:00-05:00,54.19969940185547,54.224998474121094,54.16999816894531,54.217899322509766,4424,0.0,0.0,0.0
2024-01-24 09:30:00-05:00,54.40999984741211,54.40999984741211,54.2400016784668,54.25429916381836,9357,0.0,0.0,0.0
2024-01-24 10:30:00-05:00,54.269100189208984,54.3489990234375,54.25,54.3385009765625,5969,0.0,0.0,0.0
2024-01-24 11:30:00-05:00,54.310001373291016,54.33000183105469,54.25469970703125,54.25469970703125,8333,0.0,0.0,0.0
2024-01-24 12:30:00-05:00,54.28929901123047,54.310001373291016,54.220001220703125,54.25,17754,0.0,0.0,0.0
2024-01-24 13:30:00-05:00,54.22999954223633,54.22999954223633,54.130001068115234,54.1327018737793,36220,0.0,0.0,0.0
2024-01-24 14:30:00-05:00,54.1411018371582,54.189998626708984,54.06999969482422,54.08000183105469,13514,0.0,0.0,0.0
2024-01-24 15:30:00-05:00,54.08000183105469,54.130001068115234,54.029998779296875,54.040000915527344,1948,0.0,0.0,0.0
2024-01-25 09:30:00-05:00,54.209999084472656,54.3828010559082,54.209999084472656,54.310001373291016,0,0.0,0.0,0.0
2024-01-25 10:30:00-05:00,54.22800064086914,54.27239990234375,54.22800064086914,54.2599983215332,2534,0.0,0.0,0.0
2024-01-25 11:30:00-05:00,54.28519821166992,54.31999969482422,54.1952018737793,54.2234001159668,35665,0.0,0.0,0.0
2024-01-25 12:30:00-05:00,54.185001373291016,54.26890182495117,54.18000030517578,54.189998626708984,43603,0.0,0.0,0.0
2024-01-25 13:30:00-05:00,54.18989944458008,54.20500183105469,54.150001525878906,54.18000030517578,2314,0.0,0.0,0.0
2024-01-25 14:30:00-05:00,54.20989990234375,54.244998931884766,54.18000030517578,54.239200592041016,9033,0.0,0.0,0.0
2024-01-25 15:30:00-05:00,54.290000915527344,54.323001861572266,54.279998779296875,54.323001861572266,0,0.0,0.0,0.0
2024-01-26 09:30:00-05:00,54.41999816894531,54.470699310302734,54.38999938964844,54.40999984741211,12236,0.0,0.0,0.0
2024-01-26 10:30:00-05:00,54.459999084472656,54.52000045776367,54.459999084472656,54.470001220703125,34633,0.0,0.0,0.0
2024-01-26 11:30:00-05:00,54.5,54.5099983215332,54.45000076293945,54.46500015258789,4254,0.0,0.0,0.0
2024-01-26 12:30:00-05:00,54.400001525878906,54.400001525878906,54.33000183105469,54.349998474121094,9103,0.0,0.0,0.0
2024-01-26 13:30:00-05:00,54.349998474121094,54.380001068115234,54.290000915527344,54.349998474121094,11574,0.0,0.0,0.0
2024-01-26 14:30:00-05:00,54.369998931884766,54.43000030517578,54.369998931884766,54.380001068115234,11168,0.0,0.0,0.0
2024-01-26 15:30:00-05:00,54.375,54.43000030517578,54.349998474121094,54.38999938964844,4533,0.0,0.0,0.0
2024-01-29 09:30:00-05:00,54.45000076293945,54.469600677490234,54.400001525878906,54.400001525878906,5381,0.0,0.0,0.0
2024-01-29 10:30:00-05:00,54.36000061035156,54.380001068115234,54.33789825439453,54.36000061035156,7443,0.0,0.0,0.0
2024-01-29 11:30:00-05:00,54.38999938964844,54.41999816894531,54.369998931884766,54.415000915527344,22155,0.0,0.0,0.0
2024-01-29 12:30:00-05:00,54.43000030517578,54.439998626708984,54.34000015258789,54.40999984741211,17746,0.0,0.0,0.0
2024-01-29 13:30:00-05:00,54.40999984741211,54.439998626708984,54.375,54.43000030517578,18451,0.0,0.0,0.0
2024-01-29 14:30:00-05:00,54.43000030517578,54.66999816894531,54.43000030517578,54.625,34243,0.0,0.0,0.0
2024-01-29 15:30:00-05:00,54.630001068115234,54.650001525878906,54.59000015258789,54.599998474121094,5870,0.0,0.0,0.0
2024-01-30 09:30:00-05:00,54.560001373291016,54.619998931884766,54.54999923706055,54.54999923706055,0,0.0,0.0,0.0
2024-01-30 10:30:00-05:00,54.554901123046875,54.650001525878906,54.55229949951172,54.63999938964844,13804,0.0,0.0,0.0
2024-01-30 11:30:00-05:00,54.63999938964844,54.709999084472656,54.63999938964844,54.68000030517578,25794,0.0,0.0,0.0
2024-01-30 12:30:00-05:00,54.65999984741211,54.689998626708984,54.619998931884766,54.689998626708984,14085,0.0,0.0,0.0
2024-01-30 13:30:00-05:00,54.709999084472656,54.7599983215332,54.689998626708984,54.7599983215332,11672,0.0,0.0,0.0
2024-01-30 14:30:00-05:00,54.7599983215332,54.779998779296875,54.71179962158203,54.75,27920,0.0,0.0,0.0
2024-01-30 15:30:00-05:00,54.7400016784668,54.744998931884766,54.70000076293945,54.70000076293945,8596,0.0,0.0,0.0
2024-01-31 09:30:00-05:00,54.63999938964844,54.63999938964844,54.439998626708984,54.474998474121094,11645,0.0,0.0,0.0
2024-01-31 10:30:00-05:00,54.439998626708984,54.470001220703125,54.400001525878906,54.400001525878906,10925,0.0,0.0,0.0
2024-01-31 11:30:00-05:00,54.37810134887695,54.39500045776367,54.31999969482422,54.35940170288086,23517,0.0,0.0,0.0
2024-01-31 12:30:00-05:00,54.349998474121094,54.369998931884766,54.30500030517578,54.33000183105469,13278,0.0,0.0,0.0
2024-01-31 13:30:00-05:00,54.33000183105469,54.34000015258789,54.20000076293945,54.2400016784668,16965,0.0,0.0,0.0
2024-01-31 14:30:00-05:00,54.2599983215332,54.38999938964844,54.0099983215332,54.040000915527344,10774,0.0,0.0,0.0
2024-01-31 15:30:00-05:00,54.02000045776367,54.02000045776367,53.91999816894531,53.93000030517578,3340,0.0,0.0,0.0
2024-02-01 09:30:00-05:00,54.040000915527344,54.12580108642578,54.02000045776367,54.08639907836914,0,0.0,0.0,0.0
2024-02-01 10:30:00-05:00,54.150001525878906,54.180599212646484,54.040000915527344,54.11000061035156,33537,0.0,0.0,0.0
2024-02-01 11:30:00-05:00,54.18000030517578,54.349998474121094,54.17499923706055,54.310001373291016,6303,0.0,0.0,0.0
2024-02-01 12:30:00-05:00,54.290000915527344,54.45000076293945,54.2781982421875,54.33000183105469,6760,0.0,0.0,0.0
2024-02-01 13:30:00-05:00,54.380001068115234,54.43000030517578,54.334999084472656,54.3849983215332,26678,0.0,0.0,0.0
2024-02-01 14:30:00-05:00,54.380001068115234,54.5,54.369998931884766,54.4900016784668,14315,0.0,0.0,0.0
2024-02-01 15:30:00-05:00,54.5,54.54999923706055,54.470001220703125,54.54999923706055,0,0.0,0.0,0.0
2024-02-02 09:30:00-05:00,54.33000183105469,54.33000183105469,54.18000030517578,54.2599983215332,6741,0.0,0.0,0.0
2024-02-02 10:30:00-05:00,54.2599983215332,54.40999984741211,54.244998931884766,54.39229965209961,10529,0.0,0.0,0.0
2024-02-02 11:30:00-05:00,54.459999084472656,54.529998779296875,54.439998626708984,54.47999954223633,26739,0.0,0.0,0.0
2024-02-02 12:30:00-05:00,54.52000045776367,54.529998779296875,54.33000183105469,54.47999954223633,27725,0.0,0.0,0.0
2024-02-02 13:30:00-05:00,54.47999954223633,54.61000061035156,54.470001220703125,54.58000183105469,13165,0.0,0.0,0.0
2024-02-02 14:30:00-05:00,54.63999938964844,54.75,54.63999938964844,54.75,11686,0.0,0.0,0.0
2024-02-02 15:30:00-05:00,54.7400016784668,54.7400016784668,54.54999923706055,54.560001373291016,24920,0.0,0.0,0.0
2024-02-05 09:30:00-05:00,54.45000076293945,54.45000076293945,54.16999816894531,54.21500015258789,12507,0.0,0.0,0.0
2024-02-05 10:30:00-05:00,54.224700927734375,54.22999954223633,54.17499923706055,54.22999954223633,10544,0.0,0.0,0.0
2024-02-05 11:30:00-05:00,54.22999954223633,54.279998779296875,54.226200103759766,54.279998779296875,12382,0.0,0.0,0.0
2024-02-05 12:30:00-05:00,54.29999923706055,54.349998474121094,54.290000915527344,54.29499816894531,9599,0.0,0.0,0.0
2024-02-05 13:30:00-05:00,54.279998779296875,54.369998931884766,54.279998779296875,54.3650016784668,15735,0.0,0.0,0.0
2024-02-05 14:30:00-05:00,54.36000061035156,54.41999816894531,54.334999084472656,54.40999984741211,12329,0.0,0.0,0.0
2024-02-05 15:30:00-05:00,54.419898986816406,54.44499969482422,54.279998779296875,54.279998779296875,10806,0.0,0.0,0.0
2024-02-06 09:30:00-05:00,54.43000030517578,54.458099365234375,54.34000015258789,54.34000015258789,4635,0.0,0.0,0.0
2024-02-06 10:30:00-05:00,54.357200622558594,54.439998626708984,54.35530090332031,54.41999816894531,30201,0.0,0.0,0.0
2024-02-06 11:30:00-05:00,54.37049865722656,54.470001220703125,54.37049865722656,54.470001220703125,5565,0.0,0.0,0.0
2024-02-06 12:30:00-05:00,54.44499969482422,54.47999954223633,54.44499969482422,54.467498779296875,1731,0.0,0.0,0.0
2024-02-06 13:30:00-05:00,54.470001220703125,54.525001525878906,54.380001068115234,54.38999938964844,14224,0.0,0.0,0.0
2024-02-06 14:30:00-05:00,54.38999938964844,54.45000076293945,54.34379959106445,54.41389846801758,10185,0.0,0.0,0.0
2024-02-06 15:30:00-05:00,54.42399978637695,54.47999954223633,54.40999984741211,54.47999954223633,3365,0.0,0.0,0.0
2024-02-07 09:30:00-05:00,54.7400016784668,54.83000183105469,54.689998626708984,54.83000183105469,5614,0.0,0.0,0.0
2024-02-07 10:30:00-05:00,54.849998474121094,54.849998474121094,54.749298095703125,54.80459976196289,9139,0.0,0.0,0.0
2024-02-07 11:30:00-05:00,54.810001373291016,54.84000015258789,54.75,54.7843017578125,10594,0.0,0.0,0.0
2024-02-07 12:30:00-05:00,54.80110168457031,54.84000015258789,54.7599983215332,54.82500076293945,13851,0.0,0.0,0.0
2024-02-07 13:30:00-05:00,54.83000183105469,54.86000061035156,54.790000915527344,54.80500030517578,14744,0.0,0.0,0.0
2024-02-07 14:30:00-05:00,54.80500030517578,54.84000015258789,54.7599983215332,54.79999923706055,8656,0.0,0.0,0.0
2024-02-07 15:30:00-05:00,54.79999923706055,54.79999923706055,54.72999954223633,54.779998779296875,12173,0.0,0.0,0.0
2024-02-08 09:30:00-05:00,54.7599983215332,54.77939987182617,54.66999816894531,54.689998626708984,2659,0.0,0.0,0.0
2024-02-08 10:30:00-05:00,54.65610122680664,54.65610122680664,54.564998626708984,54.57500076293945,20831,0.0,0.0,0.0
2024-02-08 11:30:00-05:00,54.58000183105469,54.630001068115234,54.57040023803711,54.6150016784668,5238,0.0,0.0,0.0
2024-02-08 12:30:00-05:00,54.650001525878906,54.720001220703125,54.63010025024414,54.665000915527344,8550,0.0,0.0,0.0
2024-02-08 13:30:00-05:00,54.68000030517578,54.689998626708984,54.63999938964844,54.650001525878906,9492,0.0,0.0,0.0
2024-02-08 14:30:00-05:00,54.66429901123047,54.75,54.64500045776367,54.72999954223633,7464,0.0,0.0,0.0
2024-02-08 15:30:00-05:00,54.72999954223633,54.75,54.709999084472656,54.7400016784668,5898,0.0,0.0,0.0
2024-02-09 09:30:00-05:00,54.77000045776367,54.846099853515625,54.75,54.810001373291016,7826,0.0,0.0,0.0
2024-02-09 10:30:00-05:00,54.83000183105469,54.83000183105469,54.779998779296875,54.83000183105469,2780,0.0,0.0,0.0
2024-02-09 11:30:00-05:00,54.79949951171875,54.79949951171875,54.7400016784668,54.790000915527344,28796,0.0,0.0,0.0
2024-02-09 12:30:00-05:00,54.810001373291016,54.869598388671875,54.78499984741211,54.85499954223633,14232,0.0,0.0,0.0
2024-02-09 13:30:00-05:00,54.85499954223633,54.908599853515625,54.79999923706055,54.86869812011719,16167,0.0,0.0,0.0
2024-02-09 14:30:00-05:00,54.880001068115234,54.92499923706055,54.880001068115234,54.88999938964844,7165,0.0,0.0,0.0
2024-02-09 15:30:00-05:00,54.89569854736328,54.900001525878906,54.84000015258789,54.880001068115234,3959,0.0,0.0,0.0
2024-02-12 09:30:00-05:00,54.849998474121094,54.849998474121094,54.75,54.75,1569341,0.0,0.0,0.0
2024-02-12 10:30:00-05:00,54.75,54.880001068115234,54.709999084472656,54.880001068115234,5672,0.0,0.0,0.0
2024-02-12 11:30:00-05:00,54.88999938964844,54.94499969482422,54.88999938964844,54.900001525878906,9178,0.0,0.0,0.0
2024-02-12 12:30:00-05:00,54.90999984741211,54.959999084472656,54.86000061035156,54.900001525878906,17902,0.0,0.0,0.0
2024-02-12 13:30:00-05:00,54.93000030517578,54.939998626708984,54.81999969482422,54.845001220703125,19268,0.0,0.0,0.0
2024-02-12 14:30:00-05:00,54.81999969482422,54.845001220703125,54.77000045776367,54.80500030517578,6416,0.0,0.0,0.0
2024-02-12 15:30:00-05:00,54.790000915527344,54.83000183105469,54.790000915527344,54.79999923706055,9028,0.0,0.0,0.0
2024-02-13 09:30:00-05:00,54.400001525878906,54.459999084472656,54.34339904785156,54.36000061035156,0,0.0,0.0,0.0
2024-02-13 10:30:00-05:00,54.349998474121094,54.41999816894531,54.310001373291016,54.41999816894531,29875,0.0,0.0,0.0
2024-02-13 11:30:00-05:00,54.400001525878906,54.43000030517578,54.369998931884766,54.380001068115234,12725,0.0,0.0,0.0
2024-02-13 12:30:00-05:00,54.38600158691406,54.38600158691406,54.31999969482422,54.33000183105469,9302,0.0,0.0,0.0
2024-02-13 13:30:00-05:00,54.31999969482422,54.31999969482422,54.08000183105469,54.090599060058594,11032,0.0,0.0,0.0
2024-02-13 14:30:00-05:00,54.13999938964844,54.13999938964844,53.9900016784668,54.00410079956055,5968,0.0,0.0,0.0
2024-02-13 15:30:00-05:00,54.029998779296875,54.33000183105469,54.029998779296875,54.29999923706055,35182,0.0,0.0,0.0
2024-02-14 09:30:00-05:00,54.41999816894531,54.459999084472656,54.400001525878906,54.43000030517578,10514,0.0,0.0,0.0
2024-02-14 10:30:00-05:00,54.44499969482422,54.45000076293945,54.295101165771484,54.36000061035156,23514,0.0,0.0,0.0
2024-02-14 11:30:00-05:00,54.35499954223633,54.37950134277344,54.209999084472656,54.27000045776367,10640,0.0,0.0,0.0
2024-02-14 12:30:00-05:00,54.30500030517578,54.31999969482422,54.277000427246094,54.277000427246094,8733,0.0,0.0,0.0
2024-02-14 13:30:00-05:00,54.33000183105469,54.38999938964844,54.220001220703125,54.31999969482422,9868,0.0,0.0,0.0
2024-02-14 14:30:00-05:00,54.31999969482422,54.5,54.310001373291016,54.459999084472656,22837,0.0,0.0,0.0
2024-02-14 15:30:00-05:00,54.47999954223633,54.58000183105469,54.429901123046875,54.560001373291016,6135,0.0,0.0,0.0
2024-02-15 09:30:00-05:00,54.4900016784668,54.709999084472656,54.4900016784668,54.68000030517578,3434,0.0,0.0,0.0
2024-02-15 10:30:00-05:00,54.59000015258789,54.650001525878906,54.560001373291016,54.58729934692383,8890,0.0,0.0,0.0
2024-02-15 11:30:00-05:00,54.560001373291016,54.630001068115234,54.560001373291016,54.61000061035156,46825,0.0,0.0,0.0
2024-02-15 12:30:00-05:00,54.63999938964844,54.720001220703125,54.599998474121094,54.709999084472656,407958,0.0,0.0,0.0
2024-02-15 13:30:00-05:00,54.7400016784668,54.779998779296875,54.66999816894531,54.72999954223633,39890,0.0,0.0,0.0
2024-02-15 14:30:00-05:00,54.755001068115234,54.81999969482422,54.75,54.77000045776367,20165,0.0,0.0,0.0
2024-02-15 15:30:00-05:00,54.779998779296875,54.81999969482422,54.7400016784668,54.81999969482422,5355,0.0,0.0,0.0
2024-02-16 09:30:00-05:00,54.84000015258789,54.84000015258789,54.709999084472656,54.720001220703125,5180,0.0,0.0,0.0
2024-02-16 10:30:00-05:00,54.75,54.86349868774414,54.75,54.86349868774414,1382,0.0,0.0,0.0
2024-02-16 11:30:00-05:00,54.91999816894531,54.93000030517578,54.88560104370117,54.93000030517578,26635,0.0,0.0,0.0
2024-02-16 12:30:00-05:00,54.95000076293945,54.95000076293945,54.84000015258789,54.95000076293945,88891,0.0,0.0,0.0
2024-02-16 13:30:00-05:00,54.91999816894531,55.08000183105469,54.91999816894531,55.03499984741211,224348,0.0,0.0,0.0
2024-02-16 14:30:00-05:00,55.025001525878906,55.025001525878906,54.72999954223633,54.779998779296875,79021,0.0,0.0,0.0
2024-02-16 15:30:00-05:00,54.779998779296875,54.790000915527344,54.65999984741211,54.66999816894531,14697,0.0,0.0,0.0
2024-02-20 09:30:00-05:00,54.560001373291016,54.68000030517578,54.560001373291016,54.65999984741211,0,0.0,0.0,0.0
2024-02-20 10:30:00-05:00,54.63999938964844,54.68000030517578,54.59870147705078,54.63999938964844,12500,0.0,0.0,0.0
2024-02-20 11:30:00-05:00,54.65999984741211,54.65999984741211,54.5,54.50809860229492,53903,0.0,0.0,0.0
2024-02-20 12:30:00-05:00,54.5,54.529998779296875,54.459999084472656,54.474998474121094,47258,0.0,0.0,0.0
2024-02-20 13:30:00-05:00,54.470001220703125,54.52000045776367,54.459999084472656,54.51539993286133,8293,0.0,0.0,0.0
2024-02-20 14:30:00-05:00,54.540000915527344,54.58000183105469,54.5099983215332,54.58000183105469,18979,0.0,0.0,0.0
2024-02-20 15:30:00-05:00,54.58000183105469,54.58000183105469,54.439998626708984,54.52000045776367,10938,0.0,0.0,0.0
2024-02-21 09:30:00-05:00,54.4900016784668,54.630001068115234,54.4900016784668,54.625,0,0.0,0.0,0.0
2024-02-21 10:30:00-05:00,54.595001220703125,54.63999938964844,54.57389831542969,54.63999938964844,3253,0.0,0.0,0.0
2024-02-21 11:30:00-05:00,54.61000061035156,54.650001525878906,54.59000015258789,54.61220169067383,3104,0.0,0.0,0.0
2024-02-21 12:30:00-05:00,54.5984992980957,54.65999984741211,54.52069854736328,54.62950134277344,45734,0.0,0.0,0.0
2024-02-21 13:30:00-05:00,54.630001068115234,54.650001525878906,54.529998779296875,54.54999923706055,17491,0.0,0.0,0.0
2024-02-21 14:30:00-05:00,54.505001068115234,54.560001373291016,54.45500183105469,54.5099983215332,26953,0.0,0.0,0.0
2024-02-21 15:30:00-05:00,54.5,54.83000183105469,54.5,54.79999923706055,8800,0.0,0.0,0.0
2024-02-22 09:30:00-05:00,55.130001068115234,55.19060134887695,55.10499954223633,55.1245002746582,0,0.0,0.0,0.0
2024-02-22 10:30:00-05:00,55.16510009765625,55.20000076293945,55.130001068115234,55.189998626708984,4161,0.0,0.0,0.0
2024-02-22 11:30:00-05:00,55.16999816894531,55.22610092163086,55.150001525878906,55.209999084472656,10739,0.0,0.0,0.0
2024-02-22 12:30:00-05:00,55.27000045776367,55.380001068115234,55.2599983215332,55.36009979248047,77759,0.0,0.0,0.0
2024-02-22 13:30:00-05:00,55.3849983215332,55.54999923706055,55.380001068115234,55.54999923706055,13837,0.0,0.0,0.0
2024-02-22 14:30:00-05:00,55.529998779296875,55.540000915527344,55.41999816894531,55.4900016784668,8843,0.0,0.0,0.0
2024-02-22 15:30:00-05:00,55.470001220703125,55.505001068115234,55.439998626708984,55.439998626708984,9769,0.0,0.0,0.0
2024-02-23 09:30:00-05:00,55.630001068115234,55.720001220703125,55.599998474121094,55.720001220703125,0,0.0,0.0,0.0
2024-02-23 10:30:00-05:00,55.718101501464844,55.72999954223633,55.58000183105469,55.580501556396484,7146,0.0,0.0,0.0
2024-02-23 11:30:00-05:00,55.58209991455078,55.619998931884766,55.57699966430664,55.599998474121094,24359,0.0,0.0,0.0
2024-02-23 12:30:00-05:00,55.58000183105469,55.630001068115234,55.56999969482422,55.619998931884766,9453,0.0,0.0,0.0
2024-02-23 13:30:00-05:00,55.619998931884766,55.630001068115234,55.529998779296875,55.529998779296875,10627,0.0,0.0,0.0
2024-02-23 14:30:00-05:00,55.540000915527344,55.63999938964844,55.540000915527344,55.619998931884766,9669,0.0,0.0,0.0
2024-02-23 15:30:00-05:00,55.61000061035156,55.709999084472656,55.599998474121094,55.630001068115234,11611,0.0,0.0,0.0
2024-02-26 09:30:00-05:00,55.599998474121094,55.599998474121094,55.4900016784668,55.5099983215332,0,0.0,0.0,0.0
2024-02-26 10:30:00-05:00,55.4900016784668,55.505001068115234,55.41999816894531,55.41999816894531,4550,0.0,0.0,0.0
2024-02-26 11:30:00-05:00,55.40999984741211,55.45000076293945,55.390499114990234,55.439998626708984,5178,0.0,0.0,0.0
2024-02-26 12:30:00-05:00,55.439998626708984,55.439998626708984,55.334999084472656,55.34000015258789,5632,0.0,0.0,0.0
2024-02-26 13:30:00-05:00,55.3218994140625,55.41999816894531,55.29999923706055,55.38999938964844,33256,0.0,0.0,0.0
2024-02-26 14:30:00-05:00,55.41999816894531,55.439998626708984,55.380001068115234,55.400001525878906,15832,0.0,0.0,0.0
2024-02-26 15:30:00-05:00,55.400001525878906,55.400001525878906,55.310001373291016,55.310001373291016,8320,0.0,0.0,0.0
2024-02-27 09:30:00-05:00,55.29999923706055,55.29999923706055,55.18000030517578,55.18000030517578,5298,0.0,0.0,0.0
2024-02-27 10:30:00-05:00,55.185001373291016,55.209999084472656,55.160301208496094,55.165000915527344,2901,0.0,0.0,0.0
2024-02-27 11:30:00-05:00,55.16999816894531,55.209999084472656,55.165000915527344,55.18000030517578,7144,0.0,0.0,0.0
2024-02-27 12:30:00-05:00,55.15999984741211,55.189998626708984,55.13999938964844,55.16999816894531,11897,0.0,0.0,0.0
2024-02-27 13:30:00-05:00,55.150001525878906,55.27000045776367,55.140098571777344,55.27000045776367,12649,0.0,0.0,0.0
2024-02-27 14:30:00-05:00,55.27000045776367,55.310001373291016,55.232398986816406,55.29999923706055,12522,0.0,0.0,0.0
2024-02-27 15:30:00-05:00,55.29999923706055,55.380001068115234,55.275001525878906,55.35499954223633,12135,0.0,0.0,0.0
2024-02-28 09:30:00-05:00,55.2599983215332,55.266300201416016,55.20989990234375,55.266300201416016,0,0.0,0.0,0.0
2024-02-28 10:30:00-05:00,55.2421989440918,55.31769943237305,55.2421989440918,55.279998779296875,2179,0.0,0.0,0.0
2024-02-28 11:30:00-05:00,55.275001525878906,55.290000915527344,55.2400016784668,55.2400016784668,28507,0.0,0.0,0.0
2024-02-28 12:30:00-05:00,55.20000076293945,55.2400016784668,55.20000076293945,55.23500061035156,12463,0.0,0.0,0.0
2024-02-28 13:30:00-05:00,55.31999969482422,55.33000183105469,55.22999954223633,55.2599983215332,10898,0.0,0.0,0.0
2024-02-28 14:30:00-05:00,55.22249984741211,55.31999969482422,55.22249984741211,55.290000915527344,5723,0.0,0.0,0.0
2024-02-28 15:30:00-05:00,55.290000915527344,55.33000183105469,55.23270034790039,55.33000183105469,0,0.0,0.0,0.0
2024-02-29 09:30:00-05:00,55.459999084472656,55.459999084472656,55.255001068115234,55.2599983215332,8822,0.0,0.0,0.0
2024-02-29 10:30:00-05:00,55.255001068115234,55.310001373291016,55.21099853515625,55.290000915527344,7663,0.0,0.0,0.0
2024-02-29 11:30:00-05:00,55.27000045776367,55.27000045776367,55.130001068115234,55.220001220703125,18332,0.0,0.0,0.0
2024-02-29 12:30:00-05:00,55.25,55.31999969482422,55.2327995300293,55.310001373291016,12529,0.0,0.0,0.0
2024-02-29 13:30:00-05:00,55.29999923706055,55.31999969482422,55.27000045776367,55.27000045776367,8670,0.0,0.0,0.0
2024-02-29 14:30:00-05:00,55.279998779296875,55.31999969482422,55.2322998046875,55.31999969482422,8683,0.0,0.0,0.0
2024-02-29 15:30:00-05:00,55.349998474121094,55.40999984741211,55.334999084472656,55.39979934692383,6501,0.0,0.0,0.0
2024-03-01 09:30:00-05:00,55.349998474121094,55.349998474121094,55.220001220703125,55.29690170288086,0,0.0,0.0,0.0
2024-03-01 10:30:00-05:00,55.34000015258789,55.36000061035156,55.290000915527344,55.29999923706055,6218,0.0,0.0,0.0
2024-03-01 11:30:00-05:00,55.2400016784668,55.33530044555664,55.2400016784668,55.314998626708984,2910,0.0,0.0,0.0
2024-03-01 12:30:00-05:00,55.38999938964844,55.41999816894531,55.380001068115234,55.41999816894531,27962,0.0,0.0,0.0
2024-03-01 13:30:00-05:00,55.42499923706055,55.4900016784668,55.39659881591797,55.47999954223633,31485,0.0,0.0,0.0
2024-03-01 14:30:00-05:00,55.5,55.5099983215332,55.45479965209961,55.4900016784668,11914,0.0,0.0,0.0
2024-03-01 15:30:00-05:00,55.5099983215332,55.529998779296875,55.4900016784668,55.5,7674,0.0,0.0,0.0
2024-03-04 09:30:00-05:00,55.34000015258789,55.38999938964844,55.31999969482422,55.38999938964844,3873,0.0,0.0,0.0
2024-03-04 10:30:00-05:00,55.34000015258789,55.34000015258789,55.29499816894531,55.29499816894531,6957,0.0,0.0,0.0
2024-03-04 11:30:00-05:00,55.31990051269531,55.36000061035156,55.28630065917969,55.36000061035156,39405,0.0,0.0,0.0
2024-03-04 12:30:00-05:00,55.3650016784668,55.369998931884766,55.279998779296875,55.28969955444336,14337,0.0,0.0,0.0
2024-03-04 13:30:00-05:00,55.290000915527344,55.31999969482422,55.262699127197266,55.29999923706055,11748,0.0,0.0,0.0
2024-03-04 14:30:00-05:00,55.31999969482422,55.40999984741211,55.31999969482422,55.38999938964844,12685,0.0,0.0,0.0
2024-03-04 15:30:00-05:00,55.369998931884766,55.38999938964844,55.334999084472656,55.349998474121094,6295,0.0,0.0,0.0
2024-03-05 09:30:00-05:00,55.209999084472656,55.209999084472656,55.0,55.029998779296875,4178,0.0,0.0,0.0
2024-03-05 10:30:00-05:00,55.0,55.016300201416016,54.939998626708984,54.96500015258789,7969,0.0,0.0,0.0
2024-03-05 11:30:00-05:00,54.98500061035156,55.0099983215332,54.869998931884766,54.9900016784668,13885,0.0,0.0,0.0
2024-03-05 12:30:00-05:00,54.98500061035156,54.98500061035156,54.900001525878906,54.915000915527344,14250,0.0,0.0,0.0
2024-03-05 13:30:00-05:00,54.925899505615234,54.95000076293945,54.845001220703125,54.845001220703125,20278,0.0,0.0,0.0
2024-03-05 14:30:00-05:00,54.810001373291016,54.810001373291016,54.66999816894531,54.68000030517578,7292,0.0,0.0,0.0
2024-03-05 15:30:00-05:00,54.66999816894531,54.849998474121094,54.66999816894531,54.849998474121094,4814,0.0,0.0,0.0
2024-03-06 09:30:00-05:00,55.060001373291016,55.10409927368164,54.95000076293945,54.959999084472656,28127,0.0,0.0,0.0
2024-03-06 10:30:00-05:00,54.974998474121094,55.08000183105469,54.974998474121094,55.06999969482422,10017,0.0,0.0,0.0
2024-03-06 11:30:00-05:00,55.15999984741211,55.22999954223633,55.11000061035156,55.209999084472656,15190,0.0,0.0,0.0
2024-03-06 12:30:00-05:00,55.19499969482422,55.19810104370117,55.13999938964844,55.17499923706055,2839,0.0,0.0,0.0
2024-03-06 13:30:00-05:00,55.18000030517578,55.18000030517578,54.93000030517578,54.98970031738281,9699,0.0,0.0,0.0
2024-03-06 14:30:00-05:00,55.02000045776367,55.02000045776367,54.895599365234375,54.91999816894531,4870,0.0,0.0,0.0
2024-03-06 15:30:00-05:00,54.95000076293945,55.040000915527344,54.95000076293945,55.03730010986328,0,0.0,0.0,0.0
2024-03-07 09:30:00-05:00,55.25,55.2599983215332,55.209999084472656,55.244998931884766,5017,0.0,0.0,0.0
2024-03-07 10:30:00-05:00,55.279998779296875,55.2942008972168,55.20650100708008,55.23500061035156,11229,0.0,0.0,0.0
2024-03-07 11:30:00-05:00,55.22999954223633,55.27000045776367,55.189998626708984,55.2400016784668,19849,0.0,0.0,0.0
2024-03-07 12:30:00-05:00,55.2400016784668,55.290000915527344,55.220001220703125,55.290000915527344,7336,0.0,0.0,0.0
2024-03-07 13:30:00-05:00,55.290000915527344,55.38999938964844,55.279998779296875,55.29999923706055,11347,0.0,0.0,0.0
2024-03-07 14:30:00-05:00,55.290000915527344,55.310001373291016,55.220001220703125,55.2599983215332,24406,0.0,0.0,0.0
2024-03-07 15:30:00-05:00,55.2599983215332,55.31999969482422,55.244998931884766,55.25,0,0.0,0.0,0.0
2024-03-08 09:30:00-05:00,55.2400016784668,55.337501525878906,55.12009811401367,55.32500076293945,7576,0.0,0.0,0.0
2024-03-08 10:30:00-05:00,55.29999923706055,55.380001068115234,55.29349899291992,55.349998474121094,12702,0.0,0.0,0.0
2024-03-08 11:30:00-05:00,55.38999938964844,55.40999984741211,55.29999923706055,55.38999938964844,16266,0.0,0.0,0.0
2024-03-08 12:30:00-05:00,55.3849983215332,55.38999938964844,55.22999954223633,55.22999954223633,18503,0.0,0.0,0.0
2024-03-08 13:30:00-05:00,55.22999954223633,55.31999969482422,55.119998931884766,55.31999969482422,7270,0.0,0.0,0.0
2024-03-08 14:30:00-05:00,55.34000015258789,55.380001068115234,55.189998626708984,55.189998626708984,10379,0.0,0.0,0.0
2024-03-08 15:30:00-05:00,55.185001373291016,55.22999954223633,55.185001373291016,55.20000076293945,4691,0.0,0.0,0.0
2024-03-11 09:30:00-04:00,55.15999984741211,55.2400016784668,55.02000045776367,55.02000045776367,1616601,0.0,0.0,0.0
2024-03-11 10:30:00-04:00,55.06999969482422,55.130001068115234,55.02000045776367,55.09000015258789,22935,0.0,0.0,0.0
2024-03-11 11:30:00-04:00,55.11090087890625,55.220001220703125,55.11090087890625,55.21500015258789,15815,0.0,0.0,0.0
2024-03-11 12:30:00-04:00,55.220001220703125,55.25,55.19499969482422,55.19499969482422,12159,0.0,0.0,0.0
2024-03-11 13:30:00-04:00,55.29999923706055,55.310001373291016,55.25,55.275001525878906,6852,0.0,0.0,0.0
2024-03-11 14:30:00-04:00,55.30500030517578,55.349998474121094,55.28499984741211,55.334999084472656,9314,0.0,0.0,0.0
2024-03-11 15:30:00-04:00,55.345001220703125,55.36000061035156,55.29999923706055,55.36000061035156,2485,0.0,0.0,0.0
2024-03-12 09:30:00-04:00,55.529998779296875,55.61000061035156,55.400001525878906,55.61000061035156,4071,0.0,0.0,0.0
2024-03-12 10:30:00-04:00,55.7400016784668,55.77000045776367,55.709999084472656,55.720001220703125,12457,0.0,0.0,0.0
2024-03-12 11:30:00-04:00,55.720001220703125,55.75,55.65999984741211,55.65999984741211,5454,0.0,0.0,0.0
2024-03-12 12:30:00-04:00,55.650001525878906,55.689998626708984,55.54999923706055,55.68000030517578,18217,0.0,0.0,0.0
2024-03-12 13:30:00-04:00,55.67499923706055,55.77000045776367,55.67499923706055,55.7599983215332,5395,0.0,0.0,0.0
2024-03-12 14:30:00-04:00,55.845001220703125,55.869998931884766,55.7599983215332,55.849998474121094,19130,0.0,0.0,0.0
2024-03-12 15:30:00-04:00,55.849998474121094,55.869998931884766,55.75,55.75,10418,0.0,0.0,0.0
2024-03-13 09:30:00-04:00,55.81999969482422,55.875,55.77000045776367,55.820098876953125,4567,0.0,0.0,0.0
2024-03-13 10:30:00-04:00,55.820701599121094,55.834999084472656,55.76499938964844,55.810001373291016,19722,0.0,0.0,0.0
2024-03-13 11:30:00-04:00,55.810001373291016,55.849998474121094,55.79999923706055,55.8400993347168,4433,0.0,0.0,0.0
2024-03-13 12:30:00-04:00,55.86000061035156,55.88999938964844,55.84000015258789,55.869998931884766,21099,0.0,0.0,0.0
2024-03-13 13:30:00-04:00,55.85499954223633,55.875701904296875,55.84000015258789,55.875701904296875,3996,0.0,0.0,0.0
2024-03-13 14:30:00-04:00,55.84000015258789,55.849998474121094,55.619998931884766,55.630001068115234,12324,0.0,0.0,0.0
2024-03-13 15:30:00-04:00,55.71160125732422,55.779998779296875,55.71160125732422,55.779998779296875,4640,0.0,0.0,0.0
2024-03-14 09:30:00-04:00,55.900001525878906,55.904998779296875,55.630001068115234,55.7400016784668,7564,0.0,0.0,0.0
2024-03-14 10:30:00-04:00,55.79499816894531,55.79800033569336,55.70000076293945,55.719600677490234,7704,0.0,0.0,0.0
2024-03-14 11:30:00-04:00,55.720001220703125,55.77000045776367,55.70000076293945,55.77000045776367,20954,0.0,0.0,0.0
2024-03-14 12:30:00-04:00,55.7400016784668,55.7400016784668,55.654998779296875,55.654998779296875,11848,0.0,0.0,0.0
2024-03-14 13:30:00-04:00,55.619998931884766,55.77909851074219,55.619998931884766,55.77000045776367,4234,0.0,0.0,0.0
2024-03-14 14:30:00-04:00,55.720001220703125,55.72999954223633,55.61000061035156,55.619998931884766,4837,0.0,0.0,0.0
2024-03-14 15:30:00-04:00,55.64400100708008,55.81999969482422,55.64400100708008,55.81999969482422,1111,0.0,0.0,0.0
2024-03-15 09:30:00-04:00,55.27000045776367,55.40999984741211,55.189998626708984,55.25,9161,0.0,0.0,0.0
2024-03-15 10:30:00-04:00,55.22999954223633,55.31999969482422,55.22999954223633,55.275001525878906,6041,0.0,0.0,0.0
2024-03-15 11:30:00-04:00,55.26969909667969,55.279998779296875,55.13999938964844,55.13999938964844,15888,0.0,0.0,0.0
2024-03-15 12:30:00-04:00,55.15999984741211,55.16999816894531,55.06209945678711,55.16999816894531,20037,0.0,0.0,0.0
2024-03-15 13:30:00-04:00,55.18989944458008,55.22990036010742,55.165000915527344,55.199798583984375,6158,0.0,0.0,0.0
2024-03-15 14:30:00-04:00,55.2599983215332,55.275001525878906,55.23249816894531,55.2599983215332,5826,0.0,0.0,0.0
2024-03-15 15:30:00-04:00,55.244998931884766,55.244998931884766,55.209999084472656,55.22999954223633,2576,0.0,0.0,0.0
2024-03-18 09:30:00-04:00,55.54999923706055,55.7400016784668,55.5099983215332,55.7400016784668,6598,0.0,0.0,0.0
2024-03-18 10:30:00-04:00,55.729000091552734,55.72999954223633,55.68000030517578,55.71009826660156,19128,0.0,0.0,0.0
2024-03-18 11:30:00-04:00,55.75,55.75,55.63999938964844,55.63999938964844,14821,0.0,0.0,0.0
2024-03-18 12:30:00-04:00,55.66999816894531,55.66999816894531,55.630001068115234,55.65999984741211,10846,0.0,0.0,0.0
2024-03-18 13:30:00-04:00,55.654998779296875,55.654998779296875,55.56999969482422,55.61000061035156,10435,0.0,0.0,0.0
2024-03-18 14:30:00-04:00,55.6150016784668,55.619998931884766,55.502899169921875,55.53260040283203,15612,0.0,0.0,0.0
2024-03-18 15:30:00-04:00,55.560001373291016,55.560001373291016,55.361000061035156,55.40999984741211,0,0.0,0.0,0.0
2024-03-19 09:30:00-04:00,55.4900016784668,55.5724983215332,55.439998626708984,55.540000915527344,9279,0.0,0.0,0.0
2024-03-19 10:30:00-04:00,55.540000915527344,55.61000061035156,55.540000915527344,55.61000061035156,21232,0.0,0.0,0.0
2024-03-19 11:30:00-04:00,55.599998474121094,55.68000030517578,55.599998474121094,55.65999984741211,13091,0.0,0.0,0.0
2024-03-19 12:30:00-04:00,55.66999816894531,55.7599983215332,55.66299819946289,55.689998626708984,20020,0.0,0.0,0.0
2024-03-19 13:30:00-04:00,55.70000076293945,55.72999954223633,55.665000915527344,55.689998626708984,6863,0.0,0.0,0.0
2024-03-19 14:30:00-04:00,55.70000076293945,55.720001220703125,55.65999984741211,55.689998626708984,12119,0.0,0.0,0.0
2024-03-19 15:30:00-04:00,55.78499984741211,55.810001373291016,55.7599983215332,55.790000915527344,1756,0.0,0.0,0.0
2024-03-20 09:30:00-04:00,55.790000915527344,55.790000915527344,55.717498779296875,55.7599983215332,5837,0.0,0.0,0.0
2024-03-20 10:30:00-04:00,55.744998931884766,55.7775993347168,55.744998931884766,55.7775993347168,1429,0.0,0.0,0.0
2024-03-20 11:30:00-04:00,55.7400016784668,55.7599983215332,55.72610092163086,55.75,181325,0.0,0.0,0.0
2024-03-20 12:30:00-04:00,55.72999954223633,55.7400016784668,55.72420120239258,55.73870086669922,2870,0.0,0.0,0.0
2024-03-20 13:30:00-04:00,55.72999954223633,55.880001068115234,55.71500015258789,55.849998474121094,8081,0.0,0.0,0.0
2024-03-20 14:30:00-04:00,55.75,56.05979919433594,55.75,56.05979919433594,6361,0.0,0.0,0.0
2024-03-20 15:30:00-04:00,56.05500030517578,56.06999969482422,56.00519943237305,56.02000045776367,0,0.0,0.0,0.0
2024-03-21 09:30:00-04:00,56.189998626708984,56.189998626708984,56.099998474121094,56.130001068115234,2820,0.0,0.0,0.0
2024-03-21 10:30:00-04:00,56.13010025024414,56.15999984741211,56.059898376464844,56.059898376464844,3507,0.0,0.0,0.0
2024-03-21 11:30:00-04:00,56.04999923706055,56.082698822021484,56.04999923706055,56.082698822021484,5554,0.0,0.0,0.0
2024-03-21 12:30:00-04:00,56.04800033569336,56.06999969482422,56.029998779296875,56.04999923706055,4643,0.0,0.0,0.0
2024-03-21 13:30:00-04:00,56.04999923706055,56.06999969482422,56.02000045776367,56.040000915527344,12727,0.0,0.0,0.0
2024-03-21 14:30:00-04:00,56.040000915527344,56.040000915527344,55.97999954223633,56.02000045776367,12064,0.0,0.0,0.0
2024-03-21 15:30:00-04:00,56.029998779296875,56.040000915527344,55.95000076293945,55.970001220703125,27617,0.0,0.0,0.0
2024-03-22 09:30:00-04:00,55.97999954223633,55.9900016784668,55.904998779296875,55.904998779296875,0,0.0,0.0,0.0
2024-03-22 10:30:00-04:00,55.88999938964844,55.88999938964844,55.83000183105469,55.845001220703125,32696,0.0,0.0,0.0
2024-03-22 11:30:00-04:00,55.845001220703125,55.869998931884766,55.790000915527344,55.790000915527344,27545,0.0,0.0,0.0
2024-03-22 12:30:00-04:00,55.83000183105469,55.849998474121094,55.779998779296875,55.837501525878906,9441,0.0,0.0,0.0
2024-03-22 13:30:00-04:00,55.834999084472656,55.88999938964844,55.81999969482422,55.88690185546875,18238,0.0,0.0,0.0
2024-03-22 14:30:00-04:00,55.880001068115234,55.88999938964844,55.790000915527344,55.849998474121094,8201,0.0,0.0,0.0
2024-03-22 15:30:00-04:00,55.842899322509766,55.880001068115234,55.81999969482422,55.86000061035156,4938,0.0,0.0,0.0
2024-03-25 09:30:00-04:00,55.630001068115234,55.630001068115234,55.56370162963867,55.57500076293945,0,0.0,0.0,0.0
2024-03-25 10:30:00-04:00,55.59000015258789,55.61000061035156,55.58000183105469,55.61000061035156,43878,0.0,0.0,0.0
2024-03-25 11:30:00-04:00,55.60499954223633,55.65999984741211,55.60369873046875,55.64500045776367,32825,0.0,0.0,0.0
2024-03-25 12:30:00-04:00,55.64500045776367,55.65999984741211,55.599998474121094,55.630001068115234,6428,0.0,0.0,0.0
2024-03-25 13:30:00-04:00,55.630001068115234,55.650001525878906,55.59000015258789,55.650001525878906,15468,0.0,0.0,0.0
2024-03-25 14:30:00-04:00,55.650001525878906,55.650001525878906,55.599998474121094,55.630001068115234,10893,0.0,0.0,0.0
2024-03-25 15:30:00-04:00,55.63999938964844,55.63999938964844,55.56999969482422,55.61000061035156,1768,0.0,0.0,0.0
2024-03-26 09:30:00-04:00,55.61000061035156,55.650001525878906,55.56999969482422,55.650001525878906,8004,0.0,0.0,0.0
2024-03-26 10:30:00-04:00,55.6411018371582,55.689998626708984,55.6338005065918,55.689998626708984,19129,0.0,0.0,0.0
2024-03-26 11:30:00-04:00,55.670101165771484,55.709999084472656,55.6619987487793,55.68000030517578,18411,0.0,0.0,0.0
2024-03-26 12:30:00-04:00,55.665000915527344,55.66999816894531,55.619998931884766,55.630001068115234,11656,0.0,0.0,0.0
2024-03-26 13:30:00-04:00,55.63999938964844,55.650001525878906,55.59000015258789,55.61000061035156,11958,0.0,0.0,0.0
2024-03-26 14:30:00-04:00,55.630001068115234,55.65999984741211,55.599998474121094,55.650001525878906,4961,0.0,0.0,0.0
2024-03-26 15:30:00-04:00,55.61000061035156,55.619998931884766,55.52000045776367,55.52000045776367,2805,0.0,0.0,0.0
2024-03-27 09:30:00-04:00,55.77000045776367,55.90999984741211,55.77000045776367,55.845001220703125,0,0.0,0.0,0.0
2024-03-27 10:30:00-04:00,55.790000915527344,55.84000015258789,55.790000915527344,55.814998626708984,3529,0.0,0.0,0.0
2024-03-27 11:30:00-04:00,55.80030059814453,55.81999969482422,55.75,55.790000915527344,11104,0.0,0.0,0.0
2024-03-27 12:30:00-04:00,55.810001373291016,55.869998931884766,55.7599983215332,55.81999969482422,19243,0.0,0.0,0.0
2024-03-27 13:30:00-04:00,55.81999969482422,55.849998474121094,55.775001525878906,55.849998474121094,6852,0.0,0.0,0.0
2024-03-27 14:30:00-04:00,55.86000061035156,55.900001525878906,55.810001373291016,55.88999938964844,13644,0.0,0.0,0.0
2024-03-27 15:30:00-04:00,55.88999938964844,56.09000015258789,55.88999938964844,56.06999969482422,7487,0.0,0.0,0.0
2024-03-28 09:30:00-04:00,56.13999938964844,56.18000030517578,56.13999938964844,56.165000915527344,2652,0.0,0.0,0.0
2024-03-28 10:30:00-04:00,56.13999938964844,56.18000030517578,56.13999938964844,56.16389846801758,2543,0.0,0.0,0.0
2024-03-28 11:30:00-04:00,56.15370178222656,56.16899871826172,56.15010070800781,56.15610122680664,4158,0.0,0.0,0.0
2024-03-28 12:30:00-04:00,56.150001525878906,56.16999816894531,56.13999938964844,56.14939880371094,36073,0.0,0.0,0.0
2024-03-28 13:30:00-04:00,56.130001068115234,56.18000030517578,56.130001068115234,56.18000030517578,11078,0.0,0.0,0.0
2024-03-28 14:30:00-04:00,56.154998779296875,56.25,56.154998779296875,56.24250030517578,7012,0.0,0.0,0.0
2024-03-28 15:30:00-04:00,56.2599983215332,56.27000045776367,56.18000030517578,56.18000030517578,1827,0.0,0.0,0.0
2024-04-01 09:30:00-04:00,56.220001220703125,56.220001220703125,55.959999084472656,56.02000045776367,15379,0.0,0.0,0.0
2024-04-01 10:30:00-04:00,55.95500183105469,55.97549819946289,55.90739822387695,55.949501037597656,27430,0.0,0.0,0.0
2024-04-01 11:30:00-04:00,55.93000030517578,55.93000030517578,55.850101470947266,55.900001525878906,4639,0.0,0.0,0.0
2024-04-01 12:30:00-04:00,55.89400100708008,55.91999816894531,55.85049819946289,55.875,5052,0.0,0.0,0.0
2024-04-01 13:30:00-04:00,55.86000061035156,55.90760040283203,55.857200622558594,55.88010025024414,6978,0.0,0.0,0.0
2024-04-01 14:30:00-04:00,55.880001068115234,55.94499969482422,55.880001068115234,55.88999938964844,5557,0.0,0.0,0.0
2024-04-01 15:30:00-04:00,55.939998626708984,55.959999084472656,55.904998779296875,55.959999084472656,4598,0.0,0.0,0.0
2024-04-02 09:30:00-04:00,55.619998931884766,55.665000915527344,55.5,55.540000915527344,3678,0.0,0.0,0.0
2024-04-02 10:30:00-04:00,55.560001373291016,55.584999084472656,55.529998779296875,55.56999969482422,3298,0.0,0.0,0.0
2024-04-02 11:30:00-04:00,55.55950164794922,55.55950164794922,55.47200012207031,55.5,2482,0.0,0.0,0.0
2024-04-02 12:30:00-04:00,55.5099983215332,55.52560043334961,55.5,55.5,1367,0.0,0.0,0.0
2024-04-02 13:30:00-04:00,55.48500061035156,55.54499816894531,55.47999954223633,55.54499816894531,10546,0.0,0.0,0.0
2024-04-02 14:30:00-04:00,55.55500030517578,55.599998474121094,55.529998779296875,55.58000183105469,15721,0.0,0.0,0.0
2024-04-02 15:30:00-04:00,55.61000061035156,55.630001068115234,55.58380126953125,55.59000015258789,1399,0.0,0.0,0.0
2024-04-03 09:30:00-04:00,55.5099983215332,55.65999984741211,55.5099983215332,55.62919998168945,3566,0.0,0.0,0.0
2024-04-03 10:30:00-04:00,55.68000030517578,55.68000030517578,55.65999984741211,55.65999984741211,1534,0.0,0.0,0.0
2024-04-03 11:30:00-04:00,55.66400146484375,55.66400146484375,55.59000015258789,55.6349983215332,1150,0.0,0.0,0.0
2024-04-03 12:30:00-04:00,55.63999938964844,55.63999938964844,55.54999923706055,55.619998931884766,38046,0.0,0.0,0.0
2024-04-03 13:30:00-04:00,55.619998931884766,55.63999938964844,55.599998474121094,55.612701416015625,11859,0.0,0.0,0.0
2024-04-03 14:30:00-04:00,55.58000183105469,55.619998931884766,55.40999984741211,55.459999084472656,9083,0.0,0.0,0.0
2024-04-03 15:30:00-04:00,55.494998931884766,55.58000183105469,55.47999954223633,55.52000045776367,24622,0.0,0.0,0.0
2024-04-04 09:30:00-04:00,55.790000915527344,55.82500076293945,55.790000915527344,55.814998626708984,0,0.0,0.0,0.0
2024-04-04 10:30:00-04:00,55.75,55.7599983215332,55.7400016784668,55.7599983215332,707,0.0,0.0,0.0
2024-04-04 11:30:00-04:00,55.785701751708984,55.83000183105469,55.770999908447266,55.779998779296875,4110,0.0,0.0,0.0
2024-04-04 12:30:00-04:00,55.779998779296875,55.790000915527344,55.75,55.75,78403,0.0,0.0,0.0
2024-04-04 13:30:00-04:00,55.720001220703125,55.73500061035156,55.380001068115234,55.40999984741211,18770,0.0,0.0,0.0
2024-04-04 14:30:00-04:00,55.29999923706055,55.29999923706055,55.09000015258789,55.09000015258789,10595,0.0,0.0,0.0
2024-04-04 15:30:00-04:00,55.04999923706055,55.04999923706055,54.959999084472656,54.959999084472656,3489,0.0,0.0,0.0
2024-04-05 09:30:00-04:00,55.060001373291016,55.209999084472656,55.060001373291016,55.150001525878906,2734,0.0,0.0,0.0
2024-04-05 10:30:00-04:00,55.14580154418945,55.314998626708984,55.14580154418945,55.314998626708984,14215,0.0,0.0,0.0
2024-04-05 11:30:00-04:00,55.369998931884766,55.529998779296875,55.34000015258789,55.5099983215332,102914,0.0,0.0,0.0
2024-04-05 12:30:00-04:00,55.4900016784668,55.529998779296875,55.40999984741211,55.40999984741211,4814,0.0,0.0,0.0
2024-04-05 13:30:00-04:00,55.435001373291016,55.470001220703125,55.27000045776367,55.380001068115234,15694,0.0,0.0,0.0
2024-04-05 14:30:00-04:00,55.33000183105469,55.380001068115234,55.28020095825195,55.33000183105469,12915,0.0,0.0,0.0
2024-04-05 15:30:00-04:00,55.36000061035156,55.400001525878906,55.349998474121094,55.349998474121094,3206,0.0,0.0,0.0
2024-04-08 09:30:00-04:00,55.369998931884766,55.38290023803711,55.349998474121094,55.380001068115234,3071,0.0,0.0,0.0
2024-04-08 10:30:00-04:00,55.439998626708984,55.48640060424805,55.43000030517578,55.47010040283203,1842,0.0,0.0,0.0
2024-04-08 11:30:00-04:00,55.38690185546875,55.39500045776367,55.349998474121094,55.349998474121094,78273,0.0,0.0,0.0
2024-04-08 12:30:00-04:00,55.380001068115234,55.458499908447266,55.380001068115234,55.435001373291016,13265,0.0,0.0,0.0
2024-04-08 13:30:00-04:00,55.435001373291016,55.47999954223633,55.400001525878906,55.439998626708984,8659,0.0,0.0,0.0
2024-04-08 14:30:00-04:00,55.43000030517578,55.44490051269531,55.400001525878906,55.435001373291016,9727,0.0,0.0,0.0
2024-04-08 15:30:00-04:00,55.45000076293945,55.47999954223633,55.375,55.38999938964844,4081,0.0,0.0,0.0
2024-04-09 09:30:00-04:00,55.5099983215332,55.569698333740234,55.31999969482422,55.31999969482422,0,0.0,0.0,0.0
2024-04-09 10:30:00-04:00,55.25,55.25,55.035701751708984,55.14400100708008,4013,0.0,0.0,0.0
2024-04-09 11:30:00-04:00,55.156700134277344,55.265098571777344,55.156700134277344,55.255001068115234,3831,0.0,0.0,0.0
2024-04-09 12:30:00-04:00,55.2400016784668,55.279998779296875,55.17499923706055,55.25550079345703,36073,0.0,0.0,0.0
2024-04-09 13:30:00-04:00,55.25,55.29999923706055,55.18000030517578,55.18000030517578,69960,0.0,0.0,0.0
2024-04-09 14:30:00-04:00,55.16999816894531,55.279998779296875,55.1161003112793,55.279998779296875,15202,0.0,0.0,0.0
2024-04-09 15:30:00-04:00,55.35499954223633,55.41999816894531,55.290000915527344,55.41999816894531,4444,0.0,0.0,0.0
2024-04-10 09:30:00-04:00,54.95000076293945,54.959999084472656,54.83000183105469,54.959999084472656,0,0.0,0.0,0.0
2024-04-10 10:30:00-04:00,54.939998626708984,55.04499816894531,54.91999816894531,54.99909973144531,2478,0.0,0.0,0.0
2024-04-10 11:30:00-04:00,54.790000915527344,54.79999923706055,54.75410079956055,54.779998779296875,25397,0.0,0.0,0.0
2024-04-10 12:30:00-04:00,54.790000915527344,54.93000030517578,54.686100006103516,54.91999816894531,12085,0.0,0.0,0.0
2024-04-10 13:30:00-04:00,54.81999969482422,54.95000076293945,54.720001220703125,54.810001373291016,8532,0.0,0.0,0.0
2024-04-10 14:30:00-04:00,54.83570098876953,54.970001220703125,54.77000045776367,54.935001373291016,10131,0.0,0.0,0.0
2024-04-10 15:30:00-04:00,54.875,54.970001220703125,54.85499954223633,54.90999984741211,2788,0.0,0.0,0.0
2024-04-11 09:30:00-04:00,55.0,55.0,54.650001525878906,54.650001525878906,4834,0.0,0.0,0.0
2024-04-11 10:30:00-04:00,54.687198638916016,54.720001220703125,54.63999938964844,54.717498779296875,2206,0.0,0.0,0.0
2024-04-11 11:30:00-04:00,54.70949935913086,54.79999923706055,54.685001373291016,54.790000915527344,40418,0.0,0.0,0.0
2024-04-11 12:30:00-04:00,54.753501892089844,54.95000076293945,54.70500183105469,54.95000076293945,5541,0.0,0.0,0.0
2024-04-11 13:30:00-04:00,54.900001525878906,55.11000061035156,54.900001525878906,55.05059814453125,9026,0.0,0.0,0.0
2024-04-11 14:30:00-04:00,55.08000183105469,55.09000015258789,54.974998474121094,55.0099983215332,10114,0.0,0.0,0.0
2024-04-11 15:30:00-04:00,54.970001220703125,55.00640106201172,54.869998931884766,54.869998931884766,0,0.0,0.0,0.0
2024-04-12 09:30:00-04:00,54.709999084472656,54.842098236083984,54.68000030517578,54.720001220703125,5835,0.0,0.0,0.0
2024-04-12 10:30:00-04:00,54.68000030517578,54.68000030517578,54.584800720214844,54.61669921875,1346,0.0,0.0,0.0
2024-04-12 11:30:00-04:00,54.632301330566406,54.685001373291016,54.5,54.52000045776367,27886,0.0,0.0,0.0
2024-04-12 12:30:00-04:00,54.4900016784668,54.4900016784668,54.279998779296875,54.279998779296875,13062,0.0,0.0,0.0
2024-04-12 13:30:00-04:00,54.28499984741211,54.470001220703125,54.27000045776367,54.404998779296875,13575,0.0,0.0,0.0
2024-04-12 14:30:00-04:00,54.400001525878906,54.400001525878906,54.290000915527344,54.34000015258789,16820,0.0,0.0,0.0
2024-04-12 15:30:00-04:00,54.329498291015625,54.45000076293945,54.329498291015625,54.439998626708984,10176,0.0,0.0,0.0
2024-04-15 09:30:00-04:00,54.86000061035156,54.880001068115234,54.54999923706055,54.54999923706055,0,0.0,0.0,0.0
2024-04-15 10:30:00-04:00,54.57789993286133,54.58000183105469,54.5099983215332,54.529998779296875,4914,0.0,0.0,0.0
2024-04-15 11:30:00-04:00,54.61000061035156,54.65999984741211,54.47999954223633,54.4900016784668,5144,0.0,0.0,0.0
2024-04-15 12:30:00-04:00,54.435001373291016,54.47949981689453,54.20000076293945,54.20000076293945,8459,0.0,0.0,0.0
2024-04-15 13:30:00-04:00,54.099998474121094,54.15999984741211,54.0099983215332,54.03269958496094,9468,0.0,0.0,0.0
2024-04-15 14:30:00-04:00,54.029998779296875,54.125,53.91999816894531,53.970001220703125,11404,0.0,0.0,0.0
2024-04-15 15:30:00-04:00,53.97949981689453,54.025001525878906,53.928001403808594,53.9900016784668,0,0.0,0.0,0.0
2024-04-16 09:30:00-04:00,54.08000183105469,54.08000183105469,53.939998626708984,53.96500015258789,3741,0.0,0.0,0.0
2024-04-16 10:30:00-04:00,53.90999984741211,53.91999816894531,53.849998474121094,53.88990020751953,5281,0.0,0.0,0.0
2024-04-16 11:30:00-04:00,53.909400939941406,54.04999923706055,53.909400939941406,54.02000045776367,11231,0.0,0.0,0.0
2024-04-16 12:30:00-04:00,53.9900016784668,53.9900016784668,53.93000030517578,53.95000076293945,26808,0.0,0.0,0.0
2024-04-16 13:30:00-04:00,53.93000030517578,54.099998474121094,53.790000915527344,53.81999969482422,28557,0.0,0.0,0.0
2024-04-16 14:30:00-04:00,53.83000183105469,54.09000015258789,53.83000183105469,54.09000015258789,7359,0.0,0.0,0.0
2024-04-16 15:30:00-04:00,54.029998779296875,54.029998779296875,53.84000015258789,53.86000061035156,11575,0.0,0.0,0.0
2024-04-17 09:30:00-04:00,54.029998779296875,54.08000183105469,53.97710037231445,53.98500061035156,4062,0.0,0.0,0.0
2024-04-17 10:30:00-04:00,53.96500015258789,53.96500015258789,53.80500030517578,53.80500030517578,22667,0.0,0.0,0.0
2024-04-17 11:30:00-04:00,53.7599983215332,53.77000045776367,53.64500045776367,53.689998626708984,15208,0.0,0.0,0.0
2024-04-17 12:30:00-04:00,53.67499923706055,53.808998107910156,53.630001068115234,53.808998107910156,7968,0.0,0.0,0.0
2024-04-17 13:30:00-04:00,53.83000183105469,53.869998931884766,53.755001068115234,53.80500030517578,23165,0.0,0.0,0.0
2024-04-17 14:30:00-04:00,53.79999923706055,53.95500183105469,53.70220184326172,53.814998626708984,10136,0.0,0.0,0.0
2024-04-17 15:30:00-04:00,53.79499816894531,53.79999923706055,53.72999954223633,53.77000045776367,5021,0.0,0.0,0.0
2024-04-18 09:30:00-04:00,53.90999984741211,53.90999984741211,53.779998779296875,53.842201232910156,0,0.0,0.0,0.0
2024-04-18 10:30:00-04:00,53.94499969482422,54.040000915527344,53.939998626708984,54.02000045776367,19177,0.0,0.0,0.0
2024-04-18 11:30:00-04:00,53.94889831542969,53.970001220703125,53.880001068115234,53.880001068115234,13172,0.0,0.0,0.0
2024-04-18 12:30:00-04:00,53.89500045776367,53.900001525878906,53.63999938964844,53.72999954223633,14213,0.0,0.0,0.0
2024-04-18 13:30:00-04:00,53.720001220703125,53.744998931884766,53.619998931884766,53.689998626708984,20063,0.0,0.0,0.0
2024-04-18 14:30:00-04:00,53.64500045776367,53.75,53.619998931884766,53.72999954223633,15935,0.0,0.0,0.0
2024-04-18 15:30:00-04:00,53.7599983215332,53.810001373291016,53.70000076293945,53.71620178222656,5860,0.0,0.0,0.0
2024-04-19 09:30:00-04:00,53.75,53.880001068115234,53.75,53.84000015258789,5170,0.0,0.0,0.0
2024-04-19 10:30:00-04:00,53.85499954223633,53.86000061035156,53.790000915527344,53.79999923706055,5562,0.0,0.0,0.0
2024-04-19 11:30:00-04:00,53.790000915527344,53.834999084472656,53.654998779296875,53.654998779296875,20853,0.0,0.0,0.0
2024-04-19 12:30:00-04:00,53.65999984741211,53.83000183105469,53.625,53.779998779296875,18579,0.0,0.0,0.0
2024-04-19 13:30:00-04:00,53.77000045776367,53.935001373291016,53.77000045776367,53.80400085449219,19347,0.0,0.0,0.0
2024-04-19 14:30:00-04:00,53.7599983215332,53.79999923706055,53.73680114746094,53.775001525878906,12790,0.0,0.0,0.0
2024-04-19 15:30:00-04:00,53.76150131225586,53.79999923706055,53.7041015625,53.79999923706055,1582,0.0,0.0,0.0
2024-04-22 09:30:00-04:00,54.0099983215332,54.0099983215332,53.970001220703125,53.97999954223633,0,0.0,0.0,0.0
2024-04-22 10:30:00-04:00,53.994998931884766,54.0099983215332,53.915000915527344,53.915000915527344,1087,0.0,0.0,0.0
2024-04-22 11:30:00-04:00,53.95650100708008,54.09000015258789,53.94409942626953,54.040000915527344,81124,0.0,0.0,0.0
2024-04-22 12:30:00-04:00,54.0099983215332,54.20000076293945,54.0,54.20000076293945,6977,0.0,0.0,0.0
2024-04-22 13:30:00-04:00,54.22999954223633,54.42499923706055,54.22999954223633,54.41999816894531,7588,0.0,0.0,0.0
2024-04-22 14:30:00-04:00,54.42499923706055,54.42499923706055,54.22999954223633,54.22999954223633,15207,0.0,0.0,0.0
2024-04-22 15:30:00-04:00,54.220001220703125,54.220001220703125,54.099998474121094,54.13999938964844,195069,0.0,0.0,0.0
2024-04-23 09:30:00-04:00,54.2400016784668,54.41999816894531,54.2400016784668,54.34000015258789,28971,0.0,0.0,0.0
2024-04-23 10:30:00-04:00,54.38999938964844,54.459999084472656,54.380001068115234,54.439998626708984,3624,0.0,0.0,0.0
2024-04-23 11:30:00-04:00,54.40999984741211,54.47999954223633,54.40039825439453,54.470001220703125,17805,0.0,0.0,0.0
2024-04-23 12:30:00-04:00,54.505001068115234,54.58000183105469,54.46500015258789,54.505001068115234,33212,0.0,0.0,0.0
2024-04-23 13:30:00-04:00,54.490501403808594,54.53239822387695,54.490501403808594,54.5,14406,0.0,0.0,0.0
2024-04-23 14:30:00-04:00,54.529300689697266,54.529300689697266,54.439998626708984,54.439998626708984,8381,0.0,0.0,0.0
2024-04-23 15:30:00-04:00,54.459999084472656,54.4900016784668,54.439998626708984,54.44169998168945,0,0.0,0.0,0.0
2024-04-24 09:30:00-04:00,54.45000076293945,54.45000076293945,54.34000015258789,54.3400993347168,3602,0.0,0.0,0.0
2024-04-24 10:30:00-04:00,54.35309982299805,54.35309982299805,54.275001525878906,54.28030014038086,3107,0.0,0.0,0.0
2024-04-24 11:30:00-04:00,54.29999923706055,54.35900115966797,54.290000915527344,54.34000015258789,19671,0.0,0.0,0.0
2024-04-24 12:30:00-04:00,54.31999969482422,54.400001525878906,54.310001373291016,54.400001525878906,3077,0.0,0.0,0.0
2024-04-24 13:30:00-04:00,54.45000076293945,54.54999923706055,54.45000076293945,54.47999954223633,13874,0.0,0.0,0.0
2024-04-24 14:30:00-04:00,54.499900817871094,54.560001373291016,54.43000030517578,54.560001373291016,10133,0.0,0.0,0.0
2024-04-24 15:30:00-04:00,54.54999923706055,54.56990051269531,54.52000045776367,54.525001525878906,10188,0.0,0.0,0.0
2024-04-25 09:30:00-04:00,53.970001220703125,54.040000915527344,53.84000015258789,53.85200119018555,8593,0.0,0.0,0.0
2024-04-25 10:30:00-04:00,53.869998931884766,53.90999984741211,53.790000915527344,53.904998779296875,1976,0.0,0.0,0.0
2024-04-25 11:30:00-04:00,53.92499923706055,54.119998931884766,53.92499923706055,54.119998931884766,14844,0.0,0.0,0.0
2024-04-25 12:30:00-04:00,54.11690139770508,54.16999816894531,54.08000183105469,54.08000183105469,7354,0.0,0.0,0.0
2024-04-25 13:30:00-04:00,54.119998931884766,54.31999969482422,54.11000061035156,54.18000030517578,15049,0.0,0.0,0.0
2024-04-25 14:30:00-04:00,54.189998626708984,54.310001373291016,54.119998931884766,54.29999923706055,5840,0.0,0.0,0.0
2024-04-25 15:30:00-04:00,54.290000915527344,54.290000915527344,54.189998626708984,54.27000045776367,0,0.0,0.0,0.0
2024-04-26 09:30:00-04:00,54.56999969482422,54.66999816894531,54.560001373291016,54.6150016784668,2783,0.0,0.0,0.0
2024-04-26 10:30:00-04:00,54.625,54.625,54.54999923706055,54.560001373291016,1120,0.0,0.0,0.0
2024-04-26 11:30:00-04:00,54.564998626708984,54.65999984741211,54.560001373291016,54.60499954223633,14362,0.0,0.0,0.0
2024-04-26 12:30:00-04:00,54.619998931884766,54.650001525878906,54.61000061035156,54.630001068115234,37601,0.0,0.0,0.0
2024-04-26 13:30:00-04:00,54.630001068115234,54.65999984741211,54.59000015258789,54.59000015258789,9162,0.0,0.0,0.0
2024-04-26 14:30:00-04:00,54.59000015258789,54.65999984741211,54.56999969482422,54.65999984741211,24760,0.0,0.0,0.0
2024-04-26 15:30:00-04:00,54.650001525878906,54.650001525878906,54.47999954223633,54.47999954223633,10997,0.0,0.0,0.0
2024-04-29 09:30:00-04:00,54.59000015258789,54.689998626708984,54.59000015258789,54.650001525878906,6479,0.0,0.0,0.0
2024-04-29 10:30:00-04:00,54.65589904785156,54.66999816894531,54.58000183105469,54.58000183105469,44824,0.0,0.0,0.0
2024-04-29 11:30:00-04:00,54.540000915527344,54.59000015258789,54.52000045776367,54.59000015258789,15103,0.0,0.0,0.0
2024-04-29 12:30:00-04:00,54.61000061035156,54.619998931884766,54.571998596191406,54.61000061035156,11659,0.0,0.0,0.0
2024-04-29 13:30:00-04:00,54.61000061035156,54.62770080566406,54.56999969482422,54.56999969482422,17788,0.0,0.0,0.0
2024-04-29 14:30:00-04:00,54.4900016784668,54.54999923706055,54.380001068115234,54.48500061035156,11095,0.0,0.0,0.0
2024-04-29 15:30:00-04:00,54.47999954223633,54.56019973754883,54.47999954223633,54.56019973754883,4557,0.0,0.0,0.0
2024-04-30 09:30:00-04:00,54.4900016784668,54.5,54.424598693847656,54.45000076293945,0,0.0,0.0,0.0
2024-04-30 10:30:00-04:00,54.40999984741211,54.41999816894531,54.26089859008789,54.279998779296875,31192,0.0,0.0,0.0
2024-04-30 11:30:00-04:00,54.2400016784668,54.3297004699707,54.2400016784668,54.3297004699707,2141,0.0,0.0,0.0
2024-04-30 12:30:00-04:00,54.19969940185547,54.22800064086914,54.16999816894531,54.201900482177734,9833,0.0,0.0,0.0
2024-04-30 13:30:00-04:00,54.206199645996094,54.2599983215332,54.206199645996094,54.24919891357422,888,0.0,0.0,0.0
2024-04-30 14:30:00-04:00,54.20000076293945,54.220001220703125,54.130001068115234,54.13010025024414,7257,0.0,0.0,0.0
2024-04-30 15:30:00-04:00,54.16999816894531,54.16999816894531,53.99340057373047,53.99340057373047,4874,0.0,0.0,0.0
2024-05-01 09:30:00-04:00,53.86000061035156,53.9900016784668,53.85499954223633,53.9900016784668,5462,0.0,0.0,0.0
2024-05-01 10:30:00-04:00,53.97999954223633,54.069698333740234,53.97999954223633,54.04999923706055,4081,0.0,0.0,0.0
2024-05-01 11:30:00-04:00,54.06999969482422,54.130001068115234,54.06999969482422,54.119998931884766,21958,0.0,0.0,0.0
2024-05-01 12:30:00-04:00,54.119998931884766,54.119998931884766,54.064998626708984,54.1150016784668,109566,0.0,0.0,0.0
2024-05-01 13:30:00-04:00,54.119998931884766,54.2400016784668,54.058998107910156,54.2400016784668,24474,0.0,0.0,0.0
2024-05-01 14:30:00-04:00,54.150001525878906,54.55009841918945,54.099998474121094,54.470001220703125,31273,0.0,0.0,0.0
2024-05-01 15:30:00-04:00,54.43000030517578,54.43000030517578,53.97999954223633,53.97999954223633,5539,0.0,0.0,0.0
2024-05-02 09:30:00-04:00,54.220001220703125,54.220001220703125,53.86000061035156,54.0099983215332,0,0.0,0.0,0.0
2024-05-02 10:30:00-04:00,54.029998779296875,54.06999969482422,53.919898986816406,54.04999923706055,5325,0.0,0.0,0.0
2024-05-02 11:30:00-04:00,53.9900016784668,54.040000915527344,53.930301666259766,54.0,61607,0.0,0.0,0.0
2024-05-02 12:30:00-04:00,54.0,54.095001220703125,53.9468994140625,54.080101013183594,35085,0.0,0.0,0.0
2024-05-02 13:30:00-04:00,54.14500045776367,54.189998626708984,54.099998474121094,54.185001373291016,36275,0.0,0.0,0.0
2024-05-02 14:30:00-04:00,54.189998626708984,54.29010009765625,54.189998626708984,54.255001068115234,32426,0.0,0.0,0.0
2024-05-02 15:30:00-04:00,54.20000076293945,54.220001220703125,54.11000061035156,54.220001220703125,19162,0.0,0.0,0.0
2024-05-03 09:30:00-04:00,54.77000045776367,54.77000045776367,54.470001220703125,54.47999954223633,0,0.0,0.0,0.0
2024-05-03 10:30:00-04:00,54.4900016784668,54.560001373291016,54.47999954223633,54.560001373291016,17279,0.0,0.0,0.0
2024-05-03 11:30:00-04:00,54.58000183105469,54.70000076293945,54.58000183105469,54.695899963378906,22668,0.0,0.0,0.0
2024-05-03 12:30:00-04:00,54.689998626708984,54.7400016784668,54.685001373291016,54.720001220703125,11331,0.0,0.0,0.0
2024-05-03 13:30:00-04:00,54.7599983215332,54.80030059814453,54.7599983215332,54.79999923706055,11532,0.0,0.0,0.0
2024-05-03 14:30:00-04:00,54.78630065917969,54.799800872802734,54.77000045776367,54.781898498535156,3907,0.0,0.0,0.0
2024-05-03 15:30:00-04:00,54.80500030517578,54.80500030517578,54.7400016784668,54.7400016784668,6771,0.0,0.0,0.0
2024-05-06 09:30:00-04:00,54.900001525878906,54.970001220703125,54.899898529052734,54.9202995300293,0,0.0,0.0,0.0
2024-05-06 10:30:00-04:00,54.927398681640625,54.93600082397461,54.8849983215332,54.88999938964844,10827,0.0,0.0,0.0
2024-05-06 11:30:00-04:00,54.86149978637695,54.87990188598633,54.84000015258789,54.84000015258789,3260,0.0,0.0,0.0
2024-05-06 12:30:00-04:00,54.88999938964844,54.939998626708984,54.88999938964844,54.90999984741211,9179,0.0,0.0,0.0
2024-05-06 13:30:00-04:00,54.939998626708984,54.9900016784668,54.935001373291016,54.9900016784668,5671,0.0,0.0,0.0
2024-05-06 14:30:00-04:00,55.009498596191406,55.029998779296875,54.97999954223633,55.0099983215332,40417,0.0,0.0,0.0
2024-05-06 15:30:00-04:00,54.98899841308594,55.16999816894531,54.97999954223633,55.15999984741211,24379,0.0,0.0,0.0
2024-05-07 09:30:00-04:00,55.33000183105469,55.43000030517578,55.310001373291016,55.43000030517578,0,0.0,0.0,0.0
2024-05-07 10:30:00-04:00,55.40999984741211,55.45000076293945,55.38740158081055,55.45000076293945,8559,0.0,0.0,0.0
2024-05-07 11:30:00-04:00,55.45000076293945,55.45000076293945,55.4202995300293,55.43009948730469,11044,0.0,0.0,0.0
2024-05-07 12:30:00-04:00,55.42499923706055,55.47999954223633,55.40999984741211,55.47999954223633,14302,0.0,0.0,0.0
2024-05-07 13:30:00-04:00,55.4900016784668,55.4900016784668,55.380001068115234,55.400001525878906,14432,0.0,0.0,0.0
2024-05-07 14:30:00-04:00,55.39500045776367,55.43000030517578,55.36949920654297,55.415000915527344,19691,0.0,0.0,0.0
2024-05-07 15:30:00-04:00,55.43000030517578,55.4900016784668,55.38999938964844,55.470001220703125,6788,0.0,0.0,0.0
2024-05-08 09:30:00-04:00,55.34000015258789,55.35969924926758,55.29999923706055,55.29999923706055,5045,0.0,0.0,0.0
2024-05-08 10:30:00-04:00,55.342201232910156,55.43920135498047,55.342201232910156,55.43920135498047,2107,0.0,0.0,0.0
2024-05-08 11:30:00-04:00,55.412601470947266,55.439998626708984,55.40019989013672,55.40999984741211,11746,0.0,0.0,0.0
2024-05-08 12:30:00-04:00,55.400001525878906,55.400001525878906,55.35969924926758,55.36000061035156,12179,0.0,0.0,0.0
2024-05-08 13:30:00-04:00,55.36000061035156,55.45000076293945,55.36000061035156,55.4182014465332,11616,0.0,0.0,0.0
2024-05-08 14:30:00-04:00,55.435001373291016,55.435001373291016,55.375,55.400001525878906,10850,0.0,0.0,0.0
2024-05-08 15:30:00-04:00,55.40999984741211,55.439998626708984,55.404998779296875,55.43000030517578,0,0.0,0.0,0.0
2024-05-09 09:30:00-04:00,55.38999938964844,55.5099983215332,55.38999938964844,55.5099983215332,3004,0.0,0.0,0.0
2024-05-09 10:30:00-04:00,55.5,55.56999969482422,55.5,55.56999969482422,2622,0.0,0.0,0.0
2024-05-09 11:30:00-04:00,55.54819869995117,55.56999969482422,55.529998779296875,55.56999969482422,6263,0.0,0.0,0.0
2024-05-09 12:30:00-04:00,55.55500030517578,55.65999984741211,55.54010009765625,55.625701904296875,21665,0.0,0.0,0.0
2024-05-09 13:30:00-04:00,55.630001068115234,55.630001068115234,55.595001220703125,55.595001220703125,8195,0.0,0.0,0.0
2024-05-09 14:30:00-04:00,55.619998931884766,55.70000076293945,55.619998931884766,55.67499923706055,8214,0.0,0.0,0.0
2024-05-09 15:30:00-04:00,55.66999816894531,55.72999954223633,55.652400970458984,55.720001220703125,6109,0.0,0.0,0.0
2024-05-10 09:30:00-04:00,55.709999084472656,55.7599983215332,55.709999084472656,55.744998931884766,8877,0.0,0.0,0.0
2024-05-10 10:30:00-04:00,55.69889831542969,55.709999084472656,55.65999984741211,55.6609001159668,14622,0.0,0.0,0.0
2024-05-10 11:30:00-04:00,55.672401428222656,55.685001373291016,55.654998779296875,55.66999816894531,7268,0.0,0.0,0.0
2024-05-10 12:30:00-04:00,55.665000915527344,55.70000076293945,55.650001525878906,55.65999984741211,7306,0.0,0.0,0.0
2024-05-10 13:30:00-04:00,55.650001525878906,55.709999084472656,55.630001068115234,55.67250061035156,4911,0.0,0.0,0.0
2024-05-10 14:30:00-04:00,55.67499923706055,55.75,55.64500045776367,55.7400016784668,9735,0.0,0.0,0.0
2024-05-10 15:30:00-04:00,55.72999954223633,55.75,55.720001220703125,55.72999954223633,8117,0.0,0.0,0.0
2024-05-13 09:30:00-04:00,55.849998474121094,55.849998474121094,55.7400016784668,55.810001373291016,0,0.0,0.0,0.0
2024-05-13 10:30:00-04:00,55.762298583984375,55.79999923706055,55.762298583984375,55.77000045776367,0,0.0,0.0,0.0
2024-05-13 11:30:00-04:00,55.744998931884766,55.744998931884766,55.700801849365234,55.724998474121094,20433,0.0,0.0,0.0
2024-05-13 12:30:00-04:00,55.724998474121094,55.72999954223633,55.650001525878906,55.70500183105469,15695,0.0,0.0,0.0
2024-05-13 13:30:00-04:00,55.709999084472656,55.720001220703125,55.66999816894531,55.720001220703125,8803,0.0,0.0,0.0
2024-05-13 14:30:00-04:00,55.720001220703125,55.75,55.70500183105469,55.70500183105469,10922,0.0,0.0,0.0
2024-05-13 15:30:00-04:00,55.744998931884766,55.75,55.709999084472656,55.71540069580078,0,0.0,0.0,0.0
2024-05-14 09:30:00-04:00,55.7599983215332,55.779998779296875,55.720001220703125,55.720001220703125,4046,0.0,0.0,0.0
2024-05-14 10:30:00-04:00,55.7599983215332,55.7599983215332,55.649898529052734,55.66999816894531,15132,0.0,0.0,0.0
2024-05-14 11:30:00-04:00,55.66999816894531,55.66999816894531,55.59510040283203,55.619998931884766,11077,0.0,0.0,0.0
2024-05-14 12:30:00-04:00,55.619998931884766,55.619998931884766,55.57500076293945,55.61000061035156,7872,0.0,0.0,0.0
2024-05-14 13:30:00-04:00,55.630001068115234,55.7400016784668,55.630001068115234,55.7400016784668,9200,0.0,0.0,0.0
2024-05-14 14:30:00-04:00,55.7400016784668,55.86000061035156,55.7400016784668,55.849998474121094,9291,0.0,0.0,0.0
2024-05-14 15:30:00-04:00,55.84000015258789,55.869998931884766,55.84000015258789,55.869998931884766,26471,0.0,0.0,0.0
2024-05-15 09:30:00-04:00,55.95000076293945,56.084999084472656,55.95000076293945,56.06999969482422,7399,0.0,0.0,0.0
2024-05-15 10:30:00-04:00,56.09000015258789,56.189998626708984,56.075599670410156,56.189998626708984,18154,0.0,0.0,0.0
2024-05-15 11:30:00-04:00,56.18000030517578,56.18000030517578,56.133201599121094,56.150001525878906,7945,0.0,0.0,0.0
2024-05-15 12:30:00-04:00,56.1614990234375,56.2400016784668,56.1614990234375,56.220001220703125,5160,0.0,0.0,0.0
2024-05-15 13:30:00-04:00,56.220001220703125,56.244998931884766,56.17499923706055,56.20000076293945,10044,0.0,0.0,0.0
2024-05-15 14:30:00-04:00,56.209999084472656,56.22999954223633,56.189998626708984,56.209999084472656,18849,0.0,0.0,0.0
2024-05-15 15:30:00-04:00,56.209999084472656,56.2599983215332,56.20130157470703,56.2599983215332,12258,0.0,0.0,0.0
2024-05-16 09:30:00-04:00,56.31999969482422,56.404998779296875,56.310001373291016,56.39929962158203,4693,0.0,0.0,0.0
2024-05-16 10:30:00-04:00,56.400001525878906,56.44990158081055,56.3849983215332,56.41999816894531,7261,0.0,0.0,0.0
2024-05-16 11:30:00-04:00,56.43000030517578,56.45000076293945,56.380001068115234,56.380001068115234,8666,0.0,0.0,0.0
2024-05-16 12:30:00-04:00,56.36000061035156,56.40999984741211,56.36000061035156,56.380001068115234,8173,0.0,0.0,0.0
2024-05-16 13:30:00-04:00,56.36000061035156,56.36000061035156,56.29999923706055,56.33000183105469,13252,0.0,0.0,0.0
2024-05-16 14:30:00-04:00,56.369998931884766,56.40999984741211,56.369998931884766,56.380001068115234,13062,0.0,0.0,0.0
2024-05-16 15:30:00-04:00,56.380001068115234,56.41999816894531,56.314998626708984,56.314998626708984,8023,0.0,0.0,0.0
2024-05-17 09:30:00-04:00,56.33000183105469,56.34000015258789,56.310001373291016,56.33000183105469,4662,0.0,0.0,0.0
2024-05-17 10:30:00-04:00,56.34000015258789,56.340301513671875,56.29999923706055,56.31990051269531,4628,0.0,0.0,0.0
2024-05-17 11:30:00-04:00,56.279998779296875,56.339500427246094,56.27080154418945,56.29010009765625,24531,0.0,0.0,0.0
2024-05-17 12:30:00-04:00,56.33000183105469,56.347599029541016,56.33000183105469,56.34000015258789,3804,0.0,0.0,0.0
2024-05-17 13:30:00-04:00,56.359500885009766,56.369998931884766,56.31999969482422,56.349998474121094,4114,0.0,0.0,0.0
2024-05-17 14:30:00-04:00,56.35919952392578,56.439998626708984,56.351600646972656,56.439998626708984,3501,0.0,0.0,0.0
2024-05-17 15:30:00-04:00,56.45000076293945,56.474998474121094,56.439998626708984,56.459999084472656,5637,0.0,0.0,0.0
2024-05-20 09:30:00-04:00,56.400001525878906,56.54499816894531,56.400001525878906,56.54499816894531,3651,0.0,0.0,0.0
2024-05-20 10:30:00-04:00,56.529998779296875,56.560001373291016,56.529998779296875,56.54999923706055,42296,0.0,0.0,0.0
2024-05-20 11:30:00-04:00,56.54999923706055,56.54999923706055,56.47999954223633,56.4900016784668,7145,0.0,0.0,0.0
2024-05-20 12:30:00-04:00,56.4900016784668,56.52000045776367,56.454200744628906,56.470001220703125,10011,0.0,0.0,0.0
2024-05-20 13:30:00-04:00,56.45000076293945,56.470001220703125,56.375,56.459999084472656,8866,0.0,0.0,0.0
2024-05-20 14:30:00-04:00,56.459999084472656,56.47800064086914,56.43000030517578,56.45909881591797,10910,0.0,0.0,0.0
2024-05-20 15:30:00-04:00,56.45500183105469,56.45500183105469,56.40999984741211,56.439998626708984,6147,0.0,0.0,0.0
2024-05-21 09:30:00-04:00,56.45000076293945,56.51499938964844,56.41999816894531,56.4900016784668,3330,0.0,0.0,0.0
2024-05-21 10:30:00-04:00,56.48789978027344,56.51499938964844,56.470001220703125,56.47999954223633,52225,0.0,0.0,0.0
2024-05-21 11:30:00-04:00,56.4900016784668,56.4900016784668,56.43000030517578,56.45000076293945,11608,0.0,0.0,0.0
2024-05-21 12:30:00-04:00,56.45500183105469,56.470001220703125,56.41510009765625,56.44499969482422,22746,0.0,0.0,0.0
2024-05-21 13:30:00-04:00,56.439998626708984,56.50899887084961,56.439998626708984,56.459999084472656,4759,0.0,0.0,0.0
2024-05-21 14:30:00-04:00,56.470001220703125,56.5,56.44499969482422,56.47100067138672,6361,0.0,0.0,0.0
2024-05-21 15:30:00-04:00,56.5099983215332,56.540000915527344,56.48500061035156,56.529998779296875,7482,0.0,0.0,0.0
2024-05-22 09:30:00-04:00,56.439998626708984,56.61000061035156,56.439998626708984,56.599998474121094,6938,0.0,0.0,0.0
2024-05-22 10:30:00-04:00,56.619998931884766,56.619998931884766,56.560001373291016,56.57929992675781,3984,0.0,0.0,0.0
2024-05-22 11:30:00-04:00,56.52000045776367,56.59000015258789,56.52000045776367,56.564998626708984,12702,0.0,0.0,0.0
2024-05-22 12:30:00-04:00,56.56999969482422,56.619998931884766,56.560001373291016,56.58000183105469,12850,0.0,0.0,0.0
2024-05-22 13:30:00-04:00,56.564998626708984,56.564998626708984,56.349998474121094,56.349998474121094,8976,0.0,0.0,0.0
2024-05-22 14:30:00-04:00,56.349998474121094,56.439998626708984,56.34000015258789,56.400001525878906,6677,0.0,0.0,0.0
2024-05-22 15:30:00-04:00,56.4900016784668,56.5099983215332,56.38999938964844,56.5,5156,0.0,0.0,0.0
2024-05-23 09:30:00-04:00,56.540000915527344,56.540000915527344,56.290000915527344,56.290000915527344,3949,0.0,0.0,0.0
2024-05-23 10:30:00-04:00,56.25,56.31999969482422,56.20000076293945,56.25,16667,0.0,0.0,0.0
2024-05-23 11:30:00-04:00,56.25,56.290000915527344,56.25,56.279998779296875,13871,0.0,0.0,0.0
2024-05-23 12:30:00-04:00,56.29499816894531,56.308998107910156,56.09000015258789,56.09000015258789,13034,0.0,0.0,0.0
2024-05-23 13:30:00-04:00,55.974998474121094,56.0,55.81999969482422,55.83000183105469,7554,0.0,0.0,0.0
2024-05-23 14:30:00-04:00,55.810001373291016,55.84000015258789,55.7578010559082,55.80590057373047,15195,0.0,0.0,0.0
2024-05-23 15:30:00-04:00,55.814998626708984,55.814998626708984,55.75,55.79999923706055,3363,0.0,0.0,0.0
2024-05-24 09:30:00-04:00,55.95000076293945,55.959999084472656,55.88999938964844,55.92679977416992,6825,0.0,0.0,0.0
2024-05-24 10:30:00-04:00,55.88130187988281,56.04999923706055,55.88130187988281,56.02000045776367,55758,0.0,0.0,0.0
2024-05-24 11:30:00-04:00,56.02000045776367,56.040000915527344,55.974998474121094,56.029998779296875,7133,0.0,0.0,0.0
2024-05-24 12:30:00-04:00,56.029998779296875,56.029998779296875,55.970001220703125,56.02000045776367,2978,0.0,0.0,0.0
2024-05-24 13:30:00-04:00,55.9900016784668,56.02000045776367,55.95610046386719,55.959999084472656,10621,0.0,0.0,0.0
2024-05-24 14:30:00-04:00,55.96500015258789,55.98149871826172,55.874298095703125,55.91999816894531,8641,0.0,0.0,0.0
2024-05-24 15:30:00-04:00,55.91999816894531,55.94499969482422,55.915000915527344,55.93000030517578,1602,0.0,0.0,0.0
2024-05-28 09:30:00-04:00,55.95000076293945,55.95000076293945,55.709999084472656,55.7599983215332,61286,0.0,0.0,0.0
2024-05-28 10:30:00-04:00,55.72999954223633,55.74489974975586,55.68000030517578,55.69329833984375,13576,0.0,0.0,0.0
2024-05-28 11:30:00-04:00,55.689998626708984,55.709999084472656,55.63999938964844,55.63999938964844,5532,0.0,0.0,0.0
2024-05-28 12:30:00-04:00,55.65999984741211,55.66999816894531,55.54499816894531,55.56999969482422,8519,0.0,0.0,0.0
2024-05-28 13:30:00-04:00,55.54499816894531,55.560001373291016,55.459999084472656,55.47990036010742,12184,0.0,0.0,0.0
2024-05-28 14:30:00-04:00,55.43000030517578,55.5,55.3849983215332,55.5,8986,0.0,0.0,0.0
2024-05-28 15:30:00-04:00,55.4900016784668,55.58000183105469,55.4900016784668,55.560001373291016,6426,0.0,0.0,0.0
2024-05-29 09:30:00-04:00,55.220001220703125,55.34000015258789,55.220001220703125,55.314998626708984,7252,0.0,0.0,0.0
2024-05-29 10:30:00-04:00,55.3297004699707,55.339900970458984,55.27000045776367,55.27000045776367,1897,0.0,0.0,0.0
2024-05-29 11:30:00-04:00,55.310001373291016,55.31999969482422,55.27000045776367,55.31999969482422,11743,0.0,0.0,0.0
2024-05-29 12:30:00-04:00,55.31999969482422,55.34000015258789,55.2599983215332,55.310001373291016,18610,0.0,0.0,0.0
2024-05-29 13:30:00-04:00,55.31999969482422,55.31999969482422,55.25,55.27000045776367,13844,0.0,0.0,0.0
2024-05-29 14:30:00-04:00,55.27000045776367,55.29999923706055,55.21500015258789,55.279998779296875,10964,0.0,0.0,0.0
2024-05-29 15:30:00-04:00,55.27000045776367,55.310001373291016,55.16999816894531,55.18000030517578,3274,0.0,0.0,0.0
2024-05-30 09:30:00-04:00,55.119998931884766,55.119998931884766,55.03010177612305,55.08000183105469,3535,0.0,0.0,0.0
2024-05-30 10:30:00-04:00,55.09000015258789,55.16579818725586,55.09000015258789,55.154998779296875,2077,0.0,0.0,0.0
2024-05-30 11:30:00-04:00,55.19020080566406,55.209999084472656,55.16640090942383,55.19499969482422,39529,0.0,0.0,0.0
2024-05-30 12:30:00-04:00,55.23500061035156,55.29999923706055,55.209999084472656,55.2599983215332,13474,0.0,0.0,0.0
2024-05-30 13:30:00-04:00,55.2781982421875,55.2781982421875,55.18000030517578,55.18000030517578,6470,0.0,0.0,0.0
2024-05-30 14:30:00-04:00,55.20500183105469,55.220001220703125,55.165000915527344,55.20000076293945,8630,0.0,0.0,0.0
2024-05-30 15:30:00-04:00,55.209999084472656,55.209999084472656,55.11000061035156,55.189998626708984,3014,0.0,0.0,0.0
2024-05-31 09:30:00-04:00,55.220001220703125,55.27000045776367,55.119998931884766,55.15999984741211,3541,0.0,0.0,0.0
2024-05-31 10:30:00-04:00,55.13999938964844,55.150001525878906,55.084999084472656,55.084999084472656,2608,0.0,0.0,0.0
2024-05-31 11:30:00-04:00,55.084999084472656,55.0989990234375,55.0099983215332,55.029998779296875,19516,0.0,0.0,0.0
2024-05-31 12:30:00-04:00,55.04499816894531,55.15999984741211,55.03499984741211,55.15999984741211,3896,0.0,0.0,0.0
2024-05-31 13:30:00-04:00,55.165000915527344,55.220001220703125,55.14500045776367,55.189998626708984,5225,0.0,0.0,0.0
2024-05-31 14:30:00-04:00,55.16999816894531,55.349998474121094,55.16999816894531,55.33000183105469,5854,0.0,0.0,0.0
2024-05-31 15:30:00-04:00,55.31999969482422,55.79999923706055,55.31999969482422,55.779998779296875,4051,0.0,0.0,0.0
2024-06-03 09:30:00-04:00,55.810001373291016,55.810001373291016,55.729400634765625,55.729400634765625,1940,0.0,0.0,0.0
2024-06-03 10:30:00-04:00,55.720001220703125,55.75,55.59000015258789,55.59000015258789,3438,0.0,0.0,0.0
2024-06-03 11:30:00-04:00,55.630001068115234,55.630001068115234,55.38600158691406,55.38999938964844,16154,0.0,0.0,0.0
2024-06-03 12:30:00-04:00,55.39500045776367,55.41999816894531,55.3650016784668,55.41999816894531,5836,0.0,0.0,0.0
2024-06-03 13:30:00-04:00,55.47999954223633,55.52000045776367,55.47999954223633,55.505001068115234,5876,0.0,0.0,0.0
2024-06-03 14:30:00-04:00,55.4900016784668,55.58000183105469,55.4900016784668,55.560001373291016,6793,0.0,0.0,0.0
2024-06-03 15:30:00-04:00,55.560001373291016,55.66999816894531,55.52000045776367,55.63999938964844,5226,0.0,0.0,0.0
2024-06-04 09:30:00-04:00,55.56999969482422,55.708900451660156,55.540000915527344,55.708900451660156,3898,0.0,0.0,0.0
2024-06-04 10:30:00-04:00,55.70000076293945,55.75790023803711,55.66999816894531,55.720001220703125,19071,0.0,0.0,0.0
2024-06-04 11:30:00-04:00,55.6781005859375,55.68000030517578,55.619998931884766,55.68000030517578,5775,0.0,0.0,0.0
2024-06-04 12:30:00-04:00,55.689998626708984,55.79990005493164,55.689998626708984,55.77000045776367,7216,0.0,0.0,0.0
2024-06-04 13:30:00-04:00,55.814998626708984,55.97999954223633,55.779998779296875,55.959999084472656,4726,0.0,0.0,0.0
2024-06-04 14:30:00-04:00,55.970001220703125,56.0,55.79999923706055,55.880001068115234,5955,0.0,0.0,0.0
2024-06-04 15:30:00-04:00,55.869998931884766,55.939998626708984,55.84000015258789,55.90999984741211,20806,0.0,0.0,0.0
2024-06-05 09:30:00-04:00,56.06999969482422,56.06999969482422,55.81999969482422,55.849998474121094,3810,0.0,0.0,0.0
2024-06-05 10:30:00-04:00,55.88999938964844,56.09000015258789,55.88999938964844,56.09000015258789,7677,0.0,0.0,0.0
2024-06-05 11:30:00-04:00,56.084999084472656,56.119998931884766,56.03239822387695,56.06209945678711,23570,0.0,0.0,0.0
2024-06-05 12:30:00-04:00,56.07500076293945,56.130001068115234,56.04999923706055,56.08000183105469,7966,0.0,0.0,0.0
2024-06-05 13:30:00-04:00,56.1150016784668,56.150001525878906,56.11000061035156,56.13999938964844,3886,0.0,0.0,0.0
2024-06-05 14:30:00-04:00,56.1619987487793,56.20000076293945,56.14720153808594,56.14720153808594,4211,0.0,0.0,0.0
2024-06-05 15:30:00-04:00,56.1525993347168,56.189998626708984,56.099998474121094,56.185001373291016,3738,0.0,0.0,0.0
2024-06-06 09:30:00-04:00,56.2400016784668,56.3849983215332,56.2400016784668,56.363800048828125,3114,0.0,0.0,0.0
2024-06-06 10:30:00-04:00,56.29499816894531,56.297698974609375,56.2599983215332,56.279998779296875,4710,0.0,0.0,0.0
2024-06-06 11:30:00-04:00,56.279998779296875,56.290000915527344,56.220001220703125,56.2400016784668,35043,0.0,0.0,0.0
2024-06-06 12:30:00-04:00,56.2400016784668,56.25,56.21929931640625,56.21929931640625,12123,0.0,0.0,0.0
2024-06-06 13:30:00-04:00,56.25,56.26750183105469,56.150001525878906,56.209999084472656,6029,0.0,0.0,0.0
2024-06-06 14:30:00-04:00,56.209999084472656,56.29999923706055,56.20000076293945,56.290000915527344,5036,0.0,0.0,0.0
2024-06-06 15:30:00-04:00,56.27000045776367,56.290000915527344,56.2400016784668,56.2599983215332,0,0.0,0.0,0.0
2024-06-07 09:30:00-04:00,56.22999954223633,56.27000045776367,56.22999954223633,56.27000045776367,1413,0.0,0.0,0.0
2024-06-07 10:30:00-04:00,56.404998779296875,56.54999923706055,56.369998931884766,56.369998931884766,1597,0.0,0.0,0.0
2024-06-07 11:30:00-04:00,56.459999084472656,56.470001220703125,56.43000030517578,56.45000076293945,14225,0.0,0.0,0.0
2024-06-07 12:30:00-04:00,56.47999954223633,56.529998779296875,56.39500045776367,56.4900016784668,14999,0.0,0.0,0.0
2024-06-07 13:30:00-04:00,56.47999954223633,56.5,56.29999923706055,56.369998931884766,11793,0.0,0.0,0.0
2024-06-07 14:30:00-04:00,56.375,56.41999816894531,56.310001373291016,56.310001373291016,7453,0.0,0.0,0.0
2024-06-07 15:30:00-04:00,56.345001220703125,56.369998931884766,56.2599983215332,56.2599983215332,5212,0.0,0.0,0.0
2024-06-10 09:30:00-04:00,56.2599983215332,56.2599983215332,56.16999816894531,56.16999816894531,4011,0.0,0.0,0.0
2024-06-10 10:30:00-04:00,56.18000030517578,56.18000030517578,56.099998474121094,56.099998474121094,947,0.0,0.0,0.0
2024-06-10 11:30:00-04:00,56.130001068115234,56.19499969482422,56.130001068115234,56.18000030517578,2869,0.0,0.0,0.0
2024-06-10 12:30:00-04:00,56.15999984741211,56.18000030517578,56.119998931884766,56.15999984741211,18136,0.0,0.0,0.0
2024-06-10 13:30:00-04:00,56.15999984741211,56.279998779296875,56.15999984741211,56.25,18738,0.0,0.0,0.0
2024-06-10 14:30:00-04:00,56.25,56.310001373291016,56.25,56.27000045776367,4670,0.0,0.0,0.0
2024-06-10 15:30:00-04:00,56.2400016784668,56.279998779296875,56.220001220703125,56.2599983215332,114696,0.0,0.0,0.0
2024-06-11 09:30:00-04:00,56.18000030517578,56.20970153808594,56.099998474121094,56.189998626708984,3052,0.0,0.0,0.0
2024-06-11 10:30:00-04:00,56.172401428222656,56.25,56.172401428222656,56.2400016784668,12333,0.0,0.0,0.0
2024-06-11 11:30:00-04:00,56.31999969482422,56.339900970458984,56.26499938964844,56.26499938964844,25921,0.0,0.0,0.0
2024-06-11 12:30:00-04:00,56.255001068115234,56.34000015258789,56.255001068115234,56.29999923706055,5747,0.0,0.0,0.0
2024-06-11 13:30:00-04:00,56.310001373291016,56.470001220703125,56.310001373291016,56.470001220703125,8423,0.0,0.0,0.0
2024-06-11 14:30:00-04:00,56.5099983215332,56.52000045776367,56.45220184326172,56.463401794433594,7075,0.0,0.0,0.0
2024-06-11 15:30:00-04:00,56.462501525878906,56.560001373291016,56.462501525878906,56.560001373291016,4871,0.0,0.0,0.0
2024-06-12 09:30:00-04:00,56.95000076293945,56.95000076293945,56.77000045776367,56.93000030517578,0,0.0,0.0,0.0
2024-06-12 10:30:00-04:00,56.94969940185547,56.95000076293945,56.88819885253906,56.91999816894531,4937,0.0,0.0,0.0
2024-06-12 11:30:00-04:00,56.900001525878906,56.90999984741211,56.84000015258789,56.84000015258789,4854,0.0,0.0,0.0
2024-06-12 12:30:00-04:00,56.849998474121094,56.900001525878906,56.810001373291016,56.900001525878906,22117,0.0,0.0,0.0
2024-06-12 13:30:00-04:00,56.81999969482422,56.86000061035156,56.7599983215332,56.80509948730469,4407,0.0,0.0,0.0
2024-06-12 14:30:00-04:00,56.84000015258789,56.970001220703125,56.709999084472656,56.709999084472656,5285,0.0,0.0,0.0
2024-06-12 15:30:00-04:00,56.72999954223633,56.79999923706055,56.701499938964844,56.79999923706055,3106,0.0,0.0,0.0
2024-06-13 09:30:00-04:00,56.650001525878906,56.650001525878906,56.5099983215332,56.5099983215332,9484,0.0,0.0,0.0
2024-06-13 10:30:00-04:00,56.5099983215332,56.5099983215332,56.457698822021484,56.4900016784668,13688,0.0,0.0,0.0
2024-06-13 11:30:00-04:00,56.540000915527344,56.54999923706055,56.39500045776367,56.39500045776367,12297,0.0,0.0,0.0
2024-06-13 12:30:00-04:00,56.400001525878906,56.57500076293945,56.400001525878906,56.57500076293945,10591,0.0,0.0,0.0
2024-06-13 13:30:00-04:00,56.54999923706055,56.59120178222656,56.537498474121094,56.59120178222656,2898,0.0,0.0,0.0
2024-06-13 14:30:00-04:00,56.59000015258789,56.65999984741211,56.58000183105469,56.640098571777344,5460,0.0,0.0,0.0
2024-06-13 15:30:00-04:00,56.619998931884766,56.68000030517578,56.61000061035156,56.650001525878906,0,0.0,0.0,0.0
2024-06-14 09:30:00-04:00,56.380001068115234,56.52000045776367,56.36000061035156,56.36000061035156,2492,0.0,0.0,0.0
2024-06-14 10:30:00-04:00,56.329898834228516,56.505001068115234,56.329898834228516,56.505001068115234,9345,0.0,0.0,0.0
2024-06-14 11:30:00-04:00,56.5099983215332,56.53499984741211,56.44499969482422,56.5,8076,0.0,0.0,0.0
2024-06-14 12:30:00-04:00,56.494998931884766,56.55500030517578,56.481201171875,56.529998779296875,6649,0.0,0.0,0.0
2024-06-14 13:30:00-04:00,56.529998779296875,56.53499984741211,56.45000076293945,56.505001068115234,7851,0.0,0.0,0.0
2024-06-14 14:30:00-04:00,56.505001068115234,56.53499984741211,56.48500061035156,56.53499984741211,3053,0.0,0.0,0.0
2024-06-14 15:30:00-04:00,56.525001525878906,56.59000015258789,56.5,56.59000015258789,4655,0.0,0.0,0.0
2024-06-17 09:30:00-04:00,56.43000030517578,56.56999969482422,56.43000030517578,56.54999923706055,4332,0.0,0.0,0.0
2024-06-17 10:30:00-04:00,56.599998474121094,56.709999084472656,56.58000183105469,56.709999084472656,24116,0.0,0.0,0.0
2024-06-17 11:30:00-04:00,56.77000045776367,56.77000045776367,56.77000045776367,56.77000045776367,152,0.0,0.0,0.0
2024-06-17 12:30:00-04:00,56.81010055541992,56.880001068115234,56.79999923706055,56.880001068115234,13334,0.0,0.0,0.0
2024-06-17 13:30:00-04:00,56.97309875488281,57.06999969482422,56.962398529052734,57.06999969482422,5553,0.0,0.0,0.0
2024-06-17 14:30:00-04:00,57.06999969482422,57.08000183105469,56.994998931884766,57.075801849365234,9292,0.0,0.0,0.0
2024-06-17 15:30:00-04:00,57.07500076293945,57.084999084472656,56.97999954223633,57.0099983215332,6356,0.0,0.0,0.0
2024-06-18 09:30:00-04:00,57.029998779296875,57.09000015258789,57.029998779296875,57.09000015258789,3085,0.0,0.0,0.0
2024-06-18 10:30:00-04:00,56.970001220703125,56.994998931884766,56.92499923706055,56.96500015258789,2777,0.0,0.0,0.0
2024-06-18 11:30:00-04:00,56.95009994506836,57.02539825439453,56.95009994506836,57.0098991394043,21570,0.0,0.0,0.0
2024-06-18 12:30:00-04:00,56.959999084472656,57.0,56.95000076293945,56.994998931884766,14589,0.0,0.0,0.0
2024-06-18 13:30:00-04:00,57.01499938964844,57.034698486328125,56.935001373291016,56.95000076293945,7027,0.0,0.0,0.0
2024-06-18 14:30:00-04:00,56.95000076293945,56.959800720214844,56.90999984741211,56.95109939575195,5723,0.0,0.0,0.0
2024-06-18 15:30:00-04:00,56.9900016784668,57.02000045776367,56.97999954223633,57.02000045776367,2407,0.0,0.0,0.0
2024-06-20 09:30:00-04:00,56.959999084472656,57.14939880371094,56.959999084472656,57.130001068115234,9937,0.0,0.0,0.0
2024-06-20 10:30:00-04:00,57.13990020751953,57.13990020751953,57.060001373291016,57.060001373291016,6527,0.0,0.0,0.0
2024-06-20 11:30:00-04:00,57.099998474121094,57.16999816894531,57.099998474121094,57.11000061035156,6758,0.0,0.0,0.0
2024-06-20 12:30:00-04:00,57.1150016784668,57.166099548339844,57.10499954223633,57.119998931884766,12911,0.0,0.0,0.0
2024-06-20 13:30:00-04:00,57.13999938964844,57.279998779296875,57.13999938964844,57.27000045776367,11229,0.0,0.0,0.0
2024-06-20 14:30:00-04:00,57.275001525878906,57.29499816894531,57.18000030517578,57.2599983215332,19799,0.0,0.0,0.0
2024-06-20 15:30:00-04:00,57.23500061035156,57.279998779296875,57.189998626708984,57.25,106646,0.0,0.0,0.0
2024-06-21 09:30:00-04:00,57.400001525878906,57.400001525878906,57.040000915527344,57.19990158081055,15652,0.0,0.0,0.0
2024-06-21 10:30:00-04:00,57.189998626708984,57.189998626708984,57.1349983215332,57.150001525878906,7344,0.0,0.0,0.0
2024-06-21 11:30:00-04:00,57.130001068115234,57.185001373291016,57.130001068115234,57.16999816894531,8498,0.0,0.0,0.0
2024-06-21 12:30:00-04:00,57.185001373291016,57.19499969482422,57.150001525878906,57.150001525878906,10891,0.0,0.0,0.0
2024-06-21 13:30:00-04:00,57.150001525878906,57.2400016784668,57.150001525878906,57.23500061035156,5353,0.0,0.0,0.0
2024-06-21 14:30:00-04:00,57.21500015258789,57.22999954223633,57.20000076293945,57.209999084472656,3984,0.0,0.0,0.0
2024-06-21 15:30:00-04:00,57.209999084472656,57.27000045776367,57.18000030517578,57.18000030517578,3648,0.0,0.0,0.0
2024-06-24 09:30:00-04:00,57.31999969482422,57.56999969482422,57.290000915527344,57.56999969482422,5789,0.0,0.0,0.0
2024-06-24 10:30:00-04:00,57.595001220703125,57.660099029541016,57.595001220703125,57.65999984741211,4129,0.0,0.0,0.0
2024-06-24 11:30:00-04:00,57.67499923706055,57.67499923706055,57.60210037231445,57.625,13984,0.0,0.0,0.0
2024-06-24 12:30:00-04:00,57.625,57.625,57.510101318359375,57.52000045776367,30800,0.0,0.0,0.0
2024-06-24 13:30:00-04:00,57.5099983215332,57.5099983215332,57.439998626708984,57.494998931884766,6285,0.0,0.0,0.0
2024-06-24 14:30:00-04:00,57.5,57.52000045776367,57.43000030517578,57.432899475097656,5250,0.0,0.0,0.0
2024-06-24 15:30:00-04:00,57.45000076293945,57.459999084472656,57.400001525878906,57.41999816894531,13058,0.0,0.0,0.0
2024-06-25 09:30:00-04:00,57.45000076293945,57.45000076293945,57.189998626708984,57.349998474121094,12508,0.0,0.0,0.0
2024-06-25 10:30:00-04:00,57.34469985961914,57.349998474121094,57.220001220703125,57.2599983215332,21842,0.0,0.0,0.0
2024-06-25 11:30:00-04:00,57.27000045776367,57.27000045776367,57.189998626708984,57.189998626708984,18821,0.0,0.0,0.0
2024-06-25 12:30:00-04:00,57.18000030517578,57.194698333740234,57.119998931884766,57.194698333740234,16771,0.0,0.0,0.0
2024-06-25 13:30:00-04:00,57.20130157470703,57.2400016784668,57.185001373291016,57.2400016784668,10884,0.0,0.0,0.0
2024-06-25 14:30:00-04:00,57.25,57.27000045776367,57.21590042114258,57.27000045776367,2828,0.0,0.0,0.0
2024-06-25 15:30:00-04:00,57.2599983215332,57.2599983215332,57.209999084472656,57.25,4148,0.0,0.0,0.0
2024-06-26 09:30:00-04:00,57.08000183105469,57.08000183105469,56.97999954223633,57.04999923706055,10616,0.0,0.0,0.0
2024-06-26 10:30:00-04:00,57.029998779296875,57.099998474121094,57.029998779296875,57.09000015258789,6180,0.0,0.0,0.0
2024-06-26 11:30:00-04:00,57.138999938964844,57.275001525878906,57.125,57.2599983215332,12137,0.0,0.0,0.0
2024-06-26 12:30:00-04:00,57.2599983215332,57.2681999206543,57.22999954223633,57.2400016784668,10246,0.0,0.0,0.0
2024-06-26 13:30:00-04:00,57.220001220703125,57.244998931884766,57.189998626708984,57.244998931884766,4997,0.0,0.0,0.0
2024-06-26 14:30:00-04:00,57.25,57.290000915527344,57.20500183105469,57.20500183105469,6924,0.0,0.0,0.0
2024-06-26 15:30:00-04:00,57.201499938964844,57.2599983215332,57.201499938964844,57.209999084472656,2664,0.0,0.0,0.0
2024-06-27 09:30:00-04:00,57.2599983215332,57.310001373291016,57.2599983215332,57.310001373291016,1774,0.0,0.0,0.0
2024-06-27 10:30:00-04:00,57.33000183105469,57.34510040283203,57.279998779296875,57.290000915527344,6885,0.0,0.0,0.0
2024-06-27 11:30:00-04:00,57.25,57.34000015258789,57.2400016784668,57.30509948730469,26865,0.0,0.0,0.0
2024-06-27 12:30:00-04:00,57.29990005493164,57.349998474121094,57.275001525878906,57.345001220703125,11475,0.0,0.0,0.0
2024-06-27 13:30:00-04:00,57.33000183105469,57.33000183105469,57.15999984741211,57.185001373291016,4021,0.0,0.0,0.0
2024-06-27 14:30:00-04:00,57.15999984741211,57.24129867553711,57.154998779296875,57.24129867553711,2885,0.0,0.0,0.0
2024-06-27 15:30:00-04:00,57.27000045776367,57.33000183105469,57.27000045776367,57.279998779296875,1626,0.0,0.0,0.0
2024-06-28 09:30:00-04:00,57.369998931884766,57.5099983215332,57.369998931884766,57.5,2716,0.0,0.0,0.0
2024-06-28 10:30:00-04:00,57.48210144042969,57.526100158691406,57.33340072631836,57.33340072631836,1860,0.0,0.0,0.0
2024-06-28 11:30:00-04:00,57.380001068115234,57.380001068115234,57.275001525878906,57.334999084472656,15964,0.0,0.0,0.0
2024-06-28 12:30:00-04:00,57.33000183105469,57.349998474121094,57.290000915527344,57.349998474121094,21778,0.0,0.0,0.0
2024-06-28 13:30:00-04:00,57.279998779296875,57.279998779296875,57.189998626708984,57.189998626708984,5360,0.0,0.0,0.0
2024-06-28 14:30:00-04:00,57.130001068115234,57.13999938964844,57.084999084472656,57.125,6765,0.0,0.0,0.0
2024-06-28 15:30:00-04:00,57.025001525878906,57.13999938964844,56.9900016784668,57.04010009765625,10888,0.0,0.0,0.0
2024-07-01 09:30:00-04:00,57.15999984741211,57.27000045776367,57.150001525878906,57.15999984741211,3778,0.0,0.0,0.0
2024-07-01 10:30:00-04:00,57.09000015258789,57.09000015258789,57.0099983215332,57.025001525878906,2417,0.0,0.0,0.0
2024-07-01 11:30:00-04:00,57.0099983215332,57.099998474121094,57.0,57.09000015258789,19670,0.0,0.0,0.0
2024-07-01 12:30:00-04:00,57.095401763916016,57.13999938964844,57.08000183105469,57.130001068115234,14866,0.0,0.0,0.0
2024-07-01 13:30:00-04:00,57.130001068115234,57.130001068115234,57.06999969482422,57.06999969482422,2602,0.0,0.0,0.0
2024-07-01 14:30:00-04:00,57.029998779296875,57.040000915527344,57.0099983215332,57.0099983215332,2839,0.0,0.0,0.0
2024-07-01 15:30:00-04:00,56.972999572753906,57.150001525878906,56.972999572753906,57.11000061035156,3496,0.0,0.0,0.0
2024-07-02 09:30:00-04:00,56.970001220703125,57.09519958496094,56.970001220703125,57.09469985961914,5307,0.0,0.0,0.0
2024-07-02 10:30:00-04:00,57.11009979248047,57.189998626708984,57.11009979248047,57.18000030517578,19891,0.0,0.0,0.0
2024-07-02 11:30:00-04:00,57.209999084472656,57.209999084472656,57.11000061035156,57.13999938964844,13202,0.0,0.0,0.0
2024-07-02 12:30:00-04:00,57.119998931884766,57.18000030517578,57.119998931884766,57.17599868774414,2560,0.0,0.0,0.0
2024-07-02 13:30:00-04:00,57.209999084472656,57.29750061035156,57.209999084472656,57.290000915527344,4204,0.0,0.0,0.0
2024-07-02 14:30:00-04:00,57.310001373291016,57.31999969482422,57.290000915527344,57.310001373291016,5704,0.0,0.0,0.0
2024-07-02 15:30:00-04:00,57.33000183105469,57.38019943237305,57.33000183105469,57.38019943237305,3245,0.0,0.0,0.0
2024-07-03 09:30:00-04:00,57.369998931884766,57.42499923706055,57.345001220703125,57.349998474121094,30624,0.0,0.0,0.0
2024-07-03 10:30:00-04:00,57.31999969482422,57.349998474121094,57.290000915527344,57.290000915527344,16141,0.0,0.0,0.0
2024-07-03 11:30:00-04:00,57.290000915527344,57.34000015258789,57.25,57.29999923706055,12924,0.0,0.0,0.0
2024-07-05 09:30:00-04:00,57.369998931884766,57.41999816894531,57.369998931884766,57.41999816894531,3757,0.0,0.0,0.0
2024-07-05 10:30:00-04:00,57.40999984741211,57.48500061035156,57.40999984741211,57.45000076293945,4855,0.0,0.0,0.0
2024-07-05 11:30:00-04:00,57.459999084472656,57.564998626708984,57.45859909057617,57.540000915527344,25016,0.0,0.0,0.0
2024-07-05 12:30:00-04:00,57.5099983215332,57.56999969482422,57.5099983215332,57.56999969482422,3717,0.0,0.0,0.0
2024-07-05 13:30:00-04:00,57.59000015258789,57.62620162963867,57.57109832763672,57.599998474121094,14707,0.0,0.0,0.0
2024-07-05 14:30:00-04:00,57.619998931884766,57.650001525878906,57.60459899902344,57.619998931884766,3696,0.0,0.0,0.0
2024-07-05 15:30:00-04:00,57.650001525878906,57.71500015258789,57.63999938964844,57.70000076293945,5776,0.0,0.0,0.0
2024-07-08 09:30:00-04:00,57.75,57.75,57.68000030517578,57.709999084472656,9362,0.0,0.0,0.0
2024-07-08 10:30:00-04:00,57.70000076293945,57.720001220703125,57.619998931884766,57.630001068115234,6400,0.0,0.0,0.0
2024-07-08 11:30:00-04:00,57.630001068115234,57.630001068115234,57.540000915527344,57.59000015258789,9948,0.0,0.0,0.0
2024-07-08 12:30:00-04:00,57.58000183105469,57.619998931884766,57.58000183105469,57.61000061035156,11334,0.0,0.0,0.0
2024-07-08 13:30:00-04:00,57.63999938964844,57.65999984741211,57.6255989074707,57.6427001953125,7347,0.0,0.0,0.0
2024-07-08 14:30:00-04:00,57.63999938964844,57.63999938964844,57.599998474121094,57.630001068115234,8161,0.0,0.0,0.0
2024-07-08 15:30:00-04:00,57.63999938964844,57.650001525878906,57.63999938964844,57.650001525878906,0,0.0,0.0,0.0
2024-07-09 09:30:00-04:00,57.720001220703125,57.720001220703125,57.54999923706055,57.54999923706055,6704,0.0,0.0,0.0
2024-07-09 10:30:00-04:00,57.58000183105469,57.625,57.58000183105469,57.584999084472656,16134,0.0,0.0,0.0
2024-07-09 11:30:00-04:00,57.56999969482422,57.57720184326172,57.540000915527344,57.57500076293945,9292,0.0,0.0,0.0
2024-07-09 12:30:00-04:00,57.584999084472656,57.63199996948242,57.582298278808594,57.60689926147461,2698,0.0,0.0,0.0
2024-07-09 13:30:00-04:00,57.59000015258789,57.604400634765625,57.54999923706055,57.55500030517578,79604,0.0,0.0,0.0
2024-07-09 14:30:00-04:00,57.55659866333008,57.55659866333008,57.5,57.52920150756836,3432,0.0,0.0,0.0
2024-07-09 15:30:00-04:00,57.50199890136719,57.54909896850586,57.50199890136719,57.5099983215332,6973,0.0,0.0,0.0
2024-07-10 09:30:00-04:00,57.56999969482422,57.679901123046875,57.56999969482422,57.630001068115234,4878,0.0,0.0,0.0
2024-07-10 10:30:00-04:00,57.619998931884766,57.63999938964844,57.59189987182617,57.62799835205078,27155,0.0,0.0,0.0
2024-07-10 11:30:00-04:00,57.650001525878906,57.72999954223633,57.630001068115234,57.72999954223633,7154,0.0,0.0,0.0
2024-07-10 12:30:00-04:00,57.709999084472656,57.79999923706055,57.70000076293945,57.790000915527344,14220,0.0,0.0,0.0
2024-07-10 13:30:00-04:00,57.757598876953125,57.814998626708984,57.757598876953125,57.795501708984375,3745,0.0,0.0,0.0
2024-07-10 14:30:00-04:00,57.810001373291016,57.880001068115234,57.810001373291016,57.86009979248047,3925,0.0,0.0,0.0
2024-07-10 15:30:00-04:00,58.029998779296875,58.04499816894531,58.029998779296875,58.04499816894531,740,0.0,0.0,0.0
2024-07-11 09:30:00-04:00,58.040000915527344,58.16999816894531,58.040000915527344,58.04499816894531,7154,0.0,0.0,0.0
2024-07-11 10:30:00-04:00,58.029998779296875,58.029998779296875,57.869998931884766,57.939998626708984,8536,0.0,0.0,0.0
2024-07-11 11:30:00-04:00,57.95000076293945,58.015098571777344,57.904998779296875,57.93000030517578,18387,0.0,0.0,0.0
2024-07-11 12:30:00-04:00,57.959999084472656,58.0,57.95000076293945,57.95000076293945,8853,0.0,0.0,0.0
2024-07-11 13:30:00-04:00,57.939998626708984,58.0,57.90999984741211,57.94940185546875,12254,0.0,0.0,0.0
2024-07-11 14:30:00-04:00,57.95000076293945,58.0099983215332,57.95000076293945,57.97999954223633,16366,0.0,0.0,0.0
2024-07-11 15:30:00-04:00,57.960601806640625,58.04999923706055,57.960601806640625,58.04999923706055,6030,0.0,0.0,0.0
2024-07-12 09:30:00-04:00,58.18000030517578,58.38600158691406,58.18000030517578,58.38600158691406,3021,0.0,0.0,0.0
2024-07-12 10:30:00-04:00,58.40489959716797,58.529998779296875,58.40489959716797,58.525001525878906,6955,0.0,0.0,0.0
2024-07-12 11:30:00-04:00,58.529998779296875,58.529998779296875,58.43000030517578,58.43000030517578,9121,0.0,0.0,0.0
2024-07-12 12:30:00-04:00,58.43000030517578,58.56999969482422,58.43000030517578,58.560001373291016,6323,0.0,0.0,0.0
2024-07-12 13:30:00-04:00,58.63999938964844,58.720001220703125,58.63999938964844,58.63999938964844,14563,0.0,0.0,0.0
2024-07-12 14:30:00-04:00,58.63999938964844,58.66999816894531,58.62009811401367,58.6526985168457,9656,0.0,0.0,0.0
2024-07-12 15:30:00-04:00,58.599998474121094,58.599998474121094,58.349998474121094,58.349998474121094,4194,0.0,0.0,0.0
2024-07-15 09:30:00-04:00,58.56999969482422,58.65999984741211,58.56999969482422,58.65230178833008,6324,0.0,0.0,0.0
2024-07-15 10:30:00-04:00,58.685001373291016,58.790000915527344,58.65999984741211,58.72549819946289,2243,0.0,0.0,0.0
2024-07-15 11:30:00-04:00,58.69499969482422,58.7599983215332,58.66999816894531,58.67499923706055,25855,0.0,0.0,0.0
2024-07-15 12:30:00-04:00,58.66999816894531,58.66999816894531,58.584999084472656,58.584999084472656,3933,0.0,0.0,0.0
2024-07-15 13:30:00-04:00,58.52000045776367,58.599998474121094,58.52000045776367,58.599998474121094,4587,0.0,0.0,0.0
2024-07-15 14:30:00-04:00,58.630001068115234,58.68000030517578,58.62070083618164,58.65999984741211,2893,0.0,0.0,0.0
2024-07-15 15:30:00-04:00,58.63999938964844,58.63999938964844,58.46500015258789,58.4900016784668,12369,0.0,0.0,0.0
2024-07-16 09:30:00-04:00,58.72999954223633,58.93000030517578,58.72999954223633,58.93000030517578,4602,0.0,0.0,0.0
2024-07-16 10:30:00-04:00,58.849998474121094,58.970001220703125,58.84000015258789,58.90999984741211,12778,0.0,0.0,0.0
2024-07-16 11:30:00-04:00,58.86000061035156,58.86949920654297,58.810001373291016,58.849998474121094,21032,0.0,0.0,0.0
2024-07-16 12:30:00-04:00,58.859901428222656,58.91999816894531,58.83000183105469,58.83000183105469,11830,0.0,0.0,0.0
2024-07-16 13:30:00-04:00,58.82500076293945,58.880001068115234,58.82500076293945,58.86000061035156,7309,0.0,0.0,0.0
2024-07-16 14:30:00-04:00,58.880001068115234,58.959999084472656,58.880001068115234,58.959999084472656,3621,0.0,0.0,0.0
2024-07-16 15:30:00-04:00,58.94499969482422,59.0099983215332,58.94499969482422,59.0099983215332,1376,0.0,0.0,0.0
2024-07-17 09:30:00-04:00,58.66999816894531,58.9900016784668,58.66999816894531,58.95180130004883,14520,0.0,0.0,0.0
2024-07-17 10:30:00-04:00,58.939998626708984,58.939998626708984,58.90729904174805,58.90729904174805,910,0.0,0.0,0.0
2024-07-17 11:30:00-04:00,58.939998626708984,59.029998779296875,58.939998626708984,58.96070098876953,17075,0.0,0.0,0.0
2024-07-17 12:30:00-04:00,58.994998931884766,59.0994987487793,58.959999084472656,59.00669860839844,39773,0.0,0.0,0.0
2024-07-17 13:30:00-04:00,59.0099983215332,59.08000183105469,59.003501892089844,59.08000183105469,3676,0.0,0.0,0.0
2024-07-17 14:30:00-04:00,59.11000061035156,59.11000061035156,59.05619812011719,59.09000015258789,7131,0.0,0.0,0.0
2024-07-17 15:30:00-04:00,59.08000183105469,59.08000183105469,59.0099983215332,59.040000915527344,3834,0.0,0.0,0.0
2024-07-18 09:30:00-04:00,58.9900016784668,59.1349983215332,58.92210006713867,59.1349983215332,2678,0.0,0.0,0.0
2024-07-18 10:30:00-04:00,58.979801177978516,59.01499938964844,58.81999969482422,58.81999969482422,18346,0.0,0.0,0.0
2024-07-18 11:30:00-04:00,58.810001373291016,58.810001373291016,58.595001220703125,58.650001525878906,12964,0.0,0.0,0.0
2024-07-18 12:30:00-04:00,58.68000030517578,58.70000076293945,58.68000030517578,58.689998626708984,4450,0.0,0.0,0.0
2024-07-18 13:30:00-04:00,58.71929931640625,58.729000091552734,58.560001373291016,58.560001373291016,8776,0.0,0.0,0.0
2024-07-18 14:30:00-04:00,58.4900016784668,58.52000045776367,58.37900161743164,58.37900161743164,11228,0.0,0.0,0.0
2024-07-18 15:30:00-04:00,58.40999984741211,58.5099983215332,58.40999984741211,58.5099983215332,0,0.0,0.0,0.0
2024-07-19 09:30:00-04:00,58.380001068115234,58.55500030517578,58.380001068115234,58.4900016784668,2491,0.0,0.0,0.0
2024-07-19 10:30:00-04:00,58.36000061035156,58.3650016784668,58.33000183105469,58.349998474121094,2592,0.0,0.0,0.0
2024-07-19 11:30:00-04:00,58.15999984741211,58.29999923706055,58.150001525878906,58.22999954223633,30927,0.0,0.0,0.0
2024-07-19 12:30:00-04:00,58.130001068115234,58.130001068115234,58.084999084472656,58.084999084472656,1231,0.0,0.0,0.0
2024-07-19 13:30:00-04:00,58.11000061035156,58.153900146484375,58.09000015258789,58.119998931884766,2052,0.0,0.0,0.0
2024-07-19 14:30:00-04:00,58.099998474121094,58.2400016784668,58.099998474121094,58.2400016784668,15698,0.0,0.0,0.0
2024-07-19 15:30:00-04:00,58.209999084472656,58.209999084472656,58.09830093383789,58.09830093383789,4111,0.0,0.0,0.0
2024-07-22 09:30:00-04:00,58.41999816894531,58.44499969482422,58.25,58.310001373291016,5772,0.0,0.0,0.0
2024-07-22 10:30:00-04:00,58.34000015258789,58.469398498535156,58.33000183105469,58.33000183105469,13369,0.0,0.0,0.0
2024-07-22 11:30:00-04:00,58.25,58.279998779296875,58.209999084472656,58.25,7594,0.0,0.0,0.0
2024-07-22 12:30:00-04:00,58.2599983215332,58.47999954223633,58.2599983215332,58.45000076293945,15973,0.0,0.0,0.0
2024-07-22 13:30:00-04:00,58.47999954223633,58.4900016784668,58.432098388671875,58.470001220703125,6897,0.0,0.0,0.0
2024-07-22 14:30:00-04:00,58.499000549316406,58.5276985168457,58.46500015258789,58.46500015258789,5126,0.0,0.0,0.0
2024-07-22 15:30:00-04:00,58.45500183105469,58.467498779296875,58.41999816894531,58.43000030517578,2855,0.0,0.0,0.0
2024-07-23 09:30:00-04:00,58.41999816894531,58.54999923706055,58.38999938964844,58.54999923706055,2134,0.0,0.0,0.0
2024-07-23 10:30:00-04:00,58.47999954223633,58.494998931884766,58.38930130004883,58.45949935913086,32596,0.0,0.0,0.0
2024-07-23 11:30:00-04:00,58.529998779296875,58.560001373291016,58.439998626708984,58.439998626708984,5704,0.0,0.0,0.0
2024-07-23 12:30:00-04:00,58.41360092163086,58.42829895019531,58.37770080566406,58.38859939575195,18831,0.0,0.0,0.0
2024-07-23 13:30:00-04:00,58.41999816894531,58.5099983215332,58.40999984741211,58.494998931884766,5762,0.0,0.0,0.0
2024-07-23 14:30:00-04:00,58.467498779296875,58.467498779296875,58.435001373291016,58.439998626708984,2673,0.0,0.0,0.0
2024-07-23 15:30:00-04:00,58.449501037597656,58.449501037597656,58.31679916381836,58.31679916381836,1872,0.0,0.0,0.0
2024-07-24 09:30:00-04:00,58.029998779296875,58.04999923706055,57.744998931884766,57.77000045776367,9544,0.0,0.0,0.0
2024-07-24 10:30:00-04:00,57.77000045776367,57.77000045776367,57.66999816894531,57.685001373291016,16000,0.0,0.0,0.0
2024-07-24 11:30:00-04:00,57.72999954223633,57.7599983215332,57.68709945678711,57.723899841308594,12986,0.0,0.0,0.0
2024-07-24 12:30:00-04:00,57.720001220703125,57.79999923706055,57.720001220703125,57.7599983215332,14501,0.0,0.0,0.0
2024-07-24 13:30:00-04:00,57.7400016784668,57.790000915527344,57.720001220703125,57.7400016784668,18053,0.0,0.0,0.0
2024-07-24 14:30:00-04:00,57.7400016784668,57.7400016784668,57.630001068115234,57.63999938964844,4258,0.0,0.0,0.0
2024-07-24 15:30:00-04:00,57.650001525878906,57.650001525878906,57.58580017089844,57.58580017089844,1053,0.0,0.0,0.0
2024-07-25 09:30:00-04:00,57.650001525878906,57.86000061035156,57.650001525878906,57.83000183105469,6017,0.0,0.0,0.0
2024-07-25 10:30:00-04:00,57.81999969482422,58.064998626708984,57.790000915527344,58.0099983215332,6872,0.0,0.0,0.0
2024-07-25 11:30:00-04:00,57.97999954223633,58.209999084472656,57.97999954223633,58.189998626708984,23829,0.0,0.0,0.0
2024-07-25 12:30:00-04:00,58.16899871826172,58.22999954223633,58.140899658203125,58.150001525878906,11805,0.0,0.0,0.0
2024-07-25 13:30:00-04:00,58.067100524902344,58.067100524902344,57.95000076293945,57.95000076293945,2520,0.0,0.0,0.0
2024-07-25 14:30:00-04:00,57.859798431396484,57.86000061035156,57.69179916381836,57.7400016784668,3456,0.0,0.0,0.0
2024-07-25 15:30:00-04:00,57.720001220703125,57.720001220703125,57.5099983215332,57.5099983215332,0,0.0,0.0,0.0
2024-07-26 09:30:00-04:00,57.790000915527344,57.900001525878906,57.77000045776367,57.863399505615234,1808,0.0,0.0,0.0
2024-07-26 10:30:00-04:00,57.85499954223633,58.00130081176758,57.85499954223633,57.9900016784668,25195,0.0,0.0,0.0
2024-07-26 11:30:00-04:00,57.97999954223633,58.2588996887207,57.97999954223633,58.16999816894531,3866,0.0,0.0,0.0
2024-07-26 12:30:00-04:00,58.17490005493164,58.29999923706055,58.17490005493164,58.27000045776367,29957,0.0,0.0,0.0
2024-07-26 13:30:00-04:00,58.29499816894531,58.29499816894531,58.089900970458984,58.150001525878906,4190,0.0,0.0,0.0
2024-07-26 14:30:00-04:00,58.070098876953125,58.13999938964844,58.0099983215332,58.119998931884766,3898,0.0,0.0,0.0
2024-07-26 15:30:00-04:00,58.11000061035156,58.119998931884766,57.95000076293945,58.09000015258789,2532,0.0,0.0,0.0
2024-07-29 09:30:00-04:00,58.2599983215332,58.2599983215332,58.09000015258789,58.130001068115234,0,0.0,0.0,0.0
2024-07-29 10:30:00-04:00,58.04999923706055,58.11009979248047,58.0099983215332,58.060001373291016,3269,0.0,0.0,0.0
2024-07-29 11:30:00-04:00,58.04999923706055,58.34000015258789,58.040000915527344,58.279998779296875,16624,0.0,0.0,0.0
2024-07-29 12:30:00-04:00,58.31999969482422,58.33000183105469,58.2599983215332,58.2599983215332,37021,0.0,0.0,0.0
2024-07-29 13:30:00-04:00,58.21009826660156,58.22999954223633,58.16999816894531,58.20949935913086,7608,0.0,0.0,0.0
2024-07-29 14:30:00-04:00,58.15999984741211,58.2599983215332,58.15999984741211,58.2599983215332,2897,0.0,0.0,0.0
2024-07-29 15:30:00-04:00,58.25,58.290000915527344,58.18989944458008,58.18989944458008,0,0.0,0.0,0.0
2024-07-30 09:30:00-04:00,58.2599983215332,58.459999084472656,58.2599983215332,58.380001068115234,2917,0.0,0.0,0.0
2024-07-30 10:30:00-04:00,58.349998474121094,58.36000061035156,58.119998931884766,58.13999938964844,11187,0.0,0.0,0.0
2024-07-30 11:30:00-04:00,58.13999938964844,58.13999938964844,58.029998779296875,58.05500030517578,4433,0.0,0.0,0.0
2024-07-30 12:30:00-04:00,58.09000015258789,58.09000015258789,57.975101470947266,58.03919982910156,11506,0.0,0.0,0.0
2024-07-30 13:30:00-04:00,58.029998779296875,58.224998474121094,58.029998779296875,58.18149948120117,7270,0.0,0.0,0.0
2024-07-30 14:30:00-04:00,58.18009948730469,58.24100112915039,58.119998931884766,58.24100112915039,4188,0.0,0.0,0.0
2024-07-30 15:30:00-04:00,58.2400016784668,58.459999084472656,58.2400016784668,58.3848991394043,20225,0.0,0.0,0.0
2024-07-31 09:30:00-04:00,58.619998931884766,58.619998931884766,58.370201110839844,58.58000183105469,4491,0.0,0.0,0.0
2024-07-31 10:30:00-04:00,58.65999984741211,58.65999984741211,58.630001068115234,58.63999938964844,7448,0.0,0.0,0.0
2024-07-31 11:30:00-04:00,58.68000030517578,58.709999084472656,58.55500030517578,58.55500030517578,2188,0.0,0.0,0.0
2024-07-31 12:30:00-04:00,58.56999969482422,58.599998474121094,58.54970169067383,58.560001373291016,12831,0.0,0.0,0.0
2024-07-31 13:30:00-04:00,58.4900016784668,58.619998931884766,58.4900016784668,58.619998931884766,1959,0.0,0.0,0.0
2024-07-31 14:30:00-04:00,58.645999908447266,58.66999816894531,58.6161003112793,58.6161003112793,4307,0.0,0.0,0.0
2024-07-31 15:30:00-04:00,58.52000045776367,58.630001068115234,58.52000045776367,58.52619934082031,3372,0.0,0.0,0.0
2024-08-01 09:30:00-04:00,58.56999969482422,58.81999969482422,58.55500030517578,58.55500030517578,8823,0.0,0.0,0.0
2024-08-01 10:30:00-04:00,58.45000076293945,58.45000076293945,58.310001373291016,58.310001373291016,3860,0.0,0.0,0.0
2024-08-01 11:30:00-04:00,58.31999969482422,58.35879898071289,58.2239990234375,58.30059814453125,26750,0.0,0.0,0.0
2024-08-01 12:30:00-04:00,58.279998779296875,58.279998779296875,58.18000030517578,58.22999954223633,15685,0.0,0.0,0.0
2024-08-01 13:30:00-04:00,58.220001220703125,58.220001220703125,58.06930160522461,58.06999969482422,11797,0.0,0.0,0.0
2024-08-01 14:30:00-04:00,58.08000183105469,58.15999984741211,58.040000915527344,58.15999984741211,15855,0.0,0.0,0.0
2024-08-01 15:30:00-04:00,58.29499816894531,58.400001525878906,58.2400016784668,58.349998474121094,2408,0.0,0.0,0.0
2024-08-02 09:30:00-04:00,57.95000076293945,58.207801818847656,57.7400016784668,57.7400016784668,3070,0.0,0.0,0.0
2024-08-02 10:30:00-04:00,57.71480178833008,57.720001220703125,57.5,57.5,6572,0.0,0.0,0.0
2024-08-02 11:30:00-04:00,57.54499816894531,57.83000183105469,57.54499816894531,57.81999969482422,12643,0.0,0.0,0.0
2024-08-02 12:30:00-04:00,57.82500076293945,57.88999938964844,57.720001220703125,57.75,19362,0.0,0.0,0.0
2024-08-02 13:30:00-04:00,57.720001220703125,57.81999969482422,57.638999938964844,57.813499450683594,52187,0.0,0.0,0.0
2024-08-02 14:30:00-04:00,57.869998931884766,57.96900177001953,57.79999923706055,57.95899963378906,7563,0.0,0.0,0.0
2024-08-02 15:30:00-04:00,57.96900177001953,57.98500061035156,57.810001373291016,57.970001220703125,5824,0.0,0.0,0.0
2024-08-05 09:30:00-04:00,56.43000030517578,56.76499938964844,56.369998931884766,56.4900016784668,14639,0.0,0.0,0.0
2024-08-05 10:30:00-04:00,56.42499923706055,56.71900177001953,56.41999816894531,56.65999984741211,6714,0.0,0.0,0.0
2024-08-05 11:30:00-04:00,56.75,56.900001525878906,56.6150016784668,56.88999938964844,12958,0.0,0.0,0.0
2024-08-05 12:30:00-04:00,56.83000183105469,56.83000183105469,56.505001068115234,56.59000015258789,7429,0.0,0.0,0.0
2024-08-05 13:30:00-04:00,56.58000183105469,56.61000061035156,56.41999816894531,56.54999923706055,6423,0.0,0.0,0.0
2024-08-05 14:30:00-04:00,56.540000915527344,56.540000915527344,56.22999954223633,56.25,19345,0.0,0.0,0.0
2024-08-05 15:30:00-04:00,56.279998779296875,56.380001068115234,56.10340118408203,56.380001068115234,0,0.0,0.0,0.0
2024-08-06 09:30:00-04:00,56.400001525878906,56.81999969482422,56.400001525878906,56.79499816894531,4422,0.0,0.0,0.0
2024-08-06 10:30:00-04:00,56.875,56.994998931884766,56.80099868774414,56.80099868774414,10225,0.0,0.0,0.0
2024-08-06 11:30:00-04:00,56.720001220703125,57.04100036621094,56.720001220703125,56.97100067138672,14648,0.0,0.0,0.0
2024-08-06 12:30:00-04:00,56.98099899291992,57.1150016784668,56.93009948730469,57.06999969482422,11023,0.0,0.0,0.0
2024-08-06 13:30:00-04:00,57.084999084472656,57.154998779296875,57.025299072265625,57.154998779296875,12072,0.0,0.0,0.0
2024-08-06 14:30:00-04:00,57.15999984741211,57.255001068115234,56.880001068115234,57.020999908447266,11894,0.0,0.0,0.0
2024-08-06 15:30:00-04:00,56.970001220703125,56.97999954223633,56.599998474121094,56.65999984741211,22204,0.0,0.0,0.0
2024-08-07 09:30:00-04:00,57.02000045776367,57.11000061035156,57.02000045776367,57.099998474121094,1696,0.0,0.0,0.0
2024-08-07 10:30:00-04:00,57.21500015258789,57.375099182128906,57.21500015258789,57.319000244140625,5583,0.0,0.0,0.0
2024-08-07 11:30:00-04:00,57.33610153198242,57.37900161743164,57.209999084472656,57.220001220703125,4094,0.0,0.0,0.0
2024-08-07 12:30:00-04:00,57.234500885009766,57.234500885009766,56.79499816894531,56.900001525878906,13336,0.0,0.0,0.0
2024-08-07 13:30:00-04:00,56.95000076293945,57.02000045776367,56.599998474121094,56.66999816894531,27292,0.0,0.0,0.0
2024-08-07 14:30:00-04:00,56.650001525878906,56.72999954223633,56.540000915527344,56.709999084472656,20630,0.0,0.0,0.0
2024-08-07 15:30:00-04:00,56.72999954223633,56.75,56.5,56.5099983215332,5631,0.0,0.0,0.0
2024-08-08 09:30:00-04:00,56.91999816894531,56.939998626708984,56.88999938964844,56.93009948730469,8154,0.0,0.0,0.0
2024-08-08 10:30:00-04:00,57.29999923706055,57.29999923706055,57.220001220703125,57.220001220703125,3960,0.0,0.0,0.0
2024-08-08 11:30:00-04:00,57.27000045776367,57.28499984741211,57.16999816894531,57.2599983215332,10103,0.0,0.0,0.0
2024-08-08 12:30:00-04:00,57.255001068115234,57.31999969482422,57.11989974975586,57.310001373291016,5002,0.0,0.0,0.0
2024-08-08 13:30:00-04:00,57.400001525878906,57.47999954223633,57.369998931884766,57.43000030517578,38588,0.0,0.0,0.0
2024-08-08 14:30:00-04:00,57.43000030517578,57.45000076293945,57.33000183105469,57.34000015258789,12682,0.0,0.0,0.0
2024-08-08 15:30:00-04:00,57.224998474121094,57.41999816894531,57.224998474121094,57.41999816894531,2635,0.0,0.0,0.0
2024-08-09 09:30:00-04:00,57.31999969482422,57.41999816894531,57.290000915527344,57.41999816894531,1864,0.0,0.0,0.0
2024-08-09 10:30:00-04:00,57.42679977416992,57.57889938354492,57.42679977416992,57.51499938964844,3822,0.0,0.0,0.0
2024-08-09 11:30:00-04:00,57.52000045776367,57.540000915527344,57.41999816894531,57.439998626708984,9720,0.0,0.0,0.0
2024-08-09 12:30:00-04:00,57.45349884033203,57.72999954223633,57.43009948730469,57.72999954223633,20727,0.0,0.0,0.0
2024-08-09 13:30:00-04:00,57.7599983215332,57.77000045776367,57.56999969482422,57.56999969482422,18512,0.0,0.0,0.0
2024-08-09 14:30:00-04:00,57.54999923706055,57.650001525878906,57.52000045776367,57.63999938964844,56412,0.0,0.0,0.0
2024-08-09 15:30:00-04:00,57.63600158691406,57.689998626708984,57.61000061035156,57.63999938964844,12576,0.0,0.0,0.0
2024-08-12 09:30:00-04:00,57.709999084472656,57.743099212646484,57.470001220703125,57.619998931884766,10181,0.0,0.0,0.0
2024-08-12 10:30:00-04:00,57.619998931884766,57.7599983215332,57.619998931884766,57.670101165771484,3977,0.0,0.0,0.0
2024-08-12 11:30:00-04:00,57.529998779296875,57.70479965209961,57.5,57.61000061035156,4210,0.0,0.0,0.0
2024-08-12 12:30:00-04:00,57.605201721191406,57.63999938964844,57.47999954223633,57.57500076293945,18414,0.0,0.0,0.0
2024-08-12 13:30:00-04:00,57.56999969482422,57.5880012512207,57.43000030517578,57.49089813232422,38561,0.0,0.0,0.0
2024-08-12 14:30:00-04:00,57.47999954223633,57.52000045776367,57.47999954223633,57.4900016784668,3887,0.0,0.0,0.0
2024-08-12 15:30:00-04:00,57.47999954223633,57.47999954223633,57.43000030517578,57.460899353027344,2159,0.0,0.0,0.0
2024-08-13 09:30:00-04:00,57.68000030517578,57.900001525878906,57.68000030517578,57.70000076293945,6100,0.0,0.0,0.0
2024-08-13 10:30:00-04:00,57.70000076293945,57.880001068115234,57.70000076293945,57.869998931884766,3995,0.0,0.0,0.0
2024-08-13 11:30:00-04:00,57.88999938964844,57.9900016784668,57.861000061035156,57.970001220703125,9458,0.0,0.0,0.0
2024-08-13 12:30:00-04:00,57.931400299072266,58.060001373291016,57.931400299072266,58.0,7186,0.0,0.0,0.0
2024-08-13 13:30:00-04:00,58.02000045776367,58.02000045776367,57.97999954223633,58.00170135498047,6788,0.0,0.0,0.0
2024-08-13 14:30:00-04:00,58.025001525878906,58.08000183105469,58.0099983215332,58.060001373291016,8054,0.0,0.0,0.0
2024-08-13 15:30:00-04:00,58.060001373291016,58.119998931884766,58.041099548339844,58.119998931884766,4376,0.0,0.0,0.0
2024-08-14 09:30:00-04:00,58.09000015258789,58.189998626708984,58.09000015258789,58.189998626708984,4322,0.0,0.0,0.0
2024-08-14 10:30:00-04:00,58.10240173339844,58.25,58.10240173339844,58.25,3840,0.0,0.0,0.0
2024-08-14 11:30:00-04:00,58.2599983215332,58.375,58.220001220703125,58.220001220703125,8592,0.0,0.0,0.0
2024-08-14 12:30:00-04:00,58.23500061035156,58.279998779296875,58.19049835205078,58.25,21151,0.0,0.0,0.0
2024-08-14 13:30:00-04:00,58.27000045776367,58.29999923706055,58.2599983215332,58.28499984741211,1748,0.0,0.0,0.0
2024-08-14 14:30:00-04:00,58.29499816894531,58.38999938964844,58.279998779296875,58.279998779296875,12227,0.0,0.0,0.0
2024-08-14 15:30:00-04:00,58.26499938964844,58.380001068115234,58.2599983215332,58.349998474121094,3348,0.0,0.0,0.0
2024-08-15 09:30:00-04:00,58.790000915527344,58.79999923706055,58.630001068115234,58.709999084472656,15235,0.0,0.0,0.0
2024-08-15 10:30:00-04:00,58.70000076293945,58.77000045776367,58.68000030517578,58.75,14801,0.0,0.0,0.0
2024-08-15 11:30:00-04:00,58.7400016784668,58.814998626708984,58.709999084472656,58.814998626708984,10603,0.0,0.0,0.0
2024-08-15 12:30:00-04:00,58.81999969482422,58.84000015258789,58.7400016784668,58.779998779296875,6157,0.0,0.0,0.0
2024-08-15 13:30:00-04:00,58.79999923706055,58.84980010986328,58.79999923706055,58.83399963378906,15993,0.0,0.0,0.0
2024-08-15 14:30:00-04:00,58.869998931884766,58.869998931884766,58.83000183105469,58.83000183105469,3584,0.0,0.0,0.0
2024-08-15 15:30:00-04:00,58.88999938964844,58.88999938964844,58.81999969482422,58.81999969482422,5783,0.0,0.0,0.0
2024-08-16 09:30:00-04:00,58.779998779296875,58.939998626708984,58.779998779296875,58.869998931884766,6082,0.0,0.0,0.0
2024-08-16 10:30:00-04:00,58.84000015258789,58.90999984741211,58.84000015258789,58.90999984741211,1959,0.0,0.0,0.0
2024-08-16 11:30:00-04:00,58.9275016784668,59.02000045776367,58.92499923706055,59.0,9121,0.0,0.0,0.0
2024-08-16 12:30:00-04:00,59.029998779296875,59.09659957885742,59.02000045776367,59.05979919433594,12164,0.0,0.0,0.0
2024-08-16 13:30:00-04:00,59.08000183105469,59.09000015258789,59.01139831542969,59.029998779296875,12807,0.0,0.0,0.0
2024-08-16 14:30:00-04:00,59.03110122680664,59.06999969482422,59.0099983215332,59.0099983215332,7490,0.0,0.0,0.0
2024-08-16 15:30:00-04:00,59.029998779296875,59.029998779296875,58.970001220703125,59.0099983215332,2485,0.0,0.0,0.0
2024-08-19 09:30:00-04:00,59.04999923706055,59.1879997253418,59.04999923706055,59.13999938964844,4610,0.0,0.0,0.0
2024-08-19 10:30:00-04:00,59.15999984741211,59.201499938964844,59.150001525878906,59.185001373291016,11135,0.0,0.0,0.0
2024-08-19 11:30:00-04:00,59.20000076293945,59.20000076293945,59.150001525878906,59.16999816894531,15225,0.0,0.0,0.0
2024-08-19 12:30:00-04:00,59.189998626708984,59.2400016784668,59.189998626708984,59.189998626708984,7777,0.0,0.0,0.0
2024-08-19 13:30:00-04:00,59.18000030517578,59.20000076293945,59.16999816894531,59.179901123046875,5339,0.0,0.0,0.0
2024-08-19 14:30:00-04:00,59.18009948730469,59.255001068115234,59.18009948730469,59.220001220703125,13467,0.0,0.0,0.0
2024-08-19 15:30:00-04:00,59.220001220703125,59.290000915527344,59.20000076293945,59.2776985168457,193772,0.0,0.0,0.0
2024-08-20 09:30:00-04:00,59.33000183105469,59.459999084472656,59.33000183105469,59.41999816894531,6954,0.0,0.0,0.0
2024-08-20 10:30:00-04:00,59.400001525878906,59.40999984741211,59.34000015258789,59.34000015258789,9152,0.0,0.0,0.0
2024-08-20 11:30:00-04:00,59.329898834228516,59.41999816894531,59.31999969482422,59.369998931884766,5504,0.0,0.0,0.0
2024-08-20 12:30:00-04:00,59.38999938964844,59.41999816894531,59.34000015258789,59.380001068115234,52844,0.0,0.0,0.0
2024-08-20 13:30:00-04:00,59.369998931884766,59.459999084472656,59.34000015258789,59.459999084472656,15251,0.0,0.0,0.0
2024-08-20 14:30:00-04:00,59.470001220703125,59.470001220703125,59.41999816894531,59.41999816894531,5845,0.0,0.0,0.0
2024-08-20 15:30:00-04:00,59.42129898071289,59.46900177001953,59.40999984741211,59.45000076293945,4226,0.0,0.0,0.0
2024-08-21 09:30:00-04:00,59.529998779296875,59.560001373291016,59.529998779296875,59.560001373291016,4155,0.0,0.0,0.0
2024-08-21 10:30:00-04:00,59.65409851074219,59.65409851074219,59.459999084472656,59.57500076293945,1830,0.0,0.0,0.0
2024-08-21 11:30:00-04:00,59.540000915527344,59.56999969482422,59.45000076293945,59.5,17995,0.0,0.0,0.0
2024-08-21 12:30:00-04:00,59.529998779296875,59.61000061035156,59.529998779296875,59.5900993347168,3173,0.0,0.0,0.0
2024-08-21 13:30:00-04:00,59.61000061035156,59.64500045776367,59.59000015258789,59.64500045776367,7566,0.0,0.0,0.0
2024-08-21 14:30:00-04:00,59.66999816894531,59.685001373291016,59.529998779296875,59.529998779296875,10714,0.0,0.0,0.0
2024-08-21 15:30:00-04:00,59.57500076293945,59.63999938964844,59.53499984741211,59.619998931884766,10237,0.0,0.0,0.0
2024-08-22 09:30:00-04:00,59.77000045776367,59.809200286865234,59.599998474121094,59.61000061035156,7536,0.0,0.0,0.0
2024-08-22 10:30:00-04:00,59.619998931884766,59.650699615478516,59.47999954223633,59.47999954223633,4579,0.0,0.0,0.0
2024-08-22 11:30:00-04:00,59.5099983215332,59.599998474121094,59.439998626708984,59.582000732421875,44088,0.0,0.0,0.0
2024-08-22 12:30:00-04:00,59.619998931884766,59.619998931884766,59.36000061035156,59.400001525878906,6070,0.0,0.0,0.0
2024-08-22 13:30:00-04:00,59.29999923706055,59.38999938964844,59.220001220703125,59.369998931884766,12293,0.0,0.0,0.0
2024-08-22 14:30:00-04:00,59.380001068115234,59.400001525878906,59.310001373291016,59.33000183105469,9218,0.0,0.0,0.0
2024-08-22 15:30:00-04:00,59.334999084472656,59.369998931884766,59.29999923706055,59.30939865112305,3181,0.0,0.0,0.0
2024-08-23 09:30:00-04:00,59.56999969482422,59.77000045776367,59.560001373291016,59.720001220703125,7892,0.0,0.0,0.0
2024-08-23 10:30:00-04:00,59.72999954223633,59.72999954223633,59.5,59.650001525878906,20762,0.0,0.0,0.0
2024-08-23 11:30:00-04:00,59.68000030517578,59.68000030517578,59.369998931884766,59.369998931884766,12243,0.0,0.0,0.0
2024-08-23 12:30:00-04:00,59.400001525878906,59.529998779296875,59.400001525878906,59.529998779296875,4307,0.0,0.0,0.0
2024-08-23 13:30:00-04:00,59.540000915527344,59.60499954223633,59.529998779296875,59.59000015258789,9245,0.0,0.0,0.0
2024-08-23 14:30:00-04:00,59.59000015258789,59.720001220703125,59.58810043334961,59.720001220703125,14748,0.0,0.0,0.0
2024-08-23 15:30:00-04:00,59.75230026245117,59.76499938964844,59.685001373291016,59.72999954223633,2845,0.0,0.0,0.0
2024-08-26 09:30:00-04:00,59.810001373291016,59.959999084472656,59.810001373291016,59.959999084472656,4327,0.0,0.0,0.0
2024-08-26 10:30:00-04:00,59.95000076293945,59.95000076293945,59.82109832763672,59.82109832763672,5848,0.0,0.0,0.0
2024-08-26 11:30:00-04:00,59.81999969482422,59.86000061035156,59.78630065917969,59.86000061035156,1338,0.0,0.0,0.0
2024-08-26 12:30:00-04:00,59.869998931884766,59.95000076293945,59.86819839477539,59.91999816894531,26924,0.0,0.0,0.0
2024-08-26 13:30:00-04:00,59.900001525878906,59.900001525878906,59.75,59.81999969482422,5674,0.0,0.0,0.0
2024-08-26 14:30:00-04:00,59.81010055541992,59.84000015258789,59.81010055541992,59.834999084472656,10179,0.0,0.0,0.0
2024-08-26 15:30:00-04:00,59.84000015258789,59.849998474121094,59.77000045776367,59.84000015258789,191353,0.0,0.0,0.0
2024-08-27 09:30:00-04:00,59.7599983215332,59.880001068115234,59.73500061035156,59.880001068115234,9795,0.0,0.0,0.0
2024-08-27 10:30:00-04:00,59.91999816894531,59.95000076293945,59.88999938964844,59.90999984741211,19747,0.0,0.0,0.0
2024-08-27 11:30:00-04:00,59.810001373291016,59.900001525878906,59.810001373291016,59.869998931884766,19962,0.0,0.0,0.0
2024-08-27 12:30:00-04:00,59.86000061035156,59.91059875488281,59.85020065307617,59.91059875488281,9581,0.0,0.0,0.0
2024-08-27 13:30:00-04:00,59.93000030517578,59.935001373291016,59.9281005859375,59.935001373291016,766,0.0,0.0,0.0
2024-08-27 14:30:00-04:00,59.962501525878906,59.970001220703125,59.91999816894531,59.935001373291016,5090,0.0,0.0,0.0
2024-08-27 15:30:00-04:00,59.959999084472656,59.999900817871094,59.94499969482422,59.95500183105469,3686,0.0,0.0,0.0
2024-08-28 09:30:00-04:00,59.91999816894531,60.069698333740234,59.91999816894531,60.010501861572266,4449,0.0,0.0,0.0
2024-08-28 10:30:00-04:00,60.025001525878906,60.04499816894531,59.909698486328125,59.909698486328125,18058,0.0,0.0,0.0
2024-08-28 11:30:00-04:00,59.82320022583008,59.82320022583008,59.72999954223633,59.72999954223633,1805,0.0,0.0,0.0
2024-08-28 12:30:00-04:00,59.7599983215332,59.82640075683594,59.7400016784668,59.7400016784668,2510,0.0,0.0,0.0
2024-08-28 13:30:00-04:00,59.75,59.75,59.54499816894531,59.59000015258789,1669,0.0,0.0,0.0
2024-08-28 14:30:00-04:00,59.560001373291016,59.790000915527344,59.547401428222656,59.71500015258789,23429,0.0,0.0,0.0
2024-08-28 15:30:00-04:00,59.79499816894531,59.85900115966797,59.77000045776367,59.810001373291016,3952,0.0,0.0,0.0
2024-08-29 09:30:00-04:00,60.20000076293945,60.20000076293945,59.95000076293945,60.14500045776367,4847,0.0,0.0,0.0
2024-08-29 10:30:00-04:00,60.290000915527344,60.34000015258789,60.275001525878906,60.33000183105469,5279,0.0,0.0,0.0
2024-08-29 11:30:00-04:00,60.349998474121094,60.40999984741211,60.290000915527344,60.40800094604492,15350,0.0,0.0,0.0
2024-08-29 12:30:00-04:00,60.41999816894531,60.450401306152344,60.345001220703125,60.369998931884766,3479,0.0,0.0,0.0
2024-08-29 13:30:00-04:00,60.35499954223633,60.35499954223633,60.255001068115234,60.255001068115234,7214,0.0,0.0,0.0
2024-08-29 14:30:00-04:00,60.1963005065918,60.1963005065918,60.060001373291016,60.14500045776367,2365,0.0,0.0,0.0
2024-08-29 15:30:00-04:00,60.150001525878906,60.150001525878906,60.04999923706055,60.130001068115234,0,0.0,0.0,0.0
2024-08-30 09:30:00-04:00,60.310001373291016,60.310001373291016,60.150001525878906,60.262699127197266,4292,0.0,0.0,0.0
2024-08-30 10:30:00-04:00,60.25,60.290000915527344,60.09000015258789,60.09000015258789,9072,0.0,0.0,0.0
2024-08-30 11:30:00-04:00,60.040000915527344,60.119998931884766,59.97999954223633,59.97999954223633,20027,0.0,0.0,0.0
2024-08-30 12:30:00-04:00,59.93000030517578,60.10499954223633,59.93000030517578,60.08000183105469,5540,0.0,0.0,0.0
2024-08-30 13:30:00-04:00,60.08000183105469,60.18000030517578,60.060001373291016,60.18000030517578,2309,0.0,0.0,0.0
2024-08-30 14:30:00-04:00,60.18000030517578,60.33000183105469,60.18000030517578,60.33000183105469,6506,0.0,0.0,0.0
2024-08-30 15:30:00-04:00,60.31999969482422,60.58000183105469,60.31999969482422,60.58000183105469,3773,0.0,0.0,0.0
2024-09-03 09:30:00-04:00,60.400001525878906,60.400001525878906,60.22999954223633,60.290000915527344,2567,0.0,0.0,0.0
2024-09-03 10:30:00-04:00,60.24869918823242,60.31999969482422,60.24869918823242,60.29999923706055,2828,0.0,0.0,0.0
2024-09-03 11:30:00-04:00,60.33000183105469,60.33000183105469,60.2599983215332,60.27000045776367,4687,0.0,0.0,0.0
2024-09-03 12:30:00-04:00,60.230098724365234,60.29999923706055,60.20000076293945,60.29499816894531,1853,0.0,0.0,0.0
2024-09-03 13:30:00-04:00,60.2400016784668,60.2599983215332,60.104801177978516,60.11000061035156,2082,0.0,0.0,0.0
2024-09-03 14:30:00-04:00,60.10499954223633,60.10499954223633,60.005001068115234,60.04999923706055,2026,0.0,0.0,0.0
2024-09-03 15:30:00-04:00,60.04499816894531,60.04999923706055,59.779998779296875,60.029998779296875,14843,0.0,0.0,0.0
2024-09-04 09:30:00-04:00,59.88999938964844,60.09000015258789,59.88999938964844,60.04999923706055,7010,0.0,0.0,0.0
2024-09-04 10:30:00-04:00,60.05500030517578,60.09000015258789,59.9900016784668,60.02000045776367,159674,0.0,0.0,0.0
2024-09-04 11:30:00-04:00,59.935001373291016,60.0,59.89870071411133,59.91999816894531,6959,0.0,0.0,0.0
2024-09-04 12:30:00-04:00,59.974998474121094,60.0,59.83000183105469,59.869998931884766,39223,0.0,0.0,0.0
2024-09-04 13:30:00-04:00,59.79499816894531,59.880001068115234,59.779998779296875,59.880001068115234,9784,0.0,0.0,0.0
2024-09-04 14:30:00-04:00,59.90999984741211,59.90999984741211,59.83000183105469,59.88999938964844,14617,0.0,0.0,0.0
2024-09-04 15:30:00-04:00,59.91999816894531,60.0,59.8849983215332,59.96500015258789,9098,0.0,0.0,0.0
2024-09-05 09:30:00-04:00,60.08000183105469,60.08000183105469,59.86880111694336,59.970001220703125,7580,0.0,0.0,0.0
2024-09-05 10:30:00-04:00,59.959999084472656,59.9900016784668,59.698299407958984,59.698299407958984,2327,0.0,0.0,0.0
2024-09-05 11:30:00-04:00,59.54499816894531,59.599998474121094,59.4900016784668,59.560001373291016,6969,0.0,0.0,0.0
2024-09-05 12:30:00-04:00,59.560001373291016,59.65999984741211,59.560001373291016,59.59000015258789,19694,0.0,0.0,0.0
2024-09-05 13:30:00-04:00,59.56999969482422,59.810001373291016,59.54999923706055,59.77000045776367,8707,0.0,0.0,0.0
2024-09-05 14:30:00-04:00,59.79999923706055,59.849998474121094,59.62009811401367,59.630001068115234,5490,0.0,0.0,0.0
2024-09-05 15:30:00-04:00,59.66999816894531,59.775001525878906,59.619998931884766,59.70000076293945,27157,0.0,0.0,0.0
2024-09-06 09:30:00-04:00,59.77000045776367,59.83000183105469,59.629798889160156,59.629798889160156,1949,0.0,0.0,0.0
2024-09-06 10:30:00-04:00,59.494998931884766,59.52000045776367,59.25,59.25,3757,0.0,0.0,0.0
2024-09-06 11:30:00-04:00,59.279998779296875,59.279998779296875,59.18000030517578,59.20500183105469,16658,0.0,0.0,0.0
2024-09-06 12:30:00-04:00,59.20500183105469,59.279998779296875,59.15999984741211,59.279998779296875,11850,0.0,0.0,0.0
2024-09-06 13:30:00-04:00,59.17179870605469,59.209999084472656,59.130001068115234,59.15999984741211,5438,0.0,0.0,0.0
2024-09-06 14:30:00-04:00,59.17900085449219,59.26499938964844,59.1775016784668,59.26499938964844,793,0.0,0.0,0.0
2024-09-06 15:30:00-04:00,59.189998626708984,59.189998626708984,59.18000030517578,59.18000030517578,17863,0.0,0.0,0.0
2024-09-09 09:30:00-04:00,59.439998626708984,59.52000045776367,59.400001525878906,59.47999954223633,4251,0.0,0.0,0.0
2024-09-09 10:30:00-04:00,59.459999084472656,59.47999954223633,59.459999084472656,59.47999954223633,1547,0.0,0.0,0.0
2024-09-09 11:30:00-04:00,59.70000076293945,59.720001220703125,59.682701110839844,59.70500183105469,1730,0.0,0.0,0.0
2024-09-09 12:30:00-04:00,59.7599983215332,59.810001373291016,59.7599983215332,59.7599983215332,8028,0.0,0.0,0.0
2024-09-09 13:30:00-04:00,59.70000076293945,59.70000076293945,59.54999923706055,59.619998931884766,52245,0.0,0.0,0.0
2024-09-09 14:30:00-04:00,59.584999084472656,59.59000015258789,59.470001220703125,59.540000915527344,19930,0.0,0.0,0.0
2024-09-09 15:30:00-04:00,59.540000915527344,59.630001068115234,59.5,59.630001068115234,186357,0.0,0.0,0.0
2024-09-10 09:30:00-04:00,59.880001068115234,59.93000030517578,59.7598991394043,59.7599983215332,3204,0.0,0.0,0.0
2024-09-10 10:30:00-04:00,59.7588996887207,59.79999923706055,59.7588996887207,59.79999923706055,2791,0.0,0.0,0.0
2024-09-10 11:30:00-04:00,59.790000915527344,59.79999923706055,59.59000015258789,59.61000061035156,3429,0.0,0.0,0.0
2024-09-10 12:30:00-04:00,59.629798889160156,59.810001373291016,59.629798889160156,59.7599983215332,4366,0.0,0.0,0.0
2024-09-10 13:30:00-04:00,59.79999923706055,59.849998474121094,59.790000915527344,59.81999969482422,31543,0.0,0.0,0.0
2024-09-10 14:30:00-04:00,59.849998474121094,59.91999816894531,59.849998474121094,59.91999816894531,25095,0.0,0.0,0.0
2024-09-10 15:30:00-04:00,59.90999984741211,59.939998626708984,59.875,59.93000030517578,12915,0.0,0.0,0.0
2024-09-11 09:30:00-04:00,59.86000061035156,59.86000061035156,58.970001220703125,58.970001220703125,1945,0.0,0.0,0.0
2024-09-11 10:30:00-04:00,59.0099983215332,59.08300018310547,58.970001220703125,59.08300018310547,3091,0.0,0.0,0.0
2024-09-11 11:30:00-04:00,59.130001068115234,59.334999084472656,59.130001068115234,59.334999084472656,4000,0.0,0.0,0.0
2024-09-11 12:30:00-04:00,59.43000030517578,59.619998931884766,59.43000030517578,59.57500076293945,10682,0.0,0.0,0.0
2024-09-11 13:30:00-04:00,59.599998474121094,59.72999954223633,59.599998474121094,59.709999084472656,6490,0.0,0.0,0.0
2024-09-11 14:30:00-04:00,59.709999084472656,59.869998931884766,59.70500183105469,59.869998931884766,11178,0.0,0.0,0.0
2024-09-11 15:30:00-04:00,59.84339904785156,60.064998626708984,59.84339904785156,60.064998626708984,4239,0.0,0.0,0.0
2024-09-12 09:30:00-04:00,60.060001373291016,60.06999969482422,59.81999969482422,59.970001220703125,24563,0.0,0.0,0.0
2024-09-12 10:30:00-04:00,59.93000030517578,59.959999084472656,59.869998931884766,59.869998931884766,1298,0.0,0.0,0.0
2024-09-12 11:30:00-04:00,59.94499969482422,59.94499969482422,59.8849983215332,59.8849983215332,2626,0.0,0.0,0.0
2024-09-12 12:30:00-04:00,59.97999954223633,60.11000061035156,59.939998626708984,60.11000061035156,57614,0.0,0.0,0.0
2024-09-12 13:30:00-04:00,60.20000076293945,60.269901275634766,60.20000076293945,60.25299835205078,5975,0.0,0.0,0.0
2024-09-12 14:30:00-04:00,60.27159881591797,60.32389831542969,60.220001220703125,60.257999420166016,4126,0.0,0.0,0.0
2024-09-12 15:30:00-04:00,60.279998779296875,60.369998931884766,60.279998779296875,60.369998931884766,0,0.0,0.0,0.0
2024-09-13 09:30:00-04:00,60.5099983215332,60.63999938964844,60.5099983215332,60.63999938964844,3937,0.0,0.0,0.0
2024-09-13 10:30:00-04:00,60.59000015258789,60.706600189208984,60.59000015258789,60.625,4414,0.0,0.0,0.0
2024-09-13 11:30:00-04:00,60.763999938964844,60.763999938964844,60.689998626708984,60.689998626708984,2528,0.0,0.0,0.0
2024-09-13 12:30:00-04:00,60.65999984741211,60.75,60.619998931884766,60.7400016784668,15372,0.0,0.0,0.0
2024-09-13 13:30:00-04:00,60.7599983215332,60.779998779296875,60.625,60.630001068115234,14197,0.0,0.0,0.0
2024-09-13 14:30:00-04:00,60.6150016784668,60.65999984741211,60.560001373291016,60.65999984741211,15483,0.0,0.0,0.0
2024-09-13 15:30:00-04:00,60.65999984741211,60.709999084472656,60.624900817871094,60.689998626708984,5812,0.0,0.0,0.0
2024-09-16 09:30:00-04:00,60.7599983215332,60.959999084472656,60.7599983215332,60.84000015258789,3627,0.0,0.0,0.0
2024-09-16 10:30:00-04:00,60.720001220703125,60.810001373291016,60.720001220703125,60.810001373291016,6854,0.0,0.0,0.0
2024-09-16 11:30:00-04:00,60.79990005493164,60.83000183105469,60.7401008605957,60.83000183105469,3398,0.0,0.0,0.0
2024-09-16 12:30:00-04:00,60.84000015258789,60.869998931884766,60.803001403808594,60.849998474121094,19123,0.0,0.0,0.0
2024-09-16 13:30:00-04:00,60.869998931884766,60.90999984741211,60.869998931884766,60.8849983215332,22817,0.0,0.0,0.0
2024-09-16 14:30:00-04:00,60.90999984741211,60.910301208496094,60.83000183105469,60.86000061035156,4754,0.0,0.0,0.0
2024-09-16 15:30:00-04:00,60.90999984741211,60.93000030517578,60.88010025024414,60.93000030517578,2574,0.0,0.0,0.0
2024-09-17 09:30:00-04:00,60.970001220703125,61.08000183105469,60.970001220703125,61.08000183105469,6408,0.0,0.0,0.0
2024-09-17 10:30:00-04:00,61.029998779296875,61.040000915527344,60.91999816894531,60.97999954223633,5472,0.0,0.0,0.0
2024-09-17 11:30:00-04:00,60.974998474121094,60.974998474121094,60.81999969482422,60.81999969482422,2700,0.0,0.0,0.0
2024-09-17 12:30:00-04:00,60.82500076293945,60.82500076293945,60.63779830932617,60.7400016784668,9492,0.0,0.0,0.0
2024-09-17 13:30:00-04:00,60.67250061035156,60.810001373291016,60.592098236083984,60.78990173339844,10196,0.0,0.0,0.0
2024-09-17 14:30:00-04:00,60.7599983215332,60.77000045776367,60.61949920654297,60.62210464477539,12279,0.0,0.0,0.0
2024-09-17 15:30:00-04:00,60.650001525878906,60.69499969482422,60.650001525878906,60.68000030517578,3483,0.0,0.0,0.0
2024-09-18 09:30:00-04:00,60.720001220703125,60.73059844970703,60.61009979248047,60.689998626708984,3397,0.0,0.0,0.0
2024-09-18 10:30:00-04:00,60.6880989074707,60.70000076293945,60.634700775146484,60.634700775146484,3971,0.0,0.0,0.0
2024-09-18 11:30:00-04:00,60.665000915527344,60.70000076293945,60.6150016784668,60.70000076293945,60834,0.0,0.0,0.0
2024-09-18 12:30:00-04:00,60.70029830932617,60.790000915527344,60.689998626708984,60.7400016784668,3895,0.0,0.0,0.0
2024-09-18 13:30:00-04:00,60.790000915527344,61.125,60.599998474121094,60.720001220703125,6763,0.0,0.0,0.0
2024-09-18 14:30:00-04:00,60.88520050048828,60.88520050048828,60.59000015258789,60.7599983215332,9363,0.0,0.0,0.0
2024-09-18 15:30:00-04:00,60.78499984741211,60.78499984741211,60.4900016784668,60.529998779296875,8195,0.0,0.0,0.0
2024-09-19 09:30:00-04:00,61.22999954223633,61.22999954223633,61.040000915527344,61.040000915527344,3253,0.0,0.0,0.0
2024-09-19 10:30:00-04:00,61.095001220703125,61.095001220703125,60.939998626708984,60.939998626708984,1749,0.0,0.0,0.0
2024-09-19 11:30:00-04:00,60.88999938964844,61.09000015258789,60.86000061035156,61.02000045776367,14767,0.0,0.0,0.0
2024-09-19 12:30:00-04:00,61.05500030517578,61.0625,60.959999084472656,61.0625,8415,0.0,0.0,0.0
2024-09-19 13:30:00-04:00,61.029998779296875,61.18239974975586,61.025001525878906,61.025001525878906,5120,0.0,0.0,0.0
2024-09-19 14:30:00-04:00,61.099998474121094,61.1349983215332,61.040000915527344,61.1349983215332,13901,0.0,0.0,0.0
2024-09-19 15:30:00-04:00,61.060001373291016,61.064998626708984,60.95000076293945,61.064998626708984,0,0.0,0.0,0.0
2024-09-20 09:30:00-04:00,60.77000045776367,60.77000045776367,60.67499923706055,60.68989944458008,3148,0.0,0.0,0.0
2024-09-20 10:30:00-04:00,60.779998779296875,60.779998779296875,60.689998626708984,60.689998626708984,3482,0.0,0.0,0.0
2024-09-20 11:30:00-04:00,60.765201568603516,60.834999084472656,60.755001068115234,60.834999084472656,3327,0.0,0.0,0.0
2024-09-20 12:30:00-04:00,60.86000061035156,60.93000030517578,60.86000061035156,60.90700149536133,9313,0.0,0.0,0.0
2024-09-20 13:30:00-04:00,60.939998626708984,60.939998626708984,60.755001068115234,60.755001068115234,6289,0.0,0.0,0.0
2024-09-20 14:30:00-04:00,60.755001068115234,60.83000183105469,60.724998474121094,60.76900100708008,6528,0.0,0.0,0.0
2024-09-20 15:30:00-04:00,60.810001373291016,60.935001373291016,60.810001373291016,60.834999084472656,3319,0.0,0.0,0.0
