Datetime,Open,High,Low,Close,Volume,Dividends,Stock Splits,Capital Gains
2022-09-22 09:30:00-04:00,38.0,38.0,37.90999984741211,37.91999816894531,0,0.0,0.0,0.0
2022-09-22 10:30:00-04:00,37.90999984741211,37.90999984741211,37.90999984741211,37.90999984741211,253,0.0,0.0,0.0
2022-09-22 11:30:00-04:00,37.92900085449219,37.93000030517578,37.91999816894531,37.91999816894531,1146,0.0,0.0,0.0
2022-09-22 14:30:00-04:00,37.9900016784668,37.9900016784668,37.95709991455078,37.95709991455078,202,0.0,0.0,0.0
2022-09-23 09:30:00-04:00,37.77000045776367,37.79240036010742,37.709999084472656,37.709999084472656,0,0.0,0.0,0.0
2022-09-23 10:30:00-04:00,37.68709945678711,37.68709945678711,37.68000030517578,37.68000030517578,204,0.0,0.0,0.0
2022-09-23 11:30:00-04:00,37.66999816894531,37.66999816894531,37.65999984741211,37.65999984741211,456,0.0,0.0,0.0
2022-09-23 12:30:00-04:00,37.619998931884766,37.619998931884766,37.599998474121094,37.599998474121094,395,0.0,0.0,0.0
2022-09-23 13:30:00-04:00,37.56999969482422,37.56999969482422,37.5,37.5,341,0.0,0.0,0.0
2022-09-23 14:30:00-04:00,37.4900016784668,37.529998779296875,37.4900016784668,37.529998779296875,501,0.0,0.0,0.0
2022-09-23 15:30:00-04:00,37.630001068115234,37.630001068115234,37.595699310302734,37.595699310302734,110,0.0,0.0,0.0
2022-09-26 09:30:00-04:00,37.5,37.61000061035156,37.5,37.61000061035156,1499,0.0,0.0,0.0
2022-09-26 11:30:00-04:00,37.470001220703125,37.470001220703125,37.439998626708984,37.439998626708984,231,0.0,0.0,0.0
2022-09-26 12:30:00-04:00,37.369998931884766,37.369998931884766,37.36000061035156,37.36000061035156,267,0.0,0.0,0.0
2022-09-26 13:30:00-04:00,37.350101470947266,37.350101470947266,37.350101470947266,37.350101470947266,213,0.0,0.0,0.0
2022-09-26 14:30:00-04:00,37.369998931884766,37.369998931884766,37.369998931884766,37.369998931884766,101,0.0,0.0,0.0
2022-09-26 15:30:00-04:00,37.310001373291016,37.319000244140625,37.259300231933594,37.259300231933594,200,0.0,0.0,0.0
2022-09-27 09:30:00-04:00,37.47999954223633,37.499900817871094,37.34870147705078,37.380001068115234,3450,0.0,0.0,0.0
2022-09-27 10:30:00-04:00,37.380001068115234,37.380001068115234,37.380001068115234,37.380001068115234,102,0.0,0.0,0.0
2022-09-27 11:30:00-04:00,37.310001373291016,37.310001373291016,37.2400016784668,37.2400016784668,424,0.0,0.0,0.0
2022-09-27 12:30:00-04:00,37.220001220703125,37.279998779296875,37.220001220703125,37.27899932861328,5720,0.0,0.0,0.0
2022-09-27 13:30:00-04:00,37.220001220703125,37.220001220703125,37.20000076293945,37.20000076293945,3210,0.0,0.0,0.0
2022-09-27 15:30:00-04:00,37.13999938964844,37.17340087890625,37.125,37.17340087890625,210,0.0,0.0,0.0
2022-09-28 09:30:00-04:00,37.35900115966797,37.36000061035156,37.351200103759766,37.351200103759766,0,0.0,0.0,0.0
2022-09-28 10:30:00-04:00,37.470001220703125,37.56959915161133,37.470001220703125,37.56959915161133,3237,0.0,0.0,0.0
2022-09-28 11:30:00-04:00,37.560001373291016,37.560001373291016,37.560001373291016,37.560001373291016,100,0.0,0.0,0.0
2022-09-28 12:30:00-04:00,37.529998779296875,37.540000915527344,37.523399353027344,37.523399353027344,2133,0.0,0.0,0.0
2022-09-28 15:30:00-04:00,37.72999954223633,37.72999954223633,37.720001220703125,37.720001220703125,900,0.0,0.0,0.0
2022-09-29 09:30:00-04:00,37.46989822387695,37.46989822387695,37.46989822387695,37.46989822387695,0,0.0,0.0,0.0
2022-09-29 10:30:00-04:00,37.33000183105469,37.33000183105469,37.29999923706055,37.29999923706055,210,0.0,0.0,0.0
2022-09-29 11:30:00-04:00,37.380001068115234,37.380001068115234,37.380001068115234,37.380001068115234,200,0.0,0.0,0.0
2022-09-29 15:30:00-04:00,37.470001220703125,37.470001220703125,37.448001861572266,37.448001861572266,201,0.0,0.0,0.0
2022-09-30 09:30:00-04:00,37.5,37.5099983215332,37.45000076293945,37.5099983215332,2703,0.0,0.0,0.0
2022-09-30 12:30:00-04:00,37.52000045776367,37.52000045776367,37.52000045776367,37.52000045776367,106,0.0,0.0,0.0
2022-09-30 14:30:00-04:00,37.369998931884766,37.369998931884766,37.35660171508789,37.35660171508789,130,0.0,0.0,0.0
2022-10-03 09:30:00-04:00,37.540000915527344,37.68000030517578,37.540000915527344,37.68000030517578,4590,0.0,0.0,0.0
2022-10-03 10:30:00-04:00,37.71009826660156,37.71009826660156,37.71009826660156,37.71009826660156,308,0.0,0.0,0.0
2022-10-03 14:30:00-04:00,37.7599983215332,37.7599983215332,37.75510025024414,37.75510025024414,0,0.0,0.0,0.0
2022-10-04 09:30:00-04:00,37.369998931884766,37.43000030517578,37.33000183105469,37.400001525878906,2732,0.0,0.0,0.0
2022-10-04 10:30:00-04:00,37.42190170288086,37.42190170288086,37.400001525878906,37.41899871826172,837,0.0,0.0,0.0
2022-10-04 11:30:00-04:00,37.40999984741211,37.43000030517578,37.3849983215332,37.43000030517578,2701,0.0,0.0,0.0
2022-10-04 12:30:00-04:00,37.40999984741211,37.40999984741211,37.29100036621094,37.29100036621094,205,0.0,0.0,0.0
2022-10-04 13:30:00-04:00,37.35960006713867,37.35960006713867,37.35960006713867,37.35960006713867,181,0.0,0.0,0.0
2022-10-04 15:30:00-04:00,37.47999954223633,37.47999954223633,37.470001220703125,37.47999954223633,411,0.0,0.0,0.0
2022-10-05 09:30:00-04:00,37.36000061035156,37.400001525878906,37.33000183105469,37.33000183105469,0,0.0,0.0,0.0
2022-10-05 10:30:00-04:00,37.2400016784668,37.2400016784668,37.22999954223633,37.22999954223633,243,0.0,0.0,0.0
2022-10-05 14:30:00-04:00,37.470001220703125,37.479000091552734,37.437400817871094,37.437400817871094,0,0.0,0.0,0.0
2022-10-06 09:30:00-04:00,37.40010070800781,37.47999954223633,37.369998931884766,37.369998931884766,1086,0.0,0.0,0.0
2022-10-06 11:30:00-04:00,37.40999984741211,37.40999984741211,37.400001525878906,37.400001525878906,2668,0.0,0.0,0.0
2022-10-06 12:30:00-04:00,37.43000030517578,37.43000030517578,37.43000030517578,37.43000030517578,0,0.0,0.0,0.0
2022-10-06 13:30:00-04:00,37.43000030517578,37.43000030517578,37.41999816894531,37.41999816894531,4269,0.0,0.0,0.0
2022-10-06 14:30:00-04:00,37.41999816894531,37.41999816894531,37.38999938964844,37.38999938964844,360,0.0,0.0,0.0
2022-10-06 15:30:00-04:00,37.369998931884766,37.369998931884766,37.343101501464844,37.343101501464844,2610,0.0,0.0,0.0
2022-10-07 09:30:00-04:00,37.209999084472656,37.25,37.209999084472656,37.25,0,0.0,0.0,0.0
2022-10-07 10:30:00-04:00,37.23460006713867,37.23680114746094,37.23460006713867,37.23680114746094,492,0.0,0.0,0.0
2022-10-07 11:30:00-04:00,37.22090148925781,37.22090148925781,37.22090148925781,37.22090148925781,633,0.0,0.0,0.0
2022-10-07 12:30:00-04:00,37.191001892089844,37.191001892089844,37.150001525878906,37.150001525878906,912,0.0,0.0,0.0
2022-10-07 14:30:00-04:00,37.12990188598633,37.12990188598633,37.12990188598633,37.12990188598633,431,0.0,0.0,0.0
2022-10-07 15:30:00-04:00,37.09000015258789,37.09000015258789,37.06039810180664,37.06039810180664,100,0.0,0.0,0.0
2022-10-10 09:30:00-04:00,36.91999816894531,36.91999816894531,36.84000015258789,36.84000015258789,3442,0.0,0.0,0.0
2022-10-10 10:30:00-04:00,36.779998779296875,36.779998779296875,36.7599983215332,36.7599983215332,626,0.0,0.0,0.0
2022-10-10 11:30:00-04:00,36.660099029541016,36.660099029541016,36.660099029541016,36.660099029541016,203,0.0,0.0,0.0
2022-10-10 12:30:00-04:00,36.65999984741211,36.65999984741211,36.65999984741211,36.65999984741211,719,0.0,0.0,0.0
2022-10-10 13:30:00-04:00,36.56999969482422,36.65999984741211,36.56999969482422,36.65999984741211,879,0.0,0.0,0.0
2022-10-10 15:30:00-04:00,36.689998626708984,36.689998626708984,36.689998626708984,36.689998626708984,0,0.0,0.0,0.0
2022-10-11 09:30:00-04:00,36.74589920043945,36.74589920043945,36.74589920043945,36.74589920043945,423,0.0,0.0,0.0
2022-10-11 11:30:00-04:00,36.93000030517578,36.93000030517578,36.93000030517578,36.93000030517578,226,0.0,0.0,0.0
2022-10-11 12:30:00-04:00,36.9900016784668,36.9900016784668,36.959999084472656,36.959999084472656,927,0.0,0.0,0.0
2022-10-11 14:30:00-04:00,36.77899932861328,36.77899932861328,36.77899932861328,36.77899932861328,100,0.0,0.0,0.0
2022-10-11 15:30:00-04:00,36.779998779296875,36.779998779296875,36.779998779296875,36.779998779296875,0,0.0,0.0,0.0
2022-10-12 09:30:00-04:00,36.79999923706055,36.90999984741211,36.79999923706055,36.88999938964844,982,0.0,0.0,0.0
2022-10-12 11:30:00-04:00,36.85609817504883,36.93000030517578,36.85609817504883,36.90999984741211,764,0.0,0.0,0.0
2022-10-12 12:30:00-04:00,36.88999938964844,36.88999938964844,36.88999938964844,36.88999938964844,100,0.0,0.0,0.0
2022-10-12 13:30:00-04:00,36.86000061035156,36.86000061035156,36.84000015258789,36.84000015258789,344,0.0,0.0,0.0
2022-10-12 14:30:00-04:00,36.90999984741211,36.90999984741211,36.90999984741211,36.90999984741211,101,0.0,0.0,0.0
2022-10-12 15:30:00-04:00,36.849998474121094,36.86000061035156,36.84339904785156,36.844398498535156,2030,0.0,0.0,0.0
2022-10-13 09:30:00-04:00,36.41999816894531,36.58000183105469,36.39099884033203,36.58000183105469,0,0.0,0.0,0.0
2022-10-13 10:30:00-04:00,36.689998626708984,36.689998626708984,36.689998626708984,36.689998626708984,272,0.0,0.0,0.0
2022-10-13 15:30:00-04:00,36.959999084472656,36.959999084472656,36.959999084472656,36.959999084472656,204,0.0,0.0,0.0
2022-10-14 09:30:00-04:00,37.189998626708984,37.209999084472656,37.13999938964844,37.209999084472656,8294,0.0,0.0,0.0
2022-10-14 10:30:00-04:00,36.974998474121094,36.974998474121094,36.974998474121094,36.974998474121094,263,0.0,0.0,0.0
2022-10-14 12:30:00-04:00,36.95000076293945,36.95000076293945,36.95000076293945,36.95000076293945,1400,0.0,0.0,0.0
2022-10-14 14:30:00-04:00,36.810001373291016,36.84149932861328,36.79999923706055,36.84149932861328,1008,0.0,0.0,0.0
2022-10-17 10:30:00-04:00,37.220001220703125,37.220001220703125,37.17900085449219,37.209999084472656,1320,0.0,0.0,0.0
2022-10-17 12:30:00-04:00,37.2599983215332,37.2599983215332,37.249000549316406,37.249000549316406,206,0.0,0.0,0.0
2022-10-17 14:30:00-04:00,37.26499938964844,37.26499938964844,37.2588005065918,37.26470184326172,2345,0.0,0.0,0.0
2022-10-18 09:30:00-04:00,37.68000030517578,37.68000030517578,37.470001220703125,37.470001220703125,0,0.0,0.0,0.0
2022-10-18 10:30:00-04:00,37.5,37.5,37.5,37.5,147,0.0,0.0,0.0
2022-10-18 12:30:00-04:00,37.5099983215332,37.52199935913086,37.5099983215332,37.52199935913086,0,0.0,0.0,0.0
2022-10-19 09:30:00-04:00,37.380001068115234,37.380001068115234,37.3390007019043,37.380001068115234,6473,0.0,0.0,0.0
2022-10-19 13:30:00-04:00,37.220001220703125,37.220001220703125,37.214900970458984,37.214900970458984,288,0.0,0.0,0.0
2022-10-20 09:30:00-04:00,37.2400016784668,37.33000183105469,37.2400016784668,37.33000183105469,0,0.0,0.0,0.0
2022-10-20 10:30:00-04:00,37.36600112915039,37.36600112915039,37.36600112915039,37.36600112915039,7823,0.0,0.0,0.0
2022-10-20 11:30:00-04:00,37.31999969482422,37.31999969482422,37.31999969482422,37.31999969482422,106,0.0,0.0,0.0
2022-10-20 12:30:00-04:00,37.30099868774414,37.30099868774414,37.290000915527344,37.290000915527344,1202,0.0,0.0,0.0
2022-10-20 13:30:00-04:00,37.099998474121094,37.099998474121094,37.03559875488281,37.03559875488281,582,0.0,0.0,0.0
2022-10-20 14:30:00-04:00,37.02000045776367,37.04999923706055,37.02000045776367,37.04999923706055,360,0.0,0.0,0.0
2022-10-20 15:30:00-04:00,36.9900016784668,37.02450180053711,36.9900016784668,37.02450180053711,100,0.0,0.0,0.0
2022-10-21 09:30:00-04:00,36.959999084472656,37.119998931884766,36.91999816894531,37.119998931884766,0,0.0,0.0,0.0
2022-10-21 10:30:00-04:00,37.125,37.125,37.099998474121094,37.099998474121094,15148,0.0,0.0,0.0
2022-10-21 11:30:00-04:00,37.11000061035156,37.13999938964844,37.099998474121094,37.13999938964844,3462,0.0,0.0,0.0
2022-10-21 12:30:00-04:00,37.150001525878906,37.150001525878906,37.150001525878906,37.150001525878906,100,0.0,0.0,0.0
2022-10-21 13:30:00-04:00,37.127498626708984,37.130001068115234,37.127498626708984,37.130001068115234,300,0.0,0.0,0.0
2022-10-21 14:30:00-04:00,37.13999938964844,37.13999938964844,37.1343994140625,37.1343994140625,7869,0.0,0.0,0.0
2022-10-21 15:30:00-04:00,37.179500579833984,37.179500579833984,37.1526985168457,37.1526985168457,2368,0.0,0.0,0.0
2022-10-24 09:30:00-04:00,37.16999816894531,37.209999084472656,37.099998474121094,37.099998474121094,0,0.0,0.0,0.0
2022-10-24 10:30:00-04:00,37.11000061035156,37.16999816894531,37.11000061035156,37.16999816894531,1959,0.0,0.0,0.0
2022-10-24 11:30:00-04:00,37.209999084472656,37.209999084472656,37.19900131225586,37.20989990234375,23016,0.0,0.0,0.0
2022-10-24 13:30:00-04:00,37.19900131225586,37.19900131225586,37.19900131225586,37.19900131225586,221,0.0,0.0,0.0
2022-10-24 15:30:00-04:00,37.20500183105469,37.20500183105469,37.20090103149414,37.20090103149414,100,0.0,0.0,0.0
2022-10-25 09:30:00-04:00,37.310001373291016,37.349998474121094,37.310001373291016,37.349998474121094,0,0.0,0.0,0.0
2022-10-25 10:30:00-04:00,37.31999969482422,37.31999969482422,37.31999969482422,37.31999969482422,3472,0.0,0.0,0.0
2022-10-25 11:30:00-04:00,37.356998443603516,37.369998931884766,37.356998443603516,37.369998931884766,411,0.0,0.0,0.0
2022-10-25 12:30:00-04:00,37.349998474121094,37.349998474121094,37.349998474121094,37.349998474121094,249,0.0,0.0,0.0
2022-10-25 15:30:00-04:00,37.388999938964844,37.388999938964844,37.36909866333008,37.36909866333008,267,0.0,0.0,0.0
2022-10-26 09:30:00-04:00,37.36000061035156,37.36000061035156,37.31999969482422,37.36000061035156,291,0.0,0.0,0.0
2022-10-26 10:30:00-04:00,37.429901123046875,37.429901123046875,37.429901123046875,37.429901123046875,200,0.0,0.0,0.0
2022-10-26 13:30:00-04:00,37.404998779296875,37.404998779296875,37.404998779296875,37.404998779296875,120,0.0,0.0,0.0
2022-10-26 14:30:00-04:00,37.41999816894531,37.41999816894531,37.404998779296875,37.40999984741211,750,0.0,0.0,0.0
2022-10-26 15:30:00-04:00,37.43000030517578,37.43000030517578,37.43000030517578,37.43000030517578,3000,0.0,0.0,0.0
2022-10-27 09:30:00-04:00,37.470001220703125,37.50899887084961,37.470001220703125,37.50899887084961,0,0.0,0.0,0.0
2022-10-27 13:30:00-04:00,37.5099983215332,37.52000045776367,37.49100112915039,37.52000045776367,0,0.0,0.0,0.0
2022-10-28 11:30:00-04:00,37.58000183105469,37.58000183105469,37.58000183105469,37.58000183105469,758,0.0,0.0,0.0
2022-10-28 12:30:00-04:00,37.60499954223633,37.61000061035156,37.60449981689453,37.60900115966797,2903,0.0,0.0,0.0
2022-10-28 13:30:00-04:00,37.61000061035156,37.61000061035156,37.59000015258789,37.599998474121094,3850,0.0,0.0,0.0
2022-10-28 14:30:00-04:00,37.5989990234375,37.599998474121094,37.5890007019043,37.599998474121094,826,0.0,0.0,0.0
2022-10-31 09:30:00-04:00,37.529998779296875,37.529998779296875,37.5099983215332,37.5099983215332,1267,0.0,0.0,0.0
2022-10-31 10:30:00-04:00,37.518798828125,37.52000045776367,37.518798828125,37.52000045776367,1479,0.0,0.0,0.0
2022-10-31 11:30:00-04:00,37.529998779296875,37.529998779296875,37.525001525878906,37.525001525878906,1441,0.0,0.0,0.0
2022-10-31 12:30:00-04:00,37.54999923706055,37.54999923706055,37.54499816894531,37.54999923706055,4020,0.0,0.0,0.0
2022-10-31 13:30:00-04:00,37.5099983215332,37.529998779296875,37.5099983215332,37.529998779296875,1438,0.0,0.0,0.0
2022-10-31 14:30:00-04:00,37.52750015258789,37.540000915527344,37.52000045776367,37.52000045776367,693,0.0,0.0,0.0
2022-10-31 15:30:00-04:00,37.47999954223633,37.47999954223633,37.47999954223633,37.47999954223633,200,0.0,0.0,0.0
2022-11-01 09:30:00-04:00,37.458099365234375,37.5099983215332,37.458099365234375,37.5099983215332,0,0.0,0.0,0.0
2022-11-02 09:30:00-04:00,36.86000061035156,36.86000061035156,36.81999969482422,36.81999969482422,1455,0.0,0.0,0.0
2022-11-02 10:30:00-04:00,36.810001373291016,36.810001373291016,36.810001373291016,36.810001373291016,337,0.0,0.0,0.0
2022-11-02 11:30:00-04:00,36.810001373291016,36.810001373291016,36.810001373291016,36.810001373291016,202,0.0,0.0,0.0
2022-11-02 12:30:00-04:00,36.810001373291016,36.810001373291016,36.79999923706055,36.79999923706055,385,0.0,0.0,0.0
2022-11-02 13:30:00-04:00,36.909000396728516,36.909000396728516,36.909000396728516,36.909000396728516,412,0.0,0.0,0.0
2022-11-02 14:30:00-04:00,36.79999923706055,36.79999923706055,36.79999923706055,36.79999923706055,145,0.0,0.0,0.0
2022-11-02 15:30:00-04:00,36.790000915527344,36.790000915527344,36.76470184326172,36.76470184326172,0,0.0,0.0,0.0
2022-11-03 09:30:00-04:00,36.61000061035156,36.61000061035156,36.61000061035156,36.61000061035156,670,0.0,0.0,0.0
2022-11-03 10:30:00-04:00,36.730201721191406,36.730201721191406,36.730201721191406,36.730201721191406,1545,0.0,0.0,0.0
2022-11-03 13:30:00-04:00,36.70000076293945,36.720001220703125,36.70000076293945,36.720001220703125,555,0.0,0.0,0.0
2022-11-03 14:30:00-04:00,36.720001220703125,36.7400016784668,36.720001220703125,36.72669982910156,458,0.0,0.0,0.0
2022-11-03 15:30:00-04:00,36.720001220703125,36.720001220703125,36.70000076293945,36.709999084472656,2170,0.0,0.0,0.0
2022-11-04 09:30:00-04:00,36.779998779296875,36.83000183105469,36.75,36.83000183105469,0,0.0,0.0,0.0
2022-11-04 10:30:00-04:00,36.849998474121094,36.849998474121094,36.849998474121094,36.849998474121094,100,0.0,0.0,0.0
2022-11-04 11:30:00-04:00,36.79499816894531,36.79499816894531,36.7599983215332,36.7599983215332,2615,0.0,0.0,0.0
2022-11-04 12:30:00-04:00,36.77000045776367,36.77000045776367,36.77000045776367,36.77000045776367,321,0.0,0.0,0.0
2022-11-04 13:30:00-04:00,36.76900100708008,36.76900100708008,36.76900100708008,36.76900100708008,319,0.0,0.0,0.0
2022-11-04 14:30:00-04:00,36.790000915527344,36.823001861572266,36.790000915527344,36.823001861572266,6370,0.0,0.0,0.0
2022-11-07 09:30:00-05:00,36.85499954223633,36.85499954223633,36.83000183105469,36.83000183105469,632,0.0,0.0,0.0
2022-11-07 12:30:00-05:00,36.84000015258789,36.84000015258789,36.800498962402344,36.800498962402344,266,0.0,0.0,0.0
2022-11-07 13:30:00-05:00,36.81999969482422,36.81999969482422,36.81999969482422,36.81999969482422,100,0.0,0.0,0.0
2022-11-07 14:30:00-05:00,36.834999084472656,36.849998474121094,36.834999084472656,36.849998474121094,360,0.0,0.0,0.0
2022-11-07 15:30:00-05:00,36.869998931884766,36.869998931884766,36.869998931884766,36.869998931884766,724,0.0,0.0,0.0
2022-11-08 09:30:00-05:00,36.84000015258789,36.84000015258789,36.84000015258789,36.84000015258789,0,0.0,0.0,0.0
2022-11-08 10:30:00-05:00,36.884498596191406,36.884498596191406,36.884498596191406,36.884498596191406,122,0.0,0.0,0.0
2022-11-08 14:30:00-05:00,36.83639907836914,36.880001068115234,36.83000183105469,36.880001068115234,2449,0.0,0.0,0.0
2022-11-08 15:30:00-05:00,36.8400993347168,36.8400993347168,36.8400993347168,36.8400993347168,0,0.0,0.0,0.0
2022-11-09 09:30:00-05:00,36.849998474121094,36.86000061035156,36.79499816894531,36.86000061035156,484,0.0,0.0,0.0
2022-11-09 10:30:00-05:00,36.84000015258789,36.84989929199219,36.84000015258789,36.84989929199219,745,0.0,0.0,0.0
2022-11-09 11:30:00-05:00,36.84000015258789,36.84000015258789,36.84000015258789,36.84000015258789,145,0.0,0.0,0.0
2022-11-09 13:30:00-05:00,36.779998779296875,36.779998779296875,36.779998779296875,36.779998779296875,145,0.0,0.0,0.0
2022-11-09 14:30:00-05:00,36.709999084472656,36.71500015258789,36.70009994506836,36.70009994506836,453,0.0,0.0,0.0
2022-11-09 15:30:00-05:00,36.70000076293945,36.70000076293945,36.66999816894531,36.677398681640625,0,0.0,0.0,0.0
2022-11-10 09:30:00-05:00,37.20000076293945,37.20000076293945,36.97999954223633,37.040000915527344,1842,0.0,0.0,0.0
2022-11-10 10:30:00-05:00,37.04999923706055,37.04999923706055,37.02000045776367,37.02000045776367,1979,0.0,0.0,0.0
2022-11-10 11:30:00-05:00,37.0,37.04499816894531,37.0,37.04499816894531,2945,0.0,0.0,0.0
2022-11-11 09:30:00-05:00,37.05910110473633,37.130001068115234,37.05910110473633,37.06999969482422,0,0.0,0.0,0.0
2022-11-11 10:30:00-05:00,37.060001373291016,37.08649826049805,37.040000915527344,37.084999084472656,6894,0.0,0.0,0.0
2022-11-11 11:30:00-05:00,37.07899856567383,37.08000183105469,37.07899856567383,37.08000183105469,1355,0.0,0.0,0.0
2022-11-11 12:30:00-05:00,37.079898834228516,37.079898834228516,37.079898834228516,37.079898834228516,480,0.0,0.0,0.0
2022-11-11 14:30:00-05:00,37.06489944458008,37.06489944458008,37.06489944458008,37.06489944458008,201,0.0,0.0,0.0
2022-11-14 09:30:00-05:00,37.040000915527344,37.07899856567383,37.040000915527344,37.04999923706055,0,0.0,0.0,0.0
2022-11-14 11:30:00-05:00,37.09000015258789,37.09000015258789,37.09000015258789,37.09000015258789,144,0.0,0.0,0.0
2022-11-14 12:30:00-05:00,37.069000244140625,37.06999969482422,37.05910110473633,37.05910110473633,0,0.0,0.0,0.0
2022-11-15 09:30:00-05:00,37.08000183105469,37.09000015258789,37.05009841918945,37.05009841918945,4917,0.0,0.0,0.0
2022-11-15 13:30:00-05:00,37.08000183105469,37.08000183105469,37.07899856567383,37.07899856567383,1291,0.0,0.0,0.0
2022-11-15 14:30:00-05:00,37.07899856567383,37.07899856567383,37.0702018737793,37.0702018737793,100,0.0,0.0,0.0
2022-11-16 09:30:00-05:00,37.099998474121094,37.099998474121094,37.070098876953125,37.074100494384766,0,0.0,0.0,0.0
2022-11-16 12:30:00-05:00,37.099998474121094,37.099998474121094,37.0989990234375,37.0989990234375,1136,0.0,0.0,0.0
2022-11-16 13:30:00-05:00,37.0989990234375,37.0989990234375,37.0989990234375,37.0989990234375,115,0.0,0.0,0.0
2022-11-16 14:30:00-05:00,37.0989990234375,37.0989990234375,37.0989990234375,37.0989990234375,313,0.0,0.0,0.0
2022-11-16 15:30:00-05:00,37.099998474121094,37.099998474121094,37.08720016479492,37.08720016479492,0,0.0,0.0,0.0
2022-11-17 11:30:00-05:00,37.10900115966797,37.11000061035156,37.10900115966797,37.11000061035156,3119,0.0,0.0,0.0
2022-11-17 13:30:00-05:00,37.11000061035156,37.11000061035156,37.11000061035156,37.11000061035156,132,0.0,0.0,0.0
2022-11-17 14:30:00-05:00,37.11000061035156,37.11000061035156,37.09000015258789,37.09000015258789,1521,0.0,0.0,0.0
2022-11-18 09:30:00-05:00,37.16999816894531,37.209999084472656,37.16999816894531,37.189998626708984,8410,0.0,0.0,0.0
2022-11-18 10:30:00-05:00,37.189998626708984,37.189998626708984,37.189998626708984,37.189998626708984,126,0.0,0.0,0.0
2022-11-18 11:30:00-05:00,37.169898986816406,37.169898986816406,37.169898986816406,37.169898986816406,340,0.0,0.0,0.0
2022-11-18 14:30:00-05:00,37.19499969482422,37.19499969482422,37.19499969482422,37.19499969482422,615,0.0,0.0,0.0
2022-11-18 15:30:00-05:00,37.20000076293945,37.220001220703125,37.19499969482422,37.195701599121094,3867,0.0,0.0,0.0
2022-11-21 09:30:00-05:00,37.13999938964844,37.15999984741211,37.13999938964844,37.15999984741211,0,0.0,0.0,0.0
2022-11-21 11:30:00-05:00,37.17399978637695,37.17399978637695,37.17399978637695,37.17399978637695,293,0.0,0.0,0.0
2022-11-21 13:30:00-05:00,37.22999954223633,37.22999954223633,37.188899993896484,37.188899993896484,0,0.0,0.0,0.0
2022-11-22 09:30:00-05:00,37.18899917602539,37.18899917602539,37.17380142211914,37.17380142211914,974,0.0,0.0,0.0
2022-11-22 10:30:00-05:00,37.17100143432617,37.17100143432617,37.17100143432617,37.17100143432617,200,0.0,0.0,0.0
2022-11-22 14:30:00-05:00,37.28990173339844,37.30350112915039,37.28990173339844,37.30350112915039,510,0.0,0.0,0.0
2022-11-23 09:30:00-05:00,37.36000061035156,37.380001068115234,37.36000061035156,37.380001068115234,0,0.0,0.0,0.0
2022-11-23 10:30:00-05:00,37.38999938964844,37.38999938964844,37.36000061035156,37.369998931884766,983,0.0,0.0,0.0
2022-11-23 11:30:00-05:00,37.36000061035156,37.36000061035156,37.36000061035156,37.36000061035156,100,0.0,0.0,0.0
2022-11-23 12:30:00-05:00,37.330101013183594,37.36000061035156,37.33000183105469,37.33000183105469,4600,0.0,0.0,0.0
2022-11-23 13:30:00-05:00,37.36000061035156,37.36000061035156,37.36000061035156,37.36000061035156,100,0.0,0.0,0.0
2022-11-23 14:30:00-05:00,37.38999938964844,37.38999938964844,37.380001068115234,37.380001068115234,2682,0.0,0.0,0.0
2022-11-23 15:30:00-05:00,37.380001068115234,37.380001068115234,37.380001068115234,37.380001068115234,550,0.0,0.0,0.0
2022-11-25 09:30:00-05:00,37.41999816894531,37.41999816894531,37.38999938964844,37.39899826049805,3896,0.0,0.0,0.0
2022-11-25 10:30:00-05:00,37.388999938964844,37.38999938964844,37.380001068115234,37.380001068115234,953,0.0,0.0,0.0
2022-11-25 11:30:00-05:00,37.369998931884766,37.380001068115234,37.369998931884766,37.380001068115234,872,0.0,0.0,0.0
2022-11-25 12:30:00-05:00,37.369998931884766,37.369998931884766,37.369300842285156,37.369998931884766,719,0.0,0.0,0.0
2022-11-28 09:30:00-05:00,37.29999923706055,37.33509826660156,37.29999923706055,37.29999923706055,0,0.0,0.0,0.0
2022-11-28 11:30:00-05:00,37.290000915527344,37.290000915527344,37.27000045776367,37.27000045776367,287,0.0,0.0,0.0
2022-11-28 12:30:00-05:00,37.27000045776367,37.27000045776367,37.25,37.27000045776367,3847,0.0,0.0,0.0
2022-11-28 13:30:00-05:00,37.22999954223633,37.2400016784668,37.22999954223633,37.2400016784668,1910,0.0,0.0,0.0
2022-11-28 14:30:00-05:00,37.209999084472656,37.209999084472656,37.17390060424805,37.17390060424805,0,0.0,0.0,0.0
2022-11-29 09:30:00-05:00,37.169898986816406,37.189998626708984,37.130001068115234,37.189998626708984,7990,0.0,0.0,0.0
2022-11-29 10:30:00-05:00,37.209999084472656,37.209999084472656,37.209999084472656,37.209999084472656,265,0.0,0.0,0.0
2022-11-29 12:30:00-05:00,37.279998779296875,37.279998779296875,37.279998779296875,37.279998779296875,100,0.0,0.0,0.0
2022-11-29 13:30:00-05:00,37.2599983215332,37.290000915527344,37.25,37.254798889160156,0,0.0,0.0,0.0
2022-11-30 09:30:00-05:00,37.290000915527344,37.290000915527344,37.2400016784668,37.2400016784668,795,0.0,0.0,0.0
2022-11-30 10:30:00-05:00,37.25,37.25,37.220001220703125,37.25,1222,0.0,0.0,0.0
2022-11-30 11:30:00-05:00,37.2599983215332,37.2599983215332,37.2599983215332,37.2599983215332,306,0.0,0.0,0.0
2022-11-30 13:30:00-05:00,37.349998474121094,37.45000076293945,37.31999969482422,37.41999816894531,10194,0.0,0.0,0.0
2022-11-30 14:30:00-05:00,37.41999816894531,37.45940017700195,37.41999816894531,37.439998626708984,7600,0.0,0.0,0.0
2022-11-30 15:30:00-05:00,37.459999084472656,37.47999954223633,37.459999084472656,37.459999084472656,6300,0.0,0.0,0.0
2022-12-01 09:30:00-05:00,37.56999969482422,37.919898986816406,37.54999923706055,37.54999923706055,0,0.0,0.0,0.0
2022-12-01 10:30:00-05:00,37.49980163574219,37.49980163574219,37.49980163574219,37.49980163574219,191,0.0,0.0,0.0
2022-12-01 12:30:00-05:00,37.54999923706055,37.54999923706055,37.54499816894531,37.54499816894531,320,0.0,0.0,0.0
2022-12-01 13:30:00-05:00,37.540000915527344,37.540000915527344,37.540000915527344,37.540000915527344,224,0.0,0.0,0.0
2022-12-01 14:30:00-05:00,37.525001525878906,37.560001373291016,37.525001525878906,37.560001373291016,573,0.0,0.0,0.0
2022-12-01 15:30:00-05:00,37.569000244140625,37.569000244140625,37.569000244140625,37.569000244140625,0,0.0,0.0,0.0
2022-12-02 09:30:00-05:00,36.97999954223633,37.029998779296875,36.97999954223633,37.0004997253418,1891,0.0,0.0,0.0
2022-12-02 10:30:00-05:00,37.03900146484375,37.03900146484375,37.0099983215332,37.03900146484375,1437,0.0,0.0,0.0
2022-12-02 11:30:00-05:00,37.06999969482422,37.06999969482422,37.06999969482422,37.06999969482422,135,0.0,0.0,0.0
2022-12-02 13:30:00-05:00,37.05400085449219,37.06999969482422,37.05400085449219,37.06999969482422,1540,0.0,0.0,0.0
2022-12-02 14:30:00-05:00,37.07979965209961,37.07979965209961,37.064998626708984,37.064998626708984,101,0.0,0.0,0.0
2022-12-05 09:30:00-05:00,36.959999084472656,36.970001220703125,36.959999084472656,36.959999084472656,0,0.0,0.0,0.0
2022-12-05 10:30:00-05:00,36.959999084472656,37.0099983215332,36.959999084472656,37.0099983215332,230,0.0,0.0,0.0
2022-12-05 11:30:00-05:00,36.970001220703125,36.970001220703125,36.91999816894531,36.939998626708984,42832,0.0,0.0,0.0
2022-12-05 12:30:00-05:00,36.970001220703125,36.970001220703125,36.93000030517578,36.94850158691406,2730,0.0,0.0,0.0
2022-12-05 14:30:00-05:00,36.849998474121094,36.90999984741211,36.849998474121094,36.900699615478516,776,0.0,0.0,0.0
2022-12-05 15:30:00-05:00,36.90010070800781,36.92490005493164,36.90010070800781,36.92490005493164,276,0.0,0.0,0.0
2022-12-06 09:30:00-05:00,36.935001373291016,36.935001373291016,36.900001525878906,36.900001525878906,0,0.0,0.0,0.0
2022-12-06 10:30:00-05:00,36.90999984741211,36.90999984741211,36.869998931884766,36.869998931884766,11742,0.0,0.0,0.0
2022-12-06 12:30:00-05:00,36.88999938964844,36.89500045776367,36.88750076293945,36.89500045776367,1761,0.0,0.0,0.0
2022-12-06 13:30:00-05:00,36.869998931884766,36.869998931884766,36.86000061035156,36.86000061035156,284,0.0,0.0,0.0
2022-12-06 14:30:00-05:00,36.86000061035156,36.86000061035156,36.86000061035156,36.86000061035156,0,0.0,0.0,0.0
2022-12-06 15:30:00-05:00,36.810001373291016,36.849998474121094,36.810001373291016,36.849998474121094,14958,0.0,0.0,0.0
2022-12-07 09:30:00-05:00,36.90999984741211,36.939998626708984,36.849998474121094,36.849998474121094,0,0.0,0.0,0.0
2022-12-07 11:30:00-05:00,36.900001525878906,36.900001525878906,36.900001525878906,36.900001525878906,728,0.0,0.0,0.0
2022-12-07 14:30:00-05:00,36.861000061035156,36.861000061035156,36.86000061035156,36.86000061035156,612,0.0,0.0,0.0
2022-12-07 15:30:00-05:00,36.939998626708984,36.95000076293945,36.934200286865234,36.95000076293945,0,0.0,0.0,0.0
2022-12-08 09:30:00-05:00,36.90999984741211,36.90999984741211,36.869998931884766,36.88999938964844,7191,0.0,0.0,0.0
2022-12-08 10:30:00-05:00,36.92110061645508,36.92110061645508,36.920101165771484,36.920101165771484,511,0.0,0.0,0.0
2022-12-08 12:30:00-05:00,36.95159912109375,36.95159912109375,36.939998626708984,36.939998626708984,1650,0.0,0.0,0.0
2022-12-08 13:30:00-05:00,36.91999816894531,36.91999816894531,36.91999816894531,36.91999816894531,188,0.0,0.0,0.0
2022-12-08 14:30:00-05:00,36.939998626708984,36.95500183105469,36.939998626708984,36.95500183105469,0,0.0,0.0,0.0
2022-12-09 09:30:00-05:00,36.939998626708984,37.019500732421875,36.939998626708984,37.019500732421875,2052,0.0,0.0,0.0
2022-12-09 10:30:00-05:00,37.01959991455078,37.01959991455078,37.0,37.0,475,0.0,0.0,0.0
2022-12-09 11:30:00-05:00,36.97999954223633,36.97999954223633,36.97999954223633,36.97999954223633,5415,0.0,0.0,0.0
2022-12-09 12:30:00-05:00,37.0099983215332,37.0099983215332,36.97999954223633,36.97999954223633,473,0.0,0.0,0.0
2022-12-09 14:30:00-05:00,36.994998931884766,36.994998931884766,36.994998931884766,36.994998931884766,272,0.0,0.0,0.0
2022-12-09 15:30:00-05:00,36.970001220703125,36.970001220703125,36.970001220703125,36.970001220703125,264,0.0,0.0,0.0
2022-12-12 09:30:00-05:00,37.040000915527344,37.040000915527344,36.994998931884766,37.02000045776367,0,0.0,0.0,0.0
2022-12-12 10:30:00-05:00,37.029998779296875,37.029998779296875,36.95000076293945,36.95000076293945,2250,0.0,0.0,0.0
2022-12-12 11:30:00-05:00,37.03990173339844,37.03990173339844,37.0,37.0,5260,0.0,0.0,0.0
2022-12-12 12:30:00-05:00,36.974998474121094,36.974998474121094,36.95000076293945,36.9739990234375,360,0.0,0.0,0.0
2022-12-12 13:30:00-05:00,36.95100021362305,36.95100021362305,36.95000076293945,36.95000076293945,633,0.0,0.0,0.0
2022-12-12 14:30:00-05:00,36.93349838256836,36.970001220703125,36.93349838256836,36.970001220703125,588,0.0,0.0,0.0
2022-12-12 15:30:00-05:00,36.9900016784668,36.9900016784668,36.959999084472656,36.959999084472656,0,0.0,0.0,0.0
2022-12-13 09:30:00-05:00,37.13999938964844,37.15999984741211,37.09000015258789,37.13999938964844,1168,0.0,0.0,0.0
2022-12-13 10:30:00-05:00,37.15999984741211,37.15999984741211,37.08700180053711,37.08700180053711,4026,0.0,0.0,0.0
2022-12-13 11:30:00-05:00,37.150001525878906,37.150001525878906,37.150001525878906,37.150001525878906,3512,0.0,0.0,0.0
2022-12-13 12:30:00-05:00,37.08000183105469,37.08000183105469,37.02000045776367,37.05500030517578,1942,0.0,0.0,0.0
2022-12-13 13:30:00-05:00,37.150001525878906,37.150001525878906,37.150001525878906,37.150001525878906,411,0.0,0.0,0.0
2022-12-13 15:30:00-05:00,37.16999816894531,37.16999816894531,37.09000015258789,37.125,1107,0.0,0.0,0.0
2022-12-14 09:30:00-05:00,37.20000076293945,37.20000076293945,37.20000076293945,37.20000076293945,0,0.0,0.0,0.0
2022-12-14 10:30:00-05:00,37.15999984741211,37.187599182128906,37.15999984741211,37.187599182128906,619,0.0,0.0,0.0
2022-12-14 14:30:00-05:00,37.13999938964844,37.150001525878906,37.06999969482422,37.150001525878906,630,0.0,0.0,0.0
2022-12-14 15:30:00-05:00,37.149898529052734,37.150001525878906,37.099998474121094,37.13999938964844,900,0.0,0.0,0.0
2022-12-15 09:30:00-05:00,37.23899841308594,37.23899841308594,37.23899841308594,37.23899841308594,0,0.0,0.0,0.0
2022-12-15 10:30:00-05:00,37.249000549316406,37.249900817871094,37.2411003112793,37.249900817871094,752,0.0,0.0,0.0
2022-12-15 12:30:00-05:00,37.249000549316406,37.249000549316406,37.249000549316406,37.249000549316406,442,0.0,0.0,0.0
2022-12-15 14:30:00-05:00,37.24209976196289,37.249900817871094,37.24209976196289,37.249900817871094,593,0.0,0.0,0.0
2022-12-15 15:30:00-05:00,37.249900817871094,37.249900817871094,37.249900817871094,37.249900817871094,570,0.0,0.0,0.0
2022-12-16 09:30:00-05:00,37.150001525878906,37.150001525878906,37.138999938964844,37.138999938964844,919,0.0,0.0,0.0
2022-12-16 10:30:00-05:00,37.149898529052734,37.149898529052734,37.13999938964844,37.13999938964844,1003,0.0,0.0,0.0
2022-12-16 11:30:00-05:00,37.10499954223633,37.10499954223633,37.10499954223633,37.10499954223633,239,0.0,0.0,0.0
2022-12-16 12:30:00-05:00,37.060001373291016,37.060001373291016,37.060001373291016,37.060001373291016,245,0.0,0.0,0.0
2022-12-16 14:30:00-05:00,37.064998626708984,37.064998626708984,37.060001373291016,37.060001373291016,337,0.0,0.0,0.0
2022-12-16 15:30:00-05:00,37.12950134277344,37.12950134277344,37.12950134277344,37.12950134277344,100,0.0,0.0,0.0
2022-12-19 09:30:00-05:00,37.119998931884766,37.130001068115234,37.0099983215332,37.0099983215332,0,0.0,0.0,0.0
2022-12-19 10:30:00-05:00,37.04899978637695,37.04990005493164,37.04899978637695,37.04990005493164,1000,0.0,0.0,0.0
2022-12-19 12:30:00-05:00,37.01169967651367,37.02000045776367,37.01169967651367,37.02000045776367,1157,0.0,0.0,0.0
2022-12-19 14:30:00-05:00,37.010101318359375,37.060001373291016,37.010101318359375,37.05500030517578,628,0.0,0.0,0.0
2022-12-20 09:30:00-05:00,37.0,37.0099983215332,36.94409942626953,36.94409942626953,0,0.0,0.0,0.0
2022-12-20 10:30:00-05:00,36.989898681640625,36.989898681640625,36.989898681640625,36.989898681640625,519,0.0,0.0,0.0
2022-12-20 11:30:00-05:00,37.025001525878906,37.025001525878906,37.025001525878906,37.025001525878906,362,0.0,0.0,0.0
2022-12-20 12:30:00-05:00,36.99959945678711,36.99959945678711,36.99959945678711,36.99959945678711,177,0.0,0.0,0.0
2022-12-20 13:30:00-05:00,37.03900146484375,37.03900146484375,37.03900146484375,37.03900146484375,165,0.0,0.0,0.0
2022-12-20 15:30:00-05:00,37.0099983215332,37.029998779296875,36.9900016784668,36.9900016784668,1000,0.0,0.0,0.0
2022-12-21 09:30:00-05:00,37.12099838256836,37.189998626708984,37.12099838256836,37.189998626708984,0,0.0,0.0,0.0
2022-12-21 10:30:00-05:00,37.20240020751953,37.20240020751953,37.20240020751953,37.20240020751953,161,0.0,0.0,0.0
2022-12-21 11:30:00-05:00,37.21870040893555,37.21870040893555,37.21870040893555,37.21870040893555,163,0.0,0.0,0.0
2022-12-21 14:30:00-05:00,37.2400016784668,37.2400016784668,37.220001220703125,37.220001220703125,823,0.0,0.0,0.0
2022-12-21 15:30:00-05:00,37.21500015258789,37.21500015258789,37.21500015258789,37.21500015258789,250,0.0,0.0,0.0
2022-12-22 10:30:00-05:00,37.119998931884766,37.130001068115234,37.119998931884766,37.130001068115234,516,0.0,0.0,0.0
2022-12-22 12:30:00-05:00,37.04999923706055,37.04999923706055,37.04999923706055,37.04999923706055,514,0.0,0.0,0.0
2022-12-22 13:30:00-05:00,36.970001220703125,36.970001220703125,36.91999816894531,36.91999816894531,823,0.0,0.0,0.0
2022-12-22 15:30:00-05:00,37.069000244140625,37.069000244140625,37.036399841308594,37.036399841308594,0,0.0,0.0,0.0
2022-12-23 09:30:00-05:00,36.45000076293945,36.459999084472656,36.380001068115234,36.380001068115234,1370,0.0,0.0,0.0
2022-12-23 10:30:00-05:00,36.499000549316406,36.499000549316406,36.489898681640625,36.489898681640625,1651,0.0,0.0,0.0
2022-12-23 11:30:00-05:00,36.529998779296875,36.529998779296875,36.52920150756836,36.52920150756836,644,0.0,0.0,0.0
2022-12-23 12:30:00-05:00,36.51689910888672,36.55500030517578,36.51689910888672,36.55500030517578,626,0.0,0.0,0.0
2022-12-27 09:30:00-05:00,36.467498779296875,36.4900016784668,36.4369010925293,36.4900016784668,0,0.0,0.0,0.0
2022-12-27 11:30:00-05:00,36.459999084472656,36.459999084472656,36.459999084472656,36.459999084472656,274,0.0,0.0,0.0
2022-12-27 12:30:00-05:00,36.40999984741211,36.44900131225586,36.40999984741211,36.41999816894531,1884,0.0,0.0,0.0
2022-12-27 13:30:00-05:00,36.400001525878906,36.41999816894531,36.36000061035156,36.36000061035156,2221,0.0,0.0,0.0
2022-12-27 15:30:00-05:00,36.24190139770508,36.25,36.24190139770508,36.25,1110,0.0,0.0,0.0
2022-12-28 09:30:00-05:00,36.310001373291016,36.310001373291016,36.2599983215332,36.2599983215332,0,0.0,0.0,0.0
2022-12-28 10:30:00-05:00,36.20000076293945,36.20000076293945,36.20000076293945,36.20000076293945,687,0.0,0.0,0.0
2022-12-28 12:30:00-05:00,36.20500183105469,36.20500183105469,36.20500183105469,36.20500183105469,352,0.0,0.0,0.0
2022-12-28 13:30:00-05:00,36.081199645996094,36.081199645996094,36.04999923706055,36.04999923706055,277,0.0,0.0,0.0
2022-12-28 14:30:00-05:00,36.02000045776367,36.06999969482422,35.91999816894531,35.91999816894531,1057,0.0,0.0,0.0
2022-12-28 15:30:00-05:00,35.90999984741211,35.90999984741211,35.805999755859375,35.805999755859375,110,0.0,0.0,0.0
2022-12-29 09:30:00-05:00,35.93000030517578,35.93000030517578,35.93000030517578,35.93000030517578,0,0.0,0.0,0.0
2022-12-29 11:30:00-05:00,36.12990188598633,36.224998474121094,36.12990188598633,36.224998474121094,455,0.0,0.0,0.0
2022-12-30 09:30:00-05:00,36.189998626708984,36.189998626708984,36.189998626708984,36.189998626708984,0,0.0,0.0,0.0
2022-12-30 10:30:00-05:00,36.14899826049805,36.14899826049805,36.14899826049805,36.14899826049805,792,0.0,0.0,0.0
2022-12-30 12:30:00-05:00,36.18000030517578,36.18000030517578,36.18000030517578,36.18000030517578,145,0.0,0.0,0.0
2022-12-30 13:30:00-05:00,36.220001220703125,36.220001220703125,36.19900131225586,36.19900131225586,451,0.0,0.0,0.0
2022-12-30 14:30:00-05:00,36.18000030517578,36.18000030517578,36.18000030517578,36.18000030517578,204,0.0,0.0,0.0
2022-12-30 15:30:00-05:00,36.222198486328125,36.259300231933594,36.222198486328125,36.259300231933594,133,0.0,0.0,0.0
2023-01-03 09:30:00-05:00,36.369998931884766,36.380001068115234,36.369998931884766,36.380001068115234,0,0.0,0.0,0.0
2023-01-03 10:30:00-05:00,36.369998931884766,36.380001068115234,36.369998931884766,36.380001068115234,821,0.0,0.0,0.0
2023-01-03 12:30:00-05:00,36.29999923706055,36.29999923706055,36.290000915527344,36.290000915527344,5490,0.0,0.0,0.0
2023-01-03 13:30:00-05:00,36.36000061035156,36.38990020751953,36.33399963378906,36.33399963378906,2485,0.0,0.0,0.0
2023-01-04 09:30:00-05:00,36.540000915527344,36.54999923706055,36.43669891357422,36.459999084472656,0,0.0,0.0,0.0
2023-01-04 10:30:00-05:00,36.52479934692383,36.52479934692383,36.52479934692383,36.52479934692383,577,0.0,0.0,0.0
2023-01-04 12:30:00-05:00,36.58539962768555,36.599998474121094,36.57210159301758,36.58039855957031,877,0.0,0.0,0.0
2023-01-04 13:30:00-05:00,36.58000183105469,36.58000183105469,36.58000183105469,36.58000183105469,100,0.0,0.0,0.0
2023-01-04 14:30:00-05:00,36.58000183105469,36.68000030517578,36.579898834228516,36.68000030517578,553,0.0,0.0,0.0
2023-01-05 09:30:00-05:00,36.560001373291016,36.61899948120117,36.559200286865234,36.61899948120117,0,0.0,0.0,0.0
2023-01-05 11:30:00-05:00,36.5890007019043,36.5890007019043,36.5890007019043,36.5890007019043,772,0.0,0.0,0.0
2023-01-05 13:30:00-05:00,36.56990051269531,36.61029815673828,36.56990051269531,36.61029815673828,523,0.0,0.0,0.0
2023-01-06 09:30:00-05:00,36.79999923706055,36.81999969482422,36.79999923706055,36.81999969482422,0,0.0,0.0,0.0
2023-01-06 10:30:00-05:00,36.93899917602539,36.93899917602539,36.9010009765625,36.9010009765625,322,0.0,0.0,0.0
2023-01-06 11:30:00-05:00,36.959999084472656,36.959999084472656,36.95100021362305,36.95690155029297,585,0.0,0.0,0.0
2023-01-06 12:30:00-05:00,36.939998626708984,36.939998626708984,36.89500045776367,36.89500045776367,779,0.0,0.0,0.0
2023-01-06 13:30:00-05:00,37.01599884033203,37.01599884033203,37.01599884033203,37.01599884033203,298,0.0,0.0,0.0
2023-01-06 15:30:00-05:00,37.01539993286133,37.01539993286133,36.98350143432617,36.98350143432617,250,0.0,0.0,0.0
2023-01-09 09:30:00-05:00,37.02009963989258,37.0989990234375,37.02009963989258,37.0989990234375,1615,0.0,0.0,0.0
2023-01-09 10:30:00-05:00,37.11899948120117,37.119998931884766,37.11000061035156,37.119998931884766,1207,0.0,0.0,0.0
2023-01-09 11:30:00-05:00,37.13999938964844,37.13999938964844,37.083900451660156,37.083900451660156,872,0.0,0.0,0.0
2023-01-09 12:30:00-05:00,37.10419845581055,37.10419845581055,37.08039855957031,37.08039855957031,0,0.0,0.0,0.0
2023-01-10 09:30:00-05:00,37.11899948120117,37.13999938964844,37.07500076293945,37.07500076293945,3592,0.0,0.0,0.0
2023-01-10 10:30:00-05:00,37.04050064086914,37.04349899291992,37.04050064086914,37.04349899291992,976,0.0,0.0,0.0
2023-01-10 13:30:00-05:00,37.095401763916016,37.11000061035156,37.095401763916016,37.11000061035156,396,0.0,0.0,0.0
2023-01-10 14:30:00-05:00,37.11000061035156,37.11000061035156,37.09000015258789,37.09000015258789,1148,0.0,0.0,0.0
2023-01-11 09:30:00-05:00,37.150001525878906,37.16899871826172,37.150001525878906,37.15999984741211,0,0.0,0.0,0.0
2023-01-11 11:30:00-05:00,37.150001525878906,37.15129852294922,37.150001525878906,37.15129852294922,963,0.0,0.0,0.0
2023-01-11 12:30:00-05:00,37.16899871826172,37.16999816894531,37.16899871826172,37.16999816894531,700,0.0,0.0,0.0
2023-01-11 13:30:00-05:00,37.150001525878906,37.150001525878906,37.150001525878906,37.150001525878906,679,0.0,0.0,0.0
2023-01-11 14:30:00-05:00,37.169898986816406,37.169898986816406,37.16450119018555,37.165000915527344,0,0.0,0.0,0.0
2023-01-12 09:30:00-05:00,37.2400016784668,37.34000015258789,37.2400016784668,37.26900100708008,3640,0.0,0.0,0.0
2023-01-12 10:30:00-05:00,37.31999969482422,37.31999969482422,37.31999969482422,37.31999969482422,350,0.0,0.0,0.0
2023-01-12 11:30:00-05:00,37.33000183105469,37.33000183105469,37.31999969482422,37.31999969482422,3443,0.0,0.0,0.0
2023-01-12 12:30:00-05:00,37.35900115966797,37.36000061035156,37.35900115966797,37.35900115966797,1541,0.0,0.0,0.0
2023-01-12 13:30:00-05:00,37.349998474121094,37.349998474121094,37.310001373291016,37.34870147705078,11909,0.0,0.0,0.0
2023-01-12 14:30:00-05:00,37.351200103759766,37.351200103759766,37.310001373291016,37.33000183105469,950,0.0,0.0,0.0
2023-01-12 15:30:00-05:00,37.36000061035156,37.36000061035156,37.36000061035156,37.36000061035156,191,0.0,0.0,0.0
2023-01-13 09:30:00-05:00,37.33000183105469,37.34989929199219,37.33000183105469,37.34989929199219,932,0.0,0.0,0.0
2023-01-13 10:30:00-05:00,37.349998474121094,37.400001525878906,37.349998474121094,37.400001525878906,1558,0.0,0.0,0.0
2023-01-13 11:30:00-05:00,37.399898529052734,37.399898529052734,37.399898529052734,37.399898529052734,526,0.0,0.0,0.0
2023-01-13 12:30:00-05:00,37.37990188598633,37.39899826049805,37.37990188598633,37.39899826049805,760,0.0,0.0,0.0
2023-01-13 13:30:00-05:00,37.419898986816406,37.419898986816406,37.419898986816406,37.419898986816406,711,0.0,0.0,0.0
2023-01-13 14:30:00-05:00,37.40999984741211,37.40999984741211,37.40769958496094,37.40879821777344,1297,0.0,0.0,0.0
2023-01-17 09:30:00-05:00,37.400001525878906,37.41999816894531,37.349998474121094,37.419898986816406,39829,0.0,0.0,0.0
2023-01-17 10:30:00-05:00,37.41899871826172,37.41899871826172,37.41899871826172,37.41899871826172,282,0.0,0.0,0.0
2023-01-17 11:30:00-05:00,37.400001525878906,37.41999816894531,37.400001525878906,37.41999816894531,665,0.0,0.0,0.0
2023-01-17 12:30:00-05:00,37.380001068115234,37.40999984741211,37.380001068115234,37.40999984741211,1683,0.0,0.0,0.0
2023-01-17 13:30:00-05:00,37.40999984741211,37.41999816894531,37.409698486328125,37.41999816894531,5316,0.0,0.0,0.0
2023-01-17 14:30:00-05:00,37.41899871826172,37.42499923706055,37.413299560546875,37.42499923706055,2909,0.0,0.0,0.0
2023-01-17 15:30:00-05:00,37.41999816894531,37.41999816894531,37.41999816894531,37.41999816894531,323,0.0,0.0,0.0
2023-01-18 09:30:00-05:00,37.459999084472656,37.470001220703125,37.45249938964844,37.45249938964844,0,0.0,0.0,0.0
2023-01-18 10:30:00-05:00,37.45719909667969,37.470001220703125,37.44499969482422,37.4463005065918,2031,0.0,0.0,0.0
2023-01-18 11:30:00-05:00,37.459999084472656,37.459999084472656,37.42369842529297,37.459999084472656,16155,0.0,0.0,0.0
2023-01-18 13:30:00-05:00,37.45000076293945,37.45000076293945,37.45000076293945,37.45000076293945,128,0.0,0.0,0.0
2023-01-18 14:30:00-05:00,37.45000076293945,37.45000076293945,37.440101623535156,37.448001861572266,0,0.0,0.0,0.0
2023-01-19 09:30:00-05:00,37.41899871826172,37.41999816894531,37.41130065917969,37.41130065917969,3539,0.0,0.0,0.0
2023-01-19 10:30:00-05:00,37.39870071411133,37.41999816894531,37.39870071411133,37.41999816894531,1564,0.0,0.0,0.0
2023-01-19 11:30:00-05:00,37.400001525878906,37.41999816894531,37.3931999206543,37.41999816894531,536,0.0,0.0,0.0
2023-01-19 12:30:00-05:00,37.41899871826172,37.41899871826172,37.41899871826172,37.41899871826172,104,0.0,0.0,0.0
2023-01-19 13:30:00-05:00,37.41999816894531,37.41999816894531,37.37049865722656,37.416500091552734,0,0.0,0.0,0.0
2023-01-20 09:30:00-05:00,37.31669998168945,37.43000030517578,37.31669998168945,37.40999984741211,1747,0.0,0.0,0.0
2023-01-20 10:30:00-05:00,37.40290069580078,37.40999984741211,37.400001525878906,37.400001525878906,2597,0.0,0.0,0.0
2023-01-20 11:30:00-05:00,37.400001525878906,37.40999984741211,37.388999938964844,37.388999938964844,1702,0.0,0.0,0.0
2023-01-20 12:30:00-05:00,37.37900161743164,37.37900161743164,37.37900161743164,37.37900161743164,1613,0.0,0.0,0.0
2023-01-20 13:30:00-05:00,37.361000061035156,37.40999984741211,37.361000061035156,37.400001525878906,1531,0.0,0.0,0.0
2023-01-20 14:30:00-05:00,37.39500045776367,37.40250015258789,37.39500045776367,37.40250015258789,972,0.0,0.0,0.0
2023-01-20 15:30:00-05:00,37.43000030517578,37.435001373291016,37.429901123046875,37.435001373291016,500,0.0,0.0,0.0
2023-01-23 09:30:00-05:00,37.43899917602539,37.459999084472656,37.415000915527344,37.45899963378906,0,0.0,0.0,0.0
2023-01-23 10:30:00-05:00,37.46900177001953,37.4900016784668,37.46900177001953,37.474998474121094,2172,0.0,0.0,0.0
2023-01-23 11:30:00-05:00,37.47999954223633,37.47999954223633,37.43000030517578,37.439998626708984,2114,0.0,0.0,0.0
2023-01-23 12:30:00-05:00,37.46200180053711,37.46200180053711,37.46080017089844,37.46200180053711,2200,0.0,0.0,0.0
2023-01-23 13:30:00-05:00,37.470001220703125,37.470001220703125,37.459999084472656,37.459999084472656,1194,0.0,0.0,0.0
2023-01-23 14:30:00-05:00,37.45000076293945,37.459999084472656,37.42250061035156,37.42250061035156,1852,0.0,0.0,0.0
2023-01-23 15:30:00-05:00,37.42620086669922,37.439998626708984,37.42620086669922,37.439998626708984,585,0.0,0.0,0.0
2023-01-24 09:30:00-05:00,37.439998626708984,37.439998626708984,37.409000396728516,37.42900085449219,3109,0.0,0.0,0.0
2023-01-24 11:30:00-05:00,37.42499923706055,37.42499923706055,37.41400146484375,37.41400146484375,787,0.0,0.0,0.0
2023-01-24 12:30:00-05:00,37.451698303222656,37.47999954223633,37.451698303222656,37.47999954223633,2072,0.0,0.0,0.0
2023-01-24 13:30:00-05:00,37.45949935913086,37.4900016784668,37.45949935913086,37.4900016784668,313,0.0,0.0,0.0
2023-01-24 14:30:00-05:00,37.470001220703125,37.48899841308594,37.470001220703125,37.470001220703125,272,0.0,0.0,0.0
2023-01-25 09:30:00-05:00,37.439998626708984,37.45899963378906,37.415000915527344,37.45899963378906,1281,0.0,0.0,0.0
2023-01-25 10:30:00-05:00,37.439998626708984,37.439998626708984,37.439998626708984,37.439998626708984,315,0.0,0.0,0.0
2023-01-25 11:30:00-05:00,37.439998626708984,37.470001220703125,37.439998626708984,37.470001220703125,7545,0.0,0.0,0.0
2023-01-25 14:30:00-05:00,37.48820114135742,37.5,37.48820114135742,37.5,2243,0.0,0.0,0.0
2023-01-25 15:30:00-05:00,37.529998779296875,37.529998779296875,37.5,37.5,0,0.0,0.0,0.0
2023-01-26 09:30:00-05:00,37.529998779296875,37.529998779296875,37.48099899291992,37.52899932861328,1179,0.0,0.0,0.0
2023-01-26 10:30:00-05:00,37.505001068115234,37.505001068115234,37.499000549316406,37.5,8232,0.0,0.0,0.0
2023-01-26 11:30:00-05:00,37.5,37.524898529052734,37.5,37.524898529052734,857,0.0,0.0,0.0
2023-01-26 12:30:00-05:00,37.52830123901367,37.560001373291016,37.52830123901367,37.560001373291016,898,0.0,0.0,0.0
2023-01-26 13:30:00-05:00,37.5,37.5,37.5,37.5,267,0.0,0.0,0.0
2023-01-26 14:30:00-05:00,37.55500030517578,37.55500030517578,37.55500030517578,37.55500030517578,172,0.0,0.0,0.0
2023-01-26 15:30:00-05:00,37.59000015258789,37.59000015258789,37.56129837036133,37.58000183105469,1345,0.0,0.0,0.0
2023-01-27 09:30:00-05:00,37.55799865722656,37.569000244140625,37.54899978637695,37.54999923706055,0,0.0,0.0,0.0
2023-01-27 10:30:00-05:00,37.558998107910156,37.560001373291016,37.5172004699707,37.560001373291016,5341,0.0,0.0,0.0
2023-01-27 11:30:00-05:00,37.53609848022461,37.559898376464844,37.53030014038086,37.53030014038086,1345,0.0,0.0,0.0
2023-01-27 12:30:00-05:00,37.54899978637695,37.54999923706055,37.54899978637695,37.54899978637695,3769,0.0,0.0,0.0
2023-01-27 13:30:00-05:00,37.54999923706055,37.54999923706055,37.54999923706055,37.54999923706055,323,0.0,0.0,0.0
2023-01-27 14:30:00-05:00,37.53499984741211,37.59000015258789,37.53499984741211,37.56999969482422,6044,0.0,0.0,0.0
2023-01-27 15:30:00-05:00,37.560001373291016,37.560001373291016,37.52009963989258,37.55590057373047,657,0.0,0.0,0.0
2023-01-30 09:30:00-05:00,37.5099983215332,37.5099983215332,37.459999084472656,37.474998474121094,3365,0.0,0.0,0.0
2023-01-30 10:30:00-05:00,37.461299896240234,37.4900016784668,37.459999084472656,37.48870086669922,1361,0.0,0.0,0.0
2023-01-30 11:30:00-05:00,37.461299896240234,37.48899841308594,37.461299896240234,37.474998474121094,600,0.0,0.0,0.0
2023-01-30 12:30:00-05:00,37.489898681640625,37.4900016784668,37.489898681640625,37.489898681640625,488,0.0,0.0,0.0
2023-01-30 13:30:00-05:00,37.5,37.5,37.5,37.5,849,0.0,0.0,0.0
2023-01-30 14:30:00-05:00,37.4900016784668,37.4900016784668,37.459999084472656,37.459999084472656,2034,0.0,0.0,0.0
2023-01-30 15:30:00-05:00,37.45000076293945,37.46799850463867,37.45000076293945,37.45800018310547,0,0.0,0.0,0.0
2023-01-31 09:30:00-05:00,37.503501892089844,37.540000915527344,37.503501892089844,37.53900146484375,840,0.0,0.0,0.0
2023-01-31 10:30:00-05:00,37.52730178833008,37.52730178833008,37.5,37.5,532,0.0,0.0,0.0
2023-01-31 11:30:00-05:00,37.53499984741211,37.560001373291016,37.52560043334961,37.559898376464844,1707,0.0,0.0,0.0
2023-01-31 12:30:00-05:00,37.53499984741211,37.560001373291016,37.52690124511719,37.53499984741211,876,0.0,0.0,0.0
2023-01-31 13:30:00-05:00,37.555301666259766,37.555301666259766,37.555301666259766,37.555301666259766,272,0.0,0.0,0.0
2023-01-31 14:30:00-05:00,37.560001373291016,37.599998474121094,37.560001373291016,37.59000015258789,2062,0.0,0.0,0.0
2023-01-31 15:30:00-05:00,37.608001708984375,37.608001708984375,37.599998474121094,37.599998474121094,1226,0.0,0.0,0.0
2023-02-01 09:30:00-05:00,37.62900161743164,37.630001068115234,37.61050033569336,37.61989974975586,0,0.0,0.0,0.0
2023-02-01 10:30:00-05:00,37.619998931884766,37.622398376464844,37.59000015258789,37.599998474121094,3835,0.0,0.0,0.0
2023-02-01 11:30:00-05:00,37.56999969482422,37.56999969482422,37.56999969482422,37.56999969482422,143,0.0,0.0,0.0
2023-02-01 12:30:00-05:00,37.56010055541992,37.56010055541992,37.560001373291016,37.560001373291016,2333,0.0,0.0,0.0
2023-02-01 14:30:00-05:00,37.729000091552734,37.7599983215332,37.729000091552734,37.7599983215332,590,0.0,0.0,0.0
2023-02-02 09:30:00-05:00,37.310001373291016,37.310001373291016,37.189998626708984,37.25,0,0.0,0.0,0.0
2023-02-02 10:30:00-05:00,37.26900100708008,37.26900100708008,37.25,37.250099182128906,1427,0.0,0.0,0.0
2023-02-02 11:30:00-05:00,37.25,37.27000045776367,37.25,37.26900100708008,1843,0.0,0.0,0.0
2023-02-02 12:30:00-05:00,37.2599983215332,37.26900100708008,37.22999954223633,37.25199890136719,2869,0.0,0.0,0.0
2023-02-02 13:30:00-05:00,37.244998931884766,37.27000045776367,37.2400016784668,37.27000045776367,1369,0.0,0.0,0.0
2023-02-02 14:30:00-05:00,37.2400016784668,37.2400016784668,37.2400016784668,37.2400016784668,841,0.0,0.0,0.0
2023-02-03 09:30:00-05:00,37.20840072631836,37.20840072631836,37.15999984741211,37.16999816894531,2271,0.0,0.0,0.0
2023-02-03 10:30:00-05:00,37.18009948730469,37.2400016784668,37.18000030517578,37.22999954223633,4180,0.0,0.0,0.0
2023-02-03 11:30:00-05:00,37.22999954223633,37.22999954223633,37.22999954223633,37.22999954223633,624,0.0,0.0,0.0
2023-02-03 12:30:00-05:00,37.220001220703125,37.220001220703125,37.220001220703125,37.220001220703125,336,0.0,0.0,0.0
2023-02-03 13:30:00-05:00,37.20000076293945,37.20000076293945,37.13999938964844,37.13999938964844,3753,0.0,0.0,0.0
2023-02-03 14:30:00-05:00,37.17900085449219,37.17900085449219,37.17900085449219,37.17900085449219,108,0.0,0.0,0.0
2023-02-06 09:30:00-05:00,37.099998474121094,37.13999938964844,37.02009963989258,37.02009963989258,5787,0.0,0.0,0.0
2023-02-06 10:30:00-05:00,37.060001373291016,37.09000015258789,37.040000915527344,37.040000915527344,5883,0.0,0.0,0.0
2023-02-06 11:30:00-05:00,37.04010009765625,37.08000183105469,37.040000915527344,37.08000183105469,4185,0.0,0.0,0.0
2023-02-06 12:30:00-05:00,37.040000915527344,37.04010009765625,37.040000915527344,37.04010009765625,574,0.0,0.0,0.0
2023-02-06 13:30:00-05:00,37.08000183105469,37.08000183105469,37.08000183105469,37.08000183105469,695,0.0,0.0,0.0
2023-02-06 14:30:00-05:00,37.08000183105469,37.08000183105469,37.08000183105469,37.08000183105469,780,0.0,0.0,0.0
2023-02-06 15:30:00-05:00,37.08000183105469,37.08000183105469,37.065101623535156,37.065101623535156,0,0.0,0.0,0.0
2023-02-07 09:30:00-05:00,37.08000183105469,37.08000183105469,37.06999969482422,37.06999969482422,1838,0.0,0.0,0.0
2023-02-07 10:30:00-05:00,37.05099868774414,37.05099868774414,37.05099868774414,37.05099868774414,245,0.0,0.0,0.0
2023-02-07 11:30:00-05:00,37.08000183105469,37.08000183105469,37.060001373291016,37.060001373291016,334,0.0,0.0,0.0
2023-02-07 12:30:00-05:00,37.16999816894531,37.16999816894531,37.130001068115234,37.130001068115234,638,0.0,0.0,0.0
2023-02-07 13:30:00-05:00,37.08000183105469,37.130001068115234,37.060001373291016,37.130001068115234,907,0.0,0.0,0.0
2023-02-07 15:30:00-05:00,37.150001525878906,37.16999816894531,37.149898529052734,37.16999816894531,2311,0.0,0.0,0.0
2023-02-08 09:30:00-05:00,37.15999984741211,37.15999984741211,37.100101470947266,37.14509963989258,1662,0.0,0.0,0.0
2023-02-08 10:30:00-05:00,37.10499954223633,37.10499954223633,37.09000015258789,37.09000015258789,893,0.0,0.0,0.0
2023-02-08 11:30:00-05:00,37.064998626708984,37.099998474121094,37.064998626708984,37.099998474121094,708,0.0,0.0,0.0
2023-02-08 14:30:00-05:00,37.084999084472656,37.0880012512207,37.060001373291016,37.0880012512207,5179,0.0,0.0,0.0
2023-02-08 15:30:00-05:00,37.079200744628906,37.079200744628906,37.06100082397461,37.06100082397461,0,0.0,0.0,0.0
2023-02-09 09:30:00-05:00,37.16999816894531,37.16999816894531,37.09000015258789,37.09000015258789,2129,0.0,0.0,0.0
2023-02-09 10:30:00-05:00,37.042999267578125,37.10900115966797,37.040000915527344,37.0989990234375,1839,0.0,0.0,0.0
2023-02-09 11:30:00-05:00,37.0989990234375,37.0989990234375,37.0989990234375,37.0989990234375,689,0.0,0.0,0.0
2023-02-09 12:30:00-05:00,37.0099983215332,37.058998107910156,37.0099983215332,37.058998107910156,610,0.0,0.0,0.0
2023-02-09 13:30:00-05:00,37.04710006713867,37.04710006713867,37.0,37.02899932861328,1458,0.0,0.0,0.0
2023-02-09 14:30:00-05:00,37.0,37.0,36.9900016784668,37.0,830,0.0,0.0,0.0
2023-02-09 15:30:00-05:00,36.94919967651367,36.94919967651367,36.933998107910156,36.933998107910156,433,0.0,0.0,0.0
2023-02-10 09:30:00-05:00,36.939998626708984,36.939998626708984,36.84989929199219,36.86000061035156,0,0.0,0.0,0.0
2023-02-10 10:30:00-05:00,36.83000183105469,36.83000183105469,36.77000045776367,36.77000045776367,4809,0.0,0.0,0.0
2023-02-10 11:30:00-05:00,36.75,36.77000045776367,36.70000076293945,36.70000076293945,3052,0.0,0.0,0.0
2023-02-10 12:30:00-05:00,36.749900817871094,36.76499938964844,36.749900817871094,36.76499938964844,1495,0.0,0.0,0.0
2023-02-10 13:30:00-05:00,36.769901275634766,36.77000045776367,36.7400016784668,36.7400016784668,792,0.0,0.0,0.0
2023-02-10 14:30:00-05:00,36.724998474121094,36.724998474121094,36.724998474121094,36.724998474121094,210,0.0,0.0,0.0
2023-02-10 15:30:00-05:00,36.71900177001953,36.7400016784668,36.71900177001953,36.7400016784668,1929,0.0,0.0,0.0
2023-02-13 09:30:00-05:00,36.79999923706055,36.808998107910156,36.75,36.808998107910156,0,0.0,0.0,0.0
2023-02-13 10:30:00-05:00,36.79999923706055,36.79999923706055,36.79999923706055,36.79999923706055,216,0.0,0.0,0.0
2023-02-13 11:30:00-05:00,36.80289840698242,36.837100982666016,36.80289840698242,36.837100982666016,2735,0.0,0.0,0.0
2023-02-13 12:30:00-05:00,36.86000061035156,36.86000061035156,36.8489990234375,36.8489990234375,459,0.0,0.0,0.0
2023-02-13 13:30:00-05:00,36.866600036621094,36.91999816894531,36.850101470947266,36.850101470947266,1815,0.0,0.0,0.0
2023-02-13 14:30:00-05:00,36.849998474121094,36.86000061035156,36.833499908447266,36.849998474121094,1997,0.0,0.0,0.0
2023-02-13 15:30:00-05:00,36.85850143432617,36.85850143432617,36.832000732421875,36.832000732421875,217,0.0,0.0,0.0
2023-02-14 09:30:00-05:00,36.779998779296875,36.94200134277344,36.779998779296875,36.94200134277344,0,0.0,0.0,0.0
2023-02-14 10:30:00-05:00,36.900001525878906,36.900001525878906,36.79899978637695,36.79899978637695,2192,0.0,0.0,0.0
2023-02-14 11:30:00-05:00,36.75,36.77000045776367,36.75,36.77000045776367,434,0.0,0.0,0.0
2023-02-14 12:30:00-05:00,36.790000915527344,36.849998474121094,36.790000915527344,36.84989929199219,1315,0.0,0.0,0.0
2023-02-14 13:30:00-05:00,36.83100128173828,36.880001068115234,36.83000183105469,36.849998474121094,6435,0.0,0.0,0.0
2023-02-14 14:30:00-05:00,36.8650016784668,36.88999938964844,36.852901458740234,36.869998931884766,2416,0.0,0.0,0.0
2023-02-14 15:30:00-05:00,36.874698638916016,36.899898529052734,36.874698638916016,36.899898529052734,120,0.0,0.0,0.0
2023-02-15 09:30:00-05:00,36.7400016784668,36.75,36.709999084472656,36.709999084472656,0,0.0,0.0,0.0
2023-02-15 10:30:00-05:00,36.75,36.75,36.7400016784668,36.7400016784668,10156,0.0,0.0,0.0
2023-02-15 11:30:00-05:00,36.79990005493164,36.79990005493164,36.76499938964844,36.76499938964844,1387,0.0,0.0,0.0
2023-02-15 12:30:00-05:00,36.77000045776367,36.779998779296875,36.77000045776367,36.779998779296875,721,0.0,0.0,0.0
2023-02-15 13:30:00-05:00,36.79999923706055,36.836700439453125,36.790000915527344,36.836700439453125,0,0.0,0.0,0.0
2023-02-16 09:30:00-05:00,36.72999954223633,36.75,36.53099822998047,36.63990020751953,15168,0.0,0.0,0.0
2023-02-16 10:30:00-05:00,36.630001068115234,36.68989944458008,36.60200119018555,36.68989944458008,926,0.0,0.0,0.0
2023-02-16 12:30:00-05:00,36.63999938964844,36.63999938964844,36.630001068115234,36.630001068115234,831,0.0,0.0,0.0
2023-02-16 14:30:00-05:00,36.650001525878906,36.650001525878906,36.599998474121094,36.599998474121094,9626,0.0,0.0,0.0
2023-02-16 15:30:00-05:00,36.54999923706055,36.584999084472656,36.54999923706055,36.584999084472656,1467,0.0,0.0,0.0
2023-02-17 09:30:00-05:00,36.4900016784668,36.4900016784668,36.41899871826172,36.41899871826172,1620,0.0,0.0,0.0
2023-02-17 10:30:00-05:00,36.459999084472656,36.499000549316406,36.45009994506836,36.499000549316406,1388,0.0,0.0,0.0
2023-02-17 11:30:00-05:00,36.487998962402344,36.5099983215332,36.487998962402344,36.5099983215332,11315,0.0,0.0,0.0
2023-02-17 12:30:00-05:00,36.5,36.5,36.5,36.5,431,0.0,0.0,0.0
2023-02-17 13:30:00-05:00,36.505699157714844,36.54999923706055,36.505699157714844,36.52000045776367,1063,0.0,0.0,0.0
2023-02-17 14:30:00-05:00,36.59000015258789,36.63399887084961,36.540000915527344,36.63399887084961,10127,0.0,0.0,0.0
2023-02-17 15:30:00-05:00,36.61000061035156,36.619998931884766,36.61000061035156,36.619998931884766,389,0.0,0.0,0.0
2023-02-21 09:30:00-05:00,36.45000076293945,36.45000076293945,36.34560012817383,36.34560012817383,1712,0.0,0.0,0.0
2023-02-21 10:30:00-05:00,36.34000015258789,36.34000015258789,36.31549835205078,36.31549835205078,905,0.0,0.0,0.0
2023-02-21 11:30:00-05:00,36.29899978637695,36.29899978637695,36.275001525878906,36.290000915527344,1629,0.0,0.0,0.0
2023-02-21 12:30:00-05:00,36.26850128173828,36.26850128173828,36.25,36.25,1245,0.0,0.0,0.0
2023-02-21 13:30:00-05:00,36.20000076293945,36.20000076293945,36.099998474121094,36.12900161743164,2374,0.0,0.0,0.0
2023-02-21 15:30:00-05:00,36.20000076293945,36.20000076293945,36.17890167236328,36.17890167236328,228,0.0,0.0,0.0
2023-02-22 09:30:00-05:00,36.33000183105469,36.380699157714844,36.310001373291016,36.369998931884766,0,0.0,0.0,0.0
2023-02-22 10:30:00-05:00,36.329898834228516,36.35929870605469,36.329898834228516,36.33000183105469,906,0.0,0.0,0.0
2023-02-22 11:30:00-05:00,36.355201721191406,36.39899826049805,36.32099914550781,36.3765983581543,2335,0.0,0.0,0.0
2023-02-22 12:30:00-05:00,36.399898529052734,36.43899917602539,36.39870071411133,36.43899917602539,1772,0.0,0.0,0.0
2023-02-22 13:30:00-05:00,36.46989822387695,36.484901428222656,36.43000030517578,36.435001373291016,2578,0.0,0.0,0.0
2023-02-22 14:30:00-05:00,36.41239929199219,36.41239929199219,36.349998474121094,36.380401611328125,0,0.0,0.0,0.0
2023-02-23 09:30:00-05:00,36.525001525878906,36.56999969482422,36.525001525878906,36.56999969482422,703,0.0,0.0,0.0
2023-02-23 10:30:00-05:00,36.525001525878906,36.53799819946289,36.525001525878906,36.53799819946289,527,0.0,0.0,0.0
2023-02-23 11:30:00-05:00,36.51750183105469,36.51750183105469,36.5099983215332,36.5099983215332,627,0.0,0.0,0.0
2023-02-23 12:30:00-05:00,36.52989959716797,36.52989959716797,36.52989959716797,36.52989959716797,266,0.0,0.0,0.0
2023-02-23 13:30:00-05:00,36.56999969482422,36.619998931884766,36.56999969482422,36.595001220703125,1234,0.0,0.0,0.0
2023-02-23 14:30:00-05:00,36.63999938964844,36.63999938964844,36.630001068115234,36.630001068115234,755,0.0,0.0,0.0
2023-02-23 15:30:00-05:00,36.65999984741211,36.65999984741211,36.6422004699707,36.6422004699707,0,0.0,0.0,0.0
2023-02-24 09:30:00-05:00,36.47999954223633,36.47999954223633,36.470001220703125,36.470001220703125,497,0.0,0.0,0.0
2023-02-24 10:30:00-05:00,36.41999816894531,36.41999816894531,36.41999816894531,36.41999816894531,673,0.0,0.0,0.0
2023-02-24 12:30:00-05:00,36.462501525878906,36.462501525878906,36.462501525878906,36.462501525878906,160,0.0,0.0,0.0
2023-02-24 13:30:00-05:00,36.476200103759766,36.5099983215332,36.476200103759766,36.5099983215332,1485,0.0,0.0,0.0
2023-02-24 14:30:00-05:00,36.54999923706055,36.54999923706055,36.510101318359375,36.53200149536133,2935,0.0,0.0,0.0
2023-02-24 15:30:00-05:00,36.5099983215332,36.52000045776367,36.48740005493164,36.48740005493164,200,0.0,0.0,0.0
2023-02-27 09:30:00-05:00,36.650001525878906,36.65650177001953,36.60329818725586,36.65019989013672,2024,0.0,0.0,0.0
2023-02-27 10:30:00-05:00,36.6349983215332,36.6349983215332,36.61980056762695,36.61980056762695,3783,0.0,0.0,0.0
2023-02-27 11:30:00-05:00,36.59600067138672,36.63999938964844,36.59600067138672,36.63990020751953,2493,0.0,0.0,0.0
2023-02-27 12:30:00-05:00,36.65999984741211,36.65999984741211,36.65999984741211,36.65999984741211,205,0.0,0.0,0.0
2023-02-27 13:30:00-05:00,36.69900131225586,36.69900131225586,36.689998626708984,36.689998626708984,615,0.0,0.0,0.0
2023-02-27 14:30:00-05:00,36.68000030517578,36.68000030517578,36.65489959716797,36.65489959716797,324,0.0,0.0,0.0
2023-02-27 15:30:00-05:00,36.65999984741211,36.67879867553711,36.65999984741211,36.67879867553711,173,0.0,0.0,0.0
2023-02-28 09:30:00-05:00,36.68000030517578,36.68000030517578,36.60449981689453,36.60449981689453,3455,0.0,0.0,0.0
2023-02-28 10:30:00-05:00,36.63999938964844,36.65999984741211,36.61859893798828,36.65999984741211,2569,0.0,0.0,0.0
2023-02-28 12:30:00-05:00,36.65999984741211,36.65999984741211,36.65999984741211,36.65999984741211,843,0.0,0.0,0.0
2023-02-28 14:30:00-05:00,36.650001525878906,36.66899871826172,36.63999938964844,36.662899017333984,1016,0.0,0.0,0.0
2023-02-28 15:30:00-05:00,36.65999984741211,36.669898986816406,36.641300201416016,36.641300201416016,695,0.0,0.0,0.0
2023-03-01 09:30:00-05:00,36.689998626708984,36.689998626708984,36.599998474121094,36.599998474121094,5315,0.0,0.0,0.0
2023-03-01 10:30:00-05:00,36.57979965209961,36.61989974975586,36.55289840698242,36.55289840698242,3664,0.0,0.0,0.0
2023-03-01 11:30:00-05:00,36.599998474121094,36.599998474121094,36.599998474121094,36.599998474121094,590,0.0,0.0,0.0
2023-03-01 14:30:00-05:00,36.612998962402344,36.612998962402344,36.600101470947266,36.61000061035156,8453,0.0,0.0,0.0
2023-03-01 15:30:00-05:00,36.619998931884766,36.619998931884766,36.609901428222656,36.609901428222656,0,0.0,0.0,0.0
2023-03-02 09:30:00-05:00,36.11000061035156,36.18000030517578,36.108699798583984,36.13999938964844,3040,0.0,0.0,0.0
2023-03-02 10:30:00-05:00,36.150001525878906,36.16999816894531,36.149898529052734,36.16899871826172,962,0.0,0.0,0.0
2023-03-02 11:30:00-05:00,36.150001525878906,36.150001525878906,36.10100173950195,36.10100173950195,1397,0.0,0.0,0.0
2023-03-02 12:30:00-05:00,36.11000061035156,36.16999816894531,36.11000061035156,36.16999816894531,2090,0.0,0.0,0.0
2023-03-02 13:30:00-05:00,36.20989990234375,36.20989990234375,36.20989990234375,36.20989990234375,374,0.0,0.0,0.0
2023-03-02 14:30:00-05:00,36.21989822387695,36.2598991394043,36.209999084472656,36.2598991394043,3847,0.0,0.0,0.0
2023-03-02 15:30:00-05:00,36.27000045776367,36.27000045776367,36.25,36.25,531,0.0,0.0,0.0
2023-03-03 09:30:00-05:00,36.33100128173828,36.400001525878906,36.320098876953125,36.38999938964844,0,0.0,0.0,0.0
2023-03-03 10:30:00-05:00,36.37480163574219,36.38999938964844,36.31999969482422,36.31999969482422,2356,0.0,0.0,0.0
2023-03-03 11:30:00-05:00,36.41939926147461,36.46220016479492,36.40409851074219,36.46220016479492,882,0.0,0.0,0.0
2023-03-03 12:30:00-05:00,36.440101623535156,36.47999954223633,36.440101623535156,36.47999954223633,379,0.0,0.0,0.0
2023-03-03 13:30:00-05:00,36.52000045776367,36.52000045776367,36.49359893798828,36.49359893798828,3185,0.0,0.0,0.0
2023-03-03 14:30:00-05:00,36.4900016784668,36.4900016784668,36.4900016784668,36.4900016784668,830,0.0,0.0,0.0
2023-03-03 15:30:00-05:00,36.529998779296875,36.529998779296875,36.529701232910156,36.529701232910156,627,0.0,0.0,0.0
2023-03-06 09:30:00-05:00,36.5099983215332,36.54999923706055,36.5099983215332,36.54999923706055,1199,0.0,0.0,0.0
2023-03-06 10:30:00-05:00,36.529998779296875,36.54999923706055,36.529998779296875,36.54999923706055,878,0.0,0.0,0.0
2023-03-06 11:30:00-05:00,36.54899978637695,36.54999923706055,36.54010009765625,36.54010009765625,1145,0.0,0.0,0.0
2023-03-06 12:30:00-05:00,36.540000915527344,36.540000915527344,36.540000915527344,36.540000915527344,408,0.0,0.0,0.0
2023-03-06 13:30:00-05:00,36.52000045776367,36.52000045776367,36.459999084472656,36.459999084472656,1319,0.0,0.0,0.0
2023-03-06 15:30:00-05:00,36.52989959716797,36.52989959716797,36.52989959716797,36.52989959716797,308,0.0,0.0,0.0
2023-03-07 09:30:00-05:00,36.50379943847656,36.50379943847656,36.39390182495117,36.429901123046875,0,0.0,0.0,0.0
2023-03-07 10:30:00-05:00,36.42900085449219,36.42900085449219,36.42900085449219,36.42900085449219,521,0.0,0.0,0.0
2023-03-07 13:30:00-05:00,36.380001068115234,36.40999984741211,36.36000061035156,36.40999984741211,2081,0.0,0.0,0.0
2023-03-07 14:30:00-05:00,36.3849983215332,36.3849983215332,36.359798431396484,36.359798431396484,278,0.0,0.0,0.0
2023-03-08 09:30:00-05:00,36.40999984741211,36.40999984741211,36.345001220703125,36.345001220703125,0,0.0,0.0,0.0
2023-03-08 10:30:00-05:00,36.36899948120117,36.36899948120117,36.36899948120117,36.36899948120117,216,0.0,0.0,0.0
2023-03-08 11:30:00-05:00,36.36899948120117,36.36899948120117,36.36899948120117,36.36899948120117,273,0.0,0.0,0.0
2023-03-08 12:30:00-05:00,36.310001373291016,36.310001373291016,36.25,36.25,1352,0.0,0.0,0.0
2023-03-08 13:30:00-05:00,36.20000076293945,36.20000076293945,36.189998626708984,36.189998626708984,749,0.0,0.0,0.0
2023-03-08 14:30:00-05:00,36.220001220703125,36.220001220703125,36.200401306152344,36.200401306152344,691,0.0,0.0,0.0
2023-03-08 15:30:00-05:00,36.191001892089844,36.227500915527344,36.191001892089844,36.227500915527344,613,0.0,0.0,0.0
2023-03-09 09:30:00-05:00,36.310001373291016,36.34000015258789,36.310001373291016,36.34000015258789,0,0.0,0.0,0.0
2023-03-09 10:30:00-05:00,36.380001068115234,36.380001068115234,36.31999969482422,36.334999084472656,954,0.0,0.0,0.0
2023-03-09 11:30:00-05:00,36.28010177612305,36.28010177612305,36.279998779296875,36.279998779296875,367,0.0,0.0,0.0
2023-03-09 13:30:00-05:00,36.25,36.25,36.16999816894531,36.189998626708984,1269,0.0,0.0,0.0
2023-03-09 14:30:00-05:00,36.150001525878906,36.150001525878906,36.060001373291016,36.060001373291016,1700,0.0,0.0,0.0
2023-03-09 15:30:00-05:00,36.04999923706055,36.05690002441406,36.04999923706055,36.05690002441406,105,0.0,0.0,0.0
2023-03-10 09:30:00-05:00,36.114498138427734,36.189998626708984,36.060001373291016,36.189998626708984,0,0.0,0.0,0.0
2023-03-10 10:30:00-05:00,36.14099884033203,36.23749923706055,36.14099884033203,36.23749923706055,716,0.0,0.0,0.0
2023-03-10 11:30:00-05:00,36.20000076293945,36.20000076293945,36.08000183105469,36.08000183105469,673,0.0,0.0,0.0
2023-03-10 13:30:00-05:00,36.07899856567383,36.07899856567383,36.0,36.0099983215332,4660,0.0,0.0,0.0
2023-03-10 14:30:00-05:00,36.060001373291016,36.07460021972656,36.05039978027344,36.05039978027344,1595,0.0,0.0,0.0
2023-03-10 15:30:00-05:00,36.02000045776367,36.04460144042969,36.02000045776367,36.04460144042969,100,0.0,0.0,0.0
2023-03-13 09:30:00-04:00,35.900001525878906,36.040000915527344,35.810001373291016,35.97999954223633,0,0.0,0.0,0.0
2023-03-13 10:30:00-04:00,36.191001892089844,36.209999084472656,36.13100051879883,36.1609992980957,2277,0.0,0.0,0.0
2023-03-13 12:30:00-04:00,35.98109817504883,35.98500061035156,35.98109817504883,35.98500061035156,694,0.0,0.0,0.0
2023-03-13 14:30:00-04:00,36.02000045776367,36.060001373291016,35.880001068115234,35.880001068115234,1620,0.0,0.0,0.0
2023-03-13 15:30:00-04:00,35.91999816894531,35.939998626708984,35.900001525878906,35.91640090942383,1491,0.0,0.0,0.0
2023-03-14 09:30:00-04:00,36.22999954223633,36.24800109863281,36.15999984741211,36.209999084472656,0,0.0,0.0,0.0
2023-03-14 10:30:00-04:00,36.2400016784668,36.29999923706055,36.239898681640625,36.279998779296875,6042,0.0,0.0,0.0
2023-03-14 12:30:00-04:00,36.180999755859375,36.21900177001953,36.15999984741211,36.21900177001953,1690,0.0,0.0,0.0
2023-03-14 14:30:00-04:00,36.13999938964844,36.18199920654297,36.138099670410156,36.18199920654297,0,0.0,0.0,0.0
2023-03-15 09:30:00-04:00,35.95000076293945,35.970001220703125,35.81999969482422,35.94900131225586,6577,0.0,0.0,0.0
2023-03-15 10:30:00-04:00,35.88999938964844,35.941001892089844,35.88999938964844,35.940101623535156,1750,0.0,0.0,0.0
2023-03-15 11:30:00-04:00,35.935001373291016,35.99959945678711,35.93000030517578,35.93000030517578,2476,0.0,0.0,0.0
2023-03-15 12:30:00-04:00,35.939998626708984,35.95100021362305,35.939998626708984,35.95100021362305,610,0.0,0.0,0.0
2023-03-15 14:30:00-04:00,36.00899887084961,36.060001373291016,36.00899887084961,36.059898376464844,10082,0.0,0.0,0.0
2023-03-15 15:30:00-04:00,36.060001373291016,36.060001373291016,36.060001373291016,36.060001373291016,707,0.0,0.0,0.0
2023-03-16 09:30:00-04:00,35.98500061035156,36.04840087890625,35.939998626708984,35.992401123046875,0,0.0,0.0,0.0
2023-03-16 10:30:00-04:00,36.0,36.16899871826172,36.0,36.16899871826172,1878,0.0,0.0,0.0
2023-03-16 13:30:00-04:00,36.22999954223633,36.22999954223633,36.22999954223633,36.22999954223633,815,0.0,0.0,0.0
2023-03-16 14:30:00-04:00,36.29999923706055,36.29999923706055,36.29999923706055,36.29999923706055,1505,0.0,0.0,0.0
2023-03-16 15:30:00-04:00,36.3390007019043,36.339900970458984,36.28580093383789,36.33810043334961,946,0.0,0.0,0.0
2023-03-17 09:30:00-04:00,36.2156982421875,36.2156982421875,36.1609992980957,36.1609992980957,0,0.0,0.0,0.0
2023-03-17 10:30:00-04:00,36.13100051879883,36.150001525878906,36.130001068115234,36.13100051879883,3223,0.0,0.0,0.0
2023-03-17 11:30:00-04:00,36.12099838256836,36.17900085449219,36.040000915527344,36.040000915527344,794,0.0,0.0,0.0
2023-03-17 12:30:00-04:00,36.16999816894531,36.189998626708984,36.16999816894531,36.18000030517578,509,0.0,0.0,0.0
2023-03-17 13:30:00-04:00,36.17900085449219,36.17900085449219,36.16669845581055,36.16669845581055,825,0.0,0.0,0.0
2023-03-17 14:30:00-04:00,36.130001068115234,36.15520095825195,36.130001068115234,36.15520095825195,889,0.0,0.0,0.0
2023-03-20 09:30:00-04:00,36.20000076293945,36.229000091552734,36.15999984741211,36.20000076293945,0,0.0,0.0,0.0
2023-03-20 10:30:00-04:00,36.20000076293945,36.22999954223633,36.20000076293945,36.22999954223633,598,0.0,0.0,0.0
2023-03-20 11:30:00-04:00,36.22999954223633,36.25,36.209999084472656,36.209999084472656,459,0.0,0.0,0.0
2023-03-20 12:30:00-04:00,36.15999984741211,36.2400016784668,36.15999984741211,36.2400016784668,1012,0.0,0.0,0.0
2023-03-20 13:30:00-04:00,36.20000076293945,36.20000076293945,36.20000076293945,36.20000076293945,530,0.0,0.0,0.0
2023-03-20 14:30:00-04:00,36.20000076293945,36.20000076293945,36.1609992980957,36.1609992980957,770,0.0,0.0,0.0
2023-03-20 15:30:00-04:00,36.29999923706055,36.29999923706055,36.204898834228516,36.204898834228516,401,0.0,0.0,0.0
2023-03-21 09:30:00-04:00,36.36000061035156,36.36000061035156,36.349998474121094,36.349998474121094,0,0.0,0.0,0.0
2023-03-21 10:30:00-04:00,36.349998474121094,36.349998474121094,36.33000183105469,36.33000183105469,928,0.0,0.0,0.0
2023-03-21 11:30:00-04:00,36.35449981689453,36.380001068115234,36.349998474121094,36.380001068115234,1901,0.0,0.0,0.0
2023-03-21 12:30:00-04:00,36.369998931884766,36.369998931884766,36.349998474121094,36.349998474121094,658,0.0,0.0,0.0
2023-03-21 13:30:00-04:00,36.342201232910156,36.36000061035156,36.33000183105469,36.35169982910156,963,0.0,0.0,0.0
2023-03-21 14:30:00-04:00,36.36899948120117,36.40999984741211,36.353599548339844,36.375701904296875,1049,0.0,0.0,0.0
2023-03-21 15:30:00-04:00,36.42900085449219,36.42900085449219,36.42900085449219,36.42900085449219,100,0.0,0.0,0.0
2023-03-22 09:30:00-04:00,36.400001525878906,36.400001525878906,36.36000061035156,36.369998931884766,7632,0.0,0.0,0.0
2023-03-22 10:30:00-04:00,36.37990188598633,36.38999938964844,36.361000061035156,36.38999938964844,3199,0.0,0.0,0.0
2023-03-22 11:30:00-04:00,36.400001525878906,36.400001525878906,36.369998931884766,36.369998931884766,4882,0.0,0.0,0.0
2023-03-22 12:30:00-04:00,36.399898529052734,36.399898529052734,36.399898529052734,36.399898529052734,101,0.0,0.0,0.0
2023-03-22 13:30:00-04:00,36.369998931884766,36.470001220703125,36.369998931884766,36.470001220703125,710,0.0,0.0,0.0
2023-03-22 15:30:00-04:00,36.43000030517578,36.43000030517578,36.401100158691406,36.401100158691406,180,0.0,0.0,0.0
2023-03-23 09:30:00-04:00,36.36000061035156,36.459999084472656,36.36000061035156,36.459999084472656,0,0.0,0.0,0.0
2023-03-23 10:30:00-04:00,36.474998474121094,36.5,36.474998474121094,36.5,1161,0.0,0.0,0.0
2023-03-23 11:30:00-04:00,36.5099983215332,36.5099983215332,36.494998931884766,36.494998931884766,843,0.0,0.0,0.0
2023-03-23 13:30:00-04:00,36.400001525878906,36.400001525878906,36.400001525878906,36.400001525878906,113,0.0,0.0,0.0
2023-03-23 14:30:00-04:00,36.29999923706055,36.31999969482422,36.270999908447266,36.270999908447266,1711,0.0,0.0,0.0
2023-03-23 15:30:00-04:00,36.290000915527344,36.34000015258789,36.290000915527344,36.339900970458984,0,0.0,0.0,0.0
2023-03-24 09:30:00-04:00,36.33000183105469,36.33000183105469,36.310001373291016,36.310001373291016,624,0.0,0.0,0.0
2023-03-24 10:30:00-04:00,36.3026008605957,36.319000244140625,36.3026008605957,36.319000244140625,893,0.0,0.0,0.0
2023-03-24 11:30:00-04:00,36.319000244140625,36.33000183105469,36.27009963989258,36.27009963989258,1362,0.0,0.0,0.0
2023-03-24 14:30:00-04:00,36.359901428222656,36.380001068115234,36.359901428222656,36.380001068115234,837,0.0,0.0,0.0
2023-03-24 15:30:00-04:00,36.35499954223633,36.35499954223633,36.345001220703125,36.345001220703125,421,0.0,0.0,0.0
2023-03-27 09:30:00-04:00,36.36000061035156,36.380001068115234,36.36000061035156,36.380001068115234,0,0.0,0.0,0.0
2023-03-27 11:30:00-04:00,36.340999603271484,36.340999603271484,36.20000076293945,36.20000076293945,720,0.0,0.0,0.0
2023-03-27 13:30:00-04:00,36.388999938964844,36.38999938964844,36.372398376464844,36.372398376464844,445,0.0,0.0,0.0
2023-03-27 15:30:00-04:00,36.369998931884766,36.37009811401367,36.369998931884766,36.37009811401367,728,0.0,0.0,0.0
2023-03-28 09:30:00-04:00,36.29999923706055,36.330101013183594,36.29999923706055,36.330101013183594,0,0.0,0.0,0.0
2023-03-28 10:30:00-04:00,36.340999603271484,36.369998931884766,36.3400993347168,36.369998931884766,1878,0.0,0.0,0.0
2023-03-28 12:30:00-04:00,36.35100173950195,36.35100173950195,36.35100173950195,36.35100173950195,794,0.0,0.0,0.0
2023-03-28 14:30:00-04:00,36.378501892089844,36.40999984741211,36.349998474121094,36.35100173950195,1029,0.0,0.0,0.0
2023-03-28 15:30:00-04:00,36.41999816894531,36.41999816894531,36.406898498535156,36.406898498535156,1574,0.0,0.0,0.0
2023-03-29 09:30:00-04:00,36.50920104980469,36.5098991394043,36.50920104980469,36.5098991394043,0,0.0,0.0,0.0
2023-03-29 10:30:00-04:00,36.494998931884766,36.494998931884766,36.494998931884766,36.494998931884766,1032,0.0,0.0,0.0
2023-03-29 11:30:00-04:00,36.53409957885742,36.53409957885742,36.529998779296875,36.529998779296875,657,0.0,0.0,0.0
2023-03-29 12:30:00-04:00,36.53010177612305,36.53010177612305,36.53010177612305,36.53010177612305,783,0.0,0.0,0.0
2023-03-29 13:30:00-04:00,36.55569839477539,36.56999969482422,36.55569839477539,36.56999969482422,310,0.0,0.0,0.0
2023-03-29 14:30:00-04:00,36.557701110839844,36.574798583984375,36.557701110839844,36.574798583984375,553,0.0,0.0,0.0
2023-03-30 10:30:00-04:00,36.58380126953125,36.58380126953125,36.58380126953125,36.58380126953125,0,0.0,0.0,0.0
2023-03-30 11:30:00-04:00,36.58000183105469,36.61000061035156,36.58000183105469,36.61000061035156,1325,0.0,0.0,0.0
2023-03-30 12:30:00-04:00,36.59000015258789,36.61000061035156,36.54999923706055,36.54999923706055,58891,0.0,0.0,0.0
2023-03-30 13:30:00-04:00,36.5890007019043,36.5890007019043,36.5890007019043,36.5890007019043,182,0.0,0.0,0.0
2023-03-30 14:30:00-04:00,36.600101470947266,36.61000061035156,36.600101470947266,36.61000061035156,6631,0.0,0.0,0.0
2023-03-30 15:30:00-04:00,36.611000061035156,36.650001525878906,36.611000061035156,36.650001525878906,0,0.0,0.0,0.0
2023-03-31 09:30:00-04:00,36.63999938964844,36.70000076293945,36.63999938964844,36.69990158081055,2054,0.0,0.0,0.0
2023-03-31 10:30:00-04:00,36.6510009765625,36.6510009765625,36.6510009765625,36.6510009765625,206,0.0,0.0,0.0
2023-03-31 11:30:00-04:00,36.68000030517578,36.689998626708984,36.68000030517578,36.689998626708984,651,0.0,0.0,0.0
2023-03-31 12:30:00-04:00,36.68000030517578,36.68000030517578,36.650001525878906,36.650001525878906,14897,0.0,0.0,0.0
2023-03-31 13:30:00-04:00,36.6713981628418,36.6713981628418,36.6713981628418,36.6713981628418,515,0.0,0.0,0.0
2023-03-31 14:30:00-04:00,36.68220138549805,36.685001373291016,36.6510009765625,36.685001373291016,752,0.0,0.0,0.0
2023-03-31 15:30:00-04:00,36.70000076293945,36.70000076293945,36.65999984741211,36.65999984741211,728,0.0,0.0,0.0
2023-04-03 09:30:00-04:00,36.720001220703125,36.720001220703125,36.61000061035156,36.70000076293945,0,0.0,0.0,0.0
2023-04-03 12:30:00-04:00,36.6510009765625,36.66630172729492,36.6510009765625,36.66630172729492,336,0.0,0.0,0.0
2023-04-03 13:30:00-04:00,36.689998626708984,36.689998626708984,36.68980026245117,36.689998626708984,997,0.0,0.0,0.0
2023-04-03 14:30:00-04:00,36.689998626708984,36.689998626708984,36.650001525878906,36.66999816894531,3161,0.0,0.0,0.0
2023-04-04 09:30:00-04:00,35.900001525878906,35.900001525878906,35.779998779296875,35.84000015258789,6622,0.0,0.0,0.0
2023-04-04 10:30:00-04:00,35.8489990234375,35.8489990234375,35.810001373291016,35.810001373291016,2750,0.0,0.0,0.0
2023-04-04 11:30:00-04:00,35.79999923706055,35.810001373291016,35.790000915527344,35.809898376464844,3243,0.0,0.0,0.0
2023-04-04 12:30:00-04:00,35.79499816894531,35.79690170288086,35.78010177612305,35.79690170288086,1353,0.0,0.0,0.0
2023-04-04 13:30:00-04:00,35.794898986816406,35.81999969482422,35.794898986816406,35.81999969482422,1964,0.0,0.0,0.0
2023-04-04 14:30:00-04:00,35.80799865722656,35.81990051269531,35.80799865722656,35.81990051269531,228,0.0,0.0,0.0
2023-04-04 15:30:00-04:00,35.81800079345703,35.81999969482422,35.80009841918945,35.8140983581543,2792,0.0,0.0,0.0
2023-04-05 09:30:00-04:00,35.75,35.84000015258789,35.720001220703125,35.810001373291016,0,0.0,0.0,0.0
2023-04-05 10:30:00-04:00,35.8297004699707,35.83000183105469,35.8297004699707,35.83000183105469,353,0.0,0.0,0.0
2023-04-05 11:30:00-04:00,35.8291015625,35.8291015625,35.8291015625,35.8291015625,901,0.0,0.0,0.0
2023-04-05 12:30:00-04:00,35.80500030517578,35.810001373291016,35.77000045776367,35.77000045776367,1589,0.0,0.0,0.0
2023-04-05 13:30:00-04:00,35.810001373291016,35.810001373291016,35.810001373291016,35.810001373291016,437,0.0,0.0,0.0
2023-04-05 15:30:00-04:00,35.779998779296875,35.779998779296875,35.779998779296875,35.779998779296875,1007,0.0,0.0,0.0
2023-04-06 09:30:00-04:00,35.808998107910156,35.810001373291016,35.79999923706055,35.810001373291016,0,0.0,0.0,0.0
2023-04-06 10:30:00-04:00,35.93000030517578,35.93000030517578,35.819698333740234,35.83000183105469,1671,0.0,0.0,0.0
2023-04-06 11:30:00-04:00,35.84000015258789,35.84000015258789,35.83000183105469,35.84000015258789,1939,0.0,0.0,0.0
2023-04-06 12:30:00-04:00,35.849998474121094,35.849998474121094,35.810001373291016,35.8489990234375,13533,0.0,0.0,0.0
2023-04-06 13:30:00-04:00,35.8489990234375,35.849998474121094,35.81999969482422,35.81999969482422,1322,0.0,0.0,0.0
2023-04-06 14:30:00-04:00,35.849998474121094,35.849998474121094,35.849998474121094,35.849998474121094,551,0.0,0.0,0.0
2023-04-10 09:30:00-04:00,35.790000915527344,35.849998474121094,35.790000915527344,35.84000015258789,4449,0.0,0.0,0.0
2023-04-10 10:30:00-04:00,35.849998474121094,35.849998474121094,35.834999084472656,35.834999084472656,3943,0.0,0.0,0.0
2023-04-10 11:30:00-04:00,35.834800720214844,35.86000061035156,35.830101013183594,35.830101013183594,2188,0.0,0.0,0.0
2023-04-10 13:30:00-04:00,35.849998474121094,35.869998931884766,35.849998474121094,35.869998931884766,442,0.0,0.0,0.0
2023-04-10 14:30:00-04:00,35.869998931884766,35.880001068115234,35.869998931884766,35.880001068115234,1096,0.0,0.0,0.0
2023-04-10 15:30:00-04:00,35.869998931884766,35.869998931884766,35.869998931884766,35.869998931884766,0,0.0,0.0,0.0
2023-04-11 09:30:00-04:00,36.060001373291016,36.060001373291016,35.872798919677734,35.872798919677734,3146,0.0,0.0,0.0
2023-04-11 10:30:00-04:00,35.89899826049805,35.89899826049805,35.89899826049805,35.89899826049805,342,0.0,0.0,0.0
2023-04-11 11:30:00-04:00,35.89899826049805,35.900001525878906,35.898399353027344,35.900001525878906,2411,0.0,0.0,0.0
2023-04-11 12:30:00-04:00,35.895198822021484,35.90999984741211,35.895198822021484,35.90190124511719,1592,0.0,0.0,0.0
2023-04-11 13:30:00-04:00,35.90999984741211,35.90999984741211,35.890098571777344,35.890098571777344,1837,0.0,0.0,0.0
2023-04-11 14:30:00-04:00,35.90999984741211,35.90999984741211,35.90999984741211,35.90999984741211,347,0.0,0.0,0.0
2023-04-11 15:30:00-04:00,35.91899871826172,35.91899871826172,35.914798736572266,35.914798736572266,0,0.0,0.0,0.0
2023-04-12 09:30:00-04:00,35.939998626708984,35.939998626708984,35.90999984741211,35.91999816894531,5586,0.0,0.0,0.0
2023-04-12 10:30:00-04:00,35.91999816894531,35.91999816894531,35.904998779296875,35.904998779296875,2015,0.0,0.0,0.0
2023-04-12 11:30:00-04:00,35.90999984741211,35.90999984741211,35.90629959106445,35.90999984741211,1048,0.0,0.0,0.0
2023-04-12 12:30:00-04:00,35.90570068359375,35.90999984741211,35.900001525878906,35.90999984741211,974,0.0,0.0,0.0
2023-04-12 13:30:00-04:00,35.929901123046875,35.929901123046875,35.929901123046875,35.929901123046875,279,0.0,0.0,0.0
2023-04-12 14:30:00-04:00,35.91999816894531,35.91999816894531,35.900001525878906,35.90019989013672,3725,0.0,0.0,0.0
2023-04-12 15:30:00-04:00,35.900001525878906,35.90010070800781,35.869998931884766,35.869998931884766,0,0.0,0.0,0.0
2023-04-13 10:30:00-04:00,35.939998626708984,35.939998626708984,35.939998626708984,35.939998626708984,349,0.0,0.0,0.0
2023-04-13 11:30:00-04:00,35.92499923706055,35.939998626708984,35.92499923706055,35.939998626708984,560,0.0,0.0,0.0
2023-04-13 12:30:00-04:00,35.93000030517578,35.93000030517578,35.93000030517578,35.93000030517578,605,0.0,0.0,0.0
2023-04-13 15:30:00-04:00,35.95000076293945,35.95000076293945,35.93989944458008,35.93989944458008,0,0.0,0.0,0.0
2023-04-14 09:30:00-04:00,35.97999954223633,35.97999954223633,35.93009948730469,35.93009948730469,2264,0.0,0.0,0.0
2023-04-14 10:30:00-04:00,35.939998626708984,35.939998626708984,35.901100158691406,35.910099029541016,1939,0.0,0.0,0.0
2023-04-14 11:30:00-04:00,35.939998626708984,35.939998626708984,35.939998626708984,35.939998626708984,275,0.0,0.0,0.0
2023-04-14 12:30:00-04:00,35.93170166015625,35.93170166015625,35.93170166015625,35.93170166015625,151,0.0,0.0,0.0
2023-04-14 13:30:00-04:00,35.939998626708984,35.939998626708984,35.93470001220703,35.935699462890625,1921,0.0,0.0,0.0
2023-04-14 14:30:00-04:00,35.93920135498047,35.939998626708984,35.935001373291016,35.935001373291016,1291,0.0,0.0,0.0
2023-04-17 09:30:00-04:00,35.900001525878906,35.95000076293945,35.900001525878906,35.95000076293945,2200,0.0,0.0,0.0
2023-04-17 10:30:00-04:00,35.94900131225586,35.94900131225586,35.935001373291016,35.94900131225586,746,0.0,0.0,0.0
2023-04-17 11:30:00-04:00,35.93009948730469,35.95000076293945,35.93009948730469,35.95000076293945,3512,0.0,0.0,0.0
2023-04-17 12:30:00-04:00,35.95000076293945,35.95000076293945,35.94900131225586,35.95000076293945,3510,0.0,0.0,0.0
2023-04-17 14:30:00-04:00,35.934898376464844,35.95000076293945,35.934898376464844,35.95000076293945,4962,0.0,0.0,0.0
2023-04-17 15:30:00-04:00,35.95899963378906,35.95899963378906,35.95899963378906,35.95899963378906,0,0.0,0.0,0.0
2023-04-18 09:30:00-04:00,35.959598541259766,35.970001220703125,35.95899963378906,35.959999084472656,1284,0.0,0.0,0.0
2023-04-18 10:30:00-04:00,35.959999084472656,35.959999084472656,35.94369888305664,35.959999084472656,3352,0.0,0.0,0.0
2023-04-18 11:30:00-04:00,35.959999084472656,35.959999084472656,35.95009994506836,35.95009994506836,2164,0.0,0.0,0.0
2023-04-18 12:30:00-04:00,35.95899963378906,35.959999084472656,35.95899963378906,35.95899963378906,3597,0.0,0.0,0.0
2023-04-18 13:30:00-04:00,35.95899963378906,35.95899963378906,35.95899963378906,35.95899963378906,575,0.0,0.0,0.0
2023-04-18 14:30:00-04:00,35.959999084472656,35.959999084472656,35.95500183105469,35.95500183105469,0,0.0,0.0,0.0
2023-04-19 09:30:00-04:00,35.9900016784668,35.9900016784668,35.95000076293945,35.95819854736328,2111,0.0,0.0,0.0
2023-04-19 10:30:00-04:00,35.95899963378906,35.959999084472656,35.95899963378906,35.959999084472656,2025,0.0,0.0,0.0
2023-04-19 11:30:00-04:00,35.959999084472656,35.959999084472656,35.95500183105469,35.959999084472656,2014,0.0,0.0,0.0
2023-04-19 12:30:00-04:00,35.95000076293945,35.95009994506836,35.95000076293945,35.95009994506836,403,0.0,0.0,0.0
2023-04-19 14:30:00-04:00,35.95899963378906,35.959999084472656,35.95500183105469,35.95500183105469,0,0.0,0.0,0.0
2023-04-20 09:30:00-04:00,36.0,36.0,35.95000076293945,35.9546012878418,2144,0.0,0.0,0.0
2023-04-20 10:30:00-04:00,35.97880172729492,35.97999954223633,35.959999084472656,35.970001220703125,1588,0.0,0.0,0.0
2023-04-20 11:30:00-04:00,35.970001220703125,35.970001220703125,35.95000076293945,35.95439910888672,1318,0.0,0.0,0.0
2023-04-20 12:30:00-04:00,35.979000091552734,35.979000091552734,35.979000091552734,35.979000091552734,240,0.0,0.0,0.0
2023-04-20 13:30:00-04:00,35.97999954223633,35.97999954223633,35.97999954223633,35.97999954223633,134,0.0,0.0,0.0
2023-04-20 14:30:00-04:00,35.970001220703125,35.979000091552734,35.970001220703125,35.979000091552734,448,0.0,0.0,0.0
2023-04-20 15:30:00-04:00,35.97999954223633,35.97999954223633,35.964900970458984,35.964900970458984,720,0.0,0.0,0.0
2023-04-21 09:30:00-04:00,36.0,36.0,35.959999084472656,35.959999084472656,1235,0.0,0.0,0.0
2023-04-21 10:30:00-04:00,35.959999084472656,35.959999084472656,35.939998626708984,35.95000076293945,3015,0.0,0.0,0.0
2023-04-21 11:30:00-04:00,35.970001220703125,35.970001220703125,35.970001220703125,35.970001220703125,1204,0.0,0.0,0.0
2023-04-21 13:30:00-04:00,36.01900100708008,36.019901275634766,36.005699157714844,36.019901275634766,556,0.0,0.0,0.0
2023-04-21 15:30:00-04:00,36.00519943237305,36.029998779296875,36.00519943237305,36.029998779296875,3392,0.0,0.0,0.0
2023-04-24 09:30:00-04:00,36.06999969482422,36.06999969482422,36.069000244140625,36.069000244140625,1039,0.0,0.0,0.0
2023-04-24 10:30:00-04:00,36.06999969482422,36.06999969482422,36.025699615478516,36.04899978637695,2990,0.0,0.0,0.0
2023-04-24 11:30:00-04:00,36.03900146484375,36.03900146484375,36.02000045776367,36.029998779296875,1795,0.0,0.0,0.0
2023-04-24 12:30:00-04:00,36.04899978637695,36.04999923706055,36.04499816894531,36.04499816894531,1707,0.0,0.0,0.0
2023-04-24 13:30:00-04:00,36.064998626708984,36.08000183105469,36.040000915527344,36.069000244140625,1537,0.0,0.0,0.0
2023-04-24 14:30:00-04:00,36.060001373291016,36.06999969482422,36.060001373291016,36.06999969482422,1308,0.0,0.0,0.0
2023-04-24 15:30:00-04:00,36.09000015258789,36.09000015258789,36.08639907836914,36.0890007019043,0,0.0,0.0,0.0
2023-04-25 09:30:00-04:00,36.06999969482422,36.08000183105469,36.04999923706055,36.04999923706055,3129,0.0,0.0,0.0
2023-04-25 10:30:00-04:00,36.07899856567383,36.09000015258789,36.07899856567383,36.0890007019043,1641,0.0,0.0,0.0
2023-04-25 11:30:00-04:00,36.0890007019043,36.0890007019043,36.0526008605957,36.060001373291016,1924,0.0,0.0,0.0
2023-04-25 12:30:00-04:00,36.05009841918945,36.069000244140625,36.04999923706055,36.04999923706055,2950,0.0,0.0,0.0
2023-04-25 13:30:00-04:00,36.010101318359375,36.02000045776367,36.0099983215332,36.0099983215332,1700,0.0,0.0,0.0
2023-04-25 14:30:00-04:00,36.0099983215332,36.0099983215332,36.0099983215332,36.0099983215332,229,0.0,0.0,0.0
2023-04-25 15:30:00-04:00,36.02000045776367,36.029998779296875,36.02000045776367,36.029998779296875,2516,0.0,0.0,0.0
2023-04-26 09:30:00-04:00,36.04999923706055,36.130001068115234,35.970001220703125,35.970001220703125,1800,0.0,0.0,0.0
2023-04-26 10:30:00-04:00,35.96009826660156,35.96009826660156,35.939998626708984,35.939998626708984,3099,0.0,0.0,0.0
2023-04-26 11:30:00-04:00,35.97999954223633,35.97999954223633,35.97999954223633,35.97999954223633,0,0.0,0.0,0.0
2023-04-26 13:30:00-04:00,35.945499420166016,35.945499420166016,35.945499420166016,35.945499420166016,6223,0.0,0.0,0.0
2023-04-26 14:30:00-04:00,35.95899963378906,35.95899963378906,35.939998626708984,35.95000076293945,1070,0.0,0.0,0.0
2023-04-26 15:30:00-04:00,35.92390060424805,35.93000030517578,35.92390060424805,35.92390060424805,195,0.0,0.0,0.0
2023-04-27 09:30:00-04:00,36.0099983215332,36.0099983215332,35.96310043334961,35.97990036010742,8365,0.0,0.0,0.0
2023-04-27 11:30:00-04:00,36.0099983215332,36.0099983215332,36.0099983215332,36.0099983215332,268,0.0,0.0,0.0
2023-04-27 12:30:00-04:00,36.05609893798828,36.05609893798828,36.03099822998047,36.03099822998047,747,0.0,0.0,0.0
2023-04-27 13:30:00-04:00,36.060001373291016,36.060001373291016,36.05500030517578,36.05500030517578,319,0.0,0.0,0.0
2023-04-27 14:30:00-04:00,36.07899856567383,36.08000183105469,36.064998626708984,36.08000183105469,2839,0.0,0.0,0.0
2023-04-27 15:30:00-04:00,36.064998626708984,36.10499954223633,36.04050064086914,36.04050064086914,0,0.0,0.0,0.0
2023-04-28 09:30:00-04:00,36.10900115966797,36.119998931884766,36.099998474121094,36.100101470947266,2658,0.0,0.0,0.0
2023-04-28 10:30:00-04:00,36.139801025390625,36.139801025390625,36.139801025390625,36.139801025390625,0,0.0,0.0,0.0
2023-04-28 11:30:00-04:00,36.150001525878906,36.150001525878906,36.150001525878906,36.150001525878906,3756,0.0,0.0,0.0
2023-04-28 12:30:00-04:00,36.119998931884766,36.14899826049805,36.119998931884766,36.14899826049805,816,0.0,0.0,0.0
2023-04-28 13:30:00-04:00,36.150001525878906,36.150001525878906,36.12009811401367,36.12009811401367,2942,0.0,0.0,0.0
2023-04-28 14:30:00-04:00,36.130001068115234,36.138999938964844,36.125999450683594,36.1349983215332,918,0.0,0.0,0.0
2023-04-28 15:30:00-04:00,36.14899826049805,36.159000396728516,36.1349983215332,36.14979934692383,1379,0.0,0.0,0.0
2023-05-01 09:30:00-04:00,36.150001525878906,36.150001525878906,36.06999969482422,36.11050033569336,6683,0.0,0.0,0.0
2023-05-01 10:30:00-04:00,36.11899948120117,36.119998931884766,36.099998474121094,36.11899948120117,2833,0.0,0.0,0.0
2023-05-01 11:30:00-04:00,36.11000061035156,36.11000061035156,36.0989990234375,36.11000061035156,1035,0.0,0.0,0.0
2023-05-01 12:30:00-04:00,36.0989990234375,36.099998474121094,36.060001373291016,36.08000183105469,7525,0.0,0.0,0.0
2023-05-01 13:30:00-04:00,36.09880065917969,36.099998474121094,36.084999084472656,36.084999084472656,1258,0.0,0.0,0.0
2023-05-01 14:30:00-04:00,36.08000183105469,36.08000183105469,36.08000183105469,36.08000183105469,0,0.0,0.0,0.0
2023-05-01 15:30:00-04:00,36.060001373291016,36.060001373291016,36.04999923706055,36.059898376464844,20766,0.0,0.0,0.0
2023-05-02 09:30:00-04:00,35.65999984741211,35.720001220703125,35.61000061035156,35.630001068115234,8415,0.0,0.0,0.0
2023-05-02 10:30:00-04:00,35.61000061035156,35.61000061035156,35.59000015258789,35.60329818725586,3598,0.0,0.0,0.0
2023-05-02 11:30:00-04:00,35.540000915527344,35.5796012878418,35.540000915527344,35.5796012878418,469,0.0,0.0,0.0
2023-05-02 12:30:00-04:00,35.55099868774414,35.619998931884766,35.55099868774414,35.599998474121094,929,0.0,0.0,0.0
2023-05-02 13:30:00-04:00,35.619998931884766,35.630001068115234,35.61000061035156,35.62929916381836,1789,0.0,0.0,0.0
2023-05-02 14:30:00-04:00,35.611000061035156,35.630001068115234,35.60499954223633,35.630001068115234,71300,0.0,0.0,0.0
2023-05-02 15:30:00-04:00,35.650001525878906,35.650001525878906,35.64500045776367,35.649600982666016,0,0.0,0.0,0.0
2023-05-03 09:30:00-04:00,35.849998474121094,35.849998474121094,35.700401306152344,35.700401306152344,0,0.0,0.0,0.0
2023-05-03 10:30:00-04:00,35.68000030517578,35.70000076293945,35.68000030517578,35.70000076293945,887,0.0,0.0,0.0
2023-05-03 11:30:00-04:00,35.6510009765625,35.709999084472656,35.6510009765625,35.709999084472656,684,0.0,0.0,0.0
2023-05-03 12:30:00-04:00,35.67169952392578,35.69990158081055,35.67169952392578,35.69990158081055,688,0.0,0.0,0.0
2023-05-03 13:30:00-04:00,35.689998626708984,35.70840072631836,35.689998626708984,35.70840072631836,2879,0.0,0.0,0.0
2023-05-03 14:30:00-04:00,35.70000076293945,35.709999084472656,35.689998626708984,35.689998626708984,802,0.0,0.0,0.0
2023-05-03 15:30:00-04:00,35.650001525878906,35.650001525878906,35.650001525878906,35.650001525878906,0,0.0,0.0,0.0
2023-05-04 09:30:00-04:00,35.55500030517578,35.558998107910156,35.5099983215332,35.5099983215332,1400,0.0,0.0,0.0
2023-05-04 10:30:00-04:00,35.4900016784668,35.529998779296875,35.4900016784668,35.5,5998,0.0,0.0,0.0
2023-05-04 11:30:00-04:00,35.500999450683594,35.529998779296875,35.5,35.529998779296875,1819,0.0,0.0,0.0
2023-05-04 12:30:00-04:00,35.5099983215332,35.529998779296875,35.5099983215332,35.529998779296875,739,0.0,0.0,0.0
2023-05-04 13:30:00-04:00,35.529998779296875,35.54999923706055,35.529998779296875,35.54999923706055,463,0.0,0.0,0.0
2023-05-04 14:30:00-04:00,35.540000915527344,35.545101165771484,35.540000915527344,35.545101165771484,1841,0.0,0.0,0.0
2023-05-04 15:30:00-04:00,35.556800842285156,35.556800842285156,35.54999923706055,35.556800842285156,600,0.0,0.0,0.0
2023-05-05 09:30:00-04:00,35.720001220703125,35.720001220703125,35.650001525878906,35.69340133666992,7160,0.0,0.0,0.0
2023-05-05 10:30:00-04:00,35.70989990234375,35.70989990234375,35.68899917602539,35.68899917602539,2502,0.0,0.0,0.0
2023-05-05 11:30:00-04:00,35.689998626708984,35.69990158081055,35.689998626708984,35.69990158081055,420,0.0,0.0,0.0
2023-05-05 12:30:00-04:00,35.68000030517578,35.71989822387695,35.66999816894531,35.71989822387695,1382,0.0,0.0,0.0
2023-05-05 13:30:00-04:00,35.691001892089844,35.71080017089844,35.689998626708984,35.709999084472656,0,0.0,0.0,0.0
2023-05-05 15:30:00-04:00,35.77000045776367,35.77000045776367,35.72930145263672,35.72930145263672,14345,0.0,0.0,0.0
2023-05-08 09:30:00-04:00,35.68000030517578,35.69940185546875,35.650001525878906,35.69940185546875,0,0.0,0.0,0.0
2023-05-08 10:30:00-04:00,35.679901123046875,35.679901123046875,35.679901123046875,35.679901123046875,209,0.0,0.0,0.0
2023-05-08 11:30:00-04:00,35.650001525878906,35.70899963378906,35.650001525878906,35.685001373291016,1976,0.0,0.0,0.0
2023-05-08 12:30:00-04:00,35.689998626708984,35.689998626708984,35.689998626708984,35.689998626708984,277,0.0,0.0,0.0
2023-05-08 14:30:00-04:00,35.72999954223633,35.72999954223633,35.689998626708984,35.689998626708984,415,0.0,0.0,0.0
2023-05-08 15:30:00-04:00,35.72990036010742,35.75,35.66999816894531,35.66999816894531,0,0.0,0.0,0.0
2023-05-09 09:30:00-04:00,35.64500045776367,35.69900131225586,35.64500045776367,35.69900131225586,1462,0.0,0.0,0.0
2023-05-09 10:30:00-04:00,35.69990158081055,35.720001220703125,35.689998626708984,35.689998626708984,2470,0.0,0.0,0.0
2023-05-09 11:30:00-04:00,35.70000076293945,35.70000076293945,35.689998626708984,35.689998626708984,1363,0.0,0.0,0.0
2023-05-09 15:30:00-04:00,35.650001525878906,35.650001525878906,35.650001525878906,35.650001525878906,473,0.0,0.0,0.0
2023-05-10 09:30:00-04:00,35.79999923706055,35.79999923706055,35.79999923706055,35.79999923706055,334,0.0,0.0,0.0
2023-05-10 10:30:00-04:00,35.7599983215332,35.7599983215332,35.7599983215332,35.7599983215332,342,0.0,0.0,0.0
2023-05-10 12:30:00-04:00,35.76279830932617,35.76279830932617,35.76279830932617,35.76279830932617,254,0.0,0.0,0.0
2023-05-10 14:30:00-04:00,35.790000915527344,35.790000915527344,35.790000915527344,35.790000915527344,208,0.0,0.0,0.0
2023-05-10 15:30:00-04:00,35.81060028076172,35.81060028076172,35.810001373291016,35.81060028076172,770,0.0,0.0,0.0
2023-05-11 09:30:00-04:00,35.79999923706055,35.81269836425781,35.79999923706055,35.79999923706055,1393,0.0,0.0,0.0
2023-05-11 12:30:00-04:00,35.82899856567383,35.95000076293945,35.82899856567383,35.95000076293945,366,0.0,0.0,0.0
2023-05-11 13:30:00-04:00,35.808998107910156,35.810001373291016,35.78499984741211,35.79990005493164,0,0.0,0.0,0.0
2023-05-12 09:30:00-04:00,35.83000183105469,35.83000183105469,35.812599182128906,35.812599182128906,1570,0.0,0.0,0.0
2023-05-12 10:30:00-04:00,35.79899978637695,35.79899978637695,35.79899978637695,35.79899978637695,247,0.0,0.0,0.0
2023-05-12 11:30:00-04:00,35.75,35.750099182128906,35.75,35.75,721,0.0,0.0,0.0
2023-05-12 12:30:00-04:00,35.729000091552734,35.729000091552734,35.729000091552734,35.729000091552734,115,0.0,0.0,0.0
2023-05-12 13:30:00-04:00,35.70000076293945,35.70000076293945,35.70000076293945,35.70000076293945,193,0.0,0.0,0.0
2023-05-12 15:30:00-04:00,35.7400016784668,35.7400016784668,35.7400016784668,35.7400016784668,120,0.0,0.0,0.0
2023-05-15 09:30:00-04:00,35.689998626708984,35.689998626708984,35.689998626708984,35.689998626708984,0,0.0,0.0,0.0
2023-05-15 10:30:00-04:00,35.77000045776367,35.77000045776367,35.74620056152344,35.77000045776367,3488,0.0,0.0,0.0
2023-05-15 12:30:00-04:00,35.74449920654297,35.74449920654297,35.74449920654297,35.74449920654297,229,0.0,0.0,0.0
2023-05-15 13:30:00-04:00,35.76100158691406,35.779998779296875,35.7400016784668,35.779998779296875,793,0.0,0.0,0.0
2023-05-15 15:30:00-04:00,35.7400016784668,35.7400016784668,35.7400016784668,35.7400016784668,296,0.0,0.0,0.0
2023-05-16 09:30:00-04:00,35.72999954223633,35.72999954223633,35.599998474121094,35.66999816894531,2922,0.0,0.0,0.0
2023-05-16 12:30:00-04:00,35.62990188598633,35.630001068115234,35.62990188598633,35.630001068115234,287,0.0,0.0,0.0
2023-05-16 14:30:00-04:00,35.599998474121094,35.60900115966797,35.599998474121094,35.60900115966797,884,0.0,0.0,0.0
2023-05-16 15:30:00-04:00,35.517398834228516,35.54999923706055,35.517398834228516,35.54999923706055,301,0.0,0.0,0.0
2023-05-17 09:30:00-04:00,35.779998779296875,35.779998779296875,35.779998779296875,35.779998779296875,0,0.0,0.0,0.0
2023-05-17 10:30:00-04:00,35.60900115966797,35.60900115966797,35.54999923706055,35.54999923706055,934,0.0,0.0,0.0
2023-05-17 11:30:00-04:00,35.630001068115234,35.630001068115234,35.630001068115234,35.630001068115234,608,0.0,0.0,0.0
2023-05-17 12:30:00-04:00,35.63999938964844,35.720001220703125,35.63999938964844,35.70000076293945,3405,0.0,0.0,0.0
2023-05-17 13:30:00-04:00,35.689998626708984,35.689998626708984,35.63100051879883,35.63100051879883,377,0.0,0.0,0.0
2023-05-17 14:30:00-04:00,35.64500045776367,35.64500045776367,35.618099212646484,35.618099212646484,0,0.0,0.0,0.0
2023-05-18 09:30:00-04:00,35.529998779296875,35.529998779296875,35.459999084472656,35.52000045776367,2744,0.0,0.0,0.0
2023-05-18 10:30:00-04:00,35.630001068115234,35.630001068115234,35.599998474121094,35.599998474121094,307,0.0,0.0,0.0
2023-05-18 11:30:00-04:00,35.630001068115234,35.630001068115234,35.630001068115234,35.630001068115234,337,0.0,0.0,0.0
2023-05-18 12:30:00-04:00,35.61899948120117,35.61899948120117,35.61899948120117,35.61899948120117,245,0.0,0.0,0.0
2023-05-18 13:30:00-04:00,35.54999923706055,35.54999923706055,35.54999923706055,35.54999923706055,228,0.0,0.0,0.0
2023-05-18 14:30:00-04:00,35.560001373291016,35.619998931884766,35.560001373291016,35.619998931884766,544,0.0,0.0,0.0
2023-05-18 15:30:00-04:00,35.60499954223633,35.638301849365234,35.58000183105469,35.638301849365234,0,0.0,0.0,0.0
2023-05-19 09:30:00-04:00,35.709999084472656,35.709999084472656,35.650001525878906,35.650001525878906,1936,0.0,0.0,0.0
2023-05-19 10:30:00-04:00,35.65999984741211,35.65999984741211,35.650001525878906,35.650001525878906,1038,0.0,0.0,0.0
2023-05-19 11:30:00-04:00,35.63999938964844,35.63999938964844,35.619998931884766,35.619998931884766,5855,0.0,0.0,0.0
2023-05-19 12:30:00-04:00,35.639801025390625,35.639801025390625,35.639801025390625,35.639801025390625,279,0.0,0.0,0.0
2023-05-19 13:30:00-04:00,35.68000030517578,35.68000030517578,35.66999816894531,35.66999816894531,364,0.0,0.0,0.0
2023-05-19 14:30:00-04:00,35.68000030517578,35.6880989074707,35.68000030517578,35.6880989074707,240,0.0,0.0,0.0
2023-05-22 09:30:00-04:00,35.729801177978516,35.72999954223633,35.68000030517578,35.720001220703125,2627,0.0,0.0,0.0
2023-05-22 10:30:00-04:00,35.70000076293945,35.739898681640625,35.70000076293945,35.739898681640625,3037,0.0,0.0,0.0
2023-05-22 11:30:00-04:00,35.72999954223633,35.7400016784668,35.72999954223633,35.7400016784668,680,0.0,0.0,0.0
2023-05-22 12:30:00-04:00,35.689998626708984,35.7598991394043,35.689998626708984,35.7598991394043,1354,0.0,0.0,0.0
2023-05-22 14:30:00-04:00,35.7598991394043,35.7598991394043,35.70000076293945,35.70989990234375,0,0.0,0.0,0.0
2023-05-23 09:30:00-04:00,35.67580032348633,35.68000030517578,35.67580032348633,35.68000030517578,661,0.0,0.0,0.0
2023-05-23 10:30:00-04:00,35.6510009765625,35.6510009765625,35.6510009765625,35.6510009765625,339,0.0,0.0,0.0
2023-05-23 11:30:00-04:00,35.689998626708984,35.69960021972656,35.689998626708984,35.69960021972656,445,0.0,0.0,0.0
2023-05-23 12:30:00-04:00,35.650001525878906,35.650001525878906,35.650001525878906,35.650001525878906,188,0.0,0.0,0.0
2023-05-23 13:30:00-04:00,35.630001068115234,35.65999984741211,35.630001068115234,35.6599006652832,1328,0.0,0.0,0.0
2023-05-23 14:30:00-04:00,35.63999938964844,35.63999938964844,35.62099838256836,35.63999938964844,757,0.0,0.0,0.0
2023-05-23 15:30:00-04:00,35.625,35.625,35.622501373291016,35.625,280,0.0,0.0,0.0
2023-05-24 10:30:00-04:00,35.50899887084961,35.50899887084961,35.47999954223633,35.47999954223633,373,0.0,0.0,0.0
2023-05-24 11:30:00-04:00,35.5099983215332,35.5099983215332,35.45000076293945,35.45000076293945,5228,0.0,0.0,0.0
2023-05-24 12:30:00-04:00,35.45000076293945,35.45000076293945,35.45000076293945,35.45000076293945,971,0.0,0.0,0.0
2023-05-24 13:30:00-04:00,35.4744987487793,35.4744987487793,35.4744987487793,35.4744987487793,1662,0.0,0.0,0.0
2023-05-24 15:30:00-04:00,35.52899932861328,35.529998779296875,35.48809814453125,35.48809814453125,0,0.0,0.0,0.0
2023-05-25 09:30:00-04:00,35.52220153808594,35.540000915527344,35.52220153808594,35.540000915527344,553,0.0,0.0,0.0
2023-05-25 10:30:00-04:00,35.5099983215332,35.5099983215332,35.5099983215332,35.5099983215332,683,0.0,0.0,0.0
2023-05-25 12:30:00-04:00,35.48109817504883,35.48109817504883,35.48109817504883,35.48109817504883,335,0.0,0.0,0.0
2023-05-25 13:30:00-04:00,35.4900016784668,35.4900016784668,35.4900016784668,35.4900016784668,0,0.0,0.0,0.0
2023-05-25 14:30:00-04:00,35.48099899291992,35.4900016784668,35.47999954223633,35.4900016784668,6806,0.0,0.0,0.0
2023-05-25 15:30:00-04:00,35.5,35.50279998779297,35.5,35.50279998779297,0,0.0,0.0,0.0
2023-05-26 09:30:00-04:00,35.56959915161133,35.56959915161133,35.540000915527344,35.5442008972168,1298,0.0,0.0,0.0
2023-05-26 10:30:00-04:00,35.63999938964844,35.63999938964844,35.61000061035156,35.61000061035156,564,0.0,0.0,0.0
2023-05-26 11:30:00-04:00,35.63970184326172,35.63970184326172,35.630001068115234,35.630001068115234,404,0.0,0.0,0.0
2023-05-26 12:30:00-04:00,35.64899826049805,35.64899826049805,35.6083984375,35.6083984375,560,0.0,0.0,0.0
2023-05-26 13:30:00-04:00,35.650001525878906,35.650001525878906,35.650001525878906,35.650001525878906,207,0.0,0.0,0.0
2023-05-26 14:30:00-04:00,35.68000030517578,35.689998626708984,35.65999984741211,35.689998626708984,1904,0.0,0.0,0.0
2023-05-26 15:30:00-04:00,35.68000030517578,35.68000030517578,35.68000030517578,35.68000030517578,811,0.0,0.0,0.0
2023-05-30 09:30:00-04:00,35.68000030517578,35.75960159301758,35.68000030517578,35.720001220703125,2167,0.0,0.0,0.0
2023-05-30 11:30:00-04:00,35.729000091552734,35.729000091552734,35.729000091552734,35.729000091552734,831,0.0,0.0,0.0
2023-05-30 12:30:00-04:00,35.72999954223633,35.72999954223633,35.72999954223633,35.72999954223633,794,0.0,0.0,0.0
2023-05-30 14:30:00-04:00,35.7400016784668,35.749000549316406,35.7400016784668,35.749000549316406,4918,0.0,0.0,0.0
2023-05-30 15:30:00-04:00,35.7599983215332,35.7599983215332,35.73189926147461,35.73189926147461,0,0.0,0.0,0.0
2023-05-31 09:30:00-04:00,35.65999984741211,35.72999954223633,35.65999984741211,35.67499923706055,4133,0.0,0.0,0.0
2023-05-31 10:30:00-04:00,35.67900085449219,35.67900085449219,35.664100646972656,35.664100646972656,707,0.0,0.0,0.0
2023-05-31 11:30:00-04:00,35.66999816894531,35.689300537109375,35.66999816894531,35.689300537109375,818,0.0,0.0,0.0
2023-05-31 13:30:00-04:00,35.68000030517578,35.7130012512207,35.68000030517578,35.7130012512207,1401,0.0,0.0,0.0
2023-05-31 15:30:00-04:00,35.71770095825195,35.72840118408203,35.71770095825195,35.72840118408203,0,0.0,0.0,0.0
2023-06-01 09:30:00-04:00,35.76900100708008,35.76900100708008,35.73500061035156,35.7599983215332,7992,0.0,0.0,0.0
2023-06-01 10:30:00-04:00,35.790000915527344,35.79499816894531,35.789798736572266,35.79499816894531,1047,0.0,0.0,0.0
2023-06-01 11:30:00-04:00,35.808998107910156,35.808998107910156,35.808998107910156,35.808998107910156,863,0.0,0.0,0.0
2023-06-01 12:30:00-04:00,35.79999923706055,35.79999923706055,35.79999923706055,35.79999923706055,318,0.0,0.0,0.0
2023-06-01 13:30:00-04:00,35.79999923706055,35.83039855957031,35.79999923706055,35.83039855957031,1013,0.0,0.0,0.0
2023-06-01 14:30:00-04:00,35.839698791503906,35.845001220703125,35.805198669433594,35.805198669433594,0,0.0,0.0,0.0
2023-06-02 09:30:00-04:00,35.43000030517578,35.43000030517578,35.37699890136719,35.40999984741211,8103,0.0,0.0,0.0
2023-06-02 10:30:00-04:00,35.40850067138672,35.65999984741211,35.40850067138672,35.43899917602539,3905,0.0,0.0,0.0
2023-06-02 11:30:00-04:00,35.439300537109375,35.439300537109375,35.43000030517578,35.43000030517578,385,0.0,0.0,0.0
2023-06-02 12:30:00-04:00,35.43899917602539,35.45000076293945,35.40999984741211,35.440101623535156,1416,0.0,0.0,0.0
2023-06-02 13:30:00-04:00,35.44900131225586,35.459999084472656,35.4286994934082,35.459999084472656,9173,0.0,0.0,0.0
2023-06-02 14:30:00-04:00,35.459999084472656,35.470001220703125,35.45159912109375,35.470001220703125,1968,0.0,0.0,0.0
2023-06-02 15:30:00-04:00,35.45000076293945,35.45000076293945,35.43980026245117,35.43980026245117,321,0.0,0.0,0.0
2023-06-05 09:30:00-04:00,35.380001068115234,35.45000076293945,35.20000076293945,35.390098571777344,10744,0.0,0.0,0.0
2023-06-05 10:30:00-04:00,35.39099884033203,35.44900131225586,35.38999938964844,35.38999938964844,6167,0.0,0.0,0.0
2023-06-05 11:30:00-04:00,35.420101165771484,35.420101165771484,35.349998474121094,35.380001068115234,15510,0.0,0.0,0.0
2023-06-05 12:30:00-04:00,35.41999816894531,35.41999816894531,35.382598876953125,35.382598876953125,1025,0.0,0.0,0.0
2023-06-05 13:30:00-04:00,35.40999984741211,35.41559982299805,35.40999984741211,35.41559982299805,468,0.0,0.0,0.0
2023-06-05 14:30:00-04:00,35.404998779296875,35.404998779296875,35.404998779296875,35.404998779296875,112,0.0,0.0,0.0
2023-06-05 15:30:00-04:00,35.459999084472656,35.459999084472656,35.4109992980957,35.4109992980957,0,0.0,0.0,0.0
2023-06-06 09:30:00-04:00,35.43000030517578,35.43000030517578,35.369998931884766,35.404998779296875,1742,0.0,0.0,0.0
2023-06-06 10:30:00-04:00,35.415000915527344,35.415000915527344,35.400001525878906,35.412498474121094,1361,0.0,0.0,0.0
2023-06-06 11:30:00-04:00,35.40999984741211,35.435001373291016,35.40999984741211,35.435001373291016,1230,0.0,0.0,0.0
2023-06-06 13:30:00-04:00,35.459999084472656,35.459999084472656,35.459999084472656,35.459999084472656,260,0.0,0.0,0.0
2023-06-06 14:30:00-04:00,35.459999084472656,35.459999084472656,35.459999084472656,35.459999084472656,386,0.0,0.0,0.0
2023-06-06 15:30:00-04:00,35.47570037841797,35.47570037841797,35.47570037841797,35.47570037841797,0,0.0,0.0,0.0
2023-06-07 09:30:00-04:00,35.5,35.5,35.45000076293945,35.45000076293945,1483,0.0,0.0,0.0
2023-06-07 10:30:00-04:00,35.46989822387695,35.470001220703125,35.45000076293945,35.45000076293945,723,0.0,0.0,0.0
2023-06-07 11:30:00-04:00,35.44900131225586,35.44900131225586,35.400001525878906,35.439998626708984,1511,0.0,0.0,0.0
2023-06-07 12:30:00-04:00,35.439998626708984,35.439998626708984,35.439998626708984,35.439998626708984,235,0.0,0.0,0.0
2023-06-07 13:30:00-04:00,35.380001068115234,35.439998626708984,35.380001068115234,35.435699462890625,2282,0.0,0.0,0.0
2023-06-07 14:30:00-04:00,35.45000076293945,35.45000076293945,35.41490173339844,35.41490173339844,0,0.0,0.0,0.0
2023-06-08 09:30:00-04:00,35.4900016784668,35.4900016784668,35.428001403808594,35.45000076293945,2888,0.0,0.0,0.0
2023-06-08 10:30:00-04:00,35.47999954223633,35.47999954223633,35.430999755859375,35.459999084472656,3092,0.0,0.0,0.0
2023-06-08 11:30:00-04:00,35.470001220703125,35.47999954223633,35.470001220703125,35.47999954223633,610,0.0,0.0,0.0
2023-06-08 12:30:00-04:00,35.5,35.5,35.474998474121094,35.474998474121094,1793,0.0,0.0,0.0
2023-06-08 13:30:00-04:00,35.459999084472656,35.474998474121094,35.459999084472656,35.474998474121094,834,0.0,0.0,0.0
2023-06-08 14:30:00-04:00,35.474998474121094,35.474998474121094,35.473899841308594,35.473899841308594,1776,0.0,0.0,0.0
2023-06-08 15:30:00-04:00,35.46989822387695,35.46989822387695,35.45000076293945,35.46989822387695,115,0.0,0.0,0.0
2023-06-09 09:30:00-04:00,35.560001373291016,35.560001373291016,35.45000076293945,35.46099853515625,0,0.0,0.0,0.0
2023-06-09 10:30:00-04:00,35.505001068115234,35.505001068115234,35.4901008605957,35.505001068115234,1310,0.0,0.0,0.0
2023-06-09 11:30:00-04:00,35.505001068115234,35.505001068115234,35.4900016784668,35.4900016784668,1192,0.0,0.0,0.0
2023-06-09 12:30:00-04:00,35.4900016784668,35.4900016784668,35.4900016784668,35.4900016784668,105,0.0,0.0,0.0
2023-06-09 14:30:00-04:00,35.494998931884766,35.49980163574219,35.494998931884766,35.499698638916016,1209,0.0,0.0,0.0
2023-06-09 15:30:00-04:00,35.51900100708008,35.51900100708008,35.459999084472656,35.48759841918945,2966,0.0,0.0,0.0
2023-06-12 09:30:00-04:00,35.47100067138672,35.52899932861328,35.45000076293945,35.45000076293945,5156,0.0,0.0,0.0
2023-06-12 10:30:00-04:00,35.489898681640625,35.4900016784668,35.45000076293945,35.45000076293945,1286,0.0,0.0,0.0
2023-06-12 11:30:00-04:00,35.5,35.5,35.476600646972656,35.476600646972656,1489,0.0,0.0,0.0
2023-06-12 12:30:00-04:00,35.5,35.5,35.5,35.5,366,0.0,0.0,0.0
2023-06-12 13:30:00-04:00,35.50899887084961,35.50899887084961,35.50899887084961,35.50899887084961,331,0.0,0.0,0.0
2023-06-12 14:30:00-04:00,35.459999084472656,35.52000045776367,35.459999084472656,35.52000045776367,1254,0.0,0.0,0.0
2023-06-12 15:30:00-04:00,35.519901275634766,35.52000045776367,35.499900817871094,35.499900817871094,1470,0.0,0.0,0.0
2023-06-13 09:30:00-04:00,35.529998779296875,35.540000915527344,35.5,35.540000915527344,644,0.0,0.0,0.0
2023-06-13 10:30:00-04:00,35.54999923706055,35.54999923706055,35.54010009765625,35.54999923706055,2052,0.0,0.0,0.0
2023-06-13 11:30:00-04:00,35.540000915527344,35.54899978637695,35.53900146484375,35.53900146484375,1265,0.0,0.0,0.0
2023-06-13 12:30:00-04:00,35.53900146484375,35.54999923706055,35.525001525878906,35.525001525878906,1007,0.0,0.0,0.0
2023-06-13 13:30:00-04:00,35.5099983215332,35.5099983215332,35.500999450683594,35.5099983215332,434,0.0,0.0,0.0
2023-06-13 15:30:00-04:00,35.5,35.525001525878906,35.5,35.525001525878906,0,0.0,0.0,0.0
2023-06-14 09:30:00-04:00,35.54999923706055,35.54999923706055,35.52870178222656,35.52870178222656,1382,0.0,0.0,0.0
2023-06-14 10:30:00-04:00,35.53499984741211,35.53499984741211,35.53499984741211,35.53499984741211,152,0.0,0.0,0.0
2023-06-14 11:30:00-04:00,35.535099029541016,35.558998107910156,35.535099029541016,35.558998107910156,473,0.0,0.0,0.0
2023-06-14 12:30:00-04:00,35.55910110473633,35.55910110473633,35.55910110473633,35.55910110473633,375,0.0,0.0,0.0
2023-06-14 13:30:00-04:00,35.59000015258789,35.59000015258789,35.54899978637695,35.54999923706055,1469,0.0,0.0,0.0
2023-06-14 14:30:00-04:00,35.5,35.5,35.5,35.5,279,0.0,0.0,0.0
2023-06-14 15:30:00-04:00,35.54199981689453,35.54199981689453,35.5348014831543,35.5348014831543,0,0.0,0.0,0.0
2023-06-15 09:30:00-04:00,35.599998474121094,35.599998474121094,35.5880012512207,35.5880012512207,1383,0.0,0.0,0.0
2023-06-15 10:30:00-04:00,35.59000015258789,35.59000015258789,35.5880012512207,35.59000015258789,1044,0.0,0.0,0.0
2023-06-15 11:30:00-04:00,35.57099914550781,35.59000015258789,35.57099914550781,35.59000015258789,327,0.0,0.0,0.0
2023-06-15 12:30:00-04:00,35.56999969482422,35.589900970458984,35.55009841918945,35.589900970458984,881,0.0,0.0,0.0
2023-06-15 13:30:00-04:00,35.59000015258789,35.59000015258789,35.585201263427734,35.59000015258789,1092,0.0,0.0,0.0
2023-06-15 14:30:00-04:00,35.54999923706055,35.54999923706055,35.54999923706055,35.54999923706055,266,0.0,0.0,0.0
2023-06-15 15:30:00-04:00,35.56990051269531,35.56999969482422,35.56990051269531,35.56990051269531,481,0.0,0.0,0.0
2023-06-16 09:30:00-04:00,35.70000076293945,35.70000076293945,35.46099853515625,35.505401611328125,0,0.0,0.0,0.0
2023-06-16 10:30:00-04:00,35.5099983215332,35.51900100708008,35.48189926147461,35.51900100708008,1408,0.0,0.0,0.0
2023-06-16 11:30:00-04:00,35.49599838256836,35.810001373291016,35.48830032348633,35.52980041503906,948,0.0,0.0,0.0
2023-06-16 12:30:00-04:00,35.54890060424805,35.54890060424805,35.54890060424805,35.54890060424805,176,0.0,0.0,0.0
2023-06-16 13:30:00-04:00,35.540000915527344,35.540000915527344,35.540000915527344,35.540000915527344,319,0.0,0.0,0.0
2023-06-16 15:30:00-04:00,35.54999923706055,35.54999923706055,35.529998779296875,35.529998779296875,436,0.0,0.0,0.0
2023-06-20 09:30:00-04:00,35.540000915527344,35.58000183105469,35.540000915527344,35.58000183105469,0,0.0,0.0,0.0
2023-06-20 10:30:00-04:00,35.564998626708984,35.564998626708984,35.560001373291016,35.560001373291016,674,0.0,0.0,0.0
2023-06-20 12:30:00-04:00,35.599998474121094,35.599998474121094,35.56999969482422,35.570098876953125,3047,0.0,0.0,0.0
2023-06-20 13:30:00-04:00,35.5885009765625,35.59000015258789,35.560001373291016,35.560001373291016,1000,0.0,0.0,0.0
2023-06-20 14:30:00-04:00,35.57820129394531,35.57899856567383,35.56999969482422,35.56999969482422,1414,0.0,0.0,0.0
2023-06-20 15:30:00-04:00,35.56999969482422,35.56999969482422,35.54999923706055,35.54999923706055,0,0.0,0.0,0.0
2023-06-21 09:30:00-04:00,35.540000915527344,35.540000915527344,35.474998474121094,35.474998474121094,1636,0.0,0.0,0.0
2023-06-21 10:30:00-04:00,35.47999954223633,35.4900016784668,35.45009994506836,35.45009994506836,3976,0.0,0.0,0.0
2023-06-21 11:30:00-04:00,35.470001220703125,35.470001220703125,35.470001220703125,35.470001220703125,1248,0.0,0.0,0.0
2023-06-21 12:30:00-04:00,35.45000076293945,35.45000076293945,35.439998626708984,35.439998626708984,2524,0.0,0.0,0.0
2023-06-21 13:30:00-04:00,35.439998626708984,35.48899841308594,35.439998626708984,35.48899841308594,475,0.0,0.0,0.0
2023-06-21 14:30:00-04:00,35.53900146484375,35.53900146484375,35.47999954223633,35.5181999206543,1980,0.0,0.0,0.0
2023-06-21 15:30:00-04:00,35.5,35.5,35.475101470947266,35.475101470947266,418,0.0,0.0,0.0
2023-06-22 09:30:00-04:00,35.439998626708984,35.439998626708984,35.439998626708984,35.439998626708984,0,0.0,0.0,0.0
2023-06-22 10:30:00-04:00,35.45899963378906,35.45899963378906,35.45899963378906,35.45899963378906,453,0.0,0.0,0.0
2023-06-22 12:30:00-04:00,35.459999084472656,35.459999084472656,35.45899963378906,35.45899963378906,365,0.0,0.0,0.0
2023-06-22 13:30:00-04:00,35.439998626708984,35.459999084472656,35.41999816894531,35.439998626708984,2293,0.0,0.0,0.0
2023-06-22 14:30:00-04:00,35.45000076293945,35.45000076293945,35.42900085449219,35.42900085449219,619,0.0,0.0,0.0
2023-06-22 15:30:00-04:00,35.42900085449219,35.45000076293945,35.425201416015625,35.45000076293945,1849,0.0,0.0,0.0
2023-06-23 09:30:00-04:00,35.45000076293945,35.45000076293945,35.36759948730469,35.369998931884766,4711,0.0,0.0,0.0
2023-06-23 10:30:00-04:00,35.36000061035156,35.36000061035156,35.31990051269531,35.32899856567383,1546,0.0,0.0,0.0
2023-06-23 11:30:00-04:00,35.31999969482422,35.34000015258789,35.31999969482422,35.3390007019043,1082,0.0,0.0,0.0
2023-06-23 12:30:00-04:00,35.349998474121094,35.349998474121094,35.33000183105469,35.349998474121094,1621,0.0,0.0,0.0
2023-06-23 13:30:00-04:00,35.36000061035156,35.36000061035156,35.359901428222656,35.36000061035156,1558,0.0,0.0,0.0
2023-06-23 14:30:00-04:00,35.349998474121094,35.349998474121094,35.29999923706055,35.33369827270508,1465,0.0,0.0,0.0
2023-06-26 09:30:00-04:00,35.40999984741211,35.41999816894531,35.369998931884766,35.389400482177734,1370,0.0,0.0,0.0
2023-06-26 10:30:00-04:00,35.380001068115234,35.380001068115234,35.380001068115234,35.380001068115234,2025,0.0,0.0,0.0
2023-06-26 11:30:00-04:00,35.369998931884766,35.38999938964844,35.349998474121094,35.36000061035156,1607,0.0,0.0,0.0
2023-06-26 12:30:00-04:00,35.39899826049805,35.39899826049805,35.39899826049805,35.39899826049805,291,0.0,0.0,0.0
2023-06-26 13:30:00-04:00,35.38119888305664,35.38119888305664,35.38119888305664,35.38119888305664,296,0.0,0.0,0.0
2023-06-26 14:30:00-04:00,35.4213981628418,35.43000030517578,35.41350173950195,35.41350173950195,4430,0.0,0.0,0.0
2023-06-26 15:30:00-04:00,35.38010025024414,35.38010025024414,35.38010025024414,35.38010025024414,0,0.0,0.0,0.0
2023-06-27 09:30:00-04:00,35.47999954223633,35.47999954223633,35.44900131225586,35.44900131225586,0,0.0,0.0,0.0
2023-06-27 10:30:00-04:00,35.43000030517578,35.47999954223633,35.43000030517578,35.47999954223633,2460,0.0,0.0,0.0
2023-06-27 11:30:00-04:00,35.5,35.5099983215332,35.494998931884766,35.494998931884766,3904,0.0,0.0,0.0
2023-06-27 12:30:00-04:00,35.49359893798828,35.49359893798828,35.49359893798828,35.49359893798828,386,0.0,0.0,0.0
2023-06-27 13:30:00-04:00,35.4900016784668,35.51110076904297,35.4900016784668,35.51110076904297,2261,0.0,0.0,0.0
2023-06-27 14:30:00-04:00,35.480098724365234,35.5099983215332,35.47999954223633,35.47999954223633,4635,0.0,0.0,0.0
2023-06-27 15:30:00-04:00,35.5099983215332,35.52000045776367,35.5099983215332,35.52000045776367,996,0.0,0.0,0.0
2023-06-28 09:30:00-04:00,35.540000915527344,35.540000915527344,35.49869918823242,35.505401611328125,0,0.0,0.0,0.0
2023-06-28 10:30:00-04:00,35.558998107910156,35.558998107910156,35.51100158691406,35.529998779296875,3048,0.0,0.0,0.0
2023-06-28 11:30:00-04:00,35.553001403808594,35.60900115966797,35.553001403808594,35.60900115966797,1419,0.0,0.0,0.0
2023-06-28 12:30:00-04:00,35.58100128173828,35.58100128173828,35.58100128173828,35.58100128173828,149,0.0,0.0,0.0
2023-06-28 13:30:00-04:00,35.62799835205078,35.630001068115234,35.62799835205078,35.630001068115234,3152,0.0,0.0,0.0
2023-06-28 14:30:00-04:00,35.61000061035156,35.63999938964844,35.60639953613281,35.63999938964844,2183,0.0,0.0,0.0
2023-06-28 15:30:00-04:00,35.650001525878906,35.65999984741211,35.63999938964844,35.65999984741211,0,0.0,0.0,0.0
2023-06-29 09:30:00-04:00,35.61000061035156,35.61000061035156,35.519901275634766,35.54999923706055,5908,0.0,0.0,0.0
2023-06-29 10:30:00-04:00,35.52000045776367,35.52190017700195,35.5099983215332,35.52190017700195,884,0.0,0.0,0.0
2023-06-29 11:30:00-04:00,35.54899978637695,35.560001373291016,35.54899978637695,35.560001373291016,537,0.0,0.0,0.0
2023-06-29 12:30:00-04:00,35.52560043334961,35.529998779296875,35.52560043334961,35.529998779296875,326,0.0,0.0,0.0
2023-06-29 13:30:00-04:00,35.54999923706055,35.569000244140625,35.54999923706055,35.560001373291016,2021,0.0,0.0,0.0
2023-06-29 14:30:00-04:00,35.56999969482422,35.599998474121094,35.566001892089844,35.5890007019043,2806,0.0,0.0,0.0
2023-06-29 15:30:00-04:00,35.59000015258789,35.599998474121094,35.584999084472656,35.599998474121094,0,0.0,0.0,0.0
2023-06-30 09:30:00-04:00,35.70000076293945,35.70000076293945,35.654998779296875,35.68000030517578,5141,0.0,0.0,0.0
2023-06-30 10:30:00-04:00,35.66999816894531,35.689998626708984,35.648101806640625,35.6510009765625,14554,0.0,0.0,0.0
2023-06-30 11:30:00-04:00,35.689998626708984,35.69499969482422,35.67539978027344,35.69499969482422,1061,0.0,0.0,0.0
2023-06-30 12:30:00-04:00,35.72990036010742,35.72990036010742,35.709999084472656,35.709999084472656,1526,0.0,0.0,0.0
2023-06-30 13:30:00-04:00,35.72999954223633,35.7400016784668,35.72010040283203,35.73899841308594,1447,0.0,0.0,0.0
2023-06-30 14:30:00-04:00,35.73149871826172,35.75,35.72010040283203,35.7400016784668,4317,0.0,0.0,0.0
2023-06-30 15:30:00-04:00,35.72999954223633,35.73400115966797,35.720001220703125,35.720001220703125,331,0.0,0.0,0.0
2023-07-03 09:30:00-04:00,35.75,35.75,35.6525993347168,35.67610168457031,0,0.0,0.0,0.0
2023-07-03 10:30:00-04:00,35.69900131225586,35.70000076293945,35.69160079956055,35.70000076293945,2672,0.0,0.0,0.0
2023-07-03 11:30:00-04:00,35.689701080322266,35.720001220703125,35.689701080322266,35.709999084472656,18940,0.0,0.0,0.0
2023-07-05 09:30:00-04:00,35.11000061035156,35.209999084472656,35.11000061035156,35.15999984741211,8788,0.0,0.0,0.0
2023-07-05 10:30:00-04:00,35.140098571777344,35.15999984741211,35.119998931884766,35.13999938964844,3654,0.0,0.0,0.0
2023-07-05 11:30:00-04:00,35.119998931884766,35.13999938964844,35.119998931884766,35.130001068115234,1219,0.0,0.0,0.0
2023-07-05 12:30:00-04:00,35.119998931884766,35.119998931884766,35.08000183105469,35.0890007019043,3134,0.0,0.0,0.0
2023-07-05 13:30:00-04:00,35.08610153198242,35.11899948120117,35.08610153198242,35.11899948120117,869,0.0,0.0,0.0
2023-07-05 14:30:00-04:00,35.08000183105469,35.13999938964844,35.06999969482422,35.13999938964844,3235,0.0,0.0,0.0
2023-07-05 15:30:00-04:00,35.11899948120117,35.11899948120117,35.11899948120117,35.11899948120117,432,0.0,0.0,0.0
2023-07-06 09:30:00-04:00,35.060001373291016,35.060001373291016,34.86000061035156,34.86000061035156,6348,0.0,0.0,0.0
2023-07-06 10:30:00-04:00,34.849998474121094,34.849998474121094,34.779998779296875,34.790000915527344,23241,0.0,0.0,0.0
2023-07-06 11:30:00-04:00,34.79999923706055,34.8489990234375,34.79999923706055,34.81999969482422,4331,0.0,0.0,0.0
2023-07-06 12:30:00-04:00,34.820098876953125,34.83599853515625,34.820098876953125,34.83000183105469,3971,0.0,0.0,0.0
2023-07-06 13:30:00-04:00,34.88140106201172,34.8849983215332,34.88140106201172,34.8849983215332,554,0.0,0.0,0.0
2023-07-06 14:30:00-04:00,34.8849983215332,34.900001525878906,34.8849983215332,34.900001525878906,982,0.0,0.0,0.0
2023-07-06 15:30:00-04:00,34.88180160522461,34.89889907836914,34.88180160522461,34.89889907836914,0,0.0,0.0,0.0
2023-07-07 09:30:00-04:00,34.87049865722656,35.0099983215332,34.87049865722656,35.0099983215332,3287,0.0,0.0,0.0
2023-07-07 10:30:00-04:00,35.00429916381836,35.06999969482422,34.9900016784668,35.06999969482422,2146,0.0,0.0,0.0
2023-07-07 12:30:00-04:00,35.119998931884766,35.119998931884766,35.067100524902344,35.07500076293945,4479,0.0,0.0,0.0
2023-07-07 13:30:00-04:00,35.064998626708984,35.064998626708984,35.03499984741211,35.049800872802734,7473,0.0,0.0,0.0
2023-07-07 14:30:00-04:00,35.069000244140625,35.069000244140625,35.02000045776367,35.02000045776367,1270,0.0,0.0,0.0
2023-07-07 15:30:00-04:00,34.970001220703125,34.970001220703125,34.970001220703125,34.970001220703125,268,0.0,0.0,0.0
2023-07-10 09:30:00-04:00,34.98099899291992,35.040000915527344,34.98099899291992,35.040000915527344,4425,0.0,0.0,0.0
2023-07-10 10:30:00-04:00,35.040000915527344,35.060001373291016,35.000099182128906,35.059898376464844,4206,0.0,0.0,0.0
2023-07-10 11:30:00-04:00,35.04499816894531,35.04499816894531,35.028099060058594,35.028099060058594,623,0.0,0.0,0.0
2023-07-10 12:30:00-04:00,35.07500076293945,35.089298248291016,35.06999969482422,35.089298248291016,7783,0.0,0.0,0.0
2023-07-10 13:30:00-04:00,35.095699310302734,35.095699310302734,35.095699310302734,35.095699310302734,6932,0.0,0.0,0.0
2023-07-10 14:30:00-04:00,35.119998931884766,35.119998931884766,35.10499954223633,35.118099212646484,1035,0.0,0.0,0.0
2023-07-10 15:30:00-04:00,35.09000015258789,35.09000015258789,35.09000015258789,35.09000015258789,0,0.0,0.0,0.0
2023-07-11 09:30:00-04:00,35.150001525878906,35.15999984741211,35.139198303222656,35.159000396728516,9392,0.0,0.0,0.0
2023-07-11 10:30:00-04:00,35.14469909667969,35.15999984741211,35.14469909667969,35.15999984741211,1805,0.0,0.0,0.0
2023-07-11 11:30:00-04:00,35.15399932861328,35.15999984741211,35.15399932861328,35.15999984741211,1971,0.0,0.0,0.0
2023-07-11 12:30:00-04:00,35.20000076293945,35.20000076293945,35.185001373291016,35.185001373291016,598,0.0,0.0,0.0
2023-07-11 13:30:00-04:00,35.19839859008789,35.20500183105469,35.19839859008789,35.20500183105469,0,0.0,0.0,0.0
2023-07-11 14:30:00-04:00,35.209999084472656,35.21989822387695,35.20000076293945,35.21989822387695,16908,0.0,0.0,0.0
2023-07-11 15:30:00-04:00,35.209999084472656,35.220001220703125,35.20100021362305,35.20100021362305,636,0.0,0.0,0.0
2023-07-12 09:30:00-04:00,35.349998474121094,35.37810134887695,35.310001373291016,35.35499954223633,12444,0.0,0.0,0.0
2023-07-12 10:30:00-04:00,35.369998931884766,35.369998931884766,35.34000015258789,35.35499954223633,2699,0.0,0.0,0.0
2023-07-12 11:30:00-04:00,35.340999603271484,35.36800003051758,35.34000015258789,35.36800003051758,1677,0.0,0.0,0.0
2023-07-12 12:30:00-04:00,35.359901428222656,35.359901428222656,35.359901428222656,35.359901428222656,291,0.0,0.0,0.0
2023-07-12 13:30:00-04:00,35.35100173950195,35.3650016784668,35.349998474121094,35.36000061035156,3473,0.0,0.0,0.0
2023-07-12 14:30:00-04:00,35.36000061035156,35.369998931884766,35.36000061035156,35.369998931884766,1100,0.0,0.0,0.0
2023-07-12 15:30:00-04:00,35.4099006652832,35.4099006652832,35.38999938964844,35.38999938964844,0,0.0,0.0,0.0
2023-07-13 09:30:00-04:00,35.470001220703125,35.470001220703125,35.400001525878906,35.400001525878906,4415,0.0,0.0,0.0
2023-07-13 10:30:00-04:00,35.45000076293945,35.45000076293945,35.400001525878906,35.40010070800781,5933,0.0,0.0,0.0
2023-07-13 11:30:00-04:00,35.41999816894531,35.41999816894531,35.41999816894531,35.41999816894531,327,0.0,0.0,0.0
2023-07-13 12:30:00-04:00,35.40999984741211,35.40999984741211,35.40999984741211,35.40999984741211,449,0.0,0.0,0.0
2023-07-13 13:30:00-04:00,35.439998626708984,35.44070053100586,35.420101165771484,35.420101165771484,2448,0.0,0.0,0.0
2023-07-13 14:30:00-04:00,35.43199920654297,35.43199920654297,35.43199920654297,35.43199920654297,327,0.0,0.0,0.0
2023-07-13 15:30:00-04:00,35.45970153808594,35.45970153808594,35.41999816894531,35.41999816894531,0,0.0,0.0,0.0
2023-07-14 09:30:00-04:00,35.47999954223633,35.47999954223633,35.44499969482422,35.45000076293945,1715,0.0,0.0,0.0
2023-07-14 10:30:00-04:00,35.43009948730469,35.43009948730469,35.43009948730469,35.43009948730469,290,0.0,0.0,0.0
2023-07-14 11:30:00-04:00,35.435001373291016,35.435001373291016,35.43000030517578,35.43000030517578,1921,0.0,0.0,0.0
2023-07-14 12:30:00-04:00,35.41630172729492,35.43989944458008,35.400299072265625,35.400299072265625,1628,0.0,0.0,0.0
2023-07-14 13:30:00-04:00,35.43000030517578,35.43000030517578,35.38999938964844,35.38999938964844,2304,0.0,0.0,0.0
2023-07-14 14:30:00-04:00,35.40999984741211,35.40999984741211,35.40999984741211,35.40999984741211,599,0.0,0.0,0.0
2023-07-14 15:30:00-04:00,35.40330123901367,35.40330123901367,35.40330123901367,35.40330123901367,152,0.0,0.0,0.0
2023-07-17 09:30:00-04:00,35.43000030517578,35.43000030517578,35.38999938964844,35.40909957885742,5704,0.0,0.0,0.0
2023-07-17 10:30:00-04:00,35.43000030517578,35.43000030517578,35.43000030517578,35.43000030517578,1293,0.0,0.0,0.0
2023-07-17 11:30:00-04:00,35.42959976196289,35.439998626708984,35.4010009765625,35.4010009765625,2789,0.0,0.0,0.0
2023-07-17 12:30:00-04:00,35.43130111694336,35.43899917602539,35.400001525878906,35.400001525878906,1279,0.0,0.0,0.0
2023-07-17 13:30:00-04:00,35.439998626708984,35.439998626708984,35.439998626708984,35.439998626708984,319,0.0,0.0,0.0
2023-07-17 14:30:00-04:00,35.44419860839844,35.44419860839844,35.40999984741211,35.40999984741211,3757,0.0,0.0,0.0
2023-07-17 15:30:00-04:00,35.459999084472656,35.459999084472656,35.45500183105469,35.45500183105469,0,0.0,0.0,0.0
2023-07-18 09:30:00-04:00,35.470001220703125,35.47999954223633,35.41019821166992,35.43000030517578,4387,0.0,0.0,0.0
2023-07-18 10:30:00-04:00,35.43000030517578,35.47999954223633,35.43000030517578,35.47999954223633,5060,0.0,0.0,0.0
2023-07-18 11:30:00-04:00,35.47999954223633,35.47999954223633,35.459999084472656,35.47999954223633,752,0.0,0.0,0.0
2023-07-18 12:30:00-04:00,35.479000091552734,35.47999954223633,35.441001892089844,35.47999954223633,7653,0.0,0.0,0.0
2023-07-18 13:30:00-04:00,35.479000091552734,35.47999954223633,35.459999084472656,35.47999954223633,1802,0.0,0.0,0.0
2023-07-18 14:30:00-04:00,35.47999954223633,35.47999954223633,35.46009826660156,35.470001220703125,1227,0.0,0.0,0.0
2023-07-18 15:30:00-04:00,35.46009826660156,35.46009826660156,35.459999084472656,35.459999084472656,0,0.0,0.0,0.0
2023-07-19 09:30:00-04:00,35.52000045776367,35.52000045776367,35.47999954223633,35.50979995727539,1711,0.0,0.0,0.0
2023-07-19 10:30:00-04:00,35.50910186767578,35.5099983215332,35.47999954223633,35.47999954223633,1737,0.0,0.0,0.0
2023-07-19 11:30:00-04:00,35.5,35.5,35.4901008605957,35.4901008605957,1486,0.0,0.0,0.0
2023-07-19 12:30:00-04:00,35.501800537109375,35.5099983215332,35.499000549316406,35.499000549316406,1989,0.0,0.0,0.0
2023-07-19 13:30:00-04:00,35.499900817871094,35.5,35.47999954223633,35.47999954223633,4411,0.0,0.0,0.0
2023-07-19 14:30:00-04:00,35.45009994506836,35.499900817871094,35.45009994506836,35.48979949951172,0,0.0,0.0,0.0
2023-07-20 09:30:00-04:00,35.5,35.5,35.470001220703125,35.47999954223633,3946,0.0,0.0,0.0
2023-07-20 10:30:00-04:00,35.439998626708984,35.47999954223633,35.439998626708984,35.47990036010742,1486,0.0,0.0,0.0
2023-07-20 13:30:00-04:00,35.46189880371094,35.46189880371094,35.46189880371094,35.46189880371094,233,0.0,0.0,0.0
2023-07-20 14:30:00-04:00,35.47999954223633,35.47999954223633,35.459999084472656,35.47480010986328,0,0.0,0.0,0.0
2023-07-21 10:30:00-04:00,35.53900146484375,35.53900146484375,35.492000579833984,35.492000579833984,583,0.0,0.0,0.0
2023-07-21 11:30:00-04:00,35.500099182128906,35.57899856567383,35.5,35.57899856567383,1514,0.0,0.0,0.0
2023-07-21 12:30:00-04:00,35.52000045776367,35.5890007019043,35.52000045776367,35.58100128173828,2117,0.0,0.0,0.0
2023-07-21 13:30:00-04:00,35.5989990234375,35.599998474121094,35.564998626708984,35.564998626708984,4974,0.0,0.0,0.0
2023-07-21 14:30:00-04:00,35.560001373291016,35.56909942626953,35.560001373291016,35.560001373291016,735,0.0,0.0,0.0
2023-07-21 15:30:00-04:00,35.569000244140625,35.56999969482422,35.52000045776367,35.52009963989258,1143,0.0,0.0,0.0
2023-07-24 09:30:00-04:00,35.55039978027344,35.61989974975586,35.55039978027344,35.61989974975586,2972,0.0,0.0,0.0
2023-07-24 10:30:00-04:00,35.61000061035156,35.619998931884766,35.599998474121094,35.599998474121094,5988,0.0,0.0,0.0
2023-07-24 11:30:00-04:00,35.59000015258789,35.596500396728516,35.5890007019043,35.5890007019043,1691,0.0,0.0,0.0
2023-07-24 12:30:00-04:00,35.56999969482422,35.56999969482422,35.56990051269531,35.56990051269531,335,0.0,0.0,0.0
2023-07-24 13:30:00-04:00,35.56809997558594,35.579498291015625,35.56809997558594,35.579498291015625,1284,0.0,0.0,0.0
2023-07-24 14:30:00-04:00,35.528499603271484,35.569000244140625,35.528499603271484,35.551998138427734,2856,0.0,0.0,0.0
2023-07-24 15:30:00-04:00,35.56999969482422,35.56999969482422,35.540000915527344,35.540000915527344,0,0.0,0.0,0.0
2023-07-25 09:30:00-04:00,35.54999923706055,35.54999923706055,35.45000076293945,35.45000076293945,2898,0.0,0.0,0.0
2023-07-25 10:30:00-04:00,35.47999954223633,35.47999954223633,35.459999084472656,35.459999084472656,786,0.0,0.0,0.0
2023-07-25 11:30:00-04:00,35.52000045776367,35.52000045776367,35.51139831542969,35.52000045776367,1284,0.0,0.0,0.0
2023-07-25 12:30:00-04:00,35.529998779296875,35.529998779296875,35.51570129394531,35.52899932861328,1328,0.0,0.0,0.0
2023-07-25 13:30:00-04:00,35.5099983215332,35.5099983215332,35.5099983215332,35.5099983215332,339,0.0,0.0,0.0
2023-07-25 14:30:00-04:00,35.52899932861328,35.52899932861328,35.5099983215332,35.5099983215332,1719,0.0,0.0,0.0
2023-07-25 15:30:00-04:00,35.499000549316406,35.499000549316406,35.470298767089844,35.48899841308594,881,0.0,0.0,0.0
2023-07-26 09:30:00-04:00,35.529998779296875,35.529998779296875,35.4989013671875,35.4989013671875,2027,0.0,0.0,0.0
2023-07-26 10:30:00-04:00,35.52000045776367,35.529998779296875,35.52000045776367,35.52000045776367,1256,0.0,0.0,0.0
2023-07-26 12:30:00-04:00,35.52000045776367,35.529998779296875,35.52000045776367,35.529998779296875,767,0.0,0.0,0.0
2023-07-26 13:30:00-04:00,35.54899978637695,35.54899978637695,35.529998779296875,35.529998779296875,492,0.0,0.0,0.0
2023-07-26 14:30:00-04:00,35.545799255371094,35.630001068115234,35.545799255371094,35.630001068115234,5625,0.0,0.0,0.0
2023-07-26 15:30:00-04:00,35.638999938964844,35.63999938964844,35.61800003051758,35.61800003051758,0,0.0,0.0,0.0
2023-07-27 09:30:00-04:00,35.630001068115234,35.709999084472656,35.630001068115234,35.65999984741211,2899,0.0,0.0,0.0
2023-07-27 10:30:00-04:00,35.6349983215332,35.6349983215332,35.60900115966797,35.619998931884766,1321,0.0,0.0,0.0
2023-07-27 11:30:00-04:00,35.609500885009766,35.609500885009766,35.58000183105469,35.58000183105469,858,0.0,0.0,0.0
2023-07-27 12:30:00-04:00,35.558998107910156,35.558998107910156,35.558998107910156,35.558998107910156,652,0.0,0.0,0.0
2023-07-27 13:30:00-04:00,35.49689865112305,35.49689865112305,35.400001525878906,35.400001525878906,1409,0.0,0.0,0.0
2023-07-27 14:30:00-04:00,35.380001068115234,35.380001068115234,35.349998474121094,35.349998474121094,608,0.0,0.0,0.0
2023-07-27 15:30:00-04:00,35.361000061035156,35.38999938964844,35.361000061035156,35.377201080322266,911,0.0,0.0,0.0
2023-07-28 09:30:00-04:00,35.56999969482422,35.57899856567383,35.494998931884766,35.552101135253906,0,0.0,0.0,0.0
2023-07-28 10:30:00-04:00,35.558998107910156,35.55970001220703,35.52000045776367,35.52000045776367,2348,0.0,0.0,0.0
2023-07-28 11:30:00-04:00,35.57899856567383,35.579898834228516,35.53010177612305,35.54499816894531,5120,0.0,0.0,0.0
2023-07-28 12:30:00-04:00,35.53710174560547,35.54999923706055,35.525001525878906,35.525001525878906,1178,0.0,0.0,0.0
2023-07-28 13:30:00-04:00,35.560001373291016,35.560001373291016,35.560001373291016,35.560001373291016,7601,0.0,0.0,0.0
2023-07-28 14:30:00-04:00,35.56930160522461,35.575801849365234,35.56930160522461,35.575801849365234,1629,0.0,0.0,0.0
2023-07-31 09:30:00-04:00,35.58000183105469,35.650001525878906,35.58000183105469,35.650001525878906,6720,0.0,0.0,0.0
2023-07-31 10:30:00-04:00,35.63090133666992,35.65999984741211,35.63090133666992,35.65999984741211,2164,0.0,0.0,0.0
2023-07-31 11:30:00-04:00,35.66899871826172,35.68000030517578,35.65999984741211,35.67900085449219,5503,0.0,0.0,0.0
2023-07-31 12:30:00-04:00,35.67900085449219,35.68899917602539,35.63999938964844,35.68899917602539,4248,0.0,0.0,0.0
2023-07-31 13:30:00-04:00,35.68000030517578,35.689998626708984,35.65999984741211,35.65999984741211,2158,0.0,0.0,0.0
2023-07-31 14:30:00-04:00,35.689998626708984,35.689998626708984,35.66899871826172,35.66899871826172,668,0.0,0.0,0.0
2023-07-31 15:30:00-04:00,35.66999816894531,35.689998626708984,35.66899871826172,35.68899917602539,0,0.0,0.0,0.0
2023-08-01 09:30:00-04:00,35.599998474121094,35.599998474121094,35.5,35.529998779296875,19660,0.0,0.0,0.0
2023-08-01 10:30:00-04:00,35.528900146484375,35.54999923706055,35.528900146484375,35.529998779296875,7604,0.0,0.0,0.0
2023-08-01 11:30:00-04:00,35.51499938964844,35.51499938964844,35.46009826660156,35.46009826660156,6664,0.0,0.0,0.0
2023-08-01 12:30:00-04:00,35.5099983215332,35.529998779296875,35.47999954223633,35.51300048828125,6830,0.0,0.0,0.0
2023-08-01 13:30:00-04:00,35.494598388671875,35.52000045776367,35.494598388671875,35.5099983215332,1184,0.0,0.0,0.0
2023-08-01 14:30:00-04:00,35.540000915527344,35.540000915527344,35.5,35.5,7137,0.0,0.0,0.0
2023-08-01 15:30:00-04:00,35.5,35.50899887084961,35.47999954223633,35.50899887084961,2564,0.0,0.0,0.0
2023-08-02 09:30:00-04:00,35.189998626708984,35.189998626708984,35.02000045776367,35.06999969482422,23788,0.0,0.0,0.0
2023-08-02 10:30:00-04:00,35.03099822998047,35.05849838256836,35.0,35.03630065917969,4636,0.0,0.0,0.0
2023-08-02 11:30:00-04:00,35.04119873046875,35.08000183105469,35.040000915527344,35.079898834228516,3317,0.0,0.0,0.0
2023-08-02 12:30:00-04:00,35.09989929199219,35.09989929199219,35.09000015258789,35.0989990234375,1149,0.0,0.0,0.0
2023-08-02 13:30:00-04:00,35.099998474121094,35.108001708984375,35.09040069580078,35.108001708984375,2264,0.0,0.0,0.0
2023-08-02 14:30:00-04:00,35.11429977416992,35.13999938964844,35.08000183105469,35.082000732421875,11741,0.0,0.0,0.0
2023-08-02 15:30:00-04:00,35.130001068115234,35.15999984741211,35.130001068115234,35.15999984741211,0,0.0,0.0,0.0
2023-08-03 09:30:00-04:00,35.06999969482422,35.09000015258789,34.91999816894531,34.93000030517578,43183,0.0,0.0,0.0
2023-08-03 10:30:00-04:00,34.939998626708984,34.9900016784668,34.939998626708984,34.9900016784668,14391,0.0,0.0,0.0
2023-08-03 11:30:00-04:00,34.9900016784668,35.02000045776367,34.9900016784668,35.00149917602539,3261,0.0,0.0,0.0
2023-08-03 12:30:00-04:00,35.02000045776367,35.040000915527344,34.9900016784668,34.992401123046875,12122,0.0,0.0,0.0
2023-08-03 13:30:00-04:00,35.009700775146484,35.0099983215332,35.005001068115234,35.005001068115234,667,0.0,0.0,0.0
2023-08-03 14:30:00-04:00,35.019798278808594,35.02000045776367,34.97999954223633,34.97999954223633,9870,0.0,0.0,0.0
2023-08-03 15:30:00-04:00,34.98099899291992,34.98099899291992,34.97999954223633,34.980098724365234,1067,0.0,0.0,0.0
2023-08-04 09:30:00-04:00,35.18000030517578,35.25,35.150001525878906,35.16749954223633,65591,0.0,0.0,0.0
2023-08-04 10:30:00-04:00,35.255001068115234,35.26890182495117,35.25,35.26890182495117,1351,0.0,0.0,0.0
2023-08-04 11:30:00-04:00,35.310001373291016,35.310001373291016,35.27000045776367,35.29100036621094,851,0.0,0.0,0.0
2023-08-04 12:30:00-04:00,35.290000915527344,35.30780029296875,35.290000915527344,35.29100036621094,2413,0.0,0.0,0.0
2023-08-04 13:30:00-04:00,35.29499816894531,35.29750061035156,35.29499816894531,35.29750061035156,321,0.0,0.0,0.0
2023-08-04 14:30:00-04:00,35.244998931884766,35.244998931884766,35.220001220703125,35.220001220703125,1413,0.0,0.0,0.0
2023-08-04 15:30:00-04:00,35.20000076293945,35.20000076293945,35.189998626708984,35.189998626708984,299,0.0,0.0,0.0
2023-08-07 09:30:00-04:00,35.189998626708984,35.255001068115234,35.189998626708984,35.220001220703125,19189,0.0,0.0,0.0
2023-08-07 10:30:00-04:00,35.22999954223633,35.257999420166016,35.190101623535156,35.190101623535156,3682,0.0,0.0,0.0
2023-08-07 11:30:00-04:00,35.20000076293945,35.224998474121094,35.20000076293945,35.224998474121094,501,0.0,0.0,0.0
2023-08-07 12:30:00-04:00,35.20000076293945,35.20000076293945,35.20000076293945,35.20000076293945,288,0.0,0.0,0.0
2023-08-07 13:30:00-04:00,35.21500015258789,35.265201568603516,35.189998626708984,35.265201568603516,5344,0.0,0.0,0.0
2023-08-08 09:30:00-04:00,35.209999084472656,35.2484016418457,35.18000030517578,35.209999084472656,11054,0.0,0.0,0.0
2023-08-08 10:30:00-04:00,35.209999084472656,35.2400016784668,35.190101623535156,35.209999084472656,2465,0.0,0.0,0.0
2023-08-08 11:30:00-04:00,35.25,35.25,35.25,35.25,245,0.0,0.0,0.0
2023-08-08 12:30:00-04:00,35.279998779296875,35.279998779296875,35.25,35.262001037597656,2669,0.0,0.0,0.0
2023-08-08 14:30:00-04:00,35.31999969482422,35.349998474121094,35.29999923706055,35.31159973144531,4171,0.0,0.0,0.0
2023-08-08 15:30:00-04:00,35.32529830932617,35.32529830932617,35.3119010925293,35.3119010925293,101,0.0,0.0,0.0
2023-08-09 09:30:00-04:00,35.279998779296875,35.319000244140625,35.27000045776367,35.3130989074707,0,0.0,0.0,0.0
2023-08-09 10:30:00-04:00,35.31999969482422,35.369998931884766,35.29999923706055,35.29999923706055,13808,0.0,0.0,0.0
2023-08-09 11:30:00-04:00,35.29999923706055,35.30099868774414,35.29999923706055,35.30099868774414,426,0.0,0.0,0.0
2023-08-09 12:30:00-04:00,35.310001373291016,35.34000015258789,35.310001373291016,35.34000015258789,752,0.0,0.0,0.0
2023-08-09 13:30:00-04:00,35.34000015258789,35.34000015258789,35.33000183105469,35.34000015258789,1542,0.0,0.0,0.0
2023-08-09 14:30:00-04:00,35.369998931884766,35.369998931884766,35.349998474121094,35.349998474121094,900,0.0,0.0,0.0
2023-08-09 15:30:00-04:00,35.36000061035156,35.36000061035156,35.310001373291016,35.310001373291016,0,0.0,0.0,0.0
2023-08-10 09:30:00-04:00,35.369998931884766,35.5,35.369998931884766,35.459999084472656,5582,0.0,0.0,0.0
2023-08-10 10:30:00-04:00,35.43000030517578,35.43000030517578,35.43000030517578,35.43000030517578,343,0.0,0.0,0.0
2023-08-10 11:30:00-04:00,35.399898529052734,35.41899871826172,35.399898529052734,35.41899871826172,621,0.0,0.0,0.0
2023-08-10 12:30:00-04:00,35.370201110839844,35.370201110839844,35.370201110839844,35.370201110839844,224,0.0,0.0,0.0
2023-08-10 13:30:00-04:00,35.31999969482422,35.31999969482422,35.297000885009766,35.29999923706055,24026,0.0,0.0,0.0
2023-08-10 14:30:00-04:00,35.31999969482422,35.345001220703125,35.31999969482422,35.34000015258789,2867,0.0,0.0,0.0
2023-08-10 15:30:00-04:00,35.3390007019043,35.354698181152344,35.3390007019043,35.354698181152344,0,0.0,0.0,0.0
2023-08-11 09:30:00-04:00,35.290000915527344,35.310001373291016,35.16999816894531,35.310001373291016,15449,0.0,0.0,0.0
2023-08-11 10:30:00-04:00,35.310001373291016,35.310001373291016,35.255001068115234,35.255001068115234,1364,0.0,0.0,0.0
2023-08-11 11:30:00-04:00,35.27000045776367,35.27000045776367,35.27000045776367,35.27000045776367,363,0.0,0.0,0.0
2023-08-11 12:30:00-04:00,35.2599983215332,35.27899932861328,35.2599983215332,35.27899932861328,737,0.0,0.0,0.0
2023-08-11 13:30:00-04:00,35.26499938964844,35.270999908447266,35.26499938964844,35.27000045776367,1748,0.0,0.0,0.0
2023-08-11 14:30:00-04:00,35.25,35.25,35.25,35.25,158,0.0,0.0,0.0
2023-08-11 15:30:00-04:00,35.290000915527344,35.29999923706055,35.279998779296875,35.29999923706055,2965,0.0,0.0,0.0
2023-08-14 09:30:00-04:00,35.2599983215332,35.2599983215332,35.20009994506836,35.220001220703125,4622,0.0,0.0,0.0
2023-08-14 10:30:00-04:00,35.244998931884766,35.27000045776367,35.244998931884766,35.25,839,0.0,0.0,0.0
2023-08-14 11:30:00-04:00,35.27899932861328,35.30500030517578,35.275001525878906,35.30500030517578,1822,0.0,0.0,0.0
2023-08-14 12:30:00-04:00,35.30500030517578,35.35530090332031,35.30500030517578,35.35530090332031,973,0.0,0.0,0.0
2023-08-14 13:30:00-04:00,35.36000061035156,35.36000061035156,35.33000183105469,35.33000183105469,545,0.0,0.0,0.0
2023-08-14 14:30:00-04:00,35.34429931640625,35.34429931640625,35.3390007019043,35.3390007019043,1548,0.0,0.0,0.0
2023-08-14 15:30:00-04:00,35.310001373291016,35.310001373291016,35.27000045776367,35.279998779296875,11362,0.0,0.0,0.0
2023-08-15 09:30:00-04:00,35.15999984741211,35.2400016784668,35.15999984741211,35.2400016784668,0,0.0,0.0,0.0
2023-08-15 10:30:00-04:00,35.189998626708984,35.25130081176758,35.189998626708984,35.25130081176758,2754,0.0,0.0,0.0
2023-08-15 11:30:00-04:00,35.2599983215332,35.279998779296875,35.2599983215332,35.2599983215332,1267,0.0,0.0,0.0
2023-08-15 12:30:00-04:00,35.21500015258789,35.23350143432617,35.21500015258789,35.23350143432617,3064,0.0,0.0,0.0
2023-08-15 13:30:00-04:00,35.23400115966797,35.23400115966797,35.220001220703125,35.220001220703125,1645,0.0,0.0,0.0
2023-08-15 14:30:00-04:00,35.25,35.25,35.216400146484375,35.216400146484375,1430,0.0,0.0,0.0
2023-08-15 15:30:00-04:00,35.209999084472656,35.209999084472656,35.20989990234375,35.20989990234375,0,0.0,0.0,0.0
2023-08-16 09:30:00-04:00,35.20000076293945,35.2599983215332,35.20000076293945,35.25,4130,0.0,0.0,0.0
2023-08-16 11:30:00-04:00,35.20000076293945,35.20000076293945,35.18009948730469,35.18009948730469,790,0.0,0.0,0.0
2023-08-16 12:30:00-04:00,35.18989944458008,35.18989944458008,35.18989944458008,35.18989944458008,586,0.0,0.0,0.0
2023-08-16 13:30:00-04:00,35.161598205566406,35.209999084472656,35.15999984741211,35.20989990234375,2064,0.0,0.0,0.0
2023-08-16 14:30:00-04:00,35.16999816894531,35.16999816894531,35.150001525878906,35.150001525878906,857,0.0,0.0,0.0
2023-08-16 15:30:00-04:00,35.119998931884766,35.119998931884766,35.10129928588867,35.10129928588867,502,0.0,0.0,0.0
2023-08-17 09:30:00-04:00,35.060001373291016,35.08000183105469,35.0099983215332,35.0099983215332,0,0.0,0.0,0.0
2023-08-17 10:30:00-04:00,35.0,35.0,34.9900016784668,35.0,1272,0.0,0.0,0.0
2023-08-17 11:30:00-04:00,34.99959945678711,35.0,34.97999954223633,35.0,973,0.0,0.0,0.0
2023-08-17 12:30:00-04:00,34.999000549316406,34.999000549316406,34.95000076293945,34.96799850463867,1918,0.0,0.0,0.0
2023-08-17 13:30:00-04:00,34.95000076293945,34.95000076293945,34.900001525878906,34.91699981689453,7999,0.0,0.0,0.0
2023-08-17 14:30:00-04:00,34.90999984741211,34.90999984741211,34.84000015258789,34.84000015258789,4573,0.0,0.0,0.0
2023-08-17 15:30:00-04:00,34.919898986816406,34.959999084472656,34.90999984741211,34.959999084472656,0,0.0,0.0,0.0
2023-08-18 09:30:00-04:00,34.91999816894531,34.939998626708984,34.900001525878906,34.939998626708984,1618,0.0,0.0,0.0
2023-08-18 10:30:00-04:00,34.974998474121094,34.974998474121094,34.974998474121094,34.974998474121094,653,0.0,0.0,0.0
2023-08-18 11:30:00-04:00,34.970001220703125,34.970001220703125,34.970001220703125,34.970001220703125,1880,0.0,0.0,0.0
2023-08-18 12:30:00-04:00,34.97840118408203,34.97840118408203,34.97800064086914,34.97800064086914,486,0.0,0.0,0.0
2023-08-18 13:30:00-04:00,34.970001220703125,34.970001220703125,34.95899963378906,34.95899963378906,985,0.0,0.0,0.0
2023-08-18 14:30:00-04:00,34.95000076293945,34.959999084472656,34.95000076293945,34.959999084472656,1448,0.0,0.0,0.0
2023-08-18 15:30:00-04:00,34.97050094604492,34.970699310302734,34.97050094604492,34.970699310302734,351,0.0,0.0,0.0
2023-08-21 09:30:00-04:00,34.970001220703125,34.970001220703125,34.8849983215332,34.8849983215332,3841,0.0,0.0,0.0
2023-08-21 10:30:00-04:00,34.900001525878906,34.904998779296875,34.880001068115234,34.880001068115234,678,0.0,0.0,0.0
2023-08-21 11:30:00-04:00,34.899898529052734,34.899898529052734,34.88999938964844,34.88999938964844,604,0.0,0.0,0.0
2023-08-21 12:30:00-04:00,34.91999816894531,34.939998626708984,34.91999816894531,34.91999816894531,799,0.0,0.0,0.0
2023-08-21 13:30:00-04:00,34.92380142211914,34.93899917602539,34.92380142211914,34.93899917602539,630,0.0,0.0,0.0
2023-08-21 14:30:00-04:00,34.970001220703125,34.97999954223633,34.970001220703125,34.97999954223633,3513,0.0,0.0,0.0
2023-08-21 15:30:00-04:00,34.96900177001953,34.97990036010742,34.939998626708984,34.939998626708984,988,0.0,0.0,0.0
2023-08-22 09:30:00-04:00,35.0,35.0,34.96009826660156,34.97999954223633,2705,0.0,0.0,0.0
2023-08-22 10:30:00-04:00,34.970001220703125,34.970001220703125,34.959999084472656,34.970001220703125,1883,0.0,0.0,0.0
2023-08-22 11:30:00-04:00,34.970001220703125,34.970001220703125,34.939998626708984,34.939998626708984,1196,0.0,0.0,0.0
2023-08-22 12:30:00-04:00,34.95500183105469,34.96500015258789,34.95500183105469,34.96500015258789,814,0.0,0.0,0.0
2023-08-22 13:30:00-04:00,34.970001220703125,34.970001220703125,34.970001220703125,34.970001220703125,960,0.0,0.0,0.0
2023-08-22 14:30:00-04:00,34.970001220703125,34.97100067138672,34.970001220703125,34.97100067138672,678,0.0,0.0,0.0
2023-08-22 15:30:00-04:00,34.970001220703125,34.970001220703125,34.970001220703125,34.970001220703125,0,0.0,0.0,0.0
2023-08-23 09:30:00-04:00,35.04999923706055,35.060001373291016,35.040000915527344,35.059898376464844,6038,0.0,0.0,0.0
2023-08-23 10:30:00-04:00,35.060001373291016,35.06999969482422,35.060001373291016,35.06050109863281,725,0.0,0.0,0.0
2023-08-23 11:30:00-04:00,35.06999969482422,35.074100494384766,35.06990051269531,35.074100494384766,540,0.0,0.0,0.0
2023-08-23 12:30:00-04:00,35.060001373291016,35.08000183105469,35.040000915527344,35.08000183105469,6161,0.0,0.0,0.0
2023-08-23 13:30:00-04:00,35.08000183105469,35.099998474121094,35.04999923706055,35.04999923706055,1862,0.0,0.0,0.0
2023-08-23 14:30:00-04:00,35.060001373291016,35.09000015258789,35.060001373291016,35.089698791503906,1375,0.0,0.0,0.0
2023-08-23 15:30:00-04:00,35.08000183105469,35.09000015258789,35.06999969482422,35.09000015258789,1178,0.0,0.0,0.0
2023-08-24 09:30:00-04:00,35.08000183105469,35.08000183105469,35.04999923706055,35.04999923706055,0,0.0,0.0,0.0
2023-08-24 10:30:00-04:00,35.02009963989258,35.02669906616211,35.02009963989258,35.02009963989258,1154,0.0,0.0,0.0
2023-08-24 11:30:00-04:00,35.029998779296875,35.04999923706055,35.010101318359375,35.04999923706055,1053,0.0,0.0,0.0
2023-08-24 12:30:00-04:00,35.03499984741211,35.059898376464844,35.03499984741211,35.040000915527344,1652,0.0,0.0,0.0
2023-08-24 13:30:00-04:00,35.03799819946289,35.040000915527344,35.03799819946289,35.040000915527344,0,0.0,0.0,0.0
2023-08-24 14:30:00-04:00,35.02000045776367,35.02000045776367,35.019500732421875,35.019500732421875,12080,0.0,0.0,0.0
2023-08-24 15:30:00-04:00,35.0,35.0,34.9900016784668,34.9900016784668,671,0.0,0.0,0.0
2023-08-25 09:30:00-04:00,35.02000045776367,35.0890007019043,35.02000045776367,35.04999923706055,0,0.0,0.0,0.0
2023-08-25 10:30:00-04:00,35.0099983215332,35.040000915527344,35.0,35.040000915527344,1720,0.0,0.0,0.0
2023-08-25 11:30:00-04:00,35.04999923706055,35.06010055541992,35.04999923706055,35.06010055541992,791,0.0,0.0,0.0
2023-08-25 12:30:00-04:00,35.06999969482422,35.07899856567383,35.069000244140625,35.070098876953125,4144,0.0,0.0,0.0
2023-08-25 13:30:00-04:00,35.06999969482422,35.08000183105469,35.060001373291016,35.08000183105469,1094,0.0,0.0,0.0
2023-08-25 14:30:00-04:00,35.09000015258789,35.09000015258789,35.09000015258789,35.09000015258789,1310,0.0,0.0,0.0
2023-08-25 15:30:00-04:00,35.08000183105469,35.08000183105469,35.08000183105469,35.08000183105469,153,0.0,0.0,0.0
2023-08-28 09:30:00-04:00,35.130001068115234,35.130001068115234,35.130001068115234,35.130001068115234,0,0.0,0.0,0.0
2023-08-28 10:30:00-04:00,35.11800003051758,35.130001068115234,35.1150016784668,35.119998931884766,1558,0.0,0.0,0.0
2023-08-28 11:30:00-04:00,35.130001068115234,35.130001068115234,35.130001068115234,35.130001068115234,307,0.0,0.0,0.0
2023-08-28 12:30:00-04:00,35.130001068115234,35.13999938964844,35.130001068115234,35.13999938964844,1237,0.0,0.0,0.0
2023-08-28 13:30:00-04:00,35.13990020751953,35.13990020751953,35.12009811401367,35.12009811401367,971,0.0,0.0,0.0
2023-08-28 14:30:00-04:00,35.119998931884766,35.13999938964844,35.119998931884766,35.13999938964844,228,0.0,0.0,0.0
2023-08-28 15:30:00-04:00,35.1338005065918,35.150001525878906,35.1338005065918,35.150001525878906,1134,0.0,0.0,0.0
2023-08-29 09:30:00-04:00,35.16999816894531,35.18000030517578,35.16999816894531,35.18000030517578,0,0.0,0.0,0.0
2023-08-29 10:30:00-04:00,35.15999984741211,35.169898986816406,35.15119934082031,35.15999984741211,1565,0.0,0.0,0.0
2023-08-29 11:30:00-04:00,35.179901123046875,35.179901123046875,35.1797981262207,35.1797981262207,541,0.0,0.0,0.0
2023-08-29 13:30:00-04:00,35.190101623535156,35.190101623535156,35.18000030517578,35.190101623535156,1653,0.0,0.0,0.0
2023-08-29 14:30:00-04:00,35.20000076293945,35.20500183105469,35.20000076293945,35.20500183105469,493,0.0,0.0,0.0
2023-08-30 09:30:00-04:00,35.22999954223633,35.22999954223633,35.20000076293945,35.20000076293945,3800,0.0,0.0,0.0
2023-08-30 10:30:00-04:00,35.189998626708984,35.209999084472656,35.189998626708984,35.20000076293945,2998,0.0,0.0,0.0
2023-08-30 11:30:00-04:00,35.21989822387695,35.220001220703125,35.205101013183594,35.210601806640625,12502,0.0,0.0,0.0
2023-08-30 12:30:00-04:00,35.21110153198242,35.220001220703125,35.21110153198242,35.220001220703125,598,0.0,0.0,0.0
2023-08-30 13:30:00-04:00,35.220001220703125,35.220001220703125,35.209999084472656,35.209999084472656,1956,0.0,0.0,0.0
2023-08-30 14:30:00-04:00,35.209999084472656,35.220001220703125,35.20970153808594,35.21009826660156,8811,0.0,0.0,0.0
2023-08-30 15:30:00-04:00,35.220001220703125,35.220001220703125,35.208099365234375,35.208099365234375,0,0.0,0.0,0.0
2023-08-31 09:30:00-04:00,35.2400016784668,35.2400016784668,35.21969985961914,35.21969985961914,1531,0.0,0.0,0.0
2023-08-31 10:30:00-04:00,35.209999084472656,35.220001220703125,35.20000076293945,35.220001220703125,1593,0.0,0.0,0.0
2023-08-31 11:30:00-04:00,35.21009826660156,35.21009826660156,35.209999084472656,35.209999084472656,745,0.0,0.0,0.0
2023-08-31 12:30:00-04:00,35.20000076293945,35.20920181274414,35.20000076293945,35.20920181274414,842,0.0,0.0,0.0
2023-08-31 13:30:00-04:00,35.20610046386719,35.20610046386719,35.20610046386719,35.20610046386719,218,0.0,0.0,0.0
2023-08-31 14:30:00-04:00,35.20000076293945,35.209999084472656,35.20000076293945,35.209999084472656,927,0.0,0.0,0.0
2023-08-31 15:30:00-04:00,35.20989990234375,35.21500015258789,35.20719909667969,35.20719909667969,622,0.0,0.0,0.0
2023-09-01 09:30:00-04:00,35.2599983215332,35.2599983215332,35.209999084472656,35.22999954223633,0,0.0,0.0,0.0
2023-09-01 10:30:00-04:00,35.21900177001953,35.21989822387695,35.21500015258789,35.21989822387695,3162,0.0,0.0,0.0
2023-09-01 11:30:00-04:00,35.220001220703125,35.22999954223633,35.209999084472656,35.224998474121094,17854,0.0,0.0,0.0
2023-09-01 13:30:00-04:00,35.220001220703125,35.2400016784668,35.220001220703125,35.22999954223633,6845,0.0,0.0,0.0
2023-09-01 15:30:00-04:00,35.220001220703125,35.220001220703125,35.209999084472656,35.209999084472656,1091,0.0,0.0,0.0
2023-09-05 09:30:00-04:00,34.880001068115234,34.880001068115234,34.810001373291016,34.81999969482422,6428,0.0,0.0,0.0
2023-09-05 10:30:00-04:00,34.83000183105469,34.84000015258789,34.8202018737793,34.83919906616211,1134,0.0,0.0,0.0
2023-09-05 11:30:00-04:00,34.84000015258789,34.84000015258789,34.820098876953125,34.84000015258789,1789,0.0,0.0,0.0
2023-09-05 12:30:00-04:00,34.84000015258789,34.84000015258789,34.83000183105469,34.83000183105469,762,0.0,0.0,0.0
2023-09-05 13:30:00-04:00,34.820098876953125,34.83000183105469,34.820098876953125,34.83000183105469,2817,0.0,0.0,0.0
2023-09-05 14:30:00-04:00,34.81999969482422,34.83000183105469,34.81999969482422,34.81999969482422,1002,0.0,0.0,0.0
2023-09-05 15:30:00-04:00,34.81999969482422,34.81999969482422,34.81999969482422,34.81999969482422,0,0.0,0.0,0.0
2023-09-06 09:30:00-04:00,34.77000045776367,34.81999969482422,34.77000045776367,34.79100036621094,2026,0.0,0.0,0.0
2023-09-06 10:30:00-04:00,34.79999923706055,34.79999923706055,34.7869987487793,34.790000915527344,2294,0.0,0.0,0.0
2023-09-06 11:30:00-04:00,34.779998779296875,34.79999923706055,34.779998779296875,34.79990005493164,521,0.0,0.0,0.0
2023-09-06 12:30:00-04:00,34.789798736572266,34.789798736572266,34.779998779296875,34.789798736572266,1335,0.0,0.0,0.0
2023-09-06 13:30:00-04:00,34.79999923706055,34.79999923706055,34.790000915527344,34.790000915527344,971,0.0,0.0,0.0
2023-09-06 14:30:00-04:00,34.810001373291016,34.810001373291016,34.79999923706055,34.810001373291016,6281,0.0,0.0,0.0
2023-09-06 15:30:00-04:00,34.810001373291016,34.81999969482422,34.810001373291016,34.81999969482422,0,0.0,0.0,0.0
2023-09-07 09:30:00-04:00,34.83000183105469,34.83000183105469,34.79999923706055,34.81010055541992,6485,0.0,0.0,0.0
2023-09-07 10:30:00-04:00,34.83000183105469,34.83000183105469,34.81999969482422,34.81999969482422,875,0.0,0.0,0.0
2023-09-07 11:30:00-04:00,34.83000183105469,34.849998474121094,34.83000183105469,34.849998474121094,473,0.0,0.0,0.0
2023-09-07 12:30:00-04:00,34.847999572753906,34.847999572753906,34.830501556396484,34.830501556396484,921,0.0,0.0,0.0
2023-09-07 13:30:00-04:00,34.84000015258789,34.84000015258789,34.84000015258789,34.84000015258789,404,0.0,0.0,0.0
2023-09-07 14:30:00-04:00,34.84000015258789,34.845001220703125,34.83169937133789,34.83169937133789,6104,0.0,0.0,0.0
2023-09-07 15:30:00-04:00,34.849998474121094,34.86000061035156,34.849998474121094,34.86000061035156,0,0.0,0.0,0.0
2023-09-08 09:30:00-04:00,34.81999969482422,34.869998931884766,34.81060028076172,34.845001220703125,8782,0.0,0.0,0.0
2023-09-08 10:30:00-04:00,34.86000061035156,34.86000061035156,34.81999969482422,34.81999969482422,1051,0.0,0.0,0.0
2023-09-08 11:30:00-04:00,34.81999969482422,34.86000061035156,34.81999969482422,34.86000061035156,1108,0.0,0.0,0.0
2023-09-08 12:30:00-04:00,34.83000183105469,34.86000061035156,34.83000183105469,34.86000061035156,597,0.0,0.0,0.0
2023-09-08 13:30:00-04:00,34.85499954223633,34.86000061035156,34.8489990234375,34.8489990234375,2485,0.0,0.0,0.0
2023-09-08 14:30:00-04:00,34.85419845581055,34.86000061035156,34.85419845581055,34.86000061035156,2026,0.0,0.0,0.0
2023-09-08 15:30:00-04:00,34.86000061035156,34.869998931884766,34.86000061035156,34.869998931884766,2191,0.0,0.0,0.0
2023-09-11 09:30:00-04:00,34.88999938964844,34.88999938964844,34.84000015258789,34.869998931884766,0,0.0,0.0,0.0
2023-09-11 10:30:00-04:00,34.880001068115234,34.880001068115234,34.849998474121094,34.849998474121094,3380,0.0,0.0,0.0
2023-09-11 11:30:00-04:00,34.86109924316406,34.869998931884766,34.86109924316406,34.869998931884766,833,0.0,0.0,0.0
2023-09-11 12:30:00-04:00,34.87990188598633,34.880001068115234,34.869998931884766,34.869998931884766,958,0.0,0.0,0.0
2023-09-11 13:30:00-04:00,34.869998931884766,34.869998931884766,34.869998931884766,34.869998931884766,295,0.0,0.0,0.0
2023-09-11 14:30:00-04:00,34.880001068115234,34.880001068115234,34.880001068115234,34.880001068115234,126,0.0,0.0,0.0
2023-09-11 15:30:00-04:00,34.87099838256836,34.880001068115234,34.869998931884766,34.880001068115234,0,0.0,0.0,0.0
2023-09-12 09:30:00-04:00,34.88999938964844,34.88999938964844,34.86009979248047,34.8650016784668,1403,0.0,0.0,0.0
2023-09-12 10:30:00-04:00,34.880001068115234,34.880001068115234,34.880001068115234,34.880001068115234,208,0.0,0.0,0.0
2023-09-12 11:30:00-04:00,34.86800003051758,34.869998931884766,34.86000061035156,34.86000061035156,883,0.0,0.0,0.0
2023-09-12 12:30:00-04:00,34.869998931884766,34.880001068115234,34.86989974975586,34.880001068115234,3114,0.0,0.0,0.0
2023-09-12 14:30:00-04:00,34.869998931884766,34.869998931884766,34.86000061035156,34.86000061035156,1371,0.0,0.0,0.0
2023-09-12 15:30:00-04:00,34.862300872802734,34.87009811401367,34.862300872802734,34.87009811401367,1608,0.0,0.0,0.0
2023-09-13 09:30:00-04:00,34.900001525878906,34.900001525878906,34.869998931884766,34.88999938964844,0,0.0,0.0,0.0
2023-09-13 10:30:00-04:00,34.900001525878906,34.900001525878906,34.88999938964844,34.900001525878906,1691,0.0,0.0,0.0
2023-09-13 11:30:00-04:00,34.88999938964844,34.88999938964844,34.88999938964844,34.88999938964844,581,0.0,0.0,0.0
2023-09-13 12:30:00-04:00,34.939998626708984,34.939998626708984,34.88999938964844,34.88999938964844,241,0.0,0.0,0.0
2023-09-13 13:30:00-04:00,34.89500045776367,34.900001525878906,34.890098571777344,34.899898529052734,1291,0.0,0.0,0.0
2023-09-13 14:30:00-04:00,34.88999938964844,34.88999938964844,34.8849983215332,34.888999938964844,2241,0.0,0.0,0.0
2023-09-13 15:30:00-04:00,34.88999938964844,34.90999984741211,34.881099700927734,34.900001525878906,1390,0.0,0.0,0.0
2023-09-14 09:30:00-04:00,34.900001525878906,34.90999984741211,34.88999938964844,34.901100158691406,0,0.0,0.0,0.0
2023-09-14 10:30:00-04:00,34.90999984741211,34.90999984741211,34.900001525878906,34.900001525878906,2514,0.0,0.0,0.0
2023-09-14 11:30:00-04:00,34.90999984741211,34.90999984741211,34.90999984741211,34.90999984741211,534,0.0,0.0,0.0
2023-09-14 13:30:00-04:00,34.900001525878906,34.904998779296875,34.88999938964844,34.88999938964844,1142,0.0,0.0,0.0
2023-09-14 15:30:00-04:00,34.90999984741211,34.90999984741211,34.900001525878906,34.900001525878906,0,0.0,0.0,0.0
2023-09-15 09:30:00-04:00,34.88999938964844,34.88999938964844,34.869998931884766,34.869998931884766,12189,0.0,0.0,0.0
2023-09-15 10:30:00-04:00,34.880001068115234,34.880001068115234,34.869998931884766,34.880001068115234,1517,0.0,0.0,0.0
2023-09-15 11:30:00-04:00,34.880001068115234,34.880001068115234,34.849998474121094,34.880001068115234,2739,0.0,0.0,0.0
2023-09-15 12:30:00-04:00,34.87009811401367,34.900001525878906,34.869998931884766,34.869998931884766,5056,0.0,0.0,0.0
2023-09-15 13:30:00-04:00,34.880001068115234,34.880001068115234,34.880001068115234,34.880001068115234,345,0.0,0.0,0.0
2023-09-15 14:30:00-04:00,34.86000061035156,34.880001068115234,34.86000061035156,34.880001068115234,792,0.0,0.0,0.0
2023-09-15 15:30:00-04:00,34.869998931884766,34.869998931884766,34.86669921875,34.86669921875,865,0.0,0.0,0.0
2023-09-18 09:30:00-04:00,34.849998474121094,34.849998474121094,34.83000183105469,34.849998474121094,3280,0.0,0.0,0.0
2023-09-18 10:30:00-04:00,34.849998474121094,34.86000061035156,34.8400993347168,34.86000061035156,715,0.0,0.0,0.0
2023-09-18 11:30:00-04:00,34.85419845581055,34.880001068115234,34.85419845581055,34.880001068115234,346,0.0,0.0,0.0
2023-09-18 12:30:00-04:00,34.86989974975586,34.86989974975586,34.86000061035156,34.86000061035156,3380,0.0,0.0,0.0
2023-09-18 13:30:00-04:00,34.86000061035156,34.869998931884766,34.849998474121094,34.869998931884766,1410,0.0,0.0,0.0
2023-09-18 14:30:00-04:00,34.849998474121094,34.849998474121094,34.81999969482422,34.84000015258789,3613,0.0,0.0,0.0
2023-09-18 15:30:00-04:00,34.839900970458984,34.84000015258789,34.83000183105469,34.83000183105469,0,0.0,0.0,0.0
2023-09-19 09:30:00-04:00,34.84000015258789,34.84000015258789,34.79999923706055,34.79999923706055,1629,0.0,0.0,0.0
2023-09-19 10:30:00-04:00,34.79999923706055,34.79999923706055,34.77000045776367,34.79999923706055,1751,0.0,0.0,0.0
2023-09-19 12:30:00-04:00,34.779998779296875,34.79999923706055,34.77009963989258,34.79999923706055,3735,0.0,0.0,0.0
2023-09-19 13:30:00-04:00,34.79999923706055,34.79999923706055,34.79050064086914,34.79999923706055,797,0.0,0.0,0.0
2023-09-19 14:30:00-04:00,34.779998779296875,34.779998779296875,34.755001068115234,34.755001068115234,883,0.0,0.0,0.0
2023-09-19 15:30:00-04:00,34.790000915527344,34.790000915527344,34.790000915527344,34.790000915527344,0,0.0,0.0,0.0
2023-09-20 09:30:00-04:00,34.84000015258789,34.849998474121094,34.84000015258789,34.84000015258789,1257,0.0,0.0,0.0
2023-09-20 10:30:00-04:00,34.84989929199219,34.849998474121094,34.839900970458984,34.84000015258789,3924,0.0,0.0,0.0
2023-09-20 11:30:00-04:00,34.83000183105469,34.84000015258789,34.83000183105469,34.84000015258789,564,0.0,0.0,0.0
2023-09-20 12:30:00-04:00,34.85089874267578,34.86000061035156,34.84989929199219,34.850101470947266,1353,0.0,0.0,0.0
2023-09-20 13:30:00-04:00,34.849998474121094,34.849998474121094,34.79999923706055,34.79999923706055,1332,0.0,0.0,0.0
2023-09-20 14:30:00-04:00,34.83000183105469,34.83000183105469,34.79999923706055,34.80009841918945,6046,0.0,0.0,0.0
2023-09-20 15:30:00-04:00,34.810001373291016,34.810001373291016,34.77000045776367,34.77000045776367,0,0.0,0.0,0.0
2023-09-21 09:30:00-04:00,34.66999816894531,34.66999816894531,34.599998474121094,34.649898529052734,5172,0.0,0.0,0.0
2023-09-21 10:30:00-04:00,34.63999938964844,34.63999938964844,34.619998931884766,34.62009811401367,1349,0.0,0.0,0.0
2023-09-21 11:30:00-04:00,34.61000061035156,34.613399505615234,34.599998474121094,34.600101470947266,1075,0.0,0.0,0.0
2023-09-21 12:30:00-04:00,34.630001068115234,34.630001068115234,34.630001068115234,34.630001068115234,394,0.0,0.0,0.0
2023-09-21 13:30:00-04:00,34.619998931884766,34.630001068115234,34.619998931884766,34.630001068115234,210,0.0,0.0,0.0
2023-09-21 14:30:00-04:00,34.599998474121094,34.61000061035156,34.56919860839844,34.58000183105469,5456,0.0,0.0,0.0
2023-09-21 15:30:00-04:00,34.59000015258789,34.599998474121094,34.56999969482422,34.56999969482422,6963,0.0,0.0,0.0
2023-09-22 09:30:00-04:00,34.65999984741211,34.65999984741211,34.63999938964844,34.63999938964844,742,0.0,0.0,0.0
2023-09-22 10:30:00-04:00,34.68000030517578,34.689998626708984,34.670501708984375,34.68989944458008,851,0.0,0.0,0.0
2023-09-22 11:30:00-04:00,34.689998626708984,34.689998626708984,34.689998626708984,34.689998626708984,440,0.0,0.0,0.0
2023-09-22 12:30:00-04:00,34.70989990234375,34.70989990234375,34.70989990234375,34.70989990234375,251,0.0,0.0,0.0
2023-09-22 13:30:00-04:00,34.67499923706055,34.689998626708984,34.63999938964844,34.649898529052734,6574,0.0,0.0,0.0
2023-09-22 14:30:00-04:00,34.63999938964844,34.66999816894531,34.619998931884766,34.66999816894531,1746,0.0,0.0,0.0
2023-09-22 15:30:00-04:00,34.63999938964844,34.63999938964844,34.619998931884766,34.625,2134,0.0,0.0,0.0
2023-09-25 09:30:00-04:00,34.540000915527344,34.564998626708984,34.5099983215332,34.54999923706055,5327,0.0,0.0,0.0
2023-09-25 10:30:00-04:00,34.54999923706055,34.61000061035156,34.54999923706055,34.599998474121094,2187,0.0,0.0,0.0
2023-09-25 11:30:00-04:00,34.59000015258789,34.59000015258789,34.56999969482422,34.59000015258789,1840,0.0,0.0,0.0
2023-09-25 12:30:00-04:00,34.599998474121094,34.599998474121094,34.599998474121094,34.599998474121094,223,0.0,0.0,0.0
2023-09-25 13:30:00-04:00,34.59000015258789,34.59000015258789,34.54010009765625,34.560001373291016,899,0.0,0.0,0.0
2023-09-25 14:30:00-04:00,34.54999923706055,34.56999969482422,34.529998779296875,34.56999969482422,667,0.0,0.0,0.0
2023-09-25 15:30:00-04:00,34.560001373291016,34.56999969482422,34.560001373291016,34.56999969482422,0,0.0,0.0,0.0
2023-09-26 09:30:00-04:00,34.54999923706055,34.54999923706055,34.46989822387695,34.47200012207031,23915,0.0,0.0,0.0
2023-09-26 10:30:00-04:00,34.4900016784668,34.50320053100586,34.459999084472656,34.459999084472656,1542,0.0,0.0,0.0
2023-09-26 11:30:00-04:00,34.4900016784668,34.4900016784668,34.470001220703125,34.4900016784668,1161,0.0,0.0,0.0
2023-09-26 12:30:00-04:00,34.47999954223633,34.47999954223633,34.45000076293945,34.45000076293945,612,0.0,0.0,0.0
2023-09-26 13:30:00-04:00,34.45000076293945,34.45000076293945,34.400001525878906,34.4114990234375,1476,0.0,0.0,0.0
2023-09-26 14:30:00-04:00,34.400001525878906,34.41999816894531,34.380001068115234,34.41999816894531,7584,0.0,0.0,0.0
2023-09-26 15:30:00-04:00,34.40999984741211,34.43000030517578,34.40999984741211,34.40999984741211,834,0.0,0.0,0.0
2023-09-27 09:30:00-04:00,34.560001373291016,34.560001373291016,34.470001220703125,34.470001220703125,16277,0.0,0.0,0.0
2023-09-27 10:30:00-04:00,34.46989822387695,34.470001220703125,34.44900131225586,34.44900131225586,1210,0.0,0.0,0.0
2023-09-27 11:30:00-04:00,34.45989990234375,34.459999084472656,34.380001068115234,34.380001068115234,1938,0.0,0.0,0.0
2023-09-27 12:30:00-04:00,34.380001068115234,34.38010025024414,34.349998474121094,34.349998474121094,1431,0.0,0.0,0.0
2023-09-27 13:30:00-04:00,34.33000183105469,34.33000183105469,34.33000183105469,34.33000183105469,453,0.0,0.0,0.0
2023-09-27 14:30:00-04:00,34.33000183105469,34.401100158691406,34.33000183105469,34.369998931884766,3039,0.0,0.0,0.0
2023-09-27 15:30:00-04:00,34.385398864746094,34.385398864746094,34.34000015258789,34.34000015258789,0,0.0,0.0,0.0
2023-09-28 09:30:00-04:00,34.25,34.40999984741211,34.25,34.369998931884766,17681,0.0,0.0,0.0
2023-09-28 10:30:00-04:00,34.310001373291016,34.40999984741211,34.310001373291016,34.404998779296875,923,0.0,0.0,0.0
2023-09-28 11:30:00-04:00,34.459999084472656,34.47999954223633,34.43000030517578,34.470001220703125,9938,0.0,0.0,0.0
2023-09-28 12:30:00-04:00,34.470001220703125,34.470001220703125,34.470001220703125,34.470001220703125,117,0.0,0.0,0.0
2023-09-28 13:30:00-04:00,34.4900016784668,34.505001068115234,34.470001220703125,34.505001068115234,1964,0.0,0.0,0.0
2023-09-28 14:30:00-04:00,34.5099983215332,34.529598236083984,34.5099983215332,34.529598236083984,1135,0.0,0.0,0.0
2023-09-28 15:30:00-04:00,34.4900016784668,34.519901275634766,34.4900016784668,34.4900016784668,0,0.0,0.0,0.0
2023-09-29 09:30:00-04:00,34.68000030517578,34.68000030517578,34.630001068115234,34.630001068115234,0,0.0,0.0,0.0
2023-09-29 10:30:00-04:00,34.599998474121094,34.62590026855469,34.599998474121094,34.61000061035156,10452,0.0,0.0,0.0
2023-09-29 11:30:00-04:00,34.625,34.625,34.61000061035156,34.61000061035156,853,0.0,0.0,0.0
2023-09-29 12:30:00-04:00,34.61989974975586,34.61989974975586,34.54499816894531,34.54499816894531,3907,0.0,0.0,0.0
2023-09-29 13:30:00-04:00,34.54999923706055,34.54999923706055,34.53499984741211,34.54499816894531,951,0.0,0.0,0.0
2023-09-29 14:30:00-04:00,34.52640151977539,34.55799865722656,34.50120162963867,34.50120162963867,1604,0.0,0.0,0.0
2023-09-29 15:30:00-04:00,34.53879928588867,34.55870056152344,34.504600524902344,34.504600524902344,3272,0.0,0.0,0.0
2023-10-02 09:30:00-04:00,34.470001220703125,34.470001220703125,34.37990188598633,34.380001068115234,5197,0.0,0.0,0.0
2023-10-02 10:30:00-04:00,34.349998474121094,34.380001068115234,34.31999969482422,34.380001068115234,1357,0.0,0.0,0.0
2023-10-02 11:30:00-04:00,34.369998931884766,34.369998931884766,34.36000061035156,34.369998931884766,58935,0.0,0.0,0.0
2023-10-02 12:30:00-04:00,34.279998779296875,34.294700622558594,34.279998779296875,34.294700622558594,1071,0.0,0.0,0.0
2023-10-02 13:30:00-04:00,34.279998779296875,34.28450012207031,34.275001525878906,34.28450012207031,1747,0.0,0.0,0.0
2023-10-02 14:30:00-04:00,34.2599983215332,34.275001525878906,34.25,34.255001068115234,4200,0.0,0.0,0.0
2023-10-02 15:30:00-04:00,34.279998779296875,34.310001373291016,34.279998779296875,34.29499816894531,0,0.0,0.0,0.0
2023-10-03 09:30:00-04:00,33.79999923706055,33.81010055541992,33.77000045776367,33.77000045776367,6340,0.0,0.0,0.0
2023-10-03 10:30:00-04:00,33.72999954223633,33.72999954223633,33.68000030517578,33.690101623535156,3271,0.0,0.0,0.0
2023-10-03 11:30:00-04:00,33.690101623535156,33.69499969482422,33.66999816894531,33.69499969482422,5190,0.0,0.0,0.0
2023-10-03 12:30:00-04:00,33.699501037597656,33.71649932861328,33.6599006652832,33.66999816894531,3423,0.0,0.0,0.0
2023-10-03 13:30:00-04:00,33.654998779296875,33.66999816894531,33.59000015258789,33.59000015258789,5422,0.0,0.0,0.0
2023-10-03 14:30:00-04:00,33.619998931884766,33.63999938964844,33.599998474121094,33.61000061035156,5727,0.0,0.0,0.0
2023-10-03 15:30:00-04:00,33.599998474121094,33.619998931884766,33.580101013183594,33.61000061035156,0,0.0,0.0,0.0
2023-10-04 09:30:00-04:00,33.70000076293945,33.70000076293945,33.61000061035156,33.61000061035156,1026,0.0,0.0,0.0
2023-10-04 10:30:00-04:00,33.59000015258789,33.650001525878906,33.58000183105469,33.650001525878906,3699,0.0,0.0,0.0
2023-10-04 11:30:00-04:00,33.619998931884766,33.65999984741211,33.54999923706055,33.65999984741211,37746,0.0,0.0,0.0
2023-10-04 12:30:00-04:00,33.698001861572266,33.698001861572266,33.61000061035156,33.61000061035156,1468,0.0,0.0,0.0
2023-10-04 13:30:00-04:00,33.619998931884766,33.63999938964844,33.619998931884766,33.63999938964844,748,0.0,0.0,0.0
2023-10-04 14:30:00-04:00,33.64860153198242,33.709999084472656,33.64860153198242,33.70000076293945,1263,0.0,0.0,0.0
2023-10-04 15:30:00-04:00,33.779998779296875,33.779998779296875,33.7599983215332,33.7599983215332,2939,0.0,0.0,0.0
2023-10-05 09:30:00-04:00,33.66999816894531,33.810001373291016,33.66999816894531,33.810001373291016,724,0.0,0.0,0.0
2023-10-05 10:30:00-04:00,33.7760009765625,33.7760009765625,33.7760009765625,33.7760009765625,684,0.0,0.0,0.0
2023-10-05 11:30:00-04:00,33.72019958496094,33.7599983215332,33.72019958496094,33.7598991394043,3186,0.0,0.0,0.0
2023-10-05 12:30:00-04:00,33.75,33.75,33.7400016784668,33.7400016784668,5398,0.0,0.0,0.0
2023-10-05 14:30:00-04:00,33.829898834228516,33.829898834228516,33.79990005493164,33.79990005493164,1893,0.0,0.0,0.0
2023-10-05 15:30:00-04:00,33.786399841308594,33.786399841308594,33.77000045776367,33.786399841308594,200,0.0,0.0,0.0
2023-10-06 09:30:00-04:00,33.63999938964844,33.63999938964844,33.580101013183594,33.61000061035156,0,0.0,0.0,0.0
2023-10-06 10:30:00-04:00,33.65999984741211,33.69499969482422,33.654998779296875,33.689998626708984,1390,0.0,0.0,0.0
2023-10-06 11:30:00-04:00,33.779998779296875,33.86000061035156,33.779998779296875,33.81999969482422,2725,0.0,0.0,0.0
2023-10-06 12:30:00-04:00,33.79999923706055,33.81010055541992,33.790000915527344,33.810001373291016,1413,0.0,0.0,0.0
2023-10-06 13:30:00-04:00,33.849998474121094,33.849998474121094,33.849998474121094,33.849998474121094,202,0.0,0.0,0.0
2023-10-06 14:30:00-04:00,33.90010070800781,33.90010070800781,33.85240173339844,33.86000061035156,3557,0.0,0.0,0.0
2023-10-06 15:30:00-04:00,33.869998931884766,33.89979934692383,33.849700927734375,33.84989929199219,3480,0.0,0.0,0.0
2023-10-09 09:30:00-04:00,33.93000030517578,33.95000076293945,33.880001068115234,33.95000076293945,0,0.0,0.0,0.0
2023-10-09 10:30:00-04:00,33.989898681640625,33.989898681640625,33.95000076293945,33.97990036010742,3009,0.0,0.0,0.0
2023-10-09 11:30:00-04:00,34.0099983215332,34.0099983215332,34.0099983215332,34.0099983215332,743,0.0,0.0,0.0
2023-10-09 12:30:00-04:00,33.99129867553711,34.029998779296875,33.9900016784668,34.02989959716797,1496,0.0,0.0,0.0
2023-10-09 13:30:00-04:00,34.03929901123047,34.060001373291016,34.03929901123047,34.060001373291016,1579,0.0,0.0,0.0
2023-10-09 14:30:00-04:00,34.051998138427734,34.099998474121094,34.04999923706055,34.099998474121094,2352,0.0,0.0,0.0
2023-10-09 15:30:00-04:00,34.09090042114258,34.09090042114258,34.079898834228516,34.08000183105469,0,0.0,0.0,0.0
2023-10-10 09:30:00-04:00,34.060001373291016,34.060001373291016,33.9900016784668,33.9901008605957,1120,0.0,0.0,0.0
2023-10-10 10:30:00-04:00,34.100101470947266,34.1150016784668,34.089900970458984,34.089900970458984,4547,0.0,0.0,0.0
2023-10-10 11:30:00-04:00,34.11000061035156,34.150001525878906,34.099998474121094,34.14950180053711,1606,0.0,0.0,0.0
2023-10-10 12:30:00-04:00,34.15999984741211,34.18000030517578,34.119998931884766,34.13999938964844,2496,0.0,0.0,0.0
2023-10-10 13:30:00-04:00,34.11009979248047,34.11009979248047,34.11009979248047,34.11009979248047,210,0.0,0.0,0.0
2023-10-10 14:30:00-04:00,34.130001068115234,34.1349983215332,34.090999603271484,34.090999603271484,0,0.0,0.0,0.0
2023-10-11 09:30:00-04:00,34.20000076293945,34.20000076293945,34.16999816894531,34.16999816894531,2468,0.0,0.0,0.0
2023-10-11 11:30:00-04:00,34.099998474121094,34.099998474121094,34.099998474121094,34.099998474121094,100,0.0,0.0,0.0
2023-10-11 12:30:00-04:00,34.02000045776367,34.03990173339844,34.02000045776367,34.03990173339844,492,0.0,0.0,0.0
2023-10-11 13:30:00-04:00,33.970001220703125,34.03010177612305,33.970001220703125,34.029998779296875,3861,0.0,0.0,0.0
2023-10-11 14:30:00-04:00,34.08250045776367,34.08250045776367,34.08000183105469,34.08000183105469,0,0.0,0.0,0.0
2023-10-11 15:30:00-04:00,34.09000015258789,34.10369873046875,34.09000015258789,34.10369873046875,62,0.0,0.0,0.0
2023-10-12 09:30:00-04:00,34.029998779296875,34.029998779296875,33.939701080322266,34.029998779296875,15152,0.0,0.0,0.0
2023-10-12 10:30:00-04:00,33.959999084472656,34.0,33.959999084472656,34.0,492,0.0,0.0,0.0
2023-10-12 11:30:00-04:00,33.97169876098633,33.9900016784668,33.97169876098633,33.97999954223633,6768,0.0,0.0,0.0
2023-10-12 12:30:00-04:00,34.01089859008789,34.01089859008789,33.900001525878906,33.900001525878906,3783,0.0,0.0,0.0
2023-10-12 13:30:00-04:00,33.90999984741211,33.90999984741211,33.81999969482422,33.839500427246094,3646,0.0,0.0,0.0
2023-10-12 14:30:00-04:00,33.85100173950195,33.920101165771484,33.849998474121094,33.920101165771484,872,0.0,0.0,0.0
2023-10-12 15:30:00-04:00,33.91999816894531,33.91999816894531,33.915000915527344,33.915000915527344,0,0.0,0.0,0.0
2023-10-13 09:30:00-04:00,34.029998779296875,34.09000015258789,34.029998779296875,34.079898834228516,3505,0.0,0.0,0.0
2023-10-13 10:30:00-04:00,34.0099983215332,34.0099983215332,33.95000076293945,33.970001220703125,3961,0.0,0.0,0.0
2023-10-13 11:30:00-04:00,33.970001220703125,33.970001220703125,33.95009994506836,33.95009994506836,977,0.0,0.0,0.0
2023-10-13 12:30:00-04:00,33.93000030517578,33.93000030517578,33.869998931884766,33.869998931884766,2179,0.0,0.0,0.0
2023-10-13 13:30:00-04:00,33.91999816894531,33.91999816894531,33.905399322509766,33.90999984741211,584,0.0,0.0,0.0
2023-10-13 15:30:00-04:00,33.88010025024414,33.88999938964844,33.869998931884766,33.88050079345703,514,0.0,0.0,0.0
2023-10-16 09:30:00-04:00,33.880001068115234,33.880001068115234,33.86800003051758,33.86800003051758,603,0.0,0.0,0.0
2023-10-16 10:30:00-04:00,33.91849899291992,33.95000076293945,33.88990020751953,33.88990020751953,1923,0.0,0.0,0.0
2023-10-16 11:30:00-04:00,33.88079833984375,33.900001525878906,33.865699768066406,33.900001525878906,4116,0.0,0.0,0.0
2023-10-16 12:30:00-04:00,33.85139846801758,33.900001525878906,33.85139846801758,33.900001525878906,3434,0.0,0.0,0.0
2023-10-16 13:30:00-04:00,33.85049819946289,33.85049819946289,33.849998474121094,33.849998474121094,291,0.0,0.0,0.0
2023-10-16 14:30:00-04:00,33.85499954223633,33.880001068115234,33.85499954223633,33.880001068115234,340,0.0,0.0,0.0
2023-10-16 15:30:00-04:00,33.869998931884766,33.869998931884766,33.8650016784668,33.8650016784668,0,0.0,0.0,0.0
2023-10-17 09:30:00-04:00,33.75,33.75,33.72999954223633,33.730098724365234,1596,0.0,0.0,0.0
2023-10-17 10:30:00-04:00,33.749698638916016,33.749698638916016,33.72999954223633,33.73500061035156,1111,0.0,0.0,0.0
2023-10-17 11:30:00-04:00,33.77009963989258,33.77009963989258,33.77009963989258,33.77009963989258,489,0.0,0.0,0.0
2023-10-17 13:30:00-04:00,33.70000076293945,33.70000076293945,33.68000030517578,33.68000030517578,2712,0.0,0.0,0.0
2023-10-17 14:30:00-04:00,33.70009994506836,33.70009994506836,33.70009994506836,33.70009994506836,941,0.0,0.0,0.0
2023-10-17 15:30:00-04:00,33.70199966430664,33.70199966430664,33.70000076293945,33.70000076293945,3859,0.0,0.0,0.0
2023-10-18 09:30:00-04:00,33.709999084472656,33.709999084472656,33.665000915527344,33.68000030517578,4090,0.0,0.0,0.0
2023-10-18 10:30:00-04:00,33.65999984741211,33.65999984741211,33.630001068115234,33.63999938964844,6073,0.0,0.0,0.0
2023-10-18 12:30:00-04:00,33.61000061035156,33.63010025024414,33.61000061035156,33.63010025024414,1761,0.0,0.0,0.0
2023-10-18 13:30:00-04:00,33.62649917602539,33.62649917602539,33.62649917602539,33.62649917602539,234,0.0,0.0,0.0
2023-10-18 14:30:00-04:00,33.65999984741211,33.65999984741211,33.61000061035156,33.61000061035156,1704,0.0,0.0,0.0
2023-10-18 15:30:00-04:00,33.5099983215332,33.5099983215332,33.5099983215332,33.5099983215332,1219,0.0,0.0,0.0
2023-10-19 09:30:00-04:00,33.54999923706055,33.61000061035156,33.54999923706055,33.59199905395508,3877,0.0,0.0,0.0
2023-10-19 10:30:00-04:00,33.56010055541992,33.56999969482422,33.56010055541992,33.56999969482422,302,0.0,0.0,0.0
2023-10-19 11:30:00-04:00,33.56999969482422,33.689998626708984,33.56999969482422,33.650001525878906,2616,0.0,0.0,0.0
2023-10-19 12:30:00-04:00,33.560001373291016,33.6349983215332,33.560001373291016,33.59000015258789,3162,0.0,0.0,0.0
2023-10-19 13:30:00-04:00,33.55500030517578,33.56999969482422,33.55500030517578,33.56990051269531,2133,0.0,0.0,0.0
2023-10-19 14:30:00-04:00,33.52000045776367,33.529998779296875,33.45320129394531,33.459999084472656,2463,0.0,0.0,0.0
2023-10-19 15:30:00-04:00,33.45000076293945,33.45000076293945,33.40999984741211,33.40999984741211,0,0.0,0.0,0.0
2023-10-20 09:30:00-04:00,33.40999984741211,33.499900817871094,33.40999984741211,33.46009826660156,5712,0.0,0.0,0.0
2023-10-20 10:30:00-04:00,33.47999954223633,33.47999954223633,33.459999084472656,33.46500015258789,1678,0.0,0.0,0.0
2023-10-20 11:30:00-04:00,33.459999084472656,33.470001220703125,33.459999084472656,33.470001220703125,1790,0.0,0.0,0.0
2023-10-20 12:30:00-04:00,33.470001220703125,33.5,33.459999084472656,33.494998931884766,3920,0.0,0.0,0.0
2023-10-20 13:30:00-04:00,33.4900016784668,33.4901008605957,33.470001220703125,33.470001220703125,1999,0.0,0.0,0.0
2023-10-20 14:30:00-04:00,33.4900016784668,33.4900016784668,33.4900016784668,33.4900016784668,100,0.0,0.0,0.0
2023-10-20 15:30:00-04:00,33.47010040283203,33.4744987487793,33.47010040283203,33.4744987487793,267,0.0,0.0,0.0
2023-10-23 09:30:00-04:00,33.400001525878906,33.5,33.400001525878906,33.5,3753,0.0,0.0,0.0
2023-10-23 10:30:00-04:00,33.5,33.5,33.5,33.5,287,0.0,0.0,0.0
2023-10-23 11:30:00-04:00,33.553001403808594,33.553001403808594,33.553001403808594,33.553001403808594,222,0.0,0.0,0.0
2023-10-23 12:30:00-04:00,33.630001068115234,33.630001068115234,33.599998474121094,33.61000061035156,1532,0.0,0.0,0.0
2023-10-23 13:30:00-04:00,33.599998474121094,33.599998474121094,33.59989929199219,33.59989929199219,1497,0.0,0.0,0.0
2023-10-23 14:30:00-04:00,33.59000015258789,33.59000015258789,33.589900970458984,33.589900970458984,1569,0.0,0.0,0.0
2023-10-23 15:30:00-04:00,33.58000183105469,33.59000015258789,33.56999969482422,33.584999084472656,0,0.0,0.0,0.0
2023-10-24 09:30:00-04:00,33.58000183105469,33.66999816894531,33.58000183105469,33.63999938964844,6452,0.0,0.0,0.0
2023-10-24 10:30:00-04:00,33.6421012878418,33.6421012878418,33.630001068115234,33.630001068115234,607,0.0,0.0,0.0
2023-10-24 11:30:00-04:00,33.63999938964844,33.650001525878906,33.630001068115234,33.630001068115234,634,0.0,0.0,0.0
2023-10-24 12:30:00-04:00,33.61009979248047,33.630001068115234,33.61000061035156,33.61000061035156,2904,0.0,0.0,0.0
2023-10-24 13:30:00-04:00,33.650001525878906,33.650001525878906,33.63999938964844,33.63999938964844,3198,0.0,0.0,0.0
2023-10-24 14:30:00-04:00,33.639400482177734,33.660099029541016,33.639400482177734,33.660099029541016,0,0.0,0.0,0.0
2023-10-25 09:30:00-04:00,33.66999816894531,33.66999816894531,33.619998931884766,33.619998931884766,4303,0.0,0.0,0.0
2023-10-25 10:30:00-04:00,33.63999938964844,33.63999938964844,33.619998931884766,33.619998931884766,2212,0.0,0.0,0.0
2023-10-25 12:30:00-04:00,33.599998474121094,33.61000061035156,33.580101013183594,33.580101013183594,4387,0.0,0.0,0.0
2023-10-25 13:30:00-04:00,33.580101013183594,33.58219909667969,33.55030059814453,33.56999969482422,1642,0.0,0.0,0.0
2023-10-25 14:30:00-04:00,33.56999969482422,33.589900970458984,33.540000915527344,33.54999923706055,6479,0.0,0.0,0.0
2023-10-25 15:30:00-04:00,33.56990051269531,33.58000183105469,33.560001373291016,33.56520080566406,1567,0.0,0.0,0.0
2023-10-26 09:30:00-04:00,33.560001373291016,33.61000061035156,33.560001373291016,33.599998474121094,0,0.0,0.0,0.0
2023-10-26 10:30:00-04:00,33.59989929199219,33.619998931884766,33.59000015258789,33.59000015258789,7058,0.0,0.0,0.0
2023-10-26 11:30:00-04:00,33.61989974975586,33.61989974975586,33.6078987121582,33.6078987121582,1452,0.0,0.0,0.0
2023-10-26 12:30:00-04:00,33.58000183105469,33.619998931884766,33.58000183105469,33.61989974975586,9473,0.0,0.0,0.0
2023-10-26 13:30:00-04:00,33.619998931884766,33.650001525878906,33.597801208496094,33.64649963378906,3044,0.0,0.0,0.0
2023-10-26 14:30:00-04:00,33.630001068115234,33.63740158081055,33.630001068115234,33.63740158081055,514,0.0,0.0,0.0
2023-10-26 15:30:00-04:00,33.65999984741211,33.65999984741211,33.64899826049805,33.65999984741211,0,0.0,0.0,0.0
2023-10-27 09:30:00-04:00,33.65999984741211,33.689998626708984,33.657798767089844,33.657798767089844,2971,0.0,0.0,0.0
2023-10-27 10:30:00-04:00,33.66999816894531,33.689998626708984,33.66999816894531,33.689998626708984,646,0.0,0.0,0.0
2023-10-27 11:30:00-04:00,33.65999984741211,33.66999816894531,33.63999938964844,33.63999938964844,7733,0.0,0.0,0.0
2023-10-27 12:30:00-04:00,33.630001068115234,33.63999938964844,33.599998474121094,33.63999938964844,5366,0.0,0.0,0.0
2023-10-27 13:30:00-04:00,33.638999938964844,33.638999938964844,33.59000015258789,33.6150016784668,6191,0.0,0.0,0.0
2023-10-27 14:30:00-04:00,33.63999938964844,33.63999938964844,33.63090133666992,33.635101318359375,785,0.0,0.0,0.0
2023-10-27 15:30:00-04:00,33.61000061035156,33.61000061035156,33.61000061035156,33.61000061035156,449,0.0,0.0,0.0
2023-10-30 09:30:00-04:00,33.630001068115234,33.65999984741211,33.629798889160156,33.629798889160156,0,0.0,0.0,0.0
2023-10-30 10:30:00-04:00,33.61000061035156,33.650001525878906,33.61000061035156,33.650001525878906,978,0.0,0.0,0.0
2023-10-30 11:30:00-04:00,33.63740158081055,33.650001525878906,33.63740158081055,33.63999938964844,1371,0.0,0.0,0.0
2023-10-30 12:30:00-04:00,33.63999938964844,33.63999938964844,33.630001068115234,33.63999938964844,464,0.0,0.0,0.0
2023-10-30 13:30:00-04:00,33.650001525878906,33.650001525878906,33.6349983215332,33.6349983215332,473,0.0,0.0,0.0
2023-10-30 14:30:00-04:00,33.6599006652832,33.669898986816406,33.639400482177734,33.669898986816406,593,0.0,0.0,0.0
2023-10-30 15:30:00-04:00,33.679298400878906,33.679298400878906,33.649898529052734,33.679298400878906,2000,0.0,0.0,0.0
2023-10-31 09:30:00-04:00,33.689998626708984,33.70000076293945,33.68000030517578,33.68009948730469,0,0.0,0.0,0.0
2023-10-31 10:30:00-04:00,33.72999954223633,33.72999954223633,33.70500183105469,33.70500183105469,1652,0.0,0.0,0.0
2023-10-31 11:30:00-04:00,33.690101623535156,33.690101623535156,33.690101623535156,33.690101623535156,535,0.0,0.0,0.0
2023-10-31 12:30:00-04:00,33.709999084472656,33.709999084472656,33.709999084472656,33.709999084472656,962,0.0,0.0,0.0
2023-10-31 13:30:00-04:00,33.72999954223633,33.72999954223633,33.720001220703125,33.720001220703125,505,0.0,0.0,0.0
2023-10-31 14:30:00-04:00,33.7400016784668,33.7400016784668,33.71500015258789,33.71500015258789,799,0.0,0.0,0.0
2023-10-31 15:30:00-04:00,33.7400016784668,33.7400016784668,33.714698791503906,33.714698791503906,0,0.0,0.0,0.0
2023-11-01 09:30:00-04:00,33.72999954223633,33.75,33.72010040283203,33.7400016784668,11586,0.0,0.0,0.0
2023-11-01 10:30:00-04:00,33.75149917602539,33.7599983215332,33.7400016784668,33.7400016784668,3148,0.0,0.0,0.0
2023-11-01 11:30:00-04:00,33.7401008605957,33.77000045776367,33.7401008605957,33.75,2040,0.0,0.0,0.0
2023-11-01 12:30:00-04:00,33.75,33.7677001953125,33.75,33.7677001953125,1543,0.0,0.0,0.0
2023-11-01 13:30:00-04:00,33.77000045776367,33.790000915527344,33.77000045776367,33.779998779296875,1759,0.0,0.0,0.0
2023-11-01 14:30:00-04:00,33.77090072631836,33.810001373291016,33.77090072631836,33.809898376464844,1224,0.0,0.0,0.0
2023-11-01 15:30:00-04:00,33.790000915527344,33.79999923706055,33.790000915527344,33.79999923706055,0,0.0,0.0,0.0
2023-11-02 09:30:00-04:00,33.52000045776367,33.52000045776367,33.41999816894531,33.44499969482422,18307,0.0,0.0,0.0
2023-11-02 10:30:00-04:00,33.45500183105469,33.459999084472656,33.45500183105469,33.459999084472656,1502,0.0,0.0,0.0
2023-11-02 11:30:00-04:00,33.459999084472656,33.459999084472656,33.443199157714844,33.443199157714844,1751,0.0,0.0,0.0
2023-11-02 12:30:00-04:00,33.45000076293945,33.459999084472656,33.45000076293945,33.459999084472656,765,0.0,0.0,0.0
2023-11-02 13:30:00-04:00,33.45989990234375,33.45989990234375,33.45000076293945,33.45000076293945,780,0.0,0.0,0.0
2023-11-02 14:30:00-04:00,33.45989990234375,33.459999084472656,33.45000076293945,33.45009994506836,1381,0.0,0.0,0.0
2023-11-02 15:30:00-04:00,33.459999084472656,33.459999084472656,33.459999084472656,33.459999084472656,0,0.0,0.0,0.0
2023-11-03 09:30:00-04:00,33.459999084472656,33.48500061035156,33.459999084472656,33.459999084472656,6737,0.0,0.0,0.0
2023-11-03 10:30:00-04:00,33.46110153198242,33.470001220703125,33.45000076293945,33.470001220703125,1442,0.0,0.0,0.0
2023-11-03 11:30:00-04:00,33.470001220703125,33.470001220703125,33.46009826660156,33.46009826660156,1030,0.0,0.0,0.0
2023-11-03 12:30:00-04:00,33.470001220703125,33.470001220703125,33.470001220703125,33.470001220703125,292,0.0,0.0,0.0
2023-11-03 13:30:00-04:00,33.471900939941406,33.489898681640625,33.471900939941406,33.480899810791016,2149,0.0,0.0,0.0
2023-11-03 14:30:00-04:00,33.48500061035156,33.48500061035156,33.47520065307617,33.47520065307617,747,0.0,0.0,0.0
2023-11-06 09:30:00-05:00,33.4900016784668,33.4900016784668,33.4900016784668,33.4900016784668,0,0.0,0.0,0.0
2023-11-06 10:30:00-05:00,33.4900016784668,33.4900016784668,33.47010040283203,33.489898681640625,402,0.0,0.0,0.0
2023-11-06 11:30:00-05:00,33.4900016784668,33.4900016784668,33.4900016784668,33.4900016784668,1509,0.0,0.0,0.0
2023-11-06 12:30:00-05:00,33.470001220703125,33.47999954223633,33.470001220703125,33.47999954223633,529,0.0,0.0,0.0
2023-11-06 13:30:00-05:00,33.4900016784668,33.4900016784668,33.4900016784668,33.4900016784668,186,0.0,0.0,0.0
2023-11-06 14:30:00-05:00,33.4900016784668,33.4900016784668,33.47060012817383,33.47999954223633,2530,0.0,0.0,0.0
2023-11-06 15:30:00-05:00,33.487701416015625,33.4900016784668,33.47999954223633,33.48509979248047,0,0.0,0.0,0.0
2023-11-07 09:30:00-05:00,33.4984016418457,33.4984016418457,33.470001220703125,33.470001220703125,1371,0.0,0.0,0.0
2023-11-07 10:30:00-05:00,33.4900016784668,33.4900016784668,33.47010040283203,33.47010040283203,1685,0.0,0.0,0.0
2023-11-07 11:30:00-05:00,33.47999954223633,33.4900016784668,33.47010040283203,33.47010040283203,898,0.0,0.0,0.0
2023-11-07 13:30:00-05:00,33.48970031738281,33.4900016784668,33.48970031738281,33.4900016784668,423,0.0,0.0,0.0
2023-11-07 14:30:00-05:00,33.4900016784668,33.4900016784668,33.46009826660156,33.480098724365234,0,0.0,0.0,0.0
2023-11-08 09:30:00-05:00,33.474998474121094,33.5099983215332,33.45199966430664,33.482200622558594,5190,0.0,0.0,0.0
2023-11-08 10:30:00-05:00,33.47999954223633,33.48099899291992,33.47999954223633,33.47999954223633,841,0.0,0.0,0.0
2023-11-08 11:30:00-05:00,33.489898681640625,33.4900016784668,33.48500061035156,33.4900016784668,1642,0.0,0.0,0.0
2023-11-08 12:30:00-05:00,33.47999954223633,33.4900016784668,33.47999954223633,33.4900016784668,805,0.0,0.0,0.0
2023-11-08 13:30:00-05:00,33.499900817871094,33.499900817871094,33.47999954223633,33.47999954223633,771,0.0,0.0,0.0
2023-11-08 14:30:00-05:00,33.4900016784668,33.4900016784668,33.489898681640625,33.4900016784668,1419,0.0,0.0,0.0
2023-11-08 15:30:00-05:00,33.470001220703125,33.48500061035156,33.470001220703125,33.48500061035156,0,0.0,0.0,0.0
2023-11-09 09:30:00-05:00,33.4900016784668,33.5,33.470001220703125,33.48500061035156,2208,0.0,0.0,0.0
2023-11-09 10:30:00-05:00,33.47999954223633,33.5,33.47930145263672,33.499900817871094,2706,0.0,0.0,0.0
2023-11-09 11:30:00-05:00,33.4900016784668,33.4900016784668,33.47999954223633,33.4900016784668,1574,0.0,0.0,0.0
2023-11-09 12:30:00-05:00,33.5,33.5,33.5,33.5,274,0.0,0.0,0.0
2023-11-09 13:30:00-05:00,33.4900016784668,33.4900016784668,33.47999954223633,33.48500061035156,1636,0.0,0.0,0.0
2023-11-09 14:30:00-05:00,33.5,33.5,33.470001220703125,33.489898681640625,1663,0.0,0.0,0.0
2023-11-09 15:30:00-05:00,33.489898681640625,33.489898681640625,33.489898681640625,33.489898681640625,0,0.0,0.0,0.0
2023-11-10 09:30:00-05:00,33.5,33.5,33.4900016784668,33.4900016784668,564,0.0,0.0,0.0
2023-11-10 10:30:00-05:00,33.4900016784668,33.4900016784668,33.47999954223633,33.47999954223633,3927,0.0,0.0,0.0
2023-11-10 11:30:00-05:00,33.47999954223633,33.49300003051758,33.47999954223633,33.49300003051758,754,0.0,0.0,0.0
2023-11-10 12:30:00-05:00,33.494998931884766,33.494998931884766,33.47999954223633,33.47999954223633,2308,0.0,0.0,0.0
2023-11-10 13:30:00-05:00,33.480201721191406,33.4900016784668,33.480098724365234,33.480098724365234,808,0.0,0.0,0.0
2023-11-13 09:30:00-05:00,33.5099983215332,33.5099983215332,33.5,33.5,943,0.0,0.0,0.0
2023-11-13 10:30:00-05:00,33.5,33.5,33.5,33.5,215,0.0,0.0,0.0
2023-11-13 11:30:00-05:00,33.49020004272461,33.49020004272461,33.49020004272461,33.49020004272461,560,0.0,0.0,0.0
2023-11-13 12:30:00-05:00,33.5,33.5,33.5,33.5,158,0.0,0.0,0.0
2023-11-13 13:30:00-05:00,33.494998931884766,33.5099983215332,33.494998931884766,33.5099983215332,1492,0.0,0.0,0.0
2023-11-13 14:30:00-05:00,33.4901008605957,33.50979995727539,33.4900016784668,33.50979995727539,743,0.0,0.0,0.0
2023-11-13 15:30:00-05:00,33.49980163574219,33.5,33.49980163574219,33.5,0,0.0,0.0,0.0
2023-11-14 09:30:00-05:00,33.4900016784668,33.52000045776367,33.4900016784668,33.5192985534668,5329,0.0,0.0,0.0
2023-11-14 10:30:00-05:00,33.52000045776367,33.52000045776367,33.500099182128906,33.500099182128906,558,0.0,0.0,0.0
2023-11-14 11:30:00-05:00,33.50210189819336,33.50339889526367,33.50210189819336,33.50339889526367,934,0.0,0.0,0.0
2023-11-14 13:30:00-05:00,33.5099983215332,33.52000045776367,33.500099182128906,33.519901275634766,3471,0.0,0.0,0.0
2023-11-14 14:30:00-05:00,33.5099983215332,33.52000045776367,33.505001068115234,33.5099983215332,2615,0.0,0.0,0.0
2023-11-14 15:30:00-05:00,33.519798278808594,33.519798278808594,33.5,33.51900100708008,0,0.0,0.0,0.0
2023-11-15 09:30:00-05:00,33.52000045776367,33.52000045776367,33.5098991394043,33.52000045776367,2195,0.0,0.0,0.0
2023-11-15 10:30:00-05:00,33.5099983215332,33.52000045776367,33.5,33.52000045776367,2168,0.0,0.0,0.0
2023-11-15 11:30:00-05:00,33.5099983215332,33.51499938964844,33.5099983215332,33.51499938964844,239,0.0,0.0,0.0
2023-11-15 12:30:00-05:00,33.51969909667969,33.519901275634766,33.51499938964844,33.51499938964844,642,0.0,0.0,0.0
2023-11-15 13:30:00-05:00,33.52000045776367,33.52000045776367,33.519901275634766,33.519901275634766,2140,0.0,0.0,0.0
2023-11-15 14:30:00-05:00,33.500099182128906,33.510101318359375,33.5,33.505001068115234,3174,0.0,0.0,0.0
2023-11-16 09:30:00-05:00,33.560001373291016,33.560001373291016,33.5099983215332,33.5099983215332,0,0.0,0.0,0.0
2023-11-16 10:30:00-05:00,33.529998779296875,33.529998779296875,33.52000045776367,33.52000045776367,1952,0.0,0.0,0.0
2023-11-16 11:30:00-05:00,33.510101318359375,33.529998779296875,33.510101318359375,33.51070022583008,1706,0.0,0.0,0.0
2023-11-16 12:30:00-05:00,33.52130126953125,33.52130126953125,33.52090072631836,33.52090072631836,575,0.0,0.0,0.0
2023-11-16 13:30:00-05:00,33.52989959716797,33.540000915527344,33.52000045776367,33.53499984741211,15166,0.0,0.0,0.0
2023-11-16 14:30:00-05:00,33.540000915527344,33.540000915527344,33.529998779296875,33.540000915527344,1835,0.0,0.0,0.0
2023-11-16 15:30:00-05:00,33.540000915527344,33.540000915527344,33.53010177612305,33.540000915527344,0,0.0,0.0,0.0
2023-11-17 09:30:00-05:00,33.51279830932617,33.540000915527344,33.5,33.52000045776367,4638,0.0,0.0,0.0
2023-11-17 10:30:00-05:00,33.540000915527344,33.54999923706055,33.540000915527344,33.54999923706055,1197,0.0,0.0,0.0
2023-11-17 11:30:00-05:00,33.53010177612305,33.569801330566406,33.53010177612305,33.55500030517578,5001,0.0,0.0,0.0
2023-11-17 12:30:00-05:00,33.552101135253906,33.552101135253906,33.552101135253906,33.552101135253906,534,0.0,0.0,0.0
2023-11-17 14:30:00-05:00,33.58000183105469,33.599998474121094,33.56999969482422,33.599998474121094,1917,0.0,0.0,0.0
2023-11-17 15:30:00-05:00,33.599998474121094,33.61000061035156,33.59000015258789,33.61000061035156,5091,0.0,0.0,0.0
2023-11-20 09:30:00-05:00,33.61000061035156,33.61000061035156,33.56999969482422,33.570098876953125,1200,0.0,0.0,0.0
2023-11-20 10:30:00-05:00,33.57109832763672,33.57210159301758,33.57109832763672,33.57210159301758,485,0.0,0.0,0.0
2023-11-20 11:30:00-05:00,33.56999969482422,33.630001068115234,33.56999969482422,33.61000061035156,36135,0.0,0.0,0.0
2023-11-20 12:30:00-05:00,33.61000061035156,33.61009979248047,33.61000061035156,33.61000061035156,680,0.0,0.0,0.0
2023-11-20 13:30:00-05:00,33.630001068115234,33.63420104980469,33.630001068115234,33.63420104980469,422,0.0,0.0,0.0
2023-11-20 14:30:00-05:00,33.63990020751953,33.63999938964844,33.63990020751953,33.63999938964844,301,0.0,0.0,0.0
2023-11-20 15:30:00-05:00,33.630001068115234,33.63999938964844,33.621700286865234,33.625,883,0.0,0.0,0.0
2023-11-21 09:30:00-05:00,33.650001525878906,33.650001525878906,33.619998931884766,33.63010025024414,0,0.0,0.0,0.0
2023-11-21 10:30:00-05:00,33.62009811401367,33.62009811401367,33.62009811401367,33.62009811401367,361,0.0,0.0,0.0
2023-11-21 11:30:00-05:00,33.61009979248047,33.630001068115234,33.61009979248047,33.62990188598633,1608,0.0,0.0,0.0
2023-11-21 12:30:00-05:00,33.63999938964844,33.650001525878906,33.630001068115234,33.64950180053711,878,0.0,0.0,0.0
2023-11-21 13:30:00-05:00,33.650001525878906,33.65999984741211,33.63999938964844,33.650001525878906,1451,0.0,0.0,0.0
2023-11-21 14:30:00-05:00,33.649898529052734,33.66999816894531,33.649898529052734,33.66999816894531,6311,0.0,0.0,0.0
2023-11-21 15:30:00-05:00,33.654998779296875,33.68000030517578,33.654998779296875,33.68000030517578,0,0.0,0.0,0.0
2023-11-22 09:30:00-05:00,33.720001220703125,33.720001220703125,33.66999816894531,33.66999816894531,1194,0.0,0.0,0.0
2023-11-22 10:30:00-05:00,33.66999816894531,33.67499923706055,33.6505012512207,33.67499923706055,2652,0.0,0.0,0.0
2023-11-22 11:30:00-05:00,33.68000030517578,33.70000076293945,33.68000030517578,33.70000076293945,4352,0.0,0.0,0.0
2023-11-22 12:30:00-05:00,33.689998626708984,33.709999084472656,33.689998626708984,33.709999084472656,1704,0.0,0.0,0.0
2023-11-22 13:30:00-05:00,33.709999084472656,33.71849822998047,33.70009994506836,33.709999084472656,5961,0.0,0.0,0.0
2023-11-22 14:30:00-05:00,33.709999084472656,33.709999084472656,33.70000076293945,33.709999084472656,1664,0.0,0.0,0.0
2023-11-22 15:30:00-05:00,33.720001220703125,33.720001220703125,33.709999084472656,33.709999084472656,901,0.0,0.0,0.0
2023-11-24 09:30:00-05:00,33.72999954223633,33.72999954223633,33.66999816894531,33.66999816894531,0,0.0,0.0,0.0
2023-11-24 10:30:00-05:00,33.689998626708984,33.689998626708984,33.68000030517578,33.68000030517578,1044,0.0,0.0,0.0
2023-11-24 11:30:00-05:00,33.68000030517578,33.689998626708984,33.68000030517578,33.68000030517578,2389,0.0,0.0,0.0
2023-11-27 09:30:00-05:00,33.68000030517578,33.70009994506836,33.68000030517578,33.68009948730469,3921,0.0,0.0,0.0
2023-11-27 10:30:00-05:00,33.720001220703125,33.720001220703125,33.709999084472656,33.720001220703125,6913,0.0,0.0,0.0
2023-11-27 11:30:00-05:00,33.720001220703125,33.720001220703125,33.720001220703125,33.720001220703125,319,0.0,0.0,0.0
2023-11-27 12:30:00-05:00,33.7400016784668,33.75,33.720001220703125,33.749900817871094,5374,0.0,0.0,0.0
2023-11-27 13:30:00-05:00,33.75,33.75,33.720001220703125,33.72999954223633,3063,0.0,0.0,0.0
2023-11-27 14:30:00-05:00,33.73500061035156,33.75,33.73500061035156,33.749900817871094,1008,0.0,0.0,0.0
2023-11-27 15:30:00-05:00,33.7599983215332,33.7599983215332,33.750099182128906,33.7599983215332,0,0.0,0.0,0.0
2023-11-28 09:30:00-05:00,33.74300003051758,33.7599983215332,33.730098724365234,33.7599983215332,1834,0.0,0.0,0.0
2023-11-28 10:30:00-05:00,33.77000045776367,33.779998779296875,33.7400016784668,33.779998779296875,3842,0.0,0.0,0.0
2023-11-28 11:30:00-05:00,33.78409957885742,33.79999923706055,33.77000045776367,33.79999923706055,3259,0.0,0.0,0.0
2023-11-28 12:30:00-05:00,33.79990005493164,33.79990005493164,33.79990005493164,33.79990005493164,835,0.0,0.0,0.0
2023-11-28 13:30:00-05:00,33.785301208496094,33.839900970458984,33.77669906616211,33.839900970458984,1696,0.0,0.0,0.0
2023-11-28 14:30:00-05:00,33.83000183105469,33.849998474121094,33.81999969482422,33.84989929199219,2632,0.0,0.0,0.0
2023-11-28 15:30:00-05:00,33.84000015258789,33.84000015258789,33.83660125732422,33.83660125732422,0,0.0,0.0,0.0
2023-11-29 09:30:00-05:00,33.97999954223633,33.97999954223633,33.91999816894531,33.93000030517578,7622,0.0,0.0,0.0
2023-11-29 10:30:00-05:00,33.91999816894531,33.9297981262207,33.900001525878906,33.9099006652832,14323,0.0,0.0,0.0
2023-11-29 11:30:00-05:00,33.90999984741211,33.9297981262207,33.904998779296875,33.92499923706055,2704,0.0,0.0,0.0
2023-11-29 12:30:00-05:00,33.93000030517578,33.93000030517578,33.92499923706055,33.92499923706055,272,0.0,0.0,0.0
2023-11-29 13:30:00-05:00,33.92250061035156,33.95000076293945,33.91999816894531,33.93989944458008,4572,0.0,0.0,0.0
2023-11-29 14:30:00-05:00,33.93000030517578,33.9379997253418,33.91999816894531,33.9297981262207,1701,0.0,0.0,0.0
2023-11-29 15:30:00-05:00,33.90999984741211,33.91130065917969,33.909698486328125,33.91130065917969,0,0.0,0.0,0.0
2023-11-30 09:30:00-05:00,34.0,34.0,33.83000183105469,33.859901428222656,0,0.0,0.0,0.0
2023-11-30 10:30:00-05:00,33.849998474121094,33.880001068115234,33.84000015258789,33.84000015258789,14680,0.0,0.0,0.0
2023-11-30 11:30:00-05:00,33.845001220703125,33.86000061035156,33.845001220703125,33.86000061035156,1290,0.0,0.0,0.0
2023-11-30 12:30:00-05:00,33.85900115966797,33.85900115966797,33.849998474121094,33.850101470947266,2521,0.0,0.0,0.0
2023-11-30 13:30:00-05:00,33.849998474121094,33.850101470947266,33.849998474121094,33.849998474121094,2042,0.0,0.0,0.0
2023-11-30 14:30:00-05:00,33.86000061035156,33.86000061035156,33.849998474121094,33.849998474121094,5704,0.0,0.0,0.0
2023-11-30 15:30:00-05:00,33.850101470947266,33.869998931884766,33.850101470947266,33.869998931884766,1520,0.0,0.0,0.0
2023-12-01 09:30:00-05:00,33.93000030517578,33.93000030517578,33.85879898071289,33.88990020751953,0,0.0,0.0,0.0
2023-12-01 10:30:00-05:00,33.900001525878906,33.920101165771484,33.900001525878906,33.920101165771484,4854,0.0,0.0,0.0
2023-12-01 11:30:00-05:00,33.93000030517578,33.959999084472656,33.93000030517578,33.95050048828125,1069,0.0,0.0,0.0
2023-12-01 12:30:00-05:00,33.959999084472656,33.97999954223633,33.959999084472656,33.96950149536133,3514,0.0,0.0,0.0
2023-12-01 13:30:00-05:00,33.970001220703125,33.97999954223633,33.96269989013672,33.96269989013672,2205,0.0,0.0,0.0
2023-12-01 14:30:00-05:00,33.959999084472656,33.96480178833008,33.95989990234375,33.96480178833008,549,0.0,0.0,0.0
2023-12-04 09:30:00-05:00,33.70000076293945,33.720001220703125,33.68000030517578,33.707698822021484,19612,0.0,0.0,0.0
2023-12-04 10:30:00-05:00,33.70000076293945,33.709999084472656,33.689998626708984,33.709999084472656,3759,0.0,0.0,0.0
2023-12-04 11:30:00-05:00,33.709999084472656,33.72999954223633,33.70989990234375,33.72330093383789,4728,0.0,0.0,0.0
2023-12-04 12:30:00-05:00,33.709999084472656,33.720001220703125,33.695098876953125,33.695098876953125,6955,0.0,0.0,0.0
2023-12-04 13:30:00-05:00,33.70949935913086,33.70949935913086,33.70000076293945,33.70949935913086,1465,0.0,0.0,0.0
2023-12-04 14:30:00-05:00,33.709999084472656,33.72999954223633,33.709999084472656,33.720001220703125,3976,0.0,0.0,0.0
2023-12-04 15:30:00-05:00,33.720001220703125,33.7400016784668,33.720001220703125,33.7400016784668,437,0.0,0.0,0.0
2023-12-05 09:30:00-05:00,33.66999816894531,33.75,33.66999816894531,33.739898681640625,0,0.0,0.0,0.0
2023-12-05 10:30:00-05:00,33.7317008972168,33.75,33.720001220703125,33.730499267578125,2218,0.0,0.0,0.0
2023-12-05 11:30:00-05:00,33.72999954223633,33.75,33.724998474121094,33.739898681640625,4327,0.0,0.0,0.0
2023-12-05 14:30:00-05:00,33.75,33.75,33.7400016784668,33.7400016784668,750,0.0,0.0,0.0
2023-12-05 15:30:00-05:00,33.75,33.75,33.730098724365234,33.737998962402344,0,0.0,0.0,0.0
2023-12-06 09:30:00-05:00,33.83000183105469,33.83000183105469,33.73500061035156,33.73500061035156,6159,0.0,0.0,0.0
2023-12-06 10:30:00-05:00,33.743499755859375,33.743499755859375,33.743499755859375,33.743499755859375,393,0.0,0.0,0.0
2023-12-06 11:30:00-05:00,33.7599983215332,33.77000045776367,33.7400016784668,33.762699127197266,3283,0.0,0.0,0.0
2023-12-06 12:30:00-05:00,33.750099182128906,33.77000045776367,33.750099182128906,33.77000045776367,1685,0.0,0.0,0.0
2023-12-06 13:30:00-05:00,33.77000045776367,33.790000915527344,33.760501861572266,33.790000915527344,6686,0.0,0.0,0.0
2023-12-06 14:30:00-05:00,33.7599983215332,33.760501861572266,33.75,33.75199890136719,3728,0.0,0.0,0.0
2023-12-06 15:30:00-05:00,33.75,33.7599983215332,33.7400016784668,33.7599983215332,0,0.0,0.0,0.0
2023-12-07 09:30:00-05:00,33.86000061035156,33.86000061035156,33.750099182128906,33.77989959716797,6989,0.0,0.0,0.0
2023-12-07 10:30:00-05:00,33.77109909057617,33.775001525878906,33.7599983215332,33.77000045776367,1763,0.0,0.0,0.0
2023-12-07 11:30:00-05:00,33.77000045776367,33.77000045776367,33.760101318359375,33.760101318359375,847,0.0,0.0,0.0
2023-12-07 13:30:00-05:00,33.7599983215332,33.79999923706055,33.7599983215332,33.76430130004883,4720,0.0,0.0,0.0
2023-12-07 14:30:00-05:00,33.76169967651367,33.83000183105469,33.7599983215332,33.77989959716797,4659,0.0,0.0,0.0
2023-12-07 15:30:00-05:00,33.779998779296875,33.779998779296875,33.779998779296875,33.779998779296875,0,0.0,0.0,0.0
2023-12-08 09:30:00-05:00,33.75,33.779998779296875,33.75,33.779998779296875,1262,0.0,0.0,0.0
2023-12-08 10:30:00-05:00,33.7599983215332,33.760101318359375,33.7400016784668,33.7400016784668,3993,0.0,0.0,0.0
2023-12-08 11:30:00-05:00,33.7504997253418,33.7599983215332,33.7504997253418,33.7598991394043,661,0.0,0.0,0.0
2023-12-08 12:30:00-05:00,33.7504997253418,33.753299713134766,33.75,33.753299713134766,1738,0.0,0.0,0.0
2023-12-08 13:30:00-05:00,33.749900817871094,33.75659942626953,33.7400016784668,33.75659942626953,1558,0.0,0.0,0.0
2023-12-08 14:30:00-05:00,33.7599983215332,33.7599983215332,33.75630187988281,33.75630187988281,366,0.0,0.0,0.0
2023-12-08 15:30:00-05:00,33.75,33.759498596191406,33.75,33.755001068115234,1172,0.0,0.0,0.0
2023-12-11 09:30:00-05:00,33.720001220703125,33.7599983215332,33.720001220703125,33.7400016784668,9145,0.0,0.0,0.0
2023-12-11 10:30:00-05:00,33.740299224853516,33.740299224853516,33.740299224853516,33.740299224853516,1545,0.0,0.0,0.0
2023-12-11 11:30:00-05:00,33.739498138427734,33.7400016784668,33.739498138427734,33.7400016784668,1428,0.0,0.0,0.0
2023-12-11 12:30:00-05:00,33.749000549316406,33.7599983215332,33.7400016784668,33.75910186767578,1560,0.0,0.0,0.0
2023-12-11 13:30:00-05:00,33.7599983215332,33.7599983215332,33.755001068115234,33.755001068115234,3482,0.0,0.0,0.0
2023-12-11 14:30:00-05:00,33.755001068115234,33.7599983215332,33.7400016784668,33.7400016784668,3283,0.0,0.0,0.0
2023-12-11 15:30:00-05:00,33.7400016784668,33.75709915161133,33.7400016784668,33.75709915161133,4380,0.0,0.0,0.0
2023-12-12 09:30:00-05:00,33.779998779296875,33.779998779296875,33.75,33.769500732421875,0,0.0,0.0,0.0
2023-12-12 10:30:00-05:00,33.77000045776367,33.790000915527344,33.77000045776367,33.779701232910156,2690,0.0,0.0,0.0
2023-12-12 11:30:00-05:00,33.779998779296875,33.78950119018555,33.77000045776367,33.77009963989258,2062,0.0,0.0,0.0
2023-12-12 12:30:00-05:00,33.77000045776367,33.790000915527344,33.77000045776367,33.790000915527344,1565,0.0,0.0,0.0
2023-12-12 13:30:00-05:00,33.79949951171875,33.79949951171875,33.779998779296875,33.78329849243164,5645,0.0,0.0,0.0
2023-12-12 14:30:00-05:00,33.790000915527344,33.79610061645508,33.78990173339844,33.79610061645508,0,0.0,0.0,0.0
2023-12-13 09:30:00-05:00,33.849998474121094,33.849998474121094,33.79999923706055,33.81990051269531,3771,0.0,0.0,0.0
2023-12-13 11:30:00-05:00,33.83000183105469,33.83000183105469,33.81570053100586,33.81990051269531,1245,0.0,0.0,0.0
2023-12-13 12:30:00-05:00,33.80070114135742,33.81129837036133,33.80070114135742,33.81129837036133,550,0.0,0.0,0.0
2023-12-13 13:30:00-05:00,33.805301666259766,33.810001373291016,33.790000915527344,33.790000915527344,10458,0.0,0.0,0.0
2023-12-13 14:30:00-05:00,33.819000244140625,33.81999969482422,33.790000915527344,33.809898376464844,5151,0.0,0.0,0.0
2023-12-13 15:30:00-05:00,33.79999923706055,33.810001373291016,33.7599983215332,33.809898376464844,0,0.0,0.0,0.0
2023-12-14 09:30:00-05:00,33.91999816894531,33.91999816894531,33.81999969482422,33.827999114990234,2942,0.0,0.0,0.0
2023-12-14 10:30:00-05:00,33.84000015258789,33.84000015258789,33.83000183105469,33.84000015258789,1122,0.0,0.0,0.0
2023-12-14 11:30:00-05:00,33.82830047607422,33.829498291015625,33.810001373291016,33.810001373291016,3551,0.0,0.0,0.0
2023-12-14 12:30:00-05:00,33.81999969482422,33.84000015258789,33.81010055541992,33.83000183105469,3143,0.0,0.0,0.0
2023-12-14 13:30:00-05:00,33.829498291015625,33.829498291015625,33.81010055541992,33.829498291015625,4657,0.0,0.0,0.0
2023-12-14 14:30:00-05:00,33.81999969482422,33.84000015258789,33.81999969482422,33.825401306152344,0,0.0,0.0,0.0
2023-12-15 09:30:00-05:00,33.790000915527344,33.790000915527344,33.739898681640625,33.7400016784668,4305,0.0,0.0,0.0
2023-12-15 10:30:00-05:00,33.7400016784668,33.75,33.73500061035156,33.73500061035156,3804,0.0,0.0,0.0
2023-12-15 11:30:00-05:00,33.749900817871094,33.75,33.730201721191406,33.75,2300,0.0,0.0,0.0
2023-12-15 12:30:00-05:00,33.724998474121094,33.72990036010742,33.70249938964844,33.70249938964844,1064,0.0,0.0,0.0
2023-12-15 13:30:00-05:00,33.709999084472656,33.720001220703125,33.70000076293945,33.70000076293945,4144,0.0,0.0,0.0
2023-12-15 14:30:00-05:00,33.70500183105469,33.71989822387695,33.70500183105469,33.71500015258789,1378,0.0,0.0,0.0
2023-12-15 15:30:00-05:00,33.73400115966797,33.7400016784668,33.720001220703125,33.739898681640625,8425,0.0,0.0,0.0
2023-12-18 09:30:00-05:00,33.83000183105469,33.83000183105469,33.79990005493164,33.80950164794922,7144,0.0,0.0,0.0
2023-12-18 10:30:00-05:00,33.790000915527344,33.79999923706055,33.790000915527344,33.79990005493164,3535,0.0,0.0,0.0
2023-12-18 12:30:00-05:00,33.79999923706055,33.79999923706055,33.79999923706055,33.79999923706055,175,0.0,0.0,0.0
2023-12-18 13:30:00-05:00,33.803199768066406,33.80979919433594,33.79999923706055,33.80979919433594,1521,0.0,0.0,0.0
2023-12-18 14:30:00-05:00,33.79999923706055,33.816200256347656,33.79999923706055,33.816200256347656,0,0.0,0.0,0.0
2023-12-19 09:30:00-05:00,33.79999923706055,33.86000061035156,33.79999923706055,33.86000061035156,2992,0.0,0.0,0.0
2023-12-19 10:30:00-05:00,33.859901428222656,33.869998931884766,33.859901428222656,33.869998931884766,1254,0.0,0.0,0.0
2023-12-19 11:30:00-05:00,33.86000061035156,33.86009979248047,33.86000061035156,33.86009979248047,329,0.0,0.0,0.0
2023-12-19 12:30:00-05:00,33.86000061035156,33.86000061035156,33.849998474121094,33.849998474121094,1007,0.0,0.0,0.0
2023-12-19 13:30:00-05:00,33.86009979248047,33.869998931884766,33.86009979248047,33.869998931884766,667,0.0,0.0,0.0
2023-12-19 14:30:00-05:00,33.86000061035156,33.86949920654297,33.86000061035156,33.86949920654297,1600,0.0,0.0,0.0
2023-12-19 15:30:00-05:00,33.86000061035156,33.869998931884766,33.86000061035156,33.869998931884766,0,0.0,0.0,0.0
2023-12-20 09:30:00-05:00,33.869998931884766,33.8849983215332,33.869998931884766,33.880001068115234,2079,0.0,0.0,0.0
2023-12-20 10:30:00-05:00,33.900001525878906,33.900001525878906,33.900001525878906,33.900001525878906,293,0.0,0.0,0.0
2023-12-20 11:30:00-05:00,33.88999938964844,33.900001525878906,33.88999938964844,33.890098571777344,3456,0.0,0.0,0.0
2023-12-20 12:30:00-05:00,33.88999938964844,33.904998779296875,33.88990020751953,33.899898529052734,3117,0.0,0.0,0.0
2023-12-20 13:30:00-05:00,33.9099006652832,33.90999984741211,33.900001525878906,33.90999984741211,1580,0.0,0.0,0.0
2023-12-20 14:30:00-05:00,33.89500045776367,33.89500045776367,33.869998931884766,33.869998931884766,549,0.0,0.0,0.0
2023-12-20 15:30:00-05:00,33.869998931884766,33.869998931884766,33.869998931884766,33.869998931884766,1486,0.0,0.0,0.0
2023-12-21 09:30:00-05:00,33.86000061035156,33.90999984741211,33.86000061035156,33.88209915161133,0,0.0,0.0,0.0
2023-12-21 10:30:00-05:00,33.89500045776367,33.89500045776367,33.89500045776367,33.89500045776367,238,0.0,0.0,0.0
2023-12-21 11:30:00-05:00,33.88019943237305,33.88999938964844,33.87009811401367,33.880001068115234,4352,0.0,0.0,0.0
2023-12-21 12:30:00-05:00,33.880001068115234,33.880001068115234,33.880001068115234,33.880001068115234,120,0.0,0.0,0.0
2023-12-21 13:30:00-05:00,33.899898529052734,33.9099006652832,33.88999938964844,33.906898498535156,7171,0.0,0.0,0.0
2023-12-21 14:30:00-05:00,33.919498443603516,33.919498443603516,33.910099029541016,33.910099029541016,361,0.0,0.0,0.0
2023-12-21 15:30:00-05:00,33.920101165771484,33.93000030517578,33.91999816894531,33.93000030517578,0,0.0,0.0,0.0
2023-12-22 09:30:00-05:00,33.43000030517578,33.43000030517578,33.38999938964844,33.399898529052734,4990,0.0,0.0,0.0
2023-12-22 10:30:00-05:00,33.399898529052734,33.399898529052734,33.37990188598633,33.37990188598633,3242,0.0,0.0,0.0
2023-12-22 11:30:00-05:00,33.38990020751953,33.38990020751953,33.375,33.375,1779,0.0,0.0,0.0
2023-12-22 12:30:00-05:00,33.37009811401367,33.38999938964844,33.37009811401367,33.38999938964844,3058,0.0,0.0,0.0
2023-12-22 13:30:00-05:00,33.39950180053711,33.400001525878906,33.38990020751953,33.38990020751953,3299,0.0,0.0,0.0
2023-12-22 14:30:00-05:00,33.38990020751953,33.38990020751953,33.3849983215332,33.3849983215332,1527,0.0,0.0,0.0
2023-12-22 15:30:00-05:00,33.3849983215332,33.400001525878906,33.369998931884766,33.400001525878906,6958,0.0,0.0,0.0
2023-12-26 09:30:00-05:00,33.36000061035156,33.40999984741211,33.36000061035156,33.40999984741211,3432,0.0,0.0,0.0
2023-12-26 10:30:00-05:00,33.40999984741211,33.40999984741211,33.39500045776367,33.40010070800781,1707,0.0,0.0,0.0
2023-12-26 11:30:00-05:00,33.4099006652832,33.419898986816406,33.4099006652832,33.419898986816406,1711,0.0,0.0,0.0
2023-12-26 12:30:00-05:00,33.40950012207031,33.43000030517578,33.40950012207031,33.43000030517578,1236,0.0,0.0,0.0
2023-12-26 13:30:00-05:00,33.41999816894531,33.43000030517578,33.400001525878906,33.43000030517578,40695,0.0,0.0,0.0
2023-12-26 14:30:00-05:00,33.40999984741211,33.415000915527344,33.400001525878906,33.402000427246094,6842,0.0,0.0,0.0
2023-12-26 15:30:00-05:00,33.40190124511719,33.40190124511719,33.400001525878906,33.4015007019043,0,0.0,0.0,0.0
2023-12-27 09:30:00-05:00,33.41999816894531,33.41999816894531,33.393001556396484,33.40999984741211,6536,0.0,0.0,0.0
2023-12-27 10:30:00-05:00,33.415000915527344,33.459999084472656,33.410099029541016,33.435001373291016,4488,0.0,0.0,0.0
2023-12-27 11:30:00-05:00,33.42499923706055,33.439998626708984,33.41999816894531,33.43000030517578,4508,0.0,0.0,0.0
2023-12-27 12:30:00-05:00,33.43000030517578,33.44929885864258,33.43000030517578,33.44929885864258,1667,0.0,0.0,0.0
2023-12-27 13:30:00-05:00,33.439998626708984,33.44900131225586,33.435001373291016,33.4452018737793,4173,0.0,0.0,0.0
2023-12-27 14:30:00-05:00,33.44990158081055,33.44990158081055,33.44020080566406,33.44020080566406,1160,0.0,0.0,0.0
2023-12-27 15:30:00-05:00,33.439998626708984,33.439998626708984,33.435001373291016,33.435001373291016,1113,0.0,0.0,0.0
2023-12-28 09:30:00-05:00,33.43000030517578,33.44990158081055,33.43000030517578,33.44499969482422,2065,0.0,0.0,0.0
2023-12-28 10:30:00-05:00,33.45000076293945,33.45000076293945,33.439998626708984,33.44499969482422,3219,0.0,0.0,0.0
2023-12-28 11:30:00-05:00,33.43949890136719,33.43989944458008,33.435001373291016,33.43989944458008,783,0.0,0.0,0.0
2023-12-28 12:30:00-05:00,33.439701080322266,33.45000076293945,33.43000030517578,33.45000076293945,8844,0.0,0.0,0.0
2023-12-28 13:30:00-05:00,33.45000076293945,33.459999084472656,33.44110107421875,33.45989990234375,5912,0.0,0.0,0.0
2023-12-28 14:30:00-05:00,33.45759963989258,33.459999084472656,33.439998626708984,33.45989990234375,6173,0.0,0.0,0.0
2023-12-28 15:30:00-05:00,33.45899963378906,33.459999084472656,33.45050048828125,33.459999084472656,0,0.0,0.0,0.0
2023-12-29 09:30:00-05:00,33.439998626708984,33.47999954223633,33.439998626708984,33.47999954223633,4349,0.0,0.0,0.0
2023-12-29 10:30:00-05:00,33.46989822387695,33.46989822387695,33.46989822387695,33.46989822387695,552,0.0,0.0,0.0
2023-12-29 11:30:00-05:00,33.45500183105469,33.456600189208984,33.44499969482422,33.44990158081055,1125,0.0,0.0,0.0
2023-12-29 12:30:00-05:00,33.44990158081055,33.45000076293945,33.439998626708984,33.44499969482422,1164,0.0,0.0,0.0
2023-12-29 13:30:00-05:00,33.45000076293945,33.45000076293945,33.4452018737793,33.4452018737793,2581,0.0,0.0,0.0
2023-12-29 14:30:00-05:00,33.45000076293945,33.45000076293945,33.439998626708984,33.45000076293945,3337,0.0,0.0,0.0
2023-12-29 15:30:00-05:00,33.4453010559082,33.45000076293945,33.439998626708984,33.45000076293945,6894,0.0,0.0,0.0
2024-01-02 09:30:00-05:00,33.45000076293945,33.45000076293945,33.400001525878906,33.41999816894531,9238,0.0,0.0,0.0
2024-01-02 10:30:00-05:00,33.410099029541016,33.41999816894531,33.4098014831543,33.41999816894531,4272,0.0,0.0,0.0
2024-01-02 11:30:00-05:00,33.42499923706055,33.43000030517578,33.41999816894531,33.420501708984375,4337,0.0,0.0,0.0
2024-01-02 12:30:00-05:00,33.41999816894531,33.43000030517578,33.41999816894531,33.43000030517578,3831,0.0,0.0,0.0
2024-01-02 13:30:00-05:00,33.439998626708984,33.439998626708984,33.429901123046875,33.439998626708984,3657,0.0,0.0,0.0
2024-01-02 14:30:00-05:00,33.439998626708984,33.439998626708984,33.420101165771484,33.429901123046875,3246,0.0,0.0,0.0
2024-01-02 15:30:00-05:00,33.43000030517578,33.439998626708984,33.42499923706055,33.439998626708984,0,0.0,0.0,0.0
2024-01-03 09:30:00-05:00,33.38999938964844,33.38999938964844,33.34000015258789,33.34000015258789,7808,0.0,0.0,0.0
2024-01-03 10:30:00-05:00,33.31999969482422,33.349998474121094,33.31999969482422,33.34000015258789,3235,0.0,0.0,0.0
2024-01-03 11:30:00-05:00,33.34000015258789,33.349998474121094,33.34000015258789,33.349998474121094,3748,0.0,0.0,0.0
2024-01-03 12:30:00-05:00,33.36000061035156,33.38999938964844,33.349998474121094,33.38990020751953,4508,0.0,0.0,0.0
2024-01-03 13:30:00-05:00,33.38999938964844,33.38999938964844,33.38999938964844,33.38999938964844,192,0.0,0.0,0.0
2024-01-03 14:30:00-05:00,33.419898986816406,33.419898986816406,33.37990188598633,33.37990188598633,1090,0.0,0.0,0.0
2024-01-03 15:30:00-05:00,33.375,33.40999984741211,33.369998931884766,33.40999984741211,0,0.0,0.0,0.0
2024-01-04 09:30:00-05:00,33.400001525878906,33.400001525878906,33.321998596191406,33.359901428222656,5021,0.0,0.0,0.0
2024-01-04 10:30:00-05:00,33.369998931884766,33.38999938964844,33.350101470947266,33.375701904296875,2090,0.0,0.0,0.0
2024-01-04 12:30:00-05:00,33.339900970458984,33.349998474121094,33.339900970458984,33.349998474121094,3786,0.0,0.0,0.0
2024-01-04 13:30:00-05:00,33.359901428222656,33.369998931884766,33.34080123901367,33.350101470947266,8181,0.0,0.0,0.0
2024-01-04 14:30:00-05:00,33.349998474121094,33.349998474121094,33.34049987792969,33.34049987792969,492,0.0,0.0,0.0
2024-01-04 15:30:00-05:00,33.34000015258789,33.349998474121094,33.34000015258789,33.349998474121094,0,0.0,0.0,0.0
2024-01-05 09:30:00-05:00,33.33000183105469,33.41999816894531,33.33000183105469,33.400001525878906,1772,0.0,0.0,0.0
2024-01-05 10:30:00-05:00,33.419898986816406,33.43000030517578,33.405799865722656,33.405799865722656,1470,0.0,0.0,0.0
2024-01-05 11:30:00-05:00,33.38999938964844,33.38999938964844,33.36899948120117,33.36899948120117,729,0.0,0.0,0.0
2024-01-05 12:30:00-05:00,33.359500885009766,33.359901428222656,33.34980010986328,33.34980010986328,920,0.0,0.0,0.0
2024-01-05 13:30:00-05:00,33.35499954223633,33.369998931884766,33.35499954223633,33.3650016784668,1297,0.0,0.0,0.0
2024-01-05 14:30:00-05:00,33.35350036621094,33.36989974975586,33.35350036621094,33.3650016784668,939,0.0,0.0,0.0
2024-01-05 15:30:00-05:00,33.369998931884766,33.380001068115234,33.369998931884766,33.380001068115234,1329,0.0,0.0,0.0
2024-01-08 09:30:00-05:00,33.380001068115234,33.41999816894531,33.349998474121094,33.41510009765625,15908,0.0,0.0,0.0
2024-01-08 10:30:00-05:00,33.429901123046875,33.45000076293945,33.41999816894531,33.44990158081055,2566,0.0,0.0,0.0
2024-01-08 11:30:00-05:00,33.44200134277344,33.45970153808594,33.44200134277344,33.44990158081055,3324,0.0,0.0,0.0
2024-01-08 12:30:00-05:00,33.459999084472656,33.459999084472656,33.45000076293945,33.45009994506836,1015,0.0,0.0,0.0
2024-01-08 13:30:00-05:00,33.46989822387695,33.46989822387695,33.45989990234375,33.45989990234375,951,0.0,0.0,0.0
2024-01-08 14:30:00-05:00,33.45500183105469,33.459999084472656,33.45000076293945,33.45000076293945,2165,0.0,0.0,0.0
2024-01-08 15:30:00-05:00,33.470001220703125,33.4900016784668,33.45009994506836,33.4900016784668,0,0.0,0.0,0.0
2024-01-09 09:30:00-05:00,33.4900016784668,33.4900016784668,33.41999816894531,33.45880126953125,3800,0.0,0.0,0.0
2024-01-09 10:30:00-05:00,33.459999084472656,33.459999084472656,33.45800018310547,33.45800018310547,1045,0.0,0.0,0.0
2024-01-09 11:30:00-05:00,33.470001220703125,33.47999954223633,33.470001220703125,33.470001220703125,1215,0.0,0.0,0.0
2024-01-09 12:30:00-05:00,33.4900016784668,33.5,33.47999954223633,33.4900016784668,1050,0.0,0.0,0.0
2024-01-09 13:30:00-05:00,33.47999954223633,33.49420166015625,33.47999954223633,33.489898681640625,997,0.0,0.0,0.0
2024-01-09 14:30:00-05:00,33.4900016784668,33.5,33.470001220703125,33.47010040283203,1363,0.0,0.0,0.0
2024-01-09 15:30:00-05:00,33.48500061035156,33.52000045776367,33.47999954223633,33.52000045776367,0,0.0,0.0,0.0
2024-01-10 09:30:00-05:00,33.5099983215332,33.540000915527344,33.5099983215332,33.529998779296875,5538,0.0,0.0,0.0
2024-01-10 10:30:00-05:00,33.53010177612305,33.53010177612305,33.525001525878906,33.525001525878906,5510,0.0,0.0,0.0
2024-01-10 11:30:00-05:00,33.525001525878906,33.52629852294922,33.5099983215332,33.51350021362305,2588,0.0,0.0,0.0
2024-01-10 12:30:00-05:00,33.519901275634766,33.529998779296875,33.519500732421875,33.52989959716797,519,0.0,0.0,0.0
2024-01-10 13:30:00-05:00,33.51499938964844,33.52669906616211,33.51499938964844,33.52669906616211,582,0.0,0.0,0.0
2024-01-10 14:30:00-05:00,33.5099983215332,33.5099983215332,33.494998931884766,33.4995002746582,27861,0.0,0.0,0.0
2024-01-10 15:30:00-05:00,33.499900817871094,33.5099983215332,33.49980163574219,33.5099983215332,0,0.0,0.0,0.0
2024-01-11 09:30:00-05:00,33.5,33.560001373291016,33.5,33.53499984741211,3877,0.0,0.0,0.0
2024-01-11 10:30:00-05:00,33.529998779296875,33.539798736572266,33.529998779296875,33.539798736572266,3249,0.0,0.0,0.0
2024-01-11 11:30:00-05:00,33.529998779296875,33.529998779296875,33.519901275634766,33.52000045776367,3438,0.0,0.0,0.0
2024-01-11 12:30:00-05:00,33.525001525878906,33.540000915527344,33.505001068115234,33.540000915527344,3473,0.0,0.0,0.0
2024-01-11 13:30:00-05:00,33.54990005493164,33.54999923706055,33.54970169067383,33.54970169067383,992,0.0,0.0,0.0
2024-01-11 14:30:00-05:00,33.547000885009766,33.56999969482422,33.547000885009766,33.56999969482422,1817,0.0,0.0,0.0
2024-01-11 15:30:00-05:00,33.56999969482422,33.58000183105469,33.56890106201172,33.58000183105469,6993,0.0,0.0,0.0
2024-01-12 09:30:00-05:00,33.540000915527344,33.61000061035156,33.540000915527344,33.57270050048828,0,0.0,0.0,0.0
2024-01-12 10:30:00-05:00,33.56999969482422,33.58000183105469,33.56999969482422,33.58000183105469,672,0.0,0.0,0.0
2024-01-12 11:30:00-05:00,33.5802001953125,33.59000015258789,33.58000183105469,33.59000015258789,799,0.0,0.0,0.0
2024-01-12 12:30:00-05:00,33.58000183105469,33.5890007019043,33.57350158691406,33.5890007019043,2848,0.0,0.0,0.0
2024-01-12 13:30:00-05:00,33.58039855957031,33.584999084472656,33.58039855957031,33.584999084472656,516,0.0,0.0,0.0
2024-01-12 14:30:00-05:00,33.580101013183594,33.584999084472656,33.580101013183594,33.584999084472656,1073,0.0,0.0,0.0
2024-01-12 15:30:00-05:00,33.59000015258789,33.599998474121094,33.584999084472656,33.599998474121094,1765,0.0,0.0,0.0
2024-01-16 09:30:00-05:00,33.619998931884766,33.619998931884766,33.58000183105469,33.595001220703125,12918,0.0,0.0,0.0
2024-01-16 10:30:00-05:00,33.59000015258789,33.599998474121094,33.59000015258789,33.59629821777344,4398,0.0,0.0,0.0
2024-01-16 11:30:00-05:00,33.589900970458984,33.59000015258789,33.570098876953125,33.570098876953125,3675,0.0,0.0,0.0
2024-01-16 12:30:00-05:00,33.560001373291016,33.560001373291016,33.560001373291016,33.560001373291016,970,0.0,0.0,0.0
2024-01-16 13:30:00-05:00,33.57500076293945,33.57500076293945,33.55009841918945,33.55009841918945,732,0.0,0.0,0.0
2024-01-16 14:30:00-05:00,33.56999969482422,33.56999969482422,33.5640983581543,33.56999969482422,1423,0.0,0.0,0.0
2024-01-16 15:30:00-05:00,33.560001373291016,33.58000183105469,33.560001373291016,33.58000183105469,1866,0.0,0.0,0.0
2024-01-17 09:30:00-05:00,33.529998779296875,33.529998779296875,33.510101318359375,33.52000045776367,0,0.0,0.0,0.0
2024-01-17 10:30:00-05:00,33.51499938964844,33.51499938964844,33.5099983215332,33.510101318359375,1961,0.0,0.0,0.0
2024-01-17 11:30:00-05:00,33.52109909057617,33.529998779296875,33.52109909057617,33.52259826660156,1235,0.0,0.0,0.0
2024-01-17 12:30:00-05:00,33.52000045776367,33.540000915527344,33.50090026855469,33.50090026855469,2342,0.0,0.0,0.0
2024-01-17 13:30:00-05:00,33.505001068115234,33.505001068115234,33.505001068115234,33.505001068115234,347,0.0,0.0,0.0
2024-01-17 14:30:00-05:00,33.50170135498047,33.52000045776367,33.5,33.52000045776367,5030,0.0,0.0,0.0
2024-01-17 15:30:00-05:00,33.540000915527344,33.54999923706055,33.53990173339844,33.54999923706055,0,0.0,0.0,0.0
2024-01-18 09:30:00-05:00,33.55500030517578,33.56999969482422,33.54999923706055,33.56999969482422,3621,0.0,0.0,0.0
2024-01-18 10:30:00-05:00,33.560001373291016,33.599998474121094,33.560001373291016,33.584999084472656,4200,0.0,0.0,0.0
2024-01-18 11:30:00-05:00,33.5890007019043,33.5890007019043,33.560001373291016,33.560001373291016,4982,0.0,0.0,0.0
2024-01-18 12:30:00-05:00,33.560001373291016,33.560001373291016,33.560001373291016,33.560001373291016,794,0.0,0.0,0.0
2024-01-18 13:30:00-05:00,33.57279968261719,33.57279968261719,33.57279968261719,33.57279968261719,110,0.0,0.0,0.0
2024-01-18 14:30:00-05:00,33.57500076293945,33.59000015258789,33.57500076293945,33.59000015258789,512,0.0,0.0,0.0
2024-01-18 15:30:00-05:00,33.59000015258789,33.599998474121094,33.584999084472656,33.58660125732422,0,0.0,0.0,0.0
2024-01-19 09:30:00-05:00,33.579898834228516,33.58000183105469,33.540000915527344,33.54010009765625,4866,0.0,0.0,0.0
2024-01-19 10:30:00-05:00,33.54999923706055,33.580101013183594,33.54999923706055,33.57500076293945,10058,0.0,0.0,0.0
2024-01-19 11:30:00-05:00,33.56999969482422,33.56999969482422,33.54999923706055,33.560001373291016,1689,0.0,0.0,0.0
2024-01-19 12:30:00-05:00,33.584999084472656,33.584999084472656,33.58000183105469,33.584999084472656,624,0.0,0.0,0.0
2024-01-19 13:30:00-05:00,33.595001220703125,33.61000061035156,33.595001220703125,33.599998474121094,4074,0.0,0.0,0.0
2024-01-19 14:30:00-05:00,33.595001220703125,33.61000061035156,33.595001220703125,33.599998474121094,1062,0.0,0.0,0.0
2024-01-19 15:30:00-05:00,33.599998474121094,33.599998474121094,33.56999969482422,33.56999969482422,6767,0.0,0.0,0.0
2024-01-22 09:30:00-05:00,33.61000061035156,33.650001525878906,33.599998474121094,33.650001525878906,8220,0.0,0.0,0.0
2024-01-22 10:30:00-05:00,33.65999984741211,33.65999984741211,33.637901306152344,33.637901306152344,661,0.0,0.0,0.0
2024-01-22 11:30:00-05:00,33.630001068115234,33.630001068115234,33.625999450683594,33.625999450683594,980,0.0,0.0,0.0
2024-01-22 12:30:00-05:00,33.619998931884766,33.63779830932617,33.61000061035156,33.630001068115234,3556,0.0,0.0,0.0
2024-01-22 13:30:00-05:00,33.618099212646484,33.63999938964844,33.618099212646484,33.630001068115234,1775,0.0,0.0,0.0
2024-01-22 14:30:00-05:00,33.61000061035156,33.61000061035156,33.59000015258789,33.599998474121094,3831,0.0,0.0,0.0
2024-01-22 15:30:00-05:00,33.59000015258789,33.59000015258789,33.59000015258789,33.59000015258789,0,0.0,0.0,0.0
2024-01-23 09:30:00-05:00,33.650001525878906,33.650001525878906,33.599998474121094,33.60499954223633,3947,0.0,0.0,0.0
2024-01-23 10:30:00-05:00,33.60499954223633,33.60499954223633,33.60499954223633,33.60499954223633,400,0.0,0.0,0.0
2024-01-23 11:30:00-05:00,33.599998474121094,33.630001068115234,33.599998474121094,33.61349868774414,3459,0.0,0.0,0.0
2024-01-23 12:30:00-05:00,33.60309982299805,33.619998931884766,33.599998474121094,33.609901428222656,2596,0.0,0.0,0.0
2024-01-23 13:30:00-05:00,33.61989974975586,33.630001068115234,33.61989974975586,33.625,7414,0.0,0.0,0.0
2024-01-23 14:30:00-05:00,33.62990188598633,33.630001068115234,33.62990188598633,33.630001068115234,1165,0.0,0.0,0.0
2024-01-23 15:30:00-05:00,33.63999938964844,33.650001525878906,33.63990020751953,33.650001525878906,0,0.0,0.0,0.0
2024-01-24 09:30:00-05:00,33.68899917602539,33.689998626708984,33.66210174560547,33.67940139770508,4473,0.0,0.0,0.0
2024-01-24 10:30:00-05:00,33.68000030517578,33.689998626708984,33.662899017333984,33.679901123046875,2146,0.0,0.0,0.0
2024-01-24 11:30:00-05:00,33.679901123046875,33.689998626708984,33.679901123046875,33.689998626708984,5699,0.0,0.0,0.0
2024-01-24 12:30:00-05:00,33.689998626708984,33.689998626708984,33.650001525878906,33.66999816894531,6007,0.0,0.0,0.0
2024-01-24 13:30:00-05:00,33.630001068115234,33.63999938964844,33.60390090942383,33.62689971923828,4916,0.0,0.0,0.0
2024-01-24 14:30:00-05:00,33.63990020751953,33.657901763916016,33.630001068115234,33.63999938964844,3333,0.0,0.0,0.0
2024-01-24 15:30:00-05:00,33.650001525878906,33.650001525878906,33.650001525878906,33.650001525878906,0,0.0,0.0,0.0
2024-01-25 09:30:00-05:00,33.69029998779297,33.70989990234375,33.65999984741211,33.70989990234375,14128,0.0,0.0,0.0
2024-01-25 11:30:00-05:00,33.70009994506836,33.71049880981445,33.70009994506836,33.71049880981445,364,0.0,0.0,0.0
2024-01-25 12:30:00-05:00,33.709999084472656,33.71910095214844,33.709999084472656,33.71910095214844,1717,0.0,0.0,0.0
2024-01-25 13:30:00-05:00,33.709999084472656,33.709999084472656,33.709999084472656,33.709999084472656,853,0.0,0.0,0.0
2024-01-25 14:30:00-05:00,33.72999954223633,33.72999954223633,33.72800064086914,33.72800064086914,784,0.0,0.0,0.0
2024-01-26 09:30:00-05:00,33.77000045776367,33.77000045776367,33.72850036621094,33.7400016784668,4206,0.0,0.0,0.0
2024-01-26 10:30:00-05:00,33.730098724365234,33.7400016784668,33.730098724365234,33.73500061035156,3786,0.0,0.0,0.0
2024-01-26 11:30:00-05:00,33.730098724365234,33.730098724365234,33.730098724365234,33.730098724365234,204,0.0,0.0,0.0
2024-01-26 12:30:00-05:00,33.7400016784668,33.7400016784668,33.73630142211914,33.73630142211914,202,0.0,0.0,0.0
2024-01-26 13:30:00-05:00,33.72999954223633,33.7400016784668,33.72999954223633,33.73659896850586,2864,0.0,0.0,0.0
2024-01-26 14:30:00-05:00,33.72999954223633,33.7400016784668,33.72999954223633,33.730098724365234,3053,0.0,0.0,0.0
2024-01-26 15:30:00-05:00,33.7400016784668,33.7400016784668,33.73419952392578,33.73419952392578,948,0.0,0.0,0.0
2024-01-29 09:30:00-05:00,33.7599983215332,33.7599983215332,33.724998474121094,33.749698638916016,0,0.0,0.0,0.0
2024-01-29 10:30:00-05:00,33.73500061035156,33.75,33.73500061035156,33.744998931884766,3937,0.0,0.0,0.0
2024-01-29 11:30:00-05:00,33.742000579833984,33.75,33.7401008605957,33.75,769,0.0,0.0,0.0
2024-01-29 12:30:00-05:00,33.75,33.75,33.75,33.75,253,0.0,0.0,0.0
2024-01-29 13:30:00-05:00,33.7400016784668,33.75,33.72999954223633,33.74800109863281,5754,0.0,0.0,0.0
2024-01-29 14:30:00-05:00,33.7401008605957,33.77000045776367,33.7401008605957,33.76089859008789,1650,0.0,0.0,0.0
2024-01-29 15:30:00-05:00,33.77000045776367,33.77000045776367,33.7599983215332,33.76499938964844,2290,0.0,0.0,0.0
2024-01-30 09:30:00-05:00,33.790000915527344,33.790000915527344,33.7401008605957,33.7598991394043,0,0.0,0.0,0.0
2024-01-30 10:30:00-05:00,33.75,33.75,33.720001220703125,33.739898681640625,833,0.0,0.0,0.0
2024-01-30 11:30:00-05:00,33.73759841918945,33.73759841918945,33.73759841918945,33.73759841918945,437,0.0,0.0,0.0
2024-01-30 12:30:00-05:00,33.749900817871094,33.749900817871094,33.749900817871094,33.749900817871094,667,0.0,0.0,0.0
2024-01-30 13:30:00-05:00,33.72529983520508,33.72529983520508,33.72529983520508,33.72529983520508,453,0.0,0.0,0.0
2024-01-30 14:30:00-05:00,33.749900817871094,33.759700775146484,33.7400016784668,33.759700775146484,1893,0.0,0.0,0.0
2024-01-30 15:30:00-05:00,33.73080062866211,33.77000045776367,33.73080062866211,33.77000045776367,0,0.0,0.0,0.0
2024-01-31 09:30:00-05:00,33.810001373291016,33.810001373291016,33.75,33.769901275634766,2465,0.0,0.0,0.0
2024-01-31 10:30:00-05:00,33.7599983215332,33.779998779296875,33.7599983215332,33.779998779296875,2469,0.0,0.0,0.0
2024-01-31 11:30:00-05:00,33.7599983215332,33.7599983215332,33.75,33.7599983215332,702,0.0,0.0,0.0
2024-01-31 12:30:00-05:00,33.757999420166016,33.757999420166016,33.757999420166016,33.757999420166016,352,0.0,0.0,0.0
2024-01-31 13:30:00-05:00,33.76409912109375,33.76409912109375,33.72999954223633,33.72999954223633,1239,0.0,0.0,0.0
2024-01-31 14:30:00-05:00,33.75,33.768001556396484,33.7401008605957,33.768001556396484,2403,0.0,0.0,0.0
2024-01-31 15:30:00-05:00,33.75,33.7599983215332,33.744998931884766,33.7599983215332,3372,0.0,0.0,0.0
2024-02-01 09:30:00-05:00,33.77000045776367,33.790000915527344,33.75,33.75,2740,0.0,0.0,0.0
2024-02-01 10:30:00-05:00,33.779998779296875,33.779998779296875,33.759300231933594,33.769901275634766,1201,0.0,0.0,0.0
2024-02-01 11:30:00-05:00,33.77000045776367,33.790000915527344,33.769901275634766,33.78499984741211,8261,0.0,0.0,0.0
2024-02-01 12:30:00-05:00,33.790000915527344,33.79999923706055,33.775001525878906,33.775001525878906,3524,0.0,0.0,0.0
2024-02-01 13:30:00-05:00,33.77009963989258,33.809898376464844,33.77000045776367,33.809898376464844,616,0.0,0.0,0.0
2024-02-01 14:30:00-05:00,33.810001373291016,33.810001373291016,33.80009841918945,33.810001373291016,1766,0.0,0.0,0.0
2024-02-01 15:30:00-05:00,33.79999923706055,33.810001373291016,33.79999923706055,33.810001373291016,0,0.0,0.0,0.0
2024-02-02 09:30:00-05:00,33.41999816894531,33.41999816894531,33.36000061035156,33.370601654052734,14062,0.0,0.0,0.0
2024-02-02 10:30:00-05:00,33.38999938964844,33.38999938964844,33.380001068115234,33.380001068115234,816,0.0,0.0,0.0
2024-02-02 11:30:00-05:00,33.38999938964844,33.38999938964844,33.349998474121094,33.369998931884766,2942,0.0,0.0,0.0
2024-02-02 12:30:00-05:00,33.380001068115234,33.380001068115234,33.36289978027344,33.36289978027344,684,0.0,0.0,0.0
2024-02-02 13:30:00-05:00,33.36000061035156,33.3911018371582,33.349998474121094,33.3911018371582,9059,0.0,0.0,0.0
2024-02-02 14:30:00-05:00,33.38999938964844,33.38999938964844,33.369998931884766,33.38990020751953,9234,0.0,0.0,0.0
2024-02-02 15:30:00-05:00,33.38999938964844,33.38999938964844,33.38010025024414,33.387901306152344,2265,0.0,0.0,0.0
2024-02-05 09:30:00-05:00,33.38999938964844,33.38999938964844,33.30009841918945,33.310001373291016,0,0.0,0.0,0.0
2024-02-05 10:30:00-05:00,33.31999969482422,33.31999969482422,33.290000915527344,33.30500030517578,5162,0.0,0.0,0.0
2024-02-05 11:30:00-05:00,33.30009841918945,33.310001373291016,33.29999923706055,33.30500030517578,4604,0.0,0.0,0.0
2024-02-05 12:30:00-05:00,33.310001373291016,33.310001373291016,33.29999923706055,33.29999923706055,2409,0.0,0.0,0.0
2024-02-05 13:30:00-05:00,33.29999923706055,33.29999923706055,33.28010177612305,33.29499816894531,509,0.0,0.0,0.0
2024-02-05 14:30:00-05:00,33.31990051269531,33.31990051269531,33.295101165771484,33.30009841918945,636,0.0,0.0,0.0
2024-02-05 15:30:00-05:00,33.33000183105469,33.33000183105469,33.329898834228516,33.329898834228516,440,0.0,0.0,0.0
2024-02-06 09:30:00-05:00,33.27000045776367,33.369998931884766,33.27000045776367,33.362098693847656,3153,0.0,0.0,0.0
2024-02-06 10:30:00-05:00,33.37009811401367,33.380001068115234,33.369998931884766,33.369998931884766,1143,0.0,0.0,0.0
2024-02-06 11:30:00-05:00,33.400001525878906,33.400001525878906,33.380001068115234,33.390098571777344,1580,0.0,0.0,0.0
2024-02-06 12:30:00-05:00,33.40999984741211,33.40999984741211,33.400001525878906,33.400001525878906,4543,0.0,0.0,0.0
2024-02-06 13:30:00-05:00,33.40999984741211,33.40999984741211,33.390098571777344,33.40999984741211,2355,0.0,0.0,0.0
2024-02-06 14:30:00-05:00,33.400001525878906,33.400001525878906,33.380001068115234,33.380001068115234,499,0.0,0.0,0.0
2024-02-06 15:30:00-05:00,33.400001525878906,33.400001525878906,33.38999938964844,33.39310073852539,1336,0.0,0.0,0.0
2024-02-07 09:30:00-05:00,33.41999816894531,33.41999816894531,33.39910125732422,33.40489959716797,0,0.0,0.0,0.0
2024-02-07 10:30:00-05:00,33.4010009765625,33.40999984741211,33.394500732421875,33.39799880981445,2538,0.0,0.0,0.0
2024-02-07 11:30:00-05:00,33.40999984741211,33.40999984741211,33.38999938964844,33.38999938964844,1689,0.0,0.0,0.0
2024-02-07 12:30:00-05:00,33.400001525878906,33.400001525878906,33.38999938964844,33.38999938964844,2657,0.0,0.0,0.0
2024-02-07 13:30:00-05:00,33.4109001159668,33.41999816894531,33.40999984741211,33.40999984741211,3329,0.0,0.0,0.0
2024-02-07 14:30:00-05:00,33.429901123046875,33.43000030517578,33.41999816894531,33.41999816894531,1554,0.0,0.0,0.0
2024-02-07 15:30:00-05:00,33.41600036621094,33.439998626708984,33.41600036621094,33.439998626708984,0,0.0,0.0,0.0
2024-02-08 09:30:00-05:00,33.429901123046875,33.439998626708984,33.38999938964844,33.43989944458008,6598,0.0,0.0,0.0
2024-02-08 10:30:00-05:00,33.40999984741211,33.439998626708984,33.40999984741211,33.43989944458008,1800,0.0,0.0,0.0
2024-02-08 11:30:00-05:00,33.40999984741211,33.40999984741211,33.40999984741211,33.40999984741211,552,0.0,0.0,0.0
2024-02-08 12:30:00-05:00,33.416900634765625,33.41999816894531,33.416900634765625,33.41999816894531,534,0.0,0.0,0.0
2024-02-08 13:30:00-05:00,33.40999984741211,33.435001373291016,33.40999984741211,33.435001373291016,6145,0.0,0.0,0.0
2024-02-08 14:30:00-05:00,33.43000030517578,33.430999755859375,33.429901123046875,33.429901123046875,1476,0.0,0.0,0.0
2024-02-08 15:30:00-05:00,33.41999816894531,33.43000030517578,33.41999816894531,33.43000030517578,0,0.0,0.0,0.0
2024-02-09 09:30:00-05:00,33.459999084472656,33.459999084472656,33.400001525878906,33.43000030517578,12797,0.0,0.0,0.0
2024-02-09 10:30:00-05:00,33.439998626708984,33.459999084472656,33.439998626708984,33.45989990234375,1598,0.0,0.0,0.0
2024-02-09 11:30:00-05:00,33.44390106201172,33.47999954223633,33.439998626708984,33.45009994506836,25454,0.0,0.0,0.0
2024-02-09 12:30:00-05:00,33.470001220703125,33.470001220703125,33.459999084472656,33.46289825439453,763,0.0,0.0,0.0
2024-02-09 13:30:00-05:00,33.4900016784668,33.4900016784668,33.459999084472656,33.470001220703125,1106,0.0,0.0,0.0
2024-02-09 14:30:00-05:00,33.472900390625,33.4900016784668,33.472900390625,33.47999954223633,2181,0.0,0.0,0.0
2024-02-09 15:30:00-05:00,33.462100982666016,33.4900016784668,33.462100982666016,33.4900016784668,1442,0.0,0.0,0.0
2024-02-12 09:30:00-05:00,33.45000076293945,33.487998962402344,33.45000076293945,33.470001220703125,4405,0.0,0.0,0.0
2024-02-12 10:30:00-05:00,33.47010040283203,33.47999954223633,33.470001220703125,33.47999954223633,2332,0.0,0.0,0.0
2024-02-12 11:30:00-05:00,33.4900016784668,33.4900016784668,33.465999603271484,33.47010040283203,4826,0.0,0.0,0.0
2024-02-12 12:30:00-05:00,33.470001220703125,33.474998474121094,33.470001220703125,33.474998474121094,655,0.0,0.0,0.0
2024-02-12 13:30:00-05:00,33.47990036010742,33.47990036010742,33.459999084472656,33.459999084472656,2038,0.0,0.0,0.0
2024-02-12 14:30:00-05:00,33.45000076293945,33.46500015258789,33.420101165771484,33.46009826660156,6243,0.0,0.0,0.0
2024-02-12 15:30:00-05:00,33.459999084472656,33.470001220703125,33.459999084472656,33.470001220703125,0,0.0,0.0,0.0
2024-02-13 09:30:00-05:00,33.40999984741211,33.40999984741211,33.33000183105469,33.36989974975586,12675,0.0,0.0,0.0
2024-02-13 10:30:00-05:00,33.36980056762695,33.36980056762695,33.36040115356445,33.36040115356445,792,0.0,0.0,0.0
2024-02-13 12:30:00-05:00,33.369998931884766,33.375,33.369998931884766,33.37110137939453,1863,0.0,0.0,0.0
2024-02-13 13:30:00-05:00,33.380001068115234,33.380001068115234,33.33000183105469,33.33000183105469,2779,0.0,0.0,0.0
2024-02-13 14:30:00-05:00,33.30009841918945,33.31999969482422,33.279998779296875,33.290000915527344,3563,0.0,0.0,0.0
2024-02-13 15:30:00-05:00,33.330101013183594,33.33660125732422,33.33000183105469,33.33660125732422,1143,0.0,0.0,0.0
2024-02-14 09:30:00-05:00,33.400001525878906,33.45000076293945,33.400001525878906,33.45000076293945,0,0.0,0.0,0.0
2024-02-14 10:30:00-05:00,33.41999816894531,33.41999816894531,33.41999816894531,33.41999816894531,115,0.0,0.0,0.0
2024-02-14 11:30:00-05:00,33.43000030517578,33.43000030517578,33.429901123046875,33.43000030517578,1741,0.0,0.0,0.0
2024-02-14 12:30:00-05:00,33.43000030517578,33.459999084472656,33.43000030517578,33.459999084472656,3028,0.0,0.0,0.0
2024-02-14 14:30:00-05:00,33.43000030517578,33.43000030517578,33.43000030517578,33.43000030517578,240,0.0,0.0,0.0
2024-02-14 15:30:00-05:00,33.45000076293945,33.459999084472656,33.43199920654297,33.43199920654297,0,0.0,0.0,0.0
2024-02-15 09:30:00-05:00,33.47200012207031,33.5099983215332,33.47200012207031,33.5099983215332,1362,0.0,0.0,0.0
2024-02-15 10:30:00-05:00,33.50210189819336,33.5099983215332,33.47999954223633,33.4900016784668,1619,0.0,0.0,0.0
2024-02-15 11:30:00-05:00,33.52000045776367,33.52000045776367,33.52000045776367,33.52000045776367,1141,0.0,0.0,0.0
2024-02-15 12:30:00-05:00,33.5099983215332,33.5099983215332,33.5099983215332,33.5099983215332,157,0.0,0.0,0.0
2024-02-15 13:30:00-05:00,33.5,33.5,33.5,33.5,226,0.0,0.0,0.0
2024-02-15 14:30:00-05:00,33.52989959716797,33.52989959716797,33.5,33.51890182495117,1588,0.0,0.0,0.0
2024-02-15 15:30:00-05:00,33.52000045776367,33.52000045776367,33.50899887084961,33.50899887084961,0,0.0,0.0,0.0
2024-02-16 09:30:00-05:00,33.5,33.5,33.459999084472656,33.459999084472656,1924,0.0,0.0,0.0
2024-02-16 10:30:00-05:00,33.47999954223633,33.47999954223633,33.47999954223633,33.47999954223633,323,0.0,0.0,0.0
2024-02-16 11:30:00-05:00,33.489498138427734,33.48979949951172,33.45000076293945,33.45000076293945,2859,0.0,0.0,0.0
2024-02-16 12:30:00-05:00,33.43000030517578,33.47999954223633,33.43000030517578,33.47990036010742,1795,0.0,0.0,0.0
2024-02-16 13:30:00-05:00,33.4900016784668,33.4900016784668,33.474700927734375,33.474700927734375,1224,0.0,0.0,0.0
2024-02-16 14:30:00-05:00,33.459999084472656,33.459999084472656,33.459999084472656,33.459999084472656,493,0.0,0.0,0.0
2024-02-16 15:30:00-05:00,33.41999816894531,33.47489929199219,33.41999816894531,33.47489929199219,100,0.0,0.0,0.0
2024-02-20 09:30:00-05:00,33.38999938964844,33.4900016784668,33.38999938964844,33.4900016784668,3739,0.0,0.0,0.0
2024-02-20 10:30:00-05:00,33.5098991394043,33.518001556396484,33.494998931884766,33.494998931884766,895,0.0,0.0,0.0
2024-02-20 11:30:00-05:00,33.52000045776367,33.52000045776367,33.47010040283203,33.50960159301758,2124,0.0,0.0,0.0
2024-02-20 12:30:00-05:00,33.50529861450195,33.52000045776367,33.49729919433594,33.519901275634766,3971,0.0,0.0,0.0
2024-02-20 13:30:00-05:00,33.529998779296875,33.529998779296875,33.504798889160156,33.52000045776367,5506,0.0,0.0,0.0
2024-02-20 14:30:00-05:00,33.540000915527344,33.540000915527344,33.50960159301758,33.52009963989258,8065,0.0,0.0,0.0
2024-02-20 15:30:00-05:00,33.5161018371582,33.540000915527344,33.5161018371582,33.540000915527344,0,0.0,0.0,0.0
2024-02-21 09:30:00-05:00,33.510101318359375,33.519901275634766,33.5098991394043,33.519901275634766,1474,0.0,0.0,0.0
2024-02-21 10:30:00-05:00,33.52000045776367,33.52000045776367,33.52000045776367,33.52000045776367,719,0.0,0.0,0.0
2024-02-21 11:30:00-05:00,33.529998779296875,33.529998779296875,33.47999954223633,33.47999954223633,9907,0.0,0.0,0.0
2024-02-21 12:30:00-05:00,33.47999954223633,33.481300354003906,33.470001220703125,33.47019958496094,1963,0.0,0.0,0.0
2024-02-21 13:30:00-05:00,33.46329879760742,33.470001220703125,33.46329879760742,33.46500015258789,2544,0.0,0.0,0.0
2024-02-21 14:30:00-05:00,33.46500015258789,33.484901428222656,33.46500015258789,33.484901428222656,0,0.0,0.0,0.0
2024-02-22 09:30:00-05:00,33.540000915527344,33.59000015258789,33.52000045776367,33.529998779296875,1630,0.0,0.0,0.0
2024-02-22 10:30:00-05:00,33.554100036621094,33.58000183105469,33.554100036621094,33.58000183105469,1114,0.0,0.0,0.0
2024-02-22 11:30:00-05:00,33.56999969482422,33.56999969482422,33.540000915527344,33.56999969482422,1986,0.0,0.0,0.0
2024-02-22 12:30:00-05:00,33.56999969482422,33.58000183105469,33.56999969482422,33.58000183105469,1863,0.0,0.0,0.0
2024-02-22 13:30:00-05:00,33.59000015258789,33.599998474121094,33.56999969482422,33.599998474121094,806,0.0,0.0,0.0
2024-02-22 14:30:00-05:00,33.58000183105469,33.59000015258789,33.56999969482422,33.57500076293945,3420,0.0,0.0,0.0
2024-02-22 15:30:00-05:00,33.56679916381836,33.56679916381836,33.54999923706055,33.54999923706055,0,0.0,0.0,0.0
2024-02-23 09:30:00-05:00,33.599998474121094,33.619998931884766,33.599998474121094,33.60499954223633,1803,0.0,0.0,0.0
2024-02-23 10:30:00-05:00,33.58000183105469,33.599998474121094,33.58000183105469,33.599998474121094,706,0.0,0.0,0.0
2024-02-23 11:30:00-05:00,33.61280059814453,33.625,33.5900993347168,33.5900993347168,889,0.0,0.0,0.0
2024-02-23 12:30:00-05:00,33.630001068115234,33.630001068115234,33.62990188598633,33.62990188598633,2339,0.0,0.0,0.0
2024-02-23 13:30:00-05:00,33.630001068115234,33.630001068115234,33.619998931884766,33.619998931884766,3073,0.0,0.0,0.0
2024-02-23 14:30:00-05:00,33.630001068115234,33.630001068115234,33.62519836425781,33.62519836425781,874,0.0,0.0,0.0
2024-02-23 15:30:00-05:00,33.625,33.625,33.619998931884766,33.619998931884766,5109,0.0,0.0,0.0
2024-02-26 09:30:00-05:00,33.650001525878906,33.650001525878906,33.59000015258789,33.59000015258789,4229,0.0,0.0,0.0
2024-02-26 10:30:00-05:00,33.58000183105469,33.580101013183594,33.56999969482422,33.570098876953125,3673,0.0,0.0,0.0
2024-02-26 11:30:00-05:00,33.59000015258789,33.59000015258789,33.5713005065918,33.5713005065918,1386,0.0,0.0,0.0
2024-02-26 12:30:00-05:00,33.58000183105469,33.58000183105469,33.58000183105469,33.58000183105469,576,0.0,0.0,0.0
2024-02-26 13:30:00-05:00,33.58000183105469,33.59000015258789,33.56999969482422,33.57709884643555,1709,0.0,0.0,0.0
2024-02-26 14:30:00-05:00,33.56999969482422,33.56999969482422,33.56999969482422,33.56999969482422,998,0.0,0.0,0.0
2024-02-26 15:30:00-05:00,33.56999969482422,33.59000015258789,33.56999969482422,33.59000015258789,0,0.0,0.0,0.0
2024-02-27 09:30:00-05:00,33.57500076293945,33.59000015258789,33.529998779296875,33.589900970458984,8204,0.0,0.0,0.0
2024-02-27 10:30:00-05:00,33.599998474121094,33.599998474121094,33.580501556396484,33.580501556396484,1257,0.0,0.0,0.0
2024-02-27 11:30:00-05:00,33.59000015258789,33.59000015258789,33.575199127197266,33.58000183105469,3242,0.0,0.0,0.0
2024-02-27 12:30:00-05:00,33.59000015258789,33.599998474121094,33.58000183105469,33.59989929199219,5221,0.0,0.0,0.0
2024-02-27 13:30:00-05:00,33.59989929199219,33.599998474121094,33.59709930419922,33.59709930419922,1009,0.0,0.0,0.0
2024-02-27 14:30:00-05:00,33.599998474121094,33.599998474121094,33.59989929199219,33.599998474121094,912,0.0,0.0,0.0
2024-02-27 15:30:00-05:00,33.599998474121094,33.619998931884766,33.599998474121094,33.619998931884766,0,0.0,0.0,0.0
2024-02-28 09:30:00-05:00,33.619998931884766,33.619998931884766,33.58000183105469,33.590999603271484,5046,0.0,0.0,0.0
2024-02-28 10:30:00-05:00,33.61009979248047,33.630001068115234,33.61009979248047,33.630001068115234,33956,0.0,0.0,0.0
2024-02-28 11:30:00-05:00,33.61009979248047,33.630001068115234,33.61009979248047,33.630001068115234,1170,0.0,0.0,0.0
2024-02-28 12:30:00-05:00,33.600101470947266,33.63999938964844,33.600101470947266,33.630001068115234,17864,0.0,0.0,0.0
2024-02-28 13:30:00-05:00,33.63999938964844,33.63999938964844,33.62009811401367,33.63999938964844,2024,0.0,0.0,0.0
2024-02-28 14:30:00-05:00,33.63999938964844,33.63999938964844,33.619998931884766,33.63999938964844,4233,0.0,0.0,0.0
2024-02-28 15:30:00-05:00,33.63999938964844,33.63999938964844,33.62990188598633,33.630001068115234,0,0.0,0.0,0.0
2024-02-29 09:30:00-05:00,33.619998931884766,33.68000030517578,33.619998931884766,33.67150115966797,3038,0.0,0.0,0.0
2024-02-29 10:30:00-05:00,33.66999816894531,33.66999816894531,33.650001525878906,33.65010070800781,4252,0.0,0.0,0.0
2024-02-29 11:30:00-05:00,33.65999984741211,33.66299819946289,33.65010070800781,33.65999984741211,3344,0.0,0.0,0.0
2024-02-29 12:30:00-05:00,33.650001525878906,33.650001525878906,33.640098571777344,33.650001525878906,3581,0.0,0.0,0.0
2024-02-29 13:30:00-05:00,33.650001525878906,33.66999816894531,33.64799880981445,33.650001525878906,6595,0.0,0.0,0.0
2024-02-29 14:30:00-05:00,33.65999984741211,33.65999984741211,33.630001068115234,33.64799880981445,2920,0.0,0.0,0.0
2024-02-29 15:30:00-05:00,33.64500045776367,33.66999816894531,33.640098571777344,33.66999816894531,7966,0.0,0.0,0.0
2024-03-01 09:30:00-05:00,33.689998626708984,33.70000076293945,33.65999984741211,33.690101623535156,0,0.0,0.0,0.0
2024-03-01 10:30:00-05:00,33.70000076293945,33.720001220703125,33.69969940185547,33.709999084472656,8065,0.0,0.0,0.0
2024-03-01 11:30:00-05:00,33.70000076293945,33.73979949951172,33.689998626708984,33.72999954223633,4842,0.0,0.0,0.0
2024-03-01 12:30:00-05:00,33.72010040283203,33.75,33.72010040283203,33.73569869995117,2198,0.0,0.0,0.0
2024-03-01 13:30:00-05:00,33.7400016784668,33.75,33.72999954223633,33.72999954223633,3165,0.0,0.0,0.0
2024-03-01 14:30:00-05:00,33.73500061035156,33.744998931884766,33.72999954223633,33.7400016784668,3177,0.0,0.0,0.0
2024-03-01 15:30:00-05:00,33.72999954223633,33.75,33.72999954223633,33.75,3050,0.0,0.0,0.0
2024-03-04 09:30:00-05:00,33.33000183105469,33.33000183105469,33.29999923706055,33.314998626708984,17303,0.0,0.0,0.0
2024-03-04 10:30:00-05:00,33.310001373291016,33.31010055541992,33.29499816894531,33.301300048828125,4705,0.0,0.0,0.0
2024-03-04 11:30:00-05:00,33.29999923706055,33.33000183105469,33.29499816894531,33.329898834228516,17934,0.0,0.0,0.0
2024-03-04 12:30:00-05:00,33.31999969482422,33.33000183105469,33.310001373291016,33.310001373291016,1308,0.0,0.0,0.0
2024-03-04 13:30:00-05:00,33.31999969482422,33.31999969482422,33.304100036621094,33.304100036621094,2442,0.0,0.0,0.0
2024-03-04 14:30:00-05:00,33.31999969482422,33.34000015258789,33.31010055541992,33.34000015258789,7375,0.0,0.0,0.0
2024-03-04 15:30:00-05:00,33.34000015258789,33.34000015258789,33.33000183105469,33.34000015258789,3264,0.0,0.0,0.0
2024-03-05 09:30:00-05:00,33.33000183105469,33.34000015258789,33.3202018737793,33.34000015258789,5217,0.0,0.0,0.0
2024-03-05 10:30:00-05:00,33.330101013183594,33.34000015258789,33.31999969482422,33.33000183105469,5026,0.0,0.0,0.0
2024-03-05 11:30:00-05:00,33.33000183105469,33.33000183105469,33.31999969482422,33.31999969482422,1148,0.0,0.0,0.0
2024-03-05 12:30:00-05:00,33.34000015258789,33.34000015258789,33.339698791503906,33.339698791503906,560,0.0,0.0,0.0
2024-03-05 13:30:00-05:00,33.32500076293945,33.33000183105469,33.32500076293945,33.33000183105469,2940,0.0,0.0,0.0
2024-03-05 14:30:00-05:00,33.33000183105469,33.33000183105469,33.314998626708984,33.31990051269531,876,0.0,0.0,0.0
2024-03-05 15:30:00-05:00,33.31999969482422,33.33000183105469,33.310001373291016,33.33000183105469,0,0.0,0.0,0.0
2024-03-06 09:30:00-05:00,33.34000015258789,33.40999984741211,33.34000015258789,33.36000061035156,8132,0.0,0.0,0.0
2024-03-06 10:30:00-05:00,33.369998931884766,33.369998931884766,33.349998474121094,33.36000061035156,3794,0.0,0.0,0.0
2024-03-06 11:30:00-05:00,33.36000061035156,33.369998931884766,33.36000061035156,33.36000061035156,3062,0.0,0.0,0.0
2024-03-06 12:30:00-05:00,33.36000061035156,33.369998931884766,33.350101470947266,33.369998931884766,1400,0.0,0.0,0.0
2024-03-06 13:30:00-05:00,33.369998931884766,33.369998931884766,33.349998474121094,33.36000061035156,5211,0.0,0.0,0.0
2024-03-06 14:30:00-05:00,33.36000061035156,33.36000061035156,33.34989929199219,33.349998474121094,3258,0.0,0.0,0.0
2024-03-06 15:30:00-05:00,33.345001220703125,33.36000061035156,33.345001220703125,33.349998474121094,0,0.0,0.0,0.0
2024-03-07 09:30:00-05:00,33.35499954223633,33.38999938964844,33.3400993347168,33.349998474121094,12453,0.0,0.0,0.0
2024-03-07 10:30:00-05:00,33.36000061035156,33.375,33.36000061035156,33.36000061035156,2155,0.0,0.0,0.0
2024-03-07 11:30:00-05:00,33.35969924926758,33.369998931884766,33.349998474121094,33.349998474121094,3145,0.0,0.0,0.0
2024-03-07 12:30:00-05:00,33.36000061035156,33.36000061035156,33.349998474121094,33.36000061035156,1043,0.0,0.0,0.0
2024-03-07 13:30:00-05:00,33.36000061035156,33.369998931884766,33.355201721191406,33.36000061035156,5106,0.0,0.0,0.0
2024-03-07 14:30:00-05:00,33.369998931884766,33.369998931884766,33.36000061035156,33.369998931884766,512,0.0,0.0,0.0
2024-03-07 15:30:00-05:00,33.36000061035156,33.369998931884766,33.36000061035156,33.369998931884766,3764,0.0,0.0,0.0
2024-03-08 09:30:00-05:00,33.380001068115234,33.40999984741211,33.369998931884766,33.380001068115234,0,0.0,0.0,0.0
2024-03-08 10:30:00-05:00,33.400001525878906,33.400001525878906,33.38010025024414,33.38999938964844,2381,0.0,0.0,0.0
2024-03-08 11:30:00-05:00,33.38999938964844,33.400001525878906,33.38330078125,33.38999938964844,3700,0.0,0.0,0.0
2024-03-08 12:30:00-05:00,33.400001525878906,33.400001525878906,33.380001068115234,33.380001068115234,7288,0.0,0.0,0.0
2024-03-08 13:30:00-05:00,33.380001068115234,33.38999938964844,33.371498107910156,33.38999938964844,2582,0.0,0.0,0.0
2024-03-08 14:30:00-05:00,33.389801025390625,33.38999938964844,33.37009811401367,33.38999938964844,4680,0.0,0.0,0.0
2024-03-08 15:30:00-05:00,33.38999938964844,33.38999938964844,33.37969970703125,33.38999938964844,2104,0.0,0.0,0.0
2024-03-11 09:30:00-04:00,33.400001525878906,33.400001525878906,33.37009811401367,33.38990020751953,3895,0.0,0.0,0.0
2024-03-11 10:30:00-04:00,33.38999938964844,33.38999938964844,33.380001068115234,33.380001068115234,6437,0.0,0.0,0.0
2024-03-11 11:30:00-04:00,33.380001068115234,33.38999938964844,33.380001068115234,33.38999938964844,4911,0.0,0.0,0.0
2024-03-11 12:30:00-04:00,33.380001068115234,33.38999938964844,33.36000061035156,33.380001068115234,6044,0.0,0.0,0.0
2024-03-11 13:30:00-04:00,33.361000061035156,33.380001068115234,33.361000061035156,33.37009811401367,5636,0.0,0.0,0.0
2024-03-11 14:30:00-04:00,33.380001068115234,33.380001068115234,33.369998931884766,33.380001068115234,1658,0.0,0.0,0.0
2024-03-11 15:30:00-04:00,33.3849983215332,33.38520050048828,33.3849983215332,33.38520050048828,0,0.0,0.0,0.0
2024-03-12 09:30:00-04:00,33.43000030517578,33.43000030517578,33.38999938964844,33.41999816894531,6433,0.0,0.0,0.0
2024-03-12 10:30:00-04:00,33.41999816894531,33.41999816894531,33.4099006652832,33.41999816894531,2597,0.0,0.0,0.0
2024-03-12 11:30:00-04:00,33.41999816894531,33.41999816894531,33.41999816894531,33.41999816894531,3142,0.0,0.0,0.0
2024-03-12 12:30:00-04:00,33.41999816894531,33.43000030517578,33.39500045776367,33.41999816894531,2338,0.0,0.0,0.0
2024-03-12 13:30:00-04:00,33.43000030517578,33.43000030517578,33.40999984741211,33.43000030517578,3380,0.0,0.0,0.0
2024-03-12 14:30:00-04:00,33.41999816894531,33.43000030517578,33.40999984741211,33.43000030517578,5325,0.0,0.0,0.0
2024-03-12 15:30:00-04:00,33.43000030517578,33.439998626708984,33.42290115356445,33.43000030517578,0,0.0,0.0,0.0
2024-03-13 09:30:00-04:00,33.439998626708984,33.4900016784668,33.42210006713867,33.439998626708984,16142,0.0,0.0,0.0
2024-03-13 10:30:00-04:00,33.439998626708984,33.439998626708984,33.43000030517578,33.43000030517578,2215,0.0,0.0,0.0
2024-03-13 11:30:00-04:00,33.43000030517578,33.439998626708984,33.43000030517578,33.439998626708984,2335,0.0,0.0,0.0
2024-03-13 12:30:00-04:00,33.439998626708984,33.439998626708984,33.43009948730469,33.439998626708984,2319,0.0,0.0,0.0
2024-03-13 13:30:00-04:00,33.439998626708984,33.439998626708984,33.43009948730469,33.439998626708984,5362,0.0,0.0,0.0
2024-03-13 14:30:00-04:00,33.439998626708984,33.439998626708984,33.43009948730469,33.439998626708984,2603,0.0,0.0,0.0
2024-03-13 15:30:00-04:00,33.439998626708984,33.45000076293945,33.43009948730469,33.439998626708984,0,0.0,0.0,0.0
2024-03-14 09:30:00-04:00,33.420101165771484,33.43989944458008,33.420101165771484,33.43000030517578,1294,0.0,0.0,0.0
2024-03-14 10:30:00-04:00,33.41999816894531,33.439998626708984,33.41999816894531,33.43000030517578,2498,0.0,0.0,0.0
2024-03-14 11:30:00-04:00,33.43000030517578,33.43000030517578,33.40999984741211,33.410099029541016,834,0.0,0.0,0.0
2024-03-14 12:30:00-04:00,33.43000030517578,33.43000030517578,33.40999984741211,33.4296989440918,1256,0.0,0.0,0.0
2024-03-14 13:30:00-04:00,33.40999984741211,33.43000030517578,33.40999984741211,33.41999816894531,4323,0.0,0.0,0.0
2024-03-14 14:30:00-04:00,33.429901123046875,33.43000030517578,33.419898986816406,33.41999816894531,2852,0.0,0.0,0.0
2024-03-14 15:30:00-04:00,33.43000030517578,33.43000030517578,33.41999816894531,33.43000030517578,3939,0.0,0.0,0.0
2024-03-15 09:30:00-04:00,33.400001525878906,33.400001525878906,33.37990188598633,33.400001525878906,2389,0.0,0.0,0.0
2024-03-15 10:30:00-04:00,33.400001525878906,33.400001525878906,33.390098571777344,33.399898529052734,2858,0.0,0.0,0.0
2024-03-15 11:30:00-04:00,33.39849853515625,33.400001525878906,33.38999938964844,33.38999938964844,2621,0.0,0.0,0.0
2024-03-15 12:30:00-04:00,33.400001525878906,33.40999984741211,33.399600982666016,33.40999984741211,2565,0.0,0.0,0.0
2024-03-15 13:30:00-04:00,33.40999984741211,33.41999816894531,33.394100189208984,33.40999984741211,11494,0.0,0.0,0.0
2024-03-15 14:30:00-04:00,33.43000030517578,33.43000030517578,33.41999816894531,33.42499923706055,5794,0.0,0.0,0.0
2024-03-15 15:30:00-04:00,33.43000030517578,33.43000030517578,33.40999984741211,33.40999984741211,6761,0.0,0.0,0.0
2024-03-18 09:30:00-04:00,33.45000076293945,33.45000076293945,33.40999984741211,33.41669845581055,10882,0.0,0.0,0.0
2024-03-18 10:30:00-04:00,33.439998626708984,33.439998626708984,33.43000030517578,33.439998626708984,4786,0.0,0.0,0.0
2024-03-18 11:30:00-04:00,33.439998626708984,33.45000076293945,33.429901123046875,33.43000030517578,12101,0.0,0.0,0.0
2024-03-18 12:30:00-04:00,33.43000030517578,33.45000076293945,33.43000030517578,33.439998626708984,4070,0.0,0.0,0.0
2024-03-18 13:30:00-04:00,33.435001373291016,33.45000076293945,33.43000030517578,33.45000076293945,1165,0.0,0.0,0.0
2024-03-18 14:30:00-04:00,33.439998626708984,33.459999084472656,33.439998626708984,33.45000076293945,2742,0.0,0.0,0.0
2024-03-18 15:30:00-04:00,33.45000076293945,33.45000076293945,33.44499969482422,33.45000076293945,0,0.0,0.0,0.0
2024-03-19 09:30:00-04:00,33.45000076293945,33.47999954223633,33.44990158081055,33.470001220703125,2866,0.0,0.0,0.0
2024-03-19 10:30:00-04:00,33.459999084472656,33.47999954223633,33.459999084472656,33.47999954223633,4273,0.0,0.0,0.0
2024-03-19 11:30:00-04:00,33.47999954223633,33.492000579833984,33.47990036010742,33.492000579833984,731,0.0,0.0,0.0
2024-03-19 12:30:00-04:00,33.480098724365234,33.5,33.459999084472656,33.5,1662,0.0,0.0,0.0
2024-03-19 13:30:00-04:00,33.48500061035156,33.48500061035156,33.480098724365234,33.480098724365234,1324,0.0,0.0,0.0
2024-03-19 14:30:00-04:00,33.5,33.5,33.494998931884766,33.494998931884766,3276,0.0,0.0,0.0
2024-03-19 15:30:00-04:00,33.5,33.5,33.499298095703125,33.5,1024,0.0,0.0,0.0
2024-03-20 09:30:00-04:00,33.52000045776367,33.52000045776367,33.489898681640625,33.4900016784668,10616,0.0,0.0,0.0
2024-03-20 10:30:00-04:00,33.48500061035156,33.4900016784668,33.474998474121094,33.47999954223633,3392,0.0,0.0,0.0
2024-03-20 11:30:00-04:00,33.4900016784668,33.4900016784668,33.474998474121094,33.47999954223633,1680,0.0,0.0,0.0
2024-03-20 12:30:00-04:00,33.4900016784668,33.4900016784668,33.459999084472656,33.459999084472656,1282,0.0,0.0,0.0
2024-03-20 13:30:00-04:00,33.47840118408203,33.47999954223633,33.459999084472656,33.47990036010742,1205,0.0,0.0,0.0
2024-03-20 14:30:00-04:00,33.5,33.5099983215332,33.48889923095703,33.5098991394043,1684,0.0,0.0,0.0
2024-03-20 15:30:00-04:00,33.52989959716797,33.54999923706055,33.5099983215332,33.54999923706055,0,0.0,0.0,0.0
2024-03-21 09:30:00-04:00,33.61000061035156,33.61000061035156,33.53730010986328,33.54990005493164,11575,0.0,0.0,0.0
2024-03-21 10:30:00-04:00,33.53839874267578,33.58000183105469,33.52000045776367,33.56999969482422,3125,0.0,0.0,0.0
2024-03-21 11:30:00-04:00,33.560001373291016,33.56999969482422,33.54999923706055,33.56990051269531,6777,0.0,0.0,0.0
2024-03-21 12:30:00-04:00,33.56999969482422,33.56999969482422,33.54499816894531,33.54499816894531,1116,0.0,0.0,0.0
2024-03-21 13:30:00-04:00,33.56999969482422,33.56999969482422,33.540000915527344,33.54180145263672,10029,0.0,0.0,0.0
2024-03-21 14:30:00-04:00,33.56999969482422,33.56999969482422,33.52009963989258,33.56999969482422,1231,0.0,0.0,0.0
2024-03-21 15:30:00-04:00,33.56999969482422,33.56999969482422,33.537601470947266,33.56999969482422,0,0.0,0.0,0.0
2024-03-22 09:30:00-04:00,33.5099983215332,33.54999923706055,33.5099983215332,33.54999923706055,1570,0.0,0.0,0.0
2024-03-22 10:30:00-04:00,33.540401458740234,33.54999923706055,33.540000915527344,33.54990005493164,7941,0.0,0.0,0.0
2024-03-22 11:30:00-04:00,33.559898376464844,33.560001373291016,33.54290008544922,33.560001373291016,4820,0.0,0.0,0.0
2024-03-22 12:30:00-04:00,33.54999923706055,33.560001373291016,33.54999923706055,33.560001373291016,311,0.0,0.0,0.0
2024-03-22 13:30:00-04:00,33.560001373291016,33.560001373291016,33.54999923706055,33.54999923706055,1106,0.0,0.0,0.0
2024-03-22 14:30:00-04:00,33.560001373291016,33.560001373291016,33.54499816894531,33.54499816894531,3711,0.0,0.0,0.0
2024-03-22 15:30:00-04:00,33.54999923706055,33.54999923706055,33.549800872802734,33.54999923706055,1572,0.0,0.0,0.0
2024-03-25 09:30:00-04:00,33.529998779296875,33.54999923706055,33.529998779296875,33.54999923706055,5597,0.0,0.0,0.0
2024-03-25 10:30:00-04:00,33.54499816894531,33.54999923706055,33.54499816894531,33.549400329589844,874,0.0,0.0,0.0
2024-03-25 11:30:00-04:00,33.54999923706055,33.54999923706055,33.540000915527344,33.540000915527344,933,0.0,0.0,0.0
2024-03-25 12:30:00-04:00,33.54710006713867,33.56999969482422,33.54710006713867,33.54999923706055,17732,0.0,0.0,0.0
2024-03-25 13:30:00-04:00,33.54999923706055,33.54999923706055,33.54999923706055,33.54999923706055,756,0.0,0.0,0.0
2024-03-25 14:30:00-04:00,33.54999923706055,33.54999923706055,33.54999923706055,33.54999923706055,316,0.0,0.0,0.0
2024-03-25 15:30:00-04:00,33.54999923706055,33.54999923706055,33.54999923706055,33.54999923706055,0,0.0,0.0,0.0
2024-03-26 09:30:00-04:00,33.560001373291016,33.560001373291016,33.54169845581055,33.54169845581055,1628,0.0,0.0,0.0
2024-03-26 10:30:00-04:00,33.54999923706055,33.54999923706055,33.540000915527344,33.54999923706055,2961,0.0,0.0,0.0
2024-03-26 11:30:00-04:00,33.54999923706055,33.54999923706055,33.540000915527344,33.540000915527344,7550,0.0,0.0,0.0
2024-03-26 12:30:00-04:00,33.54499816894531,33.560001373291016,33.54499816894531,33.560001373291016,1513,0.0,0.0,0.0
2024-03-26 13:30:00-04:00,33.560001373291016,33.560001373291016,33.54999923706055,33.560001373291016,965,0.0,0.0,0.0
2024-03-26 14:30:00-04:00,33.56010055541992,33.56999969482422,33.56010055541992,33.56990051269531,6088,0.0,0.0,0.0
2024-03-26 15:30:00-04:00,33.56999969482422,33.56999969482422,33.560001373291016,33.560001373291016,0,0.0,0.0,0.0
2024-03-27 09:30:00-04:00,33.599998474121094,33.599998474121094,33.57500076293945,33.58000183105469,4814,0.0,0.0,0.0
2024-03-27 10:30:00-04:00,33.5900993347168,33.5900993347168,33.584999084472656,33.589900970458984,1228,0.0,0.0,0.0
2024-03-27 11:30:00-04:00,33.584999084472656,33.584999084472656,33.58000183105469,33.58000183105469,3249,0.0,0.0,0.0
2024-03-27 12:30:00-04:00,33.59000015258789,33.595001220703125,33.584999084472656,33.584999084472656,6880,0.0,0.0,0.0
2024-03-27 13:30:00-04:00,33.584999084472656,33.584999084472656,33.584999084472656,33.584999084472656,387,0.0,0.0,0.0
2024-03-27 14:30:00-04:00,33.58980178833008,33.59000015258789,33.58000183105469,33.589900970458984,3505,0.0,0.0,0.0
2024-03-27 15:30:00-04:00,33.59000015258789,33.59000015258789,33.580101013183594,33.59000015258789,0,0.0,0.0,0.0
2024-03-28 09:30:00-04:00,33.599998474121094,33.599998474121094,33.560001373291016,33.59000015258789,8379,0.0,0.0,0.0
2024-03-28 10:30:00-04:00,33.61000061035156,33.61000061035156,33.595001220703125,33.599998474121094,1057,0.0,0.0,0.0
2024-03-28 11:30:00-04:00,33.599998474121094,33.599998474121094,33.59629821777344,33.599998474121094,1299,0.0,0.0,0.0
2024-03-28 12:30:00-04:00,33.599998474121094,33.599998474121094,33.58000183105469,33.58000183105469,2441,0.0,0.0,0.0
2024-03-28 13:30:00-04:00,33.584999084472656,33.59000015258789,33.570098876953125,33.589900970458984,1798,0.0,0.0,0.0
2024-03-28 14:30:00-04:00,33.59000015258789,33.59000015258789,33.584999084472656,33.584999084472656,1035,0.0,0.0,0.0
2024-03-28 15:30:00-04:00,33.59000015258789,33.599998474121094,33.580101013183594,33.59000015258789,1706,0.0,0.0,0.0
2024-04-01 09:30:00-04:00,33.68000030517578,33.68000030517578,33.560001373291016,33.56370162963867,14008,0.0,0.0,0.0
2024-04-01 10:30:00-04:00,33.56999969482422,33.56999969482422,33.540000915527344,33.540000915527344,7234,0.0,0.0,0.0
2024-04-01 11:30:00-04:00,33.54999923706055,33.560001373291016,33.54999923706055,33.560001373291016,1672,0.0,0.0,0.0
2024-04-01 12:30:00-04:00,33.560001373291016,33.56999969482422,33.54999923706055,33.55500030517578,4699,0.0,0.0,0.0
2024-04-01 13:30:00-04:00,33.560001373291016,33.560001373291016,33.54999923706055,33.560001373291016,2174,0.0,0.0,0.0
2024-04-01 14:30:00-04:00,33.56999969482422,33.58000183105469,33.564998626708984,33.564998626708984,1592,0.0,0.0,0.0
2024-04-01 15:30:00-04:00,33.560001373291016,33.56999969482422,33.560001373291016,33.560001373291016,3142,0.0,0.0,0.0
2024-04-02 09:30:00-04:00,33.13999938964844,33.13999938964844,33.099998474121094,33.119998931884766,18561,0.0,0.0,0.0
2024-04-02 10:30:00-04:00,33.11989974975586,33.13010025024414,33.11989974975586,33.130001068115234,1381,0.0,0.0,0.0
2024-04-02 11:30:00-04:00,33.125,33.125,33.10689926147461,33.11000061035156,8446,0.0,0.0,0.0
2024-04-02 12:30:00-04:00,33.109798431396484,33.119998931884766,33.109798431396484,33.11989974975586,733,0.0,0.0,0.0
2024-04-02 13:30:00-04:00,33.1172981262207,33.119998931884766,33.11000061035156,33.11989974975586,2281,0.0,0.0,0.0
2024-04-02 14:30:00-04:00,33.125,33.130001068115234,33.120201110839844,33.12969970703125,1434,0.0,0.0,0.0
2024-04-02 15:30:00-04:00,33.12770080566406,33.13999938964844,33.12369918823242,33.13999938964844,6010,0.0,0.0,0.0
2024-04-03 09:30:00-04:00,33.150001525878906,33.150001525878906,33.109901428222656,33.130001068115234,2129,0.0,0.0,0.0
2024-04-03 10:30:00-04:00,33.130001068115234,33.13999938964844,33.119998931884766,33.13990020751953,15744,0.0,0.0,0.0
2024-04-03 11:30:00-04:00,33.130001068115234,33.150001525878906,33.130001068115234,33.130001068115234,20938,0.0,0.0,0.0
2024-04-03 12:30:00-04:00,33.13999938964844,33.13999938964844,33.130001068115234,33.13999938964844,5252,0.0,0.0,0.0
2024-04-03 13:30:00-04:00,33.13999938964844,33.13999938964844,33.119998931884766,33.119998931884766,10804,0.0,0.0,0.0
2024-04-03 14:30:00-04:00,33.137001037597656,33.13999938964844,33.1349983215332,33.13999938964844,963,0.0,0.0,0.0
2024-04-03 15:30:00-04:00,33.13999938964844,33.15999984741211,33.13999938964844,33.15999984741211,0,0.0,0.0,0.0
2024-04-04 09:30:00-04:00,33.209999084472656,33.209999084472656,33.179901123046875,33.18009948730469,5028,0.0,0.0,0.0
2024-04-04 10:30:00-04:00,33.18000030517578,33.20000076293945,33.179901123046875,33.189998626708984,5742,0.0,0.0,0.0
2024-04-04 11:30:00-04:00,33.20000076293945,33.209999084472656,33.19990158081055,33.209999084472656,3107,0.0,0.0,0.0
2024-04-04 12:30:00-04:00,33.209999084472656,33.209999084472656,33.209999084472656,33.209999084472656,146,0.0,0.0,0.0
2024-04-04 13:30:00-04:00,33.20000076293945,33.20000076293945,33.179901123046875,33.18000030517578,2311,0.0,0.0,0.0
2024-04-04 14:30:00-04:00,33.16999816894531,33.16999816894531,33.14500045776367,33.14500045776367,1103,0.0,0.0,0.0
2024-04-04 15:30:00-04:00,33.130001068115234,33.150001525878906,33.130001068115234,33.150001525878906,0,0.0,0.0,0.0
2024-04-05 09:30:00-04:00,33.13999938964844,33.13999938964844,33.13520050048828,33.13800048828125,1655,0.0,0.0,0.0
2024-04-05 10:30:00-04:00,33.150001525878906,33.150001525878906,33.130001068115234,33.141998291015625,4295,0.0,0.0,0.0
2024-04-05 11:30:00-04:00,33.150001525878906,33.15999984741211,33.149898529052734,33.15999984741211,1800,0.0,0.0,0.0
2024-04-05 12:30:00-04:00,33.15999984741211,33.15999984741211,33.13999938964844,33.140098571777344,2406,0.0,0.0,0.0
2024-04-05 13:30:00-04:00,33.140098571777344,33.140098571777344,33.140098571777344,33.140098571777344,1498,0.0,0.0,0.0
2024-04-05 14:30:00-04:00,33.13999938964844,33.13999938964844,33.130001068115234,33.130001068115234,4571,0.0,0.0,0.0
2024-04-05 15:30:00-04:00,33.130001068115234,33.130001068115234,33.125,33.130001068115234,1336,0.0,0.0,0.0
2024-04-08 09:30:00-04:00,33.13999938964844,33.13999938964844,33.12990188598633,33.13999938964844,8074,0.0,0.0,0.0
2024-04-08 10:30:00-04:00,33.13999938964844,33.16939926147461,33.13999938964844,33.16939926147461,1615,0.0,0.0,0.0
2024-04-08 11:30:00-04:00,33.18000030517578,33.18000030517578,33.15999984741211,33.16999816894531,1438,0.0,0.0,0.0
2024-04-08 12:30:00-04:00,33.17499923706055,33.17499923706055,33.17499923706055,33.17499923706055,802,0.0,0.0,0.0
2024-04-08 14:30:00-04:00,33.18000030517578,33.18000030517578,33.18000030517578,33.18000030517578,848,0.0,0.0,0.0
2024-04-08 15:30:00-04:00,33.16999816894531,33.20000076293945,33.16999816894531,33.20000076293945,0,0.0,0.0,0.0
2024-04-09 09:30:00-04:00,33.22999954223633,33.22999954223633,33.20000076293945,33.202301025390625,5108,0.0,0.0,0.0
2024-04-09 10:30:00-04:00,33.20000076293945,33.20000076293945,33.189998626708984,33.19499969482422,4258,0.0,0.0,0.0
2024-04-09 11:30:00-04:00,33.189998626708984,33.220001220703125,33.189998626708984,33.220001220703125,7030,0.0,0.0,0.0
2024-04-09 12:30:00-04:00,33.220001220703125,33.220001220703125,33.2135009765625,33.2135009765625,716,0.0,0.0,0.0
2024-04-09 13:30:00-04:00,33.21009826660156,33.220001220703125,33.209999084472656,33.209999084472656,4942,0.0,0.0,0.0
2024-04-09 14:30:00-04:00,33.201698303222656,33.21979904174805,33.201698303222656,33.21979904174805,1459,0.0,0.0,0.0
2024-04-09 15:30:00-04:00,33.215999603271484,33.22999954223633,33.215999603271484,33.22999954223633,3102,0.0,0.0,0.0
2024-04-10 09:30:00-04:00,33.1150016784668,33.150001525878906,33.099998474121094,33.130001068115234,10424,0.0,0.0,0.0
2024-04-10 10:30:00-04:00,33.130001068115234,33.15999984741211,33.11000061035156,33.11000061035156,20109,0.0,0.0,0.0
2024-04-10 11:30:00-04:00,33.11989974975586,33.11989974975586,33.099998474121094,33.100101470947266,3187,0.0,0.0,0.0
2024-04-10 12:30:00-04:00,33.099998474121094,33.099998474121094,33.02000045776367,33.06999969482422,5402,0.0,0.0,0.0
2024-04-10 13:30:00-04:00,33.029998779296875,33.07500076293945,33.029998779296875,33.05009841918945,1911,0.0,0.0,0.0
2024-04-10 15:30:00-04:00,33.0432014465332,33.099998474121094,33.0432014465332,33.099998474121094,0,0.0,0.0,0.0
2024-04-11 09:30:00-04:00,33.1083984375,33.1083984375,33.0099983215332,33.0099983215332,12224,0.0,0.0,0.0
2024-04-11 10:30:00-04:00,33.02000045776367,33.02000045776367,33.005001068115234,33.0099983215332,3728,0.0,0.0,0.0
2024-04-11 11:30:00-04:00,33.02000045776367,33.029998779296875,33.000099182128906,33.000099182128906,5257,0.0,0.0,0.0
2024-04-11 12:30:00-04:00,33.010101318359375,33.08000183105469,33.0099983215332,33.06999969482422,4583,0.0,0.0,0.0
2024-04-11 13:30:00-04:00,33.04999923706055,33.099998474121094,33.04999923706055,33.099998474121094,2669,0.0,0.0,0.0
2024-04-11 14:30:00-04:00,33.099998474121094,33.099998474121094,33.060001373291016,33.060001373291016,858,0.0,0.0,0.0
2024-04-11 15:30:00-04:00,33.08000183105469,33.08000183105469,33.08000183105469,33.08000183105469,0,0.0,0.0,0.0
2024-04-12 09:30:00-04:00,33.0,33.08000183105469,33.0,33.04999923706055,9463,0.0,0.0,0.0
2024-04-12 10:30:00-04:00,33.04999923706055,33.060001373291016,33.02000045776367,33.060001373291016,4827,0.0,0.0,0.0
2024-04-12 11:30:00-04:00,33.06999969482422,33.06999969482422,33.04999923706055,33.04999923706055,2274,0.0,0.0,0.0
2024-04-12 12:30:00-04:00,33.04999923706055,33.060001373291016,33.03010177612305,33.04999923706055,2663,0.0,0.0,0.0
2024-04-12 13:30:00-04:00,33.04999923706055,33.06999969482422,33.02000045776367,33.05500030517578,9490,0.0,0.0,0.0
2024-04-12 14:30:00-04:00,33.060001373291016,33.060001373291016,33.029998779296875,33.04999923706055,21117,0.0,0.0,0.0
2024-04-12 15:30:00-04:00,33.04499816894531,33.08000183105469,33.04499816894531,33.08000183105469,3155,0.0,0.0,0.0
2024-04-15 09:30:00-04:00,33.099998474121094,33.099998474121094,32.95000076293945,32.9900016784668,8797,0.0,0.0,0.0
2024-04-15 10:30:00-04:00,32.980098724365234,32.9901008605957,32.93000030517578,32.939998626708984,7969,0.0,0.0,0.0
2024-04-15 11:30:00-04:00,32.95000076293945,32.95000076293945,32.93000030517578,32.93000030517578,4234,0.0,0.0,0.0
2024-04-15 12:30:00-04:00,32.91999816894531,32.93000030517578,32.90999984741211,32.90999984741211,2138,0.0,0.0,0.0
2024-04-15 13:30:00-04:00,32.900001525878906,32.900001525878906,32.849998474121094,32.849998474121094,22287,0.0,0.0,0.0
2024-04-15 14:30:00-04:00,32.86000061035156,32.869998931884766,32.84000015258789,32.849998474121094,2729,0.0,0.0,0.0
2024-04-15 15:30:00-04:00,32.84830093383789,32.869998931884766,32.84830093383789,32.869998931884766,0,0.0,0.0,0.0
2024-04-16 09:30:00-04:00,32.869998931884766,32.869998931884766,32.77000045776367,32.779998779296875,21759,0.0,0.0,0.0
2024-04-16 10:30:00-04:00,32.72999954223633,32.7599983215332,32.72999954223633,32.755001068115234,1648,0.0,0.0,0.0
2024-04-16 11:30:00-04:00,32.7599983215332,32.790000915527344,32.7598991394043,32.787899017333984,5814,0.0,0.0,0.0
2024-04-16 12:30:00-04:00,32.810001373291016,32.84000015258789,32.79010009765625,32.84000015258789,1341,0.0,0.0,0.0
2024-04-16 13:30:00-04:00,32.790000915527344,32.790000915527344,32.75,32.75,1364,0.0,0.0,0.0
2024-04-16 14:30:00-04:00,32.790000915527344,32.81999969482422,32.790000915527344,32.810001373291016,721,0.0,0.0,0.0
2024-04-16 15:30:00-04:00,32.81999969482422,32.81999969482422,32.775001525878906,32.78310012817383,946,0.0,0.0,0.0
2024-04-17 09:30:00-04:00,32.849998474121094,32.89950180053711,32.83000183105469,32.83000183105469,5529,0.0,0.0,0.0
2024-04-17 10:30:00-04:00,32.83000183105469,32.849998474121094,32.83000183105469,32.83000183105469,7416,0.0,0.0,0.0
2024-04-17 11:30:00-04:00,32.83000183105469,32.83000183105469,32.77000045776367,32.779998779296875,4781,0.0,0.0,0.0
2024-04-17 12:30:00-04:00,32.779998779296875,32.82500076293945,32.77000045776367,32.82500076293945,3018,0.0,0.0,0.0
2024-04-17 13:30:00-04:00,32.79999923706055,32.849998474121094,32.79999923706055,32.84960174560547,4965,0.0,0.0,0.0
2024-04-17 14:30:00-04:00,32.83000183105469,32.83000183105469,32.79999923706055,32.79999923706055,2088,0.0,0.0,0.0
2024-04-17 15:30:00-04:00,32.790000915527344,32.790000915527344,32.779998779296875,32.779998779296875,0,0.0,0.0,0.0
2024-04-18 09:30:00-04:00,32.84000015258789,32.84000015258789,32.77050018310547,32.810001373291016,8394,0.0,0.0,0.0
2024-04-18 10:30:00-04:00,32.81999969482422,32.849998474121094,32.81999969482422,32.849998474121094,3651,0.0,0.0,0.0
2024-04-18 11:30:00-04:00,32.83000183105469,32.849998474121094,32.83000183105469,32.84989929199219,1345,0.0,0.0,0.0
2024-04-18 12:30:00-04:00,32.84000015258789,32.84000015258789,32.810001373291016,32.819801330566406,3212,0.0,0.0,0.0
2024-04-18 15:30:00-04:00,32.86000061035156,32.86989974975586,32.859901428222656,32.86989974975586,611,0.0,0.0,0.0
2024-04-19 09:30:00-04:00,32.790000915527344,32.790000915527344,32.7400016784668,32.77000045776367,12313,0.0,0.0,0.0
2024-04-19 10:30:00-04:00,32.775001525878906,32.78990173339844,32.7599983215332,32.7599983215332,5556,0.0,0.0,0.0
2024-04-19 11:30:00-04:00,32.7599983215332,32.790000915527344,32.7599983215332,32.7599983215332,3493,0.0,0.0,0.0
2024-04-19 12:30:00-04:00,32.7599983215332,32.810001373291016,32.7400016784668,32.77000045776367,13185,0.0,0.0,0.0
2024-04-19 13:30:00-04:00,32.77000045776367,32.77000045776367,32.75,32.7599983215332,3113,0.0,0.0,0.0
2024-04-19 14:30:00-04:00,32.7599983215332,32.7599983215332,32.7400016784668,32.75,1601,0.0,0.0,0.0
2024-04-19 15:30:00-04:00,32.75,32.77000045776367,32.75,32.7599983215332,9277,0.0,0.0,0.0
2024-04-22 09:30:00-04:00,32.900001525878906,32.93000030517578,32.900001525878906,32.93000030517578,1270,0.0,0.0,0.0
2024-04-22 10:30:00-04:00,32.90999984741211,32.90999984741211,32.9025993347168,32.9025993347168,1624,0.0,0.0,0.0
2024-04-22 12:30:00-04:00,32.92890167236328,32.95000076293945,32.92890167236328,32.93830108642578,2997,0.0,0.0,0.0
2024-04-22 14:30:00-04:00,32.95199966430664,32.95199966430664,32.95199966430664,32.95199966430664,3377,0.0,0.0,0.0
2024-04-22 15:30:00-04:00,32.95500183105469,32.97999954223633,32.93000030517578,32.93009948730469,2833,0.0,0.0,0.0
2024-04-23 09:30:00-04:00,32.970001220703125,33.0099983215332,32.970001220703125,33.0,2335,0.0,0.0,0.0
2024-04-23 10:30:00-04:00,33.0,33.0,32.994998931884766,32.994998931884766,972,0.0,0.0,0.0
2024-04-23 11:30:00-04:00,33.0,33.0099983215332,33.0,33.0099983215332,1582,0.0,0.0,0.0
2024-04-23 12:30:00-04:00,33.02000045776367,33.02000045776367,33.01499938964844,33.01499938964844,400,0.0,0.0,0.0
2024-04-23 13:30:00-04:00,33.01499938964844,33.02000045776367,33.01499938964844,33.02000045776367,3390,0.0,0.0,0.0
2024-04-23 14:30:00-04:00,33.02000045776367,33.029998779296875,33.02000045776367,33.02000045776367,3101,0.0,0.0,0.0
2024-04-23 15:30:00-04:00,33.02000045776367,33.02000045776367,33.019901275634766,33.02000045776367,0,0.0,0.0,0.0
2024-04-24 09:30:00-04:00,33.040000915527344,33.040000915527344,32.970001220703125,32.970001220703125,7033,0.0,0.0,0.0
2024-04-24 10:30:00-04:00,32.970001220703125,32.97999954223633,32.959999084472656,32.970001220703125,3283,0.0,0.0,0.0
2024-04-24 11:30:00-04:00,32.96500015258789,32.97999954223633,32.95000076293945,32.959999084472656,6305,0.0,0.0,0.0
2024-04-24 12:30:00-04:00,32.959999084472656,32.959999084472656,32.91999816894531,32.95000076293945,1797,0.0,0.0,0.0
2024-04-24 13:30:00-04:00,32.959999084472656,32.959999084472656,32.95000076293945,32.959999084472656,1794,0.0,0.0,0.0
2024-04-24 14:30:00-04:00,32.959999084472656,32.97999954223633,32.959999084472656,32.97999954223633,633,0.0,0.0,0.0
2024-04-24 15:30:00-04:00,32.97999954223633,32.98500061035156,32.970001220703125,32.970001220703125,3487,0.0,0.0,0.0
2024-04-25 09:30:00-04:00,32.86000061035156,32.88999938964844,32.86000061035156,32.88999938964844,0,0.0,0.0,0.0
2024-04-25 10:30:00-04:00,32.890098571777344,32.890098571777344,32.890098571777344,32.890098571777344,606,0.0,0.0,0.0
2024-04-25 11:30:00-04:00,32.92340087890625,32.92340087890625,32.89039993286133,32.89039993286133,4661,0.0,0.0,0.0
2024-04-25 13:30:00-04:00,32.938499450683594,32.938499450683594,32.938499450683594,32.938499450683594,363,0.0,0.0,0.0
2024-04-25 14:30:00-04:00,32.93000030517578,32.93000030517578,32.93000030517578,32.93000030517578,429,0.0,0.0,0.0
2024-04-25 15:30:00-04:00,32.970001220703125,32.970001220703125,32.93009948730469,32.939998626708984,4289,0.0,0.0,0.0
2024-04-26 09:30:00-04:00,32.9900016784668,33.0,32.9900016784668,32.9900016784668,1391,0.0,0.0,0.0
2024-04-26 10:30:00-04:00,32.9900016784668,33.0,32.9900016784668,32.9900016784668,3516,0.0,0.0,0.0
2024-04-26 11:30:00-04:00,32.9900016784668,33.02000045776367,32.9900016784668,33.02000045776367,872,0.0,0.0,0.0
2024-04-26 12:30:00-04:00,33.0099983215332,33.0099983215332,33.0099983215332,33.0099983215332,107,0.0,0.0,0.0
2024-04-26 13:30:00-04:00,33.015201568603516,33.015201568603516,33.015201568603516,33.015201568603516,541,0.0,0.0,0.0
2024-04-26 14:30:00-04:00,33.0,33.029998779296875,33.0,33.02989959716797,3234,0.0,0.0,0.0
2024-04-26 15:30:00-04:00,33.02000045776367,33.029998779296875,33.0099983215332,33.029998779296875,2719,0.0,0.0,0.0
2024-04-29 09:30:00-04:00,33.029998779296875,33.06999969482422,33.0,33.06999969482422,1226,0.0,0.0,0.0
2024-04-29 10:30:00-04:00,33.04209899902344,33.05970001220703,33.04209899902344,33.05970001220703,740,0.0,0.0,0.0
2024-04-29 11:30:00-04:00,33.060001373291016,33.060001373291016,33.03010177612305,33.03010177612305,1079,0.0,0.0,0.0
2024-04-29 12:30:00-04:00,33.040000915527344,33.060001373291016,33.040000915527344,33.060001373291016,33556,0.0,0.0,0.0
2024-04-29 13:30:00-04:00,33.060001373291016,33.060001373291016,33.059898376464844,33.059898376464844,282,0.0,0.0,0.0
2024-04-29 14:30:00-04:00,33.059898376464844,33.059898376464844,33.040000915527344,33.04199981689453,1457,0.0,0.0,0.0
2024-04-29 15:30:00-04:00,33.04990005493164,33.060001373291016,33.02000045776367,33.060001373291016,0,0.0,0.0,0.0
2024-04-30 09:30:00-04:00,33.06999969482422,33.06999969482422,33.036598205566406,33.04999923706055,2790,0.0,0.0,0.0
2024-04-30 10:30:00-04:00,33.03499984741211,33.040000915527344,33.02000045776367,33.029998779296875,2457,0.0,0.0,0.0
2024-04-30 11:30:00-04:00,33.02000045776367,33.029998779296875,33.02000045776367,33.029998779296875,1213,0.0,0.0,0.0
2024-04-30 13:30:00-04:00,33.029998779296875,33.031700134277344,33.029998779296875,33.03010177612305,516,0.0,0.0,0.0
2024-04-30 14:30:00-04:00,33.029998779296875,33.029998779296875,33.0,33.0099983215332,10490,0.0,0.0,0.0
2024-04-30 15:30:00-04:00,33.000099182128906,33.0099983215332,33.0,33.0099983215332,10482,0.0,0.0,0.0
2024-05-01 09:30:00-04:00,33.01850128173828,33.02000045776367,33.0,33.0098991394043,5076,0.0,0.0,0.0
2024-05-01 10:30:00-04:00,33.0099983215332,33.02000045776367,33.005001068115234,33.01499938964844,928,0.0,0.0,0.0
2024-05-01 11:30:00-04:00,33.01499938964844,33.01499938964844,33.010101318359375,33.010101318359375,576,0.0,0.0,0.0
2024-05-01 12:30:00-04:00,32.9901008605957,32.9901008605957,32.9900016784668,32.9900016784668,433,0.0,0.0,0.0
2024-05-01 13:30:00-04:00,33.01499938964844,33.04999923706055,33.01499938964844,33.04999923706055,2493,0.0,0.0,0.0
2024-05-01 14:30:00-04:00,33.06999969482422,33.06999969482422,33.06990051269531,33.06990051269531,710,0.0,0.0,0.0
2024-05-01 15:30:00-04:00,33.060001373291016,33.060001373291016,33.060001373291016,33.060001373291016,0,0.0,0.0,0.0
2024-05-02 09:30:00-04:00,32.72999954223633,32.74909973144531,32.720001220703125,32.735198974609375,4768,0.0,0.0,0.0
2024-05-02 10:30:00-04:00,32.7400016784668,32.760101318359375,32.7400016784668,32.760101318359375,636,0.0,0.0,0.0
2024-05-02 11:30:00-04:00,32.77000045776367,32.77000045776367,32.769901275634766,32.769901275634766,589,0.0,0.0,0.0
2024-05-02 12:30:00-04:00,32.7599983215332,32.779998779296875,32.7599983215332,32.77989959716797,12642,0.0,0.0,0.0
2024-05-02 13:30:00-04:00,32.775001525878906,32.79999923706055,32.77000045776367,32.77000045776367,1578,0.0,0.0,0.0
2024-05-02 14:30:00-04:00,32.790000915527344,32.790000915527344,32.773399353027344,32.789798736572266,6263,0.0,0.0,0.0
2024-05-02 15:30:00-04:00,32.77000045776367,32.79999923706055,32.7599983215332,32.79999923706055,0,0.0,0.0,0.0
2024-05-03 09:30:00-04:00,32.79999923706055,32.81999969482422,32.79999923706055,32.81019973754883,7977,0.0,0.0,0.0
2024-05-03 10:30:00-04:00,32.81990051269531,32.81990051269531,32.810001373291016,32.810001373291016,1444,0.0,0.0,0.0
2024-05-03 11:30:00-04:00,32.81999969482422,32.83000183105469,32.81999969482422,32.829898834228516,957,0.0,0.0,0.0
2024-05-03 12:30:00-04:00,32.83000183105469,32.83000183105469,32.83000183105469,32.83000183105469,116,0.0,0.0,0.0
2024-05-03 13:30:00-04:00,32.83000183105469,32.83000183105469,32.81999969482422,32.82500076293945,3479,0.0,0.0,0.0
2024-05-03 14:30:00-04:00,32.81700134277344,32.81700134277344,32.81700134277344,32.81700134277344,331,0.0,0.0,0.0
2024-05-03 15:30:00-04:00,32.81990051269531,32.83000183105469,32.81719970703125,32.83000183105469,1919,0.0,0.0,0.0
2024-05-06 09:30:00-04:00,32.779998779296875,32.849998474121094,32.779998779296875,32.839900970458984,4322,0.0,0.0,0.0
2024-05-06 10:30:00-04:00,32.849998474121094,32.849998474121094,32.84000015258789,32.849998474121094,2461,0.0,0.0,0.0
2024-05-06 11:30:00-04:00,32.849998474121094,32.849998474121094,32.84000015258789,32.84000015258789,762,0.0,0.0,0.0
2024-05-06 12:30:00-04:00,32.84000015258789,32.84000015258789,32.834999084472656,32.84000015258789,775,0.0,0.0,0.0
2024-05-06 13:30:00-04:00,32.84000015258789,32.84000015258789,32.84000015258789,32.84000015258789,445,0.0,0.0,0.0
2024-05-06 14:30:00-04:00,32.83000183105469,32.84000015258789,32.83000183105469,32.84000015258789,1858,0.0,0.0,0.0
2024-05-06 15:30:00-04:00,32.83000183105469,32.869998931884766,32.83000183105469,32.869998931884766,2318,0.0,0.0,0.0
2024-05-07 09:30:00-04:00,32.810001373291016,32.849998474121094,32.810001373291016,32.849998474121094,2672,0.0,0.0,0.0
2024-05-07 10:30:00-04:00,32.849998474121094,32.849998474121094,32.84000015258789,32.84000015258789,337,0.0,0.0,0.0
2024-05-07 11:30:00-04:00,32.849998474121094,32.849998474121094,32.845001220703125,32.845001220703125,744,0.0,0.0,0.0
2024-05-07 13:30:00-04:00,32.8400993347168,32.85029983520508,32.8400993347168,32.845001220703125,3967,0.0,0.0,0.0
2024-05-07 14:30:00-04:00,32.849998474121094,32.849998474121094,32.849998474121094,32.849998474121094,247,0.0,0.0,0.0
2024-05-07 15:30:00-04:00,32.845001220703125,32.869998931884766,32.845001220703125,32.869998931884766,981,0.0,0.0,0.0
2024-05-08 09:30:00-04:00,32.779998779296875,32.86000061035156,32.779998779296875,32.84090042114258,0,0.0,0.0,0.0
2024-05-08 10:30:00-04:00,32.84000015258789,32.84000015258789,32.83000183105469,32.83000183105469,1033,0.0,0.0,0.0
2024-05-08 11:30:00-04:00,32.84000015258789,32.84000015258789,32.81999969482422,32.81999969482422,2019,0.0,0.0,0.0
2024-05-08 12:30:00-04:00,32.839900970458984,32.839900970458984,32.839900970458984,32.839900970458984,497,0.0,0.0,0.0
2024-05-08 14:30:00-04:00,32.830101013183594,32.830101013183594,32.830101013183594,32.830101013183594,222,0.0,0.0,0.0
2024-05-08 15:30:00-04:00,32.839900970458984,32.86000061035156,32.839900970458984,32.86000061035156,0,0.0,0.0,0.0
2024-05-09 09:30:00-04:00,32.79999923706055,32.849998474121094,32.79999923706055,32.849998474121094,3410,0.0,0.0,0.0
2024-05-09 10:30:00-04:00,32.86009979248047,32.86009979248047,32.86009979248047,32.86009979248047,376,0.0,0.0,0.0
2024-05-09 11:30:00-04:00,32.86989974975586,32.869998931884766,32.86000061035156,32.86000061035156,7669,0.0,0.0,0.0
2024-05-09 12:30:00-04:00,32.869998931884766,32.869998931884766,32.86000061035156,32.86989974975586,4559,0.0,0.0,0.0
2024-05-09 13:30:00-04:00,32.86000061035156,32.86009979248047,32.859901428222656,32.859901428222656,3780,0.0,0.0,0.0
2024-05-09 14:30:00-04:00,32.86000061035156,32.86000061035156,32.86000061035156,32.86000061035156,280,0.0,0.0,0.0
2024-05-09 15:30:00-04:00,32.86000061035156,32.880001068115234,32.85499954223633,32.880001068115234,2344,0.0,0.0,0.0
2024-05-10 09:30:00-04:00,32.88999938964844,32.88999938964844,32.83000183105469,32.84000015258789,0,0.0,0.0,0.0
2024-05-10 10:30:00-04:00,32.849998474121094,32.849998474121094,32.84000015258789,32.849998474121094,1646,0.0,0.0,0.0
2024-05-10 11:30:00-04:00,32.845001220703125,32.849998474121094,32.845001220703125,32.84989929199219,909,0.0,0.0,0.0
2024-05-10 13:30:00-04:00,32.84550094604492,32.849998474121094,32.84550094604492,32.849998474121094,1197,0.0,0.0,0.0
2024-05-10 14:30:00-04:00,32.84000015258789,32.849998474121094,32.84000015258789,32.84000015258789,1227,0.0,0.0,0.0
2024-05-10 15:30:00-04:00,32.849998474121094,32.85219955444336,32.849998474121094,32.85219955444336,928,0.0,0.0,0.0
2024-05-13 09:30:00-04:00,32.86000061035156,32.869998931884766,32.86000061035156,32.869998931884766,1007,0.0,0.0,0.0
2024-05-13 10:30:00-04:00,32.86000061035156,32.869998931884766,32.849998474121094,32.862098693847656,1708,0.0,0.0,0.0
2024-05-13 12:30:00-04:00,32.850101470947266,32.86000061035156,32.849998474121094,32.849998474121094,9923,0.0,0.0,0.0
2024-05-13 13:30:00-04:00,32.85580062866211,32.869998931884766,32.85580062866211,32.869998931884766,2494,0.0,0.0,0.0
2024-05-13 14:30:00-04:00,32.86000061035156,32.86000061035156,32.849998474121094,32.849998474121094,1725,0.0,0.0,0.0
2024-05-13 15:30:00-04:00,32.8557014465332,32.86000061035156,32.849998474121094,32.86000061035156,0,0.0,0.0,0.0
2024-05-14 09:30:00-04:00,32.869998931884766,32.880001068115234,32.86000061035156,32.86000061035156,3752,0.0,0.0,0.0
2024-05-14 10:30:00-04:00,32.86989974975586,32.869998931884766,32.86920166015625,32.86989974975586,1842,0.0,0.0,0.0
2024-05-14 12:30:00-04:00,32.869998931884766,32.869998931884766,32.86989974975586,32.86989974975586,792,0.0,0.0,0.0
2024-05-14 13:30:00-04:00,32.864898681640625,32.880001068115234,32.86000061035156,32.869998931884766,2958,0.0,0.0,0.0
2024-05-14 14:30:00-04:00,32.86000061035156,32.869998931884766,32.86000061035156,32.869998931884766,1005,0.0,0.0,0.0
2024-05-14 15:30:00-04:00,32.86899948120117,32.869998931884766,32.868499755859375,32.868499755859375,0,0.0,0.0,0.0
2024-05-15 09:30:00-04:00,32.81999969482422,32.87009811401367,32.81999969482422,32.87009811401367,1710,0.0,0.0,0.0
2024-05-15 10:30:00-04:00,32.87990188598633,32.880001068115234,32.869998931884766,32.880001068115234,4261,0.0,0.0,0.0
2024-05-15 11:30:00-04:00,32.869998931884766,32.869998931884766,32.869998931884766,32.869998931884766,416,0.0,0.0,0.0
2024-05-15 12:30:00-04:00,32.87099838256836,32.880001068115234,32.86000061035156,32.86000061035156,4433,0.0,0.0,0.0
2024-05-15 13:30:00-04:00,32.869998931884766,32.869998931884766,32.86989974975586,32.86989974975586,638,0.0,0.0,0.0
2024-05-15 14:30:00-04:00,32.869998931884766,32.869998931884766,32.86000061035156,32.86000061035156,777,0.0,0.0,0.0
2024-05-15 15:30:00-04:00,32.8650016784668,32.880001068115234,32.862998962402344,32.8650016784668,0,0.0,0.0,0.0
2024-05-16 09:30:00-04:00,32.91999816894531,32.91999816894531,32.86000061035156,32.86000061035156,1769,0.0,0.0,0.0
2024-05-16 10:30:00-04:00,32.875,32.88999938964844,32.875,32.880001068115234,722,0.0,0.0,0.0
2024-05-16 11:30:00-04:00,32.88999938964844,32.88999938964844,32.869998931884766,32.880001068115234,6952,0.0,0.0,0.0
2024-05-16 12:30:00-04:00,32.87990188598633,32.87990188598633,32.87889862060547,32.87889862060547,759,0.0,0.0,0.0
2024-05-16 13:30:00-04:00,32.87009811401367,32.87009811401367,32.87009811401367,32.87009811401367,250,0.0,0.0,0.0
2024-05-16 14:30:00-04:00,32.869998931884766,32.880001068115234,32.869998931884766,32.880001068115234,3213,0.0,0.0,0.0
2024-05-16 15:30:00-04:00,32.869998931884766,32.875,32.869998931884766,32.869998931884766,0,0.0,0.0,0.0
2024-05-17 09:30:00-04:00,32.90999984741211,32.90999984741211,32.83000183105469,32.83000183105469,49446,0.0,0.0,0.0
2024-05-17 10:30:00-04:00,32.86989974975586,32.869998931884766,32.859901428222656,32.859901428222656,801,0.0,0.0,0.0
2024-05-17 11:30:00-04:00,32.845001220703125,32.849998474121094,32.84000015258789,32.84619903564453,9371,0.0,0.0,0.0
2024-05-17 13:30:00-04:00,32.849998474121094,32.849998474121094,32.84989929199219,32.849998474121094,1651,0.0,0.0,0.0
2024-05-17 14:30:00-04:00,32.85499954223633,32.85499954223633,32.85499954223633,32.85499954223633,150,0.0,0.0,0.0
2024-05-17 15:30:00-04:00,32.85499954223633,32.86000061035156,32.849998474121094,32.86000061035156,801,0.0,0.0,0.0
2024-05-20 09:30:00-04:00,32.81999969482422,32.869998931884766,32.81999969482422,32.8650016784668,4104,0.0,0.0,0.0
2024-05-20 10:30:00-04:00,32.86000061035156,32.869998931884766,32.86000061035156,32.869998931884766,833,0.0,0.0,0.0
2024-05-20 11:30:00-04:00,32.86899948120117,32.880001068115234,32.86000061035156,32.880001068115234,1163,0.0,0.0,0.0
2024-05-20 12:30:00-04:00,32.869998931884766,32.880001068115234,32.869998931884766,32.87990188598633,795,0.0,0.0,0.0
2024-05-20 13:30:00-04:00,32.869998931884766,32.869998931884766,32.849998474121094,32.850101470947266,27688,0.0,0.0,0.0
2024-05-20 14:30:00-04:00,32.869998931884766,32.869998931884766,32.86000061035156,32.86000061035156,520,0.0,0.0,0.0
2024-05-20 15:30:00-04:00,32.86000061035156,32.86000061035156,32.86000061035156,32.86000061035156,0,0.0,0.0,0.0
2024-05-21 09:30:00-04:00,32.91999816894531,32.91999816894531,32.888999938964844,32.88990020751953,2194,0.0,0.0,0.0
2024-05-21 10:30:00-04:00,32.880001068115234,32.88010025024414,32.880001068115234,32.88010025024414,2997,0.0,0.0,0.0
2024-05-21 11:30:00-04:00,32.87810134887695,32.87810134887695,32.87810134887695,32.87810134887695,1811,0.0,0.0,0.0
2024-05-21 12:30:00-04:00,32.87990188598633,32.880001068115234,32.869998931884766,32.869998931884766,5223,0.0,0.0,0.0
2024-05-21 13:30:00-04:00,32.87580108642578,32.87580108642578,32.87580108642578,32.87580108642578,628,0.0,0.0,0.0
2024-05-21 14:30:00-04:00,32.869998931884766,32.869998931884766,32.869998931884766,32.869998931884766,572,0.0,0.0,0.0
2024-05-21 15:30:00-04:00,32.875,32.875,32.869998931884766,32.869998931884766,265,0.0,0.0,0.0
2024-05-22 09:30:00-04:00,32.86000061035156,32.88999938964844,32.86000061035156,32.88990020751953,1193,0.0,0.0,0.0
2024-05-22 10:30:00-04:00,32.875,32.889801025390625,32.875,32.880001068115234,1107,0.0,0.0,0.0
2024-05-22 11:30:00-04:00,32.88990020751953,32.88990020751953,32.880001068115234,32.880001068115234,2269,0.0,0.0,0.0
2024-05-22 12:30:00-04:00,32.869998931884766,32.87969970703125,32.869998931884766,32.87969970703125,783,0.0,0.0,0.0
2024-05-22 13:30:00-04:00,32.869998931884766,32.869998931884766,32.85200119018555,32.85200119018555,20056,0.0,0.0,0.0
2024-05-23 09:30:00-04:00,32.84000015258789,32.86000061035156,32.83000183105469,32.83000183105469,2740,0.0,0.0,0.0
2024-05-23 10:30:00-04:00,32.849998474121094,32.849998474121094,32.849998474121094,32.849998474121094,306,0.0,0.0,0.0
2024-05-23 11:30:00-04:00,32.834999084472656,32.834999084472656,32.83000183105469,32.83000183105469,1475,0.0,0.0,0.0
2024-05-23 12:30:00-04:00,32.83000183105469,32.834999084472656,32.83000183105469,32.834999084472656,527,0.0,0.0,0.0
2024-05-23 13:30:00-04:00,32.83000183105469,32.83000183105469,32.79999923706055,32.79999923706055,675,0.0,0.0,0.0
2024-05-23 14:30:00-04:00,32.79999923706055,32.79999923706055,32.779998779296875,32.78919982910156,0,0.0,0.0,0.0
2024-05-24 09:30:00-04:00,32.814998626708984,32.85499954223633,32.814998626708984,32.85499954223633,1840,0.0,0.0,0.0
2024-05-24 10:30:00-04:00,32.849998474121094,32.86000061035156,32.84270095825195,32.8578987121582,2813,0.0,0.0,0.0
2024-05-24 11:30:00-04:00,32.86000061035156,32.86009979248047,32.859798431396484,32.86009979248047,1660,0.0,0.0,0.0
2024-05-24 12:30:00-04:00,32.86989974975586,32.869998931884766,32.86989974975586,32.86989974975586,2059,0.0,0.0,0.0
2024-05-24 13:30:00-04:00,32.869998931884766,32.869998931884766,32.869998931884766,32.869998931884766,513,0.0,0.0,0.0
2024-05-24 14:30:00-04:00,32.900001525878906,32.900001525878906,32.880001068115234,32.880001068115234,1193,0.0,0.0,0.0
2024-05-24 15:30:00-04:00,32.88999938964844,32.900001525878906,32.88990020751953,32.900001525878906,871,0.0,0.0,0.0
2024-05-28 09:30:00-04:00,32.939998626708984,32.939998626708984,32.86000061035156,32.866798400878906,5610,0.0,0.0,0.0
2024-05-28 10:30:00-04:00,32.883399963378906,32.883399963378906,32.869998931884766,32.870201110839844,3138,0.0,0.0,0.0
2024-05-28 11:30:00-04:00,32.869998931884766,32.880001068115234,32.86000061035156,32.8650016784668,1654,0.0,0.0,0.0
2024-05-28 12:30:00-04:00,32.869998931884766,32.869998931884766,32.86000061035156,32.86000061035156,1310,0.0,0.0,0.0
2024-05-28 13:30:00-04:00,32.849998474121094,32.849998474121094,32.83000183105469,32.83000183105469,604,0.0,0.0,0.0
2024-05-28 14:30:00-04:00,32.83000183105469,32.849998474121094,32.83000183105469,32.834999084472656,1601,0.0,0.0,0.0
2024-05-28 15:30:00-04:00,32.83000183105469,32.86000061035156,32.82979965209961,32.86000061035156,1091,0.0,0.0,0.0
2024-05-29 09:30:00-04:00,32.75,32.790000915527344,32.75,32.77519989013672,0,0.0,0.0,0.0
2024-05-29 10:30:00-04:00,32.790000915527344,32.79999923706055,32.77130126953125,32.77130126953125,4817,0.0,0.0,0.0
2024-05-29 11:30:00-04:00,32.77000045776367,32.77000045776367,32.77000045776367,32.77000045776367,1733,0.0,0.0,0.0
2024-05-29 14:30:00-04:00,32.77000045776367,32.78010177612305,32.77000045776367,32.78010177612305,3101,0.0,0.0,0.0
2024-05-29 15:30:00-04:00,32.79690170288086,32.79999923706055,32.78499984741211,32.79999923706055,0,0.0,0.0,0.0
2024-05-30 09:30:00-04:00,32.84000015258789,32.84000015258789,32.779998779296875,32.82899856567383,7529,0.0,0.0,0.0
2024-05-30 10:30:00-04:00,32.83000183105469,32.84000015258789,32.83000183105469,32.84000015258789,1139,0.0,0.0,0.0
2024-05-30 11:30:00-04:00,32.84049987792969,32.850101470947266,32.84049987792969,32.850101470947266,2516,0.0,0.0,0.0
2024-05-30 12:30:00-04:00,32.849998474121094,32.85499954223633,32.849998474121094,32.85499954223633,394,0.0,0.0,0.0
2024-05-30 13:30:00-04:00,32.85900115966797,32.869998931884766,32.849998474121094,32.86000061035156,3922,0.0,0.0,0.0
2024-05-30 14:30:00-04:00,32.86000061035156,32.86009979248047,32.849998474121094,32.849998474121094,851,0.0,0.0,0.0
2024-05-30 15:30:00-04:00,32.86000061035156,32.86000061035156,32.85710144042969,32.85710144042969,0,0.0,0.0,0.0
2024-05-31 09:30:00-04:00,32.81999969482422,32.900001525878906,32.81999969482422,32.8849983215332,2995,0.0,0.0,0.0
2024-05-31 10:30:00-04:00,32.880001068115234,32.88010025024414,32.880001068115234,32.88010025024414,345,0.0,0.0,0.0
2024-05-31 11:30:00-04:00,32.869998931884766,32.89699935913086,32.869998931884766,32.89699935913086,659,0.0,0.0,0.0
2024-05-31 12:30:00-04:00,32.880001068115234,32.900001525878906,32.880001068115234,32.88990020751953,5256,0.0,0.0,0.0
2024-05-31 13:30:00-04:00,32.900001525878906,32.917598724365234,32.900001525878906,32.917598724365234,3056,0.0,0.0,0.0
2024-05-31 14:30:00-04:00,32.91999816894531,32.91999816894531,32.90999984741211,32.90999984741211,683,0.0,0.0,0.0
2024-05-31 15:30:00-04:00,32.90999984741211,32.939998626708984,32.90999984741211,32.91999816894531,4849,0.0,0.0,0.0
2024-06-03 09:30:00-04:00,32.91999816894531,32.970001220703125,32.90999984741211,32.959999084472656,4131,0.0,0.0,0.0
2024-06-03 10:30:00-04:00,32.959999084472656,32.97999954223633,32.84000015258789,32.910099029541016,45993,0.0,0.0,0.0
2024-06-03 11:30:00-04:00,32.90999984741211,32.939998626708984,32.900001525878906,32.900001525878906,14180,0.0,0.0,0.0
2024-06-03 12:30:00-04:00,32.90999984741211,32.939998626708984,32.90999984741211,32.91999816894531,3221,0.0,0.0,0.0
2024-06-03 13:30:00-04:00,32.91999816894531,32.93000030517578,32.900001525878906,32.900001525878906,14511,0.0,0.0,0.0
2024-06-03 14:30:00-04:00,32.900001525878906,32.90999984741211,32.900001525878906,32.900001525878906,19809,0.0,0.0,0.0
2024-06-03 15:30:00-04:00,32.900001525878906,32.90999984741211,32.88999938964844,32.90999984741211,21922,0.0,0.0,0.0
2024-06-04 09:30:00-04:00,32.599998474121094,32.599998474121094,32.57939910888672,32.58000183105469,6261,0.0,0.0,0.0
2024-06-04 10:30:00-04:00,32.56999969482422,32.58000183105469,32.560001373291016,32.56999969482422,1673,0.0,0.0,0.0
2024-06-04 11:30:00-04:00,32.56999969482422,32.56999969482422,32.54669952392578,32.54669952392578,551,0.0,0.0,0.0
2024-06-04 12:30:00-04:00,32.552398681640625,32.552398681640625,32.552398681640625,32.552398681640625,310,0.0,0.0,0.0
2024-06-04 14:30:00-04:00,32.58000183105469,32.58000183105469,32.560001373291016,32.560001373291016,291,0.0,0.0,0.0
2024-06-04 15:30:00-04:00,32.58000183105469,32.58000183105469,32.58000183105469,32.58000183105469,546,0.0,0.0,0.0
2024-06-05 09:30:00-04:00,32.630001068115234,32.630001068115234,32.56999969482422,32.61000061035156,12286,0.0,0.0,0.0
2024-06-05 10:30:00-04:00,32.619998931884766,32.619998931884766,32.59000015258789,32.61000061035156,6323,0.0,0.0,0.0
2024-06-05 11:30:00-04:00,32.619998931884766,32.619998931884766,32.599998474121094,32.609901428222656,3794,0.0,0.0,0.0
2024-06-05 12:30:00-04:00,32.61000061035156,32.61109924316406,32.599998474121094,32.599998474121094,1428,0.0,0.0,0.0
2024-06-05 13:30:00-04:00,32.599998474121094,32.599998474121094,32.59000015258789,32.599998474121094,2299,0.0,0.0,0.0
2024-06-05 14:30:00-04:00,32.60499954223633,32.61000061035156,32.59000015258789,32.599998474121094,9253,0.0,0.0,0.0
2024-06-05 15:30:00-04:00,32.599998474121094,32.61000061035156,32.59000015258789,32.59000015258789,3469,0.0,0.0,0.0
2024-06-06 09:30:00-04:00,32.56999969482422,32.60499954223633,32.56999969482422,32.60499954223633,4012,0.0,0.0,0.0
2024-06-06 10:30:00-04:00,32.61000061035156,32.61000061035156,32.58000183105469,32.58000183105469,18939,0.0,0.0,0.0
2024-06-06 11:30:00-04:00,32.58000183105469,32.59000015258789,32.56999969482422,32.56999969482422,1082,0.0,0.0,0.0
2024-06-06 12:30:00-04:00,32.56999969482422,32.56999969482422,32.56999969482422,32.56999969482422,666,0.0,0.0,0.0
2024-06-06 13:30:00-04:00,32.56999969482422,32.58000183105469,32.56999969482422,32.579898834228516,3146,0.0,0.0,0.0
2024-06-06 14:30:00-04:00,32.56999969482422,32.59000015258789,32.56999969482422,32.56999969482422,1820,0.0,0.0,0.0
2024-06-06 15:30:00-04:00,32.595001220703125,32.61000061035156,32.58000183105469,32.58000183105469,1455,0.0,0.0,0.0
2024-06-07 09:30:00-04:00,32.59000015258789,32.59000015258789,32.54990005493164,32.55970001220703,0,0.0,0.0,0.0
2024-06-07 10:30:00-04:00,32.58000183105469,32.58000183105469,32.579898834228516,32.579898834228516,555,0.0,0.0,0.0
2024-06-07 11:30:00-04:00,32.58000183105469,32.58000183105469,32.5625,32.579898834228516,6554,0.0,0.0,0.0
2024-06-07 12:30:00-04:00,32.58000183105469,32.58000183105469,32.54999923706055,32.54999923706055,890,0.0,0.0,0.0
2024-06-07 13:30:00-04:00,32.54999923706055,32.59000015258789,32.54999923706055,32.59000015258789,5757,0.0,0.0,0.0
2024-06-07 14:30:00-04:00,32.560001373291016,32.58000183105469,32.560001373291016,32.56999969482422,2866,0.0,0.0,0.0
2024-06-07 15:30:00-04:00,32.56999969482422,32.580101013183594,32.56999969482422,32.580101013183594,361,0.0,0.0,0.0
2024-06-10 09:30:00-04:00,32.56999969482422,32.599998474121094,32.56019973754883,32.575199127197266,10919,0.0,0.0,0.0
2024-06-10 10:30:00-04:00,32.56999969482422,32.59000015258789,32.56999969482422,32.58000183105469,2754,0.0,0.0,0.0
2024-06-10 11:30:00-04:00,32.58000183105469,32.59989929199219,32.58000183105469,32.59989929199219,1922,0.0,0.0,0.0
2024-06-10 12:30:00-04:00,32.599700927734375,32.619998931884766,32.59000015258789,32.599998474121094,13545,0.0,0.0,0.0
2024-06-10 13:30:00-04:00,32.61000061035156,32.619998931884766,32.599998474121094,32.61000061035156,1243,0.0,0.0,0.0
2024-06-10 14:30:00-04:00,32.599998474121094,32.60499954223633,32.59000015258789,32.59989929199219,1240,0.0,0.0,0.0
2024-06-10 15:30:00-04:00,32.59000015258789,32.619998931884766,32.59000015258789,32.619998931884766,0,0.0,0.0,0.0
2024-06-11 09:30:00-04:00,32.58000183105469,32.60390090942383,32.58000183105469,32.599998474121094,10060,0.0,0.0,0.0
2024-06-11 10:30:00-04:00,32.59000015258789,32.599998474121094,32.59000015258789,32.595001220703125,11470,0.0,0.0,0.0
2024-06-11 11:30:00-04:00,32.598899841308594,32.599998474121094,32.59000015258789,32.59880065917969,4888,0.0,0.0,0.0
2024-06-11 12:30:00-04:00,32.59000015258789,32.599998474121094,32.59000015258789,32.599998474121094,2811,0.0,0.0,0.0
2024-06-11 13:30:00-04:00,32.61000061035156,32.619998931884766,32.61000061035156,32.61000061035156,347,0.0,0.0,0.0
2024-06-11 14:30:00-04:00,32.61000061035156,32.630001068115234,32.61000061035156,32.630001068115234,8557,0.0,0.0,0.0
2024-06-11 15:30:00-04:00,32.630001068115234,32.630001068115234,32.61000061035156,32.61000061035156,0,0.0,0.0,0.0
2024-06-12 09:30:00-04:00,32.63999938964844,32.709999084472656,32.63999938964844,32.68000030517578,5375,0.0,0.0,0.0
2024-06-12 10:30:00-04:00,32.689998626708984,32.689998626708984,32.68000030517578,32.68000030517578,1715,0.0,0.0,0.0
2024-06-12 11:30:00-04:00,32.68000030517578,32.68000030517578,32.68000030517578,32.68000030517578,1579,0.0,0.0,0.0
2024-06-12 12:30:00-04:00,32.68000030517578,32.68000030517578,32.6796989440918,32.6796989440918,1136,0.0,0.0,0.0
2024-06-12 14:30:00-04:00,32.68000030517578,32.70000076293945,32.67499923706055,32.70000076293945,10550,0.0,0.0,0.0
2024-06-12 15:30:00-04:00,32.70000076293945,32.70000076293945,32.689998626708984,32.69070053100586,0,0.0,0.0,0.0
2024-06-13 09:30:00-04:00,32.77000045776367,32.77000045776367,32.689998626708984,32.69990158081055,1066,0.0,0.0,0.0
2024-06-13 10:30:00-04:00,32.689998626708984,32.69390106201172,32.68000030517578,32.68470001220703,4459,0.0,0.0,0.0
2024-06-13 11:30:00-04:00,32.69990158081055,32.69990158081055,32.69990158081055,32.69990158081055,608,0.0,0.0,0.0
2024-06-13 12:30:00-04:00,32.69499969482422,32.69499969482422,32.69499969482422,32.69499969482422,789,0.0,0.0,0.0
2024-06-13 14:30:00-04:00,32.689998626708984,32.689998626708984,32.68000030517578,32.685001373291016,14829,0.0,0.0,0.0
2024-06-13 15:30:00-04:00,32.68000030517578,32.68009948730469,32.66999816894531,32.68000030517578,6031,0.0,0.0,0.0
2024-06-14 09:30:00-04:00,32.66999816894531,32.70000076293945,32.661598205566406,32.66999816894531,3725,0.0,0.0,0.0
2024-06-14 10:30:00-04:00,32.670101165771484,32.670101165771484,32.65999984741211,32.65999984741211,1968,0.0,0.0,0.0
2024-06-14 12:30:00-04:00,32.65999984741211,32.65999984741211,32.650001525878906,32.65010070800781,7743,0.0,0.0,0.0
2024-06-14 13:30:00-04:00,32.650001525878906,32.6599006652832,32.650001525878906,32.6599006652832,4273,0.0,0.0,0.0
2024-06-14 14:30:00-04:00,32.64799880981445,32.650001525878906,32.63999938964844,32.64500045776367,2615,0.0,0.0,0.0
2024-06-14 15:30:00-04:00,32.64500045776367,32.65999984741211,32.64500045776367,32.65520095825195,2568,0.0,0.0,0.0
2024-06-17 09:30:00-04:00,32.599998474121094,32.68000030517578,32.599998474121094,32.68000030517578,5087,0.0,0.0,0.0
2024-06-17 10:30:00-04:00,32.68000030517578,32.689998626708984,32.66999816894531,32.689998626708984,2258,0.0,0.0,0.0
2024-06-17 11:30:00-04:00,32.689998626708984,32.689998626708984,32.68000030517578,32.685001373291016,1431,0.0,0.0,0.0
2024-06-17 12:30:00-04:00,32.689998626708984,32.69990158081055,32.68920135498047,32.68989944458008,2474,0.0,0.0,0.0
2024-06-17 13:30:00-04:00,32.689998626708984,32.69499969482422,32.689998626708984,32.690101623535156,1770,0.0,0.0,0.0
2024-06-17 14:30:00-04:00,32.70000076293945,32.70000076293945,32.689998626708984,32.690101623535156,1563,0.0,0.0,0.0
2024-06-17 15:30:00-04:00,32.69969940185547,32.709999084472656,32.689998626708984,32.695098876953125,4317,0.0,0.0,0.0
2024-06-18 09:30:00-04:00,32.7400016784668,32.7400016784668,32.720001220703125,32.720001220703125,0,0.0,0.0,0.0
2024-06-18 10:30:00-04:00,32.72999954223633,32.72999954223633,32.720001220703125,32.72010040283203,406,0.0,0.0,0.0
2024-06-18 11:30:00-04:00,32.72999954223633,32.72999954223633,32.729698181152344,32.72990036010742,1633,0.0,0.0,0.0
2024-06-18 12:30:00-04:00,32.720001220703125,32.720001220703125,32.720001220703125,32.720001220703125,1179,0.0,0.0,0.0
2024-06-18 13:30:00-04:00,32.720001220703125,32.72999954223633,32.720001220703125,32.72999954223633,7382,0.0,0.0,0.0
2024-06-18 14:30:00-04:00,32.720001220703125,32.73500061035156,32.720001220703125,32.73500061035156,4529,0.0,0.0,0.0
2024-06-18 15:30:00-04:00,32.73500061035156,32.7400016784668,32.720001220703125,32.72999954223633,3194,0.0,0.0,0.0
2024-06-20 09:30:00-04:00,32.779998779296875,32.779998779296875,32.720001220703125,32.72990036010742,0,0.0,0.0,0.0
2024-06-20 10:30:00-04:00,32.72990036010742,32.73500061035156,32.720001220703125,32.73500061035156,2664,0.0,0.0,0.0
2024-06-20 11:30:00-04:00,32.7400016784668,32.7400016784668,32.739898681640625,32.7400016784668,1221,0.0,0.0,0.0
2024-06-20 12:30:00-04:00,32.73500061035156,32.73500061035156,32.73500061035156,32.73500061035156,365,0.0,0.0,0.0
2024-06-20 14:30:00-04:00,32.7400016784668,32.7400016784668,32.720001220703125,32.720001220703125,1529,0.0,0.0,0.0
2024-06-20 15:30:00-04:00,32.72999954223633,32.72999954223633,32.72999954223633,32.72999954223633,151,0.0,0.0,0.0
2024-06-21 09:30:00-04:00,32.744998931884766,32.744998931884766,32.72999954223633,32.72999954223633,0,0.0,0.0,0.0
2024-06-21 10:30:00-04:00,32.73040008544922,32.75,32.73040008544922,32.75,1329,0.0,0.0,0.0
2024-06-21 12:30:00-04:00,32.7400016784668,32.7400016784668,32.7400016784668,32.7400016784668,300,0.0,0.0,0.0
2024-06-21 13:30:00-04:00,32.7400016784668,32.7400016784668,32.72999954223633,32.7400016784668,883,0.0,0.0,0.0
2024-06-21 14:30:00-04:00,32.74980163574219,32.749900817871094,32.744998931884766,32.749900817871094,1553,0.0,0.0,0.0
2024-06-21 15:30:00-04:00,32.75,32.75,32.75,32.75,414,0.0,0.0,0.0
2024-06-24 09:30:00-04:00,32.779998779296875,32.779998779296875,32.73500061035156,32.7400016784668,7957,0.0,0.0,0.0
2024-06-24 10:30:00-04:00,32.744998931884766,32.75,32.744998931884766,32.75,2259,0.0,0.0,0.0
2024-06-24 11:30:00-04:00,32.75,32.7599983215332,32.749698638916016,32.755001068115234,4707,0.0,0.0,0.0
2024-06-24 12:30:00-04:00,32.7599983215332,32.7599983215332,32.745201110839844,32.74879837036133,2927,0.0,0.0,0.0
2024-06-24 13:30:00-04:00,32.75,32.755001068115234,32.749900817871094,32.755001068115234,932,0.0,0.0,0.0
2024-06-24 14:30:00-04:00,32.75,32.755001068115234,32.7400016784668,32.7400016784668,1482,0.0,0.0,0.0
2024-06-24 15:30:00-04:00,32.75,32.7599983215332,32.75,32.7599983215332,1827,0.0,0.0,0.0
2024-06-25 09:30:00-04:00,32.709999084472656,32.739898681640625,32.709999084472656,32.709999084472656,11182,0.0,0.0,0.0
2024-06-25 10:30:00-04:00,32.739898681640625,32.749900817871094,32.73030090332031,32.749900817871094,1393,0.0,0.0,0.0
2024-06-25 11:30:00-04:00,32.75,32.75,32.744998931884766,32.75,1578,0.0,0.0,0.0
2024-06-25 12:30:00-04:00,32.749900817871094,32.7599983215332,32.74570083618164,32.7599983215332,6794,0.0,0.0,0.0
2024-06-25 13:30:00-04:00,32.77259826660156,32.77259826660156,32.760101318359375,32.760101318359375,1367,0.0,0.0,0.0
2024-06-25 14:30:00-04:00,32.76860046386719,32.76860046386719,32.76860046386719,32.76860046386719,622,0.0,0.0,0.0
2024-06-25 15:30:00-04:00,32.7599983215332,32.7599983215332,32.7599983215332,32.7599983215332,1130,0.0,0.0,0.0
2024-06-26 09:30:00-04:00,32.77000045776367,32.77000045776367,32.720001220703125,32.720001220703125,0,0.0,0.0,0.0
2024-06-26 10:30:00-04:00,32.720001220703125,32.73910140991211,32.720001220703125,32.72999954223633,9068,0.0,0.0,0.0
2024-06-26 11:30:00-04:00,32.72999954223633,32.72999954223633,32.72999954223633,32.72999954223633,2048,0.0,0.0,0.0
2024-06-26 12:30:00-04:00,32.73500061035156,32.73500061035156,32.73500061035156,32.73500061035156,304,0.0,0.0,0.0
2024-06-26 13:30:00-04:00,32.73979949951172,32.73979949951172,32.73979949951172,32.73979949951172,806,0.0,0.0,0.0
2024-06-26 14:30:00-04:00,32.7400016784668,32.77000045776367,32.72999954223633,32.75189971923828,18736,0.0,0.0,0.0
2024-06-26 15:30:00-04:00,32.75,32.77000045776367,32.7401008605957,32.7599983215332,0,0.0,0.0,0.0
2024-06-27 09:30:00-04:00,32.779998779296875,32.779998779296875,32.66999816894531,32.69990158081055,58892,0.0,0.0,0.0
2024-06-27 10:30:00-04:00,32.70000076293945,32.70000076293945,32.69499969482422,32.69990158081055,1113,0.0,0.0,0.0
2024-06-27 11:30:00-04:00,32.699798583984375,32.72999954223633,32.699798583984375,32.72990036010742,2377,0.0,0.0,0.0
2024-06-27 12:30:00-04:00,32.720001220703125,32.720001220703125,32.71500015258789,32.71500015258789,948,0.0,0.0,0.0
2024-06-27 13:30:00-04:00,32.71989822387695,32.71989822387695,32.71500015258789,32.71500015258789,348,0.0,0.0,0.0
2024-06-27 14:30:00-04:00,32.71989822387695,32.720001220703125,32.70989990234375,32.71200180053711,2303,0.0,0.0,0.0
2024-06-27 15:30:00-04:00,32.70500183105469,32.71160125732422,32.70500183105469,32.71160125732422,0,0.0,0.0,0.0
2024-06-28 09:30:00-04:00,32.74589920043945,32.790000915527344,32.74589920043945,32.78990173339844,2829,0.0,0.0,0.0
2024-06-28 10:30:00-04:00,32.77939987182617,32.77939987182617,32.7599983215332,32.760101318359375,1318,0.0,0.0,0.0
2024-06-28 11:30:00-04:00,32.75,32.75,32.744998931884766,32.744998931884766,1473,0.0,0.0,0.0
2024-06-28 12:30:00-04:00,32.72999954223633,32.75,32.72999954223633,32.75,1895,0.0,0.0,0.0
2024-06-28 13:30:00-04:00,32.7598991394043,32.7599983215332,32.7598991394043,32.7598991394043,3057,0.0,0.0,0.0
2024-06-28 14:30:00-04:00,32.7598991394043,32.7599983215332,32.7400016784668,32.75,5612,0.0,0.0,0.0
2024-06-28 15:30:00-04:00,32.7400016784668,32.7400016784668,32.7400016784668,32.7400016784668,4403,0.0,0.0,0.0
2024-07-01 09:30:00-04:00,32.81999969482422,32.81999969482422,32.7400016784668,32.75,29025,0.0,0.0,0.0
2024-07-01 10:30:00-04:00,32.7400016784668,32.7400016784668,32.720001220703125,32.720001220703125,11100,0.0,0.0,0.0
2024-07-01 11:30:00-04:00,32.720001220703125,32.75,32.720001220703125,32.72999954223633,14672,0.0,0.0,0.0
2024-07-01 12:30:00-04:00,32.72999954223633,32.73970031738281,32.720001220703125,32.72999954223633,9638,0.0,0.0,0.0
2024-07-01 13:30:00-04:00,32.72999954223633,32.72999954223633,32.720001220703125,32.720001220703125,10134,0.0,0.0,0.0
2024-07-01 14:30:00-04:00,32.720001220703125,32.72999954223633,32.709999084472656,32.709999084472656,15741,0.0,0.0,0.0
2024-07-01 15:30:00-04:00,32.709999084472656,32.7400016784668,32.709999084472656,32.709999084472656,0,0.0,0.0,0.0
2024-07-02 09:30:00-04:00,32.459999084472656,32.459999084472656,32.40999984741211,32.40999984741211,5825,0.0,0.0,0.0
2024-07-02 10:30:00-04:00,32.41999816894531,32.4379997253418,32.40999984741211,32.41999816894531,2094,0.0,0.0,0.0
2024-07-02 12:30:00-04:00,32.41999816894531,32.43000030517578,32.41999816894531,32.42499923706055,2078,0.0,0.0,0.0
2024-07-02 13:30:00-04:00,32.43000030517578,32.43000030517578,32.420101165771484,32.420101165771484,2954,0.0,0.0,0.0
2024-07-02 14:30:00-04:00,32.43000030517578,32.43000030517578,32.41999816894531,32.420101165771484,707,0.0,0.0,0.0
2024-07-02 15:30:00-04:00,32.45909881591797,32.45909881591797,32.45909881591797,32.45909881591797,194,0.0,0.0,0.0
2024-07-03 09:30:00-04:00,32.380001068115234,32.470001220703125,32.380001068115234,32.46989822387695,19860,0.0,0.0,0.0
2024-07-03 10:30:00-04:00,32.470001220703125,32.470001220703125,32.45000076293945,32.459999084472656,19626,0.0,0.0,0.0
2024-07-03 11:30:00-04:00,32.46989822387695,32.4900016784668,32.46989822387695,32.47990036010742,2893,0.0,0.0,0.0
2024-07-05 09:30:00-04:00,32.650001525878906,32.650001525878906,32.47999954223633,32.47999954223633,6221,0.0,0.0,0.0
2024-07-05 10:30:00-04:00,32.5099983215332,32.518001556396484,32.5,32.5,1744,0.0,0.0,0.0
2024-07-05 11:30:00-04:00,32.5,32.52000045776367,32.4900016784668,32.510101318359375,1450,0.0,0.0,0.0
2024-07-05 12:30:00-04:00,32.5099983215332,32.52000045776367,32.5099983215332,32.5099983215332,6125,0.0,0.0,0.0
2024-07-05 13:30:00-04:00,32.5099983215332,32.52000045776367,32.505001068115234,32.52000045776367,2926,0.0,0.0,0.0
2024-07-05 14:30:00-04:00,32.51499938964844,32.529998779296875,32.51499938964844,32.529998779296875,5197,0.0,0.0,0.0
2024-07-05 15:30:00-04:00,32.52000045776367,32.540000915527344,32.52000045776367,32.540000915527344,4299,0.0,0.0,0.0
2024-07-08 09:30:00-04:00,32.560001373291016,32.560001373291016,32.52000045776367,32.52980041503906,2846,0.0,0.0,0.0
2024-07-08 10:30:00-04:00,32.529998779296875,32.540000915527344,32.52009963989258,32.529998779296875,1387,0.0,0.0,0.0
2024-07-08 11:30:00-04:00,32.52539825439453,32.526798248291016,32.52539825439453,32.526798248291016,530,0.0,0.0,0.0
2024-07-08 12:30:00-04:00,32.52000045776367,32.540000915527344,32.52000045776367,32.529998779296875,3317,0.0,0.0,0.0
2024-07-08 13:30:00-04:00,32.529701232910156,32.540000915527344,32.529701232910156,32.53010177612305,934,0.0,0.0,0.0
2024-07-08 14:30:00-04:00,32.54999923706055,32.54999923706055,32.54999923706055,32.54999923706055,1241,0.0,0.0,0.0
2024-07-08 15:30:00-04:00,32.54800033569336,32.560001373291016,32.54800033569336,32.560001373291016,0,0.0,0.0,0.0
2024-07-09 09:30:00-04:00,32.599998474121094,32.599998474121094,32.54999923706055,32.54999923706055,3482,0.0,0.0,0.0
2024-07-09 10:30:00-04:00,32.540199279785156,32.54499816894531,32.53030014038086,32.53499984741211,17321,0.0,0.0,0.0
2024-07-09 11:30:00-04:00,32.52370071411133,32.529998779296875,32.52370071411133,32.529998779296875,1148,0.0,0.0,0.0
2024-07-09 12:30:00-04:00,32.540000915527344,32.540000915527344,32.540000915527344,32.540000915527344,607,0.0,0.0,0.0
2024-07-09 13:30:00-04:00,32.53010177612305,32.53010177612305,32.53010177612305,32.53010177612305,653,0.0,0.0,0.0
2024-07-09 14:30:00-04:00,32.540000915527344,32.540000915527344,32.53010177612305,32.540000915527344,1387,0.0,0.0,0.0
2024-07-09 15:30:00-04:00,32.54999923706055,32.54999923706055,32.540000915527344,32.540000915527344,811,0.0,0.0,0.0
2024-07-10 09:30:00-04:00,32.53499984741211,32.54999923706055,32.52000045776367,32.52470016479492,1757,0.0,0.0,0.0
2024-07-10 10:30:00-04:00,32.529998779296875,32.540000915527344,32.529998779296875,32.5349006652832,3248,0.0,0.0,0.0
2024-07-10 11:30:00-04:00,32.54010009765625,32.54010009765625,32.54010009765625,32.54010009765625,199,0.0,0.0,0.0
2024-07-10 12:30:00-04:00,32.54999923706055,32.54999923706055,32.540000915527344,32.540000915527344,297,0.0,0.0,0.0
2024-07-10 13:30:00-04:00,32.560001373291016,32.560001373291016,32.54140090942383,32.541500091552734,558,0.0,0.0,0.0
2024-07-10 14:30:00-04:00,32.54800033569336,32.54800033569336,32.54800033569336,32.54800033569336,341,0.0,0.0,0.0
2024-07-10 15:30:00-04:00,32.54999923706055,32.54999923706055,32.53499984741211,32.53499984741211,0,0.0,0.0,0.0
2024-07-11 09:30:00-04:00,32.56999969482422,32.59000015258789,32.540000915527344,32.589900970458984,5773,0.0,0.0,0.0
2024-07-11 10:30:00-04:00,32.540000915527344,32.540000915527344,32.529998779296875,32.529998779296875,2684,0.0,0.0,0.0
2024-07-11 11:30:00-04:00,32.54890060424805,32.54890060424805,32.54890060424805,32.54890060424805,238,0.0,0.0,0.0
2024-07-11 12:30:00-04:00,32.54999923706055,32.54999923706055,32.540000915527344,32.54990005493164,454,0.0,0.0,0.0
2024-07-11 13:30:00-04:00,32.54999923706055,32.54999923706055,32.540000915527344,32.540000915527344,6322,0.0,0.0,0.0
2024-07-11 14:30:00-04:00,32.54990005493164,32.559898376464844,32.54990005493164,32.54999923706055,3030,0.0,0.0,0.0
2024-07-11 15:30:00-04:00,32.559200286865234,32.559200286865234,32.54499816894531,32.54499816894531,0,0.0,0.0,0.0
2024-07-12 09:30:00-04:00,32.560001373291016,32.59000015258789,32.54890060424805,32.589900970458984,7867,0.0,0.0,0.0
2024-07-12 10:30:00-04:00,32.56999969482422,32.58000183105469,32.560001373291016,32.57500076293945,3694,0.0,0.0,0.0
2024-07-12 11:30:00-04:00,32.57500076293945,32.58000183105469,32.570098876953125,32.57979965209961,1827,0.0,0.0,0.0
2024-07-12 12:30:00-04:00,32.56999969482422,32.589900970458984,32.56999969482422,32.582000732421875,1998,0.0,0.0,0.0
2024-07-12 13:30:00-04:00,32.56999969482422,32.59000015258789,32.56999969482422,32.56999969482422,36030,0.0,0.0,0.0
2024-07-12 14:30:00-04:00,32.58000183105469,32.589900970458984,32.56999969482422,32.56999969482422,2004,0.0,0.0,0.0
2024-07-12 15:30:00-04:00,32.579898834228516,32.58219909667969,32.579898834228516,32.58219909667969,920,0.0,0.0,0.0
2024-07-15 09:30:00-04:00,32.650001525878906,32.650001525878906,32.56999969482422,32.58399963378906,7423,0.0,0.0,0.0
2024-07-15 10:30:00-04:00,32.58000183105469,32.584999084472656,32.58000183105469,32.58000183105469,1780,0.0,0.0,0.0
2024-07-15 11:30:00-04:00,32.58000183105469,32.58599853515625,32.58000183105469,32.5817985534668,1212,0.0,0.0,0.0
2024-07-15 12:30:00-04:00,32.59000015258789,32.59000015258789,32.58000183105469,32.586299896240234,3396,0.0,0.0,0.0
2024-07-15 13:30:00-04:00,32.58599853515625,32.58599853515625,32.58599853515625,32.58599853515625,402,0.0,0.0,0.0
2024-07-15 14:30:00-04:00,32.59000015258789,32.59000015258789,32.58209991455078,32.59000015258789,5019,0.0,0.0,0.0
2024-07-15 15:30:00-04:00,32.58000183105469,32.599998474121094,32.58000183105469,32.599998474121094,610,0.0,0.0,0.0
2024-07-16 09:30:00-04:00,32.61000061035156,32.61000061035156,32.58890151977539,32.61000061035156,3136,0.0,0.0,0.0
2024-07-16 10:30:00-04:00,32.599998474121094,32.599998474121094,32.591400146484375,32.597900390625,4011,0.0,0.0,0.0
2024-07-16 11:30:00-04:00,32.59989929199219,32.59989929199219,32.59989929199219,32.59989929199219,748,0.0,0.0,0.0
2024-07-16 12:30:00-04:00,32.599998474121094,32.599998474121094,32.59989929199219,32.59989929199219,1554,0.0,0.0,0.0
2024-07-16 13:30:00-04:00,32.595001220703125,32.61000061035156,32.595001220703125,32.606300354003906,1795,0.0,0.0,0.0
2024-07-16 14:30:00-04:00,32.60599899291992,32.619998931884766,32.599998474121094,32.599998474121094,42073,0.0,0.0,0.0
2024-07-16 15:30:00-04:00,32.599998474121094,32.61000061035156,32.599998474121094,32.61000061035156,1108,0.0,0.0,0.0
2024-07-17 09:30:00-04:00,32.63999938964844,32.63999938964844,32.59000015258789,32.59000015258789,3462,0.0,0.0,0.0
2024-07-17 10:30:00-04:00,32.599998474121094,32.599998474121094,32.599998474121094,32.599998474121094,1214,0.0,0.0,0.0
2024-07-17 11:30:00-04:00,32.59000015258789,32.599998474121094,32.59000015258789,32.59989929199219,4266,0.0,0.0,0.0
2024-07-17 12:30:00-04:00,32.599998474121094,32.609901428222656,32.59989929199219,32.609901428222656,2362,0.0,0.0,0.0
2024-07-17 13:30:00-04:00,32.609901428222656,32.609901428222656,32.5989990234375,32.599998474121094,5089,0.0,0.0,0.0
2024-07-17 14:30:00-04:00,32.59980010986328,32.599998474121094,32.59629821777344,32.59989929199219,1440,0.0,0.0,0.0
2024-07-17 15:30:00-04:00,32.599998474121094,32.61000061035156,32.59989929199219,32.61000061035156,1558,0.0,0.0,0.0
2024-07-18 09:30:00-04:00,32.609798431396484,32.61000061035156,32.609798431396484,32.609901428222656,924,0.0,0.0,0.0
2024-07-18 10:30:00-04:00,32.61000061035156,32.619998931884766,32.61000061035156,32.61000061035156,2545,0.0,0.0,0.0
2024-07-18 11:30:00-04:00,32.599998474121094,32.61000061035156,32.599998474121094,32.61000061035156,3002,0.0,0.0,0.0
2024-07-18 12:30:00-04:00,32.600101470947266,32.619998931884766,32.600101470947266,32.619998931884766,3554,0.0,0.0,0.0
2024-07-18 13:30:00-04:00,32.6150016784668,32.619998931884766,32.609901428222656,32.61970138549805,1833,0.0,0.0,0.0
2024-07-18 14:30:00-04:00,32.61130142211914,32.619998931884766,32.61130142211914,32.61989974975586,1371,0.0,0.0,0.0
2024-07-18 15:30:00-04:00,32.619998931884766,32.630001068115234,32.619998931884766,32.630001068115234,0,0.0,0.0,0.0
2024-07-19 09:30:00-04:00,32.58000183105469,32.58000183105469,32.56999969482422,32.56999969482422,690,0.0,0.0,0.0
2024-07-19 10:30:00-04:00,32.560001373291016,32.560001373291016,32.529998779296875,32.560001373291016,5770,0.0,0.0,0.0
2024-07-19 11:30:00-04:00,32.54999923706055,32.54999923706055,32.54999923706055,32.54999923706055,1060,0.0,0.0,0.0
2024-07-19 12:30:00-04:00,32.529998779296875,32.54999923706055,32.529998779296875,32.54800033569336,2596,0.0,0.0,0.0
2024-07-19 14:30:00-04:00,32.54899978637695,32.56999969482422,32.54499816894531,32.56990051269531,7134,0.0,0.0,0.0
2024-07-19 15:30:00-04:00,32.59000015258789,32.59000015258789,32.59000015258789,32.59000015258789,4379,0.0,0.0,0.0
2024-07-22 09:30:00-04:00,32.61000061035156,32.630001068115234,32.599998474121094,32.619998931884766,0,0.0,0.0,0.0
2024-07-22 10:30:00-04:00,32.619998931884766,32.630001068115234,32.619998931884766,32.630001068115234,555,0.0,0.0,0.0
2024-07-22 11:30:00-04:00,32.63999938964844,32.63999938964844,32.630001068115234,32.630001068115234,789,0.0,0.0,0.0
2024-07-22 12:30:00-04:00,32.630001068115234,32.630001068115234,32.619998931884766,32.619998931884766,1004,0.0,0.0,0.0
2024-07-22 13:30:00-04:00,32.619998931884766,32.63999938964844,32.619998931884766,32.63999938964844,590,0.0,0.0,0.0
2024-07-22 14:30:00-04:00,32.630001068115234,32.630001068115234,32.630001068115234,32.630001068115234,115,0.0,0.0,0.0
2024-07-22 15:30:00-04:00,32.65999984741211,32.65999984741211,32.6599006652832,32.65999984741211,1126,0.0,0.0,0.0
2024-07-23 09:30:00-04:00,32.689998626708984,32.689998626708984,32.630001068115234,32.679901123046875,3347,0.0,0.0,0.0
2024-07-23 10:30:00-04:00,32.652000427246094,32.65999984741211,32.630001068115234,32.65999984741211,5188,0.0,0.0,0.0
2024-07-23 11:30:00-04:00,32.650001525878906,32.650001525878906,32.64649963378906,32.64649963378906,1650,0.0,0.0,0.0
2024-07-23 13:30:00-04:00,32.65169906616211,32.66999816894531,32.65169906616211,32.65299987792969,1164,0.0,0.0,0.0
2024-07-23 14:30:00-04:00,32.65999984741211,32.66999816894531,32.65999984741211,32.66270065307617,1543,0.0,0.0,0.0
2024-07-23 15:30:00-04:00,32.654998779296875,32.654998779296875,32.654998779296875,32.654998779296875,208,0.0,0.0,0.0
2024-07-24 09:30:00-04:00,32.66999816894531,32.66999816894531,32.64250183105469,32.64250183105469,662,0.0,0.0,0.0
2024-07-24 10:30:00-04:00,32.654998779296875,32.66999816894531,32.63999938964844,32.66999816894531,333644,0.0,0.0,0.0
2024-07-24 11:30:00-04:00,32.65999984741211,32.65999984741211,32.63999938964844,32.63999938964844,284,0.0,0.0,0.0
2024-07-24 12:30:00-04:00,32.63999938964844,32.63999938964844,32.63999938964844,32.63999938964844,424,0.0,0.0,0.0
2024-07-24 13:30:00-04:00,32.63999938964844,32.650001525878906,32.63999938964844,32.63999938964844,3026,0.0,0.0,0.0
2024-07-24 14:30:00-04:00,32.60660171508789,32.619998931884766,32.600101470947266,32.600101470947266,914,0.0,0.0,0.0
2024-07-24 15:30:00-04:00,32.619998931884766,32.619998931884766,32.600101470947266,32.61000061035156,0,0.0,0.0,0.0
2024-07-25 09:30:00-04:00,32.61000061035156,32.61000061035156,32.60499954223633,32.60499954223633,833,0.0,0.0,0.0
2024-07-25 10:30:00-04:00,32.599998474121094,32.63999938964844,32.599998474121094,32.63999938964844,2188,0.0,0.0,0.0
2024-07-25 11:30:00-04:00,32.630001068115234,32.64500045776367,32.630001068115234,32.64030075073242,1568,0.0,0.0,0.0
2024-07-25 12:30:00-04:00,32.645198822021484,32.650001525878906,32.63130187988281,32.650001525878906,1259,0.0,0.0,0.0
2024-07-25 13:30:00-04:00,32.63999938964844,32.64789962768555,32.630001068115234,32.6349983215332,4038,0.0,0.0,0.0
2024-07-25 14:30:00-04:00,32.630001068115234,32.630001068115234,32.625,32.630001068115234,2467,0.0,0.0,0.0
2024-07-25 15:30:00-04:00,32.63999938964844,32.63999938964844,32.619998931884766,32.630001068115234,0,0.0,0.0,0.0
2024-07-26 09:30:00-04:00,32.65999984741211,32.65999984741211,32.6599006652832,32.6599006652832,425,0.0,0.0,0.0
2024-07-26 10:30:00-04:00,32.650001525878906,32.66999816894531,32.649898529052734,32.650001525878906,7042,0.0,0.0,0.0
2024-07-26 11:30:00-04:00,32.65999984741211,32.68000030517578,32.65999984741211,32.68000030517578,755,0.0,0.0,0.0
2024-07-26 12:30:00-04:00,32.65999984741211,32.66999816894531,32.65999984741211,32.66999816894531,202,0.0,0.0,0.0
2024-07-26 13:30:00-04:00,32.65999984741211,32.66999816894531,32.65999984741211,32.66999816894531,2586,0.0,0.0,0.0
2024-07-26 14:30:00-04:00,32.665000915527344,32.665000915527344,32.65999984741211,32.665000915527344,2527,0.0,0.0,0.0
2024-07-26 15:30:00-04:00,32.654998779296875,32.68000030517578,32.654998779296875,32.68000030517578,4527,0.0,0.0,0.0
2024-07-29 09:30:00-04:00,32.70000076293945,32.70000076293945,32.65999984741211,32.65999984741211,2490,0.0,0.0,0.0
2024-07-29 10:30:00-04:00,32.65999984741211,32.65999984741211,32.649898529052734,32.649898529052734,2524,0.0,0.0,0.0
2024-07-29 11:30:00-04:00,32.650001525878906,32.667999267578125,32.650001525878906,32.667999267578125,910,0.0,0.0,0.0
2024-07-29 12:30:00-04:00,32.66999816894531,32.66999816894531,32.64830017089844,32.66999816894531,3650,0.0,0.0,0.0
2024-07-29 13:30:00-04:00,32.66659927368164,32.66659927368164,32.65999984741211,32.660099029541016,1167,0.0,0.0,0.0
2024-07-29 14:30:00-04:00,32.65999984741211,32.65999984741211,32.65999984741211,32.65999984741211,261,0.0,0.0,0.0
2024-07-29 15:30:00-04:00,32.652099609375,32.66999816894531,32.650001525878906,32.66999816894531,2898,0.0,0.0,0.0
2024-07-30 09:30:00-04:00,32.619998931884766,32.66999816894531,32.619998931884766,32.66999816894531,4026,0.0,0.0,0.0
2024-07-30 10:30:00-04:00,32.650001525878906,32.650001525878906,32.650001525878906,32.650001525878906,112,0.0,0.0,0.0
2024-07-30 11:30:00-04:00,32.650001525878906,32.65999984741211,32.63869857788086,32.63869857788086,1520,0.0,0.0,0.0
2024-07-30 12:30:00-04:00,32.63029861450195,32.65999984741211,32.63029861450195,32.63999938964844,6546,0.0,0.0,0.0
2024-07-30 13:30:00-04:00,32.650001525878906,32.65999984741211,32.650001525878906,32.65999984741211,643,0.0,0.0,0.0
2024-07-30 14:30:00-04:00,32.654998779296875,32.66999816894531,32.63999938964844,32.669898986816406,1146,0.0,0.0,0.0
2024-07-30 15:30:00-04:00,32.66999816894531,32.68000030517578,32.66999816894531,32.68000030517578,983,0.0,0.0,0.0
2024-07-31 09:30:00-04:00,32.70000076293945,32.71200180053711,32.70000076293945,32.71200180053711,293,0.0,0.0,0.0
2024-07-31 10:30:00-04:00,32.70000076293945,32.709999084472656,32.70000076293945,32.70989990234375,1346,0.0,0.0,0.0
2024-07-31 11:30:00-04:00,32.720001220703125,32.720001220703125,32.70000076293945,32.70009994506836,1316,0.0,0.0,0.0
2024-07-31 12:30:00-04:00,32.709999084472656,32.720001220703125,32.688201904296875,32.70000076293945,5291,0.0,0.0,0.0
2024-07-31 13:30:00-04:00,32.68199920654297,32.70949935913086,32.6619987487793,32.70949935913086,10840,0.0,0.0,0.0
2024-07-31 15:30:00-04:00,32.709999084472656,32.72999954223633,32.70500183105469,32.71760177612305,0,0.0,0.0,0.0
2024-08-01 09:30:00-04:00,32.79999923706055,32.79999923706055,32.750099182128906,32.7599983215332,27346,0.0,0.0,0.0
2024-08-01 10:30:00-04:00,32.75,32.75,32.739498138427734,32.739498138427734,2879,0.0,0.0,0.0
2024-08-01 11:30:00-04:00,32.737998962402344,32.737998962402344,32.72999954223633,32.72999954223633,1125,0.0,0.0,0.0
2024-08-01 12:30:00-04:00,32.72999954223633,32.72999954223633,32.724998474121094,32.724998474121094,414,0.0,0.0,0.0
2024-08-01 13:30:00-04:00,32.720001220703125,32.724998474121094,32.71989822387695,32.720001220703125,2248,0.0,0.0,0.0
2024-08-01 14:30:00-04:00,32.71989822387695,32.71989822387695,32.70989990234375,32.70989990234375,942,0.0,0.0,0.0
2024-08-01 15:30:00-04:00,32.70000076293945,32.72999954223633,32.70000076293945,32.72999954223633,0,0.0,0.0,0.0
2024-08-02 09:30:00-04:00,32.39500045776367,32.43000030517578,32.36000061035156,32.369998931884766,21392,0.0,0.0,0.0
2024-08-02 10:30:00-04:00,32.369998931884766,32.38999938964844,32.36000061035156,32.380001068115234,2550,0.0,0.0,0.0
2024-08-02 11:30:00-04:00,32.380001068115234,32.38999938964844,32.36000061035156,32.36009979248047,7660,0.0,0.0,0.0
2024-08-02 12:30:00-04:00,32.380001068115234,32.38999938964844,32.369998931884766,32.38999938964844,1847,0.0,0.0,0.0
2024-08-02 13:30:00-04:00,32.38999938964844,32.38999938964844,32.349998474121094,32.380001068115234,2398,0.0,0.0,0.0
2024-08-02 14:30:00-04:00,32.380001068115234,32.38999938964844,32.369998931884766,32.38999938964844,2589,0.0,0.0,0.0
2024-08-02 15:30:00-04:00,32.38999938964844,32.38999938964844,32.380001068115234,32.380001068115234,5229,0.0,0.0,0.0
2024-08-05 09:30:00-04:00,32.0099983215332,32.1510009765625,31.969999313354492,32.12620162963867,15920,0.0,0.0,0.0
2024-08-05 10:30:00-04:00,32.150001525878906,32.2599983215332,32.11009979248047,32.19499969482422,42076,0.0,0.0,0.0
2024-08-05 11:30:00-04:00,32.25,32.25,32.189998626708984,32.189998626708984,1012,0.0,0.0,0.0
2024-08-05 12:30:00-04:00,32.189998626708984,32.279998779296875,32.189998626708984,32.2400016784668,19287,0.0,0.0,0.0
2024-08-05 13:30:00-04:00,32.25,32.27000045776367,32.220001220703125,32.220001220703125,3677,0.0,0.0,0.0
2024-08-05 14:30:00-04:00,32.23099899291992,32.249000549316406,32.16999816894531,32.189998626708984,3181,0.0,0.0,0.0
2024-08-05 15:30:00-04:00,32.18000030517578,32.18000030517578,32.150001525878906,32.150001525878906,0,0.0,0.0,0.0
2024-08-06 09:30:00-04:00,32.279998779296875,32.29999923706055,32.20009994506836,32.29499816894531,5965,0.0,0.0,0.0
2024-08-06 10:30:00-04:00,32.290000915527344,32.290000915527344,32.290000915527344,32.290000915527344,148,0.0,0.0,0.0
2024-08-06 11:30:00-04:00,32.30099868774414,32.33000183105469,32.29499816894531,32.320098876953125,1288,0.0,0.0,0.0
2024-08-06 12:30:00-04:00,32.36000061035156,32.36000061035156,32.349998474121094,32.349998474121094,744,0.0,0.0,0.0
2024-08-06 13:30:00-04:00,32.369998931884766,32.380001068115234,32.36000061035156,32.380001068115234,2340,0.0,0.0,0.0
2024-08-06 14:30:00-04:00,32.38999938964844,32.400001525878906,32.36000061035156,32.369998931884766,2747,0.0,0.0,0.0
2024-08-06 15:30:00-04:00,32.349998474121094,32.349998474121094,32.290000915527344,32.290000915527344,2223,0.0,0.0,0.0
2024-08-07 09:30:00-04:00,32.369998931884766,32.44260025024414,32.369998931884766,32.42919921875,0,0.0,0.0,0.0
2024-08-07 10:30:00-04:00,32.413299560546875,32.43989944458008,32.413299560546875,32.43980026245117,1458,0.0,0.0,0.0
2024-08-07 11:30:00-04:00,32.41999816894531,32.41999816894531,32.41999816894531,32.41999816894531,306,0.0,0.0,0.0
2024-08-07 12:30:00-04:00,32.426998138427734,32.426998138427734,32.400001525878906,32.400001525878906,3273,0.0,0.0,0.0
2024-08-07 13:30:00-04:00,32.369998931884766,32.369998931884766,32.369998931884766,32.369998931884766,100,0.0,0.0,0.0
2024-08-07 14:30:00-04:00,32.380001068115234,32.380001068115234,32.380001068115234,32.380001068115234,1540,0.0,0.0,0.0
2024-08-07 15:30:00-04:00,32.380001068115234,32.38999938964844,32.33000183105469,32.33000183105469,0,0.0,0.0,0.0
2024-08-08 09:30:00-04:00,32.4900016784668,32.4900016784668,32.42499923706055,32.435001373291016,894,0.0,0.0,0.0
2024-08-08 10:30:00-04:00,32.439998626708984,32.44810104370117,32.40999984741211,32.44810104370117,896,0.0,0.0,0.0
2024-08-08 11:30:00-04:00,32.415000915527344,32.415000915527344,32.415000915527344,32.415000915527344,310,0.0,0.0,0.0
2024-08-08 12:30:00-04:00,32.40999984741211,32.40999984741211,32.38999938964844,32.38999938964844,564,0.0,0.0,0.0
2024-08-08 13:30:00-04:00,32.43000030517578,32.43000030517578,32.43000030517578,32.43000030517578,100,0.0,0.0,0.0
2024-08-08 14:30:00-04:00,32.43000030517578,32.448001861572266,32.42720031738281,32.42720031738281,902,0.0,0.0,0.0
2024-08-08 15:30:00-04:00,32.41999816894531,32.420101165771484,32.41999816894531,32.41999816894531,0,0.0,0.0,0.0
2024-08-09 09:30:00-04:00,32.470001220703125,32.470001220703125,32.439998626708984,32.439998626708984,3839,0.0,0.0,0.0
2024-08-09 12:30:00-04:00,32.459999084472656,32.459999084472656,32.44179916381836,32.44179916381836,321,0.0,0.0,0.0
2024-08-09 13:30:00-04:00,32.459999084472656,32.470001220703125,32.45500183105469,32.45500183105469,1299,0.0,0.0,0.0
2024-08-09 14:30:00-04:00,32.459999084472656,32.470001220703125,32.43000030517578,32.43000030517578,8415,0.0,0.0,0.0
2024-08-09 15:30:00-04:00,32.45000076293945,32.47999954223633,32.45000076293945,32.47999954223633,2720,0.0,0.0,0.0
2024-08-12 09:30:00-04:00,32.45000076293945,32.479801177978516,32.44919967651367,32.44919967651367,4549,0.0,0.0,0.0
2024-08-12 10:30:00-04:00,32.459999084472656,32.47999954223633,32.45000076293945,32.459999084472656,618,0.0,0.0,0.0
2024-08-12 11:30:00-04:00,32.470001220703125,32.470001220703125,32.459999084472656,32.459999084472656,426,0.0,0.0,0.0
2024-08-12 12:30:00-04:00,32.47999954223633,32.47999954223633,32.47050094604492,32.47050094604492,331,0.0,0.0,0.0
2024-08-12 13:30:00-04:00,32.4900016784668,32.4900016784668,32.47999954223633,32.4900016784668,488,0.0,0.0,0.0
2024-08-12 14:30:00-04:00,32.480098724365234,32.480098724365234,32.480098724365234,32.480098724365234,513,0.0,0.0,0.0
2024-08-12 15:30:00-04:00,32.484798431396484,32.484798431396484,32.47129821777344,32.47129821777344,0,0.0,0.0,0.0
2024-08-13 09:30:00-04:00,32.4900016784668,32.529998779296875,32.4900016784668,32.509498596191406,25293,0.0,0.0,0.0
2024-08-13 10:30:00-04:00,32.52000045776367,32.529998779296875,32.51900100708008,32.529300689697266,1839,0.0,0.0,0.0
2024-08-13 11:30:00-04:00,32.505001068115234,32.52989959716797,32.505001068115234,32.52989959716797,706,0.0,0.0,0.0
2024-08-13 13:30:00-04:00,32.5099983215332,32.54999923706055,32.5099983215332,32.53499984741211,1888,0.0,0.0,0.0
2024-08-13 14:30:00-04:00,32.54999923706055,32.54999923706055,32.53499984741211,32.540000915527344,17331,0.0,0.0,0.0
2024-08-13 15:30:00-04:00,32.54399871826172,32.54999923706055,32.54399871826172,32.54999923706055,0,0.0,0.0,0.0
2024-08-14 09:30:00-04:00,32.4900016784668,32.54999923706055,32.4900016784668,32.540000915527344,1410,0.0,0.0,0.0
2024-08-14 10:30:00-04:00,32.54999923706055,32.56949996948242,32.54999923706055,32.56949996948242,24633,0.0,0.0,0.0
2024-08-14 11:30:00-04:00,32.54999923706055,32.58000183105469,32.54999923706055,32.56999969482422,13214,0.0,0.0,0.0
2024-08-14 12:30:00-04:00,32.560001373291016,32.56890106201172,32.560001373291016,32.565799713134766,1074,0.0,0.0,0.0
2024-08-14 13:30:00-04:00,32.565799713134766,32.565799713134766,32.565799713134766,32.565799713134766,102,0.0,0.0,0.0
2024-08-14 14:30:00-04:00,32.560001373291016,32.56999969482422,32.560001373291016,32.56999969482422,21081,0.0,0.0,0.0
2024-08-14 15:30:00-04:00,32.56999969482422,32.575599670410156,32.56999969482422,32.575599670410156,0,0.0,0.0,0.0
2024-08-15 09:30:00-04:00,32.630001068115234,32.630001068115234,32.54999923706055,32.560001373291016,6786,0.0,0.0,0.0
2024-08-15 10:30:00-04:00,32.59000015258789,32.599998474121094,32.57279968261719,32.57279968261719,1275,0.0,0.0,0.0
2024-08-15 11:30:00-04:00,32.58000183105469,32.58000183105469,32.58000183105469,32.58000183105469,239,0.0,0.0,0.0
2024-08-15 12:30:00-04:00,32.56999969482422,32.570098876953125,32.56999969482422,32.56999969482422,1898,0.0,0.0,0.0
2024-08-15 13:30:00-04:00,32.56999969482422,32.599998474121094,32.56999969482422,32.595001220703125,4771,0.0,0.0,0.0
2024-08-15 15:30:00-04:00,32.5900993347168,32.599998474121094,32.59000015258789,32.599998474121094,3140,0.0,0.0,0.0
2024-08-16 09:30:00-04:00,32.58000183105469,32.63990020751953,32.56999969482422,32.63990020751953,0,0.0,0.0,0.0
2024-08-16 10:30:00-04:00,32.61000061035156,32.61000061035156,32.61000061035156,32.61000061035156,163,0.0,0.0,0.0
2024-08-16 11:30:00-04:00,32.61000061035156,32.630001068115234,32.61000061035156,32.630001068115234,503,0.0,0.0,0.0
2024-08-16 12:30:00-04:00,32.630001068115234,32.650001525878906,32.630001068115234,32.650001525878906,1055,0.0,0.0,0.0
2024-08-16 13:30:00-04:00,32.65999984741211,32.65999984741211,32.65999984741211,32.65999984741211,125,0.0,0.0,0.0
2024-08-16 14:30:00-04:00,32.665000915527344,32.665000915527344,32.665000915527344,32.665000915527344,457,0.0,0.0,0.0
2024-08-16 15:30:00-04:00,32.65999984741211,32.66999816894531,32.63999938964844,32.63999938964844,1390,0.0,0.0,0.0
2024-08-19 09:30:00-04:00,32.63999938964844,32.63999938964844,32.61000061035156,32.63999938964844,2645,0.0,0.0,0.0
2024-08-19 10:30:00-04:00,32.66999816894531,32.66999816894531,32.650001525878906,32.650001525878906,1645,0.0,0.0,0.0
2024-08-19 11:30:00-04:00,32.68000030517578,32.70000076293945,32.66999816894531,32.70000076293945,9404,0.0,0.0,0.0
2024-08-19 12:30:00-04:00,32.65999984741211,32.70000076293945,32.65010070800781,32.68000030517578,7261,0.0,0.0,0.0
2024-08-19 13:30:00-04:00,32.67879867553711,32.689998626708984,32.67559814453125,32.689998626708984,1308,0.0,0.0,0.0
2024-08-19 14:30:00-04:00,32.689998626708984,32.70000076293945,32.68000030517578,32.68000030517578,4476,0.0,0.0,0.0
2024-08-19 15:30:00-04:00,32.689998626708984,32.699100494384766,32.68000030517578,32.68069839477539,0,0.0,0.0,0.0
2024-08-20 09:30:00-04:00,32.69940185546875,32.70000076293945,32.68000030517578,32.69990158081055,1458,0.0,0.0,0.0
2024-08-20 10:30:00-04:00,32.68000030517578,32.68000030517578,32.66999816894531,32.66999816894531,2311,0.0,0.0,0.0
2024-08-20 11:30:00-04:00,32.66999816894531,32.66999816894531,32.650001525878906,32.650001525878906,11027,0.0,0.0,0.0
2024-08-20 12:30:00-04:00,32.64830017089844,32.64830017089844,32.64830017089844,32.64830017089844,761,0.0,0.0,0.0
2024-08-20 13:30:00-04:00,32.650001525878906,32.65999984741211,32.650001525878906,32.65999984741211,362,0.0,0.0,0.0
2024-08-20 14:30:00-04:00,32.630001068115234,32.679901123046875,32.630001068115234,32.654998779296875,3726,0.0,0.0,0.0
2024-08-20 15:30:00-04:00,32.654998779296875,32.654998779296875,32.650001525878906,32.650001525878906,674,0.0,0.0,0.0
2024-08-21 09:30:00-04:00,32.68000030517578,32.70000076293945,32.640098571777344,32.640098571777344,0,0.0,0.0,0.0
2024-08-21 10:30:00-04:00,32.673301696777344,32.70000076293945,32.66999816894531,32.689998626708984,7091,0.0,0.0,0.0
2024-08-21 11:30:00-04:00,32.689998626708984,32.689998626708984,32.65999984741211,32.65999984741211,1414,0.0,0.0,0.0
2024-08-21 12:30:00-04:00,32.65999984741211,32.67499923706055,32.65999984741211,32.67499923706055,978,0.0,0.0,0.0
2024-08-21 13:30:00-04:00,32.66999816894531,32.69990158081055,32.66809844970703,32.69990158081055,1939,0.0,0.0,0.0
2024-08-21 14:30:00-04:00,32.685001373291016,32.720001220703125,32.685001373291016,32.70000076293945,4274,0.0,0.0,0.0
2024-08-21 15:30:00-04:00,32.689998626708984,32.70500183105469,32.689998626708984,32.70000076293945,6518,0.0,0.0,0.0
2024-08-22 09:30:00-04:00,32.68450164794922,32.70000076293945,32.68450164794922,32.70000076293945,1086,0.0,0.0,0.0
2024-08-22 10:30:00-04:00,32.70000076293945,32.70000076293945,32.66999816894531,32.68000030517578,2649,0.0,0.0,0.0
2024-08-22 11:30:00-04:00,32.650001525878906,32.689998626708984,32.650001525878906,32.689998626708984,6716,0.0,0.0,0.0
2024-08-22 12:30:00-04:00,32.65999984741211,32.66680145263672,32.650001525878906,32.65010070800781,4512,0.0,0.0,0.0
2024-08-22 13:30:00-04:00,32.66999816894531,32.68000030517578,32.66350173950195,32.679901123046875,4785,0.0,0.0,0.0
2024-08-22 14:30:00-04:00,32.66569900512695,32.66569900512695,32.665000915527344,32.665000915527344,1727,0.0,0.0,0.0
2024-08-22 15:30:00-04:00,32.70000076293945,32.70000076293945,32.68000030517578,32.68000030517578,678,0.0,0.0,0.0
2024-08-23 09:30:00-04:00,32.75,32.75,32.70500183105469,32.7400016784668,0,0.0,0.0,0.0
2024-08-23 10:30:00-04:00,32.73249816894531,32.779998779296875,32.709999084472656,32.779998779296875,4036,0.0,0.0,0.0
2024-08-23 11:30:00-04:00,32.74599838256836,32.7599983215332,32.74599838256836,32.7599983215332,5727,0.0,0.0,0.0
2024-08-23 12:30:00-04:00,32.77000045776367,32.77000045776367,32.77000045776367,32.77000045776367,302,0.0,0.0,0.0
2024-08-23 13:30:00-04:00,32.75419998168945,32.77000045776367,32.75419998168945,32.77000045776367,1465,0.0,0.0,0.0
2024-08-23 14:30:00-04:00,32.77000045776367,32.77000045776367,32.7599983215332,32.76499938964844,1913,0.0,0.0,0.0
2024-08-23 15:30:00-04:00,32.77000045776367,32.77000045776367,32.76499938964844,32.77000045776367,760,0.0,0.0,0.0
2024-08-26 09:30:00-04:00,32.720001220703125,32.77000045776367,32.720001220703125,32.77000045776367,1926,0.0,0.0,0.0
2024-08-26 10:30:00-04:00,32.75,32.76369857788086,32.75,32.76369857788086,893,0.0,0.0,0.0
2024-08-26 11:30:00-04:00,32.7400016784668,32.77989959716797,32.7400016784668,32.7400016784668,1084,0.0,0.0,0.0
2024-08-26 12:30:00-04:00,32.779998779296875,32.779998779296875,32.779998779296875,32.779998779296875,614,0.0,0.0,0.0
2024-08-26 13:30:00-04:00,32.744998931884766,32.7599983215332,32.7400016784668,32.7400016784668,2014,0.0,0.0,0.0
2024-08-26 14:30:00-04:00,32.7400016784668,32.7484016418457,32.7400016784668,32.7484016418457,810,0.0,0.0,0.0
2024-08-26 15:30:00-04:00,32.7599983215332,32.7599983215332,32.7599983215332,32.7599983215332,229,0.0,0.0,0.0
2024-08-27 09:30:00-04:00,32.78990173339844,32.78990173339844,32.77259826660156,32.77259826660156,2553,0.0,0.0,0.0
2024-08-27 10:30:00-04:00,32.7400016784668,32.77009963989258,32.7400016784668,32.77009963989258,1703,0.0,0.0,0.0
2024-08-27 11:30:00-04:00,32.72999954223633,32.78990173339844,32.72999954223633,32.75979995727539,6235,0.0,0.0,0.0
2024-08-27 12:30:00-04:00,32.730098724365234,32.77949905395508,32.72999954223633,32.77899932861328,1110,0.0,0.0,0.0
2024-08-27 13:30:00-04:00,32.778900146484375,32.778900146484375,32.75,32.755001068115234,3222,0.0,0.0,0.0
2024-08-27 14:30:00-04:00,32.72999954223633,32.77000045776367,32.72999954223633,32.75,1913,0.0,0.0,0.0
2024-08-27 15:30:00-04:00,32.75630187988281,32.769901275634766,32.730098724365234,32.75299835205078,0,0.0,0.0,0.0
2024-08-28 09:30:00-04:00,32.83000183105469,32.83000183105469,32.75,32.779701232910156,9426,0.0,0.0,0.0
2024-08-28 10:30:00-04:00,32.779998779296875,32.779998779296875,32.77000045776367,32.77009963989258,487,0.0,0.0,0.0
2024-08-28 11:30:00-04:00,32.72999954223633,32.779998779296875,32.72999954223633,32.769901275634766,1117,0.0,0.0,0.0
2024-08-28 12:30:00-04:00,32.75,32.769798278808594,32.7400016784668,32.769798278808594,763,0.0,0.0,0.0
2024-08-28 13:30:00-04:00,32.7400016784668,32.7400016784668,32.7400016784668,32.7400016784668,169,0.0,0.0,0.0
2024-08-28 14:30:00-04:00,32.7400016784668,32.766998291015625,32.7400016784668,32.743900299072266,2033,0.0,0.0,0.0
2024-08-28 15:30:00-04:00,32.75,32.779998779296875,32.75,32.779998779296875,0,0.0,0.0,0.0
2024-08-29 09:30:00-04:00,32.790000915527344,32.79010009765625,32.77000045776367,32.77000045776367,1750,0.0,0.0,0.0
2024-08-29 10:30:00-04:00,32.76580047607422,32.779998779296875,32.76580047607422,32.77159881591797,4138,0.0,0.0,0.0
2024-08-29 11:30:00-04:00,32.77989959716797,32.77989959716797,32.77989959716797,32.77989959716797,1386,0.0,0.0,0.0
2024-08-29 12:30:00-04:00,32.75,32.75,32.75,32.75,1881,0.0,0.0,0.0
2024-08-29 13:30:00-04:00,32.77360153198242,32.790000915527344,32.77360153198242,32.790000915527344,3762,0.0,0.0,0.0
2024-08-29 14:30:00-04:00,32.77000045776367,32.790000915527344,32.75040054321289,32.75040054321289,1601,0.0,0.0,0.0
2024-08-29 15:30:00-04:00,32.77170181274414,32.790000915527344,32.769798278808594,32.769798278808594,0,0.0,0.0,0.0
2024-08-30 09:30:00-04:00,32.81999969482422,32.81999969482422,32.77000045776367,32.810001373291016,1434,0.0,0.0,0.0
2024-08-30 10:30:00-04:00,32.779998779296875,32.779998779296875,32.779998779296875,32.779998779296875,200,0.0,0.0,0.0
2024-08-30 11:30:00-04:00,32.788299560546875,32.788299560546875,32.788299560546875,32.788299560546875,119,0.0,0.0,0.0
2024-08-30 12:30:00-04:00,32.79999923706055,32.79999923706055,32.79499816894531,32.79499816894531,1038,0.0,0.0,0.0
2024-08-30 13:30:00-04:00,32.790000915527344,32.790000915527344,32.78099822998047,32.78099822998047,377,0.0,0.0,0.0
2024-08-30 14:30:00-04:00,32.790000915527344,32.79990005493164,32.779998779296875,32.782501220703125,2208,0.0,0.0,0.0
2024-08-30 15:30:00-04:00,32.79999923706055,32.79999923706055,32.79999923706055,32.79999923706055,164,0.0,0.0,0.0
2024-09-03 09:30:00-04:00,32.810001373291016,32.810001373291016,32.77000045776367,32.779998779296875,4440,0.0,0.0,0.0
2024-09-03 10:30:00-04:00,32.78499984741211,32.790000915527344,32.779998779296875,32.779998779296875,2477,0.0,0.0,0.0
2024-09-03 11:30:00-04:00,32.790000915527344,32.790000915527344,32.762001037597656,32.773101806640625,2138,0.0,0.0,0.0
2024-09-03 12:30:00-04:00,32.779998779296875,32.779998779296875,32.77989959716797,32.779998779296875,7724,0.0,0.0,0.0
2024-09-03 13:30:00-04:00,32.779998779296875,32.779998779296875,32.7411003112793,32.75,1917,0.0,0.0,0.0
2024-09-03 14:30:00-04:00,32.7599983215332,32.779998779296875,32.73350143432617,32.75,5399,0.0,0.0,0.0
2024-09-03 15:30:00-04:00,32.7400016784668,32.75,32.72999954223633,32.74150085449219,0,0.0,0.0,0.0
2024-09-04 09:30:00-04:00,32.5,32.59000015258789,32.5,32.59000015258789,3926,0.0,0.0,0.0
2024-09-04 10:30:00-04:00,32.598201751708984,32.599998474121094,32.59000015258789,32.59000015258789,3981,0.0,0.0,0.0
2024-09-04 11:30:00-04:00,32.59000015258789,32.59000015258789,32.570701599121094,32.59000015258789,1067,0.0,0.0,0.0
2024-09-04 12:30:00-04:00,32.567901611328125,32.599998474121094,32.567901611328125,32.599998474121094,756,0.0,0.0,0.0
2024-09-04 13:30:00-04:00,32.59989929199219,32.59989929199219,32.57500076293945,32.57500076293945,757,0.0,0.0,0.0
2024-09-04 14:30:00-04:00,32.59000015258789,32.599998474121094,32.57500076293945,32.58000183105469,1562,0.0,0.0,0.0
2024-09-04 15:30:00-04:00,32.57500076293945,32.57500076293945,32.574798583984375,32.574798583984375,0,0.0,0.0,0.0
2024-09-05 09:30:00-04:00,32.55009841918945,32.630001068115234,32.55009841918945,32.59000015258789,4544,0.0,0.0,0.0
2024-09-05 10:30:00-04:00,32.61000061035156,32.61000061035156,32.61000061035156,32.61000061035156,389,0.0,0.0,0.0
2024-09-05 11:30:00-04:00,32.59000015258789,32.59000015258789,32.560001373291016,32.56999969482422,4416,0.0,0.0,0.0
2024-09-05 12:30:00-04:00,32.61000061035156,32.61000061035156,32.584999084472656,32.584999084472656,1012,0.0,0.0,0.0
2024-09-05 13:30:00-04:00,32.595001220703125,32.595001220703125,32.595001220703125,32.595001220703125,2093,0.0,0.0,0.0
2024-09-05 14:30:00-04:00,32.62990188598633,32.62990188598633,32.59000015258789,32.59000015258789,0,0.0,0.0,0.0
2024-09-06 09:30:00-04:00,32.60499954223633,32.650001525878906,32.60499954223633,32.650001525878906,4418,0.0,0.0,0.0
2024-09-06 10:30:00-04:00,32.63990020751953,32.63999938964844,32.61000061035156,32.62990188598633,4470,0.0,0.0,0.0
2024-09-06 11:30:00-04:00,32.599998474121094,32.630001068115234,32.599998474121094,32.630001068115234,359,0.0,0.0,0.0
2024-09-06 12:30:00-04:00,32.619998931884766,32.619998931884766,32.595699310302734,32.595699310302734,6264,0.0,0.0,0.0
2024-09-06 13:30:00-04:00,32.630001068115234,32.630001068115234,32.60499954223633,32.61000061035156,474,0.0,0.0,0.0
2024-09-06 14:30:00-04:00,32.61989974975586,32.61989974975586,32.57500076293945,32.584800720214844,1921,0.0,0.0,0.0
2024-09-09 09:30:00-04:00,32.650001525878906,32.650001525878906,32.619998931884766,32.630001068115234,2232,0.0,0.0,0.0
2024-09-09 10:30:00-04:00,32.63999938964844,32.650001525878906,32.62049865722656,32.650001525878906,2016,0.0,0.0,0.0
2024-09-09 11:30:00-04:00,32.630001068115234,32.6349983215332,32.61009979248047,32.6349983215332,915,0.0,0.0,0.0
2024-09-09 12:30:00-04:00,32.650001525878906,32.650001525878906,32.63999938964844,32.64500045776367,570,0.0,0.0,0.0
2024-09-09 13:30:00-04:00,32.64500045776367,32.650001525878906,32.6411018371582,32.6411018371582,828,0.0,0.0,0.0
2024-09-09 14:30:00-04:00,32.650001525878906,32.650001525878906,32.630001068115234,32.650001525878906,3010,0.0,0.0,0.0
2024-09-09 15:30:00-04:00,32.650001525878906,32.6599006652832,32.650001525878906,32.650001525878906,0,0.0,0.0,0.0
2024-09-10 09:30:00-04:00,32.599998474121094,32.650001525878906,32.599998474121094,32.64500045776367,1996,0.0,0.0,0.0
2024-09-10 10:30:00-04:00,32.650001525878906,32.650001525878906,32.63999938964844,32.63999938964844,1171,0.0,0.0,0.0
2024-09-10 11:30:00-04:00,32.63999938964844,32.63999938964844,32.59000015258789,32.599998474121094,3848,0.0,0.0,0.0
2024-09-10 12:30:00-04:00,32.6150016784668,32.6150016784668,32.6150016784668,32.6150016784668,532,0.0,0.0,0.0
2024-09-10 13:30:00-04:00,32.63819885253906,32.63819885253906,32.62189865112305,32.62189865112305,585,0.0,0.0,0.0
2024-09-10 15:30:00-04:00,32.63999938964844,32.63999938964844,32.63999938964844,32.63999938964844,262,0.0,0.0,0.0
2024-09-11 09:30:00-04:00,32.68000030517578,32.68000030517578,32.599998474121094,32.599998474121094,0,0.0,0.0,0.0
2024-09-11 10:30:00-04:00,32.619998931884766,32.630001068115234,32.599998474121094,32.61000061035156,2831,0.0,0.0,0.0
2024-09-11 11:30:00-04:00,32.625,32.63970184326172,32.625,32.625,1594,0.0,0.0,0.0
2024-09-11 12:30:00-04:00,32.6349983215332,32.6349983215332,32.6349983215332,32.6349983215332,152,0.0,0.0,0.0
2024-09-11 13:30:00-04:00,32.6349983215332,32.65999984741211,32.619998931884766,32.619998931884766,1949,0.0,0.0,0.0
2024-09-11 15:30:00-04:00,32.654998779296875,32.654998779296875,32.654998779296875,32.654998779296875,135,0.0,0.0,0.0
2024-09-12 09:30:00-04:00,32.63999938964844,32.66999816894531,32.619998931884766,32.619998931884766,0,0.0,0.0,0.0
2024-09-12 10:30:00-04:00,32.630001068115234,32.68000030517578,32.619998931884766,32.674198150634766,6803,0.0,0.0,0.0
2024-09-12 11:30:00-04:00,32.689998626708984,32.70000076293945,32.63999938964844,32.70000076293945,3051,0.0,0.0,0.0
2024-09-12 12:30:00-04:00,32.63999938964844,32.70000076293945,32.63999938964844,32.65999984741211,6450,0.0,0.0,0.0
2024-09-12 13:30:00-04:00,32.67129898071289,32.67129898071289,32.67129898071289,32.67129898071289,509,0.0,0.0,0.0
2024-09-12 15:30:00-04:00,32.68000030517578,32.68989944458008,32.68000030517578,32.68989944458008,0,0.0,0.0,0.0
2024-09-13 09:30:00-04:00,32.720001220703125,32.72880172729492,32.68000030517578,32.709999084472656,7439,0.0,0.0,0.0
2024-09-13 10:30:00-04:00,32.70000076293945,32.71989822387695,32.70000076293945,32.71989822387695,1548,0.0,0.0,0.0
2024-09-13 11:30:00-04:00,32.71900177001953,32.71900177001953,32.71900177001953,32.71900177001953,270,0.0,0.0,0.0
2024-09-13 12:30:00-04:00,32.720001220703125,32.720001220703125,32.720001220703125,32.720001220703125,313,0.0,0.0,0.0
2024-09-13 13:30:00-04:00,32.720001220703125,32.720001220703125,32.720001220703125,32.720001220703125,1212,0.0,0.0,0.0
2024-09-13 14:30:00-04:00,32.720001220703125,32.720001220703125,32.71929931640625,32.71929931640625,1999,0.0,0.0,0.0
2024-09-16 09:30:00-04:00,32.779998779296875,32.779998779296875,32.70029830932617,32.7599983215332,57388,0.0,0.0,0.0
2024-09-16 10:30:00-04:00,32.744998931884766,32.7599983215332,32.690101623535156,32.71009826660156,18603,0.0,0.0,0.0
2024-09-16 11:30:00-04:00,32.72840118408203,32.75,32.724998474121094,32.724998474121094,2047,0.0,0.0,0.0
2024-09-16 12:30:00-04:00,32.75,32.75,32.70000076293945,32.72999954223633,4925,0.0,0.0,0.0
2024-09-16 13:30:00-04:00,32.720001220703125,32.7400016784668,32.720001220703125,32.7400016784668,4106,0.0,0.0,0.0
2024-09-16 14:30:00-04:00,32.759300231933594,32.759300231933594,32.72999954223633,32.7400016784668,3493,0.0,0.0,0.0
2024-09-16 15:30:00-04:00,32.7400016784668,32.7400016784668,32.72999954223633,32.72999954223633,435,0.0,0.0,0.0
2024-09-17 09:30:00-04:00,32.7599983215332,32.7599983215332,32.689998626708984,32.72999954223633,0,0.0,0.0,0.0
2024-09-17 10:30:00-04:00,32.68000030517578,32.739898681640625,32.68000030517578,32.72999954223633,4900,0.0,0.0,0.0
2024-09-17 11:30:00-04:00,32.720001220703125,32.7400016784668,32.7046012878418,32.720001220703125,4169,0.0,0.0,0.0
2024-09-17 12:30:00-04:00,32.72999954223633,32.7400016784668,32.70130157470703,32.7400016784668,611,0.0,0.0,0.0
2024-09-17 13:30:00-04:00,32.7400016784668,32.7400016784668,32.70009994506836,32.70009994506836,408,0.0,0.0,0.0
2024-09-17 14:30:00-04:00,32.724998474121094,32.724998474121094,32.71989822387695,32.71989822387695,0,0.0,0.0,0.0
2024-09-18 09:30:00-04:00,32.75,32.75,32.70000076293945,32.72999954223633,7739,0.0,0.0,0.0
2024-09-18 10:30:00-04:00,32.72999954223633,32.72999954223633,32.70000076293945,32.72999954223633,3080,0.0,0.0,0.0
2024-09-18 11:30:00-04:00,32.70000076293945,32.72999954223633,32.70000076293945,32.72999954223633,7789,0.0,0.0,0.0
2024-09-18 12:30:00-04:00,32.720001220703125,32.739898681640625,32.70009994506836,32.720001220703125,7816,0.0,0.0,0.0
2024-09-18 13:30:00-04:00,32.720001220703125,32.73899841308594,32.704200744628906,32.704200744628906,2529,0.0,0.0,0.0
2024-09-18 14:30:00-04:00,32.72999954223633,32.75,32.709999084472656,32.72999954223633,0,0.0,0.0,0.0
2024-09-19 09:30:00-04:00,32.709999084472656,32.77000045776367,32.70000076293945,32.76279830932617,25128,0.0,0.0,0.0
2024-09-19 10:30:00-04:00,32.7400016784668,32.77000045776367,32.720001220703125,32.7599983215332,3727,0.0,0.0,0.0
2024-09-19 11:30:00-04:00,32.73609924316406,32.77000045776367,32.73609924316406,32.7599983215332,5018,0.0,0.0,0.0
2024-09-19 12:30:00-04:00,32.77000045776367,32.77000045776367,32.709999084472656,32.709999084472656,4221,0.0,0.0,0.0
2024-09-19 13:30:00-04:00,32.76359939575195,32.77000045776367,32.7510986328125,32.7510986328125,424,0.0,0.0,0.0
2024-09-19 14:30:00-04:00,32.77000045776367,32.77000045776367,32.7599983215332,32.7692985534668,601,0.0,0.0,0.0
2024-09-19 15:30:00-04:00,32.769901275634766,32.77000045776367,32.75,32.75,2881,0.0,0.0,0.0
2024-09-20 09:30:00-04:00,32.79999923706055,32.79999923706055,32.7400016784668,32.768798828125,9670,0.0,0.0,0.0
2024-09-20 10:30:00-04:00,32.77000045776367,32.77000045776367,32.75,32.75,5187,0.0,0.0,0.0
2024-09-20 11:30:00-04:00,32.75,32.7599983215332,32.75,32.7598991394043,3068,0.0,0.0,0.0
2024-09-20 12:30:00-04:00,32.75,32.77000045776367,32.75,32.763301849365234,4970,0.0,0.0,0.0
2024-09-20 13:30:00-04:00,32.77000045776367,32.775001525878906,32.76409912109375,32.775001525878906,1286,0.0,0.0,0.0
2024-09-20 14:30:00-04:00,32.775001525878906,32.790000915527344,32.775001525878906,32.790000915527344,1230,0.0,0.0,0.0
2024-09-20 15:30:00-04:00,32.790000915527344,32.790000915527344,32.779998779296875,32.78310012817383,1397,0.0,0.0,0.0
