Datetime,Open,High,Low,Close,Volume,Dividends,Stock Splits,Capital Gains
2022-09-22 09:30:00-04:00,259.8999938964844,260.2300109863281,256.739990234375,257.3999938964844,333072,0.0,0.0,0.0
2022-09-22 10:30:00-04:00,257.375,258.2349853515625,255.27999877929688,255.94000244140625,159960,0.0,0.0,0.0
2022-09-22 11:30:00-04:00,256.1400146484375,257.510009765625,256.05999755859375,256.760009765625,156876,0.0,0.0,0.0
2022-09-22 12:30:00-04:00,256.67999267578125,257.2900085449219,255.5500030517578,256.20001220703125,126161,0.0,0.0,0.0
2022-09-22 13:30:00-04:00,256.2944030761719,257.2300109863281,255.55999755859375,255.8800048828125,283702,0.0,0.0,0.0
2022-09-22 14:30:00-04:00,255.77999877929688,258.05999755859375,255.6300048828125,257.3800048828125,317037,0.0,0.0,0.0
2022-09-22 15:30:00-04:00,257.3999938964844,258.44000244140625,256.0199890136719,256.07501220703125,296235,0.0,0.0,0.0
2022-09-23 09:30:00-04:00,253.24000549316406,255.1199951171875,250.82000732421875,251.92999267578125,299276,0.0,0.0,0.0
2022-09-23 10:30:00-04:00,251.94000244140625,252.72999572753906,251.08999633789062,251.74000549316406,214946,0.0,0.0,0.0
2022-09-23 11:30:00-04:00,251.8000030517578,252.27000427246094,250.13999938964844,250.19500732421875,133656,0.0,0.0,0.0
2022-09-23 12:30:00-04:00,250.1300048828125,252.1199951171875,250.0,251.0500030517578,91436,0.0,0.0,0.0
2022-09-23 13:30:00-04:00,251.125,251.6199951171875,249.8300018310547,250.55999755859375,121181,0.0,0.0,0.0
2022-09-23 14:30:00-04:00,250.4600067138672,251.5399932861328,249.39999389648438,251.33999633789062,314617,0.0,0.0,0.0
2022-09-23 15:30:00-04:00,251.34500122070312,252.72999572753906,251.34500122070312,252.42999267578125,348405,0.0,0.0,0.0
2022-09-26 09:30:00-04:00,252.4600067138672,256.7799987792969,252.25,255.6699981689453,157849,0.0,0.0,0.0
2022-09-26 10:30:00-04:00,255.69000244140625,255.80999755859375,251.99000549316406,251.99000549316406,134311,0.0,0.0,0.0
2022-09-26 11:30:00-04:00,251.9949951171875,252.6699981689453,250.66000366210938,250.77000427246094,77336,0.0,0.0,0.0
2022-09-26 12:30:00-04:00,250.75,252.1699981689453,250.4199981689453,250.91000366210938,80972,0.0,0.0,0.0
2022-09-26 13:30:00-04:00,250.91000366210938,251.94000244140625,250.1999969482422,251.33999633789062,155331,0.0,0.0,0.0
2022-09-26 14:30:00-04:00,251.25999450683594,252.69000244140625,250.9199981689453,251.75999450683594,153606,0.0,0.0,0.0
2022-09-26 15:30:00-04:00,251.69500732421875,252.38999938964844,250.4499969482422,250.7100067138672,150177,0.0,0.0,0.0
2022-09-27 09:30:00-04:00,255.30999755859375,256.7200012207031,253.00999450683594,253.67999267578125,140846,0.0,0.0,0.0
2022-09-27 10:30:00-04:00,253.7899932861328,255.0800018310547,252.52999877929688,252.75999450683594,89963,0.0,0.0,0.0
2022-09-27 11:30:00-04:00,252.61000061035156,253.35000610351562,249.63999938964844,250.47999572753906,91201,0.0,0.0,0.0
2022-09-27 12:30:00-04:00,250.41000366210938,251.125,249.9600067138672,250.5399932861328,104150,0.0,0.0,0.0
2022-09-27 13:30:00-04:00,250.46499633789062,251.30999755859375,250.08999633789062,250.9499969482422,88646,0.0,0.0,0.0
2022-09-27 14:30:00-04:00,250.8800048828125,252.8000030517578,250.66000366210938,251.72999572753906,116045,0.0,0.0,0.0
2022-09-27 15:30:00-04:00,251.77999877929688,252.94000244140625,251.2100067138672,252.47999572753906,161445,0.0,0.0,0.0
2022-09-28 09:30:00-04:00,252.47000122070312,255.52999877929688,251.9199981689453,255.5,223353,0.0,0.0,0.0
2022-09-28 10:30:00-04:00,255.50999450683594,256.59991455078125,254.6999969482422,255.78990173339844,212973,0.0,0.0,0.0
2022-09-28 11:30:00-04:00,255.6999969482422,257.7699890136719,255.1300048828125,256.5799865722656,117218,0.0,0.0,0.0
2022-09-28 12:30:00-04:00,256.6199951171875,257.0899963378906,255.92999267578125,256.8800048828125,128100,0.0,0.0,0.0
2022-09-28 13:30:00-04:00,256.9100036621094,257.239990234375,256.239990234375,257.17999267578125,104562,0.0,0.0,0.0
2022-09-28 14:30:00-04:00,257.32000732421875,258.510009765625,256.70001220703125,258.42999267578125,259094,0.0,0.0,0.0
2022-09-28 15:30:00-04:00,258.45001220703125,259.2300109863281,258.0,258.0799865722656,441472,0.0,0.0,0.0
2022-09-29 09:30:00-04:00,254.3300018310547,255.74000549316406,251.02000427246094,252.02999877929688,167763,0.0,0.0,0.0
2022-09-29 10:30:00-04:00,251.47999572753906,253.55999755859375,251.22999572753906,253.55999755859375,89814,0.0,0.0,0.0
2022-09-29 11:30:00-04:00,253.7021942138672,254.9550018310547,253.22000122070312,253.5399932861328,72837,0.0,0.0,0.0
2022-09-29 12:30:00-04:00,253.55999755859375,254.11000061035156,252.8699951171875,253.30999755859375,72751,0.0,0.0,0.0
2022-09-29 13:30:00-04:00,253.0800018310547,253.69000244140625,251.47999572753906,252.25,109515,0.0,0.0,0.0
2022-09-29 14:30:00-04:00,252.14999389648438,253.14999389648438,251.75,252.63999938964844,127381,0.0,0.0,0.0
2022-09-29 15:30:00-04:00,252.6699981689453,254.16000366210938,252.6699981689453,253.92999267578125,713329,0.0,0.0,0.0
2022-09-30 09:30:00-04:00,254.11000061035156,256.1600036621094,252.89500427246094,255.22999572753906,247492,0.0,0.0,0.0
2022-09-30 10:30:00-04:00,255.39999389648438,257.989990234375,255.27000427246094,257.19000244140625,380013,0.0,0.0,0.0
2022-09-30 11:30:00-04:00,257.19000244140625,257.4100036621094,254.1199951171875,254.50999450683594,145519,0.0,0.0,0.0
2022-09-30 12:30:00-04:00,254.53500366210938,255.44000244140625,254.24000549316406,255.17999267578125,0,0.0,0.0,0.0
2022-09-30 13:30:00-04:00,255.0,255.1300048828125,253.02000427246094,253.3249969482422,982611,0.0,0.0,0.0
2022-09-30 14:30:00-04:00,253.6999969482422,253.77000427246094,251.47000122070312,252.42999267578125,150877,0.0,0.0,0.0
2022-09-30 15:30:00-04:00,252.44000244140625,252.72000122070312,250.17999267578125,250.5399932861328,210861,0.0,0.0,0.0
2022-10-03 09:30:00-04:00,251.82000732421875,254.4600067138672,251.10000610351562,253.7899932861328,229523,0.0,0.0,0.0
2022-10-03 10:30:00-04:00,253.89999389648438,255.1300048828125,253.72000122070312,254.75,208832,0.0,0.0,0.0
2022-10-03 11:30:00-04:00,254.83999633789062,254.88999938964844,252.88999938964844,253.3800048828125,127221,0.0,0.0,0.0
2022-10-03 12:30:00-04:00,253.33999633789062,255.64999389648438,253.2100067138672,255.64999389648438,74208,0.0,0.0,0.0
2022-10-03 13:30:00-04:00,255.6300048828125,257.7449951171875,255.61500549316406,257.67999267578125,71130,0.0,0.0,0.0
2022-10-03 14:30:00-04:00,257.6499938964844,258.6600036621094,257.6400146484375,258.5799865722656,107787,0.0,0.0,0.0
2022-10-03 15:30:00-04:00,258.5799865722656,258.760009765625,257.1650085449219,257.4200134277344,186359,0.0,0.0,0.0
2022-10-04 09:30:00-04:00,262.3900146484375,267.32000732421875,262.32000732421875,266.1300048828125,444311,0.0,0.0,0.0
2022-10-04 10:30:00-04:00,265.94000244140625,267.69000244140625,265.6400146484375,267.5199890136719,341876,0.0,0.0,0.0
2022-10-04 11:30:00-04:00,267.4200134277344,267.8999938964844,266.5050048828125,267.6700134277344,109401,0.0,0.0,0.0
2022-10-04 12:30:00-04:00,267.739990234375,267.739990234375,264.82000732421875,265.51251220703125,105798,0.0,0.0,0.0
2022-10-04 13:30:00-04:00,265.5899963378906,267.04998779296875,265.5199890136719,266.0400085449219,97047,0.0,0.0,0.0
2022-10-04 14:30:00-04:00,266.04998779296875,267.30999755859375,265.70001220703125,266.3800048828125,173113,0.0,0.0,0.0
2022-10-04 15:30:00-04:00,266.3500061035156,267.1600036621094,266.07000732421875,267.1000061035156,279967,0.0,0.0,0.0
2022-10-05 09:30:00-04:00,264.0199890136719,265.2699890136719,261.989990234375,262.27801513671875,248756,0.0,0.0,0.0
2022-10-05 10:30:00-04:00,262.0899963378906,263.0098876953125,261.42999267578125,262.9599914550781,238146,0.0,0.0,0.0
2022-10-05 11:30:00-04:00,262.7956848144531,265.79998779296875,262.7099914550781,265.25,48453,0.0,0.0,0.0
2022-10-05 12:30:00-04:00,265.29998779296875,268.0150146484375,265.19000244140625,267.54290771484375,84874,0.0,0.0,0.0
2022-10-05 13:30:00-04:00,267.4599914550781,267.8599853515625,266.7300109863281,267.6300048828125,53704,0.0,0.0,0.0
2022-10-05 14:30:00-04:00,267.6875,269.6000061035156,267.5199890136719,268.8399963378906,121292,0.0,0.0,0.0
2022-10-05 15:30:00-04:00,268.9700012207031,269.3599853515625,267.8800048828125,268.239990234375,123018,0.0,0.0,0.0
2022-10-06 09:30:00-04:00,266.67999267578125,271.239990234375,266.3999938964844,266.3999938964844,167628,0.0,0.0,0.0
2022-10-06 10:30:00-04:00,266.2099914550781,269.6199951171875,266.2099914550781,269.4613037109375,123431,0.0,0.0,0.0
2022-10-06 11:30:00-04:00,269.2900085449219,269.9700012207031,267.6700134277344,268.5799865722656,55513,0.0,0.0,0.0
2022-10-06 12:30:00-04:00,268.5400085449219,269.5899963378906,268.1000061035156,268.8800048828125,68577,0.0,0.0,0.0
2022-10-06 13:30:00-04:00,268.95001220703125,269.1000061035156,267.95001220703125,268.2900085449219,111684,0.0,0.0,0.0
2022-10-06 14:30:00-04:00,268.3299865722656,268.5400085449219,266.79998779296875,268.0199890136719,149873,0.0,0.0,0.0
2022-10-06 15:30:00-04:00,268.010009765625,268.1499938964844,267.07000732421875,267.239990234375,185822,0.0,0.0,0.0
2022-10-07 09:30:00-04:00,262.3999938964844,262.3999938964844,259.04998779296875,260.3500061035156,411205,0.0,0.0,0.0
2022-10-07 10:30:00-04:00,260.3599853515625,260.5199890136719,258.57000732421875,259.2300109863281,199001,0.0,0.0,0.0
2022-10-07 11:30:00-04:00,259.2200012207031,259.3800048828125,257.2799987792969,257.3699951171875,277808,0.0,0.0,0.0
2022-10-07 12:30:00-04:00,257.32000732421875,257.54998779296875,256.42999267578125,257.2900085449219,149222,0.0,0.0,0.0
2022-10-07 13:30:00-04:00,257.05999755859375,257.5799865722656,256.05999755859375,256.0899963378906,83669,0.0,0.0,0.0
2022-10-07 14:30:00-04:00,256.0400085449219,256.9700012207031,255.5500030517578,255.7899932861328,80012,0.0,0.0,0.0
2022-10-07 15:30:00-04:00,255.75999450683594,256.94000244140625,255.1999969482422,256.7200012207031,254132,0.0,0.0,0.0
2022-10-10 09:30:00-04:00,256.55999755859375,257.1600036621094,251.63999938964844,252.7100067138672,175161,0.0,0.0,0.0
2022-10-10 10:30:00-04:00,252.55999755859375,253.00999450683594,249.02999877929688,250.32000732421875,632763,0.0,0.0,0.0
2022-10-10 11:30:00-04:00,250.35000610351562,251.27999877929688,248.5,248.5399932861328,113825,0.0,0.0,0.0
2022-10-10 12:30:00-04:00,248.6199951171875,248.77999877929688,247.19000244140625,248.08999633789062,98373,0.0,0.0,0.0
2022-10-10 13:30:00-04:00,248.0,250.92999267578125,247.97999572753906,249.6300048828125,279121,0.0,0.0,0.0
2022-10-10 14:30:00-04:00,249.5800018310547,250.80999755859375,249.5,249.7100067138672,169666,0.0,0.0,0.0
2022-10-10 15:30:00-04:00,249.74000549316406,250.55999755859375,249.47000122070312,249.55999755859375,137208,0.0,0.0,0.0
2022-10-11 09:30:00-04:00,248.02999877929688,248.67999267578125,242.52000427246094,243.0500030517578,660214,0.0,0.0,0.0
2022-10-11 10:30:00-04:00,242.99000549316406,246.1300048828125,242.47000122070312,245.99200439453125,190763,0.0,0.0,0.0
2022-10-11 11:30:00-04:00,246.44000244140625,248.02999877929688,245.8800048828125,247.57000732421875,152517,0.0,0.0,0.0
2022-10-11 12:30:00-04:00,247.4499969482422,249.0500030517578,246.88499450683594,247.11000061035156,279539,0.0,0.0,0.0
2022-10-11 13:30:00-04:00,247.16000366210938,247.64999389648438,246.0399932861328,246.74000549316406,129788,0.0,0.0,0.0
2022-10-11 14:30:00-04:00,246.94000244140625,247.14999389648438,242.97999572753906,243.8000030517578,220614,0.0,0.0,0.0
2022-10-11 15:30:00-04:00,243.83999633789062,245.25999450683594,243.35000610351562,244.97999572753906,253841,0.0,0.0,0.0
2022-10-12 09:30:00-04:00,244.9199981689453,247.22999572753906,242.82000732421875,244.1199951171875,393817,0.0,0.0,0.0
2022-10-12 10:30:00-04:00,244.16000366210938,245.77000427246094,243.22999572753906,245.6490020751953,112157,0.0,0.0,0.0
2022-10-12 11:30:00-04:00,245.6199951171875,246.88999938964844,245.11000061035156,245.87899780273438,67308,0.0,0.0,0.0
2022-10-12 12:30:00-04:00,245.802001953125,246.6999969482422,245.4499969482422,246.38999938964844,97527,0.0,0.0,0.0
2022-10-12 13:30:00-04:00,246.41000366210938,246.8300018310547,245.24000549316406,246.61500549316406,154336,0.0,0.0,0.0
2022-10-12 14:30:00-04:00,246.63499450683594,246.90499877929688,244.89999389648438,245.66000366210938,239572,0.0,0.0,0.0
2022-10-12 15:30:00-04:00,245.6199951171875,246.4600067138672,245.13999938964844,245.13999938964844,396686,0.0,0.0,0.0
2022-10-13 09:30:00-04:00,237.13999938964844,240.9250030517578,235.41000366210938,238.86500549316406,499074,0.0,0.0,0.0
2022-10-13 10:30:00-04:00,238.8000030517578,247.77999877929688,238.74000549316406,245.61000061035156,243873,0.0,0.0,0.0
2022-10-13 11:30:00-04:00,245.64999389648438,249.63999938964844,244.85000610351562,245.05999755859375,218709,0.0,0.0,0.0
2022-10-13 12:30:00-04:00,245.05999755859375,249.17999267578125,244.96499633789062,248.8350067138672,130622,0.0,0.0,0.0
2022-10-13 13:30:00-04:00,249.1999969482422,249.75999450683594,247.64999389648438,247.6999969482422,94385,0.0,0.0,0.0
2022-10-13 14:30:00-04:00,247.82000732421875,250.21389770507812,247.82000732421875,249.1199951171875,84466,0.0,0.0,0.0
2022-10-13 15:30:00-04:00,249.0,249.6199951171875,248.1199951171875,248.57000732421875,124766,0.0,0.0,0.0
2022-10-14 09:30:00-04:00,251.85000610351562,252.69000244140625,245.52999877929688,246.6300048828125,551905,0.0,0.0,0.0
2022-10-14 10:30:00-04:00,246.67999267578125,247.44500732421875,245.02999877929688,246.24000549316406,111605,0.0,0.0,0.0
2022-10-14 11:30:00-04:00,245.77000427246094,246.02999877929688,242.83999633789062,243.99000549316406,109626,0.0,0.0,0.0
2022-10-14 12:30:00-04:00,243.9600067138672,244.5399932861328,243.02999877929688,243.6999969482422,74288,0.0,0.0,0.0
2022-10-14 13:30:00-04:00,243.66000366210938,244.5800018310547,242.82000732421875,243.27000427246094,98005,0.0,0.0,0.0
2022-10-14 14:30:00-04:00,243.10000610351562,243.64999389648438,242.30999755859375,242.88999938964844,101735,0.0,0.0,0.0
2022-10-14 15:30:00-04:00,242.8300018310547,243.4499969482422,241.6999969482422,242.17999267578125,221492,0.0,0.0,0.0
2022-10-17 09:30:00-04:00,248.44000244140625,253.14999389648438,248.44000244140625,252.2100067138672,430175,0.0,0.0,0.0
2022-10-17 10:30:00-04:00,252.30999755859375,252.75,250.5,251.86000061035156,112327,0.0,0.0,0.0
2022-10-17 11:30:00-04:00,251.8300018310547,252.86000061035156,251.57000732421875,252.36000061035156,150746,0.0,0.0,0.0
2022-10-17 12:30:00-04:00,252.2899932861328,252.72999572753906,250.91000366210938,251.08999633789062,93323,0.0,0.0,0.0
2022-10-17 13:30:00-04:00,251.16029357910156,252.14999389648438,250.99000549316406,251.63999938964844,92146,0.0,0.0,0.0
2022-10-17 14:30:00-04:00,251.63999938964844,252.10000610351562,250.89999389648438,251.66000366210938,120594,0.0,0.0,0.0
2022-10-17 15:30:00-04:00,251.6699981689453,251.86000061035156,250.8800048828125,251.11000061035156,432124,0.0,0.0,0.0
2022-10-18 09:30:00-04:00,259.20001220703125,260.1499938964844,256.9800109863281,257.0400085449219,622881,0.0,0.0,0.0
2022-10-18 10:30:00-04:00,256.8999938964844,257.1700134277344,253.24000549316406,253.66000366210938,273622,0.0,0.0,0.0
2022-10-18 11:30:00-04:00,253.6300048828125,255.63999938964844,252.47000122070312,254.8800048828125,131578,0.0,0.0,0.0
2022-10-18 12:30:00-04:00,254.8300018310547,256.0400085449219,253.60000610351562,254.89999389648438,75027,0.0,0.0,0.0
2022-10-18 13:30:00-04:00,254.80999755859375,255.83999633789062,254.8000030517578,255.77999877929688,112171,0.0,0.0,0.0
2022-10-18 14:30:00-04:00,255.6999969482422,255.6999969482422,253.25999450683594,254.5800018310547,120336,0.0,0.0,0.0
2022-10-18 15:30:00-04:00,254.5800018310547,255.97999572753906,254.5800018310547,255.6300048828125,409763,0.0,0.0,0.0
2022-10-19 09:30:00-04:00,253.5399932861328,256.4599914550781,252.4600067138672,256.2699890136719,162863,0.0,0.0,0.0
2022-10-19 10:30:00-04:00,256.3999938964844,256.55999755859375,253.97999572753906,254.5500030517578,88057,0.0,0.0,0.0
2022-10-19 11:30:00-04:00,254.52000427246094,255.0800018310547,252.6699981689453,252.69000244140625,53320,0.0,0.0,0.0
2022-10-19 12:30:00-04:00,252.74000549316406,253.35000610351562,251.14500427246094,251.69000244140625,109017,0.0,0.0,0.0
2022-10-19 13:30:00-04:00,251.6699981689453,252.8300018310547,251.32000732421875,252.72999572753906,188229,0.0,0.0,0.0
2022-10-19 14:30:00-04:00,252.7100067138672,252.8000030517578,251.1750030517578,251.8300018310547,87939,0.0,0.0,0.0
2022-10-19 15:30:00-04:00,251.86000061035156,252.6999969482422,251.64999389648438,252.61000061035156,107544,0.0,0.0,0.0
2022-10-20 09:30:00-04:00,252.64999389648438,259.239990234375,252.44000244140625,259.1099853515625,173676,0.0,0.0,0.0
2022-10-20 10:30:00-04:00,259.25,259.5400085449219,258.1449890136719,258.5199890136719,162033,0.0,0.0,0.0
2022-10-20 11:30:00-04:00,258.4150085449219,259.4100036621094,255.6999969482422,256.0799865722656,96033,0.0,0.0,0.0
2022-10-20 12:30:00-04:00,255.85000610351562,256.3900146484375,254.77000427246094,255.1300048828125,148740,0.0,0.0,0.0
2022-10-20 13:30:00-04:00,255.11000061035156,255.13999938964844,252.8000030517578,252.99000549316406,182421,0.0,0.0,0.0
2022-10-20 14:30:00-04:00,252.8699951171875,254.75999450683594,252.38999938964844,254.1999969482422,157709,0.0,0.0,0.0
2022-10-20 15:30:00-04:00,254.10000610351562,255.13499450683594,253.5800018310547,254.55999755859375,159517,0.0,0.0,0.0
2022-10-21 09:30:00-04:00,253.32000732421875,255.58999633789062,250.8300018310547,252.64999389648438,259817,0.0,0.0,0.0
2022-10-21 10:30:00-04:00,252.6199951171875,253.64999389648438,250.91099548339844,253.4499969482422,177414,0.0,0.0,0.0
2022-10-21 11:30:00-04:00,254.17999267578125,256.42999267578125,253.19000244140625,255.47999572753906,170754,0.0,0.0,0.0
2022-10-21 12:30:00-04:00,255.25,257.0799865722656,255.25,256.75,62881,0.0,0.0,0.0
2022-10-21 13:30:00-04:00,256.75,258.2900085449219,256.6000061035156,257.55999755859375,93766,0.0,0.0,0.0
2022-10-21 14:30:00-04:00,257.6099853515625,259.0199890136719,257.25,258.9949951171875,162119,0.0,0.0,0.0
2022-10-21 15:30:00-04:00,258.9800109863281,259.4599914550781,258.7099914550781,258.989990234375,221661,0.0,0.0,0.0
2022-10-24 09:30:00-04:00,260.19000244140625,260.3599853515625,255.41000366210938,256.1600036621094,232286,0.0,0.0,0.0
2022-10-24 10:30:00-04:00,256.1400146484375,258.8599853515625,255.78500366210938,258.760009765625,200621,0.0,0.0,0.0
2022-10-24 11:30:00-04:00,259.010009765625,260.8949890136719,258.55999755859375,260.4100036621094,190400,0.0,0.0,0.0
2022-10-24 12:30:00-04:00,260.489990234375,260.75,259.19000244140625,259.260009765625,181548,0.0,0.0,0.0
2022-10-24 13:30:00-04:00,259.239990234375,260.4700012207031,258.8399963378906,260.25,431057,0.0,0.0,0.0
2022-10-24 14:30:00-04:00,260.2699890136719,262.0,260.2699890136719,261.6400146484375,267974,0.0,0.0,0.0
2022-10-24 15:30:00-04:00,261.7200012207031,261.8299865722656,260.7099914550781,261.17999267578125,205671,0.0,0.0,0.0
2022-10-25 09:30:00-04:00,262.489990234375,266.9599914550781,262.489990234375,265.606689453125,288349,0.0,0.0,0.0
2022-10-25 10:30:00-04:00,265.29998779296875,266.2300109863281,264.67999267578125,266.1600036621094,182484,0.0,0.0,0.0
2022-10-25 11:30:00-04:00,266.2099914550781,267.44000244140625,266.1400146484375,267.2699890136719,111384,0.0,0.0,0.0
2022-10-25 12:30:00-04:00,267.2799987792969,267.3299865722656,265.3299865722656,265.95001220703125,156564,0.0,0.0,0.0
2022-10-25 13:30:00-04:00,266.17999267578125,266.92999267578125,265.8399963378906,266.8599853515625,182937,0.0,0.0,0.0
2022-10-25 14:30:00-04:00,266.8500061035156,267.7900085449219,266.3399963378906,267.7699890136719,361549,0.0,0.0,0.0
2022-10-25 15:30:00-04:00,267.80999755859375,268.0899963378906,267.4599914550781,267.7300109863281,394324,0.0,0.0,0.0
2022-10-26 09:30:00-04:00,260.95001220703125,267.6499938964844,259.75,267.4599914550781,338446,0.0,0.0,0.0
2022-10-26 10:30:00-04:00,267.4599914550781,269.44000244140625,266.8299865722656,269.32000732421875,121189,0.0,0.0,0.0
2022-10-26 11:30:00-04:00,269.2699890136719,269.9100036621094,267.489990234375,267.5400085449219,208406,0.0,0.0,0.0
2022-10-26 12:30:00-04:00,267.5799865722656,267.8699035644531,263.4599914550781,263.4800109863281,148870,0.0,0.0,0.0
2022-10-26 13:30:00-04:00,263.3900146484375,265.5299987792969,263.2703857421875,264.5799865722656,167502,0.0,0.0,0.0
2022-10-26 14:30:00-04:00,264.54998779296875,264.95001220703125,263.2300109863281,263.55999755859375,148006,0.0,0.0,0.0
2022-10-26 15:30:00-04:00,263.54998779296875,263.8500061035156,262.6499938964844,262.8299865722656,204905,0.0,0.0,0.0
2022-10-27 09:30:00-04:00,267.1600036621094,268.760009765625,264.0799865722656,268.5199890136719,290685,0.0,0.0,0.0
2022-10-27 10:30:00-04:00,268.4800109863281,269.0150146484375,265.07598876953125,265.2300109863281,176486,0.0,0.0,0.0
2022-10-27 11:30:00-04:00,265.1400146484375,265.94000244140625,263.3599853515625,263.3599853515625,158830,0.0,0.0,0.0
2022-10-27 12:30:00-04:00,263.7200012207031,265.7699890136719,263.3900146484375,264.95001220703125,139571,0.0,0.0,0.0
2022-10-27 13:30:00-04:00,265.0,265.0899963378906,263.9200134277344,264.3399963378906,101303,0.0,0.0,0.0
2022-10-27 14:30:00-04:00,264.30499267578125,265.0199890136719,263.875,264.7799987792969,105523,0.0,0.0,0.0
2022-10-27 15:30:00-04:00,264.94000244140625,265.3500061035156,263.989990234375,264.3500061035156,226724,0.0,0.0,0.0
2022-10-28 09:30:00-04:00,263.7200012207031,266.6700134277344,262.0899963378906,264.0799865722656,305818,0.0,0.0,0.0
2022-10-28 10:30:00-04:00,264.1400146484375,267.0,264.1400146484375,265.7300109863281,165940,0.0,0.0,0.0
2022-10-28 11:30:00-04:00,265.8699951171875,267.8699951171875,265.4100036621094,267.79998779296875,123067,0.0,0.0,0.0
2022-10-28 12:30:00-04:00,267.9599914550781,268.2200012207031,267.07000732421875,267.70001220703125,81265,0.0,0.0,0.0
2022-10-28 13:30:00-04:00,267.7200012207031,268.1099853515625,266.8699951171875,267.67999267578125,136267,0.0,0.0,0.0
2022-10-28 14:30:00-04:00,267.6600036621094,269.2099914550781,267.6000061035156,269.1700134277344,173022,0.0,0.0,0.0
2022-10-28 15:30:00-04:00,269.1199951171875,269.739990234375,268.7200012207031,269.29998779296875,397615,0.0,0.0,0.0
2022-10-31 09:30:00-04:00,266.80999755859375,268.8299865722656,266.3999938964844,266.4200134277344,77979,0.0,0.0,0.0
2022-10-31 10:30:00-04:00,266.19000244140625,268.260009765625,265.6199951171875,268.1199951171875,57014,0.0,0.0,0.0
2022-10-31 11:30:00-04:00,268.1099853515625,269.739990234375,267.9700012207031,268.67999267578125,77329,0.0,0.0,0.0
2022-10-31 12:30:00-04:00,268.6000061035156,269.3299865722656,267.7799987792969,269.3299865722656,64504,0.0,0.0,0.0
2022-10-31 13:30:00-04:00,269.2900085449219,269.3699951171875,268.3810119628906,268.55999755859375,77504,0.0,0.0,0.0
2022-10-31 14:30:00-04:00,268.5899963378906,269.239990234375,267.42999267578125,268.20001220703125,140415,0.0,0.0,0.0
2022-10-31 15:30:00-04:00,268.1498107910156,268.79998779296875,267.5400085449219,267.8999938964844,182442,0.0,0.0,0.0
2022-11-01 09:30:00-04:00,270.989990234375,272.239990234375,266.2200012207031,267.54998779296875,112503,0.0,0.0,0.0
2022-11-01 10:30:00-04:00,267.8900146484375,267.9200134277344,265.19000244140625,266.7149963378906,39329,0.0,0.0,0.0
2022-11-01 11:30:00-04:00,266.69000244140625,266.8500061035156,263.8299865722656,263.875,78437,0.0,0.0,0.0
2022-11-01 12:30:00-04:00,263.8299865722656,264.67999267578125,262.7300109863281,264.1000061035156,43300,0.0,0.0,0.0
2022-11-01 13:30:00-04:00,264.04998779296875,264.760009765625,263.4200134277344,264.75,34962,0.0,0.0,0.0
2022-11-01 14:30:00-04:00,264.8500061035156,265.4100036621094,264.1499938964844,264.4599914550781,62780,0.0,0.0,0.0
2022-11-01 15:30:00-04:00,264.4599914550781,264.7799987792969,263.9700012207031,264.04998779296875,110532,0.0,0.0,0.0
2022-11-02 09:30:00-04:00,263.7900085449219,264.19000244140625,260.3999938964844,260.6199951171875,173141,0.0,0.0,0.0
2022-11-02 10:30:00-04:00,260.7900085449219,261.44000244140625,258.45001220703125,258.6099853515625,143087,0.0,0.0,0.0
2022-11-02 11:30:00-04:00,258.6499938964844,258.9700012207031,256.9200134277344,256.92999267578125,142468,0.0,0.0,0.0
2022-11-02 12:30:00-04:00,256.9649963378906,258.67999267578125,256.55999755859375,258.1199951171875,96087,0.0,0.0,0.0
2022-11-02 13:30:00-04:00,258.1199951171875,263.8099060058594,258.0400085449219,263.8099060058594,200803,0.0,0.0,0.0
2022-11-02 14:30:00-04:00,264.0,264.239990234375,253.00999450683594,253.64999389648438,504637,0.0,0.0,0.0
2022-11-02 15:30:00-04:00,253.6199951171875,254.1199951171875,251.8699951171875,252.00999450683594,553435,0.0,0.0,0.0
2022-11-03 09:30:00-04:00,248.60000610351562,249.9199981689453,246.00999450683594,249.7100067138672,213084,0.0,0.0,0.0
2022-11-03 10:30:00-04:00,249.8000030517578,251.67999267578125,248.2100067138672,248.27000427246094,237338,0.0,0.0,0.0
2022-11-03 11:30:00-04:00,248.2899932861328,249.0399932861328,247.22000122070312,248.92999267578125,238655,0.0,0.0,0.0
2022-11-03 12:30:00-04:00,248.80999755859375,250.2899932861328,247.77999877929688,248.07000732421875,155146,0.0,0.0,0.0
2022-11-03 13:30:00-04:00,248.10000610351562,248.3000030517578,247.4600067138672,248.14999389648438,148862,0.0,0.0,0.0
2022-11-03 14:30:00-04:00,248.05999755859375,248.35000610351562,247.10000610351562,247.5500030517578,174742,0.0,0.0,0.0
2022-11-03 15:30:00-04:00,247.5,247.7100067138672,245.3699951171875,245.5399932861328,664946,0.0,0.0,0.0
2022-11-04 09:30:00-04:00,248.10000610351562,248.3800048828125,239.77999877929688,242.89999389648438,504100,0.0,0.0,0.0
2022-11-04 10:30:00-04:00,243.00999450683594,244.5,240.0,240.0500030517578,259531,0.0,0.0,0.0
2022-11-04 11:30:00-04:00,240.07040405273438,240.2899932861328,237.42999267578125,239.8105010986328,273699,0.0,0.0,0.0
2022-11-04 12:30:00-04:00,239.66000366210938,240.02999877929688,237.25,237.30999755859375,209652,0.0,0.0,0.0
2022-11-04 13:30:00-04:00,237.3699951171875,238.6300048828125,236.5800018310547,238.44000244140625,109164,0.0,0.0,0.0
2022-11-04 14:30:00-04:00,238.3699951171875,241.00999450683594,238.2899932861328,240.60000610351562,155811,0.0,0.0,0.0
2022-11-04 15:30:00-04:00,240.52000427246094,241.85000610351562,240.10000610351562,241.74000549316406,287257,0.0,0.0,0.0
2022-11-07 09:30:00-05:00,243.07000732421875,243.80499267578125,239.27999877929688,240.72000122070312,239085,0.0,0.0,0.0
2022-11-07 10:30:00-05:00,240.52000427246094,243.0,240.17010498046875,242.83999633789062,69238,0.0,0.0,0.0
2022-11-07 11:30:00-05:00,242.94000244140625,243.0800018310547,240.92999267578125,241.75,201860,0.0,0.0,0.0
2022-11-07 12:30:00-05:00,242.0,243.4199981689453,241.67999267578125,242.89999389648438,83295,0.0,0.0,0.0
2022-11-07 13:30:00-05:00,243.07000732421875,244.91000366210938,242.6999969482422,244.6999969482422,138375,0.0,0.0,0.0
2022-11-07 14:30:00-05:00,244.72000122070312,245.50999450683594,244.67999267578125,245.16000366210938,133839,0.0,0.0,0.0
2022-11-07 15:30:00-05:00,245.17999267578125,245.5800018310547,244.5,245.0800018310547,264706,0.0,0.0,0.0
2022-11-08 09:30:00-05:00,245.17999267578125,247.8800048828125,244.08999633789062,247.22000122070312,180025,0.0,0.0,0.0
2022-11-08 10:30:00-05:00,247.3300018310547,251.25,247.3300018310547,251.25,196675,0.0,0.0,0.0
2022-11-08 11:30:00-05:00,251.3800048828125,252.41000366210938,250.5850067138672,251.14999389648438,182093,0.0,0.0,0.0
2022-11-08 12:30:00-05:00,251.1199951171875,251.25,248.2899932861328,248.31500244140625,94502,0.0,0.0,0.0
2022-11-08 13:30:00-05:00,248.2926025390625,248.86000061035156,245.1199951171875,245.1999969482422,161574,0.0,0.0,0.0
2022-11-08 14:30:00-05:00,245.0800018310547,248.5500030517578,244.64999389648438,248.5399932861328,258871,0.0,0.0,0.0
2022-11-08 15:30:00-05:00,248.8300018310547,249.6300048828125,248.1199951171875,248.1199951171875,372466,0.0,0.0,0.0
2022-11-09 09:30:00-05:00,246.0449981689453,246.5,243.8699951171875,245.16000366210938,136611,0.0,0.0,0.0
2022-11-09 10:30:00-05:00,244.89999389648438,245.1999969482422,243.19000244140625,244.74000549316406,125569,0.0,0.0,0.0
2022-11-09 11:30:00-05:00,244.72999572753906,246.0800018310547,244.05999755859375,244.36000061035156,116323,0.0,0.0,0.0
2022-11-09 12:30:00-05:00,244.47000122070312,244.64999389648438,243.60000610351562,243.7899932861328,194094,0.0,0.0,0.0
2022-11-09 13:30:00-05:00,243.72000122070312,244.10000610351562,242.30999755859375,244.00999450683594,162637,0.0,0.0,0.0
2022-11-09 14:30:00-05:00,243.97189331054688,243.97189331054688,242.27999877929688,243.63999938964844,228702,0.0,0.0,0.0
2022-11-09 15:30:00-05:00,243.36000061035156,243.80999755859375,242.52999877929688,242.77999877929688,400830,0.0,0.0,0.0
2022-11-10 09:30:00-05:00,257.739990234375,262.8299865722656,257.4599914550781,261.30999755859375,862659,0.0,0.0,0.0
2022-11-10 10:30:00-05:00,261.3299865722656,262.0199890136719,259.57000732421875,261.9200134277344,263223,0.0,0.0,0.0
2022-11-10 11:30:00-05:00,261.989990234375,263.4949951171875,261.9599914550781,263.17999267578125,193135,0.0,0.0,0.0
2022-11-10 12:30:00-05:00,263.1099853515625,263.1499938964844,261.4800109863281,261.8245849609375,158971,0.0,0.0,0.0
2022-11-10 13:30:00-05:00,261.9700012207031,262.739990234375,261.4100036621094,262.57501220703125,157972,0.0,0.0,0.0
2022-11-10 14:30:00-05:00,262.55499267578125,263.67999267578125,261.9599914550781,263.614990234375,209303,0.0,0.0,0.0
2022-11-10 15:30:00-05:00,263.6300048828125,265.1400146484375,263.4800109863281,264.8999938964844,401684,0.0,0.0,0.0
2022-11-11 09:30:00-05:00,265.3900146484375,271.0400085449219,264.1600036621094,270.989990234375,420664,0.0,0.0,0.0
2022-11-11 10:30:00-05:00,270.9599914550781,272.29998779296875,268.6099853515625,268.6499938964844,241878,0.0,0.0,0.0
2022-11-11 11:30:00-05:00,268.57000732421875,270.92999267578125,268.25,270.55999755859375,135048,0.0,0.0,0.0
2022-11-11 12:30:00-05:00,270.6199951171875,272.2900085449219,270.2099914550781,272.1856994628906,101574,0.0,0.0,0.0
2022-11-11 13:30:00-05:00,272.2749938964844,273.0400085449219,271.7669982910156,272.9198913574219,195754,0.0,0.0,0.0
2022-11-11 14:30:00-05:00,272.8900146484375,273.20001220703125,270.69000244140625,271.5199890136719,214568,0.0,0.0,0.0
2022-11-11 15:30:00-05:00,271.54998779296875,272.25,271.3299865722656,271.6099853515625,381358,0.0,0.0,0.0
2022-11-14 09:30:00-05:00,268.75,269.80999755859375,265.55999755859375,267.69000244140625,201948,0.0,0.0,0.0
2022-11-14 10:30:00-05:00,267.69000244140625,268.510009765625,266.3599853515625,267.1499938964844,102140,0.0,0.0,0.0
2022-11-14 11:30:00-05:00,267.25,269.05999755859375,267.25,268.3399963378906,149685,0.0,0.0,0.0
2022-11-14 12:30:00-05:00,268.29998779296875,270.9200134277344,268.2300109863281,270.9200134277344,87741,0.0,0.0,0.0
2022-11-14 13:30:00-05:00,270.8599853515625,271.4100036621094,270.3699951171875,271.4100036621094,160353,0.0,0.0,0.0
2022-11-14 14:30:00-05:00,271.3999938964844,271.3999938964844,269.8275146484375,270.3399963378906,193587,0.0,0.0,0.0
2022-11-14 15:30:00-05:00,270.3599853515625,270.3699951171875,268.0799865722656,268.1400146484375,269836,0.0,0.0,0.0
2022-11-15 09:30:00-05:00,275.760009765625,276.79998779296875,274.1000061035156,276.5899963378906,281749,0.0,0.0,0.0
2022-11-15 10:30:00-05:00,276.5400085449219,276.9800109863281,274.2799987792969,275.489990234375,132131,0.0,0.0,0.0
2022-11-15 11:30:00-05:00,275.5199890136719,277.0400085449219,275.5199890136719,276.4700012207031,180504,0.0,0.0,0.0
2022-11-15 12:30:00-05:00,276.4700012207031,276.9049987792969,273.32000732421875,273.7099914550781,156852,0.0,0.0,0.0
2022-11-15 13:30:00-05:00,273.9700012207031,276.1300048828125,272.0950012207031,275.6199951171875,297323,0.0,0.0,0.0
2022-11-15 14:30:00-05:00,275.70001220703125,276.2900085449219,274.30999755859375,275.6099853515625,190250,0.0,0.0,0.0
2022-11-15 15:30:00-05:00,275.5,275.5,273.9200134277344,274.5199890136719,189751,0.0,0.0,0.0
2022-11-16 09:30:00-05:00,272.94000244140625,273.0,269.07000732421875,269.2300109863281,203392,0.0,0.0,0.0
2022-11-16 10:30:00-05:00,269.20001220703125,269.9779968261719,267.3999938964844,269.4200134277344,112050,0.0,0.0,0.0
2022-11-16 11:30:00-05:00,269.30999755859375,270.20001220703125,268.9700012207031,269.7900085449219,119614,0.0,0.0,0.0
2022-11-16 12:30:00-05:00,269.75,271.1300048828125,269.7200012207031,270.54998779296875,95099,0.0,0.0,0.0
2022-11-16 13:30:00-05:00,270.7200012207031,270.7300109863281,268.5199890136719,269.0299987792969,203039,0.0,0.0,0.0
2022-11-16 14:30:00-05:00,269.0299987792969,269.1199951171875,267.739990234375,268.1600036621094,279907,0.0,0.0,0.0
2022-11-16 15:30:00-05:00,268.2099914550781,269.1499938964844,267.9800109863281,268.6499938964844,244181,0.0,0.0,0.0
2022-11-17 09:30:00-05:00,262.8599853515625,263.80999755859375,261.010009765625,262.625,204962,0.0,0.0,0.0
2022-11-17 10:30:00-05:00,262.6050109863281,263.1600036621094,261.05999755859375,262.4800109863281,87426,0.0,0.0,0.0
2022-11-17 11:30:00-05:00,262.45001220703125,264.4100036621094,261.8699951171875,263.75,32863,0.0,0.0,0.0
2022-11-17 12:30:00-05:00,263.6700134277344,265.3999938964844,263.2300109863281,264.8800048828125,96866,0.0,0.0,0.0
2022-11-17 13:30:00-05:00,264.8800048828125,265.70001220703125,262.9599914550781,263.2099914550781,125759,0.0,0.0,0.0
2022-11-17 14:30:00-05:00,263.17999267578125,263.3825988769531,261.5899963378906,261.92999267578125,159995,0.0,0.0,0.0
2022-11-17 15:30:00-05:00,262.0199890136719,263.1700134277344,261.6199951171875,263.0400085449219,185778,0.0,0.0,0.0
2022-11-18 09:30:00-05:00,268.4100036621094,268.4100036621094,261.05999755859375,261.8299865722656,134142,0.0,0.0,0.0
2022-11-18 10:30:00-05:00,262.2900085449219,262.510009765625,260.0899963378906,261.4200134277344,63159,0.0,0.0,0.0
2022-11-18 11:30:00-05:00,261.4949951171875,261.75,259.6600036621094,260.30999755859375,78292,0.0,0.0,0.0
2022-11-18 12:30:00-05:00,260.2900085449219,261.1600036621094,259.92999267578125,261.1600036621094,78099,0.0,0.0,0.0
2022-11-18 13:30:00-05:00,261.1199951171875,261.239990234375,260.1199951171875,260.4800109863281,96742,0.0,0.0,0.0
2022-11-18 14:30:00-05:00,260.4700012207031,261.92999267578125,260.25,261.92999267578125,196654,0.0,0.0,0.0
2022-11-18 15:30:00-05:00,261.92999267578125,262.67999267578125,261.30999755859375,261.989990234375,224503,0.0,0.0,0.0
2022-11-21 09:30:00-05:00,260.1099853515625,261.2900085449219,258.42999267578125,258.7300109863281,226482,0.0,0.0,0.0
2022-11-21 10:30:00-05:00,258.57000732421875,259.6499938964844,257.9200134277344,259.239990234375,138762,0.0,0.0,0.0
2022-11-21 11:30:00-05:00,259.0799865722656,259.29998779296875,257.9200134277344,258.10650634765625,96186,0.0,0.0,0.0
2022-11-21 12:30:00-05:00,258.0299987792969,259.0199890136719,257.6000061035156,258.8900146484375,77824,0.0,0.0,0.0
2022-11-21 13:30:00-05:00,258.9700012207031,259.9700012207031,258.72100830078125,259.1600036621094,72624,0.0,0.0,0.0
2022-11-21 14:30:00-05:00,259.1199951171875,259.3699951171875,258.5400085449219,258.6099853515625,87871,0.0,0.0,0.0
2022-11-21 15:30:00-05:00,258.6199951171875,259.3399963378906,258.54998779296875,258.67999267578125,217944,0.0,0.0,0.0
2022-11-22 09:30:00-05:00,259.44500732421875,259.5,256.489990234375,259.2799987792969,149307,0.0,0.0,0.0
2022-11-22 10:30:00-05:00,259.3599853515625,260.5400085449219,258.5050048828125,259.93499755859375,129223,0.0,0.0,0.0
2022-11-22 11:30:00-05:00,259.83099365234375,260.9599914550781,259.3900146484375,260.6099853515625,71183,0.0,0.0,0.0
2022-11-22 12:30:00-05:00,260.6099853515625,261.739990234375,260.47100830078125,261.6499938964844,155620,0.0,0.0,0.0
2022-11-22 13:30:00-05:00,261.6400146484375,262.17999267578125,261.17999267578125,261.5799865722656,149761,0.0,0.0,0.0
2022-11-22 14:30:00-05:00,261.510009765625,263.0,261.3999938964844,262.9599914550781,102778,0.0,0.0,0.0
2022-11-22 15:30:00-05:00,262.94000244140625,263.4200134277344,262.79998779296875,263.2900085449219,257817,0.0,0.0,0.0
2022-11-23 09:30:00-05:00,261.94000244140625,266.1199951171875,261.2900085449219,265.8500061035156,98638,0.0,0.0,0.0
2022-11-23 10:30:00-05:00,265.9100036621094,267.3999938964844,265.9100036621094,266.8399963378906,101002,0.0,0.0,0.0
2022-11-23 11:30:00-05:00,266.8800048828125,266.9599914550781,264.44000244140625,265.3900146484375,74375,0.0,0.0,0.0
2022-11-23 12:30:00-05:00,265.4800109863281,266.0400085449219,264.2213134765625,265.9849853515625,110589,0.0,0.0,0.0
2022-11-23 13:30:00-05:00,266.3450012207031,268.510009765625,266.0199890136719,267.95001220703125,349683,0.0,0.0,0.0
2022-11-23 14:30:00-05:00,267.80999755859375,268.1000061035156,266.8999938964844,267.80999755859375,259583,0.0,0.0,0.0
2022-11-23 15:30:00-05:00,267.79998779296875,267.79998779296875,266.864990234375,267.2699890136719,235127,0.0,0.0,0.0
2022-11-25 09:30:00-05:00,266.260009765625,266.6300048828125,265.4800109863281,266.19000244140625,96311,0.0,0.0,0.0
2022-11-25 10:30:00-05:00,266.0899963378906,267.2699890136719,266.0899963378906,266.29998779296875,79908,0.0,0.0,0.0
2022-11-25 11:30:00-05:00,266.3599853515625,267.1000061035156,265.8599853515625,267.07000732421875,75207,0.0,0.0,0.0
2022-11-28 09:30:00-05:00,265.42498779296875,267.54998779296875,263.95001220703125,264.4649963378906,154073,0.0,0.0,0.0
2022-11-28 10:30:00-05:00,264.5799865722656,265.2699890136719,264.0799865722656,264.30999755859375,132159,0.0,0.0,0.0
2022-11-28 11:30:00-05:00,264.17999267578125,264.9700012207031,263.55999755859375,264.3299865722656,143152,0.0,0.0,0.0
2022-11-28 12:30:00-05:00,264.4200134277344,264.94000244140625,263.6099853515625,264.05999755859375,80934,0.0,0.0,0.0
2022-11-28 13:30:00-05:00,264.0799865722656,264.1000061035156,262.2300109863281,262.5199890136719,113790,0.0,0.0,0.0
2022-11-28 14:30:00-05:00,262.5,263.0799865722656,261.8500061035156,261.8999938964844,147532,0.0,0.0,0.0
2022-11-28 15:30:00-05:00,261.9049987792969,262.9200134277344,261.7900085449219,262.7699890136719,135777,0.0,0.0,0.0
2022-11-29 09:30:00-05:00,262.29998779296875,262.7200012207031,261.1700134277344,262.2300109863281,150159,0.0,0.0,0.0
2022-11-29 10:30:00-05:00,262.2699890136719,262.6499938964844,259.3800048828125,259.7900085449219,123707,0.0,0.0,0.0
2022-11-29 11:30:00-05:00,259.7300109863281,260.75,259.6199951171875,260.489990234375,88387,0.0,0.0,0.0
2022-11-29 12:30:00-05:00,260.489990234375,261.29998779296875,259.25,259.25,98511,0.0,0.0,0.0
2022-11-29 13:30:00-05:00,259.2099914550781,261.2200012207031,259.1700134277344,260.4800109863281,160492,0.0,0.0,0.0
2022-11-29 14:30:00-05:00,260.489990234375,260.7900085449219,259.94500732421875,260.4800109863281,212154,0.0,0.0,0.0
2022-11-29 15:30:00-05:00,260.3500061035156,260.69000244140625,259.92999267578125,260.4800109863281,347229,0.0,0.0,0.0
2022-11-30 09:30:00-05:00,258.79998779296875,262.1099853515625,258.3599853515625,261.8900146484375,316485,0.0,0.0,0.0
2022-11-30 10:30:00-05:00,261.8599853515625,261.8699951171875,260.0899963378906,260.57000732421875,67504,0.0,0.0,0.0
2022-11-30 11:30:00-05:00,260.760009765625,261.4700012207031,259.8599853515625,260.42999267578125,124712,0.0,0.0,0.0
2022-11-30 12:30:00-05:00,260.42999267578125,261.42999267578125,260.29998779296875,261.239990234375,89964,0.0,0.0,0.0
2022-11-30 13:30:00-05:00,261.1000061035156,270.17999267578125,260.6600036621094,269.79998779296875,498126,0.0,0.0,0.0
2022-11-30 14:30:00-05:00,269.6575012207031,270.32000732421875,267.7250061035156,270.30999755859375,190474,0.0,0.0,0.0
2022-11-30 15:30:00-05:00,270.2900085449219,271.95001220703125,270.0,271.8500061035156,365609,0.0,0.0,0.0
2022-12-01 09:30:00-05:00,272.1499938964844,275.3858947753906,270.4700012207031,270.7900085449219,709246,0.0,0.0,0.0
2022-12-01 10:30:00-05:00,270.7464904785156,273.1499938964844,270.1199951171875,272.17999267578125,350710,0.0,0.0,0.0
2022-12-01 11:30:00-05:00,272.3500061035156,272.75,271.0899963378906,272.4800109863281,192950,0.0,0.0,0.0
2022-12-01 12:30:00-05:00,272.5,273.2909851074219,271.8800048828125,272.739990234375,79453,0.0,0.0,0.0
2022-12-01 13:30:00-05:00,272.7900085449219,274.4100036621094,272.6700134277344,274.0400085449219,168387,0.0,0.0,0.0
2022-12-01 14:30:00-05:00,274.0199890136719,275.4200134277344,273.760009765625,274.95001220703125,183375,0.0,0.0,0.0
2022-12-01 15:30:00-05:00,275.2200012207031,275.6300048828125,274.7799987792969,274.7799987792969,361055,0.0,0.0,0.0
2022-12-02 09:30:00-05:00,269.5162048339844,271.7799987792969,267.739990234375,270.5150146484375,406350,0.0,0.0,0.0
2022-12-02 10:30:00-05:00,270.30999755859375,271.7900085449219,269.75,270.989990234375,82527,0.0,0.0,0.0
2022-12-02 11:30:00-05:00,271.0,272.1700134277344,270.6499938964844,271.3299865722656,148285,0.0,0.0,0.0
2022-12-02 12:30:00-05:00,271.3999938964844,271.3999938964844,270.0799865722656,271.0299987792969,158706,0.0,0.0,0.0
2022-12-02 13:30:00-05:00,271.0400085449219,271.3599853515625,270.44000244140625,270.6600036621094,110565,0.0,0.0,0.0
2022-12-02 14:30:00-05:00,270.6499938964844,272.7300109863281,270.42999267578125,272.1700134277344,284167,0.0,0.0,0.0
2022-12-02 15:30:00-05:00,272.1300048828125,272.3399963378906,271.04998779296875,271.7200012207031,283182,0.0,0.0,0.0
2022-12-05 09:30:00-05:00,269.19000244140625,270.2300109863281,265.07501220703125,265.7900085449219,276505,0.0,0.0,0.0
2022-12-05 10:30:00-05:00,265.5,266.989990234375,265.2200012207031,265.7699890136719,56984,0.0,0.0,0.0
2022-12-05 11:30:00-05:00,265.70001220703125,265.70001220703125,263.70001220703125,264.239990234375,88534,0.0,0.0,0.0
2022-12-05 12:30:00-05:00,264.18499755859375,264.2900085449219,262.17999267578125,262.760009765625,135252,0.0,0.0,0.0
2022-12-05 13:30:00-05:00,262.760009765625,262.94000244140625,260.8699951171875,260.9599914550781,118054,0.0,0.0,0.0
2022-12-05 14:30:00-05:00,260.80999755859375,261.0299987792969,260.1499938964844,260.6700134277344,282231,0.0,0.0,0.0
2022-12-05 15:30:00-05:00,260.70001220703125,261.8999938964844,260.6600036621094,261.739990234375,205124,0.0,0.0,0.0
2022-12-06 09:30:00-05:00,262.1700134277344,262.1700134277344,256.8500061035156,258.1000061035156,366329,0.0,0.0,0.0
2022-12-06 10:30:00-05:00,258.17999267578125,258.614990234375,257.3900146484375,258.1600036621094,193618,0.0,0.0,0.0
2022-12-06 11:30:00-05:00,258.19000244140625,258.44000244140625,256.5400085449219,257.20001220703125,0,0.0,0.0,0.0
2022-12-06 12:30:00-05:00,257.2300109863281,257.4700012207031,256.239990234375,256.260009765625,889009,0.0,0.0,0.0
2022-12-06 13:30:00-05:00,256.260009765625,256.95001220703125,255.75999450683594,255.75999450683594,119019,0.0,0.0,0.0
2022-12-06 14:30:00-05:00,255.77000427246094,257.2449951171875,255.38999938964844,256.0899963378906,214552,0.0,0.0,0.0
2022-12-06 15:30:00-05:00,256.125,257.760009765625,256.125,257.4599914550781,438347,0.0,0.0,0.0
2022-12-07 09:30:00-05:00,257.2099914550781,259.05999755859375,254.77000427246094,256.5899963378906,239667,0.0,0.0,0.0
2022-12-07 10:30:00-05:00,256.3900146484375,258.1400146484375,255.60000610351562,255.6199951171875,86393,0.0,0.0,0.0
2022-12-07 11:30:00-05:00,255.52000427246094,256.6199951171875,255.3699951171875,255.75999450683594,94905,0.0,0.0,0.0
2022-12-07 12:30:00-05:00,255.8000030517578,257.1099853515625,255.4199981689453,257.0400085449219,258869,0.0,0.0,0.0
2022-12-07 13:30:00-05:00,257.0,257.1300048828125,255.55999755859375,256.1300048828125,190521,0.0,0.0,0.0
2022-12-07 14:30:00-05:00,256.1199951171875,256.5400085449219,255.72000122070312,256.1499938964844,82749,0.0,0.0,0.0
2022-12-07 15:30:00-05:00,256.2550048828125,256.4599914550781,255.94000244140625,256.07000732421875,241561,0.0,0.0,0.0
2022-12-08 09:30:00-05:00,257.75,261.2300109863281,254.7100067138672,260.4849853515625,260823,0.0,0.0,0.0
2022-12-08 10:30:00-05:00,260.57501220703125,261.3699951171875,258.95001220703125,260.1000061035156,148865,0.0,0.0,0.0
2022-12-08 11:30:00-05:00,260.010009765625,261.1199951171875,259.92999267578125,260.0799865722656,55713,0.0,0.0,0.0
2022-12-08 12:30:00-05:00,260.010009765625,261.3500061035156,259.8699951171875,261.3500061035156,133716,0.0,0.0,0.0
2022-12-08 13:30:00-05:00,261.3399963378906,261.9599914550781,259.6199951171875,260.2799987792969,138501,0.0,0.0,0.0
2022-12-08 14:30:00-05:00,260.2300109863281,261.0799865722656,259.75,260.9100036621094,143612,0.0,0.0,0.0
2022-12-08 15:30:00-05:00,260.8999938964844,261.19000244140625,259.80999755859375,260.5299987792969,183084,0.0,0.0,0.0
2022-12-09 09:30:00-05:00,259.4649963378906,261.07000732421875,257.95001220703125,260.7300109863281,246690,0.0,0.0,0.0
2022-12-09 10:30:00-05:00,260.9800109863281,261.8924865722656,260.5700988769531,261.05999755859375,58458,0.0,0.0,0.0
2022-12-09 11:30:00-05:00,261.0299987792969,261.6499938964844,260.6700134277344,261.125,50236,0.0,0.0,0.0
2022-12-09 12:30:00-05:00,261.1000061035156,261.6000061035156,260.1600036621094,260.5899963378906,69288,0.0,0.0,0.0
2022-12-09 13:30:00-05:00,260.57000732421875,261.1099853515625,260.30999755859375,260.8699951171875,63357,0.0,0.0,0.0
2022-12-09 14:30:00-05:00,260.79998779296875,261.0400085449219,260.4700012207031,260.6499938964844,69767,0.0,0.0,0.0
2022-12-09 15:30:00-05:00,260.69000244140625,260.760009765625,259.239990234375,259.3500061035156,129559,0.0,0.0,0.0
2022-12-12 09:30:00-05:00,259.760009765625,263.8999938964844,259.760009765625,263.8299865722656,235406,0.0,0.0,0.0
2022-12-12 10:30:00-05:00,263.7099914550781,264.54998779296875,262.8900146484375,264.1099853515625,230834,0.0,0.0,0.0
2022-12-12 11:30:00-05:00,264.1000061035156,264.82000732421875,263.7250061035156,264.07000732421875,105721,0.0,0.0,0.0
2022-12-12 12:30:00-05:00,264.0299987792969,264.6449890136719,263.5199890136719,263.7099914550781,104912,0.0,0.0,0.0
2022-12-12 13:30:00-05:00,263.8599853515625,264.1400146484375,263.42999267578125,263.8299865722656,54530,0.0,0.0,0.0
2022-12-12 14:30:00-05:00,263.6300048828125,265.2300109863281,263.45001220703125,265.1300048828125,146748,0.0,0.0,0.0
2022-12-12 15:30:00-05:00,265.1400146484375,265.6099853515625,264.4100036621094,265.6099853515625,237180,0.0,0.0,0.0
2022-12-13 09:30:00-05:00,277.9599914550781,279.1099853515625,273.3999938964844,273.8550109863281,481942,0.0,0.0,0.0
2022-12-13 10:30:00-05:00,273.5799865722656,274.5274963378906,272.30999755859375,273.1199951171875,394197,0.0,0.0,0.0
2022-12-13 11:30:00-05:00,273.17999267578125,274.1300048828125,267.7200012207031,268.20001220703125,906244,0.0,0.0,0.0
2022-12-13 12:30:00-05:00,268.1600036621094,270.07000732421875,267.2099914550781,269.94000244140625,371127,0.0,0.0,0.0
2022-12-13 13:30:00-05:00,269.94000244140625,270.44000244140625,268.7200012207031,269.8699951171875,240528,0.0,0.0,0.0
2022-12-13 14:30:00-05:00,269.8699951171875,270.9200134277344,268.0400085449219,269.3699951171875,143301,0.0,0.0,0.0
2022-12-13 15:30:00-05:00,269.3500061035156,270.7200012207031,269.29998779296875,269.9700012207031,238629,0.0,0.0,0.0
2022-12-14 09:30:00-05:00,269.4200134277344,273.49591064453125,269.4200134277344,273.364990234375,142653,0.0,0.0,0.0
2022-12-14 10:30:00-05:00,273.17999267578125,273.75,272.6199951171875,273.57000732421875,114554,0.0,0.0,0.0
2022-12-14 11:30:00-05:00,273.4800109863281,273.5,271.989990234375,272.21990966796875,64381,0.0,0.0,0.0
2022-12-14 12:30:00-05:00,272.114990234375,272.3999938964844,271.45001220703125,272.0,65168,0.0,0.0,0.0
2022-12-14 13:30:00-05:00,272.0299987792969,273.1600036621094,267.82501220703125,269.42999267578125,326579,0.0,0.0,0.0
2022-12-14 14:30:00-05:00,268.92999267578125,272.489990234375,266.47808837890625,268.8500061035156,459553,0.0,0.0,0.0
2022-12-14 15:30:00-05:00,268.7099914550781,270.44000244140625,267.9700012207031,269.2449951171875,229079,0.0,0.0,0.0
2022-12-15 09:30:00-05:00,263.94000244140625,265.7200012207031,262.1400146484375,262.79998779296875,299837,0.0,0.0,0.0
2022-12-15 10:30:00-05:00,262.7099914550781,263.1600036621094,259.7900085449219,260.9800109863281,309316,0.0,0.0,0.0
2022-12-15 11:30:00-05:00,261.1300048828125,261.4700012207031,260.4599914550781,260.8399963378906,340784,0.0,0.0,0.0
2022-12-15 12:30:00-05:00,260.94000244140625,261.0899963378906,258.75,259.2699890136719,219093,0.0,0.0,0.0
2022-12-15 13:30:00-05:00,259.1400146484375,259.6400146484375,258.8299865722656,259.5,159222,0.0,0.0,0.0
2022-12-15 14:30:00-05:00,259.4599914550781,260.82000732421875,259.4599914550781,260.82000732421875,201745,0.0,0.0,0.0
2022-12-15 15:30:00-05:00,260.8299865722656,260.8299865722656,259.1600036621094,260.0299987792969,290223,0.0,0.0,0.0
2022-12-16 09:30:00-05:00,260.1199951171875,261.92999267578125,258.510009765625,258.510009765625,165554,0.0,0.0,0.0
2022-12-16 10:30:00-05:00,258.489990234375,258.6099853515625,256.44000244140625,256.7300109863281,125797,0.0,0.0,0.0
2022-12-16 11:30:00-05:00,256.82000732421875,257.4100036621094,256.5299987792969,257.29998779296875,91445,0.0,0.0,0.0
2022-12-16 12:30:00-05:00,257.30999755859375,257.9599914550781,256.8500061035156,257.25,63270,0.0,0.0,0.0
2022-12-16 13:30:00-05:00,257.2200012207031,257.80999755859375,256.94000244140625,257.010009765625,69636,0.0,0.0,0.0
2022-12-16 14:30:00-05:00,256.9800109863281,258.94000244140625,256.6199951171875,258.8500061035156,122715,0.0,0.0,0.0
2022-12-16 15:30:00-05:00,259.2900085449219,259.3800048828125,257.42999267578125,257.9100036621094,284675,0.0,0.0,0.0
2022-12-19 09:30:00-05:00,257.864990234375,258.0299987792969,254.86000061035156,257.05999755859375,95880,0.0,0.0,0.0
2022-12-19 10:30:00-05:00,257.05999755859375,257.1600036621094,254.14999389648438,254.8300018310547,78012,0.0,0.0,0.0
2022-12-19 11:30:00-05:00,254.77000427246094,255.14999389648438,253.7899932861328,254.42999267578125,69333,0.0,0.0,0.0
2022-12-19 12:30:00-05:00,254.39999389648438,255.27999877929688,254.27999877929688,254.77000427246094,77809,0.0,0.0,0.0
2022-12-19 13:30:00-05:00,254.75,254.8000030517578,253.39999389648438,253.4199981689453,105397,0.0,0.0,0.0
2022-12-19 14:30:00-05:00,253.47000122070312,254.25,253.1199951171875,253.25999450683594,202798,0.0,0.0,0.0
2022-12-19 15:30:00-05:00,253.39999389648438,254.39999389648438,252.6999969482422,254.0500030517578,308761,0.0,0.0,0.0
2022-12-20 09:30:00-05:00,251.9499969482422,255.91000366210938,251.8699951171875,255.8300018310547,65044,0.0,0.0,0.0
2022-12-20 10:30:00-05:00,256.0199890136719,257.2200012207031,254.17999267578125,254.25,90019,0.0,0.0,0.0
2022-12-20 11:30:00-05:00,254.33999633789062,256.6000061035156,254.33999633789062,256.0,40746,0.0,0.0,0.0
2022-12-20 12:30:00-05:00,255.97999572753906,256.1600036621094,255.17999267578125,255.97000122070312,32258,0.0,0.0,0.0
2022-12-20 13:30:00-05:00,256.0,256.54998779296875,255.69000244140625,255.72999572753906,48580,0.0,0.0,0.0
2022-12-20 14:30:00-05:00,255.88999938964844,256.0299987792969,255.1199951171875,255.8300018310547,45618,0.0,0.0,0.0
2022-12-20 15:30:00-05:00,255.72500610351562,256.010009765625,255.44000244140625,255.5,126696,0.0,0.0,0.0
2022-12-21 09:30:00-05:00,256.1199951171875,257.55999755859375,253.0800018310547,257.04998779296875,128088,0.0,0.0,0.0
2022-12-21 10:30:00-05:00,257.2900085449219,259.3800048828125,257.20001220703125,259.2799987792969,54712,0.0,0.0,0.0
2022-12-21 11:30:00-05:00,259.2799987792969,259.69000244140625,257.92999267578125,258.5400085449219,40238,0.0,0.0,0.0
2022-12-21 12:30:00-05:00,258.5932922363281,259.2300109863281,258.3299865722656,258.510009765625,45571,0.0,0.0,0.0
2022-12-21 13:30:00-05:00,258.4599914550781,259.7699890136719,258.3599853515625,259.2900085449219,58706,0.0,0.0,0.0
2022-12-21 14:30:00-05:00,259.2900085449219,259.5450134277344,257.7799987792969,257.9849853515625,75409,0.0,0.0,0.0
2022-12-21 15:30:00-05:00,257.9700012207031,258.5,257.7300109863281,258.3699951171875,155392,0.0,0.0,0.0
2022-12-22 09:30:00-05:00,254.77000427246094,255.14999389648438,251.74000549316406,252.2100067138672,78678,0.0,0.0,0.0
2022-12-22 10:30:00-05:00,251.69000244140625,252.22999572753906,251.39999389648438,251.77999877929688,87779,0.0,0.0,0.0
2022-12-22 11:30:00-05:00,251.82000732421875,251.85000610351562,250.61000061035156,250.64999389648438,248117,0.0,0.0,0.0
2022-12-22 12:30:00-05:00,250.77499389648438,250.77499389648438,249.52000427246094,249.8800048828125,67217,0.0,0.0,0.0
2022-12-22 13:30:00-05:00,249.7899932861328,251.07000732421875,249.39999389648438,251.07000732421875,38335,0.0,0.0,0.0
2022-12-22 14:30:00-05:00,250.94000244140625,253.2100067138672,250.49000549316406,253.10000610351562,108524,0.0,0.0,0.0
2022-12-22 15:30:00-05:00,253.1300048828125,253.7949981689453,252.19000244140625,253.52999877929688,257427,0.0,0.0,0.0
2022-12-23 09:30:00-05:00,252.24000549316406,252.66000366210938,249.8800048828125,252.2050018310547,104142,0.0,0.0,0.0
2022-12-23 10:30:00-05:00,252.2899932861328,253.4600067138672,251.1199951171875,251.7899932861328,75730,0.0,0.0,0.0
2022-12-23 11:30:00-05:00,251.9499969482422,252.75,251.75999450683594,252.60000610351562,38091,0.0,0.0,0.0
2022-12-23 12:30:00-05:00,252.55999755859375,252.74000549316406,251.75,252.0500030517578,20418,0.0,0.0,0.0
2022-12-23 13:30:00-05:00,252.17999267578125,252.6999969482422,251.66000366210938,252.61000061035156,35518,0.0,0.0,0.0
2022-12-23 14:30:00-05:00,252.69000244140625,253.3699951171875,252.57000732421875,252.63999938964844,34871,0.0,0.0,0.0
2022-12-23 15:30:00-05:00,252.75,253.35000610351562,252.47999572753906,253.22999572753906,71549,0.0,0.0,0.0
2022-12-27 09:30:00-05:00,251.94000244140625,252.32000732421875,249.29190063476562,251.86000061035156,101018,0.0,0.0,0.0
2022-12-27 10:30:00-05:00,252.02000427246094,252.99000549316406,251.49000549316406,252.82000732421875,91397,0.0,0.0,0.0
2022-12-27 11:30:00-05:00,252.88999938964844,253.1199951171875,252.07000732421875,252.08999633789062,299440,0.0,0.0,0.0
2022-12-27 12:30:00-05:00,252.05999755859375,252.47999572753906,251.4199981689453,251.63499450683594,212699,0.0,0.0,0.0
2022-12-27 13:30:00-05:00,251.60000610351562,251.9600067138672,251.1699981689453,251.38999938964844,199511,0.0,0.0,0.0
2022-12-27 14:30:00-05:00,251.41000366210938,252.1999969482422,251.0800018310547,252.0399932861328,163161,0.0,0.0,0.0
2022-12-27 15:30:00-05:00,252.02999877929688,252.33999633789062,251.52000427246094,251.6699981689453,254193,0.0,0.0,0.0
2022-12-28 09:30:00-05:00,251.8800048828125,253.6300048828125,250.61000061035156,251.9600067138672,125766,0.0,0.0,0.0
2022-12-28 10:30:00-05:00,251.97000122070312,252.39999389648438,250.00999450683594,250.5500030517578,112602,0.0,0.0,0.0
2022-12-28 11:30:00-05:00,250.5709991455078,250.6999969482422,249.0500030517578,249.61000061035156,105328,0.0,0.0,0.0
2022-12-28 12:30:00-05:00,249.69000244140625,251.49000549316406,249.66000366210938,250.7100067138672,81167,0.0,0.0,0.0
2022-12-28 13:30:00-05:00,250.66000366210938,250.66000366210938,249.38999938964844,249.41000366210938,101300,0.0,0.0,0.0
2022-12-28 14:30:00-05:00,249.41000366210938,249.8000030517578,248.58999633789062,249.02000427246094,83329,0.0,0.0,0.0
2022-12-28 15:30:00-05:00,249.0,249.3800048828125,248.77000427246094,249.0,151275,0.0,0.0,0.0
2022-12-29 09:30:00-05:00,250.64999389648438,254.8699951171875,250.4499969482422,254.4499969482422,113226,0.0,0.0,0.0
2022-12-29 10:30:00-05:00,254.5500030517578,256.0199890136719,254.5500030517578,255.89999389648438,76877,0.0,0.0,0.0
2022-12-29 11:30:00-05:00,256.0899963378906,257.1499938964844,256.010009765625,256.57000732421875,161988,0.0,0.0,0.0
2022-12-29 12:30:00-05:00,256.55999755859375,256.5899963378906,255.72000122070312,256.2300109863281,65500,0.0,0.0,0.0
2022-12-29 13:30:00-05:00,256.20001220703125,256.8299865722656,256.0299987792969,256.3299865722656,160750,0.0,0.0,0.0
2022-12-29 14:30:00-05:00,256.3299865722656,256.739990234375,256.0198974609375,256.55999755859375,98817,0.0,0.0,0.0
2022-12-29 15:30:00-05:00,256.6099853515625,257.0299987792969,256.3500061035156,256.45001220703125,183717,0.0,0.0,0.0
2022-12-30 09:30:00-05:00,253.0500030517578,254.8300018310547,252.38999938964844,253.96499633789062,131023,0.0,0.0,0.0
2022-12-30 10:30:00-05:00,253.97999572753906,255.0399932861328,253.50999450683594,253.85000610351562,96740,0.0,0.0,0.0
2022-12-30 11:30:00-05:00,253.77000427246094,254.80999755859375,253.63999938964844,254.33999633789062,87316,0.0,0.0,0.0
2022-12-30 12:30:00-05:00,254.39999389648438,254.69000244140625,252.77999877929688,253.16000366210938,93942,0.0,0.0,0.0
2022-12-30 13:30:00-05:00,253.1199951171875,253.66000366210938,252.67999267578125,253.1699981689453,113953,0.0,0.0,0.0
2022-12-30 14:30:00-05:00,253.2100067138672,254.92999267578125,253.14999389648438,254.47999572753906,125763,0.0,0.0,0.0
2022-12-30 15:30:00-05:00,254.48500061035156,255.97999572753906,254.3800048828125,255.94000244140625,194693,0.0,0.0,0.0
2023-01-03 09:30:00-05:00,258.2799987792969,262.5299987792969,256.4100036621094,256.7900085449219,141238,0.0,0.0,0.0
2023-01-03 10:30:00-05:00,256.6499938964844,257.20001220703125,254.9199981689453,255.3699951171875,113864,0.0,0.0,0.0
2023-01-03 11:30:00-05:00,255.25999450683594,255.25999450683594,253.8800048828125,254.36000061035156,125067,0.0,0.0,0.0
2023-01-03 12:30:00-05:00,254.39999389648438,255.22999572753906,253.64999389648438,255.2100067138672,82316,0.0,0.0,0.0
2023-01-03 13:30:00-05:00,255.1999969482422,255.64999389648438,254.8699951171875,255.32000732421875,111979,0.0,0.0,0.0
2023-01-03 14:30:00-05:00,255.3699951171875,257.17999267578125,254.7899932861328,256.489990234375,257732,0.0,0.0,0.0
2023-01-03 15:30:00-05:00,256.5199890136719,256.79998779296875,255.9199981689453,256.30999755859375,248692,0.0,0.0,0.0
2023-01-04 09:30:00-05:00,259.3900146484375,259.8299865722656,255.97000122070312,255.97000122070312,213141,0.0,0.0,0.0
2023-01-04 10:30:00-05:00,256.239990234375,258.1400146484375,255.02000427246094,257.79998779296875,175777,0.0,0.0,0.0
2023-01-04 11:30:00-05:00,257.8399963378906,259.989990234375,257.8399963378906,259.1600036621094,76057,0.0,0.0,0.0
2023-01-04 12:30:00-05:00,259.1499938964844,259.92999267578125,258.19000244140625,259.2200012207031,91213,0.0,0.0,0.0
2023-01-04 13:30:00-05:00,259.32000732421875,259.8399963378906,256.3900146484375,256.45001220703125,195029,0.0,0.0,0.0
2023-01-04 14:30:00-05:00,256.1499938964844,258.79998779296875,256.1050109863281,257.7200012207031,102176,0.0,0.0,0.0
2023-01-04 15:30:00-05:00,257.67999267578125,258.3299865722656,256.29998779296875,258.2900085449219,154398,0.0,0.0,0.0
2023-01-05 09:30:00-05:00,255.0500030517578,255.3000030517578,250.8000030517578,252.22999572753906,216359,0.0,0.0,0.0
2023-01-05 10:30:00-05:00,252.0800018310547,252.36000061035156,250.88999938964844,251.1699981689453,209788,0.0,0.0,0.0
2023-01-05 11:30:00-05:00,251.13999938964844,251.52000427246094,249.7100067138672,250.1999969482422,175012,0.0,0.0,0.0
2023-01-05 12:30:00-05:00,250.16000366210938,251.30999755859375,248.98500061035156,250.83999633789062,173446,0.0,0.0,0.0
2023-01-05 13:30:00-05:00,250.89999389648438,251.4499969482422,250.63999938964844,251.1125030517578,92697,0.0,0.0,0.0
2023-01-05 14:30:00-05:00,251.10499572753906,252.44000244140625,249.9010009765625,250.17999267578125,181305,0.0,0.0,0.0
2023-01-05 15:30:00-05:00,250.17999267578125,250.2899932861328,249.58999633789062,249.88999938964844,282639,0.0,0.0,0.0
2023-01-06 09:30:00-05:00,251.75,252.5229949951172,246.8800048828125,249.75999450683594,288345,0.0,0.0,0.0
2023-01-06 10:30:00-05:00,250.21499633789062,252.8699951171875,249.68499755859375,251.9600067138672,238271,0.0,0.0,0.0
2023-01-06 11:30:00-05:00,251.94000244140625,252.88999938964844,251.66000366210938,252.08999633789062,82043,0.0,0.0,0.0
2023-01-06 12:30:00-05:00,252.0399932861328,252.77000427246094,251.35000610351562,252.7100067138672,67292,0.0,0.0,0.0
2023-01-06 13:30:00-05:00,252.75,254.49000549316406,252.74000549316406,254.0399932861328,117628,0.0,0.0,0.0
2023-01-06 14:30:00-05:00,254.00999450683594,254.75999450683594,253.6199951171875,254.05999755859375,203110,0.0,0.0,0.0
2023-01-06 15:30:00-05:00,254.07000732421875,254.5,253.25,253.5500030517578,316911,0.0,0.0,0.0
2023-01-09 09:30:00-05:00,256.1600036621094,261.9200134277344,256.1600036621094,261.03009033203125,290098,0.0,0.0,0.0
2023-01-09 10:30:00-05:00,261.2200012207031,262.70001220703125,261.04998779296875,262.42999267578125,116781,0.0,0.0,0.0
2023-01-09 11:30:00-05:00,262.5,263.30999755859375,261.9599914550781,263.2200012207031,124434,0.0,0.0,0.0
2023-01-09 12:30:00-05:00,263.2699890136719,263.3699951171875,262.30999755859375,262.7300109863281,66782,0.0,0.0,0.0
2023-01-09 13:30:00-05:00,262.70001220703125,262.70001220703125,260.510009765625,261.6400146484375,178902,0.0,0.0,0.0
2023-01-09 14:30:00-05:00,261.6099853515625,261.6600036621094,259.3599853515625,259.8299865722656,129182,0.0,0.0,0.0
2023-01-09 15:30:00-05:00,259.79998779296875,259.8699951171875,258.489990234375,258.7699890136719,243708,0.0,0.0,0.0
2023-01-10 09:30:00-05:00,258.0,259.8900146484375,256.4971923828125,257.9700012207031,96301,0.0,0.0,0.0
2023-01-10 10:30:00-05:00,257.7200012207031,258.2099914550781,256.0899963378906,257.6400146484375,80670,0.0,0.0,0.0
2023-01-10 11:30:00-05:00,257.79998779296875,257.8599853515625,256.8500061035156,257.25,52228,0.0,0.0,0.0
2023-01-10 12:30:00-05:00,257.2699890136719,258.57000732421875,257.2699890136719,258.1700134277344,55274,0.0,0.0,0.0
2023-01-10 13:30:00-05:00,258.07000732421875,259.2099914550781,257.92999267578125,259.2099914550781,41745,0.0,0.0,0.0
2023-01-10 14:30:00-05:00,259.260009765625,259.4599914550781,257.92999267578125,258.3399963378906,91132,0.0,0.0,0.0
2023-01-10 15:30:00-05:00,258.3699951171875,259.0299987792969,258.1400146484375,259.0299987792969,215793,0.0,0.0,0.0
2023-01-11 09:30:00-05:00,259.5299987792969,261.739990234375,258.5,261.739990234375,160569,0.0,0.0,0.0
2023-01-11 10:30:00-05:00,261.6600036621094,261.75,259.7200012207031,261.42999267578125,82238,0.0,0.0,0.0
2023-01-11 11:30:00-05:00,261.5,262.4200134277344,261.45001220703125,261.9849853515625,45662,0.0,0.0,0.0
2023-01-11 12:30:00-05:00,262.04998779296875,262.3900146484375,261.1400146484375,262.0799865722656,71807,0.0,0.0,0.0
2023-01-11 13:30:00-05:00,262.0799865722656,262.44000244140625,261.25,261.3500061035156,86039,0.0,0.0,0.0
2023-01-11 14:30:00-05:00,261.31500244140625,262.3999938964844,261.2799987792969,261.94000244140625,103997,0.0,0.0,0.0
2023-01-11 15:30:00-05:00,261.94000244140625,263.239990234375,261.69500732421875,263.20001220703125,277770,0.0,0.0,0.0
2023-01-12 09:30:00-05:00,264.54998779296875,265.17999267578125,258.92999267578125,262.8599853515625,536660,0.0,0.0,0.0
2023-01-12 10:30:00-05:00,262.7699890136719,263.6499938964844,261.17999267578125,262.260009765625,145232,0.0,0.0,0.0
2023-01-12 11:30:00-05:00,262.260009765625,264.70001220703125,261.6499938964844,264.6099853515625,111142,0.0,0.0,0.0
2023-01-12 12:30:00-05:00,264.5799865722656,265.0199890136719,263.0,263.32000732421875,110296,0.0,0.0,0.0
2023-01-12 13:30:00-05:00,263.239013671875,265.44000244140625,262.6400146484375,264.82000732421875,128407,0.0,0.0,0.0
2023-01-12 14:30:00-05:00,264.7900085449219,265.42999267578125,263.9100036621094,264.635009765625,98832,0.0,0.0,0.0
2023-01-12 15:30:00-05:00,264.6199951171875,265.375,264.17999267578125,265.19000244140625,140446,0.0,0.0,0.0
2023-01-13 09:30:00-05:00,262.1000061035156,264.6000061035156,261.3599853515625,264.57501220703125,252662,0.0,0.0,0.0
2023-01-13 10:30:00-05:00,264.5824890136719,264.7799987792969,263.05999755859375,263.8500061035156,72564,0.0,0.0,0.0
2023-01-13 11:30:00-05:00,263.8900146484375,263.95001220703125,262.2099914550781,263.8299865722656,74658,0.0,0.0,0.0
2023-01-13 12:30:00-05:00,263.69000244140625,264.29998779296875,263.5400085449219,264.29998779296875,49603,0.0,0.0,0.0
2023-01-13 13:30:00-05:00,264.3599853515625,265.5199890136719,264.30999755859375,265.3599853515625,57163,0.0,0.0,0.0
2023-01-13 14:30:00-05:00,265.3699951171875,266.05999755859375,265.19000244140625,266.05999755859375,104623,0.0,0.0,0.0
2023-01-13 15:30:00-05:00,266.0899963378906,266.3699951171875,265.7699890136719,266.0299987792969,191683,0.0,0.0,0.0
2023-01-17 09:30:00-05:00,266.1400146484375,267.739990234375,263.3599853515625,267.6199951171875,425569,0.0,0.0,0.0
2023-01-17 10:30:00-05:00,267.6300048828125,267.6700134277344,265.0,266.0,181978,0.0,0.0,0.0
2023-01-17 11:30:00-05:00,265.9599914550781,266.7799987792969,265.80999755859375,266.2049865722656,60464,0.0,0.0,0.0
2023-01-17 12:30:00-05:00,266.0299987792969,267.260009765625,266.0299987792969,266.8949890136719,82890,0.0,0.0,0.0
2023-01-17 13:30:00-05:00,266.8599853515625,267.79998779296875,266.8399963378906,267.3299865722656,170997,0.0,0.0,0.0
2023-01-17 14:30:00-05:00,267.3399963378906,267.8900146484375,266.9100036621094,267.19000244140625,102976,0.0,0.0,0.0
2023-01-17 15:30:00-05:00,267.20001220703125,267.5,266.3599853515625,266.9200134277344,182814,0.0,0.0,0.0
2023-01-18 09:30:00-05:00,269.30499267578125,271.1300048828125,267.8399963378906,269.55999755859375,462474,0.0,0.0,0.0
2023-01-18 10:30:00-05:00,269.67999267578125,269.69000244140625,265.3800048828125,265.8299865722656,170210,0.0,0.0,0.0
2023-01-18 11:30:00-05:00,265.67999267578125,265.7099914550781,264.239990234375,264.37908935546875,140038,0.0,0.0,0.0
2023-01-18 12:30:00-05:00,264.3500061035156,265.1499938964844,263.739990234375,264.3999938964844,87817,0.0,0.0,0.0
2023-01-18 13:30:00-05:00,264.3599853515625,265.17999267578125,264.0899963378906,265.1700134277344,59377,0.0,0.0,0.0
2023-01-18 14:30:00-05:00,265.20001220703125,265.20001220703125,264.0,264.0299987792969,63207,0.0,0.0,0.0
2023-01-18 15:30:00-05:00,264.04998779296875,264.04998779296875,263.1400146484375,263.2300109863281,153575,0.0,0.0,0.0
2023-01-19 09:30:00-05:00,260.8599853515625,263.94000244140625,260.8599853515625,263.2699890136719,116910,0.0,0.0,0.0
2023-01-19 10:30:00-05:00,263.1300048828125,263.260009765625,261.0799865722656,261.2200012207031,87382,0.0,0.0,0.0
2023-01-19 11:30:00-05:00,261.19000244140625,261.67999267578125,260.29998779296875,261.20001220703125,64992,0.0,0.0,0.0
2023-01-19 12:30:00-05:00,261.2650146484375,262.17999267578125,260.7699890136719,261.5899963378906,74930,0.0,0.0,0.0
2023-01-19 13:30:00-05:00,261.5600891113281,263.44000244140625,261.5600891113281,263.239990234375,229766,0.0,0.0,0.0
2023-01-19 14:30:00-05:00,263.239990234375,263.6700134277344,262.42999267578125,262.9849853515625,148643,0.0,0.0,0.0
2023-01-19 15:30:00-05:00,262.9200134277344,262.9200134277344,261.42999267578125,261.4700012207031,199805,0.0,0.0,0.0
2023-01-20 09:30:00-05:00,263.17999267578125,265.05999755859375,261.9700012207031,264.989990234375,259317,0.0,0.0,0.0
2023-01-20 10:30:00-05:00,265.04998779296875,267.1300048828125,264.2900085449219,267.05999755859375,87065,0.0,0.0,0.0
2023-01-20 11:30:00-05:00,267.1600036621094,267.54998779296875,266.5799865722656,267.3699951171875,87854,0.0,0.0,0.0
2023-01-20 12:30:00-05:00,267.3900146484375,267.6000061035156,266.239990234375,266.8128967285156,100753,0.0,0.0,0.0
2023-01-20 13:30:00-05:00,266.9800109863281,269.17999267578125,266.9800109863281,268.8800048828125,119767,0.0,0.0,0.0
2023-01-20 14:30:00-05:00,268.9100036621094,270.3599853515625,268.8999938964844,269.3999938964844,169667,0.0,0.0,0.0
2023-01-20 15:30:00-05:00,269.4100036621094,270.2200012207031,269.3900146484375,269.9200134277344,361842,0.0,0.0,0.0
2023-01-23 09:30:00-05:00,272.05999755859375,274.0199890136719,270.0,273.6099853515625,325473,0.0,0.0,0.0
2023-01-23 10:30:00-05:00,273.70001220703125,276.260009765625,273.70001220703125,275.1400146484375,269719,0.0,0.0,0.0
2023-01-23 11:30:00-05:00,275.2300109863281,276.33929443359375,275.1099853515625,275.5199890136719,118270,0.0,0.0,0.0
2023-01-23 12:30:00-05:00,275.5400085449219,276.1300048828125,275.17999267578125,275.8500061035156,123616,0.0,0.0,0.0
2023-01-23 13:30:00-05:00,275.8599853515625,276.32000732421875,275.20001220703125,275.7300109863281,254448,0.0,0.0,0.0
2023-01-23 14:30:00-05:00,275.760009765625,275.989990234375,274.4100036621094,275.5199890136719,211615,0.0,0.0,0.0
2023-01-23 15:30:00-05:00,275.6400146484375,276.57000732421875,275.3900146484375,276.2900085449219,352679,0.0,0.0,0.0
2023-01-24 09:30:00-05:00,275.44000244140625,276.9200134277344,273.44000244140625,275.3299865722656,140099,0.0,0.0,0.0
2023-01-24 10:30:00-05:00,275.3800048828125,275.9200134277344,274.25,275.8599853515625,124886,0.0,0.0,0.0
2023-01-24 11:30:00-05:00,275.8699951171875,275.8699951171875,274.3999938964844,275.239990234375,29209,0.0,0.0,0.0
2023-01-24 12:30:00-05:00,275.1099853515625,275.5400085449219,274.3699951171875,275.489990234375,36173,0.0,0.0,0.0
2023-01-24 13:30:00-05:00,275.3500061035156,275.8299865722656,274.6600036621094,275.1300048828125,56831,0.0,0.0,0.0
2023-01-24 14:30:00-05:00,275.1400146484375,275.3599853515625,274.4200134277344,274.7099914550781,85497,0.0,0.0,0.0
2023-01-24 15:30:00-05:00,274.75,274.760009765625,273.4100036621094,274.6199951171875,218038,0.0,0.0,0.0
2023-01-25 09:30:00-05:00,269.0,269.760009765625,265.3800048828125,266.8900146484375,529004,0.0,0.0,0.0
2023-01-25 10:30:00-05:00,266.989990234375,269.8299865722656,266.3500061035156,269.2449951171875,251065,0.0,0.0,0.0
2023-01-25 11:30:00-05:00,269.2499084472656,270.8999938964844,269.2499084472656,269.94000244140625,143190,0.0,0.0,0.0
2023-01-25 12:30:00-05:00,269.8999938964844,272.5,269.7909851074219,272.44000244140625,116472,0.0,0.0,0.0
2023-01-25 13:30:00-05:00,272.4800109863281,274.2099914550781,272.0799865722656,273.67999267578125,205304,0.0,0.0,0.0
2023-01-25 14:30:00-05:00,273.67999267578125,274.82000732421875,272.94000244140625,274.0,294012,0.0,0.0,0.0
2023-01-25 15:30:00-05:00,274.010009765625,274.17999267578125,273.32501220703125,273.8999938964844,221235,0.0,0.0,0.0
2023-01-26 09:30:00-05:00,278.5400085449219,280.1300048828125,277.2099914550781,279.4100036621094,366061,0.0,0.0,0.0
2023-01-26 10:30:00-05:00,279.45001220703125,279.45001220703125,275.29998779296875,276.1300048828125,173815,0.0,0.0,0.0
2023-01-26 11:30:00-05:00,276.0199890136719,277.8699951171875,275.8999938964844,277.54998779296875,73218,0.0,0.0,0.0
2023-01-26 12:30:00-05:00,277.6199951171875,277.94000244140625,276.5899963378906,277.44000244140625,120616,0.0,0.0,0.0
2023-01-26 13:30:00-05:00,277.5799865722656,278.9150085449219,277.5199890136719,278.7300109863281,279542,0.0,0.0,0.0
2023-01-26 14:30:00-05:00,278.75,280.12799072265625,278.510009765625,279.989990234375,236408,0.0,0.0,0.0
2023-01-26 15:30:00-05:00,279.9849853515625,280.9620056152344,279.7799987792969,280.9620056152344,345848,0.0,0.0,0.0
2023-01-27 09:30:00-05:00,279.6199951171875,282.510009765625,278.82000732421875,281.30999755859375,284027,0.0,0.0,0.0
2023-01-27 10:30:00-05:00,281.2950134277344,281.6400146484375,279.4599914550781,280.92498779296875,120269,0.0,0.0,0.0
2023-01-27 11:30:00-05:00,280.9700012207031,282.2099914550781,280.760009765625,281.9549865722656,95924,0.0,0.0,0.0
2023-01-27 12:30:00-05:00,281.79998779296875,282.79998779296875,281.7900085449219,282.7699890136719,77102,0.0,0.0,0.0
2023-01-27 13:30:00-05:00,282.8299865722656,283.5,282.7900085449219,283.20001220703125,115633,0.0,0.0,0.0
2023-01-27 14:30:00-05:00,283.1700134277344,284.1499938964844,283.1600036621094,284.0,217417,0.0,0.0,0.0
2023-01-27 15:30:00-05:00,283.9700012207031,284.17999267578125,282.19000244140625,282.3500061035156,229456,0.0,0.0,0.0
2023-01-30 09:30:00-05:00,278.94000244140625,280.4100036621094,277.8599853515625,278.4049987792969,299383,0.0,0.0,0.0
2023-01-30 10:30:00-05:00,278.45001220703125,279.1449890136719,276.69000244140625,279.1300048828125,151261,0.0,0.0,0.0
2023-01-30 11:30:00-05:00,279.2699890136719,279.489990234375,277.760009765625,279.18499755859375,117283,0.0,0.0,0.0
2023-01-30 12:30:00-05:00,279.05999755859375,279.4599914550781,277.8900146484375,278.8500061035156,96955,0.0,0.0,0.0
2023-01-30 13:30:00-05:00,278.8450012207031,278.8450012207031,277.8500061035156,278.1499938964844,97264,0.0,0.0,0.0
2023-01-30 14:30:00-05:00,278.1300048828125,278.5799865722656,277.0400085449219,277.3900146484375,197329,0.0,0.0,0.0
2023-01-30 15:30:00-05:00,277.3900146484375,278.17999267578125,277.1000061035156,277.2799987792969,275380,0.0,0.0,0.0
2023-01-31 09:30:00-05:00,278.17999267578125,279.9234924316406,277.57000732421875,279.2200012207031,127959,0.0,0.0,0.0
2023-01-31 10:30:00-05:00,279.4200134277344,280.3800048828125,278.95001220703125,280.05499267578125,124594,0.0,0.0,0.0
2023-01-31 11:30:00-05:00,279.989990234375,280.5899963378906,279.6300048828125,280.260009765625,47017,0.0,0.0,0.0
2023-01-31 12:30:00-05:00,280.17999267578125,280.6300048828125,279.5799865722656,279.8599853515625,36128,0.0,0.0,0.0
2023-01-31 13:30:00-05:00,279.94000244140625,280.8389892578125,279.5799865722656,280.7900085449219,101779,0.0,0.0,0.0
2023-01-31 14:30:00-05:00,280.8299865722656,281.2699890136719,280.0,280.1600036621094,132162,0.0,0.0,0.0
2023-01-31 15:30:00-05:00,280.2099914550781,282.29998779296875,280.2099914550781,282.2900085449219,217935,0.0,0.0,0.0
2023-02-01 09:30:00-05:00,282.3800048828125,282.5400085449219,280.4100036621094,281.8399963378906,450515,0.0,0.0,0.0
2023-02-01 10:30:00-05:00,281.95001220703125,282.0400085449219,280.07000732421875,281.3999938964844,126654,0.0,0.0,0.0
2023-02-01 11:30:00-05:00,281.4200134277344,281.8599853515625,281.07000732421875,281.5400085449219,47127,0.0,0.0,0.0
2023-02-01 12:30:00-05:00,281.5331115722656,282.25,281.1700134277344,282.25,44343,0.0,0.0,0.0
2023-02-01 13:30:00-05:00,282.3299865722656,284.2799987792969,280.95001220703125,283.44000244140625,192519,0.0,0.0,0.0
2023-02-01 14:30:00-05:00,283.5400085449219,290.6400146484375,281.510009765625,289.8800048828125,1329870,0.0,0.0,0.0
2023-02-01 15:30:00-05:00,289.8900146484375,291.6600036621094,289.3299865722656,289.8599853515625,455925,0.0,0.0,0.0
2023-02-02 09:30:00-05:00,295.42999267578125,297.9599914550781,294.3301086425781,295.95001220703125,567180,0.0,0.0,0.0
2023-02-02 10:30:00-05:00,296.010009765625,298.29998779296875,295.9700012207031,297.8599853515625,292990,0.0,0.0,0.0
2023-02-02 11:30:00-05:00,297.8699951171875,298.510009765625,296.8900146484375,298.0400085449219,218297,0.0,0.0,0.0
2023-02-02 12:30:00-05:00,298.05999755859375,298.9100036621094,297.6499938964844,298.6700134277344,218976,0.0,0.0,0.0
2023-02-02 13:30:00-05:00,298.70001220703125,300.1099853515625,297.1199951171875,297.1499938964844,606076,0.0,0.0,0.0
2023-02-02 14:30:00-05:00,297.19000244140625,297.32000732421875,294.95001220703125,296.1600036621094,328059,0.0,0.0,0.0
2023-02-02 15:30:00-05:00,296.1700134277344,297.44000244140625,295.34478759765625,297.3299865722656,318168,0.0,0.0,0.0
2023-02-03 09:30:00-05:00,290.1099853515625,293.7699890136719,289.4649963378906,292.8800048828125,639960,0.0,0.0,0.0
2023-02-03 10:30:00-05:00,292.95001220703125,294.2799987792969,292.4800109863281,293.6000061035156,139620,0.0,0.0,0.0
2023-02-03 11:30:00-05:00,293.6099853515625,294.239990234375,291.9700012207031,293.57000732421875,122710,0.0,0.0,0.0
2023-02-03 12:30:00-05:00,293.3800048828125,293.67999267578125,289.9599914550781,290.1400146484375,129717,0.0,0.0,0.0
2023-02-03 13:30:00-05:00,290.0799865722656,290.1700134277344,288.4200134277344,289.1199951171875,233971,0.0,0.0,0.0
2023-02-03 14:30:00-05:00,289.0799865722656,289.7099914550781,287.80999755859375,289.0299987792969,245162,0.0,0.0,0.0
2023-02-03 15:30:00-05:00,289.17999267578125,289.3500061035156,288.30999755859375,288.8800048828125,340693,0.0,0.0,0.0
2023-02-06 09:30:00-05:00,285.17999267578125,287.7300109863281,284.18499755859375,285.1499938964844,338250,0.0,0.0,0.0
2023-02-06 10:30:00-05:00,284.9599914550781,287.6300048828125,284.6199951171875,287.3299865722656,121357,0.0,0.0,0.0
2023-02-06 11:30:00-05:00,287.489990234375,287.69000244140625,285.6300048828125,285.8800048828125,114776,0.0,0.0,0.0
2023-02-06 12:30:00-05:00,286.0,286.44000244140625,285.04998779296875,285.1300048828125,96992,0.0,0.0,0.0
2023-02-06 13:30:00-05:00,285.1000061035156,286.0799865722656,284.8900146484375,285.3599853515625,101391,0.0,0.0,0.0
2023-02-06 14:30:00-05:00,285.3699951171875,285.44000244140625,284.04998779296875,284.1499938964844,176411,0.0,0.0,0.0
2023-02-06 15:30:00-05:00,284.1400146484375,284.7900085449219,283.7699890136719,284.5199890136719,349591,0.0,0.0,0.0
2023-02-07 09:30:00-05:00,285.3399963378906,285.6300048828125,282.95001220703125,283.864990234375,160763,0.0,0.0,0.0
2023-02-07 10:30:00-05:00,283.79998779296875,285.79998779296875,283.79998779296875,285.364990234375,128145,0.0,0.0,0.0
2023-02-07 11:30:00-05:00,285.3800048828125,286.30999755859375,285.29998779296875,285.5,117781,0.0,0.0,0.0
2023-02-07 12:30:00-05:00,285.57000732421875,290.67999267578125,285.55999755859375,285.8599853515625,236607,0.0,0.0,0.0
2023-02-07 13:30:00-05:00,285.6700134277344,288.2200012207031,283.92999267578125,287.739990234375,187493,0.0,0.0,0.0
2023-02-07 14:30:00-05:00,287.79998779296875,290.9599914550781,287.6400146484375,290.8500061035156,136289,0.0,0.0,0.0
2023-02-07 15:30:00-05:00,290.8299865722656,292.2200012207031,290.260009765625,291.239990234375,222508,0.0,0.0,0.0
2023-02-08 09:30:00-05:00,291.4700012207031,294.3399963378906,290.8299865722656,292.0,267142,0.0,0.0,0.0
2023-02-08 10:30:00-05:00,291.8399963378906,291.8900146484375,289.1000061035156,289.5299987792969,174528,0.0,0.0,0.0
2023-02-08 11:30:00-05:00,289.3699951171875,290.42498779296875,288.9800109863281,290.25,141380,0.0,0.0,0.0
2023-02-08 12:30:00-05:00,290.2900085449219,290.55999755859375,288.9599914550781,289.1600036621094,177913,0.0,0.0,0.0
2023-02-08 13:30:00-05:00,289.1400146484375,289.94000244140625,288.5299987792969,289.0,111350,0.0,0.0,0.0
2023-02-08 14:30:00-05:00,289.0150146484375,289.2049865722656,288.0899963378906,288.7038879394531,188107,0.0,0.0,0.0
2023-02-08 15:30:00-05:00,288.6499938964844,289.04998779296875,288.3399963378906,288.7099914550781,214635,0.0,0.0,0.0
2023-02-09 09:30:00-05:00,293.510009765625,294.7799987792969,292.3399963378906,293.260009765625,337944,0.0,0.0,0.0
2023-02-09 10:30:00-05:00,293.2900085449219,293.7900085449219,290.989990234375,291.2149963378906,149259,0.0,0.0,0.0
2023-02-09 11:30:00-05:00,291.1000061035156,293.1400146484375,290.989990234375,292.25,98349,0.0,0.0,0.0
2023-02-09 12:30:00-05:00,292.2449951171875,292.2950134277344,290.54998779296875,291.1700134277344,125995,0.0,0.0,0.0
2023-02-09 13:30:00-05:00,291.0950012207031,291.70001220703125,289.1400146484375,289.30999755859375,173406,0.0,0.0,0.0
2023-02-09 14:30:00-05:00,289.3299865722656,290.0400085449219,287.8399963378906,288.05999755859375,126726,0.0,0.0,0.0
2023-02-09 15:30:00-05:00,288.010009765625,289.3299865722656,287.30999755859375,288.6199951171875,180282,0.0,0.0,0.0
2023-02-10 09:30:00-05:00,284.8599853515625,286.5722961425781,283.82000732421875,285.79998779296875,258971,0.0,0.0,0.0
2023-02-10 10:30:00-05:00,285.6099853515625,286.0,283.5,283.9100036621094,100449,0.0,0.0,0.0
2023-02-10 11:30:00-05:00,283.95001220703125,284.0799865722656,282.3399963378906,282.8399963378906,70541,0.0,0.0,0.0
2023-02-10 12:30:00-05:00,283.0,284.8699951171875,282.909912109375,284.3699951171875,91768,0.0,0.0,0.0
2023-02-10 13:30:00-05:00,284.30999755859375,284.32000732421875,283.1000061035156,283.1700134277344,177049,0.0,0.0,0.0
2023-02-10 14:30:00-05:00,283.1199951171875,284.3399963378906,282.9100036621094,283.69000244140625,266840,0.0,0.0,0.0
2023-02-10 15:30:00-05:00,283.70001220703125,284.92999267578125,283.70001220703125,284.6099853515625,395083,0.0,0.0,0.0
2023-02-13 09:30:00-05:00,286.3299865722656,288.2699890136719,285.45001220703125,287.3599853515625,311174,0.0,0.0,0.0
2023-02-13 10:30:00-05:00,287.4700012207031,289.0249938964844,287.1400146484375,288.79998779296875,187954,0.0,0.0,0.0
2023-02-13 11:30:00-05:00,288.82000732421875,289.19000244140625,288.20001220703125,288.6499938964844,125248,0.0,0.0,0.0
2023-02-13 12:30:00-05:00,288.57000732421875,289.1600036621094,288.0799865722656,289.0400085449219,78943,0.0,0.0,0.0
2023-02-13 13:30:00-05:00,289.1000061035156,289.6400146484375,288.4100036621094,288.4700012207031,91838,0.0,0.0,0.0
2023-02-13 14:30:00-05:00,288.4100036621094,288.6499938964844,287.57000732421875,288.4849853515625,77116,0.0,0.0,0.0
2023-02-13 15:30:00-05:00,288.5,289.1099853515625,288.3299865722656,289.1099853515625,322463,0.0,0.0,0.0
2023-02-14 09:30:00-05:00,288.6700134277344,294.1700134277344,287.1099853515625,292.5,481428,0.0,0.0,0.0
2023-02-14 10:30:00-05:00,292.6499938964844,292.92999267578125,288.6400146484375,289.4599914550781,136617,0.0,0.0,0.0
2023-02-14 11:30:00-05:00,289.32000732421875,290.2900085449219,288.1700134277344,289.8299865722656,92381,0.0,0.0,0.0
2023-02-14 12:30:00-05:00,289.8999938964844,291.989990234375,289.45001220703125,291.3999938964844,172740,0.0,0.0,0.0
2023-02-14 13:30:00-05:00,291.510009765625,291.7900085449219,290.17999267578125,291.1199951171875,93503,0.0,0.0,0.0
2023-02-14 14:30:00-05:00,291.260009765625,292.6400146484375,291.2300109863281,292.3699951171875,151908,0.0,0.0,0.0
2023-02-14 15:30:00-05:00,292.30499267578125,293.0899963378906,292.2699890136719,292.3399963378906,268341,0.0,0.0,0.0
2023-02-15 09:30:00-05:00,290.6199951171875,293.7499084472656,290.5421142578125,292.44000244140625,206628,0.0,0.0,0.0
2023-02-15 10:30:00-05:00,292.3500061035156,293.0498962402344,291.55999755859375,292.9800109863281,124994,0.0,0.0,0.0
2023-02-15 11:30:00-05:00,293.1099853515625,293.5199890136719,292.0400085449219,292.3500061035156,115628,0.0,0.0,0.0
2023-02-15 12:30:00-05:00,292.5199890136719,293.8500061035156,292.3699951171875,293.80999755859375,73467,0.0,0.0,0.0
2023-02-15 13:30:00-05:00,293.8500061035156,295.5400085449219,293.67999267578125,295.1099853515625,210115,0.0,0.0,0.0
2023-02-15 14:30:00-05:00,295.1549987792969,295.1549987792969,293.92999267578125,294.5299987792969,141718,0.0,0.0,0.0
2023-02-15 15:30:00-05:00,294.54998779296875,295.239990234375,294.3500061035156,295.20001220703125,347011,0.0,0.0,0.0
2023-02-16 09:30:00-05:00,288.80999755859375,291.0199890136719,288.0,290.69000244140625,227612,0.0,0.0,0.0
2023-02-16 10:30:00-05:00,290.70001220703125,292.1499938964844,290.6400146484375,291.3299865722656,75553,0.0,0.0,0.0
2023-02-16 11:30:00-05:00,291.2099914550781,291.5199890136719,289.80999755859375,290.8399963378906,106133,0.0,0.0,0.0
2023-02-16 12:30:00-05:00,291.0400085449219,291.9100036621094,290.54998779296875,290.55499267578125,64096,0.0,0.0,0.0
2023-02-16 13:30:00-05:00,290.54998779296875,291.69000244140625,290.3900146484375,291.1300048828125,112649,0.0,0.0,0.0
2023-02-16 14:30:00-05:00,291.1300048828125,291.6099853515625,288.3599853515625,288.3599853515625,193664,0.0,0.0,0.0
2023-02-16 15:30:00-05:00,288.3800048828125,288.82000732421875,287.8699951171875,287.9599914550781,435082,0.0,0.0,0.0
2023-02-17 09:30:00-05:00,285.489990234375,286.29998779296875,282.6000061035156,284.5799865722656,315026,0.0,0.0,0.0
2023-02-17 10:30:00-05:00,284.5799865722656,285.82000732421875,282.760986328125,282.8299865722656,109268,0.0,0.0,0.0
2023-02-17 11:30:00-05:00,282.67999267578125,283.9200134277344,282.4800109863281,283.07000732421875,96844,0.0,0.0,0.0
2023-02-17 12:30:00-05:00,282.9200134277344,283.1300048828125,281.8800048828125,282.135009765625,86832,0.0,0.0,0.0
2023-02-17 13:30:00-05:00,282.0799865722656,283.5400085449219,281.989990234375,283.42999267578125,104117,0.0,0.0,0.0
2023-02-17 14:30:00-05:00,283.42999267578125,284.5199890136719,283.260009765625,283.6000061035156,98278,0.0,0.0,0.0
2023-02-17 15:30:00-05:00,283.6099853515625,284.8999938964844,283.6000061035156,284.5899963378906,176396,0.0,0.0,0.0
2023-02-21 09:30:00-05:00,280.7900085449219,282.0299987792969,279.19000244140625,279.3500061035156,410373,0.0,0.0,0.0
2023-02-21 10:30:00-05:00,279.2799987792969,280.3599853515625,278.71600341796875,278.8900146484375,990081,0.0,0.0,0.0
2023-02-21 11:30:00-05:00,278.92999267578125,279.3599853515625,278.3399963378906,278.3599853515625,172520,0.0,0.0,0.0
2023-02-21 12:30:00-05:00,278.3900146484375,279.6099853515625,278.32000732421875,279.1400146484375,52075,0.0,0.0,0.0
2023-02-21 13:30:00-05:00,279.1050109863281,279.5899963378906,278.67999267578125,279.3500061035156,57201,0.0,0.0,0.0
2023-02-21 14:30:00-05:00,279.2900085449219,279.7699890136719,278.9100036621094,279.0899963378906,151817,0.0,0.0,0.0
2023-02-21 15:30:00-05:00,279.1400146484375,279.5299987792969,278.760009765625,278.8500061035156,284415,0.0,0.0,0.0
2023-02-22 09:30:00-05:00,280.54998779296875,283.6700134277344,280.510009765625,281.0299987792969,203452,0.0,0.0,0.0
2023-02-22 10:30:00-05:00,280.95001220703125,282.29998779296875,280.3999938964844,281.5199890136719,97174,0.0,0.0,0.0
2023-02-22 11:30:00-05:00,281.489990234375,282.3399963378906,281.04998779296875,282.0799865722656,61423,0.0,0.0,0.0
2023-02-22 12:30:00-05:00,282.1700134277344,283.3500061035156,282.0400085449219,283.2900085449219,71049,0.0,0.0,0.0
2023-02-22 13:30:00-05:00,283.2799987792969,283.6499938964844,281.5199890136719,282.1700134277344,150757,0.0,0.0,0.0
2023-02-22 14:30:00-05:00,282.0899963378906,282.5,280.80999755859375,281.260009765625,222057,0.0,0.0,0.0
2023-02-22 15:30:00-05:00,281.25,281.8949890136719,280.7699890136719,281.88519287109375,197480,0.0,0.0,0.0
2023-02-23 09:30:00-05:00,284.5400085449219,285.29998779296875,282.9446105957031,283.8900146484375,172578,0.0,0.0,0.0
2023-02-23 10:30:00-05:00,283.7850036621094,284.05999755859375,280.82000732421875,281.20001220703125,179124,0.0,0.0,0.0
2023-02-23 11:30:00-05:00,281.1300048828125,281.3399963378906,280.30999755859375,280.9800109863281,168439,0.0,0.0,0.0
2023-02-23 12:30:00-05:00,280.8900146484375,281.4700012207031,280.3599853515625,280.6700134277344,129438,0.0,0.0,0.0
2023-02-23 13:30:00-05:00,280.67999267578125,283.57000732421875,280.4599914550781,283.260009765625,140258,0.0,0.0,0.0
2023-02-23 14:30:00-05:00,283.3450012207031,284.8299865722656,283.30999755859375,284.80999755859375,253480,0.0,0.0,0.0
2023-02-23 15:30:00-05:00,284.82000732421875,284.8900146484375,284.04998779296875,284.2300109863281,390147,0.0,0.0,0.0
2023-02-24 09:30:00-05:00,277.5400085449219,279.9599914550781,277.04998779296875,278.07501220703125,338826,0.0,0.0,0.0
2023-02-24 10:30:00-05:00,278.0299987792969,278.6099853515625,276.69000244140625,278.3900146484375,212905,0.0,0.0,0.0
2023-02-24 11:30:00-05:00,278.44000244140625,279.4700012207031,277.7699890136719,278.260009765625,131899,0.0,0.0,0.0
2023-02-24 12:30:00-05:00,278.2699890136719,278.3999938964844,277.0950012207031,277.3900146484375,55394,0.0,0.0,0.0
2023-02-24 13:30:00-05:00,277.3699951171875,278.1400146484375,277.07000732421875,277.92498779296875,90822,0.0,0.0,0.0
2023-02-24 14:30:00-05:00,277.94500732421875,278.864990234375,277.5199890136719,278.19000244140625,140481,0.0,0.0,0.0
2023-02-24 15:30:00-05:00,278.1700134277344,278.4800109863281,277.1700134277344,278.3299865722656,241679,0.0,0.0,0.0
2023-02-27 09:30:00-05:00,280.7300109863281,281.94000244140625,279.6199951171875,281.04998779296875,152698,0.0,0.0,0.0
2023-02-27 10:30:00-05:00,280.95001220703125,281.04998779296875,279.0400085449219,279.7900085449219,140693,0.0,0.0,0.0
2023-02-27 11:30:00-05:00,279.8500061035156,280.114990234375,279.05999755859375,279.489990234375,79307,0.0,0.0,0.0
2023-02-27 12:30:00-05:00,279.5299987792969,280.17999267578125,279.5150146484375,279.6600036621094,59703,0.0,0.0,0.0
2023-02-27 13:30:00-05:00,279.7900085449219,280.1400146484375,279.010009765625,279.3699951171875,86830,0.0,0.0,0.0
2023-02-27 14:30:00-05:00,279.2799987792969,279.3999938964844,278.2850036621094,278.7799987792969,190409,0.0,0.0,0.0
2023-02-27 15:30:00-05:00,278.75,278.79998779296875,277.989990234375,278.6600036621094,224288,0.0,0.0,0.0
2023-02-28 09:30:00-05:00,277.9800109863281,280.1199951171875,277.9800109863281,279.2200012207031,239442,0.0,0.0,0.0
2023-02-28 10:30:00-05:00,279.25,279.8699951171875,278.5286865234375,279.7900085449219,54549,0.0,0.0,0.0
2023-02-28 11:30:00-05:00,279.7900085449219,279.82000732421875,278.5299987792969,279.67999267578125,46916,0.0,0.0,0.0
2023-02-28 12:30:00-05:00,279.67999267578125,280.3299865722656,279.239990234375,280.1300048828125,35479,0.0,0.0,0.0
2023-02-28 13:30:00-05:00,280.1700134277344,280.32501220703125,279.5199890136719,279.5299987792969,56339,0.0,0.0,0.0
2023-02-28 14:30:00-05:00,279.5400085449219,279.9100036621094,278.510009765625,278.57000732421875,158634,0.0,0.0,0.0
2023-02-28 15:30:00-05:00,278.510009765625,279.21990966796875,278.0,278.5799865722656,278491,0.0,0.0,0.0
2023-03-01 09:30:00-05:00,277.8800048828125,279.489990234375,276.6300048828125,277.0,106620,0.0,0.0,0.0
2023-03-01 10:30:00-05:00,276.8399963378906,278.1050109863281,275.885009765625,276.6499938964844,119187,0.0,0.0,0.0
2023-03-01 11:30:00-05:00,276.68499755859375,278.1099853515625,276.45001220703125,277.6400146484375,125803,0.0,0.0,0.0
2023-03-01 12:30:00-05:00,277.489990234375,277.7300109863281,276.6499938964844,276.80999755859375,97578,0.0,0.0,0.0
2023-03-01 13:30:00-05:00,276.6499938964844,277.010009765625,276.1099853515625,276.1400146484375,85533,0.0,0.0,0.0
2023-03-01 14:30:00-05:00,276.1300048828125,276.6199951171875,275.8399963378906,276.1099853515625,97077,0.0,0.0,0.0
2023-03-01 15:30:00-05:00,276.1400146484375,277.1499938964844,276.1199951171875,276.69000244140625,142973,0.0,0.0,0.0
2023-03-02 09:30:00-05:00,279.260009765625,280.6000061035156,278.6300048828125,280.4700012207031,253904,0.0,0.0,0.0
2023-03-02 10:30:00-05:00,280.5,281.4100036621094,279.8699951171875,280.3500061035156,118493,0.0,0.0,0.0
2023-03-02 11:30:00-05:00,280.2900085449219,280.57000732421875,279.7200012207031,280.44000244140625,110074,0.0,0.0,0.0
2023-03-02 12:30:00-05:00,280.4800109863281,280.95001220703125,280.30999755859375,280.3599853515625,143759,0.0,0.0,0.0
2023-03-02 13:30:00-05:00,280.3450012207031,284.0400085449219,280.3399963378906,284.0299987792969,157156,0.0,0.0,0.0
2023-03-02 14:30:00-05:00,284.1199951171875,284.17999267578125,283.07000732421875,283.1199951171875,169791,0.0,0.0,0.0
2023-03-02 15:30:00-05:00,283.19000244140625,284.0899963378906,283.1499938964844,283.5343933105469,177526,0.0,0.0,0.0
2023-03-03 09:30:00-05:00,285.29998779296875,287.4800109863281,284.7900085449219,287.1400146484375,348489,0.0,0.0,0.0
2023-03-03 10:30:00-05:00,287.1099853515625,287.25,285.7200012207031,286.4200134277344,141130,0.0,0.0,0.0
2023-03-03 11:30:00-05:00,286.67999267578125,287.6700134277344,286.20001220703125,287.5899963378906,67897,0.0,0.0,0.0
2023-03-03 12:30:00-05:00,287.6499938964844,288.6499938964844,287.3599853515625,288.3299865722656,65900,0.0,0.0,0.0
2023-03-03 13:30:00-05:00,288.3999938964844,288.92498779296875,288.1099853515625,288.75,113146,0.0,0.0,0.0
2023-03-03 14:30:00-05:00,288.739990234375,289.010009765625,288.2300109863281,288.739990234375,162857,0.0,0.0,0.0
2023-03-03 15:30:00-05:00,288.7300109863281,288.9150085449219,288.2699890136719,288.760009765625,275884,0.0,0.0,0.0
2023-03-06 09:30:00-05:00,290.1700134277344,291.2799987792969,288.7099914550781,291.1400146484375,165740,0.0,0.0,0.0
2023-03-06 10:30:00-05:00,291.1600036621094,293.0400085449219,291.1199951171875,291.8800048828125,223332,0.0,0.0,0.0
2023-03-06 11:30:00-05:00,291.8500061035156,292.2300109863281,291.5799865722656,291.7300109863281,107902,0.0,0.0,0.0
2023-03-06 12:30:00-05:00,291.739990234375,291.739990234375,290.2300109863281,290.44000244140625,111514,0.0,0.0,0.0
2023-03-06 13:30:00-05:00,290.3999938964844,290.44000244140625,289.3999938964844,289.5899963378906,145543,0.0,0.0,0.0
2023-03-06 14:30:00-05:00,289.54998779296875,289.80999755859375,288.510009765625,288.510009765625,150767,0.0,0.0,0.0
2023-03-06 15:30:00-05:00,288.5008850097656,289.0,288.260009765625,288.4100036621094,144998,0.0,0.0,0.0
2023-03-07 09:30:00-05:00,288.0799865722656,290.9800109863281,287.0,287.7799987792969,176315,0.0,0.0,0.0
2023-03-07 10:30:00-05:00,287.760009765625,289.260009765625,286.6199951171875,286.6199951171875,82939,0.0,0.0,0.0
2023-03-07 11:30:00-05:00,286.6000061035156,288.32000732421875,286.30999755859375,287.8900146484375,47182,0.0,0.0,0.0
2023-03-07 12:30:00-05:00,287.8399963378906,288.4200134277344,286.7200012207031,286.92999267578125,23679,0.0,0.0,0.0
2023-03-07 13:30:00-05:00,286.8599853515625,287.0899963378906,285.4100036621094,285.8500061035156,59921,0.0,0.0,0.0
2023-03-07 14:30:00-05:00,285.80999755859375,286.0899963378906,285.1000061035156,285.239990234375,144751,0.0,0.0,0.0
2023-03-07 15:30:00-05:00,285.24749755859375,285.95001220703125,285.0799865722656,285.57000732421875,163856,0.0,0.0,0.0
2023-03-08 09:30:00-05:00,285.19000244140625,286.9100036621094,284.3599853515625,285.7900085449219,203992,0.0,0.0,0.0
2023-03-08 10:30:00-05:00,285.7200012207031,286.7799987792969,285.42999267578125,286.1700134277344,157829,0.0,0.0,0.0
2023-03-08 11:30:00-05:00,286.19000244140625,287.260009765625,285.3299865722656,285.95001220703125,56572,0.0,0.0,0.0
2023-03-08 12:30:00-05:00,285.8500061035156,286.5799865722656,285.239990234375,285.29998779296875,63228,0.0,0.0,0.0
2023-03-08 13:30:00-05:00,285.17999267578125,285.8599853515625,284.80999755859375,285.7149963378906,48786,0.0,0.0,0.0
2023-03-08 14:30:00-05:00,285.8399963378906,285.9599914550781,284.8800048828125,285.04998779296875,65787,0.0,0.0,0.0
2023-03-08 15:30:00-05:00,285.1700134277344,286.75,285.1400146484375,286.19000244140625,90225,0.0,0.0,0.0
2023-03-09 09:30:00-05:00,286.57000732421875,288.9800109863281,285.6099853515625,288.5899963378906,93183,0.0,0.0,0.0
2023-03-09 10:30:00-05:00,288.489990234375,288.9599914550781,286.45001220703125,286.489990234375,47248,0.0,0.0,0.0
2023-03-09 11:30:00-05:00,286.5249938964844,287.2349853515625,286.0400085449219,287.0899963378906,51912,0.0,0.0,0.0
2023-03-09 12:30:00-05:00,287.0899963378906,287.0899963378906,284.07000732421875,284.19000244140625,89984,0.0,0.0,0.0
2023-03-09 13:30:00-05:00,284.1400146484375,284.1400146484375,281.5400085449219,282.2900085449219,124643,0.0,0.0,0.0
2023-03-09 14:30:00-05:00,282.2850036621094,282.5299987792969,279.4849853515625,279.7699890136719,208352,0.0,0.0,0.0
2023-03-09 15:30:00-05:00,279.6700134277344,280.7300109863281,279.5400085449219,279.70001220703125,168276,0.0,0.0,0.0
2023-03-10 09:30:00-05:00,277.8399963378906,278.5400085449219,273.0849914550781,273.9700012207031,256720,0.0,0.0,0.0
2023-03-10 10:30:00-05:00,273.9599914550781,277.8500061035156,273.8699951171875,277.7099914550781,236904,0.0,0.0,0.0
2023-03-10 11:30:00-05:00,277.7300109863281,278.29998779296875,273.8800048828125,274.4200134277344,649482,0.0,0.0,0.0
2023-03-10 12:30:00-05:00,274.6600036621094,275.3699951171875,272.1400146484375,272.3699951171875,316650,0.0,0.0,0.0
2023-03-10 13:30:00-05:00,272.19000244140625,272.2900085449219,270.6000061035156,271.25,292649,0.0,0.0,0.0
2023-03-10 14:30:00-05:00,271.5400085449219,274.0,271.20001220703125,272.8800048828125,256478,0.0,0.0,0.0
2023-03-10 15:30:00-05:00,272.8699951171875,272.8900146484375,271.260009765625,272.1300048828125,321728,0.0,0.0,0.0
2023-03-13 09:30:00-04:00,269.8399963378906,272.7300109863281,267.6099853515625,271.1600036621094,208909,0.0,0.0,0.0
2023-03-13 10:30:00-04:00,271.23748779296875,276.95001220703125,271.23748779296875,276.6700134277344,230236,0.0,0.0,0.0
2023-03-13 11:30:00-04:00,276.739990234375,277.05999755859375,274.760009765625,275.0299987792969,233795,0.0,0.0,0.0
2023-03-13 12:30:00-04:00,275.1099853515625,276.2200012207031,273.3900146484375,274.0,172955,0.0,0.0,0.0
2023-03-13 13:30:00-04:00,274.0299987792969,276.70001220703125,273.2799987792969,276.3500061035156,127473,0.0,0.0,0.0
2023-03-13 14:30:00-04:00,276.3399963378906,277.1300048828125,274.30999755859375,274.69000244140625,209287,0.0,0.0,0.0
2023-03-13 15:30:00-04:00,274.6400146484375,276.1400146484375,273.8500061035156,273.9800109863281,240197,0.0,0.0,0.0
2023-03-14 09:30:00-04:00,277.67999267578125,280.260009765625,277.67999267578125,279.8999938964844,226906,0.0,0.0,0.0
2023-03-14 10:30:00-04:00,279.864990234375,280.7200012207031,278.67999267578125,280.5199890136719,158436,0.0,0.0,0.0
2023-03-14 11:30:00-04:00,280.57000732421875,281.0199890136719,279.2699890136719,279.54998779296875,60119,0.0,0.0,0.0
2023-03-14 12:30:00-04:00,279.4599914550781,280.29998779296875,277.57000732421875,278.5899963378906,89962,0.0,0.0,0.0
2023-03-14 13:30:00-04:00,278.5350036621094,279.1300048828125,277.1499938964844,278.3999938964844,93335,0.0,0.0,0.0
2023-03-14 14:30:00-04:00,278.3299865722656,278.9800109863281,276.8999938964844,277.7300109863281,182389,0.0,0.0,0.0
2023-03-14 15:30:00-04:00,277.7149963378906,280.260009765625,277.5150146484375,279.92999267578125,204591,0.0,0.0,0.0
2023-03-15 09:30:00-04:00,277.0400085449219,278.8500061035156,276.2699890136719,277.7149963378906,455844,0.0,0.0,0.0
2023-03-15 10:30:00-04:00,277.7149963378906,278.3599853515625,275.94000244140625,277.6099853515625,289855,0.0,0.0,0.0
2023-03-15 11:30:00-04:00,277.6300048828125,278.54998779296875,276.260009765625,276.69000244140625,163416,0.0,0.0,0.0
2023-03-15 12:30:00-04:00,276.6600036621094,278.07000732421875,276.010009765625,277.8999938964844,79575,0.0,0.0,0.0
2023-03-15 13:30:00-04:00,277.8299865722656,279.29998779296875,276.5400085449219,278.7250061035156,153380,0.0,0.0,0.0
2023-03-15 14:30:00-04:00,278.80999755859375,279.70001220703125,277.9649963378906,279.32000732421875,231194,0.0,0.0,0.0
2023-03-15 15:30:00-04:00,279.2799987792969,279.57000732421875,278.04998779296875,279.57000732421875,251058,0.0,0.0,0.0
2023-03-16 09:30:00-04:00,280.5899963378906,281.6300048828125,279.5450134277344,280.57000732421875,84503,0.0,0.0,0.0
2023-03-16 10:30:00-04:00,280.4800109863281,285.239990234375,280.3299865722656,284.95001220703125,247074,0.0,0.0,0.0
2023-03-16 11:30:00-04:00,285.2300109863281,286.6499938964844,284.9200134277344,286.239990234375,122712,0.0,0.0,0.0
2023-03-16 12:30:00-04:00,286.2099914550781,287.239990234375,285.5,286.5,393608,0.0,0.0,0.0
2023-03-16 13:30:00-04:00,286.5299987792969,287.1199951171875,285.9200134277344,286.5260009765625,127032,0.0,0.0,0.0
2023-03-16 14:30:00-04:00,286.614990234375,287.8399963378906,285.9100036621094,287.7099914550781,108157,0.0,0.0,0.0
2023-03-16 15:30:00-04:00,287.6000061035156,287.94000244140625,286.7799987792969,287.1700134277344,253199,0.0,0.0,0.0
2023-03-17 09:30:00-04:00,287.6400146484375,289.4700012207031,286.1300048828125,287.385009765625,109041,0.0,0.0,0.0
2023-03-17 10:30:00-04:00,287.3900146484375,287.45001220703125,284.4800109863281,284.9700012207031,316874,0.0,0.0,0.0
2023-03-17 11:30:00-04:00,285.05999755859375,285.94000244140625,284.1199951171875,285.8699951171875,99457,0.0,0.0,0.0
2023-03-17 12:30:00-04:00,285.8500061035156,287.07000732421875,285.20001220703125,286.54998779296875,99937,0.0,0.0,0.0
2023-03-17 13:30:00-04:00,286.5299987792969,287.4100036621094,285.25,285.4100036621094,83701,0.0,0.0,0.0
2023-03-17 14:30:00-04:00,285.4100036621094,286.5199890136719,284.92999267578125,286.3550109863281,153022,0.0,0.0,0.0
2023-03-17 15:30:00-04:00,286.31500244140625,286.3450012207031,285.1700134277344,286.0199890136719,181901,0.0,0.0,0.0
2023-03-20 09:30:00-04:00,285.6600036621094,285.6600036621094,283.2300109863281,284.67498779296875,299116,0.0,0.0,0.0
2023-03-20 10:30:00-04:00,284.6499938964844,286.7099914550781,284.2799987792969,286.5400085449219,175599,0.0,0.0,0.0
2023-03-20 11:30:00-04:00,286.6300048828125,286.7300109863281,283.3999938964844,284.2900085449219,253619,0.0,0.0,0.0
2023-03-20 12:30:00-04:00,284.4100036621094,285.5350036621094,284.239990234375,285.0899963378906,154485,0.0,0.0,0.0
2023-03-20 13:30:00-04:00,285.1400146484375,285.9599914550781,284.989990234375,285.7200012207031,53753,0.0,0.0,0.0
2023-03-20 14:30:00-04:00,285.6700134277344,285.7699890136719,284.8900146484375,285.3399963378906,132826,0.0,0.0,0.0
2023-03-20 15:30:00-04:00,285.2799987792969,286.5400085449219,285.20001220703125,286.1199951171875,138154,0.0,0.0,0.0
2023-03-21 09:30:00-04:00,288.0,289.3999938964844,286.94000244140625,287.3900146484375,61886,0.0,0.0,0.0
2023-03-21 10:30:00-04:00,287.239990234375,288.510009765625,286.42999267578125,288.3399963378906,97828,0.0,0.0,0.0
2023-03-21 11:30:00-04:00,288.4100036621094,288.989990234375,287.8800048828125,288.7900085449219,184750,0.0,0.0,0.0
2023-03-21 12:30:00-04:00,288.7699890136719,289.260009765625,288.44000244140625,289.1700134277344,179792,0.0,0.0,0.0
2023-03-21 13:30:00-04:00,289.19000244140625,289.6199951171875,288.4200134277344,289.5199890136719,145285,0.0,0.0,0.0
2023-03-21 14:30:00-04:00,289.55999755859375,291.4100036621094,289.510009765625,291.20001220703125,203097,0.0,0.0,0.0
2023-03-21 15:30:00-04:00,291.2200012207031,292.3399963378906,291.05999755859375,291.6700134277344,184962,0.0,0.0,0.0
2023-03-22 09:30:00-04:00,291.8500061035156,291.989990234375,289.9100036621094,291.82000732421875,61941,0.0,0.0,0.0
2023-03-22 10:30:00-04:00,291.5,291.5,289.6700134277344,290.3599853515625,32780,0.0,0.0,0.0
2023-03-22 11:30:00-04:00,290.56201171875,290.9200134277344,289.3500061035156,289.8399963378906,24634,0.0,0.0,0.0
2023-03-22 12:30:00-04:00,289.67999267578125,290.3999938964844,289.55999755859375,290.3900146484375,28471,0.0,0.0,0.0
2023-03-22 13:30:00-04:00,290.4800109863281,293.55999755859375,290.2200012207031,292.3299865722656,71181,0.0,0.0,0.0
2023-03-22 14:30:00-04:00,292.1199951171875,294.2200012207031,288.44000244140625,291.07000732421875,259907,0.0,0.0,0.0
2023-03-22 15:30:00-04:00,290.8299865722656,290.9200134277344,285.55499267578125,285.69000244140625,169463,0.0,0.0,0.0
2023-03-23 09:30:00-04:00,289.1099853515625,291.20001220703125,288.1700134277344,290.95001220703125,75191,0.0,0.0,0.0
2023-03-23 10:30:00-04:00,290.8999938964844,293.94000244140625,290.6700134277344,292.5799865722656,72483,0.0,0.0,0.0
2023-03-23 11:30:00-04:00,292.6300048828125,293.17999267578125,292.0400085449219,292.5799865722656,65128,0.0,0.0,0.0
2023-03-23 12:30:00-04:00,292.70001220703125,292.9200134277344,290.7799987792969,291.32000732421875,66144,0.0,0.0,0.0
2023-03-23 13:30:00-04:00,291.260009765625,292.1499938964844,289.489990234375,289.489990234375,47408,0.0,0.0,0.0
2023-03-23 14:30:00-04:00,289.3599853515625,291.07000732421875,287.989990234375,289.2799987792969,110933,0.0,0.0,0.0
2023-03-23 15:30:00-04:00,289.29998779296875,291.260009765625,288.9100036621094,290.0799865722656,98806,0.0,0.0,0.0
2023-03-24 09:30:00-04:00,289.5,291.260009765625,288.9200134277344,290.3299865722656,130864,0.0,0.0,0.0
2023-03-24 10:30:00-04:00,290.3599853515625,290.3999938964844,287.8299865722656,288.1099853515625,33311,0.0,0.0,0.0
2023-03-24 11:30:00-04:00,287.8900146484375,290.20001220703125,287.739990234375,288.6400146484375,69528,0.0,0.0,0.0
2023-03-24 12:30:00-04:00,288.8550109863281,289.67999267578125,288.3800048828125,289.2300109863281,167510,0.0,0.0,0.0
2023-03-24 13:30:00-04:00,289.2749938964844,289.7799987792969,288.6600036621094,289.3299865722656,134201,0.0,0.0,0.0
2023-03-24 14:30:00-04:00,289.4100036621094,290.8800048828125,289.32000732421875,290.7300109863281,114310,0.0,0.0,0.0
2023-03-24 15:30:00-04:00,290.9100036621094,290.9800109863281,289.95001220703125,290.8599853515625,105290,0.0,0.0,0.0
2023-03-27 09:30:00-04:00,291.17999267578125,293.6400146484375,290.94000244140625,291.8699951171875,112090,0.0,0.0,0.0
2023-03-27 10:30:00-04:00,291.8399963378906,291.8399963378906,290.3900146484375,290.8999938964844,69484,0.0,0.0,0.0
2023-03-27 11:30:00-04:00,290.8900146484375,291.010009765625,289.4700012207031,290.6700134277344,90989,0.0,0.0,0.0
2023-03-27 12:30:00-04:00,290.69000244140625,291.44000244140625,290.1600036621094,291.2900085449219,44449,0.0,0.0,0.0
2023-03-27 13:30:00-04:00,291.3599853515625,292.0,291.0400085449219,291.760009765625,52515,0.0,0.0,0.0
2023-03-27 14:30:00-04:00,291.7699890136719,292.6549987792969,291.7200012207031,292.3900146484375,85377,0.0,0.0,0.0
2023-03-27 15:30:00-04:00,292.42999267578125,292.5199890136719,291.04998779296875,291.25,180109,0.0,0.0,0.0
2023-03-28 09:30:00-04:00,291.05999755859375,291.1600036621094,289.6600036621094,289.9849853515625,79881,0.0,0.0,0.0
2023-03-28 10:30:00-04:00,290.0400085449219,290.260009765625,289.07000732421875,290.25,52171,0.0,0.0,0.0
2023-03-28 11:30:00-04:00,290.260009765625,290.82000732421875,289.69000244140625,289.8800048828125,46357,0.0,0.0,0.0
2023-03-28 12:30:00-04:00,289.70001220703125,290.0299987792969,289.55999755859375,289.8800048828125,22345,0.0,0.0,0.0
2023-03-28 13:30:00-04:00,289.9599914550781,290.010009765625,288.57000732421875,289.30999755859375,53551,0.0,0.0,0.0
2023-03-28 14:30:00-04:00,289.2900085449219,290.0150146484375,289.05999755859375,289.5199890136719,86058,0.0,0.0,0.0
2023-03-28 15:30:00-04:00,289.42999267578125,290.4200134277344,289.239990234375,290.2099914550781,138131,0.0,0.0,0.0
2023-03-29 09:30:00-04:00,292.5199890136719,294.2200012207031,292.5199890136719,293.4700012207031,151939,0.0,0.0,0.0
2023-03-29 10:30:00-04:00,293.5199890136719,293.6000061035156,292.489990234375,293.2099914550781,62559,0.0,0.0,0.0
2023-03-29 11:30:00-04:00,293.3599853515625,294.1099853515625,293.2200012207031,293.8500061035156,56671,0.0,0.0,0.0
2023-03-29 12:30:00-04:00,293.8800048828125,294.1499938964844,293.010009765625,294.0299987792969,34845,0.0,0.0,0.0
2023-03-29 13:30:00-04:00,294.010009765625,294.05999755859375,293.42999267578125,294.0400085449219,71165,0.0,0.0,0.0
2023-03-29 14:30:00-04:00,294.07000732421875,295.3299865722656,294.0299987792969,295.2300109863281,133191,0.0,0.0,0.0
2023-03-29 15:30:00-04:00,295.2300109863281,295.6700134277344,294.93499755859375,295.2699890136719,174952,0.0,0.0,0.0
2023-03-30 09:30:00-04:00,297.4200134277344,298.3349914550781,296.0,297.6099853515625,113550,0.0,0.0,0.0
2023-03-30 10:30:00-04:00,297.5199890136719,298.0950012207031,296.9599914550781,297.125,103399,0.0,0.0,0.0
2023-03-30 11:30:00-04:00,297.06500244140625,297.57000732421875,296.7049865722656,297.0299987792969,26849,0.0,0.0,0.0
2023-03-30 12:30:00-04:00,296.95001220703125,296.95001220703125,296.2799987792969,296.5,31394,0.0,0.0,0.0
2023-03-30 13:30:00-04:00,296.45001220703125,297.0899963378906,295.7149963378906,297.0,55465,0.0,0.0,0.0
2023-03-30 14:30:00-04:00,297.0199890136719,297.2900085449219,296.6300048828125,297.05999755859375,83416,0.0,0.0,0.0
2023-03-30 15:30:00-04:00,297.0299987792969,297.2799987792969,296.8599853515625,297.2799987792969,117885,0.0,0.0,0.0
2023-03-31 09:30:00-04:00,297.5,300.67999267578125,297.5,300.6700134277344,100703,0.0,0.0,0.0
2023-03-31 10:30:00-04:00,300.5,302.4399108886719,300.5,302.1099853515625,76836,0.0,0.0,0.0
2023-03-31 11:30:00-04:00,301.989990234375,303.239990234375,301.9599914550781,303.1600036621094,72343,0.0,0.0,0.0
2023-03-31 12:30:00-04:00,303.2200012207031,303.2699890136719,302.54998779296875,302.70001220703125,81268,0.0,0.0,0.0
2023-03-31 13:30:00-04:00,302.760009765625,303.54998779296875,302.1199951171875,302.80999755859375,194429,0.0,0.0,0.0
2023-03-31 14:30:00-04:00,302.8299865722656,304.25,302.69000244140625,304.1400146484375,110444,0.0,0.0,0.0
2023-03-31 15:30:00-04:00,304.2300109863281,304.6199951171875,303.32000732421875,304.3800048828125,262535,0.0,0.0,0.0
2023-04-03 09:30:00-04:00,302.3299865722656,302.79998779296875,301.3800048828125,302.57501220703125,86794,0.0,0.0,0.0
2023-04-03 10:30:00-04:00,302.79998779296875,303.0,300.1449890136719,300.92999267578125,303267,0.0,0.0,0.0
2023-04-03 11:30:00-04:00,300.8999938964844,301.3999938964844,300.2200012207031,301.0050048828125,184400,0.0,0.0,0.0
2023-04-03 12:30:00-04:00,300.7900085449219,301.2799987792969,300.5,300.54998779296875,46640,0.0,0.0,0.0
2023-04-03 13:30:00-04:00,300.5350036621094,300.8999938964844,300.3450012207031,300.8699951171875,43165,0.0,0.0,0.0
2023-04-03 14:30:00-04:00,300.875,302.2300109863281,300.875,302.2300109863281,82844,0.0,0.0,0.0
2023-04-03 15:30:00-04:00,302.1499938964844,302.6700134277344,301.9800109863281,302.3900146484375,130931,0.0,0.0,0.0
2023-04-04 09:30:00-04:00,303.5299987792969,304.989990234375,302.92999267578125,303.69000244140625,121670,0.0,0.0,0.0
2023-04-04 10:30:00-04:00,303.7300109863281,304.239990234375,302.1600036621094,302.972900390625,151440,0.0,0.0,0.0
2023-04-04 11:30:00-04:00,302.92999267578125,303.1099853515625,301.79998779296875,303.0799865722656,84405,0.0,0.0,0.0
2023-04-04 12:30:00-04:00,303.0799865722656,303.6099853515625,302.82000732421875,303.6000061035156,54132,0.0,0.0,0.0
2023-04-04 13:30:00-04:00,303.7099914550781,303.7900085449219,302.0,302.1199951171875,54637,0.0,0.0,0.0
2023-04-04 14:30:00-04:00,302.1000061035156,302.5899963378906,301.5899963378906,301.8900146484375,72903,0.0,0.0,0.0
2023-04-04 15:30:00-04:00,301.989990234375,302.6499938964844,301.739990234375,302.5299987792969,93309,0.0,0.0,0.0
2023-04-05 09:30:00-04:00,301.260009765625,301.9700012207031,298.54998779296875,298.54998779296875,156440,0.0,0.0,0.0
2023-04-05 10:30:00-04:00,298.9800109863281,299.19500732421875,295.9100036621094,296.5799865722656,134623,0.0,0.0,0.0
2023-04-05 11:30:00-04:00,296.5400085449219,297.6700134277344,296.4100036621094,296.8999938964844,210513,0.0,0.0,0.0
2023-04-05 12:30:00-04:00,296.8299865722656,297.4200134277344,296.5799865722656,297.0199890136719,145683,0.0,0.0,0.0
2023-04-05 13:30:00-04:00,297.0199890136719,298.3299865722656,297.0199890136719,297.79998779296875,54366,0.0,0.0,0.0
2023-04-05 14:30:00-04:00,297.760009765625,298.6000061035156,297.54998779296875,297.8299865722656,63671,0.0,0.0,0.0
2023-04-05 15:30:00-04:00,297.8699951171875,298.80999755859375,297.8599853515625,298.5,97669,0.0,0.0,0.0
2023-04-06 09:30:00-04:00,296.05999755859375,296.9800109863281,294.3800048828125,296.0899963378906,148506,0.0,0.0,0.0
2023-04-06 10:30:00-04:00,296.30999755859375,297.6700134277344,295.4549865722656,297.0299987792969,82688,0.0,0.0,0.0
2023-04-06 11:30:00-04:00,296.8800048828125,298.9049987792969,296.760009765625,298.5799865722656,115568,0.0,0.0,0.0
2023-04-06 12:30:00-04:00,298.8999938964844,299.3999938964844,298.2300109863281,298.95001220703125,120376,0.0,0.0,0.0
2023-04-06 13:30:00-04:00,299.1700134277344,299.4700012207031,298.8299865722656,299.3800048828125,28722,0.0,0.0,0.0
2023-04-06 14:30:00-04:00,299.4200134277344,299.54998779296875,298.9100036621094,299.4100036621094,82609,0.0,0.0,0.0
2023-04-06 15:30:00-04:00,299.6650085449219,299.82000732421875,299.4100036621094,299.6499938964844,114382,0.0,0.0,0.0
2023-04-10 09:30:00-04:00,297.0299987792969,297.3900146484375,294.79998779296875,296.0249938964844,75383,0.0,0.0,0.0
2023-04-10 10:30:00-04:00,296.0199890136719,297.9649963378906,296.0199890136719,297.7099914550781,94884,0.0,0.0,0.0
2023-04-10 11:30:00-04:00,297.7300109863281,297.8324890136719,295.8900146484375,296.75,158973,0.0,0.0,0.0
2023-04-10 12:30:00-04:00,296.7300109863281,299.19000244140625,296.7300109863281,299.19000244140625,121856,0.0,0.0,0.0
2023-04-10 13:30:00-04:00,299.19000244140625,299.2550048828125,298.3299865722656,298.989990234375,69369,0.0,0.0,0.0
2023-04-10 14:30:00-04:00,299.010009765625,299.5899963378906,298.75,298.9700012207031,114003,0.0,0.0,0.0
2023-04-10 15:30:00-04:00,298.8699951171875,299.385009765625,298.8599853515625,299.3500061035156,91509,0.0,0.0,0.0
2023-04-11 09:30:00-04:00,297.7749938964844,299.17999267578125,297.4700012207031,298.2099914550781,112843,0.0,0.0,0.0
2023-04-11 10:30:00-04:00,298.1719970703125,298.2699890136719,296.29998779296875,296.55999755859375,49487,0.0,0.0,0.0
2023-04-11 11:30:00-04:00,296.510009765625,297.70001220703125,295.75,297.5299987792969,75860,0.0,0.0,0.0
2023-04-11 12:30:00-04:00,297.614990234375,297.7650146484375,297.0899963378906,297.7550048828125,32284,0.0,0.0,0.0
2023-04-11 13:30:00-04:00,297.7799987792969,298.4599914550781,297.7799987792969,298.45001220703125,36402,0.0,0.0,0.0
2023-04-11 14:30:00-04:00,298.7799987792969,299.1099853515625,298.44000244140625,298.8599853515625,56836,0.0,0.0,0.0
2023-04-11 15:30:00-04:00,298.760009765625,298.92999267578125,297.54998779296875,297.7699890136719,121153,0.0,0.0,0.0
2023-04-12 09:30:00-04:00,300.4200134277344,301.68499755859375,298.3900146484375,301.010009765625,73277,0.0,0.0,0.0
2023-04-12 10:30:00-04:00,301.2799987792969,301.2900085449219,297.75,299.0625,84941,0.0,0.0,0.0
2023-04-12 11:30:00-04:00,298.94000244140625,300.5799865722656,298.79998779296875,300.0799865722656,52522,0.0,0.0,0.0
2023-04-12 12:30:00-04:00,300.1499938964844,300.7900085449219,299.6300048828125,300.6099853515625,54829,0.0,0.0,0.0
2023-04-12 13:30:00-04:00,300.67999267578125,300.7749938964844,298.1199951171875,298.2200012207031,108546,0.0,0.0,0.0
2023-04-12 14:30:00-04:00,298.20001220703125,298.3900146484375,296.95001220703125,297.114990234375,78018,0.0,0.0,0.0
2023-04-12 15:30:00-04:00,297.010009765625,297.8299865722656,296.8599853515625,297.2099914550781,126389,0.0,0.0,0.0
2023-04-13 09:30:00-04:00,299.0799865722656,302.010009765625,298.5199890136719,301.80999755859375,184507,0.0,0.0,0.0
2023-04-13 10:30:00-04:00,301.9200134277344,302.1300048828125,301.0849914550781,301.760009765625,90071,0.0,0.0,0.0
2023-04-13 11:30:00-04:00,301.67999267578125,302.07000732421875,301.0899963378906,301.8999938964844,114520,0.0,0.0,0.0
2023-04-13 12:30:00-04:00,301.9150085449219,302.1400146484375,301.4700012207031,301.9599914550781,84526,0.0,0.0,0.0
2023-04-13 13:30:00-04:00,301.989990234375,302.92498779296875,301.80999755859375,302.7099914550781,80776,0.0,0.0,0.0
2023-04-13 14:30:00-04:00,302.7200012207031,303.07000732421875,302.3500061035156,302.8900146484375,79264,0.0,0.0,0.0
2023-04-13 15:30:00-04:00,302.94000244140625,303.1700134277344,302.54998779296875,302.8550109863281,124183,0.0,0.0,0.0
2023-04-14 09:30:00-04:00,299.6000061035156,302.8974914550781,299.5899963378906,300.4700012207031,142869,0.0,0.0,0.0
2023-04-14 10:30:00-04:00,300.5899963378906,300.7900085449219,299.7200012207031,299.7900085449219,67220,0.0,0.0,0.0
2023-04-14 11:30:00-04:00,299.7699890136719,299.8999938964844,299.04998779296875,299.4949951171875,100227,0.0,0.0,0.0
2023-04-14 12:30:00-04:00,299.3999938964844,299.5899963378906,298.2300109863281,299.1400146484375,185489,0.0,0.0,0.0
2023-04-14 13:30:00-04:00,299.0199890136719,300.7300109863281,298.6400146484375,300.7300109863281,70682,0.0,0.0,0.0
2023-04-14 14:30:00-04:00,300.92999267578125,301.1050109863281,299.7900085449219,300.94000244140625,100482,0.0,0.0,0.0
2023-04-14 15:30:00-04:00,300.9700012207031,301.760009765625,300.8500061035156,301.3399963378906,122206,0.0,0.0,0.0
2023-04-17 09:30:00-04:00,301.4200134277344,303.5400085449219,301.4200134277344,301.6199951171875,57422,0.0,0.0,0.0
2023-04-17 10:30:00-04:00,301.70001220703125,302.0093994140625,300.75,301.4700012207031,27037,0.0,0.0,0.0
2023-04-17 11:30:00-04:00,300.92999267578125,301.510009765625,300.79998779296875,301.25,70121,0.0,0.0,0.0
2023-04-17 12:30:00-04:00,301.3599853515625,301.9800109863281,301.239990234375,301.6000061035156,53751,0.0,0.0,0.0
2023-04-17 13:30:00-04:00,301.69000244140625,301.7250061035156,300.8599853515625,301.2149963378906,48174,0.0,0.0,0.0
2023-04-17 14:30:00-04:00,301.2049865722656,302.7099914550781,301.2049865722656,302.6650085449219,210896,0.0,0.0,0.0
2023-04-17 15:30:00-04:00,302.6600036621094,302.7200012207031,302.07000732421875,302.6700134277344,121209,0.0,0.0,0.0
2023-04-18 09:30:00-04:00,304.92999267578125,305.6300048828125,302.6499938964844,302.95001220703125,155813,0.0,0.0,0.0
2023-04-18 10:30:00-04:00,302.8349914550781,303.3699951171875,302.4700012207031,302.6700134277344,49226,0.0,0.0,0.0
2023-04-18 11:30:00-04:00,302.8689880371094,302.9800109863281,302.32000732421875,302.8699951171875,21833,0.0,0.0,0.0
2023-04-18 12:30:00-04:00,303.0799865722656,303.1099853515625,302.44000244140625,302.55999755859375,25480,0.0,0.0,0.0
2023-04-18 13:30:00-04:00,302.4800109863281,303.3800048828125,302.4800109863281,303.29998779296875,30132,0.0,0.0,0.0
2023-04-18 14:30:00-04:00,303.2900085449219,303.3590087890625,302.2099914550781,302.94000244140625,42654,0.0,0.0,0.0
2023-04-18 15:30:00-04:00,302.94000244140625,303.45001220703125,302.8800048828125,303.3399963378906,73030,0.0,0.0,0.0
2023-04-19 09:30:00-04:00,301.0,302.3500061035156,300.6000061035156,300.9599914550781,37641,0.0,0.0,0.0
2023-04-19 10:30:00-04:00,301.2799987792969,302.1000061035156,301.2200012207031,301.6199951171875,31143,0.0,0.0,0.0
2023-04-19 11:30:00-04:00,301.8599853515625,302.8399963378906,301.57000732421875,302.7699890136719,43165,0.0,0.0,0.0
2023-04-19 12:30:00-04:00,302.7699890136719,303.1600036621094,302.6300048828125,303.0400085449219,36641,0.0,0.0,0.0
2023-04-19 13:30:00-04:00,303.07000732421875,303.2099914550781,302.3900146484375,302.7300109863281,34829,0.0,0.0,0.0
2023-04-19 14:30:00-04:00,302.7900085449219,302.95001220703125,302.4700012207031,302.6400146484375,34640,0.0,0.0,0.0
2023-04-19 15:30:00-04:00,302.6099853515625,302.7900085449219,302.04998779296875,302.5299987792969,76701,0.0,0.0,0.0
2023-04-20 09:30:00-04:00,300.4700012207031,301.95001220703125,299.8900146484375,301.6199951171875,48447,0.0,0.0,0.0
2023-04-20 10:30:00-04:00,301.7349853515625,302.1000061035156,300.5299987792969,300.739990234375,55668,0.0,0.0,0.0
2023-04-20 11:30:00-04:00,300.7900085449219,301.489990234375,300.4200134277344,301.32000732421875,45465,0.0,0.0,0.0
2023-04-20 12:30:00-04:00,301.30999755859375,302.7200012207031,301.260009765625,302.6600036621094,52182,0.0,0.0,0.0
2023-04-20 13:30:00-04:00,302.69000244140625,302.69000244140625,300.5199890136719,300.5899963378906,63961,0.0,0.0,0.0
2023-04-20 14:30:00-04:00,300.6099853515625,300.69000244140625,299.2099914550781,299.29998779296875,113601,0.0,0.0,0.0
2023-04-20 15:30:00-04:00,299.2799987792969,300.385009765625,299.2799987792969,300.2799987792969,102936,0.0,0.0,0.0
2023-04-21 09:30:00-04:00,300.0199890136719,300.8699951171875,298.6499938964844,300.32000732421875,55151,0.0,0.0,0.0
2023-04-21 10:30:00-04:00,300.3599853515625,300.6000061035156,299.1199951171875,300.4200134277344,59071,0.0,0.0,0.0
2023-04-21 11:30:00-04:00,300.3999938964844,301.17999267578125,300.0299987792969,300.57000732421875,66259,0.0,0.0,0.0
2023-04-21 12:30:00-04:00,300.5799865722656,301.0199890136719,300.2900085449219,300.5400085449219,30706,0.0,0.0,0.0
2023-04-21 13:30:00-04:00,300.75,301.5899963378906,300.75,301.2699890136719,25021,0.0,0.0,0.0
2023-04-21 14:30:00-04:00,301.4200134277344,301.4200134277344,300.06500244140625,300.3999938964844,49774,0.0,0.0,0.0
2023-04-21 15:30:00-04:00,300.3900146484375,300.8599853515625,300.17999267578125,300.80999755859375,92131,0.0,0.0,0.0
2023-04-24 09:30:00-04:00,300.3699951171875,301.6499938964844,299.6000061035156,299.760009765625,45813,0.0,0.0,0.0
2023-04-24 10:30:00-04:00,299.8800048828125,299.9700012207031,297.260009765625,297.5299987792969,71041,0.0,0.0,0.0
2023-04-24 11:30:00-04:00,297.5,297.7799987792969,296.42999267578125,297.2699890136719,143685,0.0,0.0,0.0
2023-04-24 12:30:00-04:00,297.3599853515625,298.0,297.1700134277344,297.8399963378906,40173,0.0,0.0,0.0
2023-04-24 13:30:00-04:00,297.885009765625,298.9700012207031,297.79998779296875,298.54998779296875,60212,0.0,0.0,0.0
2023-04-24 14:30:00-04:00,298.5799865722656,298.80499267578125,298.0400085449219,298.54998779296875,69959,0.0,0.0,0.0
2023-04-24 15:30:00-04:00,298.5199890136719,298.8900146484375,298.3949890136719,298.6400146484375,113513,0.0,0.0,0.0
2023-04-25 09:30:00-04:00,296.3800048828125,296.3800048828125,292.3299865722656,292.3999938964844,325454,0.0,0.0,0.0
2023-04-25 10:30:00-04:00,292.4100036621094,293.2300109863281,292.2200012207031,292.57000732421875,147953,0.0,0.0,0.0
2023-04-25 11:30:00-04:00,292.4800109863281,292.5299987792969,291.5400085449219,291.6000061035156,100684,0.0,0.0,0.0
2023-04-25 12:30:00-04:00,291.6000061035156,292.0799865722656,290.6600036621094,291.29998779296875,108863,0.0,0.0,0.0
2023-04-25 13:30:00-04:00,291.2247009277344,291.29998779296875,290.1700134277344,290.57000732421875,66435,0.0,0.0,0.0
2023-04-25 14:30:00-04:00,290.6099853515625,290.94000244140625,290.0,290.489990234375,146169,0.0,0.0,0.0
2023-04-25 15:30:00-04:00,290.5400085449219,290.8699951171875,289.6300048828125,289.6300048828125,239092,0.0,0.0,0.0
2023-04-26 09:30:00-04:00,292.0,292.92999267578125,290.68011474609375,291.9200134277344,118849,0.0,0.0,0.0
2023-04-26 10:30:00-04:00,292.0199890136719,293.1400146484375,291.6549987792969,292.8999938964844,94637,0.0,0.0,0.0
2023-04-26 11:30:00-04:00,292.95001220703125,294.2099914550781,292.8399963378906,293.5115966796875,97638,0.0,0.0,0.0
2023-04-26 12:30:00-04:00,293.4679870605469,293.4679870605469,292.6300048828125,292.7550048828125,53533,0.0,0.0,0.0
2023-04-26 13:30:00-04:00,292.82000732421875,292.82000732421875,291.25,291.8500061035156,77951,0.0,0.0,0.0
2023-04-26 14:30:00-04:00,291.8500061035156,291.8599853515625,290.29998779296875,290.7200012207031,127368,0.0,0.0,0.0
2023-04-26 15:30:00-04:00,290.75,290.8800048828125,289.7200012207031,290.5,208454,0.0,0.0,0.0
2023-04-27 09:30:00-04:00,291.7900085449219,292.93499755859375,290.92999267578125,292.0,124954,0.0,0.0,0.0
2023-04-27 10:30:00-04:00,291.95001220703125,293.2250061035156,291.55999755859375,293.010009765625,127403,0.0,0.0,0.0
2023-04-27 11:30:00-04:00,292.9949951171875,294.17999267578125,292.7300109863281,294.17999267578125,101444,0.0,0.0,0.0
2023-04-27 12:30:00-04:00,294.1099853515625,294.95001220703125,294.1099853515625,294.8699951171875,66598,0.0,0.0,0.0
2023-04-27 13:30:00-04:00,294.8599853515625,295.42999267578125,294.8500061035156,295.2900085449219,66472,0.0,0.0,0.0
2023-04-27 14:30:00-04:00,295.3572998046875,296.1099853515625,295.2699890136719,295.67999267578125,99406,0.0,0.0,0.0
2023-04-27 15:30:00-04:00,295.625,295.8800048828125,295.2799987792969,295.54998779296875,151715,0.0,0.0,0.0
2023-04-28 09:30:00-04:00,293.6600036621094,296.7099914550781,292.42999267578125,296.6400146484375,135598,0.0,0.0,0.0
2023-04-28 10:30:00-04:00,296.57000732421875,296.57000732421875,293.6400146484375,294.3500061035156,219736,0.0,0.0,0.0
2023-04-28 11:30:00-04:00,294.7200012207031,295.8999938964844,294.3999938964844,295.510009765625,55338,0.0,0.0,0.0
2023-04-28 12:30:00-04:00,295.5810852050781,296.3500061035156,295.1499938964844,295.9100036621094,39074,0.0,0.0,0.0
2023-04-28 13:30:00-04:00,295.9599914550781,297.3999938964844,295.30999755859375,296.1700134277344,314388,0.0,0.0,0.0
2023-04-28 14:30:00-04:00,296.19000244140625,296.4100036621094,295.489990234375,295.6099853515625,155179,0.0,0.0,0.0
2023-04-28 15:30:00-04:00,295.5,296.6099853515625,295.25,296.44000244140625,313076,0.0,0.0,0.0
2023-05-01 09:30:00-04:00,295.5799865722656,296.3599853515625,294.9200134277344,295.5400085449219,94469,0.0,0.0,0.0
2023-05-01 10:30:00-04:00,295.6300048828125,297.44000244140625,295.29998779296875,295.8900146484375,107576,0.0,0.0,0.0
2023-05-01 11:30:00-04:00,295.7900085449219,296.6700134277344,295.4599914550781,296.6499938964844,67059,0.0,0.0,0.0
2023-05-01 12:30:00-04:00,296.80999755859375,297.8399963378906,296.7099914550781,297.260009765625,110766,0.0,0.0,0.0
2023-05-01 13:30:00-04:00,297.2200012207031,297.3699951171875,295.9800109863281,295.9800109863281,66172,0.0,0.0,0.0
2023-05-01 14:30:00-04:00,295.95001220703125,296.2349853515625,295.44500732421875,296.1099853515625,89755,0.0,0.0,0.0
2023-05-01 15:30:00-04:00,296.1600036621094,296.3999938964844,295.5400085449219,296.0299987792969,125404,0.0,0.0,0.0
2023-05-02 09:30:00-04:00,296.25,296.25,292.5400085449219,292.5400085449219,89189,0.0,0.0,0.0
2023-05-02 10:30:00-04:00,292.4800109863281,292.5400085449219,290.7799987792969,291.20001220703125,82436,0.0,0.0,0.0
2023-05-02 11:30:00-04:00,291.2699890136719,291.8900146484375,290.69000244140625,291.8900146484375,107960,0.0,0.0,0.0
2023-05-02 12:30:00-04:00,291.90960693359375,292.20001220703125,291.2699890136719,292.05999755859375,236515,0.0,0.0,0.0
2023-05-02 13:30:00-04:00,292.0299987792969,292.8599853515625,291.80999755859375,292.2300109863281,81601,0.0,0.0,0.0
2023-05-02 14:30:00-04:00,292.30999755859375,292.8500061035156,292.0799865722656,292.3599853515625,63819,0.0,0.0,0.0
2023-05-02 15:30:00-04:00,292.2650146484375,292.2699890136719,291.29998779296875,291.67999267578125,108130,0.0,0.0,0.0
2023-05-03 09:30:00-04:00,292.1099853515625,293.0899963378906,290.7799987792969,290.80999755859375,119242,0.0,0.0,0.0
2023-05-03 10:30:00-04:00,290.9599914550781,291.7699890136719,290.7200012207031,291.4100036621094,42621,0.0,0.0,0.0
2023-05-03 11:30:00-04:00,291.3599853515625,291.6199951171875,290.1199951171875,290.6400146484375,110073,0.0,0.0,0.0
2023-05-03 12:30:00-04:00,290.6000061035156,291.260009765625,290.3290100097656,290.9700012207031,35527,0.0,0.0,0.0
2023-05-03 13:30:00-04:00,290.7900085449219,292.5285949707031,290.29998779296875,291.92999267578125,55884,0.0,0.0,0.0
2023-05-03 14:30:00-04:00,292.0799865722656,293.0450134277344,289.04998779296875,289.25,94220,0.0,0.0,0.0
2023-05-03 15:30:00-04:00,289.05999755859375,289.3299865722656,288.6099853515625,288.8699951171875,123663,0.0,0.0,0.0
2023-05-04 09:30:00-04:00,288.92999267578125,290.30999755859375,288.25,288.4549865722656,54570,0.0,0.0,0.0
2023-05-04 10:30:00-04:00,288.2699890136719,289.6400146484375,288.1400146484375,288.8599853515625,51401,0.0,0.0,0.0
2023-05-04 11:30:00-04:00,288.7799987792969,289.19000244140625,287.3699951171875,288.20001220703125,60799,0.0,0.0,0.0
2023-05-04 12:30:00-04:00,288.25,288.94000244140625,287.4100036621094,288.6199951171875,52635,0.0,0.0,0.0
2023-05-04 13:30:00-04:00,288.75,289.0,287.7200012207031,287.7200012207031,0,0.0,0.0,0.0
2023-05-04 14:30:00-04:00,287.5799865722656,287.8999938964844,286.8550109863281,287.4700012207031,394014,0.0,0.0,0.0
2023-05-04 15:30:00-04:00,287.489990234375,288.3699951171875,287.19000244140625,287.489990234375,132809,0.0,0.0,0.0
2023-05-05 09:30:00-04:00,289.42999267578125,293.04998779296875,289.3699951171875,292.802490234375,70717,0.0,0.0,0.0
2023-05-05 10:30:00-04:00,292.8999938964844,293.82000732421875,292.0799865722656,292.7550048828125,98912,0.0,0.0,0.0
2023-05-05 11:30:00-04:00,292.79998779296875,293.0799865722656,292.25,292.3399963378906,30879,0.0,0.0,0.0
2023-05-05 12:30:00-04:00,292.260009765625,292.7699890136719,292.0199890136719,292.6650085449219,85357,0.0,0.0,0.0
2023-05-05 13:30:00-04:00,292.8500061035156,293.20001220703125,292.3500061035156,293.0799865722656,76590,0.0,0.0,0.0
2023-05-05 14:30:00-04:00,293.0899963378906,293.8900146484375,293.05999755859375,293.7496032714844,81630,0.0,0.0,0.0
2023-05-05 15:30:00-04:00,293.7349853515625,293.80999755859375,293.0400085449219,293.2900085449219,146376,0.0,0.0,0.0
2023-05-08 09:30:00-04:00,294.2099914550781,294.489990234375,291.7799987792969,291.92999267578125,118466,0.0,0.0,0.0
2023-05-08 10:30:00-04:00,292.07000732421875,292.760009765625,291.80999755859375,292.0899963378906,69648,0.0,0.0,0.0
2023-05-08 11:30:00-04:00,292.0,293.6600036621094,291.8299865722656,293.17999267578125,121705,0.0,0.0,0.0
2023-05-08 12:30:00-04:00,293.2099914550781,294.07000732421875,293.1499938964844,293.8299865722656,62054,0.0,0.0,0.0
2023-05-08 13:30:00-04:00,293.8399963378906,294.29998779296875,292.6600036621094,293.57000732421875,77920,0.0,0.0,0.0
2023-05-08 14:30:00-04:00,293.7200012207031,294.25,293.6700134277344,293.80999755859375,54428,0.0,0.0,0.0
2023-05-08 15:30:00-04:00,293.7449951171875,294.45001220703125,293.5799865722656,294.3949890136719,96744,0.0,0.0,0.0
2023-05-09 09:30:00-04:00,294.010009765625,295.8299865722656,293.75,295.5199890136719,61681,0.0,0.0,0.0
2023-05-09 10:30:00-04:00,295.5,296.0,294.82000732421875,295.54998779296875,67455,0.0,0.0,0.0
2023-05-09 11:30:00-04:00,295.45001220703125,295.9700012207031,295.25,295.2974853515625,33436,0.0,0.0,0.0
2023-05-09 12:30:00-04:00,295.260009765625,296.20001220703125,295.1600036621094,296.1600036621094,65450,0.0,0.0,0.0
2023-05-09 13:30:00-04:00,296.1700134277344,296.5400085449219,295.8399963378906,295.9800109863281,35112,0.0,0.0,0.0
2023-05-09 14:30:00-04:00,296.0044860839844,296.1000061035156,294.9800109863281,295.110107421875,60541,0.0,0.0,0.0
2023-05-09 15:30:00-04:00,295.0799865722656,295.45001220703125,294.7799987792969,295.04998779296875,171844,0.0,0.0,0.0
2023-05-10 09:30:00-04:00,298.9649963378906,300.5150146484375,297.6549987792969,299.42999267578125,182655,0.0,0.0,0.0
2023-05-10 10:30:00-04:00,299.54998779296875,299.8699951171875,297.6600036621094,299.29998779296875,75200,0.0,0.0,0.0
2023-05-10 11:30:00-04:00,299.2900085449219,299.6600036621094,298.32501220703125,299.1300048828125,111394,0.0,0.0,0.0
2023-05-10 12:30:00-04:00,299.2200012207031,299.6600036621094,297.2749938964844,297.3550109863281,59220,0.0,0.0,0.0
2023-05-10 13:30:00-04:00,297.29998779296875,298.7898864746094,296.989990234375,298.6499938964844,63591,0.0,0.0,0.0
2023-05-10 14:30:00-04:00,298.5400085449219,300.25,298.5400085449219,300.010009765625,141770,0.0,0.0,0.0
2023-05-10 15:30:00-04:00,299.885009765625,300.260009765625,299.3599853515625,299.5,179208,0.0,0.0,0.0
2023-05-11 09:30:00-04:00,298.989990234375,299.5,296.57000732421875,297.70001220703125,69179,0.0,0.0,0.0
2023-05-11 10:30:00-04:00,297.5201110839844,297.67999267578125,296.3399963378906,297.6199951171875,97756,0.0,0.0,0.0
2023-05-11 11:30:00-04:00,297.6300048828125,297.875,297.1000061035156,297.3500061035156,68316,0.0,0.0,0.0
2023-05-11 12:30:00-04:00,297.3299865722656,297.8599853515625,297.3299865722656,297.6099853515625,40396,0.0,0.0,0.0
2023-05-11 13:30:00-04:00,297.42999267578125,297.82000732421875,296.5199890136719,297.7900085449219,42790,0.0,0.0,0.0
2023-05-11 14:30:00-04:00,297.8299865722656,298.489990234375,297.7200012207031,298.07000732421875,62262,0.0,0.0,0.0
2023-05-11 15:30:00-04:00,297.9150085449219,298.05999755859375,297.3299865722656,297.9700012207031,122684,0.0,0.0,0.0
2023-05-12 09:30:00-04:00,297.69000244140625,298.4800109863281,296.6400146484375,297.0,53929,0.0,0.0,0.0
2023-05-12 10:30:00-04:00,296.30999755859375,296.8999938964844,295.8599853515625,296.1199951171875,45020,0.0,0.0,0.0
2023-05-12 11:30:00-04:00,296.0400085449219,296.95001220703125,295.95001220703125,296.04998779296875,74062,0.0,0.0,0.0
2023-05-12 12:30:00-04:00,295.9800109863281,296.58740234375,294.8900146484375,296.2699890136719,32830,0.0,0.0,0.0
2023-05-12 13:30:00-04:00,296.42999267578125,296.55999755859375,295.6400146484375,295.7799987792969,62642,0.0,0.0,0.0
2023-05-12 14:30:00-04:00,295.95001220703125,296.3900146484375,295.489990234375,296.2900085449219,80471,0.0,0.0,0.0
2023-05-12 15:30:00-04:00,296.4049987792969,297.3299865722656,296.4049987792969,297.1199951171875,131101,0.0,0.0,0.0
2023-05-15 09:30:00-04:00,296.1966857910156,297.6600036621094,295.8699951171875,296.8500061035156,39317,0.0,0.0,0.0
2023-05-15 10:30:00-04:00,296.95001220703125,299.0,296.95001220703125,299.0,33599,0.0,0.0,0.0
2023-05-15 11:30:00-04:00,298.5899963378906,299.3399963378906,298.5899963378906,299.0199890136719,31456,0.0,0.0,0.0
2023-05-15 12:30:00-04:00,298.9200134277344,300.2392883300781,298.79400634765625,299.80999755859375,34602,0.0,0.0,0.0
2023-05-15 13:30:00-04:00,299.7300109863281,299.9800109863281,299.1499938964844,299.7300109863281,34553,0.0,0.0,0.0
2023-05-15 14:30:00-04:00,299.70001220703125,300.2900085449219,299.510009765625,300.20001220703125,107248,0.0,0.0,0.0
2023-05-15 15:30:00-04:00,300.1400146484375,300.3500061035156,299.82000732421875,300.260009765625,95680,0.0,0.0,0.0
2023-05-16 09:30:00-04:00,298.1300048828125,300.0799865722656,298.1300048828125,299.8999938964844,48128,0.0,0.0,0.0
2023-05-16 10:30:00-04:00,300.0400085449219,300.7200012207031,299.6549987792969,300.2900085449219,63937,0.0,0.0,0.0
2023-05-16 11:30:00-04:00,300.13751220703125,300.3800048828125,299.2900085449219,299.6499938964844,43024,0.0,0.0,0.0
2023-05-16 12:30:00-04:00,299.75,300.17999267578125,299.42999267578125,299.4800109863281,62472,0.0,0.0,0.0
2023-05-16 13:30:00-04:00,299.4800109863281,300.19989013671875,299.4800109863281,300.05999755859375,37317,0.0,0.0,0.0
2023-05-16 14:30:00-04:00,300.0199890136719,300.70001220703125,299.87750244140625,300.6000061035156,88748,0.0,0.0,0.0
2023-05-16 15:30:00-04:00,300.5199890136719,300.5899963378906,299.5400085449219,299.6600036621094,169396,0.0,0.0,0.0
2023-05-17 09:30:00-04:00,301.1199951171875,302.0,300.2699890136719,300.989990234375,64766,0.0,0.0,0.0
2023-05-17 10:30:00-04:00,301.260009765625,302.8399963378906,301.260009765625,302.67999267578125,48193,0.0,0.0,0.0
2023-05-17 11:30:00-04:00,302.8550109863281,303.7998046875,302.739990234375,303.6600036621094,99748,0.0,0.0,0.0
2023-05-17 12:30:00-04:00,303.7300109863281,305.29998779296875,303.6700134277344,305.17999267578125,103117,0.0,0.0,0.0
2023-05-17 13:30:00-04:00,305.19000244140625,305.7799987792969,305.07000732421875,305.6600036621094,189130,0.0,0.0,0.0
2023-05-17 14:30:00-04:00,305.67999267578125,306.0,305.05999755859375,305.6499938964844,167983,0.0,0.0,0.0
2023-05-17 15:30:00-04:00,305.6600036621094,305.9150085449219,305.3299865722656,305.6300048828125,241010,0.0,0.0,0.0
2023-05-18 09:30:00-04:00,306.6000061035156,310.1199951171875,306.5,309.9700012207031,143437,0.0,0.0,0.0
2023-05-18 10:30:00-04:00,310.0400085449219,311.6099853515625,309.8478088378906,311.2300109863281,115689,0.0,0.0,0.0
2023-05-18 11:30:00-04:00,311.2799987792969,311.95001220703125,310.20001220703125,310.4100036621094,194066,0.0,0.0,0.0
2023-05-18 12:30:00-04:00,310.3399963378906,311.1199951171875,310.1700134277344,310.4200134277344,131477,0.0,0.0,0.0
2023-05-18 13:30:00-04:00,310.2200012207031,311.1600036621094,309.8599853515625,310.92999267578125,68513,0.0,0.0,0.0
2023-05-18 14:30:00-04:00,311.010009765625,312.3900146484375,310.92999267578125,312.2099914550781,136227,0.0,0.0,0.0
2023-05-18 15:30:00-04:00,312.29998779296875,313.32000732421875,312.1400146484375,313.07000732421875,312400,0.0,0.0,0.0
2023-05-19 09:30:00-04:00,312.8999938964844,313.94000244140625,312.2699890136719,313.239990234375,87996,0.0,0.0,0.0
2023-05-19 10:30:00-04:00,313.3299865722656,313.54998779296875,312.2200012207031,312.3999938964844,139238,0.0,0.0,0.0
2023-05-19 11:30:00-04:00,312.25,313.30999755859375,311.55999755859375,312.3999938964844,54171,0.0,0.0,0.0
2023-05-19 12:30:00-04:00,311.8299865722656,312.909912109375,311.6199951171875,312.55999755859375,37285,0.0,0.0,0.0
2023-05-19 13:30:00-04:00,312.6700134277344,313.0899963378906,312.1600036621094,312.93499755859375,38668,0.0,0.0,0.0
2023-05-19 14:30:00-04:00,312.5400085449219,312.8599853515625,312.1400146484375,312.6300048828125,44245,0.0,0.0,0.0
2023-05-19 15:30:00-04:00,312.7200012207031,313.20001220703125,312.489990234375,312.94000244140625,125641,0.0,0.0,0.0
2023-05-22 09:30:00-04:00,313.5400085449219,315.6000061035156,312.1700134277344,314.92999267578125,338684,0.0,0.0,0.0
2023-05-22 10:30:00-04:00,314.8999938964844,315.5799865722656,314.5799865722656,315.29998779296875,198605,0.0,0.0,0.0
2023-05-22 11:30:00-04:00,315.3699951171875,315.7560119628906,314.55499267578125,314.6449890136719,90902,0.0,0.0,0.0
2023-05-22 12:30:00-04:00,314.6700134277344,315.4049987792969,314.4649963378906,315.1449890136719,67989,0.0,0.0,0.0
2023-05-22 13:30:00-04:00,315.2550048828125,315.5107116699219,314.9200134277344,315.5107116699219,33727,0.0,0.0,0.0
2023-05-22 14:30:00-04:00,315.4700012207031,316.1000061035156,315.0400085449219,315.25,95710,0.0,0.0,0.0
2023-05-22 15:30:00-04:00,315.32000732421875,315.32000732421875,314.760009765625,314.80999755859375,130796,0.0,0.0,0.0
2023-05-23 09:30:00-04:00,313.92999267578125,314.8999938964844,312.8500061035156,313.92999267578125,57183,0.0,0.0,0.0
2023-05-23 10:30:00-04:00,313.6499938964844,314.510009765625,313.4800109863281,314.0799865722656,56320,0.0,0.0,0.0
2023-05-23 11:30:00-04:00,314.0299987792969,314.1300048828125,312.30999755859375,312.30999755859375,49730,0.0,0.0,0.0
2023-05-23 12:30:00-04:00,312.42999267578125,312.44000244140625,311.1400146484375,311.29998779296875,70318,0.0,0.0,0.0
2023-05-23 13:30:00-04:00,311.29998779296875,311.5199890136719,309.54998779296875,310.19000244140625,117563,0.0,0.0,0.0
2023-05-23 14:30:00-04:00,310.2650146484375,310.614990234375,309.7749938964844,310.25,103803,0.0,0.0,0.0
2023-05-23 15:30:00-04:00,310.2900085449219,310.69000244140625,309.7250061035156,309.8349914550781,203208,0.0,0.0,0.0
2023-05-24 09:30:00-04:00,306.75,308.6700134277344,306.5799865722656,306.8999938964844,0,0.0,0.0,0.0
2023-05-24 10:30:00-04:00,306.8500061035156,308.6600036621094,306.739990234375,307.9649963378906,135505,0.0,0.0,0.0
2023-05-24 11:30:00-04:00,308.0299987792969,308.239990234375,307.1050109863281,307.5150146484375,51601,0.0,0.0,0.0
2023-05-24 12:30:00-04:00,307.4599914550781,308.05999755859375,307.1300048828125,307.92999267578125,41898,0.0,0.0,0.0
2023-05-24 13:30:00-04:00,307.9100036621094,308.9700012207031,307.9100036621094,308.1499938964844,51219,0.0,0.0,0.0
2023-05-24 14:30:00-04:00,308.135009765625,309.46661376953125,307.70001220703125,309.3699951171875,39174,0.0,0.0,0.0
2023-05-24 15:30:00-04:00,309.3699951171875,309.8399963378906,308.0199890136719,308.2300109863281,83692,0.0,0.0,0.0
2023-05-25 09:30:00-04:00,313.3699951171875,313.739990234375,311.5450134277344,312.75,125116,0.0,0.0,0.0
2023-05-25 10:30:00-04:00,312.7900085449219,315.55499267578125,312.6400146484375,314.6029968261719,72903,0.0,0.0,0.0
2023-05-25 11:30:00-04:00,314.6700134277344,315.989990234375,313.7699890136719,315.7969055175781,67668,0.0,0.0,0.0
2023-05-25 12:30:00-04:00,315.8299865722656,316.0400085449219,315.0299987792969,315.8999938964844,57810,0.0,0.0,0.0
2023-05-25 13:30:00-04:00,315.989990234375,317.6700134277344,315.7799987792969,317.0400085449219,222995,0.0,0.0,0.0
2023-05-25 14:30:00-04:00,316.7900085449219,317.010009765625,315.5299987792969,316.8599853515625,110459,0.0,0.0,0.0
2023-05-25 15:30:00-04:00,316.7699890136719,317.0299987792969,315.8999938964844,315.9599914550781,195181,0.0,0.0,0.0
2023-05-26 09:30:00-04:00,318.19000244140625,323.3500061035156,318.1099853515625,323.3500061035156,116550,0.0,0.0,0.0
2023-05-26 10:30:00-04:00,323.4800109863281,325.3500061035156,323.19000244140625,324.42999267578125,113195,0.0,0.0,0.0
2023-05-26 11:30:00-04:00,324.260009765625,324.989990234375,323.9049987792969,324.57000732421875,274844,0.0,0.0,0.0
2023-05-26 12:30:00-04:00,324.4967956542969,324.82000732421875,323.7900085449219,323.9700012207031,72469,0.0,0.0,0.0
2023-05-26 13:30:00-04:00,324.010009765625,324.14990234375,323.32000732421875,323.6300048828125,68254,0.0,0.0,0.0
2023-05-26 14:30:00-04:00,323.6499938964844,324.25,323.3999938964844,323.82000732421875,108393,0.0,0.0,0.0
2023-05-26 15:30:00-04:00,323.6499938964844,323.8599853515625,323.2300109863281,323.3900146484375,187445,0.0,0.0,0.0
2023-05-30 09:30:00-04:00,328.8900146484375,330.5899963378906,325.3299865722656,325.79998779296875,236454,0.0,0.0,0.0
2023-05-30 10:30:00-04:00,325.4649963378906,327.0199890136719,325.3999938964844,326.5299987792969,121713,0.0,0.0,0.0
2023-05-30 11:30:00-04:00,326.6199951171875,327.1600036621094,325.2300109863281,325.2300109863281,81046,0.0,0.0,0.0
2023-05-30 12:30:00-04:00,325.1700134277344,326.0350036621094,324.8100891113281,325.67498779296875,0,0.0,0.0,0.0
2023-05-30 13:30:00-04:00,325.6099853515625,326.3500061035156,324.55499267578125,326.2699890136719,0,0.0,0.0,0.0
2023-05-30 14:30:00-04:00,326.2200012207031,327.0299987792969,326.0849914550781,326.70001220703125,758345,0.0,0.0,0.0
2023-05-30 15:30:00-04:00,326.69000244140625,327.0,325.610107421875,325.8900146484375,199300,0.0,0.0,0.0
2023-05-31 09:30:00-04:00,323.6300048828125,327.2099914550781,323.0400085449219,323.7362976074219,112899,0.0,0.0,0.0
2023-05-31 10:30:00-04:00,323.6575012207031,325.44000244140625,323.3299865722656,324.3299865722656,45197,0.0,0.0,0.0
2023-05-31 11:30:00-04:00,324.20001220703125,325.42999267578125,324.1799011230469,325.1499938964844,48365,0.0,0.0,0.0
2023-05-31 12:30:00-04:00,325.05999755859375,326.4599914550781,324.8599853515625,326.4599914550781,68882,0.0,0.0,0.0
2023-05-31 13:30:00-04:00,326.5799865722656,327.70001220703125,326.5799865722656,327.4200134277344,132207,0.0,0.0,0.0
2023-05-31 14:30:00-04:00,327.3699951171875,327.5199890136719,326.1300048828125,326.5350036621094,104302,0.0,0.0,0.0
2023-05-31 15:30:00-04:00,326.57000732421875,328.3900146484375,326.4800109863281,328.0199890136719,263718,0.0,0.0,0.0
2023-06-01 09:30:00-04:00,323.5299987792969,325.25,321.36968994140625,325.2200012207031,125655,0.0,0.0,0.0
2023-06-01 10:30:00-04:00,325.25,326.760009765625,324.80999755859375,326.4800109863281,69695,0.0,0.0,0.0
2023-06-01 11:30:00-04:00,326.4986877441406,328.4599914550781,326.4986877441406,328.29998779296875,57670,0.0,0.0,0.0
2023-06-01 12:30:00-04:00,328.1600036621094,328.45001220703125,327.82000732421875,327.82000732421875,39568,0.0,0.0,0.0
2023-06-01 13:30:00-04:00,327.7699890136719,329.6099853515625,327.7099914550781,329.45001220703125,41485,0.0,0.0,0.0
2023-06-01 14:30:00-04:00,329.239990234375,330.2900085449219,328.55499267578125,328.55499267578125,66514,0.0,0.0,0.0
2023-06-01 15:30:00-04:00,328.6300048828125,328.6600036621094,327.5400085449219,328.010009765625,143335,0.0,0.0,0.0
2023-06-02 09:30:00-04:00,330.1300048828125,332.1099853515625,327.7300109863281,328.70001220703125,130570,0.0,0.0,0.0
2023-06-02 10:30:00-04:00,328.94000244140625,330.82000732421875,328.29010009765625,330.67999267578125,159684,0.0,0.0,0.0
2023-06-02 11:30:00-04:00,330.75,330.989990234375,329.55999755859375,329.79998779296875,111832,0.0,0.0,0.0
2023-06-02 12:30:00-04:00,330.0,331.1000061035156,329.989990234375,330.9200134277344,61371,0.0,0.0,0.0
2023-06-02 13:30:00-04:00,330.8699951171875,330.8699951171875,329.7799987792969,330.239990234375,93549,0.0,0.0,0.0
2023-06-02 14:30:00-04:00,330.2200012207031,330.7200012207031,329.79998779296875,329.8299865722656,103938,0.0,0.0,0.0
2023-06-02 15:30:00-04:00,329.80499267578125,330.3900146484375,329.69000244140625,330.04998779296875,171300,0.0,0.0,0.0
2023-06-05 09:30:00-04:00,329.6700134277344,329.7699890136719,327.8900146484375,328.4999084472656,157914,0.0,0.0,0.0
2023-06-05 10:30:00-04:00,328.4599914550781,331.2049865722656,328.29998779296875,331.1000061035156,65979,0.0,0.0,0.0
2023-06-05 11:30:00-04:00,331.1650085449219,333.2300109863281,330.8800048828125,332.8800048828125,74705,0.0,0.0,0.0
2023-06-05 12:30:00-04:00,332.94000244140625,334.1600036621094,332.8800048828125,333.4700012207031,0,0.0,0.0,0.0
2023-06-05 13:30:00-04:00,333.5,333.6199951171875,332.2200012207031,332.4100036621094,442928,0.0,0.0,0.0
2023-06-05 14:30:00-04:00,332.29998779296875,333.4599914550781,331.239990234375,332.9700012207031,141122,0.0,0.0,0.0
2023-06-05 15:30:00-04:00,332.9700012207031,333.25,332.3800048828125,332.3900146484375,214219,0.0,0.0,0.0
2023-06-06 09:30:00-04:00,332.0950012207031,333.489990234375,331.6000061035156,333.1199951171875,58739,0.0,0.0,0.0
2023-06-06 10:30:00-04:00,333.0899963378906,333.9100036621094,332.2699890136719,332.9599914550781,60673,0.0,0.0,0.0
2023-06-06 11:30:00-04:00,332.9100036621094,334.3900146484375,332.9100036621094,333.44000244140625,77089,0.0,0.0,0.0
2023-06-06 12:30:00-04:00,333.42999267578125,333.6099853515625,332.510009765625,333.0799865722656,70840,0.0,0.0,0.0
2023-06-06 13:30:00-04:00,333.135009765625,333.54998779296875,332.6700134277344,333.54998779296875,0,0.0,0.0,0.0
2023-06-06 14:30:00-04:00,333.57000732421875,333.9599914550781,333.07000732421875,333.6700134277344,454144,0.0,0.0,0.0
2023-06-06 15:30:00-04:00,333.70001220703125,333.7300109863281,333.1099853515625,333.2349853515625,150650,0.0,0.0,0.0
2023-06-07 09:30:00-04:00,333.3699951171875,335.0899963378906,329.1300048828125,329.45001220703125,340534,0.0,0.0,0.0
2023-06-07 10:30:00-04:00,329.4700012207031,329.5899963378906,326.7799987792969,327.7200012207031,222968,0.0,0.0,0.0
2023-06-07 11:30:00-04:00,327.7099914550781,328.1499938964844,323.9100036621094,324.2099914550781,176074,0.0,0.0,0.0
2023-06-07 12:30:00-04:00,324.260009765625,324.75,323.1400146484375,323.5799865722656,164505,0.0,0.0,0.0
2023-06-07 13:30:00-04:00,323.6000061035156,324.864990234375,323.1000061035156,324.25,167339,0.0,0.0,0.0
2023-06-07 14:30:00-04:00,324.2699890136719,324.3299865722656,323.2099914550781,323.5295104980469,227215,0.0,0.0,0.0
2023-06-07 15:30:00-04:00,323.4599914550781,323.7300109863281,322.0,322.7300109863281,357726,0.0,0.0,0.0
2023-06-08 09:30:00-04:00,322.4100036621094,326.30999755859375,322.4100036621094,326.1698913574219,141132,0.0,0.0,0.0
2023-06-08 10:30:00-04:00,326.44000244140625,328.19500732421875,325.9599914550781,328.04998779296875,160838,0.0,0.0,0.0
2023-06-08 11:30:00-04:00,328.0799865722656,328.5299987792969,327.6600036621094,328.5299987792969,62088,0.0,0.0,0.0
2023-06-08 12:30:00-04:00,328.30999755859375,328.4779968261719,326.3900146484375,326.69000244140625,70884,0.0,0.0,0.0
2023-06-08 13:30:00-04:00,326.6400146484375,326.8103942871094,325.5050048828125,326.75,80388,0.0,0.0,0.0
2023-06-08 14:30:00-04:00,326.7200012207031,327.7699890136719,326.6600036621094,327.5199890136719,74357,0.0,0.0,0.0
2023-06-08 15:30:00-04:00,327.3999938964844,327.5899963378906,327.1700134277344,327.3599853515625,126696,0.0,0.0,0.0
2023-06-09 09:30:00-04:00,330.1400146484375,334.39898681640625,329.2200012207031,332.8699951171875,106545,0.0,0.0,0.0
2023-06-09 10:30:00-04:00,333.25,333.3500061035156,329.9849853515625,329.9849853515625,80025,0.0,0.0,0.0
2023-06-09 11:30:00-04:00,329.9800109863281,330.3299865722656,328.5,329.0899963378906,92829,0.0,0.0,0.0
2023-06-09 12:30:00-04:00,329.1000061035156,330.1050109863281,328.3900146484375,330.0299987792969,56191,0.0,0.0,0.0
2023-06-09 13:30:00-04:00,330.1650085449219,330.8599853515625,330.0299987792969,330.3699951171875,49414,0.0,0.0,0.0
2023-06-09 14:30:00-04:00,330.4200134277344,330.8599853515625,329.75,330.7300109863281,90495,0.0,0.0,0.0
2023-06-09 15:30:00-04:00,330.67999267578125,330.7699890136719,330.0199890136719,330.3500061035156,127093,0.0,0.0,0.0
2023-06-12 09:30:00-04:00,333.7099914550781,335.7699890136719,333.1199951171875,334.6499938964844,147859,0.0,0.0,0.0
2023-06-12 10:30:00-04:00,334.6499938964844,335.67498779296875,334.2900085449219,335.239990234375,68915,0.0,0.0,0.0
2023-06-12 11:30:00-04:00,335.45001220703125,336.7200012207031,335.42999267578125,336.25,114898,0.0,0.0,0.0
2023-06-12 12:30:00-04:00,336.2699890136719,336.82501220703125,336.2099914550781,336.510009765625,100298,0.0,0.0,0.0
2023-06-12 13:30:00-04:00,336.5199890136719,337.45989990234375,336.2799987792969,336.3299865722656,144577,0.0,0.0,0.0
2023-06-12 14:30:00-04:00,336.322998046875,338.04998779296875,336.322998046875,337.5799865722656,89845,0.0,0.0,0.0
2023-06-12 15:30:00-04:00,337.54998779296875,338.1199951171875,337.3500061035156,337.989990234375,176093,0.0,0.0,0.0
2023-06-13 09:30:00-04:00,344.75,344.75,337.9100036621094,338.5799865722656,233240,0.0,0.0,0.0
2023-06-13 10:30:00-04:00,338.92999267578125,340.6099853515625,338.3467102050781,340.2900085449219,73787,0.0,0.0,0.0
2023-06-13 11:30:00-04:00,340.2900085449219,340.69000244140625,338.7099914550781,339.1000061035156,52673,0.0,0.0,0.0
2023-06-13 12:30:00-04:00,339.1499938964844,340.6400146484375,338.92999267578125,340.20001220703125,63625,0.0,0.0,0.0
2023-06-13 13:30:00-04:00,340.3999938964844,340.7550048828125,338.6499938964844,338.6700134277344,60732,0.0,0.0,0.0
2023-06-13 14:30:00-04:00,338.6099853515625,340.1050109863281,338.45001220703125,339.30999755859375,110073,0.0,0.0,0.0
2023-06-13 15:30:00-04:00,339.3299865722656,340.489990234375,339.239990234375,340.489990234375,177509,0.0,0.0,0.0
2023-06-14 09:30:00-04:00,339.739990234375,342.5299987792969,339.1700134277344,341.2701110839844,78621,0.0,0.0,0.0
2023-06-14 10:30:00-04:00,342.1300048828125,343.529296875,341.4200134277344,343.44000244140625,35519,0.0,0.0,0.0
2023-06-14 11:30:00-04:00,343.55999755859375,343.9200134277344,342.6700134277344,343.239990234375,27460,0.0,0.0,0.0
2023-06-14 12:30:00-04:00,343.04998779296875,343.6700134277344,342.32000732421875,342.3399963378906,116545,0.0,0.0,0.0
2023-06-14 13:30:00-04:00,342.30999755859375,342.8999938964844,338.6499938964844,339.6700134277344,104266,0.0,0.0,0.0
2023-06-14 14:30:00-04:00,339.489990234375,342.8599853515625,339.0799865722656,341.42999267578125,126695,0.0,0.0,0.0
2023-06-14 15:30:00-04:00,341.4200134277344,342.489990234375,340.67498779296875,342.4599914550781,163127,0.0,0.0,0.0
2023-06-15 09:30:00-04:00,340.0,345.30999755859375,339.89300537109375,345.1300048828125,89336,0.0,0.0,0.0
2023-06-15 10:30:00-04:00,344.8399963378906,346.1300048828125,343.94000244140625,346.1099853515625,85618,0.0,0.0,0.0
2023-06-15 11:30:00-04:00,345.9800109863281,347.510009765625,345.9200134277344,346.8999938964844,91507,0.0,0.0,0.0
2023-06-15 12:30:00-04:00,346.95001220703125,347.8800048828125,346.3299865722656,347.8599853515625,83176,0.0,0.0,0.0
2023-06-15 13:30:00-04:00,347.989990234375,349.0899963378906,347.6300048828125,348.6099853515625,106685,0.0,0.0,0.0
2023-06-15 14:30:00-04:00,348.7200012207031,350.45001220703125,348.6700134277344,350.0299987792969,195161,0.0,0.0,0.0
2023-06-15 15:30:00-04:00,350.07000732421875,350.54998779296875,349.04998779296875,349.3900146484375,268409,0.0,0.0,0.0
2023-06-16 09:30:00-04:00,352.95001220703125,353.9684143066406,348.1600036621094,349.9700012207031,129809,0.0,0.0,0.0
2023-06-16 10:30:00-04:00,349.92999267578125,350.1600036621094,347.8599853515625,348.3699951171875,88780,0.0,0.0,0.0
2023-06-16 11:30:00-04:00,348.5199890136719,349.02459716796875,347.69000244140625,348.8500061035156,69406,0.0,0.0,0.0
2023-06-16 12:30:00-04:00,348.8699951171875,350.05999755859375,348.1099853515625,348.1099853515625,51292,0.0,0.0,0.0
2023-06-16 13:30:00-04:00,348.0150146484375,348.79998779296875,347.8299865722656,348.0249938964844,52804,0.0,0.0,0.0
2023-06-16 14:30:00-04:00,347.75,347.9700012207031,346.489990234375,346.8699951171875,147573,0.0,0.0,0.0
2023-06-16 15:30:00-04:00,346.8699951171875,347.8399963378906,346.80999755859375,347.1600036621094,313040,0.0,0.0,0.0
2023-06-20 09:30:00-04:00,344.2300109863281,347.2900085449219,342.5400085449219,342.5400085449219,309134,0.0,0.0,0.0
2023-06-20 10:30:00-04:00,342.2650146484375,342.8599853515625,341.19000244140625,342.45001220703125,222713,0.0,0.0,0.0
2023-06-20 11:30:00-04:00,342.5899963378906,343.3900146484375,341.625,343.3599853515625,70861,0.0,0.0,0.0
2023-06-20 12:30:00-04:00,343.3800048828125,344.5799865722656,343.17999267578125,344.1000061035156,60786,0.0,0.0,0.0
2023-06-20 13:30:00-04:00,344.2200012207031,344.42999267578125,343.3299865722656,344.2099914550781,60377,0.0,0.0,0.0
2023-06-20 14:30:00-04:00,344.2749938964844,344.2749938964844,343.3900146484375,344.0799865722656,79302,0.0,0.0,0.0
2023-06-20 15:30:00-04:00,344.1000061035156,344.5899963378906,343.75,344.0199890136719,142310,0.0,0.0,0.0
2023-06-21 09:30:00-04:00,342.79998779296875,344.2200012207031,339.54998779296875,339.85198974609375,288820,0.0,0.0,0.0
2023-06-21 10:30:00-04:00,340.05999755859375,340.2799987792969,336.4200134277344,338.0,227206,0.0,0.0,0.0
2023-06-21 11:30:00-04:00,338.0824890136719,338.5,336.78900146484375,337.6099853515625,123325,0.0,0.0,0.0
2023-06-21 12:30:00-04:00,337.6700134277344,338.3500061035156,337.3900146484375,337.9599914550781,196847,0.0,0.0,0.0
2023-06-21 13:30:00-04:00,337.94659423828125,339.75,337.94659423828125,339.4700012207031,172477,0.0,0.0,0.0
2023-06-21 14:30:00-04:00,339.5199890136719,339.8999938964844,338.8699951171875,338.89990234375,196043,0.0,0.0,0.0
2023-06-21 15:30:00-04:00,338.9200134277344,339.0321960449219,337.54998779296875,337.7200012207031,261853,0.0,0.0,0.0
2023-06-22 09:30:00-04:00,335.760009765625,339.4200134277344,335.5899963378906,338.739990234375,55511,0.0,0.0,0.0
2023-06-22 10:30:00-04:00,338.82000732421875,339.2200012207031,337.1099853515625,337.80999755859375,68773,0.0,0.0,0.0
2023-06-22 11:30:00-04:00,337.7300109863281,339.54998779296875,337.54998779296875,338.3999938964844,123315,0.0,0.0,0.0
2023-06-22 12:30:00-04:00,338.260009765625,338.7200012207031,337.5799865722656,337.95001220703125,97866,0.0,0.0,0.0
2023-06-22 13:30:00-04:00,337.9599914550781,338.75,337.8900146484375,338.69000244140625,94726,0.0,0.0,0.0
2023-06-22 14:30:00-04:00,338.70001220703125,339.2699890136719,338.2900085449219,338.8399963378906,145099,0.0,0.0,0.0
2023-06-22 15:30:00-04:00,338.7699890136719,339.7099914550781,338.55499267578125,339.57000732421875,217622,0.0,0.0,0.0
2023-06-23 09:30:00-04:00,335.5299987792969,337.0199890136719,334.6700134277344,336.135009765625,123673,0.0,0.0,0.0
2023-06-23 10:30:00-04:00,336.4200134277344,337.2900085449219,335.55999755859375,335.75,63953,0.0,0.0,0.0
2023-06-23 11:30:00-04:00,335.6050109863281,337.70001220703125,335.6050109863281,337.70001220703125,87086,0.0,0.0,0.0
2023-06-23 12:30:00-04:00,337.739990234375,338.5498962402344,337.6499938964844,338.1499938964844,101078,0.0,0.0,0.0
2023-06-23 13:30:00-04:00,338.1600036621094,338.25,337.07000732421875,337.3500061035156,117237,0.0,0.0,0.0
2023-06-23 14:30:00-04:00,337.3299865722656,337.5199890136719,336.1600036621094,336.93499755859375,154723,0.0,0.0,0.0
2023-06-23 15:30:00-04:00,337.0350036621094,337.260009765625,336.489990234375,336.6199951171875,183581,0.0,0.0,0.0
2023-06-26 09:30:00-04:00,335.75,339.75,335.0,338.9599914550781,52097,0.0,0.0,0.0
2023-06-26 10:30:00-04:00,339.0,339.0,336.6400146484375,337.0199890136719,71945,0.0,0.0,0.0
2023-06-26 11:30:00-04:00,337.0,337.510009765625,335.4700012207031,335.6199951171875,102223,0.0,0.0,0.0
2023-06-26 12:30:00-04:00,335.5,335.8800048828125,334.7799987792969,335.739990234375,54422,0.0,0.0,0.0
2023-06-26 13:30:00-04:00,335.7900085449219,335.8900146484375,335.0,335.3299865722656,40814,0.0,0.0,0.0
2023-06-26 14:30:00-04:00,335.3599853515625,336.1199951171875,335.1700134277344,335.2099914550781,155376,0.0,0.0,0.0
2023-06-26 15:30:00-04:00,335.2799987792969,335.489990234375,333.8500061035156,333.9100036621094,256359,0.0,0.0,0.0
2023-06-27 09:30:00-04:00,335.8999938964844,338.17999267578125,335.4100036621094,337.4599914550781,68955,0.0,0.0,0.0
2023-06-27 10:30:00-04:00,337.2099914550781,337.67999267578125,335.80999755859375,337.489990234375,42003,0.0,0.0,0.0
2023-06-27 11:30:00-04:00,337.67999267578125,339.0299987792969,337.6000061035156,338.9800109863281,23294,0.0,0.0,0.0
2023-06-27 12:30:00-04:00,339.1400146484375,339.9599914550781,338.7099914550781,339.7699890136719,46296,0.0,0.0,0.0
2023-06-27 13:30:00-04:00,339.8900146484375,340.8399963378906,339.82000732421875,340.8399963378906,55825,0.0,0.0,0.0
2023-06-27 14:30:00-04:00,340.9800109863281,341.6400146484375,340.6000061035156,341.6400146484375,102299,0.0,0.0,0.0
2023-06-27 15:30:00-04:00,341.6000061035156,341.6199951171875,340.2900085449219,340.3500061035156,132882,0.0,0.0,0.0
2023-06-28 09:30:00-04:00,338.5899963378906,342.6300048828125,338.5899963378906,342.6300048828125,89526,0.0,0.0,0.0
2023-06-28 10:30:00-04:00,342.5849914550781,343.8799133300781,341.1600036621094,341.7699890136719,97360,0.0,0.0,0.0
2023-06-28 11:30:00-04:00,341.94000244140625,343.510009765625,341.80999755859375,342.07000732421875,55673,0.0,0.0,0.0
2023-06-28 12:30:00-04:00,341.9700012207031,342.010009765625,340.3299865722656,341.4100036621094,71963,0.0,0.0,0.0
2023-06-28 13:30:00-04:00,341.510009765625,341.95001220703125,341.1300048828125,341.739990234375,58031,0.0,0.0,0.0
2023-06-28 14:30:00-04:00,341.7200012207031,342.0,340.5299987792969,341.25,53301,0.0,0.0,0.0
2023-06-28 15:30:00-04:00,341.20001220703125,341.8299865722656,340.760009765625,341.7799987792969,83902,0.0,0.0,0.0
2023-06-29 09:30:00-04:00,342.29998779296875,342.760009765625,340.3999938964844,340.760009765625,97717,0.0,0.0,0.0
2023-06-29 10:30:00-04:00,340.82000732421875,342.614990234375,339.9599914550781,342.45001220703125,128957,0.0,0.0,0.0
2023-06-29 11:30:00-04:00,342.55999755859375,342.55999755859375,341.16180419921875,342.1400146484375,64483,0.0,0.0,0.0
2023-06-29 12:30:00-04:00,342.1700134277344,342.489990234375,341.05999755859375,342.1050109863281,69570,0.0,0.0,0.0
2023-06-29 13:30:00-04:00,342.04998779296875,342.0849914550781,340.55999755859375,341.05999755859375,90700,0.0,0.0,0.0
2023-06-29 14:30:00-04:00,341.0350036621094,341.55999755859375,340.5899963378906,341.4949951171875,115706,0.0,0.0,0.0
2023-06-29 15:30:00-04:00,341.45001220703125,342.07000732421875,341.2900085449219,341.92999267578125,104535,0.0,0.0,0.0
2023-06-30 09:30:00-04:00,344.70001220703125,347.3900146484375,344.69500732421875,347.1099853515625,65228,0.0,0.0,0.0
2023-06-30 10:30:00-04:00,347.2099914550781,347.9700012207031,346.7200012207031,346.80999755859375,67257,0.0,0.0,0.0
2023-06-30 11:30:00-04:00,346.760009765625,346.80499267578125,345.7099914550781,346.6099853515625,49522,0.0,0.0,0.0
2023-06-30 12:30:00-04:00,346.7349853515625,347.5199890136719,346.70001220703125,346.989990234375,45866,0.0,0.0,0.0
2023-06-30 13:30:00-04:00,346.989990234375,347.5199890136719,346.8800048828125,347.29949951171875,95674,0.0,0.0,0.0
2023-06-30 14:30:00-04:00,347.19000244140625,347.31500244140625,346.3299865722656,346.7099914550781,113908,0.0,0.0,0.0
2023-06-30 15:30:00-04:00,346.7650146484375,346.79998779296875,345.8900146484375,345.95001220703125,133623,0.0,0.0,0.0
2023-07-03 09:30:00-04:00,344.75,345.0,343.0,343.6438903808594,73976,0.0,0.0,0.0
2023-07-03 10:30:00-04:00,343.55999755859375,343.67999267578125,342.3399963378906,342.8399963378906,42954,0.0,0.0,0.0
2023-07-03 11:30:00-04:00,343.0899963378906,343.7799987792969,342.6499938964844,343.7799987792969,45232,0.0,0.0,0.0
2023-07-05 09:30:00-04:00,342.5199890136719,343.8901062011719,341.6650085449219,343.4800109863281,65593,0.0,0.0,0.0
2023-07-05 10:30:00-04:00,343.67999267578125,344.32000732421875,342.45001220703125,342.6549987792969,39207,0.0,0.0,0.0
2023-07-05 11:30:00-04:00,342.54998779296875,343.7550048828125,342.30999755859375,343.57000732421875,36898,0.0,0.0,0.0
2023-07-05 12:30:00-04:00,343.6099853515625,343.7300109863281,342.6199951171875,343.4103088378906,46999,0.0,0.0,0.0
2023-07-05 13:30:00-04:00,343.2847900390625,343.9700012207031,342.94000244140625,343.3800048828125,43511,0.0,0.0,0.0
2023-07-05 14:30:00-04:00,343.44000244140625,344.8699951171875,343.44000244140625,344.760009765625,30605,0.0,0.0,0.0
2023-07-05 15:30:00-04:00,344.7900085449219,344.8949890136719,344.1099853515625,344.1600036621094,64621,0.0,0.0,0.0
2023-07-06 09:30:00-04:00,339.30999755859375,340.1000061035156,337.1600036621094,338.36968994140625,124388,0.0,0.0,0.0
2023-07-06 10:30:00-04:00,338.5899963378906,338.6000061035156,337.0,337.7699890136719,35620,0.0,0.0,0.0
2023-07-06 11:30:00-04:00,337.8299865722656,339.2699890136719,337.5799865722656,339.2099914550781,40936,0.0,0.0,0.0
2023-07-06 12:30:00-04:00,339.2900085449219,340.29998779296875,339.2200012207031,339.70001220703125,17123,0.0,0.0,0.0
2023-07-06 13:30:00-04:00,339.7300109863281,340.4049987792969,339.2900085449219,339.5799865722656,32404,0.0,0.0,0.0
2023-07-06 14:30:00-04:00,339.8800048828125,340.6700134277344,339.6400146484375,340.489990234375,0,0.0,0.0,0.0
2023-07-06 15:30:00-04:00,340.4800109863281,340.7099914550781,339.8800048828125,340.44000244140625,359617,0.0,0.0,0.0
2023-07-07 09:30:00-04:00,339.0799865722656,342.9800109863281,339.0799865722656,341.2799987792969,114264,0.0,0.0,0.0
2023-07-07 10:30:00-04:00,341.05999755859375,341.9800109863281,340.0249938964844,341.2900085449219,87313,0.0,0.0,0.0
2023-07-07 11:30:00-04:00,341.3642883300781,342.2699890136719,340.9679870605469,342.2699890136719,42024,0.0,0.0,0.0
2023-07-07 12:30:00-04:00,342.3500061035156,343.5299987792969,342.3500061035156,343.5299987792969,56670,0.0,0.0,0.0
2023-07-07 13:30:00-04:00,343.4800109863281,343.6400146484375,342.1400146484375,342.489990234375,53403,0.0,0.0,0.0
2023-07-07 14:30:00-04:00,342.4800109863281,342.55999755859375,341.1199951171875,341.1400146484375,52023,0.0,0.0,0.0
2023-07-07 15:30:00-04:00,341.2349853515625,341.42999267578125,339.489990234375,339.7799987792969,98253,0.0,0.0,0.0
2023-07-10 09:30:00-04:00,338.8699951171875,344.0,338.8699951171875,343.67999267578125,321824,0.0,0.0,0.0
2023-07-10 10:30:00-04:00,343.6499938964844,344.8900146484375,342.9100036621094,344.79998779296875,297487,0.0,0.0,0.0
2023-07-10 11:30:00-04:00,344.8599853515625,345.3299865722656,342.8599853515625,344.1700134277344,177133,0.0,0.0,0.0
2023-07-10 12:30:00-04:00,343.9800109863281,345.07000732421875,343.8999938964844,345.07000732421875,147222,0.0,0.0,0.0
2023-07-10 13:30:00-04:00,345.2900085449219,345.3399963378906,344.0199890136719,345.239990234375,176074,0.0,0.0,0.0
2023-07-10 14:30:00-04:00,345.2875061035156,345.4302978515625,344.8599853515625,345.2099914550781,125054,0.0,0.0,0.0
2023-07-10 15:30:00-04:00,345.17999267578125,345.69000244140625,344.6700134277344,345.69000244140625,205016,0.0,0.0,0.0
2023-07-11 09:30:00-04:00,346.9700012207031,348.489990234375,344.5400085449219,346.0799865722656,351097,0.0,0.0,0.0
2023-07-11 10:30:00-04:00,346.1700134277344,348.42999267578125,346.1700134277344,347.3999938964844,99391,0.0,0.0,0.0
2023-07-11 11:30:00-04:00,347.5531921386719,350.3399963378906,347.3299865722656,349.4100036621094,81880,0.0,0.0,0.0
2023-07-11 12:30:00-04:00,349.67999267578125,350.4700012207031,349.6400146484375,349.9100036621094,58130,0.0,0.0,0.0
2023-07-11 13:30:00-04:00,349.8599853515625,350.1700134277344,348.7200012207031,349.07000732421875,60346,0.0,0.0,0.0
2023-07-11 14:30:00-04:00,349.010009765625,350.5400085449219,348.5050048828125,350.32000732421875,261005,0.0,0.0,0.0
2023-07-11 15:30:00-04:00,350.25,351.42999267578125,349.9700012207031,350.7099914550781,247601,0.0,0.0,0.0
2023-07-12 09:30:00-04:00,353.8599853515625,354.989990234375,352.2481994628906,354.3699951171875,186224,0.0,0.0,0.0
2023-07-12 10:30:00-04:00,354.45001220703125,354.5299987792969,352.70001220703125,352.7699890136719,140579,0.0,0.0,0.0
2023-07-12 11:30:00-04:00,352.7200012207031,352.8500061035156,349.7200927734375,350.6199951171875,135847,0.0,0.0,0.0
2023-07-12 12:30:00-04:00,350.5199890136719,352.2200012207031,350.5199890136719,352.0799865722656,93674,0.0,0.0,0.0
2023-07-12 13:30:00-04:00,352.07000732421875,352.9800109863281,352.07000732421875,352.9454040527344,100476,0.0,0.0,0.0
2023-07-12 14:30:00-04:00,352.79998779296875,353.1099853515625,351.5799865722656,352.04998779296875,140955,0.0,0.0,0.0
2023-07-12 15:30:00-04:00,352.2200012207031,353.2799987792969,352.1400146484375,352.3999938964844,206686,0.0,0.0,0.0
2023-07-13 09:30:00-04:00,355.42999267578125,358.0299987792969,354.989990234375,356.739990234375,99865,0.0,0.0,0.0
2023-07-13 10:30:00-04:00,356.8399963378906,358.7300109863281,356.7250061035156,357.260009765625,66118,0.0,0.0,0.0
2023-07-13 11:30:00-04:00,357.32000732421875,358.55999755859375,357.2300109863281,358.4800109863281,89761,0.0,0.0,0.0
2023-07-13 12:30:00-04:00,358.45001220703125,358.88690185546875,358.18499755859375,358.7699890136719,79761,0.0,0.0,0.0
2023-07-13 13:30:00-04:00,358.7799987792969,359.05999755859375,358.3699951171875,358.510009765625,97895,0.0,0.0,0.0
2023-07-13 14:30:00-04:00,358.55999755859375,359.25,358.3280029296875,359.2200012207031,127742,0.0,0.0,0.0
2023-07-13 15:30:00-04:00,359.2200012207031,359.2799987792969,358.3800048828125,358.4599914550781,221408,0.0,0.0,0.0
2023-07-14 09:30:00-04:00,358.8299865722656,362.1700134277344,358.8299865722656,361.32000732421875,232861,0.0,0.0,0.0
2023-07-14 10:30:00-04:00,361.1600036621094,361.5,358.5899963378906,360.2300109863281,120491,0.0,0.0,0.0
2023-07-14 11:30:00-04:00,360.5,360.94000244140625,359.42999267578125,359.80999755859375,0,0.0,0.0,0.0
2023-07-14 12:30:00-04:00,359.79998779296875,360.5,359.0,359.635009765625,563576,0.0,0.0,0.0
2023-07-14 13:30:00-04:00,359.6600036621094,359.739990234375,358.80999755859375,358.80999755859375,78382,0.0,0.0,0.0
2023-07-14 14:30:00-04:00,358.8500061035156,359.1499938964844,357.4800109863281,358.010009765625,107394,0.0,0.0,0.0
2023-07-14 15:30:00-04:00,357.9599914550781,358.5,357.82000732421875,358.4700012207031,338175,0.0,0.0,0.0
2023-07-17 09:30:00-04:00,359.7300109863281,361.8064880371094,358.42999267578125,361.55999755859375,59499,0.0,0.0,0.0
2023-07-17 10:30:00-04:00,361.5199890136719,362.70001220703125,361.5199890136719,362.3599853515625,63142,0.0,0.0,0.0
2023-07-17 11:30:00-04:00,362.0899963378906,363.2300109863281,361.989990234375,362.5799865722656,78780,0.0,0.0,0.0
2023-07-17 12:30:00-04:00,362.6600036621094,363.3399963378906,362.3900146484375,362.9200134277344,66351,0.0,0.0,0.0
2023-07-17 13:30:00-04:00,363.0299987792969,363.2799987792969,362.8500061035156,363.2200012207031,95461,0.0,0.0,0.0
2023-07-17 14:30:00-04:00,363.17999267578125,364.3800048828125,362.80999755859375,363.95001220703125,195212,0.0,0.0,0.0
2023-07-17 15:30:00-04:00,363.94000244140625,363.94000244140625,362.80999755859375,363.07501220703125,332758,0.0,0.0,0.0
2023-07-18 09:30:00-04:00,361.5,362.7300109863281,359.9200134277344,361.8699951171875,134960,0.0,0.0,0.0
2023-07-18 10:30:00-04:00,361.7300109863281,362.9100036621094,361.20001220703125,362.19000244140625,84729,0.0,0.0,0.0
2023-07-18 11:30:00-04:00,362.07000732421875,365.7900085449219,362.0400085449219,365.7900085449219,114194,0.0,0.0,0.0
2023-07-18 12:30:00-04:00,365.8599853515625,366.54998779296875,364.95001220703125,365.6499938964844,112183,0.0,0.0,0.0
2023-07-18 13:30:00-04:00,365.7200012207031,367.5400085449219,365.6099853515625,367.2550048828125,0,0.0,0.0,0.0
2023-07-18 14:30:00-04:00,367.25,368.0,367.0299987792969,367.3299865722656,710852,0.0,0.0,0.0
2023-07-18 15:30:00-04:00,367.42498779296875,367.54998779296875,366.55999755859375,366.6700134277344,252981,0.0,0.0,0.0
2023-07-19 09:30:00-04:00,368.80999755859375,371.1700134277344,368.80999755859375,369.9200134277344,379373,0.0,0.0,0.0
2023-07-19 10:30:00-04:00,370.04998779296875,371.4375,369.3949890136719,371.1400146484375,353143,0.0,0.0,0.0
2023-07-19 11:30:00-04:00,371.07000732421875,371.55999755859375,367.6499938964844,367.79998779296875,233607,0.0,0.0,0.0
2023-07-19 12:30:00-04:00,367.69000244140625,367.864990234375,365.7300109863281,366.739990234375,161801,0.0,0.0,0.0
2023-07-19 13:30:00-04:00,366.7149963378906,367.1199951171875,365.6199951171875,365.92999267578125,205472,0.0,0.0,0.0
2023-07-19 14:30:00-04:00,366.19000244140625,367.8800048828125,365.989990234375,367.6449890136719,150373,0.0,0.0,0.0
2023-07-19 15:30:00-04:00,367.32501220703125,367.82501220703125,366.8699951171875,367.2300109863281,272343,0.0,0.0,0.0
2023-07-20 09:30:00-04:00,363.20001220703125,366.5899963378906,361.760009765625,362.010009765625,299072,0.0,0.0,0.0
2023-07-20 10:30:00-04:00,361.8800048828125,362.489990234375,360.3971862792969,362.04998779296875,247896,0.0,0.0,0.0
2023-07-20 11:30:00-04:00,362.0400085449219,362.7699890136719,360.4100036621094,360.4100036621094,210476,0.0,0.0,0.0
2023-07-20 12:30:00-04:00,360.3800048828125,360.6000061035156,359.4599914550781,360.55999755859375,246258,0.0,0.0,0.0
2023-07-20 13:30:00-04:00,360.45001220703125,361.0199890136719,358.4599914550781,358.4599914550781,178772,0.0,0.0,0.0
2023-07-20 14:30:00-04:00,358.4700012207031,359.260009765625,357.25,357.3500061035156,290687,0.0,0.0,0.0
2023-07-20 15:30:00-04:00,357.3599853515625,358.4599914550781,357.3599853515625,358.1700134277344,419458,0.0,0.0,0.0
2023-07-21 09:30:00-04:00,361.0,363.4471130371094,359.2099914550781,359.2799987792969,121138,0.0,0.0,0.0
2023-07-21 10:30:00-04:00,359.3500061035156,361.6400146484375,359.2900085449219,361.3699951171875,99054,0.0,0.0,0.0
2023-07-21 11:30:00-04:00,361.32000732421875,361.6300048828125,359.8900146484375,359.8900146484375,54499,0.0,0.0,0.0
2023-07-21 12:30:00-04:00,359.9700012207031,360.510009765625,359.7099914550781,360.44000244140625,58977,0.0,0.0,0.0
2023-07-21 13:30:00-04:00,360.43499755859375,360.9700012207031,359.6300048828125,359.7650146484375,81321,0.0,0.0,0.0
2023-07-21 14:30:00-04:00,359.760009765625,360.239990234375,358.0199890136719,358.7900085449219,91258,0.0,0.0,0.0
2023-07-21 15:30:00-04:00,358.7699890136719,359.54998779296875,358.4949951171875,358.9100036621094,252669,0.0,0.0,0.0
2023-07-24 09:30:00-04:00,359.42999267578125,360.19000244140625,355.2701110839844,357.70001220703125,119742,0.0,0.0,0.0
2023-07-24 10:30:00-04:00,357.5799865722656,358.19000244140625,356.54998779296875,357.3500061035156,71369,0.0,0.0,0.0
2023-07-24 11:30:00-04:00,356.95001220703125,357.3699951171875,356.0899963378906,356.510009765625,37131,0.0,0.0,0.0
2023-07-24 12:30:00-04:00,356.7699890136719,357.1000061035156,356.1199951171875,356.8900146484375,57752,0.0,0.0,0.0
2023-07-24 13:30:00-04:00,356.9200134277344,357.75,356.6300048828125,357.5,51078,0.0,0.0,0.0
2023-07-24 14:30:00-04:00,357.514404296875,357.8800048828125,356.9200134277344,357.2300109863281,122502,0.0,0.0,0.0
2023-07-24 15:30:00-04:00,357.2900085449219,357.8299865722656,357.0899963378906,357.8299865722656,154108,0.0,0.0,0.0
2023-07-25 09:30:00-04:00,357.17999267578125,360.25,357.17999267578125,358.8500061035156,0,0.0,0.0,0.0
2023-07-25 10:30:00-04:00,358.82000732421875,360.0400085449219,358.2049865722656,359.8599853515625,230064,0.0,0.0,0.0
2023-07-25 11:30:00-04:00,360.1199951171875,361.010009765625,359.95001220703125,360.5899963378906,43761,0.0,0.0,0.0
2023-07-25 12:30:00-04:00,360.614990234375,361.8500061035156,360.3599853515625,361.7300109863281,93882,0.0,0.0,0.0
2023-07-25 13:30:00-04:00,361.7900085449219,361.8999938964844,361.1400146484375,361.3900146484375,60031,0.0,0.0,0.0
2023-07-25 14:30:00-04:00,361.3999938964844,361.8599853515625,360.6499938964844,360.9800109863281,80393,0.0,0.0,0.0
2023-07-25 15:30:00-04:00,361.0199890136719,361.3900146484375,360.489990234375,360.5199890136719,292888,0.0,0.0,0.0
2023-07-26 09:30:00-04:00,356.8299865722656,359.0098876953125,355.4721984863281,358.7300109863281,132583,0.0,0.0,0.0
2023-07-26 10:30:00-04:00,358.7200012207031,358.7900085449219,355.489990234375,356.5400085449219,117801,0.0,0.0,0.0
2023-07-26 11:30:00-04:00,356.44000244140625,357.1600036621094,355.57000732421875,355.57000732421875,35448,0.0,0.0,0.0
2023-07-26 12:30:00-04:00,355.80999755859375,356.010009765625,355.25,355.8299865722656,80041,0.0,0.0,0.0
2023-07-26 13:30:00-04:00,355.6499938964844,356.67999267578125,355.2699890136719,355.489990234375,72791,0.0,0.0,0.0
2023-07-26 14:30:00-04:00,355.5799865722656,358.29998779296875,354.7200012207031,355.9599914550781,283931,0.0,0.0,0.0
2023-07-26 15:30:00-04:00,355.70001220703125,357.260009765625,355.6000061035156,357.04998779296875,166939,0.0,0.0,0.0
2023-07-27 09:30:00-04:00,362.3699951171875,362.7200012207031,358.8349914550781,358.8999938964844,96809,0.0,0.0,0.0
2023-07-27 10:30:00-04:00,358.7900085449219,360.44000244140625,358.7099914550781,359.9200134277344,48549,0.0,0.0,0.0
2023-07-27 11:30:00-04:00,359.95001220703125,360.2099914550781,358.6499938964844,360.2099914550781,26541,0.0,0.0,0.0
2023-07-27 12:30:00-04:00,360.2699890136719,360.3299865722656,357.54998779296875,357.760009765625,55033,0.0,0.0,0.0
2023-07-27 13:30:00-04:00,357.6099853515625,357.7300109863281,355.20001220703125,355.30499267578125,113197,0.0,0.0,0.0
2023-07-27 14:30:00-04:00,355.3299865722656,355.5,353.4549865722656,354.30999755859375,82935,0.0,0.0,0.0
2023-07-27 15:30:00-04:00,354.3500061035156,354.6700134277344,352.8399963378906,354.3550109863281,104669,0.0,0.0,0.0
2023-07-28 09:30:00-04:00,357.3299865722656,360.1499938964844,356.9200134277344,356.9750061035156,47372,0.0,0.0,0.0
2023-07-28 10:30:00-04:00,357.3399963378906,357.9100036621094,356.0899963378906,357.7799072265625,39256,0.0,0.0,0.0
2023-07-28 11:30:00-04:00,357.7699890136719,359.1600036621094,357.5899963378906,359.07000732421875,38838,0.0,0.0,0.0
2023-07-28 12:30:00-04:00,358.95001220703125,359.2900085449219,358.32000732421875,358.6199951171875,58618,0.0,0.0,0.0
2023-07-28 13:30:00-04:00,358.55999755859375,359.3299865722656,357.6300048828125,359.32000732421875,74124,0.0,0.0,0.0
2023-07-28 14:30:00-04:00,359.2900085449219,359.90771484375,358.67999267578125,359.57000732421875,129336,0.0,0.0,0.0
2023-07-28 15:30:00-04:00,359.2300109863281,359.75,358.7699890136719,359.3800048828125,84068,0.0,0.0,0.0
2023-07-31 09:30:00-04:00,360.0400085449219,364.1199951171875,360.0400085449219,362.69000244140625,81837,0.0,0.0,0.0
2023-07-31 10:30:00-04:00,362.9700012207031,363.3699951171875,361.8900146484375,363.3399963378906,59149,0.0,0.0,0.0
2023-07-31 11:30:00-04:00,363.3999938964844,364.1099853515625,362.7200012207031,363.5899963378906,52694,0.0,0.0,0.0
2023-07-31 12:30:00-04:00,363.6600036621094,363.6600036621094,362.3800048828125,363.1099853515625,58209,0.0,0.0,0.0
2023-07-31 13:30:00-04:00,363.1000061035156,363.7699890136719,363.0299987792969,363.2699890136719,50155,0.0,0.0,0.0
2023-07-31 14:30:00-04:00,363.2799987792969,364.17999267578125,362.9599914550781,363.5799865722656,84412,0.0,0.0,0.0
2023-07-31 15:30:00-04:00,363.5899963378906,364.29998779296875,362.79998779296875,364.29998779296875,205037,0.0,0.0,0.0
2023-08-01 09:30:00-04:00,361.6499938964844,362.8399963378906,360.2200012207031,362.2049865722656,91634,0.0,0.0,0.0
2023-08-01 10:30:00-04:00,362.1400146484375,363.8500061035156,362.1300048828125,363.8500061035156,82793,0.0,0.0,0.0
2023-08-01 11:30:00-04:00,363.7799987792969,363.8299865722656,362.9200134277344,363.20001220703125,33423,0.0,0.0,0.0
2023-08-01 12:30:00-04:00,362.94000244140625,364.44000244140625,362.94000244140625,364.1199951171875,31268,0.0,0.0,0.0
2023-08-01 13:30:00-04:00,364.1099853515625,365.2250061035156,363.7200012207031,364.80999755859375,74329,0.0,0.0,0.0
2023-08-01 14:30:00-04:00,365.0400085449219,365.4599914550781,364.75,365.1199951171875,75427,0.0,0.0,0.0
2023-08-01 15:30:00-04:00,365.1700134277344,365.3999938964844,364.55999755859375,364.7099914550781,130044,0.0,0.0,0.0
2023-08-02 09:30:00-04:00,359.1000061035156,359.1000061035156,355.2650146484375,355.45001220703125,205058,0.0,0.0,0.0
2023-08-02 10:30:00-04:00,355.3450012207031,355.6700134277344,352.67999267578125,352.8599853515625,306543,0.0,0.0,0.0
2023-08-02 11:30:00-04:00,352.8500061035156,353.25,350.239990234375,350.9599914550781,119533,0.0,0.0,0.0
2023-08-02 12:30:00-04:00,350.92999267578125,353.1600036621094,350.9100036621094,352.8999938964844,128666,0.0,0.0,0.0
2023-08-02 13:30:00-04:00,352.8399963378906,354.0799865722656,352.3900146484375,353.5899963378906,174506,0.0,0.0,0.0
2023-08-02 14:30:00-04:00,353.5299987792969,353.75,351.82000732421875,351.9599914550781,272196,0.0,0.0,0.0
2023-08-02 15:30:00-04:00,351.9750061035156,353.2300109863281,351.75,352.7799987792969,357009,0.0,0.0,0.0
2023-08-03 09:30:00-04:00,349.6400146484375,352.6099853515625,349.5,349.5,228278,0.0,0.0,0.0
2023-08-03 10:30:00-04:00,349.56500244140625,351.9700012207031,349.4800109863281,351.510009765625,137777,0.0,0.0,0.0
2023-08-03 11:30:00-04:00,351.6099853515625,351.8699951171875,350.5299987792969,351.07000732421875,83317,0.0,0.0,0.0
2023-08-03 12:30:00-04:00,351.05999755859375,351.8900146484375,350.8900146484375,351.5010070800781,85287,0.0,0.0,0.0
2023-08-03 13:30:00-04:00,351.5199890136719,351.6400146484375,350.3999938964844,351.20001220703125,58452,0.0,0.0,0.0
2023-08-03 14:30:00-04:00,351.1400146484375,351.45001220703125,350.2099914550781,350.7900085449219,124692,0.0,0.0,0.0
2023-08-03 15:30:00-04:00,350.739990234375,351.1400146484375,350.30999755859375,350.55999755859375,119680,0.0,0.0,0.0
2023-08-04 09:30:00-04:00,351.3599853515625,351.54998779296875,346.2300109863281,347.57000732421875,224453,0.0,0.0,0.0
2023-08-04 10:30:00-04:00,347.55999755859375,350.739990234375,347.4800109863281,350.6099853515625,96678,0.0,0.0,0.0
2023-08-04 11:30:00-04:00,350.45001220703125,351.70001220703125,350.30999755859375,351.6400146484375,46796,0.0,0.0,0.0
2023-08-04 12:30:00-04:00,351.68499755859375,351.989990234375,350.04998779296875,350.4136047363281,59214,0.0,0.0,0.0
2023-08-04 13:30:00-04:00,350.3500061035156,350.7799987792969,348.1199951171875,348.3299865722656,76881,0.0,0.0,0.0
2023-08-04 14:30:00-04:00,348.30999755859375,348.55999755859375,347.0450134277344,347.3900146484375,114478,0.0,0.0,0.0
2023-08-04 15:30:00-04:00,347.44000244140625,347.739990234375,346.3500061035156,346.7850036621094,230582,0.0,0.0,0.0
2023-08-07 09:30:00-04:00,347.6199951171875,348.9100036621094,346.510009765625,348.3699951171875,88513,0.0,0.0,0.0
2023-08-07 10:30:00-04:00,348.3999938964844,348.3999938964844,346.2900085449219,346.5199890136719,31767,0.0,0.0,0.0
2023-08-07 11:30:00-04:00,346.489990234375,347.8800048828125,345.8900146484375,347.7200012207031,46347,0.0,0.0,0.0
2023-08-07 12:30:00-04:00,347.2900085449219,348.0299987792969,347.1700134277344,347.1700134277344,46737,0.0,0.0,0.0
2023-08-07 13:30:00-04:00,347.1700134277344,348.19000244140625,347.1099853515625,347.82000732421875,48952,0.0,0.0,0.0
2023-08-07 14:30:00-04:00,348.0050048828125,348.760009765625,347.95001220703125,348.3500061035156,76279,0.0,0.0,0.0
2023-08-07 15:30:00-04:00,348.3299865722656,349.0,348.1700134277344,348.9700012207031,165901,0.0,0.0,0.0
2023-08-08 09:30:00-04:00,343.17999267578125,344.27801513671875,340.5899963378906,341.6000061035156,184029,0.0,0.0,0.0
2023-08-08 10:30:00-04:00,341.3299865722656,341.7699890136719,339.67999267578125,341.17999267578125,92388,0.0,0.0,0.0
2023-08-08 11:30:00-04:00,341.010009765625,341.2900085449219,340.1499938964844,340.8699951171875,71316,0.0,0.0,0.0
2023-08-08 12:30:00-04:00,340.8999938964844,341.9100036621094,340.8999938964844,341.739990234375,61324,0.0,0.0,0.0
2023-08-08 13:30:00-04:00,341.80999755859375,342.760009765625,341.510009765625,342.2699890136719,76319,0.0,0.0,0.0
2023-08-08 14:30:00-04:00,342.3999938964844,343.17999267578125,341.93499755859375,342.6000061035156,100469,0.0,0.0,0.0
2023-08-08 15:30:00-04:00,342.5199890136719,343.54998779296875,342.32000732421875,343.2300109863281,195423,0.0,0.0,0.0
2023-08-09 09:30:00-04:00,342.8500061035156,343.5299987792969,340.8399963378906,341.0,153502,0.0,0.0,0.0
2023-08-09 10:30:00-04:00,341.07000732421875,341.19000244140625,337.70001220703125,338.125,106091,0.0,0.0,0.0
2023-08-09 11:30:00-04:00,337.9800109863281,339.32000732421875,337.80999755859375,339.20001220703125,82339,0.0,0.0,0.0
2023-08-09 12:30:00-04:00,339.0400085449219,340.1700134277344,338.7200012207031,340.1499938964844,47615,0.0,0.0,0.0
2023-08-09 13:30:00-04:00,340.2200012207031,341.510009765625,340.0799865722656,341.510009765625,45915,0.0,0.0,0.0
2023-08-09 14:30:00-04:00,341.5199890136719,341.739990234375,340.1000061035156,340.4700012207031,108920,0.0,0.0,0.0
2023-08-09 15:30:00-04:00,340.44000244140625,340.67999267578125,338.989990234375,339.2099914550781,164045,0.0,0.0,0.0
2023-08-10 09:30:00-04:00,343.3999938964844,346.35760498046875,342.69000244140625,345.1600036621094,330903,0.0,0.0,0.0
2023-08-10 10:30:00-04:00,345.5400085449219,345.7699890136719,342.0799865722656,342.80999755859375,197558,0.0,0.0,0.0
2023-08-10 11:30:00-04:00,342.94000244140625,343.44000244140625,340.8299865722656,342.010009765625,116309,0.0,0.0,0.0
2023-08-10 12:30:00-04:00,341.9700012207031,342.9800109863281,340.6600036621094,340.8680114746094,74565,0.0,0.0,0.0
2023-08-10 13:30:00-04:00,340.70001220703125,341.30999755859375,339.3999938964844,341.1600036621094,181655,0.0,0.0,0.0
2023-08-10 14:30:00-04:00,341.04998779296875,342.1600036621094,340.69000244140625,341.0799865722656,91770,0.0,0.0,0.0
2023-08-10 15:30:00-04:00,341.05499267578125,341.6600036621094,340.70001220703125,341.4800109863281,167552,0.0,0.0,0.0
2023-08-11 09:30:00-04:00,338.0799865722656,342.32000732421875,338.0799865722656,341.9800109863281,90329,0.0,0.0,0.0
2023-08-11 10:30:00-04:00,341.9549865722656,342.1400146484375,339.739990234375,339.8699951171875,63415,0.0,0.0,0.0
2023-08-11 11:30:00-04:00,340.17999267578125,340.989990234375,339.30999755859375,340.2049865722656,40293,0.0,0.0,0.0
2023-08-11 12:30:00-04:00,340.2300109863281,340.8500061035156,339.760009765625,340.70001220703125,47677,0.0,0.0,0.0
2023-08-11 13:30:00-04:00,340.75,341.260009765625,340.25,341.05999755859375,90633,0.0,0.0,0.0
2023-08-11 14:30:00-04:00,341.0799865722656,341.7900085449219,340.82000732421875,341.6300048828125,76066,0.0,0.0,0.0
2023-08-11 15:30:00-04:00,341.55999755859375,341.75,340.6199951171875,340.7900085449219,154025,0.0,0.0,0.0
2023-08-14 09:30:00-04:00,339.2200012207031,343.1600036621094,339.1400146484375,342.489990234375,225682,0.0,0.0,0.0
2023-08-14 10:30:00-04:00,342.4800109863281,344.6499938964844,342.4800109863281,344.54998779296875,114942,0.0,0.0,0.0
2023-08-14 11:30:00-04:00,344.6300048828125,344.9599914550781,343.44000244140625,343.82000732421875,91971,0.0,0.0,0.0
2023-08-14 12:30:00-04:00,343.7799987792969,344.8900146484375,343.5400085449219,344.6199951171875,78652,0.0,0.0,0.0
2023-08-14 13:30:00-04:00,344.6199951171875,344.739990234375,343.80999755859375,344.3800048828125,120678,0.0,0.0,0.0
2023-08-14 14:30:00-04:00,344.3800048828125,344.95989990234375,343.8399963378906,344.70001220703125,224994,0.0,0.0,0.0
2023-08-14 15:30:00-04:00,344.69000244140625,345.29998779296875,344.4599914550781,345.29998779296875,405278,0.0,0.0,0.0
2023-08-15 09:30:00-04:00,344.25,345.3800048828125,342.5299987792969,343.05999755859375,235996,0.0,0.0,0.0
2023-08-15 10:30:00-04:00,343.04998779296875,344.2799987792969,342.32000732421875,344.25,119010,0.0,0.0,0.0
2023-08-15 11:30:00-04:00,344.0199890136719,345.2449951171875,344.0199890136719,344.3500061035156,91699,0.0,0.0,0.0
2023-08-15 12:30:00-04:00,344.4100036621094,344.8599853515625,343.95001220703125,344.7200012207031,102658,0.0,0.0,0.0
2023-08-15 13:30:00-04:00,344.67999267578125,344.739990234375,343.5400085449219,343.5799865722656,111258,0.0,0.0,0.0
2023-08-15 14:30:00-04:00,343.635009765625,343.8699951171875,341.95001220703125,341.9700012207031,212781,0.0,0.0,0.0
2023-08-15 15:30:00-04:00,341.95001220703125,342.760009765625,341.4200134277344,342.3599853515625,425499,0.0,0.0,0.0
2023-08-16 09:30:00-04:00,341.1199951171875,343.9700012207031,340.92999267578125,343.2099914550781,60123,0.0,0.0,0.0
2023-08-16 10:30:00-04:00,343.19000244140625,344.010009765625,342.9601135253906,343.3800048828125,60348,0.0,0.0,0.0
2023-08-16 11:30:00-04:00,343.25,343.3900146484375,341.4200134277344,341.489990234375,64576,0.0,0.0,0.0
2023-08-16 12:30:00-04:00,341.4599914550781,341.9200134277344,340.82000732421875,341.32000732421875,37006,0.0,0.0,0.0
2023-08-16 13:30:00-04:00,341.25,342.4700012207031,340.4800109863281,342.29998779296875,74587,0.0,0.0,0.0
2023-08-16 14:30:00-04:00,342.4200134277344,342.4800109863281,339.9800109863281,340.2799987792969,111930,0.0,0.0,0.0
2023-08-16 15:30:00-04:00,340.25,340.7149963378906,339.3699951171875,339.3900146484375,141339,0.0,0.0,0.0
2023-08-17 09:30:00-04:00,340.1700134277344,341.1300048828125,337.0299987792969,337.2650146484375,107786,0.0,0.0,0.0
2023-08-17 10:30:00-04:00,337.3900146484375,337.94000244140625,336.1400146484375,336.260009765625,0,0.0,0.0,0.0
2023-08-17 11:30:00-04:00,336.30999755859375,337.8699951171875,335.92999267578125,337.82000732421875,216649,0.0,0.0,0.0
2023-08-17 12:30:00-04:00,337.8399963378906,338.3900146484375,337.3251953125,337.3349914550781,35872,0.0,0.0,0.0
2023-08-17 13:30:00-04:00,337.3399963378906,337.3399963378906,336.4100036621094,336.75,41467,0.0,0.0,0.0
2023-08-17 14:30:00-04:00,336.7799987792969,336.7799987792969,334.0400085449219,334.79998779296875,152084,0.0,0.0,0.0
2023-08-17 15:30:00-04:00,334.8399963378906,334.9800109863281,333.9700012207031,334.2799987792969,117323,0.0,0.0,0.0
2023-08-18 09:30:00-04:00,330.0199890136719,333.9949951171875,330.010009765625,333.0400085449219,97027,0.0,0.0,0.0
2023-08-18 10:30:00-04:00,332.760009765625,334.9530029296875,332.760009765625,334.2900085449219,83546,0.0,0.0,0.0
2023-08-18 11:30:00-04:00,334.2699890136719,335.7300109863281,333.7099914550781,335.1700134277344,104450,0.0,0.0,0.0
2023-08-18 12:30:00-04:00,335.0400085449219,335.82000732421875,334.5199890136719,334.8500061035156,69380,0.0,0.0,0.0
2023-08-18 13:30:00-04:00,335.2900085449219,335.9599914550781,334.9700012207031,335.9100036621094,68402,0.0,0.0,0.0
2023-08-18 14:30:00-04:00,335.8399963378906,336.54998779296875,335.5899963378906,336.3599853515625,89125,0.0,0.0,0.0
2023-08-18 15:30:00-04:00,336.29998779296875,336.75,335.4100036621094,335.7099914550781,121859,0.0,0.0,0.0
2023-08-21 09:30:00-04:00,337.9700012207031,341.6700134277344,337.9700012207031,338.80999755859375,135635,0.0,0.0,0.0
2023-08-21 10:30:00-04:00,338.8949890136719,339.95001220703125,338.3500061035156,338.5,73933,0.0,0.0,0.0
2023-08-21 11:30:00-04:00,338.3999938964844,339.9800109863281,338.1199951171875,339.9800109863281,66019,0.0,0.0,0.0
2023-08-21 12:30:00-04:00,339.95001220703125,341.5,339.7699890136719,341.29998779296875,41975,0.0,0.0,0.0
2023-08-21 13:30:00-04:00,341.0299987792969,342.010009765625,341.0199890136719,341.4800109863281,98082,0.0,0.0,0.0
2023-08-21 14:30:00-04:00,341.54998779296875,342.4100036621094,341.5050048828125,342.0400085449219,101297,0.0,0.0,0.0
2023-08-21 15:30:00-04:00,341.94000244140625,342.3900146484375,341.4100036621094,341.6199951171875,189603,0.0,0.0,0.0
2023-08-22 09:30:00-04:00,343.9800109863281,344.69000244140625,342.0799865722656,342.2300109863281,60277,0.0,0.0,0.0
2023-08-22 10:30:00-04:00,342.2200012207031,343.3399963378906,341.1752014160156,342.92999267578125,69432,0.0,0.0,0.0
2023-08-22 11:30:00-04:00,342.95001220703125,343.07000732421875,340.8900146484375,341.5249938964844,67562,0.0,0.0,0.0
2023-08-22 12:30:00-04:00,341.5799865722656,342.0799865722656,340.82000732421875,341.25,63747,0.0,0.0,0.0
2023-08-22 13:30:00-04:00,341.2900085449219,341.625,340.7699890136719,341.625,60576,0.0,0.0,0.0
2023-08-22 14:30:00-04:00,341.7099914550781,342.6000061035156,341.3900146484375,341.75,126841,0.0,0.0,0.0
2023-08-22 15:30:00-04:00,341.7850036621094,341.79998779296875,340.7699890136719,341.4200134277344,187012,0.0,0.0,0.0
2023-08-23 09:30:00-04:00,342.7749938964844,345.5799865722656,342.2200012207031,345.3699951171875,155170,0.0,0.0,0.0
2023-08-23 10:30:00-04:00,345.3399963378906,347.9800109863281,345.3399963378906,347.7799987792969,171191,0.0,0.0,0.0
2023-08-23 11:30:00-04:00,347.79998779296875,347.9800109863281,344.8299865722656,347.3699951171875,149118,0.0,0.0,0.0
2023-08-23 12:30:00-04:00,347.5799865722656,348.7300109863281,347.3699951171875,348.70001220703125,32958,0.0,0.0,0.0
2023-08-23 13:30:00-04:00,348.7300109863281,348.9100036621094,347.760009765625,347.8500061035156,34096,0.0,0.0,0.0
2023-08-23 14:30:00-04:00,347.6300048828125,348.04998779296875,347.2900085449219,347.9599914550781,54093,0.0,0.0,0.0
2023-08-23 15:30:00-04:00,347.92010498046875,348.0199890136719,346.6700134277344,347.010009765625,116721,0.0,0.0,0.0
2023-08-24 09:30:00-04:00,351.1099853515625,351.82000732421875,343.7200012207031,343.7200012207031,319386,0.0,0.0,0.0
2023-08-24 10:30:00-04:00,343.6300048828125,344.2099914550781,342.04998779296875,342.489990234375,103829,0.0,0.0,0.0
2023-08-24 11:30:00-04:00,342.32000732421875,342.55999755859375,340.80999755859375,342.239990234375,64290,0.0,0.0,0.0
2023-08-24 12:30:00-04:00,342.20001220703125,343.0,341.4100036621094,341.5799865722656,48884,0.0,0.0,0.0
2023-08-24 13:30:00-04:00,341.5899963378906,342.30999755859375,341.489990234375,341.6300048828125,46185,0.0,0.0,0.0
2023-08-24 14:30:00-04:00,341.5400085449219,341.7699890136719,340.3299865722656,340.3599853515625,80722,0.0,0.0,0.0
2023-08-24 15:30:00-04:00,340.3800048828125,340.6000061035156,339.1400146484375,339.1600036621094,225710,0.0,0.0,0.0
2023-08-25 09:30:00-04:00,340.6400146484375,345.9200134277344,340.29998779296875,342.5799865722656,158309,0.0,0.0,0.0
2023-08-25 10:30:00-04:00,342.5899963378906,342.7799987792969,339.2049865722656,341.7099914550781,173533,0.0,0.0,0.0
2023-08-25 11:30:00-04:00,341.6300048828125,343.2850036621094,341.1499938964844,343.20001220703125,101059,0.0,0.0,0.0
2023-08-25 12:30:00-04:00,343.4100036621094,344.4200134277344,343.1700134277344,343.5199890136719,56471,0.0,0.0,0.0
2023-08-25 13:30:00-04:00,343.54998779296875,346.1199951171875,343.19000244140625,346.1199951171875,58773,0.0,0.0,0.0
2023-08-25 14:30:00-04:00,346.17999267578125,347.20001220703125,345.8299865722656,346.7341003417969,109586,0.0,0.0,0.0
2023-08-25 15:30:00-04:00,346.7200012207031,346.9200134277344,345.5899963378906,345.8699951171875,191270,0.0,0.0,0.0
2023-08-28 09:30:00-04:00,348.0,348.7300109863281,345.75,348.2200012207031,50543,0.0,0.0,0.0
2023-08-28 10:30:00-04:00,348.2998962402344,348.2998962402344,346.4700012207031,347.2200012207031,61583,0.0,0.0,0.0
2023-08-28 11:30:00-04:00,347.2900085449219,347.7699890136719,346.6199951171875,347.0199890136719,49827,0.0,0.0,0.0
2023-08-28 12:30:00-04:00,346.9750061035156,349.2200012207031,346.8699951171875,348.6099853515625,39842,0.0,0.0,0.0
2023-08-28 13:30:00-04:00,348.5400085449219,348.6199951171875,346.6499938964844,346.760009765625,42378,0.0,0.0,0.0
2023-08-28 14:30:00-04:00,346.760009765625,347.6499938964844,346.510009765625,347.010009765625,56798,0.0,0.0,0.0
2023-08-28 15:30:00-04:00,346.7900085449219,348.1099853515625,346.7900085449219,347.55999755859375,117522,0.0,0.0,0.0
2023-08-29 09:30:00-04:00,346.44000244140625,351.2799987792969,346.44000244140625,351.2799987792969,102125,0.0,0.0,0.0
2023-08-29 10:30:00-04:00,351.3900146484375,353.25,351.3900146484375,352.8800048828125,99935,0.0,0.0,0.0
2023-08-29 11:30:00-04:00,352.8399963378906,353.7298889160156,352.8399963378906,353.6499938964844,53077,0.0,0.0,0.0
2023-08-29 12:30:00-04:00,353.739990234375,353.8399963378906,353.2300109863281,353.6300048828125,50611,0.0,0.0,0.0
2023-08-29 13:30:00-04:00,353.6499938964844,354.1499938964844,353.239990234375,353.6400146484375,78050,0.0,0.0,0.0
2023-08-29 14:30:00-04:00,353.7049865722656,354.1199951171875,353.44000244140625,354.05999755859375,66819,0.0,0.0,0.0
2023-08-29 15:30:00-04:00,354.0408935546875,354.20001220703125,353.80999755859375,354.17498779296875,17155,0.0,0.0,0.0
2023-08-30 09:30:00-04:00,353.94000244140625,356.6099853515625,353.489990234375,354.6499938964844,116725,0.0,0.0,0.0
2023-08-30 10:30:00-04:00,354.6600036621094,357.17999267578125,354.6600036621094,356.5899963378906,84952,0.0,0.0,0.0
2023-08-30 11:30:00-04:00,356.7099914550781,357.2900085449219,356.6000061035156,356.82000732421875,35113,0.0,0.0,0.0
2023-08-30 12:30:00-04:00,356.8900146484375,357.05999755859375,356.3500061035156,356.75,36432,0.0,0.0,0.0
2023-08-30 13:30:00-04:00,356.75,357.1449890136719,356.0400085449219,356.19000244140625,82125,0.0,0.0,0.0
2023-08-30 14:30:00-04:00,356.1449890136719,357.4100036621094,356.1449890136719,357.2099914550781,124348,0.0,0.0,0.0
2023-08-30 15:30:00-04:00,357.20001220703125,357.489990234375,356.8299865722656,357.3800048828125,102503,0.0,0.0,0.0
2023-08-31 09:30:00-04:00,359.75,362.2200012207031,359.42999267578125,361.7300109863281,286451,0.0,0.0,0.0
2023-08-31 10:30:00-04:00,361.70001220703125,362.05999755859375,360.0799865722656,360.4700012207031,132987,0.0,0.0,0.0
2023-08-31 11:30:00-04:00,360.42999267578125,360.95001220703125,359.5199890136719,359.7799987792969,71660,0.0,0.0,0.0
2023-08-31 12:30:00-04:00,359.7900085449219,360.4100036621094,358.79998779296875,360.4100036621094,45508,0.0,0.0,0.0
2023-08-31 13:30:00-04:00,360.510009765625,360.92999267578125,359.9200134277344,360.6600036621094,43104,0.0,0.0,0.0
2023-08-31 14:30:00-04:00,360.5799865722656,360.69989013671875,360.0799865722656,360.5400085449219,72881,0.0,0.0,0.0
2023-08-31 15:30:00-04:00,360.5150146484375,361.1600036621094,360.1600036621094,360.20001220703125,170842,0.0,0.0,0.0
2023-09-01 09:30:00-04:00,361.9700012207031,363.760009765625,360.2300109863281,362.7850036621094,226783,0.0,0.0,0.0
2023-09-01 10:30:00-04:00,362.989990234375,362.989990234375,361.5199890136719,362.4599914550781,40271,0.0,0.0,0.0
2023-09-01 11:30:00-04:00,362.6300048828125,362.6499938964844,361.3399963378906,361.989990234375,33445,0.0,0.0,0.0
2023-09-01 12:30:00-04:00,362.1000061035156,362.1600036621094,360.9599914550781,361.0299987792969,24070,0.0,0.0,0.0
2023-09-01 13:30:00-04:00,361.1000061035156,361.3699951171875,360.1600036621094,360.3500061035156,52671,0.0,0.0,0.0
2023-09-01 14:30:00-04:00,360.42999267578125,361.82000732421875,360.2799987792969,361.82000732421875,46068,0.0,0.0,0.0
2023-09-01 15:30:00-04:00,361.8399963378906,362.0400085449219,361.3900146484375,361.7699890136719,94123,0.0,0.0,0.0
2023-09-05 09:30:00-04:00,360.17999267578125,361.7900085449219,359.3500061035156,361.3900146484375,275641,0.0,0.0,0.0
2023-09-05 10:30:00-04:00,361.2955017089844,364.010009765625,361.2955017089844,363.0249938964844,98473,0.0,0.0,0.0
2023-09-05 11:30:00-04:00,363.0950012207031,363.6199951171875,362.125,363.3399963378906,59959,0.0,0.0,0.0
2023-09-05 12:30:00-04:00,363.3800048828125,363.7200012207031,362.8500061035156,362.92498779296875,0,0.0,0.0,0.0
2023-09-05 13:30:00-04:00,362.8599853515625,364.04998779296875,362.81500244140625,363.9800109863281,540564,0.0,0.0,0.0
2023-09-05 14:30:00-04:00,364.010009765625,364.114990234375,363.1300048828125,363.4599914550781,123829,0.0,0.0,0.0
2023-09-05 15:30:00-04:00,363.4700012207031,363.9599914550781,363.2300109863281,363.3999938964844,171961,0.0,0.0,0.0
2023-09-06 09:30:00-04:00,362.0799865722656,365.0,362.0,362.82000732421875,93328,0.0,0.0,0.0
2023-09-06 10:30:00-04:00,362.7799987792969,363.75,362.010009765625,363.32000732421875,55760,0.0,0.0,0.0
2023-09-06 11:30:00-04:00,363.239990234375,363.44000244140625,361.7799987792969,361.79998779296875,36206,0.0,0.0,0.0
2023-09-06 12:30:00-04:00,361.69000244140625,362.385009765625,361.1600036621094,362.1000061035156,36322,0.0,0.0,0.0
2023-09-06 13:30:00-04:00,362.260009765625,363.4100036621094,362.05999755859375,363.3900146484375,66288,0.0,0.0,0.0
2023-09-06 14:30:00-04:00,363.42999267578125,363.9200134277344,363.1700134277344,363.2650146484375,100161,0.0,0.0,0.0
2023-09-06 15:30:00-04:00,363.3399963378906,364.1000061035156,363.2699890136719,363.8900146484375,80466,0.0,0.0,0.0
2023-09-07 09:30:00-04:00,360.5,361.5799865722656,359.25,361.260009765625,213051,0.0,0.0,0.0
2023-09-07 10:30:00-04:00,361.25,363.45001220703125,360.8800048828125,361.6650085449219,82466,0.0,0.0,0.0
2023-09-07 11:30:00-04:00,361.70001220703125,363.2200012207031,361.3900146484375,363.0,64956,0.0,0.0,0.0
2023-09-07 12:30:00-04:00,363.0150146484375,363.6000061035156,362.739990234375,363.4750061035156,81343,0.0,0.0,0.0
2023-09-07 13:30:00-04:00,363.5299987792969,363.70001220703125,362.8800048828125,363.30999755859375,64833,0.0,0.0,0.0
2023-09-07 14:30:00-04:00,363.2300109863281,363.9200134277344,363.19000244140625,363.44000244140625,86026,0.0,0.0,0.0
2023-09-07 15:30:00-04:00,363.4100036621094,363.7850036621094,362.94000244140625,363.2200012207031,115578,0.0,0.0,0.0
2023-09-08 09:30:00-04:00,364.4599914550781,365.739990234375,363.2900085449219,365.2699890136719,164068,0.0,0.0,0.0
2023-09-08 10:30:00-04:00,365.3799133300781,365.54998779296875,363.239990234375,364.5400085449219,87780,0.0,0.0,0.0
2023-09-08 11:30:00-04:00,364.6300048828125,364.8999938964844,363.7799987792969,364.0299987792969,86195,0.0,0.0,0.0
2023-09-08 12:30:00-04:00,364.010009765625,364.44000244140625,363.2300109863281,364.1600036621094,67165,0.0,0.0,0.0
2023-09-08 13:30:00-04:00,364.1600036621094,364.8500061035156,363.6499938964844,364.0799865722656,57227,0.0,0.0,0.0
2023-09-08 14:30:00-04:00,364.1000061035156,364.25,363.0799865722656,363.17999267578125,80068,0.0,0.0,0.0
2023-09-08 15:30:00-04:00,363.260009765625,363.82000732421875,362.9599914550781,363.82000732421875,204993,0.0,0.0,0.0
2023-09-11 09:30:00-04:00,366.7900085449219,366.7900085449219,363.9100036621094,365.1416015625,97828,0.0,0.0,0.0
2023-09-11 10:30:00-04:00,365.0,365.4800109863281,364.2799987792969,365.3399963378906,36541,0.0,0.0,0.0
2023-09-11 11:30:00-04:00,365.54998779296875,365.5899963378906,364.5400085449219,365.3800048828125,41928,0.0,0.0,0.0
2023-09-11 12:30:00-04:00,365.55999755859375,366.0299987792969,364.7799987792969,366.0050048828125,34692,0.0,0.0,0.0
2023-09-11 13:30:00-04:00,366.3599853515625,366.75,366.1897888183594,366.7250061035156,46934,0.0,0.0,0.0
2023-09-11 14:30:00-04:00,366.760009765625,366.8756103515625,366.2200012207031,366.80999755859375,72140,0.0,0.0,0.0
2023-09-11 15:30:00-04:00,366.7349853515625,367.0899963378906,366.2200012207031,366.6099853515625,289671,0.0,0.0,0.0
2023-09-12 09:30:00-04:00,359.8999938964844,361.375,358.6499938964844,359.8299865722656,134713,0.0,0.0,0.0
2023-09-12 10:30:00-04:00,359.6000061035156,360.0199890136719,357.79998779296875,358.3999938964844,85514,0.0,0.0,0.0
2023-09-12 11:30:00-04:00,358.4100036621094,358.8900146484375,358.1600036621094,358.3599853515625,68010,0.0,0.0,0.0
2023-09-12 12:30:00-04:00,358.29998779296875,358.6199951171875,357.5899963378906,358.55999755859375,74962,0.0,0.0,0.0
2023-09-12 13:30:00-04:00,358.67999267578125,358.6990051269531,356.0400085449219,356.510009765625,92482,0.0,0.0,0.0
2023-09-12 14:30:00-04:00,356.3699951171875,356.69000244140625,356.0,356.3500061035156,89927,0.0,0.0,0.0
2023-09-12 15:30:00-04:00,356.3699951171875,356.7200012207031,356.0,356.1400146484375,148798,0.0,0.0,0.0
2023-09-13 09:30:00-04:00,355.8299865722656,358.20001220703125,354.510009765625,356.1199951171875,129951,0.0,0.0,0.0
2023-09-13 10:30:00-04:00,356.510009765625,357.3999938964844,356.3999938964844,357.3999938964844,36343,0.0,0.0,0.0
2023-09-13 11:30:00-04:00,357.5799865722656,357.6499938964844,356.5799865722656,357.30999755859375,45521,0.0,0.0,0.0
2023-09-13 12:30:00-04:00,357.3999938964844,358.3699951171875,357.2799987792969,358.239990234375,130509,0.0,0.0,0.0
2023-09-13 13:30:00-04:00,358.2099914550781,358.3900146484375,357.4599914550781,357.6549987792969,0,0.0,0.0,0.0
2023-09-13 14:30:00-04:00,357.6499938964844,357.69000244140625,356.07000732421875,356.864990234375,440979,0.0,0.0,0.0
2023-09-13 15:30:00-04:00,356.8999938964844,357.1199951171875,356.6700134277344,356.8299865722656,118542,0.0,0.0,0.0
2023-09-14 09:30:00-04:00,359.3399963378906,359.3900146484375,355.57000732421875,356.8299865722656,70972,0.0,0.0,0.0
2023-09-14 10:30:00-04:00,356.8450012207031,358.989990234375,356.8450012207031,358.4599914550781,44000,0.0,0.0,0.0
2023-09-14 11:30:00-04:00,358.4601135253906,359.2200012207031,357.6300048828125,358.739990234375,35296,0.0,0.0,0.0
2023-09-14 12:30:00-04:00,358.67999267578125,359.0199890136719,358.25,358.9200134277344,30471,0.0,0.0,0.0
2023-09-14 13:30:00-04:00,359.04998779296875,359.30999755859375,358.489990234375,358.489990234375,43995,0.0,0.0,0.0
2023-09-14 14:30:00-04:00,358.4700012207031,359.8699951171875,358.45001220703125,358.8900146484375,64963,0.0,0.0,0.0
2023-09-14 15:30:00-04:00,358.8599853515625,359.20001220703125,358.42999267578125,358.6000061035156,227350,0.0,0.0,0.0
2023-09-15 09:30:00-04:00,355.17999267578125,356.7799987792969,352.8299865722656,353.3900146484375,235664,0.0,0.0,0.0
2023-09-15 10:30:00-04:00,353.3599853515625,353.4599914550781,351.0400085449219,351.6099853515625,103927,0.0,0.0,0.0
2023-09-15 11:30:00-04:00,351.42999267578125,352.0199890136719,351.1499938964844,352.0199890136719,159438,0.0,0.0,0.0
2023-09-15 12:30:00-04:00,352.04998779296875,353.04998779296875,350.8999938964844,350.95001220703125,107840,0.0,0.0,0.0
2023-09-15 13:30:00-04:00,350.9700012207031,351.3299865722656,350.6099853515625,350.8999938964844,89668,0.0,0.0,0.0
2023-09-15 14:30:00-04:00,350.92999267578125,351.760009765625,350.8399963378906,351.6449890136719,132521,0.0,0.0,0.0
2023-09-15 15:30:00-04:00,351.6600036621094,351.94000244140625,351.2099914550781,351.82000732421875,174537,0.0,0.0,0.0
2023-09-18 09:30:00-04:00,349.8299865722656,352.8999938964844,349.82391357421875,352.1300048828125,207368,0.0,0.0,0.0
2023-09-18 10:30:00-04:00,351.95001220703125,352.17999267578125,350.9100036621094,352.1499938964844,72533,0.0,0.0,0.0
2023-09-18 11:30:00-04:00,352.25,352.75,352.0899963378906,352.5400085449219,39579,0.0,0.0,0.0
2023-09-18 12:30:00-04:00,352.7300109863281,352.8299865722656,352.239990234375,352.5299987792969,32882,0.0,0.0,0.0
2023-09-18 13:30:00-04:00,352.6600036621094,352.9800109863281,352.32000732421875,352.3699951171875,30948,0.0,0.0,0.0
2023-09-18 14:30:00-04:00,352.3900146484375,352.6099853515625,351.3999938964844,351.6549987792969,49014,0.0,0.0,0.0
2023-09-18 15:30:00-04:00,351.6499938964844,351.9200134277344,351.2049865722656,351.8500061035156,170754,0.0,0.0,0.0
2023-09-19 09:30:00-04:00,350.9200134277344,351.44000244140625,347.9599914550781,348.625,90129,0.0,0.0,0.0
2023-09-19 10:30:00-04:00,348.70001220703125,348.80999755859375,347.55999755859375,348.6499938964844,39122,0.0,0.0,0.0
2023-09-19 11:30:00-04:00,348.80999755859375,349.42999267578125,348.5899963378906,349.1499938964844,40984,0.0,0.0,0.0
2023-09-19 12:30:00-04:00,349.0899963378906,350.0199890136719,348.7300109863281,349.8500061035156,18378,0.0,0.0,0.0
2023-09-19 13:30:00-04:00,349.8450012207031,351.1000061035156,349.8450012207031,350.6400146484375,58995,0.0,0.0,0.0
2023-09-19 14:30:00-04:00,350.8399963378906,351.45001220703125,350.4599914550781,350.9599914550781,36663,0.0,0.0,0.0
2023-09-19 15:30:00-04:00,351.0400085449219,351.4800109863281,350.8550109863281,351.29998779296875,69134,0.0,0.0,0.0
2023-09-20 09:30:00-04:00,353.20001220703125,354.04998779296875,351.1199951171875,352.2799987792969,104218,0.0,0.0,0.0
2023-09-20 10:30:00-04:00,352.5,352.760009765625,351.8800048828125,352.1600036621094,16994,0.0,0.0,0.0
2023-09-20 11:30:00-04:00,352.29998779296875,353.010009765625,352.2485046386719,352.8500061035156,19671,0.0,0.0,0.0
2023-09-20 12:30:00-04:00,353.00079345703125,353.2099914550781,352.7300109863281,352.8399963378906,16494,0.0,0.0,0.0
2023-09-20 13:30:00-04:00,352.79998779296875,353.1099853515625,351.1400146484375,352.7301025390625,66889,0.0,0.0,0.0
2023-09-20 14:30:00-04:00,352.2699890136719,353.70001220703125,350.0950012207031,350.7200012207031,117616,0.0,0.0,0.0
2023-09-20 15:30:00-04:00,350.7900085449219,350.79998779296875,348.05999755859375,348.1499938964844,106030,0.0,0.0,0.0
2023-09-21 09:30:00-04:00,344.42999267578125,346.239990234375,342.489990234375,343.19000244140625,146945,0.0,0.0,0.0
2023-09-21 10:30:00-04:00,343.0899963378906,344.2799987792969,342.2550048828125,342.42999267578125,55590,0.0,0.0,0.0
2023-09-21 11:30:00-04:00,342.489990234375,343.1199951171875,341.17999267578125,341.4800109863281,58563,0.0,0.0,0.0
2023-09-21 12:30:00-04:00,341.2749938964844,342.99951171875,340.8999938964844,342.9100036621094,54476,0.0,0.0,0.0
2023-09-21 13:30:00-04:00,342.9549865722656,343.3399963378906,341.6499938964844,341.8399963378906,34658,0.0,0.0,0.0
2023-09-21 14:30:00-04:00,341.75,342.1600036621094,340.3900146484375,340.7099914550781,75662,0.0,0.0,0.0
2023-09-21 15:30:00-04:00,340.75,341.05999755859375,339.8699951171875,339.94000244140625,157248,0.0,0.0,0.0
2023-09-22 09:30:00-04:00,341.32000732421875,342.32000732421875,340.1199951171875,341.4200134277344,59714,0.0,0.0,0.0
2023-09-22 10:30:00-04:00,341.4100036621094,343.33990478515625,341.4100036621094,343.33990478515625,51031,0.0,0.0,0.0
2023-09-22 11:30:00-04:00,343.239990234375,343.55999755859375,342.29998779296875,342.81500244140625,23452,0.0,0.0,0.0
2023-09-22 12:30:00-04:00,342.8985900878906,343.2699890136719,341.9599914550781,342.0799865722656,31633,0.0,0.0,0.0
2023-09-22 13:30:00-04:00,341.9599914550781,341.9599914550781,340.2900085449219,340.6400146484375,60922,0.0,0.0,0.0
2023-09-22 14:30:00-04:00,340.70001220703125,342.8800048828125,340.32000732421875,342.5299987792969,98676,0.0,0.0,0.0
2023-09-22 15:30:00-04:00,342.6099853515625,342.6499938964844,340.3399963378906,340.57000732421875,180931,0.0,0.0,0.0
2023-09-25 09:30:00-04:00,338.80999755859375,341.0199890136719,338.29998779296875,339.2300109863281,85584,0.0,0.0,0.0
2023-09-25 10:30:00-04:00,339.19000244140625,340.3299865722656,338.1499938964844,339.67999267578125,40288,0.0,0.0,0.0
2023-09-25 11:30:00-04:00,339.6000061035156,340.4700012207031,339.5400085449219,340.260009765625,42403,0.0,0.0,0.0
2023-09-25 12:30:00-04:00,340.3699951171875,340.4671936035156,339.239990234375,339.8500061035156,0,0.0,0.0,0.0
2023-09-25 13:30:00-04:00,339.80999755859375,340.4237976074219,339.7099914550781,339.94000244140625,207959,0.0,0.0,0.0
2023-09-25 14:30:00-04:00,339.8500061035156,340.239990234375,338.8399963378906,339.6600036621094,54838,0.0,0.0,0.0
2023-09-25 15:30:00-04:00,339.6099853515625,340.510009765625,339.5899963378906,340.4800109863281,125581,0.0,0.0,0.0
2023-09-26 09:30:00-04:00,337.6099853515625,339.2900085449219,336.0199890136719,336.67999267578125,60743,0.0,0.0,0.0
2023-09-26 10:30:00-04:00,336.489990234375,337.07000732421875,334.94000244140625,334.94000244140625,195853,0.0,0.0,0.0
2023-09-26 11:30:00-04:00,334.95001220703125,335.6600036621094,334.6300048828125,335.6099853515625,42058,0.0,0.0,0.0
2023-09-26 12:30:00-04:00,335.42999267578125,335.8500061035156,334.9100036621094,334.9100036621094,42770,0.0,0.0,0.0
2023-09-26 13:30:00-04:00,334.8299865722656,335.06500244140625,334.30999755859375,334.6099853515625,32993,0.0,0.0,0.0
2023-09-26 14:30:00-04:00,334.79998779296875,334.9200134277344,334.0,334.2699890136719,61774,0.0,0.0,0.0
2023-09-26 15:30:00-04:00,334.17999267578125,335.260009765625,333.989990234375,335.1099853515625,117468,0.0,0.0,0.0
2023-09-27 09:30:00-04:00,336.1499938964844,338.010009765625,336.1499938964844,337.875,134849,0.0,0.0,0.0
2023-09-27 10:30:00-04:00,337.79998779296875,338.1499938964844,335.7799987792969,337.489990234375,73543,0.0,0.0,0.0
2023-09-27 11:30:00-04:00,337.4700012207031,337.489990234375,335.2099914550781,335.5331115722656,78232,0.0,0.0,0.0
2023-09-27 12:30:00-04:00,335.760009765625,336.54998779296875,335.0899963378906,335.1050109863281,39692,0.0,0.0,0.0
2023-09-27 13:30:00-04:00,335.25,336.1700134277344,334.489990234375,336.1700134277344,87001,0.0,0.0,0.0
2023-09-27 14:30:00-04:00,336.25,339.0450134277344,336.25,337.95001220703125,79108,0.0,0.0,0.0
2023-09-27 15:30:00-04:00,337.94000244140625,338.1199951171875,336.4695129394531,337.2799987792969,91937,0.0,0.0,0.0
2023-09-28 09:30:00-04:00,334.489990234375,337.2250061035156,333.2099914550781,336.32000732421875,109031,0.0,0.0,0.0
2023-09-28 10:30:00-04:00,335.9700012207031,338.9800109863281,335.19000244140625,338.9800109863281,40438,0.0,0.0,0.0
2023-09-28 11:30:00-04:00,339.17999267578125,341.7200012207031,339.17999267578125,341.67999267578125,30590,0.0,0.0,0.0
2023-09-28 12:30:00-04:00,341.79998779296875,341.9700012207031,340.1600036621094,340.2698974609375,53664,0.0,0.0,0.0
2023-09-28 13:30:00-04:00,340.25,340.3800048828125,339.4599914550781,340.1099853515625,85091,0.0,0.0,0.0
2023-09-28 14:30:00-04:00,339.989990234375,340.82000732421875,339.1099853515625,340.7300109863281,55722,0.0,0.0,0.0
2023-09-28 15:30:00-04:00,340.8399963378906,340.8399963378906,339.32501220703125,339.94000244140625,74217,0.0,0.0,0.0
2023-09-29 09:30:00-04:00,342.489990234375,346.0299987792969,342.489990234375,343.9800109863281,152794,0.0,0.0,0.0
2023-09-29 10:30:00-04:00,344.1300048828125,344.8900146484375,343.6000061035156,343.6600036621094,70190,0.0,0.0,0.0
2023-09-29 11:30:00-04:00,343.6700134277344,343.8500061035156,342.54998779296875,343.4100036621094,71929,0.0,0.0,0.0
2023-09-29 12:30:00-04:00,343.5375061035156,343.760009765625,340.75,341.5899963378906,77262,0.0,0.0,0.0
2023-09-29 13:30:00-04:00,341.70001220703125,341.82000732421875,340.5299987792969,340.5299987792969,30404,0.0,0.0,0.0
2023-09-29 14:30:00-04:00,340.55499267578125,342.25,340.50299072265625,341.5899963378906,64931,0.0,0.0,0.0
2023-09-29 15:30:00-04:00,341.5199890136719,342.29998779296875,340.6199951171875,341.17999267578125,166532,0.0,0.0,0.0
2023-10-02 09:30:00-04:00,341.42999267578125,342.760009765625,340.6099853515625,341.2200012207031,70815,0.0,0.0,0.0
2023-10-02 10:30:00-04:00,341.05999755859375,344.7099914550781,340.6099853515625,344.44000244140625,91530,0.0,0.0,0.0
2023-10-02 11:30:00-04:00,344.54998779296875,344.54998779296875,340.9599914550781,341.489990234375,42046,0.0,0.0,0.0
2023-10-02 12:30:00-04:00,341.3599853515625,341.7200012207031,340.7300109863281,341.6400146484375,34778,0.0,0.0,0.0
2023-10-02 13:30:00-04:00,341.7200012207031,342.9200134277344,341.42999267578125,341.6099853515625,44349,0.0,0.0,0.0
2023-10-02 14:30:00-04:00,341.70001220703125,342.05999755859375,340.9800109863281,341.7300109863281,66903,0.0,0.0,0.0
2023-10-02 15:30:00-04:00,341.7900085449219,343.05999755859375,341.6400146484375,343.010009765625,204530,0.0,0.0,0.0
2023-10-03 09:30:00-04:00,340.0,342.29998779296875,337.45001220703125,337.45001220703125,73446,0.0,0.0,0.0
2023-10-03 10:30:00-04:00,337.2300109863281,337.8699951171875,335.6300048828125,335.84381103515625,92210,0.0,0.0,0.0
2023-10-03 11:30:00-04:00,335.760009765625,336.364501953125,335.25,336.0899963378906,36887,0.0,0.0,0.0
2023-10-03 12:30:00-04:00,336.1499938964844,336.2699890136719,334.9100036621094,335.0610046386719,40590,0.0,0.0,0.0
2023-10-03 13:30:00-04:00,335.0899963378906,335.1256103515625,333.1099853515625,333.54998779296875,64353,0.0,0.0,0.0
2023-10-03 14:30:00-04:00,333.5899963378906,334.5799865722656,333.1600036621094,333.2900085449219,64336,0.0,0.0,0.0
2023-10-03 15:30:00-04:00,333.1700134277344,334.55999755859375,333.0299987792969,334.5400085449219,156812,0.0,0.0,0.0
2023-10-04 09:30:00-04:00,335.57000732421875,339.1700134277344,335.57000732421875,335.864990234375,156832,0.0,0.0,0.0
2023-10-04 10:30:00-04:00,335.7850036621094,338.25,335.7850036621094,337.989990234375,84971,0.0,0.0,0.0
2023-10-04 11:30:00-04:00,338.0400085449219,339.8399963378906,337.8800048828125,339.25,186622,0.0,0.0,0.0
2023-10-04 12:30:00-04:00,339.2699890136719,339.95001220703125,338.6400146484375,338.7200012207031,111684,0.0,0.0,0.0
2023-10-04 13:30:00-04:00,338.6400146484375,338.8599853515625,337.3999938964844,338.0899963378906,116403,0.0,0.0,0.0
2023-10-04 14:30:00-04:00,338.0899963378906,340.0299987792969,337.67999267578125,339.7900085449219,142989,0.0,0.0,0.0
2023-10-04 15:30:00-04:00,339.80999755859375,340.760009765625,339.739990234375,340.07000732421875,248411,0.0,0.0,0.0
2023-10-05 09:30:00-04:00,339.8699951171875,340.0,336.5,337.1600036621094,36545,0.0,0.0,0.0
2023-10-05 10:30:00-04:00,337.0199890136719,337.3500061035156,335.3900146484375,336.0299987792969,49779,0.0,0.0,0.0
2023-10-05 11:30:00-04:00,336.010009765625,338.07000732421875,335.7699890136719,338.07000732421875,44167,0.0,0.0,0.0
2023-10-05 12:30:00-04:00,338.1499938964844,338.2799987792969,336.885009765625,337.75,44783,0.0,0.0,0.0
2023-10-05 13:30:00-04:00,337.82000732421875,339.1700134277344,337.4700012207031,338.8800048828125,63582,0.0,0.0,0.0
2023-10-05 14:30:00-04:00,338.94000244140625,339.9599914550781,338.8599853515625,339.7799987792969,56878,0.0,0.0,0.0
2023-10-05 15:30:00-04:00,339.8299865722656,339.9800109863281,339.4800109863281,339.5799865722656,98182,0.0,0.0,0.0
2023-10-06 09:30:00-04:00,336.57501220703125,341.80999755859375,336.57501220703125,341.7900085449219,76864,0.0,0.0,0.0
2023-10-06 10:30:00-04:00,341.94000244140625,345.239990234375,341.92999267578125,344.6700134277344,84491,0.0,0.0,0.0
2023-10-06 11:30:00-04:00,344.92999267578125,348.1300048828125,344.92999267578125,347.5400085449219,165836,0.0,0.0,0.0
2023-10-06 12:30:00-04:00,347.6199951171875,349.25,347.2300109863281,348.95001220703125,45950,0.0,0.0,0.0
2023-10-06 13:30:00-04:00,349.0899963378906,349.5,348.510009765625,349.4599914550781,35135,0.0,0.0,0.0
2023-10-06 14:30:00-04:00,349.4750061035156,349.8999938964844,349.2699890136719,349.8900146484375,77565,0.0,0.0,0.0
2023-10-06 15:30:00-04:00,349.9100036621094,349.9700012207031,348.5799865722656,348.6099853515625,156942,0.0,0.0,0.0
2023-10-09 09:30:00-04:00,346.79998779296875,349.5199890136719,345.6400146484375,348.54998779296875,100060,0.0,0.0,0.0
2023-10-09 10:30:00-04:00,348.8299865722656,348.8900146484375,346.4700012207031,347.80999755859375,58603,0.0,0.0,0.0
2023-10-09 11:30:00-04:00,347.968994140625,349.6528015136719,347.6000061035156,349.05999755859375,73151,0.0,0.0,0.0
2023-10-09 12:30:00-04:00,349.0799865722656,350.1099853515625,348.739990234375,350.1099853515625,54259,0.0,0.0,0.0
2023-10-09 13:30:00-04:00,350.17999267578125,351.56500244140625,350.17999267578125,351.2300109863281,61315,0.0,0.0,0.0
2023-10-09 14:30:00-04:00,351.20001220703125,351.6600036621094,350.6199951171875,351.2699890136719,88492,0.0,0.0,0.0
2023-10-09 15:30:00-04:00,351.25,351.260009765625,350.55999755859375,350.989990234375,173446,0.0,0.0,0.0
2023-10-10 09:30:00-04:00,351.5299987792969,355.0,350.53009033203125,354.7900085449219,73788,0.0,0.0,0.0
2023-10-10 10:30:00-04:00,354.864990234375,355.42999267578125,354.56500244140625,355.1700134277344,69706,0.0,0.0,0.0
2023-10-10 11:30:00-04:00,355.1499938964844,355.5299987792969,354.4599914550781,354.7799987792969,80144,0.0,0.0,0.0
2023-10-10 12:30:00-04:00,354.8800048828125,354.8800048828125,352.2300109863281,352.7300109863281,104779,0.0,0.0,0.0
2023-10-10 13:30:00-04:00,352.8900146484375,353.6000061035156,352.67999267578125,353.0299987792969,85437,0.0,0.0,0.0
2023-10-10 14:30:00-04:00,352.95001220703125,353.739990234375,352.94000244140625,353.20001220703125,113618,0.0,0.0,0.0
2023-10-10 15:30:00-04:00,353.1600036621094,353.3699951171875,352.489990234375,352.6579895019531,262344,0.0,0.0,0.0
2023-10-11 09:30:00-04:00,353.8699951171875,356.0,353.6099853515625,354.2900085449219,65660,0.0,0.0,0.0
2023-10-11 10:30:00-04:00,354.07000732421875,355.5,353.17999267578125,354.1099853515625,65457,0.0,0.0,0.0
2023-10-11 11:30:00-04:00,354.1000061035156,354.3699951171875,353.25,353.6199951171875,37775,0.0,0.0,0.0
2023-10-11 12:30:00-04:00,353.82000732421875,353.8599853515625,352.0199890136719,352.55999755859375,69054,0.0,0.0,0.0
2023-10-11 13:30:00-04:00,352.45001220703125,354.0299987792969,351.92999267578125,353.42999267578125,59076,0.0,0.0,0.0
2023-10-11 14:30:00-04:00,353.4049987792969,354.2099914550781,353.3800048828125,354.2099914550781,34067,0.0,0.0,0.0
2023-10-11 15:30:00-04:00,354.17999267578125,354.8399963378906,353.8699951171875,354.6300048828125,131113,0.0,0.0,0.0
2023-10-12 09:30:00-04:00,355.8500061035156,357.57000732421875,354.4200134277344,356.3299865722656,62911,0.0,0.0,0.0
2023-10-12 10:30:00-04:00,356.4700012207031,357.6199951171875,356.1708984375,356.54998779296875,66592,0.0,0.0,0.0
2023-10-12 11:30:00-04:00,356.44000244140625,357.3900146484375,356.44000244140625,357.1300048828125,28869,0.0,0.0,0.0
2023-10-12 12:30:00-04:00,357.04998779296875,357.25,353.57000732421875,353.79998779296875,99829,0.0,0.0,0.0
2023-10-12 13:30:00-04:00,353.5400085449219,353.80999755859375,350.8399963378906,351.8900146484375,270269,0.0,0.0,0.0
2023-10-12 14:30:00-04:00,351.8800048828125,353.4200134277344,351.8800048828125,353.1700134277344,50958,0.0,0.0,0.0
2023-10-12 15:30:00-04:00,353.260009765625,353.739990234375,353.1700134277344,353.1700134277344,83641,0.0,0.0,0.0
2023-10-13 09:30:00-04:00,352.92999267578125,354.510009765625,351.7900085449219,352.239990234375,58962,0.0,0.0,0.0
2023-10-13 10:30:00-04:00,351.9700012207031,352.4800109863281,348.6400146484375,348.8500061035156,71416,0.0,0.0,0.0
2023-10-13 11:30:00-04:00,348.7699890136719,350.5,348.68499755859375,350.5,66720,0.0,0.0,0.0
2023-10-13 12:30:00-04:00,350.5929870605469,350.8999938964844,348.1532897949219,348.19189453125,38218,0.0,0.0,0.0
2023-10-13 13:30:00-04:00,347.8399963378906,349.29998779296875,347.739990234375,348.69000244140625,27666,0.0,0.0,0.0
2023-10-13 14:30:00-04:00,348.760009765625,350.260009765625,348.760009765625,349.0400085449219,60292,0.0,0.0,0.0
2023-10-13 15:30:00-04:00,349.25,349.5199890136719,348.54998779296875,349.32000732421875,141540,0.0,0.0,0.0
2023-10-16 09:30:00-04:00,350.3399963378906,355.0199890136719,350.2699890136719,355.0199890136719,0,0.0,0.0,0.0
2023-10-16 10:30:00-04:00,355.1000061035156,355.6400146484375,353.489990234375,354.0400085449219,252619,0.0,0.0,0.0
2023-10-16 11:30:00-04:00,354.1099853515625,354.3099060058594,353.3900146484375,353.8800048828125,75266,0.0,0.0,0.0
2023-10-16 12:30:00-04:00,353.9599914550781,354.760009765625,352.32000732421875,353.1400146484375,88553,0.0,0.0,0.0
2023-10-16 13:30:00-04:00,353.32000732421875,354.6061096191406,353.239990234375,354.2099914550781,61210,0.0,0.0,0.0
2023-10-16 14:30:00-04:00,354.19000244140625,354.510009765625,353.95001220703125,354.5,87193,0.0,0.0,0.0
2023-10-16 15:30:00-04:00,354.5299987792969,354.57000732421875,353.239990234375,353.3399963378906,170796,0.0,0.0,0.0
2023-10-17 09:30:00-04:00,349.7900085449219,354.6400146484375,349.19000244140625,354.1499938964844,95144,0.0,0.0,0.0
2023-10-17 10:30:00-04:00,354.239990234375,356.3299865722656,354.1700134277344,355.9700012207031,89463,0.0,0.0,0.0
2023-10-17 11:30:00-04:00,355.8699951171875,356.8799133300781,355.7799987792969,356.864990234375,58516,0.0,0.0,0.0
2023-10-17 12:30:00-04:00,356.9200134277344,357.0400085449219,356.1600036621094,356.4200134277344,154817,0.0,0.0,0.0
2023-10-17 13:30:00-04:00,356.2900085449219,356.3900146484375,354.54998779296875,355.1300048828125,105347,0.0,0.0,0.0
2023-10-17 14:30:00-04:00,355.04998779296875,355.5799865722656,354.1600036621094,354.8900146484375,140977,0.0,0.0,0.0
2023-10-17 15:30:00-04:00,354.94000244140625,355.04998779296875,354.3900146484375,354.9599914550781,175822,0.0,0.0,0.0
2023-10-18 09:30:00-04:00,353.510009765625,355.30999755859375,352.67999267578125,353.6400146484375,71149,0.0,0.0,0.0
2023-10-18 10:30:00-04:00,353.489990234375,353.5350036621094,351.8299865722656,352.7099914550781,58733,0.0,0.0,0.0
2023-10-18 11:30:00-04:00,352.6600036621094,353.8800048828125,352.1600036621094,352.5299987792969,38508,0.0,0.0,0.0
2023-10-18 12:30:00-04:00,352.6600036621094,353.760009765625,351.47869873046875,353.0799865722656,56162,0.0,0.0,0.0
2023-10-18 13:30:00-04:00,353.0799865722656,353.0799865722656,351.29998779296875,352.25,60511,0.0,0.0,0.0
2023-10-18 14:30:00-04:00,352.25,352.489990234375,350.1400146484375,350.1400146484375,116918,0.0,0.0,0.0
2023-10-18 15:30:00-04:00,350.2200012207031,350.4800109863281,349.0299987792969,349.6199951171875,109426,0.0,0.0,0.0
2023-10-19 09:30:00-04:00,350.5199890136719,353.3399963378906,349.9599914550781,351.1300048828125,90275,0.0,0.0,0.0
2023-10-19 10:30:00-04:00,351.0299987792969,352.239990234375,349.9599914550781,350.989990234375,41509,0.0,0.0,0.0
2023-10-19 11:30:00-04:00,350.9700012207031,354.0899963378906,350.9700012207031,351.8900146484375,69688,0.0,0.0,0.0
2023-10-19 12:30:00-04:00,352.1199951171875,353.25,349.1604919433594,352.1199951171875,128248,0.0,0.0,0.0
2023-10-19 13:30:00-04:00,352.1600036621094,352.5,350.0799865722656,350.29998779296875,49173,0.0,0.0,0.0
2023-10-19 14:30:00-04:00,350.1400146484375,350.2200012207031,347.7699890136719,348.1400146484375,135394,0.0,0.0,0.0
2023-10-19 15:30:00-04:00,348.1499938964844,348.42999267578125,346.9179992675781,347.6000061035156,143557,0.0,0.0,0.0
2023-10-20 09:30:00-04:00,346.3800048828125,347.0,340.44500732421875,340.6199951171875,103525,0.0,0.0,0.0
2023-10-20 10:30:00-04:00,340.6000061035156,340.6000061035156,336.6600036621094,337.8699951171875,233535,0.0,0.0,0.0
2023-10-20 11:30:00-04:00,337.7300109863281,339.67999267578125,337.4700012207031,339.3399963378906,102064,0.0,0.0,0.0
2023-10-20 12:30:00-04:00,339.0899963378906,341.6400146484375,339.0899963378906,341.2300109863281,60845,0.0,0.0,0.0
2023-10-20 13:30:00-04:00,341.2300109863281,341.5249938964844,339.0799865722656,339.239990234375,78454,0.0,0.0,0.0
2023-10-20 14:30:00-04:00,339.0799865722656,339.79998779296875,338.6105041503906,338.95001220703125,109041,0.0,0.0,0.0
2023-10-20 15:30:00-04:00,339.1300048828125,339.5899963378906,338.3699951171875,338.6400146484375,339437,0.0,0.0,0.0
2023-10-23 09:30:00-04:00,335.9200134277344,337.9100036621094,333.7449951171875,337.67999267578125,124266,0.0,0.0,0.0
2023-10-23 10:30:00-04:00,337.4800109863281,339.1099853515625,336.6000061035156,338.9949951171875,114967,0.0,0.0,0.0
2023-10-23 11:30:00-04:00,339.05999755859375,340.4200134277344,338.6600036621094,340.4200134277344,69035,0.0,0.0,0.0
2023-10-23 12:30:00-04:00,340.3900146484375,342.32000732421875,340.3599853515625,340.82000732421875,120402,0.0,0.0,0.0
2023-10-23 13:30:00-04:00,340.7900085449219,341.80999755859375,340.55999755859375,340.8800048828125,68585,0.0,0.0,0.0
2023-10-23 14:30:00-04:00,340.9100036621094,341.2699890136719,339.6549987792969,339.70001220703125,101447,0.0,0.0,0.0
2023-10-23 15:30:00-04:00,339.6600036621094,339.7300109863281,338.55999755859375,338.7200012207031,137579,0.0,0.0,0.0
2023-10-24 09:30:00-04:00,341.760009765625,343.7200012207031,340.57000732421875,342.989990234375,91135,0.0,0.0,0.0
2023-10-24 10:30:00-04:00,343.1499938964844,343.55999755859375,340.7300109863281,340.7300109863281,59558,0.0,0.0,0.0
2023-10-24 11:30:00-04:00,340.5899963378906,341.04998779296875,338.57000732421875,338.69000244140625,34806,0.0,0.0,0.0
2023-10-24 12:30:00-04:00,338.5400085449219,339.3966064453125,337.7200012207031,339.3966064453125,34779,0.0,0.0,0.0
2023-10-24 13:30:00-04:00,339.8699951171875,340.54998779296875,339.32000732421875,340.54998779296875,29964,0.0,0.0,0.0
2023-10-24 14:30:00-04:00,340.6300048828125,342.0299987792969,340.6099853515625,341.9200134277344,66920,0.0,0.0,0.0
2023-10-24 15:30:00-04:00,341.989990234375,342.1400146484375,341.489990234375,341.8599853515625,138228,0.0,0.0,0.0
2023-10-25 09:30:00-04:00,341.32000732421875,341.8800048828125,336.80999755859375,337.2699890136719,47201,0.0,0.0,0.0
2023-10-25 10:30:00-04:00,337.3599853515625,339.010009765625,337.1600036621094,337.8599853515625,85090,0.0,0.0,0.0
2023-10-25 11:30:00-04:00,337.79998779296875,338.0050048828125,335.3399963378906,335.760009765625,68762,0.0,0.0,0.0
2023-10-25 12:30:00-04:00,335.70001220703125,336.1199951171875,333.0199890136719,333.2300109863281,105298,0.0,0.0,0.0
2023-10-25 13:30:00-04:00,333.1499938964844,333.3399963378906,331.7300109863281,332.4200134277344,339040,0.0,0.0,0.0
2023-10-25 14:30:00-04:00,332.70001220703125,333.1300048828125,332.0899963378906,333.1300048828125,175775,0.0,0.0,0.0
2023-10-25 15:30:00-04:00,333.29998779296875,333.4700012207031,332.364990234375,332.67498779296875,169662,0.0,0.0,0.0
2023-10-26 09:30:00-04:00,333.5400085449219,336.6600036621094,330.9309997558594,332.69000244140625,241246,0.0,0.0,0.0
2023-10-26 10:30:00-04:00,332.57501220703125,334.29998779296875,330.010009765625,330.239990234375,169342,0.0,0.0,0.0
2023-10-26 11:30:00-04:00,330.4100036621094,331.0299987792969,327.4800109863281,328.3900146484375,0,0.0,0.0,0.0
2023-10-26 12:30:00-04:00,328.3500061035156,329.2349853515625,327.1400146484375,328.20001220703125,632872,0.0,0.0,0.0
2023-10-26 13:30:00-04:00,328.2200012207031,330.6199951171875,327.7300109863281,330.4800109863281,88531,0.0,0.0,0.0
2023-10-26 14:30:00-04:00,330.4100036621094,332.1419982910156,330.1200866699219,330.4599914550781,93387,0.0,0.0,0.0
2023-10-26 15:30:00-04:00,330.3399963378906,330.5400085449219,328.69000244140625,329.2300109863281,304520,0.0,0.0,0.0
2023-10-27 09:30:00-04:00,331.6400146484375,332.2099914550781,328.8019104003906,330.1600036621094,126156,0.0,0.0,0.0
2023-10-27 10:30:00-04:00,330.20001220703125,332.79998779296875,329.3299865722656,332.3800048828125,70735,0.0,0.0,0.0
2023-10-27 11:30:00-04:00,332.489990234375,332.489990234375,330.94000244140625,331.4599914550781,80777,0.0,0.0,0.0
2023-10-27 12:30:00-04:00,331.3800048828125,331.82000732421875,329.1300048828125,329.57000732421875,104673,0.0,0.0,0.0
2023-10-27 13:30:00-04:00,329.5299987792969,329.8500061035156,328.5400085449219,328.79998779296875,70116,0.0,0.0,0.0
2023-10-27 14:30:00-04:00,328.70001220703125,329.8900146484375,328.6199951171875,329.2950134277344,102218,0.0,0.0,0.0
2023-10-27 15:30:00-04:00,329.375,329.57000732421875,328.30999755859375,329.2850036621094,128894,0.0,0.0,0.0
2023-10-30 09:30:00-04:00,331.239990234375,333.0299987792969,330.3599853515625,330.9100036621094,89150,0.0,0.0,0.0
2023-10-30 10:30:00-04:00,330.7200012207031,333.1700134277344,330.32000732421875,331.9599914550781,72155,0.0,0.0,0.0
2023-10-30 11:30:00-04:00,332.0,333.44000244140625,331.95001220703125,332.260009765625,121414,0.0,0.0,0.0
2023-10-30 12:30:00-04:00,332.4200134277344,332.95001220703125,330.9599914550781,332.7699890136719,65770,0.0,0.0,0.0
2023-10-30 13:30:00-04:00,333.1199951171875,333.5299987792969,332.4800109863281,333.25,40295,0.0,0.0,0.0
2023-10-30 14:30:00-04:00,333.3399963378906,335.04998779296875,333.2900085449219,334.4700012207031,124543,0.0,0.0,0.0
2023-10-30 15:30:00-04:00,334.5,334.5899963378906,333.260009765625,333.29998779296875,188912,0.0,0.0,0.0
2023-10-31 09:30:00-04:00,334.1400146484375,335.5899963378906,332.360107421875,335.5199890136719,50400,0.0,0.0,0.0
2023-10-31 10:30:00-04:00,335.69000244140625,336.8900146484375,334.5899963378906,335.6199951171875,90360,0.0,0.0,0.0
2023-10-31 11:30:00-04:00,335.29998779296875,336.5199890136719,335.2200012207031,336.30999755859375,47482,0.0,0.0,0.0
2023-10-31 12:30:00-04:00,336.5,337.3699951171875,335.9200134277344,336.8599853515625,70455,0.0,0.0,0.0
2023-10-31 13:30:00-04:00,337.1199951171875,338.010009765625,336.8900146484375,336.8900146484375,0,0.0,0.0,0.0
2023-10-31 14:30:00-04:00,336.8299865722656,338.2699890136719,336.8299865722656,337.7099914550781,406264,0.0,0.0,0.0
2023-10-31 15:30:00-04:00,337.6400146484375,337.7900085449219,337.1600036621094,337.57000732421875,237848,0.0,0.0,0.0
2023-11-01 09:30:00-04:00,337.5899963378906,339.9200134277344,336.82000732421875,339.7900085449219,44807,0.0,0.0,0.0
2023-11-01 10:30:00-04:00,339.82501220703125,340.5,338.1300048828125,338.1600036621094,168159,0.0,0.0,0.0
2023-11-01 11:30:00-04:00,338.1400146484375,338.3399963378906,337.36968994140625,337.5400085449219,233812,0.0,0.0,0.0
2023-11-01 12:30:00-04:00,337.8299865722656,338.04998779296875,336.70001220703125,337.5400085449219,173887,0.0,0.0,0.0
2023-11-01 13:30:00-04:00,337.55999755859375,338.1199951171875,336.8599853515625,337.5799865722656,200133,0.0,0.0,0.0
2023-11-01 14:30:00-04:00,337.6700134277344,340.4200134277344,335.7200012207031,340.04998779296875,329878,0.0,0.0,0.0
2023-11-01 15:30:00-04:00,339.989990234375,340.739990234375,339.8699951171875,340.2699890136719,303567,0.0,0.0,0.0
2023-11-02 09:30:00-04:00,344.79998779296875,346.0400085449219,343.739990234375,344.3299865722656,146310,0.0,0.0,0.0
2023-11-02 10:30:00-04:00,344.1099853515625,345.4200134277344,343.0899963378906,344.510009765625,137696,0.0,0.0,0.0
2023-11-02 11:30:00-04:00,344.510009765625,345.1499938964844,343.95001220703125,344.2099914550781,100434,0.0,0.0,0.0
2023-11-02 12:30:00-04:00,344.25,345.5400085449219,344.1000061035156,345.4100036621094,151739,0.0,0.0,0.0
2023-11-02 13:30:00-04:00,345.5799865722656,346.1700134277344,345.56500244140625,346.0799865722656,132674,0.0,0.0,0.0
2023-11-02 14:30:00-04:00,346.1099853515625,346.1300048828125,345.3699951171875,345.7550048828125,327733,0.0,0.0,0.0
2023-11-02 15:30:00-04:00,345.739990234375,346.20001220703125,345.6300048828125,346.0400085449219,465303,0.0,0.0,0.0
2023-11-03 09:30:00-04:00,345.2699890136719,348.3999938964844,343.8999938964844,346.3900146484375,243770,0.0,0.0,0.0
2023-11-03 10:30:00-04:00,346.25,347.95001220703125,345.75,347.1300048828125,180644,0.0,0.0,0.0
2023-11-03 11:30:00-04:00,347.42999267578125,349.510009765625,347.0799865722656,349.2699890136719,190498,0.0,0.0,0.0
2023-11-03 12:30:00-04:00,349.3500061035156,350.2900085449219,349.010009765625,350.1000061035156,175769,0.0,0.0,0.0
2023-11-03 13:30:00-04:00,350.1700134277344,350.8800048828125,349.8999938964844,350.67999267578125,230309,0.0,0.0,0.0
2023-11-03 14:30:00-04:00,350.5899963378906,351.4700012207031,350.3399963378906,350.6000061035156,342831,0.0,0.0,0.0
2023-11-03 15:30:00-04:00,350.6600036621094,350.6600036621094,349.5799865722656,349.69000244140625,379860,0.0,0.0,0.0
2023-11-06 09:30:00-05:00,349.9100036621094,350.67999267578125,347.05999755859375,347.3500061035156,67682,0.0,0.0,0.0
2023-11-06 10:30:00-05:00,347.3500061035156,348.6099853515625,347.1199951171875,347.3949890136719,115399,0.0,0.0,0.0
2023-11-06 11:30:00-05:00,347.3699951171875,347.5199890136719,346.5400085449219,346.92999267578125,192003,0.0,0.0,0.0
2023-11-06 12:30:00-05:00,346.8800048828125,347.20001220703125,345.20001220703125,345.4700012207031,206330,0.0,0.0,0.0
2023-11-06 13:30:00-05:00,345.3999938964844,346.6300048828125,345.3999938964844,346.54998779296875,237443,0.0,0.0,0.0
2023-11-06 14:30:00-05:00,346.5199890136719,347.6499938964844,346.45001220703125,347.6099853515625,528686,0.0,0.0,0.0
2023-11-06 15:30:00-05:00,347.6199951171875,348.95001220703125,347.44000244140625,348.9100036621094,247775,0.0,0.0,0.0
2023-11-07 09:30:00-05:00,352.3399963378906,356.5950012207031,352.0400085449219,356.5950012207031,231370,0.0,0.0,0.0
2023-11-07 10:30:00-05:00,356.5899963378906,358.489990234375,356.3699951171875,357.1400146484375,72961,0.0,0.0,0.0
2023-11-07 11:30:00-05:00,357.0799865722656,357.760009765625,355.57000732421875,355.6449890136719,111986,0.0,0.0,0.0
2023-11-07 12:30:00-05:00,355.7200012207031,356.57501220703125,355.2699890136719,356.0299987792969,64102,0.0,0.0,0.0
2023-11-07 13:30:00-05:00,355.9599914550781,357.0400085449219,355.9599914550781,356.5,84554,0.0,0.0,0.0
2023-11-07 14:30:00-05:00,356.510009765625,356.6499938964844,355.5799865722656,356.239990234375,106555,0.0,0.0,0.0
2023-11-07 15:30:00-05:00,356.20001220703125,356.95001220703125,355.6600036621094,356.05999755859375,210140,0.0,0.0,0.0
2023-11-08 09:30:00-05:00,357.1099853515625,359.510009765625,356.5400085449219,356.5400085449219,79339,0.0,0.0,0.0
2023-11-08 10:30:00-05:00,356.3599853515625,357.3800048828125,356.1700134277344,357.2300109863281,38240,0.0,0.0,0.0
2023-11-08 11:30:00-05:00,357.2699890136719,357.4949951171875,355.79998779296875,356.5299987792969,76630,0.0,0.0,0.0
2023-11-08 12:30:00-05:00,356.4200134277344,358.1499938964844,356.3599853515625,358.0199890136719,43542,0.0,0.0,0.0
2023-11-08 13:30:00-05:00,358.0199890136719,358.4599914550781,357.5,358.3949890136719,20779,0.0,0.0,0.0
2023-11-08 14:30:00-05:00,358.54998779296875,358.6199951171875,357.7900085449219,357.8999938964844,185019,0.0,0.0,0.0
2023-11-08 15:30:00-05:00,357.8599853515625,358.6600036621094,357.55999755859375,358.3500061035156,119773,0.0,0.0,0.0
2023-11-09 09:30:00-05:00,360.0,360.06500244140625,357.3900146484375,358.010009765625,58887,0.0,0.0,0.0
2023-11-09 10:30:00-05:00,358.0899963378906,360.82000732421875,357.55999755859375,360.6300048828125,67646,0.0,0.0,0.0
2023-11-09 11:30:00-05:00,360.45001220703125,361.3894958496094,358.9800109863281,359.1099853515625,67719,0.0,0.0,0.0
2023-11-09 12:30:00-05:00,359.1099853515625,360.04998779296875,357.0899963378906,359.3800048828125,72413,0.0,0.0,0.0
2023-11-09 13:30:00-05:00,359.0899963378906,359.44000244140625,356.42498779296875,357.3800048828125,124238,0.0,0.0,0.0
2023-11-09 14:30:00-05:00,357.42999267578125,357.6036071777344,355.6400146484375,356.25,126900,0.0,0.0,0.0
2023-11-09 15:30:00-05:00,356.4100036621094,356.4100036621094,355.1199951171875,355.4100036621094,201958,0.0,0.0,0.0
2023-11-10 09:30:00-05:00,356.5799865722656,359.0400085449219,355.6400146484375,357.9200134277344,72009,0.0,0.0,0.0
2023-11-10 10:30:00-05:00,358.17999267578125,361.4200134277344,357.6499938964844,360.79998779296875,58872,0.0,0.0,0.0
2023-11-10 11:30:00-05:00,360.80499267578125,361.4200134277344,359.7900085449219,360.8999938964844,94689,0.0,0.0,0.0
2023-11-10 12:30:00-05:00,360.9599914550781,362.8599853515625,360.9599914550781,362.6549987792969,72436,0.0,0.0,0.0
2023-11-10 13:30:00-05:00,362.75,364.0199890136719,362.75,363.92999267578125,33091,0.0,0.0,0.0
2023-11-10 14:30:00-05:00,363.8999938964844,364.1400146484375,363.2699890136719,363.92999267578125,131569,0.0,0.0,0.0
2023-11-10 15:30:00-05:00,363.9150085449219,364.4049987792969,363.7200012207031,364.1300048828125,138356,0.0,0.0,0.0
2023-11-13 09:30:00-05:00,362.8800048828125,363.79998779296875,361.6000061035156,363.1000061035156,126329,0.0,0.0,0.0
2023-11-13 10:30:00-05:00,363.1600036621094,364.8399963378906,362.78009033203125,364.4599914550781,107909,0.0,0.0,0.0
2023-11-13 11:30:00-05:00,364.4599914550781,365.1000061035156,363.67999267578125,364.0899963378906,64663,0.0,0.0,0.0
2023-11-13 12:30:00-05:00,364.1600036621094,364.7900085449219,363.8399963378906,364.3900146484375,62049,0.0,0.0,0.0
2023-11-13 13:30:00-05:00,364.30999755859375,365.5881042480469,364.2200012207031,365.3399963378906,55513,0.0,0.0,0.0
2023-11-13 14:30:00-05:00,365.4599914550781,365.5658874511719,364.7300109863281,364.8699951171875,89713,0.0,0.0,0.0
2023-11-13 15:30:00-05:00,364.79998779296875,364.82000732421875,364.260009765625,364.6400146484375,173769,0.0,0.0,0.0
2023-11-14 09:30:00-05:00,373.80999755859375,373.80999755859375,370.25,373.2300109863281,169080,0.0,0.0,0.0
2023-11-14 10:30:00-05:00,373.42999267578125,374.29998779296875,373.2099914550781,373.57000732421875,51194,0.0,0.0,0.0
2023-11-14 11:30:00-05:00,373.5299987792969,374.0899963378906,372.5010070800781,372.8800048828125,83413,0.0,0.0,0.0
2023-11-14 12:30:00-05:00,372.8299865722656,374.4100036621094,372.8299865722656,374.1199951171875,70327,0.0,0.0,0.0
2023-11-14 13:30:00-05:00,374.1099853515625,374.2699890136719,372.6099853515625,373.9100036621094,228854,0.0,0.0,0.0
2023-11-14 14:30:00-05:00,373.875,374.9800109863281,373.8399963378906,374.8135070800781,156545,0.0,0.0,0.0
2023-11-14 15:30:00-05:00,374.8399963378906,375.17999267578125,374.25,374.69000244140625,142602,0.0,0.0,0.0
2023-11-15 09:30:00-05:00,376.1099853515625,376.1099853515625,373.8999938964844,374.739990234375,82140,0.0,0.0,0.0
2023-11-15 10:30:00-05:00,374.8699951171875,376.04998779296875,374.3599853515625,375.57000732421875,93076,0.0,0.0,0.0
2023-11-15 11:30:00-05:00,375.5299987792969,375.55499267578125,373.4700012207031,373.9200134277344,64295,0.0,0.0,0.0
2023-11-15 12:30:00-05:00,373.9200134277344,373.9200134277344,371.29998779296875,372.4849853515625,169610,0.0,0.0,0.0
2023-11-15 13:30:00-05:00,372.375,373.739990234375,372.32000732421875,373.739990234375,61517,0.0,0.0,0.0
2023-11-15 14:30:00-05:00,373.75,373.8599853515625,372.4200134277344,372.6549987792969,72485,0.0,0.0,0.0
2023-11-15 15:30:00-05:00,372.69000244140625,372.9100036621094,372.114990234375,372.4100036621094,145675,0.0,0.0,0.0
2023-11-16 09:30:00-05:00,370.2099914550781,374.2099914550781,369.6600036621094,373.4599914550781,168842,0.0,0.0,0.0
2023-11-16 10:30:00-05:00,373.7900085449219,373.8299865722656,370.7900085449219,370.8399963378906,54786,0.0,0.0,0.0
2023-11-16 11:30:00-05:00,370.7200012207031,372.989990234375,370.6099853515625,372.989990234375,75042,0.0,0.0,0.0
2023-11-16 12:30:00-05:00,372.8299865722656,373.489990234375,371.7799987792969,372.6700134277344,53686,0.0,0.0,0.0
2023-11-16 13:30:00-05:00,372.6700134277344,372.7099914550781,371.8699951171875,372.2300109863281,25484,0.0,0.0,0.0
2023-11-16 14:30:00-05:00,372.1000061035156,373.19000244140625,372.1000061035156,372.7650146484375,43008,0.0,0.0,0.0
2023-11-16 15:30:00-05:00,372.7749938964844,373.07000732421875,372.44000244140625,372.5899963378906,133143,0.0,0.0,0.0
2023-11-17 09:30:00-05:00,373.0,373.74639892578125,371.8800048828125,373.4700012207031,80674,0.0,0.0,0.0
2023-11-17 10:30:00-05:00,373.70001220703125,373.8299865722656,372.30999755859375,372.7300109863281,19552,0.0,0.0,0.0
2023-11-17 11:30:00-05:00,373.0386962890625,374.01300048828125,372.5199890136719,373.4549865722656,99514,0.0,0.0,0.0
2023-11-17 12:30:00-05:00,373.6700134277344,374.29998779296875,373.489990234375,374.29998779296875,44965,0.0,0.0,0.0
2023-11-17 13:30:00-05:00,374.4200134277344,374.6400146484375,373.80999755859375,374.05999755859375,28719,0.0,0.0,0.0
2023-11-17 14:30:00-05:00,374.06500244140625,374.67999267578125,373.6700134277344,374.05999755859375,54357,0.0,0.0,0.0
2023-11-17 15:30:00-05:00,373.94000244140625,374.010009765625,372.760009765625,373.80999755859375,188551,0.0,0.0,0.0
2023-11-20 09:30:00-05:00,374.4800109863281,377.7200012207031,374.4800109863281,376.8203125,110207,0.0,0.0,0.0
2023-11-20 10:30:00-05:00,376.7900085449219,378.260009765625,376.2799987792969,377.7099914550781,71762,0.0,0.0,0.0
2023-11-20 11:30:00-05:00,377.69000244140625,378.5199890136719,377.3699951171875,378.1300048828125,64836,0.0,0.0,0.0
2023-11-20 12:30:00-05:00,378.05999755859375,380.0,377.94000244140625,379.92999267578125,55284,0.0,0.0,0.0
2023-11-20 13:30:00-05:00,379.80999755859375,380.010009765625,378.9700012207031,379.4200134277344,59015,0.0,0.0,0.0
2023-11-20 14:30:00-05:00,379.2900085449219,380.3900146484375,379.2699890136719,379.9599914550781,102183,0.0,0.0,0.0
2023-11-20 15:30:00-05:00,379.8699951171875,380.07000732421875,379.2200012207031,379.6099853515625,163708,0.0,0.0,0.0
2023-11-21 09:30:00-05:00,377.989990234375,380.1000061035156,376.8500061035156,377.1000061035156,775659,0.0,0.0,0.0
2023-11-21 10:30:00-05:00,377.1000061035156,378.0199890136719,376.5400085449219,377.3299865722656,212099,0.0,0.0,0.0
2023-11-21 11:30:00-05:00,377.3399963378906,378.82501220703125,376.8504943847656,378.79998779296875,164199,0.0,0.0,0.0
2023-11-21 12:30:00-05:00,378.760009765625,378.989990234375,377.9800109863281,378.1199951171875,152362,0.0,0.0,0.0
2023-11-21 13:30:00-05:00,378.1199951171875,378.8900146484375,377.7799987792969,378.3999938964844,141010,0.0,0.0,0.0
2023-11-21 14:30:00-05:00,378.44000244140625,379.17730712890625,377.95001220703125,378.9700012207031,153321,0.0,0.0,0.0
2023-11-21 15:30:00-05:00,378.9700012207031,379.20001220703125,378.0,378.44000244140625,201881,0.0,0.0,0.0
2023-11-22 09:30:00-05:00,381.0799865722656,382.8399963378906,378.6700134277344,380.3450012207031,258694,0.0,0.0,0.0
2023-11-22 10:30:00-05:00,380.7300109863281,381.1499938964844,379.7300109863281,381.125,272760,0.0,0.0,0.0
2023-11-22 11:30:00-05:00,381.25,382.04998779296875,381.19000244140625,381.70001220703125,189350,0.0,0.0,0.0
2023-11-22 12:30:00-05:00,381.70001220703125,381.8399963378906,380.8500061035156,381.55999755859375,160789,0.0,0.0,0.0
2023-11-22 13:30:00-05:00,381.56500244140625,381.6300048828125,380.95001220703125,381.0400085449219,205104,0.0,0.0,0.0
2023-11-22 14:30:00-05:00,381.010009765625,381.0400085449219,379.1700134277344,380.0299987792969,444341,0.0,0.0,0.0
2023-11-22 15:30:00-05:00,380.0400085449219,380.04998779296875,379.489990234375,379.489990234375,311152,0.0,0.0,0.0
2023-11-24 09:30:00-05:00,379.4800109863281,379.739990234375,377.9100036621094,379.1199951171875,80190,0.0,0.0,0.0
2023-11-24 10:30:00-05:00,379.07000732421875,379.7099914550781,378.45001220703125,379.5199890136719,77710,0.0,0.0,0.0
2023-11-24 11:30:00-05:00,379.510009765625,380.30999755859375,379.3999938964844,379.8800048828125,63517,0.0,0.0,0.0
2023-11-27 09:30:00-05:00,379.8599853515625,381.32000732421875,378.8500061035156,380.6700134277344,154731,0.0,0.0,0.0
2023-11-27 10:30:00-05:00,380.7300109863281,381.6650085449219,380.3500061035156,380.8299865722656,275327,0.0,0.0,0.0
2023-11-27 11:30:00-05:00,380.8599853515625,382.7850036621094,380.7300109863281,382.4150085449219,227795,0.0,0.0,0.0
2023-11-27 12:30:00-05:00,382.44000244140625,382.80999755859375,381.8599853515625,381.92999267578125,132163,0.0,0.0,0.0
2023-11-27 13:30:00-05:00,381.9200134277344,382.1000061035156,381.2699890136719,381.489990234375,139105,0.0,0.0,0.0
2023-11-27 14:30:00-05:00,381.489990234375,381.67498779296875,380.42999267578125,381.489990234375,175729,0.0,0.0,0.0
2023-11-27 15:30:00-05:00,381.5199890136719,381.6300048828125,380.32000732421875,380.510009765625,345552,0.0,0.0,0.0
2023-11-28 09:30:00-05:00,379.0,382.0299987792969,378.92999267578125,381.5899963378906,70323,0.0,0.0,0.0
2023-11-28 10:30:00-05:00,381.5400085449219,383.5400085449219,381.5400085449219,382.3399963378906,70325,0.0,0.0,0.0
2023-11-28 11:30:00-05:00,382.4100036621094,383.57000732421875,382.4100036621094,383.20001220703125,96259,0.0,0.0,0.0
2023-11-28 12:30:00-05:00,382.6499938964844,383.1300048828125,381.2200012207031,381.79998779296875,59467,0.0,0.0,0.0
2023-11-28 13:30:00-05:00,381.7416076660156,382.25,381.739990234375,382.04998779296875,86543,0.0,0.0,0.0
2023-11-28 14:30:00-05:00,381.9599914550781,382.82000732421875,381.7699890136719,382.0,172823,0.0,0.0,0.0
2023-11-28 15:30:00-05:00,382.0,382.9100036621094,382.0,382.8399963378906,240262,0.0,0.0,0.0
2023-11-29 09:30:00-05:00,387.7200012207031,390.8900146484375,387.7200012207031,389.2799987792969,213919,0.0,0.0,0.0
2023-11-29 10:30:00-05:00,389.5849914550781,391.1199951171875,388.9100036621094,389.1199951171875,98851,0.0,0.0,0.0
2023-11-29 11:30:00-05:00,389.010009765625,390.7900085449219,388.57000732421875,390.7900085449219,66356,0.0,0.0,0.0
2023-11-29 12:30:00-05:00,390.739990234375,391.1600036621094,390.010009765625,390.42999267578125,50903,0.0,0.0,0.0
2023-11-29 13:30:00-05:00,390.5400085449219,390.57000732421875,389.7449951171875,390.0899963378906,29807,0.0,0.0,0.0
2023-11-29 14:30:00-05:00,390.04998779296875,390.5400085449219,388.92999267578125,389.04998779296875,105274,0.0,0.0,0.0
2023-11-29 15:30:00-05:00,389.010009765625,389.0199890136719,388.44000244140625,388.7669982910156,218191,0.0,0.0,0.0
2023-11-30 09:30:00-05:00,392.79998779296875,395.38018798828125,389.5400085449219,390.17999267578125,201588,0.0,0.0,0.0
2023-11-30 10:30:00-05:00,390.0987854003906,390.2300109863281,387.0299987792969,389.50030517578125,123267,0.0,0.0,0.0
2023-11-30 11:30:00-05:00,389.1199951171875,389.2699890136719,387.6300048828125,388.05999755859375,87065,0.0,0.0,0.0
2023-11-30 12:30:00-05:00,388.1499938964844,389.7099914550781,388.1499938964844,389.1600036621094,99416,0.0,0.0,0.0
2023-11-30 13:30:00-05:00,389.010009765625,390.2300109863281,388.7099914550781,389.7774963378906,149352,0.0,0.0,0.0
2023-11-30 14:30:00-05:00,389.7200012207031,390.7799987792969,389.1600036621094,389.510009765625,214806,0.0,0.0,0.0
2023-11-30 15:30:00-05:00,389.4800109863281,392.0,389.3800048828125,391.7699890136719,254792,0.0,0.0,0.0
2023-12-01 09:30:00-05:00,391.0199890136719,393.260009765625,390.5199890136719,391.4849853515625,83653,0.0,0.0,0.0
2023-12-01 10:30:00-05:00,391.3699951171875,394.3299865722656,391.2099914550781,393.864990234375,93113,0.0,0.0,0.0
2023-12-01 11:30:00-05:00,393.82501220703125,396.0,393.239990234375,395.9599914550781,143309,0.0,0.0,0.0
2023-12-01 12:30:00-05:00,396.0,397.1400146484375,395.8699951171875,396.07000732421875,112561,0.0,0.0,0.0
2023-12-01 13:30:00-05:00,396.13470458984375,396.8450012207031,395.57000732421875,396.8299865722656,89622,0.0,0.0,0.0
2023-12-01 14:30:00-05:00,396.7950134277344,397.54998779296875,396.6650085449219,397.5094909667969,137043,0.0,0.0,0.0
2023-12-01 15:30:00-05:00,397.4800109863281,397.489990234375,396.6199951171875,397.239990234375,218279,0.0,0.0,0.0
2023-12-04 09:30:00-05:00,392.70001220703125,394.010009765625,389.010009765625,389.260009765625,268151,0.0,0.0,0.0
2023-12-04 10:30:00-05:00,389.260009765625,389.3500061035156,387.6759948730469,389.239990234375,73713,0.0,0.0,0.0
2023-12-04 11:30:00-05:00,389.20001220703125,391.4200134277344,389.04998779296875,391.0400085449219,104285,0.0,0.0,0.0
2023-12-04 12:30:00-05:00,391.1099853515625,391.6300048828125,390.25,390.45001220703125,39521,0.0,0.0,0.0
2023-12-04 13:30:00-05:00,390.3800048828125,391.4599914550781,389.8299865722656,391.17999267578125,40724,0.0,0.0,0.0
2023-12-04 14:30:00-05:00,391.260009765625,391.7699890136719,390.5,391.6700134277344,113620,0.0,0.0,0.0
2023-12-04 15:30:00-05:00,391.69000244140625,392.4800109863281,391.55999755859375,392.239990234375,235086,0.0,0.0,0.0
2023-12-05 09:30:00-05:00,389.1000061035156,391.69000244140625,387.9200134277344,390.17999267578125,97612,0.0,0.0,0.0
2023-12-05 10:30:00-05:00,390.30999755859375,392.1199951171875,388.6700134277344,389.94000244140625,31964,0.0,0.0,0.0
2023-12-05 11:30:00-05:00,389.80999755859375,390.3599853515625,388.42999267578125,390.1099853515625,30076,0.0,0.0,0.0
2023-12-05 12:30:00-05:00,390.0,390.4800109863281,388.4599914550781,390.0799865722656,20338,0.0,0.0,0.0
2023-12-05 13:30:00-05:00,390.2200012207031,391.4200134277344,389.79998779296875,391.32440185546875,34112,0.0,0.0,0.0
2023-12-05 14:30:00-05:00,391.3599853515625,391.70001220703125,390.45001220703125,391.5050048828125,40919,0.0,0.0,0.0
2023-12-05 15:30:00-05:00,391.3900146484375,392.3800048828125,391.3299865722656,392.3800048828125,74242,0.0,0.0,0.0
2023-12-06 09:30:00-05:00,395.0799865722656,395.0799865722656,390.82000732421875,391.3800048828125,84573,0.0,0.0,0.0
2023-12-06 10:30:00-05:00,391.614990234375,392.5199890136719,391.6000061035156,391.9200134277344,25187,0.0,0.0,0.0
2023-12-06 11:30:00-05:00,391.6300048828125,392.3399963378906,390.67999267578125,391.4200134277344,31824,0.0,0.0,0.0
2023-12-06 12:30:00-05:00,391.1300048828125,391.8299865722656,389.8550109863281,390.75,27539,0.0,0.0,0.0
2023-12-06 13:30:00-05:00,390.7300109863281,390.739990234375,389.9700012207031,390.260009765625,21371,0.0,0.0,0.0
2023-12-06 14:30:00-05:00,390.2099914550781,391.0199890136719,388.6000061035156,388.7099914550781,60010,0.0,0.0,0.0
2023-12-06 15:30:00-05:00,388.6400146484375,389.3599853515625,387.989990234375,388.2099914550781,119061,0.0,0.0,0.0
2023-12-07 09:30:00-05:00,389.0199890136719,389.94000244140625,387.30999755859375,389.7049865722656,144553,0.0,0.0,0.0
2023-12-07 10:30:00-05:00,389.6600036621094,390.2300109863281,387.0,388.2699890136719,93469,0.0,0.0,0.0
2023-12-07 11:30:00-05:00,388.4200134277344,389.8699951171875,388.3299865722656,389.8599853515625,69398,0.0,0.0,0.0
2023-12-07 12:30:00-05:00,389.8900146484375,390.2099914550781,389.3399963378906,389.8900146484375,54952,0.0,0.0,0.0
2023-12-07 13:30:00-05:00,389.9549865722656,390.8599853515625,389.6600036621094,390.8599853515625,24408,0.0,0.0,0.0
2023-12-07 14:30:00-05:00,390.8299865722656,390.8299865722656,389.6700134277344,390.2799987792969,72744,0.0,0.0,0.0
2023-12-07 15:30:00-05:00,390.30999755859375,390.5199890136719,390.1050109863281,390.42999267578125,78461,0.0,0.0,0.0
2023-12-08 09:30:00-05:00,388.0299987792969,392.9700012207031,388.0299987792969,392.239990234375,53518,0.0,0.0,0.0
2023-12-08 10:30:00-05:00,392.30999755859375,392.82000732421875,390.5299987792969,391.2799987792969,43001,0.0,0.0,0.0
2023-12-08 11:30:00-05:00,391.2987060546875,392.510009765625,390.4599914550781,392.3349914550781,35507,0.0,0.0,0.0
2023-12-08 12:30:00-05:00,392.3677062988281,392.9200134277344,392.04998779296875,392.9200134277344,18153,0.0,0.0,0.0
2023-12-08 13:30:00-05:00,392.8500061035156,393.7149963378906,392.3699951171875,393.5,16173,0.0,0.0,0.0
2023-12-08 14:30:00-05:00,393.5849914550781,394.260009765625,393.54998779296875,393.8500061035156,45393,0.0,0.0,0.0
2023-12-08 15:30:00-05:00,393.7900085449219,394.1099853515625,393.2799987792969,393.6300048828125,70439,0.0,0.0,0.0
2023-12-11 09:30:00-05:00,394.2099914550781,397.2699890136719,393.1000061035156,396.7297058105469,503089,0.0,0.0,0.0
2023-12-11 10:30:00-05:00,396.5299987792969,397.92999267578125,396.1400146484375,396.5419921875,284903,0.0,0.0,0.0
2023-12-11 11:30:00-05:00,396.5799865722656,398.0249938964844,395.92999267578125,397.8500061035156,145147,0.0,0.0,0.0
2023-12-11 12:30:00-05:00,397.8900146484375,398.20001220703125,397.3900146484375,397.7950134277344,128510,0.0,0.0,0.0
2023-12-11 13:30:00-05:00,397.7950134277344,398.1673889160156,397.5799865722656,398.04998779296875,99308,0.0,0.0,0.0
2023-12-11 14:30:00-05:00,398.1499938964844,398.1499938964844,397.0799865722656,397.510009765625,216580,0.0,0.0,0.0
2023-12-11 15:30:00-05:00,397.42999267578125,397.9599914550781,397.42999267578125,397.8599853515625,314836,0.0,0.0,0.0
2023-12-12 09:30:00-05:00,395.1199951171875,397.45001220703125,393.55499267578125,396.30999755859375,93406,0.0,0.0,0.0
2023-12-12 10:30:00-05:00,396.5400085449219,397.80999755859375,396.1199951171875,397.19000244140625,82055,0.0,0.0,0.0
2023-12-12 11:30:00-05:00,397.3299865722656,397.5899963378906,396.2749938964844,396.6400146484375,0,0.0,0.0,0.0
2023-12-12 12:30:00-05:00,396.69000244140625,397.55999755859375,396.6700134277344,396.9599914550781,465702,0.0,0.0,0.0
2023-12-12 13:30:00-05:00,396.92999267578125,397.739990234375,396.82501220703125,397.4549865722656,57960,0.0,0.0,0.0
2023-12-12 14:30:00-05:00,397.5,398.5425109863281,397.489990234375,398.4800109863281,81145,0.0,0.0,0.0
2023-12-12 15:30:00-05:00,398.42999267578125,398.5299987792969,397.92999267578125,398.239990234375,158909,0.0,0.0,0.0
2023-12-13 09:30:00-05:00,399.17999267578125,400.1499938964844,397.0,397.3900146484375,118243,0.0,0.0,0.0
2023-12-13 10:30:00-05:00,397.45989990234375,399.0249938964844,397.20001220703125,398.5899963378906,62819,0.0,0.0,0.0
2023-12-13 11:30:00-05:00,398.6300048828125,398.67498779296875,397.9200134277344,398.3550109863281,52843,0.0,0.0,0.0
2023-12-13 12:30:00-05:00,398.2850036621094,398.4599914550781,397.3699951171875,397.3699951171875,37362,0.0,0.0,0.0
2023-12-13 13:30:00-05:00,397.2699890136719,401.05499267578125,397.12750244140625,400.9599914550781,77500,0.0,0.0,0.0
2023-12-13 14:30:00-05:00,400.989990234375,403.6499938964844,400.5299987792969,401.4599914550781,344125,0.0,0.0,0.0
2023-12-13 15:30:00-05:00,401.42498779296875,403.1000061035156,401.3999938964844,403.0899963378906,503176,0.0,0.0,0.0
2023-12-14 09:30:00-05:00,402.30999755859375,403.8999938964844,398.6000061035156,398.7200012207031,243115,0.0,0.0,0.0
2023-12-14 10:30:00-05:00,398.4100036621094,399.3900146484375,396.8800048828125,397.9200134277344,98725,0.0,0.0,0.0
2023-12-14 11:30:00-05:00,397.7699890136719,399.55499267578125,397.54998779296875,399.4580993652344,42226,0.0,0.0,0.0
2023-12-14 12:30:00-05:00,399.55999755859375,399.7699890136719,396.260009765625,396.2900085449219,72846,0.0,0.0,0.0
2023-12-14 13:30:00-05:00,396.4800109863281,397.0199890136719,394.3999938964844,396.7900085449219,80401,0.0,0.0,0.0
2023-12-14 14:30:00-05:00,396.70001220703125,397.6499938964844,396.2799987792969,396.8500061035156,66585,0.0,0.0,0.0
2023-12-14 15:30:00-05:00,397.0,397.5400085449219,396.760009765625,397.5199890136719,126334,0.0,0.0,0.0
2023-12-15 09:30:00-05:00,396.8399963378906,401.3399963378906,396.8399963378906,401.3399963378906,265192,0.0,0.0,0.0
2023-12-15 10:30:00-05:00,401.3599853515625,401.8500061035156,400.4700012207031,401.635009765625,78053,0.0,0.0,0.0
2023-12-15 11:30:00-05:00,401.95001220703125,402.1700134277344,401.07000732421875,401.70001220703125,107199,0.0,0.0,0.0
2023-12-15 12:30:00-05:00,401.7099914550781,401.7099914550781,399.8500061035156,401.1199951171875,147355,0.0,0.0,0.0
2023-12-15 13:30:00-05:00,401.1099853515625,401.1449890136719,399.2799987792969,400.45001220703125,73323,0.0,0.0,0.0
2023-12-15 14:30:00-05:00,400.3399963378906,401.1400146484375,400.260009765625,400.94000244140625,99557,0.0,0.0,0.0
2023-12-15 15:30:00-05:00,400.9700012207031,402.6099853515625,400.54998779296875,401.6300048828125,227003,0.0,0.0,0.0
2023-12-18 09:30:00-05:00,401.1600036621094,404.8800048828125,401.1600036621094,403.4700012207031,164793,0.0,0.0,0.0
2023-12-18 10:30:00-05:00,403.510009765625,404.07000732421875,402.25,403.4150085449219,59462,0.0,0.0,0.0
2023-12-18 11:30:00-05:00,403.42999267578125,404.55499267578125,403.19500732421875,404.17999267578125,57609,0.0,0.0,0.0
2023-12-18 12:30:00-05:00,404.19500732421875,405.3114013671875,404.1400146484375,405.07501220703125,52917,0.0,0.0,0.0
2023-12-18 13:30:00-05:00,405.1400146484375,405.6600036621094,405.0400085449219,405.29998779296875,99013,0.0,0.0,0.0
2023-12-18 14:30:00-05:00,405.1499938964844,405.7898864746094,405.0199890136719,405.54998779296875,42929,0.0,0.0,0.0
2023-12-18 15:30:00-05:00,405.5400085449219,405.5400085449219,404.5799865722656,404.6600036621094,102774,0.0,0.0,0.0
2023-12-19 09:30:00-05:00,405.17999267578125,407.29998779296875,404.95001220703125,407.0199890136719,81460,0.0,0.0,0.0
2023-12-19 10:30:00-05:00,407.04998779296875,407.6300048828125,406.07000732421875,407.489990234375,49505,0.0,0.0,0.0
2023-12-19 11:30:00-05:00,407.5400085449219,407.5400085449219,405.6700134277344,406.1600036621094,52585,0.0,0.0,0.0
2023-12-19 12:30:00-05:00,406.2099914550781,406.79998779296875,405.7149963378906,406.510009765625,51933,0.0,0.0,0.0
2023-12-19 13:30:00-05:00,406.5299987792969,407.1099853515625,406.2900085449219,406.8900146484375,35261,0.0,0.0,0.0
2023-12-19 14:30:00-05:00,406.95001220703125,407.0799865722656,406.2699890136719,406.6300048828125,81893,0.0,0.0,0.0
2023-12-19 15:30:00-05:00,406.75,407.32000732421875,406.4549865722656,407.239990234375,85948,0.0,0.0,0.0
2023-12-20 09:30:00-05:00,405.5570983886719,407.6499938964844,404.7799987792969,407.6400146484375,57075,0.0,0.0,0.0
2023-12-20 10:30:00-05:00,407.7200012207031,408.2200012207031,407.0400085449219,407.3800048828125,39333,0.0,0.0,0.0
2023-12-20 11:30:00-05:00,407.4599914550781,408.0799865722656,407.17999267578125,407.8599853515625,35257,0.0,0.0,0.0
2023-12-20 12:30:00-05:00,407.92999267578125,408.55499267578125,407.3500061035156,408.2900085449219,25673,0.0,0.0,0.0
2023-12-20 13:30:00-05:00,408.30999755859375,408.4779968261719,407.2099914550781,407.2962951660156,53777,0.0,0.0,0.0
2023-12-20 14:30:00-05:00,407.2699890136719,407.30999755859375,401.5,401.70001220703125,94867,0.0,0.0,0.0
2023-12-20 15:30:00-05:00,401.79998779296875,403.0299987792969,401.05999755859375,401.0799865722656,91521,0.0,0.0,0.0
2023-12-21 09:30:00-05:00,405.010009765625,406.7200012207031,403.5899963378906,404.22711181640625,70404,0.0,0.0,0.0
2023-12-21 10:30:00-05:00,404.3500061035156,404.94000244140625,403.510009765625,404.1600036621094,33769,0.0,0.0,0.0
2023-12-21 11:30:00-05:00,404.3699951171875,404.72601318359375,403.50201416015625,403.75,41936,0.0,0.0,0.0
2023-12-21 12:30:00-05:00,404.20001220703125,404.6199951171875,403.2460021972656,404.3299865722656,21990,0.0,0.0,0.0
2023-12-21 13:30:00-05:00,404.7099914550781,405.2340087890625,404.0899963378906,404.885009765625,33066,0.0,0.0,0.0
2023-12-21 14:30:00-05:00,404.80999755859375,406.57000732421875,404.6499938964844,406.57000732421875,34871,0.0,0.0,0.0
2023-12-21 15:30:00-05:00,406.7900085449219,406.989990234375,406.3299865722656,406.8900146484375,93581,0.0,0.0,0.0
2023-12-22 09:30:00-05:00,407.87750244140625,408.2799987792969,406.6000061035156,407.3699951171875,43007,0.0,0.0,0.0
2023-12-22 10:30:00-05:00,407.54998779296875,407.8599853515625,406.510009765625,407.2300109863281,23787,0.0,0.0,0.0
2023-12-22 11:30:00-05:00,407.3999938964844,407.42999267578125,406.57000732421875,407.07000732421875,19217,0.0,0.0,0.0
2023-12-22 12:30:00-05:00,406.989990234375,408.2200012207031,406.739990234375,408.04998779296875,49581,0.0,0.0,0.0
2023-12-22 13:30:00-05:00,408.1199951171875,408.2200012207031,405.7300109863281,405.7900085449219,25774,0.0,0.0,0.0
2023-12-22 14:30:00-05:00,405.6000061035156,408.07000732421875,405.4200134277344,407.760009765625,38076,0.0,0.0,0.0
2023-12-22 15:30:00-05:00,407.760009765625,407.9200134277344,407.1700134277344,407.3399963378906,83872,0.0,0.0,0.0
2023-12-26 09:30:00-05:00,408.5,408.835693359375,407.260009765625,408.1099853515625,44803,0.0,0.0,0.0
2023-12-26 10:30:00-05:00,408.44000244140625,408.6745910644531,407.5,407.7749938964844,42599,0.0,0.0,0.0
2023-12-26 11:30:00-05:00,407.8500061035156,408.1300048828125,407.5799865722656,407.760009765625,17055,0.0,0.0,0.0
2023-12-26 12:30:00-05:00,407.6300048828125,407.8800048828125,407.30999755859375,407.7200012207031,14463,0.0,0.0,0.0
2023-12-26 13:30:00-05:00,407.8500061035156,408.0799865722656,407.6300048828125,407.9700012207031,57829,0.0,0.0,0.0
2023-12-26 14:30:00-05:00,407.95001220703125,409.2099914550781,407.95001220703125,408.9700012207031,28491,0.0,0.0,0.0
2023-12-26 15:30:00-05:00,409.0,409.20440673828125,408.42999267578125,408.7200012207031,46163,0.0,0.0,0.0
2023-12-27 09:30:00-05:00,408.4200134277344,409.7300109863281,407.4200134277344,407.8299865722656,67725,0.0,0.0,0.0
2023-12-27 10:30:00-05:00,407.5899963378906,408.2099914550781,407.1099853515625,408.1000061035156,78642,0.0,0.0,0.0
2023-12-27 11:30:00-05:00,408.2099914550781,408.6000061035156,408.0199890136719,408.1099853515625,26997,0.0,0.0,0.0
2023-12-27 12:30:00-05:00,408.1600036621094,409.0,407.75,408.3599853515625,40657,0.0,0.0,0.0
2023-12-27 13:30:00-05:00,408.44000244140625,408.5199890136719,407.3900146484375,408.3500061035156,0,0.0,0.0,0.0
2023-12-27 14:30:00-05:00,408.19000244140625,408.37060546875,407.6099853515625,408.0498962402344,303120,0.0,0.0,0.0
2023-12-27 15:30:00-05:00,407.9700012207031,408.6099853515625,407.8800048828125,408.4700012207031,103455,0.0,0.0,0.0
2023-12-28 09:30:00-05:00,408.9100036621094,408.9599914550781,407.6400146484375,408.3699951171875,39707,0.0,0.0,0.0
2023-12-28 10:30:00-05:00,408.4100036621094,408.5299987792969,407.9100036621094,407.9150085449219,27759,0.0,0.0,0.0
2023-12-28 11:30:00-05:00,407.95001220703125,408.69989013671875,407.95001220703125,408.6600036621094,34482,0.0,0.0,0.0
2023-12-28 12:30:00-05:00,408.56500244140625,409.1199951171875,408.2229919433594,408.75,34873,0.0,0.0,0.0
2023-12-28 13:30:00-05:00,408.6400146484375,408.9800109863281,408.20001220703125,408.7200012207031,21833,0.0,0.0,0.0
2023-12-28 14:30:00-05:00,408.6700134277344,408.8399963378906,408.1400146484375,408.3800048828125,39460,0.0,0.0,0.0
2023-12-28 15:30:00-05:00,408.4100036621094,408.9200134277344,407.875,408.3500061035156,210139,0.0,0.0,0.0
2023-12-29 09:30:00-05:00,408.5299987792969,409.2650146484375,407.4599914550781,407.8450012207031,46926,0.0,0.0,0.0
2023-12-29 10:30:00-05:00,407.6499938964844,407.6499938964844,404.0199890136719,404.0199890136719,60023,0.0,0.0,0.0
2023-12-29 11:30:00-05:00,404.2543029785156,405.39898681640625,404.1199951171875,404.1300048828125,26435,0.0,0.0,0.0
2023-12-29 12:30:00-05:00,404.2300109863281,406.3890075683594,404.2300109863281,405.69000244140625,26715,0.0,0.0,0.0
2023-12-29 13:30:00-05:00,405.8599853515625,406.5299987792969,405.7650146484375,406.2799987792969,17882,0.0,0.0,0.0
2023-12-29 14:30:00-05:00,406.3890075683594,406.5899963378906,405.6300048828125,406.125,61345,0.0,0.0,0.0
2023-12-29 15:30:00-05:00,406.1173095703125,406.1173095703125,404.8890075683594,405.6499938964844,97855,0.0,0.0,0.0
2024-01-02 09:30:00-05:00,401.19000244140625,402.06500244140625,393.8399963378906,393.8599853515625,143608,0.0,0.0,0.0
2024-01-02 10:30:00-05:00,393.6099853515625,395.0899963378906,391.7099914550781,395.07000732421875,65086,0.0,0.0,0.0
2024-01-02 11:30:00-05:00,395.1700134277344,395.69000244140625,394.92498779296875,395.20001220703125,74156,0.0,0.0,0.0
2024-01-02 12:30:00-05:00,395.04998779296875,395.6099853515625,393.5400085449219,394.489990234375,102803,0.0,0.0,0.0
2024-01-02 13:30:00-05:00,394.45001220703125,394.7300109863281,392.75,394.38531494140625,104498,0.0,0.0,0.0
2024-01-02 14:30:00-05:00,394.3599853515625,394.45001220703125,392.4200134277344,393.010009765625,196006,0.0,0.0,0.0
2024-01-02 15:30:00-05:00,392.94000244140625,394.6700134277344,392.6400146484375,394.54998779296875,270252,0.0,0.0,0.0
2024-01-03 09:30:00-05:00,389.9200134277344,391.69000244140625,388.75,389.7724914550781,147639,0.0,0.0,0.0
2024-01-03 10:30:00-05:00,389.7650146484375,390.7099914550781,388.93499755859375,389.55010986328125,94366,0.0,0.0,0.0
2024-01-03 11:30:00-05:00,389.54998779296875,389.8399963378906,388.42999267578125,389.0199890136719,48773,0.0,0.0,0.0
2024-01-03 12:30:00-05:00,389.0799865722656,389.6600036621094,388.7099914550781,389.0799865722656,41945,0.0,0.0,0.0
2024-01-03 13:30:00-05:00,389.19000244140625,389.8599853515625,387.75,389.6400146484375,89101,0.0,0.0,0.0
2024-01-03 14:30:00-05:00,389.6499938964844,389.82000732421875,388.0299987792969,388.2049865722656,82747,0.0,0.0,0.0
2024-01-03 15:30:00-05:00,388.3599853515625,388.739990234375,387.6000061035156,387.95001220703125,167338,0.0,0.0,0.0
2024-01-04 09:30:00-05:00,387.8999938964844,389.625,386.75,388.9100036621094,94118,0.0,0.0,0.0
2024-01-04 10:30:00-05:00,389.1990051269531,389.9800109863281,388.59600830078125,389.1099853515625,34427,0.0,0.0,0.0
2024-01-04 11:30:00-05:00,389.1099853515625,389.42999267578125,388.0,388.69000244140625,53809,0.0,0.0,0.0
2024-01-04 12:30:00-05:00,388.5799865722656,388.8550109863281,387.8699951171875,388.6189880371094,27195,0.0,0.0,0.0
2024-01-04 13:30:00-05:00,388.5299987792969,388.7950134277344,387.7850036621094,387.9150085449219,33132,0.0,0.0,0.0
2024-01-04 14:30:00-05:00,387.760009765625,388.5799865722656,387.45001220703125,387.8299865722656,101393,0.0,0.0,0.0
2024-01-04 15:30:00-05:00,387.80999755859375,388.1199951171875,386.55999755859375,386.92999267578125,119053,0.0,0.0,0.0
2024-01-05 09:30:00-05:00,387.1199951171875,389.85211181640625,385.92999267578125,389.0199890136719,133382,0.0,0.0,0.0
2024-01-05 10:30:00-05:00,388.9150085449219,390.0899963378906,388.0600891113281,388.0600891113281,102804,0.0,0.0,0.0
2024-01-05 11:30:00-05:00,388.4200134277344,388.8699951171875,387.17999267578125,387.3699951171875,48828,0.0,0.0,0.0
2024-01-05 12:30:00-05:00,387.54998779296875,388.0199890136719,386.9100036621094,387.625,48611,0.0,0.0,0.0
2024-01-05 13:30:00-05:00,388.0799865722656,388.45001220703125,387.75,387.760009765625,33465,0.0,0.0,0.0
2024-01-05 14:30:00-05:00,387.82000732421875,388.0899963378906,385.79998779296875,386.19000244140625,73451,0.0,0.0,0.0
2024-01-05 15:30:00-05:00,386.17999267578125,387.2699890136719,385.70001220703125,386.8500061035156,211581,0.0,0.0,0.0
2024-01-08 09:30:00-05:00,388.8999938964844,394.42999267578125,388.8999938964844,394.1099853515625,95347,0.0,0.0,0.0
2024-01-08 10:30:00-05:00,394.3699951171875,394.989990234375,393.9200134277344,393.9200134277344,36747,0.0,0.0,0.0
2024-01-08 11:30:00-05:00,393.94000244140625,395.02130126953125,393.5799865722656,394.92999267578125,50301,0.0,0.0,0.0
2024-01-08 12:30:00-05:00,395.2300109863281,396.1099853515625,395.2300109863281,395.739990234375,41678,0.0,0.0,0.0
2024-01-08 13:30:00-05:00,395.760009765625,396.3500061035156,395.6199951171875,396.2099914550781,40069,0.0,0.0,0.0
2024-01-08 14:30:00-05:00,396.32000732421875,397.1300048828125,396.32000732421875,396.9599914550781,55400,0.0,0.0,0.0
2024-01-08 15:30:00-05:00,396.989990234375,397.3599853515625,396.510009765625,397.0899963378906,116149,0.0,0.0,0.0
2024-01-09 09:30:00-05:00,395.2699890136719,399.2300109863281,394.8900146484375,398.7799987792969,69992,0.0,0.0,0.0
2024-01-09 10:30:00-05:00,398.8699951171875,399.6099853515625,398.260009765625,399.1300048828125,52139,0.0,0.0,0.0
2024-01-09 11:30:00-05:00,399.3800048828125,400.44000244140625,398.9800109863281,399.8800048828125,40319,0.0,0.0,0.0
2024-01-09 12:30:00-05:00,400.010009765625,400.5899963378906,399.5400085449219,399.67999267578125,43763,0.0,0.0,0.0
2024-01-09 13:30:00-05:00,399.30999755859375,400.3550109863281,398.8699951171875,399.6300048828125,43920,0.0,0.0,0.0
2024-01-09 14:30:00-05:00,399.6499938964844,399.82000732421875,398.70001220703125,398.9599914550781,68918,0.0,0.0,0.0
2024-01-09 15:30:00-05:00,398.9525146484375,399.17999267578125,398.0,398.94000244140625,108627,0.0,0.0,0.0
2024-01-10 09:30:00-05:00,400.7300109863281,402.7099914550781,399.55499267578125,401.6000061035156,203620,0.0,0.0,0.0
2024-01-10 10:30:00-05:00,401.614990234375,403.48150634765625,401.6050109863281,402.69000244140625,43189,0.0,0.0,0.0
2024-01-10 11:30:00-05:00,402.4100036621094,403.1199951171875,402.260009765625,402.80999755859375,31811,0.0,0.0,0.0
2024-01-10 12:30:00-05:00,402.9700012207031,403.81988525390625,402.70001220703125,403.4750061035156,54509,0.0,0.0,0.0
2024-01-10 13:30:00-05:00,403.55999755859375,404.8949890136719,403.55999755859375,404.56500244140625,34853,0.0,0.0,0.0
2024-01-10 14:30:00-05:00,404.5,405.2799987792969,403.7449951171875,404.17999267578125,147094,0.0,0.0,0.0
2024-01-10 15:30:00-05:00,404.0400085449219,404.5,403.19500732421875,404.3900146484375,348127,0.0,0.0,0.0
2024-01-11 09:30:00-05:00,406.55999755859375,409.2699890136719,403.17999267578125,404.8500061035156,69024,0.0,0.0,0.0
2024-01-11 10:30:00-05:00,404.82000732421875,405.67999267578125,402.6400146484375,402.7300109863281,49239,0.0,0.0,0.0
2024-01-11 11:30:00-05:00,402.67999267578125,403.3299865722656,401.5199890136719,402.20001220703125,76249,0.0,0.0,0.0
2024-01-11 12:30:00-05:00,402.4100036621094,405.6000061035156,402.29998779296875,405.6000061035156,38518,0.0,0.0,0.0
2024-01-11 13:30:00-05:00,405.5089111328125,406.67999267578125,404.9849853515625,406.5799865722656,60726,0.0,0.0,0.0
2024-01-11 14:30:00-05:00,406.8599853515625,407.5400085449219,406.4800109863281,407.1300048828125,85669,0.0,0.0,0.0
2024-01-11 15:30:00-05:00,407.2200012207031,407.70001220703125,406.7200012207031,407.5899963378906,84026,0.0,0.0,0.0
2024-01-12 09:30:00-05:00,408.6199951171875,410.5899963378906,407.1499938964844,408.0400085449219,129964,0.0,0.0,0.0
2024-01-12 10:30:00-05:00,408.1499938964844,408.79998779296875,406.80010986328125,408.32000732421875,40237,0.0,0.0,0.0
2024-01-12 11:30:00-05:00,408.4200134277344,408.6199951171875,406.8999938964844,407.6099853515625,31129,0.0,0.0,0.0
2024-01-12 12:30:00-05:00,407.7597961425781,408.9739990234375,407.489990234375,408.8800048828125,33091,0.0,0.0,0.0
2024-01-12 13:30:00-05:00,408.93499755859375,409.80999755859375,408.79998779296875,409.3399963378906,44341,0.0,0.0,0.0
2024-01-12 14:30:00-05:00,409.3599853515625,409.42999267578125,408.17999267578125,408.54998779296875,65997,0.0,0.0,0.0
2024-01-12 15:30:00-05:00,408.5799865722656,409.010009765625,408.45001220703125,408.82000732421875,82552,0.0,0.0,0.0
2024-01-16 09:30:00-05:00,407.5799865722656,409.8999938964844,405.6791076660156,409.69000244140625,58001,0.0,0.0,0.0
2024-01-16 10:30:00-05:00,409.55999755859375,410.3900146484375,407.21099853515625,408.9849853515625,50957,0.0,0.0,0.0
2024-01-16 11:30:00-05:00,408.92999267578125,409.17999267578125,407.510009765625,407.70001220703125,36880,0.0,0.0,0.0
2024-01-16 12:30:00-05:00,407.5,407.9599914550781,406.67999267578125,407.2200012207031,32503,0.0,0.0,0.0
2024-01-16 13:30:00-05:00,407.3100891113281,407.7200012207031,405.9800109863281,406.75,46942,0.0,0.0,0.0
2024-01-16 14:30:00-05:00,406.6199951171875,407.80999755859375,406.5799865722656,407.44000244140625,41072,0.0,0.0,0.0
2024-01-16 15:30:00-05:00,407.5400085449219,408.5899963378906,407.3800048828125,408.3599853515625,93382,0.0,0.0,0.0
2024-01-17 09:30:00-05:00,405.4100036621094,406.6600036621094,400.1600036621094,402.010009765625,205773,0.0,0.0,0.0
2024-01-17 10:30:00-05:00,401.9700012207031,405.1700134277344,401.69000244140625,405.1700134277344,63238,0.0,0.0,0.0
2024-01-17 11:30:00-05:00,405.1449890136719,405.82000732421875,404.5,404.7250061035156,34981,0.0,0.0,0.0
2024-01-17 12:30:00-05:00,404.56500244140625,405.739990234375,404.25,404.6099853515625,33791,0.0,0.0,0.0
2024-01-17 13:30:00-05:00,404.5799865722656,405.489990234375,403.8399963378906,405.489990234375,77321,0.0,0.0,0.0
2024-01-17 14:30:00-05:00,405.54998779296875,406.30999755859375,405.1300048828125,405.17999267578125,140953,0.0,0.0,0.0
2024-01-17 15:30:00-05:00,405.17999267578125,407.19000244140625,405.1400146484375,407.0199890136719,231456,0.0,0.0,0.0
2024-01-18 09:30:00-05:00,409.7799987792969,411.2749938964844,407.25,409.0,51360,0.0,0.0,0.0
2024-01-18 10:30:00-05:00,409.489990234375,410.68499755859375,408.5299987792969,410.5400085449219,35200,0.0,0.0,0.0
2024-01-18 11:30:00-05:00,410.6400146484375,411.15179443359375,407.8125,408.3399963378906,48481,0.0,0.0,0.0
2024-01-18 12:30:00-05:00,408.5199890136719,408.7200012207031,407.0799865722656,407.2300109863281,63958,0.0,0.0,0.0
2024-01-18 13:30:00-05:00,407.3399963378906,410.4200134277344,407.3399963378906,410.3981018066406,39539,0.0,0.0,0.0
2024-01-18 14:30:00-05:00,410.45001220703125,411.1099853515625,409.9200134277344,410.7300109863281,45226,0.0,0.0,0.0
2024-01-18 15:30:00-05:00,410.94500732421875,411.3500061035156,410.5899963378906,411.0299987792969,90871,0.0,0.0,0.0
2024-01-19 09:30:00-05:00,413.1099853515625,413.5299987792969,412.0199890136719,413.2799987792969,41738,0.0,0.0,0.0
2024-01-19 10:30:00-05:00,413.0,413.9599914550781,412.19000244140625,413.6300048828125,33317,0.0,0.0,0.0
2024-01-19 11:30:00-05:00,413.5899963378906,413.6099853515625,412.4599914550781,413.335205078125,75301,0.0,0.0,0.0
2024-01-19 12:30:00-05:00,413.44000244140625,414.94000244140625,413.44000244140625,414.82000732421875,32729,0.0,0.0,0.0
2024-01-19 13:30:00-05:00,414.8900146484375,417.7049865722656,414.8900146484375,417.0450134277344,50891,0.0,0.0,0.0
2024-01-19 14:30:00-05:00,417.0899963378906,417.75,416.3399963378906,417.75,72806,0.0,0.0,0.0
2024-01-19 15:30:00-05:00,417.7200012207031,418.2900085449219,417.6000061035156,418.25,132691,0.0,0.0,0.0
2024-01-22 09:30:00-05:00,421.760009765625,425.44000244140625,421.760009765625,423.0325012207031,130106,0.0,0.0,0.0
2024-01-22 10:30:00-05:00,422.4200134277344,424.239990234375,421.7349853515625,424.239990234375,75792,0.0,0.0,0.0
2024-01-22 11:30:00-05:00,424.25,424.4949951171875,423.1600036621094,423.82000732421875,0,0.0,0.0,0.0
2024-01-22 12:30:00-05:00,423.8699951171875,423.9599914550781,421.45001220703125,421.55999755859375,331028,0.0,0.0,0.0
2024-01-22 13:30:00-05:00,421.54998779296875,423.1199951171875,421.5400085449219,422.3599853515625,61270,0.0,0.0,0.0
2024-01-22 14:30:00-05:00,422.43499755859375,423.45001220703125,422.20001220703125,423.42999267578125,84102,0.0,0.0,0.0
2024-01-22 15:30:00-05:00,423.385009765625,423.4849853515625,422.2799987792969,422.5199890136719,185139,0.0,0.0,0.0
2024-01-23 09:30:00-05:00,422.54998779296875,422.7699890136719,419.67010498046875,421.4949951171875,117095,0.0,0.0,0.0
2024-01-23 10:30:00-05:00,421.40838623046875,422.3900146484375,420.9100036621094,421.2250061035156,55750,0.0,0.0,0.0
2024-01-23 11:30:00-05:00,421.3399963378906,421.67999267578125,420.8999938964844,421.04998779296875,62668,0.0,0.0,0.0
2024-01-23 12:30:00-05:00,421.0,421.8900146484375,420.67999267578125,421.5400085449219,75201,0.0,0.0,0.0
2024-01-23 13:30:00-05:00,421.6199951171875,422.0,421.0799865722656,421.82000732421875,57031,0.0,0.0,0.0
2024-01-23 14:30:00-05:00,421.7349853515625,422.9700012207031,421.3299865722656,422.7699890136719,67165,0.0,0.0,0.0
2024-01-23 15:30:00-05:00,422.5,423.20001220703125,422.2200012207031,422.9700012207031,166169,0.0,0.0,0.0
2024-01-24 09:30:00-05:00,427.92498779296875,427.92498779296875,425.0899963378906,427.1199951171875,153825,0.0,0.0,0.0
2024-01-24 10:30:00-05:00,427.20001220703125,428.4324951171875,425.7900085449219,426.7699890136719,89570,0.0,0.0,0.0
2024-01-24 11:30:00-05:00,426.8299865722656,428.5799865722656,426.385009765625,428.3699951171875,71721,0.0,0.0,0.0
2024-01-24 12:30:00-05:00,428.44000244140625,428.7699890136719,426.55999755859375,427.1000061035156,132450,0.0,0.0,0.0
2024-01-24 13:30:00-05:00,426.92999267578125,427.1499938964844,424.1099853515625,424.4100036621094,91526,0.0,0.0,0.0
2024-01-24 14:30:00-05:00,424.510009765625,425.3599853515625,423.19000244140625,423.3500061035156,96361,0.0,0.0,0.0
2024-01-24 15:30:00-05:00,423.1824951171875,424.1300048828125,422.7300109863281,423.04998779296875,177891,0.0,0.0,0.0
2024-01-25 09:30:00-05:00,427.3399963378906,427.3399963378906,423.989990234375,426.1099853515625,40564,0.0,0.0,0.0
2024-01-25 10:30:00-05:00,426.5320129394531,427.19000244140625,424.8900146484375,427.0400085449219,46734,0.0,0.0,0.0
2024-01-25 11:30:00-05:00,426.8599853515625,427.1650085449219,425.04998779296875,425.5849914550781,39529,0.0,0.0,0.0
2024-01-25 12:30:00-05:00,425.5,425.5018005371094,423.9599914550781,424.19000244140625,38051,0.0,0.0,0.0
2024-01-25 13:30:00-05:00,424.1199951171875,424.1199951171875,421.5277099609375,421.79998779296875,40936,0.0,0.0,0.0
2024-01-25 14:30:00-05:00,421.7699890136719,423.2699890136719,421.67999267578125,423.0,72891,0.0,0.0,0.0
2024-01-25 15:30:00-05:00,422.864990234375,424.17999267578125,422.8299865722656,424.05010986328125,129089,0.0,0.0,0.0
2024-01-26 09:30:00-05:00,424.0199890136719,425.2300109863281,422.1600036621094,424.7749938964844,53547,0.0,0.0,0.0
2024-01-26 10:30:00-05:00,424.9800109863281,426.6099853515625,424.8450012207031,425.9110107421875,22761,0.0,0.0,0.0
2024-01-26 11:30:00-05:00,425.66461181640625,426.0899963378906,424.80499267578125,425.25,16118,0.0,0.0,0.0
2024-01-26 12:30:00-05:00,425.0400085449219,425.0400085449219,422.93011474609375,423.8599853515625,33106,0.0,0.0,0.0
2024-01-26 13:30:00-05:00,423.8399963378906,424.0403137207031,423.1000061035156,423.6300048828125,26647,0.0,0.0,0.0
2024-01-26 14:30:00-05:00,423.489990234375,424.510009765625,423.2300109863281,423.44000244140625,26253,0.0,0.0,0.0
2024-01-26 15:30:00-05:00,423.3800048828125,423.5150146484375,422.8599853515625,423.1400146484375,72327,0.0,0.0,0.0
2024-01-29 09:30:00-05:00,423.3299865722656,428.4100036621094,423.0199890136719,427.2900085449219,79999,0.0,0.0,0.0
2024-01-29 10:30:00-05:00,427.5400085449219,427.8299865722656,426.1700134277344,426.58770751953125,41283,0.0,0.0,0.0
2024-01-29 11:30:00-05:00,426.92999267578125,428.0799865722656,426.7699890136719,427.92498779296875,108279,0.0,0.0,0.0
2024-01-29 12:30:00-05:00,427.9100036621094,428.0950012207031,427.3699951171875,427.6099853515625,51203,0.0,0.0,0.0
2024-01-29 13:30:00-05:00,427.6499938964844,428.7900085449219,427.19000244140625,428.760009765625,43984,0.0,0.0,0.0
2024-01-29 14:30:00-05:00,428.8399963378906,431.17999267578125,428.6199951171875,430.8900146484375,135391,0.0,0.0,0.0
2024-01-29 15:30:00-05:00,431.0,431.70001220703125,430.7099914550781,431.6499938964844,137744,0.0,0.0,0.0
2024-01-30 09:30:00-05:00,431.6700134277344,431.75,430.0,430.6099853515625,113552,0.0,0.0,0.0
2024-01-30 10:30:00-05:00,431.04998779296875,431.20001220703125,429.8900146484375,430.44500732421875,48826,0.0,0.0,0.0
2024-01-30 11:30:00-05:00,430.5799865722656,430.760009765625,429.0400085449219,429.1499938964844,205001,0.0,0.0,0.0
2024-01-30 12:30:00-05:00,429.05499267578125,429.6499938964844,428.4700012207031,429.5899963378906,80170,0.0,0.0,0.0
2024-01-30 13:30:00-05:00,429.67999267578125,429.80999755859375,428.510009765625,429.4649963378906,63903,0.0,0.0,0.0
2024-01-30 14:30:00-05:00,429.4949951171875,430.3399963378906,429.45001220703125,430.1700134277344,51563,0.0,0.0,0.0
2024-01-30 15:30:00-05:00,430.2099914550781,430.4200134277344,429.6600036621094,430.17999267578125,119035,0.0,0.0,0.0
2024-01-31 09:30:00-05:00,426.7699890136719,426.8299865722656,422.6600036621094,422.81500244140625,129228,0.0,0.0,0.0
2024-01-31 10:30:00-05:00,422.7974853515625,423.82000732421875,420.8500061035156,423.07000732421875,77688,0.0,0.0,0.0
2024-01-31 11:30:00-05:00,422.8323974609375,424.38238525390625,422.32000732421875,424.2300109863281,69534,0.0,0.0,0.0
2024-01-31 12:30:00-05:00,424.3500061035156,425.55999755859375,423.6499938964844,424.45001220703125,76927,0.0,0.0,0.0
2024-01-31 13:30:00-05:00,424.44000244140625,424.5,422.260009765625,422.94000244140625,95503,0.0,0.0,0.0
2024-01-31 14:30:00-05:00,423.010009765625,427.2799987792969,420.6499938964844,422.6099853515625,119311,0.0,0.0,0.0
2024-01-31 15:30:00-05:00,422.4700012207031,422.54998779296875,420.17999267578125,420.42999267578125,110591,0.0,0.0,0.0
2024-02-01 09:30:00-05:00,424.239990234375,425.94000244140625,421.67999267578125,425.9150085449219,118910,0.0,0.0,0.0
2024-02-01 10:30:00-05:00,425.92999267578125,425.92999267578125,421.1600036621094,421.6000061035156,67743,0.0,0.0,0.0
2024-02-01 11:30:00-05:00,421.7799987792969,424.3699951171875,421.7799987792969,422.8868103027344,57246,0.0,0.0,0.0
2024-02-01 12:30:00-05:00,423.0899963378906,425.5,422.8399963378906,424.7699890136719,152291,0.0,0.0,0.0
2024-02-01 13:30:00-05:00,424.9599914550781,426.1499938964844,424.32000732421875,425.92999267578125,69882,0.0,0.0,0.0
2024-02-01 14:30:00-05:00,425.8999938964844,426.9200134277344,425.67498779296875,426.5299987792969,68987,0.0,0.0,0.0
2024-02-01 15:30:00-05:00,426.54998779296875,427.0,425.45001220703125,426.1700134277344,119620,0.0,0.0,0.0
2024-02-02 09:30:00-05:00,427.1499938964844,427.5899963378906,423.9700012207031,426.55999755859375,66749,0.0,0.0,0.0
2024-02-02 10:30:00-05:00,426.3900146484375,428.3299865722656,425.1199951171875,428.2300109863281,40832,0.0,0.0,0.0
2024-02-02 11:30:00-05:00,428.44000244140625,430.07000732421875,428.364990234375,430.07000732421875,28198,0.0,0.0,0.0
2024-02-02 12:30:00-05:00,430.17498779296875,430.5,428.07000732421875,428.44000244140625,40339,0.0,0.0,0.0
2024-02-02 13:30:00-05:00,428.70989990234375,430.2300109863281,428.1700134277344,429.4100036621094,77878,0.0,0.0,0.0
2024-02-02 14:30:00-05:00,429.4200134277344,430.2099914550781,428.9049987792969,430.1099853515625,40308,0.0,0.0,0.0
2024-02-02 15:30:00-05:00,430.2699890136719,430.2900085449219,429.20001220703125,429.3999938964844,66563,0.0,0.0,0.0
2024-02-05 09:30:00-05:00,429.4800109863281,429.7550048828125,422.4800109863281,423.7300109863281,89548,0.0,0.0,0.0
2024-02-05 10:30:00-05:00,424.05499267578125,424.2300109863281,422.07501220703125,423.7699890136719,48602,0.0,0.0,0.0
2024-02-05 11:30:00-05:00,423.86358642578125,425.6000061035156,423.760009765625,425.3699951171875,46775,0.0,0.0,0.0
2024-02-05 12:30:00-05:00,425.6000061035156,426.3699951171875,425.3699951171875,425.4700012207031,28321,0.0,0.0,0.0
2024-02-05 13:30:00-05:00,425.45001220703125,426.2900085449219,425.1600036621094,426.2900085449219,14038,0.0,0.0,0.0
2024-02-05 14:30:00-05:00,426.2799987792969,426.9800109863281,425.4100036621094,426.55499267578125,26883,0.0,0.0,0.0
2024-02-05 15:30:00-05:00,426.4700012207031,427.4700012207031,426.3699951171875,426.6000061035156,77329,0.0,0.0,0.0
2024-02-06 09:30:00-05:00,428.5899963378906,429.3299865722656,425.0199890136719,425.7950134277344,33994,0.0,0.0,0.0
2024-02-06 10:30:00-05:00,425.6600036621094,426.1600036621094,425.0050048828125,425.79998779296875,29488,0.0,0.0,0.0
2024-02-06 11:30:00-05:00,425.82000732421875,425.8999938964844,421.5400085449219,422.7099914550781,45873,0.0,0.0,0.0
2024-02-06 12:30:00-05:00,422.72100830078125,425.0,422.3299865722656,425.0,42067,0.0,0.0,0.0
2024-02-06 13:30:00-05:00,425.1300048828125,425.3500061035156,423.1600036621094,423.8399963378906,54176,0.0,0.0,0.0
2024-02-06 14:30:00-05:00,423.8599853515625,426.1000061035156,423.739990234375,425.510009765625,68422,0.0,0.0,0.0
2024-02-06 15:30:00-05:00,425.44000244140625,426.2699890136719,424.3999938964844,425.92999267578125,110241,0.0,0.0,0.0
2024-02-07 09:30:00-05:00,430.0,432.54998779296875,427.8399963378906,432.54998779296875,40825,0.0,0.0,0.0
2024-02-07 10:30:00-05:00,432.6698913574219,433.2699890136719,431.760009765625,432.4599914550781,75030,0.0,0.0,0.0
2024-02-07 11:30:00-05:00,432.6499938964844,433.1000061035156,431.6000061035156,432.05999755859375,39499,0.0,0.0,0.0
2024-02-07 12:30:00-05:00,431.739990234375,433.4800109863281,431.1700134277344,433.4800109863281,20055,0.0,0.0,0.0
2024-02-07 13:30:00-05:00,433.5799865722656,434.1600036621094,433.3500061035156,433.739990234375,27676,0.0,0.0,0.0
2024-02-07 14:30:00-05:00,433.8399963378906,434.0849914550781,433.2250061035156,433.3074951171875,31326,0.0,0.0,0.0
2024-02-07 15:30:00-05:00,433.3489990234375,433.3999938964844,432.5199890136719,432.7799987792969,84684,0.0,0.0,0.0
2024-02-08 09:30:00-05:00,433.6300048828125,437.20989990234375,433.2850036621094,436.2300109863281,50327,0.0,0.0,0.0
2024-02-08 10:30:00-05:00,436.3299865722656,437.5400085449219,435.80340576171875,436.614990234375,52882,0.0,0.0,0.0
2024-02-08 11:30:00-05:00,436.5799865722656,437.32000732421875,436.3299865722656,436.8699951171875,64605,0.0,0.0,0.0
2024-02-08 12:30:00-05:00,436.7900085449219,437.1499938964844,435.79998779296875,437.1499938964844,40848,0.0,0.0,0.0
2024-02-08 13:30:00-05:00,437.260009765625,437.80999755859375,436.2300109863281,436.55999755859375,47718,0.0,0.0,0.0
2024-02-08 14:30:00-05:00,436.625,437.3599853515625,436.0400085449219,437.25,45684,0.0,0.0,0.0
2024-02-08 15:30:00-05:00,437.30999755859375,437.3949890136719,436.6600036621094,437.19000244140625,117381,0.0,0.0,0.0
2024-02-09 09:30:00-05:00,441.8299865722656,442.69000244140625,439.489990234375,442.6400146484375,122747,0.0,0.0,0.0
2024-02-09 10:30:00-05:00,442.8299865722656,443.1499938964844,441.7099914550781,442.1099853515625,62911,0.0,0.0,0.0
2024-02-09 11:30:00-05:00,442.3999938964844,442.8399963378906,441.6600036621094,442.79998779296875,43524,0.0,0.0,0.0
2024-02-09 12:30:00-05:00,442.7200012207031,443.69000244140625,442.431396484375,443.1400146484375,47788,0.0,0.0,0.0
2024-02-09 13:30:00-05:00,443.1400146484375,443.75,442.5799865722656,443.67498779296875,36593,0.0,0.0,0.0
2024-02-09 14:30:00-05:00,443.7300109863281,444.0899963378906,442.6700134277344,442.8399963378906,58965,0.0,0.0,0.0
2024-02-09 15:30:00-05:00,442.6700134277344,442.92999267578125,442.1400146484375,442.260009765625,71770,0.0,0.0,0.0
2024-02-12 09:30:00-05:00,443.2799987792969,443.2799987792969,438.239990234375,440.3699951171875,133865,0.0,0.0,0.0
2024-02-12 10:30:00-05:00,440.3800048828125,441.8800048828125,440.260009765625,441.614990234375,48530,0.0,0.0,0.0
2024-02-12 11:30:00-05:00,441.510009765625,441.8699951171875,440.6250915527344,440.6250915527344,34390,0.0,0.0,0.0
2024-02-12 12:30:00-05:00,440.9800109863281,441.5400085449219,439.9100036621094,439.9100036621094,20082,0.0,0.0,0.0
2024-02-12 13:30:00-05:00,439.760009765625,439.760009765625,437.0199890136719,437.8399963378906,64815,0.0,0.0,0.0
2024-02-12 14:30:00-05:00,437.9200134277344,438.2325134277344,436.6650085449219,437.8324890136719,73378,0.0,0.0,0.0
2024-02-12 15:30:00-05:00,437.8299865722656,437.94000244140625,437.0299987792969,437.3900146484375,64333,0.0,0.0,0.0
2024-02-13 09:30:00-05:00,423.9100036621094,429.20001220703125,421.25,429.20001220703125,168784,0.0,0.0,0.0
2024-02-13 10:30:00-05:00,429.2200012207031,431.2799987792969,428.79998779296875,429.9200134277344,93143,0.0,0.0,0.0
2024-02-13 11:30:00-05:00,429.70001220703125,430.79998779296875,428.25,428.25,53462,0.0,0.0,0.0
2024-02-13 12:30:00-05:00,428.4700012207031,429.614990234375,427.7300109863281,428.79998779296875,63497,0.0,0.0,0.0
2024-02-13 13:30:00-05:00,428.5,428.9200134277344,426.1719970703125,426.8399963378906,63095,0.0,0.0,0.0
2024-02-13 14:30:00-05:00,427.0899963378906,427.6000061035156,424.69000244140625,425.45001220703125,101309,0.0,0.0,0.0
2024-02-13 15:30:00-05:00,425.5,427.69000244140625,425.1700134277344,427.69000244140625,123010,0.0,0.0,0.0
2024-02-14 09:30:00-05:00,433.29998779296875,435.7872009277344,431.5,435.54998779296875,64446,0.0,0.0,0.0
2024-02-14 10:30:00-05:00,435.81988525390625,435.81988525390625,431.8800048828125,433.17999267578125,27217,0.0,0.0,0.0
2024-02-14 11:30:00-05:00,433.3800048828125,434.0199890136719,431.82000732421875,434.0199890136719,21319,0.0,0.0,0.0
2024-02-14 12:30:00-05:00,434.19000244140625,434.9200134277344,433.82000732421875,433.94000244140625,33437,0.0,0.0,0.0
2024-02-14 13:30:00-05:00,434.1000061035156,435.62939453125,433.6600036621094,434.6199951171875,19831,0.0,0.0,0.0
2024-02-14 14:30:00-05:00,434.45001220703125,435.9898986816406,434.29998779296875,435.739990234375,42322,0.0,0.0,0.0
2024-02-14 15:30:00-05:00,435.8800048828125,436.510009765625,435.2900085449219,436.25,102824,0.0,0.0,0.0
2024-02-15 09:30:00-05:00,438.625,438.8399963378906,434.2300109863281,434.2300109863281,45785,0.0,0.0,0.0
2024-02-15 10:30:00-05:00,434.4700012207031,436.4100036621094,433.5400085449219,434.739990234375,35105,0.0,0.0,0.0
2024-02-15 11:30:00-05:00,434.67999267578125,435.79998779296875,434.1700134277344,435.5899963378906,48344,0.0,0.0,0.0
2024-02-15 12:30:00-05:00,435.5459899902344,435.7300109863281,434.44000244140625,435.6000061035156,22041,0.0,0.0,0.0
2024-02-15 13:30:00-05:00,435.70001220703125,436.04998779296875,434.8599853515625,435.18499755859375,37515,0.0,0.0,0.0
2024-02-15 14:30:00-05:00,435.3399963378906,435.7799987792969,434.6600036621094,435.2449951171875,47103,0.0,0.0,0.0
2024-02-15 15:30:00-05:00,435.25,435.69000244140625,434.95001220703125,435.3299865722656,69877,0.0,0.0,0.0
2024-02-16 09:30:00-05:00,435.1300048828125,435.1300048828125,427.9800109863281,429.25,88564,0.0,0.0,0.0
2024-02-16 10:30:00-05:00,429.6099853515625,432.2900085449219,428.9700012207031,431.6600036621094,136769,0.0,0.0,0.0
2024-02-16 11:30:00-05:00,431.7900085449219,432.2099914550781,431.0400085449219,431.9700012207031,82246,0.0,0.0,0.0
2024-02-16 12:30:00-05:00,432.1000061035156,432.2275085449219,430.4800109863281,431.1300048828125,57599,0.0,0.0,0.0
2024-02-16 13:30:00-05:00,431.1700134277344,432.2900085449219,430.9700927734375,431.5675048828125,50798,0.0,0.0,0.0
2024-02-16 14:30:00-05:00,431.510009765625,431.57000732421875,428.1400146484375,429.0050048828125,130795,0.0,0.0,0.0
2024-02-16 15:30:00-05:00,429.0,429.2699890136719,427.45001220703125,427.8800048828125,193508,0.0,0.0,0.0
2024-02-20 09:30:00-05:00,423.6199951171875,426.260009765625,418.5400085449219,418.94000244140625,300049,0.0,0.0,0.0
2024-02-20 10:30:00-05:00,418.489990234375,421.95001220703125,417.340087890625,421.7749938964844,103846,0.0,0.0,0.0
2024-02-20 11:30:00-05:00,421.6600036621094,421.6600036621094,418.6099853515625,419.0799865722656,97724,0.0,0.0,0.0
2024-02-20 12:30:00-05:00,419.0400085449219,421.2099914550781,418.6600036621094,420.0899963378906,72814,0.0,0.0,0.0
2024-02-20 13:30:00-05:00,420.1000061035156,421.45001220703125,419.8800048828125,421.3599853515625,65126,0.0,0.0,0.0
2024-02-20 14:30:00-05:00,421.3299865722656,422.30999755859375,421.1700134277344,422.1300048828125,83950,0.0,0.0,0.0
2024-02-20 15:30:00-05:00,422.05999755859375,422.489990234375,420.6549987792969,422.489990234375,212795,0.0,0.0,0.0
2024-02-21 09:30:00-05:00,410.0799865722656,410.6499938964844,406.5400085449219,408.2799987792969,281059,0.0,0.0,0.0
2024-02-21 10:30:00-05:00,408.2799987792969,409.3999938964844,407.7900085449219,408.6499938964844,87959,0.0,0.0,0.0
2024-02-21 11:30:00-05:00,408.5199890136719,409.739990234375,407.5899963378906,408.0849914550781,109508,0.0,0.0,0.0
2024-02-21 12:30:00-05:00,408.0,409.260009765625,407.8900146484375,408.4200134277344,96752,0.0,0.0,0.0
2024-02-21 13:30:00-05:00,408.3900146484375,409.30999755859375,407.0199890136719,407.4200134277344,89597,0.0,0.0,0.0
2024-02-21 14:30:00-05:00,407.3999938964844,407.70001220703125,406.3500061035156,407.4800109863281,153636,0.0,0.0,0.0
2024-02-21 15:30:00-05:00,407.44000244140625,410.79998779296875,407.4200134277344,410.79998779296875,223616,0.0,0.0,0.0
2024-02-22 09:30:00-05:00,422.3900146484375,424.4150085449219,420.42999267578125,421.8399963378906,287819,0.0,0.0,0.0
2024-02-22 10:30:00-05:00,422.0799865722656,422.4100036621094,420.3800048828125,421.0,172359,0.0,0.0,0.0
2024-02-22 11:30:00-05:00,421.0799865722656,421.9100036621094,420.760009765625,421.7699890136719,162641,0.0,0.0,0.0
2024-02-22 12:30:00-05:00,421.7699890136719,422.8999938964844,421.4800109863281,421.55999755859375,96358,0.0,0.0,0.0
2024-02-22 13:30:00-05:00,421.5400085449219,422.7300109863281,421.4200134277344,422.7200012207031,56771,0.0,0.0,0.0
2024-02-22 14:30:00-05:00,422.6499938964844,422.67999267578125,421.1300048828125,421.70001220703125,69929,0.0,0.0,0.0
2024-02-22 15:30:00-05:00,421.7099914550781,422.3500061035156,421.1600036621094,421.44000244140625,102498,0.0,0.0,0.0
2024-02-23 09:30:00-05:00,423.9649963378906,425.6400146484375,423.5400085449219,424.29998779296875,99045,0.0,0.0,0.0
2024-02-23 10:30:00-05:00,423.7300109863281,424.3800048828125,421.1000061035156,422.9549865722656,56683,0.0,0.0,0.0
2024-02-23 11:30:00-05:00,422.743896484375,424.0050048828125,422.3800048828125,423.42999267578125,84763,0.0,0.0,0.0
2024-02-23 12:30:00-05:00,423.29998779296875,425.0899963378906,422.9100036621094,424.7200012207031,60859,0.0,0.0,0.0
2024-02-23 13:30:00-05:00,424.6700134277344,424.94000244140625,423.82000732421875,423.9800109863281,68506,0.0,0.0,0.0
2024-02-23 14:30:00-05:00,423.94000244140625,424.7149963378906,422.7900085449219,422.92999267578125,105408,0.0,0.0,0.0
2024-02-23 15:30:00-05:00,422.92999267578125,424.1600036621094,422.82000732421875,423.4200134277344,89069,0.0,0.0,0.0
2024-02-26 09:30:00-05:00,425.8699951171875,428.2200012207031,424.6199951171875,427.3800048828125,48564,0.0,0.0,0.0
2024-02-26 10:30:00-05:00,427.6000061035156,429.92999267578125,427.2300109863281,428.67498779296875,52876,0.0,0.0,0.0
2024-02-26 11:30:00-05:00,428.7799987792969,430.9599914550781,428.7799987792969,430.8377990722656,54015,0.0,0.0,0.0
2024-02-26 12:30:00-05:00,430.75,431.0799865722656,428.739990234375,428.7850036621094,79995,0.0,0.0,0.0
2024-02-26 13:30:00-05:00,428.7950134277344,430.1000061035156,428.30999755859375,429.8599853515625,110264,0.0,0.0,0.0
2024-02-26 14:30:00-05:00,429.92999267578125,430.1700134277344,428.7099914550781,428.7850036621094,84859,0.0,0.0,0.0
2024-02-26 15:30:00-05:00,428.739990234375,428.9100036621094,427.29998779296875,427.44000244140625,254793,0.0,0.0,0.0
2024-02-27 09:30:00-05:00,430.2900085449219,430.2900085449219,426.6099853515625,428.2900085449219,93031,0.0,0.0,0.0
2024-02-27 10:30:00-05:00,428.4100036621094,428.8500061035156,427.4100036621094,428.0199890136719,27403,0.0,0.0,0.0
2024-02-27 11:30:00-05:00,427.4599914550781,428.1199951171875,426.55999755859375,426.55999755859375,29307,0.0,0.0,0.0
2024-02-27 12:30:00-05:00,426.6499938964844,426.7300109863281,424.54998779296875,425.3599853515625,63628,0.0,0.0,0.0
2024-02-27 13:30:00-05:00,425.4599914550781,427.6050109863281,425.4100036621094,427.42999267578125,40085,0.0,0.0,0.0
2024-02-27 14:30:00-05:00,427.5,428.04998779296875,427.0899963378906,427.8800048828125,61801,0.0,0.0,0.0
2024-02-27 15:30:00-05:00,427.8374938964844,427.9700012207031,427.0840148925781,427.7799987792969,65327,0.0,0.0,0.0
2024-02-28 09:30:00-05:00,425.67999267578125,426.42999267578125,424.5299987792969,425.8999938964844,33839,0.0,0.0,0.0
2024-02-28 10:30:00-05:00,426.04998779296875,427.9800109863281,426.0299987792969,427.8399963378906,25293,0.0,0.0,0.0
2024-02-28 11:30:00-05:00,427.8800048828125,428.2043151855469,426.67999267578125,426.67999267578125,28310,0.0,0.0,0.0
2024-02-28 12:30:00-05:00,426.6600036621094,427.05419921875,425.8900146484375,426.8799133300781,29977,0.0,0.0,0.0
2024-02-28 13:30:00-05:00,426.8999938964844,427.19000244140625,426.5,426.7200012207031,43754,0.0,0.0,0.0
2024-02-28 14:30:00-05:00,426.6499938964844,427.260009765625,426.1600036621094,427.239990234375,53984,0.0,0.0,0.0
2024-02-28 15:30:00-05:00,427.17999267578125,427.2300109863281,426.1700134277344,426.82000732421875,103639,0.0,0.0,0.0
2024-02-29 09:30:00-05:00,429.3299865722656,431.17999267578125,426.61248779296875,428.2749938964844,186995,0.0,0.0,0.0
2024-02-29 10:30:00-05:00,428.4100036621094,430.1474914550781,428.05999755859375,428.5899963378906,84789,0.0,0.0,0.0
2024-02-29 11:30:00-05:00,428.5899963378906,428.7300109863281,426.3599853515625,427.57000732421875,73672,0.0,0.0,0.0
2024-02-29 12:30:00-05:00,427.7200012207031,429.17999267578125,427.5400085449219,429.0899963378906,38412,0.0,0.0,0.0
2024-02-29 13:30:00-05:00,429.2699890136719,430.0400085449219,428.94000244140625,429.1929931640625,41580,0.0,0.0,0.0
2024-02-29 14:30:00-05:00,429.3599853515625,430.2699890136719,429.2843933105469,430.239990234375,44235,0.0,0.0,0.0
2024-02-29 15:30:00-05:00,430.3399963378906,431.3800048828125,430.20001220703125,430.2200012207031,129598,0.0,0.0,0.0
2024-03-01 09:30:00-05:00,431.8299865722656,431.8299865722656,427.8399963378906,431.05999755859375,147509,0.0,0.0,0.0
2024-03-01 10:30:00-05:00,431.0799865722656,432.6199951171875,430.2300109863281,431.95001220703125,61671,0.0,0.0,0.0
2024-03-01 11:30:00-05:00,432.034912109375,432.989990234375,431.29998779296875,432.8599853515625,76715,0.0,0.0,0.0
2024-03-01 12:30:00-05:00,432.8800048828125,434.1700134277344,432.4599914550781,434.1400146484375,55226,0.0,0.0,0.0
2024-03-01 13:30:00-05:00,434.2099914550781,434.25,433.3699951171875,433.7950134277344,102614,0.0,0.0,0.0
2024-03-01 14:30:00-05:00,433.82000732421875,434.45001220703125,433.1099853515625,434.3900146484375,71390,0.0,0.0,0.0
2024-03-01 15:30:00-05:00,434.42999267578125,434.75,434.0299987792969,434.2699890136719,161411,0.0,0.0,0.0
2024-03-04 09:30:00-05:00,432.8900146484375,434.0799865722656,432.2200012207031,432.54998779296875,76720,0.0,0.0,0.0
2024-03-04 10:30:00-05:00,432.7449035644531,433.6000061035156,432.6000061035156,433.2900085449219,23926,0.0,0.0,0.0
2024-03-04 11:30:00-05:00,433.510009765625,433.7300109863281,432.6499938964844,433.7250061035156,21135,0.0,0.0,0.0
2024-03-04 12:30:00-05:00,433.79998779296875,433.82501220703125,432.1000061035156,432.5299987792969,32137,0.0,0.0,0.0
2024-03-04 13:30:00-05:00,432.4849853515625,433.5,432.3699951171875,433.2699890136719,23691,0.0,0.0,0.0
2024-03-04 14:30:00-05:00,433.3900146484375,434.4549865722656,433.2799987792969,434.0101013183594,37895,0.0,0.0,0.0
2024-03-04 15:30:00-05:00,433.9750061035156,434.010009765625,432.1400146484375,432.79998779296875,109458,0.0,0.0,0.0
2024-03-05 09:30:00-05:00,428.0799865722656,428.4599914550781,417.8999938964844,418.3901062011719,253939,0.0,0.0,0.0
2024-03-05 10:30:00-05:00,417.8999938964844,418.29998779296875,415.6499938964844,418.239990234375,233703,0.0,0.0,0.0
2024-03-05 11:30:00-05:00,418.0874938964844,418.18499755859375,416.3500061035156,417.6700134277344,60072,0.0,0.0,0.0
2024-03-05 12:30:00-05:00,417.7900085449219,417.9800109863281,415.69000244140625,415.9599914550781,83735,0.0,0.0,0.0
2024-03-05 13:30:00-05:00,415.80499267578125,416.17999267578125,414.2699890136719,414.6099853515625,155797,0.0,0.0,0.0
2024-03-05 14:30:00-05:00,414.6499938964844,414.9949951171875,413.82000732421875,413.92498779296875,197199,0.0,0.0,0.0
2024-03-05 15:30:00-05:00,413.9100036621094,416.3500061035156,413.69000244140625,416.30999755859375,391833,0.0,0.0,0.0
2024-03-06 09:30:00-05:00,424.70001220703125,425.5,418.3900146484375,420.0799865722656,238700,0.0,0.0,0.0
2024-03-06 10:30:00-05:00,419.92999267578125,422.67999267578125,419.3999938964844,422.1700134277344,128462,0.0,0.0,0.0
2024-03-06 11:30:00-05:00,422.1199951171875,424.07000732421875,421.6199951171875,424.07000732421875,115373,0.0,0.0,0.0
2024-03-06 12:30:00-05:00,424.1300048828125,424.4549865722656,422.95001220703125,423.6199951171875,94298,0.0,0.0,0.0
2024-03-06 13:30:00-05:00,423.6300048828125,423.67999267578125,420.69000244140625,422.4100036621094,116985,0.0,0.0,0.0
2024-03-06 14:30:00-05:00,422.4800109863281,422.6600036621094,420.19000244140625,420.80999755859375,110583,0.0,0.0,0.0
2024-03-06 15:30:00-05:00,420.80999755859375,422.20001220703125,419.9599914550781,421.9200134277344,255005,0.0,0.0,0.0
2024-03-07 09:30:00-05:00,85.1500015258789,85.25,84.22000122070312,84.79000091552734,237714,0.0,0.0,0.0
2024-03-07 10:30:00-05:00,84.79000091552734,85.05000305175781,84.6500015258789,84.99500274658203,144260,0.0,0.0,0.0
2024-03-07 11:30:00-05:00,84.9800033569336,85.33000183105469,84.9000015258789,85.2750015258789,156748,0.0,0.0,0.0
2024-03-07 12:30:00-05:00,85.2750015258789,85.44000244140625,85.2300033569336,85.44000244140625,177742,0.0,0.0,0.0
2024-03-07 13:30:00-05:00,85.44999694824219,85.64900207519531,85.43000030517578,85.55000305175781,416070,0.0,0.0,0.0
2024-03-07 14:30:00-05:00,85.55000305175781,85.62000274658203,85.28500366210938,85.37999725341797,194102,0.0,0.0,0.0
2024-03-07 15:30:00-05:00,85.37519836425781,85.5199966430664,85.35099792480469,85.41000366210938,392057,0.0,0.0,0.0
2024-03-08 09:30:00-05:00,85.63999938964844,86.3499984741211,85.47000122070312,86.11499786376953,531287,0.0,0.0,0.0
2024-03-08 10:30:00-05:00,86.13999938964844,86.16000366210938,85.08999633789062,85.12000274658203,174171,0.0,0.0,0.0
2024-03-08 11:30:00-05:00,85.12999725341797,85.51000213623047,85.05000305175781,85.43000030517578,162416,0.0,0.0,0.0
2024-03-08 12:30:00-05:00,85.44999694824219,85.51000213623047,84.8499984741211,84.86000061035156,166430,0.0,0.0,0.0
2024-03-08 13:30:00-05:00,84.83000183105469,85.20999908447266,84.6500015258789,85.16999816894531,276186,0.0,0.0,0.0
2024-03-08 14:30:00-05:00,85.17500305175781,85.48999786376953,84.93000030517578,84.95999908447266,199420,0.0,0.0,0.0
2024-03-08 15:30:00-05:00,84.94000244140625,85.0999984741211,84.94000244140625,84.94999694824219,370209,0.0,0.0,0.0
2024-03-11 09:30:00-04:00,84.70999908447266,85.1500015258789,84.29000091552734,84.5,460437,0.0,0.0,0.0
2024-03-11 10:30:00-04:00,84.51499938964844,85.16000366210938,84.51499938964844,84.79000091552734,419328,0.0,0.0,0.0
2024-03-11 11:30:00-04:00,84.7699966430664,85.11000061035156,84.70999908447266,85.05000305175781,1175247,0.0,0.0,0.0
2024-03-11 12:30:00-04:00,85.05999755859375,85.33000183105469,85.05999755859375,85.30000305175781,180434,0.0,0.0,0.0
2024-03-11 13:30:00-04:00,85.30999755859375,85.43000030517578,85.0999984741211,85.40499877929688,219431,0.0,0.0,0.0
2024-03-11 14:30:00-04:00,85.4000015258789,85.51000213623047,85.13999938964844,85.13999938964844,180189,0.0,0.0,0.0
2024-03-11 15:30:00-04:00,85.19000244140625,85.2249984741211,85.05999755859375,85.1500015258789,383943,0.0,0.0,0.0
2024-03-12 09:30:00-04:00,86.02999877929688,86.7300033569336,85.58000183105469,86.72000122070312,538599,0.0,0.0,0.0
2024-03-12 10:30:00-04:00,86.73500061035156,86.92500305175781,86.70999908447266,86.88500213623047,625538,0.0,0.0,0.0
2024-03-12 11:30:00-04:00,86.77999877929688,86.87999725341797,86.55500030517578,86.61009979248047,362298,0.0,0.0,0.0
2024-03-12 12:30:00-04:00,86.61000061035156,86.70500183105469,86.41000366210938,86.62879943847656,346114,0.0,0.0,0.0
2024-03-12 13:30:00-04:00,86.62920379638672,86.94000244140625,86.61000061035156,86.94000244140625,242875,0.0,0.0,0.0
2024-03-12 14:30:00-04:00,86.94000244140625,87.11499786376953,86.81999969482422,87.0999984741211,444155,0.0,0.0,0.0
2024-03-12 15:30:00-04:00,87.09500122070312,87.16500091552734,86.91999816894531,87.0,460887,0.0,0.0,0.0
2024-03-13 09:30:00-04:00,86.97000122070312,87.05999755859375,86.41000366210938,86.7699966430664,530202,0.0,0.0,0.0
2024-03-13 10:30:00-04:00,86.75,86.94000244140625,86.66000366210938,86.7249984741211,438365,0.0,0.0,0.0
2024-03-13 11:30:00-04:00,86.69999694824219,86.81999969482422,86.52100372314453,86.73999786376953,214356,0.0,0.0,0.0
2024-03-13 12:30:00-04:00,86.73500061035156,86.97000122070312,86.66999816894531,86.77999877929688,127602,0.0,0.0,0.0
2024-03-13 13:30:00-04:00,86.8499984741211,87.04000091552734,86.71499633789062,87.0199966430664,196472,0.0,0.0,0.0
2024-03-13 14:30:00-04:00,87.02999877929688,87.08999633789062,86.2750015258789,86.38999938964844,252347,0.0,0.0,0.0
2024-03-13 15:30:00-04:00,86.51000213623047,86.57489776611328,86.37000274658203,86.41000366210938,535606,0.0,0.0,0.0
2024-03-14 09:30:00-04:00,86.81999969482422,86.88999938964844,85.66999816894531,86.0999984741211,598449,0.0,0.0,0.0
2024-03-14 10:30:00-04:00,86.08999633789062,86.33000183105469,85.8949966430664,85.95999908447266,518487,0.0,0.0,0.0
2024-03-14 11:30:00-04:00,85.94999694824219,86.1500015258789,85.80000305175781,85.92009735107422,533196,0.0,0.0,0.0
2024-03-14 12:30:00-04:00,85.93000030517578,86.0999984741211,85.66500091552734,85.82060241699219,493185,0.0,0.0,0.0
2024-03-14 13:30:00-04:00,85.80570220947266,86.20999908447266,85.76000213623047,86.1500015258789,583474,0.0,0.0,0.0
2024-03-14 14:30:00-04:00,86.1500015258789,86.16000366210938,85.5199966430664,85.58000183105469,798124,0.0,0.0,0.0
2024-03-14 15:30:00-04:00,85.5250015258789,85.97000122070312,85.41000366210938,85.97000122070312,1067879,0.0,0.0,0.0
2024-03-15 09:30:00-04:00,84.2300033569336,84.5199966430664,83.76390075683594,83.97000122070312,1299365,0.0,0.0,0.0
2024-03-15 10:30:00-04:00,84.0199966430664,84.23999786376953,83.69999694824219,83.810302734375,771870,0.0,0.0,0.0
2024-03-15 11:30:00-04:00,83.80999755859375,83.83999633789062,83.31999969482422,83.38500213623047,658826,0.0,0.0,0.0
2024-03-15 12:30:00-04:00,83.38999938964844,83.62999725341797,83.26000213623047,83.54979705810547,394143,0.0,0.0,0.0
2024-03-15 13:30:00-04:00,83.54499816894531,83.66999816894531,83.48999786376953,83.55000305175781,502529,0.0,0.0,0.0
2024-03-15 14:30:00-04:00,83.55000305175781,83.87000274658203,83.52999877929688,83.77999877929688,477944,0.0,0.0,0.0
2024-03-15 15:30:00-04:00,83.78500366210938,83.79499816894531,83.45999908447266,83.54000091552734,1019310,0.0,0.0,0.0
2024-03-18 09:30:00-04:00,83.9800033569336,84.63999938964844,83.9800033569336,84.55000305175781,525755,0.0,0.0,0.0
2024-03-18 10:30:00-04:00,84.54000091552734,84.62000274658203,84.38999938964844,84.54499816894531,255958,0.0,0.0,0.0
2024-03-18 11:30:00-04:00,84.54000091552734,84.62000274658203,84.33000183105469,84.54499816894531,257564,0.0,0.0,0.0
2024-03-18 12:30:00-04:00,84.55000305175781,84.55999755859375,84.26000213623047,84.51000213623047,323160,0.0,0.0,0.0
2024-03-18 13:30:00-04:00,84.5199966430664,84.81999969482422,84.40499877929688,84.81500244140625,369776,0.0,0.0,0.0
2024-03-18 14:30:00-04:00,84.81999969482422,84.88999938964844,84.58000183105469,84.80999755859375,408632,0.0,0.0,0.0
2024-03-18 15:30:00-04:00,84.80500030517578,84.86000061035156,84.4800033569336,84.54000091552734,696808,0.0,0.0,0.0
2024-03-19 09:30:00-04:00,84.19000244140625,84.19000244140625,83.66999816894531,83.87000274658203,345535,0.0,0.0,0.0
2024-03-19 10:30:00-04:00,83.87999725341797,84.19999694824219,83.83499908447266,84.16000366210938,308598,0.0,0.0,0.0
2024-03-19 11:30:00-04:00,84.16000366210938,84.72000122070312,84.16000366210938,84.66000366210938,355101,0.0,0.0,0.0
2024-03-19 12:30:00-04:00,84.66500091552734,85.04000091552734,84.66500091552734,84.94999694824219,461200,0.0,0.0,0.0
2024-03-19 13:30:00-04:00,84.95500183105469,85.05000305175781,84.80000305175781,84.94000244140625,470386,0.0,0.0,0.0
2024-03-19 14:30:00-04:00,84.94000244140625,85.05000305175781,84.73999786376953,84.88999938964844,727945,0.0,0.0,0.0
2024-03-19 15:30:00-04:00,84.87000274658203,85.15499877929688,84.87000274658203,85.12000274658203,562163,0.0,0.0,0.0
2024-03-20 09:30:00-04:00,85.37000274658203,85.54000091552734,84.94000244140625,85.23999786376953,290117,0.0,0.0,0.0
2024-03-20 10:30:00-04:00,85.2699966430664,85.27999877929688,84.95999908447266,85.19999694824219,161384,0.0,0.0,0.0
2024-03-20 11:30:00-04:00,85.18499755859375,85.20500183105469,84.98999786376953,85.08000183105469,164420,0.0,0.0,0.0
2024-03-20 12:30:00-04:00,85.07499694824219,85.22000122070312,84.95999908447266,85.08999633789062,212682,0.0,0.0,0.0
2024-03-20 13:30:00-04:00,85.08999633789062,85.83999633789062,85.00499725341797,85.6500015258789,380403,0.0,0.0,0.0
2024-03-20 14:30:00-04:00,85.58999633789062,86.0999984741211,85.20999908447266,86.05000305175781,652103,0.0,0.0,0.0
2024-03-20 15:30:00-04:00,86.05500030517578,86.1500015258789,85.84500122070312,86.0,1033411,0.0,0.0,0.0
2024-03-21 09:30:00-04:00,86.91000366210938,87.19000244140625,86.5,87.01000213623047,719857,0.0,0.0,0.0
2024-03-21 10:30:00-04:00,86.9800033569336,87.0999984741211,86.7699966430664,87.02999877929688,247674,0.0,0.0,0.0
2024-03-21 11:30:00-04:00,87.03099822998047,87.29000091552734,86.98999786376953,87.19100189208984,266198,0.0,0.0,0.0
2024-03-21 12:30:00-04:00,87.20999908447266,87.2699966430664,87.07099914550781,87.08499908447266,220152,0.0,0.0,0.0
2024-03-21 13:30:00-04:00,87.08000183105469,87.11499786376953,86.66000366210938,86.94000244140625,240766,0.0,0.0,0.0
2024-03-21 14:30:00-04:00,86.94499969482422,86.94989776611328,86.61000061035156,86.71499633789062,282840,0.0,0.0,0.0
2024-03-21 15:30:00-04:00,86.71499633789062,86.79000091552734,86.53500366210938,86.54000091552734,804842,0.0,0.0,0.0
2024-03-22 09:30:00-04:00,86.48999786376953,86.55000305175781,85.69000244140625,85.76000213623047,238857,0.0,0.0,0.0
2024-03-22 10:30:00-04:00,85.76000213623047,85.91999816894531,85.62999725341797,85.87999725341797,113133,0.0,0.0,0.0
2024-03-22 11:30:00-04:00,85.92500305175781,85.98999786376953,85.75509643554688,85.9302978515625,155563,0.0,0.0,0.0
2024-03-22 12:30:00-04:00,85.93000030517578,86.18000030517578,85.79000091552734,86.08999633789062,149366,0.0,0.0,0.0
2024-03-22 13:30:00-04:00,86.08499908447266,86.20999908447266,85.97000122070312,86.1500015258789,180660,0.0,0.0,0.0
2024-03-22 14:30:00-04:00,86.1500015258789,86.1500015258789,85.83999633789062,85.94000244140625,364121,0.0,0.0,0.0
2024-03-22 15:30:00-04:00,85.94000244140625,86.08000183105469,85.88999938964844,85.95999908447266,412966,0.0,0.0,0.0
2024-03-25 09:30:00-04:00,85.49500274658203,85.6500015258789,85.19999694824219,85.54000091552734,219607,0.0,0.0,0.0
2024-03-25 10:30:00-04:00,85.54000091552734,85.68000030517578,85.48500061035156,85.63500213623047,108844,0.0,0.0,0.0
2024-03-25 11:30:00-04:00,85.63999938964844,85.83000183105469,85.59500122070312,85.76499938964844,96307,0.0,0.0,0.0
2024-03-25 12:30:00-04:00,85.7699966430664,85.87000274658203,85.68499755859375,85.8499984741211,201961,0.0,0.0,0.0
2024-03-25 13:30:00-04:00,85.8499984741211,85.90499877929688,85.76000213623047,85.9000015258789,138091,0.0,0.0,0.0
2024-03-25 14:30:00-04:00,85.88999938964844,85.9749984741211,85.75,85.81500244140625,212368,0.0,0.0,0.0
2024-03-25 15:30:00-04:00,85.79000091552734,85.88990020751953,85.65499877929688,85.68000030517578,223826,0.0,0.0,0.0
2024-03-26 09:30:00-04:00,86.05999755859375,86.20999908447266,85.875,85.87999725341797,158129,0.0,0.0,0.0
2024-03-26 10:30:00-04:00,85.87000274658203,86.02999877929688,85.73999786376953,85.99970245361328,125818,0.0,0.0,0.0
2024-03-26 11:30:00-04:00,85.98999786376953,86.33999633789062,85.95999908447266,86.20999908447266,123191,0.0,0.0,0.0
2024-03-26 12:30:00-04:00,86.20500183105469,86.20999908447266,86.0199966430664,86.16000366210938,105092,0.0,0.0,0.0
2024-03-26 13:30:00-04:00,86.16999816894531,86.31500244140625,86.0999984741211,86.30999755859375,135246,0.0,0.0,0.0
2024-03-26 14:30:00-04:00,86.30999755859375,86.31999969482422,85.96499633789062,86.0,136340,0.0,0.0,0.0
2024-03-26 15:30:00-04:00,86.01000213623047,86.01000213623047,85.82499694824219,85.87000274658203,302401,0.0,0.0,0.0
2024-03-27 09:30:00-04:00,86.44999694824219,86.63999938964844,84.97000122070312,85.33999633789062,385072,0.0,0.0,0.0
2024-03-27 10:30:00-04:00,85.36000061035156,85.47000122070312,85.125,85.12850189208984,237696,0.0,0.0,0.0
2024-03-27 11:30:00-04:00,85.12000274658203,85.19999694824219,84.94000244140625,85.19000244140625,216187,0.0,0.0,0.0
2024-03-27 12:30:00-04:00,85.19499969482422,85.29000091552734,85.04499816894531,85.12000274658203,217214,0.0,0.0,0.0
2024-03-27 13:30:00-04:00,85.11499786376953,85.31999969482422,85.0199966430664,85.29000091552734,141593,0.0,0.0,0.0
2024-03-27 14:30:00-04:00,85.29499816894531,85.31999969482422,85.03500366210938,85.19999694824219,190831,0.0,0.0,0.0
2024-03-27 15:30:00-04:00,85.19499969482422,85.44999694824219,85.15499877929688,85.43000030517578,511391,0.0,0.0,0.0
2024-03-28 09:30:00-04:00,85.45999908447266,85.91999816894531,85.27999877929688,85.5999984741211,267194,0.0,0.0,0.0
2024-03-28 10:30:00-04:00,85.5999984741211,85.75499725341797,85.43000030517578,85.5199966430664,332602,0.0,0.0,0.0
2024-03-28 11:30:00-04:00,85.52999877929688,85.5999984741211,85.38999938964844,85.55000305175781,125028,0.0,0.0,0.0
2024-03-28 12:30:00-04:00,85.5,85.52999877929688,85.2699966430664,85.30999755859375,132990,0.0,0.0,0.0
2024-03-28 13:30:00-04:00,85.31500244140625,85.41000366210938,85.26000213623047,85.30999755859375,208755,0.0,0.0,0.0
2024-03-28 14:30:00-04:00,85.31999969482422,85.54499816894531,85.2249984741211,85.47000122070312,287758,0.0,0.0,0.0
2024-03-28 15:30:00-04:00,85.47000122070312,85.48500061035156,85.2699966430664,85.2750015258789,664298,0.0,0.0,0.0
2024-04-01 09:30:00-04:00,85.5199966430664,85.7300033569336,84.78500366210938,84.81999969482422,583115,0.0,0.0,0.0
2024-04-01 10:30:00-04:00,84.81580352783203,84.8949966430664,84.59500122070312,84.79499816894531,532857,0.0,0.0,0.0
2024-04-01 11:30:00-04:00,84.75,84.84500122070312,84.54000091552734,84.80010223388672,233862,0.0,0.0,0.0
2024-04-01 12:30:00-04:00,84.80999755859375,84.94000244140625,84.66000366210938,84.76499938964844,211865,0.0,0.0,0.0
2024-04-01 13:30:00-04:00,84.7699966430664,84.9000015258789,84.70999908447266,84.81500244140625,181774,0.0,0.0,0.0
2024-04-01 14:30:00-04:00,84.81999969482422,84.91999816894531,84.76499938964844,84.8499984741211,254630,0.0,0.0,0.0
2024-04-01 15:30:00-04:00,84.8499984741211,85.11000061035156,84.7699966430664,85.0,450151,0.0,0.0,0.0
2024-04-02 09:30:00-04:00,83.58999633789062,83.7300033569336,83.18000030517578,83.51000213623047,510867,0.0,0.0,0.0
2024-04-02 10:30:00-04:00,83.51000213623047,83.87999725341797,83.37000274658203,83.83000183105469,309149,0.0,0.0,0.0
2024-04-02 11:30:00-04:00,83.82499694824219,83.88500213623047,83.69000244140625,83.83000183105469,135124,0.0,0.0,0.0
2024-04-02 12:30:00-04:00,83.81999969482422,84.04000091552734,83.80500030517578,83.92500305175781,173556,0.0,0.0,0.0
2024-04-02 13:30:00-04:00,83.91999816894531,83.98999786376953,83.875,83.97000122070312,185681,0.0,0.0,0.0
2024-04-02 14:30:00-04:00,83.94999694824219,84.12000274658203,83.93000030517578,84.0999984741211,244686,0.0,0.0,0.0
2024-04-02 15:30:00-04:00,84.11000061035156,84.19000244140625,84.08999633789062,84.1500015258789,332007,0.0,0.0,0.0
2024-04-03 09:30:00-04:00,83.68000030517578,84.63500213623047,83.68000030517578,84.58999633789062,416740,0.0,0.0,0.0
2024-04-03 10:30:00-04:00,84.58999633789062,84.86499786376953,84.56999969482422,84.79499816894531,155469,0.0,0.0,0.0
2024-04-03 11:30:00-04:00,84.80000305175781,84.82499694824219,84.54000091552734,84.73999786376953,154930,0.0,0.0,0.0
2024-04-03 12:30:00-04:00,84.76000213623047,84.80000305175781,84.48999786376953,84.58499908447266,222158,0.0,0.0,0.0
2024-04-03 13:30:00-04:00,84.58999633789062,84.7300033569336,84.55000305175781,84.58999633789062,140469,0.0,0.0,0.0
2024-04-03 14:30:00-04:00,84.58000183105469,84.60910034179688,84.06999969482422,84.16999816894531,310286,0.0,0.0,0.0
2024-04-03 15:30:00-04:00,84.16999816894531,84.375,84.12200164794922,84.30000305175781,253105,0.0,0.0,0.0
2024-04-04 09:30:00-04:00,85.16999816894531,85.76000213623047,84.9800033569336,85.27999877929688,620175,0.0,0.0,0.0
2024-04-04 10:30:00-04:00,85.29000091552734,85.3499984741211,85.18000030517578,85.29499816894531,183281,0.0,0.0,0.0
2024-04-04 11:30:00-04:00,85.29000091552734,85.49500274658203,85.23999786376953,85.49500274658203,282633,0.0,0.0,0.0
2024-04-04 12:30:00-04:00,85.48999786376953,85.53500366210938,85.37000274658203,85.37999725341797,305151,0.0,0.0,0.0
2024-04-04 13:30:00-04:00,85.37999725341797,85.47000122070312,84.36000061035156,84.37999725341797,403856,0.0,0.0,0.0
2024-04-04 14:30:00-04:00,84.16999816894531,84.375,83.3499984741211,83.3499984741211,685986,0.0,0.0,0.0
2024-04-04 15:30:00-04:00,83.3499984741211,83.55000305175781,83.19999694824219,83.22000122070312,786298,0.0,0.0,0.0
2024-04-05 09:30:00-04:00,83.29000091552734,84.05000305175781,83.29000091552734,83.69999694824219,739393,0.0,0.0,0.0
2024-04-05 10:30:00-04:00,83.69999694824219,84.32499694824219,83.62000274658203,84.2699966430664,468058,0.0,0.0,0.0
2024-04-05 11:30:00-04:00,84.26499938964844,84.63999938964844,84.19999694824219,84.54499816894531,359444,0.0,0.0,0.0
2024-04-05 12:30:00-04:00,84.54499816894531,84.7699966430664,84.45500183105469,84.5,310714,0.0,0.0,0.0
2024-04-05 13:30:00-04:00,84.51000213623047,84.61000061035156,84.0999984741211,84.16000366210938,486520,0.0,0.0,0.0
2024-04-05 14:30:00-04:00,84.16000366210938,84.34500122070312,84.11499786376953,84.21499633789062,500346,0.0,0.0,0.0
2024-04-05 15:30:00-04:00,84.20999908447266,84.33499908447266,84.16000366210938,84.19000244140625,460159,0.0,0.0,0.0
2024-04-08 09:30:00-04:00,84.19999694824219,84.51000213623047,83.70500183105469,84.51000213623047,539727,0.0,0.0,0.0
2024-04-08 10:30:00-04:00,84.51499938964844,84.63999938964844,84.41000366210938,84.48500061035156,291520,0.0,0.0,0.0
2024-04-08 11:30:00-04:00,84.4800033569336,84.4800033569336,84.1449966430664,84.30000305175781,231624,0.0,0.0,0.0
2024-04-08 12:30:00-04:00,84.31500244140625,84.43000030517578,84.27999877929688,84.41999816894531,332489,0.0,0.0,0.0
2024-04-08 13:30:00-04:00,84.43000030517578,84.55000305175781,84.30999755859375,84.5,262027,0.0,0.0,0.0
2024-04-08 14:30:00-04:00,84.50499725341797,84.54000091552734,84.37999725341797,84.52999877929688,321248,0.0,0.0,0.0
2024-04-08 15:30:00-04:00,84.5199966430664,84.61000061035156,84.37999725341797,84.44000244140625,392509,0.0,0.0,0.0
2024-04-09 09:30:00-04:00,84.83000183105469,84.9800033569336,84.37000274658203,84.41000366210938,339930,0.0,0.0,0.0
2024-04-09 10:30:00-04:00,84.4000015258789,84.4000015258789,83.87999725341797,84.21499633789062,406070,0.0,0.0,0.0
2024-04-09 11:30:00-04:00,84.22000122070312,84.5999984741211,84.13500213623047,84.5,284348,0.0,0.0,0.0
2024-04-09 12:30:00-04:00,84.5,84.58000183105469,84.33000183105469,84.4749984741211,122357,0.0,0.0,0.0
2024-04-09 13:30:00-04:00,84.4800033569336,84.54000091552734,84.2750015258789,84.31500244140625,186242,0.0,0.0,0.0
2024-04-09 14:30:00-04:00,84.30999755859375,84.61000061035156,84.05500030517578,84.58999633789062,217248,0.0,0.0,0.0
2024-04-09 15:30:00-04:00,84.5999984741211,84.73999786376953,84.4000015258789,84.72000122070312,420018,0.0,0.0,0.0
2024-04-10 09:30:00-04:00,83.2699966430664,83.79000091552734,83.19999694824219,83.5999984741211,2013115,0.0,0.0,0.0
2024-04-10 10:30:00-04:00,83.61000061035156,83.87000274658203,83.36000061035156,83.56999969482422,513859,0.0,0.0,0.0
2024-04-10 11:30:00-04:00,83.58000183105469,83.58000183105469,83.31999969482422,83.45999908447266,228859,0.0,0.0,0.0
2024-04-10 12:30:00-04:00,83.47000122070312,83.76000213623047,83.26000213623047,83.51000213623047,345052,0.0,0.0,0.0
2024-04-10 13:30:00-04:00,83.5,83.69000244140625,83.23500061035156,83.37999725341797,408534,0.0,0.0,0.0
2024-04-10 14:30:00-04:00,83.38500213623047,83.73999786376953,83.2699966430664,83.58499908447266,493254,0.0,0.0,0.0
2024-04-10 15:30:00-04:00,83.48500061035156,83.7300033569336,83.41000366210938,83.58999633789062,738066,0.0,0.0,0.0
2024-04-11 09:30:00-04:00,83.86000061035156,84.0593032836914,83.20999908447266,83.37999725341797,657154,0.0,0.0,0.0
2024-04-11 10:30:00-04:00,83.38999938964844,83.58999633789062,83.3499984741211,83.51000213623047,227833,0.0,0.0,0.0
2024-04-11 11:30:00-04:00,83.5199966430664,83.83000183105469,83.4800033569336,83.6050033569336,434627,0.0,0.0,0.0
2024-04-11 12:30:00-04:00,83.58999633789062,84.0999984741211,83.5199966430664,84.04000091552734,567132,0.0,0.0,0.0
2024-04-11 13:30:00-04:00,84.04000091552734,84.42500305175781,83.93499755859375,84.38999938964844,265227,0.0,0.0,0.0
2024-04-11 14:30:00-04:00,84.41999816894531,84.43499755859375,84.21939849853516,84.33000183105469,293811,0.0,0.0,0.0
2024-04-11 15:30:00-04:00,84.31500244140625,84.37000274658203,84.1500015258789,84.16000366210938,470536,0.0,0.0,0.0
2024-04-12 09:30:00-04:00,83.30000305175781,83.41500091552734,83.12999725341797,83.28500366210938,1082594,0.0,0.0,0.0
2024-04-12 10:30:00-04:00,83.27999877929688,83.3949966430664,82.875,83.24500274658203,967874,0.0,0.0,0.0
2024-04-12 11:30:00-04:00,83.25,83.3499984741211,82.8949966430664,82.93000030517578,858319,0.0,0.0,0.0
2024-04-12 12:30:00-04:00,82.93000030517578,82.94499969482422,82.46499633789062,82.5199966430664,557514,0.0,0.0,0.0
2024-04-12 13:30:00-04:00,82.51000213623047,82.78500366210938,82.44000244140625,82.65499877929688,621007,0.0,0.0,0.0
2024-04-12 14:30:00-04:00,82.62000274658203,82.66000366210938,82.45999908447266,82.55829620361328,809188,0.0,0.0,0.0
2024-04-12 15:30:00-04:00,82.55999755859375,82.79000091552734,82.51499938964844,82.7249984741211,574512,0.0,0.0,0.0
2024-04-15 09:30:00-04:00,82.75,83.05000305175781,82.05999755859375,82.12999725341797,626830,0.0,0.0,0.0
2024-04-15 10:30:00-04:00,82.11000061035156,82.17500305175781,81.77999877929688,81.90499877929688,821976,0.0,0.0,0.0
2024-04-15 11:30:00-04:00,81.91000366210938,82.16999816894531,81.69499969482422,81.7249984741211,481848,0.0,0.0,0.0
2024-04-15 12:30:00-04:00,81.72000122070312,81.75499725341797,80.94000244140625,80.95999908447266,543767,0.0,0.0,0.0
2024-04-15 13:30:00-04:00,80.96499633789062,80.97000122070312,80.5999984741211,80.69999694824219,985357,0.0,0.0,0.0
2024-04-15 14:30:00-04:00,80.69000244140625,80.83000183105469,80.2699966430664,80.41500091552734,1022416,0.0,0.0,0.0
2024-04-15 15:30:00-04:00,80.41999816894531,80.58999633789062,80.3550033569336,80.45999908447266,862846,0.0,0.0,0.0
2024-04-16 09:30:00-04:00,80.44999694824219,80.70999908447266,80.12999725341797,80.44000244140625,969920,0.0,0.0,0.0
2024-04-16 10:30:00-04:00,80.43000030517578,80.9000015258789,80.36000061035156,80.86000061035156,495822,0.0,0.0,0.0
2024-04-16 11:30:00-04:00,80.81500244140625,81.01499938964844,80.5999984741211,80.7300033569336,386377,0.0,0.0,0.0
2024-04-16 12:30:00-04:00,80.72000122070312,80.9800033569336,80.72000122070312,80.80999755859375,356966,0.0,0.0,0.0
2024-04-16 13:30:00-04:00,80.81999969482422,81.2699966430664,80.5,80.69999694824219,706907,0.0,0.0,0.0
2024-04-16 14:30:00-04:00,80.69000244140625,81.05999755859375,80.69000244140625,80.97000122070312,604218,0.0,0.0,0.0
2024-04-16 15:30:00-04:00,80.97000122070312,80.97000122070312,80.66999816894531,80.70999908447266,829200,0.0,0.0,0.0
2024-04-17 09:30:00-04:00,80.88999938964844,81.19000244140625,80.51499938964844,80.7300033569336,298622,0.0,0.0,0.0
2024-04-17 10:30:00-04:00,80.73500061035156,80.73999786376953,80.29499816894531,80.36000061035156,479349,0.0,0.0,0.0
2024-04-17 11:30:00-04:00,80.25,80.45999908447266,80.125,80.31500244140625,254918,0.0,0.0,0.0
2024-04-17 12:30:00-04:00,80.30500030517578,80.48999786376953,80.0199966430664,80.4800033569336,364846,0.0,0.0,0.0
2024-04-17 13:30:00-04:00,80.48500061035156,80.58999633789062,80.30000305175781,80.41000366210938,285241,0.0,0.0,0.0
2024-04-17 14:30:00-04:00,80.41999816894531,80.81500244140625,80.16999816894531,80.19000244140625,515224,0.0,0.0,0.0
2024-04-17 15:30:00-04:00,80.25,80.36000061035156,80.04000091552734,80.05999755859375,865981,0.0,0.0,0.0
2024-04-18 09:30:00-04:00,80.27999877929688,80.41999816894531,79.52999877929688,79.87000274658203,758194,0.0,0.0,0.0
2024-04-18 10:30:00-04:00,79.87999725341797,80.47000122070312,79.87999725341797,80.25,622837,0.0,0.0,0.0
2024-04-18 11:30:00-04:00,80.26000213623047,80.3499984741211,80.05000305175781,80.0999984741211,495216,0.0,0.0,0.0
2024-04-18 12:30:00-04:00,80.0999984741211,80.11000061035156,79.45999908447266,79.69999694824219,756085,0.0,0.0,0.0
2024-04-18 13:30:00-04:00,79.69000244140625,79.72000122070312,79.30999755859375,79.5,622759,0.0,0.0,0.0
2024-04-18 14:30:00-04:00,79.51000213623047,79.61499786376953,79.32499694824219,79.5,613957,0.0,0.0,0.0
2024-04-18 15:30:00-04:00,79.5,79.63500213623047,79.37999725341797,79.45999908447266,676255,0.0,0.0,0.0
2024-04-19 09:30:00-04:00,79.44000244140625,79.72000122070312,78.93000030517578,79.05000305175781,725782,0.0,0.0,0.0
2024-04-19 10:30:00-04:00,79.04000091552734,79.36000061035156,78.91500091552734,78.9800033569336,413483,0.0,0.0,0.0
2024-04-19 11:30:00-04:00,79.0,79.05000305175781,78.45500183105469,78.45500183105469,397032,0.0,0.0,0.0
2024-04-19 12:30:00-04:00,78.45999908447266,78.96499633789062,78.41999816894531,78.75,511989,0.0,0.0,0.0
2024-04-19 13:30:00-04:00,78.73999786376953,79.125,78.55999755859375,78.56500244140625,568123,0.0,0.0,0.0
2024-04-19 14:30:00-04:00,78.54000091552734,78.62999725341797,78.2300033569336,78.51499938964844,752994,0.0,0.0,0.0
2024-04-19 15:30:00-04:00,78.5199966430664,78.61000061035156,78.26000213623047,78.56999969482422,739662,0.0,0.0,0.0
2024-04-22 09:30:00-04:00,79.2699966430664,79.5,78.68000030517578,78.69000244140625,803847,0.0,0.0,0.0
2024-04-22 10:30:00-04:00,78.69999694824219,78.9000015258789,78.3949966430664,78.55999755859375,705728,0.0,0.0,0.0
2024-04-22 11:30:00-04:00,78.55500030517578,79.05500030517578,78.55500030517578,78.9000015258789,516716,0.0,0.0,0.0
2024-04-22 12:30:00-04:00,78.8550033569336,79.28500366210938,78.80999755859375,79.28500366210938,533775,0.0,0.0,0.0
2024-04-22 13:30:00-04:00,79.29000091552734,79.7249984741211,79.27999877929688,79.67500305175781,806874,0.0,0.0,0.0
2024-04-22 14:30:00-04:00,79.67500305175781,79.75499725341797,79.45999908447266,79.51499938964844,703319,0.0,0.0,0.0
2024-04-22 15:30:00-04:00,79.51000213623047,79.54499816894531,79.30000305175781,79.41000366210938,973484,0.0,0.0,0.0
2024-04-23 09:30:00-04:00,79.77999877929688,80.77999877929688,79.66000366210938,80.73500061035156,485399,0.0,0.0,0.0
2024-04-23 10:30:00-04:00,80.75,80.875,80.49500274658203,80.67500305175781,550463,0.0,0.0,0.0
2024-04-23 11:30:00-04:00,80.66999816894531,80.79499816894531,80.46499633789062,80.7750015258789,355880,0.0,0.0,0.0
2024-04-23 12:30:00-04:00,80.7750015258789,80.80999755859375,80.57389831542969,80.74500274658203,313636,0.0,0.0,0.0
2024-04-23 13:30:00-04:00,80.7300033569336,81.07499694824219,80.69000244140625,81.05999755859375,630917,0.0,0.0,0.0
2024-04-23 14:30:00-04:00,81.05500030517578,81.11250305175781,80.90499877929688,80.97000122070312,266617,0.0,0.0,0.0
2024-04-23 15:30:00-04:00,80.94000244140625,81.00550079345703,80.78500366210938,80.8499984741211,381604,0.0,0.0,0.0
2024-04-24 09:30:00-04:00,81.18000030517578,81.55000305175781,80.9000015258789,80.95999908447266,359657,0.0,0.0,0.0
2024-04-24 10:30:00-04:00,80.97000122070312,81.12000274658203,80.62000274658203,80.72000122070312,289996,0.0,0.0,0.0
2024-04-24 11:30:00-04:00,80.7249984741211,80.8550033569336,80.41999816894531,80.56999969482422,228148,0.0,0.0,0.0
2024-04-24 12:30:00-04:00,80.45999908447266,81.00499725341797,80.37999725341797,81.0,269181,0.0,0.0,0.0
2024-04-24 13:30:00-04:00,81.0,81.16999816894531,80.86000061035156,80.91000366210938,280759,0.0,0.0,0.0
2024-04-24 14:30:00-04:00,80.91000366210938,81.07499694824219,80.7300033569336,80.99500274658203,436448,0.0,0.0,0.0
2024-04-24 15:30:00-04:00,80.99500274658203,81.00749969482422,80.88500213623047,80.91999816894531,381687,0.0,0.0,0.0
2024-04-25 09:30:00-04:00,79.58000183105469,79.66000366210938,78.98999786376953,79.5199966430664,951047,0.0,0.0,0.0
2024-04-25 10:30:00-04:00,79.51499938964844,79.55000305175781,79.01000213623047,79.50499725341797,414112,0.0,0.0,0.0
2024-04-25 11:30:00-04:00,79.43499755859375,79.76000213623047,79.28500366210938,79.7249984741211,467836,0.0,0.0,0.0
2024-04-25 12:30:00-04:00,79.68000030517578,80.05999755859375,79.6500015258789,79.94000244140625,495027,0.0,0.0,0.0
2024-04-25 13:30:00-04:00,79.93000030517578,80.4000015258789,79.90499877929688,80.08000183105469,429400,0.0,0.0,0.0
2024-04-25 14:30:00-04:00,80.06999969482422,80.28500366210938,79.92500305175781,80.2750015258789,461812,0.0,0.0,0.0
2024-04-25 15:30:00-04:00,80.2750015258789,80.27999877929688,79.99500274658203,80.19000244140625,844647,0.0,0.0,0.0
2024-04-26 09:30:00-04:00,80.7249984741211,81.70999908447266,80.62999725341797,81.5,982651,0.0,0.0,0.0
2024-04-26 10:30:00-04:00,81.51000213623047,81.83499908447266,81.36000061035156,81.36000061035156,518443,0.0,0.0,0.0
2024-04-26 11:30:00-04:00,81.36000061035156,81.51499938964844,81.26000213623047,81.31999969482422,250241,0.0,0.0,0.0
2024-04-26 12:30:00-04:00,81.33000183105469,81.53500366210938,81.29000091552734,81.47000122070312,183063,0.0,0.0,0.0
2024-04-26 13:30:00-04:00,81.47000122070312,81.51000213623047,81.19999694824219,81.23999786376953,208942,0.0,0.0,0.0
2024-04-26 14:30:00-04:00,81.25499725341797,81.33999633789062,81.12000274658203,81.30000305175781,320425,0.0,0.0,0.0
2024-04-26 15:30:00-04:00,81.30000305175781,81.30500030517578,81.08999633789062,81.0999984741211,628968,0.0,0.0,0.0
2024-04-29 09:30:00-04:00,81.41999816894531,81.69000244140625,80.87000274658203,81.2300033569336,300083,0.0,0.0,0.0
2024-04-29 10:30:00-04:00,81.2300033569336,81.30000305175781,80.94499969482422,81.05000305175781,310383,0.0,0.0,0.0
2024-04-29 11:30:00-04:00,81.05000305175781,81.16000366210938,80.9209976196289,81.12999725341797,184467,0.0,0.0,0.0
2024-04-29 12:30:00-04:00,81.13999938964844,81.17500305175781,80.9749984741211,81.06999969482422,214454,0.0,0.0,0.0
2024-04-29 13:30:00-04:00,81.06999969482422,81.08999633789062,80.88999938964844,80.9000015258789,210157,0.0,0.0,0.0
2024-04-29 14:30:00-04:00,80.87000274658203,80.87000274658203,80.45999908447266,80.68000030517578,221707,0.0,0.0,0.0
2024-04-29 15:30:00-04:00,80.68000030517578,80.9800033569336,80.6449966430664,80.95999908447266,293197,0.0,0.0,0.0
2024-04-30 09:30:00-04:00,80.51000213623047,80.61000061035156,80.26499938964844,80.30000305175781,390651,0.0,0.0,0.0
2024-04-30 10:30:00-04:00,80.30000305175781,80.44999694824219,79.93000030517578,79.98500061035156,347952,0.0,0.0,0.0
2024-04-30 11:30:00-04:00,79.9800033569336,80.0,79.70999908447266,79.90499877929688,426075,0.0,0.0,0.0
2024-04-30 12:30:00-04:00,79.90499877929688,79.91000366210938,79.38999938964844,79.47000122070312,428720,0.0,0.0,0.0
2024-04-30 13:30:00-04:00,79.47000122070312,79.71499633789062,79.41999816894531,79.42500305175781,387576,0.0,0.0,0.0
2024-04-30 14:30:00-04:00,79.42500305175781,79.55999755859375,79.35990142822266,79.4749984741211,316843,0.0,0.0,0.0
2024-04-30 15:30:00-04:00,79.4749984741211,79.50499725341797,78.93000030517578,78.93000030517578,586825,0.0,0.0,0.0
2024-05-01 09:30:00-04:00,79.0,79.11000061035156,78.37999725341797,78.6500015258789,773744,0.0,0.0,0.0
2024-05-01 10:30:00-04:00,78.65499877929688,78.9800033569336,78.61000061035156,78.86000061035156,494078,0.0,0.0,0.0
2024-05-01 11:30:00-04:00,78.86000061035156,79.05999755859375,78.69999694824219,79.04000091552734,527009,0.0,0.0,0.0
2024-05-01 12:30:00-04:00,79.02999877929688,79.0875015258789,78.9000015258789,79.08000183105469,418808,0.0,0.0,0.0
2024-05-01 13:30:00-04:00,79.08999633789062,79.6500015258789,79.07499694824219,79.6500015258789,863254,0.0,0.0,0.0
2024-05-01 14:30:00-04:00,79.63999938964844,80.76000213623047,79.13999938964844,80.29000091552734,2451167,0.0,0.0,0.0
2024-05-01 15:30:00-04:00,80.29000091552734,80.29000091552734,79.05999755859375,79.05999755859375,1112518,0.0,0.0,0.0
2024-05-02 09:30:00-04:00,79.91000366210938,79.94499969482422,78.66000366210938,79.30999755859375,737292,0.0,0.0,0.0
2024-05-02 10:30:00-04:00,79.33999633789062,79.76000213623047,79.19000244140625,79.62999725341797,341321,0.0,0.0,0.0
2024-05-02 11:30:00-04:00,79.62999725341797,79.72000122070312,79.37999725341797,79.5199966430664,228376,0.0,0.0,0.0
2024-05-02 12:30:00-04:00,79.43000030517578,79.77999877929688,79.30500030517578,79.7699966430664,225130,0.0,0.0,0.0
2024-05-02 13:30:00-04:00,79.77999877929688,79.8949966430664,79.63500213623047,79.79000091552734,278751,0.0,0.0,0.0
2024-05-02 14:30:00-04:00,79.79000091552734,80.05999755859375,79.76499938964844,79.94000244140625,483009,0.0,0.0,0.0
2024-05-02 15:30:00-04:00,79.93000030517578,79.95999908447266,79.66999816894531,79.88999938964844,459646,0.0,0.0,0.0
2024-05-03 09:30:00-04:00,80.77999877929688,81.16999816894531,80.4800033569336,80.7300033569336,725084,0.0,0.0,0.0
2024-05-03 10:30:00-04:00,80.7699966430664,80.86000061035156,80.43000030517578,80.5999984741211,266119,0.0,0.0,0.0
2024-05-03 11:30:00-04:00,80.61000061035156,80.86000061035156,80.61000061035156,80.77999877929688,369371,0.0,0.0,0.0
2024-05-03 12:30:00-04:00,80.77999877929688,80.8499984741211,80.66000366210938,80.70999908447266,261889,0.0,0.0,0.0
2024-05-03 13:30:00-04:00,80.69999694824219,80.95999908447266,80.625,80.91000366210938,474877,0.0,0.0,0.0
2024-05-03 14:30:00-04:00,80.90499877929688,80.96499633789062,80.79499816894531,80.88999938964844,541949,0.0,0.0,0.0
2024-05-03 15:30:00-04:00,80.87999725341797,80.91999816894531,80.7750015258789,80.83000183105469,642304,0.0,0.0,0.0
2024-05-06 09:30:00-04:00,81.29000091552734,81.69000244140625,81.08000183105469,81.58000183105469,339410,0.0,0.0,0.0
2024-05-06 10:30:00-04:00,81.57499694824219,81.62999725341797,81.44999694824219,81.4800033569336,192070,0.0,0.0,0.0
2024-05-06 11:30:00-04:00,81.5,81.58000183105469,81.38999938964844,81.5,178174,0.0,0.0,0.0
2024-05-06 12:30:00-04:00,81.51000213623047,81.66999816894531,81.51000213623047,81.66500091552734,167281,0.0,0.0,0.0
2024-05-06 13:30:00-04:00,81.66000366210938,81.87000274658203,81.6500015258789,81.8499984741211,207774,0.0,0.0,0.0
2024-05-06 14:30:00-04:00,81.83999633789062,81.87999725341797,81.71499633789062,81.7699966430664,227861,0.0,0.0,0.0
2024-05-06 15:30:00-04:00,81.76000213623047,82.02999877929688,81.75,82.0250015258789,287534,0.0,0.0,0.0
2024-05-07 09:30:00-04:00,81.6500015258789,81.83499908447266,81.05999755859375,81.63999938964844,557021,0.0,0.0,0.0
2024-05-07 10:30:00-04:00,81.6449966430664,81.93000030517578,81.58000183105469,81.83000183105469,320333,0.0,0.0,0.0
2024-05-07 11:30:00-04:00,81.83000183105469,82.0198974609375,81.80000305175781,82.0,164533,0.0,0.0,0.0
2024-05-07 12:30:00-04:00,82.0,82.0199966430664,81.83110046386719,81.91000366210938,243442,0.0,0.0,0.0
2024-05-07 13:30:00-04:00,81.91010284423828,81.98999786376953,81.61000061035156,81.64510345458984,308134,0.0,0.0,0.0
2024-05-07 14:30:00-04:00,81.63500213623047,81.70999908447266,81.5885009765625,81.625,311095,0.0,0.0,0.0
2024-05-07 15:30:00-04:00,81.62999725341797,81.66000366210938,81.54499816894531,81.56999969482422,236202,0.0,0.0,0.0
2024-05-08 09:30:00-04:00,81.1500015258789,81.36000061035156,81.02999877929688,81.36000061035156,458298,0.0,0.0,0.0
2024-05-08 10:30:00-04:00,81.33499908447266,81.5199966430664,81.19999694824219,81.33999633789062,323604,0.0,0.0,0.0
2024-05-08 11:30:00-04:00,81.33999633789062,81.4000015258789,81.25499725341797,81.33999633789062,249916,0.0,0.0,0.0
2024-05-08 12:30:00-04:00,81.33999633789062,81.36499786376953,81.08999633789062,81.11000061035156,271593,0.0,0.0,0.0
2024-05-08 13:30:00-04:00,81.0999984741211,81.29000091552734,81.0999984741211,81.20999908447266,258032,0.0,0.0,0.0
2024-05-08 14:30:00-04:00,81.20999908447266,81.25749969482422,81.00499725341797,81.13999938964844,468313,0.0,0.0,0.0
2024-05-08 15:30:00-04:00,81.13999938964844,81.30500030517578,81.0999984741211,81.2300033569336,373736,0.0,0.0,0.0
2024-05-09 09:30:00-04:00,81.16999816894531,81.33999633789062,80.8499984741211,81.06999969482422,956568,0.0,0.0,0.0
2024-05-09 10:30:00-04:00,81.0999984741211,81.45999908447266,81.0999984741211,81.43000030517578,185980,0.0,0.0,0.0
2024-05-09 11:30:00-04:00,81.44000244140625,81.45999908447266,81.11000061035156,81.18000030517578,225264,0.0,0.0,0.0
2024-05-09 12:30:00-04:00,81.18000030517578,81.25,81.05999755859375,81.16999816894531,167916,0.0,0.0,0.0
2024-05-09 13:30:00-04:00,81.16999816894531,81.18499755859375,80.98999786376953,81.08999633789062,264477,0.0,0.0,0.0
2024-05-09 14:30:00-04:00,81.08999633789062,81.2300033569336,81.08000183105469,81.16999816894531,305113,0.0,0.0,0.0
2024-05-09 15:30:00-04:00,81.16000366210938,81.20999908447266,81.08000183105469,81.1500015258789,359056,0.0,0.0,0.0
2024-05-10 09:30:00-04:00,81.33999633789062,82.08999633789062,81.33999633789062,81.48999786376953,349754,0.0,0.0,0.0
2024-05-10 10:30:00-04:00,81.48999786376953,81.70999908447266,81.41999816894531,81.51000213623047,239424,0.0,0.0,0.0
2024-05-10 11:30:00-04:00,81.51000213623047,81.55999755859375,81.31999969482422,81.5,251163,0.0,0.0,0.0
2024-05-10 12:30:00-04:00,81.51000213623047,81.5999984741211,81.38500213623047,81.4000015258789,217948,0.0,0.0,0.0
2024-05-10 13:30:00-04:00,81.40499877929688,81.5199966430664,81.3550033569336,81.51000213623047,210031,0.0,0.0,0.0
2024-05-10 14:30:00-04:00,81.5,81.51000213623047,81.37999725341797,81.4800033569336,318876,0.0,0.0,0.0
2024-05-10 15:30:00-04:00,81.48999786376953,81.5,81.33999633789062,81.40499877929688,388901,0.0,0.0,0.0
2024-05-13 09:30:00-04:00,81.87999725341797,81.91999816894531,81.51000213623047,81.72850036621094,316942,0.0,0.0,0.0
2024-05-13 10:30:00-04:00,81.70999908447266,81.71499633789062,81.56999969482422,81.6500015258789,263161,0.0,0.0,0.0
2024-05-13 11:30:00-04:00,81.63999938964844,81.76000213623047,81.57499694824219,81.7249984741211,255244,0.0,0.0,0.0
2024-05-13 12:30:00-04:00,81.7300033569336,81.73999786376953,81.32499694824219,81.54000091552734,245573,0.0,0.0,0.0
2024-05-13 13:30:00-04:00,81.54000091552734,81.55000305175781,81.42500305175781,81.5,293010,0.0,0.0,0.0
2024-05-13 14:30:00-04:00,81.48500061035156,81.54000091552734,81.4000015258789,81.44999694824219,251597,0.0,0.0,0.0
2024-05-13 15:30:00-04:00,81.44999694824219,81.5250015258789,81.43000030517578,81.5199966430664,366691,0.0,0.0,0.0
2024-05-14 09:30:00-04:00,81.25,82.0199966430664,81.25,81.98999786376953,264149,0.0,0.0,0.0
2024-05-14 10:30:00-04:00,82.0,82.0,81.4800033569336,81.69999694824219,387973,0.0,0.0,0.0
2024-05-14 11:30:00-04:00,81.69000244140625,81.8499984741211,81.44000244140625,81.5999984741211,857729,0.0,0.0,0.0
2024-05-14 12:30:00-04:00,81.5999984741211,81.63500213623047,81.47000122070312,81.62000274658203,503253,0.0,0.0,0.0
2024-05-14 13:30:00-04:00,81.62999725341797,81.80999755859375,81.51000213623047,81.7699966430664,521022,0.0,0.0,0.0
2024-05-14 14:30:00-04:00,81.7699966430664,82.11000061035156,81.7300033569336,82.05699920654297,1625924,0.0,0.0,0.0
2024-05-14 15:30:00-04:00,82.05000305175781,82.08000183105469,81.97000122070312,81.98899841308594,2071154,0.0,0.0,0.0
2024-05-15 09:30:00-04:00,82.7300033569336,83.19999694824219,82.71649932861328,83.06500244140625,1176291,0.0,0.0,0.0
2024-05-15 10:30:00-04:00,83.06500244140625,83.5199966430664,83.06500244140625,83.5199966430664,596892,0.0,0.0,0.0
2024-05-15 11:30:00-04:00,83.5199966430664,83.69999694824219,83.4800033569336,83.69999694824219,304878,0.0,0.0,0.0
2024-05-15 12:30:00-04:00,83.70999908447266,83.94999694824219,83.66999816894531,83.94999694824219,278205,0.0,0.0,0.0
2024-05-15 13:30:00-04:00,83.94999694824219,84.07499694824219,83.84500122070312,83.98999786376953,425011,0.0,0.0,0.0
2024-05-15 14:30:00-04:00,83.99500274658203,84.16000366210938,83.91999816894531,84.08999633789062,494856,0.0,0.0,0.0
2024-05-15 15:30:00-04:00,84.08999633789062,84.11750030517578,84.01499938964844,84.05999755859375,628615,0.0,0.0,0.0
2024-05-16 09:30:00-04:00,84.05000305175781,84.25,83.6500015258789,83.93499755859375,1100257,0.0,0.0,0.0
2024-05-16 10:30:00-04:00,83.93499755859375,84.18000030517578,83.93499755859375,84.16000366210938,436437,0.0,0.0,0.0
2024-05-16 11:30:00-04:00,84.17500305175781,84.25,84.0,84.06999969482422,305249,0.0,0.0,0.0
2024-05-16 12:30:00-04:00,84.08000183105469,84.19999694824219,83.91000366210938,83.95999908447266,253247,0.0,0.0,0.0
2024-05-16 13:30:00-04:00,83.95999908447266,84.06999969482422,83.87999725341797,83.94000244140625,264208,0.0,0.0,0.0
2024-05-16 14:30:00-04:00,83.94000244140625,84.125,83.91999816894531,84.08000183105469,209977,0.0,0.0,0.0
2024-05-16 15:30:00-04:00,84.08000183105469,84.0999984741211,83.79000091552734,83.81999969482422,519700,0.0,0.0,0.0
2024-05-17 09:30:00-04:00,83.87999725341797,84.18000030517578,83.87999725341797,84.18000030517578,443444,0.0,0.0,0.0
2024-05-17 10:30:00-04:00,84.19000244140625,84.23999786376953,84.0,84.23999786376953,271193,0.0,0.0,0.0
2024-05-17 11:30:00-04:00,84.21499633789062,84.2699966430664,84.1050033569336,84.19000244140625,275700,0.0,0.0,0.0
2024-05-17 12:30:00-04:00,84.18000030517578,84.21499633789062,84.0199966430664,84.05000305175781,195481,0.0,0.0,0.0
2024-05-17 13:30:00-04:00,84.05999755859375,84.0999984741211,83.76000213623047,83.87000274658203,295031,0.0,0.0,0.0
2024-05-17 14:30:00-04:00,83.87000274658203,84.23999786376953,83.86000061035156,84.22000122070312,420871,0.0,0.0,0.0
2024-05-17 15:30:00-04:00,84.22000122070312,84.26000213623047,84.15499877929688,84.2300033569336,349282,0.0,0.0,0.0
2024-05-20 09:30:00-04:00,84.36000061035156,84.62000274658203,84.16000366210938,84.55000305175781,387439,0.0,0.0,0.0
2024-05-20 10:30:00-04:00,84.55500030517578,84.66999816894531,84.54000091552734,84.66999816894531,191191,0.0,0.0,0.0
2024-05-20 11:30:00-04:00,84.68000030517578,84.7750015258789,84.5999984741211,84.68000030517578,251384,0.0,0.0,0.0
2024-05-20 12:30:00-04:00,84.68000030517578,84.86000061035156,84.66999816894531,84.69499969482422,140947,0.0,0.0,0.0
2024-05-20 13:30:00-04:00,84.67500305175781,84.77999877929688,84.55000305175781,84.77999877929688,217702,0.0,0.0,0.0
2024-05-20 14:30:00-04:00,84.77999877929688,85.0,84.7750015258789,85.0,328481,0.0,0.0,0.0
2024-05-20 15:30:00-04:00,85.01010131835938,85.12999725341797,84.91500091552734,85.12000274658203,544479,0.0,0.0,0.0
2024-05-21 09:30:00-04:00,84.58999633789062,84.63999938964844,84.20999908447266,84.5999984741211,331308,0.0,0.0,0.0
2024-05-21 10:30:00-04:00,84.60449981689453,84.80000305175781,84.60449981689453,84.62000274658203,198623,0.0,0.0,0.0
2024-05-21 11:30:00-04:00,84.62999725341797,84.7300033569336,84.58000183105469,84.6449966430664,222446,0.0,0.0,0.0
2024-05-21 12:30:00-04:00,84.63999938964844,84.63999938964844,84.4800033569336,84.59010314941406,138884,0.0,0.0,0.0
2024-05-21 13:30:00-04:00,84.5999984741211,84.73999786376953,84.51499938964844,84.52839660644531,164320,0.0,0.0,0.0
2024-05-21 14:30:00-04:00,84.5199966430664,84.56999969482422,84.44999694824219,84.4800033569336,508826,0.0,0.0,0.0
2024-05-21 15:30:00-04:00,84.4749984741211,84.58000183105469,84.44999694824219,84.47000122070312,793000,0.0,0.0,0.0
2024-05-22 09:30:00-04:00,84.41999816894531,84.88999938964844,84.41999816894531,84.87000274658203,487819,0.0,0.0,0.0
2024-05-22 10:30:00-04:00,84.8499984741211,84.8499984741211,84.61000061035156,84.79000091552734,198745,0.0,0.0,0.0
2024-05-22 11:30:00-04:00,84.80000305175781,84.91999816894531,84.66999816894531,84.80999755859375,153212,0.0,0.0,0.0
2024-05-22 12:30:00-04:00,84.81999969482422,84.83000183105469,84.63999938964844,84.63999938964844,168363,0.0,0.0,0.0
2024-05-22 13:30:00-04:00,84.62999725341797,84.63500213623047,84.01000213623047,84.01000213623047,257613,0.0,0.0,0.0
2024-05-22 14:30:00-04:00,84.0,84.30000305175781,83.98999786376953,84.29000091552734,367620,0.0,0.0,0.0
2024-05-22 15:30:00-04:00,84.30000305175781,84.44999694824219,84.1500015258789,84.44000244140625,797158,0.0,0.0,0.0
2024-05-23 09:30:00-04:00,85.19999694824219,85.22000122070312,84.0199966430664,84.52999877929688,460840,0.0,0.0,0.0
2024-05-23 10:30:00-04:00,84.54000091552734,84.66000366210938,84.18000030517578,84.6050033569336,152591,0.0,0.0,0.0
2024-05-23 11:30:00-04:00,84.5999984741211,84.83499908447266,84.5999984741211,84.81999969482422,108556,0.0,0.0,0.0
2024-05-23 12:30:00-04:00,84.83000183105469,84.87000274658203,84.37999725341797,84.5199966430664,192682,0.0,0.0,0.0
2024-05-23 13:30:00-04:00,84.5250015258789,84.52999877929688,83.58000183105469,83.62999725341797,367345,0.0,0.0,0.0
2024-05-23 14:30:00-04:00,83.61000061035156,83.69999694824219,83.38999938964844,83.51499938964844,595042,0.0,0.0,0.0
2024-05-23 15:30:00-04:00,83.5199966430664,83.7699966430664,83.51499938964844,83.75,937307,0.0,0.0,0.0
2024-05-24 09:30:00-04:00,82.87999725341797,82.87999725341797,82.23999786376953,82.59500122070312,859101,0.0,0.0,0.0
2024-05-24 10:30:00-04:00,82.61000061035156,83.23999786376953,82.58499908447266,83.12000274658203,250113,0.0,0.0,0.0
2024-05-24 11:30:00-04:00,83.125,83.2699966430664,83.08999633789062,83.17500305175781,221910,0.0,0.0,0.0
2024-05-24 12:30:00-04:00,83.18000030517578,83.18000030517578,82.9800033569336,83.1050033569336,0,0.0,0.0,0.0
2024-05-24 13:30:00-04:00,83.11000061035156,83.125,82.91000366210938,82.96499633789062,1901773,0.0,0.0,0.0
2024-05-24 14:30:00-04:00,82.9800033569336,82.99500274658203,82.69999694824219,82.83999633789062,249971,0.0,0.0,0.0
2024-05-24 15:30:00-04:00,82.83999633789062,82.95500183105469,82.79499816894531,82.9000015258789,500535,0.0,0.0,0.0
2024-05-28 09:30:00-04:00,82.69000244140625,82.80000305175781,81.95999908447266,82.44000244140625,1059476,0.0,0.0,0.0
2024-05-28 10:30:00-04:00,82.44000244140625,82.58999633789062,82.33999633789062,82.52999877929688,490964,0.0,0.0,0.0
2024-05-28 11:30:00-04:00,82.52999877929688,82.56999969482422,82.23999786376953,82.30000305175781,381082,0.0,0.0,0.0
2024-05-28 12:30:00-04:00,82.29000091552734,82.33000183105469,82.08000183105469,82.24500274658203,535001,0.0,0.0,0.0
2024-05-28 13:30:00-04:00,82.23999786376953,82.30000305175781,82.0999984741211,82.1050033569336,552759,0.0,0.0,0.0
2024-05-28 14:30:00-04:00,82.0999984741211,82.16500091552734,81.91000366210938,82.06999969482422,576867,0.0,0.0,0.0
2024-05-28 15:30:00-04:00,82.06999969482422,82.36000061035156,82.06999969482422,82.3499984741211,655621,0.0,0.0,0.0
2024-05-29 09:30:00-04:00,81.36000061035156,82.3499984741211,81.3499984741211,82.25,809462,0.0,0.0,0.0
2024-05-29 10:30:00-04:00,82.26000213623047,82.37999725341797,82.12999725341797,82.2699966430664,408644,0.0,0.0,0.0
2024-05-29 11:30:00-04:00,82.2699966430664,82.33999633789062,82.05000305175781,82.16000366210938,339430,0.0,0.0,0.0
2024-05-29 12:30:00-04:00,82.16500091552734,82.23999786376953,81.98999786376953,82.125,275793,0.0,0.0,0.0
2024-05-29 13:30:00-04:00,82.12000274658203,82.13999938964844,81.98999786376953,82.04000091552734,212261,0.0,0.0,0.0
2024-05-29 14:30:00-04:00,82.02999877929688,82.2300033569336,81.95999908447266,82.18000030517578,731879,0.0,0.0,0.0
2024-05-29 15:30:00-04:00,82.17500305175781,82.23999786376953,82.04000091552734,82.12000274658203,2034055,0.0,0.0,0.0
2024-05-30 09:30:00-04:00,79.77999877929688,79.77999877929688,78.25,78.5199966430664,3220969,0.0,0.0,0.0
2024-05-30 10:30:00-04:00,78.51000213623047,78.62000274658203,78.12000274658203,78.30999755859375,1252638,0.0,0.0,0.0
2024-05-30 11:30:00-04:00,78.30000305175781,78.41999816894531,78.20999908447266,78.31500244140625,984389,0.0,0.0,0.0
2024-05-30 12:30:00-04:00,78.31999969482422,78.3949966430664,78.07499694824219,78.13999938964844,737793,0.0,0.0,0.0
2024-05-30 13:30:00-04:00,78.1500015258789,78.16000366210938,77.70999908447266,77.83999633789062,1287519,0.0,0.0,0.0
2024-05-30 14:30:00-04:00,77.83999633789062,77.9000015258789,77.48999786376953,77.55000305175781,1629274,0.0,0.0,0.0
2024-05-30 15:30:00-04:00,77.55000305175781,77.5999984741211,77.25,77.38999938964844,2348482,0.0,0.0,0.0
2024-05-31 09:30:00-04:00,77.6500015258789,77.93000030517578,76.76499938964844,76.7699966430664,2317448,0.0,0.0,0.0
2024-05-31 10:30:00-04:00,76.76000213623047,76.76000213623047,76.30999755859375,76.41000366210938,1576865,0.0,0.0,0.0
2024-05-31 11:30:00-04:00,76.33329772949219,76.55999755859375,76.0999984741211,76.2300033569336,1181644,0.0,0.0,0.0
2024-05-31 12:30:00-04:00,76.2300033569336,76.7699966430664,76.22000122070312,76.69999694824219,1481215,0.0,0.0,0.0
2024-05-31 13:30:00-04:00,76.70500183105469,76.76000213623047,76.52999877929688,76.61000061035156,912200,0.0,0.0,0.0
2024-05-31 14:30:00-04:00,76.61000061035156,77.05999755859375,76.5250015258789,76.99500274658203,729607,0.0,0.0,0.0
2024-05-31 15:30:00-04:00,76.9800033569336,78.08999633789062,76.94999694824219,78.05000305175781,1355304,0.0,0.0,0.0
2024-06-03 09:30:00-04:00,78.43000030517578,78.91000366210938,77.9000015258789,78.16999816894531,1295471,0.0,0.0,0.0
2024-06-03 10:30:00-04:00,78.19000244140625,78.19999694824219,77.51000213623047,77.62999725341797,393947,0.0,0.0,0.0
2024-06-03 11:30:00-04:00,77.62999725341797,77.80999755859375,77.27999877929688,77.34500122070312,313506,0.0,0.0,0.0
2024-06-03 12:30:00-04:00,77.33999633789062,77.45999908447266,77.08000183105469,77.45999908447266,419846,0.0,0.0,0.0
2024-06-03 13:30:00-04:00,77.44999694824219,77.6449966430664,77.41999816894531,77.48999786376953,412167,0.0,0.0,0.0
2024-06-03 14:30:00-04:00,77.55000305175781,77.63500213623047,77.41500091552734,77.60990142822266,222110,0.0,0.0,0.0
2024-06-03 15:30:00-04:00,77.61000061035156,77.97000122070312,77.54000091552734,77.97000122070312,740694,0.0,0.0,0.0
2024-06-04 09:30:00-04:00,77.94000244140625,78.41999816894531,77.77999877929688,78.19999694824219,970791,0.0,0.0,0.0
2024-06-04 10:30:00-04:00,78.19999694824219,78.31999969482422,77.83000183105469,77.91000366210938,358323,0.0,0.0,0.0
2024-06-04 11:30:00-04:00,77.9000015258789,77.93000030517578,77.73999786376953,77.88999938964844,1030503,0.0,0.0,0.0
2024-06-04 12:30:00-04:00,77.88999938964844,78.01000213623047,77.7699966430664,77.98500061035156,924061,0.0,0.0,0.0
2024-06-04 13:30:00-04:00,78.0,78.30999755859375,77.87000274658203,78.30999755859375,989754,0.0,0.0,0.0
2024-06-04 14:30:00-04:00,78.26499938964844,78.37999725341797,77.96499633789062,78.0999984741211,1012822,0.0,0.0,0.0
2024-06-04 15:30:00-04:00,78.0999984741211,78.31500244140625,78.0199966430664,78.26000213623047,855089,0.0,0.0,0.0
2024-06-05 09:30:00-04:00,79.02999877929688,79.15499877929688,78.5199966430664,78.94999694824219,1002521,0.0,0.0,0.0
2024-06-05 10:30:00-04:00,78.94999694824219,79.41999816894531,78.94010162353516,79.33999633789062,914269,0.0,0.0,0.0
2024-06-05 11:30:00-04:00,79.33999633789062,79.58999633789062,79.33999633789062,79.56999969482422,636928,0.0,0.0,0.0
2024-06-05 12:30:00-04:00,79.56500244140625,79.7300033569336,79.51000213623047,79.68000030517578,657658,0.0,0.0,0.0
2024-06-05 13:30:00-04:00,79.68900299072266,79.87000274658203,79.68499755859375,79.87000274658203,967638,0.0,0.0,0.0
2024-06-05 14:30:00-04:00,79.83999633789062,79.98999786376953,79.83000183105469,79.83999633789062,1256796,0.0,0.0,0.0
2024-06-05 15:30:00-04:00,79.83000183105469,80.05000305175781,79.77999877929688,80.05000305175781,804273,0.0,0.0,0.0
2024-06-06 09:30:00-04:00,79.93000030517578,80.83000183105469,79.93000030517578,80.7699966430664,896572,0.0,0.0,0.0
2024-06-06 10:30:00-04:00,80.75,80.86000061035156,80.6449966430664,80.69000244140625,861207,0.0,0.0,0.0
2024-06-06 11:30:00-04:00,80.69000244140625,80.69499969482422,80.33000183105469,80.45999908447266,444804,0.0,0.0,0.0
2024-06-06 12:30:00-04:00,80.47000122070312,80.58999633789062,80.41500091552734,80.51000213623047,208810,0.0,0.0,0.0
2024-06-06 13:30:00-04:00,80.51000213623047,80.56500244140625,80.2300033569336,80.32499694824219,331622,0.0,0.0,0.0
2024-06-06 14:30:00-04:00,80.32499694824219,80.5,80.2699966430664,80.41999816894531,452530,0.0,0.0,0.0
2024-06-06 15:30:00-04:00,80.41500091552734,80.43080139160156,80.19999694824219,80.2699966430664,580938,0.0,0.0,0.0
2024-06-07 09:30:00-04:00,80.0,80.31500244140625,79.76000213623047,80.29499816894531,358604,0.0,0.0,0.0
2024-06-07 10:30:00-04:00,80.29499816894531,80.52999877929688,80.19000244140625,80.38999938964844,329953,0.0,0.0,0.0
2024-06-07 11:30:00-04:00,80.41000366210938,80.55000305175781,80.30999755859375,80.54499816894531,218741,0.0,0.0,0.0
2024-06-07 12:30:00-04:00,80.55000305175781,80.66000366210938,80.36000061035156,80.58499908447266,166686,0.0,0.0,0.0
2024-06-07 13:30:00-04:00,80.59500122070312,80.66999816894531,80.1500015258789,80.40499877929688,203865,0.0,0.0,0.0
2024-06-07 14:30:00-04:00,80.41999816894531,80.5,80.2300033569336,80.38999938964844,400198,0.0,0.0,0.0
2024-06-07 15:30:00-04:00,80.38999938964844,80.43499755859375,80.25499725341797,80.37000274658203,587395,0.0,0.0,0.0
2024-06-10 09:30:00-04:00,80.1500015258789,80.61000061035156,80.0,80.61000061035156,830255,0.0,0.0,0.0
2024-06-10 10:30:00-04:00,80.5999984741211,80.69000244140625,80.50450134277344,80.6050033569336,629039,0.0,0.0,0.0
2024-06-10 11:30:00-04:00,80.63500213623047,80.71499633789062,80.55999755859375,80.62000274658203,393337,0.0,0.0,0.0
2024-06-10 12:30:00-04:00,80.62000274658203,80.62999725341797,80.30000305175781,80.30999755859375,296072,0.0,0.0,0.0
2024-06-10 13:30:00-04:00,80.30000305175781,80.54000091552734,80.27999877929688,80.48500061035156,462483,0.0,0.0,0.0
2024-06-10 14:30:00-04:00,80.48500061035156,80.77999877929688,80.44999694824219,80.74500274658203,1038642,0.0,0.0,0.0
2024-06-10 15:30:00-04:00,80.74500274658203,80.75,80.55500030517578,80.60099792480469,1221487,0.0,0.0,0.0
2024-06-11 09:30:00-04:00,80.22000122070312,80.44499969482422,79.79000091552734,80.33000183105469,724251,0.0,0.0,0.0
2024-06-11 10:30:00-04:00,80.33999633789062,80.56999969482422,80.31999969482422,80.35009765625,400937,0.0,0.0,0.0
2024-06-11 11:30:00-04:00,80.37000274658203,80.41999816894531,80.20999908447266,80.36000061035156,214374,0.0,0.0,0.0
2024-06-11 12:30:00-04:00,80.36000061035156,80.62999725341797,80.33499908447266,80.55500030517578,289536,0.0,0.0,0.0
2024-06-11 13:30:00-04:00,80.58999633789062,80.92500305175781,80.55500030517578,80.91999816894531,293846,0.0,0.0,0.0
2024-06-11 14:30:00-04:00,80.91999816894531,80.97000122070312,80.83999633789062,80.875,451466,0.0,0.0,0.0
2024-06-11 15:30:00-04:00,80.87000274658203,80.9000015258789,80.7300033569336,80.9000015258789,913615,0.0,0.0,0.0
2024-06-12 09:30:00-04:00,82.44999694824219,83.1500015258789,82.25,82.88500213623047,1376334,0.0,0.0,0.0
2024-06-12 10:30:00-04:00,82.88500213623047,82.9000015258789,82.58999633789062,82.81999969482422,0,0.0,0.0,0.0
2024-06-12 11:30:00-04:00,82.83000183105469,82.9800033569336,82.77999877929688,82.95999908447266,1990749,0.0,0.0,0.0
2024-06-12 12:30:00-04:00,82.96499633789062,83.01499938964844,82.8499984741211,82.875,223535,0.0,0.0,0.0
2024-06-12 13:30:00-04:00,82.87000274658203,82.94000244140625,82.58000183105469,82.79000091552734,326511,0.0,0.0,0.0
2024-06-12 14:30:00-04:00,82.79000091552734,83.13999938964844,82.54000091552734,82.66999816894531,522120,0.0,0.0,0.0
2024-06-12 15:30:00-04:00,82.66000366210938,82.86499786376953,82.52999877929688,82.75,849524,0.0,0.0,0.0
2024-06-13 09:30:00-04:00,82.76000213623047,82.8499984741211,82.36000061035156,82.4800033569336,609041,0.0,0.0,0.0
2024-06-13 10:30:00-04:00,82.5,82.5,82.13999938964844,82.23999786376953,533553,0.0,0.0,0.0
2024-06-13 11:30:00-04:00,82.26000213623047,82.30500030517578,81.7300033569336,81.7489013671875,388669,0.0,0.0,0.0
2024-06-13 12:30:00-04:00,81.75499725341797,82.04499816894531,81.68000030517578,81.96499633789062,626970,0.0,0.0,0.0
2024-06-13 13:30:00-04:00,81.97000122070312,82.05999755859375,81.83999633789062,81.9800033569336,332875,0.0,0.0,0.0
2024-06-13 14:30:00-04:00,81.9749984741211,82.0199966430664,81.83999633789062,81.97000122070312,434694,0.0,0.0,0.0
2024-06-13 15:30:00-04:00,81.94999694824219,81.98999786376953,81.83000183105469,81.84500122070312,538737,0.0,0.0,0.0
2024-06-14 09:30:00-04:00,82.5,83.12999725341797,82.5,82.9000015258789,1611424,0.0,0.0,0.0
2024-06-14 10:30:00-04:00,82.91000366210938,82.96499633789062,82.68000030517578,82.8499984741211,471206,0.0,0.0,0.0
2024-06-14 11:30:00-04:00,82.87999725341797,82.9749984741211,82.70999908447266,82.87999725341797,377700,0.0,0.0,0.0
2024-06-14 12:30:00-04:00,82.88999938964844,83.05999755859375,82.83499908447266,83.0199966430664,248012,0.0,0.0,0.0
2024-06-14 13:30:00-04:00,83.0199966430664,83.08000183105469,82.91000366210938,83.02999877929688,330741,0.0,0.0,0.0
2024-06-14 14:30:00-04:00,83.02999877929688,83.05999755859375,82.87999725341797,83.00499725341797,548167,0.0,0.0,0.0
2024-06-14 15:30:00-04:00,83.00499725341797,83.04000091552734,82.88999938964844,83.0199966430664,513098,0.0,0.0,0.0
2024-06-17 09:30:00-04:00,83.0,83.0,82.36000061035156,82.71499633789062,740250,0.0,0.0,0.0
2024-06-17 10:30:00-04:00,82.72000122070312,82.80000305175781,82.61000061035156,82.68499755859375,463307,0.0,0.0,0.0
2024-06-17 11:30:00-04:00,82.69999694824219,83.0999984741211,82.63500213623047,83.0999984741211,327126,0.0,0.0,0.0
2024-06-17 12:30:00-04:00,83.1050033569336,83.50499725341797,83.09500122070312,83.44999694824219,312190,0.0,0.0,0.0
2024-06-17 13:30:00-04:00,83.45999908447266,83.92500305175781,83.45500183105469,83.87999725341797,459213,0.0,0.0,0.0
2024-06-17 14:30:00-04:00,83.91500091552734,83.98999786376953,83.7300033569336,83.97669982910156,356642,0.0,0.0,0.0
2024-06-17 15:30:00-04:00,83.97000122070312,83.97000122070312,83.72000122070312,83.75499725341797,1154756,0.0,0.0,0.0
2024-06-18 09:30:00-04:00,83.56999969482422,84.07499694824219,83.51100158691406,83.91000366210938,356662,0.0,0.0,0.0
2024-06-18 10:30:00-04:00,83.91000366210938,84.05999755859375,83.65499877929688,83.73999786376953,255567,0.0,0.0,0.0
2024-06-18 11:30:00-04:00,83.75,84.00499725341797,83.7300033569336,83.875,275364,0.0,0.0,0.0
2024-06-18 12:30:00-04:00,83.875,84.05999755859375,83.8550033569336,84.0250015258789,270622,0.0,0.0,0.0
2024-06-18 13:30:00-04:00,84.03500366210938,84.125,83.93000030517578,83.97000122070312,237428,0.0,0.0,0.0
2024-06-18 14:30:00-04:00,83.97000122070312,84.06999969482422,83.94000244140625,84.04000091552734,279027,0.0,0.0,0.0
2024-06-18 15:30:00-04:00,84.04499816894531,84.09500122070312,83.97000122070312,84.01499938964844,561912,0.0,0.0,0.0
2024-06-20 09:30:00-04:00,84.27999877929688,84.4000015258789,83.7699966430664,83.97000122070312,593557,0.0,0.0,0.0
2024-06-20 10:30:00-04:00,83.94999694824219,84.22000122070312,83.91000366210938,84.1050033569336,339369,0.0,0.0,0.0
2024-06-20 11:30:00-04:00,84.0999984741211,84.15499877929688,83.8550033569336,83.8550033569336,188486,0.0,0.0,0.0
2024-06-20 12:30:00-04:00,83.8499984741211,83.98999786376953,83.71499633789062,83.87000274658203,789030,0.0,0.0,0.0
2024-06-20 13:30:00-04:00,83.87999725341797,84.06939697265625,83.72000122070312,84.0250015258789,272066,0.0,0.0,0.0
2024-06-20 14:30:00-04:00,84.01000213623047,84.02999877929688,83.69999694824219,83.94499969482422,224738,0.0,0.0,0.0
2024-06-20 15:30:00-04:00,83.88500213623047,84.0999984741211,83.86000061035156,83.94000244140625,462632,0.0,0.0,0.0
2024-06-21 09:30:00-04:00,84.27999877929688,84.27999877929688,83.69999694824219,83.94000244140625,519705,0.0,0.0,0.0
2024-06-21 10:30:00-04:00,83.94999694824219,84.25,83.80999755859375,84.04499816894531,427420,0.0,0.0,0.0
2024-06-21 11:30:00-04:00,84.04000091552734,84.2750015258789,83.9800033569336,84.25499725341797,246201,0.0,0.0,0.0
2024-06-21 12:30:00-04:00,84.25499725341797,84.36000061035156,84.07499694824219,84.12000274658203,311887,0.0,0.0,0.0
2024-06-21 13:30:00-04:00,84.11000061035156,84.26499938964844,84.06500244140625,84.25,323939,0.0,0.0,0.0
2024-06-21 14:30:00-04:00,84.25,84.34500122070312,84.19999694824219,84.30000305175781,277419,0.0,0.0,0.0
2024-06-21 15:30:00-04:00,84.30500030517578,84.80500030517578,84.30000305175781,84.69499969482422,1075905,0.0,0.0,0.0
2024-06-24 09:30:00-04:00,84.2699966430664,84.68499755859375,84.0,84.47000122070312,739169,0.0,0.0,0.0
2024-06-24 10:30:00-04:00,84.45999908447266,84.58999633789062,84.27999877929688,84.45999908447266,445285,0.0,0.0,0.0
2024-06-24 11:30:00-04:00,84.44999694824219,84.45999908447266,84.18000030517578,84.26969909667969,375527,0.0,0.0,0.0
2024-06-24 12:30:00-04:00,84.26000213623047,84.29000091552734,84.05000305175781,84.06999969482422,343001,0.0,0.0,0.0
2024-06-24 13:30:00-04:00,84.06999969482422,84.08000183105469,83.9000015258789,83.95500183105469,512042,0.0,0.0,0.0
2024-06-24 14:30:00-04:00,83.98500061035156,84.20500183105469,83.95500183105469,84.13999938964844,642324,0.0,0.0,0.0
2024-06-24 15:30:00-04:00,84.13999938964844,84.15499877929688,83.88999938964844,83.88999938964844,659408,0.0,0.0,0.0
2024-06-25 09:30:00-04:00,84.25,84.40499877929688,83.91000366210938,84.36000061035156,534352,0.0,0.0,0.0
2024-06-25 10:30:00-04:00,84.3499984741211,84.4800033569336,84.2699966430664,84.45999908447266,253623,0.0,0.0,0.0
2024-06-25 11:30:00-04:00,84.46499633789062,84.50499725341797,84.26499938964844,84.27010345458984,246575,0.0,0.0,0.0
2024-06-25 12:30:00-04:00,84.2699966430664,84.28500366210938,84.05000305175781,84.22000122070312,150669,0.0,0.0,0.0
2024-06-25 13:30:00-04:00,84.21499633789062,84.44000244140625,84.16999816894531,84.43000030517578,170437,0.0,0.0,0.0
2024-06-25 14:30:00-04:00,84.43000030517578,84.58000183105469,84.30000305175781,84.55999755859375,247473,0.0,0.0,0.0
2024-06-25 15:30:00-04:00,84.54000091552734,84.6050033569336,84.4800033569336,84.56999969482422,481004,0.0,0.0,0.0
2024-06-26 09:30:00-04:00,84.2300033569336,84.74500274658203,84.12999725341797,84.58000183105469,169831,0.0,0.0,0.0
2024-06-26 10:30:00-04:00,84.58499908447266,84.81999969482422,84.58000183105469,84.7699966430664,321786,0.0,0.0,0.0
2024-06-26 11:30:00-04:00,84.79000091552734,84.96800231933594,84.73999786376953,84.83999633789062,181214,0.0,0.0,0.0
2024-06-26 12:30:00-04:00,84.80000305175781,84.8489990234375,84.58000183105469,84.6449966430664,117740,0.0,0.0,0.0
2024-06-26 13:30:00-04:00,84.6449966430664,84.73999786376953,84.56999969482422,84.67500305175781,149386,0.0,0.0,0.0
2024-06-26 14:30:00-04:00,84.68000030517578,84.76000213623047,84.55000305175781,84.5999984741211,200217,0.0,0.0,0.0
2024-06-26 15:30:00-04:00,84.5999984741211,84.72000122070312,84.54000091552734,84.62999725341797,459027,0.0,0.0,0.0
2024-06-27 09:30:00-04:00,84.91000366210938,86.26000213623047,84.7300033569336,86.2300033569336,1330996,0.0,0.0,0.0
2024-06-27 10:30:00-04:00,86.2249984741211,86.56500244140625,86.1449966430664,86.40499877929688,844354,0.0,0.0,0.0
2024-06-27 11:30:00-04:00,86.4000015258789,86.83000183105469,86.23500061035156,86.73999786376953,509370,0.0,0.0,0.0
2024-06-27 12:30:00-04:00,86.73999786376953,86.90499877929688,86.69000244140625,86.80000305175781,472076,0.0,0.0,0.0
2024-06-27 13:30:00-04:00,86.79000091552734,86.79000091552734,86.44999694824219,86.51000213623047,643241,0.0,0.0,0.0
2024-06-27 14:30:00-04:00,86.50499725341797,86.66999816894531,86.43499755859375,86.58499908447266,766650,0.0,0.0,0.0
2024-06-27 15:30:00-04:00,86.58499908447266,86.62999725341797,86.3949966430664,86.45999908447266,1166060,0.0,0.0,0.0
2024-06-28 09:30:00-04:00,86.7699966430664,87.51000213623047,86.54000091552734,87.3499984741211,1628378,0.0,0.0,0.0
2024-06-28 10:30:00-04:00,87.3550033569336,87.47000122070312,87.12999725341797,87.25,679882,0.0,0.0,0.0
2024-06-28 11:30:00-04:00,87.25,87.375,86.93000030517578,87.2300033569336,614058,0.0,0.0,0.0
2024-06-28 12:30:00-04:00,87.2300033569336,87.26000213623047,86.94999694824219,87.12000274658203,389621,0.0,0.0,0.0
2024-06-28 13:30:00-04:00,87.11000061035156,87.22000122070312,86.9800033569336,86.98999786376953,331494,0.0,0.0,0.0
2024-06-28 14:30:00-04:00,86.98500061035156,87.08499908447266,86.93000030517578,86.9800033569336,640371,0.0,0.0,0.0
2024-06-28 15:30:00-04:00,86.98500061035156,87.08999633789062,86.68000030517578,86.8499984741211,1023005,0.0,0.0,0.0
2024-07-01 09:30:00-04:00,86.7699966430664,87.04000091552734,86.13999938964844,86.94000244140625,739337,0.0,0.0,0.0
2024-07-01 10:30:00-04:00,86.94999694824219,86.9800033569336,86.66000366210938,86.88999938964844,582712,0.0,0.0,0.0
2024-07-01 11:30:00-04:00,86.875,87.18000030517578,86.83999633789062,87.18000030517578,526109,0.0,0.0,0.0
2024-07-01 12:30:00-04:00,87.19000244140625,87.2699966430664,87.06999969482422,87.25,176409,0.0,0.0,0.0
2024-07-01 13:30:00-04:00,87.2300033569336,87.33000183105469,87.12000274658203,87.18000030517578,190030,0.0,0.0,0.0
2024-07-01 14:30:00-04:00,87.12000274658203,87.31500244140625,87.0999984741211,87.23500061035156,403716,0.0,0.0,0.0
2024-07-01 15:30:00-04:00,87.23500061035156,87.41999816894531,87.19499969482422,87.31999969482422,481738,0.0,0.0,0.0
2024-07-02 09:30:00-04:00,86.91999816894531,87.83499908447266,86.9021987915039,87.32009887695312,673998,0.0,0.0,0.0
2024-07-02 10:30:00-04:00,87.31999969482422,87.51000213623047,87.19000244140625,87.48500061035156,225382,0.0,0.0,0.0
2024-07-02 11:30:00-04:00,87.48999786376953,87.5999984741211,87.2300033569336,87.36699676513672,195226,0.0,0.0,0.0
2024-07-02 12:30:00-04:00,87.36499786376953,87.62999725341797,87.31990051269531,87.60530090332031,221342,0.0,0.0,0.0
2024-07-02 13:30:00-04:00,87.6050033569336,87.87000274658203,87.56500244140625,87.82009887695312,283780,0.0,0.0,0.0
2024-07-02 14:30:00-04:00,87.82550048828125,87.87000274658203,87.7428970336914,87.83499908447266,289613,0.0,0.0,0.0
2024-07-02 15:30:00-04:00,87.8550033569336,87.87000274658203,87.69000244140625,87.77999877929688,495205,0.0,0.0,0.0
2024-07-03 09:30:00-04:00,87.7300033569336,88.08000183105469,87.66999816894531,87.97000122070312,628911,0.0,0.0,0.0
2024-07-03 10:30:00-04:00,87.98999786376953,88.11000061035156,87.95999908447266,88.03500366210938,437620,0.0,0.0,0.0
2024-07-03 11:30:00-04:00,88.02999877929688,88.03500366210938,87.84500122070312,87.93499755859375,394403,0.0,0.0,0.0
2024-07-05 09:30:00-04:00,87.81999969482422,88.68000030517578,87.80999755859375,88.58999633789062,597524,0.0,0.0,0.0
2024-07-05 10:30:00-04:00,88.58999633789062,88.88999938964844,88.5,88.73500061035156,337981,0.0,0.0,0.0
2024-07-05 11:30:00-04:00,88.7300033569336,88.927001953125,88.70999908447266,88.8550033569336,199660,0.0,0.0,0.0
2024-07-05 12:30:00-04:00,88.8499984741211,88.87999725341797,88.7699966430664,88.83000183105469,245036,0.0,0.0,0.0
2024-07-05 13:30:00-04:00,88.83000183105469,88.9000015258789,88.76499938964844,88.80000305175781,203154,0.0,0.0,0.0
2024-07-05 14:30:00-04:00,88.80999755859375,88.93000030517578,88.7699966430664,88.8949966430664,172004,0.0,0.0,0.0
2024-07-05 15:30:00-04:00,88.8949966430664,88.97000122070312,88.83000183105469,88.91999816894531,359630,0.0,0.0,0.0
2024-07-08 09:30:00-04:00,88.58999633789062,88.7699966430664,87.79000091552734,87.98500061035156,1178673,0.0,0.0,0.0
2024-07-08 10:30:00-04:00,87.9749984741211,88.05000305175781,87.79000091552734,87.97000122070312,415013,0.0,0.0,0.0
2024-07-08 11:30:00-04:00,87.9749984741211,88.05000305175781,87.80999755859375,87.83999633789062,404820,0.0,0.0,0.0
2024-07-08 12:30:00-04:00,87.83499908447266,87.97679901123047,87.80999755859375,87.97000122070312,200653,0.0,0.0,0.0
2024-07-08 13:30:00-04:00,87.98500061035156,88.05999755859375,87.91999816894531,88.03500366210938,460934,0.0,0.0,0.0
2024-07-08 14:30:00-04:00,88.03500366210938,88.125,87.94499969482422,88.09989929199219,295525,0.0,0.0,0.0
2024-07-08 15:30:00-04:00,88.08999633789062,88.2300033569336,88.0199966430664,88.08999633789062,504648,0.0,0.0,0.0
2024-07-09 09:30:00-04:00,87.83000183105469,88.04000091552734,86.87000274658203,86.97000122070312,1276952,0.0,0.0,0.0
2024-07-09 10:30:00-04:00,86.94499969482422,86.94999694824219,86.72000122070312,86.9000015258789,639067,0.0,0.0,0.0
2024-07-09 11:30:00-04:00,86.9000015258789,87.02999877929688,86.83499908447266,86.87999725341797,500253,0.0,0.0,0.0
2024-07-09 12:30:00-04:00,86.875,86.88990020751953,86.48999786376953,86.63999938964844,638085,0.0,0.0,0.0
2024-07-09 13:30:00-04:00,86.62999725341797,86.66999816894531,86.54000091552734,86.61000061035156,293269,0.0,0.0,0.0
2024-07-09 14:30:00-04:00,86.6050033569336,86.75499725341797,86.58000183105469,86.72000122070312,275052,0.0,0.0,0.0
2024-07-09 15:30:00-04:00,86.72000122070312,86.77999877929688,86.67500305175781,86.70999908447266,726529,0.0,0.0,0.0
2024-07-10 09:30:00-04:00,86.62000274658203,86.68000030517578,85.88999938964844,86.0,730458,0.0,0.0,0.0
2024-07-10 10:30:00-04:00,85.98999786376953,86.05000305175781,85.66999816894531,85.8550033569336,951873,0.0,0.0,0.0
2024-07-10 11:30:00-04:00,85.86000061035156,86.07499694824219,85.8550033569336,86.02999877929688,710587,0.0,0.0,0.0
2024-07-10 12:30:00-04:00,86.03500366210938,86.42500305175781,85.9749984741211,86.30999755859375,629630,0.0,0.0,0.0
2024-07-10 13:30:00-04:00,86.31999969482422,86.66999816894531,86.19999694824219,86.2750015258789,1156622,0.0,0.0,0.0
2024-07-10 14:30:00-04:00,86.2750015258789,86.55000305175781,86.2750015258789,86.40499877929688,1173870,0.0,0.0,0.0
2024-07-10 15:30:00-04:00,86.3949966430664,86.7249984741211,86.38500213623047,86.6449966430664,1055486,0.0,0.0,0.0
2024-07-11 09:30:00-04:00,86.93000030517578,87.7300033569336,86.76000213623047,86.98999786376953,1968790,0.0,0.0,0.0
2024-07-11 10:30:00-04:00,86.98999786376953,87.1449966430664,86.55000305175781,86.58000183105469,749850,0.0,0.0,0.0
2024-07-11 11:30:00-04:00,86.54989624023438,86.6050033569336,86.18000030517578,86.46499633789062,479469,0.0,0.0,0.0
2024-07-11 12:30:00-04:00,86.45999908447266,86.64849853515625,86.30000305175781,86.55999755859375,342853,0.0,0.0,0.0
2024-07-11 13:30:00-04:00,86.50499725341797,86.55000305175781,86.25,86.30999755859375,250390,0.0,0.0,0.0
2024-07-11 14:30:00-04:00,86.30999755859375,86.5199966430664,86.30999755859375,86.37999725341797,356089,0.0,0.0,0.0
2024-07-11 15:30:00-04:00,86.38999938964844,86.63999938964844,86.38500213623047,86.42500305175781,517202,0.0,0.0,0.0
2024-07-12 09:30:00-04:00,86.30000305175781,87.05999755859375,86.19999694824219,87.05999755859375,451474,0.0,0.0,0.0
2024-07-12 10:30:00-04:00,87.05000305175781,87.23999786376953,87.04499816894531,87.22000122070312,251972,0.0,0.0,0.0
2024-07-12 11:30:00-04:00,87.22000122070312,87.22000122070312,86.81999969482422,86.95999908447266,341424,0.0,0.0,0.0
2024-07-12 12:30:00-04:00,86.95010375976562,87.36000061035156,86.8949966430664,87.35990142822266,193754,0.0,0.0,0.0
2024-07-12 13:30:00-04:00,87.33999633789062,87.56999969482422,87.31999969482422,87.47000122070312,289909,0.0,0.0,0.0
2024-07-12 14:30:00-04:00,87.46499633789062,87.63500213623047,87.44999694824219,87.63500213623047,1186871,0.0,0.0,0.0
2024-07-12 15:30:00-04:00,87.63500213623047,87.63500213623047,87.22000122070312,87.29499816894531,3974104,0.0,0.0,0.0
2024-07-15 09:30:00-04:00,87.47000122070312,88.18000030517578,87.30000305175781,88.15499877929688,666084,0.0,0.0,0.0
2024-07-15 10:30:00-04:00,88.19000244140625,88.5,88.15599822998047,88.31999969482422,702002,0.0,0.0,0.0
2024-07-15 11:30:00-04:00,88.31999969482422,88.38999938964844,87.88999938964844,88.01499938964844,218242,0.0,0.0,0.0
2024-07-15 12:30:00-04:00,88.0199966430664,88.08999633789062,87.79000091552734,87.91000366210938,234862,0.0,0.0,0.0
2024-07-15 13:30:00-04:00,87.9000015258789,87.91500091552734,87.625,87.87000274658203,239841,0.0,0.0,0.0
2024-07-15 14:30:00-04:00,87.87000274658203,88.07060241699219,87.80999755859375,87.97000122070312,328335,0.0,0.0,0.0
2024-07-15 15:30:00-04:00,87.97000122070312,88.06999969482422,87.62000274658203,87.97000122070312,582568,0.0,0.0,0.0
2024-07-16 09:30:00-04:00,87.80999755859375,88.37000274658203,87.58999633789062,87.63999938964844,880858,0.0,0.0,0.0
2024-07-16 10:30:00-04:00,87.62999725341797,88.16000366210938,87.57499694824219,88.04000091552734,515176,0.0,0.0,0.0
2024-07-16 11:30:00-04:00,88.02999877929688,88.08499908447266,87.76010131835938,87.91500091552734,528856,0.0,0.0,0.0
2024-07-16 12:30:00-04:00,87.91999816894531,88.11000061035156,87.83999633789062,87.86000061035156,202811,0.0,0.0,0.0
2024-07-16 13:30:00-04:00,87.83999633789062,87.98500061035156,87.73999786376953,87.97000122070312,288370,0.0,0.0,0.0
2024-07-16 14:30:00-04:00,87.97000122070312,88.28500366210938,87.94999694824219,88.26499938964844,395385,0.0,0.0,0.0
2024-07-16 15:30:00-04:00,88.26000213623047,88.3499984741211,88.1500015258789,88.26000213623047,1211651,0.0,0.0,0.0
2024-07-17 09:30:00-04:00,87.2699966430664,87.2699966430664,86.62999725341797,86.9000015258789,956383,0.0,0.0,0.0
2024-07-17 10:30:00-04:00,86.88500213623047,87.06999969482422,86.58000183105469,86.81999969482422,534425,0.0,0.0,0.0
2024-07-17 11:30:00-04:00,86.81999969482422,86.83000183105469,86.16000366210938,86.2300033569336,426207,0.0,0.0,0.0
2024-07-17 12:30:00-04:00,86.2300033569336,86.33499908447266,86.0199966430664,86.32499694824219,601092,0.0,0.0,0.0
2024-07-17 13:30:00-04:00,86.31999969482422,86.61000061035156,86.31999969482422,86.5999984741211,342385,0.0,0.0,0.0
2024-07-17 14:30:00-04:00,86.58999633789062,86.66500091552734,86.30999755859375,86.5199966430664,334973,0.0,0.0,0.0
2024-07-17 15:30:00-04:00,86.5250015258789,86.6449966430664,86.3499984741211,86.36000061035156,633394,0.0,0.0,0.0
2024-07-18 09:30:00-04:00,86.54000091552734,86.6449966430664,86.06999969482422,86.13999938964844,525509,0.0,0.0,0.0
2024-07-18 10:30:00-04:00,86.13999938964844,86.13999938964844,85.38999938964844,85.41999816894531,721610,0.0,0.0,0.0
2024-07-18 11:30:00-04:00,85.41000366210938,85.45500183105469,84.73500061035156,84.93000030517578,503649,0.0,0.0,0.0
2024-07-18 12:30:00-04:00,84.91000366210938,85.22000122070312,84.86000061035156,85.08499908447266,384496,0.0,0.0,0.0
2024-07-18 13:30:00-04:00,85.08499908447266,85.16000366210938,84.77999877929688,84.81999969482422,338926,0.0,0.0,0.0
2024-07-18 14:30:00-04:00,84.81999969482422,84.91000366210938,84.51000213623047,84.73999786376953,542589,0.0,0.0,0.0
2024-07-18 15:30:00-04:00,84.76000213623047,85.26499938964844,84.75499725341797,85.05999755859375,733133,0.0,0.0,0.0
2024-07-19 09:30:00-04:00,84.5199966430664,85.23999786376953,84.41999816894531,84.76000213623047,659613,0.0,0.0,0.0
2024-07-19 10:30:00-04:00,84.7699966430664,85.16000366210938,84.69000244140625,84.83000183105469,315007,0.0,0.0,0.0
2024-07-19 11:30:00-04:00,84.83000183105469,85.19000244140625,84.63999938964844,84.94000244140625,268969,0.0,0.0,0.0
2024-07-19 12:30:00-04:00,84.93000030517578,84.95999908447266,84.56999969482422,84.66999816894531,431696,0.0,0.0,0.0
2024-07-19 13:30:00-04:00,84.66000366210938,84.87999725341797,84.57499694824219,84.66999816894531,337520,0.0,0.0,0.0
2024-07-19 14:30:00-04:00,84.66999816894531,85.05000305175781,84.5199966430664,85.02999877929688,352514,0.0,0.0,0.0
2024-07-19 15:30:00-04:00,85.02999877929688,85.05000305175781,84.66999816894531,84.8499984741211,898855,0.0,0.0,0.0
2024-07-22 09:30:00-04:00,85.31999969482422,85.62000274658203,84.83999633789062,85.29000091552734,576412,0.0,0.0,0.0
2024-07-22 10:30:00-04:00,85.30999755859375,85.79000091552734,85.05999755859375,85.08000183105469,313284,0.0,0.0,0.0
2024-07-22 11:30:00-04:00,85.08000183105469,85.29499816894531,84.91000366210938,85.19000244140625,462679,0.0,0.0,0.0
2024-07-22 12:30:00-04:00,85.18000030517578,85.55999755859375,85.13999938964844,85.47000122070312,399221,0.0,0.0,0.0
2024-07-22 13:30:00-04:00,85.4800033569336,85.83000183105469,85.47000122070312,85.72000122070312,461894,0.0,0.0,0.0
2024-07-22 14:30:00-04:00,85.72000122070312,85.79000091552734,85.56500244140625,85.6449966430664,745850,0.0,0.0,0.0
2024-07-22 15:30:00-04:00,85.6500015258789,85.76000213623047,85.59500122070312,85.62999725341797,1085924,0.0,0.0,0.0
2024-07-23 09:30:00-04:00,85.87000274658203,86.4800033569336,85.72000122070312,86.19999694824219,1358299,0.0,0.0,0.0
2024-07-23 10:30:00-04:00,86.20999908447266,86.54000091552734,85.66999816894531,86.39810180664062,1246476,0.0,0.0,0.0
2024-07-23 11:30:00-04:00,86.38999938964844,86.44999694824219,85.79000091552734,85.90499877929688,689369,0.0,0.0,0.0
2024-07-23 12:30:00-04:00,85.9000015258789,86.02999877929688,85.81999969482422,85.95999908447266,206179,0.0,0.0,0.0
2024-07-23 13:30:00-04:00,85.94999694824219,86.12999725341797,85.81999969482422,86.0,164569,0.0,0.0,0.0
2024-07-23 14:30:00-04:00,86.00499725341797,86.09500122070312,85.88999938964844,86.00499725341797,252217,0.0,0.0,0.0
2024-07-23 15:30:00-04:00,86.0,86.0,85.73500061035156,85.78500366210938,547203,0.0,0.0,0.0
2024-07-24 09:30:00-04:00,84.75,85.30000305175781,84.43000030517578,84.5999984741211,530588,0.0,0.0,0.0
2024-07-24 10:30:00-04:00,84.58999633789062,84.66999816894531,83.78500366210938,83.96499633789062,556000,0.0,0.0,0.0
2024-07-24 11:30:00-04:00,83.95500183105469,84.12999725341797,83.58000183105469,83.62979888916016,225707,0.0,0.0,0.0
2024-07-24 12:30:00-04:00,83.5999984741211,83.81999969482422,83.40499877929688,83.72000122070312,229545,0.0,0.0,0.0
2024-07-24 13:30:00-04:00,83.70999908447266,83.81500244140625,83.45999908447266,83.45999908447266,216891,0.0,0.0,0.0
2024-07-24 14:30:00-04:00,83.44999694824219,83.48500061035156,83.05000305175781,83.08999633789062,535005,0.0,0.0,0.0
2024-07-24 15:30:00-04:00,83.08999633789062,83.30000305175781,82.7699966430664,82.91000366210938,781601,0.0,0.0,0.0
2024-07-25 09:30:00-04:00,83.81999969482422,84.0250015258789,82.7300033569336,83.37999725341797,1373319,0.0,0.0,0.0
2024-07-25 10:30:00-04:00,83.37000274658203,84.36000061035156,83.29000091552734,84.11000061035156,748156,0.0,0.0,0.0
2024-07-25 11:30:00-04:00,84.0999984741211,85.11000061035156,83.97000122070312,85.11000061035156,462566,0.0,0.0,0.0
2024-07-25 12:30:00-04:00,85.11000061035156,85.41000366210938,84.66999816894531,84.73999786376953,577656,0.0,0.0,0.0
2024-07-25 13:30:00-04:00,84.76000213623047,84.94999694824219,84.66000366210938,84.78500366210938,536856,0.0,0.0,0.0
2024-07-25 14:30:00-04:00,84.78500366210938,84.8949966430664,84.30000305175781,84.62000274658203,532629,0.0,0.0,0.0
2024-07-25 15:30:00-04:00,84.61499786376953,84.625,83.61000061035156,83.66000366210938,795365,0.0,0.0,0.0
2024-07-26 09:30:00-04:00,84.29000091552734,85.05000305175781,84.08999633789062,84.87999725341797,574250,0.0,0.0,0.0
2024-07-26 10:30:00-04:00,84.88999938964844,84.93000030517578,84.26000213623047,84.62999725341797,357985,0.0,0.0,0.0
2024-07-26 11:30:00-04:00,84.62999725341797,85.19999694824219,84.52999877929688,85.12999725341797,333923,0.0,0.0,0.0
2024-07-26 12:30:00-04:00,85.1500015258789,85.28500366210938,85.05000305175781,85.27999877929688,199082,0.0,0.0,0.0
2024-07-26 13:30:00-04:00,85.25,85.2699966430664,84.72000122070312,84.77999877929688,192483,0.0,0.0,0.0
2024-07-26 14:30:00-04:00,84.7750015258789,84.97000122070312,84.54499816894531,84.91000366210938,231272,0.0,0.0,0.0
2024-07-26 15:30:00-04:00,84.9000015258789,84.94999694824219,84.52999877929688,84.77999877929688,477014,0.0,0.0,0.0
2024-07-29 09:30:00-04:00,85.0999984741211,85.33000183105469,84.5999984741211,84.71499633789062,440876,0.0,0.0,0.0
2024-07-29 10:30:00-04:00,84.72000122070312,84.87000274658203,84.29000091552734,84.50499725341797,356372,0.0,0.0,0.0
2024-07-29 11:30:00-04:00,84.5,85.08999633789062,84.2249984741211,84.94499969482422,234568,0.0,0.0,0.0
2024-07-29 12:30:00-04:00,85.0,85.01000213623047,84.52999877929688,84.52999877929688,247465,0.0,0.0,0.0
2024-07-29 13:30:00-04:00,84.5199966430664,84.58999633789062,84.37000274658203,84.41500091552734,303512,0.0,0.0,0.0
2024-07-29 14:30:00-04:00,84.41000366210938,84.4800033569336,84.27999877929688,84.42500305175781,310422,0.0,0.0,0.0
2024-07-29 15:30:00-04:00,84.42500305175781,84.58000183105469,84.27999877929688,84.29000091552734,2395056,0.0,0.0,0.0
2024-07-30 09:30:00-04:00,84.47000122070312,84.97000122070312,84.27999877929688,84.33999633789062,202619,0.0,0.0,0.0
2024-07-30 10:30:00-04:00,84.33999633789062,84.38999938964844,83.47000122070312,83.62000274658203,644510,0.0,0.0,0.0
2024-07-30 11:30:00-04:00,83.6500015258789,83.66000366210938,83.12000274658203,83.26000213623047,244301,0.0,0.0,0.0
2024-07-30 12:30:00-04:00,83.25,83.30999755859375,82.6500015258789,83.02999877929688,272369,0.0,0.0,0.0
2024-07-30 13:30:00-04:00,83.0199966430664,83.5,82.97000122070312,83.37000274658203,242246,0.0,0.0,0.0
2024-07-30 14:30:00-04:00,83.36000061035156,83.41000366210938,83.06999969482422,83.24500274658203,217062,0.0,0.0,0.0
2024-07-30 15:30:00-04:00,83.23999786376953,83.80000305175781,83.15499877929688,83.44999694824219,878171,0.0,0.0,0.0
2024-07-31 09:30:00-04:00,84.61000061035156,85.25,84.30000305175781,84.91000366210938,1067936,0.0,0.0,0.0
2024-07-31 10:30:00-04:00,84.91999816894531,85.19999694824219,84.54499816894531,84.87999725341797,284991,0.0,0.0,0.0
2024-07-31 11:30:00-04:00,84.88999938964844,85.04499816894531,84.7300033569336,84.77999877929688,250367,0.0,0.0,0.0
2024-07-31 12:30:00-04:00,84.76000213623047,84.88999938964844,84.6500015258789,84.79000091552734,389715,0.0,0.0,0.0
2024-07-31 13:30:00-04:00,84.7699966430664,84.7699966430664,84.4800033569336,84.625,286568,0.0,0.0,0.0
2024-07-31 14:30:00-04:00,84.61000061035156,85.19999694824219,84.45999908447266,84.5199966430664,430433,0.0,0.0,0.0
2024-07-31 15:30:00-04:00,84.51000213623047,84.93000030517578,84.38999938964844,84.61000061035156,434628,0.0,0.0,0.0
2024-08-01 09:30:00-04:00,84.58000183105469,85.51699829101562,84.4000015258789,84.66000366210938,408120,0.0,0.0,0.0
2024-08-01 10:30:00-04:00,84.66000366210938,84.9000015258789,83.87000274658203,83.87999725341797,326126,0.0,0.0,0.0
2024-08-01 11:30:00-04:00,83.87999725341797,83.9000015258789,83.30999755859375,83.51000213623047,372619,0.0,0.0,0.0
2024-08-01 12:30:00-04:00,83.51000213623047,83.51000213623047,82.69000244140625,82.80500030517578,305210,0.0,0.0,0.0
2024-08-01 13:30:00-04:00,82.80000305175781,82.80999755859375,82.29000091552734,82.45999908447266,376579,0.0,0.0,0.0
2024-08-01 14:30:00-04:00,82.43499755859375,82.66999816894531,82.26000213623047,82.66999816894531,549534,0.0,0.0,0.0
2024-08-01 15:30:00-04:00,82.68000030517578,83.13500213623047,82.58499908447266,83.01000213623047,1058408,0.0,0.0,0.0
2024-08-02 09:30:00-04:00,80.66999816894531,80.81999969482422,79.19000244140625,79.61000061035156,2767593,0.0,0.0,0.0
2024-08-02 10:30:00-04:00,79.5999984741211,79.93000030517578,79.16999816894531,79.33000183105469,1103779,0.0,0.0,0.0
2024-08-02 11:30:00-04:00,79.30999755859375,80.08000183105469,79.2699966430664,79.87000274658203,782014,0.0,0.0,0.0
2024-08-02 12:30:00-04:00,79.86000061035156,80.01000213623047,79.41000366210938,79.55000305175781,567278,0.0,0.0,0.0
2024-08-02 13:30:00-04:00,79.54000091552734,80.04000091552734,79.41999816894531,80.04000091552734,745149,0.0,0.0,0.0
2024-08-02 14:30:00-04:00,80.01000213623047,80.30999755859375,79.8499984741211,80.2699966430664,4504649,0.0,0.0,0.0
2024-08-02 15:30:00-04:00,80.29000091552734,80.38999938964844,79.9000015258789,80.19999694824219,749326,0.0,0.0,0.0
2024-08-05 09:30:00-04:00,75.95999908447266,78.19400024414062,75.95999908447266,77.05999755859375,1136953,0.0,0.0,0.0
2024-08-05 10:30:00-04:00,77.11000061035156,78.81500244140625,77.08000183105469,78.47000122070312,707881,0.0,0.0,0.0
2024-08-05 11:30:00-04:00,78.47000122070312,79.12000274658203,78.2300033569336,79.08999633789062,766478,0.0,0.0,0.0
2024-08-05 12:30:00-04:00,79.08000183105469,79.08000183105469,77.95999908447266,78.30000305175781,628357,0.0,0.0,0.0
2024-08-05 13:30:00-04:00,78.33000183105469,78.58000183105469,77.75,77.9800033569336,702184,0.0,0.0,0.0
2024-08-05 14:30:00-04:00,77.97000122070312,78.05999755859375,77.5,77.93000030517578,1098529,0.0,0.0,0.0
2024-08-05 15:30:00-04:00,77.94000244140625,78.08000183105469,77.69000244140625,78.02999877929688,1019562,0.0,0.0,0.0
2024-08-06 09:30:00-04:00,79.08999633789062,79.51000213623047,78.51000213623047,79.20999908447266,617670,0.0,0.0,0.0
2024-08-06 10:30:00-04:00,79.25,79.80999755859375,79.00499725341797,79.12999725341797,545994,0.0,0.0,0.0
2024-08-06 11:30:00-04:00,79.1500015258789,79.87999725341797,79.1500015258789,79.62999725341797,314560,0.0,0.0,0.0
2024-08-06 12:30:00-04:00,79.66000366210938,80.05999755859375,79.58999633789062,79.94000244140625,478675,0.0,0.0,0.0
2024-08-06 13:30:00-04:00,79.9800033569336,80.12000274658203,79.76000213623047,80.1050033569336,370421,0.0,0.0,0.0
2024-08-06 14:30:00-04:00,80.0999984741211,80.20500183105469,79.43250274658203,79.75,1132610,0.0,0.0,0.0
2024-08-06 15:30:00-04:00,79.73999786376953,79.80999755859375,79.11000061035156,79.11000061035156,1467286,0.0,0.0,0.0
2024-08-07 09:30:00-04:00,80.66000366210938,81.55000305175781,80.66000366210938,80.98999786376953,610996,0.0,0.0,0.0
2024-08-07 10:30:00-04:00,81.03250122070312,81.3499984741211,80.87000274658203,80.98999786376953,401246,0.0,0.0,0.0
2024-08-07 11:30:00-04:00,81.01000213623047,81.0801010131836,80.47000122070312,80.83999633789062,368819,0.0,0.0,0.0
2024-08-07 12:30:00-04:00,80.83000183105469,80.83000183105469,79.91999816894531,80.08999633789062,376855,0.0,0.0,0.0
2024-08-07 13:30:00-04:00,80.06999969482422,80.2699966430664,79.2699966430664,79.59420013427734,434739,0.0,0.0,0.0
2024-08-07 14:30:00-04:00,79.58999633789062,79.80999755859375,79.25,79.48999786376953,420004,0.0,0.0,0.0
2024-08-07 15:30:00-04:00,79.4800033569336,79.61000061035156,78.88999938964844,78.97000122070312,518803,0.0,0.0,0.0
2024-08-08 09:30:00-04:00,80.23999786376953,81.05999755859375,79.66999816894531,81.04000091552734,675676,0.0,0.0,0.0
2024-08-08 10:30:00-04:00,81.02999877929688,81.1500015258789,80.69999694824219,80.87999725341797,394594,0.0,0.0,0.0
2024-08-08 11:30:00-04:00,80.87999725341797,81.19000244140625,80.79000091552734,81.02999877929688,294264,0.0,0.0,0.0
2024-08-08 12:30:00-04:00,81.02999877929688,81.3499984741211,80.69000244140625,81.31999969482422,612036,0.0,0.0,0.0
2024-08-08 13:30:00-04:00,81.31999969482422,81.71499633789062,81.29000091552734,81.54170227050781,543847,0.0,0.0,0.0
2024-08-08 14:30:00-04:00,81.55000305175781,81.63999938964844,81.19999694824219,81.28500366210938,830884,0.0,0.0,0.0
2024-08-08 15:30:00-04:00,81.27999877929688,81.58000183105469,81.13500213623047,81.55000305175781,1866684,0.0,0.0,0.0
2024-08-09 09:30:00-04:00,81.45999908447266,82.20999908447266,81.38999938964844,81.91999816894531,1016952,0.0,0.0,0.0
2024-08-09 10:30:00-04:00,81.90499877929688,82.37000274658203,81.63880157470703,82.02999877929688,216638,0.0,0.0,0.0
2024-08-09 11:30:00-04:00,82.0199966430664,82.23999786376953,81.76000213623047,81.87000274658203,90630,0.0,0.0,0.0
2024-08-09 12:30:00-04:00,81.86000061035156,82.56999969482422,81.8499984741211,82.56999969482422,225652,0.0,0.0,0.0
2024-08-09 13:30:00-04:00,82.58499908447266,82.62999725341797,82.12999725341797,82.20999908447266,214820,0.0,0.0,0.0
2024-08-09 14:30:00-04:00,82.18499755859375,82.44000244140625,82.0999984741211,82.37000274658203,238722,0.0,0.0,0.0
2024-08-09 15:30:00-04:00,82.37000274658203,82.54000091552734,82.29000091552734,82.44999694824219,386254,0.0,0.0,0.0
2024-08-12 09:30:00-04:00,82.55999755859375,82.72000122070312,81.62000274658203,82.08999633789062,339704,0.0,0.0,0.0
2024-08-12 10:30:00-04:00,82.0999984741211,82.41999816894531,81.5999984741211,81.80000305175781,261424,0.0,0.0,0.0
2024-08-12 11:30:00-04:00,81.77999877929688,82.3499984741211,81.69000244140625,82.16000366210938,203206,0.0,0.0,0.0
2024-08-12 12:30:00-04:00,82.17500305175781,82.20999908447266,81.72000122070312,82.0,146428,0.0,0.0,0.0
2024-08-12 13:30:00-04:00,81.99500274658203,82.06500244140625,81.79000091552734,81.91999816894531,103041,0.0,0.0,0.0
2024-08-12 14:30:00-04:00,81.87000274658203,81.94999694824219,81.80999755859375,81.86000061035156,319368,0.0,0.0,0.0
2024-08-12 15:30:00-04:00,81.86499786376953,81.9800033569336,81.67500305175781,81.9800033569336,634587,0.0,0.0,0.0
2024-08-13 09:30:00-04:00,82.37999725341797,83.1447982788086,82.36499786376953,82.88999938964844,734643,0.0,0.0,0.0
2024-08-13 10:30:00-04:00,82.88500213623047,83.27999877929688,82.7300033569336,83.25,1314003,0.0,0.0,0.0
2024-08-13 11:30:00-04:00,83.26000213623047,83.43000030517578,83.19100189208984,83.3499984741211,675481,0.0,0.0,0.0
2024-08-13 12:30:00-04:00,83.3499984741211,83.5999984741211,83.2699966430664,83.30000305175781,428230,0.0,0.0,0.0
2024-08-13 13:30:00-04:00,83.30999755859375,83.44000244140625,83.16000366210938,83.44000244140625,1097765,0.0,0.0,0.0
2024-08-13 14:30:00-04:00,83.44000244140625,83.55999755859375,83.25,83.33999633789062,850206,0.0,0.0,0.0
2024-08-13 15:30:00-04:00,83.33999633789062,83.48999786376953,83.2300033569336,83.43000030517578,699401,0.0,0.0,0.0
2024-08-14 09:30:00-04:00,83.4000015258789,83.88999938964844,83.30000305175781,83.55999755859375,388811,0.0,0.0,0.0
2024-08-14 10:30:00-04:00,83.55500030517578,83.91000366210938,83.12999725341797,83.9000015258789,168988,0.0,0.0,0.0
2024-08-14 11:30:00-04:00,83.9000015258789,84.27999877929688,83.6500015258789,83.7699966430664,227862,0.0,0.0,0.0
2024-08-14 12:30:00-04:00,83.77999877929688,83.98999786376953,83.56999969482422,83.88999938964844,110992,0.0,0.0,0.0
2024-08-14 13:30:00-04:00,83.9000015258789,83.94000244140625,83.69000244140625,83.79499816894531,89003,0.0,0.0,0.0
2024-08-14 14:30:00-04:00,83.81999969482422,83.93499755859375,83.6500015258789,83.68000030517578,123906,0.0,0.0,0.0
2024-08-14 15:30:00-04:00,83.69000244140625,84.0,83.61499786376953,83.83999633789062,524147,0.0,0.0,0.0
2024-08-15 09:30:00-04:00,84.66000366210938,85.51249694824219,84.66000366210938,85.40499877929688,386981,0.0,0.0,0.0
2024-08-15 10:30:00-04:00,85.4000015258789,85.48999786376953,85.22000122070312,85.22000122070312,409972,0.0,0.0,0.0
2024-08-15 11:30:00-04:00,85.22000122070312,85.4749984741211,85.18000030517578,85.41500091552734,236518,0.0,0.0,0.0
2024-08-15 12:30:00-04:00,85.41899871826172,85.41899871826172,85.16999816894531,85.27999877929688,343165,0.0,0.0,0.0
2024-08-15 13:30:00-04:00,85.30000305175781,85.41999816894531,85.28500366210938,85.34500122070312,176346,0.0,0.0,0.0
2024-08-15 14:30:00-04:00,85.3499984741211,85.47509765625,85.27999877929688,85.43000030517578,248625,0.0,0.0,0.0
2024-08-15 15:30:00-04:00,85.42500305175781,85.44999694824219,85.19000244140625,85.4000015258789,616358,0.0,0.0,0.0
2024-08-16 09:30:00-04:00,85.17500305175781,85.36000061035156,84.94999694824219,85.2300033569336,239578,0.0,0.0,0.0
2024-08-16 10:30:00-04:00,85.2249984741211,85.33999633789062,85.13999938964844,85.22000122070312,143801,0.0,0.0,0.0
2024-08-16 11:30:00-04:00,85.2300033569336,85.61499786376953,85.20999908447266,85.61000061035156,144795,0.0,0.0,0.0
2024-08-16 12:30:00-04:00,85.5999984741211,85.72000122070312,85.5199966430664,85.58000183105469,336986,0.0,0.0,0.0
2024-08-16 13:30:00-04:00,85.58999633789062,85.6500015258789,85.4800033569336,85.6050033569336,171142,0.0,0.0,0.0
2024-08-16 14:30:00-04:00,85.61000061035156,85.625,85.4800033569336,85.4800033569336,131211,0.0,0.0,0.0
2024-08-16 15:30:00-04:00,85.47000122070312,85.55999755859375,85.37999725341797,85.52999877929688,283968,0.0,0.0,0.0
2024-08-19 09:30:00-04:00,85.5199966430664,85.95999908447266,85.4000015258789,85.86000061035156,347370,0.0,0.0,0.0
2024-08-19 10:30:00-04:00,85.87000274658203,85.9800033569336,85.75,85.83999633789062,149199,0.0,0.0,0.0
2024-08-19 11:30:00-04:00,85.83999633789062,85.94000244140625,85.68000030517578,85.94000244140625,136260,0.0,0.0,0.0
2024-08-19 12:30:00-04:00,85.93499755859375,86.05999755859375,85.9000015258789,85.95999908447266,167279,0.0,0.0,0.0
2024-08-19 13:30:00-04:00,85.95999908447266,86.0999984741211,85.93000030517578,86.05999755859375,257697,0.0,0.0,0.0
2024-08-19 14:30:00-04:00,86.05449676513672,86.2750015258789,86.05449676513672,86.23999786376953,282980,0.0,0.0,0.0
2024-08-19 15:30:00-04:00,86.2300033569336,86.5,86.13999938964844,86.5,447801,0.0,0.0,0.0
2024-08-20 09:30:00-04:00,86.52999877929688,87.06999969482422,86.52999877929688,86.79000091552734,439703,0.0,0.0,0.0
2024-08-20 10:30:00-04:00,86.80999755859375,86.81999969482422,86.56999969482422,86.62000274658203,177894,0.0,0.0,0.0
2024-08-20 11:30:00-04:00,86.5999984741211,86.8499984741211,86.56999969482422,86.75,250700,0.0,0.0,0.0
2024-08-20 12:30:00-04:00,86.75,86.76000213623047,86.45500183105469,86.61000061035156,135156,0.0,0.0,0.0
2024-08-20 13:30:00-04:00,86.58499908447266,86.87999725341797,86.56999969482422,86.83000183105469,107477,0.0,0.0,0.0
2024-08-20 14:30:00-04:00,86.83999633789062,86.9000015258789,86.75,86.80000305175781,174177,0.0,0.0,0.0
2024-08-20 15:30:00-04:00,86.79000091552734,86.8499984741211,86.6500015258789,86.69000244140625,297205,0.0,0.0,0.0
2024-08-21 09:30:00-04:00,86.6500015258789,87.0199966430664,86.44000244140625,86.875,606298,0.0,0.0,0.0
2024-08-21 10:30:00-04:00,86.87999725341797,87.26000213623047,86.48999786376953,86.7699966430664,1490272,0.0,0.0,0.0
2024-08-21 11:30:00-04:00,86.7300033569336,86.81500244140625,86.51000213623047,86.78500366210938,183667,0.0,0.0,0.0
2024-08-21 12:30:00-04:00,86.78500366210938,86.94999694824219,86.78500366210938,86.88999938964844,115007,0.0,0.0,0.0
2024-08-21 13:30:00-04:00,86.88999938964844,87.0999984741211,86.875,87.06999969482422,222328,0.0,0.0,0.0
2024-08-21 14:30:00-04:00,87.08000183105469,87.13999938964844,86.83499908447266,86.93000030517578,216977,0.0,0.0,0.0
2024-08-21 15:30:00-04:00,86.93000030517578,87.2300033569336,86.9000015258789,87.22000122070312,922502,0.0,0.0,0.0
2024-08-22 09:30:00-04:00,87.31999969482422,87.73999786376953,87.18000030517578,87.31999969482422,260033,0.0,0.0,0.0
2024-08-22 10:30:00-04:00,87.30999755859375,87.30999755859375,86.72000122070312,86.72000122070312,198811,0.0,0.0,0.0
2024-08-22 11:30:00-04:00,86.7300033569336,86.78500366210938,86.12000274658203,86.76000213623047,254526,0.0,0.0,0.0
2024-08-22 12:30:00-04:00,86.75499725341797,86.81999969482422,86.2699966430664,86.41999816894531,135739,0.0,0.0,0.0
2024-08-22 13:30:00-04:00,86.4000015258789,86.41999816894531,86.01000213623047,86.2699966430664,130315,0.0,0.0,0.0
2024-08-22 14:30:00-04:00,86.29000091552734,86.3499984741211,85.87999725341797,85.9000015258789,254194,0.0,0.0,0.0
2024-08-22 15:30:00-04:00,85.91000366210938,86.08999633789062,85.7750015258789,85.93000030517578,471989,0.0,0.0,0.0
2024-08-23 09:30:00-04:00,86.72000122070312,86.83000183105469,86.08000183105469,86.54000091552734,516157,0.0,0.0,0.0
2024-08-23 10:30:00-04:00,86.54000091552734,86.55000305175781,85.44999694824219,86.11499786376953,904351,0.0,0.0,0.0
2024-08-23 11:30:00-04:00,86.11499786376953,86.27999877929688,85.70999908447266,85.8499984741211,489900,0.0,0.0,0.0
2024-08-23 12:30:00-04:00,85.87000274658203,86.18000030517578,85.62999725341797,86.16000366210938,282954,0.0,0.0,0.0
2024-08-23 13:30:00-04:00,86.18000030517578,86.31999969482422,86.05999755859375,86.30000305175781,192110,0.0,0.0,0.0
2024-08-23 14:30:00-04:00,86.29000091552734,86.54000091552734,86.19999694824219,86.52999877929688,201135,0.0,0.0,0.0
2024-08-23 15:30:00-04:00,86.52999877929688,86.52999877929688,86.16999816894531,86.38999938964844,419113,0.0,0.0,0.0
2024-08-26 09:30:00-04:00,86.18000030517578,86.7300033569336,86.18000030517578,86.41000366210938,414576,0.0,0.0,0.0
2024-08-26 10:30:00-04:00,86.37999725341797,86.54000091552734,86.0199966430664,86.43000030517578,448556,0.0,0.0,0.0
2024-08-26 11:30:00-04:00,86.41999816894531,86.4800033569336,86.1449966430664,86.45999908447266,262308,0.0,0.0,0.0
2024-08-26 12:30:00-04:00,86.45999908447266,86.48999786376953,86.25,86.27999877929688,195609,0.0,0.0,0.0
2024-08-26 13:30:00-04:00,86.2750015258789,86.31999969482422,85.90499877929688,86.16000366210938,393254,0.0,0.0,0.0
2024-08-26 14:30:00-04:00,86.16000366210938,86.36000061035156,86.16000366210938,86.19000244140625,521719,0.0,0.0,0.0
2024-08-26 15:30:00-04:00,86.18000030517578,86.22000122070312,85.9749984741211,86.11000061035156,501716,0.0,0.0,0.0
2024-08-27 09:30:00-04:00,85.30999755859375,86.26000213623047,85.30999755859375,86.26000213623047,243203,0.0,0.0,0.0
2024-08-27 10:30:00-04:00,86.25,86.36000061035156,86.0199966430664,86.0199966430664,94081,0.0,0.0,0.0
2024-08-27 11:30:00-04:00,86.01000213623047,86.125,85.81999969482422,86.0999984741211,567269,0.0,0.0,0.0
2024-08-27 12:30:00-04:00,86.09500122070312,86.23999786376953,85.94999694824219,86.23999786376953,182443,0.0,0.0,0.0
2024-08-27 13:30:00-04:00,86.25,86.45999908447266,86.16000366210938,86.44000244140625,209512,0.0,0.0,0.0
2024-08-27 14:30:00-04:00,86.41999816894531,86.45500183105469,86.2750015258789,86.3499984741211,186006,0.0,0.0,0.0
2024-08-27 15:30:00-04:00,86.34500122070312,86.44000244140625,86.26499938964844,86.3499984741211,364411,0.0,0.0,0.0
2024-08-28 09:30:00-04:00,85.95999908447266,86.30999755859375,85.91000366210938,86.05999755859375,750070,0.0,0.0,0.0
2024-08-28 10:30:00-04:00,86.06999969482422,86.11000061035156,85.0824966430664,85.23999786376953,307094,0.0,0.0,0.0
2024-08-28 11:30:00-04:00,85.23500061035156,85.4800033569336,85.0999984741211,85.26499938964844,206275,0.0,0.0,0.0
2024-08-28 12:30:00-04:00,85.26000213623047,85.58000183105469,85.19999694824219,85.38999938964844,127345,0.0,0.0,0.0
2024-08-28 13:30:00-04:00,85.37999725341797,85.42500305175781,84.79000091552734,84.9800033569336,160130,0.0,0.0,0.0
2024-08-28 14:30:00-04:00,84.9800033569336,85.45999908447266,84.91000366210938,85.43000030517578,242566,0.0,0.0,0.0
2024-08-28 15:30:00-04:00,85.41999816894531,85.48999786376953,85.22000122070312,85.27999877929688,749396,0.0,0.0,0.0
2024-08-29 09:30:00-04:00,86.51000213623047,87.61000061035156,86.36000061035156,86.97750091552734,1534820,0.0,0.0,0.0
2024-08-29 10:30:00-04:00,87.01000213623047,87.43000030517578,86.95999908447266,87.18000030517578,577958,0.0,0.0,0.0
2024-08-29 11:30:00-04:00,87.25,87.5,87.16000366210938,87.30000305175781,210046,0.0,0.0,0.0
2024-08-29 12:30:00-04:00,87.30000305175781,87.4000015258789,86.97000122070312,87.11000061035156,224832,0.0,0.0,0.0
2024-08-29 13:30:00-04:00,87.0999984741211,87.16000366210938,86.75,86.77999877929688,276773,0.0,0.0,0.0
2024-08-29 14:30:00-04:00,86.68000030517578,86.7699966430664,86.19000244140625,86.45999908447266,501839,0.0,0.0,0.0
2024-08-29 15:30:00-04:00,86.45999908447266,86.69000244140625,86.23999786376953,86.31999969482422,582008,0.0,0.0,0.0
2024-08-30 09:30:00-04:00,86.88999938964844,87.0,86.4800033569336,86.73999786376953,378371,0.0,0.0,0.0
2024-08-30 10:30:00-04:00,86.75,86.93199920654297,86.29000091552734,86.30999755859375,206113,0.0,0.0,0.0
2024-08-30 11:30:00-04:00,86.31999969482422,86.32499694824219,86.0,86.05000305175781,162794,0.0,0.0,0.0
2024-08-30 12:30:00-04:00,86.05500030517578,86.41999816894531,85.91000366210938,86.31500244140625,221181,0.0,0.0,0.0
2024-08-30 13:30:00-04:00,86.30500030517578,86.36000061035156,86.16000366210938,86.29499816894531,257475,0.0,0.0,0.0
2024-08-30 14:30:00-04:00,86.29000091552734,86.58999633789062,86.2750015258789,86.56500244140625,450723,0.0,0.0,0.0
2024-08-30 15:30:00-04:00,86.57499694824219,86.86499786376953,86.41500091552734,86.79000091552734,963569,0.0,0.0,0.0
2024-09-03 09:30:00-04:00,86.55999755859375,87.13500213623047,86.30999755859375,86.81999969482422,501723,0.0,0.0,0.0
2024-09-03 10:30:00-04:00,86.80000305175781,86.80000305175781,86.12999725341797,86.24009704589844,240374,0.0,0.0,0.0
2024-09-03 11:30:00-04:00,86.25499725341797,86.26000213623047,85.69969940185547,85.73999786376953,198324,0.0,0.0,0.0
2024-09-03 12:30:00-04:00,85.72000122070312,85.75,85.47000122070312,85.70999908447266,150071,0.0,0.0,0.0
2024-09-03 13:30:00-04:00,85.69999694824219,85.70999908447266,85.08000183105469,85.08499908447266,249331,0.0,0.0,0.0
2024-09-03 14:30:00-04:00,85.08999633789062,85.30000305175781,85.02999877929688,85.04000091552734,306214,0.0,0.0,0.0
2024-09-03 15:30:00-04:00,85.05000305175781,85.08000183105469,84.45999908447266,84.94000244140625,764163,0.0,0.0,0.0
2024-09-04 09:30:00-04:00,83.91999816894531,84.6500015258789,83.83999633789062,84.61000061035156,477935,0.0,0.0,0.0
2024-09-04 10:30:00-04:00,84.58000183105469,85.1500015258789,84.58000183105469,84.70999908447266,301878,0.0,0.0,0.0
2024-09-04 11:30:00-04:00,84.72000122070312,84.88999938964844,84.54000091552734,84.8499984741211,290944,0.0,0.0,0.0
2024-09-04 12:30:00-04:00,84.86000061035156,85.04000091552734,84.73999786376953,84.73999786376953,165431,0.0,0.0,0.0
2024-09-04 13:30:00-04:00,84.73999786376953,84.90499877929688,84.68000030517578,84.87000274658203,262689,0.0,0.0,0.0
2024-09-04 14:30:00-04:00,84.8499984741211,84.91500091552734,84.5199966430664,84.68000030517578,344474,0.0,0.0,0.0
2024-09-04 15:30:00-04:00,84.68000030517578,84.91000366210938,84.58999633789062,84.69000244140625,733389,0.0,0.0,0.0
2024-09-05 09:30:00-04:00,84.20999908447266,84.88999938964844,83.94999694824219,84.67500305175781,335407,0.0,0.0,0.0
2024-09-05 10:30:00-04:00,84.83999633789062,84.8499984741211,83.80999755859375,83.80999755859375,288841,0.0,0.0,0.0
2024-09-05 11:30:00-04:00,83.83000183105469,84.0999984741211,83.7300033569336,84.0999984741211,265899,0.0,0.0,0.0
2024-09-05 12:30:00-04:00,84.08000183105469,84.25,84.02999877929688,84.02999877929688,234579,0.0,0.0,0.0
2024-09-05 13:30:00-04:00,84.02999877929688,84.58499908447266,84.02999877929688,84.45999908447266,231615,0.0,0.0,0.0
2024-09-05 14:30:00-04:00,84.47000122070312,84.63999938964844,84.05999755859375,84.35359954833984,230408,0.0,0.0,0.0
2024-09-05 15:30:00-04:00,84.3499984741211,84.48999786376953,84.08499908447266,84.36499786376953,294612,0.0,0.0,0.0
2024-09-06 09:30:00-04:00,84.76000213623047,85.12000274658203,83.80000305175781,83.80000305175781,1293272,0.0,0.0,0.0
2024-09-06 10:30:00-04:00,83.79000091552734,83.8499984741211,83.0199966430664,83.11000061035156,421747,0.0,0.0,0.0
2024-09-06 11:30:00-04:00,83.16000366210938,83.31999969482422,82.91999816894531,82.91999816894531,864330,0.0,0.0,0.0
2024-09-06 12:30:00-04:00,82.94000244140625,83.31999969482422,82.83000183105469,83.125,623266,0.0,0.0,0.0
2024-09-06 13:30:00-04:00,83.12000274658203,83.1500015258789,82.91000366210938,83.0199966430664,348870,0.0,0.0,0.0
2024-09-06 14:30:00-04:00,83.0250015258789,83.54000091552734,82.9000015258789,83.43000030517578,2521880,0.0,0.0,0.0
2024-09-06 15:30:00-04:00,83.43000030517578,83.63999938964844,83.24500274658203,83.32499694824219,1478307,0.0,0.0,0.0
2024-09-09 09:30:00-04:00,83.91000366210938,84.6500015258789,83.91000366210938,84.29499816894531,661262,0.0,0.0,0.0
2024-09-09 10:30:00-04:00,84.30000305175781,84.31999969482422,83.8499984741211,83.98999786376953,673650,0.0,0.0,0.0
2024-09-09 11:30:00-04:00,84.0,84.76000213623047,83.97000122070312,84.73999786376953,349583,0.0,0.0,0.0
2024-09-09 12:30:00-04:00,84.76000213623047,84.89990234375,84.69000244140625,84.83000183105469,241612,0.0,0.0,0.0
2024-09-09 13:30:00-04:00,84.82499694824219,84.82499694824219,84.18000030517578,84.22000122070312,316380,0.0,0.0,0.0
2024-09-09 14:30:00-04:00,84.2300033569336,84.33000183105469,84.12999725341797,84.31999969482422,509536,0.0,0.0,0.0
2024-09-09 15:30:00-04:00,84.32499694824219,84.43000030517578,84.13500213623047,84.41000366210938,1374519,0.0,0.0,0.0
2024-09-10 09:30:00-04:00,85.58000183105469,85.83000183105469,85.13999938964844,85.59500122070312,1231321,0.0,0.0,0.0
2024-09-10 10:30:00-04:00,85.45999908447266,85.5999984741211,85.0199966430664,85.38500213623047,615636,0.0,0.0,0.0
2024-09-10 11:30:00-04:00,85.38500213623047,85.45999908447266,84.67500305175781,84.80999755859375,1016448,0.0,0.0,0.0
2024-09-10 12:30:00-04:00,84.79000091552734,85.25499725341797,84.75499725341797,85.12000274658203,348331,0.0,0.0,0.0
2024-09-10 13:30:00-04:00,85.12000274658203,85.45500183105469,85.11499786376953,85.37000274658203,464861,0.0,0.0,0.0
2024-09-10 14:30:00-04:00,85.36499786376953,85.55999755859375,85.31999969482422,85.54499816894531,548099,0.0,0.0,0.0
2024-09-10 15:30:00-04:00,85.54000091552734,85.76000213623047,85.41999816894531,85.69000244140625,592545,0.0,0.0,0.0
2024-09-11 09:30:00-04:00,85.44000244140625,85.58999633789062,84.58999633789062,84.61000061035156,551168,0.0,0.0,0.0
2024-09-11 10:30:00-04:00,84.61000061035156,84.94499969482422,84.19999694824219,84.80000305175781,435141,0.0,0.0,0.0
2024-09-11 11:30:00-04:00,84.80000305175781,85.6500015258789,84.75,85.63999938964844,422914,0.0,0.0,0.0
2024-09-11 12:30:00-04:00,85.6500015258789,85.94000244140625,85.52999877929688,85.86000061035156,289813,0.0,0.0,0.0
2024-09-11 13:30:00-04:00,85.86499786376953,86.44000244140625,85.83999633789062,86.375,357136,0.0,0.0,0.0
2024-09-11 14:30:00-04:00,86.38500213623047,86.55999755859375,86.23999786376953,86.51499938964844,367698,0.0,0.0,0.0
2024-09-11 15:30:00-04:00,86.5250015258789,86.81999969482422,86.3550033569336,86.70999908447266,664384,0.0,0.0,0.0
2024-09-12 09:30:00-04:00,86.86000061035156,87.2300033569336,86.75,87.06999969482422,443514,0.0,0.0,0.0
2024-09-12 10:30:00-04:00,87.08999633789062,87.27999877929688,86.67500305175781,86.94000244140625,294704,0.0,0.0,0.0
2024-09-12 11:30:00-04:00,86.94999694824219,87.1500015258789,86.87999725341797,87.13500213623047,336817,0.0,0.0,0.0
2024-09-12 12:30:00-04:00,87.13500213623047,87.58999633789062,87.02999877929688,87.49500274658203,223074,0.0,0.0,0.0
2024-09-12 13:30:00-04:00,87.49500274658203,87.75499725341797,87.44000244140625,87.69000244140625,328730,0.0,0.0,0.0
2024-09-12 14:30:00-04:00,87.69499969482422,87.71499633789062,87.19000244140625,87.48500061035156,404788,0.0,0.0,0.0
2024-09-12 15:30:00-04:00,87.4800033569336,87.58999633789062,87.4000015258789,87.58000183105469,609006,0.0,0.0,0.0
2024-09-13 09:30:00-04:00,87.33000183105469,87.69000244140625,86.95999908447266,87.3499984741211,1134024,0.0,0.0,0.0
2024-09-13 10:30:00-04:00,87.31999969482422,87.63999938964844,87.0999984741211,87.41500091552734,576742,0.0,0.0,0.0
2024-09-13 11:30:00-04:00,87.41999816894531,87.69000244140625,87.3949966430664,87.4800033569336,389310,0.0,0.0,0.0
2024-09-13 12:30:00-04:00,87.4749984741211,87.66999816894531,87.33499908447266,87.66999816894531,252043,0.0,0.0,0.0
2024-09-13 13:30:00-04:00,87.68000030517578,87.72000122070312,87.3550033569336,87.4000015258789,137528,0.0,0.0,0.0
2024-09-13 14:30:00-04:00,87.36000061035156,87.45999908447266,87.30999755859375,87.37000274658203,145227,0.0,0.0,0.0
2024-09-13 15:30:00-04:00,87.37000274658203,87.51499938964844,87.26499938964844,87.37999725341797,721754,0.0,0.0,0.0
2024-09-16 09:30:00-04:00,87.5199966430664,88.25,87.5199966430664,87.9000015258789,402733,0.0,0.0,0.0
2024-09-16 10:30:00-04:00,87.86000061035156,88.2249984741211,87.55999755859375,88.12999725341797,535119,0.0,0.0,0.0
2024-09-16 11:30:00-04:00,88.13500213623047,88.22000122070312,87.94000244140625,88.19999694824219,352109,0.0,0.0,0.0
2024-09-16 12:30:00-04:00,88.22000122070312,88.3499984741211,88.04000091552734,88.19999694824219,255422,0.0,0.0,0.0
2024-09-16 13:30:00-04:00,88.21499633789062,88.33000183105469,88.12000274658203,88.1500015258789,241577,0.0,0.0,0.0
2024-09-16 14:30:00-04:00,88.1500015258789,88.16999816894531,87.9749984741211,88.04000091552734,318234,0.0,0.0,0.0
2024-09-16 15:30:00-04:00,88.04499816894531,88.12999725341797,87.93499755859375,88.04000091552734,761972,0.0,0.0,0.0
2024-09-17 09:30:00-04:00,88.66000366210938,88.66000366210938,88.01000213623047,88.16999816894531,676393,0.0,0.0,0.0
2024-09-17 10:30:00-04:00,88.18000030517578,88.48999786376953,88.01499938964844,88.1500015258789,0,0.0,0.0,0.0
2024-09-17 11:30:00-04:00,88.14759826660156,88.15499877929688,87.4800033569336,87.68000030517578,1344617,0.0,0.0,0.0
2024-09-17 12:30:00-04:00,87.6500015258789,87.77999877929688,87.33999633789062,87.74500274658203,253290,0.0,0.0,0.0
2024-09-17 13:30:00-04:00,87.73999786376953,88.0,87.48999786376953,87.94170379638672,155072,0.0,0.0,0.0
2024-09-17 14:30:00-04:00,87.94000244140625,87.94000244140625,87.52999877929688,87.66000366210938,394023,0.0,0.0,0.0
2024-09-17 15:30:00-04:00,87.66000366210938,87.69000244140625,87.5199966430664,87.6500015258789,485126,0.0,0.0,0.0
2024-09-18 09:30:00-04:00,87.63999938964844,87.66000366210938,86.91000366210938,87.06999969482422,508465,0.0,0.0,0.0
2024-09-18 10:30:00-04:00,87.02999877929688,87.20999908447266,86.83000183105469,86.94999694824219,326345,0.0,0.0,0.0
2024-09-18 11:30:00-04:00,86.94499969482422,87.1050033569336,86.66000366210938,87.0999984741211,194905,0.0,0.0,0.0
2024-09-18 12:30:00-04:00,87.08999633789062,87.25499725341797,87.0,87.25499725341797,159735,0.0,0.0,0.0
2024-09-18 13:30:00-04:00,87.23999786376953,88.0199966430664,87.04000091552734,87.5999984741211,513886,0.0,0.0,0.0
2024-09-18 14:30:00-04:00,87.62000274658203,87.79000091552734,86.87999725341797,87.44999694824219,747867,0.0,0.0,0.0
2024-09-18 15:30:00-04:00,87.47000122070312,87.55999755859375,86.79000091552734,86.9000015258789,531827,0.0,0.0,0.0
2024-09-19 09:30:00-04:00,88.9800033569336,89.1500015258789,88.51000213623047,89.13999938964844,980479,0.0,0.0,0.0
2024-09-19 10:30:00-04:00,89.1449966430664,89.4000015258789,88.80999755859375,89.30999755859375,419819,0.0,0.0,0.0
2024-09-19 11:30:00-04:00,89.33000183105469,89.5,89.08999633789062,89.4749984741211,310053,0.0,0.0,0.0
2024-09-19 12:30:00-04:00,89.47000122070312,89.57499694824219,89.16000366210938,89.23999786376953,334947,0.0,0.0,0.0
2024-09-19 13:30:00-04:00,89.23999786376953,89.45950317382812,89.08000183105469,89.25,239031,0.0,0.0,0.0
2024-09-19 14:30:00-04:00,89.26000213623047,89.31500244140625,88.98999786376953,89.1050033569336,317749,0.0,0.0,0.0
2024-09-19 15:30:00-04:00,89.10420227050781,89.23999786376953,88.9800033569336,89.16999816894531,570133,0.0,0.0,0.0
2024-09-20 09:30:00-04:00,89.18000030517578,89.27999877929688,88.55999755859375,88.69999694824219,542923,0.0,0.0,0.0
2024-09-20 10:30:00-04:00,88.69999694824219,88.83999633789062,88.33000183105469,88.52999877929688,218680,0.0,0.0,0.0
2024-09-20 11:30:00-04:00,88.51000213623047,89.08999633789062,88.44000244140625,89.04000091552734,294540,0.0,0.0,0.0
2024-09-20 12:30:00-04:00,89.02999877929688,89.12999725341797,88.95999908447266,89.01499938964844,846187,0.0,0.0,0.0
2024-09-20 13:30:00-04:00,89.01000213623047,89.08000183105469,88.8499984741211,88.95999908447266,437550,0.0,0.0,0.0
2024-09-20 14:30:00-04:00,88.94999694824219,89.25499725341797,88.83000183105469,89.17500305175781,666119,0.0,0.0,0.0
2024-09-20 15:30:00-04:00,89.17500305175781,89.31500244140625,89.0999984741211,89.19999694824219,1564170,0.0,0.0,0.0
