Datetime,Open,High,Low,Close,Volume,Dividends,Stock Splits,Capital Gains
2022-10-31 09:30:00-04:00,25.260000228881836,25.260000228881836,25.260000228881836,25.260000228881836,0,0.0,0.0,0.0
2022-10-31 10:30:00-04:00,25.210100173950195,25.38990020751953,25.210100173950195,25.3799991607666,7941,0.0,0.0,0.0
2022-10-31 12:30:00-04:00,25.329999923706055,25.399999618530273,25.325000762939453,25.399999618530273,3191,0.0,0.0,0.0
2022-10-31 13:30:00-04:00,25.340099334716797,25.38249969482422,25.34000015258789,25.38249969482422,573,0.0,0.0,0.0
2022-10-31 14:30:00-04:00,25.409900665283203,25.40999984741211,25.409900665283203,25.40999984741211,568,0.0,0.0,0.0
2022-10-31 15:30:00-04:00,25.350000381469727,25.37809944152832,25.34000015258789,25.364999771118164,1375,0.0,0.0,0.0
2022-11-01 10:30:00-04:00,25.350000381469727,25.350000381469727,25.350000381469727,25.350000381469727,0,0.0,0.0,0.0
2022-11-01 11:30:00-04:00,25.25,25.260000228881836,25.25,25.260000228881836,2519,0.0,0.0,0.0
2022-11-01 12:30:00-04:00,25.229999542236328,25.306100845336914,25.229999542236328,25.299999237060547,1007,0.0,0.0,0.0
2022-11-01 13:30:00-04:00,25.34000015258789,25.34000015258789,25.33989906311035,25.33989906311035,561,0.0,0.0,0.0
2022-11-01 15:30:00-04:00,25.270000457763672,25.329999923706055,25.260000228881836,25.274799346923828,1774,0.0,0.0,0.0
2022-11-02 09:30:00-04:00,25.190000534057617,25.190000534057617,25.170000076293945,25.190000534057617,0,0.0,0.0,0.0
2022-11-02 10:30:00-04:00,25.150100708007812,25.18000030517578,25.149999618530273,25.149999618530273,1362,0.0,0.0,0.0
2022-11-02 12:30:00-04:00,25.16990089416504,25.16990089416504,25.16990089416504,25.16990089416504,1134,0.0,0.0,0.0
2022-11-02 13:30:00-04:00,25.270000457763672,25.270000457763672,25.270000457763672,25.270000457763672,161,0.0,0.0,0.0
2022-11-02 14:30:00-04:00,25.049999237060547,25.049999237060547,25.049999237060547,25.049999237060547,277,0.0,0.0,0.0
2022-11-02 15:30:00-04:00,24.81999969482422,24.8799991607666,24.793100357055664,24.793100357055664,7254,0.0,0.0,0.0
2022-11-03 09:30:00-04:00,24.5,24.5,24.440099716186523,24.5,0,0.0,0.0,0.0
2022-11-03 12:30:00-04:00,24.665000915527344,24.70989990234375,24.665000915527344,24.70989990234375,915,0.0,0.0,0.0
2022-11-03 14:30:00-04:00,24.6200008392334,24.68000030517578,24.54330062866211,24.54330062866211,2178,0.0,0.0,0.0
2022-11-04 09:30:00-04:00,24.75,24.75,24.727500915527344,24.727500915527344,0,0.0,0.0,0.0
2022-11-04 10:30:00-04:00,24.760000228881836,24.760000228881836,24.760000228881836,24.760000228881836,538,0.0,0.0,0.0
2022-11-04 12:30:00-04:00,24.6200008392334,24.6200008392334,24.56999969482422,24.56999969482422,231,0.0,0.0,0.0
2022-11-04 14:30:00-04:00,24.65999984741211,24.690000534057617,24.65999984741211,24.690000534057617,565,0.0,0.0,0.0
2022-11-04 15:30:00-04:00,24.823999404907227,24.86989974975586,24.769800186157227,24.769800186157227,19585,0.0,0.0,0.0
2022-11-07 09:30:00-05:00,24.8700008392334,24.959999084472656,24.8700008392334,24.959999084472656,0,0.0,0.0,0.0
2022-11-07 11:30:00-05:00,24.790000915527344,24.790000915527344,24.790000915527344,24.790000915527344,449,0.0,0.0,0.0
2022-11-07 14:30:00-05:00,25.057100296020508,25.109899520874023,25.057100296020508,25.109899520874023,627,0.0,0.0,0.0
2022-11-07 15:30:00-05:00,25.08989906311035,25.08989906311035,25.02429962158203,25.02429962158203,229,0.0,0.0,0.0
2022-11-08 10:30:00-05:00,25.190099716186523,25.25,25.190099716186523,25.249900817871094,0,0.0,0.0,0.0
2022-11-08 14:30:00-05:00,25.059999465942383,25.1200008392334,25.059999465942383,25.1200008392334,1039,0.0,0.0,0.0
2022-11-08 15:30:00-05:00,25.204999923706055,25.259899139404297,25.150100708007812,25.15850067138672,4991,0.0,0.0,0.0
2022-11-09 10:30:00-05:00,24.93000030517578,25.04990005493164,24.93000030517578,25.04990005493164,1024,0.0,0.0,0.0
2022-11-09 11:30:00-05:00,24.975000381469727,24.975000381469727,24.975000381469727,24.975000381469727,185,0.0,0.0,0.0
2022-11-09 12:30:00-05:00,24.889999389648438,24.969999313354492,24.889999389648438,24.920000076293945,5244,0.0,0.0,0.0
2022-11-09 13:30:00-05:00,24.790000915527344,24.790000915527344,24.790000915527344,24.790000915527344,162,0.0,0.0,0.0
2022-11-09 14:30:00-05:00,24.82990074157715,24.82990074157715,24.761999130249023,24.761999130249023,587,0.0,0.0,0.0
2022-11-09 15:30:00-05:00,24.849899291992188,24.849899291992188,24.66010093688965,24.677900314331055,4249,0.0,0.0,0.0
2022-11-10 09:30:00-05:00,25.459999084472656,25.639999389648438,25.459999084472656,25.594900131225586,0,0.0,0.0,0.0
2022-11-10 10:30:00-05:00,25.690000534057617,25.690000534057617,25.690000534057617,25.690000534057617,262,0.0,0.0,0.0
2022-11-10 11:30:00-05:00,25.684900283813477,25.739900588989258,25.684900283813477,25.729999542236328,676,0.0,0.0,0.0
2022-11-10 13:30:00-05:00,23.1200008392334,25.3799991607666,23.1200008392334,25.3799991607666,360,0.0,0.0,0.0
2022-11-10 14:30:00-05:00,25.58009910583496,25.649999618530273,25.58009910583496,25.649999618530273,2496,0.0,0.0,0.0
2022-11-10 15:30:00-05:00,25.680099487304688,25.815799713134766,25.680099487304688,25.815799713134766,159,0.0,0.0,0.0
2022-11-11 09:30:00-05:00,25.889999389648438,25.979999542236328,25.889999389648438,25.979999542236328,0,0.0,0.0,0.0
2022-11-11 11:30:00-05:00,25.940000534057617,25.940000534057617,25.84000015258789,25.8799991607666,1359,0.0,0.0,0.0
2022-11-11 12:30:00-05:00,25.91790008544922,25.91790008544922,25.91790008544922,25.91790008544922,197,0.0,0.0,0.0
2022-11-11 13:30:00-05:00,26.059999465942383,26.059999465942383,25.95009994506836,26.057899475097656,2673,0.0,0.0,0.0
2022-11-11 14:30:00-05:00,26.0,26.0,26.0,26.0,125,0.0,0.0,0.0
2022-11-11 15:30:00-05:00,26.010000228881836,26.0231990814209,25.960100173950195,26.0231990814209,497,0.0,0.0,0.0
2022-11-14 09:30:00-05:00,26.02989959716797,26.097999572753906,26.02989959716797,26.097999572753906,0,0.0,0.0,0.0
2022-11-14 11:30:00-05:00,26.08989906311035,26.08989906311035,25.969999313354492,25.969999313354492,467,0.0,0.0,0.0
2022-11-14 13:30:00-05:00,26.09000015258789,26.09000015258789,26.09000015258789,26.09000015258789,451,0.0,0.0,0.0
2022-11-14 15:30:00-05:00,25.979999542236328,25.979999542236328,25.893400192260742,25.893400192260742,288,0.0,0.0,0.0
2022-11-15 09:30:00-05:00,26.225000381469727,26.225000381469727,26.225000381469727,26.225000381469727,0,0.0,0.0,0.0
2022-11-15 13:30:00-05:00,25.979999542236328,25.979999542236328,25.83009910583496,25.915000915527344,2904,0.0,0.0,0.0
2022-11-15 14:30:00-05:00,25.961000442504883,25.961000442504883,25.961000442504883,25.961000442504883,104,0.0,0.0,0.0
2022-11-15 15:30:00-05:00,25.990100860595703,26.065000534057617,25.990100860595703,26.019500732421875,1153,0.0,0.0,0.0
2022-11-16 09:30:00-05:00,25.90999984741211,26.019899368286133,25.90999984741211,26.019899368286133,0,0.0,0.0,0.0
2022-11-16 13:30:00-05:00,25.97010040283203,25.97010040283203,25.97010040283203,25.97010040283203,382,0.0,0.0,0.0
2022-11-16 14:30:00-05:00,25.924999237060547,25.979999542236328,25.875,25.875,912,0.0,0.0,0.0
2022-11-16 15:30:00-05:00,25.943500518798828,25.943500518798828,25.829999923706055,25.90130043029785,721,0.0,0.0,0.0
2022-11-17 09:30:00-05:00,25.627399444580078,25.70989990234375,25.59000015258789,25.6560001373291,0,0.0,0.0,0.0
2022-11-17 12:30:00-05:00,25.829999923706055,25.829999923706055,25.829999923706055,25.829999923706055,201,0.0,0.0,0.0
2022-11-17 13:30:00-05:00,25.889999389648438,25.899999618530273,25.780000686645508,25.825000762939453,1713,0.0,0.0,0.0
2022-11-17 14:30:00-05:00,25.739999771118164,25.739999771118164,25.690000534057617,25.690000534057617,420,0.0,0.0,0.0
2022-11-17 15:30:00-05:00,25.67009925842285,25.808900833129883,25.67009925842285,25.808900833129883,378,0.0,0.0,0.0
2022-11-18 11:30:00-05:00,25.889999389648438,25.95989990234375,25.81999969482422,25.950000762939453,112,0.0,0.0,0.0
2022-11-18 13:30:00-05:00,25.829999923706055,25.93079948425293,25.81399917602539,25.93079948425293,1925,0.0,0.0,0.0
2022-11-18 14:30:00-05:00,25.929800033569336,25.929800033569336,25.90999984741211,25.90999984741211,295,0.0,0.0,0.0
2022-11-18 15:30:00-05:00,25.999900817871094,25.999900817871094,25.919099807739258,25.919099807739258,695,0.0,0.0,0.0
2022-11-21 09:30:00-05:00,25.820999145507812,25.820999145507812,25.799999237060547,25.799999237060547,0,0.0,0.0,0.0
2022-11-21 11:30:00-05:00,25.799999237060547,25.799999237060547,25.784000396728516,25.784000396728516,1395,0.0,0.0,0.0
2022-11-21 12:30:00-05:00,25.809999465942383,25.809999465942383,25.790000915527344,25.790000915527344,308,0.0,0.0,0.0
2022-11-21 13:30:00-05:00,25.969900131225586,25.989900588989258,25.84600067138672,25.989900588989258,1668,0.0,0.0,0.0
2022-11-21 14:30:00-05:00,25.800100326538086,25.949899673461914,25.800100326538086,25.829999923706055,1957,0.0,0.0,0.0
2022-11-21 15:30:00-05:00,25.81999969482422,25.895000457763672,25.81999969482422,25.892200469970703,552,0.0,0.0,0.0
2022-11-22 09:30:00-05:00,25.950000762939453,26.069900512695312,25.890100479125977,26.069900512695312,0,0.0,0.0,0.0
2022-11-22 11:30:00-05:00,26.030000686645508,26.075000762939453,26.000099182128906,26.030000686645508,3590,0.0,0.0,0.0
2022-11-22 15:30:00-05:00,26.174999237060547,26.18779945373535,26.174999237060547,26.18779945373535,613,0.0,0.0,0.0
2022-11-23 09:30:00-05:00,26.15999984741211,26.299999237060547,26.15999984741211,26.233999252319336,0,0.0,0.0,0.0
2022-11-23 10:30:00-05:00,26.309999465942383,26.3174991607666,26.25200080871582,26.25200080871582,2070,0.0,0.0,0.0
2022-11-23 12:30:00-05:00,26.200000762939453,26.2268009185791,26.170000076293945,26.2268009185791,725,0.0,0.0,0.0
2022-11-23 14:30:00-05:00,26.270000457763672,26.344200134277344,26.270000457763672,26.3257999420166,2631,0.0,0.0,0.0
2022-11-25 09:30:00-05:00,26.239999771118164,26.43400001525879,26.239999771118164,26.43400001525879,0,0.0,0.0,0.0
2022-11-28 09:30:00-05:00,26.33989906311035,26.33989906311035,26.219999313354492,26.229999542236328,70,0.0,0.0,0.0
2022-11-28 10:30:00-05:00,26.190099716186523,26.229900360107422,26.070100784301758,26.209999084472656,1623,0.0,0.0,0.0
2022-11-28 12:30:00-05:00,26.15999984741211,26.15999984741211,26.030099868774414,26.030099868774414,1358,0.0,0.0,0.0
2022-11-28 13:30:00-05:00,25.930099487304688,26.0,25.930099487304688,26.0,573,0.0,0.0,0.0
2022-11-28 14:30:00-05:00,26.0049991607666,26.0049991607666,26.004199981689453,26.004199981689453,331,0.0,0.0,0.0
2022-11-28 15:30:00-05:00,25.984100341796875,26.000699996948242,25.90999984741211,26.000699996948242,561,0.0,0.0,0.0
2022-11-29 09:30:00-05:00,26.087200164794922,26.087200164794922,26.087200164794922,26.087200164794922,0,0.0,0.0,0.0
2022-11-29 10:30:00-05:00,25.989999771118164,25.989999771118164,25.989999771118164,25.989999771118164,120,0.0,0.0,0.0
2022-11-29 12:30:00-05:00,25.927499771118164,26.010000228881836,25.927499771118164,26.010000228881836,3660,0.0,0.0,0.0
2022-11-29 13:30:00-05:00,25.88010025024414,26.0,25.88010025024414,25.99180030822754,1265,0.0,0.0,0.0
2022-11-29 14:30:00-05:00,25.8700008392334,25.95639991760254,25.8700008392334,25.899999618530273,1333,0.0,0.0,0.0
2022-11-29 15:30:00-05:00,26.020000457763672,26.030000686645508,25.96820068359375,26.020000457763672,640,0.0,0.0,0.0
2022-11-30 10:30:00-05:00,25.90999984741211,25.90999984741211,25.8700008392334,25.90999984741211,0,0.0,0.0,0.0
2022-11-30 11:30:00-05:00,25.875,25.875,25.875,25.875,207,0.0,0.0,0.0
2022-11-30 14:30:00-05:00,26.45989990234375,26.57990074157715,26.3700008392334,26.42009925842285,2763,0.0,0.0,0.0
2022-11-30 15:30:00-05:00,26.545000076293945,26.571500778198242,26.545000076293945,26.571500778198242,171,0.0,0.0,0.0
2022-12-01 09:30:00-05:00,26.610000610351562,26.719999313354492,26.56999969482422,26.56999969482422,396,0.0,0.0,0.0
2022-12-01 11:30:00-05:00,26.594999313354492,26.594999313354492,26.594999313354492,26.594999313354492,190,0.0,0.0,0.0
2022-12-01 13:30:00-05:00,26.54010009765625,26.64189910888672,26.54010009765625,26.610000610351562,698,0.0,0.0,0.0
2022-12-01 14:30:00-05:00,26.610000610351562,26.610000610351562,26.559999465942383,26.559999465942383,467,0.0,0.0,0.0
2022-12-01 15:30:00-05:00,26.635000228881836,26.657899856567383,26.559999465942383,26.559999465942383,1120,0.0,0.0,0.0
2022-12-02 09:30:00-05:00,26.340099334716797,26.479999542236328,26.340099334716797,26.340099334716797,0,0.0,0.0,0.0
2022-12-02 10:30:00-05:00,26.52989959716797,26.52989959716797,26.370100021362305,26.370100021362305,520,0.0,0.0,0.0
2022-12-02 11:30:00-05:00,26.520000457763672,26.541000366210938,26.520000457763672,26.541000366210938,610,0.0,0.0,0.0
2022-12-02 12:30:00-05:00,26.34000015258789,26.51799964904785,26.34000015258789,26.51799964904785,19043,0.0,0.0,0.0
2022-12-02 13:30:00-05:00,26.56999969482422,26.56999969482422,26.469999313354492,26.469999313354492,833,0.0,0.0,0.0
2022-12-02 14:30:00-05:00,26.709999084472656,26.709999084472656,26.709999084472656,26.709999084472656,185,0.0,0.0,0.0
2022-12-02 15:30:00-05:00,26.565000534057617,26.628000259399414,26.54759979248047,26.608699798583984,2223,0.0,0.0,0.0
2022-12-05 09:30:00-05:00,26.391000747680664,26.435400009155273,26.391000747680664,26.435400009155273,0,0.0,0.0,0.0
2022-12-05 10:30:00-05:00,26.43000030517578,26.43000030517578,26.3799991607666,26.3799991607666,26585,0.0,0.0,0.0
2022-12-05 12:30:00-05:00,26.290000915527344,26.34000015258789,26.27869987487793,26.27869987487793,18812,0.0,0.0,0.0
2022-12-05 14:30:00-05:00,26.200000762939453,26.200000762939453,26.200000762939453,26.200000762939453,217,0.0,0.0,0.0
2022-12-05 15:30:00-05:00,26.16349983215332,26.222999572753906,26.16349983215332,26.222999572753906,412,0.0,0.0,0.0
2022-12-06 09:30:00-05:00,26.204599380493164,26.204599380493164,26.024999618530273,26.100000381469727,0,0.0,0.0,0.0
2022-12-06 10:30:00-05:00,26.109899520874023,26.109899520874023,26.010000228881836,26.010000228881836,2297,0.0,0.0,0.0
2022-12-06 12:30:00-05:00,25.850000381469727,25.95989990234375,25.850000381469727,25.95989990234375,915,0.0,0.0,0.0
2022-12-06 13:30:00-05:00,25.84000015258789,25.84000015258789,25.760099411010742,25.790000915527344,1899,0.0,0.0,0.0
2022-12-06 14:30:00-05:00,25.8799991607666,25.8799991607666,25.8799991607666,25.8799991607666,764,0.0,0.0,0.0
2022-12-06 15:30:00-05:00,25.818899154663086,25.818899154663086,25.818899154663086,25.818899154663086,0,0.0,0.0,0.0
2022-12-07 09:30:00-05:00,25.91990089416504,25.91990089416504,25.79789924621582,25.79789924621582,445,0.0,0.0,0.0
2022-12-07 10:30:00-05:00,25.83009910583496,25.83009910583496,25.83009910583496,25.83009910583496,514,0.0,0.0,0.0
2022-12-07 11:30:00-05:00,25.780000686645508,25.899999618530273,25.780000686645508,25.899999618530273,505,0.0,0.0,0.0
2022-12-07 12:30:00-05:00,25.969900131225586,25.969900131225586,25.969900131225586,25.969900131225586,147,0.0,0.0,0.0
2022-12-07 13:30:00-05:00,25.825000762939453,25.825000762939453,25.825000762939453,25.825000762939453,130,0.0,0.0,0.0
2022-12-07 14:30:00-05:00,25.929899215698242,25.929899215698242,25.860000610351562,25.889999389648438,923,0.0,0.0,0.0
2022-12-07 15:30:00-05:00,25.809999465942383,25.854400634765625,25.809999465942383,25.854400634765625,303,0.0,0.0,0.0
2022-12-08 09:30:00-05:00,25.969999313354492,25.969999313354492,25.969999313354492,25.969999313354492,0,0.0,0.0,0.0
2022-12-08 10:30:00-05:00,25.959999084472656,26.025999069213867,25.959999084472656,26.025999069213867,2301,0.0,0.0,0.0
2022-12-08 12:30:00-05:00,25.959999084472656,25.9950008392334,25.959999084472656,25.9950008392334,627,0.0,0.0,0.0
2022-12-08 13:30:00-05:00,26.059999465942383,26.059999465942383,25.989999771118164,25.989999771118164,620,0.0,0.0,0.0
2022-12-08 14:30:00-05:00,25.954999923706055,25.979999542236328,25.954999923706055,25.979999542236328,1640,0.0,0.0,0.0
2022-12-08 15:30:00-05:00,26.01180076599121,26.01180076599121,25.920000076293945,25.978500366210938,1038,0.0,0.0,0.0
2022-12-09 09:30:00-05:00,25.960100173950195,26.03499984741211,25.960100173950195,26.03499984741211,0,0.0,0.0,0.0
2022-12-09 11:30:00-05:00,26.065000534057617,26.112199783325195,26.000099182128906,26.030099868774414,1227,0.0,0.0,0.0
2022-12-09 12:30:00-05:00,26.030000686645508,26.04990005493164,25.930099487304688,25.930099487304688,967,0.0,0.0,0.0
2022-12-09 13:30:00-05:00,26.02989959716797,26.02989959716797,26.02989959716797,26.02989959716797,269,0.0,0.0,0.0
2022-12-09 14:30:00-05:00,25.930099487304688,25.930099487304688,25.86440086364746,25.86440086364746,349,0.0,0.0,0.0
2022-12-12 09:30:00-05:00,25.899999618530273,25.97800064086914,25.899999618530273,25.97800064086914,0,0.0,0.0,0.0
2022-12-12 11:30:00-05:00,25.940000534057617,26.020000457763672,25.940000534057617,26.020000457763672,1399,0.0,0.0,0.0
2022-12-12 12:30:00-05:00,26.020000457763672,26.020000457763672,26.020000457763672,26.020000457763672,158,0.0,0.0,0.0
2022-12-12 13:30:00-05:00,25.9950008392334,26.0049991607666,25.93000030517578,26.0049991607666,1353,0.0,0.0,0.0
2022-12-12 15:30:00-05:00,26.09000015258789,26.153400421142578,26.09000015258789,26.153400421142578,2880,0.0,0.0,0.0
2022-12-13 09:30:00-05:00,26.729999542236328,26.739900588989258,26.639999389648438,26.639999389648438,0,0.0,0.0,0.0
2022-12-13 10:30:00-05:00,26.559900283813477,26.559900283813477,26.559900283813477,26.559900283813477,1230,0.0,0.0,0.0
2022-12-13 11:30:00-05:00,26.219999313354492,26.2539005279541,26.219999313354492,26.2539005279541,619,0.0,0.0,0.0
2022-12-13 12:30:00-05:00,26.270000457763672,26.290000915527344,26.270000457763672,26.280000686645508,9127,0.0,0.0,0.0
2022-12-13 13:30:00-05:00,26.31999969482422,26.31999969482422,26.31999969482422,26.31999969482422,430,0.0,0.0,0.0
2022-12-13 15:30:00-05:00,26.34000015258789,26.352100372314453,26.34000015258789,26.34000015258789,217,0.0,0.0,0.0
2022-12-14 10:30:00-05:00,26.459999084472656,26.549999237060547,26.42009925842285,26.549999237060547,0,0.0,0.0,0.0
2022-12-14 12:30:00-05:00,26.46500015258789,26.46500015258789,26.46500015258789,26.46500015258789,341,0.0,0.0,0.0
2022-12-14 13:30:00-05:00,26.530000686645508,26.530000686645508,26.52989959716797,26.52989959716797,886,0.0,0.0,0.0
2022-12-14 14:30:00-05:00,26.139999389648438,26.310100555419922,26.139999389648438,26.25309944152832,716,0.0,0.0,0.0
2022-12-15 09:30:00-05:00,25.81999969482422,25.81999969482422,25.63010025024414,25.674999237060547,0,0.0,0.0,0.0
2022-12-15 11:30:00-05:00,25.666000366210938,25.66990089416504,25.56999969482422,25.56999969482422,1704,0.0,0.0,0.0
2022-12-15 13:30:00-05:00,25.520000457763672,25.520000457763672,25.5,25.5,766,0.0,0.0,0.0
2022-12-15 14:30:00-05:00,25.59000015258789,25.760000228881836,25.559999465942383,25.760000228881836,1119,0.0,0.0,0.0
2022-12-15 15:30:00-05:00,25.760000228881836,25.760000228881836,25.62470054626465,25.62470054626465,487,0.0,0.0,0.0
2022-12-16 10:30:00-05:00,25.399900436401367,25.399900436401367,25.260099411010742,25.31999969482422,4112,0.0,0.0,0.0
2022-12-16 12:30:00-05:00,25.2450008392334,25.2450008392334,25.209999084472656,25.243900299072266,1704,0.0,0.0,0.0
2022-12-16 13:30:00-05:00,25.239999771118164,25.311199188232422,25.239999771118164,25.274999618530273,847,0.0,0.0,0.0
2022-12-16 14:30:00-05:00,25.350000381469727,25.439899444580078,25.310100555419922,25.439899444580078,1359,0.0,0.0,0.0
2022-12-19 09:30:00-05:00,25.22100067138672,25.375900268554688,25.22100067138672,25.375900268554688,0,0.0,0.0,0.0
2022-12-19 10:30:00-05:00,25.280000686645508,25.280000686645508,25.200000762939453,25.200000762939453,555,0.0,0.0,0.0
2022-12-19 12:30:00-05:00,25.319900512695312,25.319900512695312,25.319900512695312,25.319900512695312,346,0.0,0.0,0.0
2022-12-19 13:30:00-05:00,25.18000030517578,25.203699111938477,25.18000030517578,25.203699111938477,587,0.0,0.0,0.0
2022-12-19 14:30:00-05:00,25.17449951171875,25.181299209594727,25.09000015258789,25.181299209594727,3633,0.0,0.0,0.0
2022-12-20 09:30:00-05:00,25.079999923706055,25.18000030517578,25.079999923706055,25.1560001373291,0,0.0,0.0,0.0
2022-12-20 10:30:00-05:00,25.25,25.25,25.25,25.25,181,0.0,0.0,0.0
2022-12-20 11:30:00-05:00,25.139999389648438,25.139999389648438,25.124000549316406,25.124000549316406,1132,0.0,0.0,0.0
2022-12-20 12:30:00-05:00,25.21500015258789,25.21500015258789,25.21500015258789,25.21500015258789,194,0.0,0.0,0.0
2022-12-20 13:30:00-05:00,25.329999923706055,25.3700008392334,25.219999313354492,25.219999313354492,2481,0.0,0.0,0.0
2022-12-20 14:30:00-05:00,25.299999237060547,25.299999237060547,25.19499969482422,25.19499969482422,6488,0.0,0.0,0.0
2022-12-20 15:30:00-05:00,25.209999084472656,25.209999084472656,25.18000030517578,25.18560028076172,737,0.0,0.0,0.0
2022-12-21 09:30:00-05:00,25.33009910583496,25.467599868774414,25.33009910583496,25.467599868774414,0,0.0,0.0,0.0
2022-12-21 10:30:00-05:00,25.600000381469727,25.600000381469727,25.600000381469727,25.600000381469727,132,0.0,0.0,0.0
2022-12-21 11:30:00-05:00,25.5,25.56999969482422,25.469999313354492,25.56999969482422,3528,0.0,0.0,0.0
2022-12-21 12:30:00-05:00,25.6200008392334,25.6299991607666,25.588699340820312,25.588699340820312,426,0.0,0.0,0.0
2022-12-21 13:30:00-05:00,25.56529998779297,25.600000381469727,25.560100555419922,25.584999084472656,1694,0.0,0.0,0.0
2022-12-21 15:30:00-05:00,25.469999313354492,25.504899978637695,25.469999313354492,25.504899978637695,286,0.0,0.0,0.0
2022-12-22 09:30:00-05:00,25.309999465942383,25.309999465942383,25.125999450683594,25.125999450683594,0,0.0,0.0,0.0
2022-12-22 10:30:00-05:00,25.030099868774414,25.199899673461914,25.030099868774414,25.199899673461914,2040,0.0,0.0,0.0
2022-12-22 11:30:00-05:00,25.049999237060547,25.049999237060547,25.010000228881836,25.010000228881836,7236,0.0,0.0,0.0
2022-12-22 12:30:00-05:00,24.83009910583496,24.881500244140625,24.83009910583496,24.881500244140625,887,0.0,0.0,0.0
2022-12-22 13:30:00-05:00,24.899999618530273,24.940000534057617,24.899999618530273,24.940000534057617,2988,0.0,0.0,0.0
2022-12-22 14:30:00-05:00,25.18869972229004,25.20050048828125,25.090099334716797,25.20050048828125,833,0.0,0.0,0.0
2022-12-23 09:30:00-05:00,25.32990074157715,25.32990074157715,25.190099716186523,25.32990074157715,0,0.0,0.0,0.0
2022-12-23 11:30:00-05:00,25.323999404907227,25.323999404907227,25.323999404907227,25.323999404907227,522,0.0,0.0,0.0
2022-12-23 12:30:00-05:00,25.22010040283203,25.22010040283203,25.22010040283203,25.22010040283203,222,0.0,0.0,0.0
2022-12-23 13:30:00-05:00,25.309999465942383,25.324100494384766,25.309999465942383,25.309999465942383,671,0.0,0.0,0.0
2022-12-27 09:30:00-05:00,25.261199951171875,25.261199951171875,25.261199951171875,25.261199951171875,0,0.0,0.0,0.0
2022-12-27 10:30:00-05:00,25.290000915527344,25.290000915527344,25.290000915527344,25.290000915527344,138,0.0,0.0,0.0
2022-12-27 11:30:00-05:00,25.306299209594727,25.389999389648438,25.306299209594727,25.368000030517578,2131,0.0,0.0,0.0
2022-12-27 14:30:00-05:00,25.229999542236328,25.229999542236328,25.229999542236328,25.229999542236328,326,0.0,0.0,0.0
2022-12-27 15:30:00-05:00,25.286800384521484,25.286800384521484,25.254199981689453,25.254199981689453,0,0.0,0.0,0.0
2022-12-28 09:30:00-05:00,25.342599868774414,25.342599868774414,25.309999465942383,25.309999465942383,58695,0.0,0.0,0.0
2022-12-28 10:30:00-05:00,25.144500732421875,25.144500732421875,25.144500732421875,25.144500732421875,0,0.0,0.0,0.0
2022-12-28 11:30:00-05:00,25.0,25.0,25.0,25.0,59359,0.0,0.0,0.0
2022-12-28 13:30:00-05:00,25.170000076293945,25.170000076293945,25.060100555419922,25.139999389648438,4061,0.0,0.0,0.0
2022-12-28 14:30:00-05:00,25.127899169921875,25.149999618530273,24.950000762939453,24.950000762939453,3524,0.0,0.0,0.0
2022-12-28 15:30:00-05:00,25.01219940185547,25.01219940185547,24.98080062866211,24.98080062866211,0,0.0,0.0,0.0
2022-12-29 09:30:00-05:00,25.344999313354492,25.344999313354492,25.344999313354492,25.344999313354492,888,0.0,0.0,0.0
2022-12-29 11:30:00-05:00,25.334999084472656,25.428800582885742,25.334999084472656,25.424999237060547,7759,0.0,0.0,0.0
2022-12-29 12:30:00-05:00,25.440000534057617,25.440000534057617,25.3700008392334,25.395000457763672,857,0.0,0.0,0.0
2022-12-29 13:30:00-05:00,25.420000076293945,25.420000076293945,25.420000076293945,25.420000076293945,329,0.0,0.0,0.0
2022-12-29 14:30:00-05:00,25.440000534057617,25.45989990234375,25.349000930786133,25.349000930786133,5813,0.0,0.0,0.0
2022-12-29 15:30:00-05:00,25.43000030517578,25.43000030517578,25.360000610351562,25.3966007232666,2591,0.0,0.0,0.0
2022-12-30 09:30:00-05:00,25.299999237060547,25.299999237060547,25.15999984741211,25.180599212646484,0,0.0,0.0,0.0
2022-12-30 10:30:00-05:00,25.280000686645508,25.280000686645508,25.280000686645508,25.280000686645508,63505,0.0,0.0,0.0
2022-12-30 11:30:00-05:00,25.239999771118164,25.249900817871094,25.134000778198242,25.239999771118164,8099,0.0,0.0,0.0
2022-12-30 12:30:00-05:00,25.270000457763672,25.280000686645508,25.14889907836914,25.219999313354492,2718,0.0,0.0,0.0
2022-12-30 13:30:00-05:00,25.164499282836914,25.164499282836914,25.12339973449707,25.12339973449707,796,0.0,0.0,0.0
2022-12-30 14:30:00-05:00,25.170000076293945,25.18000030517578,25.114999771118164,25.114999771118164,1986,0.0,0.0,0.0
2022-12-30 15:30:00-05:00,25.19659996032715,25.32110023498535,25.19659996032715,25.300399780273438,9389,0.0,0.0,0.0
2023-01-03 09:30:00-05:00,25.5,25.5,25.139999389648438,25.190000534057617,0,0.0,0.0,0.0
2023-01-03 10:30:00-05:00,25.209999084472656,25.260000228881836,25.09000015258789,25.200000762939453,164215,0.0,0.0,0.0
2023-01-03 11:30:00-05:00,25.14430046081543,25.14430046081543,25.104999542236328,25.104999542236328,2713,0.0,0.0,0.0
2023-01-03 12:30:00-05:00,25.1299991607666,25.18899917602539,25.06170082092285,25.06170082092285,808,0.0,0.0,0.0
2023-01-03 13:30:00-05:00,25.159900665283203,25.200000762939453,25.159900665283203,25.15999984741211,2899,0.0,0.0,0.0
2023-01-03 14:30:00-05:00,25.18910026550293,25.18910026550293,25.18910026550293,25.18910026550293,300,0.0,0.0,0.0
2023-01-03 15:30:00-05:00,25.19890022277832,25.2450008392334,25.19890022277832,25.2367000579834,1231,0.0,0.0,0.0
2023-01-04 09:30:00-05:00,25.40999984741211,25.40999984741211,25.15999984741211,25.15999984741211,0,0.0,0.0,0.0
2023-01-04 10:30:00-05:00,25.239999771118164,25.280000686645508,25.239999771118164,25.279399871826172,961,0.0,0.0,0.0
2023-01-04 11:30:00-05:00,25.309999465942383,25.454299926757812,25.309999465942383,25.454299926757812,1808,0.0,0.0,0.0
2023-01-04 12:30:00-05:00,25.360000610351562,25.4468994140625,25.360000610351562,25.43000030517578,1274,0.0,0.0,0.0
2023-01-04 13:30:00-05:00,25.440000534057617,25.479999542236328,25.309999465942383,25.309999465942383,13034,0.0,0.0,0.0
2023-01-04 14:30:00-05:00,25.260000228881836,25.31999969482422,25.260000228881836,25.260000228881836,6594,0.0,0.0,0.0
2023-01-04 15:30:00-05:00,25.260000228881836,25.32990074157715,25.219999313354492,25.265100479125977,3859,0.0,0.0,0.0
2023-01-05 09:30:00-05:00,25.329999923706055,25.329999923706055,25.16010093688965,25.219999313354492,0,0.0,0.0,0.0
2023-01-05 10:30:00-05:00,25.149999618530273,25.22800064086914,25.149999618530273,25.22800064086914,4394,0.0,0.0,0.0
2023-01-05 11:30:00-05:00,25.18000030517578,25.209999084472656,25.12649917602539,25.12649917602539,9639,0.0,0.0,0.0
2023-01-05 12:30:00-05:00,25.208999633789062,25.209999084472656,25.155000686645508,25.20789909362793,7055,0.0,0.0,0.0
2023-01-05 13:30:00-05:00,25.239999771118164,25.270000457763672,25.239999771118164,25.239999771118164,2115,0.0,0.0,0.0
2023-01-05 14:30:00-05:00,25.180099487304688,25.239999771118164,25.180099487304688,25.239999771118164,6333,0.0,0.0,0.0
2023-01-05 15:30:00-05:00,25.209999084472656,25.209999084472656,25.100000381469727,25.1200008392334,3112,0.0,0.0,0.0
2023-01-06 09:30:00-05:00,25.389999389648438,25.389999389648438,25.270000457763672,25.270000457763672,0,0.0,0.0,0.0
2023-01-06 10:30:00-05:00,25.389999389648438,25.41550064086914,25.389999389648438,25.41550064086914,621,0.0,0.0,0.0
2023-01-06 11:30:00-05:00,25.5,25.5,25.5,25.5,9300,0.0,0.0,0.0
2023-01-06 12:30:00-05:00,25.489999771118164,25.489999771118164,25.489999771118164,25.489999771118164,1290,0.0,0.0,0.0
2023-01-06 13:30:00-05:00,25.52400016784668,25.54990005493164,25.459999084472656,25.520000457763672,7790,0.0,0.0,0.0
2023-01-06 14:30:00-05:00,25.58989906311035,25.58989906311035,25.55500030517578,25.55500030517578,1343,0.0,0.0,0.0
2023-01-06 15:30:00-05:00,25.559999465942383,25.559999465942383,25.520000457763672,25.520000457763672,422,0.0,0.0,0.0
2023-01-09 09:30:00-05:00,25.690000534057617,25.799999237060547,25.660200119018555,25.788999557495117,0,0.0,0.0,0.0
2023-01-09 10:30:00-05:00,25.74679946899414,25.81999969482422,25.74679946899414,25.762300491333008,1558,0.0,0.0,0.0
2023-01-09 11:30:00-05:00,25.82990074157715,25.82990074157715,25.770000457763672,25.81999969482422,4410,0.0,0.0,0.0
2023-01-09 12:30:00-05:00,25.790000915527344,25.799999237060547,25.700000762939453,25.77899932861328,2438,0.0,0.0,0.0
2023-01-09 13:30:00-05:00,25.739999771118164,25.739999771118164,25.664499282836914,25.664499282836914,682,0.0,0.0,0.0
2023-01-09 14:30:00-05:00,25.690000534057617,25.709999084472656,25.56999969482422,25.56999969482422,3832,0.0,0.0,0.0
2023-01-09 15:30:00-05:00,25.600000381469727,25.600000381469727,25.599899291992188,25.599899291992188,0,0.0,0.0,0.0
2023-01-10 09:30:00-05:00,25.63990020751953,25.63990020751953,25.56999969482422,25.56999969482422,2909,0.0,0.0,0.0
2023-01-10 10:30:00-05:00,25.549999237060547,25.549999237060547,25.549999237060547,25.549999237060547,926,0.0,0.0,0.0
2023-01-10 11:30:00-05:00,25.639999389648438,25.639999389648438,25.639999389648438,25.639999389648438,255,0.0,0.0,0.0
2023-01-10 12:30:00-05:00,25.604999542236328,25.639999389648438,25.59000015258789,25.6299991607666,1159,0.0,0.0,0.0
2023-01-10 13:30:00-05:00,25.670000076293945,25.719999313354492,25.649999618530273,25.674999237060547,1223,0.0,0.0,0.0
2023-01-10 14:30:00-05:00,25.713699340820312,25.714099884033203,25.649999618530273,25.714099884033203,1846,0.0,0.0,0.0
2023-01-11 09:30:00-05:00,25.78339958190918,25.815000534057617,25.760099411010742,25.815000534057617,0,0.0,0.0,0.0
2023-01-11 10:30:00-05:00,25.860000610351562,25.860000610351562,25.860000610351562,25.860000610351562,220,0.0,0.0,0.0
2023-01-11 12:30:00-05:00,25.844999313354492,25.844999313354492,25.81999969482422,25.81999969482422,1512,0.0,0.0,0.0
2023-01-11 13:30:00-05:00,25.920000076293945,25.920000076293945,25.920000076293945,25.920000076293945,482,0.0,0.0,0.0
2023-01-11 14:30:00-05:00,25.850099563598633,25.959999084472656,25.850099563598633,25.938499450683594,0,0.0,0.0,0.0
2023-01-12 09:30:00-05:00,25.969999313354492,25.989999771118164,25.889999389648438,25.950000762939453,40630,0.0,0.0,0.0
2023-01-12 10:30:00-05:00,26.049999237060547,26.059900283813477,25.969999313354492,25.969999313354492,1190,0.0,0.0,0.0
2023-01-12 11:30:00-05:00,25.969999313354492,25.969999313354492,25.969999313354492,25.969999313354492,100,0.0,0.0,0.0
2023-01-12 13:30:00-05:00,25.973100662231445,26.129899978637695,25.960100173950195,26.010000228881836,1466,0.0,0.0,0.0
2023-01-12 14:30:00-05:00,26.010000228881836,26.07990074157715,26.000099182128906,26.07990074157715,966,0.0,0.0,0.0
2023-01-12 15:30:00-05:00,25.989500045776367,26.013500213623047,25.960100173950195,26.013500213623047,1246,0.0,0.0,0.0
2023-01-13 09:30:00-05:00,25.93000030517578,25.93000030517578,25.93000030517578,25.93000030517578,0,0.0,0.0,0.0
2023-01-13 10:30:00-05:00,26.059999465942383,26.09000015258789,25.959999084472656,26.0,4845,0.0,0.0,0.0
2023-01-13 11:30:00-05:00,26.013900756835938,26.030000686645508,25.983999252319336,26.0,9327,0.0,0.0,0.0
2023-01-13 12:30:00-05:00,26.01650047302246,26.040000915527344,26.01650047302246,26.040000915527344,619,0.0,0.0,0.0
2023-01-13 13:30:00-05:00,26.014999389648438,26.1299991607666,26.014999389648438,26.1299991607666,1166,0.0,0.0,0.0
2023-01-13 15:30:00-05:00,26.09000015258789,26.126800537109375,26.09000015258789,26.126800537109375,100,0.0,0.0,0.0
2023-01-17 09:30:00-05:00,26.200000762939453,26.239900588989258,26.15169906616211,26.229999542236328,0,0.0,0.0,0.0
2023-01-17 10:30:00-05:00,26.084999084472656,26.084999084472656,26.084999084472656,26.084999084472656,185,0.0,0.0,0.0
2023-01-17 11:30:00-05:00,26.084999084472656,26.139999389648438,26.08009910583496,26.084999084472656,775,0.0,0.0,0.0
2023-01-17 13:30:00-05:00,26.139999389648438,26.139999389648438,26.139999389648438,26.139999389648438,448,0.0,0.0,0.0
2023-01-17 14:30:00-05:00,26.179899215698242,26.179899215698242,26.050100326538086,26.170000076293945,1008,0.0,0.0,0.0
2023-01-18 09:30:00-05:00,26.219999313354492,26.229999542236328,26.150100708007812,26.18000030517578,0,0.0,0.0,0.0
2023-01-18 10:30:00-05:00,26.100000381469727,26.100000381469727,26.100000381469727,26.100000381469727,833,0.0,0.0,0.0
2023-01-18 11:30:00-05:00,25.959999084472656,25.959999084472656,25.959999084472656,25.959999084472656,227,0.0,0.0,0.0
2023-01-18 12:30:00-05:00,25.915000915527344,25.915000915527344,25.915000915527344,25.915000915527344,170,0.0,0.0,0.0
2023-01-18 13:30:00-05:00,25.920900344848633,25.920900344848633,25.920900344848633,25.920900344848633,329,0.0,0.0,0.0
2023-01-18 14:30:00-05:00,26.0,26.0,25.886600494384766,25.886600494384766,547,0.0,0.0,0.0
2023-01-18 15:30:00-05:00,25.889999389648438,25.889999389648438,25.850900650024414,25.889999389648438,165,0.0,0.0,0.0
2023-01-19 09:30:00-05:00,25.770000457763672,25.790000915527344,25.690000534057617,25.790000915527344,0,0.0,0.0,0.0
2023-01-19 10:30:00-05:00,25.729999542236328,25.75,25.6299991607666,25.6299991607666,4296,0.0,0.0,0.0
2023-01-19 11:30:00-05:00,25.690000534057617,25.71500015258789,25.690000534057617,25.690000534057617,758,0.0,0.0,0.0
2023-01-19 12:30:00-05:00,25.738000869750977,25.738000869750977,25.738000869750977,25.738000869750977,900,0.0,0.0,0.0
2023-01-19 13:30:00-05:00,25.81999969482422,25.81999969482422,25.719999313354492,25.729999542236328,6138,0.0,0.0,0.0
2023-01-19 14:30:00-05:00,25.78499984741211,25.78499984741211,25.72949981689453,25.72949981689453,494,0.0,0.0,0.0
2023-01-20 09:30:00-05:00,25.75,25.81999969482422,25.72010040283203,25.75119972229004,0,0.0,0.0,0.0
2023-01-20 12:30:00-05:00,25.850099563598633,25.93000030517578,25.850099563598633,25.93000030517578,849,0.0,0.0,0.0
2023-01-20 13:30:00-05:00,25.894800186157227,25.944000244140625,25.894800186157227,25.91010093688965,1145,0.0,0.0,0.0
2023-01-20 14:30:00-05:00,25.940000534057617,26.010000228881836,25.92009925842285,26.010000228881836,1203,0.0,0.0,0.0
2023-01-20 15:30:00-05:00,26.059999465942383,26.100000381469727,26.012500762939453,26.05150032043457,1820,0.0,0.0,0.0
2023-01-23 09:30:00-05:00,26.149999618530273,26.263200759887695,26.149999618530273,26.263200759887695,0,0.0,0.0,0.0
2023-01-23 10:30:00-05:00,26.197900772094727,26.285999298095703,26.197900772094727,26.239999771118164,1678,0.0,0.0,0.0
2023-01-23 11:30:00-05:00,26.28420066833496,26.28420066833496,26.28420066833496,26.28420066833496,210,0.0,0.0,0.0
2023-01-23 12:30:00-05:00,26.309999465942383,26.389999389648438,26.309999465942383,26.389999389648438,930,0.0,0.0,0.0
2023-01-23 14:30:00-05:00,26.239999771118164,26.297199249267578,26.239999771118164,26.297199249267578,1267,0.0,0.0,0.0
2023-01-24 10:30:00-05:00,26.25,26.326000213623047,26.25,26.274999618530273,1006,0.0,0.0,0.0
2023-01-24 12:30:00-05:00,26.24690055847168,26.260000228881836,26.219999313354492,26.219999313354492,1178,0.0,0.0,0.0
2023-01-24 13:30:00-05:00,26.279800415039062,26.279800415039062,26.279800415039062,26.279800415039062,120,0.0,0.0,0.0
2023-01-24 14:30:00-05:00,26.219999313354492,26.295000076293945,26.219999313354492,26.270000457763672,1964,0.0,0.0,0.0
2023-01-24 15:30:00-05:00,26.2549991607666,26.279399871826172,26.2549991607666,26.279399871826172,0,0.0,0.0,0.0
2023-01-25 09:30:00-05:00,26.051000595092773,26.100000381469727,26.030000686645508,26.030000686645508,5962,0.0,0.0,0.0
2023-01-25 10:30:00-05:00,26.040000915527344,26.040000915527344,26.040000915527344,26.040000915527344,270,0.0,0.0,0.0
2023-01-25 11:30:00-05:00,26.135000228881836,26.135000228881836,26.135000228881836,26.135000228881836,519,0.0,0.0,0.0
2023-01-25 12:30:00-05:00,26.1299991607666,26.200000762939453,26.1299991607666,26.200000762939453,446,0.0,0.0,0.0
2023-01-25 13:30:00-05:00,26.239999771118164,26.31999969482422,26.212499618530273,26.31999969482422,3650,0.0,0.0,0.0
2023-01-25 14:30:00-05:00,26.290000915527344,26.34000015258789,26.270000457763672,26.329999923706055,2825,0.0,0.0,0.0
2023-01-25 15:30:00-05:00,26.360000610351562,26.360000610351562,26.264999389648438,26.329999923706055,1026,0.0,0.0,0.0
2023-01-26 09:30:00-05:00,26.420000076293945,26.420000076293945,26.360000610351562,26.360000610351562,0,0.0,0.0,0.0
2023-01-26 12:30:00-05:00,26.420000076293945,26.420000076293945,26.399999618530273,26.399999618530273,31975,0.0,0.0,0.0
2023-01-26 13:30:00-05:00,26.34000015258789,26.475200653076172,26.34000015258789,26.475200653076172,1278,0.0,0.0,0.0
2023-01-27 09:30:00-05:00,26.552400588989258,26.629899978637695,26.500699996948242,26.500699996948242,0,0.0,0.0,0.0
2023-01-27 10:30:00-05:00,26.469999313354492,26.469999313354492,26.469999313354492,26.469999313354492,327,0.0,0.0,0.0
2023-01-27 14:30:00-05:00,26.600000381469727,26.690000534057617,26.555999755859375,26.555999755859375,7009,0.0,0.0,0.0
2023-01-27 15:30:00-05:00,26.576900482177734,26.576900482177734,26.55929946899414,26.55929946899414,203,0.0,0.0,0.0
2023-01-30 09:30:00-05:00,26.479999542236328,26.479999542236328,26.390100479125977,26.43000030517578,0,0.0,0.0,0.0
2023-01-30 10:30:00-05:00,26.36009979248047,26.36009979248047,26.36009979248047,26.36009979248047,189,0.0,0.0,0.0
2023-01-30 11:30:00-05:00,26.399999618530273,26.450000762939453,26.399999618530273,26.450000762939453,513,0.0,0.0,0.0
2023-01-30 12:30:00-05:00,26.43000030517578,26.43000030517578,26.370100021362305,26.370100021362305,741,0.0,0.0,0.0
2023-01-30 13:30:00-05:00,26.38010025024414,26.43000030517578,26.38010025024414,26.43000030517578,1519,0.0,0.0,0.0
2023-01-30 14:30:00-05:00,26.350000381469727,26.399999618530273,26.34000015258789,26.341899871826172,2773,0.0,0.0,0.0
2023-01-31 09:30:00-05:00,26.360000610351562,26.440000534057617,26.329999923706055,26.329999923706055,0,0.0,0.0,0.0
2023-01-31 11:30:00-05:00,26.489999771118164,26.506000518798828,26.489999771118164,26.489999771118164,1032,0.0,0.0,0.0
2023-01-31 12:30:00-05:00,26.510000228881836,26.520000457763672,26.46500015258789,26.46500015258789,1372,0.0,0.0,0.0
2023-01-31 13:30:00-05:00,26.430500030517578,26.530000686645508,26.430500030517578,26.530000686645508,9632,0.0,0.0,0.0
2023-01-31 14:30:00-05:00,26.459999084472656,26.549999237060547,26.459999084472656,26.549999237060547,351,0.0,0.0,0.0
2023-01-31 15:30:00-05:00,26.600000381469727,26.600000381469727,26.566699981689453,26.566699981689453,200,0.0,0.0,0.0
2023-02-01 09:30:00-05:00,26.469999313354492,26.63990020751953,26.469999313354492,26.564199447631836,0,0.0,0.0,0.0
2023-02-01 10:30:00-05:00,26.540000915527344,26.600000381469727,26.540000915527344,26.549999237060547,3027,0.0,0.0,0.0
2023-02-01 11:30:00-05:00,26.56999969482422,26.579999923706055,26.490100860595703,26.56999969482422,2902,0.0,0.0,0.0
2023-02-01 12:30:00-05:00,26.56999969482422,26.56999969482422,26.510000228881836,26.510000228881836,1163,0.0,0.0,0.0
2023-02-01 13:30:00-05:00,26.6200008392334,26.787700653076172,26.59000015258789,26.787700653076172,7061,0.0,0.0,0.0
2023-02-02 09:30:00-05:00,26.920000076293945,26.940000534057617,26.840099334716797,26.940000534057617,0,0.0,0.0,0.0
2023-02-02 12:30:00-05:00,27.03499984741211,27.079999923706055,27.03499984741211,27.03529930114746,1967,0.0,0.0,0.0
2023-02-02 14:30:00-05:00,26.96500015258789,27.002599716186523,26.96500015258789,27.002599716186523,211,0.0,0.0,0.0
2023-02-03 09:30:00-05:00,26.885000228881836,26.885000228881836,26.86989974975586,26.86989974975586,0,0.0,0.0,0.0
2023-02-03 10:30:00-05:00,26.979999542236328,26.979999542236328,26.979999542236328,26.979999542236328,100,0.0,0.0,0.0
2023-02-03 12:30:00-05:00,27.02989959716797,27.02989959716797,26.950000762939453,27.020000457763672,3868,0.0,0.0,0.0
2023-02-03 13:30:00-05:00,26.860000610351562,26.860000610351562,26.860000610351562,26.860000610351562,256,0.0,0.0,0.0
2023-02-03 14:30:00-05:00,26.820100784301758,26.850000381469727,26.770999908447266,26.815000534057617,755,0.0,0.0,0.0
2023-02-03 15:30:00-05:00,26.81999969482422,26.860000610351562,26.81999969482422,26.84600067138672,290,0.0,0.0,0.0
2023-02-06 09:30:00-05:00,26.789899826049805,26.789899826049805,26.709999084472656,26.709999084472656,0,0.0,0.0,0.0
2023-02-06 10:30:00-05:00,26.670000076293945,26.789899826049805,26.66200065612793,26.789899826049805,2509,0.0,0.0,0.0
2023-02-06 11:30:00-05:00,26.760000228881836,26.770000457763672,26.760000228881836,26.770000457763672,515,0.0,0.0,0.0
2023-02-06 13:30:00-05:00,26.690099716186523,26.690099716186523,26.690099716186523,26.690099716186523,988,0.0,0.0,0.0
2023-02-06 14:30:00-05:00,26.780000686645508,26.788999557495117,26.780000686645508,26.780000686645508,517,0.0,0.0,0.0
2023-02-06 15:30:00-05:00,26.683900833129883,26.725500106811523,26.683900833129883,26.725500106811523,111,0.0,0.0,0.0
2023-02-07 09:30:00-05:00,26.684999465942383,26.75,26.684999465942383,26.75,0,0.0,0.0,0.0
2023-02-07 10:30:00-05:00,26.61009979248047,26.749900817871094,26.61009979248047,26.680299758911133,2393,0.0,0.0,0.0
2023-02-07 12:30:00-05:00,26.79010009765625,26.90999984741211,26.79010009765625,26.854999542236328,1374,0.0,0.0,0.0
2023-02-07 14:30:00-05:00,26.8700008392334,26.8700008392334,26.8700008392334,26.8700008392334,397,0.0,0.0,0.0
2023-02-07 15:30:00-05:00,26.90999984741211,27.030000686645508,26.90999984741211,26.963600158691406,364,0.0,0.0,0.0
2023-02-08 09:30:00-05:00,26.940000534057617,26.940000534057617,26.93000030517578,26.93000030517578,0,0.0,0.0,0.0
2023-02-08 10:30:00-05:00,26.860000610351562,26.86989974975586,26.799100875854492,26.860000610351562,3942,0.0,0.0,0.0
2023-02-08 11:30:00-05:00,26.809900283813477,26.809900283813477,26.809900283813477,26.809900283813477,304,0.0,0.0,0.0
2023-02-08 13:30:00-05:00,26.829999923706055,26.829999923706055,26.799999237060547,26.829999923706055,4778,0.0,0.0,0.0
2023-02-08 14:30:00-05:00,26.80900001525879,26.809999465942383,26.80900001525879,26.809999465942383,329,0.0,0.0,0.0
2023-02-08 15:30:00-05:00,26.734899520874023,26.74839973449707,26.71500015258789,26.74839973449707,1279,0.0,0.0,0.0
2023-02-09 09:30:00-05:00,26.860000610351562,26.860000610351562,26.860000610351562,26.860000610351562,0,0.0,0.0,0.0
2023-02-09 10:30:00-05:00,26.864999771118164,26.879899978637695,26.829999923706055,26.8700008392334,3801,0.0,0.0,0.0
2023-02-09 11:30:00-05:00,26.819900512695312,26.819900512695312,26.809999465942383,26.809999465942383,512,0.0,0.0,0.0
2023-02-09 12:30:00-05:00,26.704999923706055,26.704999923706055,26.68000030517578,26.68000030517578,1401,0.0,0.0,0.0
2023-02-09 13:30:00-05:00,26.709999084472656,26.760000228881836,26.63599967956543,26.670000076293945,1243,0.0,0.0,0.0
2023-02-09 14:30:00-05:00,26.698999404907227,26.700000762939453,26.698999404907227,26.700000762939453,1959,0.0,0.0,0.0
2023-02-09 15:30:00-05:00,26.635000228881836,26.642099380493164,26.600400924682617,26.605499267578125,0,0.0,0.0,0.0
2023-02-10 09:30:00-05:00,26.540000915527344,26.609899520874023,26.530000686645508,26.540000915527344,598,0.0,0.0,0.0
2023-02-10 10:30:00-05:00,26.6200008392334,26.6200008392334,26.510099411010742,26.510099411010742,338,0.0,0.0,0.0
2023-02-10 11:30:00-05:00,26.530000686645508,26.530000686645508,26.530000686645508,26.530000686645508,151,0.0,0.0,0.0
2023-02-10 13:30:00-05:00,26.570499420166016,26.6299991607666,26.570499420166016,26.6299991607666,501,0.0,0.0,0.0
2023-02-10 14:30:00-05:00,26.549999237060547,26.640399932861328,26.54829978942871,26.640399932861328,681,0.0,0.0,0.0
2023-02-13 09:30:00-05:00,26.700000762939453,26.76099967956543,26.670000076293945,26.700000762939453,0,0.0,0.0,0.0
2023-02-13 10:30:00-05:00,26.729999542236328,26.729999542236328,26.729999542236328,26.729999542236328,122,0.0,0.0,0.0
2023-02-13 11:30:00-05:00,26.83989906311035,26.84000015258789,26.760099411010742,26.84000015258789,6113,0.0,0.0,0.0
2023-02-13 12:30:00-05:00,26.780000686645508,26.780000686645508,26.773099899291992,26.773099899291992,516,0.0,0.0,0.0
2023-02-13 13:30:00-05:00,26.859899520874023,26.859899520874023,26.859899520874023,26.859899520874023,111,0.0,0.0,0.0
2023-02-13 14:30:00-05:00,26.829999923706055,26.829999923706055,26.760099411010742,26.829999923706055,1895,0.0,0.0,0.0
2023-02-13 15:30:00-05:00,26.80500030517578,26.84000015258789,26.80500030517578,26.819299697875977,1296,0.0,0.0,0.0
2023-02-14 09:30:00-05:00,26.892499923706055,26.95989990234375,26.889999389648438,26.95989990234375,0,0.0,0.0,0.0
2023-02-14 10:30:00-05:00,26.739999771118164,26.780000686645508,26.709999084472656,26.709999084472656,800,0.0,0.0,0.0
2023-02-14 11:30:00-05:00,26.690000534057617,26.690000534057617,26.640100479125977,26.672100067138672,3411,0.0,0.0,0.0
2023-02-14 14:30:00-05:00,26.860000610351562,26.889999389648438,26.850000381469727,26.889999389648438,1661,0.0,0.0,0.0
2023-02-14 15:30:00-05:00,26.889999389648438,26.889999389648438,26.850099563598633,26.889999389648438,1329,0.0,0.0,0.0
2023-02-15 10:30:00-05:00,26.745800018310547,26.749300003051758,26.74410057067871,26.74410057067871,0,0.0,0.0,0.0
2023-02-15 11:30:00-05:00,26.850000381469727,26.850000381469727,26.850000381469727,26.850000381469727,212,0.0,0.0,0.0
2023-02-15 12:30:00-05:00,26.782100677490234,26.84000015258789,26.782100677490234,26.84000015258789,1016,0.0,0.0,0.0
2023-02-15 14:30:00-05:00,26.90999984741211,26.90999984741211,26.83919906616211,26.83919906616211,370,0.0,0.0,0.0
2023-02-15 15:30:00-05:00,26.8617000579834,26.891199111938477,26.8617000579834,26.891199111938477,667,0.0,0.0,0.0
2023-02-16 10:30:00-05:00,26.733699798583984,26.733699798583984,26.733699798583984,26.733699798583984,0,0.0,0.0,0.0
2023-02-16 12:30:00-05:00,26.8700008392334,26.8700008392334,26.811500549316406,26.811500549316406,590,0.0,0.0,0.0
2023-02-16 13:30:00-05:00,26.850000381469727,26.850000381469727,26.850000381469727,26.850000381469727,774,0.0,0.0,0.0
2023-02-16 14:30:00-05:00,26.81999969482422,26.889999389648438,26.809999465942383,26.844999313354492,634,0.0,0.0,0.0
2023-02-16 15:30:00-05:00,26.510000228881836,26.67340087890625,26.510000228881836,26.67340087890625,494,0.0,0.0,0.0
2023-02-17 09:30:00-05:00,26.565000534057617,26.565000534057617,26.565000534057617,26.565000534057617,0,0.0,0.0,0.0
2023-02-17 10:30:00-05:00,26.500099182128906,26.576000213623047,26.5,26.5,2058,0.0,0.0,0.0
2023-02-17 11:30:00-05:00,26.490800857543945,26.540000915527344,26.490800857543945,26.540000915527344,974,0.0,0.0,0.0
2023-02-17 12:30:00-05:00,26.549999237060547,26.55900001525879,26.5,26.549999237060547,7202,0.0,0.0,0.0
2023-02-17 13:30:00-05:00,26.49880027770996,26.526599884033203,26.49880027770996,26.526599884033203,486,0.0,0.0,0.0
2023-02-17 14:30:00-05:00,26.59000015258789,26.59000015258789,26.575000762939453,26.575000762939453,1280,0.0,0.0,0.0
2023-02-17 15:30:00-05:00,26.639999389648438,26.65999984741211,26.639999389648438,26.65999984741211,569,0.0,0.0,0.0
2023-02-21 10:30:00-05:00,26.40999984741211,26.420000076293945,26.320100784301758,26.3700008392334,2957,0.0,0.0,0.0
2023-02-21 11:30:00-05:00,26.350000381469727,26.350000381469727,26.349899291992188,26.350000381469727,1576,0.0,0.0,0.0
2023-02-21 12:30:00-05:00,26.27680015563965,26.28059959411621,26.27680015563965,26.28059959411621,397,0.0,0.0,0.0
2023-02-21 14:30:00-05:00,26.30900001525879,26.30900001525879,26.240100860595703,26.240100860595703,556,0.0,0.0,0.0
2023-02-21 15:30:00-05:00,26.25,26.299999237060547,26.25,26.256200790405273,497,0.0,0.0,0.0
2023-02-22 09:30:00-05:00,26.239999771118164,26.239999771118164,26.239700317382812,26.239700317382812,0,0.0,0.0,0.0
2023-02-22 10:30:00-05:00,26.229999542236328,26.229999542236328,26.210100173950195,26.210100173950195,8177,0.0,0.0,0.0
2023-02-22 11:30:00-05:00,26.239999771118164,26.299999237060547,26.219999313354492,26.299999237060547,6709,0.0,0.0,0.0
2023-02-22 12:30:00-05:00,26.359899520874023,26.359899520874023,26.260000228881836,26.260000228881836,1182,0.0,0.0,0.0
2023-02-22 13:30:00-05:00,26.309999465942383,26.31999969482422,26.309999465942383,26.31999969482422,345,0.0,0.0,0.0
2023-02-22 15:30:00-05:00,26.219999313354492,26.219999313354492,26.170000076293945,26.20870018005371,607,0.0,0.0,0.0
2023-02-23 09:30:00-05:00,26.350000381469727,26.350000381469727,26.350000381469727,26.350000381469727,0,0.0,0.0,0.0
2023-02-23 10:30:00-05:00,26.3799991607666,26.399900436401367,26.300100326538086,26.399900436401367,3778,0.0,0.0,0.0
2023-02-23 11:30:00-05:00,26.190000534057617,26.190000534057617,26.116500854492188,26.120100021362305,1281,0.0,0.0,0.0
2023-02-23 12:30:00-05:00,26.200000762939453,26.21500015258789,26.200000762939453,26.21500015258789,482,0.0,0.0,0.0
2023-02-23 13:30:00-05:00,26.170000076293945,26.229999542236328,26.149599075317383,26.229999542236328,805,0.0,0.0,0.0
2023-02-23 14:30:00-05:00,26.324899673461914,26.33679962158203,26.324899673461914,26.33679962158203,237,0.0,0.0,0.0
2023-02-24 09:30:00-05:00,25.997299194335938,26.024999618530273,25.996400833129883,25.996400833129883,0,0.0,0.0,0.0
2023-02-24 10:30:00-05:00,26.020000457763672,26.06999969482422,26.010299682617188,26.010299682617188,3531,0.0,0.0,0.0
2023-02-24 12:30:00-05:00,26.02720069885254,26.11989974975586,26.020000457763672,26.020000457763672,1112,0.0,0.0,0.0
2023-02-24 13:30:00-05:00,26.138999938964844,26.138999938964844,26.138999938964844,26.138999938964844,356,0.0,0.0,0.0
2023-02-24 14:30:00-05:00,26.135099411010742,26.18000030517578,26.135099411010742,26.18000030517578,462,0.0,0.0,0.0
2023-02-24 15:30:00-05:00,26.1200008392334,26.128000259399414,26.1200008392334,26.12030029296875,686,0.0,0.0,0.0
2023-02-27 10:30:00-05:00,26.3700008392334,26.3700008392334,26.309999465942383,26.309999465942383,0,0.0,0.0,0.0
2023-02-27 11:30:00-05:00,26.239999771118164,26.25,26.184999465942383,26.190000534057617,2090,0.0,0.0,0.0
2023-02-27 12:30:00-05:00,26.235000610351562,26.288999557495117,26.212499618530273,26.288999557495117,734,0.0,0.0,0.0
2023-02-27 13:30:00-05:00,26.213300704956055,26.280000686645508,26.213300704956055,26.280000686645508,880,0.0,0.0,0.0
2023-02-27 15:30:00-05:00,26.15250015258789,26.190200805664062,26.15250015258789,26.15250015258789,226,0.0,0.0,0.0
2023-02-28 09:30:00-05:00,26.19499969482422,26.25,26.15999984741211,26.239999771118164,0,0.0,0.0,0.0
2023-02-28 11:30:00-05:00,26.18000030517578,26.18000030517578,26.18000030517578,26.18000030517578,119,0.0,0.0,0.0
2023-02-28 13:30:00-05:00,26.244699478149414,26.244699478149414,26.244699478149414,26.244699478149414,245,0.0,0.0,0.0
2023-02-28 14:30:00-05:00,26.25,26.260000228881836,26.1875,26.1875,1290,0.0,0.0,0.0
2023-03-01 09:30:00-05:00,26.15999984741211,26.15999984741211,26.054899215698242,26.054899215698242,0,0.0,0.0,0.0
2023-03-01 11:30:00-05:00,26.10420036315918,26.10420036315918,26.10420036315918,26.10420036315918,450,0.0,0.0,0.0
2023-03-01 12:30:00-05:00,26.08009910583496,26.139999389648438,26.08009910583496,26.125,343,0.0,0.0,0.0
2023-03-01 13:30:00-05:00,26.100000381469727,26.100000381469727,26.04509925842285,26.04509925842285,338,0.0,0.0,0.0
2023-03-01 14:30:00-05:00,25.979999542236328,26.059999465942383,25.979999542236328,26.059999465942383,1200,0.0,0.0,0.0
2023-03-01 15:30:00-05:00,26.110000610351562,26.110000610351562,26.045000076293945,26.07819938659668,945,0.0,0.0,0.0
2023-03-02 09:30:00-05:00,25.95009994506836,26.0,25.95009994506836,26.0,0,0.0,0.0,0.0
2023-03-02 10:30:00-05:00,26.010000228881836,26.030000686645508,26.010000228881836,26.030000686645508,384,0.0,0.0,0.0
2023-03-02 11:30:00-05:00,26.013599395751953,26.06999969482422,25.989999771118164,26.010000228881836,1032,0.0,0.0,0.0
2023-03-02 12:30:00-05:00,26.020000457763672,26.020000457763672,26.020000457763672,26.020000457763672,356,0.0,0.0,0.0
2023-03-02 13:30:00-05:00,26.09000015258789,26.200000762939453,26.06999969482422,26.200000762939453,747,0.0,0.0,0.0
2023-03-02 14:30:00-05:00,26.199899673461914,26.200000762939453,26.139999389648438,26.155000686645508,1512,0.0,0.0,0.0
2023-03-02 15:30:00-05:00,26.170000076293945,26.200000762939453,26.170000076293945,26.190000534057617,825,0.0,0.0,0.0
2023-03-03 09:30:00-05:00,26.270000457763672,26.309999465942383,26.270000457763672,26.270000457763672,0,0.0,0.0,0.0
2023-03-03 11:30:00-05:00,26.385000228881836,26.385000228881836,26.385000228881836,26.385000228881836,240,0.0,0.0,0.0
2023-03-03 12:30:00-05:00,26.414600372314453,26.469999313354492,26.414600372314453,26.469999313354492,1740,0.0,0.0,0.0
2023-03-03 13:30:00-05:00,26.440000534057617,26.440000534057617,26.440000534057617,26.440000534057617,458,0.0,0.0,0.0
2023-03-03 15:30:00-05:00,26.479999542236328,26.508499145507812,26.479999542236328,26.508499145507812,253,0.0,0.0,0.0
2023-03-06 09:30:00-05:00,26.679899215698242,26.679899215698242,26.600000381469727,26.600000381469727,0,0.0,0.0,0.0
2023-03-06 10:30:00-05:00,26.600099563598633,26.600099563598633,26.600099563598633,26.600099563598633,1088,0.0,0.0,0.0
2023-03-06 11:30:00-05:00,26.590099334716797,26.690000534057617,26.590099334716797,26.655000686645508,2004,0.0,0.0,0.0
2023-03-06 14:30:00-05:00,26.55500030517578,26.55500030517578,26.529699325561523,26.529699325561523,100,0.0,0.0,0.0
2023-03-07 09:30:00-05:00,26.549800872802734,26.549800872802734,26.330799102783203,26.399999618530273,0,0.0,0.0,0.0
2023-03-07 11:30:00-05:00,26.399999618530273,26.399999618530273,26.399999618530273,26.399999618530273,8882,0.0,0.0,0.0
2023-03-07 12:30:00-05:00,26.28190040588379,26.28190040588379,26.28190040588379,26.28190040588379,159,0.0,0.0,0.0
2023-03-07 13:30:00-05:00,26.27050018310547,26.27050018310547,26.27050018310547,26.27050018310547,5362,0.0,0.0,0.0
2023-03-07 14:30:00-05:00,26.216100692749023,26.225099563598633,26.216100692749023,26.21769905090332,326,0.0,0.0,0.0
2023-03-08 09:30:00-05:00,26.239900588989258,26.290000915527344,26.173999786376953,26.173999786376953,0,0.0,0.0,0.0
2023-03-08 12:30:00-05:00,26.21500015258789,26.239999771118164,26.21500015258789,26.239999771118164,549,0.0,0.0,0.0
2023-03-08 13:30:00-05:00,26.165000915527344,26.165000915527344,26.165000915527344,26.165000915527344,110,0.0,0.0,0.0
2023-03-08 14:30:00-05:00,26.204999923706055,26.204999923706055,26.204999923706055,26.204999923706055,687,0.0,0.0,0.0
2023-03-08 15:30:00-05:00,26.190000534057617,26.309999465942383,26.190000534057617,26.309999465942383,8385,0.0,0.0,0.0
2023-03-09 09:30:00-05:00,26.311599731445312,26.385000228881836,26.309999465942383,26.3799991607666,0,0.0,0.0,0.0
2023-03-09 11:30:00-05:00,26.25,26.329999923706055,26.25,26.329999923706055,1025,0.0,0.0,0.0
2023-03-09 12:30:00-05:00,26.229999542236328,26.229999542236328,26.225000381469727,26.225000381469727,492,0.0,0.0,0.0
2023-03-09 13:30:00-05:00,26.110000610351562,26.1299991607666,26.110000610351562,26.1299991607666,499,0.0,0.0,0.0
2023-03-09 14:30:00-05:00,25.980100631713867,25.980100631713867,25.899099349975586,25.899099349975586,2520,0.0,0.0,0.0
2023-03-09 15:30:00-05:00,25.979999542236328,26.010000228881836,25.921899795532227,25.921899795532227,325,0.0,0.0,0.0
2023-03-10 09:30:00-05:00,25.799999237060547,25.889999389648438,25.799999237060547,25.850000381469727,1422,0.0,0.0,0.0
2023-03-10 10:30:00-05:00,25.90999984741211,25.90999984741211,25.889999389648438,25.90999984741211,499,0.0,0.0,0.0
2023-03-10 11:30:00-05:00,25.954999923706055,25.954999923706055,25.899999618530273,25.899999618530273,255,0.0,0.0,0.0
2023-03-10 12:30:00-05:00,25.81999969482422,25.81999969482422,25.75,25.75,489,0.0,0.0,0.0
2023-03-10 13:30:00-05:00,25.600000381469727,25.600000381469727,25.510000228881836,25.510000228881836,1113,0.0,0.0,0.0
2023-03-10 14:30:00-05:00,25.700000762939453,25.75,25.670000076293945,25.670000076293945,3714,0.0,0.0,0.0
2023-03-10 15:30:00-05:00,25.59000015258789,25.670000076293945,25.530000686645508,25.670000076293945,2750,0.0,0.0,0.0
2023-03-13 09:30:00-04:00,25.459999084472656,25.610000610351562,25.40999984741211,25.610000610351562,0,0.0,0.0,0.0
2023-03-13 10:30:00-04:00,25.6200008392334,25.6200008392334,25.579999923706055,25.6200008392334,3286,0.0,0.0,0.0
2023-03-13 11:30:00-04:00,25.760000228881836,25.760000228881836,25.760000228881836,25.760000228881836,430,0.0,0.0,0.0
2023-03-13 13:30:00-04:00,25.729999542236328,25.780000686645508,25.729999542236328,25.74690055847168,1168,0.0,0.0,0.0
2023-03-13 14:30:00-04:00,25.829999923706055,25.850000381469727,25.729999542236328,25.729999542236328,6563,0.0,0.0,0.0
2023-03-13 15:30:00-04:00,25.684799194335938,25.770000457763672,25.65999984741211,25.66189956665039,2585,0.0,0.0,0.0
2023-03-14 09:30:00-04:00,25.92009925842285,25.92009925842285,25.92009925842285,25.92009925842285,0,0.0,0.0,0.0
2023-03-14 11:30:00-04:00,25.98870086669922,26.059999465942383,25.920000076293945,26.024999618530273,3803,0.0,0.0,0.0
2023-03-14 13:30:00-04:00,25.809999465942383,25.815000534057617,25.75,25.815000534057617,1475,0.0,0.0,0.0
2023-03-14 14:30:00-04:00,25.809999465942383,25.809999465942383,25.809999465942383,25.809999465942383,100,0.0,0.0,0.0
2023-03-14 15:30:00-04:00,25.829999923706055,25.876100540161133,25.829999923706055,25.876100540161133,619,0.0,0.0,0.0
2023-03-15 11:30:00-04:00,25.739999771118164,25.739999771118164,25.620100021362305,25.739999771118164,0,0.0,0.0,0.0
2023-03-15 12:30:00-04:00,25.559999465942383,25.559999465942383,25.559999465942383,25.559999465942383,190,0.0,0.0,0.0
2023-03-15 13:30:00-04:00,25.719999313354492,25.729999542236328,25.719999313354492,25.729999542236328,584,0.0,0.0,0.0
2023-03-15 14:30:00-04:00,25.787599563598633,25.787599563598633,25.754499435424805,25.754499435424805,133,0.0,0.0,0.0
2023-03-16 09:30:00-04:00,25.77989959716797,25.77989959716797,25.65999984741211,25.770000457763672,0,0.0,0.0,0.0
2023-03-16 11:30:00-04:00,25.95009994506836,25.95009994506836,25.95009994506836,25.95009994506836,441,0.0,0.0,0.0
2023-03-16 13:30:00-04:00,26.061199188232422,26.061199188232422,26.061199188232422,26.061199188232422,129,0.0,0.0,0.0
2023-03-16 14:30:00-04:00,26.084999084472656,26.11949920654297,26.0310001373291,26.110000610351562,1187,0.0,0.0,0.0
2023-03-16 15:30:00-04:00,26.030000686645508,26.14189910888672,26.030000686645508,26.14189910888672,319,0.0,0.0,0.0
2023-03-17 09:30:00-04:00,26.010000228881836,26.110000610351562,26.010000228881836,26.03059959411621,0,0.0,0.0,0.0
2023-03-17 12:30:00-04:00,25.93000030517578,25.979999542236328,25.93000030517578,25.96500015258789,819,0.0,0.0,0.0
2023-03-17 14:30:00-04:00,25.920000076293945,25.999900817871094,25.920000076293945,25.989999771118164,756,0.0,0.0,0.0
2023-03-17 15:30:00-04:00,25.935800552368164,25.953399658203125,25.935800552368164,25.953399658203125,138,0.0,0.0,0.0
2023-03-20 10:30:00-04:00,25.980100631713867,26.079999923706055,25.980100631713867,26.06999969482422,4781,0.0,0.0,0.0
2023-03-20 12:30:00-04:00,26.06999969482422,26.06999969482422,26.040000915527344,26.040000915527344,6037,0.0,0.0,0.0
2023-03-20 14:30:00-04:00,26.149900436401367,26.149900436401367,26.100000381469727,26.100000381469727,623,0.0,0.0,0.0
2023-03-20 15:30:00-04:00,26.06999969482422,26.1299991607666,26.06999969482422,26.1299991607666,661,0.0,0.0,0.0
2023-03-21 09:30:00-04:00,26.280000686645508,26.3700008392334,26.26099967956543,26.299999237060547,0,0.0,0.0,0.0
2023-03-21 10:30:00-04:00,26.25,26.25,26.25,26.25,1641,0.0,0.0,0.0
2023-03-21 11:30:00-04:00,26.200000762939453,26.270000457763672,26.18000030517578,26.270000457763672,939,0.0,0.0,0.0
2023-03-21 13:30:00-04:00,26.2549991607666,26.370100021362305,26.2549991607666,26.370100021362305,1385,0.0,0.0,0.0
2023-03-22 09:30:00-04:00,26.364999771118164,26.429899215698242,26.299999237060547,26.415000915527344,0,0.0,0.0,0.0
2023-03-22 10:30:00-04:00,26.364999771118164,26.386999130249023,26.364999771118164,26.386999130249023,945,0.0,0.0,0.0
2023-03-22 11:30:00-04:00,26.389999389648438,26.389999389648438,26.389999389648438,26.389999389648438,108,0.0,0.0,0.0
2023-03-22 12:30:00-04:00,26.30739974975586,26.3799991607666,26.30739974975586,26.3799991607666,637,0.0,0.0,0.0
2023-03-22 15:30:00-04:00,26.229999542236328,26.34000015258789,26.09749984741211,26.09749984741211,3185,0.0,0.0,0.0
2023-03-23 09:30:00-04:00,26.25469970703125,26.25469970703125,26.209999084472656,26.219999313354492,0,0.0,0.0,0.0
2023-03-23 10:30:00-04:00,26.420000076293945,26.43000030517578,26.420000076293945,26.420000076293945,348,0.0,0.0,0.0
2023-03-23 11:30:00-04:00,26.309999465942383,26.354999542236328,26.309999465942383,26.354999542236328,782,0.0,0.0,0.0
2023-03-23 12:30:00-04:00,26.248899459838867,26.248899459838867,26.18000030517578,26.18000030517578,556,0.0,0.0,0.0
2023-03-23 13:30:00-04:00,26.15999984741211,26.15999984741211,26.15999984741211,26.15999984741211,509,0.0,0.0,0.0
2023-03-23 14:30:00-04:00,26.00429916381836,26.124799728393555,26.0039005279541,26.124799728393555,500,0.0,0.0,0.0
2023-03-24 09:30:00-04:00,26.09000015258789,26.09000015258789,26.001300811767578,26.001300811767578,0,0.0,0.0,0.0
2023-03-24 10:30:00-04:00,25.9955997467041,26.010000228881836,25.92009925842285,26.010000228881836,1175,0.0,0.0,0.0
2023-03-24 12:30:00-04:00,26.16990089416504,26.16990089416504,26.06999969482422,26.139999389648438,2933,0.0,0.0,0.0
2023-03-24 13:30:00-04:00,26.179899215698242,26.190000534057617,26.110000610351562,26.110000610351562,1918,0.0,0.0,0.0
2023-03-24 14:30:00-04:00,26.249900817871094,26.249900817871094,26.203500747680664,26.249900817871094,784,0.0,0.0,0.0
2023-03-27 09:30:00-04:00,26.399900436401367,26.399900436401367,26.399900436401367,26.399900436401367,0,0.0,0.0,0.0
2023-03-27 11:30:00-04:00,26.219999313354492,26.219999313354492,26.209999084472656,26.209999084472656,200,0.0,0.0,0.0
2023-03-27 12:30:00-04:00,26.25040054321289,26.329999923706055,26.25040054321289,26.329999923706055,650,0.0,0.0,0.0
2023-03-27 13:30:00-04:00,26.230100631713867,26.334999084472656,26.229999542236328,26.290000915527344,2144,0.0,0.0,0.0
2023-03-27 14:30:00-04:00,26.379899978637695,26.379899978637695,26.260099411010742,26.260099411010742,354,0.0,0.0,0.0
2023-03-27 15:30:00-04:00,26.3799991607666,26.3799991607666,26.273000717163086,26.273000717163086,513,0.0,0.0,0.0
2023-03-28 09:30:00-04:00,26.27989959716797,26.280000686645508,26.225000381469727,26.280000686645508,0,0.0,0.0,0.0
2023-03-28 10:30:00-04:00,26.140100479125977,26.140100479125977,26.140100479125977,26.140100479125977,281,0.0,0.0,0.0
2023-03-28 11:30:00-04:00,26.225299835205078,26.225299835205078,26.225299835205078,26.225299835205078,288,0.0,0.0,0.0
2023-03-28 13:30:00-04:00,26.139999389648438,26.139999389648438,26.139999389648438,26.139999389648438,514,0.0,0.0,0.0
2023-03-28 14:30:00-04:00,26.139999389648438,26.249900817871094,26.1299991607666,26.239999771118164,1998,0.0,0.0,0.0
2023-03-28 15:30:00-04:00,26.170000076293945,26.223899841308594,26.170000076293945,26.223899841308594,340,0.0,0.0,0.0
2023-03-29 09:30:00-04:00,26.399999618530273,26.509899139404297,26.370100021362305,26.489999771118164,0,0.0,0.0,0.0
2023-03-29 10:30:00-04:00,26.347299575805664,26.347299575805664,26.34000015258789,26.34000015258789,901,0.0,0.0,0.0
2023-03-29 11:30:00-04:00,26.40999984741211,26.489999771118164,26.399999618530273,26.489999771118164,9582,0.0,0.0,0.0
2023-03-29 12:30:00-04:00,26.40999984741211,26.489999771118164,26.40999984741211,26.469999313354492,4493,0.0,0.0,0.0
2023-03-29 13:30:00-04:00,26.489900588989258,26.489999771118164,26.390100479125977,26.489999771118164,1028,0.0,0.0,0.0
2023-03-29 14:30:00-04:00,26.499000549316406,26.499000549316406,26.499000549316406,26.499000549316406,297,0.0,0.0,0.0
2023-03-29 15:30:00-04:00,26.54990005493164,26.549999237060547,26.49679946899414,26.513399124145508,3927,0.0,0.0,0.0
2023-03-30 09:30:00-04:00,26.604999542236328,26.670000076293945,26.560100555419922,26.670000076293945,0,0.0,0.0,0.0
2023-03-30 11:30:00-04:00,26.65999984741211,26.65999984741211,26.6299991607666,26.639999389648438,640,0.0,0.0,0.0
2023-03-30 12:30:00-04:00,26.520000457763672,26.600000381469727,26.510000228881836,26.600000381469727,813,0.0,0.0,0.0
2023-03-30 14:30:00-04:00,26.57939910888672,26.6299991607666,26.57939910888672,26.6299991607666,466,0.0,0.0,0.0
2023-03-30 15:30:00-04:00,26.604999542236328,26.615999221801758,26.604999542236328,26.615999221801758,221,0.0,0.0,0.0
2023-03-31 09:30:00-04:00,26.704999923706055,26.780000686645508,26.66200065612793,26.780000686645508,0,0.0,0.0,0.0
2023-03-31 10:30:00-04:00,26.700000762939453,26.780000686645508,26.690000534057617,26.780000686645508,1083,0.0,0.0,0.0
2023-03-31 11:30:00-04:00,26.774999618530273,26.78339958190918,26.774999618530273,26.78339958190918,628,0.0,0.0,0.0
2023-03-31 13:30:00-04:00,26.84000015258789,26.84000015258789,26.84000015258789,26.84000015258789,404,0.0,0.0,0.0
2023-03-31 14:30:00-04:00,26.795000076293945,26.795000076293945,26.770000457763672,26.770000457763672,473,0.0,0.0,0.0
2023-03-31 15:30:00-04:00,26.815000534057617,26.969999313354492,26.815000534057617,26.969999313354492,483,0.0,0.0,0.0
2023-04-03 09:30:00-04:00,26.989900588989258,26.989999771118164,26.93000030517578,26.989999771118164,0,0.0,0.0,0.0
2023-04-03 10:30:00-04:00,26.90999984741211,26.90999984741211,26.899900436401367,26.899900436401367,246,0.0,0.0,0.0
2023-04-03 13:30:00-04:00,26.885000228881836,26.885000228881836,26.850000381469727,26.850000381469727,325,0.0,0.0,0.0
2023-04-03 14:30:00-04:00,26.90999984741211,26.959999084472656,26.90999984741211,26.9596004486084,1850,0.0,0.0,0.0
2023-04-04 09:30:00-04:00,26.93000030517578,26.989999771118164,26.93000030517578,26.989999771118164,0,0.0,0.0,0.0
2023-04-04 10:30:00-04:00,26.799999237060547,26.799999237060547,26.799999237060547,26.799999237060547,294,0.0,0.0,0.0
2023-04-04 12:30:00-04:00,26.841899871826172,26.899999618530273,26.841899871826172,26.899999618530273,1192,0.0,0.0,0.0
2023-04-04 15:30:00-04:00,26.770099639892578,26.838499069213867,26.770099639892578,26.838499069213867,250,0.0,0.0,0.0
2023-04-05 09:30:00-04:00,26.780000686645508,26.780000686645508,26.780000686645508,26.780000686645508,11645,0.0,0.0,0.0
2023-04-05 10:30:00-04:00,26.759899139404297,26.759899139404297,26.729999542236328,26.739999771118164,1191,0.0,0.0,0.0
2023-04-05 12:30:00-04:00,26.700000762939453,26.790000915527344,26.700000762939453,26.790000915527344,517,0.0,0.0,0.0
2023-04-05 13:30:00-04:00,26.730100631713867,26.81999969482422,26.730100631713867,26.81999969482422,3103,0.0,0.0,0.0
2023-04-05 14:30:00-04:00,26.7549991607666,26.780000686645508,26.7549991607666,26.780000686645508,669,0.0,0.0,0.0
2023-04-05 15:30:00-04:00,26.829999923706055,26.84000015258789,26.778900146484375,26.79490089416504,2914,0.0,0.0,0.0
2023-04-06 09:30:00-04:00,26.740100860595703,26.799999237060547,26.740100860595703,26.799999237060547,0,0.0,0.0,0.0
2023-04-06 10:30:00-04:00,26.729999542236328,26.729999542236328,26.729999542236328,26.729999542236328,100,0.0,0.0,0.0
2023-04-06 11:30:00-04:00,26.799999237060547,26.809999465942383,26.770000457763672,26.809999465942383,497,0.0,0.0,0.0
2023-04-06 13:30:00-04:00,26.850000381469727,26.940000534057617,26.83009910583496,26.940000534057617,8408,0.0,0.0,0.0
2023-04-06 14:30:00-04:00,26.889999389648438,26.889999389648438,26.850000381469727,26.885000228881836,745,0.0,0.0,0.0
2023-04-06 15:30:00-04:00,26.878599166870117,26.890600204467773,26.850000381469727,26.890199661254883,837,0.0,0.0,0.0
2023-04-10 09:30:00-04:00,26.717899322509766,26.81999969482422,26.710100173950195,26.809999465942383,0,0.0,0.0,0.0
2023-04-10 10:30:00-04:00,26.802900314331055,26.829999923706055,26.802900314331055,26.829999923706055,1304,0.0,0.0,0.0
2023-04-10 11:30:00-04:00,26.859899520874023,26.859899520874023,26.760000228881836,26.760000228881836,790,0.0,0.0,0.0
2023-04-10 13:30:00-04:00,26.909000396728516,26.909000396728516,26.909000396728516,26.909000396728516,439,0.0,0.0,0.0
2023-04-10 14:30:00-04:00,26.841800689697266,26.8799991607666,26.841800689697266,26.8799991607666,642,0.0,0.0,0.0
2023-04-10 15:30:00-04:00,26.868799209594727,26.894699096679688,26.868799209594727,26.894699096679688,726,0.0,0.0,0.0
2023-04-11 09:30:00-04:00,26.969999313354492,26.969999313354492,26.877599716186523,26.877599716186523,0,0.0,0.0,0.0
2023-04-11 10:30:00-04:00,26.899999618530273,26.899999618530273,26.899999618530273,26.899999618530273,394,0.0,0.0,0.0
2023-04-11 11:30:00-04:00,26.8799991607666,26.969999313354492,26.8799991607666,26.908000946044922,696,0.0,0.0,0.0
2023-04-11 13:30:00-04:00,26.93000030517578,26.959999084472656,26.924999237060547,26.92799949645996,847,0.0,0.0,0.0
2023-04-11 14:30:00-04:00,26.93400001525879,27.020000457763672,26.920000076293945,27.010000228881836,5526,0.0,0.0,0.0
2023-04-11 15:30:00-04:00,26.920000076293945,26.920000076293945,26.912599563598633,26.912599563598633,100,0.0,0.0,0.0
2023-04-12 09:30:00-04:00,26.969999313354492,26.969999313354492,26.969999313354492,26.969999313354492,0,0.0,0.0,0.0
2023-04-12 10:30:00-04:00,26.90999984741211,26.920000076293945,26.864999771118164,26.864999771118164,2654,0.0,0.0,0.0
2023-04-12 12:30:00-04:00,26.941600799560547,27.0,26.941600799560547,26.984600067138672,2444,0.0,0.0,0.0
2023-04-12 14:30:00-04:00,26.850000381469727,26.940000534057617,26.850000381469727,26.860000610351562,967,0.0,0.0,0.0
2023-04-12 15:30:00-04:00,26.807600021362305,26.8700008392334,26.807600021362305,26.8700008392334,291,0.0,0.0,0.0
2023-04-13 10:30:00-04:00,26.940000534057617,26.969999313354492,26.940000534057617,26.969999313354492,2626,0.0,0.0,0.0
2023-04-13 11:30:00-04:00,26.934999465942383,26.934999465942383,26.934999465942383,26.934999465942383,100,0.0,0.0,0.0
2023-04-13 12:30:00-04:00,26.9950008392334,27.014999389648438,26.9950008392334,27.014999389648438,997,0.0,0.0,0.0
2023-04-13 13:30:00-04:00,27.037900924682617,27.037900924682617,27.037900924682617,27.037900924682617,207,0.0,0.0,0.0
2023-04-13 14:30:00-04:00,27.1200008392334,27.1200008392334,27.1200008392334,27.1200008392334,945,0.0,0.0,0.0
2023-04-13 15:30:00-04:00,27.04759979248047,27.078899383544922,27.020000457763672,27.078899383544922,2320,0.0,0.0,0.0
2023-04-14 09:30:00-04:00,27.010000228881836,27.079999923706055,27.010000228881836,27.079999923706055,0,0.0,0.0,0.0
2023-04-14 10:30:00-04:00,27.0,27.010000228881836,27.0,27.0,875,0.0,0.0,0.0
2023-04-14 11:30:00-04:00,27.045000076293945,27.049999237060547,26.959999084472656,26.959999084472656,1047,0.0,0.0,0.0
2023-04-14 13:30:00-04:00,26.969999313354492,27.009700775146484,26.969999313354492,26.969999313354492,4558,0.0,0.0,0.0
2023-04-14 14:30:00-04:00,26.989999771118164,27.06999969482422,26.989999771118164,27.058799743652344,490,0.0,0.0,0.0
2023-04-17 10:30:00-04:00,27.1200008392334,27.1200008392334,27.020000457763672,27.1200008392334,7217,0.0,0.0,0.0
2023-04-17 11:30:00-04:00,27.049999237060547,27.059999465942383,27.024999618530273,27.059999465942383,1920,0.0,0.0,0.0
2023-04-17 12:30:00-04:00,27.059999465942383,27.079999923706055,26.95009994506836,27.079999923706055,7166,0.0,0.0,0.0
2023-04-17 13:30:00-04:00,27.079999923706055,27.079999923706055,27.06999969482422,27.079999923706055,1000,0.0,0.0,0.0
2023-04-17 14:30:00-04:00,27.079999923706055,27.1299991607666,27.012100219726562,27.1299991607666,1285,0.0,0.0,0.0
2023-04-17 15:30:00-04:00,27.139999389648438,27.190000534057617,27.139999389648438,27.190000534057617,643,0.0,0.0,0.0
2023-04-18 09:30:00-04:00,27.139999389648438,27.15999984741211,27.132200241088867,27.149999618530273,0,0.0,0.0,0.0
2023-04-18 10:30:00-04:00,27.081499099731445,27.081499099731445,27.081499099731445,27.081499099731445,0,0.0,0.0,0.0
2023-04-18 11:30:00-04:00,27.15999984741211,27.15999984741211,27.15999984741211,27.15999984741211,1650,0.0,0.0,0.0
2023-04-18 12:30:00-04:00,27.1299991607666,27.139799118041992,27.1299991607666,27.1299991607666,2703,0.0,0.0,0.0
2023-04-18 13:30:00-04:00,27.122600555419922,27.122600555419922,27.122600555419922,27.122600555419922,213,0.0,0.0,0.0
2023-04-18 15:30:00-04:00,27.170000076293945,27.170000076293945,27.145099639892578,27.145099639892578,698,0.0,0.0,0.0
2023-04-19 09:30:00-04:00,27.1299991607666,27.1299991607666,27.1299991607666,27.1299991607666,0,0.0,0.0,0.0
2023-04-19 10:30:00-04:00,27.149999618530273,27.149999618530273,27.149999618530273,27.149999618530273,300,0.0,0.0,0.0
2023-04-19 11:30:00-04:00,27.149999618530273,27.170000076293945,27.059999465942383,27.06999969482422,643,0.0,0.0,0.0
2023-04-19 12:30:00-04:00,27.15999984741211,27.200000762939453,27.09000015258789,27.200000762939453,2428,0.0,0.0,0.0
2023-04-19 13:30:00-04:00,27.200000762939453,27.219999313354492,27.200000762939453,27.219999313354492,400,0.0,0.0,0.0
2023-04-19 14:30:00-04:00,27.219999313354492,27.219999313354492,27.149999618530273,27.20989990234375,776,0.0,0.0,0.0
2023-04-19 15:30:00-04:00,27.121400833129883,27.174999237060547,27.114999771118164,27.114999771118164,1767,0.0,0.0,0.0
2023-04-20 09:30:00-04:00,27.020000457763672,27.020000457763672,27.020000457763672,27.020000457763672,0,0.0,0.0,0.0
2023-04-20 10:30:00-04:00,27.073999404907227,27.099899291992188,27.041099548339844,27.041099548339844,2809,0.0,0.0,0.0
2023-04-20 12:30:00-04:00,27.07029914855957,27.110000610351562,27.07029914855957,27.110000610351562,7311,0.0,0.0,0.0
2023-04-20 13:30:00-04:00,27.04010009765625,27.1200008392334,27.04010009765625,27.1200008392334,253,0.0,0.0,0.0
2023-04-20 14:30:00-04:00,27.079999923706055,27.079999923706055,26.979999542236328,26.979999542236328,4486,0.0,0.0,0.0
2023-04-20 15:30:00-04:00,27.020000457763672,27.03420066833496,27.0,27.03420066833496,0,0.0,0.0,0.0
2023-04-21 09:30:00-04:00,27.110000610351562,27.110000610351562,27.040000915527344,27.040000915527344,841,0.0,0.0,0.0
2023-04-21 10:30:00-04:00,27.09000015258789,27.09000015258789,26.979999542236328,27.06999969482422,1118,0.0,0.0,0.0
2023-04-21 11:30:00-04:00,27.06999969482422,27.079999923706055,27.033300399780273,27.079999923706055,444,0.0,0.0,0.0
2023-04-21 12:30:00-04:00,27.09000015258789,27.110000610351562,27.09000015258789,27.100000381469727,590,0.0,0.0,0.0
2023-04-21 13:30:00-04:00,27.100000381469727,27.1299991607666,27.100000381469727,27.1299991607666,586,0.0,0.0,0.0
2023-04-21 14:30:00-04:00,27.1299991607666,27.1299991607666,27.030000686645508,27.030000686645508,1131,0.0,0.0,0.0
2023-04-21 15:30:00-04:00,27.09000015258789,27.09000015258789,27.048900604248047,27.048900604248047,0,0.0,0.0,0.0
2023-04-24 10:30:00-04:00,27.09000015258789,27.149900436401367,27.05500030517578,27.05500030517578,1314,0.0,0.0,0.0
2023-04-24 12:30:00-04:00,27.05900001525879,27.079999923706055,26.960100173950195,27.079999923706055,29494,0.0,0.0,0.0
2023-04-24 13:30:00-04:00,27.05500030517578,27.05500030517578,27.05500030517578,27.05500030517578,581,0.0,0.0,0.0
2023-04-24 14:30:00-04:00,27.110000610351562,27.1200008392334,27.065000534057617,27.1200008392334,0,0.0,0.0,0.0
2023-04-24 15:30:00-04:00,27.1200008392334,27.1200008392334,27.090200424194336,27.090200424194336,0,0.0,0.0,0.0
2023-04-25 09:30:00-04:00,26.940000534057617,27.0,26.940000534057617,27.0,0,0.0,0.0,0.0
2023-04-25 11:30:00-04:00,26.889999389648438,26.889999389648438,26.889999389648438,26.889999389648438,0,0.0,0.0,0.0
2023-04-25 13:30:00-04:00,26.86989974975586,26.86989974975586,26.86989974975586,26.86989974975586,0,0.0,0.0,0.0
2023-04-25 14:30:00-04:00,26.799999237060547,26.850000381469727,26.790000915527344,26.850000381469727,2784,0.0,0.0,0.0
2023-04-25 15:30:00-04:00,26.740100860595703,26.7898006439209,26.740100860595703,26.7898006439209,404,0.0,0.0,0.0
2023-04-26 09:30:00-04:00,26.719999313354492,26.719999313354492,26.719999313354492,26.719999313354492,0,0.0,0.0,0.0
2023-04-26 12:30:00-04:00,26.790000915527344,26.8799991607666,26.770099639892578,26.8700008392334,3104,0.0,0.0,0.0
2023-04-26 13:30:00-04:00,26.799999237060547,26.799999237060547,26.790000915527344,26.790000915527344,763,0.0,0.0,0.0
2023-04-26 15:30:00-04:00,26.729999542236328,26.729999542236328,26.670000076293945,26.68869972229004,735,0.0,0.0,0.0
2023-04-27 09:30:00-04:00,26.770000457763672,27.239999771118164,26.770000457763672,26.90999984741211,17891,0.0,0.0,0.0
2023-04-27 10:30:00-04:00,26.860000610351562,26.949899673461914,26.860000610351562,26.949899673461914,2663,0.0,0.0,0.0
2023-04-27 11:30:00-04:00,26.90999984741211,26.90999984741211,26.90999984741211,26.90999984741211,187,0.0,0.0,0.0
2023-04-27 12:30:00-04:00,26.979999542236328,26.979999542236328,26.979999542236328,26.979999542236328,1030,0.0,0.0,0.0
2023-04-27 14:30:00-04:00,27.059999465942383,27.09000015258789,27.059999465942383,27.09000015258789,367,0.0,0.0,0.0
2023-04-27 15:30:00-04:00,27.0802001953125,27.0802001953125,27.049999237060547,27.0802001953125,304,0.0,0.0,0.0
2023-04-28 09:30:00-04:00,27.091699600219727,27.219900131225586,27.091699600219727,27.204999923706055,0,0.0,0.0,0.0
2023-04-28 11:30:00-04:00,27.209999084472656,27.209999084472656,27.209999084472656,27.209999084472656,0,0.0,0.0,0.0
2023-04-28 12:30:00-04:00,27.219999313354492,27.219999313354492,27.219999313354492,27.219999313354492,3683,0.0,0.0,0.0
2023-04-28 14:30:00-04:00,27.139999389648438,27.139999389648438,27.139999389648438,27.139999389648438,191,0.0,0.0,0.0
2023-04-28 15:30:00-04:00,27.174999237060547,27.239999771118164,27.174999237060547,27.234800338745117,856,0.0,0.0,0.0
2023-05-01 10:30:00-04:00,27.25,27.308300018310547,27.25,27.308300018310547,0,0.0,0.0,0.0
2023-05-01 11:30:00-04:00,27.270000457763672,27.270000457763672,27.270000457763672,27.270000457763672,3025,0.0,0.0,0.0
2023-05-01 13:30:00-04:00,27.270000457763672,27.280000686645508,27.25,27.280000686645508,13182,0.0,0.0,0.0
2023-05-01 14:30:00-04:00,27.25,27.260000228881836,27.25,27.260000228881836,6738,0.0,0.0,0.0
2023-05-01 15:30:00-04:00,27.244600296020508,27.260000228881836,27.219999313354492,27.23200035095215,0,0.0,0.0,0.0
2023-05-02 09:30:00-04:00,27.229999542236328,27.229999542236328,27.040000915527344,27.059999465942383,4972,0.0,0.0,0.0
2023-05-02 10:30:00-04:00,26.979999542236328,26.979999542236328,26.84000015258789,26.8700008392334,405,0.0,0.0,0.0
2023-05-02 11:30:00-04:00,26.889999389648438,26.969900131225586,26.860000610351562,26.889999389648438,590,0.0,0.0,0.0
2023-05-02 12:30:00-04:00,26.90999984741211,27.010000228881836,26.90999984741211,26.959999084472656,765,0.0,0.0,0.0
2023-05-02 13:30:00-04:00,26.950000762939453,26.99720001220703,26.950000762939453,26.959999084472656,909,0.0,0.0,0.0
2023-05-02 14:30:00-04:00,26.969999313354492,27.06999969482422,26.969999313354492,27.03459930419922,0,0.0,0.0,0.0
2023-05-03 09:30:00-04:00,27.01799964904785,27.1299991607666,27.01799964904785,27.079999923706055,1331,0.0,0.0,0.0
2023-05-03 10:30:00-04:00,27.042699813842773,27.079999923706055,26.959999084472656,27.049999237060547,5750,0.0,0.0,0.0
2023-05-03 11:30:00-04:00,27.059999465942383,27.100000381469727,27.059999465942383,27.09000015258789,700,0.0,0.0,0.0
2023-05-03 12:30:00-04:00,27.110000610351562,27.1299991607666,27.049999237060547,27.1299991607666,1141,0.0,0.0,0.0
2023-05-03 14:30:00-04:00,27.079999923706055,27.079999923706055,27.079999923706055,27.079999923706055,0,0.0,0.0,0.0
2023-05-03 15:30:00-04:00,26.979900360107422,26.979900360107422,26.8700008392334,26.885499954223633,10944,0.0,0.0,0.0
2023-05-04 10:30:00-04:00,26.729999542236328,26.780399322509766,26.65999984741211,26.780399322509766,353,0.0,0.0,0.0
2023-05-04 12:30:00-04:00,26.7367000579834,26.850000381469727,26.7367000579834,26.850000381469727,915,0.0,0.0,0.0
2023-05-04 13:30:00-04:00,26.774999618530273,26.774999618530273,26.774999618530273,26.774999618530273,545,0.0,0.0,0.0
2023-05-04 14:30:00-04:00,26.724899291992188,26.725000381469727,26.724899291992188,26.725000381469727,608,0.0,0.0,0.0
2023-05-05 10:30:00-04:00,27.049999237060547,27.09000015258789,27.049999237060547,27.09000015258789,0,0.0,0.0,0.0
2023-05-05 12:30:00-04:00,27.030000686645508,27.06999969482422,27.00629997253418,27.06999969482422,3503,0.0,0.0,0.0
2023-05-05 13:30:00-04:00,27.079999923706055,27.079999923706055,27.079999923706055,27.079999923706055,115,0.0,0.0,0.0
2023-05-05 14:30:00-04:00,27.1200008392334,27.138900756835938,27.1200008392334,27.138900756835938,395,0.0,0.0,0.0
2023-05-05 15:30:00-04:00,27.094999313354492,27.170000076293945,27.094999313354492,27.100099563598633,0,0.0,0.0,0.0
2023-05-08 09:30:00-04:00,27.087200164794922,27.087200164794922,27.087200164794922,27.087200164794922,509,0.0,0.0,0.0
2023-05-08 12:30:00-04:00,27.1299991607666,27.1299991607666,27.1299991607666,27.1299991607666,286,0.0,0.0,0.0
2023-05-08 13:30:00-04:00,27.091699600219727,27.091699600219727,27.091699600219727,27.091699600219727,365,0.0,0.0,0.0
2023-05-08 15:30:00-04:00,27.06999969482422,27.119600296020508,27.06999969482422,27.119600296020508,0,0.0,0.0,0.0
2023-05-09 09:30:00-04:00,27.036399841308594,27.036399841308594,27.036399841308594,27.036399841308594,0,0.0,0.0,0.0
2023-05-09 10:30:00-04:00,27.02440071105957,27.02440071105957,27.02440071105957,27.02440071105957,0,0.0,0.0,0.0
2023-05-09 11:30:00-04:00,27.06999969482422,27.08989906311035,27.03499984741211,27.08989906311035,2958,0.0,0.0,0.0
2023-05-09 15:30:00-04:00,27.079999923706055,27.079999923706055,27.02989959716797,27.02989959716797,1329,0.0,0.0,0.0
2023-05-10 09:30:00-04:00,27.139999389648438,27.139999389648438,27.139999389648438,27.139999389648438,0,0.0,0.0,0.0
2023-05-10 10:30:00-04:00,27.1299991607666,27.139999389648438,27.079999923706055,27.079999923706055,0,0.0,0.0,0.0
2023-05-10 11:30:00-04:00,27.09000015258789,27.09000015258789,27.09000015258789,27.09000015258789,6732,0.0,0.0,0.0
2023-05-10 12:30:00-04:00,27.05500030517578,27.099899291992188,27.010099411010742,27.079999923706055,2856,0.0,0.0,0.0
2023-05-10 13:30:00-04:00,27.034500122070312,27.034500122070312,27.034500122070312,27.034500122070312,164,0.0,0.0,0.0
2023-05-10 14:30:00-04:00,27.09000015258789,27.15999984741211,27.09000015258789,27.15999984741211,0,0.0,0.0,0.0
2023-05-10 15:30:00-04:00,27.110000610351562,27.130300521850586,27.110000610351562,27.130300521850586,0,0.0,0.0,0.0
2023-05-11 09:30:00-04:00,27.0,27.068899154663086,26.975000381469727,26.979999542236328,2264,0.0,0.0,0.0
2023-05-11 10:30:00-04:00,26.934999465942383,27.045000076293945,26.934999465942383,27.045000076293945,906,0.0,0.0,0.0
2023-05-11 11:30:00-04:00,27.05500030517578,27.05500030517578,27.05500030517578,27.05500030517578,331,0.0,0.0,0.0
2023-05-11 12:30:00-04:00,27.065000534057617,27.065000534057617,27.065000534057617,27.065000534057617,0,0.0,0.0,0.0
2023-05-11 13:30:00-04:00,27.040000915527344,27.045000076293945,27.040000915527344,27.045000076293945,6092,0.0,0.0,0.0
2023-05-11 14:30:00-04:00,27.09000015258789,27.139999389648438,27.060100555419922,27.09469985961914,1110,0.0,0.0,0.0
2023-05-11 15:30:00-04:00,27.094900131225586,27.094999313354492,27.094900131225586,27.094900131225586,274,0.0,0.0,0.0
2023-05-12 09:30:00-04:00,27.155000686645508,27.155000686645508,27.155000686645508,27.155000686645508,0,0.0,0.0,0.0
2023-05-12 10:30:00-04:00,27.020099639892578,27.020099639892578,27.020099639892578,27.020099639892578,153,0.0,0.0,0.0
2023-05-12 11:30:00-04:00,27.020000457763672,27.020000457763672,27.020000457763672,27.020000457763672,136,0.0,0.0,0.0
2023-05-12 12:30:00-04:00,27.020000457763672,27.049999237060547,26.989999771118164,27.049999237060547,3805,0.0,0.0,0.0
2023-05-12 13:30:00-04:00,26.960100173950195,27.0049991607666,26.960100173950195,27.0049991607666,503,0.0,0.0,0.0
2023-05-12 14:30:00-04:00,27.02989959716797,27.02989959716797,27.02989959716797,27.02989959716797,170,0.0,0.0,0.0
2023-05-12 15:30:00-04:00,27.017499923706055,27.06529998779297,26.990100860595703,27.06529998779297,809,0.0,0.0,0.0
2023-05-15 10:30:00-04:00,27.049999237060547,27.05229949951172,27.049999237060547,27.05229949951172,689,0.0,0.0,0.0
2023-05-15 11:30:00-04:00,27.06999969482422,27.079999923706055,27.049999237060547,27.049999237060547,676,0.0,0.0,0.0
2023-05-15 12:30:00-04:00,27.139999389648438,27.139999389648438,27.1299991607666,27.13680076599121,1180,0.0,0.0,0.0
2023-05-15 13:30:00-04:00,27.100799560546875,27.11090087890625,27.09000015258789,27.11090087890625,723,0.0,0.0,0.0
2023-05-15 14:30:00-04:00,27.149999618530273,27.149999618530273,27.149999618530273,27.149999618530273,430,0.0,0.0,0.0
2023-05-15 15:30:00-04:00,27.110000610351562,27.189899444580078,27.100000381469727,27.110000610351562,1455,0.0,0.0,0.0
2023-05-16 09:30:00-04:00,27.059999465942383,27.079999923706055,27.059999465942383,27.07699966430664,0,0.0,0.0,0.0
2023-05-16 10:30:00-04:00,27.100000381469727,27.100000381469727,27.06329917907715,27.100000381469727,3068,0.0,0.0,0.0
2023-05-16 11:30:00-04:00,27.085899353027344,27.085899353027344,27.040000915527344,27.040000915527344,804,0.0,0.0,0.0
2023-05-16 13:30:00-04:00,27.05389976501465,27.05389976501465,27.05389976501465,27.05389976501465,306,0.0,0.0,0.0
2023-05-16 15:30:00-04:00,27.045000076293945,27.11989974975586,27.014999389648438,27.107999801635742,1296,0.0,0.0,0.0
2023-05-17 09:30:00-04:00,27.072500228881836,27.07670021057129,27.072500228881836,27.07670021057129,0,0.0,0.0,0.0
2023-05-17 11:30:00-04:00,27.110000610351562,27.110000610351562,27.079999923706055,27.079999923706055,4858,0.0,0.0,0.0
2023-05-17 12:30:00-04:00,27.229999542236328,27.229999542236328,27.229999542236328,27.229999542236328,375,0.0,0.0,0.0
2023-05-17 13:30:00-04:00,27.272600173950195,27.299999237060547,27.272600173950195,27.285999298095703,1962,0.0,0.0,0.0
2023-05-17 14:30:00-04:00,27.25,27.25,27.25,27.25,256,0.0,0.0,0.0
2023-05-17 15:30:00-04:00,27.229999542236328,27.280000686645508,27.229999542236328,27.255399703979492,0,0.0,0.0,0.0
2023-05-18 09:30:00-04:00,27.225000381469727,27.280000686645508,27.225000381469727,27.280000686645508,985,0.0,0.0,0.0
2023-05-18 11:30:00-04:00,27.352699279785156,27.352699279785156,27.280000686645508,27.280000686645508,3234,0.0,0.0,0.0
2023-05-18 12:30:00-04:00,27.360000610351562,27.360000610351562,27.360000610351562,27.360000610351562,339,0.0,0.0,0.0
2023-05-18 13:30:00-04:00,27.259700775146484,27.259700775146484,27.259700775146484,27.259700775146484,0,0.0,0.0,0.0
2023-05-18 14:30:00-04:00,27.31999969482422,27.31999969482422,27.31999969482422,27.31999969482422,5026,0.0,0.0,0.0
2023-05-18 15:30:00-04:00,27.372100830078125,27.469999313354492,27.350000381469727,27.469999313354492,0,0.0,0.0,0.0
2023-05-19 09:30:00-04:00,27.440000534057617,27.502500534057617,27.440000534057617,27.502500534057617,3073,0.0,0.0,0.0
2023-05-19 11:30:00-04:00,27.399999618530273,27.420000076293945,27.3700008392334,27.420000076293945,2042,0.0,0.0,0.0
2023-05-19 12:30:00-04:00,27.42799949645996,27.42799949645996,27.389999389648438,27.389999389648438,473,0.0,0.0,0.0
2023-05-19 13:30:00-04:00,27.402000427246094,27.43000030517578,27.402000427246094,27.43000030517578,745,0.0,0.0,0.0
2023-05-19 14:30:00-04:00,27.382099151611328,27.43000030517578,27.382099151611328,27.40999984741211,881,0.0,0.0,0.0
2023-05-19 15:30:00-04:00,27.450000762939453,27.450000762939453,27.3799991607666,27.437700271606445,0,0.0,0.0,0.0
2023-05-22 10:30:00-04:00,27.417299270629883,27.417299270629883,27.417299270629883,27.417299270629883,932,0.0,0.0,0.0
2023-05-22 11:30:00-04:00,27.40999984741211,27.40999984741211,27.399999618530273,27.40999984741211,907,0.0,0.0,0.0
2023-05-22 12:30:00-04:00,27.42799949645996,27.42799949645996,27.42799949645996,27.42799949645996,593,0.0,0.0,0.0
2023-05-22 13:30:00-04:00,27.489999771118164,27.489999771118164,27.434099197387695,27.434099197387695,0,0.0,0.0,0.0
2023-05-23 09:30:00-04:00,27.429000854492188,27.429000854492188,27.3351993560791,27.36750030517578,4025,0.0,0.0,0.0
2023-05-23 10:30:00-04:00,27.360000610351562,27.40999984741211,27.329999923706055,27.40999984741211,2539,0.0,0.0,0.0
2023-05-23 11:30:00-04:00,27.36680030822754,27.37779998779297,27.36680030822754,27.37779998779297,749,0.0,0.0,0.0
2023-05-23 12:30:00-04:00,27.280000686645508,27.280000686645508,27.270599365234375,27.270599365234375,0,0.0,0.0,0.0
2023-05-23 13:30:00-04:00,27.270000457763672,27.270000457763672,27.249900817871094,27.249900817871094,10236,0.0,0.0,0.0
2023-05-23 14:30:00-04:00,27.190799713134766,27.190799713134766,27.190799713134766,27.190799713134766,206,0.0,0.0,0.0
2023-05-23 15:30:00-04:00,27.219999313354492,27.219999313354492,27.204500198364258,27.204500198364258,450,0.0,0.0,0.0
2023-05-24 10:30:00-04:00,27.040000915527344,27.08989906311035,27.010000228881836,27.08989906311035,500,0.0,0.0,0.0
2023-05-24 11:30:00-04:00,27.0,27.08989906311035,26.989999771118164,27.08989906311035,2046,0.0,0.0,0.0
2023-05-24 12:30:00-04:00,27.040000915527344,27.040000915527344,26.979999542236328,26.979999542236328,1051,0.0,0.0,0.0
2023-05-24 14:30:00-04:00,27.06999969482422,27.100000381469727,27.051700592041016,27.100000381469727,651,0.0,0.0,0.0
2023-05-24 15:30:00-04:00,27.149999618530273,27.149999618530273,27.059900283813477,27.059900283813477,0,0.0,0.0,0.0
2023-05-25 10:30:00-04:00,27.190000534057617,27.229999542236328,27.166200637817383,27.229999542236328,1541,0.0,0.0,0.0
2023-05-25 12:30:00-04:00,27.196800231933594,27.200000762939453,27.18000030517578,27.200000762939453,1951,0.0,0.0,0.0
2023-05-25 14:30:00-04:00,27.228200912475586,27.270000457763672,27.190000534057617,27.22800064086914,2019,0.0,0.0,0.0
2023-05-26 09:30:00-04:00,27.352699279785156,27.417499542236328,27.350000381469727,27.417499542236328,0,0.0,0.0,0.0
2023-05-26 10:30:00-04:00,27.462499618530273,27.462499618530273,27.462499618530273,27.462499618530273,0,0.0,0.0,0.0
2023-05-26 11:30:00-04:00,27.42099952697754,27.470399856567383,27.420000076293945,27.451200485229492,3986,0.0,0.0,0.0
2023-05-26 13:30:00-04:00,27.451000213623047,27.451000213623047,27.440000534057617,27.450000762939453,3277,0.0,0.0,0.0
2023-05-26 14:30:00-04:00,27.489999771118164,27.51799964904785,27.489999771118164,27.51799964904785,286,0.0,0.0,0.0
2023-05-26 15:30:00-04:00,27.49489974975586,27.509899139404297,27.49489974975586,27.509899139404297,197,0.0,0.0,0.0
2023-05-30 09:30:00-04:00,27.594999313354492,27.594999313354492,27.565000534057617,27.565000534057617,0,0.0,0.0,0.0
2023-05-30 10:30:00-04:00,27.489999771118164,27.5226993560791,27.489999771118164,27.5226993560791,418,0.0,0.0,0.0
2023-05-30 12:30:00-04:00,27.479999542236328,27.54990005493164,27.479999542236328,27.54990005493164,0,0.0,0.0,0.0
2023-05-30 13:30:00-04:00,27.440000534057617,27.440000534057617,27.440000534057617,27.440000534057617,1866,0.0,0.0,0.0
2023-05-30 14:30:00-04:00,27.514999389648438,27.540000915527344,27.496200561523438,27.496200561523438,0,0.0,0.0,0.0
2023-05-31 09:30:00-04:00,27.389999389648438,27.389999389648438,27.31999969482422,27.31999969482422,796,0.0,0.0,0.0
2023-05-31 10:30:00-04:00,27.290000915527344,27.399900436401367,27.290000915527344,27.399900436401367,1964,0.0,0.0,0.0
2023-05-31 12:30:00-04:00,27.300100326538086,27.389999389648438,27.300100326538086,27.371000289916992,1379,0.0,0.0,0.0
2023-05-31 14:30:00-04:00,27.389999389648438,27.389999389648438,27.389999389648438,27.389999389648438,231,0.0,0.0,0.0
2023-05-31 15:30:00-04:00,27.440000534057617,27.440000534057617,27.385000228881836,27.440000534057617,683,0.0,0.0,0.0
2023-06-01 09:30:00-04:00,27.34000015258789,27.429899215698242,27.34000015258789,27.429899215698242,0,0.0,0.0,0.0
2023-06-01 10:30:00-04:00,27.43000030517578,27.504600524902344,27.43000030517578,27.504600524902344,0,0.0,0.0,0.0
2023-06-01 12:30:00-04:00,27.5846004486084,27.639999389648438,27.5846004486084,27.639999389648438,4346,0.0,0.0,0.0
2023-06-01 13:30:00-04:00,27.600000381469727,27.600000381469727,27.549999237060547,27.549999237060547,4906,0.0,0.0,0.0
2023-06-01 14:30:00-04:00,27.575000762939453,27.600000381469727,27.550600051879883,27.600000381469727,846928,0.0,0.0,0.0
2023-06-01 15:30:00-04:00,27.584999084472656,27.6299991607666,27.520000457763672,27.6299991607666,1552,0.0,0.0,0.0
2023-06-02 09:30:00-04:00,27.690000534057617,27.809900283813477,27.690000534057617,27.700000762939453,0,0.0,0.0,0.0
2023-06-02 12:30:00-04:00,27.860000610351562,27.860000610351562,27.860000610351562,27.860000610351562,643,0.0,0.0,0.0
2023-06-02 13:30:00-04:00,27.878000259399414,27.878000259399414,27.850000381469727,27.850000381469727,926,0.0,0.0,0.0
2023-06-02 14:30:00-04:00,27.8799991607666,27.8799991607666,27.8799991607666,27.8799991607666,893,0.0,0.0,0.0
2023-06-02 15:30:00-04:00,27.840099334716797,27.89780044555664,27.84000015258789,27.89780044555664,453,0.0,0.0,0.0
2023-06-05 09:30:00-04:00,27.850000381469727,27.857999801635742,27.84000015258789,27.84000015258789,0,0.0,0.0,0.0
2023-06-05 10:30:00-04:00,27.940000534057617,27.969900131225586,27.940000534057617,27.959999084472656,12682,0.0,0.0,0.0
2023-06-05 12:30:00-04:00,27.93000030517578,27.94499969482422,27.93000030517578,27.94499969482422,7071,0.0,0.0,0.0
2023-06-05 13:30:00-04:00,27.860000610351562,27.860000610351562,27.860000610351562,27.860000610351562,489,0.0,0.0,0.0
2023-06-05 14:30:00-04:00,27.88990020751953,27.88990020751953,27.83449935913086,27.83449935913086,640,0.0,0.0,0.0
2023-06-05 15:30:00-04:00,27.854999542236328,27.855100631713867,27.854999542236328,27.855100631713867,317,0.0,0.0,0.0
2023-06-06 09:30:00-04:00,27.84000015258789,27.84000015258789,27.82040023803711,27.82040023803711,0,0.0,0.0,0.0
2023-06-06 11:30:00-04:00,27.86009979248047,27.939899444580078,27.86009979248047,27.939899444580078,4624,0.0,0.0,0.0
2023-06-06 12:30:00-04:00,27.860000610351562,27.910999298095703,27.799999237060547,27.910999298095703,1011,0.0,0.0,0.0
2023-06-06 13:30:00-04:00,27.909000396728516,27.909000396728516,27.909000396728516,27.909000396728516,398,0.0,0.0,0.0
2023-06-06 15:30:00-04:00,27.923900604248047,27.923900604248047,27.923900604248047,27.923900604248047,0,0.0,0.0,0.0
2023-06-07 09:30:00-04:00,27.93000030517578,27.93000030517578,27.93000030517578,27.93000030517578,3549,0.0,0.0,0.0
2023-06-07 10:30:00-04:00,27.969999313354492,27.969999313354492,27.8700008392334,27.8700008392334,10358,0.0,0.0,0.0
2023-06-07 11:30:00-04:00,27.8700008392334,27.959999084472656,27.8700008392334,27.959999084472656,2327,0.0,0.0,0.0
2023-06-07 12:30:00-04:00,27.8700008392334,27.8700008392334,27.866500854492188,27.866500854492188,482,0.0,0.0,0.0
2023-06-07 14:30:00-04:00,27.899999618530273,27.920000076293945,27.83839988708496,27.83839988708496,3167,0.0,0.0,0.0
2023-06-08 09:30:00-04:00,27.832500457763672,27.844999313354492,27.79010009765625,27.79010009765625,0,0.0,0.0,0.0
2023-06-08 10:30:00-04:00,27.895999908447266,27.905000686645508,27.895999908447266,27.905000686645508,599,0.0,0.0,0.0
2023-06-08 11:30:00-04:00,27.915000915527344,27.915000915527344,27.908100128173828,27.908100128173828,2427,0.0,0.0,0.0
2023-06-08 12:30:00-04:00,27.90999984741211,28.0,27.900100708007812,27.989999771118164,17018,0.0,0.0,0.0
2023-06-08 13:30:00-04:00,27.899999618530273,27.952199935913086,27.899999618530273,27.952199935913086,405,0.0,0.0,0.0
2023-06-08 14:30:00-04:00,27.90999984741211,27.940000534057617,27.90999984741211,27.940000534057617,569,0.0,0.0,0.0
2023-06-08 15:30:00-04:00,27.97369956970215,28.010000228881836,27.97369956970215,27.97369956970215,215,0.0,0.0,0.0
2023-06-09 10:30:00-04:00,28.049999237060547,28.100000381469727,28.049999237060547,28.049999237060547,200,0.0,0.0,0.0
2023-06-09 12:30:00-04:00,27.994600296020508,28.04990005493164,27.959999084472656,28.04990005493164,1029,0.0,0.0,0.0
2023-06-09 14:30:00-04:00,28.040000915527344,28.040000915527344,28.00779914855957,28.020999908447266,277,0.0,0.0,0.0
2023-06-12 09:30:00-04:00,28.0,28.110000610351562,27.97100067138672,28.100000381469727,0,0.0,0.0,0.0
2023-06-12 10:30:00-04:00,28.100000381469727,28.100000381469727,28.100000381469727,28.100000381469727,0,0.0,0.0,0.0
2023-06-12 11:30:00-04:00,28.0310001373291,28.1200008392334,28.0310001373291,28.0310001373291,3407,0.0,0.0,0.0
2023-06-12 12:30:00-04:00,28.084999084472656,28.084999084472656,28.084999084472656,28.084999084472656,121,0.0,0.0,0.0
2023-06-12 14:30:00-04:00,28.209999084472656,28.219900131225586,28.180299758911133,28.180299758911133,796,0.0,0.0,0.0
2023-06-13 10:30:00-04:00,28.250999450683594,28.250999450683594,28.25,28.25,0,0.0,0.0,0.0
2023-06-13 11:30:00-04:00,28.360000610351562,28.360000610351562,28.360000610351562,28.360000610351562,293,0.0,0.0,0.0
2023-06-13 12:30:00-04:00,28.2810001373291,28.350000381469727,28.2810001373291,28.310300827026367,1451,0.0,0.0,0.0
2023-06-13 14:30:00-04:00,28.262100219726562,28.313899993896484,28.262100219726562,28.313899993896484,0,0.0,0.0,0.0
2023-06-14 09:30:00-04:00,28.3799991607666,28.3799991607666,28.32110023498535,28.342199325561523,939,0.0,0.0,0.0
2023-06-14 11:30:00-04:00,28.439899444580078,28.439899444580078,28.439899444580078,28.439899444580078,426,0.0,0.0,0.0
2023-06-14 12:30:00-04:00,28.389999389648438,28.389999389648438,28.389999389648438,28.389999389648438,247,0.0,0.0,0.0
2023-06-14 13:30:00-04:00,28.310100555419922,28.310100555419922,28.239999771118164,28.270000457763672,4692,0.0,0.0,0.0
2023-06-14 15:30:00-04:00,28.287700653076172,28.292699813842773,28.287700653076172,28.292699813842773,0,0.0,0.0,0.0
2023-06-15 10:30:00-04:00,28.3799991607666,28.450000762939453,28.3799991607666,28.450000762939453,804,0.0,0.0,0.0
2023-06-15 12:30:00-04:00,28.509000778198242,28.509000778198242,28.390100479125977,28.41990089416504,3532,0.0,0.0,0.0
2023-06-15 13:30:00-04:00,28.444000244140625,28.444000244140625,28.444000244140625,28.444000244140625,582,0.0,0.0,0.0
2023-06-15 14:30:00-04:00,28.579999923706055,28.579999923706055,28.500999450683594,28.55500030517578,8040,0.0,0.0,0.0
2023-06-15 15:30:00-04:00,28.600000381469727,28.600000381469727,28.479999542236328,28.490699768066406,0,0.0,0.0,0.0
2023-06-16 10:30:00-04:00,28.520000457763672,28.600000381469727,28.520000457763672,28.600000381469727,4144,0.0,0.0,0.0
2023-06-16 12:30:00-04:00,28.610000610351562,28.61199951171875,28.556800842285156,28.556800842285156,3761,0.0,0.0,0.0
2023-06-16 13:30:00-04:00,28.566099166870117,28.566099166870117,28.549999237060547,28.549999237060547,751,0.0,0.0,0.0
2023-06-16 14:30:00-04:00,28.490800857543945,28.490800857543945,28.489900588989258,28.489900588989258,392,0.0,0.0,0.0
2023-06-20 09:30:00-04:00,28.329999923706055,28.3700008392334,28.329999923706055,28.3700008392334,0,0.0,0.0,0.0
2023-06-20 10:30:00-04:00,28.350000381469727,28.350000381469727,28.288999557495117,28.288999557495117,1464,0.0,0.0,0.0
2023-06-20 11:30:00-04:00,28.3700008392334,28.3700008392334,28.3700008392334,28.3700008392334,236,0.0,0.0,0.0
2023-06-20 13:30:00-04:00,28.459999084472656,28.459999084472656,28.459999084472656,28.459999084472656,517,0.0,0.0,0.0
2023-06-20 14:30:00-04:00,28.3799991607666,28.459999084472656,28.3799991607666,28.459999084472656,1049,0.0,0.0,0.0
2023-06-20 15:30:00-04:00,28.444000244140625,28.444000244140625,28.405099868774414,28.405099868774414,116,0.0,0.0,0.0
2023-06-21 09:30:00-04:00,28.299999237060547,28.299999237060547,28.299999237060547,28.299999237060547,0,0.0,0.0,0.0
2023-06-21 10:30:00-04:00,28.291799545288086,28.329999923706055,28.29010009765625,28.29010009765625,1113,0.0,0.0,0.0
2023-06-21 11:30:00-04:00,28.334999084472656,28.334999084472656,28.299999237060547,28.299999237060547,1200,0.0,0.0,0.0
2023-06-21 12:30:00-04:00,28.349599838256836,28.349599838256836,28.309999465942383,28.309999465942383,507,0.0,0.0,0.0
2023-06-21 13:30:00-04:00,28.375,28.41900062561035,28.34000015258789,28.41900062561035,485,0.0,0.0,0.0
2023-06-21 15:30:00-04:00,28.34000015258789,28.34670066833496,28.29640007019043,28.34670066833496,2386,0.0,0.0,0.0
2023-06-22 09:30:00-04:00,28.219999313354492,28.219999313354492,28.219999313354492,28.219999313354492,0,0.0,0.0,0.0
2023-06-22 10:30:00-04:00,28.360000610351562,28.360000610351562,28.360000610351562,28.360000610351562,100,0.0,0.0,0.0
2023-06-22 11:30:00-04:00,28.309999465942383,28.31999969482422,28.309999465942383,28.31999969482422,962,0.0,0.0,0.0
2023-06-22 13:30:00-04:00,28.350000381469727,28.389999389648438,28.309999465942383,28.389999389648438,3221,0.0,0.0,0.0
2023-06-22 14:30:00-04:00,28.320100784301758,28.405500411987305,28.320100784301758,28.405500411987305,0,0.0,0.0,0.0
2023-06-23 11:30:00-04:00,28.350000381469727,28.350000381469727,28.291500091552734,28.291500091552734,886,0.0,0.0,0.0
2023-06-23 12:30:00-04:00,28.360000610351562,28.360000610351562,28.360000610351562,28.360000610351562,683,0.0,0.0,0.0
2023-06-23 13:30:00-04:00,28.297399520874023,28.297399520874023,28.297399520874023,28.297399520874023,131,0.0,0.0,0.0
2023-06-23 14:30:00-04:00,28.290000915527344,28.29840087890625,28.270000457763672,28.29840087890625,1402,0.0,0.0,0.0
2023-06-26 10:30:00-04:00,28.31999969482422,28.31999969482422,28.241600036621094,28.241600036621094,0,0.0,0.0,0.0
2023-06-26 12:30:00-04:00,28.209999084472656,28.209999084472656,28.209999084472656,28.209999084472656,158,0.0,0.0,0.0
2023-06-26 13:30:00-04:00,28.2362003326416,28.270000457763672,28.2362003326416,28.270000457763672,859,0.0,0.0,0.0
2023-06-26 15:30:00-04:00,28.295000076293945,28.295000076293945,28.219999313354492,28.219999313354492,167,0.0,0.0,0.0
2023-06-27 09:30:00-04:00,28.209999084472656,28.209999084472656,28.209999084472656,28.209999084472656,0,0.0,0.0,0.0
2023-06-27 12:30:00-04:00,28.40999984741211,28.40999984741211,28.40999984741211,28.40999984741211,680,0.0,0.0,0.0
2023-06-27 14:30:00-04:00,28.389999389648438,28.389999389648438,28.389999389648438,28.389999389648438,327,0.0,0.0,0.0
2023-06-27 15:30:00-04:00,28.479999542236328,28.479999542236328,28.445100784301758,28.445100784301758,0,0.0,0.0,0.0
2023-06-28 09:30:00-04:00,28.356000900268555,28.375,28.356000900268555,28.375,430,0.0,0.0,0.0
2023-06-28 10:30:00-04:00,28.36549949645996,28.36549949645996,28.36549949645996,28.36549949645996,1290,0.0,0.0,0.0
2023-06-28 11:30:00-04:00,28.389999389648438,28.40999984741211,28.389999389648438,28.40999984741211,351,0.0,0.0,0.0
2023-06-28 12:30:00-04:00,28.43000030517578,28.43000030517578,28.43000030517578,28.43000030517578,225,0.0,0.0,0.0
2023-06-28 14:30:00-04:00,28.360000610351562,28.450000762939453,28.360000610351562,28.450000762939453,660,0.0,0.0,0.0
2023-06-28 15:30:00-04:00,28.489999771118164,28.489999771118164,28.489999771118164,28.489999771118164,100,0.0,0.0,0.0
2023-06-29 09:30:00-04:00,28.42449951171875,28.42449951171875,28.399999618530273,28.420000076293945,0,0.0,0.0,0.0
2023-06-29 10:30:00-04:00,28.469999313354492,28.479999542236328,28.450000762939453,28.450000762939453,2104,0.0,0.0,0.0
2023-06-29 11:30:00-04:00,28.462900161743164,28.46500015258789,28.462900161743164,28.46500015258789,427,0.0,0.0,0.0
2023-06-29 13:30:00-04:00,28.5,28.530000686645508,28.459999084472656,28.459999084472656,860,0.0,0.0,0.0
2023-06-29 15:30:00-04:00,28.4950008392334,28.4950008392334,28.4950008392334,28.4950008392334,984,0.0,0.0,0.0
2023-06-30 10:30:00-04:00,28.68000030517578,28.68000030517578,28.66010093688965,28.66010093688965,583,0.0,0.0,0.0
2023-06-30 11:30:00-04:00,28.650100708007812,28.699899673461914,28.650100708007812,28.699899673461914,7581,0.0,0.0,0.0
2023-06-30 12:30:00-04:00,28.690000534057617,28.72800064086914,28.690000534057617,28.72800064086914,2770,0.0,0.0,0.0
2023-06-30 13:30:00-04:00,28.719999313354492,28.719999313354492,28.719999313354492,28.719999313354492,286852,0.0,0.0,0.0
2023-06-30 14:30:00-04:00,28.710100173950195,28.748899459838867,28.710100173950195,28.748899459838867,712097,0.0,0.0,0.0
2023-07-03 09:30:00-04:00,28.68000030517578,28.7450008392334,28.68000030517578,28.700000762939453,0,0.0,0.0,0.0
2023-07-03 10:30:00-04:00,28.754100799560547,28.76689910888672,28.754100799560547,28.76689910888672,3301,0.0,0.0,0.0
2023-07-05 09:30:00-04:00,28.610000610351562,28.610000610351562,28.610000610351562,28.610000610351562,0,0.0,0.0,0.0
2023-07-05 10:30:00-04:00,28.700000762939453,28.729999542236328,28.690000534057617,28.690000534057617,1547,0.0,0.0,0.0
2023-07-05 11:30:00-04:00,28.690099716186523,28.690099716186523,28.690099716186523,28.690099716186523,300,0.0,0.0,0.0
2023-07-05 12:30:00-04:00,28.690000534057617,28.690000534057617,28.690000534057617,28.690000534057617,738,0.0,0.0,0.0
2023-07-05 13:30:00-04:00,28.720300674438477,28.735000610351562,28.720300674438477,28.720300674438477,239,0.0,0.0,0.0
2023-07-06 12:30:00-04:00,28.489999771118164,28.522899627685547,28.489999771118164,28.522899627685547,497,0.0,0.0,0.0
2023-07-06 13:30:00-04:00,28.530000686645508,28.530000686645508,28.520000457763672,28.530000686645508,833,0.0,0.0,0.0
2023-07-06 15:30:00-04:00,28.549999237060547,28.579299926757812,28.549999237060547,28.579299926757812,0,0.0,0.0,0.0
2023-07-07 09:30:00-04:00,28.600000381469727,28.600000381469727,28.549999237060547,28.555700302124023,390,0.0,0.0,0.0
2023-07-10 09:30:00-04:00,28.559999465942383,28.559999465942383,28.559999465942383,28.559999465942383,459,0.0,0.0,0.0
2023-07-10 11:30:00-04:00,28.577199935913086,28.577199935913086,28.565000534057617,28.577199935913086,194,0.0,0.0,0.0
2023-07-11 10:30:00-04:00,28.62529945373535,28.62529945373535,28.62529945373535,28.62529945373535,898,0.0,0.0,0.0
2023-07-11 11:30:00-04:00,28.639999389648438,28.639999389648438,28.639999389648438,28.639999389648438,108,0.0,0.0,0.0
2023-07-11 12:30:00-04:00,28.670000076293945,28.68000030517578,28.670000076293945,28.68000030517578,0,0.0,0.0,0.0
2023-07-11 13:30:00-04:00,28.634000778198242,28.634000778198242,28.634000778198242,28.634000778198242,3322,0.0,0.0,0.0
2023-07-11 14:30:00-04:00,28.725900650024414,28.725900650024414,28.620100021362305,28.725900650024414,0,0.0,0.0,0.0
2023-07-12 09:30:00-04:00,28.889999389648438,28.889999389648438,28.889999389648438,28.889999389648438,124573,0.0,0.0,0.0
2023-07-12 10:30:00-04:00,28.950000762939453,28.950000762939453,28.950000762939453,28.950000762939453,450,0.0,0.0,0.0
2023-07-12 11:30:00-04:00,28.820999145507812,28.854000091552734,28.81999969482422,28.831199645996094,0,0.0,0.0,0.0
2023-07-12 14:30:00-04:00,28.850000381469727,28.850000381469727,28.850000381469727,28.850000381469727,126431,0.0,0.0,0.0
2023-07-12 15:30:00-04:00,28.89189910888672,28.89189910888672,28.89189910888672,28.89189910888672,294,0.0,0.0,0.0
2023-07-13 15:30:00-04:00,29.08989906311035,29.08989906311035,29.0310001373291,29.0310001373291,0,0.0,0.0,0.0
2023-07-14 11:30:00-04:00,29.06999969482422,29.06999969482422,28.990999221801758,28.999000549316406,0,0.0,0.0,0.0
2023-07-17 09:30:00-04:00,29.000099182128906,29.000099182128906,29.000099182128906,29.000099182128906,187,0.0,0.0,0.0
2023-07-17 14:30:00-04:00,29.093299865722656,29.093299865722656,29.077800750732422,29.093299865722656,2001,0.0,0.0,0.0
2023-07-18 09:30:00-04:00,29.09000015258789,29.09000015258789,29.09000015258789,29.09000015258789,0,0.0,0.0,0.0
2023-07-18 10:30:00-04:00,29.059999465942383,29.18000030517578,29.059999465942383,29.18000030517578,2492,0.0,0.0,0.0
2023-07-18 11:30:00-04:00,29.170000076293945,29.209999084472656,29.170000076293945,29.18000030517578,2900,0.0,0.0,0.0
2023-07-18 12:30:00-04:00,29.18000030517578,29.200700759887695,29.18000030517578,29.200700759887695,0,0.0,0.0,0.0
2023-07-19 12:30:00-04:00,29.17099952697754,29.17099952697754,29.17099952697754,29.17099952697754,217,0.0,0.0,0.0
2023-07-19 14:30:00-04:00,29.18000030517578,29.215200424194336,29.18000030517578,29.215200424194336,282,0.0,0.0,0.0
2023-07-20 09:30:00-04:00,29.100200653076172,29.100200653076172,29.100200653076172,29.100200653076172,0,0.0,0.0,0.0
2023-07-21 14:30:00-04:00,29.090099334716797,29.090099334716797,29.090099334716797,29.090099334716797,921,0.0,0.0,0.0
2023-07-21 15:30:00-04:00,29.1200008392334,29.126300811767578,29.1200008392334,29.126300811767578,103,0.0,0.0,0.0
2023-07-24 14:30:00-04:00,29.25,29.25,29.191499710083008,29.191499710083008,272,0.0,0.0,0.0
2023-07-25 09:30:00-04:00,29.2450008392334,29.2450008392334,29.21139907836914,29.21139907836914,0,0.0,0.0,0.0
2023-07-25 13:30:00-04:00,29.219999313354492,29.25480079650879,29.209999084472656,29.25480079650879,0,0.0,0.0,0.0
2023-07-26 15:30:00-04:00,29.22599983215332,29.22599983215332,29.22599983215332,29.22599983215332,40,0.0,0.0,0.0
2023-07-27 10:30:00-04:00,29.260000228881836,29.260000228881836,29.260000228881836,29.260000228881836,292,0.0,0.0,0.0
2023-07-27 11:30:00-04:00,29.299999237060547,29.299999237060547,29.299999237060547,29.299999237060547,0,0.0,0.0,0.0
2023-07-27 14:30:00-04:00,29.118000030517578,29.118000030517578,29.118000030517578,29.118000030517578,565,0.0,0.0,0.0
2023-07-28 12:30:00-04:00,29.360000610351562,29.360000610351562,29.360000610351562,29.360000610351562,0,0.0,0.0,0.0
2023-07-28 14:30:00-04:00,29.250099182128906,29.300100326538086,29.250099182128906,29.300100326538086,1173,0.0,0.0,0.0
2023-07-31 09:30:00-04:00,29.378999710083008,29.378999710083008,29.378999710083008,29.378999710083008,0,0.0,0.0,0.0
2023-07-31 10:30:00-04:00,29.270000457763672,29.270000457763672,29.270000457763672,29.270000457763672,1579,0.0,0.0,0.0
2023-07-31 12:30:00-04:00,29.291099548339844,29.295799255371094,29.291099548339844,29.295799255371094,0,0.0,0.0,0.0
2023-08-01 09:30:00-04:00,29.229999542236328,29.229999542236328,29.229999542236328,29.229999542236328,6894,0.0,0.0,0.0
2023-08-01 10:30:00-04:00,29.219999313354492,29.24679946899414,29.219999313354492,29.24679946899414,1088,0.0,0.0,0.0
2023-08-01 11:30:00-04:00,29.239999771118164,29.239999771118164,29.239999771118164,29.239999771118164,2626,0.0,0.0,0.0
2023-08-01 12:30:00-04:00,29.263700485229492,29.263700485229492,29.263700485229492,29.263700485229492,206,0.0,0.0,0.0
2023-08-01 13:30:00-04:00,29.25,29.286800384521484,29.25,29.286800384521484,11228,0.0,0.0,0.0
2023-08-01 14:30:00-04:00,29.25,29.269800186157227,29.25,29.269800186157227,0,0.0,0.0,0.0
2023-08-02 09:30:00-04:00,29.190000534057617,29.190000534057617,29.190000534057617,29.190000534057617,199,0.0,0.0,0.0
2023-08-02 10:30:00-04:00,29.010000228881836,29.02910041809082,29.010000228881836,29.02910041809082,294,0.0,0.0,0.0
2023-08-03 09:30:00-04:00,29.0,29.0,28.850000381469727,28.8799991607666,5559,0.0,0.0,0.0
2023-08-03 10:30:00-04:00,29.002399444580078,29.002399444580078,29.002399444580078,29.002399444580078,0,0.0,0.0,0.0
2023-08-04 09:30:00-04:00,28.979999542236328,28.979999542236328,28.979999542236328,28.979999542236328,100,0.0,0.0,0.0
2023-08-04 10:30:00-04:00,29.059999465942383,29.059999465942383,29.059999465942383,29.059999465942383,175,0.0,0.0,0.0
2023-08-04 12:30:00-04:00,29.1200008392334,29.1200008392334,29.1200008392334,29.1200008392334,100,0.0,0.0,0.0
2023-08-04 13:30:00-04:00,29.09000015258789,29.09000015258789,28.90169906616211,28.90169906616211,200,0.0,0.0,0.0
2023-08-08 09:30:00-04:00,28.972400665283203,28.972400665283203,28.972400665283203,28.972400665283203,2068,0.0,0.0,0.0
2023-08-08 11:30:00-04:00,28.81999969482422,28.855199813842773,28.81999969482422,28.855199813842773,667,0.0,0.0,0.0
2023-08-08 12:30:00-04:00,29.019100189208984,29.019100189208984,28.889999389648438,28.889999389648438,371,0.0,0.0,0.0
2023-08-10 13:30:00-04:00,28.89900016784668,28.89900016784668,28.89900016784668,28.89900016784668,0,0.0,0.0,0.0
2023-08-11 09:30:00-04:00,28.809999465942383,28.809999465942383,28.799999237060547,28.799999237060547,1115,0.0,0.0,0.0
2023-08-11 10:30:00-04:00,28.940000534057617,28.940000534057617,28.940000534057617,28.940000534057617,402,0.0,0.0,0.0
2023-08-11 12:30:00-04:00,28.850000381469727,28.850000381469727,28.850000381469727,28.850000381469727,0,0.0,0.0,0.0
2023-08-11 13:30:00-04:00,28.84000015258789,28.8966007232666,28.84000015258789,28.8966007232666,1798,0.0,0.0,0.0
2023-08-14 11:30:00-04:00,28.940000534057617,28.985000610351562,28.920000076293945,28.985000610351562,683,0.0,0.0,0.0
2023-08-14 12:30:00-04:00,28.950000762939453,28.950000762939453,28.950000762939453,28.950000762939453,1100,0.0,0.0,0.0
2023-08-14 13:30:00-04:00,28.99519920349121,28.99519920349121,28.99519920349121,28.99519920349121,0,0.0,0.0,0.0
2023-08-15 12:30:00-04:00,28.84000015258789,28.84000015258789,28.796199798583984,28.796199798583984,2117,0.0,0.0,0.0
2023-08-16 09:30:00-04:00,28.850000381469727,28.860000610351562,28.850000381469727,28.860000610351562,0,0.0,0.0,0.0
2023-08-16 11:30:00-04:00,28.780000686645508,28.780000686645508,28.780000686645508,28.780000686645508,1442,0.0,0.0,0.0
2023-08-16 12:30:00-04:00,28.719999313354492,28.719999313354492,28.719999313354492,28.719999313354492,100,0.0,0.0,0.0
2023-08-16 13:30:00-04:00,28.68000030517578,28.700000762939453,28.68000030517578,28.700000762939453,1553,0.0,0.0,0.0
2023-08-16 15:30:00-04:00,28.627199172973633,28.644500732421875,28.627199172973633,28.644500732421875,231,0.0,0.0,0.0
2023-08-17 09:30:00-04:00,28.653600692749023,28.653600692749023,28.653600692749023,28.653600692749023,0,0.0,0.0,0.0
2023-08-17 12:30:00-04:00,28.56999969482422,28.56999969482422,28.56999969482422,28.56999969482422,290,0.0,0.0,0.0
2023-08-17 13:30:00-04:00,28.540000915527344,28.540000915527344,28.540000915527344,28.540000915527344,100,0.0,0.0,0.0
2023-08-17 14:30:00-04:00,28.48539924621582,28.48539924621582,28.48539924621582,28.48539924621582,0,0.0,0.0,0.0
2023-08-18 09:30:00-04:00,28.350000381469727,28.46769905090332,28.350000381469727,28.46769905090332,195,0.0,0.0,0.0
2023-08-22 10:30:00-04:00,28.596900939941406,28.610000610351562,28.596900939941406,28.610000610351562,268,0.0,0.0,0.0
2023-08-22 11:30:00-04:00,28.579500198364258,28.579500198364258,28.579500198364258,28.579500198364258,0,0.0,0.0,0.0
2023-08-23 11:30:00-04:00,28.740999221801758,28.740999221801758,28.740999221801758,28.740999221801758,566,0.0,0.0,0.0
2023-08-23 12:30:00-04:00,28.764999389648438,28.790000915527344,28.764999389648438,28.790000915527344,300,0.0,0.0,0.0
2023-08-23 13:30:00-04:00,28.809999465942383,28.809999465942383,28.799299240112305,28.799999237060547,922,0.0,0.0,0.0
2023-08-24 09:30:00-04:00,28.54960060119629,28.54960060119629,28.54960060119629,28.54960060119629,0,0.0,0.0,0.0
2023-08-25 11:30:00-04:00,28.551000595092773,28.551000595092773,28.551000595092773,28.551000595092773,103,0.0,0.0,0.0
2023-08-25 13:30:00-04:00,28.520000457763672,28.687999725341797,28.510000228881836,28.687999725341797,2415,0.0,0.0,0.0
2023-08-30 09:30:00-04:00,29.110000610351562,29.110000610351562,29.110000610351562,29.110000610351562,0,0.0,0.0,0.0
2023-08-30 13:30:00-04:00,29.139999389648438,29.139999389648438,29.100000381469727,29.1200008392334,2600,0.0,0.0,0.0
2023-08-30 15:30:00-04:00,29.139999389648438,29.19849967956543,29.139999389648438,29.19849967956543,191,0.0,0.0,0.0
2023-09-01 09:30:00-04:00,29.059999465942383,29.25659942626953,29.059999465942383,29.25659942626953,0,0.0,0.0,0.0
2023-09-01 13:30:00-04:00,29.18000030517578,29.18000030517578,29.18000030517578,29.18000030517578,567,0.0,0.0,0.0
2023-09-01 15:30:00-04:00,29.18000030517578,29.219499588012695,29.18000030517578,29.219499588012695,135,0.0,0.0,0.0
2023-09-06 09:30:00-04:00,29.059999465942383,29.059999465942383,29.059999465942383,29.059999465942383,0,0.0,0.0,0.0
2023-09-06 15:30:00-04:00,28.969999313354492,29.016199111938477,28.969999313354492,29.016199111938477,73,0.0,0.0,0.0
2023-09-07 09:30:00-04:00,28.875,28.875,28.875,28.875,145,0.0,0.0,0.0
2023-09-07 11:30:00-04:00,28.93549919128418,28.979999542236328,28.889999389648438,28.889999389648438,800,0.0,0.0,0.0
2023-09-07 12:30:00-04:00,28.885900497436523,28.993799209594727,28.885900497436523,28.993799209594727,0,0.0,0.0,0.0
2023-09-12 11:30:00-04:00,29.1200008392334,29.1200008392334,29.049800872802734,29.07390022277832,1801,0.0,0.0,0.0
2023-09-14 12:30:00-04:00,29.219999313354492,29.219999313354492,29.219999313354492,29.219999313354492,0,0.0,0.0,0.0
2023-09-14 13:30:00-04:00,29.229999542236328,29.255199432373047,29.229999542236328,29.255199432373047,874,0.0,0.0,0.0
2023-09-15 09:30:00-04:00,29.100000381469727,29.100000381469727,28.992300033569336,28.992300033569336,0,0.0,0.0,0.0
2023-09-18 09:30:00-04:00,28.951799392700195,28.951799392700195,28.951799392700195,28.951799392700195,94,0.0,0.0,0.0
2023-09-18 11:30:00-04:00,29.030000686645508,29.030000686645508,29.010099411010742,29.020000457763672,8331,0.0,0.0,0.0
2023-09-18 12:30:00-04:00,29.040000915527344,29.040000915527344,29.004100799560547,29.004100799560547,200,0.0,0.0,0.0
2023-09-19 09:30:00-04:00,28.8700008392334,28.8700008392334,28.829999923706055,28.84000015258789,0,0.0,0.0,0.0
2023-09-19 10:30:00-04:00,28.888900756835938,28.96969985961914,28.888900756835938,28.96969985961914,0,0.0,0.0,0.0
2023-09-20 14:30:00-04:00,28.96579933166504,28.96579933166504,28.761999130249023,28.761999130249023,1086,0.0,0.0,0.0
2023-09-21 13:30:00-04:00,28.459999084472656,28.460100173950195,28.340499877929688,28.340499877929688,400,0.0,0.0,0.0
2023-09-22 10:30:00-04:00,28.399999618530273,28.399999618530273,28.399999618530273,28.399999618530273,0,0.0,0.0,0.0
2023-09-22 14:30:00-04:00,28.3700008392334,28.3700008392334,28.28580093383789,28.28580093383789,0,0.0,0.0,0.0
2023-09-25 10:30:00-04:00,28.260000228881836,28.260000228881836,28.260000228881836,28.260000228881836,100,0.0,0.0,0.0
2023-09-25 11:30:00-04:00,28.34160041809082,28.34160041809082,28.34160041809082,28.34160041809082,822,0.0,0.0,0.0
2023-09-25 12:30:00-04:00,28.315000534057617,28.315000534057617,28.315000534057617,28.315000534057617,100,0.0,0.0,0.0
2023-09-25 13:30:00-04:00,28.31999969482422,28.31999969482422,28.31999969482422,28.31999969482422,2339,0.0,0.0,0.0
2023-09-25 14:30:00-04:00,28.315000534057617,28.315000534057617,28.315000534057617,28.315000534057617,178,0.0,0.0,0.0
2023-09-25 15:30:00-04:00,28.360000610351562,28.3799991607666,28.280000686645508,28.322599411010742,0,0.0,0.0,0.0
2023-09-26 09:30:00-04:00,28.239999771118164,28.239999771118164,28.239999771118164,28.239999771118164,6967,0.0,0.0,0.0
2023-09-26 10:30:00-04:00,28.139999389648438,28.139999389648438,28.139999389648438,28.139999389648438,100,0.0,0.0,0.0
2023-09-26 12:30:00-04:00,28.12459945678711,28.12459945678711,28.00119972229004,28.00119972229004,171,0.0,0.0,0.0
2023-09-27 09:30:00-04:00,28.100000381469727,28.100000381469727,28.100000381469727,28.100000381469727,18897,0.0,0.0,0.0
2023-09-27 13:30:00-04:00,27.8799991607666,28.018299102783203,27.8799991607666,28.018299102783203,124,0.0,0.0,0.0
2023-09-28 09:30:00-04:00,28.0,28.152000427246094,28.0,28.152000427246094,0,0.0,0.0,0.0
2023-09-29 09:30:00-04:00,28.329999923706055,28.329999923706055,28.329999923706055,28.329999923706055,0,0.0,0.0,0.0
2023-09-29 10:30:00-04:00,28.275999069213867,28.275999069213867,28.275999069213867,28.275999069213867,0,0.0,0.0,0.0
2023-09-29 12:30:00-04:00,28.260000228881836,28.260000228881836,28.103900909423828,28.103900909423828,3310,0.0,0.0,0.0
2023-10-02 09:30:00-04:00,27.979999542236328,28.110000610351562,27.979999542236328,28.110000610351562,3077,0.0,0.0,0.0
2023-10-02 10:30:00-04:00,27.989999771118164,28.190000534057617,27.979999542236328,28.190000534057617,7097,0.0,0.0,0.0
2023-10-02 11:30:00-04:00,28.010000228881836,28.020000457763672,28.010000228881836,28.020000457763672,403,0.0,0.0,0.0
2023-10-02 12:30:00-04:00,28.0,28.0,27.940000534057617,27.964000701904297,1330,0.0,0.0,0.0
2023-10-02 14:30:00-04:00,27.979999542236328,27.979999542236328,27.979999542236328,27.979999542236328,210,0.0,0.0,0.0
2023-10-02 15:30:00-04:00,27.993999481201172,28.079099655151367,27.989999771118164,28.079099655151367,1129,0.0,0.0,0.0
2023-10-03 09:30:00-04:00,27.920000076293945,28.100000381469727,27.920000076293945,28.100000381469727,0,0.0,0.0,0.0
2023-10-03 10:30:00-04:00,27.780000686645508,27.780000686645508,27.747100830078125,27.747100830078125,0,0.0,0.0,0.0
2023-10-04 09:30:00-04:00,27.690099716186523,27.780000686645508,27.690000534057617,27.780000686645508,5792,0.0,0.0,0.0
2023-10-04 11:30:00-04:00,27.844999313354492,27.844999313354492,27.844999313354492,27.844999313354492,502,0.0,0.0,0.0
2023-10-04 14:30:00-04:00,27.799999237060547,27.799999237060547,27.799999237060547,27.799999237060547,155,0.0,0.0,0.0
2023-10-04 15:30:00-04:00,27.989999771118164,27.989999771118164,27.95479965209961,27.95479965209961,165,0.0,0.0,0.0
2023-10-05 09:30:00-04:00,27.8799991607666,27.887100219726562,27.860000610351562,27.860000610351562,0,0.0,0.0,0.0
2023-10-05 11:30:00-04:00,27.78499984741211,27.80500030517578,27.78499984741211,27.80500030517578,376,0.0,0.0,0.0
2023-10-05 13:30:00-04:00,27.924999237060547,27.924999237060547,27.924999237060547,27.924999237060547,0,0.0,0.0,0.0
2023-10-06 11:30:00-04:00,28.0,28.0,28.0,28.0,185,0.0,0.0,0.0
2023-10-06 14:30:00-04:00,28.239999771118164,28.25,28.239999771118164,28.25,680,0.0,0.0,0.0
2023-10-09 12:30:00-04:00,28.190000534057617,28.190000534057617,28.190000534057617,28.190000534057617,0,0.0,0.0,0.0
2023-10-09 13:30:00-04:00,28.389999389648438,28.389999389648438,28.370100021362305,28.389999389648438,149,0.0,0.0,0.0
2023-10-10 12:30:00-04:00,28.52039909362793,28.52039909362793,28.52039909362793,28.52039909362793,0,0.0,0.0,0.0
2023-10-10 13:30:00-04:00,28.54669952392578,28.54669952392578,28.54669952392578,28.54669952392578,310,0.0,0.0,0.0
2023-10-10 14:30:00-04:00,28.521900177001953,28.62779998779297,28.521900177001953,28.62779998779297,0,0.0,0.0,0.0
2023-10-12 10:30:00-04:00,28.559999465942383,28.600400924682617,28.559999465942383,28.600400924682617,1179,0.0,0.0,0.0
2023-10-12 12:30:00-04:00,28.65999984741211,28.65999984741211,28.475000381469727,28.475000381469727,395,0.0,0.0,0.0
2023-10-12 13:30:00-04:00,28.360000610351562,28.360000610351562,28.360000610351562,28.360000610351562,100,0.0,0.0,0.0
2023-10-12 15:30:00-04:00,28.43000030517578,28.5,28.43000030517578,28.469999313354492,0,0.0,0.0,0.0
2023-10-13 12:30:00-04:00,28.389999389648438,28.389999389648438,28.300100326538086,28.33530044555664,235,0.0,0.0,0.0
2023-10-16 12:30:00-04:00,28.605199813842773,28.605199813842773,28.605199813842773,28.605199813842773,0,0.0,0.0,0.0
2023-10-16 15:30:00-04:00,28.579999923706055,28.636600494384766,28.56999969482422,28.636600494384766,0,0.0,0.0,0.0
2023-10-17 11:30:00-04:00,28.659799575805664,28.659799575805664,28.659799575805664,28.659799575805664,186,0.0,0.0,0.0
2023-10-17 14:30:00-04:00,28.5,28.59149932861328,28.5,28.53499984741211,1640,0.0,0.0,0.0
2023-10-18 10:30:00-04:00,28.407699584960938,28.407699584960938,28.407699584960938,28.407699584960938,0,0.0,0.0,0.0
2023-10-18 14:30:00-04:00,28.309999465942383,28.309999465942383,28.309999465942383,28.309999465942383,169,0.0,0.0,0.0
2023-10-18 15:30:00-04:00,28.180099487304688,28.258800506591797,28.18000030517578,28.258800506591797,0,0.0,0.0,0.0
2023-10-19 11:30:00-04:00,28.267099380493164,28.267099380493164,28.267099380493164,28.267099380493164,793,0.0,0.0,0.0
2023-10-19 12:30:00-04:00,28.280000686645508,28.280000686645508,28.11870002746582,28.11870002746582,2072,0.0,0.0,0.0
2023-10-19 13:30:00-04:00,28.209999084472656,28.209999084472656,27.74370002746582,27.74370002746582,0,0.0,0.0,0.0
2023-10-23 10:30:00-04:00,27.75,27.75,27.75,27.75,120,0.0,0.0,0.0
2023-10-23 12:30:00-04:00,27.90999984741211,27.90999984741211,27.689899444580078,27.872600555419922,0,0.0,0.0,0.0
2023-10-25 10:30:00-04:00,27.6299991607666,27.739999771118164,27.6299991607666,27.65999984741211,3927,0.0,0.0,0.0
2023-10-25 15:30:00-04:00,27.469999313354492,27.514999389648438,27.469999313354492,27.50510025024414,0,0.0,0.0,0.0
2023-10-26 09:30:00-04:00,27.290000915527344,27.290000915527344,27.20509910583496,27.20509910583496,0,0.0,0.0,0.0
2023-10-27 09:30:00-04:00,27.209999084472656,27.209999084472656,27.209999084472656,27.209999084472656,252,0.0,0.0,0.0
2023-10-27 10:30:00-04:00,27.1299991607666,27.163799285888672,27.1299991607666,27.163799285888672,795,0.0,0.0,0.0
2023-10-27 13:30:00-04:00,27.050100326538086,27.07229995727539,27.049999237060547,27.07229995727539,268,0.0,0.0,0.0
2023-10-30 10:30:00-04:00,27.219999313354492,27.25,27.219999313354492,27.25,6857,0.0,0.0,0.0
2023-10-30 11:30:00-04:00,27.22010040283203,27.22010040283203,27.22010040283203,27.22010040283203,300,0.0,0.0,0.0
2023-10-30 12:30:00-04:00,27.190000534057617,27.384300231933594,27.190000534057617,27.384300231933594,0,0.0,0.0,0.0
2023-10-31 12:30:00-04:00,27.3700008392334,27.3700008392334,27.3700008392334,27.3700008392334,127,0.0,0.0,0.0
2023-10-31 13:30:00-04:00,27.40999984741211,27.40999984741211,27.40999984741211,27.40999984741211,309,0.0,0.0,0.0
2023-10-31 15:30:00-04:00,27.504100799560547,27.504100799560547,27.504100799560547,27.504100799560547,100,0.0,0.0,0.0
2023-11-01 09:30:00-04:00,27.65489959716797,27.65489959716797,27.65489959716797,27.65489959716797,1472,0.0,0.0,0.0
2023-11-01 12:30:00-04:00,27.549999237060547,27.78019905090332,27.540000915527344,27.78019905090332,0,0.0,0.0,0.0
2023-11-02 12:30:00-04:00,28.149999618530273,28.149999618530273,28.149999618530273,28.149999618530273,234,0.0,0.0,0.0
2023-11-02 15:30:00-04:00,28.209999084472656,28.25469970703125,28.209999084472656,28.25469970703125,0,0.0,0.0,0.0
2023-11-03 10:30:00-04:00,28.454999923706055,28.454999923706055,28.454999923706055,28.454999923706055,203,0.0,0.0,0.0
2023-11-06 10:30:00-05:00,28.510000228881836,28.53700065612793,28.5,28.53700065612793,0,0.0,0.0,0.0
2023-11-07 11:30:00-05:00,28.6299991607666,28.6299991607666,28.6299991607666,28.6299991607666,835,0.0,0.0,0.0
2023-11-07 15:30:00-05:00,28.65999984741211,28.65999984741211,28.559999465942383,28.59000015258789,0,0.0,0.0,0.0
2023-11-08 13:30:00-05:00,28.600000381469727,28.681699752807617,28.600000381469727,28.681699752807617,1736,0.0,0.0,0.0
2023-11-09 09:30:00-05:00,28.670000076293945,28.670000076293945,28.670000076293945,28.670000076293945,0,0.0,0.0,0.0
2023-11-09 10:30:00-05:00,28.42530059814453,28.885099411010742,28.42530059814453,28.885099411010742,0,0.0,0.0,0.0
2023-11-13 09:30:00-05:00,28.737300872802734,28.737300872802734,28.737300872802734,28.737300872802734,1488,0.0,0.0,0.0
2023-11-13 11:30:00-05:00,28.882200241088867,28.93000030517578,28.882200241088867,28.920000076293945,2700,0.0,0.0,0.0
2023-11-13 12:30:00-05:00,28.84000015258789,28.84000015258789,28.84000015258789,28.84000015258789,111,0.0,0.0,0.0
2023-11-13 14:30:00-05:00,28.889999389648438,28.889999389648438,28.86989974975586,28.86989974975586,4024,0.0,0.0,0.0
2023-11-14 09:30:00-05:00,29.267799377441406,29.267799377441406,29.219999313354492,29.219999313354492,0,0.0,0.0,0.0
2023-11-14 12:30:00-05:00,29.3617000579834,29.375099182128906,29.329999923706055,29.375099182128906,0,0.0,0.0,0.0
2023-11-15 12:30:00-05:00,29.399999618530273,29.40999984741211,29.399999618530273,29.40999984741211,1661,0.0,0.0,0.0
2023-11-15 13:30:00-05:00,29.459999084472656,29.46500015258789,29.424999237060547,29.424999237060547,610,0.0,0.0,0.0
2023-11-16 09:30:00-05:00,29.31999969482422,29.31999969482422,29.31999969482422,29.31999969482422,0,0.0,0.0,0.0
2023-11-16 12:30:00-05:00,29.3799991607666,29.459999084472656,29.3799991607666,29.459999084472656,0,0.0,0.0,0.0
2023-11-17 09:30:00-05:00,29.489999771118164,29.5,29.450000762939453,29.450000762939453,1729,0.0,0.0,0.0
2023-11-17 13:30:00-05:00,29.540700912475586,29.540700912475586,29.510000228881836,29.510000228881836,390,0.0,0.0,0.0
2023-11-20 10:30:00-05:00,29.600000381469727,29.600000381469727,29.600000381469727,29.600000381469727,0,0.0,0.0,0.0
2023-11-20 13:30:00-05:00,29.714099884033203,29.714099884033203,29.706300735473633,29.706300735473633,581,0.0,0.0,0.0
2023-11-20 14:30:00-05:00,29.71500015258789,29.72010040283203,29.71500015258789,29.72010040283203,1000,0.0,0.0,0.0
2023-11-21 09:30:00-05:00,29.649999618530273,29.68000030517578,29.649999618530273,29.68000030517578,0,0.0,0.0,0.0
2023-11-22 10:30:00-05:00,29.770000457763672,29.79290008544922,29.72010040283203,29.79290008544922,1076,0.0,0.0,0.0
2023-11-27 13:30:00-05:00,29.785999298095703,29.785999298095703,29.774900436401367,29.774900436401367,0,0.0,0.0,0.0
2023-11-28 09:30:00-05:00,29.747299194335938,29.75,29.747299194335938,29.75,68,0.0,0.0,0.0
2023-11-28 10:30:00-05:00,29.780000686645508,29.825000762939453,29.780000686645508,29.825000762939453,1203,0.0,0.0,0.0
2023-11-28 11:30:00-05:00,29.899999618530273,29.899999618530273,29.790000915527344,29.790000915527344,0,0.0,0.0,0.0
2023-11-29 11:30:00-05:00,29.809999465942383,29.809999465942383,29.809999465942383,29.809999465942383,167,0.0,0.0,0.0
2023-11-29 14:30:00-05:00,29.774999618530273,29.774999618530273,29.774999618530273,29.774999618530273,0,0.0,0.0,0.0
2023-11-30 09:30:00-05:00,29.81999969482422,29.869300842285156,29.81999969482422,29.869300842285156,27,0.0,0.0,0.0
2023-12-01 11:30:00-05:00,29.93000030517578,29.93000030517578,29.93000030517578,29.93000030517578,140,0.0,0.0,0.0
2023-12-01 12:30:00-05:00,30.021699905395508,30.03179931640625,30.021699905395508,30.03179931640625,212,0.0,0.0,0.0
2023-12-04 09:30:00-05:00,29.809999465942383,29.809999465942383,29.809999465942383,29.809999465942383,28,0.0,0.0,0.0
2023-12-04 11:30:00-05:00,29.809999465942383,29.850000381469727,29.809999465942383,29.850000381469727,1205,0.0,0.0,0.0
2023-12-04 15:30:00-05:00,29.81999969482422,29.900100708007812,29.81999969482422,29.900100708007812,0,0.0,0.0,0.0
2023-12-05 15:30:00-05:00,29.829999923706055,29.875,29.829999923706055,29.875,29,0.0,0.0,0.0
2023-12-06 09:30:00-05:00,29.93000030517578,29.93000030517578,29.93000030517578,29.93000030517578,122,0.0,0.0,0.0
2023-12-06 11:30:00-05:00,29.90999984741211,29.90999984741211,29.90999984741211,29.90999984741211,40471,0.0,0.0,0.0
2023-12-06 12:30:00-05:00,29.90999984741211,29.920000076293945,29.90999984741211,29.920000076293945,185168,0.0,0.0,0.0
2023-12-06 13:30:00-05:00,29.90880012512207,29.909000396728516,29.90880012512207,29.909000396728516,493,0.0,0.0,0.0
2023-12-06 15:30:00-05:00,29.760000228881836,29.774599075317383,29.760000228881836,29.774599075317383,0,0.0,0.0,0.0
2023-12-07 10:30:00-05:00,29.969999313354492,29.969999313354492,29.95989990234375,29.959999084472656,1902,0.0,0.0,0.0
2023-12-07 11:30:00-05:00,29.95840072631836,29.95840072631836,29.95840072631836,29.95840072631836,467,0.0,0.0,0.0
2023-12-07 12:30:00-05:00,29.950000762939453,30.020000457763672,29.950000762939453,30.020000457763672,685,0.0,0.0,0.0
2023-12-07 15:30:00-05:00,29.999799728393555,29.999799728393555,29.999799728393555,29.999799728393555,0,0.0,0.0,0.0
2023-12-08 10:30:00-05:00,30.094999313354492,30.094999313354492,30.094999313354492,30.094999313354492,680,0.0,0.0,0.0
2023-12-08 12:30:00-05:00,30.047100067138672,30.069900512695312,30.02720069885254,30.059999465942383,1464,0.0,0.0,0.0
2023-12-08 13:30:00-05:00,30.110000610351562,30.110000610351562,30.06719970703125,30.06719970703125,600,0.0,0.0,0.0
2023-12-08 14:30:00-05:00,30.06999969482422,30.139799118041992,30.06999969482422,30.139799118041992,124,0.0,0.0,0.0
2023-12-11 10:30:00-05:00,30.179899215698242,30.18000030517578,30.179899215698242,30.18000030517578,321,0.0,0.0,0.0
2023-12-11 13:30:00-05:00,30.229999542236328,30.239900588989258,30.229999542236328,30.239900588989258,568,0.0,0.0,0.0
2023-12-11 15:30:00-05:00,30.259899139404297,30.259899139404297,30.170000076293945,30.23240089416504,0,0.0,0.0,0.0
2023-12-12 10:30:00-05:00,30.280000686645508,30.280000686645508,30.267200469970703,30.267200469970703,338,0.0,0.0,0.0
2023-12-12 12:30:00-05:00,30.31220054626465,30.31220054626465,30.31220054626465,30.31220054626465,467,0.0,0.0,0.0
2023-12-12 14:30:00-05:00,30.329999923706055,30.3700008392334,30.329999923706055,30.360000610351562,0,0.0,0.0,0.0
2023-12-12 15:30:00-05:00,30.363000869750977,30.40999984741211,30.360000610351562,30.360000610351562,87,0.0,0.0,0.0
2023-12-13 10:30:00-05:00,30.459999084472656,30.459999084472656,30.43000030517578,30.437299728393555,958,0.0,0.0,0.0
2023-12-13 13:30:00-05:00,30.399999618530273,30.399999618530273,30.399999618530273,30.399999618530273,761,0.0,0.0,0.0
2023-12-13 14:30:00-05:00,30.641700744628906,30.68000030517578,30.560100555419922,30.560100555419922,1499,0.0,0.0,0.0
2023-12-13 15:30:00-05:00,30.6299991607666,30.645000457763672,30.6299991607666,30.645000457763672,0,0.0,0.0,0.0
2023-12-14 09:30:00-05:00,30.790000915527344,30.790000915527344,30.68000030517578,30.770000457763672,2631,0.0,0.0,0.0
2023-12-14 10:30:00-05:00,30.760000228881836,30.760000228881836,30.760000228881836,30.760000228881836,235,0.0,0.0,0.0
2023-12-14 14:30:00-05:00,30.739900588989258,30.739900588989258,30.684999465942383,30.684999465942383,423,0.0,0.0,0.0
2023-12-14 15:30:00-05:00,30.769899368286133,30.769899368286133,30.707300186157227,30.707300186157227,0,0.0,0.0,0.0
2023-12-15 10:30:00-05:00,30.709999084472656,30.729000091552734,30.709999084472656,30.729000091552734,482,0.0,0.0,0.0
2023-12-15 11:30:00-05:00,30.75,30.780000686645508,30.74970054626465,30.780000686645508,8435,0.0,0.0,0.0
2023-12-15 13:30:00-05:00,30.718799591064453,30.718799591064453,30.718799591064453,30.718799591064453,286,0.0,0.0,0.0
2023-12-15 14:30:00-05:00,30.71500015258789,30.760000228881836,30.670000076293945,30.739999771118164,5790,0.0,0.0,0.0
2023-12-15 15:30:00-05:00,30.760000228881836,30.770200729370117,30.759899139404297,30.770200729370117,408,0.0,0.0,0.0
2023-12-18 09:30:00-05:00,30.829999923706055,30.829999923706055,30.829999923706055,30.829999923706055,0,0.0,0.0,0.0
2023-12-18 10:30:00-05:00,30.850000381469727,30.850000381469727,30.82159996032715,30.82159996032715,1376,0.0,0.0,0.0
2023-12-18 11:30:00-05:00,30.833999633789062,30.860000610351562,30.833999633789062,30.860000610351562,1188,0.0,0.0,0.0
2023-12-18 12:30:00-05:00,30.799999237060547,30.860000610351562,30.780000686645508,30.795900344848633,2099,0.0,0.0,0.0
2023-12-18 13:30:00-05:00,30.860000610351562,30.860000610351562,30.860000610351562,30.860000610351562,100,0.0,0.0,0.0
2023-12-18 14:30:00-05:00,30.815000534057617,30.850000381469727,30.815000534057617,30.850000381469727,382,0.0,0.0,0.0
2023-12-18 15:30:00-05:00,30.799999237060547,30.88990020751953,30.796100616455078,30.834999084472656,3619,0.0,0.0,0.0
2023-12-19 09:30:00-05:00,30.818099975585938,30.818099975585938,30.818099975585938,30.818099975585938,0,0.0,0.0,0.0
2023-12-19 10:30:00-05:00,30.920000076293945,30.93000030517578,30.893699645996094,30.93000030517578,4790,0.0,0.0,0.0
2023-12-19 13:30:00-05:00,30.895000457763672,30.895000457763672,30.895000457763672,30.895000457763672,127,0.0,0.0,0.0
2023-12-19 14:30:00-05:00,30.949899673461914,30.949899673461914,30.93000030517578,30.93000030517578,368,0.0,0.0,0.0
2023-12-19 15:30:00-05:00,30.93000030517578,30.94499969482422,30.93000030517578,30.93160057067871,321,0.0,0.0,0.0
2023-12-20 09:30:00-05:00,30.559999465942383,30.559999465942383,30.559999465942383,30.559999465942383,0,0.0,0.0,0.0
2023-12-20 11:30:00-05:00,30.923799514770508,30.923799514770508,30.923799514770508,30.923799514770508,580,0.0,0.0,0.0
2023-12-20 12:30:00-05:00,30.969999313354492,30.969999313354492,30.969999313354492,30.969999313354492,121,0.0,0.0,0.0
2023-12-20 14:30:00-05:00,30.90999984741211,30.90999984741211,30.90999984741211,30.90999984741211,351,0.0,0.0,0.0
2023-12-20 15:30:00-05:00,30.799999237060547,30.799999237060547,30.690000534057617,30.719999313354492,0,0.0,0.0,0.0
2023-12-21 10:30:00-05:00,30.795000076293945,30.795000076293945,30.795000076293945,30.795000076293945,777,0.0,0.0,0.0
2023-12-21 11:30:00-05:00,30.81999969482422,30.81999969482422,30.710100173950195,30.7450008392334,3997,0.0,0.0,0.0
2023-12-21 12:30:00-05:00,30.71030044555664,30.71030044555664,30.71030044555664,30.71030044555664,234,0.0,0.0,0.0
2023-12-21 14:30:00-05:00,30.850200653076172,30.850200653076172,30.850200653076172,30.850200653076172,0,0.0,0.0,0.0
2023-12-22 09:30:00-05:00,30.889999389648438,30.889999389648438,30.889999389648438,30.889999389648438,2775,0.0,0.0,0.0
2023-12-22 11:30:00-05:00,30.8799991607666,30.8799991607666,30.8799991607666,30.8799991607666,224,0.0,0.0,0.0
2023-12-22 12:30:00-05:00,30.933799743652344,30.954999923706055,30.924800872802734,30.924800872802734,1502,0.0,0.0,0.0
2023-12-22 13:30:00-05:00,30.924999237060547,30.924999237060547,30.924999237060547,30.924999237060547,648,0.0,0.0,0.0
2023-12-22 14:30:00-05:00,30.882600784301758,30.882600784301758,30.882600784301758,30.882600784301758,199,0.0,0.0,0.0
2023-12-22 15:30:00-05:00,30.8799991607666,30.93000030517578,30.8799991607666,30.92959976196289,1415,0.0,0.0,0.0
2023-12-26 10:30:00-05:00,31.010000228881836,31.010000228881836,31.008100509643555,31.008100509643555,0,0.0,0.0,0.0
2023-12-26 14:30:00-05:00,30.930099487304688,30.930099487304688,30.930099487304688,30.930099487304688,117,0.0,0.0,0.0
2023-12-26 15:30:00-05:00,31.030000686645508,31.030000686645508,31.024999618530273,31.024999618530273,0,0.0,0.0,0.0
2023-12-27 09:30:00-05:00,31.079999923706055,31.089000701904297,31.0,31.0,4553,0.0,0.0,0.0
2023-12-27 10:30:00-05:00,31.021699905395508,31.021699905395508,31.021699905395508,31.021699905395508,866,0.0,0.0,0.0
2023-12-27 11:30:00-05:00,31.0,31.0,31.0,31.0,245,0.0,0.0,0.0
2023-12-27 12:30:00-05:00,31.069400787353516,31.264999389648438,30.950000762939453,31.100000381469727,351600,0.0,0.0,0.0
2023-12-27 13:30:00-05:00,31.079999923706055,31.079999923706055,31.049999237060547,31.049999237060547,285,0.0,0.0,0.0
2023-12-27 14:30:00-05:00,31.010099411010742,31.010099411010742,31.010099411010742,31.010099411010742,161,0.0,0.0,0.0
2023-12-27 15:30:00-05:00,31.018199920654297,31.030000686645508,31.0,31.030000686645508,291,0.0,0.0,0.0
2023-12-28 09:30:00-05:00,31.06679916381836,31.110000610351562,30.979999542236328,31.042999267578125,0,0.0,0.0,0.0
2023-12-28 11:30:00-05:00,31.084999084472656,31.099199295043945,31.040000915527344,31.099199295043945,1839,0.0,0.0,0.0
2023-12-28 12:30:00-05:00,31.09000015258789,31.097999572753906,31.06450080871582,31.097999572753906,5242,0.0,0.0,0.0
2023-12-28 13:30:00-05:00,31.09000015258789,31.09000015258789,31.077999114990234,31.077999114990234,2307,0.0,0.0,0.0
2023-12-28 14:30:00-05:00,31.069599151611328,31.09000015258789,31.032100677490234,31.063100814819336,5926,0.0,0.0,0.0
2023-12-28 15:30:00-05:00,31.100000381469727,31.100000381469727,31.039899826049805,31.039899826049805,112,0.0,0.0,0.0
2023-12-29 09:30:00-05:00,30.979999542236328,31.1289005279541,30.979999542236328,31.100000381469727,0,0.0,0.0,0.0
2023-12-29 10:30:00-05:00,31.100000381469727,31.118999481201172,31.020000457763672,31.020000457763672,17973,0.0,0.0,0.0
2023-12-29 11:30:00-05:00,31.05500030517578,31.100000381469727,31.05500030517578,31.05500030517578,57261,0.0,0.0,0.0
2023-12-29 12:30:00-05:00,31.05500030517578,31.100000381469727,31.05500030517578,31.100000381469727,3053,0.0,0.0,0.0
2023-12-29 13:30:00-05:00,31.09000015258789,31.100000381469727,31.06999969482422,31.06999969482422,882766,0.0,0.0,0.0
2023-12-29 14:30:00-05:00,31.056499481201172,31.10919952392578,31.056499481201172,31.100000381469727,3362,0.0,0.0,0.0
2023-12-29 15:30:00-05:00,31.09000015258789,31.110000610351562,31.057300567626953,31.099199295043945,16030,0.0,0.0,0.0
2024-01-02 09:30:00-05:00,30.959999084472656,31.110000610351562,30.875699996948242,30.8799991607666,0,0.0,0.0,0.0
2024-01-02 10:30:00-05:00,30.8799991607666,30.940000534057617,30.84000015258789,30.90999984741211,21651,0.0,0.0,0.0
2024-01-02 11:30:00-05:00,30.920000076293945,30.979999542236328,30.885000228881836,30.950000762939453,12155,0.0,0.0,0.0
2024-01-02 12:30:00-05:00,30.945600509643555,31.0,30.889999389648438,30.915000915527344,22909,0.0,0.0,0.0
2024-01-02 13:30:00-05:00,30.934999465942383,30.979999542236328,30.88450050354004,30.88800048828125,9420,0.0,0.0,0.0
2024-01-02 14:30:00-05:00,30.895000457763672,30.898700714111328,30.829999923706055,30.8700008392334,13582,0.0,0.0,0.0
2024-01-02 15:30:00-05:00,30.84000015258789,30.88610076904297,30.84000015258789,30.88610076904297,0,0.0,0.0,0.0
2024-01-03 09:30:00-05:00,30.860000610351562,31.024999618530273,30.760000228881836,30.760000228881836,4995,0.0,0.0,0.0
2024-01-03 10:30:00-05:00,30.75,30.809999465942383,30.72100067138672,30.770000457763672,80505,0.0,0.0,0.0
2024-01-03 11:30:00-05:00,30.77739906311035,30.790000915527344,30.739999771118164,30.739999771118164,14416,0.0,0.0,0.0
2024-01-03 12:30:00-05:00,30.780000686645508,30.850000381469727,30.780000686645508,30.829999923706055,6575,0.0,0.0,0.0
2024-01-03 13:30:00-05:00,30.79210090637207,30.850000381469727,30.760099411010742,30.850000381469727,5931,0.0,0.0,0.0
2024-01-03 14:30:00-05:00,30.860000610351562,30.860000610351562,30.73699951171875,30.746200561523438,22028,0.0,0.0,0.0
2024-01-03 15:30:00-05:00,30.809999465942383,30.809999465942383,30.700000762939453,30.70330047607422,2464,0.0,0.0,0.0
2024-01-04 09:30:00-05:00,30.799999237060547,30.90999984741211,30.725000381469727,30.81999969482422,0,0.0,0.0,0.0
2024-01-04 10:30:00-05:00,30.81999969482422,31.014999389648438,30.770000457763672,30.850000381469727,23002,0.0,0.0,0.0
2024-01-04 11:30:00-05:00,30.84000015258789,30.860000610351562,30.729999542236328,30.799999237060547,95067,0.0,0.0,0.0
2024-01-04 12:30:00-05:00,30.770000457763672,30.799999237060547,30.756200790405273,30.780000686645508,5028,0.0,0.0,0.0
2024-01-04 13:30:00-05:00,30.790000915527344,30.799999237060547,30.730100631713867,30.730100631713867,15867,0.0,0.0,0.0
2024-01-04 14:30:00-05:00,30.730100631713867,30.780000686645508,30.71500015258789,30.74880027770996,12478,0.0,0.0,0.0
2024-01-04 15:30:00-05:00,30.761899948120117,30.761899948120117,30.69059944152832,30.717300415039062,5751,0.0,0.0,0.0
2024-01-05 09:30:00-05:00,30.729999542236328,30.81999969482422,30.729999542236328,30.792299270629883,0,0.0,0.0,0.0
2024-01-05 10:30:00-05:00,30.739999771118164,30.860000610351562,30.739999771118164,30.801000595092773,4868,0.0,0.0,0.0
2024-01-05 11:30:00-05:00,30.795000076293945,30.809999465942383,30.709999084472656,30.758399963378906,26669,0.0,0.0,0.0
2024-01-05 12:30:00-05:00,30.69890022277832,30.759899139404297,30.670000076293945,30.690099716186523,104689,0.0,0.0,0.0
2024-01-05 13:30:00-05:00,30.71500015258789,30.77989959716797,30.71500015258789,30.742799758911133,10336,0.0,0.0,0.0
2024-01-05 14:30:00-05:00,30.719999313354492,30.760000228881836,30.68000030517578,30.69569969177246,21382,0.0,0.0,0.0
2024-01-05 15:30:00-05:00,30.68000030517578,30.729999542236328,30.68000030517578,30.712600708007812,10702,0.0,0.0,0.0
2024-01-08 09:30:00-05:00,30.770000457763672,30.829999923706055,30.770000457763672,30.81999969482422,0,0.0,0.0,0.0
2024-01-08 10:30:00-05:00,30.850000381469727,30.8700008392334,30.809600830078125,30.815000534057617,15021,0.0,0.0,0.0
2024-01-08 11:30:00-05:00,30.860000610351562,30.889999389648438,30.81999969482422,30.889999389648438,2686,0.0,0.0,0.0
2024-01-08 12:30:00-05:00,30.89590072631836,30.90999984741211,30.889999389648438,30.90999984741211,4832,0.0,0.0,0.0
2024-01-08 13:30:00-05:00,30.90999984741211,30.93000030517578,30.899999618530273,30.93000030517578,11037,0.0,0.0,0.0
2024-01-08 14:30:00-05:00,30.969999313354492,31.020000457763672,30.969999313354492,31.020000457763672,10194,0.0,0.0,0.0
2024-01-08 15:30:00-05:00,31.020000457763672,31.06999969482422,30.950000762939453,31.04800033569336,4890,0.0,0.0,0.0
2024-01-09 09:30:00-05:00,30.950000762939453,30.969999313354492,30.90999984741211,30.912500381469727,0,0.0,0.0,0.0
2024-01-09 10:30:00-05:00,30.979999542236328,30.979999542236328,30.90999984741211,30.950000762939453,6907,0.0,0.0,0.0
2024-01-09 11:30:00-05:00,30.979999542236328,31.010000228881836,30.940000534057617,31.010000228881836,9516,0.0,0.0,0.0
2024-01-09 12:30:00-05:00,31.0,31.049999237060547,30.982500076293945,31.008100509643555,6309,0.0,0.0,0.0
2024-01-09 13:30:00-05:00,30.969999313354492,31.030000686645508,30.959999084472656,30.989999771118164,14019,0.0,0.0,0.0
2024-01-09 14:30:00-05:00,30.989999771118164,31.020000457763672,30.969999313354492,31.015499114990234,27662,0.0,0.0,0.0
2024-01-09 15:30:00-05:00,30.96470069885254,31.020000457763672,30.96470069885254,30.990299224853516,1174,0.0,0.0,0.0
2024-01-10 09:30:00-05:00,31.059999465942383,31.06999969482422,31.016000747680664,31.016000747680664,0,0.0,0.0,0.0
2024-01-10 10:30:00-05:00,31.06999969482422,31.06999969482422,31.06999969482422,31.06999969482422,141,0.0,0.0,0.0
2024-01-10 11:30:00-05:00,31.06999969482422,31.06999969482422,31.033100128173828,31.039499282836914,14493,0.0,0.0,0.0
2024-01-10 12:30:00-05:00,31.079999923706055,31.079999923706055,31.030000686645508,31.079999923706055,529,0.0,0.0,0.0
2024-01-10 13:30:00-05:00,31.06599998474121,31.09000015258789,31.06599998474121,31.09000015258789,527,0.0,0.0,0.0
2024-01-10 14:30:00-05:00,31.13990020751953,31.15999984741211,31.079999923706055,31.079999923706055,8390,0.0,0.0,0.0
2024-01-10 15:30:00-05:00,31.1299991607666,31.1299991607666,31.059999465942383,31.12779998779297,6674,0.0,0.0,0.0
2024-01-11 09:30:00-05:00,31.209999084472656,31.209999084472656,30.98859977722168,31.059999465942383,41741,0.0,0.0,0.0
2024-01-11 10:30:00-05:00,31.047000885009766,31.07990074157715,30.920000076293945,30.920000076293945,16706,0.0,0.0,0.0
2024-01-11 11:30:00-05:00,30.915000915527344,30.979999542236328,30.915000915527344,30.950000762939453,1488,0.0,0.0,0.0
2024-01-11 12:30:00-05:00,31.008699417114258,31.027999877929688,30.950000762939453,31.025100708007812,6483,0.0,0.0,0.0
2024-01-11 13:30:00-05:00,31.04400062561035,31.06999969482422,31.020000457763672,31.06999969482422,3884,0.0,0.0,0.0
2024-01-11 14:30:00-05:00,31.093700408935547,31.132999420166016,31.079999923706055,31.079999923706055,7323,0.0,0.0,0.0
2024-01-11 15:30:00-05:00,31.104999542236328,31.128799438476562,31.079999923706055,31.091999053955078,7267,0.0,0.0,0.0
2024-01-12 09:30:00-05:00,31.239999771118164,31.25,31.126100540161133,31.126100540161133,0,0.0,0.0,0.0
2024-01-12 10:30:00-05:00,31.155000686645508,31.155000686645508,31.059999465942383,31.149999618530273,1773,0.0,0.0,0.0
2024-01-12 11:30:00-05:00,31.1200008392334,31.15920066833496,31.100000381469727,31.110000610351562,10613,0.0,0.0,0.0
2024-01-12 12:30:00-05:00,31.110000610351562,31.15999984741211,31.099300384521484,31.15999984741211,2116,0.0,0.0,0.0
2024-01-12 13:30:00-05:00,31.079999923706055,31.18000030517578,31.079999923706055,31.18000030517578,522,0.0,0.0,0.0
2024-01-12 14:30:00-05:00,31.145000457763672,31.18000030517578,31.11910057067871,31.1299991607666,11209,0.0,0.0,0.0
2024-01-12 15:30:00-05:00,31.149999618530273,31.18000030517578,31.1299991607666,31.155000686645508,8394,0.0,0.0,0.0
2024-01-16 09:30:00-05:00,31.064300537109375,31.13990020751953,31.010000228881836,31.13990020751953,0,0.0,0.0,0.0
2024-01-16 10:30:00-05:00,31.1299991607666,31.149999618530273,31.06999969482422,31.06999969482422,2418,0.0,0.0,0.0
2024-01-16 11:30:00-05:00,31.100000381469727,31.100000381469727,31.049999237060547,31.049999237060547,3304,0.0,0.0,0.0
2024-01-16 12:30:00-05:00,31.02400016784668,31.049999237060547,30.989999771118164,31.030000686645508,1930,0.0,0.0,0.0
2024-01-16 13:30:00-05:00,31.06999969482422,31.06999969482422,30.989999771118164,31.020000457763672,2834,0.0,0.0,0.0
2024-01-16 14:30:00-05:00,31.010000228881836,31.049999237060547,30.954999923706055,31.016700744628906,30770,0.0,0.0,0.0
2024-01-16 15:30:00-05:00,31.032800674438477,31.06999969482422,31.029699325561523,31.029699325561523,1549,0.0,0.0,0.0
2024-01-17 09:30:00-05:00,30.93000030517578,30.959999084472656,30.907100677490234,30.907100677490234,0,0.0,0.0,0.0
2024-01-17 10:30:00-05:00,30.850000381469727,30.905500411987305,30.850000381469727,30.905500411987305,1041,0.0,0.0,0.0
2024-01-17 11:30:00-05:00,30.940000534057617,30.940000534057617,30.8700008392334,30.8700008392334,4010,0.0,0.0,0.0
2024-01-17 12:30:00-05:00,30.89739990234375,30.89739990234375,30.84000015258789,30.84000015258789,747,0.0,0.0,0.0
2024-01-17 13:30:00-05:00,30.899999618530273,30.899999618530273,30.81999969482422,30.850000381469727,14435,0.0,0.0,0.0
2024-01-17 14:30:00-05:00,30.899999618530273,30.920000076293945,30.84000015258789,30.85300064086914,79618,0.0,0.0,0.0
2024-01-17 15:30:00-05:00,30.8799991607666,30.959999084472656,30.8799991607666,30.926799774169922,4197,0.0,0.0,0.0
2024-01-18 09:30:00-05:00,31.030000686645508,31.030000686645508,30.950000762939453,30.979999542236328,0,0.0,0.0,0.0
2024-01-18 10:30:00-05:00,31.032100677490234,31.170000076293945,30.979999542236328,31.024099349975586,4205,0.0,0.0,0.0
2024-01-18 11:30:00-05:00,31.030000686645508,31.030000686645508,31.0,31.0,1468,0.0,0.0,0.0
2024-01-18 12:30:00-05:00,31.010000228881836,31.010000228881836,30.940000534057617,30.9950008392334,2108,0.0,0.0,0.0
2024-01-18 13:30:00-05:00,31.0,31.079999923706055,30.959999084472656,31.079999923706055,7707,0.0,0.0,0.0
2024-01-18 14:30:00-05:00,31.0762996673584,31.1299991607666,31.0762996673584,31.091999053955078,3301,0.0,0.0,0.0
2024-01-18 15:30:00-05:00,31.1299991607666,31.15999984741211,31.09589958190918,31.12019920349121,5367,0.0,0.0,0.0
2024-01-19 09:30:00-05:00,31.209999084472656,31.219999313354492,31.18600082397461,31.18600082397461,0,0.0,0.0,0.0
2024-01-19 10:30:00-05:00,31.20400047302246,31.239999771118164,31.200000762939453,31.239999771118164,2943,0.0,0.0,0.0
2024-01-19 11:30:00-05:00,31.219999313354492,31.260000228881836,31.219999313354492,31.23900032043457,7821,0.0,0.0,0.0
2024-01-19 12:30:00-05:00,31.260000228881836,31.350000381469727,31.260000228881836,31.350000381469727,490,0.0,0.0,0.0
2024-01-19 13:30:00-05:00,31.325000762939453,31.389999389648438,31.325000762939453,31.389999389648438,3116,0.0,0.0,0.0
2024-01-19 14:30:00-05:00,31.364999771118164,31.364999771118164,31.364999771118164,31.364999771118164,396,0.0,0.0,0.0
2024-01-19 15:30:00-05:00,31.40999984741211,31.419700622558594,31.375,31.375,2599,0.0,0.0,0.0
2024-01-22 09:30:00-05:00,31.469999313354492,31.549999237060547,31.469999313354492,31.489999771118164,0,0.0,0.0,0.0
2024-01-22 10:30:00-05:00,31.454999923706055,31.454999923706055,31.454999923706055,31.454999923706055,298,0.0,0.0,0.0
2024-01-22 11:30:00-05:00,31.459999084472656,31.459999084472656,31.430099487304688,31.430099487304688,3644,0.0,0.0,0.0
2024-01-22 12:30:00-05:00,31.472000122070312,31.48859977722168,31.43000030517578,31.43000030517578,5561,0.0,0.0,0.0
2024-01-22 13:30:00-05:00,31.420000076293945,31.5,31.420000076293945,31.489999771118164,29084,0.0,0.0,0.0
2024-01-22 14:30:00-05:00,31.469999313354492,31.489999771118164,31.469999313354492,31.469999313354492,9664,0.0,0.0,0.0
2024-01-22 15:30:00-05:00,31.489999771118164,31.489999771118164,31.476999282836914,31.476999282836914,0,0.0,0.0,0.0
2024-01-23 09:30:00-05:00,31.479999542236328,31.479999542236328,31.43000030517578,31.43000030517578,0,0.0,0.0,0.0
2024-01-23 10:30:00-05:00,31.469999313354492,31.489999771118164,31.44420051574707,31.469999313354492,99652,0.0,0.0,0.0
2024-01-23 11:30:00-05:00,31.469900131225586,31.469999313354492,31.4375,31.469999313354492,1502,0.0,0.0,0.0
2024-01-23 12:30:00-05:00,31.5,31.5,31.459999084472656,31.489999771118164,6464,0.0,0.0,0.0
2024-01-23 13:30:00-05:00,31.510000228881836,31.510000228881836,31.510000228881836,31.510000228881836,0,0.0,0.0,0.0
2024-01-23 14:30:00-05:00,31.450000762939453,31.540000915527344,31.450000762939453,31.5,112630,0.0,0.0,0.0
2024-01-23 15:30:00-05:00,31.5,31.540000915527344,31.459999084472656,31.50480079650879,0,0.0,0.0,0.0
2024-01-24 09:30:00-05:00,31.65999984741211,31.65999984741211,31.60770034790039,31.61440086364746,2276,0.0,0.0,0.0
2024-01-24 10:30:00-05:00,31.6200008392334,31.689599990844727,31.600000381469727,31.68000030517578,2370,0.0,0.0,0.0
2024-01-24 11:30:00-05:00,31.68000030517578,31.68000030517578,31.63719940185547,31.68000030517578,3436,0.0,0.0,0.0
2024-01-24 12:30:00-05:00,31.625,31.670000076293945,31.625,31.670000076293945,824,0.0,0.0,0.0
2024-01-24 13:30:00-05:00,31.6299991607666,31.639999389648438,31.616500854492188,31.6299991607666,1442,0.0,0.0,0.0
2024-01-24 14:30:00-05:00,31.55270004272461,31.628000259399414,31.549999237060547,31.549999237060547,1577,0.0,0.0,0.0
2024-01-24 15:30:00-05:00,31.532100677490234,31.579999923706055,31.532100677490234,31.5669002532959,2305,0.0,0.0,0.0
2024-01-25 09:30:00-05:00,31.6299991607666,31.700000762939453,31.594999313354492,31.700000762939453,0,0.0,0.0,0.0
2024-01-25 10:30:00-05:00,31.6299991607666,31.6299991607666,31.6299991607666,31.6299991607666,196,0.0,0.0,0.0
2024-01-25 11:30:00-05:00,31.620500564575195,31.649999618530273,31.604999542236328,31.639999389648438,8414,0.0,0.0,0.0
2024-01-25 12:30:00-05:00,31.59000015258789,31.6299991607666,31.56999969482422,31.59000015258789,1924,0.0,0.0,0.0
2024-01-25 13:30:00-05:00,31.56999969482422,31.579999923706055,31.549999237060547,31.579999923706055,10575,0.0,0.0,0.0
2024-01-25 14:30:00-05:00,31.559999465942383,31.610000610351562,31.530000686645508,31.610000610351562,18705,0.0,0.0,0.0
2024-01-25 15:30:00-05:00,31.59000015258789,31.645599365234375,31.549999237060547,31.645599365234375,0,0.0,0.0,0.0
2024-01-26 09:30:00-05:00,31.590099334716797,31.65999984741211,31.590099334716797,31.600000381469727,39385,0.0,0.0,0.0
2024-01-26 10:30:00-05:00,31.655000686645508,31.700000762939453,31.6200008392334,31.6200008392334,2373,0.0,0.0,0.0
2024-01-26 11:30:00-05:00,31.655000686645508,31.690000534057617,31.655000686645508,31.690000534057617,387,0.0,0.0,0.0
2024-01-26 12:30:00-05:00,31.639999389648438,31.639999389648438,31.59440040588379,31.6200008392334,3757,0.0,0.0,0.0
2024-01-26 13:30:00-05:00,31.629899978637695,31.629899978637695,31.59000015258789,31.6200008392334,3241,0.0,0.0,0.0
2024-01-26 14:30:00-05:00,31.614999771118164,31.649999618530273,31.614999771118164,31.649999618530273,1073,0.0,0.0,0.0
2024-01-26 15:30:00-05:00,31.645000457763672,31.649999618530273,31.559999465942383,31.60140037536621,4105,0.0,0.0,0.0
2024-01-29 09:30:00-05:00,31.579999923706055,31.625,31.579999923706055,31.625,0,0.0,0.0,0.0
2024-01-29 10:30:00-05:00,31.570100784301758,31.649999618530273,31.570100784301758,31.610000610351562,20172,0.0,0.0,0.0
2024-01-29 12:30:00-05:00,31.625,31.670000076293945,31.625,31.670000076293945,3368,0.0,0.0,0.0
2024-01-29 13:30:00-05:00,31.667999267578125,31.667999267578125,31.59000015258789,31.59000015258789,748,0.0,0.0,0.0
2024-01-29 14:30:00-05:00,31.709999084472656,31.790000915527344,31.70989990234375,31.790000915527344,1854,0.0,0.0,0.0
2024-01-29 15:30:00-05:00,31.790000915527344,31.790000915527344,31.785999298095703,31.785999298095703,0,0.0,0.0,0.0
2024-01-30 10:30:00-05:00,31.770999908447266,31.780000686645508,31.75,31.770000457763672,9534,0.0,0.0,0.0
2024-01-30 11:30:00-05:00,31.790000915527344,31.790000915527344,31.790000915527344,31.790000915527344,3250,0.0,0.0,0.0
2024-01-30 12:30:00-05:00,31.735000610351562,31.75,31.719999313354492,31.75,7371,0.0,0.0,0.0
2024-01-30 15:30:00-05:00,31.739999771118164,31.770000457763672,31.739999771118164,31.770000457763672,0,0.0,0.0,0.0
2024-01-31 09:30:00-05:00,31.700000762939453,31.700000762939453,31.700000762939453,31.700000762939453,150,0.0,0.0,0.0
2024-01-31 10:30:00-05:00,31.59000015258789,31.6299991607666,31.59000015258789,31.6299991607666,3146,0.0,0.0,0.0
2024-01-31 11:30:00-05:00,31.587900161743164,31.6299991607666,31.587900161743164,31.629899978637695,9807,0.0,0.0,0.0
2024-01-31 12:30:00-05:00,31.60810089111328,31.6299991607666,31.56999969482422,31.629899978637695,7289,0.0,0.0,0.0
2024-01-31 13:30:00-05:00,31.600200653076172,31.639999389648438,31.56999969482422,31.56999969482422,1987,0.0,0.0,0.0
2024-01-31 14:30:00-05:00,31.5,31.5,31.5,31.5,140,0.0,0.0,0.0
2024-01-31 15:30:00-05:00,31.46500015258789,31.489999771118164,31.440000534057617,31.469999313354492,5525,0.0,0.0,0.0
2024-02-01 09:30:00-05:00,31.450000762939453,31.559900283813477,31.450000762939453,31.540000915527344,0,0.0,0.0,0.0
2024-02-01 10:30:00-05:00,31.55030059814453,31.55030059814453,31.454299926757812,31.454299926757812,3106,0.0,0.0,0.0
2024-02-01 12:30:00-05:00,31.59000015258789,31.59000015258789,31.59000015258789,31.59000015258789,1400,0.0,0.0,0.0
2024-02-01 14:30:00-05:00,31.63330078125,31.68000030517578,31.63330078125,31.68000030517578,1724,0.0,0.0,0.0
2024-02-01 15:30:00-05:00,31.65999984741211,31.68000030517578,31.65999984741211,31.669700622558594,1462,0.0,0.0,0.0
2024-02-02 09:30:00-05:00,31.670000076293945,31.709999084472656,31.670000076293945,31.709999084472656,0,0.0,0.0,0.0
2024-02-02 10:30:00-05:00,31.774999618530273,31.774999618530273,31.774999618530273,31.774999618530273,3134,0.0,0.0,0.0
2024-02-02 13:30:00-05:00,31.8799991607666,31.8799991607666,31.874000549316406,31.874000549316406,510,0.0,0.0,0.0
2024-02-02 14:30:00-05:00,31.949899673461914,31.949899673461914,31.949899673461914,31.949899673461914,340,0.0,0.0,0.0
2024-02-02 15:30:00-05:00,31.905000686645508,31.939899444580078,31.885000228881836,31.920000076293945,1763,0.0,0.0,0.0
2024-02-05 09:30:00-05:00,31.799999237060547,31.8799991607666,31.75,31.75,0,0.0,0.0,0.0
2024-02-05 10:30:00-05:00,31.700000762939453,31.739900588989258,31.700000762939453,31.729999542236328,1862,0.0,0.0,0.0
2024-02-05 12:30:00-05:00,31.805400848388672,31.805400848388672,31.795000076293945,31.795000076293945,1927,0.0,0.0,0.0
2024-02-05 13:30:00-05:00,31.829999923706055,31.84000015258789,31.829999923706055,31.83989906311035,337,0.0,0.0,0.0
2024-02-05 14:30:00-05:00,31.81999969482422,31.81999969482422,31.81999969482422,31.81999969482422,168,0.0,0.0,0.0
2024-02-05 15:30:00-05:00,31.84429931640625,31.84429931640625,31.81920051574707,31.81920051574707,0,0.0,0.0,0.0
2024-02-06 10:30:00-05:00,31.812299728393555,31.860000610351562,31.812299728393555,31.834999084472656,3647,0.0,0.0,0.0
2024-02-06 11:30:00-05:00,31.850000381469727,31.850000381469727,31.81999969482422,31.829999923706055,3772,0.0,0.0,0.0
2024-02-06 12:30:00-05:00,31.84000015258789,31.84000015258789,31.84000015258789,31.84000015258789,180,0.0,0.0,0.0
2024-02-06 13:30:00-05:00,31.800100326538086,31.829999923706055,31.800100326538086,31.829999923706055,8141,0.0,0.0,0.0
2024-02-06 14:30:00-05:00,31.81999969482422,31.860000610351562,31.81999969482422,31.860000610351562,836,0.0,0.0,0.0
2024-02-06 15:30:00-05:00,31.820199966430664,31.889999389648438,31.799999237060547,31.81999969482422,0,0.0,0.0,0.0
2024-02-07 09:30:00-05:00,31.940000534057617,31.968299865722656,31.92329978942871,31.92329978942871,1201,0.0,0.0,0.0
2024-02-07 10:30:00-05:00,32.024200439453125,32.024200439453125,32.024200439453125,32.024200439453125,1082,0.0,0.0,0.0
2024-02-07 12:30:00-05:00,31.950000762939453,31.95009994506836,31.950000762939453,31.95009994506836,400,0.0,0.0,0.0
2024-02-07 13:30:00-05:00,31.989999771118164,32.00040054321289,31.989999771118164,32.00040054321289,1148,0.0,0.0,0.0
2024-02-07 14:30:00-05:00,32.0,32.0,31.999900817871094,32.0,731,0.0,0.0,0.0
2024-02-07 15:30:00-05:00,31.960899353027344,32.03969955444336,31.960899353027344,31.979999542236328,1798,0.0,0.0,0.0
2024-02-08 09:30:00-05:00,32.0099983215332,32.0099983215332,32.0,32.0098991394043,0,0.0,0.0,0.0
2024-02-08 10:30:00-05:00,31.930700302124023,32.029998779296875,31.930700302124023,32.029998779296875,3435,0.0,0.0,0.0
2024-02-08 11:30:00-05:00,32.0099983215332,32.01900100708008,31.940000534057617,32.01900100708008,1162,0.0,0.0,0.0
2024-02-08 12:30:00-05:00,32.029998779296875,32.029998779296875,31.951900482177734,31.989999771118164,4889,0.0,0.0,0.0
2024-02-08 13:30:00-05:00,31.950000762939453,31.950000762939453,31.950000762939453,31.950000762939453,218,0.0,0.0,0.0
2024-02-08 14:30:00-05:00,31.959999084472656,32.040000915527344,31.950899124145508,32.005001068115234,1781,0.0,0.0,0.0
2024-02-08 15:30:00-05:00,32.04999923706055,32.04999923706055,32.000301361083984,32.000301361083984,0,0.0,0.0,0.0
2024-02-09 09:30:00-05:00,32.07360076904297,32.07360076904297,32.04999923706055,32.04999923706055,826,0.0,0.0,0.0
2024-02-09 10:30:00-05:00,32.07749938964844,32.119998931884766,32.02009963989258,32.11000061035156,10448,0.0,0.0,0.0
2024-02-09 12:30:00-05:00,32.099998474121094,32.130001068115234,32.099998474121094,32.130001068115234,691,0.0,0.0,0.0
2024-02-09 13:30:00-05:00,32.09000015258789,32.13999938964844,32.09000015258789,32.13999938964844,680,0.0,0.0,0.0
2024-02-09 14:30:00-05:00,32.040000915527344,32.040000915527344,32.040000915527344,32.040000915527344,432,0.0,0.0,0.0
2024-02-09 15:30:00-05:00,32.11000061035156,32.149898529052734,32.070098876953125,32.09429931640625,1812,0.0,0.0,0.0
2024-02-12 09:30:00-05:00,32.10499954223633,32.13999938964844,32.10499954223633,32.13999938964844,0,0.0,0.0,0.0
2024-02-12 10:30:00-05:00,32.13999938964844,32.13999938964844,32.13999938964844,32.13999938964844,1335,0.0,0.0,0.0
2024-02-12 11:30:00-05:00,32.11000061035156,32.11000061035156,32.11000061035156,32.11000061035156,192,0.0,0.0,0.0
2024-02-12 13:30:00-05:00,32.18000030517578,32.18000030517578,32.150001525878906,32.150001525878906,6418,0.0,0.0,0.0
2024-02-12 14:30:00-05:00,32.10749816894531,32.13999938964844,32.08000183105469,32.13990020751953,4451,0.0,0.0,0.0
2024-02-12 15:30:00-05:00,32.040000915527344,32.085899353027344,32.040000915527344,32.085899353027344,0,0.0,0.0,0.0
2024-02-13 09:30:00-05:00,31.860000610351562,31.860000610351562,31.860000610351562,31.860000610351562,255,0.0,0.0,0.0
2024-02-13 10:30:00-05:00,31.899999618530273,31.90999984741211,31.81999969482422,31.889999389648438,38691,0.0,0.0,0.0
2024-02-13 12:30:00-05:00,31.8799991607666,31.8799991607666,31.84000015258789,31.84000015258789,1013,0.0,0.0,0.0
2024-02-13 13:30:00-05:00,31.84000015258789,31.84000015258789,31.84000015258789,31.84000015258789,976,0.0,0.0,0.0
2024-02-13 14:30:00-05:00,31.719999313354492,31.729999542236328,31.697099685668945,31.697099685668945,777,0.0,0.0,0.0
2024-02-13 15:30:00-05:00,31.729999542236328,31.792299270629883,31.690000534057617,31.792299270629883,3438,0.0,0.0,0.0
2024-02-14 09:30:00-05:00,31.915000915527344,31.969900131225586,31.915000915527344,31.9330997467041,0,0.0,0.0,0.0
2024-02-14 10:30:00-05:00,31.969999313354492,31.969999313354492,31.8799991607666,31.90999984741211,4428,0.0,0.0,0.0
2024-02-14 11:30:00-05:00,31.920000076293945,31.920000076293945,31.850000381469727,31.899999618530273,2803,0.0,0.0,0.0
2024-02-14 12:30:00-05:00,31.905000686645508,31.940000534057617,31.905000686645508,31.940000534057617,2777,0.0,0.0,0.0
2024-02-14 15:30:00-05:00,32.019901275634766,32.019901275634766,32.00859832763672,32.00859832763672,0,0.0,0.0,0.0
2024-02-15 09:30:00-05:00,32.10219955444336,32.10219955444336,32.10219955444336,32.10219955444336,514,0.0,0.0,0.0
2024-02-15 10:30:00-05:00,32.09000015258789,32.09000015258789,32.076499938964844,32.076499938964844,5311,0.0,0.0,0.0
2024-02-15 11:30:00-05:00,32.04800033569336,32.04800033569336,32.04800033569336,32.04800033569336,507,0.0,0.0,0.0
2024-02-15 12:30:00-05:00,32.09000015258789,32.09000015258789,32.09000015258789,32.09000015258789,100,0.0,0.0,0.0
2024-02-15 13:30:00-05:00,32.13999938964844,32.150001525878906,32.13999938964844,32.150001525878906,840,0.0,0.0,0.0
2024-02-15 14:30:00-05:00,32.16999816894531,32.16999816894531,32.16999816894531,32.16999816894531,4820,0.0,0.0,0.0
2024-02-15 15:30:00-05:00,32.150001525878906,32.15999984741211,32.150001525878906,32.159000396728516,1659,0.0,0.0,0.0
2024-02-16 09:30:00-05:00,32.099998474121094,32.109901428222656,32.02009963989258,32.109901428222656,0,0.0,0.0,0.0
2024-02-16 11:30:00-05:00,32.150001525878906,32.150001525878906,32.150001525878906,32.150001525878906,407,0.0,0.0,0.0
2024-02-16 12:30:00-05:00,32.12770080566406,32.13999938964844,32.12770080566406,32.13999938964844,2587,0.0,0.0,0.0
2024-02-16 14:30:00-05:00,32.119998931884766,32.119998931884766,32.04999923706055,32.04999923706055,1056,0.0,0.0,0.0
2024-02-16 15:30:00-05:00,32.05699920654297,32.05699920654297,32.040000915527344,32.040000915527344,3366,0.0,0.0,0.0
2024-02-20 10:30:00-05:00,31.97010040283203,31.999000549316406,31.97010040283203,31.999000549316406,1330,0.0,0.0,0.0
2024-02-20 13:30:00-05:00,31.874799728393555,31.93000030517578,31.874799728393555,31.93000030517578,2499,0.0,0.0,0.0
2024-02-20 14:30:00-05:00,31.92639923095703,31.969999313354492,31.92639923095703,31.969999313354492,2570,0.0,0.0,0.0
2024-02-20 15:30:00-05:00,31.8799991607666,31.90999984741211,31.8799991607666,31.89889907836914,0,0.0,0.0,0.0
2024-02-21 09:30:00-05:00,31.8700008392334,31.8700008392334,31.8700008392334,31.8700008392334,306,0.0,0.0,0.0
2024-02-21 10:30:00-05:00,31.871000289916992,31.925800323486328,31.8700008392334,31.925800323486328,3841,0.0,0.0,0.0
2024-02-21 13:30:00-05:00,31.929899215698242,31.929899215698242,31.929899215698242,31.929899215698242,134,0.0,0.0,0.0
2024-02-21 14:30:00-05:00,31.8799991607666,31.8799991607666,31.860000610351562,31.860000610351562,1382,0.0,0.0,0.0
2024-02-21 15:30:00-05:00,31.943599700927734,31.96380043029785,31.943599700927734,31.96380043029785,0,0.0,0.0,0.0
2024-02-22 09:30:00-05:00,32.2400016784668,32.290000915527344,32.2400016784668,32.2599983215332,2930,0.0,0.0,0.0
2024-02-22 10:30:00-05:00,32.25,32.27000045776367,32.23109817504883,32.27000045776367,4855,0.0,0.0,0.0
2024-02-22 12:30:00-05:00,32.25,32.314998626708984,32.25,32.314998626708984,1568,0.0,0.0,0.0
2024-02-22 13:30:00-05:00,32.34000015258789,32.380001068115234,32.34000015258789,32.37990188598633,1990,0.0,0.0,0.0
2024-02-22 14:30:00-05:00,32.34000015258789,32.34000015258789,32.34000015258789,32.34000015258789,319,0.0,0.0,0.0
2024-02-22 15:30:00-05:00,32.31999969482422,32.35940170288086,32.31999969482422,32.35940170288086,0,0.0,0.0,0.0
2024-02-23 09:30:00-05:00,32.45000076293945,32.45000076293945,32.40999984741211,32.415000915527344,2056,0.0,0.0,0.0
2024-02-23 10:30:00-05:00,32.439998626708984,32.439998626708984,32.404998779296875,32.404998779296875,638,0.0,0.0,0.0
2024-02-23 11:30:00-05:00,32.400001525878906,32.40999984741211,32.34000015258789,32.3650016784668,982,0.0,0.0,0.0
2024-02-23 12:30:00-05:00,32.36000061035156,32.36000061035156,32.36000061035156,32.36000061035156,1008,0.0,0.0,0.0
2024-02-23 13:30:00-05:00,32.400001525878906,32.400001525878906,32.38309860229492,32.38309860229492,908,0.0,0.0,0.0
2024-02-23 14:30:00-05:00,32.400001525878906,32.40999984741211,32.31999969482422,32.31999969482422,1659,0.0,0.0,0.0
2024-02-23 15:30:00-05:00,32.420799255371094,32.420799255371094,32.40399932861328,32.40999984741211,4090,0.0,0.0,0.0
2024-02-26 09:30:00-05:00,32.320899963378906,32.320899963378906,32.320899963378906,32.320899963378906,0,0.0,0.0,0.0
2024-02-26 10:30:00-05:00,32.36000061035156,32.36000061035156,32.36000061035156,32.36000061035156,2063,0.0,0.0,0.0
2024-02-26 11:30:00-05:00,32.38999938964844,32.38999938964844,32.30179977416992,32.345001220703125,3030,0.0,0.0,0.0
2024-02-26 12:30:00-05:00,32.34980010986328,32.34980010986328,32.29999923706055,32.29999923706055,305,0.0,0.0,0.0
2024-02-26 13:30:00-05:00,32.34000015258789,32.34000015258789,32.310001373291016,32.31420135498047,1220,0.0,0.0,0.0
2024-02-26 14:30:00-05:00,32.349998474121094,32.380001068115234,32.279998779296875,32.279998779296875,6151,0.0,0.0,0.0
2024-02-26 15:30:00-05:00,32.279998779296875,32.369998931884766,32.279998779296875,32.34000015258789,4832,0.0,0.0,0.0
2024-02-27 09:30:00-05:00,32.290000915527344,32.29439926147461,32.290000915527344,32.29439926147461,0,0.0,0.0,0.0
2024-02-27 10:30:00-05:00,32.34000015258789,32.349998474121094,32.279998779296875,32.279998779296875,2734,0.0,0.0,0.0
2024-02-27 11:30:00-05:00,32.32899856567383,32.33000183105469,32.2599983215332,32.29499816894531,1452,0.0,0.0,0.0
2024-02-27 13:30:00-05:00,32.26499938964844,32.32619857788086,32.26499938964844,32.27000045776367,1578,0.0,0.0,0.0
2024-02-27 14:30:00-05:00,32.32389831542969,32.32389831542969,32.290000915527344,32.290000915527344,600,0.0,0.0,0.0
2024-02-27 15:30:00-05:00,32.31999969482422,32.32339859008789,32.31999969482422,32.32339859008789,0,0.0,0.0,0.0
2024-02-28 10:30:00-05:00,32.29999923706055,32.29999923706055,32.29999923706055,32.29999923706055,2806,0.0,0.0,0.0
2024-02-28 13:30:00-05:00,32.29499816894531,32.31999969482422,32.29499816894531,32.31999969482422,3383,0.0,0.0,0.0
2024-02-28 14:30:00-05:00,32.310001373291016,32.310001373291016,32.2400016784668,32.275001525878906,1059,0.0,0.0,0.0
2024-02-28 15:30:00-05:00,32.34000015258789,32.34000015258789,32.29119873046875,32.29119873046875,0,0.0,0.0,0.0
2024-02-29 09:30:00-05:00,32.400001525878906,32.424198150634766,32.39929962158203,32.39929962158203,1888,0.0,0.0,0.0
2024-02-29 12:30:00-05:00,32.369998931884766,32.369998931884766,32.369998931884766,32.369998931884766,280,0.0,0.0,0.0
2024-02-29 13:30:00-05:00,32.38999938964844,32.400001525878906,32.35900115966797,32.35900115966797,1191,0.0,0.0,0.0
2024-02-29 14:30:00-05:00,32.35499954223633,32.38850021362305,32.35499954223633,32.38850021362305,1480,0.0,0.0,0.0
2024-02-29 15:30:00-05:00,32.33000183105469,32.439998626708984,32.33000183105469,32.43069839477539,0,0.0,0.0,0.0
2024-03-01 09:30:00-05:00,32.41999816894531,32.41999816894531,32.41999816894531,32.41999816894531,2775,0.0,0.0,0.0
2024-03-01 10:30:00-05:00,32.43000030517578,32.46120071411133,32.43000030517578,32.46120071411133,4263,0.0,0.0,0.0
2024-03-01 11:30:00-05:00,32.439998626708984,32.5,32.43000030517578,32.5,7174,0.0,0.0,0.0
2024-03-01 13:30:00-05:00,32.540000915527344,32.540000915527344,32.540000915527344,32.540000915527344,100,0.0,0.0,0.0
2024-03-01 14:30:00-05:00,32.540000915527344,32.540000915527344,32.47999954223633,32.47999954223633,1712,0.0,0.0,0.0
2024-03-01 15:30:00-05:00,32.5,32.527000427246094,32.5,32.527000427246094,2287,0.0,0.0,0.0
2024-03-04 09:30:00-05:00,32.45000076293945,32.4900016784668,32.45000076293945,32.4900016784668,0,0.0,0.0,0.0
2024-03-04 11:30:00-05:00,32.54010009765625,32.54010009765625,32.4900016784668,32.4900016784668,3862,0.0,0.0,0.0
2024-03-04 12:30:00-05:00,32.56999969482422,32.56999969482422,32.53499984741211,32.53499984741211,514,0.0,0.0,0.0
2024-03-04 13:30:00-05:00,32.560001373291016,32.560001373291016,32.5,32.5,898,0.0,0.0,0.0
2024-03-04 14:30:00-05:00,32.564998626708984,32.599998474121094,32.564998626708984,32.59989929199219,2370,0.0,0.0,0.0
2024-03-04 15:30:00-05:00,32.470001220703125,32.51490020751953,32.470001220703125,32.51490020751953,0,0.0,0.0,0.0
2024-03-05 10:30:00-05:00,32.36949920654297,32.36949920654297,32.3650016784668,32.3650016784668,463,0.0,0.0,0.0
2024-03-05 11:30:00-05:00,32.380001068115234,32.38999938964844,32.34000015258789,32.38999938964844,2981,0.0,0.0,0.0
2024-03-05 13:30:00-05:00,32.31999969482422,32.34000015258789,32.31999969482422,32.34000015258789,108619,0.0,0.0,0.0
2024-03-05 15:30:00-05:00,32.2599983215332,32.3213996887207,32.2599983215332,32.3213996887207,0,0.0,0.0,0.0
2024-03-06 10:30:00-05:00,32.40010070800781,32.459999084472656,32.40010070800781,32.459999084472656,1520,0.0,0.0,0.0
2024-03-06 11:30:00-05:00,32.470001220703125,32.470001220703125,32.459999084472656,32.459999084472656,3108,0.0,0.0,0.0
2024-03-06 12:30:00-05:00,32.474998474121094,32.474998474121094,32.45000076293945,32.45000076293945,1140,0.0,0.0,0.0
2024-03-06 13:30:00-05:00,32.40999984741211,32.40999984741211,32.40999984741211,32.40999984741211,261,0.0,0.0,0.0
2024-03-06 14:30:00-05:00,32.42900085449219,32.42900085449219,32.42900085449219,32.42900085449219,122,0.0,0.0,0.0
2024-03-06 15:30:00-05:00,32.44499969482422,32.470001220703125,32.4275016784668,32.4275016784668,0,0.0,0.0,0.0
2024-03-07 09:30:00-05:00,32.505001068115234,32.540000915527344,32.505001068115234,32.540000915527344,835,0.0,0.0,0.0
2024-03-07 11:30:00-05:00,32.540000915527344,32.540000915527344,32.540000915527344,32.540000915527344,0,0.0,0.0,0.0
2024-03-07 12:30:00-05:00,32.52009963989258,32.57899856567383,32.52009963989258,32.560001373291016,3098,0.0,0.0,0.0
2024-03-07 13:30:00-05:00,32.599998474121094,32.599998474121094,32.599998474121094,32.599998474121094,487,0.0,0.0,0.0
2024-03-07 14:30:00-05:00,32.61399841308594,32.61399841308594,32.571998596191406,32.571998596191406,4949,0.0,0.0,0.0
2024-03-07 15:30:00-05:00,32.569698333740234,32.599998474121094,32.540000915527344,32.59709930419922,0,0.0,0.0,0.0
2024-03-08 10:30:00-05:00,32.677101135253906,32.6885986328125,32.6619987487793,32.6885986328125,1590,0.0,0.0,0.0
2024-03-08 11:30:00-05:00,32.59000015258789,32.599998474121094,32.560001373291016,32.560001373291016,2273,0.0,0.0,0.0
2024-03-08 12:30:00-05:00,32.55500030517578,32.55500030517578,32.529300689697266,32.529300689697266,1005,0.0,0.0,0.0
2024-03-08 13:30:00-05:00,32.45500183105469,32.4900016784668,32.45500183105469,32.4900016784668,335,0.0,0.0,0.0
2024-03-08 14:30:00-05:00,32.529998779296875,32.529998779296875,32.5099983215332,32.5099983215332,401,0.0,0.0,0.0
2024-03-08 15:30:00-05:00,32.5099983215332,32.5099983215332,32.507198333740234,32.507198333740234,865,0.0,0.0,0.0
2024-03-11 09:30:00-04:00,32.38999938964844,32.38999938964844,32.38999938964844,32.38999938964844,0,0.0,0.0,0.0
2024-03-11 10:30:00-04:00,32.40999984741211,32.40999984741211,32.38999938964844,32.38999938964844,1984,0.0,0.0,0.0
2024-03-11 11:30:00-04:00,32.43000030517578,32.43000030517578,32.43000030517578,32.43000030517578,240,0.0,0.0,0.0
2024-03-11 15:30:00-04:00,32.499900817871094,32.499900817871094,32.439998626708984,32.44390106201172,0,0.0,0.0,0.0
2024-03-12 11:30:00-04:00,32.599998474121094,32.61000061035156,32.599998474121094,32.61000061035156,5334,0.0,0.0,0.0
2024-03-12 12:30:00-04:00,32.589900970458984,32.589900970458984,32.589900970458984,32.589900970458984,530,0.0,0.0,0.0
2024-03-12 13:30:00-04:00,32.60449981689453,32.60449981689453,32.60449981689453,32.60449981689453,437,0.0,0.0,0.0
2024-03-12 14:30:00-04:00,32.61199951171875,32.650001525878906,32.61199951171875,32.650001525878906,3255,0.0,0.0,0.0
2024-03-12 15:30:00-04:00,32.6349983215332,32.65999984741211,32.6349983215332,32.64939880371094,1570,0.0,0.0,0.0
2024-03-13 10:30:00-04:00,32.68000030517578,32.68000030517578,32.6349983215332,32.66999816894531,1718,0.0,0.0,0.0
2024-03-13 13:30:00-04:00,32.600101470947266,32.68989944458008,32.600101470947266,32.619998931884766,24234,0.0,0.0,0.0
2024-03-13 14:30:00-04:00,32.61000061035156,32.61000061035156,32.61000061035156,32.61000061035156,310,0.0,0.0,0.0
2024-03-13 15:30:00-04:00,32.65999984741211,32.65999984741211,32.59000015258789,32.64739990234375,0,0.0,0.0,0.0
2024-03-14 09:30:00-04:00,32.61000061035156,32.61000061035156,32.61000061035156,32.61000061035156,152,0.0,0.0,0.0
2024-03-14 10:30:00-04:00,32.570098876953125,32.63999938964844,32.570098876953125,32.63999938964844,2263,0.0,0.0,0.0
2024-03-14 12:30:00-04:00,32.52009963989258,32.54999923706055,32.52009963989258,32.54999923706055,696,0.0,0.0,0.0
2024-03-14 13:30:00-04:00,32.5630989074707,32.57500076293945,32.54999923706055,32.56050109863281,8449,0.0,0.0,0.0
2024-03-14 14:30:00-04:00,32.4900016784668,32.53820037841797,32.470001220703125,32.499698638916016,8618,0.0,0.0,0.0
2024-03-14 15:30:00-04:00,32.5,32.55730056762695,32.4900016784668,32.55730056762695,0,0.0,0.0,0.0
2024-03-15 11:30:00-04:00,32.47999954223633,32.499900817871094,32.47999954223633,32.499900817871094,2931,0.0,0.0,0.0
2024-03-15 13:30:00-04:00,32.45000076293945,32.489898681640625,32.45000076293945,32.489898681640625,819,0.0,0.0,0.0
2024-03-15 14:30:00-04:00,32.52000045776367,32.52000045776367,32.45000076293945,32.45009994506836,1677,0.0,0.0,0.0
2024-03-15 15:30:00-04:00,32.5,32.5,32.439998626708984,32.439998626708984,2593,0.0,0.0,0.0
2024-03-18 09:30:00-04:00,32.58000183105469,32.65999984741211,32.58000183105469,32.65999984741211,0,0.0,0.0,0.0
2024-03-18 10:30:00-04:00,32.61000061035156,32.6349983215332,32.599998474121094,32.6349983215332,1740,0.0,0.0,0.0
2024-03-18 11:30:00-04:00,32.65999984741211,32.65999984741211,32.630001068115234,32.630001068115234,2730,0.0,0.0,0.0
2024-03-18 12:30:00-04:00,32.60169982910156,32.60169982910156,32.599998474121094,32.599998474121094,271,0.0,0.0,0.0
2024-03-18 13:30:00-04:00,32.630001068115234,32.630001068115234,32.630001068115234,32.630001068115234,8111,0.0,0.0,0.0
2024-03-18 15:30:00-04:00,32.625099182128906,32.644798278808594,32.56999969482422,32.57270050048828,0,0.0,0.0,0.0
2024-03-19 10:30:00-04:00,32.56999969482422,32.599998474121094,32.56999969482422,32.599998474121094,5627,0.0,0.0,0.0
2024-03-19 12:30:00-04:00,32.689998626708984,32.689998626708984,32.66999816894531,32.66999816894531,2072,0.0,0.0,0.0
2024-03-19 14:30:00-04:00,32.630001068115234,32.689998626708984,32.630001068115234,32.689998626708984,1115,0.0,0.0,0.0
2024-03-19 15:30:00-04:00,32.66999816894531,32.7400016784668,32.66999816894531,32.731300354003906,0,0.0,0.0,0.0
2024-03-20 10:30:00-04:00,32.75,32.75,32.68000030517578,32.68000030517578,2236,0.0,0.0,0.0
2024-03-20 12:30:00-04:00,32.659000396728516,32.66279983520508,32.659000396728516,32.66279983520508,3009,0.0,0.0,0.0
2024-03-20 13:30:00-04:00,32.685001373291016,32.7400016784668,32.68000030517578,32.7400016784668,8028,0.0,0.0,0.0
2024-03-20 15:30:00-04:00,32.834999084472656,32.86000061035156,32.810001373291016,32.81489944458008,0,0.0,0.0,0.0
2024-03-21 09:30:00-04:00,32.93000030517578,32.93000030517578,32.93000030517578,32.93000030517578,250,0.0,0.0,0.0
2024-03-21 10:30:00-04:00,32.90999984741211,32.95000076293945,32.90999984741211,32.935001373291016,2510,0.0,0.0,0.0
2024-03-21 12:30:00-04:00,32.93000030517578,32.93000030517578,32.93000030517578,32.93000030517578,100,0.0,0.0,0.0
2024-03-21 13:30:00-04:00,32.89189910888672,32.95000076293945,32.89189910888672,32.95000076293945,4126,0.0,0.0,0.0
2024-03-21 14:30:00-04:00,32.880001068115234,32.88010025024414,32.86159896850586,32.87009811401367,539,0.0,0.0,0.0
2024-03-21 15:30:00-04:00,32.93000030517578,32.95000076293945,32.9099006652832,32.9099006652832,2007,0.0,0.0,0.0
2024-03-22 10:30:00-04:00,32.91999816894531,32.93000030517578,32.8849983215332,32.900001525878906,1922,0.0,0.0,0.0
2024-03-22 12:30:00-04:00,32.89590072631836,32.90999984741211,32.89500045776367,32.89500045776367,3500,0.0,0.0,0.0
2024-03-22 15:30:00-04:00,32.90999984741211,32.90999984741211,32.90999984741211,32.90999984741211,1625,0.0,0.0,0.0
2024-03-25 11:30:00-04:00,32.869998931884766,32.869998931884766,32.869998931884766,32.869998931884766,0,0.0,0.0,0.0
2024-03-25 12:30:00-04:00,32.8650016784668,32.8650016784668,32.849998474121094,32.849998474121094,2309,0.0,0.0,0.0
2024-03-25 14:30:00-04:00,32.862098693847656,32.88890075683594,32.862098693847656,32.88890075683594,1159,0.0,0.0,0.0
2024-03-25 15:30:00-04:00,32.83000183105469,32.83000183105469,32.810001373291016,32.8140983581543,0,0.0,0.0,0.0
2024-03-26 09:30:00-04:00,32.84040069580078,32.880001068115234,32.83100128173828,32.83100128173828,4986,0.0,0.0,0.0
2024-03-26 10:30:00-04:00,32.875,32.93000030517578,32.820098876953125,32.880001068115234,6018,0.0,0.0,0.0
2024-03-26 12:30:00-04:00,32.867801666259766,32.93000030517578,32.867801666259766,32.88999938964844,6014,0.0,0.0,0.0
2024-03-26 13:30:00-04:00,32.8849983215332,32.8849983215332,32.8849983215332,32.8849983215332,226,0.0,0.0,0.0
2024-03-26 15:30:00-04:00,32.83000183105469,32.85319900512695,32.779998779296875,32.83000183105469,6744,0.0,0.0,0.0
2024-03-27 09:30:00-04:00,32.849998474121094,32.869998931884766,32.849998474121094,32.869998931884766,0,0.0,0.0,0.0
2024-03-27 10:30:00-04:00,32.841800689697266,32.899898529052734,32.84040069580078,32.899898529052734,1605,0.0,0.0,0.0
2024-03-27 11:30:00-04:00,32.83000183105469,32.83000183105469,32.83000183105469,32.83000183105469,355,0.0,0.0,0.0
2024-03-27 12:30:00-04:00,32.880001068115234,32.899898529052734,32.880001068115234,32.880001068115234,633,0.0,0.0,0.0
2024-03-27 13:30:00-04:00,32.880001068115234,32.919898986816406,32.84000015258789,32.8849983215332,5145,0.0,0.0,0.0
2024-03-27 14:30:00-04:00,32.849998474121094,32.88999938964844,32.849998474121094,32.875,2569,0.0,0.0,0.0
2024-03-27 15:30:00-04:00,32.91999816894531,32.9213981628418,32.91999816894531,32.9213981628418,219,0.0,0.0,0.0
2024-03-28 09:30:00-04:00,32.9900016784668,32.9900016784668,32.93000030517578,32.93000030517578,0,0.0,0.0,0.0
2024-03-28 12:30:00-04:00,32.96500015258789,32.96500015258789,32.94499969482422,32.94499969482422,1611,0.0,0.0,0.0
2024-03-28 13:30:00-04:00,32.970001220703125,32.970001220703125,32.94300079345703,32.970001220703125,2184,0.0,0.0,0.0
2024-03-28 14:30:00-04:00,32.939998626708984,32.979801177978516,32.939998626708984,32.979801177978516,7176,0.0,0.0,0.0
2024-04-01 11:30:00-04:00,32.880001068115234,32.93989944458008,32.880001068115234,32.896400451660156,2965,0.0,0.0,0.0
2024-04-01 12:30:00-04:00,32.91999816894531,32.91999816894531,32.91999816894531,32.91999816894531,300,0.0,0.0,0.0
2024-04-01 14:30:00-04:00,32.897701263427734,32.897701263427734,32.897701263427734,32.897701263427734,280,0.0,0.0,0.0
2024-04-01 15:30:00-04:00,32.919700622558594,32.919700622558594,32.9031982421875,32.9031982421875,0,0.0,0.0,0.0
2024-04-02 12:30:00-04:00,32.78689956665039,32.78689956665039,32.78689956665039,32.78689956665039,157,0.0,0.0,0.0
2024-04-02 13:30:00-04:00,32.75,32.76390075683594,32.75,32.75410079956055,2472,0.0,0.0,0.0
2024-04-02 14:30:00-04:00,32.7599983215332,32.814998626708984,32.7599983215332,32.77000045776367,73463,0.0,0.0,0.0
2024-04-02 15:30:00-04:00,32.81999969482422,32.83000183105469,32.790000915527344,32.795101165771484,0,0.0,0.0,0.0
2024-04-03 10:30:00-04:00,32.88999938964844,32.88999938964844,32.88999938964844,32.88999938964844,181,0.0,0.0,0.0
2024-04-03 11:30:00-04:00,32.86410140991211,32.869998931884766,32.842098236083984,32.869998931884766,1405,0.0,0.0,0.0
2024-04-03 12:30:00-04:00,32.85110092163086,32.880001068115234,32.84000015258789,32.84000015258789,3603,0.0,0.0,0.0
2024-04-03 13:30:00-04:00,32.84000015258789,32.84000015258789,32.834999084472656,32.834999084472656,849,0.0,0.0,0.0
2024-04-03 14:30:00-04:00,32.86840057373047,32.86840057373047,32.810001373291016,32.810001373291016,1724,0.0,0.0,0.0
2024-04-03 15:30:00-04:00,32.81100082397461,32.83000183105469,32.79999923706055,32.8026008605957,0,0.0,0.0,0.0
2024-04-04 09:30:00-04:00,32.93000030517578,32.974998474121094,32.93000030517578,32.95709991455078,414,0.0,0.0,0.0
2024-04-04 10:30:00-04:00,32.942100524902344,32.942100524902344,32.91999816894531,32.91999816894531,2505,0.0,0.0,0.0
2024-04-04 11:30:00-04:00,32.941001892089844,32.959999084472656,32.93600082397461,32.95500183105469,2603,0.0,0.0,0.0
2024-04-04 13:30:00-04:00,32.91109848022461,32.91109848022461,32.84000015258789,32.84000015258789,706,0.0,0.0,0.0
2024-04-04 14:30:00-04:00,32.70000076293945,32.720001220703125,32.689998626708984,32.689998626708984,1542,0.0,0.0,0.0
2024-04-04 15:30:00-04:00,32.63999938964844,32.6599006652832,32.599998474121094,32.60319900512695,1360,0.0,0.0,0.0
2024-04-05 09:30:00-04:00,32.709999084472656,32.709999084472656,32.70500183105469,32.70500183105469,0,0.0,0.0,0.0
2024-04-05 10:30:00-04:00,32.72999954223633,32.77000045776367,32.72999954223633,32.755001068115234,3958,0.0,0.0,0.0
2024-04-05 11:30:00-04:00,32.82500076293945,32.82500076293945,32.82500076293945,32.82500076293945,996,0.0,0.0,0.0
2024-04-05 12:30:00-04:00,32.84389877319336,32.84389877319336,32.79999923706055,32.79999923706055,652,0.0,0.0,0.0
2024-04-05 13:30:00-04:00,32.790000915527344,32.790000915527344,32.790000915527344,32.790000915527344,177,0.0,0.0,0.0
2024-04-05 14:30:00-04:00,32.78499984741211,32.78499984741211,32.7599983215332,32.7599983215332,497,0.0,0.0,0.0
2024-04-05 15:30:00-04:00,32.79999923706055,32.79999923706055,32.779998779296875,32.78329849243164,1205,0.0,0.0,0.0
2024-04-08 10:30:00-04:00,32.82500076293945,32.86000061035156,32.80009841918945,32.81999969482422,3102,0.0,0.0,0.0
2024-04-08 12:30:00-04:00,32.7599983215332,32.79999923706055,32.7599983215332,32.79999923706055,9993,0.0,0.0,0.0
2024-04-08 15:30:00-04:00,32.84000015258789,32.849998474121094,32.790000915527344,32.79199981689453,0,0.0,0.0,0.0
2024-04-09 09:30:00-04:00,32.79010009765625,32.880001068115234,32.79010009765625,32.849998474121094,674,0.0,0.0,0.0
2024-04-09 10:30:00-04:00,32.7400016784668,32.7400016784668,32.66419982910156,32.71820068359375,2653,0.0,0.0,0.0
2024-04-09 12:30:00-04:00,32.72999954223633,32.809898376464844,32.72999954223633,32.750099182128906,605,0.0,0.0,0.0
2024-04-09 13:30:00-04:00,32.779998779296875,32.779998779296875,32.7599983215332,32.7599983215332,47255,0.0,0.0,0.0
2024-04-09 15:30:00-04:00,32.79999923706055,32.802101135253906,32.79999923706055,32.802101135253906,0,0.0,0.0,0.0
2024-04-10 10:30:00-04:00,32.75,32.75,32.63090133666992,32.63090133666992,1947,0.0,0.0,0.0
2024-04-10 11:30:00-04:00,32.630001068115234,32.64820098876953,32.609901428222656,32.61119842529297,2437,0.0,0.0,0.0
2024-04-10 12:30:00-04:00,32.630001068115234,32.66999816894531,32.630001068115234,32.650001525878906,2238,0.0,0.0,0.0
2024-04-10 14:30:00-04:00,32.65999984741211,32.65999984741211,32.6088981628418,32.64899826049805,3846,0.0,0.0,0.0
2024-04-10 15:30:00-04:00,32.68000030517578,32.68000030517578,32.66600036621094,32.66600036621094,473,0.0,0.0,0.0
2024-04-11 09:30:00-04:00,32.56999969482422,32.56999969482422,32.56999969482422,32.56999969482422,0,0.0,0.0,0.0
2024-04-11 10:30:00-04:00,32.650001525878906,32.65999984741211,32.61000061035156,32.61000061035156,1150,0.0,0.0,0.0
2024-04-11 11:30:00-04:00,32.63999938964844,32.63999938964844,32.63999938964844,32.63999938964844,394,0.0,0.0,0.0
2024-04-11 12:30:00-04:00,32.68000030517578,32.689998626708984,32.660099029541016,32.66999816894531,10400,0.0,0.0,0.0
2024-04-11 13:30:00-04:00,32.81850051879883,32.81850051879883,32.79999923706055,32.81850051879883,1051,0.0,0.0,0.0
2024-04-11 14:30:00-04:00,32.810001373291016,32.810001373291016,32.810001373291016,32.810001373291016,487,0.0,0.0,0.0
2024-04-11 15:30:00-04:00,32.84000015258789,32.84000015258789,32.81999969482422,32.81999969482422,0,0.0,0.0,0.0
2024-04-12 09:30:00-04:00,32.68000030517578,32.68000030517578,32.68000030517578,32.68000030517578,406,0.0,0.0,0.0
2024-04-12 10:30:00-04:00,32.654998779296875,32.654998779296875,32.55009841918945,32.59320068359375,3953,0.0,0.0,0.0
2024-04-12 11:30:00-04:00,32.650001525878906,32.650001525878906,32.61000061035156,32.61000061035156,526,0.0,0.0,0.0
2024-04-12 12:30:00-04:00,32.54999923706055,32.54999923706055,32.54999923706055,32.54999923706055,209,0.0,0.0,0.0
2024-04-12 14:30:00-04:00,32.5099983215332,32.529998779296875,32.470001220703125,32.529998779296875,3312,0.0,0.0,0.0
2024-04-12 15:30:00-04:00,32.50469970703125,32.579898834228516,32.50469970703125,32.53499984741211,2099,0.0,0.0,0.0
2024-04-15 09:30:00-04:00,32.660099029541016,32.69369888305664,32.660099029541016,32.69369888305664,0,0.0,0.0,0.0
2024-04-15 10:30:00-04:00,32.560001373291016,32.584999084472656,32.560001373291016,32.577999114990234,853,0.0,0.0,0.0
2024-04-15 11:30:00-04:00,32.57500076293945,32.630001068115234,32.57500076293945,32.6150016784668,859,0.0,0.0,0.0
2024-04-15 12:30:00-04:00,32.54999923706055,32.54999923706055,32.45000076293945,32.45000076293945,200,0.0,0.0,0.0
2024-04-15 13:30:00-04:00,32.375,32.375,32.36589813232422,32.36589813232422,1751,0.0,0.0,0.0
2024-04-15 14:30:00-04:00,32.369998931884766,32.380001068115234,32.3036994934082,32.3036994934082,4792,0.0,0.0,0.0
2024-04-15 15:30:00-04:00,32.29999923706055,32.334999084472656,32.29999923706055,32.3306999206543,1410,0.0,0.0,0.0
2024-04-16 09:30:00-04:00,32.34000015258789,32.34000015258789,32.31999969482422,32.31999969482422,0,0.0,0.0,0.0
2024-04-16 10:30:00-04:00,32.22999954223633,32.31990051269531,32.22999954223633,32.31990051269531,881,0.0,0.0,0.0
2024-04-16 11:30:00-04:00,32.34000015258789,32.36000061035156,32.34000015258789,32.36000061035156,2245,0.0,0.0,0.0
2024-04-16 13:30:00-04:00,32.26250076293945,32.26250076293945,32.26250076293945,32.26250076293945,221,0.0,0.0,0.0
2024-04-16 14:30:00-04:00,32.349098205566406,32.36000061035156,32.31999969482422,32.36000061035156,1318,0.0,0.0,0.0
2024-04-16 15:30:00-04:00,32.36989974975586,32.36989974975586,32.32659912109375,32.32659912109375,0,0.0,0.0,0.0
2024-04-17 10:30:00-04:00,32.31990051269531,32.31999969482422,32.306400299072266,32.31999969482422,214,0.0,0.0,0.0
2024-04-17 12:30:00-04:00,32.16999816894531,32.209999084472656,32.16999816894531,32.209999084472656,8370,0.0,0.0,0.0
2024-04-17 13:30:00-04:00,32.2400016784668,32.255001068115234,32.2400016784668,32.255001068115234,0,0.0,0.0,0.0
2024-04-17 14:30:00-04:00,32.22999954223633,32.2599983215332,32.20399856567383,32.217498779296875,58,0.0,0.0,0.0
2024-04-18 10:30:00-04:00,32.310001373291016,32.310001373291016,32.29999923706055,32.29999923706055,3935,0.0,0.0,0.0
2024-04-18 12:30:00-04:00,32.26900100708008,32.26900100708008,32.220001220703125,32.220001220703125,2447,0.0,0.0,0.0
2024-04-18 13:30:00-04:00,32.150001525878906,32.15999984741211,32.150001525878906,32.15999984741211,290,0.0,0.0,0.0
2024-04-18 15:30:00-04:00,32.119998931884766,32.220001220703125,32.119998931884766,32.1505012512207,0,0.0,0.0,0.0
2024-04-19 10:30:00-04:00,32.15999984741211,32.15999984741211,32.119998931884766,32.119998931884766,2078,0.0,0.0,0.0
2024-04-19 11:30:00-04:00,32.0099983215332,32.0099983215332,32.0099983215332,32.0099983215332,171,0.0,0.0,0.0
2024-04-19 13:30:00-04:00,32.064998626708984,32.08000183105469,32.000099182128906,32.000099182128906,2349,0.0,0.0,0.0
2024-04-19 14:30:00-04:00,31.989999771118164,31.989999771118164,31.95009994506836,31.95009994506836,2516,0.0,0.0,0.0
2024-04-19 15:30:00-04:00,31.98780059814453,31.988300323486328,31.950000762939453,31.950000762939453,2903,0.0,0.0,0.0
2024-04-22 09:30:00-04:00,32.130001068115234,32.130001068115234,32.08000183105469,32.08000183105469,0,0.0,0.0,0.0
2024-04-22 12:30:00-04:00,32.13999938964844,32.13999938964844,32.13999938964844,32.13999938964844,166,0.0,0.0,0.0
2024-04-22 13:30:00-04:00,32.189998626708984,32.2599983215332,32.189998626708984,32.25,1131,0.0,0.0,0.0
2024-04-22 14:30:00-04:00,32.2599983215332,32.27000045776367,32.22999954223633,32.22999954223633,745,0.0,0.0,0.0
2024-04-22 15:30:00-04:00,32.209999084472656,32.209999084472656,32.189998626708984,32.197200775146484,0,0.0,0.0,0.0
2024-04-23 09:30:00-04:00,32.31999969482422,32.34000015258789,32.31999969482422,32.34000015258789,459,0.0,0.0,0.0
2024-04-23 10:30:00-04:00,32.369998931884766,32.40999984741211,32.369998931884766,32.369998931884766,2450,0.0,0.0,0.0
2024-04-23 12:30:00-04:00,32.41189956665039,32.41189956665039,32.41189956665039,32.41189956665039,724,0.0,0.0,0.0
2024-04-23 15:30:00-04:00,32.46989822387695,32.46989822387695,32.42100143432617,32.42100143432617,678,0.0,0.0,0.0
2024-04-24 10:30:00-04:00,32.394500732421875,32.394500732421875,32.394500732421875,32.394500732421875,0,0.0,0.0,0.0
2024-04-24 11:30:00-04:00,32.41999816894531,32.41999816894531,32.41999816894531,32.41999816894531,3833,0.0,0.0,0.0
2024-04-24 13:30:00-04:00,32.44139862060547,32.4900016784668,32.44139862060547,32.47999954223633,7261,0.0,0.0,0.0
2024-04-24 14:30:00-04:00,32.404998779296875,32.41709899902344,32.404998779296875,32.41709899902344,684,0.0,0.0,0.0
2024-04-24 15:30:00-04:00,32.47890090942383,32.4900016784668,32.45500183105469,32.47999954223633,0,0.0,0.0,0.0
2024-04-25 10:30:00-04:00,32.16999816894531,32.20109939575195,32.16999816894531,32.20109939575195,4374,0.0,0.0,0.0
2024-04-25 11:30:00-04:00,32.150001525878906,32.25899887084961,32.150001525878906,32.25899887084961,593,0.0,0.0,0.0
2024-04-25 12:30:00-04:00,32.220001220703125,32.25699996948242,32.220001220703125,32.25699996948242,376,0.0,0.0,0.0
2024-04-25 13:30:00-04:00,32.29999923706055,32.34550094604492,32.29999923706055,32.34550094604492,1048,0.0,0.0,0.0
2024-04-25 14:30:00-04:00,32.279998779296875,32.279998779296875,32.279998779296875,32.279998779296875,278,0.0,0.0,0.0
2024-04-25 15:30:00-04:00,32.400001525878906,32.400001525878906,32.33000183105469,32.34170150756836,0,0.0,0.0,0.0
2024-04-26 09:30:00-04:00,32.525001525878906,32.569000244140625,32.525001525878906,32.569000244140625,315,0.0,0.0,0.0
2024-04-26 11:30:00-04:00,32.53499984741211,32.56999969482422,32.53499984741211,32.56990051269531,3226,0.0,0.0,0.0
2024-04-26 13:30:00-04:00,32.61989974975586,32.61989974975586,32.57929992675781,32.57929992675781,1490,0.0,0.0,0.0
2024-04-26 14:30:00-04:00,32.58000183105469,32.58000183105469,32.58000183105469,32.58000183105469,210,0.0,0.0,0.0
2024-04-26 15:30:00-04:00,32.58000183105469,32.61000061035156,32.561100006103516,32.561100006103516,775,0.0,0.0,0.0
2024-04-29 09:30:00-04:00,32.599998474121094,32.63999938964844,32.56999969482422,32.63999938964844,0,0.0,0.0,0.0
2024-04-29 11:30:00-04:00,32.599998474121094,32.61000061035156,32.599998474121094,32.61000061035156,2063,0.0,0.0,0.0
2024-04-29 12:30:00-04:00,32.599998474121094,32.63990020751953,32.599998474121094,32.63990020751953,1149,0.0,0.0,0.0
2024-04-29 13:30:00-04:00,32.59000015258789,32.64970016479492,32.59000015258789,32.619998931884766,3360,0.0,0.0,0.0
2024-04-29 15:30:00-04:00,32.5968017578125,32.60580062866211,32.5968017578125,32.60580062866211,432,0.0,0.0,0.0
2024-04-30 09:30:00-04:00,32.560001373291016,32.650001525878906,32.560001373291016,32.63999938964844,0,0.0,0.0,0.0
2024-04-30 10:30:00-04:00,32.59000015258789,32.60070037841797,32.518699645996094,32.518699645996094,913,0.0,0.0,0.0
2024-04-30 11:30:00-04:00,32.51430130004883,32.51430130004883,32.497798919677734,32.51319885253906,1986,0.0,0.0,0.0
2024-04-30 14:30:00-04:00,32.4900016784668,32.5099983215332,32.45000076293945,32.47999954223633,1453,0.0,0.0,0.0
2024-04-30 15:30:00-04:00,32.459999084472656,32.46900177001953,32.37620162963867,32.37620162963867,0,0.0,0.0,0.0
2024-05-01 10:30:00-04:00,32.28839874267578,32.329898834228516,32.28499984741211,32.31999969482422,1229,0.0,0.0,0.0
2024-05-01 12:30:00-04:00,32.255001068115234,32.255001068115234,32.25,32.25,1886,0.0,0.0,0.0
2024-05-01 13:30:00-04:00,32.279998779296875,32.279998779296875,32.279998779296875,32.279998779296875,285,0.0,0.0,0.0
2024-05-01 14:30:00-04:00,32.554100036621094,32.560001373291016,32.45199966430664,32.470001220703125,44047,0.0,0.0,0.0
2024-05-01 15:30:00-04:00,32.43000030517578,32.43000030517578,32.29010009765625,32.29010009765625,0,0.0,0.0,0.0
2024-05-02 09:30:00-04:00,32.28499984741211,32.349998474121094,32.28499984741211,32.31999969482422,2786,0.0,0.0,0.0
2024-05-02 12:30:00-04:00,32.3302001953125,32.3302001953125,32.3302001953125,32.3302001953125,686,0.0,0.0,0.0
2024-05-02 14:30:00-04:00,32.42499923706055,32.42499923706055,32.41999816894531,32.41999816894531,1714,0.0,0.0,0.0
2024-05-02 15:30:00-04:00,32.45000076293945,32.45000076293945,32.414398193359375,32.41809844970703,0,0.0,0.0,0.0
2024-05-03 11:30:00-04:00,32.665000915527344,32.665000915527344,32.665000915527344,32.665000915527344,504,0.0,0.0,0.0
2024-05-03 12:30:00-04:00,32.70899963378906,32.70899963378906,32.70899963378906,32.70899963378906,1264,0.0,0.0,0.0
2024-05-03 13:30:00-04:00,32.65010070800781,32.7400016784668,32.65010070800781,32.7400016784668,916,0.0,0.0,0.0
2024-05-03 14:30:00-04:00,32.709999084472656,32.720001220703125,32.68550109863281,32.68550109863281,317,0.0,0.0,0.0
2024-05-06 09:30:00-04:00,32.83000183105469,32.83000183105469,32.83000183105469,32.83000183105469,0,0.0,0.0,0.0
2024-05-06 10:30:00-04:00,32.81230163574219,32.83000183105469,32.810001373291016,32.810001373291016,4360,0.0,0.0,0.0
2024-05-06 11:30:00-04:00,32.790000915527344,32.790000915527344,32.790000915527344,32.790000915527344,109,0.0,0.0,0.0
2024-05-06 12:30:00-04:00,32.77180099487305,32.83000183105469,32.77180099487305,32.83000183105469,912,0.0,0.0,0.0
2024-05-06 13:30:00-04:00,32.79999923706055,32.79999923706055,32.79999923706055,32.79999923706055,441,0.0,0.0,0.0
2024-05-06 15:30:00-04:00,32.810001373291016,32.88999938964844,32.810001373291016,32.855201721191406,3157,0.0,0.0,0.0
2024-05-07 09:30:00-04:00,32.869998931884766,32.93119812011719,32.869998931884766,32.93119812011719,0,0.0,0.0,0.0
2024-05-07 10:30:00-04:00,32.91899871826172,32.91999816894531,32.91899871826172,32.91999816894531,3371,0.0,0.0,0.0
2024-05-07 11:30:00-04:00,32.95000076293945,32.97999954223633,32.90999984741211,32.951499938964844,2398,0.0,0.0,0.0
2024-05-07 13:30:00-04:00,32.95539855957031,32.970001220703125,32.88999938964844,32.94990158081055,4174,0.0,0.0,0.0
2024-05-07 14:30:00-04:00,32.90629959106445,32.959999084472656,32.90629959106445,32.94219970703125,3420,0.0,0.0,0.0
2024-05-08 09:30:00-04:00,32.81999969482422,32.81999969482422,32.81999969482422,32.81999969482422,0,0.0,0.0,0.0
2024-05-08 11:30:00-04:00,32.92190170288086,32.92499923706055,32.92190170288086,32.92499923706055,531,0.0,0.0,0.0
2024-05-08 12:30:00-04:00,32.869998931884766,32.869998931884766,32.869998931884766,32.869998931884766,2055,0.0,0.0,0.0
2024-05-08 13:30:00-04:00,32.959999084472656,32.959999084472656,32.959999084472656,32.959999084472656,846,0.0,0.0,0.0
2024-05-08 14:30:00-04:00,32.92580032348633,32.959999084472656,32.92580032348633,32.944698333740234,0,0.0,0.0,0.0
2024-05-09 09:30:00-04:00,32.96500015258789,32.96500015258789,32.96500015258789,32.96500015258789,2771,0.0,0.0,0.0
2024-05-09 11:30:00-04:00,32.95000076293945,32.95000076293945,32.95000076293945,32.95000076293945,693,0.0,0.0,0.0
2024-05-09 12:30:00-04:00,32.99879837036133,32.99879837036133,32.99879837036133,32.99879837036133,218,0.0,0.0,0.0
2024-05-09 13:30:00-04:00,33.029998779296875,33.029998779296875,33.00559997558594,33.00910186767578,1329,0.0,0.0,0.0
2024-05-09 14:30:00-04:00,33.04999923706055,33.04999923706055,33.03010177612305,33.03010177612305,0,0.0,0.0,0.0
2024-05-10 10:30:00-04:00,33.06999969482422,33.099998474121094,33.06999969482422,33.099998474121094,2317,0.0,0.0,0.0
2024-05-10 13:30:00-04:00,33.09000015258789,33.099998474121094,33.09000015258789,33.099998474121094,2900,0.0,0.0,0.0
2024-05-10 14:30:00-04:00,33.060001373291016,33.119998931884766,33.04010009765625,33.084999084472656,1342,0.0,0.0,0.0
2024-05-13 09:30:00-04:00,33.099998474121094,33.119998931884766,33.08000183105469,33.119998931884766,0,0.0,0.0,0.0
2024-05-13 10:30:00-04:00,33.06999969482422,33.06999969482422,33.06999969482422,33.06999969482422,296,0.0,0.0,0.0
2024-05-13 13:30:00-04:00,33.09000015258789,33.09000015258789,33.06999969482422,33.06999969482422,1161,0.0,0.0,0.0
2024-05-13 14:30:00-04:00,33.09000015258789,33.099998474121094,33.076698303222656,33.076698303222656,1207,0.0,0.0,0.0
2024-05-13 15:30:00-04:00,33.06999969482422,33.09000015258789,33.06999969482422,33.07270050048828,0,0.0,0.0,0.0
2024-05-14 10:30:00-04:00,33.084999084472656,33.11000061035156,33.04999923706055,33.09000015258789,2263,0.0,0.0,0.0
2024-05-14 12:30:00-04:00,33.09000015258789,33.09000015258789,33.09000015258789,33.09000015258789,2079,0.0,0.0,0.0
2024-05-14 14:30:00-04:00,33.189998626708984,33.209999084472656,33.184600830078125,33.184600830078125,0,0.0,0.0,0.0
2024-05-15 10:30:00-04:00,33.339900970458984,33.369998931884766,33.28070068359375,33.36000061035156,4512,0.0,0.0,0.0
2024-05-15 11:30:00-04:00,33.32699966430664,33.32699966430664,33.32699966430664,33.32699966430664,0,0.0,0.0,0.0
2024-05-15 12:30:00-04:00,33.31010055541992,33.31010055541992,33.31010055541992,33.31010055541992,5356,0.0,0.0,0.0
2024-05-15 13:30:00-04:00,33.349998474121094,33.37900161743164,33.349998474121094,33.37900161743164,1401,0.0,0.0,0.0
2024-05-15 14:30:00-04:00,33.38479995727539,33.38479995727539,33.330101013183594,33.330101013183594,1596,0.0,0.0,0.0
2024-05-15 15:30:00-04:00,33.36000061035156,33.40999984741211,33.36000061035156,33.40370178222656,0,0.0,0.0,0.0
2024-05-16 09:30:00-04:00,33.38999938964844,33.38999938964844,33.38999938964844,33.38999938964844,488,0.0,0.0,0.0
2024-05-16 10:30:00-04:00,33.400001525878906,33.42390060424805,33.38999938964844,33.38999938964844,659,0.0,0.0,0.0
2024-05-16 13:30:00-04:00,33.400001525878906,33.400001525878906,33.400001525878906,33.400001525878906,444,0.0,0.0,0.0
2024-05-16 14:30:00-04:00,33.40999984741211,33.40999984741211,33.361000061035156,33.39350128173828,3568,0.0,0.0,0.0
2024-05-16 15:30:00-04:00,33.360801696777344,33.40999984741211,33.360801696777344,33.38840103149414,0,0.0,0.0,0.0
2024-05-17 09:30:00-04:00,33.41999816894531,33.41999816894531,33.380001068115234,33.409000396728516,3014,0.0,0.0,0.0
2024-05-17 11:30:00-04:00,33.369998931884766,33.43989944458008,33.349998474121094,33.349998474121094,742,0.0,0.0,0.0
2024-05-17 13:30:00-04:00,33.41999816894531,33.41999816894531,33.41999816894531,33.41999816894531,200,0.0,0.0,0.0
2024-05-17 14:30:00-04:00,33.41999816894531,33.41999816894531,33.3400993347168,33.3400993347168,585,0.0,0.0,0.0
2024-05-17 15:30:00-04:00,33.43880081176758,33.43880081176758,33.400001525878906,33.400001525878906,2144,0.0,0.0,0.0
2024-05-20 10:30:00-04:00,33.46929931640625,33.46929931640625,33.439300537109375,33.439300537109375,1242,0.0,0.0,0.0
2024-05-20 12:30:00-04:00,33.43000030517578,33.5,33.43000030517578,33.499900817871094,1582,0.0,0.0,0.0
2024-05-20 13:30:00-04:00,33.4900016784668,33.4900016784668,33.46200180053711,33.46200180053711,692,0.0,0.0,0.0
2024-05-20 14:30:00-04:00,33.47999954223633,33.47999954223633,33.44499969482422,33.470001220703125,1449,0.0,0.0,0.0
2024-05-20 15:30:00-04:00,33.470001220703125,33.470001220703125,33.41999816894531,33.43000030517578,796,0.0,0.0,0.0
2024-05-21 10:30:00-04:00,33.45000076293945,33.470001220703125,33.4463005065918,33.470001220703125,3162,0.0,0.0,0.0
2024-05-21 12:30:00-04:00,33.40999984741211,33.40999984741211,33.40999984741211,33.40999984741211,248,0.0,0.0,0.0
2024-05-21 14:30:00-04:00,33.41999816894531,33.499900817871094,33.41999816894531,33.46500015258789,1618,0.0,0.0,0.0
2024-05-21 15:30:00-04:00,33.4900016784668,33.494998931884766,33.4900016784668,33.494998931884766,0,0.0,0.0,0.0
2024-05-22 10:30:00-04:00,33.52000045776367,33.52000045776367,33.47999954223633,33.47999954223633,1185,0.0,0.0,0.0
2024-05-22 11:30:00-04:00,33.494998931884766,33.494998931884766,33.494998931884766,33.494998931884766,554,0.0,0.0,0.0
2024-05-22 12:30:00-04:00,33.53990173339844,33.53990173339844,33.461299896240234,33.461299896240234,820,0.0,0.0,0.0
2024-05-22 13:30:00-04:00,33.408199310302734,33.45000076293945,33.408199310302734,33.442100524902344,1276,0.0,0.0,0.0
2024-05-22 15:30:00-04:00,33.42570114135742,33.42570114135742,33.42570114135742,33.42570114135742,795,0.0,0.0,0.0
2024-05-23 10:30:00-04:00,33.45009994506836,33.47999954223633,33.45009994506836,33.470001220703125,4186,0.0,0.0,0.0
2024-05-23 12:30:00-04:00,33.470001220703125,33.470001220703125,33.470001220703125,33.470001220703125,148,0.0,0.0,0.0
2024-05-23 13:30:00-04:00,33.320098876953125,33.320098876953125,33.320098876953125,33.320098876953125,228,0.0,0.0,0.0
2024-05-23 14:30:00-04:00,33.31010055541992,33.31010055541992,33.31010055541992,33.31010055541992,401,0.0,0.0,0.0
2024-05-23 15:30:00-04:00,33.31999969482422,33.36000061035156,33.31999969482422,33.3473014831543,0,0.0,0.0,0.0
2024-05-24 10:30:00-04:00,33.439998626708984,33.459999084472656,33.439998626708984,33.459999084472656,4488,0.0,0.0,0.0
2024-05-24 11:30:00-04:00,33.494998931884766,33.494998931884766,33.494998931884766,33.494998931884766,158,0.0,0.0,0.0
2024-05-24 12:30:00-04:00,33.44049835205078,33.44049835205078,33.44049835205078,33.44049835205078,130,0.0,0.0,0.0
2024-05-24 13:30:00-04:00,33.47999954223633,33.48500061035156,33.47999954223633,33.48500061035156,321,0.0,0.0,0.0
2024-05-24 15:30:00-04:00,33.46500015258789,33.5,33.46500015258789,33.469200134277344,1506,0.0,0.0,0.0
2024-05-28 09:30:00-04:00,33.45000076293945,33.5099983215332,33.45000076293945,33.47200012207031,0,0.0,0.0,0.0
2024-05-28 10:30:00-04:00,33.47380065917969,33.474998474121094,33.43009948730469,33.43009948730469,940,0.0,0.0,0.0
2024-05-28 11:30:00-04:00,33.5099983215332,33.5099983215332,33.470001220703125,33.470001220703125,2339,0.0,0.0,0.0
2024-05-28 12:30:00-04:00,33.49720001220703,33.49720001220703,33.439998626708984,33.459999084472656,77618,0.0,0.0,0.0
2024-05-28 13:30:00-04:00,33.470001220703125,33.48310089111328,33.4203987121582,33.44499969482422,110337,0.0,0.0,0.0
2024-05-28 14:30:00-04:00,33.381900787353516,33.44110107421875,33.381900787353516,33.44110107421875,1155,0.0,0.0,0.0
2024-05-28 15:30:00-04:00,33.43000030517578,33.47999954223633,33.415000915527344,33.45500183105469,0,0.0,0.0,0.0
2024-05-29 09:30:00-04:00,33.34000015258789,33.38999938964844,33.34000015258789,33.38990020751953,1647,0.0,0.0,0.0
2024-05-29 11:30:00-04:00,33.39899826049805,33.400001525878906,33.379798889160156,33.379798889160156,3490,0.0,0.0,0.0
2024-05-29 12:30:00-04:00,33.400001525878906,33.43000030517578,33.27000045776367,33.38999938964844,153037,0.0,0.0,0.0
2024-05-29 15:30:00-04:00,33.41999816894531,33.41999816894531,33.34000015258789,33.35499954223633,0,0.0,0.0,0.0
2024-05-30 10:30:00-04:00,33.27000045776367,33.27000045776367,33.27000045776367,33.27000045776367,1567,0.0,0.0,0.0
2024-05-30 11:30:00-04:00,33.30540084838867,33.310001373291016,33.02000045776367,33.29999923706055,263891,0.0,0.0,0.0
2024-05-30 12:30:00-04:00,33.310001373291016,33.310001373291016,33.310001373291016,33.310001373291016,118,0.0,0.0,0.0
2024-05-30 13:30:00-04:00,33.31999969482422,33.339900970458984,33.310001373291016,33.313499450683594,4745,0.0,0.0,0.0
2024-05-30 14:30:00-04:00,33.29999923706055,33.319400787353516,33.26129913330078,33.30929946899414,8391,0.0,0.0,0.0
2024-05-30 15:30:00-04:00,33.2599983215332,33.26850128173828,33.22999954223633,33.24530029296875,2520,0.0,0.0,0.0
2024-05-31 09:30:00-04:00,33.27000045776367,33.27000045776367,33.20500183105469,33.20500183105469,0,0.0,0.0,0.0
2024-05-31 10:30:00-04:00,33.19499969482422,33.19810104370117,33.169498443603516,33.19810104370117,1809,0.0,0.0,0.0
2024-05-31 12:30:00-04:00,33.125,33.150001525878906,33.125,33.150001525878906,323,0.0,0.0,0.0
2024-05-31 13:30:00-04:00,33.209999084472656,33.209999084472656,33.209999084472656,33.209999084472656,2313,0.0,0.0,0.0
2024-05-31 14:30:00-04:00,33.2400016784668,33.2400016784668,33.2400016784668,33.2400016784668,2390,0.0,0.0,0.0
2024-05-31 15:30:00-04:00,33.3849983215332,33.42610168457031,33.3849983215332,33.412498474121094,2259,0.0,0.0,0.0
2024-06-03 09:30:00-04:00,33.209999084472656,33.290000915527344,33.209999084472656,33.290000915527344,0,0.0,0.0,0.0
2024-06-03 10:30:00-04:00,33.5,33.5,33.35960006713867,33.36000061035156,6809,0.0,0.0,0.0
2024-06-03 11:30:00-04:00,33.36000061035156,33.369998931884766,33.36000061035156,33.36000061035156,1443,0.0,0.0,0.0
2024-06-03 12:30:00-04:00,33.279998779296875,33.310001373291016,33.27000045776367,33.310001373291016,2227,0.0,0.0,0.0
2024-06-03 13:30:00-04:00,33.31999969482422,33.31999969482422,33.31999969482422,33.31999969482422,234,0.0,0.0,0.0
2024-06-03 14:30:00-04:00,33.36249923706055,33.36249923706055,33.36249923706055,33.36249923706055,1254,0.0,0.0,0.0
2024-06-03 15:30:00-04:00,33.400001525878906,33.40999984741211,33.380001068115234,33.40729904174805,0,0.0,0.0,0.0
2024-06-04 09:30:00-04:00,33.400001525878906,33.43000030517578,33.400001525878906,33.43000030517578,317,0.0,0.0,0.0
2024-06-04 10:30:00-04:00,33.417999267578125,33.45899963378906,33.37289810180664,33.37289810180664,4196,0.0,0.0,0.0
2024-06-04 11:30:00-04:00,33.33000183105469,33.33000183105469,33.33000183105469,33.33000183105469,1168,0.0,0.0,0.0
2024-06-04 12:30:00-04:00,33.41999816894531,33.439998626708984,33.375,33.375,3444,0.0,0.0,0.0
2024-06-04 13:30:00-04:00,33.380001068115234,33.404998779296875,33.37009811401367,33.404998779296875,4767,0.0,0.0,0.0
2024-06-04 15:30:00-04:00,33.459999084472656,33.459999084472656,33.45000076293945,33.45000076293945,350,0.0,0.0,0.0
2024-06-05 09:30:00-04:00,33.5099983215332,33.5099983215332,33.334999084472656,33.5099983215332,0,0.0,0.0,0.0
2024-06-05 10:30:00-04:00,33.540000915527344,33.56999969482422,33.540000915527344,33.56999969482422,400,0.0,0.0,0.0
2024-06-05 11:30:00-04:00,33.564998626708984,33.564998626708984,33.564998626708984,33.564998626708984,314,0.0,0.0,0.0
2024-06-05 12:30:00-04:00,33.59299850463867,33.61000061035156,33.59299850463867,33.61000061035156,478,0.0,0.0,0.0
2024-06-05 13:30:00-04:00,33.58789825439453,33.595001220703125,33.560001373291016,33.595001220703125,930,0.0,0.0,0.0
2024-06-05 14:30:00-04:00,33.650001525878906,33.650001525878906,33.63999938964844,33.63999938964844,529,0.0,0.0,0.0
2024-06-05 15:30:00-04:00,33.637298583984375,33.645301818847656,33.637298583984375,33.63850021362305,391,0.0,0.0,0.0
2024-06-06 09:30:00-04:00,33.619998931884766,33.654998779296875,33.619998931884766,33.654998779296875,0,0.0,0.0,0.0
2024-06-06 10:30:00-04:00,33.650001525878906,33.650001525878906,33.62110137939453,33.62110137939453,4742,0.0,0.0,0.0
2024-06-06 11:30:00-04:00,33.600101470947266,33.63639831542969,33.600101470947266,33.61000061035156,1769,0.0,0.0,0.0
2024-06-06 13:30:00-04:00,33.630001068115234,33.630001068115234,33.625,33.630001068115234,1573524,0.0,0.0,0.0
2024-06-06 14:30:00-04:00,33.599998474121094,33.650001525878906,33.599998474121094,33.643699645996094,3199,0.0,0.0,0.0
2024-06-06 15:30:00-04:00,33.63999938964844,33.65370178222656,33.630001068115234,33.640899658203125,0,0.0,0.0,0.0
2024-06-07 09:30:00-04:00,33.63999938964844,33.63999938964844,33.63999938964844,33.63999938964844,219,0.0,0.0,0.0
2024-06-07 10:30:00-04:00,33.63010025024414,33.63010025024414,33.63010025024414,33.63010025024414,1166,0.0,0.0,0.0
2024-06-07 11:30:00-04:00,33.685001373291016,33.685001373291016,33.685001373291016,33.685001373291016,139,0.0,0.0,0.0
2024-06-07 14:30:00-04:00,33.66999816894531,33.66999816894531,33.64939880371094,33.64939880371094,131,0.0,0.0,0.0
2024-06-10 10:30:00-04:00,33.61000061035156,33.62189865112305,33.61000061035156,33.62189865112305,2479,0.0,0.0,0.0
2024-06-10 11:30:00-04:00,33.650001525878906,33.6864013671875,33.640098571777344,33.6864013671875,0,0.0,0.0,0.0
2024-06-11 10:30:00-04:00,33.630001068115234,33.72779846191406,33.630001068115234,33.72779846191406,488,0.0,0.0,0.0
2024-06-12 09:30:00-04:00,33.86000061035156,33.86000061035156,33.86000061035156,33.86000061035156,0,0.0,0.0,0.0
2024-06-12 13:30:00-04:00,33.89899826049805,33.89899826049805,33.89899826049805,33.89899826049805,190,0.0,0.0,0.0
2024-06-12 14:30:00-04:00,33.86479949951172,33.86479949951172,33.86479949951172,33.86479949951172,100,0.0,0.0,0.0
2024-06-12 15:30:00-04:00,33.810001373291016,33.87310028076172,33.79999923706055,33.87310028076172,2210,0.0,0.0,0.0
2024-06-13 09:30:00-04:00,33.88999938964844,33.88999938964844,33.88999938964844,33.88999938964844,0,0.0,0.0,0.0
2024-06-13 11:30:00-04:00,33.851898193359375,33.851898193359375,33.851898193359375,33.851898193359375,958,0.0,0.0,0.0
2024-06-13 12:30:00-04:00,33.8650016784668,33.91080093383789,33.8650016784668,33.91080093383789,0,0.0,0.0,0.0
2024-06-14 13:30:00-04:00,33.880001068115234,33.880001068115234,33.880001068115234,33.880001068115234,404,0.0,0.0,0.0
2024-06-14 14:30:00-04:00,33.872501373291016,33.891998291015625,33.872501373291016,33.891998291015625,430,0.0,0.0,0.0
2024-06-17 10:30:00-04:00,33.91999816894531,33.91999816894531,33.91999816894531,33.91999816894531,0,0.0,0.0,0.0
2024-06-17 12:30:00-04:00,33.96590042114258,33.96590042114258,33.96590042114258,33.96590042114258,161,0.0,0.0,0.0
2024-06-17 13:30:00-04:00,34.01559829711914,34.01559829711914,34.01559829711914,34.01559829711914,1501,0.0,0.0,0.0
2024-06-17 14:30:00-04:00,34.003700256347656,34.009700775146484,34.003700256347656,34.009700775146484,0,0.0,0.0,0.0
2024-06-18 09:30:00-04:00,34.0099983215332,34.0099983215332,34.0099983215332,34.0099983215332,200,0.0,0.0,0.0
2024-06-18 11:30:00-04:00,34.0,34.04930114746094,34.0,34.04930114746094,1388,0.0,0.0,0.0
2024-06-20 09:30:00-04:00,34.11000061035156,34.11000061035156,34.04999923706055,34.04999923706055,0,0.0,0.0,0.0
2024-06-20 11:30:00-04:00,34.0099983215332,34.0099983215332,34.0099983215332,34.0099983215332,551,0.0,0.0,0.0
2024-06-20 12:30:00-04:00,33.95000076293945,33.9984016418457,33.95000076293945,33.9984016418457,0,0.0,0.0,0.0
2024-06-21 09:30:00-04:00,33.939998626708984,33.959999084472656,33.939998626708984,33.959999084472656,350,0.0,0.0,0.0
2024-06-21 14:30:00-04:00,33.992000579833984,33.992000579833984,33.98160171508789,33.98780059814453,5269,0.0,0.0,0.0
2024-06-24 09:30:00-04:00,33.994998931884766,34.040000915527344,33.994998931884766,34.040000915527344,0,0.0,0.0,0.0
2024-06-24 12:30:00-04:00,34.005401611328125,34.005401611328125,34.005401611328125,34.005401611328125,560,0.0,0.0,0.0
2024-06-24 14:30:00-04:00,33.97999954223633,33.993099212646484,33.97999954223633,33.98400115966797,2444,0.0,0.0,0.0
2024-06-24 15:30:00-04:00,33.95000076293945,33.95640182495117,33.95000076293945,33.95640182495117,0,0.0,0.0,0.0
2024-06-25 09:30:00-04:00,33.959999084472656,33.974998474121094,33.95000076293945,33.974998474121094,849,0.0,0.0,0.0
2024-06-25 11:30:00-04:00,33.98500061035156,33.98500061035156,33.970001220703125,33.970001220703125,200,0.0,0.0,0.0
2024-06-25 13:30:00-04:00,33.97200012207031,34.0,33.97200012207031,34.0,203,0.0,0.0,0.0
2024-06-25 14:30:00-04:00,34.0,34.00849914550781,33.980098724365234,34.0,1798,0.0,0.0,0.0
2024-06-25 15:30:00-04:00,34.010799407958984,34.010799407958984,34.010799407958984,34.010799407958984,292,0.0,0.0,0.0
2024-06-26 09:30:00-04:00,33.93000030517578,34.0099983215332,33.93000030517578,34.0099983215332,0,0.0,0.0,0.0
2024-06-26 10:30:00-04:00,34.005001068115234,34.005001068115234,33.959999084472656,33.959999084472656,475,0.0,0.0,0.0
2024-06-26 11:30:00-04:00,34.02000045776367,34.02000045776367,34.02000045776367,34.02000045776367,398,0.0,0.0,0.0
2024-06-26 14:30:00-04:00,34.02830123901367,34.02830123901367,34.02830123901367,34.02830123901367,1066,0.0,0.0,0.0
2024-06-26 15:30:00-04:00,34.03499984741211,34.05950164794922,34.03499984741211,34.05950164794922,100,0.0,0.0,0.0
2024-06-27 12:30:00-04:00,34.029998779296875,34.040000915527344,34.029998779296875,34.040000915527344,151,0.0,0.0,0.0
2024-06-27 14:30:00-04:00,34.04999923706055,34.0547981262207,34.040000915527344,34.0547981262207,0,0.0,0.0,0.0
2024-06-28 09:30:00-04:00,34.13999938964844,34.13999938964844,34.13999938964844,34.13999938964844,100,0.0,0.0,0.0
2024-06-28 10:30:00-04:00,34.19990158081055,34.19990158081055,34.11000061035156,34.125,530,0.0,0.0,0.0
2024-06-28 11:30:00-04:00,34.125,34.125,34.125,34.125,100,0.0,0.0,0.0
2024-06-28 12:30:00-04:00,34.09429931640625,34.106201171875,34.064998626708984,34.09000015258789,12120,0.0,0.0,0.0
2024-06-28 13:30:00-04:00,34.08000183105469,34.08000183105469,34.08000183105469,34.08000183105469,204,0.0,0.0,0.0
2024-06-28 14:30:00-04:00,34.060001373291016,34.060001373291016,34.060001373291016,34.060001373291016,225,0.0,0.0,0.0
2024-06-28 15:30:00-04:00,34.04999923706055,34.05500030517578,34.04570007324219,34.04570007324219,243,0.0,0.0,0.0
2024-07-01 09:30:00-04:00,34.029998779296875,34.029998779296875,34.029998779296875,34.029998779296875,0,0.0,0.0,0.0
2024-07-01 10:30:00-04:00,34.040000915527344,34.040000915527344,34.040000915527344,34.040000915527344,151,0.0,0.0,0.0
2024-07-01 11:30:00-04:00,34.029998779296875,34.04819869995117,34.02170181274414,34.02170181274414,1936,0.0,0.0,0.0
2024-07-01 15:30:00-04:00,34.099998474121094,34.099998474121094,34.0968017578125,34.0968017578125,100,0.0,0.0,0.0
2024-07-02 09:30:00-04:00,34.09299850463867,34.11000061035156,34.084999084472656,34.084999084472656,0,0.0,0.0,0.0
2024-07-02 10:30:00-04:00,34.09000015258789,34.119998931884766,34.09000015258789,34.119998931884766,484,0.0,0.0,0.0
2024-07-02 11:30:00-04:00,34.10100173950195,34.130001068115234,34.10100173950195,34.101200103759766,530,0.0,0.0,0.0
2024-07-02 12:30:00-04:00,34.150001525878906,34.150001525878906,34.150001525878906,34.150001525878906,244,0.0,0.0,0.0
2024-07-02 13:30:00-04:00,34.16999816894531,34.17530059814453,34.16999816894531,34.17530059814453,261,0.0,0.0,0.0
2024-07-03 09:30:00-04:00,34.239898681640625,34.239898681640625,34.22999954223633,34.22999954223633,0,0.0,0.0,0.0
2024-07-03 11:30:00-04:00,34.17129898071289,34.17129898071289,34.17129898071289,34.17129898071289,300,0.0,0.0,0.0
2024-07-03 12:30:00-04:00,34.209999084472656,34.24509811401367,34.20000076293945,34.24509811401367,3932,0.0,0.0,0.0
2024-07-05 09:30:00-04:00,34.16999816894531,34.279998779296875,34.16999816894531,34.27000045776367,47214,0.0,0.0,0.0
2024-07-05 10:30:00-04:00,34.27000045776367,34.27000045776367,34.27000045776367,34.27000045776367,108,0.0,0.0,0.0
2024-07-05 11:30:00-04:00,34.290000915527344,34.290000915527344,34.290000915527344,34.290000915527344,275,0.0,0.0,0.0
2024-07-05 12:30:00-04:00,34.27000045776367,34.27000045776367,34.27000045776367,34.27000045776367,116,0.0,0.0,0.0
2024-07-05 13:30:00-04:00,34.310001373291016,34.310001373291016,34.310001373291016,34.310001373291016,249,0.0,0.0,0.0
2024-07-08 09:30:00-04:00,34.29999923706055,34.29999923706055,34.29999923706055,34.29999923706055,0,0.0,0.0,0.0
2024-07-08 14:30:00-04:00,34.31999969482422,34.32680130004883,34.31999969482422,34.32680130004883,0,0.0,0.0,0.0
2024-07-09 09:30:00-04:00,34.34000015258789,34.35499954223633,34.332000732421875,34.35499954223633,29429,0.0,0.0,0.0
2024-07-09 11:30:00-04:00,34.34000015258789,34.35499954223633,34.34000015258789,34.35499954223633,615,0.0,0.0,0.0
2024-07-09 12:30:00-04:00,34.36000061035156,34.36000061035156,34.36000061035156,34.36000061035156,101790,0.0,0.0,0.0
2024-07-09 13:30:00-04:00,34.349998474121094,34.350101470947266,34.349998474121094,34.350101470947266,0,0.0,0.0,0.0
2024-07-10 09:30:00-04:00,34.375,34.375,34.375,34.375,200,0.0,0.0,0.0
2024-07-10 11:30:00-04:00,34.35150146484375,34.40999984741211,34.35150146484375,34.40999984741211,311,0.0,0.0,0.0
2024-07-10 12:30:00-04:00,34.44900131225586,34.44900131225586,34.44900131225586,34.44900131225586,219,0.0,0.0,0.0
2024-07-10 13:30:00-04:00,34.400001525878906,34.42499923706055,34.400001525878906,34.42499923706055,3800,0.0,0.0,0.0
2024-07-10 15:30:00-04:00,34.439998626708984,34.4474983215332,34.439998626708984,34.4474983215332,205,0.0,0.0,0.0
2024-07-11 09:30:00-04:00,34.44409942626953,34.44409942626953,34.44409942626953,34.44409942626953,0,0.0,0.0,0.0
2024-07-11 10:30:00-04:00,34.369998931884766,34.3849983215332,34.369998931884766,34.3849983215332,353,0.0,0.0,0.0
2024-07-11 13:30:00-04:00,34.3650016784668,34.369598388671875,34.3650016784668,34.369598388671875,0,0.0,0.0,0.0
2024-07-12 10:30:00-04:00,34.47999954223633,34.48500061035156,34.47999954223633,34.48500061035156,230,0.0,0.0,0.0
2024-07-12 13:30:00-04:00,34.5099983215332,34.5099983215332,34.5099983215332,34.5099983215332,200,0.0,0.0,0.0
2024-07-15 09:30:00-04:00,34.47480010986328,34.47480010986328,34.47480010986328,34.47480010986328,308,0.0,0.0,0.0
2024-07-15 10:30:00-04:00,34.529998779296875,34.529998779296875,34.529998779296875,34.529998779296875,0,0.0,0.0,0.0
2024-07-15 12:30:00-04:00,34.47999954223633,34.47999954223633,34.47999954223633,34.47999954223633,1140,0.0,0.0,0.0
2024-07-15 14:30:00-04:00,34.47999954223633,34.47999954223633,34.47999954223633,34.47999954223633,400,0.0,0.0,0.0
2024-07-15 15:30:00-04:00,34.410099029541016,34.470001220703125,34.410099029541016,34.470001220703125,0,0.0,0.0,0.0
2024-07-16 14:30:00-04:00,34.54999923706055,34.54999923706055,34.529998779296875,34.529998779296875,194,0.0,0.0,0.0
2024-07-17 09:30:00-04:00,34.41999816894531,34.45989990234375,34.41379928588867,34.41379928588867,673,0.0,0.0,0.0
2024-07-17 10:30:00-04:00,34.38999938964844,34.38999938964844,34.38999938964844,34.38999938964844,1090,0.0,0.0,0.0
2024-07-17 11:30:00-04:00,34.36000061035156,34.380001068115234,34.36000061035156,34.380001068115234,400,0.0,0.0,0.0
2024-07-18 09:30:00-04:00,34.43000030517578,34.43000030517578,34.43000030517578,34.43000030517578,0,0.0,0.0,0.0
2024-07-18 10:30:00-04:00,34.38999938964844,34.38999938964844,34.30080032348633,34.310001373291016,2337,0.0,0.0,0.0
2024-07-18 11:30:00-04:00,34.310001373291016,34.310001373291016,34.310001373291016,34.310001373291016,475,0.0,0.0,0.0
2024-07-18 12:30:00-04:00,34.29999923706055,34.29999923706055,34.27870178222656,34.27870178222656,834,0.0,0.0,0.0
2024-07-19 09:30:00-04:00,34.2599983215332,34.29499816894531,34.2599983215332,34.29499816894531,0,0.0,0.0,0.0
2024-07-19 10:30:00-04:00,34.220001220703125,34.220001220703125,34.220001220703125,34.220001220703125,150,0.0,0.0,0.0
2024-07-19 11:30:00-04:00,34.18280029296875,34.22999954223633,34.18280029296875,34.22999954223633,3152,0.0,0.0,0.0
2024-07-19 12:30:00-04:00,34.189998626708984,34.189998626708984,34.16999816894531,34.16999816894531,400,0.0,0.0,0.0
2024-07-19 13:30:00-04:00,34.15999984741211,34.209999084472656,34.15999984741211,34.209999084472656,5972,0.0,0.0,0.0
2024-07-19 14:30:00-04:00,34.20000076293945,34.20000076293945,34.189998626708984,34.192100524902344,551,0.0,0.0,0.0
2024-07-22 09:30:00-04:00,34.28499984741211,34.28499984741211,34.28499984741211,34.28499984741211,268,0.0,0.0,0.0
2024-07-22 10:30:00-04:00,34.31999969482422,34.34000015258789,34.27000045776367,34.28850173950195,2306,0.0,0.0,0.0
2024-07-22 12:30:00-04:00,34.310001373291016,34.310001373291016,34.310001373291016,34.310001373291016,100,0.0,0.0,0.0
2024-07-22 14:30:00-04:00,34.36199951171875,34.36280059814453,34.36000061035156,34.36280059814453,0,0.0,0.0,0.0
2024-07-23 10:30:00-04:00,34.375,34.38999938964844,34.375,34.38999938964844,238,0.0,0.0,0.0
2024-07-23 12:30:00-04:00,34.3650016784668,34.3650016784668,34.340599060058594,34.340599060058594,200,0.0,0.0,0.0
2024-07-24 09:30:00-04:00,34.189998626708984,34.189998626708984,34.189998626708984,34.189998626708984,102,0.0,0.0,0.0
2024-07-24 10:30:00-04:00,34.1150016784668,34.1150016784668,34.1150016784668,34.1150016784668,200,0.0,0.0,0.0
2024-07-24 11:30:00-04:00,34.09000015258789,34.09000015258789,34.061798095703125,34.061798095703125,376,0.0,0.0,0.0
2024-07-24 12:30:00-04:00,34.08000183105469,34.08000183105469,34.06010055541992,34.06010055541992,1000,0.0,0.0,0.0
2024-07-24 13:30:00-04:00,34.08000183105469,34.08000183105469,34.08000183105469,34.08000183105469,0,0.0,0.0,0.0
2024-07-24 14:30:00-04:00,34.0099983215332,34.02000045776367,34.0099983215332,34.02000045776367,3424,0.0,0.0,0.0
2024-07-25 09:30:00-04:00,33.93000030517578,33.93000030517578,33.88999938964844,33.88999938964844,0,0.0,0.0,0.0
2024-07-25 14:30:00-04:00,33.99720001220703,33.99720001220703,33.9370002746582,33.9370002746582,0,0.0,0.0,0.0
2024-07-26 11:30:00-04:00,34.130001068115234,34.130001068115234,34.099098205566406,34.099098205566406,159,0.0,0.0,0.0
2024-07-29 09:30:00-04:00,34.150001525878906,34.150001525878906,34.150001525878906,34.150001525878906,0,0.0,0.0,0.0
2024-07-29 10:30:00-04:00,34.150001525878906,34.150001525878906,34.150001525878906,34.150001525878906,667,0.0,0.0,0.0
2024-07-29 11:30:00-04:00,34.10499954223633,34.10499954223633,34.099998474121094,34.099998474121094,621,0.0,0.0,0.0
2024-07-29 12:30:00-04:00,34.18280029296875,34.18280029296875,34.149898529052734,34.149898529052734,1236,0.0,0.0,0.0
2024-07-30 09:30:00-04:00,34.16999816894531,34.20000076293945,34.09130096435547,34.09130096435547,0,0.0,0.0,0.0
2024-07-31 12:30:00-04:00,34.27000045776367,34.30329895019531,34.27000045776367,34.30329895019531,8,0.0,0.0,0.0
2024-08-01 12:30:00-04:00,34.060001373291016,34.060001373291016,34.060001373291016,34.060001373291016,641,0.0,0.0,0.0
2024-08-01 13:30:00-04:00,33.9739990234375,33.974998474121094,33.9739990234375,33.974998474121094,3409,0.0,0.0,0.0
2024-08-01 14:30:00-04:00,33.97999954223633,33.97999954223633,33.97999954223633,33.97999954223633,268,0.0,0.0,0.0
2024-08-01 15:30:00-04:00,34.02000045776367,34.052101135253906,34.02000045776367,34.052101135253906,100,0.0,0.0,0.0
2024-08-02 09:30:00-04:00,33.7599983215332,33.845001220703125,33.7599983215332,33.845001220703125,0,0.0,0.0,0.0
2024-08-02 10:30:00-04:00,33.57500076293945,33.630001068115234,33.57500076293945,33.630001068115234,1836,0.0,0.0,0.0
2024-08-02 11:30:00-04:00,33.599998474121094,33.599998474121094,33.599998474121094,33.599998474121094,100,0.0,0.0,0.0
2024-08-02 12:30:00-04:00,33.71160125732422,33.71160125732422,33.71160125732422,33.71160125732422,1091,0.0,0.0,0.0
2024-08-02 14:30:00-04:00,33.650001525878906,33.650001525878906,33.650001525878906,33.650001525878906,321,0.0,0.0,0.0
2024-08-02 15:30:00-04:00,33.630001068115234,33.68949890136719,33.630001068115234,33.68949890136719,100,0.0,0.0,0.0
2024-08-05 09:30:00-04:00,32.720001220703125,33.1150016784668,32.720001220703125,33.1150016784668,16691,0.0,0.0,0.0
2024-08-05 10:30:00-04:00,33.066001892089844,33.22999954223633,33.066001892089844,33.22999954223633,1558,0.0,0.0,0.0
2024-08-05 11:30:00-04:00,33.27000045776367,33.29999923706055,33.2400016784668,33.29999923706055,2073,0.0,0.0,0.0
2024-08-05 12:30:00-04:00,33.150001525878906,33.20000076293945,33.13999938964844,33.189998626708984,10584,0.0,0.0,0.0
2024-08-05 14:30:00-04:00,33.06999969482422,33.08000183105469,32.99150085449219,32.99150085449219,0,0.0,0.0,0.0
2024-08-06 09:30:00-04:00,33.150001525878906,33.31999969482422,33.150001525878906,33.31999969482422,2396,0.0,0.0,0.0
2024-08-06 10:30:00-04:00,33.380001068115234,33.380001068115234,33.380001068115234,33.380001068115234,100,0.0,0.0,0.0
2024-08-06 11:30:00-04:00,33.369998931884766,33.470001220703125,33.369998931884766,33.470001220703125,637,0.0,0.0,0.0
2024-08-06 12:30:00-04:00,33.470001220703125,33.470001220703125,33.40370178222656,33.40370178222656,180,0.0,0.0,0.0
2024-08-07 09:30:00-04:00,33.689998626708984,33.70000076293945,33.689998626708984,33.70000076293945,0,0.0,0.0,0.0
2024-08-07 12:30:00-04:00,33.4900016784668,33.4900016784668,33.4900016784668,33.4900016784668,106,0.0,0.0,0.0
2024-08-07 14:30:00-04:00,33.310001373291016,33.3218994140625,33.224998474121094,33.224998474121094,0,0.0,0.0,0.0
2024-08-08 10:30:00-04:00,33.560001373291016,33.57320022583008,33.560001373291016,33.57320022583008,1055,0.0,0.0,0.0
2024-08-08 13:30:00-04:00,33.695899963378906,33.70000076293945,33.666099548339844,33.666099548339844,0,0.0,0.0,0.0
2024-08-09 09:30:00-04:00,33.689998626708984,33.689998626708984,33.689998626708984,33.689998626708984,100,0.0,0.0,0.0
2024-08-09 10:30:00-04:00,33.755001068115234,33.77830123901367,33.755001068115234,33.77830123901367,428,0.0,0.0,0.0
2024-08-09 13:30:00-04:00,33.79349899291992,33.79349899291992,33.79349899291992,33.79349899291992,274,0.0,0.0,0.0
2024-08-09 14:30:00-04:00,33.79999923706055,33.83300018310547,33.79999923706055,33.83300018310547,356,0.0,0.0,0.0
2024-08-12 09:30:00-04:00,33.83000183105469,33.83000183105469,33.83000183105469,33.83000183105469,0,0.0,0.0,0.0
2024-08-12 10:30:00-04:00,33.94279861450195,33.94279861450195,33.94279861450195,33.94279861450195,177,0.0,0.0,0.0
2024-08-12 11:30:00-04:00,33.85369873046875,33.85369873046875,33.82229995727539,33.82229995727539,0,0.0,0.0,0.0
2024-08-13 13:30:00-04:00,34.10300064086914,34.10300064086914,34.10300064086914,34.10300064086914,400,0.0,0.0,0.0
2024-08-13 15:30:00-04:00,34.11000061035156,34.14699935913086,34.11000061035156,34.14699935913086,0,0.0,0.0,0.0
2024-08-14 13:30:00-04:00,34.23500061035156,34.285099029541016,34.23500061035156,34.285099029541016,0,0.0,0.0,0.0
2024-08-15 10:30:00-04:00,34.458099365234375,34.459999084472656,34.458099365234375,34.459999084472656,1300,0.0,0.0,0.0
2024-08-15 14:30:00-04:00,34.459999084472656,34.54050064086914,34.459999084472656,34.54050064086914,0,0.0,0.0,0.0
2024-08-19 13:30:00-04:00,34.59040069580078,34.636199951171875,34.59040069580078,34.636199951171875,1399,0.0,0.0,0.0
2024-08-20 09:30:00-04:00,34.63999938964844,34.63999938964844,34.63999938964844,34.63999938964844,0,0.0,0.0,0.0
2024-08-20 13:30:00-04:00,34.58000183105469,34.595001220703125,34.58000183105469,34.595001220703125,731,0.0,0.0,0.0
2024-08-20 14:30:00-04:00,34.61000061035156,34.625,34.61000061035156,34.625,152,0.0,0.0,0.0
2024-08-21 15:30:00-04:00,34.630001068115234,34.66270065307617,34.630001068115234,34.66270065307617,0,0.0,0.0,0.0
2024-08-22 10:30:00-04:00,34.630001068115234,34.63999938964844,34.53559875488281,34.53559875488281,0,0.0,0.0,0.0
2024-08-23 09:30:00-04:00,34.67829895019531,34.72050094604492,34.67499923706055,34.72050094604492,824,0.0,0.0,0.0
2024-08-23 12:30:00-04:00,34.65999984741211,34.730201721191406,34.599998474121094,34.730201721191406,200,0.0,0.0,0.0
2024-08-26 10:30:00-04:00,34.672698974609375,34.683101654052734,34.672698974609375,34.683101654052734,0,0.0,0.0,0.0
2024-08-27 09:30:00-04:00,34.689998626708984,34.689998626708984,34.689998626708984,34.689998626708984,0,0.0,0.0,0.0
2024-08-27 11:30:00-04:00,34.674598693847656,34.730899810791016,34.674598693847656,34.730899810791016,0,0.0,0.0,0.0
2024-08-28 11:30:00-04:00,34.63999938964844,34.67399978637695,34.63999938964844,34.67399978637695,1116,0.0,0.0,0.0
2024-08-29 10:30:00-04:00,34.7599983215332,34.7599983215332,34.7599983215332,34.7599983215332,0,0.0,0.0,0.0
2024-08-29 13:30:00-04:00,34.72999954223633,34.830501556396484,34.6775016784668,34.830501556396484,0,0.0,0.0,0.0
2024-09-03 09:30:00-04:00,34.63460159301758,34.654998779296875,34.630001068115234,34.650001525878906,1407,0.0,0.0,0.0
2024-09-03 10:30:00-04:00,34.61000061035156,34.63199996948242,34.58140182495117,34.61830139160156,6278,0.0,0.0,0.0
2024-09-03 11:30:00-04:00,34.6234016418457,34.630001068115234,34.59109878540039,34.599998474121094,11341,0.0,0.0,0.0
2024-09-03 12:30:00-04:00,34.60499954223633,34.61000061035156,34.58000183105469,34.58000183105469,5348,0.0,0.0,0.0
2024-09-03 13:30:00-04:00,34.59000015258789,34.59000015258789,34.59000015258789,34.59000015258789,100,0.0,0.0,0.0
2024-09-03 14:30:00-04:00,34.5099983215332,34.5099983215332,34.5099983215332,34.5099983215332,435,0.0,0.0,0.0
2024-09-03 15:30:00-04:00,34.45000076293945,34.45000076293945,34.45000076293945,34.45000076293945,121,0.0,0.0,0.0
2024-09-04 09:30:00-04:00,34.470001220703125,34.5,34.470001220703125,34.5,0,0.0,0.0,0.0
2024-09-04 10:30:00-04:00,34.5099983215332,34.5099983215332,34.5099983215332,34.5099983215332,101,0.0,0.0,0.0
2024-09-04 12:30:00-04:00,34.5,34.5,34.5,34.5,635,0.0,0.0,0.0
2024-09-04 14:30:00-04:00,34.459999084472656,34.46500015258789,34.459999084472656,34.46500015258789,342,0.0,0.0,0.0
2024-09-05 09:30:00-04:00,34.49129867553711,34.52000045776367,34.49129867553711,34.52000045776367,0,0.0,0.0,0.0
2024-09-05 11:30:00-04:00,34.3583984375,34.3583984375,34.3583984375,34.3583984375,264,0.0,0.0,0.0
2024-09-05 12:30:00-04:00,34.38999938964844,34.400001525878906,34.369998931884766,34.369998931884766,300,0.0,0.0,0.0
2024-09-05 13:30:00-04:00,34.41999816894531,34.41999816894531,34.41999816894531,34.41999816894531,152,0.0,0.0,0.0
2024-09-05 14:30:00-04:00,34.43000030517578,34.43000030517578,34.42060089111328,34.42060089111328,0,0.0,0.0,0.0
2024-09-06 09:30:00-04:00,34.40999984741211,34.40999984741211,34.40999984741211,34.40999984741211,100,0.0,0.0,0.0
2024-09-06 10:30:00-04:00,34.25,34.25,34.25,34.25,100,0.0,0.0,0.0
2024-09-06 12:30:00-04:00,34.16999816894531,34.16999816894531,34.16999816894531,34.16999816894531,168,0.0,0.0,0.0
2024-09-06 14:30:00-04:00,34.18000030517578,34.18000030517578,34.14350128173828,34.14350128173828,144,0.0,0.0,0.0
2024-09-09 09:30:00-04:00,34.34000015258789,34.34000015258789,34.34000015258789,34.34000015258789,0,0.0,0.0,0.0
2024-09-09 10:30:00-04:00,34.279998779296875,34.279998779296875,34.279998779296875,34.279998779296875,100,0.0,0.0,0.0
2024-09-09 11:30:00-04:00,34.31999969482422,34.349998474121094,34.31999969482422,34.349998474121094,200,0.0,0.0,0.0
2024-09-09 12:30:00-04:00,34.380001068115234,34.40999984741211,34.380001068115234,34.40999984741211,366,0.0,0.0,0.0
2024-09-09 15:30:00-04:00,34.349998474121094,34.35070037841797,34.349998474121094,34.35070037841797,0,0.0,0.0,0.0
2024-09-10 09:30:00-04:00,34.38999938964844,34.38999938964844,34.38999938964844,34.38999938964844,101,0.0,0.0,0.0
2024-09-10 10:30:00-04:00,34.38999938964844,34.38999938964844,34.38999938964844,34.38999938964844,151,0.0,0.0,0.0
2024-09-10 12:30:00-04:00,34.31999969482422,34.44779968261719,34.31999969482422,34.44779968261719,0,0.0,0.0,0.0
2024-09-11 10:30:00-04:00,34.22999954223633,34.22999954223633,34.22999954223633,34.22999954223633,100,0.0,0.0,0.0
2024-09-11 11:30:00-04:00,34.279998779296875,34.37820053100586,34.279998779296875,34.37820053100586,885,0.0,0.0,0.0
2024-09-11 12:30:00-04:00,34.40999984741211,34.62080001831055,34.40999984741211,34.62080001831055,746,0.0,0.0,0.0
2024-09-12 09:30:00-04:00,34.619998931884766,34.619998931884766,34.619998931884766,34.619998931884766,0,0.0,0.0,0.0
2024-09-12 10:30:00-04:00,34.63999938964844,34.63999938964844,34.63999938964844,34.63999938964844,100,0.0,0.0,0.0
2024-09-12 12:30:00-04:00,34.63999938964844,34.68000030517578,34.63999938964844,34.68000030517578,295,0.0,0.0,0.0
2024-09-12 15:30:00-04:00,34.68000030517578,34.72129821777344,34.68000030517578,34.72129821777344,100,0.0,0.0,0.0
2024-09-13 10:30:00-04:00,34.799400329589844,34.799400329589844,34.799400329589844,34.799400329589844,146,0.0,0.0,0.0
2024-09-13 13:30:00-04:00,34.810001373291016,34.810001373291016,34.80509948730469,34.80509948730469,100,0.0,0.0,0.0
2024-09-16 10:30:00-04:00,34.7400016784668,34.755001068115234,34.7400016784668,34.755001068115234,997,0.0,0.0,0.0
2024-09-16 11:30:00-04:00,34.77389907836914,34.77389907836914,34.77389907836914,34.77389907836914,257,0.0,0.0,0.0
2024-09-16 12:30:00-04:00,34.7599983215332,34.779998779296875,34.7599983215332,34.779998779296875,343,0.0,0.0,0.0
2024-09-16 14:30:00-04:00,34.81949996948242,34.81949996948242,34.814998626708984,34.814998626708984,0,0.0,0.0,0.0
2024-09-18 13:30:00-04:00,34.880001068115234,34.880001068115234,34.81959915161133,34.81959915161133,5,0.0,0.0,0.0
2024-09-19 11:30:00-04:00,35.0099983215332,35.0099983215332,35.0099983215332,35.0099983215332,100,0.0,0.0,0.0
2024-09-19 12:30:00-04:00,34.9900016784668,35.00469970703125,34.9900016784668,35.00469970703125,0,0.0,0.0,0.0
2024-09-20 11:30:00-04:00,34.970001220703125,34.970001220703125,34.950599670410156,34.950599670410156,674,0.0,0.0,0.0
