Datetime,Open,High,Low,Close,Volume,Dividends,Stock Splits,Capital Gains
2022-09-22 09:30:00-04:00,25.968900680541992,25.968900680541992,25.968900680541992,25.968900680541992,0,0.0,0.0,0.0
2022-09-22 10:30:00-04:00,25.950000762939453,25.950000762939453,25.700000762939453,25.700000762939453,4322,0.0,0.0,0.0
2022-09-22 11:30:00-04:00,25.764999389648438,25.829999923706055,25.760000228881836,25.790000915527344,2594,0.0,0.0,0.0
2022-09-22 12:30:00-04:00,25.825000762939453,25.825000762939453,25.825000762939453,25.825000762939453,178,0.0,0.0,0.0
2022-09-22 13:30:00-04:00,25.809999465942383,25.809999465942383,25.809999465942383,25.809999465942383,339,0.0,0.0,0.0
2022-09-22 14:30:00-04:00,25.670000076293945,25.819000244140625,25.670000076293945,25.730100631713867,1751,0.0,0.0,0.0
2022-09-22 15:30:00-04:00,25.847900390625,25.889999389648438,25.809999465942383,25.809999465942383,832,0.0,0.0,0.0
2022-09-23 09:30:00-04:00,25.239999771118164,25.239999771118164,24.940000534057617,25.0,7438,0.0,0.0,0.0
2022-09-23 10:30:00-04:00,25.0,25.0,24.920000076293945,24.920000076293945,2236,0.0,0.0,0.0
2022-09-23 11:30:00-04:00,24.979999542236328,24.985000610351562,24.875,24.920000076293945,2455,0.0,0.0,0.0
2022-09-23 12:30:00-04:00,24.8799991607666,24.882999420166016,24.8799991607666,24.882999420166016,8342,0.0,0.0,0.0
2022-09-23 13:30:00-04:00,24.809999465942383,24.809999465942383,24.809999465942383,24.809999465942383,280,0.0,0.0,0.0
2022-09-23 15:30:00-04:00,24.829999923706055,24.93000030517578,24.829999923706055,24.829999923706055,5660,0.0,0.0,0.0
2022-09-26 09:30:00-04:00,24.68000030517578,24.735000610351562,24.68000030517578,24.735000610351562,0,0.0,0.0,0.0
2022-09-26 10:30:00-04:00,24.690000534057617,24.690000534057617,24.639999389648438,24.639999389648438,518,0.0,0.0,0.0
2022-09-26 11:30:00-04:00,24.350000381469727,24.350000381469727,24.34000015258789,24.34000015258789,2116,0.0,0.0,0.0
2022-09-26 12:30:00-04:00,24.3799991607666,24.3799991607666,24.320100784301758,24.350000381469727,638,0.0,0.0,0.0
2022-09-26 13:30:00-04:00,24.3700008392334,24.3700008392334,24.3700008392334,24.3700008392334,654,0.0,0.0,0.0
2022-09-26 14:30:00-04:00,24.380800247192383,24.469999313354492,24.360000610351562,24.469999313354492,1434,0.0,0.0,0.0
2022-09-27 09:30:00-04:00,24.6299991607666,24.6299991607666,24.59000015258789,24.620100021362305,0,0.0,0.0,0.0
2022-09-27 10:30:00-04:00,24.510000228881836,24.510000228881836,24.510000228881836,24.510000228881836,371,0.0,0.0,0.0
2022-09-27 11:30:00-04:00,24.450000762939453,24.510000228881836,24.440000534057617,24.510000228881836,2292,0.0,0.0,0.0
2022-09-27 12:30:00-04:00,24.210100173950195,24.329999923706055,24.210100173950195,24.329999923706055,3282,0.0,0.0,0.0
2022-09-27 13:30:00-04:00,24.25,24.280500411987305,24.219999313354492,24.280500411987305,638,0.0,0.0,0.0
2022-09-27 14:30:00-04:00,24.329999923706055,24.379600524902344,24.329999923706055,24.379600524902344,550,0.0,0.0,0.0
2022-09-27 15:30:00-04:00,24.329999923706055,24.34000015258789,24.280000686645508,24.329999923706055,1626,0.0,0.0,0.0
2022-09-28 09:30:00-04:00,24.260000228881836,24.388999938964844,24.19499969482422,24.388999938964844,0,0.0,0.0,0.0
2022-09-28 10:30:00-04:00,24.479999542236328,24.520000457763672,24.45009994506836,24.520000457763672,3065,0.0,0.0,0.0
2022-09-28 11:30:00-04:00,24.725000381469727,24.725000381469727,24.725000381469727,24.725000381469727,690,0.0,0.0,0.0
2022-09-28 12:30:00-04:00,24.79990005493164,24.79990005493164,24.739999771118164,24.743000030517578,445,0.0,0.0,0.0
2022-09-28 13:30:00-04:00,24.75,24.81999969482422,24.709999084472656,24.709999084472656,505,0.0,0.0,0.0
2022-09-28 14:30:00-04:00,24.750699996948242,24.902099609375,24.750699996948242,24.902099609375,1607,0.0,0.0,0.0
2022-09-28 15:30:00-04:00,24.90999984741211,24.90999984741211,24.860000610351562,24.860000610351562,355,0.0,0.0,0.0
2022-09-29 10:30:00-04:00,24.174999237060547,24.174999237060547,24.174999237060547,24.174999237060547,0,0.0,0.0,0.0
2022-09-29 11:30:00-04:00,24.43000030517578,24.440000534057617,24.3700008392334,24.3700008392334,32575,0.0,0.0,0.0
2022-09-29 13:30:00-04:00,24.405000686645508,24.405000686645508,24.260000228881836,24.320600509643555,258488,0.0,0.0,0.0
2022-09-29 14:30:00-04:00,24.395999908447266,24.459999084472656,24.34000015258789,24.459999084472656,524,0.0,0.0,0.0
2022-09-30 10:30:00-04:00,24.5,24.520000457763672,24.5,24.510799407958984,825,0.0,0.0,0.0
2022-09-30 11:30:00-04:00,24.485000610351562,24.485000610351562,24.485000610351562,24.485000610351562,2363,0.0,0.0,0.0
2022-09-30 12:30:00-04:00,24.51609992980957,24.51609992980957,24.51609992980957,24.51609992980957,1500,0.0,0.0,0.0
2022-10-03 10:30:00-04:00,24.90999984741211,24.959999084472656,24.90999984741211,24.950000762939453,6176,0.0,0.0,0.0
2022-10-03 11:30:00-04:00,24.8700008392334,24.877500534057617,24.84000015258789,24.877500534057617,1465,0.0,0.0,0.0
2022-10-03 12:30:00-04:00,24.920000076293945,24.920000076293945,24.920000076293945,24.920000076293945,735,0.0,0.0,0.0
2022-10-03 13:30:00-04:00,24.90999984741211,25.010000228881836,24.891799926757812,24.920000076293945,10475,0.0,0.0,0.0
2022-10-03 14:30:00-04:00,24.959999084472656,24.988000869750977,24.959999084472656,24.97800064086914,1430,0.0,0.0,0.0
2022-10-03 15:30:00-04:00,24.979999542236328,25.010000228881836,24.920000076293945,24.920000076293945,2712,0.0,0.0,0.0
2022-10-04 09:30:00-04:00,25.579999923706055,25.579999923706055,25.579999923706055,25.579999923706055,1102,0.0,0.0,0.0
2022-10-04 10:30:00-04:00,25.889999389648438,25.91990089416504,25.889999389648438,25.91990089416504,583,0.0,0.0,0.0
2022-10-04 11:30:00-04:00,25.905000686645508,25.905000686645508,25.905000686645508,25.905000686645508,553,0.0,0.0,0.0
2022-10-04 12:30:00-04:00,25.920000076293945,25.920000076293945,25.809999465942383,25.809999465942383,947,0.0,0.0,0.0
2022-10-04 13:30:00-04:00,25.84000015258789,25.84000015258789,25.790000915527344,25.790000915527344,681,0.0,0.0,0.0
2022-10-04 14:30:00-04:00,25.799999237060547,25.889999389648438,25.799999237060547,25.85759925842285,2987,0.0,0.0,0.0
2022-10-05 09:30:00-04:00,25.540000915527344,25.540000915527344,25.34000015258789,25.34000015258789,1896,0.0,0.0,0.0
2022-10-05 10:30:00-04:00,25.389999389648438,25.389999389648438,25.38759994506836,25.38759994506836,1946,0.0,0.0,0.0
2022-10-05 11:30:00-04:00,25.545000076293945,25.559999465942383,25.48859977722168,25.559999465942383,6630,0.0,0.0,0.0
2022-10-05 12:30:00-04:00,25.549999237060547,25.56999969482422,25.549999237060547,25.549999237060547,3451,0.0,0.0,0.0
2022-10-05 15:30:00-04:00,25.735000610351562,25.735000610351562,25.6299991607666,25.6299991607666,484,0.0,0.0,0.0
2022-10-06 09:30:00-04:00,25.43000030517578,25.489999771118164,25.3799991607666,25.3799991607666,4474,0.0,0.0,0.0
2022-10-06 10:30:00-04:00,25.34000015258789,25.479999542236328,25.29829978942871,25.450000762939453,60454,0.0,0.0,0.0
2022-10-06 11:30:00-04:00,25.420000076293945,25.459999084472656,25.34000015258789,25.34000015258789,2939,0.0,0.0,0.0
2022-10-06 12:30:00-04:00,25.450000762939453,25.450000762939453,25.350000381469727,25.350000381469727,0,0.0,0.0,0.0
2022-10-06 13:30:00-04:00,25.31999969482422,25.40130043029785,25.31999969482422,25.3700008392334,72019,0.0,0.0,0.0
2022-10-06 14:30:00-04:00,25.31999969482422,25.31999969482422,25.219999313354492,25.270000457763672,4267,0.0,0.0,0.0
2022-10-07 09:30:00-04:00,24.95009994506836,24.95009994506836,24.95009994506836,24.95009994506836,254,0.0,0.0,0.0
2022-10-07 10:30:00-04:00,25.01219940185547,25.01219940185547,25.01219940185547,25.01219940185547,236,0.0,0.0,0.0
2022-10-07 12:30:00-04:00,24.8700008392334,24.8700008392334,24.8700008392334,24.8700008392334,303,0.0,0.0,0.0
2022-10-07 13:30:00-04:00,24.889999389648438,24.889999389648438,24.889999389648438,24.889999389648438,543,0.0,0.0,0.0
2022-10-07 14:30:00-04:00,24.79990005493164,24.79990005493164,24.79990005493164,24.79990005493164,1076,0.0,0.0,0.0
2022-10-07 15:30:00-04:00,24.700000762939453,24.700000762939453,24.700000762939453,24.700000762939453,199,0.0,0.0,0.0
2022-10-10 09:30:00-04:00,24.780000686645508,24.780000686645508,24.649999618530273,24.649999618530273,0,0.0,0.0,0.0
2022-10-10 10:30:00-04:00,24.559999465942383,24.579999923706055,24.530000686645508,24.56999969482422,933,0.0,0.0,0.0
2022-10-10 11:30:00-04:00,24.549999237060547,24.610000610351562,24.489999771118164,24.489999771118164,4851,0.0,0.0,0.0
2022-10-10 12:30:00-04:00,24.5,24.520000457763672,24.440000534057617,24.520000457763672,5602,0.0,0.0,0.0
2022-10-10 13:30:00-04:00,24.540000915527344,24.59000015258789,24.540000915527344,24.549999237060547,1085,0.0,0.0,0.0
2022-10-10 15:30:00-04:00,24.6560001373291,24.6560001373291,24.559999465942383,24.6299991607666,2575,0.0,0.0,0.0
2022-10-11 09:30:00-04:00,24.540000915527344,24.540000915527344,24.335500717163086,24.335500717163086,3218,0.0,0.0,0.0
2022-10-11 10:30:00-04:00,24.309999465942383,24.424699783325195,24.309999465942383,24.424699783325195,823,0.0,0.0,0.0
2022-10-11 11:30:00-04:00,24.5,24.639999389648438,24.5,24.600000381469727,84935,0.0,0.0,0.0
2022-10-11 12:30:00-04:00,24.670000076293945,24.670000076293945,24.639999389648438,24.639999389648438,1603,0.0,0.0,0.0
2022-10-11 13:30:00-04:00,24.649999618530273,24.68000030517578,24.6200008392334,24.6200008392334,6840,0.0,0.0,0.0
2022-10-11 14:30:00-04:00,24.440000534057617,24.440000534057617,24.34000015258789,24.34000015258789,1053,0.0,0.0,0.0
2022-10-11 15:30:00-04:00,24.315000534057617,24.389999389648438,24.315000534057617,24.334999084472656,4004,0.0,0.0,0.0
2022-10-12 09:30:00-04:00,24.25,24.309999465942383,24.25,24.309999465942383,0,0.0,0.0,0.0
2022-10-12 10:30:00-04:00,24.269100189208984,24.269100189208984,24.269100189208984,24.269100189208984,233,0.0,0.0,0.0
2022-10-12 11:30:00-04:00,24.34000015258789,24.34000015258789,24.34000015258789,24.34000015258789,844,0.0,0.0,0.0
2022-10-12 12:30:00-04:00,24.231599807739258,24.231599807739258,24.231599807739258,24.231599807739258,174,0.0,0.0,0.0
2022-10-12 14:30:00-04:00,24.238399505615234,24.238399505615234,24.219999313354492,24.219999313354492,328,0.0,0.0,0.0
2022-10-13 09:30:00-04:00,23.700000762939453,23.770000457763672,23.64900016784668,23.770000457763672,3375,0.0,0.0,0.0
2022-10-13 10:30:00-04:00,24.255800247192383,24.255800247192383,24.255800247192383,24.255800247192383,176,0.0,0.0,0.0
2022-10-13 11:30:00-04:00,24.655000686645508,24.655000686645508,24.655000686645508,24.655000686645508,286,0.0,0.0,0.0
2022-10-13 12:30:00-04:00,24.6200008392334,24.739999771118164,24.6200008392334,24.739999771118164,1487,0.0,0.0,0.0
2022-10-13 13:30:00-04:00,24.780000686645508,24.780000686645508,24.780000686645508,24.780000686645508,102,0.0,0.0,0.0
2022-10-13 14:30:00-04:00,24.759199142456055,24.759199142456055,24.759199142456055,24.759199142456055,401,0.0,0.0,0.0
2022-10-13 15:30:00-04:00,24.68239974975586,24.68239974975586,24.670000076293945,24.670000076293945,202,0.0,0.0,0.0
2022-10-14 09:30:00-04:00,24.850000381469727,24.850000381469727,24.850000381469727,24.850000381469727,0,0.0,0.0,0.0
2022-10-14 10:30:00-04:00,24.420000076293945,24.489999771118164,24.34950065612793,24.416000366210938,1754,0.0,0.0,0.0
2022-10-14 11:30:00-04:00,24.43000030517578,24.43000030517578,24.239999771118164,24.239999771118164,2612,0.0,0.0,0.0
2022-10-14 12:30:00-04:00,24.344999313354492,24.344999313354492,24.2549991607666,24.2549991607666,6662,0.0,0.0,0.0
2022-10-14 13:30:00-04:00,24.27440071105957,24.3700008392334,24.260099411010742,24.280000686645508,5187,0.0,0.0,0.0
2022-10-14 14:30:00-04:00,24.219999313354492,24.30900001525879,24.2096004486084,24.229999542236328,1928,0.0,0.0,0.0
2022-10-14 15:30:00-04:00,24.214000701904297,24.214000701904297,24.214000701904297,24.214000701904297,774,0.0,0.0,0.0
2022-10-17 09:30:00-04:00,24.760000228881836,24.760000228881836,24.760000228881836,24.760000228881836,1248,0.0,0.0,0.0
2022-10-17 10:30:00-04:00,24.85700035095215,24.93000030517578,24.840099334716797,24.840099334716797,1300,0.0,0.0,0.0
2022-10-17 11:30:00-04:00,24.969999313354492,24.969999313354492,24.93000030517578,24.93000030517578,230,0.0,0.0,0.0
2022-10-17 12:30:00-04:00,24.964799880981445,24.964799880981445,24.905000686645508,24.914600372314453,3475,0.0,0.0,0.0
2022-10-17 13:30:00-04:00,24.920000076293945,24.927600860595703,24.899999618530273,24.899999618530273,8319,0.0,0.0,0.0
2022-10-17 14:30:00-04:00,24.8700008392334,24.88010025024414,24.844999313354492,24.844999313354492,3489,0.0,0.0,0.0
2022-10-17 15:30:00-04:00,24.84000015258789,24.8799991607666,24.84000015258789,24.84000015258789,0,0.0,0.0,0.0
2022-10-18 09:30:00-04:00,25.18000030517578,25.18000030517578,25.18000030517578,25.18000030517578,5698,0.0,0.0,0.0
2022-10-18 10:30:00-04:00,25.01289939880371,25.01289939880371,24.820100784301758,24.820100784301758,772,0.0,0.0,0.0
2022-10-18 11:30:00-04:00,24.934999465942383,24.954999923706055,24.90999984741211,24.93000030517578,5169,0.0,0.0,0.0
2022-10-18 12:30:00-04:00,25.0,25.0,24.959999084472656,24.969999313354492,4020,0.0,0.0,0.0
2022-10-18 13:30:00-04:00,25.0,25.030000686645508,25.0,25.030000686645508,368,0.0,0.0,0.0
2022-10-18 14:30:00-04:00,24.944499969482422,24.969900131225586,24.864999771118164,24.892799377441406,3480,0.0,0.0,0.0
2022-10-18 15:30:00-04:00,24.940000534057617,24.989999771118164,24.940000534057617,24.969999313354492,642,0.0,0.0,0.0
2022-10-19 09:30:00-04:00,24.850000381469727,24.850000381469727,24.850000381469727,24.850000381469727,0,0.0,0.0,0.0
2022-10-19 10:30:00-04:00,24.78260040283203,24.78260040283203,24.78260040283203,24.78260040283203,718,0.0,0.0,0.0
2022-10-19 12:30:00-04:00,24.600000381469727,24.655000686645508,24.600000381469727,24.655000686645508,580,0.0,0.0,0.0
2022-10-19 13:30:00-04:00,24.690900802612305,24.729999542236328,24.66830062866211,24.729999542236328,896,0.0,0.0,0.0
2022-10-19 14:30:00-04:00,24.729999542236328,24.780000686645508,24.700000762939453,24.75,3935,0.0,0.0,0.0
2022-10-19 15:30:00-04:00,24.739999771118164,24.739999771118164,24.739999771118164,24.739999771118164,518,0.0,0.0,0.0
2022-10-20 09:30:00-04:00,24.84000015258789,25.065099716186523,24.84000015258789,25.065099716186523,0,0.0,0.0,0.0
2022-10-20 11:30:00-04:00,24.850200653076172,24.850200653076172,24.850200653076172,24.850200653076172,386,0.0,0.0,0.0
2022-10-20 13:30:00-04:00,24.719999313354492,24.719999313354492,24.711000442504883,24.711000442504883,388,0.0,0.0,0.0
2022-10-20 15:30:00-04:00,24.649999618530273,24.68000030517578,24.638599395751953,24.638599395751953,1244,0.0,0.0,0.0
2022-10-21 09:30:00-04:00,24.600000381469727,24.649999618530273,24.600000381469727,24.649999618530273,0,0.0,0.0,0.0
2022-10-21 10:30:00-04:00,24.75,24.818500518798828,24.75,24.818500518798828,2852,0.0,0.0,0.0
2022-10-21 11:30:00-04:00,24.81999969482422,24.81999969482422,24.81999969482422,24.81999969482422,667,0.0,0.0,0.0
2022-10-21 12:30:00-04:00,25.06999969482422,25.06999969482422,25.06999969482422,25.06999969482422,5865,0.0,0.0,0.0
2022-10-21 13:30:00-04:00,25.115299224853516,25.115299224853516,25.115299224853516,25.115299224853516,235,0.0,0.0,0.0
2022-10-21 14:30:00-04:00,25.190000534057617,25.25,25.190000534057617,25.25,31333,0.0,0.0,0.0
2022-10-21 15:30:00-04:00,25.280000686645508,25.280000686645508,25.280000686645508,25.280000686645508,403,0.0,0.0,0.0
2022-10-24 09:30:00-04:00,25.280000686645508,25.40999984741211,25.155000686645508,25.155000686645508,2883,0.0,0.0,0.0
2022-10-24 10:30:00-04:00,25.21150016784668,25.30500030517578,25.21150016784668,25.30500030517578,681,0.0,0.0,0.0
2022-10-24 11:30:00-04:00,25.360000610351562,25.420799255371094,25.360000610351562,25.420799255371094,1803,0.0,0.0,0.0
2022-10-24 12:30:00-04:00,25.399999618530273,25.399999618530273,25.320100784301758,25.320100784301758,3894,0.0,0.0,0.0
2022-10-24 13:30:00-04:00,25.291200637817383,25.364999771118164,25.29010009765625,25.364999771118164,5458,0.0,0.0,0.0
2022-10-24 14:30:00-04:00,25.389999389648438,25.440000534057617,25.389999389648438,25.440000534057617,10306,0.0,0.0,0.0
2022-10-24 15:30:00-04:00,25.47369956970215,25.47369956970215,25.40999984741211,25.420000076293945,995,0.0,0.0,0.0
2022-10-25 09:30:00-04:00,25.549999237060547,25.729999542236328,25.549999237060547,25.729999542236328,0,0.0,0.0,0.0
2022-10-25 10:30:00-04:00,25.937000274658203,25.950000762939453,25.895000457763672,25.928199768066406,1154,0.0,0.0,0.0
2022-10-25 11:30:00-04:00,25.99799919128418,25.99799919128418,25.975000381469727,25.975000381469727,1756,0.0,0.0,0.0
2022-10-25 12:30:00-04:00,25.931299209594727,25.931299209594727,25.931299209594727,25.931299209594727,285,0.0,0.0,0.0
2022-10-25 13:30:00-04:00,25.860000610351562,25.860000610351562,25.860000610351562,25.860000610351562,142,0.0,0.0,0.0
2022-10-25 14:30:00-04:00,25.899999618530273,25.93000030517578,25.85099983215332,25.93000030517578,4483,0.0,0.0,0.0
2022-10-25 15:30:00-04:00,25.940000534057617,25.959999084472656,25.93899917602539,25.959999084472656,0,0.0,0.0,0.0
2022-10-26 09:30:00-04:00,25.959999084472656,26.139999389648438,25.959999084472656,26.139999389648438,3607,0.0,0.0,0.0
2022-10-26 10:30:00-04:00,26.209999084472656,26.239999771118164,26.209999084472656,26.239999771118164,1204,0.0,0.0,0.0
2022-10-26 12:30:00-04:00,26.281999588012695,26.281999588012695,26.281999588012695,26.281999588012695,146,0.0,0.0,0.0
2022-10-26 15:30:00-04:00,26.225000381469727,26.25,26.200000762939453,26.200000762939453,0,0.0,0.0,0.0
2022-10-27 09:30:00-04:00,26.18000030517578,26.3700008392334,26.15999984741211,26.29199981689453,8329,0.0,0.0,0.0
2022-10-27 10:30:00-04:00,26.3700008392334,26.3700008392334,26.16950035095215,26.16950035095215,4706,0.0,0.0,0.0
2022-10-27 11:30:00-04:00,26.270000457763672,26.270000457763672,26.09000015258789,26.09000015258789,6268,0.0,0.0,0.0
2022-10-27 13:30:00-04:00,26.200000762939453,26.200000762939453,26.200000762939453,26.200000762939453,429,0.0,0.0,0.0
2022-10-27 15:30:00-04:00,26.09000015258789,26.09000015258789,26.020000457763672,26.020000457763672,1102,0.0,0.0,0.0
2022-10-28 09:30:00-04:00,25.93000030517578,25.93000030517578,25.854999542236328,25.920000076293945,746,0.0,0.0,0.0
2022-10-28 12:30:00-04:00,26.000099182128906,26.000099182128906,26.000099182128906,26.000099182128906,345,0.0,0.0,0.0
2022-10-28 14:30:00-04:00,26.110000610351562,26.1200008392334,26.09000015258789,26.09000015258789,11245,0.0,0.0,0.0
2022-10-28 15:30:00-04:00,26.09000015258789,26.100000381469727,26.09000015258789,26.09000015258789,3105,0.0,0.0,0.0
2022-10-31 10:30:00-04:00,26.040000915527344,26.040000915527344,25.966899871826172,26.010000228881836,779,0.0,0.0,0.0
2022-10-31 11:30:00-04:00,26.023000717163086,26.024799346923828,26.023000717163086,26.024799346923828,961,0.0,0.0,0.0
2022-10-31 12:30:00-04:00,25.93000030517578,25.99410057067871,25.93000030517578,25.99410057067871,1084,0.0,0.0,0.0
2022-10-31 13:30:00-04:00,25.940000534057617,26.000200271606445,25.940000534057617,26.000200271606445,2958,0.0,0.0,0.0
2022-10-31 14:30:00-04:00,26.014999389648438,26.014999389648438,25.98889923095703,25.98889923095703,629,0.0,0.0,0.0
2022-10-31 15:30:00-04:00,26.0,26.06999969482422,25.940000534057617,25.989999771118164,893,0.0,0.0,0.0
2022-11-01 09:30:00-04:00,26.479999542236328,26.479999542236328,26.15999984741211,26.15999984741211,0,0.0,0.0,0.0
2022-11-01 10:30:00-04:00,26.229999542236328,26.229999542236328,26.094999313354492,26.107999801635742,16536,0.0,0.0,0.0
2022-11-01 11:30:00-04:00,26.020000457763672,26.139999389648438,26.020000457763672,26.100000381469727,1144,0.0,0.0,0.0
2022-11-01 12:30:00-04:00,26.049999237060547,26.059999465942383,26.049999237060547,26.059999465942383,3973,0.0,0.0,0.0
2022-11-01 13:30:00-04:00,26.06999969482422,26.18000030517578,26.06999969482422,26.18000030517578,25764,0.0,0.0,0.0
2022-11-01 14:30:00-04:00,26.110000610351562,26.110000610351562,26.110000610351562,26.110000610351562,584,0.0,0.0,0.0
2022-11-01 15:30:00-04:00,26.100000381469727,26.149999618530273,26.100000381469727,26.149999618530273,118989,0.0,0.0,0.0
2022-11-02 09:30:00-04:00,26.1299991607666,26.14189910888672,26.09000015258789,26.14189910888672,0,0.0,0.0,0.0
2022-11-02 10:30:00-04:00,26.125,26.125,26.125,26.125,617,0.0,0.0,0.0
2022-11-02 11:30:00-04:00,26.100000381469727,26.132600784301758,26.079999923706055,26.079999923706055,1938,0.0,0.0,0.0
2022-11-02 12:30:00-04:00,26.06999969482422,26.159900665283203,26.020000457763672,26.094499588012695,12180,0.0,0.0,0.0
2022-11-02 13:30:00-04:00,26.125,26.399999618530273,26.125,26.399999618530273,12639,0.0,0.0,0.0
2022-11-02 14:30:00-04:00,26.3799991607666,26.43000030517578,25.983999252319336,26.02989959716797,4921,0.0,0.0,0.0
2022-11-02 15:30:00-04:00,25.76799964904785,25.81999969482422,25.76799964904785,25.81999969482422,533,0.0,0.0,0.0
2022-11-03 09:30:00-04:00,25.3700008392334,25.479999542236328,25.260000228881836,25.420000076293945,0,0.0,0.0,0.0
2022-11-03 10:30:00-04:00,25.65999984741211,25.70800018310547,25.645000457763672,25.645000457763672,2569,0.0,0.0,0.0
2022-11-03 11:30:00-04:00,25.579999923706055,25.579999923706055,25.579999923706055,25.579999923706055,431,0.0,0.0,0.0
2022-11-03 12:30:00-04:00,25.602699279785156,25.602699279785156,25.602699279785156,25.602699279785156,241,0.0,0.0,0.0
2022-11-03 14:30:00-04:00,25.597000122070312,25.663999557495117,25.579999923706055,25.663999557495117,1343,0.0,0.0,0.0
2022-11-03 15:30:00-04:00,25.635400772094727,25.645000457763672,25.600000381469727,25.600000381469727,1128,0.0,0.0,0.0
2022-11-04 10:30:00-04:00,26.434999465942383,26.434999465942383,26.290000915527344,26.389999389648438,2949,0.0,0.0,0.0
2022-11-04 11:30:00-04:00,26.040000915527344,26.040000915527344,26.040000915527344,26.040000915527344,6113,0.0,0.0,0.0
2022-11-04 12:30:00-04:00,26.104999542236328,26.104999542236328,26.100000381469727,26.100000381469727,602,0.0,0.0,0.0
2022-11-04 13:30:00-04:00,26.139999389648438,26.139999389648438,26.126699447631836,26.126699447631836,1268,0.0,0.0,0.0
2022-11-04 15:30:00-04:00,26.29400062561035,26.309999465942383,26.26099967956543,26.270000457763672,1988,0.0,0.0,0.0
2022-11-07 09:30:00-05:00,26.329999923706055,26.329999923706055,26.329999923706055,26.329999923706055,0,0.0,0.0,0.0
2022-11-07 10:30:00-05:00,26.309999465942383,26.34000015258789,26.309999465942383,26.34000015258789,921,0.0,0.0,0.0
2022-11-07 11:30:00-05:00,26.350000381469727,26.350000381469727,26.350000381469727,26.350000381469727,235,0.0,0.0,0.0
2022-11-07 12:30:00-05:00,26.360000610351562,26.360000610351562,26.360000610351562,26.360000610351562,102,0.0,0.0,0.0
2022-11-07 13:30:00-05:00,26.350000381469727,26.434999465942383,26.350000381469727,26.434999465942383,990,0.0,0.0,0.0
2022-11-07 14:30:00-05:00,26.489999771118164,26.489999771118164,26.489999771118164,26.489999771118164,615,0.0,0.0,0.0
2022-11-07 15:30:00-05:00,26.450000762939453,26.450000762939453,26.3799991607666,26.3799991607666,544,0.0,0.0,0.0
2022-11-08 09:30:00-05:00,26.56999969482422,26.56999969482422,26.56999969482422,26.56999969482422,0,0.0,0.0,0.0
2022-11-08 10:30:00-05:00,26.790000915527344,26.8700008392334,26.790000915527344,26.8700008392334,1075,0.0,0.0,0.0
2022-11-08 11:30:00-05:00,26.8700008392334,26.8700008392334,26.850000381469727,26.86590003967285,1503,0.0,0.0,0.0
2022-11-08 12:30:00-05:00,26.81999969482422,26.8523006439209,26.739999771118164,26.739999771118164,1002,0.0,0.0,0.0
2022-11-08 13:30:00-05:00,26.68000030517578,26.790000915527344,26.59000015258789,26.59000015258789,7737,0.0,0.0,0.0
2022-11-08 14:30:00-05:00,26.649999618530273,26.75,26.649999618530273,26.719999313354492,4036,0.0,0.0,0.0
2022-11-08 15:30:00-05:00,26.75,26.809999465942383,26.75,26.780000686645508,2198,0.0,0.0,0.0
2022-11-09 09:30:00-05:00,26.639999389648438,26.711000442504883,26.639999389648438,26.711000442504883,0,0.0,0.0,0.0
2022-11-09 10:30:00-05:00,26.56999969482422,26.59000015258789,26.56999969482422,26.59000015258789,2943,0.0,0.0,0.0
2022-11-09 12:30:00-05:00,26.540000915527344,26.540000915527344,26.540000915527344,26.540000915527344,100,0.0,0.0,0.0
2022-11-09 13:30:00-05:00,26.485000610351562,26.485000610351562,26.43000030517578,26.434999465942383,1801,0.0,0.0,0.0
2022-11-09 14:30:00-05:00,26.434999465942383,26.434999465942383,26.350000381469727,26.389999389648438,16663,0.0,0.0,0.0
2022-11-09 15:30:00-05:00,26.3799991607666,26.399999618530273,26.354999542236328,26.360000610351562,0,0.0,0.0,0.0
2022-11-10 09:30:00-05:00,27.260000228881836,27.3799991607666,27.260000228881836,27.3700008392334,2185,0.0,0.0,0.0
2022-11-10 10:30:00-05:00,27.621999740600586,27.621999740600586,27.621999740600586,27.621999740600586,385,0.0,0.0,0.0
2022-11-10 11:30:00-05:00,27.725000381469727,27.725000381469727,27.725000381469727,27.725000381469727,147,0.0,0.0,0.0
2022-11-10 12:30:00-05:00,27.575000762939453,27.663299560546875,27.575000762939453,27.663299560546875,261,0.0,0.0,0.0
2022-11-10 13:30:00-05:00,27.670000076293945,27.74959945678711,27.635000228881836,27.74959945678711,2092,0.0,0.0,0.0
2022-11-10 14:30:00-05:00,27.72249984741211,27.833999633789062,27.72249984741211,27.833999633789062,2513,0.0,0.0,0.0
2022-11-10 15:30:00-05:00,27.770000457763672,27.78499984741211,27.770000457763672,27.770000457763672,0,0.0,0.0,0.0
2022-11-11 09:30:00-05:00,28.2450008392334,28.2450008392334,28.2450008392334,28.2450008392334,164,0.0,0.0,0.0
2022-11-11 11:30:00-05:00,28.18000030517578,28.18000030517578,28.18000030517578,28.18000030517578,387,0.0,0.0,0.0
2022-11-14 09:30:00-05:00,28.170000076293945,28.170000076293945,28.170000076293945,28.170000076293945,0,0.0,0.0,0.0
2022-11-14 10:30:00-05:00,28.170000076293945,28.170000076293945,28.075000762939453,28.09000015258789,3771,0.0,0.0,0.0
2022-11-14 11:30:00-05:00,28.059999465942383,28.0802001953125,28.030000686645508,28.030000686645508,1675,0.0,0.0,0.0
2022-11-14 12:30:00-05:00,28.059999465942383,28.135000228881836,28.059999465942383,28.135000228881836,1751,0.0,0.0,0.0
2022-11-14 13:30:00-05:00,28.209999084472656,28.209999084472656,28.209999084472656,28.209999084472656,543,0.0,0.0,0.0
2022-11-14 14:30:00-05:00,28.089500427246094,28.21969985961914,28.089500427246094,28.197999954223633,2245,0.0,0.0,0.0
2022-11-14 15:30:00-05:00,28.114999771118164,28.114999771118164,28.030000686645508,28.030000686645508,0,0.0,0.0,0.0
2022-11-15 09:30:00-05:00,28.329999923706055,28.329999923706055,28.190000534057617,28.274999618530273,4317,0.0,0.0,0.0
2022-11-15 13:30:00-05:00,28.079999923706055,28.079999923706055,28.079999923706055,28.079999923706055,376,0.0,0.0,0.0
2022-11-15 14:30:00-05:00,28.1200008392334,28.349899291992188,28.110000610351562,28.349899291992188,1284,0.0,0.0,0.0
2022-11-15 15:30:00-05:00,28.200000762939453,28.200000762939453,28.190000534057617,28.190000534057617,300,0.0,0.0,0.0
2022-11-16 09:30:00-05:00,28.18000030517578,28.18000030517578,28.18000030517578,28.18000030517578,0,0.0,0.0,0.0
2022-11-16 10:30:00-05:00,28.174999237060547,28.174999237060547,28.174999237060547,28.174999237060547,265,0.0,0.0,0.0
2022-11-16 13:30:00-05:00,28.194700241088867,28.194700241088867,28.194700241088867,28.194700241088867,136,0.0,0.0,0.0
2022-11-16 14:30:00-05:00,28.12700080871582,28.12700080871582,28.1200008392334,28.1200008392334,359,0.0,0.0,0.0
2022-11-16 15:30:00-05:00,28.23699951171875,28.23699951171875,28.15999984741211,28.15999984741211,2083,0.0,0.0,0.0
2022-11-17 09:30:00-05:00,27.68000030517578,27.739999771118164,27.68000030517578,27.739999771118164,0,0.0,0.0,0.0
2022-11-17 11:30:00-05:00,27.780000686645508,27.780000686645508,27.780000686645508,27.780000686645508,230,0.0,0.0,0.0
2022-11-17 12:30:00-05:00,27.809999465942383,27.881999969482422,27.805400848388672,27.86520004272461,1269,0.0,0.0,0.0
2022-11-17 13:30:00-05:00,27.85460090637207,27.85460090637207,27.85460090637207,27.85460090637207,267,0.0,0.0,0.0
2022-11-17 14:30:00-05:00,27.84000015258789,27.84000015258789,27.84000015258789,27.84000015258789,390,0.0,0.0,0.0
2022-11-17 15:30:00-05:00,27.815000534057617,27.815000534057617,27.809999465942383,27.809999465942383,210,0.0,0.0,0.0
2022-11-18 09:30:00-05:00,27.799999237060547,27.799999237060547,27.799999237060547,27.799999237060547,0,0.0,0.0,0.0
2022-11-18 13:30:00-05:00,27.760000228881836,27.760000228881836,27.760000228881836,27.760000228881836,5414,0.0,0.0,0.0
2022-11-18 14:30:00-05:00,27.795000076293945,27.795000076293945,27.795000076293945,27.795000076293945,547,0.0,0.0,0.0
2022-11-21 09:30:00-05:00,27.690000534057617,27.690000534057617,27.6299991607666,27.6299991607666,0,0.0,0.0,0.0
2022-11-21 10:30:00-05:00,27.549999237060547,27.549999237060547,27.510000228881836,27.510000228881836,1368,0.0,0.0,0.0
2022-11-21 11:30:00-05:00,27.510000228881836,27.633699417114258,27.489999771118164,27.633699417114258,791,0.0,0.0,0.0
2022-11-21 12:30:00-05:00,27.5851993560791,27.670000076293945,27.5851993560791,27.670000076293945,1422,0.0,0.0,0.0
2022-11-21 13:30:00-05:00,27.739999771118164,27.746400833129883,27.739999771118164,27.746400833129883,736,0.0,0.0,0.0
2022-11-21 14:30:00-05:00,27.700899124145508,27.700899124145508,27.65999984741211,27.68000030517578,0,0.0,0.0,0.0
2022-11-22 09:30:00-05:00,27.899999618530273,27.975000381469727,27.899999618530273,27.975000381469727,1746,0.0,0.0,0.0
2022-11-22 10:30:00-05:00,27.940000534057617,27.940000534057617,27.940000534057617,27.940000534057617,262,0.0,0.0,0.0
2022-11-22 11:30:00-05:00,28.0049991607666,28.0049991607666,28.0049991607666,28.0049991607666,540,0.0,0.0,0.0
2022-11-22 12:30:00-05:00,28.06999969482422,28.06999969482422,28.06999969482422,28.06999969482422,454,0.0,0.0,0.0
2022-11-22 14:30:00-05:00,28.030099868774414,28.104999542236328,28.030099868774414,28.104999542236328,701,0.0,0.0,0.0
2022-11-22 15:30:00-05:00,28.125,28.16069984436035,28.125,28.1299991607666,597,0.0,0.0,0.0
2022-11-23 09:30:00-05:00,28.200000762939453,28.200000762939453,28.200000762939453,28.200000762939453,0,0.0,0.0,0.0
2022-11-23 10:30:00-05:00,28.424999237060547,28.424999237060547,28.424999237060547,28.424999237060547,359,0.0,0.0,0.0
2022-11-23 11:30:00-05:00,28.400999069213867,28.400999069213867,28.400999069213867,28.400999069213867,133,0.0,0.0,0.0
2022-11-23 12:30:00-05:00,28.40999984741211,28.40999984741211,28.360000610351562,28.360000610351562,415,0.0,0.0,0.0
2022-11-23 13:30:00-05:00,28.43000030517578,28.450000762939453,28.360000610351562,28.43000030517578,2254,0.0,0.0,0.0
2022-11-23 14:30:00-05:00,28.399999618530273,28.399999618530273,28.390100479125977,28.390100479125977,532,0.0,0.0,0.0
2022-11-23 15:30:00-05:00,28.420000076293945,28.501100540161133,28.399999618530273,28.440000534057617,842,0.0,0.0,0.0
2022-11-25 09:30:00-05:00,28.389999389648438,28.479000091552734,28.389999389648438,28.479000091552734,8901,0.0,0.0,0.0
2022-11-28 09:30:00-05:00,28.309999465942383,28.309999465942383,28.309999465942383,28.309999465942383,827,0.0,0.0,0.0
2022-11-28 10:30:00-05:00,28.315000534057617,28.315000534057617,28.315000534057617,28.315000534057617,291,0.0,0.0,0.0
2022-11-28 11:30:00-05:00,28.299999237060547,28.299999237060547,28.230100631713867,28.230100631713867,683,0.0,0.0,0.0
2022-11-28 12:30:00-05:00,28.359899520874023,28.359899520874023,28.15999984741211,28.15999984741211,1629,0.0,0.0,0.0
2022-11-28 14:30:00-05:00,28.075300216674805,28.16900062561035,28.030000686645508,28.05389976501465,3793,0.0,0.0,0.0
2022-11-28 15:30:00-05:00,28.020000457763672,28.020099639892578,28.020000457763672,28.020000457763672,1605,0.0,0.0,0.0
2022-11-29 09:30:00-05:00,28.049999237060547,28.149999618530273,28.049999237060547,28.149999618530273,0,0.0,0.0,0.0
2022-11-29 11:30:00-05:00,27.969999313354492,27.969999313354492,27.969999313354492,27.969999313354492,946,0.0,0.0,0.0
2022-11-29 13:30:00-05:00,28.059999465942383,28.0802001953125,28.059999465942383,28.0802001953125,370,0.0,0.0,0.0
2022-11-29 14:30:00-05:00,28.041400909423828,28.104799270629883,28.027999877929688,28.104799270629883,1985,0.0,0.0,0.0
2022-11-29 15:30:00-05:00,28.075000762939453,28.075000762939453,27.989999771118164,27.989999771118164,1353,0.0,0.0,0.0
2022-11-30 09:30:00-05:00,28.3700008392334,28.3700008392334,28.229999542236328,28.247499465942383,0,0.0,0.0,0.0
2022-11-30 10:30:00-05:00,28.13010025024414,28.13010025024414,28.13010025024414,28.13010025024414,447,0.0,0.0,0.0
2022-11-30 11:30:00-05:00,28.18000030517578,28.180099487304688,28.15999984741211,28.15999984741211,2262,0.0,0.0,0.0
2022-11-30 12:30:00-05:00,28.200000762939453,28.200000762939453,28.200000762939453,28.200000762939453,605,0.0,0.0,0.0
2022-11-30 13:30:00-05:00,28.579999923706055,28.59000015258789,28.579999923706055,28.59000015258789,5491,0.0,0.0,0.0
2022-11-30 14:30:00-05:00,28.660999298095703,28.660999298095703,28.660999298095703,28.660999298095703,6150,0.0,0.0,0.0
2022-11-30 15:30:00-05:00,28.739999771118164,28.739999771118164,28.729999542236328,28.729999542236328,183,0.0,0.0,0.0
2022-12-01 09:30:00-05:00,29.100000381469727,29.139999389648438,28.990100860595703,28.990100860595703,0,0.0,0.0,0.0
2022-12-01 10:30:00-05:00,28.979999542236328,29.170000076293945,28.959999084472656,29.05500030517578,22120,0.0,0.0,0.0
2022-12-01 11:30:00-05:00,29.139999389648438,29.139999389648438,28.989999771118164,28.9950008392334,10048,0.0,0.0,0.0
2022-12-01 12:30:00-05:00,29.13170051574707,29.15999984741211,29.09000015258789,29.104999542236328,8842,0.0,0.0,0.0
2022-12-01 13:30:00-05:00,29.100000381469727,29.209999084472656,29.100000381469727,29.209999084472656,13093,0.0,0.0,0.0
2022-12-01 14:30:00-05:00,29.100000381469727,29.139999389648438,29.100000381469727,29.139999389648438,4969,0.0,0.0,0.0
2022-12-05 09:30:00-05:00,28.979999542236328,28.979999542236328,28.8700008392334,28.8700008392334,0,0.0,0.0,0.0
2022-12-05 10:30:00-05:00,28.854999542236328,28.940000534057617,28.854999542236328,28.940000534057617,1289,0.0,0.0,0.0
2022-12-05 12:30:00-05:00,28.639999389648438,28.639999389648438,28.560100555419922,28.610000610351562,20080,0.0,0.0,0.0
2022-12-05 13:30:00-05:00,28.610000610351562,28.643999099731445,28.58009910583496,28.643999099731445,4218,0.0,0.0,0.0
2022-12-05 14:30:00-05:00,28.600000381469727,28.65399932861328,28.5,28.5,2648,0.0,0.0,0.0
2022-12-05 15:30:00-05:00,28.5,28.59000015258789,28.489999771118164,28.489999771118164,2329,0.0,0.0,0.0
2022-12-06 09:30:00-05:00,28.56999969482422,28.600000381469727,28.398000717163086,28.398000717163086,0,0.0,0.0,0.0
2022-12-06 11:30:00-05:00,28.4950008392334,28.4950008392334,28.40999984741211,28.40999984741211,925,0.0,0.0,0.0
2022-12-06 12:30:00-05:00,28.270000457763672,28.330699920654297,28.260000228881836,28.330699920654297,1670,0.0,0.0,0.0
2022-12-06 13:30:00-05:00,28.329999923706055,28.329999923706055,28.329999923706055,28.329999923706055,1165,0.0,0.0,0.0
2022-12-06 14:30:00-05:00,28.269800186157227,28.269800186157227,28.269800186157227,28.269800186157227,380,0.0,0.0,0.0
2022-12-06 15:30:00-05:00,28.249099731445312,28.249099731445312,28.249099731445312,28.249099731445312,100,0.0,0.0,0.0
2022-12-07 09:30:00-05:00,28.229999542236328,28.3799991607666,28.229999542236328,28.3799991607666,5180,0.0,0.0,0.0
2022-12-07 10:30:00-05:00,28.3700008392334,28.40999984741211,28.309999465942383,28.309999465942383,4055,0.0,0.0,0.0
2022-12-07 11:30:00-05:00,28.280000686645508,28.34000015258789,28.280000686645508,28.306800842285156,7872,0.0,0.0,0.0
2022-12-07 12:30:00-05:00,28.34000015258789,28.409700393676758,28.299999237060547,28.364999771118164,15197,0.0,0.0,0.0
2022-12-07 13:30:00-05:00,28.393299102783203,28.399999618530273,28.354999542236328,28.35849952697754,2460,0.0,0.0,0.0
2022-12-07 14:30:00-05:00,28.3799991607666,28.3799991607666,28.31999969482422,28.350000381469727,911,0.0,0.0,0.0
2022-12-07 15:30:00-05:00,28.3799991607666,28.40999984741211,28.350000381469727,28.40999984741211,975,0.0,0.0,0.0
2022-12-08 09:30:00-05:00,28.329999923706055,28.40999984741211,28.315000534057617,28.40999984741211,0,0.0,0.0,0.0
2022-12-08 10:30:00-05:00,28.520000457763672,28.520000457763672,28.469999313354492,28.469999313354492,445,0.0,0.0,0.0
2022-12-08 12:30:00-05:00,28.420000076293945,28.440000534057617,28.420000076293945,28.440000534057617,569,0.0,0.0,0.0
2022-12-08 13:30:00-05:00,28.510000228881836,28.510000228881836,28.445600509643555,28.478900909423828,1581,0.0,0.0,0.0
2022-12-08 15:30:00-05:00,28.479999542236328,28.479999542236328,28.389999389648438,28.389999389648438,963,0.0,0.0,0.0
2022-12-09 10:30:00-05:00,28.60409927368164,28.668399810791016,28.600000381469727,28.649999618530273,2713,0.0,0.0,0.0
2022-12-09 11:30:00-05:00,28.65369987487793,28.769899368286133,28.65369987487793,28.68000030517578,297813,0.0,0.0,0.0
2022-12-09 12:30:00-05:00,28.605600357055664,28.605600357055664,28.605600357055664,28.605600357055664,793,0.0,0.0,0.0
2022-12-09 13:30:00-05:00,28.590099334716797,28.629899978637695,28.590099334716797,28.629899978637695,1352,0.0,0.0,0.0
2022-12-09 14:30:00-05:00,28.6200008392334,28.639999389648438,28.6200008392334,28.639999389648438,678,0.0,0.0,0.0
2022-12-09 15:30:00-05:00,28.59000015258789,28.59000015258789,28.489999771118164,28.549999237060547,19464,0.0,0.0,0.0
2022-12-12 09:30:00-05:00,28.3700008392334,28.549999237060547,28.3700008392334,28.549999237060547,0,0.0,0.0,0.0
2022-12-12 12:30:00-05:00,28.399999618530273,28.399999618530273,28.399999618530273,28.399999618530273,1253,0.0,0.0,0.0
2022-12-12 13:30:00-05:00,28.31999969482422,28.31999969482422,28.270000457763672,28.270000457763672,9442,0.0,0.0,0.0
2022-12-12 14:30:00-05:00,28.420000076293945,28.420000076293945,28.420000076293945,28.420000076293945,591,0.0,0.0,0.0
2022-12-12 15:30:00-05:00,28.505199432373047,28.559999465942383,28.489999771118164,28.489999771118164,1687,0.0,0.0,0.0
2022-12-13 09:30:00-05:00,29.170000076293945,29.170000076293945,29.170000076293945,29.170000076293945,0,0.0,0.0,0.0
2022-12-13 10:30:00-05:00,28.93000030517578,28.940000534057617,28.8700008392334,28.93000030517578,8017,0.0,0.0,0.0
2022-12-13 11:30:00-05:00,28.950000762939453,28.979999542236328,28.711299896240234,28.729999542236328,4702,0.0,0.0,0.0
2022-12-13 12:30:00-05:00,28.700000762939453,28.80500030517578,28.649999618530273,28.80500030517578,7562,0.0,0.0,0.0
2022-12-13 13:30:00-05:00,28.735000610351562,28.735000610351562,28.735000610351562,28.735000610351562,191,0.0,0.0,0.0
2022-12-13 14:30:00-05:00,28.799999237060547,28.809999465942383,28.711999893188477,28.739999771118164,1108,0.0,0.0,0.0
2022-12-13 15:30:00-05:00,28.84000015258789,28.84000015258789,28.75,28.75,447,0.0,0.0,0.0
2022-12-14 09:30:00-05:00,28.860000610351562,28.924999237060547,28.850000381469727,28.923599243164062,0,0.0,0.0,0.0
2022-12-14 10:30:00-05:00,28.899999618530273,28.920000076293945,28.86400032043457,28.920000076293945,1895,0.0,0.0,0.0
2022-12-14 11:30:00-05:00,29.0,29.0049991607666,28.969999313354492,28.975000381469727,5338,0.0,0.0,0.0
2022-12-14 12:30:00-05:00,28.97010040283203,29.040000915527344,28.969999313354492,28.969999313354492,40928,0.0,0.0,0.0
2022-12-14 13:30:00-05:00,29.040000915527344,29.047000885009766,28.690000534057617,28.799999237060547,12457,0.0,0.0,0.0
2022-12-14 14:30:00-05:00,28.790000915527344,28.999300003051758,28.600000381469727,28.889999389648438,2376,0.0,0.0,0.0
2022-12-14 15:30:00-05:00,28.75,28.920000076293945,28.75,28.920000076293945,4454,0.0,0.0,0.0
2022-12-15 09:30:00-05:00,28.330699920654297,28.330699920654297,28.114099502563477,28.114099502563477,0,0.0,0.0,0.0
2022-12-15 10:30:00-05:00,28.189599990844727,28.209999084472656,28.11009979248047,28.11009979248047,2073,0.0,0.0,0.0
2022-12-15 11:30:00-05:00,28.05500030517578,28.1200008392334,27.979999542236328,28.1200008392334,3694,0.0,0.0,0.0
2022-12-15 12:30:00-05:00,27.979999542236328,27.991600036621094,27.959999084472656,27.979000091552734,628,0.0,0.0,0.0
2022-12-15 13:30:00-05:00,28.06999969482422,28.079999923706055,28.0,28.079999923706055,1089,0.0,0.0,0.0
2022-12-15 14:30:00-05:00,28.09000015258789,28.1299991607666,28.059999465942383,28.1299991607666,1933,0.0,0.0,0.0
2022-12-15 15:30:00-05:00,28.101999282836914,28.101999282836914,28.014999389648438,28.09000015258789,9078,0.0,0.0,0.0
2022-12-16 09:30:00-05:00,27.81999969482422,27.81999969482422,27.78499984741211,27.81999969482422,0,0.0,0.0,0.0
2022-12-16 10:30:00-05:00,27.690000534057617,27.700000762939453,27.670000076293945,27.670000076293945,52713,0.0,0.0,0.0
2022-12-16 11:30:00-05:00,27.689899444580078,27.689899444580078,27.689899444580078,27.689899444580078,204,0.0,0.0,0.0
2022-12-16 12:30:00-05:00,27.729999542236328,27.739999771118164,27.670000076293945,27.68000030517578,343343,0.0,0.0,0.0
2022-12-16 13:30:00-05:00,27.690000534057617,27.690000534057617,27.68000030517578,27.68000030517578,2160,0.0,0.0,0.0
2022-12-16 14:30:00-05:00,27.6875,27.809999465942383,27.649999618530273,27.809999465942383,3563,0.0,0.0,0.0
2022-12-16 15:30:00-05:00,27.809999465942383,27.829999923706055,27.75,27.778099060058594,3085,0.0,0.0,0.0
2022-12-19 09:30:00-05:00,27.797500610351562,27.809999465942383,27.709999084472656,27.725000381469727,0,0.0,0.0,0.0
2022-12-19 10:30:00-05:00,27.605499267578125,27.690000534057617,27.605499267578125,27.690000534057617,2333,0.0,0.0,0.0
2022-12-19 11:30:00-05:00,27.645000457763672,27.645000457763672,27.6023006439209,27.645000457763672,721,0.0,0.0,0.0
2022-12-19 12:30:00-05:00,27.65999984741211,27.65999984741211,27.65999984741211,27.65999984741211,490,0.0,0.0,0.0
2022-12-19 13:30:00-05:00,27.63360023498535,27.63360023498535,27.565000534057617,27.565000534057617,814,0.0,0.0,0.0
2022-12-19 14:30:00-05:00,27.541900634765625,27.55389976501465,27.530000686645508,27.55389976501465,1306,0.0,0.0,0.0
2022-12-19 15:30:00-05:00,27.545000076293945,27.549999237060547,27.545000076293945,27.549999237060547,350,0.0,0.0,0.0
2022-12-20 09:30:00-05:00,27.530000686645508,27.600000381469727,27.4950008392334,27.600000381469727,1465,0.0,0.0,0.0
2022-12-20 10:30:00-05:00,27.670000076293945,27.714000701904297,27.562599182128906,27.562599182128906,2661,0.0,0.0,0.0
2022-12-20 11:30:00-05:00,27.53499984741211,27.579999923706055,27.53499984741211,27.570100784301758,2427,0.0,0.0,0.0
2022-12-20 12:30:00-05:00,27.56999969482422,27.56999969482422,27.530000686645508,27.559999465942383,1249,0.0,0.0,0.0
2022-12-20 13:30:00-05:00,27.6200008392334,27.6200008392334,27.559999465942383,27.559999465942383,2562,0.0,0.0,0.0
2022-12-20 14:30:00-05:00,27.625,27.648300170898438,27.565000534057617,27.565000534057617,3288,0.0,0.0,0.0
2022-12-20 15:30:00-05:00,27.622699737548828,27.622699737548828,27.450000762939453,27.450000762939453,9639,0.0,0.0,0.0
2022-12-21 09:30:00-05:00,27.719999313354492,27.81999969482422,27.719999313354492,27.81999969482422,0,0.0,0.0,0.0
2022-12-21 10:30:00-05:00,27.8799991607666,27.90290069580078,27.870100021362305,27.870100021362305,891,0.0,0.0,0.0
2022-12-21 11:30:00-05:00,27.949899673461914,27.949899673461914,27.870800018310547,27.870800018310547,1071,0.0,0.0,0.0
2022-12-21 12:30:00-05:00,27.8799991607666,27.929899215698242,27.840299606323242,27.929899215698242,4207,0.0,0.0,0.0
2022-12-21 13:30:00-05:00,27.895000457763672,28.030000686645508,27.895000457763672,27.96500015258789,2359,0.0,0.0,0.0
2022-12-21 14:30:00-05:00,28.010000228881836,28.010000228881836,27.94409942626953,27.94409942626953,556,0.0,0.0,0.0
2022-12-21 15:30:00-05:00,27.950000762939453,27.950000762939453,27.850000381469727,27.850000381469727,697,0.0,0.0,0.0
2022-12-22 09:30:00-05:00,27.75,27.75,27.75,27.75,0,0.0,0.0,0.0
2022-12-22 10:30:00-05:00,27.549999237060547,27.549999237060547,27.489999771118164,27.489999771118164,343,0.0,0.0,0.0
2022-12-22 11:30:00-05:00,27.479999542236328,27.479999542236328,27.479999542236328,27.479999542236328,512,0.0,0.0,0.0
2022-12-22 12:30:00-05:00,27.399999618530273,27.40999984741211,27.288000106811523,27.288000106811523,4522,0.0,0.0,0.0
2022-12-22 13:30:00-05:00,27.34000015258789,27.389999389648438,27.34000015258789,27.389999389648438,716,0.0,0.0,0.0
2022-12-22 14:30:00-05:00,27.360000610351562,27.530000686645508,27.350000381469727,27.530000686645508,1638,0.0,0.0,0.0
2022-12-22 15:30:00-05:00,27.47439956665039,27.540000915527344,27.460100173950195,27.479999542236328,875,0.0,0.0,0.0
2022-12-23 09:30:00-05:00,27.440000534057617,27.520000457763672,27.440000534057617,27.520000457763672,0,0.0,0.0,0.0
2022-12-23 12:30:00-05:00,27.6560001373291,27.65999984741211,27.625,27.625,1825,0.0,0.0,0.0
2022-12-23 13:30:00-05:00,27.59000015258789,27.59000015258789,27.59000015258789,27.59000015258789,279,0.0,0.0,0.0
2022-12-23 14:30:00-05:00,27.659900665283203,27.659900665283203,27.625,27.625,1880,0.0,0.0,0.0
2022-12-23 15:30:00-05:00,27.649999618530273,27.65999984741211,27.610000610351562,27.610000610351562,744,0.0,0.0,0.0
2022-12-27 09:30:00-05:00,27.770000457763672,27.770000457763672,27.350000381469727,27.709999084472656,1746,0.0,0.0,0.0
2022-12-27 10:30:00-05:00,27.795000076293945,27.829999923706055,27.739999771118164,27.795000076293945,2764,0.0,0.0,0.0
2022-12-27 11:30:00-05:00,27.829999923706055,27.850000381469727,27.771400451660156,27.81999969482422,1943,0.0,0.0,0.0
2022-12-27 12:30:00-05:00,27.75,27.799999237060547,27.75,27.756000518798828,1259,0.0,0.0,0.0
2022-12-27 13:30:00-05:00,27.790000915527344,27.81999969482422,27.690099716186523,27.75,2503,0.0,0.0,0.0
2022-12-27 14:30:00-05:00,27.75,27.780000686645508,27.700000762939453,27.780000686645508,9201,0.0,0.0,0.0
2022-12-27 15:30:00-05:00,27.809999465942383,27.809999465942383,27.700000762939453,27.700000762939453,0,0.0,0.0,0.0
2022-12-28 09:30:00-05:00,27.649999618530273,27.649999618530273,27.639999389648438,27.642000198364258,498,0.0,0.0,0.0
2022-12-28 10:30:00-05:00,27.56450080871582,27.56450080871582,27.5,27.5,2151,0.0,0.0,0.0
2022-12-28 11:30:00-05:00,27.523399353027344,27.523399353027344,27.3700008392334,27.424999237060547,6537,0.0,0.0,0.0
2022-12-28 12:30:00-05:00,27.479999542236328,27.479999542236328,27.479999542236328,27.479999542236328,496,0.0,0.0,0.0
2022-12-28 13:30:00-05:00,27.575000762939453,27.575000762939453,27.40999984741211,27.46500015258789,12354,0.0,0.0,0.0
2022-12-28 14:30:00-05:00,27.40999984741211,27.40999984741211,27.360000610351562,27.360000610351562,7632,0.0,0.0,0.0
2022-12-28 15:30:00-05:00,27.360000610351562,27.3700008392334,27.280000686645508,27.299999237060547,6775,0.0,0.0,0.0
2022-12-29 09:30:00-05:00,27.68000030517578,27.68000030517578,27.68000030517578,27.68000030517578,0,0.0,0.0,0.0
2022-12-29 10:30:00-05:00,27.75,27.790000915527344,27.75,27.75,729,0.0,0.0,0.0
2022-12-29 11:30:00-05:00,27.809999465942383,27.809999465942383,27.809999465942383,27.809999465942383,645,0.0,0.0,0.0
2022-12-29 12:30:00-05:00,27.8700008392334,27.8700008392334,27.84000015258789,27.84000015258789,1140,0.0,0.0,0.0
2022-12-29 13:30:00-05:00,27.850200653076172,27.850200653076172,27.850200653076172,27.850200653076172,307,0.0,0.0,0.0
2022-12-29 14:30:00-05:00,27.829999923706055,27.829999923706055,27.815000534057617,27.829999923706055,819,0.0,0.0,0.0
2022-12-29 15:30:00-05:00,27.834999084472656,27.834999084472656,27.75,27.75,1574,0.0,0.0,0.0
2022-12-30 10:30:00-05:00,27.56999969482422,27.6200008392334,27.520000457763672,27.520000457763672,1635,0.0,0.0,0.0
2022-12-30 11:30:00-05:00,27.510000228881836,27.56999969482422,27.5,27.56999969482422,2695,0.0,0.0,0.0
2022-12-30 12:30:00-05:00,27.559999465942383,27.59000015258789,27.441299438476562,27.459999084472656,2460,0.0,0.0,0.0
2022-12-30 13:30:00-05:00,27.485000610351562,27.520000457763672,27.450000762939453,27.475000381469727,4833,0.0,0.0,0.0
2022-12-30 14:30:00-05:00,27.469999313354492,27.549999237060547,27.40999984741211,27.540000915527344,4607,0.0,0.0,0.0
2022-12-30 15:30:00-05:00,27.479999542236328,27.579999923706055,27.459999084472656,27.459999084472656,4561,0.0,0.0,0.0
2023-01-03 09:30:00-05:00,27.59000015258789,27.59000015258789,27.59000015258789,27.59000015258789,0,0.0,0.0,0.0
2023-01-03 10:30:00-05:00,27.475000381469727,27.475000381469727,27.475000381469727,27.475000381469727,613,0.0,0.0,0.0
2023-01-03 12:30:00-05:00,27.395000457763672,27.433900833129883,27.3700008392334,27.43000030517578,4532,0.0,0.0,0.0
2023-01-03 13:30:00-05:00,27.420000076293945,27.514999389648438,27.420000076293945,27.43000030517578,35551,0.0,0.0,0.0
2023-01-03 14:30:00-05:00,27.40999984741211,27.489999771118164,27.389999389648438,27.475000381469727,3775,0.0,0.0,0.0
2023-01-03 15:30:00-05:00,27.475000381469727,27.475000381469727,27.450000762939453,27.450000762939453,1273,0.0,0.0,0.0
2023-01-04 09:30:00-05:00,27.920000076293945,27.920000076293945,27.770000457763672,27.770000457763672,0,0.0,0.0,0.0
2023-01-04 10:30:00-05:00,27.729999542236328,27.899999618530273,27.729999542236328,27.899999618530273,4047,0.0,0.0,0.0
2023-01-04 11:30:00-05:00,27.84000015258789,28.020000457763672,27.84000015258789,28.010000228881836,3659,0.0,0.0,0.0
2023-01-04 12:30:00-05:00,27.920000076293945,27.939199447631836,27.920000076293945,27.93000030517578,2375,0.0,0.0,0.0
2023-01-04 14:30:00-05:00,27.750099182128906,27.850000381469727,27.750099182128906,27.84000015258789,1002,0.0,0.0,0.0
2023-01-04 15:30:00-05:00,27.929899215698242,27.929899215698242,27.760000228881836,27.760000228881836,905,0.0,0.0,0.0
2023-01-05 09:30:00-05:00,27.639999389648438,27.68000030517578,27.59000015258789,27.59000015258789,0,0.0,0.0,0.0
2023-01-05 10:30:00-05:00,27.610000610351562,27.663999557495117,27.610000610351562,27.663999557495117,1198,0.0,0.0,0.0
2023-01-05 12:30:00-05:00,27.635000228881836,27.690000534057617,27.6200008392334,27.690000534057617,1363,0.0,0.0,0.0
2023-01-05 13:30:00-05:00,27.706100463867188,27.706100463867188,27.65999984741211,27.704500198364258,1985,0.0,0.0,0.0
2023-01-05 14:30:00-05:00,27.730100631713867,27.759199142456055,27.639999389648438,27.65999984741211,23463,0.0,0.0,0.0
2023-01-05 15:30:00-05:00,27.665000915527344,27.665000915527344,27.59000015258789,27.65999984741211,1321,0.0,0.0,0.0
2023-01-06 09:30:00-05:00,27.799999237060547,28.059999465942383,27.799999237060547,28.059999465942383,0,0.0,0.0,0.0
2023-01-06 10:30:00-05:00,28.209999084472656,28.309999465942383,28.190000534057617,28.229999542236328,1698,0.0,0.0,0.0
2023-01-06 11:30:00-05:00,28.354999542236328,28.399999618530273,28.354999542236328,28.354999542236328,808,0.0,0.0,0.0
2023-01-06 12:30:00-05:00,28.45989990234375,28.45989990234375,28.45989990234375,28.45989990234375,200,0.0,0.0,0.0
2023-01-06 13:30:00-05:00,28.434999465942383,28.455900192260742,28.40999984741211,28.455900192260742,1679,0.0,0.0,0.0
2023-01-06 14:30:00-05:00,28.4950008392334,28.540000915527344,28.4950008392334,28.51740074157715,873,0.0,0.0,0.0
2023-01-06 15:30:00-05:00,28.45639991760254,28.579999923706055,28.45639991760254,28.579999923706055,646,0.0,0.0,0.0
2023-01-09 09:30:00-05:00,28.93000030517578,28.934999465942383,28.860000610351562,28.860000610351562,0,0.0,0.0,0.0
2023-01-09 10:30:00-05:00,28.975000381469727,29.055999755859375,28.975000381469727,29.0,1255,0.0,0.0,0.0
2023-01-09 11:30:00-05:00,28.92009925842285,28.975000381469727,28.92009925842285,28.975000381469727,417,0.0,0.0,0.0
2023-01-09 12:30:00-05:00,28.920000076293945,28.999900817871094,28.920000076293945,28.999900817871094,1907,0.0,0.0,0.0
2023-01-09 13:30:00-05:00,28.954999923706055,28.957199096679688,28.860000610351562,28.913299560546875,1773,0.0,0.0,0.0
2023-01-09 14:30:00-05:00,28.93899917602539,28.940000534057617,28.76569938659668,28.76569938659668,2700,0.0,0.0,0.0
2023-01-09 15:30:00-05:00,28.760499954223633,28.790000915527344,28.709999084472656,28.790000915527344,1381,0.0,0.0,0.0
2023-01-10 09:30:00-05:00,28.760000228881836,28.760000228881836,28.760000228881836,28.760000228881836,0,0.0,0.0,0.0
2023-01-10 10:30:00-05:00,28.665000915527344,28.739999771118164,28.665000915527344,28.739999771118164,5166,0.0,0.0,0.0
2023-01-10 11:30:00-05:00,28.725000381469727,28.725000381469727,28.719999313354492,28.719999313354492,514,0.0,0.0,0.0
2023-01-10 12:30:00-05:00,28.739999771118164,28.764999389648438,28.691999435424805,28.694000244140625,5083,0.0,0.0,0.0
2023-01-10 13:30:00-05:00,28.710100173950195,28.829999923706055,28.710100173950195,28.829999923706055,7664,0.0,0.0,0.0
2023-01-10 14:30:00-05:00,28.80769920349121,28.80769920349121,28.770000457763672,28.770000457763672,575,0.0,0.0,0.0
2023-01-10 15:30:00-05:00,28.790000915527344,28.81999969482422,28.760000228881836,28.760000228881836,4819,0.0,0.0,0.0
2023-01-11 09:30:00-05:00,29.0,29.0,29.0,29.0,0,0.0,0.0,0.0
2023-01-11 11:30:00-05:00,28.83009910583496,28.969999313354492,28.83009910583496,28.969999313354492,968,0.0,0.0,0.0
2023-01-11 12:30:00-05:00,28.959999084472656,28.969999313354492,28.959999084472656,28.969999313354492,263,0.0,0.0,0.0
2023-01-11 13:30:00-05:00,28.953100204467773,28.959999084472656,28.953100204467773,28.959999084472656,1036,0.0,0.0,0.0
2023-01-11 14:30:00-05:00,28.959999084472656,28.989999771118164,28.959999084472656,28.989999771118164,481,0.0,0.0,0.0
2023-01-11 15:30:00-05:00,28.940000534057617,28.940000534057617,28.940000534057617,28.940000534057617,224,0.0,0.0,0.0
2023-01-12 09:30:00-05:00,29.229999542236328,29.229999542236328,28.94499969482422,29.0,994,0.0,0.0,0.0
2023-01-12 10:30:00-05:00,29.149999618530273,29.149999618530273,29.149999618530273,29.149999618530273,191,0.0,0.0,0.0
2023-01-12 11:30:00-05:00,29.15999984741211,29.24519920349121,29.1299991607666,29.24519920349121,1231,0.0,0.0,0.0
2023-01-12 12:30:00-05:00,29.364999771118164,29.364999771118164,29.34000015258789,29.34000015258789,1153,0.0,0.0,0.0
2023-01-12 13:30:00-05:00,29.360000610351562,29.5,29.299999237060547,29.299999237060547,8664,0.0,0.0,0.0
2023-01-12 14:30:00-05:00,29.364999771118164,29.364999771118164,29.260000228881836,29.334999084472656,1487,0.0,0.0,0.0
2023-01-12 15:30:00-05:00,29.280000686645508,29.377500534057617,29.25,29.31999969482422,2939,0.0,0.0,0.0
2023-01-13 09:30:00-05:00,29.219999313354492,29.421499252319336,29.219999313354492,29.421499252319336,0,0.0,0.0,0.0
2023-01-13 12:30:00-05:00,29.424999237060547,29.424999237060547,29.424999237060547,29.424999237060547,501,0.0,0.0,0.0
2023-01-13 13:30:00-05:00,29.481000900268555,29.600000381469727,29.459999084472656,29.540000915527344,102910,0.0,0.0,0.0
2023-01-13 14:30:00-05:00,29.514999389648438,29.565000534057617,29.514999389648438,29.559999465942383,7198,0.0,0.0,0.0
2023-01-13 15:30:00-05:00,29.59000015258789,29.59000015258789,29.5,29.520000457763672,23569,0.0,0.0,0.0
2023-01-17 09:30:00-05:00,29.690000534057617,29.729999542236328,29.675899505615234,29.675899505615234,0,0.0,0.0,0.0
2023-01-17 10:30:00-05:00,29.700000762939453,29.719999313354492,29.635000228881836,29.709999084472656,1378,0.0,0.0,0.0
2023-01-17 12:30:00-05:00,29.649999618530273,29.649999618530273,29.601299285888672,29.649999618530273,8751,0.0,0.0,0.0
2023-01-17 13:30:00-05:00,29.65999984741211,29.75,29.639999389648438,29.649999618530273,14915,0.0,0.0,0.0
2023-01-17 14:30:00-05:00,29.769899368286133,29.780000686645508,29.68000030517578,29.70680046081543,3925,0.0,0.0,0.0
2023-01-17 15:30:00-05:00,29.693099975585938,29.780000686645508,29.6200008392334,29.670000076293945,0,0.0,0.0,0.0
2023-01-18 09:30:00-05:00,29.94700050354004,29.94700050354004,29.94700050354004,29.94700050354004,247,0.0,0.0,0.0
2023-01-18 10:30:00-05:00,29.94499969482422,29.94499969482422,29.844999313354492,29.844999313354492,810,0.0,0.0,0.0
2023-01-18 11:30:00-05:00,29.815000534057617,29.815000534057617,29.684999465942383,29.684999465942383,337,0.0,0.0,0.0
2023-01-18 12:30:00-05:00,29.684999465942383,29.684999465942383,29.670000076293945,29.670000076293945,707,0.0,0.0,0.0
2023-01-18 13:30:00-05:00,29.65999984741211,29.65999984741211,29.65999984741211,29.65999984741211,811,0.0,0.0,0.0
2023-01-18 14:30:00-05:00,29.636999130249023,29.725099563598633,29.59309959411621,29.615999221801758,6076,0.0,0.0,0.0
2023-01-18 15:30:00-05:00,29.56220054626465,29.56220054626465,29.520000457763672,29.520000457763672,766,0.0,0.0,0.0
2023-01-19 09:30:00-05:00,29.600000381469727,29.600000381469727,29.540000915527344,29.540000915527344,0,0.0,0.0,0.0
2023-01-19 10:30:00-05:00,29.5,29.5,29.430599212646484,29.430599212646484,5645,0.0,0.0,0.0
2023-01-19 11:30:00-05:00,29.371000289916992,29.371000289916992,29.371000289916992,29.371000289916992,501,0.0,0.0,0.0
2023-01-19 12:30:00-05:00,29.454999923706055,29.520000457763672,29.422500610351562,29.520000457763672,3510,0.0,0.0,0.0
2023-01-19 14:30:00-05:00,29.59000015258789,29.600000381469727,29.59000015258789,29.59000015258789,5397,0.0,0.0,0.0
2023-01-19 15:30:00-05:00,29.530000686645508,29.530000686645508,29.450000762939453,29.450000762939453,107,0.0,0.0,0.0
2023-01-20 09:30:00-05:00,29.559999465942383,29.6200008392334,29.559999465942383,29.6200008392334,0,0.0,0.0,0.0
2023-01-20 10:30:00-05:00,29.684999465942383,29.684999465942383,29.59000015258789,29.670000076293945,739,0.0,0.0,0.0
2023-01-20 11:30:00-05:00,29.719999313354492,29.729999542236328,29.690000534057617,29.70829963684082,4656,0.0,0.0,0.0
2023-01-20 12:30:00-05:00,29.690000534057617,29.74799919128418,29.690000534057617,29.69499969482422,1068,0.0,0.0,0.0
2023-01-20 13:30:00-05:00,29.739999771118164,29.84749984741211,29.709999084472656,29.84749984741211,15928,0.0,0.0,0.0
2023-01-20 14:30:00-05:00,29.850000381469727,29.892000198364258,29.779199600219727,29.809999465942383,1527,0.0,0.0,0.0
2023-01-20 15:30:00-05:00,29.809999465942383,29.889299392700195,29.751399993896484,29.8700008392334,6641,0.0,0.0,0.0
2023-01-23 09:30:00-05:00,29.860000610351562,29.889999389648438,29.810100555419922,29.889999389648438,0,0.0,0.0,0.0
2023-01-23 10:30:00-05:00,29.988500595092773,30.010000228881836,29.934999465942383,29.979999542236328,12995,0.0,0.0,0.0
2023-01-23 11:30:00-05:00,30.0049991607666,30.0049991607666,29.950000762939453,29.950000762939453,447,0.0,0.0,0.0
2023-01-23 13:30:00-05:00,30.045000076293945,30.045000076293945,30.045000076293945,30.045000076293945,1207,0.0,0.0,0.0
2023-01-23 14:30:00-05:00,30.030000686645508,30.059999465942383,29.892000198364258,29.999000549316406,12124,0.0,0.0,0.0
2023-01-23 15:30:00-05:00,30.020000457763672,30.030000686645508,30.0,30.030000686645508,527,0.0,0.0,0.0
2023-01-24 09:30:00-05:00,29.90999984741211,29.940000534057617,29.860000610351562,29.920000076293945,0,0.0,0.0,0.0
2023-01-24 10:30:00-05:00,29.989999771118164,30.030000686645508,29.93000030517578,29.93000030517578,2276,0.0,0.0,0.0
2023-01-24 11:30:00-05:00,30.020000457763672,30.093700408935547,30.020000457763672,30.093700408935547,1150,0.0,0.0,0.0
2023-01-24 12:30:00-05:00,30.085800170898438,30.1200008392334,30.040000915527344,30.08609962463379,2343,0.0,0.0,0.0
2023-01-24 13:30:00-05:00,30.020099639892578,30.065000534057617,30.020099639892578,30.065000534057617,1653,0.0,0.0,0.0
2023-01-24 14:30:00-05:00,30.065000534057617,30.110000610351562,30.065000534057617,30.09000015258789,1937,0.0,0.0,0.0
2023-01-24 15:30:00-05:00,30.118999481201172,30.118999481201172,30.040000915527344,30.040000915527344,1216,0.0,0.0,0.0
2023-01-25 09:30:00-05:00,29.850000381469727,29.850000381469727,29.780000686645508,29.780000686645508,0,0.0,0.0,0.0
2023-01-25 10:30:00-05:00,29.829999923706055,29.84000015258789,29.809999465942383,29.829999923706055,1661,0.0,0.0,0.0
2023-01-25 12:30:00-05:00,29.920000076293945,30.010000228881836,29.920000076293945,30.010000228881836,1429,0.0,0.0,0.0
2023-01-25 13:30:00-05:00,29.969999313354492,29.969999313354492,29.969999313354492,29.969999313354492,355,0.0,0.0,0.0
2023-01-25 14:30:00-05:00,30.020000457763672,30.097999572753906,30.0,30.025999069213867,1695,0.0,0.0,0.0
2023-01-25 15:30:00-05:00,30.0,30.045000076293945,29.989999771118164,30.045000076293945,0,0.0,0.0,0.0
2023-01-26 09:30:00-05:00,30.040000915527344,30.040000915527344,29.950000762939453,29.950000762939453,797,0.0,0.0,0.0
2023-01-26 10:30:00-05:00,30.027999877929688,30.027999877929688,29.84000015258789,29.84000015258789,1909,0.0,0.0,0.0
2023-01-26 11:30:00-05:00,29.899999618530273,29.899999618530273,29.860000610351562,29.860000610351562,3484,0.0,0.0,0.0
2023-01-26 13:30:00-05:00,29.950000762939453,30.059999465942383,29.890100479125977,30.014999389648438,1235,0.0,0.0,0.0
2023-01-26 14:30:00-05:00,29.997499465942383,30.100000381469727,29.979999542236328,30.100000381469727,10077,0.0,0.0,0.0
2023-01-26 15:30:00-05:00,30.030000686645508,30.034900665283203,30.030000686645508,30.030000686645508,777,0.0,0.0,0.0
2023-01-27 09:30:00-05:00,29.81999969482422,29.989999771118164,29.799999237060547,29.989999771118164,0,0.0,0.0,0.0
2023-01-27 10:30:00-05:00,29.889999389648438,29.909099578857422,29.81999969482422,29.860000610351562,4807,0.0,0.0,0.0
2023-01-27 11:30:00-05:00,29.934999465942383,29.934999465942383,29.934999465942383,29.934999465942383,639,0.0,0.0,0.0
2023-01-27 12:30:00-05:00,29.924999237060547,29.924999237060547,29.924999237060547,29.924999237060547,107,0.0,0.0,0.0
2023-01-27 13:30:00-05:00,29.979900360107422,29.979900360107422,29.979900360107422,29.979900360107422,720,0.0,0.0,0.0
2023-01-27 14:30:00-05:00,29.90999984741211,29.979999542236328,29.870100021362305,29.889999389648438,3307,0.0,0.0,0.0
2023-01-27 15:30:00-05:00,29.889999389648438,29.889999389648438,29.889999389648438,29.889999389648438,441,0.0,0.0,0.0
2023-01-30 09:30:00-05:00,29.825000762939453,29.850000381469727,29.81999969482422,29.850000381469727,16665,0.0,0.0,0.0
2023-01-30 10:30:00-05:00,29.799999237060547,29.889999389648438,29.78499984741211,29.809999465942383,3707,0.0,0.0,0.0
2023-01-30 11:30:00-05:00,29.899900436401367,29.899900436401367,29.760000228881836,29.760000228881836,1200,0.0,0.0,0.0
2023-01-30 13:30:00-05:00,29.729999542236328,29.729999542236328,29.729999542236328,29.729999542236328,501,0.0,0.0,0.0
2023-01-30 14:30:00-05:00,29.69499969482422,29.69499969482422,29.662200927734375,29.662200927734375,965,0.0,0.0,0.0
2023-01-30 15:30:00-05:00,29.760000228881836,29.760000228881836,29.690000534057617,29.690000534057617,790,0.0,0.0,0.0
2023-01-31 09:30:00-05:00,29.579999923706055,29.579999923706055,29.579999923706055,29.579999923706055,1263,0.0,0.0,0.0
2023-01-31 10:30:00-05:00,29.559999465942383,29.67009925842285,29.559999465942383,29.67009925842285,2573,0.0,0.0,0.0
2023-01-31 11:30:00-05:00,29.65999984741211,29.704999923706055,29.649999618530273,29.649999618530273,1357,0.0,0.0,0.0
2023-01-31 12:30:00-05:00,29.640100479125977,29.75,29.640100479125977,29.739999771118164,1534,0.0,0.0,0.0
2023-01-31 13:30:00-05:00,29.770000457763672,29.770000457763672,29.770000457763672,29.770000457763672,414,0.0,0.0,0.0
2023-01-31 14:30:00-05:00,29.770000457763672,29.799999237060547,29.742000579833984,29.799999237060547,591,0.0,0.0,0.0
2023-01-31 15:30:00-05:00,29.700000762939453,29.829999923706055,29.700000762939453,29.829999923706055,3627,0.0,0.0,0.0
2023-02-01 09:30:00-05:00,29.790000915527344,29.860000610351562,29.729999542236328,29.729999542236328,0,0.0,0.0,0.0
2023-02-01 10:30:00-05:00,29.719999313354492,29.719999313354492,29.634000778198242,29.65999984741211,1735,0.0,0.0,0.0
2023-02-01 11:30:00-05:00,29.760000228881836,29.760000228881836,29.7549991607666,29.7549991607666,5789,0.0,0.0,0.0
2023-02-01 12:30:00-05:00,29.68000030517578,29.790000915527344,29.59000015258789,29.59000015258789,25704,0.0,0.0,0.0
2023-02-01 13:30:00-05:00,29.688100814819336,29.733999252319336,29.6299991607666,29.639999389648438,8051,0.0,0.0,0.0
2023-02-01 14:30:00-05:00,29.65999984741211,30.059900283813477,29.469999313354492,29.93000030517578,72464,0.0,0.0,0.0
2023-02-01 15:30:00-05:00,30.190000534057617,30.200000762939453,30.049999237060547,30.049999237060547,2161,0.0,0.0,0.0
2023-02-02 09:30:00-05:00,30.1299991607666,30.1299991607666,30.0049991607666,30.0049991607666,0,0.0,0.0,0.0
2023-02-02 10:30:00-05:00,30.100000381469727,30.214599609375,30.100000381469727,30.100000381469727,1028,0.0,0.0,0.0
2023-02-02 11:30:00-05:00,30.100000381469727,30.100000381469727,30.030000686645508,30.079999923706055,1453,0.0,0.0,0.0
2023-02-02 12:30:00-05:00,30.084999084472656,30.084999084472656,30.010000228881836,30.010000228881836,439,0.0,0.0,0.0
2023-02-02 13:30:00-05:00,30.092899322509766,30.092899322509766,30.049999237060547,30.049999237060547,1351,0.0,0.0,0.0
2023-02-02 14:30:00-05:00,29.989999771118164,29.989999771118164,29.92009925842285,29.959999084472656,11200,0.0,0.0,0.0
2023-02-02 15:30:00-05:00,30.039400100708008,30.09000015258789,29.97010040283203,30.020000457763672,2787,0.0,0.0,0.0
2023-02-03 09:30:00-05:00,29.719999313354492,29.82859992980957,29.719999313354492,29.82859992980957,0,0.0,0.0,0.0
2023-02-03 10:30:00-05:00,29.954999923706055,29.954999923706055,29.954999923706055,29.954999923706055,303,0.0,0.0,0.0
2023-02-03 11:30:00-05:00,29.959999084472656,29.989999771118164,29.8799991607666,29.8799991607666,11687,0.0,0.0,0.0
2023-02-03 12:30:00-05:00,29.969999313354492,29.969999313354492,29.969999313354492,29.969999313354492,253,0.0,0.0,0.0
2023-02-03 13:30:00-05:00,29.76849937438965,29.76849937438965,29.760000228881836,29.760000228881836,334,0.0,0.0,0.0
2023-02-03 14:30:00-05:00,29.73900032043457,29.807600021362305,29.73900032043457,29.770000457763672,1396,0.0,0.0,0.0
2023-02-03 15:30:00-05:00,29.790000915527344,29.850000381469727,29.790000915527344,29.829999923706055,488,0.0,0.0,0.0
2023-02-06 09:30:00-05:00,29.530000686645508,29.600000381469727,29.479999542236328,29.479999542236328,0,0.0,0.0,0.0
2023-02-06 11:30:00-05:00,29.53459930419922,29.53459930419922,29.53459930419922,29.53459930419922,505,0.0,0.0,0.0
2023-02-06 13:30:00-05:00,29.519899368286133,29.519899368286133,29.519899368286133,29.519899368286133,940,0.0,0.0,0.0
2023-02-06 14:30:00-05:00,29.569000244140625,29.569000244140625,29.475000381469727,29.5049991607666,1314,0.0,0.0,0.0
2023-02-06 15:30:00-05:00,29.52899932861328,29.538999557495117,29.489999771118164,29.489999771118164,2577,0.0,0.0,0.0
2023-02-07 09:30:00-05:00,29.399999618530273,29.399999618530273,29.329999923706055,29.368999481201172,2078,0.0,0.0,0.0
2023-02-07 10:30:00-05:00,29.3700008392334,29.530000686645508,29.31999969482422,29.5,8027,0.0,0.0,0.0
2023-02-07 11:30:00-05:00,29.5,29.530000686645508,29.485000610351562,29.48710060119629,15924,0.0,0.0,0.0
2023-02-07 12:30:00-05:00,29.604999542236328,29.604999542236328,29.604999542236328,29.604999542236328,211,0.0,0.0,0.0
2023-02-07 13:30:00-05:00,29.446300506591797,29.65999984741211,29.446300506591797,29.64419937133789,28908,0.0,0.0,0.0
2023-02-07 14:30:00-05:00,29.579200744628906,29.719999313354492,29.579200744628906,29.719999313354492,3238,0.0,0.0,0.0
2023-02-07 15:30:00-05:00,29.760000228881836,29.774999618530273,29.709999084472656,29.774999618530273,1329,0.0,0.0,0.0
2023-02-08 09:30:00-05:00,29.790000915527344,29.790000915527344,29.75,29.75,0,0.0,0.0,0.0
2023-02-08 10:30:00-05:00,29.719999313354492,29.719999313354492,29.59000015258789,29.59000015258789,3291,0.0,0.0,0.0
2023-02-08 11:30:00-05:00,29.56999969482422,29.653900146484375,29.549999237060547,29.653900146484375,5903,0.0,0.0,0.0
2023-02-08 12:30:00-05:00,29.704999923706055,29.704999923706055,29.6299991607666,29.6299991607666,2072,0.0,0.0,0.0
2023-02-08 13:30:00-05:00,29.670000076293945,29.68000030517578,29.640499114990234,29.640499114990234,2248,0.0,0.0,0.0
2023-02-08 14:30:00-05:00,29.657800674438477,29.657800674438477,29.610000610351562,29.610000610351562,1350,0.0,0.0,0.0
2023-02-09 09:30:00-05:00,29.979999542236328,29.979999542236328,29.979999542236328,29.979999542236328,0,0.0,0.0,0.0
2023-02-09 10:30:00-05:00,29.940000534057617,29.940000534057617,29.899999618530273,29.91860008239746,1210,0.0,0.0,0.0
2023-02-09 11:30:00-05:00,29.866500854492188,29.866500854492188,29.854999542236328,29.854999542236328,1237,0.0,0.0,0.0
2023-02-09 12:30:00-05:00,29.825000762939453,29.825000762939453,29.719999313354492,29.719999313354492,10344,0.0,0.0,0.0
2023-02-09 13:30:00-05:00,29.790000915527344,29.790000915527344,29.670000076293945,29.70949935913086,7089,0.0,0.0,0.0
2023-02-09 14:30:00-05:00,29.729999542236328,29.729999542236328,29.645700454711914,29.645700454711914,3599,0.0,0.0,0.0
2023-02-09 15:30:00-05:00,29.639999389648438,29.690000534057617,29.635000228881836,29.690000534057617,800,0.0,0.0,0.0
2023-02-10 09:30:00-05:00,29.520000457763672,29.520000457763672,29.459999084472656,29.49839973449707,0,0.0,0.0,0.0
2023-02-10 10:30:00-05:00,29.469999313354492,29.469999313354492,29.469999313354492,29.469999313354492,201,0.0,0.0,0.0
2023-02-10 11:30:00-05:00,29.434999465942383,29.434999465942383,29.389999389648438,29.420000076293945,1566,0.0,0.0,0.0
2023-02-10 12:30:00-05:00,29.440000534057617,29.510000228881836,29.440000534057617,29.510000228881836,4697,0.0,0.0,0.0
2023-02-10 13:30:00-05:00,29.510000228881836,29.530000686645508,29.450000762939453,29.469999313354492,5416,0.0,0.0,0.0
2023-02-10 14:30:00-05:00,29.479999542236328,29.569599151611328,29.479999542236328,29.569599151611328,2160,0.0,0.0,0.0
2023-02-10 15:30:00-05:00,29.465900421142578,29.540000915527344,29.465900421142578,29.540000915527344,2469,0.0,0.0,0.0
2023-02-13 09:30:00-05:00,29.600000381469727,29.600000381469727,29.600000381469727,29.600000381469727,1012,0.0,0.0,0.0
2023-02-13 10:30:00-05:00,29.780000686645508,29.780000686645508,29.750099182128906,29.750099182128906,2149,0.0,0.0,0.0
2023-02-13 11:30:00-05:00,29.780000686645508,29.780000686645508,29.780000686645508,29.780000686645508,642,0.0,0.0,0.0
2023-02-13 13:30:00-05:00,29.895000457763672,29.895000457763672,29.885000228881836,29.885000228881836,545,0.0,0.0,0.0
2023-02-13 14:30:00-05:00,29.87310028076172,29.890600204467773,29.829999923706055,29.854999542236328,6031,0.0,0.0,0.0
2023-02-13 15:30:00-05:00,29.907100677490234,29.979900360107422,29.860000610351562,29.860000610351562,514,0.0,0.0,0.0
2023-02-14 09:30:00-05:00,29.739999771118164,30.079999923706055,29.739999771118164,30.079999923706055,0,0.0,0.0,0.0
2023-02-14 10:30:00-05:00,29.8799991607666,29.8799991607666,29.730100631713867,29.809999465942383,2372,0.0,0.0,0.0
2023-02-14 11:30:00-05:00,29.700000762939453,29.700000762939453,29.700000762939453,29.700000762939453,463,0.0,0.0,0.0
2023-02-14 12:30:00-05:00,29.774999618530273,29.95989990234375,29.774999618530273,29.95989990234375,4814,0.0,0.0,0.0
2023-02-14 13:30:00-05:00,29.8700008392334,29.8700008392334,29.790000915527344,29.790000915527344,810,0.0,0.0,0.0
2023-02-14 14:30:00-05:00,29.90239906311035,29.90999984741211,29.90239906311035,29.90999984741211,3767,0.0,0.0,0.0
2023-02-14 15:30:00-05:00,29.956300735473633,29.989999771118164,29.951499938964844,29.951499938964844,696,0.0,0.0,0.0
2023-02-15 09:30:00-05:00,29.549999237060547,29.639999389648438,29.549999237060547,29.590999603271484,0,0.0,0.0,0.0
2023-02-15 10:30:00-05:00,29.687999725341797,29.729999542236328,29.655000686645508,29.69499969482422,1425,0.0,0.0,0.0
2023-02-15 11:30:00-05:00,29.690000534057617,29.690000534057617,29.690000534057617,29.690000534057617,327,0.0,0.0,0.0
2023-02-15 13:30:00-05:00,29.68000030517578,29.815000534057617,29.68000030517578,29.815000534057617,1765,0.0,0.0,0.0
2023-02-15 14:30:00-05:00,29.858999252319336,29.858999252319336,29.770000457763672,29.7903995513916,7412,0.0,0.0,0.0
2023-02-15 15:30:00-05:00,29.829999923706055,29.829999923706055,29.829999923706055,29.829999923706055,257,0.0,0.0,0.0
2023-02-16 09:30:00-05:00,29.6200008392334,29.639999389648438,29.6200008392334,29.639999389648438,0,0.0,0.0,0.0
2023-02-16 10:30:00-05:00,29.789899826049805,29.789899826049805,29.75,29.77400016784668,1222,0.0,0.0,0.0
2023-02-16 11:30:00-05:00,29.790000915527344,29.8700008392334,29.760000228881836,29.8700008392334,3221,0.0,0.0,0.0
2023-02-16 12:30:00-05:00,29.809999465942383,29.829999923706055,29.784099578857422,29.784099578857422,1091,0.0,0.0,0.0
2023-02-16 13:30:00-05:00,29.86989974975586,29.90999984741211,29.850000381469727,29.90999984741211,2806,0.0,0.0,0.0
2023-02-16 14:30:00-05:00,29.84000015258789,29.920000076293945,29.770000457763672,29.788999557495117,15475,0.0,0.0,0.0
2023-02-16 15:30:00-05:00,29.65369987487793,29.729999542236328,29.610000610351562,29.610000610351562,1201,0.0,0.0,0.0
2023-02-17 09:30:00-05:00,29.549999237060547,29.549999237060547,29.549999237060547,29.549999237060547,0,0.0,0.0,0.0
2023-02-17 10:30:00-05:00,29.65089988708496,29.65089988708496,29.571699142456055,29.571699142456055,3765,0.0,0.0,0.0
2023-02-17 11:30:00-05:00,29.49959945678711,29.65999984741211,29.49959945678711,29.65999984741211,1505,0.0,0.0,0.0
2023-02-17 12:30:00-05:00,29.756999969482422,29.756999969482422,29.700000762939453,29.704999923706055,5209,0.0,0.0,0.0
2023-02-17 13:30:00-05:00,29.716999053955078,29.729999542236328,29.69499969482422,29.729999542236328,1145,0.0,0.0,0.0
2023-02-17 14:30:00-05:00,29.729999542236328,29.75749969482422,29.729999542236328,29.75749969482422,380,0.0,0.0,0.0
2023-02-17 15:30:00-05:00,29.790000915527344,29.790000915527344,29.790000915527344,29.790000915527344,100,0.0,0.0,0.0
2023-02-21 09:30:00-05:00,29.6200008392334,29.65999984741211,29.530000686645508,29.54669952392578,5275,0.0,0.0,0.0
2023-02-21 11:30:00-05:00,29.56909942626953,29.56909942626953,29.56909942626953,29.56909942626953,210,0.0,0.0,0.0
2023-02-21 12:30:00-05:00,29.540000915527344,29.540000915527344,29.540000915527344,29.540000915527344,543,0.0,0.0,0.0
2023-02-21 13:30:00-05:00,29.399999618530273,29.399999618530273,29.399999618530273,29.399999618530273,383,0.0,0.0,0.0
2023-02-21 14:30:00-05:00,29.40489959716797,29.40489959716797,29.40489959716797,29.40489959716797,170,0.0,0.0,0.0
2023-02-21 15:30:00-05:00,29.444499969482422,29.444499969482422,29.389999389648438,29.389999389648438,710,0.0,0.0,0.0
2023-02-22 09:30:00-05:00,29.389999389648438,29.389999389648438,29.34000015258789,29.34000015258789,0,0.0,0.0,0.0
2023-02-22 10:30:00-05:00,29.31999969482422,29.399999618530273,29.31999969482422,29.399999618530273,1505,0.0,0.0,0.0
2023-02-22 11:30:00-05:00,29.350000381469727,29.40999984741211,29.350000381469727,29.389699935913086,985,0.0,0.0,0.0
2023-02-22 13:30:00-05:00,29.450000762939453,29.450000762939453,29.3799991607666,29.3799991607666,456,0.0,0.0,0.0
2023-02-22 14:30:00-05:00,29.344999313354492,29.344999313354492,29.344999313354492,29.344999313354492,2121,0.0,0.0,0.0
2023-02-23 09:30:00-05:00,29.440000534057617,29.440000534057617,29.34000015258789,29.424999237060547,0,0.0,0.0,0.0
2023-02-23 10:30:00-05:00,29.329999923706055,29.329999923706055,29.270000457763672,29.270000457763672,925,0.0,0.0,0.0
2023-02-23 12:30:00-05:00,29.195499420166016,29.195499420166016,29.195499420166016,29.195499420166016,300,0.0,0.0,0.0
2023-02-23 13:30:00-05:00,29.200000762939453,29.280000686645508,29.200000762939453,29.280000686645508,15403,0.0,0.0,0.0
2023-02-23 14:30:00-05:00,29.287500381469727,29.39349937438965,29.287500381469727,29.39349937438965,1423,0.0,0.0,0.0
2023-02-23 15:30:00-05:00,29.364999771118164,29.43000030517578,29.332500457763672,29.43000030517578,662,0.0,0.0,0.0
2023-02-24 09:30:00-05:00,28.969999313354492,29.0,28.899999618530273,28.899999618530273,0,0.0,0.0,0.0
2023-02-24 10:30:00-05:00,28.940000534057617,28.950000762939453,28.81999969482422,28.81999969482422,3625,0.0,0.0,0.0
2023-02-24 11:30:00-05:00,29.0,29.0,28.920000076293945,28.95009994506836,4694,0.0,0.0,0.0
2023-02-24 12:30:00-05:00,28.950000762939453,28.950000762939453,28.899999618530273,28.934999465942383,3057,0.0,0.0,0.0
2023-02-24 13:30:00-05:00,28.950000762939453,28.969999313354492,28.934999465942383,28.940000534057617,4644,0.0,0.0,0.0
2023-02-24 14:30:00-05:00,28.959999084472656,29.018999099731445,28.934999465942383,29.018999099731445,1459,0.0,0.0,0.0
2023-02-24 15:30:00-05:00,28.969999313354492,28.969999313354492,28.959999084472656,28.959999084472656,365,0.0,0.0,0.0
2023-02-27 09:30:00-05:00,29.290000915527344,29.399999618530273,29.290000915527344,29.399999618530273,1304,0.0,0.0,0.0
2023-02-27 10:30:00-05:00,29.309999465942383,29.31999969482422,29.280000686645508,29.280000686645508,460,0.0,0.0,0.0
2023-02-27 11:30:00-05:00,29.239999771118164,29.290000915527344,29.201000213623047,29.290000915527344,3194,0.0,0.0,0.0
2023-02-27 12:30:00-05:00,29.299999237060547,29.34000015258789,29.299999237060547,29.34000015258789,1531,0.0,0.0,0.0
2023-02-27 14:30:00-05:00,29.33919906616211,29.33919906616211,29.33919906616211,29.33919906616211,692,0.0,0.0,0.0
2023-02-27 15:30:00-05:00,29.31399917602539,29.350000381469727,29.31399917602539,29.350000381469727,1077,0.0,0.0,0.0
2023-02-28 09:30:00-05:00,29.260000228881836,29.260000228881836,29.131399154663086,29.170000076293945,0,0.0,0.0,0.0
2023-02-28 10:30:00-05:00,29.17919921875,29.17919921875,29.17919921875,29.17919921875,300,0.0,0.0,0.0
2023-02-28 12:30:00-05:00,29.15999984741211,29.176700592041016,29.15999984741211,29.176700592041016,696,0.0,0.0,0.0
2023-02-28 13:30:00-05:00,29.18000030517578,29.21579933166504,29.138399124145508,29.18000030517578,1301,0.0,0.0,0.0
2023-02-28 14:30:00-05:00,29.1299991607666,29.229999542236328,29.1299991607666,29.150800704956055,1594,0.0,0.0,0.0
2023-02-28 15:30:00-05:00,29.135000228881836,29.135000228881836,29.079999923706055,29.079999923706055,773,0.0,0.0,0.0
2023-03-01 09:30:00-05:00,29.34269905090332,29.34269905090332,29.260000228881836,29.260000228881836,0,0.0,0.0,0.0
2023-03-01 10:30:00-05:00,29.31999969482422,29.350000381469727,29.25,29.25,33816,0.0,0.0,0.0
2023-03-01 11:30:00-05:00,29.31999969482422,29.31999969482422,29.31999969482422,29.31999969482422,330,0.0,0.0,0.0
2023-03-01 12:30:00-05:00,29.229999542236328,29.229999542236328,29.229999542236328,29.229999542236328,258,0.0,0.0,0.0
2023-03-01 13:30:00-05:00,29.261499404907227,29.319900512695312,29.229999542236328,29.2549991607666,6093,0.0,0.0,0.0
2023-03-01 14:30:00-05:00,29.2549991607666,29.31999969482422,29.219999313354492,29.280000686645508,59503,0.0,0.0,0.0
2023-03-01 15:30:00-05:00,29.270000457763672,29.33989906311035,29.270000457763672,29.270000457763672,677,0.0,0.0,0.0
2023-03-02 09:30:00-05:00,29.110000610351562,29.110000610351562,29.110000610351562,29.110000610351562,0,0.0,0.0,0.0
2023-03-02 10:30:00-05:00,29.220600128173828,29.270000457763672,29.220600128173828,29.270000457763672,1627,0.0,0.0,0.0
2023-03-02 11:30:00-05:00,29.31439971923828,29.31439971923828,29.18000030517578,29.229999542236328,2707,0.0,0.0,0.0
2023-03-02 12:30:00-05:00,29.21500015258789,29.21500015258789,29.163999557495117,29.163999557495117,3015,0.0,0.0,0.0
2023-03-02 13:30:00-05:00,29.209999084472656,29.270000457763672,29.1924991607666,29.25,1426,0.0,0.0,0.0
2023-03-02 14:30:00-05:00,29.295000076293945,29.295000076293945,29.295000076293945,29.295000076293945,300,0.0,0.0,0.0
2023-03-02 15:30:00-05:00,29.30500030517578,29.30500030517578,29.240100860595703,29.270000457763672,7912,0.0,0.0,0.0
2023-03-03 09:30:00-05:00,29.503400802612305,29.503400802612305,29.503400802612305,29.503400802612305,0,0.0,0.0,0.0
2023-03-03 10:30:00-05:00,29.540000915527344,29.610000610351562,29.540000915527344,29.549999237060547,3652,0.0,0.0,0.0
2023-03-03 11:30:00-05:00,29.537900924682617,29.719999313354492,29.537900924682617,29.719999313354492,716,0.0,0.0,0.0
2023-03-03 12:30:00-05:00,29.639999389648438,29.639999389648438,29.622499465942383,29.622499465942383,424,0.0,0.0,0.0
2023-03-03 13:30:00-05:00,29.684999465942383,29.684999465942383,29.684999465942383,29.684999465942383,1026,0.0,0.0,0.0
2023-03-03 14:30:00-05:00,29.729999542236328,29.729999542236328,29.683300018310547,29.683300018310547,4715,0.0,0.0,0.0
2023-03-03 15:30:00-05:00,29.78339958190918,29.78339958190918,29.75,29.75,386,0.0,0.0,0.0
2023-03-06 09:30:00-05:00,29.774999618530273,29.774999618530273,29.774999618530273,29.774999618530273,0,0.0,0.0,0.0
2023-03-06 11:30:00-05:00,29.719999313354492,29.84000015258789,29.719999313354492,29.84000015258789,2197,0.0,0.0,0.0
2023-03-06 12:30:00-05:00,29.790000915527344,29.790000915527344,29.760099411010742,29.760099411010742,2531,0.0,0.0,0.0
2023-03-06 13:30:00-05:00,29.790000915527344,29.81999969482422,29.790000915527344,29.790000915527344,930,0.0,0.0,0.0
2023-03-06 14:30:00-05:00,29.729999542236328,29.780000686645508,29.729999542236328,29.780000686645508,0,0.0,0.0,0.0
2023-03-07 09:30:00-05:00,29.610000610351562,29.65999984741211,29.510000228881836,29.510000228881836,2145,0.0,0.0,0.0
2023-03-07 10:30:00-05:00,29.35449981689453,29.35449981689453,29.250099182128906,29.29400062561035,2236,0.0,0.0,0.0
2023-03-07 11:30:00-05:00,29.260000228881836,29.33810043334961,29.25,29.33810043334961,2068,0.0,0.0,0.0
2023-03-07 12:30:00-05:00,29.270000457763672,29.280099868774414,29.270000457763672,29.280099868774414,1306,0.0,0.0,0.0
2023-03-07 13:30:00-05:00,29.18899917602539,29.18899917602539,29.18899917602539,29.18899917602539,271,0.0,0.0,0.0
2023-03-07 15:30:00-05:00,29.170000076293945,29.190000534057617,29.155000686645508,29.155000686645508,0,0.0,0.0,0.0
2023-03-08 09:30:00-05:00,29.290000915527344,29.290000915527344,29.229999542236328,29.229999542236328,1421,0.0,0.0,0.0
2023-03-08 10:30:00-05:00,29.290300369262695,29.290300369262695,29.279300689697266,29.279300689697266,2675,0.0,0.0,0.0
2023-03-08 12:30:00-05:00,29.240100860595703,29.295000076293945,29.240100860595703,29.295000076293945,846,0.0,0.0,0.0
2023-03-08 14:30:00-05:00,29.149999618530273,29.24880027770996,29.149999618530273,29.150100708007812,5463,0.0,0.0,0.0
2023-03-08 15:30:00-05:00,29.229999542236328,29.284799575805664,29.229999542236328,29.260000228881836,2093,0.0,0.0,0.0
2023-03-09 09:30:00-05:00,29.24690055847168,29.315000534057617,29.24690055847168,29.315000534057617,0,0.0,0.0,0.0
2023-03-09 10:30:00-05:00,29.260099411010742,29.309799194335938,29.260099411010742,29.309799194335938,1695,0.0,0.0,0.0
2023-03-09 11:30:00-05:00,29.332700729370117,29.332700729370117,29.325000762939453,29.325000762939453,1433,0.0,0.0,0.0
2023-03-09 12:30:00-05:00,29.231199264526367,29.32990074157715,29.231199264526367,29.32990074157715,1542,0.0,0.0,0.0
2023-03-09 14:30:00-05:00,29.170000076293945,29.170000076293945,29.110000610351562,29.110000610351562,358,0.0,0.0,0.0
2023-03-09 15:30:00-05:00,28.984699249267578,28.984699249267578,28.979999542236328,28.979999542236328,200,0.0,0.0,0.0
2023-03-10 09:30:00-05:00,29.010000228881836,29.010000228881836,28.950000762939453,28.950000762939453,0,0.0,0.0,0.0
2023-03-10 10:30:00-05:00,29.049999237060547,29.09000015258789,29.049999237060547,29.09000015258789,777,0.0,0.0,0.0
2023-03-10 11:30:00-05:00,29.06999969482422,29.06999969482422,28.950000762939453,28.950000762939453,1649,0.0,0.0,0.0
2023-03-10 12:30:00-05:00,29.0,29.0,28.899999618530273,28.899999618530273,4091,0.0,0.0,0.0
2023-03-10 13:30:00-05:00,28.780000686645508,28.780000686645508,28.780000686645508,28.780000686645508,194,0.0,0.0,0.0
2023-03-10 14:30:00-05:00,28.780000686645508,28.780000686645508,28.780000686645508,28.780000686645508,615,0.0,0.0,0.0
2023-03-10 15:30:00-05:00,28.760000228881836,28.760000228881836,28.654499053955078,28.729999542236328,1116,0.0,0.0,0.0
2023-03-13 13:30:00-04:00,28.700000762939453,28.709999084472656,28.700000762939453,28.709999084472656,655,0.0,0.0,0.0
2023-03-13 14:30:00-04:00,28.692899703979492,28.719999313354492,28.692899703979492,28.719999313354492,344,0.0,0.0,0.0
2023-03-14 09:30:00-04:00,29.040000915527344,29.040000915527344,29.00189971923828,29.00189971923828,847,0.0,0.0,0.0
2023-03-14 10:30:00-04:00,28.97010040283203,28.97010040283203,28.97010040283203,28.97010040283203,203,0.0,0.0,0.0
2023-03-14 11:30:00-04:00,29.170000076293945,29.170000076293945,29.170000076293945,29.170000076293945,432,0.0,0.0,0.0
2023-03-14 12:30:00-04:00,28.93000030517578,28.93000030517578,28.91010093688965,28.91010093688965,1341,0.0,0.0,0.0
2023-03-14 13:30:00-04:00,28.92930030822754,28.989999771118164,28.91010093688965,28.91010093688965,1168,0.0,0.0,0.0
2023-03-14 14:30:00-04:00,28.91010093688965,29.004600524902344,28.90999984741211,28.921199798583984,1177,0.0,0.0,0.0
2023-03-14 15:30:00-04:00,29.010000228881836,29.1299991607666,29.010000228881836,29.1299991607666,200,0.0,0.0,0.0
2023-03-15 09:30:00-04:00,28.18000030517578,28.228900909423828,28.120100021362305,28.200000762939453,0,0.0,0.0,0.0
2023-03-15 10:30:00-04:00,28.1200008392334,28.1200008392334,28.1200008392334,28.1200008392334,208,0.0,0.0,0.0
2023-03-15 11:30:00-04:00,28.1200008392334,28.1200008392334,28.1200008392334,28.1200008392334,209,0.0,0.0,0.0
2023-03-15 12:30:00-04:00,28.079999923706055,28.079999923706055,28.079999923706055,28.079999923706055,150,0.0,0.0,0.0
2023-03-15 13:30:00-04:00,28.110000610351562,28.209999084472656,28.040000915527344,28.209999084472656,19032,0.0,0.0,0.0
2023-03-15 14:30:00-04:00,28.25,28.329999923706055,28.219999313354492,28.274999618530273,6521,0.0,0.0,0.0
2023-03-15 15:30:00-04:00,28.285999298095703,28.360000610351562,28.149999618530273,28.360000610351562,2402,0.0,0.0,0.0
2023-03-16 09:30:00-04:00,28.100000381469727,28.25,28.100000381469727,28.203699111938477,0,0.0,0.0,0.0
2023-03-16 10:30:00-04:00,28.239999771118164,28.540000915527344,28.239999771118164,28.512100219726562,4200,0.0,0.0,0.0
2023-03-16 11:30:00-04:00,28.50950050354004,28.729999542236328,28.50950050354004,28.709999084472656,1005,0.0,0.0,0.0
2023-03-16 12:30:00-04:00,28.690000534057617,28.780000686645508,28.690000534057617,28.761999130249023,2025,0.0,0.0,0.0
2023-03-16 13:30:00-04:00,28.719999313354492,28.739900588989258,28.690000534057617,28.739900588989258,1237,0.0,0.0,0.0
2023-03-16 14:30:00-04:00,28.739900588989258,28.780000686645508,28.739900588989258,28.760000228881836,0,0.0,0.0,0.0
2023-03-17 11:30:00-04:00,28.43000030517578,28.459999084472656,28.43000030517578,28.459999084472656,1241,0.0,0.0,0.0
2023-03-17 13:30:00-04:00,28.56999969482422,28.56999969482422,28.440000534057617,28.440000534057617,279,0.0,0.0,0.0
2023-03-17 14:30:00-04:00,28.49799919128418,28.49799919128418,28.4950008392334,28.4950008392334,2218,0.0,0.0,0.0
2023-03-17 15:30:00-04:00,28.4281005859375,28.564300537109375,28.4281005859375,28.440000534057617,841,0.0,0.0,0.0
2023-03-20 09:30:00-04:00,28.510000228881836,28.640600204467773,28.510000228881836,28.594999313354492,1491,0.0,0.0,0.0
2023-03-20 10:30:00-04:00,28.649999618530273,28.65999984741211,28.649999618530273,28.65999984741211,777,0.0,0.0,0.0
2023-03-20 11:30:00-04:00,28.66390037536621,28.66390037536621,28.531700134277344,28.531700134277344,830,0.0,0.0,0.0
2023-03-20 12:30:00-04:00,28.614999771118164,28.784700393676758,28.614999771118164,28.735000610351562,1911,0.0,0.0,0.0
2023-03-20 13:30:00-04:00,28.62380027770996,28.62380027770996,28.62380027770996,28.62380027770996,1804,0.0,0.0,0.0
2023-03-20 14:30:00-04:00,28.6299991607666,28.68000030517578,28.6299991607666,28.68000030517578,7965,0.0,0.0,0.0
2023-03-21 09:30:00-04:00,29.020000457763672,29.040000915527344,28.989999771118164,29.0,0,0.0,0.0,0.0
2023-03-21 10:30:00-04:00,28.969999313354492,28.969999313354492,28.969999313354492,28.969999313354492,648,0.0,0.0,0.0
2023-03-21 11:30:00-04:00,28.929000854492188,28.929000854492188,28.899999618530273,28.899999618530273,483,0.0,0.0,0.0
2023-03-21 12:30:00-04:00,28.889999389648438,28.919700622558594,28.889999389648438,28.890100479125977,2431,0.0,0.0,0.0
2023-03-21 13:30:00-04:00,28.923900604248047,28.923900604248047,28.923900604248047,28.923900604248047,123,0.0,0.0,0.0
2023-03-21 14:30:00-04:00,28.95949935913086,29.049999237060547,28.95949935913086,29.049999237060547,414,0.0,0.0,0.0
2023-03-22 09:30:00-04:00,29.040000915527344,29.040000915527344,28.999799728393555,28.999799728393555,0,0.0,0.0,0.0
2023-03-22 10:30:00-04:00,29.174999237060547,29.174999237060547,29.059999465942383,29.059999465942383,577,0.0,0.0,0.0
2023-03-22 11:30:00-04:00,29.06999969482422,29.094999313354492,29.059999465942383,29.094999313354492,913,0.0,0.0,0.0
2023-03-22 12:30:00-04:00,29.049999237060547,29.06999969482422,29.010000228881836,29.010000228881836,8609,0.0,0.0,0.0
2023-03-22 13:30:00-04:00,29.06999969482422,29.170000076293945,29.06999969482422,29.170000076293945,2398,0.0,0.0,0.0
2023-03-22 14:30:00-04:00,29.21500015258789,29.21500015258789,29.21500015258789,29.21500015258789,189,0.0,0.0,0.0
2023-03-22 15:30:00-04:00,29.148700714111328,29.148700714111328,28.860000610351562,28.860000610351562,1067,0.0,0.0,0.0
2023-03-23 09:30:00-04:00,29.229999542236328,29.295000076293945,29.208099365234375,29.295000076293945,0,0.0,0.0,0.0
2023-03-23 10:30:00-04:00,29.350000381469727,29.450000762939453,29.338899612426758,29.450000762939453,1164,0.0,0.0,0.0
2023-03-23 11:30:00-04:00,29.35140037536621,29.489900588989258,29.35140037536621,29.3799991607666,1577,0.0,0.0,0.0
2023-03-23 12:30:00-04:00,29.3799991607666,29.3799991607666,29.16010093688965,29.16010093688965,2071,0.0,0.0,0.0
2023-03-23 13:30:00-04:00,29.190000534057617,29.190000534057617,29.15999984741211,29.173999786376953,747,0.0,0.0,0.0
2023-03-23 14:30:00-04:00,28.950000762939453,28.950000762939453,28.950000762939453,28.950000762939453,170,0.0,0.0,0.0
2023-03-23 15:30:00-04:00,28.989999771118164,29.059999465942383,28.987300872802734,28.987300872802734,673,0.0,0.0,0.0
2023-03-24 09:30:00-04:00,28.760000228881836,28.760000228881836,28.65999984741211,28.690000534057617,0,0.0,0.0,0.0
2023-03-24 10:30:00-04:00,28.709999084472656,28.739999771118164,28.660900115966797,28.674999237060547,5514,0.0,0.0,0.0
2023-03-24 11:30:00-04:00,28.75,28.760000228881836,28.75,28.760000228881836,1889,0.0,0.0,0.0
2023-03-24 12:30:00-04:00,28.743999481201172,28.743999481201172,28.743999481201172,28.743999481201172,261,0.0,0.0,0.0
2023-03-24 13:30:00-04:00,28.770099639892578,28.860000610351562,28.770099639892578,28.844100952148438,5322,0.0,0.0,0.0
2023-03-24 14:30:00-04:00,28.84000015258789,28.844999313354492,28.84000015258789,28.844999313354492,364,0.0,0.0,0.0
2023-03-24 15:30:00-04:00,28.864999771118164,28.885000228881836,28.864999771118164,28.864999771118164,410,0.0,0.0,0.0
2023-03-27 09:30:00-04:00,29.09239959716797,29.100000381469727,29.037500381469727,29.037500381469727,1118,0.0,0.0,0.0
2023-03-27 10:30:00-04:00,28.965900421142578,28.9950008392334,28.950000762939453,28.950000762939453,951,0.0,0.0,0.0
2023-03-27 11:30:00-04:00,28.9950008392334,28.9950008392334,28.9950008392334,28.9950008392334,251,0.0,0.0,0.0
2023-03-27 12:30:00-04:00,29.059999465942383,29.059999465942383,28.979999542236328,29.00189971923828,8918,0.0,0.0,0.0
2023-03-27 13:30:00-04:00,29.061199188232422,29.06999969482422,28.983800888061523,29.059999465942383,3888,0.0,0.0,0.0
2023-03-27 14:30:00-04:00,29.139999389648438,29.139999389648438,29.075000762939453,29.075000762939453,1077,0.0,0.0,0.0
2023-03-27 15:30:00-04:00,29.059999465942383,29.139999389648438,29.059999465942383,29.139999389648438,102,0.0,0.0,0.0
2023-03-28 09:30:00-04:00,29.049999237060547,29.059999465942383,29.049999237060547,29.059999465942383,0,0.0,0.0,0.0
2023-03-28 10:30:00-04:00,29.100000381469727,29.100000381469727,29.0,29.100000381469727,2422,0.0,0.0,0.0
2023-03-28 12:30:00-04:00,29.059999465942383,29.059999465942383,29.059999465942383,29.059999465942383,261,0.0,0.0,0.0
2023-03-28 13:30:00-04:00,29.13990020751953,29.13990020751953,29.13990020751953,29.13990020751953,315,0.0,0.0,0.0
2023-03-28 14:30:00-04:00,29.04050064086914,29.049999237060547,29.0,29.049999237060547,691,0.0,0.0,0.0
2023-03-29 09:30:00-04:00,29.381000518798828,29.385000228881836,29.381000518798828,29.385000228881836,0,0.0,0.0,0.0
2023-03-29 10:30:00-04:00,29.354999542236328,29.385000228881836,29.354999542236328,29.385000228881836,979,0.0,0.0,0.0
2023-03-29 11:30:00-04:00,29.311199188232422,29.311199188232422,29.311199188232422,29.311199188232422,343,0.0,0.0,0.0
2023-03-29 12:30:00-04:00,29.42020034790039,29.42020034790039,29.42020034790039,29.42020034790039,250,0.0,0.0,0.0
2023-03-29 13:30:00-04:00,29.385000228881836,29.385000228881836,29.385000228881836,29.385000228881836,344,0.0,0.0,0.0
2023-03-29 14:30:00-04:00,29.428699493408203,29.428699493408203,29.399999618530273,29.399999618530273,3259,0.0,0.0,0.0
2023-03-29 15:30:00-04:00,29.399999618530273,29.459999084472656,29.399999618530273,29.459999084472656,765,0.0,0.0,0.0
2023-03-30 09:30:00-04:00,29.75,29.75,29.68160057067871,29.68160057067871,0,0.0,0.0,0.0
2023-03-30 10:30:00-04:00,29.7549991607666,29.7549991607666,29.710100173950195,29.710100173950195,1198,0.0,0.0,0.0
2023-03-30 11:30:00-04:00,29.7549991607666,29.7549991607666,29.7549991607666,29.7549991607666,419,0.0,0.0,0.0
2023-03-30 12:30:00-04:00,29.743099212646484,29.743099212646484,29.743099212646484,29.743099212646484,396,0.0,0.0,0.0
2023-03-30 13:30:00-04:00,29.710100173950195,29.710100173950195,29.710100173950195,29.710100173950195,164,0.0,0.0,0.0
2023-03-30 14:30:00-04:00,29.710100173950195,29.710100173950195,29.710100173950195,29.710100173950195,711,0.0,0.0,0.0
2023-03-30 15:30:00-04:00,29.7549991607666,29.760000228881836,29.7549991607666,29.760000228881836,106,0.0,0.0,0.0
2023-03-31 10:30:00-04:00,29.979999542236328,30.009599685668945,29.979999542236328,30.009599685668945,288,0.0,0.0,0.0
2023-03-31 11:30:00-04:00,29.94610023498535,29.947200775146484,29.933399200439453,29.947200775146484,3842,0.0,0.0,0.0
2023-03-31 12:30:00-04:00,29.93000030517578,30.040000915527344,29.93000030517578,30.040000915527344,317,0.0,0.0,0.0
2023-03-31 13:30:00-04:00,29.955299377441406,29.972299575805664,29.899999618530273,29.972299575805664,4412,0.0,0.0,0.0
2023-03-31 14:30:00-04:00,29.850099563598633,29.929399490356445,29.850099563598633,29.929399490356445,1649,0.0,0.0,0.0
2023-03-31 15:30:00-04:00,29.95009994506836,29.959999084472656,29.94499969482422,29.959999084472656,506,0.0,0.0,0.0
2023-04-03 09:30:00-04:00,29.979999542236328,29.98979949951172,29.920000076293945,29.98979949951172,35187,0.0,0.0,0.0
2023-04-03 10:30:00-04:00,30.030000686645508,30.030000686645508,29.809999465942383,29.81999969482422,1752,0.0,0.0,0.0
2023-04-03 11:30:00-04:00,29.81999969482422,29.94499969482422,29.81999969482422,29.90999984741211,15453,0.0,0.0,0.0
2023-04-03 12:30:00-04:00,29.90999984741211,29.954999923706055,29.84000015258789,29.889999389648438,50174,0.0,0.0,0.0
2023-04-03 14:30:00-04:00,29.959999084472656,30.030000686645508,29.959999084472656,30.030000686645508,1890,0.0,0.0,0.0
2023-04-04 09:30:00-04:00,30.100000381469727,30.100000381469727,30.100000381469727,30.100000381469727,0,0.0,0.0,0.0
2023-04-04 10:30:00-04:00,30.075000762939453,30.075000762939453,30.075000762939453,30.075000762939453,362,0.0,0.0,0.0
2023-04-04 11:30:00-04:00,30.0,30.010000228881836,29.897499084472656,29.915000915527344,3054,0.0,0.0,0.0
2023-04-04 12:30:00-04:00,30.010000228881836,30.010000228881836,29.950000762939453,29.98509979248047,508,0.0,0.0,0.0
2023-04-04 13:30:00-04:00,29.93000030517578,29.96380043029785,29.93000030517578,29.96380043029785,393,0.0,0.0,0.0
2023-04-04 14:30:00-04:00,29.93000030517578,30.038799285888672,29.93000030517578,30.038799285888672,979,0.0,0.0,0.0
2023-04-04 15:30:00-04:00,29.924999237060547,29.959999084472656,29.924999237060547,29.950000762939453,1682,0.0,0.0,0.0
2023-04-05 09:30:00-04:00,29.790000915527344,29.790000915527344,29.790000915527344,29.790000915527344,0,0.0,0.0,0.0
2023-04-05 10:30:00-04:00,29.637100219726562,29.69499969482422,29.637100219726562,29.69499969482422,2590,0.0,0.0,0.0
2023-04-05 11:30:00-04:00,29.70359992980957,29.70359992980957,29.70359992980957,29.70359992980957,507,0.0,0.0,0.0
2023-04-05 12:30:00-04:00,29.601200103759766,29.719999313354492,29.601200103759766,29.719999313354492,710,0.0,0.0,0.0
2023-04-05 13:30:00-04:00,29.690000534057617,29.690000534057617,29.690000534057617,29.690000534057617,1346,0.0,0.0,0.0
2023-04-05 14:30:00-04:00,29.690000534057617,29.690000534057617,29.690000534057617,29.690000534057617,313,0.0,0.0,0.0
2023-04-05 15:30:00-04:00,29.690000534057617,29.690000534057617,29.658100128173828,29.658100128173828,2001,0.0,0.0,0.0
2023-04-06 09:30:00-04:00,29.56999969482422,29.56999969482422,29.56999969482422,29.56999969482422,0,0.0,0.0,0.0
2023-04-06 10:30:00-04:00,29.66200065612793,29.670000076293945,29.66200065612793,29.670000076293945,1922,0.0,0.0,0.0
2023-04-06 11:30:00-04:00,29.780000686645508,29.81999969482422,29.780000686645508,29.81999969482422,595,0.0,0.0,0.0
2023-04-06 12:30:00-04:00,29.824399948120117,29.862600326538086,29.824399948120117,29.862600326538086,1047,0.0,0.0,0.0
2023-04-06 14:30:00-04:00,29.822099685668945,29.889999389648438,29.822099685668945,29.850799560546875,9124,0.0,0.0,0.0
2023-04-06 15:30:00-04:00,29.709999084472656,29.709999084472656,29.709999084472656,29.709999084472656,100,0.0,0.0,0.0
2023-04-10 10:30:00-04:00,30.059900283813477,30.059900283813477,30.059900283813477,30.059900283813477,0,0.0,0.0,0.0
2023-04-10 13:30:00-04:00,30.100000381469727,30.100000381469727,30.100000381469727,30.100000381469727,1307,0.0,0.0,0.0
2023-04-10 14:30:00-04:00,30.020000457763672,30.08839988708496,30.020000457763672,30.08839988708496,1310,0.0,0.0,0.0
2023-04-10 15:30:00-04:00,30.05500030517578,30.17180061340332,30.05500030517578,30.149999618530273,0,0.0,0.0,0.0
2023-04-11 09:30:00-04:00,30.329999923706055,30.329999923706055,30.329999923706055,30.329999923706055,458,0.0,0.0,0.0
2023-04-11 10:30:00-04:00,30.280000686645508,30.28499984741211,30.270000457763672,30.280000686645508,1401,0.0,0.0,0.0
2023-04-11 12:30:00-04:00,30.30500030517578,30.30500030517578,30.30500030517578,30.30500030517578,258,0.0,0.0,0.0
2023-04-11 13:30:00-04:00,30.32379913330078,30.32379913330078,30.32379913330078,30.32379913330078,1539,0.0,0.0,0.0
2023-04-11 14:30:00-04:00,30.350000381469727,30.350000381469727,30.324800491333008,30.324800491333008,581,0.0,0.0,0.0
2023-04-11 15:30:00-04:00,30.375,30.375,30.329999923706055,30.34000015258789,1809,0.0,0.0,0.0
2023-04-12 09:30:00-04:00,30.382699966430664,30.382699966430664,30.382699966430664,30.382699966430664,0,0.0,0.0,0.0
2023-04-12 10:30:00-04:00,30.38990020751953,30.38990020751953,30.285900115966797,30.285900115966797,786,0.0,0.0,0.0
2023-04-12 11:30:00-04:00,30.450000762939453,30.450000762939453,30.44930076599121,30.44930076599121,597,0.0,0.0,0.0
2023-04-12 12:30:00-04:00,30.360000610351562,30.439699172973633,30.360000610351562,30.439699172973633,4288,0.0,0.0,0.0
2023-04-12 13:30:00-04:00,30.454999923706055,30.454999923706055,30.454999923706055,30.454999923706055,196,0.0,0.0,0.0
2023-04-12 14:30:00-04:00,30.40999984741211,30.40999984741211,30.34000015258789,30.34000015258789,1834,0.0,0.0,0.0
2023-04-12 15:30:00-04:00,30.329999923706055,30.329999923706055,30.280000686645508,30.280000686645508,301,0.0,0.0,0.0
2023-04-13 09:30:00-04:00,30.600000381469727,30.600000381469727,30.600000381469727,30.600000381469727,0,0.0,0.0,0.0
2023-04-13 10:30:00-04:00,30.590099334716797,30.590099334716797,30.590099334716797,30.590099334716797,163,0.0,0.0,0.0
2023-04-13 11:30:00-04:00,30.749099731445312,30.749099731445312,30.719999313354492,30.719999313354492,1235,0.0,0.0,0.0
2023-04-13 12:30:00-04:00,30.753400802612305,30.780000686645508,30.68000030517578,30.764999389648438,4627,0.0,0.0,0.0
2023-04-13 13:30:00-04:00,30.736900329589844,30.770700454711914,30.736900329589844,30.770700454711914,1785,0.0,0.0,0.0
2023-04-13 14:30:00-04:00,30.857799530029297,30.857799530029297,30.790000915527344,30.835100173950195,3976,0.0,0.0,0.0
2023-04-13 15:30:00-04:00,30.856399536132812,30.856399536132812,30.790000915527344,30.84000015258789,3540,0.0,0.0,0.0
2023-04-14 09:30:00-04:00,30.850000381469727,30.850000381469727,30.810100555419922,30.810100555419922,0,0.0,0.0,0.0
2023-04-14 10:30:00-04:00,30.76609992980957,30.780000686645508,30.76609992980957,30.780000686645508,481,0.0,0.0,0.0
2023-04-14 11:30:00-04:00,30.640100479125977,30.640100479125977,30.640100479125977,30.640100479125977,837,0.0,0.0,0.0
2023-04-14 12:30:00-04:00,30.73419952392578,30.73419952392578,30.66010093688965,30.66010093688965,843,0.0,0.0,0.0
2023-04-14 13:30:00-04:00,30.732200622558594,30.732200622558594,30.690000534057617,30.690000534057617,11231,0.0,0.0,0.0
2023-04-14 14:30:00-04:00,30.736000061035156,30.751800537109375,30.73189926147461,30.7450008392334,2651,0.0,0.0,0.0
2023-04-14 15:30:00-04:00,30.790000915527344,30.790000915527344,30.78499984741211,30.78499984741211,812,0.0,0.0,0.0
2023-04-17 09:30:00-04:00,30.719999313354492,30.778799057006836,30.670000076293945,30.778799057006836,0,0.0,0.0,0.0
2023-04-17 10:30:00-04:00,30.65999984741211,30.68000030517578,30.65999984741211,30.668100357055664,393,0.0,0.0,0.0
2023-04-17 11:30:00-04:00,30.65999984741211,30.65999984741211,30.65999984741211,30.65999984741211,197,0.0,0.0,0.0
2023-04-17 12:30:00-04:00,30.549999237060547,30.614999771118164,30.549999237060547,30.614999771118164,10134,0.0,0.0,0.0
2023-04-17 14:30:00-04:00,30.567399978637695,30.567399978637695,30.567399978637695,30.567399978637695,616,0.0,0.0,0.0
2023-04-17 15:30:00-04:00,30.6200008392334,30.75,30.614999771118164,30.75,0,0.0,0.0,0.0
2023-04-18 09:30:00-04:00,30.885000228881836,30.885000228881836,30.8572998046875,30.8572998046875,1450,0.0,0.0,0.0
2023-04-18 11:30:00-04:00,30.8799991607666,30.925100326538086,30.877500534057617,30.920000076293945,2936,0.0,0.0,0.0
2023-04-18 13:30:00-04:00,30.90999984741211,30.90999984741211,30.90999984741211,30.90999984741211,270,0.0,0.0,0.0
2023-04-18 14:30:00-04:00,30.850000381469727,30.86720085144043,30.850000381469727,30.86720085144043,1095,0.0,0.0,0.0
2023-04-18 15:30:00-04:00,30.945600509643555,30.959999084472656,30.915000915527344,30.959999084472656,510,0.0,0.0,0.0
2023-04-19 09:30:00-04:00,30.760000228881836,30.760000228881836,30.760000228881836,30.760000228881836,0,0.0,0.0,0.0
2023-04-19 10:30:00-04:00,30.75,30.75,30.75,30.75,606,0.0,0.0,0.0
2023-04-19 11:30:00-04:00,30.775999069213867,30.841999053955078,30.775100708007812,30.841999053955078,1325,0.0,0.0,0.0
2023-04-19 12:30:00-04:00,30.84000015258789,30.860000610351562,30.829999923706055,30.829999923706055,51366,0.0,0.0,0.0
2023-04-19 13:30:00-04:00,30.760000228881836,30.760000228881836,30.760000228881836,30.760000228881836,1286,0.0,0.0,0.0
2023-04-19 14:30:00-04:00,30.79210090637207,30.79210090637207,30.79210090637207,30.79210090637207,372,0.0,0.0,0.0
2023-04-19 15:30:00-04:00,30.818500518798828,30.889999389648438,30.760000228881836,30.809999465942383,5642,0.0,0.0,0.0
2023-04-20 10:30:00-04:00,30.809900283813477,30.809999465942383,30.790000915527344,30.790000915527344,330,0.0,0.0,0.0
2023-04-20 11:30:00-04:00,30.809999465942383,30.809999465942383,30.739999771118164,30.739999771118164,10288,0.0,0.0,0.0
2023-04-20 12:30:00-04:00,30.770000457763672,30.809999465942383,30.770000457763672,30.809999465942383,2252,0.0,0.0,0.0
2023-04-20 13:30:00-04:00,30.893299102783203,30.893299102783203,30.81730079650879,30.834999084472656,1299,0.0,0.0,0.0
2023-04-20 14:30:00-04:00,30.770000457763672,30.816699981689453,30.709999084472656,30.709999084472656,1396,0.0,0.0,0.0
2023-04-20 15:30:00-04:00,30.719999313354492,30.719999313354492,30.719999313354492,30.719999313354492,300,0.0,0.0,0.0
2023-04-21 10:30:00-04:00,30.80109977722168,30.80109977722168,30.709999084472656,30.709999084472656,0,0.0,0.0,0.0
2023-04-21 12:30:00-04:00,30.829999923706055,30.90999984741211,30.783100128173828,30.783100128173828,1987,0.0,0.0,0.0
2023-04-21 13:30:00-04:00,30.846599578857422,30.850000381469727,30.79010009765625,30.84000015258789,1540,0.0,0.0,0.0
2023-04-21 15:30:00-04:00,30.87150001525879,30.895000457763672,30.854999542236328,30.895000457763672,0,0.0,0.0,0.0
2023-04-24 09:30:00-04:00,30.999900817871094,30.999900817871094,30.988100051879883,30.988100051879883,0,0.0,0.0,0.0
2023-04-24 10:30:00-04:00,30.924999237060547,30.924999237060547,30.850099563598633,30.850099563598633,2698,0.0,0.0,0.0
2023-04-24 12:30:00-04:00,30.889999389648438,30.889999389648438,30.889999389648438,30.889999389648438,1274,0.0,0.0,0.0
2023-04-24 13:30:00-04:00,30.979999542236328,30.979999542236328,30.918899536132812,30.952499389648438,1013,0.0,0.0,0.0
2023-04-24 14:30:00-04:00,30.90920066833496,30.979900360107422,30.90920066833496,30.979900360107422,616,0.0,0.0,0.0
2023-04-25 09:30:00-04:00,30.559999465942383,30.599599838256836,30.459999084472656,30.459999084472656,0,0.0,0.0,0.0
2023-04-25 11:30:00-04:00,30.450000762939453,30.450000762939453,30.343000411987305,30.343000411987305,0,0.0,0.0,0.0
2023-04-25 12:30:00-04:00,30.363100051879883,30.395000457763672,30.32110023498535,30.32110023498535,9939,0.0,0.0,0.0
2023-04-25 13:30:00-04:00,30.326900482177734,30.326900482177734,30.270000457763672,30.270000457763672,1837,0.0,0.0,0.0
2023-04-25 14:30:00-04:00,30.32200050354004,30.32200050354004,30.270000457763672,30.291799545288086,1664,0.0,0.0,0.0
2023-04-25 15:30:00-04:00,30.357500076293945,30.357500076293945,30.239999771118164,30.239999771118164,445,0.0,0.0,0.0
2023-04-26 09:30:00-04:00,30.299999237060547,30.299999237060547,30.299999237060547,30.299999237060547,0,0.0,0.0,0.0
2023-04-26 10:30:00-04:00,30.239999771118164,30.239999771118164,30.239999771118164,30.239999771118164,1728,0.0,0.0,0.0
2023-04-26 11:30:00-04:00,30.290000915527344,30.290000915527344,30.290000915527344,30.290000915527344,959,0.0,0.0,0.0
2023-04-26 12:30:00-04:00,30.280000686645508,30.358400344848633,30.234899520874023,30.358400344848633,1904,0.0,0.0,0.0
2023-04-26 13:30:00-04:00,30.299999237060547,30.299999237060547,30.299999237060547,30.299999237060547,136,0.0,0.0,0.0
2023-04-26 14:30:00-04:00,30.239999771118164,30.239999771118164,30.239999771118164,30.239999771118164,176,0.0,0.0,0.0
2023-04-26 15:30:00-04:00,30.110000610351562,30.139999389648438,30.110000610351562,30.139999389648438,100,0.0,0.0,0.0
2023-04-27 09:30:00-04:00,30.40999984741211,30.43000030517578,30.40999984741211,30.43000030517578,0,0.0,0.0,0.0
2023-04-27 11:30:00-04:00,30.375,30.375,30.375,30.375,1085,0.0,0.0,0.0
2023-04-27 12:30:00-04:00,30.3799991607666,30.40999984741211,30.340200424194336,30.3799991607666,4214,0.0,0.0,0.0
2023-04-27 13:30:00-04:00,30.420000076293945,30.479999542236328,30.40049934387207,30.40060043334961,4771,0.0,0.0,0.0
2023-04-27 14:30:00-04:00,30.479900360107422,30.56999969482422,30.479900360107422,30.55500030517578,6603,0.0,0.0,0.0
2023-04-27 15:30:00-04:00,30.6299991607666,30.639999389648438,30.55500030517578,30.600000381469727,0,0.0,0.0,0.0
2023-04-28 09:30:00-04:00,30.31999969482422,30.350000381469727,30.309999465942383,30.350000381469727,2621,0.0,0.0,0.0
2023-04-28 10:30:00-04:00,30.350000381469727,30.434999465942383,30.350000381469727,30.43000030517578,4330,0.0,0.0,0.0
2023-04-28 11:30:00-04:00,30.479999542236328,30.479999542236328,30.399999618530273,30.399999618530273,3942,0.0,0.0,0.0
2023-04-28 13:30:00-04:00,30.479999542236328,30.479999542236328,30.400999069213867,30.440000534057617,2640,0.0,0.0,0.0
2023-04-28 15:30:00-04:00,30.559999465942383,30.559999465942383,30.540000915527344,30.540000915527344,382,0.0,0.0,0.0
2023-05-01 09:30:00-04:00,30.479999542236328,30.764999389648438,30.479999542236328,30.625,536,0.0,0.0,0.0
2023-05-01 10:30:00-04:00,30.613399505615234,30.613399505615234,30.57670021057129,30.57670021057129,1470,0.0,0.0,0.0
2023-05-01 11:30:00-04:00,30.600000381469727,30.615999221801758,30.489999771118164,30.489999771118164,18189,0.0,0.0,0.0
2023-05-01 12:30:00-04:00,30.604999542236328,30.68000030517578,30.570100784301758,30.570100784301758,1696,0.0,0.0,0.0
2023-05-01 13:30:00-04:00,30.645000457763672,30.645000457763672,30.645000457763672,30.645000457763672,1472,0.0,0.0,0.0
2023-05-01 14:30:00-04:00,30.645000457763672,30.645000457763672,30.582599639892578,30.611900329589844,2566,0.0,0.0,0.0
2023-05-01 15:30:00-04:00,30.577800750732422,30.6200008392334,30.557899475097656,30.59000015258789,1796,0.0,0.0,0.0
2023-05-02 09:30:00-04:00,30.260000228881836,30.260000228881836,30.224000930786133,30.239999771118164,0,0.0,0.0,0.0
2023-05-02 10:30:00-04:00,30.190000534057617,30.209999084472656,30.18000030517578,30.18000030517578,2245,0.0,0.0,0.0
2023-05-02 14:30:00-04:00,30.267900466918945,30.267900466918945,30.2549991607666,30.2549991607666,420,0.0,0.0,0.0
2023-05-02 15:30:00-04:00,30.28689956665039,30.28689956665039,30.28689956665039,30.28689956665039,326,0.0,0.0,0.0
2023-05-03 09:30:00-04:00,30.334999084472656,30.38789939880371,30.334999084472656,30.38789939880371,0,0.0,0.0,0.0
2023-05-03 10:30:00-04:00,30.355300903320312,30.355300903320312,30.355300903320312,30.355300903320312,1647,0.0,0.0,0.0
2023-05-03 12:30:00-04:00,30.420000076293945,30.440000534057617,30.41659927368164,30.41659927368164,850,0.0,0.0,0.0
2023-05-03 13:30:00-04:00,30.350099563598633,30.350099563598633,30.350099563598633,30.350099563598633,327,0.0,0.0,0.0
2023-05-03 14:30:00-04:00,30.299999237060547,30.389999389648438,30.299999237060547,30.299999237060547,0,0.0,0.0,0.0
2023-05-04 09:30:00-04:00,30.08009910583496,30.08009910583496,30.08009910583496,30.08009910583496,396,0.0,0.0,0.0
2023-05-04 10:30:00-04:00,30.08009910583496,30.125,30.08009910583496,30.125,1413,0.0,0.0,0.0
2023-05-04 13:30:00-04:00,30.1200008392334,30.1200008392334,30.1200008392334,30.1200008392334,2405,0.0,0.0,0.0
2023-05-04 15:30:00-04:00,30.041799545288086,30.110000610351562,30.041799545288086,30.049999237060547,0,0.0,0.0,0.0
2023-05-05 09:30:00-04:00,30.1299991607666,30.200000762939453,30.1299991607666,30.200000762939453,1771,0.0,0.0,0.0
2023-05-05 10:30:00-04:00,30.30500030517578,30.30500030517578,30.30500030517578,30.30500030517578,0,0.0,0.0,0.0
2023-05-05 11:30:00-04:00,30.328399658203125,30.440000534057617,30.328399658203125,30.440000534057617,3459,0.0,0.0,0.0
2023-05-05 13:30:00-04:00,30.290000915527344,30.290000915527344,30.290000915527344,30.290000915527344,170,0.0,0.0,0.0
2023-05-05 14:30:00-04:00,30.469999313354492,30.469999313354492,30.440000534057617,30.469999313354492,0,0.0,0.0,0.0
2023-05-08 09:30:00-04:00,30.46500015258789,30.46500015258789,30.450000762939453,30.450000762939453,828,0.0,0.0,0.0
2023-05-08 10:30:00-04:00,30.420000076293945,30.420000076293945,30.389999389648438,30.408000946044922,0,0.0,0.0,0.0
2023-05-08 11:30:00-04:00,30.450000762939453,30.450000762939453,30.420499801635742,30.420499801635742,2688,0.0,0.0,0.0
2023-05-08 12:30:00-04:00,30.450000762939453,30.450000762939453,30.370100021362305,30.370100021362305,2073,0.0,0.0,0.0
2023-05-08 13:30:00-04:00,30.434999465942383,30.434999465942383,30.399999618530273,30.399999618530273,550,0.0,0.0,0.0
2023-05-08 14:30:00-04:00,30.399999618530273,30.420000076293945,30.399999618530273,30.40999984741211,579,0.0,0.0,0.0
2023-05-08 15:30:00-04:00,30.40999984741211,30.440000534057617,30.360000610351562,30.360000610351562,0,0.0,0.0,0.0
2023-05-09 09:30:00-04:00,30.110000610351562,30.1200008392334,30.06999969482422,30.1200008392334,6892,0.0,0.0,0.0
2023-05-09 10:30:00-04:00,30.1200008392334,30.165000915527344,30.100000381469727,30.165000915527344,2340,0.0,0.0,0.0
2023-05-09 11:30:00-04:00,30.146400451660156,30.151500701904297,30.133800506591797,30.13789939880371,24731,0.0,0.0,0.0
2023-05-09 12:30:00-04:00,30.19610023498535,30.209999084472656,30.110000610351562,30.123600006103516,2973,0.0,0.0,0.0
2023-05-09 13:30:00-04:00,30.122900009155273,30.18000030517578,30.122900009155273,30.18000030517578,0,0.0,0.0,0.0
2023-05-09 14:30:00-04:00,30.18000030517578,30.18000030517578,30.18000030517578,30.18000030517578,38921,0.0,0.0,0.0
2023-05-09 15:30:00-04:00,30.20989990234375,30.20989990234375,30.18000030517578,30.18000030517578,0,0.0,0.0,0.0
2023-05-10 09:30:00-04:00,30.219999313354492,30.219999313354492,30.1299991607666,30.1299991607666,887,0.0,0.0,0.0
2023-05-10 10:30:00-04:00,29.989999771118164,30.106599807739258,29.989999771118164,30.106599807739258,0,0.0,0.0,0.0
2023-05-10 12:30:00-04:00,30.033000946044922,30.033000946044922,29.969999313354492,29.969999313354492,0,0.0,0.0,0.0
2023-05-10 14:30:00-04:00,30.151399612426758,30.151399612426758,30.151399612426758,30.151399612426758,0,0.0,0.0,0.0
2023-05-10 15:30:00-04:00,30.209999084472656,30.209999084472656,30.135000228881836,30.135000228881836,8152,0.0,0.0,0.0
2023-05-11 09:30:00-04:00,29.81999969482422,29.81999969482422,29.6200008392334,29.6200008392334,0,0.0,0.0,0.0
2023-05-11 10:30:00-04:00,29.684999465942383,29.684999465942383,29.684999465942383,29.684999465942383,459,0.0,0.0,0.0
2023-05-11 13:30:00-04:00,29.714500427246094,29.81999969482422,29.714500427246094,29.819799423217773,2578,0.0,0.0,0.0
2023-05-11 14:30:00-04:00,29.761600494384766,29.82200050354004,29.761600494384766,29.82200050354004,402,0.0,0.0,0.0
2023-05-11 15:30:00-04:00,29.760000228881836,29.799999237060547,29.75,29.799999237060547,400,0.0,0.0,0.0
2023-05-12 09:30:00-04:00,29.8799991607666,29.8799991607666,29.8799991607666,29.8799991607666,0,0.0,0.0,0.0
2023-05-12 10:30:00-04:00,29.860000610351562,29.860000610351562,29.75,29.75,825,0.0,0.0,0.0
2023-05-12 11:30:00-04:00,29.760000228881836,29.780000686645508,29.75,29.75,676,0.0,0.0,0.0
2023-05-12 12:30:00-04:00,29.7450008392334,29.7450008392334,29.7450008392334,29.7450008392334,550,0.0,0.0,0.0
2023-05-12 13:30:00-04:00,29.68199920654297,29.700000762939453,29.68199920654297,29.700000762939453,670,0.0,0.0,0.0
2023-05-12 14:30:00-04:00,29.66010093688965,29.769899368286133,29.66010093688965,29.769899368286133,1544,0.0,0.0,0.0
2023-05-12 15:30:00-04:00,29.709999084472656,29.790000915527344,29.709999084472656,29.790000915527344,761,0.0,0.0,0.0
2023-05-15 09:30:00-04:00,29.850000381469727,29.850000381469727,29.850000381469727,29.850000381469727,357,0.0,0.0,0.0
2023-05-15 10:30:00-04:00,29.8700008392334,29.8799991607666,29.810100555419922,29.8799991607666,1465,0.0,0.0,0.0
2023-05-15 11:30:00-04:00,29.8799991607666,29.8799991607666,29.8799991607666,29.8799991607666,128,0.0,0.0,0.0
2023-05-15 12:30:00-04:00,30.04990005493164,30.04990005493164,30.04990005493164,30.04990005493164,185,0.0,0.0,0.0
2023-05-15 13:30:00-04:00,29.989999771118164,29.989999771118164,29.969999313354492,29.969999313354492,485,0.0,0.0,0.0
2023-05-15 14:30:00-04:00,30.018600463867188,30.049999237060547,29.959999084472656,29.959999084472656,1342,0.0,0.0,0.0
2023-05-16 09:30:00-04:00,29.93000030517578,29.93000030517578,29.84000015258789,29.84000015258789,0,0.0,0.0,0.0
2023-05-16 10:30:00-04:00,29.829999923706055,29.829999923706055,29.829999923706055,29.829999923706055,444,0.0,0.0,0.0
2023-05-16 11:30:00-04:00,29.87380027770996,29.87380027770996,29.87380027770996,29.87380027770996,244,0.0,0.0,0.0
2023-05-16 12:30:00-04:00,29.895000457763672,29.895000457763672,29.895000457763672,29.895000457763672,1303,0.0,0.0,0.0
2023-05-16 13:30:00-04:00,29.809999465942383,29.875,29.809999465942383,29.875,355,0.0,0.0,0.0
2023-05-16 14:30:00-04:00,29.950000762939453,29.950000762939453,29.875,29.875,505,0.0,0.0,0.0
2023-05-16 15:30:00-04:00,29.760000228881836,29.811399459838867,29.760000228881836,29.760000228881836,1136,0.0,0.0,0.0
2023-05-17 09:30:00-04:00,29.93000030517578,29.93000030517578,29.795000076293945,29.795000076293945,0,0.0,0.0,0.0
2023-05-17 10:30:00-04:00,29.82900047302246,29.82900047302246,29.82900047302246,29.82900047302246,683,0.0,0.0,0.0
2023-05-17 11:30:00-04:00,29.834999084472656,29.834999084472656,29.834999084472656,29.834999084472656,675,0.0,0.0,0.0
2023-05-17 12:30:00-04:00,29.920000076293945,29.920000076293945,29.920000076293945,29.920000076293945,209,0.0,0.0,0.0
2023-05-17 13:30:00-04:00,29.969999313354492,29.969999313354492,29.969999313354492,29.969999313354492,358,0.0,0.0,0.0
2023-05-17 15:30:00-04:00,30.0,30.0,29.94499969482422,29.94499969482422,164,0.0,0.0,0.0
2023-05-18 09:30:00-04:00,29.889999389648438,29.904300689697266,29.889999389648438,29.899999618530273,0,0.0,0.0,0.0
2023-05-18 11:30:00-04:00,29.899999618530273,29.938499450683594,29.899999618530273,29.899999618530273,1699,0.0,0.0,0.0
2023-05-18 12:30:00-04:00,29.889999389648438,29.889999389648438,29.889999389648438,29.889999389648438,30496,0.0,0.0,0.0
2023-05-18 13:30:00-04:00,29.84000015258789,29.84000015258789,29.84000015258789,29.84000015258789,0,0.0,0.0,0.0
2023-05-18 14:30:00-04:00,29.895000457763672,29.969900131225586,29.895000457763672,29.969900131225586,33706,0.0,0.0,0.0
2023-05-18 15:30:00-04:00,29.900100708007812,30.0,29.900100708007812,30.0,450,0.0,0.0,0.0
2023-05-19 10:30:00-04:00,30.100000381469727,30.100000381469727,30.100000381469727,30.100000381469727,0,0.0,0.0,0.0
2023-05-19 12:30:00-04:00,30.045499801635742,30.159900665283203,30.04010009765625,30.04010009765625,3314,0.0,0.0,0.0
2023-05-19 13:30:00-04:00,30.040000915527344,30.079999923706055,30.040000915527344,30.079999923706055,0,0.0,0.0,0.0
2023-05-22 09:30:00-04:00,30.15999984741211,30.15999984741211,30.15999984741211,30.15999984741211,336,0.0,0.0,0.0
2023-05-22 11:30:00-04:00,30.170000076293945,30.170000076293945,30.15999984741211,30.15999984741211,905,0.0,0.0,0.0
2023-05-22 13:30:00-04:00,30.120100021362305,30.120100021362305,30.120100021362305,30.120100021362305,156,0.0,0.0,0.0
2023-05-22 14:30:00-04:00,30.25,30.25,30.25,30.25,1285,0.0,0.0,0.0
2023-05-22 15:30:00-04:00,30.1200008392334,30.239999771118164,30.1200008392334,30.239999771118164,932,0.0,0.0,0.0
2023-05-23 09:30:00-04:00,29.979999542236328,29.979999542236328,29.87179946899414,29.87179946899414,0,0.0,0.0,0.0
2023-05-23 10:30:00-04:00,29.920000076293945,29.969999313354492,29.83009910583496,29.889999389648438,2128,0.0,0.0,0.0
2023-05-23 11:30:00-04:00,29.90999984741211,29.90999984741211,29.756099700927734,29.756099700927734,2876,0.0,0.0,0.0
2023-05-23 12:30:00-04:00,29.700300216674805,29.700300216674805,29.700300216674805,29.700300216674805,726,0.0,0.0,0.0
2023-05-23 14:30:00-04:00,29.729999542236328,29.729999542236328,29.600000381469727,29.69700050354004,19580,0.0,0.0,0.0
2023-05-24 09:30:00-04:00,29.350000381469727,29.350000381469727,29.15999984741211,29.15999984741211,0,0.0,0.0,0.0
2023-05-24 10:30:00-04:00,29.27829933166504,29.27829933166504,29.27829933166504,29.27829933166504,515,0.0,0.0,0.0
2023-05-24 11:30:00-04:00,29.279399871826172,29.279399871826172,29.279399871826172,29.279399871826172,386,0.0,0.0,0.0
2023-05-24 13:30:00-04:00,29.229999542236328,29.229999542236328,29.17009925842285,29.229999542236328,1774,0.0,0.0,0.0
2023-05-24 14:30:00-04:00,29.18000030517578,29.28820037841797,29.18000030517578,29.28820037841797,3206,0.0,0.0,0.0
2023-05-24 15:30:00-04:00,29.200000762939453,29.253599166870117,29.200000762939453,29.219999313354492,1281,0.0,0.0,0.0
2023-05-25 09:30:00-04:00,29.184999465942383,29.184999465942383,29.125699996948242,29.125699996948242,0,0.0,0.0,0.0
2023-05-25 10:30:00-04:00,29.237600326538086,29.25,29.200000762939453,29.229999542236328,1725,0.0,0.0,0.0
2023-05-25 11:30:00-04:00,29.25,29.25,29.059999465942383,29.1200008392334,3884,0.0,0.0,0.0
2023-05-25 12:30:00-04:00,29.1200008392334,29.15999984741211,29.09000015258789,29.15999984741211,3085,0.0,0.0,0.0
2023-05-25 13:30:00-04:00,29.174999237060547,29.260000228881836,29.170000076293945,29.2450008392334,10258,0.0,0.0,0.0
2023-05-25 14:30:00-04:00,29.209999084472656,29.319900512695312,29.139999389648438,29.209999084472656,4211,0.0,0.0,0.0
2023-05-25 15:30:00-04:00,29.209999084472656,29.209999084472656,29.18000030517578,29.18000030517578,3137,0.0,0.0,0.0
2023-05-26 09:30:00-04:00,29.34000015258789,29.34000015258789,29.34000015258789,29.34000015258789,0,0.0,0.0,0.0
2023-05-26 11:30:00-04:00,29.450000762939453,29.559900283813477,29.440000534057617,29.523000717163086,8898,0.0,0.0,0.0
2023-05-26 12:30:00-04:00,29.50480079650879,29.50480079650879,29.5,29.5,8242,0.0,0.0,0.0
2023-05-26 13:30:00-04:00,29.491500854492188,29.559900283813477,29.491500854492188,29.559900283813477,676,0.0,0.0,0.0
2023-05-26 14:30:00-04:00,29.510000228881836,29.59000015258789,29.510000228881836,29.545000076293945,830,0.0,0.0,0.0
2023-05-26 15:30:00-04:00,29.535999298095703,29.600000381469727,29.535999298095703,29.600000381469727,3140,0.0,0.0,0.0
2023-05-30 09:30:00-04:00,29.600000381469727,29.600000381469727,29.520000457763672,29.530000686645508,9034,0.0,0.0,0.0
2023-05-30 10:30:00-04:00,29.434999465942383,29.434999465942383,29.434999465942383,29.434999465942383,188,0.0,0.0,0.0
2023-05-30 11:30:00-04:00,29.424999237060547,29.48870086669922,29.424999237060547,29.48870086669922,385,0.0,0.0,0.0
2023-05-30 12:30:00-04:00,29.31060028076172,29.31060028076172,29.310100555419922,29.310100555419922,3137,0.0,0.0,0.0
2023-05-30 13:30:00-04:00,29.27400016784668,29.36009979248047,29.27400016784668,29.334999084472656,4180,0.0,0.0,0.0
2023-05-30 14:30:00-04:00,29.420000076293945,29.420000076293945,29.420000076293945,29.420000076293945,0,0.0,0.0,0.0
2023-05-30 15:30:00-04:00,29.350000381469727,29.350000381469727,29.34000015258789,29.34000015258789,181041,0.0,0.0,0.0
2023-05-31 09:30:00-04:00,29.229999542236328,29.309999465942383,29.059999465942383,29.059999465942383,0,0.0,0.0,0.0
2023-05-31 10:30:00-04:00,29.110000610351562,29.110000610351562,28.969999313354492,28.969999313354492,0,0.0,0.0,0.0
2023-05-31 12:30:00-04:00,29.064699172973633,29.064699172973633,29.064699172973633,29.064699172973633,9542,0.0,0.0,0.0
2023-05-31 13:30:00-04:00,29.079999923706055,29.229999542236328,29.079999923706055,29.229999542236328,5896,0.0,0.0,0.0
2023-05-31 14:30:00-04:00,29.243799209594727,29.243799209594727,29.149999618530273,29.149999618530273,5613,0.0,0.0,0.0
2023-05-31 15:30:00-04:00,29.184999465942383,29.248199462890625,29.18000030517578,29.18000030517578,39447,0.0,0.0,0.0
2023-06-01 09:30:00-04:00,29.25,29.440000534057617,29.25,29.408100128173828,0,0.0,0.0,0.0
2023-06-01 10:30:00-04:00,29.3700008392334,29.572200775146484,29.3700008392334,29.572200775146484,960,0.0,0.0,0.0
2023-06-01 11:30:00-04:00,29.540000915527344,29.540000915527344,29.540000915527344,29.540000915527344,3075,0.0,0.0,0.0
2023-06-01 12:30:00-04:00,29.604999542236328,29.604999542236328,29.604999542236328,29.604999542236328,1262,0.0,0.0,0.0
2023-06-01 13:30:00-04:00,29.520000457763672,29.520000457763672,29.520000457763672,29.520000457763672,100,0.0,0.0,0.0
2023-06-01 14:30:00-04:00,29.639999389648438,29.639999389648438,29.574399948120117,29.574399948120117,1368,0.0,0.0,0.0
2023-06-01 15:30:00-04:00,29.6299991607666,29.6299991607666,29.59000015258789,29.59000015258789,300,0.0,0.0,0.0
2023-06-02 09:30:00-04:00,29.959999084472656,29.975000381469727,29.899999618530273,29.899999618530273,0,0.0,0.0,0.0
2023-06-02 10:30:00-04:00,30.02989959716797,30.02989959716797,29.907499313354492,29.907499313354492,4052,0.0,0.0,0.0
2023-06-02 11:30:00-04:00,29.899999618530273,29.899999618530273,29.899999618530273,29.899999618530273,572,0.0,0.0,0.0
2023-06-02 12:30:00-04:00,29.94499969482422,29.94499969482422,29.908199310302734,29.908199310302734,789,0.0,0.0,0.0
2023-06-02 15:30:00-04:00,29.93000030517578,29.950000762939453,29.93000030517578,29.950000762939453,972,0.0,0.0,0.0
2023-06-05 09:30:00-04:00,29.84000015258789,29.8700008392334,29.816499710083008,29.850000381469727,0,0.0,0.0,0.0
2023-06-05 10:30:00-04:00,29.834999084472656,29.834999084472656,29.834999084472656,29.834999084472656,3277,0.0,0.0,0.0
2023-06-05 11:30:00-04:00,29.834999084472656,29.889999389648438,29.834999084472656,29.889999389648438,540,0.0,0.0,0.0
2023-06-05 12:30:00-04:00,29.885000228881836,29.959999084472656,29.810100555419922,29.810100555419922,910,0.0,0.0,0.0
2023-06-05 13:30:00-04:00,29.885000228881836,29.885000228881836,29.850000381469727,29.850000381469727,279,0.0,0.0,0.0
2023-06-05 14:30:00-04:00,29.810100555419922,29.872299194335938,29.798599243164062,29.809999465942383,1031,0.0,0.0,0.0
2023-06-05 15:30:00-04:00,29.792200088500977,29.809999465942383,29.792200088500977,29.809999465942383,613,0.0,0.0,0.0
2023-06-06 09:30:00-04:00,29.855300903320312,29.855300903320312,29.729999542236328,29.729999542236328,0,0.0,0.0,0.0
2023-06-06 11:30:00-04:00,29.881200790405273,30.051300048828125,29.88010025024414,30.005199432373047,2594,0.0,0.0,0.0
2023-06-06 12:30:00-04:00,29.944599151611328,29.944599151611328,29.90999984741211,29.90999984741211,359,0.0,0.0,0.0
2023-06-06 13:30:00-04:00,29.9281005859375,29.9281005859375,29.9281005859375,29.9281005859375,935,0.0,0.0,0.0
2023-06-06 14:30:00-04:00,29.940000534057617,30.0,29.940000534057617,30.0,3081,0.0,0.0,0.0
2023-06-06 15:30:00-04:00,29.97599983215332,30.0,29.97599983215332,29.979999542236328,0,0.0,0.0,0.0
2023-06-07 09:30:00-04:00,30.09000015258789,30.110000610351562,30.079999923706055,30.110000610351562,1453,0.0,0.0,0.0
2023-06-07 10:30:00-04:00,30.040000915527344,30.040000915527344,29.940000534057617,29.940000534057617,1319,0.0,0.0,0.0
2023-06-07 11:30:00-04:00,29.93000030517578,29.93000030517578,29.93000030517578,29.93000030517578,267,0.0,0.0,0.0
2023-06-07 12:30:00-04:00,29.90999984741211,29.943199157714844,29.90999984741211,29.90999984741211,512,0.0,0.0,0.0
2023-06-07 13:30:00-04:00,29.829999923706055,29.829999923706055,29.829999923706055,29.829999923706055,895,0.0,0.0,0.0
2023-06-07 15:30:00-04:00,29.850000381469727,29.90999984741211,29.850000381469727,29.850000381469727,0,0.0,0.0,0.0
2023-06-08 09:30:00-04:00,29.950000762939453,29.974899291992188,29.950000762939453,29.974899291992188,908,0.0,0.0,0.0
2023-06-08 10:30:00-04:00,29.979999542236328,30.040000915527344,29.979999542236328,30.040000915527344,912,0.0,0.0,0.0
2023-06-08 11:30:00-04:00,30.077999114990234,30.1200008392334,29.980100631713867,30.1200008392334,2782,0.0,0.0,0.0
2023-06-08 12:30:00-04:00,30.05139923095703,30.1200008392334,30.05139923095703,30.1200008392334,426,0.0,0.0,0.0
2023-06-08 13:30:00-04:00,30.053499221801758,30.053499221801758,30.053499221801758,30.053499221801758,281,0.0,0.0,0.0
2023-06-08 14:30:00-04:00,30.079999923706055,30.136199951171875,30.079999923706055,30.079999923706055,118,0.0,0.0,0.0
2023-06-09 10:30:00-04:00,30.06999969482422,30.094999313354492,30.06399917602539,30.075000762939453,4091,0.0,0.0,0.0
2023-06-09 11:30:00-04:00,30.030000686645508,30.030000686645508,30.020000457763672,30.020000457763672,665,0.0,0.0,0.0
2023-06-09 12:30:00-04:00,29.989999771118164,29.989999771118164,29.980100631713867,29.980100631713867,337,0.0,0.0,0.0
2023-06-09 13:30:00-04:00,30.04599952697754,30.09000015258789,29.99169921875,30.09000015258789,2960,0.0,0.0,0.0
2023-06-09 14:30:00-04:00,30.09000015258789,30.09000015258789,30.03499984741211,30.03499984741211,540,0.0,0.0,0.0
2023-06-09 15:30:00-04:00,30.06999969482422,30.09000015258789,30.040000915527344,30.040000915527344,11355,0.0,0.0,0.0
2023-06-12 09:30:00-04:00,30.280000686645508,30.280000686645508,30.280000686645508,30.280000686645508,0,0.0,0.0,0.0
2023-06-12 10:30:00-04:00,30.270000457763672,30.29990005493164,30.270000457763672,30.29990005493164,948,0.0,0.0,0.0
2023-06-12 11:30:00-04:00,30.24020004272461,30.299999237060547,30.24020004272461,30.274999618530273,835,0.0,0.0,0.0
2023-06-12 12:30:00-04:00,30.239999771118164,30.364999771118164,30.239999771118164,30.34000015258789,1810,0.0,0.0,0.0
2023-06-12 13:30:00-04:00,30.370800018310547,30.370800018310547,30.370800018310547,30.370800018310547,506,0.0,0.0,0.0
2023-06-12 14:30:00-04:00,30.309999465942383,30.440000534057617,30.280000686645508,30.333799362182617,20828,0.0,0.0,0.0
2023-06-12 15:30:00-04:00,30.43000030517578,30.440000534057617,30.360000610351562,30.440000534057617,0,0.0,0.0,0.0
2023-06-13 09:30:00-04:00,30.700000762939453,30.782800674438477,30.700000762939453,30.782800674438477,891,0.0,0.0,0.0
2023-06-13 10:30:00-04:00,30.639999389648438,30.809999465942383,30.639999389648438,30.75,2276,0.0,0.0,0.0
2023-06-13 12:30:00-04:00,30.809999465942383,30.82309913635254,30.809999465942383,30.82309913635254,1290,0.0,0.0,0.0
2023-06-13 13:30:00-04:00,30.829999923706055,30.84480094909668,30.760000228881836,30.760000228881836,1360,0.0,0.0,0.0
2023-06-13 14:30:00-04:00,30.8080997467041,30.815000534057617,30.7549991607666,30.7549991607666,1677,0.0,0.0,0.0
2023-06-13 15:30:00-04:00,30.7549991607666,30.81999969482422,30.7549991607666,30.78499984741211,0,0.0,0.0,0.0
2023-06-14 09:30:00-04:00,30.729999542236328,30.729999542236328,30.729999542236328,30.729999542236328,1570,0.0,0.0,0.0
2023-06-14 10:30:00-04:00,30.78499984741211,30.84000015258789,30.78499984741211,30.809999465942383,1344,0.0,0.0,0.0
2023-06-14 11:30:00-04:00,30.790000915527344,30.790000915527344,30.790000915527344,30.790000915527344,100,0.0,0.0,0.0
2023-06-14 12:30:00-04:00,30.809999465942383,30.809999465942383,30.790000915527344,30.790000915527344,1349,0.0,0.0,0.0
2023-06-14 13:30:00-04:00,30.750999450683594,31.417999267578125,30.56999969482422,30.6200008392334,3898,0.0,0.0,0.0
2023-06-14 14:30:00-04:00,30.75,30.829999923706055,30.729999542236328,30.729999542236328,0,0.0,0.0,0.0
2023-06-15 09:30:00-04:00,30.68000030517578,30.68000030517578,30.6200008392334,30.6200008392334,991,0.0,0.0,0.0
2023-06-15 10:30:00-04:00,30.90999984741211,30.90999984741211,30.889999389648438,30.889999389648438,1410,0.0,0.0,0.0
2023-06-15 11:30:00-04:00,30.96500015258789,30.96500015258789,30.95840072631836,30.95840072631836,780,0.0,0.0,0.0
2023-06-15 12:30:00-04:00,30.989999771118164,30.989999771118164,30.989999771118164,30.989999771118164,1033,0.0,0.0,0.0
2023-06-15 13:30:00-04:00,31.040000915527344,31.040000915527344,30.944799423217773,30.944799423217773,543,0.0,0.0,0.0
2023-06-15 14:30:00-04:00,31.049999237060547,31.105600357055664,31.03499984741211,31.070100784301758,3221,0.0,0.0,0.0
2023-06-15 15:30:00-04:00,31.06999969482422,31.079999923706055,31.06999969482422,31.079999923706055,0,0.0,0.0,0.0
2023-06-16 09:30:00-04:00,31.25,31.25,31.19499969482422,31.19499969482422,978,0.0,0.0,0.0
2023-06-16 10:30:00-04:00,31.259899139404297,31.259899139404297,31.110000610351562,31.1299991607666,8623,0.0,0.0,0.0
2023-06-16 11:30:00-04:00,31.06999969482422,31.1200008392334,31.06999969482422,31.100000381469727,5921,0.0,0.0,0.0
2023-06-16 12:30:00-04:00,31.084999084472656,31.139999389648438,31.084999084472656,31.135000228881836,953,0.0,0.0,0.0
2023-06-16 13:30:00-04:00,31.135000228881836,31.18000030517578,31.09000015258789,31.135000228881836,633,0.0,0.0,0.0
2023-06-16 14:30:00-04:00,31.114999771118164,31.138500213623047,31.094999313354492,31.094999313354492,7545,0.0,0.0,0.0
2023-06-16 15:30:00-04:00,31.094999313354492,31.094999313354492,31.030000686645508,31.09000015258789,837,0.0,0.0,0.0
2023-06-20 09:30:00-04:00,30.450000762939453,30.450000762939453,30.34000015258789,30.377399444580078,2141,0.0,0.0,0.0
2023-06-20 10:30:00-04:00,30.25149917602539,30.3799991607666,30.25149917602539,30.329999923706055,16022,0.0,0.0,0.0
2023-06-20 12:30:00-04:00,30.34000015258789,30.34000015258789,30.290000915527344,30.290000915527344,576,0.0,0.0,0.0
2023-06-20 13:30:00-04:00,30.363500595092773,30.363500595092773,30.350000381469727,30.360000610351562,2720,0.0,0.0,0.0
2023-06-20 14:30:00-04:00,30.360000610351562,30.3700008392334,30.350000381469727,30.3700008392334,7557,0.0,0.0,0.0
2023-06-20 15:30:00-04:00,30.354999542236328,30.40999984741211,30.354999542236328,30.40999984741211,101,0.0,0.0,0.0
2023-06-21 10:30:00-04:00,30.15999984741211,30.15999984741211,30.15999984741211,30.15999984741211,330,0.0,0.0,0.0
2023-06-21 11:30:00-04:00,30.200000762939453,30.200000762939453,30.200000762939453,30.200000762939453,473,0.0,0.0,0.0
2023-06-21 12:30:00-04:00,30.264999389648438,30.315000534057617,30.264999389648438,30.315000534057617,389,0.0,0.0,0.0
2023-06-21 13:30:00-04:00,30.274999618530273,30.274999618530273,30.274999618530273,30.274999618530273,417,0.0,0.0,0.0
2023-06-21 15:30:00-04:00,30.290000915527344,30.31999969482422,30.219999313354492,30.219999313354492,1052,0.0,0.0,0.0
2023-06-22 09:30:00-04:00,30.010000228881836,30.010000228881836,30.010000228881836,30.010000228881836,0,0.0,0.0,0.0
2023-06-22 10:30:00-04:00,30.15999984741211,30.190000534057617,30.079999923706055,30.100000381469727,1130,0.0,0.0,0.0
2023-06-22 11:30:00-04:00,30.1299991607666,30.16990089416504,30.100000381469727,30.16990089416504,1795,0.0,0.0,0.0
2023-06-22 12:30:00-04:00,30.079999923706055,30.079999923706055,30.079999923706055,30.079999923706055,432,0.0,0.0,0.0
2023-06-22 13:30:00-04:00,30.09000015258789,30.09000015258789,30.09000015258789,30.09000015258789,1235,0.0,0.0,0.0
2023-06-22 15:30:00-04:00,30.059999465942383,30.09000015258789,30.059999465942383,30.09000015258789,0,0.0,0.0,0.0
2023-06-23 09:30:00-04:00,29.639999389648438,29.769899368286133,29.600000381469727,29.600000381469727,1305,0.0,0.0,0.0
2023-06-23 10:30:00-04:00,29.799999237060547,29.799999237060547,29.700000762939453,29.700000762939453,1060,0.0,0.0,0.0
2023-06-23 11:30:00-04:00,29.760000228881836,29.760000228881836,29.760000228881836,29.760000228881836,291,0.0,0.0,0.0
2023-06-23 12:30:00-04:00,29.715700149536133,29.715700149536133,29.715700149536133,29.715700149536133,166,0.0,0.0,0.0
2023-06-23 14:30:00-04:00,29.80500030517578,29.80500030517578,29.709999084472656,29.709999084472656,2061,0.0,0.0,0.0
2023-06-23 15:30:00-04:00,29.690000534057617,29.690000534057617,29.65999984741211,29.65999984741211,850,0.0,0.0,0.0
2023-06-26 09:30:00-04:00,29.709999084472656,29.7549991607666,29.709999084472656,29.7549991607666,0,0.0,0.0,0.0
2023-06-26 11:30:00-04:00,29.750499725341797,29.750499725341797,29.729999542236328,29.729999542236328,1916,0.0,0.0,0.0
2023-06-26 13:30:00-04:00,29.714000701904297,29.714000701904297,29.714000701904297,29.714000701904297,228,0.0,0.0,0.0
2023-06-26 14:30:00-04:00,29.71500015258789,29.71500015258789,29.71500015258789,29.71500015258789,138,0.0,0.0,0.0
2023-06-26 15:30:00-04:00,29.719999313354492,29.739999771118164,29.700000762939453,29.739999771118164,1574,0.0,0.0,0.0
2023-06-27 09:30:00-04:00,29.760000228881836,29.761999130249023,29.719999313354492,29.719999313354492,0,0.0,0.0,0.0
2023-06-27 10:30:00-04:00,29.75,29.850000381469727,29.75,29.850000381469727,838,0.0,0.0,0.0
2023-06-27 11:30:00-04:00,29.899999618530273,29.899999618530273,29.899999618530273,29.899999618530273,293,0.0,0.0,0.0
2023-06-27 12:30:00-04:00,29.959999084472656,29.9601993560791,29.95989990234375,29.95989990234375,645,0.0,0.0,0.0
2023-06-27 13:30:00-04:00,29.959999084472656,29.998600006103516,29.959999084472656,29.998600006103516,3422,0.0,0.0,0.0
2023-06-27 14:30:00-04:00,30.0,30.0,30.0,30.0,475,0.0,0.0,0.0
2023-06-27 15:30:00-04:00,30.0,30.030000686645508,30.0,30.030000686645508,805,0.0,0.0,0.0
2023-06-28 09:30:00-04:00,29.8799991607666,29.8799991607666,29.8799991607666,29.8799991607666,0,0.0,0.0,0.0
2023-06-28 10:30:00-04:00,29.90399932861328,29.90399932861328,29.90399932861328,29.90399932861328,490,0.0,0.0,0.0
2023-06-28 13:30:00-04:00,29.90999984741211,30.049999237060547,29.8700008392334,29.959999084472656,36933,0.0,0.0,0.0
2023-06-28 14:30:00-04:00,29.959999084472656,29.959999084472656,29.93000030517578,29.93000030517578,2431,0.0,0.0,0.0
2023-06-28 15:30:00-04:00,29.999900817871094,29.999900817871094,29.950000762939453,29.950000762939453,0,0.0,0.0,0.0
2023-06-29 09:30:00-04:00,29.809999465942383,29.940000534057617,29.809999465942383,29.940000534057617,1585,0.0,0.0,0.0
2023-06-29 10:30:00-04:00,29.8799991607666,29.8799991607666,29.8799991607666,29.8799991607666,306,0.0,0.0,0.0
2023-06-29 11:30:00-04:00,29.90730094909668,29.90730094909668,29.90730094909668,29.90730094909668,137,0.0,0.0,0.0
2023-06-29 12:30:00-04:00,29.8799991607666,29.90999984741211,29.8700008392334,29.8700008392334,1405,0.0,0.0,0.0
2023-06-29 14:30:00-04:00,29.84000015258789,29.84000015258789,29.811800003051758,29.832000732421875,5558,0.0,0.0,0.0
2023-06-29 15:30:00-04:00,29.8799991607666,29.8799991607666,29.8799991607666,29.8799991607666,0,0.0,0.0,0.0
2023-06-30 09:30:00-04:00,30.299999237060547,30.3799991607666,30.290000915527344,30.3799991607666,502,0.0,0.0,0.0
2023-06-30 10:30:00-04:00,30.360000610351562,30.360000610351562,30.29010009765625,30.354999542236328,1640,0.0,0.0,0.0
2023-06-30 11:30:00-04:00,30.3700008392334,30.3700008392334,30.354999542236328,30.354999542236328,1408,0.0,0.0,0.0
2023-06-30 12:30:00-04:00,30.409000396728516,30.409000396728516,30.399999618530273,30.399999618530273,662,0.0,0.0,0.0
2023-06-30 14:30:00-04:00,30.399999618530273,30.450000762939453,30.399999618530273,30.423799514770508,1970,0.0,0.0,0.0
2023-06-30 15:30:00-04:00,30.34000015258789,30.459999084472656,30.34000015258789,30.459999084472656,100,0.0,0.0,0.0
2023-07-03 09:30:00-04:00,30.299999237060547,30.46809959411621,30.299999237060547,30.329999923706055,0,0.0,0.0,0.0
2023-07-03 10:30:00-04:00,30.399999618530273,30.439899444580078,30.329999923706055,30.34000015258789,17773,0.0,0.0,0.0
2023-07-05 09:30:00-04:00,30.174999237060547,30.174999237060547,30.1200008392334,30.1200008392334,1810,0.0,0.0,0.0
2023-07-05 10:30:00-04:00,30.110000610351562,30.18000030517578,30.102500915527344,30.18000030517578,962,0.0,0.0,0.0
2023-07-05 11:30:00-04:00,30.18000030517578,30.18000030517578,30.114999771118164,30.149999618530273,5918,0.0,0.0,0.0
2023-07-05 12:30:00-04:00,30.15999984741211,30.15999984741211,30.040000915527344,30.159700393676758,17417,0.0,0.0,0.0
2023-07-05 13:30:00-04:00,30.1200008392334,30.170000076293945,30.020099639892578,30.16390037536621,6228,0.0,0.0,0.0
2023-07-05 14:30:00-04:00,30.09000015258789,30.189899444580078,30.030000686645508,30.030000686645508,2565,0.0,0.0,0.0
2023-07-05 15:30:00-04:00,30.040000915527344,30.09000015258789,30.040000915527344,30.09000015258789,100,0.0,0.0,0.0
2023-07-06 09:30:00-04:00,29.690000534057617,29.690000534057617,29.690000534057617,29.690000534057617,0,0.0,0.0,0.0
2023-07-06 10:30:00-04:00,29.549999237060547,29.6299991607666,29.467199325561523,29.467199325561523,63614,0.0,0.0,0.0
2023-07-06 11:30:00-04:00,29.6299991607666,29.6299991607666,29.600500106811523,29.600500106811523,3816,0.0,0.0,0.0
2023-07-06 12:30:00-04:00,29.610000610351562,29.610000610351562,29.610000610351562,29.610000610351562,336,0.0,0.0,0.0
2023-07-06 13:30:00-04:00,29.65999984741211,29.65999984741211,29.600000381469727,29.600000381469727,1348,0.0,0.0,0.0
2023-07-06 14:30:00-04:00,29.649999618530273,29.65999984741211,29.649999618530273,29.65999984741211,244,0.0,0.0,0.0
2023-07-06 15:30:00-04:00,29.645000457763672,29.645000457763672,29.6200008392334,29.6200008392334,15718,0.0,0.0,0.0
2023-07-07 09:30:00-04:00,29.799999237060547,29.799999237060547,29.799999237060547,29.799999237060547,0,0.0,0.0,0.0
2023-07-07 10:30:00-04:00,29.850000381469727,29.941699981689453,29.824899673461914,29.941699981689453,2071,0.0,0.0,0.0
2023-07-07 11:30:00-04:00,29.899999618530273,29.959999084472656,29.899999618530273,29.959999084472656,2430,0.0,0.0,0.0
2023-07-07 12:30:00-04:00,30.0,30.06999969482422,29.989999771118164,30.04520034790039,2276,0.0,0.0,0.0
2023-07-07 13:30:00-04:00,30.05030059814453,30.05030059814453,30.05030059814453,30.05030059814453,228,0.0,0.0,0.0
2023-07-07 14:30:00-04:00,30.059999465942383,30.069900512695312,29.93000030517578,29.969999313354492,9279,0.0,0.0,0.0
2023-07-07 15:30:00-04:00,29.940000534057617,29.940000534057617,29.850000381469727,29.940000534057617,2561,0.0,0.0,0.0
2023-07-10 09:30:00-04:00,29.799999237060547,29.950000762939453,29.799999237060547,29.950000762939453,0,0.0,0.0,0.0
2023-07-10 10:30:00-04:00,29.934999465942383,29.940000534057617,29.899999618530273,29.90999984741211,2886,0.0,0.0,0.0
2023-07-10 11:30:00-04:00,29.979299545288086,29.979299545288086,29.920000076293945,29.950000762939453,493,0.0,0.0,0.0
2023-07-10 12:30:00-04:00,29.924999237060547,29.940000534057617,29.924999237060547,29.940000534057617,284,0.0,0.0,0.0
2023-07-10 13:30:00-04:00,29.975000381469727,29.975000381469727,29.975000381469727,29.975000381469727,170,0.0,0.0,0.0
2023-07-10 14:30:00-04:00,30.08989906311035,30.08989906311035,30.08989906311035,30.08989906311035,527,0.0,0.0,0.0
2023-07-10 15:30:00-04:00,30.05229949951172,30.05229949951172,29.945600509643555,29.969999313354492,1486,0.0,0.0,0.0
2023-07-11 09:30:00-04:00,30.11400032043457,30.11400032043457,30.049999237060547,30.049999237060547,0,0.0,0.0,0.0
2023-07-11 10:30:00-04:00,30.09000015258789,30.149999618530273,30.084999084472656,30.149999618530273,489,0.0,0.0,0.0
2023-07-11 11:30:00-04:00,30.18000030517578,30.18000030517578,30.18000030517578,30.18000030517578,103,0.0,0.0,0.0
2023-07-11 12:30:00-04:00,30.145000457763672,30.25,30.145000457763672,30.25,1766,0.0,0.0,0.0
2023-07-11 14:30:00-04:00,30.155500411987305,30.155500411987305,30.155500411987305,30.155500411987305,705,0.0,0.0,0.0
2023-07-11 15:30:00-04:00,30.209999084472656,30.237300872802734,30.18160057067871,30.209999084472656,650,0.0,0.0,0.0
2023-07-12 09:30:00-04:00,30.579999923706055,30.579999923706055,30.579999923706055,30.579999923706055,0,0.0,0.0,0.0
2023-07-12 11:30:00-04:00,30.73240089416504,30.819900512695312,30.73240089416504,30.819900512695312,585,0.0,0.0,0.0
2023-07-12 12:30:00-04:00,30.719999313354492,30.764999389648438,30.719999313354492,30.764999389648438,846,0.0,0.0,0.0
2023-07-12 13:30:00-04:00,30.799999237060547,30.823200225830078,30.799999237060547,30.823200225830078,1092,0.0,0.0,0.0
2023-07-12 14:30:00-04:00,30.847299575805664,30.847299575805664,30.790000915527344,30.790000915527344,0,0.0,0.0,0.0
2023-07-13 09:30:00-04:00,31.15999984741211,31.25349998474121,31.15999984741211,31.209999084472656,3806,0.0,0.0,0.0
2023-07-13 10:30:00-04:00,31.139999389648438,31.260000228881836,31.139999389648438,31.222000122070312,2787,0.0,0.0,0.0
2023-07-13 11:30:00-04:00,31.2593994140625,31.2593994140625,31.2593994140625,31.2593994140625,561,0.0,0.0,0.0
2023-07-13 13:30:00-04:00,31.190000534057617,31.260000228881836,31.190000534057617,31.260000228881836,5148,0.0,0.0,0.0
2023-07-13 14:30:00-04:00,31.260099411010742,31.325000762939453,31.260099411010742,31.325000762939453,2181,0.0,0.0,0.0
2023-07-13 15:30:00-04:00,31.34000015258789,31.34000015258789,31.299999237060547,31.299999237060547,217,0.0,0.0,0.0
2023-07-14 10:30:00-04:00,31.40019989013672,31.419599533081055,31.260099411010742,31.364999771118164,2396,0.0,0.0,0.0
2023-07-14 11:30:00-04:00,31.38990020751953,31.38990020751953,31.329999923706055,31.329999923706055,1851,0.0,0.0,0.0
2023-07-14 12:30:00-04:00,31.3799991607666,31.3799991607666,31.34000015258789,31.34000015258789,294,0.0,0.0,0.0
2023-07-14 13:30:00-04:00,31.325000762939453,31.325000762939453,31.325000762939453,31.325000762939453,1473,0.0,0.0,0.0
2023-07-14 14:30:00-04:00,31.344999313354492,31.38990020751953,31.34000015258789,31.350000381469727,4384,0.0,0.0,0.0
2023-07-17 10:30:00-04:00,31.100000381469727,31.100000381469727,31.100000381469727,31.100000381469727,0,0.0,0.0,0.0
2023-07-17 11:30:00-04:00,31.10919952392578,31.139999389648438,31.10919952392578,31.1299991607666,2437,0.0,0.0,0.0
2023-07-17 12:30:00-04:00,31.219999313354492,31.219999313354492,31.110000610351562,31.1299991607666,14797,0.0,0.0,0.0
2023-07-17 13:30:00-04:00,31.2637996673584,31.278400421142578,31.2637996673584,31.278400421142578,2129,0.0,0.0,0.0
2023-07-17 14:30:00-04:00,31.140100479125977,31.219999313354492,31.140100479125977,31.219999313354492,653,0.0,0.0,0.0
2023-07-17 15:30:00-04:00,31.242799758911133,31.242799758911133,31.18000030517578,31.190000534057617,243,0.0,0.0,0.0
2023-07-18 09:30:00-04:00,31.420000076293945,31.420000076293945,31.405000686645508,31.405000686645508,0,0.0,0.0,0.0
2023-07-18 10:30:00-04:00,31.389999389648438,31.510000228881836,31.389999389648438,31.510000228881836,526,0.0,0.0,0.0
2023-07-18 11:30:00-04:00,31.540000915527344,31.540000915527344,31.47010040283203,31.47010040283203,604,0.0,0.0,0.0
2023-07-18 12:30:00-04:00,31.46150016784668,31.540000915527344,31.46150016784668,31.540000915527344,3693,0.0,0.0,0.0
2023-07-18 13:30:00-04:00,31.459999084472656,31.516000747680664,31.440000534057617,31.460100173950195,59907,0.0,0.0,0.0
2023-07-18 14:30:00-04:00,31.533000946044922,31.600000381469727,31.533000946044922,31.600000381469727,3778,0.0,0.0,0.0
2023-07-18 15:30:00-04:00,31.497299194335938,31.600000381469727,31.497299194335938,31.59000015258789,807,0.0,0.0,0.0
2023-07-19 09:30:00-04:00,31.790000915527344,31.81999969482422,31.7450008392334,31.770000457763672,0,0.0,0.0,0.0
2023-07-19 10:30:00-04:00,31.639999389648438,31.739999771118164,31.600099563598633,31.739999771118164,1411,0.0,0.0,0.0
2023-07-19 11:30:00-04:00,31.704999923706055,31.704999923706055,31.590900421142578,31.590900421142578,592,0.0,0.0,0.0
2023-07-19 12:30:00-04:00,31.656200408935547,31.65999984741211,31.560100555419922,31.65999984741211,1353,0.0,0.0,0.0
2023-07-19 13:30:00-04:00,31.690000534057617,31.690000534057617,31.621400833129883,31.621400833129883,752,0.0,0.0,0.0
2023-07-19 14:30:00-04:00,31.634300231933594,31.75,31.634300231933594,31.66230010986328,1051,0.0,0.0,0.0
2023-07-19 15:30:00-04:00,31.770000457763672,31.770000457763672,31.729999542236328,31.729999542236328,236,0.0,0.0,0.0
2023-07-20 09:30:00-04:00,31.540000915527344,31.549999237060547,31.41550064086914,31.520000457763672,2760,0.0,0.0,0.0
2023-07-20 10:30:00-04:00,31.420000076293945,31.420000076293945,31.420000076293945,31.420000076293945,100,0.0,0.0,0.0
2023-07-20 11:30:00-04:00,31.450000762939453,31.450000762939453,31.450000762939453,31.450000762939453,593,0.0,0.0,0.0
2023-07-20 13:30:00-04:00,31.350000381469727,31.360000610351562,31.350000381469727,31.360000610351562,281,0.0,0.0,0.0
2023-07-20 14:30:00-04:00,31.303600311279297,31.31999969482422,31.303600311279297,31.31999969482422,586,0.0,0.0,0.0
2023-07-20 15:30:00-04:00,31.278900146484375,31.360000610351562,31.278900146484375,31.360000610351562,557,0.0,0.0,0.0
2023-07-21 09:30:00-04:00,31.5,31.520000457763672,31.489999771118164,31.489999771118164,678,0.0,0.0,0.0
2023-07-21 10:30:00-04:00,31.43000030517578,31.5,31.43000030517578,31.5,646,0.0,0.0,0.0
2023-07-21 11:30:00-04:00,31.43239974975586,31.469999313354492,31.43000030517578,31.43000030517578,1476,0.0,0.0,0.0
2023-07-21 12:30:00-04:00,31.450000762939453,31.489999771118164,31.434999465942383,31.489999771118164,2085,0.0,0.0,0.0
2023-07-21 13:30:00-04:00,31.520000457763672,31.520000457763672,31.520000457763672,31.520000457763672,255,0.0,0.0,0.0
2023-07-21 14:30:00-04:00,31.510000228881836,31.510000228881836,31.40730094909668,31.40730094909668,303,0.0,0.0,0.0
2023-07-21 15:30:00-04:00,31.454999923706055,31.519899368286133,31.399999618530273,31.469999313354492,1285,0.0,0.0,0.0
2023-07-24 09:30:00-04:00,31.520000457763672,31.549999237060547,31.479999542236328,31.479999542236328,0,0.0,0.0,0.0
2023-07-24 10:30:00-04:00,31.399999618530273,31.540000915527344,31.399999618530273,31.479999542236328,3545,0.0,0.0,0.0
2023-07-24 11:30:00-04:00,31.520000457763672,31.559900283813477,31.520000457763672,31.559900283813477,1195,0.0,0.0,0.0
2023-07-24 12:30:00-04:00,31.54789924621582,31.549999237060547,31.440000534057617,31.440000534057617,2769,0.0,0.0,0.0
2023-07-24 13:30:00-04:00,31.5,31.540000915527344,31.5,31.540000915527344,1768,0.0,0.0,0.0
2023-07-24 14:30:00-04:00,31.522499084472656,31.530000686645508,31.5,31.530000686645508,1615,0.0,0.0,0.0
2023-07-24 15:30:00-04:00,31.530000686645508,31.530000686645508,31.514999389648438,31.514999389648438,0,0.0,0.0,0.0
2023-07-25 09:30:00-04:00,31.604999542236328,31.75,31.604999542236328,31.75,664,0.0,0.0,0.0
2023-07-25 10:30:00-04:00,31.667299270629883,31.76259994506836,31.667299270629883,31.76259994506836,857,0.0,0.0,0.0
2023-07-25 11:30:00-04:00,31.65999984741211,31.770000457763672,31.65999984741211,31.719999313354492,867,0.0,0.0,0.0
2023-07-25 12:30:00-04:00,31.67340087890625,31.67340087890625,31.67340087890625,31.67340087890625,901,0.0,0.0,0.0
2023-07-25 14:30:00-04:00,31.719999313354492,31.780000686645508,31.695899963378906,31.695899963378906,2937,0.0,0.0,0.0
2023-07-25 15:30:00-04:00,31.780000686645508,31.780000686645508,31.65999984741211,31.719999313354492,762,0.0,0.0,0.0
2023-07-26 09:30:00-04:00,31.559999465942383,31.559999465942383,31.559999465942383,31.559999465942383,0,0.0,0.0,0.0
2023-07-26 10:30:00-04:00,31.530000686645508,31.530000686645508,31.530000686645508,31.530000686645508,3788,0.0,0.0,0.0
2023-07-26 11:30:00-04:00,31.53580093383789,31.600000381469727,31.53580093383789,31.600000381469727,926,0.0,0.0,0.0
2023-07-26 12:30:00-04:00,31.625,31.625,31.592500686645508,31.592500686645508,575,0.0,0.0,0.0
2023-07-26 13:30:00-04:00,31.549999237060547,31.70170021057129,31.540000915527344,31.699100494384766,3206,0.0,0.0,0.0
2023-07-26 14:30:00-04:00,31.700000762939453,31.707000732421875,31.654800415039062,31.654800415039062,4136,0.0,0.0,0.0
2023-07-26 15:30:00-04:00,31.56999969482422,31.760000228881836,31.56999969482422,31.760000228881836,0,0.0,0.0,0.0
2023-07-27 09:30:00-04:00,31.739999771118164,31.739999771118164,31.739999771118164,31.739999771118164,1001,0.0,0.0,0.0
2023-07-27 11:30:00-04:00,31.549999237060547,31.600000381469727,31.549999237060547,31.600000381469727,5177,0.0,0.0,0.0
2023-07-27 12:30:00-04:00,31.56999969482422,31.670000076293945,31.56999969482422,31.56999969482422,22226,0.0,0.0,0.0
2023-07-27 13:30:00-04:00,31.530000686645508,31.530000686645508,31.530000686645508,31.530000686645508,1017,0.0,0.0,0.0
2023-07-27 14:30:00-04:00,31.420000076293945,31.44499969482422,31.271400451660156,31.350099563598633,14911,0.0,0.0,0.0
2023-07-27 15:30:00-04:00,31.3799991607666,31.399999618530273,31.3799991607666,31.399999618530273,950,0.0,0.0,0.0
2023-07-28 09:30:00-04:00,31.700000762939453,31.729999542236328,31.670000076293945,31.729999542236328,0,0.0,0.0,0.0
2023-07-28 10:30:00-04:00,31.811100006103516,31.811100006103516,31.788400650024414,31.788400650024414,505,0.0,0.0,0.0
2023-07-28 11:30:00-04:00,31.747800827026367,31.75,31.747800827026367,31.75,5364,0.0,0.0,0.0
2023-07-28 12:30:00-04:00,31.780000686645508,31.780000686645508,31.694599151611328,31.694599151611328,674,0.0,0.0,0.0
2023-07-28 13:30:00-04:00,31.719999313354492,31.719999313354492,31.649999618530273,31.649999618530273,0,0.0,0.0,0.0
2023-07-28 14:30:00-04:00,31.649999618530273,31.649999618530273,31.649999618530273,31.649999618530273,246612,0.0,0.0,0.0
2023-07-28 15:30:00-04:00,31.697999954223633,31.739999771118164,31.697999954223633,31.739999771118164,876,0.0,0.0,0.0
2023-07-31 09:30:00-04:00,31.8700008392334,31.8700008392334,31.844999313354492,31.844999313354492,0,0.0,0.0,0.0
2023-07-31 10:30:00-04:00,31.8799991607666,31.93000030517578,31.739999771118164,31.914600372314453,1865,0.0,0.0,0.0
2023-07-31 11:30:00-04:00,31.80500030517578,31.81999969482422,31.760000228881836,31.81999969482422,24125,0.0,0.0,0.0
2023-07-31 12:30:00-04:00,31.795000076293945,31.86989974975586,31.779399871826172,31.826000213623047,1135,0.0,0.0,0.0
2023-07-31 13:30:00-04:00,31.719600677490234,31.86989974975586,31.719600677490234,31.790000915527344,10173,0.0,0.0,0.0
2023-07-31 14:30:00-04:00,31.739500045776367,31.809999465942383,31.710100173950195,31.809999465942383,9502,0.0,0.0,0.0
2023-08-01 09:30:00-04:00,31.479999542236328,31.51180076599121,31.452999114990234,31.51180076599121,1421,0.0,0.0,0.0
2023-08-01 10:30:00-04:00,31.430099487304688,31.510000228881836,31.3799991607666,31.3799991607666,2977,0.0,0.0,0.0
2023-08-01 11:30:00-04:00,31.3700008392334,31.395000457763672,31.31999969482422,31.341800689697266,7938,0.0,0.0,0.0
2023-08-01 12:30:00-04:00,31.350000381469727,31.429899215698242,31.31999969482422,31.333099365234375,3919,0.0,0.0,0.0
2023-08-01 13:30:00-04:00,31.329999923706055,31.389999389648438,31.329999923706055,31.389999389648438,465,0.0,0.0,0.0
2023-08-01 14:30:00-04:00,31.43000030517578,31.43000030517578,31.399999618530273,31.43000030517578,4166,0.0,0.0,0.0
2023-08-01 15:30:00-04:00,31.479999542236328,31.4950008392334,31.479999542236328,31.4950008392334,1092,0.0,0.0,0.0
2023-08-02 09:30:00-04:00,31.09000015258789,31.09000015258789,30.8700008392334,30.8700008392334,0,0.0,0.0,0.0
2023-08-02 10:30:00-04:00,30.851200103759766,30.972299575805664,30.79010009765625,30.834999084472656,5897,0.0,0.0,0.0
2023-08-02 11:30:00-04:00,30.836299896240234,30.90169906616211,30.799999237060547,30.860000610351562,10467,0.0,0.0,0.0
2023-08-02 12:30:00-04:00,30.8435001373291,30.90999984741211,30.80030059814453,30.840099334716797,6461,0.0,0.0,0.0
2023-08-02 13:30:00-04:00,30.888999938964844,30.899999618530273,30.84000015258789,30.889999389648438,1738,0.0,0.0,0.0
2023-08-02 14:30:00-04:00,30.8799991607666,30.888999938964844,30.834999084472656,30.834999084472656,4072,0.0,0.0,0.0
2023-08-02 15:30:00-04:00,30.850000381469727,30.850000381469727,30.829999923706055,30.850000381469727,145,0.0,0.0,0.0
2023-08-03 09:30:00-04:00,30.760000228881836,30.760000228881836,30.69499969482422,30.69499969482422,0,0.0,0.0,0.0
2023-08-03 10:30:00-04:00,30.746999740600586,30.75,30.746999740600586,30.75,1118,0.0,0.0,0.0
2023-08-03 11:30:00-04:00,30.889999389648438,30.889999389648438,30.889999389648438,30.889999389648438,212,0.0,0.0,0.0
2023-08-03 12:30:00-04:00,30.842199325561523,30.89389991760254,30.842199325561523,30.89389991760254,1004,0.0,0.0,0.0
2023-08-03 13:30:00-04:00,30.899999618530273,30.899999618530273,30.807199478149414,30.825000762939453,1601,0.0,0.0,0.0
2023-08-03 14:30:00-04:00,30.78179931640625,30.790000915527344,30.770000457763672,30.790000915527344,793,0.0,0.0,0.0
2023-08-03 15:30:00-04:00,30.809999465942383,30.939899444580078,30.799999237060547,30.799999237060547,436,0.0,0.0,0.0
2023-08-04 09:30:00-04:00,31.020000457763672,31.023000717163086,30.93000030517578,31.023000717163086,0,0.0,0.0,0.0
2023-08-04 10:30:00-04:00,31.09000015258789,31.129499435424805,31.09000015258789,31.129499435424805,421,0.0,0.0,0.0
2023-08-04 12:30:00-04:00,31.165000915527344,31.170000076293945,31.08139991760254,31.170000076293945,1246,0.0,0.0,0.0
2023-08-04 13:30:00-04:00,30.989999771118164,30.989999771118164,30.989999771118164,30.989999771118164,217,0.0,0.0,0.0
2023-08-04 14:30:00-04:00,30.942899703979492,30.950000762939453,30.905000686645508,30.93000030517578,2268,0.0,0.0,0.0
2023-08-07 09:30:00-04:00,30.851499557495117,30.889999389648438,30.829999923706055,30.84000015258789,3630,0.0,0.0,0.0
2023-08-07 10:30:00-04:00,30.950000762939453,30.950000762939453,30.950000762939453,30.950000762939453,1210,0.0,0.0,0.0
2023-08-07 11:30:00-04:00,30.835399627685547,30.882400512695312,30.835399627685547,30.882400512695312,3648,0.0,0.0,0.0
2023-08-07 12:30:00-04:00,30.979999542236328,30.979999542236328,30.979999542236328,30.979999542236328,370,0.0,0.0,0.0
2023-08-07 13:30:00-04:00,30.950000762939453,31.0,30.950000762939453,31.0,400,0.0,0.0,0.0
2023-08-07 14:30:00-04:00,30.950000762939453,30.959999084472656,30.950000762939453,30.959999084472656,661,0.0,0.0,0.0
2023-08-07 15:30:00-04:00,30.999900817871094,31.0,30.950000762939453,30.950000762939453,435,0.0,0.0,0.0
2023-08-08 09:30:00-04:00,30.739999771118164,30.739999771118164,30.590099334716797,30.590099334716797,0,0.0,0.0,0.0
2023-08-08 10:30:00-04:00,30.6299991607666,30.6299991607666,30.600000381469727,30.600000381469727,401,0.0,0.0,0.0
2023-08-08 11:30:00-04:00,30.725000381469727,30.77899932861328,30.725000381469727,30.75160026550293,824,0.0,0.0,0.0
2023-08-08 12:30:00-04:00,30.7450008392334,30.7450008392334,30.7450008392334,30.7450008392334,542,0.0,0.0,0.0
2023-08-08 13:30:00-04:00,30.799999237060547,30.799999237060547,30.777999877929688,30.799999237060547,670,0.0,0.0,0.0
2023-08-08 14:30:00-04:00,30.832700729370117,30.832700729370117,30.832700729370117,30.832700729370117,274,0.0,0.0,0.0
2023-08-08 15:30:00-04:00,30.999900817871094,30.999900817871094,30.860000610351562,30.860000610351562,1250,0.0,0.0,0.0
2023-08-09 09:30:00-04:00,31.079999923706055,31.079999923706055,31.079999923706055,31.079999923706055,0,0.0,0.0,0.0
2023-08-09 10:30:00-04:00,31.060800552368164,31.060800552368164,31.060800552368164,31.060800552368164,211,0.0,0.0,0.0
2023-08-09 11:30:00-04:00,30.959999084472656,30.959999084472656,30.959999084472656,30.959999084472656,400,0.0,0.0,0.0
2023-08-09 12:30:00-04:00,31.07990074157715,31.07990074157715,31.049999237060547,31.049999237060547,7737,0.0,0.0,0.0
2023-08-09 13:30:00-04:00,31.105100631713867,31.31999969482422,31.079999923706055,31.155000686645508,8231,0.0,0.0,0.0
2023-08-09 14:30:00-04:00,31.139999389648438,31.145000457763672,31.049999237060547,31.059499740600586,6156,0.0,0.0,0.0
2023-08-10 09:30:00-04:00,31.309999465942383,31.450000762939453,31.309999465942383,31.43000030517578,0,0.0,0.0,0.0
2023-08-10 10:30:00-04:00,31.350000381469727,31.350000381469727,31.350000381469727,31.350000381469727,297,0.0,0.0,0.0
2023-08-10 11:30:00-04:00,31.399999618530273,31.399999618530273,31.33009910583496,31.33009910583496,4010,0.0,0.0,0.0
2023-08-10 12:30:00-04:00,31.280000686645508,31.280000686645508,31.280000686645508,31.280000686645508,452,0.0,0.0,0.0
2023-08-10 13:30:00-04:00,31.125,31.125,31.125,31.125,417,0.0,0.0,0.0
2023-08-10 14:30:00-04:00,31.190000534057617,31.190000534057617,31.190000534057617,31.190000534057617,8220,0.0,0.0,0.0
2023-08-10 15:30:00-04:00,31.17639923095703,31.17639923095703,31.079999923706055,31.079999923706055,0,0.0,0.0,0.0
2023-08-11 09:30:00-04:00,30.90999984741211,30.920000076293945,30.815000534057617,30.920000076293945,1639,0.0,0.0,0.0
2023-08-11 11:30:00-04:00,30.878000259399414,30.878000259399414,30.878000259399414,30.878000259399414,1999,0.0,0.0,0.0
2023-08-11 13:30:00-04:00,30.8882999420166,30.8882999420166,30.8882999420166,30.8882999420166,776,0.0,0.0,0.0
2023-08-11 15:30:00-04:00,30.79400062561035,30.8799991607666,30.780000686645508,30.8799991607666,3086,0.0,0.0,0.0
2023-08-14 09:30:00-04:00,30.649999618530273,30.649999618530273,30.559999465942383,30.595500946044922,0,0.0,0.0,0.0
2023-08-14 10:30:00-04:00,30.688600540161133,30.791000366210938,30.688600540161133,30.791000366210938,1064,0.0,0.0,0.0
2023-08-14 11:30:00-04:00,30.81920051574707,30.81920051574707,30.78499984741211,30.78499984741211,441,0.0,0.0,0.0
2023-08-14 13:30:00-04:00,30.754199981689453,30.754199981689453,30.754199981689453,30.754199981689453,291,0.0,0.0,0.0
2023-08-14 14:30:00-04:00,30.755800247192383,30.809999465942383,30.755800247192383,30.809999465942383,0,0.0,0.0,0.0
2023-08-15 09:30:00-04:00,30.575000762939453,30.575000762939453,30.524999618530273,30.524999618530273,815,0.0,0.0,0.0
2023-08-15 11:30:00-04:00,30.524999618530273,30.524999618530273,30.450000762939453,30.450000762939453,1503,0.0,0.0,0.0
2023-08-15 12:30:00-04:00,30.5,30.5,30.5,30.5,744,0.0,0.0,0.0
2023-08-15 13:30:00-04:00,30.499900817871094,30.56999969482422,30.43440055847168,30.43440055847168,6195,0.0,0.0,0.0
2023-08-15 14:30:00-04:00,30.450000762939453,30.5,30.450000762939453,30.5,0,0.0,0.0,0.0
2023-08-16 09:30:00-04:00,30.3799991607666,30.405000686645508,30.31999969482422,30.336700439453125,5875,0.0,0.0,0.0
2023-08-16 11:30:00-04:00,30.329999923706055,30.43000030517578,30.329999923706055,30.43000030517578,1542,0.0,0.0,0.0
2023-08-16 12:30:00-04:00,30.272899627685547,30.272899627685547,30.245500564575195,30.245500564575195,786,0.0,0.0,0.0
2023-08-16 13:30:00-04:00,30.239999771118164,30.290000915527344,30.18400001525879,30.28499984741211,3328,0.0,0.0,0.0
2023-08-16 14:30:00-04:00,30.166900634765625,30.166900634765625,30.1200008392334,30.1200008392334,0,0.0,0.0,0.0
2023-08-17 09:30:00-04:00,30.210500717163086,30.210500717163086,30.114999771118164,30.114999771118164,1326,0.0,0.0,0.0
2023-08-17 12:30:00-04:00,30.0049991607666,30.0049991607666,30.0049991607666,30.0049991607666,202,0.0,0.0,0.0
2023-08-17 13:30:00-04:00,29.92639923095703,29.92639923095703,29.92639923095703,29.92639923095703,165,0.0,0.0,0.0
2023-08-17 14:30:00-04:00,29.93000030517578,29.93000030517578,29.915000915527344,29.93000030517578,406,0.0,0.0,0.0
2023-08-18 09:30:00-04:00,29.68000030517578,29.68000030517578,29.614999771118164,29.670000076293945,0,0.0,0.0,0.0
2023-08-18 10:30:00-04:00,29.639999389648438,29.809999465942383,29.639999389648438,29.809999465942383,1694,0.0,0.0,0.0
2023-08-18 11:30:00-04:00,29.81060028076172,29.81060028076172,29.81060028076172,29.81060028076172,1180,0.0,0.0,0.0
2023-08-18 12:30:00-04:00,29.868200302124023,29.868200302124023,29.750099182128906,29.750099182128906,1124,0.0,0.0,0.0
2023-08-18 13:30:00-04:00,29.834999084472656,29.834999084472656,29.750099182128906,29.799999237060547,342982,0.0,0.0,0.0
2023-08-18 14:30:00-04:00,29.84000015258789,29.850000381469727,29.825000762939453,29.825000762939453,3145,0.0,0.0,0.0
2023-08-18 15:30:00-04:00,29.825000762939453,29.860000610351562,29.825000762939453,29.860000610351562,3921,0.0,0.0,0.0
2023-08-21 09:30:00-04:00,30.010000228881836,30.010000228881836,30.010000228881836,30.010000228881836,0,0.0,0.0,0.0
2023-08-21 11:30:00-04:00,29.889999389648438,29.889999389648438,29.829999923706055,29.829999923706055,1080,0.0,0.0,0.0
2023-08-21 13:30:00-04:00,29.965599060058594,29.965599060058594,29.965599060058594,29.965599060058594,350,0.0,0.0,0.0
2023-08-21 14:30:00-04:00,29.98780059814453,30.03059959411621,29.98780059814453,30.03059959411621,1094,0.0,0.0,0.0
2023-08-21 15:30:00-04:00,30.049999237060547,30.07990074157715,30.049999237060547,30.049999237060547,170,0.0,0.0,0.0
2023-08-22 09:30:00-04:00,30.190000534057617,30.190000534057617,30.190000534057617,30.190000534057617,0,0.0,0.0,0.0
2023-08-22 10:30:00-04:00,30.021400451660156,30.024999618530273,30.021400451660156,30.024999618530273,0,0.0,0.0,0.0
2023-08-22 11:30:00-04:00,29.969999313354492,29.989999771118164,29.969999313354492,29.969999313354492,1596,0.0,0.0,0.0
2023-08-22 12:30:00-04:00,30.024999618530273,30.024999618530273,30.024999618530273,30.024999618530273,236,0.0,0.0,0.0
2023-08-22 13:30:00-04:00,29.979999542236328,29.979999542236328,29.979999542236328,29.979999542236328,100,0.0,0.0,0.0
2023-08-22 14:30:00-04:00,29.989999771118164,30.056499481201172,29.979999542236328,29.989999771118164,6525,0.0,0.0,0.0
2023-08-22 15:30:00-04:00,29.969999313354492,30.024999618530273,29.969999313354492,30.024999618530273,0,0.0,0.0,0.0
2023-08-23 09:30:00-04:00,29.93000030517578,29.969999313354492,29.90999984741211,29.969999313354492,1930,0.0,0.0,0.0
2023-08-23 10:30:00-04:00,30.01849937438965,30.037399291992188,30.01849937438965,30.037399291992188,1301,0.0,0.0,0.0
2023-08-23 13:30:00-04:00,30.10700035095215,30.135000228881836,30.10700035095215,30.135000228881836,7279,0.0,0.0,0.0
2023-08-23 15:30:00-04:00,30.110000610351562,30.110000610351562,30.110000610351562,30.110000610351562,0,0.0,0.0,0.0
2023-08-24 09:30:00-04:00,30.139999389648438,30.139999389648438,30.139999389648438,30.139999389648438,360,0.0,0.0,0.0
2023-08-24 11:30:00-04:00,29.8799991607666,29.8799991607666,29.8700008392334,29.8700008392334,421,0.0,0.0,0.0
2023-08-24 12:30:00-04:00,29.8799991607666,29.8799991607666,29.8799991607666,29.8799991607666,151,0.0,0.0,0.0
2023-08-24 13:30:00-04:00,29.84040069580078,29.84040069580078,29.84040069580078,29.84040069580078,462,0.0,0.0,0.0
2023-08-24 14:30:00-04:00,29.829999923706055,29.829999923706055,29.829999923706055,29.829999923706055,346,0.0,0.0,0.0
2023-08-24 15:30:00-04:00,29.82990074157715,29.82990074157715,29.770000457763672,29.770000457763672,0,0.0,0.0,0.0
2023-08-25 09:30:00-04:00,30.0,30.040000915527344,29.9768009185791,30.040000915527344,984,0.0,0.0,0.0
2023-08-25 10:30:00-04:00,29.799999237060547,29.799999237060547,29.799999237060547,29.799999237060547,0,0.0,0.0,0.0
2023-08-25 11:30:00-04:00,29.78499984741211,29.866500854492188,29.78499984741211,29.860000610351562,19320,0.0,0.0,0.0
2023-08-25 13:30:00-04:00,29.8799991607666,29.899999618530273,29.8799991607666,29.8799991607666,2432,0.0,0.0,0.0
2023-08-25 14:30:00-04:00,29.983999252319336,30.036300659179688,29.983999252319336,30.032899856567383,4374,0.0,0.0,0.0
2023-08-25 15:30:00-04:00,30.030799865722656,30.030799865722656,30.018299102783203,30.018299102783203,664,0.0,0.0,0.0
2023-08-28 09:30:00-04:00,30.229999542236328,30.330699920654297,30.229999542236328,30.330699920654297,0,0.0,0.0,0.0
2023-08-28 10:30:00-04:00,30.222700119018555,30.222700119018555,30.222700119018555,30.222700119018555,3276,0.0,0.0,0.0
2023-08-28 12:30:00-04:00,30.30769920349121,30.334999084472656,30.30769920349121,30.334999084472656,846,0.0,0.0,0.0
2023-08-28 13:30:00-04:00,30.326000213623047,30.326000213623047,30.299999237060547,30.299999237060547,4335,0.0,0.0,0.0
2023-08-28 14:30:00-04:00,30.290000915527344,30.324100494384766,30.257699966430664,30.324100494384766,1960,0.0,0.0,0.0
2023-08-29 09:30:00-04:00,30.18000030517578,30.450000762939453,30.18000030517578,30.450000762939453,0,0.0,0.0,0.0
2023-08-29 10:30:00-04:00,30.40999984741211,30.40999984741211,30.40999984741211,30.40999984741211,147,0.0,0.0,0.0
2023-08-29 11:30:00-04:00,30.502899169921875,30.55500030517578,30.502899169921875,30.549999237060547,5362,0.0,0.0,0.0
2023-08-29 12:30:00-04:00,30.549999237060547,30.610000610351562,30.530099868774414,30.610000610351562,7940,0.0,0.0,0.0
2023-08-29 14:30:00-04:00,30.673999786376953,30.7101993560791,30.59119987487793,30.670000076293945,0,0.0,0.0,0.0
2023-08-30 09:30:00-04:00,30.703699111938477,30.752199172973633,30.674999237060547,30.752199172973633,7289,0.0,0.0,0.0
2023-08-30 10:30:00-04:00,30.549999237060547,30.549999237060547,30.549999237060547,30.549999237060547,213,0.0,0.0,0.0
2023-08-30 11:30:00-04:00,30.635299682617188,30.635299682617188,30.635299682617188,30.635299682617188,171,0.0,0.0,0.0
2023-08-30 12:30:00-04:00,30.68560028076172,30.68560028076172,30.68560028076172,30.68560028076172,548,0.0,0.0,0.0
2023-08-30 14:30:00-04:00,30.6200008392334,30.6200008392334,30.540000915527344,30.540000915527344,414,0.0,0.0,0.0
2023-08-30 15:30:00-04:00,30.530000686645508,30.59000015258789,30.530000686645508,30.59000015258789,566,0.0,0.0,0.0
2023-08-31 09:30:00-04:00,30.649999618530273,30.665000915527344,30.579999923706055,30.665000915527344,0,0.0,0.0,0.0
2023-08-31 10:30:00-04:00,30.554000854492188,30.582000732421875,30.420000076293945,30.469999313354492,20016,0.0,0.0,0.0
2023-08-31 11:30:00-04:00,30.360000610351562,30.360000610351562,30.360000610351562,30.360000610351562,244,0.0,0.0,0.0
2023-08-31 12:30:00-04:00,30.325000762939453,30.389999389648438,30.325000762939453,30.389999389648438,608,0.0,0.0,0.0
2023-08-31 13:30:00-04:00,30.420000076293945,30.440000534057617,30.350000381469727,30.440000534057617,1916,0.0,0.0,0.0
2023-08-31 15:30:00-04:00,30.44379997253418,30.44379997253418,30.440000534057617,30.440000534057617,389,0.0,0.0,0.0
2023-09-01 09:30:00-04:00,30.56999969482422,30.56999969482422,30.350000381469727,30.350000381469727,0,0.0,0.0,0.0
2023-09-01 10:30:00-04:00,30.329999923706055,30.329999923706055,30.329999923706055,30.329999923706055,5260,0.0,0.0,0.0
2023-09-01 11:30:00-04:00,30.229299545288086,30.252399444580078,30.172100067138672,30.172100067138672,497,0.0,0.0,0.0
2023-09-01 14:30:00-04:00,30.239999771118164,30.298999786376953,30.209999084472656,30.239999771118164,3788,0.0,0.0,0.0
2023-09-01 15:30:00-04:00,30.239999771118164,30.28499984741211,30.229999542236328,30.270000457763672,5576,0.0,0.0,0.0
2023-09-05 09:30:00-04:00,30.260000228881836,30.260000228881836,30.094999313354492,30.100000381469727,0,0.0,0.0,0.0
2023-09-05 10:30:00-04:00,30.094999313354492,30.14579963684082,30.094999313354492,30.114500045776367,969,0.0,0.0,0.0
2023-09-05 11:30:00-04:00,30.114999771118164,30.114999771118164,30.06999969482422,30.06999969482422,628,0.0,0.0,0.0
2023-09-05 13:30:00-04:00,30.185100555419922,30.185100555419922,30.10059928894043,30.10059928894043,1468,0.0,0.0,0.0
2023-09-05 14:30:00-04:00,30.112300872802734,30.112300872802734,30.112300872802734,30.112300872802734,148,0.0,0.0,0.0
2023-09-05 15:30:00-04:00,30.1200008392334,30.1200008392334,30.049999237060547,30.049999237060547,216,0.0,0.0,0.0
2023-09-06 09:30:00-04:00,30.06999969482422,30.06999969482422,29.989999771118164,29.989999771118164,0,0.0,0.0,0.0
2023-09-06 11:30:00-04:00,29.938400268554688,29.938400268554688,29.938400268554688,29.938400268554688,273,0.0,0.0,0.0
2023-09-06 13:30:00-04:00,29.8700008392334,29.8700008392334,29.8700008392334,29.8700008392334,171,0.0,0.0,0.0
2023-09-06 14:30:00-04:00,29.93000030517578,30.010000228881836,29.93000030517578,29.93000030517578,460,0.0,0.0,0.0
2023-09-06 15:30:00-04:00,29.950000762939453,29.950000762939453,29.94499969482422,29.94499969482422,0,0.0,0.0,0.0
2023-09-07 09:30:00-04:00,29.739999771118164,29.739999771118164,29.670000076293945,29.670000076293945,616,0.0,0.0,0.0
2023-09-07 11:30:00-04:00,29.760000228881836,29.770000457763672,29.704999923706055,29.770000457763672,1729,0.0,0.0,0.0
2023-09-07 12:30:00-04:00,29.707700729370117,29.707700729370117,29.707700729370117,29.707700729370117,676,0.0,0.0,0.0
2023-09-07 13:30:00-04:00,29.7450008392334,29.7992000579834,29.7450008392334,29.790000915527344,22901,0.0,0.0,0.0
2023-09-07 14:30:00-04:00,29.739999771118164,29.739999771118164,29.698699951171875,29.698699951171875,1666,0.0,0.0,0.0
2023-09-07 15:30:00-04:00,29.739999771118164,29.799999237060547,29.729999542236328,29.729999542236328,0,0.0,0.0,0.0
2023-09-08 09:30:00-04:00,29.802499771118164,29.850000381469727,29.799999237060547,29.850000381469727,873,0.0,0.0,0.0
2023-09-08 10:30:00-04:00,29.75200080871582,29.75200080871582,29.72760009765625,29.72760009765625,583,0.0,0.0,0.0
2023-09-08 12:30:00-04:00,29.719999313354492,29.719999313354492,29.719999313354492,29.719999313354492,548,0.0,0.0,0.0
2023-09-08 13:30:00-04:00,29.719999313354492,29.780000686645508,29.719999313354492,29.75,7179,0.0,0.0,0.0
2023-09-08 14:30:00-04:00,29.690200805664062,29.690200805664062,29.690200805664062,29.690200805664062,148,0.0,0.0,0.0
2023-09-08 15:30:00-04:00,29.729999542236328,29.729999542236328,29.729999542236328,29.729999542236328,123,0.0,0.0,0.0
2023-09-11 09:30:00-04:00,29.8799991607666,29.8799991607666,29.8700008392334,29.8700008392334,0,0.0,0.0,0.0
2023-09-11 10:30:00-04:00,29.875,29.889999389648438,29.875,29.889999389648438,865,0.0,0.0,0.0
2023-09-11 11:30:00-04:00,29.916500091552734,29.916500091552734,29.8700008392334,29.8700008392334,1170,0.0,0.0,0.0
2023-09-11 15:30:00-04:00,29.905000686645508,29.920000076293945,29.905000686645508,29.920000076293945,243,0.0,0.0,0.0
2023-09-12 09:30:00-04:00,29.68000030517578,29.719999313354492,29.68000030517578,29.719999313354492,0,0.0,0.0,0.0
2023-09-12 10:30:00-04:00,29.65999984741211,29.65999984741211,29.65999984741211,29.65999984741211,1336,0.0,0.0,0.0
2023-09-12 11:30:00-04:00,29.704999923706055,29.704999923706055,29.704999923706055,29.704999923706055,213,0.0,0.0,0.0
2023-09-12 14:30:00-04:00,29.742799758911133,29.742799758911133,29.68120002746582,29.739999771118164,963,0.0,0.0,0.0
2023-09-12 15:30:00-04:00,29.70400047302246,29.73259925842285,29.6200008392334,29.6200008392334,222,0.0,0.0,0.0
2023-09-13 09:30:00-04:00,29.530000686645508,29.579999923706055,29.530000686645508,29.579999923706055,0,0.0,0.0,0.0
2023-09-13 10:30:00-04:00,29.549999237060547,29.549999237060547,29.549999237060547,29.549999237060547,1453,0.0,0.0,0.0
2023-09-13 11:30:00-04:00,29.548099517822266,29.556900024414062,29.548099517822266,29.556900024414062,691,0.0,0.0,0.0
2023-09-13 12:30:00-04:00,29.510000228881836,29.510000228881836,29.510000228881836,29.510000228881836,2067,0.0,0.0,0.0
2023-09-13 13:30:00-04:00,29.545000076293945,29.545000076293945,29.510000228881836,29.510000228881836,1016,0.0,0.0,0.0
2023-09-13 14:30:00-04:00,29.452199935913086,29.452199935913086,29.452199935913086,29.452199935913086,160,0.0,0.0,0.0
2023-09-13 15:30:00-04:00,29.469999313354492,29.510000228881836,29.46500015258789,29.510000228881836,0,0.0,0.0,0.0
2023-09-14 10:30:00-04:00,29.739999771118164,29.90530014038086,29.739999771118164,29.739999771118164,1640,0.0,0.0,0.0
2023-09-14 12:30:00-04:00,29.93000030517578,29.93000030517578,29.920000076293945,29.920000076293945,225,0.0,0.0,0.0
2023-09-14 13:30:00-04:00,29.829999923706055,29.829999923706055,29.829999923706055,29.829999923706055,467,0.0,0.0,0.0
2023-09-14 14:30:00-04:00,29.792999267578125,29.84000015258789,29.792999267578125,29.84000015258789,521,0.0,0.0,0.0
2023-09-15 09:30:00-04:00,29.8700008392334,29.895000457763672,29.8700008392334,29.895000457763672,0,0.0,0.0,0.0
2023-09-15 13:30:00-04:00,29.809999465942383,29.809999465942383,29.809999465942383,29.809999465942383,2631,0.0,0.0,0.0
2023-09-15 14:30:00-04:00,29.858600616455078,29.858600616455078,29.858600616455078,29.858600616455078,1520,0.0,0.0,0.0
2023-09-18 09:30:00-04:00,29.639999389648438,29.639999389648438,29.610000610351562,29.617700576782227,0,0.0,0.0,0.0
2023-09-18 11:30:00-04:00,29.639999389648438,29.639999389648438,29.639999389648438,29.639999389648438,302,0.0,0.0,0.0
2023-09-18 12:30:00-04:00,29.780000686645508,29.780000686645508,29.64349937438965,29.723499298095703,1956,0.0,0.0,0.0
2023-09-18 13:30:00-04:00,29.674999237060547,29.674999237060547,29.663700103759766,29.663700103759766,1305,0.0,0.0,0.0
2023-09-18 14:30:00-04:00,29.729999542236328,29.729999542236328,29.6299991607666,29.639999389648438,0,0.0,0.0,0.0
2023-09-19 09:30:00-04:00,29.600000381469727,29.600000381469727,29.600000381469727,29.600000381469727,200,0.0,0.0,0.0
2023-09-19 10:30:00-04:00,29.559999465942383,29.559999465942383,29.55500030517578,29.55500030517578,1105,0.0,0.0,0.0
2023-09-19 11:30:00-04:00,29.510000228881836,29.510000228881836,29.510000228881836,29.510000228881836,170,0.0,0.0,0.0
2023-09-19 12:30:00-04:00,29.500999450683594,29.55109977722168,29.489500045776367,29.55109977722168,1216,0.0,0.0,0.0
2023-09-19 14:30:00-04:00,29.54990005493164,29.559999465942383,29.520000457763672,29.52079963684082,11805,0.0,0.0,0.0
2023-09-19 15:30:00-04:00,29.559999465942383,29.559999465942383,29.530000686645508,29.530000686645508,888,0.0,0.0,0.0
2023-09-20 09:30:00-04:00,29.760000228881836,29.799999237060547,29.760000228881836,29.770000457763672,0,0.0,0.0,0.0
2023-09-20 10:30:00-04:00,29.815000534057617,29.815000534057617,29.815000534057617,29.815000534057617,527,0.0,0.0,0.0
2023-09-20 11:30:00-04:00,29.79170036315918,29.899999618530273,29.79170036315918,29.899999618530273,615,0.0,0.0,0.0
2023-09-20 12:30:00-04:00,29.875200271606445,29.875200271606445,29.875200271606445,29.875200271606445,360,0.0,0.0,0.0
2023-09-20 13:30:00-04:00,29.84000015258789,30.594999313354492,29.7450008392334,29.809999465942383,6642,0.0,0.0,0.0
2023-09-20 14:30:00-04:00,29.829999923706055,29.829999923706055,29.649999618530273,29.649999618530273,1786,0.0,0.0,0.0
2023-09-20 15:30:00-04:00,29.610000610351562,29.610000610351562,29.530000686645508,29.579999923706055,0,0.0,0.0,0.0
2023-09-21 09:30:00-04:00,29.3799991607666,29.3799991607666,29.290000915527344,29.3700008392334,2311,0.0,0.0,0.0
2023-09-21 10:30:00-04:00,29.350000381469727,29.350000381469727,29.270000457763672,29.290000915527344,6016,0.0,0.0,0.0
2023-09-21 11:30:00-04:00,29.309999465942383,29.31999969482422,29.260000228881836,29.260000228881836,3454,0.0,0.0,0.0
2023-09-21 12:30:00-04:00,29.209999084472656,29.209999084472656,29.209999084472656,29.209999084472656,372,0.0,0.0,0.0
2023-09-21 14:30:00-04:00,29.25,29.25,29.25,29.25,687,0.0,0.0,0.0
2023-09-21 15:30:00-04:00,29.149999618530273,29.18000030517578,29.110000610351562,29.18000030517578,0,0.0,0.0,0.0
2023-09-22 09:30:00-04:00,29.270000457763672,29.299999237060547,29.242599487304688,29.242599487304688,2009,0.0,0.0,0.0
2023-09-22 10:30:00-04:00,29.309999465942383,29.309999465942383,29.229999542236328,29.27389907836914,1566,0.0,0.0,0.0
2023-09-22 11:30:00-04:00,29.229999542236328,29.229999542236328,29.158700942993164,29.158700942993164,412,0.0,0.0,0.0
2023-09-22 13:30:00-04:00,29.25,29.25,29.1299991607666,29.1299991607666,348,0.0,0.0,0.0
2023-09-22 14:30:00-04:00,29.120100021362305,29.120100021362305,29.120100021362305,29.120100021362305,500,0.0,0.0,0.0
2023-09-25 09:30:00-04:00,28.815000534057617,28.850000381469727,28.815000534057617,28.850000381469727,0,0.0,0.0,0.0
2023-09-25 10:30:00-04:00,28.877199172973633,28.877199172973633,28.877199172973633,28.877199172973633,147,0.0,0.0,0.0
2023-09-25 11:30:00-04:00,28.918500900268555,28.918500900268555,28.918500900268555,28.918500900268555,441,0.0,0.0,0.0
2023-09-25 12:30:00-04:00,28.93000030517578,28.93000030517578,28.928499221801758,28.928499221801758,455,0.0,0.0,0.0
2023-09-25 13:30:00-04:00,28.9060001373291,28.940000534057617,28.88010025024414,28.940000534057617,1443,0.0,0.0,0.0
2023-09-25 15:30:00-04:00,28.8799991607666,28.969999313354492,28.8799991607666,28.969999313354492,423,0.0,0.0,0.0
2023-09-26 09:30:00-04:00,28.690000534057617,28.690000534057617,28.40999984741211,28.690000534057617,0,0.0,0.0,0.0
2023-09-26 10:30:00-04:00,28.607099533081055,28.607099533081055,28.576000213623047,28.576000213623047,903,0.0,0.0,0.0
2023-09-26 11:30:00-04:00,28.575000762939453,28.575000762939453,28.575000762939453,28.575000762939453,210,0.0,0.0,0.0
2023-09-26 12:30:00-04:00,28.537399291992188,28.537399291992188,28.537399291992188,28.537399291992188,297,0.0,0.0,0.0
2023-09-26 13:30:00-04:00,28.55500030517578,28.59000015258789,28.479999542236328,28.530000686645508,8309,0.0,0.0,0.0
2023-09-26 14:30:00-04:00,28.485000610351562,28.520000457763672,28.41010093688965,28.449600219726562,8844,0.0,0.0,0.0
2023-09-26 15:30:00-04:00,28.459999084472656,28.549999237060547,28.459999084472656,28.459999084472656,0,0.0,0.0,0.0
2023-09-27 09:30:00-04:00,28.59000015258789,28.59000015258789,28.510000228881836,28.510000228881836,369,0.0,0.0,0.0
2023-09-27 10:30:00-04:00,28.43000030517578,28.509899139404297,28.350099563598633,28.509899139404297,3175,0.0,0.0,0.0
2023-09-27 11:30:00-04:00,28.389999389648438,28.389999389648438,28.360000610351562,28.360000610351562,279,0.0,0.0,0.0
2023-09-27 12:30:00-04:00,28.31999969482422,28.399999618530273,28.280000686645508,28.34000015258789,3692,0.0,0.0,0.0
2023-09-27 13:30:00-04:00,28.22599983215332,28.22599983215332,28.22599983215332,28.22599983215332,2406,0.0,0.0,0.0
2023-09-27 14:30:00-04:00,28.40999984741211,28.530000686645508,28.40999984741211,28.520000457763672,15586,0.0,0.0,0.0
2023-09-27 15:30:00-04:00,28.475000381469727,28.475000381469727,28.391000747680664,28.43000030517578,756,0.0,0.0,0.0
2023-09-28 09:30:00-04:00,28.510000228881836,28.6299991607666,28.510000228881836,28.600000381469727,5405,0.0,0.0,0.0
2023-09-28 12:30:00-04:00,28.739999771118164,28.739999771118164,28.739999771118164,28.739999771118164,2726,0.0,0.0,0.0
2023-09-28 15:30:00-04:00,28.719999313354492,28.780000686645508,28.71980094909668,28.780000686645508,0,0.0,0.0,0.0
2023-09-29 09:30:00-04:00,28.921300888061523,28.921300888061523,28.921300888061523,28.921300888061523,234,0.0,0.0,0.0
2023-09-29 10:30:00-04:00,28.790000915527344,28.790000915527344,28.790000915527344,28.790000915527344,830,0.0,0.0,0.0
2023-09-29 12:30:00-04:00,28.761899948120117,28.761899948120117,28.690099716186523,28.690099716186523,2071,0.0,0.0,0.0
2023-09-29 13:30:00-04:00,28.655000686645508,28.673999786376953,28.655000686645508,28.673999786376953,361,0.0,0.0,0.0
2023-10-02 10:30:00-04:00,28.270000457763672,28.350000381469727,28.260000228881836,28.329999923706055,4022,0.0,0.0,0.0
2023-10-02 11:30:00-04:00,28.354999542236328,28.354999542236328,28.219999313354492,28.299999237060547,7629,0.0,0.0,0.0
2023-10-02 12:30:00-04:00,28.217100143432617,28.299999237060547,28.16010093688965,28.16010093688965,1946,0.0,0.0,0.0
2023-10-02 13:30:00-04:00,28.243999481201172,28.243999481201172,28.243999481201172,28.243999481201172,110,0.0,0.0,0.0
2023-10-02 14:30:00-04:00,28.18000030517578,28.194900512695312,28.139999389648438,28.139999389648438,1768,0.0,0.0,0.0
2023-10-02 15:30:00-04:00,28.25429916381836,28.25429916381836,28.225000381469727,28.225000381469727,135,0.0,0.0,0.0
2023-10-03 09:30:00-04:00,27.950000762939453,28.030000686645508,27.950000762939453,28.020000457763672,2566,0.0,0.0,0.0
2023-10-03 10:30:00-04:00,27.920000076293945,27.920000076293945,27.920000076293945,27.920000076293945,174,0.0,0.0,0.0
2023-10-03 11:30:00-04:00,27.905000686645508,27.940000534057617,27.905000686645508,27.940000534057617,1320,0.0,0.0,0.0
2023-10-03 12:30:00-04:00,27.920000076293945,27.920000076293945,27.90999984741211,27.90999984741211,1772,0.0,0.0,0.0
2023-10-03 13:30:00-04:00,27.925899505615234,27.925899505615234,27.915000915527344,27.915000915527344,1138,0.0,0.0,0.0
2023-10-03 14:30:00-04:00,27.889999389648438,27.90999984741211,27.8799991607666,27.8799991607666,508,0.0,0.0,0.0
2023-10-04 09:30:00-04:00,27.959999084472656,27.979999542236328,27.70009994506836,27.79210090637207,0,0.0,0.0,0.0
2023-10-04 10:30:00-04:00,27.714000701904297,27.80929946899414,27.670000076293945,27.780000686645508,11311,0.0,0.0,0.0
2023-10-04 11:30:00-04:00,27.81999969482422,27.829999923706055,27.81999969482422,27.829999923706055,1755,0.0,0.0,0.0
2023-10-04 13:30:00-04:00,27.84000015258789,27.84000015258789,27.780000686645508,27.780000686645508,662,0.0,0.0,0.0
2023-10-04 14:30:00-04:00,27.81999969482422,27.81999969482422,27.81999969482422,27.81999969482422,200,0.0,0.0,0.0
2023-10-04 15:30:00-04:00,27.899999618530273,27.93000030517578,27.88920021057129,27.88920021057129,0,0.0,0.0,0.0
2023-10-05 09:30:00-04:00,28.040000915527344,28.049999237060547,28.03499984741211,28.049999237060547,1100,0.0,0.0,0.0
2023-10-05 10:30:00-04:00,27.969999313354492,27.979999542236328,27.930099487304688,27.930099487304688,2236,0.0,0.0,0.0
2023-10-05 11:30:00-04:00,27.975000381469727,28.020000457763672,27.975000381469727,28.020000457763672,3426,0.0,0.0,0.0
2023-10-05 12:30:00-04:00,28.020000457763672,28.020000457763672,28.020000457763672,28.020000457763672,123,0.0,0.0,0.0
2023-10-05 13:30:00-04:00,28.049999237060547,28.049999237060547,28.02790069580078,28.02790069580078,3821,0.0,0.0,0.0
2023-10-05 14:30:00-04:00,28.059999465942383,28.09000015258789,28.020000457763672,28.079999923706055,9575,0.0,0.0,0.0
2023-10-05 15:30:00-04:00,28.090099334716797,28.1299991607666,28.059999465942383,28.1299991607666,375,0.0,0.0,0.0
2023-10-06 09:30:00-04:00,28.06999969482422,28.06999969482422,27.90999984741211,27.93000030517578,0,0.0,0.0,0.0
2023-10-06 10:30:00-04:00,28.079999923706055,28.19499969482422,28.0408992767334,28.19499969482422,2685,0.0,0.0,0.0
2023-10-06 11:30:00-04:00,28.479999542236328,28.479999542236328,28.440000534057617,28.440000534057617,271,0.0,0.0,0.0
2023-10-06 12:30:00-04:00,28.40060043334961,28.40060043334961,28.40060043334961,28.40060043334961,117,0.0,0.0,0.0
2023-10-06 13:30:00-04:00,28.469999313354492,28.469999313354492,28.405000686645508,28.43000030517578,1320,0.0,0.0,0.0
2023-10-06 14:30:00-04:00,28.454999923706055,28.5,28.454999923706055,28.5,1078,0.0,0.0,0.0
2023-10-06 15:30:00-04:00,28.459999084472656,28.459999084472656,28.40999984741211,28.40999984741211,101,0.0,0.0,0.0
2023-10-09 09:30:00-04:00,28.1299991607666,28.190000534057617,28.1299991607666,28.1299991607666,0,0.0,0.0,0.0
2023-10-09 10:30:00-04:00,28.1299991607666,28.1299991607666,28.1299991607666,28.1299991607666,4201,0.0,0.0,0.0
2023-10-09 11:30:00-04:00,28.18000030517578,28.18000030517578,28.18000030517578,28.18000030517578,206,0.0,0.0,0.0
2023-10-09 12:30:00-04:00,28.142499923706055,28.18000030517578,28.142499923706055,28.18000030517578,1545,0.0,0.0,0.0
2023-10-09 13:30:00-04:00,28.329999923706055,28.329999923706055,28.280000686645508,28.280000686645508,983,0.0,0.0,0.0
2023-10-09 14:30:00-04:00,28.360000610351562,28.426799774169922,28.34000015258789,28.390100479125977,993,0.0,0.0,0.0
2023-10-09 15:30:00-04:00,28.270099639892578,28.3799991607666,28.270099639892578,28.31999969482422,486,0.0,0.0,0.0
2023-10-10 09:30:00-04:00,28.610000610351562,28.670000076293945,28.610000610351562,28.670000076293945,0,0.0,0.0,0.0
2023-10-10 10:30:00-04:00,28.760000228881836,28.780000686645508,28.760000228881836,28.780000686645508,630,0.0,0.0,0.0
2023-10-10 11:30:00-04:00,28.878000259399414,28.878000259399414,28.80500030517578,28.80500030517578,360,0.0,0.0,0.0
2023-10-10 12:30:00-04:00,28.739999771118164,28.739999771118164,28.739999771118164,28.739999771118164,290,0.0,0.0,0.0
2023-10-10 13:30:00-04:00,28.704999923706055,28.760000228881836,28.704999923706055,28.760000228881836,2041,0.0,0.0,0.0
2023-10-10 14:30:00-04:00,28.75,28.799999237060547,28.709199905395508,28.709199905395508,344875,0.0,0.0,0.0
2023-10-10 15:30:00-04:00,28.790000915527344,28.799999237060547,28.760000228881836,28.760000228881836,40987,0.0,0.0,0.0
2023-10-11 09:30:00-04:00,28.809999465942383,28.855199813842773,28.809999465942383,28.855199813842773,0,0.0,0.0,0.0
2023-10-11 10:30:00-04:00,28.815900802612305,28.815900802612305,28.815900802612305,28.815900802612305,316,0.0,0.0,0.0
2023-10-11 11:30:00-04:00,28.79800033569336,28.887699127197266,28.79800033569336,28.887699127197266,4099,0.0,0.0,0.0
2023-10-11 12:30:00-04:00,28.78499984741211,28.78499984741211,28.67180061340332,28.67180061340332,3526,0.0,0.0,0.0
2023-10-11 14:30:00-04:00,28.75,28.780000686645508,28.746299743652344,28.746299743652344,0,0.0,0.0,0.0
2023-10-11 15:30:00-04:00,28.854999542236328,28.854999542236328,28.799999237060547,28.799999237060547,23613,0.0,0.0,0.0
2023-10-12 09:30:00-04:00,28.860000610351562,28.940000534057617,28.770000457763672,28.770000457763672,0,0.0,0.0,0.0
2023-10-12 10:30:00-04:00,28.731599807739258,28.731599807739258,28.731599807739258,28.731599807739258,273,0.0,0.0,0.0
2023-10-12 11:30:00-04:00,28.719999313354492,28.78459930419922,28.714000701904297,28.714000701904297,6458,0.0,0.0,0.0
2023-10-12 13:30:00-04:00,28.500099182128906,28.515399932861328,28.48259925842285,28.48259925842285,2551,0.0,0.0,0.0
2023-10-12 14:30:00-04:00,28.575000762939453,28.579999923706055,28.575000762939453,28.579999923706055,9808,0.0,0.0,0.0
2023-10-12 15:30:00-04:00,28.575000762939453,28.649999618530273,28.559999465942383,28.649999618530273,0,0.0,0.0,0.0
2023-10-13 10:30:00-04:00,28.420000076293945,28.420000076293945,28.420000076293945,28.420000076293945,200,0.0,0.0,0.0
2023-10-13 11:30:00-04:00,28.399999618530273,28.450000762939453,28.351699829101562,28.450000762939453,26655,0.0,0.0,0.0
2023-10-13 13:30:00-04:00,28.360000610351562,28.360000610351562,28.341899871826172,28.341899871826172,3495,0.0,0.0,0.0
2023-10-13 14:30:00-04:00,28.412599563598633,28.440000534057617,28.412599563598633,28.440000534057617,2905,0.0,0.0,0.0
2023-10-13 15:30:00-04:00,28.414400100708008,28.414400100708008,28.414400100708008,28.414400100708008,175,0.0,0.0,0.0
2023-10-16 09:30:00-04:00,28.440000534057617,28.514999389648438,28.42009925842285,28.514999389648438,0,0.0,0.0,0.0
2023-10-16 10:30:00-04:00,28.55470085144043,28.55470085144043,28.479999542236328,28.479999542236328,37507,0.0,0.0,0.0
2023-10-16 12:30:00-04:00,28.489999771118164,28.489999771118164,28.459999084472656,28.462799072265625,911,0.0,0.0,0.0
2023-10-16 13:30:00-04:00,28.489999771118164,28.49720001220703,28.489999771118164,28.49720001220703,600,0.0,0.0,0.0
2023-10-16 14:30:00-04:00,28.49169921875,28.609899520874023,28.486499786376953,28.549999237060547,12812,0.0,0.0,0.0
2023-10-16 15:30:00-04:00,28.559999465942383,28.5664005279541,28.530000686645508,28.530000686645508,7563,0.0,0.0,0.0
2023-10-17 09:30:00-04:00,28.290000915527344,28.354999542236328,28.290000915527344,28.309999465942383,0,0.0,0.0,0.0
2023-10-17 10:30:00-04:00,28.49329948425293,28.540000915527344,28.49329948425293,28.504899978637695,5109,0.0,0.0,0.0
2023-10-17 11:30:00-04:00,28.51300048828125,28.560199737548828,28.51300048828125,28.560199737548828,393,0.0,0.0,0.0
2023-10-17 12:30:00-04:00,28.565000534057617,28.61639976501465,28.565000534057617,28.61639976501465,960,0.0,0.0,0.0
2023-10-17 13:30:00-04:00,28.565000534057617,28.565000534057617,28.524700164794922,28.524700164794922,0,0.0,0.0,0.0
2023-10-18 09:30:00-04:00,28.225000381469727,28.229999542236328,28.079999923706055,28.1299991607666,3476,0.0,0.0,0.0
2023-10-18 10:30:00-04:00,27.995800018310547,27.995800018310547,27.995800018310547,27.995800018310547,534,0.0,0.0,0.0
2023-10-18 14:30:00-04:00,27.98940086364746,28.020000457763672,27.950000762939453,27.950000762939453,0,0.0,0.0,0.0
2023-10-19 09:30:00-04:00,27.954999923706055,27.954999923706055,27.889999389648438,27.889999389648438,2084,0.0,0.0,0.0
2023-10-19 10:30:00-04:00,27.937999725341797,27.937999725341797,27.920000076293945,27.920000076293945,1015,0.0,0.0,0.0
2023-10-19 11:30:00-04:00,27.979999542236328,28.06999969482422,27.937599182128906,27.94099998474121,8224,0.0,0.0,0.0
2023-10-19 12:30:00-04:00,27.969999313354492,28.020000457763672,27.969999313354492,28.020000457763672,667,0.0,0.0,0.0
2023-10-19 13:30:00-04:00,27.9950008392334,27.9950008392334,27.9950008392334,27.9950008392334,129,0.0,0.0,0.0
2023-10-19 14:30:00-04:00,27.91900062561035,27.91900062561035,27.759199142456055,27.759199142456055,18900,0.0,0.0,0.0
2023-10-19 15:30:00-04:00,27.850000381469727,27.8799991607666,27.7731990814209,27.799999237060547,0,0.0,0.0,0.0
2023-10-20 10:30:00-04:00,27.639999389648438,27.658599853515625,27.600000381469727,27.610000610351562,2134,0.0,0.0,0.0
2023-10-20 11:30:00-04:00,27.594999313354492,27.594999313354492,27.579999923706055,27.58970069885254,12994,0.0,0.0,0.0
2023-10-20 12:30:00-04:00,27.590599060058594,27.690000534057617,27.590599060058594,27.690000534057617,15487,0.0,0.0,0.0
2023-10-20 13:30:00-04:00,27.635000228881836,27.635000228881836,27.635000228881836,27.635000228881836,573,0.0,0.0,0.0
2023-10-20 15:30:00-04:00,27.594999313354492,27.610000610351562,27.530000686645508,27.610000610351562,2237,0.0,0.0,0.0
2023-10-23 10:30:00-04:00,27.559999465942383,27.559999465942383,27.559999465942383,27.559999465942383,0,0.0,0.0,0.0
2023-10-23 11:30:00-04:00,27.75,27.759899139404297,27.67289924621582,27.67289924621582,1017,0.0,0.0,0.0
2023-10-23 12:30:00-04:00,27.690000534057617,27.725000381469727,27.690000534057617,27.697999954223633,1571,0.0,0.0,0.0
2023-10-23 13:30:00-04:00,27.674999237060547,27.674999237060547,27.665599822998047,27.665599822998047,1293,0.0,0.0,0.0
2023-10-23 14:30:00-04:00,27.704999923706055,27.704999923706055,27.57830047607422,27.57830047607422,0,0.0,0.0,0.0
2023-10-24 09:30:00-04:00,27.655000686645508,27.685800552368164,27.650100708007812,27.650100708007812,830,0.0,0.0,0.0
2023-10-24 10:30:00-04:00,27.690000534057617,27.690000534057617,27.649999618530273,27.649999618530273,3195,0.0,0.0,0.0
2023-10-24 11:30:00-04:00,27.65999984741211,27.65999984741211,27.610000610351562,27.639999389648438,4810,0.0,0.0,0.0
2023-10-24 12:30:00-04:00,27.594999313354492,27.629899978637695,27.594999313354492,27.629899978637695,1043,0.0,0.0,0.0
2023-10-24 14:30:00-04:00,27.700000762939453,27.719499588012695,27.684999465942383,27.70599937438965,3572,0.0,0.0,0.0
2023-10-24 15:30:00-04:00,27.7450008392334,27.75,27.697599411010742,27.697599411010742,0,0.0,0.0,0.0
2023-10-25 09:30:00-04:00,27.520000457763672,27.520000457763672,27.50749969482422,27.520000457763672,961,0.0,0.0,0.0
2023-10-25 10:30:00-04:00,27.5049991607666,27.739999771118164,27.5049991607666,27.739999771118164,2712,0.0,0.0,0.0
2023-10-25 11:30:00-04:00,27.690000534057617,27.690000534057617,27.610000610351562,27.6200008392334,2223,0.0,0.0,0.0
2023-10-25 12:30:00-04:00,27.59000015258789,27.59000015258789,27.577999114990234,27.577999114990234,535,0.0,0.0,0.0
2023-10-25 13:30:00-04:00,27.530000686645508,27.530000686645508,27.459999084472656,27.459999084472656,2720,0.0,0.0,0.0
2023-10-25 14:30:00-04:00,27.4950008392334,27.520000457763672,27.43000030517578,27.520000457763672,0,0.0,0.0,0.0
2023-10-26 09:30:00-04:00,27.479999542236328,27.479999542236328,27.479999542236328,27.479999542236328,177,0.0,0.0,0.0
2023-10-26 12:30:00-04:00,27.219999313354492,27.219999313354492,27.219999313354492,27.219999313354492,1388,0.0,0.0,0.0
2023-10-26 13:30:00-04:00,27.19499969482422,27.297700881958008,27.19499969482422,27.274999618530273,3811,0.0,0.0,0.0
2023-10-26 14:30:00-04:00,27.309999465942383,27.389999389648438,27.260000228881836,27.260000228881836,0,0.0,0.0,0.0
2023-10-27 09:30:00-04:00,27.309999465942383,27.37070083618164,27.309999465942383,27.360000610351562,544,0.0,0.0,0.0
2023-10-27 10:30:00-04:00,27.299999237060547,27.350000381469727,27.200599670410156,27.350000381469727,6899,0.0,0.0,0.0
2023-10-27 11:30:00-04:00,27.309999465942383,27.350000381469727,27.299999237060547,27.31049919128418,4528,0.0,0.0,0.0
2023-10-27 12:30:00-04:00,27.280000686645508,27.280000686645508,27.199499130249023,27.199499130249023,10913,0.0,0.0,0.0
2023-10-27 14:30:00-04:00,27.163299560546875,27.170000076293945,27.163299560546875,27.170000076293945,546,0.0,0.0,0.0
2023-10-30 09:30:00-04:00,27.459999084472656,27.459999084472656,27.459999084472656,27.459999084472656,0,0.0,0.0,0.0
2023-10-30 10:30:00-04:00,27.371400833129883,27.371400833129883,27.371400833129883,27.371400833129883,644,0.0,0.0,0.0
2023-10-30 11:30:00-04:00,27.440000534057617,27.440000534057617,27.440000534057617,27.440000534057617,421,0.0,0.0,0.0
2023-10-30 12:30:00-04:00,27.469999313354492,27.469999313354492,27.469999313354492,27.469999313354492,900,0.0,0.0,0.0
2023-10-30 13:30:00-04:00,27.489500045776367,27.559999465942383,27.469999313354492,27.559999465942383,17899,0.0,0.0,0.0
2023-10-30 14:30:00-04:00,27.534099578857422,27.6299991607666,27.534099578857422,27.6299991607666,4316,0.0,0.0,0.0
2023-10-30 15:30:00-04:00,27.530000686645508,27.559999465942383,27.510000228881836,27.510000228881836,0,0.0,0.0,0.0
2023-10-31 10:30:00-04:00,27.498199462890625,27.498199462890625,27.498199462890625,27.498199462890625,273,0.0,0.0,0.0
2023-10-31 12:30:00-04:00,27.5,27.679899215698242,27.5,27.679899215698242,0,0.0,0.0,0.0
2023-10-31 13:30:00-04:00,27.604999542236328,27.68000030517578,27.579999923706055,27.68000030517578,7642,0.0,0.0,0.0
2023-10-31 14:30:00-04:00,27.639799118041992,27.639999389648438,27.625,27.639999389648438,1087,0.0,0.0,0.0
2023-10-31 15:30:00-04:00,27.610000610351562,27.645000457763672,27.56999969482422,27.645000457763672,0,0.0,0.0,0.0
2023-11-01 10:30:00-04:00,27.8700008392334,27.8700008392334,27.68000030517578,27.709999084472656,2241,0.0,0.0,0.0
2023-11-01 11:30:00-04:00,27.670000076293945,27.780000686645508,27.65999984741211,27.690000534057617,7296,0.0,0.0,0.0
2023-11-01 12:30:00-04:00,27.65999984741211,27.718000411987305,27.65999984741211,27.718000411987305,639,0.0,0.0,0.0
2023-11-01 13:30:00-04:00,27.639999389648438,27.739999771118164,27.639999389648438,27.739999771118164,8856,0.0,0.0,0.0
2023-11-01 14:30:00-04:00,27.68000030517578,27.855499267578125,27.65999984741211,27.796499252319336,11144,0.0,0.0,0.0
2023-11-01 15:30:00-04:00,27.756500244140625,27.844999313354492,27.756500244140625,27.809999465942383,1326,0.0,0.0,0.0
2023-11-02 09:30:00-04:00,28.34000015258789,28.34000015258789,28.299999237060547,28.299999237060547,0,0.0,0.0,0.0
2023-11-02 10:30:00-04:00,28.360000610351562,28.360000610351562,28.360000610351562,28.360000610351562,475,0.0,0.0,0.0
2023-11-02 11:30:00-04:00,28.344999313354492,28.344999313354492,28.290000915527344,28.290000915527344,3202,0.0,0.0,0.0
2023-11-02 12:30:00-04:00,28.269800186157227,28.269800186157227,28.229999542236328,28.229999542236328,294,0.0,0.0,0.0
2023-11-02 13:30:00-04:00,28.405000686645508,28.405000686645508,28.37380027770996,28.405000686645508,1171,0.0,0.0,0.0
2023-11-02 15:30:00-04:00,28.42799949645996,28.431800842285156,28.42799949645996,28.43000030517578,326,0.0,0.0,0.0
2023-11-03 09:30:00-04:00,28.670000076293945,28.75,28.6200008392334,28.75,0,0.0,0.0,0.0
2023-11-03 11:30:00-04:00,28.659000396728516,28.659000396728516,28.659000396728516,28.659000396728516,244,0.0,0.0,0.0
2023-11-03 12:30:00-04:00,28.65999984741211,28.72570037841797,28.641599655151367,28.641599655151367,919,0.0,0.0,0.0
2023-11-03 13:30:00-04:00,28.672000885009766,28.780000686645508,28.672000885009766,28.737699508666992,139590,0.0,0.0,0.0
2023-11-03 14:30:00-04:00,28.799999237060547,28.799999237060547,28.790000915527344,28.790000915527344,20719,0.0,0.0,0.0
2023-11-03 15:30:00-04:00,28.753000259399414,28.753000259399414,28.690000534057617,28.690000534057617,243,0.0,0.0,0.0
2023-11-06 09:30:00-05:00,28.520099639892578,31.200000762939453,28.520099639892578,29.797500610351562,0,0.0,0.0,0.0
2023-11-06 10:30:00-05:00,28.725000381469727,28.725000381469727,28.600299835205078,28.600299835205078,1532,0.0,0.0,0.0
2023-11-06 11:30:00-05:00,28.700000762939453,28.700000762939453,28.700000762939453,28.700000762939453,580,0.0,0.0,0.0
2023-11-06 13:30:00-05:00,28.600000381469727,28.655099868774414,28.52120018005371,28.655099868774414,2289,0.0,0.0,0.0
2023-11-06 14:30:00-05:00,28.659099578857422,28.659099578857422,28.584999084472656,28.584999084472656,1230,0.0,0.0,0.0
2023-11-06 15:30:00-05:00,28.528400421142578,28.670000076293945,28.528400421142578,28.670000076293945,0,0.0,0.0,0.0
2023-11-07 09:30:00-05:00,28.530000686645508,28.540000915527344,28.530000686645508,28.540000915527344,581,0.0,0.0,0.0
2023-11-07 11:30:00-05:00,28.450000762939453,28.52989959716797,28.430099487304688,28.52989959716797,14754,0.0,0.0,0.0
2023-11-07 13:30:00-05:00,28.549999237060547,28.549999237060547,28.549999237060547,28.549999237060547,247,0.0,0.0,0.0
2023-11-07 14:30:00-05:00,28.549999237060547,28.549999237060547,28.520000457763672,28.54010009765625,1747,0.0,0.0,0.0
2023-11-07 15:30:00-05:00,28.58989906311035,28.58989906311035,28.540000915527344,28.540000915527344,0,0.0,0.0,0.0
2023-11-08 09:30:00-05:00,28.5,28.5,28.5,28.5,374,0.0,0.0,0.0
2023-11-08 10:30:00-05:00,28.510000228881836,28.57900047302246,28.420000076293945,28.450000762939453,1126,0.0,0.0,0.0
2023-11-08 11:30:00-05:00,28.420000076293945,28.579700469970703,28.3700008392334,28.48710060119629,5636,0.0,0.0,0.0
2023-11-08 12:30:00-05:00,28.360000610351562,28.549800872802734,28.360000610351562,28.4689998626709,8261,0.0,0.0,0.0
2023-11-08 13:30:00-05:00,28.509599685668945,28.569900512695312,28.40999984741211,28.50860023498535,11676,0.0,0.0,0.0
2023-11-08 14:30:00-05:00,28.485000610351562,28.559999465942383,28.40999984741211,28.459999084472656,1620,0.0,0.0,0.0
2023-11-09 09:30:00-05:00,28.739999771118164,28.8700008392334,28.739999771118164,28.825000762939453,0,0.0,0.0,0.0
2023-11-09 11:30:00-05:00,28.889999389648438,28.889999389648438,28.889999389648438,28.889999389648438,194,0.0,0.0,0.0
2023-11-09 12:30:00-05:00,28.770000457763672,28.770000457763672,28.770000457763672,28.770000457763672,106,0.0,0.0,0.0
2023-11-09 13:30:00-05:00,28.610000610351562,28.6299991607666,28.59000015258789,28.6299991607666,1723,0.0,0.0,0.0
2023-11-09 15:30:00-05:00,28.537500381469727,28.553199768066406,28.537500381469727,28.553199768066406,0,0.0,0.0,0.0
2023-11-10 09:30:00-05:00,28.56999969482422,28.56999969482422,28.549999237060547,28.549999237060547,496,0.0,0.0,0.0
2023-11-10 10:30:00-05:00,28.450000762939453,28.520000457763672,28.450000762939453,28.520000457763672,357,0.0,0.0,0.0
2023-11-10 11:30:00-05:00,28.600000381469727,28.600000381469727,28.57069969177246,28.57069969177246,356,0.0,0.0,0.0
2023-11-10 12:30:00-05:00,28.591100692749023,28.71109962463379,28.591100692749023,28.68000030517578,1115,0.0,0.0,0.0
2023-11-10 13:30:00-05:00,28.739900588989258,28.7450008392334,28.729999542236328,28.739999771118164,2138,0.0,0.0,0.0
2023-11-10 15:30:00-05:00,28.760000228881836,28.760000228881836,28.75,28.75,345,0.0,0.0,0.0
2023-11-13 09:30:00-05:00,28.65999984741211,28.65999984741211,28.65999984741211,28.65999984741211,0,0.0,0.0,0.0
2023-11-13 10:30:00-05:00,28.760000228881836,28.760000228881836,28.74329948425293,28.74329948425293,632,0.0,0.0,0.0
2023-11-13 11:30:00-05:00,28.915000915527344,28.920000076293945,28.915000915527344,28.920000076293945,375,0.0,0.0,0.0
2023-11-13 12:30:00-05:00,28.864099502563477,28.864099502563477,28.850000381469727,28.850000381469727,876,0.0,0.0,0.0
2023-11-13 15:30:00-05:00,28.895000457763672,28.895000457763672,28.850000381469727,28.850000381469727,915,0.0,0.0,0.0
2023-11-14 09:30:00-05:00,29.3700008392334,29.3799991607666,29.3700008392334,29.3700008392334,0,0.0,0.0,0.0
2023-11-14 10:30:00-05:00,29.450700759887695,29.450700759887695,29.450700759887695,29.450700759887695,353,0.0,0.0,0.0
2023-11-14 11:30:00-05:00,29.480100631713867,29.480100631713867,29.4507999420166,29.4507999420166,1112,0.0,0.0,0.0
2023-11-14 12:30:00-05:00,29.5049991607666,29.5049991607666,29.5049991607666,29.5049991607666,1429,0.0,0.0,0.0
2023-11-14 14:30:00-05:00,29.540000915527344,29.56999969482422,29.540000915527344,29.56999969482422,296,0.0,0.0,0.0
2023-11-14 15:30:00-05:00,29.600000381469727,29.600000381469727,29.59589958190918,29.59589958190918,334,0.0,0.0,0.0
2023-11-15 09:30:00-05:00,29.549999237060547,29.59000015258789,29.520299911499023,29.520299911499023,7528,0.0,0.0,0.0
2023-11-15 11:30:00-05:00,29.520000457763672,29.520000457763672,29.520000457763672,29.520000457763672,6073,0.0,0.0,0.0
2023-11-15 13:30:00-05:00,29.524999618530273,29.555400848388672,29.489999771118164,29.555400848388672,1252,0.0,0.0,0.0
2023-11-15 14:30:00-05:00,29.53499984741211,29.540000915527344,29.53499984741211,29.540000915527344,7255,0.0,0.0,0.0
2023-11-15 15:30:00-05:00,29.481599807739258,29.5177001953125,29.481599807739258,29.5,869,0.0,0.0,0.0
2023-11-16 09:30:00-05:00,29.459999084472656,29.530000686645508,29.459999084472656,29.530000686645508,0,0.0,0.0,0.0
2023-11-16 10:30:00-05:00,29.471500396728516,29.479999542236328,29.471500396728516,29.479999542236328,594,0.0,0.0,0.0
2023-11-16 11:30:00-05:00,29.43000030517578,29.43000030517578,29.415000915527344,29.415000915527344,641,0.0,0.0,0.0
2023-11-16 12:30:00-05:00,29.41010093688965,29.41010093688965,29.41010093688965,29.41010093688965,4367,0.0,0.0,0.0
2023-11-16 13:30:00-05:00,29.471399307250977,29.471399307250977,29.434999465942383,29.434999465942383,841,0.0,0.0,0.0
2023-11-16 14:30:00-05:00,29.454999923706055,29.5,29.43000030517578,29.43000030517578,4121,0.0,0.0,0.0
2023-11-16 15:30:00-05:00,29.479999542236328,29.540000915527344,29.479999542236328,29.540000915527344,228,0.0,0.0,0.0
2023-11-17 09:30:00-05:00,29.719999313354492,29.729999542236328,29.707000732421875,29.707000732421875,0,0.0,0.0,0.0
2023-11-17 10:30:00-05:00,29.729999542236328,29.760000228881836,29.729999542236328,29.760000228881836,775,0.0,0.0,0.0
2023-11-17 11:30:00-05:00,29.730899810791016,29.760000228881836,29.730899810791016,29.760000228881836,1642,0.0,0.0,0.0
2023-11-17 12:30:00-05:00,29.75,29.75,29.75,29.75,697,0.0,0.0,0.0
2023-11-17 13:30:00-05:00,29.81999969482422,29.859899520874023,29.809999465942383,29.829999923706055,338432,0.0,0.0,0.0
2023-11-17 14:30:00-05:00,29.78580093383789,29.829999923706055,29.780000686645508,29.809999465942383,6030,0.0,0.0,0.0
2023-11-17 15:30:00-05:00,29.799999237060547,29.81999969482422,29.799999237060547,29.807300567626953,760,0.0,0.0,0.0
2023-11-20 09:30:00-05:00,29.899999618530273,29.93000030517578,29.899999618530273,29.901599884033203,0,0.0,0.0,0.0
2023-11-20 10:30:00-05:00,29.950000762939453,29.950000762939453,29.950000762939453,29.950000762939453,9217,0.0,0.0,0.0
2023-11-20 11:30:00-05:00,29.94499969482422,29.991500854492188,29.930299758911133,29.930299758911133,1382,0.0,0.0,0.0
2023-11-20 12:30:00-05:00,29.934999465942383,29.934999465942383,29.934999465942383,29.934999465942383,3415,0.0,0.0,0.0
2023-11-20 13:30:00-05:00,29.950000762939453,29.950000762939453,29.950000762939453,29.950000762939453,9254,0.0,0.0,0.0
2023-11-20 14:30:00-05:00,29.975000381469727,30.010099411010742,29.959999084472656,30.010099411010742,6544,0.0,0.0,0.0
2023-11-20 15:30:00-05:00,29.969999313354492,30.040000915527344,29.969999313354492,30.040000915527344,100,0.0,0.0,0.0
2023-11-21 09:30:00-05:00,30.0,30.0,30.0,30.0,482,0.0,0.0,0.0
2023-11-21 10:30:00-05:00,29.934799194335938,29.934799194335938,29.934799194335938,29.934799194335938,241,0.0,0.0,0.0
2023-11-21 11:30:00-05:00,29.920000076293945,29.920000076293945,29.920000076293945,29.920000076293945,588,0.0,0.0,0.0
2023-11-21 12:30:00-05:00,29.850000381469727,29.871400833129883,29.83769989013672,29.871400833129883,439,0.0,0.0,0.0
2023-11-21 13:30:00-05:00,29.860000610351562,29.860000610351562,29.81999969482422,29.81999969482422,875,0.0,0.0,0.0
2023-11-22 09:30:00-05:00,29.920000076293945,29.920000076293945,29.829999923706055,29.829999923706055,0,0.0,0.0,0.0
2023-11-22 13:30:00-05:00,29.973800659179688,29.973800659179688,29.91010093688965,29.91010093688965,621,0.0,0.0,0.0
2023-11-22 14:30:00-05:00,29.919099807739258,29.979999542236328,29.900100708007812,29.900100708007812,1430,0.0,0.0,0.0
2023-11-22 15:30:00-05:00,29.91010093688965,29.91010093688965,29.90999984741211,29.90999984741211,3944,0.0,0.0,0.0
2023-11-24 09:30:00-05:00,30.0,30.0,30.0,30.0,0,0.0,0.0,0.0
2023-11-24 11:30:00-05:00,30.200000762939453,30.200000762939453,30.200000762939453,30.200000762939453,1417,0.0,0.0,0.0
2023-11-24 12:30:00-05:00,30.168399810791016,30.168399810791016,30.168399810791016,30.168399810791016,0,0.0,0.0,0.0
2023-11-27 11:30:00-05:00,30.059999465942383,30.059999465942383,30.059999465942383,30.059999465942383,2926,0.0,0.0,0.0
2023-11-27 12:30:00-05:00,30.06999969482422,30.06999969482422,30.0,30.018400192260742,3877,0.0,0.0,0.0
2023-11-27 13:30:00-05:00,30.030000686645508,30.086200714111328,30.010000228881836,30.086200714111328,2173,0.0,0.0,0.0
2023-11-27 14:30:00-05:00,30.05769920349121,30.05769920349121,30.05769920349121,30.05769920349121,353,0.0,0.0,0.0
2023-11-27 15:30:00-05:00,30.063100814819336,30.063100814819336,30.040000915527344,30.049999237060547,0,0.0,0.0,0.0
2023-11-28 09:30:00-05:00,30.003400802612305,30.003400802612305,29.969999313354492,30.0,2261,0.0,0.0,0.0
2023-11-28 10:30:00-05:00,30.0,30.049999237060547,30.0,30.049999237060547,1330,0.0,0.0,0.0
2023-11-28 11:30:00-05:00,30.137100219726562,30.137100219726562,30.137100219726562,30.137100219726562,500,0.0,0.0,0.0
2023-11-28 13:30:00-05:00,30.039499282836914,30.039499282836914,30.000099182128906,30.000099182128906,1273,0.0,0.0,0.0
2023-11-28 14:30:00-05:00,30.079999923706055,30.079999923706055,30.0,30.0,1312,0.0,0.0,0.0
2023-11-28 15:30:00-05:00,30.020000457763672,30.020000457763672,30.020000457763672,30.020000457763672,543,0.0,0.0,0.0
2023-11-29 09:30:00-05:00,30.15999984741211,30.15999984741211,30.15999984741211,30.15999984741211,0,0.0,0.0,0.0
2023-11-29 10:30:00-05:00,30.091299057006836,30.174999237060547,30.091299057006836,30.174999237060547,1343,0.0,0.0,0.0
2023-11-29 11:30:00-05:00,30.15089988708496,30.15999984741211,30.15089988708496,30.15999984741211,2903,0.0,0.0,0.0
2023-11-29 12:30:00-05:00,30.208499908447266,30.208499908447266,30.208499908447266,30.208499908447266,142,0.0,0.0,0.0
2023-11-29 13:30:00-05:00,30.239999771118164,30.239999771118164,30.21769905090332,30.21769905090332,724,0.0,0.0,0.0
2023-11-29 14:30:00-05:00,30.218399047851562,30.218399047851562,30.149999618530273,30.149999618530273,0,0.0,0.0,0.0
2023-11-30 09:30:00-05:00,30.05500030517578,30.079999923706055,30.05500030517578,30.079999923706055,319,0.0,0.0,0.0
2023-11-30 10:30:00-05:00,30.12420082092285,30.206600189208984,30.12420082092285,30.206600189208984,1629,0.0,0.0,0.0
2023-11-30 11:30:00-05:00,30.100000381469727,30.135000228881836,30.100000381469727,30.135000228881836,480,0.0,0.0,0.0
2023-11-30 12:30:00-05:00,30.09040069580078,30.110000610351562,30.09040069580078,30.110000610351562,4009,0.0,0.0,0.0
2023-11-30 13:30:00-05:00,30.147899627685547,30.147899627685547,30.147899627685547,30.147899627685547,263,0.0,0.0,0.0
2023-11-30 14:30:00-05:00,30.15999984741211,30.15999984741211,30.15999984741211,30.15999984741211,495,0.0,0.0,0.0
2023-11-30 15:30:00-05:00,30.09000015258789,30.219999313354492,30.07080078125,30.219999313354492,0,0.0,0.0,0.0
2023-12-01 09:30:00-05:00,30.270000457763672,30.309999465942383,30.270000457763672,30.309999465942383,721,0.0,0.0,0.0
2023-12-01 10:30:00-05:00,30.459999084472656,30.510000228881836,30.423999786376953,30.510000228881836,11844,0.0,0.0,0.0
2023-12-01 12:30:00-05:00,30.597900390625,30.610000610351562,30.597900390625,30.610000610351562,272,0.0,0.0,0.0
2023-12-01 13:30:00-05:00,30.575000762939453,30.575000762939453,30.55340003967285,30.55340003967285,2063,0.0,0.0,0.0
2023-12-01 14:30:00-05:00,30.56999969482422,30.56999969482422,30.5580997467041,30.5580997467041,627,0.0,0.0,0.0
2023-12-04 09:30:00-05:00,30.209999084472656,30.33989906311035,30.209999084472656,30.33989906311035,0,0.0,0.0,0.0
2023-12-04 10:30:00-05:00,30.087600708007812,30.087600708007812,30.087600708007812,30.087600708007812,568,0.0,0.0,0.0
2023-12-04 11:30:00-05:00,30.174999237060547,30.209999084472656,30.174999237060547,30.190000534057617,809,0.0,0.0,0.0
2023-12-04 12:30:00-05:00,30.229999542236328,30.229999542236328,30.229999542236328,30.229999542236328,334,0.0,0.0,0.0
2023-12-04 13:30:00-05:00,30.153499603271484,30.200000762939453,30.1299991607666,30.200000762939453,12003,0.0,0.0,0.0
2023-12-04 15:30:00-05:00,30.260000228881836,30.260000228881836,30.209999084472656,30.209999084472656,0,0.0,0.0,0.0
2023-12-05 09:30:00-05:00,30.200000762939453,30.200000762939453,30.200000762939453,30.200000762939453,344,0.0,0.0,0.0
2023-12-05 10:30:00-05:00,30.209999084472656,30.209999084472656,30.209999084472656,30.209999084472656,423,0.0,0.0,0.0
2023-12-05 11:30:00-05:00,30.19499969482422,30.229999542236328,30.19499969482422,30.229999542236328,1771,0.0,0.0,0.0
2023-12-05 12:30:00-05:00,30.19499969482422,30.200000762939453,30.19499969482422,30.200000762939453,730,0.0,0.0,0.0
2023-12-05 13:30:00-05:00,30.209999084472656,30.209999084472656,30.155000686645508,30.170000076293945,1774,0.0,0.0,0.0
2023-12-05 14:30:00-05:00,30.146099090576172,30.146099090576172,30.12660026550293,30.12660026550293,992,0.0,0.0,0.0
2023-12-05 15:30:00-05:00,30.164899826049805,30.164899826049805,30.15999984741211,30.15999984741211,148,0.0,0.0,0.0
2023-12-06 09:30:00-05:00,30.3700008392334,30.479999542236328,30.368099212646484,30.368099212646484,2122,0.0,0.0,0.0
2023-12-06 11:30:00-05:00,30.260000228881836,30.29400062561035,30.260000228881836,30.29400062561035,859,0.0,0.0,0.0
2023-12-06 13:30:00-05:00,30.274999618530273,30.274999618530273,30.2406005859375,30.2406005859375,787,0.0,0.0,0.0
2023-12-06 14:30:00-05:00,30.25749969482422,30.25749969482422,30.170000076293945,30.170000076293945,0,0.0,0.0,0.0
2023-12-07 10:30:00-05:00,30.169700622558594,30.169700622558594,30.169700622558594,30.169700622558594,256,0.0,0.0,0.0
2023-12-07 11:30:00-05:00,30.15999984741211,30.15999984741211,30.15999984741211,30.15999984741211,2428,0.0,0.0,0.0
2023-12-07 12:30:00-05:00,30.309999465942383,30.309999465942383,30.309999465942383,30.309999465942383,174,0.0,0.0,0.0
2023-12-07 13:30:00-05:00,30.290000915527344,30.299999237060547,30.290000915527344,30.299999237060547,1806,0.0,0.0,0.0
2023-12-07 15:30:00-05:00,30.266000747680664,30.280000686645508,30.219999313354492,30.219999313354492,0,0.0,0.0,0.0
2023-12-08 09:30:00-05:00,30.239999771118164,30.239999771118164,30.239999771118164,30.239999771118164,251,0.0,0.0,0.0
2023-12-08 10:30:00-05:00,30.398099899291992,30.398099899291992,30.331600189208984,30.350000381469727,1451,0.0,0.0,0.0
2023-12-08 11:30:00-05:00,30.270000457763672,30.350000381469727,30.270000457763672,30.350000381469727,562,0.0,0.0,0.0
2023-12-08 12:30:00-05:00,30.299999237060547,30.309999465942383,30.270000457763672,30.309999465942383,3927,0.0,0.0,0.0
2023-12-08 14:30:00-05:00,30.33009910583496,30.33009910583496,30.33009910583496,30.33009910583496,129,0.0,0.0,0.0
2023-12-08 15:30:00-05:00,30.420000076293945,30.43000030517578,30.360000610351562,30.43000030517578,304,0.0,0.0,0.0
2023-12-11 10:30:00-05:00,30.399799346923828,30.420000076293945,30.399799346923828,30.420000076293945,790,0.0,0.0,0.0
2023-12-11 12:30:00-05:00,30.44499969482422,30.475000381469727,30.44499969482422,30.475000381469727,1200,0.0,0.0,0.0
2023-12-11 13:30:00-05:00,30.465299606323242,30.489999771118164,30.465299606323242,30.489999771118164,437,0.0,0.0,0.0
2023-12-11 14:30:00-05:00,30.46980094909668,30.520000457763672,30.46980094909668,30.520000457763672,706,0.0,0.0,0.0
2023-12-11 15:30:00-05:00,30.450000762939453,30.459999084472656,30.437700271606445,30.459999084472656,0,0.0,0.0,0.0
2023-12-12 09:30:00-05:00,30.520000457763672,30.520000457763672,30.520000457763672,30.520000457763672,478,0.0,0.0,0.0
2023-12-12 10:30:00-05:00,30.497699737548828,30.545000076293945,30.48150062561035,30.48150062561035,1977,0.0,0.0,0.0
2023-12-12 11:30:00-05:00,30.514999389648438,30.514999389648438,30.514999389648438,30.514999389648438,153,0.0,0.0,0.0
2023-12-12 12:30:00-05:00,30.479999542236328,30.489200592041016,30.479999542236328,30.489200592041016,1067,0.0,0.0,0.0
2023-12-12 13:30:00-05:00,30.49139976501465,30.540000915527344,30.49139976501465,30.540000915527344,3074,0.0,0.0,0.0
2023-12-12 14:30:00-05:00,30.5,30.5,30.5,30.5,358,0.0,0.0,0.0
2023-12-12 15:30:00-05:00,30.600000381469727,30.6299991607666,30.600000381469727,30.6299991607666,0,0.0,0.0,0.0
2023-12-13 09:30:00-05:00,30.634000778198242,30.634000778198242,30.634000778198242,30.634000778198242,210,0.0,0.0,0.0
2023-12-13 10:30:00-05:00,30.6299991607666,30.6299991607666,30.559999465942383,30.559999465942383,971,0.0,0.0,0.0
2023-12-13 11:30:00-05:00,30.584999084472656,30.584999084472656,30.56999969482422,30.56999969482422,361,0.0,0.0,0.0
2023-12-13 12:30:00-05:00,30.545799255371094,30.545799255371094,30.545799255371094,30.545799255371094,418,0.0,0.0,0.0
2023-12-13 13:30:00-05:00,30.511699676513672,30.511699676513672,30.459999084472656,30.469999313354492,7422,0.0,0.0,0.0
2023-12-13 14:30:00-05:00,31.065000534057617,31.065000534057617,30.969999313354492,30.969999313354492,866,0.0,0.0,0.0
2023-12-13 15:30:00-05:00,31.1200008392334,31.1299991607666,31.1200008392334,31.1299991607666,100,0.0,0.0,0.0
2023-12-14 09:30:00-05:00,31.25,31.256000518798828,31.25,31.256000518798828,0,0.0,0.0,0.0
2023-12-14 11:30:00-05:00,31.290199279785156,31.290199279785156,31.290199279785156,31.290199279785156,382,0.0,0.0,0.0
2023-12-14 12:30:00-05:00,31.389999389648438,31.389999389648438,31.344999313354492,31.344999313354492,688,0.0,0.0,0.0
2023-12-14 13:30:00-05:00,31.239999771118164,31.389999389648438,31.207000732421875,31.389999389648438,10431,0.0,0.0,0.0
2023-12-14 14:30:00-05:00,31.31100082397461,31.389999389648438,31.309999465942383,31.3346004486084,4644,0.0,0.0,0.0
2023-12-14 15:30:00-05:00,31.35890007019043,31.35890007019043,31.329999923706055,31.329999923706055,0,0.0,0.0,0.0
2023-12-15 09:30:00-05:00,31.260000228881836,31.270000457763672,31.219999313354492,31.270000457763672,1626,0.0,0.0,0.0
2023-12-15 10:30:00-05:00,31.34000015258789,31.34000015258789,31.34000015258789,31.34000015258789,342,0.0,0.0,0.0
2023-12-15 11:30:00-05:00,31.250099182128906,31.250099182128906,31.250099182128906,31.250099182128906,866,0.0,0.0,0.0
2023-12-15 12:30:00-05:00,31.31999969482422,31.31999969482422,31.31999969482422,31.31999969482422,275,0.0,0.0,0.0
2023-12-15 13:30:00-05:00,31.280000686645508,31.280000686645508,31.139999389648438,31.15999984741211,143367,0.0,0.0,0.0
2023-12-15 14:30:00-05:00,31.219999313354492,31.219999313354492,31.111900329589844,31.200000762939453,2115,0.0,0.0,0.0
2023-12-15 15:30:00-05:00,31.18000030517578,31.18000030517578,31.18000030517578,31.18000030517578,299,0.0,0.0,0.0
2023-12-18 09:30:00-05:00,31.170000076293945,31.170000076293945,31.059999465942383,31.06999969482422,1019,0.0,0.0,0.0
2023-12-18 10:30:00-05:00,31.06999969482422,31.06999969482422,30.96540069580078,31.009599685668945,1760,0.0,0.0,0.0
2023-12-18 11:30:00-05:00,31.059999465942383,31.095800399780273,31.049999237060547,31.079999923706055,1276,0.0,0.0,0.0
2023-12-18 12:30:00-05:00,31.079999923706055,31.079999923706055,31.05739974975586,31.06999969482422,543,0.0,0.0,0.0
2023-12-18 13:30:00-05:00,31.059999465942383,31.09000015258789,31.030000686645508,31.06999969482422,3282,0.0,0.0,0.0
2023-12-18 14:30:00-05:00,31.06999969482422,31.079999923706055,31.03260040283203,31.079999923706055,1543,0.0,0.0,0.0
2023-12-18 15:30:00-05:00,31.09000015258789,31.09000015258789,31.030000686645508,31.030000686645508,323,0.0,0.0,0.0
2023-12-19 09:30:00-05:00,31.299999237060547,31.31999969482422,31.290000915527344,31.31999969482422,696,0.0,0.0,0.0
2023-12-19 10:30:00-05:00,31.295000076293945,31.31999969482422,31.284099578857422,31.31999969482422,1559,0.0,0.0,0.0
2023-12-19 11:30:00-05:00,31.34000015258789,31.34000015258789,31.28190040588379,31.28190040588379,1498,0.0,0.0,0.0
2023-12-19 12:30:00-05:00,31.290000915527344,31.290000915527344,31.290000915527344,31.290000915527344,896,0.0,0.0,0.0
2023-12-19 13:30:00-05:00,31.258899688720703,31.258899688720703,31.258899688720703,31.258899688720703,282,0.0,0.0,0.0
2023-12-19 14:30:00-05:00,31.360000610351562,31.360000610351562,31.284400939941406,31.350000381469727,1111,0.0,0.0,0.0
2023-12-20 09:30:00-05:00,31.290000915527344,31.325000762939453,31.219999313354492,31.325000762939453,0,0.0,0.0,0.0
2023-12-20 10:30:00-05:00,31.360000610351562,31.360000610351562,31.329999923706055,31.329999923706055,277,0.0,0.0,0.0
2023-12-20 11:30:00-05:00,31.40999984741211,31.40999984741211,31.320100784301758,31.320100784301758,562,0.0,0.0,0.0
2023-12-20 12:30:00-05:00,31.3700008392334,31.3700008392334,31.3700008392334,31.3700008392334,133,0.0,0.0,0.0
2023-12-20 13:30:00-05:00,31.389999389648438,31.389999389648438,31.280799865722656,31.280799865722656,2561,0.0,0.0,0.0
2023-12-20 14:30:00-05:00,31.270000457763672,31.270000457763672,31.100000381469727,31.100000381469727,7625,0.0,0.0,0.0
2023-12-20 15:30:00-05:00,31.110000610351562,31.110000610351562,30.93000030517578,30.93000030517578,0,0.0,0.0,0.0
2023-12-21 09:30:00-05:00,31.334999084472656,31.34000015258789,31.290000915527344,31.290000915527344,847,0.0,0.0,0.0
2023-12-21 10:30:00-05:00,31.309999465942383,31.3799991607666,31.2898006439209,31.360000610351562,743,0.0,0.0,0.0
2023-12-21 11:30:00-05:00,31.31879997253418,31.31879997253418,31.31879997253418,31.31879997253418,180,0.0,0.0,0.0
2023-12-21 12:30:00-05:00,31.280000686645508,31.280000686645508,31.280000686645508,31.280000686645508,101,0.0,0.0,0.0
2023-12-21 13:30:00-05:00,31.32159996032715,31.371599197387695,31.239999771118164,31.371599197387695,7612,0.0,0.0,0.0
2023-12-21 14:30:00-05:00,31.333999633789062,31.489999771118164,31.333999633789062,31.489999771118164,0,0.0,0.0,0.0
2023-12-22 09:30:00-05:00,31.610000610351562,31.610000610351562,31.579999923706055,31.579999923706055,518,0.0,0.0,0.0
2023-12-22 10:30:00-05:00,31.610000610351562,31.610000610351562,31.610000610351562,31.610000610351562,249,0.0,0.0,0.0
2023-12-22 11:30:00-05:00,31.56999969482422,31.56999969482422,31.507600784301758,31.507600784301758,316,0.0,0.0,0.0
2023-12-22 12:30:00-05:00,31.545000076293945,31.59000015258789,31.545000076293945,31.59000015258789,451,0.0,0.0,0.0
2023-12-22 13:30:00-05:00,31.559999465942383,31.559999465942383,31.559999465942383,31.559999465942383,341,0.0,0.0,0.0
2023-12-22 14:30:00-05:00,31.44499969482422,31.546300888061523,31.44499969482422,31.542499542236328,2018,0.0,0.0,0.0
2023-12-22 15:30:00-05:00,31.510000228881836,31.579999923706055,31.510000228881836,31.579999923706055,377,0.0,0.0,0.0
2023-12-26 09:30:00-05:00,31.530500411987305,31.614999771118164,31.530500411987305,31.614999771118164,476,0.0,0.0,0.0
2023-12-26 10:30:00-05:00,31.635000228881836,31.635000228881836,31.59000015258789,31.625,1048,0.0,0.0,0.0
2023-12-26 11:30:00-05:00,31.58009910583496,31.58009910583496,31.58009910583496,31.58009910583496,155,0.0,0.0,0.0
2023-12-26 12:30:00-05:00,31.600200653076172,31.600200653076172,31.600200653076172,31.600200653076172,236,0.0,0.0,0.0
2023-12-26 14:30:00-05:00,31.65999984741211,31.743200302124023,31.65999984741211,31.743200302124023,1489,0.0,0.0,0.0
2023-12-26 15:30:00-05:00,31.704999923706055,31.799999237060547,31.704999923706055,31.799999237060547,0,0.0,0.0,0.0
2023-12-27 09:30:00-05:00,31.799999237060547,31.799999237060547,31.799999237060547,31.799999237060547,846,0.0,0.0,0.0
2023-12-27 10:30:00-05:00,31.850000381469727,31.850000381469727,31.850000381469727,31.850000381469727,520,0.0,0.0,0.0
2023-12-27 11:30:00-05:00,31.8700008392334,31.8700008392334,31.8700008392334,31.8700008392334,330,0.0,0.0,0.0
2023-12-27 14:30:00-05:00,31.844999313354492,31.844999313354492,31.829999923706055,31.829999923706055,559,0.0,0.0,0.0
2023-12-27 15:30:00-05:00,31.834999084472656,31.8799991607666,31.834999084472656,31.84000015258789,0,0.0,0.0,0.0
2023-12-28 09:30:00-05:00,31.834999084472656,31.969999313354492,31.834999084472656,31.969999313354492,624,0.0,0.0,0.0
2023-12-28 10:30:00-05:00,31.920000076293945,31.920000076293945,31.920000076293945,31.920000076293945,571,0.0,0.0,0.0
2023-12-28 11:30:00-05:00,31.769100189208984,31.833599090576172,31.769100189208984,31.833599090576172,1058,0.0,0.0,0.0
2023-12-28 12:30:00-05:00,31.720399856567383,31.720399856567383,31.709999084472656,31.719999313354492,624,0.0,0.0,0.0
2023-12-28 14:30:00-05:00,31.710100173950195,31.770000457763672,31.710100173950195,31.770000457763672,0,0.0,0.0,0.0
2023-12-29 09:30:00-05:00,31.860000610351562,31.860000610351562,31.860000610351562,31.860000610351562,222,0.0,0.0,0.0
2023-12-29 11:30:00-05:00,31.70199966430664,31.790000915527344,31.70199966430664,31.790000915527344,1904,0.0,0.0,0.0
2023-12-29 12:30:00-05:00,31.780000686645508,31.780000686645508,31.780000686645508,31.780000686645508,113,0.0,0.0,0.0
2023-12-29 13:30:00-05:00,31.84000015258789,31.84000015258789,31.84000015258789,31.84000015258789,275,0.0,0.0,0.0
2023-12-29 14:30:00-05:00,31.741199493408203,31.809999465942383,31.741199493408203,31.809999465942383,706,0.0,0.0,0.0
2023-12-29 15:30:00-05:00,31.825000762939453,31.825000762939453,31.760000228881836,31.760000228881836,100,0.0,0.0,0.0
2024-01-02 09:30:00-05:00,31.5,31.5,31.375,31.375,0,0.0,0.0,0.0
2024-01-02 10:30:00-05:00,31.3700008392334,31.489999771118164,31.3700008392334,31.489999771118164,4935,0.0,0.0,0.0
2024-01-02 11:30:00-05:00,31.450000762939453,31.610000610351562,31.450000762939453,31.549999237060547,20953,0.0,0.0,0.0
2024-01-02 12:30:00-05:00,31.440000534057617,31.440000534057617,31.344999313354492,31.344999313354492,323186,0.0,0.0,0.0
2024-01-02 13:30:00-05:00,31.34000015258789,31.34000015258789,31.34000015258789,31.34000015258789,158,0.0,0.0,0.0
2024-01-02 14:30:00-05:00,31.255800247192383,31.31999969482422,31.255800247192383,31.270000457763672,6762,0.0,0.0,0.0
2024-01-02 15:30:00-05:00,31.260000228881836,31.280000686645508,31.260000228881836,31.280000686645508,1839,0.0,0.0,0.0
2024-01-03 09:30:00-05:00,30.969999313354492,31.010000228881836,30.86009979248047,30.86009979248047,893,0.0,0.0,0.0
2024-01-03 10:30:00-05:00,30.885900497436523,31.020000457763672,30.86009979248047,30.921499252319336,5092,0.0,0.0,0.0
2024-01-03 11:30:00-05:00,30.9507999420166,30.997800827026367,30.9507999420166,30.997800827026367,738,0.0,0.0,0.0
2024-01-03 12:30:00-05:00,30.95170021057129,31.1200008392334,30.9512996673584,31.038999557495117,5113,0.0,0.0,0.0
2024-01-03 13:30:00-05:00,31.040000915527344,31.06800079345703,30.960500717163086,30.97719955444336,7415,0.0,0.0,0.0
2024-01-03 14:30:00-05:00,31.125,31.200000762939453,31.03499984741211,31.03499984741211,6174,0.0,0.0,0.0
2024-01-03 15:30:00-05:00,31.027999877929688,31.110000610351562,31.010000228881836,31.110000610351562,463,0.0,0.0,0.0
2024-01-04 09:30:00-05:00,31.030000686645508,31.030000686645508,31.030000686645508,31.030000686645508,0,0.0,0.0,0.0
2024-01-04 10:30:00-05:00,31.271499633789062,31.31730079650879,31.271499633789062,31.299299240112305,442,0.0,0.0,0.0
2024-01-04 11:30:00-05:00,31.268600463867188,31.268600463867188,31.268600463867188,31.268600463867188,288,0.0,0.0,0.0
2024-01-04 13:30:00-05:00,31.219999313354492,31.219999313354492,31.219999313354492,31.219999313354492,4019,0.0,0.0,0.0
2024-01-04 14:30:00-05:00,31.24799919128418,31.249500274658203,31.200000762939453,31.204999923706055,1924,0.0,0.0,0.0
2024-01-04 15:30:00-05:00,31.18000030517578,31.190000534057617,31.18000030517578,31.18000030517578,0,0.0,0.0,0.0
2024-01-05 09:30:00-05:00,31.12030029296875,31.12030029296875,31.12030029296875,31.12030029296875,447,0.0,0.0,0.0
2024-01-05 11:30:00-05:00,31.250499725341797,31.250499725341797,31.250499725341797,31.250499725341797,154,0.0,0.0,0.0
2024-01-05 12:30:00-05:00,31.120899200439453,31.120899200439453,31.06999969482422,31.06999969482422,1116,0.0,0.0,0.0
2024-01-05 14:30:00-05:00,31.219999313354492,31.219999313354492,31.110000610351562,31.18000030517578,6433,0.0,0.0,0.0
2024-01-05 15:30:00-05:00,31.118000030517578,31.158100128173828,31.110000610351562,31.158100128173828,252,0.0,0.0,0.0
2024-01-08 09:30:00-05:00,31.24959945678711,31.24959945678711,31.24959945678711,31.24959945678711,0,0.0,0.0,0.0
2024-01-08 10:30:00-05:00,31.31049919128418,31.40999984741211,31.31049919128418,31.40999984741211,604,0.0,0.0,0.0
2024-01-08 11:30:00-05:00,31.43000030517578,31.43000030517578,31.3799991607666,31.400100708007812,1679,0.0,0.0,0.0
2024-01-08 12:30:00-05:00,31.40999984741211,31.42009925842285,31.399999618530273,31.42009925842285,659,0.0,0.0,0.0
2024-01-08 13:30:00-05:00,31.469999313354492,31.469999313354492,31.469999313354492,31.469999313354492,214,0.0,0.0,0.0
2024-01-08 14:30:00-05:00,31.47480010986328,31.510000228881836,31.47480010986328,31.510000228881836,463,0.0,0.0,0.0
2024-01-08 15:30:00-05:00,31.530000686645508,31.530000686645508,31.530000686645508,31.530000686645508,277,0.0,0.0,0.0
2024-01-09 09:30:00-05:00,31.170799255371094,31.290000915527344,31.170799255371094,31.290000915527344,879,0.0,0.0,0.0
2024-01-09 11:30:00-05:00,31.309999465942383,31.309999465942383,31.295000076293945,31.295000076293945,2603,0.0,0.0,0.0
2024-01-09 12:30:00-05:00,31.31999969482422,31.31999969482422,31.309999465942383,31.309999465942383,2504,0.0,0.0,0.0
2024-01-09 13:30:00-05:00,31.260000228881836,31.309999465942383,31.25,31.270000457763672,4391,0.0,0.0,0.0
2024-01-09 14:30:00-05:00,31.241199493408203,31.260000228881836,31.241199493408203,31.260000228881836,296,0.0,0.0,0.0
2024-01-09 15:30:00-05:00,31.260000228881836,31.270000457763672,31.210100173950195,31.270000457763672,0,0.0,0.0,0.0
2024-01-10 09:30:00-05:00,31.34000015258789,31.375,31.329999923706055,31.375,3146,0.0,0.0,0.0
2024-01-10 10:30:00-05:00,31.5,31.5,31.424999237060547,31.424999237060547,455,0.0,0.0,0.0
2024-01-10 11:30:00-05:00,31.420000076293945,31.420000076293945,31.384700775146484,31.384700775146484,1489,0.0,0.0,0.0
2024-01-10 12:30:00-05:00,31.422100067138672,31.422100067138672,31.422100067138672,31.422100067138672,3314,0.0,0.0,0.0
2024-01-10 13:30:00-05:00,31.43000030517578,31.43000030517578,31.43000030517578,31.43000030517578,135,0.0,0.0,0.0
2024-01-10 14:30:00-05:00,31.459999084472656,31.469999313354492,31.459999084472656,31.469999313354492,200,0.0,0.0,0.0
2024-01-10 15:30:00-05:00,31.479999542236328,31.5,31.450000762939453,31.472700119018555,0,0.0,0.0,0.0
2024-01-11 09:30:00-05:00,31.530000686645508,31.540000915527344,31.489999771118164,31.540000915527344,10325,0.0,0.0,0.0
2024-01-11 11:30:00-05:00,31.270000457763672,31.270000457763672,31.270000457763672,31.270000457763672,445,0.0,0.0,0.0
2024-01-11 12:30:00-05:00,31.270000457763672,31.389999389648438,31.270000457763672,31.389999389648438,540,0.0,0.0,0.0
2024-01-11 14:30:00-05:00,31.469999313354492,31.469999313354492,31.420799255371094,31.420799255371094,1219,0.0,0.0,0.0
2024-01-11 15:30:00-05:00,31.479999542236328,31.549999237060547,31.479999542236328,31.549999237060547,0,0.0,0.0,0.0
2024-01-12 09:30:00-05:00,31.719999313354492,31.719999313354492,31.719999313354492,31.719999313354492,165,0.0,0.0,0.0
2024-01-12 11:30:00-05:00,31.680099487304688,31.680099487304688,31.60099983215332,31.60099983215332,1635,0.0,0.0,0.0
2024-01-12 12:30:00-05:00,31.68000030517578,31.68000030517578,31.68000030517578,31.68000030517578,413,0.0,0.0,0.0
2024-01-12 14:30:00-05:00,31.649999618530273,31.65999984741211,31.649999618530273,31.649999618530273,1014,0.0,0.0,0.0
2024-01-16 09:30:00-05:00,31.268999099731445,31.406999588012695,31.268999099731445,31.406999588012695,0,0.0,0.0,0.0
2024-01-16 10:30:00-05:00,31.350000381469727,31.417800903320312,31.350000381469727,31.417800903320312,784,0.0,0.0,0.0
2024-01-16 12:30:00-05:00,31.276500701904297,31.299999237060547,31.276500701904297,31.299999237060547,5488,0.0,0.0,0.0
2024-01-16 14:30:00-05:00,31.260000228881836,31.290000915527344,31.260000228881836,31.270000457763672,1835,0.0,0.0,0.0
2024-01-16 15:30:00-05:00,31.290000915527344,31.290000915527344,31.280000686645508,31.280000686645508,5559,0.0,0.0,0.0
2024-01-17 09:30:00-05:00,31.1299991607666,31.1299991607666,31.1299991607666,31.1299991607666,0,0.0,0.0,0.0
2024-01-17 10:30:00-05:00,31.065000534057617,31.229999542236328,31.046899795532227,31.229999542236328,0,0.0,0.0,0.0
2024-01-18 09:30:00-05:00,31.360000610351562,31.360000610351562,31.360000610351562,31.360000610351562,226,0.0,0.0,0.0
2024-01-18 10:30:00-05:00,31.450000762939453,31.450000762939453,31.434999465942383,31.434999465942383,374,0.0,0.0,0.0
2024-01-18 11:30:00-05:00,31.489999771118164,31.489999771118164,31.489999771118164,31.489999771118164,325,0.0,0.0,0.0
2024-01-18 12:30:00-05:00,31.420000076293945,31.420000076293945,31.389999389648438,31.389999389648438,354,0.0,0.0,0.0
2024-01-18 13:30:00-05:00,31.420000076293945,31.510000228881836,31.420000076293945,31.510000228881836,917,0.0,0.0,0.0
2024-01-18 14:30:00-05:00,31.530000686645508,31.589000701904297,31.530000686645508,31.559999465942383,0,0.0,0.0,0.0
2024-01-19 10:30:00-05:00,31.37689971923828,31.37689971923828,31.37689971923828,31.37689971923828,398,0.0,0.0,0.0
2024-01-19 11:30:00-05:00,31.3799991607666,31.3799991607666,31.3799991607666,31.3799991607666,1189,0.0,0.0,0.0
2024-01-19 12:30:00-05:00,31.55500030517578,31.55500030517578,31.55500030517578,31.55500030517578,415,0.0,0.0,0.0
2024-01-19 13:30:00-05:00,31.635000228881836,31.635000228881836,31.600000381469727,31.62339973449707,1222,0.0,0.0,0.0
2024-01-19 14:30:00-05:00,31.610000610351562,31.6200008392334,31.600000381469727,31.610000610351562,2854,0.0,0.0,0.0
2024-01-19 15:30:00-05:00,31.610000610351562,31.6299991607666,31.610000610351562,31.6299991607666,485,0.0,0.0,0.0
2024-01-22 09:30:00-05:00,31.881399154663086,31.881399154663086,31.881399154663086,31.881399154663086,347,0.0,0.0,0.0
2024-01-22 11:30:00-05:00,31.860000610351562,31.860000610351562,31.84000015258789,31.846200942993164,3869,0.0,0.0,0.0
2024-01-22 12:30:00-05:00,31.84000015258789,31.84000015258789,31.829999923706055,31.829999923706055,1968,0.0,0.0,0.0
2024-01-22 13:30:00-05:00,31.860000610351562,31.860000610351562,31.860000610351562,31.860000610351562,169,0.0,0.0,0.0
2024-01-22 14:30:00-05:00,31.780000686645508,31.790000915527344,31.780000686645508,31.780000686645508,3830,0.0,0.0,0.0
2024-01-22 15:30:00-05:00,31.760000228881836,31.79800033569336,31.760000228881836,31.780000686645508,993,0.0,0.0,0.0
2024-01-23 09:30:00-05:00,31.610000610351562,31.610000610351562,31.610000610351562,31.610000610351562,0,0.0,0.0,0.0
2024-01-23 11:30:00-05:00,31.5,31.565000534057617,31.5,31.565000534057617,9298,0.0,0.0,0.0
2024-01-23 12:30:00-05:00,31.520099639892578,31.567899703979492,31.520099639892578,31.567899703979492,2006,0.0,0.0,0.0
2024-01-23 13:30:00-05:00,31.649999618530273,31.649999618530273,31.649999618530273,31.649999618530273,254,0.0,0.0,0.0
2024-01-23 14:30:00-05:00,31.685199737548828,31.685199737548828,31.639999389648438,31.65999984741211,0,0.0,0.0,0.0
2024-01-24 09:30:00-05:00,32.11000061035156,32.125999450683594,32.11000061035156,32.12200164794922,960,0.0,0.0,0.0
2024-01-24 10:30:00-05:00,32.04999923706055,32.04999923706055,32.04999923706055,32.04999923706055,1963,0.0,0.0,0.0
2024-01-24 11:30:00-05:00,32.130001068115234,32.130001068115234,32.130001068115234,32.130001068115234,465,0.0,0.0,0.0
2024-01-24 14:30:00-05:00,32.02000045776367,32.02000045776367,31.93000030517578,31.93000030517578,0,0.0,0.0,0.0
2024-01-25 10:30:00-05:00,32.04999923706055,32.060001373291016,32.04999923706055,32.060001373291016,500,0.0,0.0,0.0
2024-01-25 11:30:00-05:00,32.12900161743164,32.12900161743164,32.099998474121094,32.119998931884766,1230,0.0,0.0,0.0
2024-01-25 12:30:00-05:00,32.03160095214844,32.03160095214844,32.03160095214844,32.03160095214844,133,0.0,0.0,0.0
2024-01-25 13:30:00-05:00,32.060001373291016,32.060001373291016,32.060001373291016,32.060001373291016,501,0.0,0.0,0.0
2024-01-25 14:30:00-05:00,32.06999969482422,32.099998474121094,32.029998779296875,32.098899841308594,4377,0.0,0.0,0.0
2024-01-25 15:30:00-05:00,32.07699966430664,32.13999938964844,32.07699966430664,32.13999938964844,0,0.0,0.0,0.0
2024-01-26 09:30:00-05:00,32.13999938964844,32.169898986816406,32.097801208496094,32.169898986816406,866,0.0,0.0,0.0
2024-01-26 10:30:00-05:00,32.13999938964844,32.150001525878906,32.13999938964844,32.150001525878906,4661,0.0,0.0,0.0
2024-01-26 13:30:00-05:00,32.080299377441406,32.080299377441406,32.080299377441406,32.080299377441406,137,0.0,0.0,0.0
2024-01-26 14:30:00-05:00,32.125,32.18000030517578,32.09700012207031,32.18000030517578,768,0.0,0.0,0.0
2024-01-26 15:30:00-05:00,32.13999938964844,32.16999816894531,32.13050079345703,32.16999816894531,643,0.0,0.0,0.0
2024-01-29 10:30:00-05:00,32.06999969482422,32.099998474121094,32.06999969482422,32.099998474121094,3331,0.0,0.0,0.0
2024-01-29 11:30:00-05:00,32.099998474121094,32.11000061035156,32.099998474121094,32.11000061035156,818,0.0,0.0,0.0
2024-01-29 13:30:00-05:00,32.15999984741211,32.15999984741211,32.15999984741211,32.15999984741211,226,0.0,0.0,0.0
2024-01-29 14:30:00-05:00,32.369998931884766,32.400001525878906,32.369998931884766,32.380001068115234,0,0.0,0.0,0.0
2024-01-30 10:30:00-05:00,32.28879928588867,32.28879928588867,32.28879928588867,32.28879928588867,930,0.0,0.0,0.0
2024-01-30 11:30:00-05:00,32.400001525878906,32.400001525878906,32.349098205566406,32.349098205566406,1529,0.0,0.0,0.0
2024-01-30 12:30:00-05:00,32.316001892089844,32.345001220703125,32.316001892089844,32.345001220703125,859,0.0,0.0,0.0
2024-01-30 13:30:00-05:00,32.320098876953125,32.320098876953125,32.320098876953125,32.320098876953125,162,0.0,0.0,0.0
2024-01-30 14:30:00-05:00,32.35100173950195,32.4203987121582,32.35100173950195,32.40999984741211,2894,0.0,0.0,0.0
2024-01-30 15:30:00-05:00,32.369998931884766,32.43000030517578,32.369998931884766,32.43000030517578,433,0.0,0.0,0.0
2024-01-31 09:30:00-05:00,32.52000045776367,32.58729934692383,32.52000045776367,32.58729934692383,0,0.0,0.0,0.0
2024-01-31 11:30:00-05:00,32.39849853515625,32.39849853515625,32.39849853515625,32.39849853515625,161,0.0,0.0,0.0
2024-01-31 12:30:00-05:00,32.47999954223633,32.47999954223633,32.46500015258789,32.46500015258789,786,0.0,0.0,0.0
2024-01-31 13:30:00-05:00,32.494998931884766,32.494998931884766,32.40999984741211,32.40999984741211,656,0.0,0.0,0.0
2024-01-31 14:30:00-05:00,32.52619934082031,32.5276985168457,32.16999816894531,32.25,3482,0.0,0.0,0.0
2024-02-01 09:30:00-05:00,32.27000045776367,32.310001373291016,32.27000045776367,32.310001373291016,0,0.0,0.0,0.0
2024-02-01 10:30:00-05:00,32.2599983215332,32.2599983215332,32.22999954223633,32.22999954223633,21509,0.0,0.0,0.0
2024-02-01 11:30:00-05:00,32.25,32.42499923706055,32.25,32.40999984741211,3550,0.0,0.0,0.0
2024-02-01 12:30:00-05:00,32.369998931884766,32.40999984741211,32.36000061035156,32.404998779296875,2174,0.0,0.0,0.0
2024-02-01 13:30:00-05:00,32.43000030517578,32.459999084472656,32.41339874267578,32.459999084472656,8392,0.0,0.0,0.0
2024-02-01 14:30:00-05:00,32.47520065307617,32.47520065307617,32.440101623535156,32.440101623535156,2305,0.0,0.0,0.0
2024-02-01 15:30:00-05:00,32.494998931884766,32.560001373291016,32.494998931884766,32.560001373291016,0,0.0,0.0,0.0
2024-02-02 09:30:00-05:00,32.18000030517578,32.2400016784668,32.18000030517578,32.22529983520508,1676,0.0,0.0,0.0
2024-02-02 10:30:00-05:00,32.15999984741211,32.17499923706055,32.14149856567383,32.17499923706055,1893,0.0,0.0,0.0
2024-02-02 12:30:00-05:00,32.13999938964844,32.13999938964844,32.13999938964844,32.13999938964844,182,0.0,0.0,0.0
2024-02-02 14:30:00-05:00,32.19599914550781,32.2400016784668,32.19599914550781,32.22999954223633,665,0.0,0.0,0.0
2024-02-05 09:30:00-05:00,32.06999969482422,32.06999969482422,32.06999969482422,32.06999969482422,0,0.0,0.0,0.0
2024-02-05 12:30:00-05:00,32.029998779296875,32.029998779296875,32.029998779296875,32.029998779296875,187,0.0,0.0,0.0
2024-02-05 13:30:00-05:00,32.10499954223633,32.11000061035156,32.03499984741211,32.03499984741211,2967,0.0,0.0,0.0
2024-02-05 14:30:00-05:00,32.053001403808594,32.053001403808594,32.029998779296875,32.029998779296875,568,0.0,0.0,0.0
2024-02-05 15:30:00-05:00,31.98069953918457,31.98069953918457,31.98069953918457,31.98069953918457,1791,0.0,0.0,0.0
2024-02-06 09:30:00-05:00,32.130001068115234,32.15999984741211,32.130001068115234,32.15999984741211,736,0.0,0.0,0.0
2024-02-06 10:30:00-05:00,32.13629913330078,32.15999984741211,32.13629913330078,32.15999984741211,541,0.0,0.0,0.0
2024-02-06 11:30:00-05:00,32.2400016784668,32.2400016784668,32.150001525878906,32.15999984741211,5567,0.0,0.0,0.0
2024-02-06 12:30:00-05:00,32.15999984741211,32.15999984741211,32.12160110473633,32.12160110473633,1203,0.0,0.0,0.0
2024-02-06 13:30:00-05:00,32.2400016784668,32.2400016784668,32.209999084472656,32.2400016784668,700,0.0,0.0,0.0
2024-02-06 14:30:00-05:00,32.2400016784668,32.310001373291016,32.150001525878906,32.310001373291016,3357,0.0,0.0,0.0
2024-02-06 15:30:00-05:00,32.310001373291016,32.310001373291016,32.2400016784668,32.25,6409,0.0,0.0,0.0
2024-02-07 09:30:00-05:00,32.31999969482422,32.31999969482422,32.31999969482422,32.31999969482422,0,0.0,0.0,0.0
2024-02-07 10:30:00-05:00,32.40999984741211,32.43000030517578,32.400001525878906,32.43000030517578,4199,0.0,0.0,0.0
2024-02-07 13:30:00-05:00,32.400001525878906,32.43830108642578,32.400001525878906,32.43830108642578,1983,0.0,0.0,0.0
2024-02-07 14:30:00-05:00,32.38850021362305,32.41999816894531,32.349998474121094,32.41999816894531,0,0.0,0.0,0.0
2024-02-08 09:30:00-05:00,32.310001373291016,32.310001373291016,32.25,32.310001373291016,12605,0.0,0.0,0.0
2024-02-08 10:30:00-05:00,32.33000183105469,32.33000183105469,32.16999816894531,32.33000183105469,1555,0.0,0.0,0.0
2024-02-08 11:30:00-05:00,32.272499084472656,32.29999923706055,32.272499084472656,32.279998779296875,2279,0.0,0.0,0.0
2024-02-08 12:30:00-05:00,32.354000091552734,32.369998931884766,32.209999084472656,32.229000091552734,2582,0.0,0.0,0.0
2024-02-08 13:30:00-05:00,32.369998931884766,32.369998931884766,32.34000015258789,32.34000015258789,1840,0.0,0.0,0.0
2024-02-08 14:30:00-05:00,32.349998474121094,32.349998474121094,32.34000015258789,32.34000015258789,7181,0.0,0.0,0.0
2024-02-08 15:30:00-05:00,32.34000015258789,32.349998474121094,32.34000015258789,32.349998474121094,0,0.0,0.0,0.0
2024-02-09 09:30:00-05:00,32.373199462890625,32.373199462890625,32.373199462890625,32.373199462890625,772,0.0,0.0,0.0
2024-02-09 10:30:00-05:00,32.44020080566406,32.529998779296875,32.44020080566406,32.529998779296875,1923,0.0,0.0,0.0
2024-02-09 11:30:00-05:00,32.529998779296875,32.529998779296875,32.529998779296875,32.529998779296875,1793,0.0,0.0,0.0
2024-02-09 12:30:00-05:00,32.529998779296875,32.59000015258789,32.529998779296875,32.529998779296875,2873,0.0,0.0,0.0
2024-02-09 13:30:00-05:00,32.59000015258789,32.68000030517578,32.59000015258789,32.61000061035156,4362,0.0,0.0,0.0
2024-02-09 14:30:00-05:00,32.68000030517578,32.68000030517578,32.61000061035156,32.68000030517578,1708,0.0,0.0,0.0
2024-02-09 15:30:00-05:00,32.61000061035156,32.68000030517578,32.529998779296875,32.68000030517578,4209,0.0,0.0,0.0
2024-02-12 10:30:00-05:00,32.567100524902344,32.59379959106445,32.567100524902344,32.59379959106445,479,0.0,0.0,0.0
2024-02-12 11:30:00-05:00,32.66999816894531,32.66999816894531,32.6526985168457,32.6526985168457,1387,0.0,0.0,0.0
2024-02-12 12:30:00-05:00,32.64500045776367,32.64500045776367,32.64500045776367,32.64500045776367,376,0.0,0.0,0.0
2024-02-12 13:30:00-05:00,32.68000030517578,32.68000030517578,32.619998931884766,32.63999938964844,2721,0.0,0.0,0.0
2024-02-12 14:30:00-05:00,32.55289840698242,32.63999938964844,32.523101806640625,32.619998931884766,3329,0.0,0.0,0.0
2024-02-12 15:30:00-05:00,32.619998931884766,32.619998931884766,32.540000915527344,32.540000915527344,0,0.0,0.0,0.0
2024-02-13 10:30:00-05:00,32.06999969482422,32.11000061035156,32.06999969482422,32.11000061035156,1020,0.0,0.0,0.0
2024-02-13 11:30:00-05:00,32.150001525878906,32.150001525878906,32.150001525878906,32.150001525878906,285,0.0,0.0,0.0
2024-02-13 12:30:00-05:00,32.0,32.033599853515625,32.0,32.033599853515625,639,0.0,0.0,0.0
2024-02-13 13:30:00-05:00,31.979999542236328,32.012001037597656,31.895000457763672,31.918399810791016,1736,0.0,0.0,0.0
2024-02-13 14:30:00-05:00,31.915599822998047,31.915599822998047,31.860000610351562,31.860000610351562,636,0.0,0.0,0.0
2024-02-13 15:30:00-05:00,31.850000381469727,31.989999771118164,31.850000381469727,31.989999771118164,8969,0.0,0.0,0.0
2024-02-14 09:30:00-05:00,32.2599983215332,32.40999984741211,32.2599983215332,32.40999984741211,0,0.0,0.0,0.0
2024-02-14 10:30:00-05:00,32.3650016784668,32.3650016784668,32.3650016784668,32.3650016784668,1100,0.0,0.0,0.0
2024-02-14 11:30:00-05:00,32.41999816894531,32.43000030517578,32.3849983215332,32.3849983215332,5856,0.0,0.0,0.0
2024-02-14 12:30:00-05:00,32.41999816894531,32.41999816894531,32.41999816894531,32.41999816894531,7430,0.0,0.0,0.0
2024-02-14 13:30:00-05:00,32.439998626708984,32.45869827270508,32.290000915527344,32.45869827270508,5167,0.0,0.0,0.0
2024-02-14 14:30:00-05:00,32.430999755859375,32.497398376464844,32.430999755859375,32.497398376464844,1657,0.0,0.0,0.0
2024-02-14 15:30:00-05:00,32.525001525878906,32.61000061035156,32.525001525878906,32.61000061035156,818,0.0,0.0,0.0
2024-02-15 09:30:00-05:00,32.7599983215332,32.7599983215332,32.72999954223633,32.72999954223633,0,0.0,0.0,0.0
2024-02-15 10:30:00-05:00,32.790000915527344,32.790000915527344,32.77000045776367,32.77000045776367,3716,0.0,0.0,0.0
2024-02-15 11:30:00-05:00,32.77000045776367,32.77000045776367,32.77000045776367,32.77000045776367,302,0.0,0.0,0.0
2024-02-15 12:30:00-05:00,32.810001373291016,32.91999816894531,32.810001373291016,32.91999816894531,5606,0.0,0.0,0.0
2024-02-15 14:30:00-05:00,32.93000030517578,33.02000045776367,32.93000030517578,33.02000045776367,2697,0.0,0.0,0.0
2024-02-16 09:30:00-05:00,32.93000030517578,32.93000030517578,32.93000030517578,32.93000030517578,0,0.0,0.0,0.0
2024-02-16 10:30:00-05:00,33.029998779296875,33.029998779296875,33.029998779296875,33.029998779296875,204,0.0,0.0,0.0
2024-02-16 11:30:00-05:00,33.119998931884766,33.119998931884766,33.119998931884766,33.119998931884766,100,0.0,0.0,0.0
2024-02-16 12:30:00-05:00,33.119998931884766,33.119998931884766,33.0525016784668,33.05500030517578,400,0.0,0.0,0.0
2024-02-16 13:30:00-05:00,33.11000061035156,33.119998931884766,33.06999969482422,33.119998931884766,742,0.0,0.0,0.0
2024-02-16 14:30:00-05:00,33.03089904785156,33.125,32.97159957885742,33.029998779296875,3321,0.0,0.0,0.0
2024-02-16 15:30:00-05:00,33.02000045776367,33.02000045776367,32.93000030517578,32.93000030517578,100,0.0,0.0,0.0
2024-02-20 09:30:00-05:00,33.029998779296875,33.029998779296875,33.02000045776367,33.02000045776367,0,0.0,0.0,0.0
2024-02-20 11:30:00-05:00,33.040000915527344,33.040000915527344,33.040000915527344,33.040000915527344,47615,0.0,0.0,0.0
2024-02-20 13:30:00-05:00,33.04999923706055,33.07500076293945,33.04999923706055,33.06999969482422,1201,0.0,0.0,0.0
2024-02-20 14:30:00-05:00,33.08000183105469,33.11629867553711,33.05799865722656,33.11629867553711,2070,0.0,0.0,0.0
2024-02-20 15:30:00-05:00,33.150001525878906,33.150001525878906,33.099998474121094,33.099998474121094,0,0.0,0.0,0.0
2024-02-21 09:30:00-05:00,33.02000045776367,33.02000045776367,33.02000045776367,33.02000045776367,707,0.0,0.0,0.0
2024-02-21 10:30:00-05:00,33.136600494384766,33.136600494384766,32.9900016784668,32.9900016784668,2660,0.0,0.0,0.0
2024-02-21 11:30:00-05:00,33.06999969482422,33.07500076293945,33.04999923706055,33.064998626708984,4513,0.0,0.0,0.0
2024-02-21 12:30:00-05:00,33.064998626708984,33.06999969482422,33.02000045776367,33.06999969482422,3989,0.0,0.0,0.0
2024-02-21 13:30:00-05:00,33.05500030517578,33.05500030517578,32.91999816894531,32.91999816894531,3456,0.0,0.0,0.0
2024-02-21 14:30:00-05:00,33.10449981689453,33.10449981689453,33.10449981689453,33.10449981689453,684,0.0,0.0,0.0
2024-02-21 15:30:00-05:00,32.97119903564453,33.099998474121094,32.97119903564453,33.099998474121094,0,0.0,0.0,0.0
2024-02-22 09:30:00-05:00,33.619998931884766,33.630001068115234,33.599998474121094,33.599998474121094,1022,0.0,0.0,0.0
2024-02-22 10:30:00-05:00,33.58000183105469,33.58000183105469,33.56999969482422,33.56999969482422,776,0.0,0.0,0.0
2024-02-22 13:30:00-05:00,33.65999984741211,33.689998626708984,33.65999984741211,33.689998626708984,0,0.0,0.0,0.0
2024-02-23 10:30:00-05:00,33.7400016784668,33.74869918823242,33.72999954223633,33.74869918823242,1474,0.0,0.0,0.0
2024-02-23 11:30:00-05:00,33.65829849243164,33.65829849243164,33.65829849243164,33.65829849243164,563,0.0,0.0,0.0
2024-02-23 12:30:00-05:00,33.7599983215332,33.84400177001953,33.66999816894531,33.66999816894531,7489,0.0,0.0,0.0
2024-02-23 13:30:00-05:00,33.76499938964844,33.8489990234375,33.660099029541016,33.660099029541016,1223,0.0,0.0,0.0
2024-02-23 14:30:00-05:00,33.724998474121094,33.8135986328125,33.724998474121094,33.8135986328125,886,0.0,0.0,0.0
2024-02-23 15:30:00-05:00,33.724998474121094,33.84000015258789,33.63999938964844,33.810001373291016,7089,0.0,0.0,0.0
2024-02-26 09:30:00-05:00,33.79999923706055,33.79999923706055,33.79999923706055,33.79999923706055,0,0.0,0.0,0.0
2024-02-26 10:30:00-05:00,33.81999969482422,33.81999969482422,33.81999969482422,33.81999969482422,1102,0.0,0.0,0.0
2024-02-26 11:30:00-05:00,33.7411994934082,33.90999984741211,33.7411994934082,33.90999984741211,871,0.0,0.0,0.0
2024-02-26 12:30:00-05:00,33.80979919433594,33.80979919433594,33.79999923706055,33.79999923706055,13947,0.0,0.0,0.0
2024-02-26 13:30:00-05:00,33.73400115966797,33.73400115966797,33.73400115966797,33.73400115966797,245,0.0,0.0,0.0
2024-02-26 14:30:00-05:00,33.775001525878906,33.775001525878906,33.775001525878906,33.775001525878906,448,0.0,0.0,0.0
2024-02-26 15:30:00-05:00,33.829898834228516,33.829898834228516,33.77880096435547,33.77880096435547,1531,0.0,0.0,0.0
2024-02-27 09:30:00-05:00,33.810001373291016,33.810001373291016,33.720001220703125,33.720001220703125,0,0.0,0.0,0.0
2024-02-27 10:30:00-05:00,33.7400016784668,33.779998779296875,33.720001220703125,33.779998779296875,9123,0.0,0.0,0.0
2024-02-27 11:30:00-05:00,33.810001373291016,33.810001373291016,33.810001373291016,33.810001373291016,2329,0.0,0.0,0.0
2024-02-27 12:30:00-05:00,33.79970169067383,33.79970169067383,33.79970169067383,33.79970169067383,1120,0.0,0.0,0.0
2024-02-27 13:30:00-05:00,33.79999923706055,33.79999923706055,33.720001220703125,33.720001220703125,1702,0.0,0.0,0.0
2024-02-27 14:30:00-05:00,33.760101318359375,33.760101318359375,33.63999938964844,33.724998474121094,765,0.0,0.0,0.0
2024-02-27 15:30:00-05:00,33.7400016784668,33.7400016784668,33.70000076293945,33.70000076293945,100,0.0,0.0,0.0
2024-02-28 09:30:00-05:00,33.470001220703125,33.4901008605957,33.470001220703125,33.4901008605957,0,0.0,0.0,0.0
2024-02-28 10:30:00-05:00,33.58409881591797,33.61000061035156,33.540000915527344,33.61000061035156,5303,0.0,0.0,0.0
2024-02-28 11:30:00-05:00,33.599998474121094,33.7400016784668,33.599998474121094,33.7400016784668,3129,0.0,0.0,0.0
2024-02-28 13:30:00-05:00,33.66999816894531,33.7599983215332,33.59000015258789,33.59000015258789,0,0.0,0.0,0.0
2024-02-29 10:30:00-05:00,33.705101013183594,33.705101013183594,33.705101013183594,33.705101013183594,243,0.0,0.0,0.0
2024-02-29 11:30:00-05:00,33.630001068115234,33.630001068115234,33.5,33.5,9446,0.0,0.0,0.0
2024-02-29 12:30:00-05:00,33.540000915527344,33.61000061035156,33.540000915527344,33.61000061035156,2771,0.0,0.0,0.0
2024-02-29 14:30:00-05:00,33.66999816894531,33.680999755859375,33.66999816894531,33.680999755859375,3767,0.0,0.0,0.0
2024-03-01 09:30:00-05:00,33.72999954223633,33.77000045776367,33.72999954223633,33.77000045776367,0,0.0,0.0,0.0
2024-03-01 10:30:00-05:00,33.81269836425781,33.89400100708008,33.76100158691406,33.76359939575195,11572,0.0,0.0,0.0
2024-03-01 11:30:00-05:00,33.849998474121094,33.849998474121094,33.849998474121094,33.849998474121094,382,0.0,0.0,0.0
2024-03-01 12:30:00-05:00,33.849998474121094,33.8739013671875,33.75,33.750099182128906,25058,0.0,0.0,0.0
2024-03-01 13:30:00-05:00,33.849998474121094,33.970001220703125,33.83470153808594,33.970001220703125,6427,0.0,0.0,0.0
2024-03-01 14:30:00-05:00,33.92610168457031,33.92610168457031,33.92610168457031,33.92610168457031,258,0.0,0.0,0.0
2024-03-04 10:30:00-05:00,33.85599899291992,33.900001525878906,33.85599899291992,33.900001525878906,707,0.0,0.0,0.0
2024-03-04 11:30:00-05:00,33.959999084472656,33.970001220703125,33.900001525878906,33.96500015258789,4154,0.0,0.0,0.0
2024-03-04 12:30:00-05:00,34.040000915527344,34.040000915527344,33.880001068115234,33.959999084472656,49953,0.0,0.0,0.0
2024-03-04 13:30:00-05:00,33.939998626708984,33.939998626708984,33.897300720214844,33.897300720214844,949,0.0,0.0,0.0
2024-03-04 14:30:00-05:00,33.939998626708984,33.97999954223633,33.939998626708984,33.959999084472656,2964,0.0,0.0,0.0
2024-03-04 15:30:00-05:00,33.86000061035156,33.95000076293945,33.86000061035156,33.95000076293945,0,0.0,0.0,0.0
2024-03-05 11:30:00-05:00,33.755001068115234,33.755001068115234,33.755001068115234,33.755001068115234,1492,0.0,0.0,0.0
2024-03-05 12:30:00-05:00,33.720001220703125,33.720001220703125,33.70500183105469,33.70500183105469,477,0.0,0.0,0.0
2024-03-05 14:30:00-05:00,33.59000015258789,33.599998474121094,33.59000015258789,33.599998474121094,1567,0.0,0.0,0.0
2024-03-05 15:30:00-05:00,33.630001068115234,33.630001068115234,33.619998931884766,33.619998931884766,379,0.0,0.0,0.0
2024-03-06 09:30:00-05:00,33.869998931884766,33.869998931884766,33.869998931884766,33.869998931884766,0,0.0,0.0,0.0
2024-03-06 10:30:00-05:00,33.880001068115234,34.029998779296875,33.880001068115234,34.029998779296875,4029,0.0,0.0,0.0
2024-03-06 11:30:00-05:00,33.97999954223633,33.97999954223633,33.97999954223633,33.97999954223633,31609,0.0,0.0,0.0
2024-03-06 12:30:00-05:00,34.084999084472656,34.084999084472656,34.084999084472656,34.084999084472656,417,0.0,0.0,0.0
2024-03-06 14:30:00-05:00,33.959999084472656,33.959999084472656,33.959999084472656,33.959999084472656,100,0.0,0.0,0.0
2024-03-06 15:30:00-05:00,33.94499969482422,33.970001220703125,33.94499969482422,33.970001220703125,512,0.0,0.0,0.0
2024-03-07 09:30:00-05:00,34.189998626708984,34.189998626708984,34.189998626708984,34.189998626708984,0,0.0,0.0,0.0
2024-03-07 10:30:00-05:00,34.33000183105469,34.400001525878906,34.27000045776367,34.38999938964844,4936,0.0,0.0,0.0
2024-03-07 11:30:00-05:00,34.47999954223633,34.47999954223633,34.470001220703125,34.470001220703125,598,0.0,0.0,0.0
2024-03-07 12:30:00-05:00,34.41999816894531,34.4900016784668,34.41999816894531,34.4900016784668,9499,0.0,0.0,0.0
2024-03-07 13:30:00-05:00,34.505001068115234,34.505001068115234,34.505001068115234,34.505001068115234,779,0.0,0.0,0.0
2024-03-07 14:30:00-05:00,34.529998779296875,34.529998779296875,34.459999084472656,34.459999084472656,0,0.0,0.0,0.0
2024-03-08 09:30:00-05:00,34.34389877319336,34.34389877319336,34.34389877319336,34.34389877319336,1536,0.0,0.0,0.0
2024-03-08 10:30:00-05:00,34.3849983215332,34.3849983215332,34.33000183105469,34.33000183105469,1363,0.0,0.0,0.0
2024-03-08 11:30:00-05:00,34.31999969482422,34.31999969482422,34.21699905395508,34.21699905395508,2425,0.0,0.0,0.0
2024-03-08 12:30:00-05:00,34.25,34.25,34.119998931884766,34.119998931884766,14643,0.0,0.0,0.0
2024-03-08 13:30:00-05:00,34.119998931884766,34.119998931884766,34.119998931884766,34.119998931884766,205,0.0,0.0,0.0
2024-03-08 14:30:00-05:00,34.189998626708984,34.25,34.18000030517578,34.18000030517578,42946,0.0,0.0,0.0
2024-03-11 09:30:00-04:00,33.880001068115234,33.880001068115234,33.880001068115234,33.880001068115234,0,0.0,0.0,0.0
2024-03-11 10:30:00-04:00,33.81999969482422,33.81999969482422,33.81999969482422,33.81999969482422,541,0.0,0.0,0.0
2024-03-11 11:30:00-04:00,33.81999969482422,33.82500076293945,33.810699462890625,33.82500076293945,1157,0.0,0.0,0.0
2024-03-11 12:30:00-04:00,33.87910079956055,33.87910079956055,33.87910079956055,33.87910079956055,704,0.0,0.0,0.0
2024-03-11 13:30:00-04:00,33.904998779296875,33.904998779296875,33.904998779296875,33.904998779296875,1067,0.0,0.0,0.0
2024-03-11 14:30:00-04:00,33.925201416015625,33.970401763916016,33.925201416015625,33.970401763916016,211,0.0,0.0,0.0
2024-03-12 09:30:00-04:00,34.0099983215332,34.0099983215332,34.0099983215332,34.0099983215332,0,0.0,0.0,0.0
2024-03-12 10:30:00-04:00,34.16999816894531,34.199100494384766,34.16999816894531,34.199100494384766,450,0.0,0.0,0.0
2024-03-12 11:30:00-04:00,34.220001220703125,34.220001220703125,34.220001220703125,34.220001220703125,197,0.0,0.0,0.0
2024-03-12 12:30:00-04:00,34.224998474121094,34.224998474121094,34.224998474121094,34.224998474121094,801,0.0,0.0,0.0
2024-03-12 13:30:00-04:00,34.2599983215332,34.27000045776367,34.2599983215332,34.27000045776367,5425,0.0,0.0,0.0
2024-03-12 14:30:00-04:00,34.290000915527344,34.38999938964844,34.25,34.38999938964844,0,0.0,0.0,0.0
2024-03-13 09:30:00-04:00,34.32680130004883,34.32680130004883,34.32680130004883,34.32680130004883,656,0.0,0.0,0.0
2024-03-13 10:30:00-04:00,34.27000045776367,34.27000045776367,34.27000045776367,34.27000045776367,467,0.0,0.0,0.0
2024-03-13 13:30:00-04:00,34.26359939575195,34.26359939575195,34.26359939575195,34.26359939575195,124,0.0,0.0,0.0
2024-03-13 14:30:00-04:00,34.2411003112793,34.275001525878906,34.22010040283203,34.22010040283203,1506,0.0,0.0,0.0
2024-03-13 15:30:00-04:00,34.22999954223633,34.22999954223633,34.220001220703125,34.220001220703125,0,0.0,0.0,0.0
2024-03-14 10:30:00-04:00,34.17359924316406,34.17359924316406,34.17359924316406,34.17359924316406,239,0.0,0.0,0.0
2024-03-14 12:30:00-04:00,34.08729934692383,34.08729934692383,34.08729934692383,34.08729934692383,360,0.0,0.0,0.0
2024-03-14 15:30:00-04:00,34.0099983215332,34.0099983215332,34.0099983215332,34.0099983215332,216,0.0,0.0,0.0
2024-03-15 09:30:00-04:00,34.09000015258789,34.09000015258789,34.09000015258789,34.09000015258789,188,0.0,0.0,0.0
2024-03-15 10:30:00-04:00,34.111000061035156,34.17509841918945,34.10499954223633,34.17509841918945,1412,0.0,0.0,0.0
2024-03-15 13:30:00-04:00,34.0,34.080101013183594,33.97010040283203,34.080101013183594,2402,0.0,0.0,0.0
2024-03-15 14:30:00-04:00,34.095001220703125,34.095001220703125,34.095001220703125,34.095001220703125,720,0.0,0.0,0.0
2024-03-18 10:30:00-04:00,34.02840042114258,34.12879943847656,34.02840042114258,34.12879943847656,581,0.0,0.0,0.0
2024-03-18 12:30:00-04:00,33.97779846191406,33.97779846191406,33.97779846191406,33.97779846191406,668,0.0,0.0,0.0
2024-03-18 13:30:00-04:00,34.025001525878906,34.066200256347656,34.010101318359375,34.066200256347656,510,0.0,0.0,0.0
2024-03-18 14:30:00-04:00,34.0,34.0,34.0,34.0,200,0.0,0.0,0.0
2024-03-18 15:30:00-04:00,33.99689865112305,33.99689865112305,33.99689865112305,33.99689865112305,1636,0.0,0.0,0.0
2024-03-19 10:30:00-04:00,33.939998626708984,33.97999954223633,33.939998626708984,33.97999954223633,491,0.0,0.0,0.0
2024-03-19 11:30:00-04:00,33.90999984741211,33.92839813232422,33.90999984741211,33.92839813232422,386,0.0,0.0,0.0
2024-03-19 12:30:00-04:00,34.15890121459961,34.15890121459961,34.15890121459961,34.15890121459961,565,0.0,0.0,0.0
2024-03-19 14:30:00-04:00,34.13999938964844,34.13999938964844,34.13999938964844,34.13999938964844,270,0.0,0.0,0.0
2024-03-20 09:30:00-04:00,34.165000915527344,34.165000915527344,34.165000915527344,34.165000915527344,1057,0.0,0.0,0.0
2024-03-20 10:30:00-04:00,34.150001525878906,34.17499923706055,34.150001525878906,34.17169952392578,846,0.0,0.0,0.0
2024-03-20 12:30:00-04:00,34.140098571777344,34.2140007019043,34.140098571777344,34.2140007019043,733,0.0,0.0,0.0
2024-03-20 14:30:00-04:00,34.260101318359375,34.529998779296875,34.2599983215332,34.4276008605957,1763,0.0,0.0,0.0
2024-03-20 15:30:00-04:00,34.54999923706055,34.54999923706055,34.54999923706055,34.54999923706055,449,0.0,0.0,0.0
2024-03-21 10:30:00-04:00,34.630001068115234,34.647098541259766,34.630001068115234,34.647098541259766,616,0.0,0.0,0.0
2024-03-21 12:30:00-04:00,34.720001220703125,34.720001220703125,34.720001220703125,34.720001220703125,452,0.0,0.0,0.0
2024-03-21 13:30:00-04:00,34.720001220703125,34.720001220703125,34.720001220703125,34.720001220703125,1263,0.0,0.0,0.0
2024-03-21 14:30:00-04:00,34.58000183105469,34.597599029541016,34.58000183105469,34.597599029541016,377,0.0,0.0,0.0
2024-03-22 09:30:00-04:00,34.57889938354492,34.57889938354492,34.51499938964844,34.51499938964844,1100,0.0,0.0,0.0
2024-03-22 10:30:00-04:00,34.470001220703125,34.470001220703125,34.470001220703125,34.470001220703125,533,0.0,0.0,0.0
2024-03-22 13:30:00-04:00,34.474998474121094,34.53099822998047,34.474998474121094,34.52989959716797,952,0.0,0.0,0.0
2024-03-22 14:30:00-04:00,34.46500015258789,34.519901275634766,34.46500015258789,34.519901275634766,613,0.0,0.0,0.0
2024-03-22 15:30:00-04:00,34.41999816894531,34.41999816894531,34.41999816894531,34.41999816894531,247,0.0,0.0,0.0
2024-03-25 09:30:00-04:00,34.380001068115234,34.380001068115234,34.380001068115234,34.380001068115234,619,0.0,0.0,0.0
2024-03-25 11:30:00-04:00,34.57830047607422,34.57830047607422,34.56809997558594,34.56809997558594,1091,0.0,0.0,0.0
2024-03-25 12:30:00-04:00,34.494998931884766,34.494998931884766,34.494998931884766,34.494998931884766,167,0.0,0.0,0.0
2024-03-25 13:30:00-04:00,34.5015983581543,34.5015983581543,34.5015983581543,34.5015983581543,3040,0.0,0.0,0.0
2024-03-25 14:30:00-04:00,34.510101318359375,34.510101318359375,34.510101318359375,34.510101318359375,184,0.0,0.0,0.0
2024-03-26 09:30:00-04:00,34.59000015258789,34.59000015258789,34.59000015258789,34.59000015258789,324,0.0,0.0,0.0
2024-03-26 11:30:00-04:00,34.62730026245117,34.62730026245117,34.529998779296875,34.599998474121094,4125,0.0,0.0,0.0
2024-03-26 12:30:00-04:00,34.605098724365234,34.605098724365234,34.605098724365234,34.605098724365234,0,0.0,0.0,0.0
2024-03-26 13:30:00-04:00,34.60499954223633,34.60499954223633,34.60499954223633,34.60499954223633,192,0.0,0.0,0.0
2024-03-26 14:30:00-04:00,34.61000061035156,34.61000061035156,34.61000061035156,34.61000061035156,516,0.0,0.0,0.0
2024-03-26 15:30:00-04:00,34.650001525878906,34.650001525878906,34.45000076293945,34.45000076293945,453,0.0,0.0,0.0
2024-03-27 09:30:00-04:00,34.5099983215332,34.65999984741211,34.5099983215332,34.65999984741211,1105,0.0,0.0,0.0
2024-03-27 11:30:00-04:00,34.555999755859375,34.56999969482422,34.45100021362305,34.45100021362305,933,0.0,0.0,0.0
2024-03-27 12:30:00-04:00,34.547698974609375,34.547698974609375,34.547698974609375,34.547698974609375,583,0.0,0.0,0.0
2024-03-27 15:30:00-04:00,34.56999969482422,34.59000015258789,34.56999969482422,34.59000015258789,600,0.0,0.0,0.0
2024-03-28 10:30:00-04:00,34.564998626708984,34.565101623535156,34.54999923706055,34.54999923706055,997,0.0,0.0,0.0
2024-03-28 14:30:00-04:00,34.5343017578125,34.5343017578125,34.5343017578125,34.5343017578125,394,0.0,0.0,0.0
2024-04-01 09:30:00-04:00,34.38999938964844,34.38999938964844,34.38999938964844,34.38999938964844,0,0.0,0.0,0.0
2024-04-01 10:30:00-04:00,34.51499938964844,34.51499938964844,34.51499938964844,34.51499938964844,291,0.0,0.0,0.0
2024-04-01 11:30:00-04:00,34.279998779296875,34.279998779296875,34.279998779296875,34.279998779296875,184,0.0,0.0,0.0
2024-04-01 12:30:00-04:00,34.3849983215332,34.3849983215332,34.3849983215332,34.3849983215332,398,0.0,0.0,0.0
2024-04-01 13:30:00-04:00,34.416500091552734,34.416500091552734,34.416500091552734,34.416500091552734,381,0.0,0.0,0.0
2024-04-02 09:30:00-04:00,34.119998931884766,34.119998931884766,34.119998931884766,34.119998931884766,1109,0.0,0.0,0.0
2024-04-02 10:30:00-04:00,34.084999084472656,34.130001068115234,34.048099517822266,34.130001068115234,725,0.0,0.0,0.0
2024-04-02 12:30:00-04:00,34.130001068115234,34.130001068115234,34.130001068115234,34.130001068115234,1511,0.0,0.0,0.0
2024-04-02 13:30:00-04:00,34.080101013183594,34.080101013183594,34.02510070800781,34.02510070800781,717,0.0,0.0,0.0
2024-04-02 15:30:00-04:00,34.13999938964844,34.13999938964844,34.13999938964844,34.13999938964844,1037,0.0,0.0,0.0
2024-04-03 09:30:00-04:00,33.970001220703125,34.07460021972656,33.970001220703125,34.07460021972656,640,0.0,0.0,0.0
2024-04-03 10:30:00-04:00,34.22999954223633,34.22999954223633,34.22999954223633,34.22999954223633,916,0.0,0.0,0.0
2024-04-03 11:30:00-04:00,34.29499816894531,34.29499816894531,34.29499816894531,34.29499816894531,0,0.0,0.0,0.0
2024-04-03 12:30:00-04:00,34.26499938964844,34.26499938964844,34.26499938964844,34.26499938964844,447,0.0,0.0,0.0
2024-04-04 09:30:00-04:00,34.29999923706055,34.38999938964844,34.29999923706055,34.38999938964844,530,0.0,0.0,0.0
2024-04-04 10:30:00-04:00,34.29999923706055,34.377601623535156,34.290000915527344,34.290000915527344,1147,0.0,0.0,0.0
2024-04-04 11:30:00-04:00,34.290000915527344,34.30849838256836,34.290000915527344,34.30849838256836,403,0.0,0.0,0.0
2024-04-04 13:30:00-04:00,34.290000915527344,34.290000915527344,34.209999084472656,34.209999084472656,518,0.0,0.0,0.0
2024-04-04 14:30:00-04:00,34.04999923706055,34.04999923706055,33.86000061035156,33.869998931884766,702,0.0,0.0,0.0
2024-04-04 15:30:00-04:00,33.79999923706055,33.95000076293945,33.79999923706055,33.84000015258789,1304,0.0,0.0,0.0
2024-04-05 09:30:00-04:00,33.92900085449219,33.92900085449219,33.92900085449219,33.92900085449219,650,0.0,0.0,0.0
2024-04-05 10:30:00-04:00,33.98899841308594,34.029998779296875,33.98899841308594,34.029998779296875,1179,0.0,0.0,0.0
2024-04-05 11:30:00-04:00,34.06169891357422,34.130001068115234,34.06169891357422,34.130001068115234,1815,0.0,0.0,0.0
2024-04-05 13:30:00-04:00,34.099998474121094,34.099998474121094,34.099998474121094,34.099998474121094,135,0.0,0.0,0.0
2024-04-05 14:30:00-04:00,34.0968017578125,34.0968017578125,34.0968017578125,34.0968017578125,260,0.0,0.0,0.0
2024-04-05 15:30:00-04:00,34.08000183105469,34.08000183105469,34.08000183105469,34.08000183105469,477,0.0,0.0,0.0
2024-04-08 09:30:00-04:00,34.29999923706055,34.29999923706055,34.29999923706055,34.29999923706055,661,0.0,0.0,0.0
2024-04-08 10:30:00-04:00,34.38999938964844,34.38999938964844,34.38999938964844,34.38999938964844,888,0.0,0.0,0.0
2024-04-08 11:30:00-04:00,34.37120056152344,34.37120056152344,34.37120056152344,34.37120056152344,681,0.0,0.0,0.0
2024-04-08 12:30:00-04:00,34.347198486328125,34.349998474121094,34.31999969482422,34.31999969482422,1279,0.0,0.0,0.0
2024-04-08 14:30:00-04:00,34.29010009765625,34.29010009765625,34.29010009765625,34.29010009765625,153,0.0,0.0,0.0
2024-04-08 15:30:00-04:00,34.29999923706055,34.29999923706055,34.29999923706055,34.29999923706055,2909,0.0,0.0,0.0
2024-04-09 10:30:00-04:00,34.08000183105469,34.08000183105469,34.08000183105469,34.08000183105469,567,0.0,0.0,0.0
2024-04-09 13:30:00-04:00,34.05139923095703,34.05139923095703,34.029998779296875,34.029998779296875,725,0.0,0.0,0.0
2024-04-10 11:30:00-04:00,33.685001373291016,33.685001373291016,33.685001373291016,33.685001373291016,1179,0.0,0.0,0.0
2024-04-10 12:30:00-04:00,33.68000030517578,33.68000030517578,33.68000030517578,33.68000030517578,188,0.0,0.0,0.0
2024-04-10 14:30:00-04:00,33.65169906616211,34.099998474121094,33.6349983215332,33.6349983215332,1394,0.0,0.0,0.0
2024-04-11 09:30:00-04:00,33.790000915527344,33.790000915527344,33.650001525878906,33.7401008605957,1793,0.0,0.0,0.0
2024-04-11 11:30:00-04:00,33.619998931884766,33.619998931884766,33.619998931884766,33.619998931884766,1319,0.0,0.0,0.0
2024-04-11 14:30:00-04:00,33.904998779296875,33.97999954223633,33.849998474121094,33.904998779296875,1984,0.0,0.0,0.0
2024-04-12 09:30:00-04:00,33.46500015258789,33.46500015258789,33.46500015258789,33.46500015258789,286,0.0,0.0,0.0
2024-04-12 10:30:00-04:00,33.439998626708984,33.439998626708984,33.36000061035156,33.36000061035156,473,0.0,0.0,0.0
2024-04-12 15:30:00-04:00,33.237998962402344,33.25,33.20000076293945,33.25,1088,0.0,0.0,0.0
2024-04-15 10:30:00-04:00,33.53010177612305,33.53499984741211,33.53010177612305,33.53499984741211,1091,0.0,0.0,0.0
2024-04-16 09:30:00-04:00,32.91999816894531,32.91999816894531,32.89400100708008,32.89400100708008,542,0.0,0.0,0.0
2024-04-16 10:30:00-04:00,32.869998931884766,32.869998931884766,32.869998931884766,32.869998931884766,558,0.0,0.0,0.0
2024-04-16 12:30:00-04:00,33.040000915527344,33.040000915527344,33.040000915527344,33.040000915527344,1374,0.0,0.0,0.0
2024-04-16 13:30:00-04:00,32.95000076293945,33.050899505615234,32.95000076293945,33.029998779296875,0,0.0,0.0,0.0
2024-04-16 14:30:00-04:00,32.92689895629883,33.08000183105469,32.92689895629883,33.08000183105469,1625,0.0,0.0,0.0
2024-04-16 15:30:00-04:00,33.06999969482422,33.06999969482422,33.032798767089844,33.032798767089844,358,0.0,0.0,0.0
2024-04-17 11:30:00-04:00,32.91999816894531,32.91999816894531,32.86819839477539,32.91999816894531,3232,0.0,0.0,0.0
2024-04-18 10:30:00-04:00,33.04999923706055,33.04999923706055,33.03010177612305,33.03010177612305,957,0.0,0.0,0.0
2024-04-18 11:30:00-04:00,33.16450119018555,33.18000030517578,33.10499954223633,33.18000030517578,1957,0.0,0.0,0.0
2024-04-18 13:30:00-04:00,32.935001373291016,33.0099983215332,32.849998474121094,33.0099983215332,856,0.0,0.0,0.0
2024-04-18 14:30:00-04:00,33.02000045776367,33.02000045776367,32.93479919433594,32.93479919433594,490,0.0,0.0,0.0
2024-04-19 10:30:00-04:00,32.935001373291016,32.935001373291016,32.935001373291016,32.935001373291016,468,0.0,0.0,0.0
2024-04-19 12:30:00-04:00,32.85499954223633,32.85499954223633,32.85499954223633,32.85499954223633,201,0.0,0.0,0.0
2024-04-19 13:30:00-04:00,32.939998626708984,32.939998626708984,32.939998626708984,32.939998626708984,509,0.0,0.0,0.0
2024-04-19 14:30:00-04:00,32.75,32.75,32.68000030517578,32.68000030517578,1127,0.0,0.0,0.0
2024-04-19 15:30:00-04:00,32.73460006713867,32.73460006713867,32.73460006713867,32.73460006713867,262,0.0,0.0,0.0
2024-04-22 09:30:00-04:00,32.79999923706055,32.79999923706055,32.70000076293945,32.79999923706055,1256,0.0,0.0,0.0
2024-04-22 11:30:00-04:00,32.8650016784668,32.8650016784668,32.81999969482422,32.81999969482422,1912,0.0,0.0,0.0
2024-04-22 12:30:00-04:00,32.83940124511719,32.83940124511719,32.83940124511719,32.83940124511719,369,0.0,0.0,0.0
2024-04-22 13:30:00-04:00,32.9921989440918,33.06999969482422,32.9921989440918,33.06999969482422,1201,0.0,0.0,0.0
2024-04-23 09:30:00-04:00,33.22999954223633,33.22999954223633,33.22999954223633,33.22999954223633,193,0.0,0.0,0.0
2024-04-23 10:30:00-04:00,33.54999923706055,33.59000015258789,33.54999923706055,33.59000015258789,1514,0.0,0.0,0.0
2024-04-23 12:30:00-04:00,33.58000183105469,33.58000183105469,33.58000183105469,33.58000183105469,564,0.0,0.0,0.0
2024-04-23 13:30:00-04:00,33.61000061035156,33.61000061035156,33.61000061035156,33.61000061035156,957,0.0,0.0,0.0
2024-04-24 09:30:00-04:00,33.630001068115234,33.630001068115234,33.630001068115234,33.630001068115234,948,0.0,0.0,0.0
2024-04-24 10:30:00-04:00,33.490501403808594,33.490501403808594,33.490501403808594,33.490501403808594,1075,0.0,0.0,0.0
2024-04-24 11:30:00-04:00,33.55820083618164,33.55820083618164,33.55820083618164,33.55820083618164,339,0.0,0.0,0.0
2024-04-24 12:30:00-04:00,33.50590133666992,33.50590133666992,33.50590133666992,33.50590133666992,551,0.0,0.0,0.0
2024-04-25 11:30:00-04:00,33.151100158691406,33.151100158691406,33.151100158691406,33.151100158691406,596,0.0,0.0,0.0
2024-04-25 13:30:00-04:00,33.36000061035156,33.36000061035156,33.36000061035156,33.36000061035156,323,0.0,0.0,0.0
2024-04-25 14:30:00-04:00,33.325801849365234,33.325801849365234,33.325801849365234,33.325801849365234,600,0.0,0.0,0.0
2024-04-25 15:30:00-04:00,33.39590072631836,33.39590072631836,33.39590072631836,33.39590072631836,251,0.0,0.0,0.0
2024-04-26 11:30:00-04:00,33.5,33.650001525878906,33.5,33.650001525878906,2385,0.0,0.0,0.0
2024-04-26 12:30:00-04:00,33.68000030517578,33.68000030517578,33.57120132446289,33.57120132446289,2449,0.0,0.0,0.0
2024-04-26 13:30:00-04:00,33.58000183105469,33.613800048828125,33.58000183105469,33.613800048828125,0,0.0,0.0,0.0
2024-04-26 15:30:00-04:00,33.68000030517578,33.7599983215332,33.68000030517578,33.7599983215332,780,0.0,0.0,0.0
2024-04-29 10:30:00-04:00,33.58000183105469,33.58000183105469,33.58000183105469,33.58000183105469,361,0.0,0.0,0.0
2024-04-30 09:30:00-04:00,33.56999969482422,33.56999969482422,33.56999969482422,33.56999969482422,370,0.0,0.0,0.0
2024-04-30 10:30:00-04:00,33.345001220703125,33.345001220703125,33.345001220703125,33.345001220703125,1005,0.0,0.0,0.0
2024-04-30 15:30:00-04:00,33.136600494384766,33.136600494384766,33.136600494384766,33.136600494384766,470,0.0,0.0,0.0
2024-05-01 09:30:00-04:00,32.99250030517578,32.99250030517578,32.95000076293945,32.95000076293945,1741,0.0,0.0,0.0
2024-05-01 10:30:00-04:00,33.040000915527344,33.040000915527344,33.03089904785156,33.03089904785156,140,0.0,0.0,0.0
2024-05-01 11:30:00-04:00,33.040000915527344,33.040000915527344,33.040000915527344,33.040000915527344,313,0.0,0.0,0.0
2024-05-01 12:30:00-04:00,33.02009963989258,33.02009963989258,33.02009963989258,33.02009963989258,185,0.0,0.0,0.0
2024-05-01 13:30:00-04:00,33.209999084472656,33.209999084472656,33.095001220703125,33.095001220703125,803,0.0,0.0,0.0
2024-05-02 09:30:00-04:00,33.36429977416992,33.36429977416992,33.36429977416992,33.36429977416992,455,0.0,0.0,0.0
2024-05-02 13:30:00-04:00,33.5099983215332,33.5099983215332,33.5099983215332,33.5099983215332,4052,0.0,0.0,0.0
2024-05-02 14:30:00-04:00,33.482200622558594,33.5901985168457,33.482200622558594,33.5901985168457,0,0.0,0.0,0.0
2024-05-03 11:30:00-04:00,33.79090118408203,33.79090118408203,33.79090118408203,33.79090118408203,256,0.0,0.0,0.0
2024-05-03 12:30:00-04:00,33.83089828491211,33.92340087890625,33.83089828491211,33.92340087890625,1642,0.0,0.0,0.0
2024-05-03 15:30:00-04:00,33.93000030517578,34.02000045776367,33.849998474121094,33.939998626708984,1680,0.0,0.0,0.0
2024-05-06 09:30:00-04:00,34.15999984741211,34.15999984741211,33.880001068115234,34.15999984741211,306,0.0,0.0,0.0
2024-05-06 13:30:00-04:00,34.18000030517578,34.18000030517578,34.18000030517578,34.18000030517578,212,0.0,0.0,0.0
2024-05-06 14:30:00-04:00,34.27000045776367,34.27000045776367,34.27000045776367,34.27000045776367,754,0.0,0.0,0.0
2024-05-06 15:30:00-04:00,34.25320053100586,34.25320053100586,34.25320053100586,34.25320053100586,451,0.0,0.0,0.0
2024-05-07 12:30:00-04:00,34.39229965209961,34.39229965209961,34.380699157714844,34.380699157714844,1018,0.0,0.0,0.0
2024-05-07 13:30:00-04:00,34.415000915527344,34.415000915527344,34.415000915527344,34.415000915527344,662,0.0,0.0,0.0
2024-05-07 14:30:00-04:00,34.3031005859375,34.334999084472656,34.3031005859375,34.334999084472656,1156,0.0,0.0,0.0
2024-05-07 15:30:00-04:00,34.470001220703125,34.470001220703125,34.470001220703125,34.470001220703125,200,0.0,0.0,0.0
2024-05-08 10:30:00-04:00,34.519901275634766,34.519901275634766,34.519901275634766,34.519901275634766,472,0.0,0.0,0.0
2024-05-08 11:30:00-04:00,34.41999816894531,34.439998626708984,34.41999816894531,34.439998626708984,329,0.0,0.0,0.0
2024-05-08 13:30:00-04:00,34.440101623535156,34.440101623535156,34.440101623535156,34.440101623535156,549,0.0,0.0,0.0
2024-05-08 14:30:00-04:00,34.439998626708984,34.439998626708984,34.351898193359375,34.351898193359375,421,0.0,0.0,0.0
2024-05-09 10:30:00-04:00,34.46540069580078,34.52000045776367,34.41999816894531,34.47560119628906,854,0.0,0.0,0.0
2024-05-09 11:30:00-04:00,34.5,34.5,34.5,34.5,208,0.0,0.0,0.0
2024-05-09 12:30:00-04:00,34.43000030517578,34.53089904785156,34.43000030517578,34.53089904785156,996,0.0,0.0,0.0
2024-05-09 13:30:00-04:00,34.529998779296875,34.63999938964844,34.529998779296875,34.63999938964844,2300,0.0,0.0,0.0
2024-05-09 14:30:00-04:00,34.520999908447266,34.520999908447266,34.520999908447266,34.520999908447266,1371,0.0,0.0,0.0
2024-05-10 09:30:00-04:00,34.689998626708984,34.689998626708984,34.689998626708984,34.689998626708984,114,0.0,0.0,0.0
2024-05-10 10:30:00-04:00,34.75709915161133,34.75709915161133,34.689998626708984,34.689998626708984,1009,0.0,0.0,0.0
2024-05-10 12:30:00-04:00,34.60609817504883,34.69499969482422,34.60100173950195,34.69499969482422,1061,0.0,0.0,0.0
2024-05-10 13:30:00-04:00,34.58100128173828,34.58100128173828,34.58100128173828,34.58100128173828,111,0.0,0.0,0.0
2024-05-10 14:30:00-04:00,34.59000015258789,34.59000015258789,34.59000015258789,34.59000015258789,140,0.0,0.0,0.0
2024-05-10 15:30:00-04:00,34.599998474121094,34.599998474121094,34.59000015258789,34.59000015258789,243,0.0,0.0,0.0
2024-05-13 09:30:00-04:00,34.720001220703125,34.720001220703125,34.720001220703125,34.720001220703125,991,0.0,0.0,0.0
2024-05-13 13:30:00-04:00,34.7400016784668,34.7400016784668,34.650001525878906,34.650001525878906,323,0.0,0.0,0.0
2024-05-13 14:30:00-04:00,34.65999984741211,34.65999984741211,34.650001525878906,34.650001525878906,417,0.0,0.0,0.0
2024-05-13 15:30:00-04:00,34.650001525878906,34.650001525878906,34.63999938964844,34.63999938964844,200,0.0,0.0,0.0
2024-05-14 09:30:00-04:00,34.77000045776367,34.77000045776367,34.77000045776367,34.77000045776367,589,0.0,0.0,0.0
2024-05-14 10:30:00-04:00,34.77000045776367,34.790000915527344,34.77000045776367,34.790000915527344,512,0.0,0.0,0.0
2024-05-14 11:30:00-04:00,34.86000061035156,34.86000061035156,34.86000061035156,34.86000061035156,621,0.0,0.0,0.0
2024-05-14 12:30:00-04:00,34.785099029541016,34.785099029541016,34.709999084472656,34.709999084472656,384,0.0,0.0,0.0
2024-05-14 13:30:00-04:00,34.75,34.75,34.75,34.75,270,0.0,0.0,0.0
2024-05-14 14:30:00-04:00,34.859901428222656,34.859901428222656,34.790000915527344,34.790000915527344,395,0.0,0.0,0.0
2024-05-14 15:30:00-04:00,34.82500076293945,34.82500076293945,34.79069900512695,34.82500076293945,1001,0.0,0.0,0.0
2024-05-15 09:30:00-04:00,35.07569885253906,35.150001525878906,35.060001373291016,35.060001373291016,801,0.0,0.0,0.0
2024-05-15 10:30:00-04:00,35.150001525878906,35.209999084472656,35.150001525878906,35.209999084472656,389,0.0,0.0,0.0
2024-05-15 11:30:00-04:00,35.279998779296875,35.279998779296875,35.20000076293945,35.20989990234375,1893,0.0,0.0,0.0
2024-05-15 12:30:00-04:00,35.279998779296875,35.279998779296875,35.279998779296875,35.279998779296875,201,0.0,0.0,0.0
2024-05-15 13:30:00-04:00,35.314998626708984,35.41999816894531,35.314998626708984,35.41999816894531,498,0.0,0.0,0.0
2024-05-15 14:30:00-04:00,35.2599983215332,35.345001220703125,35.2599983215332,35.345001220703125,667,0.0,0.0,0.0
2024-05-15 15:30:00-04:00,35.345001220703125,35.345001220703125,35.29999923706055,35.29999923706055,745,0.0,0.0,0.0
2024-05-16 09:30:00-04:00,35.310001373291016,35.310001373291016,35.310001373291016,35.310001373291016,622,0.0,0.0,0.0
2024-05-16 11:30:00-04:00,35.152000427246094,35.25,35.152000427246094,35.25,634,0.0,0.0,0.0
2024-05-17 09:30:00-04:00,35.029998779296875,35.029998779296875,35.029998779296875,35.029998779296875,889,0.0,0.0,0.0
2024-05-17 10:30:00-04:00,35.04999923706055,35.1150016784668,35.04999923706055,35.1150016784668,573,0.0,0.0,0.0
2024-05-17 11:30:00-04:00,35.06999969482422,35.06999969482422,35.06999969482422,35.06999969482422,1090,0.0,0.0,0.0
2024-05-17 12:30:00-04:00,35.02000045776367,35.02000045776367,35.02000045776367,35.02000045776367,0,0.0,0.0,0.0
2024-05-17 13:30:00-04:00,35.03350067138672,35.03350067138672,35.02000045776367,35.02000045776367,675,0.0,0.0,0.0
2024-05-17 14:30:00-04:00,35.0099983215332,35.130001068115234,35.0099983215332,35.130001068115234,1325,0.0,0.0,0.0
2024-05-17 15:30:00-04:00,35.0099983215332,35.16999816894531,35.0099983215332,35.08000183105469,1858,0.0,0.0,0.0
2024-05-20 09:30:00-04:00,35.27090072631836,35.27090072631836,35.27090072631836,35.27090072631836,0,0.0,0.0,0.0
2024-05-20 10:30:00-04:00,35.26499938964844,35.26499938964844,35.26499938964844,35.26499938964844,600,0.0,0.0,0.0
2024-05-20 12:30:00-04:00,35.26499938964844,35.26499938964844,35.21030044555664,35.21030044555664,180,0.0,0.0,0.0
2024-05-20 15:30:00-04:00,35.20000076293945,35.20000076293945,35.20000076293945,35.20000076293945,123,0.0,0.0,0.0
2024-05-21 09:30:00-04:00,35.189998626708984,35.21500015258789,35.189998626708984,35.21500015258789,1915,0.0,0.0,0.0
2024-05-21 10:30:00-04:00,35.209999084472656,35.209999084472656,35.209999084472656,35.209999084472656,579,0.0,0.0,0.0
2024-05-21 11:30:00-04:00,35.290000915527344,35.290000915527344,35.290000915527344,35.290000915527344,267,0.0,0.0,0.0
2024-05-21 13:30:00-04:00,35.33000183105469,35.33000183105469,35.290000915527344,35.290000915527344,588,0.0,0.0,0.0
2024-05-21 14:30:00-04:00,35.33000183105469,35.33000183105469,35.20750045776367,35.33000183105469,1098,0.0,0.0,0.0
2024-05-21 15:30:00-04:00,35.33000183105469,35.33000183105469,35.33000183105469,35.33000183105469,558,0.0,0.0,0.0
2024-05-22 09:30:00-04:00,35.15950012207031,35.15950012207031,35.15950012207031,35.15950012207031,278,0.0,0.0,0.0
2024-05-22 11:30:00-04:00,35.099998474121094,35.22420120239258,35.099998474121094,35.131099700927734,911,0.0,0.0,0.0
2024-05-22 12:30:00-04:00,35.209999084472656,35.209999084472656,35.13100051879883,35.13999938964844,633,0.0,0.0,0.0
2024-05-22 13:30:00-04:00,35.130001068115234,35.160099029541016,35.029998779296875,35.029998779296875,729,0.0,0.0,0.0
2024-05-22 14:30:00-04:00,34.95100021362305,34.95100021362305,34.95100021362305,34.95100021362305,208,0.0,0.0,0.0
2024-05-22 15:30:00-04:00,35.0099983215332,35.0099983215332,35.0099983215332,35.0099983215332,251,0.0,0.0,0.0
2024-05-23 09:30:00-04:00,35.290000915527344,35.290000915527344,35.290000915527344,35.290000915527344,170,0.0,0.0,0.0
2024-05-23 10:30:00-04:00,35.27000045776367,35.380001068115234,35.27000045776367,35.380001068115234,1084,0.0,0.0,0.0
2024-05-23 12:30:00-04:00,35.252899169921875,35.252899169921875,35.252899169921875,35.252899169921875,651,0.0,0.0,0.0
2024-05-23 13:30:00-04:00,35.2218017578125,35.2218017578125,35.08100128173828,35.16999816894531,213725,0.0,0.0,0.0
2024-05-23 14:30:00-04:00,35.01100158691406,35.15999984741211,34.98099899291992,34.98099899291992,0,0.0,0.0,0.0
2024-05-23 15:30:00-04:00,35.02000045776367,35.107200622558594,35.02000045776367,35.029998779296875,593,0.0,0.0,0.0
2024-05-24 10:30:00-04:00,35.46989822387695,35.46989822387695,35.46989822387695,35.46989822387695,243,0.0,0.0,0.0
2024-05-24 11:30:00-04:00,35.457298278808594,35.457298278808594,35.457298278808594,35.457298278808594,304,0.0,0.0,0.0
2024-05-24 12:30:00-04:00,35.46009826660156,35.47999954223633,35.46009826660156,35.47999954223633,701,0.0,0.0,0.0
2024-05-24 13:30:00-04:00,35.4900016784668,35.494998931884766,35.45000076293945,35.494998931884766,767,0.0,0.0,0.0
2024-05-28 09:30:00-04:00,35.689998626708984,35.689998626708984,35.52000045776367,35.52000045776367,0,0.0,0.0,0.0
2024-05-28 10:30:00-04:00,35.61759948730469,35.709999084472656,35.52000045776367,35.709999084472656,3431,0.0,0.0,0.0
2024-05-28 11:30:00-04:00,35.712501525878906,35.72999954223633,35.61109924316406,35.619998931884766,3405,0.0,0.0,0.0
2024-05-28 12:30:00-04:00,35.68000030517578,35.72999954223633,35.61000061035156,35.61000061035156,3320,0.0,0.0,0.0
2024-05-28 13:30:00-04:00,35.60490036010742,35.60490036010742,35.527400970458984,35.527400970458984,1571,0.0,0.0,0.0
2024-05-28 14:30:00-04:00,35.522300720214844,35.560001373291016,35.44609832763672,35.560001373291016,40668,0.0,0.0,0.0
2024-05-28 15:30:00-04:00,35.61000061035156,35.64440155029297,35.59000015258789,35.59000015258789,1406,0.0,0.0,0.0
2024-05-29 09:30:00-04:00,35.18000030517578,35.20000076293945,35.18000030517578,35.20000076293945,0,0.0,0.0,0.0
2024-05-29 10:30:00-04:00,35.18000030517578,35.18000030517578,35.03010177612305,35.1150016784668,2108,0.0,0.0,0.0
2024-05-29 11:30:00-04:00,35.122501373291016,35.130001068115234,35.102298736572266,35.104698181152344,4915,0.0,0.0,0.0
2024-05-29 12:30:00-04:00,35.130001068115234,35.150001525878906,35.130001068115234,35.130001068115234,7955,0.0,0.0,0.0
2024-05-29 13:30:00-04:00,35.130001068115234,35.189998626708984,35.130001068115234,35.130001068115234,3356,0.0,0.0,0.0
2024-05-29 14:30:00-04:00,35.125,35.18000030517578,35.1150016784668,35.119998931884766,2481,0.0,0.0,0.0
2024-05-29 15:30:00-04:00,35.119998931884766,35.189998626708984,35.04999923706055,35.1150016784668,7902,0.0,0.0,0.0
2024-05-30 10:30:00-04:00,35.209999084472656,35.29499816894531,35.209999084472656,35.22999954223633,1164,0.0,0.0,0.0
2024-05-30 11:30:00-04:00,35.22999954223633,35.300899505615234,35.22999954223633,35.23099899291992,1359,0.0,0.0,0.0
2024-05-30 12:30:00-04:00,35.304901123046875,35.30500030517578,35.279998779296875,35.279998779296875,3880,0.0,0.0,0.0
2024-05-30 13:30:00-04:00,35.279998779296875,35.369998931884766,35.2400016784668,35.30500030517578,1658,0.0,0.0,0.0
2024-05-30 14:30:00-04:00,35.2400016784668,35.30500030517578,35.2400016784668,35.30500030517578,760,0.0,0.0,0.0
2024-05-30 15:30:00-04:00,35.180999755859375,35.29999923706055,35.18000030517578,35.18000030517578,1582,0.0,0.0,0.0
2024-05-31 09:30:00-04:00,35.380001068115234,35.45000076293945,35.31869888305664,35.380001068115234,1581,0.0,0.0,0.0
2024-05-31 10:30:00-04:00,35.29499816894531,35.33000183105469,35.29499816894531,35.33000183105469,254,0.0,0.0,0.0
2024-05-31 13:30:00-04:00,35.220001220703125,35.220001220703125,35.220001220703125,35.220001220703125,339,0.0,0.0,0.0
2024-05-31 14:30:00-04:00,35.220001220703125,35.279998779296875,35.220001220703125,35.279998779296875,4056,0.0,0.0,0.0
2024-05-31 15:30:00-04:00,35.279998779296875,35.310001373291016,35.279998779296875,35.310001373291016,0,0.0,0.0,0.0
2024-06-03 09:30:00-04:00,35.729000091552734,35.72990036010742,35.46500015258789,35.46500015258789,0,0.0,0.0,0.0
2024-06-03 10:30:00-04:00,35.520999908447266,35.520999908447266,35.400001525878906,35.430999755859375,3426,0.0,0.0,0.0
2024-06-03 11:30:00-04:00,35.52000045776367,35.66999816894531,35.38999938964844,35.38999938964844,821,0.0,0.0,0.0
2024-06-03 12:30:00-04:00,35.37099838256836,35.50279998779297,35.37099838256836,35.38999938964844,988,0.0,0.0,0.0
2024-06-03 13:30:00-04:00,35.41999816894531,35.41999816894531,35.41999816894531,35.41999816894531,275,0.0,0.0,0.0
2024-06-03 14:30:00-04:00,35.45000076293945,35.505001068115234,35.45000076293945,35.505001068115234,562,0.0,0.0,0.0
2024-06-03 15:30:00-04:00,35.459999084472656,35.52000045776367,35.459999084472656,35.52000045776367,695,0.0,0.0,0.0
2024-06-04 10:30:00-04:00,35.36000061035156,35.36000061035156,35.290000915527344,35.290000915527344,1004,0.0,0.0,0.0
2024-06-04 11:30:00-04:00,35.220001220703125,35.220001220703125,35.220001220703125,35.220001220703125,224,0.0,0.0,0.0
2024-06-04 12:30:00-04:00,35.30500030517578,35.30500030517578,35.25,35.30500030517578,615,0.0,0.0,0.0
2024-06-04 13:30:00-04:00,35.369998931884766,35.369998931884766,35.290000915527344,35.36000061035156,32071,0.0,0.0,0.0
2024-06-04 14:30:00-04:00,35.31999969482422,35.369998931884766,35.29999923706055,35.310001373291016,904,0.0,0.0,0.0
2024-06-04 15:30:00-04:00,35.35499954223633,35.35499954223633,35.29999923706055,35.33000183105469,1083,0.0,0.0,0.0
2024-06-05 09:30:00-04:00,35.689998626708984,35.689998626708984,35.641300201416016,35.641300201416016,1151,0.0,0.0,0.0
2024-06-05 10:30:00-04:00,35.69599914550781,35.73500061035156,35.650001525878906,35.73500061035156,1873,0.0,0.0,0.0
2024-06-05 11:30:00-04:00,35.64080047607422,35.64080047607422,35.64080047607422,35.64080047607422,351,0.0,0.0,0.0
2024-06-05 13:30:00-04:00,35.68009948730469,35.72999954223633,35.68009948730469,35.72999954223633,1043,0.0,0.0,0.0
2024-06-05 14:30:00-04:00,35.845001220703125,35.91999816894531,35.779998779296875,35.779998779296875,1487,0.0,0.0,0.0
2024-06-06 09:30:00-04:00,35.939998626708984,36.05540084838867,35.86000061035156,36.04999923706055,5287,0.0,0.0,0.0
2024-06-06 11:30:00-04:00,35.880001068115234,35.959999084472656,35.880001068115234,35.959999084472656,1019,0.0,0.0,0.0
2024-06-06 12:30:00-04:00,35.91999816894531,35.97999954223633,35.91999816894531,35.97999954223633,14887,0.0,0.0,0.0
2024-06-07 09:30:00-04:00,35.689998626708984,35.689998626708984,35.689998626708984,35.689998626708984,271,0.0,0.0,0.0
2024-06-07 10:30:00-04:00,35.779998779296875,35.779998779296875,35.72999954223633,35.72999954223633,317,0.0,0.0,0.0
2024-06-07 12:30:00-04:00,35.790000915527344,35.790000915527344,35.790000915527344,35.790000915527344,569,0.0,0.0,0.0
2024-06-07 14:30:00-04:00,35.80500030517578,35.80500030517578,35.75,35.80500030517578,945,0.0,0.0,0.0
2024-06-10 09:30:00-04:00,35.52000045776367,35.52000045776367,35.52000045776367,35.52000045776367,378,0.0,0.0,0.0
2024-06-10 10:30:00-04:00,35.66999816894531,35.66999816894531,35.65999984741211,35.66999816894531,961,0.0,0.0,0.0
2024-06-10 12:30:00-04:00,35.77000045776367,35.77000045776367,35.720001220703125,35.76940155029297,1808,0.0,0.0,0.0
2024-06-10 15:30:00-04:00,35.775001525878906,35.775001525878906,35.775001525878906,35.775001525878906,173,0.0,0.0,0.0
2024-06-11 09:30:00-04:00,35.38999938964844,35.38999938964844,35.38999938964844,35.38999938964844,499,0.0,0.0,0.0
2024-06-11 10:30:00-04:00,35.54999923706055,35.54999923706055,35.5099983215332,35.5099983215332,1433,0.0,0.0,0.0
2024-06-11 11:30:00-04:00,35.51499938964844,35.51499938964844,35.51499938964844,35.51499938964844,419,0.0,0.0,0.0
2024-06-11 12:30:00-04:00,35.51499938964844,35.599998474121094,35.51499938964844,35.51499938964844,631,0.0,0.0,0.0
2024-06-11 13:30:00-04:00,35.599998474121094,35.599998474121094,35.599998474121094,35.599998474121094,216,0.0,0.0,0.0
2024-06-11 14:30:00-04:00,35.68370056152344,35.68370056152344,35.68370056152344,35.68370056152344,226,0.0,0.0,0.0
2024-06-11 15:30:00-04:00,35.59120178222656,35.59120178222656,35.59120178222656,35.59120178222656,700,0.0,0.0,0.0
2024-06-12 11:30:00-04:00,36.43000030517578,36.43000030517578,36.33000183105469,36.33000183105469,1312,0.0,0.0,0.0
2024-06-12 12:30:00-04:00,36.45000076293945,36.45000076293945,36.369998931884766,36.369998931884766,947,0.0,0.0,0.0
2024-06-12 13:30:00-04:00,36.33000183105469,36.40660095214844,36.33000183105469,36.40660095214844,452,0.0,0.0,0.0
2024-06-12 14:30:00-04:00,36.3297004699707,36.349998474121094,36.20100021362305,36.2400016784668,1598,0.0,0.0,0.0
2024-06-12 15:30:00-04:00,36.111000061035156,36.13999938964844,36.11000061035156,36.13999938964844,625,0.0,0.0,0.0
2024-06-13 09:30:00-04:00,36.012699127197266,36.012699127197266,36.012699127197266,36.012699127197266,239,0.0,0.0,0.0
2024-06-13 10:30:00-04:00,35.88999938964844,35.93000030517578,35.791099548339844,35.93000030517578,3716,0.0,0.0,0.0
2024-06-13 11:30:00-04:00,35.906898498535156,35.906898498535156,35.779998779296875,35.779998779296875,408,0.0,0.0,0.0
2024-06-13 12:30:00-04:00,35.75,35.81850051879883,35.75,35.790000915527344,586,0.0,0.0,0.0
2024-06-13 13:30:00-04:00,35.790000915527344,35.84000015258789,35.730098724365234,35.83000183105469,6074,0.0,0.0,0.0
2024-06-13 14:30:00-04:00,35.84000015258789,35.93769836425781,35.77009963989258,35.834999084472656,3651,0.0,0.0,0.0
2024-06-13 15:30:00-04:00,35.86000061035156,35.86000061035156,35.779998779296875,35.779998779296875,617,0.0,0.0,0.0
2024-06-14 09:30:00-04:00,35.33000183105469,35.33000183105469,35.33000183105469,35.33000183105469,201,0.0,0.0,0.0
2024-06-14 10:30:00-04:00,35.2400016784668,35.31010055541992,35.2400016784668,35.31010055541992,452,0.0,0.0,0.0
2024-06-14 11:30:00-04:00,35.310298919677734,35.470001220703125,35.29999923706055,35.470001220703125,3421,0.0,0.0,0.0
2024-06-14 12:30:00-04:00,35.4109001159668,35.4109001159668,35.35929870605469,35.35929870605469,338,0.0,0.0,0.0
2024-06-14 13:30:00-04:00,35.44390106201172,35.44390106201172,35.33000183105469,35.33000183105469,1867,0.0,0.0,0.0
2024-06-14 14:30:00-04:00,35.3849983215332,35.3849983215332,35.3849983215332,35.3849983215332,146,0.0,0.0,0.0
2024-06-14 15:30:00-04:00,35.37189865112305,35.380001068115234,35.37189865112305,35.380001068115234,1060,0.0,0.0,0.0
2024-06-17 09:30:00-04:00,35.33000183105469,35.33000183105469,35.290000915527344,35.290000915527344,383,0.0,0.0,0.0
2024-06-17 10:30:00-04:00,35.38999938964844,35.412498474121094,35.369998931884766,35.412498474121094,1027,0.0,0.0,0.0
2024-06-17 11:30:00-04:00,35.361000061035156,35.54999923706055,35.36000061035156,35.54999923706055,1047,0.0,0.0,0.0
2024-06-17 12:30:00-04:00,35.51499938964844,35.540000915527344,35.51499938964844,35.540000915527344,563,0.0,0.0,0.0
2024-06-17 13:30:00-04:00,35.529998779296875,35.599998474121094,35.529998779296875,35.56100082397461,1483,0.0,0.0,0.0
2024-06-17 14:30:00-04:00,35.66999816894531,35.66999816894531,35.56100082397461,35.56100082397461,45420,0.0,0.0,0.0
2024-06-17 15:30:00-04:00,35.56999969482422,35.56999969482422,35.56999969482422,35.56999969482422,673,0.0,0.0,0.0
2024-06-18 09:30:00-04:00,35.650001525878906,35.650001525878906,35.619998931884766,35.619998931884766,1349,0.0,0.0,0.0
2024-06-18 10:30:00-04:00,35.703399658203125,35.703399658203125,35.703399658203125,35.703399658203125,210,0.0,0.0,0.0
2024-06-18 11:30:00-04:00,35.75,35.769798278808594,35.75,35.769798278808594,412,0.0,0.0,0.0
2024-06-18 12:30:00-04:00,35.80500030517578,35.80500030517578,35.80500030517578,35.80500030517578,200,0.0,0.0,0.0
2024-06-18 13:30:00-04:00,35.77000045776367,35.85969924926758,35.77000045776367,35.85969924926758,2854,0.0,0.0,0.0
2024-06-18 14:30:00-04:00,35.79410171508789,35.845001220703125,35.76100158691406,35.77000045776367,2396,0.0,0.0,0.0
2024-06-18 15:30:00-04:00,35.81999969482422,35.81999969482422,35.7599983215332,35.7599983215332,458,0.0,0.0,0.0
2024-06-20 09:30:00-04:00,35.703399658203125,35.77840042114258,35.703399658203125,35.77840042114258,0,0.0,0.0,0.0
2024-06-20 10:30:00-04:00,35.7400016784668,35.810001373291016,35.7400016784668,35.810001373291016,696,0.0,0.0,0.0
2024-06-20 11:30:00-04:00,35.819698333740234,35.83000183105469,35.819698333740234,35.83000183105469,392,0.0,0.0,0.0
2024-06-20 14:30:00-04:00,35.7400016784668,35.83000183105469,35.7400016784668,35.83000183105469,844,0.0,0.0,0.0
2024-06-20 15:30:00-04:00,35.790000915527344,35.790000915527344,35.790000915527344,35.790000915527344,118,0.0,0.0,0.0
2024-06-21 09:30:00-04:00,35.51839828491211,35.51839828491211,35.36000061035156,35.457298278808594,1098,0.0,0.0,0.0
2024-06-21 10:30:00-04:00,35.58000183105469,35.58000183105469,35.58000183105469,35.58000183105469,486,0.0,0.0,0.0
2024-06-21 11:30:00-04:00,35.500999450683594,35.599998474121094,35.500999450683594,35.599998474121094,12083,0.0,0.0,0.0
2024-06-21 12:30:00-04:00,35.5,35.59000015258789,35.5,35.5,11783,0.0,0.0,0.0
2024-06-21 13:30:00-04:00,35.51499938964844,35.58000183105469,35.51499938964844,35.54999923706055,10468,0.0,0.0,0.0
2024-06-21 14:30:00-04:00,35.54999923706055,35.58000183105469,35.47999954223633,35.540000915527344,66063,0.0,0.0,0.0
2024-06-21 15:30:00-04:00,35.58000183105469,35.58000183105469,35.58000183105469,35.58000183105469,276,0.0,0.0,0.0
2024-06-24 09:30:00-04:00,35.599998474121094,35.67499923706055,35.540000915527344,35.67499923706055,609,0.0,0.0,0.0
2024-06-24 10:30:00-04:00,35.66999816894531,35.66999816894531,35.63999938964844,35.63999938964844,881,0.0,0.0,0.0
2024-06-24 12:30:00-04:00,35.550899505615234,35.650001525878906,35.52000045776367,35.52119827270508,14287,0.0,0.0,0.0
2024-06-24 13:30:00-04:00,35.52000045776367,35.619998931884766,35.52000045776367,35.619998931884766,202,0.0,0.0,0.0
2024-06-24 14:30:00-04:00,35.554100036621094,35.599998474121094,35.540000915527344,35.58000183105469,1826,0.0,0.0,0.0
2024-06-24 15:30:00-04:00,35.58000183105469,35.630001068115234,35.55759811401367,35.55759811401367,998,0.0,0.0,0.0
2024-06-25 09:30:00-04:00,35.41999816894531,35.45000076293945,35.41999816894531,35.41999816894531,832,0.0,0.0,0.0
2024-06-25 10:30:00-04:00,35.470001220703125,35.470001220703125,35.470001220703125,35.470001220703125,502,0.0,0.0,0.0
2024-06-25 11:30:00-04:00,35.4474983215332,35.4474983215332,35.4474983215332,35.4474983215332,113,0.0,0.0,0.0
2024-06-25 12:30:00-04:00,35.459999084472656,35.529998779296875,35.39099884033203,35.529998779296875,9014,0.0,0.0,0.0
2024-06-25 13:30:00-04:00,35.5,35.58000183105469,35.5,35.58000183105469,2240,0.0,0.0,0.0
2024-06-25 14:30:00-04:00,35.560001373291016,35.66999816894531,35.47999954223633,35.47999954223633,20924,0.0,0.0,0.0
2024-06-26 09:30:00-04:00,35.310001373291016,35.33000183105469,35.310001373291016,35.33000183105469,1090,0.0,0.0,0.0
2024-06-26 10:30:00-04:00,35.36000061035156,35.36000061035156,35.36000061035156,35.36000061035156,1437,0.0,0.0,0.0
2024-06-26 12:30:00-04:00,35.380001068115234,35.380001068115234,35.380001068115234,35.380001068115234,219,0.0,0.0,0.0
2024-06-26 14:30:00-04:00,35.2599983215332,35.30500030517578,35.2599983215332,35.30500030517578,776,0.0,0.0,0.0
2024-06-26 15:30:00-04:00,35.34000015258789,35.34000015258789,35.34000015258789,35.34000015258789,426,0.0,0.0,0.0
2024-06-27 09:30:00-04:00,35.47999954223633,35.599998474121094,35.47999954223633,35.540000915527344,2504,0.0,0.0,0.0
2024-06-27 10:30:00-04:00,35.61000061035156,35.61000061035156,35.47999954223633,35.47999954223633,798,0.0,0.0,0.0
2024-06-27 11:30:00-04:00,35.5,35.58000183105469,35.5,35.58000183105469,1000,0.0,0.0,0.0
2024-06-27 12:30:00-04:00,35.51499938964844,35.58000183105469,35.439998626708984,35.58000183105469,6039,0.0,0.0,0.0
2024-06-27 13:30:00-04:00,35.52289962768555,35.52289962768555,35.52289962768555,35.52289962768555,330,0.0,0.0,0.0
2024-06-27 14:30:00-04:00,35.51599884033203,35.51599884033203,35.51599884033203,35.51599884033203,710,0.0,0.0,0.0
2024-06-28 09:30:00-04:00,35.599998474121094,35.72999954223633,35.599998474121094,35.72999954223633,784,0.0,0.0,0.0
2024-06-28 11:30:00-04:00,35.7239990234375,35.7239990234375,35.63740158081055,35.63740158081055,637,0.0,0.0,0.0
2024-06-28 12:30:00-04:00,35.61000061035156,35.61000061035156,35.61000061035156,35.61000061035156,151,0.0,0.0,0.0
2024-06-28 13:30:00-04:00,35.59000015258789,35.59000015258789,35.59000015258789,35.59000015258789,728,0.0,0.0,0.0
2024-06-28 14:30:00-04:00,35.52000045776367,35.52000045776367,35.52000045776367,35.52000045776367,691,0.0,0.0,0.0
2024-07-01 09:30:00-04:00,35.66999816894531,35.73659896850586,35.652000427246094,35.73659896850586,3581,0.0,0.0,0.0
2024-07-01 10:30:00-04:00,35.459999084472656,35.459999084472656,35.439998626708984,35.439998626708984,17874,0.0,0.0,0.0
2024-07-01 11:30:00-04:00,35.4900016784668,35.560001373291016,35.42100143432617,35.54999923706055,3514,0.0,0.0,0.0
2024-07-01 12:30:00-04:00,35.540000915527344,35.66999816894531,35.5,35.54999923706055,4068,0.0,0.0,0.0
2024-07-01 13:30:00-04:00,35.540000915527344,35.584999084472656,35.5,35.54499816894531,14480,0.0,0.0,0.0
2024-07-01 14:30:00-04:00,35.4900016784668,35.52000045776367,35.4900016784668,35.52000045776367,301,0.0,0.0,0.0
2024-07-01 15:30:00-04:00,35.529998779296875,35.54999923706055,35.5099983215332,35.5099983215332,1021,0.0,0.0,0.0
2024-07-02 09:30:00-04:00,35.36000061035156,35.36000061035156,35.36000061035156,35.36000061035156,847,0.0,0.0,0.0
2024-07-02 10:30:00-04:00,35.540000915527344,35.540000915527344,35.439998626708984,35.439998626708984,1977,0.0,0.0,0.0
2024-07-02 11:30:00-04:00,35.43000030517578,35.54999923706055,35.4109992980957,35.41999816894531,2111,0.0,0.0,0.0
2024-07-02 12:30:00-04:00,35.400001525878906,35.540000915527344,35.400001525878906,35.474998474121094,932,0.0,0.0,0.0
2024-07-02 13:30:00-04:00,35.474998474121094,35.540000915527344,35.474998474121094,35.540000915527344,491,0.0,0.0,0.0
2024-07-02 14:30:00-04:00,35.540000915527344,35.560001373291016,35.540000915527344,35.560001373291016,669,0.0,0.0,0.0
2024-07-02 15:30:00-04:00,35.564998626708984,35.71989822387695,35.564998626708984,35.689998626708984,1979,0.0,0.0,0.0
2024-07-03 09:30:00-04:00,35.90999984741211,36.02000045776367,35.90999984741211,36.02000045776367,2321,0.0,0.0,0.0
2024-07-03 10:30:00-04:00,35.95000076293945,35.95000076293945,35.95000076293945,35.95000076293945,316,0.0,0.0,0.0
2024-07-03 11:30:00-04:00,35.939998626708984,36.0099983215332,35.91999816894531,35.974998474121094,1014,0.0,0.0,0.0
2024-07-03 12:30:00-04:00,35.970001220703125,36.060001373291016,35.970001220703125,36.060001373291016,389,0.0,0.0,0.0
2024-07-05 09:30:00-04:00,36.04499816894531,36.04499816894531,36.04499816894531,36.04499816894531,0,0.0,0.0,0.0
2024-07-05 10:30:00-04:00,36.13999938964844,36.13999938964844,36.13999938964844,36.13999938964844,568,0.0,0.0,0.0
2024-07-05 11:30:00-04:00,36.2599983215332,36.2599983215332,36.2400016784668,36.2400016784668,995,0.0,0.0,0.0
2024-07-05 13:30:00-04:00,36.060001373291016,36.060001373291016,36.060001373291016,36.060001373291016,479,0.0,0.0,0.0
2024-07-05 14:30:00-04:00,36.189998626708984,36.2599983215332,36.189998626708984,36.2599983215332,997,0.0,0.0,0.0
2024-07-08 09:30:00-04:00,36.290000915527344,36.33599853515625,36.290000915527344,36.33599853515625,655,0.0,0.0,0.0
2024-07-08 10:30:00-04:00,36.25400161743164,36.25400161743164,36.189998626708984,36.189998626708984,459,0.0,0.0,0.0
2024-07-08 11:30:00-04:00,36.29999923706055,36.29999923706055,36.244998931884766,36.244998931884766,426,0.0,0.0,0.0
2024-07-08 13:30:00-04:00,36.17449951171875,36.17449951171875,36.17449951171875,36.17449951171875,199,0.0,0.0,0.0
2024-07-08 15:30:00-04:00,36.189998626708984,36.189998626708984,36.18259811401367,36.18259811401367,1461,0.0,0.0,0.0
2024-07-09 10:30:00-04:00,36.041099548339844,36.041099548339844,36.02000045776367,36.02000045776367,516,0.0,0.0,0.0
2024-07-09 11:30:00-04:00,36.125,36.125,36.125,36.125,537,0.0,0.0,0.0
2024-07-09 12:30:00-04:00,36.16999816894531,36.16999816894531,36.15999984741211,36.16999816894531,582,0.0,0.0,0.0
2024-07-09 13:30:00-04:00,36.04999923706055,36.04999923706055,36.001800537109375,36.001800537109375,723,0.0,0.0,0.0
2024-07-10 09:30:00-04:00,36.2599983215332,36.2599983215332,36.2599983215332,36.2599983215332,207,0.0,0.0,0.0
2024-07-10 10:30:00-04:00,36.349998474121094,36.44160079956055,36.33000183105469,36.43560028076172,6239,0.0,0.0,0.0
2024-07-10 11:30:00-04:00,36.52000045776367,36.52000045776367,36.5,36.5,2622,0.0,0.0,0.0
2024-07-10 13:30:00-04:00,36.5,36.57500076293945,36.5,36.56999969482422,932,0.0,0.0,0.0
2024-07-10 14:30:00-04:00,36.54999923706055,36.63999938964844,36.4900016784668,36.564998626708984,1948,0.0,0.0,0.0
2024-07-11 09:30:00-04:00,36.79999923706055,36.834999084472656,36.7400016784668,36.834999084472656,2114,0.0,0.0,0.0
2024-07-11 10:30:00-04:00,36.65999984741211,36.7130012512207,36.65999984741211,36.7130012512207,936,0.0,0.0,0.0
2024-07-11 11:30:00-04:00,36.688201904296875,36.688201904296875,36.688201904296875,36.688201904296875,231,0.0,0.0,0.0
2024-07-11 12:30:00-04:00,36.5620002746582,36.5620002746582,36.5620002746582,36.5620002746582,4184,0.0,0.0,0.0
2024-07-11 14:30:00-04:00,36.599998474121094,36.630001068115234,36.599998474121094,36.630001068115234,807,0.0,0.0,0.0
2024-07-11 15:30:00-04:00,36.7599983215332,36.7599983215332,36.7599983215332,36.7599983215332,467,0.0,0.0,0.0
2024-07-12 09:30:00-04:00,36.875,36.875,36.875,36.875,221,0.0,0.0,0.0
2024-07-12 10:30:00-04:00,37.060001373291016,37.099998474121094,37.060001373291016,37.099998474121094,336,0.0,0.0,0.0
2024-07-12 11:30:00-04:00,37.060001373291016,37.060001373291016,37.060001373291016,37.060001373291016,593,0.0,0.0,0.0
2024-07-12 14:30:00-04:00,37.029998779296875,37.06169891357422,37.029998779296875,37.06169891357422,7514,0.0,0.0,0.0
2024-07-12 15:30:00-04:00,37.11980056762695,37.11980056762695,37.11980056762695,37.11980056762695,778,0.0,0.0,0.0
2024-07-15 09:30:00-04:00,36.97999954223633,36.97999954223633,36.970001220703125,36.970001220703125,470,0.0,0.0,0.0
2024-07-15 10:30:00-04:00,37.029998779296875,37.029998779296875,37.029998779296875,37.029998779296875,172,0.0,0.0,0.0
2024-07-15 11:30:00-04:00,37.02289962768555,37.02289962768555,37.02289962768555,37.02289962768555,421,0.0,0.0,0.0
2024-07-15 14:30:00-04:00,36.81999969482422,36.899898529052734,36.81999969482422,36.899898529052734,7229,0.0,0.0,0.0
2024-07-15 15:30:00-04:00,36.779998779296875,36.779998779296875,36.779998779296875,36.779998779296875,208,0.0,0.0,0.0
2024-07-16 09:30:00-04:00,36.83000183105469,36.83000183105469,36.83000183105469,36.83000183105469,215,0.0,0.0,0.0
2024-07-16 10:30:00-04:00,36.90250015258789,36.95000076293945,36.89500045776367,36.95000076293945,856,0.0,0.0,0.0
2024-07-16 12:30:00-04:00,37.0099983215332,37.0099983215332,36.970001220703125,37.0099983215332,0,0.0,0.0,0.0
2024-07-16 13:30:00-04:00,36.99190139770508,37.060001373291016,36.96500015258789,36.9900016784668,3572,0.0,0.0,0.0
2024-07-16 14:30:00-04:00,37.060001373291016,37.060001373291016,37.060001373291016,37.060001373291016,820,0.0,0.0,0.0
2024-07-16 15:30:00-04:00,37.060001373291016,37.125,37.060001373291016,37.119998931884766,2328,0.0,0.0,0.0
2024-07-17 09:30:00-04:00,36.689998626708984,36.689998626708984,36.689998626708984,36.689998626708984,287,0.0,0.0,0.0
2024-07-17 11:30:00-04:00,36.5099983215332,36.5099983215332,36.5099983215332,36.5099983215332,241,0.0,0.0,0.0
2024-07-17 15:30:00-04:00,36.40999984741211,36.40999984741211,36.40999984741211,36.40999984741211,917,0.0,0.0,0.0
2024-07-18 09:30:00-04:00,36.439998626708984,36.439998626708984,36.369998931884766,36.369998931884766,1055,0.0,0.0,0.0
2024-07-18 10:30:00-04:00,36.18000030517578,36.18000030517578,35.99599838256836,35.99599838256836,2479,0.0,0.0,0.0
2024-07-18 11:30:00-04:00,35.959999084472656,35.959999084472656,35.959999084472656,35.959999084472656,200,0.0,0.0,0.0
2024-07-18 12:30:00-04:00,35.97999954223633,36.029998779296875,35.97999954223633,36.029998779296875,20112,0.0,0.0,0.0
2024-07-18 13:30:00-04:00,35.9900016784668,36.099998474121094,35.9900016784668,36.099998474121094,255,0.0,0.0,0.0
2024-07-18 14:30:00-04:00,35.915000915527344,35.97169876098633,35.849998474121094,35.849998474121094,1058,0.0,0.0,0.0
2024-07-18 15:30:00-04:00,35.82500076293945,35.90999984741211,35.82500076293945,35.90999984741211,864,0.0,0.0,0.0
2024-07-19 09:30:00-04:00,35.880001068115234,35.880001068115234,35.880001068115234,35.880001068115234,0,0.0,0.0,0.0
2024-07-19 10:30:00-04:00,35.82889938354492,35.85749816894531,35.779998779296875,35.85749816894531,18338,0.0,0.0,0.0
2024-07-19 11:30:00-04:00,35.88999938964844,35.88999938964844,35.88999938964844,35.88999938964844,486,0.0,0.0,0.0
2024-07-19 12:30:00-04:00,35.72800064086914,35.72800064086914,35.72800064086914,35.72800064086914,2367,0.0,0.0,0.0
2024-07-19 14:30:00-04:00,35.85319900512695,35.86000061035156,35.79499816894531,35.85710144042969,1079,0.0,0.0,0.0
2024-07-19 15:30:00-04:00,35.85139846801758,35.85139846801758,35.75,35.75,1194,0.0,0.0,0.0
2024-07-22 09:30:00-04:00,36.09000015258789,36.09000015258789,36.09000015258789,36.09000015258789,1462,0.0,0.0,0.0
2024-07-22 10:30:00-04:00,36.109901428222656,36.20000076293945,36.040000915527344,36.150001525878906,2850,0.0,0.0,0.0
2024-07-22 11:30:00-04:00,36.185001373291016,36.185001373291016,36.095001220703125,36.095001220703125,1197,0.0,0.0,0.0
2024-07-22 12:30:00-04:00,36.15999984741211,36.189998626708984,36.15999984741211,36.189998626708984,3822,0.0,0.0,0.0
2024-07-22 13:30:00-04:00,36.189998626708984,36.26620101928711,36.189998626708984,36.26620101928711,738,0.0,0.0,0.0
2024-07-22 14:30:00-04:00,36.310001373291016,36.34000015258789,36.27799987792969,36.27799987792969,44884,0.0,0.0,0.0
2024-07-22 15:30:00-04:00,36.310001373291016,36.399898529052734,36.279998779296875,36.399898529052734,1250,0.0,0.0,0.0
2024-07-23 09:30:00-04:00,36.209999084472656,36.290000915527344,36.18980026245117,36.18980026245117,0,0.0,0.0,0.0
2024-07-23 10:30:00-04:00,36.290000915527344,36.290000915527344,36.290000915527344,36.290000915527344,30940,0.0,0.0,0.0
2024-07-23 11:30:00-04:00,36.33000183105469,36.349998474121094,36.279998779296875,36.279998779296875,1636,0.0,0.0,0.0
2024-07-23 12:30:00-04:00,36.27000045776367,36.27009963989258,36.27000045776367,36.27009963989258,395,0.0,0.0,0.0
2024-07-23 13:30:00-04:00,36.2599983215332,36.29999923706055,36.2599983215332,36.28499984741211,2121,0.0,0.0,0.0
2024-07-23 15:30:00-04:00,36.310001373291016,36.310001373291016,36.310001373291016,36.310001373291016,171,0.0,0.0,0.0
2024-07-24 09:30:00-04:00,35.9818000793457,35.9818000793457,35.9818000793457,35.9818000793457,210,0.0,0.0,0.0
2024-07-24 10:30:00-04:00,36.04499816894531,36.04499816894531,35.9369010925293,35.9369010925293,642,0.0,0.0,0.0
2024-07-24 11:30:00-04:00,35.91999816894531,36.0099983215332,35.91999816894531,36.0099983215332,13854,0.0,0.0,0.0
2024-07-24 12:30:00-04:00,35.88999938964844,35.893699645996094,35.86000061035156,35.893699645996094,897,0.0,0.0,0.0
2024-07-24 14:30:00-04:00,35.670101165771484,35.670101165771484,35.670101165771484,35.670101165771484,699,0.0,0.0,0.0
2024-07-25 09:30:00-04:00,35.22999954223633,35.22999954223633,35.119998931884766,35.119998931884766,1407,0.0,0.0,0.0
2024-07-25 13:30:00-04:00,35.33000183105469,35.45000076293945,35.310001373291016,35.310001373291016,7101,0.0,0.0,0.0
2024-07-25 14:30:00-04:00,35.25,35.255001068115234,35.25,35.255001068115234,4092,0.0,0.0,0.0
2024-07-25 15:30:00-04:00,35.13999938964844,35.13999938964844,35.13999938964844,35.13999938964844,374,0.0,0.0,0.0
2024-07-26 09:30:00-04:00,35.43000030517578,35.560001373291016,35.43000030517578,35.560001373291016,538,0.0,0.0,0.0
2024-07-26 10:30:00-04:00,35.52069854736328,35.564998626708984,35.52069854736328,35.564998626708984,2282,0.0,0.0,0.0
2024-07-26 11:30:00-04:00,35.599998474121094,35.654998779296875,35.599998474121094,35.654998779296875,693,0.0,0.0,0.0
2024-07-26 12:30:00-04:00,35.70000076293945,35.79999923706055,35.70000076293945,35.79999923706055,1075,0.0,0.0,0.0
2024-07-26 13:30:00-04:00,35.69139862060547,35.69139862060547,35.685001373291016,35.685001373291016,767,0.0,0.0,0.0
2024-07-26 14:30:00-04:00,35.619998931884766,35.66999816894531,35.619998931884766,35.65999984741211,3119,0.0,0.0,0.0
2024-07-26 15:30:00-04:00,35.654998779296875,35.70000076293945,35.654998779296875,35.70000076293945,1941,0.0,0.0,0.0
2024-07-29 09:30:00-04:00,35.58000183105469,35.582000732421875,35.58000183105469,35.582000732421875,1396,0.0,0.0,0.0
2024-07-29 10:30:00-04:00,35.540000915527344,35.540000915527344,35.47999954223633,35.53499984741211,870,0.0,0.0,0.0
2024-07-29 11:30:00-04:00,35.58000183105469,35.58000183105469,35.58000183105469,35.58000183105469,207,0.0,0.0,0.0
2024-07-29 12:30:00-04:00,35.57500076293945,35.57500076293945,35.57500076293945,35.57500076293945,387,0.0,0.0,0.0
2024-07-29 14:30:00-04:00,35.564998626708984,35.564998626708984,35.564998626708984,35.564998626708984,404,0.0,0.0,0.0
2024-07-29 15:30:00-04:00,35.54999923706055,35.54999923706055,35.54999923706055,35.54999923706055,197,0.0,0.0,0.0
2024-07-30 09:30:00-04:00,35.78499984741211,35.78499984741211,35.73860168457031,35.7599983215332,1561,0.0,0.0,0.0
2024-07-30 10:30:00-04:00,35.68000030517578,35.68000030517578,35.650001525878906,35.650001525878906,903,0.0,0.0,0.0
2024-07-30 13:30:00-04:00,35.650001525878906,35.650001525878906,35.650001525878906,35.650001525878906,520,0.0,0.0,0.0
2024-07-30 14:30:00-04:00,35.61259841918945,35.64139938354492,35.58000183105469,35.64139938354492,2040,0.0,0.0,0.0
2024-07-30 15:30:00-04:00,35.654998779296875,35.654998779296875,35.654998779296875,35.654998779296875,207,0.0,0.0,0.0
2024-07-31 09:30:00-04:00,36.04999923706055,36.12099838256836,36.04999923706055,36.12099838256836,1208,0.0,0.0,0.0
2024-07-31 11:30:00-04:00,36.174400329589844,36.174400329589844,36.174400329589844,36.174400329589844,393,0.0,0.0,0.0
2024-07-31 13:30:00-04:00,36.060001373291016,36.135101318359375,36.060001373291016,36.135101318359375,562,0.0,0.0,0.0
2024-07-31 14:30:00-04:00,36.2400016784668,36.34000015258789,36.2400016784668,36.34000015258789,729,0.0,0.0,0.0
2024-08-01 09:30:00-04:00,35.84000015258789,35.88999938964844,35.84000015258789,35.88999938964844,509,0.0,0.0,0.0
2024-08-01 10:30:00-04:00,35.36709976196289,35.36709976196289,35.35749816894531,35.35749816894531,730,0.0,0.0,0.0
2024-08-01 11:30:00-04:00,35.293800354003906,35.293800354003906,35.17499923706055,35.17499923706055,2546,0.0,0.0,0.0
2024-08-01 12:30:00-04:00,35.079898834228516,35.079898834228516,35.079898834228516,35.079898834228516,653,0.0,0.0,0.0
2024-08-01 13:30:00-04:00,35.060001373291016,35.06999969482422,35.00360107421875,35.01499938964844,1606,0.0,0.0,0.0
2024-08-01 14:30:00-04:00,35.04999923706055,35.04999923706055,35.04999923706055,35.04999923706055,297,0.0,0.0,0.0
2024-08-01 15:30:00-04:00,34.97999954223633,35.159000396728516,34.97999954223633,35.159000396728516,1161,0.0,0.0,0.0
2024-08-02 09:30:00-04:00,34.25,34.25,34.040000915527344,34.040000915527344,2955,0.0,0.0,0.0
2024-08-02 10:30:00-04:00,33.89400100708008,33.89400100708008,33.80179977416992,33.814998626708984,1074,0.0,0.0,0.0
2024-08-02 11:30:00-04:00,33.939998626708984,33.970001220703125,33.939998626708984,33.970001220703125,591,0.0,0.0,0.0
2024-08-02 12:30:00-04:00,33.95000076293945,34.02000045776367,33.880001068115234,33.959999084472656,2650,0.0,0.0,0.0
2024-08-02 13:30:00-04:00,33.97999954223633,33.97999954223633,33.97999954223633,33.97999954223633,226,0.0,0.0,0.0
2024-08-02 14:30:00-04:00,33.97999954223633,33.97999954223633,33.959999084472656,33.959999084472656,541,0.0,0.0,0.0
2024-08-02 15:30:00-04:00,33.814998626708984,34.029998779296875,33.814998626708984,34.029998779296875,1173,0.0,0.0,0.0
2024-08-05 09:30:00-04:00,32.869998931884766,33.099998474121094,32.869998931884766,33.099998474121094,893,0.0,0.0,0.0
2024-08-05 10:30:00-04:00,32.959999084472656,33.092498779296875,32.959999084472656,33.092498779296875,1341,0.0,0.0,0.0
2024-08-05 12:30:00-04:00,33.16999816894531,33.25,33.16999816894531,33.209999084472656,7976,0.0,0.0,0.0
2024-08-05 13:30:00-04:00,33.310001373291016,33.310001373291016,33.30500030517578,33.30500030517578,310,0.0,0.0,0.0
2024-08-05 14:30:00-04:00,33.290000915527344,33.290000915527344,33.150001525878906,33.224998474121094,190266,0.0,0.0,0.0
2024-08-05 15:30:00-04:00,33.224998474121094,33.310001373291016,33.14720153808594,33.14720153808594,8700,0.0,0.0,0.0
2024-08-06 09:30:00-04:00,33.119998931884766,33.3849983215332,33.119998931884766,33.29999923706055,3476,0.0,0.0,0.0
2024-08-06 10:30:00-04:00,33.505001068115234,33.505001068115234,33.43000030517578,33.43000030517578,7053,0.0,0.0,0.0
2024-08-06 11:30:00-04:00,33.439998626708984,33.45000076293945,33.439998626708984,33.45000076293945,0,0.0,0.0,0.0
2024-08-06 12:30:00-04:00,33.439998626708984,33.630001068115234,33.439998626708984,33.58000183105469,3690,0.0,0.0,0.0
2024-08-06 13:30:00-04:00,33.536598205566406,33.625,33.536598205566406,33.58000183105469,4713,0.0,0.0,0.0
2024-08-06 14:30:00-04:00,33.61000061035156,33.77000045776367,33.439998626708984,33.439998626708984,20796,0.0,0.0,0.0
2024-08-06 15:30:00-04:00,33.459999084472656,33.551998138427734,33.45000076293945,33.45000076293945,951,0.0,0.0,0.0
2024-08-07 09:30:00-04:00,34.13999938964844,34.15999984741211,34.13999938964844,34.15999984741211,2402,0.0,0.0,0.0
2024-08-07 10:30:00-04:00,34.119998931884766,34.119998931884766,34.119998931884766,34.119998931884766,635,0.0,0.0,0.0
2024-08-07 13:30:00-04:00,33.680999755859375,33.7400016784668,33.680999755859375,33.7400016784668,706,0.0,0.0,0.0
2024-08-07 14:30:00-04:00,33.619998931884766,33.619998931884766,33.599998474121094,33.599998474121094,628,0.0,0.0,0.0
2024-08-07 15:30:00-04:00,33.5099983215332,33.5099983215332,33.5099983215332,33.5099983215332,518,0.0,0.0,0.0
2024-08-08 09:30:00-04:00,33.90999984741211,33.90999984741211,33.70000076293945,33.79499816894531,2655,0.0,0.0,0.0
2024-08-08 10:30:00-04:00,34.0,34.0,34.0,34.0,3000,0.0,0.0,0.0
2024-08-08 11:30:00-04:00,34.025001525878906,34.025001525878906,34.025001525878906,34.025001525878906,0,0.0,0.0,0.0
2024-08-08 12:30:00-04:00,34.005001068115234,34.005001068115234,34.005001068115234,34.005001068115234,402,0.0,0.0,0.0
2024-08-08 13:30:00-04:00,34.04999923706055,34.099998474121094,34.04999923706055,34.099998474121094,2199,0.0,0.0,0.0
2024-08-08 14:30:00-04:00,34.099998474121094,34.099998474121094,34.040000915527344,34.040000915527344,1350,0.0,0.0,0.0
2024-08-08 15:30:00-04:00,34.189998626708984,34.189998626708984,34.189998626708984,34.189998626708984,100,0.0,0.0,0.0
2024-08-09 09:30:00-04:00,34.22999954223633,34.22999954223633,34.22999954223633,34.22999954223633,229,0.0,0.0,0.0
2024-08-09 11:30:00-04:00,34.33100128173828,34.33100128173828,34.33100128173828,34.33100128173828,566,0.0,0.0,0.0
2024-08-09 14:30:00-04:00,34.44499969482422,34.44499969482422,34.38130187988281,34.44499969482422,833,0.0,0.0,0.0
2024-08-09 15:30:00-04:00,34.459999084472656,34.5099983215332,34.459999084472656,34.5099983215332,878,0.0,0.0,0.0
2024-08-12 09:30:00-04:00,34.4900016784668,34.4900016784668,34.4900016784668,34.4900016784668,615,0.0,0.0,0.0
2024-08-12 11:30:00-04:00,34.584999084472656,34.584999084472656,34.584999084472656,34.584999084472656,245,0.0,0.0,0.0
2024-08-12 12:30:00-04:00,34.529998779296875,34.529998779296875,34.529998779296875,34.529998779296875,200,0.0,0.0,0.0
2024-08-12 13:30:00-04:00,34.5,34.56999969482422,34.5,34.56999969482422,560,0.0,0.0,0.0
2024-08-12 14:30:00-04:00,34.56999969482422,34.6255989074707,34.500999450683594,34.500999450683594,768,0.0,0.0,0.0
2024-08-13 09:30:00-04:00,34.81999969482422,34.81999969482422,34.810001373291016,34.810001373291016,354,0.0,0.0,0.0
2024-08-13 10:30:00-04:00,34.89500045776367,34.89500045776367,34.89500045776367,34.89500045776367,200,0.0,0.0,0.0
2024-08-13 11:30:00-04:00,34.93000030517578,34.9900016784668,34.915000915527344,34.9900016784668,342,0.0,0.0,0.0
2024-08-13 12:30:00-04:00,35.06999969482422,35.14500045776367,35.06999969482422,35.06999969482422,1282,0.0,0.0,0.0
2024-08-13 13:30:00-04:00,35.01100158691406,35.18199920654297,35.01100158691406,35.18199920654297,214,0.0,0.0,0.0
2024-08-13 14:30:00-04:00,35.095001220703125,35.20000076293945,35.095001220703125,35.130001068115234,785,0.0,0.0,0.0
2024-08-13 15:30:00-04:00,35.27000045776367,35.27000045776367,35.130001068115234,35.18000030517578,1184,0.0,0.0,0.0
2024-08-14 09:30:00-04:00,35.369998931884766,35.369998931884766,35.33000183105469,35.33000183105469,327,0.0,0.0,0.0
2024-08-14 10:30:00-04:00,35.34000015258789,35.34000015258789,35.34000015258789,35.34000015258789,100,0.0,0.0,0.0
2024-08-14 11:30:00-04:00,35.38999938964844,35.540000915527344,35.38999938964844,35.540000915527344,984,0.0,0.0,0.0
2024-08-14 12:30:00-04:00,35.380001068115234,35.380001068115234,35.380001068115234,35.380001068115234,252,0.0,0.0,0.0
2024-08-14 13:30:00-04:00,35.380001068115234,35.380001068115234,35.380001068115234,35.380001068115234,110,0.0,0.0,0.0
2024-08-14 14:30:00-04:00,35.380001068115234,35.56990051269531,35.380001068115234,35.41999816894531,866,0.0,0.0,0.0
2024-08-15 09:30:00-04:00,35.900001525878906,35.939998626708984,35.779998779296875,35.939998626708984,1705,0.0,0.0,0.0
2024-08-15 10:30:00-04:00,35.939998626708984,36.06999969482422,35.939998626708984,36.02000045776367,1300,0.0,0.0,0.0
2024-08-15 11:30:00-04:00,36.02000045776367,36.099998474121094,36.02000045776367,36.099998474121094,3295,0.0,0.0,0.0
2024-08-15 12:30:00-04:00,36.08000183105469,36.08000183105469,36.060001373291016,36.060001373291016,402,0.0,0.0,0.0
2024-08-15 13:30:00-04:00,36.060001373291016,36.14509963989258,36.060001373291016,36.060001373291016,1201,0.0,0.0,0.0
2024-08-15 14:30:00-04:00,36.09870147705078,36.09870147705078,36.060001373291016,36.060001373291016,1095,0.0,0.0,0.0
2024-08-15 15:30:00-04:00,36.119998931884766,36.20000076293945,36.10499954223633,36.20000076293945,725,0.0,0.0,0.0
2024-08-16 09:30:00-04:00,36.16999816894531,36.16999816894531,36.150001525878906,36.150001525878906,0,0.0,0.0,0.0
2024-08-16 10:30:00-04:00,36.279998779296875,36.310001373291016,36.11000061035156,36.119998931884766,10552,0.0,0.0,0.0
2024-08-16 11:30:00-04:00,36.150001525878906,36.29999923706055,36.150001525878906,36.25,1058,0.0,0.0,0.0
2024-08-16 12:30:00-04:00,36.20000076293945,36.27000045776367,36.20000076293945,36.27000045776367,1006,0.0,0.0,0.0
2024-08-16 13:30:00-04:00,36.27000045776367,36.27000045776367,36.22999954223633,36.2400016784668,745,0.0,0.0,0.0
2024-08-16 14:30:00-04:00,36.27000045776367,36.308998107910156,36.2400016784668,36.27000045776367,2194,0.0,0.0,0.0
2024-08-16 15:30:00-04:00,36.308998107910156,36.308998107910156,36.27000045776367,36.27000045776367,209,0.0,0.0,0.0
2024-08-19 09:30:00-04:00,36.369998931884766,36.459999084472656,36.369998931884766,36.459999084472656,490,0.0,0.0,0.0
2024-08-19 10:30:00-04:00,36.564998626708984,36.564998626708984,36.529998779296875,36.529998779296875,145,0.0,0.0,0.0
2024-08-19 11:30:00-04:00,36.529998779296875,36.529998779296875,36.5099983215332,36.5099983215332,360,0.0,0.0,0.0
2024-08-19 12:30:00-04:00,36.57500076293945,36.57500076293945,36.57500076293945,36.57500076293945,100,0.0,0.0,0.0
2024-08-19 13:30:00-04:00,36.54999923706055,36.581199645996094,36.54999923706055,36.58000183105469,1007,0.0,0.0,0.0
2024-08-19 14:30:00-04:00,36.58100128173828,36.68000030517578,36.58100128173828,36.59000015258789,864,0.0,0.0,0.0
2024-08-20 09:30:00-04:00,36.650001525878906,36.650001525878906,36.51100158691406,36.51100158691406,387,0.0,0.0,0.0
2024-08-20 10:30:00-04:00,36.5099983215332,36.62919998168945,36.5099983215332,36.5099983215332,896,0.0,0.0,0.0
2024-08-20 11:30:00-04:00,36.47999954223633,36.58000183105469,36.47999954223633,36.58000183105469,1708,0.0,0.0,0.0
2024-08-20 12:30:00-04:00,36.4900016784668,36.4900016784668,36.459999084472656,36.459999084472656,316,0.0,0.0,0.0
2024-08-20 13:30:00-04:00,36.630001068115234,36.630001068115234,36.45000076293945,36.58000183105469,839,0.0,0.0,0.0
2024-08-20 14:30:00-04:00,36.529998779296875,36.58000183105469,36.529998779296875,36.560001373291016,925,0.0,0.0,0.0
2024-08-20 15:30:00-04:00,36.560001373291016,36.560001373291016,36.560001373291016,36.560001373291016,193,0.0,0.0,0.0
2024-08-21 13:30:00-04:00,36.90999984741211,36.97650146484375,36.88999938964844,36.97650146484375,1725,0.0,0.0,0.0
2024-08-21 15:30:00-04:00,36.970001220703125,36.970001220703125,36.880001068115234,36.880001068115234,2510,0.0,0.0,0.0
2024-08-22 09:30:00-04:00,37.08000183105469,37.08000183105469,36.86000061035156,36.86000061035156,445,0.0,0.0,0.0
2024-08-22 10:30:00-04:00,36.95000076293945,37.040000915527344,36.95000076293945,36.95000076293945,3356,0.0,0.0,0.0
2024-08-22 13:30:00-04:00,36.78969955444336,36.78969955444336,36.78969955444336,36.78969955444336,217,0.0,0.0,0.0
2024-08-22 14:30:00-04:00,36.86000061035156,36.86000061035156,36.720001220703125,36.720001220703125,2358,0.0,0.0,0.0
2024-08-23 09:30:00-04:00,37.03499984741211,37.03499984741211,36.95000076293945,36.95000076293945,3233,0.0,0.0,0.0
2024-08-23 10:30:00-04:00,37.34109878540039,37.34109878540039,37.34109878540039,37.34109878540039,569,0.0,0.0,0.0
2024-08-23 13:30:00-04:00,37.310001373291016,37.310001373291016,37.27180099487305,37.279998779296875,687,0.0,0.0,0.0
2024-08-23 14:30:00-04:00,37.279998779296875,37.290000915527344,37.279998779296875,37.290000915527344,1213,0.0,0.0,0.0
2024-08-23 15:30:00-04:00,37.36349868774414,37.36349868774414,37.36349868774414,37.36349868774414,312,0.0,0.0,0.0
2024-08-26 09:30:00-04:00,37.2599983215332,37.2599983215332,37.2599983215332,37.2599983215332,476,0.0,0.0,0.0
2024-08-26 10:30:00-04:00,37.189998626708984,37.189998626708984,37.0900993347168,37.0900993347168,971,0.0,0.0,0.0
2024-08-26 11:30:00-04:00,37.15999984741211,37.15999984741211,37.15999984741211,37.15999984741211,429,0.0,0.0,0.0
2024-08-26 13:30:00-04:00,37.04999923706055,37.04999923706055,37.04999923706055,37.04999923706055,299,0.0,0.0,0.0
2024-08-26 14:30:00-04:00,37.11000061035156,37.11000061035156,37.11000061035156,37.11000061035156,792,0.0,0.0,0.0
2024-08-27 09:30:00-04:00,37.040000915527344,37.040000915527344,37.040000915527344,37.040000915527344,138,0.0,0.0,0.0
2024-08-27 10:30:00-04:00,37.15999984741211,37.20000076293945,37.06999969482422,37.13999938964844,860,0.0,0.0,0.0
2024-08-27 11:30:00-04:00,37.14390182495117,37.14390182495117,37.14390182495117,37.14390182495117,0,0.0,0.0,0.0
2024-08-27 13:30:00-04:00,37.15999984741211,37.209999084472656,37.15999984741211,37.209999084472656,984,0.0,0.0,0.0
2024-08-27 14:30:00-04:00,37.151798248291016,37.151798248291016,37.151798248291016,37.151798248291016,164,0.0,0.0,0.0
2024-08-28 09:30:00-04:00,37.15999984741211,37.2400016784668,37.15999984741211,37.2400016784668,426,0.0,0.0,0.0
2024-08-28 10:30:00-04:00,37.099998474121094,37.099998474121094,37.099998474121094,37.099998474121094,530,0.0,0.0,0.0
2024-08-28 11:30:00-04:00,37.08000183105469,37.08000183105469,37.08000183105469,37.08000183105469,200,0.0,0.0,0.0
2024-08-28 12:30:00-04:00,37.12160110473633,37.12160110473633,37.119998931884766,37.119998931884766,2954,0.0,0.0,0.0
2024-08-28 13:30:00-04:00,36.994998931884766,37.0,36.994998931884766,37.0,446,0.0,0.0,0.0
2024-08-28 14:30:00-04:00,37.04999923706055,37.060001373291016,37.04100036621094,37.04100036621094,520,0.0,0.0,0.0
2024-08-28 15:30:00-04:00,37.09400177001953,37.128299713134766,37.09400177001953,37.128299713134766,470,0.0,0.0,0.0
2024-08-29 09:30:00-04:00,37.279998779296875,37.279998779296875,37.27199935913086,37.27199935913086,7937,0.0,0.0,0.0
2024-08-29 10:30:00-04:00,37.349998474121094,37.349998474121094,37.349998474121094,37.349998474121094,699,0.0,0.0,0.0
2024-08-29 12:30:00-04:00,37.439998626708984,37.439998626708984,37.439998626708984,37.439998626708984,2360,0.0,0.0,0.0
2024-08-29 13:30:00-04:00,37.391998291015625,37.391998291015625,37.391998291015625,37.391998291015625,2095,0.0,0.0,0.0
2024-08-29 14:30:00-04:00,37.189998626708984,37.189998626708984,37.189998626708984,37.189998626708984,203,0.0,0.0,0.0
2024-08-30 09:30:00-04:00,37.41999816894531,37.41999816894531,37.41999816894531,37.41999816894531,558,0.0,0.0,0.0
2024-08-30 10:30:00-04:00,37.369998931884766,37.369998931884766,37.369998931884766,37.369998931884766,144,0.0,0.0,0.0
2024-08-30 11:30:00-04:00,37.2599983215332,37.41999816894531,37.24100112915039,37.24100112915039,2145,0.0,0.0,0.0
2024-08-30 12:30:00-04:00,37.189998626708984,37.224998474121094,37.189998626708984,37.224998474121094,460,0.0,0.0,0.0
2024-08-30 13:30:00-04:00,37.2599983215332,37.260101318359375,37.255001068115234,37.255001068115234,513,0.0,0.0,0.0
2024-08-30 14:30:00-04:00,37.255001068115234,37.29999923706055,37.255001068115234,37.29999923706055,336,0.0,0.0,0.0
2024-08-30 15:30:00-04:00,37.380001068115234,37.380001068115234,37.380001068115234,37.380001068115234,238,0.0,0.0,0.0
2024-09-03 09:30:00-04:00,37.130001068115234,37.130001068115234,36.939998626708984,36.939998626708984,988,0.0,0.0,0.0
2024-09-03 13:30:00-04:00,36.529998779296875,36.529998779296875,36.430999755859375,36.430999755859375,477,0.0,0.0,0.0
2024-09-03 14:30:00-04:00,36.41999816894531,36.540000915527344,36.39099884033203,36.5,4997,0.0,0.0,0.0
2024-09-03 15:30:00-04:00,36.400001525878906,36.400001525878906,36.400001525878906,36.400001525878906,200,0.0,0.0,0.0
2024-09-04 09:30:00-04:00,36.150001525878906,36.2400016784668,36.150001525878906,36.2400016784668,0,0.0,0.0,0.0
2024-09-04 12:30:00-04:00,36.22999954223633,36.22999954223633,36.22999954223633,36.22999954223633,832,0.0,0.0,0.0
2024-09-04 13:30:00-04:00,36.2400016784668,36.290000915527344,36.2400016784668,36.290000915527344,283,0.0,0.0,0.0
2024-09-04 14:30:00-04:00,36.209999084472656,36.209999084472656,36.1349983215332,36.1349983215332,391,0.0,0.0,0.0
2024-09-04 15:30:00-04:00,36.20500183105469,36.20500183105469,36.16999816894531,36.189998626708984,518,0.0,0.0,0.0
2024-09-05 09:30:00-04:00,36.150001525878906,36.150001525878906,36.150001525878906,36.150001525878906,794,0.0,0.0,0.0
2024-09-05 11:30:00-04:00,35.987998962402344,35.987998962402344,35.987998962402344,35.987998962402344,456,0.0,0.0,0.0
2024-09-05 15:30:00-04:00,36.0099983215332,36.0099983215332,36.0099983215332,36.0099983215332,200,0.0,0.0,0.0
2024-09-06 09:30:00-04:00,36.119998931884766,36.119998931884766,36.119998931884766,36.119998931884766,763,0.0,0.0,0.0
2024-09-06 12:30:00-04:00,35.400001525878906,35.400001525878906,35.349998474121094,35.349998474121094,2397,0.0,0.0,0.0
2024-09-06 14:30:00-04:00,35.310001373291016,35.310001373291016,35.22999954223633,35.255001068115234,1762,0.0,0.0,0.0
2024-09-06 15:30:00-04:00,35.21009826660156,35.30500030517578,35.21009826660156,35.30500030517578,953,0.0,0.0,0.0
2024-09-09 09:30:00-04:00,35.779998779296875,35.93000030517578,35.779998779296875,35.93000030517578,1796,0.0,0.0,0.0
2024-09-09 13:30:00-04:00,35.77000045776367,35.77000045776367,35.77000045776367,35.77000045776367,759,0.0,0.0,0.0
2024-09-09 15:30:00-04:00,35.92829895019531,35.92829895019531,35.92829895019531,35.92829895019531,220,0.0,0.0,0.0
2024-09-10 10:30:00-04:00,35.584999084472656,35.66999816894531,35.584999084472656,35.66999816894531,1838,0.0,0.0,0.0
2024-09-10 12:30:00-04:00,35.5,35.51499938964844,35.5,35.51499938964844,420,0.0,0.0,0.0
2024-09-10 13:30:00-04:00,35.560001373291016,35.68000030517578,35.560001373291016,35.679901123046875,2049,0.0,0.0,0.0
2024-09-10 14:30:00-04:00,35.69860076904297,35.71500015258789,35.65999984741211,35.71500015258789,3938,0.0,0.0,0.0
2024-09-11 09:30:00-04:00,35.83000183105469,35.83000183105469,35.4900016784668,35.4900016784668,634,0.0,0.0,0.0
2024-09-11 11:30:00-04:00,35.7400016784668,35.7400016784668,35.7400016784668,35.7400016784668,1857,0.0,0.0,0.0
2024-09-11 12:30:00-04:00,35.78499984741211,35.88959884643555,35.782501220703125,35.85279846191406,1135,0.0,0.0,0.0
2024-09-11 13:30:00-04:00,35.83000183105469,35.847999572753906,35.83000183105469,35.847999572753906,726,0.0,0.0,0.0
2024-09-11 14:30:00-04:00,36.0099983215332,36.06999969482422,35.9900016784668,36.06999969482422,695,0.0,0.0,0.0
2024-09-11 15:30:00-04:00,36.09000015258789,36.09000015258789,36.09000015258789,36.09000015258789,558,0.0,0.0,0.0
2024-09-12 09:30:00-04:00,36.17499923706055,36.17499923706055,36.125,36.125,438,0.0,0.0,0.0
2024-09-12 11:30:00-04:00,36.244998931884766,36.31999969482422,36.244998931884766,36.31999969482422,1234,0.0,0.0,0.0
2024-09-12 13:30:00-04:00,36.43000030517578,36.47829818725586,36.369998931884766,36.47829818725586,5810,0.0,0.0,0.0
2024-09-12 14:30:00-04:00,36.439998626708984,36.439998626708984,36.439998626708984,36.439998626708984,207,0.0,0.0,0.0
2024-09-12 15:30:00-04:00,36.471500396728516,36.54999923706055,36.471500396728516,36.54999923706055,358,0.0,0.0,0.0
2024-09-13 09:30:00-04:00,36.66999816894531,36.66999816894531,36.66999816894531,36.66999816894531,0,0.0,0.0,0.0
2024-09-13 10:30:00-04:00,36.7599983215332,36.840999603271484,36.709999084472656,36.720001220703125,1686,0.0,0.0,0.0
2024-09-13 13:30:00-04:00,36.75210189819336,36.75210189819336,36.619998931884766,36.619998931884766,607,0.0,0.0,0.0
2024-09-13 15:30:00-04:00,36.68000030517578,36.68000030517578,36.68000030517578,36.68000030517578,575,0.0,0.0,0.0
2024-09-16 09:30:00-04:00,36.89500045776367,36.9900016784668,36.86000061035156,36.9900016784668,2248,0.0,0.0,0.0
2024-09-16 10:30:00-04:00,36.95000076293945,36.95000076293945,36.875,36.875,1225,0.0,0.0,0.0
2024-09-16 14:30:00-04:00,36.939998626708984,36.939998626708984,36.939998626708984,36.939998626708984,607,0.0,0.0,0.0
2024-09-16 15:30:00-04:00,36.994998931884766,36.994998931884766,36.994998931884766,36.994998931884766,633,0.0,0.0,0.0
2024-09-17 09:30:00-04:00,36.910701751708984,36.939998626708984,36.910701751708984,36.91999816894531,2575,0.0,0.0,0.0
2024-09-17 10:30:00-04:00,37.05500030517578,37.05500030517578,36.90999984741211,36.90999984741211,623,0.0,0.0,0.0
2024-09-17 11:30:00-04:00,36.880001068115234,36.88010025024414,36.849998474121094,36.850101470947266,1136,0.0,0.0,0.0
2024-09-17 12:30:00-04:00,36.868099212646484,36.868099212646484,36.868099212646484,36.868099212646484,150,0.0,0.0,0.0
2024-09-17 14:30:00-04:00,36.85419845581055,36.85419845581055,36.77050018310547,36.77050018310547,731,0.0,0.0,0.0
2024-09-18 10:30:00-04:00,36.76499938964844,36.76499938964844,36.69279861450195,36.69279861450195,420,0.0,0.0,0.0
2024-09-18 11:30:00-04:00,36.70000076293945,36.70000076293945,36.70000076293945,36.70000076293945,728,0.0,0.0,0.0
2024-09-18 12:30:00-04:00,36.779998779296875,36.779998779296875,36.70000076293945,36.70000076293945,478,0.0,0.0,0.0
2024-09-18 13:30:00-04:00,36.775001525878906,37.060001373291016,36.759700775146484,37.060001373291016,2504,0.0,0.0,0.0
2024-09-18 14:30:00-04:00,36.8849983215332,36.900001525878906,36.77000045776367,36.900001525878906,841,0.0,0.0,0.0
2024-09-18 15:30:00-04:00,36.790000915527344,36.79999923706055,36.630001068115234,36.689998626708984,1634,0.0,0.0,0.0
2024-09-19 09:30:00-04:00,37.540000915527344,37.540000915527344,37.47999954223633,37.47999954223633,2201,0.0,0.0,0.0
2024-09-19 10:30:00-04:00,37.499000549316406,37.499000549316406,37.40999984741211,37.40999984741211,1936,0.0,0.0,0.0
2024-09-19 11:30:00-04:00,37.629798889160156,37.629798889160156,37.629798889160156,37.629798889160156,151,0.0,0.0,0.0
2024-09-19 12:30:00-04:00,37.630001068115234,37.64189910888672,37.619998931884766,37.619998931884766,5145,0.0,0.0,0.0
2024-09-19 14:30:00-04:00,37.720001220703125,37.720001220703125,37.71189880371094,37.71189880371094,1116,0.0,0.0,0.0
2024-09-19 15:30:00-04:00,37.731998443603516,37.731998443603516,37.731998443603516,37.731998443603516,326,0.0,0.0,0.0
2024-09-20 09:30:00-04:00,37.4900016784668,37.4900016784668,37.4900016784668,37.4900016784668,1291,0.0,0.0,0.0
2024-09-20 10:30:00-04:00,37.279998779296875,37.36320114135742,37.279998779296875,37.36320114135742,2107,0.0,0.0,0.0
2024-09-20 12:30:00-04:00,37.279998779296875,37.32500076293945,37.279998779296875,37.32500076293945,596,0.0,0.0,0.0
2024-09-20 13:30:00-04:00,37.380001068115234,37.380001068115234,37.310001373291016,37.345001220703125,2186,0.0,0.0,0.0
2024-09-20 14:30:00-04:00,37.339698791503906,37.339698791503906,37.27000045776367,37.279998779296875,935,0.0,0.0,0.0
2024-09-20 15:30:00-04:00,37.32500076293945,37.32500076293945,37.27000045776367,37.27000045776367,274,0.0,0.0,0.0
