Datetime,Open,High,Low,Close,Volume,Dividends,Stock Splits
2022-09-22 14:30:00-04:00,24.174999237060547,24.174999237060547,24.174999237060547,24.174999237060547,0,0.0,0.0
2022-09-23 09:30:00-04:00,24.149999618530273,24.149999618530273,24.149900436401367,24.149999618530273,690,0.0,0.0
2022-09-26 13:30:00-04:00,23.540000915527344,23.6200008392334,23.520000457763672,23.600000381469727,2100,0.0,0.0
2022-09-27 11:30:00-04:00,23.600000381469727,23.600000381469727,23.600000381469727,23.600000381469727,0,0.0,0.0
2022-09-27 13:30:00-04:00,23.80500030517578,23.80500030517578,23.80500030517578,23.80500030517578,150,0.0,0.0
2022-09-27 14:30:00-04:00,23.75,23.75,23.75,23.75,105,0.0,0.0
2022-09-27 15:30:00-04:00,23.649999618530273,23.649999618530273,23.649999618530273,23.649999618530273,100,0.0,0.0
2022-09-28 10:30:00-04:00,23.634599685668945,23.649999618530273,23.634599685668945,23.649999618530273,300,0.0,0.0
2022-09-28 11:30:00-04:00,23.549999237060547,23.549999237060547,23.329999923706055,23.5,2701,0.0,0.0
2022-09-29 12:30:00-04:00,23.360000610351562,23.360000610351562,23.302200317382812,23.302200317382812,198,0.0,0.0
2022-09-30 13:30:00-04:00,23.149999618530273,23.950000762939453,23.149999618530273,23.950000762939453,102,0.0,0.0
2022-10-04 13:30:00-04:00,23.940000534057617,23.940000534057617,23.940000534057617,23.940000534057617,268,0.0,0.0
2022-10-12 10:30:00-04:00,23.5,23.950000762939453,23.5,23.950000762939453,620,0.0,0.0
2022-10-14 12:30:00-04:00,22.43000030517578,23.149999618530273,22.43000030517578,23.149999618530273,200,0.0,0.0
2022-10-14 13:30:00-04:00,23.889999389648438,23.889999389648438,23.889999389648438,23.889999389648438,0,0.0,0.0
2022-10-19 12:30:00-04:00,23.889999389648438,23.889999389648438,23.889999389648438,23.889999389648438,206,0.0,0.0
2022-10-21 12:30:00-04:00,23.110000610351562,23.11009979248047,23.110000610351562,23.11009979248047,163,0.0,0.0
2022-10-21 13:30:00-04:00,22.5,22.5,22.5,22.5,100,0.0,0.0
2022-10-21 15:30:00-04:00,22.499900817871094,22.5,22.06999969482422,22.06999969482422,518,0.0,0.0
2022-10-24 11:30:00-04:00,22.471599578857422,22.471599578857422,22.471599578857422,22.471599578857422,203,0.0,0.0
2022-10-24 12:30:00-04:00,22.499900817871094,23.559900283813477,22.299999237060547,23.559900283813477,1790,0.0,0.0
2022-10-27 11:30:00-04:00,23.760000228881836,23.760000228881836,23.760000228881836,23.760000228881836,0,0.0,0.0
2022-10-27 13:30:00-04:00,23.850000381469727,23.850000381469727,23.850000381469727,23.850000381469727,138,0.0,0.0
2022-10-31 13:30:00-04:00,23.889999389648438,23.889999389648438,23.889999389648438,23.889999389648438,0,0.0,0.0
2022-10-31 15:30:00-04:00,23.889999389648438,23.889999389648438,23.889999389648438,23.889999389648438,400,0.0,0.0
2022-11-01 09:30:00-04:00,23.25,23.25,22.81999969482422,23.0,452,0.0,0.0
2022-11-01 10:30:00-04:00,23.2450008392334,23.2450008392334,23.2450008392334,23.2450008392334,150,0.0,0.0
2022-11-01 14:30:00-04:00,23.789899826049805,23.790000915527344,23.229999542236328,23.789899826049805,1200,0.0,0.0
2022-11-07 09:30:00-05:00,23.789899826049805,23.789899826049805,23.789899826049805,23.789899826049805,0,0.0,0.0
2022-11-07 11:30:00-05:00,23.950000762939453,23.950000762939453,23.950000762939453,23.950000762939453,200,0.0,0.0
2022-11-07 13:30:00-05:00,23.950000762939453,23.950000762939453,23.950000762939453,23.950000762939453,130,0.0,0.0
2022-11-08 14:30:00-05:00,23.329999923706055,23.329999923706055,22.600000381469727,23.16010093688965,984,0.0,0.0
2022-11-08 15:30:00-05:00,23.299999237060547,23.299999237060547,22.799999237060547,23.299999237060547,530,0.0,0.0
2022-11-09 10:30:00-05:00,23.270000457763672,23.559999465942383,23.270000457763672,23.559999465942383,0,0.0,0.0
2022-11-09 13:30:00-05:00,23.607999801635742,23.607999801635742,23.607999801635742,23.607999801635742,100,0.0,0.0
2022-11-09 15:30:00-05:00,23.626800537109375,23.626800537109375,23.626800537109375,23.626800537109375,200,0.0,0.0
2022-11-14 09:30:00-05:00,23.1299991607666,23.1299991607666,23.1299991607666,23.1299991607666,0,0.0,0.0
2022-11-14 14:30:00-05:00,23.219999313354492,23.219999313354492,23.149999618530273,23.149999618530273,329,0.0,0.0
2022-11-14 15:30:00-05:00,23.19499969482422,23.68000030517578,22.8799991607666,23.68000030517578,1448,0.0,0.0
2022-11-16 14:30:00-05:00,23.899999618530273,23.899999618530273,23.899999618530273,23.899999618530273,213,0.0,0.0
2022-11-28 09:30:00-05:00,23.149999618530273,23.745100021362305,23.0,23.745100021362305,1407,0.0,0.0
2022-11-30 14:30:00-05:00,23.25,23.700000762939453,23.25,23.700000762939453,0,0.0,0.0
2022-11-30 15:30:00-05:00,23.25,23.899999618530273,23.25,23.899999618530273,1155,0.0,0.0
2022-12-12 09:30:00-05:00,23.899999618530273,23.899999618530273,23.899999618530273,23.899999618530273,0,0.0,0.0
2022-12-13 09:30:00-05:00,23.899999618530273,23.899999618530273,23.899999618530273,23.899999618530273,0,0.0,0.0
2022-12-14 09:30:00-05:00,23.899999618530273,23.899999618530273,23.899999618530273,23.899999618530273,0,0.0,0.0
2022-12-15 09:30:00-05:00,23.899999618530273,23.899999618530273,23.899999618530273,23.899999618530273,0,0.0,0.0
2022-12-15 10:30:00-05:00,23.5,23.681499481201172,23.424999237060547,23.681499481201172,2251,0.0,0.0
2022-12-15 13:30:00-05:00,23.652299880981445,23.749900817871094,23.549999237060547,23.749900817871094,1300,0.0,0.0
2022-12-19 13:30:00-05:00,23.583200454711914,23.583200454711914,23.583200454711914,23.583200454711914,0,0.0,0.0
2022-12-19 15:30:00-05:00,23.75,23.75,23.749900817871094,23.749900817871094,517,0.0,0.0
2022-12-20 09:30:00-05:00,23.75,23.75,23.649999618530273,23.649999618530273,0,0.0,0.0
2022-12-20 15:30:00-05:00,23.630199432373047,23.75,23.630199432373047,23.75,600,0.0,0.0
2022-12-21 09:30:00-05:00,23.700000762939453,23.700000762939453,23.700000762939453,23.700000762939453,0,0.0,0.0
2022-12-21 11:30:00-05:00,23.700000762939453,23.700000762939453,23.700000762939453,23.700000762939453,200,0.0,0.0
2022-12-21 12:30:00-05:00,23.700000762939453,23.700000762939453,23.700000762939453,23.700000762939453,200,0.0,0.0
2022-12-21 13:30:00-05:00,23.75,23.75,23.75,23.75,100,0.0,0.0
2022-12-21 14:30:00-05:00,23.75,23.75,23.75,23.75,320,0.0,0.0
2022-12-27 09:30:00-05:00,23.450000762939453,23.450000762939453,23.309999465942383,23.309999465942383,0,0.0,0.0
2022-12-27 10:30:00-05:00,23.299999237060547,23.329999923706055,23.219200134277344,23.299999237060547,32813,0.0,0.0
2022-12-27 11:30:00-05:00,23.083499908447266,23.083499908447266,23.083499908447266,23.083499908447266,2085,0.0,0.0
2022-12-27 14:30:00-05:00,23.06999969482422,23.06999969482422,23.06999969482422,23.06999969482422,251,0.0,0.0
2022-12-27 15:30:00-05:00,23.100000381469727,23.100000381469727,23.079999923706055,23.079999923706055,600,0.0,0.0
2022-12-28 10:30:00-05:00,23.0,23.0,23.0,23.0,702,0.0,0.0
2022-12-28 13:30:00-05:00,23.139999389648438,23.139999389648438,23.139999389648438,23.139999389648438,138,0.0,0.0
2022-12-28 14:30:00-05:00,23.27989959716797,23.280000686645508,23.270000457763672,23.27989959716797,810,0.0,0.0
2022-12-28 15:30:00-05:00,23.280000686645508,23.280000686645508,23.280000686645508,23.280000686645508,499,0.0,0.0
2022-12-30 10:30:00-05:00,23.280099868774414,23.510000228881836,23.280000686645508,23.510000228881836,100,0.0,0.0
2023-01-03 14:30:00-05:00,23.579999923706055,23.579999923706055,23.579999923706055,23.579999923706055,0,0.0,0.0
2023-01-03 15:30:00-05:00,23.579999923706055,23.719999313354492,23.579999923706055,23.719999313354492,812,0.0,0.0
2023-01-04 10:30:00-05:00,23.374099731445312,23.374099731445312,23.374099731445312,23.374099731445312,0,0.0,0.0
2023-01-04 11:30:00-05:00,23.899999618530273,23.899999618530273,23.5,23.5,536,0.0,0.0
2023-01-04 12:30:00-05:00,23.790000915527344,23.790000915527344,23.790000915527344,23.790000915527344,100,0.0,0.0
2023-01-06 11:30:00-05:00,23.5,23.5,23.5,23.5,0,0.0,0.0
2023-01-06 12:30:00-05:00,23.741500854492188,23.741500854492188,23.741500854492188,23.741500854492188,200,0.0,0.0
2023-01-09 12:30:00-05:00,23.75,23.75,23.75,23.75,0,0.0,0.0
2023-01-09 14:30:00-05:00,23.450000762939453,23.899999618530273,23.450000762939453,23.75,770,0.0,0.0
2023-01-11 15:30:00-05:00,23.739999771118164,23.739999771118164,23.739999771118164,23.739999771118164,295,0.0,0.0
2023-01-12 11:30:00-05:00,23.540000915527344,23.540000915527344,23.540000915527344,23.540000915527344,259,0.0,0.0
2023-01-12 14:30:00-05:00,23.455699920654297,23.455699920654297,23.455699920654297,23.455699920654297,683,0.0,0.0
2023-01-17 14:30:00-05:00,23.61549949645996,23.61549949645996,23.61549949645996,23.61549949645996,279,0.0,0.0
2023-01-23 15:30:00-05:00,23.635000228881836,23.635000228881836,23.635000228881836,23.635000228881836,0,0.0,0.0
2023-01-24 09:30:00-05:00,23.56290054321289,23.56290054321289,23.56290054321289,23.56290054321289,0,0.0,0.0
2023-01-24 10:30:00-05:00,23.450000762939453,23.450000762939453,23.450000762939453,23.450000762939453,100,0.0,0.0
2023-01-24 12:30:00-05:00,23.640499114990234,23.640499114990234,23.640499114990234,23.640499114990234,0,0.0,0.0
2023-01-26 13:30:00-05:00,23.450000762939453,23.6200008392334,23.449899673461914,23.6200008392334,1083,0.0,0.0
2023-01-30 10:30:00-05:00,23.639999389648438,23.639999389648438,23.639999389648438,23.639999389648438,0,0.0,0.0
2023-01-30 13:30:00-05:00,23.360000610351562,23.360000610351562,23.309999465942383,23.315000534057617,4850,0.0,0.0
2023-01-30 14:30:00-05:00,23.350000381469727,23.350000381469727,23.29800033569336,23.350000381469727,4300,0.0,0.0
2023-01-31 10:30:00-05:00,23.359600067138672,23.3799991607666,23.209999084472656,23.379899978637695,1600,0.0,0.0
2023-01-31 11:30:00-05:00,23.3799991607666,23.3799991607666,23.292400360107422,23.292499542236328,690,0.0,0.0
2023-01-31 12:30:00-05:00,23.3799991607666,23.40999984741211,23.3799991607666,23.3799991607666,20800,0.0,0.0
2023-01-31 14:30:00-05:00,23.3799991607666,23.3799991607666,23.3799991607666,23.3799991607666,9043,0.0,0.0
2023-02-01 15:30:00-05:00,23.389999389648438,23.40999984741211,23.389999389648438,23.40999984741211,5020,0.0,0.0
2023-02-02 14:30:00-05:00,23.459999084472656,23.549999237060547,23.459999084472656,23.549999237060547,505,0.0,0.0
2023-02-02 15:30:00-05:00,23.549999237060547,23.549999237060547,23.54990005493164,23.54990005493164,750,0.0,0.0
2023-02-03 14:30:00-05:00,23.510000228881836,23.600000381469727,23.510000228881836,23.600000381469727,200,0.0,0.0
2023-02-06 12:30:00-05:00,23.350000381469727,23.549999237060547,23.350000381469727,23.549999237060547,231,0.0,0.0
2023-02-06 14:30:00-05:00,23.549999237060547,23.549999237060547,23.549999237060547,23.549999237060547,568,0.0,0.0
2023-02-07 14:30:00-05:00,23.549999237060547,23.549999237060547,23.549999237060547,23.549999237060547,0,0.0,0.0
2023-02-07 15:30:00-05:00,23.309999465942383,23.549999237060547,23.309999465942383,23.42799949645996,540,0.0,0.0
2023-02-08 09:30:00-05:00,23.334999084472656,23.3799991607666,23.309999465942383,23.3799991607666,803,0.0,0.0
2023-02-08 10:30:00-05:00,23.3799991607666,23.549800872802734,23.3799991607666,23.549800872802734,930,0.0,0.0
2023-02-08 11:30:00-05:00,23.549800872802734,23.549999237060547,23.46500015258789,23.46500015258789,600,0.0,0.0
2023-02-08 12:30:00-05:00,23.46500015258789,23.549999237060547,23.46500015258789,23.549999237060547,705,0.0,0.0
2023-02-09 10:30:00-05:00,23.31999969482422,23.569900512695312,23.31999969482422,23.569900512695312,100,0.0,0.0
2023-02-09 13:30:00-05:00,23.31999969482422,23.489999771118164,23.31999969482422,23.489999771118164,224,0.0,0.0
2023-02-09 14:30:00-05:00,23.56999969482422,23.56999969482422,23.56999969482422,23.56999969482422,176,0.0,0.0
2023-02-10 10:30:00-05:00,23.31999969482422,23.31999969482422,23.31999969482422,23.31999969482422,0,0.0,0.0
2023-02-10 11:30:00-05:00,23.357999801635742,23.357999801635742,23.329999923706055,23.329999923706055,200,0.0,0.0
2023-02-10 12:30:00-05:00,23.31999969482422,23.5,23.31999969482422,23.5,399,0.0,0.0
2023-02-10 13:30:00-05:00,23.56999969482422,23.56999969482422,23.56999969482422,23.56999969482422,0,0.0,0.0
2023-02-13 09:30:00-05:00,23.56999969482422,23.56999969482422,23.329999923706055,23.329999923706055,300,0.0,0.0
2023-02-13 10:30:00-05:00,23.559999465942383,23.56999969482422,23.530000686645508,23.56999969482422,300,0.0,0.0
2023-02-13 11:30:00-05:00,23.59000015258789,23.59000015258789,23.59000015258789,23.59000015258789,200,0.0,0.0
2023-02-13 13:30:00-05:00,23.399999618530273,23.649999618530273,23.399999618530273,23.530000686645508,300,0.0,0.0
2023-02-13 14:30:00-05:00,23.649999618530273,23.649999618530273,23.649999618530273,23.649999618530273,0,0.0,0.0
2023-02-14 11:30:00-05:00,23.649999618530273,23.649999618530273,23.649999618530273,23.649999618530273,407,0.0,0.0
2023-02-14 14:30:00-05:00,23.402799606323242,23.649900436401367,23.399999618530273,23.649900436401367,1910,0.0,0.0
2023-02-15 10:30:00-05:00,23.420000076293945,23.420000076293945,23.420000076293945,23.420000076293945,0,0.0,0.0
2023-02-15 15:30:00-05:00,23.34000015258789,23.610000610351562,23.34000015258789,23.610000610351562,200,0.0,0.0
2023-02-16 11:30:00-05:00,23.360000610351562,23.459999084472656,23.360000610351562,23.459999084472656,389,0.0,0.0
2023-02-16 14:30:00-05:00,23.579999923706055,23.579999923706055,23.579999923706055,23.579999923706055,111,0.0,0.0
2023-02-17 09:30:00-05:00,23.350000381469727,23.485000610351562,23.350000381469727,23.485000610351562,0,0.0,0.0
2023-02-17 10:30:00-05:00,23.513099670410156,23.549999237060547,23.513099670410156,23.549999237060547,460,0.0,0.0
2023-02-17 12:30:00-05:00,23.360000610351562,23.360000610351562,23.360000610351562,23.360000610351562,101,0.0,0.0
2023-02-21 10:30:00-05:00,23.459999084472656,23.459999084472656,23.459999084472656,23.459999084472656,0,0.0,0.0
2023-02-21 11:30:00-05:00,23.399999618530273,23.399999618530273,23.399999618530273,23.399999618530273,443,0.0,0.0
2023-02-22 10:30:00-05:00,23.670000076293945,23.670000076293945,23.670000076293945,23.670000076293945,0,0.0,0.0
2023-02-23 10:30:00-05:00,23.389999389648438,23.389999389648438,23.389999389648438,23.389999389648438,150,0.0,0.0
2023-02-23 12:30:00-05:00,23.53510093688965,23.53510093688965,23.53510093688965,23.53510093688965,200,0.0,0.0
2023-02-23 13:30:00-05:00,23.700000762939453,23.700000762939453,23.310400009155273,23.700000762939453,800,0.0,0.0
2023-02-24 11:30:00-05:00,23.360000610351562,23.360000610351562,23.360000610351562,23.360000610351562,17,0.0,0.0
2023-02-27 12:30:00-05:00,23.5,23.5,23.34000015258789,23.34000015258789,100,0.0,0.0
2023-02-27 13:30:00-05:00,23.40999984741211,23.68000030517578,23.40999984741211,23.68000030517578,300,0.0,0.0
2023-02-28 11:30:00-05:00,23.360000610351562,23.360000610351562,23.360000610351562,23.360000610351562,0,0.0,0.0
2023-02-28 13:30:00-05:00,23.3700008392334,23.3700008392334,23.3700008392334,23.3700008392334,200,0.0,0.0
2023-02-28 15:30:00-05:00,23.68000030517578,23.68000030517578,23.68000030517578,23.68000030517578,200,0.0,0.0
2023-03-01 15:30:00-05:00,23.75,23.75,23.75,23.75,116,0.0,0.0
2023-03-03 13:30:00-05:00,23.760000228881836,23.760000228881836,23.760000228881836,23.760000228881836,30,0.0,0.0
2023-03-03 14:30:00-05:00,23.760000228881836,23.760000228881836,23.760000228881836,23.760000228881836,108,0.0,0.0
2023-03-06 10:30:00-05:00,23.720600128173828,23.757999420166016,23.700000762939453,23.746700286865234,1105,0.0,0.0
2023-03-06 11:30:00-05:00,23.809999465942383,23.809999465942383,23.655000686645508,23.655000686645508,400,0.0,0.0
2023-03-06 12:30:00-05:00,23.809999465942383,23.809999465942383,23.809999465942383,23.809999465942383,0,0.0,0.0
2023-03-07 11:30:00-05:00,23.520000457763672,23.799999237060547,23.520000457763672,23.799999237060547,200,0.0,0.0
2023-03-07 13:30:00-05:00,23.520000457763672,23.697099685668945,23.520000457763672,23.697099685668945,438,0.0,0.0
2023-03-07 14:30:00-05:00,23.631999969482422,23.829999923706055,23.631999969482422,23.829999923706055,880,0.0,0.0
2023-03-09 14:30:00-05:00,23.75,23.75,23.75,23.75,0,0.0,0.0
2023-03-09 15:30:00-05:00,23.774999618530273,23.774999618530273,23.774999618530273,23.774999618530273,200,0.0,0.0
2023-03-10 09:30:00-05:00,23.8799991607666,24.0,23.741300582885742,24.0,0,0.0,0.0
2023-03-10 11:30:00-05:00,23.8799991607666,23.8799991607666,23.8799991607666,23.8799991607666,0,0.0,0.0
2023-03-10 12:30:00-05:00,23.559999465942383,23.559999465942383,23.5,23.510000228881836,2330,0.0,0.0
2023-03-10 14:30:00-05:00,23.850000381469727,23.850000381469727,23.809999465942383,23.809999465942383,212,0.0,0.0
2023-03-10 15:30:00-05:00,23.84000015258789,23.850000381469727,23.84000015258789,23.850000381469727,200,0.0,0.0
2023-03-14 09:30:00-04:00,23.360000610351562,23.360000610351562,23.360000610351562,23.360000610351562,0,0.0,0.0
2023-03-15 09:30:00-04:00,22.280000686645508,22.280000686645508,22.280000686645508,22.280000686645508,234,0.0,0.0
2023-03-15 10:30:00-04:00,23.049999237060547,23.170000076293945,23.049999237060547,23.170000076293945,200,0.0,0.0
2023-03-15 11:30:00-04:00,23.170000076293945,23.170000076293945,23.170000076293945,23.170000076293945,200,0.0,0.0
2023-03-16 10:30:00-04:00,22.700000762939453,23.399999618530273,22.621999740600586,23.399999618530273,893,0.0,0.0
2023-03-16 15:30:00-04:00,23.0,23.000600814819336,23.0,23.0,3725,0.0,0.0
2023-03-17 15:30:00-04:00,22.667699813842773,22.667699813842773,22.667699813842773,22.667699813842773,0,0.0,0.0
2023-03-20 13:30:00-04:00,23.06999969482422,23.06999969482422,23.06999969482422,23.06999969482422,127,0.0,0.0
2023-03-20 14:30:00-04:00,23.049999237060547,23.100000381469727,22.69849967956543,22.69849967956543,1076,0.0,0.0
2023-03-21 12:30:00-04:00,23.100000381469727,23.100000381469727,23.100000381469727,23.100000381469727,184,0.0,0.0
2023-03-22 12:30:00-04:00,22.75,23.100000381469727,22.75,23.100000381469727,489,0.0,0.0
2023-03-23 10:30:00-04:00,23.100000381469727,23.100000381469727,23.100000381469727,23.100000381469727,44,0.0,0.0
2023-03-23 12:30:00-04:00,23.09000015258789,23.100000381469727,22.732999801635742,23.100000381469727,610,0.0,0.0
2023-03-23 13:30:00-04:00,22.329999923706055,22.329999923706055,22.31999969482422,22.31999969482422,374,0.0,0.0
2023-03-23 14:30:00-04:00,22.979999542236328,22.979999542236328,22.979999542236328,22.979999542236328,200,0.0,0.0
2023-03-27 10:30:00-04:00,22.559999465942383,23.100000381469727,22.559999465942383,22.674999237060547,200,0.0,0.0
2023-03-27 11:30:00-04:00,22.3700008392334,23.06999969482422,22.3700008392334,23.06999969482422,0,0.0,0.0
2023-03-29 14:30:00-04:00,22.579999923706055,23.06999969482422,22.579999923706055,23.069900512695312,1674,0.0,0.0
2023-03-31 14:30:00-04:00,22.8799991607666,23.149999618530273,22.8799991607666,23.149999618530273,7896,0.0,0.0
2023-03-31 15:30:00-04:00,23.25,23.5,23.25,23.5,10400,0.0,0.0
2023-04-04 09:30:00-04:00,23.450000762939453,23.450000762939453,23.450000762939453,23.450000762939453,0,0.0,0.0
2023-04-06 11:30:00-04:00,23.25,23.25,23.25,23.25,0,0.0,0.0
2023-04-06 13:30:00-04:00,23.520000457763672,23.520000457763672,23.520000457763672,23.520000457763672,160,0.0,0.0
2023-04-11 09:30:00-04:00,23.000099182128906,23.000099182128906,23.000099182128906,23.000099182128906,0,0.0,0.0
2023-04-11 10:30:00-04:00,23.290000915527344,23.549999237060547,23.290000915527344,23.549999237060547,756,0.0,0.0
2023-04-12 10:30:00-04:00,23.629899978637695,23.629899978637695,23.629899978637695,23.629899978637695,1236,0.0,0.0
2023-04-13 15:30:00-04:00,23.6299991607666,23.6299991607666,23.6299991607666,23.6299991607666,559,0.0,0.0
2023-04-18 11:30:00-04:00,23.6299991607666,23.6299991607666,23.6299991607666,23.6299991607666,181,0.0,0.0
2023-04-18 12:30:00-04:00,23.6299991607666,23.6299991607666,23.6299991607666,23.6299991607666,180,0.0,0.0
2023-04-18 14:30:00-04:00,23.6299991607666,23.6299991607666,23.6299991607666,23.6299991607666,218,0.0,0.0
2023-04-18 15:30:00-04:00,23.6299991607666,23.6299991607666,23.6299991607666,23.6299991607666,1270,0.0,0.0
2023-04-20 10:30:00-04:00,23.6299991607666,23.6299991607666,23.323200225830078,23.6299991607666,740,0.0,0.0
2023-04-20 12:30:00-04:00,23.000099182128906,23.6299991607666,23.000099182128906,23.6299991607666,1141,0.0,0.0
2023-04-20 15:30:00-04:00,23.6299991607666,23.6299991607666,23.6299991607666,23.6299991607666,100,0.0,0.0
2023-04-21 09:30:00-04:00,23.579999923706055,23.579999923706055,23.579999923706055,23.579999923706055,0,0.0,0.0
2023-04-21 15:30:00-04:00,23.049999237060547,23.049999237060547,23.049999237060547,23.049999237060547,0,0.0,0.0
2023-04-24 10:30:00-04:00,23.579999923706055,23.579999923706055,23.579999923706055,23.579999923706055,600,0.0,0.0
2023-04-25 09:30:00-04:00,23.100099563598633,23.100099563598633,23.100099563598633,23.100099563598633,0,0.0,0.0
2023-04-25 10:30:00-04:00,23.364999771118164,23.6299991607666,23.100000381469727,23.6299991607666,0,0.0,0.0
2023-04-28 15:30:00-04:00,23.65999984741211,23.65999984741211,23.5,23.5,3852,0.0,0.0
2023-05-02 10:30:00-04:00,23.679899215698242,23.679899215698242,23.679899215698242,23.679899215698242,0,0.0,0.0
2023-05-11 10:30:00-04:00,23.769899368286133,23.770000457763672,23.769899368286133,23.769899368286133,390,0.0,0.0
2023-05-15 11:30:00-04:00,23.780000686645508,23.780000686645508,23.780000686645508,23.780000686645508,440,0.0,0.0
2023-05-15 14:30:00-04:00,23.780000686645508,23.780000686645508,23.780000686645508,23.780000686645508,200,0.0,0.0
2023-05-19 11:30:00-04:00,23.049999237060547,23.049999237060547,23.010000228881836,23.010000228881836,0,0.0,0.0
2023-05-19 13:30:00-04:00,23.549999237060547,25.0,23.549999237060547,23.6299991607666,1627,0.0,0.0
2023-05-19 14:30:00-04:00,23.75,23.75,23.75,23.75,0,0.0,0.0
2023-05-23 09:30:00-04:00,23.75,23.75,23.75,23.75,197,0.0,0.0
2023-05-24 14:30:00-04:00,24.5,24.5,24.5,24.5,201,0.0,0.0
2023-05-25 11:30:00-04:00,24.737300872802734,24.737300872802734,24.489999771118164,24.489999771118164,0,0.0,0.0
2023-05-30 11:30:00-04:00,24.627099990844727,24.684999465942383,24.329999923706055,24.655000686645508,317,0.0,0.0
2023-06-01 09:30:00-04:00,24.450000762939453,24.450000762939453,24.450000762939453,24.450000762939453,175,0.0,0.0
2023-06-02 11:30:00-04:00,23.579999923706055,24.399999618530273,23.579999923706055,24.399999618530273,397,0.0,0.0
2023-06-05 10:30:00-04:00,24.399999618530273,24.399999618530273,24.399999618530273,24.399999618530273,0,0.0,0.0
2023-06-07 15:30:00-04:00,23.780000686645508,24.360000610351562,23.780000686645508,24.360000610351562,950,0.0,0.0
2023-06-09 14:30:00-04:00,24.0,24.0,24.0,24.0,0,0.0,0.0
2023-06-09 15:30:00-04:00,24.0,24.360000610351562,24.0,24.360000610351562,400,0.0,0.0
2023-06-14 09:30:00-04:00,23.510000228881836,23.559999465942383,23.200000762939453,23.489999771118164,10887,0.0,0.0
2023-06-14 10:30:00-04:00,23.949899673461914,23.949899673461914,23.949899673461914,23.949899673461914,360,0.0,0.0
2023-06-14 14:30:00-04:00,23.049999237060547,23.274999618530273,22.75,23.235000610351562,8678,0.0,0.0
2023-06-14 15:30:00-04:00,23.190000534057617,23.335599899291992,22.922700881958008,23.030000686645508,0,0.0,0.0
2023-06-15 09:30:00-04:00,23.200000762939453,23.200000762939453,23.200000762939453,23.200000762939453,607,0.0,0.0
2023-06-16 09:30:00-04:00,23.049999237060547,23.100000381469727,22.989999771118164,22.989999771118164,634,0.0,0.0
2023-06-16 11:30:00-04:00,22.9950008392334,23.079999923706055,22.9950008392334,23.029600143432617,1501,0.0,0.0
2023-06-20 13:30:00-04:00,22.949399948120117,22.949399948120117,22.949399948120117,22.949399948120117,0,0.0,0.0
2023-06-20 14:30:00-04:00,23.048500061035156,23.048500061035156,22.979999542236328,22.979999542236328,400,0.0,0.0
2023-06-21 10:30:00-04:00,23.325000762939453,23.325000762939453,23.05500030517578,23.299999237060547,1540,0.0,0.0
2023-06-21 14:30:00-04:00,23.375,23.375,23.375,23.375,124,0.0,0.0
2023-06-22 09:30:00-04:00,23.100000381469727,23.100000381469727,23.059999465942383,23.059999465942383,0,0.0,0.0
2023-06-22 10:30:00-04:00,23.299999237060547,23.325000762939453,23.299999237060547,23.325000762939453,0,0.0,0.0
2023-06-22 13:30:00-04:00,23.040000915527344,23.06999969482422,23.0,23.0,2971,0.0,0.0
2023-06-22 14:30:00-04:00,23.100000381469727,23.100000381469727,23.100000381469727,23.100000381469727,0,0.0,0.0
2023-06-23 12:30:00-04:00,23.06999969482422,23.06999969482422,23.06999969482422,23.06999969482422,200,0.0,0.0
2023-06-23 13:30:00-04:00,23.049999237060547,23.049999237060547,23.049999237060547,23.049999237060547,100,0.0,0.0
2023-06-28 09:30:00-04:00,23.100000381469727,23.100000381469727,23.100000381469727,23.100000381469727,0,0.0,0.0
2023-06-28 14:30:00-04:00,23.079999923706055,23.079999923706055,23.079999923706055,23.079999923706055,230,0.0,0.0
2023-06-30 09:30:00-04:00,23.100000381469727,23.100000381469727,22.8799991607666,22.953699111938477,1632,0.0,0.0
2023-06-30 10:30:00-04:00,23.06999969482422,23.06999969482422,23.06999969482422,23.06999969482422,101,0.0,0.0
2023-06-30 13:30:00-04:00,23.06999969482422,23.100000381469727,23.06999969482422,23.100000381469727,1000,0.0,0.0
2023-06-30 14:30:00-04:00,23.100000381469727,23.190000534057617,23.100000381469727,23.190000534057617,1141,0.0,0.0
2023-06-30 15:30:00-04:00,23.170000076293945,23.200000762939453,23.170000076293945,23.200000762939453,10000,0.0,0.0
2023-07-03 11:30:00-04:00,22.899999618530273,22.950000762939453,22.670000076293945,22.950000762939453,320,0.0,0.0
2023-07-03 12:30:00-04:00,22.950000762939453,22.950000762939453,22.950000762939453,22.950000762939453,110,0.0,0.0
2023-07-05 12:30:00-04:00,22.774999618530273,22.850000381469727,22.764999389648438,22.84000015258789,300,0.0,0.0
2023-07-05 13:30:00-04:00,22.8700008392334,22.8700008392334,22.8700008392334,22.8700008392334,100,0.0,0.0
2023-07-05 14:30:00-04:00,22.8700008392334,22.8700008392334,22.8700008392334,22.8700008392334,120,0.0,0.0
2023-07-06 09:30:00-04:00,22.8799991607666,22.8799991607666,22.8799991607666,22.8799991607666,0,0.0,0.0
2023-07-06 10:30:00-04:00,22.8799991607666,22.8799991607666,22.8799991607666,22.8799991607666,199,0.0,0.0
2023-07-06 11:30:00-04:00,22.895000457763672,22.895000457763672,22.895000457763672,22.895000457763672,364,0.0,0.0
2023-07-07 09:30:00-04:00,23.0,23.0,22.68000030517578,22.850000381469727,0,0.0,0.0
2023-07-07 14:30:00-04:00,22.920000076293945,22.920000076293945,22.899999618530273,22.899999618530273,300,0.0,0.0
2023-07-07 15:30:00-04:00,22.899999618530273,22.977399826049805,22.899999618530273,22.977399826049805,302,0.0,0.0
2023-07-10 09:30:00-04:00,22.75,22.75,22.75,22.75,0,0.0,0.0
2023-07-10 11:30:00-04:00,22.979999542236328,22.979999542236328,22.979999542236328,22.979999542236328,0,0.0,0.0
2023-07-11 13:30:00-04:00,22.889999389648438,22.899999618530273,22.889999389648438,22.899999618530273,100,0.0,0.0
2023-07-11 15:30:00-04:00,23.0,23.0,23.0,23.0,700,0.0,0.0
2023-07-12 09:30:00-04:00,23.030000686645508,23.030000686645508,22.906400680541992,22.906400680541992,236,0.0,0.0
2023-07-12 13:30:00-04:00,23.040000915527344,23.040000915527344,23.040000915527344,23.040000915527344,577,0.0,0.0
2023-07-12 14:30:00-04:00,22.880800247192383,22.989999771118164,22.880800247192383,22.989999771118164,300,0.0,0.0
2023-07-13 13:30:00-04:00,22.850000381469727,22.850000381469727,22.850000381469727,22.850000381469727,101,0.0,0.0
2023-07-13 14:30:00-04:00,22.68000030517578,22.940000534057617,22.510000228881836,22.940000534057617,0,0.0,0.0
2023-07-14 14:30:00-04:00,22.850000381469727,22.850000381469727,22.849899291992188,22.849899291992188,205,0.0,0.0
2023-07-14 15:30:00-04:00,22.850000381469727,22.850000381469727,22.850000381469727,22.850000381469727,200,0.0,0.0
2023-07-17 14:30:00-04:00,22.84000015258789,22.860000610351562,22.70800018310547,22.860000610351562,0,0.0,0.0
2023-07-18 09:30:00-04:00,22.59000015258789,22.59000015258789,22.59000015258789,22.59000015258789,195,0.0,0.0
2023-07-18 10:30:00-04:00,22.898399353027344,22.898399353027344,22.898399353027344,22.898399353027344,140,0.0,0.0
2023-07-18 14:30:00-04:00,22.899999618530273,22.899999618530273,22.899999618530273,22.899999618530273,0,0.0,0.0
2023-07-19 12:30:00-04:00,23.049999237060547,23.049999237060547,23.049999237060547,23.049999237060547,0,0.0,0.0
2023-07-20 14:30:00-04:00,22.924999237060547,22.93000030517578,22.924999237060547,22.929899215698242,319,0.0,0.0
2023-07-20 15:30:00-04:00,22.799999237060547,22.799999237060547,22.799999237060547,22.799999237060547,0,0.0,0.0
2023-07-21 09:30:00-04:00,22.799999237060547,22.799999237060547,22.79990005493164,22.79990005493164,346,0.0,0.0
2023-07-21 10:30:00-04:00,23.049999237060547,23.049999237060547,23.049999237060547,23.049999237060547,1130,0.0,0.0
2023-07-24 09:30:00-04:00,23.049999237060547,23.049999237060547,23.049999237060547,23.049999237060547,2415,0.0,0.0
2023-07-24 10:30:00-04:00,23.049999237060547,23.049999237060547,23.049999237060547,23.049999237060547,0,0.0,0.0
2023-07-24 12:30:00-04:00,22.92620086669922,22.92620086669922,22.92620086669922,22.92620086669922,4202,0.0,0.0
2023-07-24 14:30:00-04:00,22.965999603271484,23.020000457763672,22.965999603271484,22.97319984436035,400,0.0,0.0
2023-07-24 15:30:00-04:00,23.049999237060547,23.049999237060547,23.049999237060547,23.049999237060547,0,0.0,0.0
2023-07-25 09:30:00-04:00,22.850000381469727,22.850000381469727,22.850000381469727,22.850000381469727,101,0.0,0.0
2023-07-25 10:30:00-04:00,22.8700008392334,22.8700008392334,22.8700008392334,22.8700008392334,1149,0.0,0.0
2023-07-25 13:30:00-04:00,22.850299835205078,22.8700008392334,22.719999313354492,22.8700008392334,1600,0.0,0.0
2023-07-25 15:30:00-04:00,22.809999465942383,22.860000610351562,22.725000381469727,22.860000610351562,633,0.0,0.0
2023-07-26 11:30:00-04:00,22.799999237060547,22.799999237060547,22.799999237060547,22.799999237060547,0,0.0,0.0
2023-07-26 12:30:00-04:00,22.899999618530273,22.990400314331055,22.899999618530273,22.990400314331055,0,0.0,0.0
2023-07-27 13:30:00-04:00,22.90250015258789,22.905000686645508,22.88599967956543,22.899999618530273,1061,0.0,0.0
2023-07-27 14:30:00-04:00,22.8700008392334,22.8700008392334,22.8700008392334,22.8700008392334,600,0.0,0.0
2023-07-27 15:30:00-04:00,22.860000610351562,22.975400924682617,22.84000015258789,22.975400924682617,0,0.0,0.0
2023-07-28 09:30:00-04:00,22.850000381469727,22.850000381469727,22.850000381469727,22.850000381469727,280,0.0,0.0
2023-07-28 10:30:00-04:00,22.825000762939453,22.825000762939453,22.799999237060547,22.799999237060547,597,0.0,0.0
2023-07-28 11:30:00-04:00,22.762100219726562,22.84000015258789,22.762100219726562,22.84000015258789,0,0.0,0.0
2023-07-28 15:30:00-04:00,22.700000762939453,22.829999923706055,22.673099517822266,22.829999923706055,2273,0.0,0.0
2023-07-31 09:30:00-04:00,22.850000381469727,22.850000381469727,22.850000381469727,22.850000381469727,7807,0.0,0.0
2023-07-31 10:30:00-04:00,22.84000015258789,22.84000015258789,22.84000015258789,22.84000015258789,840,0.0,0.0
2023-07-31 12:30:00-04:00,22.75,22.75,22.75,22.75,536,0.0,0.0
2023-07-31 14:30:00-04:00,22.86989974975586,22.86989974975586,22.84000015258789,22.84000015258789,1060,0.0,0.0
2023-07-31 15:30:00-04:00,22.850000381469727,22.8700008392334,22.850000381469727,22.8700008392334,7100,0.0,0.0
2023-08-01 09:30:00-04:00,22.850000381469727,22.850000381469727,22.850000381469727,22.850000381469727,0,0.0,0.0
2023-08-01 13:30:00-04:00,22.809999465942383,22.809999465942383,22.809999465942383,22.809999465942383,100,0.0,0.0
2023-08-01 14:30:00-04:00,22.799999237060547,22.799999237060547,22.799999237060547,22.799999237060547,0,0.0,0.0
2023-08-02 13:30:00-04:00,22.81999969482422,22.81999969482422,22.81999969482422,22.81999969482422,0,0.0,0.0
2023-08-03 13:30:00-04:00,22.790000915527344,22.790000915527344,22.790000915527344,22.790000915527344,105,0.0,0.0
2023-08-03 14:30:00-04:00,22.770000457763672,22.770000457763672,22.770000457763672,22.770000457763672,0,0.0,0.0
2023-08-07 10:30:00-04:00,22.833499908447266,22.833499908447266,22.833499908447266,22.833499908447266,623,0.0,0.0
2023-08-07 15:30:00-04:00,22.760000228881836,22.829999923706055,22.760000228881836,22.829999923706055,0,0.0,0.0
2023-08-08 09:30:00-04:00,22.770000457763672,22.770000457763672,22.770000457763672,22.770000457763672,542,0.0,0.0
2023-08-08 10:30:00-04:00,22.770000457763672,22.844999313354492,22.770000457763672,22.799999237060547,600,0.0,0.0
2023-08-08 11:30:00-04:00,22.75,22.799999237060547,22.75,22.799999237060547,234,0.0,0.0
2023-08-08 13:30:00-04:00,22.799999237060547,22.799999237060547,22.799999237060547,22.799999237060547,200,0.0,0.0
2023-08-08 14:30:00-04:00,22.849899291992188,22.849899291992188,22.849899291992188,22.849899291992188,500,0.0,0.0
2023-08-10 10:30:00-04:00,22.850000381469727,22.850000381469727,22.850000381469727,22.850000381469727,0,0.0,0.0
2023-08-10 13:30:00-04:00,22.75,22.75,22.75,22.75,874,0.0,0.0
2023-08-10 15:30:00-04:00,23.0,23.0,23.0,23.0,0,0.0,0.0
2023-08-15 11:30:00-04:00,22.899999618530273,22.899999618530273,22.899999618530273,22.899999618530273,0,0.0,0.0
2023-08-15 14:30:00-04:00,22.889999389648438,22.889999389648438,22.889999389648438,22.889999389648438,1371,0.0,0.0
2023-08-15 15:30:00-04:00,22.979999542236328,22.979999542236328,22.979999542236328,22.979999542236328,0,0.0,0.0
2023-08-16 13:30:00-04:00,22.979999542236328,22.979999542236328,22.875499725341797,22.875499725341797,1101,0.0,0.0
2023-08-16 14:30:00-04:00,22.977800369262695,22.977800369262695,22.977800369262695,22.977800369262695,800,0.0,0.0
2023-08-18 10:30:00-04:00,23.030000686645508,23.030000686645508,23.010000228881836,23.030000686645508,721,0.0,0.0
2023-08-18 11:30:00-04:00,22.75,22.809999465942383,22.575000762939453,22.575000762939453,6160,0.0,0.0
2023-08-18 12:30:00-04:00,22.559999465942383,22.600000381469727,22.532800674438477,22.59000015258789,719,0.0,0.0
2023-08-18 13:30:00-04:00,22.600000381469727,22.600000381469727,22.59000015258789,22.59000015258789,750,0.0,0.0
2023-08-18 14:30:00-04:00,22.56999969482422,22.639999389648438,22.56999969482422,22.639999389648438,3400,0.0,0.0
2023-08-18 15:30:00-04:00,22.940000534057617,22.940000534057617,22.940000534057617,22.940000534057617,165,0.0,0.0
2023-08-21 11:30:00-04:00,22.645000457763672,22.649999618530273,22.645000457763672,22.649999618530273,147,0.0,0.0
2023-08-21 13:30:00-04:00,22.58009910583496,22.58009910583496,22.389999389648438,22.559999465942383,3224,0.0,0.0
2023-08-21 14:30:00-04:00,22.84000015258789,22.84000015258789,22.739999771118164,22.810100555419922,5991,0.0,0.0
2023-08-21 15:30:00-04:00,22.739999771118164,22.81999969482422,22.639999389648438,22.639999389648438,0,0.0,0.0
2023-08-22 12:30:00-04:00,22.579999923706055,22.589399337768555,22.510000228881836,22.589399337768555,300,0.0,0.0
2023-08-22 13:30:00-04:00,22.639999389648438,22.639999389648438,22.5,22.5,1362,0.0,0.0
2023-08-22 14:30:00-04:00,22.639999389648438,22.950000762939453,22.639999389648438,22.940000534057617,11437,0.0,0.0
2023-08-22 15:30:00-04:00,22.940000534057617,22.940000534057617,22.940000534057617,22.940000534057617,200,0.0,0.0
2023-08-23 09:30:00-04:00,22.93000030517578,22.959999084472656,22.93000030517578,22.959999084472656,0,0.0,0.0
2023-08-23 10:30:00-04:00,22.959999084472656,22.959999084472656,22.959999084472656,22.959999084472656,0,0.0,0.0
2023-08-23 13:30:00-04:00,22.959999084472656,22.959999084472656,22.959999084472656,22.959999084472656,1185,0.0,0.0
2023-08-23 14:30:00-04:00,22.959999084472656,22.959999084472656,22.959999084472656,22.959999084472656,570,0.0,0.0
2023-08-23 15:30:00-04:00,22.959999084472656,22.959999084472656,22.959999084472656,22.959999084472656,0,0.0,0.0
2023-08-24 12:30:00-04:00,22.6200008392334,22.639999389648438,22.600000381469727,22.600000381469727,2801,0.0,0.0
2023-08-24 14:30:00-04:00,22.940000534057617,22.979999542236328,22.84000015258789,22.979999542236328,0,0.0,0.0
2023-08-25 10:30:00-04:00,22.979999542236328,22.979999542236328,22.979999542236328,22.979999542236328,801,0.0,0.0
2023-08-25 14:30:00-04:00,22.979999542236328,23.11199951171875,22.850000381469727,22.8700008392334,1867,0.0,0.0
2023-08-25 15:30:00-04:00,23.045000076293945,23.045000076293945,23.045000076293945,23.045000076293945,200,0.0,0.0
2023-08-29 14:30:00-04:00,22.850000381469727,22.889999389648438,22.838300704956055,22.838300704956055,200,0.0,0.0
2023-08-29 15:30:00-04:00,22.93000030517578,22.93000030517578,22.93000030517578,22.93000030517578,0,0.0,0.0
2023-08-30 09:30:00-04:00,22.93000030517578,22.93000030517578,22.93000030517578,22.93000030517578,100,0.0,0.0
2023-08-30 10:30:00-04:00,22.93000030517578,22.93000030517578,22.93000030517578,22.93000030517578,0,0.0,0.0
2023-08-31 10:30:00-04:00,22.93000030517578,22.959999084472656,22.93000030517578,22.959999084472656,1009,0.0,0.0
2023-08-31 12:30:00-04:00,22.815000534057617,22.843799591064453,22.690000534057617,22.843799591064453,1602,0.0,0.0
2023-08-31 13:30:00-04:00,22.829999923706055,22.959999084472656,22.829999923706055,22.959999084472656,5000,0.0,0.0
2023-08-31 14:30:00-04:00,22.959999084472656,22.959999084472656,22.959999084472656,22.959999084472656,0,0.0,0.0
2023-08-31 15:30:00-04:00,22.959999084472656,22.959999084472656,22.959999084472656,22.959999084472656,12841,0.0,0.0
2023-09-01 09:30:00-04:00,23.25,23.25,23.249900817871094,23.249900817871094,0,0.0,0.0
2023-09-06 15:30:00-04:00,23.229999542236328,23.229999542236328,23.229999542236328,23.229999542236328,0,0.0,0.0
2023-09-08 14:30:00-04:00,23.31999969482422,23.350000381469727,23.31999969482422,23.350000381469727,201,0.0,0.0
2023-09-11 11:30:00-04:00,23.065000534057617,23.065000534057617,23.065000534057617,23.065000534057617,84,0.0,0.0
2023-09-11 12:30:00-04:00,23.306900024414062,23.306900024414062,23.306900024414062,23.306900024414062,100,0.0,0.0
2023-09-13 13:30:00-04:00,23.300100326538086,23.3700008392334,23.299999237060547,23.3700008392334,210,0.0,0.0
2023-09-14 09:30:00-04:00,23.100000381469727,23.100000381469727,23.100000381469727,23.100000381469727,0,0.0,0.0
2023-09-14 14:30:00-04:00,22.818199157714844,22.818199157714844,22.818199157714844,22.818199157714844,405,0.0,0.0
2023-09-14 15:30:00-04:00,23.190000534057617,23.190000534057617,23.190000534057617,23.190000534057617,100,0.0,0.0
2023-09-20 11:30:00-04:00,23.090200424194336,23.090200424194336,23.090200424194336,23.090200424194336,0,0.0,0.0
2023-09-20 13:30:00-04:00,23.189899444580078,23.189899444580078,23.189899444580078,23.189899444580078,400,0.0,0.0
2023-09-22 11:30:00-04:00,23.189899444580078,23.189899444580078,23.189899444580078,23.189899444580078,255,0.0,0.0
2023-09-26 12:30:00-04:00,23.190000534057617,23.190000534057617,23.190000534057617,23.190000534057617,0,0.0,0.0
2023-09-26 13:30:00-04:00,23.144699096679688,23.27739906311035,23.144699096679688,23.239999771118164,0,0.0,0.0
2023-09-28 13:30:00-04:00,23.297500610351562,23.297500610351562,23.297500610351562,23.297500610351562,371,0.0,0.0
2023-09-28 14:30:00-04:00,22.860000610351562,23.29990005493164,22.860000610351562,23.29990005493164,0,0.0,0.0
2023-09-29 15:30:00-04:00,23.350000381469727,23.350000381469727,23.350000381469727,23.350000381469727,100,0.0,0.0
2023-10-03 12:30:00-04:00,23.38990020751953,23.38990020751953,23.38990020751953,23.38990020751953,0,0.0,0.0
2023-10-11 15:30:00-04:00,23.34000015258789,23.34000015258789,23.290000915527344,23.290000915527344,187,0.0,0.0
2023-10-12 14:30:00-04:00,23.350000381469727,23.389999389648438,23.329999923706055,23.389999389648438,600,0.0,0.0
2023-10-16 10:30:00-04:00,22.989999771118164,22.989999771118164,22.989999771118164,22.989999771118164,311,0.0,0.0
2023-10-16 11:30:00-04:00,23.359899520874023,23.360000610351562,23.359899520874023,23.360000610351562,0,0.0,0.0
2023-10-17 10:30:00-04:00,23.0,23.0,23.0,23.0,288,0.0,0.0
2023-10-17 11:30:00-04:00,23.350000381469727,23.350000381469727,23.350000381469727,23.350000381469727,0,0.0,0.0
2023-10-19 15:30:00-04:00,23.225000381469727,23.350000381469727,23.100000381469727,23.349899291992188,1973,0.0,0.0
2023-10-23 12:30:00-04:00,23.149999618530273,23.530000686645508,23.149999618530273,23.530000686645508,29,0.0,0.0
2023-10-23 15:30:00-04:00,23.31999969482422,23.7987003326416,23.309999465942383,23.350000381469727,120,0.0,0.0
2023-10-24 13:30:00-04:00,22.93000030517578,22.93000030517578,22.899999618530273,22.899999618530273,380,0.0,0.0
2023-10-25 13:30:00-04:00,23.1200008392334,23.1200008392334,23.1200008392334,23.1200008392334,100,0.0,0.0
2023-10-30 14:30:00-04:00,23.299999237060547,23.299999237060547,23.299999237060547,23.299999237060547,87,0.0,0.0
2023-10-31 11:30:00-04:00,23.1200008392334,23.149200439453125,23.1200008392334,23.149200439453125,613,0.0,0.0
2023-10-31 12:30:00-04:00,23.14240074157715,23.14240074157715,23.14240074157715,23.14240074157715,500,0.0,0.0
2023-10-31 13:30:00-04:00,23.1200008392334,23.1200008392334,23.1200008392334,23.1200008392334,0,0.0,0.0
2023-10-31 15:30:00-04:00,23.179899215698242,23.179899215698242,23.179899215698242,23.179899215698242,2,0.0,0.0
2023-11-03 10:30:00-04:00,23.249900817871094,23.25,23.249900817871094,23.25,498,0.0,0.0
2023-11-06 09:30:00-05:00,23.25,23.25,23.135000228881836,23.25,0,0.0,0.0
2023-11-07 11:30:00-05:00,23.139999389648438,23.139999389648438,23.049999237060547,23.139999389648438,1205,0.0,0.0
2023-11-07 12:30:00-05:00,23.190000534057617,23.190000534057617,23.190000534057617,23.190000534057617,100,0.0,0.0
2023-11-07 15:30:00-05:00,23.049999237060547,23.25,23.049999237060547,23.25,200,0.0,0.0
2023-11-08 15:30:00-05:00,23.25,23.25,23.110000610351562,23.25,431,0.0,0.0
2023-11-09 09:30:00-05:00,23.25,23.25,23.25,23.25,2105,0.0,0.0
2023-11-09 12:30:00-05:00,23.290000915527344,23.525299072265625,23.290000915527344,23.34000015258789,0,0.0,0.0
2023-11-10 09:30:00-05:00,23.269800186157227,23.269800186157227,23.184999465942383,23.184999465942383,500,0.0,0.0
2023-11-10 10:30:00-05:00,23.270000457763672,23.270000457763672,23.110000610351562,23.110000610351562,400,0.0,0.0
2023-11-10 12:30:00-05:00,23.270000457763672,23.270000457763672,23.269899368286133,23.269899368286133,200,0.0,0.0
2023-11-13 09:30:00-05:00,23.184999465942383,23.184999465942383,23.184999465942383,23.184999465942383,0,0.0,0.0
2023-11-13 11:30:00-05:00,23.270000457763672,23.270000457763672,23.270000457763672,23.270000457763672,142,0.0,0.0
2023-11-13 14:30:00-05:00,23.200000762939453,23.270000457763672,23.17970085144043,23.260000228881836,0,0.0,0.0
2023-11-14 14:30:00-05:00,23.219999313354492,23.219999313354492,23.219999313354492,23.219999313354492,140,0.0,0.0
2023-11-14 15:30:00-05:00,23.204999923706055,23.204999923706055,23.204999923706055,23.204999923706055,0,0.0,0.0
2023-11-15 14:30:00-05:00,23.209999084472656,23.209999084472656,23.20989990234375,23.20989990234375,255,0.0,0.0
2023-11-20 09:30:00-05:00,23.290000915527344,23.290000915527344,23.290000915527344,23.290000915527344,0,0.0,0.0
2023-11-20 12:30:00-05:00,23.110000610351562,23.290000915527344,23.110000610351562,23.290000915527344,250,0.0,0.0
2023-11-21 09:30:00-05:00,23.290000915527344,23.290000915527344,23.290000915527344,23.290000915527344,5150,0.0,0.0
2023-11-21 12:30:00-05:00,23.184999465942383,23.239999771118164,23.184999465942383,23.239999771118164,500,0.0,0.0
2023-11-21 13:30:00-05:00,23.31999969482422,23.31999969482422,23.31999969482422,23.31999969482422,100,0.0,0.0
2023-11-21 14:30:00-05:00,23.11009979248047,23.31999969482422,23.11009979248047,23.31999969482422,0,0.0,0.0
2023-11-22 10:30:00-05:00,23.110000610351562,23.139999389648438,23.110000610351562,23.139999389648438,271,0.0,0.0
2023-11-22 14:30:00-05:00,23.290000915527344,23.309999465942383,23.290000915527344,23.309999465942383,200,0.0,0.0
2023-11-24 12:30:00-05:00,23.219999313354492,23.219999313354492,23.219999313354492,23.219999313354492,146,0.0,0.0
2023-11-27 13:30:00-05:00,23.219999313354492,23.219999313354492,23.219999313354492,23.219999313354492,478,0.0,0.0
2023-11-28 12:30:00-05:00,23.299999237060547,23.299999237060547,23.299999237060547,23.299999237060547,0,0.0,0.0
2023-11-29 12:30:00-05:00,23.200000762939453,23.200000762939453,23.200000762939453,23.200000762939453,936,0.0,0.0
2023-11-29 14:30:00-05:00,23.28619956970215,23.28619956970215,23.200000762939453,23.25,964,0.0,0.0
2023-11-29 15:30:00-05:00,23.25,23.25,23.25,23.25,200,0.0,0.0
2023-11-30 14:30:00-05:00,23.34000015258789,23.399999618530273,23.34000015258789,23.3799991607666,10187,0.0,0.0
2023-11-30 15:30:00-05:00,23.56999969482422,23.700000762939453,23.540000915527344,23.540000915527344,0,0.0,0.0
2023-12-01 13:30:00-05:00,23.219999313354492,23.54990005493164,23.219999313354492,23.54990005493164,595,0.0,0.0
2023-12-05 10:30:00-05:00,23.375999450683594,23.375999450683594,23.375999450683594,23.375999450683594,0,0.0,0.0
2023-12-05 12:30:00-05:00,23.540000915527344,23.540000915527344,23.540000915527344,23.540000915527344,200,0.0,0.0
2023-12-06 11:30:00-05:00,23.479900360107422,23.549999237060547,23.44029998779297,23.54990005493164,0,0.0,0.0
2023-12-08 13:30:00-05:00,23.485700607299805,23.485700607299805,23.485700607299805,23.485700607299805,320,0.0,0.0
2023-12-08 15:30:00-05:00,23.579999923706055,23.579999923706055,23.579999923706055,23.579999923706055,100,0.0,0.0
2023-12-12 09:30:00-05:00,23.376699447631836,23.450000762939453,23.376699447631836,23.450000762939453,0,0.0,0.0
2023-12-12 10:30:00-05:00,23.3799991607666,23.450000762939453,23.3799991607666,23.450000762939453,405,0.0,0.0
2023-12-12 11:30:00-05:00,23.6200008392334,23.6200008392334,23.61989974975586,23.61989974975586,324,0.0,0.0
2023-12-12 12:30:00-05:00,23.329999923706055,23.329999923706055,23.329999923706055,23.329999923706055,155,0.0,0.0
2023-12-12 13:30:00-05:00,23.529600143432617,23.529600143432617,23.529600143432617,23.529600143432617,200,0.0,0.0
2023-12-13 13:30:00-05:00,23.47719955444336,23.47719955444336,23.47719955444336,23.47719955444336,0,0.0,0.0
2023-12-13 15:30:00-05:00,23.581100463867188,23.581100463867188,23.581100463867188,23.581100463867188,220,0.0,0.0
2023-12-14 09:30:00-05:00,23.290000915527344,23.290000915527344,23.079999923706055,23.290000915527344,280,0.0,0.0
2023-12-14 11:30:00-05:00,23.190000534057617,23.190000534057617,23.149999618530273,23.149999618530273,600,0.0,0.0
2023-12-14 12:30:00-05:00,23.3966007232666,23.3966007232666,23.3966007232666,23.3966007232666,200,0.0,0.0
2023-12-19 10:30:00-05:00,23.239999771118164,23.239999771118164,23.190000534057617,23.190000534057617,212,0.0,0.0
2023-12-19 13:30:00-05:00,23.649999618530273,23.649999618530273,23.649999618530273,23.649999618530273,100,0.0,0.0
2023-12-20 13:30:00-05:00,23.399999618530273,23.67970085144043,23.399999618530273,23.67970085144043,0,0.0,0.0
2023-12-22 10:30:00-05:00,23.63990020751953,23.63990020751953,23.63990020751953,23.63990020751953,199,0.0,0.0
2023-12-22 11:30:00-05:00,23.420000076293945,23.420000076293945,23.420000076293945,23.420000076293945,100,0.0,0.0
2023-12-22 12:30:00-05:00,23.559999465942383,23.559999465942383,23.559999465942383,23.559999465942383,100,0.0,0.0
2023-12-22 13:30:00-05:00,23.6299991607666,23.6299991607666,23.6200008392334,23.6200008392334,600,0.0,0.0
2023-12-22 15:30:00-05:00,23.399999618530273,23.600000381469727,23.399999618530273,23.600000381469727,247,0.0,0.0
2023-12-26 14:30:00-05:00,23.43000030517578,23.6299991607666,23.329999923706055,23.6299991607666,500,0.0,0.0
2023-12-27 12:30:00-05:00,23.63990020751953,23.63990020751953,23.63990020751953,23.63990020751953,0,0.0,0.0
2023-12-28 09:30:00-05:00,23.639999389648438,23.639999389648438,23.63990020751953,23.63990020751953,418,0.0,0.0
2023-12-28 10:30:00-05:00,23.69499969482422,23.69499969482422,23.639999389648438,23.640100479125977,0,0.0,0.0
2023-12-29 13:30:00-05:00,23.399999618530273,23.601299285888672,23.399999618530273,23.601299285888672,407,0.0,0.0
2023-12-29 14:30:00-05:00,23.513999938964844,23.513999938964844,23.513999938964844,23.513999938964844,400,0.0,0.0
2023-12-29 15:30:00-05:00,23.799999237060547,23.799999237060547,23.799999237060547,23.799999237060547,200,0.0,0.0
2024-01-02 11:30:00-05:00,23.5,23.829999923706055,23.395000457763672,23.829999923706055,1900,0.0,0.0
2024-01-03 12:30:00-05:00,23.520000457763672,23.520000457763672,23.520000457763672,23.520000457763672,0,0.0,0.0
2024-01-04 10:30:00-05:00,23.62579917907715,23.62579917907715,23.62579917907715,23.62579917907715,284,0.0,0.0
2024-01-05 14:30:00-05:00,23.687400817871094,23.687400817871094,23.687400817871094,23.687400817871094,669,0.0,0.0
2024-01-08 09:30:00-05:00,23.674999237060547,23.674999237060547,23.674999237060547,23.674999237060547,0,0.0,0.0
2024-01-08 11:30:00-05:00,23.674999237060547,23.674999237060547,23.674999237060547,23.674999237060547,200,0.0,0.0
2024-01-08 14:30:00-05:00,23.700000762939453,23.700000762939453,23.68779945373535,23.68779945373535,0,0.0,0.0
2024-01-09 13:30:00-05:00,23.700000762939453,23.700000762939453,23.699899673461914,23.700000762939453,380,0.0,0.0
2024-01-11 14:30:00-05:00,23.650100708007812,23.650100708007812,23.649999618530273,23.650100708007812,1571,0.0,0.0
2024-01-12 10:30:00-05:00,23.700000762939453,23.700000762939453,23.700000762939453,23.700000762939453,0,0.0,0.0
2024-01-16 14:30:00-05:00,23.719999313354492,23.719999313354492,23.719999313354492,23.719999313354492,169,0.0,0.0
2024-01-18 14:30:00-05:00,23.74959945678711,23.74959945678711,23.74959945678711,23.74959945678711,0,0.0,0.0
2024-01-19 11:30:00-05:00,23.5,23.5,23.5,23.5,793,0.0,0.0
2024-01-19 12:30:00-05:00,23.75,23.75,23.749900817871094,23.749900817871094,399,0.0,0.0
2024-01-22 09:30:00-05:00,23.600000381469727,23.600000381469727,23.600000381469727,23.600000381469727,0,0.0,0.0
2024-01-22 12:30:00-05:00,23.674999237060547,23.674999237060547,23.674999237060547,23.674999237060547,0,0.0,0.0
2024-01-23 13:30:00-05:00,23.703399658203125,23.75,23.674999237060547,23.75,2700,0.0,0.0
2024-01-24 14:30:00-05:00,23.799999237060547,23.799999237060547,23.799999237060547,23.799999237060547,188,0.0,0.0
2024-01-31 09:30:00-05:00,23.639999389648438,23.639999389648438,23.639999389648438,23.639999389648438,262,0.0,0.0
2024-01-31 15:30:00-05:00,23.799999237060547,23.799999237060547,23.799999237060547,23.799999237060547,0,0.0,0.0
2024-02-09 15:30:00-05:00,23.829999923706055,23.829999923706055,23.829999923706055,23.829999923706055,537,0.0,0.0
2024-02-12 15:30:00-05:00,23.81439971923828,23.82990074157715,23.749500274658203,23.80769920349121,0,0.0,0.0
2024-02-14 11:30:00-05:00,23.899999618530273,23.899999618530273,23.899999618530273,23.899999618530273,199,0.0,0.0
2024-02-14 14:30:00-05:00,23.899999618530273,23.899999618530273,23.899999618530273,23.899999618530273,1000,0.0,0.0
2024-02-14 15:30:00-05:00,23.920000076293945,23.920000076293945,23.920000076293945,23.920000076293945,101,0.0,0.0
2024-02-15 15:30:00-05:00,23.850000381469727,23.850000381469727,23.850000381469727,23.850000381469727,0,0.0,0.0
2024-02-20 13:30:00-05:00,23.950000762939453,23.950000762939453,23.950000762939453,23.950000762939453,98,0.0,0.0
2024-02-21 10:30:00-05:00,24.0,24.0,24.0,24.0,100,0.0,0.0
2024-02-21 11:30:00-05:00,24.0,24.0,24.0,24.0,200,0.0,0.0
2024-02-21 12:30:00-05:00,23.799999237060547,23.799999237060547,23.6299991607666,23.6299991607666,543,0.0,0.0
2024-02-21 14:30:00-05:00,23.91189956665039,23.91189956665039,23.91189956665039,23.91189956665039,200,0.0,0.0
2024-02-23 12:30:00-05:00,23.90999984741211,23.989999771118164,23.909900665283203,23.989999771118164,556,0.0,0.0
2024-02-23 14:30:00-05:00,23.958799362182617,23.989999771118164,23.950000762939453,23.988000869750977,1321,0.0,0.0
2024-02-27 15:30:00-05:00,23.75,24.029800415039062,23.75,24.029800415039062,211,0.0,0.0
2024-02-28 10:30:00-05:00,23.600099563598633,23.600099563598633,23.600099563598633,23.600099563598633,0,0.0,0.0
2024-02-28 11:30:00-05:00,23.760000228881836,23.969999313354492,23.760000228881836,23.969999313354492,804,0.0,0.0
2024-02-29 11:30:00-05:00,24.030000686645508,24.030000686645508,24.030000686645508,24.030000686645508,0,0.0,0.0
2024-02-29 13:30:00-05:00,24.030000686645508,24.030000686645508,24.030000686645508,24.030000686645508,100,0.0,0.0
2024-02-29 14:30:00-05:00,24.030000686645508,24.030000686645508,24.030000686645508,24.030000686645508,0,0.0,0.0
2024-03-01 11:30:00-05:00,24.03190040588379,24.040000915527344,24.030000686645508,24.030000686645508,900,0.0,0.0
2024-03-01 13:30:00-05:00,23.836200714111328,23.836200714111328,23.836200714111328,23.836200714111328,0,0.0,0.0
2024-03-01 14:30:00-05:00,23.84000015258789,23.84000015258789,23.83989906311035,23.83989906311035,1449,0.0,0.0
2024-03-01 15:30:00-05:00,23.850000381469727,24.049800872802734,23.850000381469727,24.049800872802734,200,0.0,0.0
2024-03-05 11:30:00-05:00,23.815000534057617,23.815000534057617,23.815000534057617,23.815000534057617,0,0.0,0.0
2024-03-05 13:30:00-05:00,24.049999237060547,24.049999237060547,23.834999084472656,23.834999084472656,1030,0.0,0.0
2024-03-05 15:30:00-05:00,24.049999237060547,24.049999237060547,23.89299964904785,24.049999237060547,600,0.0,0.0
2024-03-06 09:30:00-05:00,24.100000381469727,24.100000381469727,24.09320068359375,24.09320068359375,0,0.0,0.0
2024-03-06 10:30:00-05:00,24.100000381469727,24.100000381469727,24.099899291992188,24.099899291992188,200,0.0,0.0
2024-03-06 11:30:00-05:00,24.100000381469727,24.100000381469727,24.099899291992188,24.099899291992188,305,0.0,0.0
2024-03-06 15:30:00-05:00,23.684099197387695,24.100000381469727,23.670000076293945,24.069299697875977,0,0.0,0.0
2024-03-07 10:30:00-05:00,23.950000762939453,24.1299991607666,23.950000762939453,24.1299991607666,349,0.0,0.0
2024-03-07 11:30:00-05:00,24.1299991607666,24.1299991607666,24.1299991607666,24.1299991607666,100,0.0,0.0
2024-03-07 12:30:00-05:00,24.1299991607666,24.1299991607666,24.1299991607666,24.1299991607666,200,0.0,0.0
2024-03-07 13:30:00-05:00,24.1299991607666,24.1299991607666,24.1299991607666,24.1299991607666,182,0.0,0.0
2024-03-08 12:30:00-05:00,23.935699462890625,23.935699462890625,23.935699462890625,23.935699462890625,0,0.0,0.0
2024-03-08 14:30:00-05:00,23.950000762939453,23.950000762939453,23.950000762939453,23.950000762939453,100,0.0,0.0
2024-03-08 15:30:00-05:00,24.128000259399414,24.128000259399414,24.128000259399414,24.128000259399414,100,0.0,0.0
2024-03-13 12:30:00-04:00,24.084999084472656,24.084999084472656,24.084999084472656,24.084999084472656,0,0.0,0.0
2024-03-15 12:30:00-04:00,23.750200271606445,23.920000076293945,23.75,23.920000076293945,2512,0.0,0.0
2024-03-19 14:30:00-04:00,23.639999389648438,23.940000534057617,23.6299991607666,23.940000534057617,2139,0.0,0.0
2024-03-21 15:30:00-04:00,23.950000762939453,23.950000762939453,23.950000762939453,23.950000762939453,0,0.0,0.0
2024-03-22 10:30:00-04:00,23.945100784301758,23.945100784301758,23.945100784301758,23.945100784301758,150,0.0,0.0
2024-03-22 12:30:00-04:00,23.649999618530273,23.850000381469727,23.610000610351562,23.850000381469727,3478,0.0,0.0
2024-03-26 15:30:00-04:00,23.940000534057617,23.940000534057617,23.940000534057617,23.940000534057617,100,0.0,0.0
2024-03-27 14:30:00-04:00,23.700000762939453,23.854400634765625,23.670000076293945,23.78499984741211,5023,0.0,0.0
2024-03-27 15:30:00-04:00,23.950000762939453,23.950000762939453,23.950000762939453,23.950000762939453,100,0.0,0.0
2024-03-28 13:30:00-04:00,23.670000076293945,23.828800201416016,23.670000076293945,23.828800201416016,1400,0.0,0.0
2024-03-28 14:30:00-04:00,23.83329963684082,23.969999313354492,23.815000534057617,23.969999313354492,101,0.0,0.0
2024-04-01 14:30:00-04:00,23.760000228881836,23.760000228881836,23.760000228881836,23.760000228881836,0,0.0,0.0
2024-04-01 15:30:00-04:00,23.940000534057617,23.940000534057617,23.940000534057617,23.940000534057617,201,0.0,0.0
2024-04-02 09:30:00-04:00,23.709999084472656,23.709999084472656,23.709999084472656,23.709999084472656,0,0.0,0.0
2024-04-02 13:30:00-04:00,23.844999313354492,23.97800064086914,23.844999313354492,23.97800064086914,601,0.0,0.0
2024-04-05 11:30:00-04:00,23.899999618530273,23.979900360107422,23.899999618530273,23.979900360107422,2152,0.0,0.0
2024-04-10 12:30:00-04:00,23.940000534057617,23.979900360107422,23.940000534057617,23.940000534057617,488,0.0,0.0
2024-04-11 10:30:00-04:00,23.856199264526367,23.856199264526367,23.856199264526367,23.856199264526367,0,0.0,0.0
2024-04-11 15:30:00-04:00,23.649999618530273,23.815000534057617,23.649999618530273,23.815000534057617,2208,0.0,0.0
2024-04-12 09:30:00-04:00,23.979900360107422,23.979900360107422,23.940000534057617,23.940000534057617,900,0.0,0.0
2024-04-19 11:30:00-04:00,23.90169906616211,23.979900360107422,23.90169906616211,23.90180015563965,940,0.0,0.0
2024-04-22 15:30:00-04:00,23.799999237060547,23.799999237060547,23.799999237060547,23.799999237060547,248,0.0,0.0
2024-04-23 13:30:00-04:00,23.899999618530273,23.899999618530273,23.899999618530273,23.899999618530273,552,0.0,0.0
2024-04-23 14:30:00-04:00,23.950000762939453,23.950000762939453,23.950000762939453,23.950000762939453,0,0.0,0.0
2024-04-23 15:30:00-04:00,23.950000762939453,23.950000762939453,23.950000762939453,23.950000762939453,116,0.0,0.0
2024-04-25 13:30:00-04:00,23.600099563598633,23.600099563598633,23.600099563598633,23.600099563598633,694,0.0,0.0
2024-04-26 13:30:00-04:00,23.790000915527344,23.969999313354492,23.790000915527344,23.969999313354492,101,0.0,0.0
2024-04-30 09:30:00-04:00,23.815000534057617,23.959999084472656,23.815000534057617,23.824199676513672,2785,0.0,0.0
2024-04-30 12:30:00-04:00,23.999900817871094,23.999900817871094,23.989999771118164,23.989999771118164,645,0.0,0.0
2024-05-02 11:30:00-04:00,23.979999542236328,23.999900817871094,23.979999542236328,23.999900817871094,1740,0.0,0.0
2024-05-02 15:30:00-04:00,23.920000076293945,23.920000076293945,23.920000076293945,23.920000076293945,0,0.0,0.0
2024-05-06 09:30:00-04:00,23.959999084472656,23.959999084472656,23.950000762939453,23.95989990234375,2755,0.0,0.0
2024-05-06 10:30:00-04:00,23.969999313354492,23.969999313354492,23.920000076293945,23.920000076293945,0,0.0,0.0
2024-05-06 11:30:00-04:00,23.999900817871094,23.999900817871094,23.999900817871094,23.999900817871094,1341,0.0,0.0
2024-05-07 13:30:00-04:00,23.999900817871094,23.999900817871094,23.999900817871094,23.999900817871094,500,0.0,0.0
2024-05-08 11:30:00-04:00,24.020000457763672,24.020000457763672,23.9768009185791,23.9768009185791,900,0.0,0.0
2024-05-10 15:30:00-04:00,23.992599487304688,23.992599487304688,23.992599487304688,23.992599487304688,1248,0.0,0.0
2024-05-13 10:30:00-04:00,23.97920036315918,23.97920036315918,23.97920036315918,23.97920036315918,254,0.0,0.0
2024-05-13 13:30:00-04:00,24.000999450683594,24.000999450683594,24.000999450683594,24.000999450683594,500,0.0,0.0
2024-05-14 10:30:00-04:00,23.98900032043457,23.98900032043457,23.98900032043457,23.98900032043457,657,0.0,0.0
2024-05-14 12:30:00-04:00,24.0,24.028499603271484,24.0,24.0,454,0.0,0.0
2024-05-15 10:30:00-04:00,24.059999465942383,24.059999465942383,24.059999465942383,24.059999465942383,0,0.0,0.0
2024-05-15 13:30:00-04:00,24.100000381469727,24.100000381469727,24.100000381469727,24.100000381469727,715,0.0,0.0
2024-05-16 09:30:00-04:00,24.100000381469727,24.100000381469727,24.099899291992188,24.100000381469727,550,0.0,0.0
2024-05-16 10:30:00-04:00,24.100000381469727,24.100000381469727,24.100000381469727,24.100000381469727,300,0.0,0.0
2024-05-16 13:30:00-04:00,23.969999313354492,24.100000381469727,23.969999313354492,24.100000381469727,400,0.0,0.0
2024-05-16 14:30:00-04:00,24.100000381469727,24.100000381469727,24.099899291992188,24.100000381469727,200,0.0,0.0
2024-05-17 13:30:00-04:00,24.03499984741211,24.09000015258789,23.969999313354492,24.09000015258789,900,0.0,0.0
2024-05-22 11:30:00-04:00,23.99679946899414,23.99679946899414,23.889999389648438,23.889999389648438,420,0.0,0.0
2024-05-22 12:30:00-04:00,23.899900436401367,23.899999618530273,23.790599822998047,23.899999618530273,840,0.0,0.0
2024-05-22 13:30:00-04:00,24.11989974975586,24.11989974975586,24.11989974975586,24.11989974975586,222,0.0,0.0
2024-05-23 12:30:00-04:00,23.850000381469727,23.850000381469727,23.850000381469727,23.850000381469727,554,0.0,0.0
2024-05-23 13:30:00-04:00,23.899999618530273,24.100000381469727,23.899999618530273,24.100000381469727,66,0.0,0.0
2024-05-23 14:30:00-04:00,24.100000381469727,24.100000381469727,24.09000015258789,24.09000015258789,201,0.0,0.0
2024-05-24 14:30:00-04:00,23.947500228881836,24.118000030517578,23.809999465942383,24.118000030517578,943,0.0,0.0
2024-05-28 10:30:00-04:00,24.1200008392334,24.1200008392334,24.11989974975586,24.11989974975586,2541,0.0,0.0
2024-05-28 14:30:00-04:00,24.149999618530273,24.149999618530273,24.149999618530273,24.149999618530273,311,0.0,0.0
2024-05-31 10:30:00-04:00,24.100000381469727,24.100000381469727,24.100000381469727,24.100000381469727,200,0.0,0.0
2024-06-03 10:30:00-04:00,24.110000610351562,24.1200008392334,23.829999923706055,24.11989974975586,971,0.0,0.0
2024-06-04 10:30:00-04:00,24.1200008392334,24.1200008392334,24.1200008392334,24.1200008392334,951,0.0,0.0
2024-06-05 09:30:00-04:00,24.1200008392334,24.1200008392334,23.989999771118164,23.989999771118164,2519,0.0,0.0
2024-06-05 10:30:00-04:00,24.149999618530273,24.15999984741211,24.052000045776367,24.15999984741211,1245,0.0,0.0
2024-06-07 10:30:00-04:00,24.078500747680664,24.09000015258789,24.078500747680664,24.09000015258789,1360,0.0,0.0
2024-06-07 11:30:00-04:00,24.130399703979492,24.130399703979492,24.09000015258789,24.09000015258789,160,0.0,0.0
2024-06-07 13:30:00-04:00,24.25,24.25,24.25,24.25,316,0.0,0.0
2024-06-07 14:30:00-04:00,24.25,24.25,24.25,24.25,0,0.0,0.0
2024-06-12 09:30:00-04:00,24.059999465942383,24.200000762939453,24.059999465942383,24.200000762939453,1351,0.0,0.0
2024-06-12 10:30:00-04:00,24.10070037841797,24.200000762939453,24.10070037841797,24.190000534057617,1793,0.0,0.0
2024-06-13 09:30:00-04:00,24.199899673461914,24.199899673461914,24.199899673461914,24.199899673461914,0,0.0,0.0
2024-06-13 13:30:00-04:00,24.170000076293945,24.170000076293945,24.170000076293945,24.170000076293945,0,0.0,0.0
2024-06-14 09:30:00-04:00,23.899999618530273,23.899999618530273,23.899999618530273,23.899999618530273,0,0.0,0.0
2024-06-14 10:30:00-04:00,23.950000762939453,23.950000762939453,23.850000381469727,23.850000381469727,601,0.0,0.0
2024-06-14 14:30:00-04:00,23.850099563598633,23.850099563598633,23.850099563598633,23.850099563598633,284,0.0,0.0
2024-06-17 11:30:00-04:00,24.040000915527344,24.040000915527344,23.809999465942383,23.94809913635254,2114,0.0,0.0
2024-06-17 14:30:00-04:00,23.844100952148438,23.844100952148438,23.844100952148438,23.844100952148438,3800,0.0,0.0
2024-06-17 15:30:00-04:00,24.040000915527344,24.040000915527344,24.040000915527344,24.040000915527344,0,0.0,0.0
2024-06-18 09:30:00-04:00,23.899999618530273,23.899999618530273,23.899999618530273,23.899999618530273,153,0.0,0.0
2024-06-18 10:30:00-04:00,23.899999618530273,23.899999618530273,23.899999618530273,23.899999618530273,185,0.0,0.0
2024-06-18 15:30:00-04:00,24.084999084472656,24.084999084472656,24.084999084472656,24.084999084472656,300,0.0,0.0
2024-06-20 13:30:00-04:00,24.122299194335938,24.122299194335938,24.122299194335938,24.122299194335938,0,0.0,0.0
2024-06-20 14:30:00-04:00,24.099899291992188,24.204999923706055,24.09000015258789,24.1299991607666,900,0.0,0.0
2024-06-25 11:30:00-04:00,24.0,24.0,24.0,24.0,159,0.0,0.0
2024-06-27 13:30:00-04:00,24.059900283813477,24.059999465942383,24.059900283813477,24.059999465942383,420,0.0,0.0
2024-06-28 09:30:00-04:00,23.93000030517578,23.93000030517578,23.93000030517578,23.93000030517578,200,0.0,0.0
2024-06-28 10:30:00-04:00,24.059999465942383,24.059999465942383,24.059999465942383,24.059999465942383,200,0.0,0.0
2024-06-28 14:30:00-04:00,24.110000610351562,24.110000610351562,24.110000610351562,24.110000610351562,1,0.0,0.0
2024-07-01 10:30:00-04:00,23.91830062866211,23.91830062866211,23.91830062866211,23.91830062866211,444,0.0,0.0
2024-07-01 11:30:00-04:00,24.0,24.0,24.0,24.0,200,0.0,0.0
2024-07-01 12:30:00-04:00,24.1200008392334,24.1200008392334,24.1200008392334,24.1200008392334,200,0.0,0.0
2024-07-01 15:30:00-04:00,24.0,24.1200008392334,24.0,24.1200008392334,200,0.0,0.0
2024-07-02 10:30:00-04:00,23.88629913330078,24.09000015258789,23.88629913330078,24.09000015258789,1065,0.0,0.0
2024-07-03 09:30:00-04:00,24.06279945373535,24.06279945373535,24.06279945373535,24.06279945373535,400,0.0,0.0
2024-07-03 10:30:00-04:00,24.200000762939453,24.299999237060547,24.1697998046875,24.299999237060547,401,0.0,0.0
2024-07-08 13:30:00-04:00,23.799999237060547,24.199899673461914,23.799999237060547,24.199899673461914,246,0.0,0.0
2024-07-08 15:30:00-04:00,24.113800048828125,24.200000762939453,24.113800048828125,24.200000762939453,445,0.0,0.0
2024-07-09 10:30:00-04:00,24.200000762939453,24.200000762939453,24.200000762939453,24.200000762939453,537,0.0,0.0
2024-07-12 12:30:00-04:00,24.399999618530273,24.400999069213867,24.399999618530273,24.400100708007812,1606,0.0,0.0
2024-07-15 11:30:00-04:00,24.0,24.0,24.0,24.0,143,0.0,0.0
2024-07-15 12:30:00-04:00,24.200000762939453,24.200000762939453,24.199899673461914,24.199899673461914,865,0.0,0.0
2024-07-22 12:30:00-04:00,24.0,24.0,23.94499969482422,23.989999771118164,4606,0.0,0.0
2024-07-22 13:30:00-04:00,23.950000762939453,23.950000762939453,23.950000762939453,23.950000762939453,400,0.0,0.0
2024-07-22 14:30:00-04:00,24.0,24.0,23.999900817871094,24.0,4810,0.0,0.0
2024-07-22 15:30:00-04:00,24.149999618530273,24.149999618530273,24.149999618530273,24.149999618530273,107,0.0,0.0
2024-07-24 11:30:00-04:00,23.804000854492188,23.999799728393555,23.804000854492188,23.99970054626465,0,0.0,0.0
2024-07-25 12:30:00-04:00,23.979999542236328,23.989999771118164,23.895000457763672,23.979999542236328,560,0.0,0.0
2024-07-25 14:30:00-04:00,24.0,24.0,23.84000015258789,23.84000015258789,618,0.0,0.0
2024-07-25 15:30:00-04:00,24.143999099731445,24.143999099731445,24.143999099731445,24.143999099731445,82,0.0,0.0
2024-07-29 10:30:00-04:00,24.100000381469727,24.100000381469727,24.100000381469727,24.100000381469727,0,0.0,0.0
2024-07-29 11:30:00-04:00,24.190000534057617,24.190000534057617,24.16349983215332,24.16349983215332,275,0.0,0.0
2024-08-01 12:30:00-04:00,24.200000762939453,24.200000762939453,24.200000762939453,24.200000762939453,0,0.0,0.0
2024-08-08 09:30:00-04:00,24.25,24.834999084472656,24.25,24.600000381469727,204700,0.0,0.0
2024-08-08 10:30:00-04:00,24.46500015258789,25.0,24.46500015258789,24.5,110989,0.0,0.0
2024-08-08 11:30:00-04:00,24.329999923706055,24.329999923706055,24.329999923706055,24.329999923706055,103741,0.0,0.0
2024-08-08 13:30:00-04:00,24.360000610351562,24.391399383544922,24.329999923706055,24.350000381469727,4381,0.0,0.0
2024-08-08 14:30:00-04:00,24.205299377441406,24.350000381469727,24.030000686645508,24.349899291992188,2350,0.0,0.0
2024-08-08 15:30:00-04:00,24.349899291992188,24.350000381469727,24.349899291992188,24.349899291992188,520,0.0,0.0
2024-08-09 14:30:00-04:00,24.165800094604492,24.280000686645508,24.165800094604492,24.280000686645508,0,0.0,0.0
2024-08-12 10:30:00-04:00,24.489999771118164,25.0,24.489999771118164,24.670000076293945,624701,0.0,0.0
2024-08-12 11:30:00-04:00,24.719999313354492,24.719999313354492,24.700000762939453,24.700000762939453,2480,0.0,0.0
2024-08-12 13:30:00-04:00,24.700000762939453,24.709999084472656,24.700000762939453,24.709999084472656,584,0.0,0.0
2024-08-12 15:30:00-04:00,24.670000076293945,24.700000762939453,24.670000076293945,24.700000762939453,1636,0.0,0.0
2024-08-13 09:30:00-04:00,24.700000762939453,24.700000762939453,24.700000762939453,24.700000762939453,702,0.0,0.0
2024-08-13 11:30:00-04:00,24.56999969482422,24.700000762939453,24.020000457763672,24.020000457763672,15921,0.0,0.0
2024-08-14 09:30:00-04:00,24.510499954223633,24.549999237060547,24.510499954223633,24.549999237060547,400,0.0,0.0
2024-08-14 10:30:00-04:00,24.549999237060547,25.0,24.43000030517578,24.709999084472656,165976,0.0,0.0
2024-08-14 11:30:00-04:00,24.72249984741211,24.72249984741211,24.530000686645508,24.559999465942383,7939,0.0,0.0
2024-08-14 12:30:00-04:00,24.6299991607666,24.6299991607666,24.6299991607666,24.6299991607666,400,0.0,0.0
2024-08-14 14:30:00-04:00,24.5049991607666,24.5049991607666,24.5049991607666,24.5049991607666,1600,0.0,0.0
2024-08-14 15:30:00-04:00,24.395000457763672,24.599899291992188,24.395000457763672,24.599899291992188,0,0.0,0.0
2024-08-15 09:30:00-04:00,24.739999771118164,24.739999771118164,24.600000381469727,24.600000381469727,0,0.0,0.0
2024-08-15 11:30:00-04:00,24.729999542236328,24.729999542236328,24.030000686645508,24.110000610351562,0,0.0,0.0
2024-08-15 12:30:00-04:00,24.5,24.57309913635254,24.5,24.57309913635254,300,0.0,0.0
2024-08-15 13:30:00-04:00,24.600000381469727,24.600000381469727,24.600000381469727,24.600000381469727,700,0.0,0.0
2024-08-15 14:30:00-04:00,24.500099182128906,24.55030059814453,24.500099182128906,24.533300399780273,21666,0.0,0.0
2024-08-15 15:30:00-04:00,24.5,24.5,24.5,24.5,200,0.0,0.0
2024-08-16 09:30:00-04:00,24.6299991607666,24.649999618530273,24.6299991607666,24.649999618530273,900,0.0,0.0
2024-08-16 10:30:00-04:00,24.649999618530273,24.649999618530273,24.649999618530273,24.649999618530273,1405,0.0,0.0
2024-08-16 11:30:00-04:00,24.559999465942383,24.559999465942383,24.559999465942383,24.559999465942383,100,0.0,0.0
2024-08-16 14:30:00-04:00,24.600000381469727,24.600000381469727,24.600000381469727,24.600000381469727,200,0.0,0.0
2024-08-19 11:30:00-04:00,24.43000030517578,24.450000762939453,24.43000030517578,24.450000762939453,550,0.0,0.0
2024-08-19 13:30:00-04:00,24.600000381469727,24.600000381469727,24.48200035095215,24.59000015258789,6119,0.0,0.0
2024-08-19 15:30:00-04:00,24.481000900268555,24.540000915527344,24.480100631713867,24.540000915527344,500,0.0,0.0
2024-08-20 09:30:00-04:00,24.690000534057617,24.700000762939453,24.6299991607666,24.65999984741211,1400,0.0,0.0
2024-08-20 10:30:00-04:00,24.65999984741211,24.65999984741211,24.649999618530273,24.649999618530273,1200,0.0,0.0
2024-08-20 11:30:00-04:00,24.479999542236328,24.479999542236328,24.459999084472656,24.459999084472656,13037,0.0,0.0
2024-08-20 12:30:00-04:00,24.418399810791016,24.459999084472656,24.309999465942383,24.450000762939453,4128,0.0,0.0
2024-08-20 13:30:00-04:00,24.459999084472656,24.459999084472656,24.459999084472656,24.459999084472656,1955,0.0,0.0
2024-08-20 14:30:00-04:00,24.459999084472656,24.639999389648438,24.459999084472656,24.639999389648438,1255,0.0,0.0
2024-08-20 15:30:00-04:00,24.68000030517578,24.68000030517578,24.459999084472656,24.459999084472656,2577,0.0,0.0
2024-08-21 09:30:00-04:00,24.5,24.5,24.5,24.5,4000,0.0,0.0
2024-08-21 11:30:00-04:00,24.309999465942383,24.309999465942383,24.18000030517578,24.18000030517578,450,0.0,0.0
2024-08-21 12:30:00-04:00,24.27199935913086,24.450000762939453,24.18000030517578,24.450000762939453,12391,0.0,0.0
2024-08-21 14:30:00-04:00,24.440000534057617,24.440000534057617,24.440000534057617,24.440000534057617,100,0.0,0.0
2024-08-22 09:30:00-04:00,24.59000015258789,24.59000015258789,24.59000015258789,24.59000015258789,0,0.0,0.0
2024-08-22 10:30:00-04:00,24.360000610351562,24.459999084472656,24.34000015258789,24.34000015258789,300,0.0,0.0
2024-08-26 10:30:00-04:00,24.5,24.5,24.5,24.5,500,0.0,0.0
2024-08-26 12:30:00-04:00,24.5,24.579999923706055,24.46649932861328,24.56999969482422,3700,0.0,0.0
2024-08-28 10:30:00-04:00,24.3799991607666,24.600000381469727,24.360000610351562,24.600000381469727,4484,0.0,0.0
2024-08-28 11:30:00-04:00,24.329999923706055,24.329999923706055,24.329999923706055,24.329999923706055,200,0.0,0.0
2024-08-28 13:30:00-04:00,24.5,24.5,24.428199768066406,24.428199768066406,940,0.0,0.0
2024-08-28 14:30:00-04:00,24.3700008392334,24.3799991607666,24.3700008392334,24.3799991607666,290,0.0,0.0
2024-08-29 11:30:00-04:00,24.450000762939453,24.489900588989258,24.450000762939453,24.489900588989258,145,0.0,0.0
2024-08-29 12:30:00-04:00,24.450000762939453,24.450000762939453,24.450000762939453,24.450000762939453,1573,0.0,0.0
2024-08-30 13:30:00-04:00,24.59000015258789,24.610000610351562,24.34000015258789,24.34000015258789,1650,0.0,0.0
2024-08-30 14:30:00-04:00,24.34000015258789,24.59000015258789,24.219999313354492,24.5,3409,0.0,0.0
2024-08-30 15:30:00-04:00,24.219999313354492,24.439899444580078,24.219999313354492,24.34000015258789,4191,0.0,0.0
2024-09-03 15:30:00-04:00,24.559999465942383,24.559999465942383,24.559999465942383,24.559999465942383,0,0.0,0.0
2024-09-04 14:30:00-04:00,24.549999237060547,24.549999237060547,24.549999237060547,24.549999237060547,0,0.0,0.0
2024-09-05 12:30:00-04:00,24.530000686645508,24.530000686645508,24.530000686645508,24.530000686645508,100,0.0,0.0
2024-09-05 14:30:00-04:00,24.5,24.559999465942383,24.5,24.559999465942383,2444,0.0,0.0
2024-09-05 15:30:00-04:00,24.5,24.600000381469727,24.5,24.600000381469727,4418,0.0,0.0
2024-09-09 12:30:00-04:00,24.600000381469727,24.600000381469727,24.600000381469727,24.600000381469727,0,0.0,0.0
2024-09-10 13:30:00-04:00,24.649999618530273,24.649999618530273,24.649999618530273,24.649999618530273,100,0.0,0.0
2024-09-11 11:30:00-04:00,24.639999389648438,24.65999984741211,24.520000457763672,24.65999984741211,2027,0.0,0.0
2024-09-11 15:30:00-04:00,24.65999984741211,24.670000076293945,24.65999984741211,24.670000076293945,700,0.0,0.0
2024-09-12 15:30:00-04:00,24.65999984741211,24.65999984741211,24.65999984741211,24.65999984741211,500,0.0,0.0
2024-09-13 09:30:00-04:00,24.360000610351562,24.360000610351562,24.360000610351562,24.360000610351562,309,0.0,0.0
2024-09-16 10:30:00-04:00,24.450000762939453,24.450000762939453,24.450000762939453,24.450000762939453,200,0.0,0.0
2024-09-16 15:30:00-04:00,24.5,24.5,24.5,24.5,403,0.0,0.0
2024-09-17 09:30:00-04:00,24.5,24.5,24.46649932861328,24.5,1630,0.0,0.0
2024-09-17 11:30:00-04:00,24.489999771118164,24.489999771118164,24.489999771118164,24.489999771118164,110,0.0,0.0
2024-09-17 13:30:00-04:00,24.399999618530273,24.5,24.399999618530273,24.399999618530273,0,0.0,0.0
2024-09-18 09:30:00-04:00,24.364999771118164,24.479999542236328,24.364999771118164,24.479900360107422,0,0.0,0.0
2024-09-18 10:30:00-04:00,24.364999771118164,24.479999542236328,24.360000610351562,24.479999542236328,500,0.0,0.0
2024-09-18 11:30:00-04:00,24.420000076293945,24.420000076293945,24.420000076293945,24.420000076293945,100,0.0,0.0
2024-09-19 10:30:00-04:00,24.469999313354492,24.479999542236328,24.469999313354492,24.479999542236328,1358,0.0,0.0
