Datetime,Open,High,Low,Close,Volume,Dividends,Stock Splits,Capital Gains
2022-09-22 09:30:00-04:00,46.4900016784668,46.4900016784668,46.36220169067383,46.369998931884766,2289,0.0,0.0,0.0
2022-09-22 10:30:00-04:00,46.220001220703125,46.22999954223633,46.220001220703125,46.22990036010742,494,0.0,0.0,0.0
2022-09-22 12:30:00-04:00,46.32899856567383,46.33000183105469,46.2599983215332,46.2599983215332,833,0.0,0.0,0.0
2022-09-22 15:30:00-04:00,46.25,46.25,46.25,46.25,0,0.0,0.0,0.0
2022-09-23 09:30:00-04:00,46.08000183105469,46.18899917602539,46.08000183105469,46.18899917602539,250,0.0,0.0,0.0
2022-09-23 10:30:00-04:00,46.191001892089844,46.191001892089844,46.08000183105469,46.08000183105469,2210,0.0,0.0,0.0
2022-09-23 14:30:00-04:00,46.27000045776367,46.321800231933594,46.27000045776367,46.321800231933594,215,0.0,0.0,0.0
2022-09-26 09:30:00-04:00,46.11000061035156,46.11000061035156,45.95000076293945,45.959999084472656,0,0.0,0.0,0.0
2022-09-26 11:30:00-04:00,45.900001525878906,45.900001525878906,45.899898529052734,45.899898529052734,2043,0.0,0.0,0.0
2022-09-26 12:30:00-04:00,45.69499969482422,45.70000076293945,45.61940002441406,45.61940002441406,2625,0.0,0.0,0.0
2022-09-26 14:30:00-04:00,45.560001373291016,45.560001373291016,45.5463981628418,45.5463981628418,581,0.0,0.0,0.0
2022-09-27 09:30:00-04:00,45.50279998779297,45.50279998779297,45.20000076293945,45.208499908447266,0,0.0,0.0,0.0
2022-09-27 10:30:00-04:00,45.31999969482422,45.31999969482422,45.22999954223633,45.22999954223633,1125,0.0,0.0,0.0
2022-09-27 12:30:00-04:00,45.209999084472656,45.24100112915039,45.209999084472656,45.2400016784668,1700,0.0,0.0,0.0
2022-09-27 13:30:00-04:00,45.209999084472656,45.22999954223633,45.189998626708984,45.22999954223633,1000,0.0,0.0,0.0
2022-09-27 14:30:00-04:00,45.25,45.25,45.25,45.25,753,0.0,0.0,0.0
2022-09-27 15:30:00-04:00,45.18870162963867,45.18870162963867,45.17539978027344,45.17539978027344,0,0.0,0.0,0.0
2022-09-28 09:30:00-04:00,45.86000061035156,45.86000061035156,45.790000915527344,45.790000915527344,1364,0.0,0.0,0.0
2022-09-28 11:30:00-04:00,45.98099899291992,46.221099853515625,45.97999954223633,46.221099853515625,1006,0.0,0.0,0.0
2022-09-29 09:30:00-04:00,45.900001525878906,45.9900016784668,45.86000061035156,45.86830139160156,431,0.0,0.0,0.0
2022-09-29 10:30:00-04:00,45.91999816894531,45.91999816894531,45.909000396728516,45.909000396728516,328,0.0,0.0,0.0
2022-09-29 12:30:00-04:00,46.040000915527344,46.040000915527344,46.040000915527344,46.040000915527344,281,0.0,0.0,0.0
2022-09-29 13:30:00-04:00,46.005001068115234,46.03839874267578,46.005001068115234,46.03839874267578,144,0.0,0.0,0.0
2022-09-30 10:30:00-04:00,46.150001525878906,46.150001525878906,46.13999938964844,46.13999938964844,0,0.0,0.0,0.0
2022-09-30 12:30:00-04:00,46.08940124511719,46.150001525878906,46.08940124511719,46.11840057373047,18213,0.0,0.0,0.0
2022-09-30 13:30:00-04:00,46.11000061035156,46.125,46.02000045776367,46.119998931884766,3126,0.0,0.0,0.0
2022-09-30 14:30:00-04:00,46.08000183105469,46.08000183105469,45.77000045776367,45.77000045776367,0,0.0,0.0,0.0
2022-09-30 15:30:00-04:00,45.77000045776367,45.900001525878906,45.7400016784668,45.86320114135742,34654,0.0,0.0,0.0
2022-10-03 09:30:00-04:00,46.41999816894531,46.41999816894531,46.41999816894531,46.41999816894531,0,0.0,0.0,0.0
2022-10-03 10:30:00-04:00,46.5,46.5099983215332,46.4900016784668,46.5099983215332,1526,0.0,0.0,0.0
2022-10-03 11:30:00-04:00,46.59000015258789,46.59000015258789,46.59000015258789,46.59000015258789,189,0.0,0.0,0.0
2022-10-03 15:30:00-04:00,46.33000183105469,46.33000183105469,46.32160186767578,46.32160186767578,0,0.0,0.0,0.0
2022-10-04 09:30:00-04:00,46.36000061035156,46.36000061035156,46.36000061035156,46.36000061035156,339,0.0,0.0,0.0
2022-10-04 12:30:00-04:00,46.470001220703125,46.470001220703125,46.470001220703125,46.470001220703125,171,0.0,0.0,0.0
2022-10-04 14:30:00-04:00,46.38999938964844,46.43000030517578,46.38999938964844,46.43000030517578,1361,0.0,0.0,0.0
2022-10-04 15:30:00-04:00,46.439998626708984,46.439998626708984,46.439998626708984,46.439998626708984,100,0.0,0.0,0.0
2022-10-05 09:30:00-04:00,46.09000015258789,46.09000015258789,45.790000915527344,45.790000915527344,0,0.0,0.0,0.0
2022-10-05 11:30:00-04:00,45.86000061035156,45.86000061035156,45.86000061035156,45.86000061035156,100,0.0,0.0,0.0
2022-10-05 13:30:00-04:00,45.86000061035156,45.869998931884766,45.86000061035156,45.869998931884766,3100,0.0,0.0,0.0
2022-10-05 14:30:00-04:00,45.880001068115234,45.90999984741211,45.86000061035156,45.89670181274414,7100,0.0,0.0,0.0
2022-10-06 09:30:00-04:00,45.86899948120117,45.880001068115234,45.638999938964844,45.63999938964844,0,0.0,0.0,0.0
2022-10-06 10:30:00-04:00,45.63999938964844,45.63999938964844,45.63999938964844,45.63999938964844,504,0.0,0.0,0.0
2022-10-06 12:30:00-04:00,45.75899887084961,45.7599983215332,45.75899887084961,45.75899887084961,650,0.0,0.0,0.0
2022-10-06 13:30:00-04:00,45.68000030517578,45.691001892089844,45.68000030517578,45.691001892089844,201,0.0,0.0,0.0
2022-10-06 14:30:00-04:00,45.650001525878906,45.650001525878906,45.650001525878906,45.650001525878906,276,0.0,0.0,0.0
2022-10-06 15:30:00-04:00,45.66999816894531,45.66999816894531,45.650901794433594,45.650901794433594,0,0.0,0.0,0.0
2022-10-07 09:30:00-04:00,45.40999984741211,45.40999984741211,45.400001525878906,45.400001525878906,5333,0.0,0.0,0.0
2022-10-07 11:30:00-04:00,45.47999954223633,45.56999969482422,45.47999954223633,45.56999969482422,2497,0.0,0.0,0.0
2022-10-07 13:30:00-04:00,45.47999954223633,45.47999954223633,45.40480041503906,45.47999954223633,156,0.0,0.0,0.0
2022-10-10 09:30:00-04:00,45.20000076293945,45.20000076293945,45.20000076293945,45.20000076293945,0,0.0,0.0,0.0
2022-10-10 10:30:00-04:00,44.93000030517578,44.994998931884766,44.81999969482422,44.994998931884766,2597,0.0,0.0,0.0
2022-10-10 11:30:00-04:00,45.02000045776367,45.02000045776367,45.02000045776367,45.02000045776367,309,0.0,0.0,0.0
2022-10-10 15:30:00-04:00,45.12879943847656,45.12879943847656,45.1255989074707,45.1255989074707,424,0.0,0.0,0.0
2022-10-11 09:30:00-04:00,45.2599983215332,45.2599983215332,45.20000076293945,45.20000076293945,0,0.0,0.0,0.0
2022-10-11 15:30:00-04:00,45.2599983215332,45.26499938964844,45.2599983215332,45.26499938964844,250,0.0,0.0,0.0
2022-10-12 09:30:00-04:00,45.23109817504883,45.23109817504883,45.23109817504883,45.23109817504883,0,0.0,0.0,0.0
2022-10-12 10:30:00-04:00,45.22999954223633,45.22999954223633,45.22999954223633,45.22999954223633,206,0.0,0.0,0.0
2022-10-12 12:30:00-04:00,45.36000061035156,45.36000061035156,45.36000061035156,45.36000061035156,126,0.0,0.0,0.0
2022-10-12 14:30:00-04:00,45.400001525878906,45.400001525878906,45.36009979248047,45.36009979248047,100,0.0,0.0,0.0
2022-10-13 09:30:00-04:00,44.88999938964844,45.09000015258789,44.81919860839844,45.09000015258789,4430,0.0,0.0,0.0
2022-10-13 11:30:00-04:00,45.20000076293945,45.20000076293945,45.20000076293945,45.20000076293945,144,0.0,0.0,0.0
2022-10-13 13:30:00-04:00,45.31999969482422,45.31999969482422,45.31999969482422,45.31999969482422,150,0.0,0.0,0.0
2022-10-13 14:30:00-04:00,45.16999816894531,45.184200286865234,45.16999816894531,45.184200286865234,178,0.0,0.0,0.0
2022-10-14 09:30:00-04:00,45.09000015258789,45.09000015258789,45.09000015258789,45.09000015258789,0,0.0,0.0,0.0
2022-10-14 12:30:00-04:00,44.93579864501953,44.96039962768555,44.93579864501953,44.96039962768555,355,0.0,0.0,0.0
2022-10-17 10:30:00-04:00,45.130001068115234,45.130001068115234,45.130001068115234,45.130001068115234,344,0.0,0.0,0.0
2022-10-17 12:30:00-04:00,45.06420135498047,45.079498291015625,45.02000045776367,45.029998779296875,7280,0.0,0.0,0.0
2022-10-17 13:30:00-04:00,45.03499984741211,45.03990173339844,44.98749923706055,45.0,5239,0.0,0.0,0.0
2022-10-17 14:30:00-04:00,44.970001220703125,45.0099983215332,44.96860122680664,44.96879959106445,3755,0.0,0.0,0.0
2022-10-17 15:30:00-04:00,44.939998626708984,44.939998626708984,44.91999816894531,44.91999816894531,215,0.0,0.0,0.0
2022-10-18 09:30:00-04:00,45.040000915527344,45.119998931884766,45.029998779296875,45.119998931884766,0,0.0,0.0,0.0
2022-10-18 10:30:00-04:00,45.0,45.0,44.90999984741211,44.90999984741211,3059,0.0,0.0,0.0
2022-10-18 11:30:00-04:00,44.790000915527344,44.810001373291016,44.790000915527344,44.810001373291016,278,0.0,0.0,0.0
2022-10-18 12:30:00-04:00,44.95899963378906,44.959999084472656,44.95899963378906,44.959999084472656,227,0.0,0.0,0.0
2022-10-18 13:30:00-04:00,44.95899963378906,44.959999084472656,44.95899963378906,44.959999084472656,602,0.0,0.0,0.0
2022-10-18 15:30:00-04:00,45.04999923706055,45.04999923706055,45.022300720214844,45.02280044555664,0,0.0,0.0,0.0
2022-10-19 09:30:00-04:00,44.689998626708984,44.7400016784668,44.65999984741211,44.7400016784668,6843,0.0,0.0,0.0
2022-10-19 10:30:00-04:00,44.73099899291992,44.7599983215332,44.65999984741211,44.67839813232422,1189,0.0,0.0,0.0
2022-10-19 11:30:00-04:00,44.650001525878906,44.650001525878906,44.59000015258789,44.59000015258789,3490,0.0,0.0,0.0
2022-10-19 12:30:00-04:00,44.5890007019043,44.619998931884766,44.52000045776367,44.52000045776367,7503,0.0,0.0,0.0
2022-10-19 13:30:00-04:00,44.6083984375,44.6083984375,44.6083984375,44.6083984375,155,0.0,0.0,0.0
2022-10-19 14:30:00-04:00,44.57899856567383,44.57899856567383,44.53900146484375,44.54079818725586,2448,0.0,0.0,0.0
2022-10-20 09:30:00-04:00,44.439998626708984,44.54869842529297,44.39500045776367,44.529998779296875,0,0.0,0.0,0.0
2022-10-20 10:30:00-04:00,44.470001220703125,44.5,44.45000076293945,44.45000076293945,4925,0.0,0.0,0.0
2022-10-20 11:30:00-04:00,44.45000076293945,44.45000076293945,44.36000061035156,44.36000061035156,3305,0.0,0.0,0.0
2022-10-20 12:30:00-04:00,44.36000061035156,44.36009979248047,44.27000045776367,44.27000045776367,6203,0.0,0.0,0.0
2022-10-20 13:30:00-04:00,44.259700775146484,44.259700775146484,44.259700775146484,44.259700775146484,129,0.0,0.0,0.0
2022-10-20 14:30:00-04:00,44.209999084472656,44.21179962158203,44.16999816894531,44.18899917602539,5759,0.0,0.0,0.0
2022-10-20 15:30:00-04:00,44.18000030517578,44.18000030517578,44.154998779296875,44.15660095214844,1863,0.0,0.0,0.0
2022-10-21 09:30:00-04:00,43.97999954223633,44.25859832763672,43.90999984741211,44.25859832763672,0,0.0,0.0,0.0
2022-10-21 10:30:00-04:00,44.084999084472656,44.09000015258789,44.0,44.0,5479,0.0,0.0,0.0
2022-10-21 11:30:00-04:00,44.060001373291016,44.23899841308594,44.060001373291016,44.220001220703125,13384,0.0,0.0,0.0
2022-10-21 12:30:00-04:00,44.13999938964844,44.25899887084961,44.13999938964844,44.25899887084961,3488,0.0,0.0,0.0
2022-10-21 13:30:00-04:00,44.209999084472656,44.209999084472656,44.194698333740234,44.194698333740234,901,0.0,0.0,0.0
2022-10-21 14:30:00-04:00,44.209999084472656,44.2599983215332,44.209999084472656,44.2400016784668,1893,0.0,0.0,0.0
2022-10-21 15:30:00-04:00,44.2400016784668,44.25,44.212398529052734,44.212398529052734,5203,0.0,0.0,0.0
2022-10-24 09:30:00-04:00,44.17499923706055,44.229000091552734,44.14899826049805,44.14899826049805,0,0.0,0.0,0.0
2022-10-24 10:30:00-04:00,44.119998931884766,44.119998931884766,44.099998474121094,44.099998474121094,2501,0.0,0.0,0.0
2022-10-24 12:30:00-04:00,44.22999954223633,44.22999954223633,44.22999954223633,44.22999954223633,150,0.0,0.0,0.0
2022-10-24 13:30:00-04:00,44.209999084472656,44.209999084472656,44.20000076293945,44.20000076293945,332,0.0,0.0,0.0
2022-10-24 14:30:00-04:00,44.18259811401367,44.18259811401367,44.18259811401367,44.18259811401367,251,0.0,0.0,0.0
2022-10-24 15:30:00-04:00,44.154998779296875,44.154998779296875,44.130001068115234,44.150001525878906,616,0.0,0.0,0.0
2022-10-25 09:30:00-04:00,44.650001525878906,44.7599983215332,44.650001525878906,44.7599983215332,0,0.0,0.0,0.0
2022-10-25 10:30:00-04:00,44.712100982666016,44.712100982666016,44.709999084472656,44.709999084472656,1210,0.0,0.0,0.0
2022-10-25 11:30:00-04:00,44.808998107910156,44.83000183105469,44.7859992980957,44.7859992980957,1028,0.0,0.0,0.0
2022-10-25 12:30:00-04:00,44.68960189819336,44.68960189819336,44.65999984741211,44.65999984741211,392,0.0,0.0,0.0
2022-10-25 14:30:00-04:00,44.70500183105469,44.70500183105469,44.63010025024414,44.68000030517578,4151,0.0,0.0,0.0
2022-10-25 15:30:00-04:00,44.730098724365234,44.749900817871094,44.720298767089844,44.720298767089844,0,0.0,0.0,0.0
2022-10-26 09:30:00-04:00,44.97999954223633,44.97999954223633,44.95930099487305,44.95930099487305,1704,0.0,0.0,0.0
2022-10-26 10:30:00-04:00,44.999000549316406,45.04999923706055,44.992698669433594,45.04999923706055,5874,0.0,0.0,0.0
2022-10-26 11:30:00-04:00,45.0,45.0,45.0,45.0,415,0.0,0.0,0.0
2022-10-26 12:30:00-04:00,45.029998779296875,45.029998779296875,44.98569869995117,44.98899841308594,516,0.0,0.0,0.0
2022-10-26 13:30:00-04:00,44.96900177001953,44.96900177001953,44.96900177001953,44.96900177001953,524,0.0,0.0,0.0
2022-10-26 15:30:00-04:00,45.0,45.0,44.992698669433594,44.992698669433594,0,0.0,0.0,0.0
2022-10-27 09:30:00-04:00,45.09000015258789,45.290000915527344,44.97999954223633,45.290000915527344,25844,0.0,0.0,0.0
2022-10-27 10:30:00-04:00,45.339900970458984,45.339900970458984,45.32899856567383,45.32899856567383,614,0.0,0.0,0.0
2022-10-27 11:30:00-04:00,45.369998931884766,45.369998931884766,45.338199615478516,45.349998474121094,459,0.0,0.0,0.0
2022-10-27 12:30:00-04:00,45.2599983215332,45.27000045776367,45.21419906616211,45.25,2968,0.0,0.0,0.0
2022-10-27 14:30:00-04:00,45.20000076293945,45.290000915527344,45.20000076293945,45.2495002746582,2354,0.0,0.0,0.0
2022-10-27 15:30:00-04:00,45.25,45.30400085449219,45.25,45.30400085449219,706,0.0,0.0,0.0
2022-10-28 09:30:00-04:00,45.060001373291016,45.220001220703125,45.060001373291016,45.18000030517578,0,0.0,0.0,0.0
2022-10-28 10:30:00-04:00,45.13999938964844,45.159000396728516,45.138999938964844,45.144798278808594,898,0.0,0.0,0.0
2022-10-28 11:30:00-04:00,45.10900115966797,45.11000061035156,45.04999923706055,45.09000015258789,1986,0.0,0.0,0.0
2022-10-28 12:30:00-04:00,45.060001373291016,45.08000183105469,45.060001373291016,45.064998626708984,1663,0.0,0.0,0.0
2022-10-28 13:30:00-04:00,45.029998779296875,45.029998779296875,45.029998779296875,45.029998779296875,223,0.0,0.0,0.0
2022-10-28 14:30:00-04:00,44.98899841308594,44.9900016784668,44.98899841308594,44.989898681640625,1782,0.0,0.0,0.0
2022-10-28 15:30:00-04:00,45.058998107910156,45.09000015258789,45.05400085449219,45.08140182495117,1660,0.0,0.0,0.0
2022-10-31 09:30:00-04:00,44.91999816894531,44.91999816894531,44.849998474121094,44.90999984741211,1003,0.0,0.0,0.0
2022-10-31 10:30:00-04:00,44.91999816894531,44.93000030517578,44.900001525878906,44.91999816894531,1051,0.0,0.0,0.0
2022-10-31 11:30:00-04:00,44.93000030517578,44.959999084472656,44.91999816894531,44.939998626708984,1325,0.0,0.0,0.0
2022-10-31 12:30:00-04:00,44.939998626708984,44.95000076293945,44.91999816894531,44.93000030517578,2102,0.0,0.0,0.0
2022-10-31 13:30:00-04:00,44.91999816894531,44.939998626708984,44.900001525878906,44.900001525878906,925,0.0,0.0,0.0
2022-10-31 14:30:00-04:00,44.869998931884766,44.869998931884766,44.68000030517578,44.709999084472656,9960,0.0,0.0,0.0
2022-10-31 15:30:00-04:00,44.720001220703125,44.869998931884766,44.720001220703125,44.869998931884766,0,0.0,0.0,0.0
2022-11-01 09:30:00-04:00,44.869998931884766,44.869998931884766,44.709999084472656,44.709999084472656,351,0.0,0.0,0.0
2022-11-01 10:30:00-04:00,44.84000015258789,44.84000015258789,44.84000015258789,44.84000015258789,170,0.0,0.0,0.0
2022-11-01 12:30:00-04:00,44.729000091552734,44.72999954223633,44.729000091552734,44.72999954223633,285,0.0,0.0,0.0
2022-11-01 15:30:00-04:00,44.68989944458008,44.72380065917969,44.68989944458008,44.72380065917969,559,0.0,0.0,0.0
2022-11-02 09:30:00-04:00,44.810001373291016,44.810001373291016,44.810001373291016,44.810001373291016,0,0.0,0.0,0.0
2022-11-02 10:30:00-04:00,44.79899978637695,44.79899978637695,44.79899978637695,44.79899978637695,145,0.0,0.0,0.0
2022-11-02 13:30:00-04:00,44.91999816894531,44.959999084472656,44.909000396728516,44.90999984741211,1032,0.0,0.0,0.0
2022-11-02 14:30:00-04:00,44.959999084472656,44.959999084472656,44.540000915527344,44.540000915527344,2539,0.0,0.0,0.0
2022-11-02 15:30:00-04:00,44.597801208496094,44.65999984741211,44.597801208496094,44.634498596191406,0,0.0,0.0,0.0
2022-11-03 09:30:00-04:00,44.2400016784668,44.39500045776367,44.22999954223633,44.39500045776367,2880,0.0,0.0,0.0
2022-11-03 10:30:00-04:00,44.40999984741211,44.439998626708984,44.40999984741211,44.439998626708984,802,0.0,0.0,0.0
2022-11-03 11:30:00-04:00,44.369998931884766,44.39899826049805,44.36899948120117,44.39899826049805,1262,0.0,0.0,0.0
2022-11-03 12:30:00-04:00,44.358299255371094,44.41899871826172,44.349998474121094,44.41899871826172,2246,0.0,0.0,0.0
2022-11-03 13:30:00-04:00,44.470001220703125,44.470001220703125,44.470001220703125,44.470001220703125,115,0.0,0.0,0.0
2022-11-03 15:30:00-04:00,44.45989990234375,44.45989990234375,44.44089889526367,44.44089889526367,325,0.0,0.0,0.0
2022-11-04 09:30:00-04:00,44.41999816894531,44.5099983215332,44.41999816894531,44.5099983215332,0,0.0,0.0,0.0
2022-11-04 10:30:00-04:00,44.54100036621094,44.55379867553711,44.37099838256836,44.37099838256836,373,0.0,0.0,0.0
2022-11-04 11:30:00-04:00,44.380001068115234,44.380001068115234,44.310001373291016,44.359901428222656,2443,0.0,0.0,0.0
2022-11-04 12:30:00-04:00,44.310001373291016,44.33879852294922,44.310001373291016,44.33879852294922,525,0.0,0.0,0.0
2022-11-04 13:30:00-04:00,44.330101013183594,44.330101013183594,44.330101013183594,44.330101013183594,103,0.0,0.0,0.0
2022-11-04 14:30:00-04:00,44.3489990234375,44.369998931884766,44.3489990234375,44.352699279785156,2049,0.0,0.0,0.0
2022-11-04 15:30:00-04:00,44.349998474121094,44.349998474121094,44.31909942626953,44.31909942626953,359,0.0,0.0,0.0
2022-11-07 09:30:00-05:00,44.400001525878906,44.400001525878906,44.209999084472656,44.209999084472656,0,0.0,0.0,0.0
2022-11-07 10:30:00-05:00,44.20000076293945,44.25,44.189998626708984,44.25,2495,0.0,0.0,0.0
2022-11-07 11:30:00-05:00,44.16999816894531,44.18000030517578,44.15999984741211,44.18000030517578,635,0.0,0.0,0.0
2022-11-07 12:30:00-05:00,44.209999084472656,44.22999954223633,44.20000076293945,44.22999954223633,969,0.0,0.0,0.0
2022-11-07 13:30:00-05:00,44.21189880371094,44.220001220703125,44.209999084472656,44.209999084472656,546,0.0,0.0,0.0
2022-11-07 14:30:00-05:00,44.16999816894531,44.16999816894531,44.13999938964844,44.150001525878906,802,0.0,0.0,0.0
2022-11-07 15:30:00-05:00,44.16999816894531,44.18000030517578,44.13710021972656,44.13710021972656,607,0.0,0.0,0.0
2022-11-08 09:30:00-05:00,44.27000045776367,44.40999984741211,44.27000045776367,44.40999984741211,0,0.0,0.0,0.0
2022-11-08 11:30:00-05:00,44.439998626708984,44.439998626708984,44.439998626708984,44.439998626708984,172,0.0,0.0,0.0
2022-11-08 13:30:00-05:00,44.45000076293945,44.45899963378906,44.45000076293945,44.45899963378906,852,0.0,0.0,0.0
2022-11-08 14:30:00-05:00,44.4900016784668,44.5099983215332,44.4900016784668,44.4900016784668,1256,0.0,0.0,0.0
2022-11-08 15:30:00-05:00,44.44499969482422,44.44499969482422,44.41999816894531,44.4281005859375,0,0.0,0.0,0.0
2022-11-09 09:30:00-05:00,44.380001068115234,44.470001220703125,44.37900161743164,44.470001220703125,2729,0.0,0.0,0.0
2022-11-09 10:30:00-05:00,44.52000045776367,44.52000045776367,44.5099983215332,44.52000045776367,502,0.0,0.0,0.0
2022-11-09 11:30:00-05:00,44.566200256347656,44.566200256347656,44.566200256347656,44.566200256347656,122,0.0,0.0,0.0
2022-11-09 12:30:00-05:00,44.53900146484375,44.560001373291016,44.38100051879883,44.392799377441406,1714,0.0,0.0,0.0
2022-11-09 13:30:00-05:00,44.409000396728516,44.40999984741211,44.38999938964844,44.38999938964844,611,0.0,0.0,0.0
2022-11-09 14:30:00-05:00,44.349998474121094,44.42900085449219,44.349998474121094,44.426300048828125,935,0.0,0.0,0.0
2022-11-09 15:30:00-05:00,44.5,44.58000183105469,44.5,44.573299407958984,0,0.0,0.0,0.0
2022-11-10 09:30:00-05:00,45.27939987182617,45.595001220703125,45.27939987182617,45.595001220703125,13577,0.0,0.0,0.0
2022-11-10 10:30:00-05:00,45.59000015258789,45.599998474121094,45.5,45.525001525878906,6077,0.0,0.0,0.0
2022-11-10 11:30:00-05:00,45.5,45.525001525878906,45.47999954223633,45.5099983215332,2130,0.0,0.0,0.0
2022-11-10 12:30:00-05:00,45.50090026855469,45.50090026855469,45.45240020751953,45.45240020751953,856,0.0,0.0,0.0
2022-11-10 13:30:00-05:00,45.529998779296875,45.53499984741211,45.52000045776367,45.525001525878906,3345,0.0,0.0,0.0
2022-11-10 14:30:00-05:00,45.525001525878906,45.59000015258789,45.525001525878906,45.59000015258789,1259,0.0,0.0,0.0
2022-11-10 15:30:00-05:00,45.564998626708984,45.63999938964844,45.564998626708984,45.60649871826172,2519,0.0,0.0,0.0
2022-11-11 09:30:00-05:00,45.540000915527344,45.540000915527344,45.540000915527344,45.540000915527344,0,0.0,0.0,0.0
2022-11-11 10:30:00-05:00,45.41899871826172,45.41899871826172,45.41899871826172,45.41899871826172,510,0.0,0.0,0.0
2022-11-11 11:30:00-05:00,45.439998626708984,45.439998626708984,45.439998626708984,45.439998626708984,255,0.0,0.0,0.0
2022-11-11 12:30:00-05:00,45.56930160522461,45.56930160522461,45.56930160522461,45.56930160522461,402,0.0,0.0,0.0
2022-11-11 14:30:00-05:00,45.53049850463867,45.53049850463867,45.5099983215332,45.52000045776367,244,0.0,0.0,0.0
2022-11-14 09:30:00-05:00,45.47999954223633,45.47999954223633,45.41999816894531,45.41999816894531,1191,0.0,0.0,0.0
2022-11-14 10:30:00-05:00,45.369998931884766,45.369998931884766,45.34000015258789,45.36000061035156,3685,0.0,0.0,0.0
2022-11-14 12:30:00-05:00,45.40999984741211,45.41999816894531,45.40999984741211,45.4109992980957,890,0.0,0.0,0.0
2022-11-14 13:30:00-05:00,45.41080093383789,45.41080093383789,45.41080093383789,45.41080093383789,10124,0.0,0.0,0.0
2022-11-14 14:30:00-05:00,45.439998626708984,45.439998626708984,45.400001525878906,45.400001525878906,2940,0.0,0.0,0.0
2022-11-14 15:30:00-05:00,45.400001525878906,45.41999816894531,45.380001068115234,45.41999816894531,5910,0.0,0.0,0.0
2022-11-15 09:30:00-05:00,45.59000015258789,45.68000030517578,45.59000015258789,45.68000030517578,0,0.0,0.0,0.0
2022-11-15 10:30:00-05:00,45.720001220703125,45.720001220703125,45.720001220703125,45.720001220703125,153,0.0,0.0,0.0
2022-11-15 11:30:00-05:00,45.685001373291016,45.68899917602539,45.630001068115234,45.630001068115234,1591,0.0,0.0,0.0
2022-11-15 12:30:00-05:00,45.630001068115234,45.630001068115234,45.630001068115234,45.630001068115234,279,0.0,0.0,0.0
2022-11-15 13:30:00-05:00,45.70000076293945,45.70000076293945,45.659000396728516,45.659000396728516,1693,0.0,0.0,0.0
2022-11-15 14:30:00-05:00,45.669898986816406,45.75,45.669898986816406,45.669898986816406,341,0.0,0.0,0.0
2022-11-16 09:30:00-05:00,45.9900016784668,45.9900016784668,45.95000076293945,45.970001220703125,0,0.0,0.0,0.0
2022-11-16 10:30:00-05:00,45.91999816894531,45.91999816894531,45.91999816894531,45.91999816894531,771,0.0,0.0,0.0
2022-11-16 13:30:00-05:00,46.020999908447266,46.020999908447266,46.02000045776367,46.02009963989258,2132,0.0,0.0,0.0
2022-11-16 14:30:00-05:00,46.06100082397461,46.10499954223633,46.06100082397461,46.099998474121094,712,0.0,0.0,0.0
2022-11-16 15:30:00-05:00,46.13999938964844,46.15999984741211,46.119998931884766,46.119998931884766,2478,0.0,0.0,0.0
2022-11-17 09:30:00-05:00,45.849998474121094,45.849998474121094,45.7400016784668,45.77000045776367,0,0.0,0.0,0.0
2022-11-17 10:30:00-05:00,45.76900100708008,45.77000045776367,45.76900100708008,45.77000045776367,1408,0.0,0.0,0.0
2022-11-17 12:30:00-05:00,45.81999969482422,45.81999969482422,45.81999969482422,45.81999969482422,201,0.0,0.0,0.0
2022-11-17 13:30:00-05:00,45.819000244140625,45.81999969482422,45.819000244140625,45.81990051269531,4325,0.0,0.0,0.0
2022-11-17 14:30:00-05:00,45.75,45.75,45.75,45.75,269,0.0,0.0,0.0
2022-11-17 15:30:00-05:00,45.790000915527344,45.80099868774414,45.790000915527344,45.80099868774414,1046,0.0,0.0,0.0
2022-11-18 09:30:00-05:00,45.790000915527344,45.84000015258789,45.74100112915039,45.77299880981445,0,0.0,0.0,0.0
2022-11-18 11:30:00-05:00,45.62900161743164,45.638999938964844,45.61899948120117,45.62900161743164,1701,0.0,0.0,0.0
2022-11-18 13:30:00-05:00,45.63999938964844,45.63999938964844,45.63999938964844,45.63999938964844,151,0.0,0.0,0.0
2022-11-18 14:30:00-05:00,45.63970184326172,45.63970184326172,45.6349983215332,45.6349983215332,401,0.0,0.0,0.0
2022-11-18 15:30:00-05:00,45.619998931884766,45.650001525878906,45.619998931884766,45.619998931884766,2570,0.0,0.0,0.0
2022-11-21 09:30:00-05:00,45.83720016479492,45.86000061035156,45.70000076293945,45.720001220703125,4611,0.0,0.0,0.0
2022-11-21 10:30:00-05:00,45.7400016784668,45.7400016784668,45.7400016784668,45.7400016784668,168,0.0,0.0,0.0
2022-11-21 11:30:00-05:00,45.6875,45.68899917602539,45.64899826049805,45.649600982666016,4250,0.0,0.0,0.0
2022-11-21 12:30:00-05:00,45.68000030517578,45.68000030517578,45.638999938964844,45.650001525878906,12195,0.0,0.0,0.0
2022-11-21 14:30:00-05:00,45.619998931884766,45.619998931884766,45.58489990234375,45.58489990234375,1471,0.0,0.0,0.0
2022-11-22 09:30:00-05:00,45.81999969482422,45.83000183105469,45.80400085449219,45.83000183105469,0,0.0,0.0,0.0
2022-11-22 10:30:00-05:00,45.810001373291016,45.810001373291016,45.779998779296875,45.779998779296875,945,0.0,0.0,0.0
2022-11-22 11:30:00-05:00,45.83000183105469,45.849998474121094,45.827999114990234,45.849998474121094,1415,0.0,0.0,0.0
2022-11-22 12:30:00-05:00,45.888999938964844,45.88999938964844,45.849998474121094,45.849998474121094,660,0.0,0.0,0.0
2022-11-22 13:30:00-05:00,45.85100173950195,45.888999938964844,45.849998474121094,45.888999938964844,2283,0.0,0.0,0.0
2022-11-22 14:30:00-05:00,45.8827018737793,45.8827018737793,45.86000061035156,45.869998931884766,1663,0.0,0.0,0.0
2022-11-22 15:30:00-05:00,45.869998931884766,45.875,45.869998931884766,45.875,116,0.0,0.0,0.0
2022-11-23 09:30:00-05:00,45.939998626708984,46.0099983215332,45.869998931884766,46.0,0,0.0,0.0,0.0
2022-11-23 10:30:00-05:00,46.01639938354492,46.01639938354492,46.01639938354492,46.01639938354492,447,0.0,0.0,0.0
2022-11-23 11:30:00-05:00,46.0099983215332,46.0099983215332,45.96500015258789,45.96500015258789,230,0.0,0.0,0.0
2022-11-23 12:30:00-05:00,45.97999954223633,45.97999954223633,45.959999084472656,45.959999084472656,234,0.0,0.0,0.0
2022-11-23 13:30:00-05:00,46.005001068115234,46.005001068115234,46.005001068115234,46.005001068115234,464,0.0,0.0,0.0
2022-11-23 14:30:00-05:00,46.04999923706055,46.04999923706055,46.04999923706055,46.04999923706055,412,0.0,0.0,0.0
2022-11-23 15:30:00-05:00,46.080101013183594,46.10200119018555,46.080101013183594,46.10200119018555,841,0.0,0.0,0.0
2022-11-25 09:30:00-05:00,46.01900100708008,46.01900100708008,46.0,46.0,0,0.0,0.0,0.0
2022-11-25 10:30:00-05:00,46.0099983215332,46.040000915527344,46.0099983215332,46.040000915527344,523,0.0,0.0,0.0
2022-11-25 11:30:00-05:00,46.04899978637695,46.04999923706055,46.040000915527344,46.04999923706055,728,0.0,0.0,0.0
2022-11-25 12:30:00-05:00,46.060001373291016,46.10179901123047,46.060001373291016,46.060001373291016,608,0.0,0.0,0.0
2022-11-28 09:30:00-05:00,46.189998626708984,46.21500015258789,46.189998626708984,46.209999084472656,867,0.0,0.0,0.0
2022-11-28 10:30:00-05:00,46.220001220703125,46.220001220703125,46.220001220703125,46.220001220703125,470,0.0,0.0,0.0
2022-11-28 11:30:00-05:00,46.15999984741211,46.15999984741211,46.11000061035156,46.11000061035156,2864,0.0,0.0,0.0
2022-11-28 12:30:00-05:00,46.10499954223633,46.10499954223633,46.08000183105469,46.08000183105469,2170,0.0,0.0,0.0
2022-11-28 13:30:00-05:00,46.130001068115234,46.130001068115234,46.130001068115234,46.130001068115234,1343,0.0,0.0,0.0
2022-11-28 14:30:00-05:00,46.119998931884766,46.119998931884766,46.11000061035156,46.11000061035156,916,0.0,0.0,0.0
2022-11-28 15:30:00-05:00,46.16999816894531,46.18000030517578,46.15999984741211,46.15999984741211,2904,0.0,0.0,0.0
2022-11-29 09:30:00-05:00,45.959999084472656,46.029998779296875,45.95000076293945,46.02000045776367,0,0.0,0.0,0.0
2022-11-29 11:30:00-05:00,46.03099822998047,46.03099822998047,46.029998779296875,46.029998779296875,1016,0.0,0.0,0.0
2022-11-29 13:30:00-05:00,45.970001220703125,45.97999954223633,45.96269989013672,45.97999954223633,1018,0.0,0.0,0.0
2022-11-29 14:30:00-05:00,45.91999816894531,45.91999816894531,45.91999816894531,45.91999816894531,217,0.0,0.0,0.0
2022-11-29 15:30:00-05:00,45.939998626708984,45.939998626708984,45.91559982299805,45.91559982299805,599,0.0,0.0,0.0
2022-11-30 09:30:00-05:00,45.86000061035156,45.880001068115234,45.790000915527344,45.790000915527344,0,0.0,0.0,0.0
2022-11-30 11:30:00-05:00,45.86000061035156,45.86000061035156,45.86000061035156,45.86000061035156,109,0.0,0.0,0.0
2022-11-30 12:30:00-05:00,45.87900161743164,45.87900161743164,45.87900161743164,45.87900161743164,325,0.0,0.0,0.0
2022-11-30 13:30:00-05:00,46.029998779296875,46.040000915527344,46.0099983215332,46.0099983215332,6313,0.0,0.0,0.0
2022-11-30 14:30:00-05:00,46.11000061035156,46.168800354003906,46.099998474121094,46.168800354003906,1322,0.0,0.0,0.0
2022-11-30 15:30:00-05:00,46.1692008972168,46.2599983215332,46.1609992980957,46.24620056152344,887,0.0,0.0,0.0
2022-12-01 09:30:00-05:00,46.27000045776367,46.31999969482422,46.27000045776367,46.29999923706055,0,0.0,0.0,0.0
2022-12-01 10:30:00-05:00,46.41230010986328,46.41230010986328,46.41230010986328,46.41230010986328,121,0.0,0.0,0.0
2022-12-01 11:30:00-05:00,46.459999084472656,46.47999954223633,46.459999084472656,46.47930145263672,456,0.0,0.0,0.0
2022-12-01 12:30:00-05:00,46.53900146484375,46.53900146484375,46.53900146484375,46.53900146484375,200,0.0,0.0,0.0
2022-12-01 13:30:00-05:00,46.54899978637695,46.54899978637695,46.54899978637695,46.54899978637695,464,0.0,0.0,0.0
2022-12-01 15:30:00-05:00,46.65999984741211,46.720001220703125,46.65999984741211,46.71009826660156,1629,0.0,0.0,0.0
2022-12-02 09:30:00-05:00,46.45000076293945,46.45000076293945,46.32899856567383,46.380001068115234,0,0.0,0.0,0.0
2022-12-02 10:30:00-05:00,46.36009979248047,46.36009979248047,46.36009979248047,46.36009979248047,189,0.0,0.0,0.0
2022-12-02 11:30:00-05:00,46.42900085449219,46.42900085449219,46.42900085449219,46.42900085449219,201,0.0,0.0,0.0
2022-12-02 13:30:00-05:00,46.56999969482422,46.56999969482422,46.56999969482422,46.56999969482422,1085,0.0,0.0,0.0
2022-12-02 14:30:00-05:00,46.70000076293945,46.720001220703125,46.70000076293945,46.70009994506836,708,0.0,0.0,0.0
2022-12-02 15:30:00-05:00,46.70000076293945,46.73500061035156,46.70000076293945,46.733001708984375,10448,0.0,0.0,0.0
2022-12-05 09:30:00-05:00,46.558998107910156,46.558998107910156,46.400001525878906,46.4557991027832,0,0.0,0.0,0.0
2022-12-05 10:30:00-05:00,46.45000076293945,46.45000076293945,46.45000076293945,46.45000076293945,226,0.0,0.0,0.0
2022-12-05 11:30:00-05:00,46.439998626708984,46.439998626708984,46.439998626708984,46.439998626708984,110,0.0,0.0,0.0
2022-12-05 12:30:00-05:00,46.42900085449219,46.42900085449219,46.42900085449219,46.42900085449219,201,0.0,0.0,0.0
2022-12-05 14:30:00-05:00,46.3489990234375,46.349998474121094,46.34000015258789,46.34000015258789,2464,0.0,0.0,0.0
2022-12-06 09:30:00-05:00,46.48899841308594,46.520999908447266,46.45439910888672,46.459999084472656,0,0.0,0.0,0.0
2022-12-06 10:30:00-05:00,46.53900146484375,46.54999923706055,46.535499572753906,46.535499572753906,2445,0.0,0.0,0.0
2022-12-06 11:30:00-05:00,46.58000183105469,46.58000183105469,46.53900146484375,46.540000915527344,612,0.0,0.0,0.0
2022-12-06 13:30:00-05:00,46.54520034790039,46.599998474121094,46.54169845581055,46.599998474121094,2673,0.0,0.0,0.0
2022-12-06 14:30:00-05:00,46.665000915527344,46.720001220703125,46.665000915527344,46.709999084472656,1763,0.0,0.0,0.0
2022-12-06 15:30:00-05:00,46.6693000793457,46.6693000793457,46.6327018737793,46.65190124511719,0,0.0,0.0,0.0
2022-12-07 09:30:00-05:00,46.84000015258789,46.91999816894531,46.84000015258789,46.88999938964844,6237,0.0,0.0,0.0
2022-12-07 11:30:00-05:00,46.94900131225586,46.95000076293945,46.94900131225586,46.95000076293945,2547,0.0,0.0,0.0
2022-12-07 12:30:00-05:00,46.959999084472656,46.970001220703125,46.959999084472656,46.970001220703125,281,0.0,0.0,0.0
2022-12-07 14:30:00-05:00,47.119998931884766,47.119998931884766,47.09600067138672,47.09600067138672,1908,0.0,0.0,0.0
2022-12-07 15:30:00-05:00,47.06560134887695,47.08000183105469,47.06560134887695,47.08000183105469,0,0.0,0.0,0.0
2022-12-08 09:30:00-05:00,46.86000061035156,46.880001068115234,46.86000061035156,46.880001068115234,1105,0.0,0.0,0.0
2022-12-08 10:30:00-05:00,46.941001892089844,46.941001892089844,46.939998626708984,46.939998626708984,201,0.0,0.0,0.0
2022-12-08 11:30:00-05:00,46.91999816894531,46.91999816894531,46.90999984741211,46.90999984741211,388,0.0,0.0,0.0
2022-12-08 13:30:00-05:00,46.79999923706055,46.82780075073242,46.79999923706055,46.82780075073242,3590,0.0,0.0,0.0
2022-12-09 09:30:00-05:00,46.62099838256836,46.65409851074219,46.560001373291016,46.56999969482422,0,0.0,0.0,0.0
2022-12-09 11:30:00-05:00,46.5890007019043,46.5890007019043,46.5890007019043,46.5890007019043,357,0.0,0.0,0.0
2022-12-09 14:30:00-05:00,46.52000045776367,46.52000045776367,46.52000045776367,46.52000045776367,1071,0.0,0.0,0.0
2022-12-09 15:30:00-05:00,46.488800048828125,46.48939895629883,46.45000076293945,46.48939895629883,1546,0.0,0.0,0.0
2022-12-12 09:30:00-05:00,46.48939895629883,46.65999984741211,46.48939895629883,46.529998779296875,0,0.0,0.0,0.0
2022-12-12 10:30:00-05:00,46.540000915527344,46.540000915527344,46.47999954223633,46.47999954223633,320,0.0,0.0,0.0
2022-12-12 13:30:00-05:00,46.34000015258789,46.34000015258789,46.34000015258789,46.34000015258789,147,0.0,0.0,0.0
2022-12-12 14:30:00-05:00,46.349998474121094,46.349998474121094,46.349998474121094,46.349998474121094,136,0.0,0.0,0.0
2022-12-13 09:30:00-05:00,47.0,47.04999923706055,46.91999816894531,46.91999816894531,4397,0.0,0.0,0.0
2022-12-13 11:30:00-05:00,46.810001373291016,46.810001373291016,46.810001373291016,46.810001373291016,108,0.0,0.0,0.0
2022-12-13 12:30:00-05:00,46.790000915527344,46.790000915527344,46.790000915527344,46.790000915527344,155,0.0,0.0,0.0
2022-12-13 13:30:00-05:00,46.75899887084961,46.75899887084961,46.75630187988281,46.75630187988281,200,0.0,0.0,0.0
2022-12-13 14:30:00-05:00,46.770999908447266,46.770999908447266,46.74769973754883,46.76499938964844,8147,0.0,0.0,0.0
2022-12-13 15:30:00-05:00,46.72999954223633,46.72999954223633,46.72999954223633,46.72999954223633,114,0.0,0.0,0.0
2022-12-14 09:30:00-05:00,46.84519958496094,46.84519958496094,46.84519958496094,46.84519958496094,0,0.0,0.0,0.0
2022-12-14 10:30:00-05:00,46.83300018310547,46.83300018310547,46.83300018310547,46.83300018310547,500,0.0,0.0,0.0
2022-12-14 11:30:00-05:00,46.81999969482422,46.81999969482422,46.77000045776367,46.779998779296875,7900,0.0,0.0,0.0
2022-12-14 12:30:00-05:00,46.72999954223633,46.72999954223633,46.72999954223633,46.72999954223633,450,0.0,0.0,0.0
2022-12-14 13:30:00-05:00,46.720001220703125,46.720001220703125,46.720001220703125,46.720001220703125,145,0.0,0.0,0.0
2022-12-14 14:30:00-05:00,46.650001525878906,46.892601013183594,46.650001525878906,46.892601013183594,424,0.0,0.0,0.0
2022-12-15 09:30:00-05:00,47.0,47.0,46.89500045776367,46.900001525878906,796,0.0,0.0,0.0
2022-12-15 10:30:00-05:00,46.90999984741211,46.97999954223633,46.90999984741211,46.97999954223633,780,0.0,0.0,0.0
2022-12-15 11:30:00-05:00,46.979000091552734,47.02299880981445,46.970001220703125,47.01250076293945,1398,0.0,0.0,0.0
2022-12-15 12:30:00-05:00,47.048099517822266,47.048099517822266,47.048099517822266,47.048099517822266,100,0.0,0.0,0.0
2022-12-15 13:30:00-05:00,47.04999923706055,47.04999923706055,47.04999923706055,47.04999923706055,138,0.0,0.0,0.0
2022-12-15 14:30:00-05:00,47.01810073852539,47.01810073852539,47.0,47.0,22085,0.0,0.0,0.0
2022-12-15 15:30:00-05:00,47.0099983215332,47.0099983215332,46.997798919677734,47.009300231933594,934,0.0,0.0,0.0
2022-12-16 09:30:00-05:00,46.75,46.75,46.72999954223633,46.72999954223633,0,0.0,0.0,0.0
2022-12-16 10:30:00-05:00,46.79999923706055,46.810001373291016,46.79999923706055,46.810001373291016,203,0.0,0.0,0.0
2022-12-16 11:30:00-05:00,46.849998474121094,46.869998931884766,46.848201751708984,46.869998931884766,952,0.0,0.0,0.0
2022-12-16 12:30:00-05:00,46.869998931884766,46.904998779296875,46.869998931884766,46.904998779296875,686,0.0,0.0,0.0
2022-12-16 14:30:00-05:00,46.900001525878906,46.900001525878906,46.85900115966797,46.859500885009766,430,0.0,0.0,0.0
2022-12-16 15:30:00-05:00,46.86970138549805,46.869998931884766,46.86119842529297,46.86119842529297,236,0.0,0.0,0.0
2022-12-19 09:30:00-05:00,46.599998474121094,46.599998474121094,46.560001373291016,46.56050109863281,0,0.0,0.0,0.0
2022-12-19 13:30:00-05:00,46.520999908447266,46.520999908447266,46.520999908447266,46.520999908447266,120,0.0,0.0,0.0
2022-12-19 14:30:00-05:00,46.52989959716797,46.52989959716797,46.4734001159668,46.4734001159668,200,0.0,0.0,0.0
2022-12-20 09:30:00-05:00,46.099998474121094,46.138999938964844,46.099998474121094,46.138999938964844,0,0.0,0.0,0.0
2022-12-20 10:30:00-05:00,46.13999938964844,46.13999938964844,46.13999938964844,46.13999938964844,343,0.0,0.0,0.0
2022-12-20 14:30:00-05:00,46.09270095825195,46.09270095825195,46.09270095825195,46.09270095825195,355,0.0,0.0,0.0
2022-12-20 15:30:00-05:00,46.109901428222656,46.109901428222656,46.09590148925781,46.09590148925781,110,0.0,0.0,0.0
2022-12-21 09:30:00-05:00,46.26499938964844,46.26499938964844,46.25,46.263301849365234,1225,0.0,0.0,0.0
2022-12-21 10:30:00-05:00,46.27899932861328,46.27899932861328,46.27000045776367,46.27000045776367,841,0.0,0.0,0.0
2022-12-21 11:30:00-05:00,46.16999816894531,46.16999816894531,46.16999816894531,46.16999816894531,242,0.0,0.0,0.0
2022-12-21 12:30:00-05:00,46.09000015258789,46.09000015258789,46.09000015258789,46.09000015258789,130,0.0,0.0,0.0
2022-12-21 13:30:00-05:00,46.13999938964844,46.16120147705078,46.13999938964844,46.16120147705078,208,0.0,0.0,0.0
2022-12-22 09:30:00-05:00,46.209999084472656,46.22489929199219,46.13999938964844,46.22489929199219,0,0.0,0.0,0.0
2022-12-22 10:30:00-05:00,46.237300872802734,46.237300872802734,46.237300872802734,46.237300872802734,153,0.0,0.0,0.0
2022-12-22 11:30:00-05:00,46.20000076293945,46.20000076293945,46.20000076293945,46.20000076293945,113,0.0,0.0,0.0
2022-12-22 12:30:00-05:00,46.17020034790039,46.21989822387695,46.17020034790039,46.21989822387695,905,0.0,0.0,0.0
2022-12-22 13:30:00-05:00,46.220001220703125,46.22990036010742,46.209999084472656,46.209999084472656,674,0.0,0.0,0.0
2022-12-22 14:30:00-05:00,46.16999816894531,46.18989944458008,46.16999816894531,46.18989944458008,1782,0.0,0.0,0.0
2022-12-22 15:30:00-05:00,46.171600341796875,46.171600341796875,46.1682014465332,46.1682014465332,355,0.0,0.0,0.0
2022-12-23 09:30:00-05:00,45.970001220703125,45.97819900512695,45.90999984741211,45.97819900512695,0,0.0,0.0,0.0
2022-12-23 12:30:00-05:00,45.93000030517578,45.93000030517578,45.93000030517578,45.93000030517578,247,0.0,0.0,0.0
2022-12-23 13:30:00-05:00,45.9109992980957,45.9109992980957,45.900001525878906,45.900001525878906,3099,0.0,0.0,0.0
2022-12-23 14:30:00-05:00,45.91999816894531,45.91999816894531,45.91999816894531,45.91999816894531,100,0.0,0.0,0.0
2022-12-23 15:30:00-05:00,45.95000076293945,45.95000076293945,45.935001373291016,45.935001373291016,132,0.0,0.0,0.0
2022-12-27 09:30:00-05:00,45.63999938964844,45.71099853515625,45.630001068115234,45.71099853515625,0,0.0,0.0,0.0
2022-12-27 10:30:00-05:00,45.72460174560547,45.72460174560547,45.689998626708984,45.689998626708984,245,0.0,0.0,0.0
2022-12-27 11:30:00-05:00,45.580101013183594,45.580101013183594,45.54999923706055,45.54999923706055,560,0.0,0.0,0.0
2022-12-27 12:30:00-05:00,45.540000915527344,45.540000915527344,45.529998779296875,45.53010177612305,883,0.0,0.0,0.0
2022-12-27 13:30:00-05:00,45.5099983215332,45.55039978027344,45.5099983215332,45.55039978027344,561,0.0,0.0,0.0
2022-12-27 14:30:00-05:00,45.525001525878906,45.54499816894531,45.52000045776367,45.52000045776367,0,0.0,0.0,0.0
2022-12-28 09:30:00-05:00,45.428001403808594,45.46200180053711,45.428001403808594,45.46200180053711,1589,0.0,0.0,0.0
2022-12-28 10:30:00-05:00,45.404998779296875,45.404998779296875,45.28990173339844,45.28990173339844,1265,0.0,0.0,0.0
2022-12-28 11:30:00-05:00,45.28900146484375,45.28900146484375,45.28499984741211,45.28499984741211,676,0.0,0.0,0.0
2022-12-28 15:30:00-05:00,45.279998779296875,45.279998779296875,45.2661018371582,45.2661018371582,326,0.0,0.0,0.0
2022-12-29 09:30:00-05:00,45.400001525878906,45.400001525878906,45.37480163574219,45.39390182495117,0,0.0,0.0,0.0
2022-12-29 10:30:00-05:00,45.419898986816406,45.419898986816406,45.40999984741211,45.40999984741211,1322,0.0,0.0,0.0
2022-12-29 11:30:00-05:00,45.48830032348633,45.48830032348633,45.48830032348633,45.48830032348633,140,0.0,0.0,0.0
2022-12-29 12:30:00-05:00,45.4900016784668,45.4900016784668,45.4900016784668,45.4900016784668,299,0.0,0.0,0.0
2022-12-29 14:30:00-05:00,45.46849822998047,45.46849822998047,45.45029830932617,45.45029830932617,1362,0.0,0.0,0.0
2022-12-29 15:30:00-05:00,45.459999084472656,45.50630187988281,45.459999084472656,45.50630187988281,279,0.0,0.0,0.0
2022-12-30 09:30:00-05:00,45.25,45.25,45.25,45.25,0,0.0,0.0,0.0
2022-12-30 10:30:00-05:00,45.290000915527344,45.290000915527344,45.290000915527344,45.290000915527344,316,0.0,0.0,0.0
2022-12-30 11:30:00-05:00,45.31010055541992,45.314998626708984,45.27399826049805,45.27399826049805,587,0.0,0.0,0.0
2022-12-30 14:30:00-05:00,45.314998626708984,45.314998626708984,45.30590057373047,45.30590057373047,326,0.0,0.0,0.0
2023-01-03 09:30:00-05:00,45.880001068115234,45.880001068115234,45.79999923706055,45.79999923706055,0,0.0,0.0,0.0
2023-01-03 13:30:00-05:00,45.66999816894531,45.66999816894531,45.650001525878906,45.650001525878906,1100,0.0,0.0,0.0
2023-01-03 14:30:00-05:00,45.68000030517578,45.68000030517578,45.6349983215332,45.6349983215332,910,0.0,0.0,0.0
2023-01-03 15:30:00-05:00,45.63999938964844,45.66999816894531,45.630001068115234,45.66429901123047,1363,0.0,0.0,0.0
2023-01-04 10:30:00-05:00,46.009700775146484,46.009700775146484,45.940101623535156,45.940101623535156,233,0.0,0.0,0.0
2023-01-04 11:30:00-05:00,46.01390075683594,46.01390075683594,46.01390075683594,46.01390075683594,225,0.0,0.0,0.0
2023-01-04 12:30:00-05:00,45.939300537109375,45.939300537109375,45.939300537109375,45.939300537109375,300,0.0,0.0,0.0
2023-01-04 13:30:00-05:00,45.9010009765625,45.97990036010742,45.9010009765625,45.97990036010742,1294,0.0,0.0,0.0
2023-01-04 14:30:00-05:00,45.989898681640625,45.989898681640625,45.97999954223633,45.97999954223633,952,0.0,0.0,0.0
2023-01-04 15:30:00-05:00,46.01300048828125,46.01300048828125,46.007198333740234,46.007198333740234,405,0.0,0.0,0.0
2023-01-05 09:30:00-05:00,45.77000045776367,45.77000045776367,45.77000045776367,45.77000045776367,0,0.0,0.0,0.0
2023-01-05 11:30:00-05:00,45.939998626708984,45.939998626708984,45.93000030517578,45.93000030517578,658,0.0,0.0,0.0
2023-01-05 12:30:00-05:00,45.97999954223633,45.97999954223633,45.97999954223633,45.97999954223633,101,0.0,0.0,0.0
2023-01-05 14:30:00-05:00,45.93519973754883,45.959999084472656,45.93519973754883,45.959999084472656,680,0.0,0.0,0.0
2023-01-05 15:30:00-05:00,45.974998474121094,45.974998474121094,45.974998474121094,45.974998474121094,280,0.0,0.0,0.0
2023-01-06 09:30:00-05:00,46.220001220703125,46.29999923706055,46.220001220703125,46.29999923706055,0,0.0,0.0,0.0
2023-01-06 10:30:00-05:00,46.46649932861328,46.46649932861328,46.46649932861328,46.46649932861328,100,0.0,0.0,0.0
2023-01-06 12:30:00-05:00,46.42470169067383,46.42470169067383,46.40769958496094,46.40769958496094,895,0.0,0.0,0.0
2023-01-06 13:30:00-05:00,46.5099983215332,46.5099983215332,46.470001220703125,46.470001220703125,366,0.0,0.0,0.0
2023-01-09 09:30:00-05:00,46.489898681640625,46.489898681640625,46.489898681640625,46.489898681640625,0,0.0,0.0,0.0
2023-01-09 10:30:00-05:00,46.650001525878906,46.689998626708984,46.650001525878906,46.689998626708984,500,0.0,0.0,0.0
2023-01-09 11:30:00-05:00,46.66999816894531,46.709999084472656,46.66999816894531,46.68000030517578,501,0.0,0.0,0.0
2023-01-09 12:30:00-05:00,46.650001525878906,46.65999984741211,46.632999420166016,46.63999938964844,889,0.0,0.0,0.0
2023-01-09 13:30:00-05:00,46.65999984741211,46.709999084472656,46.650001525878906,46.70000076293945,725,0.0,0.0,0.0
2023-01-09 14:30:00-05:00,46.70000076293945,46.720001220703125,46.64500045776367,46.65999984741211,1632,0.0,0.0,0.0
2023-01-09 15:30:00-05:00,46.619998931884766,46.650001525878906,46.599998474121094,46.650001525878906,3124,0.0,0.0,0.0
2023-01-10 09:30:00-05:00,46.45000076293945,46.45000076293945,46.380001068115234,46.380001068115234,0,0.0,0.0,0.0
2023-01-10 10:30:00-05:00,46.33000183105469,46.33000183105469,46.33000183105469,46.33000183105469,125,0.0,0.0,0.0
2023-01-10 11:30:00-05:00,46.27000045776367,46.27000045776367,46.27000045776367,46.27000045776367,243,0.0,0.0,0.0
2023-01-10 14:30:00-05:00,46.33000183105469,46.33000183105469,46.28630065917969,46.31999969482422,1380,0.0,0.0,0.0
2023-01-11 09:30:00-05:00,46.45899963378906,46.47999954223633,46.455299377441406,46.47999954223633,0,0.0,0.0,0.0
2023-01-11 10:30:00-05:00,46.47999954223633,46.47999954223633,46.47999954223633,46.47999954223633,650,0.0,0.0,0.0
2023-01-11 11:30:00-05:00,46.48189926147461,46.48189926147461,46.47520065307617,46.47520065307617,277,0.0,0.0,0.0
2023-01-11 12:30:00-05:00,46.470001220703125,46.470001220703125,46.459999084472656,46.459999084472656,839,0.0,0.0,0.0
2023-01-11 15:30:00-05:00,46.599998474121094,46.6234016418457,46.599998474121094,46.6234016418457,321,0.0,0.0,0.0
2023-01-12 09:30:00-05:00,46.70000076293945,46.70000076293945,46.65999984741211,46.70000076293945,0,0.0,0.0,0.0
2023-01-12 10:30:00-05:00,46.70000076293945,46.78010177612305,46.70000076293945,46.78010177612305,900,0.0,0.0,0.0
2023-01-12 11:30:00-05:00,46.779998779296875,46.8489990234375,46.779998779296875,46.84270095825195,520,0.0,0.0,0.0
2023-01-12 12:30:00-05:00,46.99100112915039,47.0,46.99100112915039,47.0,405,0.0,0.0,0.0
2023-01-12 13:30:00-05:00,46.996498107910156,46.996498107910156,46.970001220703125,46.970001220703125,2000,0.0,0.0,0.0
2023-01-12 14:30:00-05:00,46.95000076293945,47.02000045776367,46.93000030517578,47.02000045776367,3891,0.0,0.0,0.0
2023-01-13 09:30:00-05:00,46.95989990234375,46.959999084472656,46.94820022583008,46.94820022583008,0,0.0,0.0,0.0
2023-01-13 10:30:00-05:00,46.939998626708984,46.939998626708984,46.939998626708984,46.939998626708984,187,0.0,0.0,0.0
2023-01-13 12:30:00-05:00,46.8036003112793,46.8036003112793,46.8036003112793,46.8036003112793,619,0.0,0.0,0.0
2023-01-13 13:30:00-05:00,46.83000183105469,46.83000183105469,46.78900146484375,46.78900146484375,135,0.0,0.0,0.0
2023-01-17 10:30:00-05:00,46.721900939941406,46.77000045776367,46.721900939941406,46.77000045776367,902,0.0,0.0,0.0
2023-01-17 11:30:00-05:00,46.72999954223633,46.72999954223633,46.72999954223633,46.72999954223633,336,0.0,0.0,0.0
2023-01-17 12:30:00-05:00,46.68000030517578,46.68000030517578,46.637001037597656,46.637001037597656,1302,0.0,0.0,0.0
2023-01-17 13:30:00-05:00,46.66360092163086,46.66360092163086,46.66360092163086,46.66360092163086,400,0.0,0.0,0.0
2023-01-17 14:30:00-05:00,46.650001525878906,46.654998779296875,46.6411018371582,46.6411018371582,303,0.0,0.0,0.0
2023-01-18 09:30:00-05:00,47.18000030517578,47.25,47.18000030517578,47.25,0,0.0,0.0,0.0
2023-01-18 10:30:00-05:00,47.14360046386719,47.14799880981445,47.14360046386719,47.14400100708008,2668,0.0,0.0,0.0
2023-01-18 11:30:00-05:00,47.064998626708984,47.06999969482422,47.064998626708984,47.067501068115234,683,0.0,0.0,0.0
2023-01-18 14:30:00-05:00,47.269901275634766,47.269901275634766,47.269901275634766,47.269901275634766,1022,0.0,0.0,0.0
2023-01-18 15:30:00-05:00,47.269901275634766,47.279998779296875,47.25,47.25,0,0.0,0.0,0.0
2023-01-19 09:30:00-05:00,47.2400016784668,47.2400016784668,47.2400016784668,47.2400016784668,2335,0.0,0.0,0.0
2023-01-19 10:30:00-05:00,47.20000076293945,47.20000076293945,47.20000076293945,47.20000076293945,100,0.0,0.0,0.0
2023-01-19 11:30:00-05:00,47.224998474121094,47.224998474121094,47.220001220703125,47.220001220703125,369,0.0,0.0,0.0
2023-01-19 13:30:00-05:00,47.19160079956055,47.19160079956055,47.1885986328125,47.1885986328125,850,0.0,0.0,0.0
2023-01-19 14:30:00-05:00,47.20899963378906,47.209999084472656,47.20899963378906,47.20989990234375,930,0.0,0.0,0.0
2023-01-19 15:30:00-05:00,47.189998626708984,47.194801330566406,47.189998626708984,47.194801330566406,0,0.0,0.0,0.0
2023-01-20 09:30:00-05:00,46.959999084472656,46.970001220703125,46.95000076293945,46.970001220703125,3765,0.0,0.0,0.0
2023-01-20 12:30:00-05:00,46.86989974975586,46.88999938964844,46.84000015258789,46.88999938964844,3010,0.0,0.0,0.0
2023-01-20 14:30:00-05:00,46.899898529052734,46.899898529052734,46.869998931884766,46.869998931884766,378,0.0,0.0,0.0
2023-01-20 15:30:00-05:00,46.86000061035156,46.861000061035156,46.84000015258789,46.84000015258789,1374,0.0,0.0,0.0
2023-01-23 09:30:00-05:00,46.70709991455078,46.71160125732422,46.70709991455078,46.71160125732422,0,0.0,0.0,0.0
2023-01-24 09:30:00-05:00,46.709999084472656,46.7599983215332,46.68000030517578,46.689998626708984,805,0.0,0.0,0.0
2023-01-24 11:30:00-05:00,46.88930130004883,46.88930130004883,46.88930130004883,46.88930130004883,100,0.0,0.0,0.0
2023-01-24 12:30:00-05:00,46.8400993347168,46.917999267578125,46.8400993347168,46.917999267578125,1771,0.0,0.0,0.0
2023-01-24 13:30:00-05:00,46.939998626708984,46.97249984741211,46.939998626708984,46.97249984741211,350,0.0,0.0,0.0
2023-01-24 14:30:00-05:00,46.959999084472656,46.970001220703125,46.93989944458008,46.970001220703125,0,0.0,0.0,0.0
2023-01-25 09:30:00-05:00,47.0099983215332,47.09989929199219,47.0099983215332,47.09989929199219,645,0.0,0.0,0.0
2023-01-25 10:30:00-05:00,46.97999954223633,46.97999954223633,46.97999954223633,46.97999954223633,205,0.0,0.0,0.0
2023-01-25 11:30:00-05:00,46.91999816894531,46.91999816894531,46.91999816894531,46.91999816894531,102,0.0,0.0,0.0
2023-01-25 12:30:00-05:00,46.939998626708984,46.939998626708984,46.939998626708984,46.939998626708984,111,0.0,0.0,0.0
2023-01-25 14:30:00-05:00,46.96500015258789,47.01789855957031,46.96500015258789,47.01789855957031,0,0.0,0.0,0.0
2023-01-26 09:30:00-05:00,46.90999984741211,46.90999984741211,46.90999984741211,46.90999984741211,333,0.0,0.0,0.0
2023-01-26 11:30:00-05:00,46.8380012512207,46.8380012512207,46.8380012512207,46.8380012512207,120,0.0,0.0,0.0
2023-01-26 12:30:00-05:00,46.95090103149414,46.95090103149414,46.8650016784668,46.8650016784668,426,0.0,0.0,0.0
2023-01-27 09:30:00-05:00,46.689998626708984,46.689998626708984,46.689998626708984,46.689998626708984,0,0.0,0.0,0.0
2023-01-27 12:30:00-05:00,46.737998962402344,46.737998962402344,46.737998962402344,46.737998962402344,325,0.0,0.0,0.0
2023-01-27 13:30:00-05:00,46.745201110839844,46.7505989074707,46.745201110839844,46.7505989074707,1620,0.0,0.0,0.0
2023-01-27 14:30:00-05:00,46.77000045776367,46.77000045776367,46.77000045776367,46.77000045776367,103,0.0,0.0,0.0
2023-01-27 15:30:00-05:00,46.77000045776367,46.77000045776367,46.760799407958984,46.77000045776367,102,0.0,0.0,0.0
2023-01-30 09:30:00-05:00,46.65919876098633,46.65999984741211,46.65919876098633,46.65999984741211,0,0.0,0.0,0.0
2023-01-30 10:30:00-05:00,46.695098876953125,46.695098876953125,46.6599006652832,46.6599006652832,601,0.0,0.0,0.0
2023-01-30 11:30:00-05:00,46.650001525878906,46.650001525878906,46.650001525878906,46.650001525878906,1023,0.0,0.0,0.0
2023-01-30 12:30:00-05:00,46.64500045776367,46.65230178833008,46.64500045776367,46.65230178833008,304,0.0,0.0,0.0
2023-01-31 09:30:00-05:00,46.81999969482422,46.81999969482422,46.81999969482422,46.81999969482422,0,0.0,0.0,0.0
2023-01-31 10:30:00-05:00,46.68980026245117,46.69990158081055,46.68980026245117,46.69990158081055,821,0.0,0.0,0.0
2023-01-31 13:30:00-05:00,46.779998779296875,46.86000061035156,46.779998779296875,46.779998779296875,402,0.0,0.0,0.0
2023-02-01 09:30:00-05:00,46.81999969482422,46.81999969482422,46.75,46.75,0,0.0,0.0,0.0
2023-02-01 10:30:00-05:00,46.678001403808594,46.678001403808594,46.678001403808594,46.678001403808594,400,0.0,0.0,0.0
2023-02-01 11:30:00-05:00,46.724998474121094,46.77000045776367,46.724998474121094,46.77000045776367,1061,0.0,0.0,0.0
2023-02-01 14:30:00-05:00,47.02989959716797,47.05179977416992,47.02000045776367,47.05179977416992,604,0.0,0.0,0.0
2023-02-02 09:30:00-05:00,47.220001220703125,47.2400016784668,47.169898986816406,47.169898986816406,0,0.0,0.0,0.0
2023-02-02 12:30:00-05:00,47.220001220703125,47.220001220703125,47.220001220703125,47.220001220703125,407,0.0,0.0,0.0
2023-02-02 14:30:00-05:00,47.09000015258789,47.09000015258789,47.08570098876953,47.08570098876953,426,0.0,0.0,0.0
2023-02-02 15:30:00-05:00,47.06840133666992,47.06999969482422,47.06840133666992,47.06999969482422,0,0.0,0.0,0.0
2023-02-03 09:30:00-05:00,46.689998626708984,46.709999084472656,46.630001068115234,46.63999938964844,2738,0.0,0.0,0.0
2023-02-03 10:30:00-05:00,46.599998474121094,46.599998474121094,46.59400177001953,46.59400177001953,494,0.0,0.0,0.0
2023-02-03 14:30:00-05:00,46.599998474121094,46.599998474121094,46.59000015258789,46.59000015258789,257,0.0,0.0,0.0
2023-02-03 15:30:00-05:00,46.57099914550781,46.599998474121094,46.56999969482422,46.599998474121094,1018,0.0,0.0,0.0
2023-02-06 09:30:00-05:00,46.290000915527344,46.290000915527344,46.2400016784668,46.27000045776367,0,0.0,0.0,0.0
2023-02-06 10:30:00-05:00,46.28200149536133,46.28200149536133,46.28200149536133,46.28200149536133,105,0.0,0.0,0.0
2023-02-06 11:30:00-05:00,46.279998779296875,46.279998779296875,46.22999954223633,46.22999954223633,455,0.0,0.0,0.0
2023-02-06 13:30:00-05:00,46.201900482177734,46.27000045776367,46.201900482177734,46.207000732421875,2548,0.0,0.0,0.0
2023-02-07 09:30:00-05:00,46.15999984741211,46.170101165771484,46.15010070800781,46.170101165771484,0,0.0,0.0,0.0
2023-02-07 10:30:00-05:00,46.180999755859375,46.180999755859375,46.180999755859375,46.180999755859375,116,0.0,0.0,0.0
2023-02-07 11:30:00-05:00,46.18000030517578,46.18000030517578,46.18000030517578,46.18000030517578,203,0.0,0.0,0.0
2023-02-07 12:30:00-05:00,46.29999923706055,46.29999923706055,46.29999923706055,46.29999923706055,622,0.0,0.0,0.0
2023-02-07 13:30:00-05:00,46.08000183105469,46.08000183105469,46.08000183105469,46.08000183105469,120,0.0,0.0,0.0
2023-02-07 14:30:00-05:00,46.08000183105469,46.08000183105469,46.05939865112305,46.08000183105469,340,0.0,0.0,0.0
2023-02-08 14:30:00-05:00,46.1599006652832,46.2400016784668,46.13999938964844,46.2400016784668,122,0.0,0.0,0.0
2023-02-09 12:30:00-05:00,46.27000045776367,46.27000045776367,46.1515007019043,46.1515007019043,488,0.0,0.0,0.0
2023-02-09 13:30:00-05:00,46.0890007019043,46.0890007019043,46.0,46.0,806,0.0,0.0,0.0
2023-02-09 14:30:00-05:00,46.02000045776367,46.02000045776367,46.0099983215332,46.0099983215332,478,0.0,0.0,0.0
2023-02-09 15:30:00-05:00,46.0349006652832,46.0349006652832,46.028499603271484,46.028499603271484,128,0.0,0.0,0.0
2023-02-10 09:30:00-05:00,45.970001220703125,45.970001220703125,45.94649887084961,45.94649887084961,0,0.0,0.0,0.0
2023-02-10 10:30:00-05:00,45.869998931884766,45.869998931884766,45.869998931884766,45.869998931884766,256,0.0,0.0,0.0
2023-02-10 11:30:00-05:00,45.86000061035156,45.86000061035156,45.86000061035156,45.86000061035156,189,0.0,0.0,0.0
2023-02-10 12:30:00-05:00,45.85900115966797,45.86000061035156,45.85900115966797,45.85969924926758,302,0.0,0.0,0.0
2023-02-10 13:30:00-05:00,45.83000183105469,45.83000183105469,45.81999969482422,45.81999969482422,202,0.0,0.0,0.0
2023-02-10 14:30:00-05:00,45.790000915527344,45.790000915527344,45.790000915527344,45.790000915527344,112,0.0,0.0,0.0
2023-02-10 15:30:00-05:00,45.763099670410156,45.775001525878906,45.763099670410156,45.775001525878906,1001,0.0,0.0,0.0
2023-02-13 09:30:00-05:00,45.874298095703125,45.874298095703125,45.8651008605957,45.8651008605957,0,0.0,0.0,0.0
2023-02-13 11:30:00-05:00,45.83000183105469,45.83000183105469,45.83000183105469,45.83000183105469,327,0.0,0.0,0.0
2023-02-13 14:30:00-05:00,45.86000061035156,45.880001068115234,45.86000061035156,45.875,434,0.0,0.0,0.0
2023-02-13 15:30:00-05:00,45.88999938964844,45.88999938964844,45.88999938964844,45.88999938964844,100,0.0,0.0,0.0
2023-02-14 09:30:00-05:00,45.790000915527344,45.84000015258789,45.790000915527344,45.84000015258789,30760,0.0,0.0,0.0
2023-02-14 10:30:00-05:00,45.70000076293945,45.709999084472656,45.70000076293945,45.709999084472656,203,0.0,0.0,0.0
2023-02-14 12:30:00-05:00,45.76599884033203,45.76599884033203,45.736698150634766,45.736698150634766,0,0.0,0.0,0.0
2023-02-15 09:30:00-05:00,45.690101623535156,45.690101623535156,45.690101623535156,45.690101623535156,461,0.0,0.0,0.0
2023-02-15 10:30:00-05:00,45.630001068115234,45.630001068115234,45.630001068115234,45.630001068115234,224,0.0,0.0,0.0
2023-02-15 11:30:00-05:00,45.54999923706055,45.54999923706055,45.522701263427734,45.522701263427734,934,0.0,0.0,0.0
2023-02-15 12:30:00-05:00,45.507999420166016,45.52159881591797,45.507999420166016,45.52159881591797,652,0.0,0.0,0.0
2023-02-15 13:30:00-05:00,45.499000549316406,45.499000549316406,45.499000549316406,45.499000549316406,139,0.0,0.0,0.0
2023-02-15 14:30:00-05:00,45.52000045776367,45.52000045776367,45.52000045776367,45.52000045776367,100,0.0,0.0,0.0
2023-02-15 15:30:00-05:00,45.560001373291016,45.560001373291016,45.540401458740234,45.556800842285156,304,0.0,0.0,0.0
2023-02-16 09:30:00-05:00,45.400001525878906,45.40999984741211,45.349998474121094,45.40999984741211,0,0.0,0.0,0.0
2023-02-16 10:30:00-05:00,45.446998596191406,45.446998596191406,45.43009948730469,45.43939971923828,609,0.0,0.0,0.0
2023-02-16 12:30:00-05:00,45.47999954223633,45.47999954223633,45.47999954223633,45.47999954223633,960,0.0,0.0,0.0
2023-02-16 13:30:00-05:00,45.470001220703125,45.470001220703125,45.470001220703125,45.470001220703125,170,0.0,0.0,0.0
2023-02-16 14:30:00-05:00,45.36000061035156,45.36000061035156,45.36000061035156,45.36000061035156,161,0.0,0.0,0.0
2023-02-16 15:30:00-05:00,45.38600158691406,45.38600158691406,45.369998931884766,45.369998931884766,0,0.0,0.0,0.0
2023-02-17 09:30:00-05:00,45.279998779296875,45.279998779296875,45.27000045776367,45.27000045776367,387,0.0,0.0,0.0
2023-02-17 10:30:00-05:00,45.39759826660156,45.39759826660156,45.39759826660156,45.39759826660156,100,0.0,0.0,0.0
2023-02-17 12:30:00-05:00,45.46099853515625,45.46099853515625,45.45709991455078,45.45709991455078,589,0.0,0.0,0.0
2023-02-17 14:30:00-05:00,45.47999954223633,45.540000915527344,45.47999954223633,45.540000915527344,385,0.0,0.0,0.0
2023-02-21 09:30:00-05:00,45.20000076293945,45.22999954223633,45.08000183105469,45.150001525878906,1149,0.0,0.0,0.0
2023-02-21 10:30:00-05:00,45.119998931884766,45.14550018310547,45.119998931884766,45.14550018310547,561,0.0,0.0,0.0
2023-02-21 12:30:00-05:00,45.16999816894531,45.16999816894531,45.16999816894531,45.16999816894531,312,0.0,0.0,0.0
2023-02-21 14:30:00-05:00,45.02000045776367,45.058998107910156,45.02000045776367,45.050498962402344,2014,0.0,0.0,0.0
2023-02-21 15:30:00-05:00,45.037498474121094,45.040000915527344,45.0099983215332,45.0099983215332,0,0.0,0.0,0.0
2023-02-22 09:30:00-05:00,45.1781005859375,45.18000030517578,45.1781005859375,45.18000030517578,653,0.0,0.0,0.0
2023-02-22 10:30:00-05:00,45.21609878540039,45.220001220703125,45.12260055541992,45.12260055541992,1081,0.0,0.0,0.0
2023-02-23 09:30:00-05:00,45.209598541259766,45.22999954223633,45.209598541259766,45.22999954223633,0,0.0,0.0,0.0
2023-02-23 14:30:00-05:00,45.38199996948242,45.38199996948242,45.38199996948242,45.38199996948242,108,0.0,0.0,0.0
2023-02-23 15:30:00-05:00,45.349998474121094,45.359901428222656,45.34769821166992,45.349998474121094,1687,0.0,0.0,0.0
2023-02-24 09:30:00-05:00,45.08000183105469,45.10900115966797,45.02000045776367,45.09700012207031,5372,0.0,0.0,0.0
2023-02-24 10:30:00-05:00,45.04999923706055,45.059200286865234,45.04999923706055,45.059200286865234,340,0.0,0.0,0.0
2023-02-24 11:30:00-05:00,45.0359992980957,45.040000915527344,45.029998779296875,45.040000915527344,2244,0.0,0.0,0.0
2023-02-24 14:30:00-05:00,45.069000244140625,45.06999969482422,45.06050109863281,45.06999969482422,2022,0.0,0.0,0.0
2023-02-24 15:30:00-05:00,45.06999969482422,45.08000183105469,45.060001373291016,45.07709884643555,1717,0.0,0.0,0.0
2023-02-27 09:30:00-05:00,45.20000076293945,45.20000076293945,45.20000076293945,45.20000076293945,0,0.0,0.0,0.0
2023-02-27 10:30:00-05:00,45.150001525878906,45.17219924926758,45.150001525878906,45.17219924926758,2800,0.0,0.0,0.0
2023-02-27 11:30:00-05:00,45.16899871826172,45.16899871826172,45.16550064086914,45.16550064086914,213,0.0,0.0,0.0
2023-02-27 12:30:00-05:00,45.11759948730469,45.167198181152344,45.11759948730469,45.167198181152344,2376,0.0,0.0,0.0
2023-02-27 13:30:00-05:00,45.172298431396484,45.172298431396484,45.172298431396484,45.172298431396484,580,0.0,0.0,0.0
2023-02-27 14:30:00-05:00,45.17900085449219,45.189998626708984,45.154998779296875,45.1599006652832,930,0.0,0.0,0.0
2023-02-27 15:30:00-05:00,45.1614990234375,45.16999816894531,45.15800094604492,45.15800094604492,2750,0.0,0.0,0.0
2023-02-28 09:30:00-05:00,45.0,45.0,44.96200180053711,44.96200180053711,0,0.0,0.0,0.0
2023-02-28 10:30:00-05:00,45.13990020751953,45.13990020751953,45.13990020751953,45.13990020751953,318,0.0,0.0,0.0
2023-02-28 12:30:00-05:00,45.169898986816406,45.169898986816406,45.169898986816406,45.169898986816406,152,0.0,0.0,0.0
2023-02-28 13:30:00-05:00,45.11000061035156,45.11000061035156,45.11000061035156,45.11000061035156,1278,0.0,0.0,0.0
2023-02-28 15:30:00-05:00,45.25019836425781,45.25019836425781,45.237701416015625,45.25,720,0.0,0.0,0.0
2023-03-01 09:30:00-05:00,44.90999984741211,44.90999984741211,44.79999923706055,44.79999923706055,211,0.0,0.0,0.0
2023-03-01 10:30:00-05:00,44.74789810180664,44.773799896240234,44.72999954223633,44.773799896240234,3393,0.0,0.0,0.0
2023-03-01 11:30:00-05:00,44.79999923706055,44.81990051269531,44.79999923706055,44.81990051269531,1224,0.0,0.0,0.0
2023-03-01 12:30:00-05:00,44.82899856567383,44.83000183105469,44.769901275634766,44.769901275634766,2485,0.0,0.0,0.0
2023-03-01 14:30:00-05:00,44.74909973144531,44.77000045776367,44.74909973144531,44.77000045776367,2649,0.0,0.0,0.0
2023-03-01 15:30:00-05:00,44.72999954223633,44.7400016784668,44.71799850463867,44.7400016784668,0,0.0,0.0,0.0
2023-03-02 09:30:00-05:00,44.5,44.56999969482422,44.5,44.5,5694,0.0,0.0,0.0
2023-03-02 10:30:00-05:00,44.51750183105469,44.51750183105469,44.51750183105469,44.51750183105469,402,0.0,0.0,0.0
2023-03-02 11:30:00-05:00,44.474998474121094,44.474998474121094,44.46989822387695,44.46989822387695,1254,0.0,0.0,0.0
2023-03-02 12:30:00-05:00,44.45000076293945,44.45000076293945,44.45000076293945,44.45000076293945,461,0.0,0.0,0.0
2023-03-02 13:30:00-05:00,44.5099983215332,44.5099983215332,44.50579833984375,44.50579833984375,305,0.0,0.0,0.0
2023-03-03 09:30:00-05:00,44.83000183105469,44.83000183105469,44.67499923706055,44.67499923706055,0,0.0,0.0,0.0
2023-03-03 10:30:00-05:00,44.716800689697266,44.75979995727539,44.716800689697266,44.75979995727539,726,0.0,0.0,0.0
2023-03-03 12:30:00-05:00,44.8380012512207,44.880001068115234,44.8380012512207,44.880001068115234,500,0.0,0.0,0.0
2023-03-03 13:30:00-05:00,44.8650016784668,44.8650016784668,44.8650016784668,44.8650016784668,1532,0.0,0.0,0.0
2023-03-03 15:30:00-05:00,44.887001037597656,44.939998626708984,44.887001037597656,44.926300048828125,507,0.0,0.0,0.0
2023-03-06 09:30:00-05:00,45.0099983215332,45.02000045776367,44.95000076293945,45.0099983215332,0,0.0,0.0,0.0
2023-03-06 10:30:00-05:00,44.9900016784668,44.9900016784668,44.95000076293945,44.95000076293945,422,0.0,0.0,0.0
2023-03-06 11:30:00-05:00,44.90660095214844,44.90660095214844,44.89500045776367,44.89500045776367,626,0.0,0.0,0.0
2023-03-06 12:30:00-05:00,44.880001068115234,44.880001068115234,44.880001068115234,44.880001068115234,272,0.0,0.0,0.0
2023-03-06 14:30:00-05:00,44.84000015258789,44.84000015258789,44.84000015258789,44.84000015258789,701,0.0,0.0,0.0
2023-03-06 15:30:00-05:00,44.84000015258789,44.84960174560547,44.83000183105469,44.84960174560547,3740,0.0,0.0,0.0
2023-03-07 09:30:00-05:00,44.939998626708984,44.939998626708984,44.79999923706055,44.79999923706055,0,0.0,0.0,0.0
2023-03-07 10:30:00-05:00,44.880001068115234,44.90999984741211,44.880001068115234,44.90999984741211,551,0.0,0.0,0.0
2023-03-07 11:30:00-05:00,44.93000030517578,44.93000030517578,44.93000030517578,44.93000030517578,102,0.0,0.0,0.0
2023-03-07 12:30:00-05:00,44.975799560546875,45.000099182128906,44.919898986816406,44.919898986816406,1153,0.0,0.0,0.0
2023-03-07 13:30:00-05:00,44.880001068115234,44.880001068115234,44.880001068115234,44.880001068115234,49074,0.0,0.0,0.0
2023-03-07 14:30:00-05:00,44.84640121459961,44.84640121459961,44.84640121459961,44.84640121459961,100,0.0,0.0,0.0
2023-03-07 15:30:00-05:00,44.899898529052734,44.90760040283203,44.867801666259766,44.867801666259766,813,0.0,0.0,0.0
2023-03-08 09:30:00-05:00,45.13999938964844,45.13999938964844,45.0099983215332,45.060001373291016,0,0.0,0.0,0.0
2023-03-08 10:30:00-05:00,45.06999969482422,45.06999969482422,45.020301818847656,45.020301818847656,677,0.0,0.0,0.0
2023-03-08 11:30:00-05:00,44.970001220703125,44.97010040283203,44.970001220703125,44.97010040283203,242,0.0,0.0,0.0
2023-03-08 12:30:00-05:00,44.959999084472656,44.959999084472656,44.959999084472656,44.959999084472656,120,0.0,0.0,0.0
2023-03-08 13:30:00-05:00,44.81999969482422,44.84049987792969,44.81520080566406,44.84049987792969,499,0.0,0.0,0.0
2023-03-08 14:30:00-05:00,44.869998931884766,44.880001068115234,44.858001708984375,44.858001708984375,322,0.0,0.0,0.0
2023-03-08 15:30:00-05:00,44.8578987121582,44.869998931884766,44.8578987121582,44.869998931884766,250,0.0,0.0,0.0
2023-03-09 09:30:00-05:00,44.982398986816406,45.0099983215332,44.96839904785156,44.96839904785156,0,0.0,0.0,0.0
2023-03-09 10:30:00-05:00,44.939998626708984,44.939998626708984,44.9099006652832,44.9099006652832,1103,0.0,0.0,0.0
2023-03-09 11:30:00-05:00,44.91999816894531,44.91999816894531,44.91999816894531,44.91999816894531,227,0.0,0.0,0.0
2023-03-09 14:30:00-05:00,45.058998107910156,45.058998107910156,45.04560089111328,45.04560089111328,233,0.0,0.0,0.0
2023-03-09 15:30:00-05:00,45.090301513671875,45.10499954223633,45.090301513671875,45.10499954223633,172,0.0,0.0,0.0
2023-03-10 09:30:00-05:00,45.68000030517578,45.900001525878906,45.68000030517578,45.877601623535156,1806,0.0,0.0,0.0
2023-03-10 10:30:00-05:00,45.93000030517578,45.95000076293945,45.81999969482422,45.81999969482422,3263,0.0,0.0,0.0
2023-03-10 11:30:00-05:00,45.745399475097656,45.760101318359375,45.745399475097656,45.760101318359375,393,0.0,0.0,0.0
2023-03-10 12:30:00-05:00,45.86000061035156,45.86000061035156,45.86000061035156,45.86000061035156,520,0.0,0.0,0.0
2023-03-10 13:30:00-05:00,45.94919967651367,45.970001220703125,45.90999984741211,45.936100006103516,179462,0.0,0.0,0.0
2023-03-10 14:30:00-05:00,45.91999816894531,45.935001373291016,45.90439987182617,45.935001373291016,1584,0.0,0.0,0.0
2023-03-10 15:30:00-05:00,45.979801177978516,45.979801177978516,45.95000076293945,45.95000076293945,174,0.0,0.0,0.0
2023-03-13 09:30:00-04:00,46.779998779296875,46.959999084472656,46.599998474121094,46.63999938964844,10409,0.0,0.0,0.0
2023-03-13 10:30:00-04:00,46.70500183105469,46.949798583984375,46.69200134277344,46.777000427246094,10448,0.0,0.0,0.0
2023-03-13 11:30:00-04:00,46.689998626708984,46.7755012512207,46.56100082397461,46.688899993896484,10849,0.0,0.0,0.0
2023-03-13 12:30:00-04:00,46.619998931884766,46.72809982299805,46.619998931884766,46.67499923706055,2972,0.0,0.0,0.0
2023-03-13 14:30:00-04:00,46.61000061035156,46.61000061035156,46.349998474121094,46.349998474121094,889,0.0,0.0,0.0
2023-03-13 15:30:00-04:00,46.505401611328125,46.560001373291016,46.49599838256836,46.55120086669922,0,0.0,0.0,0.0
2023-03-14 09:30:00-04:00,46.09640121459961,46.13999938964844,46.0,46.0,2715,0.0,0.0,0.0
2023-03-14 10:30:00-04:00,46.0,46.119998931884766,46.0,46.119998931884766,307,0.0,0.0,0.0
2023-03-14 11:30:00-04:00,46.22999954223633,46.22999954223633,46.060001373291016,46.060001373291016,1434,0.0,0.0,0.0
2023-03-14 14:30:00-04:00,46.189998626708984,46.25,46.18000030517578,46.18000030517578,3362,0.0,0.0,0.0
2023-03-14 15:30:00-04:00,46.18830108642578,46.220001220703125,46.04999923706055,46.04999923706055,6199,0.0,0.0,0.0
2023-03-15 09:30:00-04:00,46.8484001159668,47.119998931884766,46.81999969482422,47.02000045776367,0,0.0,0.0,0.0
2023-03-15 10:30:00-04:00,46.99580001831055,47.05160140991211,46.93629837036133,46.93939971923828,7531,0.0,0.0,0.0
2023-03-15 11:30:00-04:00,46.970001220703125,47.130001068115234,46.9010009765625,47.130001068115234,4013,0.0,0.0,0.0
2023-03-15 12:30:00-04:00,47.029998779296875,47.029998779296875,46.95009994506836,46.95009994506836,3635,0.0,0.0,0.0
2023-03-15 13:30:00-04:00,46.95399856567383,46.959999084472656,46.72999954223633,46.72999954223633,3079,0.0,0.0,0.0
2023-03-15 14:30:00-04:00,46.6599006652832,46.790000915527344,46.61000061035156,46.61949920654297,5438,0.0,0.0,0.0
2023-03-15 15:30:00-04:00,46.749000549316406,46.83000183105469,46.740501403808594,46.77000045776367,476,0.0,0.0,0.0
2023-03-16 09:30:00-04:00,47.11000061035156,47.18000030517578,46.95000076293945,47.150001525878906,0,0.0,0.0,0.0
2023-03-16 10:30:00-04:00,47.189998626708984,47.189998626708984,46.84270095825195,46.84270095825195,5452,0.0,0.0,0.0
2023-03-16 11:30:00-04:00,46.79999923706055,46.79999923706055,46.63399887084961,46.63399887084961,811,0.0,0.0,0.0
2023-03-16 12:30:00-04:00,46.50600051879883,46.50600051879883,46.5,46.5,1113,0.0,0.0,0.0
2023-03-16 13:30:00-04:00,46.439998626708984,46.48149871826172,46.439998626708984,46.48149871826172,582,0.0,0.0,0.0
2023-03-16 14:30:00-04:00,46.540000915527344,46.540000915527344,46.43170166015625,46.43170166015625,351,0.0,0.0,0.0
2023-03-17 09:30:00-04:00,46.86989974975586,46.91999816894531,46.86989974975586,46.88999938964844,0,0.0,0.0,0.0
2023-03-17 10:30:00-04:00,47.042301177978516,47.130001068115234,47.042301177978516,47.130001068115234,671,0.0,0.0,0.0
2023-03-17 11:30:00-04:00,47.10200119018555,47.11000061035156,47.098899841308594,47.11000061035156,1521,0.0,0.0,0.0
2023-03-17 12:30:00-04:00,46.9900016784668,46.9900016784668,46.97800064086914,46.982398986816406,2364,0.0,0.0,0.0
2023-03-17 14:30:00-04:00,47.11000061035156,47.13999938964844,47.099998474121094,47.099998474121094,1710,0.0,0.0,0.0
2023-03-17 15:30:00-04:00,47.14179992675781,47.14179992675781,47.052101135253906,47.052101135253906,344,0.0,0.0,0.0
2023-03-20 09:30:00-04:00,47.099998474121094,47.099998474121094,46.849998474121094,46.900001525878906,1556,0.0,0.0,0.0
2023-03-20 10:30:00-04:00,46.900001525878906,46.9202995300293,46.900001525878906,46.9202995300293,487,0.0,0.0,0.0
2023-03-20 11:30:00-04:00,46.849998474121094,46.849998474121094,46.79899978637695,46.79899978637695,366,0.0,0.0,0.0
2023-03-20 12:30:00-04:00,46.849998474121094,46.849998474121094,46.70000076293945,46.70000076293945,2150,0.0,0.0,0.0
2023-03-20 14:30:00-04:00,46.7599983215332,46.83000183105469,46.7599983215332,46.83000183105469,631,0.0,0.0,0.0
2023-03-20 15:30:00-04:00,46.83000183105469,46.83000183105469,46.776798248291016,46.779998779296875,513,0.0,0.0,0.0
2023-03-21 09:30:00-04:00,46.4900016784668,46.4900016784668,46.350799560546875,46.41999816894531,0,0.0,0.0,0.0
2023-03-21 11:30:00-04:00,46.47999954223633,46.47999954223633,46.47999954223633,46.47999954223633,255,0.0,0.0,0.0
2023-03-21 12:30:00-04:00,46.4900016784668,46.4900016784668,46.45000076293945,46.45000076293945,214,0.0,0.0,0.0
2023-03-21 13:30:00-04:00,46.40999984741211,46.40999984741211,46.361000061035156,46.369998931884766,2939,0.0,0.0,0.0
2023-03-21 14:30:00-04:00,46.32500076293945,46.32500076293945,46.30099868774414,46.307701110839844,509,0.0,0.0,0.0
2023-03-21 15:30:00-04:00,46.369998931884766,46.369998931884766,46.31999969482422,46.343101501464844,0,0.0,0.0,0.0
2023-03-22 09:30:00-04:00,46.270999908447266,46.28419876098633,46.270999908447266,46.28419876098633,550,0.0,0.0,0.0
2023-03-22 11:30:00-04:00,46.41999816894531,46.41999816894531,46.41999816894531,46.41999816894531,105,0.0,0.0,0.0
2023-03-22 12:30:00-04:00,46.48099899291992,46.48099899291992,46.48099899291992,46.48099899291992,178,0.0,0.0,0.0
2023-03-22 14:30:00-04:00,46.64500045776367,46.7422981262207,46.64500045776367,46.72999954223633,678,0.0,0.0,0.0
2023-03-22 15:30:00-04:00,46.939998626708984,46.939998626708984,46.939998626708984,46.939998626708984,105,0.0,0.0,0.0
2023-03-23 09:30:00-04:00,46.790000915527344,46.810001373291016,46.790000915527344,46.810001373291016,0,0.0,0.0,0.0
2023-03-23 10:30:00-04:00,46.887699127197266,46.887699127197266,46.887699127197266,46.887699127197266,245,0.0,0.0,0.0
2023-03-23 12:30:00-04:00,46.90010070800781,46.90010070800781,46.90010070800781,46.90010070800781,200,0.0,0.0,0.0
2023-03-23 13:30:00-04:00,46.92100143432617,47.00279998779297,46.92100143432617,47.00279998779297,641,0.0,0.0,0.0
2023-03-23 14:30:00-04:00,47.182701110839844,47.182701110839844,47.182701110839844,47.182701110839844,323,0.0,0.0,0.0
2023-03-23 15:30:00-04:00,47.209999084472656,47.25,47.18000030517578,47.18000030517578,0,0.0,0.0,0.0
2023-03-24 09:30:00-04:00,47.45000076293945,47.54999923706055,47.2400016784668,47.290000915527344,21421,0.0,0.0,0.0
2023-03-24 10:30:00-04:00,47.31999969482422,47.35499954223633,47.2599983215332,47.32360076904297,8762,0.0,0.0,0.0
2023-03-24 11:30:00-04:00,47.3489990234375,47.349998474121094,47.24100112915039,47.27880096435547,1938,0.0,0.0,0.0
2023-03-24 12:30:00-04:00,47.26620101928711,47.294898986816406,47.26620101928711,47.290000915527344,679,0.0,0.0,0.0
2023-03-24 13:30:00-04:00,47.279998779296875,47.279998779296875,47.24039840698242,47.24039840698242,690,0.0,0.0,0.0
2023-03-24 14:30:00-04:00,47.25,47.27000045776367,47.22010040283203,47.23500061035156,3971,0.0,0.0,0.0
2023-03-24 15:30:00-04:00,47.23249816894531,47.23789978027344,47.220001220703125,47.220001220703125,2226,0.0,0.0,0.0
2023-03-27 09:30:00-04:00,46.790000915527344,46.80849838256836,46.72999954223633,46.80849838256836,0,0.0,0.0,0.0
2023-03-27 10:30:00-04:00,46.858299255371094,46.86000061035156,46.810001373291016,46.85499954223633,2162,0.0,0.0,0.0
2023-03-27 11:30:00-04:00,46.790000915527344,46.790000915527344,46.72999954223633,46.72999954223633,527,0.0,0.0,0.0
2023-03-27 13:30:00-04:00,46.70500183105469,46.70500183105469,46.6150016784668,46.6150016784668,1505,0.0,0.0,0.0
2023-03-27 14:30:00-04:00,46.619998931884766,46.68000030517578,46.619998931884766,46.65999984741211,2245,0.0,0.0,0.0
2023-03-27 15:30:00-04:00,46.599998474121094,46.62649917602539,46.599998474121094,46.62649917602539,111,0.0,0.0,0.0
2023-03-28 09:30:00-04:00,46.56999969482422,46.57229995727539,46.47999954223633,46.5,0,0.0,0.0,0.0
2023-03-28 10:30:00-04:00,46.560001373291016,46.560001373291016,46.560001373291016,46.560001373291016,328,0.0,0.0,0.0
2023-03-28 11:30:00-04:00,46.560001373291016,46.560001373291016,46.560001373291016,46.560001373291016,325,0.0,0.0,0.0
2023-03-28 14:30:00-04:00,46.569000244140625,46.569000244140625,46.510501861572266,46.556800842285156,754,0.0,0.0,0.0
2023-03-28 15:30:00-04:00,46.56999969482422,46.599998474121094,46.56999969482422,46.58000183105469,705,0.0,0.0,0.0
2023-03-29 09:30:00-04:00,46.400001525878906,46.45429992675781,46.390098571777344,46.41999816894531,0,0.0,0.0,0.0
2023-03-29 10:30:00-04:00,46.43000030517578,46.56999969482422,46.43000030517578,46.540000915527344,9091,0.0,0.0,0.0
2023-03-29 11:30:00-04:00,46.5629997253418,46.56999969482422,46.53499984741211,46.53499984741211,457,0.0,0.0,0.0
2023-03-29 12:30:00-04:00,46.540000915527344,46.540000915527344,46.540000915527344,46.540000915527344,163,0.0,0.0,0.0
2023-03-29 14:30:00-04:00,46.5,46.5,46.5,46.5,600,0.0,0.0,0.0
2023-03-29 15:30:00-04:00,46.4900016784668,46.5099983215332,46.4900016784668,46.50519943237305,4249,0.0,0.0,0.0
2023-03-30 09:30:00-04:00,46.4900016784668,46.4900016784668,46.47999954223633,46.47999954223633,0,0.0,0.0,0.0
2023-03-30 10:30:00-04:00,46.540000915527344,46.540000915527344,46.540000915527344,46.540000915527344,408,0.0,0.0,0.0
2023-03-30 11:30:00-04:00,46.518001556396484,46.518001556396484,46.51100158691406,46.51100158691406,608,0.0,0.0,0.0
2023-03-30 12:30:00-04:00,46.54999923706055,46.56999969482422,46.54999923706055,46.56999969482422,2245,0.0,0.0,0.0
2023-03-30 13:30:00-04:00,46.559898376464844,46.559898376464844,46.559898376464844,46.559898376464844,200,0.0,0.0,0.0
2023-03-30 14:30:00-04:00,46.57899856567383,46.59410095214844,46.57899856567383,46.59410095214844,1002,0.0,0.0,0.0
2023-03-31 09:30:00-04:00,46.65999984741211,46.689998626708984,46.65999984741211,46.689998626708984,461,0.0,0.0,0.0
2023-03-31 10:30:00-04:00,46.630001068115234,46.68000030517578,46.630001068115234,46.68000030517578,851,0.0,0.0,0.0
2023-03-31 11:30:00-04:00,46.70159912109375,46.70159912109375,46.70100021362305,46.70100021362305,714,0.0,0.0,0.0
2023-03-31 12:30:00-04:00,46.720001220703125,46.720001220703125,46.720001220703125,46.720001220703125,113,0.0,0.0,0.0
2023-03-31 13:30:00-04:00,46.75899887084961,46.7599983215332,46.75,46.75,2031,0.0,0.0,0.0
2023-03-31 15:30:00-04:00,46.888999938964844,46.88999938964844,46.86069869995117,46.86069869995117,2353,0.0,0.0,0.0
2023-04-03 09:30:00-04:00,46.68000030517578,46.9900016784668,46.68000030517578,46.959999084472656,7865,0.0,0.0,0.0
2023-04-03 11:30:00-04:00,46.9900016784668,46.9900016784668,46.949501037597656,46.949501037597656,613,0.0,0.0,0.0
2023-04-03 12:30:00-04:00,46.900001525878906,46.90999984741211,46.900001525878906,46.90999984741211,486,0.0,0.0,0.0
2023-04-03 13:30:00-04:00,46.90999984741211,46.90999984741211,46.900001525878906,46.900001525878906,1722,0.0,0.0,0.0
2023-04-03 14:30:00-04:00,46.90999984741211,46.939998626708984,46.89720153808594,46.89720153808594,2140,0.0,0.0,0.0
2023-04-04 09:30:00-04:00,46.77000045776367,47.029998779296875,46.77000045776367,47.029998779296875,0,0.0,0.0,0.0
2023-04-04 10:30:00-04:00,47.19219970703125,47.19219970703125,47.180999755859375,47.189998626708984,848,0.0,0.0,0.0
2023-04-04 11:30:00-04:00,47.2400016784668,47.2400016784668,47.20989990234375,47.20989990234375,481,0.0,0.0,0.0
2023-04-04 13:30:00-04:00,47.2400016784668,47.25,47.2400016784668,47.2400016784668,1400,0.0,0.0,0.0
2023-04-04 14:30:00-04:00,47.279998779296875,47.279998779296875,47.2400016784668,47.2400016784668,22560,0.0,0.0,0.0
2023-04-04 15:30:00-04:00,47.25960159301758,47.25960159301758,47.2338981628418,47.2338981628418,521,0.0,0.0,0.0
2023-04-05 09:30:00-04:00,47.5,47.56999969482422,47.5,47.56999969482422,0,0.0,0.0,0.0
2023-04-05 10:30:00-04:00,47.470001220703125,47.540000915527344,47.470001220703125,47.52000045776367,1177,0.0,0.0,0.0
2023-04-05 11:30:00-04:00,47.560001373291016,47.560001373291016,47.560001373291016,47.560001373291016,164,0.0,0.0,0.0
2023-04-05 12:30:00-04:00,47.54719924926758,47.54719924926758,47.54719924926758,47.54719924926758,265,0.0,0.0,0.0
2023-04-05 13:30:00-04:00,47.4900016784668,47.4900016784668,47.47999954223633,47.4900016784668,1273,0.0,0.0,0.0
2023-04-05 14:30:00-04:00,47.470001220703125,47.470001220703125,47.44990158081055,47.45159912109375,784,0.0,0.0,0.0
2023-04-06 09:30:00-04:00,47.47999954223633,47.5099983215332,47.47999954223633,47.5099983215332,0,0.0,0.0,0.0
2023-04-06 11:30:00-04:00,47.47999954223633,47.4900016784668,47.47999954223633,47.4900016784668,944,0.0,0.0,0.0
2023-04-06 12:30:00-04:00,47.520999908447266,47.54999923706055,47.520999908447266,47.54999923706055,2031,0.0,0.0,0.0
2023-04-06 13:30:00-04:00,47.4900016784668,47.4900016784668,47.47999954223633,47.47999954223633,671,0.0,0.0,0.0
2023-04-06 14:30:00-04:00,47.46039962768555,47.46039962768555,47.46039962768555,47.46039962768555,1969,0.0,0.0,0.0
2023-04-06 15:30:00-04:00,47.470001220703125,47.47999954223633,47.470001220703125,47.47129821777344,4260,0.0,0.0,0.0
2023-04-10 09:30:00-04:00,47.11000061035156,47.11000061035156,46.95000076293945,46.97999954223633,0,0.0,0.0,0.0
2023-04-10 10:30:00-04:00,46.959999084472656,47.000999450683594,46.95000076293945,47.000999450683594,1956,0.0,0.0,0.0
2023-04-10 11:30:00-04:00,46.99100112915039,46.99100112915039,46.99100112915039,46.99100112915039,194,0.0,0.0,0.0
2023-04-10 12:30:00-04:00,46.9630012512207,46.9630012512207,46.9630012512207,46.9630012512207,0,0.0,0.0,0.0
2023-04-10 14:30:00-04:00,46.99409866333008,47.0,46.99100112915039,46.99100112915039,6133,0.0,0.0,0.0
2023-04-11 09:30:00-04:00,47.0,47.0,46.939998626708984,46.95000076293945,0,0.0,0.0,0.0
2023-04-11 10:30:00-04:00,46.939998626708984,46.939998626708984,46.9015007019043,46.93000030517578,1602,0.0,0.0,0.0
2023-04-11 11:30:00-04:00,46.90999984741211,46.90999984741211,46.88169860839844,46.88169860839844,377,0.0,0.0,0.0
2023-04-11 12:30:00-04:00,46.880001068115234,46.887901306152344,46.880001068115234,46.887901306152344,227,0.0,0.0,0.0
2023-04-11 13:30:00-04:00,46.91999816894531,46.91999816894531,46.91170120239258,46.91170120239258,202,0.0,0.0,0.0
2023-04-11 14:30:00-04:00,46.91419982910156,46.93579864501953,46.91419982910156,46.93000030517578,542,0.0,0.0,0.0
2023-04-11 15:30:00-04:00,46.95000076293945,46.959999084472656,46.95000076293945,46.959999084472656,483,0.0,0.0,0.0
2023-04-12 09:30:00-04:00,47.040000915527344,47.060001373291016,47.040000915527344,47.060001373291016,0,0.0,0.0,0.0
2023-04-12 10:30:00-04:00,47.04999923706055,47.04999923706055,47.04399871826172,47.04399871826172,524,0.0,0.0,0.0
2023-04-12 11:30:00-04:00,47.0099983215332,47.0099983215332,46.980098724365234,46.980098724365234,1093,0.0,0.0,0.0
2023-04-12 13:30:00-04:00,46.93000030517578,46.93000030517578,46.93000030517578,46.93000030517578,402,0.0,0.0,0.0
2023-04-12 14:30:00-04:00,47.0099983215332,47.040000915527344,46.9900016784668,47.040000915527344,867,0.0,0.0,0.0
2023-04-12 15:30:00-04:00,47.06999969482422,47.06999969482422,47.04800033569336,47.04800033569336,931,0.0,0.0,0.0
2023-04-13 09:30:00-04:00,47.130001068115234,47.18000030517578,47.09000015258789,47.09000015258789,0,0.0,0.0,0.0
2023-04-13 10:30:00-04:00,47.08100128173828,47.08100128173828,47.0099983215332,47.0099983215332,1151,0.0,0.0,0.0
2023-04-13 12:30:00-04:00,47.02399826049805,47.044498443603516,47.02399826049805,47.044498443603516,1322,0.0,0.0,0.0
2023-04-13 13:30:00-04:00,47.010101318359375,47.010101318359375,46.99800109863281,46.99800109863281,847,0.0,0.0,0.0
2023-04-13 14:30:00-04:00,46.88999938964844,46.90660095214844,46.880001068115234,46.90660095214844,803,0.0,0.0,0.0
2023-04-14 09:30:00-04:00,46.631099700927734,46.73500061035156,46.631099700927734,46.70000076293945,0,0.0,0.0,0.0
2023-04-14 10:30:00-04:00,46.689998626708984,46.69649887084961,46.68000030517578,46.68000030517578,1334,0.0,0.0,0.0
2023-04-14 11:30:00-04:00,46.630001068115234,46.630001068115234,46.630001068115234,46.630001068115234,100,0.0,0.0,0.0
2023-04-14 12:30:00-04:00,46.600799560546875,46.630001068115234,46.600799560546875,46.630001068115234,551,0.0,0.0,0.0
2023-04-14 13:30:00-04:00,46.61000061035156,46.61000061035156,46.599998474121094,46.599998474121094,220,0.0,0.0,0.0
2023-04-14 14:30:00-04:00,46.619998931884766,46.630001068115234,46.619998931884766,46.630001068115234,438,0.0,0.0,0.0
2023-04-14 15:30:00-04:00,46.63999938964844,46.65999984741211,46.630001068115234,46.65999984741211,430,0.0,0.0,0.0
2023-04-17 09:30:00-04:00,46.47999954223633,46.48160171508789,46.41999816894531,46.43000030517578,1141,0.0,0.0,0.0
2023-04-17 10:30:00-04:00,46.38999938964844,46.400001525878906,46.38999938964844,46.400001525878906,411,0.0,0.0,0.0
2023-04-17 11:30:00-04:00,46.380001068115234,46.3849983215332,46.349098205566406,46.349098205566406,2504,0.0,0.0,0.0
2023-04-17 12:30:00-04:00,46.347801208496094,46.349998474121094,46.347801208496094,46.349998474121094,315,0.0,0.0,0.0
2023-04-17 13:30:00-04:00,46.36180114746094,46.36180114746094,46.36180114746094,46.36180114746094,541,0.0,0.0,0.0
2023-04-17 14:30:00-04:00,46.380001068115234,46.380001068115234,46.380001068115234,46.380001068115234,450,0.0,0.0,0.0
2023-04-17 15:30:00-04:00,46.36000061035156,46.36000061035156,46.34000015258789,46.347801208496094,256,0.0,0.0,0.0
2023-04-18 09:30:00-04:00,46.380001068115234,46.48500061035156,46.380001068115234,46.48500061035156,0,0.0,0.0,0.0
2023-04-18 11:30:00-04:00,46.369998931884766,46.3916015625,46.369998931884766,46.37260055541992,518,0.0,0.0,0.0
2023-04-18 14:30:00-04:00,46.43000030517578,46.439998626708984,46.4193000793457,46.4193000793457,327,0.0,0.0,0.0
2023-04-19 09:30:00-04:00,46.29999923706055,46.29999923706055,46.28499984741211,46.28499984741211,0,0.0,0.0,0.0
2023-04-19 13:30:00-04:00,46.29999923706055,46.29999923706055,46.29999923706055,46.29999923706055,695,0.0,0.0,0.0
2023-04-19 15:30:00-04:00,46.33000183105469,46.345001220703125,46.33000183105469,46.345001220703125,202,0.0,0.0,0.0
2023-04-20 09:30:00-04:00,46.59000015258789,46.59000015258789,46.59000015258789,46.59000015258789,0,0.0,0.0,0.0
2023-04-20 11:30:00-04:00,46.619998931884766,46.63999938964844,46.61989974975586,46.63999938964844,771,0.0,0.0,0.0
2023-04-20 12:30:00-04:00,46.60070037841797,46.60070037841797,46.60070037841797,46.60070037841797,253,0.0,0.0,0.0
2023-04-20 13:30:00-04:00,46.54130172729492,46.54130172729492,46.54130172729492,46.54130172729492,101,0.0,0.0,0.0
2023-04-20 15:30:00-04:00,46.54499816894531,46.59000015258789,46.54499816894531,46.59000015258789,0,0.0,0.0,0.0
2023-04-21 09:30:00-04:00,46.720001220703125,46.720001220703125,46.720001220703125,46.720001220703125,0,0.0,0.0,0.0
2023-04-21 10:30:00-04:00,46.465999603271484,46.47999954223633,46.465999603271484,46.47999954223633,1587,0.0,0.0,0.0
2023-04-21 11:30:00-04:00,46.4900016784668,46.4900016784668,46.4900016784668,46.4900016784668,197,0.0,0.0,0.0
2023-04-21 14:30:00-04:00,46.47990036010742,46.47990036010742,46.46969985961914,46.46969985961914,6655,0.0,0.0,0.0
2023-04-21 15:30:00-04:00,46.47359848022461,46.47359848022461,46.47359848022461,46.47359848022461,0,0.0,0.0,0.0
2023-04-24 09:30:00-04:00,46.641998291015625,46.641998291015625,46.63180160522461,46.63180160522461,0,0.0,0.0,0.0
2023-04-24 10:30:00-04:00,46.66379928588867,46.66379928588867,46.66379928588867,46.66379928588867,1256,0.0,0.0,0.0
2023-04-24 11:30:00-04:00,46.689998626708984,46.720001220703125,46.68519973754883,46.720001220703125,0,0.0,0.0,0.0
2023-04-25 09:30:00-04:00,46.95000076293945,47.099998474121094,46.95000076293945,47.099998474121094,1634,0.0,0.0,0.0
2023-04-25 10:30:00-04:00,47.09000015258789,47.09000015258789,47.09000015258789,47.09000015258789,415,0.0,0.0,0.0
2023-04-25 11:30:00-04:00,47.059898376464844,47.059898376464844,47.059898376464844,47.059898376464844,116,0.0,0.0,0.0
2023-04-25 13:30:00-04:00,47.18000030517578,47.18000030517578,47.18000030517578,47.18000030517578,265,0.0,0.0,0.0
2023-04-25 14:30:00-04:00,47.149200439453125,47.21500015258789,47.149200439453125,47.21500015258789,0,0.0,0.0,0.0
2023-04-26 09:30:00-04:00,47.16740036010742,47.20000076293945,47.16740036010742,47.20000076293945,1822,0.0,0.0,0.0
2023-04-26 12:30:00-04:00,46.94020080566406,46.94020080566406,46.939998626708984,46.939998626708984,376,0.0,0.0,0.0
2023-04-26 13:30:00-04:00,46.93000030517578,46.96689987182617,46.93000030517578,46.96689987182617,155,0.0,0.0,0.0
2023-04-27 09:30:00-04:00,46.790000915527344,46.790000915527344,46.7151985168457,46.75189971923828,2018,0.0,0.0,0.0
2023-04-27 10:30:00-04:00,46.72999954223633,46.72999954223633,46.72999954223633,46.72999954223633,163,0.0,0.0,0.0
2023-04-27 12:30:00-04:00,46.72999954223633,46.72999954223633,46.72999954223633,46.72999954223633,178,0.0,0.0,0.0
2023-04-27 14:30:00-04:00,46.68000030517578,46.68000030517578,46.68000030517578,46.68000030517578,306,0.0,0.0,0.0
2023-04-28 09:30:00-04:00,46.939998626708984,46.939998626708984,46.900001525878906,46.900001525878906,0,0.0,0.0,0.0
2023-04-28 10:30:00-04:00,46.95000076293945,46.95000076293945,46.95000076293945,46.95000076293945,308,0.0,0.0,0.0
2023-04-28 11:30:00-04:00,46.9900016784668,47.029998779296875,46.9900016784668,47.029998779296875,4645,0.0,0.0,0.0
2023-04-28 12:30:00-04:00,47.0099983215332,47.040000915527344,46.959999084472656,46.959999084472656,39185,0.0,0.0,0.0
2023-04-28 13:30:00-04:00,46.95029830932617,46.9995002746582,46.95029830932617,46.9995002746582,2529,0.0,0.0,0.0
2023-04-28 14:30:00-04:00,46.95899963378906,47.050201416015625,46.95899963378906,47.050201416015625,1023,0.0,0.0,0.0
2023-05-01 09:30:00-04:00,46.720001220703125,46.7400016784668,46.57889938354492,46.57889938354492,2497,0.0,0.0,0.0
2023-05-01 10:30:00-04:00,46.5,46.5,46.5,46.5,472,0.0,0.0,0.0
2023-05-01 11:30:00-04:00,46.470001220703125,46.470001220703125,46.470001220703125,46.470001220703125,224,0.0,0.0,0.0
2023-05-01 12:30:00-04:00,46.46900177001953,46.470001220703125,46.296199798583984,46.296199798583984,0,0.0,0.0,0.0
2023-05-02 09:30:00-04:00,46.43000030517578,46.79999923706055,46.43000030517578,46.79999923706055,0,0.0,0.0,0.0
2023-05-02 10:30:00-04:00,46.83000183105469,46.90999984741211,46.83000183105469,46.878700256347656,0,0.0,0.0,0.0
2023-05-02 11:30:00-04:00,46.86040115356445,46.86040115356445,46.86040115356445,46.86040115356445,7746,0.0,0.0,0.0
2023-05-02 12:30:00-04:00,46.88079833984375,46.88079833984375,46.88079833984375,46.88079833984375,327,0.0,0.0,0.0
2023-05-02 13:30:00-04:00,46.869998931884766,46.93239974975586,46.86000061035156,46.93239974975586,0,0.0,0.0,0.0
2023-05-03 09:30:00-04:00,47.0099983215332,47.06999969482422,47.0099983215332,47.060001373291016,1578,0.0,0.0,0.0
2023-05-03 10:30:00-04:00,47.09000015258789,47.150001525878906,47.09000015258789,47.140098571777344,749,0.0,0.0,0.0
2023-05-03 11:30:00-04:00,47.11840057373047,47.11840057373047,47.11000061035156,47.11000061035156,205,0.0,0.0,0.0
2023-05-03 12:30:00-04:00,47.099998474121094,47.119998931884766,47.08000183105469,47.09000015258789,955,0.0,0.0,0.0
2023-05-03 13:30:00-04:00,47.13999938964844,47.150001525878906,47.077701568603516,47.077701568603516,1456,0.0,0.0,0.0
2023-05-03 14:30:00-04:00,47.130001068115234,47.130001068115234,47.130001068115234,47.130001068115234,103,0.0,0.0,0.0
2023-05-03 15:30:00-04:00,47.22999954223633,47.22999954223633,47.22249984741211,47.22249984741211,0,0.0,0.0,0.0
2023-05-04 09:30:00-04:00,47.09000015258789,47.2599983215332,47.09000015258789,47.2599983215332,2264,0.0,0.0,0.0
2023-05-04 10:30:00-04:00,47.36000061035156,47.36000061035156,47.30009841918945,47.30009841918945,2631,0.0,0.0,0.0
2023-05-04 12:30:00-04:00,47.279998779296875,47.279998779296875,47.220001220703125,47.22999954223633,1041,0.0,0.0,0.0
2023-05-04 13:30:00-04:00,47.27000045776367,47.27000045776367,47.27000045776367,47.27000045776367,273,0.0,0.0,0.0
2023-05-04 14:30:00-04:00,47.2400016784668,47.2400016784668,47.2400016784668,47.2400016784668,166,0.0,0.0,0.0
2023-05-04 15:30:00-04:00,47.20000076293945,47.20000076293945,47.16999816894531,47.17610168457031,0,0.0,0.0,0.0
2023-05-05 09:30:00-04:00,46.900001525878906,46.90999984741211,46.869998931884766,46.88999938964844,0,0.0,0.0,0.0
2023-05-05 10:30:00-04:00,46.90869903564453,46.90869903564453,46.86000061035156,46.86119842529297,3859,0.0,0.0,0.0
2023-05-05 11:30:00-04:00,46.79999923706055,46.79999923706055,46.79999923706055,46.79999923706055,0,0.0,0.0,0.0
2023-05-05 12:30:00-04:00,46.86000061035156,46.86000061035156,46.839599609375,46.839599609375,0,0.0,0.0,0.0
2023-05-05 13:30:00-04:00,46.841800689697266,46.87900161743164,46.841800689697266,46.869300842285156,18051,0.0,0.0,0.0
2023-05-05 14:30:00-04:00,46.880001068115234,46.89820098876953,46.86800003051758,46.89820098876953,975,0.0,0.0,0.0
2023-05-05 15:30:00-04:00,46.90800094604492,46.91859817504883,46.90800094604492,46.91859817504883,0,0.0,0.0,0.0
2023-05-08 09:30:00-04:00,46.630001068115234,46.680198669433594,46.630001068115234,46.680198669433594,5330,0.0,0.0,0.0
2023-05-08 10:30:00-04:00,46.65999984741211,46.68009948730469,46.65999984741211,46.68009948730469,0,0.0,0.0,0.0
2023-05-08 11:30:00-04:00,46.689998626708984,46.689998626708984,46.689998626708984,46.689998626708984,7313,0.0,0.0,0.0
2023-05-08 12:30:00-04:00,46.70090103149414,46.70090103149414,46.70090103149414,46.70090103149414,875,0.0,0.0,0.0
2023-05-08 14:30:00-04:00,46.619998931884766,46.619998931884766,46.600101470947266,46.60419845581055,898,0.0,0.0,0.0
2023-05-08 15:30:00-04:00,46.599998474121094,46.630001068115234,46.599998474121094,46.619998931884766,2071,0.0,0.0,0.0
2023-05-09 09:30:00-04:00,46.619998931884766,46.619998931884766,46.619998931884766,46.619998931884766,0,0.0,0.0,0.0
2023-05-09 10:30:00-04:00,46.645999908447266,46.645999908447266,46.630001068115234,46.630001068115234,827,0.0,0.0,0.0
2023-05-09 11:30:00-04:00,46.62820053100586,46.62820053100586,46.62820053100586,46.62820053100586,118,0.0,0.0,0.0
2023-05-09 12:30:00-04:00,46.59000015258789,46.59000015258789,46.59000015258789,46.59000015258789,104,0.0,0.0,0.0
2023-05-09 13:30:00-04:00,46.601200103759766,46.601200103759766,46.58000183105469,46.59989929199219,1458,0.0,0.0,0.0
2023-05-09 14:30:00-04:00,46.58000183105469,46.58000183105469,46.58000183105469,46.58000183105469,0,0.0,0.0,0.0
2023-05-09 15:30:00-04:00,46.564998626708984,46.564998626708984,46.560001373291016,46.560001373291016,3097,0.0,0.0,0.0
2023-05-10 09:30:00-04:00,46.7599983215332,46.90999984741211,46.7599983215332,46.810001373291016,3,0.0,0.0,0.0
2023-05-10 10:30:00-04:00,46.83000183105469,46.869998931884766,46.83000183105469,46.869998931884766,568,0.0,0.0,0.0
2023-05-10 11:30:00-04:00,46.84000015258789,46.84000015258789,46.84000015258789,46.84000015258789,514,0.0,0.0,0.0
2023-05-10 13:30:00-04:00,46.90999984741211,46.90999984741211,46.90999984741211,46.90999984741211,251,0.0,0.0,0.0
2023-05-10 14:30:00-04:00,46.909000396728516,46.909000396728516,46.88999938964844,46.88999938964844,2321,0.0,0.0,0.0
2023-05-10 15:30:00-04:00,46.900001525878906,46.91999816894531,46.900001525878906,46.900001525878906,0,0.0,0.0,0.0
2023-05-11 09:30:00-04:00,47.18000030517578,47.22999954223633,47.18000030517578,47.189998626708984,5196,0.0,0.0,0.0
2023-05-11 10:30:00-04:00,47.18000030517578,47.18000030517578,47.11000061035156,47.11470031738281,1310,0.0,0.0,0.0
2023-05-11 11:30:00-04:00,47.11000061035156,47.119998931884766,47.11000061035156,47.11090087890625,1579,0.0,0.0,0.0
2023-05-11 13:30:00-04:00,47.169898986816406,47.169898986816406,47.154998779296875,47.154998779296875,651,0.0,0.0,0.0
2023-05-11 14:30:00-04:00,47.06999969482422,47.06999969482422,47.06999969482422,47.06999969482422,214,0.0,0.0,0.0
2023-05-11 15:30:00-04:00,47.09000015258789,47.11000061035156,47.09000015258789,47.11000061035156,418,0.0,0.0,0.0
2023-05-12 09:30:00-04:00,47.11000061035156,47.11000061035156,46.97999954223633,46.97999954223633,8083,0.0,0.0,0.0
2023-05-12 10:30:00-04:00,46.97869873046875,46.97869873046875,46.90999984741211,46.93000030517578,2269,0.0,0.0,0.0
2023-05-12 11:30:00-04:00,46.97990036010742,46.97990036010742,46.88679885864258,46.88679885864258,2013,0.0,0.0,0.0
2023-05-12 12:30:00-04:00,46.88999938964844,46.91999816894531,46.88999938964844,46.90999984741211,848,0.0,0.0,0.0
2023-05-12 13:30:00-04:00,46.90999984741211,46.90999984741211,46.90999984741211,46.90999984741211,105,0.0,0.0,0.0
2023-05-12 14:30:00-04:00,46.880001068115234,46.880001068115234,46.84000015258789,46.84000015258789,2986,0.0,0.0,0.0
2023-05-12 15:30:00-04:00,46.83000183105469,46.84000015258789,46.83000183105469,46.84000015258789,910,0.0,0.0,0.0
2023-05-15 09:30:00-04:00,46.689998626708984,46.70000076293945,46.66999816894531,46.66999816894531,0,0.0,0.0,0.0
2023-05-15 10:30:00-04:00,46.66999816894531,46.66999816894531,46.66999816894531,46.66999816894531,208,0.0,0.0,0.0
2023-05-15 11:30:00-04:00,46.689998626708984,46.689998626708984,46.689998626708984,46.689998626708984,339,0.0,0.0,0.0
2023-05-15 14:30:00-04:00,46.6599006652832,46.6599006652832,46.6599006652832,46.6599006652832,100,0.0,0.0,0.0
2023-05-15 15:30:00-04:00,46.68000030517578,46.69179916381836,46.68000030517578,46.69179916381836,3891,0.0,0.0,0.0
2023-05-16 09:30:00-04:00,46.52000045776367,46.52000045776367,46.4900016784668,46.4900016784668,676,0.0,0.0,0.0
2023-05-16 10:30:00-04:00,46.4900016784668,46.4900016784668,46.470001220703125,46.470001220703125,549,0.0,0.0,0.0
2023-05-16 11:30:00-04:00,46.439998626708984,46.440101623535156,46.439998626708984,46.440101623535156,201,0.0,0.0,0.0
2023-05-16 13:30:00-04:00,46.5099983215332,46.5099983215332,46.5,46.5,275,0.0,0.0,0.0
2023-05-16 14:30:00-04:00,46.5099983215332,46.5099983215332,46.4900016784668,46.494998931884766,1467,0.0,0.0,0.0
2023-05-16 15:30:00-04:00,46.5099983215332,46.539100646972656,46.5099983215332,46.539100646972656,14317,0.0,0.0,0.0
2023-05-17 09:30:00-04:00,46.59000015258789,46.59000015258789,46.47999954223633,46.47999954223633,0,0.0,0.0,0.0
2023-05-17 10:30:00-04:00,46.459999084472656,46.459999084472656,46.43000030517578,46.43000030517578,725,0.0,0.0,0.0
2023-05-17 11:30:00-04:00,46.43000030517578,46.43000030517578,46.43000030517578,46.43000030517578,105,0.0,0.0,0.0
2023-05-17 12:30:00-04:00,46.4370002746582,46.4370002746582,46.41999816894531,46.41999816894531,549,0.0,0.0,0.0
2023-05-17 13:30:00-04:00,46.369998931884766,46.380001068115234,46.369998931884766,46.369998931884766,58307,0.0,0.0,0.0
2023-05-17 14:30:00-04:00,46.349998474121094,46.390098571777344,46.349998474121094,46.390098571777344,0,0.0,0.0,0.0
2023-05-18 09:30:00-04:00,46.2400016784668,46.2400016784668,46.19329833984375,46.19329833984375,0,0.0,0.0,0.0
2023-05-18 11:30:00-04:00,46.17499923706055,46.18009948730469,46.16999816894531,46.18009948730469,2768,0.0,0.0,0.0
2023-05-18 12:30:00-04:00,46.133399963378906,46.150001525878906,46.133399963378906,46.150001525878906,1387,0.0,0.0,0.0
2023-05-18 13:30:00-04:00,46.15999984741211,46.15999984741211,46.150001525878906,46.150001525878906,206,0.0,0.0,0.0
2023-05-18 14:30:00-04:00,46.090999603271484,46.090999603271484,46.090999603271484,46.090999603271484,208,0.0,0.0,0.0
2023-05-18 15:30:00-04:00,46.125,46.125,46.10530090332031,46.10530090332031,0,0.0,0.0,0.0
2023-05-19 09:30:00-04:00,45.88119888305664,45.88999938964844,45.88119888305664,45.88999938964844,3299,0.0,0.0,0.0
2023-05-19 10:30:00-04:00,45.93109893798828,46.07749938964844,45.93109893798828,46.07749938964844,391,0.0,0.0,0.0
2023-05-19 11:30:00-04:00,46.130001068115234,46.130001068115234,46.040000915527344,46.040000915527344,2498,0.0,0.0,0.0
2023-05-19 13:30:00-04:00,46.019901275634766,46.019901275634766,46.019901275634766,46.019901275634766,122,0.0,0.0,0.0
2023-05-19 14:30:00-04:00,46.0,46.0,45.93000030517578,45.93000030517578,0,0.0,0.0,0.0
2023-05-22 09:30:00-04:00,45.939998626708984,45.939998626708984,45.902000427246094,45.902000427246094,5950,0.0,0.0,0.0
2023-05-22 10:30:00-04:00,45.90290069580078,45.90290069580078,45.862098693847656,45.862098693847656,714,0.0,0.0,0.0
2023-05-22 11:30:00-04:00,45.81999969482422,45.81999969482422,45.81999969482422,45.81999969482422,123,0.0,0.0,0.0
2023-05-22 12:30:00-04:00,45.88999938964844,45.900001525878906,45.885501861572266,45.900001525878906,1445,0.0,0.0,0.0
2023-05-22 13:30:00-04:00,45.920101165771484,45.920101165771484,45.920101165771484,45.920101165771484,111,0.0,0.0,0.0
2023-05-22 15:30:00-04:00,45.869998931884766,45.869998931884766,45.831298828125,45.831298828125,600,0.0,0.0,0.0
2023-05-23 09:30:00-04:00,45.77000045776367,45.849998474121094,45.7400016784668,45.849998474121094,0,0.0,0.0,0.0
2023-05-23 10:30:00-04:00,45.80009841918945,45.81999969482422,45.80009841918945,45.81999969482422,662,0.0,0.0,0.0
2023-05-23 11:30:00-04:00,45.79999923706055,45.79999923706055,45.76900100708008,45.790000915527344,644,0.0,0.0,0.0
2023-05-23 12:30:00-04:00,45.83000183105469,45.83000183105469,45.83000183105469,45.83000183105469,147,0.0,0.0,0.0
2023-05-23 13:30:00-04:00,45.900001525878906,45.900001525878906,45.85100173950195,45.89059829711914,12860,0.0,0.0,0.0
2023-05-23 14:30:00-04:00,45.978599548339844,45.978599548339844,45.9281005859375,45.9281005859375,2684,0.0,0.0,0.0
2023-05-23 15:30:00-04:00,45.91999816894531,45.91999816894531,45.90769958496094,45.90769958496094,0,0.0,0.0,0.0
2023-05-24 09:30:00-04:00,46.0,46.0,45.93000030517578,45.93000030517578,404,0.0,0.0,0.0
2023-05-24 11:30:00-04:00,45.91999816894531,45.91999816894531,45.79499816894531,45.79499816894531,1655,0.0,0.0,0.0
2023-05-24 12:30:00-04:00,45.83000183105469,45.83000183105469,45.83000183105469,45.83000183105469,1600,0.0,0.0,0.0
2023-05-24 14:30:00-04:00,45.93000030517578,45.93000030517578,45.83000183105469,45.83000183105469,408,0.0,0.0,0.0
2023-05-24 15:30:00-04:00,45.810001373291016,45.810001373291016,45.80550003051758,45.80550003051758,0,0.0,0.0,0.0
2023-05-25 09:30:00-04:00,45.66999816894531,45.72999954223633,45.66999816894531,45.72999954223633,303,0.0,0.0,0.0
2023-05-25 10:30:00-04:00,45.72999954223633,45.72999954223633,45.649200439453125,45.649200439453125,959,0.0,0.0,0.0
2023-05-25 11:30:00-04:00,45.650001525878906,45.650001525878906,45.62009811401367,45.650001525878906,1903,0.0,0.0,0.0
2023-05-25 12:30:00-04:00,45.63999938964844,45.63999938964844,45.61000061035156,45.61000061035156,1694,0.0,0.0,0.0
2023-05-25 13:30:00-04:00,45.59000015258789,45.59000015258789,45.542598724365234,45.542598724365234,0,0.0,0.0,0.0
2023-05-25 14:30:00-04:00,45.54909896850586,45.54909896850586,45.5,45.5,6635,0.0,0.0,0.0
2023-05-25 15:30:00-04:00,45.5,45.540000915527344,45.5,45.540000915527344,0,0.0,0.0,0.0
2023-05-26 09:30:00-04:00,45.59000015258789,45.59000015258789,45.59000015258789,45.59000015258789,0,0.0,0.0,0.0
2023-05-26 10:30:00-04:00,45.463199615478516,45.463199615478516,45.39039993286133,45.39039993286133,0,0.0,0.0,0.0
2023-05-26 11:30:00-04:00,45.439998626708984,45.614898681640625,45.439998626708984,45.614898681640625,1778,0.0,0.0,0.0
2023-05-30 09:30:00-04:00,45.810001373291016,45.810001373291016,45.77000045776367,45.77000045776367,724,0.0,0.0,0.0
2023-05-30 10:30:00-04:00,45.88999938964844,45.96860122680664,45.88999938964844,45.96860122680664,306,0.0,0.0,0.0
2023-05-30 11:30:00-04:00,45.95000076293945,45.96009826660156,45.95000076293945,45.96009826660156,685,0.0,0.0,0.0
2023-05-30 12:30:00-04:00,45.95000076293945,45.97480010986328,45.95000076293945,45.97480010986328,0,0.0,0.0,0.0
2023-05-30 13:30:00-04:00,45.98210144042969,46.01110076904297,45.9817008972168,46.0,4138,0.0,0.0,0.0
2023-05-30 14:30:00-04:00,45.97999954223633,46.03300094604492,45.96099853515625,46.03300094604492,503,0.0,0.0,0.0
2023-05-31 09:30:00-04:00,46.04999923706055,46.09000015258789,46.04999923706055,46.04999923706055,0,0.0,0.0,0.0
2023-05-31 10:30:00-04:00,46.11009979248047,46.130001068115234,46.11009979248047,46.130001068115234,1310,0.0,0.0,0.0
2023-05-31 11:30:00-04:00,46.13999938964844,46.13999938964844,46.099998474121094,46.099998474121094,328,0.0,0.0,0.0
2023-05-31 15:30:00-04:00,46.25,46.27000045776367,46.22840118408203,46.22840118408203,0,0.0,0.0,0.0
2023-06-01 09:30:00-04:00,46.25,46.32400131225586,46.24100112915039,46.32400131225586,776,0.0,0.0,0.0
2023-06-01 10:30:00-04:00,46.2599983215332,46.2599983215332,46.2599983215332,46.2599983215332,174,0.0,0.0,0.0
2023-06-01 14:30:00-04:00,46.218101501464844,46.223201751708984,46.218101501464844,46.223201751708984,0,0.0,0.0,0.0
2023-06-02 09:30:00-04:00,46.150001525878906,46.150001525878906,45.9900016784668,45.9900016784668,0,0.0,0.0,0.0
2023-06-02 10:30:00-04:00,46.029998779296875,46.029998779296875,45.99420166015625,45.99420166015625,1769,0.0,0.0,0.0
2023-06-02 11:30:00-04:00,45.909000396728516,45.90999984741211,45.900001525878906,45.900001525878906,1289,0.0,0.0,0.0
2023-06-02 12:30:00-04:00,45.90999984741211,45.93000030517578,45.90620040893555,45.920101165771484,1652,0.0,0.0,0.0
2023-06-02 13:30:00-04:00,45.88600158691406,45.88600158691406,45.85309982299805,45.869998931884766,2063,0.0,0.0,0.0
2023-06-02 14:30:00-04:00,45.89120101928711,45.89120101928711,45.8849983215332,45.88999938964844,463,0.0,0.0,0.0
2023-06-05 09:30:00-04:00,45.59000015258789,45.880001068115234,45.59000015258789,45.880001068115234,0,0.0,0.0,0.0
2023-06-05 10:30:00-04:00,45.959999084472656,45.959999084472656,45.880001068115234,45.88999938964844,7447,0.0,0.0,0.0
2023-06-05 12:30:00-04:00,45.852500915527344,45.852500915527344,45.852500915527344,45.852500915527344,301,0.0,0.0,0.0
2023-06-05 14:30:00-04:00,45.88999938964844,45.900001525878906,45.869998931884766,45.869998931884766,2300,0.0,0.0,0.0
2023-06-06 09:30:00-04:00,45.747501373291016,45.747501373291016,45.747501373291016,45.747501373291016,0,0.0,0.0,0.0
2023-06-06 12:30:00-04:00,45.85390090942383,45.85390090942383,45.8406982421875,45.8406982421875,2793,0.0,0.0,0.0
2023-06-06 14:30:00-04:00,45.880001068115234,45.88999938964844,45.880001068115234,45.88999938964844,0,0.0,0.0,0.0
2023-06-07 09:30:00-04:00,45.779998779296875,45.779998779296875,45.7400016784668,45.7400016784668,1761,0.0,0.0,0.0
2023-06-07 10:30:00-04:00,45.709999084472656,45.709999084472656,45.619998931884766,45.619998931884766,1317,0.0,0.0,0.0
2023-06-07 11:30:00-04:00,45.61000061035156,45.61000061035156,45.561798095703125,45.561798095703125,1240,0.0,0.0,0.0
2023-06-07 13:30:00-04:00,45.540000915527344,45.540000915527344,45.515499114990234,45.515499114990234,574,0.0,0.0,0.0
2023-06-07 14:30:00-04:00,45.52069854736328,45.56079864501953,45.52069854736328,45.54079818725586,1470,0.0,0.0,0.0
2023-06-07 15:30:00-04:00,45.5099983215332,45.519901275634766,45.5099983215332,45.519901275634766,110,0.0,0.0,0.0
2023-06-08 09:30:00-04:00,45.68000030517578,45.689300537109375,45.68000030517578,45.689300537109375,0,0.0,0.0,0.0
2023-06-08 12:30:00-04:00,45.78839874267578,45.78839874267578,45.78839874267578,45.78839874267578,434,0.0,0.0,0.0
2023-06-08 15:30:00-04:00,45.83000183105469,45.83000183105469,45.810001373291016,45.810001373291016,201,0.0,0.0,0.0
2023-06-09 09:30:00-04:00,45.68000030517578,45.68000030517578,45.599998474121094,45.65999984741211,0,0.0,0.0,0.0
2023-06-09 10:30:00-04:00,45.65620040893555,45.65620040893555,45.65620040893555,45.65620040893555,315,0.0,0.0,0.0
2023-06-09 12:30:00-04:00,45.71009826660156,45.71009826660156,45.71009826660156,45.71009826660156,212,0.0,0.0,0.0
2023-06-09 14:30:00-04:00,45.71160125732422,45.720001220703125,45.709999084472656,45.709999084472656,535,0.0,0.0,0.0
2023-06-09 15:30:00-04:00,45.72909927368164,45.72909927368164,45.70249938964844,45.70249938964844,811,0.0,0.0,0.0
2023-06-12 09:30:00-04:00,45.75,45.75,45.56999969482422,45.56999969482422,0,0.0,0.0,0.0
2023-06-12 12:30:00-04:00,45.59000015258789,45.59000015258789,45.59000015258789,45.59000015258789,527,0.0,0.0,0.0
2023-06-12 14:30:00-04:00,45.698699951171875,45.698699951171875,45.698699951171875,45.698699951171875,931,0.0,0.0,0.0
2023-06-12 15:30:00-04:00,45.75,45.75,45.735198974609375,45.75,600,0.0,0.0,0.0
2023-06-13 09:30:00-04:00,45.79999923706055,45.79999923706055,45.58000183105469,45.58000183105469,0,0.0,0.0,0.0
2023-06-13 10:30:00-04:00,45.619998931884766,45.619998931884766,45.60060119628906,45.60060119628906,760,0.0,0.0,0.0
2023-06-13 11:30:00-04:00,45.56999969482422,45.56999969482422,45.56999969482422,45.56999969482422,170,0.0,0.0,0.0
2023-06-13 12:30:00-04:00,45.599998474121094,45.599998474121094,45.59000015258789,45.59000015258789,533,0.0,0.0,0.0
2023-06-13 14:30:00-04:00,45.380001068115234,45.41379928588867,45.380001068115234,45.41379928588867,0,0.0,0.0,0.0
2023-06-14 09:30:00-04:00,45.52000045776367,45.58000183105469,45.52000045776367,45.56999969482422,865,0.0,0.0,0.0
2023-06-14 11:30:00-04:00,45.589698791503906,45.589698791503906,45.589698791503906,45.589698791503906,1119,0.0,0.0,0.0
2023-06-14 12:30:00-04:00,45.564998626708984,45.56999969482422,45.560001373291016,45.56999969482422,1071,0.0,0.0,0.0
2023-06-14 14:30:00-04:00,45.52000045776367,45.52000045776367,45.5,45.5,554,0.0,0.0,0.0
2023-06-14 15:30:00-04:00,45.54999923706055,45.559898376464844,45.5,45.5,759,0.0,0.0,0.0
2023-06-15 09:30:00-04:00,45.77000045776367,45.84000015258789,45.77000045776367,45.84000015258789,0,0.0,0.0,0.0
2023-06-15 10:30:00-04:00,45.900001525878906,45.900001525878906,45.72010040283203,45.72010040283203,1267,0.0,0.0,0.0
2023-06-15 12:30:00-04:00,45.84000015258789,45.84000015258789,45.82360076904297,45.83000183105469,2120,0.0,0.0,0.0
2023-06-15 13:30:00-04:00,45.83000183105469,45.83000183105469,45.81719970703125,45.81999969482422,3535,0.0,0.0,0.0
2023-06-15 14:30:00-04:00,45.86000061035156,45.86000061035156,45.81999969482422,45.81999969482422,445,0.0,0.0,0.0
2023-06-16 09:30:00-04:00,45.619998931884766,45.70000076293945,45.599998474121094,45.599998474121094,0,0.0,0.0,0.0
2023-06-16 10:30:00-04:00,45.68000030517578,45.683998107910156,45.630001068115234,45.66999816894531,1052,0.0,0.0,0.0
2023-06-16 11:30:00-04:00,45.689998626708984,45.69599914550781,45.689998626708984,45.69599914550781,424,0.0,0.0,0.0
2023-06-16 15:30:00-04:00,45.66849899291992,45.689998626708984,45.66849899291992,45.67340087890625,2252,0.0,0.0,0.0
2023-06-20 09:30:00-04:00,45.66999816894531,45.869998931884766,45.66999816894531,45.869998931884766,4001,0.0,0.0,0.0
2023-06-20 10:30:00-04:00,45.88999938964844,45.88999938964844,45.870399475097656,45.88999938964844,500,0.0,0.0,0.0
2023-06-20 11:30:00-04:00,45.866798400878906,45.866798400878906,45.849998474121094,45.849998474121094,200,0.0,0.0,0.0
2023-06-20 12:30:00-04:00,45.90829849243164,45.90829849243164,45.867801666259766,45.867801666259766,923,0.0,0.0,0.0
2023-06-20 13:30:00-04:00,45.86000061035156,45.86000061035156,45.83000183105469,45.83000183105469,1325,0.0,0.0,0.0
2023-06-20 15:30:00-04:00,45.81999969482422,45.81999969482422,45.79999923706055,45.79999923706055,0,0.0,0.0,0.0
2023-06-21 09:30:00-04:00,45.689998626708984,45.689998626708984,45.61000061035156,45.61130142211914,6374,0.0,0.0,0.0
2023-06-21 10:30:00-04:00,45.61000061035156,45.70000076293945,45.594398498535156,45.630001068115234,5387,0.0,0.0,0.0
2023-06-21 11:30:00-04:00,45.64899826049805,45.689998626708984,45.6427001953125,45.68899917602539,1237,0.0,0.0,0.0
2023-06-21 12:30:00-04:00,45.689998626708984,45.790000915527344,45.689998626708984,45.78990173339844,531,0.0,0.0,0.0
2023-06-21 13:30:00-04:00,45.79999923706055,45.86899948120117,45.799800872802734,45.86629867553711,2358,0.0,0.0,0.0
2023-06-21 14:30:00-04:00,45.880001068115234,45.880001068115234,45.84550094604492,45.84550094604492,2178,0.0,0.0,0.0
2023-06-21 15:30:00-04:00,45.869998931884766,45.869998931884766,45.84550094604492,45.869998931884766,171,0.0,0.0,0.0
2023-06-22 09:30:00-04:00,45.720001220703125,45.79899978637695,45.65829849243164,45.65829849243164,0,0.0,0.0,0.0
2023-06-22 10:30:00-04:00,45.65010070800781,45.65999984741211,45.599998474121094,45.61000061035156,5022,0.0,0.0,0.0
2023-06-22 11:30:00-04:00,45.619998931884766,45.6349983215332,45.58140182495117,45.59920120239258,7465,0.0,0.0,0.0
2023-06-22 12:30:00-04:00,45.59000015258789,45.599998474121094,45.529998779296875,45.529998779296875,1846,0.0,0.0,0.0
2023-06-22 13:30:00-04:00,45.599998474121094,45.61000061035156,45.599998474121094,45.61000061035156,6215,0.0,0.0,0.0
2023-06-22 14:30:00-04:00,45.61000061035156,45.61000061035156,45.56999969482422,45.59000015258789,4249,0.0,0.0,0.0
2023-06-22 15:30:00-04:00,45.599998474121094,45.599998474121094,45.564998626708984,45.58000183105469,0,0.0,0.0,0.0
2023-06-23 09:30:00-04:00,45.97999954223633,45.97999954223633,45.849998474121094,45.849998474121094,7240,0.0,0.0,0.0
2023-06-23 10:30:00-04:00,45.849998474121094,45.849998474121094,45.72999954223633,45.72999954223633,724,0.0,0.0,0.0
2023-06-23 11:30:00-04:00,45.790000915527344,45.79999923706055,45.775001525878906,45.779998779296875,2719,0.0,0.0,0.0
2023-06-23 13:30:00-04:00,45.77989959716797,45.784000396728516,45.77989959716797,45.784000396728516,654,0.0,0.0,0.0
2023-06-23 15:30:00-04:00,45.810001373291016,45.810001373291016,45.79999923706055,45.79999923706055,202,0.0,0.0,0.0
2023-06-26 09:30:00-04:00,45.90999984741211,45.90999984741211,45.83639907836914,45.849998474121094,7082,0.0,0.0,0.0
2023-06-26 10:30:00-04:00,45.880001068115234,45.939998626708984,45.869998931884766,45.939998626708984,1016,0.0,0.0,0.0
2023-06-26 11:30:00-04:00,45.90999984741211,45.90999984741211,45.84000015258789,45.84000015258789,655,0.0,0.0,0.0
2023-06-26 12:30:00-04:00,45.869998931884766,45.880001068115234,45.869998931884766,45.880001068115234,3520,0.0,0.0,0.0
2023-06-26 13:30:00-04:00,45.86349868774414,45.86349868774414,45.86349868774414,45.86349868774414,287,0.0,0.0,0.0
2023-06-26 14:30:00-04:00,45.891700744628906,45.891700744628906,45.869998931884766,45.869998931884766,580,0.0,0.0,0.0
2023-06-26 15:30:00-04:00,45.889400482177734,45.88999938964844,45.880001068115234,45.88999938964844,0,0.0,0.0,0.0
2023-06-27 09:30:00-04:00,45.920101165771484,45.970001220703125,45.779998779296875,45.779998779296875,4794,0.0,0.0,0.0
2023-06-27 10:30:00-04:00,45.75,45.7599983215332,45.68000030517578,45.68000030517578,3304,0.0,0.0,0.0
2023-06-27 11:30:00-04:00,45.706298828125,45.74399948120117,45.69300079345703,45.7400016784668,1174,0.0,0.0,0.0
2023-06-27 12:30:00-04:00,45.709999084472656,45.709999084472656,45.709999084472656,45.709999084472656,502,0.0,0.0,0.0
2023-06-27 13:30:00-04:00,45.729000091552734,45.72999954223633,45.699100494384766,45.70000076293945,5186,0.0,0.0,0.0
2023-06-27 14:30:00-04:00,45.720001220703125,45.720001220703125,45.720001220703125,45.720001220703125,206,0.0,0.0,0.0
2023-06-27 15:30:00-04:00,45.75,45.75,45.72629928588867,45.75,451,0.0,0.0,0.0
2023-06-28 09:30:00-04:00,45.79010009765625,45.81999969482422,45.75,45.77000045776367,0,0.0,0.0,0.0
2023-06-28 10:30:00-04:00,45.74100112915039,45.779998779296875,45.7400016784668,45.779998779296875,6619,0.0,0.0,0.0
2023-06-28 12:30:00-04:00,45.86899948120117,45.900001525878906,45.865501403808594,45.900001525878906,1007,0.0,0.0,0.0
2023-06-28 13:30:00-04:00,45.92900085449219,45.93000030517578,45.92900085449219,45.93000030517578,1453,0.0,0.0,0.0
2023-06-28 15:30:00-04:00,45.91999816894531,45.91999816894531,45.909698486328125,45.909698486328125,0,0.0,0.0,0.0
2023-06-29 09:30:00-04:00,45.5,45.5,45.349998474121094,45.43939971923828,10293,0.0,0.0,0.0
2023-06-29 10:30:00-04:00,45.38999938964844,45.50849914550781,45.38999938964844,45.50849914550781,2522,0.0,0.0,0.0
2023-06-29 11:30:00-04:00,45.41999816894531,45.41999816894531,45.41999816894531,45.41999816894531,411,0.0,0.0,0.0
2023-06-29 14:30:00-04:00,45.42219924926758,45.42219924926758,45.369998931884766,45.404998779296875,1070,0.0,0.0,0.0
2023-06-29 15:30:00-04:00,45.439998626708984,45.439998626708984,45.439998626708984,45.439998626708984,0,0.0,0.0,0.0
2023-06-30 09:30:00-04:00,45.439998626708984,45.47119903564453,45.43000030517578,45.47119903564453,8263,0.0,0.0,0.0
2023-06-30 10:30:00-04:00,45.43000030517578,45.529998779296875,45.43000030517578,45.529998779296875,881,0.0,0.0,0.0
2023-06-30 11:30:00-04:00,45.540000915527344,45.540000915527344,45.53879928588867,45.53879928588867,3780,0.0,0.0,0.0
2023-06-30 12:30:00-04:00,45.56999969482422,45.57780075073242,45.560001373291016,45.57780075073242,619,0.0,0.0,0.0
2023-06-30 13:30:00-04:00,45.55160140991211,45.560001373291016,45.54999923706055,45.560001373291016,1674,0.0,0.0,0.0
2023-06-30 14:30:00-04:00,45.555999755859375,45.555999755859375,45.54499816894531,45.54999923706055,1665,0.0,0.0,0.0
2023-06-30 15:30:00-04:00,45.587398529052734,45.59000015258789,45.52939987182617,45.59000015258789,401,0.0,0.0,0.0
2023-07-03 09:30:00-04:00,45.43000030517578,45.560001373291016,45.38999938964844,45.4900016784668,0,0.0,0.0,0.0
2023-07-03 10:30:00-04:00,45.45000076293945,45.45000076293945,45.31999969482422,45.349998474121094,5513,0.0,0.0,0.0
2023-07-03 11:30:00-04:00,45.31999969482422,45.33000183105469,45.310001373291016,45.310001373291016,2684,0.0,0.0,0.0
2023-07-03 12:30:00-04:00,45.29999923706055,45.29999923706055,45.27000045776367,45.279998779296875,349,0.0,0.0,0.0
2023-07-05 09:30:00-04:00,45.25,45.25899887084961,45.16999816894531,45.209999084472656,0,0.0,0.0,0.0
2023-07-05 10:30:00-04:00,45.15999984741211,45.15999984741211,45.11000061035156,45.130001068115234,1306,0.0,0.0,0.0
2023-07-05 11:30:00-04:00,45.08000183105469,45.08000183105469,45.040000915527344,45.040000915527344,324,0.0,0.0,0.0
2023-07-05 12:30:00-04:00,45.059898376464844,45.059898376464844,44.9900016784668,44.9900016784668,4148,0.0,0.0,0.0
2023-07-05 13:30:00-04:00,45.0,45.0,44.939998626708984,44.959999084472656,1443,0.0,0.0,0.0
2023-07-05 14:30:00-04:00,44.951698303222656,44.959999084472656,44.939998626708984,44.939998626708984,3942,0.0,0.0,0.0
2023-07-05 15:30:00-04:00,45.0,45.0,44.97999954223633,45.0,0,0.0,0.0,0.0
2023-07-06 09:30:00-04:00,44.650001525878906,44.7599983215332,44.5099983215332,44.529998779296875,15058,0.0,0.0,0.0
2023-07-06 10:30:00-04:00,44.47999954223633,44.512298583984375,44.470001220703125,44.470001220703125,1747,0.0,0.0,0.0
2023-07-06 11:30:00-04:00,44.4900016784668,44.529998779296875,44.4900016784668,44.529998779296875,1271,0.0,0.0,0.0
2023-07-06 12:30:00-04:00,44.588401794433594,44.588401794433594,44.56999969482422,44.58000183105469,1258,0.0,0.0,0.0
2023-07-06 13:30:00-04:00,44.59049987792969,44.61000061035156,44.59000015258789,44.61000061035156,1914,0.0,0.0,0.0
2023-07-06 14:30:00-04:00,44.62929916381836,44.62929916381836,44.59000015258789,44.59000015258789,2413,0.0,0.0,0.0
2023-07-06 15:30:00-04:00,44.62900161743164,44.630001068115234,44.61159896850586,44.61159896850586,0,0.0,0.0,0.0
2023-07-07 09:30:00-04:00,44.540000915527344,44.66999816894531,44.52000045776367,44.650001525878906,22960,0.0,0.0,0.0
2023-07-07 10:30:00-04:00,44.630001068115234,44.689998626708984,44.62919998168945,44.62919998168945,2598,0.0,0.0,0.0
2023-07-07 11:30:00-04:00,44.655601501464844,44.66999816894531,44.650001525878906,44.66999816894531,457,0.0,0.0,0.0
2023-07-07 12:30:00-04:00,44.59000015258789,44.59000015258789,44.58259963989258,44.58259963989258,675,0.0,0.0,0.0
2023-07-07 14:30:00-04:00,44.60820007324219,44.60820007324219,44.560001373291016,44.560001373291016,941,0.0,0.0,0.0
2023-07-07 15:30:00-04:00,44.52000045776367,44.53499984741211,44.52000045776367,44.53499984741211,467,0.0,0.0,0.0
2023-07-10 09:30:00-04:00,44.560001373291016,44.68009948730469,44.560001373291016,44.654998779296875,0,0.0,0.0,0.0
2023-07-10 10:30:00-04:00,44.65999984741211,44.720001220703125,44.61000061035156,44.720001220703125,4274,0.0,0.0,0.0
2023-07-10 11:30:00-04:00,44.70209884643555,44.7328987121582,44.689998626708984,44.7328987121582,5560,0.0,0.0,0.0
2023-07-10 12:30:00-04:00,44.77000045776367,44.780399322509766,44.7599983215332,44.77220153808594,5858,0.0,0.0,0.0
2023-07-10 13:30:00-04:00,44.80500030517578,44.80500030517578,44.790000915527344,44.790000915527344,3761,0.0,0.0,0.0
2023-07-10 14:30:00-04:00,44.7599983215332,44.7599983215332,44.7599983215332,44.7599983215332,237,0.0,0.0,0.0
2023-07-10 15:30:00-04:00,44.761199951171875,44.764198303222656,44.7400016784668,44.74020004272461,0,0.0,0.0,0.0
2023-07-11 09:30:00-04:00,44.810001373291016,44.83000183105469,44.7781982421875,44.779998779296875,2214,0.0,0.0,0.0
2023-07-11 10:30:00-04:00,44.83000183105469,44.83110046386719,44.83000183105469,44.83000183105469,494,0.0,0.0,0.0
2023-07-11 11:30:00-04:00,44.81999969482422,44.8306999206543,44.81999969482422,44.8306999206543,0,0.0,0.0,0.0
2023-07-11 12:30:00-04:00,44.87300109863281,44.87300109863281,44.87300109863281,44.87300109863281,4718,0.0,0.0,0.0
2023-07-11 14:30:00-04:00,44.84000015258789,44.86000061035156,44.81999969482422,44.81999969482422,1682,0.0,0.0,0.0
2023-07-11 15:30:00-04:00,44.83000183105469,44.840301513671875,44.83000183105469,44.840301513671875,0,0.0,0.0,0.0
2023-07-12 09:30:00-04:00,45.150001525878906,45.22999954223633,45.07120132446289,45.184200286865234,10633,0.0,0.0,0.0
2023-07-12 10:30:00-04:00,45.179901123046875,45.27920150756836,45.16999816894531,45.27920150756836,17194,0.0,0.0,0.0
2023-07-12 11:30:00-04:00,45.28499984741211,45.33000183105469,45.279998779296875,45.30910110473633,4240,0.0,0.0,0.0
2023-07-12 12:30:00-04:00,45.33000183105469,45.359901428222656,45.29999923706055,45.29999923706055,2554,0.0,0.0,0.0
2023-07-12 13:30:00-04:00,45.298301696777344,45.319000244140625,45.27629852294922,45.279998779296875,6383,0.0,0.0,0.0
2023-07-12 14:30:00-04:00,45.27360153198242,45.30500030517578,45.27009963989258,45.27009963989258,2403,0.0,0.0,0.0
2023-07-12 15:30:00-04:00,45.279998779296875,45.290000915527344,45.279998779296875,45.28499984741211,2404,0.0,0.0,0.0
2023-07-13 09:30:00-04:00,45.529998779296875,45.563899993896484,45.47999954223633,45.47999954223633,0,0.0,0.0,0.0
2023-07-13 10:30:00-04:00,45.5,45.5,45.46969985961914,45.46969985961914,1084,0.0,0.0,0.0
2023-07-13 11:30:00-04:00,45.54999923706055,45.650001525878906,45.54999923706055,45.650001525878906,5648,0.0,0.0,0.0
2023-07-13 12:30:00-04:00,45.65999984741211,45.66999816894531,45.63999938964844,45.63999938964844,42899,0.0,0.0,0.0
2023-07-13 13:30:00-04:00,45.62900161743164,45.68000030517578,45.619998931884766,45.650001525878906,2911,0.0,0.0,0.0
2023-07-13 14:30:00-04:00,45.6593017578125,45.68000030517578,45.6593017578125,45.68000030517578,526,0.0,0.0,0.0
2023-07-13 15:30:00-04:00,45.650001525878906,45.68000030517578,45.650001525878906,45.65999984741211,554,0.0,0.0,0.0
2023-07-14 09:30:00-04:00,45.720001220703125,45.720001220703125,45.5,45.5099983215332,5776,0.0,0.0,0.0
2023-07-14 10:30:00-04:00,45.54999923706055,45.630001068115234,45.54999923706055,45.56639862060547,11694,0.0,0.0,0.0
2023-07-14 11:30:00-04:00,45.54600143432617,45.55839920043945,45.47999954223633,45.4900016784668,10705,0.0,0.0,0.0
2023-07-14 12:30:00-04:00,45.470001220703125,45.52000045776367,45.459999084472656,45.5099983215332,6389,0.0,0.0,0.0
2023-07-14 14:30:00-04:00,45.4900016784668,45.4900016784668,45.470001220703125,45.470001220703125,825,0.0,0.0,0.0
2023-07-14 15:30:00-04:00,45.439998626708984,45.448699951171875,45.435001373291016,45.44419860839844,1326,0.0,0.0,0.0
2023-07-17 09:30:00-04:00,45.4900016784668,45.4900016784668,45.41999816894531,45.45000076293945,0,0.0,0.0,0.0
2023-07-17 10:30:00-04:00,45.46500015258789,45.46500015258789,45.43550109863281,45.43550109863281,711,0.0,0.0,0.0
2023-07-17 11:30:00-04:00,45.459999084472656,45.459999084472656,45.459999084472656,45.459999084472656,200,0.0,0.0,0.0
2023-07-17 12:30:00-04:00,45.500701904296875,45.500701904296875,45.500701904296875,45.500701904296875,441,0.0,0.0,0.0
2023-07-17 13:30:00-04:00,45.49700164794922,45.52000045776367,45.49700164794922,45.51499938964844,2445,0.0,0.0,0.0
2023-07-17 14:30:00-04:00,45.54999923706055,45.54999923706055,45.505001068115234,45.50630187988281,1363,0.0,0.0,0.0
2023-07-18 09:30:00-04:00,45.630001068115234,45.68009948730469,45.630001068115234,45.68009948730469,3855,0.0,0.0,0.0
2023-07-18 10:30:00-04:00,45.709999084472656,45.709999084472656,45.68000030517578,45.68000030517578,472,0.0,0.0,0.0
2023-07-18 11:30:00-04:00,45.65950012207031,45.65999984741211,45.62929916381836,45.62929916381836,4626,0.0,0.0,0.0
2023-07-18 12:30:00-04:00,45.62900161743164,45.630001068115234,45.5989990234375,45.599998474121094,7275,0.0,0.0,0.0
2023-07-18 13:30:00-04:00,45.619998931884766,45.619998931884766,45.563499450683594,45.61909866333008,3286,0.0,0.0,0.0
2023-07-18 14:30:00-04:00,45.599998474121094,45.599998474121094,45.55009841918945,45.55009841918945,11987,0.0,0.0,0.0
2023-07-18 15:30:00-04:00,45.569000244140625,45.59000015258789,45.565399169921875,45.565399169921875,0,0.0,0.0,0.0
2023-07-19 09:30:00-04:00,45.66999816894531,45.689998626708984,45.56999969482422,45.60820007324219,11322,0.0,0.0,0.0
2023-07-19 10:30:00-04:00,45.599998474121094,45.65999984741211,45.599998474121094,45.64929962158203,3626,0.0,0.0,0.0
2023-07-19 11:30:00-04:00,45.599998474121094,45.66999816894531,45.599998474121094,45.66999816894531,1156,0.0,0.0,0.0
2023-07-19 12:30:00-04:00,45.689998626708984,45.72999954223633,45.68830108642578,45.689998626708984,2962,0.0,0.0,0.0
2023-07-19 13:30:00-04:00,45.709999084472656,45.709999084472656,45.709999084472656,45.709999084472656,177,0.0,0.0,0.0
2023-07-19 14:30:00-04:00,45.76900100708008,45.77989959716797,45.74919891357422,45.7588005065918,10546,0.0,0.0,0.0
2023-07-19 15:30:00-04:00,45.749900817871094,45.77000045776367,45.749900817871094,45.76499938964844,0,0.0,0.0,0.0
2023-07-20 09:30:00-04:00,45.54999923706055,45.54999923706055,45.400001525878906,45.400001525878906,5711,0.0,0.0,0.0
2023-07-20 10:30:00-04:00,45.415000915527344,45.415000915527344,45.37189865112305,45.37770080566406,6151,0.0,0.0,0.0
2023-07-20 11:30:00-04:00,45.38999938964844,45.38999938964844,45.38999938964844,45.38999938964844,216,0.0,0.0,0.0
2023-07-20 12:30:00-04:00,45.31999969482422,45.31999969482422,45.31999969482422,45.31999969482422,144,0.0,0.0,0.0
2023-07-20 13:30:00-04:00,45.36859893798828,45.375999450683594,45.36859893798828,45.375999450683594,413,0.0,0.0,0.0
2023-07-20 14:30:00-04:00,45.380001068115234,45.380001068115234,45.380001068115234,45.380001068115234,115,0.0,0.0,0.0
2023-07-20 15:30:00-04:00,45.40999984741211,45.40999984741211,45.38999938964844,45.38999938964844,0,0.0,0.0,0.0
2023-07-21 09:30:00-04:00,45.5,45.529998779296875,45.474998474121094,45.474998474121094,8965,0.0,0.0,0.0
2023-07-21 10:30:00-04:00,45.4900016784668,45.508399963378906,45.47999954223633,45.49380111694336,4250,0.0,0.0,0.0
2023-07-21 11:30:00-04:00,45.494998931884766,45.494998931884766,45.459999084472656,45.470001220703125,2545,0.0,0.0,0.0
2023-07-21 13:30:00-04:00,45.470001220703125,45.47990036010742,45.459999084472656,45.459999084472656,1852,0.0,0.0,0.0
2023-07-21 14:30:00-04:00,45.42499923706055,45.42499923706055,45.41999816894531,45.41999816894531,865,0.0,0.0,0.0
2023-07-21 15:30:00-04:00,45.45000076293945,45.45000076293945,45.43009948730469,45.435001373291016,2401,0.0,0.0,0.0
2023-07-24 09:30:00-04:00,45.52989959716797,45.53499984741211,45.47999954223633,45.48500061035156,0,0.0,0.0,0.0
2023-07-24 10:30:00-04:00,45.47999954223633,45.47999954223633,45.47999954223633,45.47999954223633,261,0.0,0.0,0.0
2023-07-24 11:30:00-04:00,45.441200256347656,45.44499969482422,45.34080123901367,45.34080123901367,1699,0.0,0.0,0.0
2023-07-24 12:30:00-04:00,45.36199951171875,45.36199951171875,45.36199951171875,45.36199951171875,310,0.0,0.0,0.0
2023-07-24 13:30:00-04:00,45.33000183105469,45.349998474121094,45.33000183105469,45.349998474121094,493,0.0,0.0,0.0
2023-07-24 14:30:00-04:00,45.36600112915039,45.369998931884766,45.36600112915039,45.369998931884766,402,0.0,0.0,0.0
2023-07-24 15:30:00-04:00,45.31999969482422,45.31999969482422,45.290000915527344,45.317100524902344,233,0.0,0.0,0.0
2023-07-25 09:30:00-04:00,45.15999984741211,45.2400016784668,45.13999938964844,45.209999084472656,0,0.0,0.0,0.0
2023-07-25 10:30:00-04:00,45.22999954223633,45.22999954223633,45.18519973754883,45.18519973754883,492,0.0,0.0,0.0
2023-07-25 11:30:00-04:00,45.25,45.26319885253906,45.25,45.26319885253906,1800,0.0,0.0,0.0
2023-07-25 12:30:00-04:00,45.209999084472656,45.209999084472656,45.20140075683594,45.20140075683594,960,0.0,0.0,0.0
2023-07-25 13:30:00-04:00,45.16999816894531,45.16999816894531,45.15999984741211,45.15999984741211,10960,0.0,0.0,0.0
2023-07-25 14:30:00-04:00,45.150001525878906,45.20000076293945,45.150001525878906,45.189998626708984,816,0.0,0.0,0.0
2023-07-25 15:30:00-04:00,45.209999084472656,45.220001220703125,45.209999084472656,45.220001220703125,0,0.0,0.0,0.0
2023-07-26 09:30:00-04:00,45.33000183105469,45.33000183105469,45.25,45.29199981689453,17532,0.0,0.0,0.0
2023-07-26 10:30:00-04:00,45.29499816894531,45.310001373291016,45.2599983215332,45.290000915527344,1966,0.0,0.0,0.0
2023-07-26 11:30:00-04:00,45.310001373291016,45.310001373291016,45.28010177612305,45.28010177612305,343,0.0,0.0,0.0
2023-07-26 12:30:00-04:00,45.26900100708008,45.27000045776367,45.22999954223633,45.22999954223633,1544,0.0,0.0,0.0
2023-07-26 13:30:00-04:00,45.2599983215332,45.2599983215332,45.220001220703125,45.25,528,0.0,0.0,0.0
2023-07-26 14:30:00-04:00,45.20000076293945,45.38999938964844,45.20000076293945,45.357200622558594,0,0.0,0.0,0.0
2023-07-27 09:30:00-04:00,45.22999954223633,45.25019836425781,45.06999969482422,45.06999969482422,4911,0.0,0.0,0.0
2023-07-27 10:30:00-04:00,45.08000183105469,45.08000183105469,45.02000045776367,45.02980041503906,4137,0.0,0.0,0.0
2023-07-27 11:30:00-04:00,45.06999969482422,45.06999969482422,45.06999969482422,45.06999969482422,306,0.0,0.0,0.0
2023-07-27 12:30:00-04:00,45.078800201416016,45.078800201416016,44.880001068115234,44.970001220703125,3352,0.0,0.0,0.0
2023-07-27 13:30:00-04:00,44.970001220703125,44.970001220703125,44.880001068115234,44.880001068115234,4810,0.0,0.0,0.0
2023-07-27 14:30:00-04:00,44.81999969482422,44.834999084472656,44.79999923706055,44.83000183105469,2155,0.0,0.0,0.0
2023-07-27 15:30:00-04:00,44.86899948120117,44.869998931884766,44.85499954223633,44.85499954223633,905,0.0,0.0,0.0
2023-07-28 09:30:00-04:00,44.939998626708984,45.02000045776367,44.939998626708984,44.97999954223633,0,0.0,0.0,0.0
2023-07-28 10:30:00-04:00,44.974998474121094,45.04499816894531,44.974998474121094,45.03010177612305,567,0.0,0.0,0.0
2023-07-28 11:30:00-04:00,45.0,45.0,44.970001220703125,44.97999954223633,6073,0.0,0.0,0.0
2023-07-28 12:30:00-04:00,45.0,45.000099182128906,44.95000076293945,44.95000076293945,1551,0.0,0.0,0.0
2023-07-28 14:30:00-04:00,44.97819900512695,45.007198333740234,44.97819900512695,45.007198333740234,742,0.0,0.0,0.0
2023-07-31 09:30:00-04:00,44.9900016784668,45.060001373291016,44.98830032348633,45.040000915527344,0,0.0,0.0,0.0
2023-07-31 10:30:00-04:00,45.04999923706055,45.04999923706055,45.04999923706055,45.04999923706055,320,0.0,0.0,0.0
2023-07-31 11:30:00-04:00,45.08000183105469,45.08000183105469,45.06999969482422,45.06999969482422,342,0.0,0.0,0.0
2023-07-31 12:30:00-04:00,45.12089920043945,45.12089920043945,45.12089920043945,45.12089920043945,202,0.0,0.0,0.0
2023-07-31 13:30:00-04:00,45.119998931884766,45.119998931884766,45.119998931884766,45.119998931884766,222,0.0,0.0,0.0
2023-07-31 14:30:00-04:00,45.060001373291016,45.060001373291016,45.0,45.0,302,0.0,0.0,0.0
2023-07-31 15:30:00-04:00,45.0099983215332,45.04999923706055,45.0099983215332,45.02669906616211,0,0.0,0.0,0.0
2023-08-01 09:30:00-04:00,44.70000076293945,44.709999084472656,44.56999969482422,44.600101470947266,3996,0.0,0.0,0.0
2023-08-01 10:30:00-04:00,44.6349983215332,44.660099029541016,44.6349983215332,44.654998779296875,1583,0.0,0.0,0.0
2023-08-01 11:30:00-04:00,44.61000061035156,44.61000061035156,44.61000061035156,44.61000061035156,690,0.0,0.0,0.0
2023-08-01 12:30:00-04:00,44.54999923706055,44.58539962768555,44.54999923706055,44.5807991027832,2264,0.0,0.0,0.0
2023-08-01 14:30:00-04:00,44.575401306152344,44.5890007019043,44.56999969482422,44.5890007019043,2590,0.0,0.0,0.0
2023-08-01 15:30:00-04:00,44.5989990234375,44.619998931884766,44.59000015258789,44.619998931884766,0,0.0,0.0,0.0
2023-08-02 09:30:00-04:00,44.439998626708984,44.470001220703125,44.40409851074219,44.410099029541016,4022,0.0,0.0,0.0
2023-08-02 10:30:00-04:00,44.40999984741211,44.40999984741211,44.310699462890625,44.310699462890625,11625,0.0,0.0,0.0
2023-08-02 11:30:00-04:00,44.34049987792969,44.439998626708984,44.34049987792969,44.439998626708984,1716,0.0,0.0,0.0
2023-08-02 12:30:00-04:00,44.46900177001953,44.5,44.46900177001953,44.5,1271,0.0,0.0,0.0
2023-08-02 13:30:00-04:00,44.474998474121094,44.474998474121094,44.46989822387695,44.470001220703125,2113,0.0,0.0,0.0
2023-08-02 14:30:00-04:00,44.4984016418457,44.5,44.4984016418457,44.5,1125,0.0,0.0,0.0
2023-08-02 15:30:00-04:00,44.5099983215332,44.51919937133789,44.4900016784668,44.4900016784668,0,0.0,0.0,0.0
2023-08-03 09:30:00-04:00,44.150001525878906,44.18009948730469,44.099998474121094,44.13999938964844,6336,0.0,0.0,0.0
2023-08-03 10:30:00-04:00,44.13999938964844,44.18000030517578,44.06999969482422,44.18000030517578,3929,0.0,0.0,0.0
2023-08-03 11:30:00-04:00,44.165000915527344,44.165000915527344,44.08000183105469,44.08000183105469,2417,0.0,0.0,0.0
2023-08-03 12:30:00-04:00,44.124298095703125,44.14899826049805,44.060001373291016,44.060001373291016,1667,0.0,0.0,0.0
2023-08-03 13:30:00-04:00,44.11000061035156,44.11000061035156,44.11000061035156,44.11000061035156,461,0.0,0.0,0.0
2023-08-03 14:30:00-04:00,44.09989929199219,44.09989929199219,44.0797004699707,44.085201263427734,2162,0.0,0.0,0.0
2023-08-03 15:30:00-04:00,44.080101013183594,44.084999084472656,44.08000183105469,44.084999084472656,0,0.0,0.0,0.0
2023-08-04 09:30:00-04:00,44.27170181274414,44.45000076293945,44.27170181274414,44.439998626708984,22601,0.0,0.0,0.0
2023-08-04 10:30:00-04:00,44.45000076293945,44.459999084472656,44.380001068115234,44.4552001953125,5193,0.0,0.0,0.0
2023-08-04 11:30:00-04:00,44.45009994506836,44.5099983215332,44.45009994506836,44.5078010559082,2924,0.0,0.0,0.0
2023-08-04 12:30:00-04:00,44.529998779296875,44.53010177612305,44.50910186767578,44.50910186767578,2188,0.0,0.0,0.0
2023-08-04 13:30:00-04:00,44.5099983215332,44.53900146484375,44.500099182128906,44.527198791503906,3251,0.0,0.0,0.0
2023-08-04 14:30:00-04:00,44.52939987182617,44.619998931884766,44.52000045776367,44.619998931884766,4396,0.0,0.0,0.0
2023-08-04 15:30:00-04:00,44.6150016784668,44.62929916381836,44.61000061035156,44.61000061035156,1559,0.0,0.0,0.0
2023-08-07 09:30:00-04:00,44.529998779296875,44.54999923706055,44.459999084472656,44.47999954223633,0,0.0,0.0,0.0
2023-08-07 10:30:00-04:00,44.51900100708008,44.51900100708008,44.43000030517578,44.47819900512695,849,0.0,0.0,0.0
2023-08-07 11:30:00-04:00,44.45920181274414,44.45920181274414,44.429901123046875,44.429901123046875,548,0.0,0.0,0.0
2023-08-07 12:30:00-04:00,44.470001220703125,44.470001220703125,44.45500183105469,44.45500183105469,1853,0.0,0.0,0.0
2023-08-07 13:30:00-04:00,44.4640007019043,44.5,44.459999084472656,44.5,2728,0.0,0.0,0.0
2023-08-07 14:30:00-04:00,44.48899841308594,44.4900016784668,44.459999084472656,44.459999084472656,993,0.0,0.0,0.0
2023-08-07 15:30:00-04:00,44.457698822021484,44.45949935913086,44.45000076293945,44.45000076293945,0,0.0,0.0,0.0
2023-08-08 09:30:00-04:00,44.75,44.84000015258789,44.749298095703125,44.81990051269531,6680,0.0,0.0,0.0
2023-08-08 10:30:00-04:00,44.790000915527344,44.790000915527344,44.72999954223633,44.72999954223633,6549,0.0,0.0,0.0
2023-08-08 11:30:00-04:00,44.72919845581055,44.744998931884766,44.709999084472656,44.720001220703125,2962,0.0,0.0,0.0
2023-08-08 12:30:00-04:00,44.720001220703125,44.7400016784668,44.70000076293945,44.70000076293945,3608,0.0,0.0,0.0
2023-08-08 13:30:00-04:00,44.70000076293945,44.720001220703125,44.70000076293945,44.70000076293945,5695,0.0,0.0,0.0
2023-08-08 14:30:00-04:00,44.689998626708984,44.73929977416992,44.68989944458008,44.73929977416992,1420,0.0,0.0,0.0
2023-08-08 15:30:00-04:00,44.72010040283203,44.72999954223633,44.720001220703125,44.720001220703125,0,0.0,0.0,0.0
2023-08-09 09:30:00-04:00,44.72999954223633,44.809898376464844,44.720001220703125,44.78010177612305,40423,0.0,0.0,0.0
2023-08-09 10:30:00-04:00,44.78010177612305,44.807098388671875,44.7401008605957,44.807098388671875,17448,0.0,0.0,0.0
2023-08-09 11:30:00-04:00,44.790000915527344,44.810001373291016,44.76499938964844,44.80500030517578,17816,0.0,0.0,0.0
2023-08-09 12:30:00-04:00,44.80820083618164,44.83869934082031,44.7599983215332,44.779998779296875,19043,0.0,0.0,0.0
2023-08-09 13:30:00-04:00,44.77000045776367,44.77730178833008,44.72990036010742,44.72999954223633,11323,0.0,0.0,0.0
2023-08-09 14:30:00-04:00,44.73529815673828,44.778900146484375,44.73529815673828,44.7599983215332,8692,0.0,0.0,0.0
2023-08-09 15:30:00-04:00,44.77859878540039,44.78969955444336,44.77000045776367,44.77000045776367,4494,0.0,0.0,0.0
2023-08-10 09:30:00-04:00,44.790000915527344,44.85919952392578,44.7599983215332,44.7599983215332,17268,0.0,0.0,0.0
2023-08-10 10:30:00-04:00,44.739200592041016,44.7400016784668,44.689998626708984,44.70000076293945,2689,0.0,0.0,0.0
2023-08-10 11:30:00-04:00,44.709999084472656,44.7400016784668,44.709999084472656,44.72999954223633,1514,0.0,0.0,0.0
2023-08-10 12:30:00-04:00,44.73979949951172,44.75,44.625,44.625,3782,0.0,0.0,0.0
2023-08-10 13:30:00-04:00,44.59989929199219,44.59989929199219,44.469200134277344,44.470001220703125,6458,0.0,0.0,0.0
2023-08-10 14:30:00-04:00,44.5099983215332,44.5099983215332,44.459999084472656,44.459999084472656,17668,0.0,0.0,0.0
2023-08-10 15:30:00-04:00,44.45000076293945,44.459999084472656,44.419898986816406,44.419898986816406,0,0.0,0.0,0.0
2023-08-11 09:30:00-04:00,44.25,44.31999969482422,44.224998474121094,44.30500030517578,10053,0.0,0.0,0.0
2023-08-11 10:30:00-04:00,44.34000015258789,44.369998931884766,44.272300720214844,44.29290008544922,3780,0.0,0.0,0.0
2023-08-11 11:30:00-04:00,44.2400016784668,44.282100677490234,44.22999954223633,44.282100677490234,600,0.0,0.0,0.0
2023-08-11 12:30:00-04:00,44.25,44.25,44.220001220703125,44.224998474121094,3393,0.0,0.0,0.0
2023-08-11 13:30:00-04:00,44.209999084472656,44.209999084472656,44.20000076293945,44.20000076293945,3662,0.0,0.0,0.0
2023-08-11 14:30:00-04:00,44.220001220703125,44.220001220703125,44.18980026245117,44.20000076293945,15876,0.0,0.0,0.0
2023-08-11 15:30:00-04:00,44.189998626708984,44.189998626708984,44.16999816894531,44.189998626708984,779,0.0,0.0,0.0
2023-08-14 09:30:00-04:00,44.11000061035156,44.11000061035156,44.029998779296875,44.029998779296875,0,0.0,0.0,0.0
2023-08-14 10:30:00-04:00,44.09000015258789,44.189998626708984,44.09000015258789,44.189998626708984,2509,0.0,0.0,0.0
2023-08-14 11:30:00-04:00,44.16999816894531,44.20940017700195,44.16999816894531,44.20000076293945,1431,0.0,0.0,0.0
2023-08-14 13:30:00-04:00,44.185001373291016,44.189998626708984,44.185001373291016,44.189998626708984,3351,0.0,0.0,0.0
2023-08-14 15:30:00-04:00,44.130001068115234,44.130001068115234,44.12379837036133,44.12379837036133,0,0.0,0.0,0.0
2023-08-15 09:30:00-04:00,44.06999969482422,44.20000076293945,44.06999969482422,44.16709899902344,6140,0.0,0.0,0.0
2023-08-15 10:30:00-04:00,44.15999984741211,44.15999984741211,44.099998474121094,44.099998474121094,6650,0.0,0.0,0.0
2023-08-15 11:30:00-04:00,44.13999938964844,44.13999938964844,44.13999938964844,44.13999938964844,600,0.0,0.0,0.0
2023-08-15 12:30:00-04:00,44.09000015258789,44.095001220703125,44.08869934082031,44.08869934082031,2073,0.0,0.0,0.0
2023-08-15 13:30:00-04:00,44.084999084472656,44.09000015258789,44.060001373291016,44.060001373291016,4253,0.0,0.0,0.0
2023-08-15 14:30:00-04:00,44.05910110473633,44.05910110473633,43.994998931884766,44.0099983215332,2581,0.0,0.0,0.0
2023-08-15 15:30:00-04:00,44.029998779296875,44.04999923706055,44.02450180053711,44.02450180053711,0,0.0,0.0,0.0
2023-08-16 09:30:00-04:00,43.97999954223633,44.070098876953125,43.97999954223633,44.070098876953125,4042,0.0,0.0,0.0
2023-08-16 10:30:00-04:00,44.0989990234375,44.0989990234375,44.04999923706055,44.05500030517578,7978,0.0,0.0,0.0
2023-08-16 11:30:00-04:00,44.04999923706055,44.04999923706055,43.93009948730469,43.93009948730469,3394,0.0,0.0,0.0
2023-08-16 12:30:00-04:00,43.922401428222656,43.95000076293945,43.88999938964844,43.88999938964844,1397,0.0,0.0,0.0
2023-08-16 13:30:00-04:00,43.90950012207031,43.935001373291016,43.869998931884766,43.935001373291016,1803,0.0,0.0,0.0
2023-08-16 14:30:00-04:00,43.91999816894531,43.91999816894531,43.81999969482422,43.81999969482422,1989,0.0,0.0,0.0
2023-08-16 15:30:00-04:00,43.849998474121094,43.849998474121094,43.82500076293945,43.82509994506836,0,0.0,0.0,0.0
2023-08-17 09:30:00-04:00,43.790000915527344,43.830101013183594,43.709999084472656,43.72999954223633,13314,0.0,0.0,0.0
2023-08-17 10:30:00-04:00,43.70000076293945,43.744998931884766,43.70000076293945,43.744998931884766,584,0.0,0.0,0.0
2023-08-17 11:30:00-04:00,43.72999954223633,43.72999954223633,43.67499923706055,43.67499923706055,6601,0.0,0.0,0.0
2023-08-17 12:30:00-04:00,43.69449996948242,43.70000076293945,43.67499923706055,43.67499923706055,1629,0.0,0.0,0.0
2023-08-17 13:30:00-04:00,43.665000915527344,43.665000915527344,43.64500045776367,43.65999984741211,4539,0.0,0.0,0.0
2023-08-17 14:30:00-04:00,43.70000076293945,43.70000076293945,43.689998626708984,43.689998626708984,1204,0.0,0.0,0.0
2023-08-17 15:30:00-04:00,43.744998931884766,43.775001525878906,43.744998931884766,43.775001525878906,650,0.0,0.0,0.0
2023-08-18 09:30:00-04:00,43.849998474121094,43.9900016784668,43.849998474121094,43.9900016784668,0,0.0,0.0,0.0
2023-08-18 10:30:00-04:00,43.979698181152344,43.979698181152344,43.979400634765625,43.979400634765625,618,0.0,0.0,0.0
2023-08-18 11:30:00-04:00,43.970001220703125,43.970001220703125,43.970001220703125,43.970001220703125,111,0.0,0.0,0.0
2023-08-18 12:30:00-04:00,43.959999084472656,43.96870040893555,43.95989990234375,43.95989990234375,2240,0.0,0.0,0.0
2023-08-18 13:30:00-04:00,43.915000915527344,43.915000915527344,43.90520095825195,43.9099006652832,705,0.0,0.0,0.0
2023-08-18 14:30:00-04:00,43.919898986816406,43.919898986816406,43.899200439453125,43.900001525878906,6274,0.0,0.0,0.0
2023-08-18 15:30:00-04:00,43.900001525878906,43.916500091552734,43.89630126953125,43.916500091552734,570,0.0,0.0,0.0
2023-08-21 09:30:00-04:00,43.689998626708984,43.689998626708984,43.56129837036133,43.56949996948242,0,0.0,0.0,0.0
2023-08-21 10:30:00-04:00,43.57500076293945,43.60960006713867,43.56999969482422,43.56999969482422,1378,0.0,0.0,0.0
2023-08-21 11:30:00-04:00,43.609901428222656,43.609901428222656,43.599998474121094,43.60100173950195,436,0.0,0.0,0.0
2023-08-21 12:30:00-04:00,43.619998931884766,43.619998931884766,43.58000183105469,43.61130142211914,1250,0.0,0.0,0.0
2023-08-21 13:30:00-04:00,43.625,43.6349983215332,43.61880111694336,43.6349983215332,1088,0.0,0.0,0.0
2023-08-21 14:30:00-04:00,43.63999938964844,43.63999938964844,43.599998474121094,43.61000061035156,2914,0.0,0.0,0.0
2023-08-21 15:30:00-04:00,43.61989974975586,43.61989974975586,43.599998474121094,43.599998474121094,576,0.0,0.0,0.0
2023-08-22 09:30:00-04:00,43.56999969482422,43.59000015258789,43.53499984741211,43.588199615478516,0,0.0,0.0,0.0
2023-08-22 10:30:00-04:00,43.59000015258789,43.65869903564453,43.5723991394043,43.63990020751953,4704,0.0,0.0,0.0
2023-08-22 11:30:00-04:00,43.67499923706055,43.67499923706055,43.65999984741211,43.65999984741211,300,0.0,0.0,0.0
2023-08-22 12:30:00-04:00,43.66999816894531,43.66999816894531,43.65999984741211,43.66999816894531,3108,0.0,0.0,0.0
2023-08-22 13:30:00-04:00,43.68370056152344,43.68899917602539,43.68370056152344,43.685001373291016,1551,0.0,0.0,0.0
2023-08-22 14:30:00-04:00,43.650001525878906,43.650001525878906,43.650001525878906,43.650001525878906,103,0.0,0.0,0.0
2023-08-22 15:30:00-04:00,43.65650177001953,43.65650177001953,43.64500045776367,43.64500045776367,0,0.0,0.0,0.0
2023-08-23 09:30:00-04:00,43.93000030517578,44.080501556396484,43.93000030517578,44.00130081176758,15627,0.0,0.0,0.0
2023-08-23 10:30:00-04:00,43.9900016784668,44.01499938964844,43.9900016784668,44.01499938964844,1202,0.0,0.0,0.0
2023-08-23 11:30:00-04:00,44.02000045776367,44.070098876953125,44.02000045776367,44.06999969482422,2377,0.0,0.0,0.0
2023-08-23 12:30:00-04:00,44.05500030517578,44.12419891357422,44.04999923706055,44.12419891357422,3529,0.0,0.0,0.0
2023-08-23 13:30:00-04:00,44.119998931884766,44.119998931884766,44.10020065307617,44.10020065307617,3465,0.0,0.0,0.0
2023-08-23 14:30:00-04:00,44.095001220703125,44.123600006103516,44.095001220703125,44.123600006103516,1687,0.0,0.0,0.0
2023-08-23 15:30:00-04:00,44.14500045776367,44.16999816894531,44.14500045776367,44.15999984741211,1501,0.0,0.0,0.0
2023-08-24 09:30:00-04:00,44.040000915527344,44.154998779296875,44.020999908447266,44.14039993286133,4087,0.0,0.0,0.0
2023-08-24 10:30:00-04:00,44.07809829711914,44.100101470947266,44.060001373291016,44.060001373291016,2613,0.0,0.0,0.0
2023-08-24 11:30:00-04:00,44.0609016418457,44.08000183105469,44.02899932861328,44.029998779296875,2381,0.0,0.0,0.0
2023-08-24 12:30:00-04:00,44.025001525878906,44.04999923706055,44.025001525878906,44.03499984741211,1723,0.0,0.0,0.0
2023-08-24 13:30:00-04:00,44.025001525878906,44.025001525878906,44.01499938964844,44.01499938964844,1129,0.0,0.0,0.0
2023-08-24 14:30:00-04:00,44.01499938964844,44.01499938964844,43.98320007324219,44.01089859008789,1419,0.0,0.0,0.0
2023-08-24 15:30:00-04:00,44.025001525878906,44.029998779296875,44.0,44.0099983215332,0,0.0,0.0,0.0
2023-08-25 09:30:00-04:00,43.96030044555664,44.060001373291016,43.93000030517578,43.959999084472656,5101,0.0,0.0,0.0
2023-08-25 10:30:00-04:00,43.88999938964844,43.93000030517578,43.849998474121094,43.92399978637695,16302,0.0,0.0,0.0
2023-08-25 11:30:00-04:00,43.9900016784668,43.9900016784668,43.959999084472656,43.959999084472656,1132,0.0,0.0,0.0
2023-08-25 12:30:00-04:00,43.9900016784668,44.0,43.9900016784668,44.0,276,0.0,0.0,0.0
2023-08-25 13:30:00-04:00,43.9900016784668,43.994998931884766,43.9900016784668,43.994998931884766,260,0.0,0.0,0.0
2023-08-25 14:30:00-04:00,44.02000045776367,44.02000045776367,43.951499938964844,43.96030044555664,402,0.0,0.0,0.0
2023-08-25 15:30:00-04:00,43.9900016784668,44.005001068115234,43.9900016784668,44.0,366,0.0,0.0,0.0
2023-08-28 09:30:00-04:00,44.13999938964844,44.13999938964844,44.029998779296875,44.029998779296875,2075,0.0,0.0,0.0
2023-08-28 10:30:00-04:00,44.05889892578125,44.08869934082031,44.040000915527344,44.08869934082031,5313,0.0,0.0,0.0
2023-08-28 11:30:00-04:00,44.084999084472656,44.11980056762695,44.06999969482422,44.07939910888672,3129,0.0,0.0,0.0
2023-08-28 12:30:00-04:00,44.084999084472656,44.095001220703125,44.03010177612305,44.03010177612305,6362,0.0,0.0,0.0
2023-08-28 13:30:00-04:00,44.07210159301758,44.11000061035156,44.07210159301758,44.09130096435547,3299,0.0,0.0,0.0
2023-08-28 14:30:00-04:00,44.095001220703125,44.12990188598633,44.095001220703125,44.12990188598633,473,0.0,0.0,0.0
2023-08-28 15:30:00-04:00,44.130001068115234,44.150001525878906,44.125701904296875,44.13999938964844,0,0.0,0.0,0.0
2023-08-29 09:30:00-04:00,44.029998779296875,44.34939956665039,44.029998779296875,44.34939956665039,12302,0.0,0.0,0.0
2023-08-29 10:30:00-04:00,44.34199905395508,44.369998931884766,44.29999923706055,44.369998931884766,5477,0.0,0.0,0.0
2023-08-29 11:30:00-04:00,44.38999938964844,44.44499969482422,44.38999938964844,44.429901123046875,15912,0.0,0.0,0.0
2023-08-29 12:30:00-04:00,44.41299819946289,44.470001220703125,44.41299819946289,44.470001220703125,5535,0.0,0.0,0.0
2023-08-29 13:30:00-04:00,44.470001220703125,44.470001220703125,44.41999816894531,44.41999816894531,1371,0.0,0.0,0.0
2023-08-29 14:30:00-04:00,44.400001525878906,44.45500183105469,44.400001525878906,44.45500183105469,636,0.0,0.0,0.0
2023-08-29 15:30:00-04:00,44.459999084472656,44.479698181152344,44.459999084472656,44.459999084472656,0,0.0,0.0,0.0
2023-08-30 09:30:00-04:00,44.52000045776367,44.529998779296875,44.470001220703125,44.499000549316406,12348,0.0,0.0,0.0
2023-08-30 10:30:00-04:00,44.505001068115234,44.505001068115234,44.459598541259766,44.499000549316406,14787,0.0,0.0,0.0
2023-08-30 11:30:00-04:00,44.5,44.5,44.45000076293945,44.470001220703125,20594,0.0,0.0,0.0
2023-08-30 12:30:00-04:00,44.470001220703125,44.51969909667969,44.459999084472656,44.5099983215332,7897,0.0,0.0,0.0
2023-08-30 13:30:00-04:00,44.49869918823242,44.5,44.459999084472656,44.459999084472656,1935,0.0,0.0,0.0
2023-08-30 14:30:00-04:00,44.459999084472656,44.459999084472656,44.43000030517578,44.43000030517578,4992,0.0,0.0,0.0
2023-08-30 15:30:00-04:00,44.43009948730469,44.470001220703125,44.43000030517578,44.45500183105469,9152,0.0,0.0,0.0
2023-08-31 09:30:00-04:00,44.52000045776367,44.540000915527344,44.4900016784668,44.53990173339844,0,0.0,0.0,0.0
2023-08-31 10:30:00-04:00,44.540000915527344,44.56999969482422,44.529998779296875,44.55500030517578,10976,0.0,0.0,0.0
2023-08-31 11:30:00-04:00,44.55500030517578,44.60499954223633,44.54999923706055,44.60499954223633,3341,0.0,0.0,0.0
2023-08-31 12:30:00-04:00,44.61000061035156,44.6150016784668,44.58869934082031,44.58869934082031,2115,0.0,0.0,0.0
2023-08-31 13:30:00-04:00,44.59000015258789,44.59000015258789,44.56999969482422,44.57680130004883,1727,0.0,0.0,0.0
2023-08-31 14:30:00-04:00,44.58000183105469,44.58000183105469,44.560001373291016,44.56999969482422,1306,0.0,0.0,0.0
2023-08-31 15:30:00-04:00,44.58000183105469,44.584999084472656,44.53990173339844,44.54999923706055,0,0.0,0.0,0.0
2023-09-01 09:30:00-04:00,44.40999984741211,44.40999984741211,44.13999938964844,44.170101165771484,21495,0.0,0.0,0.0
2023-09-01 10:30:00-04:00,44.15999984741211,44.15999984741211,44.093299865722656,44.11000061035156,5398,0.0,0.0,0.0
2023-09-01 11:30:00-04:00,44.06999969482422,44.1150016784668,44.064998626708984,44.1150016784668,2274,0.0,0.0,0.0
2023-09-01 12:30:00-04:00,44.099998474121094,44.13999938964844,44.099998474121094,44.13999938964844,2798,0.0,0.0,0.0
2023-09-01 13:30:00-04:00,44.13999938964844,44.13999938964844,44.10499954223633,44.130001068115234,2741,0.0,0.0,0.0
2023-09-01 14:30:00-04:00,44.130001068115234,44.150001525878906,44.130001068115234,44.13999938964844,807,0.0,0.0,0.0
2023-09-01 15:30:00-04:00,44.119998931884766,44.119998931884766,44.10499954223633,44.11000061035156,4906,0.0,0.0,0.0
2023-09-05 09:30:00-04:00,43.970001220703125,43.970001220703125,43.86000061035156,43.86000061035156,10797,0.0,0.0,0.0
2023-09-05 10:30:00-04:00,43.900001525878906,43.900001525878906,43.845001220703125,43.845001220703125,3180,0.0,0.0,0.0
2023-09-05 11:30:00-04:00,43.84000015258789,43.84000015258789,43.84000015258789,43.84000015258789,387,0.0,0.0,0.0
2023-09-05 12:30:00-04:00,43.869998931884766,43.869998931884766,43.849998474121094,43.849998474121094,409,0.0,0.0,0.0
2023-09-05 13:30:00-04:00,43.810001373291016,43.81990051269531,43.810001373291016,43.81990051269531,1016,0.0,0.0,0.0
2023-09-05 14:30:00-04:00,43.819000244140625,43.819000244140625,43.81629943847656,43.81629943847656,436,0.0,0.0,0.0
2023-09-05 15:30:00-04:00,43.83000183105469,43.84000015258789,43.810001373291016,43.810001373291016,0,0.0,0.0,0.0
2023-09-06 09:30:00-04:00,43.849998474121094,43.849998474121094,43.72090148925781,43.78900146484375,954,0.0,0.0,0.0
2023-09-06 10:30:00-04:00,43.749000549316406,43.75,43.70000076293945,43.71989822387695,2164,0.0,0.0,0.0
2023-09-06 11:30:00-04:00,43.68050003051758,43.72999954223633,43.68050003051758,43.70000076293945,750,0.0,0.0,0.0
2023-09-06 12:30:00-04:00,43.720001220703125,43.7400016784668,43.720001220703125,43.7400016784668,351,0.0,0.0,0.0
2023-09-06 13:30:00-04:00,43.74800109863281,43.74800109863281,43.720001220703125,43.720001220703125,1122,0.0,0.0,0.0
2023-09-06 14:30:00-04:00,43.7400016784668,43.7400016784668,43.720001220703125,43.72999954223633,0,0.0,0.0,0.0
2023-09-06 15:30:00-04:00,43.71500015258789,43.71500015258789,43.70119857788086,43.709999084472656,11188,0.0,0.0,0.0
2023-09-07 09:30:00-04:00,43.79999923706055,43.809898376464844,43.76499938964844,43.779998779296875,0,0.0,0.0,0.0
2023-09-07 10:30:00-04:00,43.810001373291016,43.810001373291016,43.77000045776367,43.77000045776367,620,0.0,0.0,0.0
2023-09-07 11:30:00-04:00,43.790000915527344,43.820899963378906,43.790000915527344,43.80500030517578,1473,0.0,0.0,0.0
2023-09-07 12:30:00-04:00,43.79710006713867,43.810001373291016,43.79710006713867,43.810001373291016,1945,0.0,0.0,0.0
2023-09-07 13:30:00-04:00,43.81999969482422,43.84000015258789,43.81999969482422,43.84000015258789,5141,0.0,0.0,0.0
2023-09-07 15:30:00-04:00,43.84870147705078,43.86000061035156,43.84000015258789,43.84000015258789,0,0.0,0.0,0.0
2023-09-08 09:30:00-04:00,43.970001220703125,44.02170181274414,43.95989990234375,44.0,2307,0.0,0.0,0.0
2023-09-08 11:30:00-04:00,43.939998626708984,43.939998626708984,43.900001525878906,43.9099006652832,1662,0.0,0.0,0.0
2023-09-08 12:30:00-04:00,43.858699798583984,43.858699798583984,43.858699798583984,43.858699798583984,125,0.0,0.0,0.0
2023-09-08 13:30:00-04:00,43.88859939575195,43.88859939575195,43.88859939575195,43.88859939575195,124,0.0,0.0,0.0
2023-09-08 15:30:00-04:00,43.86009979248047,43.869998931884766,43.86000061035156,43.869998931884766,515,0.0,0.0,0.0
2023-09-11 09:30:00-04:00,43.77000045776367,43.77920150756836,43.75,43.77920150756836,2796,0.0,0.0,0.0
2023-09-11 10:30:00-04:00,43.744998931884766,43.76499938964844,43.744998931884766,43.76499938964844,658,0.0,0.0,0.0
2023-09-11 11:30:00-04:00,43.7599983215332,43.7599983215332,43.7599983215332,43.7599983215332,346,0.0,0.0,0.0
2023-09-11 15:30:00-04:00,43.779998779296875,43.779998779296875,43.7599983215332,43.7599983215332,421,0.0,0.0,0.0
2023-09-12 09:30:00-04:00,43.79999923706055,43.79999923706055,43.75,43.75,1340,0.0,0.0,0.0
2023-09-12 10:30:00-04:00,43.7599983215332,43.7599983215332,43.7599983215332,43.7599983215332,739,0.0,0.0,0.0
2023-09-12 12:30:00-04:00,43.77000045776367,43.77000045776367,43.7598991394043,43.77000045776367,994,0.0,0.0,0.0
2023-09-12 13:30:00-04:00,43.7599983215332,43.834999084472656,43.7599983215332,43.834999084472656,1323,0.0,0.0,0.0
2023-09-12 15:30:00-04:00,43.83729934692383,43.849998474121094,43.83729934692383,43.849998474121094,0,0.0,0.0,0.0
2023-09-13 09:30:00-04:00,43.7599983215332,43.82500076293945,43.7599983215332,43.82500076293945,6828,0.0,0.0,0.0
2023-09-13 10:30:00-04:00,43.79100036621094,43.79100036621094,43.77000045776367,43.77000045776367,2156,0.0,0.0,0.0
2023-09-13 11:30:00-04:00,43.80889892578125,43.890098571777344,43.79499816894531,43.890098571777344,15436,0.0,0.0,0.0
2023-09-13 12:30:00-04:00,43.900001525878906,43.948699951171875,43.8849983215332,43.948699951171875,1301,0.0,0.0,0.0
2023-09-13 13:30:00-04:00,43.91999816894531,43.95500183105469,43.90999984741211,43.949501037597656,4557,0.0,0.0,0.0
2023-09-13 14:30:00-04:00,43.94499969482422,43.94499969482422,43.904998779296875,43.90999984741211,7174,0.0,0.0,0.0
2023-09-13 15:30:00-04:00,43.88999938964844,43.90950012207031,43.8849983215332,43.900001525878906,0,0.0,0.0,0.0
2023-09-14 09:30:00-04:00,43.92499923706055,43.94499969482422,43.79999923706055,43.80500030517578,10307,0.0,0.0,0.0
2023-09-14 10:30:00-04:00,43.91999816894531,43.91999816894531,43.88999938964844,43.88999938964844,4344,0.0,0.0,0.0
2023-09-14 11:30:00-04:00,43.84000015258789,43.8400993347168,43.81999969482422,43.81999969482422,4780,0.0,0.0,0.0
2023-09-14 12:30:00-04:00,43.78030014038086,43.78030014038086,43.78030014038086,43.78030014038086,315,0.0,0.0,0.0
2023-09-14 13:30:00-04:00,43.76499938964844,43.79999923706055,43.76499938964844,43.79999923706055,1361,0.0,0.0,0.0
2023-09-14 14:30:00-04:00,43.79999923706055,43.80009841918945,43.78030014038086,43.78030014038086,902,0.0,0.0,0.0
2023-09-14 15:30:00-04:00,43.77000045776367,43.79899978637695,43.77000045776367,43.779998779296875,2322,0.0,0.0,0.0
2023-09-15 09:30:00-04:00,43.720001220703125,43.720001220703125,43.650001525878906,43.697601318359375,0,0.0,0.0,0.0
2023-09-15 10:30:00-04:00,43.709999084472656,43.709999084472656,43.68009948730469,43.68009948730469,3147,0.0,0.0,0.0
2023-09-15 11:30:00-04:00,43.63999938964844,43.63999938964844,43.63850021362305,43.63999938964844,1942,0.0,0.0,0.0
2023-09-15 12:30:00-04:00,43.650001525878906,43.650001525878906,43.650001525878906,43.650001525878906,283,0.0,0.0,0.0
2023-09-15 13:30:00-04:00,43.70000076293945,43.70000076293945,43.70000076293945,43.70000076293945,150,0.0,0.0,0.0
2023-09-15 15:30:00-04:00,43.650001525878906,43.65999984741211,43.63999938964844,43.63999938964844,595,0.0,0.0,0.0
2023-09-18 09:30:00-04:00,43.58000183105469,43.63999938964844,43.58000183105469,43.63629913330078,1099,0.0,0.0,0.0
2023-09-18 10:30:00-04:00,43.6150016784668,43.6150016784668,43.6150016784668,43.6150016784668,148,0.0,0.0,0.0
2023-09-18 11:30:00-04:00,43.64929962158203,43.64929962158203,43.64929962158203,43.64929962158203,537,0.0,0.0,0.0
2023-09-18 12:30:00-04:00,43.691898345947266,43.70000076293945,43.691898345947266,43.70000076293945,2104,0.0,0.0,0.0
2023-09-18 13:30:00-04:00,43.70029830932617,43.7047004699707,43.689998626708984,43.689998626708984,2188,0.0,0.0,0.0
2023-09-18 14:30:00-04:00,43.68000030517578,43.68130111694336,43.67499923706055,43.68130111694336,1791,0.0,0.0,0.0
2023-09-18 15:30:00-04:00,43.71049880981445,43.71229934692383,43.70000076293945,43.71229934692383,0,0.0,0.0,0.0
2023-09-19 09:30:00-04:00,43.590999603271484,43.64500045776367,43.590999603271484,43.619998931884766,3460,0.0,0.0,0.0
2023-09-19 10:30:00-04:00,43.65999984741211,43.65999984741211,43.619998931884766,43.619998931884766,520,0.0,0.0,0.0
2023-09-19 11:30:00-04:00,43.625,43.63999938964844,43.625,43.63990020751953,302,0.0,0.0,0.0
2023-09-19 12:30:00-04:00,43.61220169067383,43.630001068115234,43.61220169067383,43.630001068115234,283,0.0,0.0,0.0
2023-09-19 14:30:00-04:00,43.577999114990234,43.577999114990234,43.53099822998047,43.53969955444336,638,0.0,0.0,0.0
2023-09-19 15:30:00-04:00,43.53010177612305,43.540000915527344,43.519901275634766,43.52000045776367,710,0.0,0.0,0.0
2023-09-20 09:30:00-04:00,43.66999816894531,43.66999816894531,43.66999816894531,43.66999816894531,388,0.0,0.0,0.0
2023-09-20 10:30:00-04:00,43.665000915527344,43.699100494384766,43.665000915527344,43.66999816894531,1059,0.0,0.0,0.0
2023-09-20 12:30:00-04:00,43.720001220703125,43.720001220703125,43.71989822387695,43.71989822387695,302,0.0,0.0,0.0
2023-09-20 13:30:00-04:00,43.70000076293945,43.70000076293945,43.58000183105469,43.58000183105469,763,0.0,0.0,0.0
2023-09-20 14:30:00-04:00,43.679901123046875,43.679901123046875,43.679901123046875,43.679901123046875,174,0.0,0.0,0.0
2023-09-20 15:30:00-04:00,43.57500076293945,43.57500076293945,43.50630187988281,43.50630187988281,0,0.0,0.0,0.0
2023-09-21 09:30:00-04:00,43.189998626708984,43.20869827270508,43.11800003051758,43.15999984741211,6828,0.0,0.0,0.0
2023-09-21 10:30:00-04:00,43.189998626708984,43.189998626708984,43.14500045776367,43.150001525878906,4580,0.0,0.0,0.0
2023-09-21 11:30:00-04:00,43.15010070800781,43.154998779296875,43.149898529052734,43.154998779296875,1761,0.0,0.0,0.0
2023-09-21 12:30:00-04:00,43.18000030517578,43.189998626708984,43.174800872802734,43.18000030517578,5920,0.0,0.0,0.0
2023-09-21 13:30:00-04:00,43.18130111694336,43.18130111694336,43.1619987487793,43.1619987487793,1617,0.0,0.0,0.0
2023-09-21 14:30:00-04:00,43.189998626708984,43.189998626708984,43.150001525878906,43.154998779296875,3517,0.0,0.0,0.0
2023-09-21 15:30:00-04:00,43.15999984741211,43.15999984741211,43.130001068115234,43.130001068115234,1594,0.0,0.0,0.0
2023-09-22 09:30:00-04:00,43.15999984741211,43.28919982910156,43.13880157470703,43.28919982910156,2392,0.0,0.0,0.0
2023-09-22 10:30:00-04:00,43.28990173339844,43.316001892089844,43.28010177612305,43.29499816894531,13712,0.0,0.0,0.0
2023-09-22 11:30:00-04:00,43.304298400878906,43.304298400878906,43.304298400878906,43.304298400878906,324,0.0,0.0,0.0
2023-09-22 12:30:00-04:00,43.314998626708984,43.314998626708984,43.314998626708984,43.314998626708984,186,0.0,0.0,0.0
2023-09-22 13:30:00-04:00,43.33000183105469,43.33000183105469,43.33000183105469,43.33000183105469,300,0.0,0.0,0.0
2023-09-22 14:30:00-04:00,43.32109832763672,43.32109832763672,43.29999923706055,43.29999923706055,0,0.0,0.0,0.0
2023-09-22 15:30:00-04:00,43.33000183105469,43.33000183105469,43.31999969482422,43.31999969482422,17781,0.0,0.0,0.0
2023-09-25 09:30:00-04:00,43.0,43.04999923706055,42.9900016784668,42.99409866333008,9590,0.0,0.0,0.0
2023-09-25 10:30:00-04:00,42.9900016784668,43.06999969482422,42.989898681640625,43.040000915527344,787,0.0,0.0,0.0
2023-09-25 11:30:00-04:00,43.04499816894531,43.04909896850586,43.005699157714844,43.019901275634766,6809,0.0,0.0,0.0
2023-09-25 12:30:00-04:00,43.0099983215332,43.0099983215332,43.0099983215332,43.0099983215332,265,0.0,0.0,0.0
2023-09-25 13:30:00-04:00,43.0,43.0,42.97129821777344,42.97999954223633,2162,0.0,0.0,0.0
2023-09-25 14:30:00-04:00,42.97999954223633,42.97999954223633,42.93899917602539,42.95000076293945,1274,0.0,0.0,0.0
2023-09-25 15:30:00-04:00,42.91999816894531,42.95000076293945,42.91999816894531,42.93000030517578,0,0.0,0.0,0.0
2023-09-26 09:30:00-04:00,43.029998779296875,43.060001373291016,43.01900100708008,43.04880142211914,3042,0.0,0.0,0.0
2023-09-26 10:30:00-04:00,43.0,43.0,42.91999816894531,42.91999816894531,890,0.0,0.0,0.0
2023-09-26 11:30:00-04:00,42.97999954223633,42.97999954223633,42.931400299072266,42.931400299072266,1708,0.0,0.0,0.0
2023-09-26 12:30:00-04:00,42.929100036621094,42.939998626708984,42.929100036621094,42.939998626708984,1378,0.0,0.0,0.0
2023-09-26 13:30:00-04:00,42.940101623535156,42.959999084472656,42.88999938964844,42.88999938964844,1261,0.0,0.0,0.0
2023-09-26 14:30:00-04:00,42.89680099487305,42.90999984741211,42.89680099487305,42.90999984741211,3271,0.0,0.0,0.0
2023-09-26 15:30:00-04:00,42.900001525878906,42.915000915527344,42.869998931884766,42.91170120239258,0,0.0,0.0,0.0
2023-09-27 09:30:00-04:00,43.06999969482422,43.06999969482422,42.935001373291016,42.940101623535156,9997,0.0,0.0,0.0
2023-09-27 10:30:00-04:00,42.93000030517578,42.93000030517578,42.88999938964844,42.904998779296875,3655,0.0,0.0,0.0
2023-09-27 11:30:00-04:00,42.88130187988281,42.88130187988281,42.77050018310547,42.790000915527344,4094,0.0,0.0,0.0
2023-09-27 12:30:00-04:00,42.810001373291016,42.810001373291016,42.65999984741211,42.66999816894531,5564,0.0,0.0,0.0
2023-09-27 13:30:00-04:00,42.66999816894531,42.68000030517578,42.6150016784668,42.63990020751953,14915,0.0,0.0,0.0
2023-09-27 14:30:00-04:00,42.665000915527344,42.68899917602539,42.6599006652832,42.68899917602539,6144,0.0,0.0,0.0
2023-09-27 15:30:00-04:00,42.709800720214844,42.7400016784668,42.70000076293945,42.7400016784668,0,0.0,0.0,0.0
2023-09-28 09:30:00-04:00,42.630001068115234,42.63990020751953,42.5,42.5906982421875,9665,0.0,0.0,0.0
2023-09-28 11:30:00-04:00,42.7400016784668,42.74100112915039,42.709999084472656,42.73500061035156,11825,0.0,0.0,0.0
2023-09-28 12:30:00-04:00,42.750301361083984,42.750301361083984,42.68000030517578,42.72999954223633,2722,0.0,0.0,0.0
2023-09-28 13:30:00-04:00,42.689998626708984,42.724998474121094,42.68000030517578,42.724998474121094,916,0.0,0.0,0.0
2023-09-28 14:30:00-04:00,42.7599983215332,42.81100082397461,42.759498596191406,42.81100082397461,4972,0.0,0.0,0.0
2023-09-28 15:30:00-04:00,42.81949996948242,42.869998931884766,42.81949996948242,42.869998931884766,0,0.0,0.0,0.0
2023-09-29 09:30:00-04:00,43.060001373291016,43.06990051269531,43.0099983215332,43.020999908447266,2762,0.0,0.0,0.0
2023-09-29 10:30:00-04:00,43.040000915527344,43.040000915527344,42.97100067138672,42.9900016784668,6181,0.0,0.0,0.0
2023-09-29 11:30:00-04:00,42.92959976196289,42.92959976196289,42.91080093383789,42.91080093383789,1491,0.0,0.0,0.0
2023-09-29 12:30:00-04:00,42.92250061035156,42.92959976196289,42.90999984741211,42.90999984741211,5899,0.0,0.0,0.0
2023-09-29 13:30:00-04:00,42.90999984741211,42.90999984741211,42.87120056152344,42.88990020751953,1942,0.0,0.0,0.0
2023-09-29 14:30:00-04:00,42.88999938964844,42.88999938964844,42.810001373291016,42.810001373291016,2309,0.0,0.0,0.0
2023-09-29 15:30:00-04:00,42.8119010925293,42.87699890136719,42.8119010925293,42.869998931884766,2868,0.0,0.0,0.0
2023-10-02 09:30:00-04:00,42.5099983215332,42.52830123901367,42.43080139160156,42.43080139160156,0,0.0,0.0,0.0
2023-10-02 10:30:00-04:00,42.45000076293945,42.45500183105469,42.369998931884766,42.400001525878906,831,0.0,0.0,0.0
2023-10-02 11:30:00-04:00,42.330101013183594,42.330101013183594,42.30500030517578,42.33000183105469,7903,0.0,0.0,0.0
2023-10-02 12:30:00-04:00,42.34000015258789,42.38100051879883,42.34000015258789,42.38100051879883,487,0.0,0.0,0.0
2023-10-02 13:30:00-04:00,42.400001525878906,42.400001525878906,42.39099884033203,42.39099884033203,625,0.0,0.0,0.0
2023-10-02 14:30:00-04:00,42.37879943847656,42.37879943847656,42.36989974975586,42.369998931884766,430,0.0,0.0,0.0
2023-10-02 15:30:00-04:00,42.34260177612305,42.34400177001953,42.34260177612305,42.34400177001953,0,0.0,0.0,0.0
2023-10-03 09:30:00-04:00,42.25,42.31999969482422,42.09000015258789,42.130001068115234,52768,0.0,0.0,0.0
2023-10-03 10:30:00-04:00,42.18000030517578,42.18000030517578,42.09000015258789,42.09000015258789,6011,0.0,0.0,0.0
2023-10-03 11:30:00-04:00,42.029300689697266,42.08000183105469,42.0099983215332,42.08000183105469,3905,0.0,0.0,0.0
2023-10-03 12:30:00-04:00,42.025001525878906,42.03499984741211,42.025001525878906,42.03499984741211,2000,0.0,0.0,0.0
2023-10-03 13:30:00-04:00,42.02009963989258,42.02009963989258,41.970001220703125,41.970001220703125,1749,0.0,0.0,0.0
2023-10-03 14:30:00-04:00,41.98550033569336,42.0099983215332,41.98550033569336,42.0,11467,0.0,0.0,0.0
2023-10-03 15:30:00-04:00,41.939998626708984,41.970001220703125,41.939998626708984,41.95000076293945,3582,0.0,0.0,0.0
2023-10-04 09:30:00-04:00,42.099998474121094,42.169898986816406,42.0088005065918,42.0088005065918,0,0.0,0.0,0.0
2023-10-04 10:30:00-04:00,42.020999908447266,42.08000183105469,42.020999908447266,42.08000183105469,5841,0.0,0.0,0.0
2023-10-04 11:30:00-04:00,42.18000030517578,42.190101623535156,42.18000030517578,42.190101623535156,440,0.0,0.0,0.0
2023-10-04 12:30:00-04:00,42.19499969482422,42.20000076293945,42.16999816894531,42.189998626708984,131573,0.0,0.0,0.0
2023-10-04 13:30:00-04:00,42.150001525878906,42.16999816894531,42.150001525878906,42.15999984741211,4589,0.0,0.0,0.0
2023-10-04 14:30:00-04:00,42.18000030517578,42.22999954223633,42.18000030517578,42.22140121459961,5028,0.0,0.0,0.0
2023-10-04 15:30:00-04:00,42.220001220703125,42.244998931884766,42.220001220703125,42.220001220703125,0,0.0,0.0,0.0
2023-10-05 09:30:00-04:00,42.33000183105469,42.33000183105469,42.22800064086914,42.2489013671875,4361,0.0,0.0,0.0
2023-10-05 10:30:00-04:00,42.220001220703125,42.27000045776367,42.220001220703125,42.260501861572266,4028,0.0,0.0,0.0
2023-10-05 11:30:00-04:00,42.29499816894531,42.31999969482422,42.27000045776367,42.31999969482422,5259,0.0,0.0,0.0
2023-10-05 12:30:00-04:00,42.26110076904297,42.26110076904297,42.26110076904297,42.26110076904297,418,0.0,0.0,0.0
2023-10-05 13:30:00-04:00,42.28110122680664,42.29999923706055,42.272701263427734,42.29499816894531,1983,0.0,0.0,0.0
2023-10-05 14:30:00-04:00,42.30670166015625,42.30950164794922,42.279998779296875,42.28099822998047,5601,0.0,0.0,0.0
2023-10-05 15:30:00-04:00,42.29159927368164,42.29880142211914,42.29159927368164,42.29499816894531,1488,0.0,0.0,0.0
2023-10-06 09:30:00-04:00,41.869998931884766,41.959999084472656,41.845001220703125,41.959999084472656,0,0.0,0.0,0.0
2023-10-06 10:30:00-04:00,41.95240020751953,42.137001037597656,41.95240020751953,42.137001037597656,5431,0.0,0.0,0.0
2023-10-06 11:30:00-04:00,42.15869903564453,42.15869903564453,42.06570053100586,42.06570053100586,3652,0.0,0.0,0.0
2023-10-06 12:30:00-04:00,42.08000183105469,42.08000183105469,42.060001373291016,42.07500076293945,1800,0.0,0.0,0.0
2023-10-06 13:30:00-04:00,42.06999969482422,42.09000015258789,42.06999969482422,42.07379913330078,579,0.0,0.0,0.0
2023-10-06 14:30:00-04:00,42.09000015258789,42.09000015258789,42.06010055541992,42.08000183105469,1222,0.0,0.0,0.0
2023-10-06 15:30:00-04:00,42.060001373291016,42.060001373291016,42.0099983215332,42.0099983215332,324,0.0,0.0,0.0
2023-10-09 09:30:00-04:00,42.36000061035156,42.37089920043945,42.290000915527344,42.37089920043945,2923,0.0,0.0,0.0
2023-10-09 10:30:00-04:00,42.40420150756836,42.439998626708984,42.40420150756836,42.43769836425781,2055,0.0,0.0,0.0
2023-10-09 11:30:00-04:00,42.439998626708984,42.439998626708984,42.42499923706055,42.42499923706055,3824,0.0,0.0,0.0
2023-10-09 12:30:00-04:00,42.40010070800781,42.41999816894531,42.40010070800781,42.41999816894531,1221,0.0,0.0,0.0
2023-10-09 13:30:00-04:00,42.45009994506836,42.45009994506836,42.45009994506836,42.45009994506836,680,0.0,0.0,0.0
2023-10-09 14:30:00-04:00,42.52000045776367,42.54999923706055,42.52000045776367,42.54999923706055,551,0.0,0.0,0.0
2023-10-09 15:30:00-04:00,42.56990051269531,42.59000015258789,42.56990051269531,42.59000015258789,0,0.0,0.0,0.0
2023-10-10 09:30:00-04:00,42.380001068115234,42.439998626708984,42.33259963989258,42.43000030517578,4981,0.0,0.0,0.0
2023-10-10 10:30:00-04:00,42.45000076293945,42.547401428222656,42.42499923706055,42.519901275634766,12264,0.0,0.0,0.0
2023-10-10 11:30:00-04:00,42.53459930419922,42.58000183105469,42.529998779296875,42.57270050048828,3158,0.0,0.0,0.0
2023-10-10 12:30:00-04:00,42.578800201416016,42.61640167236328,42.55929946899414,42.55929946899414,1446,0.0,0.0,0.0
2023-10-10 13:30:00-04:00,42.5,42.509300231933594,42.4900016784668,42.509300231933594,387,0.0,0.0,0.0
2023-10-10 14:30:00-04:00,42.540000915527344,42.540000915527344,42.456298828125,42.456298828125,1780,0.0,0.0,0.0
2023-10-10 15:30:00-04:00,42.49100112915039,42.52000045776367,42.48899841308594,42.52000045776367,0,0.0,0.0,0.0
2023-10-11 09:30:00-04:00,42.7400016784668,42.7400016784668,42.70000076293945,42.72010040283203,1052,0.0,0.0,0.0
2023-10-11 10:30:00-04:00,42.71229934692383,42.75239944458008,42.71229934692383,42.75239944458008,724,0.0,0.0,0.0
2023-10-11 11:30:00-04:00,42.80329895019531,42.80329895019531,42.75170135498047,42.75170135498047,2362,0.0,0.0,0.0
2023-10-11 12:30:00-04:00,42.709999084472656,42.709999084472656,42.65729904174805,42.65729904174805,828,0.0,0.0,0.0
2023-10-11 13:30:00-04:00,42.625,42.654998779296875,42.625,42.643001556396484,422,0.0,0.0,0.0
2023-10-11 14:30:00-04:00,42.71540069580078,42.71540069580078,42.71540069580078,42.71540069580078,106,0.0,0.0,0.0
2023-10-11 15:30:00-04:00,42.746700286865234,42.79999923706055,42.746700286865234,42.79999923706055,0,0.0,0.0,0.0
2023-10-12 09:30:00-04:00,42.72999954223633,42.72999954223633,42.54499816894531,42.579498291015625,55925,0.0,0.0,0.0
2023-10-12 10:30:00-04:00,42.579898834228516,42.59000015258789,42.522300720214844,42.528900146484375,26729,0.0,0.0,0.0
2023-10-12 11:30:00-04:00,42.5171012878418,42.54999923706055,42.4900016784668,42.529998779296875,8646,0.0,0.0,0.0
2023-10-12 12:30:00-04:00,42.52000045776367,42.52000045776367,42.349998474121094,42.382198333740234,8675,0.0,0.0,0.0
2023-10-12 13:30:00-04:00,42.37730026245117,42.380001068115234,42.279998779296875,42.345001220703125,21732,0.0,0.0,0.0
2023-10-12 14:30:00-04:00,42.34859848022461,42.38859939575195,42.345001220703125,42.3849983215332,15960,0.0,0.0,0.0
2023-10-12 15:30:00-04:00,42.39500045776367,42.39500045776367,42.34000015258789,42.349998474121094,0,0.0,0.0,0.0
2023-10-13 09:30:00-04:00,42.689998626708984,42.689998626708984,42.577301025390625,42.577301025390625,15220,0.0,0.0,0.0
2023-10-13 10:30:00-04:00,42.61000061035156,42.630001068115234,42.58000183105469,42.59000015258789,4000,0.0,0.0,0.0
2023-10-13 11:30:00-04:00,42.60309982299805,42.65999984741211,42.59000015258789,42.63090133666992,5471,0.0,0.0,0.0
2023-10-13 12:30:00-04:00,42.62799835205078,42.63990020751953,42.584999084472656,42.59000015258789,1903,0.0,0.0,0.0
2023-10-13 13:30:00-04:00,42.61000061035156,42.619998931884766,42.600101470947266,42.619998931884766,2216,0.0,0.0,0.0
2023-10-13 14:30:00-04:00,42.628299713134766,42.630001068115234,42.602500915527344,42.625,4550,0.0,0.0,0.0
2023-10-13 15:30:00-04:00,42.63999938964844,42.650001525878906,42.630001068115234,42.650001525878906,3837,0.0,0.0,0.0
2023-10-16 09:30:00-04:00,42.34000015258789,42.380001068115234,42.310001373291016,42.330501556396484,3726,0.0,0.0,0.0
2023-10-16 10:30:00-04:00,42.334999084472656,42.38999938964844,42.334999084472656,42.349998474121094,7526,0.0,0.0,0.0
2023-10-16 11:30:00-04:00,42.36000061035156,42.36000061035156,42.310001373291016,42.310001373291016,5508,0.0,0.0,0.0
2023-10-16 12:30:00-04:00,42.29999923706055,42.34000015258789,42.29999923706055,42.34000015258789,8036,0.0,0.0,0.0
2023-10-16 13:30:00-04:00,42.36000061035156,42.379798889160156,42.349998474121094,42.379798889160156,1960,0.0,0.0,0.0
2023-10-16 14:30:00-04:00,42.36000061035156,42.36000061035156,42.341800689697266,42.347599029541016,6144,0.0,0.0,0.0
2023-10-16 15:30:00-04:00,42.358699798583984,42.3849983215332,42.349998474121094,42.349998474121094,0,0.0,0.0,0.0
2023-10-17 09:30:00-04:00,41.970001220703125,41.970001220703125,41.869998931884766,41.939998626708984,5672,0.0,0.0,0.0
2023-10-17 10:30:00-04:00,41.95859909057617,42.00659942626953,41.95000076293945,41.98939895629883,3937,0.0,0.0,0.0
2023-10-17 11:30:00-04:00,42.02000045776367,42.040000915527344,41.99720001220703,42.025001525878906,2543,0.0,0.0,0.0
2023-10-17 12:30:00-04:00,42.02000045776367,42.02000045776367,41.95000076293945,41.95000076293945,695,0.0,0.0,0.0
2023-10-17 13:30:00-04:00,41.910099029541016,41.91999816894531,41.86000061035156,41.86000061035156,9147,0.0,0.0,0.0
2023-10-17 14:30:00-04:00,41.87889862060547,41.942100524902344,41.87889862060547,41.942100524902344,876,0.0,0.0,0.0
2023-10-17 15:30:00-04:00,41.95500183105469,41.96860122680664,41.939998626708984,41.95000076293945,0,0.0,0.0,0.0
2023-10-18 09:30:00-04:00,41.81999969482422,41.86000061035156,41.81999969482422,41.84590148925781,2075,0.0,0.0,0.0
2023-10-18 10:30:00-04:00,41.709999084472656,41.709999084472656,41.650001525878906,41.68000030517578,3612,0.0,0.0,0.0
2023-10-18 11:30:00-04:00,41.689998626708984,41.689998626708984,41.650001525878906,41.68980026245117,2826,0.0,0.0,0.0
2023-10-18 12:30:00-04:00,41.6879997253418,41.790000915527344,41.68000030517578,41.779998779296875,1771,0.0,0.0,0.0
2023-10-18 13:30:00-04:00,41.77000045776367,41.80009841918945,41.77000045776367,41.790000915527344,3067,0.0,0.0,0.0
2023-10-18 14:30:00-04:00,41.7599983215332,41.7599983215332,41.709999084472656,41.709999084472656,707,0.0,0.0,0.0
2023-10-18 15:30:00-04:00,41.7400016784668,41.7599983215332,41.720001220703125,41.72999954223633,0,0.0,0.0,0.0
2023-10-19 09:30:00-04:00,41.61000061035156,41.63999938964844,41.5806999206543,41.5806999206543,59152,0.0,0.0,0.0
2023-10-19 10:30:00-04:00,41.59000015258789,41.619998931884766,41.585201263427734,41.619998931884766,3362,0.0,0.0,0.0
2023-10-19 11:30:00-04:00,41.66999816894531,41.7400016784668,41.599998474121094,41.66999816894531,9569,0.0,0.0,0.0
2023-10-19 12:30:00-04:00,41.58000183105469,41.60049819946289,41.46139907836914,41.54999923706055,0,0.0,0.0,0.0
2023-10-19 13:30:00-04:00,41.56010055541992,41.56010055541992,41.5099983215332,41.52000045776367,78594,0.0,0.0,0.0
2023-10-19 14:30:00-04:00,41.45000076293945,41.5099983215332,41.43000030517578,41.4900016784668,4345,0.0,0.0,0.0
2023-10-19 15:30:00-04:00,41.5,41.5,41.46989822387695,41.47959899902344,2435,0.0,0.0,0.0
2023-10-20 09:30:00-04:00,41.63999938964844,41.70000076293945,41.619998931884766,41.619998931884766,4160,0.0,0.0,0.0
2023-10-20 10:30:00-04:00,41.63999938964844,41.75680160522461,41.63999938964844,41.75680160522461,2361,0.0,0.0,0.0
2023-10-20 11:30:00-04:00,41.7400016784668,41.7400016784668,41.69499969482422,41.709999084472656,3397,0.0,0.0,0.0
2023-10-20 12:30:00-04:00,41.720001220703125,41.720001220703125,41.654998779296875,41.65999984741211,5448,0.0,0.0,0.0
2023-10-20 13:30:00-04:00,41.650001525878906,41.66999816894531,41.650001525878906,41.650001525878906,906,0.0,0.0,0.0
2023-10-20 14:30:00-04:00,41.65999984741211,41.6879997253418,41.65999984741211,41.66999816894531,1659,0.0,0.0,0.0
2023-10-20 15:30:00-04:00,41.66999816894531,41.709999084472656,41.66999816894531,41.69540023803711,1291,0.0,0.0,0.0
2023-10-23 09:30:00-04:00,41.560001373291016,41.630001068115234,41.5088996887207,41.630001068115234,0,0.0,0.0,0.0
2023-10-23 10:30:00-04:00,41.7599983215332,41.83209991455078,41.72999954223633,41.83209991455078,5105,0.0,0.0,0.0
2023-10-23 11:30:00-04:00,41.869998931884766,41.869998931884766,41.849998474121094,41.849998474121094,2333,0.0,0.0,0.0
2023-10-23 12:30:00-04:00,41.92539978027344,41.97999954223633,41.92539978027344,41.96500015258789,0,0.0,0.0,0.0
2023-10-23 13:30:00-04:00,41.959999084472656,41.959999084472656,41.93009948730469,41.93009948730469,19952,0.0,0.0,0.0
2023-10-23 14:30:00-04:00,41.95500183105469,41.95650100708008,41.91999816894531,41.91999816894531,14671,0.0,0.0,0.0
2023-10-23 15:30:00-04:00,41.90869903564453,41.91999816894531,41.90869903564453,41.91999816894531,0,0.0,0.0,0.0
2023-10-24 09:30:00-04:00,41.90999984741211,41.92409896850586,41.810001373291016,41.869998931884766,5828,0.0,0.0,0.0
2023-10-24 10:30:00-04:00,41.878501892089844,41.878501892089844,41.81999969482422,41.81999969482422,2865,0.0,0.0,0.0
2023-10-24 11:30:00-04:00,41.869998931884766,41.959999084472656,41.869998931884766,41.959999084472656,3493,0.0,0.0,0.0
2023-10-24 12:30:00-04:00,41.970001220703125,42.0,41.91999816894531,42.0,10945,0.0,0.0,0.0
2023-10-24 13:30:00-04:00,41.98849868774414,41.99720001220703,41.93000030517578,41.939998626708984,1233,0.0,0.0,0.0
2023-10-24 14:30:00-04:00,41.95000076293945,41.9900016784668,41.93000030517578,41.9900016784668,3046,0.0,0.0,0.0
2023-10-24 15:30:00-04:00,42.029998779296875,42.040000915527344,42.029998779296875,42.040000915527344,0,0.0,0.0,0.0
2023-10-25 09:30:00-04:00,41.79999923706055,41.79999923706055,41.720001220703125,41.72990036010742,4743,0.0,0.0,0.0
2023-10-25 10:30:00-04:00,41.75,41.75,41.72999954223633,41.72999954223633,5804,0.0,0.0,0.0
2023-10-25 11:30:00-04:00,41.72999954223633,41.72999954223633,41.71780014038086,41.720001220703125,3323,0.0,0.0,0.0
2023-10-25 12:30:00-04:00,41.689998626708984,41.70000076293945,41.599998474121094,41.61000061035156,2347,0.0,0.0,0.0
2023-10-25 13:30:00-04:00,41.58000183105469,41.619998931884766,41.58000183105469,41.61000061035156,3418,0.0,0.0,0.0
2023-10-25 14:30:00-04:00,41.61000061035156,41.61000061035156,41.584999084472656,41.59000015258789,9487,0.0,0.0,0.0
2023-10-25 15:30:00-04:00,41.599998474121094,41.6349983215332,41.599998474121094,41.630001068115234,0,0.0,0.0,0.0
2023-10-26 09:30:00-04:00,41.7400016784668,41.75,41.70000076293945,41.745201110839844,21175,0.0,0.0,0.0
2023-10-26 10:30:00-04:00,41.75,41.810001373291016,41.75,41.75,3027,0.0,0.0,0.0
2023-10-26 11:30:00-04:00,41.77000045776367,41.810001373291016,41.77000045776367,41.810001373291016,988,0.0,0.0,0.0
2023-10-26 12:30:00-04:00,41.81999969482422,41.900001525878906,41.81999969482422,41.89179992675781,4852,0.0,0.0,0.0
2023-10-26 13:30:00-04:00,41.939998626708984,41.939998626708984,41.93000030517578,41.93600082397461,971,0.0,0.0,0.0
2023-10-26 14:30:00-04:00,41.95000076293945,41.959999084472656,41.93149948120117,41.95709991455078,900,0.0,0.0,0.0
2023-10-26 15:30:00-04:00,41.970001220703125,41.9900016784668,41.970001220703125,41.97999954223633,0,0.0,0.0,0.0
2023-10-27 09:30:00-04:00,41.939998626708984,41.970001220703125,41.93000030517578,41.93000030517578,2607,0.0,0.0,0.0
2023-10-27 10:30:00-04:00,41.900001525878906,41.92940139770508,41.900001525878906,41.91999816894531,31837,0.0,0.0,0.0
2023-10-27 11:30:00-04:00,41.910099029541016,41.92499923706055,41.900001525878906,41.900001525878906,1220,0.0,0.0,0.0
2023-10-27 12:30:00-04:00,41.86000061035156,41.86000061035156,41.849998474121094,41.849998474121094,961,0.0,0.0,0.0
2023-10-27 13:30:00-04:00,41.95500183105469,41.95500183105469,41.93629837036133,41.93629837036133,5101,0.0,0.0,0.0
2023-10-27 14:30:00-04:00,41.939998626708984,41.97999954223633,41.939998626708984,41.97060012817383,790,0.0,0.0,0.0
2023-10-27 15:30:00-04:00,41.9900016784668,42.02000045776367,41.9900016784668,42.0,1025,0.0,0.0,0.0
2023-10-30 09:30:00-04:00,41.81999969482422,41.900001525878906,41.79999923706055,41.900001525878906,7171,0.0,0.0,0.0
2023-10-30 10:30:00-04:00,41.75,41.850101470947266,41.75,41.850101470947266,1298,0.0,0.0,0.0
2023-10-30 11:30:00-04:00,41.849998474121094,41.849998474121094,41.81880187988281,41.81880187988281,1102,0.0,0.0,0.0
2023-10-30 12:30:00-04:00,41.79499816894531,41.81999969482422,41.790000915527344,41.790000915527344,4521,0.0,0.0,0.0
2023-10-30 13:30:00-04:00,41.83000183105469,41.86000061035156,41.81999969482422,41.84339904785156,1834,0.0,0.0,0.0
2023-10-30 14:30:00-04:00,41.84700012207031,41.920101165771484,41.8400993347168,41.91999816894531,962,0.0,0.0,0.0
2023-10-30 15:30:00-04:00,41.834999084472656,41.869998931884766,41.834999084472656,41.869998931884766,932,0.0,0.0,0.0
2023-10-31 09:30:00-04:00,41.93000030517578,41.93000030517578,41.890098571777344,41.900001525878906,5473,0.0,0.0,0.0
2023-10-31 10:30:00-04:00,41.9380989074707,41.9900016784668,41.9380989074707,41.9900016784668,5742,0.0,0.0,0.0
2023-10-31 11:30:00-04:00,41.95000076293945,41.95000076293945,41.900001525878906,41.900001525878906,1582,0.0,0.0,0.0
2023-10-31 12:30:00-04:00,41.899600982666016,41.93000030517578,41.899600982666016,41.91999816894531,3321,0.0,0.0,0.0
2023-10-31 13:30:00-04:00,41.91999816894531,41.91999816894531,41.880001068115234,41.880001068115234,991,0.0,0.0,0.0
2023-10-31 14:30:00-04:00,41.880001068115234,41.900001525878906,41.849998474121094,41.849998474121094,713,0.0,0.0,0.0
2023-10-31 15:30:00-04:00,41.81999969482422,41.81999969482422,41.77000045776367,41.790000915527344,0,0.0,0.0,0.0
2023-11-01 09:30:00-04:00,41.790000915527344,42.02000045776367,41.790000915527344,42.015201568603516,6220,0.0,0.0,0.0
2023-11-01 10:30:00-04:00,42.04999923706055,42.058998107910156,41.98500061035156,41.98500061035156,3917,0.0,0.0,0.0
2023-11-01 11:30:00-04:00,42.0,42.0,41.95000076293945,41.95000076293945,912,0.0,0.0,0.0
2023-11-01 12:30:00-04:00,41.939998626708984,41.959999084472656,41.93000030517578,41.959999084472656,1028,0.0,0.0,0.0
2023-11-01 13:30:00-04:00,41.980098724365234,42.04990005493164,41.97999954223633,42.0,2226,0.0,0.0,0.0
2023-11-01 14:30:00-04:00,41.97999954223633,42.10599899291992,41.95000076293945,42.10599899291992,463022,0.0,0.0,0.0
2023-11-01 15:30:00-04:00,42.13999938964844,42.15999984741211,42.127201080322266,42.139400482177734,0,0.0,0.0,0.0
2023-11-02 09:30:00-04:00,42.529998779296875,42.54499816894531,42.459999084472656,42.5099983215332,12105,0.0,0.0,0.0
2023-11-02 10:30:00-04:00,42.531700134277344,42.58000183105469,42.4900016784668,42.4900016784668,3057,0.0,0.0,0.0
2023-11-02 11:30:00-04:00,42.47999954223633,42.47999954223633,42.37990188598633,42.38990020751953,5965,0.0,0.0,0.0
2023-11-02 12:30:00-04:00,42.41279983520508,42.41279983520508,42.349998474121094,42.40010070800781,4735,0.0,0.0,0.0
2023-11-02 13:30:00-04:00,42.4208984375,42.470001220703125,42.4208984375,42.459999084472656,3445,0.0,0.0,0.0
2023-11-02 14:30:00-04:00,42.4208984375,42.46820068359375,42.4208984375,42.44499969482422,7058,0.0,0.0,0.0
2023-11-02 15:30:00-04:00,42.45090103149414,42.47999954223633,42.44850158691406,42.44850158691406,0,0.0,0.0,0.0
2023-11-03 09:30:00-04:00,43.060001373291016,43.06039810180664,42.81010055541992,42.81010055541992,23878,0.0,0.0,0.0
2023-11-03 10:30:00-04:00,42.88990020751953,42.95949935913086,42.83000183105469,42.93000030517578,28024,0.0,0.0,0.0
2023-11-03 11:30:00-04:00,42.95500183105469,42.95500183105469,42.86000061035156,42.880001068115234,18315,0.0,0.0,0.0
2023-11-03 12:30:00-04:00,42.89500045776367,42.939998626708984,42.8650016784668,42.8650016784668,7681,0.0,0.0,0.0
2023-11-03 13:30:00-04:00,42.869998931884766,42.880001068115234,42.83000183105469,42.85710144042969,4834,0.0,0.0,0.0
2023-11-03 14:30:00-04:00,42.84550094604492,42.85860061645508,42.83000183105469,42.84000015258789,4085,0.0,0.0,0.0
2023-11-03 15:30:00-04:00,42.810001373291016,42.810001373291016,42.77090072631836,42.78499984741211,3644,0.0,0.0,0.0
2023-11-06 09:30:00-05:00,42.63999938964844,42.63999938964844,42.51559829711914,42.529998779296875,17603,0.0,0.0,0.0
2023-11-06 10:30:00-05:00,42.579898834228516,42.584999084472656,42.54050064086914,42.54050064086914,6572,0.0,0.0,0.0
2023-11-06 11:30:00-05:00,42.55500030517578,42.560001373291016,42.540000915527344,42.540000915527344,1673,0.0,0.0,0.0
2023-11-06 12:30:00-05:00,42.54010009765625,42.55860137939453,42.529998779296875,42.529998779296875,2798,0.0,0.0,0.0
2023-11-06 13:30:00-05:00,42.52000045776367,42.53499984741211,42.4900016784668,42.4900016784668,3517,0.0,0.0,0.0
2023-11-06 14:30:00-05:00,42.5099983215332,42.5099983215332,42.47999954223633,42.4900016784668,716,0.0,0.0,0.0
2023-11-06 15:30:00-05:00,42.5281982421875,42.529998779296875,42.525001525878906,42.525001525878906,0,0.0,0.0,0.0
2023-11-07 09:30:00-05:00,42.67210006713867,42.72999954223633,42.67210006713867,42.72999954223633,13286,0.0,0.0,0.0
2023-11-07 10:30:00-05:00,42.760101318359375,42.760101318359375,42.72999954223633,42.72999954223633,9734,0.0,0.0,0.0
2023-11-07 11:30:00-05:00,42.72999954223633,42.7400016784668,42.72999954223633,42.72999954223633,557,0.0,0.0,0.0
2023-11-07 12:30:00-05:00,42.70000076293945,42.724998474121094,42.70000076293945,42.720001220703125,800,0.0,0.0,0.0
2023-11-07 13:30:00-05:00,42.80500030517578,42.880001068115234,42.80500030517578,42.85499954223633,2639,0.0,0.0,0.0
2023-11-07 14:30:00-05:00,42.849998474121094,42.849998474121094,42.77000045776367,42.779998779296875,4204,0.0,0.0,0.0
2023-11-07 15:30:00-05:00,42.790000915527344,42.79499816894531,42.77000045776367,42.77000045776367,0,0.0,0.0,0.0
2023-11-08 09:30:00-05:00,42.790000915527344,42.880001068115234,42.790000915527344,42.82870101928711,10585,0.0,0.0,0.0
2023-11-08 10:30:00-05:00,42.86000061035156,42.97990036010742,42.86000061035156,42.97990036010742,3497,0.0,0.0,0.0
2023-11-08 11:30:00-05:00,42.95000076293945,42.95500183105469,42.93000030517578,42.94729995727539,4662,0.0,0.0,0.0
2023-11-08 12:30:00-05:00,42.935001373291016,43.03739929199219,42.9202995300293,43.027400970458984,2669,0.0,0.0,0.0
2023-11-08 13:30:00-05:00,43.02000045776367,43.02000045776367,42.9901008605957,42.9901008605957,3208,0.0,0.0,0.0
2023-11-08 14:30:00-05:00,42.95500183105469,42.959999084472656,42.95500183105469,42.956600189208984,1926,0.0,0.0,0.0
2023-11-08 15:30:00-05:00,43.0099983215332,43.02000045776367,42.9901008605957,43.0099983215332,35463,0.0,0.0,0.0
2023-11-09 09:30:00-05:00,42.91999816894531,42.91999816894531,42.800201416015625,42.80500030517578,5678,0.0,0.0,0.0
2023-11-09 10:30:00-05:00,42.79999923706055,42.83000183105469,42.79990005493164,42.83000183105469,4534,0.0,0.0,0.0
2023-11-09 11:30:00-05:00,42.84000015258789,42.849998474121094,42.79999923706055,42.79999923706055,934,0.0,0.0,0.0
2023-11-09 12:30:00-05:00,42.7599983215332,42.7599983215332,42.5099983215332,42.654998779296875,4761,0.0,0.0,0.0
2023-11-09 13:30:00-05:00,42.61000061035156,42.68000030517578,42.58000183105469,42.58000183105469,1539,0.0,0.0,0.0
2023-11-09 14:30:00-05:00,42.540000915527344,42.599998474121094,42.540000915527344,42.58000183105469,2879,0.0,0.0,0.0
2023-11-09 15:30:00-05:00,42.560001373291016,42.560001373291016,42.53499984741211,42.540000915527344,0,0.0,0.0,0.0
2023-11-10 09:30:00-05:00,42.720001220703125,42.720001220703125,42.689998626708984,42.689998626708984,46778,0.0,0.0,0.0
2023-11-10 10:30:00-05:00,42.70000076293945,42.709999084472656,42.688499450683594,42.690101623535156,3905,0.0,0.0,0.0
2023-11-10 11:30:00-05:00,42.660099029541016,42.660099029541016,42.619998931884766,42.630001068115234,2421,0.0,0.0,0.0
2023-11-10 12:30:00-05:00,42.61000061035156,42.61000061035156,42.56999969482422,42.56999969482422,1264,0.0,0.0,0.0
2023-11-10 13:30:00-05:00,42.59000015258789,42.630001068115234,42.59000015258789,42.619998931884766,898,0.0,0.0,0.0
2023-11-10 14:30:00-05:00,42.608699798583984,42.61970138549805,42.599998474121094,42.61090087890625,4003,0.0,0.0,0.0
2023-11-10 15:30:00-05:00,42.6150016784668,42.630001068115234,42.6150016784668,42.6150016784668,6249,0.0,0.0,0.0
2023-11-13 09:30:00-05:00,42.439998626708984,42.439998626708984,42.369998931884766,42.400001525878906,969,0.0,0.0,0.0
2023-11-13 10:30:00-05:00,42.44729995727539,42.52000045776367,42.42499923706055,42.52000045776367,5395,0.0,0.0,0.0
2023-11-13 11:30:00-05:00,42.5099983215332,42.54999923706055,42.5099983215332,42.52870178222656,1621,0.0,0.0,0.0
2023-11-13 12:30:00-05:00,42.529998779296875,42.540000915527344,42.529998779296875,42.540000915527344,804,0.0,0.0,0.0
2023-11-13 13:30:00-05:00,42.58000183105469,42.59000015258789,42.56060028076172,42.58000183105469,5991,0.0,0.0,0.0
2023-11-13 14:30:00-05:00,42.584999084472656,42.584999084472656,42.55039978027344,42.55039978027344,3650,0.0,0.0,0.0
2023-11-13 15:30:00-05:00,42.58000183105469,42.587398529052734,42.56010055541992,42.56999969482422,0,0.0,0.0,0.0
2023-11-14 09:30:00-05:00,43.16999816894531,43.22999954223633,43.130001068115234,43.1510009765625,83106,0.0,0.0,0.0
2023-11-14 10:30:00-05:00,43.16999816894531,43.185001373291016,43.130001068115234,43.16999816894531,46779,0.0,0.0,0.0
2023-11-14 11:30:00-05:00,43.16510009765625,43.20000076293945,43.124000549316406,43.125,54514,0.0,0.0,0.0
2023-11-14 12:30:00-05:00,43.120201110839844,43.179500579833984,43.119998931884766,43.16999816894531,15804,0.0,0.0,0.0
2023-11-14 13:30:00-05:00,43.15999984741211,43.17839813232422,43.13999938964844,43.144500732421875,11804,0.0,0.0,0.0
2023-11-14 14:30:00-05:00,43.179901123046875,43.23500061035156,43.16999816894531,43.224998474121094,37628,0.0,0.0,0.0
2023-11-14 15:30:00-05:00,43.22100067138672,43.23500061035156,43.20000076293945,43.20000076293945,0,0.0,0.0,0.0
2023-11-15 09:30:00-05:00,42.97999954223633,42.982200622558594,42.86249923706055,42.91999816894531,53122,0.0,0.0,0.0
2023-11-15 10:30:00-05:00,42.900001525878906,42.95719909667969,42.900001525878906,42.939998626708984,18426,0.0,0.0,0.0
2023-11-15 11:30:00-05:00,42.900001525878906,42.900001525878906,42.820098876953125,42.88010025024414,12952,0.0,0.0,0.0
2023-11-15 12:30:00-05:00,42.880001068115234,42.88990020751953,42.86009979248047,42.86009979248047,4428,0.0,0.0,0.0
2023-11-15 13:30:00-05:00,42.83000183105469,42.86000061035156,42.81999969482422,42.86000061035156,5606,0.0,0.0,0.0
2023-11-15 14:30:00-05:00,42.86000061035156,42.93000030517578,42.86000061035156,42.91999816894531,5048,0.0,0.0,0.0
2023-11-15 15:30:00-05:00,42.93000030517578,42.93000030517578,42.874000549316406,42.880001068115234,0,0.0,0.0,0.0
2023-11-16 09:30:00-05:00,43.11000061035156,43.25,43.11000061035156,43.25,18010,0.0,0.0,0.0
2023-11-16 10:30:00-05:00,43.27000045776367,43.27000045776367,43.130001068115234,43.13999938964844,9738,0.0,0.0,0.0
2023-11-16 11:30:00-05:00,43.13999938964844,43.189998626708984,43.119998931884766,43.189998626708984,7859,0.0,0.0,0.0
2023-11-16 12:30:00-05:00,43.20000076293945,43.25,43.20000076293945,43.239898681640625,4789,0.0,0.0,0.0
2023-11-16 13:30:00-05:00,43.2400016784668,43.2400016784668,43.19990158081055,43.2156982421875,7976,0.0,0.0,0.0
2023-11-16 14:30:00-05:00,43.209999084472656,43.22999954223633,43.209999084472656,43.209999084472656,1657,0.0,0.0,0.0
2023-11-16 15:30:00-05:00,43.18360137939453,43.189998626708984,43.16270065307617,43.189998626708984,5339,0.0,0.0,0.0
2023-11-17 09:30:00-05:00,43.2400016784668,43.269901275634766,43.14500045776367,43.160099029541016,9496,0.0,0.0,0.0
2023-11-17 10:30:00-05:00,43.179500579833984,43.19960021972656,43.16999816894531,43.18000030517578,5146,0.0,0.0,0.0
2023-11-17 11:30:00-05:00,43.15489959716797,43.22999954223633,43.15489959716797,43.22999954223633,4322,0.0,0.0,0.0
2023-11-17 12:30:00-05:00,43.209999084472656,43.27000045776367,43.209999084472656,43.27000045776367,1038,0.0,0.0,0.0
2023-11-17 13:30:00-05:00,43.289100646972656,43.290000915527344,43.26129913330078,43.27000045776367,2670,0.0,0.0,0.0
2023-11-17 14:30:00-05:00,43.244998931884766,43.244998931884766,43.220001220703125,43.2400016784668,4942,0.0,0.0,0.0
2023-11-17 15:30:00-05:00,43.240501403808594,43.240501403808594,43.224998474121094,43.225101470947266,4055,0.0,0.0,0.0
2023-11-20 09:30:00-05:00,43.119998931884766,43.19499969482422,43.119998931884766,43.16109848022461,4851,0.0,0.0,0.0
2023-11-20 10:30:00-05:00,43.150001525878906,43.15999984741211,43.13999938964844,43.15909957885742,1558,0.0,0.0,0.0
2023-11-20 11:30:00-05:00,43.14500045776367,43.20000076293945,43.14500045776367,43.189998626708984,1196,0.0,0.0,0.0
2023-11-20 12:30:00-05:00,43.18000030517578,43.339698791503906,43.15999984741211,43.31999969482422,7615,0.0,0.0,0.0
2023-11-20 13:30:00-05:00,43.33729934692383,43.33729934692383,43.290000915527344,43.290000915527344,2120,0.0,0.0,0.0
2023-11-20 14:30:00-05:00,43.314998626708984,43.32569885253906,43.279998779296875,43.32569885253906,6976,0.0,0.0,0.0
2023-11-20 15:30:00-05:00,43.310001373291016,43.33000183105469,43.310001373291016,43.31999969482422,0,0.0,0.0,0.0
2023-11-21 09:30:00-05:00,43.38999938964844,43.41999816894531,43.380001068115234,43.41999816894531,1704,0.0,0.0,0.0
2023-11-21 10:30:00-05:00,43.380001068115234,43.38999938964844,43.380001068115234,43.380001068115234,957,0.0,0.0,0.0
2023-11-21 11:30:00-05:00,43.38710021972656,43.38710021972656,43.34370040893555,43.34370040893555,2677,0.0,0.0,0.0
2023-11-21 12:30:00-05:00,43.369998931884766,43.369998931884766,43.34000015258789,43.34000015258789,583,0.0,0.0,0.0
2023-11-21 13:30:00-05:00,43.279998779296875,43.30500030517578,43.27000045776367,43.30500030517578,791,0.0,0.0,0.0
2023-11-21 14:30:00-05:00,43.33000183105469,43.36009979248047,43.33000183105469,43.357200622558594,2730,0.0,0.0,0.0
2023-11-21 15:30:00-05:00,43.357200622558594,43.360198974609375,43.349998474121094,43.35089874267578,0,0.0,0.0,0.0
2023-11-22 09:30:00-05:00,43.459999084472656,43.47999954223633,43.310001373291016,43.310001373291016,5329,0.0,0.0,0.0
2023-11-22 10:30:00-05:00,43.31999969482422,43.31999969482422,43.290000915527344,43.31999969482422,3048,0.0,0.0,0.0
2023-11-22 11:30:00-05:00,43.310001373291016,43.349998474121094,43.310001373291016,43.31660079956055,9519,0.0,0.0,0.0
2023-11-22 12:30:00-05:00,43.310001373291016,43.310001373291016,43.310001373291016,43.310001373291016,693,0.0,0.0,0.0
2023-11-22 14:30:00-05:00,43.33399963378906,43.34960174560547,43.330101013183594,43.34960174560547,2269,0.0,0.0,0.0
2023-11-22 15:30:00-05:00,43.351200103759766,43.369998931884766,43.351200103759766,43.369998931884766,10867,0.0,0.0,0.0
2023-11-24 09:30:00-05:00,43.189998626708984,43.189998626708984,43.13999938964844,43.15999984741211,1171,0.0,0.0,0.0
2023-11-24 10:30:00-05:00,43.130001068115234,43.14500045776367,43.119998931884766,43.124298095703125,2104,0.0,0.0,0.0
2023-11-24 11:30:00-05:00,43.130001068115234,43.13999938964844,43.119998931884766,43.119998931884766,561,0.0,0.0,0.0
2023-11-27 09:30:00-05:00,43.290000915527344,43.29999923706055,43.23500061035156,43.29999923706055,18164,0.0,0.0,0.0
2023-11-27 10:30:00-05:00,43.290000915527344,43.31999969482422,43.290000915527344,43.30500030517578,6995,0.0,0.0,0.0
2023-11-27 11:30:00-05:00,43.290000915527344,43.339698791503906,43.290000915527344,43.339698791503906,1339,0.0,0.0,0.0
2023-11-27 12:30:00-05:00,43.36000061035156,43.42290115356445,43.36000061035156,43.408599853515625,2419,0.0,0.0,0.0
2023-11-27 13:30:00-05:00,43.405601501464844,43.405601501464844,43.38999938964844,43.400901794433594,1036,0.0,0.0,0.0
2023-11-27 14:30:00-05:00,43.459999084472656,43.459999084472656,43.45000076293945,43.45000076293945,1706,0.0,0.0,0.0
2023-11-27 15:30:00-05:00,43.45500183105469,43.477699279785156,43.45500183105469,43.477699279785156,0,0.0,0.0,0.0
2023-11-28 09:30:00-05:00,43.400001525878906,43.47999954223633,43.400001525878906,43.470001220703125,3707,0.0,0.0,0.0
2023-11-28 10:30:00-05:00,43.470001220703125,43.60860061645508,43.470001220703125,43.60860061645508,5962,0.0,0.0,0.0
2023-11-28 11:30:00-05:00,43.60860061645508,43.619998931884766,43.599700927734375,43.61009979248047,14407,0.0,0.0,0.0
2023-11-28 12:30:00-05:00,43.615699768066406,43.615699768066406,43.52000045776367,43.55860137939453,6520,0.0,0.0,0.0
2023-11-28 13:30:00-05:00,43.579498291015625,43.61000061035156,43.579498291015625,43.61000061035156,753,0.0,0.0,0.0
2023-11-28 14:30:00-05:00,43.61989974975586,43.647499084472656,43.595001220703125,43.61000061035156,51754,0.0,0.0,0.0
2023-11-28 15:30:00-05:00,43.615699768066406,43.650001525878906,43.615699768066406,43.6442985534668,7618,0.0,0.0,0.0
2023-11-29 09:30:00-05:00,43.790000915527344,43.93000030517578,43.790000915527344,43.88999938964844,2508,0.0,0.0,0.0
2023-11-29 10:30:00-05:00,43.847198486328125,43.85329818725586,43.830101013183594,43.830101013183594,901,0.0,0.0,0.0
2023-11-29 11:30:00-05:00,43.84000015258789,43.8400993347168,43.7599983215332,43.808998107910156,1389,0.0,0.0,0.0
2023-11-29 12:30:00-05:00,43.80630111694336,43.88999938964844,43.80630111694336,43.86949920654297,2268,0.0,0.0,0.0
2023-11-29 13:30:00-05:00,43.88999938964844,43.900001525878906,43.88999938964844,43.900001525878906,1072,0.0,0.0,0.0
2023-11-29 14:30:00-05:00,43.849998474121094,43.869998931884766,43.849998474121094,43.869998931884766,358,0.0,0.0,0.0
2023-11-29 15:30:00-05:00,43.899600982666016,43.900001525878906,43.880001068115234,43.88999938964844,0,0.0,0.0,0.0
2023-11-30 09:30:00-05:00,43.7400016784668,43.7400016784668,43.65999984741211,43.68000030517578,22838,0.0,0.0,0.0
2023-11-30 10:30:00-05:00,43.69369888305664,43.724998474121094,43.66170120239258,43.724998474121094,2001,0.0,0.0,0.0
2023-11-30 11:30:00-05:00,43.720001220703125,43.721500396728516,43.687599182128906,43.689998626708984,3154,0.0,0.0,0.0
2023-11-30 12:30:00-05:00,43.689998626708984,43.689998626708984,43.650001525878906,43.650001525878906,6297,0.0,0.0,0.0
2023-11-30 13:30:00-05:00,43.669498443603516,43.67940139770508,43.630001068115234,43.63999938964844,2580,0.0,0.0,0.0
2023-11-30 14:30:00-05:00,43.63999938964844,43.650001525878906,43.56999969482422,43.56999969482422,3404,0.0,0.0,0.0
2023-11-30 15:30:00-05:00,43.59000015258789,43.68000030517578,43.59000015258789,43.68000030517578,782,0.0,0.0,0.0
2023-12-01 09:30:00-05:00,43.52000045776367,43.65599822998047,43.494300842285156,43.65599822998047,0,0.0,0.0,0.0
2023-12-01 10:30:00-05:00,43.61000061035156,43.7400016784668,43.580101013183594,43.7400016784668,1952,0.0,0.0,0.0
2023-12-01 11:30:00-05:00,43.78879928588867,43.840599060058594,43.779998779296875,43.840599060058594,710,0.0,0.0,0.0
2023-12-01 12:30:00-05:00,43.84000015258789,43.95000076293945,43.84000015258789,43.95000076293945,1981,0.0,0.0,0.0
2023-12-01 13:30:00-05:00,43.93000030517578,43.93000030517578,43.9109992980957,43.91999816894531,24069,0.0,0.0,0.0
2023-12-01 14:30:00-05:00,43.91999816894531,43.935001373291016,43.88999938964844,43.935001373291016,2247,0.0,0.0,0.0
2023-12-01 15:30:00-05:00,43.959999084472656,43.959999084472656,43.939998626708984,43.939998626708984,123,0.0,0.0,0.0
2023-12-04 09:30:00-05:00,43.779998779296875,43.849998474121094,43.76499938964844,43.77000045776367,6843,0.0,0.0,0.0
2023-12-04 10:30:00-05:00,43.70009994506836,43.720001220703125,43.70000076293945,43.70000076293945,697,0.0,0.0,0.0
2023-12-04 11:30:00-05:00,43.70000076293945,43.70000076293945,43.68000030517578,43.68000030517578,883,0.0,0.0,0.0
2023-12-04 12:30:00-05:00,43.66999816894531,43.70000076293945,43.65999984741211,43.66999816894531,22746,0.0,0.0,0.0
2023-12-04 13:30:00-05:00,43.68000030517578,43.700599670410156,43.66999816894531,43.700599670410156,4069,0.0,0.0,0.0
2023-12-04 14:30:00-05:00,43.70000076293945,43.720001220703125,43.690799713134766,43.720001220703125,2132,0.0,0.0,0.0
2023-12-04 15:30:00-05:00,43.72999954223633,43.77000045776367,43.720001220703125,43.75,0,0.0,0.0,0.0
2023-12-05 09:30:00-05:00,43.939998626708984,44.11000061035156,43.939998626708984,44.060001373291016,16817,0.0,0.0,0.0
2023-12-05 10:30:00-05:00,44.029998779296875,44.10089874267578,44.0,44.09000015258789,1782,0.0,0.0,0.0
2023-12-05 11:30:00-05:00,44.09000015258789,44.12419891357422,44.08000183105469,44.099998474121094,4601,0.0,0.0,0.0
2023-12-05 12:30:00-05:00,44.11000061035156,44.11000061035156,44.05009841918945,44.05009841918945,6470,0.0,0.0,0.0
2023-12-05 14:30:00-05:00,44.119998931884766,44.119998931884766,44.116600036621094,44.116600036621094,381,0.0,0.0,0.0
2023-12-05 15:30:00-05:00,44.09880065917969,44.11000061035156,44.08000183105469,44.11000061035156,0,0.0,0.0,0.0
2023-12-06 09:30:00-05:00,44.220001220703125,44.2598991394043,44.16120147705078,44.250099182128906,9989,0.0,0.0,0.0
2023-12-06 10:30:00-05:00,44.289100646972656,44.31999969482422,44.279998779296875,44.279998779296875,9579,0.0,0.0,0.0
2023-12-06 11:30:00-05:00,44.29999923706055,44.31119918823242,44.29999923706055,44.31119918823242,701,0.0,0.0,0.0
2023-12-06 12:30:00-05:00,44.310001373291016,44.310001373291016,44.310001373291016,44.310001373291016,499,0.0,0.0,0.0
2023-12-06 13:30:00-05:00,44.29999923706055,44.334999084472656,44.29999923706055,44.334999084472656,3855,0.0,0.0,0.0
2023-12-06 14:30:00-05:00,44.31549835205078,44.31549835205078,44.31549835205078,44.31549835205078,206,0.0,0.0,0.0
2023-12-06 15:30:00-05:00,44.28499984741211,44.29999923706055,44.279998779296875,44.290000915527344,0,0.0,0.0,0.0
2023-12-07 09:30:00-05:00,44.224998474121094,44.224998474121094,44.220001220703125,44.220001220703125,1330,0.0,0.0,0.0
2023-12-07 10:30:00-05:00,44.18050003051758,44.28340148925781,44.18050003051758,44.28340148925781,1333,0.0,0.0,0.0
2023-12-07 11:30:00-05:00,44.28710174560547,44.29999923706055,44.275001525878906,44.275001525878906,1459,0.0,0.0,0.0
2023-12-07 12:30:00-05:00,44.340599060058594,44.340599060058594,44.340599060058594,44.340599060058594,394,0.0,0.0,0.0
2023-12-07 13:30:00-05:00,44.33000183105469,44.334999084472656,44.311100006103516,44.31999969482422,54921,0.0,0.0,0.0
2023-12-07 14:30:00-05:00,44.290000915527344,44.290000915527344,44.26129913330078,44.279998779296875,876,0.0,0.0,0.0
2023-12-07 15:30:00-05:00,44.2400016784668,44.244998931884766,44.209999084472656,44.209999084472656,0,0.0,0.0,0.0
2023-12-08 09:30:00-05:00,43.970001220703125,44.0,43.93000030517578,43.97999954223633,3321,0.0,0.0,0.0
2023-12-08 10:30:00-05:00,43.869998931884766,43.875,43.86000061035156,43.86000061035156,1235,0.0,0.0,0.0
2023-12-08 11:30:00-05:00,43.810001373291016,43.810001373291016,43.810001373291016,43.810001373291016,115,0.0,0.0,0.0
2023-12-08 12:30:00-05:00,43.850101470947266,43.91939926147461,43.850101470947266,43.89500045776367,9603,0.0,0.0,0.0
2023-12-08 13:30:00-05:00,43.88990020751953,43.90999984741211,43.88050079345703,43.90999984741211,1566,0.0,0.0,0.0
2023-12-08 14:30:00-05:00,43.880001068115234,43.90999984741211,43.87929916381836,43.9099006652832,2939,0.0,0.0,0.0
2023-12-08 15:30:00-05:00,43.9379997253418,43.9379997253418,43.90079879760742,43.90999984741211,2400,0.0,0.0,0.0
2023-12-11 09:30:00-05:00,43.790000915527344,43.82500076293945,43.790000915527344,43.790000915527344,8537,0.0,0.0,0.0
2023-12-11 10:30:00-05:00,43.779998779296875,43.81999969482422,43.779998779296875,43.79999923706055,1161,0.0,0.0,0.0
2023-12-11 11:30:00-05:00,43.760501861572266,43.760501861572266,43.75,43.7598991394043,1864,0.0,0.0,0.0
2023-12-11 12:30:00-05:00,43.75920104980469,43.790000915527344,43.75,43.790000915527344,3450,0.0,0.0,0.0
2023-12-11 13:30:00-05:00,43.829898834228516,43.91999816894531,43.829898834228516,43.91999816894531,2862,0.0,0.0,0.0
2023-12-11 14:30:00-05:00,43.89500045776367,43.900001525878906,43.88999938964844,43.88999938964844,452,0.0,0.0,0.0
2023-12-11 15:30:00-05:00,43.90999984741211,43.90999984741211,43.900001525878906,43.900001525878906,0,0.0,0.0,0.0
2023-12-12 09:30:00-05:00,43.869998931884766,43.9005012512207,43.869998931884766,43.9005012512207,662,0.0,0.0,0.0
2023-12-12 10:30:00-05:00,43.994598388671875,43.994598388671875,43.95500183105469,43.95500183105469,593,0.0,0.0,0.0
2023-12-12 11:30:00-05:00,43.97200012207031,43.97200012207031,43.95000076293945,43.95000076293945,560,0.0,0.0,0.0
2023-12-12 12:30:00-05:00,43.9099006652832,43.9099006652832,43.9099006652832,43.9099006652832,571,0.0,0.0,0.0
2023-12-12 13:30:00-05:00,44.0099983215332,44.03799819946289,44.0099983215332,44.03799819946289,1496,0.0,0.0,0.0
2023-12-12 14:30:00-05:00,44.0,44.0099983215332,44.0,44.0099983215332,269,0.0,0.0,0.0
2023-12-12 15:30:00-05:00,44.01499938964844,44.01499938964844,44.0099983215332,44.0099983215332,0,0.0,0.0,0.0
2023-12-13 09:30:00-05:00,44.130001068115234,44.15999984741211,44.125,44.125,6021,0.0,0.0,0.0
2023-12-13 10:30:00-05:00,44.131099700927734,44.190101623535156,44.131099700927734,44.190101623535156,3892,0.0,0.0,0.0
2023-12-13 11:30:00-05:00,44.19559860229492,44.20090103149414,44.19559860229492,44.20090103149414,723,0.0,0.0,0.0
2023-12-13 12:30:00-05:00,44.209999084472656,44.21220016479492,44.18069839477539,44.18069839477539,1503,0.0,0.0,0.0
2023-12-13 13:30:00-05:00,44.15999984741211,44.529998779296875,44.15999984741211,44.529998779296875,2187,0.0,0.0,0.0
2023-12-13 14:30:00-05:00,44.507999420166016,44.70000076293945,44.4900016784668,44.57270050048828,12011,0.0,0.0,0.0
2023-12-13 15:30:00-05:00,44.584999084472656,44.66999816894531,44.584999084472656,44.65999984741211,0,0.0,0.0,0.0
2023-12-14 09:30:00-05:00,44.88999938964844,44.97999954223633,44.88999938964844,44.97999954223633,53592,0.0,0.0,0.0
2023-12-14 10:30:00-05:00,44.95970153808594,45.08000183105469,44.95970153808594,45.08000183105469,2710,0.0,0.0,0.0
2023-12-14 11:30:00-05:00,45.09000015258789,45.150001525878906,45.09000015258789,45.150001525878906,4111,0.0,0.0,0.0
2023-12-14 12:30:00-05:00,45.099998474121094,45.099998474121094,45.0,45.029998779296875,3975,0.0,0.0,0.0
2023-12-14 13:30:00-05:00,45.02000045776367,45.02000045776367,44.98789978027344,45.0098991394043,2635,0.0,0.0,0.0
2023-12-14 14:30:00-05:00,44.9900016784668,45.060001373291016,44.97990036010742,45.059898376464844,2138,0.0,0.0,0.0
2023-12-14 15:30:00-05:00,45.099998474121094,45.11000061035156,45.08000183105469,45.11000061035156,0,0.0,0.0,0.0
2023-12-15 09:30:00-05:00,45.0099983215332,45.13999938964844,45.0099983215332,45.13999938964844,5873,0.0,0.0,0.0
2023-12-15 10:30:00-05:00,45.084999084472656,45.0989990234375,45.0099983215332,45.059898376464844,2575,0.0,0.0,0.0
2023-12-15 11:30:00-05:00,45.072200775146484,45.072200775146484,45.060001373291016,45.06999969482422,1338,0.0,0.0,0.0
2023-12-15 12:30:00-05:00,45.06999969482422,45.06999969482422,45.0,45.0,2904,0.0,0.0,0.0
2023-12-15 13:30:00-05:00,45.02410125732422,45.029998779296875,45.02000045776367,45.025001525878906,2101,0.0,0.0,0.0
2023-12-15 14:30:00-05:00,45.01499938964844,45.09049987792969,45.006099700927734,45.09049987792969,14833,0.0,0.0,0.0
2023-12-15 15:30:00-05:00,45.09000015258789,45.09000015258789,45.060001373291016,45.060001373291016,1115,0.0,0.0,0.0
2023-12-18 09:30:00-05:00,44.930301666259766,44.930301666259766,44.88999938964844,44.90919876098633,3737,0.0,0.0,0.0
2023-12-18 10:30:00-05:00,44.900001525878906,44.95000076293945,44.900001525878906,44.95000076293945,2875,0.0,0.0,0.0
2023-12-18 11:30:00-05:00,44.939998626708984,44.939998626708984,44.935001373291016,44.935001373291016,365,0.0,0.0,0.0
2023-12-18 12:30:00-05:00,44.939998626708984,44.94990158081055,44.92070007324219,44.92070007324219,2510,0.0,0.0,0.0
2023-12-18 13:30:00-05:00,44.917198181152344,44.939998626708984,44.917198181152344,44.93000030517578,8341,0.0,0.0,0.0
2023-12-18 14:30:00-05:00,44.93000030517578,44.950199127197266,44.91999816894531,44.950199127197266,11532,0.0,0.0,0.0
2023-12-18 15:30:00-05:00,44.95000076293945,44.959999084472656,44.95000076293945,44.9546012878418,0,0.0,0.0,0.0
2023-12-19 09:30:00-05:00,45.029998779296875,45.131099700927734,45.029998779296875,45.130001068115234,7686,0.0,0.0,0.0
2023-12-19 10:30:00-05:00,45.079498291015625,45.11000061035156,45.06999969482422,45.11000061035156,2356,0.0,0.0,0.0
2023-12-19 11:30:00-05:00,45.11000061035156,45.130001068115234,45.06999969482422,45.08000183105469,5255,0.0,0.0,0.0
2023-12-19 12:30:00-05:00,45.08000183105469,45.09000015258789,45.040000915527344,45.040000915527344,9501,0.0,0.0,0.0
2023-12-19 13:30:00-05:00,45.08000183105469,45.08000183105469,45.04710006713867,45.04710006713867,4002,0.0,0.0,0.0
2023-12-19 14:30:00-05:00,45.04999923706055,45.060001373291016,45.020999908447266,45.020999908447266,1356,0.0,0.0,0.0
2023-12-19 15:30:00-05:00,45.03409957885742,45.060001373291016,45.03409957885742,45.0525016784668,0,0.0,0.0,0.0
2023-12-20 09:30:00-05:00,45.13999938964844,45.16999816894531,45.109798431396484,45.109798431396484,9282,0.0,0.0,0.0
2023-12-20 10:30:00-05:00,45.11000061035156,45.1150016784668,45.06999969482422,45.099998474121094,9130,0.0,0.0,0.0
2023-12-20 11:30:00-05:00,45.095001220703125,45.13999938964844,45.095001220703125,45.13999938964844,1190,0.0,0.0,0.0
2023-12-20 12:30:00-05:00,45.099998474121094,45.18000030517578,45.099998474121094,45.13999938964844,4974,0.0,0.0,0.0
2023-12-20 13:30:00-05:00,45.189998626708984,45.21989822387695,45.189998626708984,45.209999084472656,5006,0.0,0.0,0.0
2023-12-20 14:30:00-05:00,45.20000076293945,45.2775993347168,45.17300033569336,45.2599983215332,4659,0.0,0.0,0.0
2023-12-20 15:30:00-05:00,45.27000045776367,45.310001373291016,45.27000045776367,45.290000915527344,0,0.0,0.0,0.0
2023-12-21 09:30:00-05:00,45.40999984741211,45.40999984741211,45.20000076293945,45.269901275634766,12666,0.0,0.0,0.0
2023-12-21 10:30:00-05:00,45.279998779296875,45.290000915527344,45.247798919677734,45.290000915527344,3807,0.0,0.0,0.0
2023-12-21 11:30:00-05:00,45.29999923706055,45.29999923706055,45.22999954223633,45.2400016784668,7670,0.0,0.0,0.0
2023-12-21 12:30:00-05:00,45.220001220703125,45.2400016784668,45.18000030517578,45.18000030517578,3007,0.0,0.0,0.0
2023-12-21 13:30:00-05:00,45.15230178833008,45.209999084472656,45.15230178833008,45.20500183105469,1565,0.0,0.0,0.0
2023-12-21 14:30:00-05:00,45.21900177001953,45.21900177001953,45.172401428222656,45.20100021362305,1778,0.0,0.0,0.0
2023-12-21 15:30:00-05:00,45.209999084472656,45.21500015258789,45.20989990234375,45.2140998840332,0,0.0,0.0,0.0
2023-12-22 09:30:00-05:00,45.310001373291016,45.310001373291016,45.21500015258789,45.21500015258789,4380,0.0,0.0,0.0
2023-12-22 10:30:00-05:00,45.209999084472656,45.209999084472656,45.150001525878906,45.15999984741211,2934,0.0,0.0,0.0
2023-12-22 11:30:00-05:00,45.13999938964844,45.13999938964844,45.10499954223633,45.11000061035156,3491,0.0,0.0,0.0
2023-12-22 12:30:00-05:00,45.099998474121094,45.12990188598633,45.099998474121094,45.12990188598633,4410,0.0,0.0,0.0
2023-12-22 13:30:00-05:00,45.18000030517578,45.189998626708984,45.16999816894531,45.16999816894531,242318,0.0,0.0,0.0
2023-12-22 14:30:00-05:00,45.16999816894531,45.16999816894531,45.169898986816406,45.169898986816406,12086,0.0,0.0,0.0
2023-12-22 15:30:00-05:00,45.16059875488281,45.16999816894531,45.16059875488281,45.165000915527344,1688,0.0,0.0,0.0
2023-12-26 09:30:00-05:00,45.119998931884766,45.197601318359375,45.119998931884766,45.197601318359375,2592,0.0,0.0,0.0
2023-12-26 10:30:00-05:00,45.189998626708984,45.189998626708984,45.147499084472656,45.150001525878906,1595,0.0,0.0,0.0
2023-12-26 11:30:00-05:00,45.150001525878906,45.165000915527344,45.13999938964844,45.165000915527344,1997,0.0,0.0,0.0
2023-12-26 12:30:00-05:00,45.15999984741211,45.18000030517578,45.1422004699707,45.1797981262207,1635,0.0,0.0,0.0
2023-12-26 13:30:00-05:00,45.185001373291016,45.220001220703125,45.18000030517578,45.220001220703125,1601,0.0,0.0,0.0
2023-12-26 14:30:00-05:00,45.22999954223633,45.2400016784668,45.18009948730469,45.187198638916016,6675,0.0,0.0,0.0
2023-12-26 15:30:00-05:00,45.19729995727539,45.209999084472656,45.19729995727539,45.20000076293945,4893,0.0,0.0,0.0
2023-12-27 09:30:00-05:00,45.220001220703125,45.22880172729492,45.2047004699707,45.22489929199219,0,0.0,0.0,0.0
2023-12-27 10:30:00-05:00,45.2400016784668,45.279998779296875,45.22999954223633,45.279998779296875,1584,0.0,0.0,0.0
2023-12-27 11:30:00-05:00,45.279998779296875,45.29999923706055,45.279998779296875,45.290000915527344,770,0.0,0.0,0.0
2023-12-27 12:30:00-05:00,45.31169891357422,45.3922004699707,45.310001373291016,45.369998931884766,18478,0.0,0.0,0.0
2023-12-27 13:30:00-05:00,45.38999938964844,45.38999938964844,45.380001068115234,45.380001068115234,619,0.0,0.0,0.0
2023-12-27 14:30:00-05:00,45.40999984741211,45.40999984741211,45.380001068115234,45.40769958496094,2213,0.0,0.0,0.0
2023-12-27 15:30:00-05:00,45.380001068115234,45.400001525878906,45.380001068115234,45.39929962158203,0,0.0,0.0,0.0
2023-12-28 09:30:00-05:00,45.31999969482422,45.31999969482422,45.279998779296875,45.31290054321289,2952,0.0,0.0,0.0
2023-12-28 10:30:00-05:00,45.31999969482422,45.38589859008789,45.30059814453125,45.30059814453125,2155,0.0,0.0,0.0
2023-12-28 11:30:00-05:00,45.30339813232422,45.30339813232422,45.27000045776367,45.29499816894531,3125,0.0,0.0,0.0
2023-12-28 12:30:00-05:00,45.29790115356445,45.29790115356445,45.20000076293945,45.20000076293945,9427,0.0,0.0,0.0
2023-12-28 13:30:00-05:00,45.209999084472656,45.209999084472656,45.20000076293945,45.20000076293945,1126,0.0,0.0,0.0
2023-12-28 14:30:00-05:00,45.20000076293945,45.222999572753906,45.20000076293945,45.222999572753906,1097,0.0,0.0,0.0
2023-12-28 15:30:00-05:00,45.25,45.25,45.23270034790039,45.23270034790039,2161,0.0,0.0,0.0
2023-12-29 09:30:00-05:00,45.09000015258789,45.140098571777344,45.09000015258789,45.130001068115234,0,0.0,0.0,0.0
2023-12-29 10:30:00-05:00,45.130001068115234,45.189998626708984,45.130001068115234,45.15999984741211,9728,0.0,0.0,0.0
2023-12-29 11:30:00-05:00,45.17110061645508,45.20000076293945,45.150001525878906,45.15359878540039,6422,0.0,0.0,0.0
2023-12-29 12:30:00-05:00,45.18000030517578,45.21009826660156,45.040000915527344,45.08000183105469,12294,0.0,0.0,0.0
2023-12-29 13:30:00-05:00,45.0900993347168,45.1349983215332,45.0900993347168,45.10110092163086,949,0.0,0.0,0.0
2023-12-29 14:30:00-05:00,45.11750030517578,45.119998931884766,45.100101470947266,45.10499954223633,3356,0.0,0.0,0.0
2023-12-29 15:30:00-05:00,45.099998474121094,45.099998474121094,45.08000183105469,45.08000183105469,2249,0.0,0.0,0.0
2024-01-02 09:30:00-05:00,44.880001068115234,44.97529983520508,44.869998931884766,44.90999984741211,10549,0.0,0.0,0.0
2024-01-02 10:30:00-05:00,44.90999984741211,44.948699951171875,44.875,44.94670104980469,4588,0.0,0.0,0.0
2024-01-02 11:30:00-05:00,44.93000030517578,44.939998626708984,44.89360046386719,44.89360046386719,1222,0.0,0.0,0.0
2024-01-02 12:30:00-05:00,44.880001068115234,44.88999938964844,44.86980056762695,44.86980056762695,1075,0.0,0.0,0.0
2024-01-02 13:30:00-05:00,44.86000061035156,44.88999938964844,44.85100173950195,44.88999938964844,10653,0.0,0.0,0.0
2024-01-02 14:30:00-05:00,44.90890121459961,44.90890121459961,44.869998931884766,44.8838996887207,2691,0.0,0.0,0.0
2024-01-02 15:30:00-05:00,44.87839889526367,44.89500045776367,44.87839889526367,44.890201568603516,1316,0.0,0.0,0.0
2024-01-03 09:30:00-05:00,44.709999084472656,44.790000915527344,44.65999984741211,44.790000915527344,0,0.0,0.0,0.0
2024-01-03 10:30:00-05:00,44.7599983215332,44.83000183105469,44.7599983215332,44.83000183105469,3857,0.0,0.0,0.0
2024-01-03 11:30:00-05:00,44.84000015258789,44.9099006652832,44.83000183105469,44.9099006652832,1549,0.0,0.0,0.0
2024-01-03 12:30:00-05:00,44.900001525878906,44.939998626708984,44.900001525878906,44.939998626708984,1180,0.0,0.0,0.0
2024-01-03 13:30:00-05:00,44.92259979248047,45.029998779296875,44.90999984741211,45.029998779296875,18199,0.0,0.0,0.0
2024-01-03 14:30:00-05:00,45.040000915527344,45.040000915527344,45.0,45.0,3158,0.0,0.0,0.0
2024-01-03 15:30:00-05:00,45.0,45.040000915527344,45.0,45.040000915527344,0,0.0,0.0,0.0
2024-01-04 09:30:00-05:00,44.75,44.77000045776367,44.75,44.77000045776367,2577,0.0,0.0,0.0
2024-01-04 10:30:00-05:00,44.77000045776367,44.790000915527344,44.75,44.779998779296875,3416,0.0,0.0,0.0
2024-01-04 11:30:00-05:00,44.735198974609375,44.735198974609375,44.720001220703125,44.720001220703125,1628,0.0,0.0,0.0
2024-01-04 12:30:00-05:00,44.70000076293945,44.709999084472656,44.685001373291016,44.709999084472656,2719,0.0,0.0,0.0
2024-01-04 13:30:00-05:00,44.71500015258789,44.72010040283203,44.71500015258789,44.720001220703125,674,0.0,0.0,0.0
2024-01-04 14:30:00-05:00,44.70000076293945,44.7400016784668,44.70000076293945,44.72959899902344,10243,0.0,0.0,0.0
2024-01-04 15:30:00-05:00,44.72909927368164,44.72999954223633,44.720001220703125,44.720001220703125,0,0.0,0.0,0.0
2024-01-05 09:30:00-05:00,44.529998779296875,44.83110046386719,44.525001525878906,44.83000183105469,7948,0.0,0.0,0.0
2024-01-05 10:30:00-05:00,44.83000183105469,44.854400634765625,44.7599983215332,44.790000915527344,3528,0.0,0.0,0.0
2024-01-05 11:30:00-05:00,44.755001068115234,44.755001068115234,44.59989929199219,44.59989929199219,1716,0.0,0.0,0.0
2024-01-05 12:30:00-05:00,44.579898834228516,44.579898834228516,44.56650161743164,44.56650161743164,1207,0.0,0.0,0.0
2024-01-05 13:30:00-05:00,44.58000183105469,44.58000183105469,44.58000183105469,44.58000183105469,204,0.0,0.0,0.0
2024-01-05 14:30:00-05:00,44.56999969482422,44.56999969482422,44.52000045776367,44.52000045776367,1711,0.0,0.0,0.0
2024-01-05 15:30:00-05:00,44.5276985168457,44.529998779296875,44.5276985168457,44.529998779296875,232,0.0,0.0,0.0
2024-01-08 09:30:00-05:00,44.62009811401367,44.709800720214844,44.62009811401367,44.689998626708984,2322,0.0,0.0,0.0
2024-01-08 10:30:00-05:00,44.73780059814453,44.79999923706055,44.73780059814453,44.79999923706055,2448,0.0,0.0,0.0
2024-01-08 11:30:00-05:00,44.81999969482422,44.81999969482422,44.79779815673828,44.79779815673828,710,0.0,0.0,0.0
2024-01-08 13:30:00-05:00,44.720001220703125,44.720001220703125,44.720001220703125,44.720001220703125,825,0.0,0.0,0.0
2024-01-08 15:30:00-05:00,44.650001525878906,44.70000076293945,44.650001525878906,44.70000076293945,420,0.0,0.0,0.0
2024-01-09 09:30:00-05:00,44.630001068115234,44.720001220703125,44.630001068115234,44.720001220703125,2087,0.0,0.0,0.0
2024-01-09 10:30:00-05:00,44.65999984741211,44.66790008544922,44.63999938964844,44.650699615478516,1269,0.0,0.0,0.0
2024-01-09 11:30:00-05:00,44.65999984741211,44.685001373291016,44.65999984741211,44.676998138427734,137858,0.0,0.0,0.0
2024-01-09 12:30:00-05:00,44.65129852294922,44.689998626708984,44.650001525878906,44.66999816894531,1706,0.0,0.0,0.0
2024-01-09 13:30:00-05:00,44.650001525878906,44.689998626708984,44.631500244140625,44.689998626708984,2048,0.0,0.0,0.0
2024-01-09 14:30:00-05:00,44.68000030517578,44.68000030517578,44.637298583984375,44.665000915527344,1343,0.0,0.0,0.0
2024-01-09 15:30:00-05:00,44.65999984741211,44.68000030517578,44.650001525878906,44.650001525878906,0,0.0,0.0,0.0
2024-01-10 09:30:00-05:00,44.77000045776367,44.77000045776367,44.6859016418457,44.6859016418457,11050,0.0,0.0,0.0
2024-01-10 10:30:00-05:00,44.6776008605957,44.70000076293945,44.6776008605957,44.689998626708984,650,0.0,0.0,0.0
2024-01-10 12:30:00-05:00,44.654998779296875,44.65999984741211,44.63999938964844,44.650001525878906,1490,0.0,0.0,0.0
2024-01-10 13:30:00-05:00,44.60649871826172,44.60960006713867,44.59000015258789,44.599998474121094,899,0.0,0.0,0.0
2024-01-10 14:30:00-05:00,44.59989929199219,44.630001068115234,44.59000015258789,44.599998474121094,19497,0.0,0.0,0.0
2024-01-10 15:30:00-05:00,44.599998474121094,44.599998474121094,44.58000183105469,44.58890151977539,0,0.0,0.0,0.0
2024-01-11 09:30:00-05:00,44.650001525878906,44.650001525878906,44.599998474121094,44.61000061035156,6282,0.0,0.0,0.0
2024-01-11 10:30:00-05:00,44.650001525878906,44.6697998046875,44.61000061035156,44.61000061035156,894,0.0,0.0,0.0
2024-01-11 11:30:00-05:00,44.619998931884766,44.630001068115234,44.59090042114258,44.630001068115234,1458,0.0,0.0,0.0
2024-01-11 12:30:00-05:00,44.58000183105469,44.65999984741211,44.58000183105469,44.65999984741211,244382,0.0,0.0,0.0
2024-01-11 13:30:00-05:00,44.630001068115234,44.79999923706055,44.630001068115234,44.79999923706055,1324,0.0,0.0,0.0
2024-01-11 14:30:00-05:00,44.820098876953125,44.824501037597656,44.80500030517578,44.80500030517578,4786,0.0,0.0,0.0
2024-01-11 15:30:00-05:00,44.80500030517578,44.810001373291016,44.80110168457031,44.808998107910156,720,0.0,0.0,0.0
2024-01-12 09:30:00-05:00,44.970001220703125,45.02009963989258,44.935001373291016,44.9900016784668,19758,0.0,0.0,0.0
2024-01-12 10:30:00-05:00,44.93000030517578,44.94499969482422,44.900001525878906,44.94499969482422,11637,0.0,0.0,0.0
2024-01-12 11:30:00-05:00,44.959999084472656,44.959999084472656,44.88999938964844,44.88999938964844,703,0.0,0.0,0.0
2024-01-12 12:30:00-05:00,44.88999938964844,44.88999938964844,44.81100082397461,44.858699798583984,10934,0.0,0.0,0.0
2024-01-12 13:30:00-05:00,44.8588981628418,44.86000061035156,44.8588981628418,44.86000061035156,566,0.0,0.0,0.0
2024-01-12 14:30:00-05:00,44.9275016784668,44.9275016784668,44.900001525878906,44.900001525878906,13355,0.0,0.0,0.0
2024-01-12 15:30:00-05:00,44.900001525878906,44.90999984741211,44.880001068115234,44.898399353027344,12258,0.0,0.0,0.0
2024-01-16 09:30:00-05:00,44.70000076293945,44.744998931884766,44.68000030517578,44.7400016784668,0,0.0,0.0,0.0
2024-01-16 10:30:00-05:00,44.720001220703125,44.7599983215332,44.54999923706055,44.646400451660156,18088,0.0,0.0,0.0
2024-01-16 11:30:00-05:00,44.63130187988281,44.6526985168457,44.5099983215332,44.5099983215332,10144,0.0,0.0,0.0
2024-01-16 12:30:00-05:00,44.4900016784668,44.5,44.44499969482422,44.459999084472656,12302,0.0,0.0,0.0
2024-01-16 13:30:00-05:00,44.46500015258789,44.4900016784668,44.45000076293945,44.4900016784668,7602,0.0,0.0,0.0
2024-01-16 14:30:00-05:00,44.4900016784668,44.52009963989258,44.4900016784668,44.4900016784668,9559,0.0,0.0,0.0
2024-01-16 15:30:00-05:00,44.5,44.525001525878906,44.494998931884766,44.52000045776367,7236,0.0,0.0,0.0
2024-01-17 09:30:00-05:00,44.400001525878906,44.400001525878906,44.332298278808594,44.34000015258789,8552,0.0,0.0,0.0
2024-01-17 10:30:00-05:00,44.31760025024414,44.40999984741211,44.310001373291016,44.400001525878906,3183,0.0,0.0,0.0
2024-01-17 11:30:00-05:00,44.400001525878906,44.41230010986328,44.38999938964844,44.41230010986328,2093,0.0,0.0,0.0
2024-01-17 12:30:00-05:00,44.38999938964844,44.43769836425781,44.36000061035156,44.364200592041016,5047,0.0,0.0,0.0
2024-01-17 13:30:00-05:00,44.36000061035156,44.380001068115234,44.36000061035156,44.3650016784668,1811,0.0,0.0,0.0
2024-01-17 14:30:00-05:00,44.369998931884766,44.40729904174805,44.369998931884766,44.400001525878906,12353,0.0,0.0,0.0
2024-01-17 15:30:00-05:00,44.38999938964844,44.400001525878906,44.369998931884766,44.400001525878906,0,0.0,0.0,0.0
2024-01-18 09:30:00-05:00,44.38999938964844,44.400001525878906,44.34159851074219,44.36800003051758,11110,0.0,0.0,0.0
2024-01-18 10:30:00-05:00,44.380001068115234,44.38999938964844,44.30149841308594,44.34000015258789,8245,0.0,0.0,0.0
2024-01-18 11:30:00-05:00,44.347999572753906,44.347999572753906,44.22999954223633,44.23350143432617,7823,0.0,0.0,0.0
2024-01-18 12:30:00-05:00,44.230098724365234,44.279998779296875,44.230098724365234,44.279998779296875,35968,0.0,0.0,0.0
2024-01-18 13:30:00-05:00,44.28419876098633,44.301998138427734,44.27899932861328,44.301998138427734,1601,0.0,0.0,0.0
2024-01-18 14:30:00-05:00,44.30910110473633,44.30910110473633,44.260101318359375,44.27000045776367,1898,0.0,0.0,0.0
2024-01-18 15:30:00-05:00,44.279998779296875,44.28390121459961,44.2599983215332,44.279998779296875,0,0.0,0.0,0.0
2024-01-19 09:30:00-05:00,44.19200134277344,44.20000076293945,44.099998474121094,44.130001068115234,8331,0.0,0.0,0.0
2024-01-19 10:30:00-05:00,44.139801025390625,44.21500015258789,44.139801025390625,44.20790100097656,4656,0.0,0.0,0.0
2024-01-19 11:30:00-05:00,44.18000030517578,44.20000076293945,44.18000030517578,44.18000030517578,909,0.0,0.0,0.0
2024-01-19 12:30:00-05:00,44.20000076293945,44.20000076293945,44.20000076293945,44.20000076293945,315,0.0,0.0,0.0
2024-01-19 13:30:00-05:00,44.209999084472656,44.224998474121094,44.209999084472656,44.224998474121094,1234,0.0,0.0,0.0
2024-01-19 14:30:00-05:00,44.24250030517578,44.27389907836914,44.24250030517578,44.2599983215332,10756,0.0,0.0,0.0
2024-01-19 15:30:00-05:00,44.25,44.279998779296875,44.244998931884766,44.27000045776367,17827,0.0,0.0,0.0
2024-01-22 09:30:00-05:00,44.43000030517578,44.4900016784668,44.43000030517578,44.487998962402344,562225,0.0,0.0,0.0
2024-01-22 10:30:00-05:00,44.4900016784668,44.4900016784668,44.43000030517578,44.44609832763672,2664,0.0,0.0,0.0
2024-01-22 11:30:00-05:00,44.45790100097656,44.46289825439453,44.419898986816406,44.419898986816406,2927,0.0,0.0,0.0
2024-01-22 12:30:00-05:00,44.41999816894531,44.43360137939453,44.40999984741211,44.40999984741211,6156,0.0,0.0,0.0
2024-01-22 13:30:00-05:00,44.422698974609375,44.422698974609375,44.38209915161133,44.399898529052734,8578,0.0,0.0,0.0
2024-01-22 14:30:00-05:00,44.40999984741211,44.439998626708984,44.40999984741211,44.439998626708984,542,0.0,0.0,0.0
2024-01-22 15:30:00-05:00,44.415000915527344,44.43000030517578,44.415000915527344,44.41999816894531,742,0.0,0.0,0.0
2024-01-23 09:30:00-05:00,44.31999969482422,44.31999969482422,44.290000915527344,44.29999923706055,0,0.0,0.0,0.0
2024-01-23 10:30:00-05:00,44.26070022583008,44.29999923706055,44.26070022583008,44.29999923706055,500,0.0,0.0,0.0
2024-01-23 11:30:00-05:00,44.2400016784668,44.2599983215332,44.2400016784668,44.25979995727539,2416,0.0,0.0,0.0
2024-01-23 12:30:00-05:00,44.25,44.2677001953125,44.25,44.2677001953125,805,0.0,0.0,0.0
2024-01-23 13:30:00-05:00,44.269901275634766,44.280601501464844,44.258201599121094,44.280601501464844,2266,0.0,0.0,0.0
2024-01-23 14:30:00-05:00,44.290000915527344,44.31290054321289,44.279998779296875,44.2958984375,0,0.0,0.0,0.0
2024-01-23 15:30:00-05:00,44.309898376464844,44.31999969482422,44.309898376464844,44.31999969482422,9095,0.0,0.0,0.0
2024-01-24 09:30:00-05:00,44.470001220703125,44.470001220703125,44.335899353027344,44.349998474121094,0,0.0,0.0,0.0
2024-01-24 10:30:00-05:00,44.314701080322266,44.35499954223633,44.27000045776367,44.29999923706055,3616,0.0,0.0,0.0
2024-01-24 11:30:00-05:00,44.290000915527344,44.290000915527344,44.2599983215332,44.27000045776367,2154,0.0,0.0,0.0
2024-01-24 12:30:00-05:00,44.279998779296875,44.279998779296875,44.209999084472656,44.209999084472656,1139,0.0,0.0,0.0
2024-01-24 13:30:00-05:00,44.18000030517578,44.18000030517578,44.15520095825195,44.157798767089844,2128,0.0,0.0,0.0
2024-01-24 14:30:00-05:00,44.15999984741211,44.18000030517578,44.15010070800781,44.17499923706055,18426,0.0,0.0,0.0
2024-01-24 15:30:00-05:00,44.18000030517578,44.18000030517578,44.15999984741211,44.15999984741211,932,0.0,0.0,0.0
2024-01-25 09:30:00-05:00,44.34000015258789,44.34000015258789,44.30009841918945,44.33000183105469,0,0.0,0.0,0.0
2024-01-25 10:30:00-05:00,44.33570098876953,44.36600112915039,44.31999969482422,44.31999969482422,4335,0.0,0.0,0.0
2024-01-25 11:30:00-05:00,44.33000183105469,44.33000183105469,44.279998779296875,44.290000915527344,1897,0.0,0.0,0.0
2024-01-25 12:30:00-05:00,44.28670120239258,44.345699310302734,44.27000045776367,44.34130096435547,6642,0.0,0.0,0.0
2024-01-25 13:30:00-05:00,44.34000015258789,44.36000061035156,44.34000015258789,44.36000061035156,48505,0.0,0.0,0.0
2024-01-25 14:30:00-05:00,44.36669921875,44.36669921875,44.348201751708984,44.348201751708984,881,0.0,0.0,0.0
2024-01-25 15:30:00-05:00,44.349998474121094,44.349998474121094,44.349998474121094,44.349998474121094,0,0.0,0.0,0.0
2024-01-26 09:30:00-05:00,44.34000015258789,44.34000015258789,44.230098724365234,44.246498107910156,19648,0.0,0.0,0.0
2024-01-26 10:30:00-05:00,44.2401008605957,44.29999923706055,44.2401008605957,44.29090118408203,8436,0.0,0.0,0.0
2024-01-26 11:30:00-05:00,44.33000183105469,44.33000183105469,44.33000183105469,44.33000183105469,100,0.0,0.0,0.0
2024-01-26 12:30:00-05:00,44.30580139160156,44.310001373291016,44.27000045776367,44.27000045776367,2415,0.0,0.0,0.0
2024-01-26 13:30:00-05:00,44.25,44.25,44.23529815673828,44.23809814453125,761,0.0,0.0,0.0
2024-01-26 14:30:00-05:00,44.25,44.295101165771484,44.2400016784668,44.295101165771484,4252,0.0,0.0,0.0
2024-01-26 15:30:00-05:00,44.282501220703125,44.29999923706055,44.282501220703125,44.29999923706055,876,0.0,0.0,0.0
2024-01-29 09:30:00-05:00,44.43000030517578,44.45000076293945,44.418800354003906,44.4286994934082,41799,0.0,0.0,0.0
2024-01-29 10:30:00-05:00,44.40919876098633,44.439998626708984,44.40810012817383,44.43000030517578,7871,0.0,0.0,0.0
2024-01-29 11:30:00-05:00,44.46500015258789,44.46500015258789,44.45600128173828,44.464599609375,600,0.0,0.0,0.0
2024-01-29 12:30:00-05:00,44.46760177612305,44.5,44.459999084472656,44.479000091552734,9273,0.0,0.0,0.0
2024-01-29 13:30:00-05:00,44.47380065917969,44.47380065917969,44.470001220703125,44.470001220703125,381,0.0,0.0,0.0
2024-01-29 14:30:00-05:00,44.489898681640625,44.5974006652832,44.489898681640625,44.59000015258789,1876,0.0,0.0,0.0
2024-01-29 15:30:00-05:00,44.57229995727539,44.57229995727539,44.53850173950195,44.560001373291016,1887,0.0,0.0,0.0
2024-01-30 09:30:00-05:00,44.619998931884766,44.67539978027344,44.4739990234375,44.4739990234375,11393,0.0,0.0,0.0
2024-01-30 10:30:00-05:00,44.470001220703125,44.470001220703125,44.470001220703125,44.470001220703125,355,0.0,0.0,0.0
2024-01-30 11:30:00-05:00,44.55699920654297,44.59000015258789,44.55699920654297,44.59000015258789,17053,0.0,0.0,0.0
2024-01-30 12:30:00-05:00,44.54759979248047,44.55350112915039,44.51499938964844,44.51499938964844,3000,0.0,0.0,0.0
2024-01-30 13:30:00-05:00,44.5364990234375,44.58000183105469,44.52000045776367,44.58000183105469,8701,0.0,0.0,0.0
2024-01-30 14:30:00-05:00,44.6067008972168,44.6067008972168,44.6067008972168,44.6067008972168,773,0.0,0.0,0.0
2024-01-30 15:30:00-05:00,44.60499954223633,44.650001525878906,44.60499954223633,44.650001525878906,1139,0.0,0.0,0.0
2024-01-31 09:30:00-05:00,44.86000061035156,45.02000045776367,44.86000061035156,44.939998626708984,0,0.0,0.0,0.0
2024-01-31 10:30:00-05:00,44.94499969482422,45.0,44.94499969482422,44.96500015258789,5911,0.0,0.0,0.0
2024-01-31 11:30:00-05:00,44.959999084472656,44.959999084472656,44.94499969482422,44.9557991027832,1716,0.0,0.0,0.0
2024-01-31 12:30:00-05:00,44.959999084472656,44.96480178833008,44.957698822021484,44.96480178833008,6402,0.0,0.0,0.0
2024-01-31 13:30:00-05:00,44.976200103759766,44.976200103759766,44.90999984741211,44.90999984741211,1337,0.0,0.0,0.0
2024-01-31 14:30:00-05:00,44.9827995300293,44.9827995300293,44.86000061035156,44.8849983215332,3448,0.0,0.0,0.0
2024-02-01 09:30:00-05:00,45.060001373291016,45.099998474121094,45.02000045776367,45.070098876953125,9596,0.0,0.0,0.0
2024-02-01 10:30:00-05:00,45.150001525878906,45.29999923706055,45.150001525878906,45.29999923706055,525,0.0,0.0,0.0
2024-02-01 11:30:00-05:00,45.2599983215332,45.2599983215332,45.15570068359375,45.15570068359375,2909,0.0,0.0,0.0
2024-02-01 12:30:00-05:00,45.20989990234375,45.20989990234375,45.099998474121094,45.11000061035156,2122,0.0,0.0,0.0
2024-02-01 13:30:00-05:00,45.130001068115234,45.130001068115234,45.130001068115234,45.130001068115234,109,0.0,0.0,0.0
2024-02-01 14:30:00-05:00,45.130001068115234,45.130001068115234,45.130001068115234,45.130001068115234,127,0.0,0.0,0.0
2024-02-01 15:30:00-05:00,45.18989944458008,45.18989944458008,45.15850067138672,45.16239929199219,0,0.0,0.0,0.0
2024-02-02 09:30:00-05:00,44.630001068115234,44.72999954223633,44.599998474121094,44.599998474121094,2190,0.0,0.0,0.0
2024-02-02 10:30:00-05:00,44.56999969482422,44.58399963378906,44.529998779296875,44.529998779296875,710,0.0,0.0,0.0
2024-02-02 11:30:00-05:00,44.54999923706055,44.54999923706055,44.4900016784668,44.5161018371582,8175,0.0,0.0,0.0
2024-02-02 12:30:00-05:00,44.503299713134766,44.503299713134766,44.4901008605957,44.4901008605957,2546,0.0,0.0,0.0
2024-02-02 13:30:00-05:00,44.560001373291016,44.56999969482422,44.55500030517578,44.56769943237305,2790,0.0,0.0,0.0
2024-02-02 14:30:00-05:00,44.58000183105469,44.584999084472656,44.560001373291016,44.584999084472656,1453,0.0,0.0,0.0
2024-02-02 15:30:00-05:00,44.584999084472656,44.593101501464844,44.58449935913086,44.593101501464844,858,0.0,0.0,0.0
2024-02-05 09:30:00-05:00,44.27000045776367,44.27000045776367,44.11000061035156,44.12820053100586,0,0.0,0.0,0.0
2024-02-05 10:30:00-05:00,44.143001556396484,44.143001556396484,44.078800201416016,44.078800201416016,1360,0.0,0.0,0.0
2024-02-05 11:30:00-05:00,44.130001068115234,44.13999938964844,44.130001068115234,44.13999938964844,413,0.0,0.0,0.0
2024-02-05 12:30:00-05:00,44.18000030517578,44.18000030517578,44.154998779296875,44.16999816894531,1864,0.0,0.0,0.0
2024-02-05 13:30:00-05:00,44.165000915527344,44.165000915527344,44.150001525878906,44.150001525878906,1535,0.0,0.0,0.0
2024-02-05 14:30:00-05:00,44.1245002746582,44.1245002746582,44.1245002746582,44.1245002746582,259,0.0,0.0,0.0
2024-02-05 15:30:00-05:00,44.119598388671875,44.130001068115234,44.099998474121094,44.099998474121094,0,0.0,0.0,0.0
2024-02-06 09:30:00-05:00,44.15999984741211,44.33000183105469,44.15999984741211,44.33000183105469,3489,0.0,0.0,0.0
2024-02-06 10:30:00-05:00,44.29629898071289,44.29629898071289,44.260101318359375,44.260101318359375,1989,0.0,0.0,0.0
2024-02-06 11:30:00-05:00,44.329200744628906,44.34000015258789,44.314998626708984,44.339900970458984,1463,0.0,0.0,0.0
2024-02-06 13:30:00-05:00,44.3656005859375,44.38999938964844,44.349998474121094,44.38999938964844,746,0.0,0.0,0.0
2024-02-06 14:30:00-05:00,44.364498138427734,44.39970016479492,44.3400993347168,44.387001037597656,2249,0.0,0.0,0.0
2024-02-06 15:30:00-05:00,44.39619827270508,44.40999984741211,44.369998931884766,44.380001068115234,2765,0.0,0.0,0.0
2024-02-07 09:30:00-05:00,44.290000915527344,44.45000076293945,44.290000915527344,44.339500427246094,0,0.0,0.0,0.0
2024-02-07 10:30:00-05:00,44.345001220703125,44.415401458740234,44.34429931640625,44.354698181152344,5632,0.0,0.0,0.0
2024-02-07 11:30:00-05:00,44.31999969482422,44.32680130004883,44.290000915527344,44.31990051269531,1680,0.0,0.0,0.0
2024-02-07 12:30:00-05:00,44.29199981689453,44.34000015258789,44.29199981689453,44.34000015258789,3573,0.0,0.0,0.0
2024-02-07 13:30:00-05:00,44.33000183105469,44.33000183105469,44.31449890136719,44.31999969482422,1694,0.0,0.0,0.0
2024-02-07 14:30:00-05:00,44.31999969482422,44.31999969482422,44.31999969482422,44.31999969482422,483,0.0,0.0,0.0
2024-02-07 15:30:00-05:00,44.290000915527344,44.290000915527344,44.27000045776367,44.27000045776367,0,0.0,0.0,0.0
2024-02-08 09:30:00-05:00,44.150001525878906,44.150001525878906,44.130001068115234,44.130001068115234,2045,0.0,0.0,0.0
2024-02-08 10:30:00-05:00,44.14500045776367,44.14500045776367,44.11000061035156,44.119998931884766,2172,0.0,0.0,0.0
2024-02-08 11:30:00-05:00,44.13859939575195,44.13999938964844,44.13859939575195,44.13999938964844,2347,0.0,0.0,0.0
2024-02-08 12:30:00-05:00,44.11000061035156,44.189998626708984,44.11000061035156,44.189998626708984,2055,0.0,0.0,0.0
2024-02-08 13:30:00-05:00,44.137001037597656,44.156700134277344,44.109100341796875,44.119998931884766,2663,0.0,0.0,0.0
2024-02-08 14:30:00-05:00,44.095001220703125,44.095001220703125,44.09000015258789,44.09000015258789,837,0.0,0.0,0.0
2024-02-08 15:30:00-05:00,44.09149932861328,44.130001068115234,44.09149932861328,44.130001068115234,0,0.0,0.0,0.0
2024-02-09 09:30:00-05:00,44.02000045776367,44.07490158081055,44.02000045776367,44.07490158081055,1297,0.0,0.0,0.0
2024-02-09 10:30:00-05:00,44.06999969482422,44.06999969482422,44.0099983215332,44.029998779296875,4410,0.0,0.0,0.0
2024-02-09 11:30:00-05:00,44.04990005493164,44.04990005493164,44.02000045776367,44.02080154418945,1466,0.0,0.0,0.0
2024-02-09 12:30:00-05:00,44.02980041503906,44.060001373291016,44.02980041503906,44.060001373291016,400,0.0,0.0,0.0
2024-02-09 13:30:00-05:00,44.04990005493164,44.04999923706055,44.0099983215332,44.04570007324219,9640,0.0,0.0,0.0
2024-02-09 14:30:00-05:00,44.04999923706055,44.04999923706055,44.02000045776367,44.02000045776367,16140,0.0,0.0,0.0
2024-02-09 15:30:00-05:00,44.060001373291016,44.06999969482422,44.029998779296875,44.04499816894531,8694,0.0,0.0,0.0
2024-02-12 09:30:00-05:00,44.040000915527344,44.07590103149414,44.040000915527344,44.040000915527344,0,0.0,0.0,0.0
2024-02-12 10:30:00-05:00,44.0,44.02000045776367,44.0,44.02000045776367,2197,0.0,0.0,0.0
2024-02-12 11:30:00-05:00,44.05009841918945,44.08000183105469,44.05009841918945,44.08000183105469,707,0.0,0.0,0.0
2024-02-12 12:30:00-05:00,44.086700439453125,44.09000015258789,44.086700439453125,44.09000015258789,2503,0.0,0.0,0.0
2024-02-12 13:30:00-05:00,44.13779830932617,44.13779830932617,44.11000061035156,44.11000061035156,817,0.0,0.0,0.0
2024-02-12 14:30:00-05:00,44.10850143432617,44.10850143432617,44.08000183105469,44.08000183105469,300,0.0,0.0,0.0
2024-02-12 15:30:00-05:00,44.12810134887695,44.12810134887695,44.08000183105469,44.08000183105469,0,0.0,0.0,0.0
2024-02-13 09:30:00-05:00,43.7599983215332,43.790000915527344,43.709999084472656,43.709999084472656,7558,0.0,0.0,0.0
2024-02-13 10:30:00-05:00,43.709999084472656,43.709999084472656,43.709999084472656,43.709999084472656,3240,0.0,0.0,0.0
2024-02-13 11:30:00-05:00,43.73640060424805,43.7400016784668,43.709999084472656,43.709999084472656,709,0.0,0.0,0.0
2024-02-13 12:30:00-05:00,43.71659851074219,43.72990036010742,43.66999816894531,43.70000076293945,9106,0.0,0.0,0.0
2024-02-13 13:30:00-05:00,43.67900085449219,43.709999084472656,43.650001525878906,43.650001525878906,1550,0.0,0.0,0.0
2024-02-13 15:30:00-05:00,43.599998474121094,43.599998474121094,43.56999969482422,43.59000015258789,4301,0.0,0.0,0.0
2024-02-14 09:30:00-05:00,43.619998931884766,43.68000030517578,43.619998931884766,43.68000030517578,10183,0.0,0.0,0.0
2024-02-14 10:30:00-05:00,43.685001373291016,43.70920181274414,43.656700134277344,43.656700134277344,753,0.0,0.0,0.0
2024-02-14 11:30:00-05:00,43.74509811401367,43.768001556396484,43.72760009765625,43.72760009765625,2389,0.0,0.0,0.0
2024-02-14 13:30:00-05:00,43.79999923706055,43.80799865722656,43.77000045776367,43.77399826049805,3165,0.0,0.0,0.0
2024-02-14 14:30:00-05:00,43.77000045776367,43.77989959716797,43.72999954223633,43.73040008544922,1623,0.0,0.0,0.0
2024-02-14 15:30:00-05:00,43.76169967651367,43.76499938964844,43.75,43.75,862,0.0,0.0,0.0
2024-02-15 09:30:00-05:00,43.97999954223633,44.0171012878418,43.9567985534668,43.98680114746094,0,0.0,0.0,0.0
2024-02-15 10:30:00-05:00,43.970001220703125,43.970001220703125,43.849998474121094,43.849998474121094,485,0.0,0.0,0.0
2024-02-15 11:30:00-05:00,43.82500076293945,43.84550094604492,43.82500076293945,43.83000183105469,930,0.0,0.0,0.0
2024-02-15 12:30:00-05:00,43.899898529052734,43.899898529052734,43.869998931884766,43.869998931884766,2868,0.0,0.0,0.0
2024-02-15 13:30:00-05:00,43.88100051879883,43.915000915527344,43.880001068115234,43.900001525878906,425,0.0,0.0,0.0
2024-02-15 14:30:00-05:00,43.8849983215332,43.886600494384766,43.869998931884766,43.886600494384766,1231,0.0,0.0,0.0
2024-02-15 15:30:00-05:00,43.88589859008789,43.90869903564453,43.875999450683594,43.880001068115234,0,0.0,0.0,0.0
2024-02-16 09:30:00-05:00,43.59000015258789,43.70000076293945,43.59000015258789,43.70000076293945,5758,0.0,0.0,0.0
2024-02-16 10:30:00-05:00,43.689998626708984,43.689998626708984,43.650001525878906,43.650001525878906,1752,0.0,0.0,0.0
2024-02-16 11:30:00-05:00,43.630001068115234,43.630001068115234,43.599998474121094,43.599998474121094,942,0.0,0.0,0.0
2024-02-16 12:30:00-05:00,43.65999984741211,43.67110061645508,43.6599006652832,43.67110061645508,1455,0.0,0.0,0.0
2024-02-16 13:30:00-05:00,43.68000030517578,43.6859016418457,43.66999816894531,43.66999816894531,1378,0.0,0.0,0.0
2024-02-16 14:30:00-05:00,43.70000076293945,43.70000076293945,43.660099029541016,43.66999816894531,3154,0.0,0.0,0.0
2024-02-16 15:30:00-05:00,43.66999816894531,43.69200134277344,43.65999984741211,43.66999816894531,3249,0.0,0.0,0.0
2024-02-20 09:30:00-05:00,43.7599983215332,43.8291015625,43.7599983215332,43.8291015625,4135,0.0,0.0,0.0
2024-02-20 10:30:00-05:00,43.839900970458984,43.869998931884766,43.839900970458984,43.84000015258789,1691,0.0,0.0,0.0
2024-02-20 11:30:00-05:00,43.83000183105469,43.84989929199219,43.83000183105469,43.83000183105469,2505,0.0,0.0,0.0
2024-02-20 12:30:00-05:00,43.81999969482422,43.81999969482422,43.79999923706055,43.81829833984375,1343,0.0,0.0,0.0
2024-02-20 13:30:00-05:00,43.80009841918945,43.81999969482422,43.79999923706055,43.81999969482422,889,0.0,0.0,0.0
2024-02-20 14:30:00-05:00,43.81999969482422,43.81999969482422,43.742698669433594,43.75,2899,0.0,0.0,0.0
2024-02-20 15:30:00-05:00,43.752201080322266,43.7781982421875,43.75,43.775001525878906,6053,0.0,0.0,0.0
2024-02-21 09:30:00-05:00,43.77000045776367,43.81990051269531,43.77000045776367,43.78499984741211,5880,0.0,0.0,0.0
2024-02-21 10:30:00-05:00,43.711700439453125,43.7400016784668,43.711700439453125,43.7400016784668,542,0.0,0.0,0.0
2024-02-21 11:30:00-05:00,43.68280029296875,43.685001373291016,43.65850067138672,43.66999816894531,1299,0.0,0.0,0.0
2024-02-21 12:30:00-05:00,43.63999938964844,43.65999984741211,43.61989974975586,43.61989974975586,1735,0.0,0.0,0.0
2024-02-21 13:30:00-05:00,43.61000061035156,43.61000061035156,43.58000183105469,43.61000061035156,4179,0.0,0.0,0.0
2024-02-21 14:30:00-05:00,43.58000183105469,43.59000015258789,43.58000183105469,43.59000015258789,997,0.0,0.0,0.0
2024-02-21 15:30:00-05:00,43.599998474121094,43.619998931884766,43.59000015258789,43.59000015258789,0,0.0,0.0,0.0
2024-02-22 09:30:00-05:00,43.599998474121094,43.70000076293945,43.58000183105469,43.60499954223633,6138,0.0,0.0,0.0
2024-02-22 10:30:00-05:00,43.630001068115234,43.66740036010742,43.619998931884766,43.619998931884766,942,0.0,0.0,0.0
2024-02-22 11:30:00-05:00,43.630001068115234,43.630001068115234,43.540000915527344,43.564998626708984,1327,0.0,0.0,0.0
2024-02-22 12:30:00-05:00,43.57500076293945,43.57500076293945,43.54499816894531,43.55149841308594,1333,0.0,0.0,0.0
2024-02-22 13:30:00-05:00,43.599998474121094,43.599998474121094,43.599998474121094,43.599998474121094,116,0.0,0.0,0.0
2024-02-22 14:30:00-05:00,43.599998474121094,43.599998474121094,43.58000183105469,43.58000183105469,2973,0.0,0.0,0.0
2024-02-22 15:30:00-05:00,43.54999923706055,43.619998931884766,43.54999923706055,43.60649871826172,0,0.0,0.0,0.0
2024-02-23 09:30:00-05:00,43.619998931884766,43.720001220703125,43.619998931884766,43.70000076293945,6613,0.0,0.0,0.0
2024-02-23 10:30:00-05:00,43.70240020751953,43.72999954223633,43.69240188598633,43.72999954223633,941,0.0,0.0,0.0
2024-02-23 11:30:00-05:00,43.849998474121094,43.849998474121094,43.849998474121094,43.849998474121094,337,0.0,0.0,0.0
2024-02-23 13:30:00-05:00,43.853599548339844,43.880001068115234,43.853599548339844,43.8650016784668,885,0.0,0.0,0.0
2024-02-23 14:30:00-05:00,43.849998474121094,43.849998474121094,43.849998474121094,43.849998474121094,214,0.0,0.0,0.0
2024-02-23 15:30:00-05:00,43.845001220703125,43.854400634765625,43.845001220703125,43.854400634765625,941,0.0,0.0,0.0
2024-02-26 09:30:00-05:00,43.83000183105469,43.859100341796875,43.744998931884766,43.744998931884766,0,0.0,0.0,0.0
2024-02-26 10:30:00-05:00,43.7599983215332,43.790000915527344,43.7599983215332,43.775001525878906,7035,0.0,0.0,0.0
2024-02-26 11:30:00-05:00,43.7599983215332,43.7599983215332,43.72999954223633,43.72999954223633,479,0.0,0.0,0.0
2024-02-26 12:30:00-05:00,43.69240188598633,43.709999084472656,43.68000030517578,43.69960021972656,65359,0.0,0.0,0.0
2024-02-26 13:30:00-05:00,43.709999084472656,43.71500015258789,43.6885986328125,43.71500015258789,931,0.0,0.0,0.0
2024-02-26 14:30:00-05:00,43.689998626708984,43.71500015258789,43.689998626708984,43.71500015258789,2488,0.0,0.0,0.0
2024-02-26 15:30:00-05:00,43.744998931884766,43.803001403808594,43.744998931884766,43.7599983215332,2422,0.0,0.0,0.0
2024-02-27 09:30:00-05:00,43.720001220703125,43.720001220703125,43.720001220703125,43.720001220703125,0,0.0,0.0,0.0
2024-02-27 10:30:00-05:00,43.724998474121094,43.75,43.724998474121094,43.7400016784668,1548,0.0,0.0,0.0
2024-02-27 11:30:00-05:00,43.7400016784668,43.7400016784668,43.68170166015625,43.68170166015625,4223,0.0,0.0,0.0
2024-02-27 12:30:00-05:00,43.689998626708984,43.763999938964844,43.68000030517578,43.763999938964844,2938,0.0,0.0,0.0
2024-02-27 14:30:00-05:00,43.65999984741211,43.665000915527344,43.65140151977539,43.665000915527344,4025,0.0,0.0,0.0
2024-02-27 15:30:00-05:00,43.665000915527344,43.68000030517578,43.650001525878906,43.66999816894531,1181,0.0,0.0,0.0
2024-02-28 09:30:00-05:00,43.720001220703125,43.75,43.709999084472656,43.7400016784668,0,0.0,0.0,0.0
2024-02-28 10:30:00-05:00,43.7400016784668,43.75,43.70000076293945,43.75,1760,0.0,0.0,0.0
2024-02-28 11:30:00-05:00,43.72999954223633,43.75920104980469,43.72999954223633,43.75920104980469,1504,0.0,0.0,0.0
2024-02-28 12:30:00-05:00,43.7599983215332,43.7599983215332,43.7411003112793,43.7599983215332,8645,0.0,0.0,0.0
2024-02-28 13:30:00-05:00,43.779701232910156,43.779701232910156,43.7599983215332,43.77000045776367,568,0.0,0.0,0.0
2024-02-28 14:30:00-05:00,43.790000915527344,43.81999969482422,43.790000915527344,43.810001373291016,2981,0.0,0.0,0.0
2024-02-28 15:30:00-05:00,43.809200286865234,43.8286018371582,43.809200286865234,43.8286018371582,1129,0.0,0.0,0.0
2024-02-29 09:30:00-05:00,43.939998626708984,43.970001220703125,43.939998626708984,43.95000076293945,1294,0.0,0.0,0.0
2024-02-29 10:30:00-05:00,43.9900016784668,43.9900016784668,43.959999084472656,43.959999084472656,1106,0.0,0.0,0.0
2024-02-29 11:30:00-05:00,43.9900016784668,43.9900016784668,43.939998626708984,43.939998626708984,797,0.0,0.0,0.0
2024-02-29 12:30:00-05:00,43.902099609375,43.902099609375,43.900001525878906,43.900001525878906,1005,0.0,0.0,0.0
2024-02-29 13:30:00-05:00,43.939998626708984,43.939998626708984,43.939998626708984,43.939998626708984,272,0.0,0.0,0.0
2024-02-29 14:30:00-05:00,43.939998626708984,43.939998626708984,43.893798828125,43.900001525878906,1358,0.0,0.0,0.0
2024-02-29 15:30:00-05:00,43.900001525878906,43.93000030517578,43.900001525878906,43.93000030517578,106,0.0,0.0,0.0
2024-03-01 09:30:00-05:00,43.690101623535156,43.720001220703125,43.60499954223633,43.720001220703125,4005,0.0,0.0,0.0
2024-03-01 10:30:00-05:00,43.90999984741211,43.95000076293945,43.90999984741211,43.939998626708984,8349,0.0,0.0,0.0
2024-03-01 11:30:00-05:00,43.88999938964844,43.88999938964844,43.88999938964844,43.88999938964844,168,0.0,0.0,0.0
2024-03-01 12:30:00-05:00,43.935001373291016,43.939998626708984,43.88999938964844,43.939998626708984,4517,0.0,0.0,0.0
2024-03-01 13:30:00-05:00,43.94990158081055,43.97999954223633,43.94990158081055,43.97050094604492,2243,0.0,0.0,0.0
2024-03-01 14:30:00-05:00,44.0,44.0,43.98500061035156,43.98500061035156,1900,0.0,0.0,0.0
2024-03-01 15:30:00-05:00,43.97999954223633,43.97999954223633,43.970001220703125,43.970001220703125,112,0.0,0.0,0.0
2024-03-04 09:30:00-05:00,43.81999969482422,43.900001525878906,43.8114013671875,43.852500915527344,0,0.0,0.0,0.0
2024-03-04 10:30:00-05:00,43.849998474121094,43.86000061035156,43.84000015258789,43.84000015258789,2351,0.0,0.0,0.0
2024-03-04 11:30:00-05:00,43.849998474121094,43.86989974975586,43.84370040893555,43.86000061035156,1918,0.0,0.0,0.0
2024-03-04 12:30:00-05:00,43.86000061035156,43.86000061035156,43.83000183105469,43.83000183105469,2425,0.0,0.0,0.0
2024-03-04 13:30:00-05:00,43.849998474121094,43.849998474121094,43.84629821777344,43.84629821777344,617,0.0,0.0,0.0
2024-03-04 14:30:00-05:00,43.86109924316406,43.869998931884766,43.83000183105469,43.83000183105469,740,0.0,0.0,0.0
2024-03-04 15:30:00-05:00,43.889801025390625,43.889801025390625,43.86000061035156,43.86970138549805,0,0.0,0.0,0.0
2024-03-05 09:30:00-05:00,44.130001068115234,44.18510055541992,44.08319854736328,44.159698486328125,3988,0.0,0.0,0.0
2024-03-05 10:30:00-05:00,44.15999984741211,44.15999984741211,44.119998931884766,44.12139892578125,2217,0.0,0.0,0.0
2024-03-05 11:30:00-05:00,44.119998931884766,44.119998931884766,44.119998931884766,44.119998931884766,200,0.0,0.0,0.0
2024-03-05 12:30:00-05:00,44.099998474121094,44.130001068115234,44.099998474121094,44.12049865722656,3055,0.0,0.0,0.0
2024-03-05 13:30:00-05:00,44.11989974975586,44.160099029541016,44.11989974975586,44.160099029541016,2531,0.0,0.0,0.0
2024-03-05 14:30:00-05:00,44.15999984741211,44.15999984741211,44.15999984741211,44.15999984741211,366,0.0,0.0,0.0
2024-03-05 15:30:00-05:00,44.17499923706055,44.185001373291016,44.162601470947266,44.162601470947266,3063,0.0,0.0,0.0
2024-03-06 09:30:00-05:00,44.22999954223633,44.290000915527344,44.22999954223633,44.27989959716797,13702,0.0,0.0,0.0
2024-03-06 10:30:00-05:00,44.25,44.26969909667969,44.239898681640625,44.26969909667969,0,0.0,0.0,0.0
2024-03-06 11:30:00-05:00,44.26499938964844,44.369998931884766,44.26499938964844,44.32939910888672,2224,0.0,0.0,0.0
2024-03-06 13:30:00-05:00,44.32500076293945,44.32500076293945,44.29999923706055,44.30970001220703,630,0.0,0.0,0.0
2024-03-06 14:30:00-05:00,44.290000915527344,44.290000915527344,44.26499938964844,44.28990173339844,4140,0.0,0.0,0.0
2024-03-06 15:30:00-05:00,44.290000915527344,44.290000915527344,44.279998779296875,44.279998779296875,0,0.0,0.0,0.0
2024-03-07 09:30:00-05:00,44.369998931884766,44.369998931884766,44.279998779296875,44.29240036010742,4634,0.0,0.0,0.0
2024-03-07 10:30:00-05:00,44.28179931640625,44.290000915527344,44.2598991394043,44.2598991394043,820,0.0,0.0,0.0
2024-03-07 11:30:00-05:00,44.290000915527344,44.290000915527344,44.2400016784668,44.25669860839844,1461,0.0,0.0,0.0
2024-03-07 12:30:00-05:00,44.24020004272461,44.262298583984375,44.24020004272461,44.262298583984375,1859,0.0,0.0,0.0
2024-03-07 13:30:00-05:00,44.27000045776367,44.275001525878906,44.269901275634766,44.275001525878906,1596,0.0,0.0,0.0
2024-03-07 14:30:00-05:00,44.349998474121094,44.349998474121094,44.33089828491211,44.33089828491211,3386,0.0,0.0,0.0
2024-03-07 15:30:00-05:00,44.349998474121094,44.349998474121094,44.332401275634766,44.3474006652832,0,0.0,0.0,0.0
2024-03-08 09:30:00-05:00,44.400001525878906,44.41999816894531,44.400001525878906,44.41999816894531,3815,0.0,0.0,0.0
2024-03-08 10:30:00-05:00,44.380001068115234,44.380001068115234,44.36000061035156,44.36000061035156,518,0.0,0.0,0.0
2024-03-08 11:30:00-05:00,44.3400993347168,44.369998931884766,44.34000015258789,44.369998931884766,602,0.0,0.0,0.0
2024-03-08 12:30:00-05:00,44.380001068115234,44.3849983215332,44.380001068115234,44.380001068115234,548,0.0,0.0,0.0
2024-03-08 13:30:00-05:00,44.380001068115234,44.380001068115234,44.369998931884766,44.369998931884766,565,0.0,0.0,0.0
2024-03-08 14:30:00-05:00,44.36000061035156,44.369998931884766,44.35169982910156,44.369998931884766,1168,0.0,0.0,0.0
2024-03-11 09:30:00-04:00,44.400001525878906,44.400001525878906,44.400001525878906,44.400001525878906,0,0.0,0.0,0.0
2024-03-11 10:30:00-04:00,44.3489990234375,44.3489990234375,44.33000183105469,44.33000183105469,1270,0.0,0.0,0.0
2024-03-11 11:30:00-04:00,44.34230041503906,44.34230041503906,44.31999969482422,44.337799072265625,827,0.0,0.0,0.0
2024-03-11 12:30:00-04:00,44.34000015258789,44.36000061035156,44.34000015258789,44.35499954223633,8530,0.0,0.0,0.0
2024-03-11 14:30:00-04:00,44.310001373291016,44.33000183105469,44.310001373291016,44.33000183105469,1303,0.0,0.0,0.0
2024-03-11 15:30:00-04:00,44.31999969482422,44.33000183105469,44.310001373291016,44.33000183105469,0,0.0,0.0,0.0
2024-03-12 09:30:00-04:00,44.11970138549805,44.160701751708984,44.11970138549805,44.160701751708984,4673,0.0,0.0,0.0
2024-03-12 10:30:00-04:00,44.18000030517578,44.18000030517578,44.124000549316406,44.124000549316406,1516,0.0,0.0,0.0
2024-03-12 11:30:00-04:00,44.130001068115234,44.150001525878906,44.130001068115234,44.130001068115234,484,0.0,0.0,0.0
2024-03-12 12:30:00-04:00,44.130001068115234,44.130001068115234,44.088199615478516,44.09000015258789,453,0.0,0.0,0.0
2024-03-12 13:30:00-04:00,44.09000015258789,44.14149856567383,44.09000015258789,44.14149856567383,894,0.0,0.0,0.0
2024-03-12 14:30:00-04:00,44.125,44.12900161743164,44.125,44.12879943847656,1731,0.0,0.0,0.0
2024-03-12 15:30:00-04:00,44.119998931884766,44.119998931884766,44.11000061035156,44.11000061035156,200,0.0,0.0,0.0
2024-03-13 09:30:00-04:00,44.040000915527344,44.05889892578125,44.040000915527344,44.04999923706055,0,0.0,0.0,0.0
2024-03-13 10:30:00-04:00,44.059600830078125,44.059600830078125,44.059600830078125,44.059600830078125,121,0.0,0.0,0.0
2024-03-13 11:30:00-04:00,44.040000915527344,44.040000915527344,44.0099983215332,44.0099983215332,459,0.0,0.0,0.0
2024-03-13 12:30:00-04:00,43.9922981262207,44.051300048828125,43.9922981262207,44.051300048828125,1307,0.0,0.0,0.0
2024-03-13 13:30:00-04:00,44.060001373291016,44.060001373291016,44.02000045776367,44.02009963989258,4503,0.0,0.0,0.0
2024-03-13 14:30:00-04:00,44.0099983215332,44.02000045776367,44.0099983215332,44.02000045776367,2230,0.0,0.0,0.0
2024-03-13 15:30:00-04:00,44.0099983215332,44.0099983215332,44.0,44.0099983215332,515,0.0,0.0,0.0
2024-03-14 09:30:00-04:00,43.83000183105469,43.83000183105469,43.727500915527344,43.727500915527344,0,0.0,0.0,0.0
2024-03-14 10:30:00-04:00,43.7046012878418,43.7046012878418,43.66999816894531,43.66999816894531,714,0.0,0.0,0.0
2024-03-14 11:30:00-04:00,43.68000030517578,43.68000030517578,43.65999984741211,43.66999816894531,12906,0.0,0.0,0.0
2024-03-14 12:30:00-04:00,43.66910171508789,43.689998626708984,43.66910171508789,43.68000030517578,3435,0.0,0.0,0.0
2024-03-14 13:30:00-04:00,43.68989944458008,43.68989944458008,43.65999984741211,43.65999984741211,8202,0.0,0.0,0.0
2024-03-14 14:30:00-04:00,43.648399353027344,43.66999816894531,43.648399353027344,43.66999816894531,1636,0.0,0.0,0.0
2024-03-14 15:30:00-04:00,43.650001525878906,43.65999984741211,43.650001525878906,43.65999984741211,1895,0.0,0.0,0.0
2024-03-15 09:30:00-04:00,43.61000061035156,43.61000061035156,43.581199645996094,43.581199645996094,2075,0.0,0.0,0.0
2024-03-15 10:30:00-04:00,43.59000015258789,43.602500915527344,43.59000015258789,43.602500915527344,502,0.0,0.0,0.0
2024-03-15 11:30:00-04:00,43.630001068115234,43.630001068115234,43.62519836425781,43.62519836425781,569,0.0,0.0,0.0
2024-03-15 12:30:00-04:00,43.63999938964844,43.63999938964844,43.60499954223633,43.630001068115234,1038,0.0,0.0,0.0
2024-03-15 13:30:00-04:00,43.625,43.625,43.625,43.625,1086,0.0,0.0,0.0
2024-03-18 09:30:00-04:00,43.58000183105469,43.58000183105469,43.58000183105469,43.58000183105469,631,0.0,0.0,0.0
2024-03-18 10:30:00-04:00,43.58000183105469,43.58000183105469,43.529998779296875,43.541900634765625,1123,0.0,0.0,0.0
2024-03-18 11:30:00-04:00,43.535099029541016,43.535099029541016,43.52009963989258,43.52009963989258,1527,0.0,0.0,0.0
2024-03-18 12:30:00-04:00,43.522098541259766,43.522098541259766,43.5,43.5,329,0.0,0.0,0.0
2024-03-18 13:30:00-04:00,43.486000061035156,43.486000061035156,43.486000061035156,43.486000061035156,474,0.0,0.0,0.0
2024-03-18 14:30:00-04:00,43.529998779296875,43.529998779296875,43.52170181274414,43.52170181274414,1696,0.0,0.0,0.0
2024-03-18 15:30:00-04:00,43.52170181274414,43.52170181274414,43.52170181274414,43.52170181274414,824,0.0,0.0,0.0
2024-03-19 09:30:00-04:00,43.599998474121094,43.61000061035156,43.599998474121094,43.61000061035156,1567,0.0,0.0,0.0
2024-03-19 10:30:00-04:00,43.63999938964844,43.63999938964844,43.63999938964844,43.63999938964844,468,0.0,0.0,0.0
2024-03-19 12:30:00-04:00,43.61000061035156,43.66490173339844,43.61000061035156,43.630001068115234,1164,0.0,0.0,0.0
2024-03-19 13:30:00-04:00,43.63010025024414,43.63010025024414,43.630001068115234,43.630001068115234,1718,0.0,0.0,0.0
2024-03-19 14:30:00-04:00,43.665199279785156,43.68000030517578,43.662498474121094,43.66999816894531,917,0.0,0.0,0.0
2024-03-19 15:30:00-04:00,43.660099029541016,43.660099029541016,43.660099029541016,43.660099029541016,3010,0.0,0.0,0.0
2024-03-20 09:30:00-04:00,43.709999084472656,43.709999084472656,43.70989990234375,43.70989990234375,403,0.0,0.0,0.0
2024-03-20 10:30:00-04:00,43.720001220703125,43.720001220703125,43.71989822387695,43.71989822387695,1540,0.0,0.0,0.0
2024-03-20 11:30:00-04:00,43.7400016784668,43.7400016784668,43.739898681640625,43.739898681640625,1914,0.0,0.0,0.0
2024-03-20 12:30:00-04:00,43.72999954223633,43.72999954223633,43.72999954223633,43.72999954223633,192,0.0,0.0,0.0
2024-03-20 13:30:00-04:00,43.730098724365234,43.730098724365234,43.689998626708984,43.689998626708984,1314,0.0,0.0,0.0
2024-03-20 14:30:00-04:00,43.63999938964844,43.77000045776367,43.63990020751953,43.750099182128906,9090,0.0,0.0,0.0
2024-03-20 15:30:00-04:00,43.75680160522461,43.75680160522461,43.744998931884766,43.744998931884766,702,0.0,0.0,0.0
2024-03-21 09:30:00-04:00,43.810001373291016,43.810001373291016,43.77989959716797,43.77989959716797,1624,0.0,0.0,0.0
2024-03-21 10:30:00-04:00,43.715599060058594,43.72919845581055,43.715599060058594,43.720001220703125,1742,0.0,0.0,0.0
2024-03-21 12:30:00-04:00,43.730098724365234,43.744998931884766,43.72999954223633,43.7400016784668,1401,0.0,0.0,0.0
2024-03-21 13:30:00-04:00,43.744998931884766,43.76679992675781,43.744998931884766,43.76679992675781,313,0.0,0.0,0.0
2024-03-21 14:30:00-04:00,43.76679992675781,43.786800384521484,43.76679992675781,43.769901275634766,1675,0.0,0.0,0.0
2024-03-21 15:30:00-04:00,43.751399993896484,43.751399993896484,43.751399993896484,43.751399993896484,139,0.0,0.0,0.0
2024-03-22 09:30:00-04:00,44.0099983215332,44.0099983215332,44.0099983215332,44.0099983215332,339,0.0,0.0,0.0
2024-03-22 10:30:00-04:00,43.95000076293945,43.98500061035156,43.95000076293945,43.98500061035156,414,0.0,0.0,0.0
2024-03-22 11:30:00-04:00,43.9900016784668,43.9900016784668,43.989898681640625,43.9900016784668,545,0.0,0.0,0.0
2024-03-22 13:30:00-04:00,43.972900390625,43.972900390625,43.972900390625,43.972900390625,488,0.0,0.0,0.0
2024-03-22 14:30:00-04:00,43.970001220703125,43.970001220703125,43.95000076293945,43.95000076293945,574,0.0,0.0,0.0
2024-03-22 15:30:00-04:00,43.970001220703125,43.981998443603516,43.970001220703125,43.981998443603516,1521,0.0,0.0,0.0
2024-03-25 09:30:00-04:00,43.939998626708984,43.939998626708984,43.88010025024414,43.88010025024414,4846,0.0,0.0,0.0
2024-03-25 10:30:00-04:00,43.869998931884766,43.880001068115234,43.84000015258789,43.86989974975586,0,0.0,0.0,0.0
2024-03-25 11:30:00-04:00,43.84170150756836,43.849998474121094,43.84170150756836,43.84989929199219,102537,0.0,0.0,0.0
2024-03-25 12:30:00-04:00,43.849998474121094,43.869998931884766,43.840599060058594,43.855098724365234,1883,0.0,0.0,0.0
2024-03-25 13:30:00-04:00,43.86000061035156,43.86000061035156,43.849998474121094,43.849998474121094,237,0.0,0.0,0.0
2024-03-25 14:30:00-04:00,43.849998474121094,43.86000061035156,43.84989929199219,43.84989929199219,844,0.0,0.0,0.0
2024-03-26 09:30:00-04:00,43.81919860839844,43.81919860839844,43.81919860839844,43.81919860839844,876,0.0,0.0,0.0
2024-03-26 10:30:00-04:00,43.79999923706055,43.83000183105469,43.79999923706055,43.83000183105469,5453,0.0,0.0,0.0
2024-03-26 11:30:00-04:00,43.8390007019043,43.847999572753906,43.8390007019043,43.847999572753906,9221,0.0,0.0,0.0
2024-03-26 12:30:00-04:00,43.85900115966797,43.897098541259766,43.85900115966797,43.897098541259766,1267,0.0,0.0,0.0
2024-03-26 13:30:00-04:00,43.875,43.88999938964844,43.875,43.88999938964844,1570,0.0,0.0,0.0
2024-03-26 14:30:00-04:00,43.912601470947266,43.912601470947266,43.90999984741211,43.90999984741211,2315,0.0,0.0,0.0
2024-03-27 09:30:00-04:00,43.970001220703125,43.970001220703125,43.970001220703125,43.970001220703125,266,0.0,0.0,0.0
2024-03-27 10:30:00-04:00,44.0099983215332,44.04999923706055,44.0099983215332,44.04999923706055,2762,0.0,0.0,0.0
2024-03-27 11:30:00-04:00,44.04999923706055,44.06999969482422,44.04999923706055,44.06999969482422,725,0.0,0.0,0.0
2024-03-27 12:30:00-04:00,44.060001373291016,44.11000061035156,44.060001373291016,44.11000061035156,609,0.0,0.0,0.0
2024-03-27 13:30:00-04:00,44.08000183105469,44.08000183105469,44.060699462890625,44.074501037597656,558,0.0,0.0,0.0
2024-03-27 14:30:00-04:00,44.06999969482422,44.089900970458984,44.06230163574219,44.08000183105469,6805,0.0,0.0,0.0
2024-03-27 15:30:00-04:00,44.08000183105469,44.099998474121094,44.07830047607422,44.099998474121094,1296,0.0,0.0,0.0
2024-03-28 09:30:00-04:00,44.0099983215332,44.050201416015625,43.980098724365234,44.050201416015625,960,0.0,0.0,0.0
2024-03-28 10:30:00-04:00,44.04999923706055,44.08000183105469,44.04999923706055,44.08000183105469,1829,0.0,0.0,0.0
2024-03-28 11:30:00-04:00,44.11000061035156,44.11309814453125,44.09000015258789,44.095001220703125,1115,0.0,0.0,0.0
2024-03-28 12:30:00-04:00,44.09000015258789,44.09000015258789,44.05580139160156,44.05580139160156,1898,0.0,0.0,0.0
2024-03-28 13:30:00-04:00,44.03110122680664,44.04499816894531,44.02510070800781,44.04499816894531,1455,0.0,0.0,0.0
2024-03-28 14:30:00-04:00,44.04859924316406,44.04859924316406,44.029998779296875,44.04499816894531,4497,0.0,0.0,0.0
2024-04-01 09:30:00-04:00,43.70000076293945,43.70000076293945,43.53499984741211,43.53499984741211,0,0.0,0.0,0.0
2024-04-01 10:30:00-04:00,43.53990173339844,43.53990173339844,43.4900016784668,43.4900016784668,2765,0.0,0.0,0.0
2024-04-01 11:30:00-04:00,43.5,43.507999420166016,43.455101013183594,43.455101013183594,5839,0.0,0.0,0.0
2024-04-01 12:30:00-04:00,43.470001220703125,43.4900016784668,43.470001220703125,43.47999954223633,2337,0.0,0.0,0.0
2024-04-01 13:30:00-04:00,43.47999954223633,43.5,43.47999954223633,43.5,1039,0.0,0.0,0.0
2024-04-01 14:30:00-04:00,43.48500061035156,43.48500061035156,43.470001220703125,43.47999954223633,5478,0.0,0.0,0.0
2024-04-01 15:30:00-04:00,43.47999954223633,43.47999954223633,43.474998474121094,43.474998474121094,789,0.0,0.0,0.0
2024-04-02 09:30:00-04:00,43.279998779296875,43.36000061035156,43.237300872802734,43.349998474121094,0,0.0,0.0,0.0
2024-04-02 10:30:00-04:00,43.33000183105469,43.36000061035156,43.33000183105469,43.349998474121094,5883,0.0,0.0,0.0
2024-04-02 11:30:00-04:00,43.34000015258789,43.3650016784668,43.31999969482422,43.342098236083984,9261,0.0,0.0,0.0
2024-04-02 12:30:00-04:00,43.36000061035156,43.36000061035156,43.34000015258789,43.34000015258789,570,0.0,0.0,0.0
2024-04-02 13:30:00-04:00,43.345001220703125,43.380001068115234,43.345001220703125,43.364601135253906,2030,0.0,0.0,0.0
2024-04-02 14:30:00-04:00,43.36090087890625,43.369998931884766,43.349998474121094,43.35070037841797,5810,0.0,0.0,0.0
2024-04-02 15:30:00-04:00,43.369998931884766,43.3849983215332,43.369998931884766,43.380001068115234,1004,0.0,0.0,0.0
2024-04-03 09:30:00-04:00,43.18000030517578,43.27000045776367,43.15999984741211,43.224998474121094,5418,0.0,0.0,0.0
2024-04-03 10:30:00-04:00,43.220001220703125,43.279998779296875,43.220001220703125,43.269798278808594,3381,0.0,0.0,0.0
2024-04-03 11:30:00-04:00,43.29999923706055,43.314998626708984,43.29999923706055,43.29999923706055,2997,0.0,0.0,0.0
2024-04-03 12:30:00-04:00,43.370201110839844,43.370201110839844,43.349998474121094,43.349998474121094,1158,0.0,0.0,0.0
2024-04-03 13:30:00-04:00,43.345001220703125,43.380001068115234,43.345001220703125,43.3650016784668,4677,0.0,0.0,0.0
2024-04-03 14:30:00-04:00,43.38999938964844,43.39250183105469,43.38999938964844,43.39250183105469,1412,0.0,0.0,0.0
2024-04-03 15:30:00-04:00,43.39500045776367,43.400001525878906,43.38990020751953,43.38999938964844,1941,0.0,0.0,0.0
2024-04-04 09:30:00-04:00,43.5099983215332,43.54999923706055,43.470001220703125,43.470001220703125,4546,0.0,0.0,0.0
2024-04-04 10:30:00-04:00,43.422298431396484,43.44020080566406,43.422298431396484,43.44020080566406,2994,0.0,0.0,0.0
2024-04-04 11:30:00-04:00,43.44219970703125,43.44219970703125,43.43000030517578,43.43000030517578,1233,0.0,0.0,0.0
2024-04-04 12:30:00-04:00,43.433799743652344,43.433799743652344,43.41999816894531,43.41999816894531,2342,0.0,0.0,0.0
2024-04-04 14:30:00-04:00,43.452301025390625,43.540000915527344,43.452301025390625,43.53150177001953,1312,0.0,0.0,0.0
2024-04-04 15:30:00-04:00,43.565101623535156,43.59239959716797,43.565101623535156,43.59239959716797,4643,0.0,0.0,0.0
2024-04-05 09:30:00-04:00,43.31999969482422,43.459999084472656,43.31999969482422,43.45500183105469,2433,0.0,0.0,0.0
2024-04-05 10:30:00-04:00,43.39500045776367,43.39500045776367,43.3651008605957,43.3651008605957,487,0.0,0.0,0.0
2024-04-05 11:30:00-04:00,43.355098724365234,43.355098724365234,43.355098724365234,43.355098724365234,567,0.0,0.0,0.0
2024-04-05 12:30:00-04:00,43.36000061035156,43.370399475097656,43.34000015258789,43.34000015258789,777,0.0,0.0,0.0
2024-04-05 13:30:00-04:00,43.36000061035156,43.36000061035156,43.34000015258789,43.34000015258789,1302,0.0,0.0,0.0
2024-04-05 14:30:00-04:00,43.349998474121094,43.349998474121094,43.27000045776367,43.27000045776367,4247,0.0,0.0,0.0
2024-04-05 15:30:00-04:00,43.279998779296875,43.290000915527344,43.279998779296875,43.28990173339844,1915,0.0,0.0,0.0
2024-04-08 09:30:00-04:00,43.18000030517578,43.20000076293945,43.150001525878906,43.20000076293945,3791,0.0,0.0,0.0
2024-04-08 10:30:00-04:00,43.1973991394043,43.1973991394043,43.130001068115234,43.1338005065918,3121,0.0,0.0,0.0
2024-04-08 11:30:00-04:00,43.1609001159668,43.16999816894531,43.11000061035156,43.119998931884766,4971,0.0,0.0,0.0
2024-04-08 12:30:00-04:00,43.119998931884766,43.16270065307617,43.119998931884766,43.160400390625,1368,0.0,0.0,0.0
2024-04-08 13:30:00-04:00,43.189998626708984,43.22999954223633,43.189998626708984,43.220001220703125,39254,0.0,0.0,0.0
2024-04-08 14:30:00-04:00,43.189998626708984,43.189998626708984,43.16999816894531,43.18949890136719,1402,0.0,0.0,0.0
2024-04-08 15:30:00-04:00,43.189998626708984,43.1968994140625,43.18000030517578,43.18000030517578,1917,0.0,0.0,0.0
2024-04-09 09:30:00-04:00,43.33000183105469,43.36000061035156,43.31999969482422,43.349998474121094,3879,0.0,0.0,0.0
2024-04-09 10:30:00-04:00,43.369998931884766,43.37990188598633,43.35020065307617,43.36000061035156,1884,0.0,0.0,0.0
2024-04-09 11:30:00-04:00,43.369998931884766,43.369998931884766,43.349998474121094,43.349998474121094,1359,0.0,0.0,0.0
2024-04-09 12:30:00-04:00,43.38330078125,43.400001525878906,43.36000061035156,43.36000061035156,872,0.0,0.0,0.0
2024-04-09 13:30:00-04:00,43.404998779296875,43.404998779296875,43.39440155029297,43.39440155029297,597,0.0,0.0,0.0
2024-04-09 14:30:00-04:00,43.372501373291016,43.38999938964844,43.369998931884766,43.369998931884766,5532,0.0,0.0,0.0
2024-04-09 15:30:00-04:00,43.380001068115234,43.388301849365234,43.380001068115234,43.380001068115234,1022,0.0,0.0,0.0
2024-04-10 09:30:00-04:00,42.9900016784668,43.0099983215332,42.90999984741211,42.92499923706055,4985,0.0,0.0,0.0
2024-04-10 10:30:00-04:00,42.920101165771484,42.95000076293945,42.90999984741211,42.90999984741211,2441,0.0,0.0,0.0
2024-04-10 11:30:00-04:00,42.904998779296875,42.904998779296875,42.880001068115234,42.887901306152344,2226,0.0,0.0,0.0
2024-04-10 12:30:00-04:00,42.869998931884766,42.869998931884766,42.69990158081055,42.69990158081055,5321,0.0,0.0,0.0
2024-04-10 13:30:00-04:00,42.75,42.79999923706055,42.75,42.790000915527344,4191,0.0,0.0,0.0
2024-04-10 14:30:00-04:00,42.7400016784668,43.38130187988281,42.722599029541016,42.722599029541016,4350,0.0,0.0,0.0
2024-04-10 15:30:00-04:00,42.749900817871094,42.749900817871094,42.749900817871094,42.749900817871094,102,0.0,0.0,0.0
2024-04-11 09:30:00-04:00,42.779998779296875,42.79499816894531,42.65999984741211,42.65999984741211,7954,0.0,0.0,0.0
2024-04-11 10:30:00-04:00,42.70000076293945,42.70000076293945,42.70000076293945,42.70000076293945,287,0.0,0.0,0.0
2024-04-11 11:30:00-04:00,42.70000076293945,42.70000076293945,42.650001525878906,42.650001525878906,598,0.0,0.0,0.0
2024-04-11 12:30:00-04:00,42.650001525878906,42.720001220703125,42.650001525878906,42.71699905395508,1684,0.0,0.0,0.0
2024-04-11 13:30:00-04:00,42.720001220703125,42.79999923706055,42.720001220703125,42.790000915527344,863,0.0,0.0,0.0
2024-04-11 14:30:00-04:00,42.790000915527344,42.790000915527344,42.730098724365234,42.730098724365234,1964,0.0,0.0,0.0
2024-04-11 15:30:00-04:00,42.70000076293945,42.720001220703125,42.70000076293945,42.70000076293945,0,0.0,0.0,0.0
2024-04-12 09:30:00-04:00,42.91999816894531,42.970401763916016,42.91999816894531,42.959999084472656,2912,0.0,0.0,0.0
2024-04-12 10:30:00-04:00,42.939998626708984,42.95000076293945,42.900001525878906,42.900001525878906,2724,0.0,0.0,0.0
2024-04-12 11:30:00-04:00,42.90999984741211,42.90999984741211,42.90999984741211,42.90999984741211,397,0.0,0.0,0.0
2024-04-12 12:30:00-04:00,42.959999084472656,42.959999084472656,42.95610046386719,42.95610046386719,1298,0.0,0.0,0.0
2024-04-12 13:30:00-04:00,42.959999084472656,42.9901008605957,42.959999084472656,42.9901008605957,746,0.0,0.0,0.0
2024-04-12 14:30:00-04:00,42.93239974975586,42.939998626708984,42.90999984741211,42.90999984741211,1407,0.0,0.0,0.0
2024-04-12 15:30:00-04:00,42.90599822998047,42.90599822998047,42.90599822998047,42.90599822998047,200,0.0,0.0,0.0
2024-04-15 09:30:00-04:00,42.56999969482422,42.56999969482422,42.42580032348633,42.439998626708984,20982,0.0,0.0,0.0
2024-04-15 10:30:00-04:00,42.43000030517578,42.529998779296875,42.43000030517578,42.5099983215332,880,0.0,0.0,0.0
2024-04-15 12:30:00-04:00,42.5099983215332,42.5099983215332,42.5099983215332,42.5099983215332,145,0.0,0.0,0.0
2024-04-15 13:30:00-04:00,42.52000045776367,42.52000045776367,42.4900016784668,42.4900016784668,12352,0.0,0.0,0.0
2024-04-15 14:30:00-04:00,42.5005989074707,42.519500732421875,42.5005989074707,42.519500732421875,2213,0.0,0.0,0.0
2024-04-15 15:30:00-04:00,42.56999969482422,42.56999969482422,42.560001373291016,42.560001373291016,485,0.0,0.0,0.0
2024-04-16 09:30:00-04:00,42.34000015258789,42.36000061035156,42.33000183105469,42.349998474121094,16399,0.0,0.0,0.0
2024-04-16 10:30:00-04:00,42.367801666259766,42.439998626708984,42.367801666259766,42.439998626708984,479,0.0,0.0,0.0
2024-04-16 11:30:00-04:00,42.43000030517578,42.43000030517578,42.43000030517578,42.43000030517578,301,0.0,0.0,0.0
2024-04-16 12:30:00-04:00,42.43230056762695,42.43230056762695,42.380001068115234,42.38999938964844,1956,0.0,0.0,0.0
2024-04-16 13:30:00-04:00,42.31999969482422,42.45100021362305,42.310001373291016,42.43230056762695,2770,0.0,0.0,0.0
2024-04-16 14:30:00-04:00,42.439998626708984,42.439998626708984,42.391998291015625,42.391998291015625,2149,0.0,0.0,0.0
2024-04-16 15:30:00-04:00,42.3838005065918,42.407798767089844,42.3838005065918,42.407798767089844,7325,0.0,0.0,0.0
2024-04-17 09:30:00-04:00,42.532501220703125,42.532501220703125,42.474300384521484,42.49420166015625,2885,0.0,0.0,0.0
2024-04-17 10:30:00-04:00,42.53340148925781,42.56990051269531,42.53340148925781,42.56990051269531,804,0.0,0.0,0.0
2024-04-17 11:30:00-04:00,42.599998474121094,42.599998474121094,42.59989929199219,42.59989929199219,250,0.0,0.0,0.0
2024-04-17 12:30:00-04:00,42.597999572753906,42.66859817504883,42.597999572753906,42.630001068115234,1418,0.0,0.0,0.0
2024-04-17 14:30:00-04:00,42.66999816894531,42.68980026245117,42.64250183105469,42.6693000793457,5316,0.0,0.0,0.0
2024-04-17 15:30:00-04:00,42.6599006652832,42.6599006652832,42.6599006652832,42.6599006652832,1409,0.0,0.0,0.0
2024-04-18 09:30:00-04:00,42.63999938964844,42.63999938964844,42.52130126953125,42.560001373291016,4134,0.0,0.0,0.0
2024-04-18 10:30:00-04:00,42.55139923095703,42.55780029296875,42.529998779296875,42.529998779296875,2313,0.0,0.0,0.0
2024-04-18 11:30:00-04:00,42.51940155029297,42.51940155029297,42.51940155029297,42.51940155029297,200,0.0,0.0,0.0
2024-04-18 12:30:00-04:00,42.5,42.5,42.472198486328125,42.4900016784668,2244,0.0,0.0,0.0
2024-04-18 13:30:00-04:00,42.499900817871094,42.499900817871094,42.499900817871094,42.499900817871094,204,0.0,0.0,0.0
2024-04-18 14:30:00-04:00,42.47999954223633,42.49769973754883,42.470001220703125,42.49769973754883,1726,0.0,0.0,0.0
2024-04-18 15:30:00-04:00,42.51240158081055,42.52989959716797,42.51240158081055,42.52989959716797,1844,0.0,0.0,0.0
2024-04-19 09:30:00-04:00,42.619998931884766,42.619998931884766,42.54999923706055,42.54999923706055,1279,0.0,0.0,0.0
2024-04-19 10:30:00-04:00,42.56999969482422,42.5900993347168,42.56999969482422,42.5900993347168,1106,0.0,0.0,0.0
2024-04-19 11:30:00-04:00,42.609901428222656,42.609901428222656,42.609901428222656,42.609901428222656,655,0.0,0.0,0.0
2024-04-19 14:30:00-04:00,42.599998474121094,42.599998474121094,42.599998474121094,42.599998474121094,102,0.0,0.0,0.0
2024-04-19 15:30:00-04:00,42.56999969482422,42.59000015258789,42.56999969482422,42.59000015258789,1125,0.0,0.0,0.0
2024-04-22 09:30:00-04:00,42.518001556396484,42.599998474121094,42.5099983215332,42.5099983215332,2108,0.0,0.0,0.0
2024-04-22 10:30:00-04:00,42.57500076293945,42.57500076293945,42.560001373291016,42.560001373291016,409,0.0,0.0,0.0
2024-04-22 12:30:00-04:00,42.589298248291016,42.589298248291016,42.589298248291016,42.589298248291016,830,0.0,0.0,0.0
2024-04-22 13:30:00-04:00,42.556800842285156,42.556800842285156,42.54100036621094,42.55419921875,4315,0.0,0.0,0.0
2024-04-22 14:30:00-04:00,42.560001373291016,42.584999084472656,42.54999923706055,42.58000183105469,4074,0.0,0.0,0.0
2024-04-23 09:30:00-04:00,42.5099983215332,42.669898986816406,42.5099983215332,42.669898986816406,2175,0.0,0.0,0.0
2024-04-23 11:30:00-04:00,42.71099853515625,42.71099853515625,42.71099853515625,42.71099853515625,570,0.0,0.0,0.0
2024-04-23 13:30:00-04:00,42.68000030517578,42.68000030517578,42.66999816894531,42.66999816894531,966,0.0,0.0,0.0
2024-04-23 14:30:00-04:00,42.63999938964844,42.63999938964844,42.63999938964844,42.63999938964844,115,0.0,0.0,0.0
2024-04-23 15:30:00-04:00,42.63999938964844,42.63999938964844,42.63999938964844,42.63999938964844,743,0.0,0.0,0.0
2024-04-24 09:30:00-04:00,42.52000045776367,42.52000045776367,42.440101623535156,42.449100494384766,1171,0.0,0.0,0.0
2024-04-24 10:30:00-04:00,42.467498779296875,42.467498779296875,42.467498779296875,42.467498779296875,230,0.0,0.0,0.0
2024-04-24 11:30:00-04:00,42.474998474121094,42.5,42.459999084472656,42.5,260282,0.0,0.0,0.0
2024-04-24 12:30:00-04:00,42.5099983215332,42.5099983215332,42.492000579833984,42.492000579833984,0,0.0,0.0,0.0
2024-04-24 13:30:00-04:00,42.45000076293945,42.47999954223633,42.45000076293945,42.459999084472656,1649,0.0,0.0,0.0
2024-04-24 14:30:00-04:00,42.4900016784668,42.4900016784668,42.4900016784668,42.4900016784668,789,0.0,0.0,0.0
2024-04-24 15:30:00-04:00,42.5098991394043,42.5099983215332,42.5098991394043,42.5099983215332,687,0.0,0.0,0.0
2024-04-25 09:30:00-04:00,42.22999954223633,42.310001373291016,42.209999084472656,42.310001373291016,157517,0.0,0.0,0.0
2024-04-25 10:30:00-04:00,42.2781982421875,42.34000015258789,42.2781982421875,42.339900970458984,63389,0.0,0.0,0.0
2024-04-25 11:30:00-04:00,42.34000015258789,42.34000015258789,42.310001373291016,42.310001373291016,7835,0.0,0.0,0.0
2024-04-25 12:30:00-04:00,42.35499954223633,42.35499954223633,42.34000015258789,42.34980010986328,2449,0.0,0.0,0.0
2024-04-25 13:30:00-04:00,42.310001373291016,42.32509994506836,42.310001373291016,42.32509994506836,654,0.0,0.0,0.0
2024-04-25 14:30:00-04:00,42.326900482177734,42.326900482177734,42.32109832763672,42.32109832763672,4198,0.0,0.0,0.0
2024-04-25 15:30:00-04:00,42.31999969482422,42.31999969482422,42.31999969482422,42.31999969482422,0,0.0,0.0,0.0
2024-04-26 09:30:00-04:00,42.43000030517578,42.529998779296875,42.43000030517578,42.529998779296875,20046,0.0,0.0,0.0
2024-04-26 10:30:00-04:00,42.47999954223633,42.48970031738281,42.47990036010742,42.48970031738281,0,0.0,0.0,0.0
2024-04-26 11:30:00-04:00,42.459999084472656,42.46620178222656,42.43939971923828,42.43939971923828,4544,0.0,0.0,0.0
2024-04-26 12:30:00-04:00,42.44499969482422,42.44499969482422,42.44499969482422,42.44499969482422,1552,0.0,0.0,0.0
2024-04-26 13:30:00-04:00,42.43000030517578,42.439998626708984,42.43000030517578,42.43000030517578,4101,0.0,0.0,0.0
2024-04-26 14:30:00-04:00,42.439998626708984,42.45000076293945,42.439998626708984,42.4463005065918,5364,0.0,0.0,0.0
2024-04-26 15:30:00-04:00,42.430999755859375,42.439998626708984,42.430999755859375,42.439998626708984,1455,0.0,0.0,0.0
2024-04-29 09:30:00-04:00,42.56999969482422,42.56999969482422,42.56999969482422,42.56999969482422,958,0.0,0.0,0.0
2024-04-29 10:30:00-04:00,42.580101013183594,42.630001068115234,42.580101013183594,42.630001068115234,0,0.0,0.0,0.0
2024-04-29 11:30:00-04:00,42.595001220703125,42.61000061035156,42.56999969482422,42.61000061035156,2935,0.0,0.0,0.0
2024-04-29 12:30:00-04:00,42.61000061035156,42.6349983215332,42.61000061035156,42.630001068115234,24959,0.0,0.0,0.0
2024-04-29 13:30:00-04:00,42.619998931884766,42.630001068115234,42.61000061035156,42.625,4125,0.0,0.0,0.0
2024-04-29 14:30:00-04:00,42.648799896240234,42.648799896240234,42.59000015258789,42.59000015258789,1554,0.0,0.0,0.0
2024-04-29 15:30:00-04:00,42.59000015258789,42.630001068115234,42.58000183105469,42.630001068115234,1935,0.0,0.0,0.0
2024-04-30 09:30:00-04:00,42.452701568603516,42.529998779296875,42.452701568603516,42.5,2857,0.0,0.0,0.0
2024-04-30 10:30:00-04:00,42.5,42.5,42.439998626708984,42.47999954223633,1588,0.0,0.0,0.0
2024-04-30 11:30:00-04:00,42.470001220703125,42.4900016784668,42.470001220703125,42.4900016784668,1233,0.0,0.0,0.0
2024-04-30 12:30:00-04:00,42.4900016784668,42.4900016784668,42.470001220703125,42.470001220703125,646,0.0,0.0,0.0
2024-04-30 13:30:00-04:00,42.470001220703125,42.470001220703125,42.46500015258789,42.470001220703125,8219,0.0,0.0,0.0
2024-04-30 14:30:00-04:00,42.400001525878906,42.40999984741211,42.39500045776367,42.399898529052734,4084,0.0,0.0,0.0
2024-04-30 15:30:00-04:00,42.40010070800781,42.404998779296875,42.40010070800781,42.404998779296875,710,0.0,0.0,0.0
2024-05-01 09:30:00-04:00,42.39030075073242,42.39030075073242,42.380001068115234,42.380001068115234,37965,0.0,0.0,0.0
2024-05-01 10:30:00-04:00,42.369998931884766,42.375,42.369998931884766,42.375,2912,0.0,0.0,0.0
2024-05-01 11:30:00-04:00,42.36240005493164,42.36240005493164,42.36240005493164,42.36240005493164,465,0.0,0.0,0.0
2024-05-01 12:30:00-04:00,42.369998931884766,42.369998931884766,42.369998931884766,42.369998931884766,153,0.0,0.0,0.0
2024-05-01 13:30:00-04:00,42.39870071411133,42.459999084472656,42.39500045776367,42.439998626708984,3627,0.0,0.0,0.0
2024-05-01 14:30:00-04:00,42.45000076293945,42.494998931884766,42.41999816894531,42.489898681640625,2159,0.0,0.0,0.0
2024-05-01 15:30:00-04:00,42.459999084472656,42.47999954223633,42.45500183105469,42.459999084472656,9715,0.0,0.0,0.0
2024-05-02 09:30:00-04:00,42.47999954223633,42.4900016784668,42.435001373291016,42.47800064086914,6462,0.0,0.0,0.0
2024-05-02 10:30:00-04:00,42.47610092163086,42.54990005493164,42.47610092163086,42.54990005493164,3212,0.0,0.0,0.0
2024-05-02 11:30:00-04:00,42.564998626708984,42.60900115966797,42.564998626708984,42.60900115966797,3829,0.0,0.0,0.0
2024-05-02 12:30:00-04:00,42.595001220703125,42.619998931884766,42.595001220703125,42.61989974975586,105589,0.0,0.0,0.0
2024-05-02 13:30:00-04:00,42.648799896240234,42.660099029541016,42.648799896240234,42.65999984741211,11956,0.0,0.0,0.0
2024-05-02 14:30:00-04:00,42.66999816894531,42.66999816894531,42.654998779296875,42.654998779296875,861,0.0,0.0,0.0
2024-05-02 15:30:00-04:00,42.650001525878906,42.65999984741211,42.650001525878906,42.65999984741211,3423,0.0,0.0,0.0
2024-05-03 09:30:00-04:00,42.97999954223633,43.02000045776367,42.814998626708984,42.814998626708984,7735,0.0,0.0,0.0
2024-05-03 10:30:00-04:00,42.810001373291016,42.849998474121094,42.79869842529297,42.843299865722656,9087,0.0,0.0,0.0
2024-05-03 11:30:00-04:00,42.87969970703125,42.89500045776367,42.87969970703125,42.89500045776367,3833,0.0,0.0,0.0
2024-05-03 12:30:00-04:00,42.8849983215332,42.8849983215332,42.86989974975586,42.875,1909,0.0,0.0,0.0
2024-05-03 13:30:00-04:00,42.88990020751953,42.900001525878906,42.88990020751953,42.88999938964844,1132,0.0,0.0,0.0
2024-05-03 14:30:00-04:00,42.91999816894531,42.91999816894531,42.901100158691406,42.91999816894531,1926,0.0,0.0,0.0
2024-05-03 15:30:00-04:00,42.91999816894531,42.91999816894531,42.900001525878906,42.915000915527344,1474,0.0,0.0,0.0
2024-05-06 09:30:00-04:00,42.90999984741211,42.912200927734375,42.900001525878906,42.90999984741211,1664,0.0,0.0,0.0
2024-05-06 10:30:00-04:00,42.919498443603516,42.919498443603516,42.869998931884766,42.87969970703125,4549,0.0,0.0,0.0
2024-05-06 11:30:00-04:00,42.92770004272461,42.92770004272461,42.915000915527344,42.915000915527344,1575,0.0,0.0,0.0
2024-05-06 12:30:00-04:00,42.91999816894531,42.91999816894531,42.919898986816406,42.919898986816406,2368,0.0,0.0,0.0
2024-05-06 13:30:00-04:00,42.97930145263672,42.989898681640625,42.97010040283203,42.97010040283203,2179,0.0,0.0,0.0
2024-05-06 14:30:00-04:00,42.96989822387695,42.96989822387695,42.94969940185547,42.96989822387695,4441,0.0,0.0,0.0
2024-05-07 09:30:00-04:00,43.11000061035156,43.119998931884766,43.09000015258789,43.10850143432617,4709,0.0,0.0,0.0
2024-05-07 10:30:00-04:00,43.119998931884766,43.16999816894531,43.119998931884766,43.169898986816406,10914,0.0,0.0,0.0
2024-05-07 11:30:00-04:00,43.15999984741211,43.189998626708984,43.13999938964844,43.14500045776367,95719,0.0,0.0,0.0
2024-05-07 12:30:00-04:00,43.150001525878906,43.16999816894531,43.119998931884766,43.119998931884766,64750,0.0,0.0,0.0
2024-05-07 13:30:00-04:00,43.130001068115234,43.16999816894531,43.09000015258789,43.09000015258789,29093,0.0,0.0,0.0
2024-05-07 15:30:00-04:00,43.04690170288086,43.08000183105469,43.040000915527344,43.08000183105469,2168,0.0,0.0,0.0
2024-05-08 09:30:00-04:00,42.999900817871094,43.040000915527344,42.99549865722656,43.0,7009,0.0,0.0,0.0
2024-05-08 10:30:00-04:00,43.0099983215332,43.0099983215332,42.9651985168457,42.9651985168457,16424,0.0,0.0,0.0
2024-05-08 11:30:00-04:00,42.99909973144531,42.99909973144531,42.98899841308594,42.98899841308594,3533,0.0,0.0,0.0
2024-05-08 12:30:00-04:00,42.97999954223633,42.97999954223633,42.96500015258789,42.96500015258789,1227,0.0,0.0,0.0
2024-05-08 13:30:00-04:00,42.9900016784668,42.9900016784668,42.96500015258789,42.96500015258789,10275,0.0,0.0,0.0
2024-05-08 14:30:00-04:00,42.94499969482422,42.94499969482422,42.94499969482422,42.94499969482422,294,0.0,0.0,0.0
2024-05-08 15:30:00-04:00,42.95000076293945,42.95000076293945,42.94499969482422,42.95000076293945,11530,0.0,0.0,0.0
2024-05-09 09:30:00-04:00,42.92499923706055,42.93000030517578,42.91999816894531,42.93000030517578,2837,0.0,0.0,0.0
2024-05-09 10:30:00-04:00,42.94990158081055,42.97999954223633,42.939998626708984,42.974998474121094,30678,0.0,0.0,0.0
2024-05-09 11:30:00-04:00,42.97779846191406,42.98500061035156,42.95500183105469,42.95500183105469,0,0.0,0.0,0.0
2024-05-09 12:30:00-04:00,42.974998474121094,43.040000915527344,42.974998474121094,43.040000915527344,1627,0.0,0.0,0.0
2024-05-09 13:30:00-04:00,43.05500030517578,43.06999969482422,43.04990005493164,43.04999923706055,4182,0.0,0.0,0.0
2024-05-09 14:30:00-04:00,43.089698791503906,43.089698791503906,43.086700439453125,43.086700439453125,650,0.0,0.0,0.0
2024-05-09 15:30:00-04:00,43.06990051269531,43.06999969482422,43.06990051269531,43.06999969482422,1693,0.0,0.0,0.0
2024-05-10 09:30:00-04:00,42.97999954223633,43.0099983215332,42.93000030517578,42.93000030517578,29906,0.0,0.0,0.0
2024-05-10 10:30:00-04:00,42.91999816894531,42.91999816894531,42.919898986816406,42.919898986816406,312,0.0,0.0,0.0
2024-05-10 11:30:00-04:00,42.92729949951172,42.92729949951172,42.91999816894531,42.91999816894531,2310,0.0,0.0,0.0
2024-05-10 12:30:00-04:00,42.89500045776367,42.90999984741211,42.89500045776367,42.90999984741211,991,0.0,0.0,0.0
2024-05-10 13:30:00-04:00,42.920501708984375,42.93989944458008,42.910099029541016,42.910099029541016,3011,0.0,0.0,0.0
2024-05-10 14:30:00-04:00,42.90999984741211,42.91999816894531,42.90250015258789,42.90999984741211,2547,0.0,0.0,0.0
2024-05-10 15:30:00-04:00,42.90999984741211,42.90999984741211,42.90660095214844,42.909698486328125,3571,0.0,0.0,0.0
2024-05-13 09:30:00-04:00,43.034000396728516,43.040000915527344,43.0099983215332,43.010101318359375,5410,0.0,0.0,0.0
2024-05-13 10:30:00-04:00,43.0,43.03110122680664,42.97999954223633,42.97999954223633,5098,0.0,0.0,0.0
2024-05-13 11:30:00-04:00,42.970001220703125,42.99909973144531,42.970001220703125,42.970001220703125,1185,0.0,0.0,0.0
2024-05-13 12:30:00-04:00,43.0,43.0,43.0,43.0,521,0.0,0.0,0.0
2024-05-13 14:30:00-04:00,42.99829864501953,43.0,42.97990036010742,42.97990036010742,1132,0.0,0.0,0.0
2024-05-13 15:30:00-04:00,42.97999954223633,42.97999954223633,42.97999954223633,42.97999954223633,5973,0.0,0.0,0.0
2024-05-14 09:30:00-04:00,43.060001373291016,43.07979965209961,43.04999923706055,43.07979965209961,1657,0.0,0.0,0.0
2024-05-14 10:30:00-04:00,43.04439926147461,43.06999969482422,43.04439926147461,43.06999969482422,1683,0.0,0.0,0.0
2024-05-14 11:30:00-04:00,43.02000045776367,43.02000045776367,43.02000045776367,43.02000045776367,809,0.0,0.0,0.0
2024-05-14 13:30:00-04:00,43.08000183105469,43.09000015258789,43.08000183105469,43.084999084472656,1216,0.0,0.0,0.0
2024-05-14 14:30:00-04:00,43.10499954223633,43.10499954223633,43.100101470947266,43.100101470947266,1394,0.0,0.0,0.0
2024-05-14 15:30:00-04:00,43.10340118408203,43.109798431396484,43.099998474121094,43.101600646972656,1041,0.0,0.0,0.0
2024-05-15 09:30:00-04:00,43.38199996948242,43.38199996948242,43.36320114135742,43.36320114135742,1447,0.0,0.0,0.0
2024-05-15 10:30:00-04:00,43.400001525878906,43.41999816894531,43.369998931884766,43.41999816894531,2589,0.0,0.0,0.0
2024-05-15 11:30:00-04:00,43.4202995300293,43.42499923706055,43.41999816894531,43.42499923706055,2859,0.0,0.0,0.0
2024-05-15 12:30:00-04:00,43.47999954223633,43.47999954223633,43.47999954223633,43.47999954223633,110,0.0,0.0,0.0
2024-05-15 13:30:00-04:00,43.474998474121094,43.4900016784668,43.45500183105469,43.45500183105469,775,0.0,0.0,0.0
2024-05-15 14:30:00-04:00,43.43000030517578,43.435001373291016,43.410099029541016,43.42169952392578,2748,0.0,0.0,0.0
2024-05-15 15:30:00-04:00,43.42499923706055,43.43769836425781,43.41999816894531,43.43769836425781,1291,0.0,0.0,0.0
2024-05-16 09:30:00-04:00,43.410499572753906,43.439998626708984,43.410499572753906,43.439998626708984,456,0.0,0.0,0.0
2024-05-16 10:30:00-04:00,43.44499969482422,43.45989990234375,43.43000030517578,43.43000030517578,4400,0.0,0.0,0.0
2024-05-16 11:30:00-04:00,43.400001525878906,43.41999816894531,43.400001525878906,43.400001525878906,5318,0.0,0.0,0.0
2024-05-16 12:30:00-04:00,43.38999938964844,43.40999984741211,43.38999938964844,43.40999984741211,1093,0.0,0.0,0.0
2024-05-16 13:30:00-04:00,43.40999984741211,43.40999984741211,43.40999984741211,43.40999984741211,374,0.0,0.0,0.0
2024-05-16 14:30:00-04:00,43.36000061035156,43.380001068115234,43.36000061035156,43.36000061035156,10186,0.0,0.0,0.0
2024-05-16 15:30:00-04:00,43.36000061035156,43.36000061035156,43.35580062866211,43.35580062866211,1451,0.0,0.0,0.0
2024-05-17 09:30:00-04:00,43.29999923706055,43.29999923706055,43.28499984741211,43.28990173339844,1719,0.0,0.0,0.0
2024-05-17 10:30:00-04:00,43.29999923706055,43.29999923706055,43.29999923706055,43.29999923706055,205,0.0,0.0,0.0
2024-05-17 11:30:00-04:00,43.2775993347168,43.2775993347168,43.27000045776367,43.27000045776367,653,0.0,0.0,0.0
2024-05-17 12:30:00-04:00,43.2400016784668,43.2400016784668,43.2400016784668,43.2400016784668,51723,0.0,0.0,0.0
2024-05-17 14:30:00-04:00,43.220001220703125,43.220001220703125,43.220001220703125,43.220001220703125,458,0.0,0.0,0.0
2024-05-17 15:30:00-04:00,43.224998474121094,43.224998474121094,43.220001220703125,43.220001220703125,416,0.0,0.0,0.0
2024-05-20 09:30:00-04:00,43.13999938964844,43.13999938964844,43.13240051269531,43.13240051269531,1263,0.0,0.0,0.0
2024-05-20 10:30:00-04:00,43.14500045776367,43.15999984741211,43.130001068115234,43.130001068115234,292,0.0,0.0,0.0
2024-05-20 11:30:00-04:00,43.15999984741211,43.15999984741211,43.13999938964844,43.14030075073242,7576,0.0,0.0,0.0
2024-05-20 12:30:00-04:00,43.150001525878906,43.16999816894531,43.149898529052734,43.169898986816406,2426,0.0,0.0,0.0
2024-05-20 13:30:00-04:00,43.187801361083984,43.1880989074707,43.187801361083984,43.1880989074707,619,0.0,0.0,0.0
2024-05-20 14:30:00-04:00,43.16999816894531,43.17879867553711,43.13999938964844,43.15999984741211,7188,0.0,0.0,0.0
2024-05-20 15:30:00-04:00,43.14500045776367,43.150001525878906,43.14500045776367,43.150001525878906,2031,0.0,0.0,0.0
2024-05-21 09:30:00-04:00,43.31999969482422,43.31999969482422,43.290000915527344,43.310001373291016,5452,0.0,0.0,0.0
2024-05-21 10:30:00-04:00,43.27000045776367,43.279998779296875,43.2599983215332,43.2599983215332,1439,0.0,0.0,0.0
2024-05-21 11:30:00-04:00,43.279998779296875,43.290000915527344,43.2599983215332,43.260101318359375,4777,0.0,0.0,0.0
2024-05-21 12:30:00-04:00,43.27000045776367,43.29999923706055,43.27000045776367,43.29999923706055,732,0.0,0.0,0.0
2024-05-21 13:30:00-04:00,43.279998779296875,43.279998779296875,43.26969909667969,43.26969909667969,1188,0.0,0.0,0.0
2024-05-21 14:30:00-04:00,43.27899932861328,43.27899932861328,43.2599983215332,43.27000045776367,1903,0.0,0.0,0.0
2024-05-21 15:30:00-04:00,43.27000045776367,43.275001525878906,43.27000045776367,43.275001525878906,410,0.0,0.0,0.0
2024-05-22 09:30:00-04:00,43.16999816894531,43.220001220703125,43.16999816894531,43.20500183105469,918,0.0,0.0,0.0
2024-05-22 10:30:00-04:00,43.224998474121094,43.26499938964844,43.220001220703125,43.23500061035156,2932,0.0,0.0,0.0
2024-05-22 11:30:00-04:00,43.23500061035156,43.2400016784668,43.22999954223633,43.2400016784668,5154,0.0,0.0,0.0
2024-05-22 12:30:00-04:00,43.244998931884766,43.255001068115234,43.23500061035156,43.23500061035156,1499,0.0,0.0,0.0
2024-05-22 13:30:00-04:00,43.220001220703125,43.23609924316406,43.20000076293945,43.20000076293945,487,0.0,0.0,0.0
2024-05-22 14:30:00-04:00,43.21630096435547,43.21630096435547,43.21630096435547,43.21630096435547,266,0.0,0.0,0.0
2024-05-22 15:30:00-04:00,43.209999084472656,43.220001220703125,43.20500183105469,43.21030044555664,1099,0.0,0.0,0.0
2024-05-23 09:30:00-04:00,43.2400016784668,43.25,43.0099983215332,43.01499938964844,0,0.0,0.0,0.0
2024-05-23 10:30:00-04:00,43.01499938964844,43.040000915527344,43.0099983215332,43.0099983215332,2190,0.0,0.0,0.0
2024-05-23 11:30:00-04:00,43.02349853515625,43.040000915527344,43.02000045776367,43.040000915527344,2973,0.0,0.0,0.0
2024-05-23 12:30:00-04:00,43.04100036621094,43.04999923706055,43.04100036621094,43.04999923706055,855,0.0,0.0,0.0
2024-05-23 13:30:00-04:00,43.05500030517578,43.08000183105469,43.04999923706055,43.08000183105469,1059,0.0,0.0,0.0
2024-05-23 14:30:00-04:00,43.07099914550781,43.08000183105469,43.07099914550781,43.07500076293945,1241,0.0,0.0,0.0
2024-05-23 15:30:00-04:00,43.060001373291016,43.060001373291016,43.060001373291016,43.060001373291016,435,0.0,0.0,0.0
2024-05-24 09:30:00-04:00,43.02000045776367,43.10499954223633,43.02000045776367,43.099700927734375,3073,0.0,0.0,0.0
2024-05-24 10:30:00-04:00,43.069801330566406,43.069801330566406,43.069801330566406,43.069801330566406,484,0.0,0.0,0.0
2024-05-24 13:30:00-04:00,43.10499954223633,43.10499954223633,43.10499954223633,43.10499954223633,259,0.0,0.0,0.0
2024-05-24 14:30:00-04:00,43.12030029296875,43.130001068115234,43.12030029296875,43.125,1332,0.0,0.0,0.0
2024-05-28 09:30:00-04:00,43.16999816894531,43.16999816894531,43.02000045776367,43.02000045776367,3004,0.0,0.0,0.0
2024-05-28 10:30:00-04:00,43.01499938964844,43.04999923706055,43.01499938964844,43.02000045776367,6074,0.0,0.0,0.0
2024-05-28 11:30:00-04:00,43.02000045776367,43.02000045776367,42.970001220703125,42.974998474121094,4516,0.0,0.0,0.0
2024-05-28 12:30:00-04:00,42.970001220703125,42.970001220703125,42.88999938964844,42.88999938964844,586,0.0,0.0,0.0
2024-05-28 13:30:00-04:00,42.84000015258789,42.86000061035156,42.84000015258789,42.849998474121094,757,0.0,0.0,0.0
2024-05-28 14:30:00-04:00,42.849998474121094,42.869998931884766,42.849998474121094,42.859901428222656,17501,0.0,0.0,0.0
2024-05-28 15:30:00-04:00,42.849998474121094,42.86000061035156,42.849998474121094,42.86000061035156,6052,0.0,0.0,0.0
2024-05-29 09:30:00-04:00,42.72999954223633,42.72999954223633,42.65999984741211,42.65999984741211,1119,0.0,0.0,0.0
2024-05-29 10:30:00-04:00,42.62009811401367,42.62009811401367,42.62009811401367,42.62009811401367,918,0.0,0.0,0.0
2024-05-29 11:30:00-04:00,42.619998931884766,42.625,42.59000015258789,42.595001220703125,12687,0.0,0.0,0.0
2024-05-29 12:30:00-04:00,42.59000015258789,42.599998474121094,42.57500076293945,42.595001220703125,3161,0.0,0.0,0.0
2024-05-29 13:30:00-04:00,42.61009979248047,42.61009979248047,42.61009979248047,42.61009979248047,345,0.0,0.0,0.0
2024-05-29 14:30:00-04:00,42.61009979248047,42.61009979248047,42.609901428222656,42.609901428222656,1888,0.0,0.0,0.0
2024-05-29 15:30:00-04:00,42.619998931884766,42.619998931884766,42.61520004272461,42.619998931884766,1324,0.0,0.0,0.0
2024-05-30 09:30:00-04:00,42.75120162963867,42.75120162963867,42.75120162963867,42.75120162963867,857,0.0,0.0,0.0
2024-05-30 10:30:00-04:00,42.779998779296875,42.8473014831543,42.779998779296875,42.8473014831543,2403,0.0,0.0,0.0
2024-05-30 11:30:00-04:00,42.810001373291016,42.857398986816406,42.810001373291016,42.845001220703125,7875,0.0,0.0,0.0
2024-05-30 12:30:00-04:00,42.834999084472656,42.84000015258789,42.83110046386719,42.83110046386719,908,0.0,0.0,0.0
2024-05-30 13:30:00-04:00,42.834999084472656,42.8400993347168,42.81230163574219,42.81230163574219,726,0.0,0.0,0.0
2024-05-30 14:30:00-04:00,42.810001373291016,42.81999969482422,42.810001373291016,42.81999969482422,1429,0.0,0.0,0.0
2024-05-30 15:30:00-04:00,42.834999084472656,42.834999084472656,42.834999084472656,42.834999084472656,740,0.0,0.0,0.0
2024-05-31 09:30:00-04:00,43.0,43.05780029296875,43.0,43.04990005493164,5003,0.0,0.0,0.0
2024-05-31 10:30:00-04:00,43.040000915527344,43.06999969482422,43.01490020751953,43.03990173339844,8438,0.0,0.0,0.0
2024-05-31 11:30:00-04:00,42.987998962402344,42.99509811401367,42.987998962402344,42.99509811401367,1754,0.0,0.0,0.0
2024-05-31 12:30:00-04:00,42.970001220703125,42.97999954223633,42.970001220703125,42.97520065307617,1804,0.0,0.0,0.0
2024-05-31 14:30:00-04:00,42.994998931884766,42.994998931884766,42.994998931884766,42.994998931884766,651,0.0,0.0,0.0
2024-05-31 15:30:00-04:00,42.98500061035156,42.98500061035156,42.98500061035156,42.98500061035156,1051,0.0,0.0,0.0
2024-06-03 09:30:00-04:00,43.0,43.20000076293945,43.0,43.17499923706055,4117,0.0,0.0,0.0
2024-06-03 10:30:00-04:00,43.130001068115234,43.20000076293945,43.130001068115234,43.19660186767578,3630,0.0,0.0,0.0
2024-06-03 11:30:00-04:00,43.220001220703125,43.220001220703125,43.20500183105469,43.20500183105469,3250,0.0,0.0,0.0
2024-06-03 12:30:00-04:00,43.209999084472656,43.209999084472656,43.2052001953125,43.2052001953125,491,0.0,0.0,0.0
2024-06-03 13:30:00-04:00,43.22999954223633,43.25,43.220001220703125,43.25,2833,0.0,0.0,0.0
2024-06-03 14:30:00-04:00,43.20000076293945,43.20000076293945,43.19499969482422,43.19499969482422,941,0.0,0.0,0.0
2024-06-03 15:30:00-04:00,43.220001220703125,43.220001220703125,43.220001220703125,43.220001220703125,1398,0.0,0.0,0.0
2024-06-04 09:30:00-04:00,43.38999938964844,43.47999954223633,43.369998931884766,43.399898529052734,13357,0.0,0.0,0.0
2024-06-04 10:30:00-04:00,43.38999938964844,43.39500045776367,43.380001068115234,43.38999938964844,2182,0.0,0.0,0.0
2024-06-04 11:30:00-04:00,43.41999816894531,43.45000076293945,43.41999816894531,43.45000076293945,1251,0.0,0.0,0.0
2024-06-04 12:30:00-04:00,43.451499938964844,43.490299224853516,43.451499938964844,43.4900016784668,4827,0.0,0.0,0.0
2024-06-04 13:30:00-04:00,43.5,43.5,43.459999084472656,43.459999084472656,1148,0.0,0.0,0.0
2024-06-04 14:30:00-04:00,43.4650993347168,43.4650993347168,43.44499969482422,43.45000076293945,1331,0.0,0.0,0.0
2024-06-04 15:30:00-04:00,43.46950149536133,43.474998474121094,43.459999084472656,43.474998474121094,520,0.0,0.0,0.0
2024-06-05 09:30:00-04:00,43.54899978637695,43.56999969482422,43.41999816894531,43.43090057373047,2517,0.0,0.0,0.0
2024-06-05 10:30:00-04:00,43.529998779296875,43.58000183105469,43.489898681640625,43.58000183105469,4115,0.0,0.0,0.0
2024-06-05 11:30:00-04:00,43.6150016784668,43.619998931884766,43.58300018310547,43.58300018310547,1977,0.0,0.0,0.0
2024-06-05 12:30:00-04:00,43.599998474121094,43.60499954223633,43.57500076293945,43.58000183105469,22477,0.0,0.0,0.0
2024-06-05 13:30:00-04:00,43.57500076293945,43.59510040283203,43.57500076293945,43.58549880981445,0,0.0,0.0,0.0
2024-06-05 14:30:00-04:00,43.60499954223633,43.619998931884766,43.599998474121094,43.61000061035156,14462,0.0,0.0,0.0
2024-06-05 15:30:00-04:00,43.630001068115234,43.630001068115234,43.630001068115234,43.630001068115234,1249,0.0,0.0,0.0
2024-06-06 09:30:00-04:00,43.56999969482422,43.599998474121094,43.560001373291016,43.560001373291016,13702,0.0,0.0,0.0
2024-06-06 10:30:00-04:00,43.560001373291016,43.63410186767578,43.559898376464844,43.62990188598633,2547,0.0,0.0,0.0
2024-06-06 11:30:00-04:00,43.62900161743164,43.62900161743164,43.5989990234375,43.5989990234375,295,0.0,0.0,0.0
2024-06-06 12:30:00-04:00,43.61000061035156,43.619998931884766,43.599998474121094,43.619998931884766,1395,0.0,0.0,0.0
2024-06-06 13:30:00-04:00,43.650001525878906,43.650001525878906,43.6349983215332,43.6349983215332,840,0.0,0.0,0.0
2024-06-06 14:30:00-04:00,43.64500045776367,43.67499923706055,43.64500045776367,43.67499923706055,1969,0.0,0.0,0.0
2024-06-06 15:30:00-04:00,43.654998779296875,43.654998779296875,43.654998779296875,43.654998779296875,1762,0.0,0.0,0.0
2024-06-07 09:30:00-04:00,43.25,43.25,43.139801025390625,43.20000076293945,10092,0.0,0.0,0.0
2024-06-07 10:30:00-04:00,43.189998626708984,43.216400146484375,43.165000915527344,43.209999084472656,14130,0.0,0.0,0.0
2024-06-07 11:30:00-04:00,43.20000076293945,43.20000076293945,43.20000076293945,43.20000076293945,90,0.0,0.0,0.0
2024-06-07 12:30:00-04:00,43.20500183105469,43.20500183105469,43.16999816894531,43.18000030517578,2285,0.0,0.0,0.0
2024-06-07 13:30:00-04:00,43.16170120239258,43.16999816894531,43.16170120239258,43.16999816894531,1511,0.0,0.0,0.0
2024-06-07 14:30:00-04:00,43.15999984741211,43.165000915527344,43.154998779296875,43.15999984741211,2935,0.0,0.0,0.0
2024-06-07 15:30:00-04:00,43.14500045776367,43.14500045776367,43.14500045776367,43.14500045776367,1521,0.0,0.0,0.0
2024-06-10 09:30:00-04:00,43.040000915527344,43.06999969482422,43.040000915527344,43.06999969482422,1987,0.0,0.0,0.0
2024-06-10 10:30:00-04:00,43.05500030517578,43.058998107910156,43.0099983215332,43.035099029541016,6977,0.0,0.0,0.0
2024-06-10 11:30:00-04:00,43.040000915527344,43.04999923706055,43.040000915527344,43.04999923706055,541,0.0,0.0,0.0
2024-06-10 12:30:00-04:00,43.028900146484375,43.028900146484375,42.989898681640625,42.9900016784668,1909,0.0,0.0,0.0
2024-06-10 13:30:00-04:00,43.01240158081055,43.01240158081055,43.01240158081055,43.01240158081055,297,0.0,0.0,0.0
2024-06-10 14:30:00-04:00,43.01499938964844,43.029998779296875,43.01499938964844,43.029998779296875,2787,0.0,0.0,0.0
2024-06-11 09:30:00-04:00,43.099300384521484,43.11000061035156,43.089900970458984,43.099998474121094,3105,0.0,0.0,0.0
2024-06-11 10:30:00-04:00,43.10499954223633,43.119998931884766,43.080101013183594,43.080101013183594,5318,0.0,0.0,0.0
2024-06-11 11:30:00-04:00,43.08000183105469,43.09280014038086,43.064998626708984,43.064998626708984,1241,0.0,0.0,0.0
2024-06-11 12:30:00-04:00,43.18050003051758,43.18989944458008,43.16999816894531,43.16999816894531,1302,0.0,0.0,0.0
2024-06-11 13:30:00-04:00,43.209999084472656,43.22999954223633,43.209999084472656,43.22999954223633,1592,0.0,0.0,0.0
2024-06-11 14:30:00-04:00,43.25590133666992,43.27000045776367,43.244998931884766,43.27000045776367,3297,0.0,0.0,0.0
2024-06-11 15:30:00-04:00,43.278499603271484,43.278499603271484,43.26499938964844,43.27000045776367,1475,0.0,0.0,0.0
2024-06-12 09:30:00-04:00,43.68000030517578,43.70500183105469,43.68000030517578,43.689998626708984,4358,0.0,0.0,0.0
2024-06-12 10:30:00-04:00,43.7400016784668,43.7400016784668,43.720001220703125,43.720001220703125,222,0.0,0.0,0.0
2024-06-12 11:30:00-04:00,43.72999954223633,43.75,43.72999954223633,43.744998931884766,733,0.0,0.0,0.0
2024-06-12 12:30:00-04:00,43.75809860229492,43.779998779296875,43.75,43.7598991394043,1990,0.0,0.0,0.0
2024-06-12 13:30:00-04:00,43.72999954223633,43.72999954223633,43.65999984741211,43.68000030517578,1814,0.0,0.0,0.0
2024-06-12 14:30:00-04:00,43.689998626708984,43.689998626708984,43.689998626708984,43.689998626708984,493,0.0,0.0,0.0
2024-06-12 15:30:00-04:00,43.53049850463867,43.53990173339844,43.50149917602539,43.505001068115234,2622,0.0,0.0,0.0
2024-06-13 09:30:00-04:00,43.720001220703125,43.720001220703125,43.689998626708984,43.70500183105469,2798,0.0,0.0,0.0
2024-06-13 10:30:00-04:00,43.69499969482422,43.70000076293945,43.685001373291016,43.685001373291016,1043,0.0,0.0,0.0
2024-06-13 11:30:00-04:00,43.79999923706055,43.810001373291016,43.79999923706055,43.810001373291016,465,0.0,0.0,0.0
2024-06-13 12:30:00-04:00,43.77000045776367,43.88999938964844,43.77000045776367,43.845001220703125,820,0.0,0.0,0.0
2024-06-13 13:30:00-04:00,43.82979965209961,43.82979965209961,43.78499984741211,43.79499816894531,2219,0.0,0.0,0.0
2024-06-13 14:30:00-04:00,43.81990051269531,43.83000183105469,43.81990051269531,43.82500076293945,1928,0.0,0.0,0.0
2024-06-13 15:30:00-04:00,43.828800201416016,43.84989929199219,43.82500076293945,43.845001220703125,7637,0.0,0.0,0.0
2024-06-14 09:30:00-04:00,43.93000030517578,43.989898681640625,43.9109992980957,43.970001220703125,6099,0.0,0.0,0.0
2024-06-14 10:30:00-04:00,43.94309997558594,43.970001220703125,43.93000030517578,43.94990158081055,12784,0.0,0.0,0.0
2024-06-14 11:30:00-04:00,43.928001403808594,43.935001373291016,43.91659927368164,43.92499923706055,4216,0.0,0.0,0.0
2024-06-14 12:30:00-04:00,43.93009948730469,43.935001373291016,43.880001068115234,43.89500045776367,7935,0.0,0.0,0.0
2024-06-14 13:30:00-04:00,43.929298400878906,43.929901123046875,43.900001525878906,43.91999816894531,6042,0.0,0.0,0.0
2024-06-14 14:30:00-04:00,43.92499923706055,43.93989944458008,43.92499923706055,43.93989944458008,2759,0.0,0.0,0.0
2024-06-14 15:30:00-04:00,43.95309829711914,43.959999084472656,43.94499969482422,43.95000076293945,2837,0.0,0.0,0.0
2024-06-17 09:30:00-04:00,43.721500396728516,43.721500396728516,43.66999816894531,43.69990158081055,2585,0.0,0.0,0.0
2024-06-17 10:30:00-04:00,43.670101165771484,43.685001373291016,43.66999816894531,43.685001373291016,13586,0.0,0.0,0.0
2024-06-17 11:30:00-04:00,43.6796989440918,43.724700927734375,43.6796989440918,43.71500015258789,4935,0.0,0.0,0.0
2024-06-17 12:30:00-04:00,43.71989822387695,43.71989822387695,43.71989822387695,43.71989822387695,437,0.0,0.0,0.0
2024-06-17 13:30:00-04:00,43.71329879760742,43.739898681640625,43.71329879760742,43.73500061035156,1275,0.0,0.0,0.0
2024-06-17 14:30:00-04:00,43.716800689697266,43.716800689697266,43.71220016479492,43.71220016479492,894,0.0,0.0,0.0
2024-06-18 09:30:00-04:00,43.81999969482422,43.81999969482422,43.79890060424805,43.80500030517578,3805,0.0,0.0,0.0
2024-06-18 10:30:00-04:00,43.82500076293945,43.86000061035156,43.82500076293945,43.849998474121094,3611,0.0,0.0,0.0
2024-06-18 11:30:00-04:00,43.8650016784668,43.91419982910156,43.8650016784668,43.91419982910156,1910,0.0,0.0,0.0
2024-06-18 12:30:00-04:00,43.919898986816406,43.94990158081055,43.915000915527344,43.91999816894531,13890,0.0,0.0,0.0
2024-06-18 13:30:00-04:00,43.93000030517578,43.93000030517578,43.88999938964844,43.88999938964844,2503,0.0,0.0,0.0
2024-06-18 14:30:00-04:00,43.934600830078125,43.934600830078125,43.934600830078125,43.934600830078125,2711,0.0,0.0,0.0
2024-06-18 15:30:00-04:00,43.939998626708984,43.939998626708984,43.939998626708984,43.939998626708984,200,0.0,0.0,0.0
2024-06-20 09:30:00-04:00,43.709999084472656,43.7400016784668,43.698299407958984,43.73109817504883,14617,0.0,0.0,0.0
2024-06-20 10:30:00-04:00,43.720001220703125,43.76499938964844,43.709999084472656,43.76499938964844,2106,0.0,0.0,0.0
2024-06-20 11:30:00-04:00,43.77000045776367,43.77000045776367,43.744998931884766,43.760101318359375,5551,0.0,0.0,0.0
2024-06-20 12:30:00-04:00,43.775001525878906,43.810001373291016,43.77000045776367,43.810001373291016,3653,0.0,0.0,0.0
2024-06-20 13:30:00-04:00,43.80500030517578,43.80500030517578,43.791900634765625,43.79999923706055,1649,0.0,0.0,0.0
2024-06-20 14:30:00-04:00,43.82500076293945,43.834999084472656,43.81999969482422,43.834999084472656,6465,0.0,0.0,0.0
2024-06-20 15:30:00-04:00,43.83000183105469,43.83000183105469,43.810001373291016,43.82500076293945,4968,0.0,0.0,0.0
2024-06-21 09:30:00-04:00,43.90999984741211,43.939998626708984,43.800201416015625,43.800201416015625,4764,0.0,0.0,0.0
2024-06-21 10:30:00-04:00,43.7400016784668,43.779998779296875,43.7400016784668,43.77989959716797,4902,0.0,0.0,0.0
2024-06-21 11:30:00-04:00,43.779998779296875,43.790000915527344,43.7400016784668,43.790000915527344,22941,0.0,0.0,0.0
2024-06-21 12:30:00-04:00,43.78950119018555,43.79999923706055,43.779998779296875,43.79010009765625,3681,0.0,0.0,0.0
2024-06-21 13:30:00-04:00,43.79999923706055,43.808998107910156,43.790000915527344,43.79999923706055,966,0.0,0.0,0.0
2024-06-21 14:30:00-04:00,43.79999923706055,43.83000183105469,43.79999923706055,43.83000183105469,2439,0.0,0.0,0.0
2024-06-21 15:30:00-04:00,43.81999969482422,43.83000183105469,43.81999969482422,43.83000183105469,886,0.0,0.0,0.0
2024-06-24 09:30:00-04:00,43.849998474121094,43.849998474121094,43.81380081176758,43.81999969482422,2575,0.0,0.0,0.0
2024-06-24 10:30:00-04:00,43.83000183105469,43.83000183105469,43.790000915527344,43.790000915527344,6524,0.0,0.0,0.0
2024-06-24 11:30:00-04:00,43.78499984741211,43.78499984741211,43.77199935913086,43.779998779296875,913,0.0,0.0,0.0
2024-06-24 12:30:00-04:00,43.779998779296875,43.80500030517578,43.779998779296875,43.80500030517578,2305,0.0,0.0,0.0
2024-06-24 13:30:00-04:00,43.810001373291016,43.810001373291016,43.810001373291016,43.810001373291016,123,0.0,0.0,0.0
2024-06-24 14:30:00-04:00,43.849998474121094,43.849998474121094,43.839500427246094,43.839500427246094,9850,0.0,0.0,0.0
2024-06-24 15:30:00-04:00,43.849998474121094,43.86899948120117,43.849998474121094,43.86899948120117,1234,0.0,0.0,0.0
2024-06-25 09:30:00-04:00,43.849998474121094,43.8744010925293,43.84000015258789,43.8744010925293,4261,0.0,0.0,0.0
2024-06-25 10:30:00-04:00,43.87990188598633,43.87990188598633,43.869998931884766,43.869998931884766,706,0.0,0.0,0.0
2024-06-25 11:30:00-04:00,43.84000015258789,43.84000015258789,43.830101013183594,43.830101013183594,1188,0.0,0.0,0.0
2024-06-25 12:30:00-04:00,43.839900970458984,43.859901428222656,43.839900970458984,43.859901428222656,1523,0.0,0.0,0.0
2024-06-25 13:30:00-04:00,43.880001068115234,43.899898529052734,43.880001068115234,43.899898529052734,887,0.0,0.0,0.0
2024-06-25 14:30:00-04:00,43.880001068115234,43.91999816894531,43.880001068115234,43.91999816894531,2630,0.0,0.0,0.0
2024-06-26 09:30:00-04:00,43.66999816894531,43.689998626708984,43.66999816894531,43.689998626708984,1191,0.0,0.0,0.0
2024-06-26 10:30:00-04:00,43.63999938964844,43.63999938964844,43.63999938964844,43.63999938964844,1131,0.0,0.0,0.0
2024-06-26 12:30:00-04:00,43.657798767089844,43.670101165771484,43.657798767089844,43.670101165771484,698,0.0,0.0,0.0
2024-06-26 13:30:00-04:00,43.66999816894531,43.66999816894531,43.63990020751953,43.63990020751953,1428,0.0,0.0,0.0
2024-06-26 14:30:00-04:00,43.630001068115234,43.6349983215332,43.630001068115234,43.6349983215332,393,0.0,0.0,0.0
2024-06-26 15:30:00-04:00,43.619998931884766,43.62739944458008,43.619998931884766,43.619998931884766,1730,0.0,0.0,0.0
2024-06-27 09:30:00-04:00,43.750099182128906,43.75669860839844,43.75,43.75,598,0.0,0.0,0.0
2024-06-27 10:30:00-04:00,43.7400016784668,43.75,43.7400016784668,43.7400016784668,851,0.0,0.0,0.0
2024-06-27 11:30:00-04:00,43.72990036010742,43.72990036010742,43.724998474121094,43.724998474121094,2860,0.0,0.0,0.0
2024-06-27 12:30:00-04:00,43.72880172729492,43.72880172729492,43.72880172729492,43.72880172729492,273,0.0,0.0,0.0
2024-06-27 13:30:00-04:00,43.75,43.75,43.747798919677734,43.747798919677734,769,0.0,0.0,0.0
2024-06-27 14:30:00-04:00,43.720001220703125,43.720001220703125,43.720001220703125,43.720001220703125,1142,0.0,0.0,0.0
2024-06-27 15:30:00-04:00,43.7150993347168,43.7150993347168,43.709999084472656,43.709999084472656,1507,0.0,0.0,0.0
2024-06-28 09:30:00-04:00,43.810001373291016,43.81999969482422,43.75,43.75,1362,0.0,0.0,0.0
2024-06-28 10:30:00-04:00,43.744998931884766,43.744998931884766,43.619998931884766,43.619998931884766,4002,0.0,0.0,0.0
2024-06-28 11:30:00-04:00,43.57640075683594,43.59000015258789,43.56290054321289,43.56999969482422,24615,0.0,0.0,0.0
2024-06-28 12:30:00-04:00,43.540000915527344,43.540000915527344,43.540000915527344,43.540000915527344,451,0.0,0.0,0.0
2024-06-28 13:30:00-04:00,43.52000045776367,43.55500030517578,43.52000045776367,43.55500030517578,9144,0.0,0.0,0.0
2024-06-28 14:30:00-04:00,43.58000183105469,43.58000183105469,43.520301818847656,43.520301818847656,1296,0.0,0.0,0.0
2024-06-28 15:30:00-04:00,43.5099983215332,43.5099983215332,43.470001220703125,43.470001220703125,1224,0.0,0.0,0.0
2024-07-01 09:30:00-04:00,43.02000045776367,43.099998474121094,43.0,43.0,1813,0.0,0.0,0.0
2024-07-01 10:30:00-04:00,42.959999084472656,42.9650993347168,42.93000030517578,42.95000076293945,5429,0.0,0.0,0.0
2024-07-01 11:30:00-04:00,42.95000076293945,42.95000076293945,42.93000030517578,42.93000030517578,890,0.0,0.0,0.0
2024-07-01 12:30:00-04:00,42.959999084472656,42.959999084472656,42.91999816894531,42.9390983581543,5050,0.0,0.0,0.0
2024-07-01 13:30:00-04:00,42.93000030517578,42.93000030517578,42.899898529052734,42.899898529052734,12577,0.0,0.0,0.0
2024-07-01 14:30:00-04:00,42.95000076293945,42.95000076293945,42.95000076293945,42.95000076293945,510,0.0,0.0,0.0
2024-07-01 15:30:00-04:00,42.93000030517578,42.95000076293945,42.93000030517578,42.95000076293945,5330,0.0,0.0,0.0
2024-07-02 09:30:00-04:00,43.119998931884766,43.142398834228516,43.119998931884766,43.130001068115234,1775,0.0,0.0,0.0
2024-07-02 10:30:00-04:00,43.09000015258789,43.099998474121094,43.08000183105469,43.08000183105469,1224,0.0,0.0,0.0
2024-07-02 11:30:00-04:00,43.05929946899414,43.060001373291016,43.05500030517578,43.05500030517578,4326,0.0,0.0,0.0
2024-07-02 12:30:00-04:00,43.04999923706055,43.04999923706055,43.02989959716797,43.040000915527344,2550,0.0,0.0,0.0
2024-07-02 13:30:00-04:00,43.025001525878906,43.060001373291016,43.02000045776367,43.060001373291016,2344,0.0,0.0,0.0
2024-07-02 14:30:00-04:00,43.09000015258789,43.099998474121094,43.080101013183594,43.099998474121094,1784,0.0,0.0,0.0
2024-07-02 15:30:00-04:00,43.130001068115234,43.130001068115234,43.130001068115234,43.130001068115234,467,0.0,0.0,0.0
2024-07-03 09:30:00-04:00,43.209999084472656,43.41999816894531,43.209999084472656,43.41999816894531,1799,0.0,0.0,0.0
2024-07-03 10:30:00-04:00,43.379798889160156,43.43000030517578,43.379798889160156,43.40999984741211,9382,0.0,0.0,0.0
2024-07-03 11:30:00-04:00,43.38999938964844,43.38999938964844,43.35169982910156,43.35169982910156,2515,0.0,0.0,0.0
2024-07-03 12:30:00-04:00,43.369998931884766,43.41999816894531,43.369998931884766,43.41999816894531,2639,0.0,0.0,0.0
2024-07-05 09:30:00-04:00,43.54999923706055,43.566001892089844,43.49209976196289,43.529998779296875,0,0.0,0.0,0.0
2024-07-05 10:30:00-04:00,43.54999923706055,43.63059997558594,43.54999923706055,43.63059997558594,343,0.0,0.0,0.0
2024-07-05 11:30:00-04:00,43.64630126953125,43.650001525878906,43.64630126953125,43.650001525878906,1244,0.0,0.0,0.0
2024-07-05 13:30:00-04:00,43.619998931884766,43.619998931884766,43.619998931884766,43.619998931884766,279,0.0,0.0,0.0
2024-07-05 14:30:00-04:00,43.650001525878906,43.66999816894531,43.650001525878906,43.65999984741211,12228,0.0,0.0,0.0
2024-07-08 09:30:00-04:00,43.61000061035156,43.6349983215332,43.576499938964844,43.6349983215332,4745,0.0,0.0,0.0
2024-07-08 10:30:00-04:00,43.649898529052734,43.650001525878906,43.630001068115234,43.63010025024414,10741,0.0,0.0,0.0
2024-07-08 11:30:00-04:00,43.62990188598633,43.62990188598633,43.62990188598633,43.62990188598633,256,0.0,0.0,0.0
2024-07-08 12:30:00-04:00,43.654998779296875,43.654998779296875,43.654998779296875,43.654998779296875,121,0.0,0.0,0.0
2024-07-08 13:30:00-04:00,43.69990158081055,43.69990158081055,43.670101165771484,43.68000030517578,1963,0.0,0.0,0.0
2024-07-08 14:30:00-04:00,43.692100524902344,43.70000076293945,43.68000030517578,43.68000030517578,1862,0.0,0.0,0.0
2024-07-09 09:30:00-04:00,43.61000061035156,43.61000061035156,43.58000183105469,43.58000183105469,1668,0.0,0.0,0.0
2024-07-09 10:30:00-04:00,43.560001373291016,43.560001373291016,43.505001068115234,43.505001068115234,1930,0.0,0.0,0.0
2024-07-09 11:30:00-04:00,43.505001068115234,43.540000915527344,43.505001068115234,43.540000915527344,1410,0.0,0.0,0.0
2024-07-09 12:30:00-04:00,43.54999923706055,43.560001373291016,43.53499984741211,43.560001373291016,2023,0.0,0.0,0.0
2024-07-09 13:30:00-04:00,43.59000015258789,43.59000015258789,43.59000015258789,43.59000015258789,233,0.0,0.0,0.0
2024-07-09 14:30:00-04:00,43.599998474121094,43.60499954223633,43.599998474121094,43.60499954223633,820,0.0,0.0,0.0
2024-07-09 15:30:00-04:00,43.600101470947266,43.61000061035156,43.600101470947266,43.61000061035156,859,0.0,0.0,0.0
2024-07-10 09:30:00-04:00,43.6150016784668,43.65999984741211,43.6150016784668,43.65999984741211,1376,0.0,0.0,0.0
2024-07-10 10:30:00-04:00,43.62969970703125,43.62969970703125,43.595001220703125,43.60499954223633,2865,0.0,0.0,0.0
2024-07-10 11:30:00-04:00,43.65999984741211,43.65999984741211,43.65999984741211,43.65999984741211,2264,0.0,0.0,0.0
2024-07-10 12:30:00-04:00,43.64500045776367,43.64500045776367,43.64500045776367,43.64500045776367,639,0.0,0.0,0.0
2024-07-10 13:30:00-04:00,43.625,43.635101318359375,43.619998931884766,43.635101318359375,1800,0.0,0.0,0.0
2024-07-10 14:30:00-04:00,43.66999816894531,43.66999816894531,43.65999984741211,43.65999984741211,1471,0.0,0.0,0.0
2024-07-11 09:30:00-04:00,43.97999954223633,44.03049850463867,43.96080017089844,44.02000045776367,6028,0.0,0.0,0.0
2024-07-11 10:30:00-04:00,44.0,44.014801025390625,43.980098724365234,44.014801025390625,1031,0.0,0.0,0.0
2024-07-11 11:30:00-04:00,44.0088996887207,44.04499816894531,44.0088996887207,44.02000045776367,2183,0.0,0.0,0.0
2024-07-11 12:30:00-04:00,44.02000045776367,44.02000045776367,44.02000045776367,44.02000045776367,700,0.0,0.0,0.0
2024-07-11 13:30:00-04:00,43.970001220703125,43.970001220703125,43.95500183105469,43.95989990234375,1200,0.0,0.0,0.0
2024-07-11 14:30:00-04:00,43.959999084472656,43.97850036621094,43.959999084472656,43.96500015258789,1789,0.0,0.0,0.0
2024-07-11 15:30:00-04:00,43.93989944458008,43.95000076293945,43.935699462890625,43.95000076293945,174470,0.0,0.0,0.0
2024-07-12 09:30:00-04:00,43.939998626708984,43.97999954223633,43.934600830078125,43.934600830078125,1267,0.0,0.0,0.0
2024-07-12 10:30:00-04:00,43.959999084472656,43.970001220703125,43.939998626708984,43.95000076293945,19498,0.0,0.0,0.0
2024-07-12 11:30:00-04:00,43.970001220703125,44.0,43.970001220703125,43.974998474121094,38177,0.0,0.0,0.0
2024-07-12 12:30:00-04:00,43.974998474121094,43.9900016784668,43.970001220703125,43.9900016784668,2255,0.0,0.0,0.0
2024-07-12 13:30:00-04:00,43.99150085449219,44.0099983215332,43.9900016784668,43.9900016784668,12173,0.0,0.0,0.0
2024-07-12 14:30:00-04:00,44.0,44.029998779296875,44.0,44.02989959716797,16633,0.0,0.0,0.0
2024-07-12 15:30:00-04:00,44.029998779296875,44.040000915527344,44.02009963989258,44.040000915527344,2670,0.0,0.0,0.0
2024-07-15 09:30:00-04:00,43.91999816894531,43.91999816894531,43.86029815673828,43.88999938964844,2231,0.0,0.0,0.0
2024-07-15 10:30:00-04:00,43.869998931884766,43.880001068115234,43.86869812011719,43.880001068115234,1586,0.0,0.0,0.0
2024-07-15 11:30:00-04:00,43.90999984741211,43.920101165771484,43.900001525878906,43.900001525878906,2193,0.0,0.0,0.0
2024-07-15 12:30:00-04:00,43.94900131225586,43.94940185546875,43.869998931884766,43.869998931884766,1872,0.0,0.0,0.0
2024-07-15 13:30:00-04:00,43.85070037841797,43.869998931884766,43.85070037841797,43.869998931884766,2914,0.0,0.0,0.0
2024-07-15 14:30:00-04:00,43.88999938964844,43.88999938964844,43.849998474121094,43.86989974975586,2400,0.0,0.0,0.0
2024-07-15 15:30:00-04:00,43.869998931884766,43.88999938964844,43.869998931884766,43.88999938964844,1440,0.0,0.0,0.0
2024-07-16 09:30:00-04:00,43.95000076293945,43.95000076293945,43.94990158081055,43.94990158081055,2053,0.0,0.0,0.0
2024-07-16 10:30:00-04:00,43.940101623535156,43.970001220703125,43.939998626708984,43.970001220703125,11247,0.0,0.0,0.0
2024-07-16 11:30:00-04:00,44.02000045776367,44.02000045776367,44.0,44.0,26729,0.0,0.0,0.0
2024-07-16 12:30:00-04:00,44.0099983215332,44.01359939575195,44.0099983215332,44.01359939575195,1499,0.0,0.0,0.0
2024-07-16 13:30:00-04:00,44.020599365234375,44.07899856567383,44.020599365234375,44.07320022583008,13073,0.0,0.0,0.0
2024-07-16 14:30:00-04:00,44.08000183105469,44.0890007019043,44.071800231933594,44.07500076293945,20621,0.0,0.0,0.0
2024-07-16 15:30:00-04:00,44.08100128173828,44.099998474121094,44.08000183105469,44.099998474121094,1646,0.0,0.0,0.0
2024-07-17 09:30:00-04:00,44.040000915527344,44.08000183105469,43.9900016784668,44.0,4624,0.0,0.0,0.0
2024-07-17 10:30:00-04:00,44.0099983215332,44.059898376464844,44.0098991394043,44.059898376464844,811,0.0,0.0,0.0
2024-07-17 11:30:00-04:00,44.09000015258789,44.09000015258789,44.08409881591797,44.09000015258789,28533,0.0,0.0,0.0
2024-07-17 12:30:00-04:00,44.1150016784668,44.130001068115234,44.1150016784668,44.130001068115234,1776,0.0,0.0,0.0
2024-07-17 13:30:00-04:00,44.11259841918945,44.15999984741211,44.11259841918945,44.15999984741211,5379,0.0,0.0,0.0
2024-07-17 14:30:00-04:00,44.150001525878906,44.169898986816406,44.14590072631836,44.165000915527344,2853,0.0,0.0,0.0
2024-07-17 15:30:00-04:00,44.14500045776367,44.150001525878906,44.13999938964844,44.150001525878906,2657,0.0,0.0,0.0
2024-07-18 09:30:00-04:00,44.02790069580078,44.099998474121094,44.02790069580078,44.08599853515625,1553,0.0,0.0,0.0
2024-07-18 10:30:00-04:00,44.12910079956055,44.12910079956055,44.08000183105469,44.084999084472656,1822,0.0,0.0,0.0
2024-07-18 11:30:00-04:00,44.070499420166016,44.070499420166016,44.040000915527344,44.05189895629883,19081,0.0,0.0,0.0
2024-07-18 12:30:00-04:00,44.055198669433594,44.055198669433594,44.02989959716797,44.02989959716797,0,0.0,0.0,0.0
2024-07-18 13:30:00-04:00,44.03990173339844,44.04499816894531,44.029998779296875,44.04499816894531,4197,0.0,0.0,0.0
2024-07-18 14:30:00-04:00,44.03129959106445,44.049800872802734,43.970001220703125,43.970001220703125,6227,0.0,0.0,0.0
2024-07-18 15:30:00-04:00,43.9900016784668,43.9900016784668,43.98099899291992,43.9900016784668,1244,0.0,0.0,0.0
2024-07-19 09:30:00-04:00,43.85200119018555,43.85200119018555,43.83060073852539,43.850101470947266,6753,0.0,0.0,0.0
2024-07-19 11:30:00-04:00,43.86989974975586,43.86989974975586,43.86989974975586,43.86989974975586,342,0.0,0.0,0.0
2024-07-19 12:30:00-04:00,43.86000061035156,43.86000061035156,43.86000061035156,43.86000061035156,562,0.0,0.0,0.0
2024-07-19 14:30:00-04:00,43.849998474121094,43.849998474121094,43.84989929199219,43.84989929199219,1146,0.0,0.0,0.0
2024-07-19 15:30:00-04:00,43.8577995300293,43.86000061035156,43.852901458740234,43.86000061035156,1617,0.0,0.0,0.0
2024-07-22 09:30:00-04:00,43.92499923706055,43.93989944458008,43.921199798583984,43.929901123046875,0,0.0,0.0,0.0
2024-07-22 10:30:00-04:00,43.91999816894531,43.91999816894531,43.88999938964844,43.88999938964844,2055,0.0,0.0,0.0
2024-07-22 11:30:00-04:00,43.774898529052734,43.78099822998047,43.75279998779297,43.75279998779297,3398,0.0,0.0,0.0
2024-07-22 12:30:00-04:00,43.7400016784668,43.7588996887207,43.7400016784668,43.7588996887207,175437,0.0,0.0,0.0
2024-07-22 13:30:00-04:00,43.77000045776367,43.779998779296875,43.77000045776367,43.779998779296875,399,0.0,0.0,0.0
2024-07-22 14:30:00-04:00,43.790000915527344,43.79499816894531,43.790000915527344,43.79499816894531,335,0.0,0.0,0.0
2024-07-22 15:30:00-04:00,43.79010009765625,43.81999969482422,43.79010009765625,43.81999969482422,2155,0.0,0.0,0.0
2024-07-23 09:30:00-04:00,43.869998931884766,43.91999816894531,43.869998931884766,43.90660095214844,4824,0.0,0.0,0.0
2024-07-23 10:30:00-04:00,43.88999938964844,43.88999938964844,43.885101318359375,43.885101318359375,1506,0.0,0.0,0.0
2024-07-23 11:30:00-04:00,43.900001525878906,43.900001525878906,43.900001525878906,43.900001525878906,231,0.0,0.0,0.0
2024-07-23 12:30:00-04:00,43.90290069580078,43.93000030517578,43.90290069580078,43.913299560546875,23019,0.0,0.0,0.0
2024-07-23 13:30:00-04:00,43.9099006652832,43.9099006652832,43.869998931884766,43.880001068115234,395,0.0,0.0,0.0
2024-07-23 14:30:00-04:00,43.855098724365234,43.869998931884766,43.855098724365234,43.869998931884766,3468,0.0,0.0,0.0
2024-07-23 15:30:00-04:00,43.849998474121094,43.849998474121094,43.83250045776367,43.84000015258789,1814,0.0,0.0,0.0
2024-07-24 09:30:00-04:00,43.91999816894531,43.93000030517578,43.85110092163086,43.90999984741211,7889,0.0,0.0,0.0
2024-07-24 10:30:00-04:00,43.91999816894531,43.97010040283203,43.90999984741211,43.946800231933594,884,0.0,0.0,0.0
2024-07-24 11:30:00-04:00,43.939998626708984,43.939998626708984,43.90999984741211,43.90999984741211,7322,0.0,0.0,0.0
2024-07-24 12:30:00-04:00,43.89759826660156,43.90010070800781,43.86759948730469,43.86759948730469,1009,0.0,0.0,0.0
2024-07-24 13:30:00-04:00,43.709999084472656,43.709999084472656,43.709999084472656,43.709999084472656,106,0.0,0.0,0.0
2024-07-24 14:30:00-04:00,43.7400016784668,43.75,43.709999084472656,43.75,6667,0.0,0.0,0.0
2024-07-24 15:30:00-04:00,43.73910140991211,43.73910140991211,43.73910140991211,43.73910140991211,195,0.0,0.0,0.0
2024-07-25 09:30:00-04:00,43.790000915527344,43.959999084472656,43.790000915527344,43.959999084472656,7714,0.0,0.0,0.0
2024-07-25 11:30:00-04:00,43.90999984741211,43.90999984741211,43.869998931884766,43.875,785,0.0,0.0,0.0
2024-07-25 12:30:00-04:00,43.8650016784668,43.869998931884766,43.8650016784668,43.869998931884766,1503,0.0,0.0,0.0
2024-07-25 13:30:00-04:00,43.80500030517578,43.80500030517578,43.80500030517578,43.80500030517578,331,0.0,0.0,0.0
2024-07-25 14:30:00-04:00,43.81999969482422,43.81999969482422,43.80500030517578,43.80500030517578,708,0.0,0.0,0.0
2024-07-25 15:30:00-04:00,43.81079864501953,43.84000015258789,43.81079864501953,43.84000015258789,826,0.0,0.0,0.0
2024-07-26 09:30:00-04:00,44.029998779296875,44.04999923706055,44.0177001953125,44.029998779296875,8422,0.0,0.0,0.0
2024-07-26 10:30:00-04:00,44.03049850463867,44.040000915527344,43.98500061035156,43.98500061035156,1052,0.0,0.0,0.0
2024-07-26 11:30:00-04:00,43.99909973144531,44.0,43.99909973144531,44.0,2644,0.0,0.0,0.0
2024-07-26 12:30:00-04:00,44.003501892089844,44.02130126953125,44.00130081176758,44.00130081176758,6950,0.0,0.0,0.0
2024-07-26 13:30:00-04:00,44.02000045776367,44.02000045776367,44.0099983215332,44.01599884033203,3635,0.0,0.0,0.0
2024-07-26 14:30:00-04:00,44.01240158081055,44.029998779296875,44.01240158081055,44.029998779296875,980,0.0,0.0,0.0
2024-07-26 15:30:00-04:00,44.04999923706055,44.05500030517578,44.04999923706055,44.05500030517578,342,0.0,0.0,0.0
2024-07-29 09:30:00-04:00,44.11220169067383,44.125,44.10499954223633,44.10499954223633,2664,0.0,0.0,0.0
2024-07-29 10:30:00-04:00,44.11920166015625,44.13999938964844,44.11920166015625,44.13999938964844,2705,0.0,0.0,0.0
2024-07-29 11:30:00-04:00,44.13999938964844,44.13999938964844,44.119998931884766,44.119998931884766,756,0.0,0.0,0.0
2024-07-29 12:30:00-04:00,44.130001068115234,44.130001068115234,44.115501403808594,44.115501403808594,1494,0.0,0.0,0.0
2024-07-29 13:30:00-04:00,44.107398986816406,44.107601165771484,44.09000015258789,44.107601165771484,33403,0.0,0.0,0.0
2024-07-29 14:30:00-04:00,44.11000061035156,44.150001525878906,44.099998474121094,44.150001525878906,2689,0.0,0.0,0.0
2024-07-29 15:30:00-04:00,44.13999938964844,44.13999938964844,44.13999938964844,44.13999938964844,613,0.0,0.0,0.0
2024-07-30 09:30:00-04:00,44.18000030517578,44.18000030517578,44.11000061035156,44.11980056762695,2455,0.0,0.0,0.0
2024-07-30 10:30:00-04:00,44.137699127197266,44.13890075683594,44.130001068115234,44.13890075683594,1676,0.0,0.0,0.0
2024-07-30 11:30:00-04:00,44.13999938964844,44.15869903564453,44.12289810180664,44.15869903564453,3861,0.0,0.0,0.0
2024-07-30 12:30:00-04:00,44.17770004272461,44.2599983215332,44.17770004272461,44.220001220703125,5928,0.0,0.0,0.0
2024-07-30 13:30:00-04:00,44.224998474121094,44.237998962402344,44.224998474121094,44.22999954223633,1194,0.0,0.0,0.0
2024-07-30 14:30:00-04:00,44.2400016784668,44.2400016784668,44.220001220703125,44.220001220703125,1819,0.0,0.0,0.0
2024-07-31 09:30:00-04:00,44.380001068115234,44.41999816894531,44.380001068115234,44.38999938964844,9888,0.0,0.0,0.0
2024-07-31 10:30:00-04:00,44.400001525878906,44.400001525878906,44.339900970458984,44.380001068115234,3272,0.0,0.0,0.0
2024-07-31 11:30:00-04:00,44.38999938964844,44.38999938964844,44.369998931884766,44.38999938964844,2168,0.0,0.0,0.0
2024-07-31 12:30:00-04:00,44.400001525878906,44.400001525878906,44.38010025024414,44.38010025024414,1021,0.0,0.0,0.0
2024-07-31 13:30:00-04:00,44.334999084472656,44.349998474121094,44.279998779296875,44.279998779296875,12808,0.0,0.0,0.0
2024-07-31 14:30:00-04:00,44.369998931884766,44.459999084472656,44.36000061035156,44.459999084472656,1307,0.0,0.0,0.0
2024-07-31 15:30:00-04:00,44.459999084472656,44.54999923706055,44.459999084472656,44.54999923706055,5174,0.0,0.0,0.0
2024-08-01 09:30:00-04:00,44.529998779296875,44.650001525878906,44.506099700927734,44.64070129394531,8354,0.0,0.0,0.0
2024-08-01 10:30:00-04:00,44.619998931884766,44.62900161743164,44.619998931884766,44.6265983581543,2920,0.0,0.0,0.0
2024-08-01 11:30:00-04:00,44.599998474121094,44.66999816894531,44.599998474121094,44.66999816894531,12050,0.0,0.0,0.0
2024-08-01 12:30:00-04:00,44.650001525878906,44.6599006652832,44.63999938964844,44.63999938964844,1276,0.0,0.0,0.0
2024-08-01 13:30:00-04:00,44.63999938964844,44.68000030517578,44.63990020751953,44.68000030517578,2177,0.0,0.0,0.0
2024-08-01 14:30:00-04:00,44.689998626708984,44.689998626708984,44.65999984741211,44.65999984741211,1446,0.0,0.0,0.0
2024-08-01 15:30:00-04:00,44.65999984741211,44.65999984741211,44.63999938964844,44.63999938964844,3613,0.0,0.0,0.0
2024-08-02 09:30:00-04:00,45.08000183105469,45.25,45.060001373291016,45.21500015258789,24517,0.0,0.0,0.0
2024-08-02 10:30:00-04:00,45.209999084472656,45.22990036010742,45.17499923706055,45.21989822387695,155136,0.0,0.0,0.0
2024-08-02 11:30:00-04:00,45.25,45.25,45.15999984741211,45.189998626708984,599,0.0,0.0,0.0
2024-08-02 12:30:00-04:00,45.189998626708984,45.27989959716797,45.189998626708984,45.21500015258789,83504,0.0,0.0,0.0
2024-08-02 13:30:00-04:00,45.244998931884766,45.26359939575195,45.226600646972656,45.22999954223633,9549,0.0,0.0,0.0
2024-08-02 14:30:00-04:00,45.279998779296875,45.310001373291016,45.279998779296875,45.29520034790039,3376,0.0,0.0,0.0
2024-08-02 15:30:00-04:00,45.3297004699707,45.33000183105469,45.31999969482422,45.31999969482422,3457,0.0,0.0,0.0
2024-08-05 09:30:00-04:00,45.689998626708984,45.7400016784668,45.5,45.5,4926,0.0,0.0,0.0
2024-08-05 10:30:00-04:00,45.41999816894531,45.5099983215332,45.34000015258789,45.34000015258789,3119,0.0,0.0,0.0
2024-08-05 11:30:00-04:00,45.34000015258789,45.36439895629883,45.249900817871094,45.249900817871094,8148,0.0,0.0,0.0
2024-08-05 12:30:00-04:00,45.209999084472656,45.369998931884766,45.209999084472656,45.31050109863281,6429,0.0,0.0,0.0
2024-08-05 13:30:00-04:00,45.33000183105469,45.36199951171875,45.29999923706055,45.359500885009766,5367,0.0,0.0,0.0
2024-08-05 14:30:00-04:00,45.36000061035156,45.43000030517578,45.36000061035156,45.43000030517578,50594,0.0,0.0,0.0
2024-08-05 15:30:00-04:00,45.400001525878906,45.459999084472656,45.38100051879883,45.38100051879883,27636,0.0,0.0,0.0
2024-08-06 09:30:00-04:00,45.255001068115234,45.255001068115234,45.150001525878906,45.16999816894531,102648,0.0,0.0,0.0
2024-08-06 10:30:00-04:00,45.18000030517578,45.18000030517578,45.06999969482422,45.09000015258789,100533,0.0,0.0,0.0
2024-08-06 11:30:00-04:00,45.04499816894531,45.0900993347168,45.029998779296875,45.029998779296875,3402,0.0,0.0,0.0
2024-08-06 12:30:00-04:00,45.02000045776367,45.02000045776367,44.96070098876953,44.961299896240234,1430,0.0,0.0,0.0
2024-08-06 13:30:00-04:00,44.97990036010742,44.98780059814453,44.93000030517578,44.98780059814453,3470,0.0,0.0,0.0
2024-08-06 14:30:00-04:00,45.0,45.0,44.9900016784668,44.9900016784668,19868,0.0,0.0,0.0
2024-08-06 15:30:00-04:00,44.994998931884766,44.994998931884766,44.959999084472656,44.959999084472656,5801,0.0,0.0,0.0
2024-08-07 09:30:00-04:00,44.81999969482422,44.81999969482422,44.80979919433594,44.81999969482422,1444,0.0,0.0,0.0
2024-08-07 10:30:00-04:00,44.83000183105469,44.84000015258789,44.770301818847656,44.770301818847656,9140,0.0,0.0,0.0
2024-08-07 11:30:00-04:00,44.762298583984375,44.8046989440918,44.762298583984375,44.79999923706055,6759,0.0,0.0,0.0
2024-08-07 12:30:00-04:00,44.790199279785156,44.845001220703125,44.72999954223633,44.7400016784668,7625,0.0,0.0,0.0
2024-08-07 13:30:00-04:00,44.75,44.82500076293945,44.75,44.82500076293945,1859,0.0,0.0,0.0
2024-08-07 14:30:00-04:00,44.72999954223633,44.72999954223633,44.70000076293945,44.720001220703125,20980,0.0,0.0,0.0
2024-08-07 15:30:00-04:00,44.76499938964844,44.779998779296875,44.76499938964844,44.77989959716797,10324,0.0,0.0,0.0
2024-08-08 09:30:00-04:00,44.56999969482422,44.630001068115234,44.56999969482422,44.62369918823242,3806,0.0,0.0,0.0
2024-08-08 10:30:00-04:00,44.60020065307617,44.62099838256836,44.56999969482422,44.619998931884766,31158,0.0,0.0,0.0
2024-08-08 11:30:00-04:00,44.650001525878906,44.652801513671875,44.63999938964844,44.650001525878906,814,0.0,0.0,0.0
2024-08-08 12:30:00-04:00,44.600101470947266,44.61000061035156,44.58000183105469,44.5900993347168,3114,0.0,0.0,0.0
2024-08-08 13:30:00-04:00,44.564998626708984,44.599998474121094,44.55799865722656,44.599998474121094,3678,0.0,0.0,0.0
2024-08-08 14:30:00-04:00,44.60499954223633,44.62770080566406,44.599998474121094,44.62770080566406,2023,0.0,0.0,0.0
2024-08-08 15:30:00-04:00,44.6349983215332,44.63999938964844,44.619998931884766,44.63999938964844,2356,0.0,0.0,0.0
2024-08-09 09:30:00-04:00,44.90999984741211,44.90999984741211,44.849998474121094,44.86000061035156,3862,0.0,0.0,0.0
2024-08-09 10:30:00-04:00,44.880001068115234,44.880001068115234,44.81999969482422,44.855098724365234,9281,0.0,0.0,0.0
2024-08-09 11:30:00-04:00,44.86000061035156,44.86000061035156,44.849998474121094,44.849998474121094,878,0.0,0.0,0.0
2024-08-09 12:30:00-04:00,44.8489990234375,44.849098205566406,44.810001373291016,44.81370162963867,2417,0.0,0.0,0.0
2024-08-09 13:30:00-04:00,44.81999969482422,44.83470153808594,44.81999969482422,44.83000183105469,1037,0.0,0.0,0.0
2024-08-09 14:30:00-04:00,44.839698791503906,44.839698791503906,44.829898834228516,44.830101013183594,1631,0.0,0.0,0.0
2024-08-09 15:30:00-04:00,44.84429931640625,44.849998474121094,44.84000015258789,44.849998474121094,3983,0.0,0.0,0.0
2024-08-12 09:30:00-04:00,44.79999923706055,44.88999938964844,44.790199279785156,44.869998931884766,4056,0.0,0.0,0.0
2024-08-12 10:30:00-04:00,44.86000061035156,44.917701721191406,44.810001373291016,44.917701721191406,11626,0.0,0.0,0.0
2024-08-12 11:30:00-04:00,44.91999816894531,44.939998626708984,44.88999938964844,44.939998626708984,1744,0.0,0.0,0.0
2024-08-12 12:30:00-04:00,44.922698974609375,44.970001220703125,44.900001525878906,44.94810104370117,3179,0.0,0.0,0.0
2024-08-12 13:30:00-04:00,44.97999954223633,44.97999954223633,44.96969985961914,44.970001220703125,2923,0.0,0.0,0.0
2024-08-12 14:30:00-04:00,44.959999084472656,44.970001220703125,44.95000076293945,44.959999084472656,4204,0.0,0.0,0.0
2024-08-12 15:30:00-04:00,44.97999954223633,44.98899841308594,44.970001220703125,44.98899841308594,2303,0.0,0.0,0.0
2024-08-13 09:30:00-04:00,45.18000030517578,45.18000030517578,45.119998931884766,45.119998931884766,1234,0.0,0.0,0.0
2024-08-13 10:30:00-04:00,45.1599006652832,45.1599006652832,45.13119888305664,45.13119888305664,1218,0.0,0.0,0.0
2024-08-13 11:30:00-04:00,45.130001068115234,45.130001068115234,45.10049819946289,45.125,3026,0.0,0.0,0.0
2024-08-13 12:30:00-04:00,45.1505012512207,45.174800872802734,45.1505012512207,45.174800872802734,506,0.0,0.0,0.0
2024-08-13 13:30:00-04:00,45.14030075073242,45.145999908447266,45.13999938964844,45.141998291015625,3142,0.0,0.0,0.0
2024-08-13 14:30:00-04:00,45.13990020751953,45.1599006652832,45.12030029296875,45.154998779296875,2283,0.0,0.0,0.0
2024-08-13 15:30:00-04:00,45.16999816894531,45.16999816894531,45.15999984741211,45.15999984741211,954,0.0,0.0,0.0
2024-08-14 09:30:00-04:00,45.15999984741211,45.29999923706055,45.15999984741211,45.29499816894531,2635,0.0,0.0,0.0
2024-08-14 10:30:00-04:00,45.29499816894531,45.29499816894531,45.290000915527344,45.290000915527344,1450,0.0,0.0,0.0
2024-08-14 11:30:00-04:00,45.272300720214844,45.279998779296875,45.25,45.25,1226,0.0,0.0,0.0
2024-08-14 12:30:00-04:00,45.28499984741211,45.290000915527344,45.25,45.25,10492,0.0,0.0,0.0
2024-08-14 13:30:00-04:00,45.2599983215332,45.2599983215332,45.2400016784668,45.24420166015625,2207,0.0,0.0,0.0
2024-08-14 14:30:00-04:00,45.2400016784668,45.27000045776367,45.22999954223633,45.25,2765,0.0,0.0,0.0
2024-08-14 15:30:00-04:00,45.221099853515625,45.2400016784668,45.221099853515625,45.230201721191406,1626,0.0,0.0,0.0
2024-08-15 09:30:00-04:00,44.97999954223633,44.97999954223633,44.83000183105469,44.895301818847656,46386,0.0,0.0,0.0
2024-08-15 10:30:00-04:00,44.900001525878906,44.900001525878906,44.84000015258789,44.84000015258789,5214,0.0,0.0,0.0
2024-08-15 11:30:00-04:00,44.880001068115234,44.909000396728516,44.85960006713867,44.880001068115234,8239,0.0,0.0,0.0
2024-08-15 12:30:00-04:00,44.87990188598633,44.87990188598633,44.85210037231445,44.869998931884766,2700,0.0,0.0,0.0
2024-08-15 13:30:00-04:00,44.86000061035156,44.86000061035156,44.84600067138672,44.86000061035156,201,0.0,0.0,0.0
2024-08-15 14:30:00-04:00,44.880001068115234,44.909000396728516,44.880001068115234,44.909000396728516,4211,0.0,0.0,0.0
2024-08-15 15:30:00-04:00,44.9098014831543,44.9379997253418,44.9098014831543,44.92499923706055,10306,0.0,0.0,0.0
2024-08-16 09:30:00-04:00,45.040000915527344,45.040000915527344,45.0,45.0,1080,0.0,0.0,0.0
2024-08-16 10:30:00-04:00,44.94990158081055,45.0,44.94990158081055,44.97999954223633,7041,0.0,0.0,0.0
2024-08-16 11:30:00-04:00,44.935001373291016,45.0099983215332,44.935001373291016,45.005001068115234,12374,0.0,0.0,0.0
2024-08-16 12:30:00-04:00,45.029998779296875,45.06999969482422,45.029998779296875,45.064998626708984,4192,0.0,0.0,0.0
2024-08-16 13:30:00-04:00,45.064998626708984,45.064998626708984,45.02000045776367,45.02000045776367,7567,0.0,0.0,0.0
2024-08-16 14:30:00-04:00,45.029998779296875,45.040000915527344,45.000099182128906,45.040000915527344,24711,0.0,0.0,0.0
2024-08-16 15:30:00-04:00,45.040000915527344,45.060001373291016,45.040000915527344,45.05500030517578,8982,0.0,0.0,0.0
2024-08-19 09:30:00-04:00,45.029998779296875,45.099098205566406,45.029998779296875,45.056800842285156,6831,0.0,0.0,0.0
2024-08-19 10:30:00-04:00,45.084999084472656,45.08789825439453,45.074501037597656,45.08789825439453,1332,0.0,0.0,0.0
2024-08-19 11:30:00-04:00,45.099998474121094,45.154998779296875,45.099998474121094,45.154998779296875,1778,0.0,0.0,0.0
2024-08-19 12:30:00-04:00,45.15999984741211,45.177398681640625,45.150001525878906,45.150001525878906,4646,0.0,0.0,0.0
2024-08-19 13:30:00-04:00,45.130001068115234,45.130001068115234,45.130001068115234,45.130001068115234,265,0.0,0.0,0.0
2024-08-19 14:30:00-04:00,45.13029861450195,45.15999984741211,45.130001068115234,45.15999984741211,11106,0.0,0.0,0.0
2024-08-19 15:30:00-04:00,45.15999984741211,45.15999984741211,45.119998931884766,45.119998931884766,5339,0.0,0.0,0.0
2024-08-20 09:30:00-04:00,45.220001220703125,45.22999954223633,45.209999084472656,45.22999954223633,1589,0.0,0.0,0.0
2024-08-20 10:30:00-04:00,45.27000045776367,45.29759979248047,45.259300231933594,45.2598991394043,2137,0.0,0.0,0.0
2024-08-20 11:30:00-04:00,45.26969909667969,45.279998779296875,45.26969909667969,45.279701232910156,1428,0.0,0.0,0.0
2024-08-20 12:30:00-04:00,45.28369903564453,45.30820083618164,45.279701232910156,45.279701232910156,2602,0.0,0.0,0.0
2024-08-20 13:30:00-04:00,45.29999923706055,45.29999923706055,45.29949951171875,45.29949951171875,620,0.0,0.0,0.0
2024-08-20 14:30:00-04:00,45.29750061035156,45.30099868774414,45.28030014038086,45.30099868774414,5054,0.0,0.0,0.0
2024-08-20 15:30:00-04:00,45.33000183105469,45.33000183105469,45.31449890136719,45.31449890136719,1072,0.0,0.0,0.0
2024-08-21 09:30:00-04:00,45.359901428222656,45.369998931884766,45.34980010986328,45.369998931884766,4885,0.0,0.0,0.0
2024-08-21 10:30:00-04:00,45.380001068115234,45.40999984741211,45.29899978637695,45.40999984741211,3015,0.0,0.0,0.0
2024-08-21 11:30:00-04:00,45.441001892089844,45.45500183105469,45.43989944458008,45.43989944458008,1292,0.0,0.0,0.0
2024-08-21 12:30:00-04:00,45.45009994506836,45.459999084472656,45.41999816894531,45.439998626708984,10546,0.0,0.0,0.0
2024-08-21 13:30:00-04:00,45.5,45.510101318359375,45.49980163574219,45.510101318359375,601,0.0,0.0,0.0
2024-08-21 14:30:00-04:00,45.507198333740234,45.507198333740234,45.42210006713867,45.42210006713867,13996,0.0,0.0,0.0
2024-08-21 15:30:00-04:00,45.419700622558594,45.419898986816406,45.40999984741211,45.40999984741211,2117,0.0,0.0,0.0
2024-08-22 09:30:00-04:00,45.279998779296875,45.290000915527344,45.16999816894531,45.172298431396484,3297,0.0,0.0,0.0
2024-08-22 10:30:00-04:00,45.16999816894531,45.16999816894531,45.16999816894531,45.16999816894531,171,0.0,0.0,0.0
2024-08-22 11:30:00-04:00,45.19499969482422,45.19499969482422,45.19499969482422,45.19499969482422,1101,0.0,0.0,0.0
2024-08-22 12:30:00-04:00,45.117000579833984,45.117000579833984,45.113800048828125,45.113800048828125,1851,0.0,0.0,0.0
2024-08-22 13:30:00-04:00,45.13999938964844,45.1599006652832,45.13999938964844,45.1599006652832,5134,0.0,0.0,0.0
2024-08-22 14:30:00-04:00,45.150001525878906,45.18000030517578,45.150001525878906,45.18000030517578,928,0.0,0.0,0.0
2024-08-22 15:30:00-04:00,45.15999984741211,45.16999816894531,45.15999984741211,45.16999816894531,754,0.0,0.0,0.0
2024-08-23 09:30:00-04:00,45.279998779296875,45.40999984741211,45.21500015258789,45.36360168457031,3161,0.0,0.0,0.0
2024-08-23 10:30:00-04:00,45.380001068115234,45.399898529052734,45.37969970703125,45.391998291015625,2336,0.0,0.0,0.0
2024-08-23 11:30:00-04:00,45.356300354003906,45.356300354003906,45.349998474121094,45.349998474121094,1101,0.0,0.0,0.0
2024-08-23 12:30:00-04:00,45.31010055541992,45.339900970458984,45.305999755859375,45.339900970458984,7186,0.0,0.0,0.0
2024-08-23 13:30:00-04:00,45.33000183105469,45.34000015258789,45.32500076293945,45.336299896240234,957,0.0,0.0,0.0
2024-08-23 14:30:00-04:00,45.38990020751953,45.40599822998047,45.37630081176758,45.380001068115234,8968,0.0,0.0,0.0
2024-08-23 15:30:00-04:00,45.38010025024414,45.38999938964844,45.38010025024414,45.38999938964844,1877,0.0,0.0,0.0
2024-08-26 09:30:00-04:00,45.47999954223633,45.47999954223633,45.34000015258789,45.38850021362305,6001,0.0,0.0,0.0
2024-08-26 10:30:00-04:00,45.43009948730469,45.45130157470703,45.369998931884766,45.369998931884766,7058,0.0,0.0,0.0
2024-08-26 11:30:00-04:00,45.36000061035156,45.375,45.36000061035156,45.3650016784668,2186,0.0,0.0,0.0
2024-08-26 12:30:00-04:00,45.369998931884766,45.369998931884766,45.369998931884766,45.369998931884766,330,0.0,0.0,0.0
2024-08-26 13:30:00-04:00,45.369998931884766,45.369998931884766,45.369998931884766,45.369998931884766,330,0.0,0.0,0.0
2024-08-26 14:30:00-04:00,45.349998474121094,45.35770034790039,45.34000015258789,45.349998474121094,2411,0.0,0.0,0.0
2024-08-26 15:30:00-04:00,45.3400993347168,45.3489990234375,45.3400993347168,45.345001220703125,2091,0.0,0.0,0.0
2024-08-27 09:30:00-04:00,45.189998626708984,45.189998626708984,45.189998626708984,45.189998626708984,2472,0.0,0.0,0.0
2024-08-27 10:30:00-04:00,45.220001220703125,45.26369857788086,45.220001220703125,45.25,2508,0.0,0.0,0.0
2024-08-27 11:30:00-04:00,45.244998931884766,45.25,45.21030044555664,45.230098724365234,1844,0.0,0.0,0.0
2024-08-27 12:30:00-04:00,45.2400016784668,45.279998779296875,45.2400016784668,45.279998779296875,1993,0.0,0.0,0.0
2024-08-27 13:30:00-04:00,45.279998779296875,45.290000915527344,45.27989959716797,45.290000915527344,108647,0.0,0.0,0.0
2024-08-27 14:30:00-04:00,45.310001373291016,45.310001373291016,45.269798278808594,45.269798278808594,83967,0.0,0.0,0.0
2024-08-27 15:30:00-04:00,45.290000915527344,45.310001373291016,45.290000915527344,45.29999923706055,33922,0.0,0.0,0.0
2024-08-28 09:30:00-04:00,45.310001373291016,45.310001373291016,45.28990173339844,45.28990173339844,3378,0.0,0.0,0.0
2024-08-28 10:30:00-04:00,45.310001373291016,45.33000183105469,45.29999923706055,45.33000183105469,2597,0.0,0.0,0.0
2024-08-28 11:30:00-04:00,45.32500076293945,45.32500076293945,45.29499816894531,45.29499816894531,10045,0.0,0.0,0.0
2024-08-28 12:30:00-04:00,45.250099182128906,45.279998779296875,45.250099182128906,45.279998779296875,999,0.0,0.0,0.0
2024-08-28 13:30:00-04:00,45.279998779296875,45.279998779296875,45.279998779296875,45.279998779296875,101,0.0,0.0,0.0
2024-08-28 14:30:00-04:00,45.2599983215332,45.2599983215332,45.244998931884766,45.244998931884766,1390,0.0,0.0,0.0
2024-08-28 15:30:00-04:00,45.2400016784668,45.2599983215332,45.2400016784668,45.2599983215332,1102,0.0,0.0,0.0
2024-08-29 09:30:00-04:00,45.150001525878906,45.189998626708984,45.13090133666992,45.16999816894531,0,0.0,0.0,0.0
2024-08-29 10:30:00-04:00,45.11989974975586,45.136199951171875,45.1077995300293,45.11000061035156,1827,0.0,0.0,0.0
2024-08-29 11:30:00-04:00,45.130001068115234,45.15999984741211,45.130001068115234,45.15999984741211,1908,0.0,0.0,0.0
2024-08-29 12:30:00-04:00,45.16999816894531,45.16999816894531,45.16999816894531,45.16999816894531,198,0.0,0.0,0.0
2024-08-29 13:30:00-04:00,45.18000030517578,45.18000030517578,45.16999816894531,45.18000030517578,2070,0.0,0.0,0.0
2024-08-29 14:30:00-04:00,45.16600036621094,45.16999816894531,45.154998779296875,45.16999816894531,5622,0.0,0.0,0.0
2024-08-29 15:30:00-04:00,45.160099029541016,45.16999816894531,45.150001525878906,45.16999816894531,2109,0.0,0.0,0.0
2024-08-30 09:30:00-04:00,45.189998626708984,45.220001220703125,45.1619987487793,45.220001220703125,1489,0.0,0.0,0.0
2024-08-30 10:30:00-04:00,45.16999816894531,45.18000030517578,45.15999984741211,45.16999816894531,1393,0.0,0.0,0.0
2024-08-30 11:30:00-04:00,45.16999816894531,45.16999816894531,45.060001373291016,45.060001373291016,742,0.0,0.0,0.0
2024-08-30 12:30:00-04:00,45.040000915527344,45.04999923706055,45.02000045776367,45.04999923706055,1162,0.0,0.0,0.0
2024-08-30 13:30:00-04:00,45.04990005493164,45.04990005493164,45.03499984741211,45.03499984741211,3519,0.0,0.0,0.0
2024-08-30 14:30:00-04:00,45.0099983215332,45.029998779296875,45.0099983215332,45.029998779296875,2138,0.0,0.0,0.0
2024-08-30 15:30:00-04:00,45.0099983215332,45.02000045776367,44.959999084472656,45.02000045776367,2260,0.0,0.0,0.0
2024-09-03 09:30:00-04:00,45.06380081176758,45.150001525878906,45.06380081176758,45.150001525878906,756,0.0,0.0,0.0
2024-09-03 10:30:00-04:00,45.13999938964844,45.163299560546875,45.08000183105469,45.09000015258789,47080,0.0,0.0,0.0
2024-09-03 11:30:00-04:00,45.09000015258789,45.09000015258789,45.06990051269531,45.06999969482422,1736,0.0,0.0,0.0
2024-09-03 12:30:00-04:00,45.08319854736328,45.08319854736328,45.08319854736328,45.08319854736328,800,0.0,0.0,0.0
2024-09-03 13:30:00-04:00,45.099998474121094,45.099998474121094,45.092498779296875,45.092498779296875,791,0.0,0.0,0.0
2024-09-03 14:30:00-04:00,45.11000061035156,45.130001068115234,45.11000061035156,45.12689971923828,1966,0.0,0.0,0.0
2024-09-03 15:30:00-04:00,45.13999938964844,45.13999938964844,45.13999938964844,45.13999938964844,101,0.0,0.0,0.0
2024-09-04 09:30:00-04:00,45.21500015258789,45.369998931884766,45.21500015258789,45.31959915161133,1578,0.0,0.0,0.0
2024-09-04 10:30:00-04:00,45.36000061035156,45.36000061035156,45.292598724365234,45.31629943847656,7141,0.0,0.0,0.0
2024-09-04 11:30:00-04:00,45.316200256347656,45.3489990234375,45.30500030517578,45.336700439453125,12501,0.0,0.0,0.0
2024-09-04 12:30:00-04:00,45.3390007019043,45.369998931884766,45.3390007019043,45.35499954223633,20617,0.0,0.0,0.0
2024-09-04 13:30:00-04:00,45.36000061035156,45.404998779296875,45.36000061035156,45.404998779296875,9244,0.0,0.0,0.0
2024-09-04 14:30:00-04:00,45.3838005065918,45.41999816894531,45.370201110839844,45.41999816894531,3063,0.0,0.0,0.0
2024-09-04 15:30:00-04:00,45.420799255371094,45.45989990234375,45.420799255371094,45.45500183105469,2657,0.0,0.0,0.0
2024-09-05 09:30:00-04:00,45.56999969482422,45.58599853515625,45.500099182128906,45.500099182128906,2154,0.0,0.0,0.0
2024-09-05 10:30:00-04:00,45.47999954223633,45.47999954223633,45.40829849243164,45.45830154418945,4687,0.0,0.0,0.0
2024-09-05 11:30:00-04:00,45.470001220703125,45.51900100708008,45.470001220703125,45.518001556396484,2342,0.0,0.0,0.0
2024-09-05 12:30:00-04:00,45.525001525878906,45.560001373291016,45.52000045776367,45.54999923706055,1358,0.0,0.0,0.0
2024-09-05 13:30:00-04:00,45.55759811401367,45.57899856567383,45.54499816894531,45.57899856567383,4721,0.0,0.0,0.0
2024-09-05 14:30:00-04:00,45.551998138427734,45.56060028076172,45.54899978637695,45.56060028076172,918,0.0,0.0,0.0
2024-09-05 15:30:00-04:00,45.56999969482422,45.58000183105469,45.55500030517578,45.55500030517578,3171,0.0,0.0,0.0
2024-09-06 09:30:00-04:00,45.560001373291016,45.650001525878906,45.470001220703125,45.650001525878906,45762,0.0,0.0,0.0
2024-09-06 10:30:00-04:00,45.66999816894531,45.83089828491211,45.66999816894531,45.83089828491211,6299,0.0,0.0,0.0
2024-09-06 11:30:00-04:00,45.77000045776367,45.77000045776367,45.62070083618164,45.62070083618164,2033,0.0,0.0,0.0
2024-09-06 12:30:00-04:00,45.606998443603516,45.630001068115234,45.59000015258789,45.59000015258789,3780,0.0,0.0,0.0
2024-09-06 14:30:00-04:00,45.65999984741211,45.65999984741211,45.619998931884766,45.619998931884766,7391,0.0,0.0,0.0
2024-09-06 15:30:00-04:00,45.625,45.639400482177734,45.60499954223633,45.630001068115234,2815,0.0,0.0,0.0
2024-09-09 09:30:00-04:00,45.59000015258789,45.630001068115234,45.52980041503906,45.630001068115234,6344,0.0,0.0,0.0
2024-09-09 10:30:00-04:00,45.63999938964844,45.65999984741211,45.63999938964844,45.65999984741211,220,0.0,0.0,0.0
2024-09-09 11:30:00-04:00,45.650001525878906,45.689998626708984,45.63999938964844,45.654998779296875,19751,0.0,0.0,0.0
2024-09-09 12:30:00-04:00,45.66630172729492,45.70989990234375,45.65999984741211,45.70989990234375,5002,0.0,0.0,0.0
2024-09-09 13:30:00-04:00,45.720001220703125,45.720001220703125,45.68000030517578,45.68000030517578,459,0.0,0.0,0.0
2024-09-09 14:30:00-04:00,45.69900131225586,45.709999084472656,45.68769836425781,45.70000076293945,6476,0.0,0.0,0.0
2024-09-09 15:30:00-04:00,45.66999816894531,45.689998626708984,45.665000915527344,45.68899917602539,2261,0.0,0.0,0.0
2024-09-10 09:30:00-04:00,45.689998626708984,45.7400016784668,45.689998626708984,45.73500061035156,1668,0.0,0.0,0.0
2024-09-10 10:30:00-04:00,45.75,45.81999969482422,45.75,45.81999969482422,1543,0.0,0.0,0.0
2024-09-10 11:30:00-04:00,45.85380172729492,45.900001525878906,45.85380172729492,45.869998931884766,1068,0.0,0.0,0.0
2024-09-10 12:30:00-04:00,45.83000183105469,45.849998474121094,45.83000183105469,45.849998474121094,519,0.0,0.0,0.0
2024-09-10 13:30:00-04:00,45.880001068115234,45.91939926147461,45.86000061035156,45.91939926147461,4900,0.0,0.0,0.0
2024-09-10 14:30:00-04:00,45.907798767089844,45.9099006652832,45.900001525878906,45.904998779296875,5869,0.0,0.0,0.0
2024-09-10 15:30:00-04:00,45.909698486328125,45.91999816894531,45.909698486328125,45.91999816894531,4543,0.0,0.0,0.0
2024-09-11 09:30:00-04:00,45.95880126953125,45.95880126953125,45.95880126953125,45.95880126953125,674,0.0,0.0,0.0
2024-09-11 10:30:00-04:00,45.97880172729492,45.9989013671875,45.95000076293945,45.95000076293945,2232,0.0,0.0,0.0
2024-09-11 12:30:00-04:00,45.849998474121094,45.849998474121094,45.849998474121094,45.849998474121094,370,0.0,0.0,0.0
2024-09-11 14:30:00-04:00,45.845001220703125,45.880001068115234,45.845001220703125,45.86000061035156,5013,0.0,0.0,0.0
2024-09-11 15:30:00-04:00,45.880001068115234,45.880001068115234,45.86000061035156,45.86000061035156,2481,0.0,0.0,0.0
2024-09-12 09:30:00-04:00,45.83000183105469,45.880001068115234,45.7406005859375,45.77000045776367,2343,0.0,0.0,0.0
2024-09-12 10:30:00-04:00,45.751800537109375,45.77000045776367,45.724998474121094,45.7400016784668,1648,0.0,0.0,0.0
2024-09-12 11:30:00-04:00,45.77360153198242,45.779998779296875,45.75,45.75,5012,0.0,0.0,0.0
2024-09-12 12:30:00-04:00,45.70349884033203,45.720001220703125,45.70349884033203,45.709999084472656,2345,0.0,0.0,0.0
2024-09-12 13:30:00-04:00,45.7401008605957,45.75,45.7401008605957,45.75,3849,0.0,0.0,0.0
2024-09-12 14:30:00-04:00,45.77000045776367,45.79990005493164,45.77000045776367,45.775001525878906,4960,0.0,0.0,0.0
2024-09-12 15:30:00-04:00,45.77000045776367,45.79249954223633,45.76210021972656,45.79249954223633,1699,0.0,0.0,0.0
2024-09-13 09:30:00-04:00,45.842201232910156,45.845001220703125,45.830299377441406,45.84379959106445,5814,0.0,0.0,0.0
2024-09-13 10:30:00-04:00,45.834999084472656,45.834999084472656,45.810001373291016,45.810001373291016,5145,0.0,0.0,0.0
2024-09-13 11:30:00-04:00,45.85240173339844,45.880001068115234,45.85240173339844,45.872501373291016,3686,0.0,0.0,0.0
2024-09-13 12:30:00-04:00,45.90999984741211,45.91999816894531,45.904998779296875,45.9099006652832,10336,0.0,0.0,0.0
2024-09-13 13:30:00-04:00,45.92390060424805,45.92390060424805,45.91999816894531,45.91999816894531,867,0.0,0.0,0.0
2024-09-13 14:30:00-04:00,45.915000915527344,45.915000915527344,45.900001525878906,45.900001525878906,2786,0.0,0.0,0.0
2024-09-13 15:30:00-04:00,45.88650131225586,45.88650131225586,45.87770080566406,45.880001068115234,1399,0.0,0.0,0.0
2024-09-16 09:30:00-04:00,45.91999816894531,45.91999816894531,45.86000061035156,45.86000061035156,433,0.0,0.0,0.0
2024-09-16 10:30:00-04:00,45.91999816894531,45.97999954223633,45.91999816894531,45.97999954223633,4752,0.0,0.0,0.0
2024-09-16 11:30:00-04:00,45.974998474121094,45.97999954223633,45.974998474121094,45.97999954223633,1945,0.0,0.0,0.0
2024-09-16 12:30:00-04:00,45.96009826660156,45.994998931884766,45.96009826660156,45.994998931884766,2973,0.0,0.0,0.0
2024-09-16 13:30:00-04:00,45.9900016784668,45.9900016784668,45.9900016784668,45.9900016784668,190,0.0,0.0,0.0
2024-09-16 14:30:00-04:00,46.0,46.02000045776367,45.9900016784668,46.0099983215332,15884,0.0,0.0,0.0
2024-09-16 15:30:00-04:00,46.0099983215332,46.029998779296875,46.005001068115234,46.02000045776367,2500,0.0,0.0,0.0
2024-09-17 09:30:00-04:00,46.0,46.0004997253418,45.90999984741211,45.915000915527344,3954,0.0,0.0,0.0
2024-09-17 10:30:00-04:00,45.93000030517578,45.95000076293945,45.91999816894531,45.95000076293945,2182,0.0,0.0,0.0
2024-09-17 11:30:00-04:00,45.93899917602539,45.94499969482422,45.93000030517578,45.94499969482422,2947,0.0,0.0,0.0
2024-09-17 12:30:00-04:00,45.94879913330078,45.94879913330078,45.93000030517578,45.93000030517578,1027,0.0,0.0,0.0
2024-09-17 13:30:00-04:00,45.91899871826172,45.94889831542969,45.91899871826172,45.939998626708984,2452,0.0,0.0,0.0
2024-09-17 14:30:00-04:00,45.94499969482422,45.95000076293945,45.93000030517578,45.93000030517578,1245,0.0,0.0,0.0
2024-09-17 15:30:00-04:00,45.94900131225586,45.94900131225586,45.90999984741211,45.92499923706055,3776,0.0,0.0,0.0
2024-09-18 09:30:00-04:00,45.810001373291016,45.810001373291016,45.810001373291016,45.810001373291016,326,0.0,0.0,0.0
2024-09-18 10:30:00-04:00,45.7400016784668,45.7599983215332,45.72999954223633,45.7599983215332,13013,0.0,0.0,0.0
2024-09-18 11:30:00-04:00,45.76100158691406,45.76100158691406,45.76100158691406,45.76100158691406,496,0.0,0.0,0.0
2024-09-18 12:30:00-04:00,45.79499816894531,45.80780029296875,45.79499816894531,45.80780029296875,866,0.0,0.0,0.0
2024-09-18 13:30:00-04:00,45.807498931884766,45.91999816894531,45.807498931884766,45.91999816894531,1141,0.0,0.0,0.0
2024-09-18 14:30:00-04:00,45.84000015258789,45.84000015258789,45.720001220703125,45.72990036010742,3657,0.0,0.0,0.0
2024-09-18 15:30:00-04:00,45.67599868774414,45.67599868774414,45.67539978027344,45.67539978027344,364,0.0,0.0,0.0
2024-09-19 09:30:00-04:00,45.560001373291016,45.58060073852539,45.525001525878906,45.58000183105469,40222,0.0,0.0,0.0
2024-09-19 10:30:00-04:00,45.6150016784668,45.650001525878906,45.59000015258789,45.59000015258789,7916,0.0,0.0,0.0
2024-09-19 11:30:00-04:00,45.59379959106445,45.59379959106445,45.56010055541992,45.59000015258789,5991,0.0,0.0,0.0
2024-09-19 12:30:00-04:00,45.57120132446289,45.57120132446289,45.54499816894531,45.56010055541992,1335,0.0,0.0,0.0
2024-09-19 13:30:00-04:00,45.564998626708984,45.599998474121094,45.564998626708984,45.599998474121094,992,0.0,0.0,0.0
2024-09-19 14:30:00-04:00,45.58620071411133,45.619998931884766,45.56999969482422,45.619998931884766,4417,0.0,0.0,0.0
2024-09-19 15:30:00-04:00,45.625,45.630001068115234,45.6150016784668,45.630001068115234,1768,0.0,0.0,0.0
2024-09-20 09:30:00-04:00,45.540000915527344,45.54499816894531,45.532100677490234,45.532100677490234,1524,0.0,0.0,0.0
2024-09-20 10:30:00-04:00,45.523799896240234,45.537498474121094,45.5099983215332,45.5099983215332,897,0.0,0.0,0.0
2024-09-20 11:30:00-04:00,45.558799743652344,45.61980056762695,45.558799743652344,45.61199951171875,15800,0.0,0.0,0.0
2024-09-20 12:30:00-04:00,45.68000030517578,45.68000030517578,45.650001525878906,45.650001525878906,3145,0.0,0.0,0.0
2024-09-20 13:30:00-04:00,45.651100158691406,45.651100158691406,45.630001068115234,45.630001068115234,1540,0.0,0.0,0.0
2024-09-20 14:30:00-04:00,45.630001068115234,45.6327018737793,45.630001068115234,45.6327018737793,6113,0.0,0.0,0.0
2024-09-20 15:30:00-04:00,45.650001525878906,45.65999984741211,45.62009811401367,45.62009811401367,1205,0.0,0.0,0.0
