Datetime,Open,High,Low,Close,Volume,Dividends,Stock Splits
2022-09-22 09:30:00-04:00,8.90999984741211,8.937800407409668,8.579999923706055,8.617899894714355,28761,0.0,0.0
2022-09-22 10:30:00-04:00,8.63539981842041,8.63539981842041,8.319999694824219,8.420000076293945,36420,0.0,0.0
2022-09-22 11:30:00-04:00,8.420000076293945,8.59000015258789,8.406299591064453,8.505000114440918,16345,0.0,0.0
2022-09-22 12:30:00-04:00,8.479999542236328,8.505000114440918,8.380000114440918,8.430000305175781,10610,0.0,0.0
2022-09-22 13:30:00-04:00,8.40999984741211,8.5,8.40999984741211,8.449999809265137,9775,0.0,0.0
2022-09-22 14:30:00-04:00,8.40999984741211,8.600000381469727,8.40999984741211,8.430000305175781,17458,0.0,0.0
2022-09-22 15:30:00-04:00,8.430000305175781,8.449999809265137,8.350000381469727,8.399999618530273,43666,0.0,0.0
2022-09-23 09:30:00-04:00,8.199999809265137,8.199999809265137,7.699999809265137,7.831200122833252,97352,0.0,0.0
2022-09-23 10:30:00-04:00,7.900000095367432,7.949999809265137,7.78000020980835,7.925000190734863,35752,0.0,0.0
2022-09-23 11:30:00-04:00,7.949999809265137,7.98390007019043,7.789999961853027,7.849999904632568,19846,0.0,0.0
2022-09-23 12:30:00-04:00,7.849999904632568,7.989999771118164,7.849999904632568,7.925000190734863,29282,0.0,0.0
2022-09-23 13:30:00-04:00,7.920000076293945,7.960000038146973,7.869999885559082,7.909999847412109,21893,0.0,0.0
2022-09-23 14:30:00-04:00,7.929999828338623,7.960000038146973,7.809999942779541,7.940000057220459,39198,0.0,0.0
2022-09-23 15:30:00-04:00,7.960000038146973,7.989999771118164,7.869999885559082,7.909999847412109,69002,0.0,0.0
2022-09-26 09:30:00-04:00,7.869999885559082,8.260000228881836,7.849999904632568,8.207799911499023,40172,0.0,0.0
2022-09-26 10:30:00-04:00,8.130000114440918,8.180000305175781,7.980000019073486,7.980000019073486,18609,0.0,0.0
2022-09-26 11:30:00-04:00,7.974999904632568,8.0600004196167,7.949999809265137,7.960000038146973,13809,0.0,0.0
2022-09-26 12:30:00-04:00,7.900000095367432,8.005000114440918,7.869999885559082,7.96999979019165,6337,0.0,0.0
2022-09-26 13:30:00-04:00,7.960000038146973,8.01930046081543,7.940000057220459,7.952099800109863,10754,0.0,0.0
2022-09-26 14:30:00-04:00,7.960000038146973,7.994999885559082,7.920000076293945,7.965000152587891,13570,0.0,0.0
2022-09-26 15:30:00-04:00,7.980000019073486,7.989999771118164,7.880000114440918,7.900000095367432,13414,0.0,0.0
2022-09-27 09:30:00-04:00,8.050000190734863,8.140000343322754,7.909999847412109,7.960000038146973,21617,0.0,0.0
2022-09-27 10:30:00-04:00,7.960000038146973,8.050000190734863,7.889999866485596,7.889999866485596,16646,0.0,0.0
2022-09-27 11:30:00-04:00,7.885000228881836,7.889999866485596,7.820000171661377,7.889999866485596,10764,0.0,0.0
2022-09-27 12:30:00-04:00,7.889999866485596,7.940000057220459,7.854100227355957,7.940000057220459,4558,0.0,0.0
2022-09-27 13:30:00-04:00,7.90500020980835,7.960000038146973,7.889999866485596,7.889999866485596,7612,0.0,0.0
2022-09-27 14:30:00-04:00,7.90500020980835,7.989999771118164,7.900000095367432,7.920000076293945,11696,0.0,0.0
2022-09-27 15:30:00-04:00,7.920000076293945,7.989999771118164,7.900000095367432,7.989999771118164,14286,0.0,0.0
2022-09-28 09:30:00-04:00,7.829999923706055,8.069999694824219,7.829999923706055,7.954999923706055,49891,0.0,0.0
2022-09-28 10:30:00-04:00,7.954999923706055,7.989999771118164,7.849999904632568,7.934999942779541,15053,0.0,0.0
2022-09-28 11:30:00-04:00,7.989999771118164,8.039999961853027,7.980000019073486,8.039999961853027,6792,0.0,0.0
2022-09-28 12:30:00-04:00,8.039999961853027,8.079999923706055,8.020000457763672,8.039999961853027,10911,0.0,0.0
2022-09-28 13:30:00-04:00,8.0600004196167,8.0600004196167,7.949999809265137,8.020000457763672,6781,0.0,0.0
2022-09-28 14:30:00-04:00,8.029999732971191,8.164999961853027,8.005000114440918,8.149999618530273,11267,0.0,0.0
2022-09-28 15:30:00-04:00,8.140000343322754,8.180000305175781,8.0600004196167,8.100000381469727,24417,0.0,0.0
2022-09-29 09:30:00-04:00,8.029999732971191,8.029999732971191,7.659999847412109,7.78000020980835,27917,0.0,0.0
2022-09-29 10:30:00-04:00,7.789999961853027,7.820000171661377,7.659999847412109,7.659999847412109,23659,0.0,0.0
2022-09-29 11:30:00-04:00,7.650000095367432,7.710000038146973,7.559999942779541,7.675000190734863,19754,0.0,0.0
2022-09-29 12:30:00-04:00,7.675000190734863,7.679999828338623,7.599999904632568,7.619999885559082,11234,0.0,0.0
2022-09-29 13:30:00-04:00,7.614999771118164,7.710000038146973,7.550000190734863,7.710000038146973,69813,0.0,0.0
2022-09-29 14:30:00-04:00,7.690000057220459,7.729899883270264,7.625,7.679999828338623,48844,0.0,0.0
2022-09-29 15:30:00-04:00,7.690000057220459,7.730000019073486,7.630000114440918,7.710000038146973,48766,0.0,0.0
2022-09-30 09:30:00-04:00,7.670000076293945,8.119999885559082,7.670000076293945,8.069999694824219,59545,0.0,0.0
2022-09-30 10:30:00-04:00,8.069999694824219,8.130000114440918,8.045000076293945,8.085000038146973,18299,0.0,0.0
2022-09-30 11:30:00-04:00,8.085000038146973,8.100000381469727,7.994999885559082,8.029999732971191,23109,0.0,0.0
2022-09-30 12:30:00-04:00,8.020000457763672,8.199999809265137,8.020000457763672,8.164999961853027,28409,0.0,0.0
2022-09-30 13:30:00-04:00,8.177000045776367,8.177000045776367,8.095000267028809,8.130000114440918,27172,0.0,0.0
2022-09-30 14:30:00-04:00,8.130000114440918,8.25,8.0600004196167,8.0600004196167,64152,0.0,0.0
2022-09-30 15:30:00-04:00,8.0600004196167,8.119999885559082,7.769999980926514,7.860000133514404,70906,0.0,0.0
2022-10-03 09:30:00-04:00,7.960000038146973,8.039999961853027,7.805799961090088,7.989999771118164,17169,0.0,0.0
2022-10-03 10:30:00-04:00,7.989999771118164,7.989999771118164,7.880000114440918,7.949900150299072,9579,0.0,0.0
2022-10-03 11:30:00-04:00,7.949900150299072,8.0600004196167,7.914999961853027,7.985000133514404,8668,0.0,0.0
2022-10-03 12:30:00-04:00,7.96999979019165,8.0600004196167,7.940000057220459,8.029999732971191,10696,0.0,0.0
2022-10-03 13:30:00-04:00,8.010000228881836,8.015000343322754,7.910099983215332,7.954999923706055,9245,0.0,0.0
2022-10-03 14:30:00-04:00,7.954999923706055,7.980000019073486,7.880000114440918,7.917500019073486,11792,0.0,0.0
2022-10-03 15:30:00-04:00,7.920000076293945,7.920000076293945,7.800000190734863,7.800000190734863,10753,0.0,0.0
2022-10-04 09:30:00-04:00,8.119999885559082,8.25,8.100000381469727,8.100000381469727,11639,0.0,0.0
2022-10-04 10:30:00-04:00,8.100000381469727,8.100000381469727,8.0,8.015000343322754,16783,0.0,0.0
2022-10-04 11:30:00-04:00,8.020000457763672,8.024999618530273,7.955999851226807,8.0,14984,0.0,0.0
2022-10-04 12:30:00-04:00,7.999899864196777,8.020000457763672,7.929999828338623,7.929999828338623,7778,0.0,0.0
2022-10-04 13:30:00-04:00,7.945000171661377,8.025799751281738,7.920000076293945,8.010000228881836,9498,0.0,0.0
2022-10-04 14:30:00-04:00,8.010000228881836,8.020000457763672,7.949999809265137,7.994999885559082,9611,0.0,0.0
2022-10-04 15:30:00-04:00,8.010000228881836,8.109999656677246,7.900000095367432,8.100000381469727,28103,0.0,0.0
2022-10-05 09:30:00-04:00,8.0600004196167,8.229999542236328,7.849999904632568,7.875,21144,0.0,0.0
2022-10-05 10:30:00-04:00,7.875,7.94980001449585,7.760000228881836,7.94980001449585,18041,0.0,0.0
2022-10-05 11:30:00-04:00,7.914999961853027,7.96999979019165,7.860000133514404,7.945000171661377,5170,0.0,0.0
2022-10-05 12:30:00-04:00,7.945000171661377,8.180000305175781,7.945000171661377,8.079999923706055,10872,0.0,0.0
2022-10-05 13:30:00-04:00,8.149999618530273,8.149999618530273,8.039999961853027,8.0600004196167,11253,0.0,0.0
2022-10-05 14:30:00-04:00,8.029999732971191,8.140000343322754,8.029999732971191,8.140000343322754,5232,0.0,0.0
2022-10-05 15:30:00-04:00,8.140000343322754,8.170000076293945,8.050000190734863,8.050000190734863,8663,0.0,0.0
2022-10-06 09:30:00-04:00,8.010000228881836,8.220000267028809,7.849999904632568,7.872700214385986,13322,0.0,0.0
2022-10-06 10:30:00-04:00,7.869999885559082,7.889999866485596,7.78000020980835,7.869999885559082,10210,0.0,0.0
2022-10-06 11:30:00-04:00,7.840000152587891,7.96999979019165,7.835000038146973,7.860000133514404,7409,0.0,0.0
2022-10-06 12:30:00-04:00,7.869999885559082,7.940000057220459,7.849999904632568,7.849999904632568,2824,0.0,0.0
2022-10-06 13:30:00-04:00,7.860000133514404,7.918700218200684,7.71999979019165,7.755000114440918,22643,0.0,0.0
2022-10-06 14:30:00-04:00,7.71999979019165,7.787499904632568,7.690000057220459,7.71999979019165,22117,0.0,0.0
2022-10-06 15:30:00-04:00,7.760000228881836,7.795000076293945,7.679999828338623,7.679999828338623,27157,0.0,0.0
2022-10-07 09:30:00-04:00,7.630000114440918,7.672299861907959,7.510000228881836,7.605000019073486,17390,0.0,0.0
2022-10-07 10:30:00-04:00,7.550000190734863,7.579999923706055,7.53000020980835,7.53000020980835,14740,0.0,0.0
2022-10-07 11:30:00-04:00,7.53000020980835,7.570000171661377,7.309999942779541,7.320000171661377,33192,0.0,0.0
2022-10-07 12:30:00-04:00,7.310100078582764,7.340000152587891,7.230000019073486,7.28000020980835,24407,0.0,0.0
2022-10-07 13:30:00-04:00,7.28000020980835,7.300000190734863,7.199999809265137,7.210000038146973,31747,0.0,0.0
2022-10-07 14:30:00-04:00,7.210000038146973,7.230000019073486,7.077000141143799,7.150000095367432,26414,0.0,0.0
2022-10-07 15:30:00-04:00,7.079999923706055,7.125,7.0,7.079999923706055,46928,0.0,0.0
2022-10-10 09:30:00-04:00,7.0,7.130000114440918,6.960000038146973,6.960000038146973,18839,0.0,0.0
2022-10-10 10:30:00-04:00,6.934999942779541,6.96999979019165,6.369999885559082,6.670000076293945,80621,0.0,0.0
2022-10-10 11:30:00-04:00,6.659999847412109,6.686299800872803,6.545000076293945,6.550000190734863,25368,0.0,0.0
2022-10-10 12:30:00-04:00,6.557499885559082,6.670000076293945,6.550000190734863,6.579999923706055,13028,0.0,0.0
2022-10-10 13:30:00-04:00,6.570000171661377,6.590000152587891,6.5,6.5,16496,0.0,0.0
2022-10-10 14:30:00-04:00,6.5,6.528600215911865,6.402500152587891,6.429999828338623,25585,0.0,0.0
2022-10-10 15:30:00-04:00,6.434999942779541,6.460000038146973,6.309999942779541,6.360000133514404,41028,0.0,0.0
2022-10-11 09:30:00-04:00,6.400000095367432,6.480000019073486,6.150000095367432,6.179999828338623,33913,0.0,0.0
2022-10-11 10:30:00-04:00,6.202499866485596,6.420000076293945,6.179999828338623,6.360000133514404,14545,0.0,0.0
2022-10-11 11:30:00-04:00,6.360000133514404,6.360000133514404,6.239999771118164,6.239999771118164,29151,0.0,0.0
2022-10-11 12:30:00-04:00,6.25,6.28000020980835,6.210000038146973,6.25,12223,0.0,0.0
2022-10-11 13:30:00-04:00,6.230000019073486,6.25,6.090099811553955,6.159999847412109,28708,0.0,0.0
2022-10-11 14:30:00-04:00,6.159999847412109,6.190000057220459,6.079999923706055,6.119999885559082,25482,0.0,0.0
2022-10-11 15:30:00-04:00,6.130000114440918,6.183700084686279,6.119999885559082,6.170000076293945,11279,0.0,0.0
2022-10-12 09:30:00-04:00,6.090000152587891,6.239999771118164,5.900000095367432,6.03000020980835,33744,0.0,0.0
2022-10-12 10:30:00-04:00,6.03000020980835,6.25,6.019999980926514,6.179999828338623,14850,0.0,0.0
2022-10-12 11:30:00-04:00,6.199999809265137,6.289999961853027,6.150000095367432,6.150000095367432,13105,0.0,0.0
2022-10-12 12:30:00-04:00,6.150000095367432,6.159999847412109,6.019999980926514,6.130000114440918,7711,0.0,0.0
2022-10-12 13:30:00-04:00,6.129899978637695,6.159999847412109,6.019999980926514,6.119999885559082,21088,0.0,0.0
2022-10-12 14:30:00-04:00,6.173999786376953,6.210000038146973,6.079999923706055,6.159999847412109,12530,0.0,0.0
2022-10-12 15:30:00-04:00,6.139999866485596,6.159999847412109,6.090000152587891,6.119999885559082,8991,0.0,0.0
2022-10-13 09:30:00-04:00,6.0,6.070000171661377,5.639999866485596,5.800000190734863,95301,0.0,0.0
2022-10-13 10:30:00-04:00,5.789999961853027,6.21999979019165,5.769999980926514,6.21999979019165,28888,0.0,0.0
2022-10-13 11:30:00-04:00,6.13100004196167,6.210000038146973,6.070000171661377,6.170000076293945,26055,0.0,0.0
2022-10-13 12:30:00-04:00,6.144999980926514,6.230000019073486,6.114699840545654,6.21999979019165,91731,0.0,0.0
2022-10-13 13:30:00-04:00,6.21999979019165,6.360000133514404,6.208399772644043,6.320000171661377,13058,0.0,0.0
2022-10-13 14:30:00-04:00,6.295000076293945,6.409999847412109,6.289999961853027,6.335000038146973,12930,0.0,0.0
2022-10-13 15:30:00-04:00,6.379899978637695,6.420000076293945,6.289999961853027,6.369999885559082,17802,0.0,0.0
2022-10-14 09:30:00-04:00,7.0,7.5,6.820000171661377,6.920000076293945,132659,0.0,0.0
2022-10-14 10:30:00-04:00,6.920000076293945,6.920000076293945,6.730199813842773,6.829999923706055,41765,0.0,0.0
2022-10-14 11:30:00-04:00,6.920000076293945,7.070000171661377,6.849999904632568,6.989999771118164,29068,0.0,0.0
2022-10-14 12:30:00-04:00,6.994999885559082,7.070000171661377,6.994999885559082,7.03000020980835,21297,0.0,0.0
2022-10-14 13:30:00-04:00,7.050000190734863,7.190000057220459,7.03000020980835,7.099999904632568,33752,0.0,0.0
2022-10-14 14:30:00-04:00,7.150000095367432,7.268499851226807,7.119999885559082,7.190000057220459,27591,0.0,0.0
2022-10-14 15:30:00-04:00,7.199999809265137,7.210000038146973,7.130000114440918,7.190000057220459,39566,0.0,0.0
2022-10-17 09:30:00-04:00,7.360000133514404,7.647600173950195,7.309999942779541,7.449999809265137,81797,0.0,0.0
2022-10-17 10:30:00-04:00,7.499499797821045,7.580399990081787,7.450099945068359,7.514999866485596,17867,0.0,0.0
2022-10-17 11:30:00-04:00,7.5,7.590000152587891,7.487599849700928,7.500999927520752,14732,0.0,0.0
2022-10-17 12:30:00-04:00,7.489999771118164,7.510700225830078,7.309999942779541,7.414999961853027,18378,0.0,0.0
2022-10-17 13:30:00-04:00,7.440000057220459,7.474100112915039,7.369999885559082,7.400000095367432,9980,0.0,0.0
2022-10-17 14:30:00-04:00,7.400000095367432,7.463699817657471,7.380000114440918,7.449999809265137,10962,0.0,0.0
2022-10-17 15:30:00-04:00,7.449999809265137,7.460000038146973,7.400000095367432,7.409999847412109,16920,0.0,0.0
2022-10-18 09:30:00-04:00,7.650000095367432,7.840000152587891,7.440000057220459,7.550000190734863,58289,0.0,0.0
2022-10-18 10:30:00-04:00,7.560299873352051,7.631199836730957,7.480000019073486,7.480000019073486,20995,0.0,0.0
2022-10-18 11:30:00-04:00,7.440000057220459,7.570000171661377,7.409999847412109,7.510000228881836,8557,0.0,0.0
2022-10-18 12:30:00-04:00,7.559999942779541,7.570000171661377,7.420000076293945,7.5157999992370605,12404,0.0,0.0
2022-10-18 13:30:00-04:00,7.420000076293945,7.53000020980835,7.360000133514404,7.400000095367432,23915,0.0,0.0
2022-10-18 14:30:00-04:00,7.451300144195557,7.474299907684326,7.375,7.40500020980835,13319,0.0,0.0
2022-10-18 15:30:00-04:00,7.389999866485596,7.440000057220459,7.349999904632568,7.369999885559082,21954,0.0,0.0
2022-10-19 09:30:00-04:00,7.5,7.579999923706055,7.150000095367432,7.579999923706055,27810,0.0,0.0
2022-10-19 10:30:00-04:00,7.5,7.547599792480469,7.329999923706055,7.360000133514404,13665,0.0,0.0
2022-10-19 11:30:00-04:00,7.360000133514404,7.400000095367432,7.320000171661377,7.380000114440918,10974,0.0,0.0
2022-10-19 12:30:00-04:00,7.40500020980835,7.440000057220459,7.289999961853027,7.375999927520752,16033,0.0,0.0
2022-10-19 13:30:00-04:00,7.36299991607666,7.400000095367432,7.283299922943115,7.340000152587891,5356,0.0,0.0
2022-10-19 14:30:00-04:00,7.369999885559082,7.420000076293945,7.329999923706055,7.355000019073486,10704,0.0,0.0
2022-10-19 15:30:00-04:00,7.355000019073486,7.429999828338623,7.199999809265137,7.329999923706055,65117,0.0,0.0
2022-10-20 09:30:00-04:00,7.210000038146973,7.449999809265137,7.090000152587891,7.395400047302246,38393,0.0,0.0
2022-10-20 10:30:00-04:00,7.329999923706055,7.360000133514404,7.159999847412109,7.204999923706055,13638,0.0,0.0
2022-10-20 11:30:00-04:00,7.170000076293945,7.329999923706055,7.170000076293945,7.289999961853027,11423,0.0,0.0
2022-10-20 12:30:00-04:00,7.289999961853027,7.289999961853027,7.130000114440918,7.190000057220459,25868,0.0,0.0
2022-10-20 13:30:00-04:00,7.179999828338623,7.199999809265137,7.0,7.110000133514404,20902,0.0,0.0
2022-10-20 14:30:00-04:00,7.114999771118164,7.179999828338623,7.059999942779541,7.079999923706055,15122,0.0,0.0
2022-10-20 15:30:00-04:00,7.079999923706055,7.110000133514404,7.019999980926514,7.019999980926514,37413,0.0,0.0
2022-10-21 09:30:00-04:00,7.139999866485596,7.139999866485596,6.875,7.010000228881836,24414,0.0,0.0
2022-10-21 10:30:00-04:00,6.940000057220459,7.150000095367432,6.880000114440918,7.150000095367432,16799,0.0,0.0
2022-10-21 11:30:00-04:00,7.110000133514404,7.199999809265137,7.04010009765625,7.149899959564209,5633,0.0,0.0
2022-10-21 12:30:00-04:00,7.070000171661377,7.170000076293945,7.0,7.074999809265137,11002,0.0,0.0
2022-10-21 13:30:00-04:00,7.074999809265137,7.170000076293945,7.019999980926514,7.039999961853027,15293,0.0,0.0
2022-10-21 14:30:00-04:00,7.010000228881836,7.059999942779541,6.869999885559082,6.949999809265137,22068,0.0,0.0
2022-10-21 15:30:00-04:00,6.889999866485596,6.980000019073486,6.800000190734863,6.880000114440918,59774,0.0,0.0
2022-10-24 09:30:00-04:00,6.980000019073486,7.077499866485596,6.769999980926514,6.800000190734863,27601,0.0,0.0
2022-10-24 10:30:00-04:00,6.815000057220459,6.980000019073486,6.769999980926514,6.949999809265137,17988,0.0,0.0
2022-10-24 11:30:00-04:00,6.920000076293945,7.01230001449585,6.900000095367432,6.991300106048584,9638,0.0,0.0
2022-10-24 12:30:00-04:00,6.960000038146973,7.031300067901611,6.900000095367432,6.925000190734863,7433,0.0,0.0
2022-10-24 13:30:00-04:00,6.922900199890137,6.922900199890137,6.869999885559082,6.880000114440918,3109,0.0,0.0
2022-10-24 14:30:00-04:00,6.880000114440918,6.949999809265137,6.860000133514404,6.875,6912,0.0,0.0
2022-10-24 15:30:00-04:00,6.860000133514404,6.920000076293945,6.800000190734863,6.869999885559082,41457,0.0,0.0
2022-10-25 09:30:00-04:00,6.940000057220459,7.207499980926514,6.920000076293945,7.0,17733,0.0,0.0
2022-10-25 10:30:00-04:00,7.010000228881836,7.079899787902832,7.0,7.045000076293945,9434,0.0,0.0
2022-10-25 11:30:00-04:00,7.039999961853027,7.070000171661377,6.960000038146973,7.0507001876831055,15582,0.0,0.0
2022-10-25 12:30:00-04:00,7.019999980926514,7.049900054931641,6.980000019073486,6.992499828338623,8026,0.0,0.0
2022-10-25 13:30:00-04:00,7.014400005340576,7.070000171661377,6.980000019073486,7.070000171661377,9628,0.0,0.0
2022-10-25 14:30:00-04:00,7.099999904632568,7.20989990234375,7.059999942779541,7.139999866485596,6117,0.0,0.0
2022-10-25 15:30:00-04:00,7.139999866485596,7.15500020980835,6.989999771118164,7.010000228881836,63660,0.0,0.0
2022-10-26 09:30:00-04:00,6.949999809265137,7.114500045776367,6.909999847412109,7.039999961853027,38437,0.0,0.0
2022-10-26 10:30:00-04:00,7.065000057220459,7.190000057220459,7.0,7.0,29447,0.0,0.0
2022-10-26 11:30:00-04:00,7.0,7.289999961853027,7.0,7.139999866485596,336193,0.0,0.0
2022-10-26 12:30:00-04:00,7.159999847412109,7.28000020980835,7.090000152587891,7.099999904632568,57017,0.0,0.0
2022-10-26 13:30:00-04:00,7.110000133514404,7.239999771118164,7.110000133514404,7.239999771118164,21720,0.0,0.0
2022-10-26 14:30:00-04:00,7.239999771118164,7.28000020980835,7.199999809265137,7.224999904632568,21073,0.0,0.0
2022-10-26 15:30:00-04:00,7.239999771118164,7.309999942779541,7.159999847412109,7.239999771118164,43854,0.0,0.0
2022-10-27 09:30:00-04:00,7.340000152587891,7.349999904632568,7.159999847412109,7.204999923706055,25177,0.0,0.0
2022-10-27 10:30:00-04:00,7.255000114440918,7.255000114440918,7.139999866485596,7.190000057220459,9387,0.0,0.0
2022-10-27 11:30:00-04:00,7.184999942779541,7.190000057220459,6.75,6.900000095367432,71696,0.0,0.0
2022-10-27 12:30:00-04:00,6.900000095367432,6.958399772644043,6.869999885559082,6.958399772644043,9060,0.0,0.0
2022-10-27 13:30:00-04:00,6.941299915313721,6.96999979019165,6.75,6.889999866485596,21964,0.0,0.0
2022-10-27 14:30:00-04:00,6.800000190734863,6.849999904632568,6.699999809265137,6.789999961853027,18587,0.0,0.0
2022-10-27 15:30:00-04:00,6.803800106048584,6.820000171661377,6.699999809265137,6.789999961853027,23192,0.0,0.0
2022-10-28 09:30:00-04:00,6.840000152587891,7.019999980926514,6.630000114440918,6.710000038146973,32964,0.0,0.0
2022-10-28 10:30:00-04:00,6.71999979019165,6.768499851226807,6.610000133514404,6.720399856567383,18942,0.0,0.0
2022-10-28 11:30:00-04:00,6.738500118255615,6.738500118255615,6.539999961853027,6.630000114440918,20980,0.0,0.0
2022-10-28 12:30:00-04:00,6.630000114440918,6.78000020980835,6.630000114440918,6.739999771118164,10847,0.0,0.0
2022-10-28 13:30:00-04:00,6.7067999839782715,6.710000038146973,6.605000019073486,6.650000095367432,13343,0.0,0.0
2022-10-28 14:30:00-04:00,6.681000232696533,6.730000019073486,6.625,6.730000019073486,7699,0.0,0.0
2022-10-28 15:30:00-04:00,6.730000019073486,6.760000228881836,6.670000076293945,6.739999771118164,23292,0.0,0.0
2022-10-31 09:30:00-04:00,6.75,7.03000020980835,6.75,6.75,11606,0.0,0.0
2022-10-31 10:30:00-04:00,6.739999771118164,6.819900035858154,6.619999885559082,6.800000190734863,12644,0.0,0.0
2022-10-31 11:30:00-04:00,6.809999942779541,6.940000057220459,6.78000020980835,6.940000057220459,11743,0.0,0.0
2022-10-31 12:30:00-04:00,6.920000076293945,6.920000076293945,6.842800140380859,6.909900188446045,5473,0.0,0.0
2022-10-31 13:30:00-04:00,6.949999809265137,6.960000038146973,6.699999809265137,6.869200229644775,29032,0.0,0.0
2022-10-31 14:30:00-04:00,6.864999771118164,6.889999866485596,6.75,6.869999885559082,7193,0.0,0.0
2022-10-31 15:30:00-04:00,6.869999885559082,7.0,6.769999980926514,7.0,38565,0.0,0.0
2022-11-01 09:30:00-04:00,7.079999923706055,7.340000152587891,6.789999961853027,6.860099792480469,17203,0.0,0.0
2022-11-01 10:30:00-04:00,6.934999942779541,7.0,6.848100185394287,6.954999923706055,7614,0.0,0.0
2022-11-01 11:30:00-04:00,6.914999961853027,6.96999979019165,6.860000133514404,6.96999979019165,2016,0.0,0.0
2022-11-01 12:30:00-04:00,6.914999961853027,6.960000038146973,6.820000171661377,6.820000171661377,9680,0.0,0.0
2022-11-01 13:30:00-04:00,6.89300012588501,7.0,6.75,6.78000020980835,11868,0.0,0.0
2022-11-01 14:30:00-04:00,6.71999979019165,6.78000020980835,6.670000076293945,6.670000076293945,19247,0.0,0.0
2022-11-01 15:30:00-04:00,6.670000076293945,6.690000057220459,6.610000133514404,6.627099990844727,11792,0.0,0.0
2022-11-02 09:30:00-04:00,6.900000095367432,6.900000095367432,6.369999885559082,6.380099773406982,31205,0.0,0.0
2022-11-02 10:30:00-04:00,6.360000133514404,6.480000019073486,6.360000133514404,6.389999866485596,14523,0.0,0.0
2022-11-02 11:30:00-04:00,6.389999866485596,6.480000019073486,6.357999801635742,6.369999885559082,11895,0.0,0.0
2022-11-02 12:30:00-04:00,6.420000076293945,6.46999979019165,6.369999885559082,6.469099998474121,6742,0.0,0.0
2022-11-02 13:30:00-04:00,6.46999979019165,6.573999881744385,6.429999828338623,6.550000190734863,31152,0.0,0.0
2022-11-02 14:30:00-04:00,6.519999980926514,6.559999942779541,6.340000152587891,6.340000152587891,20292,0.0,0.0
2022-11-02 15:30:00-04:00,6.34499979019165,6.440000057220459,6.309999942779541,6.400000095367432,18930,0.0,0.0
2022-11-03 09:30:00-04:00,6.269999980926514,6.309999942779541,6.170000076293945,6.269999980926514,28049,0.0,0.0
2022-11-03 10:30:00-04:00,6.269999980926514,6.550000190734863,6.239999771118164,6.53000020980835,40169,0.0,0.0
2022-11-03 11:30:00-04:00,6.53000020980835,6.620299816131592,6.460000038146973,6.489999771118164,12857,0.0,0.0
2022-11-03 12:30:00-04:00,6.539999961853027,6.539999961853027,6.454999923706055,6.454999923706055,8863,0.0,0.0
2022-11-03 13:30:00-04:00,6.420000076293945,6.570000171661377,6.420000076293945,6.551199913024902,7304,0.0,0.0
2022-11-03 14:30:00-04:00,6.53000020980835,6.559999942779541,6.400000095367432,6.425000190734863,4409,0.0,0.0
2022-11-03 15:30:00-04:00,6.400000095367432,6.460000038146973,6.369999885559082,6.460000038146973,17615,0.0,0.0
2022-11-04 09:30:00-04:00,6.340000152587891,6.391600131988525,6.119999885559082,6.289999961853027,66665,0.0,0.0
2022-11-04 10:30:00-04:00,6.28000020980835,6.329999923706055,6.070000171661377,6.085000038146973,34435,0.0,0.0
2022-11-04 11:30:00-04:00,6.070000171661377,6.190000057220459,6.039999961853027,6.186299800872803,43441,0.0,0.0
2022-11-04 12:30:00-04:00,6.179999828338623,6.239999771118164,6.139999866485596,6.190000057220459,14172,0.0,0.0
2022-11-04 13:30:00-04:00,6.21999979019165,6.25,6.159999847412109,6.230000019073486,11586,0.0,0.0
2022-11-04 14:30:00-04:00,6.210000038146973,6.25,6.139999866485596,6.199999809265137,16534,0.0,0.0
2022-11-04 15:30:00-04:00,6.199999809265137,6.275000095367432,6.190000057220459,6.25,27534,0.0,0.0
2022-11-07 09:30:00-05:00,6.25,6.300000190734863,6.130000114440918,6.170000076293945,42549,0.0,0.0
2022-11-07 10:30:00-05:00,6.164999961853027,6.199999809265137,5.860000133514404,5.860000133514404,106581,0.0,0.0
2022-11-07 11:30:00-05:00,5.829999923706055,5.900000095367432,5.78000020980835,5.900000095367432,79993,0.0,0.0
2022-11-07 12:30:00-05:00,5.920000076293945,6.0,5.829999923706055,5.860000133514404,21640,0.0,0.0
2022-11-07 13:30:00-05:00,5.860000133514404,5.980000019073486,5.860000133514404,5.96999979019165,21958,0.0,0.0
2022-11-07 14:30:00-05:00,5.980000019073486,6.059999942779541,5.869999885559082,5.889999866485596,30513,0.0,0.0
2022-11-07 15:30:00-05:00,5.889999866485596,5.894999980926514,5.769999980926514,5.78000020980835,53185,0.0,0.0
2022-11-08 09:30:00-05:00,5.710000038146973,5.710000038146973,5.369999885559082,5.489999771118164,136226,0.0,0.0
2022-11-08 10:30:00-05:00,5.440000057220459,5.659999847412109,5.420000076293945,5.610000133514404,30371,0.0,0.0
2022-11-08 11:30:00-05:00,5.610000133514404,5.610000133514404,5.510000228881836,5.519999980926514,20422,0.0,0.0
2022-11-08 12:30:00-05:00,5.510000228881836,5.650000095367432,5.5,5.5,19538,0.0,0.0
2022-11-08 13:30:00-05:00,5.5,5.614999771118164,5.5,5.539999961853027,27605,0.0,0.0
2022-11-08 14:30:00-05:00,5.53000020980835,5.789999961853027,5.510000228881836,5.75,43233,0.0,0.0
2022-11-08 15:30:00-05:00,5.760000228881836,5.920000076293945,5.760000228881836,5.860000133514404,49521,0.0,0.0
2022-11-09 09:30:00-05:00,5.949999809265137,5.949999809265137,5.340000152587891,5.400000095367432,70124,0.0,0.0
2022-11-09 10:30:00-05:00,5.380000114440918,5.383699893951416,5.199999809265137,5.210000038146973,108639,0.0,0.0
2022-11-09 11:30:00-05:00,5.209099769592285,5.300000190734863,5.005000114440918,5.010000228881836,110189,0.0,0.0
2022-11-09 12:30:00-05:00,5.014999866485596,5.28000020980835,5.010000228881836,5.099999904632568,45709,0.0,0.0
2022-11-09 13:30:00-05:00,5.105000019073486,5.239999771118164,5.105000019073486,5.210000038146973,28757,0.0,0.0
2022-11-09 14:30:00-05:00,5.21999979019165,5.21999979019165,5.150000095367432,5.15500020980835,34120,0.0,0.0
2022-11-09 15:30:00-05:00,5.15500020980835,5.21150016784668,5.150000095367432,5.170000076293945,30968,0.0,0.0
2022-11-10 09:30:00-05:00,5.489999771118164,5.610000133514404,5.360000133514404,5.445000171661377,131871,0.0,0.0
2022-11-10 10:30:00-05:00,5.420000076293945,5.659999847412109,5.21999979019165,5.221700191497803,103423,0.0,0.0
2022-11-10 11:30:00-05:00,5.289999961853027,5.389900207519531,5.264999866485596,5.320899963378906,70805,0.0,0.0
2022-11-10 12:30:00-05:00,5.309999942779541,5.466300010681152,5.289999961853027,5.460000038146973,28366,0.0,0.0
2022-11-10 13:30:00-05:00,5.429999828338623,5.458199977874756,5.400000095367432,5.440100193023682,31988,0.0,0.0
2022-11-10 14:30:00-05:00,5.445000171661377,5.445000171661377,5.400000095367432,5.420000076293945,31427,0.0,0.0
2022-11-10 15:30:00-05:00,5.414999961853027,5.489999771118164,5.400000095367432,5.425000190734863,54714,0.0,0.0
2022-11-11 09:30:00-05:00,5.659999847412109,5.965000152587891,5.5,5.875,91123,0.0,0.0
2022-11-11 10:30:00-05:00,5.840000152587891,5.900000095367432,5.739999771118164,5.75,35335,0.0,0.0
2022-11-11 11:30:00-05:00,5.71999979019165,5.900000095367432,5.699999809265137,5.809999942779541,32054,0.0,0.0
2022-11-11 12:30:00-05:00,5.800000190734863,5.869999885559082,5.730000019073486,5.815999984741211,23699,0.0,0.0
2022-11-11 13:30:00-05:00,5.820000171661377,5.980000019073486,5.809999942779541,5.980000019073486,30164,0.0,0.0
2022-11-11 14:30:00-05:00,5.989999771118164,5.989999771118164,5.880000114440918,5.954999923706055,19491,0.0,0.0
2022-11-11 15:30:00-05:00,5.929999828338623,6.019999980926514,5.920000076293945,5.96999979019165,97871,0.0,0.0
2022-11-14 09:30:00-05:00,6.010000228881836,6.240499973297119,5.699999809265137,5.789999961853027,99718,0.0,0.0
2022-11-14 10:30:00-05:00,5.807300090789795,6.0,5.75,5.800000190734863,30161,0.0,0.0
2022-11-14 11:30:00-05:00,5.809999942779541,5.949999809265137,5.789999961853027,5.909999847412109,24243,0.0,0.0
2022-11-14 12:30:00-05:00,5.909999847412109,6.21999979019165,5.909999847412109,6.216100215911865,14414,0.0,0.0
2022-11-14 13:30:00-05:00,6.21999979019165,6.239999771118164,6.050000190734863,6.059999942779541,29040,0.0,0.0
2022-11-14 14:30:00-05:00,6.099999904632568,6.099999904632568,6.010000228881836,6.070000171661377,21522,0.0,0.0
2022-11-14 15:30:00-05:00,6.110000133514404,6.274099826812744,6.099999904632568,6.179999828338623,50088,0.0,0.0
2022-11-15 09:30:00-05:00,6.329999923706055,6.429999828338623,6.180099964141846,6.329999923706055,30235,0.0,0.0
2022-11-15 10:30:00-05:00,6.360899925231934,6.5,6.230000019073486,6.380000114440918,41046,0.0,0.0
2022-11-15 11:30:00-05:00,6.360000133514404,6.409999847412109,6.28000020980835,6.344099998474121,12438,0.0,0.0
2022-11-15 12:30:00-05:00,6.379899978637695,6.379899978637695,6.25,6.25,17090,0.0,0.0
2022-11-15 13:30:00-05:00,6.255000114440918,6.255000114440918,6.079999923706055,6.079999923706055,17646,0.0,0.0
2022-11-15 14:30:00-05:00,6.079999923706055,6.170000076293945,6.019999980926514,6.150000095367432,18172,0.0,0.0
2022-11-15 15:30:00-05:00,6.130000114440918,6.130000114440918,6.019999980926514,6.019999980926514,40373,0.0,0.0
2022-11-16 09:30:00-05:00,5.96999979019165,6.079999923706055,5.650000095367432,5.75,100235,0.0,0.0
2022-11-16 10:30:00-05:00,5.739999771118164,5.769999980926514,5.570000171661377,5.649899959564209,48920,0.0,0.0
2022-11-16 11:30:00-05:00,5.630000114440918,5.849999904632568,5.619999885559082,5.664999961853027,51723,0.0,0.0
2022-11-16 12:30:00-05:00,5.664999961853027,5.699999809265137,5.650000095367432,5.679999828338623,14094,0.0,0.0
2022-11-16 13:30:00-05:00,5.650000095367432,5.75,5.650000095367432,5.684999942779541,20516,0.0,0.0
2022-11-16 14:30:00-05:00,5.670000076293945,5.699999809265137,5.650000095367432,5.669300079345703,8291,0.0,0.0
2022-11-16 15:30:00-05:00,5.659999847412109,5.690000057220459,5.650000095367432,5.650000095367432,17248,0.0,0.0
2022-11-17 09:30:00-05:00,5.650000095367432,5.670000076293945,5.461100101470947,5.46999979019165,40382,0.0,0.0
2022-11-17 10:30:00-05:00,5.46999979019165,5.474999904632568,5.349999904632568,5.389999866485596,49535,0.0,0.0
2022-11-17 11:30:00-05:00,5.409999847412109,5.5,5.400000095367432,5.449999809265137,9502,0.0,0.0
2022-11-17 12:30:00-05:00,5.458799839019775,5.599999904632568,5.440000057220459,5.574699878692627,14517,0.0,0.0
2022-11-17 13:30:00-05:00,5.565000057220459,5.599999904632568,5.440000057220459,5.440000057220459,52553,0.0,0.0
2022-11-17 14:30:00-05:00,5.440000057220459,5.570000171661377,5.400000095367432,5.510000228881836,24891,0.0,0.0
2022-11-17 15:30:00-05:00,5.510000228881836,5.619999885559082,5.510000228881836,5.619999885559082,18250,0.0,0.0
2022-11-18 09:30:00-05:00,5.650000095367432,5.650000095367432,5.414999961853027,5.420000076293945,51274,0.0,0.0
2022-11-18 10:30:00-05:00,5.429999828338623,5.510000228881836,5.400000095367432,5.449999809265137,56967,0.0,0.0
2022-11-18 11:30:00-05:00,5.400000095367432,5.4994001388549805,5.369999885559082,5.449999809265137,26618,0.0,0.0
2022-11-18 12:30:00-05:00,5.460000038146973,5.679999828338623,5.409999847412109,5.679999828338623,39721,0.0,0.0
2022-11-18 13:30:00-05:00,5.679999828338623,5.929999828338623,5.650000095367432,5.929999828338623,28068,0.0,0.0
2022-11-18 14:30:00-05:00,5.940000057220459,5.940000057220459,5.690000057220459,5.900000095367432,28997,0.0,0.0
2022-11-18 15:30:00-05:00,5.860000133514404,5.949999809265137,5.800000190734863,5.909999847412109,59485,0.0,0.0
2022-11-21 09:30:00-05:00,5.820000171661377,5.949999809265137,5.554999828338623,5.554999828338623,67927,0.0,0.0
2022-11-21 10:30:00-05:00,5.554999828338623,5.554999828338623,5.389999866485596,5.46999979019165,35519,0.0,0.0
2022-11-21 11:30:00-05:00,5.449900150299072,5.46999979019165,5.409999847412109,5.420000076293945,11900,0.0,0.0
2022-11-21 12:30:00-05:00,5.409999847412109,5.440000057220459,5.300000190734863,5.440000057220459,47219,0.0,0.0
2022-11-21 13:30:00-05:00,5.434999942779541,5.460000038146973,5.320000171661377,5.320099830627441,25040,0.0,0.0
2022-11-21 14:30:00-05:00,5.329999923706055,5.420000076293945,5.320000171661377,5.394999980926514,34052,0.0,0.0
2022-11-21 15:30:00-05:00,5.400000095367432,5.400000095367432,5.309999942779541,5.309999942779541,21230,0.0,0.0
2022-11-22 09:30:00-05:00,5.53000020980835,5.690000057220459,5.420000076293945,5.660200119018555,42678,0.0,0.0
2022-11-22 10:30:00-05:00,5.679999828338623,5.710000038146973,5.519999980926514,5.559999942779541,32526,0.0,0.0
2022-11-22 11:30:00-05:00,5.559899806976318,5.5903000831604,5.550000190734863,5.554999828338623,16515,0.0,0.0
2022-11-22 12:30:00-05:00,5.550000190734863,5.699999809265137,5.550000190734863,5.570000171661377,46166,0.0,0.0
2022-11-22 13:30:00-05:00,5.570099830627441,5.739999771118164,5.570000171661377,5.630000114440918,37627,0.0,0.0
2022-11-22 14:30:00-05:00,5.630000114440918,5.769999980926514,5.630000114440918,5.769999980926514,28499,0.0,0.0
2022-11-22 15:30:00-05:00,5.760000228881836,5.784999847412109,5.739999771118164,5.739999771118164,21761,0.0,0.0
2022-11-23 09:30:00-05:00,5.699999809265137,5.710000038146973,5.5046000480651855,5.5046000480651855,50316,0.0,0.0
2022-11-23 10:30:00-05:00,5.530900001525879,5.570000171661377,5.480000019073486,5.480000019073486,27405,0.0,0.0
2022-11-23 11:30:00-05:00,5.480000019073486,5.559999942779541,5.480000019073486,5.53439998626709,32617,0.0,0.0
2022-11-23 12:30:00-05:00,5.545000076293945,5.559999942779541,5.510000228881836,5.539999961853027,11472,0.0,0.0
2022-11-23 13:30:00-05:00,5.519999980926514,5.550000190734863,5.400000095367432,5.460000038146973,37750,0.0,0.0
2022-11-23 14:30:00-05:00,5.460000038146973,5.550000190734863,5.428400039672852,5.5,61308,0.0,0.0
2022-11-23 15:30:00-05:00,5.517399787902832,5.550000190734863,5.420000076293945,5.46999979019165,41240,0.0,0.0
2022-11-25 09:30:00-05:00,5.550000190734863,5.849999904632568,5.5,5.78000020980835,60132,0.0,0.0
2022-11-25 10:30:00-05:00,5.78000020980835,5.900000095367432,5.650000095367432,5.75,50039,0.0,0.0
2022-11-25 11:30:00-05:00,5.75,5.829999923706055,5.75,5.829999923706055,8305,0.0,0.0
2022-11-28 09:30:00-05:00,5.849999904632568,5.949999809265137,5.550000190734863,5.550000190734863,98973,0.0,0.0
2022-11-28 10:30:00-05:00,5.550000190734863,5.550000190734863,5.340000152587891,5.474999904632568,60482,0.0,0.0
2022-11-28 11:30:00-05:00,5.474999904632568,5.509900093078613,5.449999809265137,5.460000038146973,14418,0.0,0.0
2022-11-28 12:30:00-05:00,5.473599910736084,5.5,5.409999847412109,5.5,23437,0.0,0.0
2022-11-28 13:30:00-05:00,5.524400234222412,5.567299842834473,5.492000102996826,5.492000102996826,10455,0.0,0.0
2022-11-28 14:30:00-05:00,5.510000228881836,5.539999961853027,5.429999828338623,5.460000038146973,19857,0.0,0.0
2022-11-28 15:30:00-05:00,5.449999809265137,5.489999771118164,5.389999866485596,5.440000057220459,46876,0.0,0.0
2022-11-29 09:30:00-05:00,5.400000095367432,5.480000019073486,5.349999904632568,5.369999885559082,41456,0.0,0.0
2022-11-29 10:30:00-05:00,5.401000022888184,5.480000019073486,5.360000133514404,5.425000190734863,9114,0.0,0.0
2022-11-29 11:30:00-05:00,5.400000095367432,5.409999847412109,5.369999885559082,5.385000228881836,7546,0.0,0.0
2022-11-29 12:30:00-05:00,5.360000133514404,5.449999809265137,5.349999904632568,5.369999885559082,13464,0.0,0.0
2022-11-29 13:30:00-05:00,5.389999866485596,5.389999866485596,5.360000133514404,5.360000133514404,10304,0.0,0.0
2022-11-29 14:30:00-05:00,5.360000133514404,5.380000114440918,5.300000190734863,5.340000152587891,58926,0.0,0.0
2022-11-29 15:30:00-05:00,5.340000152587891,5.409999847412109,5.309999942779541,5.329999923706055,28664,0.0,0.0
2022-11-30 09:30:00-05:00,5.400000095367432,5.518599987030029,5.360000133514404,5.389999866485596,50805,0.0,0.0
2022-11-30 10:30:00-05:00,5.380000114440918,5.408999919891357,5.300000190734863,5.329999923706055,225676,0.0,0.0
2022-11-30 11:30:00-05:00,5.360000133514404,5.400000095367432,5.260000228881836,5.400000095367432,21255,0.0,0.0
2022-11-30 12:30:00-05:00,5.40500020980835,5.46999979019165,5.400000095367432,5.409999847412109,51107,0.0,0.0
2022-11-30 13:30:00-05:00,5.420000076293945,5.590000152587891,5.420000076293945,5.590000152587891,38844,0.0,0.0
2022-11-30 14:30:00-05:00,5.599999904632568,5.599999904632568,5.46999979019165,5.480000019073486,23291,0.0,0.0
2022-11-30 15:30:00-05:00,5.489999771118164,5.650000095367432,5.480000019073486,5.559999942779541,62489,0.0,0.0
2022-12-01 09:30:00-05:00,5.590000152587891,5.699999809265137,5.019999980926514,5.139999866485596,156165,0.0,0.0
2022-12-01 10:30:00-05:00,5.126699924468994,5.299099922180176,5.099999904632568,5.260000228881836,60016,0.0,0.0
2022-12-01 11:30:00-05:00,5.260000228881836,5.329999923706055,5.21999979019165,5.260000228881836,526777,0.0,0.0
2022-12-01 12:30:00-05:00,5.253699779510498,5.364999771118164,5.224999904632568,5.364999771118164,51548,0.0,0.0
2022-12-01 13:30:00-05:00,5.380000114440918,5.449999809265137,5.349999904632568,5.389999866485596,65957,0.0,0.0
2022-12-01 14:30:00-05:00,5.380000114440918,5.46999979019165,5.380000114440918,5.409999847412109,43096,0.0,0.0
2022-12-01 15:30:00-05:00,5.400000095367432,5.489999771118164,5.400000095367432,5.46999979019165,58214,0.0,0.0
2022-12-02 09:30:00-05:00,5.519999980926514,5.760000228881836,5.400000095367432,5.670300006866455,141249,0.0,0.0
2022-12-02 10:30:00-05:00,5.678199768066406,5.75,5.610000133514404,5.619999885559082,70248,0.0,0.0
2022-12-02 11:30:00-05:00,5.619900226593018,5.630000114440918,5.489999771118164,5.494999885559082,37060,0.0,0.0
2022-12-02 12:30:00-05:00,5.489999771118164,5.5,5.460000038146973,5.5,33616,0.0,0.0
2022-12-02 13:30:00-05:00,5.494999885559082,5.5,5.409999847412109,5.409999847412109,41665,0.0,0.0
2022-12-02 14:30:00-05:00,5.414999961853027,5.510000228881836,5.409999847412109,5.5,47943,0.0,0.0
2022-12-02 15:30:00-05:00,5.489999771118164,5.519999980926514,5.489999771118164,5.5,27903,0.0,0.0
2022-12-05 09:30:00-05:00,5.550000190734863,5.760000228881836,5.5,5.519999980926514,103367,0.0,0.0
2022-12-05 10:30:00-05:00,5.505300045013428,5.559999942779541,5.460000038146973,5.510000228881836,45037,0.0,0.0
2022-12-05 11:30:00-05:00,5.489999771118164,5.519999980926514,5.449999809265137,5.449999809265137,14837,0.0,0.0
2022-12-05 12:30:00-05:00,5.454999923706055,5.45989990234375,5.389999866485596,5.389999866485596,28376,0.0,0.0
2022-12-05 13:30:00-05:00,5.409999847412109,5.440000057220459,5.400000095367432,5.409999847412109,29007,0.0,0.0
2022-12-05 14:30:00-05:00,5.400000095367432,5.420000076293945,5.380000114440918,5.389999866485596,20484,0.0,0.0
2022-12-05 15:30:00-05:00,5.397500038146973,5.429999828338623,5.397500038146973,5.420000076293945,24752,0.0,0.0
2022-12-06 09:30:00-05:00,5.400000095367432,5.400000095367432,5.110000133514404,5.159599781036377,141488,0.0,0.0
2022-12-06 10:30:00-05:00,5.119999885559082,5.159999847412109,5.099999904632568,5.130000114440918,26263,0.0,0.0
2022-12-06 11:30:00-05:00,5.139999866485596,5.150000095367432,5.119999885559082,5.130000114440918,13808,0.0,0.0
2022-12-06 12:30:00-05:00,5.125,5.125,5.03000020980835,5.039999961853027,114285,0.0,0.0
2022-12-06 13:30:00-05:00,5.03000020980835,5.050000190734863,4.920000076293945,4.920000076293945,102527,0.0,0.0
2022-12-06 14:30:00-05:00,4.929999828338623,4.940000057220459,4.880000114440918,4.914999961853027,67607,0.0,0.0
2022-12-06 15:30:00-05:00,4.914999961853027,4.920000076293945,4.900000095367432,4.909999847412109,31725,0.0,0.0
2022-12-07 09:30:00-05:00,4.960000038146973,5.019999980926514,4.800000190734863,4.804999828338623,68704,0.0,0.0
2022-12-07 10:30:00-05:00,4.808800220489502,4.929999828338623,4.804999828338623,4.849999904632568,65412,0.0,0.0
2022-12-07 11:30:00-05:00,4.85699987411499,4.869999885559082,4.760000228881836,4.764999866485596,26742,0.0,0.0
2022-12-07 12:30:00-05:00,4.769999980926514,4.800000190734863,4.764999866485596,4.778800010681152,30172,0.0,0.0
2022-12-07 13:30:00-05:00,4.7754998207092285,4.78000020980835,4.579999923706055,4.59499979019165,74418,0.0,0.0
2022-12-07 14:30:00-05:00,4.598899841308594,4.619999885559082,4.440000057220459,4.460000038146973,103790,0.0,0.0
2022-12-07 15:30:00-05:00,4.474999904632568,4.480000019073486,4.389999866485596,4.399899959564209,57934,0.0,0.0
2022-12-08 09:30:00-05:00,4.46999979019165,4.579999923706055,4.309999942779541,4.570000171661377,89317,0.0,0.0
2022-12-08 10:30:00-05:00,4.579999923706055,4.619900226593018,4.449999809265137,4.460100173950195,39074,0.0,0.0
2022-12-08 11:30:00-05:00,4.460100173950195,4.489999771118164,4.349999904632568,4.388999938964844,60668,0.0,0.0
2022-12-08 12:30:00-05:00,4.369999885559082,4.460000038146973,4.360000133514404,4.460000038146973,20981,0.0,0.0
2022-12-08 13:30:00-05:00,4.46999979019165,4.514999866485596,4.40500020980835,4.429999828338623,73264,0.0,0.0
2022-12-08 14:30:00-05:00,4.429999828338623,4.5,4.400000095367432,4.400000095367432,31904,0.0,0.0
2022-12-08 15:30:00-05:00,4.400000095367432,4.409999847412109,4.360000133514404,4.400100231170654,47645,0.0,0.0
2022-12-09 09:30:00-05:00,4.610000133514404,4.650000095367432,4.260000228881836,4.335000038146973,76169,0.0,0.0
2022-12-09 10:30:00-05:00,4.349999904632568,4.409999847412109,4.309999942779541,4.335000038146973,33512,0.0,0.0
2022-12-09 11:30:00-05:00,4.329999923706055,4.369999885559082,4.309999942779541,4.309999942779541,40033,0.0,0.0
2022-12-09 12:30:00-05:00,4.320000171661377,4.340000152587891,4.25,4.260000228881836,42649,0.0,0.0
2022-12-09 13:30:00-05:00,4.260000228881836,4.309999942779541,4.260000228881836,4.309199810028076,30391,0.0,0.0
2022-12-09 14:30:00-05:00,4.308800220489502,4.349999904632568,4.269999980926514,4.28000020980835,37890,0.0,0.0
2022-12-09 15:30:00-05:00,4.289999961853027,4.289999961853027,4.199999809265137,4.21999979019165,62473,0.0,0.0
2022-12-12 09:30:00-05:00,4.199999809265137,4.199999809265137,3.9800000190734863,4.039999961853027,212216,0.0,0.0
2022-12-12 10:30:00-05:00,4.050000190734863,4.210000038146973,4.037099838256836,4.099999904632568,94425,0.0,0.0
2022-12-12 11:30:00-05:00,4.085000038146973,4.119999885559082,4.03000020980835,4.050000190734863,67791,0.0,0.0
2022-12-12 12:30:00-05:00,4.050000190734863,4.059999942779541,3.990000009536743,3.9941000938415527,89768,0.0,0.0
2022-12-12 13:30:00-05:00,3.990000009536743,4.019999980926514,3.9605000019073486,3.990000009536743,91052,0.0,0.0
2022-12-12 14:30:00-05:00,3.990000009536743,4.0,3.9700000286102295,4.0,71590,0.0,0.0
2022-12-12 15:30:00-05:00,4.0,4.110000133514404,3.9800000190734863,4.099999904632568,162126,0.0,0.0
2022-12-13 09:30:00-05:00,4.150000095367432,4.349999904632568,4.079999923706055,4.099999904632568,240609,0.0,0.0
2022-12-13 10:30:00-05:00,4.099999904632568,4.130000114440918,4.070000171661377,4.099999904632568,54548,0.0,0.0
2022-12-13 11:30:00-05:00,4.114999771118164,4.119999885559082,4.050000190734863,4.050000190734863,35212,0.0,0.0
2022-12-13 12:30:00-05:00,4.050000190734863,4.204999923706055,4.034999847412109,4.179999828338623,71465,0.0,0.0
2022-12-13 13:30:00-05:00,4.190000057220459,4.199999809265137,4.119999885559082,4.119999885559082,46819,0.0,0.0
2022-12-13 14:30:00-05:00,4.1315999031066895,4.170000076293945,4.119999885559082,4.170000076293945,27557,0.0,0.0
2022-12-13 15:30:00-05:00,4.169000148773193,4.190000057220459,4.169000148773193,4.190000057220459,46006,0.0,0.0
2022-12-14 09:30:00-05:00,4.179999828338623,4.179999828338623,4.0,4.159999847412109,70480,0.0,0.0
2022-12-14 10:30:00-05:00,4.159999847412109,4.170000076293945,4.050000190734863,4.059999942779541,122500,0.0,0.0
2022-12-14 11:30:00-05:00,4.078999996185303,4.110000133514404,4.03000020980835,4.110000133514404,51316,0.0,0.0
2022-12-14 12:30:00-05:00,4.110000133514404,4.210000038146973,4.099999904632568,4.201499938964844,52117,0.0,0.0
2022-12-14 13:30:00-05:00,4.21999979019165,4.25,4.170000076293945,4.199999809265137,74761,0.0,0.0
2022-12-14 14:30:00-05:00,4.210000038146973,4.329999923706055,4.139999866485596,4.28000020980835,64479,0.0,0.0
2022-12-14 15:30:00-05:00,4.260000228881836,4.269999980926514,4.210000038146973,4.230000019073486,60293,0.0,0.0
2022-12-15 09:30:00-05:00,4.110000133514404,4.110000133514404,3.890000104904175,4.065000057220459,189526,0.0,0.0
2022-12-15 10:30:00-05:00,4.065000057220459,4.110000133514404,4.0,4.039999961853027,66485,0.0,0.0
2022-12-15 11:30:00-05:00,4.039999961853027,4.159999847412109,4.039999961853027,4.159999847412109,43448,0.0,0.0
2022-12-15 12:30:00-05:00,4.170000076293945,4.199999809265137,4.019999980926514,4.079999923706055,78821,0.0,0.0
2022-12-15 13:30:00-05:00,4.079999923706055,4.090000152587891,4.019999980926514,4.050000190734863,57710,0.0,0.0
2022-12-15 14:30:00-05:00,4.050000190734863,4.150000095367432,4.050000190734863,4.119999885559082,90413,0.0,0.0
2022-12-15 15:30:00-05:00,4.119999885559082,4.119999885559082,4.03000020980835,4.050000190734863,53968,0.0,0.0
2022-12-16 09:30:00-05:00,3.9800000190734863,4.128499984741211,3.9100000858306885,3.936000108718872,72508,0.0,0.0
2022-12-16 10:30:00-05:00,3.9200000762939453,4.0,3.9000000953674316,3.9600000381469727,38752,0.0,0.0
2022-12-16 11:30:00-05:00,3.9649999141693115,3.9800000190734863,3.9100000858306885,3.950000047683716,19551,0.0,0.0
2022-12-16 12:30:00-05:00,3.950000047683716,3.9749999046325684,3.9400999546051025,3.9700000286102295,27280,0.0,0.0
2022-12-16 13:30:00-05:00,3.9700000286102295,3.9800000190734863,3.9200000762939453,3.9200000762939453,30772,0.0,0.0
2022-12-16 14:30:00-05:00,3.9200000762939453,3.9700000286102295,3.9000000953674316,3.950000047683716,45411,0.0,0.0
2022-12-16 15:30:00-05:00,3.950000047683716,4.0,3.9000000953674316,3.950000047683716,219882,0.0,0.0
2022-12-19 09:30:00-05:00,3.990000009536743,4.0,3.759999990463257,3.869999885559082,67522,0.0,0.0
2022-12-19 10:30:00-05:00,3.869999885559082,3.869999885559082,3.674999952316284,3.700000047683716,53878,0.0,0.0
2022-12-19 11:30:00-05:00,3.7100000381469727,3.7200000286102295,3.6500000953674316,3.6500000953674316,51563,0.0,0.0
2022-12-19 12:30:00-05:00,3.640000104904175,3.680000066757202,3.6019999980926514,3.6600000858306885,33318,0.0,0.0
2022-12-19 13:30:00-05:00,3.6700000762939453,3.700000047683716,3.6050000190734863,3.609999895095825,52476,0.0,0.0
2022-12-19 14:30:00-05:00,3.619999885559082,3.680000066757202,3.5999999046325684,3.619999885559082,57125,0.0,0.0
2022-12-19 15:30:00-05:00,3.619999885559082,3.619999885559082,3.552000045776367,3.569999933242798,41700,0.0,0.0
2022-12-20 09:30:00-05:00,3.5799999237060547,3.759999990463257,3.549999952316284,3.75,92458,0.0,0.0
2022-12-20 10:30:00-05:00,3.7599000930786133,3.799999952316284,3.75,3.7699999809265137,57170,0.0,0.0
2022-12-20 11:30:00-05:00,3.7899999618530273,3.799999952316284,3.7799999713897705,3.799999952316284,33475,0.0,0.0
2022-12-20 12:30:00-05:00,3.7950000762939453,3.859999895095825,3.780100107192993,3.7850000858306885,40070,0.0,0.0
2022-12-20 13:30:00-05:00,3.7850000858306885,3.809999942779541,3.7300000190734863,3.740000009536743,33587,0.0,0.0
2022-12-20 14:30:00-05:00,3.75,3.759999990463257,3.7100000381469727,3.7300000190734863,29436,0.0,0.0
2022-12-20 15:30:00-05:00,3.740000009536743,3.75,3.7049999237060547,3.7100000381469727,39047,0.0,0.0
2022-12-21 09:30:00-05:00,3.759999990463257,3.759999990463257,3.619999885559082,3.6600000858306885,58168,0.0,0.0
2022-12-21 10:30:00-05:00,3.6500000953674316,3.700000047683716,3.6113998889923096,3.630000114440918,55553,0.0,0.0
2022-12-21 11:30:00-05:00,3.640000104904175,3.6700000762939453,3.549999952316284,3.5799999237060547,45610,0.0,0.0
2022-12-21 12:30:00-05:00,3.5799999237060547,3.5799999237060547,3.5,3.5199999809265137,54117,0.0,0.0
2022-12-21 13:30:00-05:00,3.5299999713897705,3.569999933242798,3.509999990463257,3.509999990463257,57252,0.0,0.0
2022-12-21 14:30:00-05:00,3.529900074005127,3.5299999713897705,3.4700000286102295,3.4797000885009766,74334,0.0,0.0
2022-12-21 15:30:00-05:00,3.4800000190734863,3.4800000190734863,3.4170000553131104,3.449899911880493,101077,0.0,0.0
2022-12-22 09:30:00-05:00,3.5000998973846436,3.75,3.4700000286102295,3.5899999141693115,198682,0.0,0.0
2022-12-22 10:30:00-05:00,3.5799999237060547,3.619999885559082,3.4600000381469727,3.5899999141693115,74022,0.0,0.0
2022-12-22 11:30:00-05:00,3.5899999141693115,3.619999885559082,3.5299999713897705,3.5350000858306885,82183,0.0,0.0
2022-12-22 12:30:00-05:00,3.5299999713897705,3.619999885559082,3.5299999713897705,3.5799999237060547,76792,0.0,0.0
2022-12-22 13:30:00-05:00,3.5655999183654785,3.609999895095825,3.509999990463257,3.571199893951416,71727,0.0,0.0
2022-12-22 14:30:00-05:00,3.559999942779541,3.609999895095825,3.559999942779541,3.5799999237060547,113319,0.0,0.0
2022-12-22 15:30:00-05:00,3.569999933242798,3.5799999237060547,3.4800000190734863,3.5299999713897705,66631,0.0,0.0
2022-12-23 09:30:00-05:00,3.559999942779541,3.6700000762939453,3.509999990463257,3.5799999237060547,98696,0.0,0.0
2022-12-23 10:30:00-05:00,3.5799999237060547,3.5799999237060547,3.4800000190734863,3.5,58803,0.0,0.0
2022-12-23 11:30:00-05:00,3.509999990463257,3.5850000381469727,3.490000009536743,3.5399999618530273,20912,0.0,0.0
2022-12-23 12:30:00-05:00,3.5399999618530273,3.5399999618530273,3.4700000286102295,3.509999990463257,27721,0.0,0.0
2022-12-23 13:30:00-05:00,3.515000104904175,3.5299999713897705,3.4600000381469727,3.471299886703491,39970,0.0,0.0
2022-12-23 14:30:00-05:00,3.4800000190734863,3.5199999809265137,3.450000047683716,3.4800000190734863,49829,0.0,0.0
2022-12-23 15:30:00-05:00,3.490000009536743,3.5199999809265137,3.4800000190734863,3.494999885559082,66835,0.0,0.0
2022-12-27 09:30:00-05:00,3.490000009536743,3.5899999141693115,3.369999885559082,3.4800000190734863,148884,0.0,0.0
2022-12-27 10:30:00-05:00,3.4700000286102295,3.5,3.369999885559082,3.4600000381469727,69559,0.0,0.0
2022-12-27 11:30:00-05:00,3.4600000381469727,3.4800000190734863,3.369999885559082,3.369999885559082,63466,0.0,0.0
2022-12-27 12:30:00-05:00,3.369999885559082,3.390000104904175,3.309999942779541,3.3499999046325684,96621,0.0,0.0
2022-12-27 13:30:00-05:00,3.3499999046325684,3.369999885559082,3.299999952316284,3.305000066757202,71250,0.0,0.0
2022-12-27 14:30:00-05:00,3.305000066757202,3.319999933242798,3.2500998973846436,3.2899999618530273,86922,0.0,0.0
2022-12-27 15:30:00-05:00,3.2850000858306885,3.309999942779541,3.2100000381469727,3.2100000381469727,111406,0.0,0.0
2022-12-28 09:30:00-05:00,3.200000047683716,3.4800000190734863,3.140000104904175,3.375,153375,0.0,0.0
2022-12-28 10:30:00-05:00,3.365999937057495,3.390000104904175,3.309999942779541,3.390000104904175,92086,0.0,0.0
2022-12-28 11:30:00-05:00,3.390000104904175,3.4800000190734863,3.380000114440918,3.4700000286102295,65732,0.0,0.0
2022-12-28 12:30:00-05:00,3.4700000286102295,3.5,3.430000066757202,3.430000066757202,74649,0.0,0.0
2022-12-28 13:30:00-05:00,3.430000066757202,3.440000057220459,3.390000104904175,3.430000066757202,55590,0.0,0.0
2022-12-28 14:30:00-05:00,3.430000066757202,3.440000057220459,3.299999952316284,3.3550000190734863,73607,0.0,0.0
2022-12-28 15:30:00-05:00,3.3499999046325684,3.390000104904175,3.3299999237060547,3.3299999237060547,84380,0.0,0.0
2022-12-29 09:30:00-05:00,3.3299999237060547,3.5,3.3299999237060547,3.4000000953674316,104464,0.0,0.0
2022-12-29 10:30:00-05:00,3.4100000858306885,3.509999990463257,3.4000000953674316,3.4800000190734863,79489,0.0,0.0
2022-12-29 11:30:00-05:00,3.5,3.509999990463257,3.4005000591278076,3.4149999618530273,93207,0.0,0.0
2022-12-29 12:30:00-05:00,3.4200000762939453,3.430000066757202,3.359999895095825,3.4200000762939453,71710,0.0,0.0
2022-12-29 13:30:00-05:00,3.4200000762939453,3.490000009536743,3.410900115966797,3.490000009536743,71686,0.0,0.0
2022-12-29 14:30:00-05:00,3.490000009536743,3.490000009536743,3.4049999713897705,3.424999952316284,85252,0.0,0.0
2022-12-29 15:30:00-05:00,3.424999952316284,3.4800000190734863,3.2899999618530273,3.3399999141693115,205522,0.0,0.0
2022-12-30 09:30:00-05:00,3.299999952316284,3.5299999713897705,3.299999952316284,3.501800060272217,124779,0.0,0.0
2022-12-30 10:30:00-05:00,3.509999990463257,3.549999952316284,3.4800000190734863,3.5,90432,0.0,0.0
2022-12-30 11:30:00-05:00,3.5,3.509999990463257,3.4800000190734863,3.494999885559082,39676,0.0,0.0
2022-12-30 12:30:00-05:00,3.494999885559082,3.509999990463257,3.4700000286102295,3.4800000190734863,59532,0.0,0.0
2022-12-30 13:30:00-05:00,3.470099925994873,3.509999990463257,3.470099925994873,3.5,49422,0.0,0.0
2022-12-30 14:30:00-05:00,3.5,3.569999933242798,3.494999885559082,3.565000057220459,93601,0.0,0.0
2022-12-30 15:30:00-05:00,3.569999933242798,3.5999999046325684,3.559999942779541,3.5799999237060547,150703,0.0,0.0
2023-01-03 09:30:00-05:00,3.5899999141693115,3.690000057220459,3.434999942779541,3.4700000286102295,85695,0.0,0.0
2023-01-03 10:30:00-05:00,3.4649999141693115,3.494999885559082,3.380000114440918,3.3949999809265137,67304,0.0,0.0
2023-01-03 11:30:00-05:00,3.3949999809265137,3.450000047683716,3.359999895095825,3.450000047683716,57978,0.0,0.0
2023-01-03 12:30:00-05:00,3.4600000381469727,3.4800000190734863,3.369999885559082,3.369999885559082,25373,0.0,0.0
2023-01-03 13:30:00-05:00,3.369999885559082,3.390000104904175,3.299999952316284,3.369999885559082,93421,0.0,0.0
2023-01-03 14:30:00-05:00,3.369999885559082,3.3949999809265137,3.3499999046325684,3.369999885559082,30893,0.0,0.0
2023-01-03 15:30:00-05:00,3.369999885559082,3.4200000762939453,3.369999885559082,3.4149999618530273,48404,0.0,0.0
2023-01-04 09:30:00-05:00,3.450000047683716,3.509999990463257,3.299999952316284,3.4700000286102295,108618,0.0,0.0
2023-01-04 10:30:00-05:00,3.4700000286102295,3.4700000286102295,3.430000066757202,3.444999933242798,59260,0.0,0.0
2023-01-04 11:30:00-05:00,3.450000047683716,3.5,3.4100000858306885,3.4200000762939453,77807,0.0,0.0
2023-01-04 12:30:00-05:00,3.4200000762939453,3.450000047683716,3.359999895095825,3.380000114440918,77224,0.0,0.0
2023-01-04 13:30:00-05:00,3.380000114440918,3.430000066757202,3.369999885559082,3.390000104904175,59151,0.0,0.0
2023-01-04 14:30:00-05:00,3.390000104904175,3.430000066757202,3.380000114440918,3.4200000762939453,65657,0.0,0.0
2023-01-04 15:30:00-05:00,3.4200000762939453,3.5299999713897705,3.4000000953674316,3.494999885559082,62902,0.0,0.0
2023-01-05 09:30:00-05:00,3.559999942779541,3.75,3.359999895095825,3.7300000190734863,85125,0.0,0.0
2023-01-05 10:30:00-05:00,3.7300000190734863,4.016200065612793,3.7200000286102295,3.9488000869750977,133868,0.0,0.0
2023-01-05 11:30:00-05:00,3.944999933242798,4.079999923706055,3.944999933242798,4.049900054931641,106233,0.0,0.0
2023-01-05 12:30:00-05:00,4.049900054931641,4.074999809265137,3.9700000286102295,4.065000057220459,64025,0.0,0.0
2023-01-05 13:30:00-05:00,4.070000171661377,4.099999904632568,4.039999961853027,4.039999961853027,78224,0.0,0.0
2023-01-05 14:30:00-05:00,4.034999847412109,4.099999904632568,4.03000020980835,4.099999904632568,70652,0.0,0.0
2023-01-05 15:30:00-05:00,4.099999904632568,4.190000057220459,4.090000152587891,4.130000114440918,103770,0.0,0.0
2023-01-06 09:30:00-05:00,4.170000076293945,4.210000038146973,3.9000000953674316,4.031000137329102,129919,0.0,0.0
2023-01-06 10:30:00-05:00,4.037499904632568,4.110000133514404,4.0,4.050000190734863,63308,0.0,0.0
2023-01-06 11:30:00-05:00,4.059999942779541,4.059999942779541,4.0,4.0,53766,0.0,0.0
2023-01-06 12:30:00-05:00,4.005000114440918,4.110000133514404,4.0,4.110000133514404,29191,0.0,0.0
2023-01-06 13:30:00-05:00,4.105000019073486,4.199999809265137,4.099999904632568,4.139999866485596,45628,0.0,0.0
2023-01-06 14:30:00-05:00,4.144999980926514,4.224999904632568,4.130000114440918,4.204999923706055,44303,0.0,0.0
2023-01-06 15:30:00-05:00,4.199999809265137,4.269999980926514,4.199999809265137,4.244999885559082,48922,0.0,0.0
2023-01-09 09:30:00-05:00,4.550000190734863,4.75,4.460000038146973,4.570000171661377,241156,0.0,0.0
2023-01-09 10:30:00-05:00,4.577000141143799,4.75,4.539999961853027,4.699999809265137,113524,0.0,0.0
2023-01-09 11:30:00-05:00,4.6859002113342285,4.75,4.639999866485596,4.735000133514404,100283,0.0,0.0
2023-01-09 12:30:00-05:00,4.730000019073486,4.730000019073486,4.570000171661377,4.619999885559082,85859,0.0,0.0
2023-01-09 13:30:00-05:00,4.610000133514404,4.619999885559082,4.559999942779541,4.590000152587891,50569,0.0,0.0
2023-01-09 14:30:00-05:00,4.599999904632568,4.619999885559082,4.489999771118164,4.505000114440918,72962,0.0,0.0
2023-01-09 15:30:00-05:00,4.505000114440918,4.53000020980835,4.5,4.519999980926514,70285,0.0,0.0
2023-01-10 09:30:00-05:00,4.53000020980835,4.5366997718811035,4.03000020980835,4.038899898529053,285318,0.0,0.0
2023-01-10 10:30:00-05:00,4.039899826049805,4.050000190734863,4.019999980926514,4.03000020980835,81217,0.0,0.0
2023-01-10 11:30:00-05:00,4.039999961853027,4.049799919128418,3.9500999450683594,4.0,117834,0.0,0.0
2023-01-10 12:30:00-05:00,3.990000009536743,4.019999980926514,3.970099925994873,4.010000228881836,65285,0.0,0.0
2023-01-10 13:30:00-05:00,4.007999897003174,4.039999961853027,3.990000009536743,4.025000095367432,107413,0.0,0.0
2023-01-10 14:30:00-05:00,4.021500110626221,4.028900146484375,3.9700000286102295,3.9800000190734863,99973,0.0,0.0
2023-01-10 15:30:00-05:00,3.984999895095825,4.010000228881836,3.9800000190734863,3.990600109100342,72440,0.0,0.0
2023-01-11 09:30:00-05:00,4.110000133514404,4.110000133514404,3.9000000953674316,3.9899001121520996,194630,0.0,0.0
2023-01-11 10:30:00-05:00,3.9800000190734863,3.9800000190734863,3.950000047683716,3.9588000774383545,44050,0.0,0.0
2023-01-11 11:30:00-05:00,3.9549999237060547,3.9700000286102295,3.9200000762939453,3.9695000648498535,46315,0.0,0.0
2023-01-11 12:30:00-05:00,3.9637999534606934,4.019999980926514,3.9600000381469727,4.019999980926514,29440,0.0,0.0
2023-01-11 13:30:00-05:00,4.014999866485596,4.079999923706055,4.014999866485596,4.059999942779541,49262,0.0,0.0
2023-01-11 14:30:00-05:00,4.054999828338623,4.25,4.050000190734863,4.224999904632568,71459,0.0,0.0
2023-01-11 15:30:00-05:00,4.224999904632568,4.25,4.179999828338623,4.199999809265137,111853,0.0,0.0
2023-01-12 09:30:00-05:00,4.260000228881836,4.309999942779541,4.131999969482422,4.199999809265137,70631,0.0,0.0
2023-01-12 10:30:00-05:00,4.197800159454346,4.239999771118164,4.179999828338623,4.210000038146973,18847,0.0,0.0
2023-01-12 11:30:00-05:00,4.210000038146973,4.360000133514404,4.171000003814697,4.324999809265137,31381,0.0,0.0
2023-01-12 12:30:00-05:00,4.330599784851074,4.360000133514404,4.300000190734863,4.300000190734863,58294,0.0,0.0
2023-01-12 13:30:00-05:00,4.309999942779541,4.389900207519531,4.300000190734863,4.360000133514404,52581,0.0,0.0
2023-01-12 14:30:00-05:00,4.355000019073486,4.510000228881836,4.349999904632568,4.510000228881836,106299,0.0,0.0
2023-01-12 15:30:00-05:00,4.510000228881836,4.510000228881836,4.434999942779541,4.465000152587891,162359,0.0,0.0
2023-01-13 09:30:00-05:00,4.480000019073486,4.570000171661377,4.320000171661377,4.53000020980835,96739,0.0,0.0
2023-01-13 10:30:00-05:00,4.539999961853027,4.550000190734863,4.420000076293945,4.489999771118164,33405,0.0,0.0
2023-01-13 11:30:00-05:00,4.46999979019165,4.590000152587891,4.456399917602539,4.590000152587891,16276,0.0,0.0
2023-01-13 12:30:00-05:00,4.599999904632568,4.630000114440918,4.519999980926514,4.525599956512451,39844,0.0,0.0
2023-01-13 13:30:00-05:00,4.536300182342529,4.570000171661377,4.500999927520752,4.553899765014648,36098,0.0,0.0
2023-01-13 14:30:00-05:00,4.579999923706055,4.630000114440918,4.510000228881836,4.590000152587891,56280,0.0,0.0
2023-01-13 15:30:00-05:00,4.59499979019165,4.610000133514404,4.550000190734863,4.579999923706055,50627,0.0,0.0
2023-01-17 09:30:00-05:00,4.619999885559082,4.670000076293945,4.509900093078613,4.610000133514404,116641,0.0,0.0
2023-01-17 10:30:00-05:00,4.606200218200684,4.639999866485596,4.53000020980835,4.554999828338623,54619,0.0,0.0
2023-01-17 11:30:00-05:00,4.5493998527526855,4.559999942779541,4.519999980926514,4.537499904632568,30873,0.0,0.0
2023-01-17 12:30:00-05:00,4.53000020980835,4.559999942779541,4.519999980926514,4.53000020980835,16171,0.0,0.0
2023-01-17 13:30:00-05:00,4.53000020980835,4.550000190734863,4.510000228881836,4.529900074005127,18948,0.0,0.0
2023-01-17 14:30:00-05:00,4.510000228881836,4.554999828338623,4.510000228881836,4.550000190734863,44252,0.0,0.0
2023-01-17 15:30:00-05:00,4.550000190734863,4.570000171661377,4.460000038146973,4.53000020980835,62361,0.0,0.0
2023-01-18 09:30:00-05:00,4.599999904632568,4.757800102233887,4.525000095367432,4.695799827575684,76795,0.0,0.0
2023-01-18 10:30:00-05:00,4.671500205993652,4.690000057220459,4.579999923706055,4.639999866485596,29398,0.0,0.0
2023-01-18 11:30:00-05:00,4.659999847412109,4.659999847412109,4.605000019073486,4.659999847412109,21280,0.0,0.0
2023-01-18 12:30:00-05:00,4.659900188446045,4.679999828338623,4.590000152587891,4.590000152587891,29783,0.0,0.0
2023-01-18 13:30:00-05:00,4.585000038146973,4.650000095367432,4.581500053405762,4.590000152587891,37578,0.0,0.0
2023-01-18 14:30:00-05:00,4.590000152587891,4.619999885559082,4.590000152587891,4.590000152587891,28332,0.0,0.0
2023-01-18 15:30:00-05:00,4.59499979019165,4.630000114440918,4.570000171661377,4.579999923706055,85578,0.0,0.0
2023-01-19 09:30:00-05:00,4.440000057220459,4.440000057220459,4.199999809265137,4.309999942779541,150102,0.0,0.0
2023-01-19 10:30:00-05:00,4.284999847412109,4.360000133514404,4.230000019073486,4.28000020980835,75239,0.0,0.0
2023-01-19 11:30:00-05:00,4.289999961853027,4.320000171661377,4.230000019073486,4.239999771118164,49610,0.0,0.0
2023-01-19 12:30:00-05:00,4.2399001121521,4.289999961853027,4.2399001121521,4.289999961853027,30066,0.0,0.0
2023-01-19 13:30:00-05:00,4.289999961853027,4.320000171661377,4.250100135803223,4.271399974822998,32782,0.0,0.0
2023-01-19 14:30:00-05:00,4.269999980926514,4.340000152587891,4.269999980926514,4.320000171661377,52480,0.0,0.0
2023-01-19 15:30:00-05:00,4.315000057220459,4.380000114440918,4.309999942779541,4.349999904632568,97273,0.0,0.0
2023-01-20 09:30:00-05:00,4.369999885559082,4.690000057220459,4.340000152587891,4.650000095367432,120093,0.0,0.0
2023-01-20 10:30:00-05:00,4.639999866485596,4.669899940490723,4.581999778747559,4.639999866485596,31366,0.0,0.0
2023-01-20 11:30:00-05:00,4.639999866485596,4.715000152587891,4.599999904632568,4.679999828338623,72460,0.0,0.0
2023-01-20 12:30:00-05:00,4.690000057220459,4.690000057220459,4.644999980926514,4.659999847412109,34634,0.0,0.0
2023-01-20 13:30:00-05:00,4.659999847412109,4.699999809265137,4.659599781036377,4.699999809265137,31298,0.0,0.0
2023-01-20 14:30:00-05:00,4.6981000900268555,4.699999809265137,4.625,4.670000076293945,64393,0.0,0.0
2023-01-20 15:30:00-05:00,4.659999847412109,4.75,4.659999847412109,4.730000019073486,72930,0.0,0.0
2023-01-23 09:30:00-05:00,4.71999979019165,4.920000076293945,4.650000095367432,4.822500228881836,174071,0.0,0.0
2023-01-23 10:30:00-05:00,4.809999942779541,4.949999809265137,4.800000190734863,4.869999885559082,170404,0.0,0.0
2023-01-23 11:30:00-05:00,4.880000114440918,4.929999828338623,4.840000152587891,4.889999866485596,47316,0.0,0.0
2023-01-23 12:30:00-05:00,4.889999866485596,4.909999847412109,4.88100004196167,4.90880012512207,46418,0.0,0.0
2023-01-23 13:30:00-05:00,4.900000095367432,4.909999847412109,4.864999771118164,4.908999919891357,53517,0.0,0.0
2023-01-23 14:30:00-05:00,4.909999847412109,5.0,4.869999885559082,4.980000019073486,153810,0.0,0.0
2023-01-23 15:30:00-05:00,4.980000019073486,4.989999771118164,4.949999809265137,4.980000019073486,69054,0.0,0.0
2023-01-24 09:30:00-05:00,4.949999809265137,5.170000076293945,4.900000095367432,4.960000038146973,96623,0.0,0.0
2023-01-24 10:30:00-05:00,4.960000038146973,5.099999904632568,4.960000038146973,5.082600116729736,33728,0.0,0.0
2023-01-24 11:30:00-05:00,5.10129976272583,5.170000076293945,5.079999923706055,5.139999866485596,74895,0.0,0.0
2023-01-24 12:30:00-05:00,5.135000228881836,5.18120002746582,5.099999904632568,5.130000114440918,48350,0.0,0.0
2023-01-24 13:30:00-05:00,5.130000114440918,5.197199821472168,5.129899978637695,5.179999828338623,38200,0.0,0.0
2023-01-24 14:30:00-05:00,5.150000095367432,5.179999828338623,5.070000171661377,5.110000133514404,67811,0.0,0.0
2023-01-24 15:30:00-05:00,5.110000133514404,5.150000095367432,5.039999961853027,5.045000076293945,109710,0.0,0.0
2023-01-25 09:30:00-05:00,4.949999809265137,4.989999771118164,4.800000190734863,4.860000133514404,62269,0.0,0.0
2023-01-25 10:30:00-05:00,4.880000114440918,4.960000038146973,4.820000171661377,4.960000038146973,93082,0.0,0.0
2023-01-25 11:30:00-05:00,4.960000038146973,5.110000133514404,4.960000038146973,5.050000190734863,67777,0.0,0.0
2023-01-25 12:30:00-05:00,5.050000190734863,5.159999847412109,5.030099868774414,5.150000095367432,55596,0.0,0.0
2023-01-25 13:30:00-05:00,5.159999847412109,5.28000020980835,5.119999885559082,5.22130012512207,92061,0.0,0.0
2023-01-25 14:30:00-05:00,5.230000019073486,5.300000190734863,5.190000057220459,5.239999771118164,141329,0.0,0.0
2023-01-25 15:30:00-05:00,5.239999771118164,5.25,5.105000019073486,5.130000114440918,173003,0.0,0.0
2023-01-26 09:30:00-05:00,5.179999828338623,5.28000020980835,5.050000190734863,5.199999809265137,253874,0.0,0.0
2023-01-26 10:30:00-05:00,5.210000038146973,5.264999866485596,5.139999866485596,5.199999809265137,96220,0.0,0.0
2023-01-26 11:30:00-05:00,5.210000038146973,5.28000020980835,5.170100212097168,5.25600004196167,38975,0.0,0.0
2023-01-26 12:30:00-05:00,5.260000228881836,5.300000190734863,5.259900093078613,5.260000228881836,45067,0.0,0.0
2023-01-26 13:30:00-05:00,5.2729997634887695,5.300000190734863,5.210000038146973,5.25,96480,0.0,0.0
2023-01-26 14:30:00-05:00,5.269999980926514,5.300000190734863,5.199999809265137,5.300000190734863,73458,0.0,0.0
2023-01-26 15:30:00-05:00,5.289999961853027,5.340000152587891,5.269999980926514,5.320000171661377,191169,0.0,0.0
2023-01-27 09:30:00-05:00,5.349999904632568,5.400000095367432,5.21999979019165,5.360000133514404,129646,0.0,0.0
2023-01-27 10:30:00-05:00,5.365600109100342,5.365600109100342,5.28000020980835,5.28000020980835,58459,0.0,0.0
2023-01-27 11:30:00-05:00,5.28000020980835,5.5,5.28000020980835,5.5,80234,0.0,0.0
2023-01-27 12:30:00-05:00,5.480000019073486,5.570000171661377,5.445000171661377,5.496500015258789,122755,0.0,0.0
2023-01-27 13:30:00-05:00,5.491000175476074,5.610000133514404,5.440000057220459,5.53000020980835,97983,0.0,0.0
2023-01-27 14:30:00-05:00,5.53000020980835,5.710000038146973,5.489999771118164,5.690000057220459,93800,0.0,0.0
2023-01-27 15:30:00-05:00,5.670000076293945,5.679999828338623,5.579999923706055,5.650000095367432,78717,0.0,0.0
2023-01-30 09:30:00-05:00,5.769999980926514,5.789999961853027,5.360000133514404,5.465000152587891,341191,0.0,0.0
2023-01-30 10:30:00-05:00,5.474999904632568,5.550000190734863,5.340000152587891,5.489999771118164,199425,0.0,0.0
2023-01-30 11:30:00-05:00,5.5,5.510000228881836,5.320000171661377,5.400000095367432,191254,0.0,0.0
2023-01-30 12:30:00-05:00,5.409999847412109,5.440000057220459,5.340000152587891,5.389999866485596,100741,0.0,0.0
2023-01-30 13:30:00-05:00,5.389999866485596,5.400000095367432,5.269999980926514,5.309999942779541,130896,0.0,0.0
2023-01-30 14:30:00-05:00,5.300000190734863,5.389999866485596,5.295000076293945,5.340000152587891,102471,0.0,0.0
2023-01-30 15:30:00-05:00,5.329999923706055,5.409999847412109,5.309999942779541,5.409999847412109,99028,0.0,0.0
2023-01-31 09:30:00-05:00,5.420000076293945,5.550000190734863,5.420000076293945,5.510000228881836,100408,0.0,0.0
2023-01-31 10:30:00-05:00,5.514999866485596,5.699999809265137,5.508800029754639,5.550000190734863,60315,0.0,0.0
2023-01-31 11:30:00-05:00,5.550000190734863,5.554999828338623,5.5,5.519999980926514,21193,0.0,0.0
2023-01-31 12:30:00-05:00,5.519999980926514,5.539999961853027,5.480000019073486,5.53000020980835,24863,0.0,0.0
2023-01-31 13:30:00-05:00,5.519999980926514,5.550000190734863,5.46999979019165,5.550000190734863,24048,0.0,0.0
2023-01-31 14:30:00-05:00,5.53000020980835,5.590000152587891,5.510000228881836,5.528500080108643,43143,0.0,0.0
2023-01-31 15:30:00-05:00,5.519999980926514,5.610000133514404,5.519999980926514,5.590000152587891,69721,0.0,0.0
2023-02-01 09:30:00-05:00,5.699999809265137,5.699999809265137,5.400000095367432,5.420000076293945,170529,0.0,0.0
2023-02-01 10:30:00-05:00,5.432199954986572,5.519999980926514,5.380000114440918,5.409999847412109,99069,0.0,0.0
2023-02-01 11:30:00-05:00,5.404099941253662,5.418099880218506,5.375,5.390999794006348,38067,0.0,0.0
2023-02-01 12:30:00-05:00,5.399899959564209,5.440000057220459,5.380000114440918,5.409999847412109,18330,0.0,0.0
2023-02-01 13:30:00-05:00,5.409999847412109,5.46999979019165,5.380000114440918,5.429999828338623,47604,0.0,0.0
2023-02-01 14:30:00-05:00,5.420000076293945,5.590000152587891,5.362500190734863,5.590000152587891,136172,0.0,0.0
2023-02-01 15:30:00-05:00,5.599999904632568,5.630000114440918,5.5,5.510000228881836,69936,0.0,0.0
2023-02-02 09:30:00-05:00,5.739999771118164,5.757299900054932,5.630000114440918,5.680099964141846,148479,0.0,0.0
2023-02-02 10:30:00-05:00,5.699999809265137,5.800000190734863,5.659999847412109,5.710000038146973,91080,0.0,0.0
2023-02-02 11:30:00-05:00,5.700099945068359,5.739999771118164,5.659999847412109,5.710000038146973,38721,0.0,0.0
2023-02-02 12:30:00-05:00,5.710000038146973,5.769999980926514,5.670000076293945,5.75,269218,0.0,0.0
2023-02-02 13:30:00-05:00,5.75,5.869999885559082,5.75,5.7845001220703125,109537,0.0,0.0
2023-02-02 14:30:00-05:00,5.78000020980835,5.800000190734863,5.659999847412109,5.739999771118164,213770,0.0,0.0
2023-02-02 15:30:00-05:00,5.735000133514404,5.829999923706055,5.71999979019165,5.829999923706055,134430,0.0,0.0
2023-02-03 09:30:00-05:00,5.800000190734863,6.119999885559082,5.699999809265137,6.099899768829346,185607,0.0,0.0
2023-02-03 10:30:00-05:00,6.099999904632568,6.110000133514404,5.980000019073486,6.070000171661377,78426,0.0,0.0
2023-02-03 11:30:00-05:00,6.079999923706055,6.174499988555908,6.019999980926514,6.174499988555908,73623,0.0,0.0
2023-02-03 12:30:00-05:00,6.171999931335449,6.21999979019165,5.954999923706055,5.960000038146973,43035,0.0,0.0
2023-02-03 13:30:00-05:00,5.960000038146973,6.179999828338623,5.920000076293945,5.989999771118164,207862,0.0,0.0
2023-02-03 14:30:00-05:00,5.980000019073486,5.994999885559082,5.900000095367432,5.980000019073486,25554,0.0,0.0
2023-02-03 15:30:00-05:00,5.96999979019165,5.96999979019165,5.871200084686279,5.909999847412109,53875,0.0,0.0
2023-02-06 09:30:00-05:00,5.889999866485596,5.940000057220459,5.630000114440918,5.78000020980835,130474,0.0,0.0
2023-02-06 10:30:00-05:00,5.772799968719482,5.828700065612793,5.690000057220459,5.828700065612793,117214,0.0,0.0
2023-02-06 11:30:00-05:00,5.820000171661377,5.84499979019165,5.659999847412109,5.678500175476074,41161,0.0,0.0
2023-02-06 12:30:00-05:00,5.679999828338623,5.690000057220459,5.610000133514404,5.625,27991,0.0,0.0
2023-02-06 13:30:00-05:00,5.619999885559082,5.659999847412109,5.600100040435791,5.639999866485596,50797,0.0,0.0
2023-02-06 14:30:00-05:00,5.630099773406982,5.71999979019165,5.619999885559082,5.710000038146973,62823,0.0,0.0
2023-02-06 15:30:00-05:00,5.710000038146973,5.730000019073486,5.650000095367432,5.71999979019165,52386,0.0,0.0
2023-02-07 09:30:00-05:00,5.679999828338623,5.690000057220459,5.28000020980835,5.28000020980835,314506,0.0,0.0
2023-02-07 10:30:00-05:00,5.28000020980835,5.397200107574463,5.230000019073486,5.380000114440918,105346,0.0,0.0
2023-02-07 11:30:00-05:00,5.340000152587891,5.389999866485596,5.289999961853027,5.289999961853027,107623,0.0,0.0
2023-02-07 12:30:00-05:00,5.289999961853027,5.389999866485596,5.264999866485596,5.329999923706055,124387,0.0,0.0
2023-02-07 13:30:00-05:00,5.309999942779541,5.429999828338623,5.269999980926514,5.389999866485596,78191,0.0,0.0
2023-02-07 14:30:00-05:00,5.389999866485596,5.5,5.369999885559082,5.489999771118164,56080,0.0,0.0
2023-02-07 15:30:00-05:00,5.489999771118164,5.550000190734863,5.460000038146973,5.519999980926514,63981,0.0,0.0
2023-02-08 09:30:00-05:00,5.429999828338623,5.599999904632568,5.380000114440918,5.510000228881836,45213,0.0,0.0
2023-02-08 10:30:00-05:00,5.510000228881836,5.514200210571289,5.449999809265137,5.460000038146973,39090,0.0,0.0
2023-02-08 11:30:00-05:00,5.449999809265137,5.449999809265137,5.380000114440918,5.420000076293945,24157,0.0,0.0
2023-02-08 12:30:00-05:00,5.429999828338623,5.46999979019165,5.409999847412109,5.460000038146973,28407,0.0,0.0
2023-02-08 13:30:00-05:00,5.46999979019165,5.5289998054504395,5.440000057220459,5.519999980926514,20790,0.0,0.0
2023-02-08 14:30:00-05:00,5.519999980926514,5.545000076293945,5.449999809265137,5.449999809265137,52371,0.0,0.0
2023-02-08 15:30:00-05:00,5.454999923706055,5.474999904632568,5.420000076293945,5.429999828338623,66925,0.0,0.0
2023-02-09 09:30:00-05:00,5.510000228881836,5.554999828338623,5.260000228881836,5.2779998779296875,126634,0.0,0.0
2023-02-09 10:30:00-05:00,5.273200035095215,5.273200035095215,5.099999904632568,5.150000095367432,199682,0.0,0.0
2023-02-09 11:30:00-05:00,5.169899940490723,5.269999980926514,5.110000133514404,5.262800216674805,69521,0.0,0.0
2023-02-09 12:30:00-05:00,5.25,5.300000190734863,5.190000057220459,5.260000228881836,57822,0.0,0.0
2023-02-09 13:30:00-05:00,5.269999980926514,5.269999980926514,5.170000076293945,5.199999809265137,22839,0.0,0.0
2023-02-09 14:30:00-05:00,5.204999923706055,5.244999885559082,5.179999828338623,5.21999979019165,59814,0.0,0.0
2023-02-09 15:30:00-05:00,5.210899829864502,5.300000190734863,5.199999809265137,5.269999980926514,103961,0.0,0.0
2023-02-10 09:30:00-05:00,5.159999847412109,5.198299884796143,5.050000190734863,5.16349983215332,37501,0.0,0.0
2023-02-10 10:30:00-05:00,5.164999961853027,5.21999979019165,5.099999904632568,5.15500020980835,31692,0.0,0.0
2023-02-10 11:30:00-05:00,5.150000095367432,5.199999809265137,5.119999885559082,5.190000057220459,33870,0.0,0.0
2023-02-10 12:30:00-05:00,5.190000057220459,5.28000020980835,5.170000076293945,5.239999771118164,31213,0.0,0.0
2023-02-10 13:30:00-05:00,5.239999771118164,5.309999942779541,5.230000019073486,5.269999980926514,99658,0.0,0.0
2023-02-10 14:30:00-05:00,5.28000020980835,5.409999847412109,5.269999980926514,5.380000114440918,151472,0.0,0.0
2023-02-10 15:30:00-05:00,5.386899948120117,5.386899948120117,5.300000190734863,5.320000171661377,52693,0.0,0.0
2023-02-13 09:30:00-05:00,5.320000171661377,5.320000171661377,5.159999847412109,5.25,68978,0.0,0.0
2023-02-13 10:30:00-05:00,5.239999771118164,5.329999923706055,5.224999904632568,5.309999942779541,51072,0.0,0.0
2023-02-13 11:30:00-05:00,5.320000171661377,5.400000095367432,5.300000190734863,5.324999809265137,66910,0.0,0.0
2023-02-13 12:30:00-05:00,5.335000038146973,5.400000095367432,5.309999942779541,5.320000171661377,44540,0.0,0.0
2023-02-13 13:30:00-05:00,5.329899787902832,5.329999923706055,5.21999979019165,5.230000019073486,58416,0.0,0.0
2023-02-13 14:30:00-05:00,5.21999979019165,5.300000190734863,5.175000190734863,5.289999961853027,50472,0.0,0.0
2023-02-13 15:30:00-05:00,5.28000020980835,5.320000171661377,5.269999980926514,5.289999961853027,68296,0.0,0.0
2023-02-14 09:30:00-05:00,5.199999809265137,5.340000152587891,5.150000095367432,5.21999979019165,32595,0.0,0.0
2023-02-14 10:30:00-05:00,5.232999801635742,5.260000228881836,5.150000095367432,5.230000019073486,64283,0.0,0.0
2023-02-14 11:30:00-05:00,5.230000019073486,5.28000020980835,5.190000057220459,5.28000020980835,14396,0.0,0.0
2023-02-14 12:30:00-05:00,5.28000020980835,5.320000171661377,5.260000228881836,5.300000190734863,25890,0.0,0.0
2023-02-14 13:30:00-05:00,5.300000190734863,5.420000076293945,5.300000190734863,5.39109992980957,29182,0.0,0.0
2023-02-14 14:30:00-05:00,5.389999866485596,5.539999961853027,5.389999866485596,5.520100116729736,116587,0.0,0.0
2023-02-14 15:30:00-05:00,5.539999961853027,5.539999961853027,5.46999979019165,5.480000019073486,52921,0.0,0.0
2023-02-15 09:30:00-05:00,5.420000076293945,5.748000144958496,5.420000076293945,5.748000144958496,94312,0.0,0.0
2023-02-15 10:30:00-05:00,5.739999771118164,5.829999923706055,5.670000076293945,5.815000057220459,53978,0.0,0.0
2023-02-15 11:30:00-05:00,5.800000190734863,5.869999885559082,5.760000228881836,5.769999980926514,47925,0.0,0.0
2023-02-15 12:30:00-05:00,5.769999980926514,5.920000076293945,5.769999980926514,5.920000076293945,51971,0.0,0.0
2023-02-15 13:30:00-05:00,5.920000076293945,6.019999980926514,5.889999866485596,6.019999980926514,58449,0.0,0.0
2023-02-15 14:30:00-05:00,6.0,6.017399787902832,5.869999885559082,5.889999866485596,59151,0.0,0.0
2023-02-15 15:30:00-05:00,5.900000095367432,5.949999809265137,5.880099773406982,5.949999809265137,74395,0.0,0.0
2023-02-16 09:30:00-05:00,5.900000095367432,6.039999961853027,5.760000228881836,6.005000114440918,114963,0.0,0.0
2023-02-16 10:30:00-05:00,5.99970006942749,6.0,5.824999809265137,5.949999809265137,71097,0.0,0.0
2023-02-16 11:30:00-05:00,5.949999809265137,5.949999809265137,5.880000114440918,5.889999866485596,22622,0.0,0.0
2023-02-16 12:30:00-05:00,5.889900207519531,6.0,5.860000133514404,5.860000133514404,35221,0.0,0.0
2023-02-16 13:30:00-05:00,5.860000133514404,5.869999885559082,5.800000190734863,5.820000171661377,39202,0.0,0.0
2023-02-16 14:30:00-05:00,5.820000171661377,5.829999923706055,5.710000038146973,5.715000152587891,34840,0.0,0.0
2023-02-16 15:30:00-05:00,5.710000038146973,5.760000228881836,5.710000038146973,5.75,57505,0.0,0.0
2023-02-17 09:30:00-05:00,5.650000095367432,5.889999866485596,5.6092000007629395,5.75,311063,0.0,0.0
2023-02-17 10:30:00-05:00,5.75,5.800000190734863,5.730000019073486,5.75,28164,0.0,0.0
2023-02-17 11:30:00-05:00,5.75,5.899899959564209,5.75,5.760000228881836,32577,0.0,0.0
2023-02-17 12:30:00-05:00,5.764999866485596,5.820000171661377,5.727499961853027,5.795000076293945,43008,0.0,0.0
2023-02-17 13:30:00-05:00,5.769999980926514,5.820000171661377,5.769999980926514,5.78000020980835,26457,0.0,0.0
2023-02-17 14:30:00-05:00,5.800000190734863,5.829999923706055,5.75,5.769999980926514,18367,0.0,0.0
2023-02-17 15:30:00-05:00,5.764999866485596,5.900000095367432,5.75,5.829999923706055,64756,0.0,0.0
2023-02-21 09:30:00-05:00,5.960000038146973,6.079999923706055,5.880000114440918,5.989999771118164,317969,0.0,0.0
2023-02-21 10:30:00-05:00,5.982600212097168,6.09499979019165,5.909999847412109,5.920000076293945,206990,0.0,0.0
2023-02-21 11:30:00-05:00,5.929999828338623,6.059999942779541,5.920000076293945,6.037700176239014,95229,0.0,0.0
2023-02-21 12:30:00-05:00,6.03000020980835,6.159999847412109,6.019999980926514,6.039999961853027,99229,0.0,0.0
2023-02-21 13:30:00-05:00,6.039999961853027,6.159999847412109,6.03000020980835,6.139999866485596,94689,0.0,0.0
2023-02-21 14:30:00-05:00,6.139999866485596,6.309999942779541,6.130000114440918,6.264999866485596,158933,0.0,0.0
2023-02-21 15:30:00-05:00,6.264999866485596,6.349999904632568,6.244999885559082,6.284999847412109,121169,0.0,0.0
2023-02-22 09:30:00-05:00,6.320000171661377,6.53000020980835,6.019999980926514,6.110000133514404,237514,0.0,0.0
2023-02-22 10:30:00-05:00,6.130000114440918,6.195000171661377,6.070000171661377,6.090000152587891,92227,0.0,0.0
2023-02-22 11:30:00-05:00,6.0991997718811035,6.119999885559082,6.04010009765625,6.04010009765625,48120,0.0,0.0
2023-02-22 12:30:00-05:00,6.067500114440918,6.130000114440918,6.039999961853027,6.119999885559082,53108,0.0,0.0
2023-02-22 13:30:00-05:00,6.119999885559082,6.159999847412109,6.079999923706055,6.159999847412109,102524,0.0,0.0
2023-02-22 14:30:00-05:00,6.159999847412109,6.25,6.090000152587891,6.25,96308,0.0,0.0
2023-02-22 15:30:00-05:00,6.25,6.25,6.159999847412109,6.190000057220459,99634,0.0,0.0
2023-02-23 09:30:00-05:00,6.264999866485596,6.360000133514404,6.114999771118164,6.190899848937988,146940,0.0,0.0
2023-02-23 10:30:00-05:00,6.179999828338623,6.199999809265137,6.059999942779541,6.09499979019165,124113,0.0,0.0
2023-02-23 11:30:00-05:00,6.079999923706055,6.099999904632568,6.0,6.090000152587891,94940,0.0,0.0
2023-02-23 12:30:00-05:00,6.08519983291626,6.119999885559082,6.059999942779541,6.0929999351501465,23393,0.0,0.0
2023-02-23 13:30:00-05:00,6.099299907684326,6.110000133514404,6.070000171661377,6.099999904632568,44327,0.0,0.0
2023-02-23 14:30:00-05:00,6.110000133514404,6.150000095367432,6.079999923706055,6.130000114440918,50645,0.0,0.0
2023-02-23 15:30:00-05:00,6.130000114440918,6.139999866485596,6.050000190734863,6.079999923706055,80296,0.0,0.0
2023-02-24 09:30:00-05:00,6.0,6.0,5.869999885559082,5.962800025939941,119616,0.0,0.0
2023-02-24 10:30:00-05:00,5.949999809265137,5.966300010681152,5.880000114440918,5.940000057220459,40287,0.0,0.0
2023-02-24 11:30:00-05:00,5.929999828338623,5.989999771118164,5.914999961853027,5.960000038146973,26780,0.0,0.0
2023-02-24 12:30:00-05:00,5.949999809265137,5.960000038146973,5.900000095367432,5.940000057220459,36477,0.0,0.0
2023-02-24 13:30:00-05:00,5.940000057220459,5.940000057220459,5.889999866485596,5.920000076293945,30632,0.0,0.0
2023-02-24 14:30:00-05:00,5.909999847412109,5.980000019073486,5.909999847412109,5.960000038146973,32356,0.0,0.0
2023-02-24 15:30:00-05:00,5.978400230407715,5.985000133514404,5.949999809265137,5.96999979019165,58219,0.0,0.0
2023-02-27 09:30:00-05:00,6.090000152587891,6.119999885559082,5.949999809265137,6.019199848175049,80948,0.0,0.0
2023-02-27 10:30:00-05:00,6.010000228881836,6.119900226593018,5.96999979019165,6.059999942779541,60830,0.0,0.0
2023-02-27 11:30:00-05:00,6.050000190734863,6.088500022888184,5.980000019073486,5.989999771118164,59690,0.0,0.0
2023-02-27 12:30:00-05:00,5.980000019073486,6.010000228881836,5.929999828338623,5.986400127410889,38283,0.0,0.0
2023-02-27 13:30:00-05:00,5.989999771118164,6.03000020980835,5.96999979019165,5.970099925994873,55884,0.0,0.0
2023-02-27 14:30:00-05:00,5.980000019073486,5.980000019073486,5.400000095367432,5.449999809265137,499849,0.0,0.0
2023-02-27 15:30:00-05:00,5.46999979019165,5.570000171661377,5.400000095367432,5.460000038146973,252234,0.0,0.0
2023-02-28 09:30:00-05:00,5.449999809265137,5.690000057220459,5.420000076293945,5.639999866485596,54410,0.0,0.0
2023-02-28 10:30:00-05:00,5.639999866485596,5.779900074005127,5.630000114440918,5.744999885559082,33673,0.0,0.0
2023-02-28 11:30:00-05:00,5.71999979019165,5.739999771118164,5.639999866485596,5.670000076293945,38886,0.0,0.0
2023-02-28 12:30:00-05:00,5.659999847412109,5.70989990234375,5.659900188446045,5.699999809265137,16960,0.0,0.0
2023-02-28 13:30:00-05:00,5.711400032043457,5.7266998291015625,5.659999847412109,5.679999828338623,57389,0.0,0.0
2023-02-28 14:30:00-05:00,5.670000076293945,5.71999979019165,5.670000076293945,5.7058000564575195,44277,0.0,0.0
2023-02-28 15:30:00-05:00,5.710000038146973,5.730000019073486,5.650000095367432,5.65500020980835,44618,0.0,0.0
2023-03-01 09:30:00-05:00,5.400000095367432,5.489999771118164,4.579999923706055,4.869999885559082,706171,0.0,0.0
2023-03-01 10:30:00-05:00,4.900000095367432,5.130000114440918,4.889999866485596,5.050000190734863,152437,0.0,0.0
2023-03-01 11:30:00-05:00,5.059899806976318,5.099999904632568,4.945000171661377,5.054999828338623,145647,0.0,0.0
2023-03-01 12:30:00-05:00,5.059999942779541,5.275000095367432,5.059999942779541,5.275000095367432,60507,0.0,0.0
2023-03-01 13:30:00-05:00,5.2600998878479,5.28000020980835,5.230000019073486,5.255000114440918,49034,0.0,0.0
2023-03-01 14:30:00-05:00,5.25,5.420000076293945,5.230000019073486,5.410099983215332,84818,0.0,0.0
2023-03-01 15:30:00-05:00,5.425000190734863,5.429999828338623,5.360000133514404,5.420000076293945,80796,0.0,0.0
2023-03-02 09:30:00-05:00,5.300000190734863,5.400000095367432,5.200399875640869,5.400000095367432,70789,0.0,0.0
2023-03-02 10:30:00-05:00,5.400000095367432,5.501299858093262,5.389999866485596,5.440000057220459,39724,0.0,0.0
2023-03-02 11:30:00-05:00,5.450399875640869,5.501299858093262,5.409999847412109,5.501299858093262,23546,0.0,0.0
2023-03-02 12:30:00-05:00,5.510000228881836,5.550000190734863,5.489999771118164,5.550000190734863,25808,0.0,0.0
2023-03-02 13:30:00-05:00,5.550000190734863,5.730000019073486,5.550000190734863,5.690000057220459,55788,0.0,0.0
2023-03-02 14:30:00-05:00,5.689000129699707,5.783699989318848,5.659999847412109,5.71999979019165,73506,0.0,0.0
2023-03-02 15:30:00-05:00,5.71999979019165,5.75,5.710000038146973,5.739999771118164,52407,0.0,0.0
2023-03-03 09:30:00-05:00,5.75,6.0,5.701000213623047,5.954999923706055,118399,0.0,0.0
2023-03-03 10:30:00-05:00,5.941500186920166,5.96999979019165,5.690000057220459,5.695000171661377,171442,0.0,0.0
2023-03-03 11:30:00-05:00,5.690000057220459,5.949999809265137,5.690000057220459,5.949999809265137,54955,0.0,0.0
2023-03-03 12:30:00-05:00,5.940000057220459,5.960000038146973,5.909999847412109,5.922500133514404,23668,0.0,0.0
2023-03-03 13:30:00-05:00,5.900000095367432,6.010000228881836,5.899400234222412,5.989999771118164,60468,0.0,0.0
2023-03-03 14:30:00-05:00,5.980500221252441,5.997499942779541,5.920000076293945,5.929999828338623,36222,0.0,0.0
2023-03-03 15:30:00-05:00,5.940000057220459,5.97599983215332,5.869999885559082,5.960000038146973,103287,0.0,0.0
2023-03-06 09:30:00-05:00,5.960000038146973,5.960000038146973,5.650000095367432,5.900000095367432,148829,0.0,0.0
2023-03-06 10:30:00-05:00,5.909999847412109,5.940000057220459,5.849999904632568,5.8520002365112305,55018,0.0,0.0
2023-03-06 11:30:00-05:00,5.840000152587891,5.860000133514404,5.835000038146973,5.835000038146973,23023,0.0,0.0
2023-03-06 12:30:00-05:00,5.829999923706055,5.829999923706055,5.735000133514404,5.789999961853027,23817,0.0,0.0
2023-03-06 13:30:00-05:00,5.800000190734863,5.835000038146973,5.78000020980835,5.796000003814697,24479,0.0,0.0
2023-03-06 14:30:00-05:00,5.800000190734863,5.824999809265137,5.75,5.769999980926514,47569,0.0,0.0
2023-03-06 15:30:00-05:00,5.78000020980835,5.78000020980835,5.739999771118164,5.744999885559082,44031,0.0,0.0
2023-03-07 09:30:00-05:00,5.789999961853027,5.789999961853027,5.429999828338623,5.462500095367432,89969,0.0,0.0
2023-03-07 10:30:00-05:00,5.494699954986572,5.539999961853027,5.449999809265137,5.507500171661377,60476,0.0,0.0
2023-03-07 11:30:00-05:00,5.5,5.539999961853027,5.457499980926514,5.527500152587891,24962,0.0,0.0
2023-03-07 12:30:00-05:00,5.550000190734863,5.71999979019165,5.53000020980835,5.610000133514404,79266,0.0,0.0
2023-03-07 13:30:00-05:00,5.599999904632568,5.630000114440918,5.545000076293945,5.550000190734863,65239,0.0,0.0
2023-03-07 14:30:00-05:00,5.550000190734863,5.599999904632568,5.462500095367432,5.462500095367432,77116,0.0,0.0
2023-03-07 15:30:00-05:00,5.465000152587891,5.489999771118164,5.389999866485596,5.409999847412109,129339,0.0,0.0
2023-03-08 09:30:00-05:00,5.409999847412109,5.465000152587891,5.230000019073486,5.349999904632568,57610,0.0,0.0
2023-03-08 10:30:00-05:00,5.360000133514404,5.409999847412109,5.34689998626709,5.360000133514404,21081,0.0,0.0
2023-03-08 11:30:00-05:00,5.360000133514404,5.449999809265137,5.349999904632568,5.440000057220459,19817,0.0,0.0
2023-03-08 12:30:00-05:00,5.440000057220459,5.449999809265137,5.25,5.300000190734863,67668,0.0,0.0
2023-03-08 13:30:00-05:00,5.300000190734863,5.349899768829346,5.260000228881836,5.289999961853027,46396,0.0,0.0
2023-03-08 14:30:00-05:00,5.289999961853027,5.304999828338623,5.25,5.28000020980835,37374,0.0,0.0
2023-03-08 15:30:00-05:00,5.28000020980835,5.34499979019165,5.269999980926514,5.329999923706055,42712,0.0,0.0
2023-03-09 09:30:00-05:00,5.320000171661377,5.53000020980835,5.320000171661377,5.480000019073486,70379,0.0,0.0
2023-03-09 10:30:00-05:00,5.488900184631348,5.5,5.369999885559082,5.378799915313721,42971,0.0,0.0
2023-03-09 11:30:00-05:00,5.389999866485596,5.389999866485596,5.260000228881836,5.315000057220459,61077,0.0,0.0
2023-03-09 12:30:00-05:00,5.315000057220459,5.320000171661377,5.179999828338623,5.207200050354004,30294,0.0,0.0
2023-03-09 13:30:00-05:00,5.190000057220459,5.199999809265137,5.119999885559082,5.159999847412109,30404,0.0,0.0
2023-03-09 14:30:00-05:00,5.177299976348877,5.177299976348877,5.059999942779541,5.059999942779541,55918,0.0,0.0
2023-03-09 15:30:00-05:00,5.059999942779541,5.099999904632568,5.039999961853027,5.070000171661377,90682,0.0,0.0
2023-03-10 09:30:00-05:00,5.0,5.050000190734863,4.849999904632568,4.9899001121521,74681,0.0,0.0
2023-03-10 10:30:00-05:00,4.980800151824951,5.079999923706055,4.920000076293945,5.0,66522,0.0,0.0
2023-03-10 11:30:00-05:00,5.01669979095459,5.038599967956543,4.907100200653076,4.914999961853027,36954,0.0,0.0
2023-03-10 12:30:00-05:00,4.929999828338623,4.960000038146973,4.889999866485596,4.90500020980835,41062,0.0,0.0
2023-03-10 13:30:00-05:00,4.90500020980835,4.943699836730957,4.860000133514404,4.909999847412109,33728,0.0,0.0
2023-03-10 14:30:00-05:00,4.920000076293945,4.980000019073486,4.900000095367432,4.929999828338623,26029,0.0,0.0
2023-03-10 15:30:00-05:00,4.920000076293945,4.934999942779541,4.880000114440918,4.909999847412109,55016,0.0,0.0
2023-03-13 09:30:00-04:00,4.800000190734863,4.980100154876709,4.691500186920166,4.900000095367432,75722,0.0,0.0
2023-03-13 10:30:00-04:00,4.849999904632568,5.019999980926514,4.840000152587891,4.960000038146973,67479,0.0,0.0
2023-03-13 11:30:00-04:00,4.940000057220459,4.949999809265137,4.849999904632568,4.867499828338623,30743,0.0,0.0
2023-03-13 12:30:00-04:00,4.869999885559082,4.900000095367432,4.829999923706055,4.864999771118164,23444,0.0,0.0
2023-03-13 13:30:00-04:00,4.880000114440918,5.03000020980835,4.855000019073486,4.949999809265137,64119,0.0,0.0
2023-03-13 14:30:00-04:00,4.949999809265137,4.980000019073486,4.889999866485596,4.900000095367432,34003,0.0,0.0
2023-03-13 15:30:00-04:00,4.909999847412109,4.96999979019165,4.909999847412109,4.949999809265137,52186,0.0,0.0
2023-03-14 09:30:00-04:00,4.989999771118164,5.090000152587891,4.829999923706055,4.849999904632568,82285,0.0,0.0
2023-03-14 10:30:00-04:00,4.867499828338623,4.867499828338623,4.75,4.795000076293945,59003,0.0,0.0
2023-03-14 11:30:00-04:00,4.78000020980835,4.809999942779541,4.769999980926514,4.789999961853027,24176,0.0,0.0
2023-03-14 12:30:00-04:00,4.78000020980835,4.820000171661377,4.760000228881836,4.78000020980835,40501,0.0,0.0
2023-03-14 13:30:00-04:00,4.78000020980835,4.789999961853027,4.739999771118164,4.769999980926514,49246,0.0,0.0
2023-03-14 14:30:00-04:00,4.769999980926514,4.78000020980835,4.699999809265137,4.735000133514404,55558,0.0,0.0
2023-03-14 15:30:00-04:00,4.730000019073486,4.730000019073486,4.630000114440918,4.690000057220459,47938,0.0,0.0
2023-03-15 09:30:00-04:00,4.599999904632568,4.659999847412109,4.5,4.532100200653076,76351,0.0,0.0
2023-03-15 10:30:00-04:00,4.5,4.550000190734863,4.409999847412109,4.465000152587891,77358,0.0,0.0
2023-03-15 11:30:00-04:00,4.46999979019165,4.5,4.449999809265137,4.450099945068359,19926,0.0,0.0
2023-03-15 12:30:00-04:00,4.460000038146973,4.46999979019165,4.320000171661377,4.403900146484375,70250,0.0,0.0
2023-03-15 13:30:00-04:00,4.40500020980835,4.40500020980835,4.269999980926514,4.320000171661377,42378,0.0,0.0
2023-03-15 14:30:00-04:00,4.315000057220459,4.340000152587891,4.28000020980835,4.320000171661377,77703,0.0,0.0
2023-03-15 15:30:00-04:00,4.309999942779541,4.359899997711182,4.304999828338623,4.340000152587891,65464,0.0,0.0
2023-03-16 09:30:00-04:00,4.289999961853027,4.300000190734863,4.179999828338623,4.204999923706055,58729,0.0,0.0
2023-03-16 10:30:00-04:00,4.21999979019165,4.28000020980835,4.199999809265137,4.28000020980835,39481,0.0,0.0
2023-03-16 11:30:00-04:00,4.269999980926514,4.28000020980835,4.179999828338623,4.210000038146973,36128,0.0,0.0
2023-03-16 12:30:00-04:00,4.199999809265137,4.269999980926514,4.170199871063232,4.25,27639,0.0,0.0
2023-03-16 13:30:00-04:00,4.239999771118164,4.284999847412109,4.239999771118164,4.269999980926514,36773,0.0,0.0
2023-03-16 14:30:00-04:00,4.264999866485596,4.349999904632568,4.25,4.349999904632568,34038,0.0,0.0
2023-03-16 15:30:00-04:00,4.349999904632568,4.349999904632568,4.289400100708008,4.329999923706055,62133,0.0,0.0
2023-03-17 09:30:00-04:00,4.360000133514404,4.46999979019165,4.150100231170654,4.170000076293945,45849,0.0,0.0
2023-03-17 10:30:00-04:00,4.189899921417236,4.199999809265137,4.164999961853027,4.179999828338623,39603,0.0,0.0
2023-03-17 11:30:00-04:00,4.179999828338623,4.199999809265137,4.159999847412109,4.190000057220459,23823,0.0,0.0
2023-03-17 12:30:00-04:00,4.179999828338623,4.239999771118164,4.170000076293945,4.199999809265137,13811,0.0,0.0
2023-03-17 13:30:00-04:00,4.21999979019165,4.25,4.199999809265137,4.215000152587891,19031,0.0,0.0
2023-03-17 14:30:00-04:00,4.21999979019165,4.230000019073486,4.190000057220459,4.199999809265137,30436,0.0,0.0
2023-03-17 15:30:00-04:00,4.199999809265137,4.199999809265137,4.139999866485596,4.170000076293945,131311,0.0,0.0
2023-03-20 09:30:00-04:00,4.170000076293945,4.289999961853027,4.170000076293945,4.204999923706055,39588,0.0,0.0
2023-03-20 10:30:00-04:00,4.220900058746338,4.220900058746338,4.170000076293945,4.190000057220459,20298,0.0,0.0
2023-03-20 11:30:00-04:00,4.190000057220459,4.190000057220459,4.0543999671936035,4.090000152587891,36630,0.0,0.0
2023-03-20 12:30:00-04:00,4.099999904632568,4.139999866485596,4.090000152587891,4.130000114440918,23682,0.0,0.0
2023-03-20 13:30:00-04:00,4.119999885559082,4.130000114440918,4.090000152587891,4.110000133514404,28747,0.0,0.0
2023-03-20 14:30:00-04:00,4.105000019073486,4.110000133514404,4.03000020980835,4.054999828338623,40986,0.0,0.0
2023-03-20 15:30:00-04:00,4.059999942779541,4.070000171661377,4.03000020980835,4.070000171661377,31151,0.0,0.0
2023-03-21 09:30:00-04:00,4.230000019073486,4.429999828338623,4.180300235748291,4.235000133514404,95297,0.0,0.0
2023-03-21 10:30:00-04:00,4.239999771118164,4.321199893951416,4.239999771118164,4.300000190734863,49955,0.0,0.0
2023-03-21 11:30:00-04:00,4.309999942779541,4.400000095367432,4.309999942779541,4.340700149536133,55236,0.0,0.0
2023-03-21 12:30:00-04:00,4.340000152587891,4.360000133514404,4.315000057220459,4.349999904632568,19153,0.0,0.0
2023-03-21 13:30:00-04:00,4.349999904632568,4.349999904632568,4.300000190734863,4.309999942779541,23977,0.0,0.0
2023-03-21 14:30:00-04:00,4.304999828338623,4.383399963378906,4.289999961853027,4.380000114440918,36072,0.0,0.0
2023-03-21 15:30:00-04:00,4.380000114440918,4.380000114440918,4.329999923706055,4.349999904632568,46601,0.0,0.0
2023-03-22 09:30:00-04:00,4.349999904632568,4.409999847412109,4.150000095367432,4.189899921417236,140904,0.0,0.0
2023-03-22 10:30:00-04:00,4.170000076293945,4.247700214385986,4.170000076293945,4.239999771118164,33541,0.0,0.0
2023-03-22 11:30:00-04:00,4.239999771118164,4.375,4.239999771118164,4.309999942779541,81902,0.0,0.0
2023-03-22 12:30:00-04:00,4.309999942779541,4.309999942779541,4.200900077819824,4.230000019073486,46812,0.0,0.0
2023-03-22 13:30:00-04:00,4.239999771118164,4.28000020980835,4.199999809265137,4.239999771118164,71274,0.0,0.0
2023-03-22 14:30:00-04:00,4.25,4.335000038146973,4.21999979019165,4.260000228881836,42377,0.0,0.0
2023-03-22 15:30:00-04:00,4.25,4.269999980926514,4.150000095367432,4.170000076293945,63854,0.0,0.0
2023-03-23 09:30:00-04:00,4.25,4.440000057220459,4.25,4.389999866485596,73504,0.0,0.0
2023-03-23 10:30:00-04:00,4.381999969482422,4.434999942779541,4.264999866485596,4.315000057220459,49291,0.0,0.0
2023-03-23 11:30:00-04:00,4.300000190734863,4.340000152587891,4.25,4.269999980926514,31534,0.0,0.0
2023-03-23 12:30:00-04:00,4.28000020980835,4.300000190734863,4.25,4.269999980926514,29931,0.0,0.0
2023-03-23 13:30:00-04:00,4.269999980926514,4.289999961853027,4.230000019073486,4.230000019073486,44469,0.0,0.0
2023-03-23 14:30:00-04:00,4.230000019073486,4.289999961853027,4.210000038146973,4.25,55471,0.0,0.0
2023-03-23 15:30:00-04:00,4.244999885559082,4.28000020980835,4.230000019073486,4.230000019073486,62619,0.0,0.0
2023-03-24 09:30:00-04:00,4.150000095367432,4.175000190734863,3.9100000858306885,3.9800000190734863,150838,0.0,0.0
2023-03-24 10:30:00-04:00,3.990000009536743,4.010000228881836,3.9200000762939453,3.9600000381469727,72943,0.0,0.0
2023-03-24 11:30:00-04:00,3.9600000381469727,3.9749999046325684,3.924999952316284,3.924999952316284,44611,0.0,0.0
2023-03-24 12:30:00-04:00,3.930000066757202,3.938199996948242,3.799999952316284,3.8450000286102295,80810,0.0,0.0
2023-03-24 13:30:00-04:00,3.8450000286102295,3.9700000286102295,3.8450000286102295,3.9049999713897705,85142,0.0,0.0
2023-03-24 14:30:00-04:00,3.9049999713897705,3.924999952316284,3.9000000953674316,3.924999952316284,36273,0.0,0.0
2023-03-24 15:30:00-04:00,3.924999952316284,3.9749999046325684,3.924999952316284,3.9649999141693115,37720,0.0,0.0
2023-03-27 09:30:00-04:00,4.0,4.150000095367432,3.950000047683716,4.054999828338623,99825,0.0,0.0
2023-03-27 10:30:00-04:00,4.059999942779541,4.099999904632568,4.045000076293945,4.074999809265137,36278,0.0,0.0
2023-03-27 11:30:00-04:00,4.079999923706055,4.119999885559082,4.070099830627441,4.105000019073486,42518,0.0,0.0
2023-03-27 12:30:00-04:00,4.110000133514404,4.110000133514404,4.070000171661377,4.110000133514404,19779,0.0,0.0
2023-03-27 13:30:00-04:00,4.110000133514404,4.150000095367432,4.110000133514404,4.135000228881836,19353,0.0,0.0
2023-03-27 14:30:00-04:00,4.137499809265137,4.150000095367432,4.130000114440918,4.150000095367432,24691,0.0,0.0
2023-03-27 15:30:00-04:00,4.1585001945495605,4.170000076293945,4.150000095367432,4.15500020980835,19461,0.0,0.0
2023-03-28 09:30:00-04:00,4.159999847412109,4.230000019073486,4.090000152587891,4.114200115203857,68628,0.0,0.0
2023-03-28 10:30:00-04:00,4.118000030517578,4.190000057220459,4.118000030517578,4.164999961853027,36801,0.0,0.0
2023-03-28 11:30:00-04:00,4.170000076293945,4.199999809265137,4.079999923706055,4.079999923706055,42373,0.0,0.0
2023-03-28 12:30:00-04:00,4.079999923706055,4.090000152587891,4.010000228881836,4.045000076293945,35435,0.0,0.0
2023-03-28 13:30:00-04:00,4.050000190734863,4.050000190734863,4.0,4.019999980926514,29392,0.0,0.0
2023-03-28 14:30:00-04:00,4.014999866485596,4.025000095367432,3.990000009536743,3.9914000034332275,55231,0.0,0.0
2023-03-28 15:30:00-04:00,3.990000009536743,3.990000009536743,3.950000047683716,3.950000047683716,64312,0.0,0.0
2023-03-29 09:30:00-04:00,4.0,4.014999866485596,3.880000114440918,3.9600000381469727,127867,0.0,0.0
2023-03-29 10:30:00-04:00,3.9700000286102295,4.034999847412109,3.950000047683716,4.010000228881836,49864,0.0,0.0
2023-03-29 11:30:00-04:00,4.019999980926514,4.110000133514404,4.019999980926514,4.099999904632568,46326,0.0,0.0
2023-03-29 12:30:00-04:00,4.099999904632568,4.110000133514404,4.074999809265137,4.085000038146973,20752,0.0,0.0
2023-03-29 13:30:00-04:00,4.085000038146973,4.125,4.059999942779541,4.119999885559082,29812,0.0,0.0
2023-03-29 14:30:00-04:00,4.119999885559082,4.150000095367432,4.110000133514404,4.130000114440918,41777,0.0,0.0
2023-03-29 15:30:00-04:00,4.130000114440918,4.179999828338623,4.130000114440918,4.179999828338623,50082,0.0,0.0
2023-03-30 09:30:00-04:00,4.28000020980835,4.489999771118164,4.170000076293945,4.389999866485596,126775,0.0,0.0
2023-03-30 10:30:00-04:00,4.385000228881836,4.489999771118164,4.369999885559082,4.449999809265137,67275,0.0,0.0
2023-03-30 11:30:00-04:00,4.449999809265137,4.480000019073486,4.38730001449585,4.414999961853027,51215,0.0,0.0
2023-03-30 12:30:00-04:00,4.414999961853027,4.480000019073486,4.389999866485596,4.480000019073486,42307,0.0,0.0
2023-03-30 13:30:00-04:00,4.47629976272583,4.53000020980835,4.454999923706055,4.519999980926514,49196,0.0,0.0
2023-03-30 14:30:00-04:00,4.519999980926514,4.53000020980835,4.429999828338623,4.454999923706055,74250,0.0,0.0
2023-03-30 15:30:00-04:00,4.460000038146973,4.460000038146973,4.362500190734863,4.449999809265137,166798,0.0,0.0
2023-03-31 09:30:00-04:00,4.5,4.840000152587891,4.5,4.820000171661377,118385,0.0,0.0
2023-03-31 10:30:00-04:00,4.820000171661377,4.864999771118164,4.760000228881836,4.78000020980835,94853,0.0,0.0
2023-03-31 11:30:00-04:00,4.78000020980835,4.909999847412109,4.769999980926514,4.800000190734863,70287,0.0,0.0
2023-03-31 12:30:00-04:00,4.800000190734863,4.840000152587891,4.760000228881836,4.840000152587891,55029,0.0,0.0
2023-03-31 13:30:00-04:00,4.849999904632568,4.929999828338623,4.849999904632568,4.911900043487549,52554,0.0,0.0
2023-03-31 14:30:00-04:00,4.914999961853027,4.914999961853027,4.835000038146973,4.855000019073486,69378,0.0,0.0
2023-03-31 15:30:00-04:00,4.860000133514404,4.920000076293945,4.795000076293945,4.880000114440918,115081,0.0,0.0
2023-04-03 09:30:00-04:00,4.900000095367432,4.940000057220459,4.800000190734863,4.869999885559082,47485,0.0,0.0
2023-04-03 10:30:00-04:00,4.880000114440918,4.900000095367432,4.659999847412109,4.715000152587891,58712,0.0,0.0
2023-04-03 11:30:00-04:00,4.71999979019165,4.809999942779541,4.71999979019165,4.755000114440918,23694,0.0,0.0
2023-04-03 12:30:00-04:00,4.75,4.800000190734863,4.730000019073486,4.769999980926514,14460,0.0,0.0
2023-04-03 13:30:00-04:00,4.775000095367432,4.829999923706055,4.775000095367432,4.824999809265137,16015,0.0,0.0
2023-04-03 14:30:00-04:00,4.840000152587891,4.885000228881836,4.840000152587891,4.880000114440918,20935,0.0,0.0
2023-04-03 15:30:00-04:00,4.880000114440918,4.909999847412109,4.840000152587891,4.840000152587891,48456,0.0,0.0
2023-04-04 09:30:00-04:00,4.795000076293945,4.856800079345703,4.309999942779541,4.331500053405762,168922,0.0,0.0
2023-04-04 10:30:00-04:00,4.357100009918213,4.395999908447266,4.340000152587891,4.340000152587891,27259,0.0,0.0
2023-04-04 11:30:00-04:00,4.332499980926514,4.340000152587891,4.300000190734863,4.320000171661377,59890,0.0,0.0
2023-04-04 12:30:00-04:00,4.320000171661377,4.325099945068359,4.239999771118164,4.25,54750,0.0,0.0
2023-04-04 13:30:00-04:00,4.240900039672852,4.300000190734863,4.170000076293945,4.229899883270264,95698,0.0,0.0
2023-04-04 14:30:00-04:00,4.21999979019165,4.269999980926514,4.163700103759766,4.184999942779541,54304,0.0,0.0
2023-04-04 15:30:00-04:00,4.179999828338623,4.210000038146973,4.170000076293945,4.210000038146973,74332,0.0,0.0
2023-04-05 09:30:00-04:00,4.340000152587891,4.349999904632568,4.079999923706055,4.110000133514404,163005,0.0,0.0
2023-04-05 10:30:00-04:00,4.114999771118164,4.170000076293945,4.039999961853027,4.170000076293945,118218,0.0,0.0
2023-04-05 11:30:00-04:00,4.170000076293945,4.170000076293945,4.079999923706055,4.085000038146973,17655,0.0,0.0
2023-04-05 12:30:00-04:00,4.083099842071533,4.110000133514404,4.059999942779541,4.100100040435791,22164,0.0,0.0
2023-04-05 13:30:00-04:00,4.105000019073486,4.110000133514404,4.0,4.010000228881836,77073,0.0,0.0
2023-04-05 14:30:00-04:00,4.005000114440918,4.005000114440918,3.8499999046325684,3.8499999046325684,92889,0.0,0.0
2023-04-05 15:30:00-04:00,3.8550000190734863,3.950000047683716,3.8239998817443848,3.9198999404907227,108866,0.0,0.0
2023-04-06 09:30:00-04:00,3.930000066757202,4.019899845123291,3.7300000190734863,3.8106000423431396,130014,0.0,0.0
2023-04-06 10:30:00-04:00,3.829900026321411,3.9200000762939453,3.809999942779541,3.8499999046325684,44170,0.0,0.0
2023-04-06 11:30:00-04:00,3.8499999046325684,3.930999994277954,3.8450000286102295,3.890000104904175,48281,0.0,0.0
2023-04-06 12:30:00-04:00,3.890000104904175,3.990000009536743,3.890000104904175,3.9649999141693115,53804,0.0,0.0
2023-04-06 13:30:00-04:00,3.9649999141693115,3.9649999141693115,3.890000104904175,3.9100000858306885,48812,0.0,0.0
2023-04-06 14:30:00-04:00,3.9100000858306885,3.9200000762939453,3.609999895095825,3.6500000953674316,445023,0.0,0.0
2023-04-06 15:30:00-04:00,3.6500000953674316,3.7100000381469727,3.640000104904175,3.6700000762939453,118353,0.0,0.0
2023-04-10 09:30:00-04:00,3.9000000953674316,4.050000190734863,3.8499999046325684,3.9200000762939453,157751,0.0,0.0
2023-04-10 10:30:00-04:00,3.930000066757202,3.9600000381469727,3.8399999141693115,3.8399999141693115,40983,0.0,0.0
2023-04-10 11:30:00-04:00,3.819999933242798,3.859999895095825,3.7200000286102295,3.7300000190734863,44243,0.0,0.0
2023-04-10 12:30:00-04:00,3.740000009536743,3.7962000370025635,3.7200000286102295,3.7792999744415283,64379,0.0,0.0
2023-04-10 13:30:00-04:00,3.778700113296509,3.799999952316284,3.7300000190734863,3.76990008354187,42664,0.0,0.0
2023-04-10 14:30:00-04:00,3.7699999809265137,3.8299999237060547,3.759999990463257,3.7850000858306885,50755,0.0,0.0
2023-04-10 15:30:00-04:00,3.7799999713897705,3.827500104904175,3.7799999713897705,3.799999952316284,56826,0.0,0.0
2023-04-11 09:30:00-04:00,3.940000057220459,3.9999001026153564,3.859999895095825,3.940000057220459,153793,0.0,0.0
2023-04-11 10:30:00-04:00,3.9200000762939453,3.9549999237060547,3.825000047683716,3.825000047683716,59665,0.0,0.0
2023-04-11 11:30:00-04:00,3.8385000228881836,3.8385000228881836,3.7699999809265137,3.825000047683716,61173,0.0,0.0
2023-04-11 12:30:00-04:00,3.825000047683716,3.8299999237060547,3.7950000762939453,3.7950000762939453,41431,0.0,0.0
2023-04-11 13:30:00-04:00,3.7899999618530273,3.819999933242798,3.7799999713897705,3.8090999126434326,38169,0.0,0.0
2023-04-11 14:30:00-04:00,3.8089001178741455,3.825000047683716,3.7799999713897705,3.7950000762939453,62118,0.0,0.0
2023-04-11 15:30:00-04:00,3.7950000762939453,3.809999942779541,3.7799999713897705,3.7899999618530273,75648,0.0,0.0
2023-04-12 09:30:00-04:00,3.8499999046325684,3.9700000286102295,3.7699999809265137,3.7899999618530273,191534,0.0,0.0
2023-04-12 10:30:00-04:00,3.7899999618530273,3.7899999618530273,3.674999952316284,3.680000066757202,79099,0.0,0.0
2023-04-12 11:30:00-04:00,3.680000066757202,3.7049999237060547,3.640000104904175,3.680000066757202,77279,0.0,0.0
2023-04-12 12:30:00-04:00,3.6700000762939453,3.6751999855041504,3.5799999237060547,3.5899999141693115,77842,0.0,0.0
2023-04-12 13:30:00-04:00,3.591599941253662,3.619999885559082,3.5299999713897705,3.5320000648498535,72786,0.0,0.0
2023-04-12 14:30:00-04:00,3.5350000858306885,3.549799919128418,3.4700000286102295,3.471400022506714,143444,0.0,0.0
2023-04-12 15:30:00-04:00,3.4797000885009766,3.5092999935150146,3.450000047683716,3.490000009536743,93876,0.0,0.0
2023-04-13 09:30:00-04:00,3.549999952316284,3.5899999141693115,3.434999942779541,3.450000047683716,112462,0.0,0.0
2023-04-13 10:30:00-04:00,3.4514999389648438,3.4800000190734863,3.369999885559082,3.390000104904175,127884,0.0,0.0
2023-04-13 11:30:00-04:00,3.384999990463257,3.409899950027466,3.359999895095825,3.4000000953674316,75527,0.0,0.0
2023-04-13 12:30:00-04:00,3.4049999713897705,3.430000066757202,3.380000114440918,3.4100000858306885,80706,0.0,0.0
2023-04-13 13:30:00-04:00,3.4200000762939453,3.430000066757202,3.4000000953674316,3.4100000858306885,34310,0.0,0.0
2023-04-13 14:30:00-04:00,3.4100000858306885,3.490000009536743,3.380000114440918,3.4600000381469727,80870,0.0,0.0
2023-04-13 15:30:00-04:00,3.4600000381469727,3.4649999141693115,3.430000066757202,3.450000047683716,46259,0.0,0.0
2023-04-14 09:30:00-04:00,3.4200000762939453,3.476300001144409,3.371500015258789,3.380000114440918,111375,0.0,0.0
2023-04-14 10:30:00-04:00,3.380000114440918,3.390000104904175,3.3299999237060547,3.3320000171661377,91795,0.0,0.0
2023-04-14 11:30:00-04:00,3.348099946975708,3.380000114440918,3.2799999713897705,3.2985000610351562,84988,0.0,0.0
2023-04-14 12:30:00-04:00,3.2899999618530273,3.2950000762939453,3.25,3.259999990463257,62671,0.0,0.0
2023-04-14 13:30:00-04:00,3.259999990463257,3.2699999809265137,3.180000066757202,3.2300000190734863,106589,0.0,0.0
2023-04-14 14:30:00-04:00,3.2249999046325684,3.237299919128418,3.180000066757202,3.2049999237060547,57693,0.0,0.0
2023-04-14 15:30:00-04:00,3.2049999237060547,3.25,3.200000047683716,3.2200000286102295,70809,0.0,0.0
2023-04-17 09:30:00-04:00,3.259999990463257,3.5199999809265137,3.200000047683716,3.5185000896453857,242765,0.0,0.0
2023-04-17 10:30:00-04:00,3.5,3.569999933242798,3.440000057220459,3.5299999713897705,110179,0.0,0.0
2023-04-17 11:30:00-04:00,3.5199999809265137,3.5199999809265137,3.4700000286102295,3.4749999046325684,75440,0.0,0.0
2023-04-17 12:30:00-04:00,3.4783999919891357,3.5999999046325684,3.4600000381469727,3.5899999141693115,102847,0.0,0.0
2023-04-17 13:30:00-04:00,3.5859999656677246,3.5899999141693115,3.4800000190734863,3.5,52698,0.0,0.0
2023-04-17 14:30:00-04:00,3.505000114440918,3.5799999237060547,3.490000009536743,3.559999942779541,61180,0.0,0.0
2023-04-17 15:30:00-04:00,3.559999942779541,3.5899999141693115,3.549999952316284,3.5799999237060547,76614,0.0,0.0
2023-04-18 09:30:00-04:00,3.630000114440918,3.7100000381469727,3.569999933242798,3.5899999141693115,118174,0.0,0.0
2023-04-18 10:30:00-04:00,3.569999933242798,3.5799999237060547,3.5399999618530273,3.559999942779541,56606,0.0,0.0
2023-04-18 11:30:00-04:00,3.559999942779541,3.5850000381469727,3.5399999618530273,3.569999933242798,15440,0.0,0.0
2023-04-18 12:30:00-04:00,3.5799999237060547,3.615000009536743,3.569999933242798,3.569999933242798,22917,0.0,0.0
2023-04-18 13:30:00-04:00,3.569999933242798,3.5799999237060547,3.5199999809265137,3.5250000953674316,23177,0.0,0.0
2023-04-18 14:30:00-04:00,3.5199999809265137,3.5799999237060547,3.5,3.5399999618530273,36137,0.0,0.0
2023-04-18 15:30:00-04:00,3.5450000762939453,3.565999984741211,3.5299999713897705,3.5299999713897705,59528,0.0,0.0
2023-04-19 09:30:00-04:00,3.5399999618530273,3.5399999618530273,3.2985000610351562,3.319999933242798,141884,0.0,0.0
2023-04-19 10:30:00-04:00,3.309999942779541,3.378499984741211,3.280100107192993,3.3499999046325684,119811,0.0,0.0
2023-04-19 11:30:00-04:00,3.3499999046325684,3.4100000858306885,3.3399999141693115,3.380000114440918,75554,0.0,0.0
2023-04-19 12:30:00-04:00,3.390000104904175,3.484999895095825,3.380000114440918,3.440000057220459,107119,0.0,0.0
2023-04-19 13:30:00-04:00,3.444999933242798,3.490000009536743,3.440000057220459,3.490000009536743,72980,0.0,0.0
2023-04-19 14:30:00-04:00,3.484999895095825,3.5,3.4600000381469727,3.490000009536743,69348,0.0,0.0
2023-04-19 15:30:00-04:00,3.490000009536743,3.5392000675201416,3.490000009536743,3.505000114440918,71870,0.0,0.0
2023-04-20 09:30:00-04:00,3.4000000953674316,3.509999990463257,3.369999885559082,3.4628000259399414,38083,0.0,0.0
2023-04-20 10:30:00-04:00,3.4700000286102295,3.5199999809265137,3.369999885559082,3.380000114440918,41513,0.0,0.0
2023-04-20 11:30:00-04:00,3.369999885559082,3.4000000953674316,3.3499999046325684,3.359999895095825,26214,0.0,0.0
2023-04-20 12:30:00-04:00,3.359999895095825,3.4000000953674316,3.3499999046325684,3.359999895095825,46357,0.0,0.0
2023-04-20 13:30:00-04:00,3.3691000938415527,3.3768999576568604,3.2300000190734863,3.240000009536743,56087,0.0,0.0
2023-04-20 14:30:00-04:00,3.240000009536743,3.2750000953674316,3.240000009536743,3.25,65007,0.0,0.0
2023-04-20 15:30:00-04:00,3.25,3.2699999809265137,3.240000009536743,3.255000114440918,60825,0.0,0.0
2023-04-21 09:30:00-04:00,3.25,3.259999990463257,3.1500000953674316,3.2300000190734863,178177,0.0,0.0
2023-04-21 10:30:00-04:00,3.2249999046325684,3.240000009536743,3.1810998916625977,3.2100000381469727,80839,0.0,0.0
2023-04-21 11:30:00-04:00,3.200900077819824,3.240000009536743,3.194999933242798,3.2100000381469727,49080,0.0,0.0
2023-04-21 12:30:00-04:00,3.2149999141693115,3.25,3.200000047683716,3.200000047683716,52006,0.0,0.0
2023-04-21 13:30:00-04:00,3.200000047683716,3.2507998943328857,3.200000047683716,3.2200000286102295,60340,0.0,0.0
2023-04-21 14:30:00-04:00,3.2200000286102295,3.2300000190734863,3.1600000858306885,3.1698999404907227,80329,0.0,0.0
2023-04-21 15:30:00-04:00,3.1649999618530273,3.244999885559082,3.1600000858306885,3.2049999237060547,222103,0.0,0.0
2023-04-24 09:30:00-04:00,3.190000057220459,3.450000047683716,3.190000057220459,3.450000047683716,90266,0.0,0.0
2023-04-24 10:30:00-04:00,3.450000047683716,3.450000047683716,3.315000057220459,3.4000000953674316,122879,0.0,0.0
2023-04-24 11:30:00-04:00,3.3935000896453857,3.4700000286102295,3.390000104904175,3.4700000286102295,40812,0.0,0.0
2023-04-24 12:30:00-04:00,3.4700000286102295,3.5,3.424999952316284,3.430000066757202,42425,0.0,0.0
2023-04-24 13:30:00-04:00,3.440000057220459,3.509999990463257,3.4121999740600586,3.471400022506714,55694,0.0,0.0
2023-04-24 14:30:00-04:00,3.4749999046325684,3.4749999046325684,3.4100000858306885,3.450000047683716,59653,0.0,0.0
2023-04-24 15:30:00-04:00,3.4549999237060547,3.4700000286102295,3.424999952316284,3.434999942779541,63201,0.0,0.0
2023-04-25 09:30:00-04:00,3.309999942779541,3.3499999046325684,3.130000114440918,3.1549999713897705,196585,0.0,0.0
2023-04-25 10:30:00-04:00,3.1600000858306885,3.2200000286102295,3.140000104904175,3.194999933242798,100963,0.0,0.0
2023-04-25 11:30:00-04:00,3.200000047683716,3.2300000190734863,3.140000104904175,3.161400079727173,174606,0.0,0.0
2023-04-25 12:30:00-04:00,3.1600000858306885,3.180000066757202,3.140000104904175,3.140000104904175,40777,0.0,0.0
2023-04-25 13:30:00-04:00,3.1482999324798584,3.190000057220459,3.140000104904175,3.1700000762939453,54651,0.0,0.0
2023-04-25 14:30:00-04:00,3.1649999618530273,3.174999952316284,3.140000104904175,3.148200035095215,58183,0.0,0.0
2023-04-25 15:30:00-04:00,3.1449999809265137,3.1500000953674316,3.130000114440918,3.130000114440918,54332,0.0,0.0
2023-04-26 09:30:00-04:00,3.130000114440918,3.1700000762939453,2.8450000286102295,2.885699987411499,415146,0.0,0.0
2023-04-26 10:30:00-04:00,2.8894999027252197,2.899899959564209,2.7850000858306885,2.7850000858306885,203723,0.0,0.0
2023-04-26 11:30:00-04:00,2.7829999923706055,2.869999885559082,2.7799999713897705,2.8585000038146973,126362,0.0,0.0
2023-04-26 12:30:00-04:00,2.8550000190734863,2.8580000400543213,2.819999933242798,2.825000047683716,49893,0.0,0.0
2023-04-26 13:30:00-04:00,2.8287999629974365,2.8299999237060547,2.809999942779541,2.815000057220459,53446,0.0,0.0
2023-04-26 14:30:00-04:00,2.818700075149536,2.819999933242798,2.799999952316284,2.808300018310547,100575,0.0,0.0
2023-04-26 15:30:00-04:00,2.799999952316284,2.809799909591675,2.7699999809265137,2.7799999713897705,161579,0.0,0.0
2023-04-27 09:30:00-04:00,2.7899999618530273,2.799999952316284,2.7799999713897705,2.7950000762939453,101168,0.0,0.0
2023-04-27 10:30:00-04:00,2.7950000762939453,2.8299999237060547,2.7899999618530273,2.8299999237060547,70403,0.0,0.0
2023-04-27 11:30:00-04:00,2.8299999237060547,2.8399999141693115,2.819999933242798,2.8313000202178955,69153,0.0,0.0
2023-04-27 12:30:00-04:00,2.8350000381469727,2.869999885559082,2.8350000381469727,2.8550000190734863,54212,0.0,0.0
2023-04-27 13:30:00-04:00,2.8550000190734863,2.859999895095825,2.8499999046325684,2.8510000705718994,32077,0.0,0.0
2023-04-27 14:30:00-04:00,2.8550000190734863,2.8598999977111816,2.819999933242798,2.825000047683716,67883,0.0,0.0
2023-04-27 15:30:00-04:00,2.825000047683716,2.8299999237060547,2.819999933242798,2.8201000690460205,33666,0.0,0.0
2023-04-28 09:30:00-04:00,2.819999933242798,2.8299999237060547,2.6152000427246094,2.7899999618530273,224477,0.0,0.0
2023-04-28 10:30:00-04:00,2.7799999713897705,2.7799999713897705,2.680000066757202,2.740000009536743,71320,0.0,0.0
2023-04-28 11:30:00-04:00,2.75,2.75,2.680000066757202,2.690000057220459,52985,0.0,0.0
2023-04-28 12:30:00-04:00,2.694000005722046,2.7699999809265137,2.694000005722046,2.740000009536743,51714,0.0,0.0
2023-04-28 13:30:00-04:00,2.744999885559082,2.7774999141693115,2.734999895095825,2.755000114440918,42403,0.0,0.0
2023-04-28 14:30:00-04:00,2.75,2.765199899673462,2.7225000858306885,2.7399001121520996,58865,0.0,0.0
2023-04-28 15:30:00-04:00,2.734999895095825,2.75,2.7049999237060547,2.75,122170,0.0,0.0
2023-05-01 09:30:00-04:00,2.7200000286102295,3.009999990463257,2.7200000286102295,2.8499999046325684,280790,0.0,0.0
2023-05-01 10:30:00-04:00,2.8499999046325684,2.869999885559082,2.731300115585327,2.75,34902,0.0,0.0
2023-05-01 11:30:00-04:00,2.7464001178741455,2.7699999809265137,2.7300000190734863,2.765000104904175,28968,0.0,0.0
2023-05-01 12:30:00-04:00,2.7699999809265137,2.779900074005127,2.7200000286102295,2.7249999046325684,54185,0.0,0.0
2023-05-01 13:30:00-04:00,2.7200000286102295,2.734999895095825,2.680000066757202,2.699899911880493,78877,0.0,0.0
2023-05-01 14:30:00-04:00,2.700000047683716,2.700000047683716,2.6700000762939453,2.690000057220459,45752,0.0,0.0
2023-05-01 15:30:00-04:00,2.680000066757202,2.7100000381469727,2.680000066757202,2.690999984741211,59717,0.0,0.0
2023-05-02 09:30:00-04:00,2.680000066757202,2.680000066757202,2.4800000190734863,2.491499900817871,222549,0.0,0.0
2023-05-02 10:30:00-04:00,2.5007998943328857,2.5399999618530273,2.440000057220459,2.5399999618530273,153759,0.0,0.0
2023-05-02 11:30:00-04:00,2.5350000858306885,2.5399999618530273,2.49399995803833,2.505000114440918,88204,0.0,0.0
2023-05-02 12:30:00-04:00,2.508500099182129,2.549999952316284,2.490000009536743,2.509999990463257,63911,0.0,0.0
2023-05-02 13:30:00-04:00,2.5107998847961426,2.5399999618530273,2.5107998847961426,2.5250000953674316,25263,0.0,0.0
2023-05-02 14:30:00-04:00,2.5250000953674316,2.559999942779541,2.515000104904175,2.559999942779541,56615,0.0,0.0
2023-05-02 15:30:00-04:00,2.559999942779541,2.619999885559082,2.555000066757202,2.5799999237060547,160079,0.0,0.0
2023-05-03 09:30:00-04:00,2.569999933242798,2.640000104904175,2.5299999713897705,2.609999895095825,74758,0.0,0.0
2023-05-03 10:30:00-04:00,2.5999999046325684,2.690000057220459,2.5799999237060547,2.6475000381469727,103972,0.0,0.0
2023-05-03 11:30:00-04:00,2.640000104904175,2.690000057220459,2.6050000190734863,2.680000066757202,53472,0.0,0.0
2023-05-03 12:30:00-04:00,2.680000066757202,2.700000047683716,2.6600000858306885,2.684999942779541,26683,0.0,0.0
2023-05-03 13:30:00-04:00,2.6891000270843506,2.759999990463257,2.680000066757202,2.744999885559082,73535,0.0,0.0
2023-05-03 14:30:00-04:00,2.744999885559082,2.759999990463257,2.690000057220459,2.7100000381469727,144843,0.0,0.0
2023-05-03 15:30:00-04:00,2.7100000381469727,2.7200000286102295,2.680000066757202,2.680000066757202,105298,0.0,0.0
2023-05-04 09:30:00-04:00,2.7899999618530273,2.9475998878479004,2.690000057220459,2.7039999961853027,170535,0.0,0.0
2023-05-04 10:30:00-04:00,2.7100000381469727,2.711400032043457,2.549999952316284,2.569999933242798,100979,0.0,0.0
2023-05-04 11:30:00-04:00,2.569999933242798,2.619999885559082,2.521699905395508,2.6187000274658203,60231,0.0,0.0
2023-05-04 12:30:00-04:00,2.619999885559082,2.640000104904175,2.559999942779541,2.6201000213623047,69025,0.0,0.0
2023-05-04 13:30:00-04:00,2.630000114440918,2.6600000858306885,2.625,2.6449999809265137,39431,0.0,0.0
2023-05-04 14:30:00-04:00,2.640000104904175,2.6700000762939453,2.619999885559082,2.630000114440918,42768,0.0,0.0
2023-05-04 15:30:00-04:00,2.630000114440918,2.680000066757202,2.619999885559082,2.680000066757202,81872,0.0,0.0
2023-05-05 09:30:00-04:00,2.7699999809265137,2.9200000762939453,2.748800039291382,2.8494999408721924,208179,0.0,0.0
2023-05-05 10:30:00-04:00,2.8499999046325684,2.9700000286102295,2.8499999046325684,2.96589994430542,88334,0.0,0.0
2023-05-05 11:30:00-04:00,2.9653000831604004,2.990000009536743,2.950000047683716,2.9700000286102295,93313,0.0,0.0
2023-05-05 12:30:00-04:00,2.9700000286102295,3.015000104904175,2.950000047683716,2.990000009536743,52330,0.0,0.0
2023-05-05 13:30:00-04:00,2.990000009536743,3.009999990463257,2.799999952316284,2.9800000190734863,2176207,0.0,0.0
2023-05-05 14:30:00-04:00,2.98009991645813,3.0662999153137207,2.9800000190734863,3.0662999153137207,42793,0.0,0.0
2023-05-05 15:30:00-04:00,3.059999942779541,3.0799999237060547,3.049999952316284,3.075000047683716,40368,0.0,0.0
2023-05-08 09:30:00-04:00,3.299999952316284,3.450000047683716,3.259999990463257,3.369999885559082,282958,0.0,0.0
2023-05-08 10:30:00-04:00,3.380000114440918,3.5,3.3499999046325684,3.3515000343322754,230702,0.0,0.0
2023-05-08 11:30:00-04:00,3.359100103378296,3.4000000953674316,3.359100103378296,3.3949999809265137,91849,0.0,0.0
2023-05-08 12:30:00-04:00,3.3949999809265137,3.4000000953674316,3.3570001125335693,3.380000114440918,33571,0.0,0.0
2023-05-08 13:30:00-04:00,3.371000051498413,3.4198999404907227,3.3550000190734863,3.4149999618530273,70602,0.0,0.0
2023-05-08 14:30:00-04:00,3.4200000762939453,3.4600000381469727,3.4149999618530273,3.434999942779541,91700,0.0,0.0
2023-05-08 15:30:00-04:00,3.434999942779541,3.490000009536743,3.430000066757202,3.4800000190734863,132562,0.0,0.0
2023-05-09 09:30:00-04:00,3.509999990463257,3.509999990463257,3.2799999713897705,3.3526999950408936,205054,0.0,0.0
2023-05-09 10:30:00-04:00,3.359999895095825,3.430000066757202,3.319999933242798,3.319999933242798,54716,0.0,0.0
2023-05-09 11:30:00-04:00,3.3299999237060547,3.450000047683716,3.3299999237060547,3.430000066757202,38348,0.0,0.0
2023-05-09 12:30:00-04:00,3.430000066757202,3.4549999237060547,3.3499999046325684,3.375,85306,0.0,0.0
2023-05-09 13:30:00-04:00,3.375,3.4049999713897705,3.3499999046325684,3.369999885559082,35598,0.0,0.0
2023-05-09 14:30:00-04:00,3.375,3.4000000953674316,3.3499999046325684,3.3949999809265137,32105,0.0,0.0
2023-05-09 15:30:00-04:00,3.4000000953674316,3.430000066757202,3.384999990463257,3.4200000762939453,68529,0.0,0.0
2023-05-10 09:30:00-04:00,3.4700000286102295,3.799999952316284,3.450000047683716,3.7300000190734863,297488,0.0,0.0
2023-05-10 10:30:00-04:00,3.740000009536743,3.740000009536743,3.660099983215332,3.7049999237060547,121132,0.0,0.0
2023-05-10 11:30:00-04:00,3.7049999237060547,3.7300000190734863,3.6500000953674316,3.680000066757202,79505,0.0,0.0
2023-05-10 12:30:00-04:00,3.6700000762939453,3.680000066757202,3.5899999141693115,3.5950000286102295,96960,0.0,0.0
2023-05-10 13:30:00-04:00,3.5950000286102295,3.625,3.5399999618530273,3.5899999141693115,111510,0.0,0.0
2023-05-10 14:30:00-04:00,3.5899999141693115,3.599900007247925,3.549999952316284,3.549999952316284,65766,0.0,0.0
2023-05-10 15:30:00-04:00,3.5399999618530273,3.619999885559082,3.5299999713897705,3.619999885559082,106570,0.0,0.0
2023-05-11 09:30:00-04:00,3.5999999046325684,3.719899892807007,3.5399999618530273,3.630000114440918,142689,0.0,0.0
2023-05-11 10:30:00-04:00,3.619999885559082,3.630000114440918,3.569999933242798,3.5799999237060547,48305,0.0,0.0
2023-05-11 11:30:00-04:00,3.575000047683716,3.5899999141693115,3.4700000286102295,3.509999990463257,90012,0.0,0.0
2023-05-11 12:30:00-04:00,3.509999990463257,3.559999942779541,3.507999897003174,3.5350000858306885,24453,0.0,0.0
2023-05-11 13:30:00-04:00,3.5350000858306885,3.565000057220459,3.5199999809265137,3.565000057220459,39398,0.0,0.0
2023-05-11 14:30:00-04:00,3.569999933242798,3.5899999141693115,3.549999952316284,3.555000066757202,66097,0.0,0.0
2023-05-11 15:30:00-04:00,3.555000066757202,3.569999933242798,3.5399999618530273,3.5399999618530273,66546,0.0,0.0
2023-05-12 09:30:00-04:00,3.5299999713897705,3.5950000286102295,3.4549999237060547,3.4600000381469727,93889,0.0,0.0
2023-05-12 10:30:00-04:00,3.4549999237060547,3.509999990463257,3.440000057220459,3.4700000286102295,47049,0.0,0.0
2023-05-12 11:30:00-04:00,3.4600000381469727,3.4749999046325684,3.4100000858306885,3.4100000858306885,35496,0.0,0.0
2023-05-12 12:30:00-04:00,3.4100000858306885,3.434999942779541,3.3529999256134033,3.424999952316284,63842,0.0,0.0
2023-05-12 13:30:00-04:00,3.4298999309539795,3.4600000381469727,3.4049999713897705,3.4549999237060547,42479,0.0,0.0
2023-05-12 14:30:00-04:00,3.4549999237060547,3.4800000190734863,3.430000066757202,3.444999933242798,51648,0.0,0.0
2023-05-12 15:30:00-04:00,3.440000057220459,3.4700000286102295,3.440000057220459,3.4700000286102295,71072,0.0,0.0
2023-05-15 09:30:00-04:00,3.5,3.559999942779541,3.380000114440918,3.5399999618530273,213254,0.0,0.0
2023-05-15 10:30:00-04:00,3.5399999618530273,3.565000057220459,3.4700000286102295,3.5350000858306885,153231,0.0,0.0
2023-05-15 11:30:00-04:00,3.5350000858306885,3.549999952316284,3.490000009536743,3.5450000762939453,73556,0.0,0.0
2023-05-15 12:30:00-04:00,3.549999952316284,3.6500000953674316,3.54010009765625,3.615000009536743,79077,0.0,0.0
2023-05-15 13:30:00-04:00,3.615000009536743,3.6549999713897705,3.6050000190734863,3.634999990463257,62566,0.0,0.0
2023-05-15 14:30:00-04:00,3.634999990463257,3.640000104904175,3.5999999046325684,3.615000009536743,69924,0.0,0.0
2023-05-15 15:30:00-04:00,3.615000009536743,3.6500000953674316,3.615000009536743,3.648099899291992,86420,0.0,0.0
2023-05-16 09:30:00-04:00,3.5899999141693115,3.630000114440918,3.440000057220459,3.440000057220459,61646,0.0,0.0
2023-05-16 10:30:00-04:00,3.440000057220459,3.450000047683716,3.369999885559082,3.389899969100952,71995,0.0,0.0
2023-05-16 11:30:00-04:00,3.380000114440918,3.428299903869629,3.380000114440918,3.4000000953674316,42043,0.0,0.0
2023-05-16 12:30:00-04:00,3.390000104904175,3.440000057220459,3.380000114440918,3.380000114440918,33611,0.0,0.0
2023-05-16 13:30:00-04:00,3.390000104904175,3.4049999713897705,3.380000114440918,3.3949999809265137,35733,0.0,0.0
2023-05-16 14:30:00-04:00,3.390000104904175,3.3949999809265137,3.380000114440918,3.390000104904175,26768,0.0,0.0
2023-05-16 15:30:00-04:00,3.390000104904175,3.3949999809265137,3.359999895095825,3.359999895095825,70680,0.0,0.0
2023-05-17 09:30:00-04:00,3.430000066757202,3.4700000286102295,3.259999990463257,3.3450000286102295,95961,0.0,0.0
2023-05-17 10:30:00-04:00,3.3399999141693115,3.359999895095825,3.299999952316284,3.3450000286102295,49841,0.0,0.0
2023-05-17 11:30:00-04:00,3.3450000286102295,3.4100000858306885,3.3450000286102295,3.4100000858306885,52372,0.0,0.0
2023-05-17 12:30:00-04:00,3.4100000858306885,3.430000066757202,3.3550000190734863,3.380000114440918,44453,0.0,0.0
2023-05-17 13:30:00-04:00,3.380000114440918,3.4000000953674316,3.359999895095825,3.359999895095825,44435,0.0,0.0
2023-05-17 14:30:00-04:00,3.359999895095825,3.380000114440918,3.2899999618530273,3.299999952316284,90427,0.0,0.0
2023-05-17 15:30:00-04:00,3.309999942779541,3.369999885559082,3.305000066757202,3.359999895095825,78142,0.0,0.0
2023-05-18 09:30:00-04:00,3.3499999046325684,3.380000114440918,3.240000009536743,3.351799964904785,87176,0.0,0.0
2023-05-18 10:30:00-04:00,3.3499999046325684,3.3499999046325684,3.319999933242798,3.325000047683716,21761,0.0,0.0
2023-05-18 11:30:00-04:00,3.319999933242798,3.329900026321411,3.2799999713897705,3.2799999713897705,55149,0.0,0.0
2023-05-18 12:30:00-04:00,3.2750000953674316,3.2799999713897705,3.2507998943328857,3.259999990463257,19645,0.0,0.0
2023-05-18 13:30:00-04:00,3.255000114440918,3.2899999618530273,3.2200000286102295,3.2200000286102295,62722,0.0,0.0
2023-05-18 14:30:00-04:00,3.2200000286102295,3.309999942779541,3.2200000286102295,3.309999942779541,25381,0.0,0.0
2023-05-18 15:30:00-04:00,3.299999952316284,3.319999933242798,3.2899999618530273,3.2950000762939453,38977,0.0,0.0
2023-05-19 09:30:00-04:00,3.319999933242798,3.450000047683716,3.319999933242798,3.359999895095825,92805,0.0,0.0
2023-05-19 10:30:00-04:00,3.359999895095825,3.369999885559082,3.309999942779541,3.315000057220459,34665,0.0,0.0
2023-05-19 11:30:00-04:00,3.3197999000549316,3.3299999237060547,3.259999990463257,3.2899999618530273,146276,0.0,0.0
2023-05-19 12:30:00-04:00,3.2850000858306885,3.3499999046325684,3.2799999713897705,3.319999933242798,30234,0.0,0.0
2023-05-19 13:30:00-04:00,3.309999942779541,3.369999885559082,3.299999952316284,3.325000047683716,93556,0.0,0.0
2023-05-19 14:30:00-04:00,3.319999933242798,3.319999933242798,3.244999885559082,3.25,50847,0.0,0.0
2023-05-19 15:30:00-04:00,3.25,3.2799999713897705,3.200000047683716,3.2699999809265137,163653,0.0,0.0
2023-05-22 09:30:00-04:00,3.259999990463257,3.450000047683716,3.259999990463257,3.430000066757202,70418,0.0,0.0
2023-05-22 10:30:00-04:00,3.430000066757202,3.490000009536743,3.4200000762939453,3.490000009536743,42818,0.0,0.0
2023-05-22 11:30:00-04:00,3.486999988555908,3.5299999713897705,3.4600000381469727,3.5199999809265137,52807,0.0,0.0
2023-05-22 12:30:00-04:00,3.5199999809265137,3.5399999618530273,3.515000104904175,3.5299999713897705,50001,0.0,0.0
2023-05-22 13:30:00-04:00,3.5299999713897705,3.5899999141693115,3.5299999713897705,3.569999933242798,56815,0.0,0.0
2023-05-22 14:30:00-04:00,3.575000047683716,3.5799999237060547,3.549999952316284,3.569999933242798,41593,0.0,0.0
2023-05-22 15:30:00-04:00,3.569999933242798,3.5799999237060547,3.559999942779541,3.569999933242798,39198,0.0,0.0
2023-05-23 09:30:00-04:00,3.5999999046325684,4.03000020980835,3.5899999141693115,4.0,331889,0.0,0.0
2023-05-23 10:30:00-04:00,3.990000009536743,4.019999980926514,3.9100000858306885,3.9500999450683594,146430,0.0,0.0
2023-05-23 11:30:00-04:00,3.950000047683716,4.0,3.8887999057769775,3.9600000381469727,118718,0.0,0.0
2023-05-23 12:30:00-04:00,3.9600000381469727,3.9600000381469727,3.7899999618530273,3.819999933242798,93509,0.0,0.0
2023-05-23 13:30:00-04:00,3.825000047683716,3.869999885559082,3.7899999618530273,3.8299999237060547,59452,0.0,0.0
2023-05-23 14:30:00-04:00,3.8450000286102295,3.890000104904175,3.815000057220459,3.815000057220459,48517,0.0,0.0
2023-05-23 15:30:00-04:00,3.8299999237060547,3.8350000381469727,3.7699999809265137,3.7899999618530273,34082,0.0,0.0
2023-05-24 09:30:00-04:00,3.75,3.75,3.3499999046325684,3.5250000953674316,194947,0.0,0.0
2023-05-24 10:30:00-04:00,3.5250000953674316,3.619999885559082,3.509999990463257,3.5899999141693115,103822,0.0,0.0
2023-05-24 11:30:00-04:00,3.5799999237060547,3.5799999237060547,3.5000998973846436,3.5199999809265137,27993,0.0,0.0
2023-05-24 12:30:00-04:00,3.5299999713897705,3.549999952316284,3.5000998973846436,3.5390000343322754,17307,0.0,0.0
2023-05-24 13:30:00-04:00,3.5399999618530273,3.5799999237060547,3.5299999713897705,3.5350000858306885,27834,0.0,0.0
2023-05-24 14:30:00-04:00,3.5350000858306885,3.549999952316284,3.505000114440918,3.5350000858306885,24923,0.0,0.0
2023-05-24 15:30:00-04:00,3.5350000858306885,3.5399999618530273,3.5199999809265137,3.5250000953674316,35145,0.0,0.0
2023-05-25 09:30:00-04:00,3.5399999618530273,3.5899999141693115,3.319999933242798,3.4100000858306885,104330,0.0,0.0
2023-05-25 10:30:00-04:00,3.4100000858306885,3.440000057220459,3.3350000381469727,3.3350000381469727,50630,0.0,0.0
2023-05-25 11:30:00-04:00,3.3350000381469727,3.3399999141693115,3.309999942779541,3.318700075149536,69916,0.0,0.0
2023-05-25 12:30:00-04:00,3.315000057220459,3.3299999237060547,3.309999942779541,3.329200029373169,27545,0.0,0.0
2023-05-25 13:30:00-04:00,3.325000047683716,3.3299999237060547,3.299999952316284,3.300100088119507,20393,0.0,0.0
2023-05-25 14:30:00-04:00,3.299999952316284,3.309999942779541,3.2799999713897705,3.309999942779541,90990,0.0,0.0
2023-05-25 15:30:00-04:00,3.309999942779541,3.319999933242798,3.25,3.2799999713897705,78065,0.0,0.0
2023-05-26 09:30:00-04:00,3.309999942779541,3.319999933242798,3.119999885559082,3.2200000286102295,137518,0.0,0.0
2023-05-26 10:30:00-04:00,3.2200000286102295,3.2300000190734863,3.1700000762939453,3.1731998920440674,53221,0.0,0.0
2023-05-26 11:30:00-04:00,3.1798999309539795,3.2699999809265137,3.1798999309539795,3.25,37400,0.0,0.0
2023-05-26 12:30:00-04:00,3.240000009536743,3.240000009536743,3.190000057220459,3.194999933242798,52485,0.0,0.0
2023-05-26 13:30:00-04:00,3.200000047683716,3.2149999141693115,3.174999952316284,3.2149999141693115,50870,0.0,0.0
2023-05-26 14:30:00-04:00,3.2100000381469727,3.240000009536743,3.2049999237060547,3.2149999141693115,21799,0.0,0.0
2023-05-26 15:30:00-04:00,3.215100049972534,3.240000009536743,3.200000047683716,3.2300000190734863,45208,0.0,0.0
2023-05-30 09:30:00-04:00,3.259999990463257,3.4000000953674316,3.25,3.251499891281128,177209,0.0,0.0
2023-05-30 10:30:00-04:00,3.2509000301361084,3.2699999809265137,3.2100000381469727,3.2200000286102295,50812,0.0,0.0
2023-05-30 11:30:00-04:00,3.2200000286102295,3.259999990463257,3.2149999141693115,3.25,19390,0.0,0.0
2023-05-30 12:30:00-04:00,3.240000009536743,3.2799999713897705,3.240000009536743,3.2599000930786133,13391,0.0,0.0
2023-05-30 13:30:00-04:00,3.255000114440918,3.2950000762939453,3.25,3.2950000762939453,12316,0.0,0.0
2023-05-30 14:30:00-04:00,3.299999952316284,3.319999933242798,3.2899999618530273,3.2950000762939453,25262,0.0,0.0
2023-05-30 15:30:00-04:00,3.2950000762939453,3.3299999237060547,3.280100107192993,3.3299999237060547,97134,0.0,0.0
2023-05-31 09:30:00-04:00,3.2699999809265137,3.3499999046325684,3.174999952316284,3.190000057220459,119932,0.0,0.0
2023-05-31 10:30:00-04:00,3.1714000701904297,3.180000066757202,3.130000114440918,3.1449999809265137,61893,0.0,0.0
2023-05-31 11:30:00-04:00,3.1500000953674316,3.2200000286102295,3.134999990463257,3.1500000953674316,43297,0.0,0.0
2023-05-31 12:30:00-04:00,3.1500000953674316,3.180000066757202,3.140000104904175,3.1700000762939453,27946,0.0,0.0
2023-05-31 13:30:00-04:00,3.1600000858306885,3.180000066757202,3.140000104904175,3.180000066757202,24162,0.0,0.0
2023-05-31 14:30:00-04:00,3.190000057220459,3.2200000286102295,3.1700000762939453,3.1796000003814697,39382,0.0,0.0
2023-05-31 15:30:00-04:00,3.174999952316284,3.240000009536743,3.1649999618530273,3.2200000286102295,73301,0.0,0.0
2023-06-01 09:30:00-04:00,3.309999942779541,3.309999942779541,3.0799999237060547,3.109999895095825,131231,0.0,0.0
2023-06-01 10:30:00-04:00,3.109999895095825,3.2100000381469727,3.0999999046325684,3.1700000762939453,66016,0.0,0.0
2023-06-01 11:30:00-04:00,3.171999931335449,3.259999990463257,3.1700000762939453,3.25,27596,0.0,0.0
2023-06-01 12:30:00-04:00,3.25,3.25,3.191499948501587,3.2249999046325684,34781,0.0,0.0
2023-06-01 13:30:00-04:00,3.2300000190734863,3.234999895095825,3.200000047683716,3.20989990234375,29767,0.0,0.0
2023-06-01 14:30:00-04:00,3.2049999237060547,3.2200000286102295,3.1600000858306885,3.174999952316284,29886,0.0,0.0
2023-06-01 15:30:00-04:00,3.1700000762939453,3.2100000381469727,3.1600000858306885,3.2049999237060547,41909,0.0,0.0
2023-06-02 09:30:00-04:00,3.200000047683716,3.2699999809265137,2.9549999237060547,2.978300094604492,425677,0.0,0.0
2023-06-02 10:30:00-04:00,2.9784998893737793,3.009999990463257,2.9000000953674316,2.9800000190734863,212369,0.0,0.0
2023-06-02 11:30:00-04:00,2.9700000286102295,3.009999990463257,2.9600000381469727,2.9999001026153564,98126,0.0,0.0
2023-06-02 12:30:00-04:00,3.0,3.130000114440918,3.0,3.0899999141693115,84968,0.0,0.0
2023-06-02 13:30:00-04:00,3.0850000381469727,3.0999999046325684,3.049999952316284,3.069999933242798,56141,0.0,0.0
2023-06-02 14:30:00-04:00,3.065000057220459,3.0899999141693115,3.0601000785827637,3.089900016784668,21974,0.0,0.0
2023-06-02 15:30:00-04:00,3.0850000381469727,3.180000066757202,3.0850000381469727,3.1549999713897705,90319,0.0,0.0
2023-06-05 09:30:00-04:00,3.140000104904175,3.1600000858306885,3.069999933242798,3.0799999237060547,72385,0.0,0.0
2023-06-05 10:30:00-04:00,3.0701000690460205,3.180000066757202,3.0399999618530273,3.1600000858306885,86060,0.0,0.0
2023-06-05 11:30:00-04:00,3.1700000762939453,3.2699999809265137,3.1600000858306885,3.265000104904175,51909,0.0,0.0
2023-06-05 12:30:00-04:00,3.259999990463257,3.2899999618530273,3.259999990463257,3.2850000858306885,58198,0.0,0.0
2023-06-05 13:30:00-04:00,3.2799999713897705,3.2850000858306885,3.2200000286102295,3.244999885559082,38840,0.0,0.0
2023-06-05 14:30:00-04:00,3.244999885559082,3.25,3.180000066757202,3.194999933242798,43400,0.0,0.0
2023-06-05 15:30:00-04:00,3.194999933242798,3.1972999572753906,3.180999994277954,3.190000057220459,22334,0.0,0.0
2023-06-06 09:30:00-04:00,3.1600000858306885,3.3499999046325684,3.069999933242798,3.3378000259399414,230545,0.0,0.0
2023-06-06 10:30:00-04:00,3.3299999237060547,3.430000066757202,3.319999933242798,3.4000000953674316,92136,0.0,0.0
2023-06-06 11:30:00-04:00,3.4100000858306885,3.4451000690460205,3.390000104904175,3.440000057220459,45942,0.0,0.0
2023-06-06 12:30:00-04:00,3.440000057220459,3.440000057220459,3.369999885559082,3.380000114440918,44902,0.0,0.0
2023-06-06 13:30:00-04:00,3.390000104904175,3.430000066757202,3.369999885559082,3.430000066757202,35749,0.0,0.0
2023-06-06 14:30:00-04:00,3.434999942779541,3.5799999237060547,3.419600009918213,3.5199999809265137,106499,0.0,0.0
2023-06-06 15:30:00-04:00,3.5199999809265137,3.549999952316284,3.5,3.5250000953674316,131580,0.0,0.0
2023-06-07 09:30:00-04:00,3.440000057220459,3.5299999713897705,3.440000057220459,3.484999895095825,101402,0.0,0.0
2023-06-07 10:30:00-04:00,3.5,3.5799999237060547,3.380000114440918,3.569999933242798,61536,0.0,0.0
2023-06-07 11:30:00-04:00,3.5899999141693115,3.5899999141693115,3.4800000190734863,3.5,47933,0.0,0.0
2023-06-07 12:30:00-04:00,3.5,3.5350000858306885,3.472599983215332,3.472599983215332,18754,0.0,0.0
2023-06-07 13:30:00-04:00,3.4700000286102295,3.490000009536743,3.440000057220459,3.4749999046325684,30866,0.0,0.0
2023-06-07 14:30:00-04:00,3.4800000190734863,3.4800000190734863,3.430000066757202,3.440000057220459,38110,0.0,0.0
2023-06-07 15:30:00-04:00,3.440000057220459,3.450000047683716,3.4000000953674316,3.4000000953674316,43783,0.0,0.0
2023-06-08 09:30:00-04:00,3.4200000762939453,3.5399999618530273,3.380000114440918,3.4000000953674316,76170,0.0,0.0
2023-06-08 10:30:00-04:00,3.4000000953674316,3.4200000762939453,3.3826000690460205,3.4000000953674316,22030,0.0,0.0
2023-06-08 11:30:00-04:00,3.382499933242798,3.4000000953674316,3.359999895095825,3.375,32671,0.0,0.0
2023-06-08 12:30:00-04:00,3.375,3.3949999809265137,3.3499999046325684,3.384999990463257,26946,0.0,0.0
2023-06-08 13:30:00-04:00,3.390000104904175,3.4000000953674316,3.3499999046325684,3.359999895095825,25266,0.0,0.0
2023-06-08 14:30:00-04:00,3.359999895095825,3.4000000953674316,3.359999895095825,3.384999990463257,35346,0.0,0.0
2023-06-08 15:30:00-04:00,3.380000114440918,3.380000114440918,3.3399999141693115,3.380000114440918,38582,0.0,0.0
2023-06-09 09:30:00-04:00,3.309999942779541,3.3499999046325684,3.1700000762939453,3.240000009536743,134093,0.0,0.0
2023-06-09 10:30:00-04:00,3.240000009536743,3.259999990463257,3.119999885559082,3.134999990463257,109979,0.0,0.0
2023-06-09 11:30:00-04:00,3.130000114440918,3.1600000858306885,3.1050000190734863,3.125,74872,0.0,0.0
2023-06-09 12:30:00-04:00,3.1298999786376953,3.1649999618530273,3.119999885559082,3.125,82138,0.0,0.0
2023-06-09 13:30:00-04:00,3.125,3.140000104904175,3.065000057220459,3.075000047683716,147425,0.0,0.0
2023-06-09 14:30:00-04:00,3.069999933242798,3.069999933242798,3.049999952316284,3.049999952316284,37708,0.0,0.0
2023-06-09 15:30:00-04:00,3.055000066757202,3.059999942779541,3.0199999809265137,3.0299999713897705,49727,0.0,0.0
2023-06-12 09:30:00-04:00,3.190000057220459,3.200000047683716,3.069999933242798,3.1700000762939453,165694,0.0,0.0
2023-06-12 10:30:00-04:00,3.174999952316284,3.3299999237060547,3.174999952316284,3.309999942779541,117713,0.0,0.0
2023-06-12 11:30:00-04:00,3.309999942779541,3.309999942779541,3.2300000190734863,3.249000072479248,41868,0.0,0.0
2023-06-12 12:30:00-04:00,3.25,3.299999952316284,3.244999885559082,3.2950000762939453,32762,0.0,0.0
2023-06-12 13:30:00-04:00,3.2950000762939453,3.319999933242798,3.259999990463257,3.260999917984009,57039,0.0,0.0
2023-06-12 14:30:00-04:00,3.265000104904175,3.2699999809265137,3.23009991645813,3.234999895095825,26635,0.0,0.0
2023-06-12 15:30:00-04:00,3.234999895095825,3.234999895095825,3.190000057220459,3.190000057220459,57084,0.0,0.0
2023-06-13 09:30:00-04:00,3.259999990463257,3.319999933242798,3.119999885559082,3.2699999809265137,203041,0.0,0.0
2023-06-13 10:30:00-04:00,3.259999990463257,3.299999952316284,3.240000009536743,3.26990008354187,57087,0.0,0.0
2023-06-13 11:30:00-04:00,3.265000104904175,3.299999952316284,3.244999885559082,3.2950000762939453,91927,0.0,0.0
2023-06-13 12:30:00-04:00,3.2950000762939453,3.325000047683716,3.2850000858306885,3.325000047683716,135430,0.0,0.0
2023-06-13 13:30:00-04:00,3.325000047683716,3.325000047683716,3.210099935531616,3.210099935531616,103874,0.0,0.0
2023-06-13 14:30:00-04:00,3.2100000381469727,3.25,3.2049999237060547,3.2300000190734863,47968,0.0,0.0
2023-06-13 15:30:00-04:00,3.2200000286102295,3.2799999713897705,3.2200000286102295,3.2699999809265137,62711,0.0,0.0
2023-06-14 09:30:00-04:00,3.299999952316284,3.319999933242798,3.140000104904175,3.166599988937378,175738,0.0,0.0
2023-06-14 10:30:00-04:00,3.1700000762939453,3.184999942779541,3.119999885559082,3.1449999809265137,60545,0.0,0.0
2023-06-14 11:30:00-04:00,3.150099992752075,3.1700000762939453,3.125,3.1549999713897705,33408,0.0,0.0
2023-06-14 12:30:00-04:00,3.1549999713897705,3.190000057220459,3.129499912261963,3.134999990463257,43741,0.0,0.0
2023-06-14 13:30:00-04:00,3.134999990463257,3.1449999809265137,3.059999942779541,3.0850000381469727,153463,0.0,0.0
2023-06-14 14:30:00-04:00,3.0899999141693115,3.1700000762939453,3.0899999141693115,3.1593000888824463,60340,0.0,0.0
2023-06-14 15:30:00-04:00,3.1500000953674316,3.15939998626709,3.109999895095825,3.140000104904175,43826,0.0,0.0
2023-06-15 09:30:00-04:00,3.119999885559082,3.25,3.0799999237060547,3.2200000286102295,146934,0.0,0.0
2023-06-15 10:30:00-04:00,3.2100000381469727,3.25,3.200000047683716,3.25,53112,0.0,0.0
2023-06-15 11:30:00-04:00,3.244999885559082,3.25,3.1600000858306885,3.1600000858306885,68849,0.0,0.0
2023-06-15 12:30:00-04:00,3.169100046157837,3.2207000255584717,3.1600000858306885,3.2100000381469727,68941,0.0,0.0
2023-06-15 13:30:00-04:00,3.2200000286102295,3.232100009918213,3.180000066757202,3.190000057220459,69042,0.0,0.0
2023-06-15 14:30:00-04:00,3.190000057220459,3.2249999046325684,3.190000057220459,3.1989998817443848,47078,0.0,0.0
2023-06-15 15:30:00-04:00,3.190000057220459,3.2149999141693115,3.184999942779541,3.2049999237060547,57430,0.0,0.0
2023-06-16 09:30:00-04:00,3.2200000286102295,3.2799999713897705,3.130000114440918,3.1500000953674316,156374,0.0,0.0
2023-06-16 10:30:00-04:00,3.1449999809265137,3.1500000953674316,3.0899999141693115,3.0999999046325684,82168,0.0,0.0
2023-06-16 11:30:00-04:00,3.0999999046325684,3.130000114440918,3.0799999237060547,3.130000114440918,40810,0.0,0.0
2023-06-16 12:30:00-04:00,3.119999885559082,3.1700000762939453,3.115000009536743,3.115000009536743,62835,0.0,0.0
2023-06-16 13:30:00-04:00,3.1157000064849854,3.1291000843048096,3.0950000286102295,3.1050000190734863,24425,0.0,0.0
2023-06-16 14:30:00-04:00,3.0999999046325684,3.1500000953674316,3.0999999046325684,3.1449999809265137,75987,0.0,0.0
2023-06-16 15:30:00-04:00,3.1500000953674316,3.240000009536743,3.1500000953674316,3.200000047683716,185150,0.0,0.0
2023-06-20 09:30:00-04:00,3.1700000762939453,3.194999933242798,3.009999990463257,3.0250000953674316,132740,0.0,0.0
2023-06-20 10:30:00-04:00,3.0285000801086426,3.049999952316284,3.009999990463257,3.0199999809265137,67861,0.0,0.0
2023-06-20 11:30:00-04:00,3.0199999809265137,3.0850000381469727,3.009999990463257,3.055000066757202,102745,0.0,0.0
2023-06-20 12:30:00-04:00,3.055000066757202,3.055000066757202,3.0299999713897705,3.049999952316284,62446,0.0,0.0
2023-06-20 13:30:00-04:00,3.0450000762939453,3.0999999046325684,3.0199999809265137,3.069999933242798,157659,0.0,0.0
2023-06-20 14:30:00-04:00,3.0799999237060547,3.0999999046325684,3.069999933242798,3.0850000381469727,65767,0.0,0.0
2023-06-20 15:30:00-04:00,3.0850000381469727,3.0899999141693115,3.059999942779541,3.0799999237060547,70853,0.0,0.0
2023-06-21 09:30:00-04:00,3.0399999618530273,3.049999952316284,2.9600000381469727,2.9700000286102295,114458,0.0,0.0
2023-06-21 10:30:00-04:00,2.9649999141693115,3.0399999618530273,2.9600000381469727,3.0399999618530273,84571,0.0,0.0
2023-06-21 11:30:00-04:00,3.0350000858306885,3.1600000858306885,3.0199999809265137,3.059999942779541,153524,0.0,0.0
2023-06-21 12:30:00-04:00,3.069999933242798,3.069999933242798,3.0,3.009999990463257,49256,0.0,0.0
2023-06-21 13:30:00-04:00,3.015000104904175,3.0799999237060547,3.009999990463257,3.065000057220459,34122,0.0,0.0
2023-06-21 14:30:00-04:00,3.065000057220459,3.069999933242798,3.0299999713897705,3.055000066757202,38921,0.0,0.0
2023-06-21 15:30:00-04:00,3.055000066757202,3.055000066757202,3.0299999713897705,3.0399999618530273,39449,0.0,0.0
2023-06-22 09:30:00-04:00,3.0799999237060547,3.0799999237060547,2.869999885559082,2.880000114440918,246552,0.0,0.0
2023-06-22 10:30:00-04:00,2.880000114440918,2.8889000415802,2.799999952316284,2.815000057220459,163367,0.0,0.0
2023-06-22 11:30:00-04:00,2.815000057220459,2.9200000762939453,2.805000066757202,2.857300043106079,232626,0.0,0.0
2023-06-22 12:30:00-04:00,2.859999895095825,2.944999933242798,2.859999895095825,2.869999885559082,100478,0.0,0.0
2023-06-22 13:30:00-04:00,2.865000009536743,2.890000104904175,2.8499999046325684,2.859999895095825,64581,0.0,0.0
2023-06-22 14:30:00-04:00,2.859999895095825,2.859999895095825,2.8399999141693115,2.8399999141693115,55185,0.0,0.0
2023-06-22 15:30:00-04:00,2.8450000286102295,2.8499999046325684,2.8299999237060547,2.8499999046325684,81617,0.0,0.0
2023-06-23 09:30:00-04:00,2.9000000953674316,2.96560001373291,2.7899999618530273,2.951900005340576,160266,0.0,0.0
2023-06-23 10:30:00-04:00,2.9600000381469727,3.0199999809265137,2.940000057220459,2.948899984359741,87881,0.0,0.0
2023-06-23 11:30:00-04:00,2.941999912261963,3.005000114440918,2.930000066757202,2.9649999141693115,96525,0.0,0.0
2023-06-23 12:30:00-04:00,2.9600000381469727,2.9700000286102295,2.880000114440918,2.880000114440918,83605,0.0,0.0
2023-06-23 13:30:00-04:00,2.880000114440918,2.9000000953674316,2.799999952316284,2.819999933242798,167312,0.0,0.0
2023-06-23 14:30:00-04:00,2.825000047683716,2.865000009536743,2.819999933242798,2.8350000381469727,191229,0.0,0.0
2023-06-23 15:30:00-04:00,2.8399999141693115,2.859999895095825,2.809999942779541,2.8450000286102295,211733,0.0,0.0
2023-06-26 09:30:00-04:00,2.8299999237060547,3.0,2.8299999237060547,2.990000009536743,104293,0.0,0.0
2023-06-26 10:30:00-04:00,2.9971001148223877,3.0399999618530273,2.9600000381469727,2.9600000381469727,166634,0.0,0.0
2023-06-26 11:30:00-04:00,2.9600000381469727,2.9800000190734863,2.9200000762939453,2.9200000762939453,66111,0.0,0.0
2023-06-26 12:30:00-04:00,2.9200000762939453,2.930000066757202,2.9000000953674316,2.9000000953674316,49113,0.0,0.0
2023-06-26 13:30:00-04:00,2.9049999713897705,2.9100000858306885,2.859999895095825,2.859999895095825,79319,0.0,0.0
2023-06-26 14:30:00-04:00,2.865000009536743,2.869999885559082,2.8499999046325684,2.8550000190734863,85226,0.0,0.0
2023-06-26 15:30:00-04:00,2.8550000190734863,2.859999895095825,2.8299999237060547,2.8299999237060547,85469,0.0,0.0
2023-06-27 09:30:00-04:00,2.8399999141693115,2.9700000286102295,2.8399999141693115,2.930000066757202,145246,0.0,0.0
2023-06-27 10:30:00-04:00,2.924999952316284,2.940000057220459,2.890000104904175,2.9149999618530273,76037,0.0,0.0
2023-06-27 11:30:00-04:00,2.9200000762939453,2.930000066757202,2.859999895095825,2.924999952316284,94669,0.0,0.0
2023-06-27 12:30:00-04:00,2.924999952316284,2.990000009536743,2.9200000762939453,2.9749999046325684,62486,0.0,0.0
2023-06-27 13:30:00-04:00,2.9749999046325684,2.990000009536743,2.934999942779541,2.934999942779541,93693,0.0,0.0
2023-06-27 14:30:00-04:00,2.934999942779541,2.940000057220459,2.9000000953674316,2.924999952316284,82193,0.0,0.0
2023-06-27 15:30:00-04:00,2.924999952316284,2.9549999237060547,2.9200000762939453,2.9200000762939453,108246,0.0,0.0
2023-06-28 09:30:00-04:00,2.9800000190734863,2.9800000190734863,2.890000104904175,2.9149999618530273,126045,0.0,0.0
2023-06-28 10:30:00-04:00,2.9200000762939453,2.944999933242798,2.9024999141693115,2.940000057220459,71114,0.0,0.0
2023-06-28 11:30:00-04:00,2.940000057220459,2.990000009536743,2.930000066757202,2.934999942779541,103696,0.0,0.0
2023-06-28 12:30:00-04:00,2.940000057220459,2.950000047683716,2.9100000858306885,2.950000047683716,36630,0.0,0.0
2023-06-28 13:30:00-04:00,2.950000047683716,2.9600000381469727,2.934999942779541,2.944999933242798,30985,0.0,0.0
2023-06-28 14:30:00-04:00,2.944999933242798,2.950000047683716,2.9024999141693115,2.924999952316284,80755,0.0,0.0
2023-06-28 15:30:00-04:00,2.924999952316284,2.950000047683716,2.9200000762939453,2.950000047683716,82740,0.0,0.0
2023-06-29 09:30:00-04:00,3.140000104904175,3.4870998859405518,3.119999885559082,3.390000104904175,1066791,0.0,0.0
2023-06-29 10:30:00-04:00,3.4000000953674316,3.5299999713897705,3.3299999237060547,3.390000104904175,383513,0.0,0.0
2023-06-29 11:30:00-04:00,3.390000104904175,3.5,3.375,3.487499952316284,207841,0.0,0.0
2023-06-29 12:30:00-04:00,3.4800000190734863,3.549999952316284,3.4549999237060547,3.470099925994873,281899,0.0,0.0
2023-06-29 13:30:00-04:00,3.4749999046325684,3.5199999809265137,3.4600000381469727,3.494999885559082,173630,0.0,0.0
2023-06-29 14:30:00-04:00,3.490000009536743,3.5299999713897705,3.4110000133514404,3.4200000762939453,334432,0.0,0.0
2023-06-29 15:30:00-04:00,3.4200000762939453,3.549999952316284,3.3399999141693115,3.4800000190734863,499097,0.0,0.0
2023-06-30 09:30:00-04:00,3.549999952316284,3.5799999237060547,3.4509999752044678,3.5415000915527344,221898,0.0,0.0
2023-06-30 10:30:00-04:00,3.5399999618530273,3.5399999618530273,3.390000104904175,3.4700000286102295,153053,0.0,0.0
2023-06-30 11:30:00-04:00,3.4693000316619873,3.5450000762939453,3.4693000316619873,3.515000104904175,129394,0.0,0.0
2023-06-30 12:30:00-04:00,3.5199999809265137,3.5425000190734863,3.5,3.5399999618530273,61259,0.0,0.0
2023-06-30 13:30:00-04:00,3.5399999618530273,3.549999952316284,3.509999990463257,3.5250000953674316,41936,0.0,0.0
2023-06-30 14:30:00-04:00,3.5299999713897705,3.5350000858306885,3.4800000190734863,3.494999885559082,70603,0.0,0.0
2023-06-30 15:30:00-04:00,3.5,3.5299999713897705,3.490000009536743,3.5199999809265137,105453,0.0,0.0
2023-07-03 09:30:00-04:00,3.549999952316284,3.8201000690460205,3.549999952316284,3.700000047683716,266772,0.0,0.0
2023-07-03 10:30:00-04:00,3.700000047683716,3.7100000381469727,3.6026999950408936,3.619499921798706,89373,0.0,0.0
2023-07-03 11:30:00-04:00,3.619999885559082,3.625,3.549999952316284,3.5799999237060547,95589,0.0,0.0
2023-07-05 09:30:00-04:00,3.5899999141693115,3.9100000858306885,3.549999952316284,3.868499994277954,274055,0.0,0.0
2023-07-05 10:30:00-04:00,3.869999885559082,4.002699851989746,3.809999942779541,3.9904000759124756,215058,0.0,0.0
2023-07-05 11:30:00-04:00,4.0,4.010000228881836,3.93149995803833,3.9899001121520996,120841,0.0,0.0
2023-07-05 12:30:00-04:00,3.990000009536743,3.990000009536743,3.9200000762939453,3.9700000286102295,69598,0.0,0.0
2023-07-05 13:30:00-04:00,3.9700000286102295,3.994999885559082,3.869999885559082,3.880000114440918,105508,0.0,0.0
2023-07-05 14:30:00-04:00,3.8773000240325928,3.9200000762939453,3.869999885559082,3.9149999618530273,52350,0.0,0.0
2023-07-05 15:30:00-04:00,3.9119999408721924,3.9200000762939453,3.890000104904175,3.9200000762939453,77610,0.0,0.0
2023-07-06 09:30:00-04:00,3.869999885559082,3.869999885559082,3.569999933242798,3.569999933242798,295247,0.0,0.0
2023-07-06 10:30:00-04:00,3.579900026321411,3.6700000762939453,3.5316998958587646,3.6649999618530273,100600,0.0,0.0
2023-07-06 11:30:00-04:00,3.6649999618530273,3.7049999237060547,3.650099992752075,3.6993000507354736,44384,0.0,0.0
2023-07-06 12:30:00-04:00,3.694999933242798,3.815000057220459,3.6907999515533447,3.7899999618530273,81394,0.0,0.0
2023-07-06 13:30:00-04:00,3.7899999618530273,3.799999952316284,3.740000009536743,3.75,52265,0.0,0.0
2023-07-06 14:30:00-04:00,3.744999885559082,3.75,3.7149999141693115,3.7149999141693115,35142,0.0,0.0
2023-07-06 15:30:00-04:00,3.7111001014709473,3.7899999618530273,3.7111001014709473,3.7699999809265137,98964,0.0,0.0
2023-07-07 09:30:00-04:00,3.7699999809265137,3.9700000286102295,3.75,3.9600000381469727,118014,0.0,0.0
2023-07-07 10:30:00-04:00,3.950000047683716,3.9800000190734863,3.9000000953674316,3.950000047683716,75815,0.0,0.0
2023-07-07 11:30:00-04:00,3.9500999450683594,4.019999980926514,3.944999933242798,4.019999980926514,170413,0.0,0.0
2023-07-07 12:30:00-04:00,4.014999866485596,4.099999904632568,4.0,4.080900192260742,86637,0.0,0.0
2023-07-07 13:30:00-04:00,4.080599784851074,4.090000152587891,4.039999961853027,4.039999961853027,56038,0.0,0.0
2023-07-07 14:30:00-04:00,4.039999961853027,4.079999923706055,3.9800000190734863,4.070000171661377,93621,0.0,0.0
2023-07-07 15:30:00-04:00,4.069900035858154,4.070000171661377,4.039999961853027,4.045000076293945,113096,0.0,0.0
2023-07-10 09:30:00-04:00,4.510000228881836,4.53000020980835,4.090000152587891,4.349999904632568,979177,0.0,0.0
2023-07-10 10:30:00-04:00,4.349999904632568,4.550000190734863,4.333399772644043,4.549799919128418,317492,0.0,0.0
2023-07-10 11:30:00-04:00,4.539999961853027,4.590000152587891,4.409999847412109,4.517300128936768,327278,0.0,0.0
2023-07-10 12:30:00-04:00,4.514999866485596,4.78000020980835,4.505000114440918,4.755000114440918,300599,0.0,0.0
2023-07-10 13:30:00-04:00,4.755000114440918,4.934999942779541,4.75,4.934999942779541,427912,0.0,0.0
2023-07-10 14:30:00-04:00,4.934999942779541,5.0,4.861100196838379,4.920000076293945,497143,0.0,0.0
2023-07-10 15:30:00-04:00,4.914999961853027,4.940000057220459,4.84499979019165,4.929999828338623,309703,0.0,0.0
2023-07-11 09:30:00-04:00,4.980000019073486,5.100200176239014,4.710000038146973,4.920599937438965,1085000,0.0,0.0
2023-07-11 10:30:00-04:00,4.925000190734863,4.985000133514404,4.869999885559082,4.96999979019165,249602,0.0,0.0
2023-07-11 11:30:00-04:00,4.96999979019165,5.039999961853027,4.929999828338623,4.96999979019165,212884,0.0,0.0
2023-07-11 12:30:00-04:00,4.96999979019165,5.010000228881836,4.949999809265137,4.974999904632568,98328,0.0,0.0
2023-07-11 13:30:00-04:00,4.96999979019165,4.96999979019165,4.869999885559082,4.925000190734863,173555,0.0,0.0
2023-07-11 14:30:00-04:00,4.925000190734863,4.980000019073486,4.864999771118164,4.980000019073486,159744,0.0,0.0
2023-07-11 15:30:00-04:00,4.980000019073486,4.985000133514404,4.869999885559082,4.920000076293945,191836,0.0,0.0
2023-07-12 09:30:00-04:00,5.010000228881836,5.07480001449585,4.610000133514404,4.820700168609619,622957,0.0,0.0
2023-07-12 10:30:00-04:00,4.829999923706055,4.840000152587891,4.679999828338623,4.739999771118164,127683,0.0,0.0
2023-07-12 11:30:00-04:00,4.7399001121521,4.75,4.480000019073486,4.599999904632568,331785,0.0,0.0
2023-07-12 12:30:00-04:00,4.59499979019165,4.619999885559082,4.505000114440918,4.519100189208984,119060,0.0,0.0
2023-07-12 13:30:00-04:00,4.519999980926514,4.53000020980835,4.460000038146973,4.469399929046631,192205,0.0,0.0
2023-07-12 14:30:00-04:00,4.465000152587891,4.558300018310547,4.420400142669678,4.480000019073486,193685,0.0,0.0
2023-07-12 15:30:00-04:00,4.480100154876709,4.489999771118164,4.449999809265137,4.454999923706055,140444,0.0,0.0
2023-07-13 09:30:00-04:00,4.5,4.78000020980835,4.5,4.635000228881836,276448,0.0,0.0
2023-07-13 10:30:00-04:00,4.6305999755859375,4.75,4.592100143432617,4.710000038146973,123123,0.0,0.0
2023-07-13 11:30:00-04:00,4.71999979019165,4.780099868774414,4.695000171661377,4.710000038146973,111364,0.0,0.0
2023-07-13 12:30:00-04:00,4.715000152587891,4.71999979019165,4.599999904632568,4.64900016784668,93923,0.0,0.0
2023-07-13 13:30:00-04:00,4.65500020980835,4.760000228881836,4.579999923706055,4.579999923706055,255064,0.0,0.0
2023-07-13 14:30:00-04:00,4.582699775695801,4.599999904632568,4.53000020980835,4.565000057220459,154890,0.0,0.0
2023-07-13 15:30:00-04:00,4.559999942779541,4.710000038146973,4.550000190734863,4.59499979019165,328690,0.0,0.0
2023-07-14 09:30:00-04:00,4.510000228881836,4.659999847412109,4.289999961853027,4.290599822998047,420828,0.0,0.0
2023-07-14 10:30:00-04:00,4.289999961853027,4.340000152587891,4.20989990234375,4.235000133514404,189597,0.0,0.0
2023-07-14 11:30:00-04:00,4.230000019073486,4.25,4.190000057220459,4.249899864196777,113541,0.0,0.0
2023-07-14 12:30:00-04:00,4.244999885559082,4.260000228881836,4.159999847412109,4.179999828338623,121688,0.0,0.0
2023-07-14 13:30:00-04:00,4.179999828338623,4.21999979019165,4.135000228881836,4.199999809265137,86007,0.0,0.0
2023-07-14 14:30:00-04:00,4.199999809265137,4.200799942016602,4.130000114440918,4.144999980926514,109445,0.0,0.0
2023-07-14 15:30:00-04:00,4.149600028991699,4.150000095367432,4.099999904632568,4.150000095367432,169219,0.0,0.0
2023-07-17 09:30:00-04:00,4.059999942779541,4.340000152587891,4.010000228881836,4.304999828338623,304828,0.0,0.0
2023-07-17 10:30:00-04:00,4.309999942779541,4.329999923706055,4.150000095367432,4.171500205993652,94385,0.0,0.0
2023-07-17 11:30:00-04:00,4.190000057220459,4.289999961853027,4.170000076293945,4.275000095367432,80096,0.0,0.0
2023-07-17 12:30:00-04:00,4.269999980926514,4.385000228881836,4.21999979019165,4.375,85638,0.0,0.0
2023-07-17 13:30:00-04:00,4.375,4.400000095367432,4.329999923706055,4.389999866485596,83344,0.0,0.0
2023-07-17 14:30:00-04:00,4.390999794006348,4.390999794006348,4.320000171661377,4.350800037384033,63991,0.0,0.0
2023-07-17 15:30:00-04:00,4.355000019073486,4.355000019073486,4.300000190734863,4.300000190734863,57158,0.0,0.0
2023-07-18 09:30:00-04:00,4.289999961853027,4.420000076293945,4.239999771118164,4.409999847412109,128969,0.0,0.0
2023-07-18 10:30:00-04:00,4.420000076293945,4.510000228881836,4.389999866485596,4.409999847412109,120363,0.0,0.0
2023-07-18 11:30:00-04:00,4.409999847412109,4.489999771118164,4.385000228881836,4.445000171661377,99526,0.0,0.0
2023-07-18 12:30:00-04:00,4.445000171661377,4.449100017547607,4.364999771118164,4.364999771118164,34130,0.0,0.0
2023-07-18 13:30:00-04:00,4.355000019073486,4.420000076293945,4.340000152587891,4.40500020980835,69902,0.0,0.0
2023-07-18 14:30:00-04:00,4.400000095367432,4.449999809265137,4.385000228881836,4.420000076293945,51378,0.0,0.0
2023-07-18 15:30:00-04:00,4.429999828338623,4.440000057220459,4.409999847412109,4.440000057220459,85372,0.0,0.0
2023-07-19 09:30:00-04:00,4.440000057220459,4.599999904632568,4.429999828338623,4.508900165557861,174646,0.0,0.0
2023-07-19 10:30:00-04:00,4.510000228881836,4.59499979019165,4.489999771118164,4.59499979019165,68872,0.0,0.0
2023-07-19 11:30:00-04:00,4.597300052642822,4.630000114440918,4.480000019073486,4.480000019073486,90832,0.0,0.0
2023-07-19 12:30:00-04:00,4.46999979019165,4.489999771118164,4.409999847412109,4.449999809265137,98002,0.0,0.0
2023-07-19 13:30:00-04:00,4.449999809265137,4.539999961853027,4.449999809265137,4.519999980926514,61908,0.0,0.0
2023-07-19 14:30:00-04:00,4.519999980926514,4.554999828338623,4.480000019073486,4.525000095367432,62732,0.0,0.0
2023-07-19 15:30:00-04:00,4.525000095367432,4.525000095367432,4.489999771118164,4.519999980926514,53873,0.0,0.0
2023-07-20 09:30:00-04:00,4.440000057220459,4.440000057220459,4.269999980926514,4.272600173950195,113743,0.0,0.0
2023-07-20 10:30:00-04:00,4.271999835968018,4.309999942779541,4.227799892425537,4.288700103759766,73779,0.0,0.0
2023-07-20 11:30:00-04:00,4.28000020980835,4.329999923706055,4.25,4.25,46668,0.0,0.0
2023-07-20 12:30:00-04:00,4.260000228881836,4.284999847412109,4.224999904632568,4.235000133514404,75428,0.0,0.0
2023-07-20 13:30:00-04:00,4.235000133514404,4.244999885559082,4.21999979019165,4.235000133514404,42919,0.0,0.0
2023-07-20 14:30:00-04:00,4.230000019073486,4.289899826049805,4.21999979019165,4.21999979019165,65658,0.0,0.0
2023-07-20 15:30:00-04:00,4.224999904632568,4.239999771118164,4.199999809265137,4.210000038146973,73288,0.0,0.0
2023-07-21 09:30:00-04:00,4.25,4.25029993057251,4.019999980926514,4.050000190734863,145879,0.0,0.0
2023-07-21 10:30:00-04:00,4.050000190734863,4.155200004577637,4.050000190734863,4.135000228881836,58255,0.0,0.0
2023-07-21 11:30:00-04:00,4.139999866485596,4.160699844360352,4.090000152587891,4.130000114440918,41187,0.0,0.0
2023-07-21 12:30:00-04:00,4.119999885559082,4.170000076293945,4.119999885559082,4.170000076293945,33208,0.0,0.0
2023-07-21 13:30:00-04:00,4.170000076293945,4.190000057220459,4.139999866485596,4.139999866485596,57908,0.0,0.0
2023-07-21 14:30:00-04:00,4.139999866485596,4.15500020980835,4.079999923706055,4.090000152587891,46047,0.0,0.0
2023-07-21 15:30:00-04:00,4.090000152587891,4.130000114440918,4.085000038146973,4.130000114440918,98659,0.0,0.0
2023-07-24 09:30:00-04:00,4.170000076293945,4.224999904632568,4.070000171661377,4.159999847412109,79313,0.0,0.0
2023-07-24 10:30:00-04:00,4.1508002281188965,4.190000057220459,4.09499979019165,4.175000190734863,91504,0.0,0.0
2023-07-24 11:30:00-04:00,4.179999828338623,4.208700180053711,4.170000076293945,4.199999809265137,32419,0.0,0.0
2023-07-24 12:30:00-04:00,4.204999923706055,4.2399001121521,4.196800231933594,4.199999809265137,38480,0.0,0.0
2023-07-24 13:30:00-04:00,4.199999809265137,4.21999979019165,4.190000057220459,4.210000038146973,21309,0.0,0.0
2023-07-24 14:30:00-04:00,4.199999809265137,4.199999809265137,4.130000114440918,4.130000114440918,32593,0.0,0.0
2023-07-24 15:30:00-04:00,4.130000114440918,4.150000095367432,4.130000114440918,4.150000095367432,63390,0.0,0.0
2023-07-25 09:30:00-04:00,4.159999847412109,4.21999979019165,4.019999980926514,4.070000171661377,117478,0.0,0.0
2023-07-25 10:30:00-04:00,4.070000171661377,4.090000152587891,4.0,4.009900093078613,95750,0.0,0.0
2023-07-25 11:30:00-04:00,4.005000114440918,4.050000190734863,4.005000114440918,4.045000076293945,93435,0.0,0.0
2023-07-25 12:30:00-04:00,4.048999786376953,4.048999786376953,3.9800000190734863,3.9800000190734863,88698,0.0,0.0
2023-07-25 13:30:00-04:00,3.990000009536743,4.0,3.940000057220459,3.950000047683716,112905,0.0,0.0
2023-07-25 14:30:00-04:00,3.9600000381469727,3.9800000190734863,3.930000066757202,3.950000047683716,82506,0.0,0.0
2023-07-25 15:30:00-04:00,3.950000047683716,3.950000047683716,3.869999885559082,3.890000104904175,139110,0.0,0.0
2023-07-26 09:30:00-04:00,3.9100000858306885,4.039999961853027,3.880000114440918,3.9800000190734863,102139,0.0,0.0
2023-07-26 10:30:00-04:00,3.9800000190734863,3.990000009536743,3.9000000953674316,3.9149999618530273,54996,0.0,0.0
2023-07-26 11:30:00-04:00,3.911099910736084,3.9749999046325684,3.911099910736084,3.9704999923706055,36551,0.0,0.0
2023-07-26 12:30:00-04:00,3.9600000381469727,4.0,3.9600000381469727,3.989000082015991,49532,0.0,0.0
2023-07-26 13:30:00-04:00,3.98799991607666,3.98799991607666,3.9200000762939453,3.930000066757202,27352,0.0,0.0
2023-07-26 14:30:00-04:00,3.932499885559082,3.990000009536743,3.932499885559082,3.98009991645813,54674,0.0,0.0
2023-07-26 15:30:00-04:00,3.9800000190734863,4.010000228881836,3.9700000286102295,4.010000228881836,74046,0.0,0.0
2023-07-27 09:30:00-04:00,4.050000190734863,4.110000133514404,3.944999933242798,3.97160005569458,138871,0.0,0.0
2023-07-27 10:30:00-04:00,3.9649999141693115,3.990000009536743,3.930000066757202,3.9549999237060547,82235,0.0,0.0
2023-07-27 11:30:00-04:00,3.9549999237060547,3.9800000190734863,3.930000066757202,3.9600000381469727,67944,0.0,0.0
2023-07-27 12:30:00-04:00,3.9600000381469727,3.9749999046325684,3.9000000953674316,3.9149999618530273,73076,0.0,0.0
2023-07-27 13:30:00-04:00,3.9149999618530273,3.9189999103546143,3.8499999046325684,3.8505001068115234,101013,0.0,0.0
2023-07-27 14:30:00-04:00,3.8550000190734863,3.8550000190734863,3.799999952316284,3.819000005722046,75826,0.0,0.0
2023-07-27 15:30:00-04:00,3.815000057220459,3.8190999031066895,3.7699999809265137,3.799999952316284,92848,0.0,0.0
2023-07-28 09:30:00-04:00,3.8499999046325684,3.890000104904175,3.7200000286102295,3.75,234955,0.0,0.0
2023-07-28 10:30:00-04:00,3.75,3.8299999237060547,3.744999885559082,3.799999952316284,90024,0.0,0.0
2023-07-28 11:30:00-04:00,3.799999952316284,3.859999895095825,3.799999952316284,3.815000057220459,71005,0.0,0.0
2023-07-28 12:30:00-04:00,3.815000057220459,3.8399999141693115,3.7899999618530273,3.825000047683716,47305,0.0,0.0
2023-07-28 13:30:00-04:00,3.825000047683716,3.8350000381469727,3.7850000858306885,3.809999942779541,83004,0.0,0.0
2023-07-28 14:30:00-04:00,3.815000057220459,3.8399999141693115,3.799999952316284,3.809999942779541,72028,0.0,0.0
2023-07-28 15:30:00-04:00,3.809999942779541,3.859999895095825,3.799999952316284,3.859999895095825,118950,0.0,0.0
2023-07-31 09:30:00-04:00,3.9000000953674316,4.199999809265137,3.9000000953674316,4.139999866485596,318147,0.0,0.0
2023-07-31 10:30:00-04:00,4.139999866485596,4.28000020980835,4.139999866485596,4.255199909210205,304407,0.0,0.0
2023-07-31 11:30:00-04:00,4.25,4.260000228881836,4.170000076293945,4.190000057220459,92751,0.0,0.0
2023-07-31 12:30:00-04:00,4.190000057220459,4.210000038146973,4.170000076293945,4.210000038146973,51514,0.0,0.0
2023-07-31 13:30:00-04:00,4.210000038146973,4.239999771118164,4.195000171661377,4.215000152587891,61662,0.0,0.0
2023-07-31 14:30:00-04:00,4.218200206756592,4.25,4.210000038146973,4.230000019073486,68169,0.0,0.0
2023-07-31 15:30:00-04:00,4.230000019073486,4.239999771118164,4.190000057220459,4.21999979019165,115768,0.0,0.0
2023-08-01 09:30:00-04:00,4.179999828338623,4.190000057220459,4.0,4.050000190734863,247939,0.0,0.0
2023-08-01 10:30:00-04:00,4.050000190734863,4.079999923706055,4.039999961853027,4.050000190734863,71672,0.0,0.0
2023-08-01 11:30:00-04:00,4.049699783325195,4.085000038146973,3.9700000286102295,3.980799913406372,113819,0.0,0.0
2023-08-01 12:30:00-04:00,3.990000009536743,4.039999961853027,3.9700000286102295,4.019999980926514,91817,0.0,0.0
2023-08-01 13:30:00-04:00,4.010000228881836,4.021200180053711,3.9649999141693115,3.9800000190734863,129585,0.0,0.0
2023-08-01 14:30:00-04:00,3.9800000190734863,3.9800000190734863,3.930000066757202,3.940000057220459,183239,0.0,0.0
2023-08-01 15:30:00-04:00,3.940000057220459,4.0,3.9200000762939453,3.9749999046325684,141778,0.0,0.0
2023-08-02 09:30:00-04:00,4.010000228881836,4.010000228881836,3.7100000381469727,3.7499001026153564,426246,0.0,0.0
2023-08-02 10:30:00-04:00,3.75,3.755000114440918,3.6198999881744385,3.630000114440918,278242,0.0,0.0
2023-08-02 11:30:00-04:00,3.630000114440918,3.680000066757202,3.5799999237060547,3.6679999828338623,190950,0.0,0.0
2023-08-02 12:30:00-04:00,3.6700000762939453,3.7799999713897705,3.6649999618530273,3.7750000953674316,88350,0.0,0.0
2023-08-02 13:30:00-04:00,3.7750000953674316,3.7899999618530273,3.7304999828338623,3.744999885559082,74656,0.0,0.0
2023-08-02 14:30:00-04:00,3.744999885559082,3.744999885559082,3.7300000190734863,3.734999895095825,48080,0.0,0.0
2023-08-02 15:30:00-04:00,3.734999895095825,3.734999895095825,3.690000057220459,3.694999933242798,76489,0.0,0.0
2023-08-03 09:30:00-04:00,3.609999895095825,3.6600000858306885,3.3299999237060547,3.3499999046325684,594100,0.0,0.0
2023-08-03 10:30:00-04:00,3.359999895095825,3.440000057220459,3.3299999237060547,3.3499999046325684,168183,0.0,0.0
2023-08-03 11:30:00-04:00,3.3450000286102295,3.3499999046325684,3.3201000690460205,3.325000047683716,122308,0.0,0.0
2023-08-03 12:30:00-04:00,3.325000047683716,3.4000000953674316,3.325000047683716,3.380000114440918,117051,0.0,0.0
2023-08-03 13:30:00-04:00,3.369999885559082,3.369999885559082,3.299999952316284,3.305000066757202,138418,0.0,0.0
2023-08-03 14:30:00-04:00,3.299999952316284,3.309999942779541,3.299999952316284,3.305000066757202,161311,0.0,0.0
2023-08-03 15:30:00-04:00,3.305000066757202,3.309999942779541,3.299999952316284,3.299999952316284,119579,0.0,0.0
2023-08-04 09:30:00-04:00,3.350100040435791,3.3592000007629395,3.0999999046325684,3.190000057220459,509516,0.0,0.0
2023-08-04 10:30:00-04:00,3.197200059890747,3.279900074005127,3.197200059890747,3.25,97544,0.0,0.0
2023-08-04 11:30:00-04:00,3.244999885559082,3.3299999237060547,3.240299940109253,3.321199893951416,107364,0.0,0.0
2023-08-04 12:30:00-04:00,3.322700023651123,3.3299999237060547,3.25,3.255000114440918,62917,0.0,0.0
2023-08-04 13:30:00-04:00,3.255000114440918,3.259999990463257,3.200000047683716,3.2035000324249268,61612,0.0,0.0
2023-08-04 14:30:00-04:00,3.2049999237060547,3.2100000381469727,3.1500000953674316,3.1549999713897705,73007,0.0,0.0
2023-08-04 15:30:00-04:00,3.1549999713897705,3.1600000858306885,3.130000114440918,3.134999990463257,78376,0.0,0.0
2023-08-07 09:30:00-04:00,3.1700000762939453,3.200000047683716,3.0299999713897705,3.161799907684326,317806,0.0,0.0
2023-08-07 10:30:00-04:00,3.1700000762939453,3.190000057220459,3.1314001083374023,3.170099973678589,73185,0.0,0.0
2023-08-07 11:30:00-04:00,3.1700000762939453,3.2049999237060547,3.134999990463257,3.1700000762939453,83612,0.0,0.0
2023-08-07 12:30:00-04:00,3.1649999618530273,3.190000057220459,3.140000104904175,3.184999942779541,41477,0.0,0.0
2023-08-07 13:30:00-04:00,3.180000066757202,3.2298998832702637,3.180000066757202,3.2249999046325684,66709,0.0,0.0
2023-08-07 14:30:00-04:00,3.2300000190734863,3.255000114440918,3.1998000144958496,3.1998000144958496,90012,0.0,0.0
2023-08-07 15:30:00-04:00,3.200000047683716,3.244999885559082,3.200000047683716,3.2100000381469727,130342,0.0,0.0
2023-08-08 09:30:00-04:00,3.0999999046325684,3.180000066757202,3.0299999713897705,3.130000114440918,245448,0.0,0.0
2023-08-08 10:30:00-04:00,3.119999885559082,3.140000104904175,3.0899999141693115,3.130000114440918,60319,0.0,0.0
2023-08-08 11:30:00-04:00,3.130000114440918,3.140000104904175,3.109999895095825,3.1298999786376953,42278,0.0,0.0
2023-08-08 12:30:00-04:00,3.119999885559082,3.140000104904175,3.109999895095825,3.109999895095825,40505,0.0,0.0
2023-08-08 13:30:00-04:00,3.115000009536743,3.140000104904175,3.109999895095825,3.109999895095825,63752,0.0,0.0
2023-08-08 14:30:00-04:00,3.109999895095825,3.194999933242798,3.109999895095825,3.184999942779541,121896,0.0,0.0
2023-08-08 15:30:00-04:00,3.184999942779541,3.200000047683716,3.1600000858306885,3.1700000762939453,148499,0.0,0.0
2023-08-09 09:30:00-04:00,3.299999952316284,3.309999942779541,3.0999999046325684,3.130000114440918,241202,0.0,0.0
2023-08-09 10:30:00-04:00,3.130000114440918,3.1700000762939453,3.119999885559082,3.1500000953674316,100506,0.0,0.0
2023-08-09 11:30:00-04:00,3.1500000953674316,3.2300000190734863,3.1500000953674316,3.2200000286102295,81610,0.0,0.0
2023-08-09 12:30:00-04:00,3.2200000286102295,3.2300000190734863,3.190000057220459,3.200000047683716,47438,0.0,0.0
2023-08-09 13:30:00-04:00,3.2100000381469727,3.2200000286102295,3.200000047683716,3.2149999141693115,47193,0.0,0.0
2023-08-09 14:30:00-04:00,3.2149999141693115,3.2300000190734863,3.200000047683716,3.200000047683716,65483,0.0,0.0
2023-08-09 15:30:00-04:00,3.200000047683716,3.2149999141693115,3.1500000953674316,3.1600000858306885,223034,0.0,0.0
2023-08-10 09:30:00-04:00,3.1500000953674316,3.1600000858306885,3.0450000762939453,3.069999933242798,242088,0.0,0.0
2023-08-10 10:30:00-04:00,3.059999942779541,3.069999933242798,3.009999990463257,3.069999933242798,150800,0.0,0.0
2023-08-10 11:30:00-04:00,3.0664000511169434,3.0799999237060547,3.0299999713897705,3.0450000762939453,71695,0.0,0.0
2023-08-10 12:30:00-04:00,3.0399999618530273,3.049999952316284,3.009999990463257,3.0250000953674316,50907,0.0,0.0
2023-08-10 13:30:00-04:00,3.0199999809265137,3.049999952316284,3.0,3.0199999809265137,88867,0.0,0.0
2023-08-10 14:30:00-04:00,3.0199999809265137,3.0799999237060547,3.009999990463257,3.055000066757202,180382,0.0,0.0
2023-08-10 15:30:00-04:00,3.055000066757202,3.059999942779541,3.0299999713897705,3.0399999618530273,101793,0.0,0.0
2023-08-11 09:30:00-04:00,3.009999990463257,3.069999933242798,3.0,3.0304999351501465,181470,0.0,0.0
2023-08-11 10:30:00-04:00,3.0299999713897705,3.030100107192993,3.0,3.0,69907,0.0,0.0
2023-08-11 11:30:00-04:00,3.005000114440918,3.0299999713897705,2.9700000286102295,3.0,199567,0.0,0.0
2023-08-11 12:30:00-04:00,3.009999990463257,3.01990008354187,2.9800000190734863,2.994999885559082,90002,0.0,0.0
2023-08-11 13:30:00-04:00,2.990000009536743,3.0,2.9600000381469727,2.9749999046325684,157470,0.0,0.0
2023-08-11 14:30:00-04:00,2.9700000286102295,2.9876999855041504,2.9700000286102295,2.9700000286102295,80836,0.0,0.0
2023-08-11 15:30:00-04:00,2.9797000885009766,2.9800000190734863,2.950000047683716,2.950000047683716,160507,0.0,0.0
2023-08-14 09:30:00-04:00,2.940000057220459,3.0199999809265137,2.9000000953674316,2.990000009536743,219229,0.0,0.0
2023-08-14 10:30:00-04:00,2.984999895095825,3.0199999809265137,2.9649999141693115,3.0199999809265137,72333,0.0,0.0
2023-08-14 11:30:00-04:00,3.0199999809265137,3.0399999618530273,2.990000009536743,2.994999885559082,53901,0.0,0.0
2023-08-14 12:30:00-04:00,2.997499942779541,3.0199999809265137,2.990000009536743,3.009999990463257,25259,0.0,0.0
2023-08-14 13:30:00-04:00,3.009999990463257,3.0199999809265137,2.984999895095825,3.015000104904175,37611,0.0,0.0
2023-08-14 14:30:00-04:00,3.0199999809265137,3.0199999809265137,2.9700000286102295,3.009999990463257,122872,0.0,0.0
2023-08-14 15:30:00-04:00,3.0199999809265137,3.0299999713897705,3.0,3.0199999809265137,58602,0.0,0.0
2023-08-15 09:30:00-04:00,2.9800000190734863,3.015000104904175,2.9000000953674316,2.9049999713897705,164239,0.0,0.0
2023-08-15 10:30:00-04:00,2.9100000858306885,2.940000057220459,2.9000000953674316,2.9049999713897705,137746,0.0,0.0
2023-08-15 11:30:00-04:00,2.9049999713897705,2.9149999618530273,2.809999942779541,2.8299999237060547,364934,0.0,0.0
2023-08-15 12:30:00-04:00,2.8396999835968018,2.8499999046325684,2.809999942779541,2.8399999141693115,82440,0.0,0.0
2023-08-15 13:30:00-04:00,2.8350000381469727,2.8499999046325684,2.809999942779541,2.825000047683716,117433,0.0,0.0
2023-08-15 14:30:00-04:00,2.8299999237060547,2.884999990463257,2.8299999237060547,2.875,64690,0.0,0.0
2023-08-15 15:30:00-04:00,2.869999885559082,2.890000104904175,2.869999885559082,2.880000114440918,75483,0.0,0.0
2023-08-16 09:30:00-04:00,2.809999942779541,2.930000066757202,2.799999952316284,2.8350000381469727,222140,0.0,0.0
2023-08-16 10:30:00-04:00,2.8334999084472656,2.8787999153137207,2.8299999237060547,2.8299999237060547,63302,0.0,0.0
2023-08-16 11:30:00-04:00,2.8299999237060547,2.839900016784668,2.809999942779541,2.809999942779541,57352,0.0,0.0
2023-08-16 12:30:00-04:00,2.809999942779541,2.825000047683716,2.799999952316284,2.819999933242798,32297,0.0,0.0
2023-08-16 13:30:00-04:00,2.825000047683716,2.8499999046325684,2.815000057220459,2.8399999141693115,60577,0.0,0.0
2023-08-16 14:30:00-04:00,2.8399999141693115,2.8596999645233154,2.805000066757202,2.815000057220459,105110,0.0,0.0
2023-08-16 15:30:00-04:00,2.815000057220459,2.8299999237060547,2.799999952316284,2.799999952316284,63766,0.0,0.0
2023-08-17 09:30:00-04:00,2.799999952316284,2.819999933242798,2.740000009536743,2.760999917984009,174672,0.0,0.0
2023-08-17 10:30:00-04:00,2.7699999809265137,2.859999895095825,2.759999990463257,2.825000047683716,79905,0.0,0.0
2023-08-17 11:30:00-04:00,2.8299999237060547,2.880000114440918,2.825700044631958,2.8680999279022217,64704,0.0,0.0
2023-08-17 12:30:00-04:00,2.869999885559082,2.869999885559082,2.8299999237060547,2.8299999237060547,26792,0.0,0.0
2023-08-17 13:30:00-04:00,2.8299999237060547,2.8499999046325684,2.819999933242798,2.8299999237060547,58860,0.0,0.0
2023-08-17 14:30:00-04:00,2.825000047683716,2.825000047683716,2.759999990463257,2.7799999713897705,98524,0.0,0.0
2023-08-17 15:30:00-04:00,2.7899999618530273,2.7899999618530273,2.759999990463257,2.759999990463257,106171,0.0,0.0
2023-08-18 09:30:00-04:00,2.7200000286102295,2.8299999237060547,2.680000066757202,2.751499891281128,177667,0.0,0.0
2023-08-18 10:30:00-04:00,2.759999990463257,2.80049991607666,2.759999990463257,2.7799999713897705,38001,0.0,0.0
2023-08-18 11:30:00-04:00,2.7795000076293945,2.8350000381469727,2.7792999744415283,2.8299999237060547,31288,0.0,0.0
2023-08-18 12:30:00-04:00,2.8350000381469727,2.8399999141693115,2.7899999618530273,2.799999952316284,102576,0.0,0.0
2023-08-18 13:30:00-04:00,2.8090999126434326,2.8090999126434326,2.7699999809265137,2.7750000953674316,37317,0.0,0.0
2023-08-18 14:30:00-04:00,2.7750000953674316,2.779900074005127,2.740000009536743,2.744999885559082,59138,0.0,0.0
2023-08-18 15:30:00-04:00,2.740000009536743,2.7699999809265137,2.740000009536743,2.755000114440918,77649,0.0,0.0
2023-08-21 09:30:00-04:00,2.7699999809265137,2.7699999809265137,2.7049999237060547,2.7249999046325684,109164,0.0,0.0
2023-08-21 10:30:00-04:00,2.7300000190734863,2.7799999713897705,2.7300000190734863,2.7639999389648438,84139,0.0,0.0
2023-08-21 11:30:00-04:00,2.759999990463257,2.7699999809265137,2.740000009536743,2.769200086593628,42916,0.0,0.0
2023-08-21 12:30:00-04:00,2.7699999809265137,2.7850000858306885,2.75,2.7799999713897705,78531,0.0,0.0
2023-08-21 13:30:00-04:00,2.7799999713897705,2.7799999713897705,2.75,2.759999990463257,33890,0.0,0.0
2023-08-21 14:30:00-04:00,2.765000104904175,2.7799999713897705,2.765000104904175,2.765000104904175,37778,0.0,0.0
2023-08-21 15:30:00-04:00,2.765000104904175,2.7699999809265137,2.755000114440918,2.7699999809265137,50919,0.0,0.0
2023-08-22 09:30:00-04:00,2.7899999618530273,2.8299999237060547,2.75,2.7681000232696533,112482,0.0,0.0
2023-08-22 10:30:00-04:00,2.760699987411499,2.7850000858306885,2.7592999935150146,2.765000104904175,57039,0.0,0.0
2023-08-22 11:30:00-04:00,2.759999990463257,2.7799999713897705,2.7500998973846436,2.7516000270843506,39781,0.0,0.0
2023-08-22 12:30:00-04:00,2.7567999362945557,2.799999952316284,2.750499963760376,2.799999952316284,47063,0.0,0.0
2023-08-22 13:30:00-04:00,2.7899999618530273,2.799999952316284,2.7899999618530273,2.799999952316284,26748,0.0,0.0
2023-08-22 14:30:00-04:00,2.800800085067749,2.809999942779541,2.7699999809265137,2.7699999809265137,39087,0.0,0.0
2023-08-22 15:30:00-04:00,2.7750000953674316,2.7799999713897705,2.759999990463257,2.7799999713897705,82244,0.0,0.0
2023-08-23 09:30:00-04:00,2.7899999618530273,2.859999895095825,2.75,2.805000066757202,74237,0.0,0.0
2023-08-23 10:30:00-04:00,2.805000066757202,2.890000104904175,2.799999952316284,2.880000114440918,56405,0.0,0.0
2023-08-23 11:30:00-04:00,2.880000114440918,2.9096999168395996,2.859999895095825,2.86929988861084,39810,0.0,0.0
2023-08-23 12:30:00-04:00,2.859999895095825,2.9200000762939453,2.859999895095825,2.8949999809265137,72761,0.0,0.0
2023-08-23 13:30:00-04:00,2.9000000953674316,2.9100000858306885,2.86080002784729,2.869999885559082,36652,0.0,0.0
2023-08-23 14:30:00-04:00,2.879300117492676,2.884999990463257,2.8550000190734863,2.875,27286,0.0,0.0
2023-08-23 15:30:00-04:00,2.875,2.880000114440918,2.859999895095825,2.880000114440918,33649,0.0,0.0
2023-08-24 09:30:00-04:00,2.859999895095825,2.889899969100952,2.700000047683716,2.740000009536743,181924,0.0,0.0
2023-08-24 10:30:00-04:00,2.744999885559082,2.7606000900268555,2.7100000381469727,2.7200000286102295,68153,0.0,0.0
2023-08-24 11:30:00-04:00,2.7200000286102295,2.765000104904175,2.7200000286102295,2.759999990463257,102809,0.0,0.0
2023-08-24 12:30:00-04:00,2.755000114440918,2.7799999713897705,2.700000047683716,2.7049999237060547,38660,0.0,0.0
2023-08-24 13:30:00-04:00,2.7049999237060547,2.7200000286102295,2.700000047683716,2.7149999141693115,54899,0.0,0.0
2023-08-24 14:30:00-04:00,2.7197000980377197,2.7200000286102295,2.700000047683716,2.7100000381469727,34922,0.0,0.0
2023-08-24 15:30:00-04:00,2.7049999237060547,2.7149999141693115,2.690000057220459,2.700000047683716,124855,0.0,0.0
2023-08-25 09:30:00-04:00,2.7100000381469727,2.7799999713897705,2.6700000762939453,2.7404000759124756,120770,0.0,0.0
2023-08-25 10:30:00-04:00,2.744999885559082,2.7899999618530273,2.7300000190734863,2.7899999618530273,68491,0.0,0.0
2023-08-25 11:30:00-04:00,2.7950000762939453,2.809999942779541,2.759999990463257,2.809999942779541,51740,0.0,0.0
2023-08-25 12:30:00-04:00,2.809999942779541,2.825000047683716,2.805000066757202,2.809999942779541,22897,0.0,0.0
2023-08-25 13:30:00-04:00,2.815000057220459,2.8450000286102295,2.799999952316284,2.8450000286102295,44394,0.0,0.0
2023-08-25 14:30:00-04:00,2.8450000286102295,2.8598999977111816,2.8399999141693115,2.8499999046325684,47542,0.0,0.0
2023-08-25 15:30:00-04:00,2.8499999046325684,2.859999895095825,2.8399999141693115,2.8399999141693115,58292,0.0,0.0
2023-08-28 09:30:00-04:00,2.9000000953674316,3.0,2.869999885559082,2.9700000286102295,149562,0.0,0.0
2023-08-28 10:30:00-04:00,2.9649999141693115,2.9800000190734863,2.9049999713897705,2.934999942779541,147687,0.0,0.0
2023-08-28 11:30:00-04:00,2.940000057220459,2.944999933242798,2.9200000762939453,2.934999942779541,16111,0.0,0.0
2023-08-28 12:30:00-04:00,2.934999942779541,2.950000047683716,2.934999942779541,2.950000047683716,15008,0.0,0.0
2023-08-28 13:30:00-04:00,2.950000047683716,2.950000047683716,2.9200000762939453,2.944999933242798,34007,0.0,0.0
2023-08-28 14:30:00-04:00,2.9400999546051025,3.015000104904175,2.940000057220459,2.950000047683716,158324,0.0,0.0
2023-08-28 15:30:00-04:00,2.950000047683716,2.9649999141693115,2.940000057220459,2.9600000381469727,102297,0.0,0.0
2023-08-29 09:30:00-04:00,2.9700000286102295,3.0199999809265137,2.9100000858306885,3.0199999809265137,105889,0.0,0.0
2023-08-29 10:30:00-04:00,3.0199999809265137,3.140000104904175,3.009500026702881,3.071000099182129,156367,0.0,0.0
2023-08-29 11:30:00-04:00,3.0708999633789062,3.0999999046325684,3.069999933242798,3.091200113296509,34664,0.0,0.0
2023-08-29 12:30:00-04:00,3.0899999141693115,3.119999885559082,3.08270001411438,3.0999999046325684,38606,0.0,0.0
2023-08-29 13:30:00-04:00,3.0999999046325684,3.109999895095825,3.0899999141693115,3.0950000286102295,36739,0.0,0.0
2023-08-29 14:30:00-04:00,3.0999999046325684,3.0999999046325684,3.0899999141693115,3.0899999141693115,28510,0.0,0.0
2023-08-29 15:30:00-04:00,3.0899999141693115,3.1050000190734863,3.0899999141693115,3.0950000286102295,56235,0.0,0.0
2023-08-30 09:30:00-04:00,3.009999990463257,3.079900026321411,2.930000066757202,3.015000104904175,164440,0.0,0.0
2023-08-30 10:30:00-04:00,3.0199999809265137,3.0799999237060547,3.0199999809265137,3.0697999000549316,45042,0.0,0.0
2023-08-30 11:30:00-04:00,3.069999933242798,3.0899999141693115,3.059999942779541,3.065000057220459,21193,0.0,0.0
2023-08-30 12:30:00-04:00,3.065000057220459,3.069999933242798,3.0299999713897705,3.0299999713897705,17624,0.0,0.0
2023-08-30 13:30:00-04:00,3.0350000858306885,3.049999952316284,3.0299999713897705,3.0350000858306885,23612,0.0,0.0
2023-08-30 14:30:00-04:00,3.0350000858306885,3.049999952316284,3.009999990463257,3.049999952316284,80411,0.0,0.0
2023-08-30 15:30:00-04:00,3.0450000762939453,3.049999952316284,3.0299999713897705,3.0299999713897705,31270,0.0,0.0
2023-08-31 09:30:00-04:00,3.009999990463257,3.130000114440918,3.009999990463257,3.069999933242798,147218,0.0,0.0
2023-08-31 10:30:00-04:00,3.065000057220459,3.0799999237060547,3.049999952316284,3.075000047683716,39404,0.0,0.0
2023-08-31 11:30:00-04:00,3.075000047683716,3.0799999237060547,3.015000104904175,3.029900074005127,45968,0.0,0.0
2023-08-31 12:30:00-04:00,3.0199999809265137,3.0299999713897705,3.009999990463257,3.0250000953674316,35192,0.0,0.0
2023-08-31 13:30:00-04:00,3.0250000953674316,3.049999952316284,3.0250000953674316,3.0450000762939453,30934,0.0,0.0
2023-08-31 14:30:00-04:00,3.0450000762939453,3.049999952316284,3.0299999713897705,3.0399999618530273,29530,0.0,0.0
2023-08-31 15:30:00-04:00,3.0350000858306885,3.059999942779541,3.0299999713897705,3.059999942779541,65311,0.0,0.0
2023-09-01 09:30:00-04:00,3.0999999046325684,3.143199920654297,3.049999952316284,3.1050000190734863,65223,0.0,0.0
2023-09-01 10:30:00-04:00,3.1050000190734863,3.130000114440918,3.0850000381469727,3.115000009536743,46424,0.0,0.0
2023-09-01 11:30:00-04:00,3.115000009536743,3.140000104904175,3.0850000381469727,3.109999895095825,48019,0.0,0.0
2023-09-01 12:30:00-04:00,3.1050000190734863,3.130000114440918,3.0999999046325684,3.109999895095825,15217,0.0,0.0
2023-09-01 13:30:00-04:00,3.119999885559082,3.119999885559082,3.0899999141693115,3.0899999141693115,31015,0.0,0.0
2023-09-01 14:30:00-04:00,3.0950000286102295,3.0999999046325684,3.0899999141693115,3.0910000801086426,18130,0.0,0.0
2023-09-01 15:30:00-04:00,3.0999999046325684,3.115000009536743,3.0899999141693115,3.0899999141693115,42925,0.0,0.0
2023-09-05 09:30:00-04:00,3.049999952316284,3.1505000591278076,3.0399999618530273,3.075000047683716,92856,0.0,0.0
2023-09-05 10:30:00-04:00,3.075000047683716,3.0799999237060547,3.0199999809265137,3.055000066757202,102142,0.0,0.0
2023-09-05 11:30:00-04:00,3.049999952316284,3.049999952316284,3.0,3.0399999618530273,73389,0.0,0.0
2023-09-05 12:30:00-04:00,3.0350000858306885,3.0450000762939453,3.0,3.015000104904175,40708,0.0,0.0
2023-09-05 13:30:00-04:00,3.010499954223633,3.0199999809265137,3.0,3.015000104904175,25674,0.0,0.0
2023-09-05 14:30:00-04:00,3.0199999809265137,3.0299999713897705,3.009999990463257,3.0250000953674316,32518,0.0,0.0
2023-09-05 15:30:00-04:00,3.0199999809265137,3.0299999713897705,3.0,3.0199999809265137,52035,0.0,0.0
2023-09-06 09:30:00-04:00,3.109999895095825,3.130000114440918,3.009999990463257,3.009999990463257,177548,0.0,0.0
2023-09-06 10:30:00-04:00,3.0,3.0199999809265137,2.950000047683716,2.9700000286102295,50635,0.0,0.0
2023-09-06 11:30:00-04:00,2.9700000286102295,2.9804999828338623,2.9600000381469727,2.9749999046325684,39074,0.0,0.0
2023-09-06 12:30:00-04:00,2.9749999046325684,2.994999885559082,2.9700000286102295,2.9800000190734863,32232,0.0,0.0
2023-09-06 13:30:00-04:00,2.9800000190734863,2.9800000190734863,2.9600000381469727,2.968899965286255,24883,0.0,0.0
2023-09-06 14:30:00-04:00,2.969899892807007,2.9700000286102295,2.9600000381469727,2.9649999141693115,27863,0.0,0.0
2023-09-06 15:30:00-04:00,2.9600000381469727,2.9700000286102295,2.9600000381469727,2.9700000286102295,24634,0.0,0.0
2023-09-07 09:30:00-04:00,2.9200000762939453,2.9200000762939453,2.694999933242798,2.7750000953674316,384298,0.0,0.0
2023-09-07 10:30:00-04:00,2.7799999713897705,2.809999942779541,2.7300000190734863,2.7887001037597656,82760,0.0,0.0
2023-09-07 11:30:00-04:00,2.7950000762939453,2.875,2.7850000858306885,2.865000009536743,120506,0.0,0.0
2023-09-07 12:30:00-04:00,2.865000009536743,2.865000009536743,2.8301000595092773,2.8301000595092773,9531,0.0,0.0
2023-09-07 13:30:00-04:00,2.8299999237060547,2.8399999141693115,2.819999933242798,2.8299999237060547,32304,0.0,0.0
2023-09-07 14:30:00-04:00,2.825000047683716,2.859999895095825,2.819999933242798,2.859999895095825,50760,0.0,0.0
2023-09-07 15:30:00-04:00,2.8499999046325684,2.8499999046325684,2.809999942779541,2.809999942779541,108040,0.0,0.0
2023-09-08 09:30:00-04:00,2.8299999237060547,2.8299999237060547,2.6898999214172363,2.75,210131,0.0,0.0
2023-09-08 10:30:00-04:00,2.740000009536743,2.740000009536743,2.7100000381469727,2.7300000190734863,62950,0.0,0.0
2023-09-08 11:30:00-04:00,2.7300000190734863,2.744999885559082,2.7100000381469727,2.7100000381469727,65943,0.0,0.0
2023-09-08 12:30:00-04:00,2.7195000648498535,2.7195000648498535,2.6500000953674316,2.6649999618530273,124618,0.0,0.0
2023-09-08 13:30:00-04:00,2.660099983215332,2.700000047683716,2.6600000858306885,2.684999942779541,80701,0.0,0.0
2023-09-08 14:30:00-04:00,2.684999942779541,2.75,2.680000066757202,2.740000009536743,103570,0.0,0.0
2023-09-08 15:30:00-04:00,2.740000009536743,2.75,2.7249999046325684,2.740000009536743,110445,0.0,0.0
2023-09-11 09:30:00-04:00,2.7699999809265137,2.8127999305725098,2.6600000858306885,2.684999942779541,161576,0.0,0.0
2023-09-11 10:30:00-04:00,2.689500093460083,2.759999990463257,2.680000066757202,2.759999990463257,86958,0.0,0.0
2023-09-11 11:30:00-04:00,2.7599000930786133,2.759999990463257,2.7300000190734863,2.744999885559082,47698,0.0,0.0
2023-09-11 12:30:00-04:00,2.740000009536743,2.759999990463257,2.7200000286102295,2.7249999046325684,35066,0.0,0.0
2023-09-11 13:30:00-04:00,2.7200000286102295,2.75,2.7200000286102295,2.744999885559082,42559,0.0,0.0
2023-09-11 14:30:00-04:00,2.740000009536743,2.75,2.700000047683716,2.700000047683716,78502,0.0,0.0
2023-09-11 15:30:00-04:00,2.700000047683716,2.7100000381469727,2.690000057220459,2.700000047683716,33443,0.0,0.0
2023-09-12 09:30:00-04:00,2.6600000858306885,2.7899999618530273,2.6600000858306885,2.7249999046325684,114178,0.0,0.0
2023-09-12 10:30:00-04:00,2.7200000286102295,2.7286999225616455,2.680000066757202,2.700000047683716,44532,0.0,0.0
2023-09-12 11:30:00-04:00,2.700000047683716,2.7300000190734863,2.700000047683716,2.7149999141693115,21783,0.0,0.0
2023-09-12 12:30:00-04:00,2.7149999141693115,2.7200000286102295,2.700000047683716,2.7149999141693115,14777,0.0,0.0
2023-09-12 13:30:00-04:00,2.7200000286102295,2.7200000286102295,2.690000057220459,2.694999933242798,43724,0.0,0.0
2023-09-12 14:30:00-04:00,2.691800117492676,2.7100000381469727,2.690000057220459,2.700000047683716,50475,0.0,0.0
2023-09-12 15:30:00-04:00,2.7049999237060547,2.7100000381469727,2.700000047683716,2.7100000381469727,32369,0.0,0.0
2023-09-13 09:30:00-04:00,2.75,2.859999895095825,2.75,2.819999933242798,421869,0.0,0.0
2023-09-13 10:30:00-04:00,2.8117001056671143,2.839900016784668,2.7899999618530273,2.819999933242798,100915,0.0,0.0
2023-09-13 11:30:00-04:00,2.819999933242798,2.8299999237060547,2.79010009765625,2.809999942779541,88761,0.0,0.0
2023-09-13 12:30:00-04:00,2.809999942779541,2.815000057220459,2.7899999618530273,2.7899999618530273,22623,0.0,0.0
2023-09-13 13:30:00-04:00,2.791300058364868,2.799999952316284,2.7483999729156494,2.7599000930786133,37478,0.0,0.0
2023-09-13 14:30:00-04:00,2.7599000930786133,2.759999990463257,2.7200000286102295,2.744999885559082,113466,0.0,0.0
2023-09-13 15:30:00-04:00,2.744999885559082,2.759999990463257,2.740000009536743,2.75,33858,0.0,0.0
2023-09-14 09:30:00-04:00,2.7899999618530273,2.869999885559082,2.7298998832702637,2.759999990463257,171870,0.0,0.0
2023-09-14 10:30:00-04:00,2.759999990463257,2.809999942779541,2.75,2.771199941635132,115001,0.0,0.0
2023-09-14 11:30:00-04:00,2.7795000076293945,2.7795000076293945,2.700000047683716,2.7288999557495117,65224,0.0,0.0
2023-09-14 12:30:00-04:00,2.7200000286102295,2.744999885559082,2.700000047683716,2.7049999237060547,47446,0.0,0.0
2023-09-14 13:30:00-04:00,2.7049999237060547,2.7100000381469727,2.680000066757202,2.700000047683716,123912,0.0,0.0
2023-09-14 14:30:00-04:00,2.700000047683716,2.7149999141693115,2.680000066757202,2.680000066757202,94035,0.0,0.0
2023-09-14 15:30:00-04:00,2.684999942779541,2.7100000381469727,2.680000066757202,2.700000047683716,91147,0.0,0.0
2023-09-15 09:30:00-04:00,2.700000047683716,2.7298998832702637,2.5899999141693115,2.625,275711,0.0,0.0
2023-09-15 10:30:00-04:00,2.625,2.6500000953674316,2.6050000190734863,2.640899896621704,96429,0.0,0.0
2023-09-15 11:30:00-04:00,2.6449999809265137,2.646899938583374,2.609999895095825,2.628999948501587,41156,0.0,0.0
2023-09-15 12:30:00-04:00,2.625,2.630000114440918,2.5899999141693115,2.5899999141693115,64915,0.0,0.0
2023-09-15 13:30:00-04:00,2.5950000286102295,2.630000114440918,2.5899999141693115,2.625,36947,0.0,0.0
2023-09-15 14:30:00-04:00,2.625,2.6700000762939453,2.619999885559082,2.6549999713897705,37941,0.0,0.0
2023-09-15 15:30:00-04:00,2.6600000858306885,2.680000066757202,2.6500000953674316,2.680000066757202,138143,0.0,0.0
2023-09-18 09:30:00-04:00,2.6500000953674316,2.6500000953674316,2.5399999618530273,2.549999952316284,185929,0.0,0.0
2023-09-18 10:30:00-04:00,2.549999952316284,2.559999942779541,2.549999952316284,2.555000066757202,77448,0.0,0.0
2023-09-18 11:30:00-04:00,2.555000066757202,2.565000057220459,2.5199999809265137,2.5592000484466553,90261,0.0,0.0
2023-09-18 12:30:00-04:00,2.559299945831299,2.5699000358581543,2.549999952316284,2.5589001178741455,41333,0.0,0.0
2023-09-18 13:30:00-04:00,2.555000066757202,2.559999942779541,2.549999952316284,2.555000066757202,33236,0.0,0.0
2023-09-18 14:30:00-04:00,2.555000066757202,2.559999942779541,2.5199999809265137,2.5250000953674316,66612,0.0,0.0
2023-09-18 15:30:00-04:00,2.5250000953674316,2.5387001037597656,2.509999990463257,2.515000104904175,114374,0.0,0.0
2023-09-19 09:30:00-04:00,2.509999990463257,2.549999952316284,2.440000057220459,2.5199999809265137,238857,0.0,0.0
2023-09-19 10:30:00-04:00,2.509999990463257,2.5250000953674316,2.5,2.5199999809265137,51639,0.0,0.0
2023-09-19 11:30:00-04:00,2.515000104904175,2.5299999713897705,2.4800000190734863,2.4800000190734863,102920,0.0,0.0
2023-09-19 12:30:00-04:00,2.4800000190734863,2.484999895095825,2.4600000381469727,2.4700000286102295,51005,0.0,0.0
2023-09-19 13:30:00-04:00,2.4700000286102295,2.4800000190734863,2.450000047683716,2.4600000381469727,80886,0.0,0.0
2023-09-19 14:30:00-04:00,2.4600000381469727,2.4798998832702637,2.4600000381469727,2.4649999141693115,45979,0.0,0.0
2023-09-19 15:30:00-04:00,2.4700000286102295,2.4700000286102295,2.450000047683716,2.450000047683716,84412,0.0,0.0
2023-09-20 09:30:00-04:00,2.4600000381469727,2.5399999618530273,2.450000047683716,2.4800000190734863,149982,0.0,0.0
2023-09-20 10:30:00-04:00,2.4749999046325684,2.490000009536743,2.4649999141693115,2.4649999141693115,43686,0.0,0.0
2023-09-20 11:30:00-04:00,2.4600000381469727,2.509999990463257,2.4600000381469727,2.509000062942505,52725,0.0,0.0
2023-09-20 12:30:00-04:00,2.5011000633239746,2.509999990463257,2.5,2.505000114440918,29167,0.0,0.0
2023-09-20 13:30:00-04:00,2.505000114440918,2.509999990463257,2.494999885559082,2.509999990463257,60100,0.0,0.0
2023-09-20 14:30:00-04:00,2.509999990463257,2.5399999618530273,2.490000009536743,2.509999990463257,72335,0.0,0.0
2023-09-20 15:30:00-04:00,2.515000104904175,2.5199999809265137,2.4800000190734863,2.4800000190734863,77221,0.0,0.0
2023-09-21 09:30:00-04:00,2.450000047683716,2.4700000286102295,2.3299999237060547,2.3420000076293945,310532,0.0,0.0
2023-09-21 10:30:00-04:00,2.3399999141693115,2.3587000370025635,2.328000068664551,2.3350000381469727,135293,0.0,0.0
2023-09-21 11:30:00-04:00,2.3299999237060547,2.3399999141693115,2.319999933242798,2.3299999237060547,91617,0.0,0.0
2023-09-21 12:30:00-04:00,2.319999933242798,2.325000047683716,2.2904999256134033,2.325000047683716,79937,0.0,0.0
2023-09-21 13:30:00-04:00,2.319999933242798,2.3299999237060547,2.299999952316284,2.308000087738037,46748,0.0,0.0
2023-09-21 14:30:00-04:00,2.305000066757202,2.309999942779541,2.259999990463257,2.269700050354004,118752,0.0,0.0
2023-09-21 15:30:00-04:00,2.259999990463257,2.2699999809265137,2.25,2.2699999809265137,135157,0.0,0.0
2023-09-22 09:30:00-04:00,2.2799999713897705,2.3299999237060547,2.2200000286102295,2.265000104904175,164785,0.0,0.0
2023-09-22 10:30:00-04:00,2.265000104904175,2.2699999809265137,2.2300000190734863,2.2499001026153564,72322,0.0,0.0
2023-09-22 11:30:00-04:00,2.244999885559082,2.244999885559082,2.200000047683716,2.2049999237060547,60643,0.0,0.0
2023-09-22 12:30:00-04:00,2.208699941635132,2.2100000381469727,2.180000066757202,2.180000066757202,97224,0.0,0.0
2023-09-22 13:30:00-04:00,2.180000066757202,2.190000057220459,2.180000066757202,2.180000066757202,38690,0.0,0.0
2023-09-22 14:30:00-04:00,2.184999942779541,2.190000057220459,2.1600000858306885,2.184999942779541,70472,0.0,0.0
2023-09-22 15:30:00-04:00,2.184999942779541,2.190000057220459,2.1700000762939453,2.1758999824523926,65745,0.0,0.0
2023-09-25 09:30:00-04:00,2.180000066757202,2.240000009536743,2.119999885559082,2.2049999237060547,189939,0.0,0.0
2023-09-25 10:30:00-04:00,2.2100000381469727,2.2699999809265137,2.200000047683716,2.244999885559082,76509,0.0,0.0
2023-09-25 11:30:00-04:00,2.244999885559082,2.2699999809265137,2.2300000190734863,2.259999990463257,55550,0.0,0.0
2023-09-25 12:30:00-04:00,2.265000104904175,2.2799999713897705,2.25,2.255000114440918,45893,0.0,0.0
2023-09-25 13:30:00-04:00,2.259999990463257,2.305000066757202,2.25,2.2950000762939453,58458,0.0,0.0
2023-09-25 14:30:00-04:00,2.2899999618530273,2.299999952316284,2.259999990463257,2.2750000953674316,58646,0.0,0.0
2023-09-25 15:30:00-04:00,2.2750000953674316,2.3299999237060547,2.2699999809265137,2.3299999237060547,209434,0.0,0.0
2023-09-26 09:30:00-04:00,2.359999895095825,2.5299999713897705,2.309999942779541,2.529900074005127,407985,0.0,0.0
2023-09-26 10:30:00-04:00,2.5250000953674316,2.5399999618530273,2.4700000286102295,2.5,195450,0.0,0.0
2023-09-26 11:30:00-04:00,2.490000009536743,2.509999990463257,2.430000066757202,2.450000047683716,48016,0.0,0.0
2023-09-26 12:30:00-04:00,2.444999933242798,2.450000047683716,2.4149999618530273,2.4149999618530273,20126,0.0,0.0
2023-09-26 13:30:00-04:00,2.4149999618530273,2.4200000762939453,2.3399999141693115,2.3405001163482666,97135,0.0,0.0
2023-09-26 14:30:00-04:00,2.3399999141693115,2.359999895095825,2.3399999141693115,2.3399999141693115,59950,0.0,0.0
2023-09-26 15:30:00-04:00,2.345599889755249,2.359999895095825,2.325000047683716,2.3399999141693115,146826,0.0,0.0
2023-09-27 09:30:00-04:00,2.359999895095825,2.3736000061035156,2.180000066757202,2.2249999046325684,299602,0.0,0.0
2023-09-27 10:30:00-04:00,2.2298998832702637,2.25,2.130000114440918,2.134999990463257,211104,0.0,0.0
2023-09-27 11:30:00-04:00,2.1373000144958496,2.190000057220459,2.119999885559082,2.1549999713897705,169315,0.0,0.0
2023-09-27 12:30:00-04:00,2.1549999713897705,2.1700000762939453,2.130000114440918,2.134999990463257,54197,0.0,0.0
2023-09-27 13:30:00-04:00,2.134999990463257,2.180000066757202,2.130000114440918,2.180000066757202,89046,0.0,0.0
2023-09-27 14:30:00-04:00,2.190000057220459,2.190000057220459,2.1600000858306885,2.184999942779541,96223,0.0,0.0
2023-09-27 15:30:00-04:00,2.190000057220459,2.200000047683716,2.1700000762939453,2.190000057220459,75008,0.0,0.0
2023-09-28 09:30:00-04:00,2.1600000858306885,2.1993000507354736,2.0999999046325684,2.125,183878,0.0,0.0
2023-09-28 10:30:00-04:00,2.119999885559082,2.1600000858306885,2.109999895095825,2.1600000858306885,50631,0.0,0.0
2023-09-28 11:30:00-04:00,2.1600000858306885,2.2899999618530273,2.1600000858306885,2.2850000858306885,349767,0.0,0.0
2023-09-28 12:30:00-04:00,2.2850000858306885,2.2874999046325684,2.2300000190734863,2.234999895095825,53946,0.0,0.0
2023-09-28 13:30:00-04:00,2.234999895095825,2.240000009536743,2.2149999141693115,2.2149999141693115,105681,0.0,0.0
2023-09-28 14:30:00-04:00,2.2149999141693115,2.259999990463257,2.2149999141693115,2.255000114440918,75344,0.0,0.0
2023-09-28 15:30:00-04:00,2.255000114440918,2.259999990463257,2.2200000286102295,2.25,185120,0.0,0.0
2023-09-29 09:30:00-04:00,2.2799999713897705,2.319999933242798,2.180000066757202,2.184999942779541,157443,0.0,0.0
2023-09-29 10:30:00-04:00,2.190000057220459,2.2300000190734863,2.180000066757202,2.2149999141693115,109941,0.0,0.0
2023-09-29 11:30:00-04:00,2.2149999141693115,2.2300000190734863,2.200000047683716,2.2249999046325684,37297,0.0,0.0
2023-09-29 12:30:00-04:00,2.2249999046325684,2.2300000190734863,2.190000057220459,2.200000047683716,22194,0.0,0.0
2023-09-29 13:30:00-04:00,2.194999933242798,2.2100000381469727,2.180000066757202,2.184999942779541,36606,0.0,0.0
2023-09-29 14:30:00-04:00,2.184999942779541,2.2300000190734863,2.180000066757202,2.2300000190734863,109372,0.0,0.0
2023-09-29 15:30:00-04:00,2.2249999046325684,2.2699999809265137,2.2249999046325684,2.259999990463257,142252,0.0,0.0
2023-10-02 09:30:00-04:00,2.2300000190734863,2.255000114440918,2.200000047683716,2.2200000286102295,198412,0.0,0.0
2023-10-02 10:30:00-04:00,2.2249999046325684,2.2750000953674316,2.2200000286102295,2.255000114440918,135693,0.0,0.0
2023-10-02 11:30:00-04:00,2.2506000995635986,2.255000114440918,2.190000057220459,2.227299928665161,77471,0.0,0.0
2023-10-02 12:30:00-04:00,2.2200000286102295,2.2200000286102295,2.130000114440918,2.1649999618530273,244394,0.0,0.0
2023-10-02 13:30:00-04:00,2.169600009918213,2.169600009918213,2.130000114440918,2.134999990463257,69632,0.0,0.0
2023-10-02 14:30:00-04:00,2.134999990463257,2.140000104904175,2.109999895095825,2.125,117472,0.0,0.0
2023-10-02 15:30:00-04:00,2.125,2.1449999809265137,2.119999885559082,2.140000104904175,72133,0.0,0.0
2023-10-03 09:30:00-04:00,2.130000114440918,2.1700000762939453,2.055000066757202,2.115000009536743,127470,0.0,0.0
2023-10-03 10:30:00-04:00,2.115000009536743,2.130000114440918,2.0799999237060547,2.0999999046325684,51891,0.0,0.0
2023-10-03 11:30:00-04:00,2.0980000495910645,2.0996999740600586,2.059999942779541,2.075000047683716,58905,0.0,0.0
2023-10-03 12:30:00-04:00,2.071899890899658,2.0799999237060547,2.059999942779541,2.069999933242798,44559,0.0,0.0
2023-10-03 13:30:00-04:00,2.069999933242798,2.069999933242798,2.0399999618530273,2.0399999618530273,102075,0.0,0.0
2023-10-03 14:30:00-04:00,2.0450000762939453,2.065000057220459,2.0299999713897705,2.0350000858306885,147563,0.0,0.0
2023-10-03 15:30:00-04:00,2.0399999618530273,2.0399999618530273,2.009999990463257,2.009999990463257,109266,0.0,0.0
2023-10-04 09:30:00-04:00,2.0199999809265137,2.0950000286102295,2.0,2.0,246357,0.0,0.0
2023-10-04 10:30:00-04:00,2.0,2.049999952316284,2.0,2.038800001144409,86824,0.0,0.0
2023-10-04 11:30:00-04:00,2.0299999713897705,2.049999952316284,2.005000114440918,2.047800064086914,58004,0.0,0.0
2023-10-04 12:30:00-04:00,2.049999952316284,2.0799999237060547,2.0450000762939453,2.070499897003174,134128,0.0,0.0
2023-10-04 13:30:00-04:00,2.0799999237060547,2.0999999046325684,2.075000047683716,2.0850000381469727,38987,0.0,0.0
2023-10-04 14:30:00-04:00,2.0899999141693115,2.140000104904175,2.0899999141693115,2.134999990463257,130868,0.0,0.0
2023-10-04 15:30:00-04:00,2.134999990463257,2.140000104904175,2.119999885559082,2.119999885559082,50410,0.0,0.0
2023-10-05 09:30:00-04:00,2.0999999046325684,2.1500000953674316,2.069999933242798,2.0999999046325684,267204,0.0,0.0
2023-10-05 10:30:00-04:00,2.0899999141693115,2.115000009536743,2.0880000591278076,2.0950000286102295,86251,0.0,0.0
2023-10-05 11:30:00-04:00,2.0950000286102295,2.130000114440918,2.0950000286102295,2.1201000213623047,49496,0.0,0.0
2023-10-05 12:30:00-04:00,2.119999885559082,2.125,2.0799999237060547,2.0899999141693115,51353,0.0,0.0
2023-10-05 13:30:00-04:00,2.0899999141693115,2.125,2.0850000381469727,2.109999895095825,26561,0.0,0.0
2023-10-05 14:30:00-04:00,2.115000009536743,2.1505000591278076,2.109999895095825,2.115000009536743,99151,0.0,0.0
2023-10-05 15:30:00-04:00,2.109999895095825,2.130000114440918,2.109999895095825,2.130000114440918,58460,0.0,0.0
2023-10-06 09:30:00-04:00,2.0799999237060547,2.1500000953674316,2.055000066757202,2.1449999809265137,146738,0.0,0.0
2023-10-06 10:30:00-04:00,2.1500000953674316,2.200000047683716,2.1401000022888184,2.174999952316284,101488,0.0,0.0
2023-10-06 11:30:00-04:00,2.180000066757202,2.2200000286102295,2.180000066757202,2.2200000286102295,36940,0.0,0.0
2023-10-06 12:30:00-04:00,2.219899892807007,2.255000114440918,2.2100000381469727,2.244999885559082,26139,0.0,0.0
2023-10-06 13:30:00-04:00,2.240000009536743,2.25,2.2100000381469727,2.2249999046325684,53254,0.0,0.0
2023-10-06 14:30:00-04:00,2.2249999046325684,2.240000009536743,2.2200000286102295,2.2249999046325684,25330,0.0,0.0
2023-10-06 15:30:00-04:00,2.2249999046325684,2.2300000190734863,2.2100000381469727,2.2200000286102295,40558,0.0,0.0
2023-10-09 09:30:00-04:00,2.140000104904175,2.1700000762939453,2.102099895477295,2.1449999809265137,133034,0.0,0.0
2023-10-09 10:30:00-04:00,2.1449999809265137,2.1449999809265137,2.109999895095825,2.137700080871582,79509,0.0,0.0
2023-10-09 11:30:00-04:00,2.140000104904175,2.1500000953674316,2.119999885559082,2.125,45244,0.0,0.0
2023-10-09 12:30:00-04:00,2.119999885559082,2.125,2.0999999046325684,2.109999895095825,41397,0.0,0.0
2023-10-09 13:30:00-04:00,2.115000009536743,2.1600000858306885,2.109999895095825,2.1600000858306885,54132,0.0,0.0
2023-10-09 14:30:00-04:00,2.1600000858306885,2.1600000858306885,2.140000104904175,2.1600000858306885,29474,0.0,0.0
2023-10-09 15:30:00-04:00,2.1549999713897705,2.1700000762939453,2.1500000953674316,2.1649999618530273,55387,0.0,0.0
2023-10-10 09:30:00-04:00,2.119999885559082,2.25,2.100100040435791,2.2307000160217285,81095,0.0,0.0
2023-10-10 10:30:00-04:00,2.2304999828338623,2.2850000858306885,2.2249999046325684,2.244999885559082,54135,0.0,0.0
2023-10-10 11:30:00-04:00,2.246299982070923,2.309999942779541,2.2300000190734863,2.299999952316284,134868,0.0,0.0
2023-10-10 12:30:00-04:00,2.299999952316284,2.4000000953674316,2.299999952316284,2.4000000953674316,136136,0.0,0.0
2023-10-10 13:30:00-04:00,2.4000000953674316,2.4200000762939453,2.3801000118255615,2.3949999809265137,90419,0.0,0.0
2023-10-10 14:30:00-04:00,2.3949999809265137,2.450000047683716,2.375,2.380000114440918,186949,0.0,0.0
2023-10-10 15:30:00-04:00,2.375,2.4000000953674316,2.365000009536743,2.390000104904175,113797,0.0,0.0
2023-10-11 09:30:00-04:00,2.380000114440918,2.444200038909912,2.3299999237060547,2.4049999713897705,190399,0.0,0.0
2023-10-11 10:30:00-04:00,2.40939998626709,2.5299999713897705,2.4000000953674316,2.440000057220459,264245,0.0,0.0
2023-10-11 11:30:00-04:00,2.434999942779541,2.450000047683716,2.369999885559082,2.4000000953674316,125170,0.0,0.0
2023-10-11 12:30:00-04:00,2.4100000858306885,2.4600000381469727,2.390000104904175,2.4000000953674316,130714,0.0,0.0
2023-10-11 13:30:00-04:00,2.4049999713897705,2.440000057220459,2.390000104904175,2.424999952316284,43151,0.0,0.0
2023-10-11 14:30:00-04:00,2.424999952316284,2.440000057220459,2.390000104904175,2.4049999713897705,64980,0.0,0.0
2023-10-11 15:30:00-04:00,2.4100000858306885,2.4100000858306885,2.369999885559082,2.4000000953674316,111217,0.0,0.0
2023-10-12 09:30:00-04:00,2.430000066757202,2.430000066757202,2.259999990463257,2.3499999046325684,137795,0.0,0.0
2023-10-12 10:30:00-04:00,2.3499999046325684,2.359999895095825,2.3299999237060547,2.3499999046325684,40995,0.0,0.0
2023-10-12 11:30:00-04:00,2.359999895095825,2.3949999809265137,2.3550000190734863,2.380000114440918,37743,0.0,0.0
2023-10-12 12:30:00-04:00,2.375,2.390000104904175,2.3499999046325684,2.3499999046325684,56391,0.0,0.0
2023-10-12 13:30:00-04:00,2.3499999046325684,2.3550000190734863,2.319999933242798,2.3450000286102295,57916,0.0,0.0
2023-10-12 14:30:00-04:00,2.3450000286102295,2.369999885559082,2.3399999141693115,2.359999895095825,88508,0.0,0.0
2023-10-12 15:30:00-04:00,2.359999895095825,2.369999885559082,2.359999895095825,2.359999895095825,54602,0.0,0.0
2023-10-13 09:30:00-04:00,2.3399999141693115,2.3705999851226807,2.2699999809265137,2.3399999141693115,46504,0.0,0.0
2023-10-13 10:30:00-04:00,2.3399999141693115,2.365000009536743,2.3299999237060547,2.3550000190734863,26622,0.0,0.0
2023-10-13 11:30:00-04:00,2.3550000190734863,2.380000114440918,2.3550000190734863,2.369999885559082,21690,0.0,0.0
2023-10-13 12:30:00-04:00,2.375,2.384999990463257,2.3550000190734863,2.3550000190734863,23205,0.0,0.0
2023-10-13 13:30:00-04:00,2.3550000190734863,2.359999895095825,2.3399999141693115,2.3450000286102295,14932,0.0,0.0
2023-10-13 14:30:00-04:00,2.3410000801086426,2.349400043487549,2.3299999237060547,2.3299999237060547,25629,0.0,0.0
2023-10-13 15:30:00-04:00,2.3350000381469727,2.3499999046325684,2.3299999237060547,2.3299999237060547,135177,0.0,0.0
2023-10-16 09:30:00-04:00,2.359999895095825,2.390000104904175,2.3399999141693115,2.390000104904175,115426,0.0,0.0
2023-10-16 10:30:00-04:00,2.384999990463257,2.3949999809265137,2.380000114440918,2.380000114440918,43270,0.0,0.0
2023-10-16 11:30:00-04:00,2.3835999965667725,2.3949999809265137,2.359999895095825,2.380000114440918,62428,0.0,0.0
2023-10-16 12:30:00-04:00,2.384999990463257,2.4000000953674316,2.375,2.3949999809265137,24573,0.0,0.0
2023-10-16 13:30:00-04:00,2.3949999809265137,2.4049999713897705,2.380000114440918,2.384999990463257,49094,0.0,0.0
2023-10-16 14:30:00-04:00,2.390000104904175,2.390000104904175,2.369999885559082,2.384999990463257,37254,0.0,0.0
2023-10-16 15:30:00-04:00,2.380000114440918,2.390000104904175,2.3499999046325684,2.365000009536743,51011,0.0,0.0
2023-10-17 09:30:00-04:00,2.359999895095825,2.369999885559082,2.319999933242798,2.3550000190734863,50209,0.0,0.0
2023-10-17 10:30:00-04:00,2.3550000190734863,2.4000000953674316,2.3397998809814453,2.375,53973,0.0,0.0
2023-10-17 11:30:00-04:00,2.3798999786376953,2.4000000953674316,2.369999885559082,2.4000000953674316,15867,0.0,0.0
2023-10-17 12:30:00-04:00,2.399899959564209,2.4049999713897705,2.380000114440918,2.4000000953674316,36069,0.0,0.0
2023-10-17 13:30:00-04:00,2.3949999809265137,2.4000000953674316,2.359999895095825,2.380000114440918,44758,0.0,0.0
2023-10-17 14:30:00-04:00,2.375,2.4100000858306885,2.369999885559082,2.4000000953674316,98908,0.0,0.0
2023-10-17 15:30:00-04:00,2.390000104904175,2.4000000953674316,2.380000114440918,2.380500078201294,23485,0.0,0.0
2023-10-18 09:30:00-04:00,2.359999895095825,2.359999895095825,2.130000114440918,2.140000104904175,207490,0.0,0.0
2023-10-18 10:30:00-04:00,2.1301000118255615,2.2300000190734863,2.1301000118255615,2.2100000381469727,71110,0.0,0.0
2023-10-18 11:30:00-04:00,2.2100000381469727,2.2100000381469727,2.1500000953674316,2.1730000972747803,61172,0.0,0.0
2023-10-18 12:30:00-04:00,2.170099973678589,2.180000066757202,2.1500000953674316,2.1549999713897705,35606,0.0,0.0
2023-10-18 13:30:00-04:00,2.1600000858306885,2.1600000858306885,2.115000009536743,2.1301000118255615,48880,0.0,0.0
2023-10-18 14:30:00-04:00,2.134999990463257,2.140000104904175,2.0899999141693115,2.109999895095825,84805,0.0,0.0
2023-10-18 15:30:00-04:00,2.109999895095825,2.109999895095825,2.0999999046325684,2.1050000190734863,75408,0.0,0.0
2023-10-19 09:30:00-04:00,2.119999885559082,2.119999885559082,1.9149999618530273,1.965000033378601,411624,0.0,0.0
2023-10-19 10:30:00-04:00,1.965000033378601,2.0199999809265137,1.965000033378601,2.005000114440918,48900,0.0,0.0
2023-10-19 11:30:00-04:00,2.009999990463257,2.055000066757202,2.0,2.030100107192993,72835,0.0,0.0
2023-10-19 12:30:00-04:00,2.01990008354187,2.01990008354187,1.9900000095367432,2.005000114440918,44938,0.0,0.0
2023-10-19 13:30:00-04:00,2.005000114440918,2.005000114440918,1.9950000047683716,2.0,50580,0.0,0.0
2023-10-19 14:30:00-04:00,1.9950000047683716,1.9950000047683716,1.9600000381469727,1.9600000381469727,47358,0.0,0.0
2023-10-19 15:30:00-04:00,1.969499945640564,1.9700000286102295,1.9600000381469727,1.965000033378601,49080,0.0,0.0
2023-10-20 09:30:00-04:00,1.9600000381469727,1.9600000381469727,1.7649999856948853,1.8609999418258667,247731,0.0,0.0
2023-10-20 10:30:00-04:00,1.8650000095367432,1.899999976158142,1.8600000143051147,1.8980000019073486,50057,0.0,0.0
2023-10-20 11:30:00-04:00,1.8938000202178955,1.9299999475479126,1.8938000202178955,1.9249999523162842,37877,0.0,0.0
2023-10-20 12:30:00-04:00,1.9299999475479126,1.940000057220459,1.909999966621399,1.9199999570846558,57826,0.0,0.0
2023-10-20 13:30:00-04:00,1.9199999570846558,1.9199999570846558,1.899999976158142,1.9013999700546265,9951,0.0,0.0
2023-10-20 14:30:00-04:00,1.9049999713897705,1.909999966621399,1.840000033378601,1.840000033378601,60057,0.0,0.0
2023-10-20 15:30:00-04:00,1.840000033378601,1.8600000143051147,1.809999942779541,1.850000023841858,162679,0.0,0.0
2023-10-23 09:30:00-04:00,1.9500000476837158,1.9500000476837158,1.809999942779541,1.909999966621399,162504,0.0,0.0
2023-10-23 10:30:00-04:00,1.9049999713897705,1.9800000190734863,1.899899959564209,1.9800000190734863,44680,0.0,0.0
2023-10-23 11:30:00-04:00,1.9793000221252441,1.9950000047683716,1.9500000476837158,1.9700000286102295,47812,0.0,0.0
2023-10-23 12:30:00-04:00,1.965000033378601,1.9900000095367432,1.9450000524520874,1.9450000524520874,40183,0.0,0.0
2023-10-23 13:30:00-04:00,1.9500000476837158,1.9600000381469727,1.9299999475479126,1.940000057220459,20825,0.0,0.0
2023-10-23 14:30:00-04:00,1.940000057220459,1.940000057220459,1.9199999570846558,1.9199999570846558,29809,0.0,0.0
2023-10-23 15:30:00-04:00,1.9199999570846558,1.9299999475479126,1.9049999713897705,1.909999966621399,76914,0.0,0.0
2023-10-24 09:30:00-04:00,1.9600000381469727,1.9600000381469727,1.8700000047683716,1.9149999618530273,100228,0.0,0.0
2023-10-24 10:30:00-04:00,1.9249999523162842,1.9249999523162842,1.840000033378601,1.8450000286102295,79271,0.0,0.0
2023-10-24 11:30:00-04:00,1.840000033378601,1.8595000505447388,1.7899999618530273,1.7999999523162842,105500,0.0,0.0
2023-10-24 12:30:00-04:00,1.8049999475479126,1.809999942779541,1.7799999713897705,1.7999999523162842,70322,0.0,0.0
2023-10-24 13:30:00-04:00,1.7999999523162842,1.809999942779541,1.7699999809265137,1.7799999713897705,77323,0.0,0.0
2023-10-24 14:30:00-04:00,1.7834999561309814,1.7899999618530273,1.75,1.7598999738693237,117715,0.0,0.0
2023-10-24 15:30:00-04:00,1.75,1.7599999904632568,1.75,1.75,127967,0.0,0.0
2023-10-25 09:30:00-04:00,1.9049999713897705,1.9199999570846558,1.7899999618530273,1.9149999618530273,289229,0.0,0.0
2023-10-25 10:30:00-04:00,1.9199999570846558,1.975000023841858,1.9118000268936157,1.940000057220459,169378,0.0,0.0
2023-10-25 11:30:00-04:00,1.934999942779541,1.9600000381469727,1.9199999570846558,1.934999942779541,97001,0.0,0.0
2023-10-25 12:30:00-04:00,1.940000057220459,1.965000033378601,1.9299999475479126,1.9300999641418457,96985,0.0,0.0
2023-10-25 13:30:00-04:00,1.934999942779541,1.9450000524520874,1.8849999904632568,1.8899999856948853,84735,0.0,0.0
2023-10-25 14:30:00-04:00,1.8849999904632568,1.899999976158142,1.8700000047683716,1.875,64360,0.0,0.0
2023-10-25 15:30:00-04:00,1.875,1.8799999952316284,1.850000023841858,1.8799999952316284,153614,0.0,0.0
2023-10-26 09:30:00-04:00,1.8700000047683716,1.899999976158142,1.8049999475479126,1.8700000047683716,59916,0.0,0.0
2023-10-26 10:30:00-04:00,1.8799999952316284,1.899999976158142,1.8600000143051147,1.875,59854,0.0,0.0
2023-10-26 11:30:00-04:00,1.8799999952316284,1.8799999952316284,1.8300000429153442,1.840000033378601,32529,0.0,0.0
2023-10-26 12:30:00-04:00,1.8350000381469727,1.8350000381469727,1.7799999713897705,1.784999966621399,49330,0.0,0.0
2023-10-26 13:30:00-04:00,1.780500054359436,1.8200000524520874,1.7799999713897705,1.7999999523162842,43208,0.0,0.0
2023-10-26 14:30:00-04:00,1.8049999475479126,1.8350000381469727,1.8049999475479126,1.8220000267028809,22197,0.0,0.0
2023-10-26 15:30:00-04:00,1.8200000524520874,1.8200000524520874,1.7999999523162842,1.8200000524520874,51427,0.0,0.0
2023-10-27 09:30:00-04:00,1.7999999523162842,1.8459999561309814,1.75,1.7680000066757202,68473,0.0,0.0
2023-10-27 10:30:00-04:00,1.7699999809265137,1.7799999713897705,1.75,1.7799999713897705,36456,0.0,0.0
2023-10-27 11:30:00-04:00,1.7799999713897705,1.7899999618530273,1.7599999904632568,1.7599999904632568,38859,0.0,0.0
2023-10-27 12:30:00-04:00,1.7549999952316284,1.7599999904632568,1.75,1.7595000267028809,20856,0.0,0.0
2023-10-27 13:30:00-04:00,1.7595000267028809,1.7699999809265137,1.7400000095367432,1.7400000095367432,59938,0.0,0.0
2023-10-27 14:30:00-04:00,1.7400000095367432,1.75,1.7100000381469727,1.7350000143051147,71977,0.0,0.0
2023-10-27 15:30:00-04:00,1.7400000095367432,1.7400000095367432,1.7200000286102295,1.725000023841858,72072,0.0,0.0
2023-10-30 09:30:00-04:00,1.75,1.7999999523162842,1.6799999475479126,1.6950000524520874,94480,0.0,0.0
2023-10-30 10:30:00-04:00,1.7000000476837158,1.7000000476837158,1.6799999475479126,1.690000057220459,30505,0.0,0.0
2023-10-30 11:30:00-04:00,1.7000000476837158,1.7300000190734863,1.690000057220459,1.720900058746338,39463,0.0,0.0
2023-10-30 12:30:00-04:00,1.725000023841858,1.7300000190734863,1.6950000524520874,1.7050000429153442,57020,0.0,0.0
2023-10-30 13:30:00-04:00,1.7000000476837158,1.7100000381469727,1.690000057220459,1.690000057220459,38292,0.0,0.0
2023-10-30 14:30:00-04:00,1.690000057220459,1.6950000524520874,1.6399999856948853,1.6399999856948853,143515,0.0,0.0
2023-10-30 15:30:00-04:00,1.6399999856948853,1.6449999809265137,1.600000023841858,1.600000023841858,157180,0.0,0.0
2023-10-31 09:30:00-04:00,1.6200000047683716,1.6480000019073486,1.5801000595092773,1.6301000118255615,93533,0.0,0.0
2023-10-31 10:30:00-04:00,1.6399999856948853,1.649999976158142,1.6200000047683716,1.6299999952316284,55802,0.0,0.0
2023-10-31 11:30:00-04:00,1.6399999856948853,1.6449999809265137,1.4700000286102295,1.6200000047683716,339585,0.0,0.0
2023-10-31 12:30:00-04:00,1.6299999952316284,1.6299999952316284,1.590000033378601,1.590000033378601,70462,0.0,0.0
2023-10-31 13:30:00-04:00,1.590000033378601,1.600000023841858,1.590000033378601,1.590000033378601,18791,0.0,0.0
2023-10-31 14:30:00-04:00,1.5950000286102295,1.600000023841858,1.5499999523162842,1.5549999475479126,111646,0.0,0.0
2023-10-31 15:30:00-04:00,1.5549999475479126,1.5800000429153442,1.5399999618530273,1.559999942779541,162828,0.0,0.0
2023-11-01 09:30:00-04:00,1.5700000524520874,1.600000023841858,1.4800000190734863,1.5149999856948853,122580,0.0,0.0
2023-11-01 10:30:00-04:00,1.5149999856948853,1.524999976158142,1.475000023841858,1.4800000190734863,103438,0.0,0.0
2023-11-01 11:30:00-04:00,1.475000023841858,1.5198999643325806,1.475000023841858,1.4900000095367432,81035,0.0,0.0
2023-11-01 12:30:00-04:00,1.499500036239624,1.5399999618530273,1.4700000286102295,1.5348000526428223,213217,0.0,0.0
2023-11-01 13:30:00-04:00,1.5299999713897705,1.5499999523162842,1.4800000190734863,1.4900000095367432,92087,0.0,0.0
2023-11-01 14:30:00-04:00,1.4950000047683716,1.5,1.4800000190734863,1.5,38543,0.0,0.0
2023-11-01 15:30:00-04:00,1.4950000047683716,1.5,1.4800000190734863,1.5,90578,0.0,0.0
2023-11-02 09:30:00-04:00,1.4500000476837158,1.559999942779541,1.440000057220459,1.5098999738693237,391731,0.0,0.0
2023-11-02 10:30:00-04:00,1.5049999952316284,1.5090999603271484,1.4600000381469727,1.4950000047683716,205104,0.0,0.0
2023-11-02 11:30:00-04:00,1.4900000095367432,1.5,1.4600000381469727,1.4800000190734863,130255,0.0,0.0
2023-11-02 12:30:00-04:00,1.4700000286102295,1.475000023841858,1.4299999475479126,1.4485000371932983,90917,0.0,0.0
2023-11-02 13:30:00-04:00,1.4450000524520874,1.4600000381469727,1.440000057220459,1.4500000476837158,77835,0.0,0.0
2023-11-02 14:30:00-04:00,1.4500000476837158,1.4600000381469727,1.440000057220459,1.4500000476837158,61063,0.0,0.0
2023-11-02 15:30:00-04:00,1.4450000524520874,1.4500000476837158,1.440000057220459,1.440000057220459,129881,0.0,0.0
2023-11-03 09:30:00-04:00,1.4800000190734863,1.6200000047683716,1.4800000190734863,1.5586999654769897,353347,0.0,0.0
2023-11-03 10:30:00-04:00,1.5549999475479126,1.559999942779541,1.5,1.5095000267028809,141798,0.0,0.0
2023-11-03 11:30:00-04:00,1.5049999952316284,1.5099999904632568,1.5,1.5088000297546387,46647,0.0,0.0
2023-11-03 12:30:00-04:00,1.5099999904632568,1.5499999523162842,1.507099986076355,1.5449999570846558,109089,0.0,0.0
2023-11-03 13:30:00-04:00,1.5499999523162842,1.559999942779541,1.5399999618530273,1.5549999475479126,64148,0.0,0.0
2023-11-03 14:30:00-04:00,1.558899998664856,1.559999942779541,1.524999976158142,1.5299999713897705,100979,0.0,0.0
2023-11-03 15:30:00-04:00,1.5299999713897705,1.534999966621399,1.5099999904632568,1.5099999904632568,228439,0.0,0.0
2023-11-06 09:30:00-05:00,1.559999942779541,1.559999942779541,1.434999942779541,1.4500000476837158,244743,0.0,0.0
2023-11-06 10:30:00-05:00,1.4453999996185303,1.4700000286102295,1.4199999570846558,1.4299999475479126,229266,0.0,0.0
2023-11-06 11:30:00-05:00,1.430999994277954,1.440000057220459,1.4199999570846558,1.433899998664856,109373,0.0,0.0
2023-11-06 12:30:00-05:00,1.4385000467300415,1.440000057220459,1.3899999856948853,1.3949999809265137,186514,0.0,0.0
2023-11-06 13:30:00-05:00,1.3949999809265137,1.409999966621399,1.3450000286102295,1.375,140103,0.0,0.0
2023-11-06 14:30:00-05:00,1.3705999851226807,1.4005000591278076,1.3550000190734863,1.3700000047683716,157849,0.0,0.0
2023-11-06 15:30:00-05:00,1.375,1.3799999952316284,1.350000023841858,1.3600000143051147,126817,0.0,0.0
2023-11-07 09:30:00-05:00,1.3799999952316284,1.409999966621399,1.3200000524520874,1.3698999881744385,271617,0.0,0.0
2023-11-07 10:30:00-05:00,1.3600000143051147,1.3600000143051147,1.3300000429153442,1.340000033378601,428343,0.0,0.0
2023-11-07 11:30:00-05:00,1.340000033378601,1.350000023841858,1.340000033378601,1.3450000286102295,42124,0.0,0.0
2023-11-07 12:30:00-05:00,1.340000033378601,1.3600000143051147,1.340000033378601,1.350000023841858,32581,0.0,0.0
2023-11-07 13:30:00-05:00,1.3509999513626099,1.3600000143051147,1.350000023841858,1.350000023841858,33963,0.0,0.0
2023-11-07 14:30:00-05:00,1.350000023841858,1.3600000143051147,1.340000033378601,1.3550000190734863,111304,0.0,0.0
2023-11-07 15:30:00-05:00,1.3550000190734863,1.3600000143051147,1.340000033378601,1.3600000143051147,200870,0.0,0.0
2023-11-08 09:30:00-05:00,1.440000057220459,1.4500000476837158,1.2400000095367432,1.274999976158142,428161,0.0,0.0
2023-11-08 10:30:00-05:00,1.274999976158142,1.2920000553131104,1.2699999809265137,1.2899999618530273,96833,0.0,0.0
2023-11-08 11:30:00-05:00,1.2899999618530273,1.309999942779541,1.284999966621399,1.309999942779541,97782,0.0,0.0
2023-11-08 12:30:00-05:00,1.3049999475479126,1.309999942779541,1.2799999713897705,1.2899999618530273,92596,0.0,0.0
2023-11-08 13:30:00-05:00,1.284999966621399,1.2999999523162842,1.284999966621399,1.2899999618530273,87482,0.0,0.0
2023-11-08 14:30:00-05:00,1.2949999570846558,1.315000057220459,1.2899999618530273,1.3049999475479126,221538,0.0,0.0
2023-11-08 15:30:00-05:00,1.3049999475479126,1.3300000429153442,1.2899999618530273,1.3200000524520874,374211,0.0,0.0
2023-11-09 09:30:00-05:00,1.350000023841858,1.600000023841858,1.350000023841858,1.4800000190734863,671106,0.0,0.0
2023-11-09 10:30:00-05:00,1.4800000190734863,1.5,1.440000057220459,1.4500000476837158,181122,0.0,0.0
2023-11-09 11:30:00-05:00,1.4450000524520874,1.448199987411499,1.3200000524520874,1.3350000381469727,241853,0.0,0.0
2023-11-09 12:30:00-05:00,1.3350000381469727,1.409999966621399,1.3200000524520874,1.3550000190734863,244348,0.0,0.0
2023-11-09 13:30:00-05:00,1.3550000190734863,1.3799999952316284,1.3250000476837158,1.3650000095367432,104239,0.0,0.0
2023-11-09 14:30:00-05:00,1.3600000143051147,1.375,1.340000033378601,1.3600000143051147,88630,0.0,0.0
2023-11-09 15:30:00-05:00,1.350000023841858,1.3700000047683716,1.3350000381469727,1.3698999881744385,172337,0.0,0.0
2023-11-10 09:30:00-05:00,1.399999976158142,1.399999976158142,1.2949999570846558,1.3199000358581543,156992,0.0,0.0
2023-11-10 10:30:00-05:00,1.315000057220459,1.3600000143051147,1.309999942779541,1.3600000143051147,81742,0.0,0.0
2023-11-10 11:30:00-05:00,1.3600000143051147,1.3600000143051147,1.3300000429153442,1.3350000381469727,34076,0.0,0.0
2023-11-10 12:30:00-05:00,1.3300000429153442,1.3600000143051147,1.3300000429153442,1.3550000190734863,60910,0.0,0.0
2023-11-10 13:30:00-05:00,1.3600000143051147,1.3600000143051147,1.3350000381469727,1.350000023841858,41706,0.0,0.0
2023-11-10 14:30:00-05:00,1.3450000286102295,1.3600000143051147,1.340000033378601,1.350000023841858,40084,0.0,0.0
2023-11-10 15:30:00-05:00,1.3600000143051147,1.3700000047683716,1.351199984550476,1.3700000047683716,66504,0.0,0.0
2023-11-13 09:30:00-05:00,1.350000023841858,1.3600000143051147,1.2899999618530273,1.2999999523162842,168311,0.0,0.0
2023-11-13 10:30:00-05:00,1.3092000484466553,1.350000023841858,1.2899999618530273,1.3401000499725342,116911,0.0,0.0
2023-11-13 11:30:00-05:00,1.340000033378601,1.375,1.3300000429153442,1.3450000286102295,76988,0.0,0.0
2023-11-13 12:30:00-05:00,1.340000033378601,1.3700000047683716,1.3200000524520874,1.340000033378601,80785,0.0,0.0
2023-11-13 13:30:00-05:00,1.340000033378601,1.4299999475479126,1.340000033378601,1.3799999952316284,186008,0.0,0.0
2023-11-13 14:30:00-05:00,1.3849999904632568,1.3899999856948853,1.350000023841858,1.3650000095367432,72627,0.0,0.0
2023-11-13 15:30:00-05:00,1.3700000047683716,1.3899999856948853,1.3600000143051147,1.3890000581741333,68828,0.0,0.0
2023-11-14 09:30:00-05:00,1.399999976158142,1.559999942779541,1.399999976158142,1.4950000047683716,329688,0.0,0.0
2023-11-14 10:30:00-05:00,1.4900000095367432,1.5499999523162842,1.4800000190734863,1.5,283890,0.0,0.0
2023-11-14 11:30:00-05:00,1.5099999904632568,1.5204999446868896,1.4299999475479126,1.4581999778747559,118496,0.0,0.0
2023-11-14 12:30:00-05:00,1.4550000429153442,1.4800000190734863,1.440000057220459,1.4600000381469727,86472,0.0,0.0
2023-11-14 13:30:00-05:00,1.4600000381469727,1.4700000286102295,1.440000057220459,1.4600000381469727,71539,0.0,0.0
2023-11-14 14:30:00-05:00,1.4594999551773071,1.5099999904632568,1.4550000429153442,1.4950000047683716,78727,0.0,0.0
2023-11-14 15:30:00-05:00,1.4900000095367432,1.5199999809265137,1.4900000095367432,1.5199999809265137,106424,0.0,0.0
2023-11-15 09:30:00-05:00,1.5,1.649999976158142,1.5,1.6349999904632568,351723,0.0,0.0
2023-11-15 10:30:00-05:00,1.6349999904632568,1.659999966621399,1.590000033378601,1.597499966621399,239347,0.0,0.0
2023-11-15 11:30:00-05:00,1.600000023841858,1.600000023841858,1.5500999689102173,1.590000033378601,82636,0.0,0.0
2023-11-15 12:30:00-05:00,1.590000033378601,1.6200000047683716,1.5848000049591064,1.6200000047683716,76664,0.0,0.0
2023-11-15 13:30:00-05:00,1.6200000047683716,1.6299999952316284,1.6100000143051147,1.6150000095367432,26307,0.0,0.0
2023-11-15 14:30:00-05:00,1.6200000047683716,1.6200000047683716,1.6100000143051147,1.6171000003814697,31669,0.0,0.0
2023-11-15 15:30:00-05:00,1.6200000047683716,1.6399999856948853,1.6150000095367432,1.6399999856948853,128067,0.0,0.0
2023-11-16 09:30:00-05:00,1.6399999856948853,1.6399999856948853,1.4800000190734863,1.4950000047683716,159309,0.0,0.0
2023-11-16 10:30:00-05:00,1.4950000047683716,1.5099999904632568,1.4600000381469727,1.5049999952316284,93031,0.0,0.0
2023-11-16 11:30:00-05:00,1.5099999904632568,1.5199999809265137,1.5099999904632568,1.5149999856948853,41119,0.0,0.0
2023-11-16 12:30:00-05:00,1.5149999856948853,1.534999966621399,1.5149999856948853,1.524999976158142,34028,0.0,0.0
2023-11-16 13:30:00-05:00,1.524999976158142,1.5399999618530273,1.5099999904632568,1.5149999856948853,95669,0.0,0.0
2023-11-16 14:30:00-05:00,1.5197999477386475,1.5399999618530273,1.5189000368118286,1.524999976158142,44454,0.0,0.0
2023-11-16 15:30:00-05:00,1.5199999809265137,1.5199999809265137,1.5,1.5099999904632568,142611,0.0,0.0
2023-11-17 09:30:00-05:00,1.4700000286102295,1.5099999904632568,1.4299999475479126,1.4500000476837158,174098,0.0,0.0
2023-11-17 10:30:00-05:00,1.4499000310897827,1.4499000310897827,1.399999976158142,1.4049999713897705,74222,0.0,0.0
2023-11-17 11:30:00-05:00,1.399999976158142,1.4299999475479126,1.399999976158142,1.4149999618530273,24919,0.0,0.0
2023-11-17 12:30:00-05:00,1.419700026512146,1.440000057220459,1.409999966621399,1.434999942779541,24232,0.0,0.0
2023-11-17 13:30:00-05:00,1.434999942779541,1.440000057220459,1.4305000305175781,1.440000057220459,11618,0.0,0.0
2023-11-17 14:30:00-05:00,1.440000057220459,1.4500000476837158,1.4299999475479126,1.4450000524520874,34260,0.0,0.0
2023-11-17 15:30:00-05:00,1.440999984741211,1.4450000524520874,1.4306000471115112,1.440000057220459,24701,0.0,0.0
2023-11-20 09:30:00-05:00,1.4500000476837158,1.5299999713897705,1.4199999570846558,1.5099999904632568,232033,0.0,0.0
2023-11-20 10:30:00-05:00,1.5049999952316284,1.5199999809265137,1.4700000286102295,1.5149999856948853,174017,0.0,0.0
2023-11-20 11:30:00-05:00,1.5199999809265137,1.535599946975708,1.4801000356674194,1.524999976158142,79145,0.0,0.0
2023-11-20 12:30:00-05:00,1.524999976158142,1.5549999475479126,1.524999976158142,1.5399999618530273,56125,0.0,0.0
2023-11-20 13:30:00-05:00,1.534999966621399,1.5499999523162842,1.5199999809265137,1.524999976158142,40711,0.0,0.0
2023-11-20 14:30:00-05:00,1.5211000442504883,1.5299999713897705,1.5149999856948853,1.524999976158142,37198,0.0,0.0
2023-11-20 15:30:00-05:00,1.524999976158142,1.5299999713897705,1.5099999904632568,1.5099999904632568,36189,0.0,0.0
2023-11-21 09:30:00-05:00,1.5,1.5099999904632568,1.4199999570846558,1.4249999523162842,128324,0.0,0.0
2023-11-21 10:30:00-05:00,1.4199999570846558,1.4800000190734863,1.4199999570846558,1.440000057220459,72192,0.0,0.0
2023-11-21 11:30:00-05:00,1.440000057220459,1.4499000310897827,1.4199999570846558,1.4299999475479126,36364,0.0,0.0
2023-11-21 12:30:00-05:00,1.4249999523162842,1.4500000476837158,1.409999966621399,1.4149999618530273,46609,0.0,0.0
2023-11-21 13:30:00-05:00,1.4149999618530273,1.4249999523162842,1.399999976158142,1.409999966621399,76139,0.0,0.0
2023-11-21 14:30:00-05:00,1.409999966621399,1.409999966621399,1.3899999856948853,1.3949999809265137,149791,0.0,0.0
2023-11-21 15:30:00-05:00,1.3949999809265137,1.399999976158142,1.350000023841858,1.3650000095367432,241282,0.0,0.0
2023-11-22 09:30:00-05:00,1.3899999856948853,1.4199999570846558,1.3700000047683716,1.3700000047683716,75121,0.0,0.0
2023-11-22 10:30:00-05:00,1.3700000047683716,1.3799999952316284,1.3600000143051147,1.3700000047683716,29169,0.0,0.0
2023-11-22 11:30:00-05:00,1.3600000143051147,1.3899999856948853,1.350000023841858,1.3849999904632568,55827,0.0,0.0
2023-11-22 12:30:00-05:00,1.3849999904632568,1.4550000429153442,1.3849999904632568,1.4550000429153442,149987,0.0,0.0
2023-11-22 13:30:00-05:00,1.4550000429153442,1.4600000381469727,1.4199999570846558,1.4249999523162842,82981,0.0,0.0
2023-11-22 14:30:00-05:00,1.4249999523162842,1.4299999475479126,1.409999966621399,1.409999966621399,71277,0.0,0.0
2023-11-22 15:30:00-05:00,1.4106999635696411,1.4199999570846558,1.3799999952316284,1.3849999904632568,51973,0.0,0.0
2023-11-24 09:30:00-05:00,1.399999976158142,1.440000057220459,1.3600000143051147,1.4299999475479126,120493,0.0,0.0
2023-11-24 10:30:00-05:00,1.4299999475479126,1.4800000190734863,1.4199999570846558,1.475000023841858,119735,0.0,0.0
2023-11-24 11:30:00-05:00,1.4700000286102295,1.4700000286102295,1.4299999475479126,1.434999942779541,116996,0.0,0.0
2023-11-27 09:30:00-05:00,1.475000023841858,1.5099999904632568,1.4500000476837158,1.4900000095367432,140235,0.0,0.0
2023-11-27 10:30:00-05:00,1.4900000095367432,1.5299999713897705,1.440000057220459,1.4493999481201172,92792,0.0,0.0
2023-11-27 11:30:00-05:00,1.4500000476837158,1.4550000429153442,1.4299999475479126,1.440000057220459,42676,0.0,0.0
2023-11-27 12:30:00-05:00,1.4300999641418457,1.440000057220459,1.350000023841858,1.350000023841858,174474,0.0,0.0
2023-11-27 13:30:00-05:00,1.357699990272522,1.3700000047683716,1.350000023841858,1.3550000190734863,107013,0.0,0.0
2023-11-27 14:30:00-05:00,1.3600000143051147,1.3899999856948853,1.350000023841858,1.375,127774,0.0,0.0
2023-11-27 15:30:00-05:00,1.375,1.3799999952316284,1.3600000143051147,1.3700000047683716,112364,0.0,0.0
2023-11-28 09:30:00-05:00,1.399999976158142,1.409999966621399,1.3600000143051147,1.3600000143051147,206896,0.0,0.0
2023-11-28 10:30:00-05:00,1.3600000143051147,1.409999966621399,1.350000023841858,1.3995000123977661,176252,0.0,0.0
2023-11-28 11:30:00-05:00,1.3949999809265137,1.399999976158142,1.3700000047683716,1.375,34657,0.0,0.0
2023-11-28 12:30:00-05:00,1.375,1.409999966621399,1.3650000095367432,1.4049999713897705,47413,0.0,0.0
2023-11-28 13:30:00-05:00,1.409999966621399,1.4299999475479126,1.4000999927520752,1.4199999570846558,73201,0.0,0.0
2023-11-28 14:30:00-05:00,1.4199999570846558,1.4299999475479126,1.409999966621399,1.4249999523162842,101762,0.0,0.0
2023-11-28 15:30:00-05:00,1.4249999523162842,1.4299999475479126,1.399999976158142,1.409999966621399,143985,0.0,0.0
2023-11-29 09:30:00-05:00,1.5,1.5149999856948853,1.4600000381469727,1.4700000286102295,113388,0.0,0.0
2023-11-29 10:30:00-05:00,1.4700000286102295,1.4800000190734863,1.440000057220459,1.4444999694824219,25337,0.0,0.0
2023-11-29 11:30:00-05:00,1.440000057220459,1.465000033378601,1.4299999475479126,1.4600000381469727,51373,0.0,0.0
2023-11-29 12:30:00-05:00,1.465000033378601,1.4800000190734863,1.4550000429153442,1.475000023841858,62042,0.0,0.0
2023-11-29 13:30:00-05:00,1.4800000190734863,1.5,1.4700000286102295,1.5,92685,0.0,0.0
2023-11-29 14:30:00-05:00,1.5,1.5,1.4600000381469727,1.4700000286102295,100903,0.0,0.0
2023-11-29 15:30:00-05:00,1.475000023841858,1.4900000095367432,1.4700000286102295,1.4800000190734863,92433,0.0,0.0
2023-11-30 09:30:00-05:00,1.5,1.5087000131607056,1.4299999475479126,1.4800000190734863,93567,0.0,0.0
2023-11-30 10:30:00-05:00,1.4800000190734863,1.5099999904632568,1.4500000476837158,1.4800000190734863,96296,0.0,0.0
2023-11-30 11:30:00-05:00,1.475000023841858,1.5399999618530273,1.4600000381469727,1.4700000286102295,88023,0.0,0.0
2023-11-30 12:30:00-05:00,1.4800000190734863,1.5,1.4700000286102295,1.4900000095367432,21720,0.0,0.0
2023-11-30 13:30:00-05:00,1.4900000095367432,1.4900000095367432,1.4800000190734863,1.4900000095367432,12830,0.0,0.0
2023-11-30 14:30:00-05:00,1.4850000143051147,1.5,1.4600000381469727,1.465000033378601,61970,0.0,0.0
2023-11-30 15:30:00-05:00,1.465000033378601,1.465000033378601,1.4500000476837158,1.4600000381469727,54075,0.0,0.0
2023-12-01 09:30:00-05:00,1.4700000286102295,1.4900000095367432,1.4500000476837158,1.4850000143051147,80869,0.0,0.0
2023-12-01 10:30:00-05:00,1.4850000143051147,1.5499999523162842,1.4850000143051147,1.5449999570846558,83934,0.0,0.0
2023-12-01 11:30:00-05:00,1.5399999618530273,1.559999942779541,1.5099999904632568,1.559999942779541,159383,0.0,0.0
2023-12-01 12:30:00-05:00,1.559000015258789,1.5700000524520874,1.534999966621399,1.5449999570846558,93106,0.0,0.0
2023-12-01 13:30:00-05:00,1.5449999570846558,1.5700000524520874,1.5399999618530273,1.5599000453948975,75079,0.0,0.0
2023-12-01 14:30:00-05:00,1.5549999475479126,1.5549999475479126,1.5299999713897705,1.534999966621399,80841,0.0,0.0
2023-12-01 15:30:00-05:00,1.5299999713897705,1.5499999523162842,1.5099999904632568,1.5499999523162842,175821,0.0,0.0
2023-12-04 09:30:00-05:00,1.6299999952316284,1.8450000286102295,1.6299999952316284,1.8200000524520874,1236400,0.0,0.0
2023-12-04 10:30:00-05:00,1.8200000524520874,1.8300000429153442,1.7300000190734863,1.7699999809265137,477853,0.0,0.0
2023-12-04 11:30:00-05:00,1.7599999904632568,1.7699999809265137,1.725000023841858,1.7300000190734863,267294,0.0,0.0
2023-12-04 12:30:00-05:00,1.7201000452041626,1.7285000085830688,1.6799999475479126,1.7000000476837158,154674,0.0,0.0
2023-12-04 13:30:00-05:00,1.7000000476837158,1.7599999904632568,1.7000000476837158,1.75,118219,0.0,0.0
2023-12-04 14:30:00-05:00,1.75,1.7799999713897705,1.7400000095367432,1.75,143991,0.0,0.0
2023-12-04 15:30:00-05:00,1.7549999952316284,1.7599999904632568,1.7350000143051147,1.7404999732971191,201189,0.0,0.0
2023-12-05 09:30:00-05:00,1.8200000524520874,1.9950000047683716,1.760599970817566,1.9950000047683716,923873,0.0,0.0
2023-12-05 10:30:00-05:00,1.9900000095367432,2.015000104904175,1.934999942779541,1.9950000047683716,730859,0.0,0.0
2023-12-05 11:30:00-05:00,1.9900000095367432,2.059999942779541,1.940000057220459,1.9600000381469727,394118,0.0,0.0
2023-12-05 12:30:00-05:00,1.9570000171661377,1.965000033378601,1.8949999809265137,1.9550000429153442,248779,0.0,0.0
2023-12-05 13:30:00-05:00,1.9600000381469727,1.9850000143051147,1.9199999570846558,1.9291000366210938,194101,0.0,0.0
2023-12-05 14:30:00-05:00,1.9299999475479126,1.9800000190734863,1.909999966621399,1.9800000190734863,271196,0.0,0.0
2023-12-05 15:30:00-05:00,1.9800000190734863,1.9900000095367432,1.9299999475479126,1.9700000286102295,290635,0.0,0.0
2023-12-06 09:30:00-05:00,2.0399999618530273,2.059999942779541,1.8700000047683716,1.909999966621399,549073,0.0,0.0
2023-12-06 10:30:00-05:00,1.9149999618530273,1.9500000476837158,1.8200000524520874,1.8899999856948853,331579,0.0,0.0
2023-12-06 11:30:00-05:00,1.8899999856948853,1.9199999570846558,1.8300000429153442,1.8300000429153442,152687,0.0,0.0
2023-12-06 12:30:00-05:00,1.8300000429153442,1.8600000143051147,1.815000057220459,1.840000033378601,210682,0.0,0.0
2023-12-06 13:30:00-05:00,1.8450000286102295,1.8899999856948853,1.8300000429153442,1.8300000429153442,151380,0.0,0.0
2023-12-06 14:30:00-05:00,1.8300000429153442,1.8799999952316284,1.8250000476837158,1.8300000429153442,153799,0.0,0.0
2023-12-06 15:30:00-05:00,1.8350000381469727,1.8600000143051147,1.8250000476837158,1.8600000143051147,139570,0.0,0.0
2023-12-07 09:30:00-05:00,1.850000023841858,2.009999990463257,1.850000023841858,1.9299999475479126,450922,0.0,0.0
2023-12-07 10:30:00-05:00,1.9199999570846558,1.9904999732971191,1.9098999500274658,1.9700000286102295,253990,0.0,0.0
2023-12-07 11:30:00-05:00,1.9779000282287598,2.0,1.9550000429153442,1.965000033378601,135818,0.0,0.0
2023-12-07 12:30:00-05:00,1.9700000286102295,1.9800000190734863,1.9249999523162842,1.934999942779541,61470,0.0,0.0
2023-12-07 13:30:00-05:00,1.9399000406265259,1.9500000476837158,1.9149999618530273,1.9499000310897827,64798,0.0,0.0
2023-12-07 14:30:00-05:00,1.9450000524520874,1.9800000190734863,1.940000057220459,1.9550000429153442,92282,0.0,0.0
2023-12-07 15:30:00-05:00,1.9600000381469727,1.9900000095367432,1.9500000476837158,1.9800000190734863,184398,0.0,0.0
2023-12-08 09:30:00-05:00,1.9600000381469727,2.009999990463257,1.8700000047683716,1.9900000095367432,233450,0.0,0.0
2023-12-08 10:30:00-05:00,1.9900000095367432,2.005000114440918,1.9450000524520874,1.9700000286102295,161709,0.0,0.0
2023-12-08 11:30:00-05:00,1.9700000286102295,1.9700000286102295,1.899999976158142,1.9049999713897705,153221,0.0,0.0
2023-12-08 12:30:00-05:00,1.9049999713897705,1.9199999570846558,1.8799999952316284,1.9049999713897705,153420,0.0,0.0
2023-12-08 13:30:00-05:00,1.899999976158142,1.9049999713897705,1.840000033378601,1.8600000143051147,149771,0.0,0.0
2023-12-08 14:30:00-05:00,1.8550000190734863,1.8899999856948853,1.850000023841858,1.8650000095367432,180265,0.0,0.0
2023-12-08 15:30:00-05:00,1.8698999881744385,1.8899999856948853,1.850000023841858,1.8899999856948853,119230,0.0,0.0
2023-12-11 09:30:00-05:00,1.899999976158142,1.899999976158142,1.7200000286102295,1.7200000286102295,308747,0.0,0.0
2023-12-11 10:30:00-05:00,1.7300000190734863,1.784999966621399,1.7285000085830688,1.7599999904632568,105635,0.0,0.0
2023-12-11 11:30:00-05:00,1.7599999904632568,1.7899999618530273,1.7549999952316284,1.774999976158142,73816,0.0,0.0
2023-12-11 12:30:00-05:00,1.7699999809265137,1.8200000524520874,1.7699999809265137,1.8049999475479126,72634,0.0,0.0
2023-12-11 13:30:00-05:00,1.809999942779541,1.8350000381469727,1.8049999475479126,1.8049999475479126,74268,0.0,0.0
2023-12-11 14:30:00-05:00,1.8092999458312988,1.8200000524520874,1.7740999460220337,1.774999976158142,62455,0.0,0.0
2023-12-11 15:30:00-05:00,1.7699999809265137,1.7899999618530273,1.75,1.7899999618530273,141168,0.0,0.0
2023-12-12 09:30:00-05:00,1.7899999618530273,1.809999942779541,1.7200000286102295,1.7450000047683716,162278,0.0,0.0
2023-12-12 10:30:00-05:00,1.7400000095367432,1.7549999952316284,1.715000033378601,1.7300000190734863,106161,0.0,0.0
2023-12-12 11:30:00-05:00,1.7400000095367432,1.7450000047683716,1.7200000286102295,1.725000023841858,60848,0.0,0.0
2023-12-12 12:30:00-05:00,1.725000023841858,1.7300000190734863,1.6649999618530273,1.6699999570846558,188116,0.0,0.0
2023-12-12 13:30:00-05:00,1.6699999570846558,1.7100000381469727,1.6699999570846558,1.7100000381469727,140246,0.0,0.0
2023-12-12 14:30:00-05:00,1.7000000476837158,1.7300000190734863,1.690000057220459,1.7200000286102295,104032,0.0,0.0
2023-12-12 15:30:00-05:00,1.725000023841858,1.7300000190734863,1.7000000476837158,1.7100000381469727,85888,0.0,0.0
2023-12-13 09:30:00-05:00,1.7000000476837158,1.7000000476837158,1.6050000190734863,1.6100000143051147,148159,0.0,0.0
2023-12-13 10:30:00-05:00,1.6095000505447388,1.659999966621399,1.600000023841858,1.6200000047683716,186394,0.0,0.0
2023-12-13 11:30:00-05:00,1.6100000143051147,1.6950000524520874,1.6100000143051147,1.6749999523162842,82683,0.0,0.0
2023-12-13 12:30:00-05:00,1.6699999570846558,1.6799999475479126,1.6549999713897705,1.6649999618530273,21410,0.0,0.0
2023-12-13 13:30:00-05:00,1.659999966621399,1.7549999952316284,1.659999966621399,1.7549999952316284,69847,0.0,0.0
2023-12-13 14:30:00-05:00,1.7549999952316284,1.8300000429153442,1.7400000095367432,1.7899999618530273,237666,0.0,0.0
2023-12-13 15:30:00-05:00,1.7899999618530273,1.8600000143051147,1.7899999618530273,1.850000023841858,291037,0.0,0.0
2023-12-14 09:30:00-05:00,1.9500000476837158,2.059999942779541,1.9500000476837158,2.0199999809265137,419562,0.0,0.0
2023-12-14 10:30:00-05:00,2.009999990463257,2.0350000858306885,2.0,2.005000114440918,118481,0.0,0.0
2023-12-14 11:30:00-05:00,2.009999990463257,2.0299999713897705,2.0,2.015000104904175,81984,0.0,0.0
2023-12-14 12:30:00-05:00,2.015000104904175,2.0199999809265137,1.9900000095367432,1.9900000095367432,99056,0.0,0.0
2023-12-14 13:30:00-05:00,1.9914000034332275,2.009999990463257,1.9900000095367432,2.0,104577,0.0,0.0
2023-12-14 14:30:00-05:00,2.0,2.045300006866455,1.9950000047683716,2.0250000953674316,61939,0.0,0.0
2023-12-14 15:30:00-05:00,2.0299999713897705,2.059999942779541,2.0250000953674316,2.0399999618530273,80463,0.0,0.0
2023-12-15 09:30:00-05:00,2.069999933242798,2.0799999237060547,1.899999976158142,1.9249999523162842,344692,0.0,0.0
2023-12-15 10:30:00-05:00,1.9249999523162842,1.9700000286102295,1.909999966621399,1.9600000381469727,132276,0.0,0.0
2023-12-15 11:30:00-05:00,1.9700000286102295,1.9900000095367432,1.9500000476837158,1.965000033378601,75152,0.0,0.0
2023-12-15 12:30:00-05:00,1.965000033378601,1.9800000190734863,1.9000999927520752,1.9149999618530273,62505,0.0,0.0
2023-12-15 13:30:00-05:00,1.9199999570846558,1.934999942779541,1.8949999809265137,1.9249999523162842,97894,0.0,0.0
2023-12-15 14:30:00-05:00,1.9199999570846558,1.965000033378601,1.9199999570846558,1.9600000381469727,124332,0.0,0.0
2023-12-15 15:30:00-05:00,1.9600000381469727,1.9700000286102295,1.940000057220459,1.9500000476837158,141684,0.0,0.0
2023-12-18 09:30:00-05:00,1.9500000476837158,2.009999990463257,1.9149999618530273,1.9149999618530273,229238,0.0,0.0
2023-12-18 10:30:00-05:00,1.9149999618530273,1.934999942779541,1.840000033378601,1.850000023841858,173643,0.0,0.0
2023-12-18 11:30:00-05:00,1.850000023841858,1.899999976158142,1.809999942779541,1.8849999904632568,256674,0.0,0.0
2023-12-18 12:30:00-05:00,1.8799999952316284,1.8899999856948853,1.850000023841858,1.8650000095367432,68541,0.0,0.0
2023-12-18 13:30:00-05:00,1.8650000095367432,1.8650000095367432,1.8200000524520874,1.8224999904632568,93618,0.0,0.0
2023-12-18 14:30:00-05:00,1.8200000524520874,1.8350000381469727,1.7899999618530273,1.815000057220459,260115,0.0,0.0
2023-12-18 15:30:00-05:00,1.8199000358581543,1.8300000429153442,1.8049999475479126,1.809999942779541,87404,0.0,0.0
2023-12-19 09:30:00-05:00,1.7899999618530273,2.0399999618530273,1.7799999713897705,1.9550000429153442,743199,0.0,0.0
2023-12-19 10:30:00-05:00,1.9550000429153442,2.065000057220459,1.9500000476837158,2.0350000858306885,392400,0.0,0.0
2023-12-19 11:30:00-05:00,2.0350000858306885,2.069999933242798,1.9911999702453613,2.0139000415802,258297,0.0,0.0
2023-12-19 12:30:00-05:00,2.019700050354004,2.0399999618530273,1.9950000047683716,2.009999990463257,100491,0.0,0.0
2023-12-19 13:30:00-05:00,2.015000104904175,2.015000104904175,1.9700000286102295,1.975000023841858,68012,0.0,0.0
2023-12-19 14:30:00-05:00,1.975000023841858,2.0299999713897705,1.9700000286102295,2.015000104904175,141999,0.0,0.0
2023-12-19 15:30:00-05:00,2.015000104904175,2.049999952316284,2.0,2.0399999618530273,153732,0.0,0.0
2023-12-20 09:30:00-05:00,2.0,2.0899999141693115,2.0,2.0299999713897705,320453,0.0,0.0
2023-12-20 10:30:00-05:00,2.0299999713897705,2.0299999713897705,1.9800000190734863,1.9800000190734863,161842,0.0,0.0
2023-12-20 11:30:00-05:00,1.9809999465942383,2.009999990463257,1.9700000286102295,1.975000023841858,156689,0.0,0.0
2023-12-20 12:30:00-05:00,1.975000023841858,2.0199999809265137,1.9600000381469727,2.0199999809265137,167723,0.0,0.0
2023-12-20 13:30:00-05:00,2.0199999809265137,2.0299999713897705,1.9900000095367432,1.9950000047683716,82342,0.0,0.0
2023-12-20 14:30:00-05:00,1.9900000095367432,1.9950000047683716,1.909999966621399,1.9299999475479126,350926,0.0,0.0
2023-12-20 15:30:00-05:00,1.9249999523162842,1.940000057220459,1.899999976158142,1.9049999713897705,196725,0.0,0.0
2023-12-21 09:30:00-05:00,1.9199999570846558,1.934999942779541,1.7899999618530273,1.8598999977111816,281623,0.0,0.0
2023-12-21 10:30:00-05:00,1.8600000143051147,1.9149999618530273,1.850000023841858,1.8700000047683716,103356,0.0,0.0
2023-12-21 11:30:00-05:00,1.8695000410079956,1.8799999952316284,1.850000023841858,1.8650000095367432,42794,0.0,0.0
2023-12-21 12:30:00-05:00,1.8650000095367432,1.8700000047683716,1.8401000499725342,1.8550000190734863,89575,0.0,0.0
2023-12-21 13:30:00-05:00,1.8600000143051147,1.8650000095367432,1.840000033378601,1.8450000286102295,42566,0.0,0.0
2023-12-21 14:30:00-05:00,1.850000023841858,1.850000023841858,1.8200000524520874,1.850000023841858,110296,0.0,0.0
2023-12-21 15:30:00-05:00,1.850000023841858,1.8899999856948853,1.850000023841858,1.8700000047683716,168088,0.0,0.0
2023-12-22 09:30:00-05:00,1.8799999952316284,1.9199999570846558,1.8200000524520874,1.850000023841858,157923,0.0,0.0
2023-12-22 10:30:00-05:00,1.850100040435791,1.8799999952316284,1.840000033378601,1.8550000190734863,183311,0.0,0.0
2023-12-22 11:30:00-05:00,1.850000023841858,1.899999976158142,1.850000023841858,1.8799999952316284,104772,0.0,0.0
2023-12-22 12:30:00-05:00,1.8700000047683716,1.899999976158142,1.850000023841858,1.8898999691009521,74402,0.0,0.0
2023-12-22 13:30:00-05:00,1.881100058555603,1.8898999691009521,1.850000023841858,1.850000023841858,30331,0.0,0.0
2023-12-22 14:30:00-05:00,1.850000023841858,1.8600000143051147,1.8350000381469727,1.8550000190734863,47830,0.0,0.0
2023-12-22 15:30:00-05:00,1.8550000190734863,1.8700000047683716,1.840000033378601,1.850000023841858,88585,0.0,0.0
2023-12-26 09:30:00-05:00,1.8700000047683716,1.9700000286102295,1.8600000143051147,1.930999994277954,339910,0.0,0.0
2023-12-26 10:30:00-05:00,1.9299999475479126,1.9313000440597534,1.8801000118255615,1.9170000553131104,79104,0.0,0.0
2023-12-26 11:30:00-05:00,1.9149999618530273,1.9800000190734863,1.909999966621399,1.9508999586105347,141100,0.0,0.0
2023-12-26 12:30:00-05:00,1.9594999551773071,1.9700000286102295,1.9420000314712524,1.9500000476837158,79013,0.0,0.0
2023-12-26 13:30:00-05:00,1.9500000476837158,1.9600000381469727,1.940000057220459,1.9450000524520874,40232,0.0,0.0
2023-12-26 14:30:00-05:00,1.9496999979019165,1.9600000381469727,1.934999942779541,1.940000057220459,57251,0.0,0.0
2023-12-26 15:30:00-05:00,1.9450000524520874,1.9500000476837158,1.9199999570846558,1.940000057220459,77285,0.0,0.0
2023-12-27 09:30:00-05:00,1.9500000476837158,1.9700000286102295,1.8799999952316284,1.8799999952316284,220804,0.0,0.0
2023-12-27 10:30:00-05:00,1.8849999904632568,1.899999976158142,1.8600000143051147,1.877500057220459,150942,0.0,0.0
2023-12-27 11:30:00-05:00,1.8700000047683716,1.909999966621399,1.8700000047683716,1.8799999952316284,56959,0.0,0.0
2023-12-27 12:30:00-05:00,1.8899999856948853,1.8899999856948853,1.8600000143051147,1.8899999856948853,46859,0.0,0.0
2023-12-27 13:30:00-05:00,1.8899999856948853,1.8899999856948853,1.8600000143051147,1.8799999952316284,107284,0.0,0.0
2023-12-27 14:30:00-05:00,1.875,1.8899999856948853,1.8600000143051147,1.8700000047683716,51924,0.0,0.0
2023-12-27 15:30:00-05:00,1.8700000047683716,1.8799999952316284,1.840000033378601,1.8600000143051147,99381,0.0,0.0
2023-12-28 09:30:00-05:00,1.8600000143051147,1.8799999952316284,1.8200000524520874,1.8700000047683716,162689,0.0,0.0
2023-12-28 10:30:00-05:00,1.8799999952316284,1.909999966621399,1.8212000131607056,1.8380999565124512,193213,0.0,0.0
2023-12-28 11:30:00-05:00,1.8300000429153442,1.840000033378601,1.7999999523162842,1.8287999629974365,138660,0.0,0.0
2023-12-28 12:30:00-05:00,1.8250000476837158,1.840000033378601,1.8049999475479126,1.8200000524520874,69081,0.0,0.0
2023-12-28 13:30:00-05:00,1.8200000524520874,1.8200000524520874,1.7799999713897705,1.7949999570846558,153713,0.0,0.0
2023-12-28 14:30:00-05:00,1.7999999523162842,1.8300000429153442,1.7799999713897705,1.809999942779541,99052,0.0,0.0
2023-12-28 15:30:00-05:00,1.8200000524520874,1.8550000190734863,1.8100999593734741,1.850000023841858,223957,0.0,0.0
2023-12-29 09:30:00-05:00,1.809999942779541,1.850000023841858,1.7699999809265137,1.7798999547958374,315967,0.0,0.0
2023-12-29 10:30:00-05:00,1.774999976158142,1.7799999713897705,1.7300000190734863,1.7599999904632568,234255,0.0,0.0
2023-12-29 11:30:00-05:00,1.7549999952316284,1.7799999713897705,1.7450000047683716,1.75,117141,0.0,0.0
2023-12-29 12:30:00-05:00,1.7599999904632568,1.7699999809265137,1.75,1.7599999904632568,88506,0.0,0.0
2023-12-29 13:30:00-05:00,1.7649999856948853,1.7899999618530273,1.7599999904632568,1.7599999904632568,90149,0.0,0.0
2023-12-29 14:30:00-05:00,1.7649999856948853,1.7699999809265137,1.75,1.7549999952316284,77772,0.0,0.0
2023-12-29 15:30:00-05:00,1.7549999952316284,1.7599999904632568,1.7350000143051147,1.75,178052,0.0,0.0
2024-01-02 09:30:00-05:00,1.6699999570846558,1.7549999952316284,1.6449999809265137,1.75,382446,0.0,0.0
2024-01-02 10:30:00-05:00,1.749500036239624,1.7549999952316284,1.7100000381469727,1.7400000095367432,60647,0.0,0.0
2024-01-02 11:30:00-05:00,1.73989999294281,1.75,1.7300000190734863,1.75,25970,0.0,0.0
2024-01-02 12:30:00-05:00,1.7549999952316284,1.7604999542236328,1.725000023841858,1.725000023841858,41048,0.0,0.0
2024-01-02 13:30:00-05:00,1.725000023841858,1.725000023841858,1.6699999570846558,1.6699999570846558,91996,0.0,0.0
2024-01-02 14:30:00-05:00,1.6749999523162842,1.6799999475479126,1.649999976158142,1.6549999713897705,123847,0.0,0.0
2024-01-02 15:30:00-05:00,1.6549999713897705,1.6699999570846558,1.6399999856948853,1.6699999570846558,112411,0.0,0.0
2024-01-03 09:30:00-05:00,1.649999976158142,1.6699999570846558,1.5794999599456787,1.590000033378601,180454,0.0,0.0
2024-01-03 10:30:00-05:00,1.5850000381469727,1.6100000143051147,1.5750000476837158,1.5950000286102295,75202,0.0,0.0
2024-01-03 11:30:00-05:00,1.5950000286102295,1.6200000047683716,1.5800000429153442,1.600000023841858,60656,0.0,0.0
2024-01-03 12:30:00-05:00,1.600000023841858,1.659999966621399,1.5950000286102295,1.6294000148773193,77374,0.0,0.0
2024-01-03 13:30:00-05:00,1.625,1.6349999904632568,1.6050000190734863,1.6349999904632568,57553,0.0,0.0
2024-01-03 14:30:00-05:00,1.6349999904632568,1.6349999904632568,1.5950000286102295,1.6050000190734863,55838,0.0,0.0
2024-01-03 15:30:00-05:00,1.6050000190734863,1.6150000095367432,1.600000023841858,1.6100000143051147,54992,0.0,0.0
2024-01-04 09:30:00-05:00,1.649999976158142,1.649999976158142,1.5850000381469727,1.6050000190734863,83892,0.0,0.0
2024-01-04 10:30:00-05:00,1.6050000190734863,1.649999976158142,1.600000023841858,1.6398999691009521,67107,0.0,0.0
2024-01-04 11:30:00-05:00,1.6395000219345093,1.649999976158142,1.6200000047683716,1.6399999856948853,124114,0.0,0.0
2024-01-04 12:30:00-05:00,1.6349999904632568,1.649999976158142,1.6150000095367432,1.6399999856948853,92464,0.0,0.0
2024-01-04 13:30:00-05:00,1.6299999952316284,1.659999966621399,1.6299999952316284,1.6349999904632568,96799,0.0,0.0
2024-01-04 14:30:00-05:00,1.6399999856948853,1.6399999856948853,1.6100000143051147,1.6100000143051147,48643,0.0,0.0
2024-01-04 15:30:00-05:00,1.6101000308990479,1.6299999952316284,1.6024999618530273,1.6299999952316284,93760,0.0,0.0
2024-01-05 09:30:00-05:00,1.600000023841858,1.6384999752044678,1.5800000429153442,1.6299999952316284,67865,0.0,0.0
2024-01-05 10:30:00-05:00,1.6349999904632568,1.659999966621399,1.6100000143051147,1.6150000095367432,146231,0.0,0.0
2024-01-05 11:30:00-05:00,1.6150000095367432,1.6150000095367432,1.5800000429153442,1.5894999504089355,34150,0.0,0.0
2024-01-05 12:30:00-05:00,1.5850000381469727,1.600000023841858,1.5700000524520874,1.5950000286102295,57251,0.0,0.0
2024-01-05 13:30:00-05:00,1.600000023841858,1.6150000095367432,1.5800000429153442,1.5850000381469727,120823,0.0,0.0
2024-01-05 14:30:00-05:00,1.5800000429153442,1.590000033378601,1.559999942779541,1.5800000429153442,108689,0.0,0.0
2024-01-05 15:30:00-05:00,1.5850000381469727,1.6100000143051147,1.5800000429153442,1.6100000143051147,100978,0.0,0.0
2024-01-08 09:30:00-05:00,1.590000033378601,1.6299999952316284,1.5750000476837158,1.5950000286102295,89918,0.0,0.0
2024-01-08 10:30:00-05:00,1.600000023841858,1.6303000450134277,1.590000033378601,1.5950000286102295,46510,0.0,0.0
2024-01-08 11:30:00-05:00,1.590000033378601,1.6299999952316284,1.590000033378601,1.6299999952316284,29544,0.0,0.0
2024-01-08 12:30:00-05:00,1.6299999952316284,1.649999976158142,1.6200000047683716,1.6399999856948853,25366,0.0,0.0
2024-01-08 13:30:00-05:00,1.6397000551223755,1.6549999713897705,1.6299999952316284,1.6399999856948853,38916,0.0,0.0
2024-01-08 14:30:00-05:00,1.6349999904632568,1.6399999856948853,1.6299999952316284,1.6299999952316284,24353,0.0,0.0
2024-01-08 15:30:00-05:00,1.6349999904632568,1.659999966621399,1.63100004196167,1.659999966621399,67153,0.0,0.0
2024-01-09 09:30:00-05:00,1.6699999570846558,1.6699999570846558,1.6050000190734863,1.6407999992370605,88553,0.0,0.0
2024-01-09 10:30:00-05:00,1.6449999809265137,1.6699999570846558,1.6299999952316284,1.659999966621399,88718,0.0,0.0
2024-01-09 11:30:00-05:00,1.659999966621399,1.7000000476837158,1.659999966621399,1.7000000476837158,107812,0.0,0.0
2024-01-09 12:30:00-05:00,1.6996999979019165,1.7200000286102295,1.690000057220459,1.7100000381469727,64461,0.0,0.0
2024-01-09 13:30:00-05:00,1.7050000429153442,1.7100000381469727,1.690000057220459,1.6950000524520874,28457,0.0,0.0
2024-01-09 14:30:00-05:00,1.6920000314712524,1.7100000381469727,1.659999966621399,1.659999966621399,99832,0.0,0.0
2024-01-09 15:30:00-05:00,1.6649999618530273,1.6699999570846558,1.649999976158142,1.6699999570846558,70510,0.0,0.0
2024-01-10 09:30:00-05:00,1.6799999475479126,1.6799999475479126,1.6100000143051147,1.6200000047683716,91990,0.0,0.0
2024-01-10 10:30:00-05:00,1.6299999952316284,1.6449999809265137,1.6200000047683716,1.6299999952316284,48522,0.0,0.0
2024-01-10 11:30:00-05:00,1.6299999952316284,1.649999976158142,1.6220999956130981,1.6398999691009521,24318,0.0,0.0
2024-01-10 12:30:00-05:00,1.6349999904632568,1.659999966621399,1.6200000047683716,1.649999976158142,64452,0.0,0.0
2024-01-10 13:30:00-05:00,1.649999976158142,1.6799999475479126,1.6399999856948853,1.6610000133514404,102148,0.0,0.0
2024-01-10 14:30:00-05:00,1.6649999618530273,1.6699999570846558,1.6399999856948853,1.6449999809265137,58445,0.0,0.0
2024-01-10 15:30:00-05:00,1.6449999809265137,1.659999966621399,1.6299999952316284,1.659999966621399,85743,0.0,0.0
2024-01-11 09:30:00-05:00,1.659999966621399,1.6699999570846558,1.5800000429153442,1.5950000286102295,146881,0.0,0.0
2024-01-11 10:30:00-05:00,1.590000033378601,1.6294000148773193,1.590000033378601,1.6200000047683716,58702,0.0,0.0
2024-01-11 11:30:00-05:00,1.6200000047683716,1.6349999904632568,1.6100000143051147,1.6299999952316284,22364,0.0,0.0
2024-01-11 12:30:00-05:00,1.6299999952316284,1.659999966621399,1.6200000047683716,1.659999966621399,27832,0.0,0.0
2024-01-11 13:30:00-05:00,1.659999966621399,1.6699999570846558,1.6549999713897705,1.6699999570846558,29905,0.0,0.0
2024-01-11 14:30:00-05:00,1.6649999618530273,1.684999942779541,1.6549999713897705,1.684999942779541,103045,0.0,0.0
2024-01-11 15:30:00-05:00,1.684999942779541,1.7000000476837158,1.6699999570846558,1.7000000476837158,81971,0.0,0.0
2024-01-12 09:30:00-05:00,1.7300000190734863,1.8700000047683716,1.649999976158142,1.7599999904632568,451920,0.0,0.0
2024-01-12 10:30:00-05:00,1.7599999904632568,1.8049999475479126,1.7304999828338623,1.7799999713897705,74957,0.0,0.0
2024-01-12 11:30:00-05:00,1.7799999713897705,1.784999966621399,1.7000000476837158,1.7000000476837158,85844,0.0,0.0
2024-01-12 12:30:00-05:00,1.7050000429153442,1.7100000381469727,1.6649999618530273,1.6799999475479126,139916,0.0,0.0
2024-01-12 13:30:00-05:00,1.6799999475479126,1.6799999475479126,1.649999976158142,1.649999976158142,34345,0.0,0.0
2024-01-12 14:30:00-05:00,1.649999976158142,1.649999976158142,1.6399999856948853,1.6449999809265137,50905,0.0,0.0
2024-01-12 15:30:00-05:00,1.649999976158142,1.649999976158142,1.6100000143051147,1.6150000095367432,148710,0.0,0.0
2024-01-16 09:30:00-05:00,1.600000023841858,1.600000023841858,1.5399999618530273,1.5499999523162842,220468,0.0,0.0
2024-01-16 10:30:00-05:00,1.5499999523162842,1.5499999523162842,1.4900000095367432,1.5,176911,0.0,0.0
2024-01-16 11:30:00-05:00,1.499899983406067,1.5099999904632568,1.4550000429153442,1.465000033378601,87677,0.0,0.0
2024-01-16 12:30:00-05:00,1.4687999486923218,1.4800000190734863,1.4600000381469727,1.4600000381469727,34448,0.0,0.0
2024-01-16 13:30:00-05:00,1.4601000547409058,1.4700000286102295,1.4600000381469727,1.465000033378601,63443,0.0,0.0
2024-01-16 14:30:00-05:00,1.4700000286102295,1.4700000286102295,1.4500000476837158,1.4601999521255493,90384,0.0,0.0
2024-01-16 15:30:00-05:00,1.465000033378601,1.4700000286102295,1.4600000381469727,1.4700000286102295,47658,0.0,0.0
2024-01-17 09:30:00-05:00,1.440000057220459,1.4500000476837158,1.409999966621399,1.4249999523162842,150196,0.0,0.0
2024-01-17 10:30:00-05:00,1.4249999523162842,1.4500000476837158,1.4199999570846558,1.440500020980835,64101,0.0,0.0
2024-01-17 11:30:00-05:00,1.4400999546051025,1.4500000476837158,1.4199999570846558,1.434999942779541,39785,0.0,0.0
2024-01-17 12:30:00-05:00,1.434999942779541,1.4600000381469727,1.4300999641418457,1.4550000429153442,37045,0.0,0.0
2024-01-17 13:30:00-05:00,1.4550000429153442,1.4800000190734863,1.4500000476837158,1.4700000286102295,70368,0.0,0.0
2024-01-17 14:30:00-05:00,1.4800000190734863,1.4800000190734863,1.4700000286102295,1.475000023841858,13410,0.0,0.0
2024-01-17 15:30:00-05:00,1.475000023841858,1.4800000190734863,1.4700000286102295,1.4795000553131104,72296,0.0,0.0
2024-01-18 09:30:00-05:00,1.4600000381469727,1.4900000095367432,1.4149999618530273,1.4149999618530273,109652,0.0,0.0
2024-01-18 10:30:00-05:00,1.409999966621399,1.4149999618530273,1.3700000047683716,1.375,172655,0.0,0.0
2024-01-18 11:30:00-05:00,1.375,1.399999976158142,1.3700000047683716,1.3734999895095825,84641,0.0,0.0
2024-01-18 12:30:00-05:00,1.3799999952316284,1.4199999570846558,1.375,1.399999976158142,96001,0.0,0.0
2024-01-18 13:30:00-05:00,1.3949999809265137,1.409999966621399,1.3899999856948853,1.399999976158142,24196,0.0,0.0
2024-01-18 14:30:00-05:00,1.399999976158142,1.4299999475479126,1.399999976158142,1.4199999570846558,78398,0.0,0.0
2024-01-18 15:30:00-05:00,1.4199999570846558,1.4299999475479126,1.4149999618530273,1.4299999475479126,41400,0.0,0.0
2024-01-19 09:30:00-05:00,1.440000057220459,1.440000057220459,1.3600000143051147,1.3600000143051147,104164,0.0,0.0
2024-01-19 10:30:00-05:00,1.3639999628067017,1.3695000410079956,1.3300000429153442,1.3550000190734863,151348,0.0,0.0
2024-01-19 11:30:00-05:00,1.3600000143051147,1.3799999952316284,1.3550000190734863,1.375,148199,0.0,0.0
2024-01-19 12:30:00-05:00,1.3700000047683716,1.4049999713897705,1.3700000047683716,1.4049999713897705,26841,0.0,0.0
2024-01-19 13:30:00-05:00,1.4049999713897705,1.4500000476837158,1.4049999713897705,1.4500000476837158,86965,0.0,0.0
2024-01-19 14:30:00-05:00,1.4500000476837158,1.4500000476837158,1.4299999475479126,1.4299999475479126,42636,0.0,0.0
2024-01-19 15:30:00-05:00,1.434999942779541,1.4600000381469727,1.4299999475479126,1.4600000381469727,95810,0.0,0.0
2024-01-22 09:30:00-05:00,1.4500000476837158,1.5800000429153442,1.4500000476837158,1.534999966621399,165232,0.0,0.0
2024-01-22 10:30:00-05:00,1.534999966621399,1.534999966621399,1.5,1.5149999856948853,67956,0.0,0.0
2024-01-22 11:30:00-05:00,1.5149999856948853,1.5199999809265137,1.5,1.5049999952316284,47901,0.0,0.0
2024-01-22 12:30:00-05:00,1.5099999904632568,1.5399999618530273,1.4800000190734863,1.4800000190734863,160988,0.0,0.0
2024-01-22 13:30:00-05:00,1.4799000024795532,1.5,1.4700000286102295,1.4701999425888062,45560,0.0,0.0
2024-01-22 14:30:00-05:00,1.475000023841858,1.5099999904632568,1.4700000286102295,1.5,27817,0.0,0.0
2024-01-22 15:30:00-05:00,1.5,1.5199999809265137,1.5,1.5099999904632568,71757,0.0,0.0
2024-01-23 09:30:00-05:00,1.5700000524520874,1.6299999952316284,1.5299999713897705,1.5700000524520874,296418,0.0,0.0
2024-01-23 10:30:00-05:00,1.559999942779541,1.5850000381469727,1.5505000352859497,1.5710999965667725,40311,0.0,0.0
2024-01-23 11:30:00-05:00,1.5700000524520874,1.5700000524520874,1.5499999523162842,1.559999942779541,47778,0.0,0.0
2024-01-23 12:30:00-05:00,1.5605000257492065,1.5700000524520874,1.5499999523162842,1.5499999523162842,86590,0.0,0.0
2024-01-23 13:30:00-05:00,1.5549999475479126,1.565000057220459,1.5299999713897705,1.5449999570846558,233229,0.0,0.0
2024-01-23 14:30:00-05:00,1.5449999570846558,1.600000023841858,1.5399999618530273,1.590000033378601,122267,0.0,0.0
2024-01-23 15:30:00-05:00,1.590000033378601,1.5910999774932861,1.559999942779541,1.5693999528884888,81609,0.0,0.0
2024-01-24 09:30:00-05:00,1.5499999523162842,1.6100000143051147,1.4900000095367432,1.4900000095367432,260534,0.0,0.0
2024-01-24 10:30:00-05:00,1.4900000095367432,1.5499999523162842,1.4800000190734863,1.5399999618530273,149029,0.0,0.0
2024-01-24 11:30:00-05:00,1.5299999713897705,1.5399999618530273,1.5099999904632568,1.524999976158142,51840,0.0,0.0
2024-01-24 12:30:00-05:00,1.5299999713897705,1.5399999618530273,1.5,1.5,37798,0.0,0.0
2024-01-24 13:30:00-05:00,1.5,1.5049999952316284,1.4900000095367432,1.5,47938,0.0,0.0
2024-01-24 14:30:00-05:00,1.4912999868392944,1.5199999809265137,1.4912999868392944,1.5049999952316284,49937,0.0,0.0
2024-01-24 15:30:00-05:00,1.5,1.5199999809265137,1.5,1.5199999809265137,41752,0.0,0.0
2024-01-25 09:30:00-05:00,1.5199999809265137,1.5499999523162842,1.4299999475479126,1.4450000524520874,185976,0.0,0.0
2024-01-25 10:30:00-05:00,1.44760000705719,1.4600000381469727,1.4299999475479126,1.4550000429153442,52057,0.0,0.0
2024-01-25 11:30:00-05:00,1.4550000429153442,1.4700000286102295,1.4394999742507935,1.4599000215530396,124604,0.0,0.0
2024-01-25 12:30:00-05:00,1.4500000476837158,1.465000033378601,1.440000057220459,1.4550000429153442,40679,0.0,0.0
2024-01-25 13:30:00-05:00,1.4600000381469727,1.4600000381469727,1.440500020980835,1.4450000524520874,40060,0.0,0.0
2024-01-25 14:30:00-05:00,1.440500020980835,1.4600000381469727,1.440000057220459,1.4450000524520874,27175,0.0,0.0
2024-01-25 15:30:00-05:00,1.4450000524520874,1.4500000476837158,1.440000057220459,1.440000057220459,20705,0.0,0.0
2024-01-26 09:30:00-05:00,1.4600000381469727,1.475000023841858,1.4500000476837158,1.4700000286102295,50254,0.0,0.0
2024-01-26 10:30:00-05:00,1.465000033378601,1.4700000286102295,1.4500000476837158,1.4500000476837158,33994,0.0,0.0
2024-01-26 11:30:00-05:00,1.441499948501587,1.4600000381469727,1.441499948501587,1.4500000476837158,36291,0.0,0.0
2024-01-26 12:30:00-05:00,1.4500000476837158,1.4500000476837158,1.440000057220459,1.4450000524520874,24308,0.0,0.0
2024-01-26 13:30:00-05:00,1.440000057220459,1.4550000429153442,1.440000057220459,1.4500000476837158,16764,0.0,0.0
2024-01-26 14:30:00-05:00,1.4550000429153442,1.4550000429153442,1.434999942779541,1.440000057220459,31945,0.0,0.0
2024-01-26 15:30:00-05:00,1.440000057220459,1.4600000381469727,1.434999942779541,1.4600000381469727,24588,0.0,0.0
2024-01-29 09:30:00-05:00,1.4600000381469727,1.4900000095367432,1.440000057220459,1.4801000356674194,108097,0.0,0.0
2024-01-29 10:30:00-05:00,1.4800000190734863,1.5149999856948853,1.4800000190734863,1.5002000331878662,47413,0.0,0.0
2024-01-29 11:30:00-05:00,1.5,1.5,1.4700000286102295,1.472100019454956,51760,0.0,0.0
2024-01-29 12:30:00-05:00,1.475000023841858,1.5,1.4700000286102295,1.475000023841858,102710,0.0,0.0
2024-01-29 13:30:00-05:00,1.4800000190734863,1.4900000095367432,1.4700000286102295,1.4700000286102295,28313,0.0,0.0
2024-01-29 14:30:00-05:00,1.475000023841858,1.5,1.4700000286102295,1.4950000047683716,23610,0.0,0.0
2024-01-29 15:30:00-05:00,1.4950000047683716,1.5099999904632568,1.4900000095367432,1.5,33236,0.0,0.0
2024-01-30 09:30:00-05:00,1.5,1.5095000267028809,1.4706000089645386,1.4801000356674194,26126,0.0,0.0
2024-01-30 10:30:00-05:00,1.4895000457763672,1.4950000047683716,1.4700000286102295,1.4800000190734863,16235,0.0,0.0
2024-01-30 11:30:00-05:00,1.4850000143051147,1.4900000095367432,1.4800000190734863,1.4800000190734863,24777,0.0,0.0
2024-01-30 12:30:00-05:00,1.4800000190734863,1.480299949645996,1.4600000381469727,1.469499945640564,13383,0.0,0.0
2024-01-30 13:30:00-05:00,1.4700000286102295,1.5,1.465000033378601,1.4950000047683716,19000,0.0,0.0
2024-01-30 14:30:00-05:00,1.4900000095367432,1.4950000047683716,1.475000023841858,1.4850000143051147,18259,0.0,0.0
2024-01-30 15:30:00-05:00,1.4800000190734863,1.4850000143051147,1.4700000286102295,1.4788999557495117,27237,0.0,0.0
2024-01-31 09:30:00-05:00,1.5199999809265137,1.5199999809265137,1.4700000286102295,1.5008000135421753,35439,0.0,0.0
2024-01-31 10:30:00-05:00,1.5,1.5149999856948853,1.4950000047683716,1.5,27301,0.0,0.0
2024-01-31 11:30:00-05:00,1.499899983406067,1.499899983406067,1.4800000190734863,1.4900000095367432,8846,0.0,0.0
2024-01-31 12:30:00-05:00,1.4901000261306763,1.524999976158142,1.4850000143051147,1.524999976158142,58953,0.0,0.0
2024-01-31 13:30:00-05:00,1.5221999883651733,1.5369000434875488,1.5,1.5,41261,0.0,0.0
2024-01-31 14:30:00-05:00,1.5099999904632568,1.5521999597549438,1.4700000286102295,1.4700000286102295,119128,0.0,0.0
2024-01-31 15:30:00-05:00,1.4700000286102295,1.4700000286102295,1.4500000476837158,1.4600000381469727,48741,0.0,0.0
2024-02-01 09:30:00-05:00,1.4700000286102295,1.5299999713897705,1.4500000476837158,1.4550000429153442,91929,0.0,0.0
2024-02-01 10:30:00-05:00,1.4550000429153442,1.4550000429153442,1.3700000047683716,1.3849999904632568,209185,0.0,0.0
2024-02-01 11:30:00-05:00,1.3799999952316284,1.440000057220459,1.3799999952316284,1.4299999475479126,26149,0.0,0.0
2024-02-01 12:30:00-05:00,1.4279999732971191,1.440000057220459,1.4205000400543213,1.434999942779541,29751,0.0,0.0
2024-02-01 13:30:00-05:00,1.440000057220459,1.440000057220459,1.4301999807357788,1.434999942779541,8000,0.0,0.0
2024-02-01 14:30:00-05:00,1.4299999475479126,1.434999942779541,1.409999966621399,1.409999966621399,18299,0.0,0.0
2024-02-01 15:30:00-05:00,1.4149999618530273,1.4299999475479126,1.410099983215332,1.4199999570846558,11463,0.0,0.0
2024-02-02 09:30:00-05:00,1.4500000476837158,1.4500000476837158,1.3799999952316284,1.409999966621399,59413,0.0,0.0
2024-02-02 10:30:00-05:00,1.399999976158142,1.399999976158142,1.3600000143051147,1.378999948501587,97128,0.0,0.0
2024-02-02 11:30:00-05:00,1.378999948501587,1.3899999856948853,1.3700000047683716,1.3799999952316284,38848,0.0,0.0
2024-02-02 12:30:00-05:00,1.3849999904632568,1.399999976158142,1.3799999952316284,1.3895000219345093,17268,0.0,0.0
2024-02-02 13:30:00-05:00,1.3898999691009521,1.409999966621399,1.3799999952316284,1.4049999713897705,27565,0.0,0.0
2024-02-02 14:30:00-05:00,1.4098999500274658,1.409999966621399,1.399999976158142,1.40910005569458,13907,0.0,0.0
2024-02-02 15:30:00-05:00,1.4002000093460083,1.4002000093460083,1.3799999952316284,1.3899999856948853,23229,0.0,0.0
2024-02-05 09:30:00-05:00,1.399999976158142,1.4199999570846558,1.320099949836731,1.3899999856948853,231178,0.0,0.0
2024-02-05 10:30:00-05:00,1.3899999856948853,1.4199999570846558,1.350000023841858,1.409999966621399,124706,0.0,0.0
2024-02-05 11:30:00-05:00,1.4049999713897705,1.4199999570846558,1.4000999927520752,1.4149999618530273,49497,0.0,0.0
2024-02-05 12:30:00-05:00,1.4199999570846558,1.440000057220459,1.4149999618530273,1.420199990272522,28856,0.0,0.0
2024-02-05 13:30:00-05:00,1.4249999523162842,1.4299999475479126,1.4199999570846558,1.4299999475479126,33438,0.0,0.0
2024-02-05 14:30:00-05:00,1.4199999570846558,1.4600000381469727,1.4199999570846558,1.4600000381469727,51638,0.0,0.0
2024-02-05 15:30:00-05:00,1.4600000381469727,1.465000033378601,1.440000057220459,1.4500000476837158,35907,0.0,0.0
2024-02-06 09:30:00-05:00,1.4299999475479126,1.4700000286102295,1.4299999475479126,1.440000057220459,48402,0.0,0.0
2024-02-06 10:30:00-05:00,1.441100001335144,1.4700000286102295,1.4299999475479126,1.4600000381469727,64987,0.0,0.0
2024-02-06 11:30:00-05:00,1.4600000381469727,1.4900000095367432,1.4600000381469727,1.4900000095367432,41685,0.0,0.0
2024-02-06 12:30:00-05:00,1.4900000095367432,1.5,1.4700000286102295,1.5,96958,0.0,0.0
2024-02-06 13:30:00-05:00,1.496000051498413,1.5099999904632568,1.4900000095367432,1.5099999904632568,21966,0.0,0.0
2024-02-06 14:30:00-05:00,1.5149999856948853,1.5299999713897705,1.5099999904632568,1.5099999904632568,55060,0.0,0.0
2024-02-06 15:30:00-05:00,1.5149999856948853,1.5299999713897705,1.5099999904632568,1.5199999809265137,37732,0.0,0.0
2024-02-07 09:30:00-05:00,1.5399999618530273,1.5609999895095825,1.4600000381469727,1.475000023841858,92995,0.0,0.0
2024-02-07 10:30:00-05:00,1.475000023841858,1.475000023841858,1.440000057220459,1.4500000476837158,58400,0.0,0.0
2024-02-07 11:30:00-05:00,1.4589999914169312,1.4605000019073486,1.4500000476837158,1.4500000476837158,17492,0.0,0.0
2024-02-07 12:30:00-05:00,1.4550000429153442,1.4700000286102295,1.440000057220459,1.4601000547409058,29717,0.0,0.0
2024-02-07 13:30:00-05:00,1.4600000381469727,1.4700000286102295,1.4550000429153442,1.4550000429153442,9222,0.0,0.0
2024-02-07 14:30:00-05:00,1.4550000429153442,1.4600000381469727,1.4450000524520874,1.4500000476837158,19149,0.0,0.0
2024-02-07 15:30:00-05:00,1.4550000429153442,1.4594000577926636,1.440000057220459,1.440000057220459,35265,0.0,0.0
2024-02-08 09:30:00-05:00,1.440000057220459,1.4600000381469727,1.4199999570846558,1.4600000381469727,55310,0.0,0.0
2024-02-08 10:30:00-05:00,1.4550000429153442,1.4800000190734863,1.4500000476837158,1.4599000215530396,27232,0.0,0.0
2024-02-08 11:30:00-05:00,1.465000033378601,1.4693000316619873,1.4600000381469727,1.465000033378601,22165,0.0,0.0
2024-02-08 12:30:00-05:00,1.4600000381469727,1.4800000190734863,1.4600000381469727,1.475000023841858,6076,0.0,0.0
2024-02-08 13:30:00-05:00,1.4732999801635742,1.4950000047683716,1.4700000286102295,1.4950000047683716,27189,0.0,0.0
2024-02-08 14:30:00-05:00,1.4916000366210938,1.5394999980926514,1.4900000095367432,1.5388000011444092,89175,0.0,0.0
2024-02-08 15:30:00-05:00,1.5306999683380127,1.5306999683380127,1.5099999904632568,1.5299999713897705,27694,0.0,0.0
2024-02-09 09:30:00-05:00,1.5199999809265137,1.5549999475479126,1.4800000190734863,1.4900000095367432,65187,0.0,0.0
2024-02-09 10:30:00-05:00,1.496000051498413,1.496000051498413,1.4700000286102295,1.4746999740600586,26654,0.0,0.0
2024-02-09 11:30:00-05:00,1.4700000286102295,1.5,1.4700000286102295,1.4900000095367432,8165,0.0,0.0
2024-02-09 12:30:00-05:00,1.499500036239624,1.565000057220459,1.499500036239624,1.5549999475479126,62751,0.0,0.0
2024-02-09 13:30:00-05:00,1.5499999523162842,1.559999942779541,1.5399999618530273,1.5499999523162842,59085,0.0,0.0
2024-02-09 14:30:00-05:00,1.5499999523162842,1.5549999475479126,1.5299999713897705,1.5449999570846558,58872,0.0,0.0
2024-02-09 15:30:00-05:00,1.5449999570846558,1.559999942779541,1.5449999570846558,1.559999942779541,20846,0.0,0.0
2024-02-12 09:30:00-05:00,1.590000033378601,1.6699999570846558,1.579699993133545,1.6500999927520752,145962,0.0,0.0
2024-02-12 10:30:00-05:00,1.649999976158142,1.690000057220459,1.5800000429153442,1.600000023841858,145395,0.0,0.0
2024-02-12 11:30:00-05:00,1.600000023841858,1.625,1.600000023841858,1.6007000207901,50164,0.0,0.0
2024-02-12 12:30:00-05:00,1.600000023841858,1.6349999904632568,1.600000023841858,1.6349999904632568,28439,0.0,0.0
2024-02-12 13:30:00-05:00,1.6399999856948853,1.6449999809265137,1.6200000047683716,1.6399999856948853,41456,0.0,0.0
2024-02-12 14:30:00-05:00,1.6349999904632568,1.6399999856948853,1.6200000047683716,1.6349999904632568,33826,0.0,0.0
2024-02-12 15:30:00-05:00,1.6349999904632568,1.659999966621399,1.6200000047683716,1.6200000047683716,62708,0.0,0.0
2024-02-13 09:30:00-05:00,1.559999942779541,1.559999942779541,1.4900000095367432,1.5394999980926514,67518,0.0,0.0
2024-02-13 10:30:00-05:00,1.5394999980926514,1.559999942779541,1.534999966621399,1.5449999570846558,30200,0.0,0.0
2024-02-13 11:30:00-05:00,1.5499999523162842,1.5499999523162842,1.5199999809265137,1.5205999612808228,11293,0.0,0.0
2024-02-13 12:30:00-05:00,1.5199999809265137,1.5299999713897705,1.5099999904632568,1.5299999713897705,29426,0.0,0.0
2024-02-13 13:30:00-05:00,1.5362999439239502,1.5499999523162842,1.5199999809265137,1.5299999713897705,44801,0.0,0.0
2024-02-13 14:30:00-05:00,1.524999976158142,1.5299999713897705,1.5049999952316284,1.5090999603271484,28426,0.0,0.0
2024-02-13 15:30:00-05:00,1.5049999952316284,1.5099999904632568,1.4900000095367432,1.5,63383,0.0,0.0
2024-02-14 09:30:00-05:00,1.5700000524520874,1.5889999866485596,1.5299999713897705,1.565000057220459,151220,0.0,0.0
2024-02-14 10:30:00-05:00,1.565000057220459,1.5700000524520874,1.5449999570846558,1.565000057220459,60953,0.0,0.0
2024-02-14 11:30:00-05:00,1.565000057220459,1.590000033378601,1.559999942779541,1.5881999731063843,38921,0.0,0.0
2024-02-14 12:30:00-05:00,1.5850000381469727,1.590000033378601,1.5700000524520874,1.5800000429153442,55286,0.0,0.0
2024-02-14 13:30:00-05:00,1.5750000476837158,1.590000033378601,1.5700000524520874,1.5800000429153442,42666,0.0,0.0
2024-02-14 14:30:00-05:00,1.5800000429153442,1.6100000143051147,1.5700000524520874,1.5800000429153442,82209,0.0,0.0
2024-02-14 15:30:00-05:00,1.5750000476837158,1.5777000188827515,1.5499999523162842,1.565000057220459,50388,0.0,0.0
2024-02-15 09:30:00-05:00,1.559999942779541,1.6100000143051147,1.559999942779541,1.590000033378601,56169,0.0,0.0
2024-02-15 10:30:00-05:00,1.5859999656677246,1.590000033378601,1.5499999523162842,1.565000057220459,32779,0.0,0.0
2024-02-15 11:30:00-05:00,1.5642999410629272,1.5950000286102295,1.559999942779541,1.5950000286102295,11641,0.0,0.0
2024-02-15 12:30:00-05:00,1.600000023841858,1.6200000047683716,1.5800000429153442,1.6200000047683716,39285,0.0,0.0
2024-02-15 13:30:00-05:00,1.6195000410079956,1.6349999904632568,1.6050000190734863,1.6200000047683716,42565,0.0,0.0
2024-02-15 14:30:00-05:00,1.6200000047683716,1.6299999952316284,1.601099967956543,1.6200000047683716,31120,0.0,0.0
2024-02-15 15:30:00-05:00,1.6101000308990479,1.6299999952316284,1.6101000308990479,1.6200000047683716,50192,0.0,0.0
2024-02-16 09:30:00-05:00,1.6299999952316284,1.6299999952316284,1.565000057220459,1.5750000476837158,38718,0.0,0.0
2024-02-16 10:30:00-05:00,1.5750000476837158,1.600000023841858,1.559999942779541,1.590000033378601,50400,0.0,0.0
2024-02-16 11:30:00-05:00,1.590000033378601,1.6100000143051147,1.590000033378601,1.600000023841858,42619,0.0,0.0
2024-02-16 12:30:00-05:00,1.600000023841858,1.6100000143051147,1.590000033378601,1.6100000143051147,15511,0.0,0.0
2024-02-16 13:30:00-05:00,1.6100000143051147,1.6299999952316284,1.600000023841858,1.625,17993,0.0,0.0
2024-02-16 14:30:00-05:00,1.625,1.625,1.600000023841858,1.6100000143051147,16724,0.0,0.0
2024-02-16 15:30:00-05:00,1.6100000143051147,1.649999976158142,1.6050000190734863,1.6399999856948853,64400,0.0,0.0
2024-02-20 09:30:00-05:00,1.6399999856948853,1.6399999856948853,1.534999966621399,1.5399999618530273,207095,0.0,0.0
2024-02-20 10:30:00-05:00,1.534999966621399,1.5700000524520874,1.5199999809265137,1.5549999475479126,75590,0.0,0.0
2024-02-20 11:30:00-05:00,1.5549999475479126,1.559999942779541,1.5199999809265137,1.5289000272750854,90906,0.0,0.0
2024-02-20 12:30:00-05:00,1.524999976158142,1.5299999713897705,1.5199999809265137,1.5199999809265137,16581,0.0,0.0
2024-02-20 13:30:00-05:00,1.5223000049591064,1.5299999713897705,1.5199999809265137,1.524999976158142,17707,0.0,0.0
2024-02-20 14:30:00-05:00,1.524999976158142,1.5295000076293945,1.5199999809265137,1.5199999809265137,14928,0.0,0.0
2024-02-20 15:30:00-05:00,1.5299999713897705,1.5299999713897705,1.5099999904632568,1.5199999809265137,82223,0.0,0.0
2024-02-21 09:30:00-05:00,1.5099999904632568,1.5199999809265137,1.4600000381469727,1.4700000286102295,111769,0.0,0.0
2024-02-21 10:30:00-05:00,1.4700000286102295,1.4800000190734863,1.465000033378601,1.4700000286102295,35600,0.0,0.0
2024-02-21 11:30:00-05:00,1.4700000286102295,1.4800000190734863,1.465000033378601,1.4793000221252441,9555,0.0,0.0
2024-02-21 12:30:00-05:00,1.4700000286102295,1.475000023841858,1.440000057220459,1.4401999711990356,69896,0.0,0.0
2024-02-21 13:30:00-05:00,1.4400999546051025,1.447700023651123,1.4199999570846558,1.440000057220459,14455,0.0,0.0
2024-02-21 14:30:00-05:00,1.434999942779541,1.440000057220459,1.4199999570846558,1.4292999505996704,12717,0.0,0.0
2024-02-21 15:30:00-05:00,1.4244999885559082,1.4500000476837158,1.4244999885559082,1.4500000476837158,27015,0.0,0.0
2024-02-22 09:30:00-05:00,1.5,1.5,1.4205000400543213,1.4499000310897827,56678,0.0,0.0
2024-02-22 10:30:00-05:00,1.4450000524520874,1.4500000476837158,1.4199999570846558,1.4249999523162842,35373,0.0,0.0
2024-02-22 11:30:00-05:00,1.4299999475479126,1.4450000524520874,1.4249999523162842,1.4450000524520874,11955,0.0,0.0
2024-02-22 12:30:00-05:00,1.4450000524520874,1.4500000476837158,1.4149999618530273,1.4149999618530273,64955,0.0,0.0
2024-02-22 13:30:00-05:00,1.4199999570846558,1.4600000381469727,1.4199999570846558,1.4450000524520874,48658,0.0,0.0
2024-02-22 14:30:00-05:00,1.4422999620437622,1.4422999620437622,1.4199999570846558,1.4249999523162842,13877,0.0,0.0
2024-02-22 15:30:00-05:00,1.4276000261306763,1.440000057220459,1.4199999570846558,1.434999942779541,11052,0.0,0.0
2024-02-23 09:30:00-05:00,1.4600000381469727,1.4600000381469727,1.4199999570846558,1.4249999523162842,94819,0.0,0.0
2024-02-23 10:30:00-05:00,1.4299999475479126,1.4500000476837158,1.409999966621399,1.440000057220459,85511,0.0,0.0
2024-02-23 11:30:00-05:00,1.434999942779541,1.4550000429153442,1.430400013923645,1.4400999546051025,14681,0.0,0.0
2024-02-23 12:30:00-05:00,1.434999942779541,1.440000057220459,1.4301999807357788,1.430299997329712,6856,0.0,0.0
2024-02-23 13:30:00-05:00,1.434999942779541,1.434999942779541,1.4299999475479126,1.434999942779541,8428,0.0,0.0
2024-02-23 14:30:00-05:00,1.434999942779541,1.440000057220459,1.4299999475479126,1.434999942779541,70083,0.0,0.0
2024-02-23 15:30:00-05:00,1.434999942779541,1.440000057220459,1.4299999475479126,1.4299999475479126,10829,0.0,0.0
2024-02-26 09:30:00-05:00,1.4800000190734863,1.5,1.440000057220459,1.4850000143051147,108439,0.0,0.0
2024-02-26 10:30:00-05:00,1.4947999715805054,1.5199999809265137,1.4850000143051147,1.4950000047683716,54645,0.0,0.0
2024-02-26 11:30:00-05:00,1.4950000047683716,1.4950000047683716,1.4800000190734863,1.4804999828338623,8962,0.0,0.0
2024-02-26 12:30:00-05:00,1.4802000522613525,1.4900000095367432,1.4700000286102295,1.475000023841858,32633,0.0,0.0
2024-02-26 13:30:00-05:00,1.4700000286102295,1.4900000095367432,1.4700000286102295,1.4850000143051147,15696,0.0,0.0
2024-02-26 14:30:00-05:00,1.4850000143051147,1.4900000095367432,1.4800000190734863,1.4850000143051147,35901,0.0,0.0
2024-02-26 15:30:00-05:00,1.4800000190734863,1.4900000095367432,1.4800000190734863,1.4900000095367432,44998,0.0,0.0
2024-02-27 09:30:00-05:00,1.5299999713897705,1.5700000524520874,1.4900000095367432,1.565000057220459,81587,0.0,0.0
2024-02-27 10:30:00-05:00,1.565000057220459,1.600000023841858,1.5099999904632568,1.559999942779541,189057,0.0,0.0
2024-02-27 11:30:00-05:00,1.5549999475479126,1.5750000476837158,1.5399999618530273,1.5549999475479126,46545,0.0,0.0
2024-02-27 12:30:00-05:00,1.5549999475479126,1.5700000524520874,1.5506999492645264,1.5609999895095825,19057,0.0,0.0
2024-02-27 13:30:00-05:00,1.565000057220459,1.5700000524520874,1.559999942779541,1.5600999593734741,36288,0.0,0.0
2024-02-27 14:30:00-05:00,1.565000057220459,1.5693999528884888,1.559999942779541,1.565000057220459,19475,0.0,0.0
2024-02-27 15:30:00-05:00,1.565000057220459,1.590000033378601,1.559999942779541,1.5800000429153442,72897,0.0,0.0
2024-02-28 09:30:00-05:00,1.4900000095367432,1.5700000524520874,1.399999976158142,1.4400999546051025,362662,0.0,0.0
2024-02-28 10:30:00-05:00,1.440000057220459,1.4950000047683716,1.4299999475479126,1.4900000095367432,84702,0.0,0.0
2024-02-28 11:30:00-05:00,1.4900000095367432,1.5,1.4800000190734863,1.4900000095367432,6335,0.0,0.0
2024-02-28 12:30:00-05:00,1.4801000356674194,1.5,1.4801000356674194,1.4950000047683716,69183,0.0,0.0
2024-02-28 13:30:00-05:00,1.5,1.5,1.4700000286102295,1.4800000190734863,38601,0.0,0.0
2024-02-28 14:30:00-05:00,1.475000023841858,1.5499999523162842,1.4700000286102295,1.5399999618530273,124626,0.0,0.0
2024-02-28 15:30:00-05:00,1.5399999618530273,1.5499999523162842,1.5,1.5049999952316284,96753,0.0,0.0
2024-02-29 09:30:00-05:00,1.559999942779541,1.590000033378601,1.5,1.5499999523162842,169172,0.0,0.0
2024-02-29 10:30:00-05:00,1.5599000453948975,1.5599000453948975,1.5199999809265137,1.5399999618530273,83194,0.0,0.0
2024-02-29 11:30:00-05:00,1.5399999618530273,1.5700000524520874,1.5399999618530273,1.565000057220459,41657,0.0,0.0
2024-02-29 12:30:00-05:00,1.5609999895095825,1.5800000429153442,1.5549999475479126,1.5800000429153442,22757,0.0,0.0
2024-02-29 13:30:00-05:00,1.5800000429153442,1.5800000429153442,1.5700000524520874,1.5750000476837158,15186,0.0,0.0
2024-02-29 14:30:00-05:00,1.5700000524520874,1.5800000429153442,1.559999942779541,1.565000057220459,43934,0.0,0.0
2024-02-29 15:30:00-05:00,1.559999942779541,1.5700000524520874,1.5499999523162842,1.5499999523162842,30637,0.0,0.0
2024-03-01 09:30:00-05:00,1.5399999618530273,1.5499999523162842,1.4600000381469727,1.4800000190734863,163565,0.0,0.0
2024-03-01 10:30:00-05:00,1.4802000522613525,1.5,1.4700000286102295,1.4900000095367432,70340,0.0,0.0
2024-03-01 11:30:00-05:00,1.4905999898910522,1.4905999898910522,1.4700000286102295,1.4850000143051147,35011,0.0,0.0
2024-03-01 12:30:00-05:00,1.4874999523162842,1.4900000095367432,1.4700000286102295,1.4700000286102295,101047,0.0,0.0
2024-03-01 13:30:00-05:00,1.4711999893188477,1.4900000095367432,1.4700000286102295,1.4800000190734863,36796,0.0,0.0
2024-03-01 14:30:00-05:00,1.4800000190734863,1.4900000095367432,1.4700000286102295,1.475000023841858,105775,0.0,0.0
2024-03-01 15:30:00-05:00,1.4700000286102295,1.4800000190734863,1.4700000286102295,1.4800000190734863,33455,0.0,0.0
2024-03-04 09:30:00-05:00,1.5,1.5,1.350000023841858,1.3949999809265137,199079,0.0,0.0
2024-03-04 10:30:00-05:00,1.3899999856948853,1.4299999475479126,1.3899999856948853,1.399999976158142,61649,0.0,0.0
2024-03-04 11:30:00-05:00,1.409999966621399,1.4149999618530273,1.399999976158142,1.409999966621399,32164,0.0,0.0
2024-03-04 12:30:00-05:00,1.4005000591278076,1.409999966621399,1.3899999856948853,1.3899999856948853,20171,0.0,0.0
2024-03-04 13:30:00-05:00,1.3899999856948853,1.399999976158142,1.3899999856948853,1.3899999856948853,37736,0.0,0.0
2024-03-04 14:30:00-05:00,1.3949999809265137,1.409999966621399,1.3949999809265137,1.399999976158142,20825,0.0,0.0
2024-03-04 15:30:00-05:00,1.399999976158142,1.4049999713897705,1.3899999856948853,1.399999976158142,39788,0.0,0.0
2024-03-05 09:30:00-05:00,1.3799999952316284,1.399999976158142,1.3600000143051147,1.375,69838,0.0,0.0
2024-03-05 10:30:00-05:00,1.3700000047683716,1.3799999952316284,1.3600000143051147,1.3601000308990479,61691,0.0,0.0
2024-03-05 11:30:00-05:00,1.3650000095367432,1.3799999952316284,1.3600000143051147,1.375,41751,0.0,0.0
2024-03-05 12:30:00-05:00,1.3733999729156494,1.3899999856948853,1.3733999729156494,1.3799999952316284,37764,0.0,0.0
2024-03-05 13:30:00-05:00,1.3799999952316284,1.3894000053405762,1.3700000047683716,1.3700000047683716,32841,0.0,0.0
2024-03-05 14:30:00-05:00,1.375,1.3799999952316284,1.3600000143051147,1.3695000410079956,46076,0.0,0.0
2024-03-05 15:30:00-05:00,1.3650000095367432,1.3700000047683716,1.3600000143051147,1.3600000143051147,32945,0.0,0.0
2024-03-06 09:30:00-05:00,1.3700000047683716,1.3799999952316284,1.340000033378601,1.340499997138977,96156,0.0,0.0
2024-03-06 10:30:00-05:00,1.340000033378601,1.3799999952316284,1.340000033378601,1.3791999816894531,124439,0.0,0.0
2024-03-06 11:30:00-05:00,1.3701000213623047,1.3899999856948853,1.3600000143051147,1.3849999904632568,24523,0.0,0.0
2024-03-06 12:30:00-05:00,1.3899999856948853,1.3899999856948853,1.3700000047683716,1.3700000047683716,18149,0.0,0.0
2024-03-06 13:30:00-05:00,1.3700000047683716,1.3799999952316284,1.3600000143051147,1.3700000047683716,22962,0.0,0.0
2024-03-06 14:30:00-05:00,1.3700000047683716,1.3799999952316284,1.3600000143051147,1.3700000047683716,32395,0.0,0.0
2024-03-06 15:30:00-05:00,1.375,1.3799999952316284,1.3700000047683716,1.3700000047683716,25601,0.0,0.0
2024-03-07 09:30:00-05:00,1.4600000381469727,1.4600000381469727,1.3799999952316284,1.3966000080108643,182748,0.0,0.0
2024-03-07 10:30:00-05:00,1.3975000381469727,1.4299999475479126,1.3899999856948853,1.4299999475479126,219421,0.0,0.0
2024-03-07 11:30:00-05:00,1.436900019645691,1.440000057220459,1.4199999570846558,1.4299999475479126,54148,0.0,0.0
2024-03-07 12:30:00-05:00,1.4299999475479126,1.4550000429153442,1.409999966621399,1.4550000429153442,35540,0.0,0.0
2024-03-07 13:30:00-05:00,1.4500000476837158,1.4900000095367432,1.4450000524520874,1.4900000095367432,162913,0.0,0.0
2024-03-07 14:30:00-05:00,1.4809000492095947,1.4900000095367432,1.4800000190734863,1.4800000190734863,45605,0.0,0.0
2024-03-07 15:30:00-05:00,1.4800000190734863,1.4900000095367432,1.4600000381469727,1.4600000381469727,77719,0.0,0.0
2024-03-08 09:30:00-05:00,1.4700000286102295,1.5199999809265137,1.4299999475479126,1.5049999952316284,97288,0.0,0.0
2024-03-08 10:30:00-05:00,1.5,1.5,1.399999976158142,1.4299999475479126,127120,0.0,0.0
2024-03-08 11:30:00-05:00,1.4249999523162842,1.440000057220459,1.4149999618530273,1.4249999523162842,42559,0.0,0.0
2024-03-08 12:30:00-05:00,1.4299999475479126,1.4500000476837158,1.409999966621399,1.4199999570846558,112881,0.0,0.0
2024-03-08 13:30:00-05:00,1.4149999618530273,1.4500000476837158,1.4119999408721924,1.4500000476837158,40068,0.0,0.0
2024-03-08 14:30:00-05:00,1.4450000524520874,1.4600000381469727,1.440000057220459,1.440000057220459,19844,0.0,0.0
2024-03-08 15:30:00-05:00,1.4450000524520874,1.4500000476837158,1.440000057220459,1.4500000476837158,26703,0.0,0.0
2024-03-11 09:30:00-04:00,1.4199999570846558,1.5049999952316284,1.4199999570846558,1.4723000526428223,141703,0.0,0.0
2024-03-11 10:30:00-04:00,1.4900000095367432,1.4900000095367432,1.4700000286102295,1.475000023841858,13734,0.0,0.0
2024-03-11 11:30:00-04:00,1.475000023841858,1.4800000190734863,1.4700000286102295,1.4800000190734863,20924,0.0,0.0
2024-03-11 12:30:00-04:00,1.475000023841858,1.4800000190734863,1.4710999727249146,1.475000023841858,9006,0.0,0.0
2024-03-11 13:30:00-04:00,1.4713000059127808,1.4800000190734863,1.4500000476837158,1.4500000476837158,69915,0.0,0.0
2024-03-11 14:30:00-04:00,1.4550000429153442,1.4600000381469727,1.4450000524520874,1.4494999647140503,26102,0.0,0.0
2024-03-11 15:30:00-04:00,1.4413000345230103,1.4500000476837158,1.440000057220459,1.4500000476837158,39458,0.0,0.0
2024-03-12 09:30:00-04:00,1.4299999475479126,1.4600000381469727,1.399999976158142,1.4550000429153442,74302,0.0,0.0
2024-03-12 10:30:00-04:00,1.4550000429153442,1.4593000411987305,1.4299999475479126,1.440000057220459,62925,0.0,0.0
2024-03-12 11:30:00-04:00,1.4450000524520874,1.4488999843597412,1.4299999475479126,1.434999942779541,20308,0.0,0.0
2024-03-12 12:30:00-04:00,1.434999942779541,1.440000057220459,1.4199999570846558,1.4249999523162842,39202,0.0,0.0
2024-03-12 13:30:00-04:00,1.4249999523162842,1.4249999523162842,1.409999966621399,1.4149999618530273,20996,0.0,0.0
2024-03-12 14:30:00-04:00,1.4199999570846558,1.4249999523162842,1.409999966621399,1.4249999523162842,15084,0.0,0.0
2024-03-12 15:30:00-04:00,1.4249999523162842,1.440000057220459,1.4249999523162842,1.440000057220459,21466,0.0,0.0
2024-03-13 09:30:00-04:00,1.4500000476837158,1.4800000190734863,1.4299999475479126,1.465000033378601,73532,0.0,0.0
2024-03-13 10:30:00-04:00,1.4600000381469727,1.4600000381469727,1.451200008392334,1.4600000381469727,6306,0.0,0.0
2024-03-13 11:30:00-04:00,1.4550000429153442,1.4600000381469727,1.440000057220459,1.4450000524520874,22058,0.0,0.0
2024-03-13 12:30:00-04:00,1.4500000476837158,1.4500000476837158,1.4249999523162842,1.4249999523162842,24497,0.0,0.0
2024-03-13 13:30:00-04:00,1.4299999475479126,1.440000057220459,1.4199999570846558,1.434999942779541,23649,0.0,0.0
2024-03-13 14:30:00-04:00,1.440000057220459,1.4500000476837158,1.4299999475479126,1.440000057220459,87868,0.0,0.0
2024-03-13 15:30:00-04:00,1.440000057220459,1.440000057220459,1.4149999618530273,1.4299999475479126,70300,0.0,0.0
2024-03-14 09:30:00-04:00,1.4199999570846558,1.434999942779541,1.409999966621399,1.4149999618530273,128751,0.0,0.0
2024-03-14 10:30:00-04:00,1.4199999570846558,1.440000057220459,1.4199999570846558,1.440000057220459,29808,0.0,0.0
2024-03-14 11:30:00-04:00,1.440000057220459,1.440000057220459,1.4299999475479126,1.434999942779541,23130,0.0,0.0
2024-03-14 12:30:00-04:00,1.4357999563217163,1.4600000381469727,1.4299999475479126,1.4550000429153442,38031,0.0,0.0
2024-03-14 13:30:00-04:00,1.4600000381469727,1.4600000381469727,1.4500000476837158,1.4600000381469727,20361,0.0,0.0
2024-03-14 14:30:00-04:00,1.4600000381469727,1.4600000381469727,1.409999966621399,1.4194999933242798,87201,0.0,0.0
2024-03-14 15:30:00-04:00,1.4149999618530273,1.4299999475479126,1.4105000495910645,1.4249999523162842,75097,0.0,0.0
2024-03-15 09:30:00-04:00,1.4299999475479126,1.4700000286102295,1.4299999475479126,1.4550000429153442,33426,0.0,0.0
2024-03-15 10:30:00-04:00,1.4550000429153442,1.4700000286102295,1.4500000476837158,1.4550000429153442,23314,0.0,0.0
2024-03-15 11:30:00-04:00,1.4600000381469727,1.4900000095367432,1.4505000114440918,1.4804999828338623,111577,0.0,0.0
2024-03-15 12:30:00-04:00,1.4800000190734863,1.4800000190734863,1.4500000476837158,1.475000023841858,50664,0.0,0.0
2024-03-15 13:30:00-04:00,1.475000023841858,1.4800000190734863,1.4500000476837158,1.475000023841858,35067,0.0,0.0
2024-03-15 14:30:00-04:00,1.4800000190734863,1.4900000095367432,1.4711999893188477,1.4850000143051147,28763,0.0,0.0
2024-03-15 15:30:00-04:00,1.4850000143051147,1.5099999904632568,1.4800000190734863,1.4800000190734863,132882,0.0,0.0
2024-03-18 09:30:00-04:00,1.4500000476837158,1.5,1.440999984741211,1.4850000143051147,97500,0.0,0.0
2024-03-18 10:30:00-04:00,1.4800000190734863,1.4900000095367432,1.4600000381469727,1.4700000286102295,37681,0.0,0.0
2024-03-18 11:30:00-04:00,1.475000023841858,1.4900000095367432,1.4600000381469727,1.475000023841858,59101,0.0,0.0
2024-03-18 12:30:00-04:00,1.4800000190734863,1.4900000095367432,1.4700000286102295,1.4700000286102295,19063,0.0,0.0
2024-03-18 13:30:00-04:00,1.475000023841858,1.4800000190734863,1.4600000381469727,1.4600000381469727,30257,0.0,0.0
2024-03-18 14:30:00-04:00,1.465000033378601,1.4700000286102295,1.440000057220459,1.4500000476837158,57788,0.0,0.0
2024-03-18 15:30:00-04:00,1.4600000381469727,1.4600000381469727,1.4500000476837158,1.4500000476837158,54533,0.0,0.0
2024-03-19 09:30:00-04:00,1.399999976158142,1.4600000381469727,1.399999976158142,1.4299999475479126,87248,0.0,0.0
2024-03-19 10:30:00-04:00,1.4399000406265259,1.4474999904632568,1.4249999523162842,1.4299999475479126,79262,0.0,0.0
2024-03-19 11:30:00-04:00,1.4299999475479126,1.4600000381469727,1.4299999475479126,1.4550000429153442,458308,0.0,0.0
2024-03-19 12:30:00-04:00,1.4500000476837158,1.4600000381469727,1.4299999475479126,1.4450000524520874,242038,0.0,0.0
2024-03-19 13:30:00-04:00,1.4450000524520874,1.4500000476837158,1.4299999475479126,1.440000057220459,118904,0.0,0.0
2024-03-19 14:30:00-04:00,1.4450000524520874,1.4500000476837158,1.434999942779541,1.4500000476837158,131591,0.0,0.0
2024-03-19 15:30:00-04:00,1.4500000476837158,1.4500000476837158,1.4299999475479126,1.434999942779541,52851,0.0,0.0
2024-03-20 09:30:00-04:00,1.4199999570846558,1.4301999807357788,1.399999976158142,1.399999976158142,44740,0.0,0.0
2024-03-20 10:30:00-04:00,1.4049999713897705,1.4199999570846558,1.399999976158142,1.4194999933242798,32738,0.0,0.0
2024-03-20 11:30:00-04:00,1.4149999618530273,1.4297000169754028,1.409999966621399,1.4199999570846558,25483,0.0,0.0
2024-03-20 12:30:00-04:00,1.4199999570846558,1.4299999475479126,1.4199999570846558,1.4249999523162842,17096,0.0,0.0
2024-03-20 13:30:00-04:00,1.4249999523162842,1.440000057220459,1.4199999570846558,1.4249999523162842,94659,0.0,0.0
2024-03-20 14:30:00-04:00,1.4299999475479126,1.440000057220459,1.4199999570846558,1.440000057220459,162903,0.0,0.0
2024-03-20 15:30:00-04:00,1.434999942779541,1.4600000381469727,1.4299999475479126,1.440000057220459,108145,0.0,0.0
2024-03-21 09:30:00-04:00,1.4900000095367432,1.4900000095367432,1.399999976158142,1.4299999475479126,234125,0.0,0.0
2024-03-21 10:30:00-04:00,1.4299999475479126,1.4299999475479126,1.4199999570846558,1.4249999523162842,75063,0.0,0.0
2024-03-21 11:30:00-04:00,1.4249999523162842,1.4299999475479126,1.4199999570846558,1.4249999523162842,42674,0.0,0.0
2024-03-21 12:30:00-04:00,1.4299999475479126,1.5,1.4199999570846558,1.4450000524520874,207780,0.0,0.0
2024-03-21 13:30:00-04:00,1.440000057220459,1.4500000476837158,1.4199999570846558,1.434999942779541,105010,0.0,0.0
2024-03-21 14:30:00-04:00,1.440000057220459,1.4450000524520874,1.4249999523162842,1.4299999475479126,150965,0.0,0.0
2024-03-21 15:30:00-04:00,1.4299999475479126,1.4299999475479126,1.409999966621399,1.4199999570846558,239034,0.0,0.0
2024-03-22 09:30:00-04:00,1.3899999856948853,1.4199999570846558,1.3601000308990479,1.3949999809265137,131006,0.0,0.0
2024-03-22 10:30:00-04:00,1.3949999809265137,1.399999976158142,1.3799999952316284,1.3949999809265137,44509,0.0,0.0
2024-03-22 11:30:00-04:00,1.399999976158142,1.409999966621399,1.3925000429153442,1.409999966621399,56036,0.0,0.0
2024-03-22 12:30:00-04:00,1.409999966621399,1.4299999475479126,1.4000999927520752,1.4249999523162842,84733,0.0,0.0
2024-03-22 13:30:00-04:00,1.4299999475479126,1.440000057220459,1.4199999570846558,1.4249999523162842,139078,0.0,0.0
2024-03-22 14:30:00-04:00,1.4290000200271606,1.4299999475479126,1.409999966621399,1.4199999570846558,121238,0.0,0.0
2024-03-22 15:30:00-04:00,1.4190000295639038,1.4249999523162842,1.399999976158142,1.4199999570846558,158519,0.0,0.0
2024-03-25 09:30:00-04:00,1.3700000047683716,1.440000057220459,1.3600000143051147,1.4199999570846558,239800,0.0,0.0
2024-03-25 10:30:00-04:00,1.4149999618530273,1.4299999475479126,1.4108999967575073,1.4149999618530273,87798,0.0,0.0
2024-03-25 11:30:00-04:00,1.4199999570846558,1.4249999523162842,1.409999966621399,1.4199999570846558,61379,0.0,0.0
2024-03-25 12:30:00-04:00,1.409999966621399,1.4299999475479126,1.409999966621399,1.4149999618530273,131858,0.0,0.0
2024-03-25 13:30:00-04:00,1.4149999618530273,1.4500000476837158,1.409999966621399,1.4500000476837158,153971,0.0,0.0
2024-03-25 14:30:00-04:00,1.4500000476837158,1.527999997138977,1.440000057220459,1.5049999952316284,279820,0.0,0.0
2024-03-25 15:30:00-04:00,1.5049999952316284,1.5199999809265137,1.409999966621399,1.4199999570846558,566080,0.0,0.0
2024-03-26 09:30:00-04:00,1.4199999570846558,1.440000057220459,1.409999966621399,1.4149999618530273,86052,0.0,0.0
2024-03-26 10:30:00-04:00,1.4149999618530273,1.4199999570846558,1.409999966621399,1.4149999618530273,21359,0.0,0.0
2024-03-26 11:30:00-04:00,1.4149999618530273,1.4299999475479126,1.409999966621399,1.4199999570846558,81749,0.0,0.0
2024-03-26 12:30:00-04:00,1.4199999570846558,1.4199999570846558,1.409999966621399,1.4149999618530273,21247,0.0,0.0
2024-03-26 13:30:00-04:00,1.4149999618530273,1.4199999570846558,1.409999966621399,1.4129999876022339,28366,0.0,0.0
2024-03-26 14:30:00-04:00,1.4191999435424805,1.4297000169754028,1.409999966621399,1.4199999570846558,35235,0.0,0.0
2024-03-26 15:30:00-04:00,1.4199999570846558,1.4700000286102295,1.409999966621399,1.4500000476837158,306014,0.0,0.0
2024-03-27 09:30:00-04:00,1.4500000476837158,1.4700000286102295,1.409999966621399,1.4275000095367432,197295,0.0,0.0
2024-03-27 10:30:00-04:00,1.4199999570846558,1.4800000190734863,1.4149999618530273,1.4601000547409058,142025,0.0,0.0
2024-03-27 11:30:00-04:00,1.465000033378601,1.4800000190734863,1.4500000476837158,1.4600000381469727,191408,0.0,0.0
2024-03-27 12:30:00-04:00,1.4600000381469727,1.465000033378601,1.4500000476837158,1.4600000381469727,121662,0.0,0.0
2024-03-27 13:30:00-04:00,1.4550000429153442,1.465000033378601,1.4500000476837158,1.4600000381469727,172390,0.0,0.0
2024-03-27 14:30:00-04:00,1.4600000381469727,1.4700000286102295,1.4500000476837158,1.4600000381469727,337854,0.0,0.0
2024-03-27 15:30:00-04:00,1.4550000429153442,1.4600000381469727,1.409999966621399,1.4199999570846558,465364,0.0,0.0
2024-03-28 09:30:00-04:00,1.4199999570846558,1.4600000381469727,1.409999966621399,1.4496999979019165,68217,0.0,0.0
2024-03-28 10:30:00-04:00,1.4499000310897827,1.4600000381469727,1.440000057220459,1.4500000476837158,230129,0.0,0.0
2024-03-28 11:30:00-04:00,1.4500000476837158,1.4500000476837158,1.434999942779541,1.4450000524520874,202023,0.0,0.0
2024-03-28 12:30:00-04:00,1.4500000476837158,1.4500000476837158,1.440000057220459,1.4500000476837158,98225,0.0,0.0
2024-03-28 13:30:00-04:00,1.4500000476837158,1.4500000476837158,1.440000057220459,1.4500000476837158,230259,0.0,0.0
2024-03-28 14:30:00-04:00,1.4500000476837158,1.4500000476837158,1.4249999523162842,1.4299999475479126,280456,0.0,0.0
2024-03-28 15:30:00-04:00,1.4299999475479126,1.440000057220459,1.409999966621399,1.4199999570846558,273888,0.0,0.0
2024-04-01 09:30:00-04:00,1.4500000476837158,1.4500000476837158,1.350000023841858,1.3949999809265137,79048,0.0,0.0
2024-04-01 10:30:00-04:00,1.3899999856948853,1.409999966621399,1.3799999952316284,1.3799999952316284,83358,0.0,0.0
2024-04-01 11:30:00-04:00,1.3799999952316284,1.4299999475479126,1.3799999952316284,1.4199999570846558,102825,0.0,0.0
2024-04-01 12:30:00-04:00,1.4249999523162842,1.4500000476837158,1.4199999570846558,1.4450000524520874,10032,0.0,0.0
2024-04-01 13:30:00-04:00,1.4400999546051025,1.4500000476837158,1.440000057220459,1.4450000524520874,43007,0.0,0.0
2024-04-01 14:30:00-04:00,1.4430999755859375,1.4904999732971191,1.440000057220459,1.4904999732971191,150932,0.0,0.0
2024-04-01 15:30:00-04:00,1.4950000047683716,1.5299999713897705,1.4850000143051147,1.5149999856948853,114802,0.0,0.0
2024-04-02 09:30:00-04:00,1.4700000286102295,1.5,1.4600000381469727,1.4900000095367432,52796,0.0,0.0
2024-04-02 10:30:00-04:00,1.5,1.5399999618530273,1.4850000143051147,1.4900000095367432,101069,0.0,0.0
2024-04-02 11:30:00-04:00,1.4900000095367432,1.5099999904632568,1.4850000143051147,1.5049999952316284,40948,0.0,0.0
2024-04-02 12:30:00-04:00,1.504699945449829,1.534999966621399,1.4950000047683716,1.5,111484,0.0,0.0
2024-04-02 13:30:00-04:00,1.5,1.5099999904632568,1.4900000095367432,1.5,33862,0.0,0.0
2024-04-02 14:30:00-04:00,1.4950000047683716,1.5,1.4900000095367432,1.4950000047683716,25666,0.0,0.0
2024-04-02 15:30:00-04:00,1.5,1.5099999904632568,1.4900000095367432,1.4950000047683716,76535,0.0,0.0
2024-04-03 09:30:00-04:00,1.4600000381469727,1.5199999809265137,1.4500000476837158,1.4950000047683716,84238,0.0,0.0
2024-04-03 10:30:00-04:00,1.4950000047683716,1.5,1.4500000476837158,1.4950000047683716,146827,0.0,0.0
2024-04-03 11:30:00-04:00,1.4950000047683716,1.5,1.4850000143051147,1.4950000047683716,22649,0.0,0.0
2024-04-03 12:30:00-04:00,1.5,1.5049999952316284,1.4900000095367432,1.5,44915,0.0,0.0
2024-04-03 13:30:00-04:00,1.5,1.5099999904632568,1.4900000095367432,1.5,42167,0.0,0.0
2024-04-03 14:30:00-04:00,1.5,1.500499963760376,1.4900000095367432,1.4900000095367432,22459,0.0,0.0
2024-04-03 15:30:00-04:00,1.5,1.5049999952316284,1.4800000190734863,1.4900000095367432,90049,0.0,0.0
2024-04-04 09:30:00-04:00,1.5099999904632568,1.5199999809265137,1.4900000095367432,1.4950000047683716,115658,0.0,0.0
2024-04-04 10:30:00-04:00,1.5,1.590000033378601,1.5,1.5605000257492065,98906,0.0,0.0
2024-04-04 11:30:00-04:00,1.565000057220459,1.600000023841858,1.5600999593734741,1.600000023841858,127137,0.0,0.0
2024-04-04 12:30:00-04:00,1.600000023841858,1.659999966621399,1.5950000286102295,1.6399999856948853,220598,0.0,0.0
2024-04-04 13:30:00-04:00,1.6399999856948853,1.649999976158142,1.6100000143051147,1.6100000143051147,108434,0.0,0.0
2024-04-04 14:30:00-04:00,1.6100000143051147,1.6100000143051147,1.5399999618530273,1.559999942779541,86653,0.0,0.0
2024-04-04 15:30:00-04:00,1.559999942779541,1.5800000429153442,1.5499999523162842,1.5700000524520874,82262,0.0,0.0
2024-04-05 09:30:00-04:00,1.5700000524520874,1.5700000524520874,1.5,1.5499999523162842,82614,0.0,0.0
2024-04-05 10:30:00-04:00,1.5499999523162842,1.5700000524520874,1.5399999618530273,1.5499999523162842,27675,0.0,0.0
2024-04-05 11:30:00-04:00,1.5499999523162842,1.6200000047683716,1.5499999523162842,1.6150000095367432,43057,0.0,0.0
2024-04-05 12:30:00-04:00,1.6100000143051147,1.6399999856948853,1.6050000190734863,1.6150000095367432,41906,0.0,0.0
2024-04-05 13:30:00-04:00,1.6196000576019287,1.6200000047683716,1.5800000429153442,1.600000023841858,27317,0.0,0.0
2024-04-05 14:30:00-04:00,1.590000033378601,1.590000033378601,1.5700000524520874,1.5800000429153442,14656,0.0,0.0
2024-04-05 15:30:00-04:00,1.590000033378601,1.6399999856948853,1.590000033378601,1.6399999856948853,89678,0.0,0.0
2024-04-08 09:30:00-04:00,1.649999976158142,1.6699999570846558,1.6200000047683716,1.6200000047683716,143931,0.0,0.0
2024-04-08 10:30:00-04:00,1.6299999952316284,1.6399999856948853,1.6100000143051147,1.6349999904632568,70111,0.0,0.0
2024-04-08 11:30:00-04:00,1.6399999856948853,1.6399999856948853,1.6299999952316284,1.6349999904632568,11296,0.0,0.0
2024-04-08 12:30:00-04:00,1.6299999952316284,1.6399999856948853,1.6299999952316284,1.6349999904632568,17636,0.0,0.0
2024-04-08 13:30:00-04:00,1.6349999904632568,1.6699999570846558,1.6349999904632568,1.6649999618530273,62537,0.0,0.0
2024-04-08 14:30:00-04:00,1.659999966621399,1.6699999570846558,1.659999966621399,1.6699999570846558,46032,0.0,0.0
2024-04-08 15:30:00-04:00,1.6649999618530273,1.6699999570846558,1.659999966621399,1.659999966621399,17795,0.0,0.0
2024-04-09 09:30:00-04:00,1.6699999570846558,1.690000057220459,1.6399999856948853,1.6699999570846558,96068,0.0,0.0
2024-04-09 10:30:00-04:00,1.6699999570846558,1.6699999570846558,1.5700000524520874,1.6050000190734863,73624,0.0,0.0
2024-04-09 11:30:00-04:00,1.6050000190734863,1.690000057220459,1.600000023841858,1.6790000200271606,73481,0.0,0.0
2024-04-09 12:30:00-04:00,1.6749999523162842,1.7300000190734863,1.6699999570846558,1.7300000190734863,50972,0.0,0.0
2024-04-09 13:30:00-04:00,1.7200000286102295,1.7300000190734863,1.684999942779541,1.684999942779541,27378,0.0,0.0
2024-04-09 14:30:00-04:00,1.6799999475479126,1.690000057220459,1.6649999618530273,1.6699999570846558,44047,0.0,0.0
2024-04-09 15:30:00-04:00,1.6699999570846558,1.6699999570846558,1.6299999952316284,1.6299999952316284,81643,0.0,0.0
2024-04-10 09:30:00-04:00,1.600000023841858,1.6299999952316284,1.5099999904632568,1.5700000524520874,180650,0.0,0.0
2024-04-10 10:30:00-04:00,1.5700000524520874,1.5700000524520874,1.534999966621399,1.534999966621399,19572,0.0,0.0
2024-04-10 11:30:00-04:00,1.537500023841858,1.5499999523162842,1.4600000381469727,1.5099999904632568,149015,0.0,0.0
2024-04-10 12:30:00-04:00,1.5099999904632568,1.5099999904632568,1.4700000286102295,1.475000023841858,57099,0.0,0.0
2024-04-10 13:30:00-04:00,1.4700000286102295,1.4800000190734863,1.4600000381469727,1.4800000190734863,48415,0.0,0.0
2024-04-10 14:30:00-04:00,1.4800000190734863,1.4900000095367432,1.4700000286102295,1.4900000095367432,26864,0.0,0.0
2024-04-10 15:30:00-04:00,1.4900000095367432,1.4900000095367432,1.4800000190734863,1.4900000095367432,23822,0.0,0.0
2024-04-11 09:30:00-04:00,1.5,1.5019999742507935,1.4550000429153442,1.475000023841858,71037,0.0,0.0
2024-04-11 10:30:00-04:00,1.4800000190734863,1.4800000190734863,1.4500000476837158,1.4600000381469727,31690,0.0,0.0
2024-04-11 11:30:00-04:00,1.4600000381469727,1.4850000143051147,1.4505000114440918,1.4800000190734863,14701,0.0,0.0
2024-04-11 12:30:00-04:00,1.4700000286102295,1.4752000570297241,1.4500000476837158,1.475000023841858,24070,0.0,0.0
2024-04-11 13:30:00-04:00,1.4700000286102295,1.4800000190734863,1.4600000381469727,1.475000023841858,37085,0.0,0.0
2024-04-11 14:30:00-04:00,1.4795000553131104,1.4800000190734863,1.4500000476837158,1.4500000476837158,41400,0.0,0.0
2024-04-11 15:30:00-04:00,1.4569000005722046,1.4700000286102295,1.4500000476837158,1.4700000286102295,50157,0.0,0.0
2024-04-12 09:30:00-04:00,1.4600000381469727,1.5219999551773071,1.4600000381469727,1.465000033378601,44762,0.0,0.0
2024-04-12 10:30:00-04:00,1.4600000381469727,1.4900000095367432,1.4500000476837158,1.4700000286102295,46274,0.0,0.0
2024-04-12 11:30:00-04:00,1.4620000123977661,1.465000033378601,1.4500000476837158,1.4550000429153442,23533,0.0,0.0
2024-04-12 12:30:00-04:00,1.4500000476837158,1.4600000381469727,1.409999966621399,1.4299999475479126,43270,0.0,0.0
2024-04-12 13:30:00-04:00,1.4249999523162842,1.4299999475479126,1.4199999570846558,1.4249999523162842,38644,0.0,0.0
2024-04-12 14:30:00-04:00,1.4249999523162842,1.4299999475479126,1.409999966621399,1.409999966621399,23269,0.0,0.0
2024-04-12 15:30:00-04:00,1.409999966621399,1.4199999570846558,1.409999966621399,1.409999966621399,48260,0.0,0.0
2024-04-15 09:30:00-04:00,1.4299999475479126,1.4299999475479126,1.350000023841858,1.3600000143051147,238272,0.0,0.0
2024-04-15 10:30:00-04:00,1.3600000143051147,1.3899999856948853,1.3600000143051147,1.3700000047683716,124752,0.0,0.0
2024-04-15 11:30:00-04:00,1.3700000047683716,1.3849999904632568,1.3700000047683716,1.3799999952316284,12366,0.0,0.0
2024-04-15 12:30:00-04:00,1.3799999952316284,1.399999976158142,1.3700000047683716,1.375,217343,0.0,0.0
2024-04-15 13:30:00-04:00,1.3700000047683716,1.399999976158142,1.3700000047683716,1.399999976158142,32979,0.0,0.0
2024-04-15 14:30:00-04:00,1.3949999809265137,1.399999976158142,1.3700000047683716,1.3700000047683716,39005,0.0,0.0
2024-04-15 15:30:00-04:00,1.375,1.3799999952316284,1.3700000047683716,1.375,42434,0.0,0.0
2024-04-16 09:30:00-04:00,1.3799999952316284,1.3899999856948853,1.350000023841858,1.3700000047683716,85476,0.0,0.0
2024-04-16 10:30:00-04:00,1.3600000143051147,1.3799999952316284,1.350000023841858,1.3700000047683716,54186,0.0,0.0
2024-04-16 11:30:00-04:00,1.3700000047683716,1.3799999952316284,1.3700000047683716,1.3700000047683716,4538,0.0,0.0
2024-04-16 12:30:00-04:00,1.3799999952316284,1.3799999952316284,1.3701000213623047,1.3799999952316284,19068,0.0,0.0
2024-04-16 13:30:00-04:00,1.3899999856948853,1.3899999856948853,1.3600000143051147,1.3600000143051147,49273,0.0,0.0
2024-04-16 14:30:00-04:00,1.3600000143051147,1.3700000047683716,1.3600000143051147,1.3650000095367432,9696,0.0,0.0
2024-04-16 15:30:00-04:00,1.3650000095367432,1.3700000047683716,1.3600000143051147,1.3600000143051147,11174,0.0,0.0
2024-04-17 09:30:00-04:00,1.399999976158142,1.399999976158142,1.3700000047683716,1.3700000047683716,39249,0.0,0.0
2024-04-17 10:30:00-04:00,1.3704999685287476,1.3799999952316284,1.3700000047683716,1.375,7849,0.0,0.0
2024-04-17 11:30:00-04:00,1.375,1.3799999952316284,1.3700000047683716,1.3700000047683716,33430,0.0,0.0
2024-04-17 12:30:00-04:00,1.378100037574768,1.378100037574768,1.3600000143051147,1.3600000143051147,3563,0.0,0.0
2024-04-17 13:30:00-04:00,1.3601000308990479,1.3799999952316284,1.3600000143051147,1.3600000143051147,19220,0.0,0.0
2024-04-17 14:30:00-04:00,1.3600000143051147,1.3700000047683716,1.350000023841858,1.350000023841858,21560,0.0,0.0
2024-04-17 15:30:00-04:00,1.3600000143051147,1.3600000143051147,1.309999942779541,1.309999942779541,115672,0.0,0.0
2024-04-18 09:30:00-04:00,1.350000023841858,1.350000023841858,1.2999999523162842,1.309999942779541,64806,0.0,0.0
2024-04-18 10:30:00-04:00,1.3049999475479126,1.3300000429153442,1.2999999523162842,1.2999999523162842,54849,0.0,0.0
2024-04-18 11:30:00-04:00,1.3049999475479126,1.309999942779541,1.2999999523162842,1.309999942779541,8391,0.0,0.0
2024-04-18 12:30:00-04:00,1.309399962425232,1.309999942779541,1.2999999523162842,1.2999999523162842,21327,0.0,0.0
2024-04-18 13:30:00-04:00,1.2999999523162842,1.309999942779541,1.2799999713897705,1.2799999713897705,48321,0.0,0.0
2024-04-18 14:30:00-04:00,1.2799999713897705,1.2899999618530273,1.2599999904632568,1.2699999809265137,46487,0.0,0.0
2024-04-18 15:30:00-04:00,1.2649999856948853,1.2699999809265137,1.2599999904632568,1.2599999904632568,26340,0.0,0.0
2024-04-19 09:30:00-04:00,1.25,1.2680000066757202,1.2400000095367432,1.2450000047683716,174205,0.0,0.0
2024-04-19 10:30:00-04:00,1.2450000047683716,1.25,1.2100000381469727,1.2100000381469727,102413,0.0,0.0
2024-04-19 11:30:00-04:00,1.2100000381469727,1.2259999513626099,1.2100000381469727,1.2200000286102295,52350,0.0,0.0
2024-04-19 12:30:00-04:00,1.2259999513626099,1.2699999809265137,1.225000023841858,1.2699999809265137,35635,0.0,0.0
2024-04-19 13:30:00-04:00,1.2699999809265137,1.315000057220459,1.2599999904632568,1.2799999713897705,111162,0.0,0.0
2024-04-19 14:30:00-04:00,1.2799999713897705,1.2999999523162842,1.2699999809265137,1.2999000549316406,17938,0.0,0.0
2024-04-19 15:30:00-04:00,1.2999999523162842,1.2999999523162842,1.25,1.25,82559,0.0,0.0
2024-04-22 09:30:00-04:00,1.340000033378601,1.350000023841858,1.25,1.2649999856948853,109537,0.0,0.0
2024-04-22 10:30:00-04:00,1.2698999643325806,1.2999999523162842,1.2649999856948853,1.2799999713897705,34524,0.0,0.0
2024-04-22 11:30:00-04:00,1.2799999713897705,1.309999942779541,1.274999976158142,1.3049999475479126,20256,0.0,0.0
2024-04-22 12:30:00-04:00,1.3049999475479126,1.3049999475479126,1.2899999618530273,1.2949999570846558,24021,0.0,0.0
2024-04-22 13:30:00-04:00,1.299399971961975,1.350000023841858,1.2949999570846558,1.340000033378601,38149,0.0,0.0
2024-04-22 14:30:00-04:00,1.3450000286102295,1.350000023841858,1.309999942779541,1.3450000286102295,31189,0.0,0.0
2024-04-22 15:30:00-04:00,1.3450000286102295,1.3600000143051147,1.340000033378601,1.340000033378601,24324,0.0,0.0
2024-04-23 09:30:00-04:00,1.3600000143051147,1.4199999570846558,1.3513000011444092,1.4005000591278076,39333,0.0,0.0
2024-04-23 10:30:00-04:00,1.4049999713897705,1.4049999713897705,1.3799999952316284,1.3949999809265137,27737,0.0,0.0
2024-04-23 11:30:00-04:00,1.3949999809265137,1.409999966621399,1.3899999856948853,1.4000999927520752,13953,0.0,0.0
2024-04-23 12:30:00-04:00,1.4049999713897705,1.409999966621399,1.399999976158142,1.4049999713897705,6461,0.0,0.0
2024-04-23 13:30:00-04:00,1.409999966621399,1.409999966621399,1.4021999835968018,1.409999966621399,9260,0.0,0.0
2024-04-23 14:30:00-04:00,1.409999966621399,1.409999966621399,1.399999976158142,1.4049999713897705,11000,0.0,0.0
2024-04-23 15:30:00-04:00,1.4049999713897705,1.409999966621399,1.399999976158142,1.409999966621399,13527,0.0,0.0
2024-04-24 09:30:00-04:00,1.4199999570846558,1.4299999475479126,1.4199999570846558,1.4249999523162842,33505,0.0,0.0
2024-04-24 10:30:00-04:00,1.4249999523162842,1.4299999475479126,1.4049999713897705,1.409999966621399,46722,0.0,0.0
2024-04-24 11:30:00-04:00,1.4003000259399414,1.4049999713897705,1.3899999856948853,1.3949999809265137,8730,0.0,0.0
2024-04-24 12:30:00-04:00,1.3899999856948853,1.399999976158142,1.375,1.399999976158142,54521,0.0,0.0
2024-04-24 13:30:00-04:00,1.3899999856948853,1.399999976158142,1.3899999856948853,1.399999976158142,8508,0.0,0.0
2024-04-24 14:30:00-04:00,1.399999976158142,1.409999966621399,1.3899999856948853,1.399999976158142,15743,0.0,0.0
2024-04-24 15:30:00-04:00,1.399999976158142,1.399999976158142,1.3899999856948853,1.399999976158142,29180,0.0,0.0
2024-04-25 09:30:00-04:00,1.399999976158142,1.399999976158142,1.375,1.399999976158142,5788,0.0,0.0
2024-04-25 10:30:00-04:00,1.3799999952316284,1.399999976158142,1.3799999952316284,1.3949999809265137,4834,0.0,0.0
2024-04-25 11:30:00-04:00,1.3904999494552612,1.399999976158142,1.3899999856948853,1.399999976158142,3826,0.0,0.0
2024-04-25 12:30:00-04:00,1.3904999494552612,1.399999976158142,1.389299988746643,1.389799952507019,22558,0.0,0.0
2024-04-25 13:30:00-04:00,1.3899999856948853,1.409999966621399,1.3799999952316284,1.409999966621399,35908,0.0,0.0
2024-04-25 14:30:00-04:00,1.409999966621399,1.4299999475479126,1.399999976158142,1.4299999475479126,26434,0.0,0.0
2024-04-25 15:30:00-04:00,1.4299999475479126,1.4299999475479126,1.409999966621399,1.4199999570846558,20250,0.0,0.0
2024-04-26 09:30:00-04:00,1.4299999475479126,1.4800000190734863,1.409999966621399,1.4600000381469727,73148,0.0,0.0
2024-04-26 10:30:00-04:00,1.4574999809265137,1.4900000095367432,1.4574999809265137,1.4700000286102295,20521,0.0,0.0
2024-04-26 11:30:00-04:00,1.4700000286102295,1.4800000190734863,1.4600000381469727,1.4700000286102295,13039,0.0,0.0
2024-04-26 12:30:00-04:00,1.4700000286102295,1.4800000190734863,1.4700000286102295,1.4800000190734863,6048,0.0,0.0
2024-04-26 13:30:00-04:00,1.4700000286102295,1.4800000190734863,1.4700000286102295,1.4800000190734863,24292,0.0,0.0
2024-04-26 14:30:00-04:00,1.4800000190734863,1.4800000190734863,1.4700000286102295,1.4800000190734863,15040,0.0,0.0
2024-04-26 15:30:00-04:00,1.4700000286102295,1.4800000190734863,1.4700000286102295,1.4700000286102295,32352,0.0,0.0
2024-04-29 09:30:00-04:00,1.4900000095367432,1.5,1.4700000286102295,1.4950000047683716,51184,0.0,0.0
2024-04-29 10:30:00-04:00,1.499899983406067,1.5,1.4850000143051147,1.4950000047683716,18468,0.0,0.0
2024-04-29 11:30:00-04:00,1.5,1.5,1.4800000190734863,1.4800000190734863,27256,0.0,0.0
2024-04-29 12:30:00-04:00,1.4850000143051147,1.5299999713897705,1.4700000286102295,1.5199999809265137,125688,0.0,0.0
2024-04-29 13:30:00-04:00,1.5099999904632568,1.5199999809265137,1.5099999904632568,1.5199999809265137,13360,0.0,0.0
2024-04-29 14:30:00-04:00,1.5149999856948853,1.5149999856948853,1.4900000095367432,1.5,16741,0.0,0.0
2024-04-29 15:30:00-04:00,1.5,1.5099999904632568,1.4900000095367432,1.5099999904632568,33281,0.0,0.0
2024-04-30 09:30:00-04:00,1.5299999713897705,1.5299999713897705,1.4912999868392944,1.5188000202178955,22255,0.0,0.0
2024-04-30 10:30:00-04:00,1.5099999904632568,1.5199999809265137,1.5,1.5099999904632568,23504,0.0,0.0
2024-04-30 11:30:00-04:00,1.510699987411499,1.5199999809265137,1.4500000476837158,1.4500000476837158,34212,0.0,0.0
2024-04-30 12:30:00-04:00,1.4600000381469727,1.4600000381469727,1.440000057220459,1.4450000524520874,13675,0.0,0.0
2024-04-30 13:30:00-04:00,1.440000057220459,1.4500000476837158,1.4299999475479126,1.4299999475479126,12058,0.0,0.0
2024-04-30 14:30:00-04:00,1.440000057220459,1.4478000402450562,1.4299999475479126,1.440000057220459,3539,0.0,0.0
2024-04-30 15:30:00-04:00,1.440000057220459,1.440000057220459,1.4199999570846558,1.4299999475479126,26047,0.0,0.0
2024-05-01 09:30:00-04:00,1.4299999475479126,1.4900000095367432,1.4199999570846558,1.4600000381469727,24909,0.0,0.0
2024-05-01 10:30:00-04:00,1.4600000381469727,1.4800000190734863,1.440000057220459,1.479200005531311,26214,0.0,0.0
2024-05-01 11:30:00-04:00,1.4704999923706055,1.5,1.4700000286102295,1.4991999864578247,20860,0.0,0.0
2024-05-01 12:30:00-04:00,1.4900000095367432,1.4950000047683716,1.4800000190734863,1.4800000190734863,30497,0.0,0.0
2024-05-01 13:30:00-04:00,1.4800000190734863,1.4900000095367432,1.4700000286102295,1.4900000095367432,12371,0.0,0.0
2024-05-01 14:30:00-04:00,1.4700000286102295,1.5,1.4700000286102295,1.4700000286102295,34699,0.0,0.0
2024-05-01 15:30:00-04:00,1.4900000095367432,1.4900000095367432,1.4700000286102295,1.4700000286102295,13299,0.0,0.0
2024-05-02 09:30:00-04:00,1.4700000286102295,1.5199999809265137,1.4700000286102295,1.5149999856948853,58968,0.0,0.0
2024-05-02 10:30:00-04:00,1.5199999809265137,1.5199999809265137,1.500100016593933,1.5099999904632568,14660,0.0,0.0
2024-05-02 11:30:00-04:00,1.5099999904632568,1.5299999713897705,1.5099999904632568,1.5199999809265137,12390,0.0,0.0
2024-05-02 12:30:00-04:00,1.5199999809265137,1.5199999809265137,1.5099999904632568,1.5199999809265137,20009,0.0,0.0
2024-05-02 13:30:00-04:00,1.5199999809265137,1.5199999809265137,1.5099999904632568,1.5199999809265137,36517,0.0,0.0
2024-05-02 14:30:00-04:00,1.5199999809265137,1.559999942779541,1.5199999809265137,1.5399999618530273,68211,0.0,0.0
2024-05-02 15:30:00-04:00,1.5399999618530273,1.5399999618530273,1.5099999904632568,1.5149999856948853,18688,0.0,0.0
2024-05-03 09:30:00-04:00,1.5800000429153442,1.5800000429153442,1.5,1.534999966621399,66307,0.0,0.0
2024-05-03 10:30:00-04:00,1.5399999618530273,1.5399999618530273,1.5199999809265137,1.5289000272750854,4756,0.0,0.0
2024-05-03 11:30:00-04:00,1.5299999713897705,1.5499999523162842,1.524999976158142,1.5399999618530273,15202,0.0,0.0
2024-05-03 12:30:00-04:00,1.5299999713897705,1.534999966621399,1.4600000381469727,1.4900000095367432,188876,0.0,0.0
2024-05-03 13:30:00-04:00,1.4950000047683716,1.499899983406067,1.4800000190734863,1.4900000095367432,7110,0.0,0.0
2024-05-03 14:30:00-04:00,1.4900000095367432,1.4991999864578247,1.4900000095367432,1.4991999864578247,6391,0.0,0.0
2024-05-03 15:30:00-04:00,1.4900000095367432,1.5399999618530273,1.4900000095367432,1.5399999618530273,23569,0.0,0.0
2024-05-06 09:30:00-04:00,1.5299999713897705,1.590000033378601,1.5299999713897705,1.5750000476837158,265224,0.0,0.0
2024-05-06 10:30:00-04:00,1.5750000476837158,1.5800000429153442,1.5700000524520874,1.5800000429153442,18173,0.0,0.0
2024-05-06 11:30:00-04:00,1.5800000429153442,1.6299999952316284,1.5800000429153442,1.590000033378601,75816,0.0,0.0
2024-05-06 12:30:00-04:00,1.590000033378601,1.600000023841858,1.5499999523162842,1.5800000429153442,69027,0.0,0.0
2024-05-06 13:30:00-04:00,1.5800000429153442,1.600000023841858,1.5800000429153442,1.600000023841858,31776,0.0,0.0
2024-05-06 14:30:00-04:00,1.600000023841858,1.600000023841858,1.5800000429153442,1.5850000381469727,69274,0.0,0.0
2024-05-06 15:30:00-04:00,1.5800000429153442,1.6200000047683716,1.5800000429153442,1.6100000143051147,67056,0.0,0.0
2024-05-07 09:30:00-04:00,1.600000023841858,1.6399999856948853,1.590000033378601,1.635699987411499,49332,0.0,0.0
2024-05-07 10:30:00-04:00,1.6399999856948853,1.6399999856948853,1.6200000047683716,1.6349999904632568,20697,0.0,0.0
2024-05-07 11:30:00-04:00,1.6349999904632568,1.6349999904632568,1.600000023841858,1.6200000047683716,67430,0.0,0.0
2024-05-07 12:30:00-04:00,1.6200000047683716,1.6399999856948853,1.6200000047683716,1.6399999856948853,28600,0.0,0.0
2024-05-07 13:30:00-04:00,1.6301000118255615,1.6399999856948853,1.600000023841858,1.6200000047683716,24460,0.0,0.0
2024-05-07 14:30:00-04:00,1.6202000379562378,1.6299999952316284,1.600000023841858,1.600000023841858,75425,0.0,0.0
2024-05-07 15:30:00-04:00,1.600000023841858,1.6399999856948853,1.600000023841858,1.6399999856948853,23851,0.0,0.0
2024-05-08 09:30:00-04:00,1.6100000143051147,1.6100000143051147,1.440000057220459,1.4592000246047974,193201,0.0,0.0
2024-05-08 10:30:00-04:00,1.4550000429153442,1.5299999713897705,1.4500999450683594,1.524999976158142,42475,0.0,0.0
2024-05-08 11:30:00-04:00,1.5299999713897705,1.590000033378601,1.524999976158142,1.5520999431610107,59748,0.0,0.0
2024-05-08 12:30:00-04:00,1.5499999523162842,1.5499999523162842,1.5099999904632568,1.5199999809265137,13010,0.0,0.0
2024-05-08 13:30:00-04:00,1.524999976158142,1.524999976158142,1.5199999809265137,1.5199999809265137,3844,0.0,0.0
2024-05-08 14:30:00-04:00,1.5202000141143799,1.5299999713897705,1.4900000095367432,1.4950000047683716,20898,0.0,0.0
2024-05-08 15:30:00-04:00,1.4900000095367432,1.4950000047683716,1.4800000190734863,1.4800000190734863,69392,0.0,0.0
2024-05-09 09:30:00-04:00,1.5499999523162842,1.590000033378601,1.5,1.5,41112,0.0,0.0
2024-05-09 10:30:00-04:00,1.5099999904632568,1.5149999856948853,1.5,1.5099999904632568,9005,0.0,0.0
2024-05-09 11:30:00-04:00,1.5099999904632568,1.5099999904632568,1.5,1.5099999904632568,6000,0.0,0.0
2024-05-09 12:30:00-04:00,1.5099999904632568,1.5399999618530273,1.5099999904632568,1.5199999809265137,21878,0.0,0.0
2024-05-09 13:30:00-04:00,1.5199999809265137,1.5199999809265137,1.5099999904632568,1.51010000705719,4776,0.0,0.0
2024-05-09 14:30:00-04:00,1.5199999809265137,1.5199999809265137,1.5049999952316284,1.5149999856948853,12145,0.0,0.0
2024-05-09 15:30:00-04:00,1.5198999643325806,1.5199999809265137,1.5,1.5,11606,0.0,0.0
2024-05-10 09:30:00-04:00,1.5099999904632568,1.5299999713897705,1.4299999475479126,1.4600000381469727,52629,0.0,0.0
2024-05-10 10:30:00-04:00,1.4594999551773071,1.4600000381469727,1.399999976158142,1.399999976158142,29677,0.0,0.0
2024-05-10 11:30:00-04:00,1.4049999713897705,1.4199999570846558,1.3899999856948853,1.4149999618530273,85010,0.0,0.0
2024-05-10 12:30:00-04:00,1.4199999570846558,1.4498000144958496,1.399999976158142,1.4199999570846558,117786,0.0,0.0
2024-05-10 13:30:00-04:00,1.4199999570846558,1.440000057220459,1.399999976158142,1.399999976158142,44236,0.0,0.0
2024-05-10 14:30:00-04:00,1.419800043106079,1.4500000476837158,1.409999966621399,1.429900050163269,74589,0.0,0.0
2024-05-10 15:30:00-04:00,1.4299999475479126,1.4299999475479126,1.409999966621399,1.4199999570846558,28376,0.0,0.0
2024-05-13 09:30:00-04:00,1.409999966621399,1.5,1.399999976158142,1.4800000190734863,97164,0.0,0.0
2024-05-13 10:30:00-04:00,1.475000023841858,1.475000023841858,1.4601999521255493,1.4601999521255493,24997,0.0,0.0
2024-05-13 11:30:00-04:00,1.4600000381469727,1.4700000286102295,1.4299999475479126,1.440000057220459,15302,0.0,0.0
2024-05-13 12:30:00-04:00,1.4305000305175781,1.440000057220459,1.399999976158142,1.399999976158142,43220,0.0,0.0
2024-05-13 13:30:00-04:00,1.409999966621399,1.4299999475479126,1.409999966621399,1.4299999475479126,13918,0.0,0.0
2024-05-13 14:30:00-04:00,1.4299999475479126,1.440000057220459,1.4299999475479126,1.434999942779541,6477,0.0,0.0
2024-05-13 15:30:00-04:00,1.4399000406265259,1.440000057220459,1.4199999570846558,1.4299999475479126,25753,0.0,0.0
2024-05-14 09:30:00-04:00,1.4900000095367432,1.524999976158142,1.4600000381469727,1.4900000095367432,137353,0.0,0.0
2024-05-14 10:30:00-04:00,1.4850000143051147,1.4900000095367432,1.4700000286102295,1.4780000448226929,33192,0.0,0.0
2024-05-14 11:30:00-04:00,1.4745999574661255,1.5099999904632568,1.4700000286102295,1.5,30560,0.0,0.0
2024-05-14 12:30:00-04:00,1.5,1.5,1.4500000476837158,1.4600000381469727,22813,0.0,0.0
2024-05-14 13:30:00-04:00,1.4600000381469727,1.4700000286102295,1.4529000520706177,1.4700000286102295,10139,0.0,0.0
2024-05-14 14:30:00-04:00,1.4700000286102295,1.4900000095367432,1.440000057220459,1.4500000476837158,35026,0.0,0.0
2024-05-14 15:30:00-04:00,1.4500000476837158,1.4700000286102295,1.440000057220459,1.4700000286102295,33171,0.0,0.0
2024-05-15 09:30:00-04:00,1.5299999713897705,1.534999966621399,1.5149999856948853,1.5204999446868896,106458,0.0,0.0
2024-05-15 10:30:00-04:00,1.524999976158142,1.559999942779541,1.5199999809265137,1.5399999618530273,50790,0.0,0.0
2024-05-15 11:30:00-04:00,1.544600009918213,1.5449999570846558,1.5,1.5099999904632568,33430,0.0,0.0
2024-05-15 12:30:00-04:00,1.5199999809265137,1.5199999809265137,1.5,1.5,13593,0.0,0.0
2024-05-15 13:30:00-04:00,1.5,1.5099999904632568,1.5,1.5099999904632568,26580,0.0,0.0
2024-05-15 14:30:00-04:00,1.5099999904632568,1.5099999904632568,1.4900000095367432,1.5,9949,0.0,0.0
2024-05-15 15:30:00-04:00,1.5,1.5099999904632568,1.4900000095367432,1.5,21092,0.0,0.0
2024-05-16 09:30:00-04:00,1.5,1.5099999904632568,1.4808000326156616,1.5099999904632568,16364,0.0,0.0
2024-05-16 10:30:00-04:00,1.5099999904632568,1.5099999904632568,1.4800000190734863,1.5,57199,0.0,0.0
2024-05-16 11:30:00-04:00,1.5,1.5,1.4800000190734863,1.5,11146,0.0,0.0
2024-05-16 12:30:00-04:00,1.5,1.5,1.4850000143051147,1.4900000095367432,28368,0.0,0.0
2024-05-16 13:30:00-04:00,1.5,1.5199999809265137,1.4900000095367432,1.5099999904632568,60965,0.0,0.0
2024-05-16 14:30:00-04:00,1.49399995803833,1.5099999904632568,1.4900000095367432,1.5099999904632568,15488,0.0,0.0
2024-05-16 15:30:00-04:00,1.5,1.5099999904632568,1.4900000095367432,1.5099999904632568,15905,0.0,0.0
2024-05-17 09:30:00-04:00,1.5,1.5499999523162842,1.475000023841858,1.5499999523162842,147929,0.0,0.0
2024-05-17 10:30:00-04:00,1.5399999618530273,1.5399999618530273,1.4900000095367432,1.4900000095367432,36718,0.0,0.0
2024-05-17 11:30:00-04:00,1.5099999904632568,1.5099999904632568,1.4800000190734863,1.4900000095367432,4367,0.0,0.0
2024-05-17 12:30:00-04:00,1.4900000095367432,1.5,1.4850000143051147,1.4850000143051147,6137,0.0,0.0
2024-05-17 13:30:00-04:00,1.4850000143051147,1.4850000143051147,1.4701000452041626,1.4800000190734863,5358,0.0,0.0
2024-05-17 14:30:00-04:00,1.475000023841858,1.4800000190734863,1.4700000286102295,1.4800000190734863,10313,0.0,0.0
2024-05-17 15:30:00-04:00,1.4800000190734863,1.5,1.4700000286102295,1.4700000286102295,32577,0.0,0.0
2024-05-20 09:30:00-04:00,1.4900000095367432,1.4900000095367432,1.409999966621399,1.4600000381469727,98716,0.0,0.0
2024-05-20 10:30:00-04:00,1.4600000381469727,1.4600000381469727,1.440000057220459,1.4600000381469727,6529,0.0,0.0
2024-05-20 11:30:00-04:00,1.4600000381469727,1.4700000286102295,1.450700044631958,1.4700000286102295,6412,0.0,0.0
2024-05-20 12:30:00-04:00,1.4700000286102295,1.4900000095367432,1.4700000286102295,1.4900000095367432,11400,0.0,0.0
2024-05-20 13:30:00-04:00,1.4700000286102295,1.4800000190734863,1.4500000476837158,1.4700000286102295,26851,0.0,0.0
2024-05-20 14:30:00-04:00,1.4700000286102295,1.4700000286102295,1.4600000381469727,1.4700000286102295,5911,0.0,0.0
2024-05-20 15:30:00-04:00,1.4700000286102295,1.4800000190734863,1.4600000381469727,1.4600000381469727,9606,0.0,0.0
2024-05-21 09:30:00-04:00,1.4600000381469727,1.4700000286102295,1.4500000476837158,1.4600000381469727,16569,0.0,0.0
2024-05-21 10:30:00-04:00,1.4697999954223633,1.4800000190734863,1.4600000381469727,1.4800000190734863,19382,0.0,0.0
2024-05-21 11:30:00-04:00,1.4800000190734863,1.4800000190734863,1.4600000381469727,1.4800000190734863,13700,0.0,0.0
2024-05-21 12:30:00-04:00,1.4800000190734863,1.4900000095367432,1.4700000286102295,1.4900000095367432,12455,0.0,0.0
2024-05-21 13:30:00-04:00,1.4900000095367432,1.5,1.4700000286102295,1.4900000095367432,6167,0.0,0.0
2024-05-21 14:30:00-04:00,1.4700000286102295,1.4900000095367432,1.4700000286102295,1.4800000190734863,13135,0.0,0.0
2024-05-21 15:30:00-04:00,1.4800000190734863,1.4800000190734863,1.4500000476837158,1.4500000476837158,21149,0.0,0.0
2024-05-22 09:30:00-04:00,1.4500000476837158,1.5099999904632568,1.4205000400543213,1.4900000095367432,78864,0.0,0.0
2024-05-22 10:30:00-04:00,1.4900000095367432,1.5499999523162842,1.4801000356674194,1.5499999523162842,105772,0.0,0.0
2024-05-22 11:30:00-04:00,1.5499999523162842,1.5700000524520874,1.5299999713897705,1.5299999713897705,89680,0.0,0.0
2024-05-22 12:30:00-04:00,1.5399999618530273,1.5399999618530273,1.5199999809265137,1.5299999713897705,23499,0.0,0.0
2024-05-22 13:30:00-04:00,1.5299999713897705,1.5299999713897705,1.5099999904632568,1.5099999904632568,35431,0.0,0.0
2024-05-22 14:30:00-04:00,1.5199999809265137,1.5199999809265137,1.4900000095367432,1.5099999904632568,24717,0.0,0.0
2024-05-22 15:30:00-04:00,1.5099999904632568,1.5299999713897705,1.5,1.5099999904632568,52032,0.0,0.0
2024-05-23 09:30:00-04:00,1.4700000286102295,1.4900000095367432,1.4500000476837158,1.4700000286102295,32503,0.0,0.0
2024-05-23 10:30:00-04:00,1.4700000286102295,1.5099999904632568,1.4600000381469727,1.5099999904632568,40219,0.0,0.0
2024-05-23 11:30:00-04:00,1.5,1.5099999904632568,1.4800000190734863,1.5,26139,0.0,0.0
2024-05-23 12:30:00-04:00,1.5,1.5,1.4800000190734863,1.4800000190734863,38527,0.0,0.0
2024-05-23 13:30:00-04:00,1.4797999858856201,1.4900000095367432,1.465000033378601,1.465000033378601,10446,0.0,0.0
2024-05-23 14:30:00-04:00,1.465000033378601,1.4800000190734863,1.465000033378601,1.475000023841858,8429,0.0,0.0
2024-05-23 15:30:00-04:00,1.4800000190734863,1.4800000190734863,1.4600000381469727,1.4700000286102295,18463,0.0,0.0
2024-05-24 09:30:00-04:00,1.5,1.5099999904632568,1.4717999696731567,1.4900000095367432,14723,0.0,0.0
2024-05-24 10:30:00-04:00,1.4883999824523926,1.5,1.4700000286102295,1.5,15640,0.0,0.0
2024-05-24 11:30:00-04:00,1.5,1.5,1.4800000190734863,1.4800000190734863,7820,0.0,0.0
2024-05-24 12:30:00-04:00,1.5,1.5,1.4900000095367432,1.5,5363,0.0,0.0
2024-05-24 13:30:00-04:00,1.5099999904632568,1.5099999904632568,1.4900000095367432,1.5,7455,0.0,0.0
2024-05-24 14:30:00-04:00,1.5,1.5,1.4900000095367432,1.5,2814,0.0,0.0
2024-05-24 15:30:00-04:00,1.5,1.5,1.4900000095367432,1.4900000095367432,13321,0.0,0.0
2024-05-28 09:30:00-04:00,1.5,1.5499999523162842,1.4700000286102295,1.5499999523162842,145049,0.0,0.0
2024-05-28 10:30:00-04:00,1.5499999523162842,1.559999942779541,1.5399999618530273,1.5499999523162842,16834,0.0,0.0
2024-05-28 11:30:00-04:00,1.5499999523162842,1.5499999523162842,1.524999976158142,1.5399999618530273,14479,0.0,0.0
2024-05-28 12:30:00-04:00,1.5399999618530273,1.5800000429153442,1.5199999809265137,1.5700000524520874,80153,0.0,0.0
2024-05-28 13:30:00-04:00,1.5700000524520874,1.5700000524520874,1.5099999904632568,1.5299999713897705,29818,0.0,0.0
2024-05-28 14:30:00-04:00,1.5399999618530273,1.5399999618530273,1.5199999809265137,1.5399999618530273,12399,0.0,0.0
2024-05-28 15:30:00-04:00,1.5399999618530273,1.5399999618530273,1.5,1.5,26771,0.0,0.0
2024-05-29 09:30:00-04:00,1.5,1.5099999904632568,1.4900000095367432,1.5099999904632568,10117,0.0,0.0
2024-05-29 10:30:00-04:00,1.4950000047683716,1.5092999935150146,1.4500000476837158,1.4700000286102295,23989,0.0,0.0
2024-05-29 11:30:00-04:00,1.4700000286102295,1.4700000286102295,1.455199956893921,1.465000033378601,15160,0.0,0.0
2024-05-29 12:30:00-04:00,1.465000033378601,1.4700000286102295,1.4500000476837158,1.4700000286102295,13416,0.0,0.0
2024-05-29 13:30:00-04:00,1.4697999954223633,1.4800000190734863,1.4600000381469727,1.4700000286102295,4597,0.0,0.0
2024-05-29 14:30:00-04:00,1.4600000381469727,1.4900000095367432,1.4500000476837158,1.4900000095367432,17938,0.0,0.0
2024-05-29 15:30:00-04:00,1.4900000095367432,1.5700000524520874,1.4700000286102295,1.5700000524520874,222233,0.0,0.0
2024-05-30 09:30:00-04:00,1.5299999713897705,1.5700000524520874,1.5299999713897705,1.5299999713897705,25239,0.0,0.0
2024-05-30 10:30:00-04:00,1.534999966621399,1.5399999618530273,1.5299999713897705,1.5299999713897705,4904,0.0,0.0
2024-05-30 11:30:00-04:00,1.5299999713897705,1.534999966621399,1.5099999904632568,1.524999976158142,12553,0.0,0.0
2024-05-30 12:30:00-04:00,1.5299999713897705,1.5700000524520874,1.5099999904632568,1.5700000524520874,46261,0.0,0.0
2024-05-30 13:30:00-04:00,1.565000057220459,1.5800000429153442,1.559999942779541,1.5800000429153442,33836,0.0,0.0
2024-05-30 14:30:00-04:00,1.5800000429153442,1.590000033378601,1.5700000524520874,1.5800000429153442,33111,0.0,0.0
2024-05-30 15:30:00-04:00,1.5779000520706177,1.5779000520706177,1.5299999713897705,1.5299999713897705,27425,0.0,0.0
2024-05-31 09:30:00-04:00,1.5099999904632568,1.5456000566482544,1.5,1.5099999904632568,22879,0.0,0.0
2024-05-31 10:30:00-04:00,1.5099999904632568,1.5099999904632568,1.5,1.5,13373,0.0,0.0
2024-05-31 11:30:00-04:00,1.5,1.5099999904632568,1.5,1.5049999952316284,5744,0.0,0.0
2024-05-31 12:30:00-04:00,1.5,1.524999976158142,1.5,1.524999976158142,15169,0.0,0.0
2024-05-31 13:30:00-04:00,1.5199999809265137,1.5399999618530273,1.5199999809265137,1.5299999713897705,4706,0.0,0.0
2024-05-31 14:30:00-04:00,1.5299999713897705,1.5399999618530273,1.5199999809265137,1.5299999713897705,8162,0.0,0.0
2024-05-31 15:30:00-04:00,1.5299999713897705,1.5399999618530273,1.5099999904632568,1.5199999809265137,20746,0.0,0.0
2024-06-03 09:30:00-04:00,1.5299999713897705,1.5700000524520874,1.5299999713897705,1.559999942779541,35431,0.0,0.0
2024-06-03 10:30:00-04:00,1.5399999618530273,1.5598000288009644,1.5199999809265137,1.534999966621399,15473,0.0,0.0
2024-06-03 11:30:00-04:00,1.5299999713897705,1.5399999618530273,1.5199999809265137,1.5199999809265137,15899,0.0,0.0
2024-06-03 12:30:00-04:00,1.520900011062622,1.5299999713897705,1.5099999904632568,1.5199999809265137,8082,0.0,0.0
2024-06-03 13:30:00-04:00,1.524999976158142,1.5499999523162842,1.5,1.5399999618530273,35986,0.0,0.0
2024-06-03 14:30:00-04:00,1.5399999618530273,1.559999942779541,1.5199999809265137,1.5549999475479126,36907,0.0,0.0
2024-06-03 15:30:00-04:00,1.5549999475479126,1.5549999475479126,1.5299999713897705,1.5499999523162842,20970,0.0,0.0
2024-06-04 09:30:00-04:00,1.5,1.5199999809265137,1.4700000286102295,1.5199999809265137,58999,0.0,0.0
2024-06-04 10:30:00-04:00,1.5099999904632568,1.5149999856948853,1.4800000190734863,1.4900000095367432,35405,0.0,0.0
2024-06-04 11:30:00-04:00,1.4800000190734863,1.5,1.4700000286102295,1.4799000024795532,23045,0.0,0.0
2024-06-04 12:30:00-04:00,1.475000023841858,1.5,1.475000023841858,1.5,11575,0.0,0.0
2024-06-04 13:30:00-04:00,1.5,1.5,1.4900000095367432,1.4900000095367432,21346,0.0,0.0
2024-06-04 14:30:00-04:00,1.4900000095367432,1.5,1.4800000190734863,1.4800000190734863,6657,0.0,0.0
2024-06-04 15:30:00-04:00,1.4800000190734863,1.4801000356674194,1.4600000381469727,1.4600000381469727,25524,0.0,0.0
2024-06-05 09:30:00-04:00,1.5199999809265137,1.5199999809265137,1.4500000476837158,1.465000033378601,56322,0.0,0.0
2024-06-05 10:30:00-04:00,1.4700000286102295,1.4800000190734863,1.4299999475479126,1.440000057220459,39900,0.0,0.0
2024-06-05 11:30:00-04:00,1.4500000476837158,1.4600000381469727,1.440000057220459,1.4550000429153442,27242,0.0,0.0
2024-06-05 12:30:00-04:00,1.4550000429153442,1.4700000286102295,1.440000057220459,1.4699000120162964,19680,0.0,0.0
2024-06-05 13:30:00-04:00,1.465000033378601,1.4800000190734863,1.465000033378601,1.4700000286102295,14811,0.0,0.0
2024-06-05 14:30:00-04:00,1.4700000286102295,1.4785000085830688,1.440000057220459,1.4550000429153442,19333,0.0,0.0
2024-06-05 15:30:00-04:00,1.4500000476837158,1.4800000190734863,1.440000057220459,1.4800000190734863,33991,0.0,0.0
2024-06-06 09:30:00-04:00,1.4600000381469727,1.4700000286102295,1.440000057220459,1.4550000429153442,29867,0.0,0.0
2024-06-06 10:30:00-04:00,1.4558000564575195,1.4600000381469727,1.440000057220459,1.440000057220459,41211,0.0,0.0
2024-06-06 11:30:00-04:00,1.4500000476837158,1.4600000381469727,1.4199999570846558,1.440000057220459,30597,0.0,0.0
2024-06-06 12:30:00-04:00,1.4299999475479126,1.4500000476837158,1.4199999570846558,1.4299999475479126,39772,0.0,0.0
2024-06-06 13:30:00-04:00,1.4299999475479126,1.4500000476837158,1.4199999570846558,1.4199999570846558,58007,0.0,0.0
2024-06-06 14:30:00-04:00,1.4199999570846558,1.440000057220459,1.4199999570846558,1.440000057220459,34539,0.0,0.0
2024-06-06 15:30:00-04:00,1.434999942779541,1.4399000406265259,1.4199999570846558,1.4199999570846558,22474,0.0,0.0
2024-06-07 09:30:00-04:00,1.409999966621399,1.4450000524520874,1.409999966621399,1.4213999509811401,34844,0.0,0.0
2024-06-07 10:30:00-04:00,1.4199999570846558,1.4500000476837158,1.4199999570846558,1.434999942779541,20003,0.0,0.0
2024-06-07 11:30:00-04:00,1.4299999475479126,1.440000057220459,1.4299999475479126,1.4299999475479126,17523,0.0,0.0
2024-06-07 12:30:00-04:00,1.440000057220459,1.440000057220459,1.4149999618530273,1.4199999570846558,6235,0.0,0.0
2024-06-07 13:30:00-04:00,1.4199999570846558,1.440000057220459,1.4199999570846558,1.4249999523162842,16638,0.0,0.0
2024-06-07 14:30:00-04:00,1.4299999475479126,1.4299999475479126,1.409999966621399,1.4149999618530273,14541,0.0,0.0
2024-06-07 15:30:00-04:00,1.4199999570846558,1.4199999570846558,1.409999966621399,1.409999966621399,10327,0.0,0.0
2024-06-10 09:30:00-04:00,1.409999966621399,1.440000057220459,1.3799999952316284,1.429900050163269,123903,0.0,0.0
2024-06-10 10:30:00-04:00,1.4234000444412231,1.4292000532150269,1.3899999856948853,1.3949999809265137,20187,0.0,0.0
2024-06-10 11:30:00-04:00,1.3949999809265137,1.409999966621399,1.3899999856948853,1.4005000591278076,25289,0.0,0.0
2024-06-10 12:30:00-04:00,1.4005000591278076,1.409999966621399,1.3700000047683716,1.375,144346,0.0,0.0
2024-06-10 13:30:00-04:00,1.3700000047683716,1.3899999856948853,1.3700000047683716,1.3700000047683716,40670,0.0,0.0
2024-06-10 14:30:00-04:00,1.3707000017166138,1.3899999856948853,1.3700000047683716,1.3700000047683716,27726,0.0,0.0
2024-06-10 15:30:00-04:00,1.3899999856948853,1.3899999856948853,1.3700000047683716,1.3799999952316284,41771,0.0,0.0
2024-06-11 09:30:00-04:00,1.3700000047683716,1.409999966621399,1.3600000143051147,1.3600000143051147,54361,0.0,0.0
2024-06-11 10:30:00-04:00,1.3600000143051147,1.3700000047683716,1.340000033378601,1.3450000286102295,40265,0.0,0.0
2024-06-11 11:30:00-04:00,1.340000033378601,1.3700000047683716,1.340000033378601,1.350000023841858,37206,0.0,0.0
2024-06-11 12:30:00-04:00,1.350000023841858,1.3700000047683716,1.340000033378601,1.3600000143051147,36785,0.0,0.0
2024-06-11 13:30:00-04:00,1.3631999492645264,1.3700000047683716,1.350000023841858,1.3600000143051147,33871,0.0,0.0
2024-06-11 14:30:00-04:00,1.350000023841858,1.3624000549316406,1.340000033378601,1.340000033378601,21181,0.0,0.0
2024-06-11 15:30:00-04:00,1.340000033378601,1.3600000143051147,1.340000033378601,1.3600000143051147,52911,0.0,0.0
2024-06-12 09:30:00-04:00,1.4299999475479126,1.4700000286102295,1.350000023841858,1.3949999809265137,116272,0.0,0.0
2024-06-12 10:30:00-04:00,1.3949999809265137,1.409999966621399,1.3904999494552612,1.3949999809265137,12598,0.0,0.0
2024-06-12 11:30:00-04:00,1.3899999856948853,1.4214999675750732,1.3799999952316284,1.4149999618530273,43960,0.0,0.0
2024-06-12 12:30:00-04:00,1.4000999927520752,1.4199999570846558,1.399999976158142,1.4049999713897705,7022,0.0,0.0
2024-06-12 13:30:00-04:00,1.4049999713897705,1.409999966621399,1.399999976158142,1.409999966621399,5819,0.0,0.0
2024-06-12 14:30:00-04:00,1.4040000438690186,1.4299999475479126,1.399999976158142,1.4249999523162842,20265,0.0,0.0
2024-06-12 15:30:00-04:00,1.4199999570846558,1.4249999523162842,1.409999966621399,1.4149999618530273,25640,0.0,0.0
2024-06-13 09:30:00-04:00,1.3899999856948853,1.4199999570846558,1.3700000047683716,1.3849999904632568,31382,0.0,0.0
2024-06-13 10:30:00-04:00,1.3799999952316284,1.409999966621399,1.3700000047683716,1.3849999904632568,19699,0.0,0.0
2024-06-13 11:30:00-04:00,1.3799999952316284,1.3899999856948853,1.3794000148773193,1.3799999952316284,8888,0.0,0.0
2024-06-13 12:30:00-04:00,1.3704999685287476,1.409999966621399,1.3700000047683716,1.409999966621399,12788,0.0,0.0
2024-06-13 13:30:00-04:00,1.4014999866485596,1.409999966621399,1.3799999952316284,1.409999966621399,43313,0.0,0.0
2024-06-13 14:30:00-04:00,1.399999976158142,1.4049999713897705,1.3949999809265137,1.399999976158142,6161,0.0,0.0
2024-06-13 15:30:00-04:00,1.3949999809265137,1.3949999809265137,1.3899999856948853,1.3899999856948853,8134,0.0,0.0
2024-06-14 09:30:00-04:00,1.350000023841858,1.38919997215271,1.340000033378601,1.3600000143051147,44136,0.0,0.0
2024-06-14 10:30:00-04:00,1.3600000143051147,1.3700000047683716,1.340000033378601,1.3489999771118164,14847,0.0,0.0
2024-06-14 11:30:00-04:00,1.340499997138977,1.350000023841858,1.340000033378601,1.350000023841858,8072,0.0,0.0
2024-06-14 12:30:00-04:00,1.3401000499725342,1.3450000286102295,1.3200000524520874,1.3200000524520874,40889,0.0,0.0
2024-06-14 13:30:00-04:00,1.3200000524520874,1.340000033378601,1.3200000524520874,1.3300000429153442,34745,0.0,0.0
2024-06-14 14:30:00-04:00,1.3207999467849731,1.340000033378601,1.3200000524520874,1.340000033378601,32691,0.0,0.0
2024-06-14 15:30:00-04:00,1.3350000381469727,1.340000033378601,1.309999942779541,1.309999942779541,41737,0.0,0.0
2024-06-17 09:30:00-04:00,1.3200000524520874,1.350000023841858,1.3200000524520874,1.3300000429153442,22049,0.0,0.0
2024-06-17 10:30:00-04:00,1.3300000429153442,1.3300000429153442,1.309999942779541,1.3200000524520874,17416,0.0,0.0
2024-06-17 11:30:00-04:00,1.3104000091552734,1.3200000524520874,1.309999942779541,1.3142000436782837,14783,0.0,0.0
2024-06-17 12:30:00-04:00,1.3193999528884888,1.3200000524520874,1.309999942779541,1.309999942779541,12428,0.0,0.0
2024-06-17 13:30:00-04:00,1.315000057220459,1.340000033378601,1.309999942779541,1.3301000595092773,28844,0.0,0.0
2024-06-17 14:30:00-04:00,1.350000023841858,1.350000023841858,1.3200000524520874,1.3300000429153442,4530,0.0,0.0
2024-06-17 15:30:00-04:00,1.3200000524520874,1.3300000429153442,1.315000057220459,1.3200000524520874,10990,0.0,0.0
2024-06-18 09:30:00-04:00,1.309999942779541,1.3300000429153442,1.309999942779541,1.3300000429153442,28469,0.0,0.0
2024-06-18 10:30:00-04:00,1.3200000524520874,1.340000033378601,1.309999942779541,1.3207000494003296,83871,0.0,0.0
2024-06-18 11:30:00-04:00,1.3200000524520874,1.3250000476837158,1.309999942779541,1.3200000524520874,18991,0.0,0.0
2024-06-18 12:30:00-04:00,1.3250000476837158,1.3300000429153442,1.309999942779541,1.315000057220459,20296,0.0,0.0
2024-06-18 13:30:00-04:00,1.315000057220459,1.3200000524520874,1.309999942779541,1.309999942779541,39610,0.0,0.0
2024-06-18 14:30:00-04:00,1.309999942779541,1.3200000524520874,1.309999942779541,1.309999942779541,17258,0.0,0.0
2024-06-18 15:30:00-04:00,1.309999942779541,1.3200000524520874,1.309999942779541,1.309999942779541,5686,0.0,0.0
2024-06-20 09:30:00-04:00,1.2999999523162842,1.340000033378601,1.2999999523162842,1.3350000381469727,111593,0.0,0.0
2024-06-20 10:30:00-04:00,1.3300000429153442,1.340000033378601,1.2999999523162842,1.2999999523162842,44385,0.0,0.0
2024-06-20 11:30:00-04:00,1.3049999475479126,1.315000057220459,1.2999999523162842,1.315000057220459,41617,0.0,0.0
2024-06-20 12:30:00-04:00,1.315000057220459,1.3200000524520874,1.309000015258789,1.309999942779541,17199,0.0,0.0
2024-06-20 13:30:00-04:00,1.315000057220459,1.3299000263214111,1.2999999523162842,1.3200000524520874,46510,0.0,0.0
2024-06-20 14:30:00-04:00,1.3250000476837158,1.340000033378601,1.309999942779541,1.309999942779541,26712,0.0,0.0
2024-06-20 15:30:00-04:00,1.309999942779541,1.3200000524520874,1.309999942779541,1.3200000524520874,9048,0.0,0.0
2024-06-21 09:30:00-04:00,1.3200000524520874,1.3450000286102295,1.309999942779541,1.339900016784668,32144,0.0,0.0
2024-06-21 10:30:00-04:00,1.3300000429153442,1.340000033378601,1.2999999523162842,1.309999942779541,24470,0.0,0.0
2024-06-21 11:30:00-04:00,1.2999999523162842,1.309999942779541,1.2599999904632568,1.2798999547958374,133210,0.0,0.0
2024-06-21 12:30:00-04:00,1.2599999904632568,1.2999999523162842,1.2599999904632568,1.2699999809265137,43056,0.0,0.0
2024-06-21 13:30:00-04:00,1.2699999809265137,1.284999966621399,1.2599999904632568,1.260699987411499,55134,0.0,0.0
2024-06-21 14:30:00-04:00,1.2599999904632568,1.2899999618530273,1.2599999904632568,1.2799999713897705,57436,0.0,0.0
2024-06-21 15:30:00-04:00,1.2799999713897705,1.309999942779541,1.2799999713897705,1.309999942779541,26418,0.0,0.0
2024-06-24 09:30:00-04:00,1.2799999713897705,1.3200000524520874,1.2699999809265137,1.274999976158142,106435,0.0,0.0
2024-06-24 10:30:00-04:00,1.2699999809265137,1.3300000429153442,1.2699999809265137,1.3200000524520874,79284,0.0,0.0
2024-06-24 11:30:00-04:00,1.3200000524520874,1.3300000429153442,1.2919000387191772,1.3250000476837158,34667,0.0,0.0
2024-06-24 12:30:00-04:00,1.3300000429153442,1.340000033378601,1.3250000476837158,1.3350000381469727,37131,0.0,0.0
2024-06-24 13:30:00-04:00,1.340000033378601,1.340000033378601,1.3300000429153442,1.340000033378601,22803,0.0,0.0
2024-06-24 14:30:00-04:00,1.340000033378601,1.3600000143051147,1.3300000429153442,1.3600000143051147,36852,0.0,0.0
2024-06-24 15:30:00-04:00,1.3600000143051147,1.3600000143051147,1.340000033378601,1.340000033378601,27876,0.0,0.0
2024-06-25 09:30:00-04:00,1.3700000047683716,1.375,1.3504999876022339,1.3700000047683716,51925,0.0,0.0
2024-06-25 10:30:00-04:00,1.378999948501587,1.4250999689102173,1.3700000047683716,1.409999966621399,39858,0.0,0.0
2024-06-25 11:30:00-04:00,1.409999966621399,1.4105000495910645,1.399999976158142,1.399999976158142,13169,0.0,0.0
2024-06-25 12:30:00-04:00,1.399999976158142,1.399999976158142,1.3300000429153442,1.340000033378601,38505,0.0,0.0
2024-06-25 13:30:00-04:00,1.340000033378601,1.3550000190734863,1.340000033378601,1.3450000286102295,17432,0.0,0.0
2024-06-25 14:30:00-04:00,1.340000033378601,1.350000023841858,1.340000033378601,1.340000033378601,16029,0.0,0.0
2024-06-25 15:30:00-04:00,1.3450000286102295,1.350000023841858,1.340000033378601,1.350000023841858,11335,0.0,0.0
2024-06-26 09:30:00-04:00,1.3200000524520874,1.3200000524520874,1.2899999618530273,1.2999999523162842,50799,0.0,0.0
2024-06-26 10:30:00-04:00,1.2999999523162842,1.309999942779541,1.2899999618530273,1.2949999570846558,29251,0.0,0.0
2024-06-26 11:30:00-04:00,1.2899999618530273,1.309999942779541,1.2899999618530273,1.2997000217437744,37239,0.0,0.0
2024-06-26 12:30:00-04:00,1.2899999618530273,1.309999942779541,1.2899999618530273,1.2899999618530273,31117,0.0,0.0
2024-06-26 13:30:00-04:00,1.2899999618530273,1.2999999523162842,1.2799999713897705,1.2799999713897705,47212,0.0,0.0
2024-06-26 14:30:00-04:00,1.284999966621399,1.2899999618530273,1.2599999904632568,1.2649999856948853,83277,0.0,0.0
2024-06-26 15:30:00-04:00,1.2649999856948853,1.2799999713897705,1.2599999904632568,1.2799999713897705,78215,0.0,0.0
2024-06-27 09:30:00-04:00,1.2799999713897705,1.340000033378601,1.2799999713897705,1.2999999523162842,25301,0.0,0.0
2024-06-27 10:30:00-04:00,1.2899999618530273,1.309999942779541,1.2899999618530273,1.2999999523162842,13930,0.0,0.0
2024-06-27 11:30:00-04:00,1.3049999475479126,1.309999942779541,1.2999999523162842,1.309999942779541,11855,0.0,0.0
2024-06-27 12:30:00-04:00,1.3049999475479126,1.3300000429153442,1.3049999475479126,1.3200000524520874,35209,0.0,0.0
2024-06-27 13:30:00-04:00,1.3200000524520874,1.3300000429153442,1.315000057220459,1.3200000524520874,15627,0.0,0.0
2024-06-27 14:30:00-04:00,1.3250000476837158,1.3300000429153442,1.3200000524520874,1.3200000524520874,28935,0.0,0.0
2024-06-27 15:30:00-04:00,1.3200000524520874,1.3799999952316284,1.315000057220459,1.3700000047683716,170665,0.0,0.0
2024-06-28 09:30:00-04:00,1.3899999856948853,1.3899999856948853,1.2999999523162842,1.2999999523162842,49712,0.0,0.0
2024-06-28 10:30:00-04:00,1.309999942779541,1.309999942779541,1.2799999713897705,1.2799999713897705,26969,0.0,0.0
2024-06-28 11:30:00-04:00,1.2799999713897705,1.309999942779541,1.2799999713897705,1.284999966621399,80703,0.0,0.0
2024-06-28 12:30:00-04:00,1.2799999713897705,1.2899999618530273,1.2699999809265137,1.2699999809265137,49243,0.0,0.0
2024-06-28 13:30:00-04:00,1.2699999809265137,1.2899999618530273,1.2699999809265137,1.274999976158142,27211,0.0,0.0
2024-06-28 14:30:00-04:00,1.2799999713897705,1.2799999713897705,1.2699999809265137,1.2799999713897705,17227,0.0,0.0
2024-06-28 15:30:00-04:00,1.274999976158142,1.309999942779541,1.2699999809265137,1.309999942779541,48579,0.0,0.0
2024-07-01 09:30:00-04:00,1.309999942779541,1.3200000524520874,1.3049999475479126,1.309999942779541,23080,0.0,0.0
2024-07-01 10:30:00-04:00,1.309999942779541,1.3200000524520874,1.309999942779541,1.309999942779541,6859,0.0,0.0
2024-07-01 11:30:00-04:00,1.309999942779541,1.3200000524520874,1.309999942779541,1.315000057220459,5103,0.0,0.0
2024-07-01 12:30:00-04:00,1.309999942779541,1.3199000358581543,1.309999942779541,1.3128999471664429,10449,0.0,0.0
2024-07-01 13:30:00-04:00,1.309999942779541,1.319200038909912,1.2899999618530273,1.2899999618530273,21937,0.0,0.0
2024-07-01 14:30:00-04:00,1.2899999618530273,1.2899999618530273,1.2599999904632568,1.2688000202178955,65766,0.0,0.0
2024-07-01 15:30:00-04:00,1.2649999856948853,1.2699999809265137,1.25,1.2599999904632568,66937,0.0,0.0
2024-07-02 09:30:00-04:00,1.25,1.2799999713897705,1.2200000286102295,1.225000023841858,144215,0.0,0.0
2024-07-02 10:30:00-04:00,1.2265000343322754,1.2300000190734863,1.2200000286102295,1.2300000190734863,22519,0.0,0.0
2024-07-02 11:30:00-04:00,1.229699969291687,1.2400000095367432,1.225000023841858,1.2300000190734863,54347,0.0,0.0
2024-07-02 12:30:00-04:00,1.2400000095367432,1.2400000095367432,1.2300000190734863,1.2300000190734863,22838,0.0,0.0
2024-07-02 13:30:00-04:00,1.2300000190734863,1.2400000095367432,1.2300000190734863,1.2300000190734863,18795,0.0,0.0
2024-07-02 14:30:00-04:00,1.2300000190734863,1.2400000095367432,1.2200000286102295,1.2200000286102295,15205,0.0,0.0
2024-07-02 15:30:00-04:00,1.225000023841858,1.2300000190734863,1.2200000286102295,1.2200000286102295,32219,0.0,0.0
2024-07-03 09:30:00-04:00,1.2999999523162842,1.309999942779541,1.2599999904632568,1.2899999618530273,111004,0.0,0.0
2024-07-03 10:30:00-04:00,1.2949999570846558,1.2949999570846558,1.2699999809265137,1.280500054359436,39121,0.0,0.0
2024-07-03 11:30:00-04:00,1.284999966621399,1.2999999523162842,1.2799999713897705,1.2899999618530273,13395,0.0,0.0
2024-07-05 09:30:00-04:00,1.2999999523162842,1.3049999475479126,1.2599999904632568,1.2649999856948853,78092,0.0,0.0
2024-07-05 10:30:00-04:00,1.2698999643325806,1.2999999523162842,1.2599999904632568,1.2949999570846558,37276,0.0,0.0
2024-07-05 11:30:00-04:00,1.2949999570846558,1.309999942779541,1.2899999618530273,1.309999942779541,16551,0.0,0.0
2024-07-05 12:30:00-04:00,1.3035000562667847,1.309999942779541,1.2999999523162842,1.309999942779541,6890,0.0,0.0
2024-07-05 13:30:00-04:00,1.309999942779541,1.309999942779541,1.2999999523162842,1.2999999523162842,19185,0.0,0.0
2024-07-05 14:30:00-04:00,1.3005000352859497,1.3049999475479126,1.2899999618530273,1.2899999618530273,17667,0.0,0.0
2024-07-05 15:30:00-04:00,1.2899999618530273,1.2999999523162842,1.2899999618530273,1.2899999618530273,12581,0.0,0.0
2024-07-08 09:30:00-04:00,1.3200000524520874,1.340000033378601,1.309999942779541,1.3350000381469727,81195,0.0,0.0
2024-07-08 10:30:00-04:00,1.3350000381469727,1.3600000143051147,1.2999999523162842,1.3394999504089355,64635,0.0,0.0
2024-07-08 11:30:00-04:00,1.3300000429153442,1.3300000429153442,1.2999999523162842,1.3049999475479126,22379,0.0,0.0
2024-07-08 12:30:00-04:00,1.3049999475479126,1.3200000524520874,1.3049999475479126,1.309999942779541,6952,0.0,0.0
2024-07-08 13:30:00-04:00,1.309999942779541,1.3200000524520874,1.309999942779541,1.309999942779541,7531,0.0,0.0
2024-07-08 14:30:00-04:00,1.3200000524520874,1.3200000524520874,1.2999999523162842,1.2999999523162842,14252,0.0,0.0
2024-07-08 15:30:00-04:00,1.2999999523162842,1.2999999523162842,1.2799999713897705,1.284999966621399,35916,0.0,0.0
2024-07-09 09:30:00-04:00,1.2799999713897705,1.3291000127792358,1.2799999713897705,1.2799999713897705,52136,0.0,0.0
2024-07-09 10:30:00-04:00,1.2799999713897705,1.2897000312805176,1.2599999904632568,1.2897000312805176,37353,0.0,0.0
2024-07-09 11:30:00-04:00,1.2899999618530273,1.3300000429153442,1.2899999618530273,1.3250000476837158,25679,0.0,0.0
2024-07-09 12:30:00-04:00,1.3300000429153442,1.3300000429153442,1.2899999618530273,1.2899999618530273,44132,0.0,0.0
2024-07-09 13:30:00-04:00,1.2899999618530273,1.2999999523162842,1.2799999713897705,1.2899999618530273,21701,0.0,0.0
2024-07-09 14:30:00-04:00,1.2999999523162842,1.2999999523162842,1.2899999618530273,1.2899999618530273,6643,0.0,0.0
2024-07-09 15:30:00-04:00,1.2999999523162842,1.2999999523162842,1.2899999618530273,1.2899999618530273,7331,0.0,0.0
2024-07-10 09:30:00-04:00,1.3200000524520874,1.3294999599456787,1.2998000383377075,1.2998000383377075,23539,0.0,0.0
2024-07-10 10:30:00-04:00,1.2899999618530273,1.2999999523162842,1.2899999618530273,1.2949999570846558,6341,0.0,0.0
2024-07-10 11:30:00-04:00,1.2949999570846558,1.3300000429153442,1.2949999570846558,1.3206000328063965,14122,0.0,0.0
2024-07-10 12:30:00-04:00,1.3250000476837158,1.3300000429153442,1.3200000524520874,1.320199966430664,10445,0.0,0.0
2024-07-10 13:30:00-04:00,1.3300000429153442,1.3300000429153442,1.3200000524520874,1.3200000524520874,12598,0.0,0.0
2024-07-10 14:30:00-04:00,1.3200000524520874,1.320099949836731,1.309999942779541,1.309999942779541,36845,0.0,0.0
2024-07-10 15:30:00-04:00,1.309999942779541,1.3200000524520874,1.2999999523162842,1.3009999990463257,9500,0.0,0.0
2024-07-11 09:30:00-04:00,1.3200000524520874,1.399999976158142,1.2949999570846558,1.3849999904632568,136929,0.0,0.0
2024-07-11 10:30:00-04:00,1.3899999856948853,1.434999942779541,1.3899999856948853,1.4049999713897705,156326,0.0,0.0
2024-07-11 11:30:00-04:00,1.399999976158142,1.409999966621399,1.3700000047683716,1.399999976158142,82380,0.0,0.0
2024-07-11 12:30:00-04:00,1.3899999856948853,1.4500000476837158,1.3899999856948853,1.4424999952316284,55296,0.0,0.0
2024-07-11 13:30:00-04:00,1.4499000310897827,1.4500000476837158,1.409999966621399,1.4299999475479126,81810,0.0,0.0
2024-07-11 14:30:00-04:00,1.4299999475479126,1.4299999475479126,1.4199999570846558,1.4199999570846558,26097,0.0,0.0
2024-07-11 15:30:00-04:00,1.4249999523162842,1.4299999475479126,1.4199999570846558,1.4199999570846558,37654,0.0,0.0
2024-07-12 09:30:00-04:00,1.4199999570846558,1.4249999523162842,1.3799999952316284,1.4199999570846558,47271,0.0,0.0
2024-07-12 10:30:00-04:00,1.4249999523162842,1.4494999647140503,1.4149999618530273,1.4249999523162842,57423,0.0,0.0
2024-07-12 11:30:00-04:00,1.4299999475479126,1.440000057220459,1.4199999570846558,1.4249999523162842,51699,0.0,0.0
2024-07-12 12:30:00-04:00,1.4249999523162842,1.4500000476837158,1.4221999645233154,1.4500000476837158,36610,0.0,0.0
2024-07-12 13:30:00-04:00,1.4500000476837158,1.4800000190734863,1.4500000476837158,1.4700000286102295,31218,0.0,0.0
2024-07-12 14:30:00-04:00,1.4605000019073486,1.4700000286102295,1.4500000476837158,1.4700000286102295,38608,0.0,0.0
2024-07-12 15:30:00-04:00,1.4700000286102295,1.5499999523162842,1.4500000476837158,1.5399999618530273,145689,0.0,0.0
2024-07-15 09:30:00-04:00,1.4800000190734863,1.4800000190734863,1.430999994277954,1.430999994277954,65367,0.0,0.0
2024-07-15 10:30:00-04:00,1.434999942779541,1.4500000476837158,1.4199999570846558,1.440000057220459,30288,0.0,0.0
2024-07-15 11:30:00-04:00,1.440000057220459,1.4500000476837158,1.4299999475479126,1.4299999475479126,77880,0.0,0.0
2024-07-15 12:30:00-04:00,1.434999942779541,1.4397000074386597,1.4199999570846558,1.4397000074386597,17148,0.0,0.0
2024-07-15 13:30:00-04:00,1.4399000406265259,1.440000057220459,1.4299999475479126,1.434999942779541,13304,0.0,0.0
2024-07-15 14:30:00-04:00,1.4299999475479126,1.4600000381469727,1.4299999475479126,1.4550000429153442,11853,0.0,0.0
2024-07-15 15:30:00-04:00,1.4550000429153442,1.465000033378601,1.440000057220459,1.440000057220459,39315,0.0,0.0
2024-07-16 09:30:00-04:00,1.4700000286102295,1.4800000190734863,1.440000057220459,1.4450000524520874,55383,0.0,0.0
2024-07-16 10:30:00-04:00,1.4404000043869019,1.4500000476837158,1.440000057220459,1.4500000476837158,12126,0.0,0.0
2024-07-16 11:30:00-04:00,1.4501999616622925,1.4900000095367432,1.4501999616622925,1.4800000190734863,33359,0.0,0.0
2024-07-16 12:30:00-04:00,1.4801000356674194,1.5,1.4700000286102295,1.5,100891,0.0,0.0
2024-07-16 13:30:00-04:00,1.5,1.5,1.4900000095367432,1.5,101484,0.0,0.0
2024-07-16 14:30:00-04:00,1.499500036239624,1.5,1.4900000095367432,1.5,73301,0.0,0.0
2024-07-16 15:30:00-04:00,1.5,1.5,1.4900000095367432,1.5,88990,0.0,0.0
2024-07-17 09:30:00-04:00,1.5,1.5199999809265137,1.4700000286102295,1.4700000286102295,60777,0.0,0.0
2024-07-17 10:30:00-04:00,1.475000023841858,1.4799000024795532,1.4550000429153442,1.4550000429153442,24793,0.0,0.0
2024-07-17 11:30:00-04:00,1.4500999450683594,1.4600000381469727,1.4500999450683594,1.4600000381469727,4947,0.0,0.0
2024-07-17 12:30:00-04:00,1.4550000429153442,1.4550000429153442,1.4049999713897705,1.409999966621399,103009,0.0,0.0
2024-07-17 13:30:00-04:00,1.4149999618530273,1.4800000190734863,1.4149999618530273,1.4700000286102295,25336,0.0,0.0
2024-07-17 14:30:00-04:00,1.4700000286102295,1.4900000095367432,1.465000033378601,1.4900000095367432,24017,0.0,0.0
2024-07-17 15:30:00-04:00,1.4900000095367432,1.5099999904632568,1.4800000190734863,1.4900000095367432,34416,0.0,0.0
2024-07-18 09:30:00-04:00,1.4900000095367432,1.5,1.4600000381469727,1.465000033378601,32293,0.0,0.0
2024-07-18 10:30:00-04:00,1.4600000381469727,1.4800000190734863,1.4420000314712524,1.4601000547409058,22550,0.0,0.0
2024-07-18 11:30:00-04:00,1.465000033378601,1.4700000286102295,1.4600000381469727,1.4609999656677246,5038,0.0,0.0
2024-07-18 12:30:00-04:00,1.4700000286102295,1.4900000095367432,1.4601000547409058,1.4800000190734863,11110,0.0,0.0
2024-07-18 13:30:00-04:00,1.475000023841858,1.4800000190734863,1.440000057220459,1.4500000476837158,12820,0.0,0.0
2024-07-18 14:30:00-04:00,1.4500000476837158,1.4500000476837158,1.440000057220459,1.4450000524520874,14055,0.0,0.0
2024-07-18 15:30:00-04:00,1.4500000476837158,1.4500000476837158,1.440000057220459,1.440000057220459,14643,0.0,0.0
2024-07-19 09:30:00-04:00,1.4299999475479126,1.4600000381469727,1.4299999475479126,1.4600000381469727,7346,0.0,0.0
2024-07-19 10:30:00-04:00,1.4550000429153442,1.4800000190734863,1.4500999450683594,1.4550000429153442,16390,0.0,0.0
2024-07-19 11:30:00-04:00,1.4507999420166016,1.4800000190734863,1.440000057220459,1.4800000190734863,14181,0.0,0.0
2024-07-19 12:30:00-04:00,1.4800000190734863,1.4800000190734863,1.4700000286102295,1.475000023841858,14034,0.0,0.0
2024-07-19 13:30:00-04:00,1.475000023841858,1.4800000190734863,1.4500000476837158,1.4571000337600708,8892,0.0,0.0
2024-07-19 14:30:00-04:00,1.4600000381469727,1.4600000381469727,1.4500000476837158,1.4600000381469727,8088,0.0,0.0
2024-07-19 15:30:00-04:00,1.4500000476837158,1.4550000429153442,1.440000057220459,1.4500000476837158,9118,0.0,0.0
2024-07-22 09:30:00-04:00,1.440000057220459,1.5199999809265137,1.4299999475479126,1.4950000047683716,171263,0.0,0.0
2024-07-22 10:30:00-04:00,1.5,1.5,1.4700000286102295,1.4950000047683716,48237,0.0,0.0
2024-07-22 11:30:00-04:00,1.4989999532699585,1.5199999809265137,1.4700000286102295,1.4700000286102295,41808,0.0,0.0
2024-07-22 12:30:00-04:00,1.4700000286102295,1.4900000095367432,1.4299999475479126,1.4600000381469727,86846,0.0,0.0
2024-07-22 13:30:00-04:00,1.4500000476837158,1.4900000095367432,1.4500000476837158,1.475000023841858,41750,0.0,0.0
2024-07-22 14:30:00-04:00,1.4699000120162964,1.4900000095367432,1.4299999475479126,1.4600000381469727,46467,0.0,0.0
2024-07-22 15:30:00-04:00,1.4600000381469727,1.4900000095367432,1.4500000476837158,1.4900000095367432,17538,0.0,0.0
2024-07-23 09:30:00-04:00,1.4800000190734863,1.4800000190734863,1.4299999475479126,1.4515999555587769,41234,0.0,0.0
2024-07-23 10:30:00-04:00,1.4500000476837158,1.4592000246047974,1.4299999475479126,1.4299999475479126,18048,0.0,0.0
2024-07-23 11:30:00-04:00,1.4500000476837158,1.4500000476837158,1.434999942779541,1.440000057220459,15152,0.0,0.0
2024-07-23 12:30:00-04:00,1.4391000270843506,1.440000057220459,1.4199999570846558,1.4239000082015991,34053,0.0,0.0
2024-07-23 13:30:00-04:00,1.4199999570846558,1.4397000074386597,1.4199999570846558,1.4282000064849854,54796,0.0,0.0
2024-07-23 14:30:00-04:00,1.426900029182434,1.4500000476837158,1.4199999570846558,1.440000057220459,12988,0.0,0.0
2024-07-23 15:30:00-04:00,1.4299999475479126,1.4299999475479126,1.399999976158142,1.399999976158142,59689,0.0,0.0
2024-07-24 09:30:00-04:00,1.3899999856948853,1.4500000476837158,1.350000023841858,1.3798999786376953,169465,0.0,0.0
2024-07-24 10:30:00-04:00,1.350000023841858,1.4500000476837158,1.340000033378601,1.4199999570846558,127774,0.0,0.0
2024-07-24 11:30:00-04:00,1.4199999570846558,1.4299999475479126,1.4199999570846558,1.4299999475479126,6131,0.0,0.0
2024-07-24 12:30:00-04:00,1.4299999475479126,1.4299999475479126,1.3799999952316284,1.3799999952316284,27124,0.0,0.0
2024-07-24 13:30:00-04:00,1.3799999952316284,1.399999976158142,1.3700000047683716,1.399999976158142,9697,0.0,0.0
2024-07-24 14:30:00-04:00,1.3899999856948853,1.399999976158142,1.3700000047683716,1.3899999856948853,39872,0.0,0.0
2024-07-24 15:30:00-04:00,1.3799999952316284,1.3799999952316284,1.3700000047683716,1.3799999952316284,7136,0.0,0.0
2024-07-25 09:30:00-04:00,1.3700000047683716,1.399999976158142,1.3700000047683716,1.399999976158142,44735,0.0,0.0
2024-07-25 10:30:00-04:00,1.3899999856948853,1.399999976158142,1.3899999856948853,1.399999976158142,6314,0.0,0.0
2024-07-25 11:30:00-04:00,1.3949999809265137,1.409999966621399,1.3910000324249268,1.409999966621399,3655,0.0,0.0
2024-07-25 12:30:00-04:00,1.409999966621399,1.440000057220459,1.409999966621399,1.4149999618530273,14045,0.0,0.0
2024-07-25 13:30:00-04:00,1.4149999618530273,1.440000057220459,1.4149999618530273,1.4299999475479126,11934,0.0,0.0
2024-07-25 14:30:00-04:00,1.440000057220459,1.440000057220459,1.409999966621399,1.409999966621399,11394,0.0,0.0
2024-07-25 15:30:00-04:00,1.409999966621399,1.440000057220459,1.409999966621399,1.440000057220459,57232,0.0,0.0
2024-07-26 09:30:00-04:00,1.4500000476837158,1.479599952697754,1.4299999475479126,1.440000057220459,55171,0.0,0.0
2024-07-26 10:30:00-04:00,1.440000057220459,1.4500000476837158,1.399999976158142,1.4299999475479126,110629,0.0,0.0
2024-07-26 11:30:00-04:00,1.4299999475479126,1.4299999475479126,1.4199999570846558,1.4249999523162842,8967,0.0,0.0
2024-07-26 12:30:00-04:00,1.4249999523162842,1.440000057220459,1.4199999570846558,1.431399941444397,5688,0.0,0.0
2024-07-26 13:30:00-04:00,1.4299999475479126,1.4500000476837158,1.4299999475479126,1.4400999546051025,5395,0.0,0.0
2024-07-26 14:30:00-04:00,1.4401999711990356,1.4500000476837158,1.4199999570846558,1.4199999570846558,17969,0.0,0.0
2024-07-26 15:30:00-04:00,1.4199999570846558,1.4364999532699585,1.4199999570846558,1.4299999475479126,9236,0.0,0.0
2024-07-29 09:30:00-04:00,1.4900000095367432,1.4900000095367432,1.4199999570846558,1.434999942779541,24243,0.0,0.0
2024-07-29 10:30:00-04:00,1.434999942779541,1.440000057220459,1.4049999713897705,1.4149999618530273,12429,0.0,0.0
2024-07-29 11:30:00-04:00,1.4149999618530273,1.4700000286102295,1.3799999952316284,1.3949999809265137,180764,0.0,0.0
2024-07-29 12:30:00-04:00,1.3949999809265137,1.4199999570846558,1.3899999856948853,1.409999966621399,20396,0.0,0.0
2024-07-29 13:30:00-04:00,1.4149999618530273,1.4199999570846558,1.409999966621399,1.4149999618530273,3858,0.0,0.0
2024-07-29 14:30:00-04:00,1.4149999618530273,1.4500000476837158,1.409999966621399,1.4500000476837158,27437,0.0,0.0
2024-07-29 15:30:00-04:00,1.4500000476837158,1.6200000047683716,1.4500000476837158,1.590000033378601,352221,0.0,0.0
2024-07-30 09:30:00-04:00,1.5800000429153442,1.6399999856948853,1.5800000429153442,1.600000023841858,174568,0.0,0.0
2024-07-30 10:30:00-04:00,1.600000023841858,1.6100000143051147,1.5099999904632568,1.5199999809265137,88822,0.0,0.0
2024-07-30 11:30:00-04:00,1.5293999910354614,1.5295000076293945,1.5,1.5049999952316284,26766,0.0,0.0
2024-07-30 12:30:00-04:00,1.5099999904632568,1.5099999904632568,1.4500000476837158,1.4550000429153442,41676,0.0,0.0
2024-07-30 13:30:00-04:00,1.4600000381469727,1.4950000047683716,1.4500000476837158,1.4950000047683716,41010,0.0,0.0
2024-07-30 14:30:00-04:00,1.5,1.5,1.4700000286102295,1.4900000095367432,10592,0.0,0.0
2024-07-30 15:30:00-04:00,1.4800000190734863,1.5199999809265137,1.4700000286102295,1.4700000286102295,41693,0.0,0.0
2024-07-31 09:30:00-04:00,1.600000023841858,1.6399999856948853,1.5,1.5693999528884888,417855,0.0,0.0
2024-07-31 10:30:00-04:00,1.559999942779541,1.600000023841858,1.5399999618530273,1.5800000429153442,88797,0.0,0.0
2024-07-31 11:30:00-04:00,1.5750000476837158,1.5750000476837158,1.5449999570846558,1.5499999523162842,64707,0.0,0.0
2024-07-31 12:30:00-04:00,1.5499999523162842,1.5850000381469727,1.5199999809265137,1.5800000429153442,89559,0.0,0.0
2024-07-31 13:30:00-04:00,1.5800000429153442,1.5850000381469727,1.559999942779541,1.559999942779541,26144,0.0,0.0
2024-07-31 14:30:00-04:00,1.565000057220459,1.6299999952316284,1.559999942779541,1.590000033378601,114365,0.0,0.0
2024-07-31 15:30:00-04:00,1.590000033378601,1.590000033378601,1.559999942779541,1.5700000524520874,118973,0.0,0.0
2024-08-01 09:30:00-04:00,1.5700000524520874,1.6399999856948853,1.4500000476837158,1.5099999904632568,348676,0.0,0.0
2024-08-01 10:30:00-04:00,1.5199999809265137,1.5399999618530273,1.4850000143051147,1.5149999856948853,101384,0.0,0.0
2024-08-01 11:30:00-04:00,1.5199999809265137,1.5199999809265137,1.4900000095367432,1.5115000009536743,20882,0.0,0.0
2024-08-01 12:30:00-04:00,1.5121999979019165,1.5149999856948853,1.4800000190734863,1.4850000143051147,16778,0.0,0.0
2024-08-01 13:30:00-04:00,1.4850000143051147,1.4850000143051147,1.4700000286102295,1.4800000190734863,37349,0.0,0.0
2024-08-01 14:30:00-04:00,1.475000023841858,1.4800000190734863,1.4700000286102295,1.4713000059127808,18146,0.0,0.0
2024-08-01 15:30:00-04:00,1.4701000452041626,1.4800000190734863,1.4600000381469727,1.4600000381469727,60836,0.0,0.0
2024-08-02 09:30:00-04:00,1.4299999475479126,1.4600000381469727,1.4199999570846558,1.4600000381469727,116075,0.0,0.0
2024-08-02 10:30:00-04:00,1.4500999450683594,1.4800000190734863,1.4500000476837158,1.4637000560760498,21493,0.0,0.0
2024-08-02 11:30:00-04:00,1.4600000381469727,1.465000033378601,1.4500000476837158,1.4594999551773071,20995,0.0,0.0
2024-08-02 12:30:00-04:00,1.4550000429153442,1.4600000381469727,1.4500000476837158,1.4550000429153442,23539,0.0,0.0
2024-08-02 13:30:00-04:00,1.4550000429153442,1.4600000381469727,1.4500000476837158,1.4600000381469727,6807,0.0,0.0
2024-08-02 14:30:00-04:00,1.4550000429153442,1.4600000381469727,1.4500000476837158,1.4500000476837158,29800,0.0,0.0
2024-08-02 15:30:00-04:00,1.4550000429153442,1.4600000381469727,1.4500000476837158,1.4500000476837158,33148,0.0,0.0
2024-08-05 09:30:00-04:00,1.350000023841858,1.3799999952316284,1.3200000524520874,1.375,159685,0.0,0.0
2024-08-05 10:30:00-04:00,1.375,1.399999976158142,1.3707000017166138,1.3949999809265137,84659,0.0,0.0
2024-08-05 11:30:00-04:00,1.3949999809265137,1.399999976158142,1.3899999856948853,1.3949999809265137,18646,0.0,0.0
2024-08-05 12:30:00-04:00,1.3912999629974365,1.399999976158142,1.3899999856948853,1.3949999809265137,21724,0.0,0.0
2024-08-05 13:30:00-04:00,1.399999976158142,1.399999976158142,1.3806999921798706,1.3806999921798706,33191,0.0,0.0
2024-08-05 14:30:00-04:00,1.3802000284194946,1.3899999856948853,1.3700000047683716,1.375,26653,0.0,0.0
2024-08-05 15:30:00-04:00,1.3707000017166138,1.4900000095367432,1.3700000047683716,1.4700000286102295,165544,0.0,0.0
2024-08-06 09:30:00-04:00,1.409999966621399,1.440000057220459,1.350000023841858,1.3700000047683716,167471,0.0,0.0
2024-08-06 10:30:00-04:00,1.3799999952316284,1.3799999952316284,1.350000023841858,1.3600000143051147,50092,0.0,0.0
2024-08-06 11:30:00-04:00,1.3600000143051147,1.3799999952316284,1.3600000143051147,1.3799999952316284,23488,0.0,0.0
2024-08-06 12:30:00-04:00,1.3708000183105469,1.3899999856948853,1.3700000047683716,1.3897000551223755,30620,0.0,0.0
2024-08-06 13:30:00-04:00,1.3898999691009521,1.3899999856948853,1.3799999952316284,1.3849999904632568,10078,0.0,0.0
2024-08-06 14:30:00-04:00,1.3849999904632568,1.3899999856948853,1.3799999952316284,1.3849999904632568,15746,0.0,0.0
2024-08-06 15:30:00-04:00,1.3801000118255615,1.3899999856948853,1.3799999952316284,1.3799999952316284,15182,0.0,0.0
2024-08-07 09:30:00-04:00,1.399999976158142,1.399999976158142,1.3799999952316284,1.399999976158142,40811,0.0,0.0
2024-08-07 10:30:00-04:00,1.3902000188827515,1.3949999809265137,1.3799999952316284,1.3799999952316284,7082,0.0,0.0
2024-08-07 11:30:00-04:00,1.3799999952316284,1.3899999856948853,1.350000023841858,1.3600000143051147,87187,0.0,0.0
2024-08-07 12:30:00-04:00,1.3600000143051147,1.3650000095367432,1.350000023841858,1.350000023841858,21276,0.0,0.0
2024-08-07 13:30:00-04:00,1.3600000143051147,1.3600000143051147,1.350000023841858,1.350000023841858,15871,0.0,0.0
2024-08-07 14:30:00-04:00,1.3550000190734863,1.3550000190734863,1.3300000429153442,1.3300000429153442,91707,0.0,0.0
2024-08-07 15:30:00-04:00,1.3350000381469727,1.3350000381469727,1.25,1.2599999904632568,167553,0.0,0.0
2024-08-08 09:30:00-04:00,1.3200000524520874,1.3300000429153442,1.2799999713897705,1.2799999713897705,101134,0.0,0.0
2024-08-08 10:30:00-04:00,1.2898999452590942,1.309999942779541,1.2699999809265137,1.2999999523162842,58774,0.0,0.0
2024-08-08 11:30:00-04:00,1.301800012588501,1.340000033378601,1.2999999523162842,1.3300000429153442,70614,0.0,0.0
2024-08-08 12:30:00-04:00,1.3300000429153442,1.350000023841858,1.3200000524520874,1.3200000524520874,69609,0.0,0.0
2024-08-08 13:30:00-04:00,1.3200000524520874,1.3300000429153442,1.309999942779541,1.309999942779541,20795,0.0,0.0
2024-08-08 14:30:00-04:00,1.315000057220459,1.340000033378601,1.309999942779541,1.340000033378601,40305,0.0,0.0
2024-08-08 15:30:00-04:00,1.340000033378601,1.3799999952316284,1.3350000381469727,1.3700000047683716,76499,0.0,0.0
2024-08-09 09:30:00-04:00,1.340000033378601,1.3799999952316284,1.3200000524520874,1.340000033378601,60907,0.0,0.0
2024-08-09 10:30:00-04:00,1.340000033378601,1.340000033378601,1.3300000429153442,1.3300000429153442,10855,0.0,0.0
2024-08-09 11:30:00-04:00,1.3306000232696533,1.3306000232696533,1.2899999618530273,1.2899999618530273,36838,0.0,0.0
2024-08-09 12:30:00-04:00,1.2899999618530273,1.340000033378601,1.2899999618530273,1.340000033378601,61312,0.0,0.0
2024-08-09 13:30:00-04:00,1.3300000429153442,1.3324999809265137,1.2999999523162842,1.3049999475479126,24680,0.0,0.0
2024-08-09 14:30:00-04:00,1.2999999523162842,1.309999942779541,1.2899999618530273,1.2999999523162842,21001,0.0,0.0
2024-08-09 15:30:00-04:00,1.2999999523162842,1.3049999475479126,1.2899999618530273,1.2899999618530273,36432,0.0,0.0
2024-08-12 09:30:00-04:00,1.3200000524520874,1.3200000524520874,1.2799999713897705,1.2799999713897705,42672,0.0,0.0
2024-08-12 10:30:00-04:00,1.284999966621399,1.2999999523162842,1.2799999713897705,1.2899999618530273,27235,0.0,0.0
2024-08-12 11:30:00-04:00,1.2899999618530273,1.2999999523162842,1.2699999809265137,1.2699999809265137,32022,0.0,0.0
2024-08-12 12:30:00-04:00,1.2699999809265137,1.3300000429153442,1.2699999809265137,1.2699999809265137,84753,0.0,0.0
2024-08-12 13:30:00-04:00,1.2699999809265137,1.2899999618530273,1.2599999904632568,1.2699999809265137,34706,0.0,0.0
2024-08-12 14:30:00-04:00,1.2699999809265137,1.2799999713897705,1.2699999809265137,1.2699999809265137,32079,0.0,0.0
2024-08-12 15:30:00-04:00,1.2699999809265137,1.2898999452590942,1.2699999809265137,1.2699999809265137,69121,0.0,0.0
2024-08-13 09:30:00-04:00,1.2899999618530273,1.3200000524520874,1.2899999618530273,1.315000057220459,14338,0.0,0.0
2024-08-13 10:30:00-04:00,1.3135000467300415,1.3200000524520874,1.309999942779541,1.312399983406067,15030,0.0,0.0
2024-08-13 11:30:00-04:00,1.3200000524520874,1.419800043106079,1.319000005722046,1.409999966621399,290148,0.0,0.0
2024-08-13 12:30:00-04:00,1.4049999713897705,1.4249999523162842,1.399999976158142,1.409999966621399,89114,0.0,0.0
2024-08-13 13:30:00-04:00,1.410099983215332,1.4199999570846558,1.3799999952316284,1.3867000341415405,48434,0.0,0.0
2024-08-13 14:30:00-04:00,1.3849999904632568,1.399999976158142,1.3799999952316284,1.3949999809265137,48207,0.0,0.0
2024-08-13 15:30:00-04:00,1.399999976158142,1.440000057220459,1.399999976158142,1.440000057220459,73250,0.0,0.0
2024-08-14 09:30:00-04:00,1.409999966621399,1.4299999475479126,1.3600000143051147,1.3700000047683716,47599,0.0,0.0
2024-08-14 10:30:00-04:00,1.3799999952316284,1.4199999570846558,1.3600000143051147,1.4199999570846558,17036,0.0,0.0
2024-08-14 11:30:00-04:00,1.4198999404907227,1.440000057220459,1.4127000570297241,1.4299999475479126,29195,0.0,0.0
2024-08-14 12:30:00-04:00,1.4249999523162842,1.4299999475479126,1.409999966621399,1.409999966621399,14780,0.0,0.0
2024-08-14 13:30:00-04:00,1.4199999570846558,1.4199999570846558,1.3899999856948853,1.399999976158142,14282,0.0,0.0
2024-08-14 14:30:00-04:00,1.399999976158142,1.399999976158142,1.340000033378601,1.3420000076293945,74293,0.0,0.0
2024-08-14 15:30:00-04:00,1.340000033378601,1.350000023841858,1.309999942779541,1.309999942779541,85023,0.0,0.0
2024-08-15 09:30:00-04:00,1.3300000429153442,1.3700000047683716,1.3300000429153442,1.350000023841858,34317,0.0,0.0
2024-08-15 10:30:00-04:00,1.3600000143051147,1.3600000143051147,1.350000023841858,1.350000023841858,15934,0.0,0.0
2024-08-15 11:30:00-04:00,1.350000023841858,1.3600000143051147,1.340000033378601,1.340000033378601,8255,0.0,0.0
2024-08-15 12:30:00-04:00,1.340000033378601,1.3600000143051147,1.3300000429153442,1.3450000286102295,27537,0.0,0.0
2024-08-15 13:30:00-04:00,1.340000033378601,1.3450000286102295,1.3250000476837158,1.3250000476837158,48152,0.0,0.0
2024-08-15 14:30:00-04:00,1.3250000476837158,1.3600000143051147,1.3250000476837158,1.340000033378601,14842,0.0,0.0
2024-08-15 15:30:00-04:00,1.3450000286102295,1.3600000143051147,1.340000033378601,1.350000023841858,52904,0.0,0.0
2024-08-16 09:30:00-04:00,1.3600000143051147,1.440000057220459,1.3600000143051147,1.4199999570846558,99916,0.0,0.0
2024-08-16 10:30:00-04:00,1.4149999618530273,1.4199999570846558,1.3899999856948853,1.4049999713897705,25388,0.0,0.0
2024-08-16 11:30:00-04:00,1.4032000303268433,1.4199999570846558,1.399999976158142,1.4149999618530273,36744,0.0,0.0
2024-08-16 12:30:00-04:00,1.4149999618530273,1.4800000190734863,1.4106999635696411,1.4400999546051025,164929,0.0,0.0
2024-08-16 13:30:00-04:00,1.4500000476837158,1.4700000286102295,1.4500000476837158,1.4550000429153442,53490,0.0,0.0
2024-08-16 14:30:00-04:00,1.4599000215530396,1.4600000381469727,1.440000057220459,1.440000057220459,29283,0.0,0.0
2024-08-16 15:30:00-04:00,1.440000057220459,1.4800000190734863,1.4199999570846558,1.4800000190734863,54305,0.0,0.0
2024-08-19 09:30:00-04:00,1.4600000381469727,1.5,1.4600000381469727,1.4901000261306763,82151,0.0,0.0
2024-08-19 10:30:00-04:00,1.497499942779541,1.5299999713897705,1.4900000095367432,1.5200999975204468,31517,0.0,0.0
2024-08-19 11:30:00-04:00,1.524999976158142,1.5299999713897705,1.5,1.51010000705719,40819,0.0,0.0
2024-08-19 12:30:00-04:00,1.5149999856948853,1.5149999856948853,1.4909000396728516,1.4950000047683716,33399,0.0,0.0
2024-08-19 13:30:00-04:00,1.5,1.5149999856948853,1.4900000095367432,1.5098999738693237,40662,0.0,0.0
2024-08-19 14:30:00-04:00,1.5049999952316284,1.5049999952316284,1.4800000190734863,1.4950000047683716,24487,0.0,0.0
2024-08-19 15:30:00-04:00,1.4901000261306763,1.5,1.4900000095367432,1.4900000095367432,36265,0.0,0.0
2024-08-20 09:30:00-04:00,1.5199999809265137,1.5399999618530273,1.4800000190734863,1.4800000190734863,39591,0.0,0.0
2024-08-20 10:30:00-04:00,1.4819999933242798,1.4900000095367432,1.4800000190734863,1.4900000095367432,8713,0.0,0.0
2024-08-20 11:30:00-04:00,1.4850000143051147,1.5299999713897705,1.4800000190734863,1.5149999856948853,26236,0.0,0.0
2024-08-20 12:30:00-04:00,1.5175000429153442,1.524999976158142,1.5,1.5099999904632568,24161,0.0,0.0
2024-08-20 13:30:00-04:00,1.5099999904632568,1.5099999904632568,1.4900000095367432,1.5099999904632568,19057,0.0,0.0
2024-08-20 14:30:00-04:00,1.5199999809265137,1.5299999713897705,1.5199999809265137,1.5299999713897705,11146,0.0,0.0
2024-08-20 15:30:00-04:00,1.5299999713897705,1.5399999618530273,1.5210000276565552,1.5399999618530273,18147,0.0,0.0
2024-08-21 09:30:00-04:00,1.5199999809265137,1.5299999713897705,1.4900000095367432,1.5298999547958374,23218,0.0,0.0
2024-08-21 10:30:00-04:00,1.5299999713897705,1.565000057220459,1.5200999975204468,1.565000057220459,35589,0.0,0.0
2024-08-21 11:30:00-04:00,1.5700000524520874,1.5800000429153442,1.5499999523162842,1.5592000484466553,24277,0.0,0.0
2024-08-21 12:30:00-04:00,1.5592000484466553,1.5700000524520874,1.5499999523162842,1.565000057220459,6602,0.0,0.0
2024-08-21 13:30:00-04:00,1.5700000524520874,1.5800000429153442,1.559999942779541,1.5706000328063965,22971,0.0,0.0
2024-08-21 14:30:00-04:00,1.5800000429153442,1.590000033378601,1.559999942779541,1.5700000524520874,30865,0.0,0.0
2024-08-21 15:30:00-04:00,1.5700000524520874,1.5700000524520874,1.5399999618530273,1.5499999523162842,17934,0.0,0.0
2024-08-22 09:30:00-04:00,1.5099999904632568,1.5382000207901,1.4900000095367432,1.5099999904632568,28244,0.0,0.0
2024-08-22 10:30:00-04:00,1.5049999952316284,1.5099999904632568,1.5,1.5049999952316284,10799,0.0,0.0
2024-08-22 11:30:00-04:00,1.5049999952316284,1.5099999904632568,1.5,1.5049999952316284,11823,0.0,0.0
2024-08-22 12:30:00-04:00,1.5,1.5099999904632568,1.4900000095367432,1.4900000095367432,8608,0.0,0.0
2024-08-22 13:30:00-04:00,1.4900000095367432,1.5,1.4900000095367432,1.5,11403,0.0,0.0
2024-08-22 14:30:00-04:00,1.4950000047683716,1.5049999952316284,1.4800000190734863,1.5049999952316284,24468,0.0,0.0
2024-08-22 15:30:00-04:00,1.5049999952316284,1.5099999904632568,1.4800000190734863,1.4900000095367432,22739,0.0,0.0
2024-08-23 09:30:00-04:00,1.4900000095367432,1.5800000429153442,1.4900000095367432,1.5800000429153442,34682,0.0,0.0
2024-08-23 10:30:00-04:00,1.5750000476837158,1.590000033378601,1.559999942779541,1.5700000524520874,45019,0.0,0.0
2024-08-23 11:30:00-04:00,1.5700000524520874,1.5700000524520874,1.5199999809265137,1.5700000524520874,33856,0.0,0.0
2024-08-23 12:30:00-04:00,1.5700000524520874,1.5700000524520874,1.534999966621399,1.5700000524520874,64937,0.0,0.0
2024-08-23 13:30:00-04:00,1.5700000524520874,1.5700000524520874,1.5549999475479126,1.5700000524520874,16734,0.0,0.0
2024-08-23 14:30:00-04:00,1.565000057220459,1.5700000524520874,1.5499999523162842,1.5549999475479126,24694,0.0,0.0
2024-08-23 15:30:00-04:00,1.5549999475479126,1.5700000524520874,1.5549999475479126,1.5700000524520874,56188,0.0,0.0
2024-08-26 09:30:00-04:00,1.559999942779541,1.5800000429153442,1.5299999713897705,1.5800000429153442,25750,0.0,0.0
2024-08-26 10:30:00-04:00,1.5700000524520874,1.5700000524520874,1.5199999809265137,1.5499999523162842,62393,0.0,0.0
2024-08-26 11:30:00-04:00,1.5499999523162842,1.5499999523162842,1.5199999809265137,1.5299999713897705,7840,0.0,0.0
2024-08-26 12:30:00-04:00,1.5221999883651733,1.5221999883651733,1.4900000095367432,1.5099999904632568,46370,0.0,0.0
2024-08-26 13:30:00-04:00,1.5,1.5099999904632568,1.4600000381469727,1.5,67216,0.0,0.0
2024-08-26 14:30:00-04:00,1.5,1.5,1.4700000286102295,1.5,45961,0.0,0.0
2024-08-26 15:30:00-04:00,1.4900000095367432,1.5,1.4600000381469727,1.4700000286102295,61635,0.0,0.0
2024-08-27 09:30:00-04:00,1.4500000476837158,1.4900000095367432,1.3899999856948853,1.4800000190734863,131937,0.0,0.0
2024-08-27 10:30:00-04:00,1.4800000190734863,1.4900000095367432,1.4299999475479126,1.4299999475479126,13986,0.0,0.0
2024-08-27 11:30:00-04:00,1.4299999475479126,1.440000057220459,1.4199999570846558,1.440000057220459,37349,0.0,0.0
2024-08-27 12:30:00-04:00,1.434999942779541,1.4500000476837158,1.4199999570846558,1.4500000476837158,29078,0.0,0.0
2024-08-27 13:30:00-04:00,1.4450000524520874,1.4500000476837158,1.4199999570846558,1.4299999475479126,20430,0.0,0.0
2024-08-27 14:30:00-04:00,1.4249999523162842,1.4299999475479126,1.409999966621399,1.4149999618530273,22970,0.0,0.0
2024-08-27 15:30:00-04:00,1.409999966621399,1.4500000476837158,1.399999976158142,1.4500000476837158,44621,0.0,0.0
2024-08-28 09:30:00-04:00,1.399999976158142,1.4500000476837158,1.399999976158142,1.434999942779541,25440,0.0,0.0
2024-08-28 10:30:00-04:00,1.434999942779541,1.5,1.434999942779541,1.4701000452041626,67285,0.0,0.0
2024-08-28 11:30:00-04:00,1.4700000286102295,1.4700000286102295,1.4500000476837158,1.4600000381469727,10084,0.0,0.0
2024-08-28 12:30:00-04:00,1.4600000381469727,1.4600000381469727,1.4500000476837158,1.4600000381469727,3401,0.0,0.0
2024-08-28 13:30:00-04:00,1.4550000429153442,1.4600000381469727,1.4500000476837158,1.4509999752044678,6262,0.0,0.0
2024-08-28 14:30:00-04:00,1.4600000381469727,1.4600000381469727,1.4401999711990356,1.4500000476837158,21959,0.0,0.0
2024-08-28 15:30:00-04:00,1.4450000524520874,1.4450000524520874,1.399999976158142,1.399999976158142,52745,0.0,0.0
2024-08-29 09:30:00-04:00,1.399999976158142,1.4299999475479126,1.399999976158142,1.4299999475479126,18661,0.0,0.0
2024-08-29 10:30:00-04:00,1.4299999475479126,1.440000057220459,1.4199999570846558,1.4249999523162842,17107,0.0,0.0
2024-08-29 11:30:00-04:00,1.4299999475479126,1.440000057220459,1.4299999475479126,1.440000057220459,10777,0.0,0.0
2024-08-29 12:30:00-04:00,1.4450000524520874,1.4500000476837158,1.3901000022888184,1.399999976158142,80236,0.0,0.0
2024-08-29 13:30:00-04:00,1.3949999809265137,1.409999966621399,1.3899999856948853,1.3901000022888184,34296,0.0,0.0
2024-08-29 14:30:00-04:00,1.3899999856948853,1.409999966621399,1.3600000143051147,1.399999976158142,90492,0.0,0.0
2024-08-29 15:30:00-04:00,1.409999966621399,1.4199999570846558,1.3799999952316284,1.4104000329971313,48194,0.0,0.0
2024-08-30 09:30:00-04:00,1.3700000047683716,1.4299999475479126,1.3600000143051147,1.4199999570846558,71754,0.0,0.0
2024-08-30 10:30:00-04:00,1.409999966621399,1.4190000295639038,1.382200002670288,1.3899999856948853,14709,0.0,0.0
2024-08-30 11:30:00-04:00,1.3849999904632568,1.399999976158142,1.3799999952316284,1.399999976158142,11441,0.0,0.0
2024-08-30 12:30:00-04:00,1.399999976158142,1.399999976158142,1.3899999856948853,1.3949999809265137,2913,0.0,0.0
2024-08-30 13:30:00-04:00,1.399999976158142,1.409999966621399,1.3899999856948853,1.3949999809265137,27676,0.0,0.0
2024-08-30 14:30:00-04:00,1.399999976158142,1.409999966621399,1.3899999856948853,1.4049999713897705,20296,0.0,0.0
2024-08-30 15:30:00-04:00,1.4049999713897705,1.409999966621399,1.3600000143051147,1.3600000143051147,140739,0.0,0.0
2024-09-03 09:30:00-04:00,1.350000023841858,1.350000023841858,1.309999942779541,1.340000033378601,161863,0.0,0.0
2024-09-03 10:30:00-04:00,1.340000033378601,1.340000033378601,1.3300000429153442,1.3350000381469727,37440,0.0,0.0
2024-09-03 11:30:00-04:00,1.340000033378601,1.340000033378601,1.3300000429153442,1.3300000429153442,34559,0.0,0.0
2024-09-03 12:30:00-04:00,1.3300000429153442,1.340000033378601,1.3300000429153442,1.340000033378601,13948,0.0,0.0
2024-09-03 13:30:00-04:00,1.3350000381469727,1.340000033378601,1.3300000429153442,1.3300000429153442,28776,0.0,0.0
2024-09-03 14:30:00-04:00,1.3300000429153442,1.340000033378601,1.3300000429153442,1.340000033378601,15527,0.0,0.0
2024-09-03 15:30:00-04:00,1.3300000429153442,1.3379000425338745,1.309999942779541,1.309999942779541,48494,0.0,0.0
2024-09-04 09:30:00-04:00,1.309999942779541,1.3200000524520874,1.2999999523162842,1.3049999475479126,84603,0.0,0.0
2024-09-04 10:30:00-04:00,1.3049999475479126,1.309999942779541,1.2799999713897705,1.2891000509262085,96111,0.0,0.0
2024-09-04 11:30:00-04:00,1.2899999618530273,1.309999942779541,1.284999966621399,1.2999999523162842,41568,0.0,0.0
2024-09-04 12:30:00-04:00,1.2999999523162842,1.3200000524520874,1.2899999618530273,1.2949999570846558,59635,0.0,0.0
2024-09-04 13:30:00-04:00,1.2899999618530273,1.2998000383377075,1.2799999713897705,1.2799999713897705,66589,0.0,0.0
2024-09-04 14:30:00-04:00,1.284999966621399,1.2898999452590942,1.2799999713897705,1.2799999713897705,22104,0.0,0.0
2024-09-04 15:30:00-04:00,1.2799999713897705,1.284999966621399,1.2599999904632568,1.2599999904632568,44125,0.0,0.0
2024-09-05 09:30:00-04:00,1.2799999713897705,1.3300000429153442,1.2699999809265137,1.284999966621399,80241,0.0,0.0
2024-09-05 10:30:00-04:00,1.2882000207901,1.2882000207901,1.2699999809265137,1.274999976158142,34979,0.0,0.0
2024-09-05 11:30:00-04:00,1.2799999713897705,1.2799999713897705,1.2699999809265137,1.274999976158142,18491,0.0,0.0
2024-09-05 12:30:00-04:00,1.274999976158142,1.2799999713897705,1.2699999809265137,1.274999976158142,7947,0.0,0.0
2024-09-05 13:30:00-04:00,1.274999976158142,1.2899999618530273,1.274999976158142,1.2799999713897705,30806,0.0,0.0
2024-09-05 14:30:00-04:00,1.284999966621399,1.2899999618530273,1.2599999904632568,1.2649999856948853,111820,0.0,0.0
2024-09-05 15:30:00-04:00,1.2649999856948853,1.2790000438690186,1.2599999904632568,1.2599999904632568,40291,0.0,0.0
2024-09-06 09:30:00-04:00,1.2899999618530273,1.2899999618530273,1.2599999904632568,1.2649999856948853,61821,0.0,0.0
2024-09-06 10:30:00-04:00,1.2599999904632568,1.2699999809265137,1.2599999904632568,1.2599999904632568,54758,0.0,0.0
2024-09-06 11:30:00-04:00,1.2649999856948853,1.2649999856948853,1.25,1.25,39847,0.0,0.0
2024-09-06 12:30:00-04:00,1.25,1.2599999904632568,1.25,1.2549999952316284,40250,0.0,0.0
2024-09-06 13:30:00-04:00,1.2549999952316284,1.2599999904632568,1.25,1.25,34254,0.0,0.0
2024-09-06 14:30:00-04:00,1.25,1.2549999952316284,1.2400000095367432,1.2400000095367432,47088,0.0,0.0
2024-09-06 15:30:00-04:00,1.25,1.25,1.2300000190734863,1.2400000095367432,52969,0.0,0.0
2024-09-09 09:30:00-04:00,1.2400000095367432,1.274999976158142,1.2300000190734863,1.2699999809265137,70043,0.0,0.0
2024-09-09 10:30:00-04:00,1.2599999904632568,1.2699999809265137,1.2400000095367432,1.2400000095367432,13771,0.0,0.0
2024-09-09 11:30:00-04:00,1.25,1.2599999904632568,1.2300000190734863,1.2350000143051147,52480,0.0,0.0
2024-09-09 12:30:00-04:00,1.2350000143051147,1.25,1.2350000143051147,1.2400000095367432,30865,0.0,0.0
2024-09-09 13:30:00-04:00,1.25,1.25,1.2400000095367432,1.25,12197,0.0,0.0
2024-09-09 14:30:00-04:00,1.2400000095367432,1.2699999809265137,1.2400000095367432,1.2649999856948853,33333,0.0,0.0
2024-09-09 15:30:00-04:00,1.2649999856948853,1.2699999809265137,1.2599999904632568,1.2699999809265137,44595,0.0,0.0
2024-09-10 09:30:00-04:00,1.2400000095367432,1.2699999809265137,1.2400000095367432,1.2450000047683716,46022,0.0,0.0
2024-09-10 10:30:00-04:00,1.2450000047683716,1.25,1.2400000095367432,1.2400000095367432,13005,0.0,0.0
2024-09-10 11:30:00-04:00,1.2400000095367432,1.25,1.2400000095367432,1.25,4108,0.0,0.0
2024-09-10 12:30:00-04:00,1.25,1.25,1.2450000047683716,1.25,9929,0.0,0.0
2024-09-10 13:30:00-04:00,1.249899983406067,1.25,1.2400000095367432,1.25,14702,0.0,0.0
2024-09-10 14:30:00-04:00,1.25,1.2599999904632568,1.25,1.2549999952316284,17550,0.0,0.0
2024-09-10 15:30:00-04:00,1.2549999952316284,1.2799999713897705,1.25,1.2699999809265137,33690,0.0,0.0
2024-09-11 09:30:00-04:00,1.2400000095367432,1.2799999713897705,1.2400000095367432,1.2699999809265137,37467,0.0,0.0
2024-09-11 10:30:00-04:00,1.2699999809265137,1.2799999713897705,1.2649999856948853,1.2799999713897705,8545,0.0,0.0
2024-09-11 11:30:00-04:00,1.2799999713897705,1.2799999713897705,1.2699999809265137,1.2702000141143799,10341,0.0,0.0
2024-09-11 12:30:00-04:00,1.2799999713897705,1.2899999618530273,1.2699999809265137,1.2899999618530273,8993,0.0,0.0
2024-09-11 13:30:00-04:00,1.2899999618530273,1.309999942779541,1.2867000102996826,1.309999942779541,34720,0.0,0.0
2024-09-11 14:30:00-04:00,1.3006000518798828,1.3200000524520874,1.3001999855041504,1.315000057220459,56414,0.0,0.0
2024-09-11 15:30:00-04:00,1.315000057220459,1.3300000429153442,1.315000057220459,1.3250000476837158,24529,0.0,0.0
2024-09-12 09:30:00-04:00,1.2999999523162842,1.340000033378601,1.2799999713897705,1.340000033378601,55011,0.0,0.0
2024-09-12 10:30:00-04:00,1.3350000381469727,1.399999976158142,1.3300000429153442,1.3600000143051147,192526,0.0,0.0
2024-09-12 11:30:00-04:00,1.3700000047683716,1.3799999952316284,1.2979999780654907,1.2999999523162842,135508,0.0,0.0
2024-09-12 12:30:00-04:00,1.2999999523162842,1.2999999523162842,1.2899999618530273,1.2899999618530273,19584,0.0,0.0
2024-09-12 13:30:00-04:00,1.2949999570846558,1.3200000524520874,1.2949999570846558,1.3049999475479126,15381,0.0,0.0
2024-09-12 14:30:00-04:00,1.3098000288009644,1.340000033378601,1.2999999523162842,1.3300000429153442,50793,0.0,0.0
2024-09-12 15:30:00-04:00,1.3250000476837158,1.340000033378601,1.3209999799728394,1.3300000429153442,11170,0.0,0.0
2024-09-13 09:30:00-04:00,1.309999942779541,1.350000023841858,1.2899999618530273,1.350000023841858,29514,0.0,0.0
2024-09-13 10:30:00-04:00,1.344599962234497,1.3799999952316284,1.344599962234497,1.3450000286102295,79389,0.0,0.0
2024-09-13 11:30:00-04:00,1.350000023841858,1.350000023841858,1.3300000429153442,1.3300000429153442,24863,0.0,0.0
2024-09-13 12:30:00-04:00,1.3350000381469727,1.3350000381469727,1.3200000524520874,1.3250000476837158,10493,0.0,0.0
2024-09-13 13:30:00-04:00,1.3300000429153442,1.3300000429153442,1.309999942779541,1.315000057220459,9575,0.0,0.0
2024-09-13 14:30:00-04:00,1.315000057220459,1.3200000524520874,1.309999942779541,1.319700002670288,7510,0.0,0.0
2024-09-13 15:30:00-04:00,1.315000057220459,1.3300000429153442,1.315000057220459,1.3200000524520874,13587,0.0,0.0
2024-09-16 09:30:00-04:00,1.2999999523162842,1.309999942779541,1.2799999713897705,1.2799999713897705,67602,0.0,0.0
2024-09-16 10:30:00-04:00,1.2799999713897705,1.2889000177383423,1.2699999809265137,1.2799999713897705,61047,0.0,0.0
2024-09-16 11:30:00-04:00,1.2799999713897705,1.284999966621399,1.2799999713897705,1.2799999713897705,8174,0.0,0.0
2024-09-16 12:30:00-04:00,1.2799999713897705,1.2899999618530273,1.2799999713897705,1.284999966621399,7517,0.0,0.0
2024-09-16 13:30:00-04:00,1.284999966621399,1.2899999618530273,1.2799999713897705,1.2799999713897705,41576,0.0,0.0
2024-09-16 14:30:00-04:00,1.2799999713897705,1.2799999713897705,1.25,1.2549999952316284,69496,0.0,0.0
2024-09-16 15:30:00-04:00,1.25,1.2599999904632568,1.2300000190734863,1.2400000095367432,106869,0.0,0.0
2024-09-17 09:30:00-04:00,1.25,1.2793999910354614,1.2400000095367432,1.2699999809265137,65940,0.0,0.0
2024-09-17 10:30:00-04:00,1.2704999446868896,1.274999976158142,1.2599999904632568,1.2694000005722046,18377,0.0,0.0
2024-09-17 11:30:00-04:00,1.2649999856948853,1.2699999809265137,1.2599999904632568,1.2599999904632568,36242,0.0,0.0
2024-09-17 12:30:00-04:00,1.2604999542236328,1.2649999856948853,1.25,1.2549999952316284,14646,0.0,0.0
2024-09-17 13:30:00-04:00,1.2580000162124634,1.2599999904632568,1.25,1.2519999742507935,0,0.0,0.0
2024-09-17 14:30:00-04:00,1.2549999952316284,1.2799999713897705,1.25,1.2649999856948853,200971,0.0,0.0
2024-09-17 15:30:00-04:00,1.2649999856948853,1.2649999856948853,1.25,1.25,23768,0.0,0.0
2024-09-18 09:30:00-04:00,1.2400000095367432,1.2599999904632568,1.2400000095367432,1.25,61612,0.0,0.0
2024-09-18 10:30:00-04:00,1.25,1.25,1.2450000047683716,1.2450000047683716,5144,0.0,0.0
2024-09-18 11:30:00-04:00,1.25,1.25,1.2400000095367432,1.2400000095367432,14956,0.0,0.0
2024-09-18 12:30:00-04:00,1.25,1.2599999904632568,1.2400000095367432,1.2599999904632568,22502,0.0,0.0
2024-09-18 13:30:00-04:00,1.2599999904632568,1.284999966621399,1.25,1.2699999809265137,26008,0.0,0.0
2024-09-18 14:30:00-04:00,1.2799999713897705,1.2799999713897705,1.25,1.2599999904632568,28965,0.0,0.0
2024-09-18 15:30:00-04:00,1.2599999904632568,1.2599999904632568,1.2400000095367432,1.2400000095367432,26918,0.0,0.0
2024-09-19 09:30:00-04:00,1.2400000095367432,1.2699999809265137,1.2400000095367432,1.25,42588,0.0,0.0
2024-09-19 10:30:00-04:00,1.2549999952316284,1.2798999547958374,1.25,1.2699999809265137,35815,0.0,0.0
2024-09-19 11:30:00-04:00,1.274999976158142,1.274999976158142,1.25,1.25,45547,0.0,0.0
2024-09-19 12:30:00-04:00,1.2549999952316284,1.2599999904632568,1.25,1.25,9156,0.0,0.0
2024-09-19 13:30:00-04:00,1.2549999952316284,1.2549999952316284,1.25,1.2549999952316284,16203,0.0,0.0
2024-09-19 14:30:00-04:00,1.25,1.2598999738693237,1.2400000095367432,1.2450000047683716,43754,0.0,0.0
2024-09-19 15:30:00-04:00,1.2400000095367432,1.25,1.2400000095367432,1.2400000095367432,30181,0.0,0.0
2024-09-20 09:30:00-04:00,1.2699999809265137,1.2699999809265137,1.2549999952316284,1.2549999952316284,28596,0.0,0.0
2024-09-20 10:30:00-04:00,1.2510000467300415,1.2599999904632568,1.25,1.2549999952316284,13580,0.0,0.0
2024-09-20 11:30:00-04:00,1.25,1.2592999935150146,1.25,1.25,8089,0.0,0.0
2024-09-20 12:30:00-04:00,1.25,1.250100016593933,1.2300000190734863,1.2350000143051147,92011,0.0,0.0
2024-09-20 13:30:00-04:00,1.2300000190734863,1.2400000095367432,1.2300000190734863,1.2350000143051147,25191,0.0,0.0
2024-09-20 14:30:00-04:00,1.2350000143051147,1.2400000095367432,1.2300000190734863,1.2300000190734863,15826,0.0,0.0
2024-09-20 15:30:00-04:00,1.2300000190734863,1.2400000095367432,1.2100000381469727,1.2100000381469727,112684,0.0,0.0
