Datetime,Open,High,Low,Close,Volume,Dividends,Stock Splits
2022-09-22 09:30:00-04:00,75.0,75.73999786376953,74.33000183105469,75.19999694824219,674355,0.0,0.0
2022-09-22 10:30:00-04:00,75.20500183105469,75.7699966430664,74.5199966430664,74.80000305175781,464331,0.0,0.0
2022-09-22 11:30:00-04:00,74.80999755859375,75.5199966430664,74.7300033569336,75.2249984741211,331864,0.0,0.0
2022-09-22 12:30:00-04:00,75.19999694824219,75.36000061035156,74.72000122070312,74.9800033569336,264212,0.0,0.0
2022-09-22 13:30:00-04:00,74.98999786376953,75.45999908447266,74.80000305175781,74.88999938964844,268390,0.0,0.0
2022-09-22 14:30:00-04:00,74.83999633789062,75.6500015258789,74.80000305175781,75.23999786376953,536585,0.0,0.0
2022-09-22 15:30:00-04:00,75.23999786376953,75.52999877929688,74.5,74.54000091552734,996597,0.0,0.0
2022-09-23 09:30:00-04:00,73.68000030517578,74.94999694824219,73.32129669189453,74.12000274658203,778958,0.0,0.0
2022-09-23 10:30:00-04:00,74.1500015258789,74.47889709472656,73.75,73.81999969482422,578912,0.0,0.0
2022-09-23 11:30:00-04:00,73.83999633789062,74.08999633789062,73.47000122070312,73.5,446072,0.0,0.0
2022-09-23 12:30:00-04:00,73.48999786376953,74.19999694824219,73.43000030517578,73.69000244140625,391815,0.0,0.0
2022-09-23 13:30:00-04:00,73.72000122070312,74.05999755859375,73.44000244140625,73.79000091552734,376395,0.0,0.0
2022-09-23 14:30:00-04:00,73.79000091552734,74.12000274658203,73.43000030517578,74.0999984741211,499147,0.0,0.0
2022-09-23 15:30:00-04:00,74.11000061035156,74.58999633789062,74.1050033569336,74.47000122070312,588131,0.0,0.0
2022-09-26 09:30:00-04:00,75.75,76.87000274658203,75.33000183105469,75.52999877929688,766556,0.0,0.0
2022-09-26 10:30:00-04:00,75.5250015258789,75.55999755859375,74.12000274658203,74.33999633789062,352521,0.0,0.0
2022-09-26 11:30:00-04:00,74.33999633789062,74.69999694824219,73.9000015258789,74.0,301297,0.0,0.0
2022-09-26 12:30:00-04:00,73.98999786376953,74.33999633789062,73.82849884033203,74.19499969482422,258648,0.0,0.0
2022-09-26 13:30:00-04:00,74.18000030517578,74.56999969482422,73.7699966430664,74.41000366210938,330631,0.0,0.0
2022-09-26 14:30:00-04:00,74.38999938964844,74.76000213623047,74.11000061035156,74.28500366210938,305482,0.0,0.0
2022-09-26 15:30:00-04:00,74.25,74.30999755859375,73.23999786376953,73.37999725341797,504147,0.0,0.0
2022-09-27 09:30:00-04:00,74.80999755859375,75.98999786376953,74.18499755859375,74.5199966430664,858551,0.0,0.0
2022-09-27 10:30:00-04:00,74.51000213623047,75.30000305175781,74.29499816894531,74.38999938964844,437561,0.0,0.0
2022-09-27 11:30:00-04:00,74.37000274658203,74.66999816894531,72.95999908447266,73.33000183105469,523194,0.0,0.0
2022-09-27 12:30:00-04:00,73.30999755859375,73.55999755859375,73.0,73.19000244140625,239110,0.0,0.0
2022-09-27 13:30:00-04:00,73.16000366210938,73.61000061035156,73.12999725341797,73.52999877929688,266802,0.0,0.0
2022-09-27 14:30:00-04:00,73.51000213623047,74.19000244140625,73.36000061035156,73.88500213623047,351851,0.0,0.0
2022-09-27 15:30:00-04:00,73.8949966430664,74.37999725341797,73.7300033569336,74.2300033569336,537607,0.0,0.0
2022-09-28 09:30:00-04:00,74.30999755859375,75.73999786376953,74.05000305175781,75.73999786376953,443107,0.0,0.0
2022-09-28 10:30:00-04:00,75.70999908447266,75.73999786376953,74.91999816894531,75.44010162353516,336971,0.0,0.0
2022-09-28 11:30:00-04:00,75.44000244140625,75.9000015258789,75.25,75.50360107421875,367612,0.0,0.0
2022-09-28 12:30:00-04:00,75.5,75.58000183105469,75.01000213623047,75.23999786376953,258355,0.0,0.0
2022-09-28 13:30:00-04:00,75.24500274658203,75.47000122070312,74.9800033569336,75.47000122070312,254811,0.0,0.0
2022-09-28 14:30:00-04:00,75.45999908447266,75.75,75.12999725341797,75.72000122070312,305713,0.0,0.0
2022-09-28 15:30:00-04:00,75.73500061035156,76.2249984741211,75.70999908447266,75.87999725341797,594613,0.0,0.0
2022-09-29 09:30:00-04:00,74.2699966430664,75.22000122070312,73.5999984741211,74.19000244140625,512352,0.0,0.0
2022-09-29 10:30:00-04:00,74.19000244140625,74.59500122070312,73.74759674072266,74.59500122070312,360356,0.0,0.0
2022-09-29 11:30:00-04:00,74.58000183105469,74.91000366210938,74.1500015258789,74.33999633789062,276250,0.0,0.0
2022-09-29 12:30:00-04:00,74.34500122070312,74.51000213623047,73.95999908447266,74.08000183105469,252570,0.0,0.0
2022-09-29 13:30:00-04:00,74.07499694824219,74.29000091552734,73.62999725341797,74.03600311279297,332365,0.0,0.0
2022-09-29 14:30:00-04:00,74.0199966430664,74.4749984741211,73.93000030517578,74.13999938964844,399005,0.0,0.0
2022-09-29 15:30:00-04:00,74.1449966430664,74.5999984741211,74.09500122070312,74.47000122070312,561153,0.0,0.0
2022-09-30 09:30:00-04:00,74.5999984741211,75.75,74.41000366210938,75.7300033569336,591759,0.0,0.0
2022-09-30 10:30:00-04:00,75.76000213623047,76.25,75.47000122070312,75.68000030517578,391142,0.0,0.0
2022-09-30 11:30:00-04:00,75.66000366210938,75.76000213623047,74.88999938964844,74.9800033569336,291516,0.0,0.0
2022-09-30 12:30:00-04:00,74.97000122070312,75.19999694824219,74.63999938964844,74.97000122070312,222745,0.0,0.0
2022-09-30 13:30:00-04:00,74.95999908447266,74.9800033569336,74.1500015258789,74.44999694824219,310498,0.0,0.0
2022-09-30 14:30:00-04:00,74.44999694824219,74.5999984741211,74.0199966430664,74.25,486724,0.0,0.0
2022-09-30 15:30:00-04:00,74.2699966430664,74.36000061035156,73.4800033569336,73.5,752050,0.0,0.0
2022-10-03 09:30:00-04:00,73.91000366210938,74.19000244140625,71.69000244140625,72.7699966430664,1036627,0.0,0.0
2022-10-03 10:30:00-04:00,72.81999969482422,73.43000030517578,72.76000213623047,73.37000274658203,512015,0.0,0.0
2022-10-03 11:30:00-04:00,73.36499786376953,73.41999816894531,72.4000015258789,72.4749984741211,469258,0.0,0.0
2022-10-03 12:30:00-04:00,72.48999786376953,73.51000213623047,72.45999908447266,73.43499755859375,397275,0.0,0.0
2022-10-03 13:30:00-04:00,73.44000244140625,74.12000274658203,73.44000244140625,74.08000183105469,313747,0.0,0.0
2022-10-03 14:30:00-04:00,74.06999969482422,74.87000274658203,74.0,74.69999694824219,456074,0.0,0.0
2022-10-03 15:30:00-04:00,74.69999694824219,74.80000305175781,73.87000274658203,73.91000366210938,531665,0.0,0.0
2022-10-04 09:30:00-04:00,76.29000091552734,77.91999816894531,76.29000091552734,77.08999633789062,1508731,0.0,0.0
2022-10-04 10:30:00-04:00,77.08000183105469,77.94000244140625,76.76000213623047,77.88999938964844,705029,0.0,0.0
2022-10-04 11:30:00-04:00,77.88999938964844,78.44999694824219,77.70999908447266,78.25,600209,0.0,0.0
2022-10-04 12:30:00-04:00,78.25,78.2699966430664,76.66000366210938,77.08000183105469,351553,0.0,0.0
2022-10-04 13:30:00-04:00,77.08000183105469,77.76499938964844,77.06999969482422,77.45999908447266,343200,0.0,0.0
2022-10-04 14:30:00-04:00,77.45999908447266,77.80000305175781,77.19999694824219,77.36499786376953,248789,0.0,0.0
2022-10-04 15:30:00-04:00,77.3499984741211,77.58000183105469,77.18000030517578,77.55999755859375,510602,0.0,0.0
2022-10-05 09:30:00-04:00,76.5199966430664,76.93000030517578,75.1500015258789,75.16639709472656,465602,0.0,0.0
2022-10-05 10:30:00-04:00,75.16000366210938,75.70999908447266,74.95999908447266,75.69999694824219,279652,0.0,0.0
2022-10-05 11:30:00-04:00,75.72000122070312,76.84870147705078,75.37999725341797,76.50499725341797,278680,0.0,0.0
2022-10-05 12:30:00-04:00,76.5,77.5199966430664,76.41000366210938,77.4000015258789,243079,0.0,0.0
2022-10-05 13:30:00-04:00,77.37999725341797,77.47000122070312,77.05999755859375,77.26000213623047,248942,0.0,0.0
2022-10-05 14:30:00-04:00,77.2699966430664,77.87000274658203,77.25,77.58999633789062,254198,0.0,0.0
2022-10-05 15:30:00-04:00,77.58000183105469,77.87000274658203,77.37000274658203,77.52999877929688,488367,0.0,0.0
2022-10-06 09:30:00-04:00,77.93000030517578,79.0,76.97000122070312,76.97000122070312,486226,0.0,0.0
2022-10-06 10:30:00-04:00,76.99500274658203,78.05999755859375,76.95999908447266,77.88999938964844,228174,0.0,0.0
2022-10-06 11:30:00-04:00,77.88999938964844,78.12999725341797,77.41999816894531,78.05000305175781,221059,0.0,0.0
2022-10-06 12:30:00-04:00,78.04720306396484,78.6708984375,77.80000305175781,78.66999816894531,212430,0.0,0.0
2022-10-06 13:30:00-04:00,78.6500015258789,78.73999786376953,78.19999694824219,78.37000274658203,210599,0.0,0.0
2022-10-06 14:30:00-04:00,78.37999725341797,78.48829650878906,77.85179901123047,78.26000213623047,248232,0.0,0.0
2022-10-06 15:30:00-04:00,78.29000091552734,78.48999786376953,78.19999694824219,78.37999725341797,377890,0.0,0.0
2022-10-07 09:30:00-04:00,75.63999938964844,77.37000274658203,75.36000061035156,77.16000366210938,626881,0.0,0.0
2022-10-07 10:30:00-04:00,77.18000030517578,78.32980346679688,76.91999816894531,77.83999633789062,697155,0.0,0.0
2022-10-07 11:30:00-04:00,77.8499984741211,78.06999969482422,77.13999938964844,77.19000244140625,414010,0.0,0.0
2022-10-07 12:30:00-04:00,77.22000122070312,77.2300033569336,76.18000030517578,76.81999969482422,556326,0.0,0.0
2022-10-07 13:30:00-04:00,76.77999877929688,76.83999633789062,75.94999694824219,75.98999786376953,427089,0.0,0.0
2022-10-07 14:30:00-04:00,75.97000122070312,76.2300033569336,75.70999908447266,75.87999725341797,335818,0.0,0.0
2022-10-07 15:30:00-04:00,75.9800033569336,76.66999816894531,75.80999755859375,76.58999633789062,661196,0.0,0.0
2022-10-10 09:30:00-04:00,76.05999755859375,76.16000366210938,74.02999877929688,74.36499786376953,932634,0.0,0.0
2022-10-10 10:30:00-04:00,74.37000274658203,74.41000366210938,72.86000061035156,73.05000305175781,541909,0.0,0.0
2022-10-10 11:30:00-04:00,73.05000305175781,73.33999633789062,72.66000366210938,72.76000213623047,757900,0.0,0.0
2022-10-10 12:30:00-04:00,72.76000213623047,72.94000244140625,72.29000091552734,72.87999725341797,478997,0.0,0.0
2022-10-10 13:30:00-04:00,72.87999725341797,74.16000366210938,72.86000061035156,73.62999725341797,619047,0.0,0.0
2022-10-10 14:30:00-04:00,73.62000274658203,74.30999755859375,73.58999633789062,73.86000061035156,484305,0.0,0.0
2022-10-10 15:30:00-04:00,73.87000274658203,74.12000274658203,73.68000030517578,73.69000244140625,715865,0.0,0.0
2022-10-11 09:30:00-04:00,72.43000030517578,72.8499984741211,70.43499755859375,71.04000091552734,956253,0.0,0.0
2022-10-11 10:30:00-04:00,71.0,73.5999984741211,70.73999786376953,73.44000244140625,1283059,0.0,0.0
2022-10-11 11:30:00-04:00,73.4800033569336,74.45500183105469,73.37000274658203,73.77010345458984,375018,0.0,0.0
2022-10-11 12:30:00-04:00,73.7750015258789,74.54000091552734,73.66999816894531,73.7699966430664,316295,0.0,0.0
2022-10-11 13:30:00-04:00,73.73670196533203,73.94000244140625,73.16500091552734,73.81500244140625,353515,0.0,0.0
2022-10-11 14:30:00-04:00,73.81999969482422,74.06999969482422,72.8010025024414,73.21099853515625,704883,0.0,0.0
2022-10-11 15:30:00-04:00,73.24500274658203,73.77999877929688,73.04000091552734,73.75,969723,0.0,0.0
2022-10-12 09:30:00-04:00,74.29000091552734,76.19999694824219,73.4000015258789,74.23030090332031,806285,0.0,0.0
2022-10-12 10:30:00-04:00,74.26000213623047,75.95999908447266,73.83499908447266,75.9000015258789,506624,0.0,0.0
2022-10-12 11:30:00-04:00,75.9000015258789,76.55000305175781,75.61000061035156,75.80000305175781,541732,0.0,0.0
2022-10-12 12:30:00-04:00,75.75,76.2300033569336,75.47769927978516,75.52999877929688,298442,0.0,0.0
2022-10-12 13:30:00-04:00,75.54000091552734,75.77999877929688,75.1050033569336,75.7300033569336,340003,0.0,0.0
2022-10-12 14:30:00-04:00,75.7300033569336,75.91999816894531,74.88999938964844,75.22000122070312,432695,0.0,0.0
2022-10-12 15:30:00-04:00,75.19999694824219,75.6449966430664,75.1500015258789,75.20999908447266,748004,0.0,0.0
2022-10-13 09:30:00-04:00,71.6500015258789,74.48999786376953,71.6500015258789,73.47000122070312,1259711,0.0,0.0
2022-10-13 10:30:00-04:00,73.41000366210938,75.18000030517578,72.91999816894531,74.0,1174526,0.0,0.0
2022-10-13 11:30:00-04:00,74.04000091552734,75.41999816894531,73.26000213623047,73.29000091552734,1088571,0.0,0.0
2022-10-13 12:30:00-04:00,73.30999755859375,75.19999694824219,73.0999984741211,75.01000213623047,512799,0.0,0.0
2022-10-13 13:30:00-04:00,75.04000091552734,75.30999755859375,74.37999725341797,74.43000030517578,363553,0.0,0.0
2022-10-13 14:30:00-04:00,74.44999694824219,75.30000305175781,74.36000061035156,74.9800033569336,458659,0.0,0.0
2022-10-13 15:30:00-04:00,74.9800033569336,75.19999694824219,74.68000030517578,74.69999694824219,545000,0.0,0.0
2022-10-14 09:30:00-04:00,75.75,76.9000015258789,73.91000366210938,74.44000244140625,660427,0.0,0.0
2022-10-14 10:30:00-04:00,74.4000015258789,74.75,73.70999908447266,74.29000091552734,328520,0.0,0.0
2022-10-14 11:30:00-04:00,74.26000213623047,74.26000213623047,72.94999694824219,73.62999725341797,258161,0.0,0.0
2022-10-14 12:30:00-04:00,73.63500213623047,73.9000015258789,73.23999786376953,73.37999725341797,201985,0.0,0.0
2022-10-14 13:30:00-04:00,73.37000274658203,74.02999877929688,73.0199966430664,73.12999725341797,203160,0.0,0.0
2022-10-14 14:30:00-04:00,73.12000274658203,73.19999694824219,72.58000183105469,72.62999725341797,248200,0.0,0.0
2022-10-14 15:30:00-04:00,72.5999984741211,72.81999969482422,72.13999938964844,72.29000091552734,596515,0.0,0.0
2022-10-17 09:30:00-04:00,75.06410217285156,76.58999633789062,74.51000213623047,76.46109771728516,675767,0.0,0.0
2022-10-17 10:30:00-04:00,76.5,77.22000122070312,76.08000183105469,77.20999908447266,623798,0.0,0.0
2022-10-17 11:30:00-04:00,77.19999694824219,77.43000030517578,76.9000015258789,77.2249984741211,382577,0.0,0.0
2022-10-17 12:30:00-04:00,77.22000122070312,77.27999877929688,76.56999969482422,76.5999984741211,216486,0.0,0.0
2022-10-17 13:30:00-04:00,76.63999938964844,77.26000213623047,76.48999786376953,76.93000030517578,220929,0.0,0.0
2022-10-17 14:30:00-04:00,76.94000244140625,77.1500015258789,76.47000122070312,76.81500244140625,279102,0.0,0.0
2022-10-17 15:30:00-04:00,76.81500244140625,76.9800033569336,76.45999908447266,76.69000244140625,597778,0.0,0.0
2022-10-18 09:30:00-04:00,79.25,80.77999877929688,79.05999755859375,79.06999969482422,1310184,0.0,0.0
2022-10-18 10:30:00-04:00,79.05999755859375,79.29000091552734,77.62000274658203,77.73999786376953,489419,0.0,0.0
2022-10-18 11:30:00-04:00,77.7249984741211,78.69999694824219,77.33000183105469,78.30999755859375,284958,0.0,0.0
2022-10-18 12:30:00-04:00,78.30000305175781,78.54000091552734,77.5,77.93000030517578,196766,0.0,0.0
2022-10-18 13:30:00-04:00,77.93499755859375,78.26000213623047,77.9000015258789,78.26000213623047,181334,0.0,0.0
2022-10-18 14:30:00-04:00,78.25,78.33999633789062,77.56999969482422,78.00250244140625,346663,0.0,0.0
2022-10-18 15:30:00-04:00,77.9800033569336,78.4800033569336,77.95999908447266,78.25,481059,0.0,0.0
2022-10-19 09:30:00-04:00,77.5199966430664,78.04000091552734,76.30999755859375,77.55000305175781,416388,0.0,0.0
2022-10-19 10:30:00-04:00,77.62999725341797,77.7699966430664,76.45999908447266,77.04000091552734,232706,0.0,0.0
2022-10-19 11:30:00-04:00,77.05000305175781,77.31999969482422,76.4000015258789,76.4749984741211,166166,0.0,0.0
2022-10-19 12:30:00-04:00,76.44999694824219,76.66000366210938,75.84500122070312,75.94000244140625,176665,0.0,0.0
2022-10-19 13:30:00-04:00,75.91999816894531,76.33999633789062,75.8499984741211,76.30999755859375,153079,0.0,0.0
2022-10-19 14:30:00-04:00,76.30999755859375,76.4000015258789,75.58999633789062,75.87999725341797,189922,0.0,0.0
2022-10-19 15:30:00-04:00,75.88130187988281,76.38999938964844,75.7699966430664,76.38999938964844,380274,0.0,0.0
2022-10-20 09:30:00-04:00,76.66999816894531,80.5999984741211,76.58000183105469,80.55000305175781,843024,0.0,0.0
2022-10-20 10:30:00-04:00,80.55999755859375,81.13999938964844,80.16000366210938,80.68000030517578,552631,0.0,0.0
2022-10-20 11:30:00-04:00,80.69999694824219,81.5,80.36000061035156,80.55000305175781,518837,0.0,0.0
2022-10-20 12:30:00-04:00,80.54000091552734,80.61000061035156,79.98999786376953,80.31500244140625,422979,0.0,0.0
2022-10-20 13:30:00-04:00,80.29000091552734,80.30000305175781,78.58999633789062,78.92500305175781,575688,0.0,0.0
2022-10-20 14:30:00-04:00,78.91999816894531,79.86000061035156,78.63999938964844,79.63999938964844,397942,0.0,0.0
2022-10-20 15:30:00-04:00,79.6500015258789,80.05999755859375,79.56999969482422,79.94000244140625,535890,0.0,0.0
2022-10-21 09:30:00-04:00,79.58999633789062,80.5,78.33999633789062,78.38999938964844,620087,0.0,0.0
2022-10-21 10:30:00-04:00,78.37000274658203,78.7582015991211,77.5999984741211,78.66999816894531,531257,0.0,0.0
2022-10-21 11:30:00-04:00,78.72000122070312,79.43000030517578,78.37000274658203,78.9800033569336,287670,0.0,0.0
2022-10-21 12:30:00-04:00,79.04000091552734,79.83000183105469,78.8499984741211,79.75,255683,0.0,0.0
2022-10-21 13:30:00-04:00,79.75,80.4800033569336,79.6500015258789,80.23999786376953,341926,0.0,0.0
2022-10-21 14:30:00-04:00,80.2699966430664,80.80999755859375,79.95700073242188,80.7699966430664,450250,0.0,0.0
2022-10-21 15:30:00-04:00,80.7699966430664,81.0999984741211,80.6500015258789,80.95999908447266,562792,0.0,0.0
2022-10-24 09:30:00-04:00,80.4000015258789,80.5967025756836,78.18000030517578,78.33000183105469,526737,0.0,0.0
2022-10-24 10:30:00-04:00,78.29000091552734,79.69999694824219,78.18000030517578,79.57540130615234,417999,0.0,0.0
2022-10-24 11:30:00-04:00,79.66999816894531,80.62000274658203,79.16999816894531,80.5,318558,0.0,0.0
2022-10-24 12:30:00-04:00,80.5250015258789,80.5999984741211,79.73999786376953,79.87000274658203,179194,0.0,0.0
2022-10-24 13:30:00-04:00,79.83999633789062,80.19999694824219,79.52999877929688,80.11499786376953,185504,0.0,0.0
2022-10-24 14:30:00-04:00,80.12000274658203,80.6050033569336,80.08000183105469,80.48999786376953,456618,0.0,0.0
2022-10-24 15:30:00-04:00,80.47000122070312,80.66000366210938,80.2750015258789,80.61000061035156,440602,0.0,0.0
2022-10-25 09:30:00-04:00,81.54000091552734,83.94999694824219,81.45999908447266,82.94999694824219,698274,0.0,0.0
2022-10-25 10:30:00-04:00,82.88500213623047,83.18000030517578,82.19000244140625,83.18000030517578,493806,0.0,0.0
2022-10-25 11:30:00-04:00,83.1500015258789,83.72000122070312,83.05000305175781,83.66000366210938,269234,0.0,0.0
2022-10-25 12:30:00-04:00,83.63999938964844,83.66999816894531,82.8499984741211,83.05999755859375,214291,0.0,0.0
2022-10-25 13:30:00-04:00,83.05999755859375,83.44999694824219,82.98999786376953,83.31999969482422,205765,0.0,0.0
2022-10-25 14:30:00-04:00,83.30999755859375,84.02999877929688,83.19999694824219,83.9800033569336,366706,0.0,0.0
2022-10-25 15:30:00-04:00,83.98999786376953,84.12999725341797,83.875,84.12000274658203,492919,0.0,0.0
2022-10-26 09:30:00-04:00,82.3499984741211,85.45999908447266,82.19000244140625,84.23500061035156,643704,0.0,0.0
2022-10-26 10:30:00-04:00,84.56999969482422,85.38999938964844,84.16000366210938,85.13999938964844,282519,0.0,0.0
2022-10-26 11:30:00-04:00,85.13999938964844,85.13999938964844,84.08999633789062,84.16000366210938,205603,0.0,0.0
2022-10-26 12:30:00-04:00,84.19999694824219,84.31999969482422,82.66000366210938,82.72779846191406,219722,0.0,0.0
2022-10-26 13:30:00-04:00,82.80999755859375,83.58999633789062,82.68000030517578,83.37999725341797,175048,0.0,0.0
2022-10-26 14:30:00-04:00,83.37000274658203,83.73999786376953,83.2300033569336,83.55999755859375,245576,0.0,0.0
2022-10-26 15:30:00-04:00,83.56500244140625,83.8499984741211,83.16000366210938,83.37000274658203,541277,0.0,0.0
2022-10-27 09:30:00-04:00,83.68000030517578,85.02999877929688,82.52999877929688,84.66999816894531,462437,0.0,0.0
2022-10-27 10:30:00-04:00,84.66999816894531,84.92479705810547,83.49500274658203,83.63999938964844,274051,0.0,0.0
2022-10-27 11:30:00-04:00,83.62000274658203,84.05999755859375,82.58000183105469,82.58999633789062,255751,0.0,0.0
2022-10-27 12:30:00-04:00,82.62000274658203,83.42990112304688,82.52999877929688,83.19000244140625,218201,0.0,0.0
2022-10-27 13:30:00-04:00,83.0999984741211,83.12999725341797,82.7300033569336,82.87000274658203,100420,0.0,0.0
2022-10-27 14:30:00-04:00,82.8550033569336,83.04499816894531,82.58000183105469,82.66999816894531,191083,0.0,0.0
2022-10-27 15:30:00-04:00,82.70390319824219,83.01000213623047,82.47000122070312,82.62000274658203,386397,0.0,0.0
2022-10-28 09:30:00-04:00,81.73500061035156,83.69999694824219,81.31999969482422,82.3499984741211,396675,0.0,0.0
2022-10-28 10:30:00-04:00,82.36000061035156,83.33999633789062,82.33000183105469,82.79499816894531,181028,0.0,0.0
2022-10-28 11:30:00-04:00,82.80000305175781,83.5,82.38500213623047,83.45999908447266,163272,0.0,0.0
2022-10-28 12:30:00-04:00,83.44499969482422,83.69000244140625,83.12000274658203,83.44999694824219,156029,0.0,0.0
2022-10-28 13:30:00-04:00,83.44999694824219,83.66999816894531,83.12000274658203,83.36000061035156,144290,0.0,0.0
2022-10-28 14:30:00-04:00,83.36000061035156,83.97000122070312,83.23999786376953,83.9000015258789,250596,0.0,0.0
2022-10-28 15:30:00-04:00,83.9000015258789,84.24500274658203,83.73999786376953,84.2300033569336,429258,0.0,0.0
2022-10-31 09:30:00-04:00,84.08999633789062,84.57499694824219,82.8499984741211,83.02999877929688,399503,0.0,0.0
2022-10-31 10:30:00-04:00,83.0,83.69000244140625,82.33999633789062,83.58000183105469,193070,0.0,0.0
2022-10-31 11:30:00-04:00,83.6500015258789,84.1500015258789,83.37000274658203,83.75,169802,0.0,0.0
2022-10-31 12:30:00-04:00,83.77989959716797,84.0999984741211,83.19000244140625,84.08999633789062,166015,0.0,0.0
2022-10-31 13:30:00-04:00,84.05000305175781,84.16000366210938,83.22000122070312,83.41000366210938,164028,0.0,0.0
2022-10-31 14:30:00-04:00,83.41000366210938,83.75,83.16999816894531,83.56999969482422,125604,0.0,0.0
2022-10-31 15:30:00-04:00,83.55000305175781,83.75,83.20999908447266,83.44999694824219,377156,0.0,0.0
2022-11-01 09:30:00-04:00,85.5,86.30999755859375,83.55999755859375,84.4800033569336,423893,0.0,0.0
2022-11-01 10:30:00-04:00,84.5999984741211,84.63999938964844,83.56999969482422,84.05999755859375,201027,0.0,0.0
2022-11-01 11:30:00-04:00,84.05500030517578,84.2300033569336,83.30999755859375,83.4000015258789,175203,0.0,0.0
2022-11-01 12:30:00-04:00,83.37000274658203,83.62999725341797,82.91000366210938,83.31999969482422,172988,0.0,0.0
2022-11-01 13:30:00-04:00,83.3499984741211,83.75,83.06999969482422,83.69000244140625,142382,0.0,0.0
2022-11-01 14:30:00-04:00,83.68000030517578,83.68000030517578,83.04000091552734,83.09500122070312,209298,0.0,0.0
2022-11-01 15:30:00-04:00,83.12000274658203,83.2300033569336,82.79000091552734,82.9000015258789,322865,0.0,0.0
2022-11-02 09:30:00-04:00,83.27999877929688,83.30000305175781,81.62000274658203,82.66999816894531,333195,0.0,0.0
2022-11-02 10:30:00-04:00,82.72000122070312,83.13999938964844,81.91000366210938,82.08499908447266,267205,0.0,0.0
2022-11-02 11:30:00-04:00,82.02999877929688,82.30999755859375,81.45999908447266,81.46499633789062,272521,0.0,0.0
2022-11-02 12:30:00-04:00,81.46499633789062,82.06999969482422,81.19999694824219,81.86499786376953,259257,0.0,0.0
2022-11-02 13:30:00-04:00,81.87999725341797,84.25,81.61000061035156,84.25,344304,0.0,0.0
2022-11-02 14:30:00-04:00,84.29000091552734,84.36000061035156,79.52999877929688,79.77999877929688,624247,0.0,0.0
2022-11-02 15:30:00-04:00,79.75,80.11000061035156,78.58999633789062,78.58999633789062,925736,0.0,0.0
2022-11-03 09:30:00-04:00,77.80000305175781,80.05999755859375,77.2300033569336,79.9749984741211,580879,0.0,0.0
2022-11-03 10:30:00-04:00,80.01000213623047,81.2300033569336,79.29000091552734,79.45999908447266,421908,0.0,0.0
2022-11-03 11:30:00-04:00,79.48999786376953,79.56999969482422,78.55000305175781,78.91000366210938,358230,0.0,0.0
2022-11-03 12:30:00-04:00,78.88999938964844,79.41999816894531,78.19999694824219,78.3499984741211,421605,0.0,0.0
2022-11-03 13:30:00-04:00,78.33000183105469,78.95999908447266,78.06999969482422,78.86000061035156,351461,0.0,0.0
2022-11-03 14:30:00-04:00,78.8499984741211,78.91999816894531,78.30999755859375,78.86499786376953,258244,0.0,0.0
2022-11-03 15:30:00-04:00,78.86499786376953,78.9000015258789,78.29000091552734,78.43000030517578,451615,0.0,0.0
2022-11-04 09:30:00-04:00,79.44000244140625,79.73999786376953,76.37999725341797,78.36499786376953,680602,0.0,0.0
2022-11-04 10:30:00-04:00,78.15499877929688,79.0114974975586,78.01000213623047,78.05999755859375,339827,0.0,0.0
2022-11-04 11:30:00-04:00,78.12999725341797,78.13999938964844,76.44999694824219,77.69999694824219,368403,0.0,0.0
2022-11-04 12:30:00-04:00,77.68000030517578,77.92500305175781,76.62000274658203,76.6449966430664,292213,0.0,0.0
2022-11-04 13:30:00-04:00,76.65499877929688,76.91000366210938,75.83499908447266,76.9000015258789,273896,0.0,0.0
2022-11-04 14:30:00-04:00,76.91000366210938,77.69999694824219,76.75499725341797,77.38999938964844,260621,0.0,0.0
2022-11-04 15:30:00-04:00,77.33000183105469,77.5999984741211,77.18000030517578,77.51000213623047,629077,0.0,0.0
2022-11-07 09:30:00-05:00,78.06999969482422,79.44999694824219,77.26000213623047,77.70999908447266,738014,0.0,0.0
2022-11-07 10:30:00-05:00,77.75,79.68000030517578,77.44000244140625,79.66000366210938,361674,0.0,0.0
2022-11-07 11:30:00-05:00,79.6500015258789,79.83000183105469,78.75,79.30000305175781,272321,0.0,0.0
2022-11-07 12:30:00-05:00,79.33000183105469,79.55999755859375,78.8467025756836,79.54000091552734,222344,0.0,0.0
2022-11-07 13:30:00-05:00,79.56999969482422,79.79000091552734,78.93000030517578,79.65499877929688,185396,0.0,0.0
2022-11-07 14:30:00-05:00,79.66000366210938,80.30000305175781,79.5999984741211,80.08000183105469,319329,0.0,0.0
2022-11-07 15:30:00-05:00,80.05000305175781,80.31999969482422,79.38999938964844,79.62100219726562,805303,0.0,0.0
2022-11-08 09:30:00-05:00,80.22000122070312,80.22000122070312,78.0999984741211,78.98500061035156,448558,0.0,0.0
2022-11-08 10:30:00-05:00,79.0,80.62000274658203,78.83000183105469,80.56500244140625,615554,0.0,0.0
2022-11-08 11:30:00-05:00,80.56999969482422,81.93499755859375,80.5199966430664,81.7300033569336,429053,0.0,0.0
2022-11-08 12:30:00-05:00,81.7249984741211,81.80000305175781,80.25,80.2750015258789,202660,0.0,0.0
2022-11-08 13:30:00-05:00,80.20999908447266,80.6500015258789,78.83000183105469,78.83000183105469,466942,0.0,0.0
2022-11-08 14:30:00-05:00,78.83000183105469,79.0,78.01000213623047,78.51000213623047,657461,0.0,0.0
2022-11-08 15:30:00-05:00,78.51499938964844,78.94000244140625,78.05999755859375,78.33999633789062,782653,0.0,0.0
2022-11-09 09:30:00-05:00,77.52999877929688,77.52999877929688,71.82499694824219,72.05000305175781,1739479,0.0,0.0
2022-11-09 10:30:00-05:00,72.05000305175781,72.1500015258789,70.91999816894531,71.58999633789062,1133917,0.0,0.0
2022-11-09 11:30:00-05:00,71.61000061035156,72.98999786376953,71.44000244140625,72.05999755859375,621798,0.0,0.0
2022-11-09 12:30:00-05:00,72.06500244140625,72.79000091552734,71.94999694824219,72.06500244140625,476068,0.0,0.0
2022-11-09 13:30:00-05:00,72.05999755859375,72.26000213623047,71.5,72.23999786376953,358481,0.0,0.0
2022-11-09 14:30:00-05:00,72.26909637451172,72.5,71.56999969482422,72.45999908447266,448956,0.0,0.0
2022-11-09 15:30:00-05:00,72.46499633789062,72.68000030517578,71.80500030517578,71.83000183105469,859029,0.0,0.0
2022-11-10 09:30:00-05:00,78.33999633789062,81.58000183105469,77.0697021484375,80.05000305175781,1500454,0.0,0.0
2022-11-10 10:30:00-05:00,80.01000213623047,80.8499984741211,79.27429962158203,80.81500244140625,613740,0.0,0.0
2022-11-10 11:30:00-05:00,80.80999755859375,81.0199966430664,80.16999816894531,80.94999694824219,511474,0.0,0.0
2022-11-10 12:30:00-05:00,80.91999816894531,80.93499755859375,80.12999725341797,80.46499633789062,366426,0.0,0.0
2022-11-10 13:30:00-05:00,80.5,81.2300033569336,80.30000305175781,81.20999908447266,279094,0.0,0.0
2022-11-10 14:30:00-05:00,81.20500183105469,81.7300033569336,81.0199966430664,81.66000366210938,394084,0.0,0.0
2022-11-10 15:30:00-05:00,81.66999816894531,82.3499984741211,81.66000366210938,82.19999694824219,772582,0.0,0.0
2022-11-11 09:30:00-05:00,81.45999908447266,84.98999786376953,80.05000305175781,84.94000244140625,1053475,0.0,0.0
2022-11-11 10:30:00-05:00,84.97000122070312,86.4000015258789,84.23999786376953,85.20999908447266,914108,0.0,0.0
2022-11-11 11:30:00-05:00,85.15499877929688,86.5,85.02999877929688,86.37999725341797,489195,0.0,0.0
2022-11-11 12:30:00-05:00,86.38999938964844,87.83000183105469,86.13279724121094,87.83000183105469,579999,0.0,0.0
2022-11-11 13:30:00-05:00,87.83000183105469,89.4800033569336,87.69000244140625,89.47000122070312,822259,0.0,0.0
2022-11-11 14:30:00-05:00,89.44999694824219,89.66999816894531,88.08000183105469,88.58999633789062,796067,0.0,0.0
2022-11-11 15:30:00-05:00,88.57499694824219,88.8499984741211,88.26000213623047,88.31999969482422,933564,0.0,0.0
2022-11-14 09:30:00-05:00,86.72000122070312,87.98999786376953,84.69999694824219,85.41999816894531,703946,0.0,0.0
2022-11-14 10:30:00-05:00,85.47000122070312,85.7300033569336,84.38999938964844,84.87999725341797,431584,0.0,0.0
2022-11-14 11:30:00-05:00,84.81999969482422,85.5,84.66999816894531,84.9800033569336,294217,0.0,0.0
2022-11-14 12:30:00-05:00,85.0199966430664,86.47000122070312,84.93000030517578,86.44999694824219,270373,0.0,0.0
2022-11-14 13:30:00-05:00,86.44000244140625,86.52999877929688,85.93000030517578,85.9800033569336,186378,0.0,0.0
2022-11-14 14:30:00-05:00,86.0,86.0,85.1500015258789,85.38999938964844,357129,0.0,0.0
2022-11-14 15:30:00-05:00,85.36000061035156,85.41000366210938,84.20999908447266,84.3499984741211,477497,0.0,0.0
2022-11-15 09:30:00-05:00,88.25,89.37000274658203,86.9000015258789,88.16500091552734,693991,0.0,0.0
2022-11-15 10:30:00-05:00,88.12000274658203,88.47000122070312,87.12999725341797,87.91000366210938,354466,0.0,0.0
2022-11-15 11:30:00-05:00,87.93000030517578,88.33000183105469,87.54000091552734,87.87000274658203,224822,0.0,0.0
2022-11-15 12:30:00-05:00,87.81999969482422,88.25,86.33499908447266,86.56999969482422,274899,0.0,0.0
2022-11-15 13:30:00-05:00,86.62999725341797,88.23999786376953,85.72000122070312,88.0999984741211,363138,0.0,0.0
2022-11-15 14:30:00-05:00,88.07499694824219,88.41999816894531,87.43000030517578,87.9000015258789,250145,0.0,0.0
2022-11-15 15:30:00-05:00,87.83999633789062,87.9000015258789,87.30000305175781,87.44000244140625,432399,0.0,0.0
2022-11-16 09:30:00-05:00,85.05999755859375,85.2300033569336,83.33999633789062,83.53170013427734,538295,0.0,0.0
2022-11-16 10:30:00-05:00,83.56999969482422,84.2699966430664,83.31999969482422,83.80000305175781,267346,0.0,0.0
2022-11-16 11:30:00-05:00,83.84500122070312,84.19999694824219,83.23999786376953,84.1500015258789,231754,0.0,0.0
2022-11-16 12:30:00-05:00,84.20989990234375,84.95999908447266,84.0999984741211,84.73999786376953,148585,0.0,0.0
2022-11-16 13:30:00-05:00,84.81999969482422,84.87999725341797,83.69999694824219,83.83000183105469,230853,0.0,0.0
2022-11-16 14:30:00-05:00,83.80999755859375,83.83000183105469,83.12999725341797,83.37000274658203,315260,0.0,0.0
2022-11-16 15:30:00-05:00,83.36000061035156,83.69999694824219,83.2300033569336,83.45999908447266,484224,0.0,0.0
2022-11-17 09:30:00-05:00,81.19999694824219,82.62999725341797,80.33999633789062,81.63999938964844,602793,0.0,0.0
2022-11-17 10:30:00-05:00,81.70999908447266,82.5999984741211,81.69000244140625,82.51499938964844,275608,0.0,0.0
2022-11-17 11:30:00-05:00,82.51499938964844,82.91999816894531,81.9000015258789,82.4000015258789,201439,0.0,0.0
2022-11-17 12:30:00-05:00,82.36000061035156,83.13999938964844,82.16000366210938,82.66999816894531,166323,0.0,0.0
2022-11-17 13:30:00-05:00,82.68000030517578,83.20999908447266,81.95999908447266,82.06999969482422,170802,0.0,0.0
2022-11-17 14:30:00-05:00,82.02010345458984,82.20999908447266,81.41000366210938,81.5,231620,0.0,0.0
2022-11-17 15:30:00-05:00,81.5,82.5999984741211,81.31999969482422,82.55999755859375,420866,0.0,0.0
2022-11-18 09:30:00-05:00,83.33999633789062,83.6050033569336,81.29129791259766,81.58999633789062,512743,0.0,0.0
2022-11-18 10:30:00-05:00,81.55999755859375,82.16000366210938,81.01000213623047,81.83000183105469,308211,0.0,0.0
2022-11-18 11:30:00-05:00,81.7499008178711,81.83000183105469,80.36000061035156,80.625,337203,0.0,0.0
2022-11-18 12:30:00-05:00,80.625,80.93000030517578,80.13999938964844,80.5999984741211,392899,0.0,0.0
2022-11-18 13:30:00-05:00,80.6050033569336,81.75,80.53250122070312,81.1500015258789,311804,0.0,0.0
2022-11-18 14:30:00-05:00,81.18000030517578,81.75,80.93000030517578,81.75,370794,0.0,0.0
2022-11-18 15:30:00-05:00,81.76000213623047,82.16000366210938,81.55000305175781,81.63999938964844,583702,0.0,0.0
2022-11-21 09:30:00-05:00,81.20999908447266,82.51750183105469,80.83000183105469,81.18000030517578,845314,0.0,0.0
2022-11-21 10:30:00-05:00,81.20999908447266,81.29000091552734,80.12000274658203,80.83000183105469,581038,0.0,0.0
2022-11-21 11:30:00-05:00,80.8499984741211,81.01000213623047,80.37000274658203,80.58499908447266,492245,0.0,0.0
2022-11-21 12:30:00-05:00,80.58499908447266,80.91000366210938,79.7699966430664,80.17500305175781,426664,0.0,0.0
2022-11-21 13:30:00-05:00,80.13999938964844,80.72989654541016,80.13999938964844,80.46499633789062,346345,0.0,0.0
2022-11-21 14:30:00-05:00,80.49500274658203,80.52999877929688,79.91999816894531,80.06999969482422,489056,0.0,0.0
2022-11-21 15:30:00-05:00,80.05889892578125,80.69999694824219,80.04000091552734,80.26000213623047,1008971,0.0,0.0
2022-11-22 09:30:00-05:00,75.18000030517578,76.32969665527344,71.9000015258789,74.01499938964844,6781261,0.0,0.0
2022-11-22 10:30:00-05:00,74.08000183105469,75.62000274658203,73.2300033569336,74.77120208740234,2144796,0.0,0.0
2022-11-22 11:30:00-05:00,74.73999786376953,76.94999694824219,74.27999877929688,76.79000091552734,1739918,0.0,0.0
2022-11-22 12:30:00-05:00,76.79010009765625,77.44000244140625,76.1050033569336,77.0000991821289,1192133,0.0,0.0
2022-11-22 13:30:00-05:00,77.04000091552734,77.1500015258789,75.91000366210938,76.18000030517578,750963,0.0,0.0
2022-11-22 14:30:00-05:00,76.18000030517578,76.81999969482422,75.30740356445312,76.55500030517578,1192183,0.0,0.0
2022-11-22 15:30:00-05:00,76.55500030517578,77.3499984741211,76.4000015258789,77.11000061035156,1612392,0.0,0.0
2022-11-23 09:30:00-05:00,76.13999938964844,77.19000244140625,74.8499984741211,76.55999755859375,1388391,0.0,0.0
2022-11-23 10:30:00-05:00,76.55000305175781,77.27999877929688,76.31999969482422,76.61000061035156,563868,0.0,0.0
2022-11-23 11:30:00-05:00,76.58000183105469,77.26000213623047,75.71499633789062,75.74500274658203,501649,0.0,0.0
2022-11-23 12:30:00-05:00,75.76000213623047,75.87000274658203,74.87999725341797,75.52999877929688,519022,0.0,0.0
2022-11-23 13:30:00-05:00,75.54000091552734,76.81999969482422,75.5250015258789,76.69000244140625,457622,0.0,0.0
2022-11-23 14:30:00-05:00,76.6500015258789,76.72000122070312,76.08100128173828,76.4000015258789,512317,0.0,0.0
2022-11-23 15:30:00-05:00,76.4000015258789,76.43499755859375,75.56999969482422,76.08999633789062,781584,0.0,0.0
2022-11-25 09:30:00-05:00,75.30999755859375,76.98999786376953,75.0999984741211,75.94999694824219,1153312,0.0,0.0
2022-11-25 10:30:00-05:00,75.94999694824219,76.31999969482422,75.08000183105469,75.19499969482422,452359,0.0,0.0
2022-11-25 11:30:00-05:00,75.24500274658203,75.41999816894531,74.83000183105469,75.08000183105469,412337,0.0,0.0
2022-11-28 09:30:00-05:00,74.98999786376953,76.5,72.9000015258789,73.18000030517578,1422615,0.0,0.0
2022-11-28 10:30:00-05:00,73.16000366210938,73.79000091552734,73.12000274658203,73.29499816894531,675727,0.0,0.0
2022-11-28 11:30:00-05:00,73.29499816894531,73.61499786376953,73.11000061035156,73.21499633789062,366327,0.0,0.0
2022-11-28 12:30:00-05:00,73.19309997558594,73.29000091552734,72.5199966430664,72.65499877929688,557299,0.0,0.0
2022-11-28 13:30:00-05:00,72.66000366210938,72.73200225830078,71.5999984741211,71.88999938964844,657044,0.0,0.0
2022-11-28 14:30:00-05:00,71.9000015258789,71.98999786376953,71.45999908447266,71.55000305175781,644192,0.0,0.0
2022-11-28 15:30:00-05:00,71.55999755859375,71.79000091552734,71.30000305175781,71.62999725341797,994123,0.0,0.0
2022-11-29 09:30:00-05:00,71.66000366210938,72.62000274658203,70.62000274658203,72.5199966430664,1049873,0.0,0.0
2022-11-29 10:30:00-05:00,72.5250015258789,72.55500030517578,71.4749984741211,71.7699966430664,577628,0.0,0.0
2022-11-29 11:30:00-05:00,71.76499938964844,71.79000091552734,71.06999969482422,71.2249984741211,381317,0.0,0.0
2022-11-29 12:30:00-05:00,71.25,71.4990005493164,70.4800033569336,70.48999786376953,386723,0.0,0.0
2022-11-29 13:30:00-05:00,70.48999786376953,70.77989959716797,70.29000091552734,70.58499908447266,550193,0.0,0.0
2022-11-29 14:30:00-05:00,70.58499908447266,70.7979965209961,70.3499984741211,70.68000030517578,494611,0.0,0.0
2022-11-29 15:30:00-05:00,70.69000244140625,70.75,70.46499633789062,70.56999969482422,699196,0.0,0.0
2022-11-30 09:30:00-05:00,70.76000213623047,71.2300033569336,69.79000091552734,70.81999969482422,769358,0.0,0.0
2022-11-30 10:30:00-05:00,70.8499984741211,70.875,69.64250183105469,69.88469696044922,540614,0.0,0.0
2022-11-30 11:30:00-05:00,69.88999938964844,70.05000305175781,69.54000091552734,69.95999908447266,327149,0.0,0.0
2022-11-30 12:30:00-05:00,69.94999694824219,70.83999633789062,69.93000030517578,70.68000030517578,688509,0.0,0.0
2022-11-30 13:30:00-05:00,70.65290069580078,74.51000213623047,70.4800033569336,74.33999633789062,904731,0.0,0.0
2022-11-30 14:30:00-05:00,74.30899810791016,74.76000213623047,73.30999755859375,74.5999984741211,630119,0.0,0.0
2022-11-30 15:30:00-05:00,74.58499908447266,75.44000244140625,74.44999694824219,75.44000244140625,866363,0.0,0.0
2022-12-01 09:30:00-05:00,77.27999877929688,81.69000244140625,76.70159912109375,76.98500061035156,2184929,0.0,0.0
2022-12-01 10:30:00-05:00,76.98249816894531,77.86000061035156,76.5,76.73999786376953,525668,0.0,0.0
2022-12-01 11:30:00-05:00,76.74749755859375,77.13459777832031,76.18000030517578,76.63999938964844,341670,0.0,0.0
2022-12-01 12:30:00-05:00,76.63999938964844,76.86219787597656,76.33499908447266,76.62000274658203,236185,0.0,0.0
2022-12-01 13:30:00-05:00,76.6500015258789,77.1500015258789,76.44999694824219,76.98500061035156,235972,0.0,0.0
2022-12-01 14:30:00-05:00,76.98500061035156,77.36000061035156,76.7300033569336,76.9749984741211,280696,0.0,0.0
2022-12-01 15:30:00-05:00,76.95999908447266,77.70999908447266,76.94999694824219,77.43000030517578,584612,0.0,0.0
2022-12-02 09:30:00-05:00,74.58000183105469,76.36000061035156,74.5,75.55999755859375,623880,0.0,0.0
2022-12-02 10:30:00-05:00,75.45999908447266,75.61000061035156,74.68000030517578,75.31999969482422,300256,0.0,0.0
2022-12-02 11:30:00-05:00,75.29499816894531,75.7490005493164,74.97000122070312,75.0,256434,0.0,0.0
2022-12-02 12:30:00-05:00,75.0,75.08000183105469,74.5,74.80999755859375,224453,0.0,0.0
2022-12-02 13:30:00-05:00,74.80999755859375,74.8499984741211,74.06999969482422,74.12000274658203,354116,0.0,0.0
2022-12-02 14:30:00-05:00,74.12000274658203,74.95999908447266,73.8499984741211,74.5199966430664,680393,0.0,0.0
2022-12-02 15:30:00-05:00,74.5199966430664,74.68000030517578,74.12000274658203,74.30000305175781,513294,0.0,0.0
2022-12-05 09:30:00-05:00,74.26000213623047,75.22000122070312,72.76000213623047,73.67500305175781,718120,0.0,0.0
2022-12-05 10:30:00-05:00,73.56999969482422,74.48989868164062,73.38600158691406,73.87000274658203,291537,0.0,0.0
2022-12-05 11:30:00-05:00,73.8499984741211,74.2699966430664,73.41000366210938,73.69999694824219,280432,0.0,0.0
2022-12-05 12:30:00-05:00,73.68000030517578,73.7300033569336,72.77999877929688,73.23999786376953,236649,0.0,0.0
2022-12-05 13:30:00-05:00,73.29499816894531,73.4000015258789,72.61000061035156,72.93499755859375,459565,0.0,0.0
2022-12-05 14:30:00-05:00,72.91000366210938,73.20999908447266,72.54000091552734,72.77999877929688,293632,0.0,0.0
2022-12-05 15:30:00-05:00,72.79000091552734,73.0199966430664,72.6500015258789,72.9000015258789,392815,0.0,0.0
2022-12-06 09:30:00-05:00,72.79000091552734,73.0,70.87999725341797,71.55000305175781,568833,0.0,0.0
2022-12-06 10:30:00-05:00,71.56999969482422,72.36000061035156,71.56999969482422,72.22000122070312,393884,0.0,0.0
2022-12-06 11:30:00-05:00,72.18000030517578,72.26000213623047,71.37000274658203,71.61499786376953,256801,0.0,0.0
2022-12-06 12:30:00-05:00,71.5999984741211,71.7699966430664,71.38999938964844,71.43000030517578,233993,0.0,0.0
2022-12-06 13:30:00-05:00,71.45500183105469,71.66000366210938,71.25,71.26000213623047,205360,0.0,0.0
2022-12-06 14:30:00-05:00,71.26499938964844,71.94000244140625,71.23999786376953,71.43000030517578,294965,0.0,0.0
2022-12-06 15:30:00-05:00,71.44000244140625,71.69000244140625,71.3499984741211,71.44999694824219,397299,0.0,0.0
2022-12-07 09:30:00-05:00,71.25,71.46499633789062,69.94999694824219,70.68000030517578,616075,0.0,0.0
2022-12-07 10:30:00-05:00,70.69000244140625,71.44000244140625,70.30999755859375,70.41000366210938,296539,0.0,0.0
2022-12-07 11:30:00-05:00,70.40499877929688,70.9000015258789,70.37999725341797,70.41999816894531,184605,0.0,0.0
2022-12-07 12:30:00-05:00,70.5,70.52069854736328,70.06999969482422,70.1500015258789,392861,0.0,0.0
2022-12-07 13:30:00-05:00,70.17500305175781,70.29000091552734,69.74099731445312,70.16000366210938,347514,0.0,0.0
2022-12-07 14:30:00-05:00,70.1449966430664,70.37000274658203,69.93000030517578,70.08999633789062,671885,0.0,0.0
2022-12-07 15:30:00-05:00,70.12999725341797,70.29000091552734,69.87000274658203,69.87000274658203,468796,0.0,0.0
2022-12-08 09:30:00-05:00,70.12000274658203,71.73999786376953,68.87999725341797,71.08000183105469,889714,0.0,0.0
2022-12-08 10:30:00-05:00,71.11000061035156,71.6500015258789,70.75019836425781,71.21499633789062,321317,0.0,0.0
2022-12-08 11:30:00-05:00,71.20999908447266,71.8145980834961,71.16999816894531,71.25,267222,0.0,0.0
2022-12-08 12:30:00-05:00,71.23999786376953,72.11479949951172,71.13999938964844,71.91000366210938,307278,0.0,0.0
2022-12-08 13:30:00-05:00,71.8949966430664,72.16000366210938,71.20999908447266,71.30999755859375,275111,0.0,0.0
2022-12-08 14:30:00-05:00,71.29000091552734,72.23999786376953,71.23999786376953,72.18499755859375,269049,0.0,0.0
2022-12-08 15:30:00-05:00,72.20999908447266,72.41000366210938,71.96499633789062,72.37999725341797,458293,0.0,0.0
2022-12-09 09:30:00-05:00,72.33000183105469,73.68990325927734,71.85430145263672,73.1050033569336,449217,0.0,0.0
2022-12-09 10:30:00-05:00,73.12999725341797,73.73999786376953,73.0199966430664,73.19999694824219,305828,0.0,0.0
2022-12-09 11:30:00-05:00,73.21499633789062,73.55000305175781,73.04000091552734,73.08999633789062,169854,0.0,0.0
2022-12-09 12:30:00-05:00,73.08999633789062,73.19999694824219,72.38999938964844,72.56999969482422,153071,0.0,0.0
2022-12-09 13:30:00-05:00,72.56999969482422,72.77999877929688,72.33999633789062,72.6500015258789,147974,0.0,0.0
2022-12-09 14:30:00-05:00,72.66000366210938,72.80999755859375,72.44499969482422,72.47000122070312,201599,0.0,0.0
2022-12-09 15:30:00-05:00,72.44999694824219,72.51000213623047,72.05500030517578,72.11000061035156,390953,0.0,0.0
2022-12-12 09:30:00-05:00,70.83999633789062,73.04000091552734,70.11000061035156,72.91999816894531,825902,0.0,0.0
2022-12-12 10:30:00-05:00,72.87999725341797,73.12000274658203,72.2699966430664,72.87000274658203,329602,0.0,0.0
2022-12-12 11:30:00-05:00,72.83999633789062,73.48999786376953,72.70999908447266,73.08499908447266,244888,0.0,0.0
2022-12-12 12:30:00-05:00,73.08000183105469,73.18000030517578,72.33000183105469,72.57499694824219,183169,0.0,0.0
2022-12-12 13:30:00-05:00,72.5999984741211,73.06999969482422,72.51000213623047,72.92500305175781,166252,0.0,0.0
2022-12-12 14:30:00-05:00,72.93000030517578,73.44999694824219,72.76260375976562,73.43800354003906,233451,0.0,0.0
2022-12-12 15:30:00-05:00,73.44999694824219,73.72000122070312,73.13999938964844,73.70999908447266,550678,0.0,0.0
2022-12-13 09:30:00-05:00,77.52999877929688,79.37999725341797,76.33000183105469,76.44000244140625,1350967,0.0,0.0
2022-12-13 10:30:00-05:00,76.46499633789062,76.5199966430664,74.91000366210938,75.19000244140625,434483,0.0,0.0
2022-12-13 11:30:00-05:00,75.16999816894531,75.44000244140625,73.19999694824219,73.58000183105469,479062,0.0,0.0
2022-12-13 12:30:00-05:00,73.54000091552734,73.77999877929688,73.01000213623047,73.66999816894531,265761,0.0,0.0
2022-12-13 13:30:00-05:00,73.63999938964844,74.08000183105469,73.33999633789062,73.55000305175781,255956,0.0,0.0
2022-12-13 14:30:00-05:00,73.58499908447266,74.22000122070312,73.0999984741211,73.61000061035156,331603,0.0,0.0
2022-12-13 15:30:00-05:00,73.61000061035156,74.30000305175781,73.5999984741211,74.06999969482422,513313,0.0,0.0
2022-12-14 09:30:00-05:00,73.6500015258789,75.08000183105469,73.23999786376953,74.52999877929688,394943,0.0,0.0
2022-12-14 10:30:00-05:00,74.5999984741211,74.91999816894531,74.16999816894531,74.83000183105469,211491,0.0,0.0
2022-12-14 11:30:00-05:00,74.83499908447266,74.83499908447266,73.94999694824219,74.1500015258789,234426,0.0,0.0
2022-12-14 12:30:00-05:00,74.1500015258789,74.25,73.9000015258789,74.19999694824219,145607,0.0,0.0
2022-12-14 13:30:00-05:00,74.23500061035156,74.80000305175781,72.55999755859375,73.06300354003906,402401,0.0,0.0
2022-12-14 14:30:00-05:00,73.01000213623047,74.5,72.02999877929688,73.19000244140625,522367,0.0,0.0
2022-12-14 15:30:00-05:00,73.19000244140625,73.5,72.87000274658203,73.19000244140625,485219,0.0,0.0
2022-12-15 09:30:00-05:00,71.68000030517578,72.30999755859375,70.7699966430664,71.11499786376953,635157,0.0,0.0
2022-12-15 10:30:00-05:00,71.12000274658203,71.2300033569336,70.55000305175781,70.91999816894531,400012,0.0,0.0
2022-12-15 11:30:00-05:00,70.94999694824219,71.3550033569336,70.4800033569336,70.58499908447266,283963,0.0,0.0
2022-12-15 12:30:00-05:00,70.63500213623047,70.66000366210938,69.80999755859375,70.05999755859375,364081,0.0,0.0
2022-12-15 13:30:00-05:00,70.0199966430664,70.19999694824219,69.86940002441406,69.9800033569336,176426,0.0,0.0
2022-12-15 14:30:00-05:00,69.97000122070312,70.37999725341797,69.95999908447266,70.25499725341797,288827,0.0,0.0
2022-12-15 15:30:00-05:00,70.2699966430664,70.30000305175781,69.93000030517578,70.20999908447266,504114,0.0,0.0
2022-12-16 09:30:00-05:00,69.81999969482422,70.79000091552734,69.5999984741211,69.83999633789062,660997,0.0,0.0
2022-12-16 10:30:00-05:00,69.77999877929688,70.36000061035156,69.55000305175781,69.82499694824219,320119,0.0,0.0
2022-12-16 11:30:00-05:00,69.83000183105469,70.23999786376953,69.69999694824219,69.98999786376953,290786,0.0,0.0
2022-12-16 12:30:00-05:00,69.95500183105469,70.5199966430664,69.74500274658203,69.94999694824219,194961,0.0,0.0
2022-12-16 13:30:00-05:00,69.94999694824219,70.25,69.79000091552734,69.83999633789062,206273,0.0,0.0
2022-12-16 14:30:00-05:00,69.83999633789062,70.16999816894531,69.72000122070312,70.05999755859375,295999,0.0,0.0
2022-12-16 15:30:00-05:00,70.04100036621094,70.1500015258789,69.75,69.86000061035156,677022,0.0,0.0
2022-12-19 09:30:00-05:00,69.41000366210938,70.25,68.8499984741211,70.25,486012,0.0,0.0
2022-12-19 10:30:00-05:00,70.19999694824219,70.25,69.04000091552734,69.44999694824219,416894,0.0,0.0
2022-12-19 11:30:00-05:00,69.41999816894531,69.55999755859375,69.0999984741211,69.23249816894531,287015,0.0,0.0
2022-12-19 12:30:00-05:00,69.23999786376953,69.7300033569336,69.08999633789062,69.49500274658203,194920,0.0,0.0
2022-12-19 13:30:00-05:00,69.51249694824219,69.5999984741211,69.0999984741211,69.19000244140625,203736,0.0,0.0
2022-12-19 14:30:00-05:00,69.2300033569336,69.41999816894531,68.97000122070312,69.05999755859375,226341,0.0,0.0
2022-12-19 15:30:00-05:00,69.06999969482422,69.37000274658203,68.86000061035156,69.08999633789062,433812,0.0,0.0
2022-12-20 09:30:00-05:00,68.44999694824219,69.91999816894531,67.91999816894531,69.75,439200,0.0,0.0
2022-12-20 10:30:00-05:00,69.79000091552734,70.33999633789062,68.4000015258789,68.45999908447266,323338,0.0,0.0
2022-12-20 11:30:00-05:00,68.4800033569336,69.16000366210938,68.44999694824219,68.7699966430664,193471,0.0,0.0
2022-12-20 12:30:00-05:00,68.79499816894531,68.97000122070312,68.4000015258789,68.63999938964844,274907,0.0,0.0
2022-12-20 13:30:00-05:00,68.63999938964844,68.95999908447266,68.4800033569336,68.7300033569336,181457,0.0,0.0
2022-12-20 14:30:00-05:00,68.70999908447266,68.80999755859375,68.47000122070312,68.69000244140625,204375,0.0,0.0
2022-12-20 15:30:00-05:00,68.66000366210938,68.75,68.5,68.56999969482422,411750,0.0,0.0
2022-12-21 09:30:00-05:00,68.70999908447266,70.16999816894531,67.87999725341797,69.8949966430664,464128,0.0,0.0
2022-12-21 10:30:00-05:00,69.91500091552734,70.83999633789062,69.75,70.83000183105469,382532,0.0,0.0
2022-12-21 11:30:00-05:00,70.83999633789062,70.96240234375,69.88999938964844,70.22000122070312,220698,0.0,0.0
2022-12-21 12:30:00-05:00,70.23500061035156,70.3499984741211,70.0,70.01000213623047,169648,0.0,0.0
2022-12-21 13:30:00-05:00,70.00599670410156,70.26000213623047,69.7300033569336,70.26000213623047,985506,0.0,0.0
2022-12-21 14:30:00-05:00,70.2699966430664,70.38500213623047,69.56999969482422,69.70999908447266,283727,0.0,0.0
2022-12-21 15:30:00-05:00,69.69000244140625,70.02999877929688,69.69000244140625,69.94999694824219,411511,0.0,0.0
2022-12-22 09:30:00-05:00,68.37000274658203,68.58159637451172,66.2699966430664,66.6050033569336,804974,0.0,0.0
2022-12-22 10:30:00-05:00,66.61000061035156,66.66500091552734,65.94000244140625,66.29000091552734,465538,0.0,0.0
2022-12-22 11:30:00-05:00,66.2699966430664,66.30000305175781,65.35009765625,65.48999786376953,521970,0.0,0.0
2022-12-22 12:30:00-05:00,65.45999908447266,65.54000091552734,64.8301010131836,65.05500030517578,493650,0.0,0.0
2022-12-22 13:30:00-05:00,65.0447006225586,66.1875,64.98999786376953,66.18000030517578,443600,0.0,0.0
2022-12-22 14:30:00-05:00,66.16000366210938,66.3499984741211,65.61000061035156,66.30999755859375,486712,0.0,0.0
2022-12-22 15:30:00-05:00,66.30000305175781,66.31999969482422,65.76329803466797,65.94000244140625,640231,0.0,0.0
2022-12-23 09:30:00-05:00,65.61000061035156,66.3499984741211,65.01000213623047,66.16000366210938,638080,0.0,0.0
2022-12-23 10:30:00-05:00,66.19999694824219,66.66000366210938,65.62000274658203,65.97000122070312,285741,0.0,0.0
2022-12-23 11:30:00-05:00,65.98999786376953,66.2300033569336,65.55000305175781,65.9000015258789,191450,0.0,0.0
2022-12-23 12:30:00-05:00,65.9000015258789,66.0999984741211,65.69999694824219,65.79000091552734,141426,0.0,0.0
2022-12-23 13:30:00-05:00,65.76000213623047,65.9800033569336,65.55999755859375,65.9000015258789,182404,0.0,0.0
2022-12-23 14:30:00-05:00,65.9000015258789,65.94000244140625,65.69000244140625,65.88500213623047,203225,0.0,0.0
2022-12-23 15:30:00-05:00,65.87000274658203,66.0,65.69999694824219,65.91000366210938,394731,0.0,0.0
2022-12-27 09:30:00-05:00,64.75,65.17980194091797,63.54999923706055,64.5199966430664,739521,0.0,0.0
2022-12-27 10:30:00-05:00,64.5199966430664,65.58999633789062,64.24500274658203,65.55500030517578,465317,0.0,0.0
2022-12-27 11:30:00-05:00,65.55999755859375,65.95999908447266,65.4000015258789,65.75,311216,0.0,0.0
2022-12-27 12:30:00-05:00,65.71499633789062,65.97250366210938,65.41010284423828,65.66179656982422,216986,0.0,0.0
2022-12-27 13:30:00-05:00,65.65969848632812,65.98999786376953,65.5199966430664,65.875,308858,0.0,0.0
2022-12-27 14:30:00-05:00,65.9000015258789,66.18000030517578,65.76000213623047,66.0802001953125,399368,0.0,0.0
2022-12-27 15:30:00-05:00,66.07499694824219,66.12999725341797,65.41999816894531,65.47100067138672,554118,0.0,0.0
2022-12-28 09:30:00-05:00,65.25,66.8499984741211,65.08000183105469,66.45999908447266,493602,0.0,0.0
2022-12-28 10:30:00-05:00,66.4551010131836,66.52999877929688,65.50270080566406,65.87000274658203,299120,0.0,0.0
2022-12-28 11:30:00-05:00,65.88999938964844,65.9000015258789,64.95999908447266,65.13999938964844,239639,0.0,0.0
2022-12-28 12:30:00-05:00,65.16000366210938,65.95999908447266,65.1500015258789,65.62000274658203,238470,0.0,0.0
2022-12-28 13:30:00-05:00,65.61319732666016,65.625,65.02999877929688,65.05999755859375,175276,0.0,0.0
2022-12-28 14:30:00-05:00,65.05000305175781,65.36000061035156,64.7699966430664,65.30500030517578,231584,0.0,0.0
2022-12-28 15:30:00-05:00,65.30500030517578,65.6500015258789,65.24500274658203,65.3499984741211,445513,0.0,0.0
2022-12-29 09:30:00-05:00,66.27999877929688,67.91999816894531,66.18000030517578,67.44000244140625,446987,0.0,0.0
2022-12-29 10:30:00-05:00,67.47000122070312,67.94999694824219,67.44999694824219,67.69999694824219,224732,0.0,0.0
2022-12-29 11:30:00-05:00,67.70500183105469,67.95500183105469,67.30999755859375,67.44000244140625,185450,0.0,0.0
2022-12-29 12:30:00-05:00,67.42500305175781,67.86000061035156,67.13999938964844,67.8499984741211,241947,0.0,0.0
2022-12-29 13:30:00-05:00,67.86499786376953,68.19000244140625,67.83000183105469,67.87000274658203,242927,0.0,0.0
2022-12-29 14:30:00-05:00,67.87000274658203,68.18000030517578,67.75,68.12000274658203,201629,0.0,0.0
2022-12-29 15:30:00-05:00,68.125,68.3499984741211,67.98999786376953,67.98999786376953,360106,0.0,0.0
2022-12-30 09:30:00-05:00,66.55000305175781,67.69080352783203,66.36000061035156,67.11000061035156,304824,0.0,0.0
2022-12-30 10:30:00-05:00,67.04000091552734,67.54000091552734,66.95999908447266,67.2699966430664,181706,0.0,0.0
2022-12-30 11:30:00-05:00,67.23999786376953,67.66000366210938,67.1500015258789,67.2500991821289,189510,0.0,0.0
2022-12-30 12:30:00-05:00,67.40499877929688,67.45999908447266,66.7300033569336,66.80999755859375,218175,0.0,0.0
2022-12-30 13:30:00-05:00,66.80000305175781,67.06999969482422,66.75,66.93000030517578,189539,0.0,0.0
2022-12-30 14:30:00-05:00,66.91999816894531,67.41999816894531,66.91999816894531,67.23999786376953,215988,0.0,0.0
2022-12-30 15:30:00-05:00,67.24500274658203,67.81999969482422,67.03500366210938,67.73999786376953,326144,0.0,0.0
2023-01-03 09:30:00-05:00,69.01000213623047,69.33000183105469,66.75,66.94999694824219,510789,0.0,0.0
2023-01-03 10:30:00-05:00,66.94999694824219,67.37000274658203,66.56999969482422,67.02999877929688,726355,0.0,0.0
2023-01-03 11:30:00-05:00,67.08000183105469,67.08000183105469,66.33000183105469,66.38999938964844,180375,0.0,0.0
2023-01-03 12:30:00-05:00,66.41000366210938,66.7300033569336,66.16000366210938,66.52999877929688,214552,0.0,0.0
2023-01-03 13:30:00-05:00,66.5199966430664,67.03500366210938,66.33000183105469,67.0,218216,0.0,0.0
2023-01-03 14:30:00-05:00,66.98999786376953,67.43000030517578,66.7699966430664,67.0999984741211,213701,0.0,0.0
2023-01-03 15:30:00-05:00,67.08999633789062,67.18000030517578,66.5250015258789,66.66000366210938,409356,0.0,0.0
2023-01-04 09:30:00-05:00,67.62000274658203,67.87999725341797,65.87999725341797,66.70999908447266,442864,0.0,0.0
2023-01-04 10:30:00-05:00,66.75,67.80000305175781,66.19000244140625,67.70999908447266,347190,0.0,0.0
2023-01-04 11:30:00-05:00,67.73999786376953,68.01000213623047,67.26000213623047,67.3499984741211,320642,0.0,0.0
2023-01-04 12:30:00-05:00,67.36499786376953,67.81999969482422,67.13999938964844,67.33000183105469,249016,0.0,0.0
2023-01-04 13:30:00-05:00,67.31999969482422,67.66999816894531,66.36000061035156,66.375,353370,0.0,0.0
2023-01-04 14:30:00-05:00,66.33999633789062,67.69999694824219,66.33000183105469,67.29499816894531,332955,0.0,0.0
2023-01-04 15:30:00-05:00,67.2699966430664,67.70999908447266,66.75,67.66999816894531,607249,0.0,0.0
2023-01-05 09:30:00-05:00,66.80000305175781,67.12000274658203,64.93000030517578,65.70999908447266,495836,0.0,0.0
2023-01-05 10:30:00-05:00,65.5999984741211,66.37999725341797,65.41000366210938,65.97000122070312,195748,0.0,0.0
2023-01-05 11:30:00-05:00,65.95999908447266,66.30000305175781,65.52999877929688,65.6500015258789,123504,0.0,0.0
2023-01-05 12:30:00-05:00,65.6500015258789,66.43000030517578,65.43499755859375,66.27999877929688,141622,0.0,0.0
2023-01-05 13:30:00-05:00,66.31999969482422,66.58000183105469,66.06999969482422,66.30000305175781,209102,0.0,0.0
2023-01-05 14:30:00-05:00,66.27010345458984,66.70999908447266,65.81999969482422,65.93000030517578,179909,0.0,0.0
2023-01-05 15:30:00-05:00,65.9000015258789,66.11499786376953,65.55010223388672,65.62000274658203,407591,0.0,0.0
2023-01-06 09:30:00-05:00,65.97000122070312,67.62000274658203,65.5999984741211,67.44999694824219,986364,0.0,0.0
2023-01-06 10:30:00-05:00,67.47000122070312,69.36000061035156,67.4000015258789,68.625,687176,0.0,0.0
2023-01-06 11:30:00-05:00,68.62000274658203,69.12069702148438,68.33999633789062,69.02999877929688,251507,0.0,0.0
2023-01-06 12:30:00-05:00,69.05000305175781,69.29000091552734,68.7699966430664,69.01499938964844,238385,0.0,0.0
2023-01-06 13:30:00-05:00,69.02999877929688,69.79000091552734,69.0,69.48500061035156,397335,0.0,0.0
2023-01-06 14:30:00-05:00,69.48999786376953,69.9000015258789,69.21399688720703,69.69999694824219,347176,0.0,0.0
2023-01-06 15:30:00-05:00,69.70999908447266,69.9000015258789,69.4000015258789,69.47000122070312,797747,0.0,0.0
2023-01-09 09:30:00-05:00,69.80999755859375,71.12999725341797,68.57499694824219,70.94499969482422,1192169,0.0,0.0
2023-01-09 10:30:00-05:00,70.9800033569336,71.34500122070312,70.56999969482422,71.27999877929688,390735,0.0,0.0
2023-01-09 11:30:00-05:00,71.31999969482422,71.55999755859375,70.98999786376953,71.52999877929688,252544,0.0,0.0
2023-01-09 12:30:00-05:00,71.52999877929688,72.17179870605469,71.08999633789062,72.0199966430664,367408,0.0,0.0
2023-01-09 13:30:00-05:00,72.02999877929688,72.02999877929688,70.9800033569336,71.45999908447266,233161,0.0,0.0
2023-01-09 14:30:00-05:00,71.44999694824219,71.44999694824219,70.43000030517578,70.44999694824219,239133,0.0,0.0
2023-01-09 15:30:00-05:00,70.44999694824219,70.48999786376953,69.86000061035156,70.0999984741211,443265,0.0,0.0
2023-01-10 09:30:00-05:00,69.54000091552734,71.05999755859375,69.52999877929688,70.33999633789062,353713,0.0,0.0
2023-01-10 10:30:00-05:00,70.31999969482422,70.91999816894531,69.66999816894531,70.76799774169922,324129,0.0,0.0
2023-01-10 11:30:00-05:00,70.80999755859375,70.93000030517578,70.3676986694336,70.38999938964844,155602,0.0,0.0
2023-01-10 12:30:00-05:00,70.41999816894531,70.73999786376953,70.38500213623047,70.55999755859375,128448,0.0,0.0
2023-01-10 13:30:00-05:00,70.55000305175781,71.23999786376953,70.47000122070312,71.22000122070312,166707,0.0,0.0
2023-01-10 14:30:00-05:00,71.22000122070312,71.22000122070312,70.41999816894531,70.52999877929688,162689,0.0,0.0
2023-01-10 15:30:00-05:00,70.54000091552734,70.88999938964844,70.51000213623047,70.875,310808,0.0,0.0
2023-01-11 09:30:00-05:00,70.9800033569336,71.37000274658203,69.95999908447266,70.20500183105469,569932,0.0,0.0
2023-01-11 10:30:00-05:00,70.2300033569336,70.23999786376953,68.69999694824219,69.73999786376953,911948,0.0,0.0
2023-01-11 11:30:00-05:00,69.73999786376953,70.0999984741211,69.69000244140625,69.73999786376953,300316,0.0,0.0
2023-01-11 12:30:00-05:00,69.75,70.08499908447266,69.48999786376953,69.91000366210938,289307,0.0,0.0
2023-01-11 13:30:00-05:00,69.87999725341797,70.0,69.5,69.5,251245,0.0,0.0
2023-01-11 14:30:00-05:00,69.5,69.9800033569336,69.47000122070312,69.83999633789062,284222,0.0,0.0
2023-01-11 15:30:00-05:00,69.86000061035156,70.0199966430664,69.6449966430664,70.0199966430664,463807,0.0,0.0
2023-01-12 09:30:00-05:00,69.83000183105469,70.02999877929688,67.62999725341797,68.43000030517578,706150,0.0,0.0
2023-01-12 10:30:00-05:00,68.43000030517578,68.73999786376953,67.68000030517578,68.2300033569336,417113,0.0,0.0
2023-01-12 11:30:00-05:00,68.23999786376953,69.58350372314453,68.05000305175781,69.52999877929688,350846,0.0,0.0
2023-01-12 12:30:00-05:00,69.50499725341797,69.54000091552734,68.79000091552734,68.83999633789062,282261,0.0,0.0
2023-01-12 13:30:00-05:00,68.80999755859375,69.80999755859375,68.62000274658203,69.7300033569336,243028,0.0,0.0
2023-01-12 14:30:00-05:00,69.7300033569336,69.8499984741211,69.04000091552734,69.4000015258789,367051,0.0,0.0
2023-01-12 15:30:00-05:00,69.38819885253906,69.94999694824219,69.38819885253906,69.91000366210938,533007,0.0,0.0
2023-01-13 09:30:00-05:00,69.08999633789062,69.86000061035156,68.62999725341797,69.75,314226,0.0,0.0
2023-01-13 10:30:00-05:00,69.75,70.5999984741211,69.5199966430664,69.68499755859375,422279,0.0,0.0
2023-01-13 11:30:00-05:00,69.73999786376953,69.73999786376953,69.12000274658203,69.18499755859375,289954,0.0,0.0
2023-01-13 12:30:00-05:00,69.1500015258789,69.52999877929688,68.99500274658203,69.13999938964844,219435,0.0,0.0
2023-01-13 13:30:00-05:00,69.125,69.62000274658203,69.125,69.47000122070312,193562,0.0,0.0
2023-01-13 14:30:00-05:00,69.47000122070312,69.81999969482422,69.36000061035156,69.79000091552734,247571,0.0,0.0
2023-01-13 15:30:00-05:00,69.80999755859375,70.0199966430664,69.45999908447266,69.48999786376953,491839,0.0,0.0
2023-01-17 09:30:00-05:00,69.5,69.69999694824219,67.77999877929688,69.4000015258789,646517,0.0,0.0
2023-01-17 10:30:00-05:00,69.43000030517578,69.44499969482422,68.5199966430664,68.61499786376953,612672,0.0,0.0
2023-01-17 11:30:00-05:00,68.62999725341797,70.0,68.62999725341797,69.25499725341797,452078,0.0,0.0
2023-01-17 12:30:00-05:00,69.21499633789062,69.88999938964844,69.05999755859375,69.66999816894531,183505,0.0,0.0
2023-01-17 13:30:00-05:00,69.65979766845703,70.12999725341797,69.48999786376953,69.91000366210938,294682,0.0,0.0
2023-01-17 14:30:00-05:00,69.87000274658203,70.19999694824219,69.7699966430664,69.91000366210938,255765,0.0,0.0
2023-01-17 15:30:00-05:00,69.87999725341797,70.12000274658203,69.66999816894531,69.87000274658203,457831,0.0,0.0
2023-01-18 09:30:00-05:00,71.0,71.37000274658203,70.05020141601562,71.11000061035156,616380,0.0,0.0
2023-01-18 10:30:00-05:00,71.12999725341797,71.29000091552734,68.83000183105469,68.9000015258789,619475,0.0,0.0
2023-01-18 11:30:00-05:00,68.87999725341797,68.88999938964844,68.16000366210938,68.25,319266,0.0,0.0
2023-01-18 12:30:00-05:00,68.24500274658203,68.52999877929688,67.87999725341797,68.12999725341797,321535,0.0,0.0
2023-01-18 13:30:00-05:00,68.11000061035156,68.47000122070312,67.94000244140625,68.38999938964844,220868,0.0,0.0
2023-01-18 14:30:00-05:00,68.39299774169922,68.47000122070312,67.94000244140625,68.0,185782,0.0,0.0
2023-01-18 15:30:00-05:00,67.98999786376953,67.98999786376953,67.43000030517578,67.47000122070312,511220,0.0,0.0
2023-01-19 09:30:00-05:00,66.29000091552734,67.61000061035156,66.2509994506836,67.52999877929688,421421,0.0,0.0
2023-01-19 10:30:00-05:00,67.4800033569336,67.86000061035156,66.55999755859375,66.62000274658203,294031,0.0,0.0
2023-01-19 11:30:00-05:00,66.58000183105469,66.94999694824219,66.33000183105469,66.9000015258789,193649,0.0,0.0
2023-01-19 12:30:00-05:00,66.88919830322266,67.44000244140625,66.80999755859375,66.9800033569336,265976,0.0,0.0
2023-01-19 13:30:00-05:00,66.96499633789062,67.3499984741211,66.61000061035156,67.31999969482422,173170,0.0,0.0
2023-01-19 14:30:00-05:00,67.32499694824219,67.5,67.07499694824219,67.25,187777,0.0,0.0
2023-01-19 15:30:00-05:00,67.26000213623047,67.2699966430664,66.7699966430664,66.8499984741211,377290,0.0,0.0
2023-01-20 09:30:00-05:00,67.08000183105469,68.27999877929688,66.68499755859375,68.2699966430664,509039,0.0,0.0
2023-01-20 10:30:00-05:00,68.33999633789062,68.5625991821289,67.87000274658203,68.5625991821289,273898,0.0,0.0
2023-01-20 11:30:00-05:00,68.57499694824219,69.05000305175781,68.50499725341797,68.80000305175781,378418,0.0,0.0
2023-01-20 12:30:00-05:00,68.80000305175781,68.83000183105469,68.27999877929688,68.4635009765625,168934,0.0,0.0
2023-01-20 13:30:00-05:00,68.48500061035156,69.45999908447266,68.48500061035156,69.33000183105469,245990,0.0,0.0
2023-01-20 14:30:00-05:00,69.33999633789062,69.65499877929688,69.19000244140625,69.20999908447266,270560,0.0,0.0
2023-01-20 15:30:00-05:00,69.20999908447266,69.7699966430664,69.20500183105469,69.45999908447266,526005,0.0,0.0
2023-01-23 09:30:00-05:00,69.0,71.04989624023438,68.25,70.69000244140625,734017,0.0,0.0
2023-01-23 10:30:00-05:00,70.70999908447266,71.51000213623047,70.69000244140625,70.87999725341797,435826,0.0,0.0
2023-01-23 11:30:00-05:00,70.87999725341797,71.06999969482422,70.44000244140625,70.95999908447266,222187,0.0,0.0
2023-01-23 12:30:00-05:00,70.95500183105469,71.4000015258789,70.77999877929688,71.29319763183594,192667,0.0,0.0
2023-01-23 13:30:00-05:00,71.28589630126953,71.47000122070312,71.05999755859375,71.2249984741211,203605,0.0,0.0
2023-01-23 14:30:00-05:00,71.23500061035156,71.28600311279297,70.5199966430664,70.9800033569336,378595,0.0,0.0
2023-01-23 15:30:00-05:00,70.9800033569336,71.05000305175781,70.86000061035156,70.97000122070312,457692,0.0,0.0
2023-01-24 09:30:00-05:00,70.79000091552734,71.83999633789062,70.05000305175781,70.23999786376953,484601,0.0,0.0
2023-01-24 10:30:00-05:00,70.21080017089844,70.33000183105469,69.6500015258789,70.0199966430664,237637,0.0,0.0
2023-01-24 11:30:00-05:00,70.0199966430664,70.13999938964844,69.58999633789062,69.79000091552734,293958,0.0,0.0
2023-01-24 12:30:00-05:00,69.7699966430664,70.0999984741211,69.5,70.0999984741211,167479,0.0,0.0
2023-01-24 13:30:00-05:00,70.09500122070312,70.18000030517578,69.80000305175781,69.88999938964844,174926,0.0,0.0
2023-01-24 14:30:00-05:00,69.87999725341797,69.9800033569336,69.62000274658203,69.69499969482422,139678,0.0,0.0
2023-01-24 15:30:00-05:00,69.69999694824219,69.7300033569336,69.19999694824219,69.45999908447266,533136,0.0,0.0
2023-01-25 09:30:00-05:00,68.11000061035156,68.11000061035156,66.06060028076172,66.78500366210938,998004,0.0,0.0
2023-01-25 10:30:00-05:00,66.81999969482422,67.8499984741211,66.3550033569336,67.68000030517578,408302,0.0,0.0
2023-01-25 11:30:00-05:00,67.68000030517578,67.87000274658203,67.32530212402344,67.41500091552734,337145,0.0,0.0
2023-01-25 12:30:00-05:00,67.41500091552734,68.33499908447266,67.3499984741211,68.29000091552734,297422,0.0,0.0
2023-01-25 13:30:00-05:00,68.29000091552734,69.0,68.12999725341797,68.93000030517578,271986,0.0,0.0
2023-01-25 14:30:00-05:00,68.9000015258789,69.36000061035156,68.69000244140625,69.11000061035156,302963,0.0,0.0
2023-01-25 15:30:00-05:00,69.12000274658203,69.19999694824219,68.72000122070312,68.88999938964844,426111,0.0,0.0
2023-01-26 09:30:00-05:00,70.43000030517578,72.37000274658203,70.12999725341797,71.16999816894531,783196,0.0,0.0
2023-01-26 10:30:00-05:00,71.19000244140625,71.5999984741211,69.76000213623047,70.18299865722656,343515,0.0,0.0
2023-01-26 11:30:00-05:00,70.19000244140625,70.89839935302734,70.05020141601562,70.86000061035156,190425,0.0,0.0
2023-01-26 12:30:00-05:00,70.86000061035156,70.88999938964844,70.06999969482422,70.48999786376953,181707,0.0,0.0
2023-01-26 13:30:00-05:00,70.4800033569336,71.13999938964844,70.45999908447266,71.01499938964844,237345,0.0,0.0
2023-01-26 14:30:00-05:00,71.02999877929688,71.19000244140625,70.75800323486328,71.05999755859375,202878,0.0,0.0
2023-01-26 15:30:00-05:00,71.05999755859375,71.61000061035156,70.91999816894531,71.58000183105469,489434,0.0,0.0
2023-01-27 09:30:00-05:00,71.04000091552734,73.19999694824219,70.79000091552734,72.72000122070312,703794,0.0,0.0
2023-01-27 10:30:00-05:00,72.70999908447266,72.88999938964844,71.80000305175781,72.48999786376953,312749,0.0,0.0
2023-01-27 11:30:00-05:00,72.5,73.4000015258789,72.43000030517578,73.23500061035156,318641,0.0,0.0
2023-01-27 12:30:00-05:00,73.20999908447266,73.43000030517578,72.9000015258789,73.30329895019531,207559,0.0,0.0
2023-01-27 13:30:00-05:00,73.31999969482422,74.0999984741211,73.30500030517578,73.91999816894531,412440,0.0,0.0
2023-01-27 14:30:00-05:00,73.94000244140625,74.23999786376953,73.63999938964844,74.05000305175781,403556,0.0,0.0
2023-01-27 15:30:00-05:00,74.06999969482422,74.54000091552734,73.83999633789062,74.16000366210938,733948,0.0,0.0
2023-01-30 09:30:00-05:00,73.08999633789062,78.44000244140625,73.08000183105469,75.82990264892578,2637427,0.0,0.0
2023-01-30 10:30:00-05:00,75.8499984741211,75.87000274658203,74.3499984741211,75.33999633789062,989024,0.0,0.0
2023-01-30 11:30:00-05:00,75.33999633789062,76.01499938964844,75.0,75.54000091552734,633487,0.0,0.0
2023-01-30 12:30:00-05:00,75.56990051269531,75.83999633789062,74.71499633789062,75.19499969482422,650287,0.0,0.0
2023-01-30 13:30:00-05:00,75.12010192871094,75.32990264892578,74.48999786376953,74.63999938964844,551286,0.0,0.0
2023-01-30 14:30:00-05:00,74.62999725341797,74.68000030517578,73.69999694824219,74.01000213623047,641793,0.0,0.0
2023-01-30 15:30:00-05:00,74.04000091552734,74.16000366210938,73.33000183105469,73.5,699019,0.0,0.0
2023-01-31 09:30:00-05:00,73.5,74.55000305175781,73.36000061035156,74.05000305175781,505374,0.0,0.0
2023-01-31 10:30:00-05:00,74.11499786376953,74.79000091552734,73.67500305175781,74.41000366210938,352728,0.0,0.0
2023-01-31 11:30:00-05:00,74.43000030517578,74.54000091552734,73.81500244140625,74.1875991821289,236712,0.0,0.0
2023-01-31 12:30:00-05:00,74.20999908447266,74.87000274658203,74.06999969482422,74.23999786376953,181541,0.0,0.0
2023-01-31 13:30:00-05:00,74.26000213623047,74.40969848632812,73.94999694824219,74.35489654541016,173717,0.0,0.0
2023-01-31 14:30:00-05:00,74.37000274658203,74.5250015258789,73.9000015258789,74.01000213623047,299216,0.0,0.0
2023-01-31 15:30:00-05:00,74.0199966430664,75.0199966430664,74.0199966430664,75.0199966430664,539416,0.0,0.0
2023-02-01 09:30:00-05:00,75.4800033569336,75.76499938964844,73.91000366210938,74.72000122070312,412113,0.0,0.0
2023-02-01 10:30:00-05:00,74.7300033569336,74.93800354003906,73.9000015258789,74.48500061035156,272907,0.0,0.0
2023-02-01 11:30:00-05:00,74.5,74.86499786376953,74.2699966430664,74.30000305175781,182869,0.0,0.0
2023-02-01 12:30:00-05:00,74.30999755859375,74.91999816894531,74.06999969482422,74.91999816894531,136439,0.0,0.0
2023-02-01 13:30:00-05:00,74.93499755859375,75.70999908447266,74.06999969482422,75.44999694824219,322347,0.0,0.0
2023-02-01 14:30:00-05:00,75.47000122070312,78.07990264892578,74.61499786376953,77.9800033569336,851866,0.0,0.0
2023-02-01 15:30:00-05:00,77.96499633789062,78.5,77.76000213623047,78.11000061035156,674419,0.0,0.0
2023-02-02 09:30:00-05:00,80.66999816894531,81.70999908447266,79.51000213623047,81.58000183105469,1215824,0.0,0.0
2023-02-02 10:30:00-05:00,81.56999969482422,82.44999694824219,81.22100067138672,82.33999633789062,810865,0.0,0.0
2023-02-02 11:30:00-05:00,82.3499984741211,83.1698989868164,82.13999938964844,83.11000061035156,735166,0.0,0.0
2023-02-02 12:30:00-05:00,83.125,83.48999786376953,82.66000366210938,82.98999786376953,353189,0.0,0.0
2023-02-02 13:30:00-05:00,83.0,84.41999816894531,82.9000015258789,83.04000091552734,820249,0.0,0.0
2023-02-02 14:30:00-05:00,83.01000213623047,83.06999969482422,81.83000183105469,82.87000274658203,489981,0.0,0.0
2023-02-02 15:30:00-05:00,82.87000274658203,83.08999633789062,82.26000213623047,82.8499984741211,631387,0.0,0.0
2023-02-03 09:30:00-05:00,79.62000274658203,81.41999816894531,79.38999938964844,80.43000030517578,763336,0.0,0.0
2023-02-03 10:30:00-05:00,80.55999755859375,81.9800033569336,80.4000015258789,81.58999633789062,441384,0.0,0.0
2023-02-03 11:30:00-05:00,81.62999725341797,81.81999969482422,80.58000183105469,81.5199966430664,313333,0.0,0.0
2023-02-03 12:30:00-05:00,81.5,81.63500213623047,79.91999816894531,80.27999877929688,316235,0.0,0.0
2023-02-03 13:30:00-05:00,80.22000122070312,80.3499984741211,79.16000366210938,79.38999938964844,400028,0.0,0.0
2023-02-03 14:30:00-05:00,79.36000061035156,79.83000183105469,78.73999786376953,79.493896484375,515954,0.0,0.0
2023-02-03 15:30:00-05:00,79.48999786376953,79.86000061035156,79.22000122070312,79.5199966430664,470050,0.0,0.0
2023-02-06 09:30:00-05:00,77.87999725341797,79.22989654541016,77.4000015258789,77.83000183105469,545075,0.0,0.0
2023-02-06 10:30:00-05:00,77.80000305175781,78.25,77.22000122070312,78.12000274658203,350922,0.0,0.0
2023-02-06 11:30:00-05:00,78.13999938964844,78.30500030517578,77.43000030517578,77.84500122070312,225412,0.0,0.0
2023-02-06 12:30:00-05:00,77.88999938964844,78.08999633789062,77.05000305175781,77.06999969482422,191161,0.0,0.0
2023-02-06 13:30:00-05:00,77.05999755859375,77.66000366210938,76.91000366210938,77.2300033569336,209751,0.0,0.0
2023-02-06 14:30:00-05:00,77.23999786376953,77.23999786376953,76.37999725341797,76.4800033569336,215889,0.0,0.0
2023-02-06 15:30:00-05:00,76.43000030517578,77.08999633789062,76.33499908447266,77.08000183105469,409837,0.0,0.0
2023-02-07 09:30:00-05:00,77.48999786376953,77.8499984741211,76.01000213623047,76.23780059814453,559965,0.0,0.0
2023-02-07 10:30:00-05:00,76.24500274658203,77.41000366210938,76.23999786376953,77.24500274658203,315605,0.0,0.0
2023-02-07 11:30:00-05:00,77.26000213623047,79.73999786376953,77.20999908447266,79.52999877929688,1141585,0.0,0.0
2023-02-07 12:30:00-05:00,79.5199966430664,84.98989868164062,79.31009674072266,81.39679718017578,7694137,0.0,0.0
2023-02-07 13:30:00-05:00,81.37999725341797,83.13999938964844,80.68000030517578,82.61849975585938,1583092,0.0,0.0
2023-02-07 14:30:00-05:00,82.6500015258789,84.16999816894531,82.58999633789062,84.1500015258789,1204546,0.0,0.0
2023-02-07 15:30:00-05:00,84.12000274658203,85.12999725341797,83.73999786376953,84.62999725341797,1516783,0.0,0.0
2023-02-08 09:30:00-05:00,83.52999877929688,84.44000244140625,82.10009765625,82.5999984741211,1519195,0.0,0.0
2023-02-08 10:30:00-05:00,82.63500213623047,82.92500305175781,81.26000213623047,81.47100067138672,909980,0.0,0.0
2023-02-08 11:30:00-05:00,81.44000244140625,81.66000366210938,80.94999694824219,81.0199966430664,499071,0.0,0.0
2023-02-08 12:30:00-05:00,81.02999877929688,81.26000213623047,80.16000366210938,80.16000366210938,427991,0.0,0.0
2023-02-08 13:30:00-05:00,80.1500015258789,80.30000305175781,79.8499984741211,79.9800033569336,486686,0.0,0.0
2023-02-08 14:30:00-05:00,79.98999786376953,80.20999908447266,79.50160217285156,79.80999755859375,511522,0.0,0.0
2023-02-08 15:30:00-05:00,79.80999755859375,79.90499877929688,79.18000030517578,79.36000061035156,728014,0.0,0.0
2023-02-09 09:30:00-05:00,80.45999908447266,80.66000366210938,78.54000091552734,79.22000122070312,869113,0.0,0.0
2023-02-09 10:30:00-05:00,79.16999816894531,79.98999786376953,78.63999938964844,78.70999908447266,454509,0.0,0.0
2023-02-09 11:30:00-05:00,78.72000122070312,79.66999816894531,78.66999816894531,79.05000305175781,258617,0.0,0.0
2023-02-09 12:30:00-05:00,79.0199966430664,79.05000305175781,78.29000091552734,78.52999877929688,286781,0.0,0.0
2023-02-09 13:30:00-05:00,78.51000213623047,78.82499694824219,77.63999938964844,77.77999877929688,298535,0.0,0.0
2023-02-09 14:30:00-05:00,77.77999877929688,77.91000366210938,76.7699966430664,76.83000183105469,332873,0.0,0.0
2023-02-09 15:30:00-05:00,76.83000183105469,76.98999786376953,76.45999908447266,76.73999786376953,780678,0.0,0.0
2023-02-10 09:30:00-05:00,75.76000213623047,75.87000274658203,73.94000244140625,74.80999755859375,763440,0.0,0.0
2023-02-10 10:30:00-05:00,74.87000274658203,75.3499984741211,73.95999908447266,74.19999694824219,419807,0.0,0.0
2023-02-10 11:30:00-05:00,74.20999908447266,74.58000183105469,73.16000366210938,73.18000030517578,418158,0.0,0.0
2023-02-10 12:30:00-05:00,73.16999816894531,73.80000305175781,73.05999755859375,73.33000183105469,355742,0.0,0.0
2023-02-10 13:30:00-05:00,73.30999755859375,73.48999786376953,72.872802734375,73.20999908447266,364643,0.0,0.0
2023-02-10 14:30:00-05:00,73.19000244140625,73.83000183105469,73.11000061035156,73.5,314199,0.0,0.0
2023-02-10 15:30:00-05:00,73.51000213623047,74.31999969482422,73.47000122070312,74.22000122070312,471224,0.0,0.0
2023-02-13 09:30:00-05:00,75.0999984741211,75.97000122070312,73.5999984741211,74.41999816894531,792126,0.0,0.0
2023-02-13 10:30:00-05:00,74.41999816894531,75.4000015258789,74.37000274658203,75.37000274658203,282581,0.0,0.0
2023-02-13 11:30:00-05:00,75.37999725341797,75.87999725341797,75.16000366210938,75.87999725341797,240598,0.0,0.0
2023-02-13 12:30:00-05:00,75.86000061035156,76.36000061035156,75.7300033569336,76.12000274658203,271967,0.0,0.0
2023-02-13 13:30:00-05:00,76.13999938964844,76.30000305175781,75.66999816894531,75.7113037109375,161824,0.0,0.0
2023-02-13 14:30:00-05:00,75.70500183105469,75.84329986572266,75.19000244140625,75.69000244140625,212264,0.0,0.0
2023-02-13 15:30:00-05:00,75.69000244140625,76.51000213623047,75.69000244140625,76.4800033569336,620725,0.0,0.0
2023-02-14 09:30:00-05:00,75.625,77.41999816894531,74.25,76.51000213623047,586407,0.0,0.0
2023-02-14 10:30:00-05:00,76.56999969482422,76.69999694824219,74.88999938964844,75.0999984741211,366186,0.0,0.0
2023-02-14 11:30:00-05:00,75.02999877929688,75.94000244140625,74.62000274658203,75.79000091552734,315242,0.0,0.0
2023-02-14 12:30:00-05:00,75.80500030517578,76.9000015258789,75.69000244140625,76.48999786376953,194279,0.0,0.0
2023-02-14 13:30:00-05:00,76.5,76.6500015258789,75.83999633789062,76.25,201765,0.0,0.0
2023-02-14 14:30:00-05:00,76.2699966430664,77.51000213623047,76.2699966430664,77.35340118408203,395175,0.0,0.0
2023-02-14 15:30:00-05:00,77.37000274658203,77.98500061035156,77.30000305175781,77.9000015258789,674000,0.0,0.0
2023-02-15 09:30:00-05:00,77.66999816894531,78.44999694824219,76.98500061035156,78.22760009765625,477916,0.0,0.0
2023-02-15 10:30:00-05:00,78.18499755859375,79.19000244140625,78.04000091552734,79.19000244140625,243435,0.0,0.0
2023-02-15 11:30:00-05:00,79.18000030517578,79.51000213623047,78.5999984741211,78.94999694824219,215850,0.0,0.0
2023-02-15 12:30:00-05:00,78.97000122070312,79.7699966430664,78.80000305175781,79.69999694824219,222177,0.0,0.0
2023-02-15 13:30:00-05:00,79.72000122070312,80.45999908447266,79.69000244140625,80.30000305175781,217533,0.0,0.0
2023-02-15 14:30:00-05:00,80.31500244140625,80.3499984741211,79.61000061035156,80.04000091552734,253646,0.0,0.0
2023-02-15 15:30:00-05:00,80.03500366210938,80.80000305175781,79.99199676513672,80.77999877929688,442390,0.0,0.0
2023-02-16 09:30:00-05:00,78.58999633789062,79.19999694824219,77.55999755859375,78.62000274658203,699350,0.0,0.0
2023-02-16 10:30:00-05:00,78.62999725341797,79.66500091552734,78.54000091552734,79.56999969482422,376340,0.0,0.0
2023-02-16 11:30:00-05:00,79.5999984741211,80.1500015258789,79.38999938964844,79.83000183105469,316494,0.0,0.0
2023-02-16 12:30:00-05:00,79.8499984741211,80.42949676513672,79.30999755859375,79.38500213623047,215368,0.0,0.0
2023-02-16 13:30:00-05:00,79.38999938964844,79.88999938964844,79.247802734375,79.45500183105469,254241,0.0,0.0
2023-02-16 14:30:00-05:00,79.38999938964844,79.81999969482422,78.1500015258789,78.1500015258789,350952,0.0,0.0
2023-02-16 15:30:00-05:00,78.11000061035156,78.26899719238281,77.79000091552734,77.91000366210938,495467,0.0,0.0
2023-02-17 09:30:00-05:00,76.55000305175781,77.0999984741211,74.91999816894531,75.46990203857422,592089,0.0,0.0
2023-02-17 10:30:00-05:00,75.44000244140625,76.02999877929688,74.55000305175781,74.69999694824219,308476,0.0,0.0
2023-02-17 11:30:00-05:00,74.69999694824219,75.31990051269531,74.5199966430664,74.85179901123047,306447,0.0,0.0
2023-02-17 12:30:00-05:00,74.80999755859375,74.94000244140625,74.30000305175781,74.3499984741211,249164,0.0,0.0
2023-02-17 13:30:00-05:00,74.32499694824219,74.91999816894531,74.31999969482422,74.83999633789062,192862,0.0,0.0
2023-02-17 14:30:00-05:00,74.83000183105469,75.67500305175781,74.83000183105469,75.33999633789062,352832,0.0,0.0
2023-02-17 15:30:00-05:00,75.37999725341797,76.19999694824219,75.36000061035156,76.11000061035156,596835,0.0,0.0
2023-02-21 09:30:00-05:00,74.0199966430664,75.1500015258789,73.37000274658203,73.55000305175781,606930,0.0,0.0
2023-02-21 10:30:00-05:00,73.55989837646484,73.94999694824219,73.27999877929688,73.41000366210938,240731,0.0,0.0
2023-02-21 11:30:00-05:00,73.33000183105469,73.6500015258789,73.19999694824219,73.27999877929688,149829,0.0,0.0
2023-02-21 12:30:00-05:00,73.29000091552734,74.05000305175781,73.20999908447266,73.4000015258789,202231,0.0,0.0
2023-02-21 13:30:00-05:00,73.38999938964844,73.40299987792969,72.8499984741211,73.30359649658203,193512,0.0,0.0
2023-02-21 14:30:00-05:00,73.2750015258789,73.62000274658203,72.91999816894531,72.9800033569336,234040,0.0,0.0
2023-02-21 15:30:00-05:00,72.9749984741211,73.19999694824219,72.2699966430664,72.44000244140625,664595,0.0,0.0
2023-02-22 09:30:00-05:00,73.08999633789062,74.25,72.73999786376953,73.0999984741211,391431,0.0,0.0
2023-02-22 10:30:00-05:00,73.05000305175781,74.05000305175781,72.79000091552734,73.76000213623047,217100,0.0,0.0
2023-02-22 11:30:00-05:00,73.73999786376953,73.9800033569336,73.4749984741211,73.83999633789062,123061,0.0,0.0
2023-02-22 12:30:00-05:00,73.87000274658203,74.03990173339844,73.61000061035156,74.03990173339844,139578,0.0,0.0
2023-02-22 13:30:00-05:00,74.02999877929688,74.18000030517578,73.05999755859375,73.20999908447266,268225,0.0,0.0
2023-02-22 14:30:00-05:00,73.18000030517578,73.5999984741211,72.77999877929688,73.4000015258789,410712,0.0,0.0
2023-02-22 15:30:00-05:00,73.37999725341797,73.4800033569336,72.94999694824219,73.44000244140625,525682,0.0,0.0
2023-02-23 09:30:00-05:00,74.37000274658203,74.4000015258789,73.01000213623047,73.44000244140625,609804,0.0,0.0
2023-02-23 10:30:00-05:00,73.43000030517578,73.61000061035156,72.73999786376953,72.97000122070312,369363,0.0,0.0
2023-02-23 11:30:00-05:00,72.97000122070312,73.08999633789062,72.66000366210938,72.88999938964844,263508,0.0,0.0
2023-02-23 12:30:00-05:00,72.88999938964844,73.26000213623047,72.72000122070312,72.94999694824219,213257,0.0,0.0
2023-02-23 13:30:00-05:00,72.97000122070312,74.23999786376953,72.88999938964844,74.0999984741211,251372,0.0,0.0
2023-02-23 14:30:00-05:00,74.12999725341797,74.94999694824219,74.0999984741211,74.94000244140625,407463,0.0,0.0
2023-02-23 15:30:00-05:00,74.94999694824219,75.04000091552734,74.56999969482422,74.56999969482422,548811,0.0,0.0
2023-02-24 09:30:00-05:00,72.4000015258789,73.94000244140625,72.19120025634766,73.33999633789062,695204,0.0,0.0
2023-02-24 10:30:00-05:00,73.38999938964844,73.93000030517578,72.87999725341797,73.8499984741211,357826,0.0,0.0
2023-02-24 11:30:00-05:00,73.83000183105469,74.56800079345703,73.62999725341797,73.7300033569336,373035,0.0,0.0
2023-02-24 12:30:00-05:00,73.71499633789062,73.86000061035156,73.2300033569336,73.5,198265,0.0,0.0
2023-02-24 13:30:00-05:00,73.4800033569336,73.69999694824219,73.29000091552734,73.3499984741211,217710,0.0,0.0
2023-02-24 14:30:00-05:00,73.36959838867188,73.7699966430664,73.19999694824219,73.44000244140625,266611,0.0,0.0
2023-02-24 15:30:00-05:00,73.44000244140625,73.94999694824219,73.19999694824219,73.93000030517578,570022,0.0,0.0
2023-02-27 09:30:00-05:00,74.9000015258789,75.37090301513672,73.41999816894531,74.40499877929688,767355,0.0,0.0
2023-02-27 10:30:00-05:00,74.38999938964844,74.43000030517578,73.4000015258789,74.30000305175781,617171,0.0,0.0
2023-02-27 11:30:00-05:00,74.2699966430664,74.37999725341797,73.7699966430664,73.9000015258789,423156,0.0,0.0
2023-02-27 12:30:00-05:00,73.90879821777344,74.08000183105469,73.5250015258789,73.77999877929688,425051,0.0,0.0
2023-02-27 13:30:00-05:00,73.78500366210938,74.0250015258789,73.44000244140625,73.75,403174,0.0,0.0
2023-02-27 14:30:00-05:00,73.76000213623047,73.80339813232422,73.2699966430664,73.61000061035156,746081,0.0,0.0
2023-02-27 15:30:00-05:00,73.5999984741211,73.98999786376953,73.19999694824219,73.74500274658203,1226890,0.0,0.0
2023-02-28 09:30:00-05:00,75.95500183105469,76.9800033569336,72.88999938964844,74.72000122070312,8996439,0.0,0.0
2023-02-28 10:30:00-05:00,74.71739959716797,76.54199981689453,74.6500015258789,76.13999938964844,2522716,0.0,0.0
2023-02-28 11:30:00-05:00,76.12999725341797,76.1500015258789,74.91000366210938,75.0,1615243,0.0,0.0
2023-02-28 12:30:00-05:00,75.01499938964844,75.08999633789062,74.27999877929688,74.4800033569336,1004578,0.0,0.0
2023-02-28 13:30:00-05:00,74.48999786376953,75.76850128173828,74.31999969482422,75.3499984741211,1174923,0.0,0.0
2023-02-28 14:30:00-05:00,75.33999633789062,75.72000122070312,74.80780029296875,75.16999816894531,758276,0.0,0.0
2023-02-28 15:30:00-05:00,75.15760040283203,75.30000305175781,74.51000213623047,74.56999969482422,1150114,0.0,0.0
2023-03-01 09:30:00-05:00,74.19999694824219,75.80000305175781,72.54000091552734,72.83000183105469,1327191,0.0,0.0
2023-03-01 10:30:00-05:00,72.79000091552734,72.80000305175781,70.67009735107422,70.98999786376953,1304614,0.0,0.0
2023-03-01 11:30:00-05:00,71.0199966430664,71.38999938964844,70.48999786376953,71.08999633789062,775735,0.0,0.0
2023-03-01 12:30:00-05:00,71.08499908447266,71.19000244140625,70.27999877929688,70.37999725341797,595591,0.0,0.0
2023-03-01 13:30:00-05:00,70.33999633789062,70.44000244140625,69.69999694824219,69.70999908447266,776347,0.0,0.0
2023-03-01 14:30:00-05:00,69.69999694824219,69.80999755859375,69.3510971069336,69.56999969482422,850931,0.0,0.0
2023-03-01 15:30:00-05:00,69.57499694824219,69.84850311279297,69.5199966430664,69.6500015258789,1088965,0.0,0.0
2023-03-02 09:30:00-05:00,68.9000015258789,70.48999786376953,68.9000015258789,70.13999938964844,924691,0.0,0.0
2023-03-02 10:30:00-05:00,70.16940307617188,70.62999725341797,69.52999877929688,69.55999755859375,474137,0.0,0.0
2023-03-02 11:30:00-05:00,69.55999755859375,69.70999908447266,69.08999633789062,69.2699966430664,447327,0.0,0.0
2023-03-02 12:30:00-05:00,69.28990173339844,69.93000030517578,69.2750015258789,69.7300033569336,348738,0.0,0.0
2023-03-02 13:30:00-05:00,69.73500061035156,71.22000122070312,69.69999694824219,71.1852035522461,516558,0.0,0.0
2023-03-02 14:30:00-05:00,71.19999694824219,71.30970001220703,70.69999694824219,70.75,485158,0.0,0.0
2023-03-02 15:30:00-05:00,70.76000213623047,71.05000305175781,70.54000091552734,70.62999725341797,594868,0.0,0.0
2023-03-03 09:30:00-05:00,69.12999725341797,70.94989776611328,68.92500305175781,70.67500305175781,1224981,0.0,0.0
2023-03-03 10:30:00-05:00,70.66999816894531,70.80000305175781,70.0,70.58999633789062,469967,0.0,0.0
2023-03-03 11:30:00-05:00,70.5999984741211,70.87000274658203,70.01000213623047,70.62640380859375,450201,0.0,0.0
2023-03-03 12:30:00-05:00,70.63999938964844,70.94000244140625,70.45999908447266,70.54000091552734,349367,0.0,0.0
2023-03-03 13:30:00-05:00,70.54000091552734,71.25489807128906,70.54000091552734,71.1500015258789,327259,0.0,0.0
2023-03-03 14:30:00-05:00,71.12999725341797,71.40499877929688,70.9000015258789,71.05020141601562,449632,0.0,0.0
2023-03-03 15:30:00-05:00,71.05000305175781,71.19499969482422,70.66500091552734,70.86000061035156,668963,0.0,0.0
2023-03-06 09:30:00-05:00,71.2300033569336,72.25,70.625,72.12999725341797,657432,0.0,0.0
2023-03-06 10:30:00-05:00,72.11000061035156,73.11000061035156,72.11000061035156,72.48999786376953,594235,0.0,0.0
2023-03-06 11:30:00-05:00,72.5199966430664,72.95999908447266,72.43000030517578,72.51000213623047,255233,0.0,0.0
2023-03-06 12:30:00-05:00,72.50499725341797,72.50499725341797,71.47000122070312,71.9800033569336,373221,0.0,0.0
2023-03-06 13:30:00-05:00,71.95999908447266,71.99500274658203,71.2301025390625,71.41000366210938,274006,0.0,0.0
2023-03-06 14:30:00-05:00,71.38500213623047,71.47000122070312,71.01000213623047,71.02999877929688,379776,0.0,0.0
2023-03-06 15:30:00-05:00,71.04000091552734,71.4000015258789,70.94999694824219,71.3499984741211,490656,0.0,0.0
2023-03-07 09:30:00-05:00,71.63999938964844,73.05000305175781,70.58000183105469,70.91000366210938,639046,0.0,0.0
2023-03-07 10:30:00-05:00,70.868896484375,71.55999755859375,70.3499984741211,70.3499984741211,319720,0.0,0.0
2023-03-07 11:30:00-05:00,70.3499984741211,71.4000015258789,70.26000213623047,71.2300033569336,453059,0.0,0.0
2023-03-07 12:30:00-05:00,71.20999908447266,71.4437026977539,70.7699966430664,70.87999725341797,235525,0.0,0.0
2023-03-07 13:30:00-05:00,70.87000274658203,71.0,70.0999984741211,70.0999984741211,226597,0.0,0.0
2023-03-07 14:30:00-05:00,70.11000061035156,70.20999908447266,69.47000122070312,69.52999877929688,358282,0.0,0.0
2023-03-07 15:30:00-05:00,69.53500366210938,69.81999969482422,69.5,69.63999938964844,445179,0.0,0.0
2023-03-08 09:30:00-05:00,69.91999816894531,70.12999725341797,68.94000244140625,70.0,508391,0.0,0.0
2023-03-08 10:30:00-05:00,70.0,70.33000183105469,69.69999694824219,69.87000274658203,229315,0.0,0.0
2023-03-08 11:30:00-05:00,69.88999938964844,70.05000305175781,69.32499694824219,69.32499694824219,263639,0.0,0.0
2023-03-08 12:30:00-05:00,69.32499694824219,69.4291000366211,69.05000305175781,69.12999725341797,356026,0.0,0.0
2023-03-08 13:30:00-05:00,69.12000274658203,69.12999725341797,68.70999908447266,68.91000366210938,330542,0.0,0.0
2023-03-08 14:30:00-05:00,68.9000015258789,68.9800033569336,68.29000091552734,68.34960174560547,363157,0.0,0.0
2023-03-08 15:30:00-05:00,68.3499984741211,69.07679748535156,68.33999633789062,68.91000366210938,504319,0.0,0.0
2023-03-09 09:30:00-05:00,68.80999755859375,69.59500122070312,68.37999725341797,69.41999816894531,421719,0.0,0.0
2023-03-09 10:30:00-05:00,69.4000015258789,69.70999908447266,68.91999816894531,68.93499755859375,317692,0.0,0.0
2023-03-09 11:30:00-05:00,68.95999908447266,69.37000274658203,68.94999694824219,69.30999755859375,241085,0.0,0.0
2023-03-09 12:30:00-05:00,69.29000091552734,69.31999969482422,68.37999725341797,68.43000030517578,239984,0.0,0.0
2023-03-09 13:30:00-05:00,68.40499877929688,68.54499816894531,67.86009979248047,68.01000213623047,293615,0.0,0.0
2023-03-09 14:30:00-05:00,68.0,68.05999755859375,67.13999938964844,67.33999633789062,578727,0.0,0.0
2023-03-09 15:30:00-05:00,67.31999969482422,67.87000274658203,67.2300033569336,67.66000366210938,700974,0.0,0.0
2023-03-10 09:30:00-05:00,66.1989974975586,66.86000061035156,64.46269989013672,66.70500183105469,1845340,0.0,0.0
2023-03-10 10:30:00-05:00,66.68000030517578,68.18000030517578,66.3218994140625,68.1500015258789,623950,0.0,0.0
2023-03-10 11:30:00-05:00,68.1500015258789,68.43000030517578,66.68000030517578,67.06999969482422,419077,0.0,0.0
2023-03-10 12:30:00-05:00,67.07499694824219,67.51000213623047,66.44999694824219,66.58499908447266,344548,0.0,0.0
2023-03-10 13:30:00-05:00,66.57499694824219,66.94999694824219,66.42169952392578,66.88999938964844,488554,0.0,0.0
2023-03-10 14:30:00-05:00,66.88999938964844,67.66999816894531,66.875,67.25,625846,0.0,0.0
2023-03-10 15:30:00-05:00,67.23999786376953,67.33000183105469,66.72000122070312,67.12999725341797,989473,0.0,0.0
2023-03-13 09:30:00-04:00,66.33200073242188,67.76000213623047,65.62000274658203,67.19999694824219,814134,0.0,0.0
2023-03-13 10:30:00-04:00,67.2300033569336,69.94999694824219,67.2300033569336,69.43000030517578,729685,0.0,0.0
2023-03-13 11:30:00-04:00,69.41999816894531,69.4800033569336,68.3949966430664,68.69999694824219,479882,0.0,0.0
2023-03-13 12:30:00-04:00,68.70999908447266,69.30999755859375,68.13710021972656,68.5199966430664,392138,0.0,0.0
2023-03-13 13:30:00-04:00,68.55000305175781,69.4000015258789,68.18000030517578,69.08999633789062,320027,0.0,0.0
2023-03-13 14:30:00-04:00,69.12999725341797,69.8499984741211,68.73999786376953,68.86000061035156,447767,0.0,0.0
2023-03-13 15:30:00-04:00,68.8499984741211,69.55000305175781,68.56999969482422,68.66999816894531,795112,0.0,0.0
2023-03-14 09:30:00-04:00,69.98999786376953,70.80000305175781,68.94999694824219,69.5,617553,0.0,0.0
2023-03-14 10:30:00-04:00,69.47000122070312,69.81999969482422,68.98999786376953,69.70500183105469,227680,0.0,0.0
2023-03-14 11:30:00-04:00,69.7300033569336,69.98999786376953,69.23999786376953,69.24500274658203,186154,0.0,0.0
2023-03-14 12:30:00-04:00,69.23999786376953,69.86710357666016,68.83000183105469,69.18000030517578,201440,0.0,0.0
2023-03-14 13:30:00-04:00,69.1500015258789,69.27999877929688,68.48999786376953,68.87000274658203,169327,0.0,0.0
2023-03-14 14:30:00-04:00,68.8499984741211,69.08000183105469,68.19000244140625,68.33499908447266,227921,0.0,0.0
2023-03-14 15:30:00-04:00,68.31999969482422,69.05999755859375,68.26000213623047,69.04000091552734,393907,0.0,0.0
2023-03-15 09:30:00-04:00,68.09500122070312,69.9000015258789,68.09500122070312,69.54000091552734,727801,0.0,0.0
2023-03-15 10:30:00-04:00,69.47000122070312,70.54000091552734,69.19999694824219,70.3499984741211,596337,0.0,0.0
2023-03-15 11:30:00-04:00,70.3499984741211,70.80000305175781,70.05000305175781,70.2699966430664,370413,0.0,0.0
2023-03-15 12:30:00-04:00,70.22000122070312,70.5999984741211,69.80000305175781,70.58999633789062,221512,0.0,0.0
2023-03-15 13:30:00-04:00,70.55999755859375,70.87999725341797,70.06999969482422,70.63999938964844,350029,0.0,0.0
2023-03-15 14:30:00-04:00,70.66999816894531,71.19999694824219,70.5999984741211,71.06999969482422,377798,0.0,0.0
2023-03-15 15:30:00-04:00,71.06999969482422,71.13999938964844,70.3499984741211,71.05000305175781,573007,0.0,0.0
2023-03-16 09:30:00-04:00,71.33000183105469,72.19999694824219,70.20999908447266,70.68000030517578,434368,0.0,0.0
2023-03-16 10:30:00-04:00,70.72000122070312,72.12000274658203,70.61499786376953,71.91000366210938,282651,0.0,0.0
2023-03-16 11:30:00-04:00,71.91999816894531,71.93000030517578,70.24500274658203,70.58999633789062,949591,0.0,0.0
2023-03-16 12:30:00-04:00,70.61000061035156,70.70999908447266,69.87000274658203,70.66500091552734,709551,0.0,0.0
2023-03-16 13:30:00-04:00,70.66999816894531,70.81999969482422,70.41999816894531,70.61630249023438,637313,0.0,0.0
2023-03-16 14:30:00-04:00,70.6050033569336,70.9800033569336,70.44999694824219,70.92990112304688,356093,0.0,0.0
2023-03-16 15:30:00-04:00,70.87999725341797,70.9000015258789,70.47000122070312,70.58999633789062,628217,0.0,0.0
2023-03-17 09:30:00-04:00,70.55000305175781,70.5999984741211,69.58999633789062,69.64749908447266,512538,0.0,0.0
2023-03-17 10:30:00-04:00,69.66999816894531,69.83999633789062,68.6500015258789,68.8499984741211,522493,0.0,0.0
2023-03-17 11:30:00-04:00,68.87000274658203,69.45500183105469,68.56999969482422,69.44999694824219,257541,0.0,0.0
2023-03-17 12:30:00-04:00,69.47000122070312,69.75,68.9749984741211,69.33999633789062,206169,0.0,0.0
2023-03-17 13:30:00-04:00,69.33999633789062,70.05000305175781,69.01000213623047,69.04000091552734,279647,0.0,0.0
2023-03-17 14:30:00-04:00,69.04000091552734,69.37000274658203,68.80000305175781,69.30000305175781,290054,0.0,0.0
2023-03-17 15:30:00-04:00,69.29000091552734,69.38999938964844,68.97000122070312,69.19000244140625,503776,0.0,0.0
2023-03-20 09:30:00-04:00,68.87999725341797,69.16000366210938,68.26000213623047,68.51499938964844,538350,0.0,0.0
2023-03-20 10:30:00-04:00,68.5,68.94000244140625,68.4800033569336,68.76499938964844,358250,0.0,0.0
2023-03-20 11:30:00-04:00,68.77999877929688,68.78500366210938,67.4000015258789,67.52999877929688,425150,0.0,0.0
2023-03-20 12:30:00-04:00,67.55000305175781,68.58999633789062,67.41000366210938,68.5199966430664,237461,0.0,0.0
2023-03-20 13:30:00-04:00,68.5199966430664,69.08999633789062,68.24009704589844,69.04000091552734,197963,0.0,0.0
2023-03-20 14:30:00-04:00,69.05000305175781,69.06999969482422,68.64009857177734,68.87000274658203,295413,0.0,0.0
2023-03-20 15:30:00-04:00,68.86000061035156,69.33000183105469,68.80999755859375,69.33000183105469,517778,0.0,0.0
2023-03-21 09:30:00-04:00,69.72000122070312,69.9800033569336,69.18000030517578,69.41000366210938,315348,0.0,0.0
2023-03-21 10:30:00-04:00,69.4000015258789,70.4800033569336,69.37999725341797,70.4000015258789,277074,0.0,0.0
2023-03-21 11:30:00-04:00,70.3949966430664,70.86000061035156,70.19999694824219,70.7699966430664,251787,0.0,0.0
2023-03-21 12:30:00-04:00,70.7699966430664,70.87000274658203,70.33000183105469,70.75,195071,0.0,0.0
2023-03-21 13:30:00-04:00,70.76000213623047,70.87000274658203,70.6500015258789,70.82499694824219,150382,0.0,0.0
2023-03-21 14:30:00-04:00,70.83000183105469,71.50499725341797,70.73100280761719,71.3499984741211,270816,0.0,0.0
2023-03-21 15:30:00-04:00,71.36000061035156,71.88999938964844,71.25,71.86000061035156,581429,0.0,0.0
2023-03-22 09:30:00-04:00,71.72000122070312,72.16000366210938,70.75,71.30999755859375,314603,0.0,0.0
2023-03-22 10:30:00-04:00,71.30500030517578,71.3499984741211,70.16999816894531,70.16999816894531,194450,0.0,0.0
2023-03-22 11:30:00-04:00,70.16999816894531,70.34989929199219,69.95999908447266,70.05999755859375,223950,0.0,0.0
2023-03-22 12:30:00-04:00,70.05400085449219,70.61499786376953,70.05400085449219,70.56999969482422,118465,0.0,0.0
2023-03-22 13:30:00-04:00,70.58999633789062,71.80999755859375,70.58000183105469,71.15499877929688,270585,0.0,0.0
2023-03-22 14:30:00-04:00,71.13999938964844,71.80000305175781,69.5199966430664,70.38999938964844,590996,0.0,0.0
2023-03-22 15:30:00-04:00,70.41999816894531,70.41999816894531,68.69000244140625,68.72000122070312,698191,0.0,0.0
2023-03-23 09:30:00-04:00,69.44000244140625,69.77999877929688,68.70999908447266,69.44000244140625,448028,0.0,0.0
2023-03-23 10:30:00-04:00,69.44999694824219,70.7300033569336,69.375,70.16999816894531,381026,0.0,0.0
2023-03-23 11:30:00-04:00,70.20999908447266,70.4000015258789,69.8499984741211,70.2699966430664,299742,0.0,0.0
2023-03-23 12:30:00-04:00,70.25,70.30999755859375,69.20999908447266,69.3499984741211,388801,0.0,0.0
2023-03-23 13:30:00-04:00,69.33999633789062,69.83000183105469,69.02999877929688,69.0999984741211,1296357,0.0,0.0
2023-03-23 14:30:00-04:00,69.08999633789062,69.93000030517578,68.81500244140625,69.20999908447266,477189,0.0,0.0
2023-03-23 15:30:00-04:00,69.16999816894531,69.63999938964844,69.08000183105469,69.19000244140625,361399,0.0,0.0
2023-03-24 09:30:00-04:00,68.25,68.9000015258789,68.09500122070312,68.58000183105469,338014,0.0,0.0
2023-03-24 10:30:00-04:00,68.52999877929688,68.9000015258789,67.77999877929688,67.92500305175781,245961,0.0,0.0
2023-03-24 11:30:00-04:00,67.91999816894531,68.63500213623047,67.76000213623047,68.12000274658203,187346,0.0,0.0
2023-03-24 12:30:00-04:00,68.12999725341797,68.58999633789062,68.03520202636719,68.27999877929688,156585,0.0,0.0
2023-03-24 13:30:00-04:00,68.2699966430664,68.55000305175781,68.0199966430664,68.07499694824219,174810,0.0,0.0
2023-03-24 14:30:00-04:00,68.06999969482422,68.79000091552734,68.0374984741211,68.5999984741211,161679,0.0,0.0
2023-03-24 15:30:00-04:00,68.61499786376953,69.05000305175781,68.58999633789062,69.01000213623047,303276,0.0,0.0
2023-03-27 09:30:00-04:00,69.69000244140625,70.19999694824219,69.1500015258789,69.26000213623047,319810,0.0,0.0
2023-03-27 10:30:00-04:00,69.25499725341797,69.26000213623047,68.35079956054688,68.5,492246,0.0,0.0
2023-03-27 11:30:00-04:00,68.4800033569336,68.6500015258789,67.8499984741211,68.23999786376953,402454,0.0,0.0
2023-03-27 12:30:00-04:00,68.26000213623047,68.41999816894531,68.05999755859375,68.31500244140625,118170,0.0,0.0
2023-03-27 13:30:00-04:00,68.33000183105469,68.72000122070312,68.23999786376953,68.70909881591797,127605,0.0,0.0
2023-03-27 14:30:00-04:00,68.70500183105469,69.1500015258789,68.69000244140625,69.05500030517578,162618,0.0,0.0
2023-03-27 15:30:00-04:00,69.02999877929688,69.08000183105469,68.48999786376953,68.56999969482422,262082,0.0,0.0
2023-03-28 09:30:00-04:00,68.56999969482422,68.95999908447266,68.06999969482422,68.1500015258789,297279,0.0,0.0
2023-03-28 10:30:00-04:00,68.18000030517578,68.2699966430664,67.55000305175781,68.20999908447266,303397,0.0,0.0
2023-03-28 11:30:00-04:00,68.22000122070312,68.3499984741211,67.44010162353516,67.44010162353516,194887,0.0,0.0
2023-03-28 12:30:00-04:00,67.44000244140625,68.3499984741211,67.3499984741211,68.19000244140625,275242,0.0,0.0
2023-03-28 13:30:00-04:00,68.19000244140625,68.26000213623047,67.58000183105469,67.83000183105469,183917,0.0,0.0
2023-03-28 14:30:00-04:00,67.8499984741211,68.14839935302734,67.69000244140625,67.9749984741211,144293,0.0,0.0
2023-03-28 15:30:00-04:00,67.9800033569336,68.63999938964844,67.91999816894531,68.55000305175781,449657,0.0,0.0
2023-03-29 09:30:00-04:00,69.72000122070312,70.7499008178711,69.5999984741211,70.30999755859375,713806,0.0,0.0
2023-03-29 10:30:00-04:00,70.30500030517578,70.55999755859375,70.06999969482422,70.5,468087,0.0,0.0
2023-03-29 11:30:00-04:00,70.51000213623047,70.61499786376953,70.38999938964844,70.5199966430664,366264,0.0,0.0
2023-03-29 12:30:00-04:00,70.5,70.58000183105469,70.05999755859375,70.54000091552734,237128,0.0,0.0
2023-03-29 13:30:00-04:00,70.52999877929688,70.75959777832031,70.41999816894531,70.63999938964844,208484,0.0,0.0
2023-03-29 14:30:00-04:00,70.6500015258789,71.06999969482422,70.62999725341797,70.9749984741211,296582,0.0,0.0
2023-03-29 15:30:00-04:00,70.97000122070312,71.0199966430664,70.55999755859375,70.5999984741211,471003,0.0,0.0
2023-03-30 09:30:00-04:00,71.60800170898438,72.19999694824219,71.30999755859375,72.08999633789062,370690,0.0,0.0
2023-03-30 10:30:00-04:00,72.08999633789062,72.16999816894531,71.22000122070312,71.33000183105469,258733,0.0,0.0
2023-03-30 11:30:00-04:00,71.33000183105469,72.13639831542969,71.26000213623047,72.05000305175781,441605,0.0,0.0
2023-03-30 12:30:00-04:00,72.05000305175781,72.79000091552734,72.0,72.7699966430664,265357,0.0,0.0
2023-03-30 13:30:00-04:00,72.79000091552734,72.91999816894531,72.44999694824219,72.61399841308594,490738,0.0,0.0
2023-03-30 14:30:00-04:00,72.62000274658203,72.70999908447266,71.91999816894531,72.0250015258789,375696,0.0,0.0
2023-03-30 15:30:00-04:00,72.0199966430664,72.11499786376953,71.93000030517578,72.0,353547,0.0,0.0
2023-03-31 09:30:00-04:00,72.4800033569336,73.01000213623047,72.12999725341797,72.77999877929688,350855,0.0,0.0
2023-03-31 10:30:00-04:00,72.79000091552734,73.88999938964844,72.79000091552734,73.5999984741211,328433,0.0,0.0
2023-03-31 11:30:00-04:00,73.61000061035156,74.12000274658203,73.47000122070312,74.0354995727539,341664,0.0,0.0
2023-03-31 12:30:00-04:00,74.0199966430664,74.11000061035156,73.86730194091797,73.9800033569336,222443,0.0,0.0
2023-03-31 13:30:00-04:00,74.0,74.20500183105469,73.83999633789062,74.05999755859375,235872,0.0,0.0
2023-03-31 14:30:00-04:00,74.06999969482422,74.31539916992188,73.88999938964844,74.26000213623047,235164,0.0,0.0
2023-03-31 15:30:00-04:00,74.23999786376953,74.33000183105469,73.58000183105469,73.83000183105469,577219,0.0,0.0
2023-04-03 09:30:00-04:00,73.16999816894531,73.58999633789062,72.54010009765625,73.02999877929688,496670,0.0,0.0
2023-04-03 10:30:00-04:00,73.0250015258789,73.18499755859375,72.37000274658203,72.95500183105469,423068,0.0,0.0
2023-04-03 11:30:00-04:00,72.94000244140625,73.35359954833984,72.9000015258789,73.0,218387,0.0,0.0
2023-04-03 12:30:00-04:00,73.0,73.2300033569336,72.92250061035156,73.12999725341797,135327,0.0,0.0
2023-04-03 13:30:00-04:00,73.12000274658203,73.20590209960938,72.95999908447266,73.1500015258789,162515,0.0,0.0
2023-04-03 14:30:00-04:00,73.14800262451172,73.54499816894531,73.12999725341797,73.47000122070312,181415,0.0,0.0
2023-04-03 15:30:00-04:00,73.5,73.76499938964844,73.44999694824219,73.69000244140625,257738,0.0,0.0
2023-04-04 09:30:00-04:00,74.12999725341797,74.41000366210938,72.94999694824219,73.22000122070312,290705,0.0,0.0
2023-04-04 10:30:00-04:00,73.20999908447266,73.38999938964844,72.93000030517578,73.06999969482422,196221,0.0,0.0
2023-04-04 11:30:00-04:00,73.05000305175781,73.2979965209961,72.97000122070312,73.26000213623047,117763,0.0,0.0
2023-04-04 12:30:00-04:00,73.25,73.53500366210938,72.9800033569336,73.20999908447266,137841,0.0,0.0
2023-04-04 13:30:00-04:00,73.20500183105469,73.26000213623047,72.8949966430664,72.97000122070312,162361,0.0,0.0
2023-04-04 14:30:00-04:00,72.9749984741211,73.38999938964844,72.94999694824219,73.26499938964844,209879,0.0,0.0
2023-04-04 15:30:00-04:00,73.2699966430664,73.6500015258789,73.0999984741211,73.6500015258789,395430,0.0,0.0
2023-04-05 09:30:00-04:00,73.01000213623047,73.05999755859375,71.6500015258789,71.69000244140625,499369,0.0,0.0
2023-04-05 10:30:00-04:00,71.66000366210938,71.94999694824219,70.13999938964844,70.37000274658203,635784,0.0,0.0
2023-04-05 11:30:00-04:00,70.37999725341797,70.95999908447266,70.36000061035156,70.93499755859375,387361,0.0,0.0
2023-04-05 12:30:00-04:00,70.93499755859375,71.41000366210938,70.80999755859375,71.0199966430664,292311,0.0,0.0
2023-04-05 13:30:00-04:00,71.05999755859375,71.55000305175781,71.05999755859375,71.33000183105469,274844,0.0,0.0
2023-04-05 14:30:00-04:00,71.31999969482422,71.5,70.74400329589844,70.98999786376953,330599,0.0,0.0
2023-04-05 15:30:00-04:00,70.98999786376953,71.41500091552734,70.95999908447266,71.0999984741211,611535,0.0,0.0
2023-04-06 09:30:00-04:00,70.71499633789062,70.73500061035156,69.55999755859375,70.2699966430664,409460,0.0,0.0
2023-04-06 10:30:00-04:00,70.27999877929688,71.34609985351562,70.0,71.0999984741211,425627,0.0,0.0
2023-04-06 11:30:00-04:00,71.11000061035156,72.0999984741211,71.01000213623047,71.80999755859375,151767,0.0,0.0
2023-04-06 12:30:00-04:00,71.83499908447266,72.0999984741211,71.70999908447266,71.98999786376953,170457,0.0,0.0
2023-04-06 13:30:00-04:00,71.9800033569336,72.05999755859375,71.75,71.82499694824219,115906,0.0,0.0
2023-04-06 14:30:00-04:00,71.80999755859375,71.93000030517578,71.55000305175781,71.875,174534,0.0,0.0
2023-04-06 15:30:00-04:00,71.88999938964844,71.94999694824219,71.7249984741211,71.86000061035156,392271,0.0,0.0
2023-04-10 09:30:00-04:00,71.18000030517578,71.18000030517578,69.66000366210938,69.94000244140625,532669,0.0,0.0
2023-04-10 10:30:00-04:00,69.94000244140625,70.7750015258789,69.86000061035156,70.5999984741211,256163,0.0,0.0
2023-04-10 11:30:00-04:00,70.5999984741211,70.70500183105469,69.86000061035156,70.08000183105469,164030,0.0,0.0
2023-04-10 12:30:00-04:00,70.0707015991211,71.27999877929688,70.05999755859375,71.16999816894531,183169,0.0,0.0
2023-04-10 13:30:00-04:00,71.18000030517578,71.21990203857422,70.71499633789062,71.16000366210938,222817,0.0,0.0
2023-04-10 14:30:00-04:00,71.16999816894531,71.33070373535156,70.98999786376953,71.05000305175781,240087,0.0,0.0
2023-04-10 15:30:00-04:00,71.04499816894531,71.20999908447266,70.875,71.18000030517578,375533,0.0,0.0
2023-04-11 09:30:00-04:00,68.87000274658203,69.97000122070312,68.25,69.48500061035156,1740653,0.0,0.0
2023-04-11 10:30:00-04:00,69.48999786376953,69.5199966430664,68.91000366210938,69.04000091552734,335833,0.0,0.0
2023-04-11 11:30:00-04:00,69.03500366210938,69.97000122070312,68.69000244140625,69.97000122070312,335835,0.0,0.0
2023-04-11 12:30:00-04:00,69.98999786376953,70.16999816894531,69.75,70.08999633789062,237455,0.0,0.0
2023-04-11 13:30:00-04:00,70.125,70.58000183105469,70.125,70.56999969482422,168912,0.0,0.0
2023-04-11 14:30:00-04:00,70.58999633789062,70.80000305175781,70.33999633789062,70.76000213623047,200358,0.0,0.0
2023-04-11 15:30:00-04:00,70.76000213623047,70.77999877929688,69.97000122070312,70.01000213623047,687450,0.0,0.0
2023-04-12 09:30:00-04:00,71.16999816894531,71.5250015258789,69.66999816894531,69.94999694824219,532519,0.0,0.0
2023-04-12 10:30:00-04:00,69.97000122070312,70.05000305175781,68.52999877929688,69.06500244140625,318615,0.0,0.0
2023-04-12 11:30:00-04:00,69.05999755859375,69.66000366210938,69.0,69.26000213623047,152237,0.0,0.0
2023-04-12 12:30:00-04:00,69.27999877929688,69.625,69.13999938964844,69.41020202636719,141891,0.0,0.0
2023-04-12 13:30:00-04:00,69.41999816894531,69.4885025024414,68.41000366210938,68.43000030517578,257666,0.0,0.0
2023-04-12 14:30:00-04:00,68.41999816894531,68.55500030517578,67.8949966430664,67.91000366210938,437191,0.0,0.0
2023-04-12 15:30:00-04:00,67.91000366210938,68.09989929199219,67.45999908447266,67.5,744648,0.0,0.0
2023-04-13 09:30:00-04:00,67.73999786376953,69.20999908447266,67.73999786376953,69.12000274658203,598924,0.0,0.0
2023-04-13 10:30:00-04:00,69.1500015258789,69.58999633789062,68.77999877929688,69.58499908447266,391462,0.0,0.0
2023-04-13 11:30:00-04:00,69.58000183105469,70.4000015258789,69.44999694824219,70.29000091552734,431317,0.0,0.0
2023-04-13 12:30:00-04:00,70.29000091552734,70.47000122070312,70.04000091552734,70.36000061035156,377836,0.0,0.0
2023-04-13 13:30:00-04:00,70.37000274658203,70.88999938964844,70.33000183105469,70.33000183105469,343883,0.0,0.0
2023-04-13 14:30:00-04:00,70.31999969482422,70.44499969482422,69.94999694824219,70.06500244140625,331545,0.0,0.0
2023-04-13 15:30:00-04:00,70.05000305175781,70.23999786376953,70.0,70.16999816894531,473004,0.0,0.0
2023-04-14 09:30:00-04:00,69.56999969482422,70.09500122070312,69.05999755859375,69.22000122070312,400649,0.0,0.0
2023-04-14 10:30:00-04:00,69.20500183105469,69.54499816894531,69.01000213623047,69.11000061035156,326175,0.0,0.0
2023-04-14 11:30:00-04:00,69.11000061035156,69.11000061035156,68.83000183105469,69.07559967041016,335466,0.0,0.0
2023-04-14 12:30:00-04:00,69.06999969482422,69.17500305175781,68.69999694824219,69.04000091552734,369927,0.0,0.0
2023-04-14 13:30:00-04:00,69.04000091552734,69.3550033569336,68.79000091552734,69.08499908447266,318978,0.0,0.0
2023-04-14 14:30:00-04:00,69.08999633789062,69.22000122070312,68.86000061035156,69.12000274658203,540363,0.0,0.0
2023-04-14 15:30:00-04:00,69.12000274658203,69.51000213623047,69.06999969482422,69.5,1146089,0.0,0.0
2023-04-17 09:30:00-04:00,68.0,69.19999694824219,67.75,68.32499694824219,787709,0.0,0.0
2023-04-17 10:30:00-04:00,68.33999633789062,68.58000183105469,67.83999633789062,68.13500213623047,735468,0.0,0.0
2023-04-17 11:30:00-04:00,68.12000274658203,68.19999694824219,67.76000213623047,67.79060363769531,426760,0.0,0.0
2023-04-17 12:30:00-04:00,67.83000183105469,68.1500015258789,67.80999755859375,67.99120330810547,229690,0.0,0.0
2023-04-17 13:30:00-04:00,67.9800033569336,68.0199966430664,67.56999969482422,67.73999786376953,276664,0.0,0.0
2023-04-17 14:30:00-04:00,67.73999786376953,68.21499633789062,67.73999786376953,68.12999725341797,364793,0.0,0.0
2023-04-17 15:30:00-04:00,68.12000274658203,68.12000274658203,67.5,67.62000274658203,747809,0.0,0.0
2023-04-18 09:30:00-04:00,68.30000305175781,68.44999694824219,67.20999908447266,67.22000122070312,413977,0.0,0.0
2023-04-18 10:30:00-04:00,67.19999694824219,67.69999694824219,67.12110137939453,67.38999938964844,283351,0.0,0.0
2023-04-18 11:30:00-04:00,67.40959930419922,67.91000366210938,67.29000091552734,67.87100219726562,218076,0.0,0.0
2023-04-18 12:30:00-04:00,67.9000015258789,67.94000244140625,67.50550079345703,67.54000091552734,197553,0.0,0.0
2023-04-18 13:30:00-04:00,67.5199966430664,67.72000122070312,67.44000244140625,67.56500244140625,247686,0.0,0.0
2023-04-18 14:30:00-04:00,67.55999755859375,67.56999969482422,67.05010223388672,67.2300033569336,323656,0.0,0.0
2023-04-18 15:30:00-04:00,67.2249984741211,67.4000015258789,67.11000061035156,67.30000305175781,518161,0.0,0.0
2023-04-19 09:30:00-04:00,66.5,67.0,66.37999725341797,66.72000122070312,342153,0.0,0.0
2023-04-19 10:30:00-04:00,66.7300033569336,67.13999938964844,66.62000274658203,66.93000030517578,222570,0.0,0.0
2023-04-19 11:30:00-04:00,66.94000244140625,67.53250122070312,66.87000274658203,67.4800033569336,432862,0.0,0.0
2023-04-19 12:30:00-04:00,67.48999786376953,67.79499816894531,67.44999694824219,67.69000244140625,248556,0.0,0.0
2023-04-19 13:30:00-04:00,67.70999908447266,67.8218994140625,67.48999786376953,67.8218994140625,299793,0.0,0.0
2023-04-19 14:30:00-04:00,67.8324966430664,68.3550033569336,67.68000030517578,68.19000244140625,404483,0.0,0.0
2023-04-19 15:30:00-04:00,68.18000030517578,68.20999908447266,67.51000213623047,67.76000213623047,382596,0.0,0.0
2023-04-20 09:30:00-04:00,66.76000213623047,67.19999694824219,66.29000091552734,67.12000274658203,499228,0.0,0.0
2023-04-20 10:30:00-04:00,67.125,67.43000030517578,66.41459655761719,66.60600280761719,284946,0.0,0.0
2023-04-20 11:30:00-04:00,66.58000183105469,66.65239715576172,66.27110290527344,66.52999877929688,302869,0.0,0.0
2023-04-20 12:30:00-04:00,66.5199966430664,66.98999786376953,66.5199966430664,66.80000305175781,179845,0.0,0.0
2023-04-20 13:30:00-04:00,66.80999755859375,66.83000183105469,66.4000015258789,66.4000015258789,427405,0.0,0.0
2023-04-20 14:30:00-04:00,66.4000015258789,66.4801025390625,66.01000213623047,66.03500366210938,657905,0.0,0.0
2023-04-20 15:30:00-04:00,66.04000091552734,66.21499633789062,65.62999725341797,65.68000030517578,675416,0.0,0.0
2023-04-21 09:30:00-04:00,65.5,65.7699966430664,64.37000274658203,64.38999938964844,905709,0.0,0.0
2023-04-21 10:30:00-04:00,64.38999938964844,64.71499633789062,63.83000183105469,64.36000061035156,941638,0.0,0.0
2023-04-21 11:30:00-04:00,64.3499984741211,64.4800033569336,63.81999969482422,63.880001068115234,495611,0.0,0.0
2023-04-21 12:30:00-04:00,63.88999938964844,64.52940368652344,63.86000061035156,64.02999877929688,460616,0.0,0.0
2023-04-21 13:30:00-04:00,64.02999877929688,64.44499969482422,64.0,64.38999938964844,411508,0.0,0.0
2023-04-21 14:30:00-04:00,64.38999938964844,64.38999938964844,63.90999984741211,63.97999954223633,407059,0.0,0.0
2023-04-21 15:30:00-04:00,63.9900016784668,64.04000091552734,63.77000045776367,63.9900016784668,674507,0.0,0.0
2023-04-24 09:30:00-04:00,63.90999984741211,64.4800033569336,63.5099983215332,63.560001373291016,580786,0.0,0.0
2023-04-24 10:30:00-04:00,63.560001373291016,63.650001525878906,62.61000061035156,62.939998626708984,734314,0.0,0.0
2023-04-24 11:30:00-04:00,62.93000030517578,63.29999923706055,62.91999816894531,63.2400016784668,313524,0.0,0.0
2023-04-24 12:30:00-04:00,63.2400016784668,67.66999816894531,63.09000015258789,66.20999908447266,5756437,0.0,0.0
2023-04-24 13:30:00-04:00,66.19999694824219,66.7300033569336,65.56999969482422,66.69999694824219,2637688,0.0,0.0
2023-04-24 14:30:00-04:00,66.71499633789062,66.80000305175781,65.30999755859375,65.62999725341797,1458692,0.0,0.0
2023-04-24 15:30:00-04:00,65.62000274658203,65.81999969482422,65.37000274658203,65.80000305175781,1119063,0.0,0.0
2023-04-25 09:30:00-04:00,65.01000213623047,65.18190002441406,63.45000076293945,63.7599983215332,990757,0.0,0.0
2023-04-25 10:30:00-04:00,63.81999969482422,64.4000015258789,63.779998779296875,64.11000061035156,552690,0.0,0.0
2023-04-25 11:30:00-04:00,64.0999984741211,64.29989624023438,64.08000183105469,64.1500015258789,479371,0.0,0.0
2023-04-25 12:30:00-04:00,64.18000030517578,64.30999755859375,63.61000061035156,63.689998626708984,529137,0.0,0.0
2023-04-25 13:30:00-04:00,63.68000030517578,63.70000076293945,63.119998931884766,63.34749984741211,393446,0.0,0.0
2023-04-25 14:30:00-04:00,63.31999969482422,63.43000030517578,63.02009963989258,63.029998779296875,285227,0.0,0.0
2023-04-25 15:30:00-04:00,63.040000915527344,63.25,63.029998779296875,63.060001373291016,680398,0.0,0.0
2023-04-26 09:30:00-04:00,64.16000366210938,64.4800033569336,63.119998931884766,63.20000076293945,598729,0.0,0.0
2023-04-26 10:30:00-04:00,63.21500015258789,63.36000061035156,62.70249938964844,62.816898345947266,546234,0.0,0.0
2023-04-26 11:30:00-04:00,62.84000015258789,63.060001373291016,62.33000183105469,62.435001373291016,453271,0.0,0.0
2023-04-26 12:30:00-04:00,62.45000076293945,62.6349983215332,62.2599983215332,62.52000045776367,398587,0.0,0.0
2023-04-26 13:30:00-04:00,62.529998779296875,62.560001373291016,61.959999084472656,62.0099983215332,367020,0.0,0.0
2023-04-26 14:30:00-04:00,62.0099983215332,62.06999969482422,61.09000015258789,61.33169937133789,863617,0.0,0.0
2023-04-26 15:30:00-04:00,61.349998474121094,61.61000061035156,60.90999984741211,61.41999816894531,705172,0.0,0.0
2023-04-27 09:30:00-04:00,62.040000915527344,62.404998779296875,61.43000030517578,61.599998474121094,444022,0.0,0.0
2023-04-27 10:30:00-04:00,61.58000183105469,61.95000076293945,61.310001373291016,61.51499938964844,514284,0.0,0.0
2023-04-27 11:30:00-04:00,61.52000045776367,61.97999954223633,61.37820053100586,61.90999984741211,656055,0.0,0.0
2023-04-27 12:30:00-04:00,61.91999816894531,62.09000015258789,61.6880989074707,61.90999984741211,287495,0.0,0.0
2023-04-27 13:30:00-04:00,61.90999984741211,62.150001525878906,61.58000183105469,61.689998626708984,532059,0.0,0.0
2023-04-27 14:30:00-04:00,61.69969940185547,61.900001525878906,61.5099983215332,61.630001068115234,379940,0.0,0.0
2023-04-27 15:30:00-04:00,61.650001525878906,61.72330093383789,61.189998626708984,61.290000915527344,638450,0.0,0.0
2023-04-28 09:30:00-04:00,61.290000915527344,61.959999084472656,60.45000076293945,61.540000915527344,663379,0.0,0.0
2023-04-28 10:30:00-04:00,61.53499984741211,61.720001220703125,60.97999954223633,61.2599983215332,357376,0.0,0.0
2023-04-28 11:30:00-04:00,61.25,61.567901611328125,61.02000045776367,61.27000045776367,336319,0.0,0.0
2023-04-28 12:30:00-04:00,61.279998779296875,61.45000076293945,60.869998931884766,61.02000045776367,672231,0.0,0.0
2023-04-28 13:30:00-04:00,61.02000045776367,61.189998626708984,60.88999938964844,61.119998931884766,594090,0.0,0.0
2023-04-28 14:30:00-04:00,61.119998931884766,61.47999954223633,61.029998779296875,61.380001068115234,913469,0.0,0.0
2023-04-28 15:30:00-04:00,61.380001068115234,61.52000045776367,61.255001068115234,61.45000076293945,443782,0.0,0.0
2023-05-01 09:30:00-04:00,61.400001525878906,61.71179962158203,61.06999969482422,61.349998474121094,380230,0.0,0.0
2023-05-01 10:30:00-04:00,61.400001525878906,61.87990188598633,61.150001525878906,61.33000183105469,325549,0.0,0.0
2023-05-01 11:30:00-04:00,61.33000183105469,61.880001068115234,61.290000915527344,61.83000183105469,207207,0.0,0.0
2023-05-01 12:30:00-04:00,61.84000015258789,61.94499969482422,61.41999816894531,61.41999816894531,207000,0.0,0.0
2023-05-01 13:30:00-04:00,61.41999816894531,61.529998779296875,61.20000076293945,61.2400016784668,217652,0.0,0.0
2023-05-01 14:30:00-04:00,61.209999084472656,61.56999969482422,61.04999923706055,61.54999923706055,356745,0.0,0.0
2023-05-01 15:30:00-04:00,61.54999923706055,61.790000915527344,61.38999938964844,61.66999816894531,616974,0.0,0.0
2023-05-02 09:30:00-04:00,61.369998931884766,61.779998779296875,60.869998931884766,61.54999923706055,545633,0.0,0.0
2023-05-02 10:30:00-04:00,61.52000045776367,62.01810073852539,61.20000076293945,61.439998626708984,534670,0.0,0.0
2023-05-02 11:30:00-04:00,61.459999084472656,61.8849983215332,61.209999084472656,61.720001220703125,295382,0.0,0.0
2023-05-02 12:30:00-04:00,61.709999084472656,61.77000045776367,61.290000915527344,61.41999816894531,216685,0.0,0.0
2023-05-02 13:30:00-04:00,61.43000030517578,61.599998474121094,61.2599983215332,61.41999816894531,189794,0.0,0.0
2023-05-02 14:30:00-04:00,61.415000915527344,61.560001373291016,61.13999938964844,61.279998779296875,275659,0.0,0.0
2023-05-02 15:30:00-04:00,61.29560089111328,61.435001373291016,60.9900016784668,61.189998626708984,520750,0.0,0.0
2023-05-03 09:30:00-04:00,61.43000030517578,61.91999816894531,60.9900016784668,61.02000045776367,468253,0.0,0.0
2023-05-03 10:30:00-04:00,61.040000915527344,61.72999954223633,60.849998474121094,61.540000915527344,389549,0.0,0.0
2023-05-03 11:30:00-04:00,61.5099983215332,61.52000045776367,60.959999084472656,61.06999969482422,274435,0.0,0.0
2023-05-03 12:30:00-04:00,61.060001373291016,61.130001068115234,60.75,61.04999923706055,329415,0.0,0.0
2023-05-03 13:30:00-04:00,61.03839874267578,61.72999954223633,60.869998931884766,61.52000045776367,484292,0.0,0.0
2023-05-03 14:30:00-04:00,61.529998779296875,61.900001525878906,60.68000030517578,60.81999969482422,507482,0.0,0.0
2023-05-03 15:30:00-04:00,60.810001373291016,60.86000061035156,60.47880172729492,60.83000183105469,684350,0.0,0.0
2023-05-04 09:30:00-04:00,60.529998779296875,62.95000076293945,60.529998779296875,61.9900016784668,816762,0.0,0.0
2023-05-04 10:30:00-04:00,61.98500061035156,63.099998474121094,61.880001068115234,62.529998779296875,770880,0.0,0.0
2023-05-04 11:30:00-04:00,62.5099983215332,62.58000183105469,61.91999816894531,62.057498931884766,268350,0.0,0.0
2023-05-04 12:30:00-04:00,62.08000183105469,62.28990173339844,61.86000061035156,62.09000015258789,222762,0.0,0.0
2023-05-04 13:30:00-04:00,62.11000061035156,62.36000061035156,62.02000045776367,62.02000045776367,177088,0.0,0.0
2023-05-04 14:30:00-04:00,62.02000045776367,62.12990188598633,61.7599983215332,62.099998474121094,286624,0.0,0.0
2023-05-04 15:30:00-04:00,62.095001220703125,62.29999923706055,61.93000030517578,62.220001220703125,540971,0.0,0.0
2023-05-05 09:30:00-04:00,63.130001068115234,63.82830047607422,62.849998474121094,63.58000183105469,664088,0.0,0.0
2023-05-05 10:30:00-04:00,63.59000015258789,64.08000183105469,63.529998779296875,63.64500045776367,505735,0.0,0.0
2023-05-05 11:30:00-04:00,63.63999938964844,63.709999084472656,63.09000015258789,63.38999938964844,297362,0.0,0.0
2023-05-05 12:30:00-04:00,63.38999938964844,63.56999969482422,63.11000061035156,63.56999969482422,234599,0.0,0.0
2023-05-05 13:30:00-04:00,63.58000183105469,63.66999816894531,63.310001373291016,63.423301696777344,265323,0.0,0.0
2023-05-05 14:30:00-04:00,63.41999816894531,63.560001373291016,63.099998474121094,63.22999954223633,428754,0.0,0.0
2023-05-05 15:30:00-04:00,63.22999954223633,63.439998626708984,63.220001220703125,63.400001525878906,440682,0.0,0.0
2023-05-08 09:30:00-04:00,63.45000076293945,63.95000076293945,62.845001220703125,62.90999984741211,313451,0.0,0.0
2023-05-08 10:30:00-04:00,62.91999816894531,63.3650016784668,62.88999938964844,62.900001525878906,229606,0.0,0.0
2023-05-08 11:30:00-04:00,62.900001525878906,63.0099983215332,62.66999816894531,62.71500015258789,247264,0.0,0.0
2023-05-08 12:30:00-04:00,62.724998474121094,62.849998474121094,62.5,62.599998474121094,204814,0.0,0.0
2023-05-08 13:30:00-04:00,62.60499954223633,63.38999938964844,62.60499954223633,62.95500183105469,294515,0.0,0.0
2023-05-08 14:30:00-04:00,62.959999084472656,63.36000061035156,62.95000076293945,63.040000915527344,259810,0.0,0.0
2023-05-08 15:30:00-04:00,63.02000045776367,63.279998779296875,62.744998931884766,62.959999084472656,593975,0.0,0.0
2023-05-09 09:30:00-04:00,62.2599983215332,62.63999938964844,62.209999084472656,62.48500061035156,351359,0.0,0.0
2023-05-09 10:30:00-04:00,62.470001220703125,62.790000915527344,62.40999984741211,62.540000915527344,284199,0.0,0.0
2023-05-09 11:30:00-04:00,62.540000915527344,62.880001068115234,62.37089920043945,62.810001373291016,232852,0.0,0.0
2023-05-09 12:30:00-04:00,62.81999969482422,64.55000305175781,62.685001373291016,63.81999969482422,1257979,0.0,0.0
2023-05-09 13:30:00-04:00,63.810001373291016,63.84000015258789,63.45000076293945,63.577999114990234,268906,0.0,0.0
2023-05-09 14:30:00-04:00,63.56999969482422,63.685001373291016,63.36000061035156,63.41999816894531,248969,0.0,0.0
2023-05-09 15:30:00-04:00,63.400001525878906,63.56999969482422,63.34000015258789,63.560001373291016,507525,0.0,0.0
2023-05-10 09:30:00-04:00,64.13999938964844,65.66999816894531,64.13999938964844,64.73999786376953,760353,0.0,0.0
2023-05-10 10:30:00-04:00,64.7300033569336,64.83799743652344,64.33000183105469,64.44000244140625,408030,0.0,0.0
2023-05-10 11:30:00-04:00,64.45999908447266,64.80860137939453,64.05000305175781,64.80000305175781,444533,0.0,0.0
2023-05-10 12:30:00-04:00,64.80000305175781,64.86370086669922,64.23999786376953,64.26000213623047,273350,0.0,0.0
2023-05-10 13:30:00-04:00,64.2300033569336,64.30000305175781,64.05000305175781,64.11000061035156,220733,0.0,0.0
2023-05-10 14:30:00-04:00,64.12000274658203,64.87999725341797,64.08000183105469,64.77999877929688,487940,0.0,0.0
2023-05-10 15:30:00-04:00,64.76499938964844,64.83999633789062,64.30000305175781,64.4800033569336,478694,0.0,0.0
2023-05-11 09:30:00-04:00,64.7300033569336,65.05000305175781,63.970001220703125,64.21499633789062,686798,0.0,0.0
2023-05-11 10:30:00-04:00,64.22750091552734,64.24500274658203,63.720001220703125,63.88999938964844,253460,0.0,0.0
2023-05-11 11:30:00-04:00,63.87889862060547,64.27999877929688,63.810001373291016,64.19000244140625,191629,0.0,0.0
2023-05-11 12:30:00-04:00,64.1500015258789,64.27999877929688,64.05500030517578,64.11000061035156,132958,0.0,0.0
2023-05-11 13:30:00-04:00,64.08000183105469,64.25749969482422,63.93000030517578,64.181396484375,125874,0.0,0.0
2023-05-11 14:30:00-04:00,64.18000030517578,64.6050033569336,64.1500015258789,64.45099639892578,393131,0.0,0.0
2023-05-11 15:30:00-04:00,64.44999694824219,64.4800033569336,64.16999816894531,64.44999694824219,362313,0.0,0.0
2023-05-12 09:30:00-04:00,64.16999816894531,64.41000366210938,63.58000183105469,63.70000076293945,252857,0.0,0.0
2023-05-12 10:30:00-04:00,63.69499969482422,63.959999084472656,63.56999969482422,63.65629959106445,217277,0.0,0.0
2023-05-12 11:30:00-04:00,63.66999816894531,63.91999816894531,63.619998931884766,63.619998931884766,166586,0.0,0.0
2023-05-12 12:30:00-04:00,63.6150016784668,64.04000091552734,63.290000915527344,63.95000076293945,415976,0.0,0.0
2023-05-12 13:30:00-04:00,63.9900016784668,64.02999877929688,63.599998474121094,63.599998474121094,230645,0.0,0.0
2023-05-12 14:30:00-04:00,63.61000061035156,63.7599983215332,63.470001220703125,63.65999984741211,719283,0.0,0.0
2023-05-12 15:30:00-04:00,63.66999816894531,63.80500030517578,63.6150016784668,63.70000076293945,451028,0.0,0.0
2023-05-15 09:30:00-04:00,63.400001525878906,64.33999633789062,63.29999923706055,64.19000244140625,288853,0.0,0.0
2023-05-15 10:30:00-04:00,64.16999816894531,64.54499816894531,63.900001525878906,64.48100280761719,311450,0.0,0.0
2023-05-15 11:30:00-04:00,64.48999786376953,65.17990112304688,64.4800033569336,65.06500244140625,525175,0.0,0.0
2023-05-15 12:30:00-04:00,65.05000305175781,65.75,64.98999786376953,65.61499786376953,349112,0.0,0.0
2023-05-15 13:30:00-04:00,65.63999938964844,65.83000183105469,65.48999786376953,65.75,309478,0.0,0.0
2023-05-15 14:30:00-04:00,65.76000213623047,65.97000122070312,65.62999725341797,65.87989807128906,392593,0.0,0.0
2023-05-15 15:30:00-04:00,65.86000061035156,66.05000305175781,65.7750015258789,66.02999877929688,538261,0.0,0.0
2023-05-16 09:30:00-04:00,65.86000061035156,66.48970031738281,65.5199966430664,66.37000274658203,510701,0.0,0.0
2023-05-16 10:30:00-04:00,66.41000366210938,66.58999633789062,65.79029846191406,66.05999755859375,440377,0.0,0.0
2023-05-16 11:30:00-04:00,66.06999969482422,66.08000183105469,65.63999938964844,65.79499816894531,255586,0.0,0.0
2023-05-16 12:30:00-04:00,65.80000305175781,65.91000366210938,65.58999633789062,65.66000366210938,183301,0.0,0.0
2023-05-16 13:30:00-04:00,65.62999725341797,66.0,65.55999755859375,65.9800033569336,207261,0.0,0.0
2023-05-16 14:30:00-04:00,65.99500274658203,66.23999786376953,65.80999755859375,66.19499969482422,369648,0.0,0.0
2023-05-16 15:30:00-04:00,66.16500091552734,66.29000091552734,65.93000030517578,65.9800033569336,599554,0.0,0.0
2023-05-17 09:30:00-04:00,66.08999633789062,66.0999984741211,64.91000366210938,65.53500366210938,365846,0.0,0.0
2023-05-17 10:30:00-04:00,65.54000091552734,66.3499984741211,65.54000091552734,66.3499984741211,485910,0.0,0.0
2023-05-17 11:30:00-04:00,66.31999969482422,66.9000015258789,66.29000091552734,66.9000015258789,546250,0.0,0.0
2023-05-17 12:30:00-04:00,66.9000015258789,67.43000030517578,66.73999786376953,67.375,517246,0.0,0.0
2023-05-17 13:30:00-04:00,67.37000274658203,67.70999908447266,67.33999633789062,67.51000213623047,474614,0.0,0.0
2023-05-17 14:30:00-04:00,67.51000213623047,67.80999755859375,67.23069763183594,67.68000030517578,471406,0.0,0.0
2023-05-17 15:30:00-04:00,67.69000244140625,67.94999694824219,67.58000183105469,67.86000061035156,830168,0.0,0.0
2023-05-18 09:30:00-04:00,67.83000183105469,68.95999908447266,67.62999725341797,68.91000366210938,713164,0.0,0.0
2023-05-18 10:30:00-04:00,68.91000366210938,69.6500015258789,68.8375015258789,69.56999969482422,537357,0.0,0.0
2023-05-18 11:30:00-04:00,69.56500244140625,69.56999969482422,68.55500030517578,68.6095962524414,501630,0.0,0.0
2023-05-18 12:30:00-04:00,68.58999633789062,68.6500015258789,68.36000061035156,68.44999694824219,293459,0.0,0.0
2023-05-18 13:30:00-04:00,68.47000122070312,68.56999969482422,68.13999938964844,68.43000030517578,284065,0.0,0.0
2023-05-18 14:30:00-04:00,68.44000244140625,69.14800262451172,68.3949966430664,69.06999969482422,454246,0.0,0.0
2023-05-18 15:30:00-04:00,69.06999969482422,69.66999816894531,69.0250015258789,69.52999877929688,818659,0.0,0.0
2023-05-19 09:30:00-04:00,69.16999816894531,70.11849975585938,68.7699966430664,69.54000091552734,599090,0.0,0.0
2023-05-19 10:30:00-04:00,69.54000091552734,69.79000091552734,69.26000213623047,69.30000305175781,411166,0.0,0.0
2023-05-19 11:30:00-04:00,69.29000091552734,69.73500061035156,68.94999694824219,69.4800033569336,428940,0.0,0.0
2023-05-19 12:30:00-04:00,69.47000122070312,69.5,69.0199966430664,69.19999694824219,302473,0.0,0.0
2023-05-19 13:30:00-04:00,69.22000122070312,69.55999755859375,69.1500015258789,69.32499694824219,270180,0.0,0.0
2023-05-19 14:30:00-04:00,69.31999969482422,69.41000366210938,69.03500366210938,69.26000213623047,425603,0.0,0.0
2023-05-19 15:30:00-04:00,69.27999877929688,69.55000305175781,69.20999908447266,69.4000015258789,653862,0.0,0.0
2023-05-22 09:30:00-04:00,69.3499984741211,70.18000030517578,68.8499984741211,69.83999633789062,982107,0.0,0.0
2023-05-22 10:30:00-04:00,69.83999633789062,70.4000015258789,69.79000091552734,70.3499984741211,682532,0.0,0.0
2023-05-22 11:30:00-04:00,70.37000274658203,70.76499938964844,70.18000030517578,70.38999938964844,546936,0.0,0.0
2023-05-22 12:30:00-04:00,70.37999725341797,71.26000213623047,70.36000061035156,71.25,623575,0.0,0.0
2023-05-22 13:30:00-04:00,71.25,71.58000183105469,71.0,71.32499694824219,717372,0.0,0.0
2023-05-22 14:30:00-04:00,71.32499694824219,71.98999786376953,71.30999755859375,71.68499755859375,987818,0.0,0.0
2023-05-22 15:30:00-04:00,71.69000244140625,71.75,71.22000122070312,71.48999786376953,1460166,0.0,0.0
2023-05-23 09:30:00-04:00,69.0,69.0999984741211,65.18000030517578,66.23999786376953,7488732,0.0,0.0
2023-05-23 10:30:00-04:00,66.21769714355469,67.08999633789062,66.0199966430664,66.11000061035156,2168047,0.0,0.0
2023-05-23 11:30:00-04:00,66.11499786376953,66.37000274658203,65.46040344238281,65.98999786376953,1786100,0.0,0.0
2023-05-23 12:30:00-04:00,66.0,66.80999755859375,65.66000366210938,66.49620056152344,1210214,0.0,0.0
2023-05-23 13:30:00-04:00,66.44999694824219,66.83000183105469,65.61000061035156,65.79000091552734,1016270,0.0,0.0
2023-05-23 14:30:00-04:00,65.81009674072266,66.29000091552734,65.79000091552734,66.01000213623047,1067761,0.0,0.0
2023-05-23 15:30:00-04:00,66.0,66.33000183105469,65.55000305175781,65.6500015258789,1591012,0.0,0.0
2023-05-24 09:30:00-04:00,64.9000015258789,66.44999694824219,64.06999969482422,64.1500015258789,1478697,0.0,0.0
2023-05-24 10:30:00-04:00,64.16999816894531,64.43000030517578,63.529998779296875,63.77000045776367,1124118,0.0,0.0
2023-05-24 11:30:00-04:00,63.790000915527344,63.81999969482422,63.189998626708984,63.52370071411133,798655,0.0,0.0
2023-05-24 12:30:00-04:00,63.540000915527344,63.54999923706055,62.81999969482422,63.099998474121094,783295,0.0,0.0
2023-05-24 13:30:00-04:00,63.099998474121094,63.27000045776367,62.88999938964844,63.029998779296875,580552,0.0,0.0
2023-05-24 14:30:00-04:00,63.025001525878906,63.025001525878906,62.349998474121094,62.6150016784668,903184,0.0,0.0
2023-05-24 15:30:00-04:00,62.61000061035156,62.88999938964844,62.5,62.619998931884766,1079899,0.0,0.0
2023-05-25 09:30:00-04:00,62.45000076293945,63.16999816894531,61.560001373291016,61.959999084472656,1223874,0.0,0.0
2023-05-25 10:30:00-04:00,61.970001220703125,63.064998626708984,61.810001373291016,62.7400016784668,730970,0.0,0.0
2023-05-25 11:30:00-04:00,62.70000076293945,63.54999923706055,62.63999938964844,63.41999816894531,527706,0.0,0.0
2023-05-25 12:30:00-04:00,63.43000030517578,63.45000076293945,62.650001525878906,62.98500061035156,554037,0.0,0.0
2023-05-25 13:30:00-04:00,62.959999084472656,64.03990173339844,62.91999816894531,63.959999084472656,639913,0.0,0.0
2023-05-25 14:30:00-04:00,63.959999084472656,65.05999755859375,63.689998626708984,64.91000366210938,1306976,0.0,0.0
2023-05-25 15:30:00-04:00,64.91000366210938,65.55000305175781,64.77999877929688,65.12999725341797,1119210,0.0,0.0
2023-05-26 09:30:00-04:00,65.43000030517578,66.98999786376953,65.1500015258789,66.86499786376953,1002283,0.0,0.0
2023-05-26 10:30:00-04:00,66.87999725341797,67.79869842529297,66.80999755859375,67.49500274658203,1005541,0.0,0.0
2023-05-26 11:30:00-04:00,67.48999786376953,68.4800033569336,67.48999786376953,67.77880096435547,834355,0.0,0.0
2023-05-26 12:30:00-04:00,67.80999755859375,68.13999938964844,67.4800033569336,67.75,533286,0.0,0.0
2023-05-26 13:30:00-04:00,67.76499938964844,67.84500122070312,67.0199966430664,67.05999755859375,537626,0.0,0.0
2023-05-26 14:30:00-04:00,67.08000183105469,67.13999938964844,66.5999984741211,66.69000244140625,712652,0.0,0.0
2023-05-26 15:30:00-04:00,66.70999908447266,66.72000122070312,66.22000122070312,66.25,965348,0.0,0.0
2023-05-30 09:30:00-04:00,67.0739974975586,67.25920104980469,63.93000030517578,64.2750015258789,1272423,0.0,0.0
2023-05-30 10:30:00-04:00,64.25,65.1500015258789,64.2249984741211,64.97000122070312,562173,0.0,0.0
2023-05-30 11:30:00-04:00,64.98999786376953,65.375,64.61000061035156,64.66000366210938,496787,0.0,0.0
2023-05-30 12:30:00-04:00,64.68000030517578,64.95999908447266,64.47000122070312,64.55000305175781,329372,0.0,0.0
2023-05-30 13:30:00-04:00,64.55000305175781,65.55500030517578,64.45500183105469,65.52999877929688,374737,0.0,0.0
2023-05-30 14:30:00-04:00,65.5199966430664,65.95829772949219,65.51000213623047,65.80999755859375,454103,0.0,0.0
2023-05-30 15:30:00-04:00,65.80999755859375,65.92500305175781,65.5999984741211,65.66999816894531,762141,0.0,0.0
2023-05-31 09:30:00-04:00,65.36000061035156,66.16000366210938,65.060302734375,65.55999755859375,527194,0.0,0.0
2023-05-31 10:30:00-04:00,65.5822982788086,65.9800033569336,65.4000015258789,65.55500030517578,319409,0.0,0.0
2023-05-31 11:30:00-04:00,65.54000091552734,65.55500030517578,65.25,65.45999908447266,296683,0.0,0.0
2023-05-31 12:30:00-04:00,65.48500061035156,66.5999984741211,65.41999816894531,66.58000183105469,502706,0.0,0.0
2023-05-31 13:30:00-04:00,66.56999969482422,66.95500183105469,66.50700378417969,66.94499969482422,550232,0.0,0.0
2023-05-31 14:30:00-04:00,66.94000244140625,66.97000122070312,66.54000091552734,66.62999725341797,385723,0.0,0.0
2023-05-31 15:30:00-04:00,66.62999725341797,67.3499984741211,66.4800033569336,67.0999984741211,900433,0.0,0.0
2023-06-01 09:30:00-04:00,66.16999816894531,67.3324966430664,66.06999969482422,67.3324966430664,564695,0.0,0.0
2023-06-01 10:30:00-04:00,67.3499984741211,67.7699966430664,67.01940155029297,67.19999694824219,497453,0.0,0.0
2023-06-01 11:30:00-04:00,67.19999694824219,68.01000213623047,67.13999938964844,67.87000274658203,293580,0.0,0.0
2023-06-01 12:30:00-04:00,67.87000274658203,68.0199966430664,67.61000061035156,67.9800033569336,256512,0.0,0.0
2023-06-01 13:30:00-04:00,67.9800033569336,68.4000015258789,67.8949966430664,68.29499816894531,283440,0.0,0.0
2023-06-01 14:30:00-04:00,68.30999755859375,68.7300033569336,68.19999694824219,68.37000274658203,458861,0.0,0.0
2023-06-01 15:30:00-04:00,68.37000274658203,68.4000015258789,67.75,67.8499984741211,544561,0.0,0.0
2023-06-02 09:30:00-04:00,68.76000213623047,69.08999633789062,67.06999969482422,67.47000122070312,741377,0.0,0.0
2023-06-02 10:30:00-04:00,67.48999786376953,68.75,67.3949966430664,68.70999908447266,542972,0.0,0.0
2023-06-02 11:30:00-04:00,68.71499633789062,68.87000274658203,68.34500122070312,68.44000244140625,358737,0.0,0.0
2023-06-02 12:30:00-04:00,68.44999694824219,68.76000213623047,68.44999694824219,68.66999816894531,248720,0.0,0.0
2023-06-02 13:30:00-04:00,68.67500305175781,68.67500305175781,67.88999938964844,67.91000366210938,324898,0.0,0.0
2023-06-02 14:30:00-04:00,67.91000366210938,68.05999755859375,67.27999877929688,67.29000091552734,368713,0.0,0.0
2023-06-02 15:30:00-04:00,67.29000091552734,67.3499984741211,67.02999877929688,67.0999984741211,749137,0.0,0.0
2023-06-05 09:30:00-04:00,66.75,67.69000244140625,65.00499725341797,67.12999725341797,1649032,0.0,0.0
2023-06-05 10:30:00-04:00,67.11499786376953,67.51000213623047,66.56999969482422,66.94000244140625,720388,0.0,0.0
2023-06-05 11:30:00-04:00,66.94000244140625,67.54000091552734,66.87000274658203,67.37999725341797,461428,0.0,0.0
2023-06-05 12:30:00-04:00,67.41500091552734,68.2300033569336,67.30000305175781,68.05000305175781,590234,0.0,0.0
2023-06-05 13:30:00-04:00,68.05999755859375,69.68000030517578,67.0999984741211,68.88999938964844,2831331,0.0,0.0
2023-06-05 14:30:00-04:00,68.9000015258789,69.3499984741211,68.5999984741211,69.26000213623047,873810,0.0,0.0
2023-06-05 15:30:00-04:00,69.26000213623047,69.54000091552734,68.94999694824219,69.05000305175781,891679,0.0,0.0
2023-06-06 09:30:00-04:00,68.44000244140625,69.19999694824219,68.04000091552734,69.03500366210938,747690,0.0,0.0
2023-06-06 10:30:00-04:00,69.0,69.62999725341797,68.9800033569336,69.09500122070312,492434,0.0,0.0
2023-06-06 11:30:00-04:00,69.08049774169922,69.29000091552734,68.93000030517578,69.02999877929688,386933,0.0,0.0
2023-06-06 12:30:00-04:00,69.03500366210938,69.41000366210938,68.76000213623047,69.41000366210938,430714,0.0,0.0
2023-06-06 13:30:00-04:00,69.41999816894531,69.62999725341797,69.2699966430664,69.56999969482422,448317,0.0,0.0
2023-06-06 14:30:00-04:00,69.56999969482422,69.69999694824219,69.44999694824219,69.50499725341797,346502,0.0,0.0
2023-06-06 15:30:00-04:00,69.51000213623047,69.54000091552734,69.37000274658203,69.51000213623047,629346,0.0,0.0
2023-06-07 09:30:00-04:00,69.9800033569336,70.83000183105469,68.9000015258789,69.09549713134766,791385,0.0,0.0
2023-06-07 10:30:00-04:00,69.05000305175781,69.06999969482422,68.25,68.76000213623047,397964,0.0,0.0
2023-06-07 11:30:00-04:00,68.7300033569336,68.81999969482422,66.9000015258789,66.9800033569336,570388,0.0,0.0
2023-06-07 12:30:00-04:00,66.96499633789062,67.31999969482422,66.29000091552734,66.38999938964844,652412,0.0,0.0
2023-06-07 13:30:00-04:00,66.37999725341797,66.94499969482422,66.06500244140625,66.88999938964844,553668,0.0,0.0
2023-06-07 14:30:00-04:00,66.91999816894531,67.24500274658203,66.5,66.51499938964844,686485,0.0,0.0
2023-06-07 15:30:00-04:00,66.5,66.55000305175781,66.08000183105469,66.5199966430664,1190720,0.0,0.0
2023-06-08 09:30:00-04:00,66.5,66.91999816894531,65.92060089111328,66.625,426040,0.0,0.0
2023-06-08 10:30:00-04:00,66.6449966430664,67.0,66.58999633789062,66.98500061035156,277658,0.0,0.0
2023-06-08 11:30:00-04:00,66.98500061035156,67.1449966430664,66.55500030517578,66.77999877929688,307846,0.0,0.0
2023-06-08 12:30:00-04:00,66.73999786376953,66.73999786376953,66.18000030517578,66.42500305175781,395229,0.0,0.0
2023-06-08 13:30:00-04:00,66.41999816894531,66.73999786376953,66.2699966430664,66.40499877929688,201721,0.0,0.0
2023-06-08 14:30:00-04:00,66.43000030517578,66.83000183105469,66.4219970703125,66.77999877929688,223250,0.0,0.0
2023-06-08 15:30:00-04:00,66.79000091552734,67.16999816894531,66.70999908447266,66.76000213623047,571134,0.0,0.0
2023-06-09 09:30:00-04:00,68.05000305175781,68.83999633789062,67.9800033569336,68.36000061035156,830927,0.0,0.0
2023-06-09 10:30:00-04:00,68.37999725341797,68.44999694824219,66.69000244140625,66.72000122070312,506581,0.0,0.0
2023-06-09 11:30:00-04:00,66.68000030517578,67.55000305175781,66.5999984741211,67.15499877929688,574453,0.0,0.0
2023-06-09 12:30:00-04:00,67.16999816894531,67.25,66.9800033569336,67.22000122070312,309749,0.0,0.0
2023-06-09 13:30:00-04:00,67.2300033569336,67.52999877929688,66.83999633789062,67.27999877929688,329878,0.0,0.0
2023-06-09 14:30:00-04:00,67.30000305175781,67.48999786376953,67.1500015258789,67.44499969482422,323943,0.0,0.0
2023-06-09 15:30:00-04:00,67.44000244140625,67.66000366210938,67.0,67.1500015258789,618783,0.0,0.0
2023-06-12 09:30:00-04:00,67.13999938964844,68.5999984741211,66.66000366210938,68.12999725341797,1240153,0.0,0.0
2023-06-12 10:30:00-04:00,68.12000274658203,68.72000122070312,68.08999633789062,68.54000091552734,383701,0.0,0.0
2023-06-12 11:30:00-04:00,68.54000091552734,70.1698989868164,68.5,69.73500061035156,991153,0.0,0.0
2023-06-12 12:30:00-04:00,69.73999786376953,70.3499984741211,69.3499984741211,69.40499877929688,788704,0.0,0.0
2023-06-12 13:30:00-04:00,69.41999816894531,69.54000091552734,69.05269622802734,69.16500091552734,402818,0.0,0.0
2023-06-12 14:30:00-04:00,69.13999938964844,69.20999908447266,68.7300033569336,68.79000091552734,504930,0.0,0.0
2023-06-12 15:30:00-04:00,68.78500366210938,69.19999694824219,68.68000030517578,69.19000244140625,691740,0.0,0.0
2023-06-13 09:30:00-04:00,69.43000030517578,69.88999938964844,68.66000366210938,69.28500366210938,1030260,0.0,0.0
2023-06-13 10:30:00-04:00,69.29000091552734,69.47000122070312,68.91000366210938,68.94999694824219,479627,0.0,0.0
2023-06-13 11:30:00-04:00,68.91999816894531,69.19999694824219,68.44999694824219,68.54000091552734,477575,0.0,0.0
2023-06-13 12:30:00-04:00,68.54519653320312,69.30000305175781,68.4800033569336,69.04000091552734,287564,0.0,0.0
2023-06-13 13:30:00-04:00,69.05999755859375,69.11000061035156,68.45999908447266,68.63999938964844,411163,0.0,0.0
2023-06-13 14:30:00-04:00,68.66000366210938,68.83999633789062,68.53500366210938,68.58000183105469,433297,0.0,0.0
2023-06-13 15:30:00-04:00,68.58999633789062,68.83999633789062,68.41999816894531,68.83000183105469,516762,0.0,0.0
2023-06-14 09:30:00-04:00,68.43000030517578,68.80000305175781,67.73999786376953,67.94999694824219,612854,0.0,0.0
2023-06-14 10:30:00-04:00,67.9000015258789,68.66000366210938,67.86000061035156,68.42500305175781,365397,0.0,0.0
2023-06-14 11:30:00-04:00,68.44999694824219,69.08000183105469,68.38999938964844,68.78710174560547,321084,0.0,0.0
2023-06-14 12:30:00-04:00,68.7699966430664,68.8499984741211,68.13500213623047,68.18000030517578,176390,0.0,0.0
2023-06-14 13:30:00-04:00,68.19000244140625,68.22000122070312,66.94000244140625,67.15989685058594,485300,0.0,0.0
2023-06-14 14:30:00-04:00,67.1500015258789,68.5999984741211,66.99500274658203,68.4000015258789,506557,0.0,0.0
2023-06-14 15:30:00-04:00,68.38999938964844,68.66000366210938,68.27999877929688,68.43000030517578,598254,0.0,0.0
2023-06-15 09:30:00-04:00,67.73999786376953,69.30999755859375,67.66000366210938,68.67500305175781,475260,0.0,0.0
2023-06-15 10:30:00-04:00,68.6500015258789,68.94000244140625,68.0999984741211,68.92500305175781,333043,0.0,0.0
2023-06-15 11:30:00-04:00,68.94000244140625,69.5999984741211,68.88500213623047,69.4000015258789,350516,0.0,0.0
2023-06-15 12:30:00-04:00,69.41999816894531,69.77050018310547,69.17479705810547,69.77050018310547,227663,0.0,0.0
2023-06-15 13:30:00-04:00,69.77999877929688,69.98999786376953,69.66999816894531,69.90760040283203,248942,0.0,0.0
2023-06-15 14:30:00-04:00,69.91500091552734,70.3499984741211,69.87999725341797,70.05500030517578,506305,0.0,0.0
2023-06-15 15:30:00-04:00,70.06999969482422,70.1500015258789,69.83000183105469,69.91000366210938,555734,0.0,0.0
2023-06-16 09:30:00-04:00,70.12000274658203,70.17990112304688,69.31999969482422,69.37999725341797,685318,0.0,0.0
2023-06-16 10:30:00-04:00,69.43000030517578,69.81999969482422,69.01000213623047,69.06999969482422,360391,0.0,0.0
2023-06-16 11:30:00-04:00,69.05999755859375,69.6500015258789,69.05000305175781,69.51499938964844,251461,0.0,0.0
2023-06-16 12:30:00-04:00,69.51499938964844,69.96990203857422,69.5,69.70999908447266,196025,0.0,0.0
2023-06-16 13:30:00-04:00,69.70999908447266,69.81999969482422,69.54000091552734,69.79000091552734,215595,0.0,0.0
2023-06-16 14:30:00-04:00,69.77999877929688,69.91999816894531,69.57499694824219,69.88999938964844,334395,0.0,0.0
2023-06-16 15:30:00-04:00,69.87999725341797,70.47000122070312,69.87999725341797,70.05999755859375,733936,0.0,0.0
2023-06-20 09:30:00-04:00,69.20999908447266,71.48999786376953,69.12999725341797,69.75,870857,0.0,0.0
2023-06-20 10:30:00-04:00,69.72000122070312,69.88999938964844,69.05999755859375,69.69999694824219,424416,0.0,0.0
2023-06-20 11:30:00-04:00,69.72000122070312,70.11499786376953,69.55500030517578,70.07009887695312,301512,0.0,0.0
2023-06-20 12:30:00-04:00,70.08000183105469,70.9000015258789,69.97000122070312,70.8499984741211,456145,0.0,0.0
2023-06-20 13:30:00-04:00,70.86000061035156,71.04000091552734,70.47000122070312,70.52999877929688,419258,0.0,0.0
2023-06-20 14:30:00-04:00,70.52999877929688,70.52999877929688,70.16000366210938,70.4749984741211,319242,0.0,0.0
2023-06-20 15:30:00-04:00,70.47000122070312,70.73999786376953,70.33000183105469,70.54000091552734,605572,0.0,0.0
2023-06-21 09:30:00-04:00,70.51000213623047,71.0,67.79499816894531,67.9800033569336,685405,0.0,0.0
2023-06-21 10:30:00-04:00,67.98999786376953,68.33000183105469,67.30999755859375,67.55999755859375,735055,0.0,0.0
2023-06-21 11:30:00-04:00,67.53500366210938,67.80000305175781,67.18000030517578,67.56999969482422,389006,0.0,0.0
2023-06-21 12:30:00-04:00,67.58999633789062,67.77999877929688,67.31500244140625,67.62000274658203,243162,0.0,0.0
2023-06-21 13:30:00-04:00,67.62000274658203,68.08000183105469,67.61820220947266,67.9800033569336,240284,0.0,0.0
2023-06-21 14:30:00-04:00,67.98999786376953,68.10810089111328,67.5,67.5999984741211,314861,0.0,0.0
2023-06-21 15:30:00-04:00,67.61000061035156,67.68000030517578,66.8499984741211,66.92500305175781,821146,0.0,0.0
2023-06-22 09:30:00-04:00,66.58999633789062,66.70999908447266,65.80000305175781,66.20999908447266,441527,0.0,0.0
2023-06-22 10:30:00-04:00,66.25,66.41500091552734,65.61000061035156,66.41500091552734,350920,0.0,0.0
2023-06-22 11:30:00-04:00,66.4000015258789,67.08000183105469,66.3499984741211,66.73999786376953,232848,0.0,0.0
2023-06-22 12:30:00-04:00,66.75,66.94999694824219,66.62999725341797,66.83000183105469,123033,0.0,0.0
2023-06-22 13:30:00-04:00,66.81999969482422,67.12999725341797,66.81999969482422,66.98999786376953,198738,0.0,0.0
2023-06-22 14:30:00-04:00,66.95999908447266,67.27359771728516,66.83999633789062,67.125,190224,0.0,0.0
2023-06-22 15:30:00-04:00,67.13500213623047,67.4800033569336,67.06999969482422,67.44999694824219,397702,0.0,0.0
2023-06-23 09:30:00-04:00,66.4800033569336,66.77999877929688,65.76000213623047,66.13999938964844,322872,0.0,0.0
2023-06-23 10:30:00-04:00,66.1500015258789,66.61000061035156,65.91000366210938,66.0989990234375,217285,0.0,0.0
2023-06-23 11:30:00-04:00,66.0999984741211,67.18499755859375,66.0,67.14350128173828,321510,0.0,0.0
2023-06-23 12:30:00-04:00,67.16000366210938,67.4845962524414,67.01000213623047,67.3499984741211,302363,0.0,0.0
2023-06-23 13:30:00-04:00,67.37000274658203,67.47000122070312,66.95999908447266,67.02999877929688,202283,0.0,0.0
2023-06-23 14:30:00-04:00,67.03500366210938,67.18000030517578,66.83999633789062,67.04000091552734,273450,0.0,0.0
2023-06-23 15:30:00-04:00,67.04000091552734,67.06999969482422,66.23999786376953,66.58999633789062,635737,0.0,0.0
2023-06-26 09:30:00-04:00,66.54000091552734,67.86000061035156,66.41000366210938,67.7300033569336,413741,0.0,0.0
2023-06-26 10:30:00-04:00,67.77369689941406,67.8499984741211,67.12010192871094,67.18000030517578,255654,0.0,0.0
2023-06-26 11:30:00-04:00,67.16999816894531,67.58999633789062,66.7699966430664,66.7699966430664,381798,0.0,0.0
2023-06-26 12:30:00-04:00,66.76129913330078,67.04340362548828,66.58999633789062,67.0248031616211,224128,0.0,0.0
2023-06-26 13:30:00-04:00,67.02200317382812,67.08000183105469,66.8499984741211,67.01000213623047,169164,0.0,0.0
2023-06-26 14:30:00-04:00,67.0199966430664,67.16999816894531,66.80999755859375,66.87190246582031,185903,0.0,0.0
2023-06-26 15:30:00-04:00,66.87000274658203,66.95999908447266,66.44999694824219,66.62000274658203,544460,0.0,0.0
2023-06-27 09:30:00-04:00,67.02999877929688,67.45850372314453,66.70999908447266,66.88999938964844,254283,0.0,0.0
2023-06-27 10:30:00-04:00,66.87999725341797,67.12999725341797,66.62000274658203,67.12999725341797,228157,0.0,0.0
2023-06-27 11:30:00-04:00,67.12999725341797,67.48999786376953,67.01000213623047,67.44000244140625,184784,0.0,0.0
2023-06-27 12:30:00-04:00,67.45999908447266,67.75,67.3499984741211,67.69999694824219,275784,0.0,0.0
2023-06-27 13:30:00-04:00,67.70999908447266,67.9800033569336,67.69950103759766,67.95999908447266,182618,0.0,0.0
2023-06-27 14:30:00-04:00,67.97000122070312,68.197998046875,67.62000274658203,68.19000244140625,306831,0.0,0.0
2023-06-27 15:30:00-04:00,68.19999694824219,68.33999633789062,67.95999908447266,68.05999755859375,440252,0.0,0.0
2023-06-28 09:30:00-04:00,67.97000122070312,68.62999725341797,67.54519653320312,68.4800033569336,333091,0.0,0.0
2023-06-28 10:30:00-04:00,68.5,69.05999755859375,67.63999938964844,67.94000244140625,368607,0.0,0.0
2023-06-28 11:30:00-04:00,67.97000122070312,68.45999908447266,67.91999816894531,68.20999908447266,216261,0.0,0.0
2023-06-28 12:30:00-04:00,68.20999908447266,68.20999908447266,67.79000091552734,68.18000030517578,165867,0.0,0.0
2023-06-28 13:30:00-04:00,68.19999694824219,68.4800033569336,68.08999633789062,68.3499984741211,229811,0.0,0.0
2023-06-28 14:30:00-04:00,68.33000183105469,68.6260986328125,68.27010345458984,68.52999877929688,235680,0.0,0.0
2023-06-28 15:30:00-04:00,68.5199966430664,68.73999786376953,68.41000366210938,68.73500061035156,331726,0.0,0.0
2023-06-29 09:30:00-04:00,68.55000305175781,68.55000305175781,67.51000213623047,67.58000183105469,448779,0.0,0.0
2023-06-29 10:30:00-04:00,67.62000274658203,67.73999786376953,67.16999816894531,67.61000061035156,302994,0.0,0.0
2023-06-29 11:30:00-04:00,67.62000274658203,67.72000122070312,67.1500015258789,67.69999694824219,227014,0.0,0.0
2023-06-29 12:30:00-04:00,67.70999908447266,68.11499786376953,67.62000274658203,68.02999877929688,250960,0.0,0.0
2023-06-29 13:30:00-04:00,68.0199966430664,68.19999694824219,67.5,67.69999694824219,269418,0.0,0.0
2023-06-29 14:30:00-04:00,67.70549774169922,67.91000366210938,67.52999877929688,67.62999725341797,242140,0.0,0.0
2023-06-29 15:30:00-04:00,67.62999725341797,67.80999755859375,67.4800033569336,67.62000274658203,357949,0.0,0.0
2023-06-30 09:30:00-04:00,68.52999877929688,68.55500030517578,67.80000305175781,68.18499755859375,307359,0.0,0.0
2023-06-30 10:30:00-04:00,68.18000030517578,68.3499984741211,67.62999725341797,68.0999984741211,280837,0.0,0.0
2023-06-30 11:30:00-04:00,68.11000061035156,68.11000061035156,67.69999694824219,67.83999633789062,125021,0.0,0.0
2023-06-30 12:30:00-04:00,67.8499984741211,68.3499984741211,67.80000305175781,68.19000244140625,165272,0.0,0.0
2023-06-30 13:30:00-04:00,68.20999908447266,68.55000305175781,67.94999694824219,68.09500122070312,267362,0.0,0.0
2023-06-30 14:30:00-04:00,68.08000183105469,68.27079772949219,67.9749984741211,68.16000366210938,182396,0.0,0.0
2023-06-30 15:30:00-04:00,68.16999816894531,68.23999786376953,67.87999725341797,67.87999725341797,380002,0.0,0.0
2023-07-03 09:30:00-04:00,67.7300033569336,69.31999969482422,67.7300033569336,69.1500015258789,613659,0.0,0.0
2023-07-03 10:30:00-04:00,69.1500015258789,69.15499877929688,68.17500305175781,68.36499786376953,272831,0.0,0.0
2023-07-03 11:30:00-04:00,68.37999725341797,68.81829833984375,68.2699966430664,68.36499786376953,301803,0.0,0.0
2023-07-05 09:30:00-04:00,67.70999908447266,67.81500244140625,67.18000030517578,67.4800033569336,467551,0.0,0.0
2023-07-05 10:30:00-04:00,67.48999786376953,68.34719848632812,67.48999786376953,67.77999877929688,406056,0.0,0.0
2023-07-05 11:30:00-04:00,67.77999877929688,68.12000274658203,67.69000244140625,67.95999908447266,178631,0.0,0.0
2023-07-05 12:30:00-04:00,67.97000122070312,68.0,67.7300033569336,67.9000015258789,150306,0.0,0.0
2023-07-05 13:30:00-04:00,67.87999725341797,68.0,67.6050033569336,67.75,178783,0.0,0.0
2023-07-05 14:30:00-04:00,67.7699966430664,68.12000274658203,67.7699966430664,68.00499725341797,177710,0.0,0.0
2023-07-05 15:30:00-04:00,68.0250015258789,68.08439636230469,67.6500015258789,67.66999816894531,338403,0.0,0.0
2023-07-06 09:30:00-04:00,66.37000274658203,66.59329986572266,65.05000305175781,65.1500015258789,757968,0.0,0.0
2023-07-06 10:30:00-04:00,65.16000366210938,65.36199951171875,64.5199966430664,64.52999877929688,461306,0.0,0.0
2023-07-06 11:30:00-04:00,64.5354995727539,64.91000366210938,64.33000183105469,64.80000305175781,404338,0.0,0.0
2023-07-06 12:30:00-04:00,64.80000305175781,65.08999633789062,64.70999908447266,64.75,213712,0.0,0.0
2023-07-06 13:30:00-04:00,64.73999786376953,65.02999877929688,64.66000366210938,64.75,218836,0.0,0.0
2023-07-06 14:30:00-04:00,64.76000213623047,65.01000213623047,64.76000213623047,64.9000015258789,248217,0.0,0.0
2023-07-06 15:30:00-04:00,64.9000015258789,64.9000015258789,64.55999755859375,64.69000244140625,553716,0.0,0.0
2023-07-07 09:30:00-04:00,64.73999786376953,65.76000213623047,64.55000305175781,65.29000091552734,514114,0.0,0.0
2023-07-07 10:30:00-04:00,65.2699966430664,65.76000213623047,65.01000213623047,65.63999938964844,275905,0.0,0.0
2023-07-07 11:30:00-04:00,65.65499877929688,65.99199676513672,65.48999786376953,65.8290023803711,271539,0.0,0.0
2023-07-07 12:30:00-04:00,65.82499694824219,66.20999908447266,65.81500244140625,66.19999694824219,179117,0.0,0.0
2023-07-07 13:30:00-04:00,66.19499969482422,66.22000122070312,65.98999786376953,66.12999725341797,221572,0.0,0.0
2023-07-07 14:30:00-04:00,66.11000061035156,66.12650299072266,65.87000274658203,65.87000274658203,215152,0.0,0.0
2023-07-07 15:30:00-04:00,65.87999725341797,65.98999786376953,65.55000305175781,65.63999938964844,303668,0.0,0.0
2023-07-10 09:30:00-04:00,64.75,66.83000183105469,64.5999984741211,66.62999725341797,1109132,0.0,0.0
2023-07-10 10:30:00-04:00,66.5999984741211,66.62999725341797,66.04010009765625,66.57740020751953,314460,0.0,0.0
2023-07-10 11:30:00-04:00,66.58000183105469,66.63999938964844,66.06500244140625,66.31999969482422,254044,0.0,0.0
2023-07-10 12:30:00-04:00,66.31999969482422,67.08999633789062,66.2699966430664,67.08999633789062,391083,0.0,0.0
2023-07-10 13:30:00-04:00,67.08000183105469,67.23999786376953,66.82009887695312,67.19010162353516,283133,0.0,0.0
2023-07-10 14:30:00-04:00,67.20999908447266,67.33999633789062,66.91000366210938,67.20999908447266,307162,0.0,0.0
2023-07-10 15:30:00-04:00,67.22000122070312,67.66000366210938,67.20999908447266,67.63999938964844,535415,0.0,0.0
2023-07-11 09:30:00-04:00,67.73999786376953,69.30999755859375,67.66000366210938,69.05000305175781,781282,0.0,0.0
2023-07-11 10:30:00-04:00,69.05000305175781,69.66999816894531,68.875,69.09500122070312,650123,0.0,0.0
2023-07-11 11:30:00-04:00,69.07499694824219,69.48999786376953,68.86000061035156,69.19090270996094,238963,0.0,0.0
2023-07-11 12:30:00-04:00,69.22000122070312,69.88500213623047,69.22000122070312,69.69999694824219,338437,0.0,0.0
2023-07-11 13:30:00-04:00,69.69999694824219,69.70500183105469,69.23500061035156,69.31999969482422,227937,0.0,0.0
2023-07-11 14:30:00-04:00,69.30999755859375,69.5199966430664,69.1500015258789,69.30000305175781,363387,0.0,0.0
2023-07-11 15:30:00-04:00,69.30000305175781,69.7699966430664,68.98999786376953,69.75,608083,0.0,0.0
2023-07-12 09:30:00-04:00,70.25,70.94999694824219,69.37999725341797,70.0250015258789,805172,0.0,0.0
2023-07-12 10:30:00-04:00,70.01000213623047,70.12999725341797,69.30999755859375,69.51000213623047,322269,0.0,0.0
2023-07-12 11:30:00-04:00,69.5199966430664,69.77999877929688,68.94000244140625,69.27999877929688,483942,0.0,0.0
2023-07-12 12:30:00-04:00,69.27999877929688,69.70999908447266,69.2300033569336,69.59500122070312,187175,0.0,0.0
2023-07-12 13:30:00-04:00,69.5999984741211,69.7699966430664,69.53500366210938,69.64910125732422,162441,0.0,0.0
2023-07-12 14:30:00-04:00,69.5999984741211,69.79499816894531,69.4800033569336,69.58999633789062,236363,0.0,0.0
2023-07-12 15:30:00-04:00,69.57009887695312,69.98999786376953,69.57009887695312,69.83000183105469,396525,0.0,0.0
2023-07-13 09:30:00-04:00,70.29000091552734,70.70999908447266,69.19999694824219,70.41999816894531,763763,0.0,0.0
2023-07-13 10:30:00-04:00,70.41999816894531,71.33000183105469,70.4000015258789,70.93000030517578,642408,0.0,0.0
2023-07-13 11:30:00-04:00,70.94999694824219,71.44599914550781,70.87000274658203,71.34500122070312,304878,0.0,0.0
2023-07-13 12:30:00-04:00,71.33000183105469,71.43000030517578,71.0199966430664,71.21499633789062,238147,0.0,0.0
2023-07-13 13:30:00-04:00,71.2300033569336,71.34049987792969,71.0199966430664,71.25,208770,0.0,0.0
2023-07-13 14:30:00-04:00,71.23999786376953,71.36000061035156,71.01000213623047,71.23999786376953,257987,0.0,0.0
2023-07-13 15:30:00-04:00,71.2300033569336,71.4000015258789,71.09500122070312,71.25,647334,0.0,0.0
2023-07-14 09:30:00-04:00,71.5,71.97000122070312,70.66999816894531,71.13999938964844,876565,0.0,0.0
2023-07-14 10:30:00-04:00,71.12999725341797,71.31999969482422,70.23999786376953,71.0999984741211,472043,0.0,0.0
2023-07-14 11:30:00-04:00,71.12000274658203,71.77999877929688,71.12000274658203,71.75499725341797,361635,0.0,0.0
2023-07-14 12:30:00-04:00,71.73999786376953,71.98999786376953,71.5199966430664,71.62000274658203,418943,0.0,0.0
2023-07-14 13:30:00-04:00,71.58999633789062,71.69000244140625,71.08000183105469,71.08000183105469,274183,0.0,0.0
2023-07-14 14:30:00-04:00,71.08999633789062,71.29000091552734,70.36000061035156,70.4000015258789,546032,0.0,0.0
2023-07-14 15:30:00-04:00,70.41000366210938,70.66999816894531,70.19000244140625,70.5999984741211,642723,0.0,0.0
2023-07-17 09:30:00-04:00,70.44000244140625,73.1500015258789,70.05000305175781,72.87000274658203,1295597,0.0,0.0
2023-07-17 10:30:00-04:00,72.88999938964844,73.3499984741211,72.66999816894531,72.95999908447266,752728,0.0,0.0
2023-07-17 11:30:00-04:00,72.94999694824219,73.19999694824219,72.49259948730469,72.6698989868164,352566,0.0,0.0
2023-07-17 12:30:00-04:00,72.66999816894531,72.79000091552734,72.3499984741211,72.7699966430664,263412,0.0,0.0
2023-07-17 13:30:00-04:00,72.77999877929688,73.41999816894531,72.7750015258789,73.4000015258789,399742,0.0,0.0
2023-07-17 14:30:00-04:00,73.41999816894531,73.45999908447266,73.18000030517578,73.33000183105469,381699,0.0,0.0
2023-07-17 15:30:00-04:00,73.31999969482422,73.33000183105469,72.69000244140625,72.8499984741211,705819,0.0,0.0
2023-07-18 09:30:00-04:00,73.02999877929688,73.36260223388672,72.19999694824219,72.62999725341797,558158,0.0,0.0
2023-07-18 10:30:00-04:00,72.63999938964844,73.76000213623047,72.41000366210938,73.55000305175781,510490,0.0,0.0
2023-07-18 11:30:00-04:00,73.55000305175781,73.62000274658203,72.43499755859375,72.65499877929688,439980,0.0,0.0
2023-07-18 12:30:00-04:00,72.65499877929688,73.87999725341797,71.3093032836914,71.98999786376953,1364346,0.0,0.0
2023-07-18 13:30:00-04:00,71.98999786376953,72.25,71.55999755859375,72.16999816894531,256155,0.0,0.0
2023-07-18 14:30:00-04:00,72.1719970703125,72.43000030517578,72.02999877929688,72.31999969482422,295194,0.0,0.0
2023-07-18 15:30:00-04:00,72.31999969482422,72.50499725341797,72.22000122070312,72.27999877929688,389061,0.0,0.0
2023-07-19 09:30:00-04:00,72.9000015258789,74.18000030517578,72.66000366210938,73.94010162353516,633114,0.0,0.0
2023-07-19 10:30:00-04:00,73.97000122070312,74.98999786376953,73.84010314941406,74.82499694824219,816657,0.0,0.0
2023-07-19 11:30:00-04:00,74.84839630126953,75.0999984741211,73.44000244140625,73.46499633789062,723493,0.0,0.0
2023-07-19 12:30:00-04:00,73.44999694824219,73.4800033569336,72.91000366210938,73.2300033569336,347147,0.0,0.0
2023-07-19 13:30:00-04:00,73.22000122070312,73.36000061035156,73.0,73.08999633789062,250484,0.0,0.0
2023-07-19 14:30:00-04:00,73.11000061035156,73.8499984741211,73.08999633789062,73.79000091552734,381611,0.0,0.0
2023-07-19 15:30:00-04:00,73.79499816894531,74.08999633789062,73.62999725341797,73.91999816894531,680936,0.0,0.0
2023-07-20 09:30:00-04:00,72.66999816894531,73.34500122070312,72.19599914550781,72.2300033569336,455290,0.0,0.0
2023-07-20 10:30:00-04:00,72.22000122070312,72.2300033569336,71.58000183105469,71.70999908447266,426543,0.0,0.0
2023-07-20 11:30:00-04:00,71.66000366210938,71.93000030517578,71.29000091552734,71.33999633789062,279033,0.0,0.0
2023-07-20 12:30:00-04:00,71.33000183105469,71.4800033569336,71.0199966430664,71.43000030517578,355125,0.0,0.0
2023-07-20 13:30:00-04:00,71.41999816894531,71.4800033569336,70.76000213623047,70.8499984741211,245131,0.0,0.0
2023-07-20 14:30:00-04:00,70.87000274658203,71.11000061035156,70.2699966430664,70.29000091552734,406878,0.0,0.0
2023-07-20 15:30:00-04:00,70.30000305175781,70.48999786376953,69.79000091552734,69.80000305175781,602681,0.0,0.0
2023-07-21 09:30:00-04:00,70.43000030517578,71.18000030517578,70.20999908447266,70.20999908447266,453404,0.0,0.0
2023-07-21 10:30:00-04:00,70.21499633789062,71.08000183105469,70.04000091552734,70.98999786376953,293080,0.0,0.0
2023-07-21 11:30:00-04:00,71.0,71.48999786376953,70.75,70.87000274658203,332368,0.0,0.0
2023-07-21 12:30:00-04:00,70.88999938964844,71.1500015258789,70.8499984741211,71.12000274658203,186602,0.0,0.0
2023-07-21 13:30:00-04:00,71.12999725341797,71.4800033569336,71.0999984741211,71.25,294470,0.0,0.0
2023-07-21 14:30:00-04:00,71.26000213623047,71.33499908447266,70.55999755859375,70.94000244140625,397593,0.0,0.0
2023-07-21 15:30:00-04:00,70.94000244140625,71.4000015258789,70.94000244140625,71.0199966430664,807578,0.0,0.0
2023-07-24 09:30:00-04:00,71.0,71.5999984741211,69.62999725341797,70.17500305175781,501043,0.0,0.0
2023-07-24 10:30:00-04:00,70.18000030517578,70.38999938964844,69.88999938964844,70.02950286865234,398983,0.0,0.0
2023-07-24 11:30:00-04:00,70.02999877929688,70.03250122070312,69.41999816894531,69.58830261230469,320487,0.0,0.0
2023-07-24 12:30:00-04:00,69.58999633789062,69.77999877929688,69.3499984741211,69.43000030517578,295751,0.0,0.0
2023-07-24 13:30:00-04:00,69.44000244140625,69.73999786376953,69.3499984741211,69.6843032836914,185103,0.0,0.0
2023-07-24 14:30:00-04:00,69.66000366210938,69.66000366210938,69.2699966430664,69.4000015258789,377821,0.0,0.0
2023-07-24 15:30:00-04:00,69.41999816894531,69.63999938964844,69.33000183105469,69.5,546206,0.0,0.0
2023-07-25 09:30:00-04:00,69.94999694824219,70.6050033569336,69.66000366210938,70.10250091552734,372368,0.0,0.0
2023-07-25 10:30:00-04:00,70.0999984741211,70.12999725341797,69.70500183105469,69.83000183105469,240756,0.0,0.0
2023-07-25 11:30:00-04:00,69.82499694824219,69.98999786376953,69.70999908447266,69.79000091552734,206305,0.0,0.0
2023-07-25 12:30:00-04:00,69.80999755859375,69.95999908447266,69.72200012207031,69.875,217360,0.0,0.0
2023-07-25 13:30:00-04:00,69.87999725341797,70.18000030517578,69.7699966430664,69.87000274658203,264167,0.0,0.0
2023-07-25 14:30:00-04:00,69.87999725341797,70.16500091552734,69.55000305175781,69.57009887695312,359486,0.0,0.0
2023-07-25 15:30:00-04:00,69.58000183105469,69.63999938964844,69.27999877929688,69.31999969482422,432109,0.0,0.0
2023-07-26 09:30:00-04:00,69.0,70.15989685058594,68.53500366210938,70.05500030517578,479142,0.0,0.0
2023-07-26 10:30:00-04:00,70.05500030517578,70.23999786376953,69.39469909667969,69.67500305175781,302964,0.0,0.0
2023-07-26 11:30:00-04:00,69.66999816894531,69.95999908447266,69.53369903564453,69.7699966430664,170604,0.0,0.0
2023-07-26 12:30:00-04:00,69.75499725341797,69.99500274658203,69.75,69.93000030517578,181025,0.0,0.0
2023-07-26 13:30:00-04:00,69.93000030517578,70.81500244140625,69.9000015258789,70.66000366210938,398640,0.0,0.0
2023-07-26 14:30:00-04:00,70.62000274658203,71.37000274658203,70.58000183105469,71.02999877929688,570192,0.0,0.0
2023-07-26 15:30:00-04:00,71.02999877929688,71.24500274658203,70.9000015258789,71.08000183105469,563874,0.0,0.0
2023-07-27 09:30:00-04:00,72.18000030517578,73.58999633789062,72.06999969482422,72.77999877929688,745327,0.0,0.0
2023-07-27 10:30:00-04:00,72.75499725341797,73.69999694824219,72.7300033569336,73.69999694824219,397300,0.0,0.0
2023-07-27 11:30:00-04:00,73.72000122070312,73.97000122070312,73.4000015258789,73.97000122070312,349473,0.0,0.0
2023-07-27 12:30:00-04:00,73.97000122070312,74.55000305175781,73.7300033569336,73.7300033569336,647068,0.0,0.0
2023-07-27 13:30:00-04:00,73.70999908447266,73.73999786376953,72.37999725341797,72.38999938964844,458860,0.0,0.0
2023-07-27 14:30:00-04:00,72.37999725341797,72.6500015258789,71.98999786376953,72.44999694824219,493375,0.0,0.0
2023-07-27 15:30:00-04:00,72.45999908447266,72.61000061035156,72.16999816894531,72.37999725341797,558738,0.0,0.0
2023-07-28 09:30:00-04:00,73.3499984741211,74.55000305175781,72.8499984741211,73.32499694824219,592236,0.0,0.0
2023-07-28 10:30:00-04:00,73.31999969482422,74.11000061035156,73.05000305175781,74.01000213623047,292874,0.0,0.0
2023-07-28 11:30:00-04:00,74.0,74.30000305175781,73.7300033569336,73.98999786376953,278991,0.0,0.0
2023-07-28 12:30:00-04:00,73.9801025390625,74.0199966430664,73.4800033569336,73.61000061035156,163651,0.0,0.0
2023-07-28 13:30:00-04:00,73.59500122070312,73.6500015258789,73.29000091552734,73.37999725341797,217700,0.0,0.0
2023-07-28 14:30:00-04:00,73.38500213623047,73.43499755859375,73.0199966430664,73.11000061035156,295827,0.0,0.0
2023-07-28 15:30:00-04:00,73.08999633789062,73.16999816894531,72.97000122070312,73.06999969482422,527616,0.0,0.0
2023-07-31 09:30:00-04:00,73.27999877929688,74.18900299072266,73.0,73.8949966430664,655724,0.0,0.0
2023-07-31 10:30:00-04:00,73.94000244140625,74.04000091552734,73.5,73.80000305175781,328828,0.0,0.0
2023-07-31 11:30:00-04:00,73.83999633789062,73.93000030517578,73.4000015258789,73.65499877929688,236014,0.0,0.0
2023-07-31 12:30:00-04:00,73.63999938964844,73.6500015258789,73.06999969482422,73.19000244140625,191874,0.0,0.0
2023-07-31 13:30:00-04:00,73.18000030517578,73.33999633789062,73.02999877929688,73.05000305175781,261449,0.0,0.0
2023-07-31 14:30:00-04:00,73.05000305175781,73.23989868164062,72.94999694824219,73.03890228271484,397525,0.0,0.0
2023-07-31 15:30:00-04:00,73.0374984741211,73.36000061035156,72.86499786376953,73.3499984741211,615886,0.0,0.0
2023-08-01 09:30:00-04:00,72.93000030517578,73.04000091552734,71.87000274658203,72.08999633789062,520304,0.0,0.0
2023-08-01 10:30:00-04:00,72.05000305175781,73.0,72.04000091552734,72.55000305175781,297877,0.0,0.0
2023-08-01 11:30:00-04:00,72.55000305175781,72.63500213623047,72.1500015258789,72.22000122070312,172034,0.0,0.0
2023-08-01 12:30:00-04:00,72.2300033569336,72.79989624023438,72.13500213623047,72.66999816894531,164764,0.0,0.0
2023-08-01 13:30:00-04:00,72.66000366210938,72.68990325927734,72.43000030517578,72.4800033569336,120528,0.0,0.0
2023-08-01 14:30:00-04:00,72.5,72.72000122070312,72.4000015258789,72.67500305175781,136171,0.0,0.0
2023-08-01 15:30:00-04:00,72.68000030517578,72.91999816894531,72.61000061035156,72.91000366210938,290465,0.0,0.0
2023-08-02 09:30:00-04:00,71.5199966430664,71.5199966430664,70.27999877929688,70.5199966430664,536154,0.0,0.0
2023-08-02 10:30:00-04:00,70.52999877929688,70.71499633789062,70.02999877929688,70.25969696044922,417986,0.0,0.0
2023-08-02 11:30:00-04:00,70.23999786376953,70.27999877929688,69.75,69.95999908447266,340724,0.0,0.0
2023-08-02 12:30:00-04:00,69.97000122070312,70.76499938964844,69.94999694824219,70.38999938964844,324414,0.0,0.0
2023-08-02 13:30:00-04:00,70.37000274658203,70.55000305175781,70.08999633789062,70.30500030517578,233078,0.0,0.0
2023-08-02 14:30:00-04:00,70.30000305175781,70.33989715576172,69.91000366210938,69.93000030517578,264121,0.0,0.0
2023-08-02 15:30:00-04:00,69.94000244140625,70.05000305175781,69.68000030517578,69.91000366210938,534902,0.0,0.0
2023-08-03 09:30:00-04:00,69.0999984741211,70.01000213623047,69.05000305175781,69.44999694824219,389181,0.0,0.0
2023-08-03 10:30:00-04:00,69.41000366210938,70.62000274658203,69.41000366210938,70.36000061035156,396803,0.0,0.0
2023-08-03 11:30:00-04:00,70.35540008544922,70.51000213623047,70.05999755859375,70.08999633789062,163490,0.0,0.0
2023-08-03 12:30:00-04:00,70.06500244140625,70.2699966430664,69.97000122070312,70.12999725341797,161570,0.0,0.0
2023-08-03 13:30:00-04:00,70.16000366210938,70.47000122070312,70.0199966430664,70.19000244140625,157395,0.0,0.0
2023-08-03 14:30:00-04:00,70.19000244140625,70.30500030517578,69.83999633789062,70.08499908447266,152265,0.0,0.0
2023-08-03 15:30:00-04:00,70.08999633789062,70.18499755859375,69.80000305175781,69.93000030517578,306968,0.0,0.0
2023-08-04 09:30:00-04:00,70.41999816894531,70.5999984741211,69.3499984741211,70.1500015258789,277942,0.0,0.0
2023-08-04 10:30:00-04:00,70.16999816894531,70.81999969482422,70.06999969482422,70.5999984741211,246791,0.0,0.0
2023-08-04 11:30:00-04:00,70.62000274658203,70.94999694824219,70.4000015258789,70.70999908447266,195092,0.0,0.0
2023-08-04 12:30:00-04:00,70.7302017211914,70.87480163574219,70.33000183105469,70.4000015258789,150181,0.0,0.0
2023-08-04 13:30:00-04:00,70.38999938964844,70.54499816894531,69.70999908447266,69.72000122070312,182464,0.0,0.0
2023-08-04 14:30:00-04:00,69.72000122070312,69.76000213623047,69.26000213623047,69.41000366210938,291848,0.0,0.0
2023-08-04 15:30:00-04:00,69.41000366210938,69.5199966430664,69.04000091552734,69.05999755859375,554909,0.0,0.0
2023-08-07 09:30:00-04:00,69.08999633789062,69.19000244140625,67.93000030517578,68.92500305175781,454863,0.0,0.0
2023-08-07 10:30:00-04:00,68.95490264892578,68.95490264892578,67.82499694824219,67.90499877929688,411762,0.0,0.0
2023-08-07 11:30:00-04:00,67.91000366210938,68.63500213623047,67.62999725341797,68.62999725341797,235079,0.0,0.0
2023-08-07 12:30:00-04:00,68.68499755859375,68.9000015258789,68.43000030517578,68.75,228718,0.0,0.0
2023-08-07 13:30:00-04:00,68.76000213623047,68.8499984741211,68.5199966430664,68.62000274658203,185361,0.0,0.0
2023-08-07 14:30:00-04:00,68.6449966430664,69.0199966430664,68.62000274658203,68.91000366210938,226065,0.0,0.0
2023-08-07 15:30:00-04:00,68.91000366210938,68.95999908447266,68.62000274658203,68.6500015258789,485604,0.0,0.0
2023-08-08 09:30:00-04:00,67.19000244140625,67.24600219726562,65.87000274658203,66.30999755859375,900487,0.0,0.0
2023-08-08 10:30:00-04:00,66.23500061035156,66.2699966430664,65.70999908447266,66.01000213623047,566705,0.0,0.0
2023-08-08 11:30:00-04:00,65.97129821777344,66.18000030517578,65.70999908447266,66.02999877929688,295522,0.0,0.0
2023-08-08 12:30:00-04:00,66.04000091552734,66.80000305175781,66.0250015258789,66.7750015258789,313272,0.0,0.0
2023-08-08 13:30:00-04:00,66.7699966430664,67.54000091552734,66.72000122070312,67.4000015258789,306815,0.0,0.0
2023-08-08 14:30:00-04:00,67.37640380859375,67.91999816894531,67.37000274658203,67.83999633789062,307038,0.0,0.0
2023-08-08 15:30:00-04:00,67.86000061035156,67.9000015258789,67.48999786376953,67.54000091552734,574137,0.0,0.0
2023-08-09 09:30:00-04:00,67.51000213623047,67.61000061035156,66.66000366210938,67.4000015258789,312252,0.0,0.0
2023-08-09 10:30:00-04:00,67.4000015258789,67.52999877929688,66.29000091552734,66.38500213623047,268911,0.0,0.0
2023-08-09 11:30:00-04:00,66.37000274658203,66.69000244140625,66.20999908447266,66.66000366210938,261115,0.0,0.0
2023-08-09 12:30:00-04:00,66.63999938964844,66.7750015258789,66.15039825439453,66.45999908447266,235701,0.0,0.0
2023-08-09 13:30:00-04:00,66.48999786376953,66.91999816894531,66.4000015258789,66.91500091552734,224485,0.0,0.0
2023-08-09 14:30:00-04:00,66.93000030517578,67.05000305175781,66.61000061035156,66.7300033569336,214984,0.0,0.0
2023-08-09 15:30:00-04:00,66.70999908447266,66.7300033569336,66.41999816894531,66.55000305175781,458671,0.0,0.0
2023-08-10 09:30:00-04:00,67.80999755859375,68.78910064697266,67.68000030517578,68.22000122070312,438557,0.0,0.0
2023-08-10 10:30:00-04:00,68.25,68.37000274658203,67.12999725341797,67.30000305175781,203079,0.0,0.0
2023-08-10 11:30:00-04:00,67.33000183105469,67.58000183105469,66.9749984741211,67.45999908447266,179389,0.0,0.0
2023-08-10 12:30:00-04:00,67.43000030517578,67.5,67.06999969482422,67.30999755859375,127649,0.0,0.0
2023-08-10 13:30:00-04:00,67.29000091552734,67.37989807128906,66.98999786376953,67.37989807128906,197776,0.0,0.0
2023-08-10 14:30:00-04:00,67.37999725341797,67.8499984741211,67.20999908447266,67.66500091552734,256155,0.0,0.0
2023-08-10 15:30:00-04:00,67.6500015258789,67.66000366210938,67.41999816894531,67.47000122070312,428910,0.0,0.0
2023-08-11 09:30:00-04:00,66.55000305175781,67.25,66.44999694824219,67.10160064697266,193391,0.0,0.0
2023-08-11 10:30:00-04:00,67.12000274658203,67.18000030517578,66.41000366210938,66.51000213623047,176620,0.0,0.0
2023-08-11 11:30:00-04:00,66.5,66.61499786376953,66.2300033569336,66.5199966430664,153319,0.0,0.0
2023-08-11 12:30:00-04:00,66.52999877929688,66.58200073242188,66.28500366210938,66.51499938964844,138031,0.0,0.0
2023-08-11 13:30:00-04:00,66.51499938964844,66.62999725341797,66.30000305175781,66.61000061035156,151776,0.0,0.0
2023-08-11 14:30:00-04:00,66.62000274658203,66.76499938964844,66.44999694824219,66.75,181841,0.0,0.0
2023-08-11 15:30:00-04:00,66.75,66.83000183105469,66.54000091552734,66.5999984741211,335815,0.0,0.0
2023-08-14 09:30:00-04:00,66.19999694824219,66.91999816894531,65.58999633789062,66.3550033569336,476721,0.0,0.0
2023-08-14 10:30:00-04:00,66.36000061035156,67.23999786376953,66.30999755859375,67.23999786376953,365966,0.0,0.0
2023-08-14 11:30:00-04:00,67.25,67.30500030517578,66.91999816894531,67.02999877929688,204336,0.0,0.0
2023-08-14 12:30:00-04:00,67.04499816894531,67.47000122070312,67.01000213623047,67.37999725341797,220476,0.0,0.0
2023-08-14 13:30:00-04:00,67.38999938964844,67.48999786376953,67.10040283203125,67.30000305175781,151216,0.0,0.0
2023-08-14 14:30:00-04:00,67.30000305175781,67.3499984741211,67.02999877929688,67.33000183105469,178781,0.0,0.0
2023-08-14 15:30:00-04:00,67.33000183105469,67.55999755859375,67.30000305175781,67.55999755859375,423119,0.0,0.0
2023-08-15 09:30:00-04:00,67.0,67.41000366210938,66.7300033569336,66.9000015258789,316891,0.0,0.0
2023-08-15 10:30:00-04:00,66.87000274658203,67.32499694824219,66.45999908447266,66.45999908447266,380714,0.0,0.0
2023-08-15 11:30:00-04:00,66.41999816894531,67.0,66.375,66.75,336591,0.0,0.0
2023-08-15 12:30:00-04:00,66.80000305175781,66.87000274658203,66.44999694824219,66.83000183105469,204782,0.0,0.0
2023-08-15 13:30:00-04:00,66.83999633789062,66.87000274658203,66.61000061035156,66.6937026977539,194108,0.0,0.0
2023-08-15 14:30:00-04:00,66.68499755859375,66.81999969482422,66.30999755859375,66.31999969482422,295433,0.0,0.0
2023-08-15 15:30:00-04:00,66.31999969482422,66.31999969482422,65.94999694824219,66.06999969482422,591335,0.0,0.0
2023-08-16 09:30:00-04:00,65.7300033569336,66.30999755859375,65.38200378417969,66.12000274658203,332428,0.0,0.0
2023-08-16 10:30:00-04:00,66.0999984741211,66.70999908447266,66.0999984741211,66.18000030517578,188516,0.0,0.0
2023-08-16 11:30:00-04:00,66.18000030517578,66.19000244140625,65.75,65.88999938964844,168728,0.0,0.0
2023-08-16 12:30:00-04:00,65.9000015258789,66.25,65.83000183105469,66.25,188070,0.0,0.0
2023-08-16 13:30:00-04:00,66.2699966430664,66.30000305175781,65.76000213623047,66.1500015258789,294199,0.0,0.0
2023-08-16 14:30:00-04:00,66.16000366210938,66.2300033569336,65.57499694824219,65.5999984741211,271057,0.0,0.0
2023-08-16 15:30:00-04:00,65.58999633789062,65.73999786376953,65.36000061035156,65.37000274658203,441030,0.0,0.0
2023-08-17 09:30:00-04:00,65.23999786376953,65.97000122070312,65.18000030517578,65.47000122070312,383014,0.0,0.0
2023-08-17 10:30:00-04:00,65.48999786376953,65.70500183105469,65.22000122070312,65.4000015258789,235054,0.0,0.0
2023-08-17 11:30:00-04:00,65.37000274658203,66.19000244140625,65.19999694824219,66.1449966430664,260493,0.0,0.0
2023-08-17 12:30:00-04:00,66.1500015258789,66.33999633789062,65.91999816894531,66.02999877929688,218320,0.0,0.0
2023-08-17 13:30:00-04:00,66.01000213623047,66.23999786376953,65.83000183105469,66.22000122070312,241434,0.0,0.0
2023-08-17 14:30:00-04:00,66.22000122070312,66.25,65.69000244140625,65.79000091552734,351351,0.0,0.0
2023-08-17 15:30:00-04:00,65.79499816894531,65.80999755859375,65.34500122070312,65.3499984741211,399324,0.0,0.0
2023-08-18 09:30:00-04:00,64.44999694824219,66.29000091552734,64.33000183105469,65.70999908447266,593065,0.0,0.0
2023-08-18 10:30:00-04:00,65.69999694824219,66.38999938964844,65.69999694824219,66.16000366210938,398490,0.0,0.0
2023-08-18 11:30:00-04:00,66.13999938964844,66.66000366210938,66.05590057373047,66.37999725341797,437614,0.0,0.0
2023-08-18 12:30:00-04:00,66.33999633789062,66.47940063476562,66.1500015258789,66.38999938964844,247711,0.0,0.0
2023-08-18 13:30:00-04:00,66.38999938964844,66.77999877929688,66.3499984741211,66.62999725341797,342585,0.0,0.0
2023-08-18 14:30:00-04:00,66.62000274658203,66.82499694824219,66.33000183105469,66.54000091552734,311889,0.0,0.0
2023-08-18 15:30:00-04:00,66.55000305175781,66.66500091552734,66.25,66.27999877929688,512517,0.0,0.0
2023-08-21 09:30:00-04:00,66.55000305175781,67.94000244140625,66.5,67.22000122070312,1217324,0.0,0.0
2023-08-21 10:30:00-04:00,67.22000122070312,67.43000030517578,66.94999694824219,67.01499938964844,672611,0.0,0.0
2023-08-21 11:30:00-04:00,67.0199966430664,67.23999786376953,66.61000061035156,67.22840118408203,432322,0.0,0.0
2023-08-21 12:30:00-04:00,67.2249984741211,67.32499694824219,66.95999908447266,67.20999908447266,381332,0.0,0.0
2023-08-21 13:30:00-04:00,67.20999908447266,67.44960021972656,67.04000091552734,67.29000091552734,430655,0.0,0.0
2023-08-21 14:30:00-04:00,67.30000305175781,67.37000274658203,67.04499816894531,67.23500061035156,754223,0.0,0.0
2023-08-21 15:30:00-04:00,67.23500061035156,67.3499984741211,67.05010223388672,67.2699966430664,1214496,0.0,0.0
2023-08-22 09:30:00-04:00,67.18000030517578,67.37000274658203,63.584999084472656,64.43000030517578,5468418,0.0,0.0
2023-08-22 10:30:00-04:00,64.44599914550781,66.1500015258789,63.90999984741211,65.95500183105469,2118214,0.0,0.0
2023-08-22 11:30:00-04:00,65.97000122070312,66.96620178222656,65.86000061035156,66.50789642333984,1295285,0.0,0.0
2023-08-22 12:30:00-04:00,66.51010131835938,66.75,65.80999755859375,66.05000305175781,709054,0.0,0.0
2023-08-22 13:30:00-04:00,66.06999969482422,66.5199966430664,65.5199966430664,65.70999908447266,789636,0.0,0.0
2023-08-22 14:30:00-04:00,65.7300033569336,65.9000015258789,65.50749969482422,65.77999877929688,705908,0.0,0.0
2023-08-22 15:30:00-04:00,65.79000091552734,65.97000122070312,65.55000305175781,65.8499984741211,1440823,0.0,0.0
2023-08-23 09:30:00-04:00,66.25,68.80000305175781,66.1500015258789,68.54000091552734,1535386,0.0,0.0
2023-08-23 10:30:00-04:00,68.58000183105469,69.54000091552734,68.52999877929688,69.06999969482422,2592043,0.0,0.0
2023-08-23 11:30:00-04:00,69.06999969482422,69.1500015258789,68.43000030517578,68.56500244140625,580533,0.0,0.0
2023-08-23 12:30:00-04:00,68.56999969482422,68.69000244140625,68.08999633789062,68.26499938964844,441060,0.0,0.0
2023-08-23 13:30:00-04:00,68.27999877929688,68.29000091552734,67.66000366210938,67.76000213623047,377073,0.0,0.0
2023-08-23 14:30:00-04:00,67.76750183105469,68.2699966430664,67.62999725341797,68.08419799804688,515535,0.0,0.0
2023-08-23 15:30:00-04:00,68.08000183105469,68.50499725341797,68.04000091552734,68.19999694824219,809263,0.0,0.0
2023-08-24 09:30:00-04:00,69.18000030517578,69.19000244140625,67.69999694824219,67.81999969482422,769408,0.0,0.0
2023-08-24 10:30:00-04:00,67.83000183105469,67.94499969482422,67.41000366210938,67.62000274658203,343736,0.0,0.0
2023-08-24 11:30:00-04:00,67.5999984741211,68.26000213623047,67.4437026977539,68.19000244140625,331301,0.0,0.0
2023-08-24 12:30:00-04:00,68.19000244140625,68.31999969482422,67.80999755859375,67.86000061035156,227766,0.0,0.0
2023-08-24 13:30:00-04:00,67.87000274658203,68.02999877929688,67.69000244140625,67.93499755859375,215517,0.0,0.0
2023-08-24 14:30:00-04:00,67.93499755859375,68.04000091552734,67.55000305175781,67.56999969482422,214653,0.0,0.0
2023-08-24 15:30:00-04:00,67.57499694824219,67.62000274658203,66.94000244140625,66.94999694824219,545018,0.0,0.0
2023-08-25 09:30:00-04:00,66.66999816894531,67.95999908447266,66.55999755859375,67.08000183105469,413087,0.0,0.0
2023-08-25 10:30:00-04:00,67.08000183105469,67.30999755859375,66.51000213623047,67.30999755859375,365986,0.0,0.0
2023-08-25 11:30:00-04:00,67.23999786376953,67.45999908447266,67.02999877929688,67.3499984741211,226594,0.0,0.0
2023-08-25 12:30:00-04:00,67.3499984741211,67.55000305175781,67.25,67.4800033569336,178370,0.0,0.0
2023-08-25 13:30:00-04:00,67.43000030517578,67.66000366210938,67.26000213623047,67.66000366210938,150626,0.0,0.0
2023-08-25 14:30:00-04:00,67.66999816894531,67.8499984741211,67.5,67.80999755859375,275873,0.0,0.0
2023-08-25 15:30:00-04:00,67.81999969482422,67.81999969482422,67.4000015258789,67.69000244140625,612400,0.0,0.0
2023-08-28 09:30:00-04:00,68.2300033569336,68.55500030517578,67.45999908447266,67.79000091552734,394816,0.0,0.0
2023-08-28 10:30:00-04:00,67.78500366210938,67.95999908447266,67.37999725341797,67.43000030517578,311135,0.0,0.0
2023-08-28 11:30:00-04:00,67.44000244140625,67.54499816894531,67.19499969482422,67.2699966430664,182707,0.0,0.0
2023-08-28 12:30:00-04:00,67.26000213623047,67.75,67.2300033569336,67.68499755859375,149153,0.0,0.0
2023-08-28 13:30:00-04:00,67.69999694824219,67.69999694824219,67.26000213623047,67.41000366210938,152330,0.0,0.0
2023-08-28 14:30:00-04:00,67.40499877929688,67.51000213623047,67.3499984741211,67.4749984741211,169245,0.0,0.0
2023-08-28 15:30:00-04:00,67.45999908447266,67.68000030517578,67.37999725341797,67.5999984741211,342128,0.0,0.0
2023-08-29 09:30:00-04:00,67.0,68.58999633789062,66.86000061035156,68.55000305175781,499133,0.0,0.0
2023-08-29 10:30:00-04:00,68.55999755859375,68.88999938964844,68.52999877929688,68.8499984741211,350475,0.0,0.0
2023-08-29 11:30:00-04:00,68.8550033569336,68.91999816894531,68.51000213623047,68.5199966430664,318854,0.0,0.0
2023-08-29 12:30:00-04:00,68.52999877929688,68.77999877929688,68.37000274658203,68.7699966430664,167173,0.0,0.0
2023-08-29 13:30:00-04:00,68.7699966430664,68.79000091552734,68.38999938964844,68.46499633789062,165297,0.0,0.0
2023-08-29 14:30:00-04:00,68.44999694824219,68.63099670410156,68.37999725341797,68.55000305175781,231312,0.0,0.0
2023-08-29 15:30:00-04:00,68.54000091552734,68.86000061035156,68.5,68.77999877929688,406278,0.0,0.0
2023-08-30 09:30:00-04:00,68.54000091552734,68.5999984741211,67.91000366210938,68.11000061035156,276937,0.0,0.0
2023-08-30 10:30:00-04:00,68.12999725341797,68.91000366210938,68.11000061035156,68.73999786376953,257730,0.0,0.0
2023-08-30 11:30:00-04:00,68.7300033569336,69.18000030517578,68.68000030517578,69.12999725341797,255697,0.0,0.0
2023-08-30 12:30:00-04:00,69.12999725341797,69.2699966430664,68.62000274658203,68.70010375976562,235820,0.0,0.0
2023-08-30 13:30:00-04:00,68.70999908447266,68.75,68.2699966430664,68.38999938964844,249446,0.0,0.0
2023-08-30 14:30:00-04:00,68.41000366210938,68.7249984741211,68.4000015258789,68.70999908447266,266226,0.0,0.0
2023-08-30 15:30:00-04:00,68.72000122070312,68.72000122070312,68.48999786376953,68.68000030517578,362484,0.0,0.0
2023-08-31 09:30:00-04:00,69.16000366210938,69.43000030517578,68.88999938964844,69.11000061035156,446644,0.0,0.0
2023-08-31 10:30:00-04:00,69.0999984741211,69.79000091552734,68.79000091552734,69.63999938964844,341419,0.0,0.0
2023-08-31 11:30:00-04:00,69.62999725341797,69.9000015258789,69.37000274658203,69.81999969482422,466407,0.0,0.0
2023-08-31 12:30:00-04:00,69.8499984741211,70.26000213623047,69.73999786376953,69.98999786376953,582974,0.0,0.0
2023-08-31 13:30:00-04:00,69.9988021850586,71.96589660644531,69.9800033569336,71.93000030517578,1176282,0.0,0.0
2023-08-31 14:30:00-04:00,71.94999694824219,72.55000305175781,70.89179992675781,70.9000015258789,1558632,0.0,0.0
2023-08-31 15:30:00-04:00,70.9000015258789,71.51499938964844,70.88500213623047,71.0,970194,0.0,0.0
2023-09-01 09:30:00-04:00,71.79000091552734,72.41500091552734,71.44000244140625,72.30999755859375,1147954,0.0,0.0
2023-09-01 10:30:00-04:00,72.322998046875,72.33000183105469,71.62000274658203,72.2300033569336,431867,0.0,0.0
2023-09-01 11:30:00-04:00,72.25,72.32330322265625,71.58000183105469,71.73999786376953,303022,0.0,0.0
2023-09-01 12:30:00-04:00,71.73999786376953,71.77999877929688,71.42500305175781,71.76000213623047,227872,0.0,0.0
2023-09-01 13:30:00-04:00,71.75,71.91000366210938,71.4800033569336,71.68000030517578,361025,0.0,0.0
2023-09-01 14:30:00-04:00,71.67630004882812,72.0999984741211,71.63999938964844,71.73500061035156,476157,0.0,0.0
2023-09-01 15:30:00-04:00,71.73999786376953,71.91000366210938,71.63999938964844,71.72000122070312,672081,0.0,0.0
2023-09-05 09:30:00-04:00,70.9800033569336,72.83000183105469,70.72000122070312,72.65499877929688,576734,0.0,0.0
2023-09-05 10:30:00-04:00,72.65550231933594,73.72630310058594,72.65550231933594,73.62000274658203,741134,0.0,0.0
2023-09-05 11:30:00-04:00,73.63500213623047,75.2500991821289,73.23999786376953,74.96800231933594,2278256,0.0,0.0
2023-09-05 12:30:00-04:00,74.96499633789062,75.90499877929688,74.83499908447266,74.94999694824219,1600805,0.0,0.0
2023-09-05 13:30:00-04:00,74.93000030517578,75.48999786376953,74.30000305175781,74.3499984741211,1119040,0.0,0.0
2023-09-05 14:30:00-04:00,74.38990020751953,74.70999908447266,73.52999877929688,73.61000061035156,1023017,0.0,0.0
2023-09-05 15:30:00-04:00,73.61990356445312,73.73999786376953,73.16999816894531,73.29000091552734,1167782,0.0,0.0
2023-09-06 09:30:00-04:00,73.0,73.81629943847656,72.63099670410156,72.66000366210938,795438,0.0,0.0
2023-09-06 10:30:00-04:00,72.66000366210938,73.55989837646484,72.5999984741211,73.38999938964844,479800,0.0,0.0
2023-09-06 11:30:00-04:00,73.33999633789062,73.7699966430664,73.29000091552734,73.4800033569336,470784,0.0,0.0
2023-09-06 12:30:00-04:00,73.47679901123047,73.4800033569336,73.0199966430664,73.1176986694336,272520,0.0,0.0
2023-09-06 13:30:00-04:00,73.11799621582031,73.54000091552734,73.0105972290039,73.52999877929688,229523,0.0,0.0
2023-09-06 14:30:00-04:00,73.54000091552734,73.98999786376953,73.43000030517578,73.80000305175781,425694,0.0,0.0
2023-09-06 15:30:00-04:00,73.81999969482422,74.08000183105469,73.81999969482422,74.01000213623047,630191,0.0,0.0
2023-09-07 09:30:00-04:00,73.19000244140625,73.41000366210938,72.45999908447266,73.05000305175781,542337,0.0,0.0
2023-09-07 10:30:00-04:00,73.0199966430664,74.06999969482422,73.01000213623047,73.63999938964844,543743,0.0,0.0
2023-09-07 11:30:00-04:00,73.66999816894531,74.56999969482422,73.65010070800781,74.5,517543,0.0,0.0
2023-09-07 12:30:00-04:00,74.51000213623047,74.81999969482422,74.30999755859375,74.44999694824219,674230,0.0,0.0
2023-09-07 13:30:00-04:00,74.44999694824219,74.4749984741211,74.0199966430664,74.0199966430664,308777,0.0,0.0
2023-09-07 14:30:00-04:00,74.0199966430664,74.13990020751953,73.86000061035156,73.94999694824219,301525,0.0,0.0
2023-09-07 15:30:00-04:00,73.95999908447266,73.9800033569336,73.42500305175781,73.68000030517578,778697,0.0,0.0
2023-09-08 09:30:00-04:00,73.68000030517578,73.80000305175781,72.62000274658203,73.05000305175781,411164,0.0,0.0
2023-09-08 10:30:00-04:00,73.08000183105469,73.11000061035156,72.27999877929688,72.62000274658203,373124,0.0,0.0
2023-09-08 11:30:00-04:00,72.62000274658203,72.6449966430664,72.19000244140625,72.41000366210938,312796,0.0,0.0
2023-09-08 12:30:00-04:00,72.3949966430664,72.43000030517578,71.83000183105469,72.16999816894531,374775,0.0,0.0
2023-09-08 13:30:00-04:00,72.16999816894531,72.47000122070312,72.10269927978516,72.37999725341797,273816,0.0,0.0
2023-09-08 14:30:00-04:00,72.37999725341797,72.37999725341797,71.83499908447266,71.83499908447266,374900,0.0,0.0
2023-09-08 15:30:00-04:00,71.83000183105469,72.0999984741211,71.63999938964844,72.0999984741211,862492,0.0,0.0
2023-09-11 09:30:00-04:00,71.58000183105469,72.26000213623047,71.12999725341797,71.66629791259766,1779133,0.0,0.0
2023-09-11 10:30:00-04:00,71.58000183105469,72.20999908447266,71.51000213623047,72.13899993896484,306885,0.0,0.0
2023-09-11 11:30:00-04:00,72.12000274658203,72.2770004272461,71.7699966430664,72.06999969482422,238082,0.0,0.0
2023-09-11 12:30:00-04:00,72.08999633789062,72.33350372314453,71.93499755859375,72.33350372314453,188426,0.0,0.0
2023-09-11 13:30:00-04:00,72.3499984741211,72.8499984741211,72.30010223388672,72.75,264089,0.0,0.0
2023-09-11 14:30:00-04:00,72.73999786376953,72.91000366210938,72.4135971069336,72.48999786376953,271179,0.0,0.0
2023-09-11 15:30:00-04:00,72.4800033569336,72.51000213623047,71.76000213623047,71.79000091552734,740515,0.0,0.0
2023-09-12 09:30:00-04:00,70.69000244140625,71.77999877929688,70.26000213623047,71.04000091552734,659994,0.0,0.0
2023-09-12 10:30:00-04:00,71.0,71.16500091552734,70.30999755859375,70.44999694824219,302280,0.0,0.0
2023-09-12 11:30:00-04:00,70.43000030517578,70.72000122070312,70.41999816894531,70.54000091552734,248430,0.0,0.0
2023-09-12 12:30:00-04:00,70.54000091552734,70.83000183105469,70.43000030517578,70.81999969482422,176493,0.0,0.0
2023-09-12 13:30:00-04:00,70.83000183105469,70.9800033569336,70.43000030517578,70.66999816894531,215931,0.0,0.0
2023-09-12 14:30:00-04:00,70.66000366210938,70.68000030517578,70.4000015258789,70.61000061035156,242355,0.0,0.0
2023-09-12 15:30:00-04:00,70.62999725341797,70.84500122070312,70.25,70.27999877929688,617489,0.0,0.0
2023-09-13 09:30:00-04:00,69.875,70.35009765625,69.04139709472656,69.24500274658203,618646,0.0,0.0
2023-09-13 10:30:00-04:00,69.22000122070312,69.9000015258789,69.20999908447266,69.21499633789062,450521,0.0,0.0
2023-09-13 11:30:00-04:00,69.23999786376953,69.54000091552734,68.80999755859375,69.52999877929688,451421,0.0,0.0
2023-09-13 12:30:00-04:00,69.52999877929688,69.70999908447266,69.31999969482422,69.6500015258789,192979,0.0,0.0
2023-09-13 13:30:00-04:00,69.6500015258789,69.93000030517578,69.44000244140625,69.62999725341797,387328,0.0,0.0
2023-09-13 14:30:00-04:00,69.6050033569336,69.66999816894531,69.2300033569336,69.61499786376953,272890,0.0,0.0
2023-09-13 15:30:00-04:00,69.66000366210938,69.9000015258789,69.56999969482422,69.87999725341797,508004,0.0,0.0
2023-09-14 09:30:00-04:00,70.02999877929688,71.87999725341797,70.0,70.94000244140625,641508,0.0,0.0
2023-09-14 10:30:00-04:00,70.94000244140625,71.55500030517578,70.94000244140625,71.12999725341797,335079,0.0,0.0
2023-09-14 11:30:00-04:00,71.12000274658203,71.2249984741211,70.77999877929688,71.01000213623047,280997,0.0,0.0
2023-09-14 12:30:00-04:00,71.00499725341797,71.45500183105469,70.83000183105469,71.31999969482422,256225,0.0,0.0
2023-09-14 13:30:00-04:00,71.31999969482422,71.41000366210938,71.0199966430664,71.06999969482422,225816,0.0,0.0
2023-09-14 14:30:00-04:00,71.06500244140625,71.50499725341797,71.05999755859375,71.31999969482422,338178,0.0,0.0
2023-09-14 15:30:00-04:00,71.30999755859375,71.61000061035156,71.30999755859375,71.55000305175781,675968,0.0,0.0
2023-09-15 09:30:00-04:00,71.43000030517578,72.44999694824219,71.33999633789062,71.78500366210938,653675,0.0,0.0
2023-09-15 10:30:00-04:00,71.7699966430664,71.79000091552734,70.689697265625,71.25,490934,0.0,0.0
2023-09-15 11:30:00-04:00,71.20999908447266,71.66000366210938,70.93000030517578,71.05999755859375,290614,0.0,0.0
2023-09-15 12:30:00-04:00,71.05500030517578,71.29830169677734,70.88999938964844,70.88999938964844,255476,0.0,0.0
2023-09-15 13:30:00-04:00,70.87000274658203,71.0999984741211,70.77999877929688,70.86100006103516,215747,0.0,0.0
2023-09-15 14:30:00-04:00,70.86499786376953,71.04000091552734,70.6510009765625,70.9000015258789,245048,0.0,0.0
2023-09-15 15:30:00-04:00,70.91000366210938,71.3499984741211,70.87000274658203,71.11000061035156,520628,0.0,0.0
2023-09-18 09:30:00-04:00,70.80999755859375,71.12000274658203,70.37999725341797,70.68499755859375,288730,0.0,0.0
2023-09-18 10:30:00-04:00,70.66000366210938,70.74500274658203,69.77999877929688,70.0,226871,0.0,0.0
2023-09-18 11:30:00-04:00,70.0,70.56999969482422,69.9800033569336,70.38999938964844,180130,0.0,0.0
2023-09-18 12:30:00-04:00,70.40499877929688,70.5199966430664,70.1718978881836,70.44999694824219,130282,0.0,0.0
2023-09-18 13:30:00-04:00,70.4800033569336,70.5999984741211,70.42500305175781,70.54000091552734,129083,0.0,0.0
2023-09-18 14:30:00-04:00,70.54000091552734,70.68000030517578,70.22000122070312,70.57499694824219,205459,0.0,0.0
2023-09-18 15:30:00-04:00,70.58999633789062,70.63999938964844,70.40499877929688,70.62999725341797,438595,0.0,0.0
2023-09-19 09:30:00-04:00,70.12000274658203,70.55000305175781,69.11499786376953,69.16500091552734,289021,0.0,0.0
2023-09-19 10:30:00-04:00,69.16999816894531,69.20500183105469,68.63999938964844,69.0199966430664,343204,0.0,0.0
2023-09-19 11:30:00-04:00,69.01499938964844,69.6500015258789,68.98999786376953,69.21499633789062,333094,0.0,0.0
2023-09-19 12:30:00-04:00,69.22000122070312,69.73999786376953,69.16999816894531,69.58499908447266,143033,0.0,0.0
2023-09-19 13:30:00-04:00,69.5999984741211,69.79989624023438,69.30000305175781,69.30000305175781,143953,0.0,0.0
2023-09-19 14:30:00-04:00,69.33000183105469,69.5199966430664,69.08000183105469,69.16999816894531,265907,0.0,0.0
2023-09-19 15:30:00-04:00,69.19000244140625,69.5199966430664,69.16000366210938,69.3499984741211,507141,0.0,0.0
2023-09-20 09:30:00-04:00,69.5,70.0,69.19999694824219,69.59500122070312,175654,0.0,0.0
2023-09-20 10:30:00-04:00,69.63999938964844,69.75189971923828,69.5000991821289,69.58000183105469,113130,0.0,0.0
2023-09-20 11:30:00-04:00,69.5999984741211,69.93820190429688,69.58999633789062,69.87999725341797,125887,0.0,0.0
2023-09-20 12:30:00-04:00,69.87999725341797,69.94000244140625,69.76000213623047,69.91000366210938,108838,0.0,0.0
2023-09-20 13:30:00-04:00,69.91500091552734,69.95999908447266,69.36000061035156,69.61499786376953,173344,0.0,0.0
2023-09-20 14:30:00-04:00,69.5999984741211,70.05000305175781,69.06999969482422,69.12999725341797,223660,0.0,0.0
2023-09-20 15:30:00-04:00,69.18000030517578,69.19000244140625,68.7699966430664,68.77999877929688,604044,0.0,0.0
2023-09-21 09:30:00-04:00,68.0,68.7699966430664,67.86000061035156,68.28500366210938,512787,0.0,0.0
2023-09-21 10:30:00-04:00,68.27999877929688,68.5,68.13999938964844,68.19000244140625,292445,0.0,0.0
2023-09-21 11:30:00-04:00,68.19000244140625,68.30000305175781,68.04000091552734,68.20999908447266,291306,0.0,0.0
2023-09-21 12:30:00-04:00,68.19499969482422,68.66000366210938,68.08000183105469,68.61000061035156,242293,0.0,0.0
2023-09-21 13:30:00-04:00,68.61000061035156,68.85990142822266,68.58000183105469,68.63999938964844,235663,0.0,0.0
2023-09-21 14:30:00-04:00,68.62000274658203,68.9000015258789,68.5199966430664,68.71990203857422,342390,0.0,0.0
2023-09-21 15:30:00-04:00,68.72000122070312,68.76000213623047,68.27999877929688,68.27999877929688,679728,0.0,0.0
2023-09-22 09:30:00-04:00,68.5,69.05999755859375,68.4000015258789,68.95999908447266,367463,0.0,0.0
2023-09-22 10:30:00-04:00,68.98999786376953,69.63999938964844,68.98999786376953,69.43499755859375,260703,0.0,0.0
2023-09-22 11:30:00-04:00,69.40499877929688,69.7300033569336,69.33999633789062,69.66999816894531,175973,0.0,0.0
2023-09-22 12:30:00-04:00,69.67500305175781,69.69999694824219,68.93000030517578,68.93000030517578,206463,0.0,0.0
2023-09-22 13:30:00-04:00,68.91000366210938,69.04000091552734,68.73999786376953,68.94999694824219,220528,0.0,0.0
2023-09-22 14:30:00-04:00,68.93000030517578,69.4000015258789,68.68000030517578,69.33999633789062,337312,0.0,0.0
2023-09-22 15:30:00-04:00,69.34500122070312,69.36000061035156,68.73999786376953,68.9000015258789,613993,0.0,0.0
2023-09-25 09:30:00-04:00,68.25,69.16000366210938,68.19999694824219,68.45999908447266,228364,0.0,0.0
2023-09-25 10:30:00-04:00,68.46499633789062,68.72000122070312,68.2699966430664,68.51000213623047,192516,0.0,0.0
2023-09-25 11:30:00-04:00,68.51000213623047,68.83999633789062,68.45999908447266,68.73999786376953,188073,0.0,0.0
2023-09-25 12:30:00-04:00,68.73999786376953,68.86000061035156,68.45999908447266,68.55000305175781,137428,0.0,0.0
2023-09-25 13:30:00-04:00,68.54499816894531,68.63999938964844,68.44750213623047,68.56999969482422,161540,0.0,0.0
2023-09-25 14:30:00-04:00,68.55000305175781,68.66000366210938,68.29000091552734,68.66000366210938,294399,0.0,0.0
2023-09-25 15:30:00-04:00,68.66000366210938,68.80000305175781,68.5,68.66999816894531,437300,0.0,0.0
2023-09-26 09:30:00-04:00,68.19000244140625,69.16000366210938,68.02999877929688,68.45500183105469,198066,0.0,0.0
2023-09-26 10:30:00-04:00,68.43000030517578,68.45500183105469,68.12000274658203,68.13999938964844,210740,0.0,0.0
2023-09-26 11:30:00-04:00,68.1500015258789,68.45999908447266,68.06999969482422,68.43499755859375,169491,0.0,0.0
2023-09-26 12:30:00-04:00,68.43499755859375,68.52999877929688,68.2300033569336,68.26000213623047,208572,0.0,0.0
2023-09-26 13:30:00-04:00,68.27999877929688,68.30999755859375,68.12000274658203,68.2699966430664,225896,0.0,0.0
2023-09-26 14:30:00-04:00,68.27999877929688,68.5,68.18000030517578,68.20999908447266,352168,0.0,0.0
2023-09-26 15:30:00-04:00,68.20999908447266,68.38999938964844,68.1500015258789,68.31999969482422,618114,0.0,0.0
2023-09-27 09:30:00-04:00,68.94000244140625,68.95999908447266,68.27999877929688,68.52999877929688,221141,0.0,0.0
2023-09-27 10:30:00-04:00,68.5199966430664,68.5999984741211,67.62000274658203,67.87000274658203,250750,0.0,0.0
2023-09-27 11:30:00-04:00,67.93009948730469,68.06999969482422,67.11000061035156,67.13999938964844,289215,0.0,0.0
2023-09-27 12:30:00-04:00,67.13999938964844,67.18000030517578,66.62999725341797,66.66999816894531,279922,0.0,0.0
2023-09-27 13:30:00-04:00,66.66000366210938,67.05000305175781,66.51000213623047,67.04000091552734,278788,0.0,0.0
2023-09-27 14:30:00-04:00,67.05000305175781,67.7699966430664,67.05000305175781,67.62000274658203,313565,0.0,0.0
2023-09-27 15:30:00-04:00,67.625,67.66999816894531,67.22000122070312,67.33000183105469,565623,0.0,0.0
2023-09-28 09:30:00-04:00,67.0,67.37999725341797,66.58000183105469,66.58000183105469,201103,0.0,0.0
2023-09-28 10:30:00-04:00,66.59500122070312,67.48999786376953,66.41000366210938,67.48999786376953,234262,0.0,0.0
2023-09-28 11:30:00-04:00,67.55000305175781,68.3499984741211,67.55000305175781,68.30500030517578,246965,0.0,0.0
2023-09-28 12:30:00-04:00,68.31999969482422,68.39240264892578,68.05999755859375,68.27999877929688,170580,0.0,0.0
2023-09-28 13:30:00-04:00,68.29000091552734,68.43000030517578,68.08999633789062,68.37000274658203,174334,0.0,0.0
2023-09-28 14:30:00-04:00,68.38999938964844,68.56999969482422,68.11000061035156,68.52999877929688,203355,0.0,0.0
2023-09-28 15:30:00-04:00,68.54000091552734,68.56999969482422,68.1500015258789,68.30999755859375,361205,0.0,0.0
2023-09-29 09:30:00-04:00,69.12999725341797,70.54000091552734,69.12000274658203,69.94499969482422,432613,0.0,0.0
2023-09-29 10:30:00-04:00,69.9800033569336,71.08350372314453,69.95999908447266,70.6500015258789,464388,0.0,0.0
2023-09-29 11:30:00-04:00,70.62000274658203,70.7300033569336,70.04000091552734,70.4000015258789,259334,0.0,0.0
2023-09-29 12:30:00-04:00,70.37999725341797,70.5,69.80000305175781,70.09500122070312,183093,0.0,0.0
2023-09-29 13:30:00-04:00,70.08999633789062,70.41999816894531,69.79000091552734,70.12999725341797,321213,0.0,0.0
2023-09-29 14:30:00-04:00,70.13500213623047,70.625,69.98999786376953,70.20899963378906,384986,0.0,0.0
2023-09-29 15:30:00-04:00,70.19000244140625,70.36000061035156,69.78500366210938,69.9469985961914,421507,0.0,0.0
2023-10-02 09:30:00-04:00,69.93000030517578,71.375,69.80000305175781,70.5199966430664,524828,0.0,0.0
2023-10-02 10:30:00-04:00,70.47000122070312,71.08000183105469,70.09040069580078,70.95999908447266,350131,0.0,0.0
2023-10-02 11:30:00-04:00,70.9800033569336,71.08999633789062,69.80000305175781,69.83000183105469,193874,0.0,0.0
2023-10-02 12:30:00-04:00,69.79000091552734,69.91999816894531,69.47000122070312,69.7249984741211,138966,0.0,0.0
2023-10-02 13:30:00-04:00,69.73999786376953,70.08999633789062,69.66999816894531,69.7300033569336,197003,0.0,0.0
2023-10-02 14:30:00-04:00,69.76000213623047,69.87999725341797,69.55999755859375,69.77999877929688,175904,0.0,0.0
2023-10-02 15:30:00-04:00,69.7699966430664,70.12999725341797,69.75589752197266,70.0999984741211,446007,0.0,0.0
2023-10-03 09:30:00-04:00,69.58000183105469,70.25,68.66000366210938,68.79460144042969,373013,0.0,0.0
2023-10-03 10:30:00-04:00,68.77999877929688,68.94969940185547,68.44000244140625,68.62000274658203,240186,0.0,0.0
2023-10-03 11:30:00-04:00,68.61000061035156,69.06999969482422,68.5199966430664,69.04000091552734,442365,0.0,0.0
2023-10-03 12:30:00-04:00,69.0199966430664,69.22000122070312,68.58000183105469,68.66999816894531,283817,0.0,0.0
2023-10-03 13:30:00-04:00,68.6500015258789,68.7300033569336,67.86000061035156,67.94000244140625,351064,0.0,0.0
2023-10-03 14:30:00-04:00,67.94499969482422,68.37999725341797,67.68000030517578,67.86499786376953,426478,0.0,0.0
2023-10-03 15:30:00-04:00,67.87000274658203,68.23999786376953,67.86000061035156,68.04000091552734,580891,0.0,0.0
2023-10-04 09:30:00-04:00,68.67900085449219,68.87999725341797,65.62010192871094,65.66010284423828,1223146,0.0,0.0
2023-10-04 10:30:00-04:00,65.69999694824219,66.16000366210938,65.5199966430664,65.80750274658203,706747,0.0,0.0
2023-10-04 11:30:00-04:00,65.83000183105469,66.3499984741211,65.66310119628906,66.12999725341797,329387,0.0,0.0
2023-10-04 12:30:00-04:00,66.1500015258789,66.58999633789062,65.98999786376953,66.15899658203125,255146,0.0,0.0
2023-10-04 13:30:00-04:00,66.16000366210938,66.30000305175781,65.58999633789062,65.80000305175781,372480,0.0,0.0
2023-10-04 14:30:00-04:00,65.80000305175781,66.04000091552734,65.53500366210938,65.87999725341797,488928,0.0,0.0
2023-10-04 15:30:00-04:00,65.91999816894531,66.37999725341797,65.88999938964844,66.06999969482422,739027,0.0,0.0
2023-10-05 09:30:00-04:00,65.94999694824219,66.05999755859375,64.98999786376953,65.11000061035156,610339,0.0,0.0
2023-10-05 10:30:00-04:00,65.11000061035156,65.1500015258789,64.69000244140625,64.73989868164062,535478,0.0,0.0
2023-10-05 11:30:00-04:00,64.72000122070312,64.79000091552734,64.1500015258789,64.56999969482422,326366,0.0,0.0
2023-10-05 12:30:00-04:00,64.59249877929688,64.67890167236328,64.2699966430664,64.67890167236328,262399,0.0,0.0
2023-10-05 13:30:00-04:00,64.68000030517578,64.99500274658203,64.61000061035156,64.81999969482422,299611,0.0,0.0
2023-10-05 14:30:00-04:00,64.83000183105469,65.01000213623047,64.63999938964844,64.91999816894531,490688,0.0,0.0
2023-10-05 15:30:00-04:00,64.93000030517578,65.08999633789062,64.45999908447266,64.5199966430664,756398,0.0,0.0
2023-10-06 09:30:00-04:00,63.68239974975586,65.0,63.68239974975586,64.95500183105469,437863,0.0,0.0
2023-10-06 10:30:00-04:00,64.95500183105469,65.25,64.70999908447266,64.81999969482422,478136,0.0,0.0
2023-10-06 11:30:00-04:00,64.83999633789062,65.47000122070312,64.83999633789062,65.2699966430664,388503,0.0,0.0
2023-10-06 12:30:00-04:00,65.2699966430664,65.69000244140625,65.2300033569336,65.55999755859375,301327,0.0,0.0
2023-10-06 13:30:00-04:00,65.57759857177734,65.7300033569336,65.45999908447266,65.62000274658203,230650,0.0,0.0
2023-10-06 14:30:00-04:00,65.61000061035156,65.80380249023438,65.4000015258789,65.58999633789062,330793,0.0,0.0
2023-10-06 15:30:00-04:00,65.58000183105469,65.76000213623047,65.36000061035156,65.47000122070312,624058,0.0,0.0
2023-10-09 09:30:00-04:00,63.970001220703125,65.16000366210938,63.529998779296875,64.94000244140625,1220846,0.0,0.0
2023-10-09 10:30:00-04:00,64.93499755859375,65.02999877929688,64.6500015258789,64.86000061035156,291665,0.0,0.0
2023-10-09 11:30:00-04:00,64.86000061035156,65.51000213623047,64.81999969482422,65.44000244140625,245087,0.0,0.0
2023-10-09 12:30:00-04:00,65.43000030517578,65.66999816894531,65.33999633789062,65.62999725341797,205518,0.0,0.0
2023-10-09 13:30:00-04:00,65.63999938964844,66.0,65.62999725341797,65.83000183105469,283064,0.0,0.0
2023-10-09 14:30:00-04:00,65.81999969482422,66.05999755859375,65.66000366210938,66.01000213623047,284785,0.0,0.0
2023-10-09 15:30:00-04:00,66.0199966430664,66.12999725341797,65.97000122070312,66.0999984741211,482477,0.0,0.0
2023-10-10 09:30:00-04:00,66.0,67.8499984741211,65.85800170898438,67.80999755859375,496481,0.0,0.0
2023-10-10 10:30:00-04:00,67.80999755859375,67.88999938964844,67.44000244140625,67.52999877929688,282045,0.0,0.0
2023-10-10 11:30:00-04:00,67.55000305175781,67.86000061035156,67.41000366210938,67.50499725341797,195827,0.0,0.0
2023-10-10 12:30:00-04:00,67.52999877929688,67.74500274658203,67.25,67.54000091552734,184999,0.0,0.0
2023-10-10 13:30:00-04:00,67.55000305175781,67.6500015258789,67.2300033569336,67.30000305175781,248541,0.0,0.0
2023-10-10 14:30:00-04:00,67.27999877929688,67.58499908447266,67.2699966430664,67.30000305175781,238654,0.0,0.0
2023-10-10 15:30:00-04:00,67.27999877929688,67.38999938964844,67.20999908447266,67.29000091552734,490632,0.0,0.0
2023-10-11 09:30:00-04:00,67.43000030517578,67.58999633789062,66.5199966430664,66.58000183105469,306514,0.0,0.0
2023-10-11 10:30:00-04:00,66.58999633789062,66.80999755859375,66.36070251464844,66.47000122070312,255644,0.0,0.0
2023-10-11 11:30:00-04:00,66.47000122070312,66.54000091552734,65.70999908447266,65.80500030517578,311962,0.0,0.0
2023-10-11 12:30:00-04:00,65.80000305175781,65.91999816894531,65.3499984741211,65.45999908447266,360840,0.0,0.0
2023-10-11 13:30:00-04:00,65.47000122070312,65.48999786376953,65.08000183105469,65.18000030517578,427207,0.0,0.0
2023-10-11 14:30:00-04:00,65.18830108642578,65.31999969482422,64.9000015258789,65.0,459288,0.0,0.0
2023-10-11 15:30:00-04:00,64.98999786376953,65.12000274658203,64.77999877929688,64.80999755859375,716217,0.0,0.0
2023-10-12 09:30:00-04:00,64.93000030517578,64.93000030517578,63.33000183105469,63.85749816894531,563291,0.0,0.0
2023-10-12 10:30:00-04:00,63.81999969482422,64.18000030517578,63.59000015258789,63.619998931884766,296564,0.0,0.0
2023-10-12 11:30:00-04:00,63.599998474121094,63.86000061035156,63.56999969482422,63.7599983215332,231691,0.0,0.0
2023-10-12 12:30:00-04:00,63.77000045776367,63.790000915527344,63.040000915527344,63.04999923706055,375178,0.0,0.0
2023-10-12 13:30:00-04:00,63.040000915527344,63.15999984741211,62.66999816894531,63.08000183105469,389577,0.0,0.0
2023-10-12 14:30:00-04:00,63.07500076293945,63.58000183105469,63.025001525878906,63.41999816894531,314729,0.0,0.0
2023-10-12 15:30:00-04:00,63.42499923706055,63.67499923706055,63.42499923706055,63.470001220703125,489719,0.0,0.0
2023-10-13 09:30:00-04:00,63.41999816894531,63.70000076293945,62.83000183105469,63.130001068115234,306765,0.0,0.0
2023-10-13 10:30:00-04:00,63.13999938964844,63.13999938964844,62.22999954223633,62.36000061035156,336602,0.0,0.0
2023-10-13 11:30:00-04:00,62.36000061035156,62.599998474121094,62.14500045776367,62.5099983215332,277925,0.0,0.0
2023-10-13 12:30:00-04:00,62.52000045776367,62.619998931884766,62.16999816894531,62.20000076293945,226858,0.0,0.0
2023-10-13 13:30:00-04:00,62.209999084472656,62.689998626708984,62.15999984741211,62.560001373291016,309545,0.0,0.0
2023-10-13 14:30:00-04:00,62.55500030517578,62.84000015258789,62.52000045776367,62.68000030517578,396530,0.0,0.0
2023-10-13 15:30:00-04:00,62.689998626708984,62.78499984741211,62.619998931884766,62.75,519264,0.0,0.0
2023-10-16 09:30:00-04:00,63.060001373291016,63.59000015258789,62.439998626708984,63.46049880981445,392489,0.0,0.0
2023-10-16 10:30:00-04:00,63.459999084472656,63.560001373291016,63.040000915527344,63.27000045776367,219274,0.0,0.0
2023-10-16 11:30:00-04:00,63.28499984741211,63.459999084472656,63.130001068115234,63.43000030517578,191338,0.0,0.0
2023-10-16 12:30:00-04:00,63.435001373291016,63.59000015258789,63.03499984741211,63.255001068115234,223379,0.0,0.0
2023-10-16 13:30:00-04:00,63.26499938964844,63.5099983215332,63.18000030517578,63.209999084472656,234371,0.0,0.0
2023-10-16 14:30:00-04:00,63.189998626708984,63.47999954223633,63.130001068115234,63.45000076293945,220346,0.0,0.0
2023-10-16 15:30:00-04:00,63.45000076293945,63.470001220703125,63.06999969482422,63.18000030517578,533843,0.0,0.0
2023-10-17 09:30:00-04:00,62.68000030517578,64.58499908447266,62.652099609375,64.44000244140625,595650,0.0,0.0
2023-10-17 10:30:00-04:00,64.43949890136719,64.81999969482422,64.31999969482422,64.7300033569336,333383,0.0,0.0
2023-10-17 11:30:00-04:00,64.73249816894531,64.91999816894531,64.29000091552734,64.5999984741211,278891,0.0,0.0
2023-10-17 12:30:00-04:00,64.61000061035156,64.62999725341797,64.16819763183594,64.16999816894531,253805,0.0,0.0
2023-10-17 13:30:00-04:00,64.16000366210938,64.19000244140625,63.584999084472656,63.84000015258789,321108,0.0,0.0
2023-10-17 14:30:00-04:00,63.83000183105469,64.07499694824219,63.584999084472656,63.779998779296875,313038,0.0,0.0
2023-10-17 15:30:00-04:00,63.779998779296875,63.86000061035156,63.560001373291016,63.83000183105469,495419,0.0,0.0
2023-10-18 09:30:00-04:00,63.31999969482422,63.810001373291016,62.869998931884766,63.29999923706055,277978,0.0,0.0
2023-10-18 10:30:00-04:00,63.27000045776367,63.380001068115234,62.810001373291016,63.20000076293945,329191,0.0,0.0
2023-10-18 11:30:00-04:00,63.209999084472656,63.34000015258789,62.93000030517578,63.119998931884766,152448,0.0,0.0
2023-10-18 12:30:00-04:00,63.119998931884766,63.279998779296875,62.79999923706055,63.17499923706055,142952,0.0,0.0
2023-10-18 13:30:00-04:00,63.13349914550781,63.34000015258789,62.790000915527344,63.18000030517578,146894,0.0,0.0
2023-10-18 14:30:00-04:00,63.18000030517578,63.290000915527344,62.869998931884766,63.08000183105469,210395,0.0,0.0
2023-10-18 15:30:00-04:00,63.09000015258789,63.14500045776367,62.869998931884766,62.95000076293945,409865,0.0,0.0
2023-10-19 09:30:00-04:00,63.43000030517578,63.967498779296875,62.970001220703125,63.439998626708984,271608,0.0,0.0
2023-10-19 10:30:00-04:00,63.43000030517578,63.6349983215332,63.09000015258789,63.209999084472656,183658,0.0,0.0
2023-10-19 11:30:00-04:00,63.20000076293945,63.599998474121094,63.1349983215332,63.255001068115234,155799,0.0,0.0
2023-10-19 12:30:00-04:00,63.25,63.61000061035156,62.75,63.36000061035156,160743,0.0,0.0
2023-10-19 13:30:00-04:00,63.25,63.25,62.65999984741211,62.779998779296875,174097,0.0,0.0
2023-10-19 14:30:00-04:00,62.7400016784668,62.75,62.27000045776367,62.33000183105469,189723,0.0,0.0
2023-10-19 15:30:00-04:00,62.34000015258789,62.5,62.119998931884766,62.310001373291016,297011,0.0,0.0
2023-10-20 09:30:00-04:00,62.41999816894531,62.650001525878906,61.650001525878906,61.71049880981445,311978,0.0,0.0
2023-10-20 10:30:00-04:00,61.68000030517578,61.84000015258789,61.40999984741211,61.58000183105469,284714,0.0,0.0
2023-10-20 11:30:00-04:00,61.58000183105469,62.13999938964844,61.4900016784668,61.83000183105469,323979,0.0,0.0
2023-10-20 12:30:00-04:00,61.88999938964844,62.400001525878906,61.69499969482422,62.279998779296875,204367,0.0,0.0
2023-10-20 13:30:00-04:00,62.279998779296875,62.439998626708984,61.779998779296875,61.90999984741211,225224,0.0,0.0
2023-10-20 14:30:00-04:00,61.88999938964844,62.040000915527344,61.630001068115234,61.689998626708984,252350,0.0,0.0
2023-10-20 15:30:00-04:00,61.70000076293945,61.84000015258789,61.540000915527344,61.70000076293945,450642,0.0,0.0
2023-10-23 09:30:00-04:00,61.099998474121094,61.7400016784668,60.900001525878906,61.66999816894531,397827,0.0,0.0
2023-10-23 10:30:00-04:00,61.689998626708984,61.970001220703125,61.54999923706055,61.880001068115234,209922,0.0,0.0
2023-10-23 11:30:00-04:00,61.88999938964844,62.040000915527344,61.52000045776367,61.72999954223633,209405,0.0,0.0
2023-10-23 12:30:00-04:00,61.72999954223633,62.02000045776367,61.630001068115234,61.709999084472656,155120,0.0,0.0
2023-10-23 13:30:00-04:00,61.689998626708984,61.845001220703125,61.470001220703125,61.584999084472656,157907,0.0,0.0
2023-10-23 14:30:00-04:00,61.59000015258789,61.650001525878906,61.400001525878906,61.5099983215332,276150,0.0,0.0
2023-10-23 15:30:00-04:00,61.4900016784668,61.54999923706055,61.119998931884766,61.130001068115234,376766,0.0,0.0
2023-10-24 09:30:00-04:00,61.4900016784668,62.8650016784668,61.4900016784668,62.709999084472656,314332,0.0,0.0
2023-10-24 10:30:00-04:00,62.75,62.86000061035156,62.15999984741211,62.16999816894531,192891,0.0,0.0
2023-10-24 11:30:00-04:00,62.150001525878906,62.349998474121094,61.7599983215332,61.78499984741211,197815,0.0,0.0
2023-10-24 12:30:00-04:00,61.77000045776367,62.17499923706055,61.61000061035156,62.130001068115234,334461,0.0,0.0
2023-10-24 13:30:00-04:00,62.150001525878906,62.27000045776367,61.99169921875,62.17499923706055,231462,0.0,0.0
2023-10-24 14:30:00-04:00,62.18000030517578,62.4900016784668,62.15999984741211,62.439998626708984,209086,0.0,0.0
2023-10-24 15:30:00-04:00,62.45000076293945,62.52000045776367,62.02000045776367,62.130001068115234,504942,0.0,0.0
2023-10-25 09:30:00-04:00,61.400001525878906,61.78499984741211,60.720001220703125,60.82500076293945,296823,0.0,0.0
2023-10-25 10:30:00-04:00,60.83000183105469,61.40999984741211,60.814998626708984,61.220001220703125,419303,0.0,0.0
2023-10-25 11:30:00-04:00,61.219600677490234,61.2400016784668,60.790000915527344,60.91999816894531,211116,0.0,0.0
2023-10-25 12:30:00-04:00,60.91999816894531,61.0099983215332,60.540000915527344,60.83000183105469,299749,0.0,0.0
2023-10-25 13:30:00-04:00,60.83000183105469,60.90999984741211,60.47999954223633,60.5,394102,0.0,0.0
2023-10-25 14:30:00-04:00,60.5,60.58000183105469,60.27000045776367,60.34000015258789,460459,0.0,0.0
2023-10-25 15:30:00-04:00,60.34000015258789,60.599998474121094,60.29999923706055,60.31999969482422,692142,0.0,0.0
2023-10-26 09:30:00-04:00,60.45000076293945,60.970001220703125,59.41999816894531,59.72999954223633,417193,0.0,0.0
2023-10-26 10:30:00-04:00,59.72999954223633,60.45000076293945,59.30110168457031,59.525001525878906,344579,0.0,0.0
2023-10-26 11:30:00-04:00,59.54499816894531,59.68000030517578,58.970001220703125,59.06999969482422,290014,0.0,0.0
2023-10-26 12:30:00-04:00,59.06999969482422,59.352901458740234,58.869998931884766,59.08000183105469,223266,0.0,0.0
2023-10-26 13:30:00-04:00,59.06100082397461,59.42409896850586,58.97999954223633,59.39500045776367,161059,0.0,0.0
2023-10-26 14:30:00-04:00,59.404998779296875,60.08000183105469,59.36000061035156,59.880001068115234,336747,0.0,0.0
2023-10-26 15:30:00-04:00,59.880001068115234,59.88999938964844,59.310001373291016,59.52000045776367,462398,0.0,0.0
2023-10-27 09:30:00-04:00,59.959999084472656,60.04499816894531,59.0,59.33000183105469,235881,0.0,0.0
2023-10-27 10:30:00-04:00,59.31999969482422,59.8650016784668,59.04999923706055,59.7599983215332,173732,0.0,0.0
2023-10-27 11:30:00-04:00,59.75,59.7599983215332,59.310001373291016,59.38999938964844,123129,0.0,0.0
2023-10-27 12:30:00-04:00,59.380001068115234,59.43000030517578,59.06999969482422,59.119998931884766,133328,0.0,0.0
2023-10-27 13:30:00-04:00,59.11000061035156,59.4900016784668,59.04999923706055,59.22999954223633,129564,0.0,0.0
2023-10-27 14:30:00-04:00,59.220001220703125,59.470001220703125,59.13999938964844,59.43000030517578,224802,0.0,0.0
2023-10-27 15:30:00-04:00,59.43000030517578,59.529998779296875,59.22999954223633,59.290000915527344,461651,0.0,0.0
2023-10-30 09:30:00-04:00,59.56999969482422,60.328800201416016,59.0,59.13999938964844,285660,0.0,0.0
2023-10-30 10:30:00-04:00,59.125,59.810001373291016,59.04999923706055,59.40999984741211,207018,0.0,0.0
2023-10-30 11:30:00-04:00,59.43000030517578,59.77000045776367,59.42190170288086,59.66999816894531,146096,0.0,0.0
2023-10-30 12:30:00-04:00,59.66999816894531,59.7599983215332,59.31999969482422,59.665000915527344,170774,0.0,0.0
2023-10-30 13:30:00-04:00,59.70500183105469,59.939998626708984,59.56999969482422,59.84000015258789,186234,0.0,0.0
2023-10-30 14:30:00-04:00,59.849998474121094,60.52000045776367,59.849998474121094,60.404998779296875,427070,0.0,0.0
2023-10-30 15:30:00-04:00,60.400001525878906,60.439998626708984,59.95500183105469,60.0,448291,0.0,0.0
2023-10-31 09:30:00-04:00,60.220001220703125,60.43000030517578,59.4900016784668,60.06999969482422,263771,0.0,0.0
2023-10-31 10:30:00-04:00,60.09000015258789,60.169898986816406,59.880001068115234,59.91999816894531,173075,0.0,0.0
2023-10-31 11:30:00-04:00,59.939998626708984,60.209999084472656,59.86000061035156,60.04499816894531,163315,0.0,0.0
2023-10-31 12:30:00-04:00,60.04999923706055,60.18000030517578,59.900001525878906,60.025001525878906,116160,0.0,0.0
2023-10-31 13:30:00-04:00,60.06999969482422,60.09000015258789,59.869998931884766,59.88990020751953,162350,0.0,0.0
2023-10-31 14:30:00-04:00,59.88999938964844,60.2239990234375,59.880001068115234,60.149600982666016,197752,0.0,0.0
2023-10-31 15:30:00-04:00,60.154998779296875,60.15999984741211,59.81999969482422,59.97999954223633,365806,0.0,0.0
2023-11-01 09:30:00-04:00,60.0,60.360801696777344,59.3650016784668,60.084999084472656,289036,0.0,0.0
2023-11-01 10:30:00-04:00,60.08100128173828,60.18000030517578,59.54930114746094,59.56999969482422,257343,0.0,0.0
2023-11-01 11:30:00-04:00,59.560001373291016,59.86000061035156,59.52000045776367,59.86000061035156,167346,0.0,0.0
2023-11-01 12:30:00-04:00,59.86000061035156,59.939998626708984,59.599998474121094,59.720001220703125,122982,0.0,0.0
2023-11-01 13:30:00-04:00,59.689998626708984,59.880001068115234,59.529998779296875,59.68000030517578,219753,0.0,0.0
2023-11-01 14:30:00-04:00,59.71500015258789,60.029998779296875,59.350101470947266,59.91999816894531,244130,0.0,0.0
2023-11-01 15:30:00-04:00,59.93000030517578,60.13999938964844,59.90999984741211,60.0,381139,0.0,0.0
2023-11-02 09:30:00-04:00,61.0,61.59000015258789,60.345001220703125,61.029998779296875,613133,0.0,0.0
2023-11-02 10:30:00-04:00,61.022499084472656,61.70000076293945,60.91999816894531,61.53499984741211,381204,0.0,0.0
2023-11-02 11:30:00-04:00,61.540000915527344,61.540000915527344,60.95000076293945,60.95000076293945,223869,0.0,0.0
2023-11-02 12:30:00-04:00,60.93000030517578,61.220001220703125,60.900001525878906,61.16999816894531,248362,0.0,0.0
2023-11-02 13:30:00-04:00,61.189998626708984,61.279998779296875,61.1150016784668,61.22999954223633,211780,0.0,0.0
2023-11-02 14:30:00-04:00,61.23500061035156,61.380001068115234,61.09000015258789,61.2400016784668,387243,0.0,0.0
2023-11-02 15:30:00-04:00,61.2599983215332,61.369998931884766,61.1349983215332,61.279998779296875,573808,0.0,0.0
2023-11-03 09:30:00-04:00,61.97999954223633,62.83000183105469,61.779998779296875,62.16999816894531,609411,0.0,0.0
2023-11-03 10:30:00-04:00,62.150001525878906,62.52000045776367,61.755001068115234,62.23500061035156,310550,0.0,0.0
2023-11-03 11:30:00-04:00,62.25,62.869998931884766,62.25,62.81999969482422,294962,0.0,0.0
2023-11-03 12:30:00-04:00,62.81999969482422,63.182498931884766,62.7599983215332,63.04999923706055,526901,0.0,0.0
2023-11-03 13:30:00-04:00,63.04999923706055,63.27000045776367,63.040000915527344,63.22999954223633,273628,0.0,0.0
2023-11-03 14:30:00-04:00,63.2400016784668,63.314998626708984,62.82500076293945,62.869998931884766,367477,0.0,0.0
2023-11-03 15:30:00-04:00,62.869998931884766,63.040000915527344,62.79999923706055,63.0,467701,0.0,0.0
2023-11-06 09:30:00-05:00,63.13999938964844,63.310001373291016,61.720001220703125,61.91999816894531,420535,0.0,0.0
2023-11-06 10:30:00-05:00,61.939998626708984,62.16999816894531,61.47999954223633,61.619998931884766,220923,0.0,0.0
2023-11-06 11:30:00-05:00,61.599998474121094,61.762001037597656,61.45500183105469,61.599998474121094,196386,0.0,0.0
2023-11-06 12:30:00-05:00,61.619998931884766,61.779998779296875,61.27000045776367,61.310001373291016,247596,0.0,0.0
2023-11-06 13:30:00-05:00,61.290000915527344,61.47999954223633,61.22999954223633,61.47999954223633,285201,0.0,0.0
2023-11-06 14:30:00-05:00,61.47999954223633,61.60929870605469,61.40999984741211,61.54999923706055,298256,0.0,0.0
2023-11-06 15:30:00-05:00,61.54999923706055,61.86000061035156,61.40999984741211,61.86000061035156,550606,0.0,0.0
2023-11-07 09:30:00-05:00,62.459999084472656,63.06999969482422,61.9900016784668,62.970001220703125,321508,0.0,0.0
2023-11-07 10:30:00-05:00,62.959999084472656,63.20970153808594,62.70000076293945,62.7599983215332,382527,0.0,0.0
2023-11-07 11:30:00-05:00,62.72999954223633,62.869998931884766,62.5099983215332,62.54999923706055,202716,0.0,0.0
2023-11-07 12:30:00-05:00,62.540000915527344,62.59000015258789,62.36009979248047,62.560001373291016,197772,0.0,0.0
2023-11-07 13:30:00-05:00,62.560001373291016,62.790000915527344,62.5,62.595001220703125,209383,0.0,0.0
2023-11-07 14:30:00-05:00,62.599998474121094,62.650001525878906,62.33000183105469,62.47999954223633,259974,0.0,0.0
2023-11-07 15:30:00-05:00,62.47999954223633,62.81999969482422,62.439998626708984,62.685001373291016,516696,0.0,0.0
2023-11-08 09:30:00-05:00,62.41999816894531,62.689998626708984,61.97999954223633,62.00419998168945,243064,0.0,0.0
2023-11-08 10:30:00-05:00,61.970001220703125,62.119998931884766,61.65999984741211,61.88999938964844,193515,0.0,0.0
2023-11-08 11:30:00-05:00,61.86000061035156,62.0,61.62099838256836,61.66999816894531,159669,0.0,0.0
2023-11-08 12:30:00-05:00,61.65999984741211,61.959999084472656,61.58000183105469,61.849998474121094,184565,0.0,0.0
2023-11-08 13:30:00-05:00,61.81999969482422,61.939998626708984,61.689998626708984,61.7599983215332,152253,0.0,0.0
2023-11-08 14:30:00-05:00,61.769901275634766,61.779998779296875,61.58000183105469,61.65999984741211,177980,0.0,0.0
2023-11-08 15:30:00-05:00,61.63999938964844,61.84000015258789,61.5,61.83000183105469,487411,0.0,0.0
2023-11-09 09:30:00-05:00,61.97999954223633,62.0,61.09000015258789,61.154998779296875,350005,0.0,0.0
2023-11-09 10:30:00-05:00,61.13999938964844,61.560001373291016,61.0,61.5,256265,0.0,0.0
2023-11-09 11:30:00-05:00,61.5099983215332,61.599998474121094,61.099998474121094,61.13999938964844,218339,0.0,0.0
2023-11-09 12:30:00-05:00,61.13999938964844,61.290000915527344,60.7599983215332,61.099998474121094,202978,0.0,0.0
2023-11-09 13:30:00-05:00,61.060001373291016,61.16999816894531,60.83000183105469,60.95000076293945,195764,0.0,0.0
2023-11-09 14:30:00-05:00,60.939998626708984,61.029998779296875,60.7599983215332,60.83000183105469,326933,0.0,0.0
2023-11-09 15:30:00-05:00,60.849998474121094,60.90999984741211,60.619998931884766,60.650001525878906,610960,0.0,0.0
2023-11-10 09:30:00-05:00,60.66999816894531,61.27000045776367,60.2400016784668,61.130001068115234,297084,0.0,0.0
2023-11-10 10:30:00-05:00,61.09000015258789,61.59000015258789,60.849998474121094,61.34000015258789,258042,0.0,0.0
2023-11-10 11:30:00-05:00,61.349998474121094,61.61000061035156,61.08000183105469,61.39500045776367,340511,0.0,0.0
2023-11-10 12:30:00-05:00,61.39500045776367,61.90999984741211,61.369998931884766,61.880001068115234,266383,0.0,0.0
2023-11-10 13:30:00-05:00,61.869998931884766,62.17499923706055,61.775001525878906,62.060001373291016,257162,0.0,0.0
2023-11-10 14:30:00-05:00,62.04999923706055,62.209999084472656,61.97999954223633,62.16999816894531,314293,0.0,0.0
2023-11-10 15:30:00-05:00,62.15999984741211,62.220001220703125,62.029998779296875,62.060001373291016,471269,0.0,0.0
2023-11-13 09:30:00-05:00,61.959999084472656,61.959999084472656,61.31999969482422,61.810001373291016,411953,0.0,0.0
2023-11-13 10:30:00-05:00,61.81999969482422,62.439998626708984,61.76359939575195,62.209999084472656,247820,0.0,0.0
2023-11-13 11:30:00-05:00,62.209999084472656,62.2599983215332,61.75,61.756500244140625,209059,0.0,0.0
2023-11-13 12:30:00-05:00,61.7599983215332,61.900001525878906,61.710601806640625,61.790000915527344,170606,0.0,0.0
2023-11-13 13:30:00-05:00,61.75,61.84000015258789,61.59000015258789,61.630001068115234,189625,0.0,0.0
2023-11-13 14:30:00-05:00,61.63999938964844,61.78499984741211,61.47999954223633,61.494998931884766,304266,0.0,0.0
2023-11-13 15:30:00-05:00,61.494998931884766,61.709999084472656,61.46500015258789,61.560001373291016,450900,0.0,0.0
2023-11-14 09:30:00-05:00,63.0,64.05000305175781,62.72999954223633,63.060001373291016,905180,0.0,0.0
2023-11-14 10:30:00-05:00,63.060001373291016,63.459999084472656,63.02000045776367,63.29999923706055,483662,0.0,0.0
2023-11-14 11:30:00-05:00,63.290000915527344,63.47999954223633,62.79999923706055,62.869998931884766,329669,0.0,0.0
2023-11-14 12:30:00-05:00,62.900001525878906,62.9900016784668,62.56999969482422,62.59000015258789,264944,0.0,0.0
2023-11-14 13:30:00-05:00,62.58000183105469,62.630001068115234,62.220001220703125,62.25,247489,0.0,0.0
2023-11-14 14:30:00-05:00,62.2599983215332,62.55799865722656,62.06999969482422,62.54999923706055,394130,0.0,0.0
2023-11-14 15:30:00-05:00,62.55500030517578,62.900001525878906,62.5,62.7599983215332,1418676,0.0,0.0
2023-11-15 09:30:00-05:00,63.15999984741211,64.74700164794922,63.150001525878906,64.66999816894531,738611,0.0,0.0
2023-11-15 10:30:00-05:00,64.66500091552734,65.4000015258789,64.57749938964844,65.23999786376953,999425,0.0,0.0
2023-11-15 11:30:00-05:00,65.24500274658203,65.26000213623047,64.41999816894531,64.7300033569336,296451,0.0,0.0
2023-11-15 12:30:00-05:00,64.73999786376953,64.77999877929688,64.02999877929688,64.33000183105469,236836,0.0,0.0
2023-11-15 13:30:00-05:00,64.33499908447266,64.45999908447266,64.19000244140625,64.33000183105469,198262,0.0,0.0
2023-11-15 14:30:00-05:00,64.33499908447266,64.36000061035156,63.9900016784668,64.04000091552734,296917,0.0,0.0
2023-11-15 15:30:00-05:00,64.02999877929688,64.16999816894531,63.71500015258789,63.7400016784668,534011,0.0,0.0
2023-11-16 09:30:00-05:00,63.290000915527344,63.790000915527344,63.09560012817383,63.7400016784668,529216,0.0,0.0
2023-11-16 10:30:00-05:00,63.724998474121094,63.900001525878906,63.119998931884766,63.5099983215332,327718,0.0,0.0
2023-11-16 11:30:00-05:00,63.5,63.790000915527344,63.290000915527344,63.75,208739,0.0,0.0
2023-11-16 12:30:00-05:00,63.755001068115234,63.97999954223633,63.2400016784668,63.459999084472656,205558,0.0,0.0
2023-11-16 13:30:00-05:00,63.459999084472656,63.5098991394043,63.189998626708984,63.290000915527344,183103,0.0,0.0
2023-11-16 14:30:00-05:00,63.310001373291016,63.7400016784668,63.310001373291016,63.599998474121094,251532,0.0,0.0
2023-11-16 15:30:00-05:00,63.58000183105469,63.58000183105469,63.31999969482422,63.400001525878906,456401,0.0,0.0
2023-11-17 09:30:00-05:00,64.43000030517578,64.76000213623047,63.56999969482422,64.07499694824219,1354607,0.0,0.0
2023-11-17 10:30:00-05:00,64.05000305175781,64.3499984741211,63.83000183105469,63.970001220703125,603205,0.0,0.0
2023-11-17 11:30:00-05:00,63.959999084472656,64.26000213623047,63.845001220703125,64.1312026977539,360371,0.0,0.0
2023-11-17 12:30:00-05:00,64.11000061035156,64.2300033569336,63.98469924926758,64.06999969482422,297110,0.0,0.0
2023-11-17 13:30:00-05:00,64.08000183105469,64.38999938964844,64.04000091552734,64.08000183105469,210531,0.0,0.0
2023-11-17 14:30:00-05:00,64.06999969482422,64.27999877929688,63.9900016784668,64.08000183105469,329167,0.0,0.0
2023-11-17 15:30:00-05:00,64.08999633789062,64.16999816894531,64.0,64.0999984741211,675932,0.0,0.0
2023-11-20 09:30:00-05:00,64.58999633789062,65.57499694824219,64.4800033569336,65.2699966430664,1260936,0.0,0.0
2023-11-20 10:30:00-05:00,65.21070098876953,65.76940155029297,64.98999786376953,65.44000244140625,559926,0.0,0.0
2023-11-20 11:30:00-05:00,65.45330047607422,65.50029754638672,65.08000183105469,65.12000274658203,497714,0.0,0.0
2023-11-20 12:30:00-05:00,65.12999725341797,65.80000305175781,65.0999984741211,65.75,872368,0.0,0.0
2023-11-20 13:30:00-05:00,65.75,65.80740356445312,65.4800033569336,65.5999984741211,714417,0.0,0.0
2023-11-20 14:30:00-05:00,65.62989807128906,65.91999816894531,65.5999984741211,65.8499984741211,1004600,0.0,0.0
2023-11-20 15:30:00-05:00,65.84500122070312,66.08000183105469,65.69999694824219,66.05999755859375,1853336,0.0,0.0
2023-11-21 09:30:00-05:00,63.65999984741211,64.47000122070312,61.83000183105469,64.27999877929688,5531121,0.0,0.0
2023-11-21 10:30:00-05:00,64.2699966430664,65.73999786376953,64.19000244140625,65.62000274658203,1946891,0.0,0.0
2023-11-21 11:30:00-05:00,65.61000061035156,66.54989624023438,65.3499984741211,66.20999908447266,1429900,0.0,0.0
2023-11-21 12:30:00-05:00,66.19999694824219,66.43000030517578,65.5199966430664,65.66000366210938,1411462,0.0,0.0
2023-11-21 13:30:00-05:00,65.66000366210938,66.22000122070312,65.33000183105469,66.14360046386719,899642,0.0,0.0
2023-11-21 14:30:00-05:00,66.13999938964844,66.30999755859375,65.76000213623047,65.8499984741211,1036665,0.0,0.0
2023-11-21 15:30:00-05:00,65.87999725341797,66.0199966430664,65.66999816894531,65.94999694824219,1082967,0.0,0.0
2023-11-22 09:30:00-05:00,66.05000305175781,66.52999877929688,64.0199966430664,64.59420013427734,1330339,0.0,0.0
2023-11-22 10:30:00-05:00,64.56999969482422,65.05999755859375,64.26000213623047,64.98999786376953,645977,0.0,0.0
2023-11-22 11:30:00-05:00,65.0,65.05000305175781,64.62999725341797,64.9000015258789,370674,0.0,0.0
2023-11-22 12:30:00-05:00,64.9000015258789,64.93000030517578,64.41999816894531,64.54000091552734,364722,0.0,0.0
2023-11-22 13:30:00-05:00,64.55000305175781,64.6500015258789,64.07959747314453,64.12999725341797,571955,0.0,0.0
2023-11-22 14:30:00-05:00,64.12000274658203,64.1500015258789,63.769901275634766,64.01499938964844,641754,0.0,0.0
2023-11-22 15:30:00-05:00,64.02999877929688,64.20500183105469,63.79499816894531,63.86000061035156,755215,0.0,0.0
2023-11-24 09:30:00-05:00,64.02999877929688,64.9800033569336,63.81999969482422,64.08000183105469,781814,0.0,0.0
2023-11-24 10:30:00-05:00,64.08000183105469,64.51909637451172,63.959999084472656,64.33999633789062,327952,0.0,0.0
2023-11-24 11:30:00-05:00,64.3499984741211,64.4800033569336,64.18000030517578,64.42359924316406,227342,0.0,0.0
2023-11-27 09:30:00-05:00,64.38999938964844,64.95999908447266,64.05999755859375,64.69999694824219,537515,0.0,0.0
2023-11-27 10:30:00-05:00,64.72000122070312,65.20500183105469,64.71499633789062,65.0199966430664,666253,0.0,0.0
2023-11-27 11:30:00-05:00,65.0199966430664,65.44999694824219,65.0199966430664,65.38999938964844,366846,0.0,0.0
2023-11-27 12:30:00-05:00,65.37999725341797,65.72730255126953,65.37000274658203,65.4800033569336,339669,0.0,0.0
2023-11-27 13:30:00-05:00,65.4800033569336,65.4800033569336,65.13999938964844,65.33000183105469,248955,0.0,0.0
2023-11-27 14:30:00-05:00,65.33499908447266,65.58999633789062,65.21109771728516,65.56500244140625,383441,0.0,0.0
2023-11-27 15:30:00-05:00,65.56500244140625,65.66000366210938,65.44000244140625,65.55000305175781,751796,0.0,0.0
2023-11-28 09:30:00-05:00,65.29000091552734,66.14969635009766,64.91000366210938,65.94999694824219,393768,0.0,0.0
2023-11-28 10:30:00-05:00,65.97000122070312,66.55000305175781,65.86000061035156,66.12000274658203,437755,0.0,0.0
2023-11-28 11:30:00-05:00,66.13999938964844,66.5,66.13999938964844,66.43000030517578,224084,0.0,0.0
2023-11-28 12:30:00-05:00,66.43000030517578,67.62000274658203,66.29000091552734,67.08999633789062,1845649,0.0,0.0
2023-11-28 13:30:00-05:00,67.08000183105469,67.44000244140625,66.87999725341797,67.29399871826172,512185,0.0,0.0
2023-11-28 14:30:00-05:00,67.30000305175781,67.63999938964844,67.2300033569336,67.30000305175781,596498,0.0,0.0
2023-11-28 15:30:00-05:00,67.27999877929688,67.55999755859375,67.2300033569336,67.55000305175781,792540,0.0,0.0
2023-11-29 09:30:00-05:00,68.43000030517578,69.08999633789062,68.23999786376953,68.81500244140625,994581,0.0,0.0
2023-11-29 10:30:00-05:00,68.81500244140625,68.9800033569336,68.19999694824219,68.2300033569336,456771,0.0,0.0
2023-11-29 11:30:00-05:00,68.23999786376953,68.63999938964844,68.08999633789062,68.58000183105469,253162,0.0,0.0
2023-11-29 12:30:00-05:00,68.58999633789062,68.83999633789062,68.5009994506836,68.597900390625,237911,0.0,0.0
2023-11-29 13:30:00-05:00,68.56999969482422,68.58989715576172,68.30999755859375,68.41000366210938,241934,0.0,0.0
2023-11-29 14:30:00-05:00,68.41000366210938,68.45999908447266,67.97000122070312,68.0,306446,0.0,0.0
2023-11-29 15:30:00-05:00,67.99500274658203,68.0199966430664,67.86000061035156,67.9800033569336,671168,0.0,0.0
2023-11-30 09:30:00-05:00,68.38999938964844,68.68000030517578,67.72000122070312,67.95500183105469,397920,0.0,0.0
2023-11-30 10:30:00-05:00,67.97000122070312,67.9800033569336,67.25,67.87000274658203,348840,0.0,0.0
2023-11-30 11:30:00-05:00,67.87000274658203,67.91999816894531,67.38999938964844,67.43000030517578,171142,0.0,0.0
2023-11-30 12:30:00-05:00,67.43000030517578,67.65989685058594,67.26000213623047,67.36000061035156,210745,0.0,0.0
2023-11-30 13:30:00-05:00,67.36000061035156,67.83999633789062,67.25,67.59500122070312,208041,0.0,0.0
2023-11-30 14:30:00-05:00,67.58999633789062,67.9800033569336,67.56999969482422,67.83999633789062,266970,0.0,0.0
2023-11-30 15:30:00-05:00,67.8499984741211,67.94999694824219,67.66999816894531,67.81999969482422,692681,0.0,0.0
2023-12-01 09:30:00-05:00,67.76000213623047,69.18000030517578,67.58000183105469,68.87000274658203,543760,0.0,0.0
2023-12-01 10:30:00-05:00,68.83000183105469,69.77999877929688,68.75140380859375,69.73999786376953,594724,0.0,0.0
2023-12-01 11:30:00-05:00,69.75,70.30999755859375,69.55999755859375,70.11499786376953,726054,0.0,0.0
2023-12-01 12:30:00-05:00,70.11499786376953,70.43000030517578,69.91999816894531,70.0822982788086,462045,0.0,0.0
2023-12-01 13:30:00-05:00,70.08000183105469,70.3499984741211,69.9927978515625,70.29000091552734,392733,0.0,0.0
2023-12-01 14:30:00-05:00,70.29000091552734,70.37999725341797,70.04000091552734,70.37999725341797,510763,0.0,0.0
2023-12-01 15:30:00-05:00,70.37000274658203,70.45999908447266,70.12000274658203,70.30000305175781,848139,0.0,0.0
2023-12-04 09:30:00-05:00,69.80000305175781,70.26000213623047,67.5199966430664,67.56999969482422,1339373,0.0,0.0
2023-12-04 10:30:00-05:00,67.58999633789062,67.83499908447266,66.94000244140625,67.36000061035156,784600,0.0,0.0
2023-12-04 11:30:00-05:00,67.33000183105469,68.01000213623047,67.2699966430664,67.58000183105469,364703,0.0,0.0
2023-12-04 12:30:00-05:00,67.58910369873047,67.7750015258789,67.30000305175781,67.33000183105469,329991,0.0,0.0
2023-12-04 13:30:00-05:00,67.31999969482422,67.48609924316406,66.84100341796875,67.27999877929688,506639,0.0,0.0
2023-12-04 14:30:00-05:00,67.27999877929688,68.76000213623047,65.5999984741211,67.33999633789062,3123461,0.0,0.0
2023-12-04 15:30:00-05:00,67.34500122070312,68.29000091552734,67.12999725341797,68.16000366210938,1403657,0.0,0.0
2023-12-05 09:30:00-05:00,67.91000366210938,68.06999969482422,67.08999633789062,67.44499969482422,654544,0.0,0.0
2023-12-05 10:30:00-05:00,67.45999908447266,68.08000183105469,67.2699966430664,67.44999694824219,303941,0.0,0.0
2023-12-05 11:30:00-05:00,67.4800033569336,67.86250305175781,67.12999725341797,67.70700073242188,323380,0.0,0.0
2023-12-05 12:30:00-05:00,67.68000030517578,67.7249984741211,67.3550033569336,67.69000244140625,210877,0.0,0.0
2023-12-05 13:30:00-05:00,67.69499969482422,68.51000213623047,67.58499908447266,68.47000122070312,429756,0.0,0.0
2023-12-05 14:30:00-05:00,68.4749984741211,69.26000213623047,68.30999755859375,69.12000274658203,781359,0.0,0.0
2023-12-05 15:30:00-05:00,69.11000061035156,69.12999725341797,68.66999816894531,68.7300033569336,737285,0.0,0.0
2023-12-06 09:30:00-05:00,69.58000183105469,70.26000213623047,68.75,69.75,659415,0.0,0.0
2023-12-06 10:30:00-05:00,69.73999786376953,70.72000122070312,69.7300033569336,70.58499908447266,553135,0.0,0.0
2023-12-06 11:30:00-05:00,70.58000183105469,70.95500183105469,70.26000213623047,70.86000061035156,570318,0.0,0.0
2023-12-06 12:30:00-05:00,70.86000061035156,70.89990234375,70.30999755859375,70.58000183105469,319431,0.0,0.0
2023-12-06 13:30:00-05:00,70.58999633789062,70.83999633789062,70.37999725341797,70.68000030517578,325273,0.0,0.0
2023-12-06 14:30:00-05:00,70.67500305175781,71.44000244140625,70.66999816894531,70.69999694824219,986768,0.0,0.0
2023-12-06 15:30:00-05:00,70.69999694824219,71.16999816894531,70.62000274658203,70.95999908447266,959745,0.0,0.0
2023-12-07 09:30:00-05:00,71.0,71.6050033569336,70.7699966430664,71.58000183105469,617186,0.0,0.0
2023-12-07 10:30:00-05:00,71.55999755859375,71.6500015258789,70.62999725341797,70.86000061035156,397090,0.0,0.0
2023-12-07 11:30:00-05:00,70.87999725341797,71.5,70.72000122070312,71.4800033569336,509599,0.0,0.0
2023-12-07 12:30:00-05:00,71.48999786376953,72.04000091552734,71.4800033569336,71.72000122070312,473589,0.0,0.0
2023-12-07 13:30:00-05:00,71.72000122070312,71.95999908447266,71.69999694824219,71.80000305175781,320897,0.0,0.0
2023-12-07 14:30:00-05:00,71.80999755859375,71.80999755859375,71.33499908447266,71.79000091552734,454865,0.0,0.0
2023-12-07 15:30:00-05:00,71.78099822998047,71.98999786376953,71.66000366210938,71.94999694824219,780954,0.0,0.0
2023-12-08 09:30:00-05:00,71.69999694824219,73.62989807128906,71.16999816894531,73.23999786376953,876269,0.0,0.0
2023-12-08 10:30:00-05:00,73.25,73.69000244140625,73.02999877929688,73.58000183105469,638737,0.0,0.0
2023-12-08 11:30:00-05:00,73.58999633789062,73.70999908447266,73.25,73.58000183105469,446707,0.0,0.0
2023-12-08 12:30:00-05:00,73.58499908447266,73.67610168457031,73.38999938964844,73.6500015258789,278253,0.0,0.0
2023-12-08 13:30:00-05:00,73.6500015258789,73.86000061035156,73.5250015258789,73.86000061035156,309791,0.0,0.0
2023-12-08 14:30:00-05:00,73.86000061035156,73.95999908447266,73.43000030517578,73.50499725341797,446314,0.0,0.0
2023-12-08 15:30:00-05:00,73.51000213623047,73.55000305175781,72.72000122070312,73.08000183105469,1285844,0.0,0.0
2023-12-11 09:30:00-05:00,71.81999969482422,73.04000091552734,70.94999694824219,72.83999633789062,1913240,0.0,0.0
2023-12-11 10:30:00-05:00,72.8499984741211,73.4000015258789,72.70500183105469,73.33999633789062,457897,0.0,0.0
2023-12-11 11:30:00-05:00,73.33989715576172,73.73999786376953,73.15660095214844,73.45500183105469,463039,0.0,0.0
2023-12-11 12:30:00-05:00,73.44499969482422,73.5999984741211,73.0999984741211,73.30000305175781,373344,0.0,0.0
2023-12-11 13:30:00-05:00,73.30000305175781,73.30500030517578,72.75,72.75289916992188,389594,0.0,0.0
2023-12-11 14:30:00-05:00,72.76000213623047,72.78500366210938,72.01029968261719,72.18250274658203,547976,0.0,0.0
2023-12-11 15:30:00-05:00,72.19999694824219,72.77999877929688,72.19999694824219,72.58000183105469,731955,0.0,0.0
2023-12-12 09:30:00-05:00,71.9800033569336,72.16999816894531,71.33999633789062,71.86000061035156,755939,0.0,0.0
2023-12-12 10:30:00-05:00,71.875,72.10279846191406,71.71050262451172,71.73999786376953,420563,0.0,0.0
2023-12-12 11:30:00-05:00,71.73999786376953,71.87999725341797,71.41999816894531,71.44499969482422,363695,0.0,0.0
2023-12-12 12:30:00-05:00,71.44000244140625,71.72699737548828,71.44000244140625,71.56999969482422,305424,0.0,0.0
2023-12-12 13:30:00-05:00,71.59500122070312,71.69999694824219,71.23999786376953,71.25,399040,0.0,0.0
2023-12-12 14:30:00-05:00,71.23999786376953,71.625,71.23999786376953,71.38999938964844,415066,0.0,0.0
2023-12-12 15:30:00-05:00,71.37999725341797,71.38999938964844,71.02999877929688,71.30999755859375,934443,0.0,0.0
2023-12-13 09:30:00-05:00,71.30999755859375,71.30999755859375,69.68000030517578,69.81999969482422,718125,0.0,0.0
2023-12-13 10:30:00-05:00,69.81500244140625,69.9800033569336,69.0999984741211,69.12999725341797,573678,0.0,0.0
2023-12-13 11:30:00-05:00,69.12999725341797,69.20989990234375,68.86499786376953,68.87000274658203,529907,0.0,0.0
2023-12-13 12:30:00-05:00,68.87000274658203,69.22509765625,68.8499984741211,69.03970336914062,277443,0.0,0.0
2023-12-13 13:30:00-05:00,69.02999877929688,70.19999694824219,68.9800033569336,70.05500030517578,449477,0.0,0.0
2023-12-13 14:30:00-05:00,70.06999969482422,70.8499984741211,69.9000015258789,70.68000030517578,746047,0.0,0.0
2023-12-13 15:30:00-05:00,70.6500015258789,71.3499984741211,70.6500015258789,71.22000122070312,862552,0.0,0.0
2023-12-14 09:30:00-05:00,72.12000274658203,73.94000244140625,71.91000366210938,72.84500122070312,1265585,0.0,0.0
2023-12-14 10:30:00-05:00,72.84500122070312,72.9800033569336,72.30000305175781,72.41000366210938,503044,0.0,0.0
2023-12-14 11:30:00-05:00,72.41000366210938,72.80999755859375,72.33499908447266,72.54000091552734,437456,0.0,0.0
2023-12-14 12:30:00-05:00,72.54000091552734,72.62999725341797,71.55999755859375,71.8550033569336,817687,0.0,0.0
2023-12-14 13:30:00-05:00,71.8499984741211,72.05000305175781,71.51000213623047,71.73999786376953,486171,0.0,0.0
2023-12-14 14:30:00-05:00,71.7300033569336,72.05999755859375,71.6500015258789,71.75,639362,0.0,0.0
2023-12-14 15:30:00-05:00,71.75,72.19999694824219,71.62000274658203,72.1500015258789,1156241,0.0,0.0
2023-12-15 09:30:00-05:00,72.25,72.45999908447266,71.43499755859375,72.30999755859375,789414,0.0,0.0
2023-12-15 10:30:00-05:00,72.29830169677734,72.30500030517578,71.58000183105469,71.88999938964844,383254,0.0,0.0
2023-12-15 11:30:00-05:00,71.87999725341797,71.93000030517578,71.5199966430664,71.7249984741211,280891,0.0,0.0
2023-12-15 12:30:00-05:00,71.73999786376953,71.75,71.05999755859375,71.2750015258789,441452,0.0,0.0
2023-12-15 13:30:00-05:00,71.26000213623047,72.13500213623047,70.96499633789062,72.0,505068,0.0,0.0
2023-12-15 14:30:00-05:00,72.02999877929688,72.2300033569336,71.69999694824219,71.69999694824219,444655,0.0,0.0
2023-12-15 15:30:00-05:00,71.68099975585938,71.97000122070312,71.4000015258789,71.54000091552734,1407465,0.0,0.0
2023-12-18 09:30:00-05:00,70.86000061035156,72.63999938964844,70.81659698486328,71.55000305175781,528325,0.0,0.0
2023-12-18 10:30:00-05:00,71.55000305175781,71.69000244140625,71.10050201416016,71.40499877929688,285268,0.0,0.0
2023-12-18 11:30:00-05:00,71.38999938964844,71.65499877929688,71.2699966430664,71.58000183105469,232732,0.0,0.0
2023-12-18 12:30:00-05:00,71.58999633789062,71.98999786376953,71.56999969482422,71.77999877929688,254534,0.0,0.0
2023-12-18 13:30:00-05:00,71.77999877929688,71.88999938964844,71.75,71.80999755859375,150341,0.0,0.0
2023-12-18 14:30:00-05:00,71.80999755859375,71.91000366210938,71.61000061035156,71.66000366210938,208887,0.0,0.0
2023-12-18 15:30:00-05:00,71.66999816894531,71.68000030517578,71.3499984741211,71.36000061035156,443498,0.0,0.0
2023-12-19 09:30:00-05:00,71.56999969482422,72.19000244140625,71.4000015258789,71.95999908447266,352189,0.0,0.0
2023-12-19 10:30:00-05:00,71.95500183105469,72.79000091552734,71.88500213623047,72.69999694824219,484170,0.0,0.0
2023-12-19 11:30:00-05:00,72.68109893798828,72.7300033569336,72.23500061035156,72.49500274658203,468154,0.0,0.0
2023-12-19 12:30:00-05:00,72.5199966430664,72.58360290527344,72.16500091552734,72.30999755859375,233611,0.0,0.0
2023-12-19 13:30:00-05:00,72.31999969482422,72.44000244140625,72.16410064697266,72.3499984741211,241412,0.0,0.0
2023-12-19 14:30:00-05:00,72.3499984741211,72.79000091552734,72.30000305175781,72.58000183105469,372939,0.0,0.0
2023-12-19 15:30:00-05:00,72.58999633789062,72.62000274658203,72.27999877929688,72.41999816894531,441434,0.0,0.0
2023-12-20 09:30:00-05:00,71.31999969482422,71.68000030517578,70.8499984741211,71.00499725341797,823901,0.0,0.0
2023-12-20 10:30:00-05:00,71.0,71.33999633789062,70.87999725341797,70.9800033569336,394052,0.0,0.0
2023-12-20 11:30:00-05:00,71.0,71.58000183105469,70.93000030517578,71.55000305175781,291781,0.0,0.0
2023-12-20 12:30:00-05:00,71.5624008178711,71.77999877929688,71.47000122070312,71.68000030517578,231808,0.0,0.0
2023-12-20 13:30:00-05:00,71.69000244140625,71.70500183105469,71.33999633789062,71.41999816894531,311244,0.0,0.0
2023-12-20 14:30:00-05:00,71.41000366210938,71.48999786376953,70.02999877929688,70.04000091552734,511214,0.0,0.0
2023-12-20 15:30:00-05:00,70.04000091552734,70.44000244140625,69.8499984741211,69.86000061035156,667584,0.0,0.0
2023-12-21 09:30:00-05:00,70.58000183105469,71.04060363769531,70.26000213623047,70.62249755859375,430166,0.0,0.0
2023-12-21 10:30:00-05:00,70.6449966430664,70.86849975585938,70.52999877929688,70.8499984741211,240047,0.0,0.0
2023-12-21 11:30:00-05:00,70.8499984741211,71.0,70.4800033569336,70.66000366210938,190015,0.0,0.0
2023-12-21 12:30:00-05:00,70.6500015258789,71.62000274658203,70.5999984741211,71.50499725341797,1412629,0.0,0.0
2023-12-21 13:30:00-05:00,71.5199966430664,71.5999984741211,71.30000305175781,71.5250015258789,333663,0.0,0.0
2023-12-21 14:30:00-05:00,71.5199966430664,72.01000213623047,71.4800033569336,71.99500274658203,439430,0.0,0.0
2023-12-21 15:30:00-05:00,72.0,72.04000091552734,71.69000244140625,71.91000366210938,493715,0.0,0.0
2023-12-22 09:30:00-05:00,72.12000274658203,72.83000183105469,71.66500091552734,72.36000061035156,620304,0.0,0.0
2023-12-22 10:30:00-05:00,72.3499984741211,72.5999984741211,72.24009704589844,72.33499908447266,210760,0.0,0.0
2023-12-22 11:30:00-05:00,72.32640075683594,72.54000091552734,72.23999786376953,72.52999877929688,239363,0.0,0.0
2023-12-22 12:30:00-05:00,72.52999877929688,72.7605972290039,72.5,72.70999908447266,239736,0.0,0.0
2023-12-22 13:30:00-05:00,72.70999908447266,72.83999633789062,72.37000274658203,72.37999725341797,249681,0.0,0.0
2023-12-22 14:30:00-05:00,72.37999725341797,72.58999633789062,72.15499877929688,72.44000244140625,256235,0.0,0.0
2023-12-22 15:30:00-05:00,72.44000244140625,72.5199966430664,72.22000122070312,72.51000213623047,377147,0.0,0.0
2023-12-26 09:30:00-05:00,72.61000061035156,73.25,72.37010192871094,73.19999694824219,503212,0.0,0.0
2023-12-26 10:30:00-05:00,73.18000030517578,73.25,72.9800033569336,73.08000183105469,184693,0.0,0.0
2023-12-26 11:30:00-05:00,73.06999969482422,73.3499984741211,73.05000305175781,73.27999877929688,148875,0.0,0.0
2023-12-26 12:30:00-05:00,73.26000213623047,74.2300033569336,73.26000213623047,74.22000122070312,577238,0.0,0.0
2023-12-26 13:30:00-05:00,74.20999908447266,74.31999969482422,74.04000091552734,74.13999938964844,407452,0.0,0.0
2023-12-26 14:30:00-05:00,74.13999938964844,74.3499984741211,74.08999633789062,74.3499984741211,433028,0.0,0.0
2023-12-26 15:30:00-05:00,74.33999633789062,74.34500122070312,74.11000061035156,74.20999908447266,462018,0.0,0.0
2023-12-27 09:30:00-05:00,74.30000305175781,74.7698974609375,73.61000061035156,73.62000274658203,457119,0.0,0.0
2023-12-27 10:30:00-05:00,73.61499786376953,73.66999816894531,73.31999969482422,73.64099884033203,239384,0.0,0.0
2023-12-27 11:30:00-05:00,73.6500015258789,73.79000091552734,73.41000366210938,73.55770111083984,198857,0.0,0.0
2023-12-27 12:30:00-05:00,73.56999969482422,73.75,73.43000030517578,73.51909637451172,279071,0.0,0.0
2023-12-27 13:30:00-05:00,73.5199966430664,73.52999877929688,73.16000366210938,73.4219970703125,223257,0.0,0.0
2023-12-27 14:30:00-05:00,73.43000030517578,73.54499816894531,73.19999694824219,73.45500183105469,229636,0.0,0.0
2023-12-27 15:30:00-05:00,73.45500183105469,73.7699966430664,73.41999816894531,73.76000213623047,435811,0.0,0.0
2023-12-28 09:30:00-05:00,73.7699966430664,74.0,73.19999694824219,73.48500061035156,283813,0.0,0.0
2023-12-28 10:30:00-05:00,73.48999786376953,73.54499816894531,72.91999816894531,73.12000274658203,389350,0.0,0.0
2023-12-28 11:30:00-05:00,73.12000274658203,73.34500122070312,73.12000274658203,73.2249984741211,276666,0.0,0.0
2023-12-28 12:30:00-05:00,73.22869873046875,73.76499938964844,73.19999694824219,73.30999755859375,436638,0.0,0.0
2023-12-28 13:30:00-05:00,73.33499908447266,73.37000274658203,73.11000061035156,73.26609802246094,215619,0.0,0.0
2023-12-28 14:30:00-05:00,73.25,73.44000244140625,73.08000183105469,73.09500122070312,230070,0.0,0.0
2023-12-28 15:30:00-05:00,73.0999984741211,73.20999908447266,73.01000213623047,73.08999633789062,312252,0.0,0.0
2023-12-29 09:30:00-05:00,72.9800033569336,73.59750366210938,72.5999984741211,72.81999969482422,305785,0.0,0.0
2023-12-29 10:30:00-05:00,72.80999755859375,72.80999755859375,72.04000091552734,72.1500015258789,290638,0.0,0.0
2023-12-29 11:30:00-05:00,72.22000122070312,72.2499008178711,71.8499984741211,71.96730041503906,369322,0.0,0.0
2023-12-29 12:30:00-05:00,71.98999786376953,72.2300033569336,71.94000244140625,72.16000366210938,163184,0.0,0.0
2023-12-29 13:30:00-05:00,72.1500015258789,72.29000091552734,72.05999755859375,72.06999969482422,239224,0.0,0.0
2023-12-29 14:30:00-05:00,72.05999755859375,72.20999908447266,71.80999755859375,71.88999938964844,312860,0.0,0.0
2023-12-29 15:30:00-05:00,71.88999938964844,71.98999786376953,71.83000183105469,71.91000366210938,466180,0.0,0.0
2024-01-02 09:30:00-05:00,71.0999984741211,71.44719696044922,69.95999908447266,70.04000091552734,576945,0.0,0.0
2024-01-02 10:30:00-05:00,70.0,70.0,69.33499908447266,69.97000122070312,366059,0.0,0.0
2024-01-02 11:30:00-05:00,69.94000244140625,70.26000213623047,69.76000213623047,70.22000122070312,185418,0.0,0.0
2024-01-02 12:30:00-05:00,70.2300033569336,70.29000091552734,69.7699966430664,69.85990142822266,178891,0.0,0.0
2024-01-02 13:30:00-05:00,69.8550033569336,69.94000244140625,69.41000366210938,69.54010009765625,180542,0.0,0.0
2024-01-02 14:30:00-05:00,69.54000091552734,69.55999755859375,69.0,69.2300033569336,243783,0.0,0.0
2024-01-02 15:30:00-05:00,69.25,69.31999969482422,69.0199966430664,69.16000366210938,487901,0.0,0.0
2024-01-03 09:30:00-05:00,68.29000091552734,68.48999786376953,67.30999755859375,67.5,529101,0.0,0.0
2024-01-03 10:30:00-05:00,67.5,67.7750015258789,67.22000122070312,67.7249984741211,333183,0.0,0.0
2024-01-03 11:30:00-05:00,67.73320007324219,67.79000091552734,67.5199966430664,67.63500213623047,198119,0.0,0.0
2024-01-03 12:30:00-05:00,67.62999725341797,67.94999694824219,67.4749984741211,67.94999694824219,214110,0.0,0.0
2024-01-03 13:30:00-05:00,67.94499969482422,67.94999694824219,67.3499984741211,67.76000213623047,254360,0.0,0.0
2024-01-03 14:30:00-05:00,67.79000091552734,67.86000061035156,67.1624984741211,67.25,262123,0.0,0.0
2024-01-03 15:30:00-05:00,67.25,67.42500305175781,67.11499786376953,67.16999816894531,458624,0.0,0.0
2024-01-04 09:30:00-05:00,67.0,67.4999008178711,66.4000015258789,67.13999938964844,402278,0.0,0.0
2024-01-04 10:30:00-05:00,67.13999938964844,67.45999908447266,67.04000091552734,67.30999755859375,266635,0.0,0.0
2024-01-04 11:30:00-05:00,67.30500030517578,67.54000091552734,67.1500015258789,67.25,248454,0.0,0.0
2024-01-04 12:30:00-05:00,67.24500274658203,67.27999877929688,66.97029876708984,67.11000061035156,118348,0.0,0.0
2024-01-04 13:30:00-05:00,67.11000061035156,67.29000091552734,67.0,67.05999755859375,151858,0.0,0.0
2024-01-04 14:30:00-05:00,67.05000305175781,67.33779907226562,66.9800033569336,67.30000305175781,192738,0.0,0.0
2024-01-04 15:30:00-05:00,67.30999755859375,67.33000183105469,66.88999938964844,66.88999938964844,376052,0.0,0.0
2024-01-05 09:30:00-05:00,66.52999877929688,68.02999877929688,66.52999877929688,67.33000183105469,456785,0.0,0.0
2024-01-05 10:30:00-05:00,67.37999725341797,67.55999755859375,66.98500061035156,66.98999786376953,181976,0.0,0.0
2024-01-05 11:30:00-05:00,66.99500274658203,67.1500015258789,66.5999984741211,66.6500015258789,154070,0.0,0.0
2024-01-05 12:30:00-05:00,66.66500091552734,66.75,66.47000122070312,66.56999969482422,149533,0.0,0.0
2024-01-05 13:30:00-05:00,66.69000244140625,67.11000061035156,66.68000030517578,67.01000213623047,125393,0.0,0.0
2024-01-05 14:30:00-05:00,67.00499725341797,67.0999984741211,66.61000061035156,66.94000244140625,180564,0.0,0.0
2024-01-05 15:30:00-05:00,66.93000030517578,67.05999755859375,66.80000305175781,66.97000122070312,373032,0.0,0.0
2024-01-08 09:30:00-05:00,67.19999694824219,68.27999877929688,66.77999877929688,68.27999877929688,555801,0.0,0.0
2024-01-08 10:30:00-05:00,68.29000091552734,68.41999816894531,68.0199966430664,68.05000305175781,267581,0.0,0.0
2024-01-08 11:30:00-05:00,68.05000305175781,68.4800033569336,68.02999877929688,68.45330047607422,195038,0.0,0.0
2024-01-08 12:30:00-05:00,68.44000244140625,68.72000122070312,68.43000030517578,68.5,235072,0.0,0.0
2024-01-08 13:30:00-05:00,68.49810028076172,68.68000030517578,68.41999816894531,68.625,173018,0.0,0.0
2024-01-08 14:30:00-05:00,68.63999938964844,68.95500183105469,68.5,68.50499725341797,264008,0.0,0.0
2024-01-08 15:30:00-05:00,68.502197265625,68.58499908447266,68.31999969482422,68.38999938964844,406681,0.0,0.0
2024-01-09 09:30:00-05:00,67.45999908447266,68.63999938964844,67.20999908447266,68.62000274658203,728695,0.0,0.0
2024-01-09 10:30:00-05:00,68.62999725341797,68.87000274658203,68.47000122070312,68.62999725341797,269625,0.0,0.0
2024-01-09 11:30:00-05:00,68.62999725341797,68.92990112304688,68.62999725341797,68.83000183105469,189619,0.0,0.0
2024-01-09 12:30:00-05:00,68.84500122070312,68.84500122070312,68.4645004272461,68.5999984741211,146683,0.0,0.0
2024-01-09 13:30:00-05:00,68.61000061035156,68.76000213623047,68.45999908447266,68.54499816894531,123692,0.0,0.0
2024-01-09 14:30:00-05:00,68.52999877929688,68.61000061035156,68.27999877929688,68.4000015258789,163004,0.0,0.0
2024-01-09 15:30:00-05:00,68.41010284423828,68.41010284423828,68.17500305175781,68.31999969482422,271860,0.0,0.0
2024-01-10 09:30:00-05:00,68.25,68.25,67.58000183105469,67.7699966430664,537852,0.0,0.0
2024-01-10 10:30:00-05:00,67.7699966430664,68.0062026977539,67.6500015258789,67.94989776611328,254490,0.0,0.0
2024-01-10 11:30:00-05:00,67.94000244140625,68.0,67.79000091552734,67.93000030517578,138648,0.0,0.0
2024-01-10 12:30:00-05:00,67.93000030517578,68.06500244140625,67.86000061035156,67.94000244140625,135242,0.0,0.0
2024-01-10 13:30:00-05:00,67.95999908447266,68.28500366210938,67.94999694824219,68.16000366210938,195315,0.0,0.0
2024-01-10 14:30:00-05:00,68.13999938964844,68.30000305175781,67.98999786376953,68.13500213623047,216983,0.0,0.0
2024-01-10 15:30:00-05:00,68.1500015258789,68.25,68.01000213623047,68.17500305175781,350422,0.0,0.0
2024-01-11 09:30:00-05:00,68.33999633789062,68.68309783935547,67.01010131835938,67.41999816894531,408210,0.0,0.0
2024-01-11 10:30:00-05:00,67.41999816894531,67.63059997558594,67.13999938964844,67.1500015258789,294601,0.0,0.0
2024-01-11 11:30:00-05:00,67.13999938964844,67.41999816894531,67.05999755859375,67.26499938964844,255057,0.0,0.0
2024-01-11 12:30:00-05:00,67.29499816894531,67.87000274658203,67.16999816894531,67.82499694824219,219629,0.0,0.0
2024-01-11 13:30:00-05:00,67.83000183105469,68.37999725341797,66.97000122070312,68.37999725341797,872215,0.0,0.0
2024-01-11 14:30:00-05:00,68.37750244140625,68.4800033569336,67.9800033569336,68.11000061035156,484587,0.0,0.0
2024-01-11 15:30:00-05:00,68.12000274658203,68.58499908447266,68.12000274658203,68.48999786376953,537718,0.0,0.0
2024-01-12 09:30:00-05:00,68.69000244140625,71.16999816894531,68.69000244140625,70.33999633789062,1036545,0.0,0.0
2024-01-12 10:30:00-05:00,70.29389953613281,71.25,70.05999755859375,70.73999786376953,672378,0.0,0.0
2024-01-12 11:30:00-05:00,70.73999786376953,70.86000061035156,70.28009796142578,70.70069885253906,362507,0.0,0.0
2024-01-12 12:30:00-05:00,70.72000122070312,71.16000366210938,70.69999694824219,71.08999633789062,351061,0.0,0.0
2024-01-12 13:30:00-05:00,71.08000183105469,71.5,71.06500244140625,71.08999633789062,360889,0.0,0.0
2024-01-12 14:30:00-05:00,71.08309936523438,71.12000274658203,70.51129913330078,70.6050033569336,359730,0.0,0.0
2024-01-12 15:30:00-05:00,70.6050033569336,70.69999694824219,70.41999816894531,70.44000244140625,545448,0.0,0.0
2024-01-16 09:30:00-05:00,69.9000015258789,70.41000366210938,68.16000366210938,69.04499816894531,536039,0.0,0.0
2024-01-16 10:30:00-05:00,69.01000213623047,69.4000015258789,68.5199966430664,68.9749984741211,349170,0.0,0.0
2024-01-16 11:30:00-05:00,68.98079681396484,69.08000183105469,68.47000122070312,68.47000122070312,221397,0.0,0.0
2024-01-16 12:30:00-05:00,68.47000122070312,68.56900024414062,68.20099639892578,68.44999694824219,255514,0.0,0.0
2024-01-16 13:30:00-05:00,68.5,68.56999969482422,68.19999694824219,68.41999816894531,201363,0.0,0.0
2024-01-16 14:30:00-05:00,68.42120361328125,68.77999877929688,68.30999755859375,68.7699966430664,253695,0.0,0.0
2024-01-16 15:30:00-05:00,68.79900360107422,69.2300033569336,68.7750015258789,69.12000274658203,736108,0.0,0.0
2024-01-17 09:30:00-05:00,68.13999938964844,68.16999816894531,66.40499877929688,67.29000091552734,683231,0.0,0.0
2024-01-17 10:30:00-05:00,67.29000091552734,67.73999786376953,66.97000122070312,67.69999694824219,270378,0.0,0.0
2024-01-17 11:30:00-05:00,67.70890045166016,67.94000244140625,67.43499755859375,67.4800033569336,222638,0.0,0.0
2024-01-17 12:30:00-05:00,67.48500061035156,67.58000183105469,67.25,67.38999938964844,143889,0.0,0.0
2024-01-17 13:30:00-05:00,67.37000274658203,67.53500366210938,67.31999969482422,67.51000213623047,153740,0.0,0.0
2024-01-17 14:30:00-05:00,67.5199966430664,67.62999725341797,67.41000366210938,67.4800033569336,214388,0.0,0.0
2024-01-17 15:30:00-05:00,67.47000122070312,67.97000122070312,67.46009826660156,67.94999694824219,414822,0.0,0.0
2024-01-18 09:30:00-05:00,67.5199966430664,67.9800033569336,66.61250305175781,66.87000274658203,485168,0.0,0.0
2024-01-18 10:30:00-05:00,66.87999725341797,67.37899780273438,66.70999908447266,66.9800033569336,353977,0.0,0.0
2024-01-18 11:30:00-05:00,66.9800033569336,67.12000274658203,66.44999694824219,66.72000122070312,314972,0.0,0.0
2024-01-18 12:30:00-05:00,66.7300033569336,66.9749984741211,66.58000183105469,66.69999694824219,242753,0.0,0.0
2024-01-18 13:30:00-05:00,66.69999694824219,67.19000244140625,66.69999694824219,67.16000366210938,220913,0.0,0.0
2024-01-18 14:30:00-05:00,67.16999816894531,67.37999725341797,67.0,67.31999969482422,280038,0.0,0.0
2024-01-18 15:30:00-05:00,67.33000183105469,67.41000366210938,67.19499969482422,67.33000183105469,495976,0.0,0.0
2024-01-19 09:30:00-05:00,67.66000366210938,67.98999786376953,67.11000061035156,67.87999725341797,281314,0.0,0.0
2024-01-19 10:30:00-05:00,67.86000061035156,68.19999694824219,67.58000183105469,67.94999694824219,225162,0.0,0.0
2024-01-19 11:30:00-05:00,67.9000015258789,67.9800033569336,67.54000091552734,67.94999694824219,130796,0.0,0.0
2024-01-19 12:30:00-05:00,67.97000122070312,68.3499984741211,67.94000244140625,68.30999755859375,162686,0.0,0.0
2024-01-19 13:30:00-05:00,68.30999755859375,68.94999694824219,68.30000305175781,68.88999938964844,182966,0.0,0.0
2024-01-19 14:30:00-05:00,68.9000015258789,68.9990005493164,68.72000122070312,68.91000366210938,193227,0.0,0.0
2024-01-19 15:30:00-05:00,68.9000015258789,69.04000091552734,68.83100128173828,69.04000091552734,331745,0.0,0.0
2024-01-22 09:30:00-05:00,69.52999877929688,70.66000366210938,69.04000091552734,70.02999877929688,591259,0.0,0.0
2024-01-22 10:30:00-05:00,70.01000213623047,70.08999633789062,69.29000091552734,70.04499816894531,281955,0.0,0.0
2024-01-22 11:30:00-05:00,70.05999755859375,70.05999755859375,69.51000213623047,69.87999725341797,248755,0.0,0.0
2024-01-22 12:30:00-05:00,69.88999938964844,69.9800033569336,69.5199966430664,69.52999877929688,262099,0.0,0.0
2024-01-22 13:30:00-05:00,69.51000213623047,69.7750015258789,69.37000274658203,69.58999633789062,197052,0.0,0.0
2024-01-22 14:30:00-05:00,69.59400177001953,69.875,69.44999694824219,69.87000274658203,202441,0.0,0.0
2024-01-22 15:30:00-05:00,69.86000061035156,69.9000015258789,69.53500366210938,69.58000183105469,393173,0.0,0.0
2024-01-23 09:30:00-05:00,69.58999633789062,69.9000015258789,69.11000061035156,69.68499755859375,299948,0.0,0.0
2024-01-23 10:30:00-05:00,69.66999816894531,69.69999694824219,69.18000030517578,69.31999969482422,268012,0.0,0.0
2024-01-23 11:30:00-05:00,69.33999633789062,69.62000274658203,69.23999786376953,69.45999908447266,208212,0.0,0.0
2024-01-23 12:30:00-05:00,69.47000122070312,69.78500366210938,69.33999633789062,69.67500305175781,188264,0.0,0.0
2024-01-23 13:30:00-05:00,69.66999816894531,69.7384033203125,69.44999694824219,69.52999877929688,236530,0.0,0.0
2024-01-23 14:30:00-05:00,69.49500274658203,69.62999725341797,69.3499984741211,69.56999969482422,275176,0.0,0.0
2024-01-23 15:30:00-05:00,69.55999755859375,69.75,69.47000122070312,69.61000061035156,585698,0.0,0.0
2024-01-24 09:30:00-05:00,70.41999816894531,70.5999984741211,69.2699966430664,69.45500183105469,372281,0.0,0.0
2024-01-24 10:30:00-05:00,69.44499969482422,70.01000213623047,69.37000274658203,69.91000366210938,260945,0.0,0.0
2024-01-24 11:30:00-05:00,69.91000366210938,70.12000274658203,69.86000061035156,69.91000366210938,159855,0.0,0.0
2024-01-24 12:30:00-05:00,69.91999816894531,69.94999694824219,69.51000213623047,69.56999969482422,177494,0.0,0.0
2024-01-24 13:30:00-05:00,69.54000091552734,69.54000091552734,69.04000091552734,69.05999755859375,211513,0.0,0.0
2024-01-24 14:30:00-05:00,69.06999969482422,69.38999938964844,68.95999908447266,69.01000213623047,279199,0.0,0.0
2024-01-24 15:30:00-05:00,69.0,69.2249984741211,68.92400360107422,69.04000091552734,305606,0.0,0.0
2024-01-25 09:30:00-05:00,69.5,69.5,67.93000030517578,68.05999755859375,582154,0.0,0.0
2024-01-25 10:30:00-05:00,68.06999969482422,68.37000274658203,67.7300033569336,68.36499786376953,271226,0.0,0.0
2024-01-25 11:30:00-05:00,68.39309692382812,68.4749984741211,67.91999816894531,67.94999694824219,213181,0.0,0.0
2024-01-25 12:30:00-05:00,67.94000244140625,68.08000183105469,67.58999633789062,67.77999877929688,271757,0.0,0.0
2024-01-25 13:30:00-05:00,67.77999877929688,67.80999755859375,67.18499755859375,67.41999816894531,314213,0.0,0.0
2024-01-25 14:30:00-05:00,67.41999816894531,67.61000061035156,67.36000061035156,67.5,331645,0.0,0.0
2024-01-25 15:30:00-05:00,67.5,67.58999633789062,67.41000366210938,67.41000366210938,473081,0.0,0.0
2024-01-26 09:30:00-05:00,67.33000183105469,68.55000305175781,67.22000122070312,68.0999984741211,509605,0.0,0.0
2024-01-26 10:30:00-05:00,68.12000274658203,68.4800033569336,67.9800033569336,68.12000274658203,317925,0.0,0.0
2024-01-26 11:30:00-05:00,68.125,68.75,68.08999633789062,68.4000015258789,188714,0.0,0.0
2024-01-26 12:30:00-05:00,68.38999938964844,68.38999938964844,67.9000015258789,68.0,166642,0.0,0.0
2024-01-26 13:30:00-05:00,68.0,68.08000183105469,67.83000183105469,67.84500122070312,189461,0.0,0.0
2024-01-26 14:30:00-05:00,67.83999633789062,67.99500274658203,67.56999969482422,67.5999984741211,228355,0.0,0.0
2024-01-26 15:30:00-05:00,67.5999984741211,67.78500366210938,67.54000091552734,67.73999786376953,343947,0.0,0.0
2024-01-29 09:30:00-05:00,67.58999633789062,68.75,67.58999633789062,68.73999786376953,357034,0.0,0.0
2024-01-29 10:30:00-05:00,68.72010040283203,68.98999786376953,68.66000366210938,68.77999877929688,218114,0.0,0.0
2024-01-29 11:30:00-05:00,68.80000305175781,68.83000183105469,68.29000091552734,68.43000030517578,186389,0.0,0.0
2024-01-29 12:30:00-05:00,68.44000244140625,68.45999908447266,68.14250183105469,68.31999969482422,243339,0.0,0.0
2024-01-29 13:30:00-05:00,68.33000183105469,68.5999984741211,68.18499755859375,68.54000091552734,392565,0.0,0.0
2024-01-29 14:30:00-05:00,68.54000091552734,69.0999984741211,68.44999694824219,69.01000213623047,289607,0.0,0.0
2024-01-29 15:30:00-05:00,69.01000213623047,69.08000183105469,68.87000274658203,68.9000015258789,607597,0.0,0.0
2024-01-30 09:30:00-05:00,68.33000183105469,68.80000305175781,67.84500122070312,68.33999633789062,333766,0.0,0.0
2024-01-30 10:30:00-05:00,68.33000183105469,68.58999633789062,68.01000213623047,68.16000366210938,181373,0.0,0.0
2024-01-30 11:30:00-05:00,68.2300033569336,68.2300033569336,67.59500122070312,67.68000030517578,231780,0.0,0.0
2024-01-30 12:30:00-05:00,67.68000030517578,67.83000183105469,67.55999755859375,67.80000305175781,164261,0.0,0.0
2024-01-30 13:30:00-05:00,67.80999755859375,67.81999969482422,67.51000213623047,67.62000274658203,197219,0.0,0.0
2024-01-30 14:30:00-05:00,67.6229019165039,67.72000122070312,67.57499694824219,67.69000244140625,222930,0.0,0.0
2024-01-30 15:30:00-05:00,67.69499969482422,67.70999908447266,67.13999938964844,67.18000030517578,708014,0.0,0.0
2024-01-31 09:30:00-05:00,66.25,66.37999725341797,65.19999694824219,65.58999633789062,742797,0.0,0.0
2024-01-31 10:30:00-05:00,65.62000274658203,65.8949966430664,65.48999786376953,65.52999877929688,365321,0.0,0.0
2024-01-31 11:30:00-05:00,65.55000305175781,65.82499694824219,65.2699966430664,65.63999938964844,361394,0.0,0.0
2024-01-31 12:30:00-05:00,65.66000366210938,65.83000183105469,65.55999755859375,65.62000274658203,264704,0.0,0.0
2024-01-31 13:30:00-05:00,65.62000274658203,65.83999633789062,65.20999908447266,65.34500122070312,393770,0.0,0.0
2024-01-31 14:30:00-05:00,65.37999725341797,66.2699966430664,64.86000061035156,65.1500015258789,721213,0.0,0.0
2024-01-31 15:30:00-05:00,65.12999725341797,65.16000366210938,64.57499694824219,64.5999984741211,807561,0.0,0.0
2024-02-01 09:30:00-05:00,64.7699966430664,65.6500015258789,64.61000061035156,65.04000091552734,683719,0.0,0.0
2024-02-01 10:30:00-05:00,65.0199966430664,65.07499694824219,64.12999725341797,64.19999694824219,428973,0.0,0.0
2024-02-01 11:30:00-05:00,64.19999694824219,64.91000366210938,64.19999694824219,64.9000015258789,431755,0.0,0.0
2024-02-01 12:30:00-05:00,64.91000366210938,65.08000183105469,64.4749984741211,64.91999816894531,321203,0.0,0.0
2024-02-01 13:30:00-05:00,64.93000030517578,65.11000061035156,64.6449966430664,64.76000213623047,258307,0.0,0.0
2024-02-01 14:30:00-05:00,64.76499938964844,64.94999694824219,64.50499725341797,64.73999786376953,586394,0.0,0.0
2024-02-01 15:30:00-05:00,64.75,64.9000015258789,64.54000091552734,64.83999633789062,815536,0.0,0.0
2024-02-02 09:30:00-05:00,64.05000305175781,64.58999633789062,63.36000061035156,63.790000915527344,624349,0.0,0.0
2024-02-02 10:30:00-05:00,63.77000045776367,64.2300033569336,63.540000915527344,64.16999816894531,463251,0.0,0.0
2024-02-02 11:30:00-05:00,64.20999908447266,64.45500183105469,63.93000030517578,64.12999725341797,442492,0.0,0.0
2024-02-02 12:30:00-05:00,64.12999725341797,64.33999633789062,63.84000015258789,64.05999755859375,416854,0.0,0.0
2024-02-02 13:30:00-05:00,64.05039978027344,64.79000091552734,64.01000213623047,64.58499908447266,483301,0.0,0.0
2024-02-02 14:30:00-05:00,64.58000183105469,64.58000183105469,64.30500030517578,64.42500305175781,371803,0.0,0.0
2024-02-02 15:30:00-05:00,64.44000244140625,64.5199966430664,64.19000244140625,64.25,826865,0.0,0.0
2024-02-05 09:30:00-05:00,63.959999084472656,64.0199966430664,63.349998474121094,63.94499969482422,472640,0.0,0.0
2024-02-05 10:30:00-05:00,63.95000076293945,64.01000213623047,63.58000183105469,63.72999954223633,316714,0.0,0.0
2024-02-05 11:30:00-05:00,63.72999954223633,63.904998779296875,63.65999984741211,63.779998779296875,251261,0.0,0.0
2024-02-05 12:30:00-05:00,63.790000915527344,63.904998779296875,63.66999816894531,63.66999816894531,204861,0.0,0.0
2024-02-05 13:30:00-05:00,63.665000915527344,63.81999969482422,63.54499816894531,63.63999938964844,197394,0.0,0.0
2024-02-05 14:30:00-05:00,63.63999938964844,63.72999954223633,63.369998931884766,63.529998779296875,276745,0.0,0.0
2024-02-05 15:30:00-05:00,63.560001373291016,63.77000045776367,63.369998931884766,63.68000030517578,577973,0.0,0.0
2024-02-06 09:30:00-05:00,63.529998779296875,64.13999938964844,63.349998474121094,63.619998931884766,515589,0.0,0.0
2024-02-06 10:30:00-05:00,63.650001525878906,63.880001068115234,63.54999923706055,63.8224983215332,362602,0.0,0.0
2024-02-06 11:30:00-05:00,63.82500076293945,63.88999938964844,63.209999084472656,63.439998626708984,310556,0.0,0.0
2024-02-06 12:30:00-05:00,63.42499923706055,63.72999954223633,63.31999969482422,63.61000061035156,306674,0.0,0.0
2024-02-06 13:30:00-05:00,63.61000061035156,63.93000030517578,63.4900016784668,63.5,273065,0.0,0.0
2024-02-06 14:30:00-05:00,63.502498626708984,63.790000915527344,63.4900016784668,63.67900085449219,375216,0.0,0.0
2024-02-06 15:30:00-05:00,63.66999816894531,63.720001220703125,63.5,63.58000183105469,553014,0.0,0.0
2024-02-07 09:30:00-05:00,64.18000030517578,64.18000030517578,63.060001373291016,63.84000015258789,461279,0.0,0.0
2024-02-07 10:30:00-05:00,63.849998474121094,63.9900016784668,63.529998779296875,63.880001068115234,251525,0.0,0.0
2024-02-07 11:30:00-05:00,63.88999938964844,63.91999816894531,63.61000061035156,63.709999084472656,160584,0.0,0.0
2024-02-07 12:30:00-05:00,63.70000076293945,64.19000244140625,63.619998931884766,64.19000244140625,411329,0.0,0.0
2024-02-07 13:30:00-05:00,64.19999694824219,64.25,63.93000030517578,63.959999084472656,204426,0.0,0.0
2024-02-07 14:30:00-05:00,63.97999954223633,64.18000030517578,63.94499969482422,63.970001220703125,230537,0.0,0.0
2024-02-07 15:30:00-05:00,63.959999084472656,63.97999954223633,63.810001373291016,63.86000061035156,517582,0.0,0.0
2024-02-08 09:30:00-05:00,63.689998626708984,64.05000305175781,63.06999969482422,63.86399841308594,441336,0.0,0.0
2024-02-08 10:30:00-05:00,63.85499954223633,64.01000213623047,63.599998474121094,63.84049987792969,370649,0.0,0.0
2024-02-08 11:30:00-05:00,63.81999969482422,63.86000061035156,63.52000045776367,63.77000045776367,195067,0.0,0.0
2024-02-08 12:30:00-05:00,63.75,64.05999755859375,63.66999816894531,64.04000091552734,218260,0.0,0.0
2024-02-08 13:30:00-05:00,64.06800079345703,64.06999969482422,63.77000045776367,63.81999969482422,210145,0.0,0.0
2024-02-08 14:30:00-05:00,63.83000183105469,63.91999816894531,63.689998626708984,63.849998474121094,473448,0.0,0.0
2024-02-08 15:30:00-05:00,63.84000015258789,63.939998626708984,63.720001220703125,63.88999938964844,423596,0.0,0.0
2024-02-09 09:30:00-05:00,64.20999908447266,65.73999786376953,64.01000213623047,65.72000122070312,1081279,0.0,0.0
2024-02-09 10:30:00-05:00,65.69000244140625,65.77999877929688,65.33999633789062,65.37999725341797,614091,0.0,0.0
2024-02-09 11:30:00-05:00,65.37249755859375,66.3499984741211,65.36000061035156,66.0250015258789,715322,0.0,0.0
2024-02-09 12:30:00-05:00,66.0,66.5,65.97679901123047,66.44999694824219,392611,0.0,0.0
2024-02-09 13:30:00-05:00,66.45500183105469,66.5,66.13999938964844,66.2300033569336,328621,0.0,0.0
2024-02-09 14:30:00-05:00,66.23999786376953,66.30000305175781,65.80000305175781,65.9000015258789,376723,0.0,0.0
2024-02-09 15:30:00-05:00,65.9000015258789,65.91000366210938,65.58999633789062,65.69999694824219,505904,0.0,0.0
2024-02-12 09:30:00-05:00,65.72000122070312,66.1500015258789,65.31999969482422,65.625,518466,0.0,0.0
2024-02-12 10:30:00-05:00,65.6500015258789,65.9800033569336,65.4800033569336,65.76499938964844,312146,0.0,0.0
2024-02-12 11:30:00-05:00,65.77999877929688,65.95989990234375,65.41500091552734,65.45999908447266,320211,0.0,0.0
2024-02-12 12:30:00-05:00,65.45999908447266,65.54000091552734,65.19999694824219,65.27999877929688,308328,0.0,0.0
2024-02-12 13:30:00-05:00,65.27999877929688,65.27999877929688,64.6500015258789,64.93000030517578,387537,0.0,0.0
2024-02-12 14:30:00-05:00,64.94000244140625,65.01000213623047,64.69000244140625,64.88999938964844,388275,0.0,0.0
2024-02-12 15:30:00-05:00,64.87999725341797,64.9000015258789,64.44999694824219,64.44999694824219,592734,0.0,0.0
2024-02-13 09:30:00-05:00,63.0,64.05000305175781,62.810001373291016,63.27000045776367,556126,0.0,0.0
2024-02-13 10:30:00-05:00,63.2599983215332,63.650001525878906,63.209999084472656,63.540000915527344,391139,0.0,0.0
2024-02-13 11:30:00-05:00,63.55500030517578,63.8650016784668,63.2599983215332,63.33000183105469,264491,0.0,0.0
2024-02-13 12:30:00-05:00,63.31999969482422,63.58000183105469,63.29999923706055,63.52000045776367,217354,0.0,0.0
2024-02-13 13:30:00-05:00,63.52000045776367,63.685001373291016,63.2400016784668,63.334999084472656,289418,0.0,0.0
2024-02-13 14:30:00-05:00,63.31999969482422,63.415000915527344,62.84000015258789,63.0,408404,0.0,0.0
2024-02-13 15:30:00-05:00,63.01340103149414,63.68000030517578,62.959999084472656,63.65999984741211,611508,0.0,0.0
2024-02-14 09:30:00-05:00,64.33999633789062,64.4800033569336,63.790000915527344,64.27999877929688,305614,0.0,0.0
2024-02-14 10:30:00-05:00,64.30000305175781,64.3324966430664,63.56999969482422,63.935001373291016,185732,0.0,0.0
2024-02-14 11:30:00-05:00,63.95000076293945,63.9900016784668,63.560001373291016,63.810001373291016,136120,0.0,0.0
2024-02-14 12:30:00-05:00,63.79999923706055,63.84000015258789,63.5099983215332,63.54999923706055,135916,0.0,0.0
2024-02-14 13:30:00-05:00,63.560001373291016,64.30999755859375,63.54899978637695,64.28500366210938,221439,0.0,0.0
2024-02-14 14:30:00-05:00,64.27999877929688,64.30999755859375,64.08999633789062,64.1500015258789,238041,0.0,0.0
2024-02-14 15:30:00-05:00,64.15499877929688,64.18000030517578,64.0199966430664,64.13999938964844,333645,0.0,0.0
2024-02-15 09:30:00-05:00,64.3499984741211,64.7300033569336,64.19999694824219,64.30000305175781,344034,0.0,0.0
2024-02-15 10:30:00-05:00,64.33000183105469,64.37200164794922,63.790000915527344,63.98500061035156,193573,0.0,0.0
2024-02-15 11:30:00-05:00,63.970001220703125,64.05999755859375,63.81999969482422,63.939998626708984,157793,0.0,0.0
2024-02-15 12:30:00-05:00,63.97999954223633,64.12999725341797,63.81100082397461,64.12000274658203,132954,0.0,0.0
2024-02-15 13:30:00-05:00,64.12999725341797,64.18000030517578,63.86000061035156,64.0,145010,0.0,0.0
2024-02-15 14:30:00-05:00,64.0,64.06999969482422,63.75,63.88999938964844,191492,0.0,0.0
2024-02-15 15:30:00-05:00,63.89500045776367,64.05000305175781,63.7400016784668,64.03500366210938,431306,0.0,0.0
2024-02-16 09:30:00-05:00,63.380001068115234,63.7599983215332,62.599998474121094,62.630001068115234,648585,0.0,0.0
2024-02-16 10:30:00-05:00,62.61000061035156,62.994998931884766,62.599998474121094,62.96039962768555,410050,0.0,0.0
2024-02-16 11:30:00-05:00,62.95500183105469,63.27000045776367,62.86000061035156,63.099998474121094,376396,0.0,0.0
2024-02-16 12:30:00-05:00,63.13999938964844,63.2400016784668,62.869998931884766,62.97999954223633,257900,0.0,0.0
2024-02-16 13:30:00-05:00,62.97999954223633,63.220001220703125,62.86000061035156,63.209800720214844,737683,0.0,0.0
2024-02-16 14:30:00-05:00,63.220001220703125,63.25,62.369998931884766,62.400001525878906,541928,0.0,0.0
2024-02-16 15:30:00-05:00,62.40999984741211,62.560001373291016,62.08000183105469,62.119998931884766,754201,0.0,0.0
2024-02-20 09:30:00-05:00,61.810001373291016,61.91999816894531,60.75,60.869998931884766,830093,0.0,0.0
2024-02-20 10:30:00-05:00,60.8650016784668,61.02629852294922,60.630001068115234,60.939998626708984,370742,0.0,0.0
2024-02-20 11:30:00-05:00,60.93000030517578,60.939998626708984,60.474998474121094,60.72600173950195,275323,0.0,0.0
2024-02-20 12:30:00-05:00,60.72999954223633,61.01499938964844,60.58000183105469,60.97999954223633,286163,0.0,0.0
2024-02-20 13:30:00-05:00,60.97999954223633,61.189998626708984,60.959999084472656,61.15999984741211,373465,0.0,0.0
2024-02-20 14:30:00-05:00,61.150001525878906,61.38999938964844,61.08000183105469,61.36000061035156,358709,0.0,0.0
2024-02-20 15:30:00-05:00,61.369998931884766,61.456298828125,61.119998931884766,61.310001373291016,638655,0.0,0.0
2024-02-21 09:30:00-05:00,60.41999816894531,61.290000915527344,60.13999938964844,60.81999969482422,534261,0.0,0.0
2024-02-21 10:30:00-05:00,60.83000183105469,61.02000045776367,60.63999938964844,60.654998779296875,384255,0.0,0.0
2024-02-21 11:30:00-05:00,60.654998779296875,61.189998626708984,60.63999938964844,60.94499969482422,314095,0.0,0.0
2024-02-21 12:30:00-05:00,60.939998626708984,61.09000015258789,60.779998779296875,60.83000183105469,333471,0.0,0.0
2024-02-21 13:30:00-05:00,60.84000015258789,60.91999816894531,60.720001220703125,60.8849983215332,252822,0.0,0.0
2024-02-21 14:30:00-05:00,60.880001068115234,61.119998931884766,60.7400016784668,61.119998931884766,338505,0.0,0.0
2024-02-21 15:30:00-05:00,61.125,61.41999816894531,61.04999923706055,61.34000015258789,532167,0.0,0.0
2024-02-22 09:30:00-05:00,61.93000030517578,62.18000030517578,60.939998626708984,61.26499938964844,534657,0.0,0.0
2024-02-22 10:30:00-05:00,61.2599983215332,61.650001525878906,61.18000030517578,61.52000045776367,451227,0.0,0.0
2024-02-22 11:30:00-05:00,61.529998779296875,61.56999969482422,61.290000915527344,61.54999923706055,260389,0.0,0.0
2024-02-22 12:30:00-05:00,61.55500030517578,61.93000030517578,61.41999816894531,61.84000015258789,274507,0.0,0.0
2024-02-22 13:30:00-05:00,61.834999084472656,62.06999969482422,61.81999969482422,61.959999084472656,370541,0.0,0.0
2024-02-22 14:30:00-05:00,61.970001220703125,62.029998779296875,61.869998931884766,61.9010009765625,476345,0.0,0.0
2024-02-22 15:30:00-05:00,61.91999816894531,62.130001068115234,61.9010009765625,62.130001068115234,756931,0.0,0.0
2024-02-23 09:30:00-05:00,62.5,63.369998931884766,62.29999923706055,62.904998779296875,785474,0.0,0.0
2024-02-23 10:30:00-05:00,62.91999816894531,63.209999084472656,62.76499938964844,63.06999969482422,326246,0.0,0.0
2024-02-23 11:30:00-05:00,63.06999969482422,63.17499923706055,62.869998931884766,62.89500045776367,238307,0.0,0.0
2024-02-23 12:30:00-05:00,62.88999938964844,63.2599983215332,62.86000061035156,63.14500045776367,325724,0.0,0.0
2024-02-23 13:30:00-05:00,63.13999938964844,63.224998474121094,63.02799987792969,63.099998474121094,214354,0.0,0.0
2024-02-23 14:30:00-05:00,63.099998474121094,63.2400016784668,62.97999954223633,63.10499954223633,398856,0.0,0.0
2024-02-23 15:30:00-05:00,63.099998474121094,63.46500015258789,63.04499816894531,63.40999984741211,784479,0.0,0.0
2024-02-26 09:30:00-05:00,63.88999938964844,64.31999969482422,63.52000045776367,64.26000213623047,1327004,0.0,0.0
2024-02-26 10:30:00-05:00,64.2699966430664,64.29000091552734,63.720001220703125,63.84000015258789,1028854,0.0,0.0
2024-02-26 11:30:00-05:00,63.849998474121094,64.30000305175781,63.75,63.88999938964844,841437,0.0,0.0
2024-02-26 12:30:00-05:00,63.880001068115234,63.959999084472656,63.439998626708984,63.540000915527344,662458,0.0,0.0
2024-02-26 13:30:00-05:00,63.529998779296875,63.849998474121094,63.51499938964844,63.61000061035156,819190,0.0,0.0
2024-02-26 14:30:00-05:00,63.61000061035156,63.790000915527344,63.255001068115234,63.290000915527344,1221550,0.0,0.0
2024-02-26 15:30:00-05:00,63.290000915527344,63.400001525878906,62.94499969482422,63.12099838256836,1975573,0.0,0.0
2024-02-27 09:30:00-05:00,68.08989715576172,69.4800033569336,65.05999755859375,65.37000274658203,8058368,0.0,0.0
2024-02-27 10:30:00-05:00,65.37529754638672,66.79989624023438,65.37000274658203,66.66000366210938,2166670,0.0,0.0
2024-02-27 11:30:00-05:00,66.65249633789062,68.08999633789062,66.33000183105469,67.56999969482422,2515444,0.0,0.0
2024-02-27 12:30:00-05:00,67.61000061035156,67.94000244140625,66.69999694824219,66.7699966430664,1370553,0.0,0.0
2024-02-27 13:30:00-05:00,66.76000213623047,67.69960021972656,66.72000122070312,67.48999786376953,897454,0.0,0.0
2024-02-27 14:30:00-05:00,67.5,67.9000015258789,67.13999938964844,67.73500061035156,1018756,0.0,0.0
2024-02-27 15:30:00-05:00,67.73500061035156,68.36000061035156,67.69000244140625,68.19999694824219,1966808,0.0,0.0
2024-02-28 09:30:00-05:00,67.7300033569336,70.61000061035156,67.564697265625,69.66000366210938,2496059,0.0,0.0
2024-02-28 10:30:00-05:00,69.66999816894531,70.04000091552734,69.46749877929688,69.87000274658203,1113507,0.0,0.0
2024-02-28 11:30:00-05:00,69.86499786376953,70.02980041503906,69.44000244140625,69.9000015258789,686414,0.0,0.0
2024-02-28 12:30:00-05:00,69.9000015258789,70.19000244140625,69.37000274658203,69.58999633789062,709302,0.0,0.0
2024-02-28 13:30:00-05:00,69.61000061035156,69.96299743652344,69.11000061035156,69.8499984741211,719355,0.0,0.0
2024-02-28 14:30:00-05:00,69.84010314941406,69.91000366210938,69.30000305175781,69.8499984741211,695773,0.0,0.0
2024-02-28 15:30:00-05:00,69.86000061035156,70.08000183105469,69.44000244140625,69.63999938964844,1186708,0.0,0.0
2024-02-29 09:30:00-05:00,69.83999633789062,71.30000305175781,69.5199966430664,69.77999877929688,1380039,0.0,0.0
2024-02-29 10:30:00-05:00,69.83000183105469,69.93000030517578,69.06999969482422,69.6500015258789,632822,0.0,0.0
2024-02-29 11:30:00-05:00,69.62999725341797,69.76000213623047,69.23999786376953,69.56999969482422,414506,0.0,0.0
2024-02-29 12:30:00-05:00,69.58000183105469,69.87000274658203,69.52999877929688,69.73999786376953,296879,0.0,0.0
2024-02-29 13:30:00-05:00,69.7300033569336,70.13480377197266,69.69999694824219,70.05000305175781,407460,0.0,0.0
2024-02-29 14:30:00-05:00,70.06999969482422,70.3499984741211,70.05999755859375,70.2750015258789,528339,0.0,0.0
2024-02-29 15:30:00-05:00,70.2750015258789,70.87000274658203,70.08999633789062,70.73999786376953,789833,0.0,0.0
2024-03-01 09:30:00-05:00,70.8499984741211,70.98999786376953,70.125,70.66000366210938,385106,0.0,0.0
2024-03-01 10:30:00-05:00,70.69000244140625,70.91999816894531,70.29000091552734,70.29000091552734,655072,0.0,0.0
2024-03-01 11:30:00-05:00,70.30000305175781,70.79000091552734,70.19000244140625,70.75150299072266,548080,0.0,0.0
2024-03-01 12:30:00-05:00,70.73999786376953,71.0999984741211,70.69000244140625,71.07499694824219,461408,0.0,0.0
2024-03-01 13:30:00-05:00,71.07499694824219,71.19000244140625,70.8949966430664,71.19000244140625,338367,0.0,0.0
2024-03-01 14:30:00-05:00,71.18499755859375,71.19999694824219,70.55000305175781,70.66999816894531,622949,0.0,0.0
2024-03-01 15:30:00-05:00,70.67500305175781,70.94999694824219,70.5,70.91999816894531,933910,0.0,0.0
2024-03-04 09:30:00-05:00,70.5999984741211,70.62999725341797,69.48999786376953,69.62000274658203,908249,0.0,0.0
2024-03-04 10:30:00-05:00,69.62999725341797,70.23999786376953,69.58999633789062,69.6500015258789,62084,0.0,0.0
2024-03-04 11:30:00-05:00,69.69999694824219,70.1050033569336,69.53500366210938,70.08499908447266,273439,0.0,0.0
2024-03-04 12:30:00-05:00,70.08999633789062,70.12000274658203,69.76000213623047,69.79000091552734,158110,0.0,0.0
2024-03-04 13:30:00-05:00,69.79129791259766,70.1500015258789,69.76000213623047,69.91000366210938,230027,0.0,0.0
2024-03-04 14:30:00-05:00,69.91000366210938,70.12999725341797,69.76830291748047,69.91000366210938,1572444,0.0,0.0
2024-03-04 15:30:00-05:00,69.91000366210938,70.00499725341797,69.5250015258789,69.7300033569336,1603678,0.0,0.0
2024-03-05 09:30:00-05:00,68.66999816894531,69.19000244140625,67.12000274658203,67.22000122070312,982950,0.0,0.0
2024-03-05 10:30:00-05:00,67.19000244140625,67.55999755859375,66.91000366210938,67.08000183105469,552215,0.0,0.0
2024-03-05 11:30:00-05:00,67.41999816894531,67.46499633789062,67.0199966430664,67.11000061035156,0,0.0,0.0
2024-03-05 12:30:00-05:00,67.16999816894531,67.33000183105469,66.7699966430664,66.88999938964844,269402,0.0,0.0
2024-03-05 13:30:00-05:00,66.87999725341797,66.9800033569336,66.55999755859375,66.62000274658203,264590,0.0,0.0
2024-03-05 14:30:00-05:00,66.62000274658203,66.62999725341797,66.05999755859375,66.26000213623047,360231,0.0,0.0
2024-03-05 15:30:00-05:00,66.25,66.6500015258789,66.16000366210938,66.4800033569336,1826243,0.0,0.0
2024-03-06 09:30:00-05:00,67.5199966430664,67.62000274658203,66.4800033569336,66.98500061035156,536768,0.0,0.0
2024-03-06 10:30:00-05:00,66.97000122070312,67.4800033569336,66.95999908447266,67.44000244140625,76200,0.0,0.0
2024-03-06 11:30:00-05:00,67.44999694824219,67.77999877929688,67.31999969482422,67.70999908447266,169836,0.0,0.0
2024-03-06 12:30:00-05:00,67.7300033569336,67.75499725341797,67.02999877929688,67.05000305175781,102214,0.0,0.0
2024-03-06 13:30:00-05:00,67.06439971923828,67.06439971923828,66.62999725341797,66.91000366210938,160602,0.0,0.0
2024-03-06 14:30:00-05:00,66.94999694824219,66.94999694824219,66.5999984741211,66.70999908447266,139895,0.0,0.0
2024-03-06 15:30:00-05:00,66.69000244140625,66.80999755859375,66.30999755859375,66.41999816894531,1167229,0.0,0.0
2024-03-07 09:30:00-05:00,66.55000305175781,67.2699966430664,66.55000305175781,67.02999877929688,353683,0.0,0.0
2024-03-07 10:30:00-05:00,66.9800033569336,67.30000305175781,66.94999694824219,67.2300033569336,165281,0.0,0.0
2024-03-07 11:30:00-05:00,67.19999694824219,67.41000366210938,67.02030181884766,67.16999816894531,245105,0.0,0.0
2024-03-07 12:30:00-05:00,67.16220092773438,67.37000274658203,67.0999984741211,67.33999633789062,247380,0.0,0.0
2024-03-07 13:30:00-05:00,67.3550033569336,67.4000015258789,67.05999755859375,67.29499816894531,184547,0.0,0.0
2024-03-07 14:30:00-05:00,67.27999877929688,67.45999908447266,67.18000030517578,67.38500213623047,220928,0.0,0.0
2024-03-07 15:30:00-05:00,67.38500213623047,67.41000366210938,66.94999694824219,67.04000091552734,398280,0.0,0.0
2024-03-08 09:30:00-05:00,67.66000366210938,68.2854995727539,67.19000244140625,67.9800033569336,544641,0.0,0.0
2024-03-08 10:30:00-05:00,67.98999786376953,68.0,67.29000091552734,67.31500244140625,216377,0.0,0.0
2024-03-08 11:30:00-05:00,67.30000305175781,68.13999938964844,67.27999877929688,68.0,323611,0.0,0.0
2024-03-08 12:30:00-05:00,68.0,68.1500015258789,67.7300033569336,67.77999877929688,230296,0.0,0.0
2024-03-08 13:30:00-05:00,67.7699966430664,67.9000015258789,67.58000183105469,67.83999633789062,208294,0.0,0.0
2024-03-08 14:30:00-05:00,67.87000274658203,68.125,67.5,67.5199966430664,275899,0.0,0.0
2024-03-08 15:30:00-05:00,67.51000213623047,67.5999984741211,67.1500015258789,67.16999816894531,518033,0.0,0.0
2024-03-11 09:30:00-04:00,67.5,69.75,67.29000091552734,69.69999694824219,1483195,0.0,0.0
2024-03-11 10:30:00-04:00,69.70500183105469,69.93000030517578,69.5999984741211,69.80000305175781,515568,0.0,0.0
2024-03-11 11:30:00-04:00,69.81900024414062,70.25,69.58300018310547,70.1500015258789,473837,0.0,0.0
2024-03-11 12:30:00-04:00,70.1500015258789,70.26000213623047,69.98999786376953,70.08999633789062,302581,0.0,0.0
2024-03-11 13:30:00-04:00,70.0999984741211,70.19499969482422,69.8550033569336,70.05999755859375,302620,0.0,0.0
2024-03-11 14:30:00-04:00,70.05000305175781,70.12000274658203,69.63999938964844,69.6500015258789,347566,0.0,0.0
2024-03-11 15:30:00-04:00,69.6500015258789,69.73999786376953,69.37000274658203,69.69999694824219,665958,0.0,0.0
2024-03-12 09:30:00-04:00,70.0,70.37049865722656,69.30000305175781,70.29000091552734,553735,0.0,0.0
2024-03-12 10:30:00-04:00,70.29000091552734,70.56999969482422,70.11000061035156,70.55999755859375,405217,0.0,0.0
2024-03-12 11:30:00-04:00,70.55999755859375,70.55999755859375,70.19000244140625,70.26799774169922,290989,0.0,0.0
2024-03-12 12:30:00-04:00,70.2300033569336,70.43000030517578,70.0199966430664,70.3499984741211,258871,0.0,0.0
2024-03-12 13:30:00-04:00,70.34500122070312,70.41999816894531,70.2300033569336,70.37000274658203,255543,0.0,0.0
2024-03-12 14:30:00-04:00,70.37000274658203,70.38999938964844,70.08999633789062,70.16500091552734,317732,0.0,0.0
2024-03-12 15:30:00-04:00,70.18000030517578,70.19999694824219,69.73999786376953,69.88999938964844,499922,0.0,0.0
2024-03-13 09:30:00-04:00,69.73999786376953,69.94999694824219,69.25,69.31999969482422,289730,0.0,0.0
2024-03-13 10:30:00-04:00,69.29850006103516,69.41999816894531,69.0999984741211,69.15499877929688,247483,0.0,0.0
2024-03-13 11:30:00-04:00,69.13999938964844,69.29000091552734,69.04000091552734,69.07499694824219,354945,0.0,0.0
2024-03-13 12:30:00-04:00,69.08000183105469,69.25499725341797,69.05000305175781,69.2300033569336,119954,0.0,0.0
2024-03-13 13:30:00-04:00,69.25,69.29000091552734,68.75,68.98500061035156,208059,0.0,0.0
2024-03-13 14:30:00-04:00,68.97000122070312,69.01899719238281,68.44999694824219,68.55000305175781,246526,0.0,0.0
2024-03-13 15:30:00-04:00,68.53500366210938,68.63500213623047,68.33999633789062,68.44999694824219,563803,0.0,0.0
2024-03-14 09:30:00-04:00,68.55999755859375,68.87999725341797,67.65499877929688,67.93000030517578,257692,0.0,0.0
2024-03-14 10:30:00-04:00,67.94999694824219,68.0199966430664,67.7052001953125,67.72000122070312,153216,0.0,0.0
2024-03-14 11:30:00-04:00,67.70999908447266,67.80000305175781,67.54000091552734,67.6500015258789,133052,0.0,0.0
2024-03-14 12:30:00-04:00,67.6500015258789,67.73970031738281,67.36000061035156,67.375,124434,0.0,0.0
2024-03-14 13:30:00-04:00,67.36000061035156,67.66999816894531,67.31999969482422,67.625,108852,0.0,0.0
2024-03-14 14:30:00-04:00,67.63990020751953,67.63999938964844,67.0,67.02999877929688,306687,0.0,0.0
2024-03-14 15:30:00-04:00,67.0199966430664,67.27999877929688,66.87000274658203,67.25499725341797,409969,0.0,0.0
2024-03-15 09:30:00-04:00,66.73999786376953,67.61009979248047,66.69999694824219,67.41000366210938,234547,0.0,0.0
2024-03-15 10:30:00-04:00,67.41000366210938,67.44000244140625,66.9800033569336,67.02999877929688,134712,0.0,0.0
2024-03-15 11:30:00-04:00,67.0281982421875,67.04000091552734,66.5999984741211,66.79000091552734,136802,0.0,0.0
2024-03-15 12:30:00-04:00,66.80000305175781,66.94000244140625,66.5999984741211,66.76000213623047,121621,0.0,0.0
2024-03-15 13:30:00-04:00,66.75,66.79000091552734,66.08000183105469,66.19999694824219,228274,0.0,0.0
2024-03-15 14:30:00-04:00,66.19170379638672,66.36000061035156,66.03500366210938,66.12999725341797,245538,0.0,0.0
2024-03-15 15:30:00-04:00,66.12000274658203,66.16000366210938,65.88999938964844,65.94999694824219,512171,0.0,0.0
2024-03-18 09:30:00-04:00,66.30999755859375,66.98999786376953,66.0,66.94000244140625,368365,0.0,0.0
2024-03-18 10:30:00-04:00,66.92500305175781,67.22000122070312,66.81999969482422,66.94999694824219,240214,0.0,0.0
2024-03-18 11:30:00-04:00,66.9229965209961,66.94999694824219,66.68150329589844,66.69999694824219,180436,0.0,0.0
2024-03-18 12:30:00-04:00,66.70680236816406,66.7300033569336,66.38999938964844,66.54000091552734,174552,0.0,0.0
2024-03-18 13:30:00-04:00,66.55000305175781,66.56999969482422,66.32499694824219,66.4800033569336,149042,0.0,0.0
2024-03-18 14:30:00-04:00,66.48999786376953,66.56999969482422,66.37000274658203,66.50499725341797,213204,0.0,0.0
2024-03-18 15:30:00-04:00,66.5,66.55000305175781,66.1500015258789,66.26000213623047,430186,0.0,0.0
2024-03-19 09:30:00-04:00,65.41519927978516,66.0,65.3499984741211,65.62999725341797,305707,0.0,0.0
2024-03-19 10:30:00-04:00,65.61000061035156,66.30000305175781,65.56999969482422,66.2874984741211,172741,0.0,0.0
2024-03-19 11:30:00-04:00,66.31500244140625,66.54000091552734,66.26000213623047,66.5199966430664,184577,0.0,0.0
2024-03-19 12:30:00-04:00,66.5250015258789,66.7300033569336,66.5250015258789,66.62999725341797,191696,0.0,0.0
2024-03-19 13:30:00-04:00,66.63500213623047,66.81999969482422,66.5999984741211,66.76000213623047,137495,0.0,0.0
2024-03-19 14:30:00-04:00,66.74500274658203,66.9800033569336,66.5,66.55999755859375,373729,0.0,0.0
2024-03-19 15:30:00-04:00,66.58499908447266,66.6594009399414,66.47000122070312,66.52999877929688,321621,0.0,0.0
2024-03-20 09:30:00-04:00,66.68000030517578,67.16000366210938,66.0199966430664,66.36000061035156,228501,0.0,0.0
2024-03-20 10:30:00-04:00,66.3499984741211,66.5199966430664,66.09500122070312,66.22000122070312,119208,0.0,0.0
2024-03-20 11:30:00-04:00,66.20999908447266,66.30999755859375,66.11000061035156,66.13999938964844,146995,0.0,0.0
2024-03-20 12:30:00-04:00,66.13009643554688,66.23999786376953,66.05000305175781,66.05000305175781,112650,0.0,0.0
2024-03-20 13:30:00-04:00,66.05999755859375,66.83000183105469,65.97000122070312,66.62999725341797,165050,0.0,0.0
2024-03-20 14:30:00-04:00,66.6500015258789,67.23999786376953,66.29000091552734,67.22000122070312,269212,0.0,0.0
2024-03-20 15:30:00-04:00,67.20999908447266,67.26000213623047,66.80000305175781,66.8499984741211,344778,0.0,0.0
2024-03-21 09:30:00-04:00,67.0,67.16999816894531,66.45999908447266,66.97000122070312,322700,0.0,0.0
2024-03-21 10:30:00-04:00,66.97000122070312,66.98999786376953,66.41999816894531,66.48999786376953,180916,0.0,0.0
2024-03-21 11:30:00-04:00,66.51000213623047,66.94999694824219,66.45999908447266,66.94999694824219,189976,0.0,0.0
2024-03-21 12:30:00-04:00,66.94000244140625,66.95999908447266,66.7699966430664,66.82499694824219,128369,0.0,0.0
2024-03-21 13:30:00-04:00,66.80999755859375,66.95500183105469,66.75,66.83999633789062,147339,0.0,0.0
2024-03-21 14:30:00-04:00,66.8499984741211,66.8499984741211,66.66999816894531,66.69000244140625,164050,0.0,0.0
2024-03-21 15:30:00-04:00,66.69999694824219,66.77999877929688,66.52999877929688,66.52999877929688,338334,0.0,0.0
2024-03-22 09:30:00-04:00,66.3499984741211,66.40799713134766,65.58999633789062,65.75,328412,0.0,0.0
2024-03-22 10:30:00-04:00,65.75,66.0,65.75,65.98999786376953,188611,0.0,0.0
2024-03-22 11:30:00-04:00,65.98999786376953,65.98999786376953,65.75,65.86499786376953,139806,0.0,0.0
2024-03-22 12:30:00-04:00,65.87999725341797,65.91999816894531,65.77999877929688,65.8499984741211,100747,0.0,0.0
2024-03-22 13:30:00-04:00,65.87000274658203,65.93000030517578,65.81999969482422,65.88999938964844,102079,0.0,0.0
2024-03-22 14:30:00-04:00,65.87999725341797,65.98999786376953,65.8290023803711,65.87999725341797,130854,0.0,0.0
2024-03-22 15:30:00-04:00,65.87000274658203,66.04000091552734,65.80999755859375,65.94999694824219,318915,0.0,0.0
2024-03-25 09:30:00-04:00,65.8499984741211,66.0,65.3499984741211,65.8499984741211,407853,0.0,0.0
2024-03-25 10:30:00-04:00,65.85009765625,66.37999725341797,65.77999877929688,66.3499984741211,315042,0.0,0.0
2024-03-25 11:30:00-04:00,66.36000061035156,66.69200134277344,66.31999969482422,66.66000366210938,256149,0.0,0.0
2024-03-25 12:30:00-04:00,66.66000366210938,66.91000366210938,66.5801010131836,66.7699966430664,194872,0.0,0.0
2024-03-25 13:30:00-04:00,66.76000213623047,66.83999633789062,66.6365966796875,66.83529663085938,195314,0.0,0.0
2024-03-25 14:30:00-04:00,66.82499694824219,66.875,66.6604995727539,66.73999786376953,243872,0.0,0.0
2024-03-25 15:30:00-04:00,66.73999786376953,66.93990325927734,66.61750030517578,66.72000122070312,387569,0.0,0.0
2024-03-26 09:30:00-04:00,67.0,67.393798828125,66.66999816894531,66.72000122070312,220497,0.0,0.0
2024-03-26 10:30:00-04:00,66.68000030517578,66.69999694824219,66.19000244140625,66.31999969482422,183437,0.0,0.0
2024-03-26 11:30:00-04:00,66.3499984741211,66.625,66.34110260009766,66.52999877929688,108743,0.0,0.0
2024-03-26 12:30:00-04:00,66.55000305175781,66.55999755859375,66.4000015258789,66.51000213623047,97140,0.0,0.0
2024-03-26 13:30:00-04:00,66.5,66.58999633789062,66.33999633789062,66.58499908447266,114509,0.0,0.0
2024-03-26 14:30:00-04:00,66.58000183105469,66.5999984741211,66.41000366210938,66.43000030517578,166586,0.0,0.0
2024-03-26 15:30:00-04:00,66.42500305175781,66.47000122070312,66.25,66.31999969482422,351731,0.0,0.0
2024-03-27 09:30:00-04:00,66.77980041503906,66.95999908447266,65.93000030517578,66.18000030517578,285000,0.0,0.0
2024-03-27 10:30:00-04:00,66.19999694824219,66.38999938964844,65.98999786376953,66.01000213623047,143847,0.0,0.0
2024-03-27 11:30:00-04:00,66.0199966430664,66.19999694824219,65.94000244140625,66.16999816894531,159193,0.0,0.0
2024-03-27 12:30:00-04:00,66.16000366210938,66.25740051269531,66.04000091552734,66.20999908447266,168311,0.0,0.0
2024-03-27 13:30:00-04:00,66.20999908447266,66.27629852294922,65.98999786376953,66.25,162267,0.0,0.0
2024-03-27 14:30:00-04:00,66.26000213623047,66.4000015258789,66.12999725341797,66.26000213623047,247127,0.0,0.0
2024-03-27 15:30:00-04:00,66.23999786376953,66.61799621582031,66.23999786376953,66.61000061035156,502812,0.0,0.0
2024-03-28 09:30:00-04:00,66.86000061035156,66.86000061035156,66.41000366210938,66.7699966430664,334073,0.0,0.0
2024-03-28 10:30:00-04:00,66.78089904785156,66.84500122070312,66.25,66.3499984741211,254775,0.0,0.0
2024-03-28 11:30:00-04:00,66.37000274658203,66.4583969116211,66.05000305175781,66.20999908447266,214294,0.0,0.0
2024-03-28 12:30:00-04:00,66.20999908447266,66.2300033569336,65.94999694824219,66.0199966430664,186860,0.0,0.0
2024-03-28 13:30:00-04:00,66.01000213623047,66.18000030517578,65.80999755859375,65.88999938964844,198626,0.0,0.0
2024-03-28 14:30:00-04:00,65.88999938964844,65.9020004272461,65.6500015258789,65.70999908447266,324772,0.0,0.0
2024-03-28 15:30:00-04:00,65.71499633789062,65.73999786376953,65.33000183105469,65.34500122070312,597192,0.0,0.0
2024-04-01 09:30:00-04:00,67.04000091552734,67.04000091552734,65.2699966430664,65.30999755859375,809871,0.0,0.0
2024-04-01 10:30:00-04:00,65.30000305175781,65.37999725341797,64.7699966430664,65.0,349110,0.0,0.0
2024-04-01 11:30:00-04:00,64.9800033569336,65.0999984741211,64.80000305175781,64.94999694824219,298276,0.0,0.0
2024-04-01 12:30:00-04:00,64.97000122070312,65.08000183105469,64.83999633789062,64.88999938964844,163454,0.0,0.0
2024-04-01 13:30:00-04:00,64.88500213623047,64.9749984741211,64.75,64.81999969482422,208973,0.0,0.0
2024-04-01 14:30:00-04:00,64.83000183105469,64.8499984741211,64.62000274658203,64.75,339618,0.0,0.0
2024-04-01 15:30:00-04:00,64.7699966430664,64.9000015258789,64.68000030517578,64.68000030517578,465814,0.0,0.0
2024-04-02 09:30:00-04:00,63.5099983215332,63.9900016784668,63.22999954223633,63.77000045776367,592595,0.0,0.0
2024-04-02 10:30:00-04:00,63.75,63.790000915527344,63.400001525878906,63.619998931884766,293999,0.0,0.0
2024-04-02 11:30:00-04:00,63.625,63.70500183105469,63.43000030517578,63.689998626708984,215992,0.0,0.0
2024-04-02 12:30:00-04:00,63.685001373291016,64.0999984741211,63.68000030517578,63.70000076293945,426317,0.0,0.0
2024-04-02 13:30:00-04:00,63.70000076293945,63.77000045776367,63.54499816894531,63.59000015258789,207226,0.0,0.0
2024-04-02 14:30:00-04:00,63.58000183105469,63.81999969482422,63.55500030517578,63.779998779296875,291859,0.0,0.0
2024-04-02 15:30:00-04:00,63.779998779296875,64.0,63.720001220703125,63.779998779296875,558641,0.0,0.0
2024-04-03 09:30:00-04:00,63.470001220703125,63.650001525878906,63.0099983215332,63.6150016784668,387136,0.0,0.0
2024-04-03 10:30:00-04:00,63.619998931884766,63.849998474121094,63.45000076293945,63.70000076293945,294991,0.0,0.0
2024-04-03 11:30:00-04:00,63.709999084472656,63.72999954223633,63.45000076293945,63.45159912109375,218358,0.0,0.0
2024-04-03 12:30:00-04:00,63.459999084472656,63.5099983215332,63.290000915527344,63.36000061035156,231195,0.0,0.0
2024-04-03 13:30:00-04:00,63.3650016784668,63.37649917602539,63.22999954223633,63.279998779296875,237451,0.0,0.0
2024-04-03 14:30:00-04:00,63.279998779296875,63.29999923706055,63.0099983215332,63.06999969482422,345332,0.0,0.0
2024-04-03 15:30:00-04:00,63.060001373291016,63.29499816894531,63.037498474121094,63.209999084472656,565942,0.0,0.0
2024-04-04 09:30:00-04:00,63.5099983215332,63.95000076293945,63.369998931884766,63.619998931884766,315058,0.0,0.0
2024-04-04 10:30:00-04:00,63.619998931884766,64.13999938964844,63.599998474121094,64.0374984741211,355961,0.0,0.0
2024-04-04 11:30:00-04:00,64.0199966430664,64.19300079345703,63.9900016784668,64.19000244140625,289101,0.0,0.0
2024-04-04 12:30:00-04:00,64.18000030517578,64.31999969482422,64.08999633789062,64.1449966430664,214940,0.0,0.0
2024-04-04 13:30:00-04:00,64.1500015258789,64.18789672851562,63.630001068115234,63.65999984741211,178739,0.0,0.0
2024-04-04 14:30:00-04:00,63.650001525878906,63.72999954223633,63.10559844970703,63.10559844970703,490172,0.0,0.0
2024-04-04 15:30:00-04:00,63.150001525878906,63.310001373291016,63.040000915527344,63.27000045776367,464913,0.0,0.0
2024-04-05 09:30:00-04:00,63.06999969482422,63.41999816894531,62.750099182128906,62.76499938964844,317209,0.0,0.0
2024-04-05 10:30:00-04:00,62.75,63.1349983215332,62.616600036621094,62.790000915527344,266925,0.0,0.0
2024-04-05 11:30:00-04:00,62.76499938964844,63.06999969482422,62.709999084472656,63.02000045776367,159979,0.0,0.0
2024-04-05 12:30:00-04:00,63.0099983215332,63.15999984741211,62.849998474121094,62.93000030517578,189296,0.0,0.0
2024-04-05 13:30:00-04:00,62.95800018310547,63.0099983215332,62.814998626708984,62.85499954223633,192755,0.0,0.0
2024-04-05 14:30:00-04:00,62.834999084472656,63.0099983215332,62.79999923706055,62.869998931884766,256375,0.0,0.0
2024-04-05 15:30:00-04:00,62.8650016784668,63.1150016784668,62.79499816894531,62.93000030517578,384086,0.0,0.0
2024-04-08 09:30:00-04:00,62.25,63.33000183105469,61.70000076293945,63.33000183105469,1544754,0.0,0.0
2024-04-08 10:30:00-04:00,63.31999969482422,63.63999938964844,63.11000061035156,63.34000015258789,270662,0.0,0.0
2024-04-08 11:30:00-04:00,63.32500076293945,63.349998474121094,63.08000183105469,63.150001525878906,129832,0.0,0.0
2024-04-08 12:30:00-04:00,63.13999938964844,63.33000183105469,62.9900016784668,63.310001373291016,158798,0.0,0.0
2024-04-08 13:30:00-04:00,63.310001373291016,63.349998474121094,63.0900993347168,63.130001068115234,123797,0.0,0.0
2024-04-08 14:30:00-04:00,63.11000061035156,63.15999984741211,63.02000045776367,63.08000183105469,134461,0.0,0.0
2024-04-08 15:30:00-04:00,63.060001373291016,63.099998474121094,62.90999984741211,63.02000045776367,272246,0.0,0.0
2024-04-09 09:30:00-04:00,62.97999954223633,64.62999725341797,62.810001373291016,64.19000244140625,1023389,0.0,0.0
2024-04-09 10:30:00-04:00,64.16999816894531,64.2300033569336,63.65999984741211,63.66999816894531,291788,0.0,0.0
2024-04-09 11:30:00-04:00,63.689998626708984,64.0,63.68000030517578,63.970001220703125,234022,0.0,0.0
2024-04-09 12:30:00-04:00,63.974998474121094,64.01000213623047,63.2505989074707,63.88999938964844,431037,0.0,0.0
2024-04-09 13:30:00-04:00,63.900001525878906,63.93000030517578,63.56999969482422,63.58000183105469,180137,0.0,0.0
2024-04-09 14:30:00-04:00,63.56999969482422,63.779998779296875,63.33000183105469,63.7599983215332,232824,0.0,0.0
2024-04-09 15:30:00-04:00,63.7400016784668,63.86000061035156,63.56999969482422,63.84000015258789,462592,0.0,0.0
2024-04-10 09:30:00-04:00,62.400001525878906,62.900001525878906,61.599998474121094,62.189998626708984,806753,0.0,0.0
2024-04-10 10:30:00-04:00,62.209999084472656,62.220001220703125,61.72999954223633,61.88999938964844,316377,0.0,0.0
2024-04-10 11:30:00-04:00,61.880001068115234,61.94499969482422,61.720001220703125,61.79999923706055,291464,0.0,0.0
2024-04-10 12:30:00-04:00,61.79499816894531,61.91999816894531,61.560001373291016,61.72999954223633,295867,0.0,0.0
2024-04-10 13:30:00-04:00,61.709999084472656,61.90999984741211,61.54999923706055,61.72999954223633,278189,0.0,0.0
2024-04-10 14:30:00-04:00,61.72999954223633,63.849998474121094,61.72999954223633,62.18000030517578,371350,0.0,0.0
2024-04-10 15:30:00-04:00,62.18000030517578,62.40999984741211,62.06999969482422,62.209999084472656,461135,0.0,0.0
2024-04-11 09:30:00-04:00,62.69900131225586,62.78499984741211,62.10499954223633,62.119998931884766,328384,0.0,0.0
2024-04-11 10:30:00-04:00,62.099998474121094,62.31999969482422,62.02000045776367,62.23500061035156,229450,0.0,0.0
2024-04-11 11:30:00-04:00,62.22999954223633,62.439998626708984,62.165000915527344,62.2599983215332,230025,0.0,0.0
2024-04-11 12:30:00-04:00,62.2599983215332,62.650001525878906,62.2599983215332,62.5099983215332,195554,0.0,0.0
2024-04-11 13:30:00-04:00,62.5099983215332,62.790000915527344,62.38999938964844,62.724998474121094,281236,0.0,0.0
2024-04-11 14:30:00-04:00,62.72999954223633,62.81999969482422,62.529998779296875,62.70000076293945,221194,0.0,0.0
2024-04-11 15:30:00-04:00,62.69499969482422,62.709999084472656,62.4900016784668,62.5099983215332,322564,0.0,0.0
2024-04-12 09:30:00-04:00,62.029998779296875,62.4900016784668,61.91999816894531,62.11000061035156,364261,0.0,0.0
2024-04-12 10:30:00-04:00,62.099998474121094,62.119998931884766,61.79999923706055,62.119998931884766,231472,0.0,0.0
2024-04-12 11:30:00-04:00,62.11000061035156,62.119998931884766,61.834999084472656,61.880001068115234,192654,0.0,0.0
2024-04-12 12:30:00-04:00,61.880001068115234,61.95000076293945,61.625,61.63999938964844,182691,0.0,0.0
2024-04-12 13:30:00-04:00,61.630001068115234,61.814998626708984,61.58000183105469,61.744998931884766,194547,0.0,0.0
2024-04-12 14:30:00-04:00,61.744998931884766,61.744998931884766,61.599998474121094,61.689998626708984,252077,0.0,0.0
2024-04-12 15:30:00-04:00,61.68000030517578,61.83000183105469,61.56999969482422,61.61000061035156,537232,0.0,0.0
2024-04-15 09:30:00-04:00,61.709999084472656,61.79249954223633,60.44499969482422,60.6150016784668,449207,0.0,0.0
2024-04-15 10:30:00-04:00,60.599998474121094,60.79999923706055,60.505001068115234,60.77000045776367,330201,0.0,0.0
2024-04-15 11:30:00-04:00,60.755001068115234,60.939998626708984,60.64250183105469,60.71500015258789,210589,0.0,0.0
2024-04-15 12:30:00-04:00,60.70000076293945,60.720001220703125,60.15999984741211,60.18000030517578,270592,0.0,0.0
2024-04-15 13:30:00-04:00,60.16999816894531,60.16999816894531,59.91999816894531,59.96649932861328,374293,0.0,0.0
2024-04-15 14:30:00-04:00,59.95000076293945,60.12519836425781,59.7599983215332,60.02000045776367,351529,0.0,0.0
2024-04-15 15:30:00-04:00,60.02000045776367,60.349998474121094,59.93000030517578,60.25,684688,0.0,0.0
2024-04-16 09:30:00-04:00,60.189998626708984,60.279998779296875,59.560001373291016,60.095001220703125,457579,0.0,0.0
2024-04-16 10:30:00-04:00,60.09000015258789,60.13999938964844,59.73550033569336,59.93000030517578,257341,0.0,0.0
2024-04-16 11:30:00-04:00,59.93000030517578,59.97999954223633,59.709999084472656,59.810001373291016,179289,0.0,0.0
2024-04-16 12:30:00-04:00,59.814998626708984,59.904998779296875,59.63999938964844,59.63999938964844,170938,0.0,0.0
2024-04-16 13:30:00-04:00,59.630001068115234,60.0099983215332,59.315101623535156,59.56999969482422,233343,0.0,0.0
2024-04-16 14:30:00-04:00,59.59000015258789,59.779998779296875,59.4900016784668,59.51499938964844,208583,0.0,0.0
2024-04-16 15:30:00-04:00,59.51499938964844,59.58000183105469,59.2599983215332,59.2599983215332,400850,0.0,0.0
2024-04-17 09:30:00-04:00,59.279998779296875,59.790000915527344,59.22999954223633,59.375,296711,0.0,0.0
2024-04-17 10:30:00-04:00,59.349998474121094,59.55500030517578,59.16999816894531,59.45500183105469,275547,0.0,0.0
2024-04-17 11:30:00-04:00,59.29999923706055,59.5,59.150001525878906,59.36000061035156,257366,0.0,0.0
2024-04-17 12:30:00-04:00,59.36000061035156,59.53499984741211,59.150001525878906,59.53499984741211,148271,0.0,0.0
2024-04-17 13:30:00-04:00,59.540000915527344,59.57500076293945,59.33000183105469,59.33000183105469,187250,0.0,0.0
2024-04-17 14:30:00-04:00,59.32389831542969,59.40999984741211,59.025001525878906,59.060001373291016,273271,0.0,0.0
2024-04-17 15:30:00-04:00,59.04999923706055,59.27000045776367,59.0099983215332,59.06999969482422,381418,0.0,0.0
2024-04-18 09:30:00-04:00,60.400001525878906,60.58000183105469,59.61000061035156,60.34600067138672,745317,0.0,0.0
2024-04-18 10:30:00-04:00,60.34000015258789,60.75,60.31999969482422,60.349998474121094,580261,0.0,0.0
2024-04-18 11:30:00-04:00,60.346099853515625,60.502498626708984,60.20000076293945,60.34000015258789,606367,0.0,0.0
2024-04-18 12:30:00-04:00,60.349998474121094,60.36000061035156,60.0099983215332,60.09000015258789,324056,0.0,0.0
2024-04-18 13:30:00-04:00,60.09000015258789,60.36000061035156,60.02000045776367,60.04999923706055,351362,0.0,0.0
2024-04-18 14:30:00-04:00,60.060001373291016,60.060001373291016,59.720001220703125,59.97999954223633,399934,0.0,0.0
2024-04-18 15:30:00-04:00,59.97999954223633,60.01499938964844,59.869998931884766,59.93000030517578,543807,0.0,0.0
2024-04-19 09:30:00-04:00,60.0,60.209598541259766,59.65999984741211,59.720001220703125,311315,0.0,0.0
2024-04-19 10:30:00-04:00,59.75,59.96500015258789,59.619998931884766,59.63999938964844,234637,0.0,0.0
2024-04-19 11:30:00-04:00,59.630001068115234,59.63999938964844,59.16999816894531,59.209999084472656,246350,0.0,0.0
2024-04-19 12:30:00-04:00,59.21699905395508,59.404998779296875,59.209999084472656,59.220001220703125,170090,0.0,0.0
2024-04-19 13:30:00-04:00,59.25,59.61000061035156,59.25,59.310001373291016,342675,0.0,0.0
2024-04-19 14:30:00-04:00,59.31999969482422,59.41899871826172,59.07500076293945,59.150001525878906,382651,0.0,0.0
2024-04-19 15:30:00-04:00,59.16999816894531,59.584999084472656,59.16999816894531,59.45000076293945,511284,0.0,0.0
2024-04-22 09:30:00-04:00,59.939998626708984,60.06999969482422,59.070098876953125,59.220001220703125,335151,0.0,0.0
2024-04-22 10:30:00-04:00,59.22999954223633,59.5099983215332,58.880001068115234,59.119998931884766,457467,0.0,0.0
2024-04-22 11:30:00-04:00,59.130001068115234,59.36000061035156,59.0099983215332,59.20500183105469,271978,0.0,0.0
2024-04-22 12:30:00-04:00,59.20000076293945,59.75,59.099998474121094,59.689998626708984,389920,0.0,0.0
2024-04-22 13:30:00-04:00,59.70000076293945,60.029998779296875,59.63999938964844,59.970001220703125,364959,0.0,0.0
2024-04-22 14:30:00-04:00,59.970001220703125,60.060001373291016,59.66999816894531,59.689998626708984,284404,0.0,0.0
2024-04-22 15:30:00-04:00,59.70000076293945,59.70000076293945,59.5099983215332,59.52000045776367,406542,0.0,0.0
2024-04-23 09:30:00-04:00,59.630001068115234,60.970001220703125,59.625,60.66999816894531,506219,0.0,0.0
2024-04-23 10:30:00-04:00,60.650001525878906,60.86000061035156,60.56999969482422,60.630001068115234,372111,0.0,0.0
2024-04-23 11:30:00-04:00,60.630001068115234,60.65999984741211,60.410099029541016,60.55500030517578,221723,0.0,0.0
2024-04-23 12:30:00-04:00,60.560001373291016,61.16400146484375,60.52000045776367,61.16400146484375,408333,0.0,0.0
2024-04-23 13:30:00-04:00,61.1515007019043,61.630001068115234,61.130001068115234,61.470001220703125,813274,0.0,0.0
2024-04-23 14:30:00-04:00,61.470001220703125,61.7599983215332,61.33000183105469,61.630001068115234,360900,0.0,0.0
2024-04-23 15:30:00-04:00,61.619998931884766,61.66999816894531,61.36000061035156,61.630001068115234,794387,0.0,0.0
2024-04-24 09:30:00-04:00,62.0,62.15999984741211,61.18000030517578,61.349998474121094,609719,0.0,0.0
2024-04-24 10:30:00-04:00,61.34000015258789,61.415000915527344,61.029998779296875,61.11000061035156,361963,0.0,0.0
2024-04-24 11:30:00-04:00,61.095001220703125,61.25960159301758,60.97999954223633,61.16999816894531,290121,0.0,0.0
2024-04-24 12:30:00-04:00,61.16999816894531,61.529998779296875,61.095001220703125,61.459999084472656,172473,0.0,0.0
2024-04-24 13:30:00-04:00,61.47999954223633,61.560001373291016,61.380001068115234,61.380001068115234,214987,0.0,0.0
2024-04-24 14:30:00-04:00,61.369998931884766,61.369998931884766,61.255001068115234,61.27000045776367,195741,0.0,0.0
2024-04-24 15:30:00-04:00,61.279998779296875,61.65999984741211,61.22010040283203,61.65999984741211,707529,0.0,0.0
2024-04-25 09:30:00-04:00,60.400001525878906,61.130001068115234,60.34000015258789,60.77000045776367,372774,0.0,0.0
2024-04-25 10:30:00-04:00,60.790000915527344,60.790000915527344,60.33000183105469,60.540000915527344,339367,0.0,0.0
2024-04-25 11:30:00-04:00,60.52000045776367,60.90999984741211,60.40999984741211,60.755001068115234,322896,0.0,0.0
2024-04-25 12:30:00-04:00,60.75,60.880001068115234,60.720001220703125,60.84000015258789,193905,0.0,0.0
2024-04-25 13:30:00-04:00,60.849998474121094,61.119998931884766,60.83000183105469,60.880001068115234,299111,0.0,0.0
2024-04-25 14:30:00-04:00,60.869998931884766,61.029998779296875,60.70500183105469,60.959999084472656,290435,0.0,0.0
2024-04-25 15:30:00-04:00,60.95000076293945,61.15999984741211,60.81999969482422,61.029998779296875,471592,0.0,0.0
2024-04-26 09:30:00-04:00,61.439998626708984,61.939998626708984,61.2599983215332,61.75,357514,0.0,0.0
2024-04-26 10:30:00-04:00,61.779998779296875,61.869998931884766,61.67900085449219,61.720001220703125,207152,0.0,0.0
2024-04-26 11:30:00-04:00,61.70249938964844,61.81999969482422,61.400001525878906,61.45000076293945,410953,0.0,0.0
2024-04-26 12:30:00-04:00,61.43000030517578,61.689998626708984,61.43000030517578,61.68479919433594,126576,0.0,0.0
2024-04-26 13:30:00-04:00,61.68109893798828,61.80970001220703,61.61000061035156,61.779998779296875,255440,0.0,0.0
2024-04-26 14:30:00-04:00,61.7859992980957,61.869998931884766,61.58000183105469,61.61000061035156,313934,0.0,0.0
2024-04-26 15:30:00-04:00,61.61000061035156,62.04999923706055,61.599998474121094,62.0099983215332,784505,0.0,0.0
2024-04-29 09:30:00-04:00,62.5,63.40999984741211,62.5,63.34000015258789,426029,0.0,0.0
2024-04-29 10:30:00-04:00,63.34000015258789,63.77000045776367,63.34000015258789,63.622798919677734,433543,0.0,0.0
2024-04-29 11:30:00-04:00,63.595001220703125,63.82899856567383,63.540000915527344,63.67499923706055,244020,0.0,0.0
2024-04-29 12:30:00-04:00,63.689998626708984,63.724998474121094,63.37710189819336,63.529998779296875,172413,0.0,0.0
2024-04-29 13:30:00-04:00,63.52000045776367,63.60499954223633,63.184600830078125,63.220001220703125,335931,0.0,0.0
2024-04-29 14:30:00-04:00,63.220001220703125,63.220001220703125,62.88999938964844,63.029998779296875,282743,0.0,0.0
2024-04-29 15:30:00-04:00,63.03900146484375,63.39500045776367,62.95000076293945,63.34000015258789,570071,0.0,0.0
2024-04-30 09:30:00-04:00,62.709999084472656,62.95000076293945,61.9900016784668,62.040000915527344,246200,0.0,0.0
2024-04-30 10:30:00-04:00,62.040000915527344,62.27000045776367,61.65999984741211,61.73500061035156,219210,0.0,0.0
2024-04-30 11:30:00-04:00,61.72999954223633,61.84000015258789,61.59000015258789,61.77000045776367,217029,0.0,0.0
2024-04-30 12:30:00-04:00,61.7599983215332,61.7599983215332,61.380001068115234,61.380001068115234,231060,0.0,0.0
2024-04-30 13:30:00-04:00,61.380001068115234,61.435001373291016,61.09000015258789,61.09000015258789,217771,0.0,0.0
2024-04-30 14:30:00-04:00,61.07339859008789,61.15999984741211,60.893001556396484,61.119998931884766,227094,0.0,0.0
2024-04-30 15:30:00-04:00,61.125,61.29999923706055,61.005001068115234,61.09000015258789,601627,0.0,0.0
2024-05-01 09:30:00-04:00,60.900001525878906,61.33000183105469,60.689998626708984,61.20009994506836,304835,0.0,0.0
2024-05-01 10:30:00-04:00,61.209999084472656,61.439998626708984,61.060001373291016,61.23500061035156,223503,0.0,0.0
2024-05-01 11:30:00-04:00,61.23500061035156,61.29999923706055,61.08000183105469,61.220001220703125,149494,0.0,0.0
2024-05-01 12:30:00-04:00,61.18000030517578,61.2317008972168,61.06999969482422,61.15999984741211,117241,0.0,0.0
2024-05-01 13:30:00-04:00,61.150001525878906,61.529998779296875,61.06999969482422,61.529998779296875,228196,0.0,0.0
2024-05-01 14:30:00-04:00,61.52000045776367,62.279998779296875,61.16999816894531,62.08000183105469,452921,0.0,0.0
2024-05-01 15:30:00-04:00,62.02000045776367,62.03499984741211,61.459999084472656,61.61000061035156,638068,0.0,0.0
2024-05-02 09:30:00-04:00,62.29999923706055,62.5,61.79999923706055,62.2599983215332,303179,0.0,0.0
2024-05-02 10:30:00-04:00,62.290000915527344,62.529998779296875,62.119998931884766,62.5099983215332,263804,0.0,0.0
2024-05-02 11:30:00-04:00,62.52000045776367,62.770999908447266,62.43000030517578,62.77000045776367,288503,0.0,0.0
2024-05-02 12:30:00-04:00,62.76900100708008,63.060001373291016,62.599998474121094,62.994998931884766,325556,0.0,0.0
2024-05-02 13:30:00-04:00,63.0099983215332,63.18000030517578,62.869998931884766,62.93000030517578,236454,0.0,0.0
2024-05-02 14:30:00-04:00,62.91999816894531,63.005001068115234,62.45000076293945,62.59000015258789,243020,0.0,0.0
2024-05-02 15:30:00-04:00,62.56999969482422,62.849998474121094,62.40999984741211,62.84000015258789,619534,0.0,0.0
2024-05-03 09:30:00-04:00,63.529998779296875,63.77000045776367,62.0099983215332,62.2588005065918,325041,0.0,0.0
2024-05-03 10:30:00-04:00,62.27000045776367,62.349998474121094,61.91999816894531,61.95000076293945,348441,0.0,0.0
2024-05-03 11:30:00-04:00,61.959999084472656,62.099998474121094,61.68000030517578,61.68000030517578,275346,0.0,0.0
2024-05-03 12:30:00-04:00,61.689998626708984,61.810001373291016,61.505001068115234,61.609500885009766,294142,0.0,0.0
2024-05-03 13:30:00-04:00,61.58000183105469,61.650001525878906,61.47999954223633,61.630001068115234,336002,0.0,0.0
2024-05-03 14:30:00-04:00,61.630001068115234,61.755001068115234,61.369998931884766,61.54499816894531,357537,0.0,0.0
2024-05-03 15:30:00-04:00,61.54750061035156,61.88999938964844,61.34000015258789,61.83000183105469,673146,0.0,0.0
2024-05-06 09:30:00-04:00,61.81999969482422,62.2400016784668,61.53099822998047,61.900001525878906,411161,0.0,0.0
2024-05-06 10:30:00-04:00,62.0,62.15999984741211,61.77000045776367,61.789798736572266,564569,0.0,0.0
2024-05-06 11:30:00-04:00,61.79999923706055,61.9900016784668,61.68000030517578,61.79999923706055,242599,0.0,0.0
2024-05-06 12:30:00-04:00,61.810001373291016,61.959999084472656,61.790000915527344,61.959999084472656,164595,0.0,0.0
2024-05-06 13:30:00-04:00,61.959999084472656,61.97999954223633,61.792999267578125,61.880001068115234,199542,0.0,0.0
2024-05-06 14:30:00-04:00,61.8650016784668,61.88999938964844,61.63999938964844,61.70500183105469,209442,0.0,0.0
2024-05-06 15:30:00-04:00,61.70000076293945,61.880001068115234,61.54999923706055,61.849998474121094,613609,0.0,0.0
2024-05-07 09:30:00-04:00,61.959999084472656,62.21500015258789,61.76499938964844,61.935001373291016,222552,0.0,0.0
2024-05-07 10:30:00-04:00,61.939998626708984,62.25,61.849998474121094,62.25,391761,0.0,0.0
2024-05-07 11:30:00-04:00,62.24530029296875,62.35499954223633,62.09000015258789,62.11000061035156,157332,0.0,0.0
2024-05-07 12:30:00-04:00,62.11000061035156,62.25,61.97999954223633,62.08330154418945,122977,0.0,0.0
2024-05-07 13:30:00-04:00,62.09000015258789,62.11000061035156,61.939998626708984,62.029998779296875,140436,0.0,0.0
2024-05-07 14:30:00-04:00,62.02000045776367,62.345001220703125,61.95000076293945,62.2599983215332,296949,0.0,0.0
2024-05-07 15:30:00-04:00,62.2599983215332,62.359901428222656,62.125,62.13999938964844,514404,0.0,0.0
2024-05-08 09:30:00-04:00,61.650001525878906,63.040000915527344,61.650001525878906,62.130001068115234,623261,0.0,0.0
2024-05-08 10:30:00-04:00,62.06999969482422,62.37950134277344,61.779998779296875,61.810001373291016,243300,0.0,0.0
2024-05-08 11:30:00-04:00,61.810001373291016,61.924598693847656,61.58000183105469,61.630001068115234,281355,0.0,0.0
2024-05-08 12:30:00-04:00,61.630001068115234,61.83000183105469,61.59000015258789,61.66999816894531,158854,0.0,0.0
2024-05-08 13:30:00-04:00,61.650001525878906,61.790000915527344,61.481201171875,61.4900016784668,238758,0.0,0.0
2024-05-08 14:30:00-04:00,61.47999954223633,61.48500061035156,61.02000045776367,61.06999969482422,331878,0.0,0.0
2024-05-08 15:30:00-04:00,61.06999969482422,61.310001373291016,61.0281982421875,61.2400016784668,463538,0.0,0.0
2024-05-09 09:30:00-04:00,61.130001068115234,62.099998474121094,61.10200119018555,61.7599983215332,452433,0.0,0.0
2024-05-09 10:30:00-04:00,61.77000045776367,61.81999969482422,61.439998626708984,61.529998779296875,244802,0.0,0.0
2024-05-09 11:30:00-04:00,61.54999923706055,61.599998474121094,61.36000061035156,61.41999816894531,150538,0.0,0.0
2024-05-09 12:30:00-04:00,61.40999984741211,61.720001220703125,61.40999984741211,61.689998626708984,214441,0.0,0.0
2024-05-09 13:30:00-04:00,61.69499969482422,61.75,61.445899963378906,61.529998779296875,247865,0.0,0.0
2024-05-09 14:30:00-04:00,61.529998779296875,61.60499954223633,61.36000061035156,61.404998779296875,323756,0.0,0.0
2024-05-09 15:30:00-04:00,61.38999938964844,61.52000045776367,61.029998779296875,61.130001068115234,640300,0.0,0.0
2024-05-10 09:30:00-04:00,61.279998779296875,62.08000183105469,61.20000076293945,61.880001068115234,514130,0.0,0.0
2024-05-10 10:30:00-04:00,61.88999938964844,61.90999984741211,61.46500015258789,61.599998474121094,267246,0.0,0.0
2024-05-10 11:30:00-04:00,61.58000183105469,61.84000015258789,61.470001220703125,61.775001525878906,162837,0.0,0.0
2024-05-10 12:30:00-04:00,61.7599983215332,61.84000015258789,61.650001525878906,61.70000076293945,128188,0.0,0.0
2024-05-10 13:30:00-04:00,61.709999084472656,61.72999954223633,61.51359939575195,61.560001373291016,149964,0.0,0.0
2024-05-10 14:30:00-04:00,61.55059814453125,61.72999954223633,61.529998779296875,61.61000061035156,237320,0.0,0.0
2024-05-10 15:30:00-04:00,61.61000061035156,62.005001068115234,61.59000015258789,61.97999954223633,506489,0.0,0.0
2024-05-13 09:30:00-04:00,62.29999923706055,63.150001525878906,62.18000030517578,63.150001525878906,457077,0.0,0.0
2024-05-13 10:30:00-04:00,63.1150016784668,63.459999084472656,62.88999938964844,63.255001068115234,340196,0.0,0.0
2024-05-13 11:30:00-04:00,63.255001068115234,63.255001068115234,62.810001373291016,62.86000061035156,406508,0.0,0.0
2024-05-13 12:30:00-04:00,62.86000061035156,63.18000030517578,62.779998779296875,63.130001068115234,222504,0.0,0.0
2024-05-13 13:30:00-04:00,63.13999938964844,63.154998779296875,62.93000030517578,62.9900016784668,165260,0.0,0.0
2024-05-13 14:30:00-04:00,63.0,63.095001220703125,62.970001220703125,63.040000915527344,190739,0.0,0.0
2024-05-13 15:30:00-04:00,63.029998779296875,63.185001373291016,62.939998626708984,63.130001068115234,465209,0.0,0.0
2024-05-14 09:30:00-04:00,63.75,64.16999816894531,63.43000030517578,63.4900016784668,467424,0.0,0.0
2024-05-14 10:30:00-04:00,63.5099983215332,63.63999938964844,63.244998931884766,63.459999084472656,277225,0.0,0.0
2024-05-14 11:30:00-04:00,63.470001220703125,63.959999084472656,63.27399826049805,63.38999938964844,698042,0.0,0.0
2024-05-14 12:30:00-04:00,63.38999938964844,63.599998474121094,63.34000015258789,63.42499923706055,294011,0.0,0.0
2024-05-14 13:30:00-04:00,63.439998626708984,63.529998779296875,63.09000015258789,63.33089828491211,207163,0.0,0.0
2024-05-14 14:30:00-04:00,63.33000183105469,63.43000030517578,63.25,63.38999938964844,195254,0.0,0.0
2024-05-14 15:30:00-04:00,63.38999938964844,63.619998931884766,63.38999938964844,63.52000045776367,385333,0.0,0.0
2024-05-15 09:30:00-04:00,64.1500015258789,64.19400024414062,62.77000045776367,62.810001373291016,298109,0.0,0.0
2024-05-15 10:30:00-04:00,62.80419921875,63.22700119018555,62.80419921875,63.15999984741211,301409,0.0,0.0
2024-05-15 11:30:00-04:00,63.165000915527344,63.36249923706055,63.0099983215332,63.349998474121094,248737,0.0,0.0
2024-05-15 12:30:00-04:00,63.36000061035156,63.380001068115234,63.20009994506836,63.28499984741211,176025,0.0,0.0
2024-05-15 13:30:00-04:00,63.28499984741211,63.45000076293945,63.2400016784668,63.43000030517578,182075,0.0,0.0
2024-05-15 14:30:00-04:00,63.42499923706055,63.88999938964844,63.349998474121094,63.869998931884766,262976,0.0,0.0
2024-05-15 15:30:00-04:00,63.86000061035156,63.91999816894531,63.67499923706055,63.83000183105469,513651,0.0,0.0
2024-05-16 09:30:00-04:00,63.630001068115234,63.99689865112305,63.09000015258789,63.78499984741211,324547,0.0,0.0
2024-05-16 10:30:00-04:00,63.790000915527344,63.86000061035156,63.5099983215332,63.60499954223633,236999,0.0,0.0
2024-05-16 11:30:00-04:00,63.599998474121094,63.95000076293945,63.595001220703125,63.900001525878906,257532,0.0,0.0
2024-05-16 12:30:00-04:00,63.89500045776367,64.0,63.72999954223633,63.81999969482422,192800,0.0,0.0
2024-05-16 13:30:00-04:00,63.81999969482422,63.97249984741211,63.81999969482422,63.91999816894531,214819,0.0,0.0
2024-05-16 14:30:00-04:00,63.91999816894531,63.939998626708984,63.81999969482422,63.869998931884766,211750,0.0,0.0
2024-05-16 15:30:00-04:00,63.87099838256836,64.13999938964844,63.86000061035156,63.96500015258789,807214,0.0,0.0
2024-05-17 09:30:00-04:00,63.61000061035156,64.08000183105469,63.58000183105469,63.70000076293945,442178,0.0,0.0
2024-05-17 10:30:00-04:00,63.689998626708984,63.939998626708984,63.52000045776367,63.82500076293945,339390,0.0,0.0
2024-05-17 11:30:00-04:00,63.810001373291016,64.18000030517578,63.755001068115234,63.9567985534668,217298,0.0,0.0
2024-05-17 12:30:00-04:00,63.95500183105469,64.11000061035156,63.900001525878906,63.95000076293945,256827,0.0,0.0
2024-05-17 13:30:00-04:00,63.959999084472656,64.01000213623047,63.65999984741211,63.849998474121094,495263,0.0,0.0
2024-05-17 14:30:00-04:00,63.849998474121094,64.18000030517578,63.84000015258789,63.9900016784668,372644,0.0,0.0
2024-05-17 15:30:00-04:00,63.9900016784668,64.18000030517578,63.88999938964844,64.16999816894531,563620,0.0,0.0
2024-05-20 09:30:00-04:00,64.08999633789062,64.5,63.56999969482422,63.65250015258789,722656,0.0,0.0
2024-05-20 10:30:00-04:00,63.65999984741211,64.05500030517578,63.599998474121094,63.900001525878906,620771,0.0,0.0
2024-05-20 11:30:00-04:00,63.900001525878906,64.06999969482422,63.6776008605957,63.77000045776367,481494,0.0,0.0
2024-05-20 12:30:00-04:00,63.79999923706055,63.95000076293945,63.72999954223633,63.7400016784668,326314,0.0,0.0
2024-05-20 13:30:00-04:00,63.7400016784668,63.96080017089844,63.66999816894531,63.94499969482422,461548,0.0,0.0
2024-05-20 14:30:00-04:00,63.95000076293945,64.2300033569336,63.93000030517578,64.16000366210938,637363,0.0,0.0
2024-05-20 15:30:00-04:00,64.16999816894531,64.20500183105469,64.04000091552734,64.12000274658203,1201405,0.0,0.0
2024-05-21 09:30:00-04:00,62.7599983215332,65.08999633789062,62.61000061035156,64.62999725341797,2867851,0.0,0.0
2024-05-21 10:30:00-04:00,64.62999725341797,65.19999694824219,64.37000274658203,64.7699966430664,1107323,0.0,0.0
2024-05-21 11:30:00-04:00,64.77999877929688,65.4000015258789,64.30999755859375,64.54499816894531,894142,0.0,0.0
2024-05-21 12:30:00-04:00,64.54499816894531,64.63999938964844,63.560001373291016,63.66999816894531,646528,0.0,0.0
2024-05-21 13:30:00-04:00,63.665000915527344,63.689998626708984,63.25149917602539,63.540000915527344,605645,0.0,0.0
2024-05-21 14:30:00-04:00,63.540000915527344,63.709999084472656,63.41999816894531,63.68000030517578,453604,0.0,0.0
2024-05-21 15:30:00-04:00,63.689998626708984,63.9900016784668,63.689998626708984,63.84000015258789,871665,0.0,0.0
2024-05-22 09:30:00-04:00,64.0,65.16999816894531,63.54999923706055,64.2699966430664,617602,0.0,0.0
2024-05-22 10:30:00-04:00,64.29000091552734,64.52999877929688,63.9900016784668,64.29000091552734,349257,0.0,0.0
2024-05-22 11:30:00-04:00,64.31950378417969,64.875,64.30000305175781,64.66000366210938,324808,0.0,0.0
2024-05-22 12:30:00-04:00,64.66999816894531,64.69499969482422,64.36419677734375,64.44000244140625,193968,0.0,0.0
2024-05-22 13:30:00-04:00,64.48999786376953,64.56999969482422,63.869998931884766,63.9359016418457,302091,0.0,0.0
2024-05-22 14:30:00-04:00,63.939998626708984,64.25,63.81999969482422,64.23999786376953,248536,0.0,0.0
2024-05-22 15:30:00-04:00,64.25,64.41999816894531,64.18000030517578,64.38999938964844,575760,0.0,0.0
2024-05-23 09:30:00-04:00,64.56999969482422,64.68000030517578,63.119998931884766,63.18190002441406,435711,0.0,0.0
2024-05-23 10:30:00-04:00,63.189998626708984,63.33000183105469,63.0099983215332,63.13999938964844,393577,0.0,0.0
2024-05-23 11:30:00-04:00,63.15999984741211,63.381900787353516,63.0,63.381900787353516,223132,0.0,0.0
2024-05-23 12:30:00-04:00,63.380001068115234,63.3849983215332,63.119998931884766,63.27000045776367,218424,0.0,0.0
2024-05-23 13:30:00-04:00,63.279998779296875,63.369998931884766,62.4900016784668,62.4900016784668,338754,0.0,0.0
2024-05-23 14:30:00-04:00,62.47999954223633,62.47999954223633,62.189998626708984,62.25,353014,0.0,0.0
2024-05-23 15:30:00-04:00,62.2599983215332,62.52000045776367,62.2599983215332,62.439998626708984,638663,0.0,0.0
2024-05-24 09:30:00-04:00,62.16999816894531,63.22999954223633,62.16999816894531,63.22999954223633,410677,0.0,0.0
2024-05-24 10:30:00-04:00,63.22999954223633,63.2776985168457,62.849998474121094,63.125,243484,0.0,0.0
2024-05-24 11:30:00-04:00,63.125,63.45000076293945,63.08000183105469,63.349998474121094,5113270,0.0,0.0
2024-05-24 12:30:00-04:00,63.33000183105469,63.334999084472656,63.119998931884766,63.18000030517578,163325,0.0,0.0
2024-05-24 13:30:00-04:00,63.189998626708984,63.220001220703125,63.02009963989258,63.08000183105469,219337,0.0,0.0
2024-05-24 14:30:00-04:00,63.09000015258789,63.18000030517578,62.880001068115234,63.17499923706055,250009,0.0,0.0
2024-05-24 15:30:00-04:00,63.18000030517578,63.25,62.970001220703125,63.01499938964844,588343,0.0,0.0
2024-05-28 09:30:00-04:00,62.959999084472656,63.040000915527344,61.70500183105469,62.81100082397461,478216,0.0,0.0
2024-05-28 10:30:00-04:00,62.810001373291016,62.91999816894531,62.619998931884766,62.672000885009766,305662,0.0,0.0
2024-05-28 11:30:00-04:00,62.67499923706055,62.720001220703125,62.369998931884766,62.529998779296875,418176,0.0,0.0
2024-05-28 12:30:00-04:00,62.529998779296875,62.59000015258789,62.279998779296875,62.310001373291016,279594,0.0,0.0
2024-05-28 13:30:00-04:00,62.290000915527344,62.330101013183594,62.18000030517578,62.20500183105469,220808,0.0,0.0
2024-05-28 14:30:00-04:00,62.189998626708984,62.22999954223633,61.93000030517578,62.119998931884766,293671,0.0,0.0
2024-05-28 15:30:00-04:00,62.119998931884766,62.470001220703125,62.03499984741211,62.06999969482422,547654,0.0,0.0
2024-05-29 09:30:00-04:00,61.41999816894531,61.869998931884766,61.220001220703125,61.60770034790039,432479,0.0,0.0
2024-05-29 10:30:00-04:00,61.61000061035156,61.779998779296875,61.470001220703125,61.650001525878906,196627,0.0,0.0
2024-05-29 11:30:00-04:00,61.63999938964844,61.709999084472656,61.5,61.65610122680664,154118,0.0,0.0
2024-05-29 12:30:00-04:00,61.63999938964844,61.88999938964844,61.599998474121094,61.790000915527344,181920,0.0,0.0
2024-05-29 13:30:00-04:00,61.779998779296875,61.779998779296875,61.43000030517578,61.459999084472656,158275,0.0,0.0
2024-05-29 14:30:00-04:00,61.43000030517578,61.58000183105469,61.310001373291016,61.529998779296875,233566,0.0,0.0
2024-05-29 15:30:00-04:00,61.52000045776367,61.650001525878906,61.31999969482422,61.33000183105469,465845,0.0,0.0
2024-05-30 09:30:00-04:00,61.349998474121094,61.52000045776367,60.20500183105469,60.279998779296875,455340,0.0,0.0
2024-05-30 10:30:00-04:00,60.29999923706055,60.415000915527344,60.11000061035156,60.415000915527344,352312,0.0,0.0
2024-05-30 11:30:00-04:00,60.415000915527344,60.4900016784668,60.310001373291016,60.4098014831543,246542,0.0,0.0
2024-05-30 12:30:00-04:00,60.38999938964844,60.63999938964844,60.34000015258789,60.5161018371582,252183,0.0,0.0
2024-05-30 13:30:00-04:00,60.52000045776367,60.599998474121094,60.40999984741211,60.439998626708984,437253,0.0,0.0
2024-05-30 14:30:00-04:00,60.447601318359375,60.4900016784668,60.150001525878906,60.209999084472656,326247,0.0,0.0
2024-05-30 15:30:00-04:00,60.220001220703125,60.709999084472656,60.15999984741211,60.529998779296875,830307,0.0,0.0
2024-05-31 09:30:00-04:00,60.650001525878906,61.099998474121094,60.54999923706055,60.70000076293945,568687,0.0,0.0
2024-05-31 10:30:00-04:00,60.665000915527344,60.689998626708984,60.310001373291016,60.410099029541016,244179,0.0,0.0
2024-05-31 11:30:00-04:00,60.42499923706055,60.435001373291016,60.20000076293945,60.290000915527344,222483,0.0,0.0
2024-05-31 12:30:00-04:00,60.279998779296875,60.47999954223633,60.2400016784668,60.40919876098633,159304,0.0,0.0
2024-05-31 13:30:00-04:00,60.40999984741211,60.470001220703125,60.29140090942383,60.31999969482422,142333,0.0,0.0
2024-05-31 14:30:00-04:00,60.32500076293945,60.650001525878906,60.279998779296875,60.60319900512695,384656,0.0,0.0
2024-05-31 15:30:00-04:00,60.599998474121094,61.41999816894531,60.59000015258789,61.34000015258789,693724,0.0,0.0
2024-06-03 09:30:00-04:00,61.79999923706055,62.47999954223633,61.72999954223633,61.93000030517578,634258,0.0,0.0
2024-06-03 10:30:00-04:00,61.95000076293945,62.10499954223633,61.66999816894531,61.77750015258789,336741,0.0,0.0
2024-06-03 11:30:00-04:00,61.779998779296875,62.150001525878906,61.72999954223633,61.72999954223633,233314,0.0,0.0
2024-06-03 12:30:00-04:00,61.72999954223633,61.8849983215332,61.63999938964844,61.84000015258789,199593,0.0,0.0
2024-06-03 13:30:00-04:00,61.83000183105469,61.869998931884766,61.68000030517578,61.709999084472656,209143,0.0,0.0
2024-06-03 14:30:00-04:00,61.720001220703125,61.77000045776367,61.564998626708984,61.599998474121094,253347,0.0,0.0
2024-06-03 15:30:00-04:00,61.599998474121094,61.779998779296875,61.470001220703125,61.72999954223633,538388,0.0,0.0
2024-06-04 09:30:00-04:00,61.599998474121094,62.099998474121094,61.31999969482422,61.777099609375,362969,0.0,0.0
2024-06-04 10:30:00-04:00,61.779998779296875,61.90999984741211,61.56999969482422,61.79999923706055,229607,0.0,0.0
2024-06-04 11:30:00-04:00,61.790000915527344,61.83000183105469,61.58000183105469,61.720001220703125,261696,0.0,0.0
2024-06-04 12:30:00-04:00,61.720001220703125,61.90999984741211,61.709999084472656,61.869998931884766,196342,0.0,0.0
2024-06-04 13:30:00-04:00,61.875,61.880001068115234,61.59000015258789,61.8202018737793,206941,0.0,0.0
2024-06-04 14:30:00-04:00,61.810001373291016,61.834999084472656,61.45000076293945,61.558998107910156,215417,0.0,0.0
2024-06-04 15:30:00-04:00,61.55500030517578,61.619998931884766,61.439998626708984,61.54999923706055,335302,0.0,0.0
2024-06-05 09:30:00-04:00,61.79999923706055,62.45000076293945,61.625,62.029998779296875,444589,0.0,0.0
2024-06-05 10:30:00-04:00,62.029998779296875,62.36000061035156,61.974998474121094,62.2400016784668,315379,0.0,0.0
2024-06-05 11:30:00-04:00,62.244998931884766,62.33000183105469,62.13999938964844,62.2400016784668,261794,0.0,0.0
2024-06-05 12:30:00-04:00,62.22999954223633,62.31999969482422,61.935001373291016,62.07500076293945,219131,0.0,0.0
2024-06-05 13:30:00-04:00,62.06999969482422,62.150001525878906,61.970001220703125,62.040000915527344,216057,0.0,0.0
2024-06-05 14:30:00-04:00,62.02000045776367,62.09000015258789,61.79999923706055,61.845001220703125,285637,0.0,0.0
2024-06-05 15:30:00-04:00,61.84000015258789,62.119998931884766,61.83000183105469,62.09000015258789,521978,0.0,0.0
2024-06-06 09:30:00-04:00,62.0,63.2400016784668,61.970001220703125,63.185001373291016,556140,0.0,0.0
2024-06-06 10:30:00-04:00,63.189998626708984,63.20500183105469,62.92499923706055,63.040000915527344,357675,0.0,0.0
2024-06-06 11:30:00-04:00,63.029998779296875,63.09000015258789,62.959999084472656,63.084999084472656,284682,0.0,0.0
2024-06-06 12:30:00-04:00,63.099998474121094,63.67499923706055,63.06999969482422,63.66999816894531,311780,0.0,0.0
2024-06-06 13:30:00-04:00,63.66999816894531,63.779998779296875,63.46580123901367,63.619998931884766,256267,0.0,0.0
2024-06-06 14:30:00-04:00,63.619998931884766,63.709999084472656,63.439998626708984,63.45500183105469,281781,0.0,0.0
2024-06-06 15:30:00-04:00,63.459999084472656,63.525001525878906,62.959999084472656,63.119998931884766,639921,0.0,0.0
2024-06-07 09:30:00-04:00,62.779998779296875,63.3650016784668,62.58000183105469,63.33000183105469,352222,0.0,0.0
2024-06-07 10:30:00-04:00,63.34000015258789,63.435001373291016,63.09000015258789,63.22999954223633,268009,0.0,0.0
2024-06-07 11:30:00-04:00,63.2400016784668,63.43000030517578,63.2400016784668,63.349998474121094,194680,0.0,0.0
2024-06-07 12:30:00-04:00,63.36000061035156,63.36000061035156,63.06999969482422,63.130001068115234,221278,0.0,0.0
2024-06-07 13:30:00-04:00,63.125,63.16999816894531,62.900001525878906,63.02000045776367,222486,0.0,0.0
2024-06-07 14:30:00-04:00,63.02000045776367,63.08000183105469,62.880001068115234,63.05500030517578,327434,0.0,0.0
2024-06-07 15:30:00-04:00,63.04999923706055,63.05500030517578,62.810001373291016,62.84000015258789,531196,0.0,0.0
2024-06-10 09:30:00-04:00,62.41999816894531,62.959999084472656,62.41999816894531,62.83000183105469,1204422,0.0,0.0
2024-06-10 10:30:00-04:00,62.83000183105469,63.04999923706055,62.68000030517578,62.78499984741211,260077,0.0,0.0
2024-06-10 11:30:00-04:00,62.79999923706055,62.970001220703125,62.77000045776367,62.939998626708984,170379,0.0,0.0
2024-06-10 12:30:00-04:00,62.939998626708984,62.95000076293945,62.810001373291016,62.93000030517578,132577,0.0,0.0
2024-06-10 13:30:00-04:00,62.91999816894531,63.31999969482422,62.75,63.11000061035156,444659,0.0,0.0
2024-06-10 14:30:00-04:00,63.11000061035156,63.19990158081055,63.040000915527344,63.111000061035156,286148,0.0,0.0
2024-06-10 15:30:00-04:00,63.119998931884766,63.27000045776367,62.95000076293945,62.959999084472656,475607,0.0,0.0
2024-06-11 09:30:00-04:00,62.9900016784668,63.22999954223633,61.71500015258789,61.72999954223633,525587,0.0,0.0
2024-06-11 10:30:00-04:00,61.720001220703125,62.404998779296875,61.709999084472656,62.38570022583008,230855,0.0,0.0
2024-06-11 11:30:00-04:00,62.400001525878906,62.56700134277344,62.290000915527344,62.45500183105469,164311,0.0,0.0
2024-06-11 12:30:00-04:00,62.4541015625,62.470001220703125,62.27000045776367,62.41999816894531,124268,0.0,0.0
2024-06-11 13:30:00-04:00,62.439998626708984,62.71900177001953,62.439998626708984,62.689998626708984,152308,0.0,0.0
2024-06-11 14:30:00-04:00,62.689998626708984,62.810001373291016,62.68000030517578,62.70000076293945,193017,0.0,0.0
2024-06-11 15:30:00-04:00,62.689998626708984,62.849998474121094,62.54499816894531,62.849998474121094,320105,0.0,0.0
2024-06-12 09:30:00-04:00,63.5,63.50400161743164,62.150001525878906,62.2400016784668,472930,0.0,0.0
2024-06-12 10:30:00-04:00,62.27000045776367,62.369998931884766,61.709999084472656,61.959999084472656,428840,0.0,0.0
2024-06-12 11:30:00-04:00,61.95000076293945,62.08000183105469,61.349998474121094,61.36000061035156,367764,0.0,0.0
2024-06-12 12:30:00-04:00,61.369998931884766,61.40999984741211,60.90010070800781,61.0099983215332,352806,0.0,0.0
2024-06-12 13:30:00-04:00,61.0099983215332,61.029998779296875,60.65999984741211,60.827999114990234,368453,0.0,0.0
2024-06-12 14:30:00-04:00,60.810001373291016,60.83000183105469,60.40999984741211,60.5099983215332,454317,0.0,0.0
2024-06-12 15:30:00-04:00,60.5,60.6349983215332,60.349998474121094,60.529998779296875,627049,0.0,0.0
2024-06-13 09:30:00-04:00,60.2599983215332,60.5,58.96500015258789,59.05030059814453,1046894,0.0,0.0
2024-06-13 10:30:00-04:00,59.060001373291016,59.150001525878906,58.83000183105469,58.998199462890625,537809,0.0,0.0
2024-06-13 11:30:00-04:00,59.0,59.040000915527344,58.369998931884766,58.4900016784668,520977,0.0,0.0
2024-06-13 12:30:00-04:00,58.4900016784668,58.595001220703125,58.33000183105469,58.47999954223633,398283,0.0,0.0
2024-06-13 13:30:00-04:00,58.4900016784668,58.630001068115234,58.400001525878906,58.43000030517578,344705,0.0,0.0
2024-06-13 14:30:00-04:00,58.42660140991211,58.5099983215332,58.18009948730469,58.39250183105469,373532,0.0,0.0
2024-06-13 15:30:00-04:00,58.38999938964844,58.505001068115234,57.93000030517578,57.939998626708984,960364,0.0,0.0
2024-06-14 09:30:00-04:00,57.93000030517578,58.15999984741211,57.41999816894531,57.540000915527344,734309,0.0,0.0
2024-06-14 10:30:00-04:00,57.52000045776367,57.79999923706055,57.41999816894531,57.54999923706055,331775,0.0,0.0
2024-06-14 11:30:00-04:00,57.54499816894531,57.66999816894531,57.33000183105469,57.61000061035156,313634,0.0,0.0
2024-06-14 12:30:00-04:00,57.619998931884766,57.869998931884766,57.529998779296875,57.81999969482422,251016,0.0,0.0
2024-06-14 13:30:00-04:00,57.81999969482422,57.939998626708984,57.720001220703125,57.849998474121094,224839,0.0,0.0
2024-06-14 14:30:00-04:00,57.84880065917969,57.900001525878906,57.720001220703125,57.83489990234375,278836,0.0,0.0
2024-06-14 15:30:00-04:00,57.84000015258789,57.84000015258789,57.599998474121094,57.7599983215332,557459,0.0,0.0
2024-06-17 09:30:00-04:00,57.540000915527344,57.56999969482422,56.84000015258789,57.0989990234375,457222,0.0,0.0
2024-06-17 10:30:00-04:00,57.09000015258789,57.15999984741211,56.619998931884766,56.689998626708984,591593,0.0,0.0
2024-06-17 11:30:00-04:00,56.70000076293945,56.834999084472656,56.45000076293945,56.650001525878906,428478,0.0,0.0
2024-06-17 12:30:00-04:00,56.650001525878906,56.790000915527344,56.45500183105469,56.5099983215332,302607,0.0,0.0
2024-06-17 13:30:00-04:00,56.5,56.720001220703125,56.47999954223633,56.689998626708984,519548,0.0,0.0
2024-06-17 14:30:00-04:00,56.67499923706055,56.90999984741211,56.40999984741211,56.88999938964844,467136,0.0,0.0
2024-06-17 15:30:00-04:00,56.88050079345703,57.18000030517578,56.810001373291016,56.95000076293945,743313,0.0,0.0
2024-06-18 09:30:00-04:00,57.130001068115234,57.310001373291016,56.720001220703125,56.79999923706055,598596,0.0,0.0
2024-06-18 10:30:00-04:00,56.80500030517578,56.849998474121094,56.340301513671875,56.36859893798828,428624,0.0,0.0
2024-06-18 11:30:00-04:00,56.36220169067383,56.59000015258789,56.31999969482422,56.560001373291016,268179,0.0,0.0
2024-06-18 12:30:00-04:00,56.560001373291016,56.58000183105469,56.21160125732422,56.30419921875,290693,0.0,0.0
2024-06-18 13:30:00-04:00,56.310001373291016,56.43000030517578,56.099998474121094,56.310001373291016,247055,0.0,0.0
2024-06-18 14:30:00-04:00,56.31999969482422,56.39500045776367,56.16999816894531,56.189998626708984,296585,0.0,0.0
2024-06-18 15:30:00-04:00,56.19499969482422,56.27000045776367,56.09000015258789,56.209999084472656,534365,0.0,0.0
2024-06-20 09:30:00-04:00,56.099998474121094,56.79999923706055,55.630001068115234,56.790000915527344,679360,0.0,0.0
2024-06-20 10:30:00-04:00,56.790000915527344,56.84000015258789,56.400001525878906,56.75,336132,0.0,0.0
2024-06-20 11:30:00-04:00,56.7599983215332,57.27000045776367,56.720001220703125,57.18000030517578,294266,0.0,0.0
2024-06-20 12:30:00-04:00,57.16999816894531,57.43000030517578,57.06999969482422,57.3849983215332,301334,0.0,0.0
2024-06-20 13:30:00-04:00,57.38999938964844,57.880001068115234,57.33000183105469,57.810001373291016,505217,0.0,0.0
2024-06-20 14:30:00-04:00,57.810001373291016,58.135101318359375,57.79999923706055,58.10499954223633,427543,0.0,0.0
2024-06-20 15:30:00-04:00,58.109901428222656,58.367000579833984,57.9900016784668,58.34000015258789,951702,0.0,0.0
2024-06-21 09:30:00-04:00,58.029998779296875,58.4900016784668,57.77000045776367,58.435001373291016,501000,0.0,0.0
2024-06-21 10:30:00-04:00,58.439998626708984,58.47999954223633,58.09000015258789,58.09000015258789,304217,0.0,0.0
2024-06-21 11:30:00-04:00,58.08000183105469,58.439998626708984,58.060001373291016,58.38999938964844,260917,0.0,0.0
2024-06-21 12:30:00-04:00,58.395198822021484,58.41999816894531,58.2400016784668,58.33000183105469,303601,0.0,0.0
2024-06-21 13:30:00-04:00,58.334999084472656,58.400001525878906,58.18000030517578,58.34000015258789,358434,0.0,0.0
2024-06-21 14:30:00-04:00,58.29999923706055,58.38999938964844,58.119998931884766,58.15999984741211,258552,0.0,0.0
2024-06-21 15:30:00-04:00,58.150001525878906,59.189998626708984,58.13999938964844,58.88999938964844,1744721,0.0,0.0
2024-06-24 09:30:00-04:00,58.61000061035156,58.900001525878906,58.06039810180664,58.209999084472656,672522,0.0,0.0
2024-06-24 10:30:00-04:00,58.20000076293945,58.5,58.099998474121094,58.13999938964844,407690,0.0,0.0
2024-06-24 11:30:00-04:00,58.13999938964844,58.189998626708984,57.7599983215332,57.899898529052734,493693,0.0,0.0
2024-06-24 12:30:00-04:00,57.88999938964844,57.900001525878906,57.45000076293945,57.630001068115234,324874,0.0,0.0
2024-06-24 13:30:00-04:00,57.619998931884766,57.790000915527344,57.5,57.790000915527344,259587,0.0,0.0
2024-06-24 14:30:00-04:00,57.79499816894531,58.06999969482422,57.790000915527344,58.04499816894531,310786,0.0,0.0
2024-06-24 15:30:00-04:00,58.04499816894531,58.04499816894531,57.77000045776367,57.83000183105469,541046,0.0,0.0
2024-06-25 09:30:00-04:00,57.709999084472656,58.29999923706055,57.38999938964844,58.18000030517578,362798,0.0,0.0
2024-06-25 10:30:00-04:00,58.16999816894531,58.220001220703125,57.810001373291016,57.869998931884766,252903,0.0,0.0
2024-06-25 11:30:00-04:00,57.900001525878906,57.900001525878906,57.52000045776367,57.619998931884766,171468,0.0,0.0
2024-06-25 12:30:00-04:00,57.61000061035156,57.650001525878906,57.499000549316406,57.56999969482422,130469,0.0,0.0
2024-06-25 13:30:00-04:00,57.56999969482422,57.88999938964844,57.56999969482422,57.869998931884766,223619,0.0,0.0
2024-06-25 14:30:00-04:00,57.869998931884766,57.970001220703125,57.790000915527344,57.91999816894531,253942,0.0,0.0
2024-06-25 15:30:00-04:00,57.91999816894531,58.0,57.790000915527344,57.79999923706055,480093,0.0,0.0
2024-06-26 09:30:00-04:00,57.790000915527344,57.95000076293945,57.459999084472656,57.67499923706055,326761,0.0,0.0
2024-06-26 10:30:00-04:00,57.68000030517578,57.869998931884766,57.619998931884766,57.77000045776367,223973,0.0,0.0
2024-06-26 11:30:00-04:00,57.77000045776367,57.77000045776367,57.600101470947266,57.625,233681,0.0,0.0
2024-06-26 12:30:00-04:00,57.599998474121094,57.619998931884766,57.375,57.459999084472656,250640,0.0,0.0
2024-06-26 13:30:00-04:00,57.46500015258789,57.64970016479492,57.279998779296875,57.63999938964844,214103,0.0,0.0
2024-06-26 14:30:00-04:00,57.650001525878906,57.73500061035156,57.470001220703125,57.48500061035156,246831,0.0,0.0
2024-06-26 15:30:00-04:00,57.48500061035156,57.70000076293945,57.36000061035156,57.52000045776367,628061,0.0,0.0
2024-06-27 09:30:00-04:00,57.435001373291016,57.71500015258789,56.95000076293945,57.63999938964844,595045,0.0,0.0
2024-06-27 10:30:00-04:00,57.630001068115234,57.970001220703125,57.52000045776367,57.94499969482422,479169,0.0,0.0
2024-06-27 11:30:00-04:00,57.939998626708984,58.36000061035156,57.849998474121094,58.1150016784668,281471,0.0,0.0
2024-06-27 12:30:00-04:00,58.099998474121094,58.13999938964844,58.0,58.029998779296875,223301,0.0,0.0
2024-06-27 13:30:00-04:00,58.029998779296875,58.029998779296875,57.880001068115234,58.0,195500,0.0,0.0
2024-06-27 14:30:00-04:00,57.994998931884766,58.13999938964844,57.935001373291016,58.130001068115234,419410,0.0,0.0
2024-06-27 15:30:00-04:00,58.13520050048828,58.505001068115234,58.130001068115234,58.45000076293945,675773,0.0,0.0
2024-06-28 09:30:00-04:00,58.66999816894531,59.65999984741211,58.54999923706055,58.88999938964844,429679,0.0,0.0
2024-06-28 10:30:00-04:00,58.88999938964844,59.0099983215332,58.61000061035156,59.0,366574,0.0,0.0
2024-06-28 11:30:00-04:00,59.002498626708984,59.2599983215332,58.970001220703125,59.22999954223633,237528,0.0,0.0
2024-06-28 12:30:00-04:00,59.2400016784668,59.279998779296875,58.970001220703125,59.060001373291016,177288,0.0,0.0
2024-06-28 13:30:00-04:00,59.09000015258789,59.130001068115234,58.983699798583984,59.040000915527344,195844,0.0,0.0
2024-06-28 14:30:00-04:00,59.02000045776367,59.13999938964844,58.97880172729492,59.13999938964844,242479,0.0,0.0
2024-06-28 15:30:00-04:00,59.13999938964844,59.255001068115234,59.0,59.189998626708984,507458,0.0,0.0
2024-07-01 09:30:00-04:00,59.099998474121094,59.40620040893555,58.830501556396484,59.20000076293945,355519,0.0,0.0
2024-07-01 10:30:00-04:00,59.18000030517578,59.20000076293945,58.849998474121094,59.13779830932617,202611,0.0,0.0
2024-07-01 11:30:00-04:00,59.150001525878906,59.39500045776367,59.150001525878906,59.29999923706055,198413,0.0,0.0
2024-07-01 12:30:00-04:00,59.310001373291016,59.310001373291016,59.130001068115234,59.275001525878906,135421,0.0,0.0
2024-07-01 13:30:00-04:00,59.275001525878906,59.38999938964844,59.209999084472656,59.31079864501953,158155,0.0,0.0
2024-07-01 14:30:00-04:00,59.31999969482422,59.37969970703125,59.0099983215332,59.10499954223633,297748,0.0,0.0
2024-07-01 15:30:00-04:00,59.10499954223633,59.34000015258789,59.08100128173828,59.209999084472656,287538,0.0,0.0
2024-07-02 09:30:00-04:00,59.34000015258789,59.859901428222656,58.5099983215332,58.54999923706055,375552,0.0,0.0
2024-07-02 10:30:00-04:00,58.56999969482422,58.650001525878906,58.369998931884766,58.630001068115234,209069,0.0,0.0
2024-07-02 11:30:00-04:00,58.64500045776367,58.682498931884766,58.334999084472656,58.34000015258789,151842,0.0,0.0
2024-07-02 12:30:00-04:00,58.34000015258789,58.45000076293945,58.31999969482422,58.3849983215332,142974,0.0,0.0
2024-07-02 13:30:00-04:00,58.380001068115234,58.70000076293945,58.380001068115234,58.619998931884766,128488,0.0,0.0
2024-07-02 14:30:00-04:00,58.630001068115234,58.633201599121094,58.470001220703125,58.505001068115234,215290,0.0,0.0
2024-07-02 15:30:00-04:00,58.5099983215332,58.560001373291016,58.290000915527344,58.34000015258789,413742,0.0,0.0
2024-07-03 09:30:00-04:00,58.27000045776367,58.77989959716797,58.16999816894531,58.56999969482422,337042,0.0,0.0
2024-07-03 10:30:00-04:00,58.58000183105469,58.599998474121094,58.25,58.25,259513,0.0,0.0
2024-07-03 11:30:00-04:00,58.2599983215332,58.439998626708984,58.189998626708984,58.40999984741211,260997,0.0,0.0
2024-07-05 09:30:00-04:00,58.5099983215332,58.88999938964844,58.28499984741211,58.75,349125,0.0,0.0
2024-07-05 10:30:00-04:00,58.75,58.90999984741211,58.61000061035156,58.86000061035156,244224,0.0,0.0
2024-07-05 11:30:00-04:00,58.849998474121094,58.869998931884766,58.584999084472656,58.584999084472656,172178,0.0,0.0
2024-07-05 12:30:00-04:00,58.5703010559082,58.61000061035156,58.31999969482422,58.31999969482422,197064,0.0,0.0
2024-07-05 13:30:00-04:00,58.33000183105469,58.41999816894531,58.27000045776367,58.319801330566406,147130,0.0,0.0
2024-07-05 14:30:00-04:00,58.29999923706055,58.43000030517578,58.220001220703125,58.43000030517578,179077,0.0,0.0
2024-07-05 15:30:00-04:00,58.43000030517578,58.540000915527344,58.2400016784668,58.2400016784668,368308,0.0,0.0
2024-07-08 09:30:00-04:00,58.22999954223633,58.31999969482422,57.68000030517578,57.709999084472656,668371,0.0,0.0
2024-07-08 10:30:00-04:00,57.709999084472656,57.720001220703125,57.334999084472656,57.43000030517578,281305,0.0,0.0
2024-07-08 11:30:00-04:00,57.41999816894531,57.505001068115234,57.22999954223633,57.46630096435547,251453,0.0,0.0
2024-07-08 12:30:00-04:00,57.474998474121094,57.68000030517578,57.459999084472656,57.540000915527344,200508,0.0,0.0
2024-07-08 13:30:00-04:00,57.53499984741211,57.630001068115234,57.36000061035156,57.375,211838,0.0,0.0
2024-07-08 14:30:00-04:00,57.369998931884766,57.599998474121094,57.290000915527344,57.54499816894531,298535,0.0,0.0
2024-07-08 15:30:00-04:00,57.54499816894531,57.59000015258789,57.36000061035156,57.400001525878906,512949,0.0,0.0
2024-07-09 09:30:00-04:00,57.15999984741211,57.68000030517578,56.77000045776367,57.25,887776,0.0,0.0
2024-07-09 10:30:00-04:00,57.220001220703125,57.239498138427734,56.91999816894531,56.959999084472656,265871,0.0,0.0
2024-07-09 11:30:00-04:00,56.9900016784668,57.209999084472656,56.9900016784668,57.099998474121094,229486,0.0,0.0
2024-07-09 12:30:00-04:00,57.11000061035156,57.27000045776367,57.040000915527344,57.209999084472656,235046,0.0,0.0
2024-07-09 13:30:00-04:00,57.15999984741211,57.18000030517578,56.939998626708984,56.983699798583984,260893,0.0,0.0
2024-07-09 14:30:00-04:00,57.0099983215332,57.119998931884766,56.7400016784668,56.96500015258789,735807,0.0,0.0
2024-07-09 15:30:00-04:00,56.970001220703125,56.97999954223633,56.814998626708984,56.869998931884766,648262,0.0,0.0
2024-07-10 09:30:00-04:00,56.810001373291016,57.04999923706055,56.400001525878906,56.54999923706055,719529,0.0,0.0
2024-07-10 10:30:00-04:00,56.529998779296875,56.58000183105469,56.25,56.3650016784668,238884,0.0,0.0
2024-07-10 11:30:00-04:00,56.380001068115234,56.380001068115234,55.880001068115234,55.970001220703125,431968,0.0,0.0
2024-07-10 12:30:00-04:00,55.974998474121094,56.04499816894531,55.8849983215332,56.03499984741211,306494,0.0,0.0
2024-07-10 13:30:00-04:00,56.03499984741211,56.09000015258789,55.78030014038086,55.82500076293945,475691,0.0,0.0
2024-07-10 14:30:00-04:00,55.83000183105469,56.13999938964844,55.83000183105469,55.91999816894531,583050,0.0,0.0
2024-07-10 15:30:00-04:00,55.92499923706055,56.13999938964844,55.91999816894531,55.97999954223633,749308,0.0,0.0
2024-07-11 09:30:00-04:00,56.060001373291016,57.3849983215332,56.060001373291016,56.939998626708984,992164,0.0,0.0
2024-07-11 10:30:00-04:00,56.93000030517578,57.060001373291016,56.670501708984375,56.670501708984375,273261,0.0,0.0
2024-07-11 11:30:00-04:00,56.66999816894531,56.72999954223633,56.310001373291016,56.529998779296875,316905,0.0,0.0
2024-07-11 12:30:00-04:00,56.560001373291016,56.84000015258789,56.54999923706055,56.73640060424805,219227,0.0,0.0
2024-07-11 13:30:00-04:00,56.7400016784668,56.7599983215332,56.459999084472656,56.4900016784668,219936,0.0,0.0
2024-07-11 14:30:00-04:00,56.4900016784668,56.69499969482422,56.459999084472656,56.60850143432617,335104,0.0,0.0
2024-07-11 15:30:00-04:00,56.60210037231445,56.720001220703125,56.560001373291016,56.58000183105469,511934,0.0,0.0
2024-07-12 09:30:00-04:00,56.56999969482422,57.20500183105469,56.47999954223633,57.16999816894531,518762,0.0,0.0
2024-07-12 10:30:00-04:00,57.18000030517578,57.290000915527344,56.970001220703125,57.290000915527344,392911,0.0,0.0
2024-07-12 11:30:00-04:00,57.279998779296875,57.349998474121094,57.130001068115234,57.22999954223633,272824,0.0,0.0
2024-07-12 12:30:00-04:00,57.2400016784668,57.369998931884766,57.040000915527344,57.33000183105469,382782,0.0,0.0
2024-07-12 13:30:00-04:00,57.31999969482422,57.439998626708984,57.220001220703125,57.22999954223633,390133,0.0,0.0
2024-07-12 14:30:00-04:00,57.22999954223633,57.59000015258789,57.11000061035156,57.54999923706055,437569,0.0,0.0
2024-07-12 15:30:00-04:00,57.54999923706055,57.72999954223633,57.4906005859375,57.57500076293945,725408,0.0,0.0
2024-07-15 09:30:00-04:00,57.63999938964844,58.560001373291016,57.470001220703125,58.380001068115234,510374,0.0,0.0
2024-07-15 10:30:00-04:00,58.400001525878906,58.75,58.084999084472656,58.75,309283,0.0,0.0
2024-07-15 11:30:00-04:00,58.7400016784668,59.029998779296875,58.56999969482422,58.6150016784668,330680,0.0,0.0
2024-07-15 12:30:00-04:00,58.61669921875,58.83000183105469,58.5099983215332,58.5099983215332,226812,0.0,0.0
2024-07-15 13:30:00-04:00,58.470001220703125,58.55500030517578,58.279998779296875,58.540000915527344,207023,0.0,0.0
2024-07-15 14:30:00-04:00,58.540000915527344,58.560001373291016,58.459999084472656,58.46900177001953,217092,0.0,0.0
2024-07-15 15:30:00-04:00,58.46799850463867,58.53900146484375,58.2599983215332,58.31999969482422,398600,0.0,0.0
2024-07-16 09:30:00-04:00,58.25,58.86000061035156,58.1150016784668,58.36000061035156,404264,0.0,0.0
2024-07-16 10:30:00-04:00,58.34000015258789,58.65999984741211,58.34000015258789,58.61000061035156,260698,0.0,0.0
2024-07-16 11:30:00-04:00,58.599998474121094,58.599998474121094,58.29999923706055,58.459999084472656,152054,0.0,0.0
2024-07-16 12:30:00-04:00,58.45000076293945,58.630001068115234,58.40999984741211,58.529998779296875,193610,0.0,0.0
2024-07-16 13:30:00-04:00,58.52000045776367,58.810001373291016,58.51499938964844,58.790000915527344,258480,0.0,0.0
2024-07-16 14:30:00-04:00,58.779998779296875,59.09000015258789,58.72999954223633,58.994998931884766,324209,0.0,0.0
2024-07-16 15:30:00-04:00,58.9900016784668,59.189998626708984,58.94499969482422,59.154998779296875,533539,0.0,0.0
2024-07-17 09:30:00-04:00,58.88999938964844,59.28990173339844,58.77000045776367,59.15999984741211,321078,0.0,0.0
2024-07-17 10:30:00-04:00,59.150001525878906,59.34000015258789,58.790000915527344,58.80500030517578,247069,0.0,0.0
2024-07-17 11:30:00-04:00,58.790000915527344,58.85499954223633,58.65010070800781,58.720001220703125,173528,0.0,0.0
2024-07-17 12:30:00-04:00,58.712100982666016,58.849998474121094,58.630001068115234,58.79999923706055,145163,0.0,0.0
2024-07-17 13:30:00-04:00,58.79999923706055,59.0099983215332,58.755001068115234,58.96500015258789,304828,0.0,0.0
2024-07-17 14:30:00-04:00,58.970001220703125,59.380001068115234,58.880001068115234,59.29999923706055,341515,0.0,0.0
2024-07-17 15:30:00-04:00,59.33000183105469,59.380001068115234,59.08000183105469,59.09000015258789,518096,0.0,0.0
2024-07-18 09:30:00-04:00,59.0,59.59000015258789,58.790000915527344,59.34000015258789,268026,0.0,0.0
2024-07-18 10:30:00-04:00,59.34000015258789,59.72949981689453,59.040000915527344,59.459999084472656,361229,0.0,0.0
2024-07-18 11:30:00-04:00,59.46500015258789,59.494998931884766,59.130001068115234,59.29999923706055,218562,0.0,0.0
2024-07-18 12:30:00-04:00,59.309898376464844,59.417999267578125,59.26499938964844,59.334999084472656,148846,0.0,0.0
2024-07-18 13:30:00-04:00,59.334999084472656,59.5099983215332,59.27000045776367,59.439998626708984,227339,0.0,0.0
2024-07-18 14:30:00-04:00,59.439998626708984,59.45000076293945,59.06999969482422,59.13999938964844,326019,0.0,0.0
2024-07-18 15:30:00-04:00,59.130001068115234,59.369998931884766,59.06999969482422,59.13999938964844,474204,0.0,0.0
2024-07-19 09:30:00-04:00,58.83000183105469,59.09000015258789,58.47999954223633,58.91999816894531,279473,0.0,0.0
2024-07-19 10:30:00-04:00,58.92499923706055,58.9900016784668,58.54999923706055,58.55500030517578,221790,0.0,0.0
2024-07-19 11:30:00-04:00,58.540000915527344,58.84000015258789,58.27000045776367,58.59000015258789,220544,0.0,0.0
2024-07-19 12:30:00-04:00,58.595001220703125,58.619998931884766,58.290000915527344,58.41999816894531,197422,0.0,0.0
2024-07-19 13:30:00-04:00,58.41019821166992,58.72999954223633,58.3849983215332,58.69499969482422,167581,0.0,0.0
2024-07-19 14:30:00-04:00,58.689998626708984,58.900001525878906,58.43000030517578,58.849998474121094,218011,0.0,0.0
2024-07-19 15:30:00-04:00,58.849998474121094,58.95000076293945,58.7599983215332,58.869998931884766,314287,0.0,0.0
2024-07-22 09:30:00-04:00,59.130001068115234,59.25,58.150001525878906,58.369998931884766,321437,0.0,0.0
2024-07-22 10:30:00-04:00,58.369998931884766,59.02000045776367,58.290000915527344,58.63100051879883,227172,0.0,0.0
2024-07-22 11:30:00-04:00,58.650001525878906,58.69499969482422,58.43000030517578,58.529998779296875,159757,0.0,0.0
2024-07-22 12:30:00-04:00,58.529998779296875,58.595001220703125,58.369998931884766,58.42499923706055,171479,0.0,0.0
2024-07-22 13:30:00-04:00,58.42470169067383,58.630001068115234,58.2599983215332,58.59000015258789,255346,0.0,0.0
2024-07-22 14:30:00-04:00,58.587501525878906,58.7400016784668,58.51499938964844,58.630001068115234,266756,0.0,0.0
2024-07-22 15:30:00-04:00,58.63999938964844,58.75,58.529998779296875,58.650001525878906,299954,0.0,0.0
2024-07-23 09:30:00-04:00,58.470001220703125,59.55009841918945,58.470001220703125,59.2599983215332,287842,0.0,0.0
2024-07-23 10:30:00-04:00,59.2400016784668,59.810001373291016,59.18000030517578,59.7400016784668,243707,0.0,0.0
2024-07-23 11:30:00-04:00,59.72999954223633,59.84000015258789,59.48099899291992,59.59880065917969,313266,0.0,0.0
2024-07-23 12:30:00-04:00,59.595001220703125,59.845001220703125,59.560001373291016,59.81999969482422,165383,0.0,0.0
2024-07-23 13:30:00-04:00,59.810001373291016,59.91999816894531,59.70000076293945,59.744998931884766,275148,0.0,0.0
2024-07-23 14:30:00-04:00,59.72999954223633,59.869998931884766,59.630001068115234,59.685001373291016,201022,0.0,0.0
2024-07-23 15:30:00-04:00,59.68000030517578,59.68000030517578,59.31999969482422,59.43000030517578,410836,0.0,0.0
2024-07-24 09:30:00-04:00,59.22999954223633,59.650001525878906,59.04999923706055,59.275001525878906,456226,0.0,0.0
2024-07-24 10:30:00-04:00,59.275001525878906,59.275001525878906,58.560001373291016,58.66999816894531,254997,0.0,0.0
2024-07-24 11:30:00-04:00,58.66999816894531,58.80500030517578,58.48500061035156,58.54499816894531,177611,0.0,0.0
2024-07-24 12:30:00-04:00,58.54999923706055,58.59000015258789,58.2599983215332,58.459999084472656,181525,0.0,0.0
2024-07-24 13:30:00-04:00,58.45500183105469,58.560001373291016,58.270198822021484,58.31999969482422,200007,0.0,0.0
2024-07-24 14:30:00-04:00,58.31999969482422,58.32699966430664,58.0,58.119998931884766,284029,0.0,0.0
2024-07-24 15:30:00-04:00,58.13999938964844,58.40999984741211,58.119998931884766,58.165000915527344,587060,0.0,0.0
2024-07-25 09:30:00-04:00,58.290000915527344,58.88999938964844,57.98500061035156,58.75,321428,0.0,0.0
2024-07-25 10:30:00-04:00,58.75,59.005001068115234,58.564998626708984,58.909000396728516,342286,0.0,0.0
2024-07-25 11:30:00-04:00,58.904998779296875,60.084999084472656,58.880001068115234,60.06999969482422,477261,0.0,0.0
2024-07-25 12:30:00-04:00,60.08000183105469,60.45000076293945,59.97999954223633,60.04499816894531,360125,0.0,0.0
2024-07-25 13:30:00-04:00,60.05009841918945,60.459999084472656,60.02000045776367,60.279998779296875,326230,0.0,0.0
2024-07-25 14:30:00-04:00,60.290000915527344,60.47999954223633,60.06999969482422,60.43560028076172,339964,0.0,0.0
2024-07-25 15:30:00-04:00,60.439998626708984,60.45000076293945,59.5,59.63999938964844,644957,0.0,0.0
2024-07-26 09:30:00-04:00,59.91999816894531,60.64780044555664,59.70000076293945,60.130001068115234,424467,0.0,0.0
2024-07-26 10:30:00-04:00,60.150001525878906,60.150001525878906,59.59000015258789,59.880001068115234,188617,0.0,0.0
2024-07-26 11:30:00-04:00,59.869998931884766,60.45000076293945,59.790000915527344,60.29499816894531,204573,0.0,0.0
2024-07-26 12:30:00-04:00,60.310001373291016,60.38999938964844,60.130001068115234,60.27000045776367,163773,0.0,0.0
2024-07-26 13:30:00-04:00,60.2599983215332,60.2599983215332,60.029998779296875,60.11000061035156,138011,0.0,0.0
2024-07-26 14:30:00-04:00,60.11040115356445,60.170501708984375,59.95399856567383,60.099998474121094,185474,0.0,0.0
2024-07-26 15:30:00-04:00,60.099998474121094,60.16999816894531,59.970001220703125,60.08000183105469,390792,0.0,0.0
2024-07-29 09:30:00-04:00,60.40999984741211,60.619998931884766,60.099998474121094,60.11000061035156,339573,0.0,0.0
2024-07-29 10:30:00-04:00,60.119998931884766,60.2400016784668,59.959999084472656,60.19929885864258,168380,0.0,0.0
2024-07-29 11:30:00-04:00,60.189998626708984,60.47999954223633,60.040000915527344,60.43000030517578,128538,0.0,0.0
2024-07-29 12:30:00-04:00,60.439998626708984,60.45000076293945,60.130001068115234,60.130001068115234,99991,0.0,0.0
2024-07-29 13:30:00-04:00,60.099998474121094,60.310001373291016,60.08000183105469,60.2599983215332,125896,0.0,0.0
2024-07-29 14:30:00-04:00,60.2599983215332,60.404998779296875,60.2400016784668,60.400001525878906,149106,0.0,0.0
2024-07-29 15:30:00-04:00,60.400001525878906,60.599998474121094,60.29999923706055,60.310001373291016,442517,0.0,0.0
2024-07-30 09:30:00-04:00,60.209999084472656,60.61000061035156,60.0,60.439998626708984,230396,0.0,0.0
2024-07-30 10:30:00-04:00,60.415000915527344,60.48500061035156,60.11000061035156,60.310001373291016,166396,0.0,0.0
2024-07-30 11:30:00-04:00,60.28499984741211,60.29999923706055,59.92499923706055,60.125,140979,0.0,0.0
2024-07-30 12:30:00-04:00,60.125,60.29800033569336,59.91999816894531,60.150001525878906,123105,0.0,0.0
2024-07-30 13:30:00-04:00,60.150001525878906,60.43000030517578,60.04999923706055,60.40999984741211,149180,0.0,0.0
2024-07-30 14:30:00-04:00,60.40999984741211,60.84000015258789,60.369998931884766,60.810001373291016,252595,0.0,0.0
2024-07-30 15:30:00-04:00,60.810001373291016,61.2599983215332,60.790000915527344,61.04999923706055,519777,0.0,0.0
2024-07-31 09:30:00-04:00,61.462799072265625,62.21950149536133,61.3650016784668,61.9900016784668,573311,0.0,0.0
2024-07-31 10:30:00-04:00,61.97999954223633,62.02000045776367,61.15999984741211,61.31999969482422,466713,0.0,0.0
2024-07-31 11:30:00-04:00,61.33000183105469,61.470001220703125,61.13999938964844,61.28499984741211,346988,0.0,0.0
2024-07-31 12:30:00-04:00,61.33000183105469,61.470001220703125,61.290000915527344,61.30009841918945,202528,0.0,0.0
2024-07-31 13:30:00-04:00,61.33000183105469,61.33000183105469,60.70009994506836,60.70009994506836,288567,0.0,0.0
2024-07-31 14:30:00-04:00,60.70000076293945,60.93000030517578,60.404998779296875,60.4900016784668,646607,0.0,0.0
2024-07-31 15:30:00-04:00,60.459999084472656,60.625,60.290000915527344,60.400001525878906,358916,0.0,0.0
2024-08-01 09:30:00-04:00,60.400001525878906,60.790000915527344,60.029998779296875,60.38999938964844,326957,0.0,0.0
2024-08-01 10:30:00-04:00,60.38999938964844,60.47999954223633,59.70000076293945,59.75,312768,0.0,0.0
2024-08-01 11:30:00-04:00,59.72999954223633,59.810001373291016,59.345001220703125,59.38999938964844,297223,0.0,0.0
2024-08-01 12:30:00-04:00,59.38999938964844,59.529998779296875,59.084999084472656,59.25,204202,0.0,0.0
2024-08-01 13:30:00-04:00,59.22999954223633,59.45000076293945,59.09000015258789,59.224998474121094,230523,0.0,0.0
2024-08-01 14:30:00-04:00,59.209999084472656,59.209999084472656,58.88999938964844,59.0,302698,0.0,0.0
2024-08-01 15:30:00-04:00,59.0,59.119998931884766,58.84000015258789,58.959999084472656,451153,0.0,0.0
2024-08-02 09:30:00-04:00,58.09000015258789,58.54999923706055,57.33000183105469,57.814998626708984,469301,0.0,0.0
2024-08-02 10:30:00-04:00,57.83000183105469,58.08000183105469,57.31999969482422,57.470001220703125,312489,0.0,0.0
2024-08-02 11:30:00-04:00,57.47999954223633,58.2599983215332,57.47999954223633,58.040000915527344,330841,0.0,0.0
2024-08-02 12:30:00-04:00,57.980098724365234,58.45000076293945,57.959999084472656,58.375,172087,0.0,0.0
2024-08-02 13:30:00-04:00,58.36000061035156,58.540000915527344,58.20000076293945,58.52000045776367,180205,0.0,0.0
2024-08-02 14:30:00-04:00,58.525001525878906,58.845001220703125,58.41999816894531,58.84000015258789,225838,0.0,0.0
2024-08-02 15:30:00-04:00,58.84000015258789,58.869998931884766,58.40999984741211,58.47999954223633,457778,0.0,0.0
2024-08-05 09:30:00-04:00,56.25,56.869998931884766,55.72999954223633,55.72999954223633,761397,0.0,0.0
2024-08-05 10:30:00-04:00,55.7599983215332,56.79999923706055,55.7599983215332,56.65019989013672,321686,0.0,0.0
2024-08-05 11:30:00-04:00,56.63999938964844,56.81999969482422,56.43000030517578,56.59000015258789,315547,0.0,0.0
2024-08-05 12:30:00-04:00,56.540000915527344,56.540000915527344,56.18000030517578,56.349998474121094,171032,0.0,0.0
2024-08-05 13:30:00-04:00,56.310001373291016,56.67499923706055,56.20000076293945,56.33000183105469,273488,0.0,0.0
2024-08-05 14:30:00-04:00,56.29499816894531,56.336700439453125,55.720001220703125,55.880001068115234,538661,0.0,0.0
2024-08-05 15:30:00-04:00,55.880001068115234,55.88999938964844,55.599998474121094,55.619998931884766,680734,0.0,0.0
2024-08-06 09:30:00-04:00,55.95000076293945,56.29999923706055,55.689998626708984,55.95500183105469,559405,0.0,0.0
2024-08-06 10:30:00-04:00,55.95500183105469,56.25,55.70000076293945,55.709999084472656,281846,0.0,0.0
2024-08-06 11:30:00-04:00,55.72999954223633,56.060001373291016,55.61000061035156,55.97999954223633,280886,0.0,0.0
2024-08-06 12:30:00-04:00,55.97999954223633,56.400001525878906,55.88999938964844,56.369998931884766,358956,0.0,0.0
2024-08-06 13:30:00-04:00,56.369998931884766,56.68000030517578,56.31999969482422,56.45000076293945,431612,0.0,0.0
2024-08-06 14:30:00-04:00,56.459999084472656,56.650001525878906,56.08539962768555,56.13999938964844,414885,0.0,0.0
2024-08-06 15:30:00-04:00,56.13999938964844,56.154998779296875,55.77000045776367,55.83000183105469,596280,0.0,0.0
2024-08-07 09:30:00-04:00,56.4900016784668,57.43000030517578,56.279998779296875,56.90999984741211,871455,0.0,0.0
2024-08-07 10:30:00-04:00,56.88999938964844,57.22999954223633,56.77009963989258,56.97010040283203,251996,0.0,0.0
2024-08-07 11:30:00-04:00,56.97999954223633,57.18000030517578,56.720001220703125,56.810001373291016,187248,0.0,0.0
2024-08-07 12:30:00-04:00,56.779998779296875,56.790000915527344,56.26499938964844,56.349998474121094,133624,0.0,0.0
2024-08-07 13:30:00-04:00,56.349998474121094,56.599998474121094,56.14500045776367,56.38999938964844,294587,0.0,0.0
2024-08-07 14:30:00-04:00,56.36000061035156,56.369998931884766,55.97999954223633,56.0099983215332,270227,0.0,0.0
2024-08-07 15:30:00-04:00,55.9900016784668,56.04999923706055,55.619998931884766,55.709999084472656,448940,0.0,0.0
2024-08-08 09:30:00-04:00,56.36000061035156,56.56999969482422,56.0,56.13999938964844,557696,0.0,0.0
2024-08-08 10:30:00-04:00,56.15999984741211,56.41999816894531,56.06999969482422,56.36000061035156,211522,0.0,0.0
2024-08-08 11:30:00-04:00,56.34000015258789,56.48500061035156,56.27000045776367,56.370201110839844,159995,0.0,0.0
2024-08-08 12:30:00-04:00,56.380001068115234,56.5,56.20000076293945,56.470001220703125,163005,0.0,0.0
2024-08-08 13:30:00-04:00,56.439998626708984,56.529998779296875,56.2400016784668,56.29999923706055,163525,0.0,0.0
2024-08-08 14:30:00-04:00,56.31999969482422,56.489898681640625,56.275001525878906,56.29999923706055,183784,0.0,0.0
2024-08-08 15:30:00-04:00,56.27000045776367,56.37900161743164,56.154998779296875,56.22999954223633,473199,0.0,0.0
2024-08-09 09:30:00-04:00,56.16999816894531,56.529998779296875,56.0099983215332,56.040000915527344,250388,0.0,0.0
2024-08-09 10:30:00-04:00,56.060001373291016,56.060001373291016,55.77000045776367,55.79999923706055,257982,0.0,0.0
2024-08-09 11:30:00-04:00,55.790000915527344,55.880001068115234,55.54999923706055,55.87049865722656,197039,0.0,0.0
2024-08-09 12:30:00-04:00,55.88999938964844,56.18000030517578,55.849998474121094,56.18000030517578,124417,0.0,0.0
2024-08-09 13:30:00-04:00,56.18000030517578,56.209999084472656,56.06999969482422,56.119998931884766,115987,0.0,0.0
2024-08-09 14:30:00-04:00,56.099998474121094,56.198001861572266,56.02000045776367,56.165000915527344,138224,0.0,0.0
2024-08-09 15:30:00-04:00,56.16999816894531,56.39899826049805,56.16999816894531,56.380001068115234,398185,0.0,0.0
2024-08-12 09:30:00-04:00,56.38999938964844,56.5,55.31999969482422,55.41999816894531,313327,0.0,0.0
2024-08-12 10:30:00-04:00,55.415000915527344,55.560001373291016,55.060001373291016,55.18000030517578,450216,0.0,0.0
2024-08-12 11:30:00-04:00,55.17499923706055,55.439998626708984,55.119998931884766,55.40999984741211,212176,0.0,0.0
2024-08-12 12:30:00-04:00,55.400001525878906,55.46989822387695,55.16999816894531,55.38999938964844,186755,0.0,0.0
2024-08-12 13:30:00-04:00,55.38999938964844,55.43000030517578,55.27000045776367,55.290000915527344,278432,0.0,0.0
2024-08-12 14:30:00-04:00,55.290000915527344,55.369998931884766,55.2599983215332,55.314998626708984,193513,0.0,0.0
2024-08-12 15:30:00-04:00,55.314998626708984,55.349998474121094,55.20000076293945,55.349998474121094,442843,0.0,0.0
2024-08-13 09:30:00-04:00,55.4900016784668,56.099998474121094,55.279998779296875,55.88999938964844,322613,0.0,0.0
2024-08-13 10:30:00-04:00,55.869998931884766,56.439998626708984,55.81999969482422,56.400001525878906,239124,0.0,0.0
2024-08-13 11:30:00-04:00,56.40999984741211,56.4900016784668,56.27000045776367,56.44499969482422,189851,0.0,0.0
2024-08-13 12:30:00-04:00,56.43000030517578,56.43000030517578,56.13999938964844,56.20000076293945,185933,0.0,0.0
2024-08-13 13:30:00-04:00,56.18009948730469,56.25,56.11000061035156,56.25,187197,0.0,0.0
2024-08-13 14:30:00-04:00,56.2400016784668,56.4900016784668,56.209999084472656,56.41999816894531,276875,0.0,0.0
2024-08-13 15:30:00-04:00,56.415000915527344,56.66999816894531,56.369998931884766,56.66999816894531,510744,0.0,0.0
2024-08-14 09:30:00-04:00,56.5,56.83000183105469,56.119998931884766,56.439998626708984,207668,0.0,0.0
2024-08-14 10:30:00-04:00,56.439998626708984,56.66999816894531,56.25,56.65999984741211,130932,0.0,0.0
2024-08-14 11:30:00-04:00,56.6598014831543,56.82500076293945,56.5,56.52000045776367,144036,0.0,0.0
2024-08-14 12:30:00-04:00,56.5,56.72999954223633,56.45000076293945,56.630001068115234,117459,0.0,0.0
2024-08-14 13:30:00-04:00,56.61000061035156,56.86000061035156,56.54999923706055,56.81999969482422,190895,0.0,0.0
2024-08-14 14:30:00-04:00,56.810001373291016,56.959999084472656,56.72999954223633,56.7400016784668,168095,0.0,0.0
2024-08-14 15:30:00-04:00,56.7400016784668,57.060001373291016,56.665000915527344,57.0,412559,0.0,0.0
2024-08-15 09:30:00-04:00,57.83000183105469,58.130001068115234,57.59000015258789,57.974998474121094,568624,0.0,0.0
2024-08-15 10:30:00-04:00,57.9900016784668,58.13990020751953,57.79999923706055,57.900001525878906,384516,0.0,0.0
2024-08-15 11:30:00-04:00,57.869998931884766,57.97999954223633,57.77000045776367,57.95500183105469,203079,0.0,0.0
2024-08-15 12:30:00-04:00,57.95000076293945,58.06999969482422,57.83000183105469,57.869998931884766,227308,0.0,0.0
2024-08-15 13:30:00-04:00,57.86000061035156,58.07500076293945,57.849998474121094,57.97999954223633,211442,0.0,0.0
2024-08-15 14:30:00-04:00,57.97999954223633,57.9900016784668,57.540000915527344,57.7599983215332,619616,0.0,0.0
2024-08-15 15:30:00-04:00,57.75,57.880001068115234,57.5099983215332,57.86000061035156,586198,0.0,0.0
2024-08-16 09:30:00-04:00,57.599998474121094,57.84000015258789,57.23249816894531,57.630001068115234,310991,0.0,0.0
2024-08-16 10:30:00-04:00,57.64500045776367,57.90999984741211,57.61000061035156,57.814998626708984,120158,0.0,0.0
2024-08-16 11:30:00-04:00,57.79999923706055,57.88800048828125,57.70000076293945,57.78499984741211,117047,0.0,0.0
2024-08-16 12:30:00-04:00,57.790000915527344,57.93899917602539,57.7400016784668,57.91999816894531,113118,0.0,0.0
2024-08-16 13:30:00-04:00,57.90999984741211,58.0099983215332,57.849998474121094,57.95000076293945,170295,0.0,0.0
2024-08-16 14:30:00-04:00,57.939998626708984,57.95000076293945,57.79999923706055,57.900001525878906,170366,0.0,0.0
2024-08-16 15:30:00-04:00,57.91999816894531,58.2599983215332,57.91999816894531,58.06999969482422,516647,0.0,0.0
2024-08-19 09:30:00-04:00,58.5,59.5099983215332,58.4900016784668,59.474998474121094,617544,0.0,0.0
2024-08-19 10:30:00-04:00,59.494998931884766,59.650001525878906,59.404998779296875,59.59000015258789,324960,0.0,0.0
2024-08-19 11:30:00-04:00,59.56999969482422,59.58000183105469,59.36899948120117,59.54999923706055,225595,0.0,0.0
2024-08-19 12:30:00-04:00,59.560001373291016,59.849998474121094,59.54999923706055,59.727500915527344,256278,0.0,0.0
2024-08-19 13:30:00-04:00,59.7400016784668,59.810001373291016,59.630001068115234,59.70000076293945,263965,0.0,0.0
2024-08-19 14:30:00-04:00,59.709999084472656,59.86000061035156,59.5,59.83000183105469,291594,0.0,0.0
2024-08-19 15:30:00-04:00,59.81999969482422,59.849998474121094,59.650001525878906,59.79999923706055,441958,0.0,0.0
2024-08-20 09:30:00-04:00,59.61000061035156,59.970001220703125,59.02000045776367,59.23500061035156,493992,0.0,0.0
2024-08-20 10:30:00-04:00,59.220001220703125,59.275001525878906,59.06999969482422,59.130001068115234,304368,0.0,0.0
2024-08-20 11:30:00-04:00,59.119998931884766,59.209999084472656,58.9900016784668,59.060001373291016,173957,0.0,0.0
2024-08-20 12:30:00-04:00,59.060001373291016,59.130001068115234,58.790000915527344,58.91999816894531,186955,0.0,0.0
2024-08-20 13:30:00-04:00,58.91999816894531,59.060001373291016,58.840999603271484,59.04999923706055,164237,0.0,0.0
2024-08-20 14:30:00-04:00,59.040000915527344,59.15999984741211,58.959999084472656,59.15999984741211,172448,0.0,0.0
2024-08-20 15:30:00-04:00,59.150001525878906,59.22999954223633,59.040000915527344,59.119998931884766,381696,0.0,0.0
2024-08-21 09:30:00-04:00,59.564998626708984,60.088600158691406,59.380001068115234,59.95000076293945,831433,0.0,0.0
2024-08-21 10:30:00-04:00,60.0,60.0,59.5,59.59000015258789,687538,0.0,0.0
2024-08-21 11:30:00-04:00,59.58000183105469,59.70000076293945,59.41999816894531,59.584999084472656,435998,0.0,0.0
2024-08-21 12:30:00-04:00,59.58700180053711,59.72999954223633,59.54999923706055,59.61000061035156,432985,0.0,0.0
2024-08-21 13:30:00-04:00,59.61000061035156,59.7599983215332,59.540000915527344,59.73899841308594,469775,0.0,0.0
2024-08-21 14:30:00-04:00,59.7400016784668,59.86989974975586,59.68000030517578,59.858001708984375,663856,0.0,0.0
2024-08-21 15:30:00-04:00,59.849998474121094,60.2599983215332,59.779998779296875,60.25,1524229,0.0,0.0
2024-08-22 09:30:00-04:00,61.849998474121094,66.9749984741211,60.720001220703125,66.80000305175781,7797765,0.0,0.0
2024-08-22 10:30:00-04:00,66.80000305175781,67.94999694824219,66.5999984741211,67.7699966430664,3476063,0.0,0.0
2024-08-22 11:30:00-04:00,67.7699966430664,68.20999908447266,66.94000244140625,67.94999694824219,2532872,0.0,0.0
2024-08-22 12:30:00-04:00,67.95500183105469,68.13999938964844,67.63400268554688,67.7699966430664,1460432,0.0,0.0
2024-08-22 13:30:00-04:00,67.7750015258789,68.25,67.29000091552734,67.71499633789062,2240947,0.0,0.0
2024-08-22 14:30:00-04:00,67.69999694824219,68.27999877929688,67.65010070800781,67.81999969482422,1823938,0.0,0.0
2024-08-22 15:30:00-04:00,67.82499694824219,68.06999969482422,67.62000274658203,68.05999755859375,1992461,0.0,0.0
2024-08-23 09:30:00-04:00,68.1510009765625,70.06990051269531,68.02999877929688,69.30999755859375,3169498,0.0,0.0
2024-08-23 10:30:00-04:00,69.32499694824219,70.83000183105469,69.26000213623047,70.29499816894531,1921833,0.0,0.0
2024-08-23 11:30:00-04:00,70.2699966430664,70.86000061035156,70.12999725341797,70.44999694824219,1114007,0.0,0.0
2024-08-23 12:30:00-04:00,70.45500183105469,70.62999725341797,70.0,70.45999908447266,709814,0.0,0.0
2024-08-23 13:30:00-04:00,70.47000122070312,70.74909973144531,70.29000091552734,70.49349975585938,670933,0.0,0.0
2024-08-23 14:30:00-04:00,70.5,70.66000366210938,69.93000030517578,70.12470245361328,909411,0.0,0.0
2024-08-23 15:30:00-04:00,70.13500213623047,70.22100067138672,69.64199829101562,70.13999938964844,1671277,0.0,0.0
2024-08-26 09:30:00-04:00,70.06999969482422,72.36000061035156,70.0,71.47000122070312,2074202,0.0,0.0
2024-08-26 10:30:00-04:00,71.41000366210938,72.04000091552734,71.18009948730469,71.75,678498,0.0,0.0
2024-08-26 11:30:00-04:00,71.75,71.86000061035156,71.23999786376953,71.55999755859375,514673,0.0,0.0
2024-08-26 12:30:00-04:00,71.58000183105469,71.69000244140625,71.30999755859375,71.4000015258789,396642,0.0,0.0
2024-08-26 13:30:00-04:00,71.4000015258789,71.44000244140625,70.91000366210938,71.09429931640625,548115,0.0,0.0
2024-08-26 14:30:00-04:00,71.0999984741211,71.54000091552734,70.9020004272461,71.19999694824219,601036,0.0,0.0
2024-08-26 15:30:00-04:00,71.19999694824219,71.33000183105469,70.77999877929688,71.31999969482422,1179755,0.0,0.0
2024-08-27 09:30:00-04:00,71.5,72.13999938964844,71.0199966430664,71.58000183105469,1200479,0.0,0.0
2024-08-27 10:30:00-04:00,71.58000183105469,71.83999633789062,71.44000244140625,71.48500061035156,499509,0.0,0.0
2024-08-27 11:30:00-04:00,71.46499633789062,72.0696029663086,71.43000030517578,71.79499816894531,472498,0.0,0.0
2024-08-27 12:30:00-04:00,71.80000305175781,71.93470001220703,71.55000305175781,71.93470001220703,272662,0.0,0.0
2024-08-27 13:30:00-04:00,71.93000030517578,71.93000030517578,71.62999725341797,71.76100158691406,355928,0.0,0.0
2024-08-27 14:30:00-04:00,71.77999877929688,72.33000183105469,71.70500183105469,71.95500183105469,621855,0.0,0.0
2024-08-27 15:30:00-04:00,71.94999694824219,72.0,71.68000030517578,71.91999816894531,698182,0.0,0.0
2024-08-28 09:30:00-04:00,71.75,72.33999633789062,70.9000015258789,70.97000122070312,726511,0.0,0.0
2024-08-28 10:30:00-04:00,70.9800033569336,71.20999908447266,70.19999694824219,70.45999908447266,741455,0.0,0.0
2024-08-28 11:30:00-04:00,70.42500305175781,70.51499938964844,70.0999984741211,70.25990295410156,423467,0.0,0.0
2024-08-28 12:30:00-04:00,70.23999786376953,70.49500274658203,70.13999938964844,70.22000122070312,356429,0.0,0.0
2024-08-28 13:30:00-04:00,70.22000122070312,70.3499984741211,70.04000091552734,70.20999908447266,334146,0.0,0.0
2024-08-28 14:30:00-04:00,70.20999908447266,70.55000305175781,70.20999908447266,70.48999786376953,454113,0.0,0.0
2024-08-28 15:30:00-04:00,70.48999786376953,70.77999877929688,70.37000274658203,70.69000244140625,746823,0.0,0.0
2024-08-29 09:30:00-04:00,70.80999755859375,71.12999725341797,70.19000244140625,70.54000091552734,495611,0.0,0.0
2024-08-29 10:30:00-04:00,70.57499694824219,70.94999694824219,70.41999816894531,70.70999908447266,265486,0.0,0.0
2024-08-29 11:30:00-04:00,70.72000122070312,70.80999755859375,70.44249725341797,70.52999877929688,268875,0.0,0.0
2024-08-29 12:30:00-04:00,70.51000213623047,70.6500015258789,70.33000183105469,70.58499908447266,238461,0.0,0.0
2024-08-29 13:30:00-04:00,70.58999633789062,70.70999908447266,70.51499938964844,70.58999633789062,246595,0.0,0.0
2024-08-29 14:30:00-04:00,70.58000183105469,70.58999633789062,70.0199966430664,70.21499633789062,310910,0.0,0.0
2024-08-29 15:30:00-04:00,70.22000122070312,70.27999877929688,69.9000015258789,69.92500305175781,559915,0.0,0.0
2024-08-30 09:30:00-04:00,70.0,70.27999877929688,69.45999908447266,69.51000213623047,437159,0.0,0.0
2024-08-30 10:30:00-04:00,69.47000122070312,69.62069702148438,69.02999877929688,69.03500366210938,484171,0.0,0.0
2024-08-30 11:30:00-04:00,69.05000305175781,69.38999938964844,68.83000183105469,68.93499755859375,490684,0.0,0.0
2024-08-30 12:30:00-04:00,68.94000244140625,69.07499694824219,68.81999969482422,68.88999938964844,375873,0.0,0.0
2024-08-30 13:30:00-04:00,68.88999938964844,69.08000183105469,68.80999755859375,69.0,299845,0.0,0.0
2024-08-30 14:30:00-04:00,68.98999786376953,69.0999984741211,68.91000366210938,68.9800033569336,297870,0.0,0.0
2024-08-30 15:30:00-04:00,68.97000122070312,69.1500015258789,68.80000305175781,69.06999969482422,853273,0.0,0.0
2024-09-03 09:30:00-04:00,69.0,70.41000366210938,68.68250274658203,69.2750015258789,636684,0.0,0.0
2024-09-03 10:30:00-04:00,69.2699966430664,69.44999694824219,69.0999984741211,69.38500213623047,314407,0.0,0.0
2024-09-03 11:30:00-04:00,69.37999725341797,69.43000030517578,68.73500061035156,69.05000305175781,334220,0.0,0.0
2024-09-03 12:30:00-04:00,69.05000305175781,69.2300033569336,69.0,69.12000274658203,236867,0.0,0.0
2024-09-03 13:30:00-04:00,69.11000061035156,69.13500213623047,68.83000183105469,69.08499908447266,320880,0.0,0.0
2024-09-03 14:30:00-04:00,69.08000183105469,69.27999877929688,68.94999694824219,68.96900177001953,432044,0.0,0.0
2024-09-03 15:30:00-04:00,68.97000122070312,68.97000122070312,68.6050033569336,68.94999694824219,693973,0.0,0.0
2024-09-04 09:30:00-04:00,68.33999633789062,69.2300033569336,68.0,68.5999984741211,555731,0.0,0.0
2024-09-04 10:30:00-04:00,68.5999984741211,68.7699966430664,68.26000213623047,68.29000091552734,275875,0.0,0.0
2024-09-04 11:30:00-04:00,68.29000091552734,68.29000091552734,68.01000213623047,68.2300033569336,248135,0.0,0.0
2024-09-04 12:30:00-04:00,68.2300033569336,68.62999725341797,68.2249984741211,68.48500061035156,318579,0.0,0.0
2024-09-04 13:30:00-04:00,68.43000030517578,68.63999938964844,68.20999908447266,68.5999984741211,216722,0.0,0.0
2024-09-04 14:30:00-04:00,68.58000183105469,68.625,68.19000244140625,68.36100006103516,272310,0.0,0.0
2024-09-04 15:30:00-04:00,68.36000061035156,68.36499786376953,68.05999755859375,68.19000244140625,595004,0.0,0.0
2024-09-05 09:30:00-04:00,68.08999633789062,68.80500030517578,67.83000183105469,68.49500274658203,377958,0.0,0.0
2024-09-05 10:30:00-04:00,68.55000305175781,68.55000305175781,67.83999633789062,67.88999938964844,218614,0.0,0.0
2024-09-05 11:30:00-04:00,67.87999725341797,67.88999938964844,67.30999755859375,67.42500305175781,402906,0.0,0.0
2024-09-05 12:30:00-04:00,67.42500305175781,67.73999786376953,67.36000061035156,67.54989624023438,273297,0.0,0.0
2024-09-05 13:30:00-04:00,67.55000305175781,67.66000366210938,67.4800033569336,67.54000091552734,175852,0.0,0.0
2024-09-05 14:30:00-04:00,67.55000305175781,67.63999938964844,67.23999786376953,67.4000015258789,242544,0.0,0.0
2024-09-05 15:30:00-04:00,67.38999938964844,67.44000244140625,67.06999969482422,67.26000213623047,535079,0.0,0.0
2024-09-06 09:30:00-04:00,67.93000030517578,68.55999755859375,67.56999969482422,67.75050354003906,401388,0.0,0.0
2024-09-06 10:30:00-04:00,67.79000091552734,67.83000183105469,67.04000091552734,67.04000091552734,301747,0.0,0.0
2024-09-06 11:30:00-04:00,67.02999877929688,67.0999984741211,66.66999816894531,66.66999816894531,204134,0.0,0.0
2024-09-06 12:30:00-04:00,66.66000366210938,67.05000305175781,66.5999984741211,66.93000030517578,214959,0.0,0.0
2024-09-06 13:30:00-04:00,66.93000030517578,66.98999786376953,66.62999725341797,66.74500274658203,204581,0.0,0.0
2024-09-06 14:30:00-04:00,66.73999786376953,67.27999877929688,66.60710144042969,67.16999816894531,322016,0.0,0.0
2024-09-06 15:30:00-04:00,67.18000030517578,67.30999755859375,67.04499816894531,67.16000366210938,544548,0.0,0.0
2024-09-09 09:30:00-04:00,67.0,67.25,66.44000244140625,67.20999908447266,564102,0.0,0.0
2024-09-09 10:30:00-04:00,67.18000030517578,67.2699966430664,66.72000122070312,66.86000061035156,277093,0.0,0.0
2024-09-09 11:30:00-04:00,66.83999633789062,67.37999725341797,66.7699966430664,67.37999725341797,190711,0.0,0.0
2024-09-09 12:30:00-04:00,67.37999725341797,67.51499938964844,67.30999755859375,67.5,211104,0.0,0.0
2024-09-09 13:30:00-04:00,67.51000213623047,67.55999755859375,66.94999694824219,67.12999725341797,235072,0.0,0.0
2024-09-09 14:30:00-04:00,67.12999725341797,67.16000366210938,66.65730285644531,66.73999786376953,187418,0.0,0.0
2024-09-09 15:30:00-04:00,66.7300033569336,66.75,66.45999908447266,66.58000183105469,434945,0.0,0.0
2024-09-10 09:30:00-04:00,66.87000274658203,66.87000274658203,65.87000274658203,66.09950256347656,1102145,0.0,0.0
2024-09-10 10:30:00-04:00,66.08070373535156,66.30999755859375,65.94000244140625,66.22000122070312,214546,0.0,0.0
2024-09-10 11:30:00-04:00,66.2300033569336,66.33999633789062,65.8949966430664,66.0199966430664,277043,0.0,0.0
2024-09-10 12:30:00-04:00,66.0199966430664,66.48999786376953,65.9844970703125,66.33989715576172,192321,0.0,0.0
2024-09-10 13:30:00-04:00,66.33999633789062,66.55999755859375,66.2699966430664,66.27999877929688,148343,0.0,0.0
2024-09-10 14:30:00-04:00,66.2699966430664,66.4000015258789,66.11000061035156,66.4000015258789,204234,0.0,0.0
2024-09-10 15:30:00-04:00,66.4000015258789,66.75900268554688,66.3489990234375,66.69999694824219,660225,0.0,0.0
2024-09-11 09:30:00-04:00,66.61000061035156,67.58000183105469,66.44000244140625,66.54000091552734,613276,0.0,0.0
2024-09-11 10:30:00-04:00,66.55000305175781,66.66239929199219,66.26000213623047,66.56999969482422,229953,0.0,0.0
2024-09-11 11:30:00-04:00,66.56999969482422,66.82659912109375,66.37660217285156,66.70999908447266,211168,0.0,0.0
2024-09-11 12:30:00-04:00,66.7300033569336,67.0250015258789,66.7300033569336,66.9800033569336,170789,0.0,0.0
2024-09-11 13:30:00-04:00,66.98999786376953,67.30500030517578,66.94000244140625,67.25,171534,0.0,0.0
2024-09-11 14:30:00-04:00,67.23999786376953,67.55999755859375,67.23999786376953,67.5199966430664,224903,0.0,0.0
2024-09-11 15:30:00-04:00,67.52999877929688,67.58000183105469,67.22000122070312,67.31999969482422,569553,0.0,0.0
2024-09-12 09:30:00-04:00,67.5,67.5,66.12999725341797,66.25,471046,0.0,0.0
2024-09-12 10:30:00-04:00,66.26000213623047,66.4800033569336,65.9800033569336,66.33000183105469,239546,0.0,0.0
2024-09-12 11:30:00-04:00,66.2699966430664,66.52999877929688,66.2699966430664,66.44999694824219,133113,0.0,0.0
2024-09-12 12:30:00-04:00,66.44000244140625,66.71199798583984,66.3499984741211,66.60800170898438,119953,0.0,0.0
2024-09-12 13:30:00-04:00,66.5999984741211,66.70999908447266,66.55000305175781,66.62000274658203,125723,0.0,0.0
2024-09-12 14:30:00-04:00,66.62999725341797,66.62999725341797,66.27999877929688,66.5999984741211,202773,0.0,0.0
2024-09-12 15:30:00-04:00,66.58999633789062,66.58999633789062,66.43000030517578,66.56999969482422,301359,0.0,0.0
2024-09-13 09:30:00-04:00,66.51000213623047,67.51000213623047,66.44499969482422,67.51000213623047,311547,0.0,0.0
2024-09-13 10:30:00-04:00,67.42500305175781,67.88999938964844,67.30000305175781,67.38200378417969,252022,0.0,0.0
2024-09-13 11:30:00-04:00,67.32499694824219,67.76000213623047,67.32499694824219,67.7300033569336,203815,0.0,0.0
2024-09-13 12:30:00-04:00,67.72000122070312,67.96499633789062,67.69999694824219,67.88999938964844,183666,0.0,0.0
2024-09-13 13:30:00-04:00,67.88999938964844,67.98999786376953,67.79000091552734,67.80000305175781,163957,0.0,0.0
2024-09-13 14:30:00-04:00,67.80999755859375,67.87999725341797,67.61000061035156,67.80999755859375,284595,0.0,0.0
2024-09-13 15:30:00-04:00,67.81500244140625,67.81500244140625,67.46099853515625,67.56999969482422,423865,0.0,0.0
2024-09-16 09:30:00-04:00,67.47000122070312,68.55999755859375,67.38999938964844,68.33000183105469,696309,0.0,0.0
2024-09-16 10:30:00-04:00,68.33000183105469,68.56990051269531,68.05000305175781,68.34500122070312,322083,0.0,0.0
2024-09-16 11:30:00-04:00,68.34500122070312,68.44999694824219,67.77999877929688,67.83999633789062,314932,0.0,0.0
2024-09-16 12:30:00-04:00,67.8499984741211,68.27999877929688,67.66999816894531,68.2699966430664,425767,0.0,0.0
2024-09-16 13:30:00-04:00,68.27999877929688,68.56999969482422,68.08999633789062,68.18000030517578,290130,0.0,0.0
2024-09-16 14:30:00-04:00,68.18360137939453,68.375,68.14099884033203,68.18000030517578,265602,0.0,0.0
2024-09-16 15:30:00-04:00,68.18000030517578,68.22000122070312,67.5999984741211,67.5999984741211,549874,0.0,0.0
2024-09-17 09:30:00-04:00,68.12000274658203,68.55000305175781,67.9800033569336,68.14600372314453,248879,0.0,0.0
2024-09-17 10:30:00-04:00,68.16899871826172,68.33499908447266,68.08999633789062,68.19000244140625,228860,0.0,0.0
2024-09-17 11:30:00-04:00,68.19000244140625,68.43499755859375,68.125,68.2750015258789,306007,0.0,0.0
2024-09-17 12:30:00-04:00,68.2699966430664,68.28500366210938,67.81999969482422,67.94000244140625,250623,0.0,0.0
2024-09-17 13:30:00-04:00,67.94000244140625,68.30000305175781,67.69999694824219,68.2699966430664,243828,0.0,0.0
2024-09-17 14:30:00-04:00,68.23999786376953,68.46499633789062,67.95999908447266,68.0999984741211,290405,0.0,0.0
2024-09-17 15:30:00-04:00,68.0999984741211,68.11000061035156,67.87000274658203,68.0999984741211,459228,0.0,0.0
2024-09-18 09:30:00-04:00,67.8499984741211,67.90499877929688,66.43499755859375,66.5199966430664,290009,0.0,0.0
2024-09-18 10:30:00-04:00,66.5,66.69960021972656,66.30000305175781,66.41000366210938,256812,0.0,0.0
2024-09-18 11:30:00-04:00,66.4000015258789,66.4000015258789,65.97000122070312,66.16000366210938,261602,0.0,0.0
2024-09-18 12:30:00-04:00,66.1500015258789,66.25,66.06999969482422,66.22000122070312,197837,0.0,0.0
2024-09-18 13:30:00-04:00,66.22000122070312,66.62470245361328,65.94000244140625,66.45999908447266,335242,0.0,0.0
2024-09-18 14:30:00-04:00,66.45500183105469,66.91500091552734,66.20999908447266,66.49500274658203,363238,0.0,0.0
2024-09-18 15:30:00-04:00,66.54000091552734,66.55000305175781,66.01000213623047,66.01000213623047,503652,0.0,0.0
2024-09-19 09:30:00-04:00,67.05999755859375,67.2699966430664,66.77999877929688,67.15499877929688,370258,0.0,0.0
2024-09-19 10:30:00-04:00,67.16500091552734,67.65249633789062,67.11000061035156,67.5199966430664,219780,0.0,0.0
2024-09-19 11:30:00-04:00,67.51000213623047,67.5553970336914,67.33209991455078,67.43000030517578,129599,0.0,0.0
2024-09-19 12:30:00-04:00,67.41999816894531,67.48999786376953,67.16999816894531,67.23999786376953,210293,0.0,0.0
2024-09-19 13:30:00-04:00,67.26000213623047,67.36000061035156,67.13999938964844,67.20999908447266,127749,0.0,0.0
2024-09-19 14:30:00-04:00,67.19999694824219,67.25,66.94200134277344,67.01000213623047,131587,0.0,0.0
2024-09-19 15:30:00-04:00,67.0,67.02999877929688,66.72000122070312,66.94000244140625,354830,0.0,0.0
2024-09-20 09:30:00-04:00,66.77999877929688,67.30999755859375,66.77999877929688,66.9000015258789,214875,0.0,0.0
2024-09-20 10:30:00-04:00,66.83999633789062,67.18000030517578,66.81009674072266,67.13899993896484,184080,0.0,0.0
2024-09-20 11:30:00-04:00,67.12999725341797,67.57499694824219,67.12999725341797,67.48999786376953,238671,0.0,0.0
2024-09-20 12:30:00-04:00,67.45999908447266,67.50499725341797,67.12999725341797,67.22000122070312,148623,0.0,0.0
2024-09-20 13:30:00-04:00,67.22000122070312,67.43000030517578,67.22000122070312,67.4000015258789,132361,0.0,0.0
2024-09-20 14:30:00-04:00,67.4000015258789,67.5,67.25,67.2509994506836,179570,0.0,0.0
2024-09-20 15:30:00-04:00,67.25,67.58000183105469,67.08000183105469,67.54000091552734,398544,0.0,0.0
