Datetime,Open,High,Low,Close,Volume,Dividends,Stock Splits
2022-10-06 09:00:00+09:00,6800.0,6800.0,6750.0,6750.0,1200,0.0,0.0
2022-10-06 10:00:00+09:00,6730.0,6930.0,6730.0,6930.0,500,0.0,0.0
2022-10-06 11:00:00+09:00,6930.0,6930.0,6930.0,6930.0,0,0.0,0.0
2022-10-06 12:00:00+09:00,6930.0,6930.0,6850.0,6850.0,2000,0.0,0.0
2022-10-06 13:00:00+09:00,6930.0,6950.0,6930.0,6950.0,400,0.0,0.0
2022-10-07 09:00:00+09:00,7070.0,7200.0,7020.0,7150.0,800,0.0,0.0
2022-10-07 10:00:00+09:00,7120.0,7120.0,7120.0,7120.0,100,0.0,0.0
2022-10-07 11:00:00+09:00,7120.0,7120.0,7120.0,7120.0,0,0.0,0.0
2022-10-07 12:00:00+09:00,7120.0,7120.0,7120.0,7120.0,1100,0.0,0.0
2022-10-07 13:00:00+09:00,7230.0,7290.0,7230.0,7290.0,300,0.0,0.0
2022-10-07 14:00:00+09:00,7230.0,7230.0,7020.0,7020.0,400,0.0,0.0
2022-10-11 09:00:00+09:00,7250.0,7250.0,7000.0,7000.0,0,0.0,0.0
2022-10-11 10:00:00+09:00,6900.0,6900.0,6810.0,6810.0,500,0.0,0.0
2022-10-11 11:00:00+09:00,6810.0,6810.0,6810.0,6810.0,0,0.0,0.0
2022-10-11 12:00:00+09:00,7000.0,7000.0,7000.0,7000.0,2100,0.0,0.0
2022-10-11 13:00:00+09:00,7110.0,7110.0,7010.0,7010.0,200,0.0,0.0
2022-10-12 09:00:00+09:00,7160.0,7160.0,7020.0,7020.0,0,0.0,0.0
2022-10-12 11:00:00+09:00,7030.0,7030.0,7000.0,7000.0,0,0.0,0.0
2022-10-12 12:00:00+09:00,7020.0,7020.0,7020.0,7020.0,700,0.0,0.0
2022-10-13 11:00:00+09:00,7000.0,7000.0,7000.0,7000.0,100,0.0,0.0
2022-10-13 12:00:00+09:00,7000.0,7000.0,6960.0,6960.0,400,0.0,0.0
2022-10-13 13:00:00+09:00,6980.0,6980.0,6940.0,6940.0,300,0.0,0.0
2022-10-14 09:00:00+09:00,7180.0,7180.0,6950.0,6950.0,800,0.0,0.0
2022-10-14 10:00:00+09:00,6940.0,6940.0,6750.0,6790.0,4900,0.0,0.0
2022-10-14 11:00:00+09:00,6790.0,6790.0,6790.0,6790.0,0,0.0,0.0
2022-10-14 13:00:00+09:00,6870.0,6870.0,6860.0,6860.0,5900,0.0,0.0
2022-10-14 14:00:00+09:00,6830.0,6830.0,6750.0,6750.0,1000,0.0,0.0
2022-10-17 09:00:00+09:00,6700.0,6730.0,6700.0,6730.0,200,0.0,0.0
2022-10-17 10:00:00+09:00,6750.0,6750.0,6750.0,6750.0,100,0.0,0.0
2022-10-17 11:00:00+09:00,6750.0,6750.0,6750.0,6750.0,0,0.0,0.0
2022-10-17 12:00:00+09:00,6780.0,6800.0,6780.0,6800.0,700,0.0,0.0
2022-10-17 13:00:00+09:00,6800.0,6840.0,6800.0,6840.0,300,0.0,0.0
2022-10-18 09:00:00+09:00,6910.0,6910.0,6800.0,6800.0,0,0.0,0.0
2022-10-18 10:00:00+09:00,6760.0,6810.0,6750.0,6760.0,1300,0.0,0.0
2022-10-18 11:00:00+09:00,6760.0,6760.0,6760.0,6760.0,0,0.0,0.0
2022-10-18 12:00:00+09:00,6860.0,6920.0,6860.0,6890.0,2000,0.0,0.0
2022-10-18 13:00:00+09:00,6830.0,6850.0,6800.0,6850.0,500,0.0,0.0
2022-10-18 14:00:00+09:00,6790.0,6890.0,6790.0,6890.0,300,0.0,0.0
2022-10-19 09:00:00+09:00,6930.0,7050.0,6930.0,6990.0,1100,0.0,0.0
2022-10-19 11:00:00+09:00,6990.0,6990.0,6990.0,6990.0,0,0.0,0.0
2022-10-19 12:00:00+09:00,7010.0,7200.0,7010.0,7200.0,2000,0.0,0.0
2022-10-19 13:00:00+09:00,7120.0,7230.0,7120.0,7230.0,700,0.0,0.0
2022-10-19 14:00:00+09:00,7240.0,7440.0,7240.0,7290.0,2300,0.0,0.0
2022-10-20 09:00:00+09:00,7370.0,7500.0,7280.0,7500.0,1400,0.0,0.0
2022-10-20 10:00:00+09:00,7600.0,7680.0,7430.0,7430.0,500,0.0,0.0
2022-10-20 11:00:00+09:00,7440.0,7440.0,7400.0,7400.0,0,0.0,0.0
2022-10-20 12:00:00+09:00,7380.0,7380.0,7380.0,7380.0,2500,0.0,0.0
2022-10-20 14:00:00+09:00,7480.0,7520.0,7480.0,7520.0,200,0.0,0.0
2022-10-21 09:00:00+09:00,7590.0,7590.0,7500.0,7500.0,600,0.0,0.0
2022-10-21 10:00:00+09:00,7480.0,7480.0,7480.0,7480.0,100,0.0,0.0
2022-10-21 11:00:00+09:00,7590.0,7590.0,7590.0,7590.0,0,0.0,0.0
2022-10-21 12:00:00+09:00,7600.0,7630.0,7600.0,7600.0,1200,0.0,0.0
2022-10-21 13:00:00+09:00,7560.0,7560.0,7540.0,7540.0,200,0.0,0.0
2022-10-21 14:00:00+09:00,7580.0,7580.0,7580.0,7580.0,100,0.0,0.0
2022-10-24 09:00:00+09:00,7800.0,7800.0,7570.0,7570.0,1300,0.0,0.0
2022-10-24 10:00:00+09:00,7580.0,7580.0,7580.0,7580.0,100,0.0,0.0
2022-10-24 11:00:00+09:00,7580.0,7580.0,7580.0,7580.0,0,0.0,0.0
2022-10-24 12:00:00+09:00,7570.0,7570.0,7500.0,7500.0,2200,0.0,0.0
2022-10-24 13:00:00+09:00,7310.0,7320.0,6960.0,7200.0,3300,0.0,0.0
2022-10-24 14:00:00+09:00,7100.0,7170.0,7100.0,7170.0,400,0.0,0.0
2022-10-25 09:00:00+09:00,7180.0,7220.0,7100.0,7220.0,1100,0.0,0.0
2022-10-25 10:00:00+09:00,7220.0,7220.0,7220.0,7220.0,100,0.0,0.0
2022-10-25 11:00:00+09:00,7220.0,7220.0,7220.0,7220.0,0,0.0,0.0
2022-10-25 12:00:00+09:00,7200.0,7200.0,7200.0,7200.0,1300,0.0,0.0
2022-10-26 11:00:00+09:00,7100.0,7100.0,7100.0,7100.0,100,0.0,0.0
2022-10-26 12:00:00+09:00,7300.0,7300.0,7300.0,7300.0,800,0.0,0.0
2022-10-26 13:00:00+09:00,7300.0,7320.0,7300.0,7310.0,600,0.0,0.0
2022-10-26 14:00:00+09:00,7310.0,7310.0,7300.0,7300.0,700,0.0,0.0
2022-10-27 09:00:00+09:00,7350.0,7500.0,7350.0,7500.0,900,0.0,0.0
2022-10-27 10:00:00+09:00,7430.0,7430.0,7420.0,7420.0,200,0.0,0.0
2022-10-27 11:00:00+09:00,7420.0,7420.0,7420.0,7420.0,0,0.0,0.0
2022-10-27 13:00:00+09:00,7420.0,7420.0,7420.0,7420.0,0,0.0,0.0
2022-10-27 14:00:00+09:00,7420.0,7420.0,7420.0,7420.0,1400,0.0,0.0
2022-10-28 11:00:00+09:00,7500.0,7500.0,7500.0,7500.0,500,0.0,0.0
2022-10-28 12:00:00+09:00,7500.0,7500.0,7500.0,7500.0,1100,0.0,0.0
2022-10-28 13:00:00+09:00,7490.0,7500.0,7490.0,7500.0,700,0.0,0.0
2022-10-28 14:00:00+09:00,7500.0,7500.0,7500.0,7500.0,300,0.0,0.0
2022-10-31 09:00:00+09:00,7490.0,7620.0,7470.0,7490.0,0,0.0,0.0
2022-10-31 10:00:00+09:00,7510.0,7600.0,7500.0,7500.0,700,0.0,0.0
2022-10-31 11:00:00+09:00,7500.0,7500.0,7500.0,7500.0,0,0.0,0.0
2022-10-31 12:00:00+09:00,7560.0,7570.0,7510.0,7510.0,2800,0.0,0.0
2022-10-31 13:00:00+09:00,7500.0,7660.0,7500.0,7660.0,700,0.0,0.0
2022-11-01 09:00:00+09:00,7510.0,7510.0,7400.0,7400.0,600,0.0,0.0
2022-11-01 10:00:00+09:00,7430.0,7520.0,7430.0,7520.0,600,0.0,0.0
2022-11-01 11:00:00+09:00,7470.0,7470.0,7470.0,7470.0,0,0.0,0.0
2022-11-01 12:00:00+09:00,7410.0,7410.0,7400.0,7400.0,1800,0.0,0.0
2022-11-01 13:00:00+09:00,7350.0,7650.0,7330.0,7590.0,1000,0.0,0.0
2022-11-01 14:00:00+09:00,7570.0,7570.0,7570.0,7570.0,100,0.0,0.0
2022-11-02 09:00:00+09:00,7450.0,7550.0,7450.0,7550.0,300,0.0,0.0
2022-11-02 11:00:00+09:00,7580.0,7590.0,7580.0,7590.0,0,0.0,0.0
2022-11-02 12:00:00+09:00,7460.0,7460.0,7450.0,7450.0,800,0.0,0.0
2022-11-02 13:00:00+09:00,7450.0,7450.0,7350.0,7350.0,500,0.0,0.0
2022-11-02 14:00:00+09:00,7500.0,7500.0,7500.0,7500.0,200,0.0,0.0
2022-11-04 12:00:00+09:00,7500.0,7600.0,7450.0,7450.0,400,0.0,0.0
2022-11-04 13:00:00+09:00,7500.0,7500.0,7500.0,7500.0,100,0.0,0.0
2022-11-04 14:00:00+09:00,7450.0,7450.0,7400.0,7400.0,300,0.0,0.0
2022-11-07 09:00:00+09:00,7400.0,7500.0,7400.0,7450.0,0,0.0,0.0
2022-11-07 10:00:00+09:00,7420.0,7500.0,7420.0,7500.0,200,0.0,0.0
2022-11-07 11:00:00+09:00,7500.0,7500.0,7500.0,7500.0,0,0.0,0.0
2022-11-07 12:00:00+09:00,7410.0,7410.0,7350.0,7350.0,1100,0.0,0.0
2022-11-07 13:00:00+09:00,7340.0,7340.0,7320.0,7320.0,200,0.0,0.0
2022-11-07 14:00:00+09:00,7330.0,7330.0,7330.0,7330.0,100,0.0,0.0
2022-11-08 09:00:00+09:00,7370.0,7370.0,7140.0,7220.0,1000,0.0,0.0
2022-11-08 10:00:00+09:00,7300.0,7370.0,7300.0,7370.0,400,0.0,0.0
2022-11-08 11:00:00+09:00,7370.0,7370.0,7370.0,7370.0,0,0.0,0.0
2022-11-08 12:00:00+09:00,7390.0,7410.0,7390.0,7410.0,1700,0.0,0.0
2022-11-08 13:00:00+09:00,7400.0,7400.0,7300.0,7300.0,300,0.0,0.0
2022-11-08 14:00:00+09:00,7290.0,7350.0,7290.0,7350.0,200,0.0,0.0
2022-11-09 09:00:00+09:00,7210.0,7210.0,7200.0,7200.0,200,0.0,0.0
2022-11-09 10:00:00+09:00,7230.0,7300.0,7230.0,7300.0,200,0.0,0.0
2022-11-09 11:00:00+09:00,7300.0,7300.0,7300.0,7300.0,0,0.0,0.0
2022-11-09 12:00:00+09:00,7300.0,7300.0,7300.0,7300.0,500,0.0,0.0
2022-11-10 09:00:00+09:00,7270.0,7400.0,7180.0,7400.0,600,0.0,0.0
2022-11-10 10:00:00+09:00,7400.0,7610.0,7400.0,7610.0,1000,0.0,0.0
2022-11-10 11:00:00+09:00,7490.0,7490.0,7410.0,7410.0,0,0.0,0.0
2022-11-10 13:00:00+09:00,7400.0,7410.0,7400.0,7410.0,3100,0.0,0.0
2022-11-10 14:00:00+09:00,7400.0,7400.0,7400.0,7400.0,100,0.0,0.0
2022-11-11 09:00:00+09:00,7600.0,7610.0,7460.0,7460.0,1200,0.0,0.0
2022-11-11 10:00:00+09:00,7500.0,7500.0,7300.0,7300.0,600,0.0,0.0
2022-11-11 11:00:00+09:00,7450.0,7450.0,7230.0,7230.0,0,0.0,0.0
2022-11-11 12:00:00+09:00,7300.0,7600.0,7300.0,7320.0,3600,0.0,0.0
2022-11-11 13:00:00+09:00,7620.0,7620.0,6380.0,7250.0,14100,0.0,0.0
2022-11-11 14:00:00+09:00,6880.0,6880.0,6450.0,6790.0,8600,0.0,0.0
2022-11-14 09:00:00+09:00,6950.0,6950.0,5840.0,6100.0,6000,0.0,0.0
2022-11-14 10:00:00+09:00,6200.0,6260.0,6020.0,6200.0,1700,0.0,0.0
2022-11-14 11:00:00+09:00,6200.0,6200.0,6200.0,6200.0,0,0.0,0.0
2022-11-14 12:00:00+09:00,6250.0,6290.0,6190.0,6190.0,8200,0.0,0.0
2022-11-14 13:00:00+09:00,6200.0,6200.0,6150.0,6150.0,400,0.0,0.0
2022-11-14 14:00:00+09:00,6200.0,6310.0,6130.0,6130.0,1000,0.0,0.0
2022-11-15 09:00:00+09:00,6080.0,6100.0,6000.0,6010.0,1700,0.0,0.0
2022-11-15 10:00:00+09:00,6110.0,6120.0,6110.0,6120.0,200,0.0,0.0
2022-11-15 11:00:00+09:00,6070.0,6070.0,6050.0,6050.0,0,0.0,0.0
2022-11-15 12:00:00+09:00,6050.0,6050.0,6030.0,6030.0,0,0.0,0.0
2022-11-15 13:00:00+09:00,6050.0,6050.0,6050.0,6050.0,2500,0.0,0.0
2022-11-15 14:00:00+09:00,6110.0,6110.0,6100.0,6100.0,200,0.0,0.0
2022-11-16 09:00:00+09:00,6200.0,6200.0,5800.0,5890.0,4100,0.0,0.0
2022-11-16 10:00:00+09:00,5820.0,5990.0,5820.0,5990.0,500,0.0,0.0
2022-11-16 11:00:00+09:00,5990.0,5990.0,5990.0,5990.0,0,0.0,0.0
2022-11-16 13:00:00+09:00,6010.0,6010.0,6010.0,6010.0,4700,0.0,0.0
2022-11-16 14:00:00+09:00,6080.0,6130.0,6080.0,6130.0,300,0.0,0.0
2022-11-17 09:00:00+09:00,6160.0,6160.0,6140.0,6140.0,300,0.0,0.0
2022-11-17 10:00:00+09:00,6150.0,6490.0,6150.0,6490.0,900,0.0,0.0
2022-11-17 11:00:00+09:00,6360.0,6360.0,6360.0,6360.0,0,0.0,0.0
2022-11-17 12:00:00+09:00,6460.0,6520.0,6460.0,6520.0,2400,0.0,0.0
2022-11-17 13:00:00+09:00,6440.0,6570.0,6440.0,6570.0,500,0.0,0.0
2022-11-17 14:00:00+09:00,6560.0,6590.0,6520.0,6520.0,2100,0.0,0.0
2022-11-18 09:00:00+09:00,6800.0,7370.0,6750.0,7050.0,5700,0.0,0.0
2022-11-18 10:00:00+09:00,7000.0,7070.0,6810.0,6850.0,1200,0.0,0.0
2022-11-18 11:00:00+09:00,6850.0,6850.0,6850.0,6850.0,0,0.0,0.0
2022-11-18 12:00:00+09:00,6840.0,6850.0,6810.0,6810.0,7800,0.0,0.0
2022-11-18 13:00:00+09:00,6800.0,6800.0,6750.0,6750.0,200,0.0,0.0
2022-11-21 09:00:00+09:00,7000.0,7000.0,6530.0,6630.0,0,0.0,0.0
2022-11-21 11:00:00+09:00,6830.0,6890.0,6830.0,6890.0,0,0.0,0.0
2022-11-21 13:00:00+09:00,6690.0,6690.0,6690.0,6690.0,2000,0.0,0.0
2022-11-21 14:00:00+09:00,6850.0,6870.0,6850.0,6870.0,300,0.0,0.0
2022-11-22 13:00:00+09:00,6570.0,6630.0,6570.0,6630.0,200,0.0,0.0
2022-11-24 09:00:00+09:00,6790.0,6790.0,6500.0,6640.0,800,0.0,0.0
2022-11-24 11:00:00+09:00,6640.0,6640.0,6640.0,6640.0,0,0.0,0.0
2022-11-24 12:00:00+09:00,6640.0,6800.0,6640.0,6800.0,1000,0.0,0.0
2022-11-24 13:00:00+09:00,6700.0,6700.0,6660.0,6660.0,200,0.0,0.0
2022-11-24 14:00:00+09:00,6650.0,6720.0,6640.0,6720.0,800,0.0,0.0
2022-11-25 09:00:00+09:00,6790.0,6790.0,6590.0,6760.0,500,0.0,0.0
2022-11-25 10:00:00+09:00,6560.0,6660.0,6560.0,6650.0,600,0.0,0.0
2022-11-25 11:00:00+09:00,6690.0,6700.0,6690.0,6700.0,0,0.0,0.0
2022-11-25 12:00:00+09:00,6700.0,6700.0,6700.0,6700.0,1400,0.0,0.0
2022-11-25 13:00:00+09:00,6700.0,6770.0,6670.0,6770.0,700,0.0,0.0
2022-11-25 14:00:00+09:00,6770.0,6910.0,6700.0,6740.0,1400,0.0,0.0
2022-11-28 09:00:00+09:00,6840.0,6840.0,6640.0,6640.0,500,0.0,0.0
2022-11-28 10:00:00+09:00,6820.0,6820.0,6780.0,6780.0,600,0.0,0.0
2022-11-28 11:00:00+09:00,6780.0,6780.0,6780.0,6780.0,0,0.0,0.0
2022-11-29 09:00:00+09:00,6820.0,6820.0,6760.0,6760.0,300,0.0,0.0
2022-11-29 10:00:00+09:00,6690.0,6690.0,6650.0,6670.0,900,0.0,0.0
2022-11-29 11:00:00+09:00,6680.0,6680.0,6680.0,6680.0,0,0.0,0.0
2022-11-29 12:00:00+09:00,6620.0,6620.0,6620.0,6620.0,1400,0.0,0.0
2022-11-29 13:00:00+09:00,6680.0,6780.0,6640.0,6680.0,1000,0.0,0.0
2022-11-29 14:00:00+09:00,6680.0,6680.0,6680.0,6680.0,100,0.0,0.0
2022-11-30 09:00:00+09:00,6630.0,6630.0,6500.0,6500.0,900,0.0,0.0
2022-11-30 11:00:00+09:00,6500.0,6500.0,6500.0,6500.0,0,0.0,0.0
2022-11-30 12:00:00+09:00,6530.0,6530.0,6530.0,6530.0,1000,0.0,0.0
2022-11-30 14:00:00+09:00,6520.0,6520.0,6520.0,6520.0,100,0.0,0.0
2022-12-01 09:00:00+09:00,6520.0,6520.0,6520.0,6520.0,100,0.0,0.0
2022-12-01 10:00:00+09:00,6530.0,6530.0,6530.0,6530.0,100,0.0,0.0
2022-12-01 11:00:00+09:00,6530.0,6530.0,6530.0,6530.0,0,0.0,0.0
2022-12-01 13:00:00+09:00,6520.0,6520.0,6510.0,6510.0,400,0.0,0.0
2022-12-01 14:00:00+09:00,6510.0,6510.0,6500.0,6500.0,200,0.0,0.0
2022-12-02 09:00:00+09:00,6500.0,6500.0,6500.0,6500.0,100,0.0,0.0
2022-12-02 10:00:00+09:00,6450.0,6450.0,6390.0,6390.0,200,0.0,0.0
2022-12-02 11:00:00+09:00,6370.0,6370.0,6340.0,6340.0,0,0.0,0.0
2022-12-02 13:00:00+09:00,6380.0,6380.0,6380.0,6380.0,700,0.0,0.0
2022-12-02 14:00:00+09:00,6350.0,6350.0,6320.0,6320.0,400,0.0,0.0
2022-12-05 10:00:00+09:00,6290.0,6290.0,6290.0,6290.0,100,0.0,0.0
2022-12-05 11:00:00+09:00,6290.0,6290.0,6290.0,6290.0,0,0.0,0.0
2022-12-05 13:00:00+09:00,6260.0,6260.0,6230.0,6230.0,300,0.0,0.0
2022-12-06 09:00:00+09:00,6180.0,6180.0,6010.0,6100.0,600,0.0,0.0
2022-12-06 10:00:00+09:00,6100.0,6100.0,6100.0,6100.0,200,0.0,0.0
2022-12-06 11:00:00+09:00,6050.0,6050.0,6040.0,6040.0,0,0.0,0.0
2022-12-06 12:00:00+09:00,6020.0,6020.0,6020.0,6020.0,1200,0.0,0.0
2022-12-06 13:00:00+09:00,6040.0,6080.0,6010.0,6010.0,500,0.0,0.0
2022-12-06 14:00:00+09:00,6010.0,6010.0,6000.0,6000.0,300,0.0,0.0
2022-12-07 09:00:00+09:00,6000.0,6000.0,5620.0,5650.0,2000,0.0,0.0
2022-12-07 10:00:00+09:00,5850.0,5850.0,5800.0,5800.0,300,0.0,0.0
2022-12-07 11:00:00+09:00,5810.0,5940.0,5810.0,5940.0,0,0.0,0.0
2022-12-07 13:00:00+09:00,5820.0,5820.0,5670.0,5700.0,5500,0.0,0.0
2022-12-07 14:00:00+09:00,5680.0,5800.0,5680.0,5800.0,700,0.0,0.0
2022-12-08 09:00:00+09:00,5740.0,5740.0,5570.0,5570.0,1900,0.0,0.0
2022-12-08 10:00:00+09:00,5550.0,5550.0,5450.0,5500.0,1300,0.0,0.0
2022-12-08 11:00:00+09:00,5500.0,5500.0,5500.0,5500.0,0,0.0,0.0
2022-12-08 12:00:00+09:00,5510.0,5690.0,5510.0,5690.0,3400,0.0,0.0
2022-12-08 13:00:00+09:00,5600.0,5620.0,5600.0,5620.0,300,0.0,0.0
2022-12-08 14:00:00+09:00,5600.0,5660.0,5600.0,5660.0,400,0.0,0.0
2022-12-09 09:00:00+09:00,5670.0,5800.0,5670.0,5800.0,800,0.0,0.0
2022-12-09 10:00:00+09:00,5900.0,6300.0,5900.0,6080.0,2400,0.0,0.0
2022-12-09 11:00:00+09:00,6110.0,6360.0,6110.0,6320.0,0,0.0,0.0
2022-12-09 12:00:00+09:00,6350.0,6350.0,6260.0,6340.0,6200,0.0,0.0
2022-12-09 13:00:00+09:00,6340.0,6470.0,6230.0,6440.0,2000,0.0,0.0
2022-12-09 14:00:00+09:00,6470.0,6660.0,6140.0,6450.0,11600,0.0,0.0
2022-12-12 09:00:00+09:00,6500.0,6500.0,6150.0,6150.0,0,0.0,0.0
2022-12-12 10:00:00+09:00,6320.0,6320.0,6320.0,6320.0,100,0.0,0.0
2022-12-12 11:00:00+09:00,6320.0,6320.0,6320.0,6320.0,0,0.0,0.0
2022-12-12 12:00:00+09:00,6220.0,6220.0,6220.0,6220.0,2700,0.0,0.0
2022-12-12 14:00:00+09:00,6220.0,6270.0,6220.0,6270.0,400,0.0,0.0
2022-12-13 09:00:00+09:00,6340.0,6340.0,6150.0,6150.0,900,0.0,0.0
2022-12-13 10:00:00+09:00,6120.0,6120.0,6070.0,6100.0,500,0.0,0.0
2022-12-13 11:00:00+09:00,6050.0,6050.0,6020.0,6020.0,0,0.0,0.0
2022-12-13 12:00:00+09:00,6000.0,6100.0,6000.0,6100.0,2600,0.0,0.0
2022-12-13 13:00:00+09:00,6100.0,6100.0,6100.0,6100.0,100,0.0,0.0
2022-12-15 09:00:00+09:00,6080.0,6090.0,6080.0,6090.0,300,0.0,0.0
2022-12-15 11:00:00+09:00,6200.0,6400.0,6200.0,6300.0,0,0.0,0.0
2022-12-15 12:00:00+09:00,6300.0,6420.0,6300.0,6420.0,1600,0.0,0.0
2022-12-15 13:00:00+09:00,6450.0,6450.0,6350.0,6350.0,400,0.0,0.0
2022-12-16 09:00:00+09:00,6350.0,6440.0,6220.0,6410.0,0,0.0,0.0
2022-12-16 10:00:00+09:00,6310.0,6310.0,6300.0,6300.0,2300,0.0,0.0
2022-12-16 11:00:00+09:00,6300.0,6300.0,6300.0,6300.0,0,0.0,0.0
2022-12-16 14:00:00+09:00,6330.0,6360.0,6330.0,6330.0,2800,0.0,0.0
2022-12-19 09:00:00+09:00,6330.0,6330.0,6330.0,6330.0,100,0.0,0.0
2022-12-19 10:00:00+09:00,6280.0,6280.0,6210.0,6210.0,800,0.0,0.0
2022-12-19 11:00:00+09:00,6210.0,6210.0,6210.0,6210.0,0,0.0,0.0
2022-12-20 09:00:00+09:00,6160.0,6180.0,6160.0,6180.0,200,0.0,0.0
2022-12-20 11:00:00+09:00,6180.0,6180.0,6180.0,6180.0,0,0.0,0.0
2022-12-20 12:00:00+09:00,6140.0,6140.0,6020.0,6020.0,1700,0.0,0.0
2022-12-20 13:00:00+09:00,6010.0,6100.0,5890.0,5900.0,1600,0.0,0.0
2022-12-20 14:00:00+09:00,5860.0,5860.0,5760.0,5800.0,1400,0.0,0.0
2022-12-21 09:00:00+09:00,5660.0,5850.0,5660.0,5850.0,1300,0.0,0.0
2022-12-21 10:00:00+09:00,5850.0,5850.0,5630.0,5630.0,1300,0.0,0.0
2022-12-21 11:00:00+09:00,5790.0,5790.0,5790.0,5790.0,0,0.0,0.0
2022-12-21 13:00:00+09:00,5980.0,5980.0,5880.0,5920.0,3000,0.0,0.0
2022-12-22 09:00:00+09:00,6120.0,6140.0,6020.0,6110.0,1000,0.0,0.0
2022-12-22 11:00:00+09:00,6110.0,6110.0,6110.0,6110.0,0,0.0,0.0
2022-12-22 12:00:00+09:00,6090.0,6090.0,6090.0,6090.0,1100,0.0,0.0
2022-12-22 14:00:00+09:00,6050.0,6050.0,6050.0,6050.0,100,0.0,0.0
2022-12-23 11:00:00+09:00,6050.0,6050.0,6050.0,6050.0,300,0.0,0.0
2022-12-23 12:00:00+09:00,6050.0,6050.0,6040.0,6040.0,1000,0.0,0.0
2022-12-23 14:00:00+09:00,5850.0,5850.0,5850.0,5850.0,100,0.0,0.0
2022-12-26 11:00:00+09:00,5920.0,5920.0,5920.0,5920.0,0,0.0,0.0
2022-12-26 12:00:00+09:00,5970.0,5970.0,5970.0,5970.0,600,0.0,0.0
2022-12-26 13:00:00+09:00,5880.0,5900.0,5880.0,5900.0,200,0.0,0.0
2022-12-27 11:00:00+09:00,5990.0,5990.0,5990.0,5990.0,200,0.0,0.0
2022-12-27 12:00:00+09:00,6000.0,6030.0,6000.0,6030.0,500,0.0,0.0
2022-12-27 13:00:00+09:00,6130.0,6130.0,6080.0,6100.0,500,0.0,0.0
2022-12-27 14:00:00+09:00,6100.0,6100.0,6100.0,6100.0,300,0.0,0.0
2022-12-28 10:00:00+09:00,6040.0,6040.0,6000.0,6000.0,400,0.0,0.0
2022-12-28 11:00:00+09:00,6000.0,6000.0,6000.0,6000.0,0,0.0,0.0
2022-12-28 13:00:00+09:00,6010.0,6010.0,6010.0,6010.0,500,0.0,0.0
2022-12-28 14:00:00+09:00,6020.0,6040.0,6020.0,6030.0,500,0.0,0.0
2022-12-29 09:00:00+09:00,5980.0,5980.0,5970.0,5970.0,200,0.0,0.0
2022-12-29 10:00:00+09:00,5880.0,6000.0,5870.0,5870.0,300,0.0,0.0
2022-12-29 11:00:00+09:00,5870.0,5870.0,5870.0,5870.0,0,0.0,0.0
2022-12-29 13:00:00+09:00,5880.0,5880.0,5870.0,5870.0,1100,0.0,0.0
2022-12-29 14:00:00+09:00,5890.0,5920.0,5870.0,5870.0,800,0.0,0.0
2023-01-04 09:00:00+09:00,5970.0,5970.0,5940.0,5940.0,100,0.0,0.0
2023-01-04 11:00:00+09:00,5940.0,5940.0,5940.0,5940.0,0,0.0,0.0
2023-01-04 12:00:00+09:00,5940.0,5940.0,5940.0,5940.0,300,0.0,0.0
2023-01-04 13:00:00+09:00,5910.0,5910.0,5910.0,5910.0,100,0.0,0.0
2023-01-04 14:00:00+09:00,5920.0,5920.0,5920.0,5920.0,100,0.0,0.0
2023-01-05 10:00:00+09:00,6020.0,6020.0,5920.0,5920.0,200,0.0,0.0
2023-01-05 11:00:00+09:00,5920.0,5920.0,5920.0,5920.0,0,0.0,0.0
2023-01-06 12:00:00+09:00,6000.0,6000.0,6000.0,6000.0,100,0.0,0.0
2023-01-06 14:00:00+09:00,6000.0,6000.0,5990.0,5990.0,200,0.0,0.0
2023-01-10 12:00:00+09:00,6010.0,6030.0,6010.0,6030.0,100,0.0,0.0
2023-01-10 14:00:00+09:00,6050.0,6050.0,6020.0,6020.0,200,0.0,0.0
2023-01-11 09:00:00+09:00,6120.0,6170.0,6120.0,6170.0,500,0.0,0.0
2023-01-11 10:00:00+09:00,6140.0,6180.0,6140.0,6180.0,300,0.0,0.0
2023-01-11 11:00:00+09:00,6180.0,6180.0,6180.0,6180.0,0,0.0,0.0
2023-01-11 12:00:00+09:00,6180.0,6290.0,6180.0,6290.0,1500,0.0,0.0
2023-01-11 14:00:00+09:00,6360.0,6390.0,6350.0,6350.0,700,0.0,0.0
2023-01-12 09:00:00+09:00,6360.0,6550.0,6360.0,6370.0,1200,0.0,0.0
2023-01-12 10:00:00+09:00,6590.0,6590.0,6490.0,6590.0,400,0.0,0.0
2023-01-12 11:00:00+09:00,6580.0,6580.0,6580.0,6580.0,0,0.0,0.0
2023-01-12 13:00:00+09:00,6580.0,6580.0,6580.0,6580.0,1800,0.0,0.0
2023-01-12 14:00:00+09:00,6480.0,6630.0,6480.0,6630.0,800,0.0,0.0
2023-01-13 09:00:00+09:00,6550.0,6550.0,6490.0,6490.0,300,0.0,0.0
2023-01-13 10:00:00+09:00,6390.0,6390.0,6390.0,6390.0,200,0.0,0.0
2023-01-13 11:00:00+09:00,6390.0,6390.0,6390.0,6390.0,0,0.0,0.0
2023-01-16 09:00:00+09:00,6490.0,6490.0,6490.0,6490.0,200,0.0,0.0
2023-01-16 10:00:00+09:00,6400.0,6400.0,6400.0,6400.0,100,0.0,0.0
2023-01-16 11:00:00+09:00,6340.0,6340.0,6340.0,6340.0,0,0.0,0.0
2023-01-17 09:00:00+09:00,6340.0,6340.0,6340.0,6340.0,100,0.0,0.0
2023-01-17 11:00:00+09:00,6340.0,6340.0,6340.0,6340.0,0,0.0,0.0
2023-01-17 14:00:00+09:00,6330.0,6330.0,6330.0,6330.0,300,0.0,0.0
2023-01-18 09:00:00+09:00,6230.0,6230.0,6190.0,6200.0,500,0.0,0.0
2023-01-18 11:00:00+09:00,6200.0,6200.0,6200.0,6200.0,0,0.0,0.0
2023-01-18 13:00:00+09:00,6250.0,6400.0,6250.0,6400.0,700,0.0,0.0
2023-01-18 14:00:00+09:00,6390.0,6400.0,6300.0,6300.0,300,0.0,0.0
2023-01-19 09:00:00+09:00,6210.0,6210.0,6210.0,6210.0,200,0.0,0.0
2023-01-19 11:00:00+09:00,6210.0,6210.0,6210.0,6210.0,0,0.0,0.0
2023-01-20 09:00:00+09:00,6150.0,6150.0,6150.0,6150.0,300,0.0,0.0
2023-01-20 10:00:00+09:00,6130.0,6130.0,6130.0,6130.0,100,0.0,0.0
2023-01-20 11:00:00+09:00,6130.0,6130.0,6130.0,6130.0,0,0.0,0.0
2023-01-20 12:00:00+09:00,6150.0,6150.0,6150.0,6150.0,500,0.0,0.0
2023-01-20 13:00:00+09:00,6180.0,6190.0,6180.0,6190.0,200,0.0,0.0
2023-01-20 14:00:00+09:00,6210.0,6210.0,6210.0,6210.0,100,0.0,0.0
2023-01-23 12:00:00+09:00,6110.0,6110.0,6110.0,6110.0,100,0.0,0.0
2023-01-23 14:00:00+09:00,6300.0,6300.0,6200.0,6300.0,700,0.0,0.0
2023-01-24 09:00:00+09:00,6260.0,6260.0,6260.0,6260.0,100,0.0,0.0
2023-01-24 10:00:00+09:00,6300.0,6300.0,6300.0,6300.0,200,0.0,0.0
2023-01-24 11:00:00+09:00,6300.0,6300.0,6300.0,6300.0,0,0.0,0.0
2023-01-24 14:00:00+09:00,6300.0,6300.0,6300.0,6300.0,400,0.0,0.0
2023-01-25 09:00:00+09:00,6300.0,6300.0,6300.0,6300.0,100,0.0,0.0
2023-01-25 11:00:00+09:00,6300.0,6300.0,6300.0,6300.0,0,0.0,0.0
2023-01-25 12:00:00+09:00,6300.0,6300.0,6300.0,6300.0,200,0.0,0.0
2023-01-26 09:00:00+09:00,6310.0,6310.0,6310.0,6310.0,100,0.0,0.0
2023-01-26 11:00:00+09:00,6310.0,6310.0,6310.0,6310.0,0,0.0,0.0
2023-01-26 12:00:00+09:00,6310.0,6320.0,6310.0,6320.0,300,0.0,0.0
2023-01-27 09:00:00+09:00,6340.0,6340.0,6340.0,6340.0,100,0.0,0.0
2023-01-27 11:00:00+09:00,6340.0,6340.0,6340.0,6340.0,0,0.0,0.0
2023-01-27 12:00:00+09:00,6360.0,6370.0,6360.0,6370.0,300,0.0,0.0
2023-01-27 13:00:00+09:00,6370.0,6370.0,6370.0,6370.0,100,0.0,0.0
2023-01-30 09:00:00+09:00,6340.0,6340.0,6310.0,6310.0,600,0.0,0.0
2023-01-30 10:00:00+09:00,6300.0,6300.0,6300.0,6300.0,100,0.0,0.0
2023-01-30 11:00:00+09:00,6300.0,6300.0,6300.0,6300.0,0,0.0,0.0
2023-01-30 12:00:00+09:00,6290.0,6290.0,6290.0,6290.0,800,0.0,0.0
2023-01-30 13:00:00+09:00,6250.0,6250.0,6220.0,6220.0,200,0.0,0.0
2023-01-30 14:00:00+09:00,6260.0,6260.0,6250.0,6250.0,200,0.0,0.0
2023-01-31 14:00:00+09:00,6200.0,6200.0,6200.0,6200.0,100,0.0,0.0
2023-02-01 09:00:00+09:00,6100.0,6100.0,6100.0,6100.0,100,0.0,0.0
2023-02-01 11:00:00+09:00,6100.0,6100.0,6100.0,6100.0,0,0.0,0.0
2023-02-01 12:00:00+09:00,6230.0,6230.0,6230.0,6230.0,200,0.0,0.0
2023-02-02 09:00:00+09:00,6400.0,6400.0,6400.0,6400.0,200,0.0,0.0
2023-02-02 11:00:00+09:00,6350.0,6350.0,6350.0,6350.0,0,0.0,0.0
2023-02-02 14:00:00+09:00,6350.0,6350.0,6350.0,6350.0,400,0.0,0.0
2023-02-03 12:00:00+09:00,6420.0,6420.0,6420.0,6420.0,100,0.0,0.0
2023-02-03 13:00:00+09:00,6420.0,6420.0,6420.0,6420.0,200,0.0,0.0
2023-02-03 14:00:00+09:00,6420.0,6420.0,6420.0,6420.0,200,0.0,0.0
2023-02-06 09:00:00+09:00,6320.0,6320.0,6320.0,6320.0,100,0.0,0.0
2023-02-06 10:00:00+09:00,6330.0,6330.0,6330.0,6330.0,100,0.0,0.0
2023-02-06 11:00:00+09:00,6330.0,6330.0,6330.0,6330.0,0,0.0,0.0
2023-02-06 12:00:00+09:00,6330.0,6330.0,6330.0,6330.0,400,0.0,0.0
2023-02-06 14:00:00+09:00,6420.0,6420.0,6420.0,6420.0,100,0.0,0.0
2023-02-07 10:00:00+09:00,6430.0,6430.0,6430.0,6430.0,100,0.0,0.0
2023-02-07 11:00:00+09:00,6430.0,6430.0,6430.0,6430.0,0,0.0,0.0
2023-02-07 12:00:00+09:00,6440.0,6450.0,6440.0,6450.0,300,0.0,0.0
2023-02-07 13:00:00+09:00,6410.0,6410.0,6390.0,6390.0,300,0.0,0.0
2023-02-08 09:00:00+09:00,6390.0,6390.0,6390.0,6390.0,100,0.0,0.0
2023-02-08 11:00:00+09:00,6390.0,6390.0,6390.0,6390.0,0,0.0,0.0
2023-02-08 12:00:00+09:00,6470.0,6470.0,6470.0,6470.0,300,0.0,0.0
2023-02-08 13:00:00+09:00,6470.0,6500.0,6470.0,6500.0,1100,0.0,0.0
2023-02-08 14:00:00+09:00,6600.0,6800.0,6600.0,6800.0,700,0.0,0.0
2023-02-09 10:00:00+09:00,6760.0,6760.0,6760.0,6760.0,100,0.0,0.0
2023-02-09 11:00:00+09:00,6760.0,6760.0,6760.0,6760.0,0,0.0,0.0
2023-02-09 12:00:00+09:00,6780.0,6790.0,6780.0,6790.0,300,0.0,0.0
2023-02-09 13:00:00+09:00,6800.0,6800.0,6720.0,6750.0,1100,0.0,0.0
2023-02-09 14:00:00+09:00,6750.0,6750.0,6650.0,6650.0,600,0.0,0.0
2023-02-10 09:00:00+09:00,6750.0,7000.0,6750.0,6910.0,2000,0.0,0.0
2023-02-10 10:00:00+09:00,6870.0,6890.0,6820.0,6820.0,900,0.0,0.0
2023-02-10 11:00:00+09:00,6830.0,6940.0,6830.0,6940.0,0,0.0,0.0
2023-02-10 12:00:00+09:00,6930.0,6960.0,6840.0,6960.0,4200,0.0,0.0
2023-02-10 13:00:00+09:00,7000.0,7490.0,6920.0,7320.0,9800,0.0,0.0
2023-02-10 14:00:00+09:00,7310.0,7340.0,6800.0,7000.0,4600,0.0,0.0
2023-02-13 09:00:00+09:00,7820.0,7820.0,7400.0,7800.0,7000,0.0,0.0
2023-02-13 10:00:00+09:00,7800.0,7800.0,7550.0,7670.0,1400,0.0,0.0
2023-02-13 11:00:00+09:00,7670.0,7690.0,7670.0,7690.0,0,0.0,0.0
2023-02-13 12:00:00+09:00,7620.0,7670.0,7610.0,7670.0,9200,0.0,0.0
2023-02-13 13:00:00+09:00,7690.0,7730.0,7690.0,7730.0,1000,0.0,0.0
2023-02-13 14:00:00+09:00,7720.0,7820.0,7700.0,7820.0,2400,0.0,0.0
2023-02-14 09:00:00+09:00,7970.0,8310.0,7970.0,8310.0,3400,0.0,0.0
2023-02-14 10:00:00+09:00,8400.0,8870.0,8400.0,8430.0,2000,0.0,0.0
2023-02-14 11:00:00+09:00,8280.0,8280.0,8170.0,8170.0,0,0.0,0.0
2023-02-14 12:00:00+09:00,8300.0,8490.0,8300.0,8490.0,6500,0.0,0.0
2023-02-14 13:00:00+09:00,8500.0,8570.0,8250.0,8570.0,5300,0.0,0.0
2023-02-14 14:00:00+09:00,8560.0,8560.0,8390.0,8470.0,800,0.0,0.0
2023-02-15 09:00:00+09:00,8470.0,8470.0,8010.0,8380.0,3500,0.0,0.0
2023-02-15 10:00:00+09:00,8420.0,8470.0,8390.0,8390.0,600,0.0,0.0
2023-02-15 11:00:00+09:00,8350.0,8350.0,8290.0,8330.0,0,0.0,0.0
2023-02-15 12:00:00+09:00,8330.0,8330.0,8330.0,8330.0,5000,0.0,0.0
2023-02-15 13:00:00+09:00,8350.0,8350.0,8210.0,8220.0,900,0.0,0.0
2023-02-16 09:00:00+09:00,8140.0,8180.0,8110.0,8180.0,500,0.0,0.0
2023-02-16 10:00:00+09:00,8190.0,8390.0,8190.0,8390.0,1100,0.0,0.0
2023-02-16 11:00:00+09:00,8390.0,8500.0,8370.0,8370.0,0,0.0,0.0
2023-02-16 13:00:00+09:00,8360.0,8360.0,8360.0,8360.0,3800,0.0,0.0
2023-02-16 14:00:00+09:00,8360.0,8500.0,8360.0,8500.0,400,0.0,0.0
2023-02-17 09:00:00+09:00,8490.0,8490.0,8350.0,8350.0,800,0.0,0.0
2023-02-17 11:00:00+09:00,8350.0,8350.0,8350.0,8350.0,0,0.0,0.0
2023-02-17 12:00:00+09:00,8430.0,8450.0,8430.0,8450.0,1000,0.0,0.0
2023-02-17 14:00:00+09:00,8410.0,8460.0,8400.0,8450.0,700,0.0,0.0
2023-02-20 09:00:00+09:00,8540.0,8990.0,8540.0,8990.0,0,0.0,0.0
2023-02-20 10:00:00+09:00,9000.0,9100.0,8940.0,9100.0,3700,0.0,0.0
2023-02-20 11:00:00+09:00,9100.0,9100.0,9100.0,9100.0,0,0.0,0.0
2023-02-20 12:00:00+09:00,9090.0,9100.0,9010.0,9100.0,4300,0.0,0.0
2023-02-20 13:00:00+09:00,9010.0,9010.0,8960.0,8970.0,700,0.0,0.0
2023-02-20 14:00:00+09:00,9070.0,9180.0,9060.0,9170.0,2400,0.0,0.0
2023-02-21 09:00:00+09:00,9410.0,9700.0,9240.0,9240.0,2000,0.0,0.0
2023-02-21 10:00:00+09:00,9330.0,9460.0,9280.0,9280.0,1100,0.0,0.0
2023-02-21 11:00:00+09:00,9380.0,9380.0,9380.0,9380.0,0,0.0,0.0
2023-02-21 12:00:00+09:00,9260.0,9260.0,9200.0,9200.0,3700,0.0,0.0
2023-02-21 14:00:00+09:00,9110.0,9110.0,8840.0,8940.0,0,0.0,0.0
2023-02-22 09:00:00+09:00,8640.0,8890.0,8640.0,8830.0,1900,0.0,0.0
2023-02-22 10:00:00+09:00,8800.0,8900.0,8790.0,8900.0,400,0.0,0.0
2023-02-22 11:00:00+09:00,8790.0,8790.0,8790.0,8790.0,0,0.0,0.0
2023-02-22 12:00:00+09:00,8780.0,8780.0,8780.0,8780.0,2700,0.0,0.0
2023-02-22 13:00:00+09:00,8690.0,8690.0,8690.0,8690.0,100,0.0,0.0
2023-02-22 14:00:00+09:00,8650.0,8650.0,8600.0,8600.0,200,0.0,0.0
2023-02-24 09:00:00+09:00,8580.0,8600.0,8570.0,8570.0,0,0.0,0.0
2023-02-24 11:00:00+09:00,8570.0,8570.0,8570.0,8570.0,0,0.0,0.0
2023-02-24 12:00:00+09:00,8870.0,8870.0,8650.0,8650.0,800,0.0,0.0
2023-02-24 14:00:00+09:00,8600.0,8600.0,8250.0,8250.0,3800,0.0,0.0
2023-02-27 09:00:00+09:00,8250.0,8490.0,8250.0,8490.0,900,0.0,0.0
2023-02-27 10:00:00+09:00,8460.0,8460.0,8310.0,8310.0,800,0.0,0.0
2023-02-27 11:00:00+09:00,8300.0,8300.0,8300.0,8300.0,0,0.0,0.0
2023-02-27 12:00:00+09:00,8450.0,8450.0,8380.0,8380.0,2200,0.0,0.0
2023-02-27 13:00:00+09:00,8340.0,8340.0,8000.0,8180.0,2400,0.0,0.0
2023-02-28 09:00:00+09:00,8150.0,8150.0,8150.0,8150.0,300,0.0,0.0
2023-02-28 11:00:00+09:00,8150.0,8150.0,8150.0,8150.0,0,0.0,0.0
2023-02-28 12:00:00+09:00,8150.0,8160.0,8000.0,8160.0,1000,0.0,0.0
2023-02-28 14:00:00+09:00,8160.0,8160.0,8160.0,8160.0,100,0.0,0.0
2023-03-01 09:00:00+09:00,8160.0,8390.0,8160.0,8390.0,900,0.0,0.0
2023-03-01 10:00:00+09:00,8250.0,8350.0,8250.0,8350.0,300,0.0,0.0
2023-03-01 11:00:00+09:00,8350.0,8350.0,8350.0,8350.0,0,0.0,0.0
2023-03-01 13:00:00+09:00,8350.0,8390.0,8350.0,8390.0,1500,0.0,0.0
2023-03-01 14:00:00+09:00,8390.0,8400.0,8390.0,8400.0,600,0.0,0.0
2023-03-02 09:00:00+09:00,8410.0,8560.0,8410.0,8550.0,400,0.0,0.0
2023-03-02 10:00:00+09:00,8510.0,8590.0,8510.0,8590.0,300,0.0,0.0
2023-03-02 11:00:00+09:00,8630.0,8630.0,8630.0,8630.0,0,0.0,0.0
2023-03-02 13:00:00+09:00,8550.0,8550.0,8550.0,8550.0,900,0.0,0.0
2023-03-02 14:00:00+09:00,8510.0,8510.0,8500.0,8500.0,200,0.0,0.0
2023-03-03 09:00:00+09:00,8510.0,8510.0,8510.0,8510.0,100,0.0,0.0
2023-03-03 10:00:00+09:00,8390.0,8390.0,8390.0,8390.0,300,0.0,0.0
2023-03-03 11:00:00+09:00,8380.0,8380.0,8380.0,8380.0,0,0.0,0.0
2023-03-03 12:00:00+09:00,8360.0,8360.0,8360.0,8360.0,800,0.0,0.0
2023-03-06 09:00:00+09:00,8500.0,8500.0,8350.0,8350.0,200,0.0,0.0
2023-03-06 10:00:00+09:00,8310.0,8310.0,8240.0,8260.0,800,0.0,0.0
2023-03-06 11:00:00+09:00,8200.0,8200.0,8110.0,8200.0,0,0.0,0.0
2023-03-06 12:00:00+09:00,8210.0,8300.0,8210.0,8300.0,1800,0.0,0.0
2023-03-06 13:00:00+09:00,8330.0,8330.0,8330.0,8330.0,100,0.0,0.0
2023-03-06 14:00:00+09:00,8320.0,8360.0,8250.0,8360.0,400,0.0,0.0
2023-03-07 09:00:00+09:00,8210.0,8220.0,8090.0,8220.0,0,0.0,0.0
2023-03-07 11:00:00+09:00,8220.0,8220.0,8220.0,8220.0,0,0.0,0.0
2023-03-07 12:00:00+09:00,8110.0,8120.0,8110.0,8110.0,1600,0.0,0.0
2023-03-07 13:00:00+09:00,8100.0,8120.0,8100.0,8120.0,300,0.0,0.0
2023-03-07 14:00:00+09:00,8100.0,8100.0,8000.0,8090.0,1800,0.0,0.0
2023-03-08 09:00:00+09:00,8090.0,8090.0,8090.0,8090.0,300,0.0,0.0
2023-03-08 10:00:00+09:00,8130.0,8150.0,8130.0,8150.0,300,0.0,0.0
2023-03-08 11:00:00+09:00,8150.0,8150.0,8150.0,8150.0,0,0.0,0.0
2023-03-08 12:00:00+09:00,8190.0,8200.0,8190.0,8200.0,900,0.0,0.0
2023-03-08 13:00:00+09:00,8110.0,8110.0,8110.0,8110.0,100,0.0,0.0
2023-03-08 14:00:00+09:00,8110.0,8110.0,8110.0,8110.0,100,0.0,0.0
2023-03-09 09:00:00+09:00,8120.0,8120.0,8090.0,8090.0,200,0.0,0.0
2023-03-09 10:00:00+09:00,8060.0,8060.0,8000.0,8000.0,400,0.0,0.0
2023-03-09 11:00:00+09:00,8000.0,8000.0,8000.0,8000.0,0,0.0,0.0
2023-03-09 13:00:00+09:00,8110.0,8110.0,8110.0,8110.0,700,0.0,0.0
2023-03-09 14:00:00+09:00,8170.0,8200.0,8170.0,8200.0,300,0.0,0.0
2023-03-10 09:00:00+09:00,8030.0,8030.0,8020.0,8020.0,900,0.0,0.0
2023-03-10 10:00:00+09:00,8010.0,8010.0,7930.0,7930.0,1500,0.0,0.0
2023-03-10 11:00:00+09:00,7990.0,7990.0,7940.0,7940.0,0,0.0,0.0
2023-03-10 12:00:00+09:00,7990.0,7990.0,7930.0,7930.0,2900,0.0,0.0
2023-03-10 14:00:00+09:00,7950.0,7950.0,7950.0,7950.0,100,0.0,0.0
2023-03-13 09:00:00+09:00,7700.0,7740.0,7580.0,7740.0,0,0.0,0.0
2023-03-13 10:00:00+09:00,7720.0,7720.0,7700.0,7700.0,2400,0.0,0.0
2023-03-13 11:00:00+09:00,7680.0,7680.0,7660.0,7660.0,0,0.0,0.0
2023-03-13 12:00:00+09:00,7650.0,7660.0,7590.0,7590.0,3600,0.0,0.0
2023-03-13 13:00:00+09:00,7730.0,7730.0,7550.0,7550.0,900,0.0,0.0
2023-03-14 14:00:00+09:00,7940.0,8040.0,7790.0,7980.0,1800,0.0,0.0
2023-03-15 09:00:00+09:00,8130.0,8130.0,7990.0,7990.0,800,0.0,0.0
2023-03-15 10:00:00+09:00,8100.0,8220.0,8050.0,8220.0,1200,0.0,0.0
2023-03-15 11:00:00+09:00,8220.0,8220.0,8220.0,8220.0,0,0.0,0.0
2023-03-15 12:00:00+09:00,8230.0,8230.0,8230.0,8230.0,2300,0.0,0.0
2023-03-15 13:00:00+09:00,8110.0,8110.0,8100.0,8100.0,200,0.0,0.0
2023-03-15 14:00:00+09:00,8100.0,8100.0,8100.0,8100.0,100,0.0,0.0
2023-03-16 09:00:00+09:00,7990.0,7990.0,7970.0,7980.0,400,0.0,0.0
2023-03-16 10:00:00+09:00,7830.0,7830.0,7830.0,7830.0,100,0.0,0.0
2023-03-16 11:00:00+09:00,7830.0,7830.0,7830.0,7830.0,0,0.0,0.0
2023-03-16 12:00:00+09:00,7800.0,7800.0,7800.0,7800.0,600,0.0,0.0
2023-03-16 13:00:00+09:00,7820.0,7890.0,7820.0,7890.0,300,0.0,0.0
2023-03-16 14:00:00+09:00,7900.0,7900.0,7900.0,7900.0,100,0.0,0.0
2023-03-17 09:00:00+09:00,7900.0,7900.0,7900.0,7900.0,0,0.0,0.0
2023-03-17 11:00:00+09:00,7900.0,7900.0,7900.0,7900.0,0,0.0,0.0
2023-03-17 12:00:00+09:00,8050.0,8080.0,8050.0,8080.0,400,0.0,0.0
2023-03-20 13:00:00+09:00,7810.0,7810.0,7810.0,7810.0,200,0.0,0.0
2023-03-20 14:00:00+09:00,7800.0,7800.0,7620.0,7660.0,1100,0.0,0.0
2023-03-22 09:00:00+09:00,7660.0,7810.0,7660.0,7700.0,0,0.0,0.0
2023-03-22 10:00:00+09:00,7670.0,7670.0,7620.0,7620.0,600,0.0,0.0
2023-03-22 11:00:00+09:00,7550.0,7550.0,7550.0,7550.0,0,0.0,0.0
2023-03-22 12:00:00+09:00,7560.0,7700.0,7560.0,7700.0,1400,0.0,0.0
2023-03-22 13:00:00+09:00,7600.0,7600.0,7600.0,7600.0,100,0.0,0.0
2023-03-22 14:00:00+09:00,7600.0,7680.0,7550.0,7680.0,300,0.0,0.0
2023-03-23 09:00:00+09:00,7650.0,7690.0,7510.0,7510.0,400,0.0,0.0
2023-03-23 10:00:00+09:00,7500.0,7500.0,7490.0,7490.0,500,0.0,0.0
2023-03-23 11:00:00+09:00,7490.0,7490.0,7490.0,7490.0,0,0.0,0.0
2023-03-23 12:00:00+09:00,7450.0,7450.0,7450.0,7450.0,1000,0.0,0.0
2023-03-23 13:00:00+09:00,7450.0,7450.0,7450.0,7450.0,200,0.0,0.0
2023-03-24 09:00:00+09:00,7530.0,7530.0,7500.0,7500.0,400,0.0,0.0
2023-03-24 10:00:00+09:00,7590.0,7590.0,7590.0,7590.0,100,0.0,0.0
2023-03-24 11:00:00+09:00,7590.0,7590.0,7590.0,7590.0,0,0.0,0.0
2023-03-24 12:00:00+09:00,7600.0,7600.0,7600.0,7600.0,600,0.0,0.0
2023-03-24 13:00:00+09:00,7610.0,7610.0,7610.0,7610.0,100,0.0,0.0
2023-03-27 09:00:00+09:00,7610.0,7620.0,7500.0,7500.0,800,0.0,0.0
2023-03-27 10:00:00+09:00,7500.0,7500.0,7500.0,7500.0,100,0.0,0.0
2023-03-27 11:00:00+09:00,7590.0,7590.0,7590.0,7590.0,0,0.0,0.0
2023-03-27 12:00:00+09:00,7610.0,7610.0,7610.0,7610.0,1100,0.0,0.0
2023-03-27 13:00:00+09:00,7590.0,7600.0,7560.0,7560.0,300,0.0,0.0
2023-03-27 14:00:00+09:00,7670.0,7700.0,7670.0,7700.0,400,0.0,0.0
2023-03-28 11:00:00+09:00,7740.0,7740.0,7740.0,7740.0,100,0.0,0.0
2023-03-28 12:00:00+09:00,7700.0,7700.0,7700.0,7700.0,400,0.0,0.0
2023-03-28 13:00:00+09:00,7600.0,7600.0,7600.0,7600.0,100,0.0,0.0
2023-03-28 14:00:00+09:00,7600.0,7600.0,7600.0,7600.0,200,0.0,0.0
2023-03-29 09:00:00+09:00,7570.0,7640.0,7510.0,7600.0,700,0.0,0.0
2023-03-29 10:00:00+09:00,7690.0,7700.0,7690.0,7700.0,200,0.0,0.0
2023-03-29 11:00:00+09:00,7700.0,7700.0,7700.0,7700.0,0,0.0,0.0
2023-03-29 13:00:00+09:00,7700.0,7700.0,7700.0,7700.0,1000,0.0,0.0
2023-03-29 14:00:00+09:00,7620.0,7620.0,7600.0,7610.0,500,0.0,0.0
2023-03-30 12:00:00+09:00,7750.0,7750.0,7750.0,7750.0,100,0.0,0.0
2023-03-30 14:00:00+09:00,7610.0,7760.0,7610.0,7760.0,200,0.0,0.0
2023-03-31 09:00:00+09:00,7760.0,7760.0,7760.0,7760.0,100,0.0,0.0
2023-03-31 10:00:00+09:00,7760.0,7810.0,7670.0,7670.0,500,0.0,0.0
2023-03-31 11:00:00+09:00,7670.0,7670.0,7670.0,7670.0,0,0.0,0.0
2023-03-31 12:00:00+09:00,7680.0,7680.0,7680.0,7680.0,800,0.0,0.0
2023-03-31 13:00:00+09:00,7680.0,7680.0,7680.0,7680.0,100,0.0,0.0
2023-03-31 14:00:00+09:00,7680.0,7710.0,7680.0,7700.0,300,0.0,0.0
2023-04-03 09:00:00+09:00,7670.0,7950.0,7600.0,7950.0,3300,0.0,0.0
2023-04-03 10:00:00+09:00,7830.0,7850.0,7800.0,7800.0,400,0.0,0.0
2023-04-03 11:00:00+09:00,7800.0,7800.0,7800.0,7800.0,0,0.0,0.0
2023-04-03 12:00:00+09:00,7890.0,7890.0,7760.0,7760.0,4100,0.0,0.0
2023-04-03 13:00:00+09:00,7800.0,7800.0,7800.0,7800.0,100,0.0,0.0
2023-04-03 14:00:00+09:00,7800.0,7890.0,7770.0,7770.0,400,0.0,0.0
2023-04-04 09:00:00+09:00,7840.0,7890.0,7750.0,7750.0,1500,0.0,0.0
2023-04-04 11:00:00+09:00,7750.0,7750.0,7750.0,7750.0,0,0.0,0.0
2023-04-04 12:00:00+09:00,7750.0,7750.0,7730.0,7730.0,2000,0.0,0.0
2023-04-04 14:00:00+09:00,7730.0,7730.0,7730.0,7730.0,100,0.0,0.0
2023-04-05 09:00:00+09:00,7880.0,8710.0,7810.0,8460.0,9500,0.0,0.0
2023-04-05 10:00:00+09:00,8330.0,8950.0,8300.0,8450.0,12200,0.0,0.0
2023-04-05 11:00:00+09:00,8330.0,8420.0,8250.0,8250.0,0,0.0,0.0
2023-04-05 12:00:00+09:00,8310.0,8310.0,7920.0,8160.0,27600,0.0,0.0
2023-04-05 13:00:00+09:00,8010.0,8260.0,7990.0,8010.0,2700,0.0,0.0
2023-04-05 14:00:00+09:00,8020.0,8430.0,8020.0,8430.0,3400,0.0,0.0
2023-04-06 09:00:00+09:00,8430.0,8430.0,8080.0,8120.0,2100,0.0,0.0
2023-04-06 10:00:00+09:00,8140.0,8340.0,8100.0,8190.0,4700,0.0,0.0
2023-04-06 11:00:00+09:00,8140.0,8140.0,8140.0,8140.0,0,0.0,0.0
2023-04-06 12:00:00+09:00,8120.0,8120.0,7970.0,8100.0,11600,0.0,0.0
2023-04-06 13:00:00+09:00,8000.0,8010.0,7990.0,8000.0,400,0.0,0.0
2023-04-06 14:00:00+09:00,7980.0,8140.0,7950.0,7990.0,2000,0.0,0.0
2023-04-07 09:00:00+09:00,8210.0,8600.0,8210.0,8500.0,3400,0.0,0.0
2023-04-07 10:00:00+09:00,8470.0,8590.0,8470.0,8470.0,500,0.0,0.0
2023-04-07 11:00:00+09:00,8470.0,8470.0,8470.0,8470.0,0,0.0,0.0
2023-04-07 12:00:00+09:00,8400.0,8400.0,8300.0,8380.0,5000,0.0,0.0
2023-04-07 13:00:00+09:00,8230.0,8230.0,8230.0,8230.0,100,0.0,0.0
2023-04-07 14:00:00+09:00,8230.0,8380.0,8230.0,8380.0,200,0.0,0.0
2023-04-10 09:00:00+09:00,8650.0,8650.0,8620.0,8640.0,0,0.0,0.0
2023-04-10 10:00:00+09:00,8500.0,8500.0,8410.0,8450.0,600,0.0,0.0
2023-04-10 11:00:00+09:00,8460.0,8460.0,8460.0,8460.0,0,0.0,0.0
2023-04-10 12:00:00+09:00,8450.0,8450.0,8440.0,8440.0,1900,0.0,0.0
2023-04-10 13:00:00+09:00,8430.0,8430.0,8420.0,8420.0,500,0.0,0.0
2023-04-10 14:00:00+09:00,8500.0,8560.0,8500.0,8560.0,200,0.0,0.0
2023-04-11 09:00:00+09:00,8600.0,8600.0,8500.0,8530.0,600,0.0,0.0
2023-04-11 10:00:00+09:00,8550.0,8560.0,8540.0,8560.0,400,0.0,0.0
2023-04-11 11:00:00+09:00,8550.0,8550.0,8550.0,8550.0,0,0.0,0.0
2023-04-11 12:00:00+09:00,8530.0,8530.0,8500.0,8500.0,1500,0.0,0.0
2023-04-11 13:00:00+09:00,8500.0,8500.0,8500.0,8500.0,200,0.0,0.0
2023-04-11 14:00:00+09:00,8550.0,8550.0,8550.0,8550.0,100,0.0,0.0
2023-04-12 09:00:00+09:00,8550.0,8890.0,8550.0,8870.0,1300,0.0,0.0
2023-04-12 10:00:00+09:00,8800.0,8900.0,8640.0,8750.0,1900,0.0,0.0
2023-04-12 11:00:00+09:00,8740.0,8990.0,8740.0,8990.0,0,0.0,0.0
2023-04-12 12:00:00+09:00,8980.0,9300.0,8980.0,9120.0,9500,0.0,0.0
2023-04-12 13:00:00+09:00,9210.0,9330.0,9100.0,9160.0,2200,0.0,0.0
2023-04-12 14:00:00+09:00,9160.0,9160.0,8850.0,9100.0,1200,0.0,0.0
2023-04-13 09:00:00+09:00,9060.0,9100.0,9010.0,9100.0,1000,0.0,0.0
2023-04-13 10:00:00+09:00,9120.0,9410.0,9120.0,9380.0,3000,0.0,0.0
2023-04-13 11:00:00+09:00,9380.0,9380.0,9380.0,9380.0,0,0.0,0.0
2023-04-13 12:00:00+09:00,9230.0,9270.0,9180.0,9270.0,4800,0.0,0.0
2023-04-13 13:00:00+09:00,9300.0,9390.0,9170.0,9390.0,1300,0.0,0.0
2023-04-13 14:00:00+09:00,9380.0,9380.0,9200.0,9200.0,700,0.0,0.0
2023-04-14 09:00:00+09:00,9400.0,9440.0,9400.0,9440.0,400,0.0,0.0
2023-04-14 10:00:00+09:00,9290.0,9420.0,9290.0,9420.0,400,0.0,0.0
2023-04-14 11:00:00+09:00,9450.0,9470.0,9450.0,9470.0,0,0.0,0.0
2023-04-14 12:00:00+09:00,9470.0,9470.0,9340.0,9340.0,1800,0.0,0.0
2023-04-14 13:00:00+09:00,9340.0,9480.0,9340.0,9480.0,300,0.0,0.0
2023-04-14 14:00:00+09:00,9500.0,9990.0,9500.0,9990.0,3400,0.0,0.0
2023-04-17 09:00:00+09:00,10310.0,10460.0,9760.0,9900.0,5700,0.0,0.0
2023-04-17 10:00:00+09:00,9940.0,9960.0,9750.0,9960.0,1700,0.0,0.0
2023-04-17 11:00:00+09:00,9950.0,9950.0,9950.0,9950.0,0,0.0,0.0
2023-04-17 12:00:00+09:00,9970.0,10150.0,9970.0,9970.0,8700,0.0,0.0
2023-04-17 13:00:00+09:00,9950.0,9950.0,9900.0,9900.0,200,0.0,0.0
2023-04-18 09:00:00+09:00,9970.0,9970.0,9500.0,9500.0,0,0.0,0.0
2023-04-18 10:00:00+09:00,9460.0,9630.0,9430.0,9630.0,2900,0.0,0.0
2023-04-18 11:00:00+09:00,9630.0,9630.0,9630.0,9630.0,0,0.0,0.0
2023-04-18 12:00:00+09:00,9780.0,9780.0,9630.0,9770.0,3200,0.0,0.0
2023-04-18 13:00:00+09:00,9620.0,9620.0,9330.0,9330.0,2100,0.0,0.0
2023-04-18 14:00:00+09:00,9480.0,9720.0,9450.0,9720.0,700,0.0,0.0
2023-04-19 09:00:00+09:00,9600.0,9600.0,9420.0,9420.0,600,0.0,0.0
2023-04-19 10:00:00+09:00,9490.0,9640.0,9360.0,9360.0,600,0.0,0.0
2023-04-19 11:00:00+09:00,9360.0,9360.0,9360.0,9360.0,0,0.0,0.0
2023-04-19 12:00:00+09:00,9370.0,9510.0,9370.0,9510.0,1500,0.0,0.0
2023-04-19 13:00:00+09:00,9530.0,9550.0,9530.0,9550.0,300,0.0,0.0
2023-04-19 14:00:00+09:00,9640.0,9670.0,9570.0,9670.0,300,0.0,0.0
2023-04-20 09:00:00+09:00,9520.0,9520.0,9520.0,9520.0,100,0.0,0.0
2023-04-20 10:00:00+09:00,9600.0,9630.0,9600.0,9630.0,200,0.0,0.0
2023-04-20 11:00:00+09:00,9530.0,9530.0,9530.0,9530.0,0,0.0,0.0
2023-04-20 12:00:00+09:00,9600.0,9620.0,9600.0,9620.0,700,0.0,0.0
2023-04-20 13:00:00+09:00,9610.0,9630.0,9610.0,9630.0,300,0.0,0.0
2023-04-20 14:00:00+09:00,9540.0,9540.0,9410.0,9470.0,600,0.0,0.0
2023-04-21 09:00:00+09:00,9470.0,9510.0,9470.0,9470.0,700,0.0,0.0
2023-04-21 10:00:00+09:00,9470.0,9470.0,9470.0,9470.0,100,0.0,0.0
2023-04-21 11:00:00+09:00,9470.0,9470.0,9470.0,9470.0,0,0.0,0.0
2023-04-21 12:00:00+09:00,9450.0,9450.0,9450.0,9450.0,1200,0.0,0.0
2023-04-21 13:00:00+09:00,9440.0,9450.0,9200.0,9390.0,1900,0.0,0.0
2023-04-21 14:00:00+09:00,9420.0,9450.0,9280.0,9450.0,900,0.0,0.0
2023-04-24 09:00:00+09:00,9500.0,9500.0,9500.0,9500.0,500,0.0,0.0
2023-04-24 11:00:00+09:00,9500.0,9500.0,9500.0,9500.0,0,0.0,0.0
2023-04-24 12:00:00+09:00,9550.0,9550.0,9550.0,9550.0,600,0.0,0.0
2023-04-24 13:00:00+09:00,9550.0,9550.0,9550.0,9550.0,200,0.0,0.0
2023-04-24 14:00:00+09:00,9430.0,9430.0,9430.0,9430.0,0,0.0,0.0
2023-04-25 09:00:00+09:00,9500.0,9500.0,9500.0,9500.0,200,0.0,0.0
2023-04-25 11:00:00+09:00,9500.0,9500.0,9500.0,9500.0,0,0.0,0.0
2023-04-25 14:00:00+09:00,9420.0,9420.0,9420.0,9420.0,300,0.0,0.0
2023-04-26 09:00:00+09:00,9570.0,9700.0,9570.0,9600.0,400,0.0,0.0
2023-04-26 11:00:00+09:00,9500.0,9500.0,9500.0,9500.0,0,0.0,0.0
2023-04-26 13:00:00+09:00,9550.0,9550.0,9520.0,9520.0,700,0.0,0.0
2023-04-26 14:00:00+09:00,9530.0,9530.0,9450.0,9450.0,300,0.0,0.0
2023-04-27 09:00:00+09:00,9570.0,9570.0,9570.0,9570.0,100,0.0,0.0
2023-04-27 10:00:00+09:00,9600.0,9610.0,9600.0,9600.0,400,0.0,0.0
2023-04-27 11:00:00+09:00,9600.0,9600.0,9600.0,9600.0,0,0.0,0.0
2023-04-27 12:00:00+09:00,9610.0,9650.0,9610.0,9650.0,800,0.0,0.0
2023-04-27 13:00:00+09:00,9740.0,9740.0,9650.0,9650.0,200,0.0,0.0
2023-04-27 14:00:00+09:00,9700.0,9700.0,9700.0,9700.0,100,0.0,0.0
2023-04-28 09:00:00+09:00,9920.0,9950.0,9920.0,9950.0,900,0.0,0.0
2023-04-28 10:00:00+09:00,9800.0,9800.0,9800.0,9800.0,100,0.0,0.0
2023-04-28 11:00:00+09:00,9760.0,9760.0,9300.0,9330.0,0,0.0,0.0
2023-04-28 12:00:00+09:00,9630.0,9630.0,9630.0,9630.0,5700,0.0,0.0
2023-04-28 13:00:00+09:00,9780.0,9780.0,9650.0,9710.0,1100,0.0,0.0
2023-04-28 14:00:00+09:00,9540.0,9540.0,9300.0,9300.0,2600,0.0,0.0
2023-05-01 09:00:00+09:00,9260.0,9270.0,8860.0,8930.0,4200,0.0,0.0
2023-05-01 10:00:00+09:00,8960.0,8980.0,8960.0,8980.0,200,0.0,0.0
2023-05-01 11:00:00+09:00,8990.0,9160.0,8990.0,9160.0,0,0.0,0.0
2023-05-01 12:00:00+09:00,9140.0,9140.0,9070.0,9070.0,5600,0.0,0.0
2023-05-01 13:00:00+09:00,9070.0,9080.0,8950.0,8950.0,700,0.0,0.0
2023-05-01 14:00:00+09:00,8940.0,9100.0,8900.0,9100.0,600,0.0,0.0
2023-05-02 09:00:00+09:00,9100.0,9100.0,9100.0,9100.0,100,0.0,0.0
2023-05-02 10:00:00+09:00,8950.0,8950.0,8830.0,8900.0,1200,0.0,0.0
2023-05-02 11:00:00+09:00,8900.0,8900.0,8900.0,8900.0,0,0.0,0.0
2023-05-02 12:00:00+09:00,8900.0,8900.0,8900.0,8900.0,1400,0.0,0.0
2023-05-02 13:00:00+09:00,9020.0,9040.0,8960.0,9030.0,900,0.0,0.0
2023-05-02 14:00:00+09:00,9050.0,9050.0,9050.0,9050.0,100,0.0,0.0
2023-05-08 09:00:00+09:00,9000.0,9110.0,9000.0,9070.0,1300,0.0,0.0
2023-05-08 10:00:00+09:00,9000.0,9000.0,9000.0,9000.0,100,0.0,0.0
2023-05-08 11:00:00+09:00,8870.0,8870.0,8870.0,8870.0,0,0.0,0.0
2023-05-08 12:00:00+09:00,8870.0,9010.0,8730.0,8730.0,3100,0.0,0.0
2023-05-08 13:00:00+09:00,8880.0,8960.0,8880.0,8940.0,400,0.0,0.0
2023-05-08 14:00:00+09:00,8820.0,8950.0,8820.0,8950.0,500,0.0,0.0
2023-05-09 09:00:00+09:00,9010.0,9010.0,8980.0,9000.0,500,0.0,0.0
2023-05-09 11:00:00+09:00,9000.0,9000.0,9000.0,9000.0,0,0.0,0.0
2023-05-09 13:00:00+09:00,8910.0,8910.0,8910.0,8910.0,600,0.0,0.0
2023-05-09 14:00:00+09:00,8970.0,8970.0,8950.0,8970.0,700,0.0,0.0
2023-05-10 09:00:00+09:00,8960.0,8960.0,8800.0,8800.0,1000,0.0,0.0
2023-05-10 11:00:00+09:00,8800.0,8800.0,8800.0,8800.0,0,0.0,0.0
2023-05-10 12:00:00+09:00,8950.0,8950.0,8800.0,8900.0,1600,0.0,0.0
2023-05-10 13:00:00+09:00,8820.0,8820.0,8810.0,8810.0,300,0.0,0.0
2023-05-10 14:00:00+09:00,8780.0,8780.0,8610.0,8610.0,1100,0.0,0.0
2023-05-11 09:00:00+09:00,8630.0,8630.0,8630.0,8630.0,400,0.0,0.0
2023-05-11 10:00:00+09:00,8630.0,8630.0,8630.0,8630.0,100,0.0,0.0
2023-05-11 11:00:00+09:00,8630.0,8630.0,8630.0,8630.0,0,0.0,0.0
2023-05-11 12:00:00+09:00,8570.0,8600.0,8570.0,8570.0,1100,0.0,0.0
2023-05-11 13:00:00+09:00,8650.0,8660.0,8650.0,8660.0,200,0.0,0.0
2023-05-11 14:00:00+09:00,8690.0,8690.0,8690.0,8690.0,100,0.0,0.0
2023-05-12 09:00:00+09:00,8540.0,8540.0,8350.0,8430.0,1600,0.0,0.0
2023-05-12 10:00:00+09:00,8640.0,8790.0,8530.0,8790.0,1400,0.0,0.0
2023-05-12 11:00:00+09:00,8790.0,8790.0,8790.0,8790.0,0,0.0,0.0
2023-05-12 12:00:00+09:00,8780.0,9080.0,8690.0,8900.0,5400,0.0,0.0
2023-05-12 13:00:00+09:00,8820.0,8820.0,8600.0,8600.0,500,0.0,0.0
2023-05-15 09:00:00+09:00,6130.0,6400.0,6050.0,6310.0,25200,0.0,0.0
2023-05-15 10:00:00+09:00,6360.0,6600.0,6260.0,6600.0,4700,0.0,0.0
2023-05-15 11:00:00+09:00,6600.0,6890.0,6600.0,6880.0,0,0.0,0.0
2023-05-15 12:00:00+09:00,6880.0,6960.0,6800.0,6920.0,38800,0.0,0.0
2023-05-15 13:00:00+09:00,6880.0,6940.0,6800.0,6800.0,1300,0.0,0.0
2023-05-15 14:00:00+09:00,6820.0,6830.0,6700.0,6790.0,2400,0.0,0.0
2023-05-16 09:00:00+09:00,6990.0,7020.0,6450.0,6550.0,3600,0.0,0.0
2023-05-16 10:00:00+09:00,6550.0,6570.0,6550.0,6550.0,1000,0.0,0.0
2023-05-16 11:00:00+09:00,6500.0,6670.0,6460.0,6670.0,0,0.0,0.0
2023-05-16 12:00:00+09:00,6670.0,6670.0,6490.0,6490.0,6700,0.0,0.0
2023-05-16 13:00:00+09:00,6490.0,6490.0,6460.0,6460.0,700,0.0,0.0
2023-05-16 14:00:00+09:00,6550.0,6680.0,6550.0,6680.0,2100,0.0,0.0
2023-05-17 09:00:00+09:00,6660.0,6660.0,6660.0,6660.0,100,0.0,0.0
2023-05-17 10:00:00+09:00,6590.0,6700.0,6400.0,6700.0,4100,0.0,0.0
2023-05-17 11:00:00+09:00,6740.0,6740.0,6660.0,6660.0,0,0.0,0.0
2023-05-17 12:00:00+09:00,6640.0,6720.0,6640.0,6640.0,6000,0.0,0.0
2023-05-17 13:00:00+09:00,6630.0,6630.0,6550.0,6550.0,400,0.0,0.0
2023-05-17 14:00:00+09:00,6550.0,6550.0,6460.0,6460.0,700,0.0,0.0
2023-05-18 09:00:00+09:00,6500.0,6830.0,6500.0,6830.0,0,0.0,0.0
2023-05-18 10:00:00+09:00,6810.0,6810.0,6730.0,6740.0,3000,0.0,0.0
2023-05-18 11:00:00+09:00,6750.0,6780.0,6750.0,6780.0,0,0.0,0.0
2023-05-18 12:00:00+09:00,6400.0,6560.0,6220.0,6250.0,9300,0.0,0.0
2023-05-18 13:00:00+09:00,6320.0,6350.0,6300.0,6300.0,500,0.0,0.0
2023-05-18 14:00:00+09:00,6320.0,6320.0,6170.0,6170.0,2500,0.0,0.0
2023-05-19 09:00:00+09:00,6310.0,6320.0,6300.0,6300.0,500,0.0,0.0
2023-05-19 10:00:00+09:00,6250.0,6250.0,6170.0,6170.0,1000,0.0,0.0
2023-05-19 11:00:00+09:00,6160.0,6160.0,6150.0,6150.0,0,0.0,0.0
2023-05-19 12:00:00+09:00,6150.0,6150.0,6150.0,6150.0,2200,0.0,0.0
2023-05-19 13:00:00+09:00,6230.0,6250.0,6230.0,6250.0,300,0.0,0.0
2023-05-19 14:00:00+09:00,6260.0,6280.0,6180.0,6180.0,1500,0.0,0.0
2023-05-22 09:00:00+09:00,6220.0,6270.0,6220.0,6270.0,0,0.0,0.0
2023-05-22 10:00:00+09:00,6280.0,6320.0,6280.0,6320.0,300,0.0,0.0
2023-05-22 11:00:00+09:00,6320.0,6370.0,6300.0,6370.0,0,0.0,0.0
2023-05-22 12:00:00+09:00,6360.0,6440.0,6360.0,6440.0,2300,0.0,0.0
2023-05-22 13:00:00+09:00,6450.0,6490.0,6430.0,6480.0,500,0.0,0.0
2023-05-22 14:00:00+09:00,6490.0,6520.0,6450.0,6500.0,0,0.0,0.0
2023-05-23 09:00:00+09:00,6410.0,6580.0,6410.0,6530.0,1100,0.0,0.0
2023-05-23 10:00:00+09:00,6530.0,6530.0,6470.0,6470.0,700,0.0,0.0
2023-05-23 11:00:00+09:00,6470.0,6470.0,6470.0,6470.0,0,0.0,0.0
2023-05-23 12:00:00+09:00,6530.0,6550.0,6520.0,6520.0,2100,0.0,0.0
2023-05-23 13:00:00+09:00,6500.0,6500.0,6300.0,6320.0,2400,0.0,0.0
2023-05-23 14:00:00+09:00,6360.0,6410.0,6360.0,6410.0,400,0.0,0.0
2023-05-24 09:00:00+09:00,6510.0,6540.0,6310.0,6350.0,1400,0.0,0.0
2023-05-24 10:00:00+09:00,6350.0,6350.0,6350.0,6350.0,100,0.0,0.0
2023-05-24 11:00:00+09:00,6350.0,6350.0,6350.0,6350.0,0,0.0,0.0
2023-05-24 14:00:00+09:00,6300.0,6360.0,6300.0,6360.0,1800,0.0,0.0
2023-05-25 09:00:00+09:00,6360.0,6360.0,6310.0,6350.0,500,0.0,0.0
2023-05-25 11:00:00+09:00,6350.0,6350.0,6350.0,6350.0,0,0.0,0.0
2023-05-25 12:00:00+09:00,6350.0,6350.0,6290.0,6290.0,700,0.0,0.0
2023-05-25 13:00:00+09:00,6300.0,6300.0,6300.0,6300.0,100,0.0,0.0
2023-05-25 14:00:00+09:00,6400.0,6400.0,6310.0,6310.0,300,0.0,0.0
2023-05-26 09:00:00+09:00,6300.0,6300.0,6260.0,6260.0,400,0.0,0.0
2023-05-26 11:00:00+09:00,6260.0,6260.0,6260.0,6260.0,0,0.0,0.0
2023-05-26 12:00:00+09:00,6350.0,6350.0,6350.0,6350.0,700,0.0,0.0
2023-05-26 13:00:00+09:00,6350.0,6360.0,6350.0,6360.0,200,0.0,0.0
2023-05-26 14:00:00+09:00,6420.0,6430.0,6420.0,6430.0,200,0.0,0.0
2023-05-29 09:00:00+09:00,6380.0,6390.0,6360.0,6390.0,600,0.0,0.0
2023-05-29 10:00:00+09:00,6390.0,6410.0,6380.0,6400.0,800,0.0,0.0
2023-05-29 11:00:00+09:00,6400.0,6430.0,6400.0,6430.0,0,0.0,0.0
2023-05-29 12:00:00+09:00,6380.0,6380.0,6380.0,6380.0,1700,0.0,0.0
2023-05-29 13:00:00+09:00,6380.0,6410.0,6380.0,6410.0,400,0.0,0.0
2023-05-29 14:00:00+09:00,6420.0,6430.0,6390.0,6390.0,400,0.0,0.0
2023-05-30 09:00:00+09:00,6320.0,6340.0,6300.0,6310.0,900,0.0,0.0
2023-05-30 10:00:00+09:00,6340.0,6340.0,6340.0,6340.0,100,0.0,0.0
2023-05-30 11:00:00+09:00,6340.0,6340.0,6340.0,6340.0,0,0.0,0.0
2023-05-30 12:00:00+09:00,6340.0,6380.0,6340.0,6380.0,1300,0.0,0.0
2023-05-30 13:00:00+09:00,6350.0,6350.0,6250.0,6250.0,600,0.0,0.0
2023-05-30 14:00:00+09:00,6250.0,6250.0,6220.0,6240.0,500,0.0,0.0
2023-05-31 09:00:00+09:00,6190.0,6190.0,6170.0,6170.0,0,0.0,0.0
2023-05-31 10:00:00+09:00,6170.0,6170.0,6170.0,6170.0,700,0.0,0.0
2023-05-31 11:00:00+09:00,6170.0,6170.0,6170.0,6170.0,0,0.0,0.0
2023-05-31 12:00:00+09:00,6200.0,6210.0,6200.0,6210.0,1000,0.0,0.0
2023-05-31 14:00:00+09:00,6210.0,6210.0,6180.0,6180.0,600,0.0,0.0
2023-06-01 09:00:00+09:00,6170.0,6190.0,6170.0,6180.0,400,0.0,0.0
2023-06-01 10:00:00+09:00,6180.0,6180.0,6180.0,6180.0,0,0.0,0.0
2023-06-01 11:00:00+09:00,6180.0,6180.0,6180.0,6180.0,0,0.0,0.0
2023-06-01 13:00:00+09:00,6780.0,6780.0,6500.0,6650.0,9700,0.0,0.0
2023-06-01 14:00:00+09:00,6920.0,7180.0,6920.0,7180.0,10300,0.0,0.0
2023-06-02 09:00:00+09:00,7100.0,7290.0,6750.0,7070.0,13700,0.0,0.0
2023-06-02 10:00:00+09:00,7080.0,7290.0,7070.0,7070.0,2200,0.0,0.0
2023-06-02 11:00:00+09:00,7100.0,7210.0,7090.0,7090.0,0,0.0,0.0
2023-06-02 12:00:00+09:00,7110.0,7150.0,7110.0,7150.0,17400,0.0,0.0
2023-06-02 13:00:00+09:00,7080.0,7120.0,6950.0,7120.0,1600,0.0,0.0
2023-06-02 14:00:00+09:00,7050.0,7050.0,6920.0,7050.0,900,0.0,0.0
2023-06-05 09:00:00+09:00,7200.0,7200.0,6970.0,7090.0,0,0.0,0.0
2023-06-05 10:00:00+09:00,7080.0,7310.0,7080.0,7310.0,1400,0.0,0.0
2023-06-05 11:00:00+09:00,7250.0,7300.0,7240.0,7300.0,0,0.0,0.0
2023-06-05 12:00:00+09:00,7280.0,7280.0,7120.0,7240.0,5700,0.0,0.0
2023-06-05 13:00:00+09:00,7120.0,7120.0,7120.0,7120.0,100,0.0,0.0
2023-06-05 14:00:00+09:00,7150.0,7150.0,7120.0,7120.0,200,0.0,0.0
2023-06-06 09:00:00+09:00,7020.0,7120.0,6990.0,7120.0,1000,0.0,0.0
2023-06-06 11:00:00+09:00,7120.0,7120.0,7120.0,7120.0,0,0.0,0.0
2023-06-06 12:00:00+09:00,7110.0,7210.0,7110.0,7210.0,1700,0.0,0.0
2023-06-06 13:00:00+09:00,7170.0,7170.0,7170.0,7170.0,100,0.0,0.0
2023-06-06 14:00:00+09:00,7150.0,7150.0,7150.0,7150.0,300,0.0,0.0
2023-06-07 09:00:00+09:00,7180.0,7350.0,7180.0,7340.0,2000,0.0,0.0
2023-06-07 10:00:00+09:00,7340.0,7340.0,7180.0,7180.0,1200,0.0,0.0
2023-06-07 11:00:00+09:00,7180.0,7180.0,7180.0,7180.0,0,0.0,0.0
2023-06-07 12:00:00+09:00,7180.0,7180.0,7170.0,7170.0,3500,0.0,0.0
2023-06-08 09:00:00+09:00,7200.0,7200.0,7200.0,7200.0,200,0.0,0.0
2023-06-08 10:00:00+09:00,7270.0,7280.0,7250.0,7250.0,300,0.0,0.0
2023-06-08 11:00:00+09:00,7270.0,7320.0,7270.0,7320.0,0,0.0,0.0
2023-06-08 12:00:00+09:00,7250.0,7300.0,7250.0,7300.0,1000,0.0,0.0
2023-06-08 14:00:00+09:00,7290.0,7290.0,7210.0,7210.0,800,0.0,0.0
2023-06-09 09:00:00+09:00,7260.0,7380.0,7260.0,7350.0,500,0.0,0.0
2023-06-09 10:00:00+09:00,7360.0,7370.0,7320.0,7370.0,0,0.0,0.0
2023-06-09 11:00:00+09:00,7320.0,7320.0,7320.0,7320.0,0,0.0,0.0
2023-06-09 12:00:00+09:00,7320.0,7320.0,7320.0,7320.0,1100,0.0,0.0
2023-06-09 13:00:00+09:00,7300.0,7300.0,7280.0,7290.0,300,0.0,0.0
2023-06-09 14:00:00+09:00,7280.0,7280.0,7280.0,7280.0,100,0.0,0.0
2023-06-12 09:00:00+09:00,7200.0,7300.0,7180.0,7300.0,1200,0.0,0.0
2023-06-12 10:00:00+09:00,7300.0,7310.0,7300.0,7310.0,200,0.0,0.0
2023-06-12 11:00:00+09:00,7310.0,7310.0,7310.0,7310.0,0,0.0,0.0
2023-06-12 12:00:00+09:00,7220.0,7220.0,7220.0,7220.0,1500,0.0,0.0
2023-06-12 13:00:00+09:00,7200.0,7200.0,7080.0,7080.0,1700,0.0,0.0
2023-06-12 14:00:00+09:00,7170.0,7180.0,7150.0,7170.0,700,0.0,0.0
2023-06-13 09:00:00+09:00,7170.0,7170.0,7170.0,7170.0,200,0.0,0.0
2023-06-13 11:00:00+09:00,7170.0,7170.0,7170.0,7170.0,0,0.0,0.0
2023-06-13 12:00:00+09:00,7090.0,7090.0,7070.0,7070.0,600,0.0,0.0
2023-06-13 13:00:00+09:00,7110.0,7120.0,7110.0,7120.0,300,0.0,0.0
2023-06-14 09:00:00+09:00,7120.0,7120.0,6710.0,6780.0,3400,0.0,0.0
2023-06-14 10:00:00+09:00,6800.0,6970.0,6730.0,6970.0,1000,0.0,0.0
2023-06-14 11:00:00+09:00,6970.0,6970.0,6970.0,6970.0,0,0.0,0.0
2023-06-14 12:00:00+09:00,6970.0,6970.0,6880.0,6880.0,5000,0.0,0.0
2023-06-14 13:00:00+09:00,6940.0,6940.0,6940.0,6940.0,100,0.0,0.0
2023-06-14 14:00:00+09:00,6950.0,6970.0,6950.0,6970.0,200,0.0,0.0
2023-06-15 09:00:00+09:00,6970.0,6970.0,6970.0,6970.0,100,0.0,0.0
2023-06-15 11:00:00+09:00,7040.0,7040.0,7040.0,7040.0,0,0.0,0.0
2023-06-15 13:00:00+09:00,6890.0,6970.0,6890.0,6970.0,500,0.0,0.0
2023-06-16 09:00:00+09:00,6970.0,7020.0,6970.0,7020.0,200,0.0,0.0
2023-06-16 10:00:00+09:00,6960.0,6960.0,6830.0,6830.0,800,0.0,0.0
2023-06-16 11:00:00+09:00,6850.0,6850.0,6850.0,6850.0,0,0.0,0.0
2023-06-16 12:00:00+09:00,6850.0,6890.0,6770.0,6770.0,1900,0.0,0.0
2023-06-16 13:00:00+09:00,6820.0,6820.0,6820.0,6820.0,100,0.0,0.0
2023-06-16 14:00:00+09:00,6850.0,6850.0,6750.0,6840.0,1000,0.0,0.0
2023-06-19 09:00:00+09:00,6740.0,6760.0,6580.0,6590.0,3600,0.0,0.0
2023-06-19 10:00:00+09:00,6590.0,6670.0,6550.0,6670.0,800,0.0,0.0
2023-06-19 11:00:00+09:00,6670.0,6670.0,6670.0,6670.0,0,0.0,0.0
2023-06-19 12:00:00+09:00,6620.0,6620.0,6550.0,6580.0,5400,0.0,0.0
2023-06-19 13:00:00+09:00,6560.0,6650.0,6540.0,6560.0,800,0.0,0.0
2023-06-19 14:00:00+09:00,6580.0,6610.0,6580.0,6580.0,700,0.0,0.0
2023-06-20 09:00:00+09:00,6580.0,6610.0,6580.0,6610.0,0,0.0,0.0
2023-06-20 10:00:00+09:00,6610.0,6610.0,6610.0,6610.0,1000,0.0,0.0
2023-06-20 11:00:00+09:00,6610.0,6610.0,6610.0,6610.0,0,0.0,0.0
2023-06-20 13:00:00+09:00,6590.0,6590.0,6590.0,6590.0,1100,0.0,0.0
2023-06-20 14:00:00+09:00,6670.0,6670.0,6670.0,6670.0,100,0.0,0.0
2023-06-21 09:00:00+09:00,6620.0,6620.0,6620.0,6620.0,200,0.0,0.0
2023-06-21 11:00:00+09:00,6620.0,6620.0,6620.0,6620.0,0,0.0,0.0
2023-06-21 13:00:00+09:00,6720.0,6730.0,6720.0,6730.0,400,0.0,0.0
2023-06-21 14:00:00+09:00,6730.0,6730.0,6720.0,6720.0,200,0.0,0.0
2023-06-22 09:00:00+09:00,6620.0,6620.0,6620.0,6620.0,100,0.0,0.0
2023-06-22 10:00:00+09:00,6650.0,6660.0,6650.0,6660.0,200,0.0,0.0
2023-06-22 11:00:00+09:00,6660.0,6660.0,6660.0,6660.0,0,0.0,0.0
2023-06-22 12:00:00+09:00,6610.0,6610.0,6610.0,6610.0,500,0.0,0.0
2023-06-22 13:00:00+09:00,6600.0,6600.0,6600.0,6600.0,100,0.0,0.0
2023-06-22 14:00:00+09:00,6600.0,6690.0,6580.0,6590.0,1000,0.0,0.0
2023-06-23 11:00:00+09:00,6620.0,6620.0,6620.0,6620.0,100,0.0,0.0
2023-06-23 12:00:00+09:00,6610.0,6610.0,6610.0,6610.0,200,0.0,0.0
2023-06-23 13:00:00+09:00,6700.0,6700.0,6700.0,6700.0,500,0.0,0.0
2023-06-23 14:00:00+09:00,6690.0,6710.0,6690.0,6710.0,200,0.0,0.0
2023-06-26 09:00:00+09:00,6770.0,6800.0,6720.0,6720.0,0,0.0,0.0
2023-06-26 11:00:00+09:00,6720.0,6720.0,6720.0,6720.0,0,0.0,0.0
2023-06-26 13:00:00+09:00,6650.0,6650.0,6650.0,6650.0,1000,0.0,0.0
2023-06-26 14:00:00+09:00,6730.0,6730.0,6730.0,6730.0,100,0.0,0.0
2023-06-27 14:00:00+09:00,6630.0,6630.0,6630.0,6630.0,100,0.0,0.0
2023-06-28 09:00:00+09:00,6700.0,6800.0,6700.0,6800.0,200,0.0,0.0
2023-06-28 11:00:00+09:00,6800.0,6800.0,6800.0,6800.0,0,0.0,0.0
2023-06-28 13:00:00+09:00,6840.0,6850.0,6750.0,6750.0,600,0.0,0.0
2023-06-28 14:00:00+09:00,6680.0,6680.0,6680.0,6680.0,100,0.0,0.0
2023-06-29 12:00:00+09:00,6880.0,6880.0,6800.0,6800.0,200,0.0,0.0
2023-06-29 13:00:00+09:00,6710.0,6710.0,6710.0,6710.0,100,0.0,0.0
2023-06-29 14:00:00+09:00,6700.0,6790.0,6690.0,6790.0,500,0.0,0.0
2023-06-30 13:00:00+09:00,6800.0,6800.0,6800.0,6800.0,500,0.0,0.0
2023-07-03 09:00:00+09:00,6800.0,6800.0,6800.0,6800.0,0,0.0,0.0
2023-07-03 11:00:00+09:00,6800.0,6800.0,6800.0,6800.0,0,0.0,0.0
2023-07-03 12:00:00+09:00,6800.0,6800.0,6800.0,6800.0,1600,0.0,0.0
2023-07-03 13:00:00+09:00,6790.0,6790.0,6790.0,6790.0,100,0.0,0.0
2023-07-03 14:00:00+09:00,6800.0,6800.0,6770.0,6770.0,1100,0.0,0.0
2023-07-04 09:00:00+09:00,6770.0,6800.0,6720.0,6800.0,900,0.0,0.0
2023-07-04 11:00:00+09:00,6800.0,6800.0,6800.0,6800.0,0,0.0,0.0
2023-07-04 13:00:00+09:00,6800.0,6800.0,6800.0,6800.0,1000,0.0,0.0
2023-07-05 09:00:00+09:00,6750.0,6800.0,6740.0,6740.0,400,0.0,0.0
2023-07-05 11:00:00+09:00,6740.0,6740.0,6740.0,6740.0,0,0.0,0.0
2023-07-05 12:00:00+09:00,6840.0,6840.0,6800.0,6800.0,800,0.0,0.0
2023-07-06 13:00:00+09:00,6800.0,6800.0,6800.0,6800.0,100,0.0,0.0
2023-07-06 14:00:00+09:00,6800.0,6800.0,6740.0,6740.0,200,0.0,0.0
2023-07-07 09:00:00+09:00,6740.0,6760.0,6700.0,6700.0,1100,0.0,0.0
2023-07-07 10:00:00+09:00,6780.0,6780.0,6780.0,6780.0,100,0.0,0.0
2023-07-07 11:00:00+09:00,6780.0,6780.0,6780.0,6780.0,0,0.0,0.0
2023-07-07 12:00:00+09:00,6700.0,6700.0,6700.0,6700.0,0,0.0,0.0
2023-07-07 13:00:00+09:00,6710.0,6710.0,6710.0,6710.0,1400,0.0,0.0
2023-07-07 14:00:00+09:00,6700.0,6700.0,6680.0,6680.0,400,0.0,0.0
2023-07-10 09:00:00+09:00,6650.0,6670.0,6650.0,6670.0,0,0.0,0.0
2023-07-10 10:00:00+09:00,6690.0,6740.0,6670.0,6670.0,1200,0.0,0.0
2023-07-10 11:00:00+09:00,6670.0,6670.0,6670.0,6670.0,0,0.0,0.0
2023-07-10 12:00:00+09:00,6800.0,6800.0,6800.0,6800.0,1600,0.0,0.0
2023-07-10 13:00:00+09:00,6750.0,6750.0,6750.0,6750.0,100,0.0,0.0
2023-07-11 09:00:00+09:00,6700.0,6700.0,6690.0,6690.0,300,0.0,0.0
2023-07-11 10:00:00+09:00,6700.0,6730.0,6700.0,6700.0,300,0.0,0.0
2023-07-11 11:00:00+09:00,6700.0,6700.0,6700.0,6700.0,0,0.0,0.0
2023-07-11 12:00:00+09:00,6630.0,6670.0,6620.0,6660.0,1200,0.0,0.0
2023-07-11 13:00:00+09:00,6660.0,6710.0,6660.0,6710.0,800,0.0,0.0
2023-07-11 14:00:00+09:00,6650.0,6680.0,6640.0,6680.0,400,0.0,0.0
2023-07-12 09:00:00+09:00,6780.0,6780.0,6680.0,6680.0,900,0.0,0.0
2023-07-12 11:00:00+09:00,6580.0,6580.0,6580.0,6580.0,0,0.0,0.0
2023-07-12 12:00:00+09:00,6780.0,6780.0,6780.0,6780.0,1100,0.0,0.0
2023-07-12 14:00:00+09:00,6680.0,6680.0,6680.0,6680.0,100,0.0,0.0
2023-07-13 11:00:00+09:00,6620.0,6620.0,6620.0,6620.0,100,0.0,0.0
2023-07-13 12:00:00+09:00,6690.0,6690.0,6690.0,6690.0,300,0.0,0.0
2023-07-13 13:00:00+09:00,6690.0,6700.0,6690.0,6700.0,200,0.0,0.0
2023-07-13 14:00:00+09:00,6690.0,6690.0,6690.0,6690.0,100,0.0,0.0
2023-07-14 10:00:00+09:00,6700.0,6700.0,6690.0,6690.0,200,0.0,0.0
2023-07-14 11:00:00+09:00,6690.0,6690.0,6690.0,6690.0,0,0.0,0.0
2023-07-14 12:00:00+09:00,6680.0,6680.0,6680.0,6680.0,0,0.0,0.0
2023-07-14 14:00:00+09:00,6670.0,6670.0,6670.0,6670.0,400,0.0,0.0
2023-07-18 09:00:00+09:00,6670.0,6700.0,6670.0,6690.0,500,0.0,0.0
2023-07-18 11:00:00+09:00,6780.0,6790.0,6780.0,6790.0,0,0.0,0.0
2023-07-18 12:00:00+09:00,6790.0,6790.0,6770.0,6780.0,1000,0.0,0.0
2023-07-19 09:00:00+09:00,6820.0,7000.0,6750.0,6820.0,4500,0.0,0.0
2023-07-19 10:00:00+09:00,6860.0,6860.0,6860.0,6860.0,100,0.0,0.0
2023-07-19 11:00:00+09:00,6860.0,6860.0,6860.0,6860.0,0,0.0,0.0
2023-07-19 12:00:00+09:00,6960.0,7000.0,6880.0,7000.0,5700,0.0,0.0
2023-07-19 13:00:00+09:00,7000.0,7000.0,7000.0,7000.0,100,0.0,0.0
2023-07-19 14:00:00+09:00,7000.0,7100.0,7000.0,7100.0,200,0.0,0.0
2023-07-20 09:00:00+09:00,7180.0,7180.0,7180.0,7180.0,400,0.0,0.0
2023-07-20 10:00:00+09:00,7040.0,7040.0,7040.0,7040.0,100,0.0,0.0
2023-07-20 11:00:00+09:00,7040.0,7040.0,7040.0,7040.0,0,0.0,0.0
2023-07-20 14:00:00+09:00,7150.0,7160.0,7150.0,7160.0,700,0.0,0.0
2023-07-21 09:00:00+09:00,7180.0,7180.0,7160.0,7160.0,300,0.0,0.0
2023-07-21 10:00:00+09:00,7150.0,7150.0,7030.0,7030.0,500,0.0,0.0
2023-07-21 11:00:00+09:00,7030.0,7030.0,7030.0,7030.0,0,0.0,0.0
2023-07-21 13:00:00+09:00,7150.0,7170.0,7150.0,7160.0,1800,0.0,0.0
2023-07-21 14:00:00+09:00,7190.0,7280.0,7190.0,7280.0,1400,0.0,0.0
2023-07-24 09:00:00+09:00,7200.0,7350.0,7200.0,7310.0,1200,0.0,0.0
2023-07-24 11:00:00+09:00,7220.0,7220.0,7220.0,7220.0,0,0.0,0.0
2023-07-24 12:00:00+09:00,7270.0,7270.0,7220.0,7220.0,1500,0.0,0.0
2023-07-24 13:00:00+09:00,7270.0,7350.0,7270.0,7350.0,700,0.0,0.0
2023-07-24 14:00:00+09:00,7390.0,7390.0,7240.0,7240.0,300,0.0,0.0
2023-07-25 09:00:00+09:00,7290.0,7500.0,7290.0,7490.0,1200,0.0,0.0
2023-07-25 10:00:00+09:00,7370.0,7500.0,7370.0,7480.0,900,0.0,0.0
2023-07-25 11:00:00+09:00,7480.0,7480.0,7480.0,7480.0,0,0.0,0.0
2023-07-25 12:00:00+09:00,7480.0,7480.0,7480.0,7480.0,2200,0.0,0.0
2023-07-25 13:00:00+09:00,7480.0,7630.0,7480.0,7630.0,2200,0.0,0.0
2023-07-25 14:00:00+09:00,7670.0,7980.0,7670.0,7730.0,4600,0.0,0.0
2023-07-26 09:00:00+09:00,7750.0,7750.0,7550.0,7590.0,0,0.0,0.0
2023-07-26 11:00:00+09:00,7590.0,7590.0,7590.0,7590.0,0,0.0,0.0
2023-07-26 12:00:00+09:00,7740.0,7740.0,7740.0,7740.0,800,0.0,0.0
2023-07-26 13:00:00+09:00,7620.0,7620.0,7620.0,7620.0,0,0.0,0.0
2023-07-26 14:00:00+09:00,7650.0,7650.0,7650.0,7650.0,1500,0.0,0.0
2023-07-27 09:00:00+09:00,7720.0,7720.0,7580.0,7580.0,600,0.0,0.0
2023-07-27 11:00:00+09:00,7520.0,7520.0,7520.0,7520.0,0,0.0,0.0
2023-07-27 12:00:00+09:00,7520.0,7520.0,7520.0,7520.0,800,0.0,0.0
2023-07-27 13:00:00+09:00,7530.0,7530.0,7470.0,7470.0,900,0.0,0.0
2023-07-27 14:00:00+09:00,7530.0,7610.0,7510.0,7510.0,500,0.0,0.0
2023-07-28 09:00:00+09:00,7440.0,7440.0,7440.0,7440.0,100,0.0,0.0
2023-07-28 10:00:00+09:00,7430.0,7430.0,7430.0,7430.0,100,0.0,0.0
2023-07-28 11:00:00+09:00,7430.0,7430.0,7430.0,7430.0,0,0.0,0.0
2023-07-28 13:00:00+09:00,7470.0,7470.0,7430.0,7430.0,600,0.0,0.0
2023-07-28 14:00:00+09:00,7440.0,7620.0,7420.0,7610.0,600,0.0,0.0
2023-07-31 09:00:00+09:00,7760.0,7760.0,7530.0,7560.0,900,0.0,0.0
2023-07-31 10:00:00+09:00,7560.0,7690.0,7560.0,7640.0,500,0.0,0.0
2023-07-31 11:00:00+09:00,7670.0,7680.0,7670.0,7680.0,0,0.0,0.0
2023-07-31 12:00:00+09:00,7640.0,7640.0,7620.0,7630.0,2200,0.0,0.0
2023-07-31 13:00:00+09:00,7660.0,7660.0,7600.0,7600.0,300,0.0,0.0
2023-07-31 14:00:00+09:00,7630.0,7670.0,7630.0,7670.0,200,0.0,0.0
2023-08-01 10:00:00+09:00,7800.0,7800.0,7800.0,7800.0,0,0.0,0.0
2023-08-01 11:00:00+09:00,7650.0,7650.0,7650.0,7650.0,0,0.0,0.0
2023-08-01 13:00:00+09:00,7740.0,7740.0,7740.0,7740.0,400,0.0,0.0
2023-08-02 14:00:00+09:00,7730.0,7730.0,7730.0,7730.0,300,0.0,0.0
2023-08-03 11:00:00+09:00,7740.0,7740.0,7740.0,7740.0,200,0.0,0.0
2023-08-03 12:00:00+09:00,7590.0,7690.0,7590.0,7690.0,400,0.0,0.0
2023-08-03 14:00:00+09:00,7660.0,7660.0,7660.0,7660.0,100,0.0,0.0
2023-08-04 11:00:00+09:00,7570.0,7570.0,7570.0,7570.0,100,0.0,0.0
2023-08-07 09:00:00+09:00,7560.0,7680.0,7560.0,7590.0,500,0.0,0.0
2023-08-07 10:00:00+09:00,7500.0,7500.0,7460.0,7460.0,300,0.0,0.0
2023-08-07 11:00:00+09:00,7460.0,7460.0,7460.0,7460.0,0,0.0,0.0
2023-08-07 14:00:00+09:00,7630.0,7630.0,7480.0,7580.0,0,0.0,0.0
2023-08-08 09:00:00+09:00,7550.0,7550.0,7480.0,7480.0,600,0.0,0.0
2023-08-08 11:00:00+09:00,7510.0,7570.0,7510.0,7570.0,0,0.0,0.0
2023-08-08 14:00:00+09:00,7460.0,7520.0,7460.0,7460.0,1200,0.0,0.0
2023-08-09 09:00:00+09:00,7510.0,7510.0,7310.0,7410.0,900,0.0,0.0
2023-08-09 10:00:00+09:00,7500.0,7500.0,7450.0,7500.0,500,0.0,0.0
2023-08-09 11:00:00+09:00,7490.0,7500.0,7490.0,7500.0,0,0.0,0.0
2023-08-09 12:00:00+09:00,7450.0,7470.0,7400.0,7400.0,2400,0.0,0.0
2023-08-09 14:00:00+09:00,7410.0,7410.0,7400.0,7400.0,200,0.0,0.0
2023-08-10 09:00:00+09:00,7400.0,7400.0,7390.0,7390.0,700,0.0,0.0
2023-08-10 10:00:00+09:00,7450.0,7500.0,7400.0,7450.0,1100,0.0,0.0
2023-08-10 11:00:00+09:00,7480.0,7480.0,7480.0,7480.0,0,0.0,0.0
2023-08-10 12:00:00+09:00,7450.0,7510.0,7450.0,7510.0,2500,0.0,0.0
2023-08-10 13:00:00+09:00,7570.0,7800.0,7570.0,7800.0,1700,0.0,0.0
2023-08-14 09:00:00+09:00,9200.0,9370.0,9020.0,9110.0,11100,0.0,0.0
2023-08-14 10:00:00+09:00,9110.0,9110.0,8800.0,8810.0,3300,0.0,0.0
2023-08-14 11:00:00+09:00,8810.0,8810.0,8660.0,8660.0,0,0.0,0.0
2023-08-14 12:00:00+09:00,8660.0,8690.0,8650.0,8650.0,15900,0.0,0.0
2023-08-14 13:00:00+09:00,8650.0,8840.0,8610.0,8840.0,1500,0.0,0.0
2023-08-14 14:00:00+09:00,8770.0,8980.0,8770.0,8980.0,700,0.0,0.0
2023-08-15 09:00:00+09:00,9240.0,9240.0,9010.0,9010.0,600,0.0,0.0
2023-08-15 10:00:00+09:00,9000.0,9000.0,8720.0,8990.0,3700,0.0,0.0
2023-08-15 11:00:00+09:00,9000.0,9120.0,9000.0,9070.0,0,0.0,0.0
2023-08-15 12:00:00+09:00,9090.0,9400.0,9090.0,9400.0,7400,0.0,0.0
2023-08-15 13:00:00+09:00,9360.0,9480.0,9080.0,9330.0,5200,0.0,0.0
2023-08-15 14:00:00+09:00,9280.0,9450.0,9280.0,9450.0,2600,0.0,0.0
2023-08-16 09:00:00+09:00,9350.0,9350.0,9160.0,9190.0,700,0.0,0.0
2023-08-16 10:00:00+09:00,9340.0,9350.0,9340.0,9350.0,0,0.0,0.0
2023-08-16 11:00:00+09:00,9350.0,9350.0,9350.0,9350.0,0,0.0,0.0
2023-08-16 12:00:00+09:00,9200.0,9300.0,9200.0,9300.0,1200,0.0,0.0
2023-08-16 13:00:00+09:00,9340.0,9350.0,9340.0,9350.0,300,0.0,0.0
2023-08-16 14:00:00+09:00,9270.0,9360.0,9250.0,9360.0,400,0.0,0.0
2023-08-17 09:00:00+09:00,9210.0,9210.0,9100.0,9100.0,0,0.0,0.0
2023-08-17 10:00:00+09:00,9020.0,9020.0,9010.0,9010.0,1300,0.0,0.0
2023-08-17 11:00:00+09:00,9020.0,9020.0,9020.0,9020.0,0,0.0,0.0
2023-08-17 12:00:00+09:00,9040.0,9040.0,9040.0,9040.0,0,0.0,0.0
2023-08-17 13:00:00+09:00,9120.0,9150.0,9120.0,9150.0,1700,0.0,0.0
2023-08-17 14:00:00+09:00,9200.0,9210.0,9200.0,9200.0,300,0.0,0.0
2023-08-18 09:00:00+09:00,9160.0,9160.0,8610.0,8700.0,3200,0.0,0.0
2023-08-18 10:00:00+09:00,8800.0,8880.0,8800.0,8880.0,400,0.0,0.0
2023-08-18 11:00:00+09:00,8880.0,8880.0,8880.0,8880.0,0,0.0,0.0
2023-08-18 13:00:00+09:00,8800.0,8950.0,8680.0,8950.0,0,0.0,0.0
2023-08-18 14:00:00+09:00,8800.0,8880.0,8800.0,8840.0,6400,0.0,0.0
2023-08-21 09:00:00+09:00,8710.0,8940.0,8710.0,8900.0,500,0.0,0.0
2023-08-21 10:00:00+09:00,8940.0,8950.0,8940.0,8950.0,700,0.0,0.0
2023-08-21 11:00:00+09:00,8940.0,9140.0,8940.0,9090.0,0,0.0,0.0
2023-08-21 13:00:00+09:00,8860.0,9100.0,8860.0,9080.0,4100,0.0,0.0
2023-08-22 09:00:00+09:00,8850.0,9040.0,8850.0,9040.0,700,0.0,0.0
2023-08-22 10:00:00+09:00,9050.0,9050.0,8900.0,8960.0,500,0.0,0.0
2023-08-22 11:00:00+09:00,8960.0,8960.0,8960.0,8960.0,0,0.0,0.0
2023-08-22 12:00:00+09:00,8950.0,9040.0,8950.0,9040.0,1500,0.0,0.0
2023-08-22 13:00:00+09:00,9040.0,9040.0,9040.0,9040.0,100,0.0,0.0
2023-08-22 14:00:00+09:00,8970.0,8970.0,8960.0,8960.0,200,0.0,0.0
2023-08-23 09:00:00+09:00,8900.0,8900.0,8870.0,8870.0,400,0.0,0.0
2023-08-23 10:00:00+09:00,8900.0,8940.0,8900.0,8940.0,200,0.0,0.0
2023-08-23 11:00:00+09:00,8940.0,8940.0,8940.0,8940.0,0,0.0,0.0
2023-08-23 12:00:00+09:00,8980.0,8980.0,8980.0,8980.0,700,0.0,0.0
2023-08-23 13:00:00+09:00,8950.0,8950.0,8950.0,8950.0,100,0.0,0.0
2023-08-24 13:00:00+09:00,8950.0,9010.0,8950.0,9010.0,200,0.0,0.0
2023-08-24 14:00:00+09:00,9020.0,9090.0,9020.0,9090.0,400,0.0,0.0
2023-08-25 09:00:00+09:00,9000.0,9000.0,8850.0,8850.0,200,0.0,0.0
2023-08-25 10:00:00+09:00,9000.0,9000.0,9000.0,9000.0,100,0.0,0.0
2023-08-25 11:00:00+09:00,9000.0,9000.0,9000.0,9000.0,0,0.0,0.0
2023-08-25 12:00:00+09:00,9000.0,9000.0,9000.0,9000.0,0,0.0,0.0
2023-08-25 13:00:00+09:00,8890.0,9040.0,8890.0,8900.0,1400,0.0,0.0
2023-08-28 09:00:00+09:00,9050.0,9050.0,9050.0,9050.0,300,0.0,0.0
2023-08-28 10:00:00+09:00,9050.0,9100.0,9050.0,9100.0,700,0.0,0.0
2023-08-28 11:00:00+09:00,9100.0,9100.0,9100.0,9100.0,0,0.0,0.0
2023-08-28 12:00:00+09:00,9030.0,9130.0,8980.0,9040.0,2000,0.0,0.0
2023-08-28 13:00:00+09:00,9050.0,9050.0,9050.0,9050.0,100,0.0,0.0
2023-08-28 14:00:00+09:00,9050.0,9130.0,9050.0,9130.0,200,0.0,0.0
2023-08-29 09:00:00+09:00,9140.0,9200.0,9050.0,9050.0,900,0.0,0.0
2023-08-29 11:00:00+09:00,9050.0,9050.0,9050.0,9050.0,0,0.0,0.0
2023-08-29 14:00:00+09:00,9040.0,9050.0,9040.0,9050.0,1200,0.0,0.0
2023-08-30 09:00:00+09:00,8960.0,8960.0,8960.0,8960.0,100,0.0,0.0
2023-08-30 10:00:00+09:00,9000.0,9000.0,9000.0,9000.0,100,0.0,0.0
2023-08-30 11:00:00+09:00,9000.0,9000.0,9000.0,9000.0,0,0.0,0.0
2023-08-30 12:00:00+09:00,9150.0,9200.0,9150.0,9200.0,800,0.0,0.0
2023-08-30 13:00:00+09:00,9060.0,9060.0,9060.0,9060.0,100,0.0,0.0
2023-08-30 14:00:00+09:00,9190.0,9200.0,9190.0,9200.0,400,0.0,0.0
2023-08-31 09:00:00+09:00,9320.0,9360.0,9200.0,9210.0,1500,0.0,0.0
2023-08-31 10:00:00+09:00,9300.0,9310.0,9300.0,9310.0,300,0.0,0.0
2023-08-31 11:00:00+09:00,9310.0,9310.0,9310.0,9310.0,0,0.0,0.0
2023-08-31 12:00:00+09:00,9340.0,9350.0,9320.0,9320.0,2200,0.0,0.0
2023-08-31 13:00:00+09:00,9320.0,9320.0,9320.0,9320.0,100,0.0,0.0
2023-08-31 14:00:00+09:00,9370.0,9370.0,9230.0,9230.0,400,0.0,0.0
2023-09-01 09:00:00+09:00,9320.0,9350.0,9320.0,9350.0,300,0.0,0.0
2023-09-01 10:00:00+09:00,9390.0,9390.0,9390.0,9390.0,100,0.0,0.0
2023-09-01 11:00:00+09:00,9380.0,9470.0,9380.0,9470.0,0,0.0,0.0
2023-09-01 12:00:00+09:00,9450.0,9450.0,9450.0,9450.0,1400,0.0,0.0
2023-09-01 14:00:00+09:00,9450.0,9630.0,9450.0,9630.0,2400,0.0,0.0
2023-09-04 09:00:00+09:00,9640.0,9710.0,9630.0,9630.0,0,0.0,0.0
2023-09-04 10:00:00+09:00,9600.0,9600.0,9600.0,9600.0,100,0.0,0.0
2023-09-04 11:00:00+09:00,9600.0,9600.0,9600.0,9600.0,0,0.0,0.0
2023-09-05 13:00:00+09:00,9570.0,9580.0,9570.0,9580.0,300,0.0,0.0
2023-09-05 14:00:00+09:00,9590.0,9590.0,9590.0,9590.0,100,0.0,0.0
2023-09-06 09:00:00+09:00,9580.0,9580.0,9400.0,9400.0,400,0.0,0.0
2023-09-06 11:00:00+09:00,9370.0,9370.0,9350.0,9360.0,0,0.0,0.0
2023-09-06 12:00:00+09:00,9500.0,9500.0,9400.0,9400.0,1400,0.0,0.0
2023-09-06 13:00:00+09:00,9550.0,9550.0,9550.0,9550.0,100,0.0,0.0
2023-09-07 09:00:00+09:00,9550.0,9550.0,9460.0,9480.0,600,0.0,0.0
2023-09-07 10:00:00+09:00,9480.0,9480.0,9480.0,9480.0,100,0.0,0.0
2023-09-07 11:00:00+09:00,9480.0,9480.0,9480.0,9480.0,0,0.0,0.0
2023-09-07 13:00:00+09:00,9540.0,9540.0,9540.0,9540.0,0,0.0,0.0
2023-09-07 14:00:00+09:00,9460.0,9460.0,9450.0,9450.0,1100,0.0,0.0
2023-09-08 10:00:00+09:00,9540.0,9540.0,9540.0,9540.0,100,0.0,0.0
2023-09-08 11:00:00+09:00,9540.0,9540.0,9540.0,9540.0,0,0.0,0.0
2023-09-08 12:00:00+09:00,9550.0,9580.0,9550.0,9580.0,0,0.0,0.0
2023-09-08 14:00:00+09:00,9730.0,9730.0,9730.0,9730.0,500,0.0,0.0
2023-09-11 09:00:00+09:00,9730.0,9730.0,9610.0,9610.0,200,0.0,0.0
2023-09-11 11:00:00+09:00,9610.0,9610.0,9610.0,9610.0,0,0.0,0.0
2023-09-11 14:00:00+09:00,9550.0,9560.0,9460.0,9540.0,1500,0.0,0.0
2023-09-12 09:00:00+09:00,9410.0,9410.0,9410.0,9410.0,200,0.0,0.0
2023-09-12 10:00:00+09:00,9430.0,9430.0,9430.0,9430.0,100,0.0,0.0
2023-09-12 11:00:00+09:00,9430.0,9430.0,9430.0,9430.0,0,0.0,0.0
2023-09-12 12:00:00+09:00,9420.0,9420.0,9390.0,9410.0,800,0.0,0.0
2023-09-12 13:00:00+09:00,9490.0,9490.0,9490.0,9490.0,100,0.0,0.0
2023-09-12 14:00:00+09:00,9400.0,9500.0,9350.0,9500.0,700,0.0,0.0
2023-09-13 09:00:00+09:00,9500.0,9500.0,9500.0,9500.0,100,0.0,0.0
2023-09-13 10:00:00+09:00,9410.0,9410.0,9360.0,9360.0,500,0.0,0.0
2023-09-13 11:00:00+09:00,9360.0,9360.0,9360.0,9360.0,0,0.0,0.0
2023-09-13 12:00:00+09:00,9460.0,9460.0,9400.0,9400.0,800,0.0,0.0
2023-09-13 13:00:00+09:00,9410.0,9410.0,9400.0,9400.0,300,0.0,0.0
2023-09-13 14:00:00+09:00,9370.0,9370.0,9370.0,9370.0,100,0.0,0.0
2023-09-14 09:00:00+09:00,9300.0,9300.0,9300.0,9300.0,200,0.0,0.0
2023-09-14 11:00:00+09:00,9300.0,9300.0,9300.0,9300.0,0,0.0,0.0
2023-09-14 14:00:00+09:00,9210.0,9210.0,9150.0,9160.0,1000,0.0,0.0
2023-09-15 09:00:00+09:00,9150.0,9150.0,8810.0,9120.0,1000,0.0,0.0
2023-09-15 10:00:00+09:00,9060.0,9060.0,9010.0,9010.0,300,0.0,0.0
2023-09-15 11:00:00+09:00,9010.0,9010.0,9010.0,9010.0,0,0.0,0.0
2023-09-15 12:00:00+09:00,8990.0,8990.0,8990.0,8990.0,1500,0.0,0.0
2023-09-15 13:00:00+09:00,8980.0,8980.0,8980.0,8980.0,100,0.0,0.0
2023-09-15 14:00:00+09:00,9090.0,9100.0,9090.0,9100.0,300,0.0,0.0
2023-09-19 09:00:00+09:00,8950.0,8990.0,8950.0,8990.0,400,0.0,0.0
2023-09-19 11:00:00+09:00,8990.0,8990.0,8990.0,8990.0,0,0.0,0.0
2023-09-20 09:00:00+09:00,9150.0,9300.0,9150.0,9300.0,300,0.0,0.0
2023-09-20 11:00:00+09:00,9300.0,9300.0,9300.0,9300.0,0,0.0,0.0
2023-09-20 12:00:00+09:00,9300.0,9300.0,9300.0,9300.0,400,0.0,0.0
2023-09-21 09:00:00+09:00,9200.0,9200.0,9160.0,9160.0,300,0.0,0.0
2023-09-21 11:00:00+09:00,9160.0,9160.0,9160.0,9160.0,0,0.0,0.0
2023-09-21 12:00:00+09:00,9170.0,9170.0,9170.0,9170.0,400,0.0,0.0
2023-09-21 14:00:00+09:00,9090.0,9170.0,9050.0,9170.0,500,0.0,0.0
2023-09-22 09:00:00+09:00,8960.0,9180.0,8960.0,9180.0,600,0.0,0.0
2023-09-22 10:00:00+09:00,9190.0,9610.0,9190.0,9610.0,2500,0.0,0.0
2023-09-22 11:00:00+09:00,9600.0,9680.0,9410.0,9460.0,0,0.0,0.0
2023-09-22 12:00:00+09:00,9610.0,9610.0,9610.0,9610.0,4600,0.0,0.0
2023-09-22 14:00:00+09:00,9460.0,9460.0,9460.0,9460.0,100,0.0,0.0
2023-09-25 09:00:00+09:00,9460.0,9460.0,9460.0,9460.0,300,0.0,0.0
2023-09-25 11:00:00+09:00,9450.0,9450.0,9450.0,9450.0,0,0.0,0.0
2023-09-25 14:00:00+09:00,9300.0,9300.0,9300.0,9300.0,500,0.0,0.0
2023-09-26 09:00:00+09:00,9270.0,9400.0,9270.0,9400.0,200,0.0,0.0
2023-09-26 10:00:00+09:00,9400.0,9400.0,9400.0,9400.0,100,0.0,0.0
2023-09-26 11:00:00+09:00,9400.0,9400.0,9400.0,9400.0,0,0.0,0.0
2023-09-26 13:00:00+09:00,9250.0,9250.0,9200.0,9200.0,800,0.0,0.0
2023-09-27 09:00:00+09:00,9120.0,9120.0,9120.0,9120.0,200,0.0,0.0
2023-09-27 10:00:00+09:00,9200.0,9260.0,9200.0,9260.0,300,0.0,0.0
2023-09-27 11:00:00+09:00,9200.0,9200.0,9200.0,9200.0,0,0.0,0.0
2023-09-27 13:00:00+09:00,9250.0,9250.0,9250.0,9250.0,700,0.0,0.0
2023-09-27 14:00:00+09:00,9300.0,9300.0,9300.0,9300.0,100,0.0,0.0
2023-09-28 09:00:00+09:00,3150.0,3250.0,3150.0,3220.0,1500,0.0,0.0
2023-09-28 10:00:00+09:00,3155.0,3155.0,3085.0,3085.0,500,0.0,0.0
2023-09-28 11:00:00+09:00,3115.0,3115.0,3100.0,3100.0,0,0.0,0.0
2023-09-28 12:00:00+09:00,3095.0,3140.0,3095.0,3140.0,3200,0.0,0.0
2023-09-28 13:00:00+09:00,3095.0,3140.0,3085.0,3100.0,1300,0.0,0.0
2023-09-28 14:00:00+09:00,3105.0,3140.0,3100.0,3100.0,900,0.0,0.0
2023-09-29 09:00:00+09:00,3160.0,3160.0,3150.0,3150.0,200,0.0,0.0
2023-09-29 11:00:00+09:00,3145.0,3150.0,3090.0,3090.0,0,0.0,0.0
2023-09-29 12:00:00+09:00,3090.0,3090.0,3070.0,3070.0,1000,0.0,0.0
2023-09-29 13:00:00+09:00,3065.0,3065.0,3065.0,3065.0,200,0.0,0.0
2023-09-29 14:00:00+09:00,3090.0,3090.0,3090.0,3090.0,100,0.0,0.0
2023-10-02 09:00:00+09:00,3100.0,3100.0,3100.0,3100.0,400,0.0,0.0
2023-10-02 11:00:00+09:00,3120.0,3130.0,3120.0,3130.0,0,0.0,0.0
2023-10-02 12:00:00+09:00,3135.0,3135.0,3135.0,3135.0,1700,0.0,0.0
2023-10-02 14:00:00+09:00,3130.0,3130.0,3090.0,3090.0,600,0.0,0.0
2023-10-03 09:00:00+09:00,3090.0,3090.0,3060.0,3060.0,700,0.0,0.0
2023-10-03 11:00:00+09:00,3060.0,3060.0,3060.0,3060.0,0,0.0,0.0
2023-10-03 12:00:00+09:00,3070.0,3070.0,3015.0,3015.0,1000,0.0,0.0
2023-10-03 13:00:00+09:00,3000.0,3000.0,2990.0,2990.0,600,0.0,0.0
2023-10-03 14:00:00+09:00,2991.0,3055.0,2979.0,3030.0,2900,0.0,0.0
2023-10-04 09:00:00+09:00,2977.0,3020.0,2950.0,3020.0,0,0.0,0.0
2023-10-04 10:00:00+09:00,3025.0,3025.0,2961.0,2979.0,6200,0.0,0.0
2023-10-04 11:00:00+09:00,2967.0,2968.0,2966.0,2968.0,0,0.0,0.0
2023-10-04 12:00:00+09:00,2969.0,2969.0,2950.0,2962.0,8400,0.0,0.0
2023-10-04 13:00:00+09:00,2962.0,3025.0,2962.0,2999.0,2100,0.0,0.0
2023-10-04 14:00:00+09:00,2980.0,2990.0,2980.0,2990.0,200,0.0,0.0
2023-10-05 09:00:00+09:00,3015.0,3015.0,2980.0,2980.0,400,0.0,0.0
2023-10-05 10:00:00+09:00,2970.0,2970.0,2970.0,2970.0,0,0.0,0.0
2023-10-05 11:00:00+09:00,2970.0,2970.0,2970.0,2970.0,0,0.0,0.0
2023-10-05 12:00:00+09:00,2985.0,2999.0,2980.0,2999.0,1100,0.0,0.0
2023-10-05 13:00:00+09:00,2999.0,3025.0,2999.0,3025.0,800,0.0,0.0
2023-10-05 14:00:00+09:00,3020.0,3025.0,2970.0,2999.0,0,0.0,0.0
2023-10-06 10:00:00+09:00,2990.0,2996.0,2990.0,2996.0,200,0.0,0.0
2023-10-06 11:00:00+09:00,2990.0,2990.0,2990.0,2990.0,0,0.0,0.0
2023-10-06 12:00:00+09:00,3005.0,3005.0,3005.0,3005.0,400,0.0,0.0
2023-10-06 13:00:00+09:00,3000.0,3000.0,3000.0,3000.0,100,0.0,0.0
2023-10-06 14:00:00+09:00,2979.0,3000.0,2970.0,2999.0,1200,0.0,0.0
2023-10-10 09:00:00+09:00,2999.0,3020.0,2984.0,3005.0,1600,0.0,0.0
2023-10-10 11:00:00+09:00,3005.0,3005.0,3005.0,3005.0,0,0.0,0.0
2023-10-10 12:00:00+09:00,3000.0,3000.0,2981.0,2981.0,2200,0.0,0.0
2023-10-10 13:00:00+09:00,3000.0,3000.0,3000.0,3000.0,100,0.0,0.0
2023-10-11 09:00:00+09:00,2951.0,2968.0,2951.0,2968.0,2300,0.0,0.0
2023-10-11 10:00:00+09:00,2968.0,2968.0,2968.0,2968.0,100,0.0,0.0
2023-10-11 11:00:00+09:00,2956.0,2957.0,2956.0,2956.0,0,0.0,0.0
2023-10-11 12:00:00+09:00,2967.0,2967.0,2967.0,2967.0,2800,0.0,0.0
2023-10-11 13:00:00+09:00,2970.0,2970.0,2970.0,2970.0,100,0.0,0.0
2023-10-12 09:00:00+09:00,2960.0,2960.0,2960.0,2960.0,100,0.0,0.0
2023-10-12 10:00:00+09:00,2959.0,2962.0,2855.0,2855.0,4900,0.0,0.0
2023-10-12 11:00:00+09:00,2855.0,2855.0,2855.0,2855.0,0,0.0,0.0
2023-10-12 12:00:00+09:00,2919.0,2919.0,2919.0,2919.0,5100,0.0,0.0
2023-10-12 13:00:00+09:00,2900.0,2948.0,2891.0,2946.0,1600,0.0,0.0
2023-10-12 14:00:00+09:00,2947.0,2949.0,2947.0,2949.0,200,0.0,0.0
2023-10-13 09:00:00+09:00,2940.0,2949.0,2894.0,2895.0,2000,0.0,0.0
2023-10-13 11:00:00+09:00,2893.0,2894.0,2893.0,2894.0,0,0.0,0.0
2023-10-13 12:00:00+09:00,2883.0,2883.0,2881.0,2881.0,2700,0.0,0.0
2023-10-13 13:00:00+09:00,2881.0,2889.0,2880.0,2881.0,500,0.0,0.0
2023-10-13 14:00:00+09:00,2888.0,2888.0,2880.0,2880.0,300,0.0,0.0
2023-10-16 09:00:00+09:00,2780.0,2815.0,2722.0,2800.0,6100,0.0,0.0
2023-10-16 10:00:00+09:00,2801.0,2801.0,2801.0,2801.0,200,0.0,0.0
2023-10-16 11:00:00+09:00,2801.0,2801.0,2801.0,2801.0,0,0.0,0.0
2023-10-16 12:00:00+09:00,2846.0,2846.0,2846.0,2846.0,6400,0.0,0.0
2023-10-16 13:00:00+09:00,2790.0,2790.0,2788.0,2788.0,400,0.0,0.0
2023-10-16 14:00:00+09:00,2788.0,2788.0,2788.0,2788.0,100,0.0,0.0
2023-10-17 09:00:00+09:00,2813.0,2813.0,2777.0,2784.0,1400,0.0,0.0
2023-10-17 11:00:00+09:00,2765.0,2765.0,2757.0,2757.0,0,0.0,0.0
2023-10-17 12:00:00+09:00,2789.0,2789.0,2750.0,2752.0,6600,0.0,0.0
2023-10-17 13:00:00+09:00,2751.0,2753.0,2750.0,2753.0,0,0.0,0.0
2023-10-17 14:00:00+09:00,2760.0,2760.0,2760.0,2760.0,7200,0.0,0.0
2023-10-18 09:00:00+09:00,2792.0,2792.0,2778.0,2778.0,200,0.0,0.0
2023-10-18 11:00:00+09:00,2778.0,2778.0,2778.0,2778.0,0,0.0,0.0
2023-10-18 12:00:00+09:00,2794.0,2794.0,2794.0,2794.0,300,0.0,0.0
2023-10-18 13:00:00+09:00,2779.0,2779.0,2779.0,2779.0,100,0.0,0.0
2023-10-19 09:00:00+09:00,2748.0,2800.0,2748.0,2750.0,0,0.0,0.0
2023-10-19 10:00:00+09:00,2730.0,2730.0,2713.0,2713.0,1300,0.0,0.0
2023-10-19 11:00:00+09:00,2741.0,2741.0,2741.0,2741.0,0,0.0,0.0
2023-10-19 12:00:00+09:00,2741.0,2750.0,2736.0,2736.0,4300,0.0,0.0
2023-10-19 13:00:00+09:00,2735.0,2750.0,2725.0,2750.0,800,0.0,0.0
2023-10-19 14:00:00+09:00,2717.0,2717.0,2716.0,2716.0,400,0.0,0.0
2023-10-20 09:00:00+09:00,2716.0,2782.0,2715.0,2782.0,1800,0.0,0.0
2023-10-20 10:00:00+09:00,2770.0,2777.0,2727.0,2741.0,1100,0.0,0.0
2023-10-20 11:00:00+09:00,2759.0,2883.0,2759.0,2876.0,0,0.0,0.0
2023-10-20 12:00:00+09:00,2850.0,2869.0,2819.0,2828.0,5900,0.0,0.0
2023-10-20 13:00:00+09:00,2862.0,2978.0,2837.0,2915.0,5800,0.0,0.0
2023-10-20 14:00:00+09:00,2865.0,2891.0,2865.0,2891.0,500,0.0,0.0
2023-10-23 09:00:00+09:00,2851.0,2860.0,2829.0,2829.0,2200,0.0,0.0
2023-10-23 10:00:00+09:00,2822.0,2822.0,2820.0,2820.0,1200,0.0,0.0
2023-10-23 11:00:00+09:00,2811.0,2882.0,2805.0,2844.0,0,0.0,0.0
2023-10-23 12:00:00+09:00,2807.0,2807.0,2804.0,2804.0,5500,0.0,0.0
2023-10-23 13:00:00+09:00,2800.0,2800.0,2800.0,2800.0,100,0.0,0.0
2023-10-24 09:00:00+09:00,2799.0,2799.0,2741.0,2753.0,600,0.0,0.0
2023-10-24 10:00:00+09:00,2740.0,2743.0,2700.0,2721.0,2400,0.0,0.0
2023-10-24 11:00:00+09:00,2726.0,2730.0,2726.0,2730.0,0,0.0,0.0
2023-10-24 12:00:00+09:00,2730.0,2734.0,2725.0,2725.0,4300,0.0,0.0
2023-10-24 13:00:00+09:00,2730.0,2730.0,2730.0,2730.0,100,0.0,0.0
2023-10-24 14:00:00+09:00,2757.0,2791.0,2757.0,2791.0,700,0.0,0.0
2023-10-25 09:00:00+09:00,2795.0,2830.0,2795.0,2830.0,3400,0.0,0.0
2023-10-25 11:00:00+09:00,2830.0,2830.0,2830.0,2830.0,0,0.0,0.0
2023-10-25 12:00:00+09:00,2867.0,2867.0,2857.0,2857.0,3600,0.0,0.0
2023-10-26 09:00:00+09:00,2808.0,2850.0,2808.0,2850.0,700,0.0,0.0
2023-10-26 10:00:00+09:00,2854.0,2856.0,2853.0,2853.0,300,0.0,0.0
2023-10-26 11:00:00+09:00,2853.0,2853.0,2853.0,2853.0,0,0.0,0.0
2023-10-26 12:00:00+09:00,2853.0,2853.0,2853.0,2853.0,1100,0.0,0.0
2023-10-26 13:00:00+09:00,2822.0,2824.0,2822.0,2824.0,300,0.0,0.0
2023-10-26 14:00:00+09:00,2868.0,2927.0,2868.0,2927.0,500,0.0,0.0
2023-10-27 09:00:00+09:00,2925.0,2925.0,2925.0,2925.0,200,0.0,0.0
2023-10-27 10:00:00+09:00,2924.0,2925.0,2907.0,2907.0,300,0.0,0.0
2023-10-27 11:00:00+09:00,2907.0,2907.0,2907.0,2907.0,0,0.0,0.0
2023-10-27 12:00:00+09:00,2912.0,2912.0,2912.0,2912.0,600,0.0,0.0
2023-10-27 13:00:00+09:00,2924.0,2925.0,2924.0,2925.0,200,0.0,0.0
2023-10-27 14:00:00+09:00,2925.0,2945.0,2922.0,2940.0,400,0.0,0.0
2023-10-30 09:00:00+09:00,2959.0,2959.0,2959.0,2959.0,100,0.0,0.0
2023-10-30 11:00:00+09:00,2909.0,2909.0,2889.0,2889.0,0,0.0,0.0
2023-10-30 12:00:00+09:00,2889.0,2889.0,2851.0,2851.0,1200,0.0,0.0
2023-10-30 14:00:00+09:00,2851.0,2910.0,2851.0,2890.0,1100,0.0,0.0
2023-10-31 09:00:00+09:00,2851.0,2890.0,2850.0,2890.0,800,0.0,0.0
2023-10-31 11:00:00+09:00,2890.0,2890.0,2890.0,2890.0,0,0.0,0.0
2023-10-31 12:00:00+09:00,2874.0,2879.0,2872.0,2872.0,1200,0.0,0.0
2023-10-31 13:00:00+09:00,2881.0,2900.0,2881.0,2900.0,400,0.0,0.0
2023-10-31 14:00:00+09:00,2900.0,2900.0,2900.0,2900.0,100,0.0,0.0
2023-11-01 09:00:00+09:00,2905.0,2968.0,2905.0,2968.0,1100,0.0,0.0
2023-11-01 10:00:00+09:00,2967.0,2967.0,2965.0,2966.0,500,0.0,0.0
2023-11-01 11:00:00+09:00,2920.0,2964.0,2920.0,2964.0,0,0.0,0.0
2023-11-01 12:00:00+09:00,2936.0,2950.0,2936.0,2950.0,2300,0.0,0.0
2023-11-01 13:00:00+09:00,2946.0,2966.0,2920.0,2966.0,2300,0.0,0.0
2023-11-01 14:00:00+09:00,2963.0,2963.0,2924.0,2948.0,1800,0.0,0.0
2023-11-02 09:00:00+09:00,2966.0,3050.0,2966.0,3000.0,3800,0.0,0.0
2023-11-02 10:00:00+09:00,3020.0,3065.0,3020.0,3060.0,1000,0.0,0.0
2023-11-02 11:00:00+09:00,3060.0,3060.0,3060.0,3060.0,0,0.0,0.0
2023-11-02 12:00:00+09:00,3025.0,3030.0,3005.0,3030.0,5200,0.0,0.0
2023-11-02 13:00:00+09:00,3030.0,3030.0,3000.0,3000.0,800,0.0,0.0
2023-11-06 09:00:00+09:00,3055.0,3055.0,3000.0,3055.0,1900,0.0,0.0
2023-11-06 10:00:00+09:00,3045.0,3045.0,3030.0,3045.0,800,0.0,0.0
2023-11-06 11:00:00+09:00,3045.0,3045.0,3045.0,3045.0,0,0.0,0.0
2023-11-06 12:00:00+09:00,3025.0,3050.0,3025.0,3050.0,3900,0.0,0.0
2023-11-06 14:00:00+09:00,3015.0,3045.0,3015.0,3035.0,500,0.0,0.0
2023-11-07 09:00:00+09:00,3025.0,3070.0,3025.0,3050.0,3300,0.0,0.0
2023-11-07 11:00:00+09:00,3050.0,3050.0,3050.0,3050.0,0,0.0,0.0
2023-11-07 12:00:00+09:00,3050.0,3050.0,3030.0,3030.0,3500,0.0,0.0
2023-11-07 13:00:00+09:00,3025.0,3025.0,3025.0,3025.0,200,0.0,0.0
2023-11-08 09:00:00+09:00,3065.0,3070.0,3065.0,3065.0,1000,0.0,0.0
2023-11-08 11:00:00+09:00,3065.0,3065.0,3065.0,3065.0,0,0.0,0.0
2023-11-08 12:00:00+09:00,3065.0,3065.0,3065.0,3065.0,1100,0.0,0.0
2023-11-08 13:00:00+09:00,3030.0,3030.0,3020.0,3025.0,1200,0.0,0.0
2023-11-08 14:00:00+09:00,3030.0,3045.0,3030.0,3045.0,500,0.0,0.0
2023-11-09 09:00:00+09:00,3025.0,3025.0,3000.0,3000.0,0,0.0,0.0
2023-11-09 10:00:00+09:00,2990.0,2990.0,2990.0,2990.0,700,0.0,0.0
2023-11-09 11:00:00+09:00,2986.0,3030.0,2980.0,3030.0,0,0.0,0.0
2023-11-09 12:00:00+09:00,3040.0,3210.0,2980.0,3160.0,10000,0.0,0.0
2023-11-09 13:00:00+09:00,3090.0,3090.0,3090.0,3090.0,100,0.0,0.0
2023-11-09 14:00:00+09:00,3050.0,3050.0,3050.0,3050.0,100,0.0,0.0
2023-11-10 09:00:00+09:00,3050.0,3050.0,3005.0,3035.0,1000,0.0,0.0
2023-11-10 10:00:00+09:00,3050.0,3065.0,3030.0,3030.0,600,0.0,0.0
2023-11-10 11:00:00+09:00,3030.0,3030.0,3005.0,3015.0,0,0.0,0.0
2023-11-10 12:00:00+09:00,3015.0,3020.0,3005.0,3010.0,4200,0.0,0.0
2023-11-10 13:00:00+09:00,3015.0,3015.0,3015.0,3015.0,100,0.0,0.0
2023-11-10 14:00:00+09:00,3065.0,3075.0,3065.0,3075.0,300,0.0,0.0
2023-11-13 09:00:00+09:00,3150.0,3150.0,3065.0,3065.0,0,0.0,0.0
2023-11-13 10:00:00+09:00,3065.0,3065.0,3060.0,3060.0,400,0.0,0.0
2023-11-13 11:00:00+09:00,3060.0,3075.0,3060.0,3075.0,0,0.0,0.0
2023-11-13 12:00:00+09:00,3075.0,3095.0,3075.0,3095.0,2500,0.0,0.0
2023-11-13 13:00:00+09:00,3090.0,3095.0,3090.0,3095.0,500,0.0,0.0
2023-11-13 14:00:00+09:00,3100.0,3105.0,3090.0,3095.0,800,0.0,0.0
2023-11-14 09:00:00+09:00,3145.0,3150.0,3080.0,3105.0,2600,0.0,0.0
2023-11-14 10:00:00+09:00,3095.0,3105.0,3060.0,3095.0,2300,0.0,0.0
2023-11-14 11:00:00+09:00,3120.0,3140.0,3120.0,3135.0,0,0.0,0.0
2023-11-14 12:00:00+09:00,3140.0,3175.0,3100.0,3175.0,8900,0.0,0.0
2023-11-14 13:00:00+09:00,3180.0,3445.0,2671.0,2760.0,137400,0.0,0.0
2023-11-14 14:00:00+09:00,2760.0,2766.0,2655.0,2698.0,45700,0.0,0.0
2023-11-15 09:00:00+09:00,2721.0,2724.0,2550.0,2562.0,26300,0.0,0.0
2023-11-15 10:00:00+09:00,2565.0,2636.0,2565.0,2636.0,4400,0.0,0.0
2023-11-15 11:00:00+09:00,2635.0,2635.0,2585.0,2585.0,0,0.0,0.0
2023-11-15 12:00:00+09:00,2585.0,2625.0,2582.0,2625.0,34400,0.0,0.0
2023-11-15 13:00:00+09:00,2623.0,2641.0,2610.0,2641.0,3000,0.0,0.0
2023-11-15 14:00:00+09:00,2639.0,2648.0,2619.0,2619.0,2600,0.0,0.0
2023-11-16 09:00:00+09:00,2600.0,2600.0,2493.0,2518.0,0,0.0,0.0
2023-11-16 10:00:00+09:00,2519.0,2587.0,2519.0,2560.0,20800,0.0,0.0
2023-11-16 11:00:00+09:00,2561.0,2561.0,2550.0,2550.0,0,0.0,0.0
2023-11-16 12:00:00+09:00,2550.0,2581.0,2550.0,2560.0,23900,0.0,0.0
2023-11-16 13:00:00+09:00,2567.0,2581.0,2550.0,2574.0,1200,0.0,0.0
2023-11-16 14:00:00+09:00,2574.0,2598.0,2563.0,2598.0,1800,0.0,0.0
2023-11-17 09:00:00+09:00,2611.0,2611.0,2525.0,2575.0,4200,0.0,0.0
2023-11-17 10:00:00+09:00,2573.0,2599.0,2565.0,2599.0,1400,0.0,0.0
2023-11-17 11:00:00+09:00,2580.0,2580.0,2580.0,2580.0,0,0.0,0.0
2023-11-17 12:00:00+09:00,2579.0,2589.0,2579.0,2589.0,6100,0.0,0.0
2023-11-17 13:00:00+09:00,2588.0,2588.0,2588.0,2588.0,100,0.0,0.0
2023-11-17 14:00:00+09:00,2590.0,2673.0,2590.0,2673.0,7300,0.0,0.0
2023-11-20 09:00:00+09:00,2696.0,2773.0,2636.0,2636.0,11200,0.0,0.0
2023-11-20 10:00:00+09:00,2674.0,2676.0,2630.0,2660.0,2000,0.0,0.0
2023-11-20 11:00:00+09:00,2666.0,2667.0,2660.0,2667.0,0,0.0,0.0
2023-11-20 12:00:00+09:00,2667.0,2667.0,2638.0,2638.0,14900,0.0,0.0
2023-11-20 13:00:00+09:00,2632.0,2632.0,2600.0,2601.0,3700,0.0,0.0
2023-11-20 14:00:00+09:00,2611.0,2615.0,2609.0,2615.0,800,0.0,0.0
2023-11-21 09:00:00+09:00,2666.0,2666.0,2568.0,2575.0,4800,0.0,0.0
2023-11-21 10:00:00+09:00,2570.0,2575.0,2538.0,2575.0,2900,0.0,0.0
2023-11-21 11:00:00+09:00,2576.0,2587.0,2565.0,2587.0,0,0.0,0.0
2023-11-21 12:00:00+09:00,2587.0,2610.0,2587.0,2595.0,11000,0.0,0.0
2023-11-21 13:00:00+09:00,2580.0,2580.0,2572.0,2572.0,1300,0.0,0.0
2023-11-22 09:00:00+09:00,2647.0,2647.0,2590.0,2600.0,2800,0.0,0.0
2023-11-22 10:00:00+09:00,2589.0,2600.0,2589.0,2600.0,400,0.0,0.0
2023-11-22 11:00:00+09:00,2596.0,2611.0,2596.0,2611.0,0,0.0,0.0
2023-11-22 12:00:00+09:00,2611.0,2630.0,2606.0,2606.0,6000,0.0,0.0
2023-11-22 13:00:00+09:00,2621.0,2638.0,2621.0,2621.0,1500,0.0,0.0
2023-11-22 14:00:00+09:00,2640.0,2663.0,2634.0,2634.0,3500,0.0,0.0
2023-11-24 11:00:00+09:00,2635.0,2635.0,2630.0,2635.0,400,0.0,0.0
2023-11-24 12:00:00+09:00,2640.0,2640.0,2640.0,2640.0,700,0.0,0.0
2023-11-24 13:00:00+09:00,2642.0,2642.0,2640.0,2640.0,400,0.0,0.0
2023-11-24 14:00:00+09:00,2634.0,2635.0,2621.0,2621.0,1300,0.0,0.0
2023-11-27 09:00:00+09:00,2620.0,2638.0,2558.0,2558.0,4000,0.0,0.0
2023-11-27 10:00:00+09:00,2589.0,2628.0,2589.0,2593.0,1100,0.0,0.0
2023-11-27 11:00:00+09:00,2599.0,2599.0,2599.0,2599.0,0,0.0,0.0
2023-11-27 12:00:00+09:00,2601.0,2601.0,2601.0,2601.0,5300,0.0,0.0
2023-11-27 13:00:00+09:00,2629.0,2629.0,2629.0,2629.0,0,0.0,0.0
2023-11-27 14:00:00+09:00,2630.0,2635.0,2630.0,2630.0,6700,0.0,0.0
2023-11-28 09:00:00+09:00,2640.0,2640.0,2613.0,2613.0,600,0.0,0.0
2023-11-28 11:00:00+09:00,2613.0,2613.0,2613.0,2613.0,0,0.0,0.0
2023-11-28 12:00:00+09:00,2615.0,2617.0,2615.0,2617.0,800,0.0,0.0
2023-11-28 13:00:00+09:00,2618.0,2618.0,2615.0,2615.0,600,0.0,0.0
2023-11-28 14:00:00+09:00,2618.0,2618.0,2616.0,2616.0,200,0.0,0.0
2023-11-29 09:00:00+09:00,2610.0,2611.0,2592.0,2592.0,1600,0.0,0.0
2023-11-29 10:00:00+09:00,2583.0,2583.0,2564.0,2570.0,700,0.0,0.0
2023-11-29 11:00:00+09:00,2570.0,2570.0,2570.0,2570.0,0,0.0,0.0
2023-11-29 12:00:00+09:00,2572.0,2572.0,2572.0,2572.0,2400,0.0,0.0
2023-11-29 13:00:00+09:00,2600.0,2600.0,2574.0,2574.0,400,0.0,0.0
2023-11-29 14:00:00+09:00,2586.0,2586.0,2576.0,2576.0,200,0.0,0.0
2023-11-30 09:00:00+09:00,2576.0,2576.0,2564.0,2564.0,800,0.0,0.0
2023-11-30 10:00:00+09:00,2561.0,2561.0,2536.0,2538.0,1700,0.0,0.0
2023-11-30 11:00:00+09:00,2538.0,2538.0,2538.0,2538.0,0,0.0,0.0
2023-11-30 12:00:00+09:00,2550.0,2550.0,2550.0,2550.0,2600,0.0,0.0
2023-11-30 13:00:00+09:00,2550.0,2550.0,2550.0,2550.0,100,0.0,0.0
2023-11-30 14:00:00+09:00,2551.0,2570.0,2551.0,2570.0,0,0.0,0.0
2023-12-01 09:00:00+09:00,2559.0,2560.0,2545.0,2545.0,1100,0.0,0.0
2023-12-01 10:00:00+09:00,2545.0,2545.0,2545.0,2545.0,100,0.0,0.0
2023-12-01 11:00:00+09:00,2543.0,2543.0,2536.0,2536.0,0,0.0,0.0
2023-12-01 12:00:00+09:00,2539.0,2539.0,2515.0,2515.0,3200,0.0,0.0
2023-12-01 13:00:00+09:00,2520.0,2520.0,2515.0,2515.0,800,0.0,0.0
2023-12-01 14:00:00+09:00,2529.0,2530.0,2518.0,2520.0,2200,0.0,0.0
2023-12-04 09:00:00+09:00,2519.0,2521.0,2430.0,2450.0,4800,0.0,0.0
2023-12-04 10:00:00+09:00,2469.0,2520.0,2469.0,2501.0,900,0.0,0.0
2023-12-04 11:00:00+09:00,2501.0,2501.0,2501.0,2501.0,0,0.0,0.0
2023-12-04 12:00:00+09:00,2501.0,2501.0,2499.0,2499.0,6000,0.0,0.0
2023-12-04 13:00:00+09:00,2501.0,2502.0,2501.0,2502.0,200,0.0,0.0
2023-12-04 14:00:00+09:00,2500.0,2500.0,2495.0,2495.0,300,0.0,0.0
2023-12-05 09:00:00+09:00,2470.0,2470.0,2435.0,2454.0,1300,0.0,0.0
2023-12-05 10:00:00+09:00,2458.0,2458.0,2458.0,2458.0,100,0.0,0.0
2023-12-05 11:00:00+09:00,2458.0,2458.0,2458.0,2458.0,0,0.0,0.0
2023-12-05 12:00:00+09:00,2499.0,2499.0,2499.0,2499.0,0,0.0,0.0
2023-12-05 13:00:00+09:00,2475.0,2475.0,2475.0,2475.0,2400,0.0,0.0
2023-12-05 14:00:00+09:00,2481.0,2481.0,2481.0,2481.0,100,0.0,0.0
2023-12-06 09:00:00+09:00,2488.0,2497.0,2488.0,2497.0,300,0.0,0.0
2023-12-06 10:00:00+09:00,2497.0,2510.0,2497.0,2508.0,1300,0.0,0.0
2023-12-06 11:00:00+09:00,2529.0,2529.0,2529.0,2529.0,0,0.0,0.0
2023-12-06 12:00:00+09:00,2509.0,2512.0,2508.0,2508.0,2200,0.0,0.0
2023-12-06 13:00:00+09:00,2500.0,2500.0,2480.0,2480.0,700,0.0,0.0
2023-12-06 14:00:00+09:00,2480.0,2487.0,2470.0,2487.0,300,0.0,0.0
2023-12-07 09:00:00+09:00,2476.0,2477.0,2476.0,2477.0,600,0.0,0.0
2023-12-07 10:00:00+09:00,2476.0,2476.0,2450.0,2473.0,900,0.0,0.0
2023-12-07 11:00:00+09:00,2474.0,2474.0,2474.0,2474.0,0,0.0,0.0
2023-12-07 12:00:00+09:00,2474.0,2475.0,2474.0,2475.0,3900,0.0,0.0
2023-12-07 13:00:00+09:00,2481.0,2481.0,2481.0,2481.0,300,0.0,0.0
2023-12-07 14:00:00+09:00,2482.0,2482.0,2467.0,2467.0,500,0.0,0.0
2023-12-08 09:00:00+09:00,2496.0,2496.0,2471.0,2471.0,800,0.0,0.0
2023-12-08 10:00:00+09:00,2470.0,2470.0,2458.0,2458.0,400,0.0,0.0
2023-12-08 11:00:00+09:00,2453.0,2453.0,2451.0,2451.0,0,0.0,0.0
2023-12-08 12:00:00+09:00,2450.0,2450.0,2450.0,2450.0,0,0.0,0.0
2023-12-08 13:00:00+09:00,2449.0,2449.0,2449.0,2449.0,2900,0.0,0.0
2023-12-08 14:00:00+09:00,2447.0,2447.0,2410.0,2410.0,2700,0.0,0.0
2023-12-11 09:00:00+09:00,2440.0,2440.0,2380.0,2405.0,4300,0.0,0.0
2023-12-11 10:00:00+09:00,2400.0,2400.0,2400.0,2400.0,200,0.0,0.0
2023-12-11 11:00:00+09:00,2401.0,2401.0,2396.0,2396.0,0,0.0,0.0
2023-12-11 12:00:00+09:00,2391.0,2391.0,2348.0,2350.0,6800,0.0,0.0
2023-12-11 13:00:00+09:00,2348.0,2363.0,2301.0,2339.0,1800,0.0,0.0
2023-12-11 14:00:00+09:00,2338.0,2357.0,2320.0,2333.0,4200,0.0,0.0
2023-12-12 09:00:00+09:00,2345.0,2365.0,2345.0,2365.0,700,0.0,0.0
2023-12-12 10:00:00+09:00,2342.0,2342.0,2342.0,2342.0,200,0.0,0.0
2023-12-12 11:00:00+09:00,2346.0,2346.0,2346.0,2346.0,0,0.0,0.0
2023-12-12 12:00:00+09:00,2348.0,2348.0,2348.0,2348.0,1500,0.0,0.0
2023-12-13 09:00:00+09:00,2351.0,2351.0,2327.0,2331.0,1300,0.0,0.0
2023-12-13 11:00:00+09:00,2331.0,2331.0,2331.0,2331.0,0,0.0,0.0
2023-12-13 12:00:00+09:00,2333.0,2350.0,2333.0,2350.0,1900,0.0,0.0
2023-12-13 13:00:00+09:00,2336.0,2336.0,2336.0,2336.0,100,0.0,0.0
2023-12-13 14:00:00+09:00,2350.0,2359.0,2350.0,2359.0,600,0.0,0.0
2023-12-14 09:00:00+09:00,2340.0,2359.0,2310.0,2310.0,2400,0.0,0.0
2023-12-14 10:00:00+09:00,2316.0,2316.0,2307.0,2310.0,700,0.0,0.0
2023-12-14 11:00:00+09:00,2310.0,2310.0,2310.0,2310.0,0,0.0,0.0
2023-12-14 12:00:00+09:00,2310.0,2316.0,2288.0,2288.0,5300,0.0,0.0
2023-12-14 13:00:00+09:00,2291.0,2291.0,2266.0,2268.0,1200,0.0,0.0
2023-12-14 14:00:00+09:00,2267.0,2291.0,2267.0,2268.0,300,0.0,0.0
2023-12-15 09:00:00+09:00,2276.0,2279.0,2201.0,2201.0,4800,0.0,0.0
2023-12-15 10:00:00+09:00,2234.0,2234.0,2214.0,2214.0,500,0.0,0.0
2023-12-15 11:00:00+09:00,2235.0,2235.0,2225.0,2225.0,0,0.0,0.0
2023-12-15 12:00:00+09:00,2217.0,2225.0,2217.0,2225.0,8300,0.0,0.0
2023-12-15 13:00:00+09:00,2225.0,2237.0,2225.0,2235.0,1400,0.0,0.0
2023-12-15 14:00:00+09:00,2245.0,2254.0,2235.0,2254.0,500,0.0,0.0
2023-12-18 09:00:00+09:00,2296.0,2296.0,2260.0,2265.0,2400,0.0,0.0
2023-12-18 10:00:00+09:00,2232.0,2244.0,2232.0,2242.0,600,0.0,0.0
2023-12-18 11:00:00+09:00,2242.0,2242.0,2242.0,2242.0,0,0.0,0.0
2023-12-18 12:00:00+09:00,2242.0,2243.0,2242.0,2243.0,3200,0.0,0.0
2023-12-18 13:00:00+09:00,2243.0,2243.0,2243.0,2243.0,100,0.0,0.0
2023-12-18 14:00:00+09:00,2259.0,2259.0,2242.0,2242.0,600,0.0,0.0
2023-12-19 09:00:00+09:00,2231.0,2277.0,2230.0,2260.0,3800,0.0,0.0
2023-12-19 11:00:00+09:00,2255.0,2255.0,2255.0,2255.0,0,0.0,0.0
2023-12-19 12:00:00+09:00,2249.0,2293.0,2249.0,2293.0,5500,0.0,0.0
2023-12-19 13:00:00+09:00,2285.0,2330.0,2285.0,2330.0,1400,0.0,0.0
2023-12-19 14:00:00+09:00,2304.0,2304.0,2278.0,2294.0,2500,0.0,0.0
2023-12-20 09:00:00+09:00,2296.0,2300.0,2280.0,2300.0,1600,0.0,0.0
2023-12-20 10:00:00+09:00,2313.0,2313.0,2295.0,2307.0,2400,0.0,0.0
2023-12-20 11:00:00+09:00,2318.0,2318.0,2318.0,2318.0,0,0.0,0.0
2023-12-20 12:00:00+09:00,2281.0,2281.0,2281.0,2281.0,4500,0.0,0.0
2023-12-20 14:00:00+09:00,2296.0,2318.0,2296.0,2318.0,500,0.0,0.0
2023-12-21 09:00:00+09:00,2282.0,2320.0,2282.0,2291.0,12000,0.0,0.0
2023-12-21 10:00:00+09:00,2327.0,2380.0,2327.0,2351.0,700,0.0,0.0
2023-12-21 11:00:00+09:00,2350.0,2350.0,2329.0,2329.0,0,0.0,0.0
2023-12-21 12:00:00+09:00,2330.0,2351.0,2330.0,2351.0,16100,0.0,0.0
2023-12-21 13:00:00+09:00,2351.0,2376.0,2351.0,2376.0,400,0.0,0.0
2023-12-21 14:00:00+09:00,2351.0,2396.0,2351.0,2396.0,900,0.0,0.0
2023-12-22 09:00:00+09:00,2415.0,2448.0,2407.0,2407.0,3800,0.0,0.0
2023-12-22 10:00:00+09:00,2433.0,2543.0,2433.0,2480.0,6800,0.0,0.0
2023-12-22 11:00:00+09:00,2480.0,2480.0,2470.0,2470.0,0,0.0,0.0
2023-12-22 12:00:00+09:00,2470.0,2470.0,2450.0,2450.0,11100,0.0,0.0
2023-12-22 13:00:00+09:00,2456.0,2456.0,2439.0,2450.0,300,0.0,0.0
2023-12-22 14:00:00+09:00,2450.0,2468.0,2450.0,2468.0,600,0.0,0.0
2023-12-25 09:00:00+09:00,2486.0,2543.0,2472.0,2501.0,1200,0.0,0.0
2023-12-25 10:00:00+09:00,2471.0,2479.0,2372.0,2470.0,3200,0.0,0.0
2023-12-25 11:00:00+09:00,2430.0,2430.0,2411.0,2411.0,0,0.0,0.0
2023-12-25 12:00:00+09:00,2411.0,2411.0,2411.0,2411.0,4700,0.0,0.0
2023-12-25 13:00:00+09:00,2419.0,2419.0,2419.0,2419.0,100,0.0,0.0
2023-12-25 14:00:00+09:00,2438.0,2445.0,2438.0,2445.0,200,0.0,0.0
2023-12-26 09:00:00+09:00,2452.0,2452.0,2402.0,2449.0,1100,0.0,0.0
2023-12-26 10:00:00+09:00,2447.0,2447.0,2447.0,2447.0,100,0.0,0.0
2023-12-26 11:00:00+09:00,2447.0,2447.0,2447.0,2447.0,0,0.0,0.0
2023-12-26 12:00:00+09:00,2430.0,2430.0,2430.0,2430.0,1300,0.0,0.0
2023-12-26 13:00:00+09:00,2420.0,2420.0,2419.0,2419.0,500,0.0,0.0
2023-12-26 14:00:00+09:00,2421.0,2421.0,2415.0,2415.0,500,0.0,0.0
2023-12-27 09:00:00+09:00,2432.0,2444.0,2394.0,2415.0,1700,0.0,0.0
2023-12-27 10:00:00+09:00,2414.0,2415.0,2414.0,2415.0,500,0.0,0.0
2023-12-27 11:00:00+09:00,2422.0,2430.0,2422.0,2430.0,0,0.0,0.0
2023-12-27 12:00:00+09:00,2405.0,2420.0,2405.0,2420.0,4100,0.0,0.0
2023-12-27 13:00:00+09:00,2406.0,2420.0,2404.0,2415.0,600,0.0,0.0
2023-12-27 14:00:00+09:00,2417.0,2450.0,2417.0,2430.0,3200,0.0,0.0
2023-12-28 09:00:00+09:00,2431.0,2460.0,2430.0,2460.0,1200,0.0,0.0
2023-12-28 10:00:00+09:00,2461.0,2461.0,2458.0,2458.0,1400,0.0,0.0
2023-12-28 11:00:00+09:00,2458.0,2458.0,2458.0,2458.0,0,0.0,0.0
2023-12-28 12:00:00+09:00,2458.0,2458.0,2437.0,2437.0,3000,0.0,0.0
2023-12-28 13:00:00+09:00,2430.0,2430.0,2430.0,2430.0,100,0.0,0.0
2023-12-28 14:00:00+09:00,2423.0,2430.0,2404.0,2420.0,1200,0.0,0.0
2023-12-29 09:00:00+09:00,2434.0,2450.0,2419.0,2450.0,2200,0.0,0.0
2023-12-29 10:00:00+09:00,2450.0,2450.0,2448.0,2448.0,300,0.0,0.0
2023-12-29 11:00:00+09:00,2448.0,2448.0,2448.0,2448.0,0,0.0,0.0
2023-12-29 12:00:00+09:00,2430.0,2430.0,2430.0,2430.0,2600,0.0,0.0
2023-12-29 13:00:00+09:00,2431.0,2431.0,2427.0,2427.0,700,0.0,0.0
2023-12-29 14:00:00+09:00,2430.0,2447.0,2426.0,2426.0,400,0.0,0.0
2024-01-04 09:00:00+09:00,2426.0,2430.0,2426.0,2430.0,3400,0.0,0.0
2024-01-04 10:00:00+09:00,2430.0,2460.0,2430.0,2458.0,1600,0.0,0.0
2024-01-04 11:00:00+09:00,2472.0,2472.0,2471.0,2472.0,0,0.0,0.0
2024-01-04 13:00:00+09:00,2460.0,2460.0,2460.0,2460.0,5700,0.0,0.0
2024-01-04 14:00:00+09:00,2450.0,2458.0,2440.0,2440.0,500,0.0,0.0
2024-01-05 09:00:00+09:00,2456.0,2479.0,2456.0,2479.0,1200,0.0,0.0
2024-01-05 11:00:00+09:00,2460.0,2466.0,2460.0,2466.0,0,0.0,0.0
2024-01-05 12:00:00+09:00,2466.0,2477.0,2460.0,2460.0,2100,0.0,0.0
2024-01-05 13:00:00+09:00,2460.0,2460.0,2430.0,2460.0,1700,0.0,0.0
2024-01-09 09:00:00+09:00,2460.0,2503.0,2460.0,2475.0,3600,0.0,0.0
2024-01-09 10:00:00+09:00,2476.0,2476.0,2472.0,2472.0,300,0.0,0.0
2024-01-09 11:00:00+09:00,2485.0,2485.0,2485.0,2485.0,0,0.0,0.0
2024-01-09 12:00:00+09:00,2469.0,2490.0,2469.0,2490.0,4900,0.0,0.0
2024-01-09 13:00:00+09:00,2490.0,2490.0,2490.0,2490.0,100,0.0,0.0
2024-01-09 14:00:00+09:00,2485.0,2485.0,2460.0,2466.0,2400,0.0,0.0
2024-01-10 09:00:00+09:00,2470.0,2500.0,2470.0,2500.0,1200,0.0,0.0
2024-01-10 10:00:00+09:00,2515.0,2520.0,2515.0,2520.0,200,0.0,0.0
2024-01-10 11:00:00+09:00,2520.0,2520.0,2520.0,2520.0,0,0.0,0.0
2024-01-10 12:00:00+09:00,2519.0,2519.0,2519.0,2519.0,1700,0.0,0.0
2024-01-10 13:00:00+09:00,2518.0,2528.0,2518.0,2528.0,700,0.0,0.0
2024-01-10 14:00:00+09:00,2518.0,2530.0,2518.0,2530.0,300,0.0,0.0
2024-01-11 09:00:00+09:00,2546.0,2546.0,2539.0,2540.0,900,0.0,0.0
2024-01-11 10:00:00+09:00,2529.0,2550.0,2525.0,2525.0,3500,0.0,0.0
2024-01-11 11:00:00+09:00,2553.0,2553.0,2553.0,2553.0,0,0.0,0.0
2024-01-11 12:00:00+09:00,2553.0,2553.0,2549.0,2549.0,4700,0.0,0.0
2024-01-11 13:00:00+09:00,2549.0,2549.0,2549.0,2549.0,500,0.0,0.0
2024-01-11 14:00:00+09:00,2549.0,2549.0,2549.0,2549.0,100,0.0,0.0
2024-01-12 10:00:00+09:00,2520.0,2520.0,2520.0,2520.0,0,0.0,0.0
2024-01-12 11:00:00+09:00,2520.0,2520.0,2520.0,2520.0,0,0.0,0.0
2024-01-12 12:00:00+09:00,2521.0,2521.0,2521.0,2521.0,200,0.0,0.0
2024-01-12 13:00:00+09:00,2525.0,2525.0,2525.0,2525.0,100,0.0,0.0
2024-01-12 14:00:00+09:00,2549.0,2549.0,2549.0,2549.0,100,0.0,0.0
2024-01-15 09:00:00+09:00,2550.0,2600.0,2550.0,2600.0,0,0.0,0.0
2024-01-15 10:00:00+09:00,2601.0,2601.0,2600.0,2600.0,3700,0.0,0.0
2024-01-15 11:00:00+09:00,2598.0,2630.0,2598.0,2630.0,0,0.0,0.0
2024-01-15 12:00:00+09:00,2603.0,2603.0,2598.0,2600.0,6800,0.0,0.0
2024-01-15 13:00:00+09:00,2596.0,2596.0,2564.0,2567.0,1000,0.0,0.0
2024-01-15 14:00:00+09:00,2568.0,2568.0,2568.0,2568.0,100,0.0,0.0
2024-01-16 09:00:00+09:00,2589.0,2589.0,2530.0,2530.0,1500,0.0,0.0
2024-01-16 10:00:00+09:00,2541.0,2541.0,2535.0,2540.0,700,0.0,0.0
2024-01-16 11:00:00+09:00,2535.0,2535.0,2530.0,2530.0,0,0.0,0.0
2024-01-16 12:00:00+09:00,2534.0,2534.0,2530.0,2530.0,4300,0.0,0.0
2024-01-16 13:00:00+09:00,2532.0,2550.0,2532.0,2535.0,1300,0.0,0.0
2024-01-16 14:00:00+09:00,2532.0,2556.0,2509.0,2509.0,6800,0.0,0.0
2024-01-17 09:00:00+09:00,2545.0,2554.0,2514.0,2514.0,1200,0.0,0.0
2024-01-17 10:00:00+09:00,2521.0,2521.0,2521.0,2521.0,100,0.0,0.0
2024-01-17 11:00:00+09:00,2523.0,2523.0,2523.0,2523.0,0,0.0,0.0
2024-01-17 12:00:00+09:00,2513.0,2513.0,2463.0,2463.0,5800,0.0,0.0
2024-01-17 13:00:00+09:00,2463.0,2495.0,2463.0,2495.0,700,0.0,0.0
2024-01-17 14:00:00+09:00,2495.0,2495.0,2480.0,2480.0,200,0.0,0.0
2024-01-18 09:00:00+09:00,2484.0,2490.0,2430.0,2490.0,2700,0.0,0.0
2024-01-18 10:00:00+09:00,2491.0,2491.0,2490.0,2490.0,300,0.0,0.0
2024-01-18 11:00:00+09:00,2486.0,2486.0,2452.0,2452.0,0,0.0,0.0
2024-01-18 12:00:00+09:00,2452.0,2476.0,2452.0,2476.0,4000,0.0,0.0
2024-01-18 13:00:00+09:00,2477.0,2477.0,2477.0,2477.0,100,0.0,0.0
2024-01-18 14:00:00+09:00,2491.0,2491.0,2491.0,2491.0,100,0.0,0.0
2024-01-19 09:00:00+09:00,2477.0,2477.0,2477.0,2477.0,200,0.0,0.0
2024-01-19 11:00:00+09:00,2486.0,2486.0,2476.0,2476.0,0,0.0,0.0
2024-01-19 12:00:00+09:00,2472.0,2477.0,2472.0,2476.0,1800,0.0,0.0
2024-01-19 14:00:00+09:00,2478.0,2478.0,2472.0,2472.0,300,0.0,0.0
2024-01-22 09:00:00+09:00,2483.0,2525.0,2483.0,2525.0,0,0.0,0.0
2024-01-22 10:00:00+09:00,2525.0,2525.0,2510.0,2510.0,300,0.0,0.0
2024-01-22 11:00:00+09:00,2510.0,2510.0,2510.0,2510.0,0,0.0,0.0
2024-01-22 12:00:00+09:00,2504.0,2550.0,2504.0,2550.0,3500,0.0,0.0
2024-01-22 13:00:00+09:00,2552.0,2552.0,2550.0,2550.0,200,0.0,0.0
2024-01-22 14:00:00+09:00,2520.0,2587.0,2520.0,2587.0,1100,0.0,0.0
2024-01-23 09:00:00+09:00,2608.0,2608.0,2550.0,2566.0,2200,0.0,0.0
2024-01-23 11:00:00+09:00,2564.0,2583.0,2564.0,2583.0,0,0.0,0.0
2024-01-23 12:00:00+09:00,2561.0,2569.0,2557.0,2569.0,3700,0.0,0.0
2024-01-23 13:00:00+09:00,2568.0,2568.0,2568.0,2568.0,100,0.0,0.0
2024-01-23 14:00:00+09:00,2561.0,2570.0,2560.0,2570.0,800,0.0,0.0
2024-01-24 09:00:00+09:00,2581.0,2593.0,2581.0,2593.0,1500,0.0,0.0
2024-01-24 10:00:00+09:00,2593.0,2594.0,2593.0,2594.0,700,0.0,0.0
2024-01-24 11:00:00+09:00,2593.0,2593.0,2593.0,2593.0,0,0.0,0.0
2024-01-24 12:00:00+09:00,2580.0,2590.0,2580.0,2590.0,3200,0.0,0.0
2024-01-24 13:00:00+09:00,2593.0,2610.0,2593.0,2609.0,4400,0.0,0.0
2024-01-24 14:00:00+09:00,2601.0,2601.0,2599.0,2599.0,700,0.0,0.0
2024-01-25 09:00:00+09:00,2598.0,2611.0,2598.0,2611.0,1100,0.0,0.0
2024-01-25 11:00:00+09:00,2611.0,2611.0,2611.0,2611.0,0,0.0,0.0
2024-01-25 12:00:00+09:00,2610.0,2610.0,2610.0,2610.0,1200,0.0,0.0
2024-01-25 14:00:00+09:00,2609.0,2611.0,2609.0,2611.0,2400,0.0,0.0
2024-01-26 09:00:00+09:00,2587.0,2587.0,2587.0,2587.0,0,0.0,0.0
2024-01-26 10:00:00+09:00,2590.0,2590.0,2570.0,2570.0,1800,0.0,0.0
2024-01-26 11:00:00+09:00,2569.0,2570.0,2569.0,2570.0,0,0.0,0.0
2024-01-26 12:00:00+09:00,2573.0,2574.0,2565.0,2565.0,4200,0.0,0.0
2024-01-26 13:00:00+09:00,2565.0,2571.0,2541.0,2550.0,1600,0.0,0.0
2024-01-26 14:00:00+09:00,2571.0,2571.0,2554.0,2554.0,700,0.0,0.0
2024-01-29 09:00:00+09:00,2562.0,2562.0,2562.0,2562.0,200,0.0,0.0
2024-01-29 10:00:00+09:00,2564.0,2583.0,2564.0,2583.0,1700,0.0,0.0
2024-01-29 11:00:00+09:00,2588.0,2588.0,2588.0,2588.0,0,0.0,0.0
2024-01-29 12:00:00+09:00,2588.0,2660.0,2588.0,2623.0,5200,0.0,0.0
2024-01-29 13:00:00+09:00,2623.0,2628.0,2606.0,2609.0,1700,0.0,0.0
2024-01-29 14:00:00+09:00,2600.0,2608.0,2600.0,2603.0,300,0.0,0.0
2024-01-30 09:00:00+09:00,2627.0,2627.0,2627.0,2627.0,100,0.0,0.0
2024-01-30 11:00:00+09:00,2627.0,2627.0,2627.0,2627.0,0,0.0,0.0
2024-01-30 14:00:00+09:00,2601.0,2610.0,2601.0,2610.0,300,0.0,0.0
2024-01-31 09:00:00+09:00,2619.0,2660.0,2619.0,2640.0,3800,0.0,0.0
2024-01-31 11:00:00+09:00,2640.0,2640.0,2640.0,2640.0,0,0.0,0.0
2024-01-31 12:00:00+09:00,2640.0,2720.0,2637.0,2698.0,11900,0.0,0.0
2024-01-31 13:00:00+09:00,2703.0,2757.0,2676.0,2757.0,2100,0.0,0.0
2024-01-31 14:00:00+09:00,2756.0,2776.0,2741.0,2770.0,1600,0.0,0.0
2024-02-01 09:00:00+09:00,2818.0,2818.0,2731.0,2731.0,0,0.0,0.0
2024-02-01 10:00:00+09:00,2750.0,2798.0,2750.0,2798.0,9500,0.0,0.0
2024-02-01 11:00:00+09:00,2796.0,2796.0,2775.0,2777.0,0,0.0,0.0
2024-02-01 12:00:00+09:00,2793.0,2793.0,2781.0,2792.0,11000,0.0,0.0
2024-02-01 13:00:00+09:00,2788.0,2886.0,2786.0,2879.0,8900,0.0,0.0
2024-02-01 14:00:00+09:00,2881.0,2948.0,2878.0,2906.0,10800,0.0,0.0
2024-02-02 09:00:00+09:00,2956.0,2956.0,2842.0,2891.0,10700,0.0,0.0
2024-02-02 10:00:00+09:00,2911.0,2920.0,2890.0,2915.0,1000,0.0,0.0
2024-02-02 11:00:00+09:00,2915.0,2915.0,2915.0,2915.0,0,0.0,0.0
2024-02-02 12:00:00+09:00,2915.0,2915.0,2897.0,2897.0,13500,0.0,0.0
2024-02-02 13:00:00+09:00,2897.0,2969.0,2894.0,2955.0,8900,0.0,0.0
2024-02-02 14:00:00+09:00,2950.0,2989.0,2933.0,2989.0,5600,0.0,0.0
2024-02-05 09:00:00+09:00,3000.0,3115.0,3000.0,3045.0,22000,0.0,0.0
2024-02-05 10:00:00+09:00,3045.0,3085.0,3020.0,3070.0,3800,0.0,0.0
2024-02-05 11:00:00+09:00,3080.0,3085.0,3080.0,3085.0,0,0.0,0.0
2024-02-05 12:00:00+09:00,3085.0,3090.0,3070.0,3070.0,29500,0.0,0.0
2024-02-05 13:00:00+09:00,3065.0,3065.0,3020.0,3025.0,0,0.0,0.0
2024-02-05 14:00:00+09:00,3035.0,3065.0,3030.0,3045.0,0,0.0,0.0
2024-02-06 09:00:00+09:00,3015.0,3025.0,2950.0,2950.0,4500,0.0,0.0
2024-02-06 10:00:00+09:00,2951.0,2985.0,2950.0,2985.0,1000,0.0,0.0
2024-02-06 11:00:00+09:00,2992.0,2992.0,2991.0,2991.0,0,0.0,0.0
2024-02-06 12:00:00+09:00,2999.0,2999.0,2990.0,2992.0,7000,0.0,0.0
2024-02-06 13:00:00+09:00,2994.0,3000.0,2954.0,2960.0,4900,0.0,0.0
2024-02-06 14:00:00+09:00,2961.0,2961.0,2900.0,2911.0,3300,0.0,0.0
2024-02-07 09:00:00+09:00,2862.0,2911.0,2862.0,2906.0,1900,0.0,0.0
2024-02-07 10:00:00+09:00,2905.0,2975.0,2905.0,2975.0,1600,0.0,0.0
2024-02-07 11:00:00+09:00,2973.0,2975.0,2972.0,2975.0,0,0.0,0.0
2024-02-07 12:00:00+09:00,2955.0,2969.0,2955.0,2969.0,4100,0.0,0.0
2024-02-07 14:00:00+09:00,2959.0,2965.0,2959.0,2965.0,600,0.0,0.0
2024-02-08 09:00:00+09:00,2964.0,2964.0,2875.0,2875.0,800,0.0,0.0
2024-02-08 10:00:00+09:00,2878.0,2928.0,2878.0,2903.0,400,0.0,0.0
2024-02-08 11:00:00+09:00,2903.0,2903.0,2903.0,2903.0,0,0.0,0.0
2024-02-08 12:00:00+09:00,2900.0,2914.0,2900.0,2914.0,1700,0.0,0.0
2024-02-08 13:00:00+09:00,2914.0,2914.0,2914.0,2914.0,100,0.0,0.0
2024-02-08 14:00:00+09:00,2899.0,2912.0,2853.0,2910.0,6100,0.0,0.0
2024-02-09 09:00:00+09:00,2907.0,2913.0,2863.0,2900.0,800,0.0,0.0
2024-02-09 10:00:00+09:00,2900.0,2902.0,2899.0,2900.0,2000,0.0,0.0
2024-02-09 11:00:00+09:00,2906.0,2920.0,2906.0,2920.0,0,0.0,0.0
2024-02-09 12:00:00+09:00,2918.0,2920.0,2901.0,2901.0,4100,0.0,0.0
2024-02-09 13:00:00+09:00,2903.0,2903.0,2900.0,2900.0,1000,0.0,0.0
2024-02-09 14:00:00+09:00,2900.0,2911.0,2890.0,2890.0,3500,0.0,0.0
2024-02-13 09:00:00+09:00,2894.0,2945.0,2894.0,2925.0,2700,0.0,0.0
2024-02-13 10:00:00+09:00,2920.0,2935.0,2911.0,2935.0,400,0.0,0.0
2024-02-13 11:00:00+09:00,2907.0,2907.0,2900.0,2901.0,0,0.0,0.0
2024-02-13 12:00:00+09:00,2902.0,2902.0,2902.0,2902.0,3800,0.0,0.0
2024-02-13 13:00:00+09:00,2905.0,2905.0,2872.0,2900.0,2100,0.0,0.0
2024-02-13 14:00:00+09:00,2908.0,2908.0,2908.0,2908.0,100,0.0,0.0
2024-02-14 09:00:00+09:00,2895.0,2910.0,2875.0,2900.0,7700,0.0,0.0
2024-02-14 10:00:00+09:00,2899.0,2900.0,2878.0,2878.0,2900,0.0,0.0
2024-02-14 11:00:00+09:00,2877.0,2877.0,2857.0,2862.0,0,0.0,0.0
2024-02-14 12:00:00+09:00,2872.0,2916.0,2870.0,2900.0,19500,0.0,0.0
2024-02-14 13:00:00+09:00,2917.0,3000.0,2917.0,3000.0,4400,0.0,0.0
2024-02-15 09:00:00+09:00,3555.0,3670.0,3415.0,3420.0,53400,0.0,0.0
2024-02-15 10:00:00+09:00,3440.0,3730.0,3430.0,3670.0,16600,0.0,0.0
2024-02-15 11:00:00+09:00,3720.0,3765.0,3680.0,3705.0,0,0.0,0.0
2024-02-15 12:00:00+09:00,3680.0,3710.0,3660.0,3700.0,81100,0.0,0.0
2024-02-15 13:00:00+09:00,3675.0,3690.0,3500.0,3620.0,7300,0.0,0.0
2024-02-15 14:00:00+09:00,3620.0,3675.0,3605.0,3675.0,4000,0.0,0.0
2024-02-16 09:00:00+09:00,3600.0,3600.0,3430.0,3440.0,17300,0.0,0.0
2024-02-16 10:00:00+09:00,3440.0,3465.0,3340.0,3360.0,26200,0.0,0.0
2024-02-16 11:00:00+09:00,3410.0,3415.0,3390.0,3400.0,0,0.0,0.0
2024-02-16 12:00:00+09:00,3400.0,3530.0,3400.0,3500.0,46100,0.0,0.0
2024-02-16 13:00:00+09:00,3530.0,3580.0,3500.0,3580.0,2600,0.0,0.0
2024-02-16 14:00:00+09:00,3535.0,3580.0,3520.0,3580.0,2500,0.0,0.0
2024-02-19 09:00:00+09:00,3585.0,3775.0,3585.0,3775.0,11100,0.0,0.0
2024-02-19 10:00:00+09:00,3775.0,3785.0,3740.0,3740.0,3600,0.0,0.0
2024-02-19 11:00:00+09:00,3730.0,3755.0,3710.0,3755.0,0,0.0,0.0
2024-02-19 12:00:00+09:00,3720.0,3720.0,3650.0,3650.0,16600,0.0,0.0
2024-02-19 13:00:00+09:00,3650.0,3675.0,3645.0,3670.0,3400,0.0,0.0
2024-02-19 14:00:00+09:00,3665.0,3665.0,3595.0,3595.0,4600,0.0,0.0
2024-02-20 09:00:00+09:00,3595.0,3750.0,3595.0,3715.0,8300,0.0,0.0
2024-02-20 10:00:00+09:00,3715.0,3720.0,3700.0,3700.0,500,0.0,0.0
2024-02-20 11:00:00+09:00,3700.0,3700.0,3700.0,3700.0,0,0.0,0.0
2024-02-20 12:00:00+09:00,3680.0,3680.0,3645.0,3670.0,10000,0.0,0.0
2024-02-20 13:00:00+09:00,3645.0,3675.0,3645.0,3675.0,1000,0.0,0.0
2024-02-20 14:00:00+09:00,3675.0,3695.0,3660.0,3660.0,800,0.0,0.0
2024-02-21 09:00:00+09:00,3660.0,3700.0,3660.0,3700.0,1100,0.0,0.0
2024-02-21 10:00:00+09:00,3700.0,3725.0,3700.0,3725.0,1000,0.0,0.0
2024-02-21 11:00:00+09:00,3725.0,3725.0,3725.0,3725.0,0,0.0,0.0
2024-02-21 12:00:00+09:00,3710.0,3720.0,3695.0,3720.0,2900,0.0,0.0
2024-02-21 13:00:00+09:00,3710.0,3715.0,3700.0,3700.0,600,0.0,0.0
2024-02-21 14:00:00+09:00,3680.0,3680.0,3665.0,3675.0,400,0.0,0.0
2024-02-22 09:00:00+09:00,3665.0,3760.0,3665.0,3740.0,2900,0.0,0.0
2024-02-22 10:00:00+09:00,3730.0,3735.0,3710.0,3735.0,700,0.0,0.0
2024-02-22 11:00:00+09:00,3725.0,3725.0,3710.0,3710.0,0,0.0,0.0
2024-02-22 12:00:00+09:00,3710.0,3750.0,3710.0,3745.0,7400,0.0,0.0
2024-02-22 13:00:00+09:00,3745.0,3800.0,3745.0,3795.0,5300,0.0,0.0
2024-02-22 14:00:00+09:00,3785.0,3785.0,3750.0,3750.0,1300,0.0,0.0
2024-02-26 09:00:00+09:00,3800.0,3800.0,3760.0,3775.0,2500,0.0,0.0
2024-02-26 10:00:00+09:00,3760.0,3770.0,3645.0,3645.0,2700,0.0,0.0
2024-02-26 11:00:00+09:00,3645.0,3660.0,3615.0,3615.0,0,0.0,0.0
2024-02-26 12:00:00+09:00,3620.0,3645.0,3590.0,3640.0,10200,0.0,0.0
2024-02-26 13:00:00+09:00,3635.0,3645.0,3635.0,3640.0,800,0.0,0.0
2024-02-26 14:00:00+09:00,3640.0,3645.0,3610.0,3610.0,1400,0.0,0.0
2024-02-27 09:00:00+09:00,3605.0,3620.0,3580.0,3615.0,2700,0.0,0.0
2024-02-27 10:00:00+09:00,3615.0,3615.0,3600.0,3615.0,500,0.0,0.0
2024-02-27 11:00:00+09:00,3615.0,3615.0,3615.0,3615.0,0,0.0,0.0
2024-02-27 12:00:00+09:00,3615.0,3615.0,3615.0,3615.0,6500,0.0,0.0
2024-02-27 13:00:00+09:00,3625.0,3625.0,3620.0,3625.0,300,0.0,0.0
2024-02-27 14:00:00+09:00,3630.0,3630.0,3585.0,3600.0,2600,0.0,0.0
2024-02-28 09:00:00+09:00,3580.0,3705.0,3580.0,3700.0,5600,0.0,0.0
2024-02-28 10:00:00+09:00,3710.0,3710.0,3690.0,3700.0,400,0.0,0.0
2024-02-28 11:00:00+09:00,3735.0,3735.0,3735.0,3735.0,0,0.0,0.0
2024-02-28 12:00:00+09:00,3705.0,3730.0,3705.0,3730.0,6700,0.0,0.0
2024-02-28 13:00:00+09:00,3715.0,3715.0,3710.0,3710.0,800,0.0,0.0
2024-02-28 14:00:00+09:00,3725.0,3755.0,3720.0,3720.0,6000,0.0,0.0
2024-02-29 09:00:00+09:00,3675.0,3675.0,3650.0,3650.0,1400,0.0,0.0
2024-02-29 10:00:00+09:00,3635.0,3650.0,3625.0,3645.0,500,0.0,0.0
2024-02-29 11:00:00+09:00,3635.0,3635.0,3635.0,3635.0,0,0.0,0.0
2024-02-29 12:00:00+09:00,3625.0,3625.0,3620.0,3620.0,2700,0.0,0.0
2024-02-29 13:00:00+09:00,3620.0,3630.0,3600.0,3600.0,3000,0.0,0.0
2024-02-29 14:00:00+09:00,3600.0,3645.0,3595.0,3605.0,800,0.0,0.0
2024-03-01 09:00:00+09:00,3615.0,3625.0,3600.0,3620.0,0,0.0,0.0
2024-03-01 10:00:00+09:00,3610.0,3610.0,3585.0,3585.0,3700,0.0,0.0
2024-03-01 11:00:00+09:00,3595.0,3595.0,3505.0,3510.0,0,0.0,0.0
2024-03-01 12:00:00+09:00,3510.0,3515.0,3430.0,3515.0,11300,0.0,0.0
2024-03-01 13:00:00+09:00,3535.0,3535.0,3470.0,3495.0,1900,0.0,0.0
2024-03-01 14:00:00+09:00,3495.0,3540.0,3495.0,3530.0,2000,0.0,0.0
2024-03-04 09:00:00+09:00,3650.0,3655.0,3580.0,3595.0,6100,0.0,0.0
2024-03-04 10:00:00+09:00,3600.0,3605.0,3575.0,3575.0,1400,0.0,0.0
2024-03-04 11:00:00+09:00,3580.0,3580.0,3580.0,3580.0,0,0.0,0.0
2024-03-04 12:00:00+09:00,3580.0,3580.0,3550.0,3550.0,8300,0.0,0.0
2024-03-04 13:00:00+09:00,3595.0,3595.0,3595.0,3595.0,100,0.0,0.0
2024-03-04 14:00:00+09:00,3570.0,3580.0,3510.0,3555.0,1200,0.0,0.0
2024-03-05 09:00:00+09:00,3550.0,3575.0,3550.0,3575.0,600,0.0,0.0
2024-03-05 10:00:00+09:00,3555.0,3555.0,3550.0,3550.0,1100,0.0,0.0
2024-03-05 11:00:00+09:00,3545.0,3545.0,3545.0,3545.0,0,0.0,0.0
2024-03-05 12:00:00+09:00,3540.0,3540.0,3540.0,3540.0,2100,0.0,0.0
2024-03-05 13:00:00+09:00,3565.0,3570.0,3555.0,3555.0,400,0.0,0.0
2024-03-05 14:00:00+09:00,3555.0,3570.0,3550.0,3555.0,600,0.0,0.0
2024-03-06 09:00:00+09:00,3505.0,3510.0,3505.0,3510.0,2500,0.0,0.0
2024-03-06 10:00:00+09:00,3520.0,3520.0,3445.0,3490.0,4700,0.0,0.0
2024-03-06 11:00:00+09:00,3500.0,3525.0,3500.0,3525.0,0,0.0,0.0
2024-03-06 12:00:00+09:00,3520.0,3520.0,3490.0,3490.0,10500,0.0,0.0
2024-03-06 13:00:00+09:00,3515.0,3570.0,3500.0,3545.0,4400,0.0,0.0
2024-03-06 14:00:00+09:00,3550.0,3655.0,3550.0,3635.0,5200,0.0,0.0
2024-03-07 09:00:00+09:00,3595.0,3625.0,3580.0,3610.0,2000,0.0,0.0
2024-03-07 10:00:00+09:00,3590.0,3590.0,3580.0,3580.0,300,0.0,0.0
2024-03-07 11:00:00+09:00,3570.0,3570.0,3570.0,3570.0,0,0.0,0.0
2024-03-07 12:00:00+09:00,3550.0,3550.0,3550.0,3550.0,2700,0.0,0.0
2024-03-07 13:00:00+09:00,3510.0,3545.0,3510.0,3545.0,900,0.0,0.0
2024-03-07 14:00:00+09:00,3535.0,3620.0,3535.0,3610.0,3400,0.0,0.0
2024-03-08 09:00:00+09:00,3610.0,3610.0,3610.0,3610.0,100,0.0,0.0
2024-03-08 10:00:00+09:00,3585.0,3615.0,3585.0,3615.0,1500,0.0,0.0
2024-03-08 11:00:00+09:00,3620.0,3620.0,3620.0,3620.0,0,0.0,0.0
2024-03-08 12:00:00+09:00,3620.0,3650.0,3600.0,3650.0,2600,0.0,0.0
2024-03-08 13:00:00+09:00,3660.0,3660.0,3615.0,3615.0,1300,0.0,0.0
2024-03-08 14:00:00+09:00,3605.0,3605.0,3605.0,3605.0,0,0.0,0.0
2024-03-11 09:00:00+09:00,3540.0,3540.0,3520.0,3520.0,1000,0.0,0.0
2024-03-11 10:00:00+09:00,3530.0,3530.0,3530.0,3530.0,100,0.0,0.0
2024-03-11 11:00:00+09:00,3525.0,3525.0,3525.0,3525.0,0,0.0,0.0
2024-03-11 12:00:00+09:00,3570.0,3570.0,3570.0,3570.0,1300,0.0,0.0
2024-03-11 13:00:00+09:00,3510.0,3510.0,3415.0,3440.0,2900,0.0,0.0
2024-03-11 14:00:00+09:00,3465.0,3470.0,3430.0,3440.0,0,0.0,0.0
2024-03-12 09:00:00+09:00,3425.0,3500.0,3340.0,3485.0,7300,0.0,0.0
2024-03-12 10:00:00+09:00,3470.0,3470.0,3410.0,3440.0,1400,0.0,0.0
2024-03-12 11:00:00+09:00,3450.0,3450.0,3450.0,3450.0,0,0.0,0.0
2024-03-12 12:00:00+09:00,3455.0,3540.0,3455.0,3535.0,14000,0.0,0.0
2024-03-12 13:00:00+09:00,3525.0,3525.0,3525.0,3525.0,500,0.0,0.0
2024-03-12 14:00:00+09:00,3520.0,3540.0,3485.0,3495.0,1500,0.0,0.0
2024-03-13 09:00:00+09:00,3545.0,3620.0,3545.0,3620.0,3900,0.0,0.0
2024-03-13 10:00:00+09:00,3620.0,3650.0,3590.0,3590.0,3700,0.0,0.0
2024-03-13 11:00:00+09:00,3590.0,3590.0,3590.0,3590.0,0,0.0,0.0
2024-03-13 14:00:00+09:00,3580.0,3580.0,3575.0,3575.0,7800,0.0,0.0
2024-03-14 09:00:00+09:00,3575.0,3585.0,3505.0,3505.0,0,0.0,0.0
2024-03-14 10:00:00+09:00,3530.0,3540.0,3530.0,3540.0,1100,0.0,0.0
2024-03-14 11:00:00+09:00,3545.0,3550.0,3545.0,3550.0,0,0.0,0.0
2024-03-14 12:00:00+09:00,3570.0,3580.0,3525.0,3525.0,1600,0.0,0.0
2024-03-14 14:00:00+09:00,3575.0,3575.0,3570.0,3570.0,200,0.0,0.0
2024-03-15 09:00:00+09:00,3505.0,3505.0,3465.0,3475.0,1700,0.0,0.0
2024-03-15 10:00:00+09:00,3485.0,3495.0,3475.0,3475.0,1100,0.0,0.0
2024-03-15 11:00:00+09:00,3495.0,3500.0,3495.0,3500.0,0,0.0,0.0
2024-03-15 12:00:00+09:00,3500.0,3500.0,3500.0,3500.0,3100,0.0,0.0
2024-03-15 13:00:00+09:00,3500.0,3500.0,3470.0,3470.0,900,0.0,0.0
2024-03-15 14:00:00+09:00,3465.0,3485.0,3460.0,3485.0,1200,0.0,0.0
2024-03-18 09:00:00+09:00,3565.0,3565.0,3510.0,3550.0,0,0.0,0.0
2024-03-18 10:00:00+09:00,3565.0,3680.0,3565.0,3630.0,8800,0.0,0.0
2024-03-18 11:00:00+09:00,3620.0,3630.0,3620.0,3630.0,0,0.0,0.0
2024-03-18 12:00:00+09:00,3615.0,3655.0,3615.0,3640.0,9800,0.0,0.0
2024-03-18 13:00:00+09:00,3635.0,3660.0,3635.0,3655.0,600,0.0,0.0
2024-03-18 14:00:00+09:00,3660.0,3790.0,3660.0,3765.0,8700,0.0,0.0
2024-03-19 09:00:00+09:00,3760.0,3950.0,3730.0,3730.0,8300,0.0,0.0
2024-03-19 10:00:00+09:00,3800.0,3800.0,3745.0,3745.0,1100,0.0,0.0
2024-03-19 11:00:00+09:00,3775.0,3775.0,3775.0,3775.0,0,0.0,0.0
2024-03-19 12:00:00+09:00,3775.0,3775.0,3705.0,3710.0,12700,0.0,0.0
2024-03-19 13:00:00+09:00,3725.0,3730.0,3725.0,3730.0,1300,0.0,0.0
2024-03-19 14:00:00+09:00,3745.0,3805.0,3745.0,3805.0,800,0.0,0.0
2024-03-21 09:00:00+09:00,3855.0,3855.0,3735.0,3805.0,2400,0.0,0.0
2024-03-21 10:00:00+09:00,3770.0,3770.0,3770.0,3770.0,100,0.0,0.0
2024-03-21 11:00:00+09:00,3770.0,3770.0,3770.0,3770.0,0,0.0,0.0
2024-03-21 12:00:00+09:00,3790.0,3815.0,3790.0,3815.0,2800,0.0,0.0
2024-03-21 13:00:00+09:00,3815.0,3815.0,3815.0,3815.0,300,0.0,0.0
2024-03-21 14:00:00+09:00,3800.0,3800.0,3790.0,3795.0,400,0.0,0.0
2024-03-22 09:00:00+09:00,3790.0,4075.0,3790.0,3990.0,12600,0.0,0.0
2024-03-22 10:00:00+09:00,3980.0,3980.0,3980.0,3980.0,100,0.0,0.0
2024-03-22 11:00:00+09:00,3980.0,3980.0,3980.0,3980.0,0,0.0,0.0
2024-03-22 12:00:00+09:00,3955.0,3955.0,3910.0,3910.0,13600,0.0,0.0
2024-03-22 13:00:00+09:00,3980.0,4010.0,3980.0,4010.0,2000,0.0,0.0
2024-03-22 14:00:00+09:00,4015.0,4035.0,3980.0,4030.0,1900,0.0,0.0
2024-03-25 09:00:00+09:00,4105.0,4425.0,4105.0,4225.0,0,0.0,0.0
2024-03-25 10:00:00+09:00,4225.0,4225.0,4120.0,4195.0,4100,0.0,0.0
2024-03-25 11:00:00+09:00,4200.0,4205.0,4200.0,4205.0,0,0.0,0.0
2024-03-25 12:00:00+09:00,4225.0,4225.0,4175.0,4180.0,18100,0.0,0.0
2024-03-25 13:00:00+09:00,4205.0,4205.0,4175.0,4180.0,600,0.0,0.0
2024-03-25 14:00:00+09:00,4215.0,4215.0,4165.0,4205.0,2500,0.0,0.0
2024-03-26 09:00:00+09:00,4200.0,4200.0,4070.0,4070.0,4100,0.0,0.0
2024-03-26 10:00:00+09:00,4120.0,4210.0,4120.0,4210.0,600,0.0,0.0
2024-03-26 11:00:00+09:00,4160.0,4200.0,4160.0,4200.0,0,0.0,0.0
2024-03-26 12:00:00+09:00,4200.0,4200.0,4170.0,4170.0,5600,0.0,0.0
2024-03-26 13:00:00+09:00,4175.0,4175.0,4175.0,4175.0,100,0.0,0.0
2024-03-26 14:00:00+09:00,4160.0,4160.0,4135.0,4135.0,500,0.0,0.0
2024-03-27 09:00:00+09:00,4175.0,4175.0,4090.0,4095.0,1100,0.0,0.0
2024-03-27 11:00:00+09:00,4105.0,4105.0,4080.0,4080.0,0,0.0,0.0
2024-03-27 12:00:00+09:00,4080.0,4080.0,4045.0,4045.0,3200,0.0,0.0
2024-03-27 13:00:00+09:00,4045.0,4050.0,4045.0,4045.0,300,0.0,0.0
2024-03-27 14:00:00+09:00,4075.0,4075.0,3975.0,4000.0,4600,0.0,0.0
2024-03-28 09:00:00+09:00,4000.0,4200.0,3970.0,4180.0,5000,0.0,0.0
2024-03-28 11:00:00+09:00,4180.0,4180.0,4180.0,4180.0,0,0.0,0.0
2024-03-28 12:00:00+09:00,4125.0,4125.0,4110.0,4110.0,6300,0.0,0.0
2024-03-28 13:00:00+09:00,4120.0,4120.0,4115.0,4115.0,700,0.0,0.0
2024-03-28 14:00:00+09:00,4105.0,4105.0,4090.0,4100.0,1100,0.0,0.0
2024-03-29 09:00:00+09:00,4125.0,4130.0,4090.0,4090.0,700,0.0,0.0
2024-03-29 10:00:00+09:00,4095.0,4095.0,4015.0,4085.0,1000,0.0,0.0
2024-03-29 11:00:00+09:00,4085.0,4085.0,4085.0,4085.0,0,0.0,0.0
2024-03-29 12:00:00+09:00,4130.0,4155.0,4060.0,4060.0,2100,0.0,0.0
2024-03-29 13:00:00+09:00,4065.0,4065.0,4065.0,4065.0,100,0.0,0.0
2024-03-29 14:00:00+09:00,4135.0,4135.0,4065.0,4065.0,700,0.0,0.0
2024-04-01 09:00:00+09:00,4060.0,4060.0,4005.0,4015.0,1100,0.0,0.0
2024-04-01 10:00:00+09:00,4010.0,4010.0,3970.0,3970.0,800,0.0,0.0
2024-04-01 11:00:00+09:00,3960.0,3960.0,3960.0,3960.0,0,0.0,0.0
2024-04-01 12:00:00+09:00,3960.0,3960.0,3940.0,3940.0,2800,0.0,0.0
2024-04-01 13:00:00+09:00,3975.0,3975.0,3975.0,3975.0,100,0.0,0.0
2024-04-01 14:00:00+09:00,3970.0,3990.0,3965.0,3970.0,1000,0.0,0.0
2024-04-02 09:00:00+09:00,3960.0,3960.0,3885.0,3900.0,2800,0.0,0.0
2024-04-02 10:00:00+09:00,3900.0,3970.0,3850.0,3940.0,3400,0.0,0.0
2024-04-02 11:00:00+09:00,4010.0,4010.0,4010.0,4010.0,0,0.0,0.0
2024-04-02 12:00:00+09:00,3955.0,3955.0,3955.0,3955.0,6600,0.0,0.0
2024-04-02 13:00:00+09:00,3945.0,3945.0,3945.0,3945.0,200,0.0,0.0
2024-04-02 14:00:00+09:00,3935.0,3940.0,3915.0,3915.0,1200,0.0,0.0
2024-04-03 09:00:00+09:00,3855.0,3890.0,3850.0,3855.0,1400,0.0,0.0
2024-04-03 10:00:00+09:00,3860.0,3970.0,3860.0,3965.0,600,0.0,0.0
2024-04-03 11:00:00+09:00,3970.0,3970.0,3970.0,3970.0,0,0.0,0.0
2024-04-03 12:00:00+09:00,3900.0,3970.0,3900.0,3970.0,0,0.0,0.0
2024-04-03 14:00:00+09:00,4040.0,4070.0,3970.0,3970.0,3400,0.0,0.0
2024-04-04 09:00:00+09:00,4000.0,4000.0,3960.0,3960.0,800,0.0,0.0
2024-04-04 11:00:00+09:00,3970.0,3970.0,3950.0,3950.0,0,0.0,0.0
2024-04-04 12:00:00+09:00,3895.0,3940.0,3895.0,3940.0,1800,0.0,0.0
2024-04-04 13:00:00+09:00,3950.0,3965.0,3945.0,3945.0,900,0.0,0.0
2024-04-05 09:00:00+09:00,3875.0,3930.0,3865.0,3920.0,1700,0.0,0.0
2024-04-05 10:00:00+09:00,3855.0,3855.0,3820.0,3830.0,1200,0.0,0.0
2024-04-05 11:00:00+09:00,3820.0,3820.0,3785.0,3800.0,0,0.0,0.0
2024-04-05 12:00:00+09:00,3780.0,3865.0,3775.0,3865.0,31100,0.0,0.0
2024-04-05 13:00:00+09:00,3845.0,3845.0,3845.0,3845.0,100,0.0,0.0
2024-04-05 14:00:00+09:00,3850.0,3860.0,3825.0,3860.0,3100,0.0,0.0
2024-04-08 09:00:00+09:00,3905.0,4105.0,3885.0,4055.0,10600,0.0,0.0
2024-04-08 10:00:00+09:00,4055.0,4055.0,4030.0,4035.0,700,0.0,0.0
2024-04-08 11:00:00+09:00,4020.0,4020.0,4020.0,4020.0,0,0.0,0.0
2024-04-08 12:00:00+09:00,3970.0,3980.0,3970.0,3980.0,11600,0.0,0.0
2024-04-08 13:00:00+09:00,4005.0,4035.0,3985.0,3985.0,900,0.0,0.0
2024-04-08 14:00:00+09:00,3980.0,4000.0,3980.0,3995.0,600,0.0,0.0
2024-04-09 09:00:00+09:00,4075.0,4075.0,3950.0,3985.0,2500,0.0,0.0
2024-04-09 10:00:00+09:00,3985.0,3985.0,3980.0,3980.0,600,0.0,0.0
2024-04-09 11:00:00+09:00,3980.0,3980.0,3980.0,3980.0,0,0.0,0.0
2024-04-09 12:00:00+09:00,3980.0,3980.0,3980.0,3980.0,3300,0.0,0.0
2024-04-09 13:00:00+09:00,3930.0,3940.0,3910.0,3935.0,1200,0.0,0.0
2024-04-09 14:00:00+09:00,3940.0,3970.0,3920.0,3925.0,1700,0.0,0.0
2024-04-10 09:00:00+09:00,3900.0,3950.0,3810.0,3945.0,3000,0.0,0.0
2024-04-10 10:00:00+09:00,4015.0,4015.0,3960.0,3960.0,200,0.0,0.0
2024-04-10 11:00:00+09:00,3950.0,3950.0,3950.0,3950.0,0,0.0,0.0
2024-04-10 12:00:00+09:00,3945.0,3955.0,3920.0,3920.0,3900,0.0,0.0
2024-04-10 14:00:00+09:00,3985.0,3985.0,3935.0,3935.0,300,0.0,0.0
2024-04-11 09:00:00+09:00,3945.0,3945.0,3945.0,3945.0,100,0.0,0.0
2024-04-11 10:00:00+09:00,4000.0,4000.0,4000.0,4000.0,100,0.0,0.0
2024-04-11 11:00:00+09:00,3990.0,3990.0,3990.0,3990.0,0,0.0,0.0
2024-04-11 12:00:00+09:00,3970.0,3970.0,3970.0,3970.0,400,0.0,0.0
2024-04-11 13:00:00+09:00,3930.0,3940.0,3860.0,3865.0,800,0.0,0.0
2024-04-11 14:00:00+09:00,3895.0,3905.0,3880.0,3905.0,800,0.0,0.0
2024-04-12 09:00:00+09:00,3820.0,3850.0,3800.0,3800.0,2200,0.0,0.0
2024-04-12 10:00:00+09:00,3770.0,3825.0,3755.0,3825.0,2300,0.0,0.0
2024-04-12 11:00:00+09:00,3770.0,3785.0,3765.0,3785.0,0,0.0,0.0
2024-04-12 12:00:00+09:00,3785.0,3840.0,3785.0,3840.0,5200,0.0,0.0
2024-04-12 13:00:00+09:00,3875.0,4140.0,3850.0,3970.0,38300,0.0,0.0
2024-04-12 14:00:00+09:00,3940.0,4035.0,3935.0,4020.0,6600,0.0,0.0
2024-04-15 09:00:00+09:00,3900.0,3900.0,3850.0,3895.0,4900,0.0,0.0
2024-04-15 10:00:00+09:00,3875.0,3875.0,3850.0,3865.0,900,0.0,0.0
2024-04-15 11:00:00+09:00,3870.0,3885.0,3870.0,3875.0,0,0.0,0.0
2024-04-15 12:00:00+09:00,3915.0,3925.0,3885.0,3910.0,8200,0.0,0.0
2024-04-15 13:00:00+09:00,3940.0,3995.0,3940.0,3980.0,1400,0.0,0.0
2024-04-15 14:00:00+09:00,3990.0,4000.0,3965.0,4000.0,2500,0.0,0.0
2024-04-16 09:00:00+09:00,3990.0,4145.0,3965.0,3965.0,19000,0.0,0.0
2024-04-16 10:00:00+09:00,3965.0,3965.0,3900.0,3900.0,700,0.0,0.0
2024-04-16 11:00:00+09:00,3945.0,3945.0,3940.0,3940.0,0,0.0,0.0
2024-04-16 12:00:00+09:00,3920.0,3985.0,3920.0,3985.0,20500,0.0,0.0
2024-04-16 13:00:00+09:00,4005.0,4005.0,3960.0,3965.0,800,0.0,0.0
2024-04-16 14:00:00+09:00,3970.0,3970.0,3910.0,3910.0,1500,0.0,0.0
2024-04-17 09:00:00+09:00,3980.0,3980.0,3925.0,3955.0,1700,0.0,0.0
2024-04-17 10:00:00+09:00,3980.0,3980.0,3910.0,3940.0,900,0.0,0.0
2024-04-17 11:00:00+09:00,3940.0,3985.0,3940.0,3985.0,0,0.0,0.0
2024-04-17 12:00:00+09:00,3915.0,4050.0,3915.0,4005.0,6700,0.0,0.0
2024-04-17 13:00:00+09:00,4000.0,4005.0,3975.0,4000.0,2400,0.0,0.0
2024-04-17 14:00:00+09:00,4000.0,4015.0,3960.0,3960.0,1600,0.0,0.0
2024-04-18 09:00:00+09:00,3945.0,4095.0,3945.0,4050.0,6700,0.0,0.0
2024-04-18 10:00:00+09:00,4050.0,4090.0,4050.0,4090.0,1800,0.0,0.0
2024-04-18 11:00:00+09:00,4090.0,4115.0,4090.0,4115.0,0,0.0,0.0
2024-04-18 12:00:00+09:00,4115.0,4240.0,4105.0,4215.0,14300,0.0,0.0
2024-04-18 13:00:00+09:00,4210.0,4220.0,4155.0,4195.0,4000,0.0,0.0
2024-04-18 14:00:00+09:00,4215.0,4285.0,4185.0,4185.0,10800,0.0,0.0
2024-04-19 09:00:00+09:00,4140.0,4190.0,4030.0,4095.0,6400,0.0,0.0
2024-04-19 10:00:00+09:00,4115.0,4135.0,4035.0,4065.0,2300,0.0,0.0
2024-04-19 11:00:00+09:00,4040.0,4090.0,4000.0,4025.0,0,0.0,0.0
2024-04-19 12:00:00+09:00,3955.0,4075.0,3955.0,4075.0,12000,0.0,0.0
2024-04-19 13:00:00+09:00,4090.0,4135.0,4090.0,4105.0,500,0.0,0.0
2024-04-19 14:00:00+09:00,4105.0,4150.0,4055.0,4105.0,2200,0.0,0.0
2024-04-22 09:00:00+09:00,4160.0,4280.0,4145.0,4205.0,8400,0.0,0.0
2024-04-22 10:00:00+09:00,4200.0,4200.0,4180.0,4190.0,1700,0.0,0.0
2024-04-22 11:00:00+09:00,4180.0,4220.0,4175.0,4220.0,0,0.0,0.0
2024-04-22 12:00:00+09:00,4220.0,4220.0,4190.0,4210.0,12700,0.0,0.0
2024-04-22 13:00:00+09:00,4210.0,4280.0,4210.0,4265.0,4900,0.0,0.0
2024-04-22 14:00:00+09:00,4275.0,4275.0,4210.0,4275.0,2000,0.0,0.0
2024-04-23 09:00:00+09:00,4300.0,4435.0,4250.0,4380.0,8300,0.0,0.0
2024-04-23 10:00:00+09:00,4380.0,4380.0,4370.0,4380.0,400,0.0,0.0
2024-04-23 11:00:00+09:00,4365.0,4410.0,4360.0,4410.0,0,0.0,0.0
2024-04-23 12:00:00+09:00,4415.0,4420.0,4415.0,4415.0,9900,0.0,0.0
2024-04-23 13:00:00+09:00,4395.0,4425.0,4395.0,4420.0,700,0.0,0.0
2024-04-23 14:00:00+09:00,4425.0,4490.0,4405.0,4425.0,6800,0.0,0.0
2024-04-24 09:00:00+09:00,4465.0,4540.0,4310.0,4375.0,17600,0.0,0.0
2024-04-24 10:00:00+09:00,4395.0,4395.0,4320.0,4385.0,2800,0.0,0.0
2024-04-24 11:00:00+09:00,4395.0,4395.0,4365.0,4390.0,0,0.0,0.0
2024-04-24 12:00:00+09:00,4460.0,4490.0,4425.0,4440.0,22200,0.0,0.0
2024-04-24 13:00:00+09:00,4450.0,4450.0,4405.0,4435.0,1200,0.0,0.0
2024-04-24 14:00:00+09:00,4440.0,4455.0,4430.0,4430.0,1600,0.0,0.0
2024-04-25 09:00:00+09:00,4435.0,4435.0,4195.0,4330.0,2700,0.0,0.0
2024-04-25 10:00:00+09:00,4280.0,4280.0,4250.0,4250.0,900,0.0,0.0
2024-04-25 11:00:00+09:00,4245.0,4255.0,4245.0,4255.0,0,0.0,0.0
2024-04-25 12:00:00+09:00,4285.0,4285.0,4285.0,4285.0,4000,0.0,0.0
2024-04-25 13:00:00+09:00,4300.0,4300.0,4245.0,4250.0,500,0.0,0.0
2024-04-25 14:00:00+09:00,4255.0,4255.0,4115.0,4200.0,6200,0.0,0.0
2024-04-26 09:00:00+09:00,4200.0,4330.0,4135.0,4330.0,4800,0.0,0.0
2024-04-26 10:00:00+09:00,4295.0,4295.0,4195.0,4200.0,1900,0.0,0.0
2024-04-26 11:00:00+09:00,4200.0,4230.0,4200.0,4230.0,0,0.0,0.0
2024-04-26 12:00:00+09:00,4180.0,4225.0,4180.0,4225.0,8000,0.0,0.0
2024-04-26 13:00:00+09:00,4200.0,4330.0,4200.0,4280.0,2600,0.0,0.0
2024-04-26 14:00:00+09:00,4245.0,4275.0,4185.0,4185.0,700,0.0,0.0
2024-04-30 09:00:00+09:00,4255.0,4300.0,4255.0,4290.0,3000,0.0,0.0
2024-04-30 10:00:00+09:00,4290.0,4310.0,4290.0,4295.0,1400,0.0,0.0
2024-04-30 11:00:00+09:00,4260.0,4260.0,4260.0,4260.0,0,0.0,0.0
2024-04-30 12:00:00+09:00,4260.0,4260.0,4260.0,4260.0,4800,0.0,0.0
2024-04-30 13:00:00+09:00,4200.0,4210.0,4190.0,4210.0,900,0.0,0.0
2024-04-30 14:00:00+09:00,4150.0,4170.0,4145.0,4170.0,400,0.0,0.0
2024-05-01 09:00:00+09:00,4195.0,4195.0,4085.0,4085.0,2300,0.0,0.0
2024-05-01 10:00:00+09:00,4085.0,4085.0,4005.0,4010.0,2900,0.0,0.0
2024-05-01 11:00:00+09:00,4010.0,4010.0,4000.0,4000.0,0,0.0,0.0
2024-05-01 12:00:00+09:00,4055.0,4055.0,4000.0,4000.0,7100,0.0,0.0
2024-05-01 13:00:00+09:00,3995.0,4020.0,3950.0,3985.0,2400,0.0,0.0
2024-05-01 14:00:00+09:00,3980.0,3980.0,3895.0,3930.0,4700,0.0,0.0
2024-05-02 09:00:00+09:00,3880.0,3985.0,3865.0,3960.0,3500,0.0,0.0
2024-05-02 10:00:00+09:00,3965.0,4045.0,3925.0,4045.0,3300,0.0,0.0
2024-05-02 11:00:00+09:00,4045.0,4045.0,4045.0,4045.0,0,0.0,0.0
2024-05-02 12:00:00+09:00,4030.0,4030.0,3975.0,3975.0,7300,0.0,0.0
2024-05-02 13:00:00+09:00,3970.0,3970.0,3875.0,3900.0,2000,0.0,0.0
2024-05-02 14:00:00+09:00,3900.0,3935.0,3900.0,3905.0,3100,0.0,0.0
2024-05-07 09:00:00+09:00,3950.0,3995.0,3925.0,3940.0,1900,0.0,0.0
2024-05-07 10:00:00+09:00,3895.0,3915.0,3870.0,3870.0,1000,0.0,0.0
2024-05-07 11:00:00+09:00,3925.0,3930.0,3925.0,3925.0,0,0.0,0.0
2024-05-07 12:00:00+09:00,3930.0,3930.0,3930.0,3930.0,3800,0.0,0.0
2024-05-07 13:00:00+09:00,3900.0,3915.0,3875.0,3885.0,1500,0.0,0.0
2024-05-07 14:00:00+09:00,3885.0,3885.0,3855.0,3855.0,1200,0.0,0.0
2024-05-08 09:00:00+09:00,3800.0,3920.0,3710.0,3870.0,9100,0.0,0.0
2024-05-08 10:00:00+09:00,3875.0,3875.0,3775.0,3775.0,1700,0.0,0.0
2024-05-08 11:00:00+09:00,3760.0,3760.0,3760.0,3760.0,0,0.0,0.0
2024-05-08 12:00:00+09:00,3765.0,3765.0,3730.0,3740.0,12600,0.0,0.0
2024-05-08 13:00:00+09:00,3740.0,3745.0,3720.0,3720.0,1100,0.0,0.0
2024-05-08 14:00:00+09:00,3725.0,3815.0,3720.0,3815.0,700,0.0,0.0
2024-05-09 09:00:00+09:00,3800.0,3825.0,3655.0,3680.0,8200,0.0,0.0
2024-05-09 10:00:00+09:00,3670.0,3685.0,3650.0,3685.0,1400,0.0,0.0
2024-05-09 11:00:00+09:00,3690.0,3710.0,3690.0,3710.0,0,0.0,0.0
2024-05-09 12:00:00+09:00,3705.0,3750.0,3705.0,3750.0,11400,0.0,0.0
2024-05-09 13:00:00+09:00,3750.0,3750.0,3750.0,3750.0,200,0.0,0.0
2024-05-09 14:00:00+09:00,3725.0,3760.0,3710.0,3750.0,400,0.0,0.0
2024-05-10 09:00:00+09:00,3750.0,3755.0,3670.0,3680.0,4200,0.0,0.0
2024-05-10 10:00:00+09:00,3680.0,3705.0,3675.0,3705.0,1000,0.0,0.0
2024-05-10 11:00:00+09:00,3710.0,3710.0,3710.0,3710.0,0,0.0,0.0
2024-05-10 12:00:00+09:00,3695.0,3695.0,3685.0,3690.0,5800,0.0,0.0
2024-05-10 13:00:00+09:00,3710.0,3710.0,3710.0,3710.0,100,0.0,0.0
2024-05-10 14:00:00+09:00,3745.0,3805.0,3745.0,3805.0,400,0.0,0.0
2024-05-13 09:00:00+09:00,3770.0,3800.0,3635.0,3735.0,16300,0.0,0.0
2024-05-13 10:00:00+09:00,3735.0,3870.0,3735.0,3870.0,4700,0.0,0.0
2024-05-13 11:00:00+09:00,3870.0,3875.0,3840.0,3845.0,0,0.0,0.0
2024-05-13 12:00:00+09:00,3850.0,3875.0,3830.0,3830.0,23500,0.0,0.0
2024-05-13 13:00:00+09:00,3845.0,3875.0,3845.0,3865.0,1700,0.0,0.0
2024-05-13 14:00:00+09:00,3865.0,3870.0,3815.0,3835.0,3500,0.0,0.0
2024-05-14 09:00:00+09:00,3835.0,3845.0,3665.0,3665.0,12200,0.0,0.0
2024-05-14 10:00:00+09:00,3665.0,3805.0,3665.0,3690.0,8000,0.0,0.0
2024-05-14 11:00:00+09:00,3700.0,3700.0,3690.0,3690.0,0,0.0,0.0
2024-05-14 12:00:00+09:00,3690.0,3690.0,3680.0,3680.0,20900,0.0,0.0
2024-05-14 13:00:00+09:00,3675.0,3750.0,3670.0,3685.0,5900,0.0,0.0
2024-05-14 14:00:00+09:00,3685.0,3770.0,3680.0,3715.0,6900,0.0,0.0
2024-05-15 09:00:00+09:00,3715.0,3740.0,3715.0,3740.0,400,0.0,0.0
2024-05-15 10:00:00+09:00,3740.0,3740.0,3590.0,3590.0,4400,0.0,0.0
2024-05-15 11:00:00+09:00,3585.0,3585.0,3570.0,3570.0,0,0.0,0.0
2024-05-15 12:00:00+09:00,3640.0,3895.0,3615.0,3895.0,15800,0.0,0.0
2024-05-15 13:00:00+09:00,3895.0,3950.0,3895.0,3915.0,5100,0.0,0.0
2024-05-16 09:00:00+09:00,4700.0,4950.0,4580.0,4700.0,67900,0.0,0.0
2024-05-16 10:00:00+09:00,4760.0,5120.0,4750.0,5120.0,38700,0.0,0.0
2024-05-16 11:00:00+09:00,5100.0,5120.0,5080.0,5120.0,0,0.0,0.0
2024-05-16 12:00:00+09:00,5120.0,5120.0,5020.0,5120.0,114700,0.0,0.0
2024-05-16 13:00:00+09:00,5110.0,5120.0,5090.0,5120.0,4800,0.0,0.0
2024-05-16 14:00:00+09:00,5120.0,5120.0,5050.0,5120.0,8300,0.0,0.0
2024-05-17 09:00:00+09:00,5120.0,5300.0,4920.0,5100.0,23100,0.0,0.0
2024-05-17 10:00:00+09:00,5110.0,5590.0,5100.0,5480.0,15400,0.0,0.0
2024-05-17 11:00:00+09:00,5490.0,5620.0,5470.0,5510.0,0,0.0,0.0
2024-05-17 12:00:00+09:00,5510.0,5650.0,5510.0,5600.0,44700,0.0,0.0
2024-05-17 13:00:00+09:00,5580.0,5690.0,5490.0,5550.0,6800,0.0,0.0
2024-05-17 14:00:00+09:00,5550.0,5590.0,5520.0,5530.0,7300,0.0,0.0
2024-05-20 09:00:00+09:00,5620.0,5680.0,5320.0,5590.0,26500,0.0,0.0
2024-05-20 10:00:00+09:00,5570.0,5570.0,5470.0,5490.0,1200,0.0,0.0
2024-05-20 11:00:00+09:00,5460.0,5500.0,5430.0,5500.0,0,0.0,0.0
2024-05-20 12:00:00+09:00,5420.0,5570.0,5340.0,5570.0,32500,0.0,0.0
2024-05-20 13:00:00+09:00,5560.0,5590.0,5530.0,5590.0,1600,0.0,0.0
2024-05-20 14:00:00+09:00,5590.0,5630.0,5560.0,5620.0,4000,0.0,0.0
2024-05-21 09:00:00+09:00,5650.0,5660.0,5430.0,5560.0,7400,0.0,0.0
2024-05-21 10:00:00+09:00,5530.0,5670.0,5420.0,5670.0,7000,0.0,0.0
2024-05-21 11:00:00+09:00,5610.0,5640.0,5570.0,5640.0,0,0.0,0.0
2024-05-21 12:00:00+09:00,5590.0,5690.0,5570.0,5600.0,18700,0.0,0.0
2024-05-21 13:00:00+09:00,5520.0,5560.0,5510.0,5520.0,1800,0.0,0.0
2024-05-21 14:00:00+09:00,5520.0,5550.0,5480.0,5480.0,1800,0.0,0.0
2024-05-22 09:00:00+09:00,5500.0,5550.0,5430.0,5480.0,3400,0.0,0.0
2024-05-22 10:00:00+09:00,5500.0,5500.0,5400.0,5400.0,2300,0.0,0.0
2024-05-22 11:00:00+09:00,5400.0,5400.0,5400.0,5400.0,0,0.0,0.0
2024-05-22 12:00:00+09:00,5410.0,5420.0,5370.0,5370.0,7400,0.0,0.0
2024-05-22 13:00:00+09:00,5360.0,5360.0,5350.0,5360.0,400,0.0,0.0
2024-05-22 14:00:00+09:00,5370.0,5390.0,5370.0,5390.0,1200,0.0,0.0
2024-05-23 09:00:00+09:00,5390.0,5530.0,5350.0,5360.0,4900,0.0,0.0
2024-05-23 10:00:00+09:00,5360.0,5400.0,5350.0,5400.0,800,0.0,0.0
2024-05-23 11:00:00+09:00,5420.0,5430.0,5420.0,5430.0,0,0.0,0.0
2024-05-23 12:00:00+09:00,5390.0,5440.0,5390.0,5430.0,6200,0.0,0.0
2024-05-23 13:00:00+09:00,5440.0,5440.0,5360.0,5370.0,600,0.0,0.0
2024-05-23 14:00:00+09:00,5380.0,5380.0,5340.0,5340.0,1700,0.0,0.0
2024-05-24 09:00:00+09:00,5240.0,5460.0,5240.0,5350.0,6200,0.0,0.0
2024-05-24 10:00:00+09:00,5310.0,5310.0,5220.0,5220.0,1800,0.0,0.0
2024-05-24 11:00:00+09:00,5240.0,5240.0,5210.0,5210.0,0,0.0,0.0
2024-05-24 12:00:00+09:00,5180.0,5190.0,5130.0,5130.0,10500,0.0,0.0
2024-05-24 13:00:00+09:00,5150.0,5280.0,5150.0,5280.0,2000,0.0,0.0
2024-05-24 14:00:00+09:00,5280.0,5280.0,5180.0,5230.0,2300,0.0,0.0
2024-05-27 09:00:00+09:00,5130.0,5300.0,5120.0,5120.0,5800,0.0,0.0
2024-05-27 10:00:00+09:00,5110.0,5180.0,5090.0,5170.0,3100,0.0,0.0
2024-05-27 11:00:00+09:00,5170.0,5170.0,5170.0,5170.0,0,0.0,0.0
2024-05-27 12:00:00+09:00,5170.0,5170.0,5080.0,5080.0,10300,0.0,0.0
2024-05-27 13:00:00+09:00,5090.0,5140.0,5090.0,5120.0,0,0.0,0.0
2024-05-27 14:00:00+09:00,5120.0,5200.0,5110.0,5200.0,13800,0.0,0.0
2024-05-28 09:00:00+09:00,5260.0,5410.0,5220.0,5350.0,8400,0.0,0.0
2024-05-28 10:00:00+09:00,5330.0,5330.0,5170.0,5250.0,7600,0.0,0.0
2024-05-28 11:00:00+09:00,5240.0,5240.0,5210.0,5220.0,0,0.0,0.0
2024-05-28 12:00:00+09:00,5200.0,5200.0,5130.0,5130.0,17700,0.0,0.0
2024-05-28 13:00:00+09:00,5150.0,5260.0,5150.0,5260.0,1900,0.0,0.0
2024-05-28 14:00:00+09:00,5220.0,5260.0,5210.0,5210.0,1900,0.0,0.0
2024-05-29 09:00:00+09:00,5200.0,5200.0,5150.0,5150.0,700,0.0,0.0
2024-05-29 10:00:00+09:00,5140.0,5140.0,5050.0,5120.0,1600,0.0,0.0
2024-05-29 11:00:00+09:00,5130.0,5210.0,5130.0,5210.0,0,0.0,0.0
2024-05-29 12:00:00+09:00,5220.0,5220.0,5220.0,5220.0,4000,0.0,0.0
2024-05-29 13:00:00+09:00,5240.0,5260.0,5200.0,5200.0,700,0.0,0.0
2024-05-29 14:00:00+09:00,5210.0,5210.0,5200.0,5200.0,300,0.0,0.0
2024-05-30 09:00:00+09:00,5230.0,5260.0,5100.0,5180.0,5900,0.0,0.0
2024-05-30 10:00:00+09:00,5210.0,5290.0,5210.0,5230.0,3800,0.0,0.0
2024-05-30 11:00:00+09:00,5230.0,5230.0,5230.0,5230.0,0,0.0,0.0
2024-05-30 12:00:00+09:00,5270.0,5270.0,5220.0,5240.0,10600,0.0,0.0
2024-05-30 13:00:00+09:00,5220.0,5220.0,5170.0,5170.0,600,0.0,0.0
2024-05-30 14:00:00+09:00,5150.0,5150.0,5120.0,5120.0,700,0.0,0.0
2024-05-31 09:00:00+09:00,5240.0,5240.0,5220.0,5220.0,600,0.0,0.0
2024-05-31 10:00:00+09:00,5170.0,5170.0,5170.0,5170.0,100,0.0,0.0
2024-05-31 11:00:00+09:00,5220.0,5220.0,5220.0,5220.0,0,0.0,0.0
2024-05-31 12:00:00+09:00,5200.0,5200.0,5200.0,5200.0,900,0.0,0.0
2024-05-31 13:00:00+09:00,5210.0,5230.0,5210.0,5230.0,500,0.0,0.0
2024-05-31 14:00:00+09:00,5230.0,5230.0,5230.0,5230.0,400,0.0,0.0
2024-06-03 09:00:00+09:00,5200.0,5200.0,4950.0,5030.0,16800,0.0,0.0
2024-06-03 10:00:00+09:00,5010.0,5020.0,5000.0,5020.0,1100,0.0,0.0
2024-06-03 11:00:00+09:00,5020.0,5050.0,5020.0,5020.0,0,0.0,0.0
2024-06-03 12:00:00+09:00,5000.0,5110.0,5000.0,5090.0,21100,0.0,0.0
2024-06-03 13:00:00+09:00,5100.0,5150.0,5080.0,5110.0,1800,0.0,0.0
2024-06-03 14:00:00+09:00,5140.0,5190.0,5130.0,5150.0,3100,0.0,0.0
2024-06-04 09:00:00+09:00,5230.0,5340.0,5110.0,5160.0,9900,0.0,0.0
2024-06-04 10:00:00+09:00,5190.0,5260.0,5160.0,5250.0,3300,0.0,0.0
2024-06-04 11:00:00+09:00,5230.0,5230.0,5190.0,5210.0,0,0.0,0.0
2024-06-04 12:00:00+09:00,5210.0,5300.0,5210.0,5270.0,15000,0.0,0.0
2024-06-04 13:00:00+09:00,5280.0,5280.0,5220.0,5240.0,1100,0.0,0.0
2024-06-04 14:00:00+09:00,5230.0,5230.0,5190.0,5190.0,1000,0.0,0.0
2024-06-05 09:00:00+09:00,5140.0,5390.0,5140.0,5230.0,8500,0.0,0.0
2024-06-05 10:00:00+09:00,5240.0,5260.0,5140.0,5240.0,7500,0.0,0.0
2024-06-05 11:00:00+09:00,5250.0,5280.0,5250.0,5280.0,0,0.0,0.0
2024-06-05 12:00:00+09:00,5270.0,5300.0,5250.0,5260.0,19300,0.0,0.0
2024-06-05 13:00:00+09:00,5270.0,5380.0,5260.0,5380.0,3700,0.0,0.0
2024-06-05 14:00:00+09:00,5400.0,5400.0,5360.0,5360.0,1300,0.0,0.0
2024-06-06 09:00:00+09:00,5500.0,5870.0,5400.0,5780.0,17500,0.0,0.0
2024-06-06 10:00:00+09:00,5770.0,5890.0,5770.0,5880.0,3200,0.0,0.0
2024-06-06 11:00:00+09:00,5890.0,5900.0,5860.0,5880.0,0,0.0,0.0
2024-06-06 12:00:00+09:00,5940.0,5940.0,5830.0,5880.0,24600,0.0,0.0
2024-06-06 13:00:00+09:00,5850.0,5880.0,5830.0,5840.0,2100,0.0,0.0
2024-06-06 14:00:00+09:00,5820.0,5830.0,5780.0,5830.0,2200,0.0,0.0
2024-06-07 09:00:00+09:00,5810.0,6110.0,5770.0,5970.0,0,0.0,0.0
2024-06-07 10:00:00+09:00,5990.0,6030.0,5930.0,5930.0,17500,0.0,0.0
2024-06-07 11:00:00+09:00,5970.0,6000.0,5970.0,6000.0,0,0.0,0.0
2024-06-07 12:00:00+09:00,6000.0,6170.0,5990.0,6060.0,25800,0.0,0.0
2024-06-07 13:00:00+09:00,6050.0,6070.0,6030.0,6060.0,700,0.0,0.0
2024-06-07 14:00:00+09:00,6050.0,6080.0,6010.0,6010.0,3200,0.0,0.0
2024-06-10 09:00:00+09:00,6060.0,6200.0,5970.0,6050.0,18000,0.0,0.0
2024-06-10 10:00:00+09:00,6030.0,6060.0,5980.0,6020.0,2600,0.0,0.0
2024-06-10 11:00:00+09:00,6040.0,6100.0,6040.0,6100.0,0,0.0,0.0
2024-06-10 12:00:00+09:00,6100.0,6180.0,6100.0,6100.0,25800,0.0,0.0
2024-06-10 13:00:00+09:00,6100.0,6140.0,6090.0,6130.0,1500,0.0,0.0
2024-06-10 14:00:00+09:00,6130.0,6130.0,6060.0,6110.0,2700,0.0,0.0
2024-06-11 09:00:00+09:00,6180.0,6460.0,6180.0,6320.0,10700,0.0,0.0
2024-06-11 10:00:00+09:00,6260.0,6280.0,6190.0,6190.0,2400,0.0,0.0
2024-06-11 11:00:00+09:00,6190.0,6190.0,6140.0,6150.0,0,0.0,0.0
2024-06-11 12:00:00+09:00,6120.0,6120.0,6050.0,6100.0,15600,0.0,0.0
2024-06-11 13:00:00+09:00,6140.0,6140.0,6020.0,6070.0,1400,0.0,0.0
2024-06-11 14:00:00+09:00,6100.0,6110.0,6020.0,6030.0,1400,0.0,0.0
2024-06-12 09:00:00+09:00,6110.0,6170.0,6010.0,6020.0,1300,0.0,0.0
2024-06-12 10:00:00+09:00,6010.0,6130.0,5980.0,6090.0,3400,0.0,0.0
2024-06-12 11:00:00+09:00,6150.0,6150.0,6100.0,6120.0,0,0.0,0.0
2024-06-12 12:00:00+09:00,6120.0,6170.0,6120.0,6150.0,7500,0.0,0.0
2024-06-12 13:00:00+09:00,6080.0,6130.0,6030.0,6030.0,1600,0.0,0.0
2024-06-12 14:00:00+09:00,6010.0,6010.0,5950.0,5950.0,900,0.0,0.0
2024-06-13 09:00:00+09:00,5930.0,6200.0,5930.0,6120.0,6900,0.0,0.0
2024-06-13 10:00:00+09:00,6150.0,6200.0,6090.0,6110.0,3000,0.0,0.0
2024-06-13 11:00:00+09:00,6110.0,6110.0,6110.0,6110.0,0,0.0,0.0
2024-06-13 12:00:00+09:00,6140.0,6150.0,6130.0,6150.0,0,0.0,0.0
2024-06-13 13:00:00+09:00,6160.0,6270.0,6130.0,6230.0,16300,0.0,0.0
2024-06-13 14:00:00+09:00,6220.0,6360.0,6220.0,6330.0,8600,0.0,0.0
2024-06-14 09:00:00+09:00,6450.0,6600.0,6330.0,6500.0,19800,0.0,0.0
2024-06-14 10:00:00+09:00,6490.0,6650.0,6490.0,6530.0,8900,0.0,0.0
2024-06-14 11:00:00+09:00,6540.0,6610.0,6540.0,6570.0,0,0.0,0.0
2024-06-14 12:00:00+09:00,6600.0,6610.0,6520.0,6570.0,33300,0.0,0.0
2024-06-14 13:00:00+09:00,6580.0,6580.0,6500.0,6500.0,3000,0.0,0.0
2024-06-14 14:00:00+09:00,6470.0,6480.0,6340.0,6460.0,6600,0.0,0.0
2024-06-17 09:00:00+09:00,6570.0,6770.0,6450.0,6560.0,0,0.0,0.0
2024-06-17 10:00:00+09:00,6570.0,6640.0,6530.0,6640.0,4200,0.0,0.0
2024-06-17 11:00:00+09:00,6650.0,6650.0,6600.0,6620.0,0,0.0,0.0
2024-06-17 12:00:00+09:00,6620.0,6670.0,6560.0,6650.0,25700,0.0,0.0
2024-06-17 13:00:00+09:00,6640.0,6640.0,6580.0,6610.0,2200,0.0,0.0
2024-06-17 14:00:00+09:00,6570.0,6610.0,6530.0,6610.0,3900,0.0,0.0
2024-06-18 09:00:00+09:00,6620.0,6940.0,6450.0,6480.0,23600,0.0,0.0
2024-06-18 10:00:00+09:00,6540.0,6570.0,6540.0,6560.0,400,0.0,0.0
2024-06-18 11:00:00+09:00,6550.0,6550.0,6460.0,6540.0,0,0.0,0.0
2024-06-18 12:00:00+09:00,6620.0,6660.0,6540.0,6620.0,27800,0.0,0.0
2024-06-18 13:00:00+09:00,6680.0,6790.0,6680.0,6760.0,3800,0.0,0.0
2024-06-18 14:00:00+09:00,6750.0,6810.0,6720.0,6720.0,4000,0.0,0.0
2024-06-19 09:00:00+09:00,6800.0,6840.0,6600.0,6740.0,8600,0.0,0.0
2024-06-19 10:00:00+09:00,6730.0,6750.0,6660.0,6710.0,2700,0.0,0.0
2024-06-19 11:00:00+09:00,6750.0,6750.0,6750.0,6750.0,0,0.0,0.0
2024-06-19 12:00:00+09:00,6780.0,6780.0,6680.0,6730.0,12800,0.0,0.0
2024-06-19 13:00:00+09:00,6720.0,6720.0,6680.0,6680.0,1800,0.0,0.0
2024-06-19 14:00:00+09:00,6680.0,6700.0,6570.0,6570.0,4900,0.0,0.0
2024-06-20 09:00:00+09:00,6570.0,6770.0,6520.0,6760.0,6300,0.0,0.0
2024-06-20 10:00:00+09:00,6770.0,6790.0,6670.0,6790.0,3200,0.0,0.0
2024-06-20 11:00:00+09:00,6770.0,6770.0,6740.0,6750.0,0,0.0,0.0
2024-06-20 12:00:00+09:00,6780.0,6780.0,6720.0,6720.0,10700,0.0,0.0
2024-06-20 13:00:00+09:00,6750.0,6750.0,6720.0,6750.0,1600,0.0,0.0
2024-06-20 14:00:00+09:00,6750.0,6830.0,6730.0,6800.0,4700,0.0,0.0
2024-06-21 09:00:00+09:00,6660.0,6850.0,6610.0,6690.0,5600,0.0,0.0
2024-06-21 10:00:00+09:00,6690.0,6730.0,6690.0,6730.0,300,0.0,0.0
2024-06-21 11:00:00+09:00,6750.0,6750.0,6630.0,6630.0,0,0.0,0.0
2024-06-21 12:00:00+09:00,6630.0,6670.0,6630.0,6670.0,7100,0.0,0.0
2024-06-21 13:00:00+09:00,6650.0,6750.0,6590.0,6750.0,2500,0.0,0.0
2024-06-21 14:00:00+09:00,6750.0,6800.0,6700.0,6700.0,2200,0.0,0.0
2024-06-24 09:00:00+09:00,6630.0,7020.0,6590.0,6960.0,15500,0.0,0.0
2024-06-24 10:00:00+09:00,6940.0,7020.0,6890.0,6960.0,5900,0.0,0.0
2024-06-24 11:00:00+09:00,6990.0,6990.0,6950.0,6970.0,0,0.0,0.0
2024-06-24 12:00:00+09:00,6980.0,7080.0,6980.0,7000.0,26500,0.0,0.0
2024-06-24 13:00:00+09:00,7010.0,7030.0,6980.0,6990.0,2100,0.0,0.0
2024-06-24 14:00:00+09:00,6990.0,7070.0,6980.0,7070.0,4800,0.0,0.0
2024-06-25 09:00:00+09:00,7100.0,7100.0,6780.0,6780.0,11000,0.0,0.0
2024-06-25 10:00:00+09:00,6800.0,6840.0,6800.0,6830.0,1100,0.0,0.0
2024-06-25 11:00:00+09:00,6840.0,6880.0,6820.0,6840.0,0,0.0,0.0
2024-06-25 12:00:00+09:00,6840.0,7200.0,6840.0,7150.0,20000,0.0,0.0
2024-06-25 13:00:00+09:00,7190.0,7220.0,7050.0,7150.0,5000,0.0,0.0
2024-06-25 14:00:00+09:00,7160.0,7190.0,7130.0,7170.0,2700,0.0,0.0
2024-06-26 09:00:00+09:00,7400.0,7570.0,7110.0,7220.0,18000,0.0,0.0
2024-06-26 10:00:00+09:00,7200.0,7280.0,7180.0,7270.0,1900,0.0,0.0
2024-06-26 11:00:00+09:00,7270.0,7300.0,7270.0,7290.0,0,0.0,0.0
2024-06-26 12:00:00+09:00,7250.0,7250.0,7130.0,7150.0,25900,0.0,0.0
2024-06-26 13:00:00+09:00,7150.0,7150.0,6960.0,6960.0,8600,0.0,0.0
2024-06-26 14:00:00+09:00,6950.0,7040.0,6940.0,7040.0,6700,0.0,0.0
2024-06-27 09:00:00+09:00,6890.0,7090.0,6760.0,6870.0,14200,0.0,0.0
2024-06-27 10:00:00+09:00,6830.0,6910.0,6780.0,6880.0,3300,0.0,0.0
2024-06-27 11:00:00+09:00,6910.0,6950.0,6890.0,6920.0,0,0.0,0.0
2024-06-27 12:00:00+09:00,6920.0,6930.0,6890.0,6890.0,20800,0.0,0.0
2024-06-27 13:00:00+09:00,6870.0,6900.0,6830.0,6830.0,2000,0.0,0.0
2024-06-27 14:00:00+09:00,6820.0,6840.0,6790.0,6840.0,3000,0.0,0.0
2024-06-28 09:00:00+09:00,6880.0,6930.0,6730.0,6880.0,7900,0.0,0.0
2024-06-28 10:00:00+09:00,6860.0,6880.0,6840.0,6860.0,2100,0.0,0.0
2024-06-28 11:00:00+09:00,6820.0,6830.0,6800.0,6830.0,0,0.0,0.0
2024-06-28 12:00:00+09:00,6800.0,6920.0,6800.0,6910.0,12400,0.0,0.0
2024-06-28 13:00:00+09:00,6890.0,6890.0,6850.0,6860.0,1200,0.0,0.0
2024-06-28 14:00:00+09:00,6860.0,6870.0,6710.0,6760.0,3100,0.0,0.0
2024-07-01 09:00:00+09:00,6760.0,6760.0,6430.0,6690.0,12200,0.0,0.0
2024-07-01 10:00:00+09:00,6660.0,6670.0,6570.0,6570.0,3100,0.0,0.0
2024-07-01 11:00:00+09:00,6600.0,6610.0,6560.0,6560.0,0,0.0,0.0
2024-07-01 12:00:00+09:00,6550.0,6640.0,6550.0,6600.0,18500,0.0,0.0
2024-07-01 13:00:00+09:00,6600.0,6640.0,6580.0,6580.0,1900,0.0,0.0
2024-07-01 14:00:00+09:00,6550.0,6600.0,6530.0,6600.0,2300,0.0,0.0
2024-07-02 09:00:00+09:00,6610.0,6820.0,6610.0,6630.0,6000,0.0,0.0
2024-07-02 10:00:00+09:00,6620.0,6620.0,6560.0,6560.0,0,0.0,0.0
2024-07-02 11:00:00+09:00,6570.0,6610.0,6570.0,6570.0,0,0.0,0.0
2024-07-02 12:00:00+09:00,6560.0,6570.0,6550.0,6550.0,8600,0.0,0.0
2024-07-02 13:00:00+09:00,6520.0,6540.0,6460.0,6480.0,5200,0.0,0.0
2024-07-02 14:00:00+09:00,6460.0,6550.0,6450.0,6490.0,2500,0.0,0.0
2024-07-03 09:00:00+09:00,6490.0,6620.0,6450.0,6540.0,0,0.0,0.0
2024-07-03 10:00:00+09:00,6550.0,6550.0,6510.0,6520.0,7100,0.0,0.0
2024-07-03 11:00:00+09:00,6550.0,6590.0,6530.0,6590.0,0,0.0,0.0
2024-07-03 12:00:00+09:00,6600.0,6630.0,6590.0,6590.0,10200,0.0,0.0
2024-07-03 13:00:00+09:00,6590.0,6620.0,6590.0,6610.0,600,0.0,0.0
2024-07-03 14:00:00+09:00,6610.0,6610.0,6540.0,6550.0,1600,0.0,0.0
2024-07-04 09:00:00+09:00,6580.0,6820.0,6580.0,6800.0,0,0.0,0.0
2024-07-04 10:00:00+09:00,6810.0,6880.0,6730.0,6770.0,13600,0.0,0.0
2024-07-04 11:00:00+09:00,6770.0,6820.0,6770.0,6820.0,0,0.0,0.0
2024-07-04 12:00:00+09:00,6870.0,6930.0,6840.0,6930.0,16600,0.0,0.0
2024-07-04 13:00:00+09:00,6930.0,6930.0,6830.0,6850.0,2000,0.0,0.0
2024-07-04 14:00:00+09:00,6790.0,6830.0,6780.0,6780.0,1700,0.0,0.0
2024-07-05 09:00:00+09:00,6830.0,6860.0,6620.0,6670.0,0,0.0,0.0
2024-07-05 10:00:00+09:00,6670.0,6800.0,6620.0,6770.0,12500,0.0,0.0
2024-07-05 11:00:00+09:00,6790.0,6790.0,6780.0,6780.0,0,0.0,0.0
2024-07-05 12:00:00+09:00,6780.0,6780.0,6740.0,6770.0,13900,0.0,0.0
2024-07-05 13:00:00+09:00,6760.0,6870.0,6740.0,6780.0,5100,0.0,0.0
2024-07-05 14:00:00+09:00,6730.0,6760.0,6690.0,6690.0,1700,0.0,0.0
2024-07-08 09:00:00+09:00,6710.0,6820.0,6680.0,6740.0,4600,0.0,0.0
2024-07-08 10:00:00+09:00,6720.0,6790.0,6670.0,6790.0,2400,0.0,0.0
2024-07-08 11:00:00+09:00,6770.0,6800.0,6770.0,6800.0,0,0.0,0.0
2024-07-08 12:00:00+09:00,6830.0,6830.0,6750.0,6780.0,8700,0.0,0.0
2024-07-08 13:00:00+09:00,6780.0,6780.0,6710.0,6710.0,1400,0.0,0.0
2024-07-08 14:00:00+09:00,6700.0,6730.0,6670.0,6690.0,2000,0.0,0.0
2024-07-09 09:00:00+09:00,6660.0,6760.0,6550.0,6600.0,10500,0.0,0.0
2024-07-09 10:00:00+09:00,6620.0,6660.0,6610.0,6610.0,400,0.0,0.0
2024-07-09 11:00:00+09:00,6600.0,6620.0,6600.0,6620.0,0,0.0,0.0
2024-07-09 12:00:00+09:00,6620.0,6620.0,6600.0,6600.0,11400,0.0,0.0
2024-07-09 13:00:00+09:00,6600.0,6620.0,6560.0,6560.0,800,0.0,0.0
2024-07-09 14:00:00+09:00,6570.0,6570.0,6450.0,6510.0,8900,0.0,0.0
2024-07-10 09:00:00+09:00,6430.0,6430.0,6110.0,6180.0,21900,0.0,0.0
2024-07-10 10:00:00+09:00,6170.0,6210.0,6100.0,6140.0,7500,0.0,0.0
2024-07-10 11:00:00+09:00,6150.0,6170.0,6120.0,6170.0,0,0.0,0.0
2024-07-10 12:00:00+09:00,6120.0,6130.0,6100.0,6100.0,34200,0.0,0.0
2024-07-10 13:00:00+09:00,6110.0,6190.0,6110.0,6160.0,1500,0.0,0.0
2024-07-10 14:00:00+09:00,6160.0,6200.0,6140.0,6180.0,5000,0.0,0.0
2024-07-11 09:00:00+09:00,6200.0,6530.0,6200.0,6500.0,15600,0.0,0.0
2024-07-11 10:00:00+09:00,6490.0,6490.0,6440.0,6480.0,1000,0.0,0.0
2024-07-11 11:00:00+09:00,6480.0,6480.0,6430.0,6430.0,0,0.0,0.0
2024-07-11 12:00:00+09:00,6430.0,6450.0,6430.0,6440.0,17500,0.0,0.0
2024-07-11 13:00:00+09:00,6440.0,6440.0,6400.0,6400.0,1300,0.0,0.0
2024-07-11 14:00:00+09:00,6410.0,6410.0,6360.0,6360.0,1400,0.0,0.0
2024-07-12 09:00:00+09:00,6290.0,6450.0,6290.0,6450.0,3000,0.0,0.0
2024-07-12 10:00:00+09:00,6450.0,6490.0,6440.0,6460.0,1400,0.0,0.0
2024-07-12 11:00:00+09:00,6470.0,6480.0,6470.0,6480.0,0,0.0,0.0
2024-07-12 12:00:00+09:00,6480.0,6500.0,6450.0,6450.0,6200,0.0,0.0
2024-07-12 13:00:00+09:00,6440.0,6440.0,6440.0,6440.0,100,0.0,0.0
2024-07-12 14:00:00+09:00,6480.0,6480.0,6400.0,6400.0,1000,0.0,0.0
2024-07-16 09:00:00+09:00,6450.0,6620.0,6450.0,6580.0,3800,0.0,0.0
2024-07-16 10:00:00+09:00,6570.0,6570.0,6470.0,6520.0,2100,0.0,0.0
2024-07-16 11:00:00+09:00,6470.0,6470.0,6450.0,6450.0,0,0.0,0.0
2024-07-16 12:00:00+09:00,6450.0,6450.0,6450.0,6450.0,6800,0.0,0.0
2024-07-16 13:00:00+09:00,6480.0,6480.0,6480.0,6480.0,100,0.0,0.0
2024-07-16 14:00:00+09:00,6490.0,6490.0,6470.0,6490.0,400,0.0,0.0
2024-07-17 09:00:00+09:00,6540.0,6540.0,6360.0,6360.0,1800,0.0,0.0
2024-07-17 10:00:00+09:00,6400.0,6500.0,6400.0,6500.0,1700,0.0,0.0
2024-07-17 11:00:00+09:00,6500.0,6550.0,6500.0,6550.0,0,0.0,0.0
2024-07-17 12:00:00+09:00,6400.0,6400.0,6400.0,6400.0,4800,0.0,0.0
2024-07-17 13:00:00+09:00,6390.0,6460.0,6380.0,6450.0,2000,0.0,0.0
2024-07-17 14:00:00+09:00,6440.0,6480.0,6440.0,6480.0,300,0.0,0.0
2024-07-18 09:00:00+09:00,6490.0,6490.0,6320.0,6450.0,1600,0.0,0.0
2024-07-18 10:00:00+09:00,6490.0,6520.0,6490.0,6520.0,800,0.0,0.0
2024-07-18 11:00:00+09:00,6520.0,6520.0,6520.0,6520.0,0,0.0,0.0
2024-07-18 12:00:00+09:00,6460.0,6510.0,6460.0,6480.0,3000,0.0,0.0
2024-07-18 13:00:00+09:00,6510.0,6540.0,6460.0,6460.0,3500,0.0,0.0
2024-07-18 14:00:00+09:00,6410.0,6460.0,6400.0,6460.0,1000,0.0,0.0
2024-07-19 09:00:00+09:00,6410.0,6410.0,6330.0,6370.0,2200,0.0,0.0
2024-07-19 10:00:00+09:00,6370.0,6370.0,6300.0,6300.0,700,0.0,0.0
2024-07-19 11:00:00+09:00,6300.0,6300.0,6300.0,6300.0,0,0.0,0.0
2024-07-19 12:00:00+09:00,6290.0,6310.0,6270.0,6310.0,3600,0.0,0.0
2024-07-19 13:00:00+09:00,6300.0,6330.0,6170.0,6330.0,7400,0.0,0.0
2024-07-19 14:00:00+09:00,6300.0,6300.0,6280.0,6280.0,400,0.0,0.0
2024-07-22 09:00:00+09:00,6290.0,6290.0,6110.0,6160.0,4900,0.0,0.0
2024-07-22 10:00:00+09:00,6160.0,6270.0,6160.0,6270.0,1500,0.0,0.0
2024-07-22 11:00:00+09:00,6260.0,6260.0,6260.0,6260.0,0,0.0,0.0
2024-07-22 12:00:00+09:00,6220.0,6220.0,6220.0,6220.0,6900,0.0,0.0
2024-07-22 13:00:00+09:00,6220.0,6260.0,6200.0,6260.0,1400,0.0,0.0
2024-07-22 14:00:00+09:00,6240.0,6300.0,6240.0,6300.0,300,0.0,0.0
2024-07-23 09:00:00+09:00,6350.0,6370.0,6350.0,6370.0,300,0.0,0.0
2024-07-23 11:00:00+09:00,6370.0,6370.0,6370.0,6370.0,0,0.0,0.0
2024-07-23 12:00:00+09:00,6370.0,6370.0,6360.0,6370.0,600,0.0,0.0
2024-07-23 13:00:00+09:00,6320.0,6380.0,6270.0,6270.0,2400,0.0,0.0
2024-07-24 09:00:00+09:00,6330.0,6330.0,6230.0,6290.0,1700,0.0,0.0
2024-07-24 10:00:00+09:00,6290.0,6290.0,6260.0,6260.0,900,0.0,0.0
2024-07-24 11:00:00+09:00,6260.0,6260.0,6240.0,6240.0,0,0.0,0.0
2024-07-24 12:00:00+09:00,6170.0,6210.0,6170.0,6210.0,4200,0.0,0.0
2024-07-24 13:00:00+09:00,6190.0,6190.0,6190.0,6190.0,100,0.0,0.0
2024-07-24 14:00:00+09:00,6190.0,6330.0,6150.0,6190.0,3400,0.0,0.0
2024-07-25 09:00:00+09:00,6180.0,6180.0,6040.0,6050.0,5200,0.0,0.0
2024-07-25 10:00:00+09:00,6050.0,6080.0,6050.0,6080.0,1400,0.0,0.0
2024-07-25 11:00:00+09:00,6050.0,6070.0,6050.0,6070.0,0,0.0,0.0
2024-07-25 12:00:00+09:00,6030.0,6030.0,5950.0,6020.0,10300,0.0,0.0
2024-07-25 13:00:00+09:00,6060.0,6090.0,6060.0,6090.0,1000,0.0,0.0
2024-07-25 14:00:00+09:00,6080.0,6080.0,5980.0,5980.0,1400,0.0,0.0
2024-07-26 09:00:00+09:00,5940.0,5990.0,5880.0,5960.0,2700,0.0,0.0
2024-07-26 10:00:00+09:00,5970.0,6040.0,5970.0,6030.0,1600,0.0,0.0
2024-07-26 11:00:00+09:00,6050.0,6050.0,6030.0,6030.0,0,0.0,0.0
2024-07-26 12:00:00+09:00,6010.0,6020.0,6010.0,6010.0,5000,0.0,0.0
2024-07-26 13:00:00+09:00,6000.0,6000.0,5990.0,5990.0,200,0.0,0.0
2024-07-26 14:00:00+09:00,5980.0,5990.0,5950.0,5950.0,1900,0.0,0.0
2024-07-29 09:00:00+09:00,6080.0,6220.0,6080.0,6200.0,2400,0.0,0.0
2024-07-29 10:00:00+09:00,6130.0,6130.0,6120.0,6120.0,300,0.0,0.0
2024-07-29 11:00:00+09:00,6120.0,6120.0,6120.0,6120.0,0,0.0,0.0
2024-07-29 12:00:00+09:00,6140.0,6160.0,6100.0,6100.0,3900,0.0,0.0
2024-07-29 13:00:00+09:00,6140.0,6160.0,6130.0,6160.0,500,0.0,0.0
2024-07-29 14:00:00+09:00,6160.0,6190.0,6160.0,6190.0,1100,0.0,0.0
2024-07-30 09:00:00+09:00,6230.0,6230.0,5980.0,6060.0,2300,0.0,0.0
2024-07-30 10:00:00+09:00,6040.0,6070.0,6040.0,6040.0,500,0.0,0.0
2024-07-30 11:00:00+09:00,6040.0,6040.0,6030.0,6030.0,0,0.0,0.0
2024-07-30 12:00:00+09:00,6070.0,6070.0,6040.0,6040.0,3500,0.0,0.0
2024-07-30 13:00:00+09:00,6030.0,6090.0,5990.0,6090.0,2500,0.0,0.0
2024-07-30 14:00:00+09:00,6100.0,6120.0,6080.0,6120.0,400,0.0,0.0
2024-07-31 09:00:00+09:00,6100.0,6190.0,6040.0,6060.0,1900,0.0,0.0
2024-07-31 10:00:00+09:00,6060.0,6100.0,6060.0,6100.0,700,0.0,0.0
2024-07-31 11:00:00+09:00,6090.0,6090.0,6090.0,6090.0,0,0.0,0.0
2024-07-31 12:00:00+09:00,6160.0,6160.0,6160.0,6160.0,3200,0.0,0.0
2024-07-31 13:00:00+09:00,6140.0,6150.0,6130.0,6150.0,700,0.0,0.0
2024-07-31 14:00:00+09:00,6190.0,6250.0,6180.0,6210.0,1700,0.0,0.0
2024-08-01 09:00:00+09:00,6060.0,6120.0,5910.0,5910.0,5600,0.0,0.0
2024-08-01 10:00:00+09:00,5990.0,6010.0,5850.0,5930.0,4700,0.0,0.0
2024-08-01 11:00:00+09:00,5930.0,5930.0,5930.0,5930.0,0,0.0,0.0
2024-08-01 12:00:00+09:00,5930.0,5930.0,5920.0,5930.0,10700,0.0,0.0
2024-08-01 13:00:00+09:00,5940.0,5940.0,5900.0,5900.0,1400,0.0,0.0
2024-08-01 14:00:00+09:00,5920.0,5950.0,5880.0,5880.0,1600,0.0,0.0
2024-08-02 09:00:00+09:00,5440.0,5490.0,5270.0,5270.0,13000,0.0,0.0
2024-08-02 10:00:00+09:00,5270.0,5460.0,5270.0,5460.0,4400,0.0,0.0
2024-08-02 11:00:00+09:00,5460.0,5460.0,5460.0,5460.0,0,0.0,0.0
2024-08-02 12:00:00+09:00,5470.0,5470.0,5430.0,5450.0,18100,0.0,0.0
2024-08-02 13:00:00+09:00,5450.0,5450.0,5410.0,5450.0,0,0.0,0.0
2024-08-02 14:00:00+09:00,5450.0,5450.0,5320.0,5370.0,22000,0.0,0.0
2024-08-05 09:00:00+09:00,4620.0,4815.0,4590.0,4760.0,12400,0.0,0.0
2024-08-05 10:00:00+09:00,4720.0,4830.0,4720.0,4820.0,3100,0.0,0.0
2024-08-05 11:00:00+09:00,4830.0,4910.0,4830.0,4870.0,0,0.0,0.0
2024-08-05 12:00:00+09:00,4850.0,4890.0,4750.0,4800.0,20400,0.0,0.0
2024-08-05 13:00:00+09:00,4800.0,4800.0,4620.0,4620.0,7100,0.0,0.0
2024-08-05 14:00:00+09:00,4615.0,4615.0,4370.0,4370.0,11100,0.0,0.0
2024-08-06 09:00:00+09:00,4600.0,4960.0,4600.0,4950.0,10800,0.0,0.0
2024-08-06 10:00:00+09:00,4960.0,5060.0,4745.0,4915.0,4900,0.0,0.0
2024-08-06 11:00:00+09:00,4915.0,4985.0,4915.0,4985.0,0,0.0,0.0
2024-08-06 12:00:00+09:00,5050.0,5050.0,4920.0,4960.0,19800,0.0,0.0
2024-08-06 13:00:00+09:00,4940.0,5000.0,4720.0,4820.0,6300,0.0,0.0
2024-08-06 14:00:00+09:00,4785.0,5060.0,4720.0,4890.0,3700,0.0,0.0
2024-08-07 09:00:00+09:00,4765.0,4965.0,4750.0,4885.0,7200,0.0,0.0
2024-08-07 10:00:00+09:00,4880.0,5070.0,4860.0,5060.0,3900,0.0,0.0
2024-08-07 11:00:00+09:00,5020.0,5070.0,4955.0,5070.0,0,0.0,0.0
2024-08-07 12:00:00+09:00,5010.0,5160.0,5010.0,5080.0,15800,0.0,0.0
2024-08-07 13:00:00+09:00,5100.0,5260.0,5100.0,5230.0,3800,0.0,0.0
2024-08-07 14:00:00+09:00,5190.0,5300.0,5080.0,5170.0,4000,0.0,0.0
2024-08-08 09:00:00+09:00,5270.0,5270.0,5000.0,5000.0,2900,0.0,0.0
2024-08-08 10:00:00+09:00,5210.0,5210.0,5140.0,5140.0,200,0.0,0.0
2024-08-08 11:00:00+09:00,5140.0,5140.0,5140.0,5140.0,0,0.0,0.0
2024-08-08 12:00:00+09:00,5130.0,5270.0,5130.0,5260.0,10100,0.0,0.0
2024-08-08 13:00:00+09:00,5260.0,5340.0,5230.0,5230.0,1900,0.0,0.0
2024-08-08 14:00:00+09:00,5190.0,5230.0,5140.0,5140.0,1600,0.0,0.0
2024-08-09 09:00:00+09:00,5430.0,5500.0,5260.0,5340.0,11700,0.0,0.0
2024-08-09 10:00:00+09:00,5320.0,5560.0,5290.0,5560.0,5900,0.0,0.0
2024-08-09 11:00:00+09:00,5500.0,5530.0,5400.0,5470.0,0,0.0,0.0
2024-08-09 12:00:00+09:00,5530.0,5580.0,5450.0,5580.0,24300,0.0,0.0
2024-08-09 13:00:00+09:00,5520.0,5520.0,4500.0,4535.0,48800,0.0,0.0
2024-08-09 14:00:00+09:00,4555.0,4900.0,4465.0,4900.0,22700,0.0,0.0
2024-08-13 09:00:00+09:00,4760.0,4840.0,4355.0,4405.0,56300,0.0,0.0
2024-08-13 10:00:00+09:00,4405.0,4460.0,4270.0,4305.0,29700,0.0,0.0
2024-08-13 11:00:00+09:00,4310.0,4415.0,4300.0,4370.0,0,0.0,0.0
2024-08-13 12:00:00+09:00,4335.0,4365.0,4280.0,4300.0,113600,0.0,0.0
2024-08-13 13:00:00+09:00,4300.0,4350.0,4285.0,4320.0,11300,0.0,0.0
2024-08-13 14:00:00+09:00,4320.0,4320.0,4200.0,4260.0,44100,0.0,0.0
2024-08-14 09:00:00+09:00,4300.0,4315.0,4125.0,4185.0,36000,0.0,0.0
2024-08-14 10:00:00+09:00,4180.0,4210.0,4125.0,4210.0,10400,0.0,0.0
2024-08-14 11:00:00+09:00,4210.0,4210.0,4130.0,4180.0,0,0.0,0.0
2024-08-14 12:00:00+09:00,4155.0,4160.0,4075.0,4080.0,65300,0.0,0.0
2024-08-14 13:00:00+09:00,4085.0,4180.0,4065.0,4145.0,11200,0.0,0.0
2024-08-14 14:00:00+09:00,4140.0,4235.0,4140.0,4220.0,8700,0.0,0.0
2024-08-15 09:00:00+09:00,4290.0,4455.0,4215.0,4265.0,21100,0.0,0.0
2024-08-15 10:00:00+09:00,4300.0,4370.0,4265.0,4265.0,2800,0.0,0.0
2024-08-15 11:00:00+09:00,4270.0,4315.0,4270.0,4305.0,0,0.0,0.0
2024-08-15 12:00:00+09:00,4305.0,4345.0,4295.0,4295.0,28700,0.0,0.0
2024-08-15 13:00:00+09:00,4310.0,4345.0,4260.0,4260.0,4000,0.0,0.0
2024-08-15 14:00:00+09:00,4255.0,4335.0,4195.0,4335.0,10000,0.0,0.0
2024-08-16 09:00:00+09:00,4330.0,4430.0,4330.0,4360.0,8500,0.0,0.0
2024-08-16 10:00:00+09:00,4350.0,4400.0,4335.0,4400.0,3200,0.0,0.0
2024-08-16 11:00:00+09:00,4400.0,4435.0,4400.0,4405.0,0,0.0,0.0
2024-08-16 12:00:00+09:00,4410.0,4410.0,4400.0,4400.0,12900,0.0,0.0
2024-08-16 13:00:00+09:00,4410.0,4455.0,4400.0,4455.0,4300,0.0,0.0
2024-08-16 14:00:00+09:00,4425.0,4480.0,4420.0,4465.0,5900,0.0,0.0
2024-08-19 09:00:00+09:00,4450.0,4540.0,4435.0,4470.0,6500,0.0,0.0
2024-08-19 10:00:00+09:00,4460.0,4460.0,4390.0,4400.0,2400,0.0,0.0
2024-08-19 11:00:00+09:00,4420.0,4450.0,4420.0,4450.0,0,0.0,0.0
2024-08-19 12:00:00+09:00,4455.0,4455.0,4335.0,4340.0,15700,0.0,0.0
2024-08-19 13:00:00+09:00,4355.0,4385.0,4325.0,4325.0,4300,0.0,0.0
2024-08-19 14:00:00+09:00,4330.0,4355.0,4295.0,4295.0,3100,0.0,0.0
2024-08-20 09:00:00+09:00,4325.0,4445.0,4325.0,4330.0,7000,0.0,0.0
2024-08-20 10:00:00+09:00,4340.0,4365.0,4340.0,4345.0,600,0.0,0.0
2024-08-20 11:00:00+09:00,4335.0,4350.0,4335.0,4350.0,0,0.0,0.0
2024-08-20 12:00:00+09:00,4355.0,4355.0,4330.0,4340.0,8300,0.0,0.0
2024-08-20 13:00:00+09:00,4360.0,4360.0,4340.0,4340.0,600,0.0,0.0
2024-08-20 14:00:00+09:00,4340.0,4345.0,4335.0,4345.0,900,0.0,0.0
2024-08-21 09:00:00+09:00,4315.0,4330.0,4270.0,4280.0,2700,0.0,0.0
2024-08-21 10:00:00+09:00,4290.0,4290.0,4205.0,4215.0,3200,0.0,0.0
2024-08-21 11:00:00+09:00,4225.0,4260.0,4215.0,4260.0,0,0.0,0.0
2024-08-21 12:00:00+09:00,4230.0,4230.0,4165.0,4215.0,10900,0.0,0.0
2024-08-21 13:00:00+09:00,4210.0,4230.0,4200.0,4200.0,1100,0.0,0.0
2024-08-21 14:00:00+09:00,4230.0,4290.0,4220.0,4270.0,6200,0.0,0.0
2024-08-22 09:00:00+09:00,4330.0,4550.0,4285.0,4530.0,8900,0.0,0.0
2024-08-22 10:00:00+09:00,4520.0,4520.0,4460.0,4500.0,2900,0.0,0.0
2024-08-22 11:00:00+09:00,4470.0,4470.0,4450.0,4450.0,0,0.0,0.0
2024-08-22 12:00:00+09:00,4450.0,4540.0,4450.0,4540.0,17700,0.0,0.0
2024-08-22 13:00:00+09:00,4545.0,4590.0,4500.0,4500.0,3400,0.0,0.0
2024-08-22 14:00:00+09:00,4530.0,4620.0,4520.0,4620.0,6000,0.0,0.0
2024-08-23 09:00:00+09:00,4590.0,4795.0,4590.0,4735.0,13900,0.0,0.0
2024-08-23 10:00:00+09:00,4730.0,4765.0,4680.0,4680.0,3700,0.0,0.0
2024-08-23 11:00:00+09:00,4680.0,4680.0,4625.0,4625.0,0,0.0,0.0
2024-08-23 12:00:00+09:00,4650.0,4720.0,4650.0,4720.0,19200,0.0,0.0
2024-08-23 13:00:00+09:00,4720.0,4850.0,4720.0,4810.0,4000,0.0,0.0
2024-08-23 14:00:00+09:00,4845.0,4860.0,4835.0,4860.0,1800,0.0,0.0
2024-08-26 09:00:00+09:00,4870.0,4870.0,4700.0,4780.0,7200,0.0,0.0
2024-08-26 10:00:00+09:00,4780.0,4800.0,4750.0,4770.0,2100,0.0,0.0
2024-08-26 11:00:00+09:00,4750.0,4750.0,4700.0,4700.0,0,0.0,0.0
2024-08-26 12:00:00+09:00,4700.0,4700.0,4570.0,4585.0,18400,0.0,0.0
2024-08-26 13:00:00+09:00,4580.0,4595.0,4545.0,4555.0,6200,0.0,0.0
2024-08-26 14:00:00+09:00,4550.0,4555.0,4470.0,4480.0,11500,0.0,0.0
2024-08-27 09:00:00+09:00,4530.0,4530.0,4285.0,4455.0,20800,0.0,0.0
2024-08-27 10:00:00+09:00,4435.0,4435.0,4400.0,4400.0,0,0.0,0.0
2024-08-27 11:00:00+09:00,4380.0,4395.0,4380.0,4395.0,0,0.0,0.0
2024-08-27 12:00:00+09:00,4395.0,4460.0,4395.0,4440.0,24500,0.0,0.0
2024-08-27 13:00:00+09:00,4435.0,4485.0,4420.0,4475.0,3900,0.0,0.0
2024-08-27 14:00:00+09:00,4490.0,4505.0,4470.0,4475.0,3000,0.0,0.0
2024-08-28 09:00:00+09:00,4405.0,4430.0,4350.0,4350.0,5400,0.0,0.0
2024-08-28 10:00:00+09:00,4355.0,4375.0,4350.0,4375.0,900,0.0,0.0
2024-08-28 11:00:00+09:00,4375.0,4380.0,4375.0,4380.0,0,0.0,0.0
2024-08-28 12:00:00+09:00,4385.0,4410.0,4375.0,4375.0,8800,0.0,0.0
2024-08-28 13:00:00+09:00,4375.0,4380.0,4335.0,4345.0,3100,0.0,0.0
2024-08-28 14:00:00+09:00,4345.0,4380.0,4335.0,4365.0,1300,0.0,0.0
2024-08-29 09:00:00+09:00,4360.0,4360.0,4360.0,4360.0,300,0.0,0.0
2024-08-29 10:00:00+09:00,4390.0,4400.0,4345.0,4345.0,1700,0.0,0.0
2024-08-29 11:00:00+09:00,4340.0,4340.0,4335.0,4335.0,0,0.0,0.0
2024-08-29 12:00:00+09:00,4365.0,4365.0,4335.0,4340.0,3300,0.0,0.0
2024-08-29 13:00:00+09:00,4345.0,4345.0,4285.0,4315.0,4700,0.0,0.0
2024-08-29 14:00:00+09:00,4330.0,4340.0,4325.0,4330.0,1600,0.0,0.0
2024-08-30 09:00:00+09:00,4315.0,4480.0,4315.0,4425.0,3300,0.0,0.0
2024-08-30 10:00:00+09:00,4430.0,4465.0,4430.0,4450.0,1200,0.0,0.0
2024-08-30 11:00:00+09:00,4445.0,4445.0,4435.0,4435.0,0,0.0,0.0
2024-08-30 12:00:00+09:00,4435.0,4435.0,4430.0,4430.0,5300,0.0,0.0
2024-08-30 13:00:00+09:00,4430.0,4430.0,4415.0,4415.0,600,0.0,0.0
2024-08-30 14:00:00+09:00,4410.0,4450.0,4410.0,4445.0,1700,0.0,0.0
2024-09-02 09:00:00+09:00,4505.0,4630.0,4505.0,4620.0,9200,0.0,0.0
2024-09-02 10:00:00+09:00,4630.0,4660.0,4590.0,4590.0,3600,0.0,0.0
2024-09-02 11:00:00+09:00,4590.0,4590.0,4565.0,4565.0,0,0.0,0.0
2024-09-02 12:00:00+09:00,4595.0,4595.0,4545.0,4585.0,17700,0.0,0.0
2024-09-02 13:00:00+09:00,4585.0,4710.0,4585.0,4710.0,5800,0.0,0.0
2024-09-02 14:00:00+09:00,4695.0,4695.0,4660.0,4685.0,2500,0.0,0.0
2024-09-03 09:00:00+09:00,4685.0,4780.0,4685.0,4780.0,3800,0.0,0.0
2024-09-03 10:00:00+09:00,4790.0,4825.0,4790.0,4810.0,2300,0.0,0.0
2024-09-03 11:00:00+09:00,4815.0,4835.0,4815.0,4835.0,0,0.0,0.0
2024-09-03 12:00:00+09:00,4820.0,4840.0,4800.0,4820.0,8300,0.0,0.0
2024-09-03 13:00:00+09:00,4820.0,4820.0,4720.0,4760.0,3000,0.0,0.0
2024-09-03 14:00:00+09:00,4765.0,4785.0,4745.0,4770.0,2600,0.0,0.0
2024-09-04 09:00:00+09:00,4560.0,4625.0,4510.0,4580.0,8000,0.0,0.0
2024-09-04 10:00:00+09:00,4560.0,4560.0,4535.0,4555.0,2900,0.0,0.0
2024-09-04 11:00:00+09:00,4555.0,4555.0,4520.0,4530.0,0,0.0,0.0
2024-09-04 12:00:00+09:00,4550.0,4550.0,4475.0,4475.0,20000,0.0,0.0
2024-09-04 13:00:00+09:00,4485.0,4485.0,4445.0,4445.0,2300,0.0,0.0
2024-09-04 14:00:00+09:00,4445.0,4450.0,4355.0,4425.0,11100,0.0,0.0
2024-09-05 09:00:00+09:00,4390.0,4480.0,4350.0,4465.0,4800,0.0,0.0
2024-09-05 10:00:00+09:00,4465.0,4475.0,4425.0,4450.0,1600,0.0,0.0
2024-09-05 11:00:00+09:00,4455.0,4455.0,4455.0,4455.0,0,0.0,0.0
2024-09-05 12:00:00+09:00,4460.0,4460.0,4415.0,4415.0,7100,0.0,0.0
2024-09-05 13:00:00+09:00,4405.0,4415.0,4340.0,4380.0,2200,0.0,0.0
2024-09-05 14:00:00+09:00,4365.0,4420.0,4365.0,4405.0,1900,0.0,0.0
2024-09-06 09:00:00+09:00,4430.0,4430.0,4325.0,4335.0,4000,0.0,0.0
2024-09-06 10:00:00+09:00,4310.0,4310.0,4225.0,4290.0,3700,0.0,0.0
2024-09-06 11:00:00+09:00,4295.0,4330.0,4295.0,4325.0,0,0.0,0.0
2024-09-06 12:00:00+09:00,4325.0,4325.0,4275.0,4275.0,8700,0.0,0.0
2024-09-06 13:00:00+09:00,4275.0,4275.0,4260.0,4265.0,600,0.0,0.0
2024-09-06 14:00:00+09:00,4265.0,4265.0,4210.0,4245.0,5800,0.0,0.0
2024-09-09 09:00:00+09:00,4035.0,4130.0,3985.0,4040.0,10800,0.0,0.0
2024-09-09 10:00:00+09:00,4060.0,4110.0,4020.0,4110.0,2100,0.0,0.0
2024-09-09 11:00:00+09:00,4075.0,4110.0,4060.0,4110.0,0,0.0,0.0
2024-09-09 12:00:00+09:00,4095.0,4125.0,4095.0,4100.0,16700,0.0,0.0
2024-09-09 13:00:00+09:00,4095.0,4150.0,4095.0,4130.0,2200,0.0,0.0
2024-09-09 14:00:00+09:00,4115.0,4165.0,4105.0,4130.0,3300,0.0,0.0
2024-09-10 09:00:00+09:00,4170.0,4170.0,4080.0,4140.0,3800,0.0,0.0
2024-09-10 10:00:00+09:00,4135.0,4140.0,4110.0,4140.0,1500,0.0,0.0
2024-09-10 11:00:00+09:00,4140.0,4140.0,4105.0,4105.0,0,0.0,0.0
2024-09-10 12:00:00+09:00,4115.0,4120.0,4095.0,4110.0,7100,0.0,0.0
2024-09-10 13:00:00+09:00,4100.0,4185.0,4090.0,4180.0,4100,0.0,0.0
2024-09-10 14:00:00+09:00,4185.0,4250.0,4170.0,4170.0,4500,0.0,0.0
2024-09-11 09:00:00+09:00,4110.0,4160.0,4110.0,4160.0,2800,0.0,0.0
2024-09-11 10:00:00+09:00,4180.0,4195.0,4105.0,4165.0,2700,0.0,0.0
2024-09-11 11:00:00+09:00,4145.0,4145.0,4110.0,4110.0,0,0.0,0.0
2024-09-11 12:00:00+09:00,4110.0,4110.0,4050.0,4060.0,6800,0.0,0.0
2024-09-11 13:00:00+09:00,4060.0,4150.0,4020.0,4095.0,7000,0.0,0.0
2024-09-11 14:00:00+09:00,4095.0,4120.0,4065.0,4120.0,2200,0.0,0.0
2024-09-12 09:00:00+09:00,4140.0,4220.0,4140.0,4220.0,200,0.0,0.0
2024-09-12 10:00:00+09:00,4195.0,4315.0,4180.0,4315.0,2900,0.0,0.0
2024-09-12 11:00:00+09:00,4295.0,4310.0,4285.0,4310.0,0,0.0,0.0
2024-09-12 12:00:00+09:00,4280.0,4330.0,4280.0,4320.0,4900,0.0,0.0
2024-09-12 13:00:00+09:00,4335.0,4345.0,4320.0,4335.0,1300,0.0,0.0
2024-09-12 14:00:00+09:00,4325.0,4330.0,4285.0,4295.0,2900,0.0,0.0
2024-09-13 09:00:00+09:00,4390.0,4390.0,4300.0,4300.0,1500,0.0,0.0
2024-09-13 10:00:00+09:00,4280.0,4280.0,4280.0,4280.0,100,0.0,0.0
2024-09-13 11:00:00+09:00,4310.0,4360.0,4310.0,4335.0,0,0.0,0.0
2024-09-13 12:00:00+09:00,4310.0,4310.0,4310.0,4310.0,2300,0.0,0.0
2024-09-13 13:00:00+09:00,4325.0,4350.0,4325.0,4335.0,600,0.0,0.0
2024-09-13 14:00:00+09:00,4350.0,4390.0,4330.0,4330.0,1300,0.0,0.0
2024-09-17 09:00:00+09:00,4335.0,4335.0,4220.0,4230.0,1500,0.0,0.0
2024-09-17 10:00:00+09:00,4230.0,4235.0,4220.0,4235.0,800,0.0,0.0
2024-09-17 11:00:00+09:00,4210.0,4210.0,4210.0,4210.0,0,0.0,0.0
2024-09-17 12:00:00+09:00,4180.0,4185.0,4180.0,4185.0,2800,0.0,0.0
2024-09-17 13:00:00+09:00,4190.0,4205.0,4180.0,4180.0,800,0.0,0.0
2024-09-17 14:00:00+09:00,4160.0,4225.0,4160.0,4225.0,1600,0.0,0.0
2024-09-18 09:00:00+09:00,4180.0,4265.0,4180.0,4205.0,4900,0.0,0.0
2024-09-18 10:00:00+09:00,4215.0,4215.0,4195.0,4195.0,700,0.0,0.0
2024-09-18 11:00:00+09:00,4215.0,4215.0,4200.0,4200.0,0,0.0,0.0
2024-09-18 12:00:00+09:00,4200.0,4200.0,4135.0,4135.0,8300,0.0,0.0
2024-09-18 13:00:00+09:00,4140.0,4150.0,4135.0,4145.0,500,0.0,0.0
2024-09-18 14:00:00+09:00,4140.0,4185.0,4140.0,4170.0,1700,0.0,0.0
2024-09-19 09:00:00+09:00,4295.0,4590.0,4285.0,4560.0,20000,0.0,0.0
2024-09-19 10:00:00+09:00,4555.0,4555.0,4490.0,4525.0,2300,0.0,0.0
2024-09-19 11:00:00+09:00,4515.0,4545.0,4515.0,4525.0,0,0.0,0.0
2024-09-19 12:00:00+09:00,4525.0,4575.0,4520.0,4570.0,26100,0.0,0.0
2024-09-19 13:00:00+09:00,4575.0,4600.0,4535.0,4600.0,3800,0.0,0.0
2024-09-19 14:00:00+09:00,4580.0,4580.0,4510.0,4520.0,3100,0.0,0.0
2024-09-20 09:00:00+09:00,4585.0,4610.0,4505.0,4505.0,4700,0.0,0.0
2024-09-20 10:00:00+09:00,4505.0,4510.0,4505.0,4505.0,600,0.0,0.0
2024-09-20 11:00:00+09:00,4545.0,4645.0,4545.0,4580.0,0,0.0,0.0
2024-09-20 12:00:00+09:00,4600.0,4600.0,4600.0,4600.0,7500,0.0,0.0
2024-09-20 13:00:00+09:00,4565.0,4590.0,4550.0,4590.0,1400,0.0,0.0
2024-09-20 14:00:00+09:00,4600.0,4600.0,4540.0,4540.0,1300,0.0,0.0
2024-09-24 09:00:00+09:00,4600.0,4600.0,4560.0,4560.0,1900,0.0,0.0
2024-09-24 10:00:00+09:00,4610.0,4680.0,4610.0,4650.0,1700,0.0,0.0
2024-09-24 11:00:00+09:00,4630.0,4665.0,4630.0,4665.0,0,0.0,0.0
2024-09-24 12:00:00+09:00,4675.0,4735.0,4675.0,4720.0,5400,0.0,0.0
2024-09-24 13:00:00+09:00,4710.0,4710.0,4670.0,4710.0,2000,0.0,0.0
2024-09-24 14:00:00+09:00,4710.0,4725.0,4695.0,4725.0,1400,0.0,0.0
2024-09-25 09:00:00+09:00,4710.0,4710.0,4535.0,4535.0,1500,0.0,0.0
2024-09-25 10:00:00+09:00,4575.0,4700.0,4545.0,4700.0,2600,0.0,0.0
2024-09-25 11:00:00+09:00,4700.0,4700.0,4700.0,4700.0,0,0.0,0.0
2024-09-25 12:00:00+09:00,4630.0,4630.0,4620.0,4620.0,4300,0.0,0.0
2024-09-25 13:00:00+09:00,4605.0,4605.0,4595.0,4595.0,800,0.0,0.0
2024-09-25 14:00:00+09:00,4635.0,4635.0,4600.0,4630.0,400,0.0,0.0
2024-09-26 09:00:00+09:00,4660.0,4795.0,4660.0,4765.0,3600,0.0,0.0
2024-09-26 10:00:00+09:00,4760.0,4765.0,4750.0,4750.0,1000,0.0,0.0
2024-09-26 11:00:00+09:00,4755.0,4755.0,4705.0,4705.0,0,0.0,0.0
2024-09-26 12:00:00+09:00,4705.0,4705.0,4705.0,4705.0,5300,0.0,0.0
2024-09-26 13:00:00+09:00,4715.0,4715.0,4550.0,4580.0,4300,0.0,0.0
2024-09-26 14:00:00+09:00,4595.0,4700.0,4595.0,4690.0,3000,0.0,0.0
2024-09-27 09:00:00+09:00,4740.0,4765.0,4700.0,4700.0,1500,0.0,0.0
2024-09-27 10:00:00+09:00,4715.0,4725.0,4680.0,4680.0,400,0.0,0.0
2024-09-27 11:00:00+09:00,4640.0,4680.0,4640.0,4680.0,0,0.0,0.0
2024-09-27 12:00:00+09:00,4660.0,4700.0,4660.0,4695.0,5000,0.0,0.0
2024-09-27 13:00:00+09:00,4695.0,4710.0,4670.0,4710.0,1300,0.0,0.0
2024-09-27 14:00:00+09:00,4660.0,4700.0,4625.0,4675.0,2100,0.0,0.0
2024-09-30 09:00:00+09:00,4555.0,4690.0,4555.0,4590.0,3100,0.0,0.0
2024-09-30 10:00:00+09:00,4595.0,4640.0,4595.0,4595.0,1700,0.0,0.0
2024-09-30 11:00:00+09:00,4595.0,4595.0,4595.0,4595.0,0,0.0,0.0
2024-09-30 12:00:00+09:00,4580.0,4580.0,4515.0,4570.0,13700,0.0,0.0
2024-09-30 13:00:00+09:00,4560.0,4560.0,4535.0,4535.0,900,0.0,0.0
2024-09-30 14:00:00+09:00,4545.0,4555.0,4485.0,4510.0,2200,0.0,0.0
2024-10-01 09:00:00+09:00,4520.0,4580.0,4510.0,4550.0,3300,0.0,0.0
2024-10-01 10:00:00+09:00,4595.0,4600.0,4595.0,4595.0,700,0.0,0.0
2024-10-01 11:00:00+09:00,4600.0,4640.0,4600.0,4640.0,0,0.0,0.0
2024-10-01 12:00:00+09:00,4640.0,4750.0,4640.0,4750.0,8500,0.0,0.0
2024-10-01 13:00:00+09:00,4775.0,4865.0,4775.0,4825.0,5900,0.0,0.0
2024-10-01 14:00:00+09:00,4800.0,4840.0,4795.0,4815.0,2700,0.0,0.0
2024-10-02 09:00:00+09:00,4715.0,4835.0,4715.0,4835.0,2100,0.0,0.0
2024-10-02 10:00:00+09:00,4850.0,4885.0,4765.0,4860.0,2300,0.0,0.0
2024-10-02 11:00:00+09:00,4830.0,4830.0,4830.0,4830.0,0,0.0,0.0
2024-10-02 12:00:00+09:00,4830.0,4830.0,4830.0,4830.0,4700,0.0,0.0
2024-10-02 13:00:00+09:00,4810.0,4810.0,4790.0,4790.0,800,0.0,0.0
2024-10-02 14:00:00+09:00,4770.0,4770.0,4735.0,4750.0,900,0.0,0.0
2024-10-03 09:00:00+09:00,4770.0,4850.0,4710.0,4710.0,2100,0.0,0.0
2024-10-03 10:00:00+09:00,4750.0,4775.0,4750.0,4765.0,700,0.0,0.0
2024-10-03 11:00:00+09:00,4790.0,4790.0,4765.0,4765.0,0,0.0,0.0
2024-10-03 12:00:00+09:00,4765.0,4765.0,4735.0,4735.0,4300,0.0,0.0
2024-10-03 13:00:00+09:00,4735.0,4735.0,4735.0,4735.0,300,0.0,0.0
2024-10-03 14:00:00+09:00,4745.0,4745.0,4700.0,4700.0,1600,0.0,0.0
2024-10-04 09:00:00+09:00,4705.0,4730.0,4700.0,4700.0,700,0.0,0.0
2024-10-04 10:00:00+09:00,4670.0,4670.0,4640.0,4650.0,600,0.0,0.0
2024-10-04 11:00:00+09:00,4650.0,4700.0,4640.0,4700.0,0,0.0,0.0
2024-10-04 12:00:00+09:00,4645.0,4645.0,4645.0,4645.0,2700,0.0,0.0
2024-10-04 13:00:00+09:00,4655.0,4790.0,4645.0,4770.0,5400,0.0,0.0
2024-10-04 14:00:00+09:00,4745.0,4810.0,4740.0,4795.0,1700,0.0,0.0
