Datetime,Open,High,Low,Close,Volume,Dividends,Stock Splits
2024-08-05 09:00:00+09:00,10540.0,10540.0,10310.0,10430.0,0,0.0,0.0
2024-08-05 09:01:00+09:00,10430.0,10430.0,10320.0,10320.0,3964,0.0,0.0
2024-08-05 09:02:00+09:00,10320.0,10420.0,9800.0,10190.0,12612,0.0,0.0
2024-08-05 09:03:00+09:00,10200.0,10280.0,10120.0,10170.0,15611,0.0,0.0
2024-08-05 09:04:00+09:00,10260.0,10260.0,10210.0,10240.0,332,0.0,0.0
2024-08-05 09:05:00+09:00,10190.0,10230.0,10000.0,10050.0,3460,0.0,0.0
2024-08-05 09:06:00+09:00,10020.0,10100.0,10000.0,10020.0,4336,0.0,0.0
2024-08-05 09:07:00+09:00,10030.0,10030.0,9820.0,9820.0,6396,0.0,0.0
2024-08-05 09:08:00+09:00,9850.0,9940.0,9800.0,9820.0,6167,0.0,0.0
2024-08-05 09:09:00+09:00,9820.0,9880.0,9800.0,9830.0,2913,0.0,0.0
2024-08-05 09:10:00+09:00,9850.0,9970.0,9810.0,9970.0,5603,0.0,0.0
2024-08-05 09:11:00+09:00,9950.0,9950.0,9940.0,9940.0,2110,0.0,0.0
2024-08-05 09:12:00+09:00,10010.0,10080.0,10000.0,10000.0,2054,0.0,0.0
2024-08-05 09:13:00+09:00,9990.0,10030.0,9950.0,9990.0,3038,0.0,0.0
2024-08-05 09:14:00+09:00,10000.0,10000.0,9940.0,9950.0,3720,0.0,0.0
2024-08-05 09:15:00+09:00,10000.0,10000.0,9940.0,9990.0,2462,0.0,0.0
2024-08-05 09:16:00+09:00,9990.0,9990.0,9920.0,9920.0,2025,0.0,0.0
2024-08-05 09:17:00+09:00,9920.0,9920.0,9920.0,9920.0,0,0.0,0.0
2024-08-05 09:18:00+09:00,9970.0,9970.0,9930.0,9930.0,1322,0.0,0.0
2024-08-05 09:19:00+09:00,9930.0,9930.0,9930.0,9930.0,27,0.0,0.0
2024-08-05 09:20:00+09:00,9950.0,9950.0,9940.0,9940.0,1957,0.0,0.0
2024-08-05 09:21:00+09:00,9950.0,9980.0,9950.0,9980.0,180,0.0,0.0
2024-08-05 09:22:00+09:00,9960.0,10030.0,9940.0,9990.0,1141,0.0,0.0
2024-08-05 09:23:00+09:00,9980.0,10030.0,9960.0,9960.0,444,0.0,0.0
2024-08-05 09:24:00+09:00,9950.0,9960.0,9950.0,9960.0,716,0.0,0.0
2024-08-05 09:25:00+09:00,9990.0,10000.0,9980.0,9990.0,22,0.0,0.0
2024-08-05 09:26:00+09:00,9990.0,10040.0,9990.0,10040.0,2019,0.0,0.0
2024-08-05 09:27:00+09:00,10080.0,10080.0,10030.0,10030.0,0,0.0,0.0
2024-08-05 09:28:00+09:00,10030.0,10030.0,10000.0,10020.0,591,0.0,0.0
2024-08-05 09:29:00+09:00,10020.0,10020.0,10000.0,10010.0,345,0.0,0.0
2024-08-05 09:30:00+09:00,10050.0,10060.0,10020.0,10060.0,361,0.0,0.0
2024-08-05 09:31:00+09:00,10020.0,10030.0,9950.0,9960.0,4122,0.0,0.0
2024-08-05 09:32:00+09:00,9950.0,10020.0,9940.0,10020.0,539,0.0,0.0
2024-08-05 09:33:00+09:00,10020.0,10030.0,10020.0,10030.0,150,0.0,0.0
2024-08-05 09:34:00+09:00,10030.0,10040.0,10000.0,10000.0,1508,0.0,0.0
2024-08-05 09:35:00+09:00,9990.0,9990.0,9990.0,9990.0,446,0.0,0.0
2024-08-05 09:36:00+09:00,9990.0,9990.0,9960.0,9960.0,409,0.0,0.0
2024-08-05 09:37:00+09:00,9960.0,9980.0,9960.0,9960.0,178,0.0,0.0
2024-08-05 09:38:00+09:00,9960.0,9960.0,9940.0,9940.0,1170,0.0,0.0
2024-08-05 09:39:00+09:00,9950.0,9950.0,9930.0,9940.0,1410,0.0,0.0
2024-08-05 09:40:00+09:00,9940.0,9940.0,9920.0,9920.0,1889,0.0,0.0
2024-08-05 09:41:00+09:00,9950.0,9970.0,9950.0,9970.0,234,0.0,0.0
2024-08-05 09:42:00+09:00,9980.0,9980.0,9950.0,9950.0,932,0.0,0.0
2024-08-05 09:44:00+09:00,9960.0,9960.0,9910.0,9950.0,3480,0.0,0.0
2024-08-05 09:45:00+09:00,9940.0,9940.0,9870.0,9920.0,4462,0.0,0.0
2024-08-05 09:46:00+09:00,9890.0,9910.0,9820.0,9840.0,3464,0.0,0.0
2024-08-05 09:47:00+09:00,9850.0,9850.0,9820.0,9820.0,2434,0.0,0.0
2024-08-05 09:48:00+09:00,9820.0,9820.0,9770.0,9770.0,5773,0.0,0.0
2024-08-05 09:49:00+09:00,9760.0,9770.0,9690.0,9690.0,4287,0.0,0.0
2024-08-05 09:50:00+09:00,9740.0,9740.0,9690.0,9700.0,1228,0.0,0.0
2024-08-05 09:51:00+09:00,9690.0,9730.0,9690.0,9730.0,1817,0.0,0.0
2024-08-05 09:52:00+09:00,9730.0,9730.0,9700.0,9730.0,315,0.0,0.0
2024-08-05 09:53:00+09:00,9730.0,9750.0,9730.0,9730.0,829,0.0,0.0
2024-08-05 09:54:00+09:00,9750.0,9760.0,9710.0,9710.0,4209,0.0,0.0
2024-08-05 09:55:00+09:00,9720.0,9780.0,9710.0,9770.0,308,0.0,0.0
2024-08-05 09:56:00+09:00,9770.0,9780.0,9750.0,9780.0,649,0.0,0.0
2024-08-05 09:57:00+09:00,9790.0,9820.0,9790.0,9820.0,718,0.0,0.0
2024-08-05 09:58:00+09:00,9820.0,9820.0,9820.0,9820.0,358,0.0,0.0
2024-08-05 09:59:00+09:00,9820.0,9920.0,9820.0,9920.0,436,0.0,0.0
2024-08-05 10:00:00+09:00,9860.0,9880.0,9780.0,9790.0,3207,0.0,0.0
2024-08-05 10:01:00+09:00,9810.0,9810.0,9790.0,9800.0,2,0.0,0.0
2024-08-05 10:02:00+09:00,9790.0,9790.0,9740.0,9740.0,1882,0.0,0.0
2024-08-05 10:03:00+09:00,9740.0,9750.0,9740.0,9750.0,68,0.0,0.0
2024-08-05 10:04:00+09:00,9740.0,9740.0,9710.0,9720.0,1022,0.0,0.0
2024-08-05 10:05:00+09:00,9710.0,9720.0,9710.0,9720.0,2,0.0,0.0
2024-08-05 10:06:00+09:00,9720.0,9720.0,9690.0,9690.0,3050,0.0,0.0
2024-08-05 10:07:00+09:00,9700.0,9710.0,9690.0,9710.0,828,0.0,0.0
2024-08-05 10:08:00+09:00,9720.0,9720.0,9670.0,9670.0,2025,0.0,0.0
2024-08-05 10:09:00+09:00,9660.0,9660.0,9640.0,9640.0,405,0.0,0.0
2024-08-05 10:10:00+09:00,9640.0,9650.0,9620.0,9620.0,1501,0.0,0.0
2024-08-05 10:11:00+09:00,9620.0,9640.0,9600.0,9600.0,1652,0.0,0.0
2024-08-05 10:12:00+09:00,9650.0,9680.0,9650.0,9680.0,149,0.0,0.0
2024-08-05 10:13:00+09:00,9650.0,9680.0,9640.0,9680.0,736,0.0,0.0
2024-08-05 10:14:00+09:00,9670.0,9700.0,9650.0,9700.0,1044,0.0,0.0
2024-08-05 10:15:00+09:00,9700.0,9700.0,9680.0,9680.0,197,0.0,0.0
2024-08-05 10:16:00+09:00,9670.0,9670.0,9660.0,9660.0,1355,0.0,0.0
2024-08-05 10:17:00+09:00,9660.0,9690.0,9640.0,9680.0,1207,0.0,0.0
2024-08-05 10:18:00+09:00,9670.0,9700.0,9670.0,9700.0,1146,0.0,0.0
2024-08-05 10:19:00+09:00,9710.0,9710.0,9700.0,9700.0,192,0.0,0.0
2024-08-05 10:20:00+09:00,9710.0,9710.0,9700.0,9700.0,386,0.0,0.0
2024-08-05 10:21:00+09:00,9670.0,9670.0,9670.0,9670.0,0,0.0,0.0
2024-08-05 10:22:00+09:00,9650.0,9710.0,9650.0,9710.0,167658,0.0,0.0
2024-08-05 10:23:00+09:00,9660.0,9660.0,9620.0,9620.0,2547,0.0,0.0
2024-08-05 10:24:00+09:00,9620.0,9620.0,9560.0,9590.0,3706,0.0,0.0
2024-08-05 10:25:00+09:00,9580.0,9610.0,9580.0,9610.0,1053,0.0,0.0
2024-08-05 10:26:00+09:00,9580.0,9610.0,9580.0,9600.0,398,0.0,0.0
2024-08-05 10:27:00+09:00,9600.0,9610.0,9600.0,9610.0,28,0.0,0.0
2024-08-05 10:28:00+09:00,9610.0,9610.0,9610.0,9610.0,157,0.0,0.0
2024-08-05 10:29:00+09:00,9610.0,9610.0,9610.0,9610.0,216,0.0,0.0
2024-08-05 10:30:00+09:00,9610.0,9610.0,9610.0,9610.0,0,0.0,0.0
2024-08-05 10:32:00+09:00,9630.0,9650.0,9630.0,9650.0,1409,0.0,0.0
2024-08-05 10:33:00+09:00,9650.0,9660.0,9650.0,9660.0,880,0.0,0.0
2024-08-05 10:34:00+09:00,9660.0,9660.0,9640.0,9640.0,33,0.0,0.0
2024-08-05 10:35:00+09:00,9640.0,9640.0,9640.0,9640.0,101,0.0,0.0
2024-08-05 10:36:00+09:00,9640.0,9650.0,9640.0,9650.0,573,0.0,0.0
2024-08-05 10:37:00+09:00,9650.0,9650.0,9650.0,9650.0,20,0.0,0.0
2024-08-05 10:38:00+09:00,9650.0,9650.0,9630.0,9630.0,184,0.0,0.0
2024-08-05 10:39:00+09:00,9630.0,9650.0,9630.0,9650.0,75,0.0,0.0
2024-08-05 10:40:00+09:00,9650.0,9670.0,9650.0,9670.0,510,0.0,0.0
2024-08-05 10:41:00+09:00,9670.0,9760.0,9670.0,9760.0,1525,0.0,0.0
2024-08-05 10:42:00+09:00,9760.0,9760.0,9750.0,9750.0,84,0.0,0.0
2024-08-05 10:43:00+09:00,9750.0,9750.0,9690.0,9690.0,1331,0.0,0.0
2024-08-05 10:44:00+09:00,9690.0,9710.0,9690.0,9710.0,0,0.0,0.0
2024-08-05 10:45:00+09:00,9690.0,9690.0,9670.0,9670.0,1076,0.0,0.0
2024-08-05 10:47:00+09:00,9680.0,9680.0,9660.0,9660.0,1079,0.0,0.0
2024-08-05 10:48:00+09:00,9660.0,9690.0,9660.0,9690.0,171,0.0,0.0
2024-08-05 10:49:00+09:00,9690.0,9700.0,9690.0,9690.0,2075,0.0,0.0
2024-08-05 10:50:00+09:00,9680.0,9680.0,9650.0,9650.0,1270,0.0,0.0
2024-08-05 10:51:00+09:00,9650.0,9650.0,9630.0,9650.0,0,0.0,0.0
2024-08-05 10:52:00+09:00,9630.0,9640.0,9630.0,9640.0,102,0.0,0.0
2024-08-05 10:53:00+09:00,9640.0,9650.0,9640.0,9650.0,211,0.0,0.0
2024-08-05 10:55:00+09:00,9690.0,9690.0,9680.0,9680.0,0,0.0,0.0
2024-08-05 10:56:00+09:00,9680.0,9680.0,9650.0,9670.0,222,0.0,0.0
2024-08-05 10:58:00+09:00,9670.0,9670.0,9660.0,9660.0,178,0.0,0.0
2024-08-05 10:59:00+09:00,9660.0,9660.0,9660.0,9660.0,484,0.0,0.0
2024-08-05 11:00:00+09:00,9660.0,9670.0,9660.0,9670.0,197,0.0,0.0
2024-08-05 11:01:00+09:00,9660.0,9710.0,9660.0,9710.0,2337,0.0,0.0
2024-08-05 11:02:00+09:00,9720.0,9890.0,9720.0,9810.0,1164,0.0,0.0
2024-08-05 11:03:00+09:00,9870.0,10000.0,9750.0,9750.0,1307,0.0,0.0
2024-08-05 11:04:00+09:00,9770.0,9870.0,9770.0,9870.0,114,0.0,0.0
2024-08-05 11:05:00+09:00,9780.0,9790.0,9750.0,9750.0,634,0.0,0.0
2024-08-05 11:06:00+09:00,9760.0,9760.0,9750.0,9750.0,104,0.0,0.0
2024-08-05 11:07:00+09:00,9720.0,9720.0,9700.0,9700.0,1455,0.0,0.0
2024-08-05 11:08:00+09:00,9680.0,9680.0,9670.0,9670.0,0,0.0,0.0
2024-08-05 11:09:00+09:00,9660.0,9660.0,9660.0,9660.0,199,0.0,0.0
2024-08-05 11:10:00+09:00,9660.0,9660.0,9660.0,9660.0,0,0.0,0.0
2024-08-05 11:11:00+09:00,9660.0,9660.0,9610.0,9610.0,4321,0.0,0.0
2024-08-05 11:12:00+09:00,9610.0,9610.0,9610.0,9610.0,73,0.0,0.0
2024-08-05 11:13:00+09:00,9620.0,9640.0,9620.0,9630.0,96,0.0,0.0
2024-08-05 11:14:00+09:00,9630.0,9630.0,9600.0,9600.0,1750,0.0,0.0
2024-08-05 11:15:00+09:00,9600.0,9600.0,9590.0,9600.0,52,0.0,0.0
2024-08-05 11:16:00+09:00,9610.0,9610.0,9610.0,9610.0,59,0.0,0.0
2024-08-05 11:17:00+09:00,9610.0,9610.0,9600.0,9600.0,2179,0.0,0.0
2024-08-05 11:18:00+09:00,9630.0,9630.0,9590.0,9590.0,3503,0.0,0.0
2024-08-05 11:19:00+09:00,9590.0,9590.0,9590.0,9590.0,0,0.0,0.0
2024-08-05 11:20:00+09:00,9590.0,9590.0,9590.0,9590.0,4,0.0,0.0
2024-08-05 11:21:00+09:00,9590.0,9670.0,9580.0,9670.0,194,0.0,0.0
2024-08-05 11:22:00+09:00,9650.0,9650.0,9650.0,9650.0,1,0.0,0.0
2024-08-05 11:23:00+09:00,9650.0,9660.0,9650.0,9660.0,444,0.0,0.0
2024-08-05 11:24:00+09:00,9670.0,9670.0,9670.0,9670.0,49,0.0,0.0
2024-08-05 11:25:00+09:00,9610.0,9670.0,9610.0,9670.0,1342,0.0,0.0
2024-08-05 11:26:00+09:00,9670.0,9700.0,9670.0,9700.0,642,0.0,0.0
2024-08-05 11:27:00+09:00,9750.0,9750.0,9740.0,9740.0,0,0.0,0.0
2024-08-05 11:28:00+09:00,9740.0,9740.0,9730.0,9730.0,91,0.0,0.0
2024-08-05 11:29:00+09:00,9730.0,9730.0,9730.0,9730.0,65,0.0,0.0
2024-08-05 11:31:00+09:00,9720.0,9720.0,9650.0,9650.0,918,0.0,0.0
2024-08-05 11:32:00+09:00,9650.0,9650.0,9650.0,9650.0,0,0.0,0.0
2024-08-05 11:34:00+09:00,9670.0,9670.0,9650.0,9650.0,523,0.0,0.0
2024-08-05 11:35:00+09:00,9650.0,9660.0,9650.0,9660.0,0,0.0,0.0
2024-08-05 11:36:00+09:00,9660.0,9660.0,9640.0,9640.0,864,0.0,0.0
2024-08-05 11:37:00+09:00,9660.0,9660.0,9630.0,9660.0,1190,0.0,0.0
2024-08-05 11:38:00+09:00,9620.0,9620.0,9620.0,9620.0,45,0.0,0.0
2024-08-05 11:40:00+09:00,9680.0,9680.0,9680.0,9680.0,295,0.0,0.0
2024-08-05 11:41:00+09:00,9680.0,9680.0,9680.0,9680.0,1451,0.0,0.0
2024-08-05 11:42:00+09:00,9660.0,9660.0,9650.0,9650.0,0,0.0,0.0
2024-08-05 11:43:00+09:00,9660.0,9660.0,9660.0,9660.0,408,0.0,0.0
2024-08-05 11:44:00+09:00,9650.0,9660.0,9650.0,9660.0,163,0.0,0.0
2024-08-05 11:45:00+09:00,9650.0,9650.0,9650.0,9650.0,293,0.0,0.0
2024-08-05 11:48:00+09:00,9660.0,9660.0,9660.0,9660.0,630,0.0,0.0
2024-08-05 11:49:00+09:00,9660.0,9660.0,9650.0,9650.0,207,0.0,0.0
2024-08-05 11:50:00+09:00,9640.0,9640.0,9640.0,9640.0,1,0.0,0.0
2024-08-05 11:51:00+09:00,9650.0,9650.0,9630.0,9630.0,1417,0.0,0.0
2024-08-05 11:52:00+09:00,9640.0,9650.0,9640.0,9650.0,76,0.0,0.0
2024-08-05 11:53:00+09:00,9630.0,9630.0,9630.0,9630.0,0,0.0,0.0
2024-08-05 11:54:00+09:00,9640.0,9640.0,9640.0,9640.0,239,0.0,0.0
2024-08-05 11:56:00+09:00,9630.0,9630.0,9630.0,9630.0,175,0.0,0.0
2024-08-05 11:57:00+09:00,9630.0,9630.0,9630.0,9630.0,338,0.0,0.0
2024-08-05 11:58:00+09:00,9640.0,9640.0,9640.0,9640.0,83,0.0,0.0
2024-08-05 11:59:00+09:00,9630.0,9630.0,9630.0,9630.0,90,0.0,0.0
2024-08-05 12:00:00+09:00,9640.0,9650.0,9550.0,9650.0,11677,0.0,0.0
2024-08-05 12:01:00+09:00,9600.0,9600.0,9600.0,9600.0,27,0.0,0.0
2024-08-05 12:02:00+09:00,9600.0,9630.0,9570.0,9630.0,472,0.0,0.0
2024-08-05 12:03:00+09:00,9630.0,9640.0,9600.0,9600.0,215,0.0,0.0
2024-08-05 12:04:00+09:00,9600.0,9620.0,9590.0,9620.0,112,0.0,0.0
2024-08-05 12:05:00+09:00,9580.0,9620.0,9580.0,9620.0,187,0.0,0.0
2024-08-05 12:06:00+09:00,9620.0,9620.0,9620.0,9620.0,57,0.0,0.0
2024-08-05 12:08:00+09:00,9630.0,9660.0,9630.0,9660.0,504,0.0,0.0
2024-08-05 12:09:00+09:00,9660.0,9660.0,9660.0,9660.0,38,0.0,0.0
2024-08-05 12:10:00+09:00,9630.0,9630.0,9590.0,9590.0,322,0.0,0.0
2024-08-05 12:11:00+09:00,9580.0,9580.0,9580.0,9580.0,6,0.0,0.0
2024-08-05 12:12:00+09:00,9570.0,9580.0,9570.0,9580.0,697,0.0,0.0
2024-08-05 12:13:00+09:00,9560.0,9600.0,9560.0,9600.0,554,0.0,0.0
2024-08-05 12:14:00+09:00,9610.0,9620.0,9590.0,9600.0,242,0.0,0.0
2024-08-05 12:15:00+09:00,9610.0,9610.0,9610.0,9610.0,0,0.0,0.0
2024-08-05 12:16:00+09:00,9600.0,9610.0,9600.0,9610.0,173,0.0,0.0
2024-08-05 12:17:00+09:00,9620.0,9630.0,9620.0,9630.0,93,0.0,0.0
2024-08-05 12:18:00+09:00,9620.0,9640.0,9620.0,9640.0,100,0.0,0.0
2024-08-05 12:19:00+09:00,9640.0,9680.0,9630.0,9680.0,1923,0.0,0.0
2024-08-05 12:20:00+09:00,9670.0,9680.0,9660.0,9680.0,807,0.0,0.0
2024-08-05 12:22:00+09:00,9620.0,9620.0,9620.0,9620.0,2853,0.0,0.0
2024-08-05 12:23:00+09:00,9610.0,9620.0,9610.0,9620.0,0,0.0,0.0
2024-08-05 12:24:00+09:00,9620.0,9630.0,9610.0,9630.0,169,0.0,0.0
2024-08-05 12:25:00+09:00,9630.0,9630.0,9620.0,9620.0,18,0.0,0.0
2024-08-05 12:26:00+09:00,9620.0,9620.0,9610.0,9610.0,620,0.0,0.0
2024-08-05 12:27:00+09:00,9610.0,9610.0,9550.0,9610.0,4893,0.0,0.0
2024-08-05 12:28:00+09:00,9610.0,9610.0,9590.0,9590.0,125,0.0,0.0
2024-08-05 12:29:00+09:00,9550.0,9600.0,9550.0,9600.0,1978,0.0,0.0
2024-08-05 12:30:00+09:00,9610.0,9620.0,9570.0,9620.0,0,0.0,0.0
2024-08-05 12:31:00+09:00,9610.0,9610.0,9600.0,9600.0,12,0.0,0.0
2024-08-05 12:32:00+09:00,9570.0,9570.0,9570.0,9570.0,0,0.0,0.0
2024-08-05 12:34:00+09:00,9610.0,9610.0,9610.0,9610.0,20,0.0,0.0
2024-08-05 12:35:00+09:00,9610.0,9610.0,9610.0,9610.0,425,0.0,0.0
2024-08-05 12:36:00+09:00,9590.0,9590.0,9590.0,9590.0,1277,0.0,0.0
2024-08-05 12:37:00+09:00,9590.0,9590.0,9580.0,9580.0,7,0.0,0.0
2024-08-05 12:39:00+09:00,9610.0,9620.0,9600.0,9620.0,908,0.0,0.0
2024-08-05 12:41:00+09:00,9590.0,9620.0,9590.0,9620.0,166,0.0,0.0
2024-08-05 12:42:00+09:00,9600.0,9600.0,9600.0,9600.0,23,0.0,0.0
2024-08-05 12:43:00+09:00,9600.0,9600.0,9600.0,9600.0,292,0.0,0.0
2024-08-05 12:44:00+09:00,9600.0,9600.0,9590.0,9590.0,25,0.0,0.0
2024-08-05 12:45:00+09:00,9600.0,9600.0,9600.0,9600.0,0,0.0,0.0
2024-08-05 12:46:00+09:00,9600.0,9600.0,9600.0,9600.0,1,0.0,0.0
2024-08-05 12:48:00+09:00,9600.0,9610.0,9600.0,9610.0,101,0.0,0.0
2024-08-05 12:49:00+09:00,9610.0,9620.0,9610.0,9620.0,175,0.0,0.0
2024-08-05 12:50:00+09:00,9610.0,9620.0,9610.0,9620.0,227,0.0,0.0
2024-08-05 12:51:00+09:00,9620.0,9620.0,9620.0,9620.0,40,0.0,0.0
2024-08-05 12:52:00+09:00,9610.0,9610.0,9600.0,9600.0,363,0.0,0.0
2024-08-05 12:53:00+09:00,9600.0,9600.0,9600.0,9600.0,952,0.0,0.0
2024-08-05 12:54:00+09:00,9600.0,9600.0,9600.0,9600.0,197,0.0,0.0
2024-08-05 12:55:00+09:00,9600.0,9600.0,9590.0,9600.0,220,0.0,0.0
2024-08-05 12:56:00+09:00,9600.0,9620.0,9600.0,9620.0,1727,0.0,0.0
2024-08-05 12:57:00+09:00,9600.0,9600.0,9600.0,9600.0,646,0.0,0.0
2024-08-05 12:58:00+09:00,9600.0,9610.0,9600.0,9600.0,0,0.0,0.0
2024-08-05 12:59:00+09:00,9610.0,9610.0,9580.0,9580.0,1433,0.0,0.0
2024-08-05 13:00:00+09:00,9580.0,9590.0,9570.0,9590.0,0,0.0,0.0
2024-08-05 13:01:00+09:00,9570.0,9570.0,9570.0,9570.0,1199,0.0,0.0
2024-08-05 13:02:00+09:00,9580.0,9580.0,9540.0,9540.0,1533,0.0,0.0
2024-08-05 13:03:00+09:00,9550.0,9550.0,9540.0,9550.0,19,0.0,0.0
2024-08-05 13:04:00+09:00,9540.0,9570.0,9540.0,9570.0,109,0.0,0.0
2024-08-05 13:05:00+09:00,9530.0,9600.0,9530.0,9600.0,718,0.0,0.0
2024-08-05 13:07:00+09:00,9600.0,9600.0,9600.0,9600.0,1106,0.0,0.0
2024-08-05 13:08:00+09:00,9610.0,9640.0,9580.0,9580.0,1268,0.0,0.0
2024-08-05 13:09:00+09:00,9610.0,9610.0,9610.0,9610.0,0,0.0,0.0
2024-08-05 13:10:00+09:00,9600.0,9610.0,9580.0,9610.0,250,0.0,0.0
2024-08-05 13:11:00+09:00,9580.0,9630.0,9580.0,9630.0,1114,0.0,0.0
2024-08-05 13:12:00+09:00,9610.0,9630.0,9610.0,9630.0,557,0.0,0.0
2024-08-05 13:13:00+09:00,9640.0,9690.0,9630.0,9630.0,1351,0.0,0.0
2024-08-05 13:14:00+09:00,9690.0,9700.0,9690.0,9700.0,427,0.0,0.0
2024-08-05 13:15:00+09:00,9700.0,9740.0,9700.0,9740.0,2059,0.0,0.0
2024-08-05 13:16:00+09:00,9730.0,9730.0,9730.0,9730.0,0,0.0,0.0
2024-08-05 13:17:00+09:00,9730.0,9730.0,9730.0,9730.0,0,0.0,0.0
2024-08-05 13:18:00+09:00,9730.0,9730.0,9730.0,9730.0,251,0.0,0.0
2024-08-05 13:19:00+09:00,9730.0,9850.0,9710.0,9850.0,1577,0.0,0.0
2024-08-05 13:20:00+09:00,9800.0,9800.0,9800.0,9800.0,994,0.0,0.0
2024-08-05 13:21:00+09:00,9800.0,9800.0,9790.0,9790.0,0,0.0,0.0
2024-08-05 13:22:00+09:00,9770.0,9870.0,9770.0,9870.0,815,0.0,0.0
2024-08-05 13:23:00+09:00,9850.0,9850.0,9680.0,9680.0,1318,0.0,0.0
2024-08-05 13:24:00+09:00,9760.0,9770.0,9760.0,9760.0,1700,0.0,0.0
2024-08-05 13:25:00+09:00,9750.0,9780.0,9750.0,9780.0,413,0.0,0.0
2024-08-05 13:26:00+09:00,9760.0,9760.0,9730.0,9730.0,346,0.0,0.0
2024-08-05 13:27:00+09:00,9730.0,9770.0,9730.0,9770.0,931,0.0,0.0
2024-08-05 13:28:00+09:00,9770.0,9790.0,9770.0,9770.0,992,0.0,0.0
2024-08-05 13:29:00+09:00,9760.0,9780.0,9760.0,9780.0,476,0.0,0.0
2024-08-05 13:30:00+09:00,9770.0,9770.0,9760.0,9760.0,1537,0.0,0.0
2024-08-05 13:31:00+09:00,9730.0,9750.0,9700.0,9740.0,1367,0.0,0.0
2024-08-05 13:33:00+09:00,9740.0,9740.0,9690.0,9690.0,78,0.0,0.0
2024-08-05 13:34:00+09:00,9690.0,9690.0,9680.0,9680.0,257,0.0,0.0
2024-08-05 13:35:00+09:00,9650.0,9650.0,9650.0,9650.0,0,0.0,0.0
2024-08-05 13:36:00+09:00,9650.0,9650.0,9650.0,9650.0,648,0.0,0.0
2024-08-05 13:37:00+09:00,9640.0,9640.0,9640.0,9640.0,284,0.0,0.0
2024-08-05 13:38:00+09:00,9630.0,9630.0,9620.0,9620.0,544,0.0,0.0
2024-08-05 13:39:00+09:00,9620.0,9620.0,9600.0,9600.0,4636,0.0,0.0
2024-08-05 13:40:00+09:00,9600.0,9600.0,9600.0,9600.0,456,0.0,0.0
2024-08-05 13:42:00+09:00,9600.0,9600.0,9600.0,9600.0,1036,0.0,0.0
2024-08-05 13:44:00+09:00,9580.0,9580.0,9570.0,9570.0,0,0.0,0.0
2024-08-05 13:45:00+09:00,9560.0,9560.0,9560.0,9560.0,186,0.0,0.0
2024-08-05 13:46:00+09:00,9590.0,9600.0,9590.0,9600.0,2514,0.0,0.0
2024-08-05 13:48:00+09:00,9560.0,9560.0,9560.0,9560.0,2,0.0,0.0
2024-08-05 13:49:00+09:00,9590.0,9590.0,9560.0,9560.0,517,0.0,0.0
2024-08-05 13:50:00+09:00,9550.0,9550.0,9550.0,9550.0,0,0.0,0.0
2024-08-05 13:51:00+09:00,9560.0,9560.0,9560.0,9560.0,184,0.0,0.0
2024-08-05 13:52:00+09:00,9560.0,9580.0,9560.0,9580.0,137,0.0,0.0
2024-08-05 13:54:00+09:00,9550.0,9550.0,9540.0,9540.0,302,0.0,0.0
2024-08-05 13:55:00+09:00,9540.0,9540.0,9510.0,9510.0,2672,0.0,0.0
2024-08-05 14:26:00+09:00,9500.0,9500.0,9480.0,9480.0,9369,0.0,0.0
2024-08-05 14:27:00+09:00,9470.0,9470.0,9310.0,9310.0,4602,0.0,0.0
2024-08-05 14:28:00+09:00,9390.0,9390.0,9220.0,9290.0,3689,0.0,0.0
2024-08-05 14:29:00+09:00,9220.0,9260.0,9000.0,9030.0,8791,0.0,0.0
2024-08-05 14:30:00+09:00,9110.0,9180.0,9060.0,9170.0,6539,0.0,0.0
2024-08-05 14:31:00+09:00,9070.0,9150.0,9060.0,9070.0,2718,0.0,0.0
2024-08-05 14:32:00+09:00,9080.0,9080.0,8980.0,8990.0,5458,0.0,0.0
2024-08-05 14:33:00+09:00,9000.0,9010.0,8960.0,8960.0,3311,0.0,0.0
2024-08-05 14:34:00+09:00,8950.0,8950.0,8600.0,8620.0,1676,0.0,0.0
2024-08-05 14:36:00+09:00,8990.0,8990.0,8990.0,8990.0,1054,0.0,0.0
2024-08-05 14:37:00+09:00,8930.0,8930.0,8760.0,8820.0,4883,0.0,0.0
2024-08-05 14:38:00+09:00,8720.0,8800.0,8630.0,8630.0,6704,0.0,0.0
2024-08-05 14:39:00+09:00,8630.0,8710.0,8500.0,8520.0,7710,0.0,0.0
2024-08-05 14:40:00+09:00,8520.0,8590.0,8100.0,8160.0,10612,0.0,0.0
2024-08-05 14:41:00+09:00,8260.0,8260.0,8100.0,8100.0,4013,0.0,0.0
2024-08-05 14:43:00+09:00,8080.0,8330.0,7780.0,8070.0,22939,0.0,0.0
2024-08-05 14:44:00+09:00,8080.0,8210.0,8000.0,8060.0,10535,0.0,0.0
2024-08-05 14:45:00+09:00,8070.0,8360.0,8070.0,8120.0,14930,0.0,0.0
2024-08-05 14:46:00+09:00,8120.0,8380.0,8100.0,8280.0,9474,0.0,0.0
2024-08-05 14:47:00+09:00,8270.0,8280.0,8120.0,8150.0,5434,0.0,0.0
2024-08-05 14:48:00+09:00,8150.0,8260.0,8150.0,8150.0,6572,0.0,0.0
2024-08-05 14:49:00+09:00,8240.0,8250.0,8120.0,8140.0,6448,0.0,0.0
2024-08-05 14:50:00+09:00,8140.0,8330.0,8070.0,8240.0,11842,0.0,0.0
2024-08-05 14:51:00+09:00,8240.0,8310.0,8240.0,8310.0,2044,0.0,0.0
2024-08-05 14:52:00+09:00,8310.0,8310.0,8180.0,8290.0,4429,0.0,0.0
2024-08-05 14:53:00+09:00,8200.0,8290.0,8070.0,8160.0,3739,0.0,0.0
2024-08-05 14:54:00+09:00,8160.0,8180.0,7960.0,8000.0,8646,0.0,0.0
2024-08-05 14:55:00+09:00,8000.0,8160.0,8000.0,8150.0,2965,0.0,0.0
2024-08-05 14:56:00+09:00,8100.0,8130.0,8070.0,8070.0,127,0.0,0.0
2024-08-05 14:57:00+09:00,8100.0,8210.0,8050.0,8210.0,8842,0.0,0.0
2024-08-05 14:58:00+09:00,8240.0,8250.0,8160.0,8160.0,8090,0.0,0.0
2024-08-05 14:59:00+09:00,8280.0,8650.0,8280.0,8650.0,4250,0.0,0.0
2024-08-06 09:00:00+09:00,8560.0,9050.0,8560.0,8940.0,25328,0.0,0.0
2024-08-06 09:01:00+09:00,9090.0,9390.0,8940.0,9390.0,8810,0.0,0.0
2024-08-06 09:04:00+09:00,9380.0,9380.0,9340.0,9360.0,6956,0.0,0.0
2024-08-06 09:05:00+09:00,9350.0,9360.0,9130.0,9130.0,5875,0.0,0.0
2024-08-06 09:06:00+09:00,9160.0,9240.0,9160.0,9200.0,1404,0.0,0.0
2024-08-06 09:07:00+09:00,9200.0,9200.0,9160.0,9190.0,3981,0.0,0.0
2024-08-06 09:08:00+09:00,9170.0,9170.0,9150.0,9150.0,2516,0.0,0.0
2024-08-06 09:09:00+09:00,9150.0,9200.0,9100.0,9140.0,4617,0.0,0.0
2024-08-06 09:10:00+09:00,9150.0,9190.0,9150.0,9190.0,261,0.0,0.0
2024-08-06 09:11:00+09:00,9200.0,9840.0,9190.0,9840.0,14704,0.0,0.0
2024-08-06 09:13:00+09:00,10000.0,10000.0,9240.0,9240.0,26421,0.0,0.0
2024-08-06 09:16:00+09:00,9800.0,9800.0,9420.0,9480.0,4647,0.0,0.0
2024-08-06 09:17:00+09:00,9580.0,9620.0,9530.0,9620.0,2825,0.0,0.0
2024-08-06 09:18:00+09:00,9630.0,9690.0,9610.0,9680.0,1349,0.0,0.0
2024-08-06 09:19:00+09:00,9770.0,9790.0,9770.0,9770.0,559,0.0,0.0
2024-08-06 09:20:00+09:00,9770.0,9770.0,9700.0,9760.0,1898,0.0,0.0
2024-08-06 09:21:00+09:00,9740.0,9760.0,9740.0,9760.0,681,0.0,0.0
2024-08-06 09:22:00+09:00,9760.0,9810.0,9720.0,9810.0,6565,0.0,0.0
2024-08-06 09:23:00+09:00,9790.0,9800.0,9710.0,9710.0,3744,0.0,0.0
2024-08-06 09:24:00+09:00,9720.0,9770.0,9700.0,9740.0,2225,0.0,0.0
2024-08-06 09:25:00+09:00,9700.0,9740.0,9700.0,9740.0,1304,0.0,0.0
2024-08-06 09:26:00+09:00,9700.0,9830.0,9700.0,9830.0,4826,0.0,0.0
2024-08-06 09:27:00+09:00,9810.0,9900.0,9800.0,9900.0,10463,0.0,0.0
2024-08-06 09:28:00+09:00,9850.0,9990.0,9850.0,9990.0,3834,0.0,0.0
2024-08-06 09:29:00+09:00,9970.0,9980.0,9870.0,9900.0,6587,0.0,0.0
2024-08-06 09:30:00+09:00,9900.0,9900.0,9790.0,9870.0,7272,0.0,0.0
2024-08-06 09:31:00+09:00,9870.0,9870.0,9790.0,9790.0,458,0.0,0.0
2024-08-06 09:32:00+09:00,9780.0,9810.0,9780.0,9790.0,610,0.0,0.0
2024-08-06 09:33:00+09:00,9800.0,9890.0,9800.0,9880.0,2627,0.0,0.0
2024-08-06 09:34:00+09:00,9880.0,9890.0,9810.0,9830.0,823,0.0,0.0
2024-08-06 09:35:00+09:00,9840.0,9850.0,9830.0,9850.0,125,0.0,0.0
2024-08-06 09:36:00+09:00,9840.0,9840.0,9840.0,9840.0,559,0.0,0.0
2024-08-06 09:37:00+09:00,9840.0,9840.0,9730.0,9730.0,3270,0.0,0.0
2024-08-06 09:38:00+09:00,9730.0,9800.0,9730.0,9800.0,1061,0.0,0.0
2024-08-06 09:39:00+09:00,9790.0,9800.0,9760.0,9800.0,436,0.0,0.0
2024-08-06 09:40:00+09:00,9800.0,9860.0,9800.0,9860.0,1929,0.0,0.0
2024-08-06 09:41:00+09:00,9850.0,9870.0,9850.0,9870.0,2206,0.0,0.0
2024-08-06 09:42:00+09:00,9870.0,9880.0,9820.0,9850.0,391,0.0,0.0
2024-08-06 09:43:00+09:00,9830.0,9850.0,9830.0,9850.0,42,0.0,0.0
2024-08-06 09:44:00+09:00,9800.0,9810.0,9800.0,9810.0,75,0.0,0.0
2024-08-06 09:45:00+09:00,9800.0,9830.0,9770.0,9820.0,1397,0.0,0.0
2024-08-06 09:46:00+09:00,9830.0,9890.0,9790.0,9890.0,2275,0.0,0.0
2024-08-06 09:47:00+09:00,9850.0,9850.0,9850.0,9850.0,94,0.0,0.0
2024-08-06 09:48:00+09:00,9810.0,9810.0,9810.0,9810.0,691,0.0,0.0
2024-08-06 09:49:00+09:00,9800.0,9840.0,9770.0,9770.0,472,0.0,0.0
2024-08-06 09:50:00+09:00,9770.0,9800.0,9770.0,9770.0,404,0.0,0.0
2024-08-06 09:51:00+09:00,9760.0,9790.0,9760.0,9760.0,925,0.0,0.0
2024-08-06 09:52:00+09:00,9760.0,9770.0,9760.0,9770.0,0,0.0,0.0
2024-08-06 09:53:00+09:00,9780.0,9810.0,9770.0,9770.0,855,0.0,0.0
2024-08-06 09:54:00+09:00,9760.0,9760.0,9710.0,9720.0,3389,0.0,0.0
2024-08-06 09:55:00+09:00,9720.0,9720.0,9680.0,9680.0,1527,0.0,0.0
2024-08-06 09:56:00+09:00,9690.0,9700.0,9680.0,9690.0,687,0.0,0.0
2024-08-06 09:57:00+09:00,9690.0,9720.0,9680.0,9680.0,1099,0.0,0.0
2024-08-06 09:58:00+09:00,9710.0,9730.0,9710.0,9730.0,114,0.0,0.0
2024-08-06 09:59:00+09:00,9730.0,9730.0,9730.0,9730.0,41,0.0,0.0
2024-08-06 10:00:00+09:00,9720.0,9730.0,9720.0,9730.0,87,0.0,0.0
2024-08-06 10:02:00+09:00,9730.0,9740.0,9710.0,9710.0,26,0.0,0.0
2024-08-06 10:03:00+09:00,9710.0,9710.0,9710.0,9710.0,2,0.0,0.0
2024-08-06 10:04:00+09:00,9730.0,9730.0,9710.0,9710.0,53,0.0,0.0
2024-08-06 10:05:00+09:00,9710.0,9720.0,9710.0,9720.0,234,0.0,0.0
2024-08-06 10:06:00+09:00,9720.0,9740.0,9720.0,9740.0,125,0.0,0.0
2024-08-06 10:07:00+09:00,9720.0,9720.0,9690.0,9690.0,1590,0.0,0.0
2024-08-06 10:08:00+09:00,9690.0,9730.0,9690.0,9690.0,1087,0.0,0.0
2024-08-06 10:09:00+09:00,9730.0,9730.0,9680.0,9680.0,0,0.0,0.0
2024-08-06 10:10:00+09:00,9700.0,9700.0,9690.0,9690.0,57,0.0,0.0
2024-08-06 10:11:00+09:00,9690.0,9690.0,9650.0,9680.0,3470,0.0,0.0
2024-08-06 10:12:00+09:00,9640.0,9640.0,9640.0,9640.0,109,0.0,0.0
2024-08-06 10:13:00+09:00,9660.0,9670.0,9660.0,9660.0,52,0.0,0.0
2024-08-06 10:14:00+09:00,9660.0,9670.0,9660.0,9670.0,0,0.0,0.0
2024-08-06 10:15:00+09:00,9660.0,9660.0,9660.0,9660.0,40,0.0,0.0
2024-08-06 10:16:00+09:00,9660.0,9660.0,9640.0,9640.0,0,0.0,0.0
2024-08-06 10:17:00+09:00,9660.0,9660.0,9610.0,9610.0,554,0.0,0.0
2024-08-06 10:18:00+09:00,9610.0,9620.0,9610.0,9620.0,1106,0.0,0.0
2024-08-06 10:19:00+09:00,9630.0,9630.0,9620.0,9620.0,2199,0.0,0.0
2024-08-06 10:20:00+09:00,9630.0,9630.0,9600.0,9600.0,3156,0.0,0.0
2024-08-06 10:22:00+09:00,9600.0,9600.0,9590.0,9590.0,258,0.0,0.0
2024-08-06 10:23:00+09:00,9590.0,9590.0,9580.0,9580.0,0,0.0,0.0
2024-08-06 10:24:00+09:00,9570.0,9590.0,9570.0,9580.0,397,0.0,0.0
2024-08-06 10:25:00+09:00,9590.0,9620.0,9590.0,9620.0,638,0.0,0.0
2024-08-06 10:26:00+09:00,9590.0,9630.0,9570.0,9630.0,1488,0.0,0.0
2024-08-06 10:27:00+09:00,9580.0,9580.0,9550.0,9550.0,938,0.0,0.0
2024-08-06 10:28:00+09:00,9560.0,9560.0,9540.0,9550.0,1989,0.0,0.0
2024-08-06 10:29:00+09:00,9550.0,9550.0,9540.0,9540.0,1378,0.0,0.0
2024-08-06 10:30:00+09:00,9530.0,9530.0,9500.0,9500.0,281,0.0,0.0
2024-08-06 10:31:00+09:00,9500.0,9520.0,9480.0,9480.0,2734,0.0,0.0
2024-08-06 10:32:00+09:00,9470.0,9470.0,9460.0,9460.0,459,0.0,0.0
2024-08-06 10:33:00+09:00,9450.0,9490.0,9450.0,9490.0,738,0.0,0.0
2024-08-06 10:34:00+09:00,9470.0,9490.0,9470.0,9490.0,986,0.0,0.0
2024-08-06 10:35:00+09:00,9490.0,9490.0,9490.0,9490.0,0,0.0,0.0
2024-08-06 10:36:00+09:00,9460.0,9460.0,9450.0,9450.0,286,0.0,0.0
2024-08-06 10:37:00+09:00,9420.0,9480.0,9420.0,9480.0,44,0.0,0.0
2024-08-06 10:38:00+09:00,9470.0,9470.0,9470.0,9470.0,10,0.0,0.0
2024-08-06 10:39:00+09:00,9420.0,9470.0,9420.0,9470.0,0,0.0,0.0
2024-08-06 10:40:00+09:00,9430.0,9430.0,9420.0,9420.0,267,0.0,0.0
2024-08-06 10:41:00+09:00,9420.0,9420.0,9380.0,9380.0,359,0.0,0.0
2024-08-06 10:42:00+09:00,9370.0,9370.0,9370.0,9370.0,0,0.0,0.0
2024-08-06 10:43:00+09:00,9360.0,9400.0,9320.0,9400.0,1271,0.0,0.0
2024-08-06 10:44:00+09:00,9430.0,9460.0,9400.0,9460.0,632,0.0,0.0
2024-08-06 10:45:00+09:00,9470.0,9520.0,9470.0,9520.0,630,0.0,0.0
2024-08-06 10:46:00+09:00,9520.0,9520.0,9490.0,9490.0,123,0.0,0.0
2024-08-06 10:47:00+09:00,9420.0,9420.0,9420.0,9420.0,1,0.0,0.0
2024-08-06 10:48:00+09:00,9540.0,9540.0,9540.0,9540.0,746,0.0,0.0
2024-08-06 10:49:00+09:00,9530.0,9630.0,9530.0,9630.0,1094,0.0,0.0
2024-08-06 10:50:00+09:00,9590.0,9600.0,9590.0,9600.0,40,0.0,0.0
2024-08-06 10:51:00+09:00,9590.0,9590.0,9590.0,9590.0,0,0.0,0.0
2024-08-06 10:52:00+09:00,9480.0,9480.0,9330.0,9330.0,222125,0.0,0.0
2024-08-06 10:53:00+09:00,9450.0,9470.0,9450.0,9470.0,5,0.0,0.0
2024-08-06 10:54:00+09:00,9470.0,9470.0,9470.0,9470.0,193,0.0,0.0
2024-08-06 10:55:00+09:00,9460.0,9460.0,9450.0,9450.0,31,0.0,0.0
2024-08-06 10:56:00+09:00,9450.0,9510.0,9410.0,9510.0,4209,0.0,0.0
2024-08-06 10:57:00+09:00,9490.0,9500.0,9490.0,9500.0,52,0.0,0.0
2024-08-06 10:59:00+09:00,9450.0,9450.0,9420.0,9420.0,1148,0.0,0.0
2024-08-06 11:00:00+09:00,9420.0,9450.0,9420.0,9450.0,0,0.0,0.0
2024-08-06 11:01:00+09:00,9420.0,9450.0,9420.0,9450.0,342,0.0,0.0
2024-08-06 11:02:00+09:00,9460.0,9460.0,9410.0,9410.0,574,0.0,0.0
2024-08-06 11:03:00+09:00,9400.0,9400.0,9400.0,9400.0,495,0.0,0.0
2024-08-06 11:04:00+09:00,9400.0,9400.0,9400.0,9400.0,353,0.0,0.0
2024-08-06 11:05:00+09:00,9400.0,9410.0,9390.0,9390.0,339,0.0,0.0
2024-08-06 11:06:00+09:00,9390.0,9460.0,9370.0,9370.0,1111,0.0,0.0
2024-08-06 11:07:00+09:00,9370.0,9370.0,9350.0,9350.0,548,0.0,0.0
2024-08-06 11:08:00+09:00,9350.0,9350.0,9350.0,9350.0,326,0.0,0.0
2024-08-06 11:09:00+09:00,9350.0,9350.0,9350.0,9350.0,0,0.0,0.0
2024-08-06 11:10:00+09:00,9350.0,9350.0,9350.0,9350.0,1,0.0,0.0
2024-08-06 11:11:00+09:00,9380.0,9380.0,9330.0,9370.0,1201,0.0,0.0
2024-08-06 11:12:00+09:00,9360.0,9380.0,9360.0,9380.0,275,0.0,0.0
2024-08-06 11:14:00+09:00,9360.0,9740.0,9340.0,9340.0,3885,0.0,0.0
2024-08-06 11:16:00+09:00,9420.0,9430.0,9420.0,9420.0,369,0.0,0.0
2024-08-06 11:17:00+09:00,9470.0,9900.0,9470.0,9900.0,3856,0.0,0.0
2024-08-06 11:18:00+09:00,9730.0,9740.0,9620.0,9650.0,0,0.0,0.0
2024-08-06 11:22:00+09:00,9550.0,9550.0,9530.0,9530.0,1312,0.0,0.0
2024-08-06 11:23:00+09:00,9540.0,9540.0,9540.0,9540.0,0,0.0,0.0
2024-08-06 11:24:00+09:00,9530.0,9530.0,9520.0,9520.0,54,0.0,0.0
2024-08-06 11:25:00+09:00,9510.0,9510.0,9510.0,9510.0,7,0.0,0.0
2024-08-06 11:26:00+09:00,9500.0,9500.0,9500.0,9500.0,33,0.0,0.0
2024-08-06 11:27:00+09:00,9510.0,9550.0,9510.0,9510.0,473,0.0,0.0
2024-08-06 11:29:00+09:00,9510.0,9510.0,9510.0,9510.0,0,0.0,0.0
2024-08-06 11:30:00+09:00,9570.0,9600.0,9570.0,9590.0,525,0.0,0.0
2024-08-06 11:31:00+09:00,9620.0,9650.0,9620.0,9650.0,1050,0.0,0.0
2024-08-06 11:32:00+09:00,9730.0,9730.0,9650.0,9710.0,0,0.0,0.0
2024-08-06 11:33:00+09:00,9650.0,9650.0,9650.0,9650.0,18,0.0,0.0
2024-08-06 11:39:00+09:00,9690.0,9720.0,9690.0,9720.0,440,0.0,0.0
2024-08-06 11:43:00+09:00,9690.0,9710.0,9690.0,9710.0,86,0.0,0.0
2024-08-06 11:44:00+09:00,9710.0,9710.0,9710.0,9710.0,5,0.0,0.0
2024-08-06 11:45:00+09:00,9660.0,9720.0,9660.0,9720.0,258,0.0,0.0
2024-08-06 11:46:00+09:00,9730.0,9730.0,9730.0,9730.0,0,0.0,0.0
2024-08-06 11:47:00+09:00,9710.0,9710.0,9710.0,9710.0,0,0.0,0.0
2024-08-06 11:49:00+09:00,9720.0,9750.0,9720.0,9750.0,555,0.0,0.0
2024-08-06 11:50:00+09:00,9790.0,9800.0,9750.0,9750.0,824,0.0,0.0
2024-08-06 11:51:00+09:00,9750.0,9760.0,9750.0,9760.0,29,0.0,0.0
2024-08-06 11:52:00+09:00,9750.0,9750.0,9740.0,9750.0,311,0.0,0.0
2024-08-06 11:55:00+09:00,9720.0,9730.0,9720.0,9730.0,4,0.0,0.0
2024-08-06 11:58:00+09:00,9720.0,9730.0,9720.0,9730.0,61,0.0,0.0
2024-08-06 11:59:00+09:00,9740.0,9790.0,9740.0,9790.0,11,0.0,0.0
2024-08-06 12:00:00+09:00,9750.0,9750.0,9730.0,9730.0,113,0.0,0.0
2024-08-06 12:01:00+09:00,9730.0,9730.0,9730.0,9730.0,247,0.0,0.0
2024-08-06 12:02:00+09:00,9730.0,9760.0,9730.0,9760.0,226,0.0,0.0
2024-08-06 12:03:00+09:00,9740.0,9740.0,9730.0,9730.0,49,0.0,0.0
2024-08-06 12:08:00+09:00,9700.0,9720.0,9700.0,9720.0,39,0.0,0.0
2024-08-06 12:10:00+09:00,9730.0,9730.0,9730.0,9730.0,68,0.0,0.0
2024-08-06 12:11:00+09:00,9720.0,9810.0,9720.0,9810.0,134,0.0,0.0
2024-08-06 12:12:00+09:00,9790.0,9820.0,9790.0,9820.0,1101,0.0,0.0
2024-08-06 12:13:00+09:00,9820.0,9820.0,9820.0,9820.0,1301,0.0,0.0
2024-08-06 12:14:00+09:00,9820.0,9870.0,9820.0,9870.0,1494,0.0,0.0
2024-08-06 12:15:00+09:00,9870.0,9890.0,9860.0,9890.0,965,0.0,0.0
2024-08-06 12:16:00+09:00,9890.0,9900.0,9880.0,9900.0,418,0.0,0.0
2024-08-06 12:17:00+09:00,9900.0,9900.0,9900.0,9900.0,1071,0.0,0.0
2024-08-06 12:18:00+09:00,9910.0,9940.0,9860.0,9900.0,2401,0.0,0.0
2024-08-06 12:19:00+09:00,9900.0,9900.0,9900.0,9900.0,0,0.0,0.0
2024-08-06 12:20:00+09:00,9900.0,9900.0,9900.0,9900.0,0,0.0,0.0
2024-08-06 12:21:00+09:00,9870.0,9880.0,9870.0,9880.0,255842,0.0,0.0
2024-08-06 12:22:00+09:00,9870.0,9890.0,9870.0,9890.0,110,0.0,0.0
2024-08-06 12:23:00+09:00,9890.0,9890.0,9890.0,9890.0,106,0.0,0.0
2024-08-06 12:24:00+09:00,9890.0,9890.0,9850.0,9850.0,1012,0.0,0.0
2024-08-06 12:25:00+09:00,9850.0,9850.0,9770.0,9770.0,53,0.0,0.0
2024-08-06 12:27:00+09:00,9790.0,9790.0,9790.0,9790.0,2,0.0,0.0
2024-08-06 12:28:00+09:00,9790.0,9800.0,9790.0,9800.0,48,0.0,0.0
2024-08-06 12:29:00+09:00,9800.0,9890.0,9800.0,9890.0,332,0.0,0.0
2024-08-06 12:30:00+09:00,9820.0,9820.0,9820.0,9820.0,302,0.0,0.0
2024-08-06 12:31:00+09:00,9800.0,9800.0,9800.0,9800.0,0,0.0,0.0
2024-08-06 12:32:00+09:00,9810.0,9890.0,9810.0,9890.0,199,0.0,0.0
2024-08-06 12:35:00+09:00,9820.0,9820.0,9820.0,9820.0,77,0.0,0.0
2024-08-06 12:36:00+09:00,9820.0,9820.0,9820.0,9820.0,42,0.0,0.0
2024-08-06 12:37:00+09:00,9810.0,9810.0,9810.0,9810.0,140,0.0,0.0
2024-08-06 12:38:00+09:00,9810.0,9810.0,9800.0,9800.0,74,0.0,0.0
2024-08-06 12:39:00+09:00,9800.0,9810.0,9800.0,9810.0,144,0.0,0.0
2024-08-06 12:40:00+09:00,9810.0,9810.0,9780.0,9810.0,410,0.0,0.0
2024-08-06 12:41:00+09:00,9820.0,9820.0,9820.0,9820.0,0,0.0,0.0
2024-08-06 12:43:00+09:00,9830.0,9830.0,9830.0,9830.0,3,0.0,0.0
2024-08-06 12:44:00+09:00,9820.0,9820.0,9820.0,9820.0,97,0.0,0.0
2024-08-06 12:46:00+09:00,9820.0,9830.0,9820.0,9820.0,215,0.0,0.0
2024-08-06 12:48:00+09:00,9820.0,9820.0,9820.0,9820.0,265,0.0,0.0
2024-08-06 12:50:00+09:00,9820.0,9820.0,9810.0,9810.0,721,0.0,0.0
2024-08-06 12:51:00+09:00,9810.0,9810.0,9810.0,9810.0,0,0.0,0.0
2024-08-06 12:53:00+09:00,9830.0,9830.0,9830.0,9830.0,44,0.0,0.0
2024-08-06 12:55:00+09:00,9830.0,9960.0,9830.0,9960.0,8871,0.0,0.0
2024-08-06 12:56:00+09:00,9960.0,9960.0,9870.0,9930.0,236,0.0,0.0
2024-08-06 12:58:00+09:00,9900.0,9900.0,9890.0,9890.0,1412,0.0,0.0
2024-08-06 12:59:00+09:00,9940.0,9950.0,9940.0,9950.0,493,0.0,0.0
2024-08-06 13:01:00+09:00,9920.0,9940.0,9920.0,9940.0,0,0.0,0.0
2024-08-06 13:02:00+09:00,9940.0,9940.0,9780.0,9900.0,5777,0.0,0.0
2024-08-06 13:03:00+09:00,9890.0,9890.0,9890.0,9890.0,0,0.0,0.0
2024-08-06 13:04:00+09:00,9900.0,9920.0,9900.0,9920.0,148,0.0,0.0
2024-08-06 13:05:00+09:00,9920.0,9920.0,9900.0,9900.0,46,0.0,0.0
2024-08-06 13:06:00+09:00,9910.0,9910.0,9910.0,9910.0,55,0.0,0.0
2024-08-06 13:09:00+09:00,9860.0,9860.0,9850.0,9850.0,503,0.0,0.0
2024-08-06 13:10:00+09:00,9860.0,9870.0,9860.0,9870.0,42,0.0,0.0
2024-08-06 13:11:00+09:00,9880.0,9880.0,9880.0,9880.0,0,0.0,0.0
2024-08-06 13:12:00+09:00,9900.0,9900.0,9900.0,9900.0,67,0.0,0.0
2024-08-06 13:13:00+09:00,9900.0,9900.0,9900.0,9900.0,166,0.0,0.0
2024-08-06 13:14:00+09:00,9910.0,9960.0,9910.0,9920.0,1673,0.0,0.0
2024-08-06 13:15:00+09:00,9920.0,9920.0,9920.0,9920.0,12,0.0,0.0
2024-08-06 13:16:00+09:00,9950.0,9950.0,9930.0,9930.0,22,0.0,0.0
2024-08-06 13:17:00+09:00,9940.0,9950.0,9940.0,9950.0,361,0.0,0.0
2024-08-06 13:18:00+09:00,9960.0,10100.0,9960.0,10000.0,10036,0.0,0.0
2024-08-06 13:19:00+09:00,10060.0,10060.0,10060.0,10060.0,0,0.0,0.0
2024-08-06 13:20:00+09:00,10060.0,10150.0,10060.0,10120.0,3512,0.0,0.0
2024-08-06 13:21:00+09:00,10140.0,10150.0,10120.0,10150.0,382,0.0,0.0
2024-08-06 13:22:00+09:00,10110.0,10110.0,10100.0,10100.0,3820,0.0,0.0
2024-08-06 13:23:00+09:00,10090.0,10140.0,10070.0,10080.0,176,0.0,0.0
2024-08-06 13:24:00+09:00,10030.0,10140.0,10010.0,10030.0,1081,0.0,0.0
2024-08-06 13:25:00+09:00,10090.0,10090.0,10040.0,10040.0,0,0.0,0.0
2024-08-06 13:26:00+09:00,10040.0,10090.0,10040.0,10090.0,0,0.0,0.0
2024-08-06 13:27:00+09:00,10040.0,10090.0,10040.0,10040.0,12,0.0,0.0
2024-08-06 13:29:00+09:00,10040.0,10080.0,10010.0,10080.0,493,0.0,0.0
2024-08-06 13:30:00+09:00,10020.0,10070.0,10000.0,10000.0,375,0.0,0.0
2024-08-06 13:31:00+09:00,10020.0,10020.0,10020.0,10020.0,58,0.0,0.0
2024-08-06 13:32:00+09:00,10010.0,10020.0,10010.0,10020.0,0,0.0,0.0
2024-08-06 13:33:00+09:00,10020.0,10040.0,10020.0,10020.0,741,0.0,0.0
2024-08-06 13:34:00+09:00,10020.0,10020.0,10000.0,10000.0,979,0.0,0.0
2024-08-06 13:35:00+09:00,9990.0,9990.0,9990.0,9990.0,1150,0.0,0.0
2024-08-06 13:36:00+09:00,9990.0,10000.0,9990.0,10000.0,0,0.0,0.0
2024-08-06 13:37:00+09:00,10030.0,10030.0,10000.0,10000.0,332,0.0,0.0
2024-08-06 13:39:00+09:00,10020.0,10020.0,10020.0,10020.0,0,0.0,0.0
2024-08-06 13:40:00+09:00,10000.0,10000.0,9990.0,10000.0,373,0.0,0.0
2024-08-06 13:41:00+09:00,9990.0,10010.0,9990.0,10010.0,0,0.0,0.0
2024-08-06 13:42:00+09:00,9980.0,9980.0,9960.0,9960.0,8,0.0,0.0
2024-08-06 13:43:00+09:00,10000.0,10000.0,10000.0,10000.0,34,0.0,0.0
2024-08-06 13:44:00+09:00,10000.0,10010.0,10000.0,10010.0,150,0.0,0.0
2024-08-06 13:45:00+09:00,10020.0,10030.0,10020.0,10030.0,499,0.0,0.0
2024-08-06 13:46:00+09:00,10040.0,10050.0,10040.0,10050.0,241,0.0,0.0
2024-08-06 13:48:00+09:00,10040.0,10040.0,10040.0,10040.0,200,0.0,0.0
2024-08-06 13:49:00+09:00,10030.0,10030.0,10030.0,10030.0,0,0.0,0.0
2024-08-06 13:50:00+09:00,10010.0,10010.0,10010.0,10010.0,776,0.0,0.0
2024-08-06 13:51:00+09:00,10010.0,10010.0,9980.0,9980.0,937,0.0,0.0
2024-08-06 13:52:00+09:00,10000.0,10010.0,9980.0,9980.0,725,0.0,0.0
2024-08-06 13:54:00+09:00,10020.0,10080.0,10020.0,10080.0,1549,0.0,0.0
2024-08-06 13:55:00+09:00,10080.0,10080.0,10080.0,10080.0,174,0.0,0.0
2024-08-06 13:57:00+09:00,10080.0,10080.0,10080.0,10080.0,0,0.0,0.0
2024-08-06 14:00:00+09:00,10010.0,10050.0,10010.0,10050.0,142,0.0,0.0
2024-08-06 14:01:00+09:00,10050.0,10060.0,10050.0,10050.0,99,0.0,0.0
2024-08-06 14:02:00+09:00,10060.0,10060.0,10060.0,10060.0,46,0.0,0.0
2024-08-06 14:03:00+09:00,10060.0,10060.0,10060.0,10060.0,724,0.0,0.0
2024-08-06 14:05:00+09:00,10020.0,10020.0,10010.0,10010.0,0,0.0,0.0
2024-08-06 14:06:00+09:00,10010.0,10010.0,10010.0,10010.0,35,0.0,0.0
2024-08-06 14:07:00+09:00,10010.0,10060.0,9990.0,9990.0,1234,0.0,0.0
2024-08-06 14:08:00+09:00,10010.0,10010.0,10010.0,10010.0,0,0.0,0.0
2024-08-06 14:11:00+09:00,9980.0,9980.0,9980.0,9980.0,282,0.0,0.0
2024-08-06 14:12:00+09:00,9980.0,9980.0,9950.0,9950.0,7330,0.0,0.0
2024-08-06 14:13:00+09:00,9950.0,9960.0,9950.0,9960.0,0,0.0,0.0
2024-08-06 14:14:00+09:00,9970.0,9970.0,9970.0,9970.0,0,0.0,0.0
2024-08-06 14:15:00+09:00,9950.0,9950.0,9950.0,9950.0,220,0.0,0.0
2024-08-06 14:16:00+09:00,9950.0,9950.0,9930.0,9930.0,731,0.0,0.0
2024-08-06 14:17:00+09:00,9940.0,9940.0,9930.0,9930.0,63,0.0,0.0
2024-08-06 14:18:00+09:00,9930.0,9940.0,9920.0,9920.0,3462,0.0,0.0
2024-08-06 14:19:00+09:00,9930.0,9930.0,9930.0,9930.0,287,0.0,0.0
2024-08-06 14:20:00+09:00,9950.0,9950.0,9950.0,9950.0,30,0.0,0.0
2024-08-06 14:21:00+09:00,9970.0,9980.0,9970.0,9980.0,3097,0.0,0.0
2024-08-06 14:22:00+09:00,9990.0,9990.0,9990.0,9990.0,313,0.0,0.0
2024-08-06 14:23:00+09:00,10000.0,10000.0,9990.0,9990.0,944,0.0,0.0
2024-08-06 14:24:00+09:00,9990.0,9990.0,9990.0,9990.0,0,0.0,0.0
2024-08-06 14:25:00+09:00,9980.0,10060.0,9980.0,10060.0,1175,0.0,0.0
2024-08-06 14:28:00+09:00,9980.0,9980.0,9980.0,9980.0,29,0.0,0.0
2024-08-06 14:29:00+09:00,9980.0,9980.0,9980.0,9980.0,0,0.0,0.0
2024-08-06 14:30:00+09:00,9970.0,9970.0,9970.0,9970.0,28,0.0,0.0
2024-08-06 14:31:00+09:00,9970.0,9980.0,9970.0,9980.0,196,0.0,0.0
2024-08-06 14:32:00+09:00,9990.0,9990.0,9950.0,9950.0,828,0.0,0.0
2024-08-06 14:33:00+09:00,9990.0,9990.0,9990.0,9990.0,0,0.0,0.0
2024-08-06 14:34:00+09:00,9990.0,9990.0,9990.0,9990.0,86,0.0,0.0
2024-08-06 14:35:00+09:00,9980.0,9980.0,9980.0,9980.0,83,0.0,0.0
2024-08-06 14:36:00+09:00,9990.0,9990.0,9990.0,9990.0,6,0.0,0.0
2024-08-06 14:37:00+09:00,9960.0,9960.0,9960.0,9960.0,98,0.0,0.0
2024-08-06 14:38:00+09:00,9960.0,9970.0,9960.0,9970.0,397,0.0,0.0
2024-08-06 14:39:00+09:00,9990.0,10000.0,9970.0,10000.0,238,0.0,0.0
2024-08-06 14:40:00+09:00,10000.0,10000.0,10000.0,10000.0,0,0.0,0.0
2024-08-06 14:41:00+09:00,9980.0,10000.0,9980.0,10000.0,272,0.0,0.0
2024-08-06 14:43:00+09:00,9990.0,9990.0,9990.0,9990.0,0,0.0,0.0
2024-08-06 14:44:00+09:00,9990.0,10040.0,9990.0,10040.0,71,0.0,0.0
2024-08-06 14:45:00+09:00,9990.0,9990.0,9970.0,9970.0,3676,0.0,0.0
2024-08-06 14:46:00+09:00,10010.0,10010.0,10010.0,10010.0,123,0.0,0.0
2024-08-06 14:47:00+09:00,10020.0,10030.0,10020.0,10030.0,79,0.0,0.0
2024-08-06 14:48:00+09:00,9980.0,9980.0,9980.0,9980.0,0,0.0,0.0
2024-08-06 14:49:00+09:00,10020.0,10030.0,10020.0,10030.0,55,0.0,0.0
2024-08-06 14:50:00+09:00,10000.0,10000.0,10000.0,10000.0,0,0.0,0.0
2024-08-06 14:52:00+09:00,10020.0,10050.0,10020.0,10050.0,938,0.0,0.0
2024-08-06 14:53:00+09:00,10050.0,10090.0,10050.0,10090.0,3253,0.0,0.0
2024-08-06 14:54:00+09:00,10090.0,10110.0,10090.0,10110.0,935,0.0,0.0
2024-08-06 14:55:00+09:00,10120.0,10160.0,10120.0,10140.0,4458,0.0,0.0
2024-08-06 14:56:00+09:00,10160.0,10160.0,10110.0,10110.0,779,0.0,0.0
2024-08-06 14:57:00+09:00,10110.0,10110.0,10100.0,10100.0,1770,0.0,0.0
2024-08-06 14:58:00+09:00,10040.0,10140.0,10040.0,10040.0,743,0.0,0.0
2024-08-06 14:59:00+09:00,10040.0,10080.0,10030.0,10080.0,1053,0.0,0.0
2024-08-07 09:00:00+09:00,10210.0,10230.0,10130.0,10200.0,5224,0.0,0.0
2024-08-07 09:01:00+09:00,10210.0,10250.0,10130.0,10220.0,4219,0.0,0.0
2024-08-07 09:02:00+09:00,10170.0,10350.0,10150.0,10350.0,2563,0.0,0.0
2024-08-07 09:03:00+09:00,10390.0,10390.0,10250.0,10250.0,957,0.0,0.0
2024-08-07 09:04:00+09:00,10220.0,10260.0,10180.0,10260.0,1122,0.0,0.0
2024-08-07 09:05:00+09:00,10300.0,10410.0,10300.0,10370.0,2135,0.0,0.0
2024-08-07 09:06:00+09:00,10430.0,10470.0,10340.0,10380.0,2496,0.0,0.0
2024-08-07 09:07:00+09:00,10380.0,10470.0,10320.0,10470.0,2018,0.0,0.0
2024-08-07 09:08:00+09:00,10470.0,10700.0,10450.0,10700.0,10680,0.0,0.0
2024-08-07 09:09:00+09:00,10670.0,10720.0,10610.0,10630.0,7046,0.0,0.0
2024-08-07 09:10:00+09:00,10690.0,10690.0,10580.0,10590.0,3397,0.0,0.0
2024-08-07 09:11:00+09:00,10600.0,10700.0,10600.0,10700.0,2393,0.0,0.0
2024-08-07 09:12:00+09:00,10700.0,10710.0,10630.0,10630.0,3039,0.0,0.0
2024-08-07 09:13:00+09:00,10700.0,10710.0,10690.0,10690.0,2603,0.0,0.0
2024-08-07 09:14:00+09:00,10690.0,10700.0,10680.0,10700.0,1628,0.0,0.0
2024-08-07 09:15:00+09:00,10700.0,10710.0,10690.0,10690.0,1323,0.0,0.0
2024-08-07 09:16:00+09:00,10680.0,10730.0,10680.0,10720.0,2788,0.0,0.0
2024-08-07 09:17:00+09:00,10720.0,10740.0,10710.0,10740.0,971,0.0,0.0
2024-08-07 09:18:00+09:00,10720.0,10790.0,10720.0,10790.0,3479,0.0,0.0
2024-08-07 09:19:00+09:00,10800.0,10840.0,10800.0,10840.0,2042,0.0,0.0
2024-08-07 09:20:00+09:00,10830.0,10880.0,10830.0,10880.0,2271,0.0,0.0
2024-08-07 09:21:00+09:00,10890.0,10950.0,10860.0,10860.0,6989,0.0,0.0
2024-08-07 09:22:00+09:00,10850.0,10930.0,10850.0,10920.0,797,0.0,0.0
2024-08-07 09:23:00+09:00,10920.0,10930.0,10870.0,10930.0,2867,0.0,0.0
2024-08-07 09:24:00+09:00,10900.0,10930.0,10830.0,10830.0,3699,0.0,0.0
2024-08-07 09:25:00+09:00,10820.0,10840.0,10790.0,10790.0,2341,0.0,0.0
2024-08-07 09:26:00+09:00,10790.0,10800.0,10790.0,10800.0,3372,0.0,0.0
2024-08-07 09:27:00+09:00,10840.0,10920.0,10840.0,10900.0,1002,0.0,0.0
2024-08-07 09:28:00+09:00,10890.0,10900.0,10890.0,10900.0,577,0.0,0.0
2024-08-07 09:29:00+09:00,10860.0,10860.0,10770.0,10840.0,511,0.0,0.0
2024-08-07 09:30:00+09:00,10840.0,10940.0,10840.0,10940.0,3884,0.0,0.0
2024-08-07 09:31:00+09:00,10940.0,10940.0,10880.0,10930.0,1081,0.0,0.0
2024-08-07 09:32:00+09:00,10930.0,10940.0,10930.0,10930.0,1926,0.0,0.0
2024-08-07 09:33:00+09:00,10930.0,10930.0,10790.0,10790.0,1531,0.0,0.0
2024-08-07 09:34:00+09:00,10830.0,10920.0,10830.0,10920.0,870,0.0,0.0
2024-08-07 09:35:00+09:00,10920.0,10920.0,10910.0,10910.0,810,0.0,0.0
2024-08-07 09:36:00+09:00,10870.0,10870.0,10870.0,10870.0,0,0.0,0.0
2024-08-07 09:37:00+09:00,10860.0,10900.0,10830.0,10830.0,2559,0.0,0.0
2024-08-07 09:38:00+09:00,10830.0,10830.0,10830.0,10830.0,2151,0.0,0.0
2024-08-07 09:39:00+09:00,10830.0,10830.0,10830.0,10830.0,0,0.0,0.0
2024-08-07 09:40:00+09:00,10830.0,10830.0,10830.0,10830.0,1,0.0,0.0
2024-08-07 09:42:00+09:00,10830.0,10850.0,10830.0,10850.0,988,0.0,0.0
2024-08-07 09:45:00+09:00,10860.0,10860.0,10860.0,10860.0,316,0.0,0.0
2024-08-07 09:46:00+09:00,10860.0,10860.0,10850.0,10850.0,133,0.0,0.0
2024-08-07 09:47:00+09:00,10850.0,10850.0,10850.0,10850.0,1847,0.0,0.0
2024-08-07 09:48:00+09:00,10850.0,10850.0,10850.0,10850.0,3518,0.0,0.0
2024-08-07 09:49:00+09:00,10850.0,10850.0,10850.0,10850.0,5577,0.0,0.0
2024-08-07 09:50:00+09:00,10850.0,10850.0,10850.0,10850.0,0,0.0,0.0
2024-08-07 09:51:00+09:00,10850.0,10850.0,10820.0,10820.0,725,0.0,0.0
2024-08-07 09:52:00+09:00,10820.0,10820.0,10790.0,10800.0,792,0.0,0.0
2024-08-07 09:53:00+09:00,10790.0,10790.0,10780.0,10780.0,2124,0.0,0.0
2024-08-07 09:54:00+09:00,10780.0,10800.0,10740.0,10750.0,2202,0.0,0.0
2024-08-07 09:55:00+09:00,10750.0,10850.0,10750.0,10820.0,1026,0.0,0.0
2024-08-07 09:56:00+09:00,10860.0,10860.0,10860.0,10860.0,19,0.0,0.0
2024-08-07 09:57:00+09:00,10850.0,10860.0,10850.0,10860.0,118,0.0,0.0
2024-08-07 09:58:00+09:00,10860.0,10860.0,10860.0,10860.0,296,0.0,0.0
2024-08-07 09:59:00+09:00,10810.0,10870.0,10810.0,10820.0,572,0.0,0.0
2024-08-07 10:00:00+09:00,10820.0,10820.0,10820.0,10820.0,1,0.0,0.0
2024-08-07 10:01:00+09:00,10820.0,10820.0,10820.0,10820.0,9,0.0,0.0
2024-08-07 10:02:00+09:00,10870.0,10870.0,10820.0,10820.0,0,0.0,0.0
2024-08-07 10:03:00+09:00,10860.0,10870.0,10820.0,10820.0,476,0.0,0.0
2024-08-07 10:04:00+09:00,10820.0,10820.0,10820.0,10820.0,292,0.0,0.0
2024-08-07 10:05:00+09:00,10820.0,10880.0,10820.0,10820.0,716,0.0,0.0
2024-08-07 10:06:00+09:00,10880.0,10880.0,10820.0,10820.0,667,0.0,0.0
2024-08-07 10:07:00+09:00,10820.0,10820.0,10820.0,10820.0,0,0.0,0.0
2024-08-07 10:09:00+09:00,10820.0,10820.0,10790.0,10790.0,624,0.0,0.0
2024-08-07 10:10:00+09:00,10800.0,10800.0,10790.0,10790.0,6,0.0,0.0
2024-08-07 10:11:00+09:00,10790.0,10790.0,10770.0,10770.0,1437,0.0,0.0
2024-08-07 10:12:00+09:00,10760.0,10760.0,10730.0,10730.0,1433,0.0,0.0
2024-08-07 10:13:00+09:00,10740.0,10740.0,10730.0,10730.0,599,0.0,0.0
2024-08-07 10:14:00+09:00,10730.0,10740.0,10690.0,10700.0,9803,0.0,0.0
2024-08-07 10:15:00+09:00,10710.0,10710.0,10700.0,10700.0,2275,0.0,0.0
2024-08-07 10:16:00+09:00,10710.0,10710.0,10710.0,10710.0,0,0.0,0.0
2024-08-07 10:17:00+09:00,10710.0,10710.0,10700.0,10700.0,240,0.0,0.0
2024-08-07 10:18:00+09:00,10710.0,10720.0,10710.0,10710.0,0,0.0,0.0
2024-08-07 10:19:00+09:00,10750.0,10750.0,10710.0,10720.0,90,0.0,0.0
2024-08-07 10:20:00+09:00,10760.0,10770.0,10720.0,10720.0,719,0.0,0.0
2024-08-07 10:21:00+09:00,10750.0,10850.0,10750.0,10850.0,1459,0.0,0.0
2024-08-07 10:22:00+09:00,10850.0,10850.0,10850.0,10850.0,39,0.0,0.0
2024-08-07 10:23:00+09:00,10850.0,10870.0,10820.0,10870.0,1276,0.0,0.0
2024-08-07 10:24:00+09:00,10880.0,10890.0,10870.0,10870.0,1384,0.0,0.0
2024-08-07 10:25:00+09:00,10870.0,10900.0,10870.0,10900.0,42,0.0,0.0
2024-08-07 10:26:00+09:00,10900.0,10900.0,10900.0,10900.0,199,0.0,0.0
2024-08-07 10:27:00+09:00,10850.0,10850.0,10840.0,10840.0,0,0.0,0.0
2024-08-07 10:28:00+09:00,10820.0,10820.0,10800.0,10800.0,1055,0.0,0.0
2024-08-07 10:29:00+09:00,10840.0,10840.0,10840.0,10840.0,0,0.0,0.0
2024-08-07 10:30:00+09:00,10840.0,10840.0,10840.0,10840.0,0,0.0,0.0
2024-08-07 10:34:00+09:00,10830.0,10830.0,10830.0,10830.0,14,0.0,0.0
2024-08-07 10:35:00+09:00,10840.0,10840.0,10810.0,10810.0,856,0.0,0.0
2024-08-07 10:36:00+09:00,10810.0,10810.0,10800.0,10800.0,1056,0.0,0.0
2024-08-07 10:37:00+09:00,10830.0,10830.0,10830.0,10830.0,115,0.0,0.0
2024-08-07 10:38:00+09:00,10830.0,10840.0,10830.0,10840.0,1176,0.0,0.0
2024-08-07 10:40:00+09:00,10840.0,10840.0,10840.0,10840.0,507,0.0,0.0
2024-08-07 10:41:00+09:00,10840.0,10840.0,10840.0,10840.0,13,0.0,0.0
2024-08-07 10:42:00+09:00,10840.0,10840.0,10840.0,10840.0,993,0.0,0.0
2024-08-07 10:43:00+09:00,10860.0,10860.0,10860.0,10860.0,0,0.0,0.0
2024-08-07 10:44:00+09:00,10860.0,10860.0,10860.0,10860.0,1074,0.0,0.0
2024-08-07 10:45:00+09:00,10860.0,10860.0,10860.0,10860.0,0,0.0,0.0
2024-08-07 10:46:00+09:00,10850.0,10850.0,10840.0,10840.0,18,0.0,0.0
2024-08-07 10:47:00+09:00,10840.0,10840.0,10840.0,10840.0,0,0.0,0.0
2024-08-07 10:49:00+09:00,10840.0,10840.0,10840.0,10840.0,338,0.0,0.0
2024-08-07 10:51:00+09:00,10850.0,10850.0,10840.0,10840.0,0,0.0,0.0
2024-08-07 10:52:00+09:00,10850.0,10850.0,10840.0,10840.0,202,0.0,0.0
2024-08-07 10:53:00+09:00,10840.0,10850.0,10840.0,10850.0,408,0.0,0.0
2024-08-07 10:54:00+09:00,10850.0,10850.0,10850.0,10850.0,100,0.0,0.0
2024-08-07 10:55:00+09:00,10850.0,10850.0,10850.0,10850.0,10,0.0,0.0
2024-08-07 10:57:00+09:00,10850.0,10850.0,10840.0,10840.0,661,0.0,0.0
2024-08-07 10:58:00+09:00,10790.0,10790.0,10790.0,10790.0,204,0.0,0.0
2024-08-07 11:00:00+09:00,10820.0,10820.0,10820.0,10820.0,0,0.0,0.0
2024-08-07 11:02:00+09:00,10820.0,10850.0,10810.0,10810.0,1955,0.0,0.0
2024-08-07 11:03:00+09:00,10800.0,10800.0,10800.0,10800.0,0,0.0,0.0
2024-08-07 11:04:00+09:00,10800.0,10800.0,10800.0,10800.0,508,0.0,0.0
2024-08-07 11:06:00+09:00,10800.0,10800.0,10800.0,10800.0,7,0.0,0.0
2024-08-07 11:08:00+09:00,10840.0,10850.0,10840.0,10850.0,20,0.0,0.0
2024-08-07 11:09:00+09:00,10870.0,10870.0,10870.0,10870.0,41,0.0,0.0
2024-08-07 11:10:00+09:00,10860.0,10890.0,10860.0,10890.0,525,0.0,0.0
2024-08-07 11:11:00+09:00,10850.0,10900.0,10850.0,10900.0,0,0.0,0.0
2024-08-07 11:12:00+09:00,10900.0,10900.0,10900.0,10900.0,205,0.0,0.0
2024-08-07 11:13:00+09:00,10900.0,10900.0,10900.0,10900.0,267,0.0,0.0
2024-08-07 11:14:00+09:00,10890.0,10890.0,10890.0,10890.0,0,0.0,0.0
2024-08-07 11:15:00+09:00,10860.0,10860.0,10860.0,10860.0,175,0.0,0.0
2024-08-07 11:16:00+09:00,10850.0,10850.0,10830.0,10830.0,429,0.0,0.0
2024-08-07 11:17:00+09:00,10830.0,10830.0,10800.0,10800.0,1535,0.0,0.0
2024-08-07 11:19:00+09:00,10820.0,10840.0,10800.0,10840.0,842,0.0,0.0
2024-08-07 11:21:00+09:00,10850.0,10850.0,10850.0,10850.0,101,0.0,0.0
2024-08-07 11:22:00+09:00,10880.0,10880.0,10880.0,10880.0,0,0.0,0.0
2024-08-07 11:24:00+09:00,10880.0,10880.0,10880.0,10880.0,316,0.0,0.0
2024-08-07 11:25:00+09:00,10880.0,10900.0,10880.0,10900.0,1854,0.0,0.0
2024-08-07 11:26:00+09:00,10920.0,10920.0,10920.0,10920.0,78,0.0,0.0
2024-08-07 11:28:00+09:00,10900.0,10900.0,10900.0,10900.0,1493,0.0,0.0
2024-08-07 11:29:00+09:00,10850.0,10950.0,10850.0,10950.0,2724,0.0,0.0
2024-08-07 11:30:00+09:00,10960.0,10980.0,10920.0,10920.0,93,0.0,0.0
2024-08-07 11:33:00+09:00,10920.0,10920.0,10920.0,10920.0,7,0.0,0.0
2024-08-07 11:34:00+09:00,10920.0,10920.0,10920.0,10920.0,46,0.0,0.0
2024-08-07 11:35:00+09:00,10920.0,10970.0,10900.0,10970.0,530,0.0,0.0
2024-08-07 11:37:00+09:00,10910.0,10910.0,10910.0,10910.0,0,0.0,0.0
2024-08-07 11:38:00+09:00,10900.0,10900.0,10900.0,10900.0,500,0.0,0.0
2024-08-07 11:40:00+09:00,10950.0,10950.0,10950.0,10950.0,0,0.0,0.0
2024-08-07 11:41:00+09:00,10900.0,10900.0,10900.0,10900.0,141,0.0,0.0
2024-08-07 11:44:00+09:00,10890.0,10890.0,10890.0,10890.0,0,0.0,0.0
2024-08-07 11:45:00+09:00,10890.0,10890.0,10890.0,10890.0,199,0.0,0.0
2024-08-07 11:46:00+09:00,10900.0,10900.0,10900.0,10900.0,395,0.0,0.0
2024-08-07 11:48:00+09:00,10900.0,10900.0,10900.0,10900.0,0,0.0,0.0
2024-08-07 11:50:00+09:00,10900.0,10900.0,10900.0,10900.0,156,0.0,0.0
2024-08-07 11:51:00+09:00,10930.0,10930.0,10930.0,10930.0,35,0.0,0.0
2024-08-07 11:52:00+09:00,10930.0,10930.0,10930.0,10930.0,0,0.0,0.0
2024-08-07 11:54:00+09:00,10910.0,10910.0,10880.0,10880.0,601,0.0,0.0
2024-08-07 11:55:00+09:00,10940.0,10940.0,10940.0,10940.0,0,0.0,0.0
2024-08-07 11:57:00+09:00,10900.0,10900.0,10900.0,10900.0,171,0.0,0.0
2024-08-07 11:58:00+09:00,10940.0,10940.0,10940.0,10940.0,0,0.0,0.0
2024-08-07 11:59:00+09:00,10940.0,10940.0,10890.0,10890.0,22,0.0,0.0
2024-08-07 12:00:00+09:00,10890.0,10890.0,10870.0,10870.0,464,0.0,0.0
2024-08-07 12:01:00+09:00,10870.0,10870.0,10870.0,10870.0,0,0.0,0.0
2024-08-07 12:03:00+09:00,10880.0,10880.0,10880.0,10880.0,2,0.0,0.0
2024-08-07 12:04:00+09:00,10870.0,10870.0,10870.0,10870.0,1,0.0,0.0
2024-08-07 12:06:00+09:00,10880.0,10880.0,10870.0,10870.0,2,0.0,0.0
2024-08-07 12:10:00+09:00,10870.0,10870.0,10860.0,10860.0,610,0.0,0.0
2024-08-07 12:11:00+09:00,10900.0,10900.0,10880.0,10880.0,0,0.0,0.0
2024-08-07 12:12:00+09:00,10900.0,10900.0,10900.0,10900.0,99,0.0,0.0
2024-08-07 12:19:00+09:00,10880.0,10900.0,10870.0,10870.0,889,0.0,0.0
2024-08-07 12:20:00+09:00,10870.0,10870.0,10870.0,10870.0,0,0.0,0.0
2024-08-07 12:32:00+09:00,10920.0,10920.0,10920.0,10920.0,300,0.0,0.0
2024-08-07 12:34:00+09:00,10920.0,10920.0,10890.0,10890.0,29,0.0,0.0
2024-08-07 12:35:00+09:00,10890.0,10890.0,10880.0,10880.0,351,0.0,0.0
2024-08-07 12:36:00+09:00,10880.0,10880.0,10880.0,10880.0,0,0.0,0.0
2024-08-07 12:37:00+09:00,10880.0,10880.0,10880.0,10880.0,30,0.0,0.0
2024-08-07 12:43:00+09:00,10880.0,10880.0,10880.0,10880.0,200,0.0,0.0
2024-08-07 12:45:00+09:00,10880.0,10880.0,10880.0,10880.0,0,0.0,0.0
2024-08-07 12:46:00+09:00,10880.0,10880.0,10880.0,10880.0,200,0.0,0.0
2024-08-07 12:47:00+09:00,10880.0,10880.0,10880.0,10880.0,0,0.0,0.0
2024-08-07 12:50:00+09:00,10890.0,10890.0,10880.0,10880.0,1146,0.0,0.0
2024-08-07 12:51:00+09:00,10880.0,10880.0,10880.0,10880.0,0,0.0,0.0
2024-08-07 12:52:00+09:00,10880.0,10880.0,10870.0,10870.0,1019,0.0,0.0
2024-08-07 12:53:00+09:00,10880.0,10880.0,10880.0,10880.0,600,0.0,0.0
2024-08-07 12:57:00+09:00,10880.0,10920.0,10870.0,10870.0,0,0.0,0.0
2024-08-07 12:59:00+09:00,10920.0,10920.0,10920.0,10920.0,0,0.0,0.0
2024-08-07 13:02:00+09:00,10920.0,10920.0,10920.0,10920.0,236,0.0,0.0
2024-08-07 13:03:00+09:00,10880.0,10880.0,10880.0,10880.0,63,0.0,0.0
2024-08-07 13:05:00+09:00,10870.0,10870.0,10870.0,10870.0,0,0.0,0.0
2024-08-07 13:06:00+09:00,10870.0,10870.0,10870.0,10870.0,0,0.0,0.0
2024-08-07 13:13:00+09:00,10870.0,10870.0,10870.0,10870.0,45,0.0,0.0
2024-08-07 13:14:00+09:00,10870.0,10870.0,10860.0,10860.0,178,0.0,0.0
2024-08-07 13:17:00+09:00,10860.0,10860.0,10860.0,10860.0,702,0.0,0.0
2024-08-07 13:18:00+09:00,10850.0,10850.0,10800.0,10800.0,4191,0.0,0.0
2024-08-07 13:19:00+09:00,10810.0,10820.0,10810.0,10820.0,151,0.0,0.0
2024-08-07 13:20:00+09:00,10830.0,10860.0,10830.0,10860.0,403,0.0,0.0
2024-08-07 13:21:00+09:00,10860.0,10860.0,10860.0,10860.0,0,0.0,0.0
2024-08-07 13:23:00+09:00,10860.0,10870.0,10860.0,10870.0,6,0.0,0.0
2024-08-07 13:25:00+09:00,10870.0,10870.0,10870.0,10870.0,58,0.0,0.0
2024-08-07 13:26:00+09:00,10870.0,10870.0,10870.0,10870.0,0,0.0,0.0
2024-08-07 13:27:00+09:00,10870.0,10870.0,10870.0,10870.0,187,0.0,0.0
2024-08-07 13:28:00+09:00,10880.0,10880.0,10880.0,10880.0,129,0.0,0.0
2024-08-07 13:29:00+09:00,10890.0,10890.0,10880.0,10880.0,486,0.0,0.0
2024-08-07 13:31:00+09:00,10880.0,10880.0,10880.0,10880.0,0,0.0,0.0
2024-08-07 13:32:00+09:00,10900.0,10910.0,10900.0,10910.0,926,0.0,0.0
2024-08-07 13:33:00+09:00,10910.0,10920.0,10910.0,10920.0,731,0.0,0.0
2024-08-07 13:35:00+09:00,10920.0,10940.0,10920.0,10940.0,1005,0.0,0.0
2024-08-07 13:36:00+09:00,10940.0,10940.0,10940.0,10940.0,8,0.0,0.0
2024-08-07 13:37:00+09:00,10880.0,10880.0,10880.0,10880.0,332,0.0,0.0
2024-08-07 13:38:00+09:00,10880.0,10880.0,10880.0,10880.0,241,0.0,0.0
2024-08-07 13:41:00+09:00,10880.0,10880.0,10880.0,10880.0,0,0.0,0.0
2024-08-07 13:44:00+09:00,10910.0,10920.0,10910.0,10920.0,29,0.0,0.0
2024-08-07 13:48:00+09:00,10920.0,10920.0,10920.0,10920.0,85,0.0,0.0
2024-08-07 13:49:00+09:00,10920.0,10920.0,10920.0,10920.0,2,0.0,0.0
2024-08-07 13:50:00+09:00,10920.0,10920.0,10880.0,10880.0,2004,0.0,0.0
2024-08-07 13:52:00+09:00,10890.0,10890.0,10890.0,10890.0,0,0.0,0.0
2024-08-07 13:53:00+09:00,10920.0,10920.0,10890.0,10890.0,3,0.0,0.0
2024-08-07 13:54:00+09:00,10890.0,10890.0,10890.0,10890.0,227,0.0,0.0
2024-08-07 13:55:00+09:00,10890.0,10890.0,10880.0,10880.0,313,0.0,0.0
2024-08-07 13:58:00+09:00,10880.0,10880.0,10880.0,10880.0,48,0.0,0.0
2024-08-07 13:59:00+09:00,10880.0,10880.0,10880.0,10880.0,159,0.0,0.0
2024-08-07 14:00:00+09:00,10900.0,10900.0,10900.0,10900.0,0,0.0,0.0
2024-08-07 14:01:00+09:00,10870.0,10870.0,10870.0,10870.0,497,0.0,0.0
2024-08-07 14:02:00+09:00,10840.0,10840.0,10840.0,10840.0,0,0.0,0.0
2024-08-07 14:03:00+09:00,10900.0,10900.0,10840.0,10840.0,50,0.0,0.0
2024-08-07 14:06:00+09:00,10890.0,10900.0,10860.0,10860.0,232,0.0,0.0
2024-08-07 14:07:00+09:00,10860.0,10860.0,10850.0,10850.0,878,0.0,0.0
2024-08-07 14:11:00+09:00,10860.0,10860.0,10860.0,10860.0,18,0.0,0.0
2024-08-07 14:12:00+09:00,10860.0,10860.0,10860.0,10860.0,450,0.0,0.0
2024-08-07 14:13:00+09:00,10870.0,10870.0,10870.0,10870.0,0,0.0,0.0
2024-08-07 14:14:00+09:00,10870.0,10870.0,10850.0,10850.0,337,0.0,0.0
2024-08-07 14:15:00+09:00,10870.0,10870.0,10870.0,10870.0,0,0.0,0.0
2024-08-07 14:17:00+09:00,10860.0,10860.0,10850.0,10860.0,2027,0.0,0.0
2024-08-07 14:18:00+09:00,10860.0,10860.0,10850.0,10850.0,886,0.0,0.0
2024-08-07 14:22:00+09:00,10850.0,10860.0,10850.0,10860.0,114,0.0,0.0
2024-08-07 14:24:00+09:00,10850.0,10910.0,10850.0,10910.0,2840,0.0,0.0
2024-08-07 14:25:00+09:00,10910.0,10910.0,10910.0,10910.0,0,0.0,0.0
2024-08-07 14:27:00+09:00,10910.0,10930.0,10910.0,10930.0,582,0.0,0.0
2024-08-07 14:28:00+09:00,10930.0,10930.0,10930.0,10930.0,0,0.0,0.0
2024-08-07 14:30:00+09:00,10930.0,10960.0,10930.0,10960.0,893,0.0,0.0
2024-08-07 14:31:00+09:00,10960.0,11040.0,10960.0,11040.0,4173,0.0,0.0
2024-08-07 14:32:00+09:00,11040.0,11050.0,11040.0,11050.0,1573,0.0,0.0
2024-08-07 14:33:00+09:00,11020.0,11050.0,11020.0,11050.0,0,0.0,0.0
2024-08-07 14:34:00+09:00,11050.0,11050.0,11050.0,11050.0,363,0.0,0.0
2024-08-07 14:35:00+09:00,11050.0,11050.0,10990.0,11050.0,406,0.0,0.0
2024-08-07 14:36:00+09:00,11010.0,11010.0,11010.0,11010.0,440,0.0,0.0
2024-08-07 14:37:00+09:00,11010.0,11010.0,10980.0,11000.0,176,0.0,0.0
2024-08-07 14:38:00+09:00,10970.0,10970.0,10970.0,10970.0,2,0.0,0.0
2024-08-07 14:39:00+09:00,10980.0,11050.0,10980.0,11050.0,1280,0.0,0.0
2024-08-07 14:40:00+09:00,11050.0,11060.0,11050.0,11060.0,385,0.0,0.0
2024-08-07 14:41:00+09:00,11060.0,11090.0,11060.0,11090.0,1358,0.0,0.0
2024-08-07 14:43:00+09:00,11090.0,11090.0,11090.0,11090.0,15,0.0,0.0
2024-08-07 14:44:00+09:00,11090.0,11090.0,11050.0,11080.0,103,0.0,0.0
2024-08-07 14:45:00+09:00,11060.0,11120.0,11050.0,11120.0,2877,0.0,0.0
2024-08-07 14:46:00+09:00,11080.0,11120.0,11080.0,11120.0,619,0.0,0.0
2024-08-07 14:47:00+09:00,11120.0,11130.0,11070.0,11080.0,1664,0.0,0.0
2024-08-07 14:48:00+09:00,11060.0,11060.0,11050.0,11050.0,545,0.0,0.0
2024-08-07 14:50:00+09:00,11080.0,11130.0,11030.0,11030.0,3234,0.0,0.0
2024-08-07 14:51:00+09:00,11030.0,11030.0,11010.0,11030.0,1040,0.0,0.0
2024-08-07 14:52:00+09:00,11000.0,11050.0,11000.0,11050.0,1431,0.0,0.0
2024-08-07 14:53:00+09:00,11030.0,11040.0,10990.0,11030.0,1884,0.0,0.0
2024-08-07 14:54:00+09:00,10960.0,10960.0,10950.0,10950.0,959,0.0,0.0
2024-08-07 14:55:00+09:00,10980.0,10980.0,10980.0,10980.0,1,0.0,0.0
2024-08-07 14:56:00+09:00,10980.0,11020.0,10980.0,11020.0,102,0.0,0.0
2024-08-07 14:57:00+09:00,11000.0,11050.0,10960.0,11050.0,788,0.0,0.0
2024-08-08 09:00:00+09:00,10700.0,10900.0,10700.0,10900.0,9407,0.0,0.0
2024-08-08 09:01:00+09:00,10720.0,10890.0,10720.0,10810.0,5165,0.0,0.0
2024-08-08 09:02:00+09:00,10810.0,10950.0,10810.0,10950.0,3486,0.0,0.0
2024-08-08 09:03:00+09:00,10960.0,11100.0,10950.0,11040.0,5222,0.0,0.0
2024-08-08 09:04:00+09:00,11050.0,11050.0,11050.0,11050.0,227,0.0,0.0
2024-08-08 09:05:00+09:00,11070.0,11070.0,11050.0,11050.0,1148,0.0,0.0
2024-08-08 09:06:00+09:00,11100.0,11250.0,11100.0,11150.0,5171,0.0,0.0
2024-08-08 09:07:00+09:00,11190.0,11250.0,11030.0,11030.0,2735,0.0,0.0
2024-08-08 09:08:00+09:00,11030.0,11080.0,11030.0,11060.0,815,0.0,0.0
2024-08-08 09:09:00+09:00,11080.0,11080.0,11050.0,11050.0,1016,0.0,0.0
2024-08-08 09:10:00+09:00,11060.0,11060.0,11030.0,11030.0,1744,0.0,0.0
2024-08-08 09:11:00+09:00,11080.0,11080.0,10960.0,10960.0,1992,0.0,0.0
2024-08-08 09:12:00+09:00,10930.0,11060.0,10910.0,10910.0,4333,0.0,0.0
2024-08-08 09:13:00+09:00,10900.0,10910.0,10820.0,10820.0,4221,0.0,0.0
2024-08-08 09:14:00+09:00,10810.0,10850.0,10800.0,10850.0,760,0.0,0.0
2024-08-08 09:15:00+09:00,10880.0,10880.0,10790.0,10800.0,871,0.0,0.0
2024-08-08 09:16:00+09:00,10810.0,10810.0,10800.0,10810.0,0,0.0,0.0
2024-08-08 09:17:00+09:00,10820.0,10820.0,10820.0,10820.0,318,0.0,0.0
2024-08-08 09:18:00+09:00,10890.0,10900.0,10890.0,10900.0,307,0.0,0.0
2024-08-08 09:19:00+09:00,10900.0,10900.0,10900.0,10900.0,336,0.0,0.0
2024-08-08 09:21:00+09:00,10900.0,10920.0,10890.0,10920.0,1985,0.0,0.0
2024-08-08 09:22:00+09:00,10890.0,10890.0,10880.0,10880.0,0,0.0,0.0
2024-08-08 09:23:00+09:00,10920.0,10920.0,10880.0,10920.0,345,0.0,0.0
2024-08-08 09:24:00+09:00,10890.0,10920.0,10880.0,10920.0,1878,0.0,0.0
2024-08-08 09:25:00+09:00,10880.0,10880.0,10880.0,10880.0,0,0.0,0.0
2024-08-08 09:28:00+09:00,10880.0,10900.0,10850.0,10850.0,1536,0.0,0.0
2024-08-08 09:29:00+09:00,10850.0,10850.0,10800.0,10800.0,1932,0.0,0.0
2024-08-08 09:30:00+09:00,10800.0,10800.0,10790.0,10790.0,1776,0.0,0.0
2024-08-08 09:31:00+09:00,10790.0,10810.0,10780.0,10800.0,1687,0.0,0.0
2024-08-08 09:32:00+09:00,10840.0,10850.0,10840.0,10850.0,921,0.0,0.0
2024-08-08 09:33:00+09:00,10840.0,10840.0,10840.0,10840.0,4,0.0,0.0
2024-08-08 09:34:00+09:00,10850.0,10850.0,10840.0,10840.0,2632,0.0,0.0
2024-08-08 09:37:00+09:00,10840.0,10840.0,10800.0,10800.0,0,0.0,0.0
2024-08-08 09:39:00+09:00,10800.0,10800.0,10790.0,10790.0,685,0.0,0.0
2024-08-08 09:40:00+09:00,10790.0,10840.0,10790.0,10800.0,107,0.0,0.0
2024-08-08 09:41:00+09:00,10800.0,10800.0,10800.0,10800.0,552,0.0,0.0
2024-08-08 09:43:00+09:00,10800.0,10800.0,10800.0,10800.0,0,0.0,0.0
2024-08-08 09:44:00+09:00,10800.0,10800.0,10780.0,10790.0,1128,0.0,0.0
2024-08-08 09:45:00+09:00,10780.0,10780.0,10700.0,10700.0,10986,0.0,0.0
2024-08-08 09:46:00+09:00,10700.0,10710.0,10680.0,10680.0,1786,0.0,0.0
2024-08-08 09:47:00+09:00,10700.0,10700.0,10660.0,10690.0,7,0.0,0.0
2024-08-08 09:48:00+09:00,10660.0,10690.0,10650.0,10650.0,2136,0.0,0.0
2024-08-08 09:49:00+09:00,10690.0,10690.0,10650.0,10690.0,0,0.0,0.0
2024-08-08 09:50:00+09:00,10690.0,10740.0,10690.0,10740.0,2450,0.0,0.0
2024-08-08 09:51:00+09:00,10740.0,10740.0,10650.0,10720.0,727,0.0,0.0
2024-08-08 09:54:00+09:00,10710.0,10720.0,10690.0,10690.0,502,0.0,0.0
2024-08-08 09:55:00+09:00,10720.0,10720.0,10720.0,10720.0,595,0.0,0.0
2024-08-08 09:56:00+09:00,10720.0,10720.0,10720.0,10720.0,0,0.0,0.0
2024-08-08 09:58:00+09:00,10700.0,10740.0,10700.0,10740.0,277,0.0,0.0
2024-08-08 09:59:00+09:00,10740.0,10750.0,10740.0,10750.0,22,0.0,0.0
2024-08-08 10:02:00+09:00,10750.0,10750.0,10750.0,10750.0,108,0.0,0.0
2024-08-08 10:03:00+09:00,10750.0,10790.0,10750.0,10790.0,302,0.0,0.0
2024-08-08 10:04:00+09:00,10790.0,10790.0,10790.0,10790.0,695,0.0,0.0
2024-08-08 10:05:00+09:00,10820.0,10820.0,10820.0,10820.0,0,0.0,0.0
2024-08-08 10:08:00+09:00,10790.0,10820.0,10790.0,10820.0,37,0.0,0.0
2024-08-08 10:10:00+09:00,10820.0,10820.0,10820.0,10820.0,52,0.0,0.0
2024-08-08 10:12:00+09:00,10820.0,10820.0,10820.0,10820.0,0,0.0,0.0
2024-08-08 10:13:00+09:00,10820.0,10820.0,10820.0,10820.0,49,0.0,0.0
2024-08-08 10:14:00+09:00,10830.0,10840.0,10830.0,10840.0,14,0.0,0.0
2024-08-08 10:15:00+09:00,10840.0,10860.0,10840.0,10860.0,62,0.0,0.0
2024-08-08 10:16:00+09:00,10840.0,10860.0,10840.0,10860.0,59,0.0,0.0
2024-08-08 10:17:00+09:00,10860.0,10860.0,10860.0,10860.0,9,0.0,0.0
2024-08-08 10:18:00+09:00,10840.0,10840.0,10830.0,10830.0,483,0.0,0.0
2024-08-08 10:19:00+09:00,10840.0,10840.0,10800.0,10840.0,2,0.0,0.0
2024-08-08 10:20:00+09:00,10840.0,10840.0,10840.0,10840.0,257,0.0,0.0
2024-08-08 10:22:00+09:00,10870.0,10870.0,10770.0,10840.0,156,0.0,0.0
2024-08-08 10:24:00+09:00,10780.0,10780.0,10780.0,10780.0,26,0.0,0.0
2024-08-08 10:25:00+09:00,10780.0,10820.0,10750.0,10810.0,177,0.0,0.0
2024-08-08 10:26:00+09:00,10750.0,10750.0,10750.0,10750.0,551,0.0,0.0
2024-08-08 10:27:00+09:00,10750.0,10750.0,10750.0,10750.0,0,0.0,0.0
2024-08-08 10:30:00+09:00,10760.0,10760.0,10750.0,10750.0,977,0.0,0.0
2024-08-08 10:31:00+09:00,10810.0,10810.0,10810.0,10810.0,0,0.0,0.0
2024-08-08 10:35:00+09:00,10750.0,10750.0,10720.0,10720.0,2817,0.0,0.0
2024-08-08 10:36:00+09:00,10710.0,10710.0,10640.0,10640.0,2541,0.0,0.0
2024-08-08 10:37:00+09:00,10650.0,10720.0,10650.0,10700.0,300,0.0,0.0
2024-08-08 10:38:00+09:00,10680.0,10700.0,10630.0,10630.0,1211,0.0,0.0
2024-08-08 10:39:00+09:00,10640.0,10660.0,10630.0,10660.0,170,0.0,0.0
2024-08-08 10:40:00+09:00,10660.0,10710.0,10660.0,10710.0,141,0.0,0.0
2024-08-08 10:41:00+09:00,10630.0,10710.0,10630.0,10710.0,79,0.0,0.0
2024-08-08 10:42:00+09:00,10690.0,10690.0,10690.0,10690.0,19,0.0,0.0
2024-08-08 10:45:00+09:00,10640.0,10690.0,10620.0,10690.0,1470,0.0,0.0
2024-08-08 10:46:00+09:00,10620.0,10660.0,10540.0,10570.0,5919,0.0,0.0
2024-08-08 10:47:00+09:00,10540.0,10640.0,10540.0,10640.0,594,0.0,0.0
2024-08-08 10:48:00+09:00,10640.0,10640.0,10640.0,10640.0,68,0.0,0.0
2024-08-08 10:49:00+09:00,10630.0,10630.0,10630.0,10630.0,0,0.0,0.0
2024-08-08 10:50:00+09:00,10580.0,10640.0,10580.0,10580.0,60,0.0,0.0
2024-08-08 10:51:00+09:00,10640.0,10700.0,10640.0,10700.0,62,0.0,0.0
2024-08-08 10:52:00+09:00,10580.0,10700.0,10550.0,10700.0,1160,0.0,0.0
2024-08-08 10:53:00+09:00,10690.0,10690.0,10620.0,10620.0,198,0.0,0.0
2024-08-08 10:54:00+09:00,10620.0,10680.0,10620.0,10680.0,0,0.0,0.0
2024-08-08 10:55:00+09:00,10670.0,10670.0,10670.0,10670.0,1,0.0,0.0
2024-08-08 10:58:00+09:00,10660.0,10670.0,10660.0,10670.0,701,0.0,0.0
2024-08-08 11:00:00+09:00,10660.0,10660.0,10660.0,10660.0,500,0.0,0.0
2024-08-08 11:01:00+09:00,10660.0,10660.0,10660.0,10660.0,0,0.0,0.0
2024-08-08 11:02:00+09:00,10600.0,10650.0,10590.0,10650.0,630,0.0,0.0
2024-08-08 11:03:00+09:00,10650.0,10660.0,10650.0,10650.0,471,0.0,0.0
2024-08-08 11:05:00+09:00,10650.0,10650.0,10600.0,10650.0,578,0.0,0.0
2024-08-08 11:06:00+09:00,10600.0,10650.0,10590.0,10650.0,49,0.0,0.0
2024-08-08 11:07:00+09:00,10650.0,10650.0,10650.0,10650.0,810,0.0,0.0
2024-08-08 11:08:00+09:00,10650.0,10650.0,10650.0,10650.0,0,0.0,0.0
2024-08-08 11:09:00+09:00,10650.0,10650.0,10650.0,10650.0,157,0.0,0.0
2024-08-08 11:10:00+09:00,10650.0,10650.0,10650.0,10650.0,9,0.0,0.0
2024-08-08 11:12:00+09:00,10650.0,10650.0,10640.0,10640.0,190,0.0,0.0
2024-08-08 11:13:00+09:00,10640.0,10640.0,10590.0,10590.0,572,0.0,0.0
2024-08-08 11:14:00+09:00,10620.0,10620.0,10620.0,10620.0,0,0.0,0.0
2024-08-08 11:15:00+09:00,10590.0,10620.0,10590.0,10620.0,52,0.0,0.0
2024-08-08 11:16:00+09:00,10610.0,10610.0,10610.0,10610.0,1,0.0,0.0
2024-08-08 11:17:00+09:00,10610.0,10620.0,10610.0,10620.0,502,0.0,0.0
2024-08-08 11:18:00+09:00,10600.0,10610.0,10540.0,10600.0,5064,0.0,0.0
2024-08-08 11:19:00+09:00,10600.0,10610.0,10600.0,10610.0,428,0.0,0.0
2024-08-08 11:20:00+09:00,10600.0,10610.0,10600.0,10610.0,1211,0.0,0.0
2024-08-08 11:23:00+09:00,10610.0,10610.0,10600.0,10600.0,230,0.0,0.0
2024-08-08 11:24:00+09:00,10610.0,10610.0,10600.0,10600.0,448,0.0,0.0
2024-08-08 11:25:00+09:00,10610.0,10610.0,10600.0,10600.0,0,0.0,0.0
2024-08-08 11:26:00+09:00,10580.0,10580.0,10580.0,10580.0,0,0.0,0.0
2024-08-08 11:27:00+09:00,10570.0,10570.0,10560.0,10560.0,1225,0.0,0.0
2024-08-08 11:28:00+09:00,10580.0,10580.0,10520.0,10570.0,3110,0.0,0.0
2024-08-08 11:29:00+09:00,10550.0,10570.0,10500.0,10500.0,3734,0.0,0.0
2024-08-08 11:30:00+09:00,10500.0,10500.0,10470.0,10480.0,6852,0.0,0.0
2024-08-08 11:31:00+09:00,10480.0,10500.0,10480.0,10500.0,407,0.0,0.0
2024-08-08 11:32:00+09:00,10530.0,10550.0,10530.0,10540.0,0,0.0,0.0
2024-08-08 11:33:00+09:00,10540.0,10550.0,10540.0,10540.0,130,0.0,0.0
2024-08-08 11:34:00+09:00,10500.0,10500.0,10500.0,10500.0,717,0.0,0.0
2024-08-08 11:36:00+09:00,10530.0,10530.0,10530.0,10530.0,0,0.0,0.0
2024-08-08 11:37:00+09:00,10530.0,10540.0,10530.0,10540.0,208,0.0,0.0
2024-08-08 11:38:00+09:00,10540.0,10540.0,10540.0,10540.0,575,0.0,0.0
2024-08-08 11:39:00+09:00,10570.0,10580.0,10570.0,10580.0,158,0.0,0.0
2024-08-08 11:40:00+09:00,10580.0,10610.0,10580.0,10600.0,362,0.0,0.0
2024-08-08 11:42:00+09:00,10600.0,10680.0,10600.0,10680.0,1669,0.0,0.0
2024-08-08 11:43:00+09:00,10670.0,10670.0,10670.0,10670.0,0,0.0,0.0
2024-08-08 11:44:00+09:00,10670.0,10670.0,10670.0,10670.0,47,0.0,0.0
2024-08-08 11:45:00+09:00,10590.0,10700.0,10590.0,10700.0,971,0.0,0.0
2024-08-08 11:46:00+09:00,10700.0,10800.0,10700.0,10800.0,898,0.0,0.0
2024-08-08 11:47:00+09:00,10780.0,10780.0,10700.0,10770.0,326,0.0,0.0
2024-08-08 11:48:00+09:00,10760.0,10790.0,10730.0,10790.0,329,0.0,0.0
2024-08-08 11:49:00+09:00,10760.0,10790.0,10730.0,10790.0,716,0.0,0.0
2024-08-08 11:50:00+09:00,10790.0,10820.0,10790.0,10820.0,552,0.0,0.0
2024-08-08 11:51:00+09:00,10820.0,10830.0,10820.0,10830.0,149,0.0,0.0
2024-08-08 11:52:00+09:00,10830.0,10960.0,10830.0,10960.0,3526,0.0,0.0
2024-08-08 11:53:00+09:00,10920.0,10940.0,10840.0,10940.0,54,0.0,0.0
2024-08-08 11:54:00+09:00,10940.0,10940.0,10860.0,10870.0,268,0.0,0.0
2024-08-08 11:55:00+09:00,10930.0,10950.0,10930.0,10950.0,513,0.0,0.0
2024-08-08 11:56:00+09:00,10940.0,10970.0,10940.0,10970.0,943,0.0,0.0
2024-08-08 11:57:00+09:00,10970.0,11000.0,10950.0,10990.0,808,0.0,0.0
2024-08-08 11:58:00+09:00,10930.0,10930.0,10930.0,10930.0,3386,0.0,0.0
2024-08-08 11:59:00+09:00,10900.0,10910.0,10900.0,10910.0,2148,0.0,0.0
2024-08-08 12:00:00+09:00,10920.0,10990.0,10880.0,10990.0,918,0.0,0.0
2024-08-08 12:01:00+09:00,10990.0,11050.0,10990.0,11050.0,3010,0.0,0.0
2024-08-08 12:02:00+09:00,11060.0,11080.0,11050.0,11080.0,1094,0.0,0.0
2024-08-08 12:03:00+09:00,11060.0,11060.0,10960.0,10960.0,105,0.0,0.0
2024-08-08 12:06:00+09:00,10960.0,10960.0,10960.0,10960.0,400,0.0,0.0
2024-08-08 12:07:00+09:00,10970.0,10970.0,10960.0,10960.0,0,0.0,0.0
2024-08-08 12:08:00+09:00,10970.0,10970.0,10970.0,10970.0,6,0.0,0.0
2024-08-08 12:09:00+09:00,11000.0,11000.0,11000.0,11000.0,0,0.0,0.0
2024-08-08 12:10:00+09:00,11040.0,11050.0,11040.0,11050.0,309,0.0,0.0
2024-08-08 12:11:00+09:00,11060.0,11100.0,11060.0,11100.0,742,0.0,0.0
2024-08-08 12:12:00+09:00,11130.0,11180.0,11130.0,11150.0,1051,0.0,0.0
2024-08-08 12:13:00+09:00,11130.0,11130.0,11100.0,11100.0,0,0.0,0.0
2024-08-08 12:14:00+09:00,11100.0,11100.0,11100.0,11100.0,0,0.0,0.0
2024-08-08 12:15:00+09:00,11060.0,11060.0,11010.0,11050.0,1221,0.0,0.0
2024-08-08 12:16:00+09:00,11050.0,11110.0,11050.0,11110.0,140,0.0,0.0
2024-08-08 12:17:00+09:00,11090.0,11090.0,11020.0,11020.0,295,0.0,0.0
2024-08-08 12:20:00+09:00,10980.0,10980.0,10980.0,10980.0,0,0.0,0.0
2024-08-08 12:22:00+09:00,11020.0,11020.0,11020.0,11020.0,160504,0.0,0.0
2024-08-08 12:23:00+09:00,10990.0,11080.0,10990.0,11080.0,94,0.0,0.0
2024-08-08 12:24:00+09:00,11070.0,11080.0,11070.0,11080.0,4,0.0,0.0
2024-08-08 12:25:00+09:00,11070.0,11080.0,11070.0,11080.0,11,0.0,0.0
2024-08-08 12:27:00+09:00,11040.0,11080.0,11040.0,11080.0,608,0.0,0.0
2024-08-08 12:28:00+09:00,11090.0,11100.0,11090.0,11100.0,186,0.0,0.0
2024-08-08 12:29:00+09:00,11090.0,11100.0,11080.0,11080.0,102,0.0,0.0
2024-08-08 12:30:00+09:00,11100.0,11100.0,11070.0,11100.0,6,0.0,0.0
2024-08-08 12:31:00+09:00,11060.0,11090.0,11060.0,11090.0,504,0.0,0.0
2024-08-08 12:32:00+09:00,11100.0,11100.0,11100.0,11100.0,1,0.0,0.0
2024-08-08 12:33:00+09:00,11020.0,11090.0,11020.0,11090.0,2,0.0,0.0
2024-08-08 12:34:00+09:00,11090.0,11150.0,11090.0,11150.0,999,0.0,0.0
2024-08-08 12:35:00+09:00,11140.0,11140.0,11140.0,11140.0,660,0.0,0.0
2024-08-08 12:38:00+09:00,11080.0,11130.0,11080.0,11130.0,699,0.0,0.0
2024-08-08 12:39:00+09:00,11100.0,11130.0,11100.0,11130.0,2,0.0,0.0
2024-08-08 12:40:00+09:00,11130.0,11130.0,11050.0,11050.0,1994,0.0,0.0
2024-08-08 12:41:00+09:00,11050.0,11100.0,11010.0,11100.0,2834,0.0,0.0
2024-08-08 12:42:00+09:00,11100.0,11100.0,11100.0,11100.0,5,0.0,0.0
2024-08-08 12:44:00+09:00,11090.0,11090.0,11090.0,11090.0,27,0.0,0.0
2024-08-08 12:45:00+09:00,11090.0,11160.0,11010.0,11160.0,2028,0.0,0.0
2024-08-08 12:46:00+09:00,11160.0,11160.0,11100.0,11100.0,521,0.0,0.0
2024-08-08 12:47:00+09:00,11140.0,11160.0,11100.0,11160.0,950,0.0,0.0
2024-08-08 12:48:00+09:00,11090.0,11160.0,11090.0,11090.0,406,0.0,0.0
2024-08-08 12:49:00+09:00,11140.0,11140.0,11140.0,11140.0,2,0.0,0.0
2024-08-08 12:50:00+09:00,11090.0,11140.0,11080.0,11140.0,1258,0.0,0.0
2024-08-08 12:51:00+09:00,11100.0,11140.0,11100.0,11140.0,2,0.0,0.0
2024-08-08 12:52:00+09:00,11090.0,11140.0,11090.0,11140.0,101,0.0,0.0
2024-08-08 12:53:00+09:00,11090.0,11140.0,11090.0,11140.0,202,0.0,0.0
2024-08-08 12:54:00+09:00,11090.0,11090.0,11090.0,11090.0,50,0.0,0.0
2024-08-08 12:55:00+09:00,11070.0,11070.0,11060.0,11060.0,442,0.0,0.0
2024-08-08 12:56:00+09:00,11060.0,11060.0,11040.0,11050.0,325,0.0,0.0
2024-08-08 12:57:00+09:00,11010.0,11060.0,11000.0,11050.0,597,0.0,0.0
2024-08-08 13:00:00+09:00,11040.0,11050.0,10980.0,11050.0,1033,0.0,0.0
2024-08-08 13:02:00+09:00,11050.0,11050.0,10990.0,10990.0,488,0.0,0.0
2024-08-08 13:04:00+09:00,10980.0,10990.0,10980.0,10990.0,178,0.0,0.0
2024-08-08 13:05:00+09:00,10980.0,11030.0,10980.0,11030.0,2627,0.0,0.0
2024-08-08 13:06:00+09:00,11030.0,11120.0,11030.0,11120.0,0,0.0,0.0
2024-08-08 13:08:00+09:00,11070.0,11110.0,11070.0,11110.0,398,0.0,0.0
2024-08-08 13:09:00+09:00,11110.0,11150.0,11110.0,11150.0,657,0.0,0.0
2024-08-08 13:10:00+09:00,11150.0,11190.0,11150.0,11190.0,1856,0.0,0.0
2024-08-08 13:11:00+09:00,11190.0,11220.0,11190.0,11220.0,3268,0.0,0.0
2024-08-08 13:12:00+09:00,11210.0,11300.0,11200.0,11200.0,4902,0.0,0.0
2024-08-08 13:13:00+09:00,11300.0,11300.0,11300.0,11300.0,702,0.0,0.0
2024-08-08 13:14:00+09:00,11310.0,11400.0,11300.0,11400.0,3075,0.0,0.0
2024-08-08 13:15:00+09:00,11400.0,11450.0,11390.0,11440.0,1917,0.0,0.0
2024-08-08 13:16:00+09:00,11360.0,11420.0,11340.0,11400.0,724,0.0,0.0
2024-08-08 13:17:00+09:00,11310.0,11350.0,11300.0,11350.0,71,0.0,0.0
2024-08-08 13:18:00+09:00,11350.0,11350.0,11240.0,11300.0,246,0.0,0.0
2024-08-08 13:19:00+09:00,11300.0,11360.0,11250.0,11350.0,259,0.0,0.0
2024-08-08 13:20:00+09:00,11320.0,11340.0,11310.0,11340.0,494,0.0,0.0
2024-08-08 13:21:00+09:00,11340.0,11350.0,11340.0,11350.0,26,0.0,0.0
2024-08-08 13:22:00+09:00,11360.0,11400.0,11360.0,11400.0,94,0.0,0.0
2024-08-08 13:23:00+09:00,11390.0,11450.0,11350.0,11430.0,2415,0.0,0.0
2024-08-08 13:24:00+09:00,11420.0,11500.0,11420.0,11500.0,3800,0.0,0.0
2024-08-08 13:25:00+09:00,11460.0,11460.0,11460.0,11460.0,800,0.0,0.0
2024-08-08 13:26:00+09:00,11460.0,11590.0,11460.0,11590.0,13069,0.0,0.0
2024-08-08 13:27:00+09:00,11590.0,11590.0,11530.0,11580.0,804,0.0,0.0
2024-08-08 13:28:00+09:00,11580.0,11690.0,11530.0,11630.0,3317,0.0,0.0
2024-08-08 13:29:00+09:00,11630.0,11650.0,11520.0,11590.0,8193,0.0,0.0
2024-08-08 13:30:00+09:00,11520.0,11520.0,11420.0,11430.0,767,0.0,0.0
2024-08-08 13:31:00+09:00,11430.0,11430.0,11410.0,11410.0,72,0.0,0.0
2024-08-08 13:32:00+09:00,11410.0,11410.0,11410.0,11410.0,606,0.0,0.0
2024-08-08 13:33:00+09:00,11410.0,11430.0,11410.0,11430.0,0,0.0,0.0
2024-08-08 13:34:00+09:00,11420.0,11430.0,11360.0,11430.0,2108,0.0,0.0
2024-08-08 13:35:00+09:00,11430.0,11430.0,11430.0,11430.0,980,0.0,0.0
2024-08-08 13:36:00+09:00,11430.0,11470.0,11380.0,11380.0,0,0.0,0.0
2024-08-08 13:37:00+09:00,11370.0,11400.0,11350.0,11400.0,1199,0.0,0.0
2024-08-08 13:38:00+09:00,11350.0,11410.0,11350.0,11410.0,5,0.0,0.0
2024-08-08 13:39:00+09:00,11410.0,11440.0,11410.0,11440.0,461,0.0,0.0
2024-08-08 13:40:00+09:00,11370.0,11410.0,11340.0,11340.0,541,0.0,0.0
2024-08-08 13:41:00+09:00,11330.0,11400.0,11300.0,11400.0,1076,0.0,0.0
2024-08-08 13:42:00+09:00,11300.0,11400.0,11300.0,11400.0,1756,0.0,0.0
2024-08-08 13:43:00+09:00,11390.0,11460.0,11390.0,11460.0,3279,0.0,0.0
2024-08-08 13:44:00+09:00,11470.0,11470.0,11470.0,11470.0,54,0.0,0.0
2024-08-08 13:45:00+09:00,11370.0,11460.0,11370.0,11460.0,10,0.0,0.0
2024-08-08 13:46:00+09:00,11370.0,11460.0,11370.0,11460.0,11,0.0,0.0
2024-08-08 13:47:00+09:00,11450.0,11450.0,11450.0,11450.0,8,0.0,0.0
2024-08-08 13:49:00+09:00,11370.0,11370.0,11370.0,11370.0,1005,0.0,0.0
2024-08-08 13:50:00+09:00,11430.0,11430.0,11430.0,11430.0,79,0.0,0.0
2024-08-08 13:51:00+09:00,11430.0,11430.0,11430.0,11430.0,0,0.0,0.0
2024-08-08 13:52:00+09:00,11400.0,11460.0,11400.0,11460.0,1319,0.0,0.0
2024-08-08 13:53:00+09:00,11460.0,11460.0,11400.0,11400.0,570,0.0,0.0
2024-08-08 13:54:00+09:00,11400.0,11400.0,11400.0,11400.0,0,0.0,0.0
2024-08-08 13:55:00+09:00,11460.0,11460.0,11380.0,11380.0,2111,0.0,0.0
2024-08-08 13:56:00+09:00,11380.0,11380.0,11370.0,11370.0,1970,0.0,0.0
2024-08-08 14:00:00+09:00,11470.0,11480.0,11470.0,11480.0,1510,0.0,0.0
2024-08-08 14:01:00+09:00,11440.0,11440.0,11440.0,11440.0,0,0.0,0.0
2024-08-08 14:04:00+09:00,11460.0,11460.0,11460.0,11460.0,25,0.0,0.0
2024-08-08 14:05:00+09:00,11440.0,11440.0,11420.0,11420.0,1442,0.0,0.0
2024-08-08 14:08:00+09:00,11420.0,11420.0,11420.0,11420.0,2000,0.0,0.0
2024-08-08 14:09:00+09:00,11420.0,11420.0,11370.0,11370.0,425,0.0,0.0
2024-08-08 14:10:00+09:00,11400.0,11400.0,11340.0,11340.0,1070,0.0,0.0
2024-08-08 14:11:00+09:00,11340.0,11340.0,11340.0,11340.0,0,0.0,0.0
2024-08-08 14:13:00+09:00,11360.0,11400.0,11350.0,11350.0,1418,0.0,0.0
2024-08-08 14:14:00+09:00,11360.0,11360.0,11350.0,11350.0,0,0.0,0.0
2024-08-08 14:15:00+09:00,11340.0,11340.0,11330.0,11330.0,337,0.0,0.0
2024-08-08 14:16:00+09:00,11300.0,11400.0,11300.0,11400.0,452,0.0,0.0
2024-08-08 14:18:00+09:00,11380.0,11390.0,11380.0,11380.0,401,0.0,0.0
2024-08-08 14:19:00+09:00,11300.0,11300.0,11300.0,11300.0,307,0.0,0.0
2024-08-08 14:20:00+09:00,11300.0,11300.0,11290.0,11290.0,654,0.0,0.0
2024-08-08 14:21:00+09:00,11290.0,11290.0,11290.0,11290.0,0,0.0,0.0
2024-08-08 14:22:00+09:00,11290.0,11290.0,11270.0,11270.0,1200,0.0,0.0
2024-08-08 14:23:00+09:00,11260.0,11260.0,11240.0,11240.0,3827,0.0,0.0
2024-08-08 14:24:00+09:00,11240.0,11270.0,11220.0,11270.0,1904,0.0,0.0
2024-08-08 14:25:00+09:00,11280.0,11280.0,11220.0,11280.0,0,0.0,0.0
2024-08-08 14:27:00+09:00,11220.0,11220.0,11220.0,11220.0,592,0.0,0.0
2024-08-08 14:28:00+09:00,11230.0,11230.0,11200.0,11200.0,249,0.0,0.0
2024-08-08 14:29:00+09:00,11200.0,11200.0,11200.0,11200.0,197,0.0,0.0
2024-08-08 14:30:00+09:00,11200.0,11230.0,11200.0,11230.0,633,0.0,0.0
2024-08-08 14:31:00+09:00,11240.0,11240.0,11190.0,11190.0,1861,0.0,0.0
2024-08-08 14:32:00+09:00,11180.0,11180.0,11050.0,11050.0,4001,0.0,0.0
2024-08-08 14:33:00+09:00,11060.0,11070.0,11050.0,11050.0,1299,0.0,0.0
2024-08-08 14:34:00+09:00,11060.0,11100.0,11050.0,11100.0,1762,0.0,0.0
2024-08-08 14:35:00+09:00,11080.0,11080.0,11080.0,11080.0,0,0.0,0.0
2024-08-08 14:36:00+09:00,11080.0,11090.0,11080.0,11080.0,562,0.0,0.0
2024-08-08 14:37:00+09:00,11090.0,11090.0,11090.0,11090.0,101,0.0,0.0
2024-08-08 14:38:00+09:00,11090.0,11090.0,11080.0,11080.0,360,0.0,0.0
2024-08-08 14:39:00+09:00,11110.0,11110.0,11080.0,11080.0,159,0.0,0.0
2024-08-08 14:40:00+09:00,11080.0,11080.0,11080.0,11080.0,16,0.0,0.0
2024-08-08 14:41:00+09:00,11080.0,11080.0,11050.0,11050.0,1091,0.0,0.0
2024-08-08 14:42:00+09:00,11050.0,11100.0,11050.0,11100.0,97,0.0,0.0
2024-08-08 14:43:00+09:00,11110.0,11110.0,11110.0,11110.0,0,0.0,0.0
2024-08-08 14:44:00+09:00,11110.0,11110.0,11110.0,11110.0,98,0.0,0.0
2024-08-08 14:45:00+09:00,11100.0,11100.0,11100.0,11100.0,50,0.0,0.0
2024-08-08 14:48:00+09:00,11090.0,11370.0,11070.0,11350.0,2006,0.0,0.0
2024-08-08 14:49:00+09:00,11320.0,11320.0,11180.0,11270.0,2860,0.0,0.0
2024-08-08 14:50:00+09:00,11260.0,11260.0,11130.0,11130.0,0,0.0,0.0
2024-08-08 14:51:00+09:00,11140.0,11140.0,11140.0,11140.0,0,0.0,0.0
2024-08-08 14:52:00+09:00,11190.0,11200.0,11130.0,11130.0,1002,0.0,0.0
2024-08-08 14:53:00+09:00,11130.0,11130.0,11120.0,11120.0,106,0.0,0.0
2024-08-08 14:54:00+09:00,11120.0,11120.0,11110.0,11110.0,1469,0.0,0.0
2024-08-08 14:55:00+09:00,11120.0,11130.0,11110.0,11130.0,628,0.0,0.0
2024-08-08 14:56:00+09:00,11130.0,11130.0,11130.0,11130.0,0,0.0,0.0
2024-08-08 14:57:00+09:00,11110.0,11110.0,11060.0,11060.0,836,0.0,0.0
2024-08-08 14:58:00+09:00,11060.0,11060.0,11060.0,11060.0,5,0.0,0.0
2024-08-09 09:00:00+09:00,11050.0,11350.0,11050.0,11080.0,1102,0.0,0.0
2024-08-09 09:01:00+09:00,11080.0,11080.0,11000.0,11000.0,4218,0.0,0.0
2024-08-09 09:02:00+09:00,11010.0,11010.0,10950.0,10950.0,2415,0.0,0.0
2024-08-09 09:03:00+09:00,10950.0,10950.0,10910.0,10910.0,3538,0.0,0.0
2024-08-09 09:04:00+09:00,10920.0,10920.0,10830.0,10910.0,2135,0.0,0.0
2024-08-09 09:05:00+09:00,10910.0,10910.0,10880.0,10900.0,628,0.0,0.0
2024-08-09 09:06:00+09:00,10910.0,10990.0,10880.0,10990.0,2140,0.0,0.0
2024-08-09 09:07:00+09:00,10990.0,11000.0,10910.0,10910.0,2471,0.0,0.0
2024-08-09 09:08:00+09:00,10920.0,10990.0,10920.0,10990.0,3318,0.0,0.0
2024-08-09 09:09:00+09:00,11000.0,11000.0,11000.0,11000.0,970,0.0,0.0
2024-08-09 09:10:00+09:00,10970.0,11000.0,10840.0,10840.0,5933,0.0,0.0
2024-08-09 09:11:00+09:00,10860.0,10940.0,10860.0,10930.0,560,0.0,0.0
2024-08-09 09:12:00+09:00,10930.0,10930.0,10870.0,10870.0,2013,0.0,0.0
2024-08-09 09:13:00+09:00,10880.0,10880.0,10860.0,10860.0,1084,0.0,0.0
2024-08-09 09:14:00+09:00,10870.0,10880.0,10870.0,10880.0,243,0.0,0.0
2024-08-09 09:15:00+09:00,10880.0,10880.0,10880.0,10880.0,1048,0.0,0.0
2024-08-09 09:16:00+09:00,10870.0,10880.0,10870.0,10870.0,2063,0.0,0.0
2024-08-09 09:17:00+09:00,10870.0,10870.0,10870.0,10870.0,0,0.0,0.0
2024-08-09 09:18:00+09:00,10920.0,10920.0,10840.0,10850.0,3124,0.0,0.0
2024-08-09 09:19:00+09:00,10890.0,10890.0,10840.0,10850.0,826,0.0,0.0
2024-08-09 09:20:00+09:00,10850.0,10850.0,10830.0,10830.0,3298,0.0,0.0
2024-08-09 09:21:00+09:00,10910.0,10910.0,10850.0,10850.0,5322,0.0,0.0
2024-08-09 09:22:00+09:00,10850.0,10850.0,10830.0,10850.0,1028,0.0,0.0
2024-08-09 09:23:00+09:00,10830.0,10850.0,10830.0,10840.0,370,0.0,0.0
2024-08-09 09:24:00+09:00,10840.0,10850.0,10840.0,10850.0,857,0.0,0.0
2024-08-09 09:26:00+09:00,10850.0,10850.0,10850.0,10850.0,0,0.0,0.0
2024-08-09 09:27:00+09:00,10850.0,10850.0,10850.0,10850.0,165,0.0,0.0
2024-08-09 09:28:00+09:00,10860.0,10910.0,10860.0,10910.0,161,0.0,0.0
2024-08-09 09:29:00+09:00,10910.0,10940.0,10910.0,10940.0,2508,0.0,0.0
2024-08-09 09:30:00+09:00,10920.0,10960.0,10920.0,10960.0,55,0.0,0.0
2024-08-09 09:31:00+09:00,10960.0,10960.0,10920.0,10920.0,361,0.0,0.0
2024-08-09 09:35:00+09:00,10930.0,10930.0,10930.0,10930.0,253,0.0,0.0
2024-08-09 09:36:00+09:00,10950.0,10960.0,10950.0,10960.0,543,0.0,0.0
2024-08-09 09:37:00+09:00,10960.0,10960.0,10960.0,10960.0,703,0.0,0.0
2024-08-09 09:38:00+09:00,10960.0,10960.0,10940.0,10940.0,528,0.0,0.0
2024-08-09 09:39:00+09:00,10930.0,10930.0,10900.0,10900.0,2344,0.0,0.0
2024-08-09 09:40:00+09:00,10890.0,10930.0,10890.0,10930.0,0,0.0,0.0
2024-08-09 09:41:00+09:00,10890.0,10890.0,10860.0,10860.0,1275,0.0,0.0
2024-08-09 09:42:00+09:00,10900.0,10900.0,10790.0,10790.0,10432,0.0,0.0
2024-08-09 09:43:00+09:00,10790.0,10790.0,10790.0,10790.0,236,0.0,0.0
2024-08-09 09:44:00+09:00,10770.0,10770.0,10740.0,10740.0,4305,0.0,0.0
2024-08-09 09:45:00+09:00,10740.0,10740.0,10740.0,10740.0,200,0.0,0.0
2024-08-09 09:46:00+09:00,10750.0,10750.0,10750.0,10750.0,0,0.0,0.0
2024-08-09 09:47:00+09:00,10760.0,10780.0,10760.0,10780.0,470,0.0,0.0
2024-08-09 09:48:00+09:00,10790.0,10790.0,10770.0,10770.0,354,0.0,0.0
2024-08-09 09:49:00+09:00,10790.0,10790.0,10720.0,10720.0,4142,0.0,0.0
2024-08-09 09:50:00+09:00,10720.0,10720.0,10650.0,10650.0,2483,0.0,0.0
2024-08-09 09:51:00+09:00,10650.0,10680.0,10650.0,10680.0,1047,0.0,0.0
2024-08-09 09:53:00+09:00,10700.0,10700.0,10700.0,10700.0,8,0.0,0.0
2024-08-09 09:56:00+09:00,10720.0,10740.0,10720.0,10740.0,120,0.0,0.0
2024-08-09 09:57:00+09:00,10780.0,10780.0,10780.0,10780.0,189,0.0,0.0
2024-08-09 09:58:00+09:00,10790.0,10800.0,10790.0,10800.0,0,0.0,0.0
2024-08-09 09:59:00+09:00,10790.0,10800.0,10790.0,10800.0,1041,0.0,0.0
2024-08-09 10:01:00+09:00,10830.0,10840.0,10830.0,10840.0,0,0.0,0.0
2024-08-09 10:02:00+09:00,10840.0,10840.0,10800.0,10800.0,899,0.0,0.0
2024-08-09 10:03:00+09:00,10800.0,10800.0,10800.0,10800.0,0,0.0,0.0
2024-08-09 10:04:00+09:00,10800.0,10800.0,10800.0,10800.0,26,0.0,0.0
2024-08-09 10:06:00+09:00,10790.0,10790.0,10790.0,10790.0,17,0.0,0.0
2024-08-09 10:07:00+09:00,10790.0,10790.0,10790.0,10790.0,5,0.0,0.0
2024-08-09 10:08:00+09:00,10790.0,10790.0,10740.0,10740.0,1300,0.0,0.0
2024-08-09 10:09:00+09:00,10750.0,10750.0,10750.0,10750.0,177,0.0,0.0
2024-08-09 10:12:00+09:00,10780.0,10780.0,10780.0,10780.0,0,0.0,0.0
2024-08-09 10:13:00+09:00,10760.0,10760.0,10680.0,10680.0,3817,0.0,0.0
2024-08-09 10:14:00+09:00,10680.0,10680.0,10680.0,10680.0,155,0.0,0.0
2024-08-09 10:15:00+09:00,10680.0,10720.0,10680.0,10680.0,292,0.0,0.0
2024-08-09 10:16:00+09:00,10720.0,10720.0,10720.0,10720.0,116,0.0,0.0
2024-08-09 10:19:00+09:00,10720.0,10870.0,10720.0,10860.0,394,0.0,0.0
2024-08-09 10:20:00+09:00,10830.0,10840.0,10830.0,10830.0,584,0.0,0.0
2024-08-09 10:22:00+09:00,10760.0,10820.0,10760.0,10820.0,441,0.0,0.0
2024-08-09 10:23:00+09:00,10820.0,10830.0,10820.0,10830.0,263,0.0,0.0
2024-08-09 10:24:00+09:00,10820.0,10830.0,10730.0,10730.0,304,0.0,0.0
2024-08-09 10:25:00+09:00,10790.0,10790.0,10770.0,10770.0,0,0.0,0.0
2024-08-09 10:26:00+09:00,10790.0,10790.0,10730.0,10780.0,322,0.0,0.0
2024-08-09 10:29:00+09:00,10780.0,10780.0,10780.0,10780.0,1,0.0,0.0
2024-08-09 10:30:00+09:00,10820.0,10830.0,10820.0,10830.0,646,0.0,0.0
2024-08-09 10:31:00+09:00,10830.0,10860.0,10830.0,10860.0,526,0.0,0.0
2024-08-09 10:32:00+09:00,10850.0,10850.0,10850.0,10850.0,10,0.0,0.0
2024-08-09 10:34:00+09:00,10840.0,10840.0,10840.0,10840.0,5,0.0,0.0
2024-08-09 10:41:00+09:00,10810.0,10810.0,10800.0,10800.0,512,0.0,0.0
2024-08-09 10:43:00+09:00,10800.0,10800.0,10800.0,10800.0,0,0.0,0.0
2024-08-09 10:45:00+09:00,10790.0,10790.0,10790.0,10790.0,7,0.0,0.0
2024-08-09 10:46:00+09:00,10830.0,10870.0,10830.0,10870.0,1531,0.0,0.0
2024-08-09 10:47:00+09:00,10870.0,10870.0,10870.0,10870.0,299,0.0,0.0
2024-08-09 10:50:00+09:00,10870.0,10870.0,10800.0,10800.0,240,0.0,0.0
2024-08-09 10:51:00+09:00,10800.0,10800.0,10800.0,10800.0,85,0.0,0.0
2024-08-09 10:54:00+09:00,10860.0,10860.0,10860.0,10860.0,2,0.0,0.0
2024-08-09 10:55:00+09:00,10860.0,10860.0,10860.0,10860.0,49,0.0,0.0
2024-08-09 10:57:00+09:00,10820.0,10820.0,10820.0,10820.0,980,0.0,0.0
2024-08-09 10:58:00+09:00,10820.0,10820.0,10790.0,10800.0,93,0.0,0.0
2024-08-09 11:00:00+09:00,10800.0,10800.0,10780.0,10780.0,158,0.0,0.0
2024-08-09 11:06:00+09:00,10780.0,10780.0,10770.0,10770.0,805,0.0,0.0
2024-08-09 11:09:00+09:00,10770.0,10770.0,10770.0,10770.0,92,0.0,0.0
2024-08-09 11:10:00+09:00,10770.0,10770.0,10770.0,10770.0,520,0.0,0.0
2024-08-09 11:13:00+09:00,10770.0,10770.0,10770.0,10770.0,288,0.0,0.0
2024-08-09 11:16:00+09:00,10810.0,10810.0,10810.0,10810.0,0,0.0,0.0
2024-08-09 11:17:00+09:00,10770.0,10770.0,10770.0,10770.0,13,0.0,0.0
2024-08-09 11:18:00+09:00,10800.0,10800.0,10800.0,10800.0,0,0.0,0.0
2024-08-09 11:21:00+09:00,10800.0,10840.0,10790.0,10840.0,2063,0.0,0.0
2024-08-09 11:22:00+09:00,10840.0,10840.0,10770.0,10770.0,998,0.0,0.0
2024-08-09 11:24:00+09:00,10780.0,10790.0,10780.0,10780.0,502,0.0,0.0
2024-08-09 11:27:00+09:00,10800.0,10800.0,10790.0,10790.0,0,0.0,0.0
2024-08-09 11:28:00+09:00,10800.0,10800.0,10800.0,10800.0,0,0.0,0.0
2024-08-09 11:33:00+09:00,10810.0,10830.0,10810.0,10830.0,118,0.0,0.0
2024-08-09 11:35:00+09:00,10830.0,10830.0,10830.0,10830.0,373,0.0,0.0
2024-08-09 11:37:00+09:00,10810.0,10870.0,10800.0,10800.0,1416,0.0,0.0
2024-08-09 11:47:00+09:00,10840.0,10840.0,10840.0,10840.0,136,0.0,0.0
2024-08-09 11:48:00+09:00,10850.0,10850.0,10850.0,10850.0,0,0.0,0.0
2024-08-09 11:49:00+09:00,10820.0,10820.0,10820.0,10820.0,2,0.0,0.0
2024-08-09 11:50:00+09:00,10850.0,10850.0,10850.0,10850.0,1,0.0,0.0
2024-08-09 11:52:00+09:00,10830.0,10840.0,10830.0,10840.0,1,0.0,0.0
2024-08-09 11:53:00+09:00,10840.0,10840.0,10840.0,10840.0,94,0.0,0.0
2024-08-09 11:56:00+09:00,10850.0,10850.0,10850.0,10850.0,153,0.0,0.0
2024-08-09 11:59:00+09:00,10850.0,10850.0,10820.0,10820.0,274,0.0,0.0
2024-08-09 12:00:00+09:00,10810.0,10810.0,10800.0,10800.0,471,0.0,0.0
2024-08-09 12:02:00+09:00,10790.0,10790.0,10790.0,10790.0,272,0.0,0.0
2024-08-09 12:03:00+09:00,10790.0,10790.0,10780.0,10780.0,405,0.0,0.0
2024-08-09 12:04:00+09:00,10770.0,10770.0,10770.0,10770.0,787,0.0,0.0
2024-08-09 12:05:00+09:00,10770.0,10770.0,10760.0,10760.0,210,0.0,0.0
2024-08-09 12:07:00+09:00,10760.0,10760.0,10760.0,10760.0,98,0.0,0.0
2024-08-09 12:08:00+09:00,10830.0,10830.0,10760.0,10820.0,175,0.0,0.0
2024-08-09 12:10:00+09:00,10820.0,10820.0,10820.0,10820.0,0,0.0,0.0
2024-08-09 12:14:00+09:00,10770.0,10790.0,10770.0,10780.0,5,0.0,0.0
2024-08-09 12:15:00+09:00,10790.0,10790.0,10780.0,10780.0,3,0.0,0.0
2024-08-09 12:16:00+09:00,10780.0,10780.0,10780.0,10780.0,619,0.0,0.0
2024-08-09 12:18:00+09:00,10770.0,10770.0,10730.0,10730.0,1635,0.0,0.0
2024-08-09 12:20:00+09:00,10760.0,10760.0,10760.0,10760.0,1090,0.0,0.0
2024-08-09 12:21:00+09:00,10770.0,10770.0,10770.0,10770.0,132,0.0,0.0
2024-08-09 12:22:00+09:00,10770.0,10770.0,10770.0,10770.0,89,0.0,0.0
2024-08-09 12:24:00+09:00,10830.0,10830.0,10740.0,10740.0,1467,0.0,0.0
2024-08-09 12:25:00+09:00,10750.0,10750.0,10750.0,10750.0,0,0.0,0.0
2024-08-09 12:27:00+09:00,10760.0,10790.0,10760.0,10790.0,25,0.0,0.0
2024-08-09 12:31:00+09:00,10750.0,10750.0,10750.0,10750.0,399,0.0,0.0
2024-08-09 12:32:00+09:00,10750.0,10750.0,10750.0,10750.0,180,0.0,0.0
2024-08-09 12:33:00+09:00,10750.0,10750.0,10750.0,10750.0,449,0.0,0.0
2024-08-09 12:34:00+09:00,10740.0,10740.0,10730.0,10730.0,1953,0.0,0.0
2024-08-09 12:35:00+09:00,10730.0,10730.0,10710.0,10710.0,885,0.0,0.0
2024-08-09 12:36:00+09:00,10720.0,10720.0,10720.0,10720.0,118,0.0,0.0
2024-08-09 12:37:00+09:00,10720.0,10720.0,10720.0,10720.0,49,0.0,0.0
2024-08-09 12:38:00+09:00,10720.0,10720.0,10720.0,10720.0,1002,0.0,0.0
2024-08-09 12:39:00+09:00,10710.0,10720.0,10710.0,10710.0,1403,0.0,0.0
2024-08-09 12:40:00+09:00,10700.0,10700.0,10700.0,10700.0,700,0.0,0.0
2024-08-09 12:41:00+09:00,10700.0,10700.0,10650.0,10690.0,4041,0.0,0.0
2024-08-09 12:43:00+09:00,10690.0,10690.0,10660.0,10660.0,6,0.0,0.0
2024-08-09 12:44:00+09:00,10660.0,10660.0,10660.0,10660.0,0,0.0,0.0
2024-08-09 12:45:00+09:00,10660.0,10660.0,10660.0,10660.0,789,0.0,0.0
2024-08-09 12:47:00+09:00,10680.0,10680.0,10670.0,10670.0,8,0.0,0.0
2024-08-09 12:48:00+09:00,10670.0,10690.0,10660.0,10690.0,371,0.0,0.0
2024-08-09 12:50:00+09:00,10690.0,10690.0,10690.0,10690.0,392,0.0,0.0
2024-08-09 12:51:00+09:00,10660.0,10690.0,10660.0,10690.0,0,0.0,0.0
2024-08-09 12:53:00+09:00,10690.0,10690.0,10690.0,10690.0,28,0.0,0.0
2024-08-09 12:54:00+09:00,10700.0,10700.0,10700.0,10700.0,578,0.0,0.0
2024-08-09 12:58:00+09:00,10770.0,10770.0,10770.0,10770.0,0,0.0,0.0
2024-08-09 12:59:00+09:00,10770.0,10770.0,10770.0,10770.0,19,0.0,0.0
2024-08-09 13:00:00+09:00,10770.0,10770.0,10770.0,10770.0,590,0.0,0.0
2024-08-09 13:01:00+09:00,10770.0,10770.0,10770.0,10770.0,0,0.0,0.0
2024-08-09 13:03:00+09:00,10770.0,10770.0,10770.0,10770.0,0,0.0,0.0
2024-08-09 13:04:00+09:00,10770.0,10770.0,10770.0,10770.0,20,0.0,0.0
2024-08-09 13:06:00+09:00,10770.0,10770.0,10770.0,10770.0,10,0.0,0.0
2024-08-09 13:10:00+09:00,10770.0,10770.0,10760.0,10760.0,15,0.0,0.0
2024-08-09 13:11:00+09:00,10760.0,10760.0,10730.0,10730.0,1,0.0,0.0
2024-08-09 13:12:00+09:00,10720.0,10720.0,10710.0,10720.0,1045,0.0,0.0
2024-08-09 13:13:00+09:00,10700.0,10700.0,10700.0,10700.0,597,0.0,0.0
2024-08-09 13:15:00+09:00,10700.0,10700.0,10700.0,10700.0,0,0.0,0.0
2024-08-09 13:19:00+09:00,10710.0,10710.0,10710.0,10710.0,12,0.0,0.0
2024-08-09 13:20:00+09:00,10710.0,10710.0,10710.0,10710.0,0,0.0,0.0
2024-08-09 13:21:00+09:00,10710.0,10780.0,10710.0,10780.0,17,0.0,0.0
2024-08-09 13:23:00+09:00,10720.0,10720.0,10700.0,10700.0,552,0.0,0.0
2024-08-09 13:24:00+09:00,10700.0,10700.0,10700.0,10700.0,308,0.0,0.0
2024-08-09 13:28:00+09:00,10700.0,10700.0,10700.0,10700.0,382,0.0,0.0
2024-08-09 13:30:00+09:00,10700.0,10740.0,10700.0,10740.0,0,0.0,0.0
2024-08-09 13:31:00+09:00,10740.0,10740.0,10740.0,10740.0,1,0.0,0.0
2024-08-09 13:32:00+09:00,10740.0,10740.0,10700.0,10700.0,769,0.0,0.0
2024-08-09 13:34:00+09:00,10700.0,10700.0,10700.0,10700.0,340,0.0,0.0
2024-08-09 13:35:00+09:00,10700.0,10700.0,10700.0,10700.0,149,0.0,0.0
2024-08-09 13:38:00+09:00,10760.0,10760.0,10760.0,10760.0,2,0.0,0.0
2024-08-09 13:39:00+09:00,10750.0,10750.0,10750.0,10750.0,1,0.0,0.0
2024-08-09 13:42:00+09:00,10710.0,10710.0,10700.0,10700.0,1202,0.0,0.0
2024-08-09 13:43:00+09:00,10740.0,10740.0,10740.0,10740.0,0,0.0,0.0
2024-08-09 13:45:00+09:00,10700.0,10700.0,10700.0,10700.0,190,0.0,0.0
2024-08-09 13:46:00+09:00,10700.0,10700.0,10700.0,10700.0,190,0.0,0.0
2024-08-09 13:47:00+09:00,10700.0,10700.0,10700.0,10700.0,0,0.0,0.0
2024-08-09 13:49:00+09:00,10700.0,10700.0,10700.0,10700.0,200,0.0,0.0
2024-08-09 13:50:00+09:00,10700.0,10700.0,10700.0,10700.0,172,0.0,0.0
2024-08-09 13:51:00+09:00,10700.0,10700.0,10700.0,10700.0,0,0.0,0.0
2024-08-09 13:53:00+09:00,10710.0,10710.0,10710.0,10710.0,4,0.0,0.0
2024-08-09 13:54:00+09:00,10740.0,10770.0,10740.0,10770.0,54,0.0,0.0
2024-08-09 13:56:00+09:00,10760.0,10760.0,10760.0,10760.0,2,0.0,0.0
2024-08-09 13:57:00+09:00,10760.0,10760.0,10760.0,10760.0,59,0.0,0.0
2024-08-09 13:58:00+09:00,10720.0,10720.0,10720.0,10720.0,70,0.0,0.0
2024-08-09 13:59:00+09:00,10710.0,10710.0,10710.0,10710.0,2760,0.0,0.0
2024-08-09 14:00:00+09:00,10710.0,10710.0,10700.0,10700.0,0,0.0,0.0
2024-08-09 14:03:00+09:00,10700.0,10700.0,10700.0,10700.0,0,0.0,0.0
2024-08-09 14:04:00+09:00,10700.0,10700.0,10700.0,10700.0,600,0.0,0.0
2024-08-09 14:06:00+09:00,10700.0,10700.0,10700.0,10700.0,0,0.0,0.0
2024-08-09 14:08:00+09:00,10720.0,10720.0,10720.0,10720.0,2,0.0,0.0
2024-08-09 14:10:00+09:00,10720.0,10720.0,10720.0,10720.0,17,0.0,0.0
2024-08-09 14:11:00+09:00,10730.0,10730.0,10730.0,10730.0,95,0.0,0.0
2024-08-09 14:13:00+09:00,10740.0,10740.0,10740.0,10740.0,0,0.0,0.0
2024-08-09 14:14:00+09:00,10740.0,10760.0,10740.0,10760.0,302,0.0,0.0
2024-08-09 14:15:00+09:00,10720.0,10720.0,10720.0,10720.0,0,0.0,0.0
2024-08-09 14:16:00+09:00,10720.0,10720.0,10720.0,10720.0,8,0.0,0.0
2024-08-09 14:20:00+09:00,10750.0,10750.0,10750.0,10750.0,200,0.0,0.0
2024-08-09 14:22:00+09:00,10750.0,10750.0,10750.0,10750.0,0,0.0,0.0
2024-08-09 14:24:00+09:00,10740.0,10740.0,10730.0,10730.0,84,0.0,0.0
2024-08-09 14:25:00+09:00,10740.0,10740.0,10740.0,10740.0,78,0.0,0.0
2024-08-09 14:26:00+09:00,10750.0,10830.0,10750.0,10830.0,890,0.0,0.0
2024-08-09 14:27:00+09:00,10820.0,10820.0,10790.0,10790.0,140,0.0,0.0
2024-08-09 14:28:00+09:00,10780.0,10780.0,10780.0,10780.0,20,0.0,0.0
2024-08-09 14:29:00+09:00,10780.0,10780.0,10780.0,10780.0,112,0.0,0.0
2024-08-09 14:30:00+09:00,10780.0,10780.0,10780.0,10780.0,5,0.0,0.0
2024-08-09 14:31:00+09:00,10780.0,10780.0,10780.0,10780.0,51,0.0,0.0
2024-08-09 14:33:00+09:00,10780.0,10780.0,10780.0,10780.0,0,0.0,0.0
2024-08-09 14:35:00+09:00,10770.0,10780.0,10770.0,10780.0,104,0.0,0.0
2024-08-09 14:38:00+09:00,10760.0,10770.0,10760.0,10760.0,58,0.0,0.0
2024-08-09 14:39:00+09:00,10760.0,10780.0,10760.0,10780.0,1301,0.0,0.0
2024-08-09 14:40:00+09:00,10780.0,10830.0,10780.0,10830.0,192,0.0,0.0
2024-08-09 14:42:00+09:00,10780.0,10780.0,10780.0,10780.0,2567,0.0,0.0
2024-08-09 14:43:00+09:00,10790.0,10790.0,10790.0,10790.0,0,0.0,0.0
2024-08-09 14:44:00+09:00,10790.0,10790.0,10790.0,10790.0,1,0.0,0.0
2024-08-09 14:45:00+09:00,10780.0,10780.0,10740.0,10740.0,1393,0.0,0.0
2024-08-09 14:46:00+09:00,10740.0,10740.0,10740.0,10740.0,0,0.0,0.0
2024-08-09 14:52:00+09:00,10760.0,10760.0,10750.0,10750.0,160,0.0,0.0
2024-08-09 14:55:00+09:00,10760.0,10760.0,10760.0,10760.0,0,0.0,0.0
2024-08-09 14:56:00+09:00,10750.0,10750.0,10700.0,10700.0,4285,0.0,0.0
2024-08-09 14:57:00+09:00,10770.0,10830.0,10770.0,10830.0,1181,0.0,0.0
2024-08-09 14:58:00+09:00,10810.0,10810.0,10810.0,10810.0,0,0.0,0.0
