Datetime,Open,High,Low,Close,Volume,Dividends,Stock Splits
2024-08-05 09:00:00+09:00,8900.0,9240.0,8900.0,9000.0,0,0.0,0.0
2024-08-05 09:01:00+09:00,9220.0,9220.0,8970.0,8970.0,0,0.0,0.0
2024-08-05 09:02:00+09:00,8970.0,9040.0,8920.0,8940.0,1324,0.0,0.0
2024-08-05 09:03:00+09:00,8960.0,9040.0,8930.0,9040.0,607,0.0,0.0
2024-08-05 09:04:00+09:00,8940.0,8990.0,8940.0,8990.0,119,0.0,0.0
2024-08-05 09:05:00+09:00,8950.0,8950.0,8950.0,8950.0,256,0.0,0.0
2024-08-05 09:07:00+09:00,8960.0,8960.0,8910.0,8910.0,2967,0.0,0.0
2024-08-05 09:08:00+09:00,8910.0,8950.0,8910.0,8910.0,1687,0.0,0.0
2024-08-05 09:09:00+09:00,8910.0,8910.0,8860.0,8860.0,769,0.0,0.0
2024-08-05 09:10:00+09:00,8860.0,8860.0,8850.0,8850.0,351,0.0,0.0
2024-08-05 09:11:00+09:00,8850.0,8850.0,8810.0,8810.0,711,0.0,0.0
2024-08-05 09:12:00+09:00,8850.0,8850.0,8810.0,8810.0,106,0.0,0.0
2024-08-05 09:13:00+09:00,8810.0,8860.0,8810.0,8810.0,182,0.0,0.0
2024-08-05 09:14:00+09:00,8810.0,8810.0,8810.0,8810.0,289,0.0,0.0
2024-08-05 09:15:00+09:00,8860.0,8860.0,8860.0,8860.0,0,0.0,0.0
2024-08-05 09:16:00+09:00,8860.0,8860.0,8860.0,8860.0,67,0.0,0.0
2024-08-05 09:17:00+09:00,8880.0,8880.0,8860.0,8880.0,104,0.0,0.0
2024-08-05 09:18:00+09:00,8880.0,8990.0,8840.0,8840.0,2636,0.0,0.0
2024-08-05 09:19:00+09:00,8840.0,8840.0,8800.0,8800.0,1831,0.0,0.0
2024-08-05 09:20:00+09:00,8800.0,8800.0,8800.0,8800.0,1105,0.0,0.0
2024-08-05 09:22:00+09:00,8800.0,8820.0,8730.0,8760.0,3860,0.0,0.0
2024-08-05 09:23:00+09:00,8730.0,8730.0,8730.0,8730.0,109,0.0,0.0
2024-08-05 09:24:00+09:00,8710.0,8710.0,8700.0,8700.0,1304,0.0,0.0
2024-08-05 09:25:00+09:00,8720.0,8720.0,8720.0,8720.0,27,0.0,0.0
2024-08-05 09:26:00+09:00,8710.0,8830.0,8710.0,8830.0,788,0.0,0.0
2024-08-05 09:27:00+09:00,8830.0,8830.0,8830.0,8830.0,800,0.0,0.0
2024-08-05 09:28:00+09:00,8830.0,8830.0,8710.0,8710.0,0,0.0,0.0
2024-08-05 09:29:00+09:00,8740.0,8740.0,8740.0,8740.0,19,0.0,0.0
2024-08-05 09:31:00+09:00,8810.0,8840.0,8810.0,8840.0,1198,0.0,0.0
2024-08-05 09:32:00+09:00,8810.0,8830.0,8780.0,8830.0,203,0.0,0.0
2024-08-05 09:34:00+09:00,8840.0,8880.0,8840.0,8880.0,345,0.0,0.0
2024-08-05 09:35:00+09:00,8880.0,8880.0,8880.0,8880.0,50,0.0,0.0
2024-08-05 09:36:00+09:00,8880.0,8890.0,8830.0,8890.0,78,0.0,0.0
2024-08-05 09:37:00+09:00,8830.0,8830.0,8830.0,8830.0,21,0.0,0.0
2024-08-05 09:38:00+09:00,8830.0,8890.0,8830.0,8830.0,164,0.0,0.0
2024-08-05 09:39:00+09:00,8890.0,8890.0,8810.0,8810.0,0,0.0,0.0
2024-08-05 09:40:00+09:00,8810.0,8810.0,8810.0,8810.0,98,0.0,0.0
2024-08-05 09:41:00+09:00,8880.0,8880.0,8800.0,8880.0,805,0.0,0.0
2024-08-05 09:43:00+09:00,8890.0,8890.0,8890.0,8890.0,73,0.0,0.0
2024-08-05 09:44:00+09:00,8840.0,8840.0,8830.0,8830.0,366,0.0,0.0
2024-08-05 09:45:00+09:00,8830.0,8890.0,8830.0,8890.0,0,0.0,0.0
2024-08-05 09:47:00+09:00,8810.0,8810.0,8760.0,8760.0,2318,0.0,0.0
2024-08-05 09:48:00+09:00,8800.0,8800.0,8760.0,8760.0,651,0.0,0.0
2024-08-05 09:49:00+09:00,8780.0,8780.0,8780.0,8780.0,0,0.0,0.0
2024-08-05 09:50:00+09:00,8760.0,8760.0,8760.0,8760.0,318,0.0,0.0
2024-08-05 09:51:00+09:00,8750.0,8750.0,8710.0,8710.0,1130,0.0,0.0
2024-08-05 09:52:00+09:00,8750.0,8750.0,8750.0,8750.0,2,0.0,0.0
2024-08-05 09:53:00+09:00,8730.0,8750.0,8720.0,8750.0,350,0.0,0.0
2024-08-05 09:54:00+09:00,8720.0,8750.0,8710.0,8710.0,765,0.0,0.0
2024-08-05 09:55:00+09:00,8720.0,8720.0,8720.0,8720.0,0,0.0,0.0
2024-08-05 09:56:00+09:00,8720.0,8720.0,8700.0,8700.0,1036,0.0,0.0
2024-08-05 09:57:00+09:00,8710.0,8710.0,8680.0,8680.0,1385,0.0,0.0
2024-08-05 09:58:00+09:00,8680.0,8690.0,8600.0,8630.0,3747,0.0,0.0
2024-08-05 09:59:00+09:00,8620.0,8620.0,8600.0,8600.0,394,0.0,0.0
2024-08-05 10:00:00+09:00,8670.0,8670.0,8660.0,8670.0,0,0.0,0.0
2024-08-05 10:01:00+09:00,8670.0,8670.0,8670.0,8670.0,108,0.0,0.0
2024-08-05 10:02:00+09:00,8670.0,8690.0,8670.0,8690.0,492,0.0,0.0
2024-08-05 10:03:00+09:00,8690.0,8690.0,8690.0,8690.0,41,0.0,0.0
2024-08-05 10:04:00+09:00,8690.0,8690.0,8690.0,8690.0,180,0.0,0.0
2024-08-05 10:05:00+09:00,8660.0,8690.0,8660.0,8690.0,0,0.0,0.0
2024-08-05 10:07:00+09:00,8640.0,8640.0,8610.0,8610.0,2334,0.0,0.0
2024-08-05 10:08:00+09:00,8600.0,8600.0,8580.0,8580.0,1367,0.0,0.0
2024-08-05 10:09:00+09:00,8590.0,8600.0,8470.0,8470.0,3381,0.0,0.0
2024-08-05 10:10:00+09:00,8490.0,8490.0,8390.0,8400.0,4979,0.0,0.0
2024-08-05 10:11:00+09:00,8460.0,8460.0,8460.0,8460.0,0,0.0,0.0
2024-08-05 10:12:00+09:00,8470.0,8470.0,8460.0,8460.0,1202,0.0,0.0
2024-08-05 10:13:00+09:00,8520.0,8520.0,8460.0,8520.0,440,0.0,0.0
2024-08-05 10:14:00+09:00,8460.0,8460.0,8390.0,8400.0,1887,0.0,0.0
2024-08-05 10:15:00+09:00,8410.0,8560.0,8410.0,8550.0,167,0.0,0.0
2024-08-05 10:16:00+09:00,8560.0,8560.0,8560.0,8560.0,0,0.0,0.0
2024-08-05 10:17:00+09:00,8470.0,8560.0,8470.0,8560.0,11,0.0,0.0
2024-08-05 10:18:00+09:00,8480.0,8480.0,8480.0,8480.0,31,0.0,0.0
2024-08-05 10:19:00+09:00,8550.0,8550.0,8500.0,8500.0,212,0.0,0.0
2024-08-05 10:20:00+09:00,8500.0,8500.0,8500.0,8500.0,75,0.0,0.0
2024-08-05 10:21:00+09:00,8540.0,8540.0,8540.0,8540.0,0,0.0,0.0
2024-08-05 10:22:00+09:00,8500.0,8510.0,8500.0,8510.0,209,0.0,0.0
2024-08-05 10:23:00+09:00,8500.0,8500.0,8490.0,8490.0,454,0.0,0.0
2024-08-05 10:24:00+09:00,8480.0,8500.0,8480.0,8500.0,925,0.0,0.0
2024-08-05 10:25:00+09:00,8490.0,8500.0,8490.0,8500.0,0,0.0,0.0
2024-08-05 10:27:00+09:00,8500.0,8500.0,8500.0,8500.0,199,0.0,0.0
2024-08-05 10:30:00+09:00,8510.0,8530.0,8510.0,8520.0,280,0.0,0.0
2024-08-05 10:31:00+09:00,8530.0,8530.0,8530.0,8530.0,0,0.0,0.0
2024-08-05 10:32:00+09:00,8530.0,8530.0,8520.0,8520.0,0,0.0,0.0
2024-08-05 10:33:00+09:00,8530.0,8540.0,8510.0,8510.0,1350,0.0,0.0
2024-08-05 10:34:00+09:00,8540.0,8540.0,8540.0,8540.0,780,0.0,0.0
2024-08-05 10:36:00+09:00,8500.0,8540.0,8500.0,8540.0,0,0.0,0.0
2024-08-05 10:39:00+09:00,8510.0,8510.0,8510.0,8510.0,86,0.0,0.0
2024-08-05 10:40:00+09:00,8510.0,8510.0,8510.0,8510.0,0,0.0,0.0
2024-08-05 10:42:00+09:00,8540.0,8540.0,8540.0,8540.0,0,0.0,0.0
2024-08-05 10:44:00+09:00,8530.0,8530.0,8500.0,8500.0,389,0.0,0.0
2024-08-05 10:46:00+09:00,8540.0,8540.0,8540.0,8540.0,0,0.0,0.0
2024-08-05 10:47:00+09:00,8560.0,8640.0,8560.0,8640.0,67,0.0,0.0
2024-08-05 10:53:00+09:00,8570.0,8570.0,8560.0,8560.0,72,0.0,0.0
2024-08-05 10:56:00+09:00,8550.0,8600.0,8550.0,8600.0,0,0.0,0.0
2024-08-05 10:58:00+09:00,8550.0,8550.0,8540.0,8540.0,330,0.0,0.0
2024-08-05 11:01:00+09:00,8540.0,8540.0,8540.0,8540.0,36,0.0,0.0
2024-08-05 11:02:00+09:00,8540.0,8600.0,8530.0,8600.0,195,0.0,0.0
2024-08-05 11:03:00+09:00,8600.0,8600.0,8510.0,8600.0,294,0.0,0.0
2024-08-05 11:05:00+09:00,8500.0,8500.0,8490.0,8490.0,949,0.0,0.0
2024-08-05 11:06:00+09:00,8490.0,8490.0,8450.0,8450.0,2353,0.0,0.0
2024-08-05 11:07:00+09:00,8450.0,8450.0,8450.0,8450.0,243,0.0,0.0
2024-08-05 11:08:00+09:00,8440.0,8440.0,8430.0,8430.0,732,0.0,0.0
2024-08-05 11:09:00+09:00,8430.0,8440.0,8430.0,8440.0,0,0.0,0.0
2024-08-05 11:10:00+09:00,8430.0,8440.0,8400.0,8400.0,2230,0.0,0.0
2024-08-05 11:11:00+09:00,8400.0,8400.0,8380.0,8380.0,8403,0.0,0.0
2024-08-05 11:12:00+09:00,8370.0,8370.0,8360.0,8370.0,314,0.0,0.0
2024-08-05 11:13:00+09:00,8360.0,8370.0,8360.0,8370.0,353,0.0,0.0
2024-08-05 11:14:00+09:00,8370.0,8370.0,8270.0,8270.0,4113,0.0,0.0
2024-08-05 11:15:00+09:00,8310.0,8310.0,8300.0,8300.0,0,0.0,0.0
2024-08-05 11:16:00+09:00,8320.0,8320.0,8320.0,8320.0,74,0.0,0.0
2024-08-05 11:17:00+09:00,8350.0,8390.0,8300.0,8340.0,571,0.0,0.0
2024-08-05 11:18:00+09:00,8340.0,8340.0,8340.0,8340.0,22,0.0,0.0
2024-08-05 11:23:00+09:00,8340.0,8380.0,8340.0,8380.0,0,0.0,0.0
2024-08-05 11:24:00+09:00,8350.0,8350.0,8330.0,8330.0,1523,0.0,0.0
2024-08-05 11:26:00+09:00,8330.0,8330.0,8320.0,8320.0,699,0.0,0.0
2024-08-05 11:27:00+09:00,8380.0,8400.0,8380.0,8400.0,423,0.0,0.0
2024-08-05 11:29:00+09:00,8390.0,8400.0,8390.0,8400.0,0,0.0,0.0
2024-08-05 11:30:00+09:00,8390.0,8400.0,8390.0,8400.0,944,0.0,0.0
2024-08-05 11:32:00+09:00,8360.0,8360.0,8360.0,8360.0,496,0.0,0.0
2024-08-05 11:34:00+09:00,8350.0,8350.0,8310.0,8310.0,793,0.0,0.0
2024-08-05 11:37:00+09:00,8320.0,8320.0,8300.0,8300.0,2016,0.0,0.0
2024-08-05 11:38:00+09:00,8300.0,8300.0,8300.0,8300.0,0,0.0,0.0
2024-08-05 11:39:00+09:00,8300.0,8300.0,8280.0,8280.0,1808,0.0,0.0
2024-08-05 11:40:00+09:00,8290.0,8290.0,8280.0,8280.0,0,0.0,0.0
2024-08-05 11:41:00+09:00,8290.0,8290.0,8280.0,8280.0,224,0.0,0.0
2024-08-05 11:43:00+09:00,8300.0,8300.0,8290.0,8290.0,105,0.0,0.0
2024-08-05 11:45:00+09:00,8290.0,8290.0,8270.0,8270.0,770,0.0,0.0
2024-08-05 11:46:00+09:00,8270.0,8280.0,8270.0,8280.0,209,0.0,0.0
2024-08-05 11:47:00+09:00,8280.0,8280.0,8280.0,8280.0,0,0.0,0.0
2024-08-05 11:48:00+09:00,8280.0,8280.0,8270.0,8270.0,1326,0.0,0.0
2024-08-05 11:49:00+09:00,8260.0,8270.0,8260.0,8270.0,935,0.0,0.0
2024-08-05 11:51:00+09:00,8270.0,8280.0,8270.0,8280.0,365,0.0,0.0
2024-08-05 11:52:00+09:00,8270.0,8270.0,8200.0,8240.0,2572,0.0,0.0
2024-08-05 11:56:00+09:00,8240.0,8240.0,8240.0,8240.0,7,0.0,0.0
2024-08-05 11:57:00+09:00,8230.0,8230.0,8180.0,8180.0,1237,0.0,0.0
2024-08-05 11:58:00+09:00,8210.0,8210.0,8210.0,8210.0,23,0.0,0.0
2024-08-05 11:59:00+09:00,8180.0,8210.0,8180.0,8210.0,186,0.0,0.0
2024-08-05 12:01:00+09:00,8200.0,8220.0,8200.0,8220.0,174,0.0,0.0
2024-08-05 12:04:00+09:00,8220.0,8220.0,8220.0,8220.0,0,0.0,0.0
2024-08-05 12:06:00+09:00,8200.0,8210.0,8200.0,8210.0,900,0.0,0.0
2024-08-05 12:07:00+09:00,8210.0,8210.0,8210.0,8210.0,190,0.0,0.0
2024-08-05 12:08:00+09:00,8200.0,8200.0,8200.0,8200.0,875,0.0,0.0
2024-08-05 12:09:00+09:00,8210.0,8210.0,8200.0,8200.0,251,0.0,0.0
2024-08-05 12:10:00+09:00,8210.0,8210.0,8200.0,8200.0,0,0.0,0.0
2024-08-05 12:11:00+09:00,8200.0,8200.0,8190.0,8190.0,1576,0.0,0.0
2024-08-05 12:16:00+09:00,8230.0,8230.0,8230.0,8230.0,0,0.0,0.0
2024-08-05 12:18:00+09:00,8210.0,8210.0,8200.0,8200.0,220,0.0,0.0
2024-08-05 12:22:00+09:00,8200.0,8200.0,8200.0,8200.0,85,0.0,0.0
2024-08-05 12:23:00+09:00,8200.0,8200.0,8180.0,8180.0,508,0.0,0.0
2024-08-05 12:24:00+09:00,8180.0,8180.0,8180.0,8180.0,138,0.0,0.0
2024-08-05 12:25:00+09:00,8180.0,8180.0,8180.0,8180.0,138,0.0,0.0
2024-08-05 12:27:00+09:00,8180.0,8200.0,8180.0,8200.0,0,0.0,0.0
2024-08-05 12:28:00+09:00,8190.0,8200.0,8190.0,8200.0,879,0.0,0.0
2024-08-05 12:29:00+09:00,8230.0,8240.0,8230.0,8240.0,0,0.0,0.0
2024-08-05 12:31:00+09:00,8210.0,8260.0,8210.0,8210.0,67,0.0,0.0
2024-08-05 12:32:00+09:00,8210.0,8260.0,8210.0,8260.0,0,0.0,0.0
2024-08-05 12:36:00+09:00,8260.0,8260.0,8260.0,8260.0,103,0.0,0.0
2024-08-05 12:37:00+09:00,8270.0,8340.0,8270.0,8340.0,120,0.0,0.0
2024-08-05 12:39:00+09:00,8390.0,8450.0,8380.0,8380.0,307,0.0,0.0
2024-08-05 12:40:00+09:00,8390.0,8390.0,8280.0,8280.0,0,0.0,0.0
2024-08-05 12:41:00+09:00,8280.0,8280.0,8280.0,8280.0,34,0.0,0.0
2024-08-05 12:42:00+09:00,8380.0,8380.0,8380.0,8380.0,0,0.0,0.0
2024-08-05 12:51:00+09:00,8360.0,8380.0,8360.0,8380.0,100,0.0,0.0
2024-08-05 12:54:00+09:00,8350.0,8350.0,8350.0,8350.0,200,0.0,0.0
2024-08-05 12:56:00+09:00,8320.0,8320.0,8230.0,8230.0,2695,0.0,0.0
2024-08-05 12:57:00+09:00,8230.0,8230.0,8230.0,8230.0,0,0.0,0.0
2024-08-05 12:58:00+09:00,8220.0,8220.0,8180.0,8180.0,5030,0.0,0.0
2024-08-05 12:59:00+09:00,8180.0,8180.0,8160.0,8180.0,0,0.0,0.0
2024-08-05 13:00:00+09:00,8160.0,8180.0,8140.0,8150.0,450,0.0,0.0
2024-08-05 13:01:00+09:00,8150.0,8150.0,8150.0,8150.0,586,0.0,0.0
2024-08-05 13:02:00+09:00,8180.0,8180.0,8180.0,8180.0,0,0.0,0.0
2024-08-05 13:05:00+09:00,8170.0,8170.0,8160.0,8160.0,3733,0.0,0.0
2024-08-05 13:06:00+09:00,8170.0,8290.0,8170.0,8290.0,2,0.0,0.0
2024-08-05 13:07:00+09:00,8170.0,8170.0,8170.0,8170.0,4,0.0,0.0
2024-08-05 13:08:00+09:00,8170.0,8170.0,8170.0,8170.0,4,0.0,0.0
2024-08-05 13:10:00+09:00,8260.0,8270.0,8170.0,8270.0,688,0.0,0.0
2024-08-05 13:11:00+09:00,8180.0,8180.0,8180.0,8180.0,115,0.0,0.0
2024-08-05 13:12:00+09:00,8180.0,8180.0,8180.0,8180.0,94,0.0,0.0
2024-08-05 13:15:00+09:00,8190.0,8190.0,8190.0,8190.0,49,0.0,0.0
2024-08-05 13:16:00+09:00,8190.0,8190.0,8190.0,8190.0,2919,0.0,0.0
2024-08-05 13:17:00+09:00,8180.0,8200.0,8150.0,8150.0,0,0.0,0.0
2024-08-05 13:18:00+09:00,8150.0,8150.0,8150.0,8150.0,0,0.0,0.0
2024-08-05 13:19:00+09:00,8190.0,8190.0,8190.0,8190.0,0,0.0,0.0
2024-08-05 13:20:00+09:00,8160.0,8160.0,8160.0,8160.0,60,0.0,0.0
2024-08-05 13:22:00+09:00,8160.0,8160.0,8150.0,8150.0,225,0.0,0.0
2024-08-05 13:23:00+09:00,8150.0,8150.0,8140.0,8150.0,450,0.0,0.0
2024-08-05 13:24:00+09:00,8140.0,8140.0,8130.0,8130.0,1270,0.0,0.0
2024-08-05 13:25:00+09:00,8130.0,8130.0,8120.0,8120.0,932,0.0,0.0
2024-08-05 13:26:00+09:00,8120.0,8120.0,8120.0,8120.0,0,0.0,0.0
2024-08-05 13:27:00+09:00,8110.0,8110.0,8110.0,8110.0,232,0.0,0.0
2024-08-05 13:28:00+09:00,8120.0,8120.0,8110.0,8110.0,231,0.0,0.0
2024-08-05 13:29:00+09:00,8110.0,8120.0,8110.0,8120.0,18,0.0,0.0
2024-08-05 13:30:00+09:00,8140.0,8140.0,8120.0,8120.0,206,0.0,0.0
2024-08-05 13:32:00+09:00,8120.0,8120.0,8080.0,8100.0,3287,0.0,0.0
2024-08-05 13:33:00+09:00,8080.0,8080.0,8080.0,8080.0,0,0.0,0.0
2024-08-05 13:34:00+09:00,8080.0,8100.0,8080.0,8100.0,359,0.0,0.0
2024-08-05 13:36:00+09:00,8090.0,8090.0,8090.0,8090.0,120,0.0,0.0
2024-08-05 13:38:00+09:00,8080.0,8080.0,8080.0,8080.0,590,0.0,0.0
2024-08-05 13:39:00+09:00,8080.0,8080.0,8050.0,8050.0,760,0.0,0.0
2024-08-05 13:41:00+09:00,8050.0,8050.0,8040.0,8040.0,0,0.0,0.0
2024-08-05 13:42:00+09:00,8050.0,8050.0,8050.0,8050.0,26,0.0,0.0
2024-08-05 13:43:00+09:00,8040.0,8060.0,8030.0,8060.0,953,0.0,0.0
2024-08-05 13:48:00+09:00,8040.0,8040.0,8020.0,8020.0,417,0.0,0.0
2024-08-05 13:51:00+09:00,8040.0,8040.0,8040.0,8040.0,70,0.0,0.0
2024-08-05 13:52:00+09:00,8020.0,8020.0,8020.0,8020.0,8,0.0,0.0
2024-08-05 13:53:00+09:00,8020.0,8020.0,8020.0,8020.0,54,0.0,0.0
2024-08-05 13:55:00+09:00,8020.0,8020.0,7980.0,8000.0,2423,0.0,0.0
2024-08-05 14:26:00+09:00,7980.0,8000.0,7940.0,7960.0,1000,0.0,0.0
2024-08-05 14:27:00+09:00,7960.0,7960.0,7700.0,7700.0,2000,0.0,0.0
2024-08-05 14:28:00+09:00,7690.0,7880.0,7530.0,7880.0,770,0.0,0.0
2024-08-05 14:29:00+09:00,7800.0,7810.0,7800.0,7800.0,119,0.0,0.0
2024-08-05 14:30:00+09:00,7800.0,7800.0,7800.0,7800.0,30,0.0,0.0
2024-08-05 14:31:00+09:00,7790.0,7790.0,7720.0,7730.0,501,0.0,0.0
2024-08-05 14:32:00+09:00,7730.0,7730.0,7710.0,7710.0,2593,0.0,0.0
2024-08-05 14:33:00+09:00,7720.0,7720.0,7700.0,7700.0,784,0.0,0.0
2024-08-05 14:34:00+09:00,7710.0,7710.0,7700.0,7700.0,29,0.0,0.0
2024-08-05 14:35:00+09:00,7790.0,7790.0,7790.0,7790.0,3,0.0,0.0
2024-08-05 14:36:00+09:00,7790.0,7790.0,7650.0,7650.0,3046,0.0,0.0
2024-08-05 14:37:00+09:00,7650.0,7700.0,7650.0,7700.0,772,0.0,0.0
2024-08-05 14:38:00+09:00,7660.0,7660.0,7660.0,7660.0,223,0.0,0.0
2024-08-05 14:39:00+09:00,7650.0,7880.0,7650.0,7880.0,1932,0.0,0.0
2024-08-05 14:40:00+09:00,7880.0,7910.0,7880.0,7910.0,149,0.0,0.0
2024-08-05 14:41:00+09:00,7800.0,7800.0,7800.0,7800.0,781,0.0,0.0
2024-08-05 14:42:00+09:00,7890.0,7890.0,7800.0,7800.0,0,0.0,0.0
2024-08-05 14:43:00+09:00,7790.0,7790.0,7700.0,7700.0,475,0.0,0.0
2024-08-05 14:44:00+09:00,7690.0,7700.0,7690.0,7700.0,40,0.0,0.0
2024-08-05 14:45:00+09:00,7710.0,7710.0,7690.0,7690.0,1729,0.0,0.0
2024-08-05 14:46:00+09:00,7770.0,7770.0,7680.0,7680.0,370,0.0,0.0
2024-08-05 14:47:00+09:00,7670.0,7670.0,7640.0,7640.0,224,0.0,0.0
2024-08-05 14:48:00+09:00,7630.0,7640.0,7540.0,7540.0,1398,0.0,0.0
2024-08-05 14:49:00+09:00,7540.0,7540.0,7540.0,7540.0,80,0.0,0.0
2024-08-05 14:50:00+09:00,7550.0,7550.0,7530.0,7530.0,1295,0.0,0.0
2024-08-05 14:51:00+09:00,7550.0,7550.0,7430.0,7490.0,1896,0.0,0.0
2024-08-05 14:52:00+09:00,7490.0,7490.0,7330.0,7330.0,1245,0.0,0.0
2024-08-05 14:53:00+09:00,7400.0,7490.0,7400.0,7490.0,72,0.0,0.0
2024-08-05 14:54:00+09:00,7490.0,7490.0,7330.0,7330.0,2730,0.0,0.0
2024-08-05 14:56:00+09:00,7330.0,7330.0,7300.0,7300.0,1587,0.0,0.0
2024-08-05 14:57:00+09:00,7300.0,7300.0,7300.0,7300.0,0,0.0,0.0
2024-08-05 14:58:00+09:00,7300.0,7300.0,7300.0,7300.0,467,0.0,0.0
2024-08-06 09:00:00+09:00,7510.0,7660.0,7510.0,7660.0,2628,0.0,0.0
2024-08-06 09:01:00+09:00,7750.0,7900.0,7680.0,7680.0,898,0.0,0.0
2024-08-06 09:02:00+09:00,7720.0,7900.0,7720.0,7870.0,1081,0.0,0.0
2024-08-06 09:03:00+09:00,7870.0,7870.0,7850.0,7870.0,733,0.0,0.0
2024-08-06 09:04:00+09:00,7840.0,7840.0,7760.0,7760.0,81,0.0,0.0
2024-08-06 09:05:00+09:00,7830.0,7840.0,7830.0,7840.0,156,0.0,0.0
2024-08-06 09:06:00+09:00,7840.0,7840.0,7820.0,7820.0,460,0.0,0.0
2024-08-06 09:07:00+09:00,7790.0,7790.0,7740.0,7740.0,277,0.0,0.0
2024-08-06 09:08:00+09:00,7730.0,7730.0,7730.0,7730.0,13,0.0,0.0
2024-08-06 09:09:00+09:00,7740.0,7740.0,7720.0,7720.0,1019,0.0,0.0
2024-08-06 09:10:00+09:00,7720.0,7720.0,7720.0,7720.0,885,0.0,0.0
2024-08-06 09:11:00+09:00,7730.0,7730.0,7730.0,7730.0,366,0.0,0.0
2024-08-06 09:12:00+09:00,7790.0,7830.0,7790.0,7830.0,1564,0.0,0.0
2024-08-06 09:13:00+09:00,7820.0,7850.0,7820.0,7850.0,371,0.0,0.0
2024-08-06 09:14:00+09:00,7850.0,7870.0,7850.0,7870.0,725,0.0,0.0
2024-08-06 09:15:00+09:00,7870.0,7980.0,7870.0,7980.0,161,0.0,0.0
2024-08-06 09:16:00+09:00,7940.0,7940.0,7940.0,7940.0,0,0.0,0.0
2024-08-06 09:17:00+09:00,7930.0,7930.0,7930.0,7930.0,153,0.0,0.0
2024-08-06 09:18:00+09:00,7880.0,7880.0,7870.0,7870.0,242,0.0,0.0
2024-08-06 09:19:00+09:00,7870.0,7910.0,7870.0,7910.0,23,0.0,0.0
2024-08-06 09:20:00+09:00,7910.0,7910.0,7910.0,7910.0,3,0.0,0.0
2024-08-06 09:21:00+09:00,7910.0,7930.0,7910.0,7930.0,124,0.0,0.0
2024-08-06 09:22:00+09:00,7910.0,7910.0,7900.0,7900.0,95,0.0,0.0
2024-08-06 09:23:00+09:00,7910.0,7910.0,7890.0,7890.0,0,0.0,0.0
2024-08-06 09:26:00+09:00,7890.0,7910.0,7890.0,7910.0,240,0.0,0.0
2024-08-06 09:27:00+09:00,7920.0,7920.0,7920.0,7920.0,96,0.0,0.0
2024-08-06 09:28:00+09:00,7920.0,7920.0,7890.0,7890.0,113,0.0,0.0
2024-08-06 09:29:00+09:00,7880.0,7900.0,7880.0,7900.0,207,0.0,0.0
2024-08-06 09:30:00+09:00,7890.0,7890.0,7800.0,7800.0,470,0.0,0.0
2024-08-06 09:31:00+09:00,7810.0,7810.0,7810.0,7810.0,40,0.0,0.0
2024-08-06 09:32:00+09:00,7870.0,7870.0,7870.0,7870.0,207,0.0,0.0
2024-08-06 09:33:00+09:00,7870.0,7890.0,7870.0,7890.0,83,0.0,0.0
2024-08-06 09:34:00+09:00,7890.0,7940.0,7890.0,7940.0,834,0.0,0.0
2024-08-06 09:35:00+09:00,7950.0,8000.0,7950.0,8000.0,1390,0.0,0.0
2024-08-06 09:37:00+09:00,7970.0,7970.0,7960.0,7960.0,394,0.0,0.0
2024-08-06 09:38:00+09:00,7960.0,7970.0,7870.0,7970.0,2345,0.0,0.0
2024-08-06 09:39:00+09:00,7990.0,8030.0,7990.0,8000.0,0,0.0,0.0
2024-08-06 09:40:00+09:00,8000.0,8000.0,7990.0,7990.0,127,0.0,0.0
2024-08-06 09:41:00+09:00,8030.0,8050.0,8030.0,8050.0,1334,0.0,0.0
2024-08-06 09:42:00+09:00,8050.0,8050.0,8050.0,8050.0,205,0.0,0.0
2024-08-06 09:43:00+09:00,8010.0,8050.0,8010.0,8050.0,118,0.0,0.0
2024-08-06 09:44:00+09:00,8050.0,8050.0,8000.0,8020.0,748,0.0,0.0
2024-08-06 09:45:00+09:00,7990.0,7990.0,7990.0,7990.0,0,0.0,0.0
2024-08-06 09:46:00+09:00,7990.0,8030.0,7990.0,8020.0,166,0.0,0.0
2024-08-06 09:47:00+09:00,8040.0,8060.0,8040.0,8060.0,448,0.0,0.0
2024-08-06 09:48:00+09:00,8040.0,8070.0,8040.0,8070.0,527,0.0,0.0
2024-08-06 09:49:00+09:00,8060.0,8070.0,8060.0,8070.0,211,0.0,0.0
2024-08-06 09:50:00+09:00,8080.0,8090.0,8080.0,8090.0,830,0.0,0.0
2024-08-06 09:51:00+09:00,8090.0,8090.0,8060.0,8080.0,0,0.0,0.0
2024-08-06 09:52:00+09:00,8090.0,8130.0,8090.0,8130.0,53,0.0,0.0
2024-08-06 09:53:00+09:00,8130.0,8130.0,8130.0,8130.0,208,0.0,0.0
2024-08-06 09:54:00+09:00,8100.0,8100.0,8100.0,8100.0,0,0.0,0.0
2024-08-06 09:55:00+09:00,8110.0,8110.0,8110.0,8110.0,54,0.0,0.0
2024-08-06 09:56:00+09:00,8130.0,8190.0,8120.0,8120.0,1266,0.0,0.0
2024-08-06 09:57:00+09:00,8180.0,8220.0,8180.0,8220.0,876,0.0,0.0
2024-08-06 09:58:00+09:00,8220.0,8220.0,8220.0,8220.0,0,0.0,0.0
2024-08-06 09:59:00+09:00,8210.0,8210.0,8200.0,8200.0,354,0.0,0.0
2024-08-06 10:00:00+09:00,8220.0,8220.0,8220.0,8220.0,214,0.0,0.0
2024-08-06 10:01:00+09:00,8240.0,8240.0,8240.0,8240.0,143,0.0,0.0
2024-08-06 10:02:00+09:00,8240.0,8240.0,8230.0,8230.0,0,0.0,0.0
2024-08-06 10:03:00+09:00,8230.0,8230.0,8230.0,8230.0,176,0.0,0.0
2024-08-06 10:04:00+09:00,8230.0,8260.0,8230.0,8260.0,311,0.0,0.0
2024-08-06 10:06:00+09:00,8250.0,8260.0,8250.0,8260.0,209,0.0,0.0
2024-08-06 10:07:00+09:00,8250.0,8260.0,8230.0,8260.0,83,0.0,0.0
2024-08-06 10:08:00+09:00,8260.0,8260.0,8260.0,8260.0,217,0.0,0.0
2024-08-06 10:09:00+09:00,8250.0,8250.0,8210.0,8210.0,103,0.0,0.0
2024-08-06 10:10:00+09:00,8250.0,8270.0,8250.0,8270.0,699,0.0,0.0
2024-08-06 10:11:00+09:00,8280.0,8280.0,8280.0,8280.0,199,0.0,0.0
2024-08-06 10:12:00+09:00,8280.0,8280.0,8280.0,8280.0,173,0.0,0.0
2024-08-06 10:13:00+09:00,8280.0,8280.0,8280.0,8280.0,134,0.0,0.0
2024-08-06 10:14:00+09:00,8280.0,8300.0,8280.0,8300.0,2549,0.0,0.0
2024-08-06 10:15:00+09:00,8290.0,8290.0,8290.0,8290.0,0,0.0,0.0
2024-08-06 10:16:00+09:00,8300.0,8300.0,8300.0,8300.0,0,0.0,0.0
2024-08-06 10:17:00+09:00,8300.0,8370.0,8300.0,8370.0,93,0.0,0.0
2024-08-06 10:18:00+09:00,8370.0,8370.0,8310.0,8310.0,263,0.0,0.0
2024-08-06 10:19:00+09:00,8320.0,8370.0,8320.0,8370.0,208,0.0,0.0
2024-08-06 10:20:00+09:00,8370.0,8370.0,8370.0,8370.0,154,0.0,0.0
2024-08-06 10:21:00+09:00,8370.0,8430.0,8330.0,8330.0,215,0.0,0.0
2024-08-06 10:22:00+09:00,8340.0,8410.0,8320.0,8410.0,395,0.0,0.0
2024-08-06 10:23:00+09:00,8330.0,8380.0,8300.0,8310.0,333,0.0,0.0
2024-08-06 10:24:00+09:00,8310.0,8370.0,8290.0,8370.0,251,0.0,0.0
2024-08-06 10:25:00+09:00,8290.0,8290.0,8270.0,8270.0,252,0.0,0.0
2024-08-06 10:26:00+09:00,8370.0,8370.0,8370.0,8370.0,106,0.0,0.0
2024-08-06 10:27:00+09:00,8350.0,8350.0,8350.0,8350.0,41,0.0,0.0
2024-08-06 10:28:00+09:00,8330.0,8350.0,8270.0,8270.0,296,0.0,0.0
2024-08-06 10:29:00+09:00,8270.0,8350.0,8260.0,8350.0,302,0.0,0.0
2024-08-06 10:30:00+09:00,8340.0,8340.0,8270.0,8270.0,0,0.0,0.0
2024-08-06 10:31:00+09:00,8320.0,8320.0,8260.0,8260.0,324,0.0,0.0
2024-08-06 10:32:00+09:00,8250.0,8290.0,8250.0,8290.0,129,0.0,0.0
2024-08-06 10:33:00+09:00,8260.0,8300.0,8260.0,8290.0,139,0.0,0.0
2024-08-06 10:34:00+09:00,8280.0,8290.0,8280.0,8290.0,77,0.0,0.0
2024-08-06 10:35:00+09:00,8290.0,8290.0,8260.0,8260.0,270,0.0,0.0
2024-08-06 10:36:00+09:00,8290.0,8290.0,8290.0,8290.0,121,0.0,0.0
2024-08-06 10:37:00+09:00,8290.0,8290.0,8290.0,8290.0,104,0.0,0.0
2024-08-06 10:38:00+09:00,8280.0,8280.0,8230.0,8250.0,532,0.0,0.0
2024-08-06 10:39:00+09:00,8250.0,8250.0,8230.0,8230.0,173,0.0,0.0
2024-08-06 10:40:00+09:00,8220.0,8220.0,8190.0,8190.0,896,0.0,0.0
2024-08-06 10:41:00+09:00,8210.0,8210.0,8210.0,8210.0,86,0.0,0.0
2024-08-06 10:42:00+09:00,8130.0,8180.0,8120.0,8180.0,166,0.0,0.0
2024-08-06 10:43:00+09:00,8120.0,8130.0,8090.0,8100.0,2013,0.0,0.0
2024-08-06 10:44:00+09:00,8100.0,8150.0,8100.0,8150.0,193,0.0,0.0
2024-08-06 10:45:00+09:00,8180.0,8200.0,8180.0,8200.0,309,0.0,0.0
2024-08-06 10:46:00+09:00,8230.0,8230.0,8230.0,8230.0,172,0.0,0.0
2024-08-06 10:47:00+09:00,8210.0,8220.0,8210.0,8220.0,36,0.0,0.0
2024-08-06 10:48:00+09:00,8210.0,8210.0,8180.0,8180.0,65,0.0,0.0
2024-08-06 10:49:00+09:00,8220.0,8230.0,8220.0,8230.0,446,0.0,0.0
2024-08-06 10:50:00+09:00,8240.0,8240.0,8240.0,8240.0,139,0.0,0.0
2024-08-06 10:51:00+09:00,8250.0,8250.0,8250.0,8250.0,229,0.0,0.0
2024-08-06 10:52:00+09:00,8170.0,8170.0,8100.0,8100.0,100,0.0,0.0
2024-08-06 10:53:00+09:00,8230.0,8230.0,8230.0,8230.0,162,0.0,0.0
2024-08-06 10:54:00+09:00,8220.0,8220.0,8220.0,8220.0,148,0.0,0.0
2024-08-06 10:55:00+09:00,8190.0,8190.0,8190.0,8190.0,105,0.0,0.0
2024-08-06 10:56:00+09:00,8190.0,8190.0,8190.0,8190.0,34,0.0,0.0
2024-08-06 10:57:00+09:00,8190.0,8190.0,8190.0,8190.0,0,0.0,0.0
2024-08-06 10:58:00+09:00,8200.0,8200.0,8200.0,8200.0,149,0.0,0.0
2024-08-06 10:59:00+09:00,8210.0,8210.0,8210.0,8210.0,43,0.0,0.0
2024-08-06 11:00:00+09:00,8210.0,8210.0,8190.0,8200.0,653,0.0,0.0
2024-08-06 11:01:00+09:00,8190.0,8190.0,8190.0,8190.0,0,0.0,0.0
2024-08-06 11:02:00+09:00,8190.0,8190.0,8190.0,8190.0,386,0.0,0.0
2024-08-06 11:03:00+09:00,8150.0,8220.0,8150.0,8220.0,356,0.0,0.0
2024-08-06 11:04:00+09:00,8230.0,8230.0,8130.0,8130.0,362,0.0,0.0
2024-08-06 11:05:00+09:00,8240.0,8240.0,8240.0,8240.0,13,0.0,0.0
2024-08-06 11:07:00+09:00,8190.0,8190.0,8190.0,8190.0,131,0.0,0.0
2024-08-06 11:08:00+09:00,8190.0,8190.0,8180.0,8190.0,122,0.0,0.0
2024-08-06 11:09:00+09:00,8190.0,8230.0,8190.0,8230.0,2765,0.0,0.0
2024-08-06 11:10:00+09:00,8250.0,8250.0,8200.0,8200.0,6093,0.0,0.0
2024-08-06 11:11:00+09:00,8250.0,8250.0,8200.0,8200.0,0,0.0,0.0
2024-08-06 11:12:00+09:00,8270.0,8270.0,8270.0,8270.0,0,0.0,0.0
2024-08-06 11:13:00+09:00,8260.0,8260.0,8260.0,8260.0,123,0.0,0.0
2024-08-06 11:14:00+09:00,8260.0,8260.0,8260.0,8260.0,131,0.0,0.0
2024-08-06 11:15:00+09:00,8200.0,8200.0,8200.0,8200.0,1080,0.0,0.0
2024-08-06 11:16:00+09:00,8260.0,8260.0,8260.0,8260.0,0,0.0,0.0
2024-08-06 11:17:00+09:00,8260.0,8260.0,8260.0,8260.0,395,0.0,0.0
2024-08-06 11:18:00+09:00,8200.0,8240.0,8150.0,8240.0,1391,0.0,0.0
2024-08-06 11:19:00+09:00,8200.0,8200.0,8200.0,8200.0,29,0.0,0.0
2024-08-06 11:20:00+09:00,8250.0,8250.0,8250.0,8250.0,207,0.0,0.0
2024-08-06 11:21:00+09:00,8250.0,8250.0,8250.0,8250.0,10,0.0,0.0
2024-08-06 11:22:00+09:00,8180.0,8190.0,8160.0,8190.0,293,0.0,0.0
2024-08-06 11:23:00+09:00,8150.0,8200.0,8140.0,8200.0,308,0.0,0.0
2024-08-06 11:25:00+09:00,8200.0,8200.0,8200.0,8200.0,104,0.0,0.0
2024-08-06 11:26:00+09:00,8200.0,8200.0,8200.0,8200.0,43,0.0,0.0
2024-08-06 11:27:00+09:00,8220.0,8230.0,8220.0,8230.0,55,0.0,0.0
2024-08-06 11:28:00+09:00,8200.0,8200.0,8200.0,8200.0,304,0.0,0.0
2024-08-06 11:29:00+09:00,8240.0,8240.0,8240.0,8240.0,64,0.0,0.0
2024-08-06 11:30:00+09:00,8200.0,8250.0,8200.0,8250.0,1004,0.0,0.0
2024-08-06 11:31:00+09:00,8250.0,8260.0,8250.0,8260.0,0,0.0,0.0
2024-08-06 11:32:00+09:00,8270.0,8280.0,8270.0,8280.0,476,0.0,0.0
2024-08-06 11:33:00+09:00,8280.0,8300.0,8280.0,8300.0,2698,0.0,0.0
2024-08-06 11:34:00+09:00,8310.0,8380.0,8310.0,8380.0,117,0.0,0.0
2024-08-06 11:35:00+09:00,8390.0,8390.0,8390.0,8390.0,96,0.0,0.0
2024-08-06 11:36:00+09:00,8390.0,8400.0,8390.0,8400.0,92,0.0,0.0
2024-08-06 11:37:00+09:00,8390.0,8390.0,8390.0,8390.0,3,0.0,0.0
2024-08-06 11:38:00+09:00,8390.0,8390.0,8390.0,8390.0,132,0.0,0.0
2024-08-06 11:39:00+09:00,8390.0,8390.0,8390.0,8390.0,110,0.0,0.0
2024-08-06 11:40:00+09:00,8400.0,8410.0,8400.0,8410.0,450,0.0,0.0
2024-08-06 11:41:00+09:00,8420.0,8420.0,8420.0,8420.0,8,0.0,0.0
2024-08-06 11:42:00+09:00,8430.0,8430.0,8380.0,8400.0,1337,0.0,0.0
2024-08-06 11:43:00+09:00,8410.0,8440.0,8410.0,8440.0,0,0.0,0.0
2024-08-06 11:44:00+09:00,8440.0,8440.0,8400.0,8400.0,412,0.0,0.0
2024-08-06 11:45:00+09:00,8400.0,8400.0,8380.0,8390.0,533,0.0,0.0
2024-08-06 11:46:00+09:00,8340.0,8390.0,8310.0,8390.0,123,0.0,0.0
2024-08-06 11:47:00+09:00,8390.0,8390.0,8390.0,8390.0,107,0.0,0.0
2024-08-06 11:48:00+09:00,8440.0,8450.0,8440.0,8450.0,303,0.0,0.0
2024-08-06 11:49:00+09:00,8450.0,8450.0,8450.0,8450.0,100,0.0,0.0
2024-08-06 11:50:00+09:00,8410.0,8410.0,8410.0,8410.0,44,0.0,0.0
2024-08-06 11:51:00+09:00,8450.0,8450.0,8450.0,8450.0,80,0.0,0.0
2024-08-06 11:52:00+09:00,8450.0,8450.0,8450.0,8450.0,109,0.0,0.0
2024-08-06 11:53:00+09:00,8450.0,8450.0,8450.0,8450.0,183,0.0,0.0
2024-08-06 11:54:00+09:00,8450.0,8450.0,8450.0,8450.0,72,0.0,0.0
2024-08-06 11:56:00+09:00,8410.0,8460.0,8410.0,8460.0,475,0.0,0.0
2024-08-06 11:57:00+09:00,8450.0,8450.0,8450.0,8450.0,36,0.0,0.0
2024-08-06 11:58:00+09:00,8440.0,8440.0,8440.0,8440.0,71,0.0,0.0
2024-08-06 12:00:00+09:00,8440.0,8440.0,8410.0,8410.0,186,0.0,0.0
2024-08-06 12:01:00+09:00,8450.0,8450.0,8450.0,8450.0,615,0.0,0.0
2024-08-06 12:02:00+09:00,8400.0,8400.0,8400.0,8400.0,0,0.0,0.0
2024-08-06 12:03:00+09:00,8440.0,8440.0,8440.0,8440.0,16,0.0,0.0
2024-08-06 12:04:00+09:00,8400.0,8400.0,8390.0,8390.0,2387,0.0,0.0
2024-08-06 12:05:00+09:00,8430.0,8440.0,8430.0,8440.0,612,0.0,0.0
2024-08-06 12:08:00+09:00,8400.0,8400.0,8400.0,8400.0,603,0.0,0.0
2024-08-06 12:09:00+09:00,8390.0,8390.0,8390.0,8390.0,232,0.0,0.0
2024-08-06 12:11:00+09:00,8400.0,8400.0,8400.0,8400.0,70,0.0,0.0
2024-08-06 12:16:00+09:00,8390.0,8420.0,8390.0,8420.0,13,0.0,0.0
2024-08-06 12:18:00+09:00,8410.0,8410.0,8410.0,8410.0,154,0.0,0.0
2024-08-06 12:19:00+09:00,8400.0,8400.0,8400.0,8400.0,188,0.0,0.0
2024-08-06 12:20:00+09:00,8430.0,8430.0,8430.0,8430.0,0,0.0,0.0
2024-08-06 12:21:00+09:00,8400.0,8400.0,8400.0,8400.0,67969,0.0,0.0
2024-08-06 12:23:00+09:00,8390.0,8390.0,8390.0,8390.0,7,0.0,0.0
2024-08-06 12:24:00+09:00,8420.0,8420.0,8420.0,8420.0,0,0.0,0.0
2024-08-06 12:25:00+09:00,8420.0,8420.0,8420.0,8420.0,1,0.0,0.0
2024-08-06 12:27:00+09:00,8420.0,8420.0,8420.0,8420.0,1,0.0,0.0
2024-08-06 12:31:00+09:00,8410.0,8410.0,8410.0,8410.0,175,0.0,0.0
2024-08-06 12:33:00+09:00,8410.0,8410.0,8390.0,8390.0,129,0.0,0.0
2024-08-06 12:34:00+09:00,8390.0,8420.0,8390.0,8420.0,221,0.0,0.0
2024-08-06 12:36:00+09:00,8430.0,8440.0,8430.0,8440.0,232,0.0,0.0
2024-08-06 12:37:00+09:00,8450.0,8450.0,8450.0,8450.0,240,0.0,0.0
2024-08-06 12:38:00+09:00,8450.0,8450.0,8440.0,8440.0,125,0.0,0.0
2024-08-06 12:39:00+09:00,8430.0,8440.0,8430.0,8440.0,206,0.0,0.0
2024-08-06 12:40:00+09:00,8440.0,8440.0,8430.0,8430.0,92,0.0,0.0
2024-08-06 12:41:00+09:00,8430.0,8430.0,8430.0,8430.0,90,0.0,0.0
2024-08-06 12:47:00+09:00,8450.0,8460.0,8420.0,8460.0,602,0.0,0.0
2024-08-06 12:48:00+09:00,8450.0,8450.0,8450.0,8450.0,486,0.0,0.0
2024-08-06 12:50:00+09:00,8470.0,8470.0,8470.0,8470.0,560,0.0,0.0
2024-08-06 13:01:00+09:00,8450.0,8450.0,8450.0,8450.0,0,0.0,0.0
2024-08-06 13:02:00+09:00,8460.0,8460.0,8430.0,8460.0,92,0.0,0.0
2024-08-06 13:05:00+09:00,8460.0,8460.0,8440.0,8440.0,5,0.0,0.0
2024-08-06 13:08:00+09:00,8450.0,8450.0,8450.0,8450.0,0,0.0,0.0
2024-08-06 13:09:00+09:00,8440.0,8440.0,8440.0,8440.0,96,0.0,0.0
2024-08-06 13:10:00+09:00,8440.0,8440.0,8430.0,8430.0,122,0.0,0.0
2024-08-06 13:12:00+09:00,8430.0,8430.0,8390.0,8390.0,1683,0.0,0.0
2024-08-06 13:13:00+09:00,8390.0,8390.0,8390.0,8390.0,428,0.0,0.0
2024-08-06 13:14:00+09:00,8400.0,8400.0,8400.0,8400.0,364,0.0,0.0
2024-08-06 13:15:00+09:00,8380.0,8380.0,8370.0,8370.0,195,0.0,0.0
2024-08-06 13:16:00+09:00,8360.0,8360.0,8360.0,8360.0,35,0.0,0.0
2024-08-06 13:17:00+09:00,8360.0,8360.0,8360.0,8360.0,14,0.0,0.0
2024-08-06 13:19:00+09:00,8350.0,8350.0,8350.0,8350.0,164,0.0,0.0
2024-08-06 13:20:00+09:00,8340.0,8340.0,8250.0,8250.0,391,0.0,0.0
2024-08-06 13:24:00+09:00,8320.0,8320.0,8320.0,8320.0,0,0.0,0.0
2024-08-06 13:29:00+09:00,8300.0,8300.0,8300.0,8300.0,713,0.0,0.0
2024-08-06 13:30:00+09:00,8290.0,8290.0,8250.0,8250.0,277,0.0,0.0
2024-08-06 13:32:00+09:00,8320.0,8320.0,8320.0,8320.0,0,0.0,0.0
2024-08-06 13:47:00+09:00,8300.0,8300.0,8300.0,8300.0,9,0.0,0.0
2024-08-06 13:51:00+09:00,8300.0,8300.0,8300.0,8300.0,1,0.0,0.0
2024-08-06 13:55:00+09:00,8280.0,8280.0,8280.0,8280.0,1,0.0,0.0
2024-08-06 13:58:00+09:00,8210.0,8210.0,8210.0,8210.0,1194,0.0,0.0
2024-08-06 14:01:00+09:00,8200.0,8200.0,8200.0,8200.0,182,0.0,0.0
2024-08-06 14:05:00+09:00,8200.0,8200.0,8160.0,8160.0,0,0.0,0.0
2024-08-06 14:07:00+09:00,8150.0,8150.0,8070.0,8070.0,334,0.0,0.0
2024-08-06 14:13:00+09:00,8090.0,8090.0,8020.0,8020.0,2828,0.0,0.0
2024-08-06 14:15:00+09:00,8090.0,8130.0,8090.0,8130.0,172,0.0,0.0
2024-08-06 14:20:00+09:00,8130.0,8130.0,8130.0,8130.0,0,0.0,0.0
2024-08-06 14:21:00+09:00,8190.0,8190.0,8190.0,8190.0,0,0.0,0.0
2024-08-06 14:23:00+09:00,8180.0,8180.0,8180.0,8180.0,5,0.0,0.0
2024-08-06 14:26:00+09:00,8180.0,8200.0,8180.0,8200.0,2467,0.0,0.0
2024-08-06 14:30:00+09:00,8210.0,8220.0,8200.0,8220.0,0,0.0,0.0
2024-08-06 14:31:00+09:00,8230.0,8230.0,8230.0,8230.0,88,0.0,0.0
2024-08-06 14:33:00+09:00,8260.0,8260.0,8220.0,8220.0,688,0.0,0.0
2024-08-06 14:36:00+09:00,8270.0,8270.0,8270.0,8270.0,0,0.0,0.0
2024-08-06 14:37:00+09:00,8210.0,8210.0,8210.0,8210.0,1,0.0,0.0
2024-08-06 14:38:00+09:00,8270.0,8270.0,8270.0,8270.0,102,0.0,0.0
2024-08-06 14:40:00+09:00,8260.0,8260.0,8210.0,8210.0,96,0.0,0.0
2024-08-06 14:44:00+09:00,8210.0,8210.0,8210.0,8210.0,0,0.0,0.0
2024-08-06 14:47:00+09:00,8250.0,8250.0,8250.0,8250.0,0,0.0,0.0
2024-08-06 14:48:00+09:00,8250.0,8250.0,8210.0,8210.0,39,0.0,0.0
2024-08-06 14:49:00+09:00,8200.0,8200.0,8200.0,8200.0,23,0.0,0.0
2024-08-06 14:51:00+09:00,8220.0,8220.0,8200.0,8200.0,135,0.0,0.0
2024-08-06 14:54:00+09:00,8250.0,8250.0,8250.0,8250.0,172,0.0,0.0
2024-08-06 14:58:00+09:00,8230.0,8230.0,8230.0,8230.0,130,0.0,0.0
2024-08-07 09:00:00+09:00,8280.0,8350.0,8280.0,8350.0,885,0.0,0.0
2024-08-07 09:01:00+09:00,8270.0,8270.0,8270.0,8270.0,139,0.0,0.0
2024-08-07 09:02:00+09:00,8270.0,8270.0,8270.0,8270.0,365,0.0,0.0
2024-08-07 09:11:00+09:00,8350.0,8350.0,8350.0,8350.0,0,0.0,0.0
2024-08-07 09:13:00+09:00,8350.0,8350.0,8350.0,8350.0,60,0.0,0.0
2024-08-07 09:14:00+09:00,8390.0,8390.0,8390.0,8390.0,1,0.0,0.0
2024-08-07 09:15:00+09:00,8390.0,8400.0,8350.0,8400.0,675,0.0,0.0
2024-08-07 09:16:00+09:00,8400.0,8460.0,8400.0,8450.0,682,0.0,0.0
2024-08-07 09:18:00+09:00,8450.0,8450.0,8450.0,8450.0,372,0.0,0.0
2024-08-07 09:19:00+09:00,8450.0,8450.0,8450.0,8450.0,124,0.0,0.0
2024-08-07 09:22:00+09:00,8440.0,8450.0,8440.0,8450.0,93,0.0,0.0
2024-08-07 09:24:00+09:00,8440.0,8440.0,8440.0,8440.0,405,0.0,0.0
2024-08-07 09:28:00+09:00,8460.0,8570.0,8460.0,8560.0,1276,0.0,0.0
2024-08-07 09:29:00+09:00,8460.0,8560.0,8460.0,8560.0,0,0.0,0.0
2024-08-07 09:32:00+09:00,8560.0,8560.0,8560.0,8560.0,91,0.0,0.0
2024-08-07 09:33:00+09:00,8500.0,8550.0,8500.0,8550.0,76,0.0,0.0
2024-08-07 09:34:00+09:00,8500.0,8550.0,8500.0,8550.0,42,0.0,0.0
2024-08-07 09:35:00+09:00,8500.0,8500.0,8470.0,8470.0,520,0.0,0.0
2024-08-07 09:36:00+09:00,8470.0,8470.0,8460.0,8470.0,154,0.0,0.0
2024-08-07 09:38:00+09:00,8460.0,8460.0,8460.0,8460.0,228,0.0,0.0
2024-08-07 09:39:00+09:00,8460.0,8460.0,8460.0,8460.0,30,0.0,0.0
2024-08-07 09:40:00+09:00,8460.0,8460.0,8460.0,8460.0,336,0.0,0.0
2024-08-07 09:41:00+09:00,8460.0,8460.0,8440.0,8440.0,0,0.0,0.0
2024-08-07 09:42:00+09:00,8440.0,8450.0,8440.0,8440.0,79,0.0,0.0
2024-08-07 09:43:00+09:00,8460.0,8460.0,8460.0,8460.0,0,0.0,0.0
2024-08-07 09:44:00+09:00,8450.0,8450.0,8450.0,8450.0,6913,0.0,0.0
2024-08-07 09:48:00+09:00,8450.0,8450.0,8440.0,8440.0,0,0.0,0.0
2024-08-07 09:49:00+09:00,8440.0,8440.0,8420.0,8420.0,41,0.0,0.0
2024-08-07 09:52:00+09:00,8420.0,8420.0,8400.0,8400.0,333,0.0,0.0
2024-08-07 09:54:00+09:00,8380.0,8480.0,8380.0,8480.0,99,0.0,0.0
2024-08-07 09:58:00+09:00,8400.0,8400.0,8400.0,8400.0,27,0.0,0.0
2024-08-07 10:01:00+09:00,8400.0,8400.0,8350.0,8350.0,639,0.0,0.0
2024-08-07 10:02:00+09:00,8350.0,8350.0,8350.0,8350.0,0,0.0,0.0
2024-08-07 10:03:00+09:00,8400.0,8400.0,8400.0,8400.0,0,0.0,0.0
2024-08-07 10:04:00+09:00,8400.0,8400.0,8350.0,8350.0,410,0.0,0.0
2024-08-07 10:05:00+09:00,8350.0,8350.0,8350.0,8350.0,0,0.0,0.0
2024-08-07 10:13:00+09:00,8400.0,8400.0,8400.0,8400.0,480,0.0,0.0
2024-08-07 10:18:00+09:00,8400.0,8400.0,8400.0,8400.0,251,0.0,0.0
2024-08-07 10:23:00+09:00,8370.0,8370.0,8370.0,8370.0,12,0.0,0.0
2024-08-07 10:24:00+09:00,8460.0,8460.0,8460.0,8460.0,2,0.0,0.0
2024-08-07 10:25:00+09:00,8460.0,8460.0,8460.0,8460.0,465,0.0,0.0
2024-08-07 10:26:00+09:00,8460.0,8460.0,8460.0,8460.0,117,0.0,0.0
2024-08-07 10:27:00+09:00,8490.0,8490.0,8490.0,8490.0,0,0.0,0.0
2024-08-07 10:29:00+09:00,8460.0,8460.0,8460.0,8460.0,350,0.0,0.0
2024-08-07 10:31:00+09:00,8410.0,8410.0,8410.0,8410.0,0,0.0,0.0
2024-08-07 10:33:00+09:00,8410.0,8410.0,8410.0,8410.0,102,0.0,0.0
2024-08-07 10:35:00+09:00,8410.0,8410.0,8410.0,8410.0,0,0.0,0.0
2024-08-07 10:36:00+09:00,8410.0,8500.0,8410.0,8500.0,120,0.0,0.0
2024-08-07 10:37:00+09:00,8520.0,8520.0,8520.0,8520.0,0,0.0,0.0
2024-08-07 10:39:00+09:00,8450.0,8520.0,8450.0,8520.0,236,0.0,0.0
2024-08-07 10:42:00+09:00,8460.0,8460.0,8460.0,8460.0,9,0.0,0.0
2024-08-07 10:43:00+09:00,8460.0,8460.0,8460.0,8460.0,174,0.0,0.0
2024-08-07 10:46:00+09:00,8510.0,8510.0,8510.0,8510.0,104,0.0,0.0
2024-08-07 10:47:00+09:00,8520.0,8540.0,8520.0,8540.0,165,0.0,0.0
2024-08-07 10:49:00+09:00,8480.0,8480.0,8470.0,8470.0,2,0.0,0.0
2024-08-07 10:52:00+09:00,8470.0,8540.0,8470.0,8540.0,50,0.0,0.0
2024-08-07 10:53:00+09:00,8540.0,8540.0,8540.0,8540.0,2,0.0,0.0
2024-08-07 10:56:00+09:00,8480.0,8480.0,8480.0,8480.0,183,0.0,0.0
2024-08-07 10:59:00+09:00,8530.0,8530.0,8530.0,8530.0,0,0.0,0.0
2024-08-07 11:12:00+09:00,8500.0,8500.0,8500.0,8500.0,0,0.0,0.0
2024-08-07 11:18:00+09:00,8490.0,8490.0,8480.0,8480.0,638,0.0,0.0
2024-08-07 11:20:00+09:00,8490.0,8490.0,8480.0,8480.0,14,0.0,0.0
2024-08-07 11:24:00+09:00,8480.0,8480.0,8480.0,8480.0,0,0.0,0.0
2024-08-07 11:26:00+09:00,8510.0,8510.0,8510.0,8510.0,0,0.0,0.0
2024-08-07 11:28:00+09:00,8510.0,8510.0,8510.0,8510.0,63,0.0,0.0
2024-08-07 11:31:00+09:00,8510.0,8510.0,8510.0,8510.0,266,0.0,0.0
2024-08-07 11:32:00+09:00,8490.0,8490.0,8470.0,8470.0,1652,0.0,0.0
2024-08-07 11:34:00+09:00,8470.0,8470.0,8470.0,8470.0,0,0.0,0.0
2024-08-07 11:37:00+09:00,8480.0,8480.0,8480.0,8480.0,0,0.0,0.0
2024-08-07 11:38:00+09:00,8520.0,8520.0,8520.0,8520.0,24,0.0,0.0
2024-08-07 11:45:00+09:00,8520.0,8520.0,8520.0,8520.0,20,0.0,0.0
2024-08-07 11:50:00+09:00,8520.0,8520.0,8520.0,8520.0,6,0.0,0.0
2024-08-07 12:03:00+09:00,8520.0,8530.0,8520.0,8530.0,222,0.0,0.0
2024-08-07 12:08:00+09:00,8540.0,8540.0,8540.0,8540.0,134,0.0,0.0
2024-08-07 12:10:00+09:00,8550.0,8560.0,8550.0,8560.0,706,0.0,0.0
2024-08-07 12:11:00+09:00,8570.0,8570.0,8570.0,8570.0,1036,0.0,0.0
2024-08-07 12:12:00+09:00,8580.0,8600.0,8580.0,8600.0,0,0.0,0.0
2024-08-07 12:13:00+09:00,8620.0,8620.0,8620.0,8620.0,0,0.0,0.0
2024-08-07 12:18:00+09:00,8570.0,8570.0,8570.0,8570.0,33,0.0,0.0
2024-08-07 12:19:00+09:00,8570.0,8570.0,8570.0,8570.0,23,0.0,0.0
2024-08-07 12:33:00+09:00,8570.0,8570.0,8570.0,8570.0,0,0.0,0.0
2024-08-07 12:35:00+09:00,8570.0,8570.0,8570.0,8570.0,122,0.0,0.0
2024-08-07 12:37:00+09:00,8620.0,8620.0,8620.0,8620.0,1,0.0,0.0
2024-08-07 12:39:00+09:00,8560.0,8560.0,8530.0,8530.0,86,0.0,0.0
2024-08-07 12:44:00+09:00,8560.0,8560.0,8560.0,8560.0,74,0.0,0.0
2024-08-07 12:45:00+09:00,8550.0,8550.0,8550.0,8550.0,873,0.0,0.0
2024-08-07 12:55:00+09:00,8540.0,8540.0,8540.0,8540.0,0,0.0,0.0
2024-08-07 12:58:00+09:00,8550.0,8550.0,8550.0,8550.0,280,0.0,0.0
2024-08-07 13:07:00+09:00,8600.0,8600.0,8600.0,8600.0,265,0.0,0.0
2024-08-07 13:11:00+09:00,8600.0,8620.0,8600.0,8620.0,1058,0.0,0.0
2024-08-07 13:14:00+09:00,8570.0,8670.0,8570.0,8670.0,5398,0.0,0.0
2024-08-07 13:15:00+09:00,8630.0,8630.0,8630.0,8630.0,0,0.0,0.0
2024-08-07 13:16:00+09:00,8640.0,8640.0,8640.0,8640.0,99,0.0,0.0
2024-08-07 13:17:00+09:00,8650.0,8650.0,8650.0,8650.0,0,0.0,0.0
2024-08-07 13:18:00+09:00,8650.0,8680.0,8640.0,8640.0,169,0.0,0.0
2024-08-07 13:19:00+09:00,8630.0,8630.0,8630.0,8630.0,0,0.0,0.0
2024-08-07 13:20:00+09:00,8620.0,8620.0,8620.0,8620.0,37,0.0,0.0
2024-08-07 13:21:00+09:00,8630.0,8630.0,8630.0,8630.0,0,0.0,0.0
2024-08-07 13:22:00+09:00,8680.0,8700.0,8680.0,8700.0,253,0.0,0.0
2024-08-07 13:23:00+09:00,8700.0,8700.0,8700.0,8700.0,175,0.0,0.0
2024-08-07 13:31:00+09:00,8690.0,8700.0,8690.0,8700.0,5,0.0,0.0
2024-08-07 13:32:00+09:00,8700.0,8710.0,8700.0,8700.0,195,0.0,0.0
2024-08-07 13:34:00+09:00,8740.0,8740.0,8740.0,8740.0,0,0.0,0.0
2024-08-07 13:36:00+09:00,8730.0,8730.0,8730.0,8730.0,1,0.0,0.0
2024-08-07 13:41:00+09:00,8740.0,8740.0,8740.0,8740.0,153,0.0,0.0
2024-08-07 13:42:00+09:00,8750.0,8750.0,8750.0,8750.0,0,0.0,0.0
2024-08-07 13:43:00+09:00,8680.0,8680.0,8680.0,8680.0,8,0.0,0.0
2024-08-07 13:44:00+09:00,8680.0,8680.0,8680.0,8680.0,76,0.0,0.0
2024-08-07 13:45:00+09:00,8680.0,8680.0,8670.0,8670.0,0,0.0,0.0
2024-08-07 13:47:00+09:00,8740.0,8740.0,8740.0,8740.0,0,0.0,0.0
2024-08-07 13:57:00+09:00,8680.0,8680.0,8680.0,8680.0,1,0.0,0.0
2024-08-07 13:59:00+09:00,8680.0,8680.0,8680.0,8680.0,99,0.0,0.0
2024-08-07 14:00:00+09:00,8680.0,8680.0,8660.0,8660.0,99,0.0,0.0
2024-08-07 14:12:00+09:00,8660.0,8660.0,8660.0,8660.0,0,0.0,0.0
2024-08-07 14:20:00+09:00,8700.0,8700.0,8700.0,8700.0,0,0.0,0.0
2024-08-07 14:21:00+09:00,8700.0,8700.0,8650.0,8650.0,258,0.0,0.0
2024-08-07 14:31:00+09:00,8650.0,8650.0,8650.0,8650.0,0,0.0,0.0
2024-08-07 14:36:00+09:00,8650.0,8650.0,8650.0,8650.0,273,0.0,0.0
2024-08-07 14:37:00+09:00,8640.0,8640.0,8620.0,8620.0,233,0.0,0.0
2024-08-07 14:38:00+09:00,8620.0,8620.0,8620.0,8620.0,2,0.0,0.0
2024-08-07 14:44:00+09:00,8570.0,8570.0,8560.0,8560.0,83,0.0,0.0
2024-08-07 14:45:00+09:00,8560.0,8590.0,8560.0,8590.0,36,0.0,0.0
2024-08-07 14:47:00+09:00,8580.0,8580.0,8580.0,8580.0,99,0.0,0.0
2024-08-07 14:48:00+09:00,8590.0,8590.0,8590.0,8590.0,0,0.0,0.0
2024-08-07 14:50:00+09:00,8560.0,8590.0,8560.0,8590.0,1295,0.0,0.0
2024-08-07 14:56:00+09:00,8560.0,8560.0,8550.0,8550.0,0,0.0,0.0
2024-08-08 09:00:00+09:00,8550.0,8550.0,8500.0,8500.0,591,0.0,0.0
2024-08-08 09:02:00+09:00,8490.0,8490.0,8490.0,8490.0,0,0.0,0.0
2024-08-08 09:03:00+09:00,8490.0,8490.0,8490.0,8490.0,15,0.0,0.0
2024-08-08 09:07:00+09:00,8480.0,8650.0,8480.0,8650.0,517,0.0,0.0
2024-08-08 09:08:00+09:00,8650.0,8650.0,8650.0,8650.0,2,0.0,0.0
2024-08-08 09:09:00+09:00,8650.0,8650.0,8650.0,8650.0,152,0.0,0.0
2024-08-08 09:10:00+09:00,8600.0,8600.0,8600.0,8600.0,0,0.0,0.0
2024-08-08 09:11:00+09:00,8510.0,8510.0,8460.0,8460.0,2748,0.0,0.0
2024-08-08 09:12:00+09:00,8420.0,8510.0,8360.0,8510.0,365,0.0,0.0
2024-08-08 09:14:00+09:00,8460.0,8460.0,8370.0,8370.0,206,0.0,0.0
2024-08-08 09:15:00+09:00,8400.0,8400.0,8370.0,8370.0,0,0.0,0.0
2024-08-08 09:18:00+09:00,8380.0,8380.0,8380.0,8380.0,87,0.0,0.0
2024-08-08 09:20:00+09:00,8470.0,8470.0,8380.0,8380.0,29,0.0,0.0
2024-08-08 09:22:00+09:00,8390.0,8390.0,8390.0,8390.0,0,0.0,0.0
2024-08-08 09:24:00+09:00,8390.0,8390.0,8390.0,8390.0,1,0.0,0.0
2024-08-08 09:25:00+09:00,8400.0,8400.0,8400.0,8400.0,1,0.0,0.0
2024-08-08 09:27:00+09:00,8410.0,8410.0,8410.0,8410.0,1,0.0,0.0
2024-08-08 09:28:00+09:00,8440.0,8470.0,8440.0,8470.0,361,0.0,0.0
2024-08-08 09:29:00+09:00,8430.0,8430.0,8420.0,8420.0,0,0.0,0.0
2024-08-08 09:31:00+09:00,8420.0,8420.0,8420.0,8420.0,36,0.0,0.0
2024-08-08 09:33:00+09:00,8420.0,8420.0,8380.0,8380.0,945,0.0,0.0
2024-08-08 09:35:00+09:00,8380.0,8380.0,8360.0,8360.0,150,0.0,0.0
2024-08-08 09:36:00+09:00,8360.0,8360.0,8360.0,8360.0,109,0.0,0.0
2024-08-08 09:37:00+09:00,8350.0,8350.0,8290.0,8290.0,3840,0.0,0.0
2024-08-08 09:38:00+09:00,8320.0,8330.0,8320.0,8330.0,5,0.0,0.0
2024-08-08 09:39:00+09:00,8300.0,8300.0,8300.0,8300.0,2000,0.0,0.0
2024-08-08 09:40:00+09:00,8300.0,8330.0,8300.0,8310.0,0,0.0,0.0
2024-08-08 09:41:00+09:00,8300.0,8340.0,8300.0,8340.0,504,0.0,0.0
2024-08-08 09:42:00+09:00,8300.0,8330.0,8270.0,8330.0,0,0.0,0.0
2024-08-08 09:43:00+09:00,8330.0,8330.0,8330.0,8330.0,19,0.0,0.0
2024-08-08 09:44:00+09:00,8280.0,8280.0,8270.0,8280.0,36,0.0,0.0
2024-08-08 09:46:00+09:00,8270.0,8270.0,8250.0,8250.0,354,0.0,0.0
2024-08-08 09:47:00+09:00,8240.0,8260.0,8240.0,8260.0,2,0.0,0.0
2024-08-08 09:48:00+09:00,8270.0,8270.0,8270.0,8270.0,1,0.0,0.0
2024-08-08 09:49:00+09:00,8270.0,8290.0,8270.0,8290.0,2,0.0,0.0
2024-08-08 09:50:00+09:00,8250.0,8250.0,8250.0,8250.0,0,0.0,0.0
2024-08-08 09:53:00+09:00,8260.0,8260.0,8250.0,8250.0,29,0.0,0.0
2024-08-08 09:54:00+09:00,8240.0,8240.0,8240.0,8240.0,0,0.0,0.0
2024-08-08 09:55:00+09:00,8240.0,8240.0,8240.0,8240.0,37,0.0,0.0
2024-08-08 09:56:00+09:00,8240.0,8240.0,8240.0,8240.0,0,0.0,0.0
2024-08-08 09:57:00+09:00,8270.0,8270.0,8270.0,8270.0,0,0.0,0.0
2024-08-08 10:00:00+09:00,8260.0,8270.0,8260.0,8270.0,11821,0.0,0.0
2024-08-08 10:03:00+09:00,8260.0,8270.0,8260.0,8270.0,35,0.0,0.0
2024-08-08 10:04:00+09:00,8280.0,8300.0,8280.0,8300.0,119,0.0,0.0
2024-08-08 10:05:00+09:00,8290.0,8290.0,8290.0,8290.0,0,0.0,0.0
2024-08-08 10:06:00+09:00,8300.0,8300.0,8300.0,8300.0,14,0.0,0.0
2024-08-08 10:07:00+09:00,8320.0,8320.0,8320.0,8320.0,0,0.0,0.0
2024-08-08 10:08:00+09:00,8320.0,8330.0,8320.0,8330.0,1968,0.0,0.0
2024-08-08 10:11:00+09:00,8290.0,8290.0,8290.0,8290.0,0,0.0,0.0
2024-08-08 10:12:00+09:00,8300.0,8300.0,8300.0,8300.0,19,0.0,0.0
2024-08-08 10:13:00+09:00,8260.0,8310.0,8260.0,8310.0,0,0.0,0.0
2024-08-08 10:14:00+09:00,8310.0,8310.0,8310.0,8310.0,19,0.0,0.0
2024-08-08 10:15:00+09:00,8300.0,8320.0,8300.0,8320.0,582,0.0,0.0
2024-08-08 10:18:00+09:00,8330.0,8330.0,8330.0,8330.0,1,0.0,0.0
2024-08-08 10:19:00+09:00,8310.0,8310.0,8310.0,8310.0,221,0.0,0.0
2024-08-08 10:20:00+09:00,8330.0,8330.0,8330.0,8330.0,0,0.0,0.0
2024-08-08 10:22:00+09:00,8320.0,8330.0,8320.0,8320.0,0,0.0,0.0
2024-08-08 10:23:00+09:00,8320.0,8320.0,8320.0,8320.0,5,0.0,0.0
2024-08-08 10:24:00+09:00,8320.0,8320.0,8320.0,8320.0,45,0.0,0.0
2024-08-08 10:26:00+09:00,8320.0,8320.0,8320.0,8320.0,6,0.0,0.0
2024-08-08 10:30:00+09:00,8320.0,8320.0,8320.0,8320.0,64,0.0,0.0
2024-08-08 10:31:00+09:00,8320.0,8320.0,8320.0,8320.0,91,0.0,0.0
2024-08-08 10:32:00+09:00,8320.0,8320.0,8320.0,8320.0,0,0.0,0.0
2024-08-08 10:34:00+09:00,8310.0,8310.0,8310.0,8310.0,19,0.0,0.0
2024-08-08 10:35:00+09:00,8300.0,8300.0,8300.0,8300.0,0,0.0,0.0
2024-08-08 10:36:00+09:00,8320.0,8640.0,8320.0,8640.0,1477,0.0,0.0
2024-08-08 10:37:00+09:00,8640.0,8640.0,8640.0,8640.0,0,0.0,0.0
2024-08-08 10:39:00+09:00,8410.0,8410.0,8410.0,8410.0,0,0.0,0.0
2024-08-08 10:41:00+09:00,8510.0,8510.0,8510.0,8510.0,1,0.0,0.0
2024-08-08 10:42:00+09:00,8410.0,8410.0,8410.0,8410.0,19,0.0,0.0
2024-08-08 10:45:00+09:00,8380.0,8380.0,8380.0,8380.0,0,0.0,0.0
2024-08-08 10:50:00+09:00,8380.0,8380.0,8380.0,8380.0,1,0.0,0.0
2024-08-08 10:52:00+09:00,8390.0,8390.0,8340.0,8340.0,192,0.0,0.0
2024-08-08 10:55:00+09:00,8330.0,8330.0,8330.0,8330.0,2,0.0,0.0
2024-08-08 11:00:00+09:00,8370.0,8370.0,8370.0,8370.0,1,0.0,0.0
2024-08-08 11:02:00+09:00,8370.0,8370.0,8370.0,8370.0,1,0.0,0.0
2024-08-08 11:06:00+09:00,8360.0,8360.0,8340.0,8340.0,55,0.0,0.0
2024-08-08 11:10:00+09:00,8360.0,8370.0,8360.0,8370.0,40,0.0,0.0
2024-08-08 11:12:00+09:00,8370.0,8370.0,8370.0,8370.0,124,0.0,0.0
2024-08-08 11:13:00+09:00,8360.0,8360.0,8360.0,8360.0,0,0.0,0.0
2024-08-08 11:15:00+09:00,8370.0,8370.0,8370.0,8370.0,77,0.0,0.0
2024-08-08 11:18:00+09:00,8370.0,8370.0,8370.0,8370.0,85,0.0,0.0
2024-08-08 11:19:00+09:00,8370.0,8370.0,8370.0,8370.0,8,0.0,0.0
2024-08-08 11:21:00+09:00,8350.0,8350.0,8330.0,8330.0,409,0.0,0.0
2024-08-08 11:22:00+09:00,8340.0,8340.0,8340.0,8340.0,0,0.0,0.0
2024-08-08 11:23:00+09:00,8340.0,8350.0,8340.0,8350.0,3,0.0,0.0
2024-08-08 11:28:00+09:00,8350.0,8350.0,8330.0,8330.0,533,0.0,0.0
2024-08-08 11:29:00+09:00,8320.0,8320.0,8320.0,8320.0,0,0.0,0.0
2024-08-08 11:30:00+09:00,8310.0,8320.0,8310.0,8320.0,12,0.0,0.0
2024-08-08 11:31:00+09:00,8310.0,8310.0,8290.0,8290.0,953,0.0,0.0
2024-08-08 11:32:00+09:00,8280.0,8280.0,8280.0,8280.0,0,0.0,0.0
2024-08-08 11:33:00+09:00,8290.0,8310.0,8290.0,8310.0,714,0.0,0.0
2024-08-08 11:34:00+09:00,8310.0,8310.0,8310.0,8310.0,0,0.0,0.0
2024-08-08 11:35:00+09:00,8320.0,8320.0,8320.0,8320.0,0,0.0,0.0
2024-08-08 11:36:00+09:00,8310.0,8310.0,8310.0,8310.0,107,0.0,0.0
2024-08-08 11:37:00+09:00,8310.0,8310.0,8310.0,8310.0,0,0.0,0.0
2024-08-08 11:38:00+09:00,8310.0,8310.0,8310.0,8310.0,406,0.0,0.0
2024-08-08 11:39:00+09:00,8320.0,8320.0,8320.0,8320.0,219,0.0,0.0
2024-08-08 11:40:00+09:00,8300.0,8310.0,8300.0,8310.0,26,0.0,0.0
2024-08-08 11:41:00+09:00,8220.0,8220.0,8220.0,8220.0,0,0.0,0.0
2024-08-08 11:47:00+09:00,8290.0,8390.0,8290.0,8390.0,21840,0.0,0.0
2024-08-08 11:52:00+09:00,8340.0,8340.0,8340.0,8340.0,775,0.0,0.0
2024-08-08 11:55:00+09:00,8310.0,8310.0,8300.0,8300.0,122,0.0,0.0
2024-08-08 11:57:00+09:00,8300.0,8300.0,8300.0,8300.0,1,0.0,0.0
2024-08-08 11:58:00+09:00,8290.0,8290.0,8290.0,8290.0,242,0.0,0.0
2024-08-08 11:59:00+09:00,8290.0,8290.0,8290.0,8290.0,52,0.0,0.0
2024-08-08 12:00:00+09:00,8290.0,8310.0,8290.0,8310.0,31,0.0,0.0
2024-08-08 12:07:00+09:00,8340.0,8340.0,8340.0,8340.0,110,0.0,0.0
2024-08-08 12:09:00+09:00,8330.0,8330.0,8330.0,8330.0,4,0.0,0.0
2024-08-08 12:12:00+09:00,8320.0,8330.0,8320.0,8330.0,141,0.0,0.0
2024-08-08 12:14:00+09:00,8330.0,8330.0,8260.0,8260.0,1463,0.0,0.0
2024-08-08 12:15:00+09:00,8320.0,8320.0,8320.0,8320.0,0,0.0,0.0
2024-08-08 12:16:00+09:00,8330.0,8330.0,8330.0,8330.0,0,0.0,0.0
2024-08-08 12:18:00+09:00,8340.0,8340.0,8340.0,8340.0,99,0.0,0.0
2024-08-08 12:21:00+09:00,8350.0,8350.0,8350.0,8350.0,49,0.0,0.0
2024-08-08 12:24:00+09:00,8330.0,8330.0,8330.0,8330.0,132,0.0,0.0
2024-08-08 12:26:00+09:00,8330.0,8330.0,8330.0,8330.0,141,0.0,0.0
2024-08-08 12:28:00+09:00,8320.0,8320.0,8320.0,8320.0,0,0.0,0.0
2024-08-08 12:29:00+09:00,8320.0,8320.0,8320.0,8320.0,172,0.0,0.0
2024-08-08 12:30:00+09:00,8320.0,8330.0,8320.0,8330.0,0,0.0,0.0
2024-08-08 12:33:00+09:00,8340.0,8340.0,8340.0,8340.0,1,0.0,0.0
2024-08-08 12:37:00+09:00,8300.0,8300.0,8300.0,8300.0,103,0.0,0.0
2024-08-08 12:39:00+09:00,8300.0,8300.0,8300.0,8300.0,23,0.0,0.0
2024-08-08 12:40:00+09:00,8310.0,8310.0,8310.0,8310.0,173,0.0,0.0
2024-08-08 12:42:00+09:00,8310.0,8320.0,8310.0,8320.0,0,0.0,0.0
2024-08-08 12:44:00+09:00,8300.0,8300.0,8300.0,8300.0,70,0.0,0.0
2024-08-08 12:45:00+09:00,8310.0,8320.0,8300.0,8300.0,317,0.0,0.0
2024-08-08 12:47:00+09:00,8310.0,8310.0,8310.0,8310.0,85,0.0,0.0
2024-08-08 12:49:00+09:00,8310.0,8310.0,8310.0,8310.0,52,0.0,0.0
2024-08-08 12:50:00+09:00,8320.0,8330.0,8320.0,8330.0,0,0.0,0.0
2024-08-08 12:53:00+09:00,8320.0,8320.0,8310.0,8320.0,173,0.0,0.0
2024-08-08 12:54:00+09:00,8330.0,8330.0,8330.0,8330.0,37,0.0,0.0
2024-08-08 12:57:00+09:00,8310.0,8310.0,8290.0,8290.0,488,0.0,0.0
2024-08-08 13:02:00+09:00,8280.0,8280.0,8280.0,8280.0,90,0.0,0.0
2024-08-08 13:04:00+09:00,8270.0,8270.0,8270.0,8270.0,230,0.0,0.0
2024-08-08 13:08:00+09:00,8270.0,8270.0,8270.0,8270.0,300,0.0,0.0
2024-08-08 13:09:00+09:00,8280.0,8280.0,8280.0,8280.0,200,0.0,0.0
2024-08-08 13:10:00+09:00,8270.0,8270.0,8270.0,8270.0,0,0.0,0.0
2024-08-08 13:11:00+09:00,8270.0,8270.0,8270.0,8270.0,0,0.0,0.0
2024-08-08 13:12:00+09:00,8260.0,8260.0,8250.0,8250.0,124,0.0,0.0
2024-08-08 13:14:00+09:00,8270.0,8280.0,8270.0,8280.0,0,0.0,0.0
2024-08-08 13:18:00+09:00,8310.0,8310.0,8310.0,8310.0,0,0.0,0.0
2024-08-08 13:19:00+09:00,8260.0,8260.0,8260.0,8260.0,2,0.0,0.0
2024-08-08 13:20:00+09:00,8260.0,8260.0,8260.0,8260.0,399,0.0,0.0
2024-08-08 13:23:00+09:00,8290.0,8290.0,8290.0,8290.0,0,0.0,0.0
2024-08-08 13:24:00+09:00,8290.0,8290.0,8290.0,8290.0,0,0.0,0.0
2024-08-08 13:25:00+09:00,8280.0,8350.0,8280.0,8350.0,231,0.0,0.0
2024-08-08 13:37:00+09:00,8270.0,8270.0,8240.0,8240.0,1278,0.0,0.0
2024-08-08 13:40:00+09:00,8240.0,8240.0,8240.0,8240.0,2,0.0,0.0
2024-08-08 13:42:00+09:00,8280.0,8280.0,8280.0,8280.0,31,0.0,0.0
2024-08-08 13:44:00+09:00,8240.0,8250.0,8240.0,8250.0,1848,0.0,0.0
2024-08-08 13:45:00+09:00,8230.0,8240.0,8230.0,8240.0,159,0.0,0.0
2024-08-08 13:47:00+09:00,8240.0,8240.0,8240.0,8240.0,382,0.0,0.0
2024-08-08 13:52:00+09:00,8250.0,8250.0,8250.0,8250.0,1,0.0,0.0
2024-08-08 13:53:00+09:00,8250.0,8250.0,8250.0,8250.0,398,0.0,0.0
2024-08-08 13:54:00+09:00,8250.0,8260.0,8250.0,8260.0,0,0.0,0.0
2024-08-08 13:55:00+09:00,8290.0,8290.0,8290.0,8290.0,1,0.0,0.0
2024-08-08 13:56:00+09:00,8280.0,8280.0,8280.0,8280.0,0,0.0,0.0
2024-08-08 13:59:00+09:00,8270.0,8270.0,8270.0,8270.0,32002,0.0,0.0
2024-08-08 14:00:00+09:00,8270.0,8270.0,8270.0,8270.0,0,0.0,0.0
2024-08-08 14:01:00+09:00,8270.0,8270.0,8270.0,8270.0,74,0.0,0.0
2024-08-08 14:02:00+09:00,8270.0,8270.0,8270.0,8270.0,0,0.0,0.0
2024-08-08 14:03:00+09:00,8270.0,8270.0,8270.0,8270.0,119,0.0,0.0
2024-08-08 14:05:00+09:00,8260.0,8260.0,8260.0,8260.0,2,0.0,0.0
2024-08-08 14:08:00+09:00,8260.0,8280.0,8260.0,8280.0,75,0.0,0.0
2024-08-08 14:10:00+09:00,8270.0,8270.0,8270.0,8270.0,0,0.0,0.0
2024-08-08 14:13:00+09:00,8260.0,8260.0,8260.0,8260.0,115,0.0,0.0
2024-08-08 14:15:00+09:00,8270.0,8270.0,8270.0,8270.0,92,0.0,0.0
2024-08-08 14:17:00+09:00,8270.0,8290.0,8270.0,8290.0,106,0.0,0.0
2024-08-08 14:18:00+09:00,8260.0,8260.0,8260.0,8260.0,26,0.0,0.0
2024-08-08 14:19:00+09:00,8260.0,8260.0,8250.0,8250.0,1566,0.0,0.0
2024-08-08 14:20:00+09:00,8280.0,8280.0,8280.0,8280.0,0,0.0,0.0
2024-08-08 14:25:00+09:00,8260.0,8260.0,8260.0,8260.0,31,0.0,0.0
2024-08-08 14:26:00+09:00,8260.0,8260.0,8250.0,8250.0,648,0.0,0.0
2024-08-08 14:30:00+09:00,8250.0,8250.0,8250.0,8250.0,0,0.0,0.0
2024-08-08 14:33:00+09:00,8250.0,8250.0,8250.0,8250.0,75,0.0,0.0
2024-08-08 14:35:00+09:00,8250.0,8260.0,8250.0,8250.0,5,0.0,0.0
2024-08-08 14:38:00+09:00,8250.0,8260.0,8250.0,8260.0,60,0.0,0.0
2024-08-08 14:39:00+09:00,8260.0,8260.0,8250.0,8250.0,17,0.0,0.0
2024-08-08 14:40:00+09:00,8250.0,8250.0,8250.0,8250.0,253,0.0,0.0
2024-08-08 14:41:00+09:00,8250.0,8250.0,8250.0,8250.0,22,0.0,0.0
2024-08-08 14:43:00+09:00,8250.0,8250.0,8250.0,8250.0,90,0.0,0.0
2024-08-08 14:44:00+09:00,8260.0,8260.0,8260.0,8260.0,0,0.0,0.0
2024-08-08 14:45:00+09:00,8270.0,8270.0,8270.0,8270.0,92,0.0,0.0
2024-08-08 14:47:00+09:00,8270.0,8270.0,8270.0,8270.0,0,0.0,0.0
2024-08-08 14:48:00+09:00,8270.0,8270.0,8270.0,8270.0,1,0.0,0.0
2024-08-08 14:49:00+09:00,8260.0,8260.0,8260.0,8260.0,2,0.0,0.0
2024-08-08 14:50:00+09:00,8260.0,8260.0,8260.0,8260.0,75,0.0,0.0
2024-08-08 14:51:00+09:00,8250.0,8250.0,8230.0,8230.0,911,0.0,0.0
2024-08-08 14:52:00+09:00,8230.0,8230.0,8230.0,8230.0,0,0.0,0.0
2024-08-08 14:53:00+09:00,8240.0,8240.0,8240.0,8240.0,382,0.0,0.0
2024-08-08 14:55:00+09:00,8240.0,8240.0,8240.0,8240.0,32,0.0,0.0
2024-08-08 14:57:00+09:00,8240.0,8240.0,8230.0,8230.0,860,0.0,0.0
2024-08-08 14:58:00+09:00,8220.0,8220.0,8200.0,8200.0,2213,0.0,0.0
2024-08-08 14:59:00+09:00,8200.0,8200.0,8190.0,8190.0,1095,0.0,0.0
2024-08-09 09:00:00+09:00,8270.0,8350.0,8270.0,8350.0,305,0.0,0.0
2024-08-09 09:01:00+09:00,8350.0,8490.0,8350.0,8490.0,146,0.0,0.0
2024-08-09 09:02:00+09:00,8490.0,8490.0,8490.0,8490.0,2570,0.0,0.0
2024-08-09 09:03:00+09:00,8480.0,8480.0,8480.0,8480.0,0,0.0,0.0
2024-08-09 09:04:00+09:00,8490.0,8490.0,8490.0,8490.0,0,0.0,0.0
2024-08-09 09:05:00+09:00,8440.0,8440.0,8440.0,8440.0,7,0.0,0.0
2024-08-09 09:06:00+09:00,8450.0,8450.0,8440.0,8440.0,62,0.0,0.0
2024-08-09 09:07:00+09:00,8470.0,8470.0,8450.0,8450.0,49,0.0,0.0
2024-08-09 09:08:00+09:00,8460.0,8460.0,8460.0,8460.0,321,0.0,0.0
2024-08-09 09:09:00+09:00,8440.0,8520.0,8440.0,8440.0,508,0.0,0.0
2024-08-09 09:10:00+09:00,8430.0,8430.0,8400.0,8400.0,105,0.0,0.0
2024-08-09 09:11:00+09:00,8370.0,8390.0,8370.0,8390.0,0,0.0,0.0
2024-08-09 09:12:00+09:00,8420.0,8510.0,8420.0,8440.0,205,0.0,0.0
2024-08-09 09:13:00+09:00,8430.0,8480.0,8400.0,8480.0,59,0.0,0.0
2024-08-09 09:14:00+09:00,8480.0,8480.0,8480.0,8480.0,43,0.0,0.0
2024-08-09 09:15:00+09:00,8470.0,8470.0,8470.0,8470.0,0,0.0,0.0
2024-08-09 09:17:00+09:00,8470.0,8480.0,8470.0,8480.0,56,0.0,0.0
2024-08-09 09:21:00+09:00,8480.0,8480.0,8480.0,8480.0,133,0.0,0.0
2024-08-09 09:23:00+09:00,8430.0,8430.0,8420.0,8420.0,0,0.0,0.0
2024-08-09 09:24:00+09:00,8400.0,8470.0,8400.0,8470.0,5072,0.0,0.0
2024-08-09 09:25:00+09:00,8480.0,8480.0,8480.0,8480.0,31,0.0,0.0
2024-08-09 09:28:00+09:00,8470.0,8470.0,8470.0,8470.0,16,0.0,0.0
2024-08-09 09:30:00+09:00,8470.0,8470.0,8460.0,8460.0,270,0.0,0.0
2024-08-09 09:31:00+09:00,8480.0,8480.0,8480.0,8480.0,0,0.0,0.0
2024-08-09 09:34:00+09:00,8440.0,8440.0,8440.0,8440.0,515,0.0,0.0
2024-08-09 09:37:00+09:00,8460.0,8460.0,8460.0,8460.0,0,0.0,0.0
2024-08-09 09:40:00+09:00,8460.0,8480.0,8450.0,8480.0,410,0.0,0.0
2024-08-09 09:41:00+09:00,8470.0,8470.0,8470.0,8470.0,119,0.0,0.0
2024-08-09 09:45:00+09:00,8480.0,8480.0,8480.0,8480.0,0,0.0,0.0
2024-08-09 09:46:00+09:00,8480.0,8500.0,8480.0,8500.0,1005,0.0,0.0
2024-08-09 09:47:00+09:00,8500.0,8540.0,8500.0,8540.0,16,0.0,0.0
2024-08-09 09:48:00+09:00,8510.0,8540.0,8510.0,8510.0,23,0.0,0.0
2024-08-09 09:49:00+09:00,8540.0,8540.0,8540.0,8540.0,0,0.0,0.0
2024-08-09 09:50:00+09:00,8540.0,8540.0,8540.0,8540.0,21,0.0,0.0
2024-08-09 09:51:00+09:00,8550.0,8550.0,8550.0,8550.0,0,0.0,0.0
2024-08-09 09:52:00+09:00,8530.0,8530.0,8530.0,8530.0,17,0.0,0.0
2024-08-09 09:55:00+09:00,8530.0,8530.0,8530.0,8530.0,8,0.0,0.0
2024-08-09 09:57:00+09:00,8510.0,8510.0,8510.0,8510.0,0,0.0,0.0
2024-08-09 10:03:00+09:00,8470.0,8470.0,8470.0,8470.0,10573,0.0,0.0
2024-08-09 10:04:00+09:00,8500.0,8500.0,8500.0,8500.0,0,0.0,0.0
2024-08-09 10:08:00+09:00,8490.0,8490.0,8490.0,8490.0,118,0.0,0.0
2024-08-09 10:15:00+09:00,8500.0,8500.0,8500.0,8500.0,0,0.0,0.0
2024-08-09 10:19:00+09:00,8490.0,8490.0,8490.0,8490.0,1,0.0,0.0
2024-08-09 10:22:00+09:00,8490.0,8500.0,8490.0,8500.0,2,0.0,0.0
2024-08-09 10:27:00+09:00,8480.0,8480.0,8480.0,8480.0,20,0.0,0.0
2024-08-09 10:31:00+09:00,8470.0,8470.0,8470.0,8470.0,100,0.0,0.0
2024-08-09 10:42:00+09:00,8480.0,8490.0,8470.0,8490.0,121,0.0,0.0
2024-08-09 10:51:00+09:00,8480.0,8480.0,8480.0,8480.0,3,0.0,0.0
2024-08-09 10:52:00+09:00,8480.0,8480.0,8480.0,8480.0,1,0.0,0.0
2024-08-09 10:55:00+09:00,8470.0,8470.0,8470.0,8470.0,1136,0.0,0.0
2024-08-09 10:57:00+09:00,8460.0,8460.0,8460.0,8460.0,0,0.0,0.0
2024-08-09 11:06:00+09:00,8460.0,8460.0,8440.0,8440.0,72,0.0,0.0
2024-08-09 11:07:00+09:00,8470.0,8510.0,8470.0,8510.0,1200,0.0,0.0
2024-08-09 11:10:00+09:00,8450.0,8450.0,8450.0,8450.0,1268,0.0,0.0
2024-08-09 11:11:00+09:00,8500.0,8560.0,8500.0,8560.0,462,0.0,0.0
2024-08-09 11:15:00+09:00,8560.0,8570.0,8560.0,8570.0,202,0.0,0.0
2024-08-09 11:21:00+09:00,8490.0,8700.0,8490.0,8600.0,2009,0.0,0.0
2024-08-09 11:22:00+09:00,8600.0,9000.0,8600.0,8770.0,1997,0.0,0.0
2024-08-09 11:23:00+09:00,8770.0,8830.0,8770.0,8830.0,181,0.0,0.0
2024-08-09 11:24:00+09:00,8650.0,8800.0,8650.0,8800.0,411,0.0,0.0
2024-08-09 11:25:00+09:00,8640.0,8640.0,8640.0,8640.0,5,0.0,0.0
2024-08-09 11:26:00+09:00,8650.0,8650.0,8650.0,8650.0,3,0.0,0.0
2024-08-09 11:27:00+09:00,8770.0,8770.0,8770.0,8770.0,0,0.0,0.0
2024-08-09 11:31:00+09:00,8740.0,8740.0,8740.0,8740.0,1,0.0,0.0
2024-08-09 11:32:00+09:00,8650.0,8650.0,8640.0,8640.0,2,0.0,0.0
2024-08-09 11:33:00+09:00,8710.0,8710.0,8640.0,8640.0,175,0.0,0.0
2024-08-09 11:34:00+09:00,8690.0,8710.0,8690.0,8710.0,68,0.0,0.0
2024-08-09 11:35:00+09:00,8740.0,8740.0,8740.0,8740.0,57,0.0,0.0
2024-08-09 11:36:00+09:00,8740.0,8760.0,8740.0,8760.0,0,0.0,0.0
2024-08-09 11:38:00+09:00,8760.0,8760.0,8760.0,8760.0,207,0.0,0.0
2024-08-09 11:39:00+09:00,8700.0,8700.0,8700.0,8700.0,142,0.0,0.0
2024-08-09 11:40:00+09:00,8660.0,8750.0,8660.0,8750.0,0,0.0,0.0
2024-08-09 11:41:00+09:00,8760.0,8770.0,8700.0,8700.0,402,0.0,0.0
2024-08-09 11:42:00+09:00,8770.0,8770.0,8770.0,8770.0,0,0.0,0.0
2024-08-09 11:46:00+09:00,8760.0,8760.0,8760.0,8760.0,3,0.0,0.0
2024-08-09 11:51:00+09:00,8740.0,8740.0,8740.0,8740.0,0,0.0,0.0
2024-08-09 11:52:00+09:00,8700.0,8700.0,8700.0,8700.0,199,0.0,0.0
2024-08-09 11:56:00+09:00,8750.0,8750.0,8750.0,8750.0,2,0.0,0.0
2024-08-09 11:57:00+09:00,8680.0,8740.0,8650.0,8740.0,513,0.0,0.0
2024-08-09 11:59:00+09:00,8740.0,8750.0,8740.0,8750.0,2,0.0,0.0
2024-08-09 12:03:00+09:00,8740.0,8740.0,8740.0,8740.0,19,0.0,0.0
2024-08-09 12:08:00+09:00,8700.0,8700.0,8700.0,8700.0,14,0.0,0.0
2024-08-09 12:09:00+09:00,8750.0,8750.0,8750.0,8750.0,0,0.0,0.0
2024-08-09 12:12:00+09:00,8740.0,8740.0,8740.0,8740.0,1,0.0,0.0
2024-08-09 12:13:00+09:00,8700.0,8700.0,8700.0,8700.0,275,0.0,0.0
2024-08-09 12:17:00+09:00,8730.0,8750.0,8730.0,8750.0,0,0.0,0.0
2024-08-09 12:25:00+09:00,8730.0,8740.0,8730.0,8740.0,18,0.0,0.0
2024-08-09 12:32:00+09:00,8740.0,8740.0,8740.0,8740.0,0,0.0,0.0
2024-08-09 12:34:00+09:00,8730.0,8750.0,8730.0,8750.0,375,0.0,0.0
2024-08-09 12:39:00+09:00,8700.0,8700.0,8700.0,8700.0,220,0.0,0.0
2024-08-09 12:41:00+09:00,8740.0,8740.0,8740.0,8740.0,1,0.0,0.0
2024-08-09 12:42:00+09:00,8680.0,8680.0,8670.0,8670.0,466,0.0,0.0
2024-08-09 12:47:00+09:00,8680.0,8680.0,8680.0,8680.0,0,0.0,0.0
2024-08-09 12:54:00+09:00,8680.0,8680.0,8680.0,8680.0,0,0.0,0.0
2024-08-09 12:55:00+09:00,8720.0,8720.0,8720.0,8720.0,1,0.0,0.0
2024-08-09 13:01:00+09:00,8730.0,8730.0,8720.0,8730.0,3,0.0,0.0
2024-08-09 13:06:00+09:00,8730.0,8730.0,8730.0,8730.0,8,0.0,0.0
2024-08-09 13:07:00+09:00,8740.0,8760.0,8740.0,8760.0,136,0.0,0.0
2024-08-09 13:11:00+09:00,8750.0,8750.0,8750.0,8750.0,2,0.0,0.0
2024-08-09 13:12:00+09:00,8700.0,8700.0,8700.0,8700.0,5,0.0,0.0
2024-08-09 13:19:00+09:00,8700.0,8700.0,8700.0,8700.0,629,0.0,0.0
2024-08-09 13:27:00+09:00,8740.0,8740.0,8740.0,8740.0,0,0.0,0.0
2024-08-09 13:28:00+09:00,8690.0,8690.0,8690.0,8690.0,19,0.0,0.0
2024-08-09 13:32:00+09:00,8690.0,8690.0,8690.0,8690.0,0,0.0,0.0
2024-08-09 13:33:00+09:00,8730.0,8730.0,8730.0,8730.0,1,0.0,0.0
2024-08-09 13:37:00+09:00,8690.0,8690.0,8690.0,8690.0,39,0.0,0.0
2024-08-09 13:38:00+09:00,8690.0,8690.0,8690.0,8690.0,0,0.0,0.0
2024-08-09 13:39:00+09:00,8690.0,8690.0,8690.0,8690.0,375,0.0,0.0
2024-08-09 13:48:00+09:00,8690.0,8690.0,8690.0,8690.0,8,0.0,0.0
2024-08-09 13:49:00+09:00,8670.0,8670.0,8670.0,8670.0,0,0.0,0.0
2024-08-09 13:58:00+09:00,8670.0,8670.0,8650.0,8650.0,464,0.0,0.0
2024-08-09 13:59:00+09:00,8640.0,8640.0,8640.0,8640.0,98,0.0,0.0
2024-08-09 14:00:00+09:00,8680.0,8680.0,8680.0,8680.0,0,0.0,0.0
2024-08-09 14:03:00+09:00,8630.0,8630.0,8630.0,8630.0,5,0.0,0.0
2024-08-09 14:04:00+09:00,8680.0,8680.0,8680.0,8680.0,5,0.0,0.0
2024-08-09 14:10:00+09:00,8660.0,8670.0,8660.0,8670.0,77,0.0,0.0
2024-08-09 14:13:00+09:00,8670.0,8670.0,8670.0,8670.0,100,0.0,0.0
2024-08-09 14:17:00+09:00,8640.0,8680.0,8640.0,8680.0,250,0.0,0.0
2024-08-09 14:18:00+09:00,8670.0,8670.0,8670.0,8670.0,1,0.0,0.0
2024-08-09 14:19:00+09:00,8660.0,8660.0,8650.0,8660.0,3,0.0,0.0
2024-08-09 14:20:00+09:00,8660.0,8660.0,8650.0,8650.0,2,0.0,0.0
2024-08-09 14:21:00+09:00,8650.0,8650.0,8650.0,8650.0,1,0.0,0.0
2024-08-09 14:26:00+09:00,8660.0,8670.0,8630.0,8670.0,228,0.0,0.0
2024-08-09 14:27:00+09:00,8680.0,8680.0,8680.0,8680.0,1,0.0,0.0
2024-08-09 14:37:00+09:00,8650.0,8660.0,8650.0,8660.0,1,0.0,0.0
2024-08-09 14:38:00+09:00,8660.0,8660.0,8660.0,8660.0,20,0.0,0.0
2024-08-09 14:40:00+09:00,8660.0,8660.0,8660.0,8660.0,0,0.0,0.0
2024-08-09 14:42:00+09:00,8670.0,8670.0,8670.0,8670.0,1,0.0,0.0
2024-08-09 14:44:00+09:00,8650.0,8680.0,8650.0,8680.0,139,0.0,0.0
2024-08-09 14:46:00+09:00,8650.0,8650.0,8650.0,8650.0,187,0.0,0.0
2024-08-09 14:48:00+09:00,8640.0,8640.0,8640.0,8640.0,0,0.0,0.0
2024-08-09 14:52:00+09:00,8670.0,8670.0,8670.0,8670.0,1,0.0,0.0
2024-08-09 14:58:00+09:00,8640.0,8640.0,8640.0,8640.0,2,0.0,0.0
