Datetime,Open,High,Low,Close,Volume,Dividends,Stock Splits
2024-07-29 09:00:00+09:00,2155.0,2155.0,2150.0,2150.0,0,0.0,0.0
2024-07-29 09:02:00+09:00,2195.0,2195.0,2195.0,2195.0,0,0.0,0.0
2024-07-29 09:04:00+09:00,2200.0,2200.0,2200.0,2200.0,1,0.0,0.0
2024-07-29 09:05:00+09:00,2195.0,2195.0,2195.0,2195.0,1,0.0,0.0
2024-07-29 09:06:00+09:00,2195.0,2195.0,2155.0,2155.0,48,0.0,0.0
2024-07-29 09:07:00+09:00,2150.0,2150.0,2150.0,2150.0,17,0.0,0.0
2024-07-29 09:08:00+09:00,2180.0,2180.0,2180.0,2180.0,1,0.0,0.0
2024-07-29 09:19:00+09:00,2165.0,2180.0,2165.0,2180.0,532,0.0,0.0
2024-07-29 09:25:00+09:00,2165.0,2180.0,2165.0,2180.0,5803,0.0,0.0
2024-07-29 09:26:00+09:00,2175.0,2175.0,2145.0,2145.0,0,0.0,0.0
2024-07-29 09:27:00+09:00,2165.0,2165.0,2165.0,2165.0,0,0.0,0.0
2024-07-29 09:28:00+09:00,2160.0,2160.0,2160.0,2160.0,1,0.0,0.0
2024-07-29 09:29:00+09:00,2160.0,2160.0,2160.0,2160.0,0,0.0,0.0
2024-07-29 09:36:00+09:00,2160.0,2175.0,2160.0,2175.0,2,0.0,0.0
2024-07-29 09:41:00+09:00,2155.0,2160.0,2155.0,2160.0,502,0.0,0.0
2024-07-29 09:43:00+09:00,2160.0,2160.0,2160.0,2160.0,19,0.0,0.0
2024-07-29 09:45:00+09:00,2160.0,2165.0,2160.0,2165.0,0,0.0,0.0
2024-07-29 09:47:00+09:00,2165.0,2165.0,2165.0,2165.0,39,0.0,0.0
2024-07-29 09:49:00+09:00,2165.0,2165.0,2165.0,2165.0,112,0.0,0.0
2024-07-29 09:53:00+09:00,2165.0,2165.0,2165.0,2165.0,281,0.0,0.0
2024-07-29 09:54:00+09:00,2165.0,2165.0,2160.0,2160.0,1547,0.0,0.0
2024-07-29 09:57:00+09:00,2160.0,2160.0,2160.0,2160.0,59,0.0,0.0
2024-07-29 09:58:00+09:00,2160.0,2160.0,2160.0,2160.0,2053,0.0,0.0
2024-07-29 09:59:00+09:00,2160.0,2160.0,2160.0,2160.0,397,0.0,0.0
2024-07-29 10:06:00+09:00,2165.0,2165.0,2165.0,2165.0,1132,0.0,0.0
2024-07-29 10:09:00+09:00,2165.0,2165.0,2165.0,2165.0,7378,0.0,0.0
2024-07-29 10:10:00+09:00,2165.0,2165.0,2165.0,2165.0,0,0.0,0.0
2024-07-29 10:12:00+09:00,2165.0,2165.0,2165.0,2165.0,1990,0.0,0.0
2024-07-29 10:19:00+09:00,2160.0,2160.0,2160.0,2160.0,0,0.0,0.0
2024-07-29 10:21:00+09:00,2160.0,2160.0,2160.0,2160.0,454,0.0,0.0
2024-07-29 10:22:00+09:00,2165.0,2165.0,2165.0,2165.0,2331,0.0,0.0
2024-07-29 10:24:00+09:00,2165.0,2165.0,2165.0,2165.0,0,0.0,0.0
2024-07-29 10:25:00+09:00,2165.0,2165.0,2165.0,2165.0,264,0.0,0.0
2024-07-29 10:31:00+09:00,2165.0,2165.0,2155.0,2155.0,6166,0.0,0.0
2024-07-29 10:32:00+09:00,2155.0,2155.0,2155.0,2155.0,0,0.0,0.0
2024-07-29 10:33:00+09:00,2160.0,2160.0,2160.0,2160.0,0,0.0,0.0
2024-07-29 10:35:00+09:00,2155.0,2155.0,2155.0,2155.0,6,0.0,0.0
2024-07-29 10:37:00+09:00,2150.0,2150.0,2150.0,2150.0,9,0.0,0.0
2024-07-29 10:38:00+09:00,2150.0,2150.0,2150.0,2150.0,11217,0.0,0.0
2024-07-29 10:41:00+09:00,2155.0,2155.0,2155.0,2155.0,0,0.0,0.0
2024-07-29 10:43:00+09:00,2160.0,2160.0,2160.0,2160.0,1,0.0,0.0
2024-07-29 10:45:00+09:00,2155.0,2160.0,2155.0,2160.0,11,0.0,0.0
2024-07-29 10:49:00+09:00,2160.0,2160.0,2160.0,2160.0,10199,0.0,0.0
2024-07-29 10:50:00+09:00,2160.0,2160.0,2160.0,2160.0,0,0.0,0.0
2024-07-29 11:13:00+09:00,2155.0,2155.0,2155.0,2155.0,1910,0.0,0.0
2024-07-29 11:14:00+09:00,2155.0,2160.0,2155.0,2160.0,0,0.0,0.0
2024-07-29 11:15:00+09:00,2160.0,2160.0,2160.0,2160.0,1,0.0,0.0
2024-07-29 11:20:00+09:00,2160.0,2160.0,2160.0,2160.0,1,0.0,0.0
2024-07-29 11:25:00+09:00,2160.0,2160.0,2160.0,2160.0,999,0.0,0.0
2024-07-29 11:26:00+09:00,2160.0,2160.0,2160.0,2160.0,500,0.0,0.0
2024-07-29 11:36:00+09:00,2165.0,2165.0,2165.0,2165.0,0,0.0,0.0
2024-07-29 11:38:00+09:00,2155.0,2155.0,2155.0,2155.0,284,0.0,0.0
2024-07-29 11:39:00+09:00,2165.0,2165.0,2165.0,2165.0,0,0.0,0.0
2024-07-29 11:44:00+09:00,2165.0,2165.0,2165.0,2165.0,1,0.0,0.0
2024-07-29 11:52:00+09:00,2155.0,2155.0,2155.0,2155.0,1,0.0,0.0
2024-07-29 12:01:00+09:00,2155.0,2155.0,2155.0,2155.0,1,0.0,0.0
2024-07-29 12:02:00+09:00,2165.0,2165.0,2165.0,2165.0,1,0.0,0.0
2024-07-29 12:10:00+09:00,2160.0,2165.0,2160.0,2165.0,94,0.0,0.0
2024-07-29 12:14:00+09:00,2160.0,2160.0,2160.0,2160.0,3,0.0,0.0
2024-07-29 12:17:00+09:00,2155.0,2155.0,2155.0,2155.0,170,0.0,0.0
2024-07-29 12:18:00+09:00,2155.0,2155.0,2155.0,2155.0,0,0.0,0.0
2024-07-29 12:20:00+09:00,2155.0,2155.0,2155.0,2155.0,4,0.0,0.0
2024-07-29 12:21:00+09:00,2155.0,2155.0,2155.0,2155.0,276,0.0,0.0
2024-07-29 12:22:00+09:00,2155.0,2155.0,2155.0,2155.0,0,0.0,0.0
2024-07-29 12:23:00+09:00,2150.0,2150.0,2150.0,2150.0,1580,0.0,0.0
2024-07-29 12:24:00+09:00,2150.0,2150.0,2150.0,2150.0,0,0.0,0.0
2024-07-29 12:25:00+09:00,2150.0,2150.0,2150.0,2150.0,80,0.0,0.0
2024-07-29 12:26:00+09:00,2150.0,2150.0,2140.0,2140.0,2151,0.0,0.0
2024-07-29 12:27:00+09:00,2140.0,2155.0,2140.0,2155.0,2257,0.0,0.0
2024-07-29 12:28:00+09:00,2135.0,2155.0,2135.0,2155.0,82,0.0,0.0
2024-07-29 12:29:00+09:00,2135.0,2135.0,2135.0,2135.0,57,0.0,0.0
2024-07-29 12:30:00+09:00,2140.0,2140.0,2140.0,2140.0,131,0.0,0.0
2024-07-29 12:32:00+09:00,2145.0,2145.0,2145.0,2145.0,0,0.0,0.0
2024-07-29 12:33:00+09:00,2145.0,2150.0,2145.0,2150.0,4817,0.0,0.0
2024-07-29 12:35:00+09:00,2145.0,2145.0,2145.0,2145.0,1227,0.0,0.0
2024-07-29 12:40:00+09:00,2140.0,2140.0,2135.0,2135.0,9818,0.0,0.0
2024-07-29 12:41:00+09:00,2135.0,2135.0,2130.0,2130.0,2939,0.0,0.0
2024-07-29 12:42:00+09:00,2130.0,2135.0,2130.0,2130.0,3773,0.0,0.0
2024-07-29 12:44:00+09:00,2130.0,2130.0,2130.0,2130.0,14465,0.0,0.0
2024-07-29 12:45:00+09:00,2130.0,2145.0,2130.0,2130.0,0,0.0,0.0
2024-07-29 12:46:00+09:00,2135.0,2140.0,2135.0,2140.0,1,0.0,0.0
2024-07-29 12:47:00+09:00,2135.0,2140.0,2135.0,2140.0,1,0.0,0.0
2024-07-29 12:51:00+09:00,2130.0,2140.0,2130.0,2140.0,137,0.0,0.0
2024-07-29 12:52:00+09:00,2140.0,2140.0,2140.0,2140.0,0,0.0,0.0
2024-07-29 12:53:00+09:00,2140.0,2140.0,2140.0,2140.0,2,0.0,0.0
2024-07-29 12:54:00+09:00,2135.0,2135.0,2135.0,2135.0,1,0.0,0.0
2024-07-29 12:57:00+09:00,2135.0,2135.0,2135.0,2135.0,133,0.0,0.0
2024-07-29 13:00:00+09:00,2130.0,2135.0,2130.0,2135.0,3,0.0,0.0
2024-07-29 13:04:00+09:00,2135.0,2140.0,2135.0,2140.0,313,0.0,0.0
2024-07-29 13:05:00+09:00,2135.0,2135.0,2130.0,2130.0,66,0.0,0.0
2024-07-29 13:06:00+09:00,2130.0,2135.0,2130.0,2130.0,41,0.0,0.0
2024-07-29 13:07:00+09:00,2140.0,2140.0,2140.0,2140.0,2,0.0,0.0
2024-07-29 13:10:00+09:00,2135.0,2135.0,2135.0,2135.0,1,0.0,0.0
2024-07-29 13:12:00+09:00,2140.0,2140.0,2140.0,2140.0,3,0.0,0.0
2024-07-29 13:13:00+09:00,2135.0,2135.0,2130.0,2130.0,2189,0.0,0.0
2024-07-29 13:14:00+09:00,2130.0,2130.0,2125.0,2125.0,1377,0.0,0.0
2024-07-29 13:15:00+09:00,2130.0,2130.0,2130.0,2130.0,0,0.0,0.0
2024-07-29 13:16:00+09:00,2125.0,2125.0,2120.0,2120.0,222,0.0,0.0
2024-07-29 13:17:00+09:00,2120.0,2130.0,2120.0,2130.0,9,0.0,0.0
2024-07-29 13:18:00+09:00,2125.0,2125.0,2120.0,2120.0,1823,0.0,0.0
2024-07-29 13:19:00+09:00,2115.0,2115.0,2110.0,2110.0,11778,0.0,0.0
2024-07-29 13:20:00+09:00,2120.0,2120.0,2120.0,2120.0,0,0.0,0.0
2024-07-29 13:21:00+09:00,2120.0,2125.0,2100.0,2100.0,786,0.0,0.0
2024-07-29 13:22:00+09:00,2120.0,2120.0,2120.0,2120.0,2,0.0,0.0
2024-07-29 13:24:00+09:00,2115.0,2115.0,2115.0,2115.0,0,0.0,0.0
2024-07-29 13:25:00+09:00,2115.0,2115.0,2110.0,2110.0,207,0.0,0.0
2024-07-29 13:26:00+09:00,2105.0,2105.0,2100.0,2100.0,2871,0.0,0.0
2024-07-29 13:27:00+09:00,2110.0,2140.0,2100.0,2105.0,11191,0.0,0.0
2024-07-29 13:28:00+09:00,2115.0,2115.0,2115.0,2115.0,0,0.0,0.0
2024-07-29 13:30:00+09:00,2105.0,2140.0,2105.0,2140.0,7003,0.0,0.0
2024-07-29 13:31:00+09:00,2135.0,2140.0,2135.0,2140.0,3682,0.0,0.0
2024-07-29 13:32:00+09:00,2120.0,2120.0,2115.0,2115.0,0,0.0,0.0
2024-07-29 13:33:00+09:00,2120.0,2120.0,2115.0,2115.0,92,0.0,0.0
2024-07-29 13:34:00+09:00,2125.0,2125.0,2125.0,2125.0,0,0.0,0.0
2024-07-29 13:35:00+09:00,2130.0,2130.0,2130.0,2130.0,63,0.0,0.0
2024-07-29 13:36:00+09:00,2130.0,2145.0,2130.0,2145.0,3147,0.0,0.0
2024-07-29 13:37:00+09:00,2140.0,2140.0,2140.0,2140.0,1016,0.0,0.0
2024-07-29 13:38:00+09:00,2135.0,2135.0,2135.0,2135.0,0,0.0,0.0
2024-07-29 13:39:00+09:00,2135.0,2145.0,2130.0,2140.0,8615,0.0,0.0
2024-07-29 13:40:00+09:00,2130.0,2135.0,2130.0,2135.0,0,0.0,0.0
2024-07-29 13:41:00+09:00,2130.0,2140.0,2130.0,2140.0,1485,0.0,0.0
2024-07-29 13:42:00+09:00,2130.0,2140.0,2130.0,2140.0,0,0.0,0.0
2024-07-29 13:43:00+09:00,2135.0,2140.0,2130.0,2130.0,105,0.0,0.0
2024-07-29 13:44:00+09:00,2130.0,2135.0,2130.0,2135.0,86,0.0,0.0
2024-07-29 13:45:00+09:00,2135.0,2140.0,2135.0,2140.0,13,0.0,0.0
2024-07-29 13:46:00+09:00,2135.0,2135.0,2135.0,2135.0,2,0.0,0.0
2024-07-29 13:47:00+09:00,2135.0,2135.0,2130.0,2130.0,1002,0.0,0.0
2024-07-29 13:48:00+09:00,2130.0,2130.0,2130.0,2130.0,206,0.0,0.0
2024-07-29 13:49:00+09:00,2130.0,2130.0,2130.0,2130.0,1075,0.0,0.0
2024-07-29 13:50:00+09:00,2130.0,2130.0,2130.0,2130.0,0,0.0,0.0
2024-07-29 13:52:00+09:00,2130.0,2130.0,2125.0,2125.0,688,0.0,0.0
2024-07-29 13:53:00+09:00,2125.0,2125.0,2125.0,2125.0,0,0.0,0.0
2024-07-29 13:54:00+09:00,2125.0,2125.0,2125.0,2125.0,116,0.0,0.0
2024-07-29 13:55:00+09:00,2125.0,2125.0,2125.0,2125.0,49,0.0,0.0
2024-07-29 13:56:00+09:00,2130.0,2130.0,2130.0,2130.0,0,0.0,0.0
2024-07-29 13:57:00+09:00,2135.0,2135.0,2135.0,2135.0,37,0.0,0.0
2024-07-29 13:58:00+09:00,2135.0,2135.0,2130.0,2130.0,20,0.0,0.0
2024-07-29 14:01:00+09:00,2135.0,2140.0,2135.0,2140.0,1758,0.0,0.0
2024-07-29 14:02:00+09:00,2140.0,2140.0,2135.0,2135.0,480,0.0,0.0
2024-07-29 14:03:00+09:00,2135.0,2135.0,2135.0,2135.0,100,0.0,0.0
2024-07-29 14:04:00+09:00,2135.0,2135.0,2135.0,2135.0,98,0.0,0.0
2024-07-29 14:05:00+09:00,2135.0,2135.0,2135.0,2135.0,0,0.0,0.0
2024-07-29 14:08:00+09:00,2140.0,2140.0,2135.0,2135.0,11,0.0,0.0
2024-07-29 14:11:00+09:00,2135.0,2135.0,2135.0,2135.0,1,0.0,0.0
2024-07-29 14:14:00+09:00,2135.0,2135.0,2135.0,2135.0,116,0.0,0.0
2024-07-29 14:15:00+09:00,2130.0,2130.0,2130.0,2130.0,870,0.0,0.0
2024-07-29 14:17:00+09:00,2125.0,2125.0,2125.0,2125.0,99,0.0,0.0
2024-07-29 14:18:00+09:00,2130.0,2135.0,2125.0,2125.0,268,0.0,0.0
2024-07-29 14:19:00+09:00,2120.0,2120.0,2120.0,2120.0,329,0.0,0.0
2024-07-29 14:24:00+09:00,2120.0,2120.0,2120.0,2120.0,0,0.0,0.0
2024-07-29 14:28:00+09:00,2130.0,2130.0,2130.0,2130.0,997,0.0,0.0
2024-07-29 14:31:00+09:00,2125.0,2125.0,2125.0,2125.0,900,0.0,0.0
2024-07-29 14:32:00+09:00,2120.0,2120.0,2120.0,2120.0,0,0.0,0.0
2024-07-29 14:35:00+09:00,2120.0,2120.0,2120.0,2120.0,21,0.0,0.0
2024-07-29 14:39:00+09:00,2120.0,2120.0,2120.0,2120.0,1989,0.0,0.0
2024-07-29 14:40:00+09:00,2120.0,2120.0,2120.0,2120.0,1500,0.0,0.0
2024-07-29 14:42:00+09:00,2120.0,2120.0,2110.0,2110.0,1004,0.0,0.0
2024-07-29 14:45:00+09:00,2125.0,2125.0,2125.0,2125.0,16,0.0,0.0
2024-07-29 14:46:00+09:00,2125.0,2125.0,2120.0,2120.0,11,0.0,0.0
2024-07-29 14:48:00+09:00,2120.0,2120.0,2120.0,2120.0,1,0.0,0.0
2024-07-29 14:49:00+09:00,2125.0,2125.0,2125.0,2125.0,19,0.0,0.0
2024-07-29 14:50:00+09:00,2120.0,2120.0,2115.0,2115.0,0,0.0,0.0
2024-07-29 14:51:00+09:00,2115.0,2115.0,2095.0,2095.0,11447,0.0,0.0
2024-07-29 14:52:00+09:00,2100.0,2115.0,2035.0,2115.0,9656,0.0,0.0
2024-07-29 14:55:00+09:00,2095.0,2110.0,2095.0,2110.0,0,0.0,0.0
2024-07-29 14:57:00+09:00,2105.0,2105.0,2105.0,2105.0,18,0.0,0.0
2024-07-29 14:58:00+09:00,2090.0,2090.0,2090.0,2090.0,329,0.0,0.0
2024-07-29 14:59:00+09:00,2090.0,2105.0,2090.0,2105.0,1375,0.0,0.0
2024-07-30 09:00:00+09:00,2120.0,2120.0,2120.0,2120.0,3700,0.0,0.0
2024-07-30 09:01:00+09:00,2125.0,2125.0,2120.0,2120.0,0,0.0,0.0
2024-07-30 09:02:00+09:00,2130.0,2130.0,2130.0,2130.0,0,0.0,0.0
2024-07-30 09:03:00+09:00,2125.0,2125.0,2110.0,2110.0,1320,0.0,0.0
2024-07-30 09:04:00+09:00,2120.0,2120.0,2115.0,2115.0,0,0.0,0.0
2024-07-30 09:05:00+09:00,2115.0,2120.0,2115.0,2120.0,278,0.0,0.0
2024-07-30 09:06:00+09:00,2120.0,2120.0,2115.0,2115.0,114,0.0,0.0
2024-07-30 09:07:00+09:00,2120.0,2120.0,2120.0,2120.0,12,0.0,0.0
2024-07-30 09:08:00+09:00,2120.0,2120.0,2120.0,2120.0,270,0.0,0.0
2024-07-30 09:09:00+09:00,2115.0,2120.0,2115.0,2115.0,1134,0.0,0.0
2024-07-30 09:10:00+09:00,2125.0,2125.0,2120.0,2125.0,701,0.0,0.0
2024-07-30 09:11:00+09:00,2125.0,2125.0,2125.0,2125.0,1183,0.0,0.0
2024-07-30 09:12:00+09:00,2135.0,2135.0,2135.0,2135.0,648,0.0,0.0
2024-07-30 09:13:00+09:00,2135.0,2135.0,2125.0,2130.0,0,0.0,0.0
2024-07-30 09:14:00+09:00,2135.0,2145.0,2135.0,2135.0,3446,0.0,0.0
2024-07-30 09:15:00+09:00,2130.0,2135.0,2130.0,2135.0,0,0.0,0.0
2024-07-30 09:16:00+09:00,2130.0,2130.0,2125.0,2125.0,218,0.0,0.0
2024-07-30 09:18:00+09:00,2130.0,2135.0,2130.0,2135.0,15,0.0,0.0
2024-07-30 09:19:00+09:00,2135.0,2135.0,2135.0,2135.0,1299,0.0,0.0
2024-07-30 09:20:00+09:00,2140.0,2140.0,2135.0,2135.0,0,0.0,0.0
2024-07-30 09:21:00+09:00,2135.0,2135.0,2135.0,2135.0,2096,0.0,0.0
2024-07-30 09:23:00+09:00,2135.0,2135.0,2135.0,2135.0,343,0.0,0.0
2024-07-30 09:24:00+09:00,2130.0,2135.0,2130.0,2135.0,696,0.0,0.0
2024-07-30 09:25:00+09:00,2135.0,2135.0,2135.0,2135.0,1020,0.0,0.0
2024-07-30 09:27:00+09:00,2135.0,2145.0,2135.0,2145.0,1253,0.0,0.0
2024-07-30 09:28:00+09:00,2145.0,2185.0,2145.0,2180.0,7197,0.0,0.0
2024-07-30 09:29:00+09:00,2175.0,2185.0,2175.0,2185.0,3655,0.0,0.0
2024-07-30 09:30:00+09:00,2180.0,2180.0,2175.0,2175.0,2212,0.0,0.0
2024-07-30 09:31:00+09:00,2170.0,2170.0,2170.0,2170.0,919,0.0,0.0
2024-07-30 09:32:00+09:00,2170.0,2170.0,2170.0,2170.0,0,0.0,0.0
2024-07-30 09:33:00+09:00,2175.0,2175.0,2160.0,2160.0,486,0.0,0.0
2024-07-30 09:34:00+09:00,2160.0,2160.0,2160.0,2160.0,0,0.0,0.0
2024-07-30 09:37:00+09:00,2175.0,2175.0,2165.0,2165.0,90,0.0,0.0
2024-07-30 09:40:00+09:00,2170.0,2175.0,2170.0,2175.0,51,0.0,0.0
2024-07-30 09:41:00+09:00,2170.0,2170.0,2170.0,2170.0,20,0.0,0.0
2024-07-30 09:42:00+09:00,2170.0,2170.0,2160.0,2160.0,6070,0.0,0.0
2024-07-30 09:43:00+09:00,2165.0,2170.0,2165.0,2170.0,0,0.0,0.0
2024-07-30 09:44:00+09:00,2175.0,2175.0,2175.0,2175.0,5073,0.0,0.0
2024-07-30 09:45:00+09:00,2175.0,2190.0,2175.0,2185.0,4683,0.0,0.0
2024-07-30 09:47:00+09:00,2185.0,2215.0,2185.0,2215.0,86,0.0,0.0
2024-07-30 09:48:00+09:00,2205.0,2210.0,2175.0,2175.0,5276,0.0,0.0
2024-07-30 09:50:00+09:00,2180.0,2180.0,2180.0,2180.0,772,0.0,0.0
2024-07-30 09:54:00+09:00,2175.0,2175.0,2175.0,2175.0,0,0.0,0.0
2024-07-30 09:55:00+09:00,2175.0,2175.0,2175.0,2175.0,1129,0.0,0.0
2024-07-30 09:56:00+09:00,2180.0,2185.0,2180.0,2185.0,335,0.0,0.0
2024-07-30 09:58:00+09:00,2185.0,2195.0,2185.0,2195.0,1899,0.0,0.0
2024-07-30 09:59:00+09:00,2200.0,2200.0,2200.0,2200.0,722,0.0,0.0
2024-07-30 10:00:00+09:00,2195.0,2195.0,2195.0,2195.0,1444,0.0,0.0
2024-07-30 10:03:00+09:00,2195.0,2195.0,2195.0,2195.0,0,0.0,0.0
2024-07-30 10:04:00+09:00,2200.0,2200.0,2200.0,2200.0,0,0.0,0.0
2024-07-30 10:05:00+09:00,2200.0,2210.0,2200.0,2210.0,263,0.0,0.0
2024-07-30 10:07:00+09:00,2210.0,2215.0,2210.0,2215.0,375,0.0,0.0
2024-07-30 10:10:00+09:00,2215.0,2225.0,2215.0,2225.0,2002,0.0,0.0
2024-07-30 10:11:00+09:00,2225.0,2225.0,2225.0,2225.0,349,0.0,0.0
2024-07-30 10:13:00+09:00,2215.0,2215.0,2205.0,2205.0,0,0.0,0.0
2024-07-30 10:14:00+09:00,2220.0,2220.0,2220.0,2220.0,0,0.0,0.0
2024-07-30 10:15:00+09:00,2210.0,2210.0,2210.0,2210.0,19,0.0,0.0
2024-07-30 10:18:00+09:00,2210.0,2210.0,2175.0,2175.0,7089,0.0,0.0
2024-07-30 10:19:00+09:00,2175.0,2175.0,2175.0,2175.0,262,0.0,0.0
2024-07-30 10:20:00+09:00,2175.0,2185.0,2175.0,2185.0,541,0.0,0.0
2024-07-30 10:21:00+09:00,2175.0,2175.0,2175.0,2175.0,838,0.0,0.0
2024-07-30 10:22:00+09:00,2180.0,2185.0,2170.0,2170.0,0,0.0,0.0
2024-07-30 10:23:00+09:00,2185.0,2185.0,2185.0,2185.0,168,0.0,0.0
2024-07-30 10:26:00+09:00,2180.0,2185.0,2180.0,2185.0,134,0.0,0.0
2024-07-30 10:28:00+09:00,2185.0,2185.0,2185.0,2185.0,394,0.0,0.0
2024-07-30 10:29:00+09:00,2185.0,2190.0,2185.0,2190.0,694,0.0,0.0
2024-07-30 10:32:00+09:00,2190.0,2190.0,2190.0,2190.0,0,0.0,0.0
2024-07-30 10:33:00+09:00,2190.0,2190.0,2190.0,2190.0,0,0.0,0.0
2024-07-30 10:34:00+09:00,2180.0,2180.0,2170.0,2170.0,1696,0.0,0.0
2024-07-30 10:42:00+09:00,2170.0,2170.0,2170.0,2170.0,1338,0.0,0.0
2024-07-30 10:43:00+09:00,2170.0,2170.0,2170.0,2170.0,689,0.0,0.0
2024-07-30 10:44:00+09:00,2170.0,2170.0,2170.0,2170.0,404,0.0,0.0
2024-07-30 10:47:00+09:00,2185.0,2185.0,2185.0,2185.0,0,0.0,0.0
2024-07-30 10:52:00+09:00,2190.0,2190.0,2190.0,2190.0,116,0.0,0.0
2024-07-30 10:53:00+09:00,2190.0,2190.0,2190.0,2190.0,53,0.0,0.0
2024-07-30 10:54:00+09:00,2190.0,2190.0,2190.0,2190.0,123,0.0,0.0
2024-07-30 10:55:00+09:00,2190.0,2190.0,2190.0,2190.0,54,0.0,0.0
2024-07-30 10:56:00+09:00,2190.0,2190.0,2190.0,2190.0,37,0.0,0.0
2024-07-30 10:59:00+09:00,2190.0,2190.0,2190.0,2190.0,0,0.0,0.0
2024-07-30 11:01:00+09:00,2185.0,2185.0,2185.0,2185.0,2,0.0,0.0
2024-07-30 11:12:00+09:00,2170.0,2170.0,2165.0,2165.0,419,0.0,0.0
2024-07-30 11:16:00+09:00,2185.0,2185.0,2185.0,2185.0,2825,0.0,0.0
2024-07-30 11:17:00+09:00,2185.0,2190.0,2185.0,2190.0,0,0.0,0.0
2024-07-30 11:18:00+09:00,2190.0,2190.0,2190.0,2190.0,439,0.0,0.0
2024-07-30 11:19:00+09:00,2190.0,2195.0,2190.0,2195.0,275,0.0,0.0
2024-07-30 11:22:00+09:00,2195.0,2210.0,2195.0,2210.0,1961,0.0,0.0
2024-07-30 11:23:00+09:00,2210.0,2215.0,2210.0,2215.0,1111,0.0,0.0
2024-07-30 11:25:00+09:00,2215.0,2215.0,2215.0,2215.0,466,0.0,0.0
2024-07-30 11:27:00+09:00,2185.0,2185.0,2185.0,2185.0,2509,0.0,0.0
2024-07-30 11:28:00+09:00,2185.0,2185.0,2185.0,2185.0,2430,0.0,0.0
2024-07-30 11:33:00+09:00,2190.0,2200.0,2190.0,2195.0,704,0.0,0.0
2024-07-30 11:34:00+09:00,2195.0,2200.0,2195.0,2200.0,311,0.0,0.0
2024-07-30 11:35:00+09:00,2200.0,2200.0,2200.0,2200.0,0,0.0,0.0
2024-07-30 11:37:00+09:00,2200.0,2200.0,2200.0,2200.0,54,0.0,0.0
2024-07-30 11:38:00+09:00,2200.0,2200.0,2200.0,2200.0,19,0.0,0.0
2024-07-30 11:39:00+09:00,2200.0,2200.0,2200.0,2200.0,107,0.0,0.0
2024-07-30 11:40:00+09:00,2200.0,2200.0,2200.0,2200.0,49,0.0,0.0
2024-07-30 11:41:00+09:00,2200.0,2200.0,2200.0,2200.0,6,0.0,0.0
2024-07-30 11:43:00+09:00,2185.0,2195.0,2170.0,2195.0,4241,0.0,0.0
2024-07-30 11:44:00+09:00,2200.0,2205.0,2200.0,2205.0,209,0.0,0.0
2024-07-30 11:48:00+09:00,2190.0,2190.0,2175.0,2175.0,126,0.0,0.0
2024-07-30 11:55:00+09:00,2175.0,2175.0,2170.0,2170.0,314,0.0,0.0
2024-07-30 11:56:00+09:00,2195.0,2195.0,2195.0,2195.0,0,0.0,0.0
2024-07-30 12:01:00+09:00,2185.0,2185.0,2185.0,2185.0,18,0.0,0.0
2024-07-30 12:08:00+09:00,2185.0,2185.0,2185.0,2185.0,44,0.0,0.0
2024-07-30 12:10:00+09:00,2190.0,2195.0,2190.0,2195.0,836,0.0,0.0
2024-07-30 12:11:00+09:00,2195.0,2195.0,2195.0,2195.0,142,0.0,0.0
2024-07-30 12:13:00+09:00,2195.0,2195.0,2195.0,2195.0,260,0.0,0.0
2024-07-30 12:19:00+09:00,2195.0,2195.0,2195.0,2195.0,5,0.0,0.0
2024-07-30 12:23:00+09:00,2190.0,2190.0,2190.0,2190.0,209,0.0,0.0
2024-07-30 12:26:00+09:00,2185.0,2185.0,2185.0,2185.0,863,0.0,0.0
2024-07-30 12:27:00+09:00,2185.0,2185.0,2185.0,2185.0,1534,0.0,0.0
2024-07-30 12:28:00+09:00,2180.0,2180.0,2180.0,2180.0,0,0.0,0.0
2024-07-30 12:30:00+09:00,2180.0,2180.0,2180.0,2180.0,100583,0.0,0.0
2024-07-30 12:33:00+09:00,2190.0,2190.0,2190.0,2190.0,0,0.0,0.0
2024-07-30 12:37:00+09:00,2190.0,2190.0,2185.0,2185.0,0,0.0,0.0
2024-07-30 12:39:00+09:00,2180.0,2180.0,2175.0,2175.0,998,0.0,0.0
2024-07-30 12:41:00+09:00,2175.0,2175.0,2175.0,2175.0,0,0.0,0.0
2024-07-30 12:42:00+09:00,2175.0,2175.0,2170.0,2170.0,186,0.0,0.0
2024-07-30 12:51:00+09:00,2175.0,2175.0,2170.0,2170.0,319,0.0,0.0
2024-07-30 12:54:00+09:00,2175.0,2175.0,2175.0,2175.0,0,0.0,0.0
2024-07-30 12:58:00+09:00,2175.0,2175.0,2170.0,2170.0,273,0.0,0.0
2024-07-30 13:12:00+09:00,2175.0,2175.0,2175.0,2175.0,770,0.0,0.0
2024-07-30 13:13:00+09:00,2175.0,2180.0,2175.0,2180.0,0,0.0,0.0
2024-07-30 13:19:00+09:00,2175.0,2175.0,2175.0,2175.0,184,0.0,0.0
2024-07-30 13:20:00+09:00,2175.0,2175.0,2175.0,2175.0,0,0.0,0.0
2024-07-30 13:21:00+09:00,2175.0,2175.0,2175.0,2175.0,64,0.0,0.0
2024-07-30 13:22:00+09:00,2175.0,2175.0,2175.0,2175.0,95,0.0,0.0
2024-07-30 13:23:00+09:00,2175.0,2175.0,2175.0,2175.0,4,0.0,0.0
2024-07-30 13:24:00+09:00,2175.0,2175.0,2175.0,2175.0,16,0.0,0.0
2024-07-30 13:25:00+09:00,2175.0,2175.0,2175.0,2175.0,14,0.0,0.0
2024-07-30 13:29:00+09:00,2175.0,2175.0,2175.0,2175.0,1492,0.0,0.0
2024-07-30 13:31:00+09:00,2175.0,2175.0,2170.0,2170.0,1645,0.0,0.0
2024-07-30 14:03:00+09:00,2185.0,2185.0,2185.0,2185.0,0,0.0,0.0
2024-07-30 14:09:00+09:00,2185.0,2185.0,2185.0,2185.0,1119,0.0,0.0
2024-07-30 14:10:00+09:00,2185.0,2185.0,2185.0,2185.0,0,0.0,0.0
2024-07-30 14:13:00+09:00,2180.0,2180.0,2180.0,2180.0,1,0.0,0.0
2024-07-30 14:14:00+09:00,2185.0,2185.0,2185.0,2185.0,1,0.0,0.0
2024-07-30 14:19:00+09:00,2185.0,2190.0,2185.0,2190.0,1543,0.0,0.0
2024-07-30 14:20:00+09:00,2190.0,2190.0,2190.0,2190.0,234,0.0,0.0
2024-07-30 14:26:00+09:00,2190.0,2190.0,2190.0,2190.0,1999,0.0,0.0
2024-07-30 14:32:00+09:00,2190.0,2190.0,2190.0,2190.0,0,0.0,0.0
2024-07-30 14:33:00+09:00,2190.0,2195.0,2190.0,2195.0,6768,0.0,0.0
2024-07-30 14:35:00+09:00,2195.0,2200.0,2195.0,2200.0,337,0.0,0.0
2024-07-30 14:36:00+09:00,2195.0,2195.0,2195.0,2195.0,812,0.0,0.0
2024-07-30 14:39:00+09:00,2200.0,2200.0,2200.0,2200.0,0,0.0,0.0
2024-07-30 14:40:00+09:00,2200.0,2200.0,2200.0,2200.0,1928,0.0,0.0
2024-07-30 14:42:00+09:00,2210.0,2210.0,2200.0,2200.0,300,0.0,0.0
2024-07-30 14:43:00+09:00,2210.0,2210.0,2210.0,2210.0,118,0.0,0.0
2024-07-30 14:44:00+09:00,2210.0,2210.0,2210.0,2210.0,1853,0.0,0.0
2024-07-30 14:45:00+09:00,2215.0,2215.0,2215.0,2215.0,0,0.0,0.0
2024-07-30 14:48:00+09:00,2210.0,2210.0,2210.0,2210.0,0,0.0,0.0
2024-07-30 14:51:00+09:00,2215.0,2215.0,2215.0,2215.0,84,0.0,0.0
2024-07-30 14:52:00+09:00,2215.0,2215.0,2215.0,2215.0,82,0.0,0.0
2024-07-30 14:53:00+09:00,2215.0,2220.0,2215.0,2220.0,1016,0.0,0.0
2024-07-30 14:54:00+09:00,2220.0,2220.0,2220.0,2220.0,124,0.0,0.0
2024-07-30 14:55:00+09:00,2220.0,2220.0,2220.0,2220.0,139,0.0,0.0
2024-07-30 14:56:00+09:00,2220.0,2220.0,2220.0,2220.0,4502,0.0,0.0
2024-07-30 14:58:00+09:00,2220.0,2220.0,2220.0,2220.0,1482,0.0,0.0
2024-07-31 09:01:00+09:00,2220.0,2220.0,2220.0,2220.0,2,0.0,0.0
2024-07-31 09:07:00+09:00,2215.0,2215.0,2215.0,2215.0,1,0.0,0.0
2024-07-31 09:10:00+09:00,2175.0,2195.0,2175.0,2195.0,20,0.0,0.0
2024-07-31 09:13:00+09:00,2175.0,2180.0,2170.0,2170.0,864,0.0,0.0
2024-07-31 09:14:00+09:00,2170.0,2190.0,2170.0,2190.0,299,0.0,0.0
2024-07-31 09:17:00+09:00,2175.0,2175.0,2175.0,2175.0,111,0.0,0.0
2024-07-31 09:18:00+09:00,2175.0,2175.0,2170.0,2170.0,117,0.0,0.0
2024-07-31 09:23:00+09:00,2185.0,2185.0,2185.0,2185.0,2,0.0,0.0
2024-07-31 09:24:00+09:00,2185.0,2185.0,2185.0,2185.0,308,0.0,0.0
2024-07-31 09:26:00+09:00,2190.0,2190.0,2190.0,2190.0,1046,0.0,0.0
2024-07-31 09:27:00+09:00,2190.0,2190.0,2190.0,2190.0,0,0.0,0.0
2024-07-31 09:28:00+09:00,2185.0,2185.0,2170.0,2170.0,1840,0.0,0.0
2024-07-31 09:29:00+09:00,2175.0,2175.0,2170.0,2170.0,73,0.0,0.0
2024-07-31 09:30:00+09:00,2170.0,2170.0,2165.0,2165.0,2040,0.0,0.0
2024-07-31 09:32:00+09:00,2185.0,2185.0,2185.0,2185.0,0,0.0,0.0
2024-07-31 09:34:00+09:00,2170.0,2170.0,2170.0,2170.0,1,0.0,0.0
2024-07-31 09:37:00+09:00,2170.0,2170.0,2165.0,2165.0,899,0.0,0.0
2024-07-31 09:38:00+09:00,2165.0,2165.0,2155.0,2155.0,1977,0.0,0.0
2024-07-31 09:39:00+09:00,2160.0,2160.0,2150.0,2150.0,443,0.0,0.0
2024-07-31 09:41:00+09:00,2175.0,2180.0,2150.0,2180.0,672,0.0,0.0
2024-07-31 09:42:00+09:00,2155.0,2155.0,2155.0,2155.0,1,0.0,0.0
2024-07-31 09:43:00+09:00,2175.0,2175.0,2175.0,2175.0,293,0.0,0.0
2024-07-31 09:59:00+09:00,2180.0,2180.0,2180.0,2180.0,0,0.0,0.0
2024-07-31 10:02:00+09:00,2180.0,2200.0,2180.0,2200.0,884,0.0,0.0
2024-07-31 10:07:00+09:00,2200.0,2200.0,2200.0,2200.0,0,0.0,0.0
2024-07-31 10:08:00+09:00,2200.0,2205.0,2200.0,2205.0,920,0.0,0.0
2024-07-31 10:10:00+09:00,2205.0,2205.0,2205.0,2205.0,110,0.0,0.0
2024-07-31 10:14:00+09:00,2200.0,2205.0,2200.0,2205.0,2938,0.0,0.0
2024-07-31 10:19:00+09:00,2210.0,2210.0,2210.0,2210.0,191,0.0,0.0
2024-07-31 10:21:00+09:00,2205.0,2205.0,2205.0,2205.0,1999,0.0,0.0
2024-07-31 10:22:00+09:00,2205.0,2205.0,2205.0,2205.0,410,0.0,0.0
2024-07-31 10:23:00+09:00,2205.0,2205.0,2205.0,2205.0,1281,0.0,0.0
2024-07-31 10:28:00+09:00,2200.0,2200.0,2200.0,2200.0,2,0.0,0.0
2024-07-31 10:35:00+09:00,2200.0,2200.0,2200.0,2200.0,459,0.0,0.0
2024-07-31 10:37:00+09:00,2200.0,2200.0,2200.0,2200.0,468,0.0,0.0
2024-07-31 10:38:00+09:00,2205.0,2210.0,2205.0,2210.0,3306,0.0,0.0
2024-07-31 10:39:00+09:00,2220.0,2220.0,2220.0,2220.0,1540,0.0,0.0
2024-07-31 10:40:00+09:00,2220.0,2225.0,2220.0,2225.0,1001,0.0,0.0
2024-07-31 10:41:00+09:00,2220.0,2220.0,2220.0,2220.0,0,0.0,0.0
2024-07-31 10:43:00+09:00,2225.0,2235.0,2225.0,2235.0,6249,0.0,0.0
2024-07-31 10:44:00+09:00,2230.0,2230.0,2230.0,2230.0,990,0.0,0.0
2024-07-31 10:49:00+09:00,2225.0,2230.0,2225.0,2230.0,1488,0.0,0.0
2024-07-31 10:51:00+09:00,2230.0,2230.0,2230.0,2230.0,356,0.0,0.0
2024-07-31 10:52:00+09:00,2220.0,2230.0,2220.0,2230.0,75,0.0,0.0
2024-07-31 10:53:00+09:00,2230.0,2230.0,2230.0,2230.0,713,0.0,0.0
2024-07-31 10:54:00+09:00,2230.0,2230.0,2230.0,2230.0,814,0.0,0.0
2024-07-31 10:55:00+09:00,2220.0,2220.0,2220.0,2220.0,704,0.0,0.0
2024-07-31 10:59:00+09:00,2220.0,2220.0,2220.0,2220.0,0,0.0,0.0
2024-07-31 11:01:00+09:00,2230.0,2230.0,2230.0,2230.0,100,0.0,0.0
2024-07-31 11:02:00+09:00,2215.0,2215.0,2215.0,2215.0,75,0.0,0.0
2024-07-31 11:03:00+09:00,2225.0,2225.0,2225.0,2225.0,11,0.0,0.0
2024-07-31 11:04:00+09:00,2215.0,2215.0,2215.0,2215.0,101,0.0,0.0
2024-07-31 11:05:00+09:00,2220.0,2220.0,2220.0,2220.0,25,0.0,0.0
2024-07-31 11:12:00+09:00,2220.0,2220.0,2220.0,2220.0,7,0.0,0.0
2024-07-31 11:13:00+09:00,2220.0,2220.0,2220.0,2220.0,2922,0.0,0.0
2024-07-31 11:18:00+09:00,2220.0,2220.0,2220.0,2220.0,0,0.0,0.0
2024-07-31 11:19:00+09:00,2220.0,2220.0,2220.0,2220.0,2480,0.0,0.0
2024-07-31 11:26:00+09:00,2220.0,2220.0,2220.0,2220.0,0,0.0,0.0
2024-07-31 11:29:00+09:00,2205.0,2205.0,2200.0,2200.0,1492,0.0,0.0
2024-07-31 11:35:00+09:00,2220.0,2220.0,2220.0,2220.0,0,0.0,0.0
2024-07-31 11:37:00+09:00,2220.0,2220.0,2220.0,2220.0,150,0.0,0.0
2024-07-31 11:43:00+09:00,2215.0,2215.0,2215.0,2215.0,2,0.0,0.0
2024-07-31 12:06:00+09:00,2205.0,2205.0,2205.0,2205.0,1,0.0,0.0
2024-07-31 12:13:00+09:00,2215.0,2215.0,2215.0,2215.0,7,0.0,0.0
2024-07-31 12:26:00+09:00,2215.0,2215.0,2215.0,2215.0,0,0.0,0.0
2024-07-31 12:29:00+09:00,2215.0,2215.0,2215.0,2215.0,764,0.0,0.0
2024-07-31 12:30:00+09:00,2215.0,2215.0,2215.0,2215.0,0,0.0,0.0
2024-07-31 12:36:00+09:00,2210.0,2210.0,2210.0,2210.0,4156,0.0,0.0
2024-07-31 12:42:00+09:00,2210.0,2210.0,2210.0,2210.0,0,0.0,0.0
2024-07-31 12:45:00+09:00,2210.0,2210.0,2210.0,2210.0,0,0.0,0.0
2024-07-31 12:52:00+09:00,2210.0,2210.0,2210.0,2210.0,395,0.0,0.0
2024-07-31 12:55:00+09:00,2210.0,2210.0,2210.0,2210.0,758,0.0,0.0
2024-07-31 13:00:00+09:00,2210.0,2210.0,2210.0,2210.0,0,0.0,0.0
2024-07-31 13:13:00+09:00,2205.0,2205.0,2205.0,2205.0,911,0.0,0.0
2024-07-31 13:14:00+09:00,2205.0,2210.0,2205.0,2210.0,556,0.0,0.0
2024-07-31 13:18:00+09:00,2215.0,2215.0,2215.0,2215.0,0,0.0,0.0
2024-07-31 13:23:00+09:00,2210.0,2210.0,2210.0,2210.0,6417,0.0,0.0
2024-07-31 13:29:00+09:00,2210.0,2220.0,2210.0,2220.0,2196,0.0,0.0
2024-07-31 13:40:00+09:00,2220.0,2220.0,2220.0,2220.0,3685,0.0,0.0
2024-07-31 13:41:00+09:00,2210.0,2210.0,2210.0,2210.0,0,0.0,0.0
2024-07-31 13:42:00+09:00,2210.0,2210.0,2205.0,2205.0,323,0.0,0.0
2024-07-31 13:43:00+09:00,2220.0,2220.0,2200.0,2200.0,560,0.0,0.0
2024-07-31 13:52:00+09:00,2200.0,2200.0,2200.0,2200.0,2,0.0,0.0
2024-07-31 14:12:00+09:00,2200.0,2200.0,2200.0,2200.0,115,0.0,0.0
2024-07-31 14:14:00+09:00,2215.0,2215.0,2215.0,2215.0,0,0.0,0.0
2024-07-31 14:31:00+09:00,2205.0,2205.0,2205.0,2205.0,1,0.0,0.0
2024-07-31 14:47:00+09:00,2215.0,2215.0,2205.0,2205.0,599,0.0,0.0
2024-08-01 09:00:00+09:00,2220.0,2220.0,2220.0,2220.0,1998,0.0,0.0
2024-08-01 09:01:00+09:00,2255.0,2275.0,2255.0,2275.0,0,0.0,0.0
2024-08-01 09:02:00+09:00,2225.0,2225.0,2220.0,2220.0,27,0.0,0.0
2024-08-01 09:03:00+09:00,2240.0,2240.0,2240.0,2240.0,2,0.0,0.0
2024-08-01 09:04:00+09:00,2230.0,2230.0,2230.0,2230.0,1,0.0,0.0
2024-08-01 09:09:00+09:00,2220.0,2220.0,2220.0,2220.0,1873,0.0,0.0
2024-08-01 09:11:00+09:00,2220.0,2220.0,2205.0,2205.0,0,0.0,0.0
2024-08-01 09:12:00+09:00,2205.0,2205.0,2205.0,2205.0,159,0.0,0.0
2024-08-01 09:14:00+09:00,2210.0,2210.0,2210.0,2210.0,44,0.0,0.0
2024-08-01 09:17:00+09:00,2215.0,2220.0,2215.0,2220.0,84,0.0,0.0
2024-08-01 09:18:00+09:00,2225.0,2225.0,2220.0,2225.0,821,0.0,0.0
2024-08-01 09:19:00+09:00,2220.0,2220.0,2215.0,2215.0,945,0.0,0.0
2024-08-01 09:20:00+09:00,2220.0,2225.0,2215.0,2225.0,141,0.0,0.0
2024-08-01 09:21:00+09:00,2220.0,2220.0,2210.0,2220.0,884,0.0,0.0
2024-08-01 09:22:00+09:00,2210.0,2220.0,2205.0,2220.0,1025,0.0,0.0
2024-08-01 09:24:00+09:00,2215.0,2215.0,2215.0,2215.0,0,0.0,0.0
2024-08-01 09:30:00+09:00,2215.0,2215.0,2210.0,2210.0,2,0.0,0.0
2024-08-01 09:34:00+09:00,2215.0,2215.0,2215.0,2215.0,29,0.0,0.0
2024-08-01 09:35:00+09:00,2215.0,2215.0,2215.0,2215.0,0,0.0,0.0
2024-08-01 09:36:00+09:00,2215.0,2215.0,2215.0,2215.0,10,0.0,0.0
2024-08-01 09:37:00+09:00,2220.0,2225.0,2220.0,2225.0,564,0.0,0.0
2024-08-01 09:48:00+09:00,2215.0,2225.0,2215.0,2225.0,0,0.0,0.0
2024-08-01 09:51:00+09:00,2210.0,2210.0,2205.0,2205.0,113,0.0,0.0
2024-08-01 09:56:00+09:00,2200.0,2200.0,2200.0,2200.0,191,0.0,0.0
2024-08-01 09:57:00+09:00,2195.0,2195.0,2195.0,2195.0,45,0.0,0.0
2024-08-01 09:59:00+09:00,2195.0,2195.0,2195.0,2195.0,0,0.0,0.0
2024-08-01 10:03:00+09:00,2195.0,2195.0,2195.0,2195.0,999,0.0,0.0
2024-08-01 10:05:00+09:00,2195.0,2195.0,2185.0,2185.0,5162,0.0,0.0
2024-08-01 10:06:00+09:00,2185.0,2185.0,2185.0,2185.0,15,0.0,0.0
2024-08-01 10:08:00+09:00,2190.0,2205.0,2190.0,2205.0,851,0.0,0.0
2024-08-01 10:09:00+09:00,2185.0,2185.0,2185.0,2185.0,814,0.0,0.0
2024-08-01 10:10:00+09:00,2185.0,2185.0,2185.0,2185.0,0,0.0,0.0
2024-08-01 10:13:00+09:00,2185.0,2185.0,2185.0,2185.0,13,0.0,0.0
2024-08-01 10:16:00+09:00,2180.0,2185.0,2180.0,2185.0,1237,0.0,0.0
2024-08-01 10:17:00+09:00,2185.0,2185.0,2175.0,2175.0,3734,0.0,0.0
2024-08-01 10:20:00+09:00,2175.0,2175.0,2175.0,2175.0,0,0.0,0.0
2024-08-01 10:21:00+09:00,2175.0,2180.0,2175.0,2180.0,2776,0.0,0.0
2024-08-01 10:26:00+09:00,2190.0,2190.0,2190.0,2190.0,2,0.0,0.0
2024-08-01 10:27:00+09:00,2190.0,2190.0,2180.0,2180.0,1153,0.0,0.0
2024-08-01 10:28:00+09:00,2180.0,2180.0,2180.0,2180.0,0,0.0,0.0
2024-08-01 10:29:00+09:00,2175.0,2175.0,2175.0,2175.0,1733,0.0,0.0
2024-08-01 10:38:00+09:00,2175.0,2175.0,2175.0,2175.0,4564,0.0,0.0
2024-08-01 10:39:00+09:00,2175.0,2175.0,2175.0,2175.0,0,0.0,0.0
2024-08-01 10:40:00+09:00,2175.0,2175.0,2175.0,2175.0,0,0.0,0.0
2024-08-01 10:42:00+09:00,2185.0,2185.0,2185.0,2185.0,0,0.0,0.0
2024-08-01 10:47:00+09:00,2180.0,2180.0,2180.0,2180.0,2,0.0,0.0
2024-08-01 10:50:00+09:00,2175.0,2175.0,2175.0,2175.0,403,0.0,0.0
2024-08-01 10:53:00+09:00,2170.0,2170.0,2170.0,2170.0,4616,0.0,0.0
2024-08-01 10:54:00+09:00,2165.0,2165.0,2165.0,2165.0,0,0.0,0.0
2024-08-01 10:56:00+09:00,2165.0,2165.0,2165.0,2165.0,17,0.0,0.0
2024-08-01 10:58:00+09:00,2160.0,2160.0,2155.0,2160.0,2744,0.0,0.0
2024-08-01 10:59:00+09:00,2160.0,2160.0,2155.0,2155.0,715,0.0,0.0
2024-08-01 11:01:00+09:00,2160.0,2160.0,2160.0,2160.0,0,0.0,0.0
2024-08-01 11:02:00+09:00,2160.0,2160.0,2155.0,2160.0,4536,0.0,0.0
2024-08-01 11:08:00+09:00,2175.0,2175.0,2175.0,2175.0,1,0.0,0.0
2024-08-01 11:11:00+09:00,2185.0,2185.0,2175.0,2175.0,156,0.0,0.0
2024-08-01 11:16:00+09:00,2175.0,2175.0,2170.0,2175.0,27,0.0,0.0
2024-08-01 11:17:00+09:00,2170.0,2170.0,2170.0,2170.0,7,0.0,0.0
2024-08-01 11:20:00+09:00,2175.0,2175.0,2160.0,2165.0,4956,0.0,0.0
2024-08-01 11:22:00+09:00,2165.0,2165.0,2165.0,2165.0,744,0.0,0.0
2024-08-01 11:24:00+09:00,2155.0,2155.0,2155.0,2155.0,3598,0.0,0.0
2024-08-01 11:25:00+09:00,2160.0,2160.0,2160.0,2160.0,0,0.0,0.0
2024-08-01 11:26:00+09:00,2155.0,2155.0,2155.0,2155.0,137,0.0,0.0
2024-08-01 11:27:00+09:00,2155.0,2155.0,2155.0,2155.0,67,0.0,0.0
2024-08-01 11:29:00+09:00,2165.0,2180.0,2165.0,2180.0,9934,0.0,0.0
2024-08-01 11:30:00+09:00,2185.0,2185.0,2185.0,2185.0,4,0.0,0.0
2024-08-01 11:32:00+09:00,2160.0,2160.0,2160.0,2160.0,0,0.0,0.0
2024-08-01 11:34:00+09:00,2175.0,2175.0,2170.0,2170.0,55164,0.0,0.0
2024-08-01 11:36:00+09:00,2180.0,2180.0,2180.0,2180.0,1,0.0,0.0
2024-08-01 11:37:00+09:00,2180.0,2180.0,2180.0,2180.0,2,0.0,0.0
2024-08-01 11:41:00+09:00,2175.0,2175.0,2175.0,2175.0,1,0.0,0.0
2024-08-01 11:42:00+09:00,2180.0,2180.0,2180.0,2180.0,3,0.0,0.0
2024-08-01 11:43:00+09:00,2180.0,2180.0,2180.0,2180.0,94,0.0,0.0
2024-08-01 11:44:00+09:00,2175.0,2175.0,2175.0,2175.0,0,0.0,0.0
2024-08-01 11:49:00+09:00,2180.0,2180.0,2180.0,2180.0,5,0.0,0.0
2024-08-01 11:55:00+09:00,2180.0,2180.0,2180.0,2180.0,1,0.0,0.0
2024-08-01 12:00:00+09:00,2175.0,2175.0,2175.0,2175.0,40,0.0,0.0
2024-08-01 12:01:00+09:00,2180.0,2180.0,2180.0,2180.0,0,0.0,0.0
2024-08-01 12:04:00+09:00,2180.0,2180.0,2180.0,2180.0,486,0.0,0.0
2024-08-01 12:05:00+09:00,2180.0,2180.0,2180.0,2180.0,0,0.0,0.0
2024-08-01 12:31:00+09:00,2180.0,2180.0,2180.0,2180.0,1,0.0,0.0
2024-08-01 12:39:00+09:00,2185.0,2185.0,2185.0,2185.0,1,0.0,0.0
2024-08-01 12:42:00+09:00,2185.0,2185.0,2175.0,2175.0,703,0.0,0.0
2024-08-01 12:45:00+09:00,2175.0,2175.0,2175.0,2175.0,0,0.0,0.0
2024-08-01 12:58:00+09:00,2180.0,2180.0,2180.0,2180.0,2,0.0,0.0
2024-08-01 13:06:00+09:00,2185.0,2185.0,2185.0,2185.0,100,0.0,0.0
2024-08-01 13:10:00+09:00,2185.0,2185.0,2185.0,2185.0,320,0.0,0.0
2024-08-01 13:19:00+09:00,2185.0,2185.0,2185.0,2185.0,0,0.0,0.0
2024-08-01 13:27:00+09:00,2180.0,2180.0,2175.0,2175.0,1495,0.0,0.0
2024-08-01 13:28:00+09:00,2175.0,2175.0,2175.0,2175.0,0,0.0,0.0
2024-08-01 13:36:00+09:00,2175.0,2175.0,2170.0,2170.0,1030,0.0,0.0
2024-08-01 13:37:00+09:00,2175.0,2175.0,2175.0,2175.0,1711,0.0,0.0
2024-08-01 13:42:00+09:00,2180.0,2190.0,2180.0,2190.0,0,0.0,0.0
2024-08-01 14:26:00+09:00,2185.0,2190.0,2185.0,2190.0,0,0.0,0.0
2024-08-01 14:34:00+09:00,2190.0,2190.0,2185.0,2185.0,127,0.0,0.0
2024-08-01 14:35:00+09:00,2190.0,2190.0,2190.0,2190.0,3,0.0,0.0
2024-08-01 14:47:00+09:00,2185.0,2185.0,2185.0,2185.0,1,0.0,0.0
2024-08-01 14:53:00+09:00,2185.0,2185.0,2185.0,2185.0,798,0.0,0.0
2024-08-01 14:57:00+09:00,2190.0,2190.0,2190.0,2190.0,0,0.0,0.0
2024-08-02 09:00:00+09:00,2190.0,2190.0,2170.0,2170.0,3000,0.0,0.0
2024-08-02 09:01:00+09:00,2160.0,2165.0,2155.0,2155.0,0,0.0,0.0
2024-08-02 09:02:00+09:00,2155.0,2155.0,2155.0,2155.0,42,0.0,0.0
2024-08-02 09:03:00+09:00,2155.0,2155.0,2140.0,2140.0,770,0.0,0.0
2024-08-02 09:04:00+09:00,2140.0,2140.0,2140.0,2140.0,1906,0.0,0.0
2024-08-02 09:05:00+09:00,2145.0,2145.0,2145.0,2145.0,0,0.0,0.0
2024-08-02 09:06:00+09:00,2150.0,2160.0,2140.0,2140.0,4064,0.0,0.0
2024-08-02 09:09:00+09:00,2160.0,2160.0,2160.0,2160.0,0,0.0,0.0
2024-08-02 09:10:00+09:00,2145.0,2145.0,2145.0,2145.0,2001,0.0,0.0
2024-08-02 09:11:00+09:00,2145.0,2145.0,2140.0,2140.0,542,0.0,0.0
2024-08-02 09:12:00+09:00,2140.0,2170.0,2135.0,2170.0,5385,0.0,0.0
2024-08-02 09:15:00+09:00,2165.0,2190.0,2165.0,2180.0,0,0.0,0.0
2024-08-02 09:22:00+09:00,2175.0,2175.0,2175.0,2175.0,8,0.0,0.0
2024-08-02 09:23:00+09:00,2175.0,2175.0,2175.0,2175.0,0,0.0,0.0
2024-08-02 09:24:00+09:00,2175.0,2175.0,2175.0,2175.0,4,0.0,0.0
2024-08-02 09:28:00+09:00,2160.0,2160.0,2145.0,2145.0,540,0.0,0.0
2024-08-02 09:29:00+09:00,2150.0,2150.0,2135.0,2135.0,2678,0.0,0.0
2024-08-02 09:30:00+09:00,2145.0,2145.0,2145.0,2145.0,0,0.0,0.0
2024-08-02 09:31:00+09:00,2145.0,2145.0,2145.0,2145.0,166,0.0,0.0
2024-08-02 09:32:00+09:00,2150.0,2150.0,2140.0,2140.0,1341,0.0,0.0
2024-08-02 09:33:00+09:00,2135.0,2135.0,2135.0,2135.0,0,0.0,0.0
2024-08-02 09:36:00+09:00,2150.0,2150.0,2150.0,2150.0,1572,0.0,0.0
2024-08-02 09:37:00+09:00,2160.0,2165.0,2160.0,2165.0,0,0.0,0.0
2024-08-02 09:38:00+09:00,2145.0,2160.0,2135.0,2160.0,3009,0.0,0.0
2024-08-02 09:43:00+09:00,2160.0,2165.0,2160.0,2160.0,661,0.0,0.0
2024-08-02 09:52:00+09:00,2160.0,2160.0,2160.0,2160.0,500,0.0,0.0
2024-08-02 09:56:00+09:00,2160.0,2160.0,2160.0,2160.0,24,0.0,0.0
2024-08-02 10:00:00+09:00,2160.0,2160.0,2160.0,2160.0,0,0.0,0.0
2024-08-02 10:05:00+09:00,2160.0,2165.0,2160.0,2165.0,2070,0.0,0.0
2024-08-02 10:10:00+09:00,2165.0,2165.0,2165.0,2165.0,0,0.0,0.0
2024-08-02 10:12:00+09:00,2165.0,2165.0,2165.0,2165.0,0,0.0,0.0
2024-08-02 10:18:00+09:00,2160.0,2160.0,2160.0,2160.0,36,0.0,0.0
2024-08-02 10:24:00+09:00,2170.0,2170.0,2170.0,2170.0,445,0.0,0.0
2024-08-02 10:26:00+09:00,2170.0,2175.0,2170.0,2175.0,0,0.0,0.0
2024-08-02 10:40:00+09:00,2165.0,2165.0,2165.0,2165.0,26,0.0,0.0
2024-08-02 10:43:00+09:00,2160.0,2160.0,2160.0,2160.0,385,0.0,0.0
2024-08-02 11:05:00+09:00,2160.0,2160.0,2150.0,2150.0,401,0.0,0.0
2024-08-02 11:24:00+09:00,2150.0,2150.0,2150.0,2150.0,469,0.0,0.0
2024-08-02 11:30:00+09:00,2160.0,2165.0,2155.0,2165.0,1015,0.0,0.0
2024-08-02 11:31:00+09:00,2165.0,2165.0,2165.0,2165.0,23,0.0,0.0
2024-08-02 11:39:00+09:00,2160.0,2160.0,2160.0,2160.0,0,0.0,0.0
2024-08-02 11:45:00+09:00,2155.0,2160.0,2155.0,2160.0,0,0.0,0.0
2024-08-02 11:54:00+09:00,2155.0,2155.0,2155.0,2155.0,50,0.0,0.0
2024-08-02 11:56:00+09:00,2145.0,2145.0,2140.0,2140.0,6148,0.0,0.0
2024-08-02 11:57:00+09:00,2140.0,2140.0,2140.0,2140.0,2602,0.0,0.0
2024-08-02 12:00:00+09:00,2145.0,2145.0,2145.0,2145.0,0,0.0,0.0
2024-08-02 12:17:00+09:00,2155.0,2160.0,2155.0,2160.0,4,0.0,0.0
2024-08-02 12:21:00+09:00,2160.0,2160.0,2160.0,2160.0,0,0.0,0.0
2024-08-02 12:25:00+09:00,2155.0,2155.0,2135.0,2150.0,6415,0.0,0.0
2024-08-02 12:26:00+09:00,2145.0,2145.0,2145.0,2145.0,0,0.0,0.0
2024-08-02 12:33:00+09:00,2145.0,2145.0,2145.0,2145.0,3,0.0,0.0
2024-08-02 12:52:00+09:00,2140.0,2140.0,2135.0,2135.0,3649,0.0,0.0
2024-08-02 12:55:00+09:00,2140.0,2140.0,2140.0,2140.0,0,0.0,0.0
2024-08-02 12:58:00+09:00,2140.0,2140.0,2140.0,2140.0,354,0.0,0.0
2024-08-02 13:02:00+09:00,2145.0,2150.0,2145.0,2150.0,0,0.0,0.0
2024-08-02 13:03:00+09:00,2150.0,2150.0,2150.0,2150.0,19,0.0,0.0
2024-08-02 13:22:00+09:00,2145.0,2145.0,2145.0,2145.0,510,0.0,0.0
2024-08-02 13:33:00+09:00,2145.0,2145.0,2145.0,2145.0,49,0.0,0.0
2024-08-02 13:34:00+09:00,2145.0,2150.0,2145.0,2150.0,62,0.0,0.0
2024-08-02 13:35:00+09:00,2150.0,2150.0,2150.0,2150.0,50,0.0,0.0
2024-08-02 13:36:00+09:00,2150.0,2150.0,2150.0,2150.0,50,0.0,0.0
2024-08-02 13:37:00+09:00,2150.0,2150.0,2150.0,2150.0,25,0.0,0.0
2024-08-02 13:38:00+09:00,2150.0,2150.0,2150.0,2150.0,75,0.0,0.0
2024-08-02 13:39:00+09:00,2150.0,2150.0,2150.0,2150.0,50,0.0,0.0
2024-08-02 13:40:00+09:00,2150.0,2155.0,2150.0,2155.0,650,0.0,0.0
2024-08-02 13:41:00+09:00,2155.0,2155.0,2155.0,2155.0,25,0.0,0.0
2024-08-02 13:42:00+09:00,2155.0,2155.0,2155.0,2155.0,50,0.0,0.0
2024-08-02 13:43:00+09:00,2155.0,2155.0,2155.0,2155.0,50,0.0,0.0
2024-08-02 13:44:00+09:00,2155.0,2170.0,2155.0,2170.0,63,0.0,0.0
2024-08-02 13:45:00+09:00,2170.0,2170.0,2170.0,2170.0,73,0.0,0.0
2024-08-02 13:46:00+09:00,2170.0,2180.0,2170.0,2180.0,707,0.0,0.0
2024-08-02 13:47:00+09:00,2175.0,2180.0,2175.0,2180.0,550,0.0,0.0
2024-08-02 13:48:00+09:00,2180.0,2180.0,2175.0,2175.0,50,0.0,0.0
2024-08-02 13:49:00+09:00,2170.0,2175.0,2170.0,2175.0,50,0.0,0.0
2024-08-02 13:50:00+09:00,2170.0,2175.0,2170.0,2175.0,4,0.0,0.0
2024-08-02 13:51:00+09:00,2170.0,2175.0,2170.0,2175.0,97,0.0,0.0
2024-08-02 13:52:00+09:00,2180.0,2180.0,2180.0,2180.0,354,0.0,0.0
2024-08-02 13:53:00+09:00,2175.0,2180.0,2175.0,2180.0,375,0.0,0.0
2024-08-02 13:54:00+09:00,2160.0,2185.0,2160.0,2185.0,87,0.0,0.0
2024-08-02 13:55:00+09:00,2180.0,2185.0,2180.0,2185.0,24,0.0,0.0
2024-08-02 13:56:00+09:00,2185.0,2185.0,2185.0,2185.0,26,0.0,0.0
2024-08-02 13:57:00+09:00,2190.0,2190.0,2190.0,2190.0,2075,0.0,0.0
2024-08-02 13:58:00+09:00,2185.0,2185.0,2185.0,2185.0,50,0.0,0.0
2024-08-02 13:59:00+09:00,2185.0,2195.0,2185.0,2195.0,1324,0.0,0.0
2024-08-02 14:00:00+09:00,2185.0,2195.0,2185.0,2190.0,76,0.0,0.0
2024-08-02 14:01:00+09:00,2185.0,2190.0,2185.0,2190.0,50,0.0,0.0
2024-08-02 14:02:00+09:00,2190.0,2190.0,2190.0,2190.0,50,0.0,0.0
2024-08-02 14:03:00+09:00,2190.0,2190.0,2185.0,2190.0,49,0.0,0.0
2024-08-02 14:04:00+09:00,2190.0,2190.0,2190.0,2190.0,51,0.0,0.0
2024-08-02 14:05:00+09:00,2190.0,2190.0,2190.0,2190.0,50,0.0,0.0
2024-08-02 14:06:00+09:00,2190.0,2190.0,2190.0,2190.0,25,0.0,0.0
2024-08-02 14:07:00+09:00,2190.0,2190.0,2190.0,2190.0,50,0.0,0.0
2024-08-02 14:08:00+09:00,2190.0,2190.0,2190.0,2190.0,75,0.0,0.0
2024-08-02 14:09:00+09:00,2190.0,2190.0,2190.0,2190.0,25,0.0,0.0
2024-08-02 14:10:00+09:00,2190.0,2190.0,2190.0,2190.0,50,0.0,0.0
2024-08-02 14:11:00+09:00,2185.0,2190.0,2150.0,2170.0,3378,0.0,0.0
2024-08-02 14:12:00+09:00,2165.0,2170.0,2165.0,2170.0,0,0.0,0.0
2024-08-02 14:13:00+09:00,2165.0,2170.0,2165.0,2170.0,50,0.0,0.0
2024-08-02 14:14:00+09:00,2165.0,2185.0,2165.0,2185.0,82,0.0,0.0
2024-08-02 14:15:00+09:00,2180.0,2180.0,2175.0,2180.0,49,0.0,0.0
2024-08-02 14:16:00+09:00,2180.0,2180.0,2180.0,2180.0,51,0.0,0.0
2024-08-02 14:17:00+09:00,2175.0,2175.0,2170.0,2170.0,50,0.0,0.0
2024-08-02 14:18:00+09:00,2170.0,2170.0,2170.0,2170.0,50,0.0,0.0
2024-08-02 14:19:00+09:00,2170.0,2170.0,2170.0,2170.0,50,0.0,0.0
2024-08-02 14:20:00+09:00,2170.0,2170.0,2170.0,2170.0,50,0.0,0.0
2024-08-02 14:21:00+09:00,2170.0,2170.0,2170.0,2170.0,25,0.0,0.0
2024-08-02 14:22:00+09:00,2170.0,2170.0,2170.0,2170.0,50,0.0,0.0
2024-08-02 14:23:00+09:00,2170.0,2170.0,2170.0,2170.0,50,0.0,0.0
2024-08-02 14:24:00+09:00,2170.0,2175.0,2170.0,2175.0,49,0.0,0.0
2024-08-02 14:25:00+09:00,2175.0,2175.0,2175.0,2175.0,51,0.0,0.0
2024-08-02 14:26:00+09:00,2175.0,2175.0,2175.0,2175.0,50,0.0,0.0
2024-08-02 14:27:00+09:00,2165.0,2170.0,2155.0,2170.0,550,0.0,0.0
2024-08-02 14:28:00+09:00,2170.0,2175.0,2170.0,2175.0,50,0.0,0.0
2024-08-02 14:29:00+09:00,2170.0,2175.0,2170.0,2175.0,50,0.0,0.0
2024-08-02 14:30:00+09:00,2175.0,2175.0,2175.0,2175.0,50,0.0,0.0
2024-08-02 14:31:00+09:00,2175.0,2175.0,2175.0,2175.0,50,0.0,0.0
2024-08-02 14:32:00+09:00,2170.0,2175.0,2170.0,2175.0,50,0.0,0.0
2024-08-02 14:33:00+09:00,2175.0,2175.0,2175.0,2175.0,50,0.0,0.0
2024-08-02 14:34:00+09:00,2175.0,2175.0,2175.0,2175.0,50,0.0,0.0
2024-08-02 14:35:00+09:00,2175.0,2185.0,2175.0,2185.0,36,0.0,0.0
2024-08-02 14:36:00+09:00,2185.0,2185.0,2185.0,2185.0,39,0.0,0.0
2024-08-02 14:37:00+09:00,2185.0,2185.0,2185.0,2185.0,50,0.0,0.0
2024-08-02 14:38:00+09:00,2185.0,2185.0,2160.0,2185.0,50,0.0,0.0
2024-08-02 14:39:00+09:00,2185.0,2185.0,2185.0,2185.0,52,0.0,0.0
2024-08-02 14:40:00+09:00,2185.0,2185.0,2185.0,2185.0,50,0.0,0.0
2024-08-02 14:41:00+09:00,2175.0,2185.0,2175.0,2185.0,50,0.0,0.0
2024-08-02 14:42:00+09:00,2180.0,2185.0,2180.0,2185.0,50,0.0,0.0
2024-08-02 14:43:00+09:00,2185.0,2185.0,2185.0,2185.0,50,0.0,0.0
2024-08-02 14:44:00+09:00,2185.0,2185.0,2185.0,2185.0,50,0.0,0.0
2024-08-02 14:45:00+09:00,2185.0,2185.0,2185.0,2185.0,50,0.0,0.0
2024-08-02 14:46:00+09:00,2180.0,2185.0,2180.0,2180.0,50,0.0,0.0
2024-08-02 14:47:00+09:00,2175.0,2180.0,2175.0,2180.0,50,0.0,0.0
2024-08-02 14:48:00+09:00,2180.0,2180.0,2160.0,2175.0,552,0.0,0.0
2024-08-02 14:49:00+09:00,2165.0,2170.0,2165.0,2170.0,126,0.0,0.0
2024-08-02 14:50:00+09:00,2170.0,2170.0,2170.0,2170.0,50,0.0,0.0
2024-08-02 14:51:00+09:00,2170.0,2170.0,2170.0,2170.0,25,0.0,0.0
2024-08-02 14:52:00+09:00,2170.0,2170.0,2170.0,2170.0,117,0.0,0.0
2024-08-02 14:53:00+09:00,2185.0,2185.0,2185.0,2185.0,29,0.0,0.0
2024-08-02 14:54:00+09:00,2185.0,2185.0,2185.0,2185.0,50,0.0,0.0
2024-08-02 14:55:00+09:00,2180.0,2185.0,2180.0,2185.0,50,0.0,0.0
2024-08-02 14:56:00+09:00,2185.0,2185.0,2185.0,2185.0,50,0.0,0.0
2024-08-02 14:57:00+09:00,2185.0,2185.0,2185.0,2185.0,50,0.0,0.0
2024-08-02 14:58:00+09:00,2185.0,2185.0,2180.0,2180.0,51,0.0,0.0
2024-08-02 14:59:00+09:00,2180.0,2180.0,2180.0,2180.0,50,0.0,0.0
