Datetime,Open,High,Low,Close,Volume,Dividends,Stock Splits
2022-08-04 09:00:00+09:00,713.0,713.0,706.0,711.0,608800,0.0,0.0
2022-08-04 10:00:00+09:00,710.0,713.0,709.0,712.0,252200,0.0,0.0
2022-08-04 11:00:00+09:00,712.0,712.0,710.0,711.0,0,0.0,0.0
2022-08-04 12:00:00+09:00,712.0,717.0,711.0,715.0,1224100,0.0,0.0
2022-08-04 13:00:00+09:00,716.0,716.0,712.0,712.0,204900,0.0,0.0
2022-08-04 14:00:00+09:00,712.0,713.0,709.0,710.0,610100,0.0,0.0
2022-08-05 09:00:00+09:00,721.0,735.0,715.0,719.0,1196500,0.0,0.0
2022-08-05 10:00:00+09:00,718.0,720.0,713.0,713.0,399100,0.0,0.0
2022-08-05 11:00:00+09:00,714.0,716.0,714.0,715.0,0,0.0,0.0
2022-08-05 12:00:00+09:00,716.0,718.0,710.0,712.0,1997500,0.0,0.0
2022-08-05 13:00:00+09:00,711.0,717.0,711.0,715.0,356000,0.0,0.0
2022-08-05 14:00:00+09:00,715.0,717.0,715.0,716.0,372900,0.0,0.0
2022-08-08 09:00:00+09:00,717.0,722.0,712.0,712.0,0,0.0,0.0
2022-08-08 10:00:00+09:00,713.0,713.0,710.0,713.0,184900,0.0,0.0
2022-08-08 11:00:00+09:00,712.0,715.0,710.0,715.0,0,0.0,0.0
2022-08-08 12:00:00+09:00,714.0,715.0,712.0,712.0,980300,0.0,0.0
2022-08-08 13:00:00+09:00,712.0,714.0,712.0,713.0,188800,0.0,0.0
2022-08-08 14:00:00+09:00,714.0,715.0,713.0,713.0,242500,0.0,0.0
2022-08-09 09:00:00+09:00,716.0,722.0,711.0,712.0,535800,0.0,0.0
2022-08-09 10:00:00+09:00,712.0,716.0,712.0,713.0,217700,0.0,0.0
2022-08-09 11:00:00+09:00,713.0,714.0,712.0,712.0,0,0.0,0.0
2022-08-09 12:00:00+09:00,712.0,715.0,712.0,715.0,978800,0.0,0.0
2022-08-09 13:00:00+09:00,714.0,716.0,713.0,713.0,113800,0.0,0.0
2022-08-09 14:00:00+09:00,713.0,715.0,713.0,714.0,381100,0.0,0.0
2022-08-10 09:00:00+09:00,726.0,726.0,713.0,722.0,577200,0.0,0.0
2022-08-10 10:00:00+09:00,722.0,723.0,720.0,720.0,221500,0.0,0.0
2022-08-10 11:00:00+09:00,720.0,723.0,720.0,721.0,0,0.0,0.0
2022-08-10 12:00:00+09:00,722.0,723.0,721.0,721.0,989800,0.0,0.0
2022-08-10 13:00:00+09:00,721.0,722.0,719.0,719.0,209900,0.0,0.0
2022-08-10 14:00:00+09:00,719.0,720.0,717.0,718.0,215500,0.0,0.0
2022-08-12 09:00:00+09:00,729.0,742.0,723.0,740.0,0,0.0,0.0
2022-08-12 10:00:00+09:00,740.0,742.0,736.0,736.0,284400,0.0,0.0
2022-08-12 11:00:00+09:00,737.0,738.0,736.0,738.0,0,0.0,0.0
2022-08-12 12:00:00+09:00,738.0,739.0,736.0,738.0,2005500,0.0,0.0
2022-08-12 13:00:00+09:00,738.0,745.0,737.0,742.0,602200,0.0,0.0
2022-08-12 14:00:00+09:00,741.0,744.0,739.0,744.0,539600,0.0,0.0
2022-08-15 09:00:00+09:00,747.0,749.0,739.0,747.0,0,0.0,0.0
2022-08-15 10:00:00+09:00,747.0,748.0,743.0,746.0,230700,0.0,0.0
2022-08-15 11:00:00+09:00,746.0,748.0,745.0,745.0,0,0.0,0.0
2022-08-15 12:00:00+09:00,745.0,746.0,743.0,746.0,1030000,0.0,0.0
2022-08-15 13:00:00+09:00,745.0,749.0,745.0,748.0,162600,0.0,0.0
2022-08-15 14:00:00+09:00,748.0,754.0,747.0,751.0,860500,0.0,0.0
2022-08-16 09:00:00+09:00,750.0,760.0,745.0,756.0,881200,0.0,0.0
2022-08-16 10:00:00+09:00,756.0,760.0,754.0,756.0,504500,0.0,0.0
2022-08-16 11:00:00+09:00,756.0,757.0,754.0,754.0,0,0.0,0.0
2022-08-16 12:00:00+09:00,756.0,756.0,752.0,753.0,1629500,0.0,0.0
2022-08-16 13:00:00+09:00,752.0,756.0,752.0,753.0,192000,0.0,0.0
2022-08-16 14:00:00+09:00,753.0,754.0,752.0,753.0,179100,0.0,0.0
2022-08-17 09:00:00+09:00,758.0,759.0,753.0,754.0,572000,0.0,0.0
2022-08-17 10:00:00+09:00,754.0,755.0,748.0,750.0,244800,0.0,0.0
2022-08-17 11:00:00+09:00,751.0,753.0,749.0,750.0,0,0.0,0.0
2022-08-17 12:00:00+09:00,750.0,753.0,750.0,753.0,1101900,0.0,0.0
2022-08-17 13:00:00+09:00,753.0,755.0,753.0,755.0,130000,0.0,0.0
2022-08-17 14:00:00+09:00,755.0,755.0,753.0,755.0,217000,0.0,0.0
2022-08-18 09:00:00+09:00,748.0,753.0,743.0,747.0,594000,0.0,0.0
2022-08-18 10:00:00+09:00,747.0,750.0,746.0,749.0,178900,0.0,0.0
2022-08-18 11:00:00+09:00,749.0,751.0,749.0,750.0,0,0.0,0.0
2022-08-18 12:00:00+09:00,750.0,752.0,749.0,750.0,1054700,0.0,0.0
2022-08-18 13:00:00+09:00,750.0,751.0,749.0,749.0,88200,0.0,0.0
2022-08-18 14:00:00+09:00,749.0,751.0,749.0,750.0,391800,0.0,0.0
2022-08-19 09:00:00+09:00,755.0,755.0,749.0,752.0,434300,0.0,0.0
2022-08-19 10:00:00+09:00,753.0,753.0,749.0,752.0,181200,0.0,0.0
2022-08-19 11:00:00+09:00,752.0,753.0,752.0,753.0,0,0.0,0.0
2022-08-19 12:00:00+09:00,753.0,755.0,752.0,754.0,819700,0.0,0.0
2022-08-19 13:00:00+09:00,754.0,755.0,753.0,754.0,64400,0.0,0.0
2022-08-19 14:00:00+09:00,753.0,754.0,752.0,753.0,214400,0.0,0.0
2022-08-22 09:00:00+09:00,740.0,748.0,738.0,745.0,0,0.0,0.0
2022-08-22 10:00:00+09:00,745.0,753.0,744.0,750.0,299900,0.0,0.0
2022-08-22 11:00:00+09:00,750.0,751.0,749.0,750.0,0,0.0,0.0
2022-08-22 12:00:00+09:00,751.0,754.0,749.0,751.0,1411000,0.0,0.0
2022-08-22 13:00:00+09:00,751.0,751.0,748.0,749.0,267200,0.0,0.0
2022-08-22 14:00:00+09:00,747.0,750.0,747.0,748.0,506300,0.0,0.0
2022-08-23 09:00:00+09:00,747.0,747.0,738.0,740.0,776200,0.0,0.0
2022-08-23 10:00:00+09:00,739.0,743.0,738.0,742.0,326200,0.0,0.0
2022-08-23 11:00:00+09:00,742.0,744.0,742.0,743.0,0,0.0,0.0
2022-08-23 12:00:00+09:00,745.0,746.0,743.0,745.0,1458100,0.0,0.0
2022-08-23 13:00:00+09:00,745.0,746.0,744.0,744.0,90600,0.0,0.0
2022-08-23 14:00:00+09:00,744.0,746.0,744.0,746.0,540900,0.0,0.0
2022-08-24 09:00:00+09:00,750.0,751.0,747.0,748.0,437600,0.0,0.0
2022-08-24 10:00:00+09:00,748.0,749.0,746.0,748.0,209800,0.0,0.0
2022-08-24 11:00:00+09:00,748.0,751.0,747.0,751.0,0,0.0,0.0
2022-08-24 12:00:00+09:00,749.0,750.0,747.0,748.0,951400,0.0,0.0
2022-08-24 13:00:00+09:00,748.0,749.0,747.0,748.0,128100,0.0,0.0
2022-08-24 14:00:00+09:00,748.0,749.0,747.0,747.0,249100,0.0,0.0
2022-08-25 09:00:00+09:00,752.0,752.0,739.0,746.0,512800,0.0,0.0
2022-08-25 10:00:00+09:00,746.0,746.0,744.0,745.0,106200,0.0,0.0
2022-08-25 11:00:00+09:00,745.0,747.0,745.0,747.0,0,0.0,0.0
2022-08-25 12:00:00+09:00,746.0,749.0,746.0,748.0,780300,0.0,0.0
2022-08-25 13:00:00+09:00,748.0,749.0,747.0,748.0,113700,0.0,0.0
2022-08-25 14:00:00+09:00,748.0,749.0,746.0,749.0,159800,0.0,0.0
2022-08-26 09:00:00+09:00,744.0,747.0,739.0,747.0,491100,0.0,0.0
2022-08-26 10:00:00+09:00,747.0,748.0,746.0,746.0,115500,0.0,0.0
2022-08-26 11:00:00+09:00,746.0,748.0,746.0,747.0,0,0.0,0.0
2022-08-26 12:00:00+09:00,747.0,749.0,747.0,748.0,788300,0.0,0.0
2022-08-26 13:00:00+09:00,747.0,749.0,747.0,747.0,152600,0.0,0.0
2022-08-26 14:00:00+09:00,747.0,747.0,745.0,745.0,234500,0.0,0.0
2022-08-29 09:00:00+09:00,734.0,739.0,731.0,735.0,654900,0.0,0.0
2022-08-29 10:00:00+09:00,735.0,737.0,734.0,736.0,198400,0.0,0.0
2022-08-29 11:00:00+09:00,736.0,737.0,735.0,737.0,0,0.0,0.0
2022-08-29 12:00:00+09:00,735.0,738.0,735.0,738.0,1025400,0.0,0.0
2022-08-29 13:00:00+09:00,738.0,740.0,737.0,740.0,135300,0.0,0.0
2022-08-29 14:00:00+09:00,740.0,741.0,736.0,736.0,287000,0.0,0.0
2022-08-30 09:00:00+09:00,745.0,748.0,742.0,746.0,484600,0.0,0.0
2022-08-30 10:00:00+09:00,745.0,749.0,745.0,746.0,419900,0.0,0.0
2022-08-30 11:00:00+09:00,746.0,752.0,746.0,752.0,0,0.0,0.0
2022-08-30 12:00:00+09:00,753.0,753.0,750.0,752.0,1285600,0.0,0.0
2022-08-30 13:00:00+09:00,752.0,754.0,752.0,752.0,292800,0.0,0.0
2022-08-30 14:00:00+09:00,753.0,753.0,749.0,752.0,394900,0.0,0.0
2022-08-31 09:00:00+09:00,741.0,746.0,739.0,744.0,676000,0.0,0.0
2022-08-31 10:00:00+09:00,744.0,745.0,742.0,744.0,185500,0.0,0.0
2022-08-31 11:00:00+09:00,744.0,748.0,744.0,748.0,0,0.0,0.0
2022-08-31 12:00:00+09:00,748.0,753.0,747.0,750.0,1240900,0.0,0.0
2022-08-31 13:00:00+09:00,750.0,753.0,750.0,752.0,311500,0.0,0.0
2022-08-31 14:00:00+09:00,752.0,752.0,749.0,751.0,625300,0.0,0.0
2022-09-01 09:00:00+09:00,746.0,754.0,741.0,746.0,637200,0.0,0.0
2022-09-01 10:00:00+09:00,746.0,747.0,742.0,745.0,274100,0.0,0.0
2022-09-01 11:00:00+09:00,745.0,747.0,744.0,746.0,0,0.0,0.0
2022-09-01 12:00:00+09:00,748.0,748.0,745.0,745.0,1164200,0.0,0.0
2022-09-01 13:00:00+09:00,746.0,746.0,743.0,746.0,269900,0.0,0.0
2022-09-01 14:00:00+09:00,746.0,747.0,744.0,745.0,252200,0.0,0.0
2022-09-02 09:00:00+09:00,743.0,748.0,743.0,748.0,409000,0.0,0.0
2022-09-02 10:00:00+09:00,748.0,750.0,748.0,748.0,208900,0.0,0.0
2022-09-02 11:00:00+09:00,748.0,748.0,746.0,747.0,0,0.0,0.0
2022-09-02 12:00:00+09:00,747.0,749.0,746.0,749.0,805200,0.0,0.0
2022-09-02 13:00:00+09:00,749.0,749.0,747.0,747.0,137800,0.0,0.0
2022-09-02 14:00:00+09:00,748.0,748.0,745.0,747.0,360500,0.0,0.0
2022-09-05 09:00:00+09:00,745.0,746.0,736.0,737.0,0,0.0,0.0
2022-09-05 10:00:00+09:00,737.0,740.0,736.0,737.0,136100,0.0,0.0
2022-09-05 11:00:00+09:00,736.0,737.0,734.0,735.0,0,0.0,0.0
2022-09-05 12:00:00+09:00,735.0,741.0,735.0,741.0,932900,0.0,0.0
2022-09-05 13:00:00+09:00,741.0,741.0,739.0,740.0,191700,0.0,0.0
2022-09-05 14:00:00+09:00,740.0,740.0,737.0,739.0,183900,0.0,0.0
2022-09-06 09:00:00+09:00,739.0,745.0,734.0,744.0,299000,0.0,0.0
2022-09-06 10:00:00+09:00,744.0,746.0,741.0,741.0,192200,0.0,0.0
2022-09-06 11:00:00+09:00,742.0,743.0,741.0,741.0,0,0.0,0.0
2022-09-06 12:00:00+09:00,741.0,741.0,739.0,741.0,617900,0.0,0.0
2022-09-06 13:00:00+09:00,741.0,742.0,740.0,741.0,111700,0.0,0.0
2022-09-06 14:00:00+09:00,740.0,742.0,739.0,740.0,268600,0.0,0.0
2022-09-07 09:00:00+09:00,739.0,744.0,736.0,741.0,451700,0.0,0.0
2022-09-07 10:00:00+09:00,741.0,745.0,740.0,741.0,320700,0.0,0.0
2022-09-07 11:00:00+09:00,741.0,744.0,740.0,743.0,0,0.0,0.0
2022-09-07 12:00:00+09:00,743.0,745.0,742.0,745.0,955200,0.0,0.0
2022-09-07 13:00:00+09:00,745.0,749.0,743.0,748.0,225200,0.0,0.0
2022-09-07 14:00:00+09:00,748.0,750.0,747.0,749.0,328800,0.0,0.0
2022-09-08 09:00:00+09:00,756.0,764.0,754.0,760.0,938400,0.0,0.0
2022-09-08 10:00:00+09:00,760.0,763.0,759.0,762.0,379300,0.0,0.0
2022-09-08 11:00:00+09:00,762.0,763.0,759.0,760.0,0,0.0,0.0
2022-09-08 12:00:00+09:00,761.0,761.0,759.0,759.0,1657400,0.0,0.0
2022-09-08 13:00:00+09:00,760.0,762.0,760.0,761.0,205300,0.0,0.0
2022-09-08 14:00:00+09:00,761.0,762.0,758.0,759.0,485300,0.0,0.0
2022-09-09 09:00:00+09:00,757.0,761.0,754.0,760.0,1188500,0.0,0.0
2022-09-09 10:00:00+09:00,759.0,763.0,758.0,762.0,185100,0.0,0.0
2022-09-09 11:00:00+09:00,762.0,766.0,762.0,765.0,0,0.0,0.0
2022-09-09 12:00:00+09:00,765.0,769.0,764.0,768.0,1743900,0.0,0.0
2022-09-09 13:00:00+09:00,768.0,769.0,767.0,769.0,115400,0.0,0.0
2022-09-09 14:00:00+09:00,769.0,769.0,766.0,769.0,421200,0.0,0.0
2022-09-12 09:00:00+09:00,771.0,776.0,768.0,772.0,0,0.0,0.0
2022-09-12 10:00:00+09:00,772.0,775.0,769.0,775.0,231600,0.0,0.0
2022-09-12 11:00:00+09:00,776.0,782.0,775.0,781.0,0,0.0,0.0
2022-09-12 12:00:00+09:00,781.0,781.0,778.0,780.0,1270300,0.0,0.0
2022-09-12 13:00:00+09:00,780.0,780.0,777.0,780.0,200200,0.0,0.0
2022-09-12 14:00:00+09:00,780.0,781.0,779.0,781.0,363600,0.0,0.0
2022-09-13 09:00:00+09:00,782.0,786.0,778.0,783.0,375300,0.0,0.0
2022-09-13 10:00:00+09:00,782.0,783.0,778.0,779.0,113300,0.0,0.0
2022-09-13 11:00:00+09:00,780.0,780.0,777.0,777.0,0,0.0,0.0
2022-09-13 12:00:00+09:00,776.0,776.0,772.0,774.0,746800,0.0,0.0
2022-09-13 13:00:00+09:00,774.0,775.0,772.0,773.0,94200,0.0,0.0
2022-09-13 14:00:00+09:00,774.0,778.0,773.0,776.0,361600,0.0,0.0
2022-09-14 09:00:00+09:00,764.0,777.0,763.0,774.0,709900,0.0,0.0
2022-09-14 10:00:00+09:00,774.0,781.0,773.0,779.0,370600,0.0,0.0
2022-09-14 11:00:00+09:00,779.0,780.0,776.0,777.0,0,0.0,0.0
2022-09-14 12:00:00+09:00,781.0,782.0,779.0,780.0,1468700,0.0,0.0
2022-09-14 13:00:00+09:00,780.0,781.0,777.0,779.0,273400,0.0,0.0
2022-09-14 14:00:00+09:00,779.0,780.0,775.0,776.0,449000,0.0,0.0
2022-09-15 09:00:00+09:00,779.0,784.0,775.0,778.0,288000,0.0,0.0
2022-09-15 10:00:00+09:00,778.0,781.0,777.0,779.0,144700,0.0,0.0
2022-09-15 11:00:00+09:00,779.0,779.0,777.0,779.0,0,0.0,0.0
2022-09-15 12:00:00+09:00,779.0,779.0,777.0,778.0,596200,0.0,0.0
2022-09-15 13:00:00+09:00,778.0,779.0,777.0,778.0,61800,0.0,0.0
2022-09-15 14:00:00+09:00,778.0,784.0,778.0,782.0,342700,0.0,0.0
2022-09-16 09:00:00+09:00,781.0,788.0,780.0,784.0,405500,0.0,0.0
2022-09-16 10:00:00+09:00,784.0,793.0,783.0,793.0,376200,0.0,0.0
2022-09-16 11:00:00+09:00,793.0,794.0,788.0,788.0,0,0.0,0.0
2022-09-16 12:00:00+09:00,789.0,791.0,787.0,791.0,1113300,0.0,0.0
2022-09-16 13:00:00+09:00,791.0,792.0,789.0,791.0,219800,0.0,0.0
2022-09-16 14:00:00+09:00,791.0,795.0,790.0,795.0,691600,0.0,0.0
2022-09-20 09:00:00+09:00,800.0,802.0,790.0,790.0,947700,0.0,0.0
2022-09-20 10:00:00+09:00,790.0,791.0,788.0,789.0,300600,0.0,0.0
2022-09-20 11:00:00+09:00,789.0,791.0,789.0,790.0,0,0.0,0.0
2022-09-20 12:00:00+09:00,792.0,800.0,791.0,799.0,1717500,0.0,0.0
2022-09-20 13:00:00+09:00,799.0,802.0,796.0,798.0,601700,0.0,0.0
2022-09-20 14:00:00+09:00,798.0,799.0,793.0,795.0,496700,0.0,0.0
2022-09-21 09:00:00+09:00,791.0,798.0,787.0,794.0,506300,0.0,0.0
2022-09-21 10:00:00+09:00,794.0,795.0,791.0,791.0,284800,0.0,0.0
2022-09-21 11:00:00+09:00,791.0,794.0,791.0,792.0,0,0.0,0.0
2022-09-21 12:00:00+09:00,792.0,795.0,790.0,790.0,1061500,0.0,0.0
2022-09-21 13:00:00+09:00,790.0,791.0,788.0,788.0,202300,0.0,0.0
2022-09-21 14:00:00+09:00,789.0,790.0,788.0,789.0,226100,0.0,0.0
2022-09-22 09:00:00+09:00,784.0,784.0,777.0,783.0,733600,0.0,0.0
2022-09-22 10:00:00+09:00,782.0,784.0,781.0,783.0,167800,0.0,0.0
2022-09-22 11:00:00+09:00,782.0,783.0,780.0,781.0,0,0.0,0.0
2022-09-22 12:00:00+09:00,781.0,781.0,779.0,781.0,1197500,0.0,0.0
2022-09-22 13:00:00+09:00,782.0,783.0,781.0,782.0,149800,0.0,0.0
2022-09-22 14:00:00+09:00,781.0,783.0,781.0,783.0,256300,0.0,0.0
2022-09-26 09:00:00+09:00,779.0,782.0,772.0,774.0,0,0.0,0.0
2022-09-26 10:00:00+09:00,774.0,776.0,773.0,773.0,258600,0.0,0.0
2022-09-26 11:00:00+09:00,773.0,776.0,773.0,774.0,0,0.0,0.0
2022-09-26 12:00:00+09:00,773.0,774.0,772.0,774.0,1267100,0.0,0.0
2022-09-26 13:00:00+09:00,773.0,774.0,766.0,767.0,340400,0.0,0.0
2022-09-26 14:00:00+09:00,767.0,768.0,765.0,765.0,374800,0.0,0.0
2022-09-27 09:00:00+09:00,765.0,767.0,755.0,762.0,823500,0.0,0.0
2022-09-27 10:00:00+09:00,762.0,764.0,758.0,760.0,162100,0.0,0.0
2022-09-27 11:00:00+09:00,760.0,761.0,759.0,760.0,0,0.0,0.0
2022-09-27 12:00:00+09:00,758.0,760.0,757.0,758.0,1181300,0.0,0.0
2022-09-27 13:00:00+09:00,758.0,760.0,757.0,758.0,133400,0.0,0.0
2022-09-27 14:00:00+09:00,759.0,760.0,757.0,758.0,424000,0.0,0.0
2022-09-28 09:00:00+09:00,742.0,747.0,738.0,739.0,953800,0.0,0.0
2022-09-28 10:00:00+09:00,738.0,738.0,725.0,729.0,494900,0.0,0.0
2022-09-28 11:00:00+09:00,729.0,729.0,723.0,726.0,0,0.0,0.0
2022-09-28 12:00:00+09:00,725.0,728.0,724.0,728.0,1943200,0.0,0.0
2022-09-28 13:00:00+09:00,727.0,730.0,725.0,726.0,312000,0.0,0.0
2022-09-28 14:00:00+09:00,726.0,728.0,722.0,727.0,737800,0.0,0.0
2022-09-29 09:00:00+09:00,734.0,742.0,730.0,741.0,755300,0.0,0.0
2022-09-29 10:00:00+09:00,741.0,744.0,739.0,740.0,368500,0.0,0.0
2022-09-29 11:00:00+09:00,740.0,740.0,737.0,737.0,0,0.0,0.0
2022-09-29 12:00:00+09:00,740.0,750.0,738.0,749.0,1838700,0.0,0.0
2022-09-29 13:00:00+09:00,749.0,755.0,747.0,752.0,473600,0.0,0.0
2022-09-29 14:00:00+09:00,752.0,754.0,750.0,754.0,521000,0.0,0.0
2022-09-30 09:00:00+09:00,741.0,748.0,738.0,743.0,419300,0.0,0.0
2022-09-30 10:00:00+09:00,743.0,750.0,742.0,747.0,268800,0.0,0.0
2022-09-30 11:00:00+09:00,747.0,749.0,744.0,747.0,0,0.0,0.0
2022-09-30 12:00:00+09:00,747.0,749.0,744.0,745.0,1001200,0.0,0.0
2022-09-30 13:00:00+09:00,745.0,751.0,743.0,751.0,286800,0.0,0.0
2022-09-30 14:00:00+09:00,751.0,756.0,747.0,750.0,660300,0.0,0.0
2022-10-03 09:00:00+09:00,749.0,750.0,739.0,740.0,416400,0.0,0.0
2022-10-03 10:00:00+09:00,739.0,752.0,739.0,750.0,312500,0.0,0.0
2022-10-03 11:00:00+09:00,750.0,754.0,750.0,750.0,0,0.0,0.0
2022-10-03 12:00:00+09:00,750.0,751.0,747.0,747.0,1003900,0.0,0.0
2022-10-03 13:00:00+09:00,747.0,751.0,747.0,751.0,173200,0.0,0.0
2022-10-03 14:00:00+09:00,751.0,754.0,748.0,753.0,307500,0.0,0.0
2022-10-04 09:00:00+09:00,773.0,785.0,771.0,780.0,1327700,0.0,0.0
2022-10-04 10:00:00+09:00,780.0,782.0,777.0,779.0,419200,0.0,0.0
2022-10-04 11:00:00+09:00,779.0,781.0,778.0,778.0,0,0.0,0.0
2022-10-04 12:00:00+09:00,779.0,784.0,778.0,782.0,2253600,0.0,0.0
2022-10-04 13:00:00+09:00,782.0,788.0,781.0,785.0,618300,0.0,0.0
2022-10-04 14:00:00+09:00,785.0,788.0,784.0,787.0,459000,0.0,0.0
2022-10-05 09:00:00+09:00,800.0,801.0,785.0,790.0,1152400,0.0,0.0
2022-10-05 10:00:00+09:00,789.0,790.0,784.0,786.0,357100,0.0,0.0
2022-10-05 11:00:00+09:00,787.0,793.0,787.0,793.0,0,0.0,0.0
2022-10-05 12:00:00+09:00,794.0,795.0,792.0,794.0,2028900,0.0,0.0
2022-10-05 13:00:00+09:00,794.0,795.0,792.0,792.0,210600,0.0,0.0
2022-10-05 14:00:00+09:00,793.0,796.0,792.0,792.0,632000,0.0,0.0
2022-10-06 09:00:00+09:00,790.0,805.0,786.0,798.0,873100,0.0,0.0
2022-10-06 10:00:00+09:00,798.0,805.0,795.0,804.0,420600,0.0,0.0
2022-10-06 11:00:00+09:00,804.0,805.0,802.0,804.0,0,0.0,0.0
2022-10-06 12:00:00+09:00,805.0,805.0,800.0,803.0,1649600,0.0,0.0
2022-10-06 13:00:00+09:00,802.0,804.0,800.0,801.0,226900,0.0,0.0
2022-10-06 14:00:00+09:00,801.0,802.0,800.0,800.0,406600,0.0,0.0
2022-10-07 09:00:00+09:00,792.0,796.0,790.0,791.0,537200,0.0,0.0
2022-10-07 10:00:00+09:00,791.0,797.0,791.0,795.0,235300,0.0,0.0
2022-10-07 11:00:00+09:00,796.0,797.0,795.0,796.0,0,0.0,0.0
2022-10-07 12:00:00+09:00,795.0,797.0,793.0,796.0,1051300,0.0,0.0
2022-10-07 13:00:00+09:00,796.0,798.0,795.0,797.0,135000,0.0,0.0
2022-10-07 14:00:00+09:00,797.0,798.0,795.0,796.0,481700,0.0,0.0
2022-10-11 09:00:00+09:00,797.0,812.0,796.0,808.0,0,0.0,0.0
2022-10-11 10:00:00+09:00,808.0,809.0,792.0,795.0,487800,0.0,0.0
2022-10-11 11:00:00+09:00,795.0,795.0,789.0,789.0,0,0.0,0.0
2022-10-11 12:00:00+09:00,790.0,791.0,787.0,788.0,1948000,0.0,0.0
2022-10-11 13:00:00+09:00,788.0,789.0,785.0,785.0,396400,0.0,0.0
2022-10-11 14:00:00+09:00,785.0,789.0,784.0,786.0,366400,0.0,0.0
2022-10-12 09:00:00+09:00,782.0,785.0,779.0,785.0,350800,0.0,0.0
2022-10-12 10:00:00+09:00,785.0,789.0,782.0,785.0,323200,0.0,0.0
2022-10-12 11:00:00+09:00,785.0,787.0,781.0,785.0,0,0.0,0.0
2022-10-12 12:00:00+09:00,788.0,788.0,785.0,786.0,915400,0.0,0.0
2022-10-12 13:00:00+09:00,786.0,789.0,785.0,786.0,173900,0.0,0.0
2022-10-12 14:00:00+09:00,787.0,787.0,784.0,787.0,285200,0.0,0.0
2022-10-13 09:00:00+09:00,780.0,781.0,774.0,781.0,281700,0.0,0.0
2022-10-13 10:00:00+09:00,781.0,781.0,776.0,777.0,149700,0.0,0.0
2022-10-13 11:00:00+09:00,777.0,779.0,776.0,779.0,0,0.0,0.0
2022-10-13 12:00:00+09:00,777.0,777.0,774.0,774.0,588500,0.0,0.0
2022-10-13 13:00:00+09:00,774.0,778.0,773.0,778.0,146400,0.0,0.0
2022-10-13 14:00:00+09:00,778.0,778.0,775.0,775.0,220700,0.0,0.0
2022-10-14 09:00:00+09:00,789.0,794.0,784.0,793.0,607200,0.0,0.0
2022-10-14 10:00:00+09:00,794.0,798.0,793.0,795.0,176100,0.0,0.0
2022-10-14 11:00:00+09:00,795.0,798.0,795.0,796.0,0,0.0,0.0
2022-10-14 12:00:00+09:00,795.0,797.0,794.0,797.0,997400,0.0,0.0
2022-10-14 13:00:00+09:00,797.0,799.0,795.0,795.0,135700,0.0,0.0
2022-10-14 14:00:00+09:00,795.0,796.0,792.0,794.0,230200,0.0,0.0
2022-10-17 09:00:00+09:00,787.0,797.0,787.0,788.0,0,0.0,0.0
2022-10-17 10:00:00+09:00,788.0,789.0,785.0,786.0,158500,0.0,0.0
2022-10-17 11:00:00+09:00,787.0,789.0,786.0,786.0,0,0.0,0.0
2022-10-17 12:00:00+09:00,788.0,791.0,788.0,789.0,895600,0.0,0.0
2022-10-17 13:00:00+09:00,789.0,790.0,788.0,790.0,102000,0.0,0.0
2022-10-17 14:00:00+09:00,791.0,792.0,789.0,790.0,234100,0.0,0.0
2022-10-18 09:00:00+09:00,797.0,797.0,790.0,791.0,558400,0.0,0.0
2022-10-18 10:00:00+09:00,791.0,792.0,786.0,787.0,231700,0.0,0.0
2022-10-18 11:00:00+09:00,788.0,789.0,786.0,788.0,0,0.0,0.0
2022-10-18 12:00:00+09:00,789.0,791.0,789.0,791.0,1030400,0.0,0.0
2022-10-18 13:00:00+09:00,790.0,791.0,789.0,789.0,126600,0.0,0.0
2022-10-18 14:00:00+09:00,789.0,790.0,787.0,788.0,318900,0.0,0.0
2022-10-19 09:00:00+09:00,784.0,788.0,781.0,787.0,349600,0.0,0.0
2022-10-19 10:00:00+09:00,787.0,787.0,781.0,786.0,189700,0.0,0.0
2022-10-19 11:00:00+09:00,786.0,786.0,783.0,785.0,0,0.0,0.0
2022-10-19 12:00:00+09:00,785.0,788.0,785.0,787.0,650300,0.0,0.0
2022-10-19 13:00:00+09:00,787.0,790.0,787.0,790.0,154600,0.0,0.0
2022-10-19 14:00:00+09:00,790.0,790.0,788.0,789.0,156900,0.0,0.0
2022-10-20 09:00:00+09:00,784.0,788.0,782.0,786.0,314100,0.0,0.0
2022-10-20 10:00:00+09:00,786.0,787.0,783.0,784.0,143800,0.0,0.0
2022-10-20 11:00:00+09:00,783.0,784.0,782.0,784.0,0,0.0,0.0
2022-10-20 12:00:00+09:00,782.0,782.0,781.0,781.0,686200,0.0,0.0
2022-10-20 13:00:00+09:00,781.0,785.0,781.0,784.0,293100,0.0,0.0
2022-10-20 14:00:00+09:00,784.0,786.0,782.0,783.0,431600,0.0,0.0
2022-10-21 09:00:00+09:00,775.0,777.0,766.0,767.0,729000,0.0,0.0
2022-10-21 10:00:00+09:00,767.0,768.0,764.0,767.0,267600,0.0,0.0
2022-10-21 11:00:00+09:00,767.0,768.0,766.0,767.0,0,0.0,0.0
2022-10-21 12:00:00+09:00,770.0,770.0,767.0,768.0,1240500,0.0,0.0
2022-10-21 13:00:00+09:00,768.0,771.0,768.0,771.0,136700,0.0,0.0
2022-10-21 14:00:00+09:00,772.0,772.0,768.0,768.0,262500,0.0,0.0
2022-10-24 09:00:00+09:00,774.0,775.0,758.0,761.0,544900,0.0,0.0
2022-10-24 10:00:00+09:00,761.0,761.0,754.0,759.0,396500,0.0,0.0
2022-10-24 11:00:00+09:00,759.0,761.0,757.0,760.0,0,0.0,0.0
2022-10-24 12:00:00+09:00,758.0,758.0,756.0,756.0,1130100,0.0,0.0
2022-10-24 13:00:00+09:00,756.0,757.0,755.0,756.0,171500,0.0,0.0
2022-10-24 14:00:00+09:00,756.0,757.0,753.0,754.0,477100,0.0,0.0
2022-10-25 09:00:00+09:00,753.0,755.0,746.0,753.0,818800,0.0,0.0
2022-10-25 10:00:00+09:00,752.0,752.0,748.0,749.0,265800,0.0,0.0
2022-10-25 11:00:00+09:00,749.0,750.0,748.0,749.0,0,0.0,0.0
2022-10-25 12:00:00+09:00,750.0,753.0,750.0,753.0,1343900,0.0,0.0
2022-10-25 13:00:00+09:00,753.0,753.0,751.0,752.0,135600,0.0,0.0
2022-10-25 14:00:00+09:00,752.0,755.0,752.0,753.0,265900,0.0,0.0
2022-10-26 09:00:00+09:00,756.0,763.0,753.0,757.0,618200,0.0,0.0
2022-10-26 10:00:00+09:00,757.0,757.0,753.0,753.0,301700,0.0,0.0
2022-10-26 11:00:00+09:00,754.0,754.0,752.0,752.0,0,0.0,0.0
2022-10-26 12:00:00+09:00,752.0,754.0,752.0,752.0,1179400,0.0,0.0
2022-10-26 13:00:00+09:00,752.0,759.0,752.0,758.0,233600,0.0,0.0
2022-10-26 14:00:00+09:00,758.0,759.0,755.0,755.0,367800,0.0,0.0
2022-10-27 09:00:00+09:00,758.0,759.0,747.0,749.0,451500,0.0,0.0
2022-10-27 10:00:00+09:00,750.0,754.0,749.0,754.0,271500,0.0,0.0
2022-10-27 11:00:00+09:00,754.0,755.0,752.0,752.0,0,0.0,0.0
2022-10-27 12:00:00+09:00,751.0,757.0,750.0,756.0,903000,0.0,0.0
2022-10-27 13:00:00+09:00,757.0,758.0,755.0,755.0,150300,0.0,0.0
2022-10-27 14:00:00+09:00,756.0,760.0,755.0,758.0,362000,0.0,0.0
2022-10-28 09:00:00+09:00,749.0,755.0,748.0,753.0,643300,0.0,0.0
2022-10-28 10:00:00+09:00,753.0,759.0,753.0,758.0,248000,0.0,0.0
2022-10-28 11:00:00+09:00,759.0,761.0,757.0,760.0,0,0.0,0.0
2022-10-28 12:00:00+09:00,760.0,760.0,754.0,755.0,1187700,0.0,0.0
2022-10-28 13:00:00+09:00,755.0,758.0,752.0,754.0,241700,0.0,0.0
2022-10-28 14:00:00+09:00,753.0,754.0,749.0,750.0,530800,0.0,0.0
2022-10-31 09:00:00+09:00,758.0,761.0,751.0,752.0,427200,0.0,0.0
2022-10-31 10:00:00+09:00,751.0,751.0,747.0,749.0,267100,0.0,0.0
2022-10-31 11:00:00+09:00,750.0,751.0,749.0,749.0,0,0.0,0.0
2022-10-31 12:00:00+09:00,749.0,753.0,748.0,753.0,891500,0.0,0.0
2022-10-31 13:00:00+09:00,753.0,754.0,751.0,754.0,133100,0.0,0.0
2022-10-31 14:00:00+09:00,754.0,757.0,752.0,756.0,360600,0.0,0.0
2022-11-01 09:00:00+09:00,762.0,762.0,751.0,752.0,500200,0.0,0.0
2022-11-01 10:00:00+09:00,752.0,757.0,752.0,756.0,219300,0.0,0.0
2022-11-01 11:00:00+09:00,756.0,756.0,755.0,756.0,0,0.0,0.0
2022-11-01 12:00:00+09:00,755.0,758.0,754.0,757.0,910100,0.0,0.0
2022-11-01 13:00:00+09:00,757.0,757.0,754.0,757.0,226600,0.0,0.0
2022-11-01 14:00:00+09:00,757.0,759.0,756.0,758.0,187200,0.0,0.0
2022-11-02 09:00:00+09:00,755.0,758.0,752.0,757.0,571700,0.0,0.0
2022-11-02 10:00:00+09:00,757.0,757.0,753.0,754.0,209800,0.0,0.0
2022-11-02 11:00:00+09:00,754.0,757.0,754.0,756.0,0,0.0,0.0
2022-11-02 12:00:00+09:00,756.0,756.0,753.0,753.0,1015500,0.0,0.0
2022-11-02 13:00:00+09:00,753.0,754.0,752.0,754.0,95200,0.0,0.0
2022-11-02 14:00:00+09:00,754.0,754.0,752.0,753.0,360900,0.0,0.0
2022-11-04 09:00:00+09:00,740.0,749.0,736.0,746.0,1119600,0.0,0.0
2022-11-04 10:00:00+09:00,746.0,746.0,741.0,744.0,255900,0.0,0.0
2022-11-04 11:00:00+09:00,743.0,747.0,743.0,745.0,0,0.0,0.0
2022-11-04 12:00:00+09:00,745.0,747.0,745.0,746.0,1555100,0.0,0.0
2022-11-04 13:00:00+09:00,746.0,746.0,742.0,742.0,154300,0.0,0.0
2022-11-04 14:00:00+09:00,743.0,744.0,736.0,737.0,383200,0.0,0.0
2022-11-07 09:00:00+09:00,733.0,739.0,731.0,733.0,817600,0.0,0.0
2022-11-07 10:00:00+09:00,734.0,736.0,733.0,736.0,277700,0.0,0.0
2022-11-07 11:00:00+09:00,735.0,735.0,731.0,733.0,0,0.0,0.0
2022-11-07 12:00:00+09:00,734.0,734.0,731.0,732.0,1505400,0.0,0.0
2022-11-07 13:00:00+09:00,733.0,735.0,732.0,734.0,193100,0.0,0.0
2022-11-07 14:00:00+09:00,734.0,738.0,734.0,736.0,438800,0.0,0.0
2022-11-08 09:00:00+09:00,737.0,746.0,736.0,744.0,772000,0.0,0.0
2022-11-08 10:00:00+09:00,744.0,753.0,744.0,752.0,448200,0.0,0.0
2022-11-08 11:00:00+09:00,752.0,753.0,751.0,752.0,0,0.0,0.0
2022-11-08 12:00:00+09:00,753.0,757.0,753.0,757.0,1451300,0.0,0.0
2022-11-08 13:00:00+09:00,756.0,758.0,754.0,755.0,214100,0.0,0.0
2022-11-08 14:00:00+09:00,755.0,755.0,751.0,752.0,472400,0.0,0.0
2022-11-09 09:00:00+09:00,749.0,753.0,743.0,744.0,507900,0.0,0.0
2022-11-09 10:00:00+09:00,745.0,747.0,743.0,746.0,267300,0.0,0.0
2022-11-09 11:00:00+09:00,746.0,747.0,744.0,747.0,0,0.0,0.0
2022-11-09 12:00:00+09:00,745.0,745.0,742.0,743.0,1077800,0.0,0.0
2022-11-09 13:00:00+09:00,744.0,744.0,742.0,744.0,244700,0.0,0.0
2022-11-09 14:00:00+09:00,743.0,744.0,741.0,743.0,415000,0.0,0.0
2022-11-10 09:00:00+09:00,755.0,757.0,742.0,747.0,2230300,0.0,0.0
2022-11-10 10:00:00+09:00,747.0,757.0,747.0,754.0,620000,0.0,0.0
2022-11-10 11:00:00+09:00,753.0,755.0,752.0,754.0,0,0.0,0.0
2022-11-10 12:00:00+09:00,755.0,760.0,754.0,757.0,3226800,0.0,0.0
2022-11-10 13:00:00+09:00,756.0,758.0,754.0,758.0,251400,0.0,0.0
2022-11-10 14:00:00+09:00,757.0,758.0,754.0,754.0,499500,0.0,0.0
2022-11-11 09:00:00+09:00,765.0,766.0,749.0,753.0,1337400,0.0,0.0
2022-11-11 10:00:00+09:00,753.0,753.0,745.0,745.0,414500,0.0,0.0
2022-11-11 11:00:00+09:00,746.0,749.0,744.0,748.0,0,0.0,0.0
2022-11-11 12:00:00+09:00,750.0,750.0,745.0,747.0,2256200,0.0,0.0
2022-11-11 13:00:00+09:00,746.0,747.0,743.0,744.0,363200,0.0,0.0
2022-11-11 14:00:00+09:00,744.0,746.0,743.0,746.0,597900,0.0,0.0
2022-11-14 09:00:00+09:00,734.0,737.0,725.0,734.0,1379200,0.0,0.0
2022-11-14 10:00:00+09:00,734.0,735.0,727.0,728.0,380400,0.0,0.0
2022-11-14 11:00:00+09:00,729.0,731.0,728.0,729.0,0,0.0,0.0
2022-11-14 12:00:00+09:00,729.0,729.0,723.0,723.0,2293100,0.0,0.0
2022-11-14 13:00:00+09:00,723.0,727.0,721.0,726.0,397500,0.0,0.0
2022-11-14 14:00:00+09:00,726.0,730.0,722.0,722.0,775300,0.0,0.0
2022-11-15 09:00:00+09:00,715.0,721.0,713.0,721.0,1018300,0.0,0.0
2022-11-15 10:00:00+09:00,721.0,721.0,717.0,719.0,364600,0.0,0.0
2022-11-15 11:00:00+09:00,720.0,721.0,716.0,716.0,0,0.0,0.0
2022-11-15 12:00:00+09:00,716.0,718.0,716.0,717.0,1834800,0.0,0.0
2022-11-15 13:00:00+09:00,717.0,718.0,716.0,716.0,178000,0.0,0.0
2022-11-15 14:00:00+09:00,717.0,718.0,713.0,715.0,868900,0.0,0.0
2022-11-16 09:00:00+09:00,710.0,712.0,702.0,704.0,2486600,0.0,0.0
2022-11-16 10:00:00+09:00,704.0,706.0,701.0,702.0,488800,0.0,0.0
2022-11-16 11:00:00+09:00,701.0,704.0,701.0,701.0,0,0.0,0.0
2022-11-16 12:00:00+09:00,701.0,704.0,700.0,703.0,3968100,0.0,0.0
2022-11-16 13:00:00+09:00,703.0,704.0,701.0,703.0,468200,0.0,0.0
2022-11-16 14:00:00+09:00,702.0,706.0,702.0,705.0,815900,0.0,0.0
2022-11-17 09:00:00+09:00,701.0,713.0,701.0,712.0,1040900,0.0,0.0
2022-11-17 10:00:00+09:00,711.0,717.0,711.0,717.0,695600,0.0,0.0
2022-11-17 11:00:00+09:00,716.0,717.0,713.0,715.0,0,0.0,0.0
2022-11-17 12:00:00+09:00,715.0,721.0,714.0,719.0,2381700,0.0,0.0
2022-11-17 13:00:00+09:00,720.0,721.0,718.0,719.0,268300,0.0,0.0
2022-11-17 14:00:00+09:00,720.0,723.0,719.0,720.0,863700,0.0,0.0
2022-11-18 09:00:00+09:00,720.0,724.0,716.0,720.0,801700,0.0,0.0
2022-11-18 10:00:00+09:00,720.0,720.0,715.0,716.0,320500,0.0,0.0
2022-11-18 11:00:00+09:00,717.0,718.0,716.0,717.0,0,0.0,0.0
2022-11-18 12:00:00+09:00,717.0,718.0,716.0,716.0,1385100,0.0,0.0
2022-11-18 13:00:00+09:00,716.0,717.0,714.0,717.0,244000,0.0,0.0
2022-11-18 14:00:00+09:00,717.0,719.0,716.0,718.0,347900,0.0,0.0
2022-11-21 09:00:00+09:00,721.0,729.0,721.0,725.0,942000,0.0,0.0
2022-11-21 10:00:00+09:00,724.0,725.0,721.0,722.0,295800,0.0,0.0
2022-11-21 11:00:00+09:00,722.0,723.0,722.0,722.0,0,0.0,0.0
2022-11-21 12:00:00+09:00,722.0,726.0,722.0,725.0,1488100,0.0,0.0
2022-11-21 13:00:00+09:00,726.0,728.0,725.0,727.0,358700,0.0,0.0
2022-11-21 14:00:00+09:00,728.0,728.0,724.0,725.0,439900,0.0,0.0
2022-11-22 09:00:00+09:00,734.0,737.0,730.0,733.0,941000,0.0,0.0
2022-11-22 10:00:00+09:00,733.0,735.0,730.0,733.0,419700,0.0,0.0
2022-11-22 11:00:00+09:00,732.0,734.0,731.0,731.0,0,0.0,0.0
2022-11-22 12:00:00+09:00,734.0,739.0,733.0,738.0,1963900,0.0,0.0
2022-11-22 13:00:00+09:00,737.0,741.0,736.0,740.0,642400,0.0,0.0
2022-11-22 14:00:00+09:00,740.0,741.0,735.0,737.0,789100,0.0,0.0
2022-11-24 09:00:00+09:00,736.0,745.0,735.0,742.0,597100,0.0,0.0
2022-11-24 10:00:00+09:00,743.0,743.0,736.0,739.0,406000,0.0,0.0
2022-11-24 11:00:00+09:00,739.0,741.0,738.0,740.0,0,0.0,0.0
2022-11-24 12:00:00+09:00,741.0,743.0,739.0,740.0,1202200,0.0,0.0
2022-11-24 13:00:00+09:00,740.0,740.0,737.0,737.0,147100,0.0,0.0
2022-11-24 14:00:00+09:00,737.0,740.0,737.0,740.0,324100,0.0,0.0
2022-11-25 09:00:00+09:00,746.0,746.0,739.0,742.0,616600,0.0,0.0
2022-11-25 10:00:00+09:00,742.0,744.0,740.0,744.0,112000,0.0,0.0
2022-11-25 11:00:00+09:00,743.0,744.0,742.0,742.0,0,0.0,0.0
2022-11-25 12:00:00+09:00,742.0,744.0,742.0,744.0,867800,0.0,0.0
2022-11-25 13:00:00+09:00,744.0,745.0,741.0,742.0,125700,0.0,0.0
2022-11-25 14:00:00+09:00,742.0,743.0,740.0,743.0,133900,0.0,0.0
2022-11-28 09:00:00+09:00,746.0,746.0,732.0,733.0,704700,0.0,0.0
2022-11-28 10:00:00+09:00,733.0,734.0,730.0,732.0,375000,0.0,0.0
2022-11-28 11:00:00+09:00,731.0,734.0,728.0,733.0,0,0.0,0.0
2022-11-28 12:00:00+09:00,735.0,737.0,733.0,736.0,1350600,0.0,0.0
2022-11-28 13:00:00+09:00,735.0,736.0,734.0,735.0,93800,0.0,0.0
2022-11-28 14:00:00+09:00,735.0,736.0,733.0,734.0,394800,0.0,0.0
2022-11-29 09:00:00+09:00,732.0,735.0,727.0,735.0,314300,0.0,0.0
2022-11-29 10:00:00+09:00,735.0,741.0,735.0,740.0,230400,0.0,0.0
2022-11-29 11:00:00+09:00,740.0,740.0,737.0,737.0,0,0.0,0.0
2022-11-29 12:00:00+09:00,737.0,738.0,736.0,738.0,788900,0.0,0.0
2022-11-29 13:00:00+09:00,737.0,740.0,737.0,738.0,109900,0.0,0.0
2022-11-29 14:00:00+09:00,739.0,740.0,737.0,738.0,221100,0.0,0.0
2022-11-30 09:00:00+09:00,739.0,743.0,736.0,740.0,417200,0.0,0.0
2022-11-30 10:00:00+09:00,740.0,743.0,737.0,743.0,387800,0.0,0.0
2022-11-30 11:00:00+09:00,743.0,743.0,742.0,743.0,0,0.0,0.0
2022-11-30 12:00:00+09:00,742.0,744.0,741.0,741.0,942200,0.0,0.0
2022-11-30 13:00:00+09:00,741.0,742.0,740.0,741.0,119200,0.0,0.0
2022-11-30 14:00:00+09:00,741.0,743.0,740.0,742.0,314000,0.0,0.0
2022-12-01 09:00:00+09:00,748.0,748.0,733.0,734.0,797400,0.0,0.0
2022-12-01 10:00:00+09:00,734.0,736.0,732.0,733.0,247300,0.0,0.0
2022-12-01 11:00:00+09:00,733.0,733.0,731.0,732.0,0,0.0,0.0
2022-12-01 12:00:00+09:00,731.0,732.0,728.0,729.0,1322900,0.0,0.0
2022-12-01 13:00:00+09:00,728.0,730.0,728.0,729.0,85900,0.0,0.0
2022-12-01 14:00:00+09:00,729.0,730.0,727.0,727.0,366400,0.0,0.0
2022-12-02 09:00:00+09:00,716.0,717.0,706.0,712.0,762600,0.0,0.0
2022-12-02 10:00:00+09:00,711.0,713.0,707.0,708.0,300800,0.0,0.0
2022-12-02 11:00:00+09:00,708.0,708.0,707.0,707.0,0,0.0,0.0
2022-12-02 12:00:00+09:00,707.0,712.0,707.0,711.0,1349100,0.0,0.0
2022-12-02 13:00:00+09:00,710.0,710.0,708.0,709.0,157600,0.0,0.0
2022-12-02 14:00:00+09:00,709.0,711.0,709.0,709.0,373700,0.0,0.0
2022-12-05 09:00:00+09:00,709.0,710.0,704.0,704.0,421600,0.0,0.0
2022-12-05 10:00:00+09:00,704.0,704.0,700.0,702.0,322600,0.0,0.0
2022-12-05 11:00:00+09:00,702.0,703.0,701.0,702.0,0,0.0,0.0
2022-12-05 12:00:00+09:00,701.0,701.0,698.0,699.0,1102800,0.0,0.0
2022-12-05 13:00:00+09:00,700.0,701.0,698.0,699.0,182300,0.0,0.0
2022-12-05 14:00:00+09:00,699.0,702.0,698.0,701.0,362600,0.0,0.0
2022-12-06 09:00:00+09:00,704.0,708.0,702.0,703.0,497100,0.0,0.0
2022-12-06 10:00:00+09:00,703.0,705.0,700.0,701.0,398600,0.0,0.0
2022-12-06 11:00:00+09:00,701.0,703.0,701.0,701.0,0,0.0,0.0
2022-12-06 12:00:00+09:00,704.0,704.0,702.0,704.0,1107400,0.0,0.0
2022-12-06 13:00:00+09:00,704.0,704.0,701.0,703.0,150600,0.0,0.0
2022-12-06 14:00:00+09:00,703.0,704.0,701.0,703.0,268100,0.0,0.0
2022-12-07 09:00:00+09:00,700.0,705.0,696.0,705.0,354800,0.0,0.0
2022-12-07 10:00:00+09:00,704.0,708.0,703.0,704.0,296300,0.0,0.0
2022-12-07 11:00:00+09:00,704.0,705.0,703.0,704.0,0,0.0,0.0
2022-12-07 12:00:00+09:00,700.0,706.0,700.0,706.0,855400,0.0,0.0
2022-12-07 13:00:00+09:00,707.0,708.0,705.0,705.0,80700,0.0,0.0
2022-12-07 14:00:00+09:00,705.0,706.0,704.0,705.0,219500,0.0,0.0
2022-12-08 09:00:00+09:00,703.0,703.0,693.0,697.0,827700,0.0,0.0
2022-12-08 10:00:00+09:00,698.0,701.0,697.0,700.0,321100,0.0,0.0
2022-12-08 11:00:00+09:00,700.0,701.0,699.0,700.0,0,0.0,0.0
2022-12-08 12:00:00+09:00,700.0,703.0,700.0,702.0,1397900,0.0,0.0
2022-12-08 13:00:00+09:00,701.0,703.0,701.0,701.0,247700,0.0,0.0
2022-12-08 14:00:00+09:00,701.0,702.0,699.0,700.0,457000,0.0,0.0
2022-12-09 09:00:00+09:00,691.0,706.0,691.0,706.0,1134100,0.0,0.0
2022-12-09 10:00:00+09:00,706.0,706.0,702.0,704.0,331500,0.0,0.0
2022-12-09 11:00:00+09:00,703.0,705.0,701.0,705.0,0,0.0,0.0
2022-12-09 12:00:00+09:00,703.0,704.0,701.0,702.0,1687200,0.0,0.0
2022-12-09 13:00:00+09:00,702.0,703.0,700.0,703.0,175400,0.0,0.0
2022-12-09 14:00:00+09:00,702.0,703.0,700.0,701.0,355400,0.0,0.0
2022-12-12 09:00:00+09:00,697.0,702.0,694.0,699.0,0,0.0,0.0
2022-12-12 10:00:00+09:00,699.0,700.0,695.0,696.0,235900,0.0,0.0
2022-12-12 11:00:00+09:00,696.0,698.0,695.0,698.0,0,0.0,0.0
2022-12-12 12:00:00+09:00,699.0,699.0,697.0,698.0,1111900,0.0,0.0
2022-12-12 13:00:00+09:00,697.0,699.0,697.0,697.0,98000,0.0,0.0
2022-12-12 14:00:00+09:00,698.0,698.0,696.0,697.0,282300,0.0,0.0
2022-12-13 09:00:00+09:00,694.0,698.0,693.0,695.0,646400,0.0,0.0
2022-12-13 10:00:00+09:00,695.0,696.0,693.0,694.0,300500,0.0,0.0
2022-12-13 11:00:00+09:00,694.0,696.0,694.0,694.0,0,0.0,0.0
2022-12-13 12:00:00+09:00,694.0,695.0,691.0,692.0,1372700,0.0,0.0
2022-12-13 13:00:00+09:00,692.0,694.0,691.0,693.0,171300,0.0,0.0
2022-12-13 14:00:00+09:00,693.0,694.0,691.0,692.0,556300,0.0,0.0
2022-12-14 09:00:00+09:00,695.0,703.0,691.0,701.0,806700,0.0,0.0
2022-12-14 10:00:00+09:00,701.0,702.0,698.0,699.0,457500,0.0,0.0
2022-12-14 11:00:00+09:00,700.0,702.0,699.0,702.0,0,0.0,0.0
2022-12-14 12:00:00+09:00,702.0,702.0,701.0,701.0,1518300,0.0,0.0
2022-12-14 13:00:00+09:00,701.0,701.0,699.0,700.0,141400,0.0,0.0
2022-12-14 14:00:00+09:00,701.0,702.0,700.0,702.0,221000,0.0,0.0
2022-12-15 09:00:00+09:00,703.0,705.0,700.0,704.0,272600,0.0,0.0
2022-12-15 10:00:00+09:00,704.0,706.0,702.0,702.0,225400,0.0,0.0
2022-12-15 11:00:00+09:00,702.0,706.0,701.0,704.0,0,0.0,0.0
2022-12-15 12:00:00+09:00,702.0,706.0,702.0,704.0,900900,0.0,0.0
2022-12-15 13:00:00+09:00,704.0,705.0,703.0,704.0,39500,0.0,0.0
2022-12-15 14:00:00+09:00,704.0,705.0,703.0,705.0,146200,0.0,0.0
2022-12-16 09:00:00+09:00,706.0,710.0,705.0,710.0,654800,0.0,0.0
2022-12-16 10:00:00+09:00,709.0,713.0,708.0,713.0,292300,0.0,0.0
2022-12-16 11:00:00+09:00,712.0,714.0,711.0,714.0,0,0.0,0.0
2022-12-16 12:00:00+09:00,714.0,714.0,710.0,711.0,1208300,0.0,0.0
2022-12-16 13:00:00+09:00,712.0,713.0,707.0,708.0,220700,0.0,0.0
2022-12-16 14:00:00+09:00,707.0,712.0,707.0,711.0,737000,0.0,0.0
2022-12-19 09:00:00+09:00,703.0,707.0,695.0,698.0,559300,0.0,0.0
2022-12-19 10:00:00+09:00,699.0,701.0,695.0,696.0,228800,0.0,0.0
2022-12-19 11:00:00+09:00,696.0,698.0,696.0,698.0,0,0.0,0.0
2022-12-19 12:00:00+09:00,698.0,698.0,695.0,696.0,1040400,0.0,0.0
2022-12-19 13:00:00+09:00,696.0,696.0,694.0,696.0,157500,0.0,0.0
2022-12-19 14:00:00+09:00,696.0,696.0,694.0,694.0,346000,0.0,0.0
2022-12-20 09:00:00+09:00,704.0,709.0,702.0,709.0,618000,0.0,0.0
2022-12-20 10:00:00+09:00,709.0,709.0,704.0,709.0,407700,0.0,0.0
2022-12-20 11:00:00+09:00,709.0,710.0,704.0,706.0,0,0.0,0.0
2022-12-20 12:00:00+09:00,688.0,690.0,674.0,674.0,2157000,0.0,0.0
2022-12-20 13:00:00+09:00,674.0,676.0,661.0,662.0,1297300,0.0,0.0
2022-12-20 14:00:00+09:00,662.0,666.0,658.0,665.0,1077500,0.0,0.0
2022-12-21 09:00:00+09:00,663.0,663.0,641.0,642.0,1649300,0.0,0.0
2022-12-21 10:00:00+09:00,641.0,649.0,638.0,649.0,1307800,0.0,0.0
2022-12-21 11:00:00+09:00,648.0,649.0,644.0,646.0,0,0.0,0.0
2022-12-21 12:00:00+09:00,643.0,644.0,638.0,639.0,3690000,0.0,0.0
2022-12-21 13:00:00+09:00,639.0,639.0,633.0,638.0,907100,0.0,0.0
2022-12-21 14:00:00+09:00,638.0,639.0,635.0,636.0,683500,0.0,0.0
2022-12-22 09:00:00+09:00,642.0,649.0,638.0,646.0,937400,0.0,0.0
2022-12-22 10:00:00+09:00,646.0,647.0,642.0,645.0,427800,0.0,0.0
2022-12-22 11:00:00+09:00,644.0,646.0,643.0,646.0,0,0.0,0.0
2022-12-22 12:00:00+09:00,643.0,648.0,643.0,648.0,1805900,0.0,0.0
2022-12-22 13:00:00+09:00,647.0,650.0,647.0,648.0,459000,0.0,0.0
2022-12-22 14:00:00+09:00,648.0,649.0,645.0,647.0,451400,0.0,0.0
2022-12-23 09:00:00+09:00,641.0,645.0,634.0,636.0,1264700,0.0,0.0
2022-12-23 10:00:00+09:00,635.0,638.0,633.0,638.0,595700,0.0,0.0
2022-12-23 11:00:00+09:00,637.0,639.0,636.0,636.0,0,0.0,0.0
2022-12-23 12:00:00+09:00,636.0,641.0,636.0,639.0,2321100,0.0,0.0
2022-12-23 13:00:00+09:00,639.0,639.0,637.0,637.0,226100,0.0,0.0
2022-12-23 14:00:00+09:00,638.0,638.0,635.0,636.0,460900,0.0,0.0
2022-12-26 09:00:00+09:00,635.0,641.0,630.0,632.0,0,0.0,0.0
2022-12-26 10:00:00+09:00,631.0,633.0,628.0,631.0,431000,0.0,0.0
2022-12-26 11:00:00+09:00,630.0,631.0,629.0,630.0,0,0.0,0.0
2022-12-26 12:00:00+09:00,630.0,632.0,627.0,631.0,2034300,0.0,0.0
2022-12-26 13:00:00+09:00,630.0,632.0,629.0,629.0,226100,0.0,0.0
2022-12-26 14:00:00+09:00,629.0,631.0,628.0,631.0,613300,0.0,0.0
2022-12-27 09:00:00+09:00,635.0,638.0,633.0,636.0,885700,0.0,0.0
2022-12-27 10:00:00+09:00,636.0,639.0,636.0,636.0,369800,0.0,0.0
2022-12-27 11:00:00+09:00,636.0,638.0,636.0,637.0,0,0.0,0.0
2022-12-27 12:00:00+09:00,637.0,637.0,633.0,634.0,1600600,0.0,0.0
2022-12-27 13:00:00+09:00,633.0,635.0,632.0,632.0,168200,0.0,0.0
2022-12-27 14:00:00+09:00,632.0,633.0,630.0,631.0,515200,0.0,0.0
2022-12-28 09:00:00+09:00,625.0,626.0,616.0,617.0,1105500,0.0,0.0
2022-12-28 10:00:00+09:00,616.0,619.0,615.0,617.0,560600,0.0,0.0
2022-12-28 11:00:00+09:00,617.0,619.0,616.0,619.0,0,0.0,0.0
2022-12-28 12:00:00+09:00,618.0,619.0,617.0,617.0,2325700,0.0,0.0
2022-12-28 13:00:00+09:00,616.0,619.0,616.0,619.0,319300,0.0,0.0
2022-12-28 14:00:00+09:00,618.0,620.0,616.0,619.0,752600,0.0,0.0
2022-12-29 09:00:00+09:00,618.0,626.0,617.0,625.0,875600,0.0,0.0
2022-12-29 10:00:00+09:00,624.0,625.0,621.0,621.0,411100,0.0,0.0
2022-12-29 11:00:00+09:00,621.0,625.0,621.0,625.0,0,0.0,0.0
2022-12-29 12:00:00+09:00,625.0,625.0,623.0,624.0,1779000,0.0,0.0
2022-12-29 13:00:00+09:00,623.0,625.0,623.0,624.0,171300,0.0,0.0
2022-12-29 14:00:00+09:00,624.0,627.0,624.0,626.0,369400,0.0,0.0
2022-12-30 09:00:00+09:00,622.0,631.0,622.0,628.0,716100,0.0,0.0
2022-12-30 10:00:00+09:00,629.0,630.0,627.0,629.0,237600,0.0,0.0
2022-12-30 11:00:00+09:00,629.0,629.0,627.0,629.0,0,0.0,0.0
2022-12-30 12:00:00+09:00,629.0,632.0,628.0,631.0,1222300,0.0,0.0
2022-12-30 13:00:00+09:00,631.0,631.0,628.0,629.0,153500,0.0,0.0
2022-12-30 14:00:00+09:00,630.0,630.0,627.0,628.0,447600,0.0,0.0
2023-01-04 09:00:00+09:00,627.0,629.0,621.0,625.0,0,0.0,0.0
2023-01-04 10:00:00+09:00,625.0,627.0,623.0,624.0,226500,0.0,0.0
2023-01-04 11:00:00+09:00,625.0,627.0,624.0,625.0,0,0.0,0.0
2023-01-04 12:00:00+09:00,626.0,626.0,622.0,624.0,1350500,0.0,0.0
2023-01-04 13:00:00+09:00,624.0,625.0,622.0,623.0,225800,0.0,0.0
2023-01-04 14:00:00+09:00,623.0,623.0,620.0,621.0,448600,0.0,0.0
2023-01-05 09:00:00+09:00,621.0,622.0,616.0,617.0,701800,0.0,0.0
2023-01-05 10:00:00+09:00,617.0,622.0,615.0,621.0,327400,0.0,0.0
2023-01-05 11:00:00+09:00,620.0,621.0,618.0,620.0,0,0.0,0.0
2023-01-05 12:00:00+09:00,620.0,624.0,619.0,624.0,1447100,0.0,0.0
2023-01-05 13:00:00+09:00,623.0,624.0,622.0,624.0,257900,0.0,0.0
2023-01-05 14:00:00+09:00,624.0,627.0,623.0,627.0,502400,0.0,0.0
2023-01-06 09:00:00+09:00,620.0,630.0,620.0,629.0,981100,0.0,0.0
2023-01-06 10:00:00+09:00,628.0,630.0,627.0,629.0,332200,0.0,0.0
2023-01-06 11:00:00+09:00,628.0,630.0,627.0,629.0,0,0.0,0.0
2023-01-06 12:00:00+09:00,630.0,632.0,629.0,630.0,1683100,0.0,0.0
2023-01-06 13:00:00+09:00,629.0,630.0,627.0,628.0,286000,0.0,0.0
2023-01-06 14:00:00+09:00,628.0,629.0,626.0,626.0,620000,0.0,0.0
2023-01-10 09:00:00+09:00,628.0,635.0,627.0,630.0,0,0.0,0.0
2023-01-10 10:00:00+09:00,631.0,634.0,630.0,633.0,278300,0.0,0.0
2023-01-10 11:00:00+09:00,633.0,635.0,632.0,635.0,0,0.0,0.0
2023-01-10 12:00:00+09:00,634.0,635.0,634.0,635.0,1540600,0.0,0.0
2023-01-10 13:00:00+09:00,635.0,636.0,633.0,634.0,210900,0.0,0.0
2023-01-10 14:00:00+09:00,634.0,634.0,631.0,632.0,621000,0.0,0.0
2023-01-11 09:00:00+09:00,641.0,643.0,636.0,638.0,1436500,0.0,0.0
2023-01-11 10:00:00+09:00,638.0,640.0,637.0,639.0,320700,0.0,0.0
2023-01-11 11:00:00+09:00,639.0,640.0,638.0,638.0,0,0.0,0.0
2023-01-11 12:00:00+09:00,638.0,638.0,635.0,637.0,2222200,0.0,0.0
2023-01-11 13:00:00+09:00,637.0,638.0,636.0,636.0,247900,0.0,0.0
2023-01-11 14:00:00+09:00,636.0,638.0,636.0,637.0,371700,0.0,0.0
2023-01-12 09:00:00+09:00,641.0,641.0,630.0,633.0,589200,0.0,0.0
2023-01-12 10:00:00+09:00,632.0,633.0,631.0,631.0,123700,0.0,0.0
2023-01-12 11:00:00+09:00,631.0,633.0,631.0,633.0,0,0.0,0.0
2023-01-12 12:00:00+09:00,634.0,634.0,628.0,628.0,1080800,0.0,0.0
2023-01-12 13:00:00+09:00,628.0,629.0,626.0,628.0,247100,0.0,0.0
2023-01-12 14:00:00+09:00,628.0,629.0,626.0,627.0,343700,0.0,0.0
2023-01-13 09:00:00+09:00,623.0,627.0,617.0,623.0,1090300,0.0,0.0
2023-01-13 10:00:00+09:00,623.0,623.0,619.0,620.0,547800,0.0,0.0
2023-01-13 11:00:00+09:00,620.0,620.0,618.0,618.0,0,0.0,0.0
2023-01-13 12:00:00+09:00,618.0,618.0,615.0,617.0,2315100,0.0,0.0
2023-01-13 13:00:00+09:00,616.0,617.0,614.0,614.0,476400,0.0,0.0
2023-01-13 14:00:00+09:00,614.0,616.0,613.0,613.0,869300,0.0,0.0
2023-01-16 09:00:00+09:00,612.0,614.0,607.0,608.0,0,0.0,0.0
2023-01-16 10:00:00+09:00,609.0,609.0,606.0,607.0,316700,0.0,0.0
2023-01-16 11:00:00+09:00,607.0,608.0,606.0,606.0,0,0.0,0.0
2023-01-16 12:00:00+09:00,606.0,607.0,604.0,606.0,1474200,0.0,0.0
2023-01-16 13:00:00+09:00,606.0,607.0,605.0,606.0,263500,0.0,0.0
2023-01-16 14:00:00+09:00,605.0,607.0,605.0,606.0,491600,0.0,0.0
2023-01-17 09:00:00+09:00,602.0,606.0,596.0,604.0,1545000,0.0,0.0
2023-01-17 10:00:00+09:00,604.0,607.0,601.0,601.0,581700,0.0,0.0
2023-01-17 11:00:00+09:00,602.0,604.0,601.0,602.0,0,0.0,0.0
2023-01-17 12:00:00+09:00,603.0,607.0,603.0,606.0,2787700,0.0,0.0
2023-01-17 13:00:00+09:00,606.0,608.0,606.0,607.0,352800,0.0,0.0
2023-01-17 14:00:00+09:00,607.0,608.0,604.0,605.0,713600,0.0,0.0
2023-01-18 09:00:00+09:00,610.0,612.0,605.0,608.0,1053600,0.0,0.0
2023-01-18 10:00:00+09:00,607.0,612.0,607.0,609.0,389200,0.0,0.0
2023-01-18 11:00:00+09:00,609.0,611.0,608.0,610.0,0,0.0,0.0
2023-01-18 12:00:00+09:00,640.0,640.0,624.0,629.0,3486500,0.0,0.0
2023-01-18 13:00:00+09:00,628.0,630.0,626.0,626.0,678700,0.0,0.0
2023-01-18 14:00:00+09:00,626.0,630.0,626.0,629.0,899500,0.0,0.0
2023-01-19 09:00:00+09:00,617.0,620.0,612.0,614.0,1093500,0.0,0.0
2023-01-19 10:00:00+09:00,614.0,616.0,613.0,614.0,422200,0.0,0.0
2023-01-19 11:00:00+09:00,615.0,617.0,614.0,616.0,0,0.0,0.0
2023-01-19 12:00:00+09:00,616.0,616.0,615.0,615.0,1838700,0.0,0.0
2023-01-19 13:00:00+09:00,615.0,617.0,614.0,617.0,266200,0.0,0.0
2023-01-19 14:00:00+09:00,616.0,618.0,614.0,615.0,561200,0.0,0.0
2023-01-20 09:00:00+09:00,624.0,630.0,622.0,625.0,1300700,0.0,0.0
2023-01-20 10:00:00+09:00,626.0,629.0,625.0,629.0,492600,0.0,0.0
2023-01-20 11:00:00+09:00,629.0,629.0,626.0,626.0,0,0.0,0.0
2023-01-20 12:00:00+09:00,626.0,628.0,626.0,627.0,2256400,0.0,0.0
2023-01-20 13:00:00+09:00,627.0,628.0,625.0,627.0,484600,0.0,0.0
2023-01-20 14:00:00+09:00,626.0,627.0,624.0,625.0,571700,0.0,0.0
2023-01-23 09:00:00+09:00,632.0,632.0,626.0,629.0,746200,0.0,0.0
2023-01-23 10:00:00+09:00,630.0,632.0,627.0,630.0,277600,0.0,0.0
2023-01-23 11:00:00+09:00,629.0,630.0,628.0,630.0,0,0.0,0.0
2023-01-23 12:00:00+09:00,629.0,629.0,626.0,627.0,1344500,0.0,0.0
2023-01-23 13:00:00+09:00,626.0,628.0,626.0,627.0,252500,0.0,0.0
2023-01-23 14:00:00+09:00,626.0,627.0,625.0,627.0,422100,0.0,0.0
2023-01-24 09:00:00+09:00,630.0,630.0,626.0,629.0,630000,0.0,0.0
2023-01-24 10:00:00+09:00,629.0,632.0,627.0,632.0,336500,0.0,0.0
2023-01-24 11:00:00+09:00,631.0,633.0,631.0,631.0,0,0.0,0.0
2023-01-24 12:00:00+09:00,633.0,634.0,632.0,634.0,1322800,0.0,0.0
2023-01-24 13:00:00+09:00,634.0,635.0,633.0,633.0,275900,0.0,0.0
2023-01-24 14:00:00+09:00,633.0,635.0,633.0,634.0,341900,0.0,0.0
2023-01-25 09:00:00+09:00,634.0,634.0,631.0,633.0,840100,0.0,0.0
2023-01-25 10:00:00+09:00,633.0,636.0,631.0,636.0,236200,0.0,0.0
2023-01-25 11:00:00+09:00,636.0,637.0,635.0,635.0,0,0.0,0.0
2023-01-25 12:00:00+09:00,636.0,637.0,635.0,636.0,1319800,0.0,0.0
2023-01-25 13:00:00+09:00,636.0,638.0,636.0,637.0,234700,0.0,0.0
2023-01-25 14:00:00+09:00,637.0,638.0,636.0,637.0,464600,0.0,0.0
2023-01-26 09:00:00+09:00,644.0,654.0,640.0,653.0,1485400,0.0,0.0
2023-01-26 10:00:00+09:00,652.0,653.0,650.0,652.0,394300,0.0,0.0
2023-01-26 11:00:00+09:00,651.0,652.0,650.0,652.0,0,0.0,0.0
2023-01-26 12:00:00+09:00,652.0,652.0,650.0,651.0,2292100,0.0,0.0
2023-01-26 13:00:00+09:00,651.0,653.0,651.0,653.0,218600,0.0,0.0
2023-01-26 14:00:00+09:00,653.0,656.0,652.0,653.0,842000,0.0,0.0
2023-01-27 09:00:00+09:00,658.0,660.0,648.0,648.0,1093600,0.0,0.0
2023-01-27 10:00:00+09:00,648.0,651.0,647.0,649.0,477800,0.0,0.0
2023-01-27 11:00:00+09:00,649.0,652.0,649.0,650.0,0,0.0,0.0
2023-01-27 12:00:00+09:00,652.0,652.0,648.0,648.0,1921400,0.0,0.0
2023-01-27 13:00:00+09:00,648.0,649.0,647.0,649.0,311500,0.0,0.0
2023-01-27 14:00:00+09:00,648.0,649.0,646.0,647.0,342500,0.0,0.0
2023-01-30 09:00:00+09:00,648.0,653.0,647.0,650.0,0,0.0,0.0
2023-01-30 10:00:00+09:00,651.0,654.0,651.0,653.0,237400,0.0,0.0
2023-01-30 11:00:00+09:00,652.0,653.0,652.0,652.0,0,0.0,0.0
2023-01-30 12:00:00+09:00,652.0,653.0,649.0,650.0,1943500,0.0,0.0
2023-01-30 13:00:00+09:00,650.0,651.0,649.0,649.0,348800,0.0,0.0
2023-01-30 14:00:00+09:00,649.0,650.0,648.0,650.0,519500,0.0,0.0
2023-01-31 09:00:00+09:00,655.0,661.0,653.0,657.0,988000,0.0,0.0
2023-01-31 10:00:00+09:00,657.0,659.0,656.0,659.0,300800,0.0,0.0
2023-01-31 11:00:00+09:00,658.0,660.0,658.0,658.0,0,0.0,0.0
2023-01-31 12:00:00+09:00,660.0,660.0,656.0,656.0,1798800,0.0,0.0
2023-01-31 13:00:00+09:00,656.0,659.0,656.0,659.0,192400,0.0,0.0
2023-01-31 14:00:00+09:00,658.0,660.0,656.0,658.0,786800,0.0,0.0
2023-02-01 09:00:00+09:00,659.0,661.0,650.0,650.0,1030100,0.0,0.0
2023-02-01 10:00:00+09:00,650.0,651.0,648.0,649.0,515500,0.0,0.0
2023-02-01 11:00:00+09:00,649.0,649.0,647.0,647.0,0,0.0,0.0
2023-02-01 12:00:00+09:00,647.0,647.0,645.0,645.0,2054400,0.0,0.0
2023-02-01 13:00:00+09:00,645.0,646.0,644.0,645.0,379000,0.0,0.0
2023-02-01 14:00:00+09:00,645.0,646.0,644.0,645.0,267800,0.0,0.0
2023-02-02 09:00:00+09:00,642.0,646.0,637.0,639.0,1201100,0.0,0.0
2023-02-02 10:00:00+09:00,639.0,641.0,638.0,639.0,327900,0.0,0.0
2023-02-02 11:00:00+09:00,639.0,640.0,637.0,637.0,0,0.0,0.0
2023-02-02 12:00:00+09:00,637.0,637.0,633.0,636.0,2102100,0.0,0.0
2023-02-02 13:00:00+09:00,636.0,637.0,634.0,636.0,288700,0.0,0.0
2023-02-02 14:00:00+09:00,636.0,637.0,635.0,636.0,491600,0.0,0.0
2023-02-03 09:00:00+09:00,635.0,639.0,633.0,634.0,803200,0.0,0.0
2023-02-03 10:00:00+09:00,634.0,638.0,633.0,637.0,259800,0.0,0.0
2023-02-03 11:00:00+09:00,638.0,638.0,634.0,635.0,0,0.0,0.0
2023-02-03 12:00:00+09:00,633.0,635.0,633.0,634.0,1363200,0.0,0.0
2023-02-03 13:00:00+09:00,634.0,636.0,634.0,636.0,210800,0.0,0.0
2023-02-03 14:00:00+09:00,636.0,636.0,634.0,634.0,380200,0.0,0.0
2023-02-06 09:00:00+09:00,643.0,649.0,641.0,647.0,819300,0.0,0.0
2023-02-06 10:00:00+09:00,647.0,655.0,647.0,655.0,469000,0.0,0.0
2023-02-06 11:00:00+09:00,654.0,655.0,652.0,655.0,0,0.0,0.0
2023-02-06 12:00:00+09:00,654.0,654.0,651.0,652.0,2023400,0.0,0.0
2023-02-06 13:00:00+09:00,652.0,653.0,651.0,653.0,250200,0.0,0.0
2023-02-06 14:00:00+09:00,653.0,653.0,650.0,652.0,578400,0.0,0.0
2023-02-07 09:00:00+09:00,652.0,655.0,646.0,650.0,603900,0.0,0.0
2023-02-07 10:00:00+09:00,650.0,650.0,647.0,648.0,177600,0.0,0.0
2023-02-07 11:00:00+09:00,648.0,648.0,646.0,647.0,0,0.0,0.0
2023-02-07 12:00:00+09:00,647.0,647.0,645.0,647.0,1104100,0.0,0.0
2023-02-07 13:00:00+09:00,646.0,646.0,643.0,645.0,236600,0.0,0.0
2023-02-07 14:00:00+09:00,644.0,646.0,643.0,645.0,166800,0.0,0.0
2023-02-08 09:00:00+09:00,652.0,655.0,642.0,646.0,773600,0.0,0.0
2023-02-08 10:00:00+09:00,646.0,646.0,641.0,642.0,208000,0.0,0.0
2023-02-08 11:00:00+09:00,642.0,643.0,641.0,643.0,0,0.0,0.0
2023-02-08 12:00:00+09:00,644.0,644.0,642.0,643.0,1204500,0.0,0.0
2023-02-08 13:00:00+09:00,643.0,645.0,643.0,643.0,75000,0.0,0.0
2023-02-08 14:00:00+09:00,643.0,645.0,643.0,645.0,320600,0.0,0.0
2023-02-09 09:00:00+09:00,642.0,648.0,642.0,646.0,455200,0.0,0.0
2023-02-09 10:00:00+09:00,647.0,649.0,645.0,647.0,189300,0.0,0.0
2023-02-09 11:00:00+09:00,647.0,648.0,646.0,648.0,0,0.0,0.0
2023-02-09 12:00:00+09:00,648.0,649.0,647.0,648.0,821300,0.0,0.0
2023-02-09 13:00:00+09:00,648.0,650.0,647.0,649.0,111800,0.0,0.0
2023-02-09 14:00:00+09:00,649.0,650.0,646.0,646.0,308700,0.0,0.0
2023-02-10 09:00:00+09:00,642.0,644.0,637.0,642.0,1819500,0.0,0.0
2023-02-10 10:00:00+09:00,642.0,644.0,641.0,644.0,314500,0.0,0.0
2023-02-10 11:00:00+09:00,644.0,644.0,640.0,642.0,0,0.0,0.0
2023-02-10 12:00:00+09:00,640.0,642.0,640.0,642.0,2428300,0.0,0.0
2023-02-10 13:00:00+09:00,641.0,641.0,640.0,641.0,118400,0.0,0.0
2023-02-10 14:00:00+09:00,641.0,642.0,639.0,642.0,706900,0.0,0.0
2023-02-13 09:00:00+09:00,641.0,644.0,634.0,637.0,1023800,0.0,0.0
2023-02-13 10:00:00+09:00,637.0,639.0,633.0,635.0,530000,0.0,0.0
2023-02-13 11:00:00+09:00,636.0,637.0,634.0,637.0,0,0.0,0.0
2023-02-13 12:00:00+09:00,635.0,636.0,632.0,632.0,2039600,0.0,0.0
2023-02-13 13:00:00+09:00,633.0,633.0,628.0,629.0,568700,0.0,0.0
2023-02-13 14:00:00+09:00,630.0,630.0,628.0,629.0,507000,0.0,0.0
2023-02-14 09:00:00+09:00,637.0,637.0,630.0,633.0,787600,0.0,0.0
2023-02-14 10:00:00+09:00,633.0,635.0,632.0,633.0,250400,0.0,0.0
2023-02-14 11:00:00+09:00,633.0,635.0,633.0,634.0,0,0.0,0.0
2023-02-14 12:00:00+09:00,634.0,636.0,633.0,635.0,1273900,0.0,0.0
2023-02-14 13:00:00+09:00,635.0,637.0,635.0,635.0,210200,0.0,0.0
2023-02-14 14:00:00+09:00,635.0,636.0,633.0,636.0,374500,0.0,0.0
2023-02-15 09:00:00+09:00,645.0,645.0,634.0,637.0,1094400,0.0,0.0
2023-02-15 10:00:00+09:00,637.0,638.0,636.0,637.0,317900,0.0,0.0
2023-02-15 11:00:00+09:00,637.0,637.0,635.0,635.0,0,0.0,0.0
2023-02-15 12:00:00+09:00,636.0,637.0,633.0,635.0,1967600,0.0,0.0
2023-02-15 13:00:00+09:00,635.0,635.0,632.0,634.0,279300,0.0,0.0
2023-02-15 14:00:00+09:00,634.0,636.0,633.0,635.0,343700,0.0,0.0
2023-02-16 09:00:00+09:00,636.0,638.0,632.0,633.0,841900,0.0,0.0
2023-02-16 10:00:00+09:00,634.0,636.0,632.0,636.0,257000,0.0,0.0
2023-02-16 11:00:00+09:00,636.0,638.0,635.0,638.0,0,0.0,0.0
2023-02-16 12:00:00+09:00,638.0,638.0,636.0,637.0,1641300,0.0,0.0
2023-02-16 13:00:00+09:00,637.0,638.0,637.0,637.0,101800,0.0,0.0
2023-02-16 14:00:00+09:00,638.0,639.0,637.0,639.0,317800,0.0,0.0
2023-02-17 09:00:00+09:00,635.0,636.0,631.0,632.0,739400,0.0,0.0
2023-02-17 10:00:00+09:00,633.0,635.0,633.0,635.0,161300,0.0,0.0
2023-02-17 11:00:00+09:00,634.0,635.0,633.0,634.0,0,0.0,0.0
2023-02-17 12:00:00+09:00,633.0,634.0,632.0,634.0,1165600,0.0,0.0
2023-02-17 13:00:00+09:00,634.0,635.0,633.0,634.0,211300,0.0,0.0
2023-02-17 14:00:00+09:00,633.0,635.0,633.0,634.0,156200,0.0,0.0
2023-02-20 09:00:00+09:00,636.0,639.0,634.0,639.0,694500,0.0,0.0
2023-02-20 10:00:00+09:00,639.0,642.0,639.0,641.0,352900,0.0,0.0
2023-02-20 11:00:00+09:00,642.0,642.0,640.0,640.0,0,0.0,0.0
2023-02-20 12:00:00+09:00,640.0,642.0,640.0,641.0,1272200,0.0,0.0
2023-02-20 13:00:00+09:00,641.0,642.0,640.0,640.0,88000,0.0,0.0
2023-02-20 14:00:00+09:00,640.0,641.0,639.0,639.0,210700,0.0,0.0
2023-02-21 09:00:00+09:00,638.0,642.0,638.0,640.0,424100,0.0,0.0
2023-02-21 10:00:00+09:00,640.0,644.0,639.0,643.0,251400,0.0,0.0
2023-02-21 11:00:00+09:00,643.0,644.0,642.0,644.0,0,0.0,0.0
2023-02-21 12:00:00+09:00,645.0,645.0,643.0,643.0,991400,0.0,0.0
2023-02-21 13:00:00+09:00,644.0,644.0,643.0,643.0,48600,0.0,0.0
2023-02-21 14:00:00+09:00,644.0,644.0,642.0,642.0,345100,0.0,0.0
2023-02-22 09:00:00+09:00,640.0,642.0,636.0,637.0,1127800,0.0,0.0
2023-02-22 10:00:00+09:00,637.0,637.0,633.0,633.0,699000,0.0,0.0
2023-02-22 11:00:00+09:00,634.0,634.0,632.0,632.0,0,0.0,0.0
2023-02-22 12:00:00+09:00,633.0,634.0,632.0,634.0,2177600,0.0,0.0
2023-02-22 13:00:00+09:00,633.0,634.0,631.0,632.0,432600,0.0,0.0
2023-02-22 14:00:00+09:00,632.0,632.0,630.0,630.0,654600,0.0,0.0
2023-02-24 09:00:00+09:00,635.0,637.0,633.0,637.0,926600,0.0,0.0
2023-02-24 10:00:00+09:00,637.0,644.0,637.0,644.0,572500,0.0,0.0
2023-02-24 11:00:00+09:00,644.0,644.0,642.0,644.0,0,0.0,0.0
2023-02-24 12:00:00+09:00,644.0,646.0,642.0,646.0,2006600,0.0,0.0
2023-02-24 13:00:00+09:00,645.0,647.0,645.0,646.0,364200,0.0,0.0
2023-02-24 14:00:00+09:00,646.0,648.0,645.0,647.0,492900,0.0,0.0
2023-02-27 09:00:00+09:00,646.0,649.0,643.0,644.0,0,0.0,0.0
2023-02-27 10:00:00+09:00,646.0,649.0,645.0,649.0,151600,0.0,0.0
2023-02-27 11:00:00+09:00,648.0,649.0,648.0,649.0,0,0.0,0.0
2023-02-27 12:00:00+09:00,646.0,649.0,646.0,647.0,1126200,0.0,0.0
2023-02-27 13:00:00+09:00,648.0,649.0,647.0,648.0,125500,0.0,0.0
2023-02-27 14:00:00+09:00,649.0,650.0,648.0,649.0,507800,0.0,0.0
2023-02-28 09:00:00+09:00,657.0,659.0,655.0,658.0,776400,0.0,0.0
2023-02-28 10:00:00+09:00,658.0,658.0,656.0,657.0,223600,0.0,0.0
2023-02-28 11:00:00+09:00,657.0,661.0,656.0,661.0,0,0.0,0.0
2023-02-28 12:00:00+09:00,662.0,664.0,661.0,663.0,1614000,0.0,0.0
2023-02-28 13:00:00+09:00,663.0,664.0,661.0,662.0,297500,0.0,0.0
2023-02-28 14:00:00+09:00,662.0,662.0,658.0,659.0,519900,0.0,0.0
2023-03-01 09:00:00+09:00,655.0,661.0,653.0,653.0,836300,0.0,0.0
2023-03-01 10:00:00+09:00,653.0,658.0,652.0,654.0,407000,0.0,0.0
2023-03-01 11:00:00+09:00,654.0,655.0,653.0,653.0,0,0.0,0.0
2023-03-01 12:00:00+09:00,655.0,656.0,654.0,655.0,1604600,0.0,0.0
2023-03-01 13:00:00+09:00,655.0,655.0,653.0,654.0,215700,0.0,0.0
2023-03-01 14:00:00+09:00,655.0,656.0,654.0,655.0,473800,0.0,0.0
2023-03-02 09:00:00+09:00,654.0,655.0,649.0,652.0,657600,0.0,0.0
2023-03-02 10:00:00+09:00,652.0,653.0,648.0,648.0,353800,0.0,0.0
2023-03-02 11:00:00+09:00,649.0,652.0,648.0,651.0,0,0.0,0.0
2023-03-02 12:00:00+09:00,652.0,652.0,650.0,651.0,1300500,0.0,0.0
2023-03-02 13:00:00+09:00,651.0,652.0,651.0,652.0,139300,0.0,0.0
2023-03-02 14:00:00+09:00,652.0,652.0,651.0,651.0,184600,0.0,0.0
2023-03-03 09:00:00+09:00,655.0,657.0,652.0,655.0,786500,0.0,0.0
2023-03-03 10:00:00+09:00,655.0,656.0,654.0,655.0,269600,0.0,0.0
2023-03-03 11:00:00+09:00,655.0,656.0,654.0,656.0,0,0.0,0.0
2023-03-03 12:00:00+09:00,655.0,656.0,654.0,655.0,1497300,0.0,0.0
2023-03-03 13:00:00+09:00,654.0,656.0,654.0,655.0,399900,0.0,0.0
2023-03-03 14:00:00+09:00,654.0,655.0,653.0,653.0,408900,0.0,0.0
2023-03-06 09:00:00+09:00,656.0,657.0,648.0,649.0,0,0.0,0.0
2023-03-06 10:00:00+09:00,649.0,653.0,649.0,652.0,345400,0.0,0.0
2023-03-06 11:00:00+09:00,653.0,654.0,652.0,653.0,0,0.0,0.0
2023-03-06 12:00:00+09:00,653.0,654.0,653.0,653.0,1983200,0.0,0.0
2023-03-06 13:00:00+09:00,653.0,654.0,652.0,653.0,130800,0.0,0.0
2023-03-06 14:00:00+09:00,654.0,654.0,651.0,651.0,303500,0.0,0.0
2023-03-07 09:00:00+09:00,652.0,652.0,649.0,649.0,786900,0.0,0.0
2023-03-07 10:00:00+09:00,649.0,651.0,649.0,650.0,253400,0.0,0.0
2023-03-07 11:00:00+09:00,650.0,652.0,650.0,652.0,0,0.0,0.0
2023-03-07 12:00:00+09:00,651.0,652.0,651.0,651.0,1520400,0.0,0.0
2023-03-07 13:00:00+09:00,652.0,652.0,651.0,651.0,160000,0.0,0.0
2023-03-07 14:00:00+09:00,651.0,652.0,651.0,651.0,276900,0.0,0.0
2023-03-08 09:00:00+09:00,655.0,660.0,654.0,659.0,767600,0.0,0.0
2023-03-08 10:00:00+09:00,660.0,661.0,658.0,660.0,368500,0.0,0.0
2023-03-08 11:00:00+09:00,660.0,660.0,658.0,660.0,0,0.0,0.0
2023-03-08 12:00:00+09:00,660.0,663.0,659.0,663.0,1483900,0.0,0.0
2023-03-08 13:00:00+09:00,663.0,664.0,662.0,664.0,357700,0.0,0.0
2023-03-08 14:00:00+09:00,664.0,666.0,664.0,664.0,678700,0.0,0.0
2023-03-09 09:00:00+09:00,672.0,674.0,669.0,674.0,1198200,0.0,0.0
2023-03-09 10:00:00+09:00,674.0,677.0,673.0,674.0,476800,0.0,0.0
2023-03-09 11:00:00+09:00,674.0,675.0,673.0,674.0,0,0.0,0.0
2023-03-09 12:00:00+09:00,675.0,675.0,672.0,672.0,1893200,0.0,0.0
2023-03-09 13:00:00+09:00,673.0,674.0,672.0,673.0,298000,0.0,0.0
2023-03-09 14:00:00+09:00,673.0,674.0,671.0,673.0,455500,0.0,0.0
2023-03-10 09:00:00+09:00,665.0,671.0,663.0,664.0,1660200,0.0,0.0
2023-03-10 10:00:00+09:00,664.0,665.0,661.0,662.0,399700,0.0,0.0
2023-03-10 11:00:00+09:00,662.0,663.0,661.0,661.0,0,0.0,0.0
2023-03-10 12:00:00+09:00,663.0,666.0,661.0,662.0,2527800,0.0,0.0
2023-03-10 13:00:00+09:00,662.0,666.0,662.0,665.0,400800,0.0,0.0
2023-03-10 14:00:00+09:00,665.0,667.0,665.0,666.0,428300,0.0,0.0
2023-03-13 09:00:00+09:00,660.0,663.0,651.0,651.0,0,0.0,0.0
2023-03-13 10:00:00+09:00,651.0,652.0,650.0,651.0,320000,0.0,0.0
2023-03-13 11:00:00+09:00,652.0,653.0,651.0,652.0,0,0.0,0.0
2023-03-13 12:00:00+09:00,654.0,657.0,654.0,654.0,1774800,0.0,0.0
2023-03-13 13:00:00+09:00,654.0,654.0,651.0,651.0,204700,0.0,0.0
2023-03-13 14:00:00+09:00,651.0,655.0,651.0,654.0,352200,0.0,0.0
2023-03-14 09:00:00+09:00,643.0,643.0,632.0,634.0,1282800,0.0,0.0
2023-03-14 10:00:00+09:00,634.0,638.0,633.0,635.0,499000,0.0,0.0
2023-03-14 11:00:00+09:00,636.0,642.0,636.0,642.0,0,0.0,0.0
2023-03-14 12:00:00+09:00,641.0,646.0,641.0,642.0,2347600,0.0,0.0
2023-03-14 13:00:00+09:00,642.0,642.0,639.0,640.0,441200,0.0,0.0
2023-03-14 14:00:00+09:00,640.0,641.0,638.0,640.0,558700,0.0,0.0
2023-03-15 09:00:00+09:00,646.0,653.0,643.0,647.0,714600,0.0,0.0
2023-03-15 10:00:00+09:00,648.0,650.0,648.0,649.0,260300,0.0,0.0
2023-03-15 11:00:00+09:00,650.0,650.0,648.0,649.0,0,0.0,0.0
2023-03-15 12:00:00+09:00,649.0,651.0,647.0,648.0,1251800,0.0,0.0
2023-03-15 13:00:00+09:00,647.0,648.0,645.0,646.0,312700,0.0,0.0
2023-03-15 14:00:00+09:00,646.0,646.0,642.0,645.0,476500,0.0,0.0
2023-03-16 09:00:00+09:00,637.0,645.0,636.0,644.0,1281700,0.0,0.0
2023-03-16 10:00:00+09:00,645.0,648.0,644.0,644.0,452900,0.0,0.0
2023-03-16 11:00:00+09:00,644.0,646.0,644.0,646.0,0,0.0,0.0
2023-03-16 12:00:00+09:00,646.0,646.0,642.0,643.0,2015400,0.0,0.0
2023-03-16 13:00:00+09:00,642.0,645.0,642.0,644.0,172200,0.0,0.0
2023-03-16 14:00:00+09:00,645.0,646.0,643.0,643.0,312200,0.0,0.0
2023-03-17 09:00:00+09:00,647.0,652.0,646.0,646.0,711500,0.0,0.0
2023-03-17 10:00:00+09:00,646.0,647.0,643.0,644.0,302100,0.0,0.0
2023-03-17 11:00:00+09:00,644.0,645.0,642.0,644.0,0,0.0,0.0
2023-03-17 12:00:00+09:00,647.0,647.0,644.0,644.0,1396400,0.0,0.0
2023-03-17 13:00:00+09:00,644.0,645.0,641.0,642.0,397200,0.0,0.0
2023-03-17 14:00:00+09:00,643.0,645.0,641.0,643.0,1002100,0.0,0.0
2023-03-20 09:00:00+09:00,640.0,643.0,637.0,642.0,645200,0.0,0.0
2023-03-20 10:00:00+09:00,642.0,643.0,636.0,638.0,388400,0.0,0.0
2023-03-20 11:00:00+09:00,638.0,639.0,636.0,636.0,0,0.0,0.0
2023-03-20 12:00:00+09:00,634.0,634.0,626.0,628.0,1974300,0.0,0.0
2023-03-20 13:00:00+09:00,628.0,630.0,626.0,628.0,346300,0.0,0.0
2023-03-20 14:00:00+09:00,627.0,628.0,625.0,626.0,743700,0.0,0.0
2023-03-22 09:00:00+09:00,636.0,638.0,625.0,626.0,0,0.0,0.0
2023-03-22 10:00:00+09:00,627.0,628.0,623.0,626.0,503500,0.0,0.0
2023-03-22 11:00:00+09:00,627.0,627.0,626.0,627.0,0,0.0,0.0
2023-03-22 12:00:00+09:00,627.0,629.0,625.0,628.0,1821100,0.0,0.0
2023-03-22 13:00:00+09:00,629.0,630.0,628.0,630.0,77500,0.0,0.0
2023-03-22 14:00:00+09:00,629.0,630.0,628.0,629.0,455100,0.0,0.0
2023-03-23 09:00:00+09:00,624.0,624.0,620.0,622.0,684900,0.0,0.0
2023-03-23 10:00:00+09:00,622.0,624.0,621.0,623.0,233300,0.0,0.0
2023-03-23 11:00:00+09:00,623.0,626.0,623.0,625.0,0,0.0,0.0
2023-03-23 12:00:00+09:00,625.0,627.0,625.0,626.0,1399600,0.0,0.0
2023-03-23 13:00:00+09:00,625.0,626.0,624.0,625.0,233000,0.0,0.0
2023-03-23 14:00:00+09:00,625.0,627.0,624.0,626.0,371200,0.0,0.0
2023-03-24 09:00:00+09:00,621.0,622.0,618.0,619.0,948500,0.0,0.0
2023-03-24 10:00:00+09:00,619.0,622.0,618.0,621.0,346500,0.0,0.0
2023-03-24 11:00:00+09:00,621.0,623.0,619.0,620.0,0,0.0,0.0
2023-03-24 12:00:00+09:00,620.0,624.0,620.0,621.0,1806400,0.0,0.0
2023-03-24 13:00:00+09:00,621.0,622.0,620.0,621.0,167000,0.0,0.0
2023-03-24 14:00:00+09:00,620.0,623.0,620.0,623.0,497200,0.0,0.0
2023-03-27 09:00:00+09:00,629.0,631.0,625.0,628.0,651800,0.0,0.0
2023-03-27 10:00:00+09:00,628.0,631.0,627.0,630.0,293200,0.0,0.0
2023-03-27 11:00:00+09:00,630.0,631.0,629.0,631.0,0,0.0,0.0
2023-03-27 12:00:00+09:00,630.0,631.0,628.0,628.0,1313600,0.0,0.0
2023-03-27 13:00:00+09:00,629.0,629.0,627.0,627.0,164600,0.0,0.0
2023-03-27 14:00:00+09:00,627.0,629.0,626.0,627.0,616700,0.0,0.0
2023-03-28 09:00:00+09:00,634.0,634.0,626.0,628.0,544400,0.0,0.0
2023-03-28 10:00:00+09:00,627.0,630.0,627.0,629.0,157600,0.0,0.0
2023-03-28 11:00:00+09:00,629.0,629.0,628.0,629.0,0,0.0,0.0
2023-03-28 12:00:00+09:00,630.0,630.0,624.0,625.0,1022000,0.0,0.0
2023-03-28 13:00:00+09:00,624.0,625.0,623.0,625.0,285300,0.0,0.0
2023-03-28 14:00:00+09:00,625.0,628.0,625.0,627.0,284700,0.0,0.0
2023-03-29 09:00:00+09:00,627.0,632.0,626.0,631.0,719400,0.0,0.0
2023-03-29 10:00:00+09:00,631.0,633.0,631.0,632.0,238400,0.0,0.0
2023-03-29 11:00:00+09:00,632.0,633.0,631.0,633.0,0,0.0,0.0
2023-03-29 12:00:00+09:00,634.0,634.0,632.0,633.0,1232800,0.0,0.0
2023-03-29 13:00:00+09:00,633.0,636.0,633.0,635.0,240500,0.0,0.0
2023-03-29 14:00:00+09:00,635.0,639.0,635.0,639.0,509600,0.0,0.0
2023-03-30 09:00:00+09:00,628.0,631.0,625.0,625.0,671700,0.0,0.0
2023-03-30 10:00:00+09:00,625.0,627.0,624.0,626.0,216600,0.0,0.0
2023-03-30 11:00:00+09:00,625.0,628.0,625.0,628.0,0,0.0,0.0
2023-03-30 12:00:00+09:00,626.0,634.0,626.0,633.0,1526100,0.0,0.0
2023-03-30 13:00:00+09:00,632.0,633.0,631.0,631.0,228600,0.0,0.0
2023-03-30 14:00:00+09:00,632.0,634.0,630.0,634.0,567900,0.0,0.0
2023-03-31 09:00:00+09:00,639.0,640.0,635.0,638.0,660300,0.0,0.0
2023-03-31 10:00:00+09:00,638.0,639.0,636.0,636.0,166700,0.0,0.0
2023-03-31 11:00:00+09:00,636.0,638.0,636.0,638.0,0,0.0,0.0
2023-03-31 12:00:00+09:00,637.0,638.0,634.0,637.0,1065000,0.0,0.0
2023-03-31 13:00:00+09:00,636.0,638.0,636.0,637.0,88400,0.0,0.0
2023-03-31 14:00:00+09:00,636.0,636.0,633.0,635.0,576800,0.0,0.0
2023-04-03 09:00:00+09:00,640.0,641.0,636.0,640.0,562300,0.0,0.0
2023-04-03 10:00:00+09:00,641.0,642.0,639.0,641.0,363700,0.0,0.0
2023-04-03 11:00:00+09:00,641.0,643.0,641.0,642.0,0,0.0,0.0
2023-04-03 12:00:00+09:00,643.0,645.0,643.0,643.0,1281000,0.0,0.0
2023-04-03 13:00:00+09:00,643.0,645.0,643.0,644.0,273500,0.0,0.0
2023-04-03 14:00:00+09:00,644.0,646.0,644.0,646.0,317100,0.0,0.0
2023-04-04 09:00:00+09:00,647.0,649.0,640.0,642.0,475700,0.0,0.0
2023-04-04 10:00:00+09:00,643.0,646.0,642.0,646.0,154100,0.0,0.0
2023-04-04 11:00:00+09:00,646.0,646.0,644.0,645.0,0,0.0,0.0
2023-04-04 12:00:00+09:00,644.0,645.0,643.0,643.0,787300,0.0,0.0
2023-04-04 13:00:00+09:00,644.0,646.0,644.0,644.0,189800,0.0,0.0
2023-04-04 14:00:00+09:00,644.0,647.0,644.0,647.0,508300,0.0,0.0
2023-04-05 09:00:00+09:00,638.0,641.0,635.0,639.0,663700,0.0,0.0
2023-04-05 10:00:00+09:00,639.0,640.0,632.0,634.0,374000,0.0,0.0
2023-04-05 11:00:00+09:00,634.0,636.0,633.0,634.0,0,0.0,0.0
2023-04-05 12:00:00+09:00,634.0,635.0,632.0,632.0,1272900,0.0,0.0
2023-04-05 13:00:00+09:00,632.0,632.0,629.0,629.0,370900,0.0,0.0
2023-04-05 14:00:00+09:00,630.0,631.0,629.0,630.0,455000,0.0,0.0
2023-04-06 09:00:00+09:00,626.0,633.0,625.0,633.0,827300,0.0,0.0
2023-04-06 10:00:00+09:00,632.0,634.0,632.0,634.0,208400,0.0,0.0
2023-04-06 11:00:00+09:00,633.0,633.0,631.0,631.0,0,0.0,0.0
2023-04-06 12:00:00+09:00,630.0,630.0,629.0,629.0,1292100,0.0,0.0
2023-04-06 13:00:00+09:00,630.0,631.0,629.0,631.0,121400,0.0,0.0
2023-04-06 14:00:00+09:00,630.0,632.0,630.0,632.0,218500,0.0,0.0
2023-04-07 09:00:00+09:00,630.0,633.0,630.0,632.0,443000,0.0,0.0
2023-04-07 10:00:00+09:00,631.0,632.0,630.0,631.0,142800,0.0,0.0
2023-04-07 11:00:00+09:00,631.0,633.0,631.0,633.0,0,0.0,0.0
2023-04-07 12:00:00+09:00,633.0,633.0,631.0,632.0,717700,0.0,0.0
2023-04-07 13:00:00+09:00,632.0,633.0,631.0,631.0,149200,0.0,0.0
2023-04-07 14:00:00+09:00,632.0,634.0,631.0,631.0,343600,0.0,0.0
2023-04-10 09:00:00+09:00,635.0,637.0,633.0,635.0,0,0.0,0.0
2023-04-10 10:00:00+09:00,635.0,636.0,633.0,635.0,97500,0.0,0.0
2023-04-10 11:00:00+09:00,635.0,635.0,635.0,635.0,0,0.0,0.0
2023-04-10 12:00:00+09:00,635.0,636.0,633.0,635.0,626800,0.0,0.0
2023-04-10 13:00:00+09:00,635.0,635.0,634.0,635.0,72000,0.0,0.0
2023-04-10 14:00:00+09:00,635.0,635.0,633.0,635.0,196500,0.0,0.0
2023-04-11 09:00:00+09:00,638.0,646.0,636.0,641.0,766500,0.0,0.0
2023-04-11 10:00:00+09:00,640.0,644.0,639.0,643.0,337700,0.0,0.0
2023-04-11 11:00:00+09:00,643.0,645.0,643.0,643.0,0,0.0,0.0
2023-04-11 12:00:00+09:00,644.0,647.0,644.0,646.0,1708300,0.0,0.0
2023-04-11 13:00:00+09:00,646.0,647.0,644.0,645.0,211300,0.0,0.0
2023-04-11 14:00:00+09:00,646.0,646.0,644.0,644.0,386500,0.0,0.0
2023-04-12 09:00:00+09:00,647.0,649.0,643.0,646.0,488600,0.0,0.0
2023-04-12 10:00:00+09:00,646.0,648.0,645.0,647.0,169100,0.0,0.0
2023-04-12 11:00:00+09:00,647.0,648.0,646.0,647.0,0,0.0,0.0
2023-04-12 12:00:00+09:00,648.0,648.0,647.0,647.0,799000,0.0,0.0
2023-04-12 13:00:00+09:00,647.0,648.0,647.0,647.0,236700,0.0,0.0
2023-04-12 14:00:00+09:00,647.0,648.0,646.0,646.0,520800,0.0,0.0
2023-04-13 09:00:00+09:00,647.0,647.0,642.0,643.0,520000,0.0,0.0
2023-04-13 10:00:00+09:00,643.0,646.0,642.0,646.0,183200,0.0,0.0
2023-04-13 11:00:00+09:00,645.0,647.0,645.0,646.0,0,0.0,0.0
2023-04-13 12:00:00+09:00,646.0,648.0,646.0,646.0,881800,0.0,0.0
2023-04-13 13:00:00+09:00,646.0,647.0,646.0,646.0,73000,0.0,0.0
2023-04-13 14:00:00+09:00,646.0,649.0,646.0,648.0,630300,0.0,0.0
2023-04-14 09:00:00+09:00,652.0,655.0,649.0,652.0,1135500,0.0,0.0
2023-04-14 10:00:00+09:00,652.0,653.0,651.0,652.0,256400,0.0,0.0
2023-04-14 11:00:00+09:00,652.0,654.0,652.0,653.0,0,0.0,0.0
2023-04-14 12:00:00+09:00,653.0,654.0,651.0,652.0,1676200,0.0,0.0
2023-04-14 13:00:00+09:00,652.0,653.0,651.0,652.0,66500,0.0,0.0
2023-04-14 14:00:00+09:00,653.0,655.0,652.0,654.0,410300,0.0,0.0
2023-04-17 09:00:00+09:00,655.0,655.0,648.0,652.0,566400,0.0,0.0
2023-04-17 10:00:00+09:00,653.0,653.0,651.0,651.0,132400,0.0,0.0
2023-04-17 11:00:00+09:00,652.0,652.0,651.0,651.0,0,0.0,0.0
2023-04-17 12:00:00+09:00,651.0,653.0,650.0,652.0,985300,0.0,0.0
2023-04-17 13:00:00+09:00,653.0,654.0,652.0,654.0,127700,0.0,0.0
2023-04-17 14:00:00+09:00,653.0,657.0,653.0,656.0,544100,0.0,0.0
2023-04-18 09:00:00+09:00,659.0,661.0,654.0,659.0,1225200,0.0,0.0
2023-04-18 10:00:00+09:00,660.0,662.0,659.0,661.0,397400,0.0,0.0
2023-04-18 11:00:00+09:00,661.0,662.0,661.0,661.0,0,0.0,0.0
2023-04-18 12:00:00+09:00,663.0,663.0,660.0,661.0,1921700,0.0,0.0
2023-04-18 13:00:00+09:00,661.0,662.0,659.0,660.0,262500,0.0,0.0
2023-04-18 14:00:00+09:00,660.0,661.0,659.0,660.0,298000,0.0,0.0
2023-04-19 09:00:00+09:00,664.0,664.0,655.0,656.0,798500,0.0,0.0
2023-04-19 10:00:00+09:00,657.0,657.0,654.0,655.0,161400,0.0,0.0
2023-04-19 11:00:00+09:00,655.0,657.0,655.0,657.0,0,0.0,0.0
2023-04-19 12:00:00+09:00,656.0,657.0,656.0,657.0,1208300,0.0,0.0
2023-04-19 13:00:00+09:00,656.0,656.0,655.0,656.0,130600,0.0,0.0
2023-04-19 14:00:00+09:00,655.0,657.0,655.0,657.0,240400,0.0,0.0
2023-04-20 09:00:00+09:00,654.0,656.0,652.0,655.0,659100,0.0,0.0
2023-04-20 10:00:00+09:00,656.0,658.0,655.0,658.0,121000,0.0,0.0
2023-04-20 11:00:00+09:00,658.0,658.0,656.0,657.0,0,0.0,0.0
2023-04-20 12:00:00+09:00,656.0,658.0,655.0,658.0,985700,0.0,0.0
2023-04-20 13:00:00+09:00,658.0,659.0,657.0,658.0,175800,0.0,0.0
2023-04-20 14:00:00+09:00,658.0,659.0,657.0,657.0,411700,0.0,0.0
2023-04-21 09:00:00+09:00,655.0,655.0,651.0,653.0,747300,0.0,0.0
2023-04-21 10:00:00+09:00,653.0,653.0,649.0,653.0,636800,0.0,0.0
2023-04-21 11:00:00+09:00,654.0,655.0,653.0,654.0,0,0.0,0.0
2023-04-21 12:00:00+09:00,655.0,657.0,654.0,657.0,1678000,0.0,0.0
2023-04-21 13:00:00+09:00,657.0,657.0,654.0,655.0,157900,0.0,0.0
2023-04-21 14:00:00+09:00,656.0,657.0,655.0,657.0,401400,0.0,0.0
2023-04-24 09:00:00+09:00,659.0,659.0,653.0,656.0,368800,0.0,0.0
2023-04-24 10:00:00+09:00,656.0,658.0,656.0,658.0,370300,0.0,0.0
2023-04-24 11:00:00+09:00,657.0,660.0,657.0,660.0,0,0.0,0.0
2023-04-24 12:00:00+09:00,658.0,659.0,655.0,655.0,1009700,0.0,0.0
2023-04-24 13:00:00+09:00,655.0,656.0,653.0,653.0,257400,0.0,0.0
2023-04-24 14:00:00+09:00,653.0,656.0,652.0,654.0,585100,0.0,0.0
2023-04-25 09:00:00+09:00,654.0,659.0,652.0,659.0,987600,0.0,0.0
2023-04-25 10:00:00+09:00,659.0,663.0,658.0,663.0,375700,0.0,0.0
2023-04-25 11:00:00+09:00,662.0,663.0,661.0,662.0,0,0.0,0.0
2023-04-25 12:00:00+09:00,662.0,663.0,661.0,662.0,1659100,0.0,0.0
2023-04-25 13:00:00+09:00,661.0,663.0,661.0,662.0,256100,0.0,0.0
2023-04-25 14:00:00+09:00,662.0,663.0,661.0,663.0,411800,0.0,0.0
2023-04-26 09:00:00+09:00,659.0,659.0,654.0,657.0,829700,0.0,0.0
2023-04-26 10:00:00+09:00,657.0,658.0,656.0,657.0,398000,0.0,0.0
2023-04-26 11:00:00+09:00,657.0,658.0,656.0,657.0,0,0.0,0.0
2023-04-26 12:00:00+09:00,657.0,658.0,655.0,655.0,1463500,0.0,0.0
2023-04-26 13:00:00+09:00,655.0,657.0,655.0,656.0,176200,0.0,0.0
2023-04-26 14:00:00+09:00,656.0,659.0,656.0,658.0,632000,0.0,0.0
2023-04-27 09:00:00+09:00,652.0,655.0,652.0,655.0,450400,0.0,0.0
2023-04-27 10:00:00+09:00,654.0,657.0,654.0,656.0,184500,0.0,0.0
2023-04-27 11:00:00+09:00,656.0,658.0,656.0,657.0,0,0.0,0.0
2023-04-27 12:00:00+09:00,659.0,659.0,656.0,657.0,857000,0.0,0.0
2023-04-27 13:00:00+09:00,658.0,661.0,658.0,661.0,206100,0.0,0.0
2023-04-27 14:00:00+09:00,661.0,662.0,660.0,661.0,332800,0.0,0.0
2023-04-28 09:00:00+09:00,671.0,674.0,669.0,673.0,735400,0.0,0.0
2023-04-28 10:00:00+09:00,673.0,674.0,670.0,671.0,479800,0.0,0.0
2023-04-28 11:00:00+09:00,671.0,671.0,666.0,666.0,0,0.0,0.0
2023-04-28 12:00:00+09:00,666.0,667.0,664.0,664.0,1474000,0.0,0.0
2023-04-28 13:00:00+09:00,664.0,687.0,664.0,686.0,1600800,0.0,0.0
2023-04-28 14:00:00+09:00,687.0,688.0,684.0,686.0,1098300,0.0,0.0
2023-05-01 09:00:00+09:00,687.0,689.0,673.0,677.0,1022500,0.0,0.0
2023-05-01 10:00:00+09:00,676.0,679.0,674.0,677.0,293400,0.0,0.0
2023-05-01 11:00:00+09:00,677.0,677.0,675.0,676.0,0,0.0,0.0
2023-05-01 12:00:00+09:00,678.0,678.0,675.0,676.0,1807700,0.0,0.0
2023-05-01 13:00:00+09:00,676.0,680.0,675.0,680.0,387200,0.0,0.0
2023-05-01 14:00:00+09:00,680.0,682.0,679.0,682.0,559400,0.0,0.0
2023-05-02 09:00:00+09:00,682.0,682.0,669.0,670.0,608500,0.0,0.0
2023-05-02 10:00:00+09:00,670.0,670.0,667.0,668.0,383600,0.0,0.0
2023-05-02 11:00:00+09:00,668.0,668.0,666.0,667.0,0,0.0,0.0
2023-05-02 12:00:00+09:00,670.0,670.0,665.0,667.0,1440000,0.0,0.0
2023-05-02 13:00:00+09:00,667.0,669.0,666.0,668.0,208500,0.0,0.0
2023-05-02 14:00:00+09:00,667.0,669.0,666.0,667.0,475300,0.0,0.0
2023-05-08 09:00:00+09:00,667.0,675.0,664.0,672.0,1142100,0.0,0.0
2023-05-08 10:00:00+09:00,672.0,678.0,672.0,675.0,460800,0.0,0.0
2023-05-08 11:00:00+09:00,675.0,675.0,673.0,675.0,0,0.0,0.0
2023-05-08 12:00:00+09:00,674.0,678.0,674.0,676.0,1935600,0.0,0.0
2023-05-08 13:00:00+09:00,676.0,677.0,675.0,675.0,275700,0.0,0.0
2023-05-08 14:00:00+09:00,675.0,676.0,674.0,676.0,496300,0.0,0.0
2023-05-09 09:00:00+09:00,676.0,676.0,672.0,674.0,667600,0.0,0.0
2023-05-09 10:00:00+09:00,674.0,678.0,674.0,677.0,529100,0.0,0.0
2023-05-09 11:00:00+09:00,676.0,679.0,676.0,677.0,0,0.0,0.0
2023-05-09 12:00:00+09:00,677.0,679.0,676.0,679.0,1489400,0.0,0.0
2023-05-09 13:00:00+09:00,678.0,680.0,677.0,677.0,276100,0.0,0.0
2023-05-09 14:00:00+09:00,677.0,678.0,675.0,677.0,443800,0.0,0.0
2023-05-10 09:00:00+09:00,682.0,683.0,675.0,678.0,667000,0.0,0.0
2023-05-10 10:00:00+09:00,679.0,679.0,676.0,676.0,278000,0.0,0.0
2023-05-10 11:00:00+09:00,676.0,678.0,675.0,678.0,0,0.0,0.0
2023-05-10 12:00:00+09:00,680.0,680.0,678.0,679.0,1249600,0.0,0.0
2023-05-10 13:00:00+09:00,678.0,679.0,676.0,678.0,278000,0.0,0.0
2023-05-10 14:00:00+09:00,678.0,680.0,676.0,678.0,380400,0.0,0.0
2023-05-11 09:00:00+09:00,723.0,733.0,718.0,729.0,4755600,0.0,0.0
2023-05-11 10:00:00+09:00,729.0,739.0,726.0,727.0,1873400,0.0,0.0
2023-05-11 11:00:00+09:00,727.0,730.0,724.0,730.0,0,0.0,0.0
2023-05-11 12:00:00+09:00,729.0,733.0,725.0,728.0,7908100,0.0,0.0
2023-05-11 13:00:00+09:00,728.0,729.0,723.0,723.0,854500,0.0,0.0
2023-05-11 14:00:00+09:00,723.0,728.0,722.0,726.0,1563600,0.0,0.0
2023-05-12 09:00:00+09:00,731.0,741.0,728.0,738.0,2085300,0.0,0.0
2023-05-12 10:00:00+09:00,738.0,743.0,737.0,743.0,744900,0.0,0.0
2023-05-12 11:00:00+09:00,743.0,748.0,742.0,745.0,0,0.0,0.0
2023-05-12 12:00:00+09:00,747.0,747.0,742.0,742.0,4025100,0.0,0.0
2023-05-12 13:00:00+09:00,742.0,747.0,741.0,745.0,768100,0.0,0.0
2023-05-12 14:00:00+09:00,745.0,749.0,744.0,748.0,1088400,0.0,0.0
2023-05-15 09:00:00+09:00,750.0,753.0,746.0,749.0,0,0.0,0.0
2023-05-15 10:00:00+09:00,749.0,752.0,748.0,751.0,537100,0.0,0.0
2023-05-15 11:00:00+09:00,751.0,752.0,750.0,751.0,0,0.0,0.0
2023-05-15 12:00:00+09:00,752.0,754.0,751.0,752.0,2434600,0.0,0.0
2023-05-15 13:00:00+09:00,752.0,754.0,751.0,753.0,456000,0.0,0.0
2023-05-15 14:00:00+09:00,754.0,755.0,752.0,755.0,840300,0.0,0.0
2023-05-16 09:00:00+09:00,755.0,755.0,738.0,739.0,1156500,0.0,0.0
2023-05-16 10:00:00+09:00,740.0,743.0,738.0,742.0,769700,0.0,0.0
2023-05-16 11:00:00+09:00,741.0,742.0,740.0,742.0,0,0.0,0.0
2023-05-16 12:00:00+09:00,743.0,744.0,737.0,739.0,2658900,0.0,0.0
2023-05-16 13:00:00+09:00,738.0,742.0,738.0,739.0,460800,0.0,0.0
2023-05-16 14:00:00+09:00,739.0,744.0,737.0,743.0,1065600,0.0,0.0
2023-05-17 09:00:00+09:00,744.0,744.0,734.0,741.0,989500,0.0,0.0
2023-05-17 10:00:00+09:00,741.0,747.0,741.0,745.0,589400,0.0,0.0
2023-05-17 11:00:00+09:00,745.0,746.0,743.0,745.0,0,0.0,0.0
2023-05-17 12:00:00+09:00,744.0,746.0,742.0,744.0,1939300,0.0,0.0
2023-05-17 13:00:00+09:00,744.0,745.0,742.0,742.0,299900,0.0,0.0
2023-05-17 14:00:00+09:00,743.0,745.0,741.0,743.0,606300,0.0,0.0
2023-05-18 09:00:00+09:00,748.0,748.0,741.0,742.0,0,0.0,0.0
2023-05-18 10:00:00+09:00,742.0,742.0,738.0,740.0,338900,0.0,0.0
2023-05-18 11:00:00+09:00,740.0,740.0,736.0,739.0,0,0.0,0.0
2023-05-18 12:00:00+09:00,740.0,743.0,740.0,742.0,1886700,0.0,0.0
2023-05-18 13:00:00+09:00,742.0,743.0,740.0,743.0,284300,0.0,0.0
2023-05-18 14:00:00+09:00,743.0,744.0,739.0,740.0,528500,0.0,0.0
2023-05-19 09:00:00+09:00,742.0,743.0,735.0,738.0,0,0.0,0.0
2023-05-19 10:00:00+09:00,738.0,743.0,738.0,740.0,530700,0.0,0.0
2023-05-19 11:00:00+09:00,740.0,742.0,739.0,740.0,0,0.0,0.0
2023-05-19 12:00:00+09:00,741.0,742.0,738.0,738.0,1577300,0.0,0.0
2023-05-19 13:00:00+09:00,738.0,740.0,737.0,737.0,190000,0.0,0.0
2023-05-19 14:00:00+09:00,737.0,739.0,736.0,738.0,512500,0.0,0.0
2023-05-22 09:00:00+09:00,737.0,754.0,737.0,754.0,1218100,0.0,0.0
2023-05-22 10:00:00+09:00,753.0,756.0,751.0,755.0,656600,0.0,0.0
2023-05-22 11:00:00+09:00,755.0,756.0,754.0,755.0,0,0.0,0.0
2023-05-22 12:00:00+09:00,755.0,755.0,750.0,751.0,2273100,0.0,0.0
2023-05-22 13:00:00+09:00,751.0,754.0,750.0,752.0,452400,0.0,0.0
2023-05-22 14:00:00+09:00,753.0,755.0,751.0,754.0,700700,0.0,0.0
2023-05-23 09:00:00+09:00,756.0,763.0,754.0,759.0,1005900,0.0,0.0
2023-05-23 10:00:00+09:00,758.0,760.0,757.0,759.0,314200,0.0,0.0
2023-05-23 11:00:00+09:00,758.0,759.0,757.0,759.0,0,0.0,0.0
2023-05-23 12:00:00+09:00,759.0,759.0,749.0,751.0,2064700,0.0,0.0
2023-05-23 13:00:00+09:00,751.0,751.0,745.0,747.0,451800,0.0,0.0
2023-05-23 14:00:00+09:00,747.0,751.0,747.0,749.0,568000,0.0,0.0
2023-05-24 09:00:00+09:00,754.0,757.0,747.0,755.0,865300,0.0,0.0
2023-05-24 10:00:00+09:00,754.0,756.0,748.0,749.0,371800,0.0,0.0
2023-05-24 11:00:00+09:00,750.0,750.0,748.0,749.0,0,0.0,0.0
2023-05-24 12:00:00+09:00,748.0,750.0,746.0,748.0,1611500,0.0,0.0
2023-05-24 13:00:00+09:00,748.0,750.0,748.0,749.0,235200,0.0,0.0
2023-05-24 14:00:00+09:00,749.0,749.0,744.0,744.0,425600,0.0,0.0
2023-05-25 09:00:00+09:00,740.0,742.0,735.0,740.0,898900,0.0,0.0
2023-05-25 10:00:00+09:00,739.0,740.0,736.0,739.0,317200,0.0,0.0
2023-05-25 11:00:00+09:00,738.0,740.0,737.0,740.0,0,0.0,0.0
2023-05-25 12:00:00+09:00,740.0,742.0,738.0,740.0,1610700,0.0,0.0
2023-05-25 13:00:00+09:00,740.0,741.0,737.0,737.0,256100,0.0,0.0
2023-05-25 14:00:00+09:00,737.0,742.0,737.0,740.0,460400,0.0,0.0
2023-05-26 09:00:00+09:00,740.0,744.0,739.0,742.0,537400,0.0,0.0
2023-05-26 10:00:00+09:00,743.0,745.0,741.0,743.0,287500,0.0,0.0
2023-05-26 11:00:00+09:00,742.0,743.0,741.0,743.0,0,0.0,0.0
2023-05-26 12:00:00+09:00,742.0,745.0,740.0,740.0,1147800,0.0,0.0
2023-05-26 13:00:00+09:00,740.0,740.0,737.0,738.0,237100,0.0,0.0
2023-05-26 14:00:00+09:00,738.0,740.0,737.0,739.0,362300,0.0,0.0
2023-05-29 09:00:00+09:00,745.0,755.0,744.0,754.0,727600,0.0,0.0
2023-05-29 10:00:00+09:00,754.0,754.0,752.0,753.0,324000,0.0,0.0
2023-05-29 11:00:00+09:00,753.0,755.0,753.0,754.0,0,0.0,0.0
2023-05-29 12:00:00+09:00,754.0,755.0,751.0,753.0,1432200,0.0,0.0
2023-05-29 13:00:00+09:00,753.0,754.0,751.0,754.0,142400,0.0,0.0
2023-05-29 14:00:00+09:00,754.0,754.0,748.0,749.0,425200,0.0,0.0
2023-05-30 09:00:00+09:00,749.0,752.0,744.0,749.0,916700,0.0,0.0
2023-05-30 10:00:00+09:00,749.0,752.0,747.0,748.0,469700,0.0,0.0
2023-05-30 11:00:00+09:00,748.0,751.0,748.0,750.0,0,0.0,0.0
2023-05-30 12:00:00+09:00,750.0,753.0,749.0,752.0,1693700,0.0,0.0
2023-05-30 13:00:00+09:00,752.0,754.0,751.0,753.0,235200,0.0,0.0
2023-05-30 14:00:00+09:00,753.0,757.0,753.0,757.0,677200,0.0,0.0
2023-05-31 09:00:00+09:00,752.0,756.0,745.0,748.0,0,0.0,0.0
2023-05-31 10:00:00+09:00,748.0,754.0,747.0,752.0,475800,0.0,0.0
2023-05-31 11:00:00+09:00,753.0,753.0,750.0,751.0,0,0.0,0.0
2023-05-31 12:00:00+09:00,749.0,751.0,748.0,748.0,2216300,0.0,0.0
2023-05-31 13:00:00+09:00,748.0,750.0,746.0,750.0,288000,0.0,0.0
2023-05-31 14:00:00+09:00,750.0,750.0,745.0,745.0,642700,0.0,0.0
2023-06-01 09:00:00+09:00,751.0,762.0,748.0,758.0,1381700,0.0,0.0
2023-06-01 10:00:00+09:00,758.0,763.0,753.0,755.0,766400,0.0,0.0
2023-06-01 11:00:00+09:00,755.0,757.0,755.0,757.0,0,0.0,0.0
2023-06-01 12:00:00+09:00,759.0,760.0,757.0,759.0,2634800,0.0,0.0
2023-06-01 13:00:00+09:00,760.0,760.0,758.0,760.0,285100,0.0,0.0
2023-06-01 14:00:00+09:00,760.0,761.0,758.0,759.0,486200,0.0,0.0
2023-06-02 09:00:00+09:00,758.0,769.0,757.0,769.0,831700,0.0,0.0
2023-06-02 10:00:00+09:00,768.0,769.0,765.0,767.0,272600,0.0,0.0
2023-06-02 11:00:00+09:00,766.0,768.0,766.0,768.0,0,0.0,0.0
2023-06-02 12:00:00+09:00,768.0,775.0,768.0,774.0,1682400,0.0,0.0
2023-06-02 13:00:00+09:00,773.0,775.0,772.0,774.0,381200,0.0,0.0
2023-06-02 14:00:00+09:00,774.0,776.0,773.0,776.0,433400,0.0,0.0
2023-06-05 09:00:00+09:00,791.0,791.4000244140625,783.0,785.2999877929688,0,0.0,0.0
2023-06-05 10:00:00+09:00,785.2999877929688,787.0,783.7999877929688,785.5999755859375,481600,0.0,0.0
2023-06-05 11:00:00+09:00,785.5999755859375,786.0,783.5,785.7999877929688,0,0.0,0.0
2023-06-05 12:00:00+09:00,787.4000244140625,787.4000244140625,780.0,785.0,2236200,0.0,0.0
2023-06-05 13:00:00+09:00,785.0,788.2999877929688,784.7999877929688,787.0999755859375,497700,0.0,0.0
2023-06-05 14:00:00+09:00,787.0999755859375,787.2999877929688,785.2999877929688,785.9000244140625,604500,0.0,0.0
2023-06-06 09:00:00+09:00,780.9000244140625,790.7000122070312,777.7000122070312,789.9000244140625,684200,0.0,0.0
2023-06-06 10:00:00+09:00,789.7000122070312,793.4000244140625,789.2000122070312,791.0999755859375,387600,0.0,0.0
2023-06-06 11:00:00+09:00,791.2000122070312,793.0999755859375,791.0,791.7999877929688,0,0.0,0.0
2023-06-06 12:00:00+09:00,791.4000244140625,796.5999755859375,791.2000122070312,796.0,1653500,0.0,0.0
2023-06-06 13:00:00+09:00,796.0,798.9000244140625,795.2999877929688,797.2000122070312,510300,0.0,0.0
2023-06-06 14:00:00+09:00,797.0,799.0,795.7999877929688,798.5,459200,0.0,0.0
2023-06-07 09:00:00+09:00,805.0,811.2000122070312,802.2999877929688,802.9000244140625,1486100,0.0,0.0
2023-06-07 10:00:00+09:00,803.0999755859375,804.2000122070312,796.0999755859375,797.7999877929688,1163700,0.0,0.0
2023-06-07 11:00:00+09:00,797.7000122070312,798.7000122070312,794.4000244140625,796.7999877929688,0,0.0,0.0
2023-06-07 12:00:00+09:00,796.0,798.9000244140625,793.5999755859375,797.7000122070312,3764400,0.0,0.0
2023-06-07 13:00:00+09:00,797.5999755859375,798.2999877929688,788.9000244140625,796.2000122070312,1187800,0.0,0.0
2023-06-07 14:00:00+09:00,796.4000244140625,798.7000122070312,792.2000122070312,792.7000122070312,767500,0.0,0.0
2023-06-08 09:00:00+09:00,791.0,793.4000244140625,781.0999755859375,787.4000244140625,1288500,0.0,0.0
2023-06-08 10:00:00+09:00,787.5999755859375,789.5999755859375,786.2000122070312,789.0,331200,0.0,0.0
2023-06-08 11:00:00+09:00,789.2999877929688,789.4000244140625,788.0,788.4000244140625,0,0.0,0.0
2023-06-08 12:00:00+09:00,788.0,788.0,779.4000244140625,781.5,2251700,0.0,0.0
2023-06-08 13:00:00+09:00,781.5,782.0,774.0,774.2999877929688,637100,0.0,0.0
2023-06-08 14:00:00+09:00,774.2000122070312,780.2999877929688,771.5999755859375,779.2999877929688,782200,0.0,0.0
2023-06-09 09:00:00+09:00,778.5999755859375,785.0,775.0,784.2000122070312,1463600,0.0,0.0
2023-06-09 10:00:00+09:00,784.4000244140625,785.5,781.0999755859375,784.7000122070312,315600,0.0,0.0
2023-06-09 11:00:00+09:00,784.5,786.0,782.9000244140625,786.0,0,0.0,0.0
2023-06-09 12:00:00+09:00,786.0,788.0,785.4000244140625,787.7000122070312,2165400,0.0,0.0
2023-06-09 13:00:00+09:00,787.7000122070312,789.0,786.0999755859375,788.0999755859375,351200,0.0,0.0
2023-06-09 14:00:00+09:00,788.2000122070312,799.0999755859375,788.0999755859375,797.7999877929688,1210800,0.0,0.0
2023-06-12 09:00:00+09:00,798.2000122070312,807.5,796.5999755859375,807.2999877929688,1177700,0.0,0.0
2023-06-12 10:00:00+09:00,807.5,808.0999755859375,805.2000122070312,805.7999877929688,588200,0.0,0.0
2023-06-12 11:00:00+09:00,805.7000122070312,809.2999877929688,805.0,805.9000244140625,0,0.0,0.0
2023-06-12 12:00:00+09:00,806.0,806.0,800.0999755859375,802.2999877929688,2592600,0.0,0.0
2023-06-12 13:00:00+09:00,802.5,803.2000122070312,800.0999755859375,801.2999877929688,752000,0.0,0.0
2023-06-12 14:00:00+09:00,801.4000244140625,802.2000122070312,799.0,799.0999755859375,670600,0.0,0.0
2023-06-13 09:00:00+09:00,801.5,804.2000122070312,798.2000122070312,800.7000122070312,890800,0.0,0.0
2023-06-13 10:00:00+09:00,800.7000122070312,806.7999877929688,800.5999755859375,806.4000244140625,466700,0.0,0.0
2023-06-13 11:00:00+09:00,806.4000244140625,806.7000122070312,804.2999877929688,806.7000122070312,0,0.0,0.0
2023-06-13 12:00:00+09:00,807.0,817.0,806.5999755859375,812.7000122070312,2617500,0.0,0.0
2023-06-13 13:00:00+09:00,812.7000122070312,812.9000244140625,804.9000244140625,807.0999755859375,560000,0.0,0.0
2023-06-13 14:00:00+09:00,807.0999755859375,807.7999877929688,803.7000122070312,805.0,845100,0.0,0.0
2023-06-14 09:00:00+09:00,815.0,822.5999755859375,814.0999755859375,820.5,1056000,0.0,0.0
2023-06-14 10:00:00+09:00,820.7000122070312,821.7000122070312,817.5999755859375,819.0,349900,0.0,0.0
2023-06-14 11:00:00+09:00,819.0999755859375,819.5999755859375,816.0,817.0999755859375,0,0.0,0.0
2023-06-14 12:00:00+09:00,817.7999877929688,827.7999877929688,817.5,825.5,2236000,0.0,0.0
2023-06-14 13:00:00+09:00,825.7000122070312,827.2999877929688,822.4000244140625,824.7000122070312,493600,0.0,0.0
2023-06-14 14:00:00+09:00,824.5999755859375,825.5999755859375,820.0,820.7000122070312,672300,0.0,0.0
2023-06-15 09:00:00+09:00,829.9000244140625,843.7999877929688,826.2000122070312,842.4000244140625,1773000,0.0,0.0
2023-06-15 10:00:00+09:00,842.5,844.0,837.5,843.4000244140625,1184300,0.0,0.0
2023-06-15 11:00:00+09:00,843.5,845.7999877929688,842.2000122070312,845.2999877929688,0,0.0,0.0
2023-06-15 12:00:00+09:00,846.9000244140625,851.4000244140625,844.4000244140625,849.7999877929688,4551100,0.0,0.0
2023-06-15 13:00:00+09:00,849.9000244140625,851.0,847.0999755859375,849.2999877929688,812900,0.0,0.0
2023-06-15 14:00:00+09:00,849.2000122070312,849.5,843.2999877929688,844.7999877929688,1100300,0.0,0.0
2023-06-16 09:00:00+09:00,840.7999877929688,842.2000122070312,831.7000122070312,839.5,1604800,0.0,0.0
2023-06-16 10:00:00+09:00,839.7999877929688,840.5999755859375,836.0,836.7999877929688,850500,0.0,0.0
2023-06-16 11:00:00+09:00,836.7999877929688,839.7999877929688,836.7999877929688,839.7000122070312,0,0.0,0.0
2023-06-16 12:00:00+09:00,844.5,850.7000122070312,840.0999755859375,850.4000244140625,3655600,0.0,0.0
2023-06-16 13:00:00+09:00,850.5,853.5999755859375,848.5999755859375,852.7000122070312,1197100,0.0,0.0
2023-06-16 14:00:00+09:00,852.9000244140625,860.7999877929688,852.4000244140625,860.7000122070312,1714500,0.0,0.0
2023-06-19 09:00:00+09:00,868.9000244140625,870.0,858.2999877929688,865.2999877929688,1383400,0.0,0.0
2023-06-19 10:00:00+09:00,865.2000122070312,867.2000122070312,861.7999877929688,863.2000122070312,557100,0.0,0.0
2023-06-19 11:00:00+09:00,863.2999877929688,867.7000122070312,863.2000122070312,867.7000122070312,0,0.0,0.0
2023-06-19 12:00:00+09:00,867.5999755859375,867.5999755859375,859.0,859.9000244140625,2896400,0.0,0.0
2023-06-19 13:00:00+09:00,859.7999877929688,863.0,858.0999755859375,860.2000122070312,513300,0.0,0.0
2023-06-19 14:00:00+09:00,860.2999877929688,862.7999877929688,857.7000122070312,862.5999755859375,651300,0.0,0.0
2023-06-20 09:00:00+09:00,863.2000122070312,865.2999877929688,857.0,860.4000244140625,1134300,0.0,0.0
2023-06-20 10:00:00+09:00,860.5,865.9000244140625,858.5999755859375,861.0999755859375,835500,0.0,0.0
2023-06-20 11:00:00+09:00,860.9000244140625,866.0,860.5999755859375,864.2000122070312,0,0.0,0.0
2023-06-20 12:00:00+09:00,861.9000244140625,864.5,857.9000244140625,860.7000122070312,2754600,0.0,0.0
2023-06-20 13:00:00+09:00,860.7999877929688,862.4000244140625,859.0,862.0999755859375,473100,0.0,0.0
2023-06-20 14:00:00+09:00,862.0,863.2000122070312,858.5,862.0,650500,0.0,0.0
2023-06-21 09:00:00+09:00,857.5999755859375,863.0999755859375,854.0,859.9000244140625,1180400,0.0,0.0
2023-06-21 10:00:00+09:00,860.2000122070312,865.2000122070312,858.5,864.7000122070312,628400,0.0,0.0
2023-06-21 11:00:00+09:00,864.7999877929688,868.5999755859375,864.4000244140625,868.2000122070312,0,0.0,0.0
2023-06-21 12:00:00+09:00,866.5,867.2999877929688,862.2999877929688,866.5999755859375,2311000,0.0,0.0
2023-06-21 13:00:00+09:00,866.5999755859375,871.9000244140625,866.2999877929688,871.7999877929688,520300,0.0,0.0
2023-06-21 14:00:00+09:00,871.7999877929688,872.7999877929688,869.0999755859375,872.0,561100,0.0,0.0
2023-06-22 09:00:00+09:00,873.9000244140625,885.5999755859375,871.7000122070312,875.2999877929688,1201500,0.0,0.0
2023-06-22 10:00:00+09:00,875.5999755859375,877.9000244140625,871.2999877929688,871.5999755859375,498300,0.0,0.0
2023-06-22 11:00:00+09:00,871.7999877929688,873.2000122070312,870.0999755859375,872.7999877929688,0,0.0,0.0
2023-06-22 12:00:00+09:00,873.0,875.7000122070312,870.7000122070312,875.7000122070312,2335600,0.0,0.0
2023-06-22 13:00:00+09:00,875.5,876.7000122070312,870.7000122070312,876.5,616700,0.0,0.0
2023-06-22 14:00:00+09:00,876.5,876.9000244140625,872.7000122070312,874.7000122070312,745000,0.0,0.0
2023-06-23 09:00:00+09:00,875.0,877.9000244140625,858.2000122070312,859.7999877929688,1552400,0.0,0.0
2023-06-23 10:00:00+09:00,860.0,863.7000122070312,848.0,854.5999755859375,847300,0.0,0.0
2023-06-23 11:00:00+09:00,854.4000244140625,856.2999877929688,851.0,851.2999877929688,0,0.0,0.0
2023-06-23 12:00:00+09:00,849.7000122070312,850.5,842.7000122070312,845.7000122070312,3198500,0.0,0.0
2023-06-23 13:00:00+09:00,845.7999877929688,848.2000122070312,841.2999877929688,842.7000122070312,512000,0.0,0.0
2023-06-23 14:00:00+09:00,842.7000122070312,848.9000244140625,842.0999755859375,847.5,614300,0.0,0.0
2023-06-26 09:00:00+09:00,849.0,852.0,830.9000244140625,837.9000244140625,0,0.0,0.0
2023-06-26 10:00:00+09:00,837.9000244140625,842.2999877929688,836.5,839.0999755859375,515100,0.0,0.0
2023-06-26 11:00:00+09:00,839.0,843.2000122070312,838.7000122070312,842.4000244140625,0,0.0,0.0
2023-06-26 12:00:00+09:00,840.9000244140625,841.2000122070312,834.5,838.5,2027800,0.0,0.0
2023-06-26 13:00:00+09:00,838.2000122070312,840.4000244140625,836.5999755859375,837.7000122070312,360700,0.0,0.0
2023-06-26 14:00:00+09:00,837.7999877929688,841.0999755859375,837.2000122070312,837.2000122070312,817300,0.0,0.0
2023-06-27 09:00:00+09:00,833.7999877929688,834.9000244140625,820.0999755859375,820.7999877929688,1248800,0.0,0.0
2023-06-27 10:00:00+09:00,820.9000244140625,824.7000122070312,816.5,824.7000122070312,645900,0.0,0.0
2023-06-27 11:00:00+09:00,824.7000122070312,825.4000244140625,823.0999755859375,825.2999877929688,0,0.0,0.0
2023-06-27 12:00:00+09:00,823.2999877929688,824.2000122070312,820.2000122070312,821.0999755859375,2454500,0.0,0.0
2023-06-27 13:00:00+09:00,821.0999755859375,827.2000122070312,821.0999755859375,825.4000244140625,503000,0.0,0.0
2023-06-27 14:00:00+09:00,825.2000122070312,826.7999877929688,823.4000244140625,825.2999877929688,785700,0.0,0.0
2023-06-28 09:00:00+09:00,829.0999755859375,835.5999755859375,825.5999755859375,833.4000244140625,778300,0.0,0.0
2023-06-28 10:00:00+09:00,833.5,834.7999877929688,829.4000244140625,831.2000122070312,382700,0.0,0.0
2023-06-28 11:00:00+09:00,831.2000122070312,834.0999755859375,830.7000122070312,833.9000244140625,0,0.0,0.0
2023-06-28 12:00:00+09:00,836.0,838.4000244140625,832.4000244140625,834.2000122070312,1760900,0.0,0.0
2023-06-28 13:00:00+09:00,834.2999877929688,835.0,830.2999877929688,831.5999755859375,407800,0.0,0.0
2023-06-28 14:00:00+09:00,831.5,836.2999877929688,830.9000244140625,836.2999877929688,468700,0.0,0.0
2023-06-29 09:00:00+09:00,836.0,845.7000122070312,833.7000122070312,843.0,603700,0.0,0.0
2023-06-29 10:00:00+09:00,842.7000122070312,843.2000122070312,838.2999877929688,838.5999755859375,356400,0.0,0.0
2023-06-29 11:00:00+09:00,838.7000122070312,839.5,833.0,835.0999755859375,0,0.0,0.0
2023-06-29 12:00:00+09:00,834.2999877929688,836.4000244140625,830.0999755859375,833.7000122070312,1518400,0.0,0.0
2023-06-29 13:00:00+09:00,833.2000122070312,833.5999755859375,826.5,830.0,624000,0.0,0.0
2023-06-29 14:00:00+09:00,830.0,831.5,825.2999877929688,828.0999755859375,635700,0.0,0.0
2023-06-30 09:00:00+09:00,818.0999755859375,822.7999877929688,813.5999755859375,813.7999877929688,869400,0.0,0.0
2023-06-30 10:00:00+09:00,813.7999877929688,817.9000244140625,813.5999755859375,815.0,644900,0.0,0.0
2023-06-30 11:00:00+09:00,814.9000244140625,816.0,813.0999755859375,814.9000244140625,0,0.0,0.0
2023-06-30 12:00:00+09:00,814.5,821.0,814.0,817.5,2310800,0.0,0.0
2023-06-30 13:00:00+09:00,817.7000122070312,819.7000122070312,816.7999877929688,818.0,526700,0.0,0.0
2023-06-30 14:00:00+09:00,818.2000122070312,822.9000244140625,817.9000244140625,822.7999877929688,873800,0.0,0.0
2023-07-03 09:00:00+09:00,827.0,830.4000244140625,824.0999755859375,825.7000122070312,0,0.0,0.0
2023-07-03 10:00:00+09:00,825.7000122070312,826.2000122070312,822.7000122070312,824.0,636200,0.0,0.0
2023-07-03 11:00:00+09:00,824.0,825.0999755859375,822.5999755859375,824.4000244140625,0,0.0,0.0
2023-07-03 12:00:00+09:00,824.4000244140625,828.4000244140625,824.2999877929688,827.2000122070312,2311200,0.0,0.0
2023-07-03 13:00:00+09:00,827.2999877929688,829.2000122070312,826.4000244140625,826.7999877929688,496400,0.0,0.0
2023-07-03 14:00:00+09:00,826.9000244140625,828.2999877929688,824.4000244140625,826.5,610800,0.0,0.0
2023-07-04 09:00:00+09:00,826.5,828.7000122070312,822.5999755859375,828.2000122070312,705800,0.0,0.0
2023-07-04 10:00:00+09:00,828.2000122070312,828.7000122070312,825.9000244140625,826.5999755859375,302600,0.0,0.0
2023-07-04 11:00:00+09:00,826.9000244140625,827.7999877929688,824.0999755859375,827.7999877929688,0,0.0,0.0
2023-07-04 12:00:00+09:00,826.0,827.7000122070312,825.5999755859375,827.0999755859375,1409400,0.0,0.0
2023-07-04 13:00:00+09:00,827.2000122070312,827.2999877929688,822.7000122070312,823.5,373500,0.0,0.0
2023-07-04 14:00:00+09:00,823.5999755859375,824.7999877929688,822.5,824.7999877929688,471200,0.0,0.0
2023-07-05 09:00:00+09:00,817.5,820.0,810.2000122070312,818.7999877929688,792100,0.0,0.0
2023-07-05 10:00:00+09:00,818.5999755859375,820.7999877929688,817.0,818.9000244140625,335300,0.0,0.0
2023-07-05 11:00:00+09:00,818.9000244140625,822.0999755859375,818.7000122070312,822.0999755859375,0,0.0,0.0
2023-07-05 12:00:00+09:00,821.7000122070312,825.2999877929688,821.4000244140625,824.4000244140625,1566900,0.0,0.0
2023-07-05 13:00:00+09:00,824.5999755859375,825.0,821.0999755859375,823.7999877929688,267500,0.0,0.0
2023-07-05 14:00:00+09:00,823.9000244140625,824.5999755859375,822.5999755859375,823.5999755859375,420900,0.0,0.0
2023-07-06 09:00:00+09:00,820.0999755859375,825.5999755859375,816.7999877929688,825.2000122070312,511300,0.0,0.0
2023-07-06 10:00:00+09:00,825.0999755859375,826.2999877929688,822.4000244140625,825.0999755859375,352800,0.0,0.0
2023-07-06 11:00:00+09:00,825.0999755859375,825.9000244140625,823.5999755859375,824.5,0,0.0,0.0
2023-07-06 12:00:00+09:00,820.0,823.0,819.0999755859375,819.7999877929688,1226000,0.0,0.0
2023-07-06 13:00:00+09:00,819.7999877929688,821.4000244140625,818.2000122070312,820.2999877929688,385300,0.0,0.0
2023-07-06 14:00:00+09:00,820.5999755859375,823.5999755859375,819.0,823.5,446100,0.0,0.0
2023-07-07 09:00:00+09:00,818.0999755859375,823.0,812.2000122070312,822.2999877929688,621200,0.0,0.0
2023-07-07 10:00:00+09:00,822.5,823.0,815.5999755859375,819.2999877929688,474300,0.0,0.0
2023-07-07 11:00:00+09:00,819.2999877929688,819.7000122070312,817.7000122070312,819.0999755859375,0,0.0,0.0
2023-07-07 12:00:00+09:00,821.2999877929688,824.2999877929688,820.7000122070312,823.9000244140625,1368900,0.0,0.0
2023-07-07 13:00:00+09:00,823.7999877929688,823.7999877929688,820.5,820.7999877929688,200400,0.0,0.0
2023-07-07 14:00:00+09:00,821.0999755859375,822.0999755859375,816.0999755859375,816.0999755859375,398800,0.0,0.0
2023-07-10 09:00:00+09:00,818.0999755859375,824.5,815.7999877929688,820.7000122070312,0,0.0,0.0
2023-07-10 10:00:00+09:00,821.0,821.7000122070312,815.0999755859375,816.0999755859375,245000,0.0,0.0
2023-07-10 11:00:00+09:00,816.2000122070312,819.0,815.9000244140625,818.5,0,0.0,0.0
2023-07-10 12:00:00+09:00,819.0,819.2000122070312,815.2999877929688,816.4000244140625,1117800,0.0,0.0
2023-07-10 13:00:00+09:00,816.2000122070312,823.5999755859375,815.7000122070312,823.4000244140625,350400,0.0,0.0
2023-07-10 14:00:00+09:00,823.2000122070312,824.7999877929688,817.5,819.7000122070312,555900,0.0,0.0
2023-07-11 09:00:00+09:00,824.7000122070312,827.7999877929688,823.2000122070312,826.0,514100,0.0,0.0
2023-07-11 10:00:00+09:00,825.7999877929688,825.7999877929688,822.4000244140625,823.0,231600,0.0,0.0
2023-07-11 11:00:00+09:00,822.9000244140625,822.9000244140625,821.0999755859375,821.5999755859375,0,0.0,0.0
2023-07-11 12:00:00+09:00,820.2999877929688,824.7999877929688,820.2000122070312,822.2999877929688,1036300,0.0,0.0
2023-07-11 13:00:00+09:00,822.2000122070312,822.2999877929688,819.0,819.5999755859375,292500,0.0,0.0
2023-07-11 14:00:00+09:00,819.5,820.0999755859375,815.0999755859375,816.7000122070312,451900,0.0,0.0
2023-07-12 09:00:00+09:00,821.0,821.2000122070312,797.2999877929688,803.9000244140625,1278400,0.0,0.0
2023-07-12 10:00:00+09:00,803.7999877929688,807.7999877929688,802.7000122070312,806.5,377800,0.0,0.0
2023-07-12 11:00:00+09:00,806.2999877929688,808.5,805.7999877929688,806.0,0,0.0,0.0
2023-07-12 12:00:00+09:00,805.0999755859375,810.0,803.7999877929688,805.2999877929688,2156200,0.0,0.0
2023-07-12 13:00:00+09:00,805.4000244140625,805.7999877929688,801.2000122070312,802.5,344900,0.0,0.0
2023-07-12 14:00:00+09:00,802.5,803.5,799.7999877929688,800.2999877929688,565500,0.0,0.0
2023-07-13 09:00:00+09:00,800.2000122070312,801.7000122070312,792.7000122070312,799.7999877929688,797100,0.0,0.0
2023-07-13 10:00:00+09:00,799.7000122070312,802.9000244140625,799.2000122070312,801.2999877929688,355500,0.0,0.0
2023-07-13 11:00:00+09:00,801.0999755859375,802.5999755859375,800.2999877929688,802.2000122070312,0,0.0,0.0
2023-07-13 12:00:00+09:00,803.0,804.5999755859375,799.7000122070312,802.0999755859375,1555300,0.0,0.0
2023-07-13 13:00:00+09:00,802.0,802.2999877929688,797.0999755859375,797.2999877929688,246800,0.0,0.0
2023-07-13 14:00:00+09:00,797.4000244140625,799.2000122070312,796.2000122070312,798.2999877929688,440000,0.0,0.0
2023-07-14 09:00:00+09:00,798.5999755859375,808.7999877929688,790.9000244140625,792.0,1044900,0.0,0.0
2023-07-14 10:00:00+09:00,792.0,793.4000244140625,789.2000122070312,792.5,408800,0.0,0.0
2023-07-14 11:00:00+09:00,792.4000244140625,793.0,790.7999877929688,792.5,0,0.0,0.0
2023-07-14 12:00:00+09:00,795.0,799.9000244140625,792.5,799.5,1800000,0.0,0.0
2023-07-14 13:00:00+09:00,799.5999755859375,803.2999877929688,796.7000122070312,797.5999755859375,410700,0.0,0.0
2023-07-14 14:00:00+09:00,797.5999755859375,799.0,796.2999877929688,797.2000122070312,353500,0.0,0.0
2023-07-18 09:00:00+09:00,795.7999877929688,795.7999877929688,791.0999755859375,791.0999755859375,715300,0.0,0.0
2023-07-18 10:00:00+09:00,791.0999755859375,791.5,785.7000122070312,787.0999755859375,604300,0.0,0.0
2023-07-18 11:00:00+09:00,787.0,787.4000244140625,785.0,785.5999755859375,0,0.0,0.0
2023-07-18 12:00:00+09:00,787.0,787.4000244140625,783.5,785.7000122070312,1871700,0.0,0.0
2023-07-18 13:00:00+09:00,785.5999755859375,788.0999755859375,783.7999877929688,785.5999755859375,411900,0.0,0.0
2023-07-18 14:00:00+09:00,785.5999755859375,785.5999755859375,782.2000122070312,782.4000244140625,839500,0.0,0.0
2023-07-19 09:00:00+09:00,790.2999877929688,796.7999877929688,788.0,795.2999877929688,1080500,0.0,0.0
2023-07-19 10:00:00+09:00,795.2999877929688,804.0,794.5,802.2999877929688,839200,0.0,0.0
2023-07-19 11:00:00+09:00,802.5,804.2999877929688,800.7000122070312,802.2999877929688,0,0.0,0.0
2023-07-19 12:00:00+09:00,800.7999877929688,801.0,795.4000244140625,799.0,2679100,0.0,0.0
2023-07-19 13:00:00+09:00,798.9000244140625,800.2000122070312,797.5,799.0999755859375,422200,0.0,0.0
2023-07-19 14:00:00+09:00,799.0999755859375,803.9000244140625,797.7999877929688,803.7999877929688,687300,0.0,0.0
2023-07-20 09:00:00+09:00,803.0999755859375,813.2000122070312,802.2000122070312,812.0999755859375,805400,0.0,0.0
2023-07-20 10:00:00+09:00,812.0999755859375,814.5999755859375,810.0999755859375,812.5999755859375,732700,0.0,0.0
2023-07-20 11:00:00+09:00,812.4000244140625,813.9000244140625,810.2999877929688,811.2000122070312,0,0.0,0.0
2023-07-20 12:00:00+09:00,811.5999755859375,813.2000122070312,810.2000122070312,810.2000122070312,2124500,0.0,0.0
2023-07-20 13:00:00+09:00,810.2999877929688,813.5,810.2000122070312,812.7000122070312,393000,0.0,0.0
2023-07-20 14:00:00+09:00,812.7000122070312,813.9000244140625,811.2000122070312,812.0,501400,0.0,0.0
2023-07-21 09:00:00+09:00,809.0,809.0,794.2999877929688,802.2000122070312,760100,0.0,0.0
2023-07-21 10:00:00+09:00,801.7999877929688,806.0999755859375,801.7999877929688,804.4000244140625,355500,0.0,0.0
2023-07-21 11:00:00+09:00,804.4000244140625,808.7999877929688,804.2999877929688,808.5,0,0.0,0.0
2023-07-21 12:00:00+09:00,808.0,809.0,805.2999877929688,806.5999755859375,1493800,0.0,0.0
2023-07-21 13:00:00+09:00,806.5,806.9000244140625,805.0,806.0999755859375,275400,0.0,0.0
2023-07-21 14:00:00+09:00,806.2000122070312,807.5,804.0999755859375,807.2999877929688,521600,0.0,0.0
2023-07-24 09:00:00+09:00,816.0,829.7000122070312,815.5999755859375,829.0,1201900,0.0,0.0
2023-07-24 10:00:00+09:00,829.0,829.9000244140625,826.0,826.9000244140625,625900,0.0,0.0
2023-07-24 11:00:00+09:00,826.7999877929688,828.0,825.2999877929688,826.5999755859375,0,0.0,0.0
2023-07-24 12:00:00+09:00,826.7999877929688,827.7000122070312,822.0,826.2000122070312,2579500,0.0,0.0
2023-07-24 13:00:00+09:00,825.9000244140625,826.5,822.9000244140625,824.4000244140625,386300,0.0,0.0
2023-07-24 14:00:00+09:00,824.7000122070312,825.5999755859375,819.7000122070312,821.5,604600,0.0,0.0
2023-07-25 09:00:00+09:00,821.0999755859375,826.2000122070312,818.0,825.4000244140625,628800,0.0,0.0
2023-07-25 10:00:00+09:00,825.7999877929688,827.7999877929688,821.5,827.0999755859375,507600,0.0,0.0
2023-07-25 11:00:00+09:00,827.0,827.7999877929688,825.2999877929688,826.5,0,0.0,0.0
2023-07-25 12:00:00+09:00,826.5,826.9000244140625,823.2000122070312,825.2999877929688,1569500,0.0,0.0
2023-07-25 13:00:00+09:00,825.0999755859375,825.7000122070312,824.0,824.5999755859375,237700,0.0,0.0
2023-07-25 14:00:00+09:00,824.5,828.5,824.0,828.2000122070312,509200,0.0,0.0
2023-07-26 09:00:00+09:00,825.0,826.0999755859375,815.2000122070312,825.4000244140625,1035400,0.0,0.0
2023-07-26 10:00:00+09:00,825.5,828.9000244140625,824.2999877929688,828.9000244140625,588500,0.0,0.0
2023-07-26 11:00:00+09:00,828.9000244140625,832.0,828.5,831.7999877929688,0,0.0,0.0
2023-07-26 12:00:00+09:00,831.0,831.5999755859375,827.2999877929688,827.5,2171900,0.0,0.0
2023-07-26 13:00:00+09:00,827.5999755859375,831.0999755859375,827.5,829.5,249900,0.0,0.0
2023-07-26 14:00:00+09:00,829.5,831.7999877929688,829.4000244140625,831.4000244140625,466000,0.0,0.0
2023-07-27 09:00:00+09:00,836.0,842.0,833.5999755859375,841.5999755859375,872100,0.0,0.0
2023-07-27 10:00:00+09:00,841.9000244140625,843.0,840.2000122070312,840.9000244140625,483300,0.0,0.0
2023-07-27 11:00:00+09:00,841.0,842.0,840.0,842.0,0,0.0,0.0
2023-07-27 12:00:00+09:00,842.0,845.2999877929688,841.9000244140625,843.2999877929688,1831900,0.0,0.0
2023-07-27 13:00:00+09:00,843.4000244140625,846.2999877929688,843.0,846.0999755859375,337300,0.0,0.0
2023-07-27 14:00:00+09:00,845.9000244140625,847.0999755859375,843.5999755859375,843.5999755859375,545300,0.0,0.0
2023-07-28 09:00:00+09:00,820.5999755859375,830.2999877929688,818.0,830.0,1351000,0.0,0.0
2023-07-28 10:00:00+09:00,830.0,830.0999755859375,826.7000122070312,828.4000244140625,379000,0.0,0.0
2023-07-28 11:00:00+09:00,828.4000244140625,828.4000244140625,827.0,827.4000244140625,0,0.0,0.0
2023-07-28 12:00:00+09:00,830.0,843.0,822.4000244140625,822.4000244140625,2822700,0.0,0.0
2023-07-28 13:00:00+09:00,822.4000244140625,823.7999877929688,808.0,815.0,1382700,0.0,0.0
2023-07-28 14:00:00+09:00,814.7000122070312,827.0999755859375,812.9000244140625,825.0,1300300,0.0,0.0
2023-07-31 09:00:00+09:00,832.9000244140625,843.2999877929688,831.0,840.4000244140625,734700,0.0,0.0
2023-07-31 10:00:00+09:00,840.2000122070312,842.9000244140625,838.0999755859375,841.0,390300,0.0,0.0
2023-07-31 11:00:00+09:00,841.0,843.2999877929688,840.9000244140625,842.2999877929688,0,0.0,0.0
2023-07-31 12:00:00+09:00,840.0,845.7000122070312,840.0,845.0999755859375,1662800,0.0,0.0
2023-07-31 13:00:00+09:00,845.0999755859375,845.4000244140625,842.7999877929688,842.7999877929688,317900,0.0,0.0
2023-07-31 14:00:00+09:00,843.0,846.5999755859375,842.4000244140625,845.7999877929688,491000,0.0,0.0
2023-08-01 09:00:00+09:00,848.0,848.7000122070312,843.4000244140625,848.0999755859375,611500,0.0,0.0
2023-08-01 10:00:00+09:00,848.0,851.0,847.2000122070312,850.0,370900,0.0,0.0
2023-08-01 11:00:00+09:00,850.0,851.4000244140625,849.7999877929688,851.0,0,0.0,0.0
2023-08-01 12:00:00+09:00,851.0,851.0,848.0999755859375,850.5,1416000,0.0,0.0
2023-08-01 13:00:00+09:00,850.5,852.0999755859375,850.2000122070312,852.0999755859375,366600,0.0,0.0
2023-08-01 14:00:00+09:00,852.0,854.2999877929688,849.2999877929688,850.0999755859375,596200,0.0,0.0
2023-08-02 09:00:00+09:00,843.7000122070312,843.7000122070312,836.0999755859375,839.0999755859375,564500,0.0,0.0
2023-08-02 10:00:00+09:00,839.0,842.2000122070312,838.2000122070312,839.4000244140625,204000,0.0,0.0
2023-08-02 11:00:00+09:00,839.0999755859375,839.7999877929688,834.4000244140625,834.4000244140625,0,0.0,0.0
2023-08-02 12:00:00+09:00,833.2000122070312,835.0999755859375,831.5999755859375,832.5999755859375,1071200,0.0,0.0
2023-08-02 13:00:00+09:00,832.7000122070312,832.9000244140625,828.5,828.7999877929688,291900,0.0,0.0
2023-08-02 14:00:00+09:00,828.5999755859375,829.0,826.4000244140625,828.4000244140625,442200,0.0,0.0
2023-08-03 09:00:00+09:00,826.5,828.7999877929688,818.0999755859375,823.0999755859375,654500,0.0,0.0
2023-08-03 10:00:00+09:00,822.7000122070312,827.2000122070312,820.5999755859375,823.4000244140625,258700,0.0,0.0
2023-08-03 11:00:00+09:00,823.2999877929688,824.7999877929688,821.0,824.2000122070312,0,0.0,0.0
2023-08-03 12:00:00+09:00,822.2000122070312,823.2999877929688,819.7000122070312,822.5999755859375,1364000,0.0,0.0
2023-08-03 13:00:00+09:00,822.5,824.2000122070312,819.7999877929688,820.4000244140625,330000,0.0,0.0
2023-08-03 14:00:00+09:00,820.5,823.4000244140625,818.5,820.0,551300,0.0,0.0
2023-08-04 09:00:00+09:00,811.5,816.4000244140625,806.0999755859375,812.5,648900,0.0,0.0
2023-08-04 10:00:00+09:00,812.2999877929688,812.5999755859375,809.2000122070312,810.2000122070312,253800,0.0,0.0
2023-08-04 11:00:00+09:00,810.2000122070312,810.7999877929688,808.2999877929688,808.4000244140625,0,0.0,0.0
2023-08-04 12:00:00+09:00,808.2999877929688,811.0,807.7000122070312,809.9000244140625,1294400,0.0,0.0
2023-08-04 13:00:00+09:00,809.7000122070312,813.2999877929688,809.2999877929688,812.4000244140625,250100,0.0,0.0
2023-08-04 14:00:00+09:00,812.5,814.9000244140625,811.7000122070312,813.7999877929688,453900,0.0,0.0
2023-08-07 09:00:00+09:00,818.0,822.9000244140625,814.2999877929688,822.7000122070312,551400,0.0,0.0
2023-08-07 10:00:00+09:00,822.5999755859375,830.4000244140625,822.0,828.7999877929688,582200,0.0,0.0
2023-08-07 11:00:00+09:00,828.7000122070312,831.2000122070312,828.0,831.2000122070312,0,0.0,0.0
2023-08-07 12:00:00+09:00,832.0,835.5,827.4000244140625,831.2999877929688,1690500,0.0,0.0
2023-08-07 13:00:00+09:00,831.2999877929688,832.5999755859375,829.4000244140625,830.2999877929688,421900,0.0,0.0
2023-08-07 14:00:00+09:00,830.4000244140625,838.0,828.4000244140625,832.2999877929688,783300,0.0,0.0
2023-08-08 09:00:00+09:00,855.0,876.0,854.0,864.0,2586100,0.0,0.0
2023-08-08 10:00:00+09:00,863.7000122070312,864.7000122070312,855.5,855.7999877929688,545800,0.0,0.0
2023-08-08 11:00:00+09:00,855.7000122070312,858.9000244140625,855.0,858.0999755859375,0,0.0,0.0
2023-08-08 12:00:00+09:00,855.0999755859375,859.9000244140625,855.0999755859375,857.5,3693000,0.0,0.0
2023-08-08 13:00:00+09:00,857.5999755859375,858.7999877929688,852.7000122070312,854.7000122070312,467600,0.0,0.0
2023-08-08 14:00:00+09:00,854.7000122070312,856.2000122070312,852.5999755859375,855.0,638700,0.0,0.0
2023-08-09 09:00:00+09:00,856.0999755859375,856.4000244140625,845.9000244140625,852.5999755859375,589000,0.0,0.0
2023-08-09 10:00:00+09:00,852.5999755859375,855.5,852.0,853.7999877929688,194100,0.0,0.0
2023-08-09 11:00:00+09:00,853.9000244140625,861.0,853.9000244140625,857.5999755859375,0,0.0,0.0
2023-08-09 12:00:00+09:00,857.0,861.2000122070312,856.2000122070312,860.7999877929688,1434300,0.0,0.0
2023-08-09 13:00:00+09:00,860.9000244140625,862.7000122070312,859.5999755859375,860.9000244140625,443100,0.0,0.0
2023-08-09 14:00:00+09:00,861.0,865.0,861.0,864.2000122070312,521200,0.0,0.0
2023-08-10 09:00:00+09:00,865.0,879.9000244140625,865.0,878.7999877929688,1132100,0.0,0.0
2023-08-10 10:00:00+09:00,879.0999755859375,885.5,878.0999755859375,883.4000244140625,751900,0.0,0.0
2023-08-10 11:00:00+09:00,883.2999877929688,886.9000244140625,882.5999755859375,886.7999877929688,0,0.0,0.0
2023-08-10 12:00:00+09:00,886.7999877929688,890.9000244140625,884.0,890.2999877929688,2765600,0.0,0.0
2023-08-10 13:00:00+09:00,890.2000122070312,890.5,887.0,888.0999755859375,484400,0.0,0.0
2023-08-10 14:00:00+09:00,888.0,895.0999755859375,887.7999877929688,894.2999877929688,925800,0.0,0.0
2023-08-14 09:00:00+09:00,896.0,903.7000122070312,892.2999877929688,892.5999755859375,1073700,0.0,0.0
2023-08-14 10:00:00+09:00,892.5,893.5999755859375,879.2999877929688,880.9000244140625,470700,0.0,0.0
2023-08-14 11:00:00+09:00,880.9000244140625,881.9000244140625,876.0999755859375,876.2999877929688,0,0.0,0.0
2023-08-14 12:00:00+09:00,876.0,881.0,875.0999755859375,876.7000122070312,1996300,0.0,0.0
2023-08-14 13:00:00+09:00,876.9000244140625,877.2999877929688,875.0999755859375,875.5999755859375,233300,0.0,0.0
2023-08-14 14:00:00+09:00,875.7000122070312,879.2000122070312,875.2999877929688,877.0,419900,0.0,0.0
2023-08-15 09:00:00+09:00,877.2000122070312,881.0,872.2000122070312,879.0999755859375,576200,0.0,0.0
2023-08-15 10:00:00+09:00,879.0,880.9000244140625,878.2000122070312,880.0,415200,0.0,0.0
2023-08-15 11:00:00+09:00,880.0,880.0,875.9000244140625,876.7000122070312,0,0.0,0.0
2023-08-15 12:00:00+09:00,878.5,879.5,876.0999755859375,877.2999877929688,1347300,0.0,0.0
2023-08-15 13:00:00+09:00,877.5,879.0,877.0,877.0999755859375,241300,0.0,0.0
2023-08-15 14:00:00+09:00,877.2000122070312,878.4000244140625,874.0,874.5999755859375,351600,0.0,0.0
2023-08-16 09:00:00+09:00,867.4000244140625,868.0999755859375,859.2000122070312,863.0999755859375,531600,0.0,0.0
2023-08-16 10:00:00+09:00,862.9000244140625,863.0999755859375,857.7000122070312,858.7999877929688,257400,0.0,0.0
2023-08-16 11:00:00+09:00,858.7000122070312,859.7000122070312,857.0999755859375,859.4000244140625,0,0.0,0.0
2023-08-16 12:00:00+09:00,859.5,862.5,859.4000244140625,861.5999755859375,1162900,0.0,0.0
2023-08-16 13:00:00+09:00,861.5,862.4000244140625,859.5,860.2999877929688,263400,0.0,0.0
2023-08-16 14:00:00+09:00,860.2000122070312,860.9000244140625,858.0,859.4000244140625,327700,0.0,0.0
2023-08-17 09:00:00+09:00,865.2000122070312,867.7999877929688,862.5,866.0,460400,0.0,0.0
2023-08-17 10:00:00+09:00,866.2999877929688,866.9000244140625,859.0,861.7000122070312,418300,0.0,0.0
2023-08-17 11:00:00+09:00,861.7000122070312,865.0,859.2000122070312,864.5999755859375,0,0.0,0.0
2023-08-17 12:00:00+09:00,865.2000122070312,868.5999755859375,865.2000122070312,868.2999877929688,1412800,0.0,0.0
2023-08-17 13:00:00+09:00,868.4000244140625,871.5,868.4000244140625,870.9000244140625,338300,0.0,0.0
2023-08-17 14:00:00+09:00,870.9000244140625,871.7000122070312,865.2000122070312,867.5999755859375,468200,0.0,0.0
2023-08-18 09:00:00+09:00,860.2000122070312,865.4000244140625,858.2999877929688,862.5999755859375,528400,0.0,0.0
2023-08-18 10:00:00+09:00,862.7000122070312,867.7000122070312,861.9000244140625,865.2999877929688,261800,0.0,0.0
2023-08-18 11:00:00+09:00,865.4000244140625,867.0,863.0,863.5,0,0.0,0.0
2023-08-18 12:00:00+09:00,862.0,863.4000244140625,859.5999755859375,862.0,1111700,0.0,0.0
2023-08-18 13:00:00+09:00,862.0999755859375,862.7000122070312,858.9000244140625,859.0999755859375,199300,0.0,0.0
2023-08-18 14:00:00+09:00,859.2000122070312,863.2999877929688,856.9000244140625,863.2999877929688,623700,0.0,0.0
2023-08-21 09:00:00+09:00,869.7000122070312,874.7999877929688,868.0999755859375,873.5,506200,0.0,0.0
2023-08-21 10:00:00+09:00,873.4000244140625,873.7999877929688,864.0999755859375,869.4000244140625,258000,0.0,0.0
2023-08-21 11:00:00+09:00,869.2999877929688,873.0,868.9000244140625,872.2999877929688,0,0.0,0.0
2023-08-21 12:00:00+09:00,872.2999877929688,873.7999877929688,870.5999755859375,872.5,1051300,0.0,0.0
2023-08-21 13:00:00+09:00,872.5,873.7999877929688,871.0,871.5999755859375,250900,0.0,0.0
2023-08-21 14:00:00+09:00,871.9000244140625,872.4000244140625,868.5999755859375,869.4000244140625,370000,0.0,0.0
2023-08-22 09:00:00+09:00,871.4000244140625,879.0,864.2000122070312,876.4000244140625,661200,0.0,0.0
2023-08-22 10:00:00+09:00,876.4000244140625,876.4000244140625,870.7000122070312,871.5999755859375,395000,0.0,0.0
2023-08-22 11:00:00+09:00,871.5999755859375,871.7000122070312,867.5999755859375,869.7999877929688,0,0.0,0.0
2023-08-22 12:00:00+09:00,871.5,874.0,870.5999755859375,873.7999877929688,1352600,0.0,0.0
2023-08-22 13:00:00+09:00,874.0,875.9000244140625,872.7999877929688,875.2000122070312,221700,0.0,0.0
2023-08-22 14:00:00+09:00,875.4000244140625,877.7999877929688,875.4000244140625,877.4000244140625,377800,0.0,0.0
2023-08-23 09:00:00+09:00,875.7999877929688,887.9000244140625,874.7999877929688,886.9000244140625,439400,0.0,0.0
2023-08-23 10:00:00+09:00,886.7000122070312,891.7000122070312,886.4000244140625,890.2999877929688,400600,0.0,0.0
2023-08-23 11:00:00+09:00,890.5,891.4000244140625,888.2000122070312,889.5999755859375,0,0.0,0.0
2023-08-23 12:00:00+09:00,889.5999755859375,891.5999755859375,886.9000244140625,888.2999877929688,1260800,0.0,0.0
2023-08-23 13:00:00+09:00,888.2999877929688,889.2000122070312,885.0,888.0,429300,0.0,0.0
2023-08-23 14:00:00+09:00,888.0,890.0999755859375,886.5999755859375,890.0999755859375,421000,0.0,0.0
2023-08-24 09:00:00+09:00,883.7999877929688,887.0,878.4000244140625,883.5,607100,0.0,0.0
2023-08-24 10:00:00+09:00,883.4000244140625,887.5,883.0999755859375,885.4000244140625,336200,0.0,0.0
2023-08-24 11:00:00+09:00,885.2000122070312,886.4000244140625,884.7000122070312,885.0,0,0.0,0.0
2023-08-24 12:00:00+09:00,885.0,890.5,885.0,886.0,1251800,0.0,0.0
2023-08-24 13:00:00+09:00,886.0999755859375,888.9000244140625,885.0,887.7000122070312,237100,0.0,0.0
2023-08-24 14:00:00+09:00,887.5999755859375,889.7999877929688,886.9000244140625,888.4000244140625,586000,0.0,0.0
2023-08-25 09:00:00+09:00,883.5999755859375,887.7999877929688,880.2000122070312,884.2000122070312,1014900,0.0,0.0
2023-08-25 10:00:00+09:00,884.4000244140625,887.7999877929688,882.2000122070312,884.9000244140625,384400,0.0,0.0
2023-08-25 11:00:00+09:00,885.0,886.2999877929688,884.5999755859375,884.7000122070312,0,0.0,0.0
2023-08-25 12:00:00+09:00,885.0,887.5999755859375,884.7000122070312,887.5,1809400,0.0,0.0
2023-08-25 13:00:00+09:00,887.5999755859375,887.7999877929688,885.2999877929688,886.2999877929688,301500,0.0,0.0
2023-08-25 14:00:00+09:00,886.4000244140625,887.2000122070312,884.0,886.2000122070312,554000,0.0,0.0
2023-08-28 09:00:00+09:00,890.0,895.2000122070312,888.2999877929688,889.7999877929688,518000,0.0,0.0
2023-08-28 10:00:00+09:00,890.0,893.9000244140625,889.5,893.7000122070312,180800,0.0,0.0
2023-08-28 11:00:00+09:00,893.7000122070312,896.7000122070312,892.7999877929688,896.7000122070312,0,0.0,0.0
2023-08-28 12:00:00+09:00,892.9000244140625,896.5999755859375,892.2000122070312,893.5999755859375,1033600,0.0,0.0
2023-08-28 13:00:00+09:00,893.5,895.5,890.7000122070312,894.2999877929688,357300,0.0,0.0
2023-08-28 14:00:00+09:00,894.4000244140625,896.5,892.9000244140625,895.5,513000,0.0,0.0
2023-08-29 09:00:00+09:00,900.0,900.5999755859375,887.5,899.2000122070312,1056700,0.0,0.0
2023-08-29 10:00:00+09:00,898.9000244140625,899.2999877929688,892.7999877929688,893.2999877929688,356800,0.0,0.0
2023-08-29 11:00:00+09:00,893.4000244140625,894.0999755859375,890.9000244140625,892.5,0,0.0,0.0
2023-08-29 12:00:00+09:00,894.2000122070312,897.5,893.5999755859375,896.5,1775800,0.0,0.0
2023-08-29 13:00:00+09:00,896.7000122070312,902.0999755859375,896.7000122070312,902.0999755859375,285500,0.0,0.0
2023-08-29 14:00:00+09:00,902.2000122070312,906.5,901.9000244140625,904.9000244140625,864300,0.0,0.0
2023-08-30 09:00:00+09:00,900.0,907.7000122070312,894.0,902.0,817000,0.0,0.0
2023-08-30 10:00:00+09:00,901.7999877929688,902.5999755859375,899.2000122070312,901.5,295600,0.0,0.0
2023-08-30 11:00:00+09:00,901.5999755859375,906.7999877929688,901.4000244140625,906.0,0,0.0,0.0
2023-08-30 12:00:00+09:00,907.0,907.0999755859375,903.4000244140625,906.0999755859375,1616600,0.0,0.0
2023-08-30 13:00:00+09:00,906.0999755859375,907.5,901.4000244140625,901.4000244140625,270300,0.0,0.0
2023-08-30 14:00:00+09:00,901.2999877929688,901.2999877929688,897.5,899.4000244140625,608200,0.0,0.0
2023-08-31 09:00:00+09:00,904.9000244140625,909.5999755859375,902.7000122070312,906.0999755859375,624600,0.0,0.0
2023-08-31 10:00:00+09:00,906.2000122070312,908.2999877929688,905.5,905.9000244140625,217100,0.0,0.0
2023-08-31 11:00:00+09:00,905.7999877929688,906.4000244140625,903.5,903.7999877929688,0,0.0,0.0
2023-08-31 12:00:00+09:00,904.0,911.4000244140625,903.7999877929688,908.7999877929688,1309100,0.0,0.0
2023-08-31 13:00:00+09:00,908.9000244140625,911.4000244140625,908.9000244140625,910.5999755859375,256600,0.0,0.0
2023-08-31 14:00:00+09:00,910.5999755859375,912.0,906.4000244140625,906.5,605500,0.0,0.0
2023-09-01 09:00:00+09:00,912.0,919.5999755859375,907.5999755859375,918.0999755859375,639000,0.0,0.0
2023-09-01 10:00:00+09:00,918.2000122070312,922.2999877929688,916.5999755859375,920.7000122070312,364100,0.0,0.0
2023-09-01 11:00:00+09:00,920.7999877929688,922.0,920.2000122070312,921.2999877929688,0,0.0,0.0
2023-09-01 12:00:00+09:00,921.0,926.5,919.2000122070312,923.5,1413600,0.0,0.0
2023-09-01 13:00:00+09:00,923.5,926.9000244140625,922.7999877929688,925.2999877929688,353500,0.0,0.0
2023-09-01 14:00:00+09:00,925.4000244140625,926.5,922.0,923.9000244140625,461800,0.0,0.0
2023-09-04 09:00:00+09:00,931.0,933.4000244140625,926.0999755859375,932.2999877929688,899000,0.0,0.0
2023-09-04 10:00:00+09:00,932.2999877929688,933.0,928.7000122070312,932.2000122070312,285300,0.0,0.0
2023-09-04 11:00:00+09:00,932.4000244140625,934.9000244140625,932.0,934.9000244140625,0,0.0,0.0
2023-09-04 12:00:00+09:00,935.0,936.7000122070312,933.5999755859375,935.4000244140625,1588800,0.0,0.0
2023-09-04 13:00:00+09:00,935.2999877929688,938.0,935.0,936.9000244140625,311800,0.0,0.0
2023-09-04 14:00:00+09:00,936.9000244140625,939.0999755859375,936.0999755859375,937.7999877929688,430500,0.0,0.0
2023-09-05 09:00:00+09:00,943.5,944.2000122070312,937.4000244140625,937.7000122070312,823400,0.0,0.0
2023-09-05 10:00:00+09:00,937.5,940.7999877929688,934.0,935.0,413300,0.0,0.0
2023-09-05 11:00:00+09:00,934.9000244140625,938.5,934.9000244140625,938.0999755859375,0,0.0,0.0
2023-09-05 12:00:00+09:00,938.0,939.2000122070312,936.5,938.2999877929688,1653500,0.0,0.0
2023-09-05 13:00:00+09:00,938.4000244140625,942.2000122070312,938.2000122070312,941.5999755859375,371000,0.0,0.0
2023-09-05 14:00:00+09:00,941.9000244140625,944.5,939.2999877929688,944.2000122070312,682800,0.0,0.0
2023-09-06 09:00:00+09:00,947.0,957.5,945.5999755859375,956.4000244140625,828300,0.0,0.0
2023-09-06 10:00:00+09:00,956.2000122070312,959.0999755859375,954.2000122070312,956.2999877929688,356600,0.0,0.0
2023-09-06 11:00:00+09:00,956.2999877929688,957.0,955.5999755859375,956.7999877929688,0,0.0,0.0
2023-09-06 12:00:00+09:00,957.0,958.7999877929688,956.0999755859375,958.0,1647200,0.0,0.0
2023-09-06 13:00:00+09:00,958.0,959.0,954.7999877929688,956.0,365000,0.0,0.0
2023-09-06 14:00:00+09:00,956.0999755859375,960.0,955.5999755859375,960.0,399700,0.0,0.0
2023-09-07 09:00:00+09:00,956.7000122070312,968.7999877929688,955.5,966.0999755859375,840000,0.0,0.0
2023-09-07 10:00:00+09:00,966.2000122070312,970.5,965.0,966.9000244140625,404700,0.0,0.0
2023-09-07 11:00:00+09:00,966.9000244140625,968.9000244140625,965.7999877929688,968.9000244140625,0,0.0,0.0
2023-09-07 12:00:00+09:00,968.0,969.5999755859375,965.2999877929688,967.7999877929688,1640900,0.0,0.0
2023-09-07 13:00:00+09:00,967.7000122070312,969.2999877929688,965.0,965.9000244140625,377100,0.0,0.0
2023-09-07 14:00:00+09:00,965.7999877929688,968.9000244140625,964.4000244140625,965.0,605400,0.0,0.0
2023-09-08 09:00:00+09:00,957.0,965.9000244140625,953.4000244140625,965.2000122070312,1753900,0.0,0.0
2023-09-08 10:00:00+09:00,965.4000244140625,967.9000244140625,964.0999755859375,966.5,457000,0.0,0.0
2023-09-08 11:00:00+09:00,966.5999755859375,967.0,962.7999877929688,964.4000244140625,0,0.0,0.0
2023-09-08 12:00:00+09:00,960.5999755859375,962.4000244140625,958.5999755859375,958.9000244140625,2777800,0.0,0.0
2023-09-08 13:00:00+09:00,958.9000244140625,959.2999877929688,954.2000122070312,954.2000122070312,377800,0.0,0.0
2023-09-08 14:00:00+09:00,954.5,957.2000122070312,953.5999755859375,955.4000244140625,507600,0.0,0.0
2023-09-11 09:00:00+09:00,959.0999755859375,961.4000244140625,935.2999877929688,935.7999877929688,1143600,0.0,0.0
2023-09-11 10:00:00+09:00,937.5999755859375,938.0,927.5,934.5,887900,0.0,0.0
2023-09-11 11:00:00+09:00,934.5999755859375,934.9000244140625,929.4000244140625,930.0999755859375,0,0.0,0.0
2023-09-11 12:00:00+09:00,929.0999755859375,929.0999755859375,924.9000244140625,926.0999755859375,2781500,0.0,0.0
2023-09-11 13:00:00+09:00,925.9000244140625,926.0999755859375,919.4000244140625,920.0999755859375,688100,0.0,0.0
2023-09-11 14:00:00+09:00,920.2999877929688,929.2999877929688,919.5999755859375,929.0,1079000,0.0,0.0
2023-09-12 09:00:00+09:00,940.0,943.5,936.2999877929688,938.0999755859375,998600,0.0,0.0
2023-09-12 10:00:00+09:00,938.4000244140625,939.4000244140625,935.5,938.0999755859375,509000,0.0,0.0
2023-09-12 11:00:00+09:00,938.0,942.9000244140625,937.0,942.9000244140625,0,0.0,0.0
2023-09-12 12:00:00+09:00,945.0,949.2000122070312,943.2000122070312,947.0,2016000,0.0,0.0
2023-09-12 13:00:00+09:00,947.0,949.2999877929688,944.0,946.0,259900,0.0,0.0
2023-09-12 14:00:00+09:00,945.9000244140625,951.4000244140625,944.5,950.5,358200,0.0,0.0
2023-09-13 09:00:00+09:00,941.2000122070312,947.7000122070312,938.0999755859375,944.7999877929688,758300,0.0,0.0
2023-09-13 10:00:00+09:00,945.0,945.2999877929688,938.2999877929688,939.5999755859375,324000,0.0,0.0
2023-09-13 11:00:00+09:00,939.5,941.4000244140625,937.0999755859375,937.2000122070312,0,0.0,0.0
2023-09-13 12:00:00+09:00,937.0,940.4000244140625,936.7999877929688,939.7999877929688,1525000,0.0,0.0
2023-09-13 13:00:00+09:00,939.5999755859375,943.7999877929688,938.7000122070312,942.9000244140625,258800,0.0,0.0
2023-09-13 14:00:00+09:00,942.9000244140625,943.9000244140625,940.0999755859375,941.9000244140625,413400,0.0,0.0
2023-09-14 09:00:00+09:00,947.5999755859375,956.5,947.5999755859375,954.2000122070312,768100,0.0,0.0
2023-09-14 10:00:00+09:00,954.2000122070312,956.2999877929688,952.2000122070312,952.4000244140625,331500,0.0,0.0
2023-09-14 11:00:00+09:00,952.2000122070312,953.7000122070312,951.0999755859375,953.0,0,0.0,0.0
2023-09-14 12:00:00+09:00,955.0,956.5,953.0,955.5999755859375,1443200,0.0,0.0
2023-09-14 13:00:00+09:00,955.7000122070312,956.2999877929688,954.5999755859375,955.7999877929688,315500,0.0,0.0
2023-09-14 14:00:00+09:00,955.7000122070312,959.7999877929688,955.4000244140625,959.0999755859375,671400,0.0,0.0
2023-09-15 09:00:00+09:00,973.0,979.9000244140625,967.0999755859375,972.7000122070312,1328000,0.0,0.0
2023-09-15 10:00:00+09:00,972.5999755859375,976.2000122070312,971.5999755859375,975.9000244140625,587100,0.0,0.0
2023-09-15 11:00:00+09:00,975.9000244140625,977.7000122070312,974.0,976.7999877929688,0,0.0,0.0
2023-09-15 12:00:00+09:00,976.0999755859375,984.0,976.0999755859375,983.7999877929688,2738000,0.0,0.0
2023-09-15 13:00:00+09:00,983.7000122070312,983.9000244140625,978.5999755859375,982.2000122070312,624500,0.0,0.0
2023-09-15 14:00:00+09:00,982.0999755859375,982.0999755859375,970.5,977.9000244140625,1058600,0.0,0.0
2023-09-19 09:00:00+09:00,972.0,976.2000122070312,961.9000244140625,974.0,1121700,0.0,0.0
2023-09-19 10:00:00+09:00,973.9000244140625,979.7000122070312,972.2000122070312,977.5,473800,0.0,0.0
2023-09-19 11:00:00+09:00,977.7999877929688,981.0999755859375,977.5999755859375,979.7999877929688,0,0.0,0.0
2023-09-19 12:00:00+09:00,979.9000244140625,980.7999877929688,975.2999877929688,975.5999755859375,2282800,0.0,0.0
2023-09-19 13:00:00+09:00,975.5999755859375,976.9000244140625,971.4000244140625,976.4000244140625,358700,0.0,0.0
2023-09-19 14:00:00+09:00,976.4000244140625,981.5999755859375,975.2999877929688,981.5999755859375,499200,0.0,0.0
2023-09-20 09:00:00+09:00,993.0,994.5999755859375,975.2999877929688,976.2999877929688,942000,0.0,0.0
2023-09-20 10:00:00+09:00,976.4000244140625,985.9000244140625,970.7000122070312,985.0,724500,0.0,0.0
2023-09-20 11:00:00+09:00,985.0,985.0,980.2999877929688,980.7999877929688,0,0.0,0.0
2023-09-20 12:00:00+09:00,981.5999755859375,983.0,970.0,970.0999755859375,2492900,0.0,0.0
2023-09-20 13:00:00+09:00,970.2999877929688,973.9000244140625,969.0999755859375,971.0999755859375,417800,0.0,0.0
2023-09-20 14:00:00+09:00,971.2000122070312,976.5,971.2000122070312,972.2000122070312,373900,0.0,0.0
2023-09-21 09:00:00+09:00,976.4000244140625,986.0,975.0,981.9000244140625,750000,0.0,0.0
2023-09-21 10:00:00+09:00,981.5999755859375,984.0,979.2000122070312,980.7999877929688,523100,0.0,0.0
2023-09-21 11:00:00+09:00,980.7000122070312,981.2999877929688,973.4000244140625,974.0999755859375,0,0.0,0.0
2023-09-21 12:00:00+09:00,973.0999755859375,974.5,964.0,965.7000122070312,1970000,0.0,0.0
2023-09-21 13:00:00+09:00,965.5999755859375,967.9000244140625,964.4000244140625,966.7999877929688,409300,0.0,0.0
2023-09-21 14:00:00+09:00,966.5999755859375,972.5,965.5999755859375,969.2000122070312,523800,0.0,0.0
2023-09-22 09:00:00+09:00,946.2000122070312,955.7999877929688,938.7000122070312,955.2999877929688,1114500,0.0,0.0
2023-09-22 10:00:00+09:00,955.5,962.5,955.2999877929688,958.2999877929688,522900,0.0,0.0
2023-09-22 11:00:00+09:00,958.4000244140625,959.5999755859375,956.2999877929688,957.5,0,0.0,0.0
2023-09-22 12:00:00+09:00,964.2000122070312,974.7000122070312,963.2000122070312,965.5,2370400,0.0,0.0
2023-09-22 13:00:00+09:00,965.5,967.7000122070312,959.2999877929688,962.5,336500,0.0,0.0
2023-09-22 14:00:00+09:00,962.5999755859375,967.5,961.2999877929688,962.0999755859375,410000,0.0,0.0
2023-09-25 09:00:00+09:00,967.2000122070312,968.4000244140625,959.7999877929688,963.5999755859375,497900,0.0,0.0
2023-09-25 10:00:00+09:00,963.5,969.5,963.2999877929688,965.0,214400,0.0,0.0
2023-09-25 11:00:00+09:00,965.0,967.4000244140625,964.7999877929688,965.5999755859375,0,0.0,0.0
2023-09-25 12:00:00+09:00,968.0,972.5999755859375,966.9000244140625,971.0,988600,0.0,0.0
2023-09-25 13:00:00+09:00,971.2999877929688,972.0,967.5,969.5999755859375,215200,0.0,0.0
2023-09-25 14:00:00+09:00,969.5999755859375,970.0,965.2999877929688,968.2000122070312,360300,0.0,0.0
2023-09-26 09:00:00+09:00,964.0,964.0,954.0999755859375,959.5,576900,0.0,0.0
2023-09-26 10:00:00+09:00,959.9000244140625,962.4000244140625,957.7000122070312,960.7999877929688,209300,0.0,0.0
2023-09-26 11:00:00+09:00,960.7999877929688,961.9000244140625,957.2000122070312,957.2000122070312,0,0.0,0.0
2023-09-26 12:00:00+09:00,957.2000122070312,959.4000244140625,957.0,958.2999877929688,1026900,0.0,0.0
2023-09-26 13:00:00+09:00,958.2000122070312,962.2999877929688,956.5999755859375,962.2999877929688,228700,0.0,0.0
2023-09-26 14:00:00+09:00,962.4000244140625,965.4000244140625,961.2000122070312,961.4000244140625,375600,0.0,0.0
2023-09-27 09:00:00+09:00,953.0,954.9000244140625,946.2000122070312,949.0,1144600,0.0,0.0
2023-09-27 10:00:00+09:00,950.0,956.2999877929688,949.7000122070312,954.7999877929688,437200,0.0,0.0
2023-09-27 11:00:00+09:00,954.7999877929688,958.9000244140625,954.7999877929688,957.7000122070312,0,0.0,0.0
2023-09-27 12:00:00+09:00,957.0999755859375,959.9000244140625,955.5999755859375,959.5999755859375,2148300,0.0,0.0
2023-09-27 13:00:00+09:00,959.5999755859375,960.5,956.9000244140625,959.9000244140625,397500,0.0,0.0
2023-09-27 14:00:00+09:00,959.9000244140625,965.7999877929688,958.4000244140625,964.5,771300,0.0,0.0
2023-09-28 09:00:00+09:00,945.2000122070312,947.7000122070312,938.5999755859375,945.2000122070312,825700,0.0,0.0
2023-09-28 10:00:00+09:00,945.0999755859375,948.7000122070312,942.5,944.0999755859375,346800,0.0,0.0
2023-09-28 11:00:00+09:00,944.0999755859375,944.2000122070312,934.5999755859375,935.2000122070312,0,0.0,0.0
2023-09-28 12:00:00+09:00,933.0,933.5,928.0999755859375,929.5999755859375,1760100,0.0,0.0
2023-09-28 13:00:00+09:00,929.5999755859375,935.9000244140625,929.2000122070312,933.7000122070312,430300,0.0,0.0
2023-09-28 14:00:00+09:00,933.9000244140625,943.5999755859375,933.9000244140625,939.2000122070312,487600,0.0,0.0
2023-09-29 09:00:00+09:00,924.0,936.7000122070312,922.7000122070312,923.4000244140625,1228300,0.0,0.0
2023-09-29 10:00:00+09:00,923.4000244140625,926.2999877929688,916.7000122070312,917.9000244140625,747700,0.0,0.0
2023-09-29 11:00:00+09:00,917.9000244140625,919.0999755859375,914.4000244140625,914.7999877929688,0,0.0,0.0
2023-09-29 12:00:00+09:00,914.5,922.5999755859375,914.5,920.0999755859375,2721200,0.0,0.0
2023-09-29 13:00:00+09:00,920.0999755859375,920.4000244140625,911.0999755859375,911.5999755859375,639400,0.0,0.0
2023-09-29 14:00:00+09:00,911.5999755859375,920.2000122070312,911.2000122070312,918.0,691700,0.0,0.0
2023-10-02 09:00:00+09:00,923.5,936.4000244140625,920.7999877929688,929.4000244140625,697700,0.0,0.0
2023-10-02 10:00:00+09:00,929.5,935.5,926.7999877929688,934.0,313400,0.0,0.0
2023-10-02 11:00:00+09:00,933.7999877929688,934.5999755859375,931.0,931.2999877929688,0,0.0,0.0
2023-10-02 12:00:00+09:00,932.2000122070312,933.5,923.9000244140625,924.9000244140625,1346000,0.0,0.0
2023-10-02 13:00:00+09:00,924.9000244140625,925.5999755859375,918.0999755859375,920.2999877929688,413900,0.0,0.0
2023-10-02 14:00:00+09:00,920.5,924.2999877929688,916.7000122070312,917.2000122070312,346000,0.0,0.0
2023-10-03 09:00:00+09:00,920.0,920.0999755859375,906.0,914.9000244140625,679700,0.0,0.0
2023-10-03 10:00:00+09:00,914.9000244140625,914.9000244140625,907.4000244140625,910.2999877929688,257000,0.0,0.0
2023-10-03 11:00:00+09:00,910.4000244140625,915.0,909.0,914.7000122070312,0,0.0,0.0
2023-10-03 12:00:00+09:00,914.7000122070312,914.7000122070312,908.2000122070312,908.5,1249500,0.0,0.0
2023-10-03 13:00:00+09:00,908.5,908.5,902.2999877929688,903.2000122070312,330700,0.0,0.0
2023-10-03 14:00:00+09:00,903.0,906.2000122070312,900.0999755859375,904.2999877929688,479200,0.0,0.0
2023-10-04 09:00:00+09:00,880.0,889.0999755859375,872.7000122070312,872.7000122070312,826300,0.0,0.0
2023-10-04 10:00:00+09:00,872.9000244140625,875.2999877929688,865.0999755859375,865.5999755859375,555600,0.0,0.0
2023-10-04 11:00:00+09:00,865.7000122070312,866.4000244140625,860.0999755859375,860.0999755859375,0,0.0,0.0
2023-10-04 12:00:00+09:00,861.2999877929688,865.7999877929688,852.9000244140625,854.2999877929688,2282100,0.0,0.0
2023-10-04 13:00:00+09:00,854.5,865.2999877929688,851.9000244140625,862.5999755859375,630100,0.0,0.0
2023-10-04 14:00:00+09:00,862.5,864.5,855.7999877929688,856.5999755859375,664500,0.0,0.0
2023-10-05 09:00:00+09:00,856.4000244140625,863.7000122070312,852.0999755859375,862.7999877929688,1064800,0.0,0.0
2023-10-05 10:00:00+09:00,862.5,874.9000244140625,860.4000244140625,874.2999877929688,465200,0.0,0.0
2023-10-05 11:00:00+09:00,874.2000122070312,877.5999755859375,871.4000244140625,877.5999755859375,0,0.0,0.0
2023-10-05 12:00:00+09:00,878.5999755859375,887.2000122070312,878.2999877929688,885.9000244140625,2015300,0.0,0.0
2023-10-05 13:00:00+09:00,886.0999755859375,889.4000244140625,884.2000122070312,889.0,318000,0.0,0.0
2023-10-05 14:00:00+09:00,888.7999877929688,889.0999755859375,882.2999877929688,887.4000244140625,458700,0.0,0.0
2023-10-06 09:00:00+09:00,886.5999755859375,896.9000244140625,882.7999877929688,893.9000244140625,644000,0.0,0.0
2023-10-06 10:00:00+09:00,893.7999877929688,900.2999877929688,893.7999877929688,895.7000122070312,443300,0.0,0.0
2023-10-06 11:00:00+09:00,895.7999877929688,896.7000122070312,893.2000122070312,895.0,0,0.0,0.0
2023-10-06 12:00:00+09:00,894.2000122070312,897.0999755859375,893.0999755859375,896.7000122070312,1401300,0.0,0.0
2023-10-06 13:00:00+09:00,897.4000244140625,901.4000244140625,897.2999877929688,900.4000244140625,308900,0.0,0.0
2023-10-06 14:00:00+09:00,900.4000244140625,900.5999755859375,894.7000122070312,894.7000122070312,438100,0.0,0.0
2023-10-10 09:00:00+09:00,905.0999755859375,924.7000122070312,905.0999755859375,923.7999877929688,966000,0.0,0.0
2023-10-10 10:00:00+09:00,924.0,928.5,922.7999877929688,924.9000244140625,480400,0.0,0.0
2023-10-10 11:00:00+09:00,925.0,927.0,920.0,927.0,0,0.0,0.0
2023-10-10 12:00:00+09:00,924.0,928.0,923.5,927.7000122070312,1952400,0.0,0.0
2023-10-10 13:00:00+09:00,927.7999877929688,927.9000244140625,922.0999755859375,923.9000244140625,416300,0.0,0.0
2023-10-10 14:00:00+09:00,924.0999755859375,925.7999877929688,922.5999755859375,924.2000122070312,503500,0.0,0.0
2023-10-11 09:00:00+09:00,938.2000122070312,943.7000122070312,924.0999755859375,930.2000122070312,1335400,0.0,0.0
2023-10-11 10:00:00+09:00,930.0999755859375,933.0999755859375,925.4000244140625,930.5999755859375,532600,0.0,0.0
2023-10-11 11:00:00+09:00,930.7000122070312,931.4000244140625,926.7000122070312,928.7999877929688,0,0.0,0.0
2023-10-11 12:00:00+09:00,930.0,933.2999877929688,929.2999877929688,931.7000122070312,2289000,0.0,0.0
2023-10-11 13:00:00+09:00,931.7000122070312,935.7999877929688,930.2000122070312,931.0999755859375,349500,0.0,0.0
2023-10-11 14:00:00+09:00,930.9000244140625,932.2999877929688,927.0999755859375,927.7999877929688,503700,0.0,0.0
2023-10-12 09:00:00+09:00,934.2999877929688,939.5,928.7000122070312,937.0999755859375,774400,0.0,0.0
2023-10-12 10:00:00+09:00,937.0,941.7000122070312,936.2999877929688,940.2000122070312,539400,0.0,0.0
2023-10-12 11:00:00+09:00,940.5999755859375,940.9000244140625,939.5999755859375,940.0,0,0.0,0.0
2023-10-12 12:00:00+09:00,940.2999877929688,944.0,940.0,941.7000122070312,1807300,0.0,0.0
2023-10-12 13:00:00+09:00,941.7999877929688,946.0,940.5,944.4000244140625,345000,0.0,0.0
2023-10-12 14:00:00+09:00,944.2999877929688,950.5999755859375,943.7000122070312,948.5,562400,0.0,0.0
2023-10-13 09:00:00+09:00,936.0,942.2999877929688,932.2000122070312,933.5999755859375,918200,0.0,0.0
2023-10-13 10:00:00+09:00,933.5,938.5,932.9000244140625,935.9000244140625,269300,0.0,0.0
2023-10-13 11:00:00+09:00,935.9000244140625,935.9000244140625,928.9000244140625,928.9000244140625,0,0.0,0.0
2023-10-13 12:00:00+09:00,926.7000122070312,928.5,924.0,925.0999755859375,1651700,0.0,0.0
2023-10-13 13:00:00+09:00,924.9000244140625,926.0999755859375,918.5999755859375,919.2000122070312,382900,0.0,0.0
2023-10-13 14:00:00+09:00,919.2999877929688,925.0999755859375,918.7999877929688,924.2000122070312,358500,0.0,0.0
2023-10-16 09:00:00+09:00,911.5,912.2999877929688,891.0,892.4000244140625,934900,0.0,0.0
2023-10-16 10:00:00+09:00,892.2999877929688,897.5999755859375,888.5999755859375,893.9000244140625,437300,0.0,0.0
2023-10-16 11:00:00+09:00,894.0,895.4000244140625,890.2999877929688,892.0999755859375,0,0.0,0.0
2023-10-16 12:00:00+09:00,890.0,890.0,887.0999755859375,888.5,1770000,0.0,0.0
2023-10-16 13:00:00+09:00,888.5,891.9000244140625,887.5999755859375,891.0999755859375,0,0.0,0.0
2023-10-16 14:00:00+09:00,891.0,892.7999877929688,887.4000244140625,892.7999877929688,2871200,0.0,0.0
2023-10-17 09:00:00+09:00,906.2999877929688,914.0,905.5,909.0,660100,0.0,0.0
2023-10-17 10:00:00+09:00,910.7000122070312,911.0999755859375,905.2999877929688,907.5999755859375,467000,0.0,0.0
2023-10-17 11:00:00+09:00,907.5999755859375,908.7000122070312,904.5,905.7000122070312,0,0.0,0.0
2023-10-17 12:00:00+09:00,905.0,909.2000122070312,904.4000244140625,908.5,1665400,0.0,0.0
2023-10-17 13:00:00+09:00,908.7000122070312,911.7000122070312,908.2999877929688,910.5,298500,0.0,0.0
2023-10-17 14:00:00+09:00,910.2999877929688,912.0999755859375,909.0999755859375,909.4000244140625,439000,0.0,0.0
2023-10-18 09:00:00+09:00,909.9000244140625,915.0999755859375,901.0999755859375,903.0999755859375,415200,0.0,0.0
2023-10-18 10:00:00+09:00,903.0,904.5,900.2000122070312,901.2000122070312,191200,0.0,0.0
2023-10-18 11:00:00+09:00,901.2000122070312,904.2999877929688,899.2000122070312,900.7999877929688,0,0.0,0.0
2023-10-18 12:00:00+09:00,899.0,902.2000122070312,897.2000122070312,901.7000122070312,876400,0.0,0.0
2023-10-18 13:00:00+09:00,901.7000122070312,903.4000244140625,900.4000244140625,900.5999755859375,182700,0.0,0.0
2023-10-18 14:00:00+09:00,900.5999755859375,904.5999755859375,898.0,902.4000244140625,423100,0.0,0.0
2023-10-19 09:00:00+09:00,889.7999877929688,899.4000244140625,887.0,897.9000244140625,534700,0.0,0.0
2023-10-19 10:00:00+09:00,896.9000244140625,897.0,885.9000244140625,886.5,320000,0.0,0.0
2023-10-19 11:00:00+09:00,886.7000122070312,888.5999755859375,886.0,887.0,0,0.0,0.0
2023-10-19 12:00:00+09:00,885.0,890.5,884.9000244140625,890.4000244140625,1165000,0.0,0.0
2023-10-19 13:00:00+09:00,890.5,893.7000122070312,889.5999755859375,892.2999877929688,300100,0.0,0.0
2023-10-19 14:00:00+09:00,892.2999877929688,893.7000122070312,889.5999755859375,890.7999877929688,439500,0.0,0.0
2023-10-20 09:00:00+09:00,885.0999755859375,886.2000122070312,876.0,880.0,510100,0.0,0.0
2023-10-20 10:00:00+09:00,880.0,882.0999755859375,873.2999877929688,881.7999877929688,363400,0.0,0.0
2023-10-20 11:00:00+09:00,881.5,887.2999877929688,881.2999877929688,886.0999755859375,0,0.0,0.0
2023-10-20 12:00:00+09:00,887.5999755859375,891.7000122070312,887.5999755859375,889.7000122070312,1181600,0.0,0.0
2023-10-20 13:00:00+09:00,890.0999755859375,892.4000244140625,887.7999877929688,889.0,212100,0.0,0.0
2023-10-20 14:00:00+09:00,889.2000122070312,889.5,882.7000122070312,884.7999877929688,488400,0.0,0.0
2023-10-23 09:00:00+09:00,883.5,886.7999877929688,880.2000122070312,886.2000122070312,0,0.0,0.0
2023-10-23 10:00:00+09:00,886.0999755859375,887.7000122070312,883.5,886.9000244140625,344700,0.0,0.0
2023-10-23 11:00:00+09:00,886.7999877929688,887.0,882.4000244140625,882.4000244140625,0,0.0,0.0
2023-10-23 12:00:00+09:00,884.0,885.0,880.2000122070312,882.5,1168900,0.0,0.0
2023-10-23 13:00:00+09:00,882.5999755859375,885.0,880.7000122070312,883.7999877929688,244600,0.0,0.0
2023-10-23 14:00:00+09:00,883.7000122070312,886.7000122070312,882.0,882.0,443900,0.0,0.0
2023-10-24 09:00:00+09:00,880.0,883.5999755859375,866.2000122070312,866.2999877929688,499600,0.0,0.0
2023-10-24 10:00:00+09:00,866.4000244140625,868.2999877929688,852.9000244140625,861.5,474200,0.0,0.0
2023-10-24 11:00:00+09:00,861.2000122070312,873.5999755859375,860.0999755859375,869.0999755859375,0,0.0,0.0
2023-10-24 12:00:00+09:00,868.2000122070312,870.5,865.2999877929688,867.4000244140625,1483400,0.0,0.0
2023-10-24 13:00:00+09:00,867.4000244140625,878.5,866.7000122070312,878.2000122070312,291200,0.0,0.0
2023-10-24 14:00:00+09:00,877.7000122070312,883.0999755859375,877.4000244140625,881.2000122070312,486800,0.0,0.0
2023-10-25 09:00:00+09:00,887.7000122070312,892.2000122070312,880.2000122070312,881.2000122070312,627500,0.0,0.0
2023-10-25 10:00:00+09:00,881.0999755859375,889.9000244140625,880.5999755859375,888.9000244140625,389300,0.0,0.0
2023-10-25 11:00:00+09:00,889.0,893.0999755859375,888.7999877929688,893.0999755859375,0,0.0,0.0
2023-10-25 12:00:00+09:00,893.0,893.9000244140625,890.7999877929688,891.2999877929688,1433900,0.0,0.0
2023-10-25 13:00:00+09:00,891.2000122070312,892.9000244140625,890.0,892.0999755859375,235000,0.0,0.0
2023-10-25 14:00:00+09:00,892.0999755859375,893.2999877929688,882.5,883.2999877929688,433900,0.0,0.0
2023-10-26 09:00:00+09:00,878.2999877929688,880.7999877929688,862.9000244140625,863.2999877929688,690000,0.0,0.0
2023-10-26 10:00:00+09:00,863.2999877929688,865.0999755859375,858.4000244140625,859.4000244140625,670000,0.0,0.0
2023-10-26 11:00:00+09:00,859.5,860.7999877929688,851.0999755859375,851.9000244140625,0,0.0,0.0
2023-10-26 12:00:00+09:00,852.7999877929688,858.7999877929688,852.5,854.9000244140625,1968900,0.0,0.0
2023-10-26 13:00:00+09:00,854.9000244140625,859.7999877929688,854.2999877929688,858.2999877929688,486200,0.0,0.0
2023-10-26 14:00:00+09:00,858.2000122070312,861.4000244140625,856.7000122070312,858.7999877929688,508000,0.0,0.0
2023-10-27 09:00:00+09:00,860.5,872.7000122070312,856.5999755859375,866.4000244140625,924800,0.0,0.0
2023-10-27 10:00:00+09:00,866.2999877929688,871.0,865.0999755859375,869.5,330200,0.0,0.0
2023-10-27 11:00:00+09:00,869.4000244140625,874.4000244140625,869.4000244140625,873.9000244140625,0,0.0,0.0
2023-10-27 12:00:00+09:00,871.4000244140625,873.2000122070312,868.0999755859375,869.2999877929688,1678800,0.0,0.0
2023-10-27 13:00:00+09:00,869.5,876.0,867.5,875.7000122070312,360700,0.0,0.0
2023-10-27 14:00:00+09:00,875.5999755859375,878.4000244140625,872.7999877929688,877.5999755859375,475000,0.0,0.0
2023-10-30 09:00:00+09:00,864.0,867.7999877929688,858.5999755859375,863.7000122070312,423900,0.0,0.0
2023-10-30 10:00:00+09:00,863.5999755859375,863.7999877929688,858.7999877929688,859.5,184900,0.0,0.0
2023-10-30 11:00:00+09:00,859.5,859.5,853.7000122070312,854.2999877929688,0,0.0,0.0
2023-10-30 12:00:00+09:00,858.0,860.4000244140625,858.0,858.5999755859375,916200,0.0,0.0
2023-10-30 13:00:00+09:00,858.7000122070312,859.2999877929688,853.5,855.2000122070312,247700,0.0,0.0
2023-10-30 14:00:00+09:00,855.4000244140625,863.0,855.4000244140625,860.5999755859375,473200,0.0,0.0
2023-10-31 09:00:00+09:00,864.5,865.0,855.0999755859375,861.9000244140625,402200,0.0,0.0
2023-10-31 10:00:00+09:00,861.7000122070312,867.0,861.0,864.5,249400,0.0,0.0
2023-10-31 11:00:00+09:00,864.5,866.5,863.7999877929688,865.5,0,0.0,0.0
2023-10-31 12:00:00+09:00,869.5,876.5,866.7999877929688,870.5,1441100,0.0,0.0
2023-10-31 13:00:00+09:00,870.2999877929688,879.0,866.2999877929688,867.5,621600,0.0,0.0
2023-10-31 14:00:00+09:00,867.4000244140625,873.2999877929688,864.0,873.2999877929688,624200,0.0,0.0
2023-11-01 09:00:00+09:00,885.5,889.9000244140625,879.4000244140625,882.5999755859375,748600,0.0,0.0
2023-11-01 10:00:00+09:00,882.7999877929688,883.5,874.0,875.2999877929688,392800,0.0,0.0
2023-11-01 11:00:00+09:00,875.2999877929688,877.2999877929688,873.0,874.5999755859375,0,0.0,0.0
2023-11-01 12:00:00+09:00,876.7000122070312,881.4000244140625,874.9000244140625,880.0999755859375,1477400,0.0,0.0
2023-11-01 13:00:00+09:00,879.9000244140625,882.0999755859375,876.5999755859375,881.2999877929688,260000,0.0,0.0
2023-11-01 14:00:00+09:00,879.9000244140625,881.4000244140625,877.0999755859375,880.0,565000,0.0,0.0
2023-11-02 09:00:00+09:00,892.4000244140625,907.5,888.2000122070312,902.7999877929688,1022400,0.0,0.0
2023-11-02 10:00:00+09:00,902.7999877929688,905.0999755859375,898.2999877929688,904.5,834100,0.0,0.0
2023-11-02 11:00:00+09:00,904.5999755859375,905.4000244140625,900.9000244140625,901.7000122070312,0,0.0,0.0
2023-11-02 12:00:00+09:00,900.0,902.7999877929688,898.0999755859375,901.2000122070312,2620100,0.0,0.0
2023-11-02 13:00:00+09:00,901.2000122070312,901.7000122070312,897.7000122070312,900.0999755859375,598000,0.0,0.0
2023-11-02 14:00:00+09:00,900.0999755859375,903.5,898.5,899.9000244140625,631300,0.0,0.0
2023-11-06 09:00:00+09:00,924.0,924.0,910.5999755859375,914.4000244140625,1197400,0.0,0.0
2023-11-06 10:00:00+09:00,914.4000244140625,922.2999877929688,913.5999755859375,919.5999755859375,693400,0.0,0.0
2023-11-06 11:00:00+09:00,919.7999877929688,923.2999877929688,919.7999877929688,921.2999877929688,0,0.0,0.0
2023-11-06 12:00:00+09:00,920.0,924.7999877929688,918.7999877929688,924.4000244140625,2525300,0.0,0.0
2023-11-06 13:00:00+09:00,924.4000244140625,926.5999755859375,921.9000244140625,924.4000244140625,551500,0.0,0.0
2023-11-06 14:00:00+09:00,924.2000122070312,925.5999755859375,920.0999755859375,924.5,703400,0.0,0.0
2023-11-07 09:00:00+09:00,923.0,927.7999877929688,911.0999755859375,913.7999877929688,1135300,0.0,0.0
2023-11-07 10:00:00+09:00,913.9000244140625,915.5,910.7999877929688,914.5,653700,0.0,0.0
2023-11-07 11:00:00+09:00,914.5999755859375,915.5,913.5,913.9000244140625,0,0.0,0.0
2023-11-07 12:00:00+09:00,914.0999755859375,914.2999877929688,909.4000244140625,910.7000122070312,2495200,0.0,0.0
2023-11-07 13:00:00+09:00,910.5,912.4000244140625,908.5999755859375,912.0999755859375,516100,0.0,0.0
2023-11-07 14:00:00+09:00,912.0999755859375,915.2999877929688,910.9000244140625,914.0,823500,0.0,0.0
2023-11-08 09:00:00+09:00,945.9000244140625,949.5,906.0999755859375,906.9000244140625,1919600,0.0,0.0
2023-11-08 10:00:00+09:00,906.5999755859375,907.5,887.7999877929688,893.0,841900,0.0,0.0
2023-11-08 11:00:00+09:00,893.0999755859375,897.0999755859375,888.7999877929688,894.5999755859375,0,0.0,0.0
2023-11-08 12:00:00+09:00,891.0,892.2999877929688,874.4000244140625,877.0999755859375,3671700,0.0,0.0
2023-11-08 13:00:00+09:00,877.2999877929688,884.4000244140625,874.0999755859375,877.2999877929688,830600,0.0,0.0
2023-11-08 14:00:00+09:00,877.5999755859375,883.2000122070312,874.2999877929688,877.0,1354100,0.0,0.0
2023-11-09 09:00:00+09:00,880.0,889.9000244140625,877.9000244140625,880.7999877929688,1038900,0.0,0.0
2023-11-09 10:00:00+09:00,880.9000244140625,891.7999877929688,879.0999755859375,883.9000244140625,804800,0.0,0.0
2023-11-09 11:00:00+09:00,884.0999755859375,889.4000244140625,884.0999755859375,888.0999755859375,0,0.0,0.0
2023-11-09 12:00:00+09:00,887.2000122070312,901.4000244140625,886.9000244140625,899.4000244140625,2628500,0.0,0.0
2023-11-09 13:00:00+09:00,899.5999755859375,899.7999877929688,890.2000122070312,895.9000244140625,472200,0.0,0.0
2023-11-09 14:00:00+09:00,896.0,902.2000122070312,894.9000244140625,898.4000244140625,872300,0.0,0.0
2023-11-10 09:00:00+09:00,885.7000122070312,909.0999755859375,885.0999755859375,908.5999755859375,964700,0.0,0.0
2023-11-10 10:00:00+09:00,908.5,913.5999755859375,907.2000122070312,907.2999877929688,469500,0.0,0.0
2023-11-10 11:00:00+09:00,907.4000244140625,913.4000244140625,905.7000122070312,911.5,0,0.0,0.0
2023-11-10 12:00:00+09:00,912.0,915.4000244140625,910.2000122070312,912.7000122070312,2032800,0.0,0.0
2023-11-10 13:00:00+09:00,912.5,919.9000244140625,912.2000122070312,915.7999877929688,512200,0.0,0.0
2023-11-10 14:00:00+09:00,916.0,918.0,914.4000244140625,916.0,620000,0.0,0.0
2023-11-13 09:00:00+09:00,926.5,928.5,918.0,921.5,0,0.0,0.0
2023-11-13 10:00:00+09:00,921.7999877929688,923.5999755859375,919.0,922.0,317900,0.0,0.0
2023-11-13 11:00:00+09:00,921.7999877929688,922.2000122070312,919.4000244140625,919.7000122070312,0,0.0,0.0
2023-11-13 12:00:00+09:00,915.0999755859375,919.0,910.5,910.5,1197200,0.0,0.0
2023-11-13 13:00:00+09:00,910.7000122070312,913.7999877929688,910.0999755859375,912.5999755859375,294000,0.0,0.0
2023-11-13 14:00:00+09:00,912.7000122070312,917.2999877929688,911.5999755859375,913.7000122070312,501000,0.0,0.0
2023-11-14 09:00:00+09:00,916.9000244140625,922.9000244140625,914.9000244140625,918.2000122070312,398300,0.0,0.0
2023-11-14 10:00:00+09:00,918.4000244140625,923.0,917.7999877929688,920.0,376700,0.0,0.0
2023-11-14 11:00:00+09:00,920.0999755859375,920.5,917.5999755859375,918.7000122070312,0,0.0,0.0
2023-11-14 12:00:00+09:00,917.7000122070312,922.0,917.4000244140625,921.5999755859375,1087200,0.0,0.0
2023-11-14 13:00:00+09:00,921.5,922.9000244140625,919.5999755859375,920.5,200400,0.0,0.0
2023-11-14 14:00:00+09:00,920.5,927.2000122070312,919.2000122070312,925.7000122070312,666900,0.0,0.0
2023-11-15 09:00:00+09:00,938.5999755859375,959.7000122070312,938.2999877929688,954.4000244140625,2023100,0.0,0.0
2023-11-15 10:00:00+09:00,954.5999755859375,957.2999877929688,950.0999755859375,951.0999755859375,698600,0.0,0.0
2023-11-15 11:00:00+09:00,951.2000122070312,958.9000244140625,951.0,957.5,0,0.0,0.0
2023-11-15 12:00:00+09:00,958.0,962.5,955.7000122070312,959.0999755859375,3564800,0.0,0.0
2023-11-15 13:00:00+09:00,959.0999755859375,961.7000122070312,956.2999877929688,957.5,540800,0.0,0.0
2023-11-15 14:00:00+09:00,957.4000244140625,960.9000244140625,956.2000122070312,958.5,636200,0.0,0.0
2023-11-16 09:00:00+09:00,948.0,977.0,946.5999755859375,965.2000122070312,1129200,0.0,0.0
2023-11-16 10:00:00+09:00,965.0999755859375,965.5999755859375,952.0,952.5,402900,0.0,0.0
2023-11-16 11:00:00+09:00,952.2999877929688,953.4000244140625,948.2999877929688,949.5,0,0.0,0.0
2023-11-16 12:00:00+09:00,949.5,951.0999755859375,945.4000244140625,950.0,1936000,0.0,0.0
2023-11-16 13:00:00+09:00,949.9000244140625,956.7000122070312,949.2000122070312,955.5,265700,0.0,0.0
2023-11-16 14:00:00+09:00,955.4000244140625,958.7000122070312,954.2999877929688,954.7000122070312,496200,0.0,0.0
2023-11-17 09:00:00+09:00,957.0,963.2999877929688,954.9000244140625,963.0,561800,0.0,0.0
2023-11-17 10:00:00+09:00,963.0,963.0,957.2999877929688,959.2999877929688,241700,0.0,0.0
2023-11-17 11:00:00+09:00,959.2999877929688,962.2000122070312,958.5999755859375,959.0,0,0.0,0.0
2023-11-17 12:00:00+09:00,960.0,960.0,955.2999877929688,959.9000244140625,1110300,0.0,0.0
2023-11-17 13:00:00+09:00,959.9000244140625,960.5,954.4000244140625,956.2000122070312,221300,0.0,0.0
2023-11-17 14:00:00+09:00,956.0999755859375,959.4000244140625,954.7000122070312,956.7000122070312,442200,0.0,0.0
2023-11-20 09:00:00+09:00,962.0,974.4000244140625,962.0,972.0,655600,0.0,0.0
2023-11-20 10:00:00+09:00,971.9000244140625,972.2000122070312,963.0999755859375,969.2999877929688,421200,0.0,0.0
2023-11-20 11:00:00+09:00,969.2000122070312,971.7999877929688,965.5,966.7999877929688,0,0.0,0.0
2023-11-20 12:00:00+09:00,965.0,968.5,963.5999755859375,964.2999877929688,1555400,0.0,0.0
2023-11-20 13:00:00+09:00,964.0999755859375,967.5999755859375,962.5999755859375,965.5999755859375,303000,0.0,0.0
2023-11-20 14:00:00+09:00,965.7000122070312,967.0,959.2999877929688,959.2999877929688,408700,0.0,0.0
2023-11-21 09:00:00+09:00,963.0,963.0,946.5,948.5,533400,0.0,0.0
2023-11-21 10:00:00+09:00,948.7000122070312,956.2999877929688,944.0,954.0,316800,0.0,0.0
2023-11-21 11:00:00+09:00,954.4000244140625,954.7000122070312,951.4000244140625,952.2000122070312,0,0.0,0.0
2023-11-21 12:00:00+09:00,952.0999755859375,957.2999877929688,952.0,955.9000244140625,1201300,0.0,0.0
2023-11-21 13:00:00+09:00,955.7999877929688,957.7000122070312,953.7999877929688,954.7000122070312,361200,0.0,0.0
2023-11-21 14:00:00+09:00,954.7999877929688,956.4000244140625,952.0,952.0999755859375,675800,0.0,0.0
2023-11-22 09:00:00+09:00,948.7999877929688,966.7999877929688,945.7999877929688,959.4000244140625,703700,0.0,0.0
2023-11-22 10:00:00+09:00,959.7000122070312,962.2000122070312,957.2000122070312,961.0999755859375,307000,0.0,0.0
2023-11-22 11:00:00+09:00,961.2000122070312,961.9000244140625,958.9000244140625,961.2999877929688,0,0.0,0.0
2023-11-22 12:00:00+09:00,960.0999755859375,962.5999755859375,956.0,957.0,1371500,0.0,0.0
2023-11-22 13:00:00+09:00,957.0,957.0,952.5,955.2000122070312,522600,0.0,0.0
2023-11-22 14:00:00+09:00,955.2999877929688,956.9000244140625,953.4000244140625,954.2999877929688,618500,0.0,0.0
2023-11-24 09:00:00+09:00,970.0,971.0,957.2999877929688,964.0999755859375,663800,0.0,0.0
2023-11-24 10:00:00+09:00,964.2999877929688,965.5,958.0999755859375,963.0,470200,0.0,0.0
2023-11-24 11:00:00+09:00,962.9000244140625,963.7999877929688,959.4000244140625,959.9000244140625,0,0.0,0.0
2023-11-24 12:00:00+09:00,958.0,960.0,956.7000122070312,957.2999877929688,1542600,0.0,0.0
2023-11-24 13:00:00+09:00,957.0999755859375,957.4000244140625,953.4000244140625,953.7999877929688,336200,0.0,0.0
2023-11-24 14:00:00+09:00,953.7000122070312,954.0,950.4000244140625,951.0999755859375,511100,0.0,0.0
2023-11-27 09:00:00+09:00,960.9000244140625,962.9000244140625,954.7000122070312,957.7000122070312,0,0.0,0.0
2023-11-27 10:00:00+09:00,957.7000122070312,957.7000122070312,947.5999755859375,948.9000244140625,294100,0.0,0.0
2023-11-27 11:00:00+09:00,948.5999755859375,949.5,946.0999755859375,946.0999755859375,0,0.0,0.0
2023-11-27 12:00:00+09:00,946.0999755859375,946.7000122070312,942.7000122070312,944.5999755859375,1148800,0.0,0.0
2023-11-27 13:00:00+09:00,944.2999877929688,944.7999877929688,941.0999755859375,943.7000122070312,281700,0.0,0.0
2023-11-27 14:00:00+09:00,943.7999877929688,946.0,943.2000122070312,944.2999877929688,369400,0.0,0.0
2023-11-28 09:00:00+09:00,945.2000122070312,946.0,927.4000244140625,929.0,788500,0.0,0.0
2023-11-28 10:00:00+09:00,928.9000244140625,934.0999755859375,926.2000122070312,926.7000122070312,531900,0.0,0.0
2023-11-28 11:00:00+09:00,926.5999755859375,929.0,925.0999755859375,925.0999755859375,0,0.0,0.0
2023-11-28 12:00:00+09:00,927.9000244140625,933.4000244140625,926.5999755859375,932.0999755859375,1838500,0.0,0.0
2023-11-28 13:00:00+09:00,931.9000244140625,938.2999877929688,930.5999755859375,937.7999877929688,397600,0.0,0.0
2023-11-28 14:00:00+09:00,938.0,939.7999877929688,934.4000244140625,936.7999877929688,602800,0.0,0.0
2023-11-29 09:00:00+09:00,931.7999877929688,941.5999755859375,922.4000244140625,922.7000122070312,565100,0.0,0.0
2023-11-29 10:00:00+09:00,922.7999877929688,933.5999755859375,922.7000122070312,932.4000244140625,283300,0.0,0.0
2023-11-29 11:00:00+09:00,932.5,937.2000122070312,932.4000244140625,933.2000122070312,0,0.0,0.0
2023-11-29 12:00:00+09:00,931.5999755859375,937.2999877929688,930.5,937.2000122070312,1175200,0.0,0.0
2023-11-29 13:00:00+09:00,937.0999755859375,937.4000244140625,933.2999877929688,933.7000122070312,319600,0.0,0.0
2023-11-29 14:00:00+09:00,933.7999877929688,935.5,931.5999755859375,934.4000244140625,471300,0.0,0.0
2023-11-30 09:00:00+09:00,935.0,936.9000244140625,911.0999755859375,917.4000244140625,0,0.0,0.0
2023-11-30 10:00:00+09:00,917.0999755859375,917.5,911.2999877929688,911.7999877929688,499800,0.0,0.0
2023-11-30 11:00:00+09:00,911.7999877929688,915.2000122070312,911.4000244140625,914.0,0,0.0,0.0
2023-11-30 12:00:00+09:00,914.0,916.9000244140625,912.5,916.0,2124400,0.0,0.0
2023-11-30 13:00:00+09:00,916.0999755859375,916.9000244140625,910.2000122070312,915.7999877929688,734800,0.0,0.0
2023-11-30 14:00:00+09:00,915.7999877929688,918.0,912.4000244140625,913.7999877929688,1058300,0.0,0.0
2023-12-01 09:00:00+09:00,925.7000122070312,938.0,925.7000122070312,935.7000122070312,1151500,0.0,0.0
2023-12-01 10:00:00+09:00,935.7000122070312,939.9000244140625,934.2000122070312,938.4000244140625,508500,0.0,0.0
2023-12-01 11:00:00+09:00,938.2999877929688,940.9000244140625,937.5,939.7999877929688,0,0.0,0.0
2023-12-01 12:00:00+09:00,940.0,943.7000122070312,940.0,941.5999755859375,2175200,0.0,0.0
2023-12-01 13:00:00+09:00,941.5999755859375,942.2999877929688,938.5999755859375,938.7999877929688,390400,0.0,0.0
2023-12-01 14:00:00+09:00,939.0,940.9000244140625,937.5,939.5,734300,0.0,0.0
2023-12-04 09:00:00+09:00,939.4000244140625,958.7999877929688,939.4000244140625,955.5,0,0.0,0.0
2023-12-04 10:00:00+09:00,955.2000122070312,957.7000122070312,952.7999877929688,955.2000122070312,449800,0.0,0.0
2023-12-04 11:00:00+09:00,955.0,955.0,949.0999755859375,950.7000122070312,0,0.0,0.0
2023-12-04 12:00:00+09:00,949.7000122070312,956.5999755859375,949.0,956.5999755859375,2045600,0.0,0.0
2023-12-04 13:00:00+09:00,956.5999755859375,957.2999877929688,951.5999755859375,952.9000244140625,506600,0.0,0.0
2023-12-04 14:00:00+09:00,953.0,955.4000244140625,951.2999877929688,954.9000244140625,605300,0.0,0.0
2023-12-05 09:00:00+09:00,952.4000244140625,963.4000244140625,943.5999755859375,943.9000244140625,691500,0.0,0.0
2023-12-05 10:00:00+09:00,944.0999755859375,945.5999755859375,937.4000244140625,941.2999877929688,360200,0.0,0.0
2023-12-05 11:00:00+09:00,941.4000244140625,944.2999877929688,940.4000244140625,941.7000122070312,0,0.0,0.0
2023-12-05 12:00:00+09:00,943.2999877929688,944.2999877929688,939.0,940.0,1388400,0.0,0.0
2023-12-05 13:00:00+09:00,939.9000244140625,943.7999877929688,939.2999877929688,943.7000122070312,281800,0.0,0.0
2023-12-05 14:00:00+09:00,943.7000122070312,945.9000244140625,939.5,941.2999877929688,547100,0.0,0.0
2023-12-06 09:00:00+09:00,945.7000122070312,953.0,940.0,951.9000244140625,709700,0.0,0.0
2023-12-06 10:00:00+09:00,952.0,957.2999877929688,951.0999755859375,956.7000122070312,378700,0.0,0.0
2023-12-06 11:00:00+09:00,957.0,959.4000244140625,956.2999877929688,958.5,0,0.0,0.0
2023-12-06 12:00:00+09:00,957.5,964.7000122070312,957.4000244140625,964.4000244140625,1606700,0.0,0.0
2023-12-06 13:00:00+09:00,964.4000244140625,968.7999877929688,964.2999877929688,967.0,559600,0.0,0.0
2023-12-06 14:00:00+09:00,967.0999755859375,968.5999755859375,964.4000244140625,968.4000244140625,693700,0.0,0.0
2023-12-07 09:00:00+09:00,958.0,961.7000122070312,949.2000122070312,952.2000122070312,634200,0.0,0.0
2023-12-07 10:00:00+09:00,952.2000122070312,953.9000244140625,946.5,948.2000122070312,351400,0.0,0.0
2023-12-07 11:00:00+09:00,948.2999877929688,949.0999755859375,946.5999755859375,947.0,0,0.0,0.0
2023-12-07 12:00:00+09:00,946.4000244140625,946.7000122070312,943.5999755859375,945.7000122070312,1338200,0.0,0.0
2023-12-07 13:00:00+09:00,945.7000122070312,949.7000122070312,944.2999877929688,946.0999755859375,298800,0.0,0.0
2023-12-07 14:00:00+09:00,946.2999877929688,948.0,943.9000244140625,946.9000244140625,524500,0.0,0.0
2023-12-08 09:00:00+09:00,935.0,936.0,927.2999877929688,931.7000122070312,1130400,0.0,0.0
2023-12-08 10:00:00+09:00,931.4000244140625,931.5,923.0,926.9000244140625,350700,0.0,0.0
2023-12-08 11:00:00+09:00,926.7999877929688,927.2000122070312,924.0999755859375,926.2000122070312,0,0.0,0.0
2023-12-08 12:00:00+09:00,925.0,926.2000122070312,915.4000244140625,916.0,2249300,0.0,0.0
2023-12-08 13:00:00+09:00,915.9000244140625,919.7999877929688,908.2000122070312,908.5,749200,0.0,0.0
2023-12-08 14:00:00+09:00,908.5999755859375,909.4000244140625,905.0,909.2000122070312,1187600,0.0,0.0
2023-12-11 09:00:00+09:00,911.2000122070312,922.0999755859375,905.4000244140625,915.2000122070312,662600,0.0,0.0
2023-12-11 10:00:00+09:00,915.2000122070312,917.5,912.5999755859375,915.4000244140625,282700,0.0,0.0
2023-12-11 11:00:00+09:00,915.2000122070312,918.7000122070312,915.0,915.7000122070312,0,0.0,0.0
2023-12-11 12:00:00+09:00,915.0,919.0999755859375,914.7999877929688,918.5999755859375,1244300,0.0,0.0
2023-12-11 13:00:00+09:00,918.7000122070312,923.0,913.7999877929688,914.2999877929688,330800,0.0,0.0
2023-12-11 14:00:00+09:00,914.4000244140625,917.5999755859375,912.0,916.5999755859375,418800,0.0,0.0
2023-12-12 09:00:00+09:00,930.0,935.9000244140625,928.5,932.7999877929688,647800,0.0,0.0
2023-12-12 10:00:00+09:00,932.9000244140625,941.0,932.2000122070312,938.2999877929688,384800,0.0,0.0
2023-12-12 11:00:00+09:00,938.2000122070312,943.0999755859375,936.5,942.2000122070312,0,0.0,0.0
2023-12-12 12:00:00+09:00,941.2000122070312,941.9000244140625,935.4000244140625,935.7000122070312,1402000,0.0,0.0
2023-12-12 13:00:00+09:00,935.7999877929688,936.4000244140625,930.7000122070312,930.7000122070312,340200,0.0,0.0
2023-12-12 14:00:00+09:00,930.5,933.5,928.0,931.2999877929688,389400,0.0,0.0
2023-12-13 09:00:00+09:00,931.2000122070312,933.7000122070312,927.5999755859375,933.0999755859375,309700,0.0,0.0
2023-12-13 10:00:00+09:00,933.0,933.4000244140625,927.7999877929688,929.7999877929688,163100,0.0,0.0
2023-12-13 11:00:00+09:00,929.5,932.0999755859375,926.2999877929688,926.5,0,0.0,0.0
2023-12-13 12:00:00+09:00,925.0,927.5,922.0999755859375,924.7000122070312,935600,0.0,0.0
2023-12-13 13:00:00+09:00,924.7999877929688,929.2000122070312,924.2999877929688,929.2000122070312,238300,0.0,0.0
2023-12-13 14:00:00+09:00,929.0,931.0,925.5999755859375,926.5,301400,0.0,0.0
2023-12-14 09:00:00+09:00,934.0,935.0999755859375,901.7000122070312,905.0999755859375,523900,0.0,0.0
2023-12-14 10:00:00+09:00,905.2999877929688,912.4000244140625,904.7999877929688,912.4000244140625,238900,0.0,0.0
2023-12-14 11:00:00+09:00,912.5,916.5,911.5,914.5999755859375,0,0.0,0.0
2023-12-14 12:00:00+09:00,911.7000122070312,911.7000122070312,901.5,903.7000122070312,1282800,0.0,0.0
2023-12-14 13:00:00+09:00,903.4000244140625,906.0999755859375,900.4000244140625,905.2999877929688,424500,0.0,0.0
2023-12-14 14:00:00+09:00,905.4000244140625,909.0,905.0999755859375,908.2999877929688,492100,0.0,0.0
2023-12-15 09:00:00+09:00,909.0,911.5999755859375,903.0999755859375,911.2000122070312,641300,0.0,0.0
2023-12-15 10:00:00+09:00,911.0,916.0999755859375,906.7999877929688,913.5999755859375,341400,0.0,0.0
2023-12-15 11:00:00+09:00,913.9000244140625,915.7000122070312,912.4000244140625,913.5,0,0.0,0.0
2023-12-15 12:00:00+09:00,914.0,921.9000244140625,913.7000122070312,921.0999755859375,1508300,0.0,0.0
2023-12-15 13:00:00+09:00,921.2000122070312,925.5999755859375,920.9000244140625,922.7999877929688,447900,0.0,0.0
2023-12-15 14:00:00+09:00,922.5,925.2000122070312,916.5999755859375,923.7999877929688,695200,0.0,0.0
2023-12-18 09:00:00+09:00,903.2999877929688,903.2999877929688,887.0,889.2000122070312,860200,0.0,0.0
2023-12-18 10:00:00+09:00,889.2000122070312,891.5999755859375,886.5,890.0,273800,0.0,0.0
2023-12-18 11:00:00+09:00,890.0999755859375,894.0999755859375,889.5,893.5999755859375,0,0.0,0.0
2023-12-18 12:00:00+09:00,895.7000122070312,898.7999877929688,893.2000122070312,897.2999877929688,1484600,0.0,0.0
2023-12-18 13:00:00+09:00,897.9000244140625,901.0,897.4000244140625,899.0,274200,0.0,0.0
2023-12-18 14:00:00+09:00,899.0,904.2000122070312,898.7000122070312,902.2000122070312,472900,0.0,0.0
2023-12-19 09:00:00+09:00,901.0,902.0,887.0,894.4000244140625,596200,0.0,0.0
2023-12-19 10:00:00+09:00,894.4000244140625,899.7000122070312,891.4000244140625,896.0,240100,0.0,0.0
2023-12-19 11:00:00+09:00,896.5,899.7999877929688,896.5,898.5,0,0.0,0.0
2023-12-19 12:00:00+09:00,913.5,915.0,906.5,909.7000122070312,1646400,0.0,0.0
2023-12-19 13:00:00+09:00,909.7000122070312,913.9000244140625,907.4000244140625,911.2999877929688,388900,0.0,0.0
2023-12-19 14:00:00+09:00,911.0,913.0,906.7000122070312,911.0999755859375,382300,0.0,0.0
2023-12-20 09:00:00+09:00,910.2999877929688,918.7000122070312,908.2000122070312,913.2999877929688,572400,0.0,0.0
2023-12-20 10:00:00+09:00,913.5999755859375,919.0,910.2999877929688,915.9000244140625,302900,0.0,0.0
2023-12-20 11:00:00+09:00,915.7999877929688,917.0,913.2999877929688,914.5,0,0.0,0.0
2023-12-20 12:00:00+09:00,912.2000122070312,916.7999877929688,912.0,913.7999877929688,1107700,0.0,0.0
2023-12-20 13:00:00+09:00,913.9000244140625,914.0,906.0999755859375,908.9000244140625,304100,0.0,0.0
2023-12-20 14:00:00+09:00,908.7999877929688,913.2000122070312,907.4000244140625,908.2000122070312,437200,0.0,0.0
2023-12-21 09:00:00+09:00,901.2999877929688,901.2999877929688,892.9000244140625,898.2000122070312,348900,0.0,0.0
2023-12-21 10:00:00+09:00,898.4000244140625,902.0,897.0,898.2000122070312,154300,0.0,0.0
2023-12-21 11:00:00+09:00,898.2000122070312,899.7999877929688,897.2000122070312,899.0999755859375,0,0.0,0.0
2023-12-21 12:00:00+09:00,897.9000244140625,900.9000244140625,896.2000122070312,897.2000122070312,722600,0.0,0.0
2023-12-21 13:00:00+09:00,897.2000122070312,898.7999877929688,895.5999755859375,898.2999877929688,178800,0.0,0.0
2023-12-21 14:00:00+09:00,898.2999877929688,899.5,894.5999755859375,895.5999755859375,327600,0.0,0.0
2023-12-22 09:00:00+09:00,898.4000244140625,902.0,891.0999755859375,893.7999877929688,483000,0.0,0.0
2023-12-22 10:00:00+09:00,893.9000244140625,896.5999755859375,891.7999877929688,894.5,222900,0.0,0.0
2023-12-22 11:00:00+09:00,894.5999755859375,896.2999877929688,892.5,893.0999755859375,0,0.0,0.0
2023-12-22 12:00:00+09:00,892.0,893.0,890.2000122070312,892.4000244140625,1110600,0.0,0.0
2023-12-22 13:00:00+09:00,892.4000244140625,893.2000122070312,890.5999755859375,891.2999877929688,203400,0.0,0.0
2023-12-22 14:00:00+09:00,891.2000122070312,893.2999877929688,889.0999755859375,891.5,510900,0.0,0.0
2023-12-25 09:00:00+09:00,895.7999877929688,899.7000122070312,890.2999877929688,895.7999877929688,0,0.0,0.0
2023-12-25 10:00:00+09:00,895.5999755859375,896.7000122070312,890.0999755859375,890.2000122070312,190800,0.0,0.0
2023-12-25 11:00:00+09:00,890.5,894.0,889.2999877929688,892.5999755859375,0,0.0,0.0
2023-12-25 12:00:00+09:00,891.2999877929688,894.5,890.9000244140625,892.4000244140625,833800,0.0,0.0
2023-12-25 13:00:00+09:00,892.4000244140625,892.7000122070312,890.2000122070312,892.5,162200,0.0,0.0
2023-12-25 14:00:00+09:00,892.5,894.7000122070312,891.5,893.7999877929688,213300,0.0,0.0
2023-12-26 09:00:00+09:00,890.0,895.5999755859375,887.4000244140625,894.2999877929688,410900,0.0,0.0
2023-12-26 10:00:00+09:00,893.5999755859375,896.2999877929688,891.9000244140625,894.0999755859375,131100,0.0,0.0
2023-12-26 11:00:00+09:00,894.0,895.5999755859375,892.0999755859375,893.9000244140625,0,0.0,0.0
2023-12-26 12:00:00+09:00,894.7000122070312,896.9000244140625,889.4000244140625,889.5999755859375,721800,0.0,0.0
2023-12-26 13:00:00+09:00,889.7999877929688,890.5,886.7000122070312,889.2000122070312,250000,0.0,0.0
2023-12-26 14:00:00+09:00,889.2999877929688,890.4000244140625,887.4000244140625,888.9000244140625,449700,0.0,0.0
2023-12-27 09:00:00+09:00,896.0,897.0,890.0999755859375,891.2000122070312,467700,0.0,0.0
2023-12-27 10:00:00+09:00,890.9000244140625,897.2999877929688,890.7999877929688,894.0999755859375,231400,0.0,0.0
2023-12-27 11:00:00+09:00,893.9000244140625,896.5999755859375,891.9000244140625,891.9000244140625,0,0.0,0.0
2023-12-27 12:00:00+09:00,891.5,898.2000122070312,891.5,895.9000244140625,979200,0.0,0.0
2023-12-27 13:00:00+09:00,896.0,897.5,895.2000122070312,897.4000244140625,193700,0.0,0.0
2023-12-27 14:00:00+09:00,897.5,900.9000244140625,897.2999877929688,900.4000244140625,376700,0.0,0.0
2023-12-28 09:00:00+09:00,897.7000122070312,898.0,893.0999755859375,895.5,274700,0.0,0.0
2023-12-28 10:00:00+09:00,895.5,896.7999877929688,891.2999877929688,892.4000244140625,179600,0.0,0.0
2023-12-28 11:00:00+09:00,892.5,892.9000244140625,890.2000122070312,892.7999877929688,0,0.0,0.0
2023-12-28 12:00:00+09:00,893.0,893.5999755859375,891.0,893.0999755859375,659300,0.0,0.0
2023-12-28 13:00:00+09:00,893.0,895.0,891.5,894.2999877929688,110700,0.0,0.0
2023-12-28 14:00:00+09:00,894.0999755859375,895.2999877929688,893.0,894.5,172700,0.0,0.0
2023-12-29 09:00:00+09:00,896.2000122070312,905.5999755859375,896.0999755859375,903.5999755859375,378000,0.0,0.0
2023-12-29 10:00:00+09:00,903.2000122070312,903.2000122070312,900.0999755859375,902.5,123700,0.0,0.0
2023-12-29 11:00:00+09:00,902.2000122070312,903.7000122070312,901.5,902.5999755859375,0,0.0,0.0
2023-12-29 12:00:00+09:00,902.5999755859375,904.7999877929688,901.5,903.0999755859375,631000,0.0,0.0
2023-12-29 13:00:00+09:00,903.0999755859375,903.0999755859375,895.7999877929688,897.7999877929688,203000,0.0,0.0
2023-12-29 14:00:00+09:00,897.5999755859375,900.5,895.7000122070312,900.0,203300,0.0,0.0
2024-01-04 09:00:00+09:00,903.0,910.5,892.0,909.7000122070312,679000,0.0,0.0
2024-01-04 10:00:00+09:00,909.5999755859375,912.5999755859375,908.5999755859375,911.5,275000,0.0,0.0
2024-01-04 11:00:00+09:00,911.5,912.4000244140625,909.2000122070312,909.4000244140625,0,0.0,0.0
2024-01-04 12:00:00+09:00,911.0,912.0999755859375,909.0999755859375,911.2999877929688,1215200,0.0,0.0
2024-01-04 13:00:00+09:00,911.2999877929688,914.5999755859375,910.7999877929688,913.9000244140625,267700,0.0,0.0
2024-01-04 14:00:00+09:00,914.0,919.2999877929688,914.0,918.5999755859375,535800,0.0,0.0
2024-01-05 09:00:00+09:00,929.2000122070312,950.0,929.0,948.2000122070312,1058400,0.0,0.0
2024-01-05 10:00:00+09:00,948.0999755859375,955.4000244140625,948.0,953.5,658200,0.0,0.0
2024-01-05 11:00:00+09:00,953.7000122070312,955.0,951.5999755859375,954.9000244140625,0,0.0,0.0
2024-01-05 12:00:00+09:00,956.0,962.0,954.0,961.2999877929688,2373700,0.0,0.0
2024-01-05 13:00:00+09:00,960.9000244140625,964.5999755859375,959.2999877929688,961.0,534000,0.0,0.0
2024-01-05 14:00:00+09:00,961.2000122070312,962.5,953.0999755859375,954.5,581900,0.0,0.0
2024-01-09 09:00:00+09:00,974.4000244140625,974.7999877929688,963.2000122070312,965.5999755859375,968300,0.0,0.0
2024-01-09 10:00:00+09:00,965.0999755859375,966.4000244140625,960.2000122070312,960.9000244140625,315300,0.0,0.0
2024-01-09 11:00:00+09:00,960.7000122070312,962.0,959.2000122070312,961.5,0,0.0,0.0
2024-01-09 12:00:00+09:00,961.0,961.0,957.0999755859375,957.7999877929688,1562500,0.0,0.0
2024-01-09 13:00:00+09:00,957.9000244140625,958.7000122070312,953.2000122070312,954.2000122070312,227200,0.0,0.0
2024-01-09 14:00:00+09:00,954.5,956.0999755859375,952.2999877929688,954.0999755859375,348900,0.0,0.0
2024-01-10 09:00:00+09:00,954.0,963.2999877929688,953.5,959.9000244140625,477600,0.0,0.0
2024-01-10 10:00:00+09:00,960.2999877929688,968.0999755859375,960.0999755859375,968.0999755859375,373900,0.0,0.0
2024-01-10 11:00:00+09:00,967.7000122070312,972.9000244140625,967.4000244140625,971.2999877929688,0,0.0,0.0
2024-01-10 12:00:00+09:00,972.0,977.7000122070312,971.5,976.9000244140625,1442100,0.0,0.0
2024-01-10 13:00:00+09:00,977.0999755859375,977.2999877929688,971.0999755859375,972.2999877929688,356600,0.0,0.0
2024-01-10 14:00:00+09:00,972.2999877929688,975.7000122070312,971.7999877929688,974.0,572300,0.0,0.0
2024-01-11 09:00:00+09:00,980.0,988.0,979.0,982.0,1089000,0.0,0.0
2024-01-11 10:00:00+09:00,982.0,989.9000244140625,981.9000244140625,987.0,442400,0.0,0.0
2024-01-11 11:00:00+09:00,987.2999877929688,989.0,986.0,987.0,0,0.0,0.0
2024-01-11 12:00:00+09:00,986.0,986.9000244140625,981.2999877929688,982.2999877929688,1871900,0.0,0.0
2024-01-11 13:00:00+09:00,982.2999877929688,986.7000122070312,981.0999755859375,985.5,209700,0.0,0.0
2024-01-11 14:00:00+09:00,985.7000122070312,989.5,982.2999877929688,989.5,515600,0.0,0.0
2024-01-12 09:00:00+09:00,1002.0,1005.0,986.4000244140625,989.7000122070312,0,0.0,0.0
2024-01-12 10:00:00+09:00,989.7999877929688,996.5999755859375,989.7000122070312,993.4000244140625,355500,0.0,0.0
2024-01-12 11:00:00+09:00,994.0999755859375,996.5999755859375,993.9000244140625,995.7000122070312,0,0.0,0.0
2024-01-12 12:00:00+09:00,992.0,996.7000122070312,991.5,991.7000122070312,1898900,0.0,0.0
2024-01-12 13:00:00+09:00,991.9000244140625,994.5,989.5999755859375,992.2999877929688,246200,0.0,0.0
2024-01-12 14:00:00+09:00,992.4000244140625,1001.0,991.7000122070312,997.7000122070312,738400,0.0,0.0
2024-01-15 09:00:00+09:00,1000.0,1015.0,999.9000244140625,1013.0,820700,0.0,0.0
2024-01-15 10:00:00+09:00,1012.5,1018.5,1012.0,1018.0,274600,0.0,0.0
2024-01-15 11:00:00+09:00,1018.0,1019.5,1016.0,1018.5,0,0.0,0.0
2024-01-15 12:00:00+09:00,1018.5,1022.0,1018.0,1019.0,1614100,0.0,0.0
2024-01-15 13:00:00+09:00,1019.0,1024.5,1017.5,1022.5,594600,0.0,0.0
2024-01-15 14:00:00+09:00,1022.5,1022.5,1017.0,1018.5,498800,0.0,0.0
2024-01-16 09:00:00+09:00,1020.0,1026.5,1007.0,1012.5,873100,0.0,0.0
2024-01-16 10:00:00+09:00,1012.5,1016.5,1011.0,1014.5,228700,0.0,0.0
2024-01-16 11:00:00+09:00,1014.5,1017.0,1013.5,1017.0,0,0.0,0.0
2024-01-16 12:00:00+09:00,1014.0,1015.5,1004.0,1006.0,1552900,0.0,0.0
2024-01-16 13:00:00+09:00,1006.0,1010.5,1006.0,1007.0,255000,0.0,0.0
2024-01-16 14:00:00+09:00,1007.0,1010.0,1003.5,1005.5,368700,0.0,0.0
2024-01-17 09:00:00+09:00,1011.0,1026.0,1010.0,1025.5,658300,0.0,0.0
2024-01-17 10:00:00+09:00,1026.0,1031.0,1016.5,1019.5,596000,0.0,0.0
2024-01-17 11:00:00+09:00,1020.0,1023.0,1016.5,1019.0,0,0.0,0.0
2024-01-17 12:00:00+09:00,1019.0,1020.5,1009.0,1010.5,1600800,0.0,0.0
2024-01-17 13:00:00+09:00,1010.5,1015.0,1009.0,1015.0,227400,0.0,0.0
2024-01-17 14:00:00+09:00,1015.0,1016.0,1003.5,1005.0,498200,0.0,0.0
2024-01-18 09:00:00+09:00,1005.0,1019.0,1004.0,1009.5,488900,0.0,0.0
2024-01-18 10:00:00+09:00,1010.0,1010.5,997.0999755859375,1009.5,365400,0.0,0.0
2024-01-18 11:00:00+09:00,1009.5,1010.5,1007.0,1008.0,0,0.0,0.0
2024-01-18 12:00:00+09:00,1006.5,1008.0,1002.5,1003.0,1052900,0.0,0.0
2024-01-18 13:00:00+09:00,1003.0,1004.0,995.7000122070312,998.0999755859375,202100,0.0,0.0
2024-01-18 14:00:00+09:00,998.2000122070312,1003.5,997.5,1002.5,371800,0.0,0.0
2024-01-19 09:00:00+09:00,1005.0,1005.5,997.7999877929688,1000.5,454800,0.0,0.0
2024-01-19 10:00:00+09:00,1000.5,1004.0,998.2999877929688,1003.5,188500,0.0,0.0
2024-01-19 11:00:00+09:00,1003.5,1005.0,1001.0,1001.0,0,0.0,0.0
2024-01-19 12:00:00+09:00,1000.0,1003.0,999.9000244140625,1001.0,887600,0.0,0.0
2024-01-19 13:00:00+09:00,1001.0,1001.5,996.4000244140625,997.0999755859375,199600,0.0,0.0
2024-01-19 14:00:00+09:00,997.0999755859375,1002.5,996.9000244140625,1000.5,258000,0.0,0.0
2024-01-22 09:00:00+09:00,1018.0,1038.5,1017.0,1033.5,0,0.0,0.0
2024-01-22 10:00:00+09:00,1033.5,1034.0,1023.5,1025.5,294100,0.0,0.0
2024-01-22 11:00:00+09:00,1025.0,1027.5,1023.0,1023.5,0,0.0,0.0
2024-01-22 12:00:00+09:00,1022.0,1024.5,1019.5,1020.0,1428500,0.0,0.0
2024-01-22 13:00:00+09:00,1020.0,1024.5,1019.0,1024.0,186900,0.0,0.0
2024-01-22 14:00:00+09:00,1024.0,1034.5,1023.0,1034.5,507900,0.0,0.0
2024-01-23 09:00:00+09:00,1030.0,1036.0,1020.0,1026.0,431400,0.0,0.0
2024-01-23 10:00:00+09:00,1025.5,1027.5,1022.0,1027.5,176300,0.0,0.0
2024-01-23 11:00:00+09:00,1027.0,1027.5,1025.0,1025.5,0,0.0,0.0
2024-01-23 12:00:00+09:00,1030.0,1033.5,1013.0,1014.0,1012700,0.0,0.0
2024-01-23 13:00:00+09:00,1014.0,1022.0,1013.0,1019.5,239600,0.0,0.0
2024-01-23 14:00:00+09:00,1019.5,1021.0,1012.0,1018.5,374500,0.0,0.0
2024-01-24 09:00:00+09:00,1006.0,1016.5,1003.5,1010.5,588000,0.0,0.0
2024-01-24 10:00:00+09:00,1011.0,1012.5,1007.0,1009.0,283000,0.0,0.0
2024-01-24 11:00:00+09:00,1009.5,1010.5,1005.5,1008.5,0,0.0,0.0
2024-01-24 12:00:00+09:00,1007.0,1008.5,1001.5,1004.5,1504900,0.0,0.0
2024-01-24 13:00:00+09:00,1004.5,1006.0,1001.0,1003.5,259000,0.0,0.0
2024-01-24 14:00:00+09:00,1004.0,1009.5,997.2000122070312,998.4000244140625,557700,0.0,0.0
2024-01-25 09:00:00+09:00,997.0,1001.5,986.0,988.4000244140625,635400,0.0,0.0
2024-01-25 10:00:00+09:00,988.0,998.5999755859375,987.2000122070312,996.4000244140625,307100,0.0,0.0
2024-01-25 11:00:00+09:00,996.5,1004.0,996.2000122070312,1004.0,0,0.0,0.0
2024-01-25 12:00:00+09:00,1004.0,1004.0,996.7000122070312,997.4000244140625,1313300,0.0,0.0
2024-01-25 13:00:00+09:00,997.4000244140625,999.0,995.9000244140625,996.4000244140625,281200,0.0,0.0
2024-01-25 14:00:00+09:00,996.2999877929688,999.2000122070312,994.5,994.5,524200,0.0,0.0
2024-01-26 09:00:00+09:00,998.2999877929688,999.5,984.7000122070312,987.0999755859375,751500,0.0,0.0
2024-01-26 10:00:00+09:00,987.0999755859375,989.9000244140625,983.2000122070312,986.5999755859375,431200,0.0,0.0
2024-01-26 11:00:00+09:00,986.7999877929688,989.9000244140625,985.9000244140625,986.0999755859375,0,0.0,0.0
2024-01-26 12:00:00+09:00,985.0,985.7999877929688,980.4000244140625,982.0999755859375,1612400,0.0,0.0
2024-01-26 13:00:00+09:00,982.0999755859375,983.7000122070312,976.5999755859375,977.5,374300,0.0,0.0
2024-01-26 14:00:00+09:00,977.5999755859375,985.4000244140625,977.5999755859375,980.0,454100,0.0,0.0
2024-01-29 09:00:00+09:00,980.7000122070312,995.0999755859375,980.5,992.0,496800,0.0,0.0
2024-01-29 10:00:00+09:00,991.9000244140625,993.7999877929688,990.2000122070312,991.5999755859375,215400,0.0,0.0
2024-01-29 11:00:00+09:00,991.5,993.2999877929688,990.7999877929688,991.7000122070312,0,0.0,0.0
2024-01-29 12:00:00+09:00,991.2999877929688,997.9000244140625,991.2999877929688,996.5,951200,0.0,0.0
2024-01-29 13:00:00+09:00,996.5,996.5,991.0999755859375,991.0999755859375,181100,0.0,0.0
2024-01-29 14:00:00+09:00,991.7999877929688,993.4000244140625,988.0,992.2999877929688,329500,0.0,0.0
2024-01-30 09:00:00+09:00,1000.0,1006.0,992.2000122070312,999.2000122070312,562800,0.0,0.0
2024-01-30 10:00:00+09:00,999.2000122070312,1001.0,994.4000244140625,995.4000244140625,288700,0.0,0.0
2024-01-30 11:00:00+09:00,995.2000122070312,995.2999877929688,992.2999877929688,994.2000122070312,0,0.0,0.0
2024-01-30 12:00:00+09:00,992.0999755859375,992.9000244140625,988.7999877929688,991.7999877929688,1277800,0.0,0.0
2024-01-30 13:00:00+09:00,991.9000244140625,992.2000122070312,987.4000244140625,988.2000122070312,301900,0.0,0.0
2024-01-30 14:00:00+09:00,988.0999755859375,988.2000122070312,984.2000122070312,984.9000244140625,596500,0.0,0.0
2024-01-31 09:00:00+09:00,979.0,983.7000122070312,976.5999755859375,982.4000244140625,577800,0.0,0.0
2024-01-31 10:00:00+09:00,982.7000122070312,988.2000122070312,982.2000122070312,987.4000244140625,246700,0.0,0.0
2024-01-31 11:00:00+09:00,987.4000244140625,987.7999877929688,985.0,985.0,0,0.0,0.0
2024-01-31 12:00:00+09:00,984.7000122070312,987.2999877929688,984.5999755859375,986.5999755859375,1142700,0.0,0.0
2024-01-31 13:00:00+09:00,986.4000244140625,988.7999877929688,985.2000122070312,986.5,287500,0.0,0.0
2024-01-31 14:00:00+09:00,986.2000122070312,992.7999877929688,986.2000122070312,992.7999877929688,635600,0.0,0.0
2024-02-01 09:00:00+09:00,995.0,998.2999877929688,985.0999755859375,985.0999755859375,836300,0.0,0.0
2024-02-01 10:00:00+09:00,985.4000244140625,994.2000122070312,984.4000244140625,988.2000122070312,384900,0.0,0.0
2024-02-01 11:00:00+09:00,988.4000244140625,988.7999877929688,976.0,977.9000244140625,0,0.0,0.0
2024-02-01 12:00:00+09:00,977.0,979.2999877929688,973.9000244140625,976.0,1919500,0.0,0.0
2024-02-01 13:00:00+09:00,976.0,976.2000122070312,972.2000122070312,975.2000122070312,435000,0.0,0.0
2024-02-01 14:00:00+09:00,975.2999877929688,978.5999755859375,975.0999755859375,975.5999755859375,467900,0.0,0.0
2024-02-02 09:00:00+09:00,985.0999755859375,989.2999877929688,979.0999755859375,989.0999755859375,735000,0.0,0.0
2024-02-02 10:00:00+09:00,988.9000244140625,989.0,984.0,987.5999755859375,301100,0.0,0.0
2024-02-02 11:00:00+09:00,987.5999755859375,989.0,986.2000122070312,989.0,0,0.0,0.0
2024-02-02 12:00:00+09:00,987.5,991.0,986.2999877929688,989.2000122070312,1342200,0.0,0.0
2024-02-02 13:00:00+09:00,989.0999755859375,993.0999755859375,986.0,992.7000122070312,252700,0.0,0.0
2024-02-02 14:00:00+09:00,992.5,993.0,986.0999755859375,988.4000244140625,344200,0.0,0.0
2024-02-05 09:00:00+09:00,989.5,990.5999755859375,980.0999755859375,987.7000122070312,493200,0.0,0.0
2024-02-05 10:00:00+09:00,987.5999755859375,995.0,986.4000244140625,994.7999877929688,246500,0.0,0.0
2024-02-05 11:00:00+09:00,994.7999877929688,1006.0,994.5,1006.0,0,0.0,0.0
2024-02-05 12:00:00+09:00,1008.5,1024.5,1007.0,1017.5,1691500,0.0,0.0
2024-02-05 13:00:00+09:00,1018.0,1023.5,1015.5,1017.0,549400,0.0,0.0
2024-02-05 14:00:00+09:00,1017.0,1019.5,1015.0,1017.5,596100,0.0,0.0
2024-02-06 09:00:00+09:00,1008.5,1012.0,990.9000244140625,996.5,1296200,0.0,0.0
2024-02-06 10:00:00+09:00,996.4000244140625,999.7999877929688,995.0,997.0999755859375,275500,0.0,0.0
2024-02-06 11:00:00+09:00,997.0999755859375,997.5,993.4000244140625,994.5,0,0.0,0.0
2024-02-06 12:00:00+09:00,994.5,995.0999755859375,985.4000244140625,986.9000244140625,2115100,0.0,0.0
2024-02-06 13:00:00+09:00,987.0,992.7000122070312,986.9000244140625,990.7000122070312,248800,0.0,0.0
2024-02-06 14:00:00+09:00,990.5999755859375,992.7999877929688,985.4000244140625,986.5,487800,0.0,0.0
2024-02-07 09:00:00+09:00,979.0,997.7000122070312,978.2999877929688,996.2999877929688,691000,0.0,0.0
2024-02-07 10:00:00+09:00,996.4000244140625,999.7000122070312,992.0999755859375,993.5,287600,0.0,0.0
2024-02-07 11:00:00+09:00,993.5,995.7000122070312,992.4000244140625,994.5999755859375,0,0.0,0.0
2024-02-07 12:00:00+09:00,993.5999755859375,994.2999877929688,986.2000122070312,986.7999877929688,1344500,0.0,0.0
2024-02-07 13:00:00+09:00,986.7999877929688,994.0,986.5999755859375,994.0,216300,0.0,0.0
2024-02-07 14:00:00+09:00,994.0,995.4000244140625,991.2000122070312,994.4000244140625,355300,0.0,0.0
2024-02-08 09:00:00+09:00,995.0,995.0,977.7000122070312,985.0999755859375,610500,0.0,0.0
2024-02-08 10:00:00+09:00,985.0,988.0,983.2000122070312,987.9000244140625,240900,0.0,0.0
2024-02-08 11:00:00+09:00,987.7999877929688,991.7000122070312,987.0,990.2000122070312,0,0.0,0.0
2024-02-08 12:00:00+09:00,992.0,993.7999877929688,988.4000244140625,989.4000244140625,1359200,0.0,0.0
2024-02-08 13:00:00+09:00,989.4000244140625,995.9000244140625,988.5,995.2999877929688,343100,0.0,0.0
2024-02-08 14:00:00+09:00,995.5,995.5999755859375,987.0999755859375,987.2000122070312,615100,0.0,0.0
2024-02-09 09:00:00+09:00,1003.0,1004.0,978.0999755859375,1001.5,1928000,0.0,0.0
2024-02-09 10:00:00+09:00,1002.0,1002.5,982.5,984.7999877929688,556400,0.0,0.0
2024-02-09 11:00:00+09:00,984.7000122070312,984.7999877929688,977.5,979.2999877929688,0,0.0,0.0
2024-02-09 12:00:00+09:00,981.0,983.0999755859375,972.7999877929688,975.7000122070312,3376300,0.0,0.0
2024-02-09 13:00:00+09:00,975.5999755859375,982.9000244140625,973.0999755859375,974.4000244140625,495400,0.0,0.0
2024-02-09 14:00:00+09:00,974.5,974.7000122070312,967.0,967.9000244140625,1072000,0.0,0.0
2024-02-13 09:00:00+09:00,980.0,987.9000244140625,960.0,971.2999877929688,1122900,0.0,0.0
2024-02-13 10:00:00+09:00,971.0999755859375,984.2999877929688,966.5,983.0999755859375,463400,0.0,0.0
2024-02-13 11:00:00+09:00,983.5,985.0,980.7999877929688,984.4000244140625,0,0.0,0.0
2024-02-13 12:00:00+09:00,987.0,989.7000122070312,983.5,985.7000122070312,2123100,0.0,0.0
2024-02-13 13:00:00+09:00,985.7000122070312,991.7000122070312,984.7000122070312,987.5999755859375,621900,0.0,0.0
2024-02-13 14:00:00+09:00,987.5,995.7999877929688,984.9000244140625,991.9000244140625,920300,0.0,0.0
2024-02-14 09:00:00+09:00,984.5,989.0999755859375,969.5,974.7000122070312,957300,0.0,0.0
2024-02-14 10:00:00+09:00,974.4000244140625,974.7000122070312,963.5999755859375,964.7999877929688,523400,0.0,0.0
2024-02-14 11:00:00+09:00,964.5999755859375,965.4000244140625,957.4000244140625,958.2000122070312,0,0.0,0.0
2024-02-14 12:00:00+09:00,957.0,957.9000244140625,952.0,952.5,2288100,0.0,0.0
2024-02-14 13:00:00+09:00,952.7000122070312,953.0,945.0999755859375,949.2999877929688,558500,0.0,0.0
2024-02-14 14:00:00+09:00,948.9000244140625,956.4000244140625,948.5999755859375,951.2999877929688,672000,0.0,0.0
2024-02-15 09:00:00+09:00,968.5999755859375,970.7999877929688,951.5,952.5,549000,0.0,0.0
2024-02-15 10:00:00+09:00,952.5999755859375,960.2999877929688,949.4000244140625,956.7999877929688,281800,0.0,0.0
2024-02-15 11:00:00+09:00,957.7000122070312,957.9000244140625,952.0999755859375,952.7999877929688,0,0.0,0.0
2024-02-15 12:00:00+09:00,955.9000244140625,957.2999877929688,953.0999755859375,955.2999877929688,1059300,0.0,0.0
2024-02-15 13:00:00+09:00,955.2999877929688,958.5,954.7999877929688,955.0,172700,0.0,0.0
2024-02-15 14:00:00+09:00,955.2999877929688,964.9000244140625,954.9000244140625,962.5999755859375,398000,0.0,0.0
2024-02-16 09:00:00+09:00,971.0,980.9000244140625,969.9000244140625,980.5,648000,0.0,0.0
2024-02-16 10:00:00+09:00,980.5,990.5999755859375,979.9000244140625,985.2000122070312,392600,0.0,0.0
2024-02-16 11:00:00+09:00,985.5999755859375,994.9000244140625,984.5999755859375,994.9000244140625,0,0.0,0.0
2024-02-16 12:00:00+09:00,995.2000122070312,1004.0,995.0,1002.5,1671100,0.0,0.0
2024-02-16 13:00:00+09:00,1003.0,1003.0,991.2000122070312,991.9000244140625,381100,0.0,0.0
2024-02-16 14:00:00+09:00,992.0,995.7000122070312,986.9000244140625,989.2999877929688,677700,0.0,0.0
2024-02-19 09:00:00+09:00,991.0,999.9000244140625,984.2000122070312,998.5,0,0.0,0.0
2024-02-19 10:00:00+09:00,998.2000122070312,1000.5,988.0999755859375,990.0999755859375,884700,0.0,0.0
2024-02-19 11:00:00+09:00,990.2000122070312,991.0,988.2999877929688,989.5999755859375,0,0.0,0.0
2024-02-19 12:00:00+09:00,989.0,991.0,987.2999877929688,988.2000122070312,1250100,0.0,0.0
2024-02-19 13:00:00+09:00,988.2999877929688,988.9000244140625,978.5,982.2999877929688,545300,0.0,0.0
2024-02-19 14:00:00+09:00,982.4000244140625,986.5999755859375,981.2999877929688,982.7999877929688,589600,0.0,0.0
2024-02-20 09:00:00+09:00,984.5,988.4000244140625,972.5999755859375,974.7000122070312,619700,0.0,0.0
2024-02-20 10:00:00+09:00,974.9000244140625,981.2999877929688,974.2000122070312,978.7999877929688,238100,0.0,0.0
2024-02-20 11:00:00+09:00,978.5,979.9000244140625,977.0,978.2000122070312,0,0.0,0.0
2024-02-20 12:00:00+09:00,976.5999755859375,978.5,974.5,978.5,1077400,0.0,0.0
2024-02-20 13:00:00+09:00,978.2000122070312,979.7999877929688,976.0999755859375,978.0999755859375,160100,0.0,0.0
2024-02-20 14:00:00+09:00,978.2000122070312,983.2999877929688,977.5999755859375,978.5999755859375,356600,0.0,0.0
2024-02-21 09:00:00+09:00,970.2000122070312,975.2000122070312,968.4000244140625,971.2999877929688,382100,0.0,0.0
2024-02-21 10:00:00+09:00,971.2999877929688,972.2999877929688,968.7000122070312,971.2000122070312,207000,0.0,0.0
2024-02-21 11:00:00+09:00,971.2999877929688,972.5,970.0,970.2999877929688,0,0.0,0.0
2024-02-21 12:00:00+09:00,971.5999755859375,974.9000244140625,970.7000122070312,974.4000244140625,881300,0.0,0.0
2024-02-21 13:00:00+09:00,974.4000244140625,980.5999755859375,974.2000122070312,978.4000244140625,250900,0.0,0.0
2024-02-21 14:00:00+09:00,978.4000244140625,983.0,978.0999755859375,982.0,477500,0.0,0.0
2024-02-22 09:00:00+09:00,989.4000244140625,991.7000122070312,978.4000244140625,991.2000122070312,690300,0.0,0.0
2024-02-22 10:00:00+09:00,991.0,995.4000244140625,990.7999877929688,994.7999877929688,625300,0.0,0.0
2024-02-22 11:00:00+09:00,995.0,999.4000244140625,993.0999755859375,996.0,0,0.0,0.0
2024-02-22 12:00:00+09:00,999.0,1003.0,997.0,998.7000122070312,1973400,0.0,0.0
2024-02-22 13:00:00+09:00,998.7000122070312,1004.0,995.0,1003.0,531000,0.0,0.0
2024-02-22 14:00:00+09:00,1003.0,1011.0,1002.0,1010.5,789300,0.0,0.0
2024-02-26 09:00:00+09:00,1018.0,1020.0,999.0,1007.0,709400,0.0,0.0
2024-02-26 10:00:00+09:00,1007.5,1012.5,1001.5,1002.5,244900,0.0,0.0
2024-02-26 11:00:00+09:00,1002.5,1006.0,1001.0,1003.0,0,0.0,0.0
2024-02-26 12:00:00+09:00,1001.0,1002.0,998.7999877929688,999.7000122070312,1299500,0.0,0.0
2024-02-26 13:00:00+09:00,999.5999755859375,999.7999877929688,996.2999877929688,997.2000122070312,287100,0.0,0.0
2024-02-26 14:00:00+09:00,997.2000122070312,998.9000244140625,993.5,994.0999755859375,467900,0.0,0.0
2024-02-27 09:00:00+09:00,991.5,1000.0,985.5999755859375,991.2999877929688,482000,0.0,0.0
2024-02-27 10:00:00+09:00,991.5999755859375,992.2999877929688,984.7000122070312,990.2000122070312,311200,0.0,0.0
2024-02-27 11:00:00+09:00,990.2999877929688,991.0999755859375,984.5,988.2000122070312,0,0.0,0.0
2024-02-27 12:00:00+09:00,985.5999755859375,986.7999877929688,977.2999877929688,978.9000244140625,1286900,0.0,0.0
2024-02-27 13:00:00+09:00,978.7000122070312,979.7999877929688,969.2000122070312,972.9000244140625,500500,0.0,0.0
2024-02-27 14:00:00+09:00,973.0,977.5999755859375,972.7000122070312,977.4000244140625,439700,0.0,0.0
2024-02-28 09:00:00+09:00,970.0,982.0999755859375,968.5,979.0999755859375,674900,0.0,0.0
2024-02-28 10:00:00+09:00,978.7000122070312,978.9000244140625,970.2999877929688,972.2999877929688,323100,0.0,0.0
2024-02-28 11:00:00+09:00,972.2999877929688,980.5999755859375,972.2999877929688,978.0,0,0.0,0.0
2024-02-28 12:00:00+09:00,979.2999877929688,982.7000122070312,975.9000244140625,980.9000244140625,1329000,0.0,0.0
2024-02-28 13:00:00+09:00,980.7999877929688,982.7999877929688,979.7000122070312,982.4000244140625,272000,0.0,0.0
2024-02-28 14:00:00+09:00,982.5,983.7999877929688,978.9000244140625,981.0999755859375,313900,0.0,0.0
2024-02-29 09:00:00+09:00,985.2999877929688,989.7000122070312,975.7999877929688,987.0999755859375,459700,0.0,0.0
2024-02-29 10:00:00+09:00,986.5,986.9000244140625,975.7000122070312,977.4000244140625,196100,0.0,0.0
2024-02-29 11:00:00+09:00,977.4000244140625,977.9000244140625,974.5,976.2999877929688,0,0.0,0.0
2024-02-29 12:00:00+09:00,976.0,983.0999755859375,974.0,982.5999755859375,885900,0.0,0.0
2024-02-29 13:00:00+09:00,982.7000122070312,985.7000122070312,981.5999755859375,984.7000122070312,147700,0.0,0.0
2024-02-29 14:00:00+09:00,984.7000122070312,986.7000122070312,982.2999877929688,983.7999877929688,282400,0.0,0.0
2024-03-01 09:00:00+09:00,988.9000244140625,993.0,983.5999755859375,989.7999877929688,548400,0.0,0.0
2024-03-01 10:00:00+09:00,990.0,1001.5,989.5999755859375,1001.0,377200,0.0,0.0
2024-03-01 11:00:00+09:00,1001.0,1003.5,999.5,1000.5,0,0.0,0.0
2024-03-01 12:00:00+09:00,1002.0,1009.5,1001.0,1008.0,1415700,0.0,0.0
2024-03-01 13:00:00+09:00,1008.0,1009.5,1006.0,1009.5,245200,0.0,0.0
2024-03-01 14:00:00+09:00,1009.5,1012.5,1008.0,1011.5,566200,0.0,0.0
2024-03-04 09:00:00+09:00,1020.0,1021.5,1002.0,1020.5,607100,0.0,0.0
2024-03-04 10:00:00+09:00,1020.5,1020.5,1009.5,1009.5,280500,0.0,0.0
2024-03-04 11:00:00+09:00,1009.5,1011.0,1007.5,1010.5,0,0.0,0.0
2024-03-04 12:00:00+09:00,1010.0,1014.0,1008.0,1014.0,1170200,0.0,0.0
2024-03-04 13:00:00+09:00,1014.0,1014.0,1009.0,1012.0,243000,0.0,0.0
2024-03-04 14:00:00+09:00,1012.5,1013.0,1009.5,1012.0,380900,0.0,0.0
2024-03-05 09:00:00+09:00,1003.0,1010.0,997.5999755859375,1004.5,606400,0.0,0.0
2024-03-05 10:00:00+09:00,1004.0,1006.0,1000.5,1004.5,226100,0.0,0.0
2024-03-05 11:00:00+09:00,1004.5,1005.0,1002.0,1004.5,0,0.0,0.0
2024-03-05 12:00:00+09:00,1002.5,1005.0,1001.5,1003.5,1065500,0.0,0.0
2024-03-05 13:00:00+09:00,1003.0,1004.5,1000.5,1003.0,187900,0.0,0.0
2024-03-05 14:00:00+09:00,1003.0,1004.0,999.5,1003.5,392100,0.0,0.0
2024-03-06 09:00:00+09:00,1012.0,1044.5,1008.5,1036.0,1874900,0.0,0.0
2024-03-06 10:00:00+09:00,1035.5,1037.0,1021.0,1021.5,432000,0.0,0.0
2024-03-06 11:00:00+09:00,1021.5,1022.5,1018.0,1020.5,0,0.0,0.0
2024-03-06 12:00:00+09:00,1021.0,1025.5,1019.5,1024.5,2868100,0.0,0.0
2024-03-06 13:00:00+09:00,1024.5,1031.5,1023.0,1031.5,286800,0.0,0.0
2024-03-06 14:00:00+09:00,1032.0,1033.5,1024.0,1026.5,519900,0.0,0.0
2024-03-07 09:00:00+09:00,1030.0,1051.0,1028.0,1029.0,946300,0.0,0.0
2024-03-07 10:00:00+09:00,1029.5,1032.0,1023.5,1026.5,479600,0.0,0.0
2024-03-07 11:00:00+09:00,1027.0,1029.0,1023.5,1024.5,0,0.0,0.0
2024-03-07 12:00:00+09:00,1026.5,1027.5,1020.5,1025.0,1971700,0.0,0.0
2024-03-07 13:00:00+09:00,1025.0,1025.0,1011.0,1011.5,378000,0.0,0.0
2024-03-07 14:00:00+09:00,1011.5,1012.0,1002.5,1008.5,527100,0.0,0.0
2024-03-08 09:00:00+09:00,1014.0,1017.5,995.5999755859375,1010.5,1413000,0.0,0.0
2024-03-08 10:00:00+09:00,1010.0,1010.5,1004.5,1008.5,194600,0.0,0.0
2024-03-08 11:00:00+09:00,1009.0,1011.5,1006.0,1011.5,0,0.0,0.0
2024-03-08 12:00:00+09:00,1011.0,1023.5,1010.0,1022.5,2010100,0.0,0.0
2024-03-08 13:00:00+09:00,1022.5,1024.0,1018.5,1019.0,246500,0.0,0.0
2024-03-08 14:00:00+09:00,1018.5,1018.5,1010.0,1011.5,479200,0.0,0.0
2024-03-11 09:00:00+09:00,999.2999877929688,1004.0,986.2000122070312,991.5999755859375,904300,0.0,0.0
2024-03-11 10:00:00+09:00,991.7000122070312,991.9000244140625,985.2000122070312,986.2000122070312,382400,0.0,0.0
2024-03-11 11:00:00+09:00,986.2999877929688,988.5999755859375,985.4000244140625,986.2999877929688,0,0.0,0.0
2024-03-11 12:00:00+09:00,986.7000122070312,988.0,977.4000244140625,978.2000122070312,1847100,0.0,0.0
2024-03-11 13:00:00+09:00,978.2000122070312,981.9000244140625,976.2000122070312,977.2000122070312,304600,0.0,0.0
2024-03-11 14:00:00+09:00,977.2999877929688,986.0,974.5,985.2000122070312,555500,0.0,0.0
2024-03-12 09:00:00+09:00,982.0,993.2000122070312,974.9000244140625,984.9000244140625,829300,0.0,0.0
2024-03-12 10:00:00+09:00,985.0,991.5999755859375,981.7999877929688,987.2999877929688,391500,0.0,0.0
2024-03-12 11:00:00+09:00,987.0999755859375,995.7999877929688,987.0999755859375,993.5,0,0.0,0.0
2024-03-12 12:00:00+09:00,995.7999877929688,1001.5,994.2999877929688,1000.5,1764300,0.0,0.0
2024-03-12 13:00:00+09:00,1001.0,1003.5,995.5999755859375,997.4000244140625,401300,0.0,0.0
2024-03-12 14:00:00+09:00,997.5,1005.0,997.5,1002.5,564700,0.0,0.0
2024-03-13 09:00:00+09:00,1009.0,1021.5,1007.5,1012.5,535200,0.0,0.0
2024-03-13 10:00:00+09:00,1012.5,1014.5,1007.0,1010.5,258600,0.0,0.0
2024-03-13 11:00:00+09:00,1010.5,1012.5,1006.0,1007.5,0,0.0,0.0
2024-03-13 12:00:00+09:00,1005.0,1008.5,1000.0,1005.5,1171700,0.0,0.0
2024-03-13 13:00:00+09:00,1006.0,1009.5,1005.0,1008.0,210500,0.0,0.0
2024-03-13 14:00:00+09:00,1008.0,1009.5,1005.5,1009.0,369300,0.0,0.0
2024-03-14 09:00:00+09:00,1020.0,1022.5,1010.0,1018.5,753500,0.0,0.0
2024-03-14 10:00:00+09:00,1020.5,1023.0,1017.0,1020.0,276200,0.0,0.0
2024-03-14 11:00:00+09:00,1020.0,1023.0,1019.5,1022.5,0,0.0,0.0
2024-03-14 12:00:00+09:00,1022.5,1029.5,1021.5,1028.0,1444000,0.0,0.0
2024-03-14 13:00:00+09:00,1027.5,1033.0,1027.5,1032.0,409800,0.0,0.0
2024-03-14 14:00:00+09:00,1032.5,1035.5,1031.0,1034.0,748700,0.0,0.0
2024-03-15 09:00:00+09:00,1040.0,1059.5,1040.0,1047.5,969700,0.0,0.0
2024-03-15 10:00:00+09:00,1047.5,1056.0,1046.5,1055.5,421500,0.0,0.0
2024-03-15 11:00:00+09:00,1056.0,1061.0,1055.0,1060.0,0,0.0,0.0
2024-03-15 12:00:00+09:00,1060.0,1073.0,1059.0,1072.5,2145900,0.0,0.0
2024-03-15 13:00:00+09:00,1072.5,1078.5,1069.5,1073.0,975900,0.0,0.0
2024-03-15 14:00:00+09:00,1073.0,1079.0,1070.5,1074.0,824400,0.0,0.0
2024-03-18 09:00:00+09:00,1081.0,1103.0,1079.5,1096.5,1611300,0.0,0.0
2024-03-18 10:00:00+09:00,1096.0,1102.5,1094.5,1100.0,490200,0.0,0.0
2024-03-18 11:00:00+09:00,1100.0,1100.5,1093.5,1098.0,0,0.0,0.0
2024-03-18 12:00:00+09:00,1098.0,1101.5,1092.0,1101.5,2833600,0.0,0.0
2024-03-18 13:00:00+09:00,1101.5,1104.5,1098.0,1101.0,440600,0.0,0.0
2024-03-18 14:00:00+09:00,1101.0,1105.0,1100.5,1104.0,599600,0.0,0.0
2024-03-19 09:00:00+09:00,1111.0,1119.0,1104.0,1114.5,836800,0.0,0.0
2024-03-19 10:00:00+09:00,1115.0,1115.0,1104.0,1107.0,320500,0.0,0.0
2024-03-19 11:00:00+09:00,1106.5,1109.5,1106.0,1109.5,0,0.0,0.0
2024-03-19 12:00:00+09:00,1109.0,1134.0,1107.0,1134.0,1877900,0.0,0.0
2024-03-19 13:00:00+09:00,1133.5,1170.0,1130.5,1168.5,1838400,0.0,0.0
2024-03-19 14:00:00+09:00,1168.5,1183.5,1166.5,1171.5,2230200,0.0,0.0
2024-03-21 09:00:00+09:00,1188.5,1190.0,1160.5,1177.0,1924400,0.0,0.0
2024-03-21 10:00:00+09:00,1177.0,1180.0,1165.0,1172.0,526300,0.0,0.0
2024-03-21 11:00:00+09:00,1172.0,1179.0,1170.5,1175.5,0,0.0,0.0
2024-03-21 12:00:00+09:00,1174.0,1181.5,1170.0,1181.0,3049800,0.0,0.0
2024-03-21 13:00:00+09:00,1181.5,1182.0,1175.0,1181.5,463400,0.0,0.0
2024-03-21 14:00:00+09:00,1181.5,1185.5,1176.5,1184.0,728800,0.0,0.0
2024-03-22 09:00:00+09:00,1205.5,1219.5,1188.5,1212.0,1290100,0.0,0.0
2024-03-22 10:00:00+09:00,1212.5,1212.5,1196.5,1203.5,481400,0.0,0.0
2024-03-22 11:00:00+09:00,1204.0,1207.0,1196.0,1200.0,0,0.0,0.0
2024-03-22 12:00:00+09:00,1195.5,1198.5,1180.0,1185.5,2509100,0.0,0.0
2024-03-22 13:00:00+09:00,1185.5,1198.0,1183.5,1198.0,409000,0.0,0.0
2024-03-22 14:00:00+09:00,1198.0,1200.0,1193.5,1197.5,678500,0.0,0.0
2024-03-25 09:00:00+09:00,1173.5,1185.0,1166.5,1181.5,986700,0.0,0.0
2024-03-25 10:00:00+09:00,1182.0,1184.5,1172.0,1177.5,377800,0.0,0.0
2024-03-25 11:00:00+09:00,1177.5,1179.5,1173.0,1179.0,0,0.0,0.0
2024-03-25 12:00:00+09:00,1177.5,1180.0,1173.5,1178.5,1757800,0.0,0.0
2024-03-25 13:00:00+09:00,1178.5,1179.0,1176.0,1178.0,304900,0.0,0.0
2024-03-25 14:00:00+09:00,1177.5,1181.5,1171.5,1173.0,881300,0.0,0.0
2024-03-26 09:00:00+09:00,1174.0,1191.0,1174.0,1188.5,563800,0.0,0.0
2024-03-26 10:00:00+09:00,1188.5,1197.5,1187.5,1191.5,348800,0.0,0.0
2024-03-26 11:00:00+09:00,1192.0,1193.5,1186.5,1187.5,0,0.0,0.0
2024-03-26 12:00:00+09:00,1191.0,1194.0,1188.0,1192.5,1275700,0.0,0.0
2024-03-26 13:00:00+09:00,1192.5,1195.5,1188.0,1188.0,263100,0.0,0.0
2024-03-26 14:00:00+09:00,1188.5,1195.5,1187.0,1193.0,434700,0.0,0.0
2024-03-27 09:00:00+09:00,1208.0,1217.5,1206.0,1216.5,944100,0.0,0.0
2024-03-27 10:00:00+09:00,1216.5,1230.5,1214.5,1221.0,574000,0.0,0.0
2024-03-27 11:00:00+09:00,1220.5,1228.5,1220.0,1228.5,0,0.0,0.0
2024-03-27 12:00:00+09:00,1231.0,1237.0,1230.5,1231.5,2226900,0.0,0.0
2024-03-27 13:00:00+09:00,1232.0,1237.0,1227.0,1231.0,379900,0.0,0.0
2024-03-27 14:00:00+09:00,1231.0,1234.0,1229.0,1230.5,607100,0.0,0.0
2024-03-28 09:00:00+09:00,1214.5,1231.0,1209.5,1230.5,1042700,0.0,0.0
2024-03-28 10:00:00+09:00,1230.5,1233.0,1214.0,1216.0,421500,0.0,0.0
2024-03-28 11:00:00+09:00,1216.0,1225.5,1215.5,1225.5,0,0.0,0.0
2024-03-28 12:00:00+09:00,1225.5,1229.0,1220.0,1224.0,2126600,0.0,0.0
2024-03-28 13:00:00+09:00,1224.5,1227.0,1220.5,1224.0,463600,0.0,0.0
2024-03-28 14:00:00+09:00,1224.5,1225.5,1214.0,1218.5,623900,0.0,0.0
2024-03-29 09:00:00+09:00,1237.0,1261.0,1232.0,1257.5,1124400,0.0,0.0
2024-03-29 10:00:00+09:00,1258.0,1266.5,1247.0,1247.0,692800,0.0,0.0
2024-03-29 11:00:00+09:00,1247.0,1248.5,1242.5,1248.0,0,0.0,0.0
2024-03-29 12:00:00+09:00,1249.0,1256.0,1245.0,1254.5,2531300,0.0,0.0
2024-03-29 13:00:00+09:00,1254.5,1261.0,1238.0,1241.0,645900,0.0,0.0
2024-03-29 14:00:00+09:00,1241.0,1251.5,1239.5,1251.0,689200,0.0,0.0
2024-04-01 09:00:00+09:00,1256.0,1259.0,1231.0,1233.5,894800,0.0,0.0
2024-04-01 10:00:00+09:00,1233.0,1233.0,1203.0,1204.0,681200,0.0,0.0
2024-04-01 11:00:00+09:00,1204.5,1204.5,1197.5,1201.5,0,0.0,0.0
2024-04-01 12:00:00+09:00,1197.5,1213.0,1196.5,1206.5,2382900,0.0,0.0
2024-04-01 13:00:00+09:00,1207.5,1213.5,1203.0,1212.5,472600,0.0,0.0
2024-04-01 14:00:00+09:00,1212.0,1212.0,1202.0,1209.5,681100,0.0,0.0
2024-04-02 09:00:00+09:00,1215.0,1220.5,1194.5,1215.5,856900,0.0,0.0
2024-04-02 10:00:00+09:00,1215.0,1217.0,1208.5,1213.5,289400,0.0,0.0
2024-04-02 11:00:00+09:00,1213.5,1213.5,1203.0,1204.0,0,0.0,0.0
2024-04-02 12:00:00+09:00,1202.5,1203.0,1189.0,1190.5,1636300,0.0,0.0
2024-04-02 13:00:00+09:00,1190.0,1199.5,1186.0,1197.0,314600,0.0,0.0
2024-04-02 14:00:00+09:00,1197.0,1207.5,1196.0,1206.5,495900,0.0,0.0
2024-04-03 09:00:00+09:00,1194.5,1205.0,1184.0,1200.5,939100,0.0,0.0
2024-04-03 10:00:00+09:00,1200.0,1200.0,1182.0,1194.5,449400,0.0,0.0
2024-04-03 11:00:00+09:00,1195.0,1197.0,1187.0,1192.0,0,0.0,0.0
2024-04-03 12:00:00+09:00,1190.0,1195.5,1186.0,1192.0,1959800,0.0,0.0
2024-04-03 13:00:00+09:00,1191.5,1195.0,1187.5,1193.0,466500,0.0,0.0
2024-04-03 14:00:00+09:00,1193.0,1195.5,1189.5,1193.5,563000,0.0,0.0
2024-04-04 09:00:00+09:00,1206.0,1206.0,1190.0,1199.5,712800,0.0,0.0
2024-04-04 10:00:00+09:00,1199.5,1209.5,1199.5,1202.0,320400,0.0,0.0
2024-04-04 11:00:00+09:00,1202.0,1204.0,1198.5,1201.0,0,0.0,0.0
2024-04-04 12:00:00+09:00,1204.0,1209.0,1203.0,1204.0,1440200,0.0,0.0
2024-04-04 13:00:00+09:00,1204.0,1204.5,1199.5,1200.0,342100,0.0,0.0
2024-04-04 14:00:00+09:00,1200.0,1200.0,1191.0,1194.0,698800,0.0,0.0
2024-04-05 09:00:00+09:00,1162.0,1171.0,1152.0,1167.0,1249400,0.0,0.0
2024-04-05 10:00:00+09:00,1167.0,1168.5,1157.0,1161.5,428600,0.0,0.0
2024-04-05 11:00:00+09:00,1161.5,1165.5,1160.5,1161.5,0,0.0,0.0
2024-04-05 12:00:00+09:00,1163.0,1179.0,1163.0,1176.5,2239500,0.0,0.0
2024-04-05 13:00:00+09:00,1176.5,1180.0,1173.0,1175.0,287100,0.0,0.0
2024-04-05 14:00:00+09:00,1175.5,1179.0,1174.5,1178.0,452800,0.0,0.0
2024-04-08 09:00:00+09:00,1180.0,1188.0,1175.0,1181.5,535200,0.0,0.0
2024-04-08 10:00:00+09:00,1181.5,1196.0,1177.5,1196.0,284200,0.0,0.0
2024-04-08 11:00:00+09:00,1196.0,1197.0,1183.0,1183.5,0,0.0,0.0
2024-04-08 12:00:00+09:00,1181.5,1184.0,1173.0,1173.5,1181800,0.0,0.0
2024-04-08 13:00:00+09:00,1174.0,1179.0,1173.5,1177.0,233300,0.0,0.0
2024-04-08 14:00:00+09:00,1177.5,1187.5,1177.0,1187.5,394100,0.0,0.0
2024-04-09 09:00:00+09:00,1203.0,1211.5,1195.0,1199.5,490100,0.0,0.0
2024-04-09 10:00:00+09:00,1199.0,1206.0,1195.5,1196.5,321600,0.0,0.0
2024-04-09 11:00:00+09:00,1196.5,1198.0,1193.5,1196.0,0,0.0,0.0
2024-04-09 12:00:00+09:00,1196.5,1197.0,1190.5,1193.5,1266400,0.0,0.0
2024-04-09 13:00:00+09:00,1193.5,1198.5,1193.5,1195.5,289900,0.0,0.0
2024-04-09 14:00:00+09:00,1195.5,1199.0,1194.0,1194.0,535400,0.0,0.0
2024-04-10 09:00:00+09:00,1199.5,1200.5,1191.0,1200.0,581900,0.0,0.0
2024-04-10 10:00:00+09:00,1200.5,1201.0,1182.5,1185.5,490700,0.0,0.0
2024-04-10 11:00:00+09:00,1185.5,1187.5,1182.0,1187.0,0,0.0,0.0
2024-04-10 12:00:00+09:00,1184.0,1187.0,1180.0,1181.5,1691800,0.0,0.0
2024-04-10 13:00:00+09:00,1181.0,1182.0,1175.0,1179.0,389500,0.0,0.0
2024-04-10 14:00:00+09:00,1178.5,1179.5,1170.5,1176.0,924100,0.0,0.0
2024-04-11 09:00:00+09:00,1153.5,1161.5,1146.0,1156.0,831500,0.0,0.0
2024-04-11 10:00:00+09:00,1155.5,1161.5,1146.5,1158.0,550900,0.0,0.0
2024-04-11 11:00:00+09:00,1158.0,1162.0,1157.0,1161.0,0,0.0,0.0
2024-04-11 12:00:00+09:00,1162.5,1164.5,1160.5,1163.0,1777700,0.0,0.0
2024-04-11 13:00:00+09:00,1163.5,1164.0,1150.0,1151.0,554700,0.0,0.0
2024-04-11 14:00:00+09:00,1150.5,1157.5,1150.0,1156.5,957200,0.0,0.0
2024-04-12 09:00:00+09:00,1171.5,1202.0,1165.0,1197.5,1553100,0.0,0.0
2024-04-12 10:00:00+09:00,1197.5,1214.0,1195.5,1213.5,1043600,0.0,0.0
2024-04-12 11:00:00+09:00,1213.5,1233.0,1213.5,1231.5,0,0.0,0.0
2024-04-12 12:00:00+09:00,1235.0,1252.5,1228.0,1250.5,5251600,0.0,0.0
2024-04-12 13:00:00+09:00,1250.0,1253.0,1222.5,1223.0,1117200,0.0,0.0
2024-04-12 14:00:00+09:00,1223.5,1232.0,1220.5,1228.0,968600,0.0,0.0
2024-04-15 09:00:00+09:00,1200.0,1236.5,1185.5,1212.5,1294300,0.0,0.0
2024-04-15 10:00:00+09:00,1213.0,1218.5,1206.0,1214.0,537500,0.0,0.0
2024-04-15 11:00:00+09:00,1214.0,1221.0,1214.0,1219.5,0,0.0,0.0
2024-04-15 12:00:00+09:00,1218.0,1223.0,1213.5,1220.0,2538200,0.0,0.0
2024-04-15 13:00:00+09:00,1219.5,1223.5,1215.5,1221.0,473300,0.0,0.0
2024-04-15 14:00:00+09:00,1221.0,1228.5,1215.5,1222.5,944400,0.0,0.0
2024-04-16 09:00:00+09:00,1207.0,1207.5,1185.5,1194.0,735500,0.0,0.0
2024-04-16 10:00:00+09:00,1194.5,1196.0,1174.5,1175.0,604700,0.0,0.0
2024-04-16 11:00:00+09:00,1174.5,1177.5,1167.5,1167.5,0,0.0,0.0
2024-04-16 12:00:00+09:00,1167.0,1171.0,1162.0,1170.5,1977400,0.0,0.0
2024-04-16 13:00:00+09:00,1171.5,1172.5,1166.5,1169.5,260100,0.0,0.0
2024-04-16 14:00:00+09:00,1169.5,1174.0,1167.5,1168.5,543700,0.0,0.0
2024-04-17 09:00:00+09:00,1173.0,1183.5,1152.0,1154.5,952700,0.0,0.0
2024-04-17 10:00:00+09:00,1154.5,1164.0,1143.5,1163.0,599700,0.0,0.0
2024-04-17 11:00:00+09:00,1163.0,1175.0,1162.0,1163.0,0,0.0,0.0
2024-04-17 12:00:00+09:00,1160.0,1163.5,1154.5,1159.0,2040800,0.0,0.0
2024-04-17 13:00:00+09:00,1159.0,1160.0,1152.0,1155.0,308500,0.0,0.0
2024-04-17 14:00:00+09:00,1155.5,1160.0,1151.5,1152.5,641200,0.0,0.0
2024-04-18 09:00:00+09:00,1140.5,1151.5,1130.0,1145.0,672200,0.0,0.0
2024-04-18 10:00:00+09:00,1145.0,1151.0,1143.0,1150.5,242400,0.0,0.0
2024-04-18 11:00:00+09:00,1150.5,1157.5,1150.0,1155.5,0,0.0,0.0
2024-04-18 12:00:00+09:00,1154.0,1159.0,1149.5,1150.0,1244800,0.0,0.0
2024-04-18 13:00:00+09:00,1150.5,1153.0,1147.5,1148.0,265200,0.0,0.0
2024-04-18 14:00:00+09:00,1148.5,1154.0,1148.0,1151.5,436800,0.0,0.0
2024-04-19 09:00:00+09:00,1140.0,1149.0,1127.0,1128.5,749800,0.0,0.0
2024-04-19 10:00:00+09:00,1128.5,1129.0,1115.0,1122.5,641800,0.0,0.0
2024-04-19 11:00:00+09:00,1122.5,1123.0,1105.5,1106.5,0,0.0,0.0
2024-04-19 12:00:00+09:00,1111.0,1127.0,1111.0,1125.5,2316300,0.0,0.0
2024-04-19 13:00:00+09:00,1126.0,1132.0,1120.5,1130.0,322400,0.0,0.0
2024-04-19 14:00:00+09:00,1130.0,1136.0,1124.5,1125.5,481900,0.0,0.0
2024-04-22 09:00:00+09:00,1150.5,1158.0,1130.5,1131.0,706900,0.0,0.0
2024-04-22 10:00:00+09:00,1131.0,1135.5,1124.0,1127.5,543900,0.0,0.0
2024-04-22 11:00:00+09:00,1128.0,1137.5,1127.0,1132.5,0,0.0,0.0
2024-04-22 12:00:00+09:00,1132.0,1133.0,1122.5,1126.5,1731300,0.0,0.0
2024-04-22 13:00:00+09:00,1126.0,1131.5,1124.5,1131.0,317900,0.0,0.0
2024-04-22 14:00:00+09:00,1131.0,1137.0,1126.5,1137.0,334800,0.0,0.0
2024-04-23 09:00:00+09:00,1150.0,1162.5,1146.0,1148.0,429600,0.0,0.0
2024-04-23 10:00:00+09:00,1147.0,1149.0,1140.5,1143.0,233200,0.0,0.0
2024-04-23 11:00:00+09:00,1143.0,1150.5,1142.0,1150.5,0,0.0,0.0
2024-04-23 12:00:00+09:00,1151.5,1154.5,1148.0,1152.5,915300,0.0,0.0
2024-04-23 13:00:00+09:00,1152.5,1155.0,1150.5,1153.5,129000,0.0,0.0
2024-04-23 14:00:00+09:00,1153.5,1154.5,1149.0,1150.0,370700,0.0,0.0
2024-04-24 09:00:00+09:00,1150.0,1159.5,1146.0,1147.0,454600,0.0,0.0
2024-04-24 10:00:00+09:00,1147.0,1155.5,1145.5,1153.5,284300,0.0,0.0
2024-04-24 11:00:00+09:00,1153.5,1155.5,1150.0,1151.0,0,0.0,0.0
2024-04-24 12:00:00+09:00,1150.0,1150.5,1146.0,1148.5,1114800,0.0,0.0
2024-04-24 13:00:00+09:00,1148.5,1149.5,1145.0,1148.0,179200,0.0,0.0
2024-04-24 14:00:00+09:00,1148.5,1151.5,1146.0,1151.5,431100,0.0,0.0
2024-04-25 09:00:00+09:00,1154.0,1160.0,1136.0,1137.0,478000,0.0,0.0
2024-04-25 10:00:00+09:00,1137.5,1142.5,1129.5,1136.0,355600,0.0,0.0
2024-04-25 11:00:00+09:00,1135.5,1141.0,1134.5,1141.0,0,0.0,0.0
2024-04-25 12:00:00+09:00,1138.0,1138.0,1122.5,1128.5,1164700,0.0,0.0
2024-04-25 13:00:00+09:00,1128.5,1132.5,1125.0,1125.5,361600,0.0,0.0
2024-04-25 14:00:00+09:00,1125.5,1127.0,1122.5,1124.0,506100,0.0,0.0
2024-04-26 09:00:00+09:00,1123.5,1127.5,1117.5,1123.0,490100,0.0,0.0
2024-04-26 10:00:00+09:00,1122.5,1129.0,1121.0,1127.0,273200,0.0,0.0
2024-04-26 11:00:00+09:00,1126.5,1130.0,1125.5,1126.0,0,0.0,0.0
2024-04-26 12:00:00+09:00,1137.0,1149.0,1134.0,1149.0,1270200,0.0,0.0
2024-04-26 13:00:00+09:00,1148.5,1152.5,1144.0,1149.5,472400,0.0,0.0
2024-04-26 14:00:00+09:00,1150.0,1152.5,1147.5,1150.0,427100,0.0,0.0
2024-04-30 09:00:00+09:00,1170.5,1173.5,1157.0,1161.5,0,0.0,0.0
2024-04-30 10:00:00+09:00,1161.5,1172.5,1161.5,1170.0,200400,0.0,0.0
2024-04-30 11:00:00+09:00,1170.5,1174.0,1165.0,1165.0,0,0.0,0.0
2024-04-30 12:00:00+09:00,1167.0,1167.5,1161.0,1161.0,1146100,0.0,0.0
2024-04-30 13:00:00+09:00,1161.0,1164.0,1157.0,1157.5,246200,0.0,0.0
2024-04-30 14:00:00+09:00,1157.0,1163.5,1154.0,1162.5,393400,0.0,0.0
2024-05-01 09:00:00+09:00,1131.5,1149.5,1131.5,1146.0,441100,0.0,0.0
2024-05-01 10:00:00+09:00,1146.5,1146.5,1140.0,1141.0,215500,0.0,0.0
2024-05-01 11:00:00+09:00,1141.0,1143.5,1138.0,1143.5,0,0.0,0.0
2024-05-01 12:00:00+09:00,1147.0,1151.0,1146.5,1150.5,985600,0.0,0.0
2024-05-01 13:00:00+09:00,1150.5,1153.5,1147.5,1152.0,109000,0.0,0.0
2024-05-01 14:00:00+09:00,1152.5,1155.0,1148.0,1150.0,290800,0.0,0.0
2024-05-02 09:00:00+09:00,1149.0,1162.5,1144.0,1161.0,381400,0.0,0.0
2024-05-02 10:00:00+09:00,1161.0,1164.0,1156.5,1163.5,207200,0.0,0.0
2024-05-02 11:00:00+09:00,1163.5,1172.0,1162.0,1171.0,0,0.0,0.0
2024-05-02 12:00:00+09:00,1171.0,1174.0,1169.0,1171.0,1042600,0.0,0.0
2024-05-02 13:00:00+09:00,1171.0,1172.0,1168.0,1168.5,214800,0.0,0.0
2024-05-02 14:00:00+09:00,1169.0,1170.5,1157.0,1159.5,429600,0.0,0.0
2024-05-07 09:00:00+09:00,1157.0,1167.5,1155.0,1158.5,591600,0.0,0.0
2024-05-07 10:00:00+09:00,1158.0,1161.0,1153.5,1160.0,206800,0.0,0.0
2024-05-07 11:00:00+09:00,1160.0,1160.0,1152.5,1157.0,0,0.0,0.0
2024-05-07 12:00:00+09:00,1155.5,1160.0,1154.5,1159.0,1051500,0.0,0.0
2024-05-07 13:00:00+09:00,1159.0,1160.0,1155.5,1156.0,237600,0.0,0.0
2024-05-07 14:00:00+09:00,1156.0,1159.5,1154.0,1159.0,417200,0.0,0.0
2024-05-08 09:00:00+09:00,1159.5,1163.0,1150.5,1159.0,355800,0.0,0.0
2024-05-08 10:00:00+09:00,1159.0,1160.0,1154.0,1156.0,211300,0.0,0.0
2024-05-08 11:00:00+09:00,1155.5,1155.5,1146.5,1148.5,0,0.0,0.0
2024-05-08 12:00:00+09:00,1146.5,1148.0,1142.5,1147.0,873500,0.0,0.0
2024-05-08 13:00:00+09:00,1147.0,1152.5,1142.5,1150.5,225900,0.0,0.0
2024-05-08 14:00:00+09:00,1150.0,1152.0,1146.5,1147.5,384700,0.0,0.0
2024-05-09 09:00:00+09:00,1139.0,1153.0,1136.0,1152.0,0,0.0,0.0
2024-05-09 10:00:00+09:00,1152.5,1157.0,1150.0,1156.0,636300,0.0,0.0
2024-05-09 11:00:00+09:00,1156.0,1161.0,1155.5,1160.5,0,0.0,0.0
2024-05-09 12:00:00+09:00,1159.5,1160.5,1156.5,1157.5,908600,0.0,0.0
2024-05-09 13:00:00+09:00,1157.0,1159.5,1156.0,1157.5,148700,0.0,0.0
2024-05-09 14:00:00+09:00,1158.0,1158.0,1149.5,1154.0,379600,0.0,0.0
2024-05-10 09:00:00+09:00,1159.0,1181.0,1159.0,1179.5,859400,0.0,0.0
2024-05-10 10:00:00+09:00,1180.0,1185.0,1167.0,1167.5,297600,0.0,0.0
2024-05-10 11:00:00+09:00,1167.5,1170.0,1165.0,1169.5,0,0.0,0.0
2024-05-10 12:00:00+09:00,1169.0,1169.5,1161.0,1169.0,1445000,0.0,0.0
2024-05-10 13:00:00+09:00,1169.5,1169.5,1165.0,1168.5,208600,0.0,0.0
2024-05-10 14:00:00+09:00,1168.0,1171.0,1164.5,1171.0,393300,0.0,0.0
2024-05-13 09:00:00+09:00,1180.0,1182.5,1142.0,1173.0,1219700,0.0,0.0
2024-05-13 10:00:00+09:00,1173.0,1174.0,1146.5,1152.0,416200,0.0,0.0
2024-05-13 11:00:00+09:00,1152.5,1158.0,1151.0,1155.5,0,0.0,0.0
2024-05-13 12:00:00+09:00,1154.0,1160.0,1152.0,1155.0,2141400,0.0,0.0
2024-05-13 13:00:00+09:00,1155.5,1156.0,1147.0,1150.5,426600,0.0,0.0
2024-05-13 14:00:00+09:00,1151.0,1151.0,1142.5,1147.5,710900,0.0,0.0
2024-05-14 09:00:00+09:00,1146.5,1149.0,1130.5,1133.5,753300,0.0,0.0
2024-05-14 10:00:00+09:00,1133.0,1146.5,1133.0,1137.5,324000,0.0,0.0
2024-05-14 11:00:00+09:00,1138.0,1139.5,1134.0,1137.5,0,0.0,0.0
2024-05-14 12:00:00+09:00,1135.0,1141.5,1133.0,1141.0,1547100,0.0,0.0
2024-05-14 13:00:00+09:00,1141.5,1143.0,1137.0,1142.5,303700,0.0,0.0
2024-05-14 14:00:00+09:00,1142.0,1146.5,1138.5,1143.5,474300,0.0,0.0
2024-05-15 09:00:00+09:00,1135.0,1138.5,1120.0,1126.0,652700,0.0,0.0
2024-05-15 10:00:00+09:00,1126.0,1128.0,1122.5,1124.0,281800,0.0,0.0
2024-05-15 11:00:00+09:00,1124.5,1125.5,1118.5,1120.5,0,0.0,0.0
2024-05-15 12:00:00+09:00,1120.0,1130.0,1120.0,1125.5,1609300,0.0,0.0
2024-05-15 13:00:00+09:00,1125.5,1127.5,1122.0,1122.5,339100,0.0,0.0
2024-05-15 14:00:00+09:00,1122.0,1124.5,1118.5,1122.5,540400,0.0,0.0
2024-05-16 09:00:00+09:00,1121.0,1123.5,1092.0,1092.0,709600,0.0,0.0
2024-05-16 10:00:00+09:00,1092.0,1097.0,1090.5,1092.5,269200,0.0,0.0
2024-05-16 11:00:00+09:00,1093.0,1099.0,1091.5,1099.0,0,0.0,0.0
2024-05-16 12:00:00+09:00,1099.0,1107.0,1097.0,1097.5,1354200,0.0,0.0
2024-05-16 13:00:00+09:00,1097.5,1097.5,1093.0,1095.0,323200,0.0,0.0
2024-05-16 14:00:00+09:00,1095.0,1103.5,1094.5,1102.5,522200,0.0,0.0
2024-05-17 09:00:00+09:00,1090.0,1099.5,1081.5,1098.0,434200,0.0,0.0
2024-05-17 10:00:00+09:00,1098.0,1112.5,1097.5,1109.5,218600,0.0,0.0
2024-05-17 11:00:00+09:00,1110.5,1110.5,1100.0,1100.5,0,0.0,0.0
2024-05-17 12:00:00+09:00,1097.5,1102.5,1092.5,1098.5,1106100,0.0,0.0
2024-05-17 13:00:00+09:00,1098.5,1099.0,1095.5,1095.5,130600,0.0,0.0
2024-05-17 14:00:00+09:00,1095.5,1100.0,1093.5,1099.0,403000,0.0,0.0
2024-05-20 09:00:00+09:00,1103.0,1121.5,1102.5,1120.5,451300,0.0,0.0
2024-05-20 10:00:00+09:00,1121.0,1126.5,1117.5,1119.0,302100,0.0,0.0
2024-05-20 11:00:00+09:00,1119.5,1120.5,1116.5,1120.5,0,0.0,0.0
2024-05-20 12:00:00+09:00,1117.0,1118.0,1111.5,1113.5,1043800,0.0,0.0
2024-05-20 13:00:00+09:00,1113.0,1114.0,1105.0,1108.0,254100,0.0,0.0
2024-05-20 14:00:00+09:00,1107.5,1108.5,1104.0,1108.0,485900,0.0,0.0
2024-05-21 09:00:00+09:00,1105.0,1108.5,1095.5,1105.5,338300,0.0,0.0
2024-05-21 10:00:00+09:00,1105.0,1106.0,1100.0,1101.0,127300,0.0,0.0
2024-05-21 11:00:00+09:00,1100.5,1101.5,1096.5,1099.0,0,0.0,0.0
2024-05-21 12:00:00+09:00,1103.0,1107.0,1098.5,1098.5,739800,0.0,0.0
2024-05-21 13:00:00+09:00,1098.0,1099.0,1095.5,1098.0,130700,0.0,0.0
2024-05-21 14:00:00+09:00,1098.0,1098.5,1095.5,1097.0,244400,0.0,0.0
2024-05-22 09:00:00+09:00,1094.5,1096.0,1082.5,1087.0,358700,0.0,0.0
2024-05-22 10:00:00+09:00,1087.0,1089.5,1081.0,1081.0,157000,0.0,0.0
2024-05-22 11:00:00+09:00,1081.0,1086.0,1081.0,1086.0,0,0.0,0.0
2024-05-22 12:00:00+09:00,1083.0,1085.5,1082.0,1085.0,750700,0.0,0.0
2024-05-22 13:00:00+09:00,1085.0,1086.5,1081.5,1082.5,117200,0.0,0.0
2024-05-22 14:00:00+09:00,1082.5,1083.5,1080.0,1080.0,276500,0.0,0.0
2024-05-23 09:00:00+09:00,1078.0,1078.0,1051.0,1056.0,701000,0.0,0.0
2024-05-23 10:00:00+09:00,1056.0,1064.5,1054.0,1059.5,328400,0.0,0.0
2024-05-23 11:00:00+09:00,1059.5,1064.0,1059.5,1060.0,0,0.0,0.0
2024-05-23 12:00:00+09:00,1062.5,1065.5,1060.0,1064.5,1354600,0.0,0.0
2024-05-23 13:00:00+09:00,1064.5,1065.0,1060.5,1062.0,202100,0.0,0.0
2024-05-23 14:00:00+09:00,1062.0,1063.0,1060.0,1062.0,407400,0.0,0.0
2024-05-24 09:00:00+09:00,1040.5,1051.5,1032.5,1046.0,571500,0.0,0.0
2024-05-24 10:00:00+09:00,1046.0,1048.5,1039.0,1041.5,231200,0.0,0.0
2024-05-24 11:00:00+09:00,1042.0,1044.0,1040.0,1042.0,0,0.0,0.0
2024-05-24 12:00:00+09:00,1042.0,1046.0,1036.5,1037.5,1352600,0.0,0.0
2024-05-24 13:00:00+09:00,1037.5,1041.5,1036.5,1038.5,256300,0.0,0.0
2024-05-24 14:00:00+09:00,1038.5,1041.5,1037.5,1041.5,421900,0.0,0.0
2024-05-27 09:00:00+09:00,1046.0,1047.0,1031.0,1036.5,572600,0.0,0.0
2024-05-27 10:00:00+09:00,1037.0,1038.0,1031.0,1035.0,248900,0.0,0.0
2024-05-27 11:00:00+09:00,1035.5,1036.0,1031.5,1031.5,0,0.0,0.0
2024-05-27 12:00:00+09:00,1034.0,1038.0,1031.5,1033.5,1098200,0.0,0.0
2024-05-27 13:00:00+09:00,1034.0,1039.5,1034.0,1037.5,169100,0.0,0.0
2024-05-27 14:00:00+09:00,1037.5,1044.5,1036.5,1043.5,386400,0.0,0.0
2024-05-28 09:00:00+09:00,1038.0,1043.5,1032.0,1036.5,654700,0.0,0.0
2024-05-28 10:00:00+09:00,1036.5,1041.0,1033.0,1035.0,243600,0.0,0.0
2024-05-28 11:00:00+09:00,1035.0,1035.5,1033.0,1035.0,0,0.0,0.0
2024-05-28 12:00:00+09:00,1035.5,1035.5,1031.5,1033.0,1240100,0.0,0.0
2024-05-28 13:00:00+09:00,1033.0,1033.0,1025.5,1026.0,285500,0.0,0.0
2024-05-28 14:00:00+09:00,1025.5,1031.0,1023.5,1028.5,547500,0.0,0.0
2024-05-29 09:00:00+09:00,1026.5,1033.0,1015.5,1025.0,831300,0.0,0.0
2024-05-29 10:00:00+09:00,1025.0,1028.0,1023.5,1026.0,305300,0.0,0.0
2024-05-29 11:00:00+09:00,1026.5,1029.0,1024.5,1028.5,0,0.0,0.0
2024-05-29 12:00:00+09:00,1028.5,1028.5,1024.0,1025.5,1516200,0.0,0.0
2024-05-29 13:00:00+09:00,1025.5,1026.5,1024.5,1026.0,210000,0.0,0.0
2024-05-29 14:00:00+09:00,1025.5,1027.0,1023.5,1025.5,512900,0.0,0.0
2024-05-30 09:00:00+09:00,1015.0,1019.0,1007.5,1014.0,684500,0.0,0.0
2024-05-30 10:00:00+09:00,1014.0,1027.0,1014.0,1022.5,265100,0.0,0.0
2024-05-30 11:00:00+09:00,1023.0,1025.0,1021.5,1024.0,0,0.0,0.0
2024-05-30 12:00:00+09:00,1027.5,1030.0,1026.0,1027.0,1296000,0.0,0.0
2024-05-30 13:00:00+09:00,1027.0,1029.0,1025.0,1027.0,259100,0.0,0.0
2024-05-30 14:00:00+09:00,1027.0,1029.0,1023.0,1029.0,561700,0.0,0.0
2024-05-31 09:00:00+09:00,1049.0,1059.0,1044.5,1057.5,956400,0.0,0.0
2024-05-31 10:00:00+09:00,1057.0,1061.0,1054.0,1057.5,450900,0.0,0.0
2024-05-31 11:00:00+09:00,1057.0,1060.0,1054.5,1060.0,0,0.0,0.0
2024-05-31 12:00:00+09:00,1065.5,1079.0,1063.0,1078.5,2388700,0.0,0.0
2024-05-31 13:00:00+09:00,1078.5,1086.5,1060.0,1081.0,734200,0.0,0.0
2024-05-31 14:00:00+09:00,1081.5,1087.0,1080.5,1084.5,975000,0.0,0.0
2024-06-03 09:00:00+09:00,1105.0,1114.5,1096.0,1106.0,739300,0.0,0.0
2024-06-03 10:00:00+09:00,1105.5,1109.0,1099.0,1099.5,233600,0.0,0.0
2024-06-03 11:00:00+09:00,1099.0,1101.5,1095.5,1101.5,0,0.0,0.0
2024-06-03 12:00:00+09:00,1099.0,1100.5,1095.0,1100.5,1331000,0.0,0.0
2024-06-03 13:00:00+09:00,1100.5,1100.5,1096.5,1098.0,199700,0.0,0.0
2024-06-03 14:00:00+09:00,1097.5,1099.5,1093.0,1096.0,404000,0.0,0.0
2024-06-04 09:00:00+09:00,1102.5,1118.5,1099.5,1111.5,962300,0.0,0.0
2024-06-04 10:00:00+09:00,1111.5,1116.5,1107.5,1115.5,741100,0.0,0.0
2024-06-04 11:00:00+09:00,1115.5,1118.0,1113.5,1117.5,0,0.0,0.0
2024-06-04 12:00:00+09:00,1119.5,1134.0,1117.0,1131.5,2971800,0.0,0.0
2024-06-04 13:00:00+09:00,1131.5,1137.0,1128.5,1129.5,695400,0.0,0.0
2024-06-04 14:00:00+09:00,1129.5,1133.0,1126.0,1132.5,1002200,0.0,0.0
2024-06-05 09:00:00+09:00,1134.0,1159.5,1128.5,1158.5,1163100,0.0,0.0
2024-06-05 10:00:00+09:00,1158.5,1163.5,1148.5,1150.5,610300,0.0,0.0
2024-06-05 11:00:00+09:00,1150.5,1152.0,1141.5,1142.5,0,0.0,0.0
2024-06-05 12:00:00+09:00,1142.0,1150.0,1140.5,1142.5,2405100,0.0,0.0
2024-06-05 13:00:00+09:00,1143.0,1143.0,1135.0,1136.5,300000,0.0,0.0
2024-06-05 14:00:00+09:00,1136.5,1139.0,1128.0,1132.5,696200,0.0,0.0
2024-06-06 09:00:00+09:00,1147.0,1154.5,1137.5,1148.0,861500,0.0,0.0
2024-06-06 10:00:00+09:00,1148.0,1151.0,1146.5,1147.5,333800,0.0,0.0
2024-06-06 11:00:00+09:00,1147.5,1148.0,1132.0,1132.0,0,0.0,0.0
2024-06-06 12:00:00+09:00,1131.0,1132.5,1127.0,1129.5,1570400,0.0,0.0
2024-06-06 13:00:00+09:00,1130.0,1132.0,1125.5,1126.5,259200,0.0,0.0
2024-06-06 14:00:00+09:00,1126.0,1131.5,1126.0,1126.5,457100,0.0,0.0
2024-06-07 09:00:00+09:00,1130.0,1137.5,1127.5,1135.5,475700,0.0,0.0
2024-06-07 10:00:00+09:00,1135.5,1137.0,1131.0,1131.5,250400,0.0,0.0
2024-06-07 11:00:00+09:00,1131.5,1137.0,1131.5,1137.0,0,0.0,0.0
2024-06-07 12:00:00+09:00,1137.0,1144.0,1136.5,1140.5,1096800,0.0,0.0
2024-06-07 13:00:00+09:00,1140.0,1144.0,1137.5,1141.5,284900,0.0,0.0
2024-06-07 14:00:00+09:00,1141.0,1142.0,1136.5,1137.5,417600,0.0,0.0
2024-06-10 09:00:00+09:00,1136.5,1151.0,1135.5,1143.0,686600,0.0,0.0
2024-06-10 10:00:00+09:00,1142.5,1149.0,1136.5,1143.0,337700,0.0,0.0
2024-06-10 11:00:00+09:00,1143.0,1145.0,1142.5,1142.5,0,0.0,0.0
2024-06-10 12:00:00+09:00,1146.5,1147.0,1140.0,1141.0,1519300,0.0,0.0
2024-06-10 13:00:00+09:00,1141.0,1142.5,1137.0,1142.5,332400,0.0,0.0
2024-06-10 14:00:00+09:00,1142.5,1143.5,1135.0,1136.5,639100,0.0,0.0
2024-06-11 09:00:00+09:00,1129.5,1129.5,1117.5,1120.5,533600,0.0,0.0
2024-06-11 10:00:00+09:00,1120.5,1120.5,1113.5,1117.0,287100,0.0,0.0
2024-06-11 11:00:00+09:00,1116.5,1118.5,1116.0,1116.5,0,0.0,0.0
2024-06-11 12:00:00+09:00,1115.0,1116.5,1111.0,1115.5,1083000,0.0,0.0
2024-06-11 13:00:00+09:00,1116.0,1119.0,1111.0,1117.5,295500,0.0,0.0
2024-06-11 14:00:00+09:00,1117.0,1117.5,1112.0,1112.0,343100,0.0,0.0
2024-06-12 09:00:00+09:00,1099.5,1118.0,1099.0,1111.5,593900,0.0,0.0
2024-06-12 10:00:00+09:00,1111.5,1114.5,1108.5,1109.5,340600,0.0,0.0
2024-06-12 11:00:00+09:00,1109.5,1110.0,1101.5,1102.5,0,0.0,0.0
2024-06-12 12:00:00+09:00,1103.5,1104.5,1097.5,1097.5,1256100,0.0,0.0
2024-06-12 13:00:00+09:00,1098.0,1099.5,1095.5,1096.0,212600,0.0,0.0
2024-06-12 14:00:00+09:00,1096.0,1097.5,1092.5,1093.0,343800,0.0,0.0
2024-06-13 09:00:00+09:00,1092.5,1096.5,1079.0,1085.0,337000,0.0,0.0
2024-06-13 10:00:00+09:00,1085.0,1087.0,1082.5,1083.5,166500,0.0,0.0
2024-06-13 11:00:00+09:00,1084.0,1090.5,1082.0,1082.5,0,0.0,0.0
2024-06-13 12:00:00+09:00,1080.0,1087.0,1079.5,1086.5,698800,0.0,0.0
2024-06-13 13:00:00+09:00,1086.0,1090.0,1083.0,1089.0,142800,0.0,0.0
2024-06-13 14:00:00+09:00,1088.5,1089.5,1085.0,1086.0,268300,0.0,0.0
2024-06-14 09:00:00+09:00,1073.5,1084.5,1070.0,1080.0,1842000,0.0,0.0
2024-06-14 10:00:00+09:00,1079.5,1089.0,1079.5,1088.0,212100,0.0,0.0
2024-06-14 11:00:00+09:00,1088.0,1090.5,1085.5,1086.5,0,0.0,0.0
2024-06-14 12:00:00+09:00,1095.0,1103.0,1089.5,1099.5,2557300,0.0,0.0
2024-06-14 13:00:00+09:00,1100.5,1103.0,1095.0,1097.5,305800,0.0,0.0
2024-06-14 14:00:00+09:00,1097.5,1100.0,1094.0,1096.5,0,0.0,0.0
2024-06-17 09:00:00+09:00,1071.0,1077.5,1054.0,1057.0,633600,0.0,0.0
2024-06-17 10:00:00+09:00,1057.5,1063.5,1055.0,1059.5,258400,0.0,0.0
2024-06-17 11:00:00+09:00,1060.0,1060.5,1055.5,1058.0,0,0.0,0.0
2024-06-17 12:00:00+09:00,1059.0,1059.0,1043.0,1044.5,1410700,0.0,0.0
2024-06-17 13:00:00+09:00,1044.5,1050.5,1041.0,1050.5,366000,0.0,0.0
2024-06-17 14:00:00+09:00,1050.5,1051.0,1046.5,1049.0,557700,0.0,0.0
2024-06-18 09:00:00+09:00,1069.0,1069.0,1050.5,1050.5,375800,0.0,0.0
2024-06-18 10:00:00+09:00,1050.5,1056.0,1050.0,1053.5,221100,0.0,0.0
2024-06-18 11:00:00+09:00,1053.5,1054.0,1047.0,1048.0,0,0.0,0.0
2024-06-18 12:00:00+09:00,1045.0,1047.0,1038.0,1044.0,947400,0.0,0.0
2024-06-18 13:00:00+09:00,1044.0,1045.0,1037.5,1038.0,230300,0.0,0.0
2024-06-18 14:00:00+09:00,1038.0,1046.5,1037.5,1045.0,521100,0.0,0.0
2024-06-19 09:00:00+09:00,1054.0,1054.5,1045.5,1054.5,327100,0.0,0.0
2024-06-19 10:00:00+09:00,1054.5,1056.0,1050.0,1055.5,152000,0.0,0.0
2024-06-19 11:00:00+09:00,1055.0,1059.0,1052.0,1056.5,0,0.0,0.0
2024-06-19 12:00:00+09:00,1054.5,1059.5,1053.5,1058.5,730000,0.0,0.0
2024-06-19 13:00:00+09:00,1058.5,1059.5,1055.0,1057.5,127300,0.0,0.0
2024-06-19 14:00:00+09:00,1057.5,1063.5,1057.5,1061.0,317200,0.0,0.0
2024-06-20 09:00:00+09:00,1046.0,1052.0,1042.0,1046.5,412000,0.0,0.0
2024-06-20 10:00:00+09:00,1046.5,1047.5,1042.5,1044.5,166900,0.0,0.0
2024-06-20 11:00:00+09:00,1044.0,1045.5,1042.0,1044.5,0,0.0,0.0
2024-06-20 12:00:00+09:00,1044.0,1047.5,1041.0,1046.0,865700,0.0,0.0
2024-06-20 13:00:00+09:00,1045.5,1051.0,1044.5,1051.0,170300,0.0,0.0
2024-06-20 14:00:00+09:00,1050.5,1052.0,1048.0,1052.0,226200,0.0,0.0
2024-06-21 09:00:00+09:00,1052.0,1055.0,1040.0,1042.0,535600,0.0,0.0
2024-06-21 10:00:00+09:00,1042.5,1048.0,1040.5,1042.5,266200,0.0,0.0
2024-06-21 11:00:00+09:00,1042.5,1045.5,1041.5,1043.5,0,0.0,0.0
2024-06-21 12:00:00+09:00,1040.0,1042.0,1031.0,1041.0,1444500,0.0,0.0
2024-06-21 13:00:00+09:00,1041.5,1045.0,1038.0,1044.0,324500,0.0,0.0
2024-06-21 14:00:00+09:00,1044.5,1045.5,1039.0,1044.5,703400,0.0,0.0
2024-06-24 09:00:00+09:00,1059.0,1059.0,1031.0,1034.0,1049700,0.0,0.0
2024-06-24 10:00:00+09:00,1034.0,1037.0,1029.0,1029.5,489000,0.0,0.0
2024-06-24 11:00:00+09:00,1029.5,1031.0,1021.5,1030.5,0,0.0,0.0
2024-06-24 12:00:00+09:00,1034.5,1040.0,1034.5,1039.0,2157100,0.0,0.0
2024-06-24 13:00:00+09:00,1038.5,1046.0,1038.5,1043.5,282200,0.0,0.0
2024-06-24 14:00:00+09:00,1044.0,1046.5,1042.0,1044.5,542800,0.0,0.0
2024-06-25 09:00:00+09:00,1049.0,1068.0,1043.5,1063.0,621300,0.0,0.0
2024-06-25 10:00:00+09:00,1063.0,1069.5,1062.0,1068.5,250000,0.0,0.0
2024-06-25 11:00:00+09:00,1068.5,1069.0,1059.5,1060.0,0,0.0,0.0
2024-06-25 12:00:00+09:00,1062.0,1063.0,1054.0,1055.0,1216800,0.0,0.0
2024-06-25 13:00:00+09:00,1055.5,1057.0,1052.0,1056.0,185800,0.0,0.0
2024-06-25 14:00:00+09:00,1056.5,1062.0,1055.5,1058.5,324400,0.0,0.0
2024-06-26 09:00:00+09:00,1066.5,1072.0,1059.5,1071.5,581800,0.0,0.0
2024-06-26 10:00:00+09:00,1072.0,1079.0,1067.5,1078.5,264700,0.0,0.0
2024-06-26 11:00:00+09:00,1078.0,1078.5,1074.0,1075.5,0,0.0,0.0
2024-06-26 12:00:00+09:00,1075.5,1078.0,1071.5,1073.5,1186700,0.0,0.0
2024-06-26 13:00:00+09:00,1073.5,1073.5,1069.0,1069.0,153700,0.0,0.0
2024-06-26 14:00:00+09:00,1068.5,1073.0,1068.5,1073.0,318000,0.0,0.0
2024-06-27 09:00:00+09:00,1067.0,1070.0,1060.0,1067.5,410700,0.0,0.0
2024-06-27 10:00:00+09:00,1068.0,1073.0,1065.5,1068.0,171600,0.0,0.0
2024-06-27 11:00:00+09:00,1068.0,1069.0,1066.0,1067.5,0,0.0,0.0
2024-06-27 12:00:00+09:00,1066.5,1068.5,1062.0,1067.5,835100,0.0,0.0
2024-06-27 13:00:00+09:00,1068.0,1069.5,1065.5,1067.5,178800,0.0,0.0
2024-06-27 14:00:00+09:00,1067.0,1068.5,1063.0,1068.0,437700,0.0,0.0
2024-06-28 09:00:00+09:00,1073.0,1079.5,1067.0,1078.5,524800,0.0,0.0
2024-06-28 10:00:00+09:00,1078.0,1078.5,1067.0,1071.0,259300,0.0,0.0
2024-06-28 11:00:00+09:00,1071.0,1072.5,1069.0,1069.5,0,0.0,0.0
2024-06-28 12:00:00+09:00,1068.0,1072.0,1066.5,1071.0,1114800,0.0,0.0
2024-06-28 13:00:00+09:00,1071.5,1075.0,1068.5,1069.0,203400,0.0,0.0
2024-06-28 14:00:00+09:00,1068.5,1075.0,1067.0,1074.0,409700,0.0,0.0
2024-07-01 09:00:00+09:00,1090.0,1099.5,1074.5,1075.0,609300,0.0,0.0
2024-07-01 10:00:00+09:00,1075.0,1082.5,1074.5,1080.5,184400,0.0,0.0
2024-07-01 11:00:00+09:00,1080.5,1087.0,1079.5,1086.0,0,0.0,0.0
2024-07-01 12:00:00+09:00,1086.0,1086.0,1083.5,1084.0,1053900,0.0,0.0
2024-07-01 13:00:00+09:00,1084.0,1087.5,1080.5,1083.0,206900,0.0,0.0
2024-07-01 14:00:00+09:00,1082.5,1086.0,1080.5,1085.0,342700,0.0,0.0
2024-07-02 09:00:00+09:00,1090.0,1102.0,1086.0,1090.0,567400,0.0,0.0
2024-07-02 10:00:00+09:00,1090.0,1102.5,1090.0,1101.0,238200,0.0,0.0
2024-07-02 11:00:00+09:00,1101.0,1105.0,1100.0,1105.0,0,0.0,0.0
2024-07-02 12:00:00+09:00,1104.5,1107.0,1098.0,1104.5,1264900,0.0,0.0
2024-07-02 13:00:00+09:00,1104.5,1107.5,1102.5,1105.5,148200,0.0,0.0
2024-07-02 14:00:00+09:00,1105.5,1107.5,1102.5,1107.5,313200,0.0,0.0
2024-07-03 09:00:00+09:00,1107.5,1107.5,1087.0,1089.0,606900,0.0,0.0
2024-07-03 10:00:00+09:00,1089.5,1092.0,1086.5,1092.0,252600,0.0,0.0
2024-07-03 11:00:00+09:00,1092.0,1092.0,1089.0,1090.5,0,0.0,0.0
2024-07-03 12:00:00+09:00,1090.5,1091.5,1086.5,1088.0,1237100,0.0,0.0
2024-07-03 13:00:00+09:00,1087.5,1090.0,1086.0,1088.5,211100,0.0,0.0
2024-07-03 14:00:00+09:00,1088.0,1092.0,1087.0,1092.0,347700,0.0,0.0
2024-07-04 09:00:00+09:00,1106.5,1115.0,1100.0,1113.5,476500,0.0,0.0
2024-07-04 10:00:00+09:00,1113.5,1116.0,1109.5,1110.0,275000,0.0,0.0
2024-07-04 11:00:00+09:00,1110.0,1111.5,1109.0,1110.0,0,0.0,0.0
2024-07-04 12:00:00+09:00,1108.5,1110.5,1105.0,1106.5,1036400,0.0,0.0
2024-07-04 13:00:00+09:00,1106.5,1110.5,1100.5,1103.5,188600,0.0,0.0
2024-07-04 14:00:00+09:00,1103.5,1108.5,1103.5,1106.0,177200,0.0,0.0
2024-07-05 09:00:00+09:00,1106.0,1108.0,1094.0,1094.5,270600,0.0,0.0
2024-07-05 10:00:00+09:00,1095.0,1096.0,1086.0,1091.0,173300,0.0,0.0
2024-07-05 11:00:00+09:00,1091.0,1096.5,1089.5,1094.0,0,0.0,0.0
2024-07-05 12:00:00+09:00,1091.5,1099.0,1090.5,1093.0,781600,0.0,0.0
2024-07-05 13:00:00+09:00,1093.0,1098.5,1092.5,1093.0,116900,0.0,0.0
2024-07-05 14:00:00+09:00,1093.5,1093.5,1086.5,1087.5,235500,0.0,0.0
2024-07-08 09:00:00+09:00,1081.0,1088.0,1075.0,1083.0,328300,0.0,0.0
2024-07-08 10:00:00+09:00,1082.5,1087.5,1080.5,1085.0,137300,0.0,0.0
2024-07-08 11:00:00+09:00,1085.0,1093.0,1084.5,1092.0,0,0.0,0.0
2024-07-08 12:00:00+09:00,1088.5,1095.0,1088.5,1092.5,717300,0.0,0.0
2024-07-08 13:00:00+09:00,1093.0,1094.5,1090.0,1091.0,146200,0.0,0.0
2024-07-08 14:00:00+09:00,1091.0,1091.5,1086.0,1088.5,228200,0.0,0.0
2024-07-09 09:00:00+09:00,1081.5,1086.5,1073.5,1074.5,278100,0.0,0.0
2024-07-09 10:00:00+09:00,1075.0,1078.0,1070.5,1073.5,252600,0.0,0.0
2024-07-09 11:00:00+09:00,1074.0,1075.5,1072.0,1073.5,0,0.0,0.0
2024-07-09 12:00:00+09:00,1077.0,1082.0,1076.0,1080.0,858100,0.0,0.0
2024-07-09 13:00:00+09:00,1080.0,1091.0,1080.0,1090.5,267200,0.0,0.0
2024-07-09 14:00:00+09:00,1090.5,1092.0,1086.0,1086.0,298400,0.0,0.0
2024-07-10 09:00:00+09:00,1079.0,1082.5,1074.5,1080.5,279800,0.0,0.0
2024-07-10 10:00:00+09:00,1081.0,1085.5,1079.0,1081.5,146100,0.0,0.0
2024-07-10 11:00:00+09:00,1081.5,1084.0,1076.5,1076.5,0,0.0,0.0
2024-07-10 12:00:00+09:00,1073.5,1076.5,1057.0,1068.0,1044300,0.0,0.0
2024-07-10 13:00:00+09:00,1068.0,1072.0,1067.0,1071.5,195800,0.0,0.0
2024-07-10 14:00:00+09:00,1071.5,1078.0,1071.5,1075.5,424600,0.0,0.0
2024-07-11 09:00:00+09:00,1085.0,1091.5,1081.5,1084.0,395700,0.0,0.0
2024-07-11 10:00:00+09:00,1084.0,1085.5,1080.5,1084.0,163900,0.0,0.0
2024-07-11 11:00:00+09:00,1084.0,1087.5,1082.0,1087.0,0,0.0,0.0
2024-07-11 12:00:00+09:00,1088.0,1090.5,1086.0,1087.5,1017400,0.0,0.0
2024-07-11 13:00:00+09:00,1088.0,1088.5,1079.5,1081.0,225500,0.0,0.0
2024-07-11 14:00:00+09:00,1081.0,1085.0,1080.5,1081.0,381400,0.0,0.0
2024-07-12 09:00:00+09:00,1076.0,1092.0,1075.0,1082.5,1302500,0.0,0.0
2024-07-12 10:00:00+09:00,1083.0,1106.5,1083.0,1102.5,665000,0.0,0.0
2024-07-12 11:00:00+09:00,1103.0,1105.5,1096.0,1098.0,0,0.0,0.0
2024-07-12 12:00:00+09:00,1098.0,1098.5,1090.0,1093.0,2402800,0.0,0.0
2024-07-12 13:00:00+09:00,1093.5,1094.5,1090.0,1090.5,201400,0.0,0.0
2024-07-12 14:00:00+09:00,1090.5,1096.5,1085.0,1093.0,694700,0.0,0.0
2024-07-16 09:00:00+09:00,1092.0,1100.0,1081.0,1100.0,386400,0.0,0.0
2024-07-16 10:00:00+09:00,1100.0,1102.5,1095.0,1102.0,211500,0.0,0.0
2024-07-16 11:00:00+09:00,1102.5,1103.0,1100.0,1100.0,0,0.0,0.0
2024-07-16 12:00:00+09:00,1101.5,1102.5,1093.5,1094.0,903400,0.0,0.0
2024-07-16 13:00:00+09:00,1094.0,1094.0,1090.5,1090.5,154200,0.0,0.0
2024-07-16 14:00:00+09:00,1090.5,1095.0,1090.5,1093.0,219800,0.0,0.0
2024-07-17 09:00:00+09:00,1099.0,1124.5,1097.5,1120.0,538200,0.0,0.0
2024-07-17 10:00:00+09:00,1120.0,1128.0,1120.0,1126.0,259800,0.0,0.0
2024-07-17 11:00:00+09:00,1126.0,1129.0,1124.5,1126.5,0,0.0,0.0
2024-07-17 12:00:00+09:00,1126.5,1133.0,1126.0,1132.0,1210100,0.0,0.0
2024-07-17 13:00:00+09:00,1132.5,1135.0,1128.0,1130.0,325200,0.0,0.0
2024-07-17 14:00:00+09:00,1130.0,1130.5,1124.5,1128.0,462700,0.0,0.0
2024-07-18 09:00:00+09:00,1110.5,1133.5,1110.0,1129.5,451100,0.0,0.0
2024-07-18 10:00:00+09:00,1129.5,1133.0,1122.5,1123.5,319700,0.0,0.0
2024-07-18 11:00:00+09:00,1124.0,1125.5,1119.0,1123.5,0,0.0,0.0
2024-07-18 12:00:00+09:00,1123.5,1125.5,1117.0,1124.0,1023600,0.0,0.0
2024-07-18 13:00:00+09:00,1124.0,1126.0,1122.0,1123.0,121400,0.0,0.0
2024-07-18 14:00:00+09:00,1123.0,1124.0,1110.0,1112.0,466600,0.0,0.0
2024-07-19 09:00:00+09:00,1108.5,1110.0,1095.5,1104.5,323900,0.0,0.0
2024-07-19 10:00:00+09:00,1104.5,1106.5,1095.0,1095.0,180100,0.0,0.0
2024-07-19 11:00:00+09:00,1095.0,1096.5,1091.5,1092.5,0,0.0,0.0
2024-07-19 12:00:00+09:00,1091.0,1094.0,1088.0,1093.5,686400,0.0,0.0
2024-07-19 13:00:00+09:00,1094.0,1096.5,1091.0,1095.0,0,0.0,0.0
2024-07-19 14:00:00+09:00,1095.0,1098.5,1093.0,1097.0,989200,0.0,0.0
2024-07-22 09:00:00+09:00,1101.5,1105.5,1092.5,1096.5,0,0.0,0.0
2024-07-22 10:00:00+09:00,1096.5,1102.0,1093.0,1094.5,181700,0.0,0.0
2024-07-22 11:00:00+09:00,1095.0,1101.0,1094.5,1100.0,0,0.0,0.0
2024-07-22 12:00:00+09:00,1102.0,1104.5,1097.5,1098.5,743400,0.0,0.0
2024-07-22 13:00:00+09:00,1098.5,1099.0,1094.5,1098.5,119800,0.0,0.0
2024-07-22 14:00:00+09:00,1098.0,1099.0,1093.0,1094.5,170800,0.0,0.0
2024-07-23 09:00:00+09:00,1103.5,1112.0,1093.0,1094.0,326300,0.0,0.0
2024-07-23 10:00:00+09:00,1094.0,1105.5,1093.5,1103.0,172900,0.0,0.0
2024-07-23 11:00:00+09:00,1103.0,1104.5,1101.0,1102.5,0,0.0,0.0
2024-07-23 12:00:00+09:00,1098.0,1099.5,1090.0,1092.5,688000,0.0,0.0
2024-07-23 13:00:00+09:00,1093.0,1097.5,1090.0,1093.5,129700,0.0,0.0
2024-07-23 14:00:00+09:00,1093.5,1096.5,1088.5,1094.5,397300,0.0,0.0
2024-07-24 09:00:00+09:00,1087.0,1091.5,1069.0,1077.0,407300,0.0,0.0
2024-07-24 10:00:00+09:00,1077.0,1078.0,1070.5,1072.5,175700,0.0,0.0
2024-07-24 11:00:00+09:00,1072.5,1073.0,1069.5,1071.0,0,0.0,0.0
2024-07-24 12:00:00+09:00,1069.0,1075.5,1068.0,1071.0,806100,0.0,0.0
2024-07-24 13:00:00+09:00,1071.5,1071.5,1064.5,1065.5,236100,0.0,0.0
2024-07-24 14:00:00+09:00,1065.5,1066.0,1059.0,1059.0,408800,0.0,0.0
2024-07-25 09:00:00+09:00,1040.0,1041.0,1019.0,1022.5,1020300,0.0,0.0
2024-07-25 10:00:00+09:00,1022.5,1033.0,1020.0,1031.5,298900,0.0,0.0
2024-07-25 11:00:00+09:00,1031.5,1034.5,1026.5,1034.5,0,0.0,0.0
2024-07-25 12:00:00+09:00,1031.0,1037.5,1028.5,1037.0,1850400,0.0,0.0
2024-07-25 13:00:00+09:00,1037.0,1042.0,1035.5,1038.0,281900,0.0,0.0
2024-07-25 14:00:00+09:00,1038.0,1045.0,1036.5,1044.5,670600,0.0,0.0
2024-07-26 09:00:00+09:00,1032.0,1034.5,1012.0,1034.5,1459200,0.0,0.0
2024-07-26 10:00:00+09:00,1034.0,1044.0,1034.0,1037.5,574800,0.0,0.0
2024-07-26 11:00:00+09:00,1037.5,1047.0,1037.5,1046.5,0,0.0,0.0
2024-07-26 12:00:00+09:00,1045.5,1046.5,1041.0,1045.5,2705200,0.0,0.0
2024-07-26 13:00:00+09:00,1045.5,1048.5,1041.5,1046.0,421300,0.0,0.0
2024-07-26 14:00:00+09:00,1046.0,1047.5,1034.5,1035.5,687800,0.0,0.0
2024-07-29 09:00:00+09:00,1066.0,1076.5,1053.0,1075.0,0,0.0,0.0
2024-07-29 10:00:00+09:00,1075.0,1078.0,1071.5,1074.5,199300,0.0,0.0
2024-07-29 11:00:00+09:00,1075.0,1077.0,1073.0,1076.0,0,0.0,0.0
2024-07-29 12:00:00+09:00,1077.0,1079.5,1073.0,1075.0,906500,0.0,0.0
2024-07-29 13:00:00+09:00,1075.5,1081.0,1075.5,1077.5,233100,0.0,0.0
2024-07-29 14:00:00+09:00,1077.5,1080.0,1076.0,1080.0,431000,0.0,0.0
2024-07-30 09:00:00+09:00,1082.5,1089.0,1077.5,1085.5,343700,0.0,0.0
2024-07-30 10:00:00+09:00,1085.5,1085.5,1081.0,1084.0,155200,0.0,0.0
2024-07-30 11:00:00+09:00,1084.0,1085.5,1079.0,1080.5,0,0.0,0.0
2024-07-30 12:00:00+09:00,1081.5,1082.0,1076.5,1078.5,751900,0.0,0.0
2024-07-30 13:00:00+09:00,1079.0,1082.5,1076.0,1080.0,162200,0.0,0.0
2024-07-30 14:00:00+09:00,1080.0,1086.0,1078.0,1086.0,318500,0.0,0.0
2024-07-31 09:00:00+09:00,1064.0,1085.5,1062.0,1081.0,501300,0.0,0.0
2024-07-31 10:00:00+09:00,1081.0,1087.5,1079.5,1083.5,176200,0.0,0.0
2024-07-31 11:00:00+09:00,1084.0,1091.5,1083.0,1089.5,0,0.0,0.0
2024-07-31 12:00:00+09:00,1093.0,1095.0,1080.5,1090.0,962400,0.0,0.0
2024-07-31 13:00:00+09:00,1090.5,1094.5,1082.5,1084.0,245100,0.0,0.0
2024-07-31 14:00:00+09:00,1084.0,1096.5,1080.0,1094.0,521000,0.0,0.0
2024-08-01 09:00:00+09:00,1036.0,1055.5,1008.5,1016.0,1113300,0.0,0.0
2024-08-01 10:00:00+09:00,1015.0,1017.0,992.0999755859375,1003.0,733700,0.0,0.0
2024-08-01 11:00:00+09:00,1003.0,1011.5,998.0999755859375,1009.0,0,0.0,0.0
2024-08-01 12:00:00+09:00,1009.0,1009.5,999.7000122070312,1007.0,2321700,0.0,0.0
2024-08-01 13:00:00+09:00,1006.5,1007.5,994.2999877929688,1000.0,639400,0.0,0.0
2024-08-01 14:00:00+09:00,1001.0,1010.5,1001.0,1007.0,646400,0.0,0.0
2024-08-02 09:00:00+09:00,981.2999877929688,988.2000122070312,958.2999877929688,960.7000122070312,1153800,0.0,0.0
2024-08-02 10:00:00+09:00,960.5999755859375,976.4000244140625,954.4000244140625,973.2999877929688,501700,0.0,0.0
2024-08-02 11:00:00+09:00,973.4000244140625,974.5999755859375,962.0999755859375,965.7999877929688,0,0.0,0.0
2024-08-02 12:00:00+09:00,970.0,974.7000122070312,965.9000244140625,971.5,2125100,0.0,0.0
2024-08-02 13:00:00+09:00,971.5,976.4000244140625,964.2000122070312,967.0,413400,0.0,0.0
2024-08-02 14:00:00+09:00,967.5,967.7999877929688,953.4000244140625,955.5999755859375,680200,0.0,0.0
