Datetime,Open,High,Low,Close,Volume,Dividends,Stock Splits
2022-08-04 09:00:00+09:00,1193.0,1195.0,1171.0,1171.0,9200,0.0,0.0
2022-08-04 10:00:00+09:00,1173.0,1182.0,1173.0,1176.0,3200,0.0,0.0
2022-08-04 11:00:00+09:00,1178.0,1193.0,1178.0,1187.0,0,0.0,0.0
2022-08-04 12:00:00+09:00,1187.0,1195.0,1178.0,1194.0,21100,0.0,0.0
2022-08-04 13:00:00+09:00,1196.0,1198.0,1189.0,1192.0,2600,0.0,0.0
2022-08-04 14:00:00+09:00,1192.0,1198.0,1192.0,1192.0,4800,0.0,0.0
2022-08-05 09:00:00+09:00,1180.0,1186.0,1179.0,1180.0,1100,0.0,0.0
2022-08-05 10:00:00+09:00,1185.0,1188.0,1180.0,1188.0,2000,0.0,0.0
2022-08-05 11:00:00+09:00,1189.0,1189.0,1186.0,1186.0,0,0.0,0.0
2022-08-05 12:00:00+09:00,1183.0,1185.0,1182.0,1182.0,5200,0.0,0.0
2022-08-05 13:00:00+09:00,1181.0,1189.0,1181.0,1189.0,2100,0.0,0.0
2022-08-05 14:00:00+09:00,1189.0,1190.0,1184.0,1186.0,2300,0.0,0.0
2022-08-08 09:00:00+09:00,1192.0,1192.0,1184.0,1187.0,0,0.0,0.0
2022-08-08 10:00:00+09:00,1191.0,1194.0,1185.0,1185.0,2500,0.0,0.0
2022-08-08 11:00:00+09:00,1188.0,1189.0,1184.0,1187.0,0,0.0,0.0
2022-08-08 12:00:00+09:00,1185.0,1191.0,1185.0,1186.0,8500,0.0,0.0
2022-08-08 13:00:00+09:00,1188.0,1188.0,1186.0,1186.0,500,0.0,0.0
2022-08-08 14:00:00+09:00,1186.0,1186.0,1180.0,1184.0,6600,0.0,0.0
2022-08-09 09:00:00+09:00,1184.0,1184.0,1183.0,1183.0,1000,0.0,0.0
2022-08-09 10:00:00+09:00,1183.0,1187.0,1182.0,1184.0,1100,0.0,0.0
2022-08-09 11:00:00+09:00,1184.0,1184.0,1183.0,1183.0,0,0.0,0.0
2022-08-09 12:00:00+09:00,1182.0,1186.0,1182.0,1182.0,3400,0.0,0.0
2022-08-09 13:00:00+09:00,1185.0,1188.0,1182.0,1184.0,1400,0.0,0.0
2022-08-09 14:00:00+09:00,1185.0,1185.0,1178.0,1181.0,2300,0.0,0.0
2022-08-10 09:00:00+09:00,1178.0,1183.0,1176.0,1180.0,1700,0.0,0.0
2022-08-10 10:00:00+09:00,1183.0,1185.0,1179.0,1181.0,1500,0.0,0.0
2022-08-10 11:00:00+09:00,1182.0,1192.0,1181.0,1192.0,0,0.0,0.0
2022-08-10 12:00:00+09:00,1192.0,1194.0,1189.0,1189.0,6900,0.0,0.0
2022-08-10 13:00:00+09:00,1191.0,1192.0,1190.0,1192.0,900,0.0,0.0
2022-08-10 14:00:00+09:00,1192.0,1198.0,1190.0,1197.0,1800,0.0,0.0
2022-08-12 09:00:00+09:00,1206.0,1215.0,1201.0,1215.0,0,0.0,0.0
2022-08-12 10:00:00+09:00,1216.0,1219.0,1212.0,1214.0,3500,0.0,0.0
2022-08-12 11:00:00+09:00,1216.0,1218.0,1207.0,1207.0,0,0.0,0.0
2022-08-12 12:00:00+09:00,1212.0,1218.0,1211.0,1211.0,17700,0.0,0.0
2022-08-12 13:00:00+09:00,1214.0,1215.0,1207.0,1210.0,2900,0.0,0.0
2022-08-12 14:00:00+09:00,1213.0,1226.0,1213.0,1224.0,6700,0.0,0.0
2022-08-15 09:00:00+09:00,1218.0,1265.0,1218.0,1253.0,5000,0.0,0.0
2022-08-15 10:00:00+09:00,1253.0,1272.0,1246.0,1259.0,12800,0.0,0.0
2022-08-15 11:00:00+09:00,1258.0,1270.0,1254.0,1259.0,0,0.0,0.0
2022-08-15 12:00:00+09:00,1264.0,1264.0,1249.0,1255.0,73000,0.0,0.0
2022-08-15 13:00:00+09:00,1258.0,1265.0,1252.0,1258.0,13300,0.0,0.0
2022-08-15 14:00:00+09:00,1259.0,1322.0,1254.0,1269.0,153700,0.0,0.0
2022-08-16 09:00:00+09:00,1275.0,1275.0,1218.0,1237.0,42900,0.0,0.0
2022-08-16 10:00:00+09:00,1233.0,1237.0,1224.0,1230.0,8900,0.0,0.0
2022-08-16 11:00:00+09:00,1231.0,1231.0,1227.0,1231.0,0,0.0,0.0
2022-08-16 12:00:00+09:00,1231.0,1232.0,1228.0,1230.0,57600,0.0,0.0
2022-08-16 13:00:00+09:00,1228.0,1233.0,1223.0,1233.0,11200,0.0,0.0
2022-08-16 14:00:00+09:00,1230.0,1231.0,1222.0,1222.0,13400,0.0,0.0
2022-08-17 09:00:00+09:00,1223.0,1241.0,1206.0,1235.0,18400,0.0,0.0
2022-08-17 10:00:00+09:00,1235.0,1235.0,1225.0,1228.0,4300,0.0,0.0
2022-08-17 11:00:00+09:00,1230.0,1230.0,1222.0,1225.0,0,0.0,0.0
2022-08-17 12:00:00+09:00,1225.0,1230.0,1219.0,1230.0,33600,0.0,0.0
2022-08-17 13:00:00+09:00,1227.0,1228.0,1222.0,1225.0,1800,0.0,0.0
2022-08-17 14:00:00+09:00,1224.0,1228.0,1221.0,1228.0,9200,0.0,0.0
2022-08-18 09:00:00+09:00,1228.0,1228.0,1214.0,1223.0,6900,0.0,0.0
2022-08-18 10:00:00+09:00,1223.0,1230.0,1221.0,1227.0,4100,0.0,0.0
2022-08-18 11:00:00+09:00,1226.0,1229.0,1224.0,1226.0,0,0.0,0.0
2022-08-18 12:00:00+09:00,1226.0,1227.0,1222.0,1222.0,15400,0.0,0.0
2022-08-18 13:00:00+09:00,1225.0,1226.0,1222.0,1223.0,2800,0.0,0.0
2022-08-18 14:00:00+09:00,1223.0,1229.0,1222.0,1226.0,2500,0.0,0.0
2022-08-19 09:00:00+09:00,1229.0,1229.0,1220.0,1222.0,10000,0.0,0.0
2022-08-19 10:00:00+09:00,1220.0,1221.0,1213.0,1214.0,10000,0.0,0.0
2022-08-19 11:00:00+09:00,1214.0,1217.0,1214.0,1217.0,0,0.0,0.0
2022-08-19 12:00:00+09:00,1217.0,1218.0,1214.0,1214.0,23500,0.0,0.0
2022-08-19 13:00:00+09:00,1215.0,1226.0,1214.0,1222.0,3300,0.0,0.0
2022-08-19 14:00:00+09:00,1222.0,1225.0,1221.0,1222.0,2800,0.0,0.0
2022-08-22 09:00:00+09:00,1220.0,1220.0,1202.0,1212.0,0,0.0,0.0
2022-08-22 10:00:00+09:00,1215.0,1215.0,1212.0,1212.0,800,0.0,0.0
2022-08-22 11:00:00+09:00,1214.0,1216.0,1214.0,1216.0,0,0.0,0.0
2022-08-22 12:00:00+09:00,1215.0,1216.0,1214.0,1214.0,9800,0.0,0.0
2022-08-22 13:00:00+09:00,1214.0,1220.0,1213.0,1213.0,4500,0.0,0.0
2022-08-22 14:00:00+09:00,1213.0,1215.0,1213.0,1213.0,2700,0.0,0.0
2022-08-23 09:00:00+09:00,1216.0,1216.0,1205.0,1212.0,2800,0.0,0.0
2022-08-23 10:00:00+09:00,1210.0,1210.0,1207.0,1207.0,600,0.0,0.0
2022-08-23 11:00:00+09:00,1208.0,1209.0,1207.0,1208.0,0,0.0,0.0
2022-08-23 12:00:00+09:00,1209.0,1210.0,1209.0,1209.0,5900,0.0,0.0
2022-08-23 13:00:00+09:00,1206.0,1207.0,1206.0,1207.0,400,0.0,0.0
2022-08-23 14:00:00+09:00,1207.0,1210.0,1207.0,1209.0,1100,0.0,0.0
2022-08-24 09:00:00+09:00,1212.0,1219.0,1212.0,1216.0,1400,0.0,0.0
2022-08-24 10:00:00+09:00,1219.0,1223.0,1217.0,1218.0,3100,0.0,0.0
2022-08-24 11:00:00+09:00,1217.0,1217.0,1217.0,1217.0,0,0.0,0.0
2022-08-24 12:00:00+09:00,1217.0,1223.0,1217.0,1220.0,5700,0.0,0.0
2022-08-24 13:00:00+09:00,1221.0,1225.0,1217.0,1225.0,10700,0.0,0.0
2022-08-24 14:00:00+09:00,1226.0,1227.0,1222.0,1227.0,2900,0.0,0.0
2022-08-25 09:00:00+09:00,1229.0,1229.0,1222.0,1227.0,4200,0.0,0.0
2022-08-25 10:00:00+09:00,1225.0,1226.0,1223.0,1226.0,700,0.0,0.0
2022-08-25 11:00:00+09:00,1227.0,1234.0,1227.0,1228.0,0,0.0,0.0
2022-08-25 12:00:00+09:00,1229.0,1229.0,1221.0,1221.0,9900,0.0,0.0
2022-08-25 13:00:00+09:00,1223.0,1224.0,1219.0,1219.0,0,0.0,0.0
2022-08-25 14:00:00+09:00,1218.0,1222.0,1216.0,1219.0,17300,0.0,0.0
2022-08-26 09:00:00+09:00,1240.0,1266.0,1236.0,1251.0,26700,0.0,0.0
2022-08-26 10:00:00+09:00,1251.0,1269.0,1250.0,1268.0,18100,0.0,0.0
2022-08-26 11:00:00+09:00,1267.0,1275.0,1261.0,1270.0,0,0.0,0.0
2022-08-26 12:00:00+09:00,1272.0,1299.0,1272.0,1283.0,65500,0.0,0.0
2022-08-26 13:00:00+09:00,1284.0,1294.0,1282.0,1286.0,10100,0.0,0.0
2022-08-26 14:00:00+09:00,1290.0,1291.0,1279.0,1286.0,12700,0.0,0.0
2022-08-29 09:00:00+09:00,1255.0,1285.0,1255.0,1265.0,0,0.0,0.0
2022-08-29 10:00:00+09:00,1265.0,1273.0,1261.0,1261.0,25300,0.0,0.0
2022-08-29 11:00:00+09:00,1261.0,1267.0,1249.0,1265.0,0,0.0,0.0
2022-08-29 12:00:00+09:00,1265.0,1266.0,1262.0,1266.0,34900,0.0,0.0
2022-08-29 13:00:00+09:00,1268.0,1275.0,1264.0,1269.0,4300,0.0,0.0
2022-08-29 14:00:00+09:00,1269.0,1275.0,1267.0,1275.0,6100,0.0,0.0
2022-08-30 09:00:00+09:00,1275.0,1297.0,1275.0,1292.0,20800,0.0,0.0
2022-08-30 10:00:00+09:00,1296.0,1310.0,1296.0,1305.0,13300,0.0,0.0
2022-08-30 11:00:00+09:00,1306.0,1329.0,1306.0,1325.0,0,0.0,0.0
2022-08-30 12:00:00+09:00,1325.0,1340.0,1320.0,1339.0,55700,0.0,0.0
2022-08-30 13:00:00+09:00,1337.0,1343.0,1337.0,1339.0,4800,0.0,0.0
2022-08-30 14:00:00+09:00,1339.0,1341.0,1334.0,1341.0,7700,0.0,0.0
2022-08-31 09:00:00+09:00,1339.0,1339.0,1305.0,1322.0,14600,0.0,0.0
2022-08-31 10:00:00+09:00,1320.0,1323.0,1307.0,1309.0,5500,0.0,0.0
2022-08-31 11:00:00+09:00,1309.0,1311.0,1308.0,1309.0,0,0.0,0.0
2022-08-31 12:00:00+09:00,1310.0,1312.0,1310.0,1312.0,22300,0.0,0.0
2022-08-31 13:00:00+09:00,1317.0,1317.0,1307.0,1307.0,4300,0.0,0.0
2022-08-31 14:00:00+09:00,1308.0,1316.0,1304.0,1314.0,7800,0.0,0.0
2022-09-01 09:00:00+09:00,1296.0,1296.0,1261.0,1269.0,11700,0.0,0.0
2022-09-01 10:00:00+09:00,1271.0,1275.0,1263.0,1265.0,4000,0.0,0.0
2022-09-01 11:00:00+09:00,1266.0,1271.0,1265.0,1269.0,0,0.0,0.0
2022-09-01 12:00:00+09:00,1269.0,1270.0,1264.0,1264.0,21700,0.0,0.0
2022-09-01 13:00:00+09:00,1264.0,1267.0,1261.0,1267.0,4400,0.0,0.0
2022-09-01 14:00:00+09:00,1269.0,1270.0,1263.0,1263.0,4800,0.0,0.0
2022-09-02 09:00:00+09:00,1257.0,1257.0,1234.0,1235.0,14300,0.0,0.0
2022-09-02 10:00:00+09:00,1240.0,1243.0,1235.0,1240.0,2100,0.0,0.0
2022-09-02 11:00:00+09:00,1240.0,1243.0,1239.0,1242.0,0,0.0,0.0
2022-09-02 12:00:00+09:00,1240.0,1242.0,1240.0,1241.0,21800,0.0,0.0
2022-09-02 13:00:00+09:00,1242.0,1246.0,1242.0,1246.0,700,0.0,0.0
2022-09-02 14:00:00+09:00,1245.0,1245.0,1239.0,1244.0,4900,0.0,0.0
2022-09-05 09:00:00+09:00,1242.0,1249.0,1237.0,1249.0,0,0.0,0.0
2022-09-05 10:00:00+09:00,1249.0,1254.0,1248.0,1250.0,6300,0.0,0.0
2022-09-05 11:00:00+09:00,1249.0,1260.0,1249.0,1255.0,0,0.0,0.0
2022-09-05 12:00:00+09:00,1250.0,1256.0,1250.0,1254.0,19800,0.0,0.0
2022-09-05 13:00:00+09:00,1248.0,1249.0,1248.0,1249.0,700,0.0,0.0
2022-09-05 14:00:00+09:00,1249.0,1255.0,1249.0,1251.0,3500,0.0,0.0
2022-09-06 09:00:00+09:00,1252.0,1258.0,1247.0,1256.0,4200,0.0,0.0
2022-09-06 10:00:00+09:00,1252.0,1252.0,1248.0,1248.0,2300,0.0,0.0
2022-09-06 11:00:00+09:00,1247.0,1247.0,1244.0,1245.0,0,0.0,0.0
2022-09-06 12:00:00+09:00,1240.0,1248.0,1235.0,1235.0,10700,0.0,0.0
2022-09-06 13:00:00+09:00,1238.0,1247.0,1238.0,1240.0,4700,0.0,0.0
2022-09-06 14:00:00+09:00,1240.0,1246.0,1231.0,1236.0,20000,0.0,0.0
2022-09-07 09:00:00+09:00,1230.0,1230.0,1204.0,1209.0,0,0.0,0.0
2022-09-07 10:00:00+09:00,1207.0,1210.0,1206.0,1210.0,18900,0.0,0.0
2022-09-07 11:00:00+09:00,1210.0,1210.0,1208.0,1208.0,0,0.0,0.0
2022-09-07 12:00:00+09:00,1210.0,1210.0,1205.0,1206.0,27000,0.0,0.0
2022-09-07 13:00:00+09:00,1205.0,1209.0,1205.0,1208.0,1100,0.0,0.0
2022-09-07 14:00:00+09:00,1208.0,1212.0,1208.0,1209.0,2900,0.0,0.0
2022-09-08 09:00:00+09:00,1215.0,1237.0,1215.0,1233.0,3300,0.0,0.0
2022-09-08 10:00:00+09:00,1226.0,1229.0,1226.0,1227.0,1200,0.0,0.0
2022-09-08 11:00:00+09:00,1226.0,1231.0,1225.0,1229.0,0,0.0,0.0
2022-09-08 12:00:00+09:00,1229.0,1230.0,1225.0,1230.0,11000,0.0,0.0
2022-09-08 13:00:00+09:00,1230.0,1233.0,1229.0,1231.0,2100,0.0,0.0
2022-09-08 14:00:00+09:00,1231.0,1236.0,1229.0,1231.0,6400,0.0,0.0
2022-09-09 09:00:00+09:00,1235.0,1255.0,1235.0,1250.0,13200,0.0,0.0
2022-09-09 10:00:00+09:00,1248.0,1248.0,1245.0,1248.0,2400,0.0,0.0
2022-09-09 11:00:00+09:00,1250.0,1250.0,1249.0,1249.0,0,0.0,0.0
2022-09-09 12:00:00+09:00,1244.0,1245.0,1243.0,1244.0,16800,0.0,0.0
2022-09-09 13:00:00+09:00,1246.0,1248.0,1244.0,1246.0,1900,0.0,0.0
2022-09-09 14:00:00+09:00,1245.0,1250.0,1243.0,1243.0,3600,0.0,0.0
2022-09-12 09:00:00+09:00,1245.0,1257.0,1238.0,1245.0,0,0.0,0.0
2022-09-12 10:00:00+09:00,1241.0,1241.0,1230.0,1230.0,5600,0.0,0.0
2022-09-12 11:00:00+09:00,1231.0,1231.0,1226.0,1229.0,0,0.0,0.0
2022-09-12 12:00:00+09:00,1230.0,1236.0,1229.0,1231.0,17800,0.0,0.0
2022-09-12 13:00:00+09:00,1235.0,1235.0,1228.0,1230.0,1800,0.0,0.0
2022-09-12 14:00:00+09:00,1230.0,1234.0,1229.0,1231.0,3200,0.0,0.0
2022-09-13 09:00:00+09:00,1235.0,1250.0,1235.0,1235.0,3300,0.0,0.0
2022-09-13 10:00:00+09:00,1238.0,1243.0,1236.0,1237.0,3400,0.0,0.0
2022-09-13 11:00:00+09:00,1238.0,1240.0,1238.0,1240.0,0,0.0,0.0
2022-09-13 12:00:00+09:00,1237.0,1237.0,1235.0,1235.0,9100,0.0,0.0
2022-09-13 13:00:00+09:00,1234.0,1236.0,1233.0,1233.0,1300,0.0,0.0
2022-09-13 14:00:00+09:00,1233.0,1236.0,1231.0,1235.0,2300,0.0,0.0
2022-09-14 09:00:00+09:00,1217.0,1225.0,1213.0,1225.0,4700,0.0,0.0
2022-09-14 10:00:00+09:00,1225.0,1227.0,1225.0,1227.0,1100,0.0,0.0
2022-09-14 11:00:00+09:00,1227.0,1229.0,1226.0,1226.0,0,0.0,0.0
2022-09-14 12:00:00+09:00,1226.0,1226.0,1221.0,1221.0,9900,0.0,0.0
2022-09-14 13:00:00+09:00,1220.0,1223.0,1220.0,1220.0,1900,0.0,0.0
2022-09-14 14:00:00+09:00,1221.0,1221.0,1220.0,1220.0,2800,0.0,0.0
2022-09-15 09:00:00+09:00,1223.0,1223.0,1218.0,1219.0,3400,0.0,0.0
2022-09-15 10:00:00+09:00,1219.0,1219.0,1217.0,1219.0,1100,0.0,0.0
2022-09-15 11:00:00+09:00,1218.0,1218.0,1217.0,1217.0,0,0.0,0.0
2022-09-15 12:00:00+09:00,1217.0,1225.0,1217.0,1225.0,6000,0.0,0.0
2022-09-15 13:00:00+09:00,1225.0,1225.0,1225.0,1225.0,300,0.0,0.0
2022-09-15 14:00:00+09:00,1226.0,1230.0,1226.0,1226.0,1200,0.0,0.0
2022-09-16 09:00:00+09:00,1216.0,1220.0,1213.0,1213.0,4100,0.0,0.0
2022-09-16 10:00:00+09:00,1215.0,1216.0,1207.0,1210.0,3600,0.0,0.0
2022-09-16 11:00:00+09:00,1209.0,1209.0,1208.0,1208.0,0,0.0,0.0
2022-09-16 12:00:00+09:00,1208.0,1211.0,1207.0,1207.0,9700,0.0,0.0
2022-09-16 13:00:00+09:00,1207.0,1207.0,1205.0,1206.0,2000,0.0,0.0
2022-09-16 14:00:00+09:00,1207.0,1208.0,1200.0,1205.0,11100,0.0,0.0
2022-09-20 09:00:00+09:00,1208.0,1225.0,1208.0,1221.0,6200,0.0,0.0
2022-09-20 10:00:00+09:00,1218.0,1218.0,1213.0,1217.0,2000,0.0,0.0
2022-09-20 11:00:00+09:00,1219.0,1224.0,1219.0,1224.0,0,0.0,0.0
2022-09-20 12:00:00+09:00,1223.0,1227.0,1223.0,1225.0,13300,0.0,0.0
2022-09-20 13:00:00+09:00,1223.0,1226.0,1217.0,1217.0,1900,0.0,0.0
2022-09-20 14:00:00+09:00,1215.0,1220.0,1215.0,1216.0,1100,0.0,0.0
2022-09-21 09:00:00+09:00,1214.0,1214.0,1209.0,1213.0,3800,0.0,0.0
2022-09-21 10:00:00+09:00,1210.0,1210.0,1206.0,1206.0,1900,0.0,0.0
2022-09-21 11:00:00+09:00,1204.0,1206.0,1201.0,1201.0,0,0.0,0.0
2022-09-21 12:00:00+09:00,1201.0,1204.0,1201.0,1204.0,12500,0.0,0.0
2022-09-21 13:00:00+09:00,1202.0,1207.0,1202.0,1206.0,900,0.0,0.0
2022-09-21 14:00:00+09:00,1206.0,1211.0,1206.0,1211.0,1500,0.0,0.0
2022-09-22 09:00:00+09:00,1201.0,1205.0,1199.0,1205.0,6900,0.0,0.0
2022-09-22 10:00:00+09:00,1206.0,1206.0,1205.0,1206.0,700,0.0,0.0
2022-09-22 11:00:00+09:00,1204.0,1204.0,1203.0,1203.0,0,0.0,0.0
2022-09-22 12:00:00+09:00,1200.0,1210.0,1200.0,1205.0,17100,0.0,0.0
2022-09-22 13:00:00+09:00,1209.0,1216.0,1209.0,1212.0,2100,0.0,0.0
2022-09-22 14:00:00+09:00,1216.0,1221.0,1213.0,1221.0,3900,0.0,0.0
2022-09-26 09:00:00+09:00,1202.0,1203.0,1191.0,1192.0,0,0.0,0.0
2022-09-26 10:00:00+09:00,1192.0,1196.0,1185.0,1196.0,5500,0.0,0.0
2022-09-26 11:00:00+09:00,1197.0,1198.0,1190.0,1190.0,0,0.0,0.0
2022-09-26 12:00:00+09:00,1190.0,1192.0,1184.0,1184.0,24800,0.0,0.0
2022-09-26 13:00:00+09:00,1183.0,1186.0,1179.0,1186.0,7700,0.0,0.0
2022-09-26 14:00:00+09:00,1186.0,1186.0,1180.0,1183.0,5100,0.0,0.0
2022-09-27 09:00:00+09:00,1182.0,1186.0,1176.0,1186.0,5500,0.0,0.0
2022-09-27 10:00:00+09:00,1186.0,1187.0,1180.0,1180.0,1600,0.0,0.0
2022-09-27 11:00:00+09:00,1180.0,1180.0,1180.0,1180.0,0,0.0,0.0
2022-09-27 12:00:00+09:00,1181.0,1181.0,1176.0,1176.0,12100,0.0,0.0
2022-09-27 13:00:00+09:00,1179.0,1179.0,1171.0,1171.0,2900,0.0,0.0
2022-09-27 14:00:00+09:00,1172.0,1174.0,1168.0,1171.0,5100,0.0,0.0
2022-09-28 09:00:00+09:00,1162.0,1169.0,1161.0,1164.0,2900,0.0,0.0
2022-09-28 10:00:00+09:00,1165.0,1168.0,1161.0,1161.0,3600,0.0,0.0
2022-09-28 11:00:00+09:00,1160.0,1160.0,1151.0,1151.0,0,0.0,0.0
2022-09-28 12:00:00+09:00,1150.0,1155.0,1147.0,1155.0,19200,0.0,0.0
2022-09-28 13:00:00+09:00,1157.0,1159.0,1152.0,1154.0,5000,0.0,0.0
2022-09-28 14:00:00+09:00,1153.0,1165.0,1145.0,1165.0,8100,0.0,0.0
2022-09-29 09:00:00+09:00,1161.0,1182.0,1161.0,1176.0,3700,0.0,0.0
2022-09-29 10:00:00+09:00,1178.0,1183.0,1178.0,1178.0,1600,0.0,0.0
2022-09-29 11:00:00+09:00,1175.0,1175.0,1171.0,1172.0,0,0.0,0.0
2022-09-29 12:00:00+09:00,1165.0,1174.0,1162.0,1174.0,7800,0.0,0.0
2022-09-29 13:00:00+09:00,1172.0,1179.0,1172.0,1179.0,1300,0.0,0.0
2022-09-29 14:00:00+09:00,1183.0,1183.0,1173.0,1178.0,6300,0.0,0.0
2022-09-30 09:00:00+09:00,1164.0,1164.0,1157.0,1160.0,2400,0.0,0.0
2022-09-30 10:00:00+09:00,1164.0,1173.0,1163.0,1172.0,3400,0.0,0.0
2022-09-30 11:00:00+09:00,1171.0,1172.0,1163.0,1163.0,0,0.0,0.0
2022-09-30 12:00:00+09:00,1159.0,1164.0,1159.0,1159.0,8600,0.0,0.0
2022-09-30 13:00:00+09:00,1155.0,1163.0,1153.0,1162.0,2000,0.0,0.0
2022-09-30 14:00:00+09:00,1164.0,1170.0,1164.0,1165.0,1700,0.0,0.0
2022-10-03 09:00:00+09:00,1150.0,1157.0,1150.0,1154.0,4700,0.0,0.0
2022-10-03 10:00:00+09:00,1156.0,1169.0,1156.0,1166.0,2600,0.0,0.0
2022-10-03 11:00:00+09:00,1168.0,1170.0,1166.0,1166.0,0,0.0,0.0
2022-10-03 12:00:00+09:00,1166.0,1169.0,1165.0,1169.0,9600,0.0,0.0
2022-10-03 13:00:00+09:00,1167.0,1167.0,1154.0,1158.0,6400,0.0,0.0
2022-10-03 14:00:00+09:00,1163.0,1171.0,1163.0,1171.0,2200,0.0,0.0
2022-10-04 09:00:00+09:00,1170.0,1182.0,1170.0,1172.0,2900,0.0,0.0
2022-10-04 10:00:00+09:00,1176.0,1178.0,1175.0,1176.0,1100,0.0,0.0
2022-10-04 11:00:00+09:00,1176.0,1176.0,1176.0,1176.0,0,0.0,0.0
2022-10-04 12:00:00+09:00,1175.0,1185.0,1175.0,1185.0,6500,0.0,0.0
2022-10-04 13:00:00+09:00,1185.0,1193.0,1185.0,1190.0,2500,0.0,0.0
2022-10-04 14:00:00+09:00,1190.0,1190.0,1184.0,1186.0,2700,0.0,0.0
2022-10-05 09:00:00+09:00,1199.0,1200.0,1191.0,1196.0,2900,0.0,0.0
2022-10-05 10:00:00+09:00,1198.0,1199.0,1190.0,1190.0,2500,0.0,0.0
2022-10-05 11:00:00+09:00,1193.0,1199.0,1192.0,1192.0,0,0.0,0.0
2022-10-05 12:00:00+09:00,1197.0,1199.0,1197.0,1199.0,9600,0.0,0.0
2022-10-05 13:00:00+09:00,1199.0,1199.0,1195.0,1195.0,2500,0.0,0.0
2022-10-05 14:00:00+09:00,1197.0,1197.0,1195.0,1196.0,1100,0.0,0.0
2022-10-06 09:00:00+09:00,1192.0,1205.0,1192.0,1203.0,1500,0.0,0.0
2022-10-06 10:00:00+09:00,1201.0,1202.0,1198.0,1199.0,2300,0.0,0.0
2022-10-06 11:00:00+09:00,1203.0,1205.0,1195.0,1195.0,0,0.0,0.0
2022-10-06 12:00:00+09:00,1193.0,1195.0,1192.0,1192.0,7900,0.0,0.0
2022-10-06 13:00:00+09:00,1197.0,1200.0,1197.0,1197.0,2000,0.0,0.0
2022-10-06 14:00:00+09:00,1197.0,1198.0,1194.0,1194.0,2100,0.0,0.0
2022-10-07 09:00:00+09:00,1190.0,1190.0,1177.0,1185.0,2900,0.0,0.0
2022-10-07 10:00:00+09:00,1185.0,1185.0,1184.0,1185.0,3200,0.0,0.0
2022-10-07 11:00:00+09:00,1184.0,1184.0,1180.0,1180.0,0,0.0,0.0
2022-10-07 12:00:00+09:00,1179.0,1179.0,1176.0,1176.0,11000,0.0,0.0
2022-10-07 13:00:00+09:00,1180.0,1185.0,1179.0,1181.0,2900,0.0,0.0
2022-10-07 14:00:00+09:00,1181.0,1186.0,1180.0,1180.0,3400,0.0,0.0
2022-10-11 09:00:00+09:00,1180.0,1188.0,1167.0,1167.0,0,0.0,0.0
2022-10-11 10:00:00+09:00,1168.0,1172.0,1165.0,1165.0,4100,0.0,0.0
2022-10-11 11:00:00+09:00,1164.0,1164.0,1160.0,1160.0,0,0.0,0.0
2022-10-11 12:00:00+09:00,1161.0,1166.0,1161.0,1166.0,13400,0.0,0.0
2022-10-11 13:00:00+09:00,1163.0,1164.0,1161.0,1161.0,1400,0.0,0.0
2022-10-11 14:00:00+09:00,1161.0,1163.0,1161.0,1163.0,2000,0.0,0.0
2022-10-12 09:00:00+09:00,1161.0,1162.0,1141.0,1143.0,11000,0.0,0.0
2022-10-12 10:00:00+09:00,1144.0,1150.0,1144.0,1148.0,3600,0.0,0.0
2022-10-12 11:00:00+09:00,1148.0,1150.0,1144.0,1144.0,0,0.0,0.0
2022-10-12 12:00:00+09:00,1142.0,1144.0,1141.0,1143.0,19300,0.0,0.0
2022-10-12 13:00:00+09:00,1144.0,1148.0,1143.0,1145.0,2800,0.0,0.0
2022-10-12 14:00:00+09:00,1142.0,1146.0,1141.0,1143.0,2900,0.0,0.0
2022-10-13 09:00:00+09:00,1144.0,1144.0,1128.0,1132.0,6500,0.0,0.0
2022-10-13 10:00:00+09:00,1131.0,1133.0,1128.0,1129.0,2200,0.0,0.0
2022-10-13 11:00:00+09:00,1129.0,1129.0,1125.0,1128.0,0,0.0,0.0
2022-10-13 12:00:00+09:00,1121.0,1125.0,1121.0,1123.0,12200,0.0,0.0
2022-10-13 13:00:00+09:00,1122.0,1123.0,1121.0,1121.0,1500,0.0,0.0
2022-10-13 14:00:00+09:00,1122.0,1126.0,1122.0,1124.0,0,0.0,0.0
2022-10-14 09:00:00+09:00,1154.0,1154.0,1136.0,1148.0,5800,0.0,0.0
2022-10-14 10:00:00+09:00,1149.0,1157.0,1148.0,1154.0,6700,0.0,0.0
2022-10-14 11:00:00+09:00,1156.0,1156.0,1155.0,1155.0,0,0.0,0.0
2022-10-14 12:00:00+09:00,1155.0,1161.0,1153.0,1161.0,14000,0.0,0.0
2022-10-14 13:00:00+09:00,1161.0,1163.0,1159.0,1159.0,2600,0.0,0.0
2022-10-14 14:00:00+09:00,1161.0,1162.0,1156.0,1160.0,4100,0.0,0.0
2022-10-17 09:00:00+09:00,1148.0,1152.0,1140.0,1151.0,7000,0.0,0.0
2022-10-17 10:00:00+09:00,1150.0,1155.0,1147.0,1147.0,3300,0.0,0.0
2022-10-17 11:00:00+09:00,1149.0,1152.0,1148.0,1152.0,0,0.0,0.0
2022-10-17 12:00:00+09:00,1152.0,1154.0,1149.0,1149.0,11700,0.0,0.0
2022-10-17 13:00:00+09:00,1149.0,1160.0,1149.0,1159.0,3200,0.0,0.0
2022-10-17 14:00:00+09:00,1158.0,1158.0,1149.0,1155.0,5100,0.0,0.0
2022-10-18 09:00:00+09:00,1168.0,1176.0,1163.0,1176.0,5600,0.0,0.0
2022-10-18 10:00:00+09:00,1170.0,1170.0,1165.0,1168.0,800,0.0,0.0
2022-10-18 11:00:00+09:00,1168.0,1174.0,1168.0,1171.0,0,0.0,0.0
2022-10-18 12:00:00+09:00,1168.0,1172.0,1168.0,1171.0,8700,0.0,0.0
2022-10-18 13:00:00+09:00,1175.0,1175.0,1169.0,1169.0,1600,0.0,0.0
2022-10-18 14:00:00+09:00,1169.0,1169.0,1165.0,1166.0,1800,0.0,0.0
2022-10-19 09:00:00+09:00,1178.0,1180.0,1165.0,1174.0,2500,0.0,0.0
2022-10-19 10:00:00+09:00,1173.0,1173.0,1168.0,1172.0,4600,0.0,0.0
2022-10-19 11:00:00+09:00,1172.0,1172.0,1171.0,1172.0,0,0.0,0.0
2022-10-19 12:00:00+09:00,1172.0,1173.0,1170.0,1170.0,8900,0.0,0.0
2022-10-19 13:00:00+09:00,1170.0,1170.0,1167.0,1169.0,1200,0.0,0.0
2022-10-19 14:00:00+09:00,1170.0,1172.0,1167.0,1172.0,5600,0.0,0.0
2022-10-20 09:00:00+09:00,1169.0,1169.0,1155.0,1159.0,0,0.0,0.0
2022-10-20 10:00:00+09:00,1159.0,1166.0,1158.0,1162.0,6400,0.0,0.0
2022-10-20 11:00:00+09:00,1163.0,1165.0,1160.0,1160.0,0,0.0,0.0
2022-10-20 12:00:00+09:00,1163.0,1163.0,1158.0,1162.0,10400,0.0,0.0
2022-10-20 13:00:00+09:00,1162.0,1166.0,1160.0,1161.0,2100,0.0,0.0
2022-10-20 14:00:00+09:00,1160.0,1162.0,1159.0,1159.0,2700,0.0,0.0
2022-10-21 09:00:00+09:00,1165.0,1165.0,1161.0,1161.0,1300,0.0,0.0
2022-10-21 10:00:00+09:00,1161.0,1165.0,1152.0,1164.0,4900,0.0,0.0
2022-10-21 11:00:00+09:00,1167.0,1168.0,1167.0,1168.0,0,0.0,0.0
2022-10-21 12:00:00+09:00,1169.0,1169.0,1161.0,1167.0,7500,0.0,0.0
2022-10-21 13:00:00+09:00,1163.0,1168.0,1163.0,1168.0,1300,0.0,0.0
2022-10-21 14:00:00+09:00,1165.0,1165.0,1158.0,1160.0,3500,0.0,0.0
2022-10-24 09:00:00+09:00,1175.0,1191.0,1164.0,1189.0,9900,0.0,0.0
2022-10-24 10:00:00+09:00,1189.0,1205.0,1188.0,1202.0,14000,0.0,0.0
2022-10-24 11:00:00+09:00,1201.0,1203.0,1200.0,1203.0,0,0.0,0.0
2022-10-24 12:00:00+09:00,1203.0,1205.0,1194.0,1203.0,31200,0.0,0.0
2022-10-24 13:00:00+09:00,1204.0,1207.0,1201.0,1204.0,4000,0.0,0.0
2022-10-24 14:00:00+09:00,1202.0,1203.0,1198.0,1203.0,1800,0.0,0.0
2022-10-25 09:00:00+09:00,1188.0,1232.0,1181.0,1231.0,23600,0.0,0.0
2022-10-25 10:00:00+09:00,1230.0,1234.0,1227.0,1227.0,5000,0.0,0.0
2022-10-25 11:00:00+09:00,1226.0,1233.0,1226.0,1233.0,0,0.0,0.0
2022-10-25 12:00:00+09:00,1232.0,1236.0,1225.0,1225.0,39400,0.0,0.0
2022-10-25 13:00:00+09:00,1224.0,1225.0,1224.0,1224.0,1300,0.0,0.0
2022-10-25 14:00:00+09:00,1222.0,1222.0,1213.0,1217.0,4600,0.0,0.0
2022-10-26 09:00:00+09:00,1210.0,1224.0,1210.0,1214.0,5200,0.0,0.0
2022-10-26 10:00:00+09:00,1210.0,1217.0,1210.0,1212.0,3100,0.0,0.0
2022-10-26 11:00:00+09:00,1212.0,1212.0,1208.0,1208.0,0,0.0,0.0
2022-10-26 12:00:00+09:00,1206.0,1209.0,1201.0,1203.0,11400,0.0,0.0
2022-10-26 13:00:00+09:00,1202.0,1206.0,1202.0,1204.0,1400,0.0,0.0
2022-10-26 14:00:00+09:00,1208.0,1208.0,1200.0,1201.0,3000,0.0,0.0
2022-10-27 09:00:00+09:00,1201.0,1202.0,1197.0,1201.0,3900,0.0,0.0
2022-10-27 10:00:00+09:00,1199.0,1209.0,1199.0,1199.0,5100,0.0,0.0
2022-10-27 11:00:00+09:00,1202.0,1205.0,1200.0,1200.0,0,0.0,0.0
2022-10-27 12:00:00+09:00,1198.0,1206.0,1198.0,1206.0,10600,0.0,0.0
2022-10-27 13:00:00+09:00,1208.0,1210.0,1206.0,1209.0,3600,0.0,0.0
2022-10-27 14:00:00+09:00,1208.0,1208.0,1199.0,1203.0,3700,0.0,0.0
2022-10-28 09:00:00+09:00,1206.0,1206.0,1190.0,1192.0,4300,0.0,0.0
2022-10-28 10:00:00+09:00,1194.0,1194.0,1191.0,1192.0,1900,0.0,0.0
2022-10-28 11:00:00+09:00,1192.0,1194.0,1191.0,1191.0,0,0.0,0.0
2022-10-28 12:00:00+09:00,1190.0,1190.0,1188.0,1189.0,10600,0.0,0.0
2022-10-28 13:00:00+09:00,1190.0,1190.0,1183.0,1184.0,6400,0.0,0.0
2022-10-28 14:00:00+09:00,1184.0,1184.0,1174.0,1183.0,6900,0.0,0.0
2022-10-31 09:00:00+09:00,1198.0,1198.0,1178.0,1178.0,10700,0.0,0.0
2022-10-31 10:00:00+09:00,1178.0,1178.0,1176.0,1176.0,2300,0.0,0.0
2022-10-31 11:00:00+09:00,1178.0,1181.0,1177.0,1177.0,0,0.0,0.0
2022-10-31 12:00:00+09:00,1177.0,1179.0,1177.0,1178.0,17800,0.0,0.0
2022-10-31 13:00:00+09:00,1178.0,1183.0,1177.0,1181.0,3000,0.0,0.0
2022-10-31 14:00:00+09:00,1184.0,1187.0,1182.0,1184.0,2700,0.0,0.0
2022-11-01 09:00:00+09:00,1201.0,1220.0,1184.0,1184.0,12600,0.0,0.0
2022-11-01 10:00:00+09:00,1185.0,1189.0,1183.0,1189.0,3500,0.0,0.0
2022-11-01 11:00:00+09:00,1190.0,1196.0,1190.0,1196.0,0,0.0,0.0
2022-11-01 12:00:00+09:00,1196.0,1205.0,1196.0,1204.0,19800,0.0,0.0
2022-11-01 13:00:00+09:00,1204.0,1206.0,1196.0,1200.0,4700,0.0,0.0
2022-11-01 14:00:00+09:00,1202.0,1205.0,1201.0,1205.0,3700,0.0,0.0
2022-11-02 09:00:00+09:00,1209.0,1209.0,1198.0,1198.0,1300,0.0,0.0
2022-11-02 10:00:00+09:00,1203.0,1204.0,1195.0,1195.0,1500,0.0,0.0
2022-11-02 11:00:00+09:00,1193.0,1193.0,1191.0,1191.0,0,0.0,0.0
2022-11-02 12:00:00+09:00,1196.0,1198.0,1196.0,1198.0,4400,0.0,0.0
2022-11-02 13:00:00+09:00,1194.0,1196.0,1194.0,1196.0,400,0.0,0.0
2022-11-02 14:00:00+09:00,1196.0,1196.0,1190.0,1192.0,4200,0.0,0.0
2022-11-04 09:00:00+09:00,1189.0,1196.0,1188.0,1196.0,1700,0.0,0.0
2022-11-04 10:00:00+09:00,1195.0,1201.0,1195.0,1196.0,1800,0.0,0.0
2022-11-04 11:00:00+09:00,1198.0,1201.0,1198.0,1201.0,0,0.0,0.0
2022-11-04 12:00:00+09:00,1202.0,1209.0,1201.0,1209.0,7800,0.0,0.0
2022-11-04 13:00:00+09:00,1206.0,1208.0,1204.0,1208.0,1800,0.0,0.0
2022-11-04 14:00:00+09:00,1207.0,1212.0,1205.0,1205.0,3000,0.0,0.0
2022-11-07 09:00:00+09:00,1218.0,1218.0,1210.0,1213.0,0,0.0,0.0
2022-11-07 10:00:00+09:00,1213.0,1221.0,1212.0,1219.0,2700,0.0,0.0
2022-11-07 11:00:00+09:00,1220.0,1220.0,1216.0,1219.0,0,0.0,0.0
2022-11-07 12:00:00+09:00,1223.0,1223.0,1217.0,1223.0,5200,0.0,0.0
2022-11-07 13:00:00+09:00,1219.0,1222.0,1219.0,1222.0,1600,0.0,0.0
2022-11-07 14:00:00+09:00,1222.0,1222.0,1217.0,1221.0,3500,0.0,0.0
2022-11-08 09:00:00+09:00,1226.0,1226.0,1215.0,1218.0,2000,0.0,0.0
2022-11-08 10:00:00+09:00,1220.0,1222.0,1219.0,1220.0,3700,0.0,0.0
2022-11-08 11:00:00+09:00,1225.0,1225.0,1225.0,1225.0,0,0.0,0.0
2022-11-08 12:00:00+09:00,1226.0,1229.0,1223.0,1223.0,7800,0.0,0.0
2022-11-08 13:00:00+09:00,1226.0,1226.0,1225.0,1225.0,2000,0.0,0.0
2022-11-08 14:00:00+09:00,1225.0,1226.0,1217.0,1217.0,2900,0.0,0.0
2022-11-09 09:00:00+09:00,1216.0,1221.0,1216.0,1217.0,1400,0.0,0.0
2022-11-09 10:00:00+09:00,1221.0,1225.0,1221.0,1224.0,1700,0.0,0.0
2022-11-09 11:00:00+09:00,1224.0,1224.0,1222.0,1224.0,0,0.0,0.0
2022-11-09 12:00:00+09:00,1225.0,1225.0,1224.0,1224.0,3800,0.0,0.0
2022-11-09 13:00:00+09:00,1221.0,1221.0,1218.0,1218.0,1300,0.0,0.0
2022-11-09 14:00:00+09:00,1218.0,1221.0,1218.0,1218.0,2300,0.0,0.0
2022-11-10 09:00:00+09:00,1219.0,1219.0,1206.0,1210.0,2600,0.0,0.0
2022-11-10 10:00:00+09:00,1211.0,1211.0,1210.0,1210.0,200,0.0,0.0
2022-11-10 11:00:00+09:00,1210.0,1216.0,1210.0,1216.0,0,0.0,0.0
2022-11-10 12:00:00+09:00,1216.0,1225.0,1216.0,1221.0,7600,0.0,0.0
2022-11-10 13:00:00+09:00,1221.0,1225.0,1220.0,1225.0,1700,0.0,0.0
2022-11-10 14:00:00+09:00,1228.0,1231.0,1215.0,1218.0,5300,0.0,0.0
2022-11-11 09:00:00+09:00,1240.0,1240.0,1223.0,1227.0,8800,0.0,0.0
2022-11-11 10:00:00+09:00,1226.0,1234.0,1226.0,1231.0,3100,0.0,0.0
2022-11-11 11:00:00+09:00,1230.0,1230.0,1230.0,1230.0,0,0.0,0.0
2022-11-11 12:00:00+09:00,1230.0,1230.0,1223.0,1227.0,15700,0.0,0.0
2022-11-11 13:00:00+09:00,1227.0,1235.0,1226.0,1235.0,2800,0.0,0.0
2022-11-11 14:00:00+09:00,1235.0,1237.0,1227.0,1237.0,5900,0.0,0.0
2022-11-14 09:00:00+09:00,1246.0,1246.0,1218.0,1226.0,11300,0.0,0.0
2022-11-14 10:00:00+09:00,1226.0,1241.0,1225.0,1235.0,13500,0.0,0.0
2022-11-14 11:00:00+09:00,1236.0,1240.0,1232.0,1239.0,0,0.0,0.0
2022-11-14 12:00:00+09:00,1243.0,1251.0,1242.0,1242.0,53700,0.0,0.0
2022-11-14 13:00:00+09:00,1240.0,1252.0,1232.0,1250.0,21100,0.0,0.0
2022-11-14 14:00:00+09:00,1251.0,1440.0,1249.0,1386.0,464900,0.0,0.0
2022-11-15 09:00:00+09:00,1381.0,1407.0,1357.0,1383.0,94900,0.0,0.0
2022-11-15 10:00:00+09:00,1381.0,1399.0,1377.0,1399.0,21800,0.0,0.0
2022-11-15 11:00:00+09:00,1397.0,1401.0,1392.0,1392.0,0,0.0,0.0
2022-11-15 12:00:00+09:00,1390.0,1396.0,1380.0,1380.0,135100,0.0,0.0
2022-11-15 13:00:00+09:00,1383.0,1385.0,1375.0,1377.0,9600,0.0,0.0
2022-11-15 14:00:00+09:00,1377.0,1389.0,1373.0,1389.0,19100,0.0,0.0
2022-11-16 09:00:00+09:00,1391.0,1444.0,1379.0,1435.0,68400,0.0,0.0
2022-11-16 10:00:00+09:00,1435.0,1464.0,1430.0,1464.0,17800,0.0,0.0
2022-11-16 11:00:00+09:00,1464.0,1464.0,1458.0,1458.0,0,0.0,0.0
2022-11-16 12:00:00+09:00,1455.0,1463.0,1453.0,1454.0,94700,0.0,0.0
2022-11-16 13:00:00+09:00,1454.0,1469.0,1447.0,1461.0,11900,0.0,0.0
2022-11-16 14:00:00+09:00,1460.0,1460.0,1443.0,1459.0,10200,0.0,0.0
2022-11-17 09:00:00+09:00,1453.0,1473.0,1434.0,1473.0,20500,0.0,0.0
2022-11-17 10:00:00+09:00,1473.0,1480.0,1457.0,1457.0,17000,0.0,0.0
2022-11-17 11:00:00+09:00,1456.0,1456.0,1448.0,1448.0,0,0.0,0.0
2022-11-17 12:00:00+09:00,1449.0,1456.0,1449.0,1455.0,43500,0.0,0.0
2022-11-17 13:00:00+09:00,1456.0,1457.0,1452.0,1452.0,2700,0.0,0.0
2022-11-17 14:00:00+09:00,1453.0,1460.0,1448.0,1457.0,6800,0.0,0.0
2022-11-18 09:00:00+09:00,1458.0,1477.0,1447.0,1467.0,0,0.0,0.0
2022-11-18 10:00:00+09:00,1466.0,1481.0,1466.0,1481.0,30600,0.0,0.0
2022-11-18 11:00:00+09:00,1483.0,1483.0,1468.0,1469.0,0,0.0,0.0
2022-11-18 12:00:00+09:00,1470.0,1473.0,1461.0,1472.0,44200,0.0,0.0
2022-11-18 13:00:00+09:00,1473.0,1473.0,1461.0,1465.0,4100,0.0,0.0
2022-11-18 14:00:00+09:00,1463.0,1463.0,1454.0,1456.0,6600,0.0,0.0
2022-11-21 09:00:00+09:00,1450.0,1461.0,1430.0,1447.0,0,0.0,0.0
2022-11-21 10:00:00+09:00,1449.0,1460.0,1446.0,1457.0,2200,0.0,0.0
2022-11-21 11:00:00+09:00,1460.0,1466.0,1457.0,1457.0,0,0.0,0.0
2022-11-21 12:00:00+09:00,1454.0,1462.0,1454.0,1460.0,25500,0.0,0.0
2022-11-21 13:00:00+09:00,1461.0,1461.0,1454.0,1456.0,1000,0.0,0.0
2022-11-21 14:00:00+09:00,1455.0,1474.0,1450.0,1474.0,13000,0.0,0.0
2022-11-22 09:00:00+09:00,1481.0,1520.0,1480.0,1520.0,28100,0.0,0.0
2022-11-22 10:00:00+09:00,1520.0,1526.0,1517.0,1518.0,5500,0.0,0.0
2022-11-22 11:00:00+09:00,1518.0,1518.0,1513.0,1515.0,0,0.0,0.0
2022-11-22 12:00:00+09:00,1514.0,1514.0,1503.0,1510.0,39000,0.0,0.0
2022-11-22 13:00:00+09:00,1508.0,1508.0,1497.0,1497.0,5100,0.0,0.0
2022-11-22 14:00:00+09:00,1498.0,1498.0,1488.0,1495.0,7800,0.0,0.0
2022-11-24 09:00:00+09:00,1510.0,1530.0,1500.0,1504.0,16400,0.0,0.0
2022-11-24 10:00:00+09:00,1506.0,1508.0,1500.0,1503.0,4200,0.0,0.0
2022-11-24 11:00:00+09:00,1504.0,1505.0,1499.0,1505.0,0,0.0,0.0
2022-11-24 12:00:00+09:00,1505.0,1508.0,1497.0,1508.0,24100,0.0,0.0
2022-11-24 13:00:00+09:00,1509.0,1516.0,1505.0,1512.0,5000,0.0,0.0
2022-11-24 14:00:00+09:00,1512.0,1526.0,1512.0,1525.0,12000,0.0,0.0
2022-11-25 09:00:00+09:00,1511.0,1530.0,1511.0,1526.0,11100,0.0,0.0
2022-11-25 10:00:00+09:00,1528.0,1529.0,1515.0,1527.0,3300,0.0,0.0
2022-11-25 11:00:00+09:00,1526.0,1530.0,1525.0,1525.0,0,0.0,0.0
2022-11-25 12:00:00+09:00,1526.0,1542.0,1525.0,1541.0,26500,0.0,0.0
2022-11-25 13:00:00+09:00,1542.0,1542.0,1536.0,1539.0,3600,0.0,0.0
2022-11-25 14:00:00+09:00,1539.0,1540.0,1501.0,1509.0,32700,0.0,0.0
2022-11-28 09:00:00+09:00,1510.0,1520.0,1491.0,1491.0,20100,0.0,0.0
2022-11-28 10:00:00+09:00,1490.0,1496.0,1488.0,1495.0,5100,0.0,0.0
2022-11-28 11:00:00+09:00,1493.0,1510.0,1493.0,1510.0,0,0.0,0.0
2022-11-28 12:00:00+09:00,1509.0,1509.0,1502.0,1503.0,30900,0.0,0.0
2022-11-28 13:00:00+09:00,1502.0,1505.0,1498.0,1500.0,3500,0.0,0.0
2022-11-28 14:00:00+09:00,1502.0,1504.0,1500.0,1502.0,2000,0.0,0.0
2022-11-29 09:00:00+09:00,1542.0,1589.0,1528.0,1570.0,51300,0.0,0.0
2022-11-29 10:00:00+09:00,1570.0,1596.0,1570.0,1595.0,23700,0.0,0.0
2022-11-29 11:00:00+09:00,1596.0,1598.0,1590.0,1597.0,0,0.0,0.0
2022-11-29 12:00:00+09:00,1600.0,1607.0,1588.0,1595.0,91000,0.0,0.0
2022-11-29 13:00:00+09:00,1596.0,1598.0,1592.0,1593.0,6100,0.0,0.0
2022-11-29 14:00:00+09:00,1595.0,1602.0,1584.0,1594.0,35800,0.0,0.0
2022-11-30 09:00:00+09:00,1594.0,1654.0,1594.0,1642.0,110200,0.0,0.0
2022-11-30 10:00:00+09:00,1642.0,1652.0,1620.0,1652.0,22800,0.0,0.0
2022-11-30 11:00:00+09:00,1647.0,1659.0,1647.0,1659.0,0,0.0,0.0
2022-11-30 12:00:00+09:00,1659.0,1659.0,1646.0,1648.0,150500,0.0,0.0
2022-11-30 13:00:00+09:00,1647.0,1647.0,1626.0,1629.0,9000,0.0,0.0
2022-11-30 14:00:00+09:00,1629.0,1635.0,1607.0,1614.0,22900,0.0,0.0
2022-12-01 09:00:00+09:00,1648.0,1651.0,1595.0,1605.0,31800,0.0,0.0
2022-12-01 10:00:00+09:00,1606.0,1606.0,1590.0,1591.0,10100,0.0,0.0
2022-12-01 11:00:00+09:00,1594.0,1596.0,1590.0,1590.0,0,0.0,0.0
2022-12-01 12:00:00+09:00,1600.0,1600.0,1585.0,1596.0,49200,0.0,0.0
2022-12-01 13:00:00+09:00,1594.0,1596.0,1591.0,1594.0,3200,0.0,0.0
2022-12-01 14:00:00+09:00,1593.0,1604.0,1590.0,1594.0,17100,0.0,0.0
2022-12-02 09:00:00+09:00,1596.0,1603.0,1575.0,1591.0,15100,0.0,0.0
2022-12-02 10:00:00+09:00,1588.0,1593.0,1580.0,1592.0,3600,0.0,0.0
2022-12-02 11:00:00+09:00,1591.0,1596.0,1587.0,1593.0,0,0.0,0.0
2022-12-02 12:00:00+09:00,1596.0,1599.0,1595.0,1595.0,23000,0.0,0.0
2022-12-02 13:00:00+09:00,1598.0,1599.0,1588.0,1588.0,2600,0.0,0.0
2022-12-02 14:00:00+09:00,1587.0,1592.0,1584.0,1588.0,6300,0.0,0.0
2022-12-05 09:00:00+09:00,1598.0,1598.0,1544.0,1547.0,20600,0.0,0.0
2022-12-05 10:00:00+09:00,1547.0,1552.0,1542.0,1544.0,8000,0.0,0.0
2022-12-05 11:00:00+09:00,1545.0,1547.0,1532.0,1532.0,0,0.0,0.0
2022-12-05 12:00:00+09:00,1532.0,1546.0,1532.0,1543.0,41600,0.0,0.0
2022-12-05 13:00:00+09:00,1539.0,1542.0,1537.0,1542.0,2800,0.0,0.0
2022-12-05 14:00:00+09:00,1540.0,1540.0,1522.0,1525.0,9600,0.0,0.0
2022-12-06 09:00:00+09:00,1532.0,1572.0,1532.0,1555.0,13700,0.0,0.0
2022-12-06 10:00:00+09:00,1550.0,1562.0,1547.0,1562.0,3800,0.0,0.0
2022-12-06 11:00:00+09:00,1566.0,1575.0,1563.0,1573.0,0,0.0,0.0
2022-12-06 12:00:00+09:00,1582.0,1586.0,1562.0,1578.0,30200,0.0,0.0
2022-12-06 13:00:00+09:00,1578.0,1578.0,1564.0,1572.0,10000,0.0,0.0
2022-12-06 14:00:00+09:00,1572.0,1576.0,1566.0,1568.0,6000,0.0,0.0
2022-12-07 09:00:00+09:00,1548.0,1570.0,1531.0,1554.0,14300,0.0,0.0
2022-12-07 10:00:00+09:00,1555.0,1579.0,1555.0,1579.0,6000,0.0,0.0
2022-12-07 11:00:00+09:00,1573.0,1573.0,1567.0,1569.0,0,0.0,0.0
2022-12-07 12:00:00+09:00,1569.0,1569.0,1564.0,1567.0,22900,0.0,0.0
2022-12-07 13:00:00+09:00,1569.0,1574.0,1569.0,1573.0,2800,0.0,0.0
2022-12-07 14:00:00+09:00,1573.0,1575.0,1572.0,1572.0,2800,0.0,0.0
2022-12-08 09:00:00+09:00,1574.0,1581.0,1551.0,1562.0,9800,0.0,0.0
2022-12-08 10:00:00+09:00,1563.0,1566.0,1560.0,1563.0,2800,0.0,0.0
2022-12-08 11:00:00+09:00,1564.0,1569.0,1564.0,1569.0,0,0.0,0.0
2022-12-08 12:00:00+09:00,1572.0,1572.0,1571.0,1572.0,14000,0.0,0.0
2022-12-08 13:00:00+09:00,1572.0,1572.0,1569.0,1571.0,800,0.0,0.0
2022-12-08 14:00:00+09:00,1570.0,1578.0,1568.0,1576.0,2700,0.0,0.0
2022-12-09 09:00:00+09:00,1585.0,1589.0,1574.0,1587.0,0,0.0,0.0
2022-12-09 10:00:00+09:00,1587.0,1587.0,1577.0,1579.0,19000,0.0,0.0
2022-12-09 11:00:00+09:00,1580.0,1583.0,1580.0,1583.0,0,0.0,0.0
2022-12-09 12:00:00+09:00,1584.0,1610.0,1584.0,1610.0,31500,0.0,0.0
2022-12-09 13:00:00+09:00,1612.0,1617.0,1611.0,1612.0,2900,0.0,0.0
2022-12-09 14:00:00+09:00,1610.0,1610.0,1591.0,1591.0,4500,0.0,0.0
2022-12-12 09:00:00+09:00,1588.0,1598.0,1579.0,1593.0,5100,0.0,0.0
2022-12-12 10:00:00+09:00,1591.0,1601.0,1590.0,1596.0,5400,0.0,0.0
2022-12-12 11:00:00+09:00,1596.0,1609.0,1590.0,1609.0,0,0.0,0.0
2022-12-12 12:00:00+09:00,1605.0,1605.0,1594.0,1600.0,19400,0.0,0.0
2022-12-12 13:00:00+09:00,1599.0,1599.0,1598.0,1599.0,1100,0.0,0.0
2022-12-12 14:00:00+09:00,1597.0,1604.0,1596.0,1599.0,3400,0.0,0.0
2022-12-13 09:00:00+09:00,1605.0,1605.0,1593.0,1593.0,3900,0.0,0.0
2022-12-13 10:00:00+09:00,1591.0,1601.0,1590.0,1601.0,3100,0.0,0.0
2022-12-13 11:00:00+09:00,1599.0,1602.0,1599.0,1602.0,0,0.0,0.0
2022-12-13 12:00:00+09:00,1600.0,1602.0,1600.0,1601.0,8400,0.0,0.0
2022-12-13 13:00:00+09:00,1601.0,1601.0,1595.0,1599.0,1500,0.0,0.0
2022-12-13 14:00:00+09:00,1597.0,1600.0,1595.0,1597.0,3700,0.0,0.0
2022-12-14 09:00:00+09:00,1598.0,1605.0,1596.0,1596.0,0,0.0,0.0
2022-12-14 10:00:00+09:00,1600.0,1602.0,1597.0,1597.0,15200,0.0,0.0
2022-12-14 11:00:00+09:00,1600.0,1606.0,1600.0,1604.0,0,0.0,0.0
2022-12-14 12:00:00+09:00,1602.0,1602.0,1599.0,1599.0,18500,0.0,0.0
2022-12-14 13:00:00+09:00,1599.0,1603.0,1598.0,1601.0,1700,0.0,0.0
2022-12-14 14:00:00+09:00,1604.0,1604.0,1601.0,1601.0,1500,0.0,0.0
2022-12-15 09:00:00+09:00,1593.0,1614.0,1590.0,1613.0,9100,0.0,0.0
2022-12-15 10:00:00+09:00,1612.0,1613.0,1605.0,1611.0,3600,0.0,0.0
2022-12-15 11:00:00+09:00,1611.0,1611.0,1609.0,1609.0,0,0.0,0.0
2022-12-15 12:00:00+09:00,1607.0,1610.0,1604.0,1605.0,14900,0.0,0.0
2022-12-15 13:00:00+09:00,1601.0,1602.0,1597.0,1602.0,3400,0.0,0.0
2022-12-15 14:00:00+09:00,1600.0,1603.0,1594.0,1594.0,4300,0.0,0.0
2022-12-16 09:00:00+09:00,1571.0,1573.0,1549.0,1573.0,36200,0.0,0.0
2022-12-16 10:00:00+09:00,1573.0,1579.0,1569.0,1579.0,6300,0.0,0.0
2022-12-16 11:00:00+09:00,1578.0,1579.0,1574.0,1575.0,0,0.0,0.0
2022-12-16 12:00:00+09:00,1580.0,1582.0,1578.0,1579.0,45700,0.0,0.0
2022-12-16 13:00:00+09:00,1579.0,1579.0,1566.0,1566.0,4900,0.0,0.0
2022-12-16 14:00:00+09:00,1566.0,1569.0,1561.0,1565.0,16100,0.0,0.0
2022-12-19 09:00:00+09:00,1550.0,1565.0,1547.0,1558.0,14200,0.0,0.0
2022-12-19 10:00:00+09:00,1560.0,1569.0,1559.0,1562.0,2300,0.0,0.0
2022-12-19 11:00:00+09:00,1562.0,1562.0,1562.0,1562.0,0,0.0,0.0
2022-12-19 12:00:00+09:00,1557.0,1559.0,1553.0,1559.0,18400,0.0,0.0
2022-12-19 13:00:00+09:00,1560.0,1563.0,1550.0,1558.0,6100,0.0,0.0
2022-12-19 14:00:00+09:00,1558.0,1567.0,1555.0,1565.0,3600,0.0,0.0
2022-12-20 09:00:00+09:00,1560.0,1569.0,1553.0,1565.0,0,0.0,0.0
2022-12-20 10:00:00+09:00,1568.0,1578.0,1568.0,1578.0,10200,0.0,0.0
2022-12-20 11:00:00+09:00,1577.0,1577.0,1574.0,1574.0,0,0.0,0.0
2022-12-20 12:00:00+09:00,1560.0,1560.0,1541.0,1545.0,18000,0.0,0.0
2022-12-20 13:00:00+09:00,1546.0,1546.0,1519.0,1544.0,19200,0.0,0.0
2022-12-20 14:00:00+09:00,1544.0,1548.0,1526.0,1532.0,15500,0.0,0.0
2022-12-21 09:00:00+09:00,1526.0,1551.0,1518.0,1520.0,9200,0.0,0.0
2022-12-21 10:00:00+09:00,1518.0,1531.0,1509.0,1528.0,8000,0.0,0.0
2022-12-21 11:00:00+09:00,1528.0,1536.0,1528.0,1536.0,0,0.0,0.0
2022-12-21 12:00:00+09:00,1538.0,1538.0,1512.0,1517.0,27700,0.0,0.0
2022-12-21 13:00:00+09:00,1520.0,1520.0,1493.0,1501.0,14400,0.0,0.0
2022-12-21 14:00:00+09:00,1501.0,1510.0,1494.0,1504.0,6800,0.0,0.0
2022-12-22 09:00:00+09:00,1507.0,1552.0,1507.0,1539.0,9800,0.0,0.0
2022-12-22 10:00:00+09:00,1536.0,1540.0,1523.0,1536.0,5700,0.0,0.0
2022-12-22 11:00:00+09:00,1535.0,1537.0,1530.0,1531.0,0,0.0,0.0
2022-12-22 12:00:00+09:00,1532.0,1532.0,1524.0,1524.0,18700,0.0,0.0
2022-12-22 13:00:00+09:00,1529.0,1529.0,1523.0,1523.0,1400,0.0,0.0
2022-12-22 14:00:00+09:00,1522.0,1523.0,1519.0,1523.0,4900,0.0,0.0
2022-12-23 09:00:00+09:00,1517.0,1517.0,1500.0,1509.0,7700,0.0,0.0
2022-12-23 10:00:00+09:00,1507.0,1519.0,1507.0,1516.0,3400,0.0,0.0
2022-12-23 11:00:00+09:00,1513.0,1516.0,1513.0,1515.0,0,0.0,0.0
2022-12-23 12:00:00+09:00,1515.0,1522.0,1515.0,1518.0,13300,0.0,0.0
2022-12-23 13:00:00+09:00,1518.0,1522.0,1518.0,1518.0,2200,0.0,0.0
2022-12-23 14:00:00+09:00,1518.0,1519.0,1518.0,1519.0,1000,0.0,0.0
2022-12-26 09:00:00+09:00,1513.0,1530.0,1511.0,1528.0,0,0.0,0.0
2022-12-26 10:00:00+09:00,1520.0,1520.0,1513.0,1517.0,1000,0.0,0.0
2022-12-26 11:00:00+09:00,1520.0,1520.0,1520.0,1520.0,0,0.0,0.0
2022-12-26 12:00:00+09:00,1520.0,1520.0,1520.0,1520.0,5100,0.0,0.0
2022-12-26 13:00:00+09:00,1517.0,1520.0,1516.0,1518.0,2400,0.0,0.0
2022-12-26 14:00:00+09:00,1518.0,1521.0,1517.0,1517.0,2800,0.0,0.0
2022-12-27 09:00:00+09:00,1538.0,1538.0,1527.0,1531.0,2500,0.0,0.0
2022-12-27 10:00:00+09:00,1531.0,1545.0,1531.0,1538.0,4000,0.0,0.0
2022-12-27 11:00:00+09:00,1538.0,1542.0,1537.0,1542.0,0,0.0,0.0
2022-12-27 12:00:00+09:00,1542.0,1543.0,1537.0,1537.0,17100,0.0,0.0
2022-12-27 13:00:00+09:00,1540.0,1547.0,1540.0,1547.0,2400,0.0,0.0
2022-12-27 14:00:00+09:00,1547.0,1547.0,1535.0,1535.0,4000,0.0,0.0
2022-12-28 09:00:00+09:00,1529.0,1531.0,1519.0,1521.0,4300,0.0,0.0
2022-12-28 10:00:00+09:00,1524.0,1525.0,1521.0,1525.0,0,0.0,0.0
2022-12-28 11:00:00+09:00,1525.0,1525.0,1521.0,1521.0,0,0.0,0.0
2022-12-28 12:00:00+09:00,1521.0,1524.0,1521.0,1522.0,6600,0.0,0.0
2022-12-28 13:00:00+09:00,1522.0,1530.0,1522.0,1530.0,1400,0.0,0.0
2022-12-28 14:00:00+09:00,1531.0,1537.0,1528.0,1536.0,1800,0.0,0.0
2022-12-29 09:00:00+09:00,1529.0,1529.0,1509.0,1519.0,5000,0.0,0.0
2022-12-29 10:00:00+09:00,1519.0,1520.0,1516.0,1519.0,1200,0.0,0.0
2022-12-29 11:00:00+09:00,1520.0,1521.0,1520.0,1521.0,0,0.0,0.0
2022-12-29 12:00:00+09:00,1525.0,1531.0,1522.0,1531.0,10600,0.0,0.0
2022-12-29 13:00:00+09:00,1532.0,1540.0,1530.0,1540.0,3400,0.0,0.0
2022-12-29 14:00:00+09:00,1539.0,1547.0,1538.0,1545.0,7900,0.0,0.0
2022-12-30 09:00:00+09:00,1560.0,1591.0,1550.0,1579.0,14100,0.0,0.0
2022-12-30 10:00:00+09:00,1581.0,1582.0,1576.0,1577.0,1900,0.0,0.0
2022-12-30 11:00:00+09:00,1575.0,1575.0,1563.0,1575.0,0,0.0,0.0
2022-12-30 12:00:00+09:00,1575.0,1581.0,1575.0,1581.0,20100,0.0,0.0
2022-12-30 13:00:00+09:00,1583.0,1586.0,1580.0,1586.0,2800,0.0,0.0
2022-12-30 14:00:00+09:00,1586.0,1586.0,1575.0,1576.0,3800,0.0,0.0
2023-01-04 09:00:00+09:00,1590.0,1599.0,1578.0,1582.0,0,0.0,0.0
2023-01-04 10:00:00+09:00,1586.0,1593.0,1586.0,1586.0,4100,0.0,0.0
2023-01-04 11:00:00+09:00,1591.0,1594.0,1588.0,1589.0,0,0.0,0.0
2023-01-04 12:00:00+09:00,1588.0,1590.0,1587.0,1588.0,22800,0.0,0.0
2023-01-04 13:00:00+09:00,1590.0,1590.0,1584.0,1584.0,2600,0.0,0.0
2023-01-04 14:00:00+09:00,1585.0,1585.0,1576.0,1581.0,9300,0.0,0.0
2023-01-05 09:00:00+09:00,1570.0,1578.0,1550.0,1554.0,8900,0.0,0.0
2023-01-05 10:00:00+09:00,1557.0,1558.0,1550.0,1558.0,3000,0.0,0.0
2023-01-05 11:00:00+09:00,1556.0,1556.0,1545.0,1545.0,0,0.0,0.0
2023-01-05 12:00:00+09:00,1545.0,1550.0,1537.0,1541.0,18300,0.0,0.0
2023-01-05 13:00:00+09:00,1543.0,1543.0,1536.0,1538.0,2500,0.0,0.0
2023-01-05 14:00:00+09:00,1537.0,1543.0,1531.0,1531.0,11600,0.0,0.0
2023-01-06 09:00:00+09:00,1539.0,1582.0,1539.0,1567.0,11300,0.0,0.0
2023-01-06 10:00:00+09:00,1565.0,1565.0,1565.0,1565.0,100,0.0,0.0
2023-01-06 11:00:00+09:00,1559.0,1566.0,1555.0,1566.0,0,0.0,0.0
2023-01-06 12:00:00+09:00,1570.0,1579.0,1570.0,1573.0,15000,0.0,0.0
2023-01-06 13:00:00+09:00,1571.0,1571.0,1560.0,1560.0,3700,0.0,0.0
2023-01-06 14:00:00+09:00,1563.0,1574.0,1563.0,1574.0,6600,0.0,0.0
2023-01-10 09:00:00+09:00,1593.0,1604.0,1586.0,1601.0,0,0.0,0.0
2023-01-10 10:00:00+09:00,1599.0,1602.0,1592.0,1593.0,1800,0.0,0.0
2023-01-10 11:00:00+09:00,1597.0,1598.0,1587.0,1587.0,0,0.0,0.0
2023-01-10 12:00:00+09:00,1584.0,1584.0,1578.0,1582.0,30700,0.0,0.0
2023-01-10 13:00:00+09:00,1583.0,1592.0,1583.0,1583.0,2500,0.0,0.0
2023-01-10 14:00:00+09:00,1581.0,1592.0,1579.0,1588.0,7500,0.0,0.0
2023-01-11 09:00:00+09:00,1590.0,1596.0,1580.0,1594.0,6100,0.0,0.0
2023-01-11 10:00:00+09:00,1594.0,1598.0,1590.0,1590.0,3400,0.0,0.0
2023-01-11 11:00:00+09:00,1589.0,1591.0,1585.0,1590.0,0,0.0,0.0
2023-01-11 12:00:00+09:00,1595.0,1599.0,1589.0,1599.0,16100,0.0,0.0
2023-01-11 13:00:00+09:00,1596.0,1596.0,1590.0,1590.0,1700,0.0,0.0
2023-01-11 14:00:00+09:00,1590.0,1594.0,1587.0,1594.0,3700,0.0,0.0
2023-01-12 09:00:00+09:00,1595.0,1595.0,1579.0,1590.0,5200,0.0,0.0
2023-01-12 10:00:00+09:00,1588.0,1592.0,1585.0,1592.0,1800,0.0,0.0
2023-01-12 11:00:00+09:00,1589.0,1589.0,1581.0,1581.0,0,0.0,0.0
2023-01-12 12:00:00+09:00,1580.0,1585.0,1580.0,1580.0,11600,0.0,0.0
2023-01-12 13:00:00+09:00,1579.0,1579.0,1563.0,1568.0,3700,0.0,0.0
2023-01-12 14:00:00+09:00,1565.0,1566.0,1562.0,1563.0,2500,0.0,0.0
2023-01-13 09:00:00+09:00,1561.0,1584.0,1561.0,1575.0,8400,0.0,0.0
2023-01-13 10:00:00+09:00,1575.0,1584.0,1573.0,1573.0,14300,0.0,0.0
2023-01-13 11:00:00+09:00,1577.0,1578.0,1576.0,1577.0,0,0.0,0.0
2023-01-13 12:00:00+09:00,1580.0,1582.0,1573.0,1580.0,27200,0.0,0.0
2023-01-13 13:00:00+09:00,1580.0,1586.0,1574.0,1575.0,7000,0.0,0.0
2023-01-13 14:00:00+09:00,1575.0,1576.0,1565.0,1568.0,7000,0.0,0.0
2023-01-16 09:00:00+09:00,1560.0,1561.0,1530.0,1546.0,0,0.0,0.0
2023-01-16 10:00:00+09:00,1547.0,1549.0,1543.0,1549.0,3600,0.0,0.0
2023-01-16 11:00:00+09:00,1552.0,1552.0,1546.0,1546.0,0,0.0,0.0
2023-01-16 12:00:00+09:00,1547.0,1553.0,1546.0,1553.0,19000,0.0,0.0
2023-01-16 13:00:00+09:00,1550.0,1551.0,1545.0,1549.0,1200,0.0,0.0
2023-01-16 14:00:00+09:00,1548.0,1554.0,1548.0,1554.0,3400,0.0,0.0
2023-01-17 09:00:00+09:00,1543.0,1569.0,1543.0,1560.0,4500,0.0,0.0
2023-01-17 10:00:00+09:00,1566.0,1568.0,1562.0,1562.0,2000,0.0,0.0
2023-01-17 11:00:00+09:00,1568.0,1568.0,1560.0,1560.0,0,0.0,0.0
2023-01-17 12:00:00+09:00,1550.0,1565.0,1550.0,1563.0,13900,0.0,0.0
2023-01-17 13:00:00+09:00,1563.0,1568.0,1561.0,1563.0,3500,0.0,0.0
2023-01-17 14:00:00+09:00,1562.0,1562.0,1557.0,1561.0,2300,0.0,0.0
2023-01-18 09:00:00+09:00,1584.0,1596.0,1578.0,1588.0,11600,0.0,0.0
2023-01-18 10:00:00+09:00,1588.0,1591.0,1583.0,1584.0,4600,0.0,0.0
2023-01-18 11:00:00+09:00,1582.0,1582.0,1578.0,1580.0,0,0.0,0.0
2023-01-18 12:00:00+09:00,1587.0,1596.0,1587.0,1596.0,23900,0.0,0.0
2023-01-18 13:00:00+09:00,1598.0,1603.0,1585.0,1589.0,10600,0.0,0.0
2023-01-18 14:00:00+09:00,1590.0,1591.0,1582.0,1587.0,7900,0.0,0.0
2023-01-19 09:00:00+09:00,1584.0,1598.0,1575.0,1582.0,8700,0.0,0.0
2023-01-19 10:00:00+09:00,1583.0,1584.0,1577.0,1584.0,0,0.0,0.0
2023-01-19 11:00:00+09:00,1582.0,1584.0,1582.0,1582.0,0,0.0,0.0
2023-01-19 12:00:00+09:00,1582.0,1589.0,1582.0,1584.0,13900,0.0,0.0
2023-01-19 13:00:00+09:00,1581.0,1583.0,1577.0,1581.0,4200,0.0,0.0
2023-01-19 14:00:00+09:00,1580.0,1582.0,1576.0,1579.0,3700,0.0,0.0
2023-01-20 09:00:00+09:00,1589.0,1589.0,1578.0,1579.0,3400,0.0,0.0
2023-01-20 10:00:00+09:00,1579.0,1589.0,1577.0,1587.0,2300,0.0,0.0
2023-01-20 11:00:00+09:00,1587.0,1588.0,1586.0,1586.0,0,0.0,0.0
2023-01-20 12:00:00+09:00,1590.0,1595.0,1587.0,1588.0,11300,0.0,0.0
2023-01-20 13:00:00+09:00,1590.0,1593.0,1589.0,1593.0,1700,0.0,0.0
2023-01-20 14:00:00+09:00,1592.0,1606.0,1588.0,1603.0,12100,0.0,0.0
2023-01-23 09:00:00+09:00,1611.0,1634.0,1606.0,1625.0,10400,0.0,0.0
2023-01-23 10:00:00+09:00,1620.0,1630.0,1620.0,1630.0,3800,0.0,0.0
2023-01-23 11:00:00+09:00,1630.0,1638.0,1630.0,1635.0,0,0.0,0.0
2023-01-23 12:00:00+09:00,1635.0,1639.0,1635.0,1637.0,23900,0.0,0.0
2023-01-23 13:00:00+09:00,1636.0,1642.0,1636.0,1638.0,4900,0.0,0.0
2023-01-23 14:00:00+09:00,1636.0,1641.0,1636.0,1639.0,3600,0.0,0.0
2023-01-24 09:00:00+09:00,1642.0,1665.0,1633.0,1665.0,15500,0.0,0.0
2023-01-24 10:00:00+09:00,1659.0,1673.0,1659.0,1668.0,6400,0.0,0.0
2023-01-24 11:00:00+09:00,1663.0,1670.0,1663.0,1668.0,0,0.0,0.0
2023-01-24 12:00:00+09:00,1668.0,1691.0,1668.0,1685.0,37900,0.0,0.0
2023-01-24 13:00:00+09:00,1685.0,1694.0,1676.0,1683.0,15600,0.0,0.0
2023-01-24 14:00:00+09:00,1682.0,1682.0,1668.0,1671.0,5300,0.0,0.0
2023-01-25 09:00:00+09:00,1669.0,1711.0,1664.0,1708.0,16700,0.0,0.0
2023-01-25 10:00:00+09:00,1705.0,1717.0,1700.0,1704.0,11500,0.0,0.0
2023-01-25 11:00:00+09:00,1707.0,1723.0,1707.0,1723.0,0,0.0,0.0
2023-01-25 12:00:00+09:00,1726.0,1738.0,1726.0,1737.0,43100,0.0,0.0
2023-01-25 13:00:00+09:00,1740.0,1741.0,1728.0,1732.0,7100,0.0,0.0
2023-01-25 14:00:00+09:00,1732.0,1734.0,1727.0,1730.0,12600,0.0,0.0
2023-01-26 09:00:00+09:00,1744.0,1755.0,1722.0,1745.0,14700,0.0,0.0
2023-01-26 10:00:00+09:00,1745.0,1745.0,1724.0,1730.0,4700,0.0,0.0
2023-01-26 11:00:00+09:00,1736.0,1736.0,1726.0,1726.0,0,0.0,0.0
2023-01-26 12:00:00+09:00,1730.0,1736.0,1718.0,1718.0,28700,0.0,0.0
2023-01-26 13:00:00+09:00,1718.0,1722.0,1706.0,1715.0,7800,0.0,0.0
2023-01-26 14:00:00+09:00,1713.0,1723.0,1712.0,1721.0,6100,0.0,0.0
2023-01-27 09:00:00+09:00,1730.0,1739.0,1725.0,1727.0,11700,0.0,0.0
2023-01-27 10:00:00+09:00,1725.0,1725.0,1705.0,1712.0,13200,0.0,0.0
2023-01-27 11:00:00+09:00,1718.0,1723.0,1718.0,1722.0,0,0.0,0.0
2023-01-27 12:00:00+09:00,1724.0,1730.0,1719.0,1724.0,28000,0.0,0.0
2023-01-27 13:00:00+09:00,1721.0,1726.0,1719.0,1724.0,1400,0.0,0.0
2023-01-27 14:00:00+09:00,1724.0,1729.0,1720.0,1722.0,3300,0.0,0.0
2023-01-30 09:00:00+09:00,1722.0,1731.0,1712.0,1712.0,0,0.0,0.0
2023-01-30 10:00:00+09:00,1711.0,1711.0,1708.0,1709.0,2800,0.0,0.0
2023-01-30 11:00:00+09:00,1707.0,1713.0,1706.0,1707.0,0,0.0,0.0
2023-01-30 12:00:00+09:00,1715.0,1721.0,1711.0,1711.0,13900,0.0,0.0
2023-01-30 13:00:00+09:00,1710.0,1711.0,1708.0,1710.0,2100,0.0,0.0
2023-01-30 14:00:00+09:00,1710.0,1711.0,1705.0,1711.0,8100,0.0,0.0
2023-01-31 09:00:00+09:00,1712.0,1721.0,1705.0,1713.0,4100,0.0,0.0
2023-01-31 10:00:00+09:00,1712.0,1712.0,1706.0,1708.0,1700,0.0,0.0
2023-01-31 11:00:00+09:00,1711.0,1711.0,1711.0,1711.0,0,0.0,0.0
2023-01-31 12:00:00+09:00,1710.0,1710.0,1707.0,1708.0,6800,0.0,0.0
2023-01-31 13:00:00+09:00,1706.0,1712.0,1703.0,1711.0,5000,0.0,0.0
2023-01-31 14:00:00+09:00,1709.0,1709.0,1703.0,1706.0,4800,0.0,0.0
2023-02-01 09:00:00+09:00,1718.0,1727.0,1710.0,1721.0,5100,0.0,0.0
2023-02-01 10:00:00+09:00,1721.0,1729.0,1719.0,1721.0,4900,0.0,0.0
2023-02-01 11:00:00+09:00,1724.0,1724.0,1719.0,1723.0,0,0.0,0.0
2023-02-01 12:00:00+09:00,1728.0,1744.0,1728.0,1742.0,20100,0.0,0.0
2023-02-01 13:00:00+09:00,1741.0,1741.0,1731.0,1740.0,4400,0.0,0.0
2023-02-01 14:00:00+09:00,1737.0,1741.0,1737.0,1741.0,3500,0.0,0.0
2023-02-02 09:00:00+09:00,1742.0,1743.0,1731.0,1738.0,4000,0.0,0.0
2023-02-02 10:00:00+09:00,1735.0,1740.0,1730.0,1738.0,4100,0.0,0.0
2023-02-02 11:00:00+09:00,1737.0,1737.0,1732.0,1732.0,0,0.0,0.0
2023-02-02 12:00:00+09:00,1732.0,1741.0,1725.0,1725.0,11600,0.0,0.0
2023-02-02 13:00:00+09:00,1727.0,1730.0,1725.0,1730.0,1000,0.0,0.0
2023-02-02 14:00:00+09:00,1730.0,1732.0,1720.0,1722.0,5500,0.0,0.0
2023-02-03 09:00:00+09:00,1727.0,1727.0,1708.0,1716.0,7300,0.0,0.0
2023-02-03 10:00:00+09:00,1715.0,1715.0,1690.0,1690.0,16400,0.0,0.0
2023-02-03 11:00:00+09:00,1692.0,1692.0,1681.0,1681.0,0,0.0,0.0
2023-02-03 12:00:00+09:00,1681.0,1686.0,1672.0,1673.0,33400,0.0,0.0
2023-02-03 13:00:00+09:00,1677.0,1686.0,1675.0,1686.0,3000,0.0,0.0
2023-02-03 14:00:00+09:00,1687.0,1694.0,1686.0,1694.0,4300,0.0,0.0
2023-02-06 09:00:00+09:00,1704.0,1709.0,1691.0,1691.0,8000,0.0,0.0
2023-02-06 10:00:00+09:00,1695.0,1703.0,1695.0,1703.0,2500,0.0,0.0
2023-02-06 11:00:00+09:00,1702.0,1702.0,1701.0,1701.0,0,0.0,0.0
2023-02-06 12:00:00+09:00,1706.0,1706.0,1705.0,1705.0,11300,0.0,0.0
2023-02-06 13:00:00+09:00,1702.0,1702.0,1701.0,1701.0,900,0.0,0.0
2023-02-06 14:00:00+09:00,1701.0,1712.0,1700.0,1707.0,3200,0.0,0.0
2023-02-07 09:00:00+09:00,1710.0,1712.0,1704.0,1711.0,3900,0.0,0.0
2023-02-07 10:00:00+09:00,1708.0,1710.0,1704.0,1708.0,1600,0.0,0.0
2023-02-07 11:00:00+09:00,1708.0,1708.0,1708.0,1708.0,0,0.0,0.0
2023-02-07 12:00:00+09:00,1708.0,1714.0,1708.0,1712.0,7800,0.0,0.0
2023-02-07 13:00:00+09:00,1715.0,1721.0,1711.0,1714.0,10400,0.0,0.0
2023-02-07 14:00:00+09:00,1713.0,1720.0,1712.0,1719.0,3000,0.0,0.0
2023-02-08 09:00:00+09:00,1720.0,1732.0,1720.0,1732.0,4900,0.0,0.0
2023-02-08 10:00:00+09:00,1733.0,1739.0,1730.0,1739.0,3300,0.0,0.0
2023-02-08 11:00:00+09:00,1738.0,1739.0,1736.0,1736.0,0,0.0,0.0
2023-02-08 12:00:00+09:00,1734.0,1740.0,1733.0,1740.0,10000,0.0,0.0
2023-02-08 13:00:00+09:00,1740.0,1742.0,1734.0,1735.0,3900,0.0,0.0
2023-02-08 14:00:00+09:00,1738.0,1740.0,1736.0,1738.0,2600,0.0,0.0
2023-02-09 09:00:00+09:00,1734.0,1738.0,1725.0,1738.0,2100,0.0,0.0
2023-02-09 10:00:00+09:00,1739.0,1740.0,1734.0,1734.0,1000,0.0,0.0
2023-02-09 11:00:00+09:00,1733.0,1740.0,1733.0,1737.0,0,0.0,0.0
2023-02-09 12:00:00+09:00,1734.0,1737.0,1733.0,1737.0,5400,0.0,0.0
2023-02-09 13:00:00+09:00,1740.0,1740.0,1739.0,1739.0,200,0.0,0.0
2023-02-09 14:00:00+09:00,1739.0,1746.0,1738.0,1744.0,4300,0.0,0.0
2023-02-10 09:00:00+09:00,1736.0,1744.0,1732.0,1742.0,0,0.0,0.0
2023-02-10 10:00:00+09:00,1740.0,1743.0,1738.0,1741.0,4200,0.0,0.0
2023-02-10 11:00:00+09:00,1740.0,1740.0,1733.0,1735.0,0,0.0,0.0
2023-02-10 12:00:00+09:00,1735.0,1741.0,1735.0,1735.0,6500,0.0,0.0
2023-02-10 13:00:00+09:00,1739.0,1739.0,1735.0,1735.0,1900,0.0,0.0
2023-02-10 14:00:00+09:00,1736.0,1737.0,1728.0,1736.0,7200,0.0,0.0
2023-02-13 09:00:00+09:00,1737.0,1737.0,1721.0,1725.0,7200,0.0,0.0
2023-02-13 10:00:00+09:00,1719.0,1719.0,1706.0,1714.0,4500,0.0,0.0
2023-02-13 11:00:00+09:00,1720.0,1724.0,1720.0,1724.0,0,0.0,0.0
2023-02-13 12:00:00+09:00,1725.0,1735.0,1725.0,1734.0,14100,0.0,0.0
2023-02-13 13:00:00+09:00,1734.0,1735.0,1730.0,1730.0,1100,0.0,0.0
2023-02-13 14:00:00+09:00,1732.0,1740.0,1730.0,1730.0,8200,0.0,0.0
2023-02-14 09:00:00+09:00,1741.0,1748.0,1716.0,1716.0,13500,0.0,0.0
2023-02-14 10:00:00+09:00,1724.0,1733.0,1721.0,1733.0,5600,0.0,0.0
2023-02-14 11:00:00+09:00,1731.0,1734.0,1727.0,1727.0,0,0.0,0.0
2023-02-14 12:00:00+09:00,1730.0,1741.0,1726.0,1737.0,25800,0.0,0.0
2023-02-14 13:00:00+09:00,1743.0,1751.0,1730.0,1745.0,10900,0.0,0.0
2023-02-14 14:00:00+09:00,1744.0,1918.0,1744.0,1885.0,210900,0.0,0.0
2023-02-15 09:00:00+09:00,1890.0,1903.0,1828.0,1873.0,45500,0.0,0.0
2023-02-15 10:00:00+09:00,1871.0,1881.0,1840.0,1841.0,11800,0.0,0.0
2023-02-15 11:00:00+09:00,1844.0,1844.0,1824.0,1827.0,0,0.0,0.0
2023-02-15 12:00:00+09:00,1825.0,1835.0,1802.0,1830.0,79200,0.0,0.0
2023-02-15 13:00:00+09:00,1831.0,1832.0,1822.0,1829.0,4300,0.0,0.0
2023-02-15 14:00:00+09:00,1830.0,1835.0,1823.0,1835.0,11100,0.0,0.0
2023-02-16 09:00:00+09:00,1806.0,1840.0,1806.0,1832.0,0,0.0,0.0
2023-02-16 10:00:00+09:00,1832.0,1832.0,1818.0,1827.0,19500,0.0,0.0
2023-02-16 11:00:00+09:00,1826.0,1840.0,1826.0,1840.0,0,0.0,0.0
2023-02-16 12:00:00+09:00,1831.0,1840.0,1831.0,1839.0,25000,0.0,0.0
2023-02-16 13:00:00+09:00,1836.0,1836.0,1817.0,1817.0,6600,0.0,0.0
2023-02-16 14:00:00+09:00,1817.0,1829.0,1810.0,1829.0,10400,0.0,0.0
2023-02-17 09:00:00+09:00,1815.0,1862.0,1815.0,1855.0,13800,0.0,0.0
2023-02-17 10:00:00+09:00,1847.0,1856.0,1845.0,1845.0,2100,0.0,0.0
2023-02-17 11:00:00+09:00,1843.0,1844.0,1838.0,1838.0,0,0.0,0.0
2023-02-17 12:00:00+09:00,1847.0,1848.0,1841.0,1841.0,18200,0.0,0.0
2023-02-17 13:00:00+09:00,1841.0,1847.0,1838.0,1847.0,3000,0.0,0.0
2023-02-17 14:00:00+09:00,1848.0,1860.0,1845.0,1859.0,7000,0.0,0.0
2023-02-20 09:00:00+09:00,1860.0,1878.0,1845.0,1848.0,10700,0.0,0.0
2023-02-20 10:00:00+09:00,1848.0,1857.0,1843.0,1856.0,4000,0.0,0.0
2023-02-20 11:00:00+09:00,1857.0,1857.0,1847.0,1847.0,0,0.0,0.0
2023-02-20 12:00:00+09:00,1847.0,1857.0,1847.0,1854.0,18100,0.0,0.0
2023-02-20 13:00:00+09:00,1850.0,1862.0,1849.0,1859.0,4000,0.0,0.0
2023-02-20 14:00:00+09:00,1860.0,1872.0,1860.0,1870.0,6100,0.0,0.0
2023-02-21 09:00:00+09:00,1865.0,1902.0,1865.0,1901.0,18100,0.0,0.0
2023-02-21 10:00:00+09:00,1901.0,1943.0,1901.0,1941.0,18100,0.0,0.0
2023-02-21 11:00:00+09:00,1941.0,1952.0,1930.0,1937.0,0,0.0,0.0
2023-02-21 12:00:00+09:00,1933.0,1933.0,1904.0,1912.0,48900,0.0,0.0
2023-02-21 13:00:00+09:00,1912.0,1923.0,1906.0,1909.0,5400,0.0,0.0
2023-02-21 14:00:00+09:00,1912.0,1927.0,1912.0,1921.0,5600,0.0,0.0
2023-02-22 09:00:00+09:00,1892.0,1958.0,1888.0,1942.0,22600,0.0,0.0
2023-02-22 10:00:00+09:00,1936.0,1945.0,1926.0,1930.0,4000,0.0,0.0
2023-02-22 11:00:00+09:00,1934.0,1935.0,1931.0,1935.0,0,0.0,0.0
2023-02-22 12:00:00+09:00,1931.0,1941.0,1920.0,1920.0,31800,0.0,0.0
2023-02-22 13:00:00+09:00,1920.0,1933.0,1911.0,1926.0,0,0.0,0.0
2023-02-22 14:00:00+09:00,1923.0,1943.0,1920.0,1940.0,48600,0.0,0.0
2023-02-24 09:00:00+09:00,1941.0,1984.0,1941.0,1969.0,0,0.0,0.0
2023-02-24 10:00:00+09:00,1970.0,1982.0,1964.0,1976.0,21700,0.0,0.0
2023-02-24 11:00:00+09:00,1975.0,1975.0,1969.0,1969.0,0,0.0,0.0
2023-02-24 12:00:00+09:00,1969.0,1969.0,1957.0,1965.0,28000,0.0,0.0
2023-02-24 13:00:00+09:00,1966.0,1966.0,1951.0,1951.0,4900,0.0,0.0
2023-02-24 14:00:00+09:00,1950.0,1950.0,1927.0,1937.0,11400,0.0,0.0
2023-02-27 09:00:00+09:00,1941.0,2015.0,1941.0,2004.0,0,0.0,0.0
2023-02-27 10:00:00+09:00,2002.0,2033.0,2002.0,2024.0,6100,0.0,0.0
2023-02-27 11:00:00+09:00,2023.0,2023.0,2006.0,2011.0,0,0.0,0.0
2023-02-27 12:00:00+09:00,2007.0,2031.0,2007.0,2028.0,54100,0.0,0.0
2023-02-27 13:00:00+09:00,2028.0,2033.0,2013.0,2015.0,4900,0.0,0.0
2023-02-27 14:00:00+09:00,2019.0,2030.0,2019.0,2027.0,6800,0.0,0.0
2023-02-28 09:00:00+09:00,2040.0,2054.0,2025.0,2034.0,0,0.0,0.0
2023-02-28 10:00:00+09:00,2030.0,2030.0,2010.0,2015.0,21000,0.0,0.0
2023-02-28 11:00:00+09:00,2014.0,2016.0,1991.0,2002.0,0,0.0,0.0
2023-02-28 12:00:00+09:00,2003.0,2014.0,2003.0,2010.0,33500,0.0,0.0
2023-02-28 13:00:00+09:00,2007.0,2011.0,1994.0,1997.0,7300,0.0,0.0
2023-02-28 14:00:00+09:00,1998.0,2010.0,1995.0,2008.0,8200,0.0,0.0
2023-03-01 09:00:00+09:00,2012.0,2044.0,2012.0,2038.0,11700,0.0,0.0
2023-03-01 10:00:00+09:00,2037.0,2073.0,2026.0,2073.0,12200,0.0,0.0
2023-03-01 11:00:00+09:00,2073.0,2073.0,2063.0,2069.0,0,0.0,0.0
2023-03-01 12:00:00+09:00,2069.0,2071.0,2060.0,2060.0,31800,0.0,0.0
2023-03-01 13:00:00+09:00,2060.0,2070.0,2059.0,2070.0,4800,0.0,0.0
2023-03-01 14:00:00+09:00,2068.0,2081.0,2055.0,2073.0,10000,0.0,0.0
2023-03-02 09:00:00+09:00,2099.0,2102.0,2042.0,2063.0,18600,0.0,0.0
2023-03-02 10:00:00+09:00,2060.0,2069.0,2050.0,2059.0,10000,0.0,0.0
2023-03-02 11:00:00+09:00,2056.0,2065.0,2054.0,2054.0,0,0.0,0.0
2023-03-02 12:00:00+09:00,2053.0,2059.0,2042.0,2042.0,37600,0.0,0.0
2023-03-02 13:00:00+09:00,2043.0,2043.0,2016.0,2028.0,21300,0.0,0.0
2023-03-02 14:00:00+09:00,2029.0,2030.0,2020.0,2028.0,10400,0.0,0.0
2023-03-03 09:00:00+09:00,2033.0,2061.0,2033.0,2061.0,8700,0.0,0.0
2023-03-03 10:00:00+09:00,2063.0,2064.0,2042.0,2050.0,8500,0.0,0.0
2023-03-03 11:00:00+09:00,2047.0,2047.0,2043.0,2043.0,0,0.0,0.0
2023-03-03 12:00:00+09:00,2042.0,2044.0,2039.0,2044.0,20100,0.0,0.0
2023-03-03 13:00:00+09:00,2041.0,2041.0,2033.0,2033.0,7700,0.0,0.0
2023-03-03 14:00:00+09:00,2040.0,2057.0,2040.0,2054.0,7700,0.0,0.0
2023-03-06 09:00:00+09:00,2050.0,2071.0,2030.0,2049.0,14300,0.0,0.0
2023-03-06 10:00:00+09:00,2042.0,2042.0,2016.0,2033.0,7200,0.0,0.0
2023-03-06 11:00:00+09:00,2033.0,2033.0,2033.0,2033.0,0,0.0,0.0
2023-03-06 12:00:00+09:00,2027.0,2033.0,2025.0,2026.0,23900,0.0,0.0
2023-03-06 13:00:00+09:00,2028.0,2030.0,2028.0,2030.0,2400,0.0,0.0
2023-03-06 14:00:00+09:00,2027.0,2030.0,2016.0,2021.0,6500,0.0,0.0
2023-03-07 09:00:00+09:00,2024.0,2028.0,2011.0,2028.0,8600,0.0,0.0
2023-03-07 10:00:00+09:00,2028.0,2044.0,2028.0,2039.0,5800,0.0,0.0
2023-03-07 11:00:00+09:00,2037.0,2041.0,2037.0,2038.0,0,0.0,0.0
2023-03-07 12:00:00+09:00,2035.0,2038.0,2023.0,2026.0,18300,0.0,0.0
2023-03-07 13:00:00+09:00,2030.0,2041.0,2027.0,2033.0,7700,0.0,0.0
2023-03-07 14:00:00+09:00,2030.0,2035.0,2027.0,2035.0,4900,0.0,0.0
2023-03-08 09:00:00+09:00,2025.0,2050.0,2021.0,2026.0,6300,0.0,0.0
2023-03-08 10:00:00+09:00,2024.0,2024.0,2004.0,2005.0,9400,0.0,0.0
2023-03-08 11:00:00+09:00,2009.0,2013.0,2006.0,2011.0,0,0.0,0.0
2023-03-08 12:00:00+09:00,2011.0,2017.0,2011.0,2013.0,18400,0.0,0.0
2023-03-08 13:00:00+09:00,2010.0,2018.0,2009.0,2010.0,4100,0.0,0.0
2023-03-08 14:00:00+09:00,2009.0,2015.0,2006.0,2015.0,6100,0.0,0.0
2023-03-09 09:00:00+09:00,2005.0,2030.0,1997.0,2006.0,16000,0.0,0.0
2023-03-09 10:00:00+09:00,2005.0,2012.0,2005.0,2005.0,1200,0.0,0.0
2023-03-09 11:00:00+09:00,2009.0,2016.0,2009.0,2014.0,0,0.0,0.0
2023-03-09 12:00:00+09:00,2014.0,2016.0,2009.0,2012.0,21400,0.0,0.0
2023-03-09 13:00:00+09:00,2008.0,2015.0,2008.0,2015.0,1900,0.0,0.0
2023-03-09 14:00:00+09:00,2017.0,2029.0,2017.0,2024.0,6600,0.0,0.0
2023-03-10 09:00:00+09:00,1993.0,2017.0,1993.0,2009.0,10200,0.0,0.0
2023-03-10 10:00:00+09:00,2012.0,2032.0,2008.0,2020.0,5600,0.0,0.0
2023-03-10 11:00:00+09:00,2014.0,2016.0,2013.0,2013.0,0,0.0,0.0
2023-03-10 12:00:00+09:00,2013.0,2015.0,1993.0,1993.0,35300,0.0,0.0
2023-03-10 13:00:00+09:00,1991.0,1995.0,1976.0,1980.0,12500,0.0,0.0
2023-03-10 14:00:00+09:00,1983.0,1984.0,1976.0,1983.0,5200,0.0,0.0
2023-03-13 09:00:00+09:00,1942.0,1952.0,1905.0,1931.0,0,0.0,0.0
2023-03-13 10:00:00+09:00,1930.0,1944.0,1928.0,1944.0,29100,0.0,0.0
2023-03-13 11:00:00+09:00,1941.0,1946.0,1935.0,1942.0,0,0.0,0.0
2023-03-13 12:00:00+09:00,1942.0,1963.0,1942.0,1948.0,34900,0.0,0.0
2023-03-13 13:00:00+09:00,1948.0,1949.0,1940.0,1949.0,3900,0.0,0.0
2023-03-13 14:00:00+09:00,1947.0,1964.0,1947.0,1959.0,13000,0.0,0.0
2023-03-14 09:00:00+09:00,1950.0,1950.0,1871.0,1886.0,30000,0.0,0.0
2023-03-14 10:00:00+09:00,1891.0,1909.0,1885.0,1905.0,13300,0.0,0.0
2023-03-14 11:00:00+09:00,1906.0,1920.0,1906.0,1917.0,0,0.0,0.0
2023-03-14 12:00:00+09:00,1921.0,1922.0,1910.0,1910.0,49700,0.0,0.0
2023-03-14 13:00:00+09:00,1906.0,1912.0,1903.0,1905.0,3100,0.0,0.0
2023-03-14 14:00:00+09:00,1904.0,1904.0,1894.0,1895.0,13700,0.0,0.0
2023-03-15 09:00:00+09:00,1961.0,1972.0,1939.0,1955.0,10000,0.0,0.0
2023-03-15 10:00:00+09:00,1955.0,1963.0,1947.0,1951.0,4600,0.0,0.0
2023-03-15 11:00:00+09:00,1950.0,1954.0,1949.0,1950.0,0,0.0,0.0
2023-03-15 12:00:00+09:00,1950.0,1951.0,1942.0,1942.0,17600,0.0,0.0
2023-03-15 13:00:00+09:00,1942.0,1949.0,1941.0,1949.0,2900,0.0,0.0
2023-03-15 14:00:00+09:00,1947.0,1950.0,1938.0,1946.0,6000,0.0,0.0
2023-03-16 09:00:00+09:00,1890.0,1897.0,1874.0,1893.0,15000,0.0,0.0
2023-03-16 10:00:00+09:00,1893.0,1903.0,1887.0,1887.0,4300,0.0,0.0
2023-03-16 11:00:00+09:00,1887.0,1902.0,1887.0,1896.0,0,0.0,0.0
2023-03-16 12:00:00+09:00,1900.0,1900.0,1887.0,1897.0,27000,0.0,0.0
2023-03-16 13:00:00+09:00,1901.0,1903.0,1897.0,1898.0,1900,0.0,0.0
2023-03-16 14:00:00+09:00,1898.0,1902.0,1895.0,1898.0,2800,0.0,0.0
2023-03-17 09:00:00+09:00,1897.0,1927.0,1874.0,1874.0,8800,0.0,0.0
2023-03-17 10:00:00+09:00,1873.0,1873.0,1838.0,1838.0,17500,0.0,0.0
2023-03-17 11:00:00+09:00,1840.0,1847.0,1825.0,1846.0,0,0.0,0.0
2023-03-17 12:00:00+09:00,1840.0,1851.0,1839.0,1840.0,43900,0.0,0.0
2023-03-17 13:00:00+09:00,1845.0,1849.0,1801.0,1814.0,34300,0.0,0.0
2023-03-17 14:00:00+09:00,1815.0,1825.0,1793.0,1817.0,26700,0.0,0.0
2023-03-20 09:00:00+09:00,1776.0,1801.0,1734.0,1746.0,38500,0.0,0.0
2023-03-20 10:00:00+09:00,1745.0,1750.0,1680.0,1690.0,43400,0.0,0.0
2023-03-20 11:00:00+09:00,1692.0,1698.0,1683.0,1683.0,0,0.0,0.0
2023-03-20 12:00:00+09:00,1681.0,1683.0,1670.0,1681.0,108600,0.0,0.0
2023-03-20 13:00:00+09:00,1679.0,1703.0,1669.0,1684.0,18200,0.0,0.0
2023-03-20 14:00:00+09:00,1685.0,1698.0,1670.0,1692.0,31200,0.0,0.0
2023-03-22 09:00:00+09:00,1724.0,1748.0,1708.0,1714.0,0,0.0,0.0
2023-03-22 10:00:00+09:00,1719.0,1720.0,1689.0,1699.0,15800,0.0,0.0
2023-03-22 11:00:00+09:00,1697.0,1699.0,1687.0,1689.0,0,0.0,0.0
2023-03-22 12:00:00+09:00,1686.0,1687.0,1679.0,1686.0,54400,0.0,0.0
2023-03-22 13:00:00+09:00,1687.0,1700.0,1685.0,1700.0,9500,0.0,0.0
2023-03-22 14:00:00+09:00,1700.0,1700.0,1682.0,1688.0,12600,0.0,0.0
2023-03-23 09:00:00+09:00,1675.0,1676.0,1660.0,1668.0,14200,0.0,0.0
2023-03-23 10:00:00+09:00,1671.0,1681.0,1671.0,1681.0,5700,0.0,0.0
2023-03-23 11:00:00+09:00,1681.0,1692.0,1681.0,1692.0,0,0.0,0.0
2023-03-23 12:00:00+09:00,1700.0,1718.0,1695.0,1706.0,30400,0.0,0.0
2023-03-23 13:00:00+09:00,1707.0,1708.0,1697.0,1700.0,5600,0.0,0.0
2023-03-23 14:00:00+09:00,1700.0,1708.0,1700.0,1703.0,5800,0.0,0.0
2023-03-24 09:00:00+09:00,1700.0,1703.0,1684.0,1693.0,10800,0.0,0.0
2023-03-24 10:00:00+09:00,1695.0,1716.0,1690.0,1715.0,4400,0.0,0.0
2023-03-24 11:00:00+09:00,1715.0,1718.0,1708.0,1713.0,0,0.0,0.0
2023-03-24 12:00:00+09:00,1713.0,1725.0,1713.0,1725.0,26000,0.0,0.0
2023-03-24 13:00:00+09:00,1726.0,1730.0,1721.0,1730.0,5000,0.0,0.0
2023-03-24 14:00:00+09:00,1728.0,1736.0,1728.0,1734.0,6500,0.0,0.0
2023-03-27 09:00:00+09:00,1748.0,1763.0,1719.0,1743.0,25700,0.0,0.0
2023-03-27 10:00:00+09:00,1745.0,1759.0,1744.0,1753.0,3900,0.0,0.0
2023-03-27 11:00:00+09:00,1753.0,1755.0,1751.0,1752.0,0,0.0,0.0
2023-03-27 12:00:00+09:00,1749.0,1757.0,1743.0,1743.0,33900,0.0,0.0
2023-03-27 13:00:00+09:00,1744.0,1756.0,1744.0,1748.0,7200,0.0,0.0
2023-03-27 14:00:00+09:00,1748.0,1750.0,1741.0,1745.0,7600,0.0,0.0
2023-03-28 09:00:00+09:00,1757.0,1763.0,1722.0,1727.0,18500,0.0,0.0
2023-03-28 10:00:00+09:00,1730.0,1735.0,1722.0,1725.0,6600,0.0,0.0
2023-03-28 11:00:00+09:00,1726.0,1728.0,1722.0,1724.0,0,0.0,0.0
2023-03-28 12:00:00+09:00,1724.0,1724.0,1707.0,1707.0,40300,0.0,0.0
2023-03-28 13:00:00+09:00,1707.0,1711.0,1697.0,1711.0,10100,0.0,0.0
2023-03-28 14:00:00+09:00,1708.0,1713.0,1704.0,1704.0,10000,0.0,0.0
2023-03-29 09:00:00+09:00,1702.0,1714.0,1683.0,1714.0,24900,0.0,0.0
2023-03-29 10:00:00+09:00,1714.0,1715.0,1706.0,1713.0,6400,0.0,0.0
2023-03-29 11:00:00+09:00,1714.0,1738.0,1714.0,1732.0,0,0.0,0.0
2023-03-29 12:00:00+09:00,1728.0,1732.0,1710.0,1724.0,55700,0.0,0.0
2023-03-29 13:00:00+09:00,1724.0,1725.0,1711.0,1713.0,8400,0.0,0.0
2023-03-29 14:00:00+09:00,1714.0,1723.0,1712.0,1720.0,20600,0.0,0.0
2023-03-30 09:00:00+09:00,1650.0,1655.0,1600.0,1613.0,54500,0.0,0.0
2023-03-30 10:00:00+09:00,1615.0,1640.0,1615.0,1636.0,0,0.0,0.0
2023-03-30 11:00:00+09:00,1635.0,1635.0,1629.0,1631.0,0,0.0,0.0
2023-03-30 12:00:00+09:00,1638.0,1643.0,1635.0,1638.0,81100,0.0,0.0
2023-03-30 13:00:00+09:00,1640.0,1640.0,1631.0,1640.0,2400,0.0,0.0
2023-03-30 14:00:00+09:00,1635.0,1644.0,1631.0,1631.0,10500,0.0,0.0
2023-03-31 09:00:00+09:00,1639.0,1669.0,1639.0,1650.0,22000,0.0,0.0
2023-03-31 10:00:00+09:00,1648.0,1665.0,1645.0,1661.0,3700,0.0,0.0
2023-03-31 11:00:00+09:00,1661.0,1663.0,1655.0,1659.0,0,0.0,0.0
2023-03-31 12:00:00+09:00,1662.0,1667.0,1656.0,1666.0,31100,0.0,0.0
2023-03-31 13:00:00+09:00,1667.0,1669.0,1664.0,1664.0,0,0.0,0.0
2023-03-31 14:00:00+09:00,1661.0,1670.0,1651.0,1667.0,47700,0.0,0.0
2023-04-03 09:00:00+09:00,1677.0,1677.0,1635.0,1647.0,12400,0.0,0.0
2023-04-03 10:00:00+09:00,1648.0,1653.0,1643.0,1645.0,4800,0.0,0.0
2023-04-03 11:00:00+09:00,1645.0,1645.0,1638.0,1639.0,0,0.0,0.0
2023-04-03 12:00:00+09:00,1635.0,1647.0,1635.0,1636.0,28900,0.0,0.0
2023-04-03 13:00:00+09:00,1644.0,1644.0,1634.0,1638.0,5600,0.0,0.0
2023-04-03 14:00:00+09:00,1638.0,1644.0,1633.0,1641.0,4700,0.0,0.0
2023-04-04 09:00:00+09:00,1624.0,1625.0,1606.0,1606.0,0,0.0,0.0
2023-04-04 10:00:00+09:00,1606.0,1623.0,1606.0,1613.0,21900,0.0,0.0
2023-04-04 11:00:00+09:00,1619.0,1619.0,1613.0,1616.0,0,0.0,0.0
2023-04-04 12:00:00+09:00,1616.0,1620.0,1611.0,1612.0,26900,0.0,0.0
2023-04-04 13:00:00+09:00,1614.0,1614.0,1604.0,1604.0,8200,0.0,0.0
2023-04-04 14:00:00+09:00,1604.0,1612.0,1599.0,1612.0,11400,0.0,0.0
2023-04-05 09:00:00+09:00,1582.0,1582.0,1562.0,1563.0,17700,0.0,0.0
2023-04-05 10:00:00+09:00,1563.0,1563.0,1541.0,1547.0,13200,0.0,0.0
2023-04-05 11:00:00+09:00,1551.0,1563.0,1550.0,1551.0,0,0.0,0.0
2023-04-05 12:00:00+09:00,1558.0,1558.0,1550.0,1551.0,36000,0.0,0.0
2023-04-05 13:00:00+09:00,1550.0,1550.0,1546.0,1549.0,3800,0.0,0.0
2023-04-05 14:00:00+09:00,1551.0,1553.0,1544.0,1548.0,7000,0.0,0.0
2023-04-06 09:00:00+09:00,1530.0,1545.0,1529.0,1545.0,16500,0.0,0.0
2023-04-06 10:00:00+09:00,1545.0,1545.0,1532.0,1537.0,4800,0.0,0.0
2023-04-06 11:00:00+09:00,1538.0,1539.0,1532.0,1539.0,0,0.0,0.0
2023-04-06 12:00:00+09:00,1539.0,1545.0,1537.0,1540.0,28800,0.0,0.0
2023-04-06 13:00:00+09:00,1541.0,1546.0,1536.0,1539.0,4300,0.0,0.0
2023-04-06 14:00:00+09:00,1540.0,1540.0,1531.0,1533.0,6500,0.0,0.0
2023-04-07 09:00:00+09:00,1529.0,1543.0,1528.0,1528.0,8700,0.0,0.0
2023-04-07 10:00:00+09:00,1529.0,1541.0,1525.0,1535.0,5300,0.0,0.0
2023-04-07 11:00:00+09:00,1535.0,1540.0,1534.0,1540.0,0,0.0,0.0
2023-04-07 12:00:00+09:00,1542.0,1542.0,1533.0,1533.0,18900,0.0,0.0
2023-04-07 13:00:00+09:00,1534.0,1535.0,1530.0,1532.0,3000,0.0,0.0
2023-04-07 14:00:00+09:00,1532.0,1539.0,1528.0,1536.0,7400,0.0,0.0
2023-04-10 09:00:00+09:00,1554.0,1558.0,1528.0,1535.0,0,0.0,0.0
2023-04-10 10:00:00+09:00,1531.0,1531.0,1518.0,1524.0,6100,0.0,0.0
2023-04-10 11:00:00+09:00,1527.0,1527.0,1517.0,1517.0,0,0.0,0.0
2023-04-10 12:00:00+09:00,1520.0,1534.0,1520.0,1532.0,25800,0.0,0.0
2023-04-10 13:00:00+09:00,1533.0,1533.0,1530.0,1530.0,2000,0.0,0.0
2023-04-10 14:00:00+09:00,1531.0,1531.0,1525.0,1528.0,4500,0.0,0.0
2023-04-11 09:00:00+09:00,1552.0,1566.0,1545.0,1560.0,7700,0.0,0.0
2023-04-11 10:00:00+09:00,1558.0,1562.0,1556.0,1560.0,4500,0.0,0.0
2023-04-11 11:00:00+09:00,1561.0,1568.0,1561.0,1562.0,0,0.0,0.0
2023-04-11 12:00:00+09:00,1567.0,1573.0,1566.0,1573.0,18600,0.0,0.0
2023-04-11 13:00:00+09:00,1572.0,1573.0,1566.0,1573.0,7300,0.0,0.0
2023-04-11 14:00:00+09:00,1570.0,1575.0,1565.0,1570.0,9800,0.0,0.0
2023-04-12 09:00:00+09:00,1590.0,1650.0,1590.0,1620.0,29500,0.0,0.0
2023-04-12 10:00:00+09:00,1623.0,1623.0,1615.0,1617.0,3600,0.0,0.0
2023-04-12 11:00:00+09:00,1618.0,1623.0,1613.0,1622.0,0,0.0,0.0
2023-04-12 12:00:00+09:00,1627.0,1628.0,1619.0,1625.0,40600,0.0,0.0
2023-04-12 13:00:00+09:00,1627.0,1635.0,1624.0,1624.0,8900,0.0,0.0
2023-04-12 14:00:00+09:00,1627.0,1631.0,1626.0,1628.0,7000,0.0,0.0
2023-04-13 09:00:00+09:00,1633.0,1643.0,1618.0,1641.0,9400,0.0,0.0
2023-04-13 10:00:00+09:00,1639.0,1649.0,1633.0,1640.0,8600,0.0,0.0
2023-04-13 11:00:00+09:00,1642.0,1642.0,1642.0,1642.0,0,0.0,0.0
2023-04-13 12:00:00+09:00,1641.0,1644.0,1637.0,1639.0,22100,0.0,0.0
2023-04-13 13:00:00+09:00,1639.0,1639.0,1633.0,1634.0,1400,0.0,0.0
2023-04-13 14:00:00+09:00,1635.0,1642.0,1635.0,1641.0,4700,0.0,0.0
2023-04-14 09:00:00+09:00,1650.0,1665.0,1645.0,1657.0,14000,0.0,0.0
2023-04-14 10:00:00+09:00,1659.0,1662.0,1648.0,1650.0,11100,0.0,0.0
2023-04-14 11:00:00+09:00,1653.0,1661.0,1653.0,1658.0,0,0.0,0.0
2023-04-14 12:00:00+09:00,1658.0,1666.0,1658.0,1662.0,31300,0.0,0.0
2023-04-14 13:00:00+09:00,1660.0,1663.0,1654.0,1658.0,5500,0.0,0.0
2023-04-14 14:00:00+09:00,1660.0,1667.0,1658.0,1663.0,8300,0.0,0.0
2023-04-17 09:00:00+09:00,1679.0,1690.0,1647.0,1660.0,18700,0.0,0.0
2023-04-17 10:00:00+09:00,1661.0,1663.0,1659.0,1662.0,1800,0.0,0.0
2023-04-17 11:00:00+09:00,1665.0,1665.0,1663.0,1663.0,0,0.0,0.0
2023-04-17 12:00:00+09:00,1669.0,1672.0,1664.0,1664.0,23000,0.0,0.0
2023-04-17 13:00:00+09:00,1664.0,1669.0,1661.0,1669.0,1700,0.0,0.0
2023-04-17 14:00:00+09:00,1666.0,1675.0,1665.0,1674.0,7900,0.0,0.0
2023-04-18 09:00:00+09:00,1671.0,1681.0,1660.0,1681.0,9500,0.0,0.0
2023-04-18 10:00:00+09:00,1685.0,1695.0,1683.0,1695.0,9000,0.0,0.0
2023-04-18 11:00:00+09:00,1692.0,1694.0,1691.0,1694.0,0,0.0,0.0
2023-04-18 12:00:00+09:00,1694.0,1695.0,1682.0,1682.0,24400,0.0,0.0
2023-04-18 13:00:00+09:00,1685.0,1687.0,1684.0,1685.0,1300,0.0,0.0
2023-04-18 14:00:00+09:00,1682.0,1683.0,1676.0,1677.0,4200,0.0,0.0
2023-04-19 09:00:00+09:00,1686.0,1700.0,1683.0,1686.0,8200,0.0,0.0
2023-04-19 10:00:00+09:00,1686.0,1686.0,1674.0,1675.0,4200,0.0,0.0
2023-04-19 11:00:00+09:00,1673.0,1673.0,1669.0,1669.0,0,0.0,0.0
2023-04-19 12:00:00+09:00,1669.0,1670.0,1658.0,1658.0,19600,0.0,0.0
2023-04-19 13:00:00+09:00,1658.0,1661.0,1655.0,1655.0,3300,0.0,0.0
2023-04-19 14:00:00+09:00,1658.0,1662.0,1654.0,1659.0,5600,0.0,0.0
2023-04-20 09:00:00+09:00,1662.0,1695.0,1662.0,1687.0,13700,0.0,0.0
2023-04-20 10:00:00+09:00,1690.0,1698.0,1690.0,1691.0,1700,0.0,0.0
2023-04-20 11:00:00+09:00,1691.0,1691.0,1687.0,1688.0,0,0.0,0.0
2023-04-20 12:00:00+09:00,1688.0,1688.0,1685.0,1688.0,18400,0.0,0.0
2023-04-20 13:00:00+09:00,1686.0,1694.0,1685.0,1694.0,6100,0.0,0.0
2023-04-20 14:00:00+09:00,1694.0,1697.0,1685.0,1692.0,7100,0.0,0.0
2023-04-21 09:00:00+09:00,1694.0,1694.0,1663.0,1674.0,8000,0.0,0.0
2023-04-21 10:00:00+09:00,1677.0,1677.0,1660.0,1665.0,6100,0.0,0.0
2023-04-21 11:00:00+09:00,1665.0,1666.0,1659.0,1665.0,0,0.0,0.0
2023-04-21 12:00:00+09:00,1671.0,1671.0,1666.0,1667.0,17700,0.0,0.0
2023-04-21 13:00:00+09:00,1668.0,1671.0,1663.0,1668.0,4600,0.0,0.0
2023-04-21 14:00:00+09:00,1669.0,1673.0,1664.0,1668.0,4600,0.0,0.0
2023-04-24 09:00:00+09:00,1678.0,1681.0,1668.0,1676.0,7000,0.0,0.0
2023-04-24 10:00:00+09:00,1679.0,1680.0,1676.0,1676.0,800,0.0,0.0
2023-04-24 11:00:00+09:00,1674.0,1678.0,1674.0,1678.0,0,0.0,0.0
2023-04-24 12:00:00+09:00,1678.0,1687.0,1670.0,1686.0,15400,0.0,0.0
2023-04-24 13:00:00+09:00,1689.0,1695.0,1686.0,1694.0,5800,0.0,0.0
2023-04-24 14:00:00+09:00,1692.0,1692.0,1687.0,1692.0,3700,0.0,0.0
2023-04-25 09:00:00+09:00,1695.0,1715.0,1693.0,1700.0,12600,0.0,0.0
2023-04-25 10:00:00+09:00,1700.0,1709.0,1700.0,1702.0,3700,0.0,0.0
2023-04-25 11:00:00+09:00,1703.0,1703.0,1702.0,1703.0,0,0.0,0.0
2023-04-25 12:00:00+09:00,1706.0,1706.0,1687.0,1687.0,20200,0.0,0.0
2023-04-25 13:00:00+09:00,1689.0,1689.0,1680.0,1685.0,3800,0.0,0.0
2023-04-25 14:00:00+09:00,1682.0,1686.0,1681.0,1686.0,0,0.0,0.0
2023-04-26 09:00:00+09:00,1678.0,1678.0,1654.0,1674.0,5400,0.0,0.0
2023-04-26 10:00:00+09:00,1674.0,1674.0,1656.0,1661.0,4800,0.0,0.0
2023-04-26 11:00:00+09:00,1662.0,1663.0,1661.0,1661.0,0,0.0,0.0
2023-04-26 12:00:00+09:00,1656.0,1661.0,1646.0,1646.0,15700,0.0,0.0
2023-04-26 13:00:00+09:00,1647.0,1656.0,1644.0,1651.0,6200,0.0,0.0
2023-04-26 14:00:00+09:00,1657.0,1659.0,1649.0,1654.0,4900,0.0,0.0
2023-04-27 09:00:00+09:00,1645.0,1645.0,1625.0,1643.0,6400,0.0,0.0
2023-04-27 10:00:00+09:00,1643.0,1649.0,1642.0,1649.0,900,0.0,0.0
2023-04-27 11:00:00+09:00,1652.0,1655.0,1647.0,1655.0,0,0.0,0.0
2023-04-27 12:00:00+09:00,1652.0,1652.0,1650.0,1651.0,10600,0.0,0.0
2023-04-27 13:00:00+09:00,1652.0,1655.0,1650.0,1655.0,2200,0.0,0.0
2023-04-27 14:00:00+09:00,1652.0,1657.0,1646.0,1655.0,11300,0.0,0.0
2023-04-28 09:00:00+09:00,1669.0,1669.0,1656.0,1659.0,5700,0.0,0.0
2023-04-28 10:00:00+09:00,1662.0,1675.0,1657.0,1673.0,4200,0.0,0.0
2023-04-28 11:00:00+09:00,1672.0,1672.0,1672.0,1672.0,0,0.0,0.0
2023-04-28 12:00:00+09:00,1672.0,1672.0,1663.0,1663.0,11700,0.0,0.0
2023-04-28 13:00:00+09:00,1665.0,1674.0,1665.0,1668.0,6300,0.0,0.0
2023-04-28 14:00:00+09:00,1668.0,1767.0,1668.0,1696.0,155200,0.0,0.0
2023-05-01 09:00:00+09:00,1710.0,1729.0,1660.0,1661.0,61300,0.0,0.0
2023-05-01 10:00:00+09:00,1662.0,1667.0,1641.0,1643.0,36600,0.0,0.0
2023-05-01 11:00:00+09:00,1641.0,1650.0,1641.0,1649.0,0,0.0,0.0
2023-05-01 12:00:00+09:00,1651.0,1656.0,1647.0,1656.0,110500,0.0,0.0
2023-05-01 13:00:00+09:00,1657.0,1660.0,1651.0,1652.0,6600,0.0,0.0
2023-05-01 14:00:00+09:00,1652.0,1664.0,1651.0,1661.0,13600,0.0,0.0
2023-05-02 09:00:00+09:00,1657.0,1677.0,1633.0,1638.0,31200,0.0,0.0
2023-05-02 10:00:00+09:00,1646.0,1657.0,1644.0,1655.0,4800,0.0,0.0
2023-05-02 11:00:00+09:00,1657.0,1662.0,1656.0,1662.0,0,0.0,0.0
2023-05-02 12:00:00+09:00,1656.0,1661.0,1640.0,1653.0,47400,0.0,0.0
2023-05-02 13:00:00+09:00,1654.0,1662.0,1654.0,1661.0,7000,0.0,0.0
2023-05-02 14:00:00+09:00,1660.0,1663.0,1656.0,1662.0,8400,0.0,0.0
2023-05-08 09:00:00+09:00,1658.0,1678.0,1658.0,1661.0,23100,0.0,0.0
2023-05-08 10:00:00+09:00,1661.0,1682.0,1661.0,1680.0,5600,0.0,0.0
2023-05-08 11:00:00+09:00,1678.0,1683.0,1674.0,1683.0,0,0.0,0.0
2023-05-08 12:00:00+09:00,1683.0,1683.0,1675.0,1678.0,36400,0.0,0.0
2023-05-08 13:00:00+09:00,1678.0,1687.0,1673.0,1683.0,7200,0.0,0.0
2023-05-08 14:00:00+09:00,1684.0,1690.0,1681.0,1690.0,7400,0.0,0.0
2023-05-09 09:00:00+09:00,1690.0,1693.0,1672.0,1681.0,10400,0.0,0.0
2023-05-09 10:00:00+09:00,1682.0,1689.0,1675.0,1681.0,7700,0.0,0.0
2023-05-09 11:00:00+09:00,1682.0,1687.0,1680.0,1682.0,0,0.0,0.0
2023-05-09 12:00:00+09:00,1684.0,1690.0,1684.0,1690.0,23100,0.0,0.0
2023-05-09 13:00:00+09:00,1688.0,1692.0,1685.0,1687.0,7100,0.0,0.0
2023-05-09 14:00:00+09:00,1690.0,1694.0,1690.0,1690.0,4000,0.0,0.0
2023-05-10 09:00:00+09:00,1682.0,1689.0,1670.0,1673.0,11900,0.0,0.0
2023-05-10 10:00:00+09:00,1678.0,1690.0,1678.0,1689.0,6000,0.0,0.0
2023-05-10 11:00:00+09:00,1689.0,1690.0,1688.0,1688.0,0,0.0,0.0
2023-05-10 12:00:00+09:00,1685.0,1701.0,1685.0,1691.0,25800,0.0,0.0
2023-05-10 13:00:00+09:00,1691.0,1698.0,1690.0,1698.0,2000,0.0,0.0
2023-05-10 14:00:00+09:00,1695.0,1695.0,1684.0,1689.0,5200,0.0,0.0
2023-05-11 09:00:00+09:00,1702.0,1710.0,1687.0,1710.0,0,0.0,0.0
2023-05-11 10:00:00+09:00,1710.0,1728.0,1710.0,1725.0,29500,0.0,0.0
2023-05-11 11:00:00+09:00,1725.0,1732.0,1719.0,1729.0,0,0.0,0.0
2023-05-11 12:00:00+09:00,1729.0,1729.0,1714.0,1716.0,50000,0.0,0.0
2023-05-11 13:00:00+09:00,1714.0,1714.0,1707.0,1713.0,6400,0.0,0.0
2023-05-11 14:00:00+09:00,1713.0,1713.0,1705.0,1711.0,9400,0.0,0.0
2023-05-12 09:00:00+09:00,1718.0,1728.0,1684.0,1693.0,17200,0.0,0.0
2023-05-12 10:00:00+09:00,1693.0,1697.0,1679.0,1679.0,11900,0.0,0.0
2023-05-12 11:00:00+09:00,1677.0,1685.0,1675.0,1685.0,0,0.0,0.0
2023-05-12 12:00:00+09:00,1681.0,1698.0,1681.0,1689.0,36600,0.0,0.0
2023-05-12 13:00:00+09:00,1683.0,1694.0,1677.0,1682.0,6900,0.0,0.0
2023-05-12 14:00:00+09:00,1682.0,1695.0,1678.0,1695.0,8500,0.0,0.0
2023-05-15 09:00:00+09:00,1668.0,1669.0,1615.0,1640.0,0,0.0,0.0
2023-05-15 10:00:00+09:00,1636.0,1646.0,1632.0,1637.0,25500,0.0,0.0
2023-05-15 11:00:00+09:00,1643.0,1655.0,1637.0,1637.0,0,0.0,0.0
2023-05-15 12:00:00+09:00,1637.0,1643.0,1630.0,1632.0,107100,0.0,0.0
2023-05-15 13:00:00+09:00,1632.0,1644.0,1622.0,1626.0,46200,0.0,0.0
2023-05-15 14:00:00+09:00,1625.0,1625.0,1360.0,1397.0,359200,0.0,0.0
2023-05-16 09:00:00+09:00,1333.0,1333.0,1299.0,1323.0,129600,0.0,0.0
2023-05-16 10:00:00+09:00,1324.0,1350.0,1310.0,1343.0,32800,0.0,0.0
2023-05-16 11:00:00+09:00,1340.0,1346.0,1335.0,1345.0,0,0.0,0.0
2023-05-16 12:00:00+09:00,1344.0,1362.0,1328.0,1340.0,206000,0.0,0.0
2023-05-16 13:00:00+09:00,1336.0,1346.0,1328.0,1332.0,12600,0.0,0.0
2023-05-16 14:00:00+09:00,1333.0,1342.0,1327.0,1331.0,24400,0.0,0.0
2023-05-17 09:00:00+09:00,1330.0,1350.0,1309.0,1321.0,27200,0.0,0.0
2023-05-17 10:00:00+09:00,1318.0,1323.0,1303.0,1306.0,14400,0.0,0.0
2023-05-17 11:00:00+09:00,1305.0,1305.0,1294.0,1299.0,0,0.0,0.0
2023-05-17 12:00:00+09:00,1300.0,1317.0,1294.0,1298.0,97400,0.0,0.0
2023-05-17 13:00:00+09:00,1299.0,1309.0,1298.0,1305.0,11600,0.0,0.0
2023-05-17 14:00:00+09:00,1305.0,1326.0,1296.0,1298.0,42400,0.0,0.0
2023-05-18 09:00:00+09:00,1304.0,1333.0,1300.0,1322.0,40300,0.0,0.0
2023-05-18 10:00:00+09:00,1319.0,1319.0,1307.0,1307.0,7200,0.0,0.0
2023-05-18 11:00:00+09:00,1309.0,1309.0,1302.0,1306.0,0,0.0,0.0
2023-05-18 12:00:00+09:00,1306.0,1310.0,1297.0,1310.0,68600,0.0,0.0
2023-05-18 13:00:00+09:00,1313.0,1323.0,1304.0,1323.0,14000,0.0,0.0
2023-05-18 14:00:00+09:00,1321.0,1329.0,1320.0,1326.0,9200,0.0,0.0
2023-05-19 09:00:00+09:00,1330.0,1354.0,1320.0,1332.0,30000,0.0,0.0
2023-05-19 10:00:00+09:00,1329.0,1350.0,1320.0,1346.0,9700,0.0,0.0
2023-05-19 11:00:00+09:00,1344.0,1347.0,1338.0,1347.0,0,0.0,0.0
2023-05-19 12:00:00+09:00,1348.0,1349.0,1336.0,1339.0,51600,0.0,0.0
2023-05-19 13:00:00+09:00,1338.0,1353.0,1338.0,1340.0,13800,0.0,0.0
2023-05-19 14:00:00+09:00,1338.0,1348.0,1335.0,1336.0,9900,0.0,0.0
2023-05-22 09:00:00+09:00,1334.0,1376.0,1334.0,1376.0,0,0.0,0.0
2023-05-22 10:00:00+09:00,1374.0,1375.0,1350.0,1355.0,8100,0.0,0.0
2023-05-22 11:00:00+09:00,1352.0,1360.0,1350.0,1350.0,0,0.0,0.0
2023-05-22 12:00:00+09:00,1350.0,1360.0,1341.0,1342.0,35100,0.0,0.0
2023-05-22 13:00:00+09:00,1341.0,1353.0,1339.0,1352.0,8000,0.0,0.0
2023-05-22 14:00:00+09:00,1352.0,1354.0,1341.0,1348.0,12500,0.0,0.0
2023-05-23 09:00:00+09:00,1348.0,1359.0,1337.0,1340.0,8200,0.0,0.0
2023-05-23 10:00:00+09:00,1340.0,1340.0,1328.0,1328.0,17600,0.0,0.0
2023-05-23 11:00:00+09:00,1327.0,1327.0,1321.0,1321.0,0,0.0,0.0
2023-05-23 12:00:00+09:00,1322.0,1322.0,1307.0,1309.0,50900,0.0,0.0
2023-05-23 13:00:00+09:00,1309.0,1315.0,1303.0,1310.0,13200,0.0,0.0
2023-05-23 14:00:00+09:00,1311.0,1312.0,1306.0,1312.0,13500,0.0,0.0
2023-05-24 09:00:00+09:00,1315.0,1326.0,1313.0,1322.0,8800,0.0,0.0
2023-05-24 10:00:00+09:00,1325.0,1328.0,1301.0,1305.0,8500,0.0,0.0
2023-05-24 11:00:00+09:00,1306.0,1308.0,1305.0,1307.0,0,0.0,0.0
2023-05-24 12:00:00+09:00,1307.0,1308.0,1299.0,1304.0,26700,0.0,0.0
2023-05-24 13:00:00+09:00,1301.0,1305.0,1300.0,1305.0,3900,0.0,0.0
2023-05-24 14:00:00+09:00,1307.0,1307.0,1298.0,1302.0,9700,0.0,0.0
2023-05-25 09:00:00+09:00,1302.0,1313.0,1297.0,1305.0,13600,0.0,0.0
2023-05-25 10:00:00+09:00,1305.0,1308.0,1302.0,1304.0,4600,0.0,0.0
2023-05-25 11:00:00+09:00,1304.0,1308.0,1303.0,1308.0,0,0.0,0.0
2023-05-25 12:00:00+09:00,1311.0,1320.0,1304.0,1316.0,31000,0.0,0.0
2023-05-25 13:00:00+09:00,1316.0,1316.0,1306.0,1309.0,6300,0.0,0.0
2023-05-25 14:00:00+09:00,1306.0,1308.0,1300.0,1302.0,8000,0.0,0.0
2023-05-26 09:00:00+09:00,1302.0,1305.0,1279.0,1285.0,28500,0.0,0.0
2023-05-26 10:00:00+09:00,1284.0,1284.0,1276.0,1281.0,4600,0.0,0.0
2023-05-26 11:00:00+09:00,1280.0,1280.0,1275.0,1279.0,0,0.0,0.0
2023-05-26 12:00:00+09:00,1279.0,1279.0,1272.0,1272.0,42900,0.0,0.0
2023-05-26 13:00:00+09:00,1271.0,1278.0,1271.0,1275.0,6200,0.0,0.0
2023-05-26 14:00:00+09:00,1276.0,1282.0,1274.0,1278.0,7800,0.0,0.0
2023-05-29 09:00:00+09:00,1287.0,1289.0,1273.0,1273.0,0,0.0,0.0
2023-05-29 10:00:00+09:00,1274.0,1277.0,1268.0,1271.0,5700,0.0,0.0
2023-05-29 11:00:00+09:00,1271.0,1272.0,1269.0,1272.0,0,0.0,0.0
2023-05-29 12:00:00+09:00,1270.0,1270.0,1261.0,1262.0,24400,0.0,0.0
2023-05-29 13:00:00+09:00,1262.0,1262.0,1259.0,1261.0,5900,0.0,0.0
2023-05-29 14:00:00+09:00,1261.0,1262.0,1253.0,1256.0,9500,0.0,0.0
2023-05-30 09:00:00+09:00,1253.0,1260.0,1234.0,1251.0,19900,0.0,0.0
2023-05-30 10:00:00+09:00,1247.0,1252.0,1241.0,1245.0,5900,0.0,0.0
2023-05-30 11:00:00+09:00,1246.0,1246.0,1240.0,1242.0,0,0.0,0.0
2023-05-30 12:00:00+09:00,1242.0,1243.0,1239.0,1243.0,31200,0.0,0.0
2023-05-30 13:00:00+09:00,1244.0,1260.0,1243.0,1257.0,9300,0.0,0.0
2023-05-30 14:00:00+09:00,1257.0,1263.0,1255.0,1258.0,9400,0.0,0.0
2023-05-31 09:00:00+09:00,1252.0,1252.0,1230.0,1242.0,0,0.0,0.0
2023-05-31 10:00:00+09:00,1237.0,1238.0,1228.0,1232.0,39700,0.0,0.0
2023-05-31 11:00:00+09:00,1230.0,1230.0,1223.0,1223.0,0,0.0,0.0
2023-05-31 12:00:00+09:00,1220.0,1228.0,1220.0,1223.0,47700,0.0,0.0
2023-05-31 13:00:00+09:00,1221.0,1221.0,1217.0,1217.0,8700,0.0,0.0
2023-05-31 14:00:00+09:00,1218.0,1222.0,1213.0,1219.0,15400,0.0,0.0
2023-06-01 09:00:00+09:00,1220.0,1229.0,1212.0,1214.0,8000,0.0,0.0
2023-06-01 10:00:00+09:00,1216.0,1219.0,1209.0,1212.0,13700,0.0,0.0
2023-06-01 11:00:00+09:00,1209.0,1211.0,1206.0,1209.0,0,0.0,0.0
2023-06-01 12:00:00+09:00,1210.0,1217.0,1206.0,1217.0,31400,0.0,0.0
2023-06-01 13:00:00+09:00,1216.0,1216.0,1209.0,1210.0,4400,0.0,0.0
2023-06-01 14:00:00+09:00,1210.0,1211.0,1202.0,1202.0,10300,0.0,0.0
2023-06-02 09:00:00+09:00,1203.0,1225.0,1202.0,1225.0,8400,0.0,0.0
2023-06-02 10:00:00+09:00,1226.0,1233.0,1226.0,1228.0,4800,0.0,0.0
2023-06-02 11:00:00+09:00,1229.0,1231.0,1227.0,1230.0,0,0.0,0.0
2023-06-02 12:00:00+09:00,1232.0,1245.0,1231.0,1243.0,19500,0.0,0.0
2023-06-02 13:00:00+09:00,1241.0,1245.0,1235.0,1241.0,9700,0.0,0.0
2023-06-02 14:00:00+09:00,1241.0,1241.0,1234.0,1236.0,8500,0.0,0.0
2023-06-05 09:00:00+09:00,1258.0,1265.0,1254.0,1258.0,0,0.0,0.0
2023-06-05 10:00:00+09:00,1258.0,1259.0,1251.0,1257.0,4000,0.0,0.0
2023-06-05 11:00:00+09:00,1257.0,1259.0,1256.0,1256.0,0,0.0,0.0
2023-06-05 12:00:00+09:00,1257.0,1257.0,1251.0,1255.0,20200,0.0,0.0
2023-06-05 13:00:00+09:00,1254.0,1255.0,1249.0,1250.0,2900,0.0,0.0
2023-06-05 14:00:00+09:00,1250.0,1250.0,1242.0,1244.0,7500,0.0,0.0
2023-06-06 09:00:00+09:00,1241.0,1252.0,1232.0,1252.0,8900,0.0,0.0
2023-06-06 10:00:00+09:00,1254.0,1255.0,1248.0,1249.0,3500,0.0,0.0
2023-06-06 11:00:00+09:00,1248.0,1258.0,1247.0,1258.0,0,0.0,0.0
2023-06-06 12:00:00+09:00,1250.0,1256.0,1250.0,1256.0,17000,0.0,0.0
2023-06-06 13:00:00+09:00,1258.0,1262.0,1246.0,1247.0,5800,0.0,0.0
2023-06-06 14:00:00+09:00,1247.0,1251.0,1246.0,1250.0,4300,0.0,0.0
2023-06-07 09:00:00+09:00,1267.0,1291.0,1267.0,1267.0,9800,0.0,0.0
2023-06-07 10:00:00+09:00,1266.0,1270.0,1254.0,1263.0,6200,0.0,0.0
2023-06-07 11:00:00+09:00,1262.0,1264.0,1259.0,1264.0,0,0.0,0.0
2023-06-07 12:00:00+09:00,1258.0,1280.0,1258.0,1277.0,26400,0.0,0.0
2023-06-07 13:00:00+09:00,1275.0,1277.0,1263.0,1275.0,12800,0.0,0.0
2023-06-07 14:00:00+09:00,1274.0,1286.0,1273.0,1277.0,17400,0.0,0.0
2023-06-08 09:00:00+09:00,1280.0,1309.0,1280.0,1294.0,15700,0.0,0.0
2023-06-08 10:00:00+09:00,1294.0,1297.0,1288.0,1297.0,6300,0.0,0.0
2023-06-08 11:00:00+09:00,1299.0,1304.0,1297.0,1301.0,0,0.0,0.0
2023-06-08 12:00:00+09:00,1296.0,1297.0,1278.0,1281.0,40200,0.0,0.0
2023-06-08 13:00:00+09:00,1282.0,1286.0,1269.0,1272.0,11100,0.0,0.0
2023-06-08 14:00:00+09:00,1270.0,1283.0,1270.0,1280.0,11400,0.0,0.0
2023-06-09 09:00:00+09:00,1283.0,1294.0,1279.0,1283.0,11100,0.0,0.0
2023-06-09 10:00:00+09:00,1285.0,1292.0,1282.0,1285.0,8300,0.0,0.0
2023-06-09 11:00:00+09:00,1286.0,1290.0,1280.0,1289.0,0,0.0,0.0
2023-06-09 12:00:00+09:00,1283.0,1290.0,1283.0,1287.0,27800,0.0,0.0
2023-06-09 13:00:00+09:00,1285.0,1286.0,1279.0,1281.0,3400,0.0,0.0
2023-06-09 14:00:00+09:00,1281.0,1294.0,1281.0,1291.0,10700,0.0,0.0
2023-06-12 09:00:00+09:00,1294.0,1311.0,1289.0,1303.0,15600,0.0,0.0
2023-06-12 10:00:00+09:00,1305.0,1312.0,1301.0,1301.0,3800,0.0,0.0
2023-06-12 11:00:00+09:00,1300.0,1305.0,1300.0,1305.0,0,0.0,0.0
2023-06-12 12:00:00+09:00,1300.0,1306.0,1296.0,1304.0,50300,0.0,0.0
2023-06-12 13:00:00+09:00,1303.0,1303.0,1300.0,1300.0,3700,0.0,0.0
2023-06-12 14:00:00+09:00,1300.0,1306.0,1297.0,1302.0,12300,0.0,0.0
2023-06-13 09:00:00+09:00,1316.0,1321.0,1293.0,1293.0,18500,0.0,0.0
2023-06-13 10:00:00+09:00,1297.0,1300.0,1292.0,1293.0,4600,0.0,0.0
2023-06-13 11:00:00+09:00,1293.0,1293.0,1288.0,1291.0,0,0.0,0.0
2023-06-13 12:00:00+09:00,1294.0,1294.0,1288.0,1290.0,33900,0.0,0.0
2023-06-13 13:00:00+09:00,1287.0,1288.0,1282.0,1283.0,5600,0.0,0.0
2023-06-13 14:00:00+09:00,1281.0,1288.0,1281.0,1283.0,9900,0.0,0.0
2023-06-14 09:00:00+09:00,1280.0,1286.0,1275.0,1282.0,6500,0.0,0.0
2023-06-14 10:00:00+09:00,1282.0,1284.0,1273.0,1278.0,10400,0.0,0.0
2023-06-14 11:00:00+09:00,1278.0,1279.0,1272.0,1274.0,0,0.0,0.0
2023-06-14 12:00:00+09:00,1273.0,1276.0,1265.0,1271.0,28400,0.0,0.0
2023-06-14 13:00:00+09:00,1271.0,1280.0,1271.0,1279.0,6600,0.0,0.0
2023-06-14 14:00:00+09:00,1279.0,1282.0,1273.0,1277.0,7100,0.0,0.0
2023-06-15 09:00:00+09:00,1271.0,1272.0,1252.0,1260.0,12900,0.0,0.0
2023-06-15 10:00:00+09:00,1259.0,1259.0,1246.0,1246.0,11800,0.0,0.0
2023-06-15 11:00:00+09:00,1246.0,1256.0,1246.0,1252.0,0,0.0,0.0
2023-06-15 12:00:00+09:00,1250.0,1262.0,1250.0,1258.0,32900,0.0,0.0
2023-06-15 13:00:00+09:00,1257.0,1257.0,1249.0,1250.0,7700,0.0,0.0
2023-06-15 14:00:00+09:00,1249.0,1254.0,1248.0,1253.0,5600,0.0,0.0
2023-06-16 09:00:00+09:00,1250.0,1269.0,1250.0,1262.0,9500,0.0,0.0
2023-06-16 10:00:00+09:00,1258.0,1263.0,1257.0,1263.0,2500,0.0,0.0
2023-06-16 11:00:00+09:00,1265.0,1266.0,1260.0,1263.0,0,0.0,0.0
2023-06-16 12:00:00+09:00,1263.0,1272.0,1263.0,1269.0,20000,0.0,0.0
2023-06-16 13:00:00+09:00,1268.0,1271.0,1264.0,1264.0,2300,0.0,0.0
2023-06-16 14:00:00+09:00,1264.0,1267.0,1260.0,1266.0,8400,0.0,0.0
2023-06-19 09:00:00+09:00,1264.0,1275.0,1263.0,1272.0,6500,0.0,0.0
2023-06-19 10:00:00+09:00,1274.0,1275.0,1265.0,1269.0,5900,0.0,0.0
2023-06-19 11:00:00+09:00,1271.0,1271.0,1271.0,1271.0,0,0.0,0.0
2023-06-19 12:00:00+09:00,1271.0,1271.0,1260.0,1261.0,16000,0.0,0.0
2023-06-19 13:00:00+09:00,1257.0,1259.0,1256.0,1256.0,0,0.0,0.0
2023-06-19 14:00:00+09:00,1256.0,1261.0,1252.0,1261.0,22200,0.0,0.0
2023-06-20 09:00:00+09:00,1254.0,1255.0,1247.0,1252.0,9900,0.0,0.0
2023-06-20 10:00:00+09:00,1253.0,1257.0,1241.0,1241.0,7000,0.0,0.0
2023-06-20 11:00:00+09:00,1246.0,1246.0,1235.0,1238.0,0,0.0,0.0
2023-06-20 12:00:00+09:00,1237.0,1242.0,1237.0,1241.0,22300,0.0,0.0
2023-06-20 13:00:00+09:00,1241.0,1248.0,1239.0,1245.0,10300,0.0,0.0
2023-06-20 14:00:00+09:00,1245.0,1247.0,1240.0,1247.0,5600,0.0,0.0
2023-06-21 09:00:00+09:00,1240.0,1257.0,1240.0,1256.0,7100,0.0,0.0
2023-06-21 10:00:00+09:00,1257.0,1261.0,1248.0,1253.0,9500,0.0,0.0
2023-06-21 11:00:00+09:00,1254.0,1257.0,1251.0,1255.0,0,0.0,0.0
2023-06-21 12:00:00+09:00,1255.0,1255.0,1251.0,1254.0,20100,0.0,0.0
2023-06-21 13:00:00+09:00,1252.0,1252.0,1246.0,1246.0,2200,0.0,0.0
2023-06-21 14:00:00+09:00,1247.0,1248.0,1241.0,1244.0,5800,0.0,0.0
2023-06-22 09:00:00+09:00,1248.0,1259.0,1248.0,1251.0,8000,0.0,0.0
2023-06-22 10:00:00+09:00,1253.0,1253.0,1248.0,1251.0,3900,0.0,0.0
2023-06-22 11:00:00+09:00,1247.0,1250.0,1247.0,1250.0,0,0.0,0.0
2023-06-22 12:00:00+09:00,1250.0,1251.0,1245.0,1251.0,17600,0.0,0.0
2023-06-22 13:00:00+09:00,1251.0,1251.0,1243.0,1247.0,4600,0.0,0.0
2023-06-22 14:00:00+09:00,1247.0,1249.0,1241.0,1243.0,7800,0.0,0.0
2023-06-23 09:00:00+09:00,1255.0,1267.0,1250.0,1250.0,10800,0.0,0.0
2023-06-23 10:00:00+09:00,1247.0,1247.0,1232.0,1240.0,16200,0.0,0.0
2023-06-23 11:00:00+09:00,1238.0,1240.0,1232.0,1236.0,0,0.0,0.0
2023-06-23 12:00:00+09:00,1236.0,1240.0,1232.0,1235.0,33900,0.0,0.0
2023-06-23 13:00:00+09:00,1234.0,1235.0,1230.0,1231.0,7700,0.0,0.0
2023-06-23 14:00:00+09:00,1230.0,1237.0,1230.0,1237.0,6300,0.0,0.0
2023-06-26 09:00:00+09:00,1243.0,1259.0,1231.0,1255.0,6600,0.0,0.0
2023-06-26 10:00:00+09:00,1254.0,1268.0,1252.0,1264.0,12600,0.0,0.0
2023-06-26 11:00:00+09:00,1268.0,1271.0,1268.0,1269.0,0,0.0,0.0
2023-06-26 12:00:00+09:00,1269.0,1269.0,1255.0,1255.0,26000,0.0,0.0
2023-06-26 13:00:00+09:00,1255.0,1261.0,1253.0,1254.0,4500,0.0,0.0
2023-06-26 14:00:00+09:00,1256.0,1256.0,1252.0,1255.0,3600,0.0,0.0
2023-06-27 09:00:00+09:00,1243.0,1245.0,1235.0,1238.0,5800,0.0,0.0
2023-06-27 10:00:00+09:00,1237.0,1237.0,1231.0,1235.0,5800,0.0,0.0
2023-06-27 11:00:00+09:00,1235.0,1236.0,1232.0,1232.0,0,0.0,0.0
2023-06-27 12:00:00+09:00,1237.0,1237.0,1232.0,1232.0,16900,0.0,0.0
2023-06-27 13:00:00+09:00,1234.0,1239.0,1234.0,1237.0,1800,0.0,0.0
2023-06-27 14:00:00+09:00,1237.0,1239.0,1234.0,1239.0,2200,0.0,0.0
2023-06-28 09:00:00+09:00,1245.0,1256.0,1239.0,1251.0,9000,0.0,0.0
2023-06-28 10:00:00+09:00,1250.0,1256.0,1249.0,1249.0,3400,0.0,0.0
2023-06-28 11:00:00+09:00,1251.0,1251.0,1248.0,1250.0,0,0.0,0.0
2023-06-28 12:00:00+09:00,1248.0,1263.0,1248.0,1256.0,20800,0.0,0.0
2023-06-28 13:00:00+09:00,1256.0,1257.0,1250.0,1254.0,3400,0.0,0.0
2023-06-28 14:00:00+09:00,1252.0,1255.0,1251.0,1255.0,1900,0.0,0.0
2023-06-29 09:00:00+09:00,1252.0,1269.0,1252.0,1262.0,11200,0.0,0.0
2023-06-29 10:00:00+09:00,1263.0,1266.0,1262.0,1263.0,1200,0.0,0.0
2023-06-29 11:00:00+09:00,1261.0,1265.0,1257.0,1265.0,0,0.0,0.0
2023-06-29 12:00:00+09:00,1266.0,1266.0,1257.0,1262.0,20900,0.0,0.0
2023-06-29 13:00:00+09:00,1263.0,1264.0,1256.0,1260.0,4200,0.0,0.0
2023-06-29 14:00:00+09:00,1260.0,1260.0,1254.0,1255.0,3000,0.0,0.0
2023-06-30 09:00:00+09:00,1256.0,1259.0,1250.0,1251.0,7500,0.0,0.0
2023-06-30 10:00:00+09:00,1253.0,1259.0,1251.0,1259.0,4500,0.0,0.0
2023-06-30 11:00:00+09:00,1256.0,1260.0,1254.0,1256.0,0,0.0,0.0
2023-06-30 12:00:00+09:00,1252.0,1258.0,1251.0,1254.0,23600,0.0,0.0
2023-06-30 13:00:00+09:00,1256.0,1258.0,1252.0,1257.0,5600,0.0,0.0
2023-06-30 14:00:00+09:00,1258.0,1264.0,1257.0,1263.0,6900,0.0,0.0
2023-07-03 09:00:00+09:00,1279.0,1279.0,1250.0,1252.0,0,0.0,0.0
2023-07-03 10:00:00+09:00,1252.0,1256.0,1251.0,1252.0,35100,0.0,0.0
2023-07-03 11:00:00+09:00,1251.0,1251.0,1241.0,1245.0,0,0.0,0.0
2023-07-03 12:00:00+09:00,1245.0,1249.0,1243.0,1244.0,53200,0.0,0.0
2023-07-03 13:00:00+09:00,1244.0,1247.0,1241.0,1245.0,8600,0.0,0.0
2023-07-03 14:00:00+09:00,1242.0,1243.0,1240.0,1241.0,8100,0.0,0.0
2023-07-04 09:00:00+09:00,1242.0,1246.0,1227.0,1227.0,14800,0.0,0.0
2023-07-04 10:00:00+09:00,1228.0,1242.0,1227.0,1232.0,7500,0.0,0.0
2023-07-04 11:00:00+09:00,1232.0,1232.0,1229.0,1229.0,0,0.0,0.0
2023-07-04 12:00:00+09:00,1230.0,1232.0,1228.0,1228.0,25200,0.0,0.0
2023-07-04 13:00:00+09:00,1229.0,1229.0,1223.0,1225.0,9000,0.0,0.0
2023-07-04 14:00:00+09:00,1225.0,1230.0,1225.0,1230.0,5400,0.0,0.0
2023-07-05 09:00:00+09:00,1226.0,1233.0,1217.0,1232.0,11500,0.0,0.0
2023-07-05 10:00:00+09:00,1232.0,1239.0,1230.0,1238.0,5500,0.0,0.0
2023-07-05 11:00:00+09:00,1238.0,1238.0,1234.0,1237.0,0,0.0,0.0
2023-07-05 12:00:00+09:00,1237.0,1241.0,1236.0,1238.0,22400,0.0,0.0
2023-07-05 13:00:00+09:00,1239.0,1241.0,1231.0,1239.0,7200,0.0,0.0
2023-07-05 14:00:00+09:00,1238.0,1258.0,1238.0,1249.0,21900,0.0,0.0
2023-07-06 09:00:00+09:00,1245.0,1246.0,1228.0,1231.0,12300,0.0,0.0
2023-07-06 10:00:00+09:00,1231.0,1235.0,1228.0,1229.0,4300,0.0,0.0
2023-07-06 11:00:00+09:00,1227.0,1231.0,1227.0,1227.0,0,0.0,0.0
2023-07-06 12:00:00+09:00,1228.0,1229.0,1217.0,1221.0,30600,0.0,0.0
2023-07-06 13:00:00+09:00,1218.0,1232.0,1218.0,1230.0,4900,0.0,0.0
2023-07-06 14:00:00+09:00,1227.0,1230.0,1225.0,1227.0,4300,0.0,0.0
2023-07-07 09:00:00+09:00,1225.0,1227.0,1214.0,1225.0,15300,0.0,0.0
2023-07-07 10:00:00+09:00,1224.0,1225.0,1215.0,1219.0,5800,0.0,0.0
2023-07-07 11:00:00+09:00,1222.0,1227.0,1222.0,1225.0,0,0.0,0.0
2023-07-07 12:00:00+09:00,1227.0,1228.0,1221.0,1226.0,28900,0.0,0.0
2023-07-07 13:00:00+09:00,1228.0,1229.0,1223.0,1229.0,3200,0.0,0.0
2023-07-07 14:00:00+09:00,1228.0,1230.0,1222.0,1223.0,12800,0.0,0.0
2023-07-10 09:00:00+09:00,1221.0,1242.0,1220.0,1229.0,0,0.0,0.0
2023-07-10 10:00:00+09:00,1230.0,1233.0,1227.0,1229.0,2600,0.0,0.0
2023-07-10 11:00:00+09:00,1230.0,1234.0,1230.0,1234.0,0,0.0,0.0
2023-07-10 12:00:00+09:00,1238.0,1238.0,1225.0,1226.0,18700,0.0,0.0
2023-07-10 13:00:00+09:00,1228.0,1237.0,1223.0,1233.0,10000,0.0,0.0
2023-07-10 14:00:00+09:00,1232.0,1233.0,1227.0,1229.0,4000,0.0,0.0
2023-07-11 09:00:00+09:00,1234.0,1245.0,1234.0,1238.0,4900,0.0,0.0
2023-07-11 10:00:00+09:00,1236.0,1236.0,1231.0,1234.0,2500,0.0,0.0
2023-07-11 11:00:00+09:00,1231.0,1234.0,1230.0,1234.0,0,0.0,0.0
2023-07-11 12:00:00+09:00,1234.0,1238.0,1234.0,1237.0,11400,0.0,0.0
2023-07-11 13:00:00+09:00,1236.0,1236.0,1232.0,1233.0,6400,0.0,0.0
2023-07-11 14:00:00+09:00,1232.0,1233.0,1229.0,1230.0,2900,0.0,0.0
2023-07-12 09:00:00+09:00,1239.0,1239.0,1226.0,1233.0,4000,0.0,0.0
2023-07-12 10:00:00+09:00,1232.0,1232.0,1224.0,1225.0,3200,0.0,0.0
2023-07-12 11:00:00+09:00,1225.0,1226.0,1223.0,1224.0,0,0.0,0.0
2023-07-12 12:00:00+09:00,1228.0,1228.0,1223.0,1227.0,10400,0.0,0.0
2023-07-12 13:00:00+09:00,1227.0,1227.0,1222.0,1224.0,3800,0.0,0.0
2023-07-12 14:00:00+09:00,1223.0,1223.0,1217.0,1218.0,8400,0.0,0.0
2023-07-13 09:00:00+09:00,1220.0,1225.0,1204.0,1209.0,0,0.0,0.0
2023-07-13 10:00:00+09:00,1212.0,1223.0,1210.0,1223.0,16500,0.0,0.0
2023-07-13 11:00:00+09:00,1225.0,1227.0,1222.0,1226.0,0,0.0,0.0
2023-07-13 12:00:00+09:00,1227.0,1230.0,1220.0,1230.0,21700,0.0,0.0
2023-07-13 13:00:00+09:00,1228.0,1229.0,1220.0,1225.0,5200,0.0,0.0
2023-07-13 14:00:00+09:00,1225.0,1225.0,1218.0,1223.0,15100,0.0,0.0
2023-07-14 09:00:00+09:00,1221.0,1234.0,1220.0,1220.0,8600,0.0,0.0
2023-07-14 10:00:00+09:00,1219.0,1225.0,1217.0,1225.0,3900,0.0,0.0
2023-07-14 11:00:00+09:00,1221.0,1222.0,1220.0,1222.0,0,0.0,0.0
2023-07-14 12:00:00+09:00,1222.0,1226.0,1221.0,1221.0,17700,0.0,0.0
2023-07-14 13:00:00+09:00,1221.0,1227.0,1221.0,1225.0,2500,0.0,0.0
2023-07-14 14:00:00+09:00,1226.0,1226.0,1221.0,1221.0,3700,0.0,0.0
2023-07-18 09:00:00+09:00,1223.0,1244.0,1223.0,1235.0,10200,0.0,0.0
2023-07-18 10:00:00+09:00,1234.0,1234.0,1230.0,1230.0,3000,0.0,0.0
2023-07-18 11:00:00+09:00,1229.0,1230.0,1229.0,1229.0,0,0.0,0.0
2023-07-18 12:00:00+09:00,1235.0,1235.0,1230.0,1233.0,17000,0.0,0.0
2023-07-18 13:00:00+09:00,1231.0,1233.0,1229.0,1233.0,3400,0.0,0.0
2023-07-18 14:00:00+09:00,1233.0,1234.0,1229.0,1234.0,5400,0.0,0.0
2023-07-19 09:00:00+09:00,1250.0,1259.0,1245.0,1255.0,14200,0.0,0.0
2023-07-19 10:00:00+09:00,1253.0,1260.0,1252.0,1255.0,4700,0.0,0.0
2023-07-19 11:00:00+09:00,1258.0,1259.0,1254.0,1257.0,0,0.0,0.0
2023-07-19 12:00:00+09:00,1258.0,1258.0,1251.0,1257.0,25800,0.0,0.0
2023-07-19 13:00:00+09:00,1256.0,1260.0,1256.0,1257.0,1800,0.0,0.0
2023-07-19 14:00:00+09:00,1257.0,1261.0,1254.0,1257.0,11500,0.0,0.0
2023-07-20 09:00:00+09:00,1263.0,1272.0,1261.0,1261.0,0,0.0,0.0
2023-07-20 10:00:00+09:00,1260.0,1263.0,1257.0,1260.0,12000,0.0,0.0
2023-07-20 11:00:00+09:00,1262.0,1265.0,1259.0,1260.0,0,0.0,0.0
2023-07-20 12:00:00+09:00,1266.0,1266.0,1257.0,1258.0,16000,0.0,0.0
2023-07-20 13:00:00+09:00,1259.0,1264.0,1258.0,1261.0,7600,0.0,0.0
2023-07-20 14:00:00+09:00,1262.0,1262.0,1256.0,1256.0,4000,0.0,0.0
2023-07-21 09:00:00+09:00,1264.0,1271.0,1259.0,1265.0,17000,0.0,0.0
2023-07-21 10:00:00+09:00,1260.0,1262.0,1248.0,1250.0,10600,0.0,0.0
2023-07-21 11:00:00+09:00,1248.0,1260.0,1247.0,1260.0,0,0.0,0.0
2023-07-21 12:00:00+09:00,1267.0,1267.0,1261.0,1262.0,34200,0.0,0.0
2023-07-21 13:00:00+09:00,1260.0,1260.0,1257.0,1260.0,1600,0.0,0.0
2023-07-21 14:00:00+09:00,1261.0,1261.0,1258.0,1259.0,6100,0.0,0.0
2023-07-24 09:00:00+09:00,1261.0,1270.0,1252.0,1265.0,7800,0.0,0.0
2023-07-24 10:00:00+09:00,1268.0,1268.0,1263.0,1263.0,1300,0.0,0.0
2023-07-24 11:00:00+09:00,1265.0,1266.0,1263.0,1266.0,0,0.0,0.0
2023-07-24 12:00:00+09:00,1270.0,1270.0,1258.0,1266.0,20500,0.0,0.0
2023-07-24 13:00:00+09:00,1264.0,1266.0,1262.0,1262.0,1100,0.0,0.0
2023-07-24 14:00:00+09:00,1263.0,1266.0,1258.0,1265.0,7300,0.0,0.0
2023-07-25 09:00:00+09:00,1272.0,1272.0,1261.0,1267.0,7400,0.0,0.0
2023-07-25 10:00:00+09:00,1267.0,1268.0,1264.0,1267.0,900,0.0,0.0
2023-07-25 11:00:00+09:00,1267.0,1268.0,1266.0,1268.0,0,0.0,0.0
2023-07-25 12:00:00+09:00,1270.0,1270.0,1261.0,1265.0,22700,0.0,0.0
2023-07-25 13:00:00+09:00,1266.0,1268.0,1265.0,1265.0,2200,0.0,0.0
2023-07-25 14:00:00+09:00,1263.0,1268.0,1262.0,1265.0,6500,0.0,0.0
2023-07-26 09:00:00+09:00,1269.0,1269.0,1253.0,1258.0,4700,0.0,0.0
2023-07-26 10:00:00+09:00,1257.0,1264.0,1257.0,1264.0,900,0.0,0.0
2023-07-26 11:00:00+09:00,1263.0,1263.0,1262.0,1262.0,0,0.0,0.0
2023-07-26 12:00:00+09:00,1264.0,1265.0,1261.0,1261.0,8000,0.0,0.0
2023-07-26 13:00:00+09:00,1263.0,1269.0,1263.0,1269.0,2200,0.0,0.0
2023-07-26 14:00:00+09:00,1269.0,1273.0,1267.0,1273.0,3500,0.0,0.0
2023-07-27 09:00:00+09:00,1271.0,1274.0,1264.0,1271.0,4500,0.0,0.0
2023-07-27 10:00:00+09:00,1274.0,1275.0,1269.0,1270.0,3400,0.0,0.0
2023-07-27 11:00:00+09:00,1270.0,1270.0,1270.0,1270.0,0,0.0,0.0
2023-07-27 12:00:00+09:00,1272.0,1272.0,1272.0,1272.0,8200,0.0,0.0
2023-07-27 13:00:00+09:00,1269.0,1275.0,1269.0,1275.0,0,0.0,0.0
2023-07-27 14:00:00+09:00,1274.0,1283.0,1274.0,1283.0,20900,0.0,0.0
2023-07-28 09:00:00+09:00,1275.0,1275.0,1265.0,1273.0,4400,0.0,0.0
2023-07-28 10:00:00+09:00,1270.0,1270.0,1267.0,1267.0,2200,0.0,0.0
2023-07-28 11:00:00+09:00,1267.0,1269.0,1266.0,1268.0,0,0.0,0.0
2023-07-28 12:00:00+09:00,1268.0,1273.0,1260.0,1264.0,15700,0.0,0.0
2023-07-28 13:00:00+09:00,1261.0,1263.0,1256.0,1262.0,8800,0.0,0.0
2023-07-28 14:00:00+09:00,1261.0,1270.0,1258.0,1267.0,16500,0.0,0.0
2023-07-31 09:00:00+09:00,1270.0,1293.0,1268.0,1277.0,20100,0.0,0.0
2023-07-31 10:00:00+09:00,1275.0,1275.0,1268.0,1275.0,4700,0.0,0.0
2023-07-31 11:00:00+09:00,1273.0,1276.0,1273.0,1276.0,0,0.0,0.0
2023-07-31 12:00:00+09:00,1276.0,1278.0,1270.0,1276.0,28300,0.0,0.0
2023-07-31 13:00:00+09:00,1274.0,1277.0,1274.0,1275.0,800,0.0,0.0
2023-07-31 14:00:00+09:00,1274.0,1277.0,1274.0,1276.0,2500,0.0,0.0
2023-08-01 09:00:00+09:00,1269.0,1278.0,1263.0,1272.0,2700,0.0,0.0
2023-08-01 10:00:00+09:00,1270.0,1278.0,1268.0,1278.0,3600,0.0,0.0
2023-08-01 11:00:00+09:00,1278.0,1278.0,1275.0,1278.0,0,0.0,0.0
2023-08-01 12:00:00+09:00,1271.0,1276.0,1271.0,1273.0,9100,0.0,0.0
2023-08-01 13:00:00+09:00,1277.0,1277.0,1270.0,1270.0,3000,0.0,0.0
2023-08-01 14:00:00+09:00,1271.0,1272.0,1267.0,1269.0,2900,0.0,0.0
2023-08-02 09:00:00+09:00,1269.0,1269.0,1255.0,1261.0,5300,0.0,0.0
2023-08-02 10:00:00+09:00,1265.0,1269.0,1263.0,1269.0,3000,0.0,0.0
2023-08-02 11:00:00+09:00,1264.0,1265.0,1262.0,1264.0,0,0.0,0.0
2023-08-02 12:00:00+09:00,1256.0,1260.0,1256.0,1260.0,13100,0.0,0.0
2023-08-02 13:00:00+09:00,1256.0,1256.0,1246.0,1246.0,3800,0.0,0.0
2023-08-02 14:00:00+09:00,1245.0,1250.0,1242.0,1249.0,3300,0.0,0.0
2023-08-03 09:00:00+09:00,1235.0,1235.0,1226.0,1231.0,6600,0.0,0.0
2023-08-03 10:00:00+09:00,1231.0,1233.0,1226.0,1226.0,3600,0.0,0.0
2023-08-03 11:00:00+09:00,1227.0,1228.0,1226.0,1226.0,0,0.0,0.0
2023-08-03 12:00:00+09:00,1228.0,1228.0,1225.0,1226.0,12600,0.0,0.0
2023-08-03 13:00:00+09:00,1226.0,1226.0,1220.0,1222.0,5000,0.0,0.0
2023-08-03 14:00:00+09:00,1223.0,1224.0,1215.0,1219.0,10500,0.0,0.0
2023-08-04 09:00:00+09:00,1213.0,1225.0,1209.0,1225.0,7600,0.0,0.0
2023-08-04 10:00:00+09:00,1226.0,1226.0,1216.0,1217.0,2200,0.0,0.0
2023-08-04 11:00:00+09:00,1217.0,1217.0,1213.0,1215.0,0,0.0,0.0
2023-08-04 12:00:00+09:00,1215.0,1216.0,1215.0,1216.0,14800,0.0,0.0
2023-08-04 13:00:00+09:00,1214.0,1214.0,1211.0,1213.0,1500,0.0,0.0
2023-08-04 14:00:00+09:00,1213.0,1216.0,1211.0,1215.0,4200,0.0,0.0
2023-08-07 09:00:00+09:00,1218.0,1230.0,1210.0,1226.0,9400,0.0,0.0
2023-08-07 10:00:00+09:00,1231.0,1232.0,1225.0,1226.0,1600,0.0,0.0
2023-08-07 11:00:00+09:00,1230.0,1230.0,1227.0,1229.0,0,0.0,0.0
2023-08-07 12:00:00+09:00,1230.0,1230.0,1223.0,1223.0,15300,0.0,0.0
2023-08-07 13:00:00+09:00,1222.0,1224.0,1220.0,1223.0,2100,0.0,0.0
2023-08-07 14:00:00+09:00,1222.0,1223.0,1218.0,1222.0,6900,0.0,0.0
2023-08-08 09:00:00+09:00,1233.0,1234.0,1230.0,1234.0,4900,0.0,0.0
2023-08-08 10:00:00+09:00,1233.0,1233.0,1224.0,1224.0,5500,0.0,0.0
2023-08-08 11:00:00+09:00,1223.0,1226.0,1222.0,1226.0,0,0.0,0.0
2023-08-08 12:00:00+09:00,1228.0,1228.0,1222.0,1222.0,12000,0.0,0.0
2023-08-08 13:00:00+09:00,1220.0,1224.0,1220.0,1221.0,2400,0.0,0.0
2023-08-08 14:00:00+09:00,1220.0,1220.0,1213.0,1214.0,10600,0.0,0.0
2023-08-09 09:00:00+09:00,1213.0,1213.0,1199.0,1202.0,15700,0.0,0.0
2023-08-09 10:00:00+09:00,1204.0,1207.0,1204.0,1206.0,2200,0.0,0.0
2023-08-09 11:00:00+09:00,1207.0,1208.0,1205.0,1208.0,0,0.0,0.0
2023-08-09 12:00:00+09:00,1204.0,1204.0,1199.0,1200.0,21500,0.0,0.0
2023-08-09 13:00:00+09:00,1200.0,1200.0,1198.0,1199.0,2000,0.0,0.0
2023-08-09 14:00:00+09:00,1202.0,1208.0,1202.0,1206.0,4400,0.0,0.0
2023-08-10 09:00:00+09:00,1207.0,1207.0,1192.0,1202.0,0,0.0,0.0
2023-08-10 10:00:00+09:00,1202.0,1209.0,1198.0,1209.0,13400,0.0,0.0
2023-08-10 11:00:00+09:00,1206.0,1210.0,1203.0,1210.0,0,0.0,0.0
2023-08-10 12:00:00+09:00,1209.0,1213.0,1204.0,1210.0,23700,0.0,0.0
2023-08-10 13:00:00+09:00,1211.0,1215.0,1209.0,1211.0,5300,0.0,0.0
2023-08-10 14:00:00+09:00,1211.0,1220.0,1208.0,1220.0,11400,0.0,0.0
2023-08-14 09:00:00+09:00,1230.0,1243.0,1220.0,1232.0,25400,0.0,0.0
2023-08-14 10:00:00+09:00,1230.0,1236.0,1225.0,1235.0,6900,0.0,0.0
2023-08-14 11:00:00+09:00,1234.0,1241.0,1233.0,1233.0,0,0.0,0.0
2023-08-14 12:00:00+09:00,1235.0,1239.0,1232.0,1234.0,60200,0.0,0.0
2023-08-14 13:00:00+09:00,1233.0,1238.0,1210.0,1216.0,35200,0.0,0.0
2023-08-14 14:00:00+09:00,1214.0,1216.0,1175.0,1179.0,134700,0.0,0.0
2023-08-15 09:00:00+09:00,1163.0,1190.0,1145.0,1170.0,45500,0.0,0.0
2023-08-15 10:00:00+09:00,1172.0,1184.0,1172.0,1174.0,8300,0.0,0.0
2023-08-15 11:00:00+09:00,1173.0,1178.0,1173.0,1175.0,0,0.0,0.0
2023-08-15 12:00:00+09:00,1173.0,1181.0,1165.0,1165.0,63300,0.0,0.0
2023-08-15 13:00:00+09:00,1165.0,1175.0,1165.0,1173.0,7600,0.0,0.0
2023-08-15 14:00:00+09:00,1172.0,1178.0,1170.0,1174.0,8400,0.0,0.0
2023-08-16 09:00:00+09:00,1168.0,1168.0,1152.0,1155.0,0,0.0,0.0
2023-08-16 10:00:00+09:00,1156.0,1159.0,1145.0,1156.0,32300,0.0,0.0
2023-08-16 11:00:00+09:00,1158.0,1160.0,1157.0,1160.0,0,0.0,0.0
2023-08-16 12:00:00+09:00,1160.0,1161.0,1156.0,1156.0,36700,0.0,0.0
2023-08-16 13:00:00+09:00,1158.0,1158.0,1152.0,1155.0,4700,0.0,0.0
2023-08-16 14:00:00+09:00,1155.0,1155.0,1145.0,1149.0,11600,0.0,0.0
2023-08-17 09:00:00+09:00,1149.0,1150.0,1127.0,1131.0,15700,0.0,0.0
2023-08-17 10:00:00+09:00,1131.0,1131.0,1118.0,1123.0,11600,0.0,0.0
2023-08-17 11:00:00+09:00,1125.0,1132.0,1125.0,1131.0,0,0.0,0.0
2023-08-17 12:00:00+09:00,1136.0,1140.0,1132.0,1140.0,48100,0.0,0.0
2023-08-17 13:00:00+09:00,1140.0,1141.0,1134.0,1139.0,7000,0.0,0.0
2023-08-17 14:00:00+09:00,1139.0,1145.0,1138.0,1144.0,8800,0.0,0.0
2023-08-18 09:00:00+09:00,1139.0,1147.0,1135.0,1143.0,5900,0.0,0.0
2023-08-18 10:00:00+09:00,1140.0,1145.0,1138.0,1142.0,2600,0.0,0.0
2023-08-18 11:00:00+09:00,1144.0,1147.0,1142.0,1145.0,0,0.0,0.0
2023-08-18 12:00:00+09:00,1145.0,1145.0,1136.0,1144.0,16800,0.0,0.0
2023-08-18 13:00:00+09:00,1144.0,1146.0,1143.0,1144.0,3300,0.0,0.0
2023-08-18 14:00:00+09:00,1142.0,1147.0,1136.0,1140.0,13300,0.0,0.0
2023-08-21 09:00:00+09:00,1141.0,1155.0,1140.0,1154.0,4400,0.0,0.0
2023-08-21 10:00:00+09:00,1154.0,1155.0,1147.0,1148.0,0,0.0,0.0
2023-08-21 11:00:00+09:00,1150.0,1153.0,1148.0,1153.0,0,0.0,0.0
2023-08-21 12:00:00+09:00,1153.0,1153.0,1150.0,1153.0,26200,0.0,0.0
2023-08-21 13:00:00+09:00,1152.0,1153.0,1151.0,1152.0,0,0.0,0.0
2023-08-21 14:00:00+09:00,1151.0,1151.0,1145.0,1148.0,30300,0.0,0.0
2023-08-22 09:00:00+09:00,1157.0,1158.0,1145.0,1153.0,0,0.0,0.0
2023-08-22 10:00:00+09:00,1150.0,1152.0,1145.0,1148.0,6100,0.0,0.0
2023-08-22 11:00:00+09:00,1148.0,1157.0,1148.0,1154.0,0,0.0,0.0
2023-08-22 12:00:00+09:00,1152.0,1156.0,1152.0,1155.0,15600,0.0,0.0
2023-08-22 13:00:00+09:00,1155.0,1155.0,1153.0,1155.0,800,0.0,0.0
2023-08-22 14:00:00+09:00,1155.0,1158.0,1154.0,1155.0,2600,0.0,0.0
2023-08-23 09:00:00+09:00,1150.0,1156.0,1144.0,1153.0,4500,0.0,0.0
2023-08-23 10:00:00+09:00,1157.0,1157.0,1150.0,1154.0,5100,0.0,0.0
2023-08-23 11:00:00+09:00,1156.0,1158.0,1155.0,1158.0,0,0.0,0.0
2023-08-23 12:00:00+09:00,1158.0,1158.0,1152.0,1154.0,11700,0.0,0.0
2023-08-23 13:00:00+09:00,1155.0,1160.0,1154.0,1157.0,6000,0.0,0.0
2023-08-23 14:00:00+09:00,1158.0,1167.0,1158.0,1164.0,5800,0.0,0.0
2023-08-24 09:00:00+09:00,1170.0,1175.0,1167.0,1167.0,3000,0.0,0.0
2023-08-24 10:00:00+09:00,1168.0,1174.0,1167.0,1168.0,4000,0.0,0.0
2023-08-24 11:00:00+09:00,1169.0,1171.0,1168.0,1170.0,0,0.0,0.0
2023-08-24 12:00:00+09:00,1172.0,1172.0,1172.0,1172.0,8300,0.0,0.0
2023-08-24 13:00:00+09:00,1170.0,1173.0,1168.0,1168.0,3900,0.0,0.0
2023-08-24 14:00:00+09:00,1171.0,1172.0,1168.0,1170.0,4100,0.0,0.0
2023-08-25 09:00:00+09:00,1163.0,1175.0,1163.0,1175.0,5000,0.0,0.0
2023-08-25 10:00:00+09:00,1175.0,1175.0,1170.0,1170.0,2200,0.0,0.0
2023-08-25 11:00:00+09:00,1172.0,1173.0,1172.0,1173.0,0,0.0,0.0
2023-08-25 12:00:00+09:00,1173.0,1174.0,1170.0,1174.0,8100,0.0,0.0
2023-08-25 13:00:00+09:00,1173.0,1174.0,1168.0,1168.0,1500,0.0,0.0
2023-08-25 14:00:00+09:00,1170.0,1172.0,1168.0,1172.0,4500,0.0,0.0
2023-08-28 09:00:00+09:00,1169.0,1187.0,1169.0,1187.0,5000,0.0,0.0
2023-08-28 10:00:00+09:00,1186.0,1186.0,1183.0,1183.0,600,0.0,0.0
2023-08-28 11:00:00+09:00,1185.0,1185.0,1181.0,1185.0,0,0.0,0.0
2023-08-28 12:00:00+09:00,1188.0,1188.0,1188.0,1188.0,9000,0.0,0.0
2023-08-28 13:00:00+09:00,1185.0,1185.0,1182.0,1182.0,1000,0.0,0.0
2023-08-28 14:00:00+09:00,1182.0,1184.0,1181.0,1181.0,1000,0.0,0.0
2023-08-29 09:00:00+09:00,1181.0,1192.0,1181.0,1186.0,2400,0.0,0.0
2023-08-29 10:00:00+09:00,1187.0,1190.0,1181.0,1186.0,8300,0.0,0.0
2023-08-29 11:00:00+09:00,1185.0,1185.0,1185.0,1185.0,0,0.0,0.0
2023-08-29 12:00:00+09:00,1186.0,1186.0,1186.0,1186.0,0,0.0,0.0
2023-08-29 14:00:00+09:00,1187.0,1189.0,1185.0,1188.0,14700,0.0,0.0
2023-08-30 09:00:00+09:00,1191.0,1196.0,1191.0,1191.0,0,0.0,0.0
2023-08-30 10:00:00+09:00,1195.0,1195.0,1192.0,1192.0,3600,0.0,0.0
2023-08-30 11:00:00+09:00,1190.0,1190.0,1187.0,1187.0,0,0.0,0.0
2023-08-30 12:00:00+09:00,1187.0,1189.0,1187.0,1189.0,6600,0.0,0.0
2023-08-30 13:00:00+09:00,1187.0,1187.0,1183.0,1183.0,2100,0.0,0.0
2023-08-30 14:00:00+09:00,1182.0,1182.0,1175.0,1176.0,6100,0.0,0.0
2023-08-31 09:00:00+09:00,1176.0,1183.0,1176.0,1179.0,1600,0.0,0.0
2023-08-31 10:00:00+09:00,1181.0,1183.0,1180.0,1180.0,1800,0.0,0.0
2023-08-31 11:00:00+09:00,1182.0,1182.0,1182.0,1182.0,0,0.0,0.0
2023-08-31 12:00:00+09:00,1180.0,1184.0,1180.0,1182.0,5300,0.0,0.0
2023-08-31 13:00:00+09:00,1182.0,1182.0,1179.0,1179.0,1500,0.0,0.0
2023-08-31 14:00:00+09:00,1178.0,1181.0,1178.0,1180.0,2400,0.0,0.0
2023-09-01 09:00:00+09:00,1180.0,1188.0,1177.0,1188.0,2400,0.0,0.0
2023-09-01 10:00:00+09:00,1187.0,1193.0,1183.0,1189.0,3700,0.0,0.0
2023-09-01 11:00:00+09:00,1189.0,1194.0,1189.0,1191.0,0,0.0,0.0
2023-09-01 12:00:00+09:00,1191.0,1195.0,1190.0,1195.0,9600,0.0,0.0
2023-09-01 13:00:00+09:00,1194.0,1195.0,1189.0,1191.0,3000,0.0,0.0
2023-09-01 14:00:00+09:00,1191.0,1196.0,1190.0,1193.0,5400,0.0,0.0
2023-09-04 09:00:00+09:00,1189.0,1198.0,1189.0,1195.0,0,0.0,0.0
2023-09-04 10:00:00+09:00,1196.0,1198.0,1194.0,1195.0,1900,0.0,0.0
2023-09-04 11:00:00+09:00,1194.0,1196.0,1194.0,1195.0,0,0.0,0.0
2023-09-04 12:00:00+09:00,1198.0,1198.0,1198.0,1198.0,9300,0.0,0.0
2023-09-04 13:00:00+09:00,1195.0,1196.0,1193.0,1195.0,2800,0.0,0.0
2023-09-04 14:00:00+09:00,1195.0,1198.0,1192.0,1196.0,5400,0.0,0.0
2023-09-05 09:00:00+09:00,1198.0,1198.0,1178.0,1178.0,7700,0.0,0.0
2023-09-05 10:00:00+09:00,1178.0,1186.0,1177.0,1185.0,31100,0.0,0.0
2023-09-05 11:00:00+09:00,1186.0,1186.0,1184.0,1184.0,0,0.0,0.0
2023-09-05 12:00:00+09:00,1184.0,1189.0,1184.0,1186.0,45800,0.0,0.0
2023-09-05 13:00:00+09:00,1186.0,1186.0,1183.0,1184.0,4400,0.0,0.0
2023-09-05 14:00:00+09:00,1184.0,1190.0,1183.0,1189.0,7700,0.0,0.0
2023-09-06 09:00:00+09:00,1182.0,1192.0,1182.0,1192.0,4200,0.0,0.0
2023-09-06 10:00:00+09:00,1192.0,1192.0,1187.0,1187.0,2000,0.0,0.0
2023-09-06 11:00:00+09:00,1186.0,1190.0,1185.0,1188.0,0,0.0,0.0
2023-09-06 12:00:00+09:00,1184.0,1189.0,1183.0,1188.0,9600,0.0,0.0
2023-09-06 13:00:00+09:00,1188.0,1189.0,1185.0,1185.0,2000,0.0,0.0
2023-09-06 14:00:00+09:00,1184.0,1195.0,1184.0,1192.0,11900,0.0,0.0
2023-09-07 09:00:00+09:00,1180.0,1190.0,1180.0,1190.0,2900,0.0,0.0
2023-09-07 10:00:00+09:00,1189.0,1192.0,1186.0,1189.0,2500,0.0,0.0
2023-09-07 11:00:00+09:00,1189.0,1189.0,1189.0,1189.0,0,0.0,0.0
2023-09-07 12:00:00+09:00,1188.0,1188.0,1188.0,1188.0,5500,0.0,0.0
2023-09-07 13:00:00+09:00,1188.0,1188.0,1183.0,1186.0,1200,0.0,0.0
2023-09-07 14:00:00+09:00,1183.0,1186.0,1182.0,1183.0,1000,0.0,0.0
2023-09-08 09:00:00+09:00,1177.0,1183.0,1174.0,1178.0,9900,0.0,0.0
2023-09-08 10:00:00+09:00,1179.0,1181.0,1175.0,1177.0,4000,0.0,0.0
2023-09-08 11:00:00+09:00,1177.0,1177.0,1177.0,1177.0,0,0.0,0.0
2023-09-08 12:00:00+09:00,1183.0,1183.0,1172.0,1172.0,17900,0.0,0.0
2023-09-08 13:00:00+09:00,1171.0,1175.0,1171.0,1175.0,2800,0.0,0.0
2023-09-08 14:00:00+09:00,1176.0,1179.0,1173.0,1175.0,7400,0.0,0.0
2023-09-11 09:00:00+09:00,1177.0,1183.0,1175.0,1176.0,3300,0.0,0.0
2023-09-11 10:00:00+09:00,1174.0,1181.0,1174.0,1178.0,3500,0.0,0.0
2023-09-11 11:00:00+09:00,1178.0,1178.0,1178.0,1178.0,0,0.0,0.0
2023-09-11 12:00:00+09:00,1176.0,1176.0,1169.0,1169.0,10800,0.0,0.0
2023-09-11 13:00:00+09:00,1169.0,1171.0,1166.0,1166.0,5400,0.0,0.0
2023-09-11 14:00:00+09:00,1165.0,1170.0,1162.0,1170.0,4000,0.0,0.0
2023-09-12 09:00:00+09:00,1167.0,1180.0,1167.0,1176.0,6100,0.0,0.0
2023-09-12 10:00:00+09:00,1173.0,1173.0,1169.0,1171.0,2700,0.0,0.0
2023-09-12 11:00:00+09:00,1174.0,1175.0,1174.0,1175.0,0,0.0,0.0
2023-09-12 12:00:00+09:00,1172.0,1174.0,1172.0,1173.0,10100,0.0,0.0
2023-09-12 13:00:00+09:00,1175.0,1177.0,1171.0,1176.0,5000,0.0,0.0
2023-09-12 14:00:00+09:00,1176.0,1180.0,1175.0,1179.0,2300,0.0,0.0
2023-09-13 09:00:00+09:00,1178.0,1181.0,1176.0,1180.0,2800,0.0,0.0
2023-09-13 10:00:00+09:00,1182.0,1182.0,1181.0,1181.0,300,0.0,0.0
2023-09-13 11:00:00+09:00,1182.0,1185.0,1182.0,1182.0,0,0.0,0.0
2023-09-13 12:00:00+09:00,1182.0,1184.0,1181.0,1181.0,7300,0.0,0.0
2023-09-13 13:00:00+09:00,1184.0,1185.0,1182.0,1185.0,1200,0.0,0.0
2023-09-13 14:00:00+09:00,1186.0,1187.0,1179.0,1181.0,5000,0.0,0.0
2023-09-14 09:00:00+09:00,1188.0,1199.0,1187.0,1196.0,5100,0.0,0.0
2023-09-14 10:00:00+09:00,1195.0,1197.0,1193.0,1193.0,1900,0.0,0.0
2023-09-14 11:00:00+09:00,1193.0,1193.0,1193.0,1193.0,0,0.0,0.0
2023-09-14 12:00:00+09:00,1190.0,1194.0,1190.0,1194.0,9500,0.0,0.0
2023-09-14 13:00:00+09:00,1193.0,1195.0,1192.0,1194.0,2900,0.0,0.0
2023-09-14 14:00:00+09:00,1194.0,1194.0,1192.0,1194.0,2700,0.0,0.0
2023-09-15 09:00:00+09:00,1200.0,1205.0,1198.0,1201.0,0,0.0,0.0
2023-09-15 10:00:00+09:00,1200.0,1201.0,1197.0,1199.0,8400,0.0,0.0
2023-09-15 11:00:00+09:00,1197.0,1200.0,1197.0,1200.0,0,0.0,0.0
2023-09-15 12:00:00+09:00,1200.0,1200.0,1196.0,1197.0,9500,0.0,0.0
2023-09-15 13:00:00+09:00,1196.0,1196.0,1193.0,1194.0,1800,0.0,0.0
2023-09-15 14:00:00+09:00,1192.0,1192.0,1185.0,1188.0,5800,0.0,0.0
2023-09-19 09:00:00+09:00,1191.0,1195.0,1186.0,1191.0,10900,0.0,0.0
2023-09-19 10:00:00+09:00,1190.0,1192.0,1190.0,1192.0,900,0.0,0.0
2023-09-19 11:00:00+09:00,1191.0,1191.0,1190.0,1190.0,0,0.0,0.0
2023-09-19 12:00:00+09:00,1190.0,1193.0,1190.0,1191.0,17200,0.0,0.0
2023-09-19 13:00:00+09:00,1191.0,1198.0,1191.0,1196.0,3800,0.0,0.0
2023-09-19 14:00:00+09:00,1195.0,1202.0,1194.0,1199.0,6000,0.0,0.0
2023-09-20 09:00:00+09:00,1202.0,1207.0,1196.0,1196.0,4900,0.0,0.0
2023-09-20 10:00:00+09:00,1196.0,1196.0,1194.0,1194.0,2700,0.0,0.0
2023-09-20 11:00:00+09:00,1191.0,1191.0,1185.0,1185.0,0,0.0,0.0
2023-09-20 12:00:00+09:00,1183.0,1184.0,1178.0,1179.0,13800,0.0,0.0
2023-09-20 13:00:00+09:00,1179.0,1181.0,1177.0,1178.0,2400,0.0,0.0
2023-09-20 14:00:00+09:00,1177.0,1179.0,1175.0,1177.0,4200,0.0,0.0
2023-09-21 09:00:00+09:00,1167.0,1176.0,1165.0,1165.0,14400,0.0,0.0
2023-09-21 10:00:00+09:00,1167.0,1168.0,1162.0,1164.0,2700,0.0,0.0
2023-09-21 11:00:00+09:00,1162.0,1162.0,1153.0,1154.0,0,0.0,0.0
2023-09-21 12:00:00+09:00,1159.0,1159.0,1153.0,1159.0,28600,0.0,0.0
2023-09-21 13:00:00+09:00,1158.0,1159.0,1155.0,1156.0,2900,0.0,0.0
2023-09-21 14:00:00+09:00,1156.0,1158.0,1152.0,1153.0,6200,0.0,0.0
2023-09-22 09:00:00+09:00,1150.0,1157.0,1150.0,1157.0,0,0.0,0.0
2023-09-22 10:00:00+09:00,1157.0,1160.0,1157.0,1157.0,8600,0.0,0.0
2023-09-22 11:00:00+09:00,1157.0,1158.0,1157.0,1158.0,0,0.0,0.0
2023-09-22 12:00:00+09:00,1154.0,1164.0,1154.0,1161.0,14100,0.0,0.0
2023-09-22 13:00:00+09:00,1163.0,1163.0,1160.0,1161.0,1800,0.0,0.0
2023-09-22 14:00:00+09:00,1163.0,1169.0,1162.0,1163.0,7200,0.0,0.0
2023-09-25 09:00:00+09:00,1170.0,1170.0,1162.0,1169.0,4600,0.0,0.0
2023-09-25 10:00:00+09:00,1169.0,1174.0,1169.0,1173.0,5300,0.0,0.0
2023-09-25 11:00:00+09:00,1173.0,1173.0,1172.0,1173.0,0,0.0,0.0
2023-09-25 12:00:00+09:00,1177.0,1177.0,1176.0,1176.0,11900,0.0,0.0
2023-09-25 13:00:00+09:00,1176.0,1177.0,1176.0,1176.0,700,0.0,0.0
2023-09-25 14:00:00+09:00,1177.0,1180.0,1177.0,1179.0,4800,0.0,0.0
2023-09-26 09:00:00+09:00,1180.0,1184.0,1173.0,1175.0,2800,0.0,0.0
2023-09-26 10:00:00+09:00,1177.0,1177.0,1175.0,1176.0,1100,0.0,0.0
2023-09-26 11:00:00+09:00,1173.0,1173.0,1172.0,1172.0,0,0.0,0.0
2023-09-26 12:00:00+09:00,1172.0,1176.0,1172.0,1176.0,5800,0.0,0.0
2023-09-26 13:00:00+09:00,1176.0,1176.0,1174.0,1176.0,1400,0.0,0.0
2023-09-26 14:00:00+09:00,1177.0,1177.0,1174.0,1174.0,1900,0.0,0.0
2023-09-27 09:00:00+09:00,1170.0,1170.0,1163.0,1166.0,8800,0.0,0.0
2023-09-27 10:00:00+09:00,1167.0,1167.0,1162.0,1165.0,1400,0.0,0.0
2023-09-27 11:00:00+09:00,1166.0,1166.0,1163.0,1163.0,0,0.0,0.0
2023-09-27 12:00:00+09:00,1169.0,1169.0,1164.0,1164.0,11200,0.0,0.0
2023-09-27 13:00:00+09:00,1166.0,1168.0,1166.0,1168.0,400,0.0,0.0
2023-09-27 14:00:00+09:00,1168.0,1174.0,1168.0,1171.0,2400,0.0,0.0
2023-09-28 09:00:00+09:00,1165.0,1187.0,1165.0,1185.0,0,0.0,0.0
2023-09-28 10:00:00+09:00,1184.0,1184.0,1181.0,1181.0,7500,0.0,0.0
2023-09-28 11:00:00+09:00,1180.0,1180.0,1174.0,1174.0,0,0.0,0.0
2023-09-28 12:00:00+09:00,1175.0,1175.0,1168.0,1168.0,9300,0.0,0.0
2023-09-28 13:00:00+09:00,1171.0,1172.0,1169.0,1169.0,2400,0.0,0.0
2023-09-28 14:00:00+09:00,1168.0,1176.0,1168.0,1172.0,6000,0.0,0.0
2023-09-29 09:00:00+09:00,1169.0,1170.0,1165.0,1165.0,2200,0.0,0.0
2023-09-29 10:00:00+09:00,1166.0,1167.0,1155.0,1155.0,5200,0.0,0.0
2023-09-29 11:00:00+09:00,1154.0,1156.0,1153.0,1155.0,0,0.0,0.0
2023-09-29 12:00:00+09:00,1155.0,1157.0,1155.0,1155.0,9400,0.0,0.0
2023-09-29 13:00:00+09:00,1156.0,1156.0,1148.0,1149.0,8100,0.0,0.0
2023-09-29 14:00:00+09:00,1150.0,1150.0,1145.0,1146.0,4800,0.0,0.0
2023-10-02 09:00:00+09:00,1146.0,1163.0,1146.0,1158.0,5100,0.0,0.0
2023-10-02 10:00:00+09:00,1156.0,1159.0,1155.0,1155.0,1900,0.0,0.0
2023-10-02 11:00:00+09:00,1155.0,1155.0,1151.0,1151.0,0,0.0,0.0
2023-10-02 12:00:00+09:00,1154.0,1154.0,1147.0,1147.0,15900,0.0,0.0
2023-10-02 13:00:00+09:00,1146.0,1147.0,1143.0,1144.0,5400,0.0,0.0
2023-10-02 14:00:00+09:00,1146.0,1148.0,1133.0,1134.0,13000,0.0,0.0
2023-10-03 09:00:00+09:00,1130.0,1131.0,1111.0,1122.0,18600,0.0,0.0
2023-10-03 10:00:00+09:00,1121.0,1122.0,1114.0,1114.0,4700,0.0,0.0
2023-10-03 11:00:00+09:00,1115.0,1115.0,1113.0,1114.0,0,0.0,0.0
2023-10-03 12:00:00+09:00,1118.0,1118.0,1111.0,1112.0,28300,0.0,0.0
2023-10-03 13:00:00+09:00,1111.0,1112.0,1107.0,1107.0,10600,0.0,0.0
2023-10-03 14:00:00+09:00,1107.0,1107.0,1100.0,1103.0,12900,0.0,0.0
2023-10-04 09:00:00+09:00,1090.0,1097.0,1080.0,1087.0,19500,0.0,0.0
2023-10-04 10:00:00+09:00,1087.0,1088.0,1082.0,1084.0,4200,0.0,0.0
2023-10-04 11:00:00+09:00,1082.0,1083.0,1080.0,1080.0,0,0.0,0.0
2023-10-04 12:00:00+09:00,1080.0,1081.0,1072.0,1074.0,32000,0.0,0.0
2023-10-04 13:00:00+09:00,1073.0,1089.0,1071.0,1087.0,8700,0.0,0.0
2023-10-04 14:00:00+09:00,1083.0,1083.0,1073.0,1073.0,5500,0.0,0.0
2023-10-05 09:00:00+09:00,1075.0,1090.0,1075.0,1090.0,2900,0.0,0.0
2023-10-05 10:00:00+09:00,1088.0,1090.0,1082.0,1085.0,2100,0.0,0.0
2023-10-05 11:00:00+09:00,1083.0,1085.0,1083.0,1084.0,0,0.0,0.0
2023-10-05 12:00:00+09:00,1080.0,1088.0,1080.0,1087.0,6800,0.0,0.0
2023-10-05 13:00:00+09:00,1088.0,1090.0,1086.0,1089.0,3700,0.0,0.0
2023-10-05 14:00:00+09:00,1088.0,1088.0,1084.0,1087.0,4700,0.0,0.0
2023-10-06 09:00:00+09:00,1090.0,1103.0,1090.0,1100.0,7700,0.0,0.0
2023-10-06 10:00:00+09:00,1100.0,1105.0,1100.0,1102.0,2400,0.0,0.0
2023-10-06 11:00:00+09:00,1100.0,1103.0,1100.0,1103.0,0,0.0,0.0
2023-10-06 12:00:00+09:00,1104.0,1105.0,1101.0,1101.0,12100,0.0,0.0
2023-10-06 13:00:00+09:00,1102.0,1104.0,1101.0,1101.0,1200,0.0,0.0
2023-10-06 14:00:00+09:00,1101.0,1105.0,1101.0,1104.0,2500,0.0,0.0
2023-10-10 09:00:00+09:00,1112.0,1128.0,1108.0,1117.0,9400,0.0,0.0
2023-10-10 10:00:00+09:00,1119.0,1124.0,1115.0,1122.0,3500,0.0,0.0
2023-10-10 11:00:00+09:00,1121.0,1121.0,1118.0,1120.0,0,0.0,0.0
2023-10-10 12:00:00+09:00,1121.0,1122.0,1116.0,1119.0,15800,0.0,0.0
2023-10-10 13:00:00+09:00,1121.0,1122.0,1120.0,1122.0,2000,0.0,0.0
2023-10-10 14:00:00+09:00,1122.0,1127.0,1119.0,1127.0,3500,0.0,0.0
2023-10-11 09:00:00+09:00,1128.0,1132.0,1124.0,1132.0,11000,0.0,0.0
2023-10-11 10:00:00+09:00,1127.0,1128.0,1123.0,1124.0,2000,0.0,0.0
2023-10-11 11:00:00+09:00,1124.0,1124.0,1123.0,1123.0,0,0.0,0.0
2023-10-11 12:00:00+09:00,1122.0,1125.0,1120.0,1124.0,16300,0.0,0.0
2023-10-11 13:00:00+09:00,1123.0,1126.0,1123.0,1126.0,1500,0.0,0.0
2023-10-11 14:00:00+09:00,1127.0,1127.0,1121.0,1121.0,3300,0.0,0.0
2023-10-12 09:00:00+09:00,1108.0,1111.0,1104.0,1106.0,4500,0.0,0.0
2023-10-12 10:00:00+09:00,1104.0,1105.0,1097.0,1103.0,5200,0.0,0.0
2023-10-12 11:00:00+09:00,1103.0,1103.0,1102.0,1102.0,0,0.0,0.0
2023-10-12 12:00:00+09:00,1106.0,1108.0,1106.0,1108.0,11500,0.0,0.0
2023-10-12 13:00:00+09:00,1106.0,1106.0,1105.0,1106.0,500,0.0,0.0
2023-10-12 14:00:00+09:00,1105.0,1114.0,1105.0,1113.0,2200,0.0,0.0
2023-10-13 09:00:00+09:00,1113.0,1113.0,1104.0,1104.0,2500,0.0,0.0
2023-10-13 10:00:00+09:00,1103.0,1106.0,1099.0,1103.0,1300,0.0,0.0
2023-10-13 11:00:00+09:00,1103.0,1103.0,1101.0,1101.0,0,0.0,0.0
2023-10-13 12:00:00+09:00,1098.0,1102.0,1094.0,1099.0,7300,0.0,0.0
2023-10-13 13:00:00+09:00,1095.0,1097.0,1093.0,1095.0,2200,0.0,0.0
2023-10-13 14:00:00+09:00,1094.0,1096.0,1091.0,1092.0,4300,0.0,0.0
2023-10-16 09:00:00+09:00,1082.0,1087.0,1075.0,1077.0,8600,0.0,0.0
2023-10-16 10:00:00+09:00,1076.0,1078.0,1074.0,1074.0,2100,0.0,0.0
2023-10-16 11:00:00+09:00,1073.0,1074.0,1073.0,1074.0,0,0.0,0.0
2023-10-16 12:00:00+09:00,1074.0,1074.0,1073.0,1074.0,13800,0.0,0.0
2023-10-16 13:00:00+09:00,1072.0,1077.0,1070.0,1075.0,4000,0.0,0.0
2023-10-16 14:00:00+09:00,1075.0,1075.0,1071.0,1071.0,6200,0.0,0.0
2023-10-17 09:00:00+09:00,1086.0,1089.0,1082.0,1082.0,0,0.0,0.0
2023-10-17 10:00:00+09:00,1087.0,1089.0,1076.0,1076.0,7100,0.0,0.0
2023-10-17 11:00:00+09:00,1075.0,1078.0,1074.0,1074.0,0,0.0,0.0
2023-10-17 12:00:00+09:00,1072.0,1077.0,1072.0,1077.0,9700,0.0,0.0
2023-10-17 13:00:00+09:00,1076.0,1079.0,1075.0,1076.0,1500,0.0,0.0
2023-10-17 14:00:00+09:00,1075.0,1081.0,1075.0,1079.0,3400,0.0,0.0
2023-10-18 09:00:00+09:00,1092.0,1092.0,1083.0,1084.0,2100,0.0,0.0
2023-10-18 10:00:00+09:00,1085.0,1086.0,1082.0,1082.0,1200,0.0,0.0
2023-10-18 11:00:00+09:00,1083.0,1084.0,1080.0,1081.0,0,0.0,0.0
2023-10-18 12:00:00+09:00,1081.0,1081.0,1079.0,1079.0,4900,0.0,0.0
2023-10-18 13:00:00+09:00,1081.0,1086.0,1081.0,1082.0,1200,0.0,0.0
2023-10-18 14:00:00+09:00,1081.0,1087.0,1078.0,1086.0,4300,0.0,0.0
2023-10-19 09:00:00+09:00,1080.0,1087.0,1078.0,1087.0,3000,0.0,0.0
2023-10-19 10:00:00+09:00,1085.0,1085.0,1080.0,1080.0,1100,0.0,0.0
2023-10-19 11:00:00+09:00,1082.0,1082.0,1082.0,1082.0,0,0.0,0.0
2023-10-19 12:00:00+09:00,1076.0,1077.0,1075.0,1075.0,24600,0.0,0.0
2023-10-19 13:00:00+09:00,1078.0,1083.0,1078.0,1083.0,900,0.0,0.0
2023-10-19 14:00:00+09:00,1083.0,1085.0,1081.0,1083.0,1200,0.0,0.0
2023-10-20 09:00:00+09:00,1080.0,1082.0,1077.0,1077.0,2500,0.0,0.0
2023-10-20 10:00:00+09:00,1078.0,1078.0,1074.0,1078.0,2000,0.0,0.0
2023-10-20 11:00:00+09:00,1079.0,1082.0,1079.0,1082.0,0,0.0,0.0
2023-10-20 12:00:00+09:00,1081.0,1086.0,1081.0,1086.0,5400,0.0,0.0
2023-10-20 13:00:00+09:00,1084.0,1086.0,1083.0,1084.0,1100,0.0,0.0
2023-10-20 14:00:00+09:00,1084.0,1090.0,1084.0,1088.0,3900,0.0,0.0
2023-10-23 09:00:00+09:00,1080.0,1082.0,1080.0,1080.0,1200,0.0,0.0
2023-10-23 10:00:00+09:00,1080.0,1083.0,1078.0,1080.0,2200,0.0,0.0
2023-10-23 11:00:00+09:00,1081.0,1081.0,1078.0,1078.0,0,0.0,0.0
2023-10-23 12:00:00+09:00,1079.0,1080.0,1055.0,1061.0,24100,0.0,0.0
2023-10-23 13:00:00+09:00,1056.0,1060.0,1053.0,1060.0,5500,0.0,0.0
2023-10-23 14:00:00+09:00,1062.0,1065.0,1060.0,1062.0,3700,0.0,0.0
2023-10-24 09:00:00+09:00,1058.0,1064.0,1045.0,1046.0,8300,0.0,0.0
2023-10-24 10:00:00+09:00,1048.0,1049.0,1040.0,1040.0,0,0.0,0.0
2023-10-24 11:00:00+09:00,1044.0,1056.0,1044.0,1051.0,0,0.0,0.0
2023-10-24 12:00:00+09:00,1051.0,1053.0,1050.0,1051.0,23400,0.0,0.0
2023-10-24 13:00:00+09:00,1051.0,1064.0,1051.0,1064.0,1200,0.0,0.0
2023-10-24 14:00:00+09:00,1064.0,1071.0,1060.0,1071.0,4900,0.0,0.0
2023-10-25 09:00:00+09:00,1080.0,1095.0,1071.0,1079.0,7700,0.0,0.0
2023-10-25 10:00:00+09:00,1076.0,1078.0,1076.0,1078.0,600,0.0,0.0
2023-10-25 11:00:00+09:00,1079.0,1083.0,1079.0,1083.0,0,0.0,0.0
2023-10-25 12:00:00+09:00,1084.0,1084.0,1079.0,1079.0,10200,0.0,0.0
2023-10-25 13:00:00+09:00,1078.0,1082.0,1078.0,1080.0,800,0.0,0.0
2023-10-25 14:00:00+09:00,1079.0,1079.0,1071.0,1073.0,2800,0.0,0.0
2023-10-26 09:00:00+09:00,1061.0,1070.0,1059.0,1061.0,0,0.0,0.0
2023-10-26 10:00:00+09:00,1059.0,1066.0,1058.0,1063.0,10800,0.0,0.0
2023-10-26 11:00:00+09:00,1060.0,1060.0,1056.0,1056.0,0,0.0,0.0
2023-10-26 12:00:00+09:00,1061.0,1061.0,1060.0,1060.0,11800,0.0,0.0
2023-10-26 13:00:00+09:00,1059.0,1061.0,1057.0,1059.0,0,0.0,0.0
2023-10-26 14:00:00+09:00,1060.0,1060.0,1058.0,1060.0,14800,0.0,0.0
2023-10-27 09:00:00+09:00,1056.0,1075.0,1056.0,1075.0,3900,0.0,0.0
2023-10-27 10:00:00+09:00,1074.0,1082.0,1074.0,1082.0,3300,0.0,0.0
2023-10-27 11:00:00+09:00,1084.0,1085.0,1084.0,1085.0,0,0.0,0.0
2023-10-27 12:00:00+09:00,1080.0,1084.0,1080.0,1080.0,10300,0.0,0.0
2023-10-27 13:00:00+09:00,1081.0,1085.0,1081.0,1085.0,0,0.0,0.0
2023-10-27 14:00:00+09:00,1084.0,1089.0,1083.0,1089.0,14500,0.0,0.0
2023-10-30 09:00:00+09:00,1090.0,1090.0,1076.0,1079.0,2800,0.0,0.0
2023-10-30 10:00:00+09:00,1080.0,1080.0,1070.0,1078.0,3800,0.0,0.0
2023-10-30 11:00:00+09:00,1077.0,1077.0,1072.0,1072.0,0,0.0,0.0
2023-10-30 12:00:00+09:00,1071.0,1077.0,1071.0,1072.0,8900,0.0,0.0
2023-10-30 13:00:00+09:00,1071.0,1073.0,1068.0,1068.0,1300,0.0,0.0
2023-10-30 14:00:00+09:00,1068.0,1070.0,1064.0,1065.0,0,0.0,0.0
2023-10-31 09:00:00+09:00,1056.0,1067.0,1053.0,1065.0,5200,0.0,0.0
2023-10-31 10:00:00+09:00,1066.0,1068.0,1054.0,1056.0,5700,0.0,0.0
2023-10-31 11:00:00+09:00,1053.0,1053.0,1051.0,1053.0,0,0.0,0.0
2023-10-31 12:00:00+09:00,1059.0,1066.0,1059.0,1066.0,18800,0.0,0.0
2023-10-31 13:00:00+09:00,1071.0,1073.0,1065.0,1065.0,2700,0.0,0.0
2023-10-31 14:00:00+09:00,1065.0,1071.0,1065.0,1071.0,1900,0.0,0.0
2023-11-01 09:00:00+09:00,1075.0,1081.0,1067.0,1080.0,11500,0.0,0.0
2023-11-01 10:00:00+09:00,1080.0,1080.0,1068.0,1070.0,2700,0.0,0.0
2023-11-01 11:00:00+09:00,1070.0,1070.0,1070.0,1070.0,0,0.0,0.0
2023-11-01 12:00:00+09:00,1070.0,1070.0,1067.0,1067.0,16600,0.0,0.0
2023-11-01 13:00:00+09:00,1067.0,1070.0,1065.0,1070.0,1500,0.0,0.0
2023-11-01 14:00:00+09:00,1068.0,1074.0,1067.0,1074.0,5500,0.0,0.0
2023-11-02 09:00:00+09:00,1074.0,1074.0,1057.0,1061.0,14100,0.0,0.0
2023-11-02 10:00:00+09:00,1060.0,1076.0,1056.0,1075.0,21400,0.0,0.0
2023-11-02 11:00:00+09:00,1074.0,1074.0,1070.0,1070.0,0,0.0,0.0
2023-11-02 12:00:00+09:00,1070.0,1074.0,1069.0,1069.0,40300,0.0,0.0
2023-11-02 13:00:00+09:00,1069.0,1074.0,1068.0,1073.0,2300,0.0,0.0
2023-11-02 14:00:00+09:00,1073.0,1078.0,1073.0,1077.0,5600,0.0,0.0
2023-11-06 09:00:00+09:00,1090.0,1106.0,1087.0,1106.0,5800,0.0,0.0
2023-11-06 10:00:00+09:00,1108.0,1111.0,1108.0,1109.0,2700,0.0,0.0
2023-11-06 11:00:00+09:00,1107.0,1108.0,1107.0,1108.0,0,0.0,0.0
2023-11-06 12:00:00+09:00,1101.0,1109.0,1101.0,1109.0,10100,0.0,0.0
2023-11-06 13:00:00+09:00,1109.0,1137.0,1108.0,1128.0,19100,0.0,0.0
2023-11-06 14:00:00+09:00,1128.0,1145.0,1120.0,1141.0,24400,0.0,0.0
2023-11-07 09:00:00+09:00,1137.0,1139.0,1130.0,1132.0,2100,0.0,0.0
2023-11-07 10:00:00+09:00,1134.0,1139.0,1134.0,1137.0,1100,0.0,0.0
2023-11-07 11:00:00+09:00,1135.0,1135.0,1131.0,1133.0,0,0.0,0.0
2023-11-07 12:00:00+09:00,1133.0,1138.0,1133.0,1138.0,6500,0.0,0.0
2023-11-07 13:00:00+09:00,1140.0,1140.0,1128.0,1128.0,4300,0.0,0.0
2023-11-07 14:00:00+09:00,1130.0,1134.0,1129.0,1134.0,4400,0.0,0.0
2023-11-08 09:00:00+09:00,1134.0,1134.0,1114.0,1114.0,4900,0.0,0.0
2023-11-08 10:00:00+09:00,1112.0,1112.0,1106.0,1108.0,4000,0.0,0.0
2023-11-08 11:00:00+09:00,1111.0,1120.0,1111.0,1120.0,0,0.0,0.0
2023-11-08 12:00:00+09:00,1119.0,1119.0,1111.0,1111.0,20300,0.0,0.0
2023-11-08 13:00:00+09:00,1115.0,1119.0,1112.0,1119.0,1000,0.0,0.0
2023-11-08 14:00:00+09:00,1119.0,1122.0,1119.0,1122.0,3000,0.0,0.0
2023-11-09 09:00:00+09:00,1111.0,1121.0,1111.0,1117.0,3100,0.0,0.0
2023-11-09 10:00:00+09:00,1120.0,1126.0,1120.0,1123.0,1700,0.0,0.0
2023-11-09 11:00:00+09:00,1120.0,1123.0,1120.0,1122.0,0,0.0,0.0
2023-11-09 12:00:00+09:00,1123.0,1124.0,1122.0,1124.0,5800,0.0,0.0
2023-11-09 13:00:00+09:00,1123.0,1127.0,1123.0,1127.0,1200,0.0,0.0
2023-11-09 14:00:00+09:00,1124.0,1136.0,1123.0,1126.0,11000,0.0,0.0
2023-11-10 09:00:00+09:00,1116.0,1122.0,1111.0,1120.0,4900,0.0,0.0
2023-11-10 10:00:00+09:00,1120.0,1120.0,1118.0,1118.0,700,0.0,0.0
2023-11-10 11:00:00+09:00,1115.0,1116.0,1112.0,1112.0,0,0.0,0.0
2023-11-10 12:00:00+09:00,1112.0,1113.0,1110.0,1112.0,11100,0.0,0.0
2023-11-10 13:00:00+09:00,1113.0,1115.0,1111.0,1115.0,2000,0.0,0.0
2023-11-10 14:00:00+09:00,1116.0,1124.0,1116.0,1121.0,6700,0.0,0.0
2023-11-13 09:00:00+09:00,1129.0,1129.0,1122.0,1126.0,3600,0.0,0.0
2023-11-13 10:00:00+09:00,1128.0,1133.0,1124.0,1126.0,7200,0.0,0.0
2023-11-13 11:00:00+09:00,1127.0,1128.0,1126.0,1126.0,0,0.0,0.0
2023-11-13 12:00:00+09:00,1125.0,1129.0,1122.0,1122.0,13000,0.0,0.0
2023-11-13 13:00:00+09:00,1122.0,1130.0,1122.0,1129.0,2800,0.0,0.0
2023-11-13 14:00:00+09:00,1127.0,1129.0,1119.0,1127.0,9700,0.0,0.0
2023-11-14 09:00:00+09:00,1129.0,1140.0,1122.0,1134.0,9600,0.0,0.0
2023-11-14 10:00:00+09:00,1134.0,1137.0,1132.0,1133.0,3000,0.0,0.0
2023-11-14 11:00:00+09:00,1133.0,1135.0,1130.0,1135.0,0,0.0,0.0
2023-11-14 12:00:00+09:00,1135.0,1138.0,1132.0,1137.0,22000,0.0,0.0
2023-11-14 13:00:00+09:00,1137.0,1137.0,1123.0,1133.0,14700,0.0,0.0
2023-11-14 14:00:00+09:00,1129.0,1129.0,1062.0,1095.0,73200,0.0,0.0
2023-11-15 09:00:00+09:00,1105.0,1167.0,1105.0,1149.0,43000,0.0,0.0
2023-11-15 10:00:00+09:00,1147.0,1163.0,1138.0,1161.0,11000,0.0,0.0
2023-11-15 11:00:00+09:00,1160.0,1168.0,1156.0,1165.0,0,0.0,0.0
2023-11-15 12:00:00+09:00,1160.0,1164.0,1155.0,1155.0,62100,0.0,0.0
2023-11-15 13:00:00+09:00,1156.0,1178.0,1154.0,1176.0,19000,0.0,0.0
2023-11-15 14:00:00+09:00,1177.0,1177.0,1170.0,1170.0,9700,0.0,0.0
2023-11-16 09:00:00+09:00,1153.0,1154.0,1136.0,1151.0,11200,0.0,0.0
2023-11-16 10:00:00+09:00,1152.0,1157.0,1145.0,1149.0,6600,0.0,0.0
2023-11-16 11:00:00+09:00,1153.0,1155.0,1153.0,1153.0,0,0.0,0.0
2023-11-16 12:00:00+09:00,1157.0,1157.0,1154.0,1155.0,18900,0.0,0.0
2023-11-16 13:00:00+09:00,1157.0,1161.0,1156.0,1159.0,2500,0.0,0.0
2023-11-16 14:00:00+09:00,1160.0,1163.0,1160.0,1161.0,2600,0.0,0.0
2023-11-17 09:00:00+09:00,1161.0,1161.0,1131.0,1142.0,29300,0.0,0.0
2023-11-17 10:00:00+09:00,1138.0,1139.0,1129.0,1129.0,5400,0.0,0.0
2023-11-17 11:00:00+09:00,1132.0,1132.0,1126.0,1131.0,0,0.0,0.0
2023-11-17 12:00:00+09:00,1131.0,1136.0,1131.0,1136.0,38000,0.0,0.0
2023-11-17 13:00:00+09:00,1137.0,1143.0,1129.0,1143.0,9400,0.0,0.0
2023-11-17 14:00:00+09:00,1143.0,1147.0,1127.0,1132.0,30700,0.0,0.0
2023-11-20 09:00:00+09:00,1146.0,1151.0,1138.0,1148.0,10000,0.0,0.0
2023-11-20 10:00:00+09:00,1148.0,1148.0,1142.0,1146.0,3100,0.0,0.0
2023-11-20 11:00:00+09:00,1146.0,1148.0,1146.0,1147.0,0,0.0,0.0
2023-11-20 12:00:00+09:00,1146.0,1146.0,1139.0,1139.0,21300,0.0,0.0
2023-11-20 13:00:00+09:00,1138.0,1140.0,1137.0,1140.0,2000,0.0,0.0
2023-11-20 14:00:00+09:00,1139.0,1149.0,1139.0,1140.0,4800,0.0,0.0
2023-11-21 09:00:00+09:00,1145.0,1145.0,1134.0,1134.0,3800,0.0,0.0
2023-11-21 10:00:00+09:00,1134.0,1136.0,1133.0,1135.0,1100,0.0,0.0
2023-11-21 11:00:00+09:00,1136.0,1136.0,1136.0,1136.0,0,0.0,0.0
2023-11-21 12:00:00+09:00,1134.0,1137.0,1134.0,1137.0,5300,0.0,0.0
2023-11-21 13:00:00+09:00,1134.0,1135.0,1116.0,1117.0,13800,0.0,0.0
2023-11-21 14:00:00+09:00,1116.0,1118.0,1111.0,1112.0,4000,0.0,0.0
2023-11-22 09:00:00+09:00,1101.0,1119.0,1098.0,1119.0,7500,0.0,0.0
2023-11-22 10:00:00+09:00,1120.0,1131.0,1120.0,1130.0,3400,0.0,0.0
2023-11-22 11:00:00+09:00,1129.0,1130.0,1129.0,1130.0,0,0.0,0.0
2023-11-22 12:00:00+09:00,1128.0,1130.0,1128.0,1129.0,11700,0.0,0.0
2023-11-22 13:00:00+09:00,1125.0,1132.0,1123.0,1132.0,6400,0.0,0.0
2023-11-22 14:00:00+09:00,1133.0,1142.0,1133.0,1139.0,6200,0.0,0.0
2023-11-24 09:00:00+09:00,1144.0,1144.0,1140.0,1140.0,2700,0.0,0.0
2023-11-24 10:00:00+09:00,1144.0,1149.0,1142.0,1149.0,2300,0.0,0.0
2023-11-24 11:00:00+09:00,1150.0,1154.0,1150.0,1154.0,0,0.0,0.0
2023-11-24 13:00:00+09:00,1154.0,1163.0,1153.0,1155.0,22700,0.0,0.0
2023-11-24 14:00:00+09:00,1158.0,1164.0,1158.0,1161.0,5000,0.0,0.0
2023-11-27 09:00:00+09:00,1167.0,1179.0,1166.0,1175.0,12400,0.0,0.0
2023-11-27 10:00:00+09:00,1173.0,1175.0,1167.0,1168.0,5800,0.0,0.0
2023-11-27 11:00:00+09:00,1168.0,1168.0,1166.0,1166.0,0,0.0,0.0
2023-11-27 12:00:00+09:00,1166.0,1166.0,1161.0,1161.0,25000,0.0,0.0
2023-11-27 13:00:00+09:00,1160.0,1161.0,1155.0,1159.0,10900,0.0,0.0
2023-11-27 14:00:00+09:00,1158.0,1159.0,1157.0,1157.0,3500,0.0,0.0
2023-11-28 09:00:00+09:00,1149.0,1149.0,1142.0,1142.0,4900,0.0,0.0
2023-11-28 10:00:00+09:00,1141.0,1150.0,1141.0,1147.0,1800,0.0,0.0
2023-11-28 11:00:00+09:00,1147.0,1152.0,1147.0,1152.0,0,0.0,0.0
2023-11-28 12:00:00+09:00,1151.0,1152.0,1151.0,1152.0,11500,0.0,0.0
2023-11-28 13:00:00+09:00,1150.0,1150.0,1142.0,1144.0,4000,0.0,0.0
2023-11-28 14:00:00+09:00,1146.0,1153.0,1146.0,1147.0,5700,0.0,0.0
2023-11-29 09:00:00+09:00,1141.0,1164.0,1141.0,1154.0,9500,0.0,0.0
2023-11-29 10:00:00+09:00,1160.0,1165.0,1151.0,1151.0,4600,0.0,0.0
2023-11-29 11:00:00+09:00,1153.0,1153.0,1150.0,1150.0,0,0.0,0.0
2023-11-29 12:00:00+09:00,1149.0,1149.0,1149.0,1149.0,16400,0.0,0.0
2023-11-29 13:00:00+09:00,1150.0,1150.0,1146.0,1146.0,4500,0.0,0.0
2023-11-29 14:00:00+09:00,1145.0,1147.0,1140.0,1145.0,6600,0.0,0.0
2023-11-30 09:00:00+09:00,1142.0,1142.0,1128.0,1130.0,8100,0.0,0.0
2023-11-30 10:00:00+09:00,1131.0,1131.0,1130.0,1130.0,300,0.0,0.0
2023-11-30 11:00:00+09:00,1132.0,1132.0,1132.0,1132.0,0,0.0,0.0
2023-11-30 12:00:00+09:00,1140.0,1140.0,1137.0,1139.0,11300,0.0,0.0
2023-11-30 13:00:00+09:00,1146.0,1146.0,1140.0,1140.0,1300,0.0,0.0
2023-11-30 14:00:00+09:00,1140.0,1142.0,1139.0,1139.0,2200,0.0,0.0
2023-12-01 09:00:00+09:00,1152.0,1152.0,1143.0,1143.0,4300,0.0,0.0
2023-12-01 10:00:00+09:00,1141.0,1146.0,1141.0,1146.0,400,0.0,0.0
2023-12-01 11:00:00+09:00,1146.0,1147.0,1141.0,1145.0,0,0.0,0.0
2023-12-01 12:00:00+09:00,1143.0,1147.0,1140.0,1141.0,6800,0.0,0.0
2023-12-01 13:00:00+09:00,1142.0,1147.0,1142.0,1145.0,1900,0.0,0.0
2023-12-01 14:00:00+09:00,1144.0,1150.0,1144.0,1150.0,2100,0.0,0.0
2023-12-04 09:00:00+09:00,1142.0,1142.0,1130.0,1132.0,0,0.0,0.0
2023-12-04 10:00:00+09:00,1133.0,1134.0,1131.0,1134.0,0,0.0,0.0
2023-12-04 11:00:00+09:00,1135.0,1135.0,1128.0,1128.0,0,0.0,0.0
2023-12-04 12:00:00+09:00,1128.0,1128.0,1122.0,1122.0,11500,0.0,0.0
2023-12-04 13:00:00+09:00,1122.0,1122.0,1120.0,1120.0,1000,0.0,0.0
2023-12-04 14:00:00+09:00,1120.0,1124.0,1118.0,1119.0,3100,0.0,0.0
2023-12-05 09:00:00+09:00,1120.0,1120.0,1116.0,1120.0,1600,0.0,0.0
2023-12-05 10:00:00+09:00,1117.0,1123.0,1115.0,1119.0,2800,0.0,0.0
2023-12-05 11:00:00+09:00,1118.0,1118.0,1118.0,1118.0,0,0.0,0.0
2023-12-05 12:00:00+09:00,1115.0,1116.0,1113.0,1113.0,5900,0.0,0.0
2023-12-05 13:00:00+09:00,1115.0,1115.0,1106.0,1107.0,2100,0.0,0.0
2023-12-05 14:00:00+09:00,1106.0,1106.0,1101.0,1102.0,1700,0.0,0.0
2023-12-06 09:00:00+09:00,1097.0,1117.0,1095.0,1117.0,3000,0.0,0.0
2023-12-06 10:00:00+09:00,1112.0,1112.0,1112.0,1112.0,0,0.0,0.0
2023-12-06 11:00:00+09:00,1113.0,1125.0,1113.0,1119.0,0,0.0,0.0
2023-12-06 12:00:00+09:00,1119.0,1125.0,1116.0,1125.0,9600,0.0,0.0
2023-12-06 13:00:00+09:00,1120.0,1126.0,1120.0,1122.0,2400,0.0,0.0
2023-12-06 14:00:00+09:00,1121.0,1134.0,1121.0,1134.0,7300,0.0,0.0
2023-12-07 09:00:00+09:00,1134.0,1134.0,1120.0,1123.0,1500,0.0,0.0
2023-12-07 10:00:00+09:00,1120.0,1120.0,1116.0,1119.0,2700,0.0,0.0
2023-12-07 11:00:00+09:00,1118.0,1120.0,1115.0,1115.0,0,0.0,0.0
2023-12-07 12:00:00+09:00,1114.0,1119.0,1114.0,1116.0,6500,0.0,0.0
2023-12-07 13:00:00+09:00,1116.0,1118.0,1110.0,1110.0,3800,0.0,0.0
2023-12-07 14:00:00+09:00,1109.0,1116.0,1108.0,1110.0,3700,0.0,0.0
2023-12-08 09:00:00+09:00,1094.0,1097.0,1092.0,1097.0,5700,0.0,0.0
2023-12-08 10:00:00+09:00,1092.0,1092.0,1086.0,1086.0,0,0.0,0.0
2023-12-08 11:00:00+09:00,1085.0,1086.0,1081.0,1081.0,0,0.0,0.0
2023-12-08 12:00:00+09:00,1082.0,1082.0,1078.0,1080.0,14900,0.0,0.0
2023-12-08 13:00:00+09:00,1080.0,1080.0,1065.0,1074.0,0,0.0,0.0
2023-12-08 14:00:00+09:00,1075.0,1080.0,1075.0,1078.0,33000,0.0,0.0
2023-12-11 09:00:00+09:00,1082.0,1102.0,1082.0,1101.0,2100,0.0,0.0
2023-12-11 10:00:00+09:00,1096.0,1103.0,1095.0,1095.0,1800,0.0,0.0
2023-12-11 11:00:00+09:00,1095.0,1095.0,1090.0,1090.0,0,0.0,0.0
2023-12-11 12:00:00+09:00,1090.0,1104.0,1088.0,1102.0,12200,0.0,0.0
2023-12-11 13:00:00+09:00,1102.0,1106.0,1099.0,1101.0,7200,0.0,0.0
2023-12-11 14:00:00+09:00,1102.0,1106.0,1101.0,1104.0,2800,0.0,0.0
2023-12-12 09:00:00+09:00,1103.0,1104.0,1099.0,1102.0,3600,0.0,0.0
2023-12-12 10:00:00+09:00,1099.0,1108.0,1098.0,1104.0,4100,0.0,0.0
2023-12-12 11:00:00+09:00,1101.0,1103.0,1094.0,1094.0,0,0.0,0.0
2023-12-12 12:00:00+09:00,1094.0,1094.0,1083.0,1083.0,13400,0.0,0.0
2023-12-12 13:00:00+09:00,1086.0,1086.0,1081.0,1084.0,3600,0.0,0.0
2023-12-12 14:00:00+09:00,1082.0,1083.0,1076.0,1079.0,4800,0.0,0.0
2023-12-13 09:00:00+09:00,1086.0,1097.0,1083.0,1097.0,6300,0.0,0.0
2023-12-13 10:00:00+09:00,1098.0,1098.0,1089.0,1091.0,3300,0.0,0.0
2023-12-13 11:00:00+09:00,1087.0,1094.0,1085.0,1085.0,0,0.0,0.0
2023-12-13 12:00:00+09:00,1091.0,1091.0,1082.0,1088.0,13000,0.0,0.0
2023-12-13 13:00:00+09:00,1088.0,1091.0,1085.0,1090.0,2100,0.0,0.0
2023-12-13 14:00:00+09:00,1090.0,1099.0,1090.0,1094.0,4100,0.0,0.0
2023-12-14 09:00:00+09:00,1100.0,1100.0,1088.0,1090.0,4100,0.0,0.0
2023-12-14 10:00:00+09:00,1087.0,1087.0,1085.0,1085.0,1300,0.0,0.0
2023-12-14 11:00:00+09:00,1083.0,1087.0,1083.0,1087.0,0,0.0,0.0
2023-12-14 12:00:00+09:00,1083.0,1083.0,1074.0,1074.0,9000,0.0,0.0
2023-12-14 13:00:00+09:00,1073.0,1074.0,1068.0,1074.0,3400,0.0,0.0
2023-12-14 14:00:00+09:00,1074.0,1074.0,1069.0,1070.0,2300,0.0,0.0
2023-12-15 09:00:00+09:00,1071.0,1092.0,1069.0,1084.0,9600,0.0,0.0
2023-12-15 10:00:00+09:00,1081.0,1092.0,1081.0,1092.0,1700,0.0,0.0
2023-12-15 11:00:00+09:00,1091.0,1095.0,1091.0,1095.0,0,0.0,0.0
2023-12-15 12:00:00+09:00,1095.0,1095.0,1091.0,1093.0,17100,0.0,0.0
2023-12-15 13:00:00+09:00,1096.0,1096.0,1092.0,1092.0,1000,0.0,0.0
2023-12-15 14:00:00+09:00,1093.0,1095.0,1091.0,1094.0,2900,0.0,0.0
2023-12-18 09:00:00+09:00,1088.0,1088.0,1076.0,1078.0,2000,0.0,0.0
2023-12-18 10:00:00+09:00,1076.0,1076.0,1071.0,1072.0,1600,0.0,0.0
2023-12-18 11:00:00+09:00,1073.0,1073.0,1073.0,1073.0,0,0.0,0.0
2023-12-18 12:00:00+09:00,1074.0,1074.0,1065.0,1065.0,7700,0.0,0.0
2023-12-18 13:00:00+09:00,1065.0,1071.0,1065.0,1070.0,1800,0.0,0.0
2023-12-18 14:00:00+09:00,1073.0,1077.0,1073.0,1076.0,3100,0.0,0.0
2023-12-19 09:00:00+09:00,1074.0,1074.0,1057.0,1061.0,9200,0.0,0.0
2023-12-19 10:00:00+09:00,1061.0,1061.0,1055.0,1056.0,2100,0.0,0.0
2023-12-19 11:00:00+09:00,1057.0,1057.0,1055.0,1055.0,0,0.0,0.0
2023-12-19 12:00:00+09:00,1057.0,1067.0,1057.0,1059.0,15800,0.0,0.0
2023-12-19 13:00:00+09:00,1056.0,1056.0,1048.0,1054.0,11400,0.0,0.0
2023-12-19 14:00:00+09:00,1055.0,1056.0,1052.0,1052.0,3900,0.0,0.0
2023-12-20 09:00:00+09:00,1051.0,1060.0,1051.0,1058.0,6500,0.0,0.0
2023-12-20 10:00:00+09:00,1056.0,1058.0,1054.0,1054.0,3900,0.0,0.0
2023-12-20 11:00:00+09:00,1054.0,1054.0,1042.0,1042.0,0,0.0,0.0
2023-12-20 12:00:00+09:00,1042.0,1047.0,1037.0,1039.0,25900,0.0,0.0
2023-12-20 13:00:00+09:00,1037.0,1039.0,1034.0,1038.0,3800,0.0,0.0
2023-12-20 14:00:00+09:00,1038.0,1042.0,1032.0,1033.0,9100,0.0,0.0
2023-12-21 09:00:00+09:00,1030.0,1030.0,1013.0,1021.0,24000,0.0,0.0
2023-12-21 10:00:00+09:00,1022.0,1028.0,1022.0,1027.0,6300,0.0,0.0
2023-12-21 11:00:00+09:00,1026.0,1027.0,1021.0,1025.0,0,0.0,0.0
2023-12-21 12:00:00+09:00,1025.0,1025.0,1020.0,1023.0,39300,0.0,0.0
2023-12-21 13:00:00+09:00,1022.0,1024.0,1020.0,1024.0,2600,0.0,0.0
2023-12-21 14:00:00+09:00,1024.0,1026.0,1022.0,1024.0,4500,0.0,0.0
2023-12-22 09:00:00+09:00,1025.0,1036.0,1022.0,1025.0,9500,0.0,0.0
2023-12-22 10:00:00+09:00,1025.0,1032.0,1023.0,1030.0,6300,0.0,0.0
2023-12-22 11:00:00+09:00,1029.0,1031.0,1028.0,1029.0,0,0.0,0.0
2023-12-22 12:00:00+09:00,1028.0,1030.0,1026.0,1030.0,20800,0.0,0.0
2023-12-22 13:00:00+09:00,1027.0,1028.0,1024.0,1028.0,3400,0.0,0.0
2023-12-22 14:00:00+09:00,1025.0,1030.0,1024.0,1027.0,2900,0.0,0.0
2023-12-25 09:00:00+09:00,1030.0,1035.0,1009.0,1015.0,39700,0.0,0.0
2023-12-25 10:00:00+09:00,1012.0,1020.0,1012.0,1020.0,3900,0.0,0.0
2023-12-25 11:00:00+09:00,1019.0,1021.0,1016.0,1018.0,0,0.0,0.0
2023-12-25 12:00:00+09:00,1018.0,1021.0,1018.0,1021.0,50600,0.0,0.0
2023-12-25 13:00:00+09:00,1019.0,1020.0,1016.0,1020.0,3500,0.0,0.0
2023-12-25 14:00:00+09:00,1020.0,1020.0,1015.0,1016.0,3500,0.0,0.0
2023-12-26 09:00:00+09:00,1014.0,1024.0,1014.0,1022.0,24400,0.0,0.0
2023-12-26 10:00:00+09:00,1022.0,1023.0,1018.0,1020.0,4700,0.0,0.0
2023-12-26 11:00:00+09:00,1021.0,1021.0,1018.0,1018.0,0,0.0,0.0
2023-12-26 12:00:00+09:00,1018.0,1021.0,1016.0,1017.0,32900,0.0,0.0
2023-12-26 13:00:00+09:00,1016.0,1020.0,1013.0,1020.0,10800,0.0,0.0
2023-12-26 14:00:00+09:00,1018.0,1020.0,1018.0,1018.0,6400,0.0,0.0
2023-12-27 09:00:00+09:00,1016.0,1030.0,1016.0,1030.0,10000,0.0,0.0
2023-12-27 10:00:00+09:00,1028.0,1033.0,1028.0,1031.0,9700,0.0,0.0
2023-12-27 11:00:00+09:00,1032.0,1040.0,1032.0,1039.0,0,0.0,0.0
2023-12-27 12:00:00+09:00,1036.0,1055.0,1035.0,1054.0,62200,0.0,0.0
2023-12-27 13:00:00+09:00,1053.0,1057.0,1049.0,1055.0,14100,0.0,0.0
2023-12-27 14:00:00+09:00,1055.0,1058.0,1050.0,1050.0,5400,0.0,0.0
2023-12-28 09:00:00+09:00,1050.0,1050.0,1034.0,1050.0,7700,0.0,0.0
2023-12-28 10:00:00+09:00,1050.0,1070.0,1050.0,1070.0,14200,0.0,0.0
2023-12-28 11:00:00+09:00,1066.0,1068.0,1064.0,1067.0,0,0.0,0.0
2023-12-28 12:00:00+09:00,1068.0,1068.0,1064.0,1064.0,24900,0.0,0.0
2023-12-28 13:00:00+09:00,1065.0,1069.0,1063.0,1069.0,1400,0.0,0.0
2023-12-28 14:00:00+09:00,1068.0,1068.0,1063.0,1064.0,2300,0.0,0.0
2023-12-29 09:00:00+09:00,1050.0,1067.0,1050.0,1058.0,6300,0.0,0.0
2023-12-29 10:00:00+09:00,1059.0,1063.0,1055.0,1058.0,2300,0.0,0.0
2023-12-29 11:00:00+09:00,1061.0,1062.0,1054.0,1062.0,0,0.0,0.0
2023-12-29 12:00:00+09:00,1062.0,1062.0,1052.0,1052.0,13500,0.0,0.0
2023-12-29 13:00:00+09:00,1052.0,1057.0,1050.0,1051.0,3300,0.0,0.0
2023-12-29 14:00:00+09:00,1051.0,1056.0,1048.0,1056.0,4300,0.0,0.0
2024-01-04 09:00:00+09:00,1065.0,1078.0,1062.0,1078.0,8000,0.0,0.0
2024-01-04 10:00:00+09:00,1079.0,1083.0,1069.0,1078.0,36700,0.0,0.0
2024-01-04 11:00:00+09:00,1078.0,1085.0,1075.0,1085.0,0,0.0,0.0
2024-01-04 12:00:00+09:00,1097.0,1097.0,1088.0,1093.0,54900,0.0,0.0
2024-01-04 13:00:00+09:00,1093.0,1093.0,1089.0,1089.0,1300,0.0,0.0
2024-01-04 14:00:00+09:00,1091.0,1109.0,1091.0,1109.0,13800,0.0,0.0
2024-01-05 09:00:00+09:00,1103.0,1109.0,1085.0,1101.0,19400,0.0,0.0
2024-01-05 10:00:00+09:00,1100.0,1120.0,1096.0,1107.0,15900,0.0,0.0
2024-01-05 11:00:00+09:00,1109.0,1109.0,1104.0,1105.0,0,0.0,0.0
2024-01-05 12:00:00+09:00,1105.0,1105.0,1100.0,1100.0,37100,0.0,0.0
2024-01-05 13:00:00+09:00,1099.0,1101.0,1096.0,1097.0,1700,0.0,0.0
2024-01-05 14:00:00+09:00,1096.0,1104.0,1096.0,1098.0,9500,0.0,0.0
2024-01-09 09:00:00+09:00,1114.0,1150.0,1111.0,1147.0,35600,0.0,0.0
2024-01-09 10:00:00+09:00,1148.0,1154.0,1140.0,1145.0,17000,0.0,0.0
2024-01-09 11:00:00+09:00,1147.0,1151.0,1145.0,1151.0,0,0.0,0.0
2024-01-09 12:00:00+09:00,1153.0,1154.0,1144.0,1154.0,59800,0.0,0.0
2024-01-09 13:00:00+09:00,1155.0,1155.0,1149.0,1154.0,4900,0.0,0.0
2024-01-09 14:00:00+09:00,1152.0,1158.0,1151.0,1151.0,10200,0.0,0.0
2024-01-10 09:00:00+09:00,1146.0,1147.0,1119.0,1123.0,11900,0.0,0.0
2024-01-10 10:00:00+09:00,1126.0,1130.0,1125.0,1127.0,4000,0.0,0.0
2024-01-10 11:00:00+09:00,1127.0,1129.0,1126.0,1129.0,0,0.0,0.0
2024-01-10 12:00:00+09:00,1129.0,1140.0,1125.0,1138.0,29500,0.0,0.0
2024-01-10 13:00:00+09:00,1139.0,1142.0,1135.0,1138.0,19600,0.0,0.0
2024-01-10 14:00:00+09:00,1137.0,1142.0,1137.0,1141.0,19200,0.0,0.0
2024-01-11 09:00:00+09:00,1150.0,1150.0,1141.0,1144.0,2300,0.0,0.0
2024-01-11 10:00:00+09:00,1142.0,1146.0,1136.0,1142.0,4900,0.0,0.0
2024-01-11 11:00:00+09:00,1141.0,1143.0,1141.0,1143.0,0,0.0,0.0
2024-01-11 12:00:00+09:00,1143.0,1143.0,1139.0,1139.0,9000,0.0,0.0
2024-01-11 13:00:00+09:00,1137.0,1138.0,1135.0,1138.0,1500,0.0,0.0
2024-01-11 14:00:00+09:00,1139.0,1140.0,1135.0,1135.0,3400,0.0,0.0
2024-01-12 09:00:00+09:00,1132.0,1134.0,1122.0,1122.0,0,0.0,0.0
2024-01-12 10:00:00+09:00,1121.0,1122.0,1117.0,1117.0,3700,0.0,0.0
2024-01-12 11:00:00+09:00,1117.0,1117.0,1117.0,1117.0,0,0.0,0.0
2024-01-12 12:00:00+09:00,1117.0,1125.0,1117.0,1121.0,13000,0.0,0.0
2024-01-12 13:00:00+09:00,1121.0,1121.0,1118.0,1118.0,2300,0.0,0.0
2024-01-12 14:00:00+09:00,1118.0,1121.0,1118.0,1118.0,1000,0.0,0.0
2024-01-15 09:00:00+09:00,1123.0,1123.0,1121.0,1121.0,0,0.0,0.0
2024-01-15 10:00:00+09:00,1121.0,1127.0,1121.0,1127.0,3900,0.0,0.0
2024-01-15 11:00:00+09:00,1127.0,1127.0,1127.0,1127.0,0,0.0,0.0
2024-01-15 12:00:00+09:00,1127.0,1127.0,1126.0,1126.0,4400,0.0,0.0
2024-01-15 13:00:00+09:00,1125.0,1125.0,1117.0,1119.0,2000,0.0,0.0
2024-01-15 14:00:00+09:00,1117.0,1125.0,1117.0,1125.0,2900,0.0,0.0
2024-01-16 09:00:00+09:00,1112.0,1113.0,1107.0,1107.0,6600,0.0,0.0
2024-01-16 10:00:00+09:00,1106.0,1106.0,1102.0,1104.0,2200,0.0,0.0
2024-01-16 11:00:00+09:00,1104.0,1108.0,1104.0,1108.0,0,0.0,0.0
2024-01-16 12:00:00+09:00,1106.0,1106.0,1105.0,1105.0,12800,0.0,0.0
2024-01-16 13:00:00+09:00,1104.0,1110.0,1104.0,1107.0,2500,0.0,0.0
2024-01-16 14:00:00+09:00,1107.0,1107.0,1104.0,1104.0,2000,0.0,0.0
2024-01-17 09:00:00+09:00,1111.0,1116.0,1110.0,1113.0,2100,0.0,0.0
2024-01-17 10:00:00+09:00,1116.0,1120.0,1111.0,1111.0,3600,0.0,0.0
2024-01-17 11:00:00+09:00,1112.0,1112.0,1110.0,1110.0,0,0.0,0.0
2024-01-17 12:00:00+09:00,1114.0,1115.0,1106.0,1106.0,9800,0.0,0.0
2024-01-17 13:00:00+09:00,1108.0,1116.0,1108.0,1115.0,1700,0.0,0.0
2024-01-17 14:00:00+09:00,1117.0,1119.0,1111.0,1111.0,3400,0.0,0.0
2024-01-18 09:00:00+09:00,1106.0,1111.0,1106.0,1108.0,1200,0.0,0.0
2024-01-18 10:00:00+09:00,1108.0,1108.0,1104.0,1104.0,1300,0.0,0.0
2024-01-18 11:00:00+09:00,1104.0,1105.0,1103.0,1103.0,0,0.0,0.0
2024-01-18 12:00:00+09:00,1102.0,1105.0,1101.0,1103.0,6000,0.0,0.0
2024-01-18 13:00:00+09:00,1103.0,1105.0,1102.0,1102.0,1800,0.0,0.0
2024-01-18 14:00:00+09:00,1101.0,1103.0,1099.0,1099.0,5400,0.0,0.0
2024-01-19 09:00:00+09:00,1101.0,1111.0,1100.0,1110.0,4200,0.0,0.0
2024-01-19 10:00:00+09:00,1111.0,1114.0,1111.0,1114.0,2300,0.0,0.0
2024-01-19 11:00:00+09:00,1113.0,1115.0,1112.0,1112.0,0,0.0,0.0
2024-01-19 12:00:00+09:00,1106.0,1111.0,1103.0,1108.0,10400,0.0,0.0
2024-01-19 13:00:00+09:00,1109.0,1109.0,1104.0,1105.0,2200,0.0,0.0
2024-01-19 14:00:00+09:00,1106.0,1118.0,1106.0,1115.0,8700,0.0,0.0
2024-01-22 09:00:00+09:00,1115.0,1131.0,1115.0,1131.0,14000,0.0,0.0
2024-01-22 10:00:00+09:00,1130.0,1133.0,1128.0,1128.0,2700,0.0,0.0
2024-01-22 11:00:00+09:00,1128.0,1132.0,1128.0,1132.0,0,0.0,0.0
2024-01-22 12:00:00+09:00,1129.0,1134.0,1129.0,1134.0,18500,0.0,0.0
2024-01-22 13:00:00+09:00,1135.0,1139.0,1134.0,1139.0,4200,0.0,0.0
2024-01-22 14:00:00+09:00,1140.0,1143.0,1139.0,1139.0,0,0.0,0.0
2024-01-23 09:00:00+09:00,1139.0,1139.0,1132.0,1134.0,3100,0.0,0.0
2024-01-23 10:00:00+09:00,1132.0,1132.0,1128.0,1129.0,3700,0.0,0.0
2024-01-23 11:00:00+09:00,1128.0,1130.0,1128.0,1130.0,0,0.0,0.0
2024-01-23 12:00:00+09:00,1128.0,1130.0,1122.0,1122.0,13900,0.0,0.0
2024-01-23 13:00:00+09:00,1123.0,1131.0,1123.0,1126.0,1600,0.0,0.0
2024-01-23 14:00:00+09:00,1129.0,1129.0,1120.0,1122.0,4100,0.0,0.0
2024-01-24 09:00:00+09:00,1128.0,1130.0,1114.0,1116.0,7300,0.0,0.0
2024-01-24 10:00:00+09:00,1115.0,1116.0,1113.0,1116.0,500,0.0,0.0
2024-01-24 11:00:00+09:00,1117.0,1117.0,1112.0,1112.0,0,0.0,0.0
2024-01-24 12:00:00+09:00,1112.0,1112.0,1108.0,1110.0,12400,0.0,0.0
2024-01-24 13:00:00+09:00,1110.0,1110.0,1102.0,1103.0,4100,0.0,0.0
2024-01-24 14:00:00+09:00,1103.0,1111.0,1103.0,1111.0,3800,0.0,0.0
2024-01-25 09:00:00+09:00,1118.0,1122.0,1108.0,1114.0,4300,0.0,0.0
2024-01-25 10:00:00+09:00,1120.0,1120.0,1110.0,1114.0,2800,0.0,0.0
2024-01-25 11:00:00+09:00,1111.0,1114.0,1109.0,1109.0,0,0.0,0.0
2024-01-25 12:00:00+09:00,1114.0,1116.0,1111.0,1112.0,9100,0.0,0.0
2024-01-25 13:00:00+09:00,1114.0,1131.0,1114.0,1129.0,17300,0.0,0.0
2024-01-25 14:00:00+09:00,1131.0,1132.0,1128.0,1132.0,2800,0.0,0.0
2024-01-26 09:00:00+09:00,1119.0,1132.0,1111.0,1129.0,0,0.0,0.0
2024-01-26 10:00:00+09:00,1127.0,1128.0,1117.0,1128.0,32900,0.0,0.0
2024-01-26 11:00:00+09:00,1126.0,1126.0,1125.0,1125.0,0,0.0,0.0
2024-01-26 12:00:00+09:00,1125.0,1129.0,1123.0,1129.0,34900,0.0,0.0
2024-01-26 13:00:00+09:00,1125.0,1126.0,1122.0,1123.0,2700,0.0,0.0
2024-01-26 14:00:00+09:00,1123.0,1126.0,1120.0,1120.0,3400,0.0,0.0
2024-01-29 09:00:00+09:00,1118.0,1121.0,1115.0,1120.0,7200,0.0,0.0
2024-01-29 10:00:00+09:00,1120.0,1122.0,1120.0,1120.0,800,0.0,0.0
2024-01-29 11:00:00+09:00,1119.0,1119.0,1117.0,1117.0,0,0.0,0.0
2024-01-29 12:00:00+09:00,1117.0,1125.0,1117.0,1123.0,11900,0.0,0.0
2024-01-29 13:00:00+09:00,1123.0,1142.0,1123.0,1141.0,27000,0.0,0.0
2024-01-29 14:00:00+09:00,1139.0,1139.0,1132.0,1132.0,4200,0.0,0.0
2024-01-30 09:00:00+09:00,1140.0,1140.0,1124.0,1129.0,4000,0.0,0.0
2024-01-30 10:00:00+09:00,1128.0,1128.0,1120.0,1120.0,3500,0.0,0.0
2024-01-30 11:00:00+09:00,1120.0,1121.0,1115.0,1121.0,0,0.0,0.0
2024-01-30 12:00:00+09:00,1120.0,1120.0,1114.0,1116.0,11000,0.0,0.0
2024-01-30 13:00:00+09:00,1114.0,1120.0,1114.0,1120.0,1000,0.0,0.0
2024-01-30 14:00:00+09:00,1117.0,1117.0,1111.0,1116.0,5000,0.0,0.0
2024-01-31 09:00:00+09:00,1109.0,1109.0,1097.0,1098.0,10200,0.0,0.0
2024-01-31 10:00:00+09:00,1105.0,1107.0,1101.0,1106.0,1900,0.0,0.0
2024-01-31 11:00:00+09:00,1108.0,1109.0,1106.0,1108.0,0,0.0,0.0
2024-01-31 12:00:00+09:00,1108.0,1130.0,1108.0,1128.0,34900,0.0,0.0
2024-01-31 13:00:00+09:00,1128.0,1128.0,1125.0,1125.0,2500,0.0,0.0
2024-01-31 14:00:00+09:00,1125.0,1128.0,1124.0,1127.0,4800,0.0,0.0
2024-02-01 09:00:00+09:00,1125.0,1125.0,1113.0,1114.0,5400,0.0,0.0
2024-02-01 10:00:00+09:00,1115.0,1115.0,1112.0,1113.0,1000,0.0,0.0
2024-02-01 11:00:00+09:00,1115.0,1115.0,1113.0,1114.0,0,0.0,0.0
2024-02-01 12:00:00+09:00,1115.0,1122.0,1113.0,1117.0,10400,0.0,0.0
2024-02-01 13:00:00+09:00,1116.0,1120.0,1113.0,1120.0,2000,0.0,0.0
2024-02-01 14:00:00+09:00,1116.0,1118.0,1115.0,1118.0,1300,0.0,0.0
2024-02-02 09:00:00+09:00,1116.0,1124.0,1107.0,1109.0,4600,0.0,0.0
2024-02-02 10:00:00+09:00,1112.0,1116.0,1112.0,1116.0,300,0.0,0.0
2024-02-02 11:00:00+09:00,1115.0,1117.0,1115.0,1117.0,0,0.0,0.0
2024-02-02 12:00:00+09:00,1117.0,1131.0,1113.0,1129.0,24600,0.0,0.0
2024-02-02 13:00:00+09:00,1129.0,1130.0,1128.0,1130.0,6000,0.0,0.0
2024-02-02 14:00:00+09:00,1130.0,1130.0,1128.0,1128.0,3800,0.0,0.0
2024-02-05 09:00:00+09:00,1131.0,1131.0,1122.0,1129.0,2400,0.0,0.0
2024-02-05 10:00:00+09:00,1130.0,1140.0,1130.0,1140.0,9600,0.0,0.0
2024-02-05 11:00:00+09:00,1139.0,1140.0,1139.0,1139.0,0,0.0,0.0
2024-02-05 12:00:00+09:00,1139.0,1144.0,1139.0,1143.0,30400,0.0,0.0
2024-02-05 13:00:00+09:00,1144.0,1144.0,1140.0,1141.0,4100,0.0,0.0
2024-02-05 14:00:00+09:00,1142.0,1148.0,1142.0,1147.0,8300,0.0,0.0
2024-02-06 09:00:00+09:00,1147.0,1147.0,1120.0,1121.0,8900,0.0,0.0
2024-02-06 10:00:00+09:00,1120.0,1136.0,1120.0,1136.0,11900,0.0,0.0
2024-02-06 11:00:00+09:00,1135.0,1135.0,1134.0,1134.0,0,0.0,0.0
2024-02-06 12:00:00+09:00,1134.0,1134.0,1131.0,1131.0,25400,0.0,0.0
2024-02-06 13:00:00+09:00,1130.0,1131.0,1125.0,1125.0,3700,0.0,0.0
2024-02-06 14:00:00+09:00,1126.0,1131.0,1115.0,1115.0,12600,0.0,0.0
2024-02-07 09:00:00+09:00,1110.0,1120.0,1110.0,1120.0,4500,0.0,0.0
2024-02-07 10:00:00+09:00,1117.0,1126.0,1117.0,1120.0,2000,0.0,0.0
2024-02-07 11:00:00+09:00,1118.0,1118.0,1115.0,1115.0,0,0.0,0.0
2024-02-07 12:00:00+09:00,1115.0,1116.0,1109.0,1109.0,11200,0.0,0.0
2024-02-07 13:00:00+09:00,1110.0,1120.0,1110.0,1120.0,2100,0.0,0.0
2024-02-07 14:00:00+09:00,1120.0,1124.0,1116.0,1119.0,3600,0.0,0.0
2024-02-08 09:00:00+09:00,1113.0,1113.0,1095.0,1096.0,14300,0.0,0.0
2024-02-08 10:00:00+09:00,1095.0,1101.0,1095.0,1098.0,3000,0.0,0.0
2024-02-08 11:00:00+09:00,1099.0,1100.0,1098.0,1099.0,0,0.0,0.0
2024-02-08 12:00:00+09:00,1100.0,1104.0,1098.0,1103.0,20100,0.0,0.0
2024-02-08 13:00:00+09:00,1105.0,1105.0,1102.0,1102.0,2100,0.0,0.0
2024-02-08 14:00:00+09:00,1102.0,1102.0,1093.0,1093.0,4200,0.0,0.0
2024-02-09 09:00:00+09:00,1089.0,1098.0,1083.0,1096.0,7500,0.0,0.0
2024-02-09 10:00:00+09:00,1097.0,1097.0,1089.0,1089.0,2600,0.0,0.0
2024-02-09 11:00:00+09:00,1087.0,1087.0,1085.0,1085.0,0,0.0,0.0
2024-02-09 12:00:00+09:00,1084.0,1092.0,1083.0,1092.0,14300,0.0,0.0
2024-02-09 13:00:00+09:00,1093.0,1094.0,1090.0,1091.0,1700,0.0,0.0
2024-02-09 14:00:00+09:00,1089.0,1092.0,1086.0,1086.0,4000,0.0,0.0
2024-02-13 09:00:00+09:00,1093.0,1100.0,1091.0,1095.0,2300,0.0,0.0
2024-02-13 10:00:00+09:00,1094.0,1097.0,1094.0,1094.0,1600,0.0,0.0
2024-02-13 11:00:00+09:00,1098.0,1106.0,1098.0,1106.0,0,0.0,0.0
2024-02-13 12:00:00+09:00,1100.0,1105.0,1100.0,1105.0,8900,0.0,0.0
2024-02-13 13:00:00+09:00,1103.0,1106.0,1101.0,1106.0,2000,0.0,0.0
2024-02-13 14:00:00+09:00,1104.0,1109.0,1104.0,1107.0,4400,0.0,0.0
2024-02-14 09:00:00+09:00,1104.0,1109.0,1089.0,1089.0,6900,0.0,0.0
2024-02-14 10:00:00+09:00,1087.0,1094.0,1087.0,1089.0,2600,0.0,0.0
2024-02-14 11:00:00+09:00,1088.0,1094.0,1087.0,1094.0,0,0.0,0.0
2024-02-14 12:00:00+09:00,1082.0,1093.0,1078.0,1086.0,18800,0.0,0.0
2024-02-14 13:00:00+09:00,1086.0,1087.0,1070.0,1079.0,17800,0.0,0.0
2024-02-14 14:00:00+09:00,1073.0,1099.0,980.0,1087.0,104000,0.0,0.0
2024-02-15 09:00:00+09:00,1066.0,1106.0,1055.0,1060.0,23800,0.0,0.0
2024-02-15 10:00:00+09:00,1057.0,1057.0,1040.0,1040.0,11200,0.0,0.0
2024-02-15 11:00:00+09:00,1042.0,1048.0,1027.0,1042.0,0,0.0,0.0
2024-02-15 12:00:00+09:00,1042.0,1045.0,1034.0,1039.0,55500,0.0,0.0
2024-02-15 13:00:00+09:00,1040.0,1047.0,1037.0,1047.0,6300,0.0,0.0
2024-02-15 14:00:00+09:00,1047.0,1052.0,1045.0,1051.0,8100,0.0,0.0
2024-02-16 09:00:00+09:00,1057.0,1086.0,1057.0,1086.0,9100,0.0,0.0
2024-02-16 10:00:00+09:00,1087.0,1103.0,1086.0,1086.0,8700,0.0,0.0
2024-02-16 11:00:00+09:00,1086.0,1093.0,1085.0,1093.0,0,0.0,0.0
2024-02-16 12:00:00+09:00,1093.0,1095.0,1092.0,1092.0,22400,0.0,0.0
2024-02-16 13:00:00+09:00,1089.0,1091.0,1086.0,1086.0,6900,0.0,0.0
2024-02-16 14:00:00+09:00,1090.0,1095.0,1087.0,1095.0,2900,0.0,0.0
2024-02-19 09:00:00+09:00,1083.0,1102.0,1083.0,1102.0,2500,0.0,0.0
2024-02-19 10:00:00+09:00,1100.0,1101.0,1096.0,1096.0,500,0.0,0.0
2024-02-19 11:00:00+09:00,1095.0,1098.0,1095.0,1098.0,0,0.0,0.0
2024-02-19 12:00:00+09:00,1093.0,1099.0,1091.0,1097.0,4500,0.0,0.0
2024-02-19 13:00:00+09:00,1093.0,1097.0,1093.0,1096.0,1200,0.0,0.0
2024-02-19 14:00:00+09:00,1096.0,1098.0,1081.0,1081.0,10100,0.0,0.0
2024-02-20 09:00:00+09:00,1086.0,1086.0,1077.0,1078.0,2100,0.0,0.0
2024-02-20 10:00:00+09:00,1078.0,1081.0,1075.0,1075.0,5100,0.0,0.0
2024-02-20 11:00:00+09:00,1075.0,1075.0,1074.0,1074.0,0,0.0,0.0
2024-02-20 12:00:00+09:00,1076.0,1079.0,1073.0,1073.0,8900,0.0,0.0
2024-02-20 13:00:00+09:00,1073.0,1074.0,1071.0,1071.0,2500,0.0,0.0
2024-02-20 14:00:00+09:00,1073.0,1073.0,1066.0,1066.0,5400,0.0,0.0
2024-02-21 09:00:00+09:00,1063.0,1072.0,1063.0,1069.0,2200,0.0,0.0
2024-02-21 10:00:00+09:00,1065.0,1074.0,1063.0,1070.0,4300,0.0,0.0
2024-02-21 11:00:00+09:00,1067.0,1067.0,1066.0,1067.0,0,0.0,0.0
2024-02-21 12:00:00+09:00,1067.0,1067.0,1065.0,1067.0,7900,0.0,0.0
2024-02-21 13:00:00+09:00,1065.0,1073.0,1065.0,1070.0,1900,0.0,0.0
2024-02-21 14:00:00+09:00,1071.0,1071.0,1064.0,1067.0,2300,0.0,0.0
2024-02-22 09:00:00+09:00,1080.0,1081.0,1075.0,1079.0,4800,0.0,0.0
2024-02-22 10:00:00+09:00,1074.0,1078.0,1074.0,1074.0,1400,0.0,0.0
2024-02-22 11:00:00+09:00,1074.0,1074.0,1074.0,1074.0,0,0.0,0.0
2024-02-22 12:00:00+09:00,1073.0,1076.0,1071.0,1073.0,8500,0.0,0.0
2024-02-22 13:00:00+09:00,1072.0,1073.0,1071.0,1073.0,500,0.0,0.0
2024-02-22 14:00:00+09:00,1072.0,1074.0,1069.0,1071.0,5100,0.0,0.0
2024-02-26 09:00:00+09:00,1071.0,1074.0,1067.0,1067.0,10400,0.0,0.0
2024-02-26 10:00:00+09:00,1070.0,1070.0,1070.0,1070.0,700,0.0,0.0
2024-02-26 11:00:00+09:00,1070.0,1070.0,1063.0,1063.0,0,0.0,0.0
2024-02-26 12:00:00+09:00,1063.0,1065.0,1059.0,1060.0,16500,0.0,0.0
2024-02-26 13:00:00+09:00,1059.0,1059.0,1057.0,1059.0,1300,0.0,0.0
2024-02-26 14:00:00+09:00,1059.0,1061.0,1055.0,1055.0,2300,0.0,0.0
2024-02-27 09:00:00+09:00,1053.0,1062.0,1053.0,1062.0,4300,0.0,0.0
2024-02-27 10:00:00+09:00,1063.0,1063.0,1058.0,1062.0,1300,0.0,0.0
2024-02-27 11:00:00+09:00,1059.0,1059.0,1059.0,1059.0,0,0.0,0.0
2024-02-27 12:00:00+09:00,1060.0,1066.0,1055.0,1056.0,7900,0.0,0.0
2024-02-27 13:00:00+09:00,1056.0,1056.0,1053.0,1054.0,1900,0.0,0.0
2024-02-27 14:00:00+09:00,1052.0,1056.0,1050.0,1051.0,4000,0.0,0.0
2024-02-28 09:00:00+09:00,1056.0,1063.0,1050.0,1062.0,1700,0.0,0.0
2024-02-28 10:00:00+09:00,1059.0,1063.0,1056.0,1060.0,2500,0.0,0.0
2024-02-28 11:00:00+09:00,1056.0,1060.0,1055.0,1060.0,0,0.0,0.0
2024-02-28 12:00:00+09:00,1053.0,1063.0,1053.0,1058.0,7300,0.0,0.0
2024-02-28 13:00:00+09:00,1059.0,1059.0,1053.0,1053.0,1100,0.0,0.0
2024-02-28 14:00:00+09:00,1054.0,1056.0,1051.0,1051.0,2900,0.0,0.0
2024-02-29 09:00:00+09:00,1052.0,1052.0,1039.0,1042.0,5000,0.0,0.0
2024-02-29 10:00:00+09:00,1042.0,1043.0,1038.0,1039.0,1500,0.0,0.0
2024-02-29 11:00:00+09:00,1039.0,1042.0,1038.0,1039.0,0,0.0,0.0
2024-02-29 12:00:00+09:00,1049.0,1051.0,1041.0,1044.0,11000,0.0,0.0
2024-02-29 13:00:00+09:00,1046.0,1062.0,1046.0,1059.0,7100,0.0,0.0
2024-02-29 14:00:00+09:00,1060.0,1063.0,1057.0,1063.0,2300,0.0,0.0
2024-03-01 09:00:00+09:00,1062.0,1066.0,1055.0,1059.0,3100,0.0,0.0
2024-03-01 10:00:00+09:00,1056.0,1058.0,1054.0,1054.0,3500,0.0,0.0
2024-03-01 11:00:00+09:00,1053.0,1053.0,1051.0,1053.0,0,0.0,0.0
2024-03-01 12:00:00+09:00,1053.0,1053.0,1051.0,1053.0,8700,0.0,0.0
2024-03-01 13:00:00+09:00,1054.0,1054.0,1052.0,1053.0,1600,0.0,0.0
2024-03-01 14:00:00+09:00,1053.0,1055.0,1050.0,1051.0,0,0.0,0.0
2024-03-04 09:00:00+09:00,1063.0,1063.0,1046.0,1048.0,5500,0.0,0.0
2024-03-04 10:00:00+09:00,1050.0,1053.0,1047.0,1047.0,2800,0.0,0.0
2024-03-04 11:00:00+09:00,1047.0,1047.0,1043.0,1043.0,0,0.0,0.0
2024-03-04 12:00:00+09:00,1043.0,1043.0,1040.0,1041.0,12900,0.0,0.0
2024-03-04 13:00:00+09:00,1042.0,1042.0,1040.0,1041.0,700,0.0,0.0
2024-03-04 14:00:00+09:00,1042.0,1042.0,1038.0,1041.0,2400,0.0,0.0
2024-03-05 09:00:00+09:00,1039.0,1047.0,1034.0,1047.0,6600,0.0,0.0
2024-03-05 11:00:00+09:00,1044.0,1044.0,1041.0,1041.0,0,0.0,0.0
2024-03-05 12:00:00+09:00,1041.0,1041.0,1040.0,1040.0,8400,0.0,0.0
2024-03-05 13:00:00+09:00,1039.0,1044.0,1038.0,1041.0,3000,0.0,0.0
2024-03-05 14:00:00+09:00,1042.0,1043.0,1040.0,1043.0,1300,0.0,0.0
2024-03-06 09:00:00+09:00,1043.0,1056.0,1043.0,1049.0,7400,0.0,0.0
2024-03-06 10:00:00+09:00,1050.0,1050.0,1049.0,1049.0,300,0.0,0.0
2024-03-06 11:00:00+09:00,1051.0,1056.0,1051.0,1054.0,0,0.0,0.0
2024-03-06 12:00:00+09:00,1054.0,1057.0,1047.0,1055.0,11800,0.0,0.0
2024-03-06 13:00:00+09:00,1054.0,1060.0,1054.0,1057.0,2000,0.0,0.0
2024-03-06 14:00:00+09:00,1058.0,1066.0,1058.0,1066.0,2100,0.0,0.0
2024-03-07 09:00:00+09:00,1069.0,1069.0,1061.0,1067.0,1300,0.0,0.0
2024-03-07 10:00:00+09:00,1062.0,1064.0,1056.0,1056.0,3300,0.0,0.0
2024-03-07 11:00:00+09:00,1055.0,1055.0,1052.0,1054.0,0,0.0,0.0
2024-03-07 12:00:00+09:00,1053.0,1055.0,1047.0,1048.0,8500,0.0,0.0
2024-03-07 13:00:00+09:00,1050.0,1053.0,1046.0,1053.0,1600,0.0,0.0
2024-03-07 14:00:00+09:00,1052.0,1054.0,1049.0,1054.0,900,0.0,0.0
2024-03-08 09:00:00+09:00,1049.0,1054.0,1049.0,1054.0,2300,0.0,0.0
2024-03-08 10:00:00+09:00,1056.0,1057.0,1056.0,1057.0,700,0.0,0.0
2024-03-08 11:00:00+09:00,1056.0,1059.0,1056.0,1058.0,0,0.0,0.0
2024-03-08 12:00:00+09:00,1058.0,1061.0,1058.0,1058.0,7600,0.0,0.0
2024-03-08 13:00:00+09:00,1062.0,1065.0,1062.0,1062.0,800,0.0,0.0
2024-03-08 14:00:00+09:00,1064.0,1065.0,1058.0,1062.0,4100,0.0,0.0
2024-03-11 09:00:00+09:00,1057.0,1057.0,1047.0,1047.0,4200,0.0,0.0
2024-03-11 10:00:00+09:00,1047.0,1049.0,1047.0,1048.0,1100,0.0,0.0
2024-03-11 11:00:00+09:00,1048.0,1048.0,1046.0,1047.0,0,0.0,0.0
2024-03-11 12:00:00+09:00,1049.0,1049.0,1043.0,1043.0,8100,0.0,0.0
2024-03-11 13:00:00+09:00,1043.0,1044.0,1037.0,1039.0,6600,0.0,0.0
2024-03-11 14:00:00+09:00,1043.0,1047.0,1039.0,1047.0,1400,0.0,0.0
2024-03-12 09:00:00+09:00,1047.0,1047.0,1038.0,1045.0,2500,0.0,0.0
2024-03-12 11:00:00+09:00,1046.0,1046.0,1046.0,1046.0,0,0.0,0.0
2024-03-12 12:00:00+09:00,1046.0,1051.0,1046.0,1047.0,4000,0.0,0.0
2024-03-12 13:00:00+09:00,1051.0,1057.0,1051.0,1053.0,1800,0.0,0.0
2024-03-12 14:00:00+09:00,1057.0,1057.0,1055.0,1055.0,1000,0.0,0.0
2024-03-13 09:00:00+09:00,1060.0,1061.0,1055.0,1055.0,400,0.0,0.0
2024-03-13 10:00:00+09:00,1059.0,1060.0,1052.0,1052.0,1100,0.0,0.0
2024-03-13 11:00:00+09:00,1051.0,1051.0,1048.0,1048.0,0,0.0,0.0
2024-03-13 12:00:00+09:00,1050.0,1053.0,1044.0,1044.0,3600,0.0,0.0
2024-03-13 13:00:00+09:00,1045.0,1052.0,1045.0,1052.0,700,0.0,0.0
2024-03-13 14:00:00+09:00,1046.0,1049.0,1044.0,1049.0,400,0.0,0.0
2024-03-14 09:00:00+09:00,1054.0,1055.0,1050.0,1050.0,1100,0.0,0.0
2024-03-14 10:00:00+09:00,1049.0,1052.0,1047.0,1048.0,5700,0.0,0.0
2024-03-14 11:00:00+09:00,1048.0,1051.0,1048.0,1051.0,0,0.0,0.0
2024-03-14 12:00:00+09:00,1051.0,1055.0,1051.0,1055.0,8600,0.0,0.0
2024-03-14 13:00:00+09:00,1055.0,1058.0,1051.0,1057.0,1700,0.0,0.0
2024-03-14 14:00:00+09:00,1053.0,1058.0,1050.0,1058.0,1900,0.0,0.0
2024-03-15 09:00:00+09:00,1059.0,1059.0,1053.0,1053.0,2000,0.0,0.0
2024-03-15 10:00:00+09:00,1053.0,1053.0,1052.0,1052.0,600,0.0,0.0
2024-03-15 11:00:00+09:00,1055.0,1061.0,1055.0,1058.0,0,0.0,0.0
2024-03-15 12:00:00+09:00,1061.0,1061.0,1056.0,1057.0,4500,0.0,0.0
2024-03-15 13:00:00+09:00,1056.0,1061.0,1056.0,1057.0,3300,0.0,0.0
2024-03-15 14:00:00+09:00,1056.0,1061.0,1056.0,1056.0,3700,0.0,0.0
2024-03-18 09:00:00+09:00,1062.0,1074.0,1057.0,1074.0,7300,0.0,0.0
2024-03-18 10:00:00+09:00,1073.0,1079.0,1065.0,1065.0,8300,0.0,0.0
2024-03-18 11:00:00+09:00,1067.0,1075.0,1063.0,1074.0,0,0.0,0.0
2024-03-18 12:00:00+09:00,1075.0,1078.0,1075.0,1077.0,19000,0.0,0.0
2024-03-18 13:00:00+09:00,1079.0,1080.0,1077.0,1080.0,2400,0.0,0.0
2024-03-18 14:00:00+09:00,1077.0,1079.0,1075.0,1075.0,900,0.0,0.0
2024-03-19 09:00:00+09:00,1080.0,1081.0,1073.0,1079.0,2500,0.0,0.0
2024-03-19 10:00:00+09:00,1075.0,1075.0,1062.0,1062.0,4600,0.0,0.0
2024-03-19 11:00:00+09:00,1064.0,1067.0,1062.0,1063.0,0,0.0,0.0
2024-03-19 12:00:00+09:00,1065.0,1068.0,1062.0,1068.0,10300,0.0,0.0
2024-03-19 13:00:00+09:00,1069.0,1075.0,1066.0,1073.0,3500,0.0,0.0
2024-03-19 14:00:00+09:00,1073.0,1079.0,1073.0,1079.0,2200,0.0,0.0
2024-03-21 09:00:00+09:00,1081.0,1090.0,1081.0,1084.0,6700,0.0,0.0
2024-03-21 10:00:00+09:00,1089.0,1089.0,1084.0,1084.0,2300,0.0,0.0
2024-03-21 11:00:00+09:00,1085.0,1090.0,1085.0,1090.0,0,0.0,0.0
2024-03-21 12:00:00+09:00,1091.0,1092.0,1090.0,1090.0,13600,0.0,0.0
2024-03-21 13:00:00+09:00,1093.0,1093.0,1093.0,1093.0,200,0.0,0.0
2024-03-21 14:00:00+09:00,1091.0,1101.0,1090.0,1100.0,7000,0.0,0.0
2024-03-22 09:00:00+09:00,1108.0,1109.0,1093.0,1093.0,11000,0.0,0.0
2024-03-22 10:00:00+09:00,1096.0,1101.0,1096.0,1099.0,1900,0.0,0.0
2024-03-22 11:00:00+09:00,1097.0,1097.0,1095.0,1097.0,0,0.0,0.0
2024-03-22 12:00:00+09:00,1101.0,1107.0,1097.0,1107.0,18100,0.0,0.0
2024-03-22 13:00:00+09:00,1107.0,1107.0,1102.0,1107.0,600,0.0,0.0
2024-03-22 14:00:00+09:00,1107.0,1108.0,1102.0,1108.0,2100,0.0,0.0
2024-03-25 09:00:00+09:00,1108.0,1108.0,1097.0,1101.0,11200,0.0,0.0
2024-03-25 10:00:00+09:00,1103.0,1103.0,1095.0,1096.0,3700,0.0,0.0
2024-03-25 11:00:00+09:00,1096.0,1096.0,1095.0,1096.0,0,0.0,0.0
2024-03-25 12:00:00+09:00,1096.0,1104.0,1096.0,1100.0,19600,0.0,0.0
2024-03-25 13:00:00+09:00,1100.0,1102.0,1100.0,1100.0,300,0.0,0.0
2024-03-25 14:00:00+09:00,1102.0,1104.0,1096.0,1101.0,4700,0.0,0.0
2024-03-26 09:00:00+09:00,1099.0,1101.0,1097.0,1099.0,1500,0.0,0.0
2024-03-26 10:00:00+09:00,1099.0,1101.0,1099.0,1101.0,1300,0.0,0.0
2024-03-26 11:00:00+09:00,1101.0,1102.0,1098.0,1101.0,0,0.0,0.0
2024-03-26 12:00:00+09:00,1103.0,1106.0,1101.0,1101.0,3900,0.0,0.0
2024-03-26 13:00:00+09:00,1103.0,1112.0,1103.0,1109.0,6800,0.0,0.0
2024-03-26 14:00:00+09:00,1111.0,1111.0,1108.0,1111.0,1200,0.0,0.0
2024-03-27 09:00:00+09:00,1102.0,1114.0,1102.0,1108.0,7700,0.0,0.0
2024-03-27 10:00:00+09:00,1109.0,1109.0,1089.0,1098.0,12600,0.0,0.0
2024-03-27 11:00:00+09:00,1099.0,1099.0,1093.0,1093.0,0,0.0,0.0
2024-03-27 12:00:00+09:00,1099.0,1103.0,1095.0,1103.0,22800,0.0,0.0
2024-03-27 13:00:00+09:00,1096.0,1098.0,1088.0,1098.0,8700,0.0,0.0
2024-03-27 14:00:00+09:00,1095.0,1102.0,1094.0,1102.0,3600,0.0,0.0
2024-03-28 09:00:00+09:00,1088.0,1090.0,1085.0,1085.0,14300,0.0,0.0
2024-03-28 10:00:00+09:00,1084.0,1085.0,1084.0,1085.0,1100,0.0,0.0
2024-03-28 11:00:00+09:00,1084.0,1084.0,1083.0,1084.0,0,0.0,0.0
2024-03-28 12:00:00+09:00,1085.0,1085.0,1074.0,1074.0,18900,0.0,0.0
2024-03-28 13:00:00+09:00,1074.0,1083.0,1072.0,1083.0,2400,0.0,0.0
2024-03-28 14:00:00+09:00,1078.0,1078.0,1065.0,1075.0,10600,0.0,0.0
2024-03-29 09:00:00+09:00,1075.0,1088.0,1075.0,1088.0,7300,0.0,0.0
2024-03-29 11:00:00+09:00,1081.0,1087.0,1081.0,1087.0,0,0.0,0.0
2024-03-29 12:00:00+09:00,1087.0,1112.0,1085.0,1111.0,18900,0.0,0.0
2024-03-29 13:00:00+09:00,1110.0,1117.0,1103.0,1103.0,6600,0.0,0.0
2024-03-29 14:00:00+09:00,1106.0,1106.0,1101.0,1106.0,600,0.0,0.0
2024-04-01 09:00:00+09:00,1110.0,1110.0,1098.0,1100.0,3000,0.0,0.0
2024-04-01 10:00:00+09:00,1100.0,1100.0,1087.0,1087.0,3200,0.0,0.0
2024-04-01 11:00:00+09:00,1086.0,1086.0,1079.0,1082.0,0,0.0,0.0
2024-04-01 12:00:00+09:00,1085.0,1090.0,1085.0,1089.0,10900,0.0,0.0
2024-04-01 13:00:00+09:00,1088.0,1088.0,1085.0,1086.0,500,0.0,0.0
2024-04-01 14:00:00+09:00,1085.0,1091.0,1081.0,1084.0,2300,0.0,0.0
2024-04-02 09:00:00+09:00,1091.0,1094.0,1086.0,1094.0,1000,0.0,0.0
2024-04-02 10:00:00+09:00,1087.0,1087.0,1083.0,1083.0,900,0.0,0.0
2024-04-02 11:00:00+09:00,1082.0,1082.0,1079.0,1082.0,0,0.0,0.0
2024-04-02 12:00:00+09:00,1086.0,1090.0,1083.0,1083.0,6300,0.0,0.0
2024-04-02 13:00:00+09:00,1084.0,1090.0,1083.0,1085.0,700,0.0,0.0
2024-04-02 14:00:00+09:00,1088.0,1088.0,1083.0,1083.0,1200,0.0,0.0
2024-04-03 09:00:00+09:00,1084.0,1103.0,1080.0,1103.0,0,0.0,0.0
2024-04-03 10:00:00+09:00,1104.0,1109.0,1101.0,1105.0,9200,0.0,0.0
2024-04-03 11:00:00+09:00,1105.0,1108.0,1103.0,1103.0,0,0.0,0.0
2024-04-03 12:00:00+09:00,1108.0,1111.0,1105.0,1110.0,12200,0.0,0.0
2024-04-03 13:00:00+09:00,1110.0,1110.0,1100.0,1103.0,1500,0.0,0.0
2024-04-03 14:00:00+09:00,1101.0,1107.0,1101.0,1102.0,1800,0.0,0.0
2024-04-04 09:00:00+09:00,1099.0,1103.0,1096.0,1096.0,3000,0.0,0.0
2024-04-04 10:00:00+09:00,1095.0,1103.0,1094.0,1103.0,1000,0.0,0.0
2024-04-04 11:00:00+09:00,1097.0,1102.0,1094.0,1102.0,0,0.0,0.0
2024-04-04 12:00:00+09:00,1102.0,1110.0,1101.0,1101.0,7800,0.0,0.0
2024-04-04 13:00:00+09:00,1100.0,1104.0,1098.0,1104.0,1500,0.0,0.0
2024-04-04 14:00:00+09:00,1102.0,1109.0,1099.0,1109.0,2500,0.0,0.0
2024-04-05 09:00:00+09:00,1109.0,1122.0,1094.0,1113.0,9400,0.0,0.0
2024-04-05 10:00:00+09:00,1111.0,1113.0,1103.0,1113.0,1600,0.0,0.0
2024-04-05 11:00:00+09:00,1113.0,1113.0,1113.0,1113.0,0,0.0,0.0
2024-04-05 12:00:00+09:00,1112.0,1112.0,1105.0,1110.0,13200,0.0,0.0
2024-04-05 13:00:00+09:00,1111.0,1115.0,1107.0,1110.0,1400,0.0,0.0
2024-04-05 14:00:00+09:00,1111.0,1150.0,1111.0,1149.0,30000,0.0,0.0
2024-04-08 09:00:00+09:00,1143.0,1143.0,1119.0,1126.0,19200,0.0,0.0
2024-04-08 10:00:00+09:00,1121.0,1136.0,1118.0,1123.0,5200,0.0,0.0
2024-04-08 11:00:00+09:00,1123.0,1124.0,1122.0,1124.0,0,0.0,0.0
2024-04-08 12:00:00+09:00,1121.0,1121.0,1115.0,1117.0,30600,0.0,0.0
2024-04-08 13:00:00+09:00,1117.0,1121.0,1114.0,1115.0,2700,0.0,0.0
2024-04-08 14:00:00+09:00,1116.0,1121.0,1112.0,1118.0,6000,0.0,0.0
2024-04-09 09:00:00+09:00,1124.0,1124.0,1112.0,1119.0,3100,0.0,0.0
2024-04-09 10:00:00+09:00,1112.0,1115.0,1112.0,1115.0,1700,0.0,0.0
2024-04-09 11:00:00+09:00,1118.0,1118.0,1114.0,1114.0,0,0.0,0.0
2024-04-09 12:00:00+09:00,1114.0,1118.0,1113.0,1116.0,6900,0.0,0.0
2024-04-09 13:00:00+09:00,1119.0,1119.0,1116.0,1119.0,1400,0.0,0.0
2024-04-09 14:00:00+09:00,1114.0,1119.0,1113.0,1119.0,1800,0.0,0.0
2024-04-10 09:00:00+09:00,1113.0,1153.0,1113.0,1153.0,30200,0.0,0.0
2024-04-10 10:00:00+09:00,1150.0,1150.0,1143.0,1144.0,3500,0.0,0.0
2024-04-10 11:00:00+09:00,1143.0,1144.0,1140.0,1140.0,0,0.0,0.0
2024-04-10 12:00:00+09:00,1140.0,1140.0,1136.0,1138.0,36100,0.0,0.0
2024-04-10 13:00:00+09:00,1138.0,1141.0,1134.0,1136.0,1800,0.0,0.0
2024-04-10 14:00:00+09:00,1134.0,1136.0,1130.0,1135.0,1600,0.0,0.0
2024-04-11 09:00:00+09:00,1135.0,1135.0,1119.0,1121.0,3300,0.0,0.0
2024-04-11 10:00:00+09:00,1122.0,1124.0,1119.0,1119.0,800,0.0,0.0
2024-04-11 11:00:00+09:00,1120.0,1120.0,1120.0,1120.0,0,0.0,0.0
2024-04-11 12:00:00+09:00,1120.0,1123.0,1120.0,1123.0,4900,0.0,0.0
2024-04-11 13:00:00+09:00,1122.0,1130.0,1121.0,1125.0,2000,0.0,0.0
2024-04-11 14:00:00+09:00,1122.0,1123.0,1120.0,1120.0,3000,0.0,0.0
2024-04-12 09:00:00+09:00,1121.0,1123.0,1114.0,1114.0,5900,0.0,0.0
2024-04-12 10:00:00+09:00,1114.0,1115.0,1111.0,1111.0,3800,0.0,0.0
2024-04-12 11:00:00+09:00,1112.0,1112.0,1108.0,1108.0,0,0.0,0.0
2024-04-12 12:00:00+09:00,1108.0,1118.0,1108.0,1110.0,16800,0.0,0.0
2024-04-12 13:00:00+09:00,1115.0,1117.0,1110.0,1116.0,1100,0.0,0.0
2024-04-12 14:00:00+09:00,1117.0,1118.0,1113.0,1115.0,600,0.0,0.0
2024-04-15 09:00:00+09:00,1116.0,1116.0,1109.0,1113.0,3000,0.0,0.0
2024-04-15 10:00:00+09:00,1113.0,1126.0,1112.0,1121.0,2800,0.0,0.0
2024-04-15 11:00:00+09:00,1126.0,1127.0,1122.0,1125.0,0,0.0,0.0
2024-04-15 12:00:00+09:00,1127.0,1127.0,1120.0,1120.0,9300,0.0,0.0
2024-04-15 13:00:00+09:00,1119.0,1121.0,1118.0,1118.0,1000,0.0,0.0
2024-04-15 14:00:00+09:00,1117.0,1117.0,1110.0,1112.0,2000,0.0,0.0
2024-04-16 09:00:00+09:00,1108.0,1108.0,1096.0,1096.0,7400,0.0,0.0
2024-04-16 10:00:00+09:00,1098.0,1098.0,1095.0,1095.0,400,0.0,0.0
2024-04-16 11:00:00+09:00,1100.0,1100.0,1096.0,1096.0,0,0.0,0.0
2024-04-16 12:00:00+09:00,1095.0,1099.0,1088.0,1090.0,12800,0.0,0.0
2024-04-16 13:00:00+09:00,1091.0,1093.0,1088.0,1093.0,1100,0.0,0.0
2024-04-16 14:00:00+09:00,1093.0,1096.0,1093.0,1096.0,600,0.0,0.0
2024-04-17 09:00:00+09:00,1096.0,1108.0,1092.0,1099.0,0,0.0,0.0
2024-04-17 10:00:00+09:00,1093.0,1093.0,1086.0,1089.0,6600,0.0,0.0
2024-04-17 11:00:00+09:00,1093.0,1093.0,1090.0,1090.0,0,0.0,0.0
2024-04-17 12:00:00+09:00,1093.0,1094.0,1086.0,1094.0,10200,0.0,0.0
2024-04-17 13:00:00+09:00,1090.0,1090.0,1089.0,1090.0,300,0.0,0.0
2024-04-17 14:00:00+09:00,1091.0,1092.0,1089.0,1089.0,800,0.0,0.0
2024-04-18 09:00:00+09:00,1094.0,1094.0,1087.0,1089.0,300,0.0,0.0
2024-04-18 10:00:00+09:00,1092.0,1096.0,1090.0,1096.0,300,0.0,0.0
2024-04-18 11:00:00+09:00,1096.0,1096.0,1096.0,1096.0,0,0.0,0.0
2024-04-18 12:00:00+09:00,1095.0,1100.0,1089.0,1100.0,2800,0.0,0.0
2024-04-18 13:00:00+09:00,1094.0,1097.0,1092.0,1093.0,500,0.0,0.0
2024-04-18 14:00:00+09:00,1093.0,1097.0,1091.0,1097.0,1300,0.0,0.0
2024-04-19 09:00:00+09:00,1082.0,1097.0,1082.0,1092.0,800,0.0,0.0
2024-04-19 10:00:00+09:00,1091.0,1107.0,1091.0,1095.0,0,0.0,0.0
2024-04-19 11:00:00+09:00,1096.0,1096.0,1090.0,1090.0,0,0.0,0.0
2024-04-19 12:00:00+09:00,1097.0,1097.0,1091.0,1094.0,5300,0.0,0.0
2024-04-19 13:00:00+09:00,1090.0,1092.0,1089.0,1089.0,400,0.0,0.0
2024-04-19 14:00:00+09:00,1089.0,1095.0,1087.0,1087.0,1600,0.0,0.0
2024-04-22 09:00:00+09:00,1096.0,1105.0,1096.0,1098.0,0,0.0,0.0
2024-04-22 10:00:00+09:00,1097.0,1105.0,1097.0,1105.0,3600,0.0,0.0
2024-04-22 11:00:00+09:00,1099.0,1099.0,1097.0,1097.0,0,0.0,0.0
2024-04-22 12:00:00+09:00,1104.0,1104.0,1097.0,1102.0,4600,0.0,0.0
2024-04-22 13:00:00+09:00,1102.0,1106.0,1102.0,1105.0,1200,0.0,0.0
2024-04-22 14:00:00+09:00,1107.0,1109.0,1099.0,1109.0,1800,0.0,0.0
2024-04-23 09:00:00+09:00,1110.0,1132.0,1108.0,1127.0,12400,0.0,0.0
2024-04-23 10:00:00+09:00,1125.0,1129.0,1123.0,1129.0,800,0.0,0.0
2024-04-23 11:00:00+09:00,1126.0,1126.0,1126.0,1126.0,0,0.0,0.0
2024-04-23 12:00:00+09:00,1126.0,1130.0,1124.0,1128.0,15100,0.0,0.0
2024-04-23 13:00:00+09:00,1128.0,1130.0,1127.0,1127.0,900,0.0,0.0
2024-04-23 14:00:00+09:00,1130.0,1132.0,1128.0,1128.0,2000,0.0,0.0
2024-04-24 09:00:00+09:00,1130.0,1142.0,1130.0,1132.0,8100,0.0,0.0
2024-04-24 10:00:00+09:00,1132.0,1135.0,1131.0,1135.0,600,0.0,0.0
2024-04-24 11:00:00+09:00,1138.0,1148.0,1138.0,1146.0,0,0.0,0.0
2024-04-24 12:00:00+09:00,1143.0,1160.0,1143.0,1158.0,37900,0.0,0.0
2024-04-24 13:00:00+09:00,1157.0,1158.0,1156.0,1156.0,1800,0.0,0.0
2024-04-24 14:00:00+09:00,1158.0,1160.0,1158.0,1159.0,4100,0.0,0.0
2024-04-25 09:00:00+09:00,1160.0,1162.0,1152.0,1152.0,24500,0.0,0.0
2024-04-25 10:00:00+09:00,1151.0,1151.0,1142.0,1142.0,2400,0.0,0.0
2024-04-25 11:00:00+09:00,1141.0,1141.0,1138.0,1139.0,0,0.0,0.0
2024-04-25 12:00:00+09:00,1139.0,1140.0,1139.0,1140.0,28700,0.0,0.0
2024-04-25 13:00:00+09:00,1142.0,1146.0,1141.0,1141.0,0,0.0,0.0
2024-04-25 14:00:00+09:00,1140.0,1140.0,1127.0,1140.0,34500,0.0,0.0
2024-04-26 09:00:00+09:00,1144.0,1144.0,1131.0,1131.0,3600,0.0,0.0
2024-04-26 10:00:00+09:00,1133.0,1138.0,1129.0,1138.0,1200,0.0,0.0
2024-04-26 11:00:00+09:00,1138.0,1138.0,1138.0,1138.0,0,0.0,0.0
2024-04-26 12:00:00+09:00,1138.0,1138.0,1138.0,1138.0,5300,0.0,0.0
2024-04-26 13:00:00+09:00,1128.0,1131.0,1128.0,1128.0,500,0.0,0.0
2024-04-26 14:00:00+09:00,1129.0,1129.0,1113.0,1113.0,6000,0.0,0.0
2024-04-30 09:00:00+09:00,1103.0,1110.0,1103.0,1107.0,0,0.0,0.0
2024-04-30 10:00:00+09:00,1106.0,1108.0,1104.0,1105.0,8000,0.0,0.0
2024-04-30 11:00:00+09:00,1106.0,1106.0,1105.0,1105.0,0,0.0,0.0
2024-04-30 12:00:00+09:00,1104.0,1107.0,1104.0,1107.0,8700,0.0,0.0
2024-04-30 13:00:00+09:00,1106.0,1108.0,1100.0,1105.0,2900,0.0,0.0
2024-04-30 14:00:00+09:00,1106.0,1108.0,1100.0,1108.0,2000,0.0,0.0
2024-05-01 09:00:00+09:00,1102.0,1104.0,1102.0,1102.0,1800,0.0,0.0
2024-05-01 10:00:00+09:00,1103.0,1103.0,1101.0,1101.0,800,0.0,0.0
2024-05-01 11:00:00+09:00,1101.0,1101.0,1101.0,1101.0,0,0.0,0.0
2024-05-01 12:00:00+09:00,1101.0,1101.0,1100.0,1100.0,3700,0.0,0.0
2024-05-01 13:00:00+09:00,1100.0,1101.0,1100.0,1100.0,2600,0.0,0.0
2024-05-01 14:00:00+09:00,1100.0,1101.0,1100.0,1100.0,600,0.0,0.0
2024-05-02 09:00:00+09:00,1091.0,1093.0,1074.0,1086.0,11800,0.0,0.0
2024-05-02 10:00:00+09:00,1087.0,1092.0,1087.0,1092.0,3300,0.0,0.0
2024-05-02 11:00:00+09:00,1092.0,1094.0,1089.0,1089.0,0,0.0,0.0
2024-05-02 12:00:00+09:00,1093.0,1093.0,1089.0,1089.0,16700,0.0,0.0
2024-05-02 14:00:00+09:00,1089.0,1089.0,1085.0,1086.0,4000,0.0,0.0
2024-05-07 09:00:00+09:00,1091.0,1106.0,1090.0,1102.0,6000,0.0,0.0
2024-05-07 10:00:00+09:00,1106.0,1110.0,1103.0,1109.0,1000,0.0,0.0
2024-05-07 11:00:00+09:00,1102.0,1102.0,1102.0,1102.0,0,0.0,0.0
2024-05-07 12:00:00+09:00,1105.0,1105.0,1105.0,1105.0,7400,0.0,0.0
2024-05-07 13:00:00+09:00,1109.0,1109.0,1098.0,1102.0,1300,0.0,0.0
2024-05-07 14:00:00+09:00,1100.0,1108.0,1099.0,1108.0,600,0.0,0.0
2024-05-08 09:00:00+09:00,1105.0,1112.0,1105.0,1108.0,8000,0.0,0.0
2024-05-08 10:00:00+09:00,1107.0,1107.0,1106.0,1106.0,200,0.0,0.0
2024-05-08 11:00:00+09:00,1106.0,1106.0,1106.0,1106.0,0,0.0,0.0
2024-05-08 12:00:00+09:00,1110.0,1110.0,1110.0,1110.0,8900,0.0,0.0
2024-05-08 13:00:00+09:00,1105.0,1105.0,1104.0,1104.0,700,0.0,0.0
2024-05-08 14:00:00+09:00,1104.0,1105.0,1104.0,1105.0,500,0.0,0.0
2024-05-09 09:00:00+09:00,1113.0,1113.0,1101.0,1105.0,600,0.0,0.0
2024-05-09 10:00:00+09:00,1101.0,1104.0,1100.0,1102.0,800,0.0,0.0
2024-05-09 11:00:00+09:00,1102.0,1102.0,1102.0,1102.0,0,0.0,0.0
2024-05-09 12:00:00+09:00,1105.0,1105.0,1102.0,1105.0,2200,0.0,0.0
2024-05-09 13:00:00+09:00,1105.0,1150.0,1104.0,1148.0,14300,0.0,0.0
2024-05-09 14:00:00+09:00,1148.0,1160.0,1147.0,1159.0,10300,0.0,0.0
2024-05-10 09:00:00+09:00,1159.0,1160.0,1156.0,1156.0,11400,0.0,0.0
2024-05-10 10:00:00+09:00,1157.0,1157.0,1150.0,1151.0,900,0.0,0.0
2024-05-10 11:00:00+09:00,1151.0,1152.0,1151.0,1152.0,0,0.0,0.0
2024-05-10 12:00:00+09:00,1148.0,1148.0,1143.0,1143.0,13100,0.0,0.0
2024-05-10 13:00:00+09:00,1141.0,1141.0,1140.0,1140.0,1200,0.0,0.0
2024-05-10 14:00:00+09:00,1137.0,1140.0,1135.0,1140.0,600,0.0,0.0
2024-05-13 09:00:00+09:00,1134.0,1134.0,1131.0,1131.0,800,0.0,0.0
2024-05-13 10:00:00+09:00,1130.0,1135.0,1130.0,1135.0,300,0.0,0.0
2024-05-13 11:00:00+09:00,1131.0,1131.0,1131.0,1131.0,0,0.0,0.0
2024-05-13 12:00:00+09:00,1141.0,1141.0,1130.0,1130.0,2200,0.0,0.0
2024-05-13 13:00:00+09:00,1129.0,1130.0,1129.0,1130.0,500,0.0,0.0
2024-05-13 14:00:00+09:00,1125.0,1125.0,1125.0,1125.0,100,0.0,0.0
2024-05-14 09:00:00+09:00,1128.0,1139.0,1126.0,1139.0,1400,0.0,0.0
2024-05-14 10:00:00+09:00,1130.0,1135.0,1126.0,1128.0,800,0.0,0.0
2024-05-14 11:00:00+09:00,1127.0,1127.0,1127.0,1127.0,0,0.0,0.0
2024-05-14 12:00:00+09:00,1131.0,1131.0,1126.0,1131.0,3600,0.0,0.0
2024-05-14 14:00:00+09:00,1127.0,1150.0,1127.0,1139.0,6700,0.0,0.0
2024-05-15 09:00:00+09:00,1150.0,1150.0,1145.0,1149.0,3300,0.0,0.0
2024-05-15 10:00:00+09:00,1149.0,1158.0,1149.0,1150.0,3100,0.0,0.0
2024-05-15 11:00:00+09:00,1152.0,1158.0,1151.0,1155.0,0,0.0,0.0
2024-05-15 12:00:00+09:00,1155.0,1166.0,1149.0,1165.0,17100,0.0,0.0
2024-05-15 13:00:00+09:00,1160.0,1177.0,1157.0,1176.0,10700,0.0,0.0
2024-05-15 14:00:00+09:00,1160.0,1165.0,1125.0,1158.0,22700,0.0,0.0
2024-05-16 09:00:00+09:00,1142.0,1158.0,1140.0,1140.0,4100,0.0,0.0
2024-05-16 10:00:00+09:00,1144.0,1144.0,1128.0,1128.0,1800,0.0,0.0
2024-05-16 11:00:00+09:00,1128.0,1128.0,1120.0,1120.0,0,0.0,0.0
2024-05-16 12:00:00+09:00,1134.0,1134.0,1120.0,1134.0,8300,0.0,0.0
2024-05-16 13:00:00+09:00,1130.0,1132.0,1128.0,1130.0,1200,0.0,0.0
2024-05-16 14:00:00+09:00,1135.0,1140.0,1130.0,1140.0,1600,0.0,0.0
2024-05-17 09:00:00+09:00,1125.0,1125.0,1122.0,1122.0,800,0.0,0.0
2024-05-17 10:00:00+09:00,1120.0,1120.0,1111.0,1111.0,1900,0.0,0.0
2024-05-17 11:00:00+09:00,1111.0,1111.0,1111.0,1111.0,0,0.0,0.0
2024-05-17 12:00:00+09:00,1111.0,1116.0,1110.0,1116.0,3500,0.0,0.0
2024-05-17 13:00:00+09:00,1109.0,1109.0,1108.0,1108.0,300,0.0,0.0
2024-05-17 14:00:00+09:00,1108.0,1108.0,1102.0,1104.0,2000,0.0,0.0
2024-05-20 09:00:00+09:00,1102.0,1108.0,1101.0,1103.0,2500,0.0,0.0
2024-05-20 10:00:00+09:00,1110.0,1135.0,1110.0,1130.0,8100,0.0,0.0
2024-05-20 11:00:00+09:00,1135.0,1136.0,1135.0,1136.0,0,0.0,0.0
2024-05-20 12:00:00+09:00,1133.0,1135.0,1131.0,1131.0,12400,0.0,0.0
2024-05-20 13:00:00+09:00,1131.0,1131.0,1131.0,1131.0,200,0.0,0.0
2024-05-20 14:00:00+09:00,1133.0,1134.0,1128.0,1134.0,1500,0.0,0.0
2024-05-21 09:00:00+09:00,1137.0,1137.0,1137.0,1137.0,600,0.0,0.0
2024-05-21 10:00:00+09:00,1131.0,1131.0,1131.0,1131.0,200,0.0,0.0
2024-05-21 11:00:00+09:00,1132.0,1137.0,1132.0,1137.0,0,0.0,0.0
2024-05-21 12:00:00+09:00,1131.0,1131.0,1129.0,1129.0,3500,0.0,0.0
2024-05-21 13:00:00+09:00,1127.0,1127.0,1125.0,1125.0,500,0.0,0.0
2024-05-21 14:00:00+09:00,1125.0,1160.0,1125.0,1160.0,11700,0.0,0.0
2024-05-22 09:00:00+09:00,1146.0,1153.0,1141.0,1143.0,2700,0.0,0.0
2024-05-22 10:00:00+09:00,1142.0,1143.0,1138.0,1141.0,1600,0.0,0.0
2024-05-22 11:00:00+09:00,1143.0,1143.0,1143.0,1143.0,0,0.0,0.0
2024-05-22 12:00:00+09:00,1140.0,1143.0,1140.0,1143.0,4900,0.0,0.0
2024-05-22 13:00:00+09:00,1139.0,1144.0,1139.0,1140.0,1400,0.0,0.0
2024-05-22 14:00:00+09:00,1140.0,1144.0,1137.0,1137.0,2200,0.0,0.0
2024-05-23 09:00:00+09:00,1135.0,1135.0,1128.0,1128.0,1300,0.0,0.0
2024-05-23 10:00:00+09:00,1127.0,1127.0,1123.0,1123.0,2800,0.0,0.0
2024-05-23 11:00:00+09:00,1128.0,1128.0,1128.0,1128.0,0,0.0,0.0
2024-05-23 12:00:00+09:00,1131.0,1131.0,1128.0,1129.0,4500,0.0,0.0
2024-05-23 13:00:00+09:00,1132.0,1132.0,1131.0,1131.0,300,0.0,0.0
2024-05-23 14:00:00+09:00,1135.0,1142.0,1131.0,1142.0,1100,0.0,0.0
2024-05-24 09:00:00+09:00,1138.0,1138.0,1135.0,1135.0,2900,0.0,0.0
2024-05-24 10:00:00+09:00,1135.0,1150.0,1131.0,1149.0,4600,0.0,0.0
2024-05-24 11:00:00+09:00,1149.0,1149.0,1149.0,1149.0,0,0.0,0.0
2024-05-24 12:00:00+09:00,1149.0,1150.0,1149.0,1150.0,10500,0.0,0.0
2024-05-24 13:00:00+09:00,1150.0,1160.0,1148.0,1149.0,22500,0.0,0.0
2024-05-24 14:00:00+09:00,1150.0,1155.0,1148.0,1155.0,1200,0.0,0.0
2024-05-27 09:00:00+09:00,1144.0,1160.0,1144.0,1150.0,2900,0.0,0.0
2024-05-27 10:00:00+09:00,1148.0,1148.0,1142.0,1142.0,1400,0.0,0.0
2024-05-27 11:00:00+09:00,1141.0,1141.0,1141.0,1141.0,0,0.0,0.0
2024-05-27 12:00:00+09:00,1141.0,1141.0,1136.0,1136.0,4800,0.0,0.0
2024-05-27 13:00:00+09:00,1135.0,1158.0,1133.0,1158.0,3500,0.0,0.0
2024-05-27 14:00:00+09:00,1159.0,1160.0,1159.0,1160.0,2800,0.0,0.0
2024-05-28 09:00:00+09:00,1152.0,1169.0,1150.0,1163.0,2200,0.0,0.0
2024-05-28 10:00:00+09:00,1169.0,1170.0,1168.0,1170.0,5500,0.0,0.0
2024-05-28 11:00:00+09:00,1170.0,1170.0,1169.0,1169.0,0,0.0,0.0
2024-05-28 12:00:00+09:00,1169.0,1170.0,1169.0,1170.0,14600,0.0,0.0
2024-05-28 13:00:00+09:00,1170.0,1170.0,1168.0,1170.0,0,0.0,0.0
2024-05-28 14:00:00+09:00,1169.0,1170.0,1169.0,1170.0,29100,0.0,0.0
2024-05-29 09:00:00+09:00,1172.0,1172.0,1162.0,1166.0,2200,0.0,0.0
2024-05-29 10:00:00+09:00,1165.0,1165.0,1159.0,1159.0,900,0.0,0.0
2024-05-29 11:00:00+09:00,1163.0,1163.0,1155.0,1155.0,0,0.0,0.0
2024-05-29 12:00:00+09:00,1155.0,1162.0,1155.0,1161.0,4600,0.0,0.0
2024-05-29 13:00:00+09:00,1160.0,1161.0,1150.0,1150.0,1800,0.0,0.0
2024-05-29 14:00:00+09:00,1150.0,1150.0,1145.0,1147.0,2500,0.0,0.0
2024-05-30 09:00:00+09:00,1144.0,1144.0,1133.0,1133.0,900,0.0,0.0
2024-05-30 10:00:00+09:00,1132.0,1144.0,1132.0,1142.0,1400,0.0,0.0
2024-05-30 11:00:00+09:00,1143.0,1143.0,1138.0,1140.0,0,0.0,0.0
2024-05-30 12:00:00+09:00,1144.0,1144.0,1136.0,1136.0,3200,0.0,0.0
2024-05-30 13:00:00+09:00,1136.0,1136.0,1134.0,1134.0,300,0.0,0.0
2024-05-30 14:00:00+09:00,1133.0,1134.0,1104.0,1119.0,10700,0.0,0.0
2024-05-31 09:00:00+09:00,1124.0,1124.0,1114.0,1114.0,4300,0.0,0.0
2024-05-31 10:00:00+09:00,1119.0,1119.0,1115.0,1115.0,200,0.0,0.0
2024-05-31 11:00:00+09:00,1115.0,1115.0,1113.0,1113.0,0,0.0,0.0
2024-05-31 12:00:00+09:00,1114.0,1119.0,1113.0,1118.0,6300,0.0,0.0
2024-05-31 13:00:00+09:00,1118.0,1118.0,1113.0,1118.0,400,0.0,0.0
2024-05-31 14:00:00+09:00,1117.0,1118.0,1117.0,1117.0,300,0.0,0.0
2024-06-03 09:00:00+09:00,1121.0,1125.0,1121.0,1121.0,0,0.0,0.0
2024-06-03 10:00:00+09:00,1121.0,1121.0,1121.0,1121.0,2400,0.0,0.0
2024-06-03 11:00:00+09:00,1124.0,1124.0,1124.0,1124.0,0,0.0,0.0
2024-06-03 12:00:00+09:00,1124.0,1124.0,1124.0,1124.0,2800,0.0,0.0
2024-06-03 13:00:00+09:00,1122.0,1122.0,1121.0,1121.0,200,0.0,0.0
2024-06-03 14:00:00+09:00,1125.0,1125.0,1120.0,1124.0,700,0.0,0.0
2024-06-04 09:00:00+09:00,1134.0,1134.0,1128.0,1129.0,2200,0.0,0.0
2024-06-04 10:00:00+09:00,1125.0,1132.0,1125.0,1126.0,300,0.0,0.0
2024-06-04 11:00:00+09:00,1132.0,1132.0,1127.0,1127.0,0,0.0,0.0
2024-06-04 12:00:00+09:00,1127.0,1128.0,1127.0,1127.0,3000,0.0,0.0
2024-06-04 13:00:00+09:00,1126.0,1126.0,1126.0,1126.0,100,0.0,0.0
2024-06-04 14:00:00+09:00,1131.0,1131.0,1126.0,1126.0,1000,0.0,0.0
2024-06-05 09:00:00+09:00,1126.0,1144.0,1123.0,1144.0,6400,0.0,0.0
2024-06-05 10:00:00+09:00,1145.0,1148.0,1138.0,1138.0,1600,0.0,0.0
2024-06-05 11:00:00+09:00,1135.0,1135.0,1135.0,1135.0,0,0.0,0.0
2024-06-05 12:00:00+09:00,1135.0,1140.0,1134.0,1134.0,8500,0.0,0.0
2024-06-05 13:00:00+09:00,1137.0,1137.0,1132.0,1136.0,2400,0.0,0.0
2024-06-05 14:00:00+09:00,1131.0,1138.0,1128.0,1138.0,2100,0.0,0.0
2024-06-06 09:00:00+09:00,1130.0,1131.0,1130.0,1131.0,900,0.0,0.0
2024-06-06 10:00:00+09:00,1131.0,1133.0,1131.0,1131.0,500,0.0,0.0
2024-06-06 11:00:00+09:00,1129.0,1129.0,1126.0,1126.0,0,0.0,0.0
2024-06-06 12:00:00+09:00,1125.0,1125.0,1125.0,1125.0,2600,0.0,0.0
2024-06-06 13:00:00+09:00,1133.0,1133.0,1129.0,1129.0,500,0.0,0.0
2024-06-06 14:00:00+09:00,1130.0,1163.0,1128.0,1160.0,7900,0.0,0.0
2024-06-07 09:00:00+09:00,1159.0,1164.0,1153.0,1159.0,6200,0.0,0.0
2024-06-07 10:00:00+09:00,1155.0,1155.0,1154.0,1154.0,300,0.0,0.0
2024-06-07 11:00:00+09:00,1148.0,1148.0,1148.0,1148.0,0,0.0,0.0
2024-06-07 12:00:00+09:00,1147.0,1147.0,1147.0,1147.0,7200,0.0,0.0
2024-06-07 13:00:00+09:00,1154.0,1154.0,1145.0,1145.0,1900,0.0,0.0
2024-06-07 14:00:00+09:00,1152.0,1153.0,1145.0,1145.0,700,0.0,0.0
2024-06-10 09:00:00+09:00,1156.0,1170.0,1147.0,1164.0,7300,0.0,0.0
2024-06-10 10:00:00+09:00,1167.0,1167.0,1163.0,1166.0,500,0.0,0.0
2024-06-10 11:00:00+09:00,1159.0,1160.0,1157.0,1158.0,0,0.0,0.0
2024-06-10 12:00:00+09:00,1158.0,1167.0,1158.0,1167.0,10600,0.0,0.0
2024-06-10 13:00:00+09:00,1161.0,1161.0,1161.0,1161.0,200,0.0,0.0
2024-06-10 14:00:00+09:00,1158.0,1158.0,1158.0,1158.0,100,0.0,0.0
2024-06-11 09:00:00+09:00,1167.0,1180.0,1167.0,1178.0,0,0.0,0.0
2024-06-11 10:00:00+09:00,1179.0,1180.0,1174.0,1174.0,10600,0.0,0.0
2024-06-11 11:00:00+09:00,1174.0,1174.0,1174.0,1174.0,0,0.0,0.0
2024-06-11 12:00:00+09:00,1169.0,1169.0,1167.0,1167.0,12100,0.0,0.0
2024-06-11 13:00:00+09:00,1168.0,1190.0,1168.0,1183.0,12600,0.0,0.0
2024-06-11 14:00:00+09:00,1180.0,1184.0,1177.0,1184.0,1900,0.0,0.0
2024-06-12 09:00:00+09:00,1184.0,1194.0,1183.0,1185.0,4400,0.0,0.0
2024-06-12 10:00:00+09:00,1184.0,1189.0,1183.0,1183.0,900,0.0,0.0
2024-06-12 11:00:00+09:00,1182.0,1182.0,1176.0,1177.0,0,0.0,0.0
2024-06-12 12:00:00+09:00,1184.0,1184.0,1172.0,1173.0,9100,0.0,0.0
2024-06-12 13:00:00+09:00,1176.0,1178.0,1172.0,1172.0,800,0.0,0.0
2024-06-12 14:00:00+09:00,1181.0,1181.0,1173.0,1173.0,200,0.0,0.0
2024-06-13 09:00:00+09:00,1169.0,1174.0,1166.0,1166.0,1400,0.0,0.0
2024-06-13 10:00:00+09:00,1172.0,1172.0,1172.0,1172.0,100,0.0,0.0
2024-06-13 11:00:00+09:00,1172.0,1173.0,1162.0,1166.0,0,0.0,0.0
2024-06-13 12:00:00+09:00,1163.0,1176.0,1160.0,1161.0,3600,0.0,0.0
2024-06-13 13:00:00+09:00,1161.0,1161.0,1160.0,1160.0,400,0.0,0.0
2024-06-13 14:00:00+09:00,1160.0,1162.0,1153.0,1162.0,2500,0.0,0.0
2024-06-14 09:00:00+09:00,1153.0,1158.0,1152.0,1158.0,3000,0.0,0.0
2024-06-14 11:00:00+09:00,1152.0,1152.0,1152.0,1152.0,0,0.0,0.0
2024-06-14 12:00:00+09:00,1152.0,1162.0,1152.0,1162.0,5000,0.0,0.0
2024-06-14 13:00:00+09:00,1155.0,1159.0,1152.0,1159.0,800,0.0,0.0
2024-06-14 14:00:00+09:00,1154.0,1154.0,1153.0,1153.0,300,0.0,0.0
2024-06-17 09:00:00+09:00,1148.0,1148.0,1147.0,1147.0,1900,0.0,0.0
2024-06-17 10:00:00+09:00,1147.0,1150.0,1144.0,1150.0,800,0.0,0.0
2024-06-17 11:00:00+09:00,1150.0,1150.0,1147.0,1147.0,0,0.0,0.0
2024-06-17 12:00:00+09:00,1144.0,1146.0,1143.0,1144.0,4000,0.0,0.0
2024-06-17 13:00:00+09:00,1142.0,1142.0,1142.0,1142.0,100,0.0,0.0
2024-06-17 14:00:00+09:00,1147.0,1147.0,1147.0,1147.0,100,0.0,0.0
2024-06-18 09:00:00+09:00,1140.0,1142.0,1137.0,1142.0,8900,0.0,0.0
2024-06-18 10:00:00+09:00,1145.0,1148.0,1139.0,1148.0,1300,0.0,0.0
2024-06-18 11:00:00+09:00,1148.0,1148.0,1148.0,1148.0,0,0.0,0.0
2024-06-18 12:00:00+09:00,1146.0,1146.0,1140.0,1146.0,11700,0.0,0.0
2024-06-18 14:00:00+09:00,1148.0,1148.0,1143.0,1143.0,400,0.0,0.0
2024-06-19 09:00:00+09:00,1148.0,1155.0,1148.0,1155.0,1300,0.0,0.0
2024-06-19 10:00:00+09:00,1149.0,1154.0,1149.0,1154.0,200,0.0,0.0
2024-06-19 11:00:00+09:00,1154.0,1154.0,1154.0,1154.0,0,0.0,0.0
2024-06-19 12:00:00+09:00,1145.0,1152.0,1145.0,1152.0,2000,0.0,0.0
2024-06-19 13:00:00+09:00,1146.0,1146.0,1146.0,1146.0,0,0.0,0.0
2024-06-19 14:00:00+09:00,1143.0,1143.0,1143.0,1143.0,2300,0.0,0.0
2024-06-20 09:00:00+09:00,1133.0,1143.0,1133.0,1143.0,1200,0.0,0.0
2024-06-20 10:00:00+09:00,1134.0,1137.0,1134.0,1134.0,400,0.0,0.0
2024-06-20 11:00:00+09:00,1133.0,1133.0,1133.0,1133.0,0,0.0,0.0
2024-06-20 12:00:00+09:00,1143.0,1143.0,1136.0,1136.0,2000,0.0,0.0
2024-06-20 13:00:00+09:00,1140.0,1140.0,1140.0,1140.0,100,0.0,0.0
2024-06-20 14:00:00+09:00,1140.0,1140.0,1140.0,1140.0,100,0.0,0.0
2024-06-21 09:00:00+09:00,1148.0,1148.0,1139.0,1139.0,1600,0.0,0.0
2024-06-21 10:00:00+09:00,1148.0,1148.0,1148.0,1148.0,100,0.0,0.0
2024-06-21 11:00:00+09:00,1146.0,1149.0,1142.0,1149.0,0,0.0,0.0
2024-06-21 12:00:00+09:00,1149.0,1149.0,1149.0,1149.0,2900,0.0,0.0
2024-06-21 13:00:00+09:00,1150.0,1150.0,1149.0,1149.0,200,0.0,0.0
2024-06-21 14:00:00+09:00,1146.0,1152.0,1145.0,1150.0,1300,0.0,0.0
2024-06-24 09:00:00+09:00,1150.0,1153.0,1150.0,1153.0,1000,0.0,0.0
2024-06-24 10:00:00+09:00,1153.0,1157.0,1147.0,1153.0,3900,0.0,0.0
2024-06-24 11:00:00+09:00,1152.0,1155.0,1152.0,1155.0,0,0.0,0.0
2024-06-24 12:00:00+09:00,1154.0,1160.0,1154.0,1160.0,6500,0.0,0.0
2024-06-24 13:00:00+09:00,1160.0,1160.0,1157.0,1160.0,900,0.0,0.0
2024-06-24 14:00:00+09:00,1159.0,1170.0,1159.0,1168.0,3500,0.0,0.0
2024-06-25 09:00:00+09:00,1170.0,1198.0,1170.0,1188.0,13600,0.0,0.0
2024-06-25 10:00:00+09:00,1187.0,1188.0,1185.0,1187.0,600,0.0,0.0
2024-06-25 11:00:00+09:00,1185.0,1186.0,1182.0,1186.0,0,0.0,0.0
2024-06-25 12:00:00+09:00,1186.0,1186.0,1180.0,1185.0,19000,0.0,0.0
2024-06-25 13:00:00+09:00,1186.0,1186.0,1180.0,1186.0,800,0.0,0.0
2024-06-25 14:00:00+09:00,1186.0,1200.0,1182.0,1198.0,26900,0.0,0.0
2024-06-26 09:00:00+09:00,1199.0,1200.0,1198.0,1199.0,5300,0.0,0.0
2024-06-26 10:00:00+09:00,1199.0,1207.0,1199.0,1204.0,13500,0.0,0.0
2024-06-26 11:00:00+09:00,1203.0,1207.0,1201.0,1201.0,0,0.0,0.0
2024-06-26 12:00:00+09:00,1200.0,1210.0,1200.0,1208.0,29200,0.0,0.0
2024-06-26 13:00:00+09:00,1209.0,1210.0,1208.0,1210.0,5500,0.0,0.0
2024-06-26 14:00:00+09:00,1210.0,1210.0,1209.0,1210.0,16600,0.0,0.0
2024-06-27 09:00:00+09:00,1206.0,1212.0,1195.0,1206.0,8000,0.0,0.0
2024-06-27 10:00:00+09:00,1206.0,1206.0,1195.0,1197.0,2700,0.0,0.0
2024-06-27 11:00:00+09:00,1198.0,1198.0,1192.0,1193.0,0,0.0,0.0
2024-06-27 12:00:00+09:00,1192.0,1193.0,1191.0,1193.0,13300,0.0,0.0
2024-06-27 13:00:00+09:00,1195.0,1199.0,1195.0,1199.0,700,0.0,0.0
2024-06-27 14:00:00+09:00,1192.0,1204.0,1191.0,1191.0,1600,0.0,0.0
2024-06-28 09:00:00+09:00,1185.0,1185.0,1185.0,1185.0,600,0.0,0.0
2024-06-28 10:00:00+09:00,1188.0,1210.0,1187.0,1209.0,16200,0.0,0.0
2024-06-28 11:00:00+09:00,1209.0,1210.0,1209.0,1209.0,0,0.0,0.0
2024-06-28 12:00:00+09:00,1209.0,1210.0,1208.0,1209.0,25400,0.0,0.0
2024-06-28 13:00:00+09:00,1209.0,1210.0,1209.0,1209.0,3000,0.0,0.0
2024-06-28 14:00:00+09:00,1210.0,1210.0,1206.0,1210.0,9700,0.0,0.0
2024-07-01 09:00:00+09:00,1211.0,1225.0,1211.0,1221.0,13200,0.0,0.0
2024-07-01 10:00:00+09:00,1219.0,1221.0,1216.0,1216.0,600,0.0,0.0
2024-07-01 11:00:00+09:00,1222.0,1222.0,1210.0,1210.0,0,0.0,0.0
2024-07-01 12:00:00+09:00,1212.0,1217.0,1210.0,1210.0,18500,0.0,0.0
2024-07-01 13:00:00+09:00,1211.0,1211.0,1205.0,1205.0,700,0.0,0.0
2024-07-01 14:00:00+09:00,1210.0,1210.0,1204.0,1207.0,1000,0.0,0.0
2024-07-02 09:00:00+09:00,1203.0,1207.0,1193.0,1199.0,2500,0.0,0.0
2024-07-02 10:00:00+09:00,1197.0,1198.0,1192.0,1195.0,0,0.0,0.0
2024-07-02 11:00:00+09:00,1190.0,1190.0,1187.0,1187.0,0,0.0,0.0
2024-07-02 12:00:00+09:00,1187.0,1191.0,1186.0,1186.0,6100,0.0,0.0
2024-07-02 13:00:00+09:00,1186.0,1190.0,1182.0,1182.0,1600,0.0,0.0
2024-07-02 14:00:00+09:00,1190.0,1208.0,1190.0,1205.0,10800,0.0,0.0
2024-07-03 09:00:00+09:00,1209.0,1215.0,1208.0,1215.0,5300,0.0,0.0
2024-07-03 10:00:00+09:00,1217.0,1222.0,1217.0,1221.0,3000,0.0,0.0
2024-07-03 11:00:00+09:00,1221.0,1224.0,1221.0,1223.0,0,0.0,0.0
2024-07-03 12:00:00+09:00,1223.0,1225.0,1223.0,1225.0,13300,0.0,0.0
2024-07-03 13:00:00+09:00,1224.0,1224.0,1218.0,1224.0,1700,0.0,0.0
2024-07-03 14:00:00+09:00,1224.0,1224.0,1217.0,1222.0,2100,0.0,0.0
2024-07-04 09:00:00+09:00,1224.0,1229.0,1220.0,1226.0,3100,0.0,0.0
2024-07-04 10:00:00+09:00,1222.0,1225.0,1222.0,1223.0,500,0.0,0.0
2024-07-04 11:00:00+09:00,1224.0,1226.0,1220.0,1220.0,0,0.0,0.0
2024-07-04 12:00:00+09:00,1217.0,1218.0,1217.0,1218.0,5400,0.0,0.0
2024-07-04 13:00:00+09:00,1216.0,1216.0,1213.0,1213.0,300,0.0,0.0
2024-07-04 14:00:00+09:00,1216.0,1219.0,1215.0,1215.0,1700,0.0,0.0
2024-07-05 09:00:00+09:00,1216.0,1219.0,1210.0,1210.0,7600,0.0,0.0
2024-07-05 10:00:00+09:00,1214.0,1216.0,1207.0,1207.0,800,0.0,0.0
2024-07-05 11:00:00+09:00,1214.0,1214.0,1214.0,1214.0,0,0.0,0.0
2024-07-05 12:00:00+09:00,1212.0,1214.0,1211.0,1214.0,9100,0.0,0.0
2024-07-05 13:00:00+09:00,1213.0,1213.0,1204.0,1209.0,1300,0.0,0.0
2024-07-05 14:00:00+09:00,1210.0,1210.0,1202.0,1204.0,1100,0.0,0.0
2024-07-08 09:00:00+09:00,1211.0,1211.0,1206.0,1207.0,1000,0.0,0.0
2024-07-08 10:00:00+09:00,1205.0,1205.0,1205.0,1205.0,100,0.0,0.0
2024-07-08 11:00:00+09:00,1205.0,1205.0,1205.0,1205.0,0,0.0,0.0
2024-07-08 12:00:00+09:00,1209.0,1210.0,1209.0,1210.0,1600,0.0,0.0
2024-07-08 13:00:00+09:00,1209.0,1210.0,1205.0,1206.0,0,0.0,0.0
2024-07-08 14:00:00+09:00,1205.0,1208.0,1200.0,1202.0,6500,0.0,0.0
2024-07-09 09:00:00+09:00,1202.0,1205.0,1187.0,1190.0,8000,0.0,0.0
2024-07-09 10:00:00+09:00,1194.0,1195.0,1190.0,1190.0,1000,0.0,0.0
2024-07-09 11:00:00+09:00,1192.0,1196.0,1190.0,1196.0,0,0.0,0.0
2024-07-09 12:00:00+09:00,1196.0,1197.0,1191.0,1191.0,11400,0.0,0.0
2024-07-09 13:00:00+09:00,1196.0,1196.0,1191.0,1191.0,500,0.0,0.0
2024-07-09 14:00:00+09:00,1190.0,1194.0,1190.0,1192.0,600,0.0,0.0
2024-07-10 09:00:00+09:00,1192.0,1194.0,1190.0,1192.0,2500,0.0,0.0
2024-07-10 10:00:00+09:00,1188.0,1192.0,1187.0,1187.0,500,0.0,0.0
2024-07-10 11:00:00+09:00,1187.0,1187.0,1185.0,1186.0,0,0.0,0.0
2024-07-10 12:00:00+09:00,1186.0,1198.0,1186.0,1191.0,5100,0.0,0.0
2024-07-10 13:00:00+09:00,1188.0,1190.0,1179.0,1179.0,2400,0.0,0.0
2024-07-10 14:00:00+09:00,1178.0,1180.0,1175.0,1175.0,1100,0.0,0.0
2024-07-11 09:00:00+09:00,1185.0,1189.0,1184.0,1184.0,600,0.0,0.0
2024-07-11 10:00:00+09:00,1183.0,1184.0,1183.0,1184.0,300,0.0,0.0
2024-07-11 11:00:00+09:00,1182.0,1182.0,1182.0,1182.0,0,0.0,0.0
2024-07-11 12:00:00+09:00,1182.0,1188.0,1181.0,1183.0,4300,0.0,0.0
2024-07-11 13:00:00+09:00,1183.0,1184.0,1182.0,1184.0,500,0.0,0.0
2024-07-11 14:00:00+09:00,1185.0,1185.0,1182.0,1182.0,1200,0.0,0.0
2024-07-12 09:00:00+09:00,1185.0,1190.0,1181.0,1190.0,2900,0.0,0.0
2024-07-12 10:00:00+09:00,1190.0,1190.0,1188.0,1189.0,600,0.0,0.0
2024-07-12 11:00:00+09:00,1189.0,1189.0,1189.0,1189.0,0,0.0,0.0
2024-07-12 12:00:00+09:00,1191.0,1192.0,1190.0,1191.0,5200,0.0,0.0
2024-07-12 13:00:00+09:00,1191.0,1192.0,1185.0,1192.0,0,0.0,0.0
2024-07-12 14:00:00+09:00,1192.0,1192.0,1185.0,1190.0,9300,0.0,0.0
2024-07-16 09:00:00+09:00,1184.0,1194.0,1183.0,1189.0,800,0.0,0.0
2024-07-16 10:00:00+09:00,1183.0,1186.0,1183.0,1186.0,200,0.0,0.0
2024-07-16 11:00:00+09:00,1186.0,1186.0,1186.0,1186.0,0,0.0,0.0
2024-07-16 12:00:00+09:00,1189.0,1190.0,1185.0,1185.0,1700,0.0,0.0
2024-07-16 13:00:00+09:00,1185.0,1187.0,1183.0,1186.0,600,0.0,0.0
2024-07-16 14:00:00+09:00,1183.0,1186.0,1183.0,1184.0,700,0.0,0.0
2024-07-17 09:00:00+09:00,1184.0,1199.0,1184.0,1190.0,2500,0.0,0.0
2024-07-17 10:00:00+09:00,1198.0,1198.0,1198.0,1198.0,100,0.0,0.0
2024-07-17 11:00:00+09:00,1196.0,1199.0,1196.0,1199.0,0,0.0,0.0
2024-07-17 12:00:00+09:00,1196.0,1196.0,1195.0,1196.0,3200,0.0,0.0
2024-07-17 13:00:00+09:00,1192.0,1196.0,1192.0,1195.0,1600,0.0,0.0
2024-07-17 14:00:00+09:00,1198.0,1199.0,1194.0,1194.0,1000,0.0,0.0
2024-07-18 09:00:00+09:00,1190.0,1190.0,1182.0,1184.0,400,0.0,0.0
2024-07-18 10:00:00+09:00,1188.0,1192.0,1185.0,1191.0,1500,0.0,0.0
2024-07-18 11:00:00+09:00,1192.0,1192.0,1187.0,1187.0,0,0.0,0.0
2024-07-18 12:00:00+09:00,1192.0,1200.0,1192.0,1200.0,3800,0.0,0.0
2024-07-18 13:00:00+09:00,1194.0,1196.0,1194.0,1196.0,400,0.0,0.0
2024-07-18 14:00:00+09:00,1197.0,1198.0,1196.0,1198.0,1000,0.0,0.0
2024-07-19 09:00:00+09:00,1202.0,1202.0,1200.0,1200.0,1500,0.0,0.0
2024-07-19 10:00:00+09:00,1197.0,1200.0,1194.0,1194.0,1200,0.0,0.0
2024-07-19 11:00:00+09:00,1192.0,1200.0,1192.0,1200.0,0,0.0,0.0
2024-07-19 12:00:00+09:00,1194.0,1195.0,1191.0,1191.0,3500,0.0,0.0
2024-07-19 13:00:00+09:00,1199.0,1199.0,1191.0,1191.0,200,0.0,0.0
2024-07-19 14:00:00+09:00,1196.0,1197.0,1191.0,1191.0,600,0.0,0.0
2024-07-22 09:00:00+09:00,1183.0,1192.0,1182.0,1182.0,0,0.0,0.0
2024-07-22 10:00:00+09:00,1183.0,1189.0,1179.0,1179.0,2700,0.0,0.0
2024-07-22 11:00:00+09:00,1178.0,1178.0,1174.0,1175.0,0,0.0,0.0
2024-07-22 12:00:00+09:00,1175.0,1177.0,1173.0,1173.0,7300,0.0,0.0
2024-07-22 13:00:00+09:00,1175.0,1175.0,1165.0,1167.0,2700,0.0,0.0
2024-07-22 14:00:00+09:00,1165.0,1167.0,1163.0,1165.0,2800,0.0,0.0
2024-07-23 09:00:00+09:00,1158.0,1159.0,1155.0,1155.0,1300,0.0,0.0
2024-07-23 10:00:00+09:00,1155.0,1156.0,1151.0,1156.0,2800,0.0,0.0
2024-07-23 11:00:00+09:00,1157.0,1157.0,1155.0,1155.0,0,0.0,0.0
2024-07-23 12:00:00+09:00,1158.0,1159.0,1156.0,1159.0,5900,0.0,0.0
2024-07-23 13:00:00+09:00,1156.0,1158.0,1156.0,1156.0,600,0.0,0.0
2024-07-23 14:00:00+09:00,1156.0,1161.0,1156.0,1161.0,3900,0.0,0.0
2024-07-24 09:00:00+09:00,1161.0,1162.0,1157.0,1157.0,1600,0.0,0.0
2024-07-24 10:00:00+09:00,1157.0,1159.0,1156.0,1156.0,600,0.0,0.0
2024-07-24 11:00:00+09:00,1160.0,1160.0,1156.0,1156.0,0,0.0,0.0
2024-07-24 12:00:00+09:00,1156.0,1156.0,1151.0,1156.0,4500,0.0,0.0
2024-07-24 13:00:00+09:00,1157.0,1157.0,1151.0,1151.0,0,0.0,0.0
2024-07-24 14:00:00+09:00,1150.0,1152.0,1142.0,1147.0,9500,0.0,0.0
2024-07-25 09:00:00+09:00,1140.0,1145.0,1133.0,1133.0,9900,0.0,0.0
2024-07-25 10:00:00+09:00,1136.0,1136.0,1125.0,1125.0,3600,0.0,0.0
2024-07-25 11:00:00+09:00,1126.0,1128.0,1126.0,1126.0,0,0.0,0.0
2024-07-25 12:00:00+09:00,1128.0,1138.0,1128.0,1134.0,19200,0.0,0.0
2024-07-25 13:00:00+09:00,1132.0,1139.0,1132.0,1139.0,800,0.0,0.0
2024-07-25 14:00:00+09:00,1135.0,1139.0,1130.0,1134.0,1700,0.0,0.0
2024-07-26 09:00:00+09:00,1139.0,1139.0,1131.0,1138.0,1300,0.0,0.0
2024-07-26 10:00:00+09:00,1138.0,1139.0,1133.0,1139.0,1300,0.0,0.0
2024-07-26 11:00:00+09:00,1139.0,1142.0,1139.0,1142.0,0,0.0,0.0
2024-07-26 12:00:00+09:00,1141.0,1142.0,1141.0,1142.0,3600,0.0,0.0
2024-07-26 13:00:00+09:00,1138.0,1142.0,1133.0,1134.0,1200,0.0,0.0
2024-07-26 14:00:00+09:00,1137.0,1137.0,1130.0,1130.0,2700,0.0,0.0
2024-07-29 09:00:00+09:00,1134.0,1135.0,1128.0,1135.0,700,0.0,0.0
2024-07-29 10:00:00+09:00,1131.0,1165.0,1128.0,1161.0,6300,0.0,0.0
2024-07-29 11:00:00+09:00,1164.0,1169.0,1163.0,1163.0,0,0.0,0.0
2024-07-29 12:00:00+09:00,1163.0,1169.0,1163.0,1167.0,9500,0.0,0.0
2024-07-29 13:00:00+09:00,1169.0,1169.0,1166.0,1167.0,1400,0.0,0.0
2024-07-29 14:00:00+09:00,1170.0,1170.0,1169.0,1169.0,3900,0.0,0.0
2024-07-30 09:00:00+09:00,1162.0,1175.0,1162.0,1170.0,1200,0.0,0.0
2024-07-30 10:00:00+09:00,1170.0,1171.0,1165.0,1171.0,2000,0.0,0.0
2024-07-30 11:00:00+09:00,1165.0,1166.0,1163.0,1163.0,0,0.0,0.0
2024-07-30 12:00:00+09:00,1168.0,1168.0,1168.0,1168.0,0,0.0,0.0
2024-07-30 13:00:00+09:00,1168.0,1168.0,1162.0,1162.0,5400,0.0,0.0
2024-07-30 14:00:00+09:00,1162.0,1162.0,1145.0,1145.0,11600,0.0,0.0
2024-07-31 09:00:00+09:00,1135.0,1136.0,1127.0,1131.0,1800,0.0,0.0
2024-07-31 10:00:00+09:00,1131.0,1135.0,1130.0,1131.0,800,0.0,0.0
2024-07-31 11:00:00+09:00,1131.0,1131.0,1129.0,1129.0,0,0.0,0.0
2024-07-31 12:00:00+09:00,1134.0,1137.0,1133.0,1133.0,3800,0.0,0.0
2024-07-31 13:00:00+09:00,1136.0,1143.0,1132.0,1139.0,4200,0.0,0.0
2024-07-31 14:00:00+09:00,1142.0,1148.0,1141.0,1148.0,2800,0.0,0.0
2024-08-01 09:00:00+09:00,1141.0,1144.0,1138.0,1138.0,700,0.0,0.0
2024-08-01 10:00:00+09:00,1137.0,1137.0,1102.0,1113.0,18800,0.0,0.0
2024-08-01 11:00:00+09:00,1113.0,1115.0,1109.0,1115.0,0,0.0,0.0
2024-08-01 12:00:00+09:00,1120.0,1122.0,1106.0,1122.0,21900,0.0,0.0
2024-08-01 13:00:00+09:00,1124.0,1125.0,1121.0,1122.0,1700,0.0,0.0
2024-08-01 14:00:00+09:00,1118.0,1123.0,1118.0,1119.0,800,0.0,0.0
2024-08-02 09:00:00+09:00,1101.0,1110.0,1077.0,1077.0,12800,0.0,0.0
2024-08-02 10:00:00+09:00,1077.0,1083.0,1075.0,1077.0,1800,0.0,0.0
2024-08-02 11:00:00+09:00,1085.0,1087.0,1077.0,1077.0,0,0.0,0.0
2024-08-02 12:00:00+09:00,1082.0,1082.0,1071.0,1079.0,18400,0.0,0.0
2024-08-02 13:00:00+09:00,1073.0,1073.0,1060.0,1067.0,4500,0.0,0.0
2024-08-02 14:00:00+09:00,1071.0,1072.0,1052.0,1056.0,4500,0.0,0.0
