Datetime,Open,High,Low,Close,Volume,Dividends,Stock Splits
2022-09-29 09:30:00-04:00,2.0999999046325684,2.109999895095825,2.009999990463257,2.0250000953674316,0,0.0,0.0
2022-09-29 10:30:00-04:00,2.0199999809265137,2.0299999713897705,2.0,2.0,71332,0.0,0.0
2022-09-29 11:30:00-04:00,2.005000114440918,2.0350000858306885,2.0,2.0350000858306885,103516,0.0,0.0
2022-09-29 12:30:00-04:00,2.0299999713897705,2.049999952316284,2.015000104904175,2.0450000762939453,207376,0.0,0.0
2022-09-29 13:30:00-04:00,2.049999952316284,2.055000066757202,2.0299999713897705,2.0399999618530273,69108,0.0,0.0
2022-09-29 14:30:00-04:00,2.0350000858306885,2.049999952316284,2.0299999713897705,2.0299999713897705,96121,0.0,0.0
2022-09-29 15:30:00-04:00,2.0299999713897705,2.049999952316284,2.0299999713897705,2.0299999713897705,204048,0.0,0.0
2022-09-30 09:30:00-04:00,2.0299999713897705,2.200000047683716,2.0299999713897705,2.190000057220459,395286,0.0,0.0
2022-09-30 10:30:00-04:00,2.190000057220459,2.2200000286102295,2.184999942779541,2.200000047683716,203592,0.0,0.0
2022-09-30 11:30:00-04:00,2.194999933242798,2.2049999237060547,2.140000104904175,2.1500000953674316,84116,0.0,0.0
2022-09-30 12:30:00-04:00,2.1449999809265137,2.1600000858306885,2.140000104904175,2.1500000953674316,50332,0.0,0.0
2022-09-30 13:30:00-04:00,2.1449999809265137,2.1500000953674316,2.119999885559082,2.130000114440918,62173,0.0,0.0
2022-09-30 14:30:00-04:00,2.130000114440918,2.130000114440918,2.069999933242798,2.0799999237060547,69272,0.0,0.0
2022-09-30 15:30:00-04:00,2.075000047683716,2.0899999141693115,2.059999942779541,2.069999933242798,178510,0.0,0.0
2022-10-03 09:30:00-04:00,2.0799999237060547,2.0999999046325684,2.009999990463257,2.0450000762939453,75747,0.0,0.0
2022-10-03 10:30:00-04:00,2.0450000762939453,2.059999942779541,2.0325000286102295,2.0399999618530273,41714,0.0,0.0
2022-10-03 11:30:00-04:00,2.0399999618530273,2.049999952316284,1.9950000047683716,2.005000114440918,60581,0.0,0.0
2022-10-03 12:30:00-04:00,2.005000114440918,2.0299999713897705,1.9900000095367432,2.0299999713897705,56484,0.0,0.0
2022-10-03 13:30:00-04:00,2.0250000953674316,2.049999952316284,2.009999990463257,2.0450000762939453,81787,0.0,0.0
2022-10-03 14:30:00-04:00,2.049999952316284,2.109999895095825,2.0399999618530273,2.109999895095825,275879,0.0,0.0
2022-10-03 15:30:00-04:00,2.109999895095825,2.140000104904175,2.0999999046325684,2.130000114440918,326954,0.0,0.0
2022-10-04 09:30:00-04:00,2.1700000762939453,2.234999895095825,2.1700000762939453,2.2049999237060547,317295,0.0,0.0
2022-10-04 10:30:00-04:00,2.200000047683716,2.240000009536743,2.190000057220459,2.2249999046325684,136238,0.0,0.0
2022-10-04 11:30:00-04:00,2.2200000286102295,2.2300000190734863,2.190000057220459,2.194999933242798,241581,0.0,0.0
2022-10-04 12:30:00-04:00,2.194999933242798,2.2200000286102295,2.140000104904175,2.1549999713897705,89246,0.0,0.0
2022-10-04 13:30:00-04:00,2.1500000953674316,2.177999973297119,2.1500000953674316,2.1649999618530273,47313,0.0,0.0
2022-10-04 14:30:00-04:00,2.1600000858306885,2.1700000762939453,2.1500000953674316,2.1549999713897705,53844,0.0,0.0
2022-10-04 15:30:00-04:00,2.1500000953674316,2.1500000953674316,2.109999895095825,2.1500000953674316,247569,0.0,0.0
2022-10-05 09:30:00-04:00,2.130000114440918,2.1500000953674316,2.015000104904175,2.015000104904175,129122,0.0,0.0
2022-10-05 10:30:00-04:00,2.015000104904175,2.0250000953674316,1.9950000047683716,2.015000104904175,116065,0.0,0.0
2022-10-05 11:30:00-04:00,2.009999990463257,2.0299999713897705,1.9850000143051147,2.0,58502,0.0,0.0
2022-10-05 12:30:00-04:00,2.005000114440918,2.0399999618530273,2.0,2.0350000858306885,82840,0.0,0.0
2022-10-05 13:30:00-04:00,2.0250000953674316,2.0299999713897705,2.0,2.0,96821,0.0,0.0
2022-10-05 14:30:00-04:00,2.0,2.018699884414673,2.0,2.005000114440918,52553,0.0,0.0
2022-10-05 15:30:00-04:00,2.005000114440918,2.0299999713897705,1.9900000095367432,2.0,142679,0.0,0.0
2022-10-06 09:30:00-04:00,1.9900000095367432,2.0299999713897705,1.9600000381469727,1.965000033378601,92621,0.0,0.0
2022-10-06 10:30:00-04:00,1.9700000286102295,1.9800000190734863,1.9600000381469727,1.975000023841858,26434,0.0,0.0
2022-10-06 11:30:00-04:00,1.975000023841858,1.9800000190734863,1.9600000381469727,1.9700000286102295,20011,0.0,0.0
2022-10-06 12:30:00-04:00,1.975000023841858,1.9900000095367432,1.9700000286102295,1.9850000143051147,37880,0.0,0.0
2022-10-06 13:30:00-04:00,1.9889999628067017,2.0,1.980299949645996,1.9950000047683716,58742,0.0,0.0
2022-10-06 14:30:00-04:00,2.0,2.0,1.9700000286102295,1.9850000143051147,51467,0.0,0.0
2022-10-06 15:30:00-04:00,1.9850000143051147,1.9900000095367432,1.9600000381469727,1.9600000381469727,62426,0.0,0.0
2022-10-07 09:30:00-04:00,1.9700000286102295,1.9800000190734863,1.899999976158142,1.9550000429153442,173158,0.0,0.0
2022-10-07 10:30:00-04:00,1.9500000476837158,1.9600000381469727,1.9299999475479126,1.9299999475479126,27326,0.0,0.0
2022-10-07 11:30:00-04:00,1.9299999475479126,1.9299999475479126,1.909999966621399,1.909999966621399,38855,0.0,0.0
2022-10-07 12:30:00-04:00,1.9149999618530273,1.9199999570846558,1.899999976158142,1.9149999618530273,29467,0.0,0.0
2022-10-07 13:30:00-04:00,1.9178999662399292,1.934999942779541,1.9049999713897705,1.9249999523162842,77863,0.0,0.0
2022-10-07 14:30:00-04:00,1.9249999523162842,1.940000057220459,1.9199999570846558,1.9199999570846558,141766,0.0,0.0
2022-10-07 15:30:00-04:00,1.9199999570846558,1.9249999523162842,1.899999976158142,1.899999976158142,184890,0.0,0.0
2022-10-10 09:30:00-04:00,1.8300000429153442,1.840000033378601,1.625,1.7450000047683716,655071,0.0,0.0
2022-10-10 10:30:00-04:00,1.7400000095367432,1.7400000095367432,1.6200000047683716,1.6490999460220337,420171,0.0,0.0
2022-10-10 11:30:00-04:00,1.649999976158142,1.649999976158142,1.6100000143051147,1.6200000047683716,343355,0.0,0.0
2022-10-10 12:30:00-04:00,1.6200000047683716,1.6200000047683716,1.600000023841858,1.6150000095367432,307605,0.0,0.0
2022-10-10 13:30:00-04:00,1.6150000095367432,1.6399999856948853,1.6101000308990479,1.6349999904632568,534022,0.0,0.0
2022-10-10 14:30:00-04:00,1.6399999856948853,1.6399999856948853,1.6100000143051147,1.6100000143051147,170743,0.0,0.0
2022-10-10 15:30:00-04:00,1.6200000047683716,1.6200000047683716,1.559999942779541,1.5850000381469727,746266,0.0,0.0
2022-10-11 09:30:00-04:00,1.5499999523162842,1.5709999799728394,1.4600000381469727,1.5200999975204468,671194,0.0,0.0
2022-10-11 10:30:00-04:00,1.5199999809265137,1.5549999475479126,1.5199999809265137,1.524999976158142,386858,0.0,0.0
2022-10-11 11:30:00-04:00,1.524999976158142,1.559999942779541,1.5099999904632568,1.5549999475479126,344460,0.0,0.0
2022-10-11 12:30:00-04:00,1.5549999475479126,1.6100000143051147,1.5499999523162842,1.5950000286102295,254630,0.0,0.0
2022-10-11 13:30:00-04:00,1.5950000286102295,1.600000023841858,1.5700000524520874,1.5703999996185303,88869,0.0,0.0
2022-10-11 14:30:00-04:00,1.5750000476837158,1.5750000476837158,1.5099999904632568,1.524999976158142,177980,0.0,0.0
2022-10-11 15:30:00-04:00,1.524999976158142,1.5700000524520874,1.5199999809265137,1.559999942779541,378171,0.0,0.0
2022-10-12 09:30:00-04:00,1.5700000524520874,1.5800000429153442,1.4800000190734863,1.4850000143051147,339788,0.0,0.0
2022-10-12 10:30:00-04:00,1.4800000190734863,1.4850000143051147,1.440000057220459,1.4550000429153442,273110,0.0,0.0
2022-10-12 11:30:00-04:00,1.4500000476837158,1.4752000570297241,1.409999966621399,1.4149999618530273,732052,0.0,0.0
2022-10-12 12:30:00-04:00,1.409999966621399,1.4799000024795532,1.399999976158142,1.465000033378601,487973,0.0,0.0
2022-10-12 13:30:00-04:00,1.4600000381469727,1.475000023841858,1.4500000476837158,1.475000023841858,294098,0.0,0.0
2022-10-12 14:30:00-04:00,1.475000023841858,1.5099999904632568,1.4700000286102295,1.5049999952316284,386931,0.0,0.0
2022-10-12 15:30:00-04:00,1.5049999952316284,1.5099999904632568,1.4800000190734863,1.4800000190734863,349673,0.0,0.0
2022-10-13 09:30:00-04:00,1.4299999475479126,1.5088000297546387,1.4199999570846558,1.4800000190734863,230196,0.0,0.0
2022-10-13 10:30:00-04:00,1.4800000190734863,1.559999942779541,1.4550000429153442,1.5549999475479126,170982,0.0,0.0
2022-10-13 11:30:00-04:00,1.5549999475479126,1.5800000429153442,1.5199999809265137,1.5199999809265137,108032,0.0,0.0
2022-10-13 12:30:00-04:00,1.5199999809265137,1.5399999618530273,1.5149999856948853,1.534999966621399,138316,0.0,0.0
2022-10-13 13:30:00-04:00,1.534999966621399,1.5700000524520874,1.5299999713897705,1.5299999713897705,123058,0.0,0.0
2022-10-13 14:30:00-04:00,1.534999966621399,1.6100000143051147,1.524999976158142,1.5600999593734741,375407,0.0,0.0
2022-10-13 15:30:00-04:00,1.565000057220459,1.5800000429153442,1.5399999618530273,1.559999942779541,179749,0.0,0.0
2022-10-14 09:30:00-04:00,1.5199999809265137,1.5700000524520874,1.5,1.5049999952316284,212704,0.0,0.0
2022-10-14 10:30:00-04:00,1.5049999952316284,1.5399999618530273,1.5049999952316284,1.5149999856948853,222230,0.0,0.0
2022-10-14 11:30:00-04:00,1.5199999809265137,1.5549999475479126,1.5049999952316284,1.5499999523162842,212177,0.0,0.0
2022-10-14 12:30:00-04:00,1.5499999523162842,1.5700000524520874,1.5399999618530273,1.5549999475479126,167395,0.0,0.0
2022-10-14 13:30:00-04:00,1.5549999475479126,1.565000057220459,1.5399999618530273,1.5499999523162842,147630,0.0,0.0
2022-10-14 14:30:00-04:00,1.5449999570846558,1.5499999523162842,1.5199999809265137,1.5199999809265137,101386,0.0,0.0
2022-10-14 15:30:00-04:00,1.5199999809265137,1.5299999713897705,1.5,1.5049999952316284,304385,0.0,0.0
2022-10-17 09:30:00-04:00,1.5700000524520874,1.6050000190734863,1.5299999713897705,1.559999942779541,273168,0.0,0.0
2022-10-17 10:30:00-04:00,1.559999942779541,1.5700000524520874,1.5199999809265137,1.565000057220459,159071,0.0,0.0
2022-10-17 11:30:00-04:00,1.5700000524520874,1.590000033378601,1.559999942779541,1.5750000476837158,61097,0.0,0.0
2022-10-17 12:30:00-04:00,1.5700000524520874,1.590000033378601,1.5700000524520874,1.5700000524520874,56107,0.0,0.0
2022-10-17 13:30:00-04:00,1.5744999647140503,1.5750000476837158,1.5499999523162842,1.5499999523162842,79940,0.0,0.0
2022-10-17 14:30:00-04:00,1.5499999523162842,1.5549999475479126,1.5299999713897705,1.5299999713897705,146162,0.0,0.0
2022-10-17 15:30:00-04:00,1.534999966621399,1.5700000524520874,1.5299999713897705,1.559999942779541,341290,0.0,0.0
2022-10-18 09:30:00-04:00,1.590000033378601,1.6349999904632568,1.5800000429153442,1.6050000190734863,207600,0.0,0.0
2022-10-18 10:30:00-04:00,1.6018999814987183,1.6018999814987183,1.5449999570846558,1.5449999570846558,94054,0.0,0.0
2022-10-18 11:30:00-04:00,1.5449999570846558,1.559999942779541,1.524999976158142,1.5549999475479126,85563,0.0,0.0
2022-10-18 12:30:00-04:00,1.559999942779541,1.559999942779541,1.5299999713897705,1.5449999570846558,55464,0.0,0.0
2022-10-18 13:30:00-04:00,1.5399999618530273,1.559999942779541,1.5299999713897705,1.534999966621399,113815,0.0,0.0
2022-10-18 14:30:00-04:00,1.5299999713897705,1.5399999618530273,1.5099999904632568,1.534999966621399,127145,0.0,0.0
2022-10-18 15:30:00-04:00,1.534999966621399,1.559999942779541,1.534999966621399,1.5499999523162842,160943,0.0,0.0
2022-10-19 09:30:00-04:00,1.5199999809265137,1.5399999618530273,1.5,1.534999966621399,205790,0.0,0.0
2022-10-19 10:30:00-04:00,1.5399999618530273,1.5399999618530273,1.5,1.5049999952316284,41551,0.0,0.0
2022-10-19 11:30:00-04:00,1.5049999952316284,1.5099999904632568,1.475000023841858,1.475000023841858,177242,0.0,0.0
2022-10-19 12:30:00-04:00,1.4700000286102295,1.5,1.4700000286102295,1.4950000047683716,82556,0.0,0.0
2022-10-19 13:30:00-04:00,1.4924999475479126,1.5049999952316284,1.4824999570846558,1.4900000095367432,92486,0.0,0.0
2022-10-19 14:30:00-04:00,1.4900000095367432,1.4900000095367432,1.4700000286102295,1.4700000286102295,93222,0.0,0.0
2022-10-19 15:30:00-04:00,1.4700000286102295,1.4800000190734863,1.4600000381469727,1.4700000286102295,70318,0.0,0.0
2022-10-20 09:30:00-04:00,1.4900000095367432,1.5399999618530273,1.4500000476837158,1.5199999809265137,252409,0.0,0.0
2022-10-20 10:30:00-04:00,1.5299999713897705,1.5950000286102295,1.5110000371932983,1.5950000286102295,236655,0.0,0.0
2022-10-20 11:30:00-04:00,1.5950000286102295,1.6100000143051147,1.5499999523162842,1.5499999523162842,115326,0.0,0.0
2022-10-20 12:30:00-04:00,1.5499999523162842,1.559999942779541,1.5299999713897705,1.534999966621399,54612,0.0,0.0
2022-10-20 13:30:00-04:00,1.534999966621399,1.534999966621399,1.5,1.5149999856948853,73886,0.0,0.0
2022-10-20 14:30:00-04:00,1.5199999809265137,1.5299999713897705,1.5,1.5049999952316284,75383,0.0,0.0
2022-10-20 15:30:00-04:00,1.5049999952316284,1.5299999713897705,1.5049999952316284,1.5299999713897705,128760,0.0,0.0
2022-10-21 09:30:00-04:00,1.5299999713897705,1.559999942779541,1.4900000095367432,1.5549999475479126,197838,0.0,0.0
2022-10-21 10:30:00-04:00,1.5549999475479126,1.590000033378601,1.5549999475479126,1.590000033378601,179864,0.0,0.0
2022-10-21 11:30:00-04:00,1.5823999643325806,1.6299999952316284,1.5823999643325806,1.6100000143051147,231664,0.0,0.0
2022-10-21 12:30:00-04:00,1.6200000047683716,1.6200000047683716,1.600000023841858,1.600000023841858,37901,0.0,0.0
2022-10-21 13:30:00-04:00,1.6100000143051147,1.6200000047683716,1.600000023841858,1.600000023841858,63163,0.0,0.0
2022-10-21 14:30:00-04:00,1.600000023841858,1.6200000047683716,1.600000023841858,1.6150000095367432,86164,0.0,0.0
2022-10-21 15:30:00-04:00,1.6101000308990479,1.659999966621399,1.6100000143051147,1.659999966621399,292905,0.0,0.0
2022-10-24 09:30:00-04:00,1.649999976158142,1.649999976158142,1.5499999523162842,1.5499999523162842,122323,0.0,0.0
2022-10-24 10:30:00-04:00,1.5549999475479126,1.590000033378601,1.5499999523162842,1.565000057220459,112528,0.0,0.0
2022-10-24 11:30:00-04:00,1.565000057220459,1.600000023841858,1.559999942779541,1.5800000429153442,112394,0.0,0.0
2022-10-24 12:30:00-04:00,1.5800000429153442,1.5800000429153442,1.5399999618530273,1.5399999618530273,117267,0.0,0.0
2022-10-24 13:30:00-04:00,1.5399999618530273,1.5449999570846558,1.523900032043457,1.5449999570846558,88753,0.0,0.0
2022-10-24 14:30:00-04:00,1.5499999523162842,1.5499999523162842,1.5299999713897705,1.5449999570846558,58593,0.0,0.0
2022-10-24 15:30:00-04:00,1.5499999523162842,1.559999942779541,1.5399999618530273,1.5399999618530273,151607,0.0,0.0
2022-10-25 09:30:00-04:00,1.5700000524520874,1.6200000047683716,1.5449999570846558,1.5950000286102295,162206,0.0,0.0
2022-10-25 10:30:00-04:00,1.5950000286102295,1.6200000047683716,1.5800000429153442,1.6150000095367432,105804,0.0,0.0
2022-10-25 11:30:00-04:00,1.6150000095367432,1.6749999523162842,1.6100000143051147,1.659999966621399,230481,0.0,0.0
2022-10-25 12:30:00-04:00,1.6699999570846558,1.6699999570846558,1.649999976158142,1.6549999713897705,90669,0.0,0.0
2022-10-25 13:30:00-04:00,1.6549999713897705,1.6699999570846558,1.649999976158142,1.649999976158142,42296,0.0,0.0
2022-10-25 14:30:00-04:00,1.6549999713897705,1.659999966621399,1.649999976158142,1.659999966621399,30272,0.0,0.0
2022-10-25 15:30:00-04:00,1.6549999713897705,1.659999966621399,1.6399999856948853,1.649999976158142,123309,0.0,0.0
2022-10-26 09:30:00-04:00,1.649999976158142,1.690000057220459,1.6299999952316284,1.684999942779541,184002,0.0,0.0
2022-10-26 10:30:00-04:00,1.690000057220459,1.7350000143051147,1.6800999641418457,1.7201000452041626,117300,0.0,0.0
2022-10-26 11:30:00-04:00,1.7200000286102295,1.7300000190734863,1.7100000381469727,1.7100000381469727,93843,0.0,0.0
2022-10-26 12:30:00-04:00,1.715000033378601,1.7200000286102295,1.690000057220459,1.6950000524520874,54951,0.0,0.0
2022-10-26 13:30:00-04:00,1.6950000524520874,1.6950000524520874,1.6699999570846558,1.684999942779541,43997,0.0,0.0
2022-10-26 14:30:00-04:00,1.6800999641418457,1.690000057220459,1.6399999856948853,1.6649999618530273,131125,0.0,0.0
2022-10-26 15:30:00-04:00,1.6699999570846558,1.6699999570846558,1.649999976158142,1.649999976158142,95145,0.0,0.0
2022-10-27 09:30:00-04:00,1.690000057220459,1.690000057220459,1.6200000047683716,1.649999976158142,115102,0.0,0.0
2022-10-27 10:30:00-04:00,1.6549999713897705,1.6699999570846558,1.6399999856948853,1.6699999570846558,71695,0.0,0.0
2022-10-27 11:30:00-04:00,1.6699999570846558,1.6749999523162842,1.6449999809265137,1.6649999618530273,95624,0.0,0.0
2022-10-27 12:30:00-04:00,1.6649999618530273,1.6950000524520874,1.659999966621399,1.690000057220459,98880,0.0,0.0
2022-10-27 13:30:00-04:00,1.6950000524520874,1.725000023841858,1.690000057220459,1.7050000429153442,84524,0.0,0.0
2022-10-27 14:30:00-04:00,1.7000000476837158,1.7050000429153442,1.659999966621399,1.659999966621399,86100,0.0,0.0
2022-10-27 15:30:00-04:00,1.6649999618530273,1.6799999475479126,1.659999966621399,1.659999966621399,94797,0.0,0.0
2022-10-28 09:30:00-04:00,1.6699999570846558,1.7200000286102295,1.6466000080108643,1.649999976158142,91084,0.0,0.0
2022-10-28 10:30:00-04:00,1.649999976158142,1.7100000381469727,1.6399999856948853,1.7050000429153442,113016,0.0,0.0
2022-10-28 11:30:00-04:00,1.7050000429153442,1.7350000143051147,1.7050000429153442,1.7300000190734863,77621,0.0,0.0
2022-10-28 12:30:00-04:00,1.7300000190734863,1.75,1.7200000286102295,1.7400000095367432,135954,0.0,0.0
2022-10-28 13:30:00-04:00,1.7450000047683716,1.7599999904632568,1.7400000095367432,1.7599999904632568,98015,0.0,0.0
2022-10-28 14:30:00-04:00,1.7599999904632568,1.7649999856948853,1.7400000095367432,1.7450000047683716,104540,0.0,0.0
2022-10-28 15:30:00-04:00,1.75,1.774999976158142,1.7450000047683716,1.7599999904632568,277211,0.0,0.0
2022-10-31 09:30:00-04:00,1.75,1.7623000144958496,1.684999942779541,1.7300000190734863,113791,0.0,0.0
2022-10-31 10:30:00-04:00,1.7300000190734863,1.7949999570846558,1.7200000286102295,1.774999976158142,331677,0.0,0.0
2022-10-31 11:30:00-04:00,1.7793999910354614,1.7899999618530273,1.7649999856948853,1.7699999809265137,107964,0.0,0.0
2022-10-31 12:30:00-04:00,1.7699999809265137,1.784999966621399,1.7649999856948853,1.774999976158142,121037,0.0,0.0
2022-10-31 13:30:00-04:00,1.774999976158142,1.7799999713897705,1.7599999904632568,1.7699999809265137,62891,0.0,0.0
2022-10-31 14:30:00-04:00,1.7799999713897705,1.7899999618530273,1.75,1.774999976158142,76407,0.0,0.0
2022-10-31 15:30:00-04:00,1.7699999809265137,1.7899999618530273,1.7599999904632568,1.7599999904632568,136914,0.0,0.0
2022-11-01 09:30:00-04:00,1.7799999713897705,1.8600000143051147,1.7599999904632568,1.850000023841858,267010,0.0,0.0
2022-11-01 10:30:00-04:00,1.850000023841858,1.8600000143051147,1.8200000524520874,1.8250000476837158,108325,0.0,0.0
2022-11-01 11:30:00-04:00,1.8250000476837158,1.840000033378601,1.8013999462127686,1.8200000524520874,69775,0.0,0.0
2022-11-01 12:30:00-04:00,1.8200000524520874,1.8600000143051147,1.8200000524520874,1.850000023841858,50696,0.0,0.0
2022-11-01 13:30:00-04:00,1.8450000286102295,1.850000023841858,1.8300000429153442,1.8350000381469727,44333,0.0,0.0
2022-11-01 14:30:00-04:00,1.8350000381469727,1.840000033378601,1.7999999523162842,1.815000057220459,99461,0.0,0.0
2022-11-01 15:30:00-04:00,1.815000057220459,1.815000057220459,1.7799999713897705,1.7899999618530273,308059,0.0,0.0
2022-11-02 09:30:00-04:00,1.7899999618530273,1.7999999523162842,1.7100000381469727,1.7200000286102295,261915,0.0,0.0
2022-11-02 10:30:00-04:00,1.7200000286102295,1.7400000095367432,1.6900999546051025,1.7005000114440918,186288,0.0,0.0
2022-11-02 11:30:00-04:00,1.7050000429153442,1.7100000381469727,1.6699999570846558,1.690000057220459,109561,0.0,0.0
2022-11-02 12:30:00-04:00,1.684999942779541,1.684999942779541,1.6699999570846558,1.6775000095367432,75759,0.0,0.0
2022-11-02 13:30:00-04:00,1.6799999475479126,1.784999966621399,1.6699999570846558,1.784999966621399,241836,0.0,0.0
2022-11-02 14:30:00-04:00,1.7799999713897705,1.7799999713897705,1.684999942779541,1.6950000524520874,296490,0.0,0.0
2022-11-02 15:30:00-04:00,1.6950000524520874,1.7350000143051147,1.6799999475479126,1.690000057220459,460816,0.0,0.0
2022-11-03 09:30:00-04:00,1.8799999952316284,2.174999952316284,1.840000033378601,1.940000057220459,2651625,0.0,0.0
2022-11-03 10:30:00-04:00,1.9450000524520874,2.0,1.909999966621399,1.909999966621399,915722,0.0,0.0
2022-11-03 11:30:00-04:00,1.9149999618530273,2.0,1.899999976158142,1.9450000524520874,685742,0.0,0.0
2022-11-03 12:30:00-04:00,1.9450000524520874,1.9850000143051147,1.9299999475479126,1.9299999475479126,239546,0.0,0.0
2022-11-03 13:30:00-04:00,1.934999942779541,2.0299999713897705,1.9299999475479126,2.006700038909912,481102,0.0,0.0
2022-11-03 14:30:00-04:00,2.005000114440918,2.049999952316284,1.975000023841858,1.975000023841858,489498,0.0,0.0
2022-11-03 15:30:00-04:00,1.9780999422073364,1.9900000095367432,1.8300000429153442,1.841599941253662,1164336,0.0,0.0
2022-11-04 09:30:00-04:00,2.0299999713897705,2.0299999713897705,1.8300000429153442,1.8898999691009521,961737,0.0,0.0
2022-11-04 10:30:00-04:00,1.8898999691009521,2.055000066757202,1.8799999952316284,2.0250000953674316,468211,0.0,0.0
2022-11-04 11:30:00-04:00,2.0199999809265137,2.0299999713897705,1.9299999475479126,1.9550000429153442,339196,0.0,0.0
2022-11-04 12:30:00-04:00,1.9550000429153442,1.9600000381469727,1.8799999952316284,1.8949999809265137,216033,0.0,0.0
2022-11-04 13:30:00-04:00,1.8949999809265137,1.9049999713897705,1.875,1.8899999856948853,149725,0.0,0.0
2022-11-04 14:30:00-04:00,1.8899999856948853,1.9249999523162842,1.8799999952316284,1.9149999618530273,225694,0.0,0.0
2022-11-04 15:30:00-04:00,1.9149999618530273,1.9500000476837158,1.9049999713897705,1.9500000476837158,296282,0.0,0.0
2022-11-07 09:30:00-05:00,2.0999999046325684,2.369999885559082,2.069999933242798,2.265000104904175,1667365,0.0,0.0
2022-11-07 10:30:00-05:00,2.2600998878479004,2.449899911880493,2.259999990463257,2.4291000366210938,1074823,0.0,0.0
2022-11-07 11:30:00-05:00,2.430000066757202,2.4749999046325684,2.380000114440918,2.384999990463257,712894,0.0,0.0
2022-11-07 12:30:00-05:00,2.384999990463257,2.4000000953674316,2.2799999713897705,2.2899999618530273,547520,0.0,0.0
2022-11-07 13:30:00-05:00,2.2899999618530273,2.369999885559082,2.2750000953674316,2.365000009536743,420721,0.0,0.0
2022-11-07 14:30:00-05:00,2.365000009536743,2.440000057220459,2.3399999141693115,2.4149999618530273,768725,0.0,0.0
2022-11-07 15:30:00-05:00,2.4149999618530273,2.444999933242798,2.380000114440918,2.380000114440918,319701,0.0,0.0
2022-11-08 09:30:00-05:00,2.390000104904175,2.549999952316284,2.2899999618530273,2.4149999618530273,1357818,0.0,0.0
2022-11-08 10:30:00-05:00,2.4149999618530273,2.430000066757202,2.3399999141693115,2.4049999713897705,429506,0.0,0.0
2022-11-08 11:30:00-05:00,2.4049999713897705,2.4189000129699707,2.375,2.4049999713897705,347501,0.0,0.0
2022-11-08 12:30:00-05:00,2.4000000953674316,2.4049999713897705,2.3399999141693115,2.3450000286102295,125648,0.0,0.0
2022-11-08 13:30:00-05:00,2.341599941253662,2.349900007247925,2.294600009918213,2.305000066757202,326952,0.0,0.0
2022-11-08 14:30:00-05:00,2.305000066757202,2.3299999237060547,2.2950000762939453,2.325000047683716,180004,0.0,0.0
2022-11-08 15:30:00-05:00,2.3299999237060547,2.3499999046325684,2.319999933242798,2.3499999046325684,397037,0.0,0.0
2022-11-09 09:30:00-05:00,2.299999952316284,2.3499999046325684,2.25,2.2950000762939453,294154,0.0,0.0
2022-11-09 10:30:00-05:00,2.2899999618530273,2.299999952316284,2.240000009536743,2.244999885559082,236177,0.0,0.0
2022-11-09 11:30:00-05:00,2.244999885559082,2.244999885559082,2.194999933242798,2.2149999141693115,190871,0.0,0.0
2022-11-09 12:30:00-05:00,2.2149999141693115,2.2249999046325684,2.1500000953674316,2.184999942779541,186890,0.0,0.0
2022-11-09 13:30:00-05:00,2.184999942779541,2.190000057220459,2.130000114440918,2.1449999809265137,268177,0.0,0.0
2022-11-09 14:30:00-05:00,2.1449999809265137,2.1549999713897705,2.119999885559082,2.119999885559082,308781,0.0,0.0
2022-11-09 15:30:00-05:00,2.119999885559082,2.1500000953674316,2.0999999046325684,2.1050000190734863,232986,0.0,0.0
2022-11-10 09:30:00-05:00,2.2699999809265137,2.2699999809265137,2.1500000953674316,2.1500000953674316,842327,0.0,0.0
2022-11-10 10:30:00-05:00,2.1500000953674316,2.200000047683716,2.065000057220459,2.174999952316284,849460,0.0,0.0
2022-11-10 11:30:00-05:00,2.180000066757202,2.2249999046325684,2.180000066757202,2.2249999046325684,299220,0.0,0.0
2022-11-10 12:30:00-05:00,2.2200000286102295,2.255000114440918,2.2100000381469727,2.240000009536743,146425,0.0,0.0
2022-11-10 13:30:00-05:00,2.244999885559082,2.244999885559082,2.194999933242798,2.2149999141693115,193535,0.0,0.0
2022-11-10 14:30:00-05:00,2.2149999141693115,2.2799999713897705,2.2149999141693115,2.255000114440918,256855,0.0,0.0
2022-11-10 15:30:00-05:00,2.255000114440918,2.2899999618530273,2.25,2.265000104904175,313523,0.0,0.0
2022-11-11 09:30:00-05:00,2.259999990463257,2.319999933242798,2.2249999046325684,2.255000114440918,387671,0.0,0.0
2022-11-11 10:30:00-05:00,2.255000114440918,2.2899999618530273,2.2149999141693115,2.2149999141693115,206999,0.0,0.0
2022-11-11 11:30:00-05:00,2.2100000381469727,2.240000009536743,2.200000047683716,2.2049999237060547,109507,0.0,0.0
2022-11-11 12:30:00-05:00,2.200000047683716,2.200000047683716,2.1600000858306885,2.174999952316284,393333,0.0,0.0
2022-11-11 13:30:00-05:00,2.174999952316284,2.194999933242798,2.1600000858306885,2.184999942779541,271353,0.0,0.0
2022-11-11 14:30:00-05:00,2.184999942779541,2.194999933242798,2.1500000953674316,2.1649999618530273,155899,0.0,0.0
2022-11-11 15:30:00-05:00,2.1649999618530273,2.194999933242798,2.1600000858306885,2.1649999618530273,238326,0.0,0.0
2022-11-14 09:30:00-05:00,2.180000066757202,2.2200000286102295,2.0399999618530273,2.0850000381469727,303923,0.0,0.0
2022-11-14 10:30:00-05:00,2.0899999141693115,2.109999895095825,2.0208001136779785,2.0350000858306885,207952,0.0,0.0
2022-11-14 11:30:00-05:00,2.0350000858306885,2.0799999237060547,2.0350000858306885,2.049999952316284,264199,0.0,0.0
2022-11-14 12:30:00-05:00,2.055000066757202,2.1050000190734863,2.049999952316284,2.0999999046325684,190409,0.0,0.0
2022-11-14 13:30:00-05:00,2.0950000286102295,2.109999895095825,2.0799999237060547,2.0950000286102295,209284,0.0,0.0
2022-11-14 14:30:00-05:00,2.0950000286102295,2.0950000286102295,2.0399999618530273,2.055000066757202,146025,0.0,0.0
2022-11-14 15:30:00-05:00,2.055000066757202,2.059999942779541,2.009999990463257,2.0250000953674316,305163,0.0,0.0
2022-11-15 09:30:00-05:00,2.299999952316284,2.299999952316284,2.0999999046325684,2.2049999237060547,595148,0.0,0.0
2022-11-15 10:30:00-05:00,2.2049999237060547,2.2049999237060547,2.119999885559082,2.134999990463257,218427,0.0,0.0
2022-11-15 11:30:00-05:00,2.140000104904175,2.1649999618530273,2.0999999046325684,2.1449999809265137,370866,0.0,0.0
2022-11-15 12:30:00-05:00,2.1449999809265137,2.2100000381469727,2.119999885559082,2.184999942779541,283520,0.0,0.0
2022-11-15 13:30:00-05:00,2.190000057220459,2.2750000953674316,2.1700000762939453,2.265000104904175,334172,0.0,0.0
2022-11-15 14:30:00-05:00,2.265000104904175,2.329900026321411,2.2300000190734863,2.315000057220459,372926,0.0,0.0
2022-11-15 15:30:00-05:00,2.315000057220459,2.3350000381469727,2.2699999809265137,2.2850000858306885,448462,0.0,0.0
2022-11-16 09:30:00-05:00,2.2899999618530273,2.450000047683716,2.244999885559082,2.4316000938415527,853879,0.0,0.0
2022-11-16 10:30:00-05:00,2.434999942779541,2.509999990463257,2.380000114440918,2.4600000381469727,662350,0.0,0.0
2022-11-16 11:30:00-05:00,2.450000047683716,2.4700000286102295,2.430000066757202,2.4549999237060547,423941,0.0,0.0
2022-11-16 12:30:00-05:00,2.450000047683716,2.509999990463257,2.430000066757202,2.450000047683716,617618,0.0,0.0
2022-11-16 13:30:00-05:00,2.450000047683716,2.4800000190734863,2.440000057220459,2.4700000286102295,223161,0.0,0.0
2022-11-16 14:30:00-05:00,2.4749999046325684,2.494999885559082,2.444999933242798,2.4549999237060547,316740,0.0,0.0
2022-11-16 15:30:00-05:00,2.4549999237060547,2.4800000190734863,2.4000000953674316,2.444999933242798,801626,0.0,0.0
2022-11-17 09:30:00-05:00,2.369999885559082,2.375,2.2300000190734863,2.2815001010894775,618384,0.0,0.0
2022-11-17 10:30:00-05:00,2.2799999713897705,2.2799999713897705,2.1600000858306885,2.174999952316284,477173,0.0,0.0
2022-11-17 11:30:00-05:00,2.1765999794006348,2.180000066757202,2.130000114440918,2.1301000118255615,266023,0.0,0.0
2022-11-17 12:30:00-05:00,2.139899969100952,2.1500000953674316,2.119999885559082,2.119999885559082,201672,0.0,0.0
2022-11-17 13:30:00-05:00,2.119999885559082,2.134999990463257,2.0801000595092773,2.1050000190734863,282122,0.0,0.0
2022-11-17 14:30:00-05:00,2.1050000190734863,2.130000114440918,2.090100049972534,2.109999895095825,184422,0.0,0.0
2022-11-17 15:30:00-05:00,2.115000009536743,2.115000009536743,2.0899999141693115,2.0999999046325684,267662,0.0,0.0
2022-11-18 09:30:00-05:00,2.140000104904175,2.1500000953674316,2.0199999809265137,2.065000057220459,523962,0.0,0.0
2022-11-18 10:30:00-05:00,2.069999933242798,2.119999885559082,2.059999942779541,2.0850000381469727,195538,0.0,0.0
2022-11-18 11:30:00-05:00,2.0850000381469727,2.0999999046325684,2.0815000534057617,2.0999999046325684,163727,0.0,0.0
2022-11-18 12:30:00-05:00,2.0999999046325684,2.0999999046325684,2.0399999618530273,2.055000066757202,157550,0.0,0.0
2022-11-18 13:30:00-05:00,2.059999942779541,2.059999942779541,2.0399999618530273,2.0450000762939453,94319,0.0,0.0
2022-11-18 14:30:00-05:00,2.0450000762939453,2.049999952316284,2.012500047683716,2.0299999713897705,196762,0.0,0.0
2022-11-18 15:30:00-05:00,2.0299999713897705,2.0399999618530273,2.0199999809265137,2.0199999809265137,166510,0.0,0.0
2022-11-21 09:30:00-05:00,2.009999990463257,2.130000114440918,2.0,2.0450000762939453,439430,0.0,0.0
2022-11-21 10:30:00-05:00,2.0399999618530273,2.109999895095825,2.0399999618530273,2.1050000190734863,135205,0.0,0.0
2022-11-21 11:30:00-05:00,2.1050000190734863,2.117799997329712,2.0899999141693115,2.1050000190734863,106958,0.0,0.0
2022-11-21 12:30:00-05:00,2.1050000190734863,2.140000104904175,2.0999999046325684,2.115000009536743,129236,0.0,0.0
2022-11-21 13:30:00-05:00,2.112499952316284,2.1600000858306885,2.0999999046325684,2.1050000190734863,323875,0.0,0.0
2022-11-21 14:30:00-05:00,2.1050000190734863,2.109999895095825,2.0950000286102295,2.1050000190734863,113821,0.0,0.0
2022-11-21 15:30:00-05:00,2.1050000190734863,2.1600000858306885,2.0999999046325684,2.1549999713897705,434854,0.0,0.0
2022-11-22 09:30:00-05:00,2.1600000858306885,2.190000057220459,2.059999942779541,2.1500000953674316,313924,0.0,0.0
2022-11-22 10:30:00-05:00,2.1549999713897705,2.1600000858306885,2.125,2.1500000953674316,127163,0.0,0.0
2022-11-22 11:30:00-05:00,2.1600000858306885,2.1600000858306885,2.130000114440918,2.134999990463257,118512,0.0,0.0
2022-11-22 12:30:00-05:00,2.134999990463257,2.140000104904175,2.109999895095825,2.125,105639,0.0,0.0
2022-11-22 13:30:00-05:00,2.125,2.130000114440918,2.109999895095825,2.109999895095825,69541,0.0,0.0
2022-11-22 14:30:00-05:00,2.115000009536743,2.140000104904175,2.109999895095825,2.134999990463257,81835,0.0,0.0
2022-11-22 15:30:00-05:00,2.134999990463257,2.149199962615967,2.109999895095825,2.130000114440918,285526,0.0,0.0
2022-11-23 09:30:00-05:00,2.119999885559082,2.231100082397461,2.119999885559082,2.174999952316284,284050,0.0,0.0
2022-11-23 10:30:00-05:00,2.174999952316284,2.180000066757202,2.130000114440918,2.130000114440918,309044,0.0,0.0
2022-11-23 11:30:00-05:00,2.134999990463257,2.1500000953674316,2.109999895095825,2.125,124534,0.0,0.0
2022-11-23 12:30:00-05:00,2.119999885559082,2.1398000717163086,2.109999895095825,2.134999990463257,88660,0.0,0.0
2022-11-23 13:30:00-05:00,2.134999990463257,2.1600000858306885,2.119999885559082,2.1549999713897705,117814,0.0,0.0
2022-11-23 14:30:00-05:00,2.1500000953674316,2.1500000953674316,2.119999885559082,2.125,130971,0.0,0.0
2022-11-23 15:30:00-05:00,2.125,2.125,2.0999999046325684,2.109999895095825,181612,0.0,0.0
2022-11-25 09:30:00-05:00,2.0899999141693115,2.1500000953674316,2.0899999141693115,2.1178998947143555,139198,0.0,0.0
2022-11-25 10:30:00-05:00,2.115000009536743,2.115000009536743,2.0799999237060547,2.0850000381469727,195281,0.0,0.0
2022-11-25 11:30:00-05:00,2.088599920272827,2.109999895095825,2.0799999237060547,2.0950000286102295,74585,0.0,0.0
2022-11-28 09:30:00-05:00,2.109999895095825,2.1500000953674316,2.0799999237060547,2.0799999237060547,504135,0.0,0.0
2022-11-28 10:30:00-05:00,2.0799999237060547,2.109999895095825,2.055000066757202,2.0950000286102295,719124,0.0,0.0
2022-11-28 11:30:00-05:00,2.0899999141693115,2.125,2.0899999141693115,2.125,63876,0.0,0.0
2022-11-28 12:30:00-05:00,2.125,2.125,2.0950000286102295,2.1050000190734863,51466,0.0,0.0
2022-11-28 13:30:00-05:00,2.0999999046325684,2.0999999046325684,2.065000057220459,2.065000057220459,103667,0.0,0.0
2022-11-28 14:30:00-05:00,2.065000057220459,2.075000047683716,2.059999942779541,2.065000057220459,99605,0.0,0.0
2022-11-28 15:30:00-05:00,2.0601000785827637,2.069999933242798,2.01200008392334,2.0299999713897705,303458,0.0,0.0
2022-11-29 09:30:00-05:00,2.009999990463257,2.069999933242798,2.0,2.015000104904175,199407,0.0,0.0
2022-11-29 10:30:00-05:00,2.015000104904175,2.0299999713897705,1.9500000476837158,2.0,315973,0.0,0.0
2022-11-29 11:30:00-05:00,2.0,2.0350000858306885,1.9950000047683716,2.0250000953674316,129313,0.0,0.0
2022-11-29 12:30:00-05:00,2.0250000953674316,2.0399999618530273,2.015000104904175,2.0199999809265137,61330,0.0,0.0
2022-11-29 13:30:00-05:00,2.0199999809265137,2.0399999618530273,2.0199999809265137,2.0350000858306885,61342,0.0,0.0
2022-11-29 14:30:00-05:00,2.0399999618530273,2.0399999618530273,2.005000114440918,2.005000114440918,97351,0.0,0.0
2022-11-29 15:30:00-05:00,2.009999990463257,2.009999990463257,1.9800000190734863,1.9900000095367432,146411,0.0,0.0
2022-11-30 09:30:00-05:00,2.009999990463257,2.0799999237060547,1.9900000095367432,2.069999933242798,358465,0.0,0.0
2022-11-30 10:30:00-05:00,2.069999933242798,2.075000047683716,2.0399999618530273,2.0450000762939453,125128,0.0,0.0
2022-11-30 11:30:00-05:00,2.049999952316284,2.059999942779541,2.0350000858306885,2.0450000762939453,308519,0.0,0.0
2022-11-30 12:30:00-05:00,2.049999952316284,2.069999933242798,2.0399999618530273,2.049999952316284,316854,0.0,0.0
2022-11-30 13:30:00-05:00,2.055000066757202,2.130000114440918,2.049999952316284,2.130000114440918,317844,0.0,0.0
2022-11-30 14:30:00-05:00,2.125,2.130000114440918,2.069999933242798,2.130000114440918,295694,0.0,0.0
2022-11-30 15:30:00-05:00,2.130000114440918,2.1500000953674316,2.1201000213623047,2.140000104904175,581639,0.0,0.0
2022-12-01 09:30:00-05:00,2.130000114440918,2.184999942779541,2.0850000381469727,2.0850000381469727,146568,0.0,0.0
2022-12-01 10:30:00-05:00,2.0850000381469727,2.119999885559082,2.0799999237060547,2.115000009536743,107485,0.0,0.0
2022-12-01 11:30:00-05:00,2.119999885559082,2.130000114440918,2.065000057220459,2.065000057220459,87082,0.0,0.0
2022-12-01 12:30:00-05:00,2.065000057220459,2.075000047683716,2.049999952316284,2.055000066757202,97660,0.0,0.0
2022-12-01 13:30:00-05:00,2.0546000003814697,2.069999933242798,2.049999952316284,2.065000057220459,41968,0.0,0.0
2022-12-01 14:30:00-05:00,2.069200038909912,2.075000047683716,2.049999952316284,2.055000066757202,88606,0.0,0.0
2022-12-01 15:30:00-05:00,2.055000066757202,2.059999942779541,2.0299999713897705,2.0350000858306885,124948,0.0,0.0
2022-12-02 09:30:00-05:00,2.0399999618530273,2.0399999618530273,1.9800000190734863,2.0250000953674316,496879,0.0,0.0
2022-12-02 10:30:00-05:00,2.0250000953674316,2.0299999713897705,2.0,2.015000104904175,169135,0.0,0.0
2022-12-02 11:30:00-05:00,2.009999990463257,2.0399999618530273,2.0,2.0250000953674316,334255,0.0,0.0
2022-12-02 12:30:00-05:00,2.0250000953674316,2.0250000953674316,2.0,2.015000104904175,144378,0.0,0.0
2022-12-02 13:30:00-05:00,2.015000104904175,2.0199999809265137,2.0,2.015000104904175,201148,0.0,0.0
2022-12-02 14:30:00-05:00,2.015000104904175,2.0799999237060547,2.009999990463257,2.065000057220459,366847,0.0,0.0
2022-12-02 15:30:00-05:00,2.065000057220459,2.0950000286102295,2.049999952316284,2.0799999237060547,425375,0.0,0.0
2022-12-05 09:30:00-05:00,2.0799999237060547,2.140000104904175,2.0529000759124756,2.125,400509,0.0,0.0
2022-12-05 10:30:00-05:00,2.1201000213623047,2.140000104904175,2.0899999141693115,2.115000009536743,173284,0.0,0.0
2022-12-05 11:30:00-05:00,2.115000009536743,2.1500000953674316,2.109999895095825,2.140000104904175,95447,0.0,0.0
2022-12-05 12:30:00-05:00,2.139699935913086,2.140000104904175,2.109999895095825,2.119999885559082,126908,0.0,0.0
2022-12-05 13:30:00-05:00,2.119999885559082,2.125,2.0899999141693115,2.0950000286102295,204410,0.0,0.0
2022-12-05 14:30:00-05:00,2.0950000286102295,2.109999895095825,2.0899999141693115,2.0950000286102295,405580,0.0,0.0
2022-12-05 15:30:00-05:00,2.0950000286102295,2.119999885559082,2.0799999237060547,2.115000009536743,573999,0.0,0.0
2022-12-06 09:30:00-05:00,2.0999999046325684,2.130000114440918,2.0199999809265137,2.055000066757202,344256,0.0,0.0
2022-12-06 10:30:00-05:00,2.049999952316284,2.059999942779541,2.0199999809265137,2.0299999713897705,196333,0.0,0.0
2022-12-06 11:30:00-05:00,2.0199999809265137,2.0299999713897705,1.9800000190734863,2.0199999809265137,365090,0.0,0.0
2022-12-06 12:30:00-05:00,2.015000104904175,2.0199999809265137,1.9900000095367432,2.0199999809265137,294812,0.0,0.0
2022-12-06 13:30:00-05:00,2.0199999809265137,2.0199999809265137,1.9900000095367432,2.0199999809265137,235825,0.0,0.0
2022-12-06 14:30:00-05:00,2.0199999809265137,2.0299999713897705,1.9800000190734863,1.9800000190734863,239983,0.0,0.0
2022-12-06 15:30:00-05:00,1.9800000190734863,2.0,1.9700000286102295,1.9950000047683716,341586,0.0,0.0
2022-12-07 09:30:00-05:00,1.9900000095367432,1.9900000095367432,1.9299999475479126,1.9299999475479126,507490,0.0,0.0
2022-12-07 10:30:00-05:00,1.9299999475479126,2.0,1.9199999570846558,1.9450000524520874,347774,0.0,0.0
2022-12-07 11:30:00-05:00,1.9450000524520874,1.965000033378601,1.8899999856948853,1.8949999809265137,478444,0.0,0.0
2022-12-07 12:30:00-05:00,1.8949999809265137,1.9500000476837158,1.8899999856948853,1.9450000524520874,225682,0.0,0.0
2022-12-07 13:30:00-05:00,1.9450000524520874,1.9500000476837158,1.8450000286102295,1.850000023841858,521374,0.0,0.0
2022-12-07 14:30:00-05:00,1.850000023841858,1.9199999570846558,1.840000033378601,1.9049999713897705,644558,0.0,0.0
2022-12-07 15:30:00-05:00,1.909999966621399,1.9199999570846558,1.899999976158142,1.9049999713897705,304790,0.0,0.0
2022-12-08 09:30:00-05:00,1.909999966621399,2.055000066757202,1.9049999713897705,2.049999952316284,194551,0.0,0.0
2022-12-08 10:30:00-05:00,2.049999952316284,2.069999933242798,2.0,2.0250000953674316,185681,0.0,0.0
2022-12-08 11:30:00-05:00,2.0250000953674316,2.0250000953674316,1.9901000261306763,2.005000114440918,163810,0.0,0.0
2022-12-08 12:30:00-05:00,2.0,2.0299999713897705,1.9900000095367432,2.0250000953674316,48452,0.0,0.0
2022-12-08 13:30:00-05:00,2.0250000953674316,2.055000066757202,2.015000104904175,2.0199999809265137,178225,0.0,0.0
2022-12-08 14:30:00-05:00,2.015000104904175,2.0299999713897705,2.0,2.0250000953674316,81890,0.0,0.0
2022-12-08 15:30:00-05:00,2.0250000953674316,2.059999942779541,2.015000104904175,2.059999942779541,172141,0.0,0.0
2022-12-09 09:30:00-05:00,2.0299999713897705,2.069999933242798,2.0299999713897705,2.055000066757202,131634,0.0,0.0
2022-12-09 10:30:00-05:00,2.059999942779541,2.0799999237060547,2.0450000762939453,2.055000066757202,81066,0.0,0.0
2022-12-09 11:30:00-05:00,2.055000066757202,2.059999942779541,2.0399999618530273,2.0450000762939453,102226,0.0,0.0
2022-12-09 12:30:00-05:00,2.0450000762939453,2.049999952316284,2.0399999618530273,2.0450000762939453,56474,0.0,0.0
2022-12-09 13:30:00-05:00,2.0450000762939453,2.059999942779541,2.0399999618530273,2.055000066757202,76508,0.0,0.0
2022-12-09 14:30:00-05:00,2.055000066757202,2.069999933242798,2.049999952316284,2.059999942779541,87600,0.0,0.0
2022-12-09 15:30:00-05:00,2.049999952316284,2.059999942779541,2.0399999618530273,2.0399999618530273,312535,0.0,0.0
2022-12-12 09:30:00-05:00,1.3700000047683716,2.0399999618530273,1.0299999713897705,1.259600043296814,6986264,0.0,0.0
2022-12-12 10:30:00-05:00,1.2517999410629272,1.2799999713897705,1.1699999570846558,1.2553999423980713,2255489,0.0,0.0
2022-12-12 11:30:00-05:00,1.250100016593933,1.2899999618530273,1.2100000381469727,1.2899999618530273,1184397,0.0,0.0
2022-12-12 12:30:00-05:00,1.2799999713897705,1.2899999618530273,1.25,1.2649999856948853,694516,0.0,0.0
2022-12-12 13:30:00-05:00,1.2649999856948853,1.309999942779541,1.2599999904632568,1.3049999475479126,1031379,0.0,0.0
2022-12-12 14:30:00-05:00,1.3049999475479126,1.440000057220459,1.3049999475479126,1.3849999904632568,1243137,0.0,0.0
2022-12-12 15:30:00-05:00,1.3849999904632568,1.4299999475479126,1.3200000524520874,1.3550000190734863,1178173,0.0,0.0
2022-12-13 09:30:00-05:00,1.3899999856948853,1.4049999713897705,1.3200000524520874,1.368499994277954,1286494,0.0,0.0
2022-12-13 10:30:00-05:00,1.3650000095367432,1.3650000095367432,1.2599999904632568,1.2798999547958374,617748,0.0,0.0
2022-12-13 11:30:00-05:00,1.274999976158142,1.2799999713897705,1.190000057220459,1.225000023841858,749144,0.0,0.0
2022-12-13 12:30:00-05:00,1.2200000286102295,1.2300000190734863,1.187999963760376,1.225000023841858,365217,0.0,0.0
2022-12-13 13:30:00-05:00,1.225000023841858,1.2300000190734863,1.2100000381469727,1.215000033378601,262374,0.0,0.0
2022-12-13 14:30:00-05:00,1.215000033378601,1.2200000286102295,1.1799999475479126,1.198799967765808,540047,0.0,0.0
2022-12-13 15:30:00-05:00,1.1950000524520874,1.2100000381469727,1.190000057220459,1.190000057220459,332794,0.0,0.0
2022-12-14 09:30:00-05:00,1.2100000381469727,1.2200000286102295,1.159999966621399,1.2074999809265137,539936,0.0,0.0
2022-12-14 10:30:00-05:00,1.2100000381469727,1.2199000120162964,1.1699999570846558,1.190000057220459,246807,0.0,0.0
2022-12-14 11:30:00-05:00,1.181399941444397,1.2000000476837158,1.1700999736785889,1.1950000524520874,209360,0.0,0.0
2022-12-14 12:30:00-05:00,1.2000000476837158,1.2300000190734863,1.190000057220459,1.2201000452041626,418197,0.0,0.0
2022-12-14 13:30:00-05:00,1.225000023841858,1.25,1.2000000476837158,1.2200000286102295,510146,0.0,0.0
2022-12-14 14:30:00-05:00,1.2200000286102295,1.2400000095367432,1.2000000476837158,1.2000000476837158,596505,0.0,0.0
2022-12-14 15:30:00-05:00,1.2009999752044678,1.2074999809265137,1.1699999570846558,1.1699999570846558,631968,0.0,0.0
2022-12-15 09:30:00-05:00,1.149999976158142,1.2000000476837158,1.1349999904632568,1.1790000200271606,371831,0.0,0.0
2022-12-15 10:30:00-05:00,1.1756000518798828,1.1756000518798828,1.1301000118255615,1.1549999713897705,211729,0.0,0.0
2022-12-15 11:30:00-05:00,1.1549999713897705,1.1799999475479126,1.1299999952316284,1.1449999809265137,202587,0.0,0.0
2022-12-15 12:30:00-05:00,1.1449999809265137,1.1449999809265137,1.1100000143051147,1.1180000305175781,358561,0.0,0.0
2022-12-15 13:30:00-05:00,1.1150000095367432,1.1299999952316284,1.100000023841858,1.125,123881,0.0,0.0
2022-12-15 14:30:00-05:00,1.1200000047683716,1.1299999952316284,1.100600004196167,1.1100000143051147,183274,0.0,0.0
2022-12-15 15:30:00-05:00,1.1100000143051147,1.1299999952316284,1.100000023841858,1.1100000143051147,191547,0.0,0.0
2022-12-16 09:30:00-05:00,1.1200000047683716,1.1299999952316284,1.0499999523162842,1.059999942779541,772233,0.0,0.0
2022-12-16 10:30:00-05:00,1.059999942779541,1.0799000263214111,1.0499999523162842,1.065000057220459,246770,0.0,0.0
2022-12-16 11:30:00-05:00,1.065000057220459,1.090000033378601,1.059999942779541,1.065000057220459,239260,0.0,0.0
2022-12-16 12:30:00-05:00,1.065000057220459,1.0800000429153442,1.0549999475479126,1.065000057220459,563242,0.0,0.0
2022-12-16 13:30:00-05:00,1.059999942779541,1.1085000038146973,1.059999942779541,1.1050000190734863,340125,0.0,0.0
2022-12-16 14:30:00-05:00,1.1050000190734863,1.1200000047683716,1.090000033378601,1.1150000095367432,463579,0.0,0.0
2022-12-16 15:30:00-05:00,1.1150000095367432,1.1399999856948853,1.1100000143051147,1.1100000143051147,540204,0.0,0.0
2022-12-19 09:30:00-05:00,1.1399999856948853,1.190000057220459,1.1050000190734863,1.159999966621399,769445,0.0,0.0
2022-12-19 10:30:00-05:00,1.1649999618530273,1.1699999570846558,1.1299999952316284,1.1449999809265137,193254,0.0,0.0
2022-12-19 11:30:00-05:00,1.1449999809265137,1.149999976158142,1.1100000143051147,1.1150000095367432,145380,0.0,0.0
2022-12-19 12:30:00-05:00,1.1150000095367432,1.1253999471664429,1.1100000143051147,1.1200000047683716,121846,0.0,0.0
2022-12-19 13:30:00-05:00,1.1150000095367432,1.1399999856948853,1.110200047492981,1.1200000047683716,165367,0.0,0.0
2022-12-19 14:30:00-05:00,1.1150000095367432,1.1200000047683716,1.100000023841858,1.1050000190734863,197660,0.0,0.0
2022-12-19 15:30:00-05:00,1.100000023841858,1.1100000143051147,1.090000033378601,1.0999000072479248,497850,0.0,0.0
2022-12-20 09:30:00-05:00,1.1399999856948853,1.159999966621399,1.111299991607666,1.159999966621399,444227,0.0,0.0
2022-12-20 10:30:00-05:00,1.1549999713897705,1.1699999570846558,1.1399999856948853,1.1449999809265137,128937,0.0,0.0
2022-12-20 11:30:00-05:00,1.1449999809265137,1.1799999475479126,1.1399999856948853,1.160099983215332,136616,0.0,0.0
2022-12-20 12:30:00-05:00,1.159999966621399,1.1614999771118164,1.1399999856948853,1.1414999961853027,160103,0.0,0.0
2022-12-20 13:30:00-05:00,1.1449999809265137,1.190000057220459,1.1399999856948853,1.184999942779541,184346,0.0,0.0
2022-12-20 14:30:00-05:00,1.190000057220459,1.190000057220459,1.1449999809265137,1.159999966621399,207463,0.0,0.0
2022-12-20 15:30:00-05:00,1.1549999713897705,1.159999966621399,1.1403000354766846,1.159999966621399,446807,0.0,0.0
2022-12-21 09:30:00-05:00,1.149999976158142,1.1799999475479126,1.1349999904632568,1.179900050163269,185011,0.0,0.0
2022-12-21 10:30:00-05:00,1.1699999570846558,1.2200000286102295,1.1699999570846558,1.2200000286102295,267794,0.0,0.0
2022-12-21 11:30:00-05:00,1.2115999460220337,1.2200000286102295,1.2000999450683594,1.2100000381469727,133190,0.0,0.0
2022-12-21 12:30:00-05:00,1.2100000381469727,1.2200000286102295,1.2000000476837158,1.2000000476837158,202613,0.0,0.0
2022-12-21 13:30:00-05:00,1.2000000476837158,1.2350000143051147,1.2000000476837158,1.2350000143051147,156101,0.0,0.0
2022-12-21 14:30:00-05:00,1.2300000190734863,1.2400000095367432,1.2000000476837158,1.2050000429153442,316035,0.0,0.0
2022-12-21 15:30:00-05:00,1.2050000429153442,1.2100000381469727,1.190000057220459,1.2000000476837158,212101,0.0,0.0
2022-12-22 09:30:00-05:00,1.190000057220459,1.2100000381469727,1.149999976158142,1.1549999713897705,133650,0.0,0.0
2022-12-22 10:30:00-05:00,1.1598999500274658,1.159999966621399,1.1399999856948853,1.15339994430542,121878,0.0,0.0
2022-12-22 11:30:00-05:00,1.1500999927520752,1.1699999570846558,1.149999976158142,1.149999976158142,88114,0.0,0.0
2022-12-22 12:30:00-05:00,1.149999976158142,1.1699999570846558,1.1399999856948853,1.1649999618530273,71371,0.0,0.0
2022-12-22 13:30:00-05:00,1.1649999618530273,1.190000057220459,1.1649999618530273,1.184999942779541,39972,0.0,0.0
2022-12-22 14:30:00-05:00,1.184999942779541,1.184999942779541,1.1699999570846558,1.1699999570846558,75142,0.0,0.0
2022-12-22 15:30:00-05:00,1.1699999570846558,1.190000057220459,1.1649999618530273,1.1799999475479126,275376,0.0,0.0
2022-12-23 09:30:00-05:00,1.1699999570846558,1.190500020980835,1.1449999809265137,1.156999945640564,173488,0.0,0.0
2022-12-23 10:30:00-05:00,1.149999976158142,1.159999966621399,1.1399999856948853,1.1549999713897705,162283,0.0,0.0
2022-12-23 11:30:00-05:00,1.149999976158142,1.159999966621399,1.1399999856948853,1.1549999713897705,74369,0.0,0.0
2022-12-23 12:30:00-05:00,1.1514999866485596,1.159999966621399,1.149999976158142,1.1549999713897705,53250,0.0,0.0
2022-12-23 13:30:00-05:00,1.149999976158142,1.1549999713897705,1.1399999856948853,1.1399999856948853,30354,0.0,0.0
2022-12-23 14:30:00-05:00,1.1449999809265137,1.1799999475479126,1.1399999856948853,1.1799999475479126,66097,0.0,0.0
2022-12-23 15:30:00-05:00,1.1749999523162842,1.1749999523162842,1.159999966621399,1.1649999618530273,45527,0.0,0.0
2022-12-27 09:30:00-05:00,1.1699999570846558,1.2000000476837158,1.149999976158142,1.1699999570846558,342620,0.0,0.0
2022-12-27 10:30:00-05:00,1.1689000129699707,1.1699999570846558,1.1399999856948853,1.1549999713897705,129554,0.0,0.0
2022-12-27 11:30:00-05:00,1.159999966621399,1.159999966621399,1.1399999856948853,1.1449999809265137,80313,0.0,0.0
2022-12-27 12:30:00-05:00,1.1449999809265137,1.149999976158142,1.1299999952316284,1.1349999904632568,121076,0.0,0.0
2022-12-27 13:30:00-05:00,1.1361000537872314,1.149999976158142,1.1299999952316284,1.1349999904632568,81676,0.0,0.0
2022-12-27 14:30:00-05:00,1.1349999904632568,1.1349999904632568,1.1200000047683716,1.125,133278,0.0,0.0
2022-12-27 15:30:00-05:00,1.125,1.1299999952316284,1.1200000047683716,1.125,121616,0.0,0.0
2022-12-28 09:30:00-05:00,1.1399999856948853,1.1799999475479126,1.1101000308990479,1.1150000095367432,230764,0.0,0.0
2022-12-28 10:30:00-05:00,1.1116000413894653,1.1299999952316284,1.1100000143051147,1.125,97207,0.0,0.0
2022-12-28 11:30:00-05:00,1.125,1.1399999856948853,1.121999979019165,1.1399999856948853,51201,0.0,0.0
2022-12-28 12:30:00-05:00,1.1399999856948853,1.1649999618530273,1.1299999952316284,1.149999976158142,116541,0.0,0.0
2022-12-28 13:30:00-05:00,1.149999976158142,1.149999976158142,1.1399999856948853,1.149999976158142,56419,0.0,0.0
2022-12-28 14:30:00-05:00,1.149999976158142,1.149999976158142,1.1299999952316284,1.149999976158142,63977,0.0,0.0
2022-12-28 15:30:00-05:00,1.149999976158142,1.149999976158142,1.1399999856948853,1.1449999809265137,78130,0.0,0.0
2022-12-29 09:30:00-05:00,1.1399999856948853,1.190000057220459,1.1399999856948853,1.1749999523162842,292772,0.0,0.0
2022-12-29 10:30:00-05:00,1.1699999570846558,1.190000057220459,1.159999966621399,1.1649999618530273,136000,0.0,0.0
2022-12-29 11:30:00-05:00,1.159999966621399,1.190000057220459,1.1549999713897705,1.184999942779541,190588,0.0,0.0
2022-12-29 12:30:00-05:00,1.184999942779541,1.2300000190734863,1.1799999475479126,1.2050000429153442,240326,0.0,0.0
2022-12-29 13:30:00-05:00,1.2100000381469727,1.2200000286102295,1.1950000524520874,1.2100000381469727,144912,0.0,0.0
2022-12-29 14:30:00-05:00,1.2200000286102295,1.2300000190734863,1.2100000381469727,1.2200000286102295,118465,0.0,0.0
2022-12-29 15:30:00-05:00,1.2200000286102295,1.2300000190734863,1.2050000429153442,1.2300000190734863,159686,0.0,0.0
2022-12-30 09:30:00-05:00,1.2100000381469727,1.225000023841858,1.190000057220459,1.1950000524520874,116508,0.0,0.0
2022-12-30 10:30:00-05:00,1.1950000524520874,1.215000033378601,1.190000057220459,1.2100000381469727,58055,0.0,0.0
2022-12-30 11:30:00-05:00,1.215000033378601,1.2200000286102295,1.1950000524520874,1.1950000524520874,48454,0.0,0.0
2022-12-30 12:30:00-05:00,1.190000057220459,1.2000000476837158,1.190000057220459,1.190000057220459,18299,0.0,0.0
2022-12-30 13:30:00-05:00,1.190000057220459,1.2000000476837158,1.190000057220459,1.1950000524520874,32772,0.0,0.0
2022-12-30 14:30:00-05:00,1.1950000524520874,1.215000033378601,1.190000057220459,1.2050000429153442,128619,0.0,0.0
2022-12-30 15:30:00-05:00,1.2050000429153442,1.2400000095367432,1.2050000429153442,1.2300000190734863,83263,0.0,0.0
2023-01-03 09:30:00-05:00,1.3200000524520874,1.340000033378601,1.2599999904632568,1.2899999618530273,477637,0.0,0.0
2023-01-03 10:30:00-05:00,1.2848000526428223,1.2899999618530273,1.274999976158142,1.274999976158142,42857,0.0,0.0
2023-01-03 11:30:00-05:00,1.274999976158142,1.274999976158142,1.25,1.25,54853,0.0,0.0
2023-01-03 12:30:00-05:00,1.2599999904632568,1.2599999904632568,1.2100000381469727,1.2216999530792236,177506,0.0,0.0
2023-01-03 13:30:00-05:00,1.2300000190734863,1.2300000190734863,1.2100000381469727,1.215000033378601,44157,0.0,0.0
2023-01-03 14:30:00-05:00,1.2199000120162964,1.2200000286102295,1.2100000381469727,1.215000033378601,45720,0.0,0.0
2023-01-03 15:30:00-05:00,1.215000033378601,1.2199000120162964,1.2000000476837158,1.2000000476837158,59094,0.0,0.0
2023-01-04 09:30:00-05:00,1.25,1.2599999904632568,1.2050000429153442,1.2450000047683716,161241,0.0,0.0
2023-01-04 10:30:00-05:00,1.2450000047683716,1.2899999618530273,1.2410999536514282,1.2699999809265137,118871,0.0,0.0
2023-01-04 11:30:00-05:00,1.2699999809265137,1.2799999713897705,1.2649999856948853,1.274999976158142,31785,0.0,0.0
2023-01-04 12:30:00-05:00,1.274999976158142,1.2999999523162842,1.2699999809265137,1.2899999618530273,91469,0.0,0.0
2023-01-04 13:30:00-05:00,1.2899999618530273,1.2999999523162842,1.2599999904632568,1.2649999856948853,116151,0.0,0.0
2023-01-04 14:30:00-05:00,1.2649999856948853,1.284999966621399,1.2599999904632568,1.281499981880188,48953,0.0,0.0
2023-01-04 15:30:00-05:00,1.284999966621399,1.2899999618530273,1.2799999713897705,1.2899999618530273,86305,0.0,0.0
2023-01-05 09:30:00-05:00,1.25,1.2899999618530273,1.2400000095367432,1.2424999475479126,83801,0.0,0.0
2023-01-05 10:30:00-05:00,1.2496000528335571,1.2699999809265137,1.2300000190734863,1.2300000190734863,95527,0.0,0.0
2023-01-05 11:30:00-05:00,1.2300000190734863,1.25,1.2300000190734863,1.2400000095367432,66801,0.0,0.0
2023-01-05 12:30:00-05:00,1.2350000143051147,1.2599999904632568,1.2350000143051147,1.25,84507,0.0,0.0
2023-01-05 13:30:00-05:00,1.2549999952316284,1.2599999904632568,1.2450000047683716,1.2549999952316284,38791,0.0,0.0
2023-01-05 14:30:00-05:00,1.2549999952316284,1.2699999809265137,1.25,1.2625000476837158,68729,0.0,0.0
2023-01-05 15:30:00-05:00,1.2649999856948853,1.2699999809265137,1.2400000095367432,1.25,219573,0.0,0.0
2023-01-06 09:30:00-05:00,1.25,1.2599999904632568,1.1549999713897705,1.1686999797821045,874760,0.0,0.0
2023-01-06 10:30:00-05:00,1.1649999618530273,1.2000000476837158,1.1612999439239502,1.1950000524520874,248735,0.0,0.0
2023-01-06 11:30:00-05:00,1.1950000524520874,1.2353999614715576,1.190000057220459,1.2000000476837158,452719,0.0,0.0
2023-01-06 12:30:00-05:00,1.2000000476837158,1.2100000381469727,1.1799999475479126,1.2000000476837158,205502,0.0,0.0
2023-01-06 13:30:00-05:00,1.2000000476837158,1.2100000381469727,1.190000057220459,1.1950000524520874,96442,0.0,0.0
2023-01-06 14:30:00-05:00,1.1950000524520874,1.2000000476837158,1.184999942779541,1.190000057220459,163838,0.0,0.0
2023-01-06 15:30:00-05:00,1.190000057220459,1.2200000286102295,1.184999942779541,1.2000000476837158,686183,0.0,0.0
2023-01-09 09:30:00-05:00,1.149999976158142,1.1700999736785889,1.090000033378601,1.100000023841858,1988877,0.0,0.0
2023-01-09 10:30:00-05:00,1.100000023841858,1.100100040435791,1.0700000524520874,1.0799000263214111,746451,0.0,0.0
2023-01-09 11:30:00-05:00,1.0786999464035034,1.0800000429153442,1.0700000524520874,1.0782999992370605,135134,0.0,0.0
2023-01-09 12:30:00-05:00,1.0750000476837158,1.0800000429153442,1.0499999523162842,1.065000057220459,1158021,0.0,0.0
2023-01-09 13:30:00-05:00,1.0700000524520874,1.090000033378601,1.065000057220459,1.0850000381469727,210339,0.0,0.0
2023-01-09 14:30:00-05:00,1.090000033378601,1.090000033378601,1.0800000429153442,1.090000033378601,155781,0.0,0.0
2023-01-09 15:30:00-05:00,1.0850000381469727,1.090000033378601,1.0700000524520874,1.0700000524520874,147557,0.0,0.0
2023-01-10 09:30:00-05:00,1.100000023841858,1.125,1.0800000429153442,1.1050000190734863,197899,0.0,0.0
2023-01-10 10:30:00-05:00,1.1050000190734863,1.1100000143051147,1.090000033378601,1.090000033378601,155656,0.0,0.0
2023-01-10 11:30:00-05:00,1.090000033378601,1.0950000286102295,1.0700000524520874,1.0785000324249268,246379,0.0,0.0
2023-01-10 12:30:00-05:00,1.0700000524520874,1.075600028038025,1.0499999523162842,1.059999942779541,363948,0.0,0.0
2023-01-10 13:30:00-05:00,1.0509999990463257,1.059999942779541,1.0499999523162842,1.0499999523162842,214440,0.0,0.0
2023-01-10 14:30:00-05:00,1.0586999654769897,1.059999942779541,1.0499999523162842,1.0499999523162842,256420,0.0,0.0
2023-01-10 15:30:00-05:00,1.0592000484466553,1.059999942779541,1.0499999523162842,1.0549999475479126,305596,0.0,0.0
2023-01-11 09:30:00-05:00,1.0800000429153442,1.0887999534606934,1.0499999523162842,1.065000057220459,368332,0.0,0.0
2023-01-11 10:30:00-05:00,1.059999942779541,1.0700000524520874,1.0499999523162842,1.0549999475479126,294575,0.0,0.0
2023-01-11 11:30:00-05:00,1.0549999475479126,1.065000057220459,1.0499999523162842,1.065000057220459,222718,0.0,0.0
2023-01-11 12:30:00-05:00,1.065000057220459,1.0700000524520874,1.0549999475479126,1.065000057220459,153240,0.0,0.0
2023-01-11 13:30:00-05:00,1.0700000524520874,1.0800000429153442,1.059999942779541,1.065000057220459,151134,0.0,0.0
2023-01-11 14:30:00-05:00,1.0662000179290771,1.0700000524520874,1.059999942779541,1.0700000524520874,53549,0.0,0.0
2023-01-11 15:30:00-05:00,1.065000057220459,1.0700000524520874,1.059999942779541,1.059999942779541,153930,0.0,0.0
2023-01-12 09:30:00-05:00,1.0800000429153442,1.0800000429153442,1.0399999618530273,1.0575000047683716,356132,0.0,0.0
2023-01-12 10:30:00-05:00,1.0549999475479126,1.059999942779541,1.0499999523162842,1.0549999475479126,161328,0.0,0.0
2023-01-12 11:30:00-05:00,1.0499999523162842,1.059999942779541,1.0499999523162842,1.0549999475479126,131864,0.0,0.0
2023-01-12 12:30:00-05:00,1.0499999523162842,1.059999942779541,1.0499999523162842,1.0499999523162842,257240,0.0,0.0
2023-01-12 13:30:00-05:00,1.0499999523162842,1.059999942779541,1.0499999523162842,1.0549999475479126,228251,0.0,0.0
2023-01-12 14:30:00-05:00,1.0499999523162842,1.1299999952316284,1.0499999523162842,1.1237000226974487,718263,0.0,0.0
2023-01-12 15:30:00-05:00,1.1200000047683716,1.1399999856948853,1.1100000143051147,1.1299999952316284,223968,0.0,0.0
2023-01-13 09:30:00-05:00,1.100000023841858,1.1100000143051147,1.0850000381469727,1.100000023841858,260023,0.0,0.0
2023-01-13 10:30:00-05:00,1.100000023841858,1.1100000143051147,1.100000023841858,1.100000023841858,201795,0.0,0.0
2023-01-13 11:30:00-05:00,1.100000023841858,1.1100000143051147,1.100000023841858,1.1050000190734863,223626,0.0,0.0
2023-01-13 12:30:00-05:00,1.1050000190734863,1.1299999952316284,1.100000023841858,1.1150000095367432,175648,0.0,0.0
2023-01-13 13:30:00-05:00,1.1131999492645264,1.1299999952316284,1.1100000143051147,1.125,144182,0.0,0.0
2023-01-13 14:30:00-05:00,1.125,1.1299999952316284,1.1150000095367432,1.125,132518,0.0,0.0
2023-01-13 15:30:00-05:00,1.1200000047683716,1.149999976158142,1.1200000047683716,1.1401000022888184,246879,0.0,0.0
2023-01-17 09:30:00-05:00,1.159999966621399,1.1799999475479126,1.1299999952316284,1.1649999618530273,416014,0.0,0.0
2023-01-17 10:30:00-05:00,1.1649999618530273,1.1699999570846558,1.1399999856948853,1.1399999856948853,156528,0.0,0.0
2023-01-17 11:30:00-05:00,1.1399999856948853,1.149999976158142,1.1399999856948853,1.1449999809265137,53966,0.0,0.0
2023-01-17 12:30:00-05:00,1.1449999809265137,1.159999966621399,1.1399999856948853,1.1549999713897705,137291,0.0,0.0
2023-01-17 13:30:00-05:00,1.1549999713897705,1.159999966621399,1.1399999856948853,1.1399999856948853,137126,0.0,0.0
2023-01-17 14:30:00-05:00,1.1449999809265137,1.149999976158142,1.1299999952316284,1.1299999952316284,124845,0.0,0.0
2023-01-17 15:30:00-05:00,1.1299999952316284,1.149999976158142,1.1200000047683716,1.1449999809265137,268718,0.0,0.0
2023-01-18 09:30:00-05:00,1.1399999856948853,1.1799999475479126,1.1299999952316284,1.159999966621399,271171,0.0,0.0
2023-01-18 10:30:00-05:00,1.159999966621399,1.1799999475479126,1.149999976158142,1.1649999618530273,179895,0.0,0.0
2023-01-18 11:30:00-05:00,1.1649999618530273,1.1699999570846558,1.159999966621399,1.159999966621399,174714,0.0,0.0
2023-01-18 12:30:00-05:00,1.159999966621399,1.1699999570846558,1.149999976158142,1.1699999570846558,120885,0.0,0.0
2023-01-18 13:30:00-05:00,1.1649999618530273,1.1799999475479126,1.160099983215332,1.1649999618530273,201741,0.0,0.0
2023-01-18 14:30:00-05:00,1.1699999570846558,1.1799999475479126,1.159999966621399,1.1749999523162842,221667,0.0,0.0
2023-01-18 15:30:00-05:00,1.1699999570846558,1.190000057220459,1.1699999570846558,1.184999942779541,269968,0.0,0.0
2023-01-19 09:30:00-05:00,1.149999976158142,1.2000000476837158,1.1299999952316284,1.1549999713897705,240875,0.0,0.0
2023-01-19 10:30:00-05:00,1.1549999713897705,1.1699999570846558,1.1425000429153442,1.1549999713897705,138137,0.0,0.0
2023-01-19 11:30:00-05:00,1.1549999713897705,1.159999966621399,1.149999976158142,1.1549999713897705,51788,0.0,0.0
2023-01-19 12:30:00-05:00,1.149999976158142,1.159999966621399,1.149999976158142,1.1549999713897705,65879,0.0,0.0
2023-01-19 13:30:00-05:00,1.159999966621399,1.1699999570846558,1.149999976158142,1.1649999618530273,184212,0.0,0.0
2023-01-19 14:30:00-05:00,1.159999966621399,1.1699999570846558,1.149999976158142,1.1549999713897705,102284,0.0,0.0
2023-01-19 15:30:00-05:00,1.149999976158142,1.190000057220459,1.149999976158142,1.1649999618530273,385352,0.0,0.0
2023-01-20 09:30:00-05:00,1.1799999475479126,1.190000057220459,1.1349999904632568,1.1799999475479126,1121790,0.0,0.0
2023-01-20 10:30:00-05:00,1.1799999475479126,1.190000057220459,1.159999966621399,1.1699999570846558,281689,0.0,0.0
2023-01-20 11:30:00-05:00,1.1749999523162842,1.190000057220459,1.1699999570846558,1.190000057220459,526763,0.0,0.0
2023-01-20 12:30:00-05:00,1.184999942779541,1.2000000476837158,1.1811000108718872,1.190000057220459,311801,0.0,0.0
2023-01-20 13:30:00-05:00,1.1950000524520874,1.2400000095367432,1.190000057220459,1.225000023841858,525643,0.0,0.0
2023-01-20 14:30:00-05:00,1.2200000286102295,1.25,1.2200000286102295,1.225000023841858,436241,0.0,0.0
2023-01-20 15:30:00-05:00,1.2300000190734863,1.2300000190734863,1.2000000476837158,1.2100000381469727,634755,0.0,0.0
2023-01-23 09:30:00-05:00,1.2200000286102295,1.2599999904632568,1.2100000381469727,1.215000033378601,484473,0.0,0.0
2023-01-23 10:30:00-05:00,1.2100000381469727,1.2200000286102295,1.190000057220459,1.190000057220459,289929,0.0,0.0
2023-01-23 11:30:00-05:00,1.190000057220459,1.2000000476837158,1.1799999475479126,1.184999942779541,357353,0.0,0.0
2023-01-23 12:30:00-05:00,1.184999942779541,1.190000057220459,1.1799999475479126,1.1799999475479126,271166,0.0,0.0
2023-01-23 13:30:00-05:00,1.1799999475479126,1.190000057220459,1.1799999475479126,1.1799999475479126,175100,0.0,0.0
2023-01-23 14:30:00-05:00,1.184999942779541,1.1899000406265259,1.1699999570846558,1.1699999570846558,339405,0.0,0.0
2023-01-23 15:30:00-05:00,1.1699999570846558,1.1799999475479126,1.159999966621399,1.1649999618530273,382258,0.0,0.0
2023-01-24 09:30:00-05:00,1.149999976158142,1.1799999475479126,1.1299999952316284,1.1299999952316284,325485,0.0,0.0
2023-01-24 10:30:00-05:00,1.1349999904632568,1.159999966621399,1.1200000047683716,1.1449999809265137,407011,0.0,0.0
2023-01-24 11:30:00-05:00,1.149999976158142,1.190000057220459,1.1449999809265137,1.1699999570846558,402279,0.0,0.0
2023-01-24 12:30:00-05:00,1.1699999570846558,1.1799999475479126,1.1549999713897705,1.1649999618530273,303440,0.0,0.0
2023-01-24 13:30:00-05:00,1.1649999618530273,1.1799999475479126,1.159999966621399,1.159999966621399,164172,0.0,0.0
2023-01-24 14:30:00-05:00,1.1649999618530273,1.190000057220459,1.159999966621399,1.1699999570846558,368216,0.0,0.0
2023-01-24 15:30:00-05:00,1.1699999570846558,1.1799999475479126,1.159999966621399,1.159999966621399,272691,0.0,0.0
2023-01-25 09:30:00-05:00,1.1699999570846558,1.1699999570846558,1.1399999856948853,1.1449999809265137,129467,0.0,0.0
2023-01-25 10:30:00-05:00,1.1399999856948853,1.1749999523162842,1.1399999856948853,1.1649999618530273,88018,0.0,0.0
2023-01-25 11:30:00-05:00,1.1649999618530273,1.1799999475479126,1.159999966621399,1.1749999523162842,70986,0.0,0.0
2023-01-25 12:30:00-05:00,1.1699999570846558,1.1999000310897827,1.1699999570846558,1.1950000524520874,133527,0.0,0.0
2023-01-25 13:30:00-05:00,1.190000057220459,1.2000000476837158,1.1799999475479126,1.184999942779541,130853,0.0,0.0
2023-01-25 14:30:00-05:00,1.1799999475479126,1.1950000524520874,1.1799999475479126,1.184999942779541,56442,0.0,0.0
2023-01-25 15:30:00-05:00,1.184999942779541,1.2000000476837158,1.1799999475479126,1.190000057220459,132070,0.0,0.0
2023-01-26 09:30:00-05:00,1.190000057220459,1.2350000143051147,1.190000057220459,1.2050000429153442,372920,0.0,0.0
2023-01-26 10:30:00-05:00,1.2050000429153442,1.2050000429153442,1.1799999475479126,1.190000057220459,51604,0.0,0.0
2023-01-26 11:30:00-05:00,1.1890000104904175,1.2000000476837158,1.1799999475479126,1.1950000524520874,44723,0.0,0.0
2023-01-26 12:30:00-05:00,1.1950000524520874,1.2000000476837158,1.190000057220459,1.2000000476837158,14511,0.0,0.0
2023-01-26 13:30:00-05:00,1.1950000524520874,1.2100000381469727,1.190000057220459,1.1950000524520874,45603,0.0,0.0
2023-01-26 14:30:00-05:00,1.190000057220459,1.2000000476837158,1.1699999570846558,1.184999942779541,119021,0.0,0.0
2023-01-26 15:30:00-05:00,1.184999942779541,1.2000000476837158,1.1799999475479126,1.2000000476837158,130354,0.0,0.0
2023-01-27 09:30:00-05:00,1.2000000476837158,1.2100000381469727,1.1799999475479126,1.2050000429153442,132130,0.0,0.0
2023-01-27 10:30:00-05:00,1.2050000429153442,1.2086000442504883,1.1799999475479126,1.1950000524520874,96652,0.0,0.0
2023-01-27 11:30:00-05:00,1.1950000524520874,1.2000000476837158,1.190000057220459,1.190000057220459,38373,0.0,0.0
2023-01-27 12:30:00-05:00,1.190000057220459,1.2200000286102295,1.190000057220459,1.2107000350952148,162772,0.0,0.0
2023-01-27 13:30:00-05:00,1.2200000286102295,1.2200000286102295,1.2100000381469727,1.215000033378601,43989,0.0,0.0
2023-01-27 14:30:00-05:00,1.215000033378601,1.2200000286102295,1.2000000476837158,1.2100000381469727,152383,0.0,0.0
2023-01-27 15:30:00-05:00,1.2050000429153442,1.2100000381469727,1.2000000476837158,1.2000000476837158,69989,0.0,0.0
2023-01-30 09:30:00-05:00,1.2799999713897705,1.284999966621399,1.225000023841858,1.2599999904632568,687988,0.0,0.0
2023-01-30 10:30:00-05:00,1.2599999904632568,1.2799999713897705,1.2300000190734863,1.2649999856948853,356994,0.0,0.0
2023-01-30 11:30:00-05:00,1.2649999856948853,1.2699999809265137,1.25,1.2549999952316284,78488,0.0,0.0
2023-01-30 12:30:00-05:00,1.2515000104904175,1.274999976158142,1.25,1.2649999856948853,151980,0.0,0.0
2023-01-30 13:30:00-05:00,1.2599999904632568,1.2699999809265137,1.25,1.2699999809265137,147693,0.0,0.0
2023-01-30 14:30:00-05:00,1.2649999856948853,1.2799999713897705,1.2599999904632568,1.2799999713897705,117204,0.0,0.0
2023-01-30 15:30:00-05:00,1.274999976158142,1.2899999618530273,1.2599999904632568,1.2791999578475952,377117,0.0,0.0
2023-01-31 09:30:00-05:00,1.2799999713897705,1.2899999618530273,1.260699987411499,1.274999976158142,198488,0.0,0.0
2023-01-31 10:30:00-05:00,1.2799999713897705,1.2799999713897705,1.2599999904632568,1.2599999904632568,47861,0.0,0.0
2023-01-31 11:30:00-05:00,1.2599999904632568,1.2799999713897705,1.25,1.274999976158142,90230,0.0,0.0
2023-01-31 12:30:00-05:00,1.274999976158142,1.2799999713897705,1.2549999952316284,1.2549999952316284,127686,0.0,0.0
2023-01-31 13:30:00-05:00,1.2549999952316284,1.2699999809265137,1.2549999952316284,1.26010000705719,63249,0.0,0.0
2023-01-31 14:30:00-05:00,1.2599999904632568,1.2698999643325806,1.25,1.2599999904632568,93023,0.0,0.0
2023-01-31 15:30:00-05:00,1.2599999904632568,1.2899999618530273,1.2599999904632568,1.2899999618530273,248890,0.0,0.0
2023-02-01 09:30:00-05:00,1.2799999713897705,1.2799999713897705,1.2400000095367432,1.2549999952316284,195897,0.0,0.0
2023-02-01 10:30:00-05:00,1.2549999952316284,1.2599999904632568,1.2201000452041626,1.2350000143051147,114583,0.0,0.0
2023-02-01 11:30:00-05:00,1.2300000190734863,1.2350000143051147,1.2200000286102295,1.2200000286102295,140377,0.0,0.0
2023-02-01 12:30:00-05:00,1.225000023841858,1.2300000190734863,1.2100000381469727,1.2200000286102295,98195,0.0,0.0
2023-02-01 13:30:00-05:00,1.2200000286102295,1.2599999904632568,1.2200000286102295,1.2450000047683716,177303,0.0,0.0
2023-02-01 14:30:00-05:00,1.2450000047683716,1.2799999713897705,1.2350000143051147,1.2799999713897705,223858,0.0,0.0
2023-02-01 15:30:00-05:00,1.2799999713897705,1.2899999618530273,1.2649999856948853,1.2799999713897705,379160,0.0,0.0
2023-02-02 09:30:00-05:00,1.3300000429153442,1.350000023841858,1.274999976158142,1.2899999618530273,422122,0.0,0.0
2023-02-02 10:30:00-05:00,1.2949999570846558,1.2999999523162842,1.25,1.2649999856948853,283422,0.0,0.0
2023-02-02 11:30:00-05:00,1.2649999856948853,1.2699999809265137,1.2599999904632568,1.2599999904632568,90317,0.0,0.0
2023-02-02 12:30:00-05:00,1.2599999904632568,1.2698999643325806,1.2599999904632568,1.2599999904632568,58087,0.0,0.0
2023-02-02 13:30:00-05:00,1.2599999904632568,1.284999966621399,1.25,1.2699999809265137,248024,0.0,0.0
2023-02-02 14:30:00-05:00,1.2699999809265137,1.2799999713897705,1.25,1.25,104825,0.0,0.0
2023-02-02 15:30:00-05:00,1.2549999952316284,1.2799999713897705,1.25,1.2799999713897705,196060,0.0,0.0
2023-02-03 09:30:00-05:00,1.2799999713897705,1.2799999713897705,1.2100000381469727,1.2201000452041626,440408,0.0,0.0
2023-02-03 10:30:00-05:00,1.2200000286102295,1.2450000047683716,1.2200000286102295,1.2400000095367432,164418,0.0,0.0
2023-02-03 11:30:00-05:00,1.2400000095367432,1.2482000589370728,1.2335000038146973,1.2400000095367432,116030,0.0,0.0
2023-02-03 12:30:00-05:00,1.2408000230789185,1.2450000047683716,1.2350000143051147,1.2350000143051147,89556,0.0,0.0
2023-02-03 13:30:00-05:00,1.2350000143051147,1.2386000156402588,1.2200000286102295,1.225000023841858,79323,0.0,0.0
2023-02-03 14:30:00-05:00,1.225000023841858,1.2300000190734863,1.2100000381469727,1.2100000381469727,85707,0.0,0.0
2023-02-03 15:30:00-05:00,1.2100000381469727,1.2199000120162964,1.190000057220459,1.2100000381469727,268613,0.0,0.0
2023-02-06 09:30:00-05:00,1.2699999809265137,1.2699999809265137,1.190000057220459,1.218500018119812,360831,0.0,0.0
2023-02-06 10:30:00-05:00,1.215000033378601,1.2300000190734863,1.2100000381469727,1.225000023841858,99517,0.0,0.0
2023-02-06 11:30:00-05:00,1.225000023841858,1.2300000190734863,1.2000000476837158,1.2000999450683594,71478,0.0,0.0
2023-02-06 12:30:00-05:00,1.2000999450683594,1.2050000429153442,1.1749999523162842,1.1799999475479126,76602,0.0,0.0
2023-02-06 13:30:00-05:00,1.184999942779541,1.2100000381469727,1.1799999475479126,1.2000000476837158,80342,0.0,0.0
2023-02-06 14:30:00-05:00,1.2000000476837158,1.208400011062622,1.1799999475479126,1.1800999641418457,57014,0.0,0.0
2023-02-06 15:30:00-05:00,1.1799999475479126,1.190000057220459,1.1799999475479126,1.190000057220459,224755,0.0,0.0
2023-02-07 09:30:00-05:00,1.190000057220459,1.2000000476837158,1.149999976158142,1.149999976158142,209964,0.0,0.0
2023-02-07 10:30:00-05:00,1.149999976158142,1.1699999570846558,1.1399999856948853,1.159999966621399,160828,0.0,0.0
2023-02-07 11:30:00-05:00,1.1649999618530273,1.1799999475479126,1.159999966621399,1.159999966621399,83279,0.0,0.0
2023-02-07 12:30:00-05:00,1.159999966621399,1.1799999475479126,1.149999976158142,1.1649999618530273,104291,0.0,0.0
2023-02-07 13:30:00-05:00,1.159999966621399,1.1799999475479126,1.149999976158142,1.1749999523162842,138360,0.0,0.0
2023-02-07 14:30:00-05:00,1.1749999523162842,1.1799999475479126,1.152500033378601,1.152500033378601,121439,0.0,0.0
2023-02-07 15:30:00-05:00,1.1549999713897705,1.1799999475479126,1.1549999713897705,1.159999966621399,240269,0.0,0.0
2023-02-08 09:30:00-05:00,1.159999966621399,1.1799999475479126,1.149999976158142,1.1549999713897705,86676,0.0,0.0
2023-02-08 10:30:00-05:00,1.1549999713897705,1.159999966621399,1.1349999904632568,1.1398999691009521,110107,0.0,0.0
2023-02-08 11:30:00-05:00,1.1399999856948853,1.149999976158142,1.13100004196167,1.1449999809265137,53001,0.0,0.0
2023-02-08 12:30:00-05:00,1.1449999809265137,1.149899959564209,1.1299999952316284,1.1349999904632568,84618,0.0,0.0
2023-02-08 13:30:00-05:00,1.1299999952316284,1.1399999856948853,1.1299999952316284,1.1299999952316284,74863,0.0,0.0
2023-02-08 14:30:00-05:00,1.1349999904632568,1.1349999904632568,1.1100000143051147,1.1150000095367432,106112,0.0,0.0
2023-02-08 15:30:00-05:00,1.1150000095367432,1.1200000047683716,1.100000023841858,1.1100000143051147,183281,0.0,0.0
2023-02-09 09:30:00-05:00,1.1299999952316284,1.149999976158142,1.1050000190734863,1.1100000143051147,396063,0.0,0.0
2023-02-09 10:30:00-05:00,1.1100000143051147,1.1200000047683716,1.100000023841858,1.1050000190734863,69362,0.0,0.0
2023-02-09 11:30:00-05:00,1.100000023841858,1.1200000047683716,1.0700000524520874,1.1200000047683716,193635,0.0,0.0
2023-02-09 12:30:00-05:00,1.1198999881744385,1.1200000047683716,1.100000023841858,1.1050000190734863,43271,0.0,0.0
2023-02-09 13:30:00-05:00,1.100000023841858,1.1050000190734863,1.0800000429153442,1.0800000429153442,37825,0.0,0.0
2023-02-09 14:30:00-05:00,1.0800000429153442,1.090000033378601,1.0700000524520874,1.0850000381469727,73363,0.0,0.0
2023-02-09 15:30:00-05:00,1.0800000429153442,1.090000033378601,1.0800000429153442,1.0800000429153442,102806,0.0,0.0
2023-02-10 09:30:00-05:00,1.100000023841858,1.100000023841858,1.059999942779541,1.059999942779541,102579,0.0,0.0
2023-02-10 10:30:00-05:00,1.059999942779541,1.0800000429153442,1.0499999523162842,1.0750000476837158,148447,0.0,0.0
2023-02-10 11:30:00-05:00,1.0750000476837158,1.0800000429153442,1.0700000524520874,1.0700000524520874,34451,0.0,0.0
2023-02-10 12:30:00-05:00,1.0750000476837158,1.100000023841858,1.0700000524520874,1.100000023841858,133439,0.0,0.0
2023-02-10 13:30:00-05:00,1.090999960899353,1.0950000286102295,1.0700000524520874,1.0700000524520874,62842,0.0,0.0
2023-02-10 14:30:00-05:00,1.0700000524520874,1.0800000429153442,1.0700000524520874,1.0786999464035034,93688,0.0,0.0
2023-02-10 15:30:00-05:00,1.0700000524520874,1.0800000429153442,1.0700000524520874,1.0700000524520874,104333,0.0,0.0
2023-02-13 09:30:00-05:00,1.100000023841858,1.1200000047683716,1.0700000524520874,1.0700000524520874,176958,0.0,0.0
2023-02-13 10:30:00-05:00,1.0720000267028809,1.100000023841858,1.0700000524520874,1.0985000133514404,86186,0.0,0.0
2023-02-13 11:30:00-05:00,1.090000033378601,1.100000023841858,1.0700000524520874,1.0850000381469727,68753,0.0,0.0
2023-02-13 12:30:00-05:00,1.0850000381469727,1.090000033378601,1.0700000524520874,1.0700000524520874,109204,0.0,0.0
2023-02-13 13:30:00-05:00,1.0750000476837158,1.090000033378601,1.0700000524520874,1.0850000381469727,53245,0.0,0.0
2023-02-13 14:30:00-05:00,1.0800000429153442,1.0850000381469727,1.0700000524520874,1.0800000429153442,72841,0.0,0.0
2023-02-13 15:30:00-05:00,1.0750000476837158,1.0800000429153442,1.0700000524520874,1.0700000524520874,86379,0.0,0.0
2023-02-14 09:30:00-05:00,1.0700000524520874,1.0986000299453735,1.0499999523162842,1.0800000429153442,410103,0.0,0.0
2023-02-14 10:30:00-05:00,1.0850000381469727,1.090000033378601,1.059999942779541,1.0700000524520874,103546,0.0,0.0
2023-02-14 11:30:00-05:00,1.0700000524520874,1.0700000524520874,1.059999942779541,1.059999942779541,40865,0.0,0.0
2023-02-14 12:30:00-05:00,1.0609999895095825,1.0800000429153442,1.059999942779541,1.0748000144958496,96594,0.0,0.0
2023-02-14 13:30:00-05:00,1.0750000476837158,1.0800000429153442,1.0700000524520874,1.0700000524520874,47357,0.0,0.0
2023-02-14 14:30:00-05:00,1.0709999799728394,1.0800000429153442,1.059999942779541,1.059999942779541,94284,0.0,0.0
2023-02-14 15:30:00-05:00,1.059999942779541,1.0800000429153442,1.0499999523162842,1.0800000429153442,270496,0.0,0.0
2023-02-15 09:30:00-05:00,1.059999942779541,1.0700000524520874,1.0499999523162842,1.0549999475479126,130772,0.0,0.0
2023-02-15 10:30:00-05:00,1.0549999475479126,1.0700000524520874,1.0499999523162842,1.059999942779541,167058,0.0,0.0
2023-02-15 11:30:00-05:00,1.059999942779541,1.0700000524520874,1.0499999523162842,1.0499999523162842,86778,0.0,0.0
2023-02-15 12:30:00-05:00,1.0499999523162842,1.059999942779541,1.0399999618530273,1.0499999523162842,339179,0.0,0.0
2023-02-15 13:30:00-05:00,1.0549999475479126,1.0599000453948975,1.0499999523162842,1.0499999523162842,36741,0.0,0.0
2023-02-15 14:30:00-05:00,1.0499999523162842,1.059999942779541,1.0499999523162842,1.0549999475479126,171757,0.0,0.0
2023-02-15 15:30:00-05:00,1.0499999523162842,1.059999942779541,1.0399999618530273,1.0499999523162842,289394,0.0,0.0
2023-02-16 09:30:00-05:00,1.0,1.059999942779541,0.9998999834060669,1.0099999904632568,775038,0.0,0.0
2023-02-16 10:30:00-05:00,1.0099999904632568,1.024999976158142,0.9900000095367432,1.0,666321,0.0,0.0
2023-02-16 11:30:00-05:00,1.0015000104904175,1.024999976158142,1.0,1.024999976158142,223246,0.0,0.0
2023-02-16 12:30:00-05:00,1.024999976158142,1.0299999713897705,1.0199999809265137,1.0199999809265137,63569,0.0,0.0
2023-02-16 13:30:00-05:00,1.0199999809265137,1.0299999713897705,1.0199999809265137,1.0199999809265137,76132,0.0,0.0
2023-02-16 14:30:00-05:00,1.0199999809265137,1.0299999713897705,1.0199999809265137,1.024999976158142,138903,0.0,0.0
2023-02-16 15:30:00-05:00,1.0199999809265137,1.028499960899353,1.0,1.0,212044,0.0,0.0
2023-02-17 09:30:00-05:00,1.0099999904632568,1.0199999809265137,1.0,1.0,244228,0.0,0.0
2023-02-17 10:30:00-05:00,1.0,1.0099999904632568,0.991100013256073,1.0049999952316284,263302,0.0,0.0
2023-02-17 11:30:00-05:00,1.0,1.0099999904632568,0.9950000047683716,0.9969000220298767,97323,0.0,0.0
2023-02-17 12:30:00-05:00,1.0,1.0099999904632568,0.9986000061035156,1.0,55548,0.0,0.0
2023-02-17 13:30:00-05:00,1.0,1.0099999904632568,1.0,1.0,72933,0.0,0.0
2023-02-17 14:30:00-05:00,1.0049999952316284,1.0099999904632568,1.0,1.0,148812,0.0,0.0
2023-02-17 15:30:00-05:00,1.0,1.0099999904632568,1.0,1.0075000524520874,227177,0.0,0.0
2023-02-21 09:30:00-05:00,1.0,1.0199999809265137,0.9950000047683716,1.0098999738693237,400788,0.0,0.0
2023-02-21 10:30:00-05:00,1.0049999952316284,1.0199999809265137,1.0,1.0049999952316284,250995,0.0,0.0
2023-02-21 11:30:00-05:00,1.0049999952316284,1.0099999904632568,1.0,1.0099999904632568,34076,0.0,0.0
2023-02-21 12:30:00-05:00,1.0049999952316284,1.0099999904632568,1.0,1.0,32641,0.0,0.0
2023-02-21 13:30:00-05:00,1.0099999904632568,1.0099999904632568,1.0,1.0,33838,0.0,0.0
2023-02-21 14:30:00-05:00,1.0049999952316284,1.0099999904632568,1.0,1.0099999904632568,61068,0.0,0.0
2023-02-21 15:30:00-05:00,1.0049999952316284,1.0099999904632568,0.9836000204086304,0.9923999905586243,200543,0.0,0.0
2023-02-22 09:30:00-05:00,1.0099999904632568,1.0099999904632568,0.9700000286102295,0.9819999933242798,196740,0.0,0.0
2023-02-22 10:30:00-05:00,0.9836999773979187,0.9857000112533569,0.9208999872207642,0.949999988079071,368729,0.0,0.0
2023-02-22 11:30:00-05:00,0.9490000009536743,0.9598000049591064,0.9399999976158142,0.9449999928474426,104179,0.0,0.0
2023-02-22 12:30:00-05:00,0.9449999928474426,0.9650999903678894,0.9399999976158142,0.949999988079071,168199,0.0,0.0
2023-02-22 13:30:00-05:00,0.9526000022888184,0.9526000022888184,0.9399999976158142,0.9448000192642212,115943,0.0,0.0
2023-02-22 14:30:00-05:00,0.9474999904632568,0.9965000152587891,0.9445000290870667,0.9864000082015991,183570,0.0,0.0
2023-02-22 15:30:00-05:00,0.9876000285148621,0.9876000285148621,0.9524999856948853,0.9545000195503235,125717,0.0,0.0
2023-02-23 09:30:00-05:00,0.988099992275238,1.0,0.9399999976158142,0.9498999714851379,84592,0.0,0.0
2023-02-23 10:30:00-05:00,0.9480000138282776,0.9491000175476074,0.9300000071525574,0.9401000142097473,132255,0.0,0.0
2023-02-23 11:30:00-05:00,0.9399999976158142,0.9401000142097473,0.9300000071525574,0.9300000071525574,93865,0.0,0.0
2023-02-23 12:30:00-05:00,0.9300000071525574,0.9332000017166138,0.9300000071525574,0.9309999942779541,122839,0.0,0.0
2023-02-23 13:30:00-05:00,0.9309999942779541,0.932699978351593,0.9104999899864197,0.9218000173568726,134609,0.0,0.0
2023-02-23 14:30:00-05:00,0.9239000082015991,0.9376999735832214,0.9207000136375427,0.9221000075340271,85856,0.0,0.0
2023-02-23 15:30:00-05:00,0.9221000075340271,0.9377999901771545,0.9200000166893005,0.9326000213623047,162346,0.0,0.0
2023-02-24 09:30:00-05:00,0.9200000166893005,0.9300000071525574,0.8999999761581421,0.9088000059127808,264499,0.0,0.0
2023-02-24 10:30:00-05:00,0.9042999744415283,0.9212999939918518,0.90420001745224,0.9176499843597412,104984,0.0,0.0
2023-02-24 11:30:00-05:00,0.9203000068664551,0.9289000034332275,0.9052000045776367,0.9053000211715698,47126,0.0,0.0
2023-02-24 12:30:00-05:00,0.9053000211715698,0.9205989837646484,0.9027000069618225,0.9106000065803528,36149,0.0,0.0
2023-02-24 13:30:00-05:00,0.9100000262260437,0.9197999835014343,0.9027000069618225,0.9125000238418579,163105,0.0,0.0
2023-02-24 14:30:00-05:00,0.9125000238418579,0.9211999773979187,0.9120000004768372,0.918749988079071,84476,0.0,0.0
2023-02-24 15:30:00-05:00,0.9168499708175659,0.9300000071525574,0.9023000001907349,0.9129999876022339,165715,0.0,0.0
2023-02-27 09:30:00-05:00,0.9200000166893005,0.9491000175476074,0.8999999761581421,0.9151999950408936,123891,0.0,0.0
2023-02-27 10:30:00-05:00,0.9151999950408936,0.9424999952316284,0.9010000228881836,0.910099983215332,163227,0.0,0.0
2023-02-27 11:30:00-05:00,0.910099983215332,0.9108499884605408,0.9049999713897705,0.9085999727249146,56621,0.0,0.0
2023-02-27 12:30:00-05:00,0.9053000211715698,0.9089000225067139,0.9053000211715698,0.906499981880188,27908,0.0,0.0
2023-02-27 13:30:00-05:00,0.9071999788284302,0.9229999780654907,0.9053999781608582,0.9154000282287598,119221,0.0,0.0
2023-02-27 14:30:00-05:00,0.9150000214576721,0.9156000018119812,0.9049999713897705,0.9049999713897705,82208,0.0,0.0
2023-02-27 15:30:00-05:00,0.9049999713897705,0.914900004863739,0.8999999761581421,0.9013000130653381,88394,0.0,0.0
2023-02-28 09:30:00-05:00,0.9093999862670898,0.9093999862670898,0.890999972820282,0.9006999731063843,76980,0.0,0.0
2023-02-28 10:30:00-05:00,0.9009000062942505,0.9035999774932861,0.8999999761581421,0.9022499918937683,45099,0.0,0.0
2023-02-28 11:30:00-05:00,0.901199996471405,0.9049999713897705,0.9006999731063843,0.9037500023841858,51968,0.0,0.0
2023-02-28 12:30:00-05:00,0.9037500023841858,0.9178000092506409,0.9035999774932861,0.9178000092506409,27694,0.0,0.0
2023-02-28 13:30:00-05:00,0.9151999950408936,0.920199990272522,0.9110000133514404,0.9157750010490417,35964,0.0,0.0
2023-02-28 14:30:00-05:00,0.9157750010490417,0.9174000024795532,0.9110999703407288,0.911201000213623,31178,0.0,0.0
2023-02-28 15:30:00-05:00,0.9174000024795532,0.9174000024795532,0.9111999869346619,0.9132999777793884,36134,0.0,0.0
2023-03-01 09:30:00-05:00,0.9150000214576721,0.9200000166893005,0.8837000131607056,0.8899999856948853,150938,0.0,0.0
2023-03-01 10:30:00-05:00,0.8906999826431274,0.8906999826431274,0.8799999952316284,0.8799999952316284,57007,0.0,0.0
2023-03-01 11:30:00-05:00,0.8799999952316284,0.8799999952316284,0.8700000047683716,0.8725000023841858,80427,0.0,0.0
2023-03-01 12:30:00-05:00,0.8709999918937683,0.8896999955177307,0.8700000047683716,0.8749669790267944,169778,0.0,0.0
2023-03-01 13:30:00-05:00,0.8700000047683716,0.871999979019165,0.8650000095367432,0.8676000237464905,97574,0.0,0.0
2023-03-01 14:30:00-05:00,0.8682000041007996,0.8687000274658203,0.8399999737739563,0.859000027179718,412366,0.0,0.0
2023-03-01 15:30:00-05:00,0.859000027179718,0.8640999794006348,0.8513000011444092,0.8571000099182129,145991,0.0,0.0
2023-03-02 09:30:00-05:00,0.8700000047683716,0.8899999856948853,0.8410999774932861,0.8478000164031982,309859,0.0,0.0
2023-03-02 10:30:00-05:00,0.8500999808311462,0.8547000288963318,0.8299999833106995,0.8299999833106995,121845,0.0,0.0
2023-03-02 11:30:00-05:00,0.8313000202178955,0.8389999866485596,0.8176000118255615,0.8313999772071838,129562,0.0,0.0
2023-03-02 12:30:00-05:00,0.8313500285148621,0.8543000221252441,0.824999988079071,0.8406000137329102,130321,0.0,0.0
2023-03-02 13:30:00-05:00,0.8458999991416931,0.8458999991416931,0.8252000212669373,0.8385000228881836,30726,0.0,0.0
2023-03-02 14:30:00-05:00,0.8385000228881836,0.8539999723434448,0.8345000147819519,0.8410000205039978,263804,0.0,0.0
2023-03-02 15:30:00-05:00,0.8410000205039978,0.8511000275611877,0.8299999833106995,0.8398000001907349,91519,0.0,0.0
2023-03-03 09:30:00-05:00,0.8522999882698059,0.8849999904632568,0.8399999737739563,0.8571000099182129,122815,0.0,0.0
2023-03-03 10:30:00-05:00,0.8590999841690063,0.8700000047683716,0.8511000275611877,0.8536999821662903,158100,0.0,0.0
2023-03-03 11:30:00-05:00,0.8539999723434448,0.8727999925613403,0.8514000177383423,0.8727999925613403,37316,0.0,0.0
2023-03-03 12:30:00-05:00,0.8727999925613403,0.9200000166893005,0.8693000078201294,0.9049999713897705,81752,0.0,0.0
2023-03-03 13:30:00-05:00,0.8982999920845032,0.9100000262260437,0.8851000070571899,0.9034000039100647,45276,0.0,0.0
2023-03-03 14:30:00-05:00,0.9034000039100647,0.9150000214576721,0.9028000235557556,0.90829998254776,55254,0.0,0.0
2023-03-03 15:30:00-05:00,0.9081000089645386,0.9081500172615051,0.8932999968528748,0.902400016784668,79957,0.0,0.0
2023-03-06 09:30:00-05:00,0.9032999873161316,0.9732000231742859,0.9032999873161316,0.9199000000953674,242511,0.0,0.0
2023-03-06 10:30:00-05:00,0.9199000000953674,0.9399999976158142,0.9129999876022339,0.9186000227928162,112909,0.0,0.0
2023-03-06 11:30:00-05:00,0.9179999828338623,0.9297000169754028,0.9020000100135803,0.9047999978065491,103454,0.0,0.0
2023-03-06 12:30:00-05:00,0.9020000100135803,0.9036999940872192,0.8881999850273132,0.8881999850273132,58091,0.0,0.0
2023-03-06 13:30:00-05:00,0.8881999850273132,0.8955000042915344,0.8881999850273132,0.8953999876976013,29067,0.0,0.0
2023-03-06 14:30:00-05:00,0.8955000042915344,0.8973000049591064,0.8906000256538391,0.8927000164985657,37529,0.0,0.0
2023-03-06 15:30:00-05:00,0.8927000164985657,0.9138000011444092,0.8909000158309937,0.9110000133514404,48527,0.0,0.0
2023-03-07 09:30:00-05:00,0.9117000102996826,0.9434000253677368,0.8849999904632568,0.8995000123977661,73071,0.0,0.0
2023-03-07 10:30:00-05:00,0.8982999920845032,0.9077000021934509,0.8899999856948853,0.8968999981880188,27526,0.0,0.0
2023-03-07 11:30:00-05:00,0.8984000086784363,0.9050999879837036,0.8899999856948853,0.8949999809265137,51763,0.0,0.0
2023-03-07 12:30:00-05:00,0.9013000130653381,0.9013000130653381,0.8949999809265137,0.8982999920845032,31908,0.0,0.0
2023-03-07 13:30:00-05:00,0.8970000147819519,0.9079999923706055,0.8920000195503235,0.8920000195503235,46462,0.0,0.0
2023-03-07 14:30:00-05:00,0.8945000171661377,0.9038000106811523,0.8901000022888184,0.8968999981880188,61685,0.0,0.0
2023-03-07 15:30:00-05:00,0.8968999981880188,0.9017000198364258,0.890500009059906,0.8931999802589417,51087,0.0,0.0
2023-03-08 09:30:00-05:00,0.9200000166893005,0.944100022315979,0.8610000014305115,0.8801010251045227,99202,0.0,0.0
2023-03-08 10:30:00-05:00,0.8827000260353088,0.885200023651123,0.8744999766349792,0.8744999766349792,18837,0.0,0.0
2023-03-08 11:30:00-05:00,0.8744999766349792,0.8799999952316284,0.8744999766349792,0.8759999871253967,10890,0.0,0.0
2023-03-08 12:30:00-05:00,0.8744999766349792,0.8758000135421753,0.8700000047683716,0.8716999888420105,34303,0.0,0.0
2023-03-08 13:30:00-05:00,0.8712000250816345,0.8877999782562256,0.8711000084877014,0.8805000185966492,45377,0.0,0.0
2023-03-08 14:30:00-05:00,0.8877999782562256,0.88919997215271,0.8799999952316284,0.8802000284194946,48722,0.0,0.0
2023-03-08 15:30:00-05:00,0.8801500201225281,0.8942000269889832,0.8801000118255615,0.8892999887466431,87747,0.0,0.0
2023-03-09 09:30:00-05:00,0.8700000047683716,0.9276999831199646,0.8700000047683716,0.9101009964942932,116489,0.0,0.0
2023-03-09 10:30:00-05:00,0.9100000262260437,0.9150999784469604,0.9100000262260437,0.9128999710083008,70745,0.0,0.0
2023-03-09 11:30:00-05:00,0.9105010032653809,0.9128999710083008,0.9100000262260437,0.9100000262260437,40075,0.0,0.0
2023-03-09 12:30:00-05:00,0.9100000262260437,0.910099983215332,0.8852999806404114,0.8852999806404114,110481,0.0,0.0
2023-03-09 13:30:00-05:00,0.8851000070571899,0.8884000182151794,0.8650000095367432,0.8744000196456909,89648,0.0,0.0
2023-03-09 14:30:00-05:00,0.8744000196456909,0.8823000192642212,0.8654999732971191,0.8700000047683716,124806,0.0,0.0
2023-03-09 15:30:00-05:00,0.8700000047683716,0.8709999918937683,0.8521000146865845,0.8565999865531921,147396,0.0,0.0
2023-03-10 09:30:00-05:00,0.8500000238418579,0.8575999736785889,0.8109999895095825,0.828000009059906,181855,0.0,0.0
2023-03-10 10:30:00-05:00,0.828000009059906,0.8319000005722046,0.8199999928474426,0.8259000182151794,233668,0.0,0.0
2023-03-10 11:30:00-05:00,0.8259000182151794,0.8299000263214111,0.8011000156402588,0.8011000156402588,120179,0.0,0.0
2023-03-10 12:30:00-05:00,0.8051999807357788,0.8080999851226807,0.7516999840736389,0.7681000232696533,633561,0.0,0.0
2023-03-10 13:30:00-05:00,0.7681999802589417,0.7681999802589417,0.7511000037193298,0.7537500262260437,187724,0.0,0.0
2023-03-10 14:30:00-05:00,0.7537000179290771,0.800000011920929,0.7514749765396118,0.7831000089645386,433653,0.0,0.0
2023-03-10 15:30:00-05:00,0.7831000089645386,0.7833999991416931,0.7491000294685364,0.7634000182151794,379332,0.0,0.0
2023-03-13 09:30:00-04:00,0.7670000195503235,0.800000011920929,0.7601000070571899,0.795898973941803,161202,0.0,0.0
2023-03-13 10:30:00-04:00,0.7955499887466431,0.8108000159263611,0.7900000214576721,0.8108000159263611,170005,0.0,0.0
2023-03-13 11:30:00-04:00,0.8097000122070312,0.8370000123977661,0.8095999956130981,0.8335999846458435,125754,0.0,0.0
2023-03-13 12:30:00-04:00,0.8278999924659729,0.8337000012397766,0.8125500082969666,0.8127999901771545,38660,0.0,0.0
2023-03-13 13:30:00-04:00,0.8126999735832214,0.8208000063896179,0.8113499879837036,0.8205000162124634,55295,0.0,0.0
2023-03-13 14:30:00-04:00,0.8220000267028809,0.8299999833106995,0.8199999928474426,0.8277000188827515,147678,0.0,0.0
2023-03-13 15:30:00-04:00,0.8277000188827515,0.8299999833106995,0.8200680017471313,0.8299999833106995,53382,0.0,0.0
2023-03-14 09:30:00-04:00,0.8295000195503235,0.8500000238418579,0.8101000189781189,0.8199999928474426,82614,0.0,0.0
2023-03-14 10:30:00-04:00,0.8364999890327454,0.8396999835968018,0.8201000094413757,0.8256000280380249,68599,0.0,0.0
2023-03-14 11:30:00-04:00,0.8263999819755554,0.8334000110626221,0.8019999861717224,0.8180000185966492,100791,0.0,0.0
2023-03-14 12:30:00-04:00,0.8152999877929688,0.8223999738693237,0.8040000200271606,0.8184999823570251,59206,0.0,0.0
2023-03-14 13:30:00-04:00,0.8190000057220459,0.8199999928474426,0.800000011920929,0.807200014591217,71900,0.0,0.0
2023-03-14 14:30:00-04:00,0.807200014591217,0.809499979019165,0.7817000150680542,0.7918999791145325,155911,0.0,0.0
2023-03-14 15:30:00-04:00,0.7918499708175659,0.8029000163078308,0.7900000214576721,0.7964000105857849,89424,0.0,0.0
2023-03-15 09:30:00-04:00,0.7799999713897705,0.8299999833106995,0.7599999904632568,0.7820000052452087,179076,0.0,0.0
2023-03-15 10:30:00-04:00,0.789900004863739,0.7953000068664551,0.7754999995231628,0.7754999995231628,144637,0.0,0.0
2023-03-15 11:30:00-04:00,0.7754999995231628,0.800000011920929,0.7699999809265137,0.7907000184059143,62086,0.0,0.0
2023-03-15 12:30:00-04:00,0.7906000018119812,0.7906000018119812,0.7699999809265137,0.7750999927520752,121495,0.0,0.0
2023-03-15 13:30:00-04:00,0.7750999927520752,0.7796990275382996,0.762499988079071,0.7789999842643738,27790,0.0,0.0
2023-03-15 14:30:00-04:00,0.7791000008583069,0.7850000262260437,0.7760000228881836,0.7760000228881836,40102,0.0,0.0
2023-03-15 15:30:00-04:00,0.7760000228881836,0.7850000262260437,0.7736999988555908,0.7849000096321106,68530,0.0,0.0
2023-03-16 09:30:00-04:00,0.7900000214576721,0.800000011920929,0.7599999904632568,0.7599999904632568,144877,0.0,0.0
2023-03-16 10:30:00-04:00,0.7601000070571899,0.7752000093460083,0.7599999904632568,0.7735000252723694,105340,0.0,0.0
2023-03-16 11:30:00-04:00,0.7601000070571899,0.7734000086784363,0.7597000002861023,0.7598999738693237,51943,0.0,0.0
2023-03-16 12:30:00-04:00,0.7598999738693237,0.7649000287055969,0.753000020980835,0.7534000277519226,76691,0.0,0.0
2023-03-16 13:30:00-04:00,0.7534000277519226,0.782800018787384,0.753000020980835,0.7752000093460083,114696,0.0,0.0
2023-03-16 14:30:00-04:00,0.7752000093460083,0.7820000052452087,0.7602999806404114,0.779699981212616,62690,0.0,0.0
2023-03-16 15:30:00-04:00,0.7703999876976013,0.779699981212616,0.7703999876976013,0.7745000123977661,91401,0.0,0.0
2023-03-17 09:30:00-04:00,0.7745000123977661,0.8220000267028809,0.7400000095367432,0.7409999966621399,355999,0.0,0.0
2023-03-17 10:30:00-04:00,0.7409999966621399,0.7599999904632568,0.7409999966621399,0.7512000203132629,104430,0.0,0.0
2023-03-17 11:30:00-04:00,0.7512000203132629,0.7652000188827515,0.7512000203132629,0.7595000267028809,43677,0.0,0.0
2023-03-17 12:30:00-04:00,0.7612000107765198,0.7900000214576721,0.755299985408783,0.7900000214576721,25985,0.0,0.0
2023-03-17 13:30:00-04:00,0.7762500047683716,0.7840999960899353,0.7574999928474426,0.7648000121116638,27465,0.0,0.0
2023-03-17 14:30:00-04:00,0.762499988079071,0.7799999713897705,0.7512999773025513,0.7681000232696533,125484,0.0,0.0
2023-03-17 15:30:00-04:00,0.7681999802589417,0.7768999934196472,0.7524999976158142,0.7560999989509583,55704,0.0,0.0
2023-03-20 09:30:00-04:00,0.7580000162124634,0.7695000171661377,0.7400000095367432,0.7545999884605408,100414,0.0,0.0
2023-03-20 10:30:00-04:00,0.7501999735832214,0.7556999921798706,0.75,0.7554000020027161,46251,0.0,0.0
2023-03-20 11:30:00-04:00,0.7552000284194946,0.7617999911308289,0.7409999966621399,0.7468000054359436,81254,0.0,0.0
2023-03-20 12:30:00-04:00,0.746749997138977,0.7626000046730042,0.7452499866485596,0.7504000067710876,64785,0.0,0.0
2023-03-20 13:30:00-04:00,0.7504000067710876,0.7595999836921692,0.7450000047683716,0.75,43104,0.0,0.0
2023-03-20 14:30:00-04:00,0.75,0.7537000179290771,0.7450000047683716,0.7537000179290771,54529,0.0,0.0
2023-03-20 15:30:00-04:00,0.7583000063896179,0.7699000239372253,0.7492009997367859,0.7620999813079834,109861,0.0,0.0
2023-03-21 09:30:00-04:00,0.7440000176429749,0.7739999890327454,0.7440000176429749,0.7599999904632568,82504,0.0,0.0
2023-03-21 10:30:00-04:00,0.7599999904632568,0.772599995136261,0.75,0.754800021648407,66140,0.0,0.0
2023-03-21 11:30:00-04:00,0.7566999793052673,0.7663499712944031,0.7505000233650208,0.7512000203132629,58616,0.0,0.0
2023-03-21 12:30:00-04:00,0.7512000203132629,0.7598000168800354,0.75,0.75,47490,0.0,0.0
2023-03-21 13:30:00-04:00,0.7523999810218811,0.7649999856948853,0.7501000165939331,0.7599999904632568,64396,0.0,0.0
2023-03-21 14:30:00-04:00,0.7598999738693237,0.7857999801635742,0.7576000094413757,0.7651000022888184,57102,0.0,0.0
2023-03-21 15:30:00-04:00,0.7788000106811523,0.7788000106811523,0.7572000026702881,0.7572000026702881,143211,0.0,0.0
2023-03-22 09:30:00-04:00,0.7599999904632568,0.7799999713897705,0.75,0.7699999809265137,60756,0.0,0.0
2023-03-22 10:30:00-04:00,0.7732999920845032,0.7732999920845032,0.7563999891281128,0.7563999891281128,46859,0.0,0.0
2023-03-22 11:30:00-04:00,0.7563999891281128,0.7664999961853027,0.75,0.7578999996185303,85215,0.0,0.0
2023-03-22 12:30:00-04:00,0.7599999904632568,0.7617999911308289,0.7501000165939331,0.7519999742507935,61676,0.0,0.0
2023-03-22 13:30:00-04:00,0.7584999799728394,0.7675999999046326,0.7501999735832214,0.7674999833106995,71601,0.0,0.0
2023-03-22 14:30:00-04:00,0.7674999833106995,0.7691900134086609,0.75,0.7635999917984009,81538,0.0,0.0
2023-03-22 15:30:00-04:00,0.7636500000953674,0.76419997215271,0.7429999709129333,0.7429999709129333,192769,0.0,0.0
2023-03-23 09:30:00-04:00,0.8500000238418579,0.8500000238418579,0.741100013256073,0.7562999725341797,249170,0.0,0.0
2023-03-23 10:30:00-04:00,0.7412999868392944,0.7554000020027161,0.7300000190734863,0.7303000092506409,202986,0.0,0.0
2023-03-23 11:30:00-04:00,0.7303000092506409,0.7318000197410583,0.699999988079071,0.7083510160446167,324338,0.0,0.0
2023-03-23 12:30:00-04:00,0.7070000171661377,0.7096999883651733,0.6759999990463257,0.6962000131607056,340561,0.0,0.0
2023-03-23 13:30:00-04:00,0.6962000131607056,0.6998000144958496,0.6800000071525574,0.6912500262260437,193167,0.0,0.0
2023-03-23 14:30:00-04:00,0.6899999976158142,0.6937999725341797,0.6899999976158142,0.6899999976158142,122732,0.0,0.0
2023-03-23 15:30:00-04:00,0.6899999976158142,0.699999988079071,0.6863999962806702,0.6901000142097473,129853,0.0,0.0
2023-03-24 09:30:00-04:00,0.6499999761581421,0.684149980545044,0.5501999855041504,0.6600000262260437,461707,0.0,0.0
2023-03-24 10:30:00-04:00,0.6600000262260437,0.6642000079154968,0.6600000262260437,0.6614000201225281,81091,0.0,0.0
2023-03-24 11:30:00-04:00,0.6614000201225281,0.6909999847412109,0.6549999713897705,0.6549999713897705,142698,0.0,0.0
2023-03-24 12:30:00-04:00,0.6650999784469604,0.6650999784469604,0.6550999879837036,0.6570000052452087,48868,0.0,0.0
2023-03-24 13:30:00-04:00,0.6570000052452087,0.6570000052452087,0.6549999713897705,0.6550250053405762,64968,0.0,0.0
2023-03-24 14:30:00-04:00,0.6550250053405762,0.6550999879837036,0.6499999761581421,0.6500999927520752,117858,0.0,0.0
2023-03-24 15:30:00-04:00,0.6500999927520752,0.6646000146865845,0.6499999761581421,0.6646000146865845,207794,0.0,0.0
2023-03-27 09:30:00-04:00,0.6800000071525574,0.699999988079071,0.6600000262260437,0.6922000050544739,302568,0.0,0.0
2023-03-27 10:30:00-04:00,0.692799985408783,0.699999988079071,0.6899999976158142,0.6930999755859375,160338,0.0,0.0
2023-03-27 11:30:00-04:00,0.6931999921798706,0.6998999714851379,0.6872000098228455,0.6901000142097473,80142,0.0,0.0
2023-03-27 12:30:00-04:00,0.6901000142097473,0.6901000142097473,0.6800000071525574,0.6811000108718872,73802,0.0,0.0
2023-03-27 13:30:00-04:00,0.6811000108718872,0.6834999918937683,0.675000011920929,0.6794999837875366,128036,0.0,0.0
2023-03-27 14:30:00-04:00,0.6830000281333923,0.6998000144958496,0.675599992275238,0.6848999857902527,129306,0.0,0.0
2023-03-27 15:30:00-04:00,0.6850000023841858,0.6963000297546387,0.675000011920929,0.6888999938964844,132095,0.0,0.0
2023-03-28 09:30:00-04:00,0.7498000264167786,0.7498000264167786,0.699999988079071,0.7258999943733215,151140,0.0,0.0
2023-03-28 10:30:00-04:00,0.7226999998092651,0.7257000207901001,0.6899999976158142,0.6916999816894531,75383,0.0,0.0
2023-03-28 11:30:00-04:00,0.6901999711990356,0.7099999785423279,0.6901999711990356,0.7017999887466431,75144,0.0,0.0
2023-03-28 12:30:00-04:00,0.7034000158309937,0.7063000202178955,0.6899999976158142,0.694100022315979,128930,0.0,0.0
2023-03-28 13:30:00-04:00,0.694100022315979,0.7171000242233276,0.694100022315979,0.7074999809265137,94000,0.0,0.0
2023-03-28 14:30:00-04:00,0.7040500044822693,0.7113999724388123,0.6901000142097473,0.7053999900817871,67807,0.0,0.0
2023-03-28 15:30:00-04:00,0.7049999833106995,0.7053999900817871,0.6899999976158142,0.6920999884605408,108643,0.0,0.0
2023-03-29 09:30:00-04:00,0.699999988079071,0.7975999712944031,0.699999988079071,0.7699999809265137,350660,0.0,0.0
2023-03-29 10:30:00-04:00,0.7699999809265137,0.784600019454956,0.741599977016449,0.75,104552,0.0,0.0
2023-03-29 11:30:00-04:00,0.75,0.7799999713897705,0.7419999837875366,0.7559999823570251,145269,0.0,0.0
2023-03-29 12:30:00-04:00,0.7559999823570251,0.7749999761581421,0.7501000165939331,0.7549999952316284,75577,0.0,0.0
2023-03-29 13:30:00-04:00,0.7549999952316284,0.7749999761581421,0.7549999952316284,0.7689499855041504,114692,0.0,0.0
2023-03-29 14:30:00-04:00,0.7674999833106995,0.7689999938011169,0.7501999735832214,0.7559999823570251,132022,0.0,0.0
2023-03-29 15:30:00-04:00,0.7559999823570251,0.7616999745368958,0.75,0.7574999928474426,115899,0.0,0.0
2023-03-30 09:30:00-04:00,0.7576000094413757,0.800000011920929,0.75,0.7502999901771545,101680,0.0,0.0
2023-03-30 10:30:00-04:00,0.75,0.7598999738693237,0.75,0.75,66954,0.0,0.0
2023-03-30 11:30:00-04:00,0.75,0.7501000165939331,0.7400000095367432,0.7501000165939331,48669,0.0,0.0
2023-03-30 12:30:00-04:00,0.7501000165939331,0.7705000042915344,0.7400000095367432,0.7400000095367432,66586,0.0,0.0
2023-03-30 13:30:00-04:00,0.7400000095367432,0.7425000071525574,0.7300000190734863,0.734000027179718,78032,0.0,0.0
2023-03-30 14:30:00-04:00,0.7376999855041504,0.7699999809265137,0.7300999760627747,0.7386999726295471,118186,0.0,0.0
2023-03-30 15:30:00-04:00,0.7343999743461609,0.7569000124931335,0.7282000184059143,0.7398999929428101,199592,0.0,0.0
2023-03-31 09:30:00-04:00,0.75,0.7688999772071838,0.7300999760627747,0.7516999840736389,220784,0.0,0.0
2023-03-31 10:30:00-04:00,0.7519000172615051,0.7767999768257141,0.7400000095367432,0.7594000101089478,87571,0.0,0.0
2023-03-31 11:30:00-04:00,0.7562000155448914,0.7592999935150146,0.7400000095367432,0.7401000261306763,62999,0.0,0.0
2023-03-31 12:30:00-04:00,0.7400000095367432,0.7423999905586243,0.7300000190734863,0.7337999939918518,90252,0.0,0.0
2023-03-31 13:30:00-04:00,0.7337999939918518,0.7457500100135803,0.7337999939918518,0.7376000285148621,87947,0.0,0.0
2023-03-31 14:30:00-04:00,0.7404500246047974,0.7432000041007996,0.737500011920929,0.7376000285148621,80301,0.0,0.0
2023-03-31 15:30:00-04:00,0.7376000285148621,0.7541000247001648,0.7375500202178955,0.7450000047683716,193445,0.0,0.0
2023-04-03 09:30:00-04:00,0.7739999890327454,0.7879999876022339,0.7501000165939331,0.7501999735832214,101282,0.0,0.0
2023-04-03 10:30:00-04:00,0.7501999735832214,0.7738999724388123,0.7400000095367432,0.7400000095367432,17190,0.0,0.0
2023-04-03 11:30:00-04:00,0.7400000095367432,0.7569000124931335,0.7400000095367432,0.741100013256073,15185,0.0,0.0
2023-04-03 12:30:00-04:00,0.741100013256073,0.7506999969482422,0.741100013256073,0.7414000034332275,34684,0.0,0.0
2023-04-03 13:30:00-04:00,0.7414010167121887,0.7436000108718872,0.7300999760627747,0.7300999760627747,56719,0.0,0.0
2023-04-03 14:30:00-04:00,0.7300999760627747,0.7364000082015991,0.7300000190734863,0.7312999963760376,81672,0.0,0.0
2023-04-03 15:30:00-04:00,0.7312999963760376,0.7400000095367432,0.7300000190734863,0.7394999861717224,34904,0.0,0.0
2023-04-04 09:30:00-04:00,0.75,0.7657999992370605,0.7301999926567078,0.7376000285148621,108171,0.0,0.0
2023-04-04 10:30:00-04:00,0.7376000285148621,0.739799976348877,0.7300999760627747,0.7319999933242798,91893,0.0,0.0
2023-04-04 11:30:00-04:00,0.7319999933242798,0.7466999888420105,0.7319999933242798,0.7416999936103821,44965,0.0,0.0
2023-04-04 12:30:00-04:00,0.7416999936103821,0.7436000108718872,0.7350000143051147,0.7369999885559082,52494,0.0,0.0
2023-04-04 13:30:00-04:00,0.7350000143051147,0.7390000224113464,0.7300999760627747,0.7300999760627747,26565,0.0,0.0
2023-04-04 14:30:00-04:00,0.7325000166893005,0.7350000143051147,0.7300000190734863,0.7307999730110168,82226,0.0,0.0
2023-04-04 15:30:00-04:00,0.7305999994277954,0.7439000010490417,0.730400025844574,0.7386000156402588,112123,0.0,0.0
2023-04-05 09:30:00-04:00,0.7301999926567078,0.7520999908447266,0.7300000190734863,0.7300000190734863,109780,0.0,0.0
2023-04-05 10:30:00-04:00,0.7300000190734863,0.7400000095367432,0.7300000190734863,0.7301999926567078,124374,0.0,0.0
2023-04-05 11:30:00-04:00,0.7301999926567078,0.7354000210762024,0.7301999926567078,0.7329999804496765,30859,0.0,0.0
2023-04-05 12:30:00-04:00,0.7329999804496765,0.7373999953269958,0.7329999804496765,0.7351999878883362,14900,0.0,0.0
2023-04-05 13:30:00-04:00,0.7350999712944031,0.7450000047683716,0.7350000143051147,0.7440999746322632,38371,0.0,0.0
2023-04-05 14:30:00-04:00,0.7440000176429749,0.7450000047683716,0.7300000190734863,0.7300000190734863,79218,0.0,0.0
2023-04-05 15:30:00-04:00,0.7300000190734863,0.7346000075340271,0.7300000190734863,0.7346000075340271,74336,0.0,0.0
2023-04-06 09:30:00-04:00,0.7300000190734863,0.7400000095367432,0.7300000190734863,0.7356500029563904,45014,0.0,0.0
2023-04-06 10:30:00-04:00,0.7371000051498413,0.7371000051498413,0.7300000190734863,0.7300999760627747,78630,0.0,0.0
2023-04-06 11:30:00-04:00,0.7300000190734863,0.75,0.7300000190734863,0.7350999712944031,49869,0.0,0.0
2023-04-06 12:30:00-04:00,0.7354999780654907,0.7440000176429749,0.7300000190734863,0.7300999760627747,56491,0.0,0.0
2023-04-06 13:30:00-04:00,0.7300000190734863,0.7427999973297119,0.7300000190734863,0.734499990940094,108251,0.0,0.0
2023-04-06 14:30:00-04:00,0.7311000227928162,0.7387999892234802,0.7300000190734863,0.7300000190734863,67986,0.0,0.0
2023-04-06 15:30:00-04:00,0.7300999760627747,0.7427999973297119,0.7300000190734863,0.7336999773979187,159064,0.0,0.0
2023-04-10 09:30:00-04:00,0.7699999809265137,0.7799999713897705,0.7300000190734863,0.7300500273704529,248288,0.0,0.0
2023-04-10 10:30:00-04:00,0.7300000190734863,0.7300999760627747,0.6775000095367432,0.6900500059127808,318688,0.0,0.0
2023-04-10 11:30:00-04:00,0.6894500255584717,0.6945000290870667,0.6774500012397766,0.6774500012397766,95908,0.0,0.0
2023-04-10 12:30:00-04:00,0.6769999861717224,0.6777999997138977,0.6700000166893005,0.6717000007629395,228957,0.0,0.0
2023-04-10 13:30:00-04:00,0.6713500022888184,0.6904000043869019,0.6707000136375427,0.6822500228881836,163006,0.0,0.0
2023-04-10 14:30:00-04:00,0.6740999817848206,0.6827999949455261,0.6610999703407288,0.6628999710083008,155433,0.0,0.0
2023-04-10 15:30:00-04:00,0.6628999710083008,0.671999990940094,0.6620000004768372,0.6675000190734863,117877,0.0,0.0
2023-04-11 09:30:00-04:00,0.6800000071525574,0.6800000071525574,0.6638000011444092,0.6739000082015991,83701,0.0,0.0
2023-04-11 10:30:00-04:00,0.6700000166893005,0.6754999756813049,0.6700000166893005,0.6733999848365784,86922,0.0,0.0
2023-04-11 11:30:00-04:00,0.6733999848365784,0.6998000144958496,0.6700000166893005,0.6887000203132629,141361,0.0,0.0
2023-04-11 12:30:00-04:00,0.6887000203132629,0.6951000094413757,0.6887000203132629,0.6948000192642212,44424,0.0,0.0
2023-04-11 13:30:00-04:00,0.6926000118255615,0.6948000192642212,0.6869999766349792,0.6883999705314636,26727,0.0,0.0
2023-04-11 14:30:00-04:00,0.6883999705314636,0.6905999779701233,0.6801009774208069,0.6904000043869019,51759,0.0,0.0
2023-04-11 15:30:00-04:00,0.6904000043869019,0.7146999835968018,0.6891000270843506,0.7110999822616577,187191,0.0,0.0
2023-04-12 09:30:00-04:00,0.6963000297546387,0.715499997138977,0.6825000047683716,0.6825000047683716,84150,0.0,0.0
2023-04-12 10:30:00-04:00,0.6967999935150146,0.6998999714851379,0.6700000166893005,0.6811000108718872,66812,0.0,0.0
2023-04-12 11:30:00-04:00,0.6811000108718872,0.6944000124931335,0.6700000166893005,0.6847000122070312,69053,0.0,0.0
2023-04-12 12:30:00-04:00,0.6846989989280701,0.6940000057220459,0.6823999881744385,0.6899999976158142,32324,0.0,0.0
2023-04-12 13:30:00-04:00,0.6899999976158142,0.699999988079071,0.687749981880188,0.6977999806404114,97874,0.0,0.0
2023-04-12 14:30:00-04:00,0.6977999806404114,0.6977999806404114,0.6870999932289124,0.6886500120162964,48581,0.0,0.0
2023-04-12 15:30:00-04:00,0.6901999711990356,0.6901999711990356,0.6610000133514404,0.6690000295639038,92794,0.0,0.0
2023-04-13 09:30:00-04:00,0.6798999905586243,0.699999988079071,0.6700000166893005,0.6908000111579895,87200,0.0,0.0
2023-04-13 10:30:00-04:00,0.6904000043869019,0.6998999714851379,0.6901000142097473,0.6980000138282776,77636,0.0,0.0
2023-04-13 11:30:00-04:00,0.6980000138282776,0.7570000290870667,0.6970999836921692,0.7450000047683716,254822,0.0,0.0
2023-04-13 12:30:00-04:00,0.7450000047683716,0.7537000179290771,0.7049999833106995,0.7346000075340271,149217,0.0,0.0
2023-04-13 13:30:00-04:00,0.7346000075340271,0.7391999959945679,0.722599983215332,0.7251999974250793,34480,0.0,0.0
2023-04-13 14:30:00-04:00,0.7275999784469604,0.7275999784469604,0.6992999911308289,0.699999988079071,41125,0.0,0.0
2023-04-13 15:30:00-04:00,0.7049999833106995,0.7240999937057495,0.699999988079071,0.7146000266075134,122524,0.0,0.0
2023-04-14 09:30:00-04:00,0.6912000179290771,0.7315000295639038,0.6912000179290771,0.7304999828338623,66985,0.0,0.0
2023-04-14 10:30:00-04:00,0.7245000004768372,0.7979999780654907,0.7189000248908997,0.7724999785423279,229443,0.0,0.0
2023-04-14 11:30:00-04:00,0.7724999785423279,0.7724999785423279,0.7400000095367432,0.741100013256073,115758,0.0,0.0
2023-04-14 12:30:00-04:00,0.741100013256073,0.7489500045776367,0.7232999801635742,0.7397000193595886,39177,0.0,0.0
2023-04-14 13:30:00-04:00,0.7397000193595886,0.7397000193595886,0.7325999736785889,0.7371000051498413,33459,0.0,0.0
2023-04-14 14:30:00-04:00,0.7368999719619751,0.7799999713897705,0.7368999719619751,0.7605999708175659,151429,0.0,0.0
2023-04-14 15:30:00-04:00,0.7644000053405762,0.769599974155426,0.7451000213623047,0.7595000267028809,127316,0.0,0.0
2023-04-17 09:30:00-04:00,0.7939000129699707,0.8199999928474426,0.7631000280380249,0.7950000166893005,322846,0.0,0.0
2023-04-17 10:30:00-04:00,0.7950000166893005,0.8399999737739563,0.7900000214576721,0.8385000228881836,240717,0.0,0.0
2023-04-17 11:30:00-04:00,0.8384000062942505,0.8399999737739563,0.8036999702453613,0.8187999725341797,126474,0.0,0.0
2023-04-17 12:30:00-04:00,0.8187999725341797,0.8349000215530396,0.8015000224113464,0.8270000219345093,68147,0.0,0.0
2023-04-17 13:30:00-04:00,0.829800009727478,0.829800009727478,0.8141999840736389,0.8141999840736389,62858,0.0,0.0
2023-04-17 14:30:00-04:00,0.8141499757766724,0.832099974155426,0.800000011920929,0.800000011920929,118432,0.0,0.0
2023-04-17 15:30:00-04:00,0.8097490072250366,0.8240000009536743,0.8025000095367432,0.810699999332428,43242,0.0,0.0
2023-04-18 09:30:00-04:00,0.8199999928474426,0.8299000263214111,0.7910000085830688,0.8198999762535095,114165,0.0,0.0
2023-04-18 10:30:00-04:00,0.8111000061035156,0.8271999955177307,0.8095999956130981,0.8095999956130981,75840,0.0,0.0
2023-04-18 11:30:00-04:00,0.8095999956130981,0.8114500045776367,0.7979999780654907,0.7979999780654907,29235,0.0,0.0
2023-04-18 12:30:00-04:00,0.8007000088691711,0.8185999989509583,0.7979999780654907,0.8001000285148621,76479,0.0,0.0
2023-04-18 13:30:00-04:00,0.8034999966621399,0.8043000102043152,0.7950000166893005,0.7950999736785889,49435,0.0,0.0
2023-04-18 14:30:00-04:00,0.7998999953269958,0.8069999814033508,0.7950000166893005,0.800000011920929,44932,0.0,0.0
2023-04-18 15:30:00-04:00,0.800000011920929,0.8129000067710876,0.800000011920929,0.8041999936103821,137886,0.0,0.0
2023-04-19 09:30:00-04:00,0.800000011920929,0.8500000238418579,0.800000011920929,0.8162999749183655,147483,0.0,0.0
2023-04-19 10:30:00-04:00,0.8155999779701233,0.833299994468689,0.8155999779701233,0.8199999928474426,112831,0.0,0.0
2023-04-19 11:30:00-04:00,0.8199999928474426,0.8205999732017517,0.8149999976158142,0.8149999976158142,39312,0.0,0.0
2023-04-19 12:30:00-04:00,0.8205000162124634,0.8299000263214111,0.8134999871253967,0.8288000226020813,104019,0.0,0.0
2023-04-19 13:30:00-04:00,0.8288000226020813,0.8288000226020813,0.8125,0.8199999928474426,32352,0.0,0.0
2023-04-19 14:30:00-04:00,0.8198999762535095,0.8389999866485596,0.8148499727249146,0.8263999819755554,69924,0.0,0.0
2023-04-19 15:30:00-04:00,0.8252999782562256,0.8296999931335449,0.8134999871253967,0.82669997215271,126122,0.0,0.0
2023-04-20 09:30:00-04:00,0.8288000226020813,0.8399999737739563,0.8100000023841858,0.8299999833106995,82052,0.0,0.0
2023-04-20 10:30:00-04:00,0.8199999928474426,0.8299999833106995,0.8173009753227234,0.829800009727478,91642,0.0,0.0
2023-04-20 11:30:00-04:00,0.8203999996185303,0.829800009727478,0.8149999976158142,0.8167499899864197,28024,0.0,0.0
2023-04-20 12:30:00-04:00,0.8167499899864197,0.8299000263214111,0.8149999976158142,0.8281999826431274,31818,0.0,0.0
2023-04-20 13:30:00-04:00,0.8299000263214111,0.8299999833106995,0.8226000070571899,0.8245499730110168,45892,0.0,0.0
2023-04-20 14:30:00-04:00,0.8242499828338623,0.8242499828338623,0.800000011920929,0.8093000054359436,58118,0.0,0.0
2023-04-20 15:30:00-04:00,0.8093000054359436,0.8187000155448914,0.8057000041007996,0.8130999803543091,61459,0.0,0.0
2023-04-21 09:30:00-04:00,0.800000011920929,0.8299999833106995,0.800000011920929,0.8118000030517578,83527,0.0,0.0
2023-04-21 10:30:00-04:00,0.8119000196456909,0.8299999833106995,0.800000011920929,0.8299999833106995,130345,0.0,0.0
2023-04-21 11:30:00-04:00,0.8299999833106995,0.8399999737739563,0.824999988079071,0.8367999792098999,46878,0.0,0.0
2023-04-21 12:30:00-04:00,0.8299999833106995,0.8367000222206116,0.8173999786376953,0.8198999762535095,25109,0.0,0.0
2023-04-21 13:30:00-04:00,0.8198999762535095,0.8450000286102295,0.8198999762535095,0.8399999737739563,49841,0.0,0.0
2023-04-21 14:30:00-04:00,0.8399999737739563,0.8447999954223633,0.8335000276565552,0.8335000276565552,49994,0.0,0.0
2023-04-21 15:30:00-04:00,0.8335000276565552,0.8500000238418579,0.8183000087738037,0.8490999937057495,53811,0.0,0.0
2023-04-24 09:30:00-04:00,0.8199999928474426,0.8399999737739563,0.8098999857902527,0.8199999928474426,95623,0.0,0.0
2023-04-24 10:30:00-04:00,0.8398000001907349,0.8398000001907349,0.8014000058174133,0.8098999857902527,49652,0.0,0.0
2023-04-24 11:30:00-04:00,0.8014000058174133,0.8174999952316284,0.8014000058174133,0.8170999884605408,33781,0.0,0.0
2023-04-24 12:30:00-04:00,0.8100000023841858,0.8399999737739563,0.8100000023841858,0.8399999737739563,42889,0.0,0.0
2023-04-24 13:30:00-04:00,0.8399999737739563,0.8499000072479248,0.8102999925613403,0.8299000263214111,34652,0.0,0.0
2023-04-24 14:30:00-04:00,0.8299000263214111,0.8499000072479248,0.8226000070571899,0.8302000164985657,63003,0.0,0.0
2023-04-24 15:30:00-04:00,0.8289999961853027,0.8349000215530396,0.8253999948501587,0.8292999863624573,23570,0.0,0.0
2023-04-25 09:30:00-04:00,0.8165000081062317,0.8500000238418579,0.8165000081062317,0.8327999711036682,24922,0.0,0.0
2023-04-25 10:30:00-04:00,0.838699996471405,0.8799999952316284,0.8288000226020813,0.8695999979972839,179453,0.0,0.0
2023-04-25 11:30:00-04:00,0.867900013923645,0.9269000291824341,0.8628000020980835,0.8901000022888184,383561,0.0,0.0
2023-04-25 12:30:00-04:00,0.8901000022888184,0.8999999761581421,0.8708999752998352,0.8784000277519226,179125,0.0,0.0
2023-04-25 13:30:00-04:00,0.878350019454956,0.8855000138282776,0.866100013256073,0.866100013256073,106090,0.0,0.0
2023-04-25 14:30:00-04:00,0.866100013256073,0.8798999786376953,0.8537999987602234,0.879800021648407,134186,0.0,0.0
2023-04-25 15:30:00-04:00,0.8795999884605408,0.8795999884605408,0.8461999893188477,0.8471999764442444,131409,0.0,0.0
2023-04-26 09:30:00-04:00,0.8399999737739563,0.8619999885559082,0.8399999737739563,0.861644983291626,48178,0.0,0.0
2023-04-26 10:30:00-04:00,0.8619999885559082,0.8787999749183655,0.8619999885559082,0.8748999834060669,51028,0.0,0.0
2023-04-26 11:30:00-04:00,0.8748999834060669,0.9150000214576721,0.8701000213623047,0.9150000214576721,74263,0.0,0.0
2023-04-26 12:30:00-04:00,0.9150000214576721,0.949999988079071,0.9000999927520752,0.9153000116348267,207707,0.0,0.0
2023-04-26 13:30:00-04:00,0.9199000000953674,0.9279000163078308,0.8999999761581421,0.909600019454956,103073,0.0,0.0
2023-04-26 14:30:00-04:00,0.9007999897003174,0.909600019454956,0.9007999897003174,0.9007999897003174,30392,0.0,0.0
2023-04-26 15:30:00-04:00,0.9050999879837036,0.9315000176429749,0.9007999897003174,0.9279999732971191,120343,0.0,0.0
2023-04-27 09:30:00-04:00,0.9283000230789185,0.9488999843597412,0.8708000183105469,0.8988999724388123,150702,0.0,0.0
2023-04-27 10:30:00-04:00,0.8801000118255615,0.8988999724388123,0.8299999833106995,0.8568999767303467,148105,0.0,0.0
2023-04-27 11:30:00-04:00,0.8452000021934509,0.8751000165939331,0.8452000021934509,0.8603000044822693,38452,0.0,0.0
2023-04-27 12:30:00-04:00,0.8603500127792358,0.8899999856948853,0.8598999977111816,0.8700000047683716,68188,0.0,0.0
2023-04-27 13:30:00-04:00,0.8700000047683716,0.8823000192642212,0.8700000047683716,0.8751999735832214,36992,0.0,0.0
2023-04-27 14:30:00-04:00,0.8751999735832214,0.8916000127792358,0.870199978351593,0.8845499753952026,30545,0.0,0.0
2023-04-27 15:30:00-04:00,0.8845499753952026,0.8999999761581421,0.8837000131607056,0.8988999724388123,26682,0.0,0.0
2023-04-28 09:30:00-04:00,0.8999999761581421,0.8999999761581421,0.8701000213623047,0.8970000147819519,32212,0.0,0.0
2023-04-28 10:30:00-04:00,0.8934000134468079,0.8949000239372253,0.8801000118255615,0.8899000287055969,21015,0.0,0.0
2023-04-28 11:30:00-04:00,0.8944500088691711,0.9103999733924866,0.8899999856948853,0.9003000259399414,49866,0.0,0.0
2023-04-28 12:30:00-04:00,0.9193999767303467,0.9193999767303467,0.8999999761581421,0.9092000126838684,79184,0.0,0.0
2023-04-28 13:30:00-04:00,0.9046499729156494,0.906000018119812,0.8899999856948853,0.8931999802589417,50848,0.0,0.0
2023-04-28 14:30:00-04:00,0.8964999914169312,0.8996999859809875,0.8901000022888184,0.8912000060081482,33051,0.0,0.0
2023-04-28 15:30:00-04:00,0.8912000060081482,0.9000999927520752,0.8906499743461609,0.9000999927520752,30750,0.0,0.0
2023-05-01 09:30:00-04:00,0.8799999952316284,0.8891000151634216,0.8600000143051147,0.8770999908447266,48158,0.0,0.0
2023-05-01 10:30:00-04:00,0.8770999908447266,0.9093999862670898,0.8716999888420105,0.8938999772071838,31580,0.0,0.0
2023-05-01 11:30:00-04:00,0.8802000284194946,0.9370999932289124,0.8802000284194946,0.8899999856948853,18936,0.0,0.0
2023-05-01 12:30:00-04:00,0.9003999829292297,0.9300000071525574,0.8809000253677368,0.8962000012397766,10612,0.0,0.0
2023-05-01 13:30:00-04:00,0.8824999928474426,0.9093999862670898,0.8824999928474426,0.8956999778747559,24600,0.0,0.0
2023-05-01 14:30:00-04:00,0.892300009727478,0.8924000263214111,0.8830999732017517,0.8880000114440918,113371,0.0,0.0
2023-05-01 15:30:00-04:00,0.8924000263214111,0.9107999801635742,0.8847000002861023,0.9107999801635742,23498,0.0,0.0
2023-05-02 09:30:00-04:00,0.8920999765396118,0.9049999713897705,0.8618000149726868,0.8799999952316284,354450,0.0,0.0
2023-05-02 10:30:00-04:00,0.8669999837875366,0.8809999823570251,0.8619999885559082,0.8700000047683716,118901,0.0,0.0
2023-05-02 11:30:00-04:00,0.8700000047683716,0.8700000047683716,0.8266000151634216,0.8296999931335449,238309,0.0,0.0
2023-05-02 12:30:00-04:00,0.8339499831199646,0.8489999771118164,0.8299999833106995,0.8485999703407288,33700,0.0,0.0
2023-05-02 13:30:00-04:00,0.8478000164031982,0.89410001039505,0.8436999917030334,0.8725000023841858,64784,0.0,0.0
2023-05-02 14:30:00-04:00,0.8734999895095825,0.8881000280380249,0.8600999712944031,0.8816999793052673,45017,0.0,0.0
2023-05-02 15:30:00-04:00,0.8816999793052673,0.8966000080108643,0.8786010146141052,0.8812999725341797,43617,0.0,0.0
2023-05-03 09:30:00-04:00,0.8880000114440918,0.9099000096321106,0.8600999712944031,0.8799999952316284,27944,0.0,0.0
2023-05-03 10:30:00-04:00,0.8849999904632568,0.8849999904632568,0.8709999918937683,0.8763999938964844,18608,0.0,0.0
2023-05-03 11:30:00-04:00,0.8765000104904175,0.8765000104904175,0.8700000047683716,0.8701000213623047,28382,0.0,0.0
2023-05-03 12:30:00-04:00,0.8728500008583069,0.9100000262260437,0.8700000047683716,0.8999999761581421,58562,0.0,0.0
2023-05-03 13:30:00-04:00,0.8999999761581421,0.9086999893188477,0.881600022315979,0.8907999992370605,25752,0.0,0.0
2023-05-03 14:30:00-04:00,0.8910499811172485,0.8999999761581421,0.8730999827384949,0.8866000175476074,43359,0.0,0.0
2023-05-03 15:30:00-04:00,0.8866000175476074,0.8985000252723694,0.8600000143051147,0.8729000091552734,71853,0.0,0.0
2023-05-04 09:30:00-04:00,0.8399999737739563,0.8700000047683716,0.8399999737739563,0.8490999937057495,57018,0.0,0.0
2023-05-04 10:30:00-04:00,0.8445500135421753,0.8798999786376953,0.8399999737739563,0.8600000143051147,66281,0.0,0.0
2023-05-04 11:30:00-04:00,0.8657000064849854,0.8955000042915344,0.8650000095367432,0.8950999975204468,26335,0.0,0.0
2023-05-04 12:30:00-04:00,0.8815000057220459,0.8815000057220459,0.8651000261306763,0.8697500228881836,3394,0.0,0.0
2023-05-04 13:30:00-04:00,0.8697500228881836,0.8744999766349792,0.8697500228881836,0.8700000047683716,22844,0.0,0.0
2023-05-04 14:30:00-04:00,0.8700000047683716,0.8744000196456909,0.8500000238418579,0.8550000190734863,46676,0.0,0.0
2023-05-04 15:30:00-04:00,0.8550000190734863,0.8708999752998352,0.8450999855995178,0.8708999752998352,48119,0.0,0.0
2023-05-05 09:30:00-04:00,0.8747000098228455,0.8978999853134155,0.8621000051498413,0.8820989727973938,43207,0.0,0.0
2023-05-05 10:30:00-04:00,0.8822000026702881,0.9265000224113464,0.8712000250816345,0.886650025844574,52363,0.0,0.0
2023-05-05 11:30:00-04:00,0.886650025844574,0.8899000287055969,0.8743000030517578,0.8866000175476074,20985,0.0,0.0
2023-05-05 12:30:00-04:00,0.8780999779701233,0.8866000175476074,0.8700000047683716,0.8701000213623047,16392,0.0,0.0
2023-05-05 13:30:00-04:00,0.8702999949455261,0.8910999894142151,0.8651000261306763,0.8794999718666077,25376,0.0,0.0
2023-05-05 14:30:00-04:00,0.8702999949455261,0.8903999924659729,0.8702999949455261,0.8708999752998352,36851,0.0,0.0
2023-05-05 15:30:00-04:00,0.8903999924659729,0.8999000191688538,0.8705000281333923,0.8827000260353088,54513,0.0,0.0
2023-05-08 09:30:00-04:00,0.8799999952316284,0.8999999761581421,0.8560000061988831,0.8834499716758728,71597,0.0,0.0
2023-05-08 10:30:00-04:00,0.8834499716758728,0.8968999981880188,0.8648999929428101,0.8723999857902527,48551,0.0,0.0
2023-05-08 11:30:00-04:00,0.8700000047683716,0.8752999901771545,0.8500009775161743,0.8752999901771545,41674,0.0,0.0
2023-05-08 12:30:00-04:00,0.8752999901771545,0.8944000005722046,0.8601999878883362,0.8776999711990356,58439,0.0,0.0
2023-05-08 13:30:00-04:00,0.8776000142097473,0.9086999893188477,0.8641999959945679,0.8970000147819519,101125,0.0,0.0
2023-05-08 14:30:00-04:00,0.8970000147819519,0.8978999853134155,0.8799999952316284,0.8863000273704529,34066,0.0,0.0
2023-05-08 15:30:00-04:00,0.8817999958992004,0.8999999761581421,0.8730999827384949,0.8751000165939331,21584,0.0,0.0
2023-05-09 09:30:00-04:00,0.8899999856948853,0.8989999890327454,0.8504999876022339,0.8600000143051147,80838,0.0,0.0
2023-05-09 10:30:00-04:00,0.867950975894928,0.869700014591217,0.8600000143051147,0.8600000143051147,24976,0.0,0.0
2023-05-09 11:30:00-04:00,0.8600000143051147,0.8679999709129333,0.8600000143051147,0.867900013923645,33845,0.0,0.0
2023-05-09 12:30:00-04:00,0.867900013923645,0.867900013923645,0.8600000143051147,0.8610000014305115,25288,0.0,0.0
2023-05-09 13:30:00-04:00,0.8640999794006348,0.8669999837875366,0.8604999780654907,0.8638499975204468,20222,0.0,0.0
2023-05-09 14:30:00-04:00,0.8638499975204468,0.8899999856948853,0.8605999946594238,0.8700000047683716,18225,0.0,0.0
2023-05-09 15:30:00-04:00,0.866599977016449,0.8798999786376953,0.8575000166893005,0.8644000291824341,88707,0.0,0.0
2023-05-10 09:30:00-04:00,0.8672999739646912,0.897599995136261,0.8600000143051147,0.8621000051498413,75811,0.0,0.0
2023-05-10 10:30:00-04:00,0.8709999918937683,0.8798999786376953,0.8500000238418579,0.8601999878883362,54182,0.0,0.0
2023-05-10 11:30:00-04:00,0.8798999786376953,0.8798999786376953,0.8707000017166138,0.8748999834060669,17696,0.0,0.0
2023-05-10 12:30:00-04:00,0.8748999834060669,0.8899000287055969,0.870701014995575,0.8824999928474426,94365,0.0,0.0
2023-05-10 13:30:00-04:00,0.881659984588623,0.8899000287055969,0.8797000050544739,0.8899000287055969,23478,0.0,0.0
2023-05-10 14:30:00-04:00,0.8855999708175659,0.8974000215530396,0.8855999708175659,0.8973000049591064,24122,0.0,0.0
2023-05-10 15:30:00-04:00,0.8971999883651733,0.9100000262260437,0.8970999717712402,0.909500002861023,47621,0.0,0.0
2023-05-11 09:30:00-04:00,0.8973000049591064,0.906000018119812,0.8799999952316284,0.9000999927520752,94215,0.0,0.0
2023-05-11 10:30:00-04:00,0.909600019454956,0.909600019454956,0.8999999761581421,0.9022499918937683,21116,0.0,0.0
2023-05-11 11:30:00-04:00,0.9022499918937683,0.9799000024795532,0.8999999761581421,0.9435999989509583,180709,0.0,0.0
2023-05-11 12:30:00-04:00,0.9430000185966492,0.9572499990463257,0.9399999976158142,0.9399999976158142,141046,0.0,0.0
2023-05-11 13:30:00-04:00,0.9419999718666077,0.9442999958992004,0.9100000262260437,0.910099983215332,80618,0.0,0.0
2023-05-11 14:30:00-04:00,0.910099983215332,0.947700023651123,0.9100000262260437,0.9150999784469604,49462,0.0,0.0
2023-05-11 15:30:00-04:00,0.9199000000953674,0.9495000243186951,0.9100000262260437,0.9165999889373779,143324,0.0,0.0
2023-05-12 09:30:00-04:00,0.9100000262260437,0.949999988079071,0.8700000047683716,0.8751000165939331,71439,0.0,0.0
2023-05-12 10:30:00-04:00,0.8759999871253967,0.8999000191688538,0.8615000247955322,0.8615000247955322,44145,0.0,0.0
2023-05-12 11:30:00-04:00,0.8615999817848206,0.878000020980835,0.8610000014305115,0.8610010147094727,38106,0.0,0.0
2023-05-12 12:30:00-04:00,0.8610000014305115,0.8737999796867371,0.8536999821662903,0.8600000143051147,43226,0.0,0.0
2023-05-12 13:30:00-04:00,0.8600000143051147,0.9014000296592712,0.8600000143051147,0.8899999856948853,78095,0.0,0.0
2023-05-12 14:30:00-04:00,0.8899000287055969,0.8949509859085083,0.8510000109672546,0.875,57632,0.0,0.0
2023-05-12 15:30:00-04:00,0.875,0.8771989941596985,0.8622999787330627,0.8740000128746033,35935,0.0,0.0
2023-05-15 09:30:00-04:00,0.8855999708175659,0.8980000019073486,0.8500000238418579,0.8651999831199646,52885,0.0,0.0
2023-05-15 10:30:00-04:00,0.8697999715805054,0.8870000243186951,0.8549000024795532,0.8799999952316284,79352,0.0,0.0
2023-05-15 11:30:00-04:00,0.8737999796867371,0.9200000166893005,0.8611999750137329,0.8837000131607056,55226,0.0,0.0
2023-05-15 12:30:00-04:00,0.897599995136261,0.897599995136261,0.8837000131607056,0.883899986743927,10771,0.0,0.0
2023-05-15 13:30:00-04:00,0.8885999917984009,0.8901000022888184,0.8720999956130981,0.8828999996185303,21536,0.0,0.0
2023-05-15 14:30:00-04:00,0.8824999928474426,0.8959000110626221,0.871999979019165,0.8843500018119812,37728,0.0,0.0
2023-05-15 15:30:00-04:00,0.8843500018119812,0.8899999856948853,0.8799999952316284,0.8842999935150146,34790,0.0,0.0
2023-05-16 09:30:00-04:00,0.8956999778747559,0.8999999761581421,0.8610000014305115,0.8711000084877014,40994,0.0,0.0
2023-05-16 10:30:00-04:00,0.8710500001907349,0.8806999921798706,0.8614000082015991,0.8726000189781189,16754,0.0,0.0
2023-05-16 11:30:00-04:00,0.8743000030517578,0.8745999932289124,0.8676000237464905,0.8734999895095825,29153,0.0,0.0
2023-05-16 12:30:00-04:00,0.8738999962806702,0.8738999962806702,0.8600000143051147,0.8600000143051147,75384,0.0,0.0
2023-05-16 13:30:00-04:00,0.8600000143051147,0.8858000040054321,0.8600000143051147,0.8827999830245972,43910,0.0,0.0
2023-05-16 14:30:00-04:00,0.8799999952316284,0.8848999738693237,0.8799999952316284,0.8823999762535095,45570,0.0,0.0
2023-05-16 15:30:00-04:00,0.8823999762535095,0.8851000070571899,0.8799999952316284,0.8799999952316284,32844,0.0,0.0
2023-05-17 09:30:00-04:00,0.8899999856948853,0.9010999798774719,0.8500000238418579,0.875,78956,0.0,0.0
2023-05-17 10:30:00-04:00,0.8878999948501587,0.9200000166893005,0.875,0.8801000118255615,61950,0.0,0.0
2023-05-17 11:30:00-04:00,0.886900007724762,0.902400016784668,0.875,0.902400016784668,70717,0.0,0.0
2023-05-17 12:30:00-04:00,0.9100000262260437,0.9175000190734863,0.8909000158309937,0.8962000012397766,67995,0.0,0.0
2023-05-17 13:30:00-04:00,0.8981000185012817,0.9175000190734863,0.896399974822998,0.9175000190734863,98621,0.0,0.0
2023-05-17 14:30:00-04:00,0.9120000004768372,0.9200000166893005,0.8999000191688538,0.9150999784469604,35840,0.0,0.0
2023-05-17 15:30:00-04:00,0.9197999835014343,0.9290000200271606,0.9104999899864197,0.9283000230789185,82849,0.0,0.0
2023-05-18 09:30:00-04:00,0.9247000217437744,0.9890000224113464,0.910099983215332,0.9800999760627747,269949,0.0,0.0
2023-05-18 10:30:00-04:00,0.9897000193595886,0.9897000193595886,0.9350000023841858,0.949999988079071,180947,0.0,0.0
2023-05-18 11:30:00-04:00,0.949999988079071,0.9538000226020813,0.9185000061988831,0.9299989938735962,108289,0.0,0.0
2023-05-18 12:30:00-04:00,0.9350000023841858,0.9700000286102295,0.9276000261306763,0.9455000162124634,106049,0.0,0.0
2023-05-18 13:30:00-04:00,0.9449999928474426,0.949999988079071,0.9100000262260437,0.9203000068664551,76346,0.0,0.0
2023-05-18 14:30:00-04:00,0.925000011920929,0.949999988079071,0.925000011920929,0.9463000297546387,68046,0.0,0.0
2023-05-18 15:30:00-04:00,0.9467999935150146,0.9818999767303467,0.934499979019165,0.9664000272750854,143240,0.0,0.0
2023-05-19 09:30:00-04:00,0.9987000226974487,1.0099999904632568,0.9700000286102295,1.0049999952316284,341691,0.0,0.0
2023-05-19 10:30:00-04:00,1.009600043296814,1.059999942779541,1.0,1.042099952697754,152963,0.0,0.0
2023-05-19 11:30:00-04:00,1.0399999618530273,1.0700000524520874,1.0110000371932983,1.0199999809265137,108943,0.0,0.0
2023-05-19 12:30:00-04:00,1.0199999809265137,1.100000023841858,1.0199999809265137,1.0950000286102295,306849,0.0,0.0
2023-05-19 13:30:00-04:00,1.0992000102996826,1.100000023841858,1.059999942779541,1.0700000524520874,91778,0.0,0.0
2023-05-19 14:30:00-04:00,1.0700000524520874,1.100000023841858,1.065000057220459,1.080199956893921,141290,0.0,0.0
2023-05-19 15:30:00-04:00,1.0800000429153442,1.090000033378601,1.0399999618530273,1.090000033378601,82479,0.0,0.0
2023-05-22 09:30:00-04:00,1.090000033378601,1.1100000143051147,1.0399999618530273,1.0499999523162842,270726,0.0,0.0
2023-05-22 10:30:00-04:00,1.0499999523162842,1.0800000429153442,1.0399999618530273,1.059999942779541,105924,0.0,0.0
2023-05-22 11:30:00-04:00,1.059999942779541,1.0789999961853027,1.059999942779541,1.059999942779541,73931,0.0,0.0
2023-05-22 12:30:00-04:00,1.0627000331878662,1.0700000524520874,1.0499999523162842,1.065000057220459,122879,0.0,0.0
2023-05-22 13:30:00-04:00,1.0625,1.0799000263214111,1.059999942779541,1.059999942779541,111175,0.0,0.0
2023-05-22 14:30:00-04:00,1.059999942779541,1.0700000524520874,1.0399999618530273,1.0425000190734863,89195,0.0,0.0
2023-05-22 15:30:00-04:00,1.0449999570846558,1.0800000429153442,1.0299999713897705,1.0700000524520874,234483,0.0,0.0
2023-05-23 09:30:00-04:00,1.0700000524520874,1.0700000524520874,0.9309999942779541,0.98260098695755,705633,0.0,0.0
2023-05-23 10:30:00-04:00,0.9814000129699707,1.0199999809265137,0.9813500046730042,1.0,167901,0.0,0.0
2023-05-23 11:30:00-04:00,1.0052000284194946,1.0099999904632568,1.0,1.0049999952316284,95732,0.0,0.0
2023-05-23 12:30:00-04:00,1.000100016593933,1.0099999904632568,0.9964500069618225,1.0032999515533447,95304,0.0,0.0
2023-05-23 13:30:00-04:00,1.0049999952316284,1.0099999904632568,0.987500011920929,1.0049999952316284,95522,0.0,0.0
2023-05-23 14:30:00-04:00,1.0099999904632568,1.0099999904632568,1.0,1.0049999952316284,28669,0.0,0.0
2023-05-23 15:30:00-04:00,1.0049999952316284,1.0099999904632568,0.9592999815940857,0.9660000205039978,286693,0.0,0.0
2023-05-24 09:30:00-04:00,0.9660000205039978,0.9848999977111816,0.949999988079071,0.9847999811172485,230609,0.0,0.0
2023-05-24 10:30:00-04:00,0.9810000061988831,1.0049999952316284,0.9711999893188477,1.0,202390,0.0,0.0
2023-05-24 11:30:00-04:00,1.0,1.0099999904632568,0.9987000226974487,0.9987000226974487,109226,0.0,0.0
2023-05-24 12:30:00-04:00,0.9979000091552734,1.0010000467300415,0.9800000190734863,0.9905999898910522,49970,0.0,0.0
2023-05-24 13:30:00-04:00,0.9908999800682068,0.9940000176429749,0.9901000261306763,0.9930499792098999,51441,0.0,0.0
2023-05-24 14:30:00-04:00,0.9930999875068665,0.9936500191688538,0.9790999889373779,0.9801999926567078,176091,0.0,0.0
2023-05-24 15:30:00-04:00,0.9750999808311462,0.9898999929428101,0.9700000286102295,0.9711999893188477,109641,0.0,0.0
2023-05-25 09:30:00-04:00,1.0,1.0028250217437744,0.8999999761581421,0.9258000254631042,405534,0.0,0.0
2023-05-25 10:30:00-04:00,0.9244999885559082,0.9599000215530396,0.9200000166893005,0.9320999979972839,192673,0.0,0.0
2023-05-25 11:30:00-04:00,0.9320999979972839,0.9348999857902527,0.9010000228881836,0.9110000133514404,166106,0.0,0.0
2023-05-25 12:30:00-04:00,0.9110000133514404,0.9196000099182129,0.8622000217437744,0.8751000165939331,140298,0.0,0.0
2023-05-25 13:30:00-04:00,0.8751000165939331,0.8870000243186951,0.8718000054359436,0.8737499713897705,62734,0.0,0.0
2023-05-25 14:30:00-04:00,0.8737499713897705,0.8822000026702881,0.8600000143051147,0.8676000237464905,138446,0.0,0.0
2023-05-25 15:30:00-04:00,0.8676000237464905,0.879800021648407,0.8676000237464905,0.8720999956130981,23027,0.0,0.0
2023-05-26 09:30:00-04:00,0.8754000067710876,0.9089990258216858,0.8600000143051147,0.8799999952316284,369630,0.0,0.0
2023-05-26 10:30:00-04:00,0.8799999952316284,0.8801000118255615,0.8500000238418579,0.8500000238418579,277213,0.0,0.0
2023-05-26 11:30:00-04:00,0.8500999808311462,0.8517000079154968,0.8210999965667725,0.8475000262260437,228464,0.0,0.0
2023-05-26 12:30:00-04:00,0.8500000238418579,0.8600000143051147,0.8327000141143799,0.8353000283241272,95762,0.0,0.0
2023-05-26 13:30:00-04:00,0.8343999981880188,0.8361999988555908,0.8270000219345093,0.829200029373169,105856,0.0,0.0
2023-05-26 14:30:00-04:00,0.8281999826431274,0.8421000242233276,0.8270999789237976,0.8359490036964417,113417,0.0,0.0
2023-05-26 15:30:00-04:00,0.8387449979782104,0.8406990170478821,0.8213000297546387,0.8248999714851379,82922,0.0,0.0
2023-05-30 09:30:00-04:00,0.8100000023841858,0.8899999856948853,0.781000018119812,0.8574000000953674,412795,0.0,0.0
2023-05-30 10:30:00-04:00,0.8573499917984009,0.8573499917984009,0.8310999870300293,0.8500000238418579,154957,0.0,0.0
2023-05-30 11:30:00-04:00,0.8508999943733215,0.8684999942779541,0.8299999833106995,0.8410999774932861,80145,0.0,0.0
2023-05-30 12:30:00-04:00,0.8410999774932861,0.8578000068664551,0.8400999903678894,0.8411999940872192,56589,0.0,0.0
2023-05-30 13:30:00-04:00,0.8411999940872192,0.8799999952316284,0.8411999940872192,0.8700000047683716,40621,0.0,0.0
2023-05-30 14:30:00-04:00,0.8729000091552734,0.8870000243186951,0.8567000031471252,0.862500011920929,59539,0.0,0.0
2023-05-30 15:30:00-04:00,0.8625010251998901,0.8703160285949707,0.8518000245094299,0.8518000245094299,90740,0.0,0.0
2023-05-31 09:30:00-04:00,0.8722000122070312,0.8989999890327454,0.8413000106811523,0.8420000076293945,57221,0.0,0.0
2023-05-31 10:30:00-04:00,0.8420000076293945,0.8650500178337097,0.8248000144958496,0.8650500178337097,72221,0.0,0.0
2023-05-31 11:30:00-04:00,0.8651000261306763,0.8700000047683716,0.8431000113487244,0.8592000007629395,66713,0.0,0.0
2023-05-31 12:30:00-04:00,0.8543999791145325,0.8590999841690063,0.8302000164985657,0.8471999764442444,48119,0.0,0.0
2023-05-31 13:30:00-04:00,0.8543000221252441,0.8799999952316284,0.8501999974250793,0.8743500113487244,87750,0.0,0.0
2023-05-31 14:30:00-04:00,0.8744000196456909,0.8799999952316284,0.8729000091552734,0.8799999952316284,45070,0.0,0.0
2023-05-31 15:30:00-04:00,0.8779500126838684,0.8988999724388123,0.8700000047683716,0.8848000168800354,93936,0.0,0.0
2023-06-01 09:30:00-04:00,0.8799999952316284,0.9100000262260437,0.8479999899864197,0.8700000047683716,166751,0.0,0.0
2023-06-01 10:30:00-04:00,0.8852999806404114,0.8852999806404114,0.8399999737739563,0.848550021648407,176717,0.0,0.0
2023-06-01 11:30:00-04:00,0.8399999737739563,0.8669999837875366,0.8108000159263611,0.8626999855041504,221634,0.0,0.0
2023-06-01 12:30:00-04:00,0.8586000204086304,0.8618999719619751,0.8400999903678894,0.8535500168800354,99999,0.0,0.0
2023-06-01 13:30:00-04:00,0.8399999737739563,0.8571000099182129,0.8399999737739563,0.8472499847412109,89409,0.0,0.0
2023-06-01 14:30:00-04:00,0.8500499725341797,0.8586999773979187,0.8399999737739563,0.8420000076293945,42760,0.0,0.0
2023-06-01 15:30:00-04:00,0.8420000076293945,0.8619999885559082,0.8420000076293945,0.853600025177002,136528,0.0,0.0
2023-06-02 09:30:00-04:00,0.8550000190734863,0.8891000151634216,0.8500000238418579,0.8500000238418579,22332,0.0,0.0
2023-06-02 10:30:00-04:00,0.8500000238418579,0.8600999712944031,0.8500000238418579,0.8501999974250793,30585,0.0,0.0
2023-06-02 11:30:00-04:00,0.8500999808311462,0.852400004863739,0.8479999899864197,0.8514000177383423,33262,0.0,0.0
2023-06-02 12:30:00-04:00,0.852400004863739,0.8756999969482422,0.8497999906539917,0.8510000109672546,39741,0.0,0.0
2023-06-02 13:30:00-04:00,0.8511000275611877,0.8899999856948853,0.8511000275611877,0.8743000030517578,50318,0.0,0.0
2023-06-02 14:30:00-04:00,0.878000020980835,0.8949999809265137,0.8618000149726868,0.879800021648407,73778,0.0,0.0
2023-06-02 15:30:00-04:00,0.8690999746322632,0.8798999786376953,0.8650000095367432,0.8776999711990356,71283,0.0,0.0
2023-06-05 09:30:00-04:00,0.878000020980835,0.878000020980835,0.7699999809265137,0.8242999911308289,653723,0.0,0.0
2023-06-05 10:30:00-04:00,0.8242999911308289,0.8417999744415283,0.7939000129699707,0.8126000165939331,211013,0.0,0.0
2023-06-05 11:30:00-04:00,0.8151999711990356,0.8320000171661377,0.7950999736785889,0.8033000230789185,208679,0.0,0.0
2023-06-05 12:30:00-04:00,0.801800012588501,0.8100000023841858,0.800000011920929,0.8048999905586243,69786,0.0,0.0
2023-06-05 13:30:00-04:00,0.8001000285148621,0.8195000290870667,0.7810999751091003,0.7886000275611877,154039,0.0,0.0
2023-06-05 14:30:00-04:00,0.7850000262260437,0.7885990142822266,0.7509999871253967,0.7512000203132629,319687,0.0,0.0
2023-06-05 15:30:00-04:00,0.7595999836921692,0.7595999836921692,0.741100013256073,0.7566999793052673,245698,0.0,0.0
2023-06-06 09:30:00-04:00,0.7210000157356262,0.7766000032424927,0.6901000142097473,0.7649499773979187,297793,0.0,0.0
2023-06-06 10:30:00-04:00,0.7651000022888184,0.7699000239372253,0.7099999785423279,0.7541999816894531,162522,0.0,0.0
2023-06-06 11:30:00-04:00,0.7555999755859375,0.7799999713897705,0.7426999807357788,0.7598999738693237,70644,0.0,0.0
2023-06-06 12:30:00-04:00,0.7565000057220459,0.7583000063896179,0.75,0.7501000165939331,31878,0.0,0.0
2023-06-06 13:30:00-04:00,0.7523000240325928,0.7544999718666077,0.7443000078201294,0.7443000078201294,69202,0.0,0.0
2023-06-06 14:30:00-04:00,0.7455499768257141,0.7526999711990356,0.7416999936103821,0.75,108789,0.0,0.0
2023-06-06 15:30:00-04:00,0.75,0.7689999938011169,0.7472000122070312,0.7555999755859375,87834,0.0,0.0
2023-06-07 09:30:00-04:00,0.7545999884605408,0.7801989912986755,0.7353000044822693,0.7634000182151794,80314,0.0,0.0
2023-06-07 10:30:00-04:00,0.7638000249862671,0.7791000008583069,0.7501000165939331,0.7549999952316284,43433,0.0,0.0
2023-06-07 11:30:00-04:00,0.7549999952316284,0.7652999758720398,0.75,0.7619500160217285,40194,0.0,0.0
2023-06-07 12:30:00-04:00,0.7623000144958496,0.7888000011444092,0.7523999810218811,0.7623000144958496,128765,0.0,0.0
2023-06-07 13:30:00-04:00,0.7626000046730042,0.7687000036239624,0.7548999786376953,0.7548999786376953,54368,0.0,0.0
2023-06-07 14:30:00-04:00,0.7548999786376953,0.7652999758720398,0.75,0.7511000037193298,58191,0.0,0.0
2023-06-07 15:30:00-04:00,0.7511000037193298,0.7663000226020813,0.75,0.7551000118255615,134854,0.0,0.0
2023-06-08 09:30:00-04:00,0.7680000066757202,0.7680000066757202,0.7400000095367432,0.7401000261306763,61558,0.0,0.0
2023-06-08 10:30:00-04:00,0.7401000261306763,0.7469000220298767,0.682699978351593,0.7049999833106995,317256,0.0,0.0
2023-06-08 11:30:00-04:00,0.7099000215530396,0.7099999785423279,0.6899999976158142,0.7024999856948853,125930,0.0,0.0
2023-06-08 12:30:00-04:00,0.7049999833106995,0.7049999833106995,0.6976000070571899,0.701200008392334,69155,0.0,0.0
2023-06-08 13:30:00-04:00,0.701200008392334,0.7084000110626221,0.6976000070571899,0.7002000212669373,91029,0.0,0.0
2023-06-08 14:30:00-04:00,0.7002999782562256,0.7027000188827515,0.6830000281333923,0.6830000281333923,114840,0.0,0.0
2023-06-08 15:30:00-04:00,0.6830000281333923,0.7009999752044678,0.6816999912261963,0.6955999732017517,128300,0.0,0.0
2023-06-09 09:30:00-04:00,0.699999988079071,0.7049999833106995,0.6517000198364258,0.6702499985694885,441567,0.0,0.0
2023-06-09 10:30:00-04:00,0.661300003528595,0.7084000110626221,0.6499999761581421,0.6858999729156494,311057,0.0,0.0
2023-06-09 11:30:00-04:00,0.6858000159263611,0.6927000284194946,0.6700000166893005,0.6796000003814697,45251,0.0,0.0
2023-06-09 12:30:00-04:00,0.6918990015983582,0.7026000022888184,0.6796000003814697,0.7018499970436096,50975,0.0,0.0
2023-06-09 13:30:00-04:00,0.7026000022888184,0.7285000085830688,0.6899999976158142,0.7279000282287598,191136,0.0,0.0
2023-06-09 14:30:00-04:00,0.7272999882698059,0.7279000282287598,0.7049999833106995,0.7049999833106995,109040,0.0,0.0
2023-06-09 15:30:00-04:00,0.7078499794006348,0.7193999886512756,0.7049999833106995,0.705299973487854,88790,0.0,0.0
2023-06-12 09:30:00-04:00,0.7193999886512756,0.7348999977111816,0.7099999785423279,0.732450008392334,97150,0.0,0.0
2023-06-12 10:30:00-04:00,0.7276999950408936,0.7364000082015991,0.7193999886512756,0.7309499979019165,71051,0.0,0.0
2023-06-12 11:30:00-04:00,0.7318999767303467,0.7450000047683716,0.7300000190734863,0.7398020029067993,120387,0.0,0.0
2023-06-12 12:30:00-04:00,0.7350000143051147,0.7400000095367432,0.710099995136261,0.7106999754905701,30988,0.0,0.0
2023-06-12 13:30:00-04:00,0.7106999754905701,0.7250000238418579,0.6998000144958496,0.7120000123977661,113242,0.0,0.0
2023-06-12 14:30:00-04:00,0.7167999744415283,0.7215999960899353,0.7049999833106995,0.7195000052452087,46988,0.0,0.0
2023-06-12 15:30:00-04:00,0.7195000052452087,0.7312999963760376,0.7110999822616577,0.7300000190734863,74649,0.0,0.0
2023-06-13 09:30:00-04:00,0.7342000007629395,0.7400000095367432,0.715399980545044,0.7200999855995178,69517,0.0,0.0
2023-06-13 10:30:00-04:00,0.7200999855995178,0.7310000061988831,0.7059999704360962,0.7118800282478333,84539,0.0,0.0
2023-06-13 11:30:00-04:00,0.7110000252723694,0.7360000014305115,0.7060999870300293,0.7360000014305115,59087,0.0,0.0
2023-06-13 12:30:00-04:00,0.7279000282287598,0.756600022315979,0.7149999737739563,0.7491000294685364,194936,0.0,0.0
2023-06-13 13:30:00-04:00,0.7379999756813049,0.7450000047683716,0.7200000286102295,0.7231799960136414,64250,0.0,0.0
2023-06-13 14:30:00-04:00,0.7200999855995178,0.7504000067710876,0.7200999855995178,0.7454500198364258,72448,0.0,0.0
2023-06-13 15:30:00-04:00,0.75,0.7907999753952026,0.7383000254631042,0.7599999904632568,135183,0.0,0.0
2023-06-14 09:30:00-04:00,0.7461000084877014,0.7498999834060669,0.7210000157356262,0.7308499813079834,115342,0.0,0.0
2023-06-14 10:30:00-04:00,0.7308499813079834,0.7499989867210388,0.7275000214576721,0.7418000102043152,98549,0.0,0.0
2023-06-14 11:30:00-04:00,0.7336000204086304,0.7484999895095825,0.7210000157356262,0.7363499999046326,84359,0.0,0.0
2023-06-14 12:30:00-04:00,0.7382500171661377,0.7484999895095825,0.7013499736785889,0.7104499936103821,68096,0.0,0.0
2023-06-14 13:30:00-04:00,0.7095000147819519,0.7121999859809875,0.699999988079071,0.7010999917984009,83318,0.0,0.0
2023-06-14 14:30:00-04:00,0.7045000195503235,0.7218999862670898,0.7001000046730042,0.7099999785423279,109597,0.0,0.0
2023-06-14 15:30:00-04:00,0.7098000049591064,0.7172999978065491,0.7020000219345093,0.715499997138977,83089,0.0,0.0
2023-06-15 09:30:00-04:00,0.7171000242233276,0.7171000242233276,0.6822999715805054,0.703249990940094,90612,0.0,0.0
2023-06-15 10:30:00-04:00,0.6980999708175659,0.7139000296592712,0.6741999983787537,0.6836000084877014,151061,0.0,0.0
2023-06-15 11:30:00-04:00,0.6800000071525574,0.6966000199317932,0.6800000071525574,0.6912000179290771,85331,0.0,0.0
2023-06-15 12:30:00-04:00,0.6912000179290771,0.7057999968528748,0.6899999976158142,0.6916999816894531,39644,0.0,0.0
2023-06-15 13:30:00-04:00,0.6899999976158142,0.7093999981880188,0.6899999976158142,0.6916999816894531,122450,0.0,0.0
2023-06-15 14:30:00-04:00,0.6916999816894531,0.7039999961853027,0.6899999976158142,0.6988000273704529,189947,0.0,0.0
2023-06-15 15:30:00-04:00,0.6992999911308289,0.7156000137329102,0.698199987411499,0.7005000114440918,64082,0.0,0.0
2023-06-16 09:30:00-04:00,0.7232999801635742,0.753000020980835,0.6819999814033508,0.7233999967575073,519536,0.0,0.0
2023-06-16 10:30:00-04:00,0.7268000245094299,0.7300000190734863,0.7006000280380249,0.7125499844551086,144776,0.0,0.0
2023-06-16 11:30:00-04:00,0.7105000019073486,0.7272999882698059,0.699999988079071,0.7106000185012817,214084,0.0,0.0
2023-06-16 12:30:00-04:00,0.7107999920845032,0.7296000123023987,0.7002999782562256,0.7002999782562256,298420,0.0,0.0
2023-06-16 13:30:00-04:00,0.7002999782562256,0.7129999995231628,0.699999988079071,0.7037000060081482,160125,0.0,0.0
2023-06-16 14:30:00-04:00,0.7018499970436096,0.7300000190734863,0.699999988079071,0.7216500043869019,122322,0.0,0.0
2023-06-16 15:30:00-04:00,0.7210000157356262,0.7319999933242798,0.7102000117301941,0.7268000245094299,344167,0.0,0.0
2023-06-20 09:30:00-04:00,0.7300000190734863,0.7300000190734863,0.6904000043869019,0.6973000168800354,206514,0.0,0.0
2023-06-20 10:30:00-04:00,0.6973000168800354,0.7013000249862671,0.6899999976158142,0.6974999904632568,116701,0.0,0.0
2023-06-20 11:30:00-04:00,0.6974999904632568,0.7146000266075134,0.6951000094413757,0.708549976348877,141439,0.0,0.0
2023-06-20 12:30:00-04:00,0.707099974155426,0.7077999711036682,0.7002000212669373,0.7035999894142151,38127,0.0,0.0
2023-06-20 13:30:00-04:00,0.7035999894142151,0.7064999938011169,0.6996999979019165,0.6996999979019165,77871,0.0,0.0
2023-06-20 14:30:00-04:00,0.6996999979019165,0.7064999938011169,0.6974999904632568,0.7062000036239624,131096,0.0,0.0
2023-06-20 15:30:00-04:00,0.7057999968528748,0.7067999839782715,0.692799985408783,0.6949999928474426,156566,0.0,0.0
2023-06-21 09:30:00-04:00,0.7099999785423279,0.7200000286102295,0.6520000100135803,0.6682000160217285,288268,0.0,0.0
2023-06-21 10:30:00-04:00,0.6682000160217285,0.6797999739646912,0.6499999761581421,0.664900004863739,218702,0.0,0.0
2023-06-21 11:30:00-04:00,0.663100004196167,0.6784999966621399,0.6600000262260437,0.6740999817848206,65202,0.0,0.0
2023-06-21 12:30:00-04:00,0.6700000166893005,0.6876000165939331,0.6536999940872192,0.6782000064849854,159134,0.0,0.0
2023-06-21 13:30:00-04:00,0.6873999834060669,0.6873999834060669,0.6620000004768372,0.6699000000953674,48230,0.0,0.0
2023-06-21 14:30:00-04:00,0.6699000000953674,0.6869999766349792,0.6699000000953674,0.6776000261306763,109139,0.0,0.0
2023-06-21 15:30:00-04:00,0.6780499815940857,0.689300000667572,0.6717000007629395,0.6890000104904175,109742,0.0,0.0
2023-06-22 09:30:00-04:00,0.699999988079071,0.699999988079071,0.6614999771118164,0.6801499724388123,119569,0.0,0.0
2023-06-22 10:30:00-04:00,0.6801999807357788,0.683899998664856,0.6700000166893005,0.6762499809265137,82203,0.0,0.0
2023-06-22 11:30:00-04:00,0.6730650067329407,0.6899999976158142,0.6729000210762024,0.6898999810218811,68642,0.0,0.0
2023-06-22 12:30:00-04:00,0.6898999810218811,0.6898999810218811,0.6721000075340271,0.6820499897003174,67134,0.0,0.0
2023-06-22 13:30:00-04:00,0.6820499897003174,0.6898999810218811,0.6743000149726868,0.6854000091552734,56670,0.0,0.0
2023-06-22 14:30:00-04:00,0.6861000061035156,0.6862999796867371,0.6499999761581421,0.6717000007629395,258650,0.0,0.0
2023-06-22 15:30:00-04:00,0.6769999861717224,0.6802999973297119,0.6717000007629395,0.6796000003814697,122395,0.0,0.0
2023-06-23 09:30:00-04:00,0.6807000041007996,0.6859989762306213,0.6679999828338623,0.6797500252723694,67418,0.0,0.0
2023-06-23 10:30:00-04:00,0.6754999756813049,0.6840000152587891,0.6600000262260437,0.666450023651123,252842,0.0,0.0
2023-06-23 11:30:00-04:00,0.6697999835014343,0.6699000000953674,0.6600000262260437,0.664650022983551,89976,0.0,0.0
2023-06-23 12:30:00-04:00,0.6600000262260437,0.6855000257492065,0.6600000262260437,0.6837499737739563,140367,0.0,0.0
2023-06-23 13:30:00-04:00,0.6855000257492065,0.6898999810218811,0.66839998960495,0.6687999963760376,154404,0.0,0.0
2023-06-23 14:30:00-04:00,0.6743000149726868,0.6794999837875366,0.663100004196167,0.6676499843597412,248498,0.0,0.0
2023-06-23 15:30:00-04:00,0.6676999926567078,0.6736000180244446,0.6600000262260437,0.6650000214576721,431633,0.0,0.0
2023-06-26 09:30:00-04:00,0.6700000166893005,0.6790000200271606,0.6499999761581421,0.6503000259399414,169711,0.0,0.0
2023-06-26 10:30:00-04:00,0.6549000144004822,0.6700000166893005,0.6233999729156494,0.6255999803543091,476570,0.0,0.0
2023-06-26 11:30:00-04:00,0.6281999945640564,0.6283000111579895,0.6115000247955322,0.6119999885559082,164463,0.0,0.0
2023-06-26 12:30:00-04:00,0.6147000193595886,0.6299999952316284,0.6100999712944031,0.6211000084877014,181129,0.0,0.0
2023-06-26 13:30:00-04:00,0.6211000084877014,0.6254000067710876,0.6118999719619751,0.6122999787330627,104111,0.0,0.0
2023-06-26 14:30:00-04:00,0.6159999966621399,0.6200000047683716,0.6000000238418579,0.6040999889373779,335835,0.0,0.0
2023-06-26 15:30:00-04:00,0.60589998960495,0.6344000101089478,0.5899999737739563,0.5899999737739563,392709,0.0,0.0
2023-06-27 09:30:00-04:00,0.6011999845504761,0.6299999952316284,0.5799999833106995,0.5857999920845032,433246,0.0,0.0
2023-06-27 10:30:00-04:00,0.5856999754905701,0.6007999777793884,0.5698000192642212,0.5698000192642212,237676,0.0,0.0
2023-06-27 11:30:00-04:00,0.569599986076355,0.5807999968528748,0.5601000189781189,0.5788000226020813,163867,0.0,0.0
2023-06-27 12:30:00-04:00,0.5788000226020813,0.5830000042915344,0.574999988079071,0.5802000164985657,169114,0.0,0.0
2023-06-27 13:30:00-04:00,0.5753999948501587,0.5849999785423279,0.574999988079071,0.578499972820282,200595,0.0,0.0
2023-06-27 14:30:00-04:00,0.5767499804496765,0.5922999978065491,0.574999988079071,0.574999988079071,307528,0.0,0.0
2023-06-27 15:30:00-04:00,0.5751000046730042,0.5827999711036682,0.574999988079071,0.5751000046730042,264898,0.0,0.0
2023-06-28 09:30:00-04:00,0.5899999737739563,0.5908899903297424,0.5521000027656555,0.5706999897956848,283880,0.0,0.0
2023-06-28 10:30:00-04:00,0.5706999897956848,0.5777999758720398,0.5604000091552734,0.5715000033378601,170637,0.0,0.0
2023-06-28 11:30:00-04:00,0.5715500116348267,0.5821999907493591,0.5701000094413757,0.5794500112533569,104890,0.0,0.0
2023-06-28 12:30:00-04:00,0.5794000029563904,0.5899999737739563,0.574999988079071,0.574999988079071,90475,0.0,0.0
2023-06-28 13:30:00-04:00,0.574999988079071,0.5879999995231628,0.5593000054359436,0.5608000159263611,101476,0.0,0.0
2023-06-28 14:30:00-04:00,0.574400007724762,0.5900999903678894,0.5608000159263611,0.5795999765396118,152908,0.0,0.0
2023-06-28 15:30:00-04:00,0.5728999972343445,0.5795999765396118,0.5659999847412109,0.5659999847412109,107746,0.0,0.0
2023-06-29 09:30:00-04:00,0.5795999765396118,0.6517999768257141,0.5698000192642212,0.6481999754905701,276595,0.0,0.0
2023-06-29 10:30:00-04:00,0.6499999761581421,0.6499999761581421,0.6243000030517578,0.6309000253677368,212697,0.0,0.0
2023-06-29 11:30:00-04:00,0.6310999989509583,0.6323999762535095,0.6200000047683716,0.6207500100135803,148566,0.0,0.0
2023-06-29 12:30:00-04:00,0.6205000281333923,0.6212999820709229,0.607200026512146,0.619700014591217,70182,0.0,0.0
2023-06-29 13:30:00-04:00,0.6182000041007996,0.6194999814033508,0.5900999903678894,0.5976499915122986,146301,0.0,0.0
2023-06-29 14:30:00-04:00,0.5997999906539917,0.6292999982833862,0.5956000089645386,0.6117500066757202,257637,0.0,0.0
2023-06-29 15:30:00-04:00,0.6086999773979187,0.614799976348877,0.6010000109672546,0.6010000109672546,100033,0.0,0.0
2023-06-30 09:30:00-04:00,0.6000000238418579,0.6499999761581421,0.6000000238418579,0.6158999800682068,289932,0.0,0.0
2023-06-30 10:30:00-04:00,0.6122000217437744,0.6183000206947327,0.5900999903678894,0.5932999849319458,134328,0.0,0.0
2023-06-30 11:30:00-04:00,0.5934000015258789,0.6044999957084656,0.5903000235557556,0.6022999882698059,75273,0.0,0.0
2023-06-30 12:30:00-04:00,0.6022999882698059,0.6044999957084656,0.6000000238418579,0.6032000184059143,41540,0.0,0.0
2023-06-30 13:30:00-04:00,0.6032000184059143,0.6110000014305115,0.5940999984741211,0.6000000238418579,149261,0.0,0.0
2023-06-30 14:30:00-04:00,0.6000000238418579,0.6074000000953674,0.5971350073814392,0.5989999771118164,137311,0.0,0.0
2023-06-30 15:30:00-04:00,0.5989000201225281,0.6057999730110168,0.5960000157356262,0.5982999801635742,111320,0.0,0.0
2023-07-03 09:30:00-04:00,0.6200000047683716,0.6299999952316284,0.6010000109672546,0.6075000166893005,158387,0.0,0.0
2023-07-03 10:30:00-04:00,0.6060000061988831,0.6111000180244446,0.5809999704360962,0.6029999852180481,236089,0.0,0.0
2023-07-03 11:30:00-04:00,0.6015999913215637,0.6100000143051147,0.6000000238418579,0.6053500175476074,85151,0.0,0.0
2023-07-05 09:30:00-04:00,0.6299999952316284,0.6299999952316284,0.5820000171661377,0.5911999940872192,250444,0.0,0.0
2023-07-05 10:30:00-04:00,0.5849999785423279,0.5874000191688538,0.5600000023841858,0.574999988079071,463014,0.0,0.0
2023-07-05 11:30:00-04:00,0.5831000208854675,0.5859000086784363,0.567300021648407,0.567300021648407,96194,0.0,0.0
2023-07-05 12:30:00-04:00,0.567300021648407,0.5777000188827515,0.5618000030517578,0.5717499852180481,176930,0.0,0.0
2023-07-05 13:30:00-04:00,0.5745999813079834,0.5909000039100647,0.5688999891281128,0.5900499820709229,171960,0.0,0.0
2023-07-05 14:30:00-04:00,0.5899999737739563,0.6022999882698059,0.5831000208854675,0.6022999882698059,268709,0.0,0.0
2023-07-05 15:30:00-04:00,0.5936999917030334,0.6025999784469604,0.5742999911308289,0.5773000121116638,152055,0.0,0.0
2023-07-06 09:30:00-04:00,0.5839999914169312,0.5898000001907349,0.5618000030517578,0.5687999725341797,65213,0.0,0.0
2023-07-06 10:30:00-04:00,0.5687999725341797,0.5782999992370605,0.5610010027885437,0.5636000037193298,43742,0.0,0.0
2023-07-06 11:30:00-04:00,0.5633999705314636,0.5730000138282776,0.5618000030517578,0.5630999803543091,54263,0.0,0.0
2023-07-06 12:30:00-04:00,0.5619999766349792,0.5666999816894531,0.5550000071525574,0.5609999895095825,98643,0.0,0.0
2023-07-06 13:30:00-04:00,0.5609999895095825,0.5630999803543091,0.5587999820709229,0.5605999827384949,86370,0.0,0.0
2023-07-06 14:30:00-04:00,0.5605999827384949,0.5699999928474426,0.5598000288009644,0.5619999766349792,103828,0.0,0.0
2023-07-06 15:30:00-04:00,0.5619999766349792,0.5647000074386597,0.5519999861717224,0.5519999861717224,91034,0.0,0.0
2023-07-07 09:30:00-04:00,0.5353999733924866,0.5659999847412109,0.5199999809265137,0.5585989952087402,311463,0.0,0.0
2023-07-07 10:30:00-04:00,0.5569000244140625,0.5591999888420105,0.5467000007629395,0.5529000163078308,121157,0.0,0.0
2023-07-07 11:30:00-04:00,0.5498499870300293,0.5530999898910522,0.5460000038146973,0.5498999953269958,74489,0.0,0.0
2023-07-07 12:30:00-04:00,0.5468000173568726,0.5584999918937683,0.5468000173568726,0.5584999918937683,89080,0.0,0.0
2023-07-07 13:30:00-04:00,0.5584999918937683,0.5699999928474426,0.5529999732971191,0.5609999895095825,197133,0.0,0.0
2023-07-07 14:30:00-04:00,0.5619999766349792,0.5654500126838684,0.5529999732971191,0.5614500045776367,184225,0.0,0.0
2023-07-07 15:30:00-04:00,0.5613999962806702,0.5695000290870667,0.5611000061035156,0.5611000061035156,202906,0.0,0.0
2023-07-10 09:30:00-04:00,0.5892000198364258,0.6322000026702881,0.5701000094413757,0.607699990272522,266116,0.0,0.0
2023-07-10 10:30:00-04:00,0.6121990084648132,0.6198999881744385,0.5900999903678894,0.6075500249862671,126515,0.0,0.0
2023-07-10 11:30:00-04:00,0.6051999926567078,0.6100000143051147,0.5920000076293945,0.6003000140190125,104909,0.0,0.0
2023-07-10 12:30:00-04:00,0.6003000140190125,0.6098999977111816,0.6001999974250793,0.6047499775886536,50904,0.0,0.0
2023-07-10 13:30:00-04:00,0.6047000288963318,0.6047000288963318,0.5824000239372253,0.6010000109672546,185070,0.0,0.0
2023-07-10 14:30:00-04:00,0.6010000109672546,0.6010000109672546,0.5878999829292297,0.5931500196456909,46513,0.0,0.0
2023-07-10 15:30:00-04:00,0.5917999744415283,0.5953999757766724,0.5770000219345093,0.5770999789237976,125932,0.0,0.0
2023-07-11 09:30:00-04:00,0.5864999890327454,0.609000027179718,0.5699999928474426,0.5789999961853027,96181,0.0,0.0
2023-07-11 10:30:00-04:00,0.5861979722976685,0.6083999872207642,0.574999988079071,0.5809000134468079,229524,0.0,0.0
2023-07-11 11:30:00-04:00,0.5809000134468079,0.5981000065803528,0.5809000134468079,0.5952000021934509,37917,0.0,0.0
2023-07-11 12:30:00-04:00,0.5950999855995178,0.609000027179718,0.5889999866485596,0.5920000076293945,86078,0.0,0.0
2023-07-11 13:30:00-04:00,0.5924000144004822,0.5990999937057495,0.5893999934196472,0.5989000201225281,49389,0.0,0.0
2023-07-11 14:30:00-04:00,0.597000002861023,0.6100000143051147,0.5942000150680542,0.6071000099182129,80086,0.0,0.0
2023-07-11 15:30:00-04:00,0.6075000166893005,0.6340000033378601,0.6061000227928162,0.6337000131607056,109360,0.0,0.0
2023-07-12 09:30:00-04:00,0.6147000193595886,0.6690000295639038,0.6100000143051147,0.618399977684021,167766,0.0,0.0
2023-07-12 10:30:00-04:00,0.6209499835968018,0.6218000054359436,0.6100000143051147,0.6129999756813049,233252,0.0,0.0
2023-07-12 11:30:00-04:00,0.6154000163078308,0.6164000034332275,0.6104999780654907,0.6164000034332275,60305,0.0,0.0
2023-07-12 12:30:00-04:00,0.6154999732971191,0.6211000084877014,0.6100000143051147,0.6147000193595886,92100,0.0,0.0
2023-07-12 13:30:00-04:00,0.6161999702453613,0.6161999702453613,0.6050000190734863,0.6121000051498413,236359,0.0,0.0
2023-07-12 14:30:00-04:00,0.6121000051498413,0.6155999898910522,0.6075999736785889,0.6076499819755554,44013,0.0,0.0
2023-07-12 15:30:00-04:00,0.6075999736785889,0.6549000144004822,0.6075999736785889,0.6460000276565552,97388,0.0,0.0
2023-07-13 09:30:00-04:00,0.6499000191688538,0.6970000267028809,0.6399999856948853,0.6801000237464905,194316,0.0,0.0
2023-07-13 10:30:00-04:00,0.6909000277519226,0.6970999836921692,0.6549000144004822,0.6798999905586243,100582,0.0,0.0
2023-07-13 11:30:00-04:00,0.6798999905586243,0.6819000244140625,0.6700000166893005,0.6721000075340271,45453,0.0,0.0
2023-07-13 12:30:00-04:00,0.6740999817848206,0.6808000206947327,0.6620000004768372,0.6642000079154968,37129,0.0,0.0
2023-07-13 13:30:00-04:00,0.6690999865531921,0.6729999780654907,0.6632999777793884,0.6664999723434448,54539,0.0,0.0
2023-07-13 14:30:00-04:00,0.6632999777793884,0.6658999919891357,0.6549000144004822,0.6571999788284302,89992,0.0,0.0
2023-07-13 15:30:00-04:00,0.6567000150680542,0.6672999858856201,0.6514999866485596,0.6534000039100647,31213,0.0,0.0
2023-07-14 09:30:00-04:00,0.6800000071525574,0.6800000071525574,0.6391000151634216,0.6391000151634216,75642,0.0,0.0
2023-07-14 10:30:00-04:00,0.6391000151634216,0.6425999999046326,0.6129999756813049,0.6244000196456909,46693,0.0,0.0
2023-07-14 11:30:00-04:00,0.6226000189781189,0.6328999996185303,0.6222000122070312,0.6246500015258789,17663,0.0,0.0
2023-07-14 12:30:00-04:00,0.6243000030517578,0.6389999985694885,0.6225000023841858,0.6298999786376953,30029,0.0,0.0
2023-07-14 13:30:00-04:00,0.6288999915122986,0.6342999935150146,0.6255999803543091,0.6299999952316284,25755,0.0,0.0
2023-07-14 14:30:00-04:00,0.6299999952316284,0.6499000191688538,0.6269999742507935,0.6269999742507935,120949,0.0,0.0
2023-07-14 15:30:00-04:00,0.6240000128746033,0.6333000063896179,0.6226000189781189,0.6226000189781189,9217,0.0,0.0
2023-07-17 09:30:00-04:00,0.6198999881744385,0.6430000066757202,0.6198999881744385,0.6262500286102295,114116,0.0,0.0
2023-07-17 10:30:00-04:00,0.6262500286102295,0.6496999859809875,0.6230000257492065,0.6349999904632568,32788,0.0,0.0
2023-07-17 11:30:00-04:00,0.6304000020027161,0.6327999830245972,0.6251000165939331,0.6327000260353088,3824,0.0,0.0
2023-07-17 12:30:00-04:00,0.6319990158081055,0.6352999806404114,0.6251000165939331,0.6301000118255615,10668,0.0,0.0
2023-07-17 13:30:00-04:00,0.6302000284194946,0.6363000273704529,0.6299999952316284,0.633400022983551,38154,0.0,0.0
2023-07-17 14:30:00-04:00,0.633400022983551,0.6352999806404114,0.6299999952316284,0.6302000284194946,10191,0.0,0.0
2023-07-17 15:30:00-04:00,0.6299999952316284,0.6320000290870667,0.625,0.6305999755859375,35988,0.0,0.0
2023-07-18 09:30:00-04:00,0.6299999952316284,0.6388000249862671,0.6200000047683716,0.621999979019165,52382,0.0,0.0
2023-07-18 10:30:00-04:00,0.6224009990692139,0.6373999714851379,0.6200010180473328,0.6299999952316284,13986,0.0,0.0
2023-07-18 11:30:00-04:00,0.6281999945640564,0.6316999793052673,0.6263999938964844,0.6272000074386597,7738,0.0,0.0
2023-07-18 12:30:00-04:00,0.6294000148773193,0.6316999793052673,0.6269999742507935,0.6284999847412109,20754,0.0,0.0
2023-07-18 13:30:00-04:00,0.6280009746551514,0.6316999793052673,0.628000020980835,0.6288999915122986,23125,0.0,0.0
2023-07-18 14:30:00-04:00,0.628000020980835,0.6327999830245972,0.6157000064849854,0.6199010014533997,49799,0.0,0.0
2023-07-18 15:30:00-04:00,0.6209999918937683,0.6261000037193298,0.6111000180244446,0.6139000058174133,29440,0.0,0.0
2023-07-19 09:30:00-04:00,0.6371999979019165,0.6399000287055969,0.611299991607666,0.6399000287055969,71933,0.0,0.0
2023-07-19 10:30:00-04:00,0.6345999836921692,0.6568999886512756,0.6342499852180481,0.6439999938011169,70436,0.0,0.0
2023-07-19 11:30:00-04:00,0.6471999883651733,0.6520000100135803,0.6402999758720398,0.6420999765396118,40975,0.0,0.0
2023-07-19 12:30:00-04:00,0.642300009727478,0.6445000171661377,0.6383000016212463,0.6395999789237976,43717,0.0,0.0
2023-07-19 13:30:00-04:00,0.6417999863624573,0.6437000036239624,0.6212009787559509,0.6277999877929688,18434,0.0,0.0
2023-07-19 14:30:00-04:00,0.6260510087013245,0.6337000131607056,0.6260499954223633,0.6309009790420532,42798,0.0,0.0
2023-07-19 15:30:00-04:00,0.6330000162124634,0.6330000162124634,0.6215000152587891,0.6215000152587891,63356,0.0,0.0
2023-07-20 09:30:00-04:00,0.628000020980835,0.6588000059127808,0.6200000047683716,0.6244999766349792,127776,0.0,0.0
2023-07-20 10:30:00-04:00,0.6200000047683716,0.6255000233650208,0.6150000095367432,0.6247000098228455,65795,0.0,0.0
2023-07-20 11:30:00-04:00,0.6247000098228455,0.6274999976158142,0.6103000044822693,0.6152999997138977,44747,0.0,0.0
2023-07-20 12:30:00-04:00,0.6103000044822693,0.6169999837875366,0.6100000143051147,0.6158000230789185,31325,0.0,0.0
2023-07-20 13:30:00-04:00,0.6157100200653076,0.6298999786376953,0.6137999892234802,0.6196500062942505,17415,0.0,0.0
2023-07-20 14:30:00-04:00,0.6196500062942505,0.6233999729156494,0.6103000044822693,0.6169999837875366,52562,0.0,0.0
2023-07-20 15:30:00-04:00,0.6110000014305115,0.6230999827384949,0.61080002784729,0.6227999925613403,79548,0.0,0.0
2023-07-21 09:30:00-04:00,0.6216999888420105,0.6344500184059143,0.6101999878883362,0.6103000044822693,22102,0.0,0.0
2023-07-21 10:30:00-04:00,0.6103000044822693,0.6198999881744385,0.6086999773979187,0.6198999881744385,36388,0.0,0.0
2023-07-21 11:30:00-04:00,0.6129999756813049,0.6198999881744385,0.6129999756813049,0.6182000041007996,26101,0.0,0.0
2023-07-21 12:30:00-04:00,0.6198999881744385,0.6341999769210815,0.6182000041007996,0.6209499835968018,17790,0.0,0.0
2023-07-21 13:30:00-04:00,0.6288999915122986,0.6290000081062317,0.6209499835968018,0.621399998664856,36739,0.0,0.0
2023-07-21 14:30:00-04:00,0.623199999332428,0.6233000159263611,0.6159999966621399,0.6159999966621399,19427,0.0,0.0
2023-07-21 15:30:00-04:00,0.6159999966621399,0.6294999718666077,0.6116999983787537,0.628000020980835,26528,0.0,0.0
2023-07-24 09:30:00-04:00,0.6299999952316284,0.6470000147819519,0.6000000238418579,0.6176999807357788,95000,0.0,0.0
2023-07-24 10:30:00-04:00,0.6100000143051147,0.6176999807357788,0.6029999852180481,0.609000027179718,17449,0.0,0.0
2023-07-24 11:30:00-04:00,0.6114000082015991,0.6137999892234802,0.6028010249137878,0.6133999824523926,12219,0.0,0.0
2023-07-24 12:30:00-04:00,0.6065000295639038,0.614300012588501,0.6028000116348267,0.6031000018119812,34327,0.0,0.0
2023-07-24 13:30:00-04:00,0.6029000282287598,0.6029000282287598,0.5825999975204468,0.6019999980926514,95854,0.0,0.0
2023-07-24 14:30:00-04:00,0.5978999733924866,0.6028000116348267,0.5702000260353088,0.5849999785423279,94453,0.0,0.0
2023-07-24 15:30:00-04:00,0.5856000185012817,0.5996000170707703,0.5758000016212463,0.5899999737739563,55791,0.0,0.0
2023-07-25 09:30:00-04:00,0.5932000279426575,0.6198999881744385,0.5900999903678894,0.6025130152702332,50569,0.0,0.0
2023-07-25 10:30:00-04:00,0.5978000164031982,0.6032000184059143,0.5914000272750854,0.6014999747276306,33249,0.0,0.0
2023-07-25 11:30:00-04:00,0.6014999747276306,0.6079990267753601,0.5914999842643738,0.5989000201225281,19057,0.0,0.0
2023-07-25 12:30:00-04:00,0.5989000201225281,0.6019999980926514,0.5899999737739563,0.6000000238418579,77180,0.0,0.0
2023-07-25 13:30:00-04:00,0.6000999808311462,0.6068000197410583,0.6000000238418579,0.6021000146865845,26112,0.0,0.0
2023-07-25 14:30:00-04:00,0.6021999716758728,0.6057999730110168,0.6000000238418579,0.6057999730110168,18874,0.0,0.0
2023-07-25 15:30:00-04:00,0.6057999730110168,0.6057999730110168,0.5913000106811523,0.6000000238418579,75356,0.0,0.0
2023-07-26 09:30:00-04:00,0.5900999903678894,0.6126999855041504,0.5900999903678894,0.6032000184059143,63485,0.0,0.0
2023-07-26 10:30:00-04:00,0.5983729958534241,0.6287000179290771,0.5983729958534241,0.6190000176429749,41147,0.0,0.0
2023-07-26 11:30:00-04:00,0.6190000176429749,0.6190000176429749,0.6029999852180481,0.6100000143051147,7200,0.0,0.0
2023-07-26 12:30:00-04:00,0.6100000143051147,0.6100000143051147,0.6069999933242798,0.6069999933242798,9095,0.0,0.0
2023-07-26 13:30:00-04:00,0.6104999780654907,0.6118999719619751,0.6069999933242798,0.6105499863624573,10883,0.0,0.0
2023-07-26 14:30:00-04:00,0.6118999719619751,0.6179999709129333,0.609499990940094,0.617900013923645,35067,0.0,0.0
2023-07-26 15:30:00-04:00,0.6165000200271606,0.6190000176429749,0.6071000099182129,0.6100000143051147,14865,0.0,0.0
2023-07-27 09:30:00-04:00,0.6262000203132629,0.6262000203132629,0.6000000238418579,0.6019999980926514,67832,0.0,0.0
2023-07-27 10:30:00-04:00,0.6070500016212463,0.6070500016212463,0.590499997138977,0.5996999740600586,29143,0.0,0.0
2023-07-27 11:30:00-04:00,0.5935999751091003,0.6039999723434448,0.583899974822998,0.598800003528595,36096,0.0,0.0
2023-07-27 12:30:00-04:00,0.5824000239372253,0.5986999869346619,0.5823000073432922,0.5824000239372253,22710,0.0,0.0
2023-07-27 13:30:00-04:00,0.5824000239372253,0.5865499973297119,0.5708000063896179,0.5709999799728394,54957,0.0,0.0
2023-07-27 14:30:00-04:00,0.5699999928474426,0.5793989896774292,0.5648999810218811,0.5684999823570251,83689,0.0,0.0
2023-07-27 15:30:00-04:00,0.570900022983551,0.5712000131607056,0.5659000277519226,0.5699999928474426,87808,0.0,0.0
2023-07-28 09:30:00-04:00,0.5709999799728394,0.6100000143051147,0.5709999799728394,0.6100000143051147,73477,0.0,0.0
2023-07-28 10:30:00-04:00,0.6100000143051147,0.6100999712944031,0.5719000101089478,0.6040999889373779,34752,0.0,0.0
2023-07-28 11:30:00-04:00,0.6040999889373779,0.6075000166893005,0.5882250070571899,0.6000000238418579,80935,0.0,0.0
2023-07-28 12:30:00-04:00,0.6000000238418579,0.6000000238418579,0.5943999886512756,0.5943999886512756,104041,0.0,0.0
2023-07-28 13:30:00-04:00,0.5964999794960022,0.6075000166893005,0.5964999794960022,0.6057999730110168,60251,0.0,0.0
2023-07-28 14:30:00-04:00,0.6050000190734863,0.6075000166893005,0.6027500033378601,0.6046000123023987,85251,0.0,0.0
2023-07-28 15:30:00-04:00,0.6060000061988831,0.6060000061988831,0.593999981880188,0.5940999984741211,31719,0.0,0.0
2023-07-31 09:30:00-04:00,0.5950000286102295,0.6179999709129333,0.5940999984741211,0.609000027179718,158281,0.0,0.0
2023-07-31 10:30:00-04:00,0.6089000105857849,0.6205000281333923,0.6078000068664551,0.6151000261306763,82695,0.0,0.0
2023-07-31 11:30:00-04:00,0.6151999831199646,0.6175000071525574,0.6111000180244446,0.6169000267982483,9739,0.0,0.0
2023-07-31 12:30:00-04:00,0.609000027179718,0.6168000102043152,0.6089000105857849,0.6100999712944031,37972,0.0,0.0
2023-07-31 13:30:00-04:00,0.6146000027656555,0.6154000163078308,0.6100999712944031,0.6104999780654907,12174,0.0,0.0
2023-07-31 14:30:00-04:00,0.6154000163078308,0.6158999800682068,0.6104999780654907,0.6158999800682068,7117,0.0,0.0
2023-07-31 15:30:00-04:00,0.6107000112533569,0.6123999953269958,0.5961999893188477,0.6101999878883362,138050,0.0,0.0
2023-08-01 09:30:00-04:00,0.6089000105857849,0.6179999709129333,0.5799999833106995,0.5892000198364258,125175,0.0,0.0
2023-08-01 10:30:00-04:00,0.5892000198364258,0.611299991607666,0.5892000198364258,0.5950000286102295,46975,0.0,0.0
2023-08-01 11:30:00-04:00,0.59579998254776,0.6000999808311462,0.5899999737739563,0.5899999737739563,60093,0.0,0.0
2023-08-01 12:30:00-04:00,0.5900009870529175,0.5983089804649353,0.5809999704360962,0.582099974155426,34132,0.0,0.0
2023-08-01 13:30:00-04:00,0.5865499973297119,0.6000999808311462,0.5820000171661377,0.6000000238418579,53165,0.0,0.0
2023-08-01 14:30:00-04:00,0.6000000238418579,0.6000999808311462,0.5849999785423279,0.5892999768257141,151374,0.0,0.0
2023-08-01 15:30:00-04:00,0.5892999768257141,0.6000000238418579,0.5849999785423279,0.5849999785423279,32581,0.0,0.0
2023-08-02 09:30:00-04:00,0.5799999833106995,0.6173999905586243,0.5620999932289124,0.5699999928474426,125891,0.0,0.0
2023-08-02 10:30:00-04:00,0.5699999928474426,0.6000000238418579,0.5620999932289124,0.590499997138977,54991,0.0,0.0
2023-08-02 11:30:00-04:00,0.5932999849319458,0.6021000146865845,0.5370000004768372,0.5584999918937683,304898,0.0,0.0
2023-08-02 12:30:00-04:00,0.5584999918937683,0.5636000037193298,0.550000011920929,0.5619999766349792,49471,0.0,0.0
2023-08-02 13:30:00-04:00,0.5627250075340271,0.5723000168800354,0.5601999759674072,0.5723000168800354,32467,0.0,0.0
2023-08-02 14:30:00-04:00,0.5723000168800354,0.5805000066757202,0.5699999928474426,0.5734000205993652,52260,0.0,0.0
2023-08-02 15:30:00-04:00,0.5734000205993652,0.5910000205039978,0.5699999928474426,0.5699999928474426,89672,0.0,0.0
2023-08-03 09:30:00-04:00,0.5889999866485596,0.5899999737739563,0.550000011920929,0.5849999785423279,47559,0.0,0.0
2023-08-03 10:30:00-04:00,0.5814999938011169,0.6000000238418579,0.5814999938011169,0.5952000021934509,46746,0.0,0.0
2023-08-03 11:30:00-04:00,0.5949000120162964,0.5956000089645386,0.5814999938011169,0.5896999835968018,41551,0.0,0.0
2023-08-03 12:30:00-04:00,0.5896999835968018,0.5996999740600586,0.5690000057220459,0.5751000046730042,40319,0.0,0.0
2023-08-03 13:30:00-04:00,0.5666000247001648,0.5839999914169312,0.5666000247001648,0.5777000188827515,21091,0.0,0.0
2023-08-03 14:30:00-04:00,0.5777000188827515,0.5936999917030334,0.576200008392334,0.5841000080108643,27804,0.0,0.0
2023-08-03 15:30:00-04:00,0.585099995136261,0.5899999737739563,0.5766000151634216,0.5789999961853027,73278,0.0,0.0
2023-08-04 09:30:00-04:00,0.5899999737739563,0.6000000238418579,0.5699999928474426,0.5879989862442017,60809,0.0,0.0
2023-08-04 10:30:00-04:00,0.5863999724388123,0.5885999798774719,0.5863999724388123,0.5885499715805054,44448,0.0,0.0
2023-08-04 11:30:00-04:00,0.5885999798774719,0.5885999798774719,0.5737000107765198,0.5795999765396118,44516,0.0,0.0
2023-08-04 12:30:00-04:00,0.5737000107765198,0.5885999798774719,0.5737000107765198,0.5790989995002747,35810,0.0,0.0
2023-08-04 13:30:00-04:00,0.5791000127792358,0.5878000259399414,0.5769000053405762,0.5770000219345093,27615,0.0,0.0
2023-08-04 14:30:00-04:00,0.5770000219345093,0.6000000238418579,0.5769000053405762,0.5789999961853027,42478,0.0,0.0
2023-08-04 15:30:00-04:00,0.6000000238418579,0.6000000238418579,0.5770000219345093,0.5989999771118164,48969,0.0,0.0
2023-08-07 09:30:00-04:00,0.6100000143051147,0.6100000143051147,0.45080000162124634,0.4950000047683716,1171840,0.0,0.0
2023-08-07 10:30:00-04:00,0.49939998984336853,0.5194000005722046,0.45170000195503235,0.5,1050317,0.0,0.0
2023-08-07 11:30:00-04:00,0.5098999738693237,0.527999997138977,0.49810001254081726,0.5098999738693237,235108,0.0,0.0
2023-08-07 12:30:00-04:00,0.5064499974250793,0.5249000191688538,0.5059000253677368,0.5249000191688538,59269,0.0,0.0
2023-08-07 13:30:00-04:00,0.5239999890327454,0.5550000071525574,0.5139999985694885,0.5519000291824341,143980,0.0,0.0
2023-08-07 14:30:00-04:00,0.5522000193595886,0.5623999834060669,0.550000011920929,0.550599992275238,83427,0.0,0.0
2023-08-07 15:30:00-04:00,0.5501000285148621,0.5649999976158142,0.5500500202178955,0.5625,94548,0.0,0.0
2023-08-08 09:30:00-04:00,0.5600000023841858,0.5638999938964844,0.5350000262260437,0.5590000152587891,147628,0.0,0.0
2023-08-08 10:30:00-04:00,0.5594000220298767,0.589900016784668,0.5504999756813049,0.5666000247001648,102502,0.0,0.0
2023-08-08 11:30:00-04:00,0.569100022315979,0.5769000053405762,0.5619999766349792,0.5648000240325928,72183,0.0,0.0
2023-08-08 12:30:00-04:00,0.5673999786376953,0.574999988079071,0.5552999973297119,0.5580000281333923,39103,0.0,0.0
2023-08-08 13:30:00-04:00,0.5567499995231628,0.5659999847412109,0.550000011920929,0.5527999997138977,36327,0.0,0.0
2023-08-08 14:30:00-04:00,0.5509999990463257,0.5748999714851379,0.5509999990463257,0.5748999714851379,74534,0.0,0.0
2023-08-08 15:30:00-04:00,0.5748999714851379,0.5899999737739563,0.5713000297546387,0.5812000036239624,96958,0.0,0.0
2023-08-09 09:30:00-04:00,0.5899999737739563,0.5899999737739563,0.5533000230789185,0.5701000094413757,45014,0.0,0.0
2023-08-09 10:30:00-04:00,0.5830000042915344,0.5853999853134155,0.5600000023841858,0.5600000023841858,98217,0.0,0.0
2023-08-09 11:30:00-04:00,0.5600000023841858,0.5690000057220459,0.554099977016449,0.5602999925613403,47441,0.0,0.0
2023-08-09 12:30:00-04:00,0.5656999945640564,0.5759999752044678,0.5600000023841858,0.5600000023841858,62024,0.0,0.0
2023-08-09 13:30:00-04:00,0.5600000023841858,0.5688999891281128,0.5515000224113464,0.5630999803543091,31438,0.0,0.0
2023-08-09 14:30:00-04:00,0.5630999803543091,0.5799999833106995,0.5625,0.5680999755859375,88578,0.0,0.0
2023-08-09 15:30:00-04:00,0.5723999738693237,0.5848000049591064,0.5600000023841858,0.5600000023841858,77695,0.0,0.0
2023-08-10 09:30:00-04:00,0.6000000238418579,0.6000000238418579,0.550000011920929,0.5688999891281128,59127,0.0,0.0
2023-08-10 10:30:00-04:00,0.5698000192642212,0.5698999762535095,0.5601999759674072,0.5616599917411804,24742,0.0,0.0
2023-08-10 11:30:00-04:00,0.5605000257492065,0.5698999762535095,0.541100025177002,0.5471500158309937,128734,0.0,0.0
2023-08-10 12:30:00-04:00,0.5461000204086304,0.5600000023841858,0.5460000038146973,0.5483999848365784,20085,0.0,0.0
2023-08-10 13:30:00-04:00,0.5460000038146973,0.550000011920929,0.5410000085830688,0.5498999953269958,62752,0.0,0.0
2023-08-10 14:30:00-04:00,0.5498999953269958,0.550000011920929,0.5410000085830688,0.5432000160217285,92825,0.0,0.0
2023-08-10 15:30:00-04:00,0.5418999791145325,0.5565000176429749,0.534600019454956,0.5385000109672546,112111,0.0,0.0
2023-08-11 09:30:00-04:00,0.5514000058174133,0.5699999928474426,0.5299000144004822,0.5699999928474426,135996,0.0,0.0
2023-08-11 10:30:00-04:00,0.5636000037193298,0.5699999928474426,0.5429999828338623,0.550000011920929,42248,0.0,0.0
2023-08-11 11:30:00-04:00,0.564300000667572,0.5698000192642212,0.5228000283241272,0.5649999976158142,106559,0.0,0.0
2023-08-11 12:30:00-04:00,0.5649999976158142,0.5649999976158142,0.5419999957084656,0.5612999796867371,78248,0.0,0.0
2023-08-11 13:30:00-04:00,0.5616000294685364,0.5699999928474426,0.5418000221252441,0.5699999928474426,29461,0.0,0.0
2023-08-11 14:30:00-04:00,0.5601000189781189,0.5649999976158142,0.5410000085830688,0.5540000200271606,98038,0.0,0.0
2023-08-11 15:30:00-04:00,0.5540000200271606,0.5649999976158142,0.550000011920929,0.5558000206947327,47844,0.0,0.0
2023-08-14 09:30:00-04:00,0.5699999928474426,0.5699999928474426,0.5220000147819519,0.5551000237464905,78416,0.0,0.0
2023-08-14 10:30:00-04:00,0.5601999759674072,0.5695000290870667,0.5401999950408936,0.5410000085830688,23020,0.0,0.0
2023-08-14 11:30:00-04:00,0.5486000180244446,0.5559999942779541,0.5220999717712402,0.5346999764442444,71713,0.0,0.0
2023-08-14 12:30:00-04:00,0.5335000157356262,0.550000011920929,0.5314499735832214,0.550000011920929,60241,0.0,0.0
2023-08-14 13:30:00-04:00,0.5498999953269958,0.5498999953269958,0.5320000052452087,0.5378000140190125,57096,0.0,0.0
2023-08-14 14:30:00-04:00,0.5375999808311462,0.5600000023841858,0.5362499952316284,0.5600000023841858,97749,0.0,0.0
2023-08-14 15:30:00-04:00,0.5600000023841858,0.5752999782562256,0.550000011920929,0.574999988079071,75951,0.0,0.0
2023-08-15 09:30:00-04:00,0.5690000057220459,0.5690000057220459,0.5519999861717224,0.5669999718666077,78393,0.0,0.0
2023-08-15 10:30:00-04:00,0.5669999718666077,0.567799985408783,0.5550000071525574,0.5613999962806702,58571,0.0,0.0
2023-08-15 11:30:00-04:00,0.5613999962806702,0.5669999718666077,0.5550000071525574,0.5600000023841858,25359,0.0,0.0
2023-08-15 12:30:00-04:00,0.5669000148773193,0.5669000148773193,0.5600000023841858,0.5648999810218811,14986,0.0,0.0
2023-08-15 13:30:00-04:00,0.5601999759674072,0.5648999810218811,0.558899998664856,0.5615000128746033,11114,0.0,0.0
2023-08-15 14:30:00-04:00,0.5640000104904175,0.5640000104904175,0.5590000152587891,0.5637999773025513,52833,0.0,0.0
2023-08-15 15:30:00-04:00,0.5600000023841858,0.5638999938964844,0.5550000071525574,0.5575000047683716,77177,0.0,0.0
2023-08-16 09:30:00-04:00,0.5557000041007996,0.5698999762535095,0.5429999828338623,0.5429999828338623,82132,0.0,0.0
2023-08-16 10:30:00-04:00,0.5536999702453613,0.5536999702453613,0.5320000052452087,0.5320000052452087,66667,0.0,0.0
2023-08-16 11:30:00-04:00,0.5320000052452087,0.5471000075340271,0.5199999809265137,0.5200999975204468,45134,0.0,0.0
2023-08-16 12:30:00-04:00,0.5210000276565552,0.5299999713897705,0.5200999975204468,0.5224000215530396,38681,0.0,0.0
2023-08-16 13:30:00-04:00,0.5224000215530396,0.5224999785423279,0.5,0.5146999955177307,94065,0.0,0.0
2023-08-16 14:30:00-04:00,0.5146999955177307,0.5271000266075134,0.5133000016212463,0.5195000171661377,56207,0.0,0.0
2023-08-16 15:30:00-04:00,0.5195000171661377,0.5299999713897705,0.513700008392334,0.5139999985694885,45381,0.0,0.0
2023-08-17 09:30:00-04:00,0.5299999713897705,0.5299999713897705,0.49639999866485596,0.5092999935150146,167333,0.0,0.0
2023-08-17 10:30:00-04:00,0.5131000280380249,0.527400016784668,0.5099999904632568,0.519599974155426,47426,0.0,0.0
2023-08-17 11:30:00-04:00,0.5152999758720398,0.51910001039505,0.5115000009536743,0.5188999772071838,13917,0.0,0.0
2023-08-17 12:30:00-04:00,0.5162000060081482,0.521399974822998,0.5162000060081482,0.5187000036239624,12658,0.0,0.0
2023-08-17 13:30:00-04:00,0.5162000060081482,0.5210999846458435,0.5162000060081482,0.5162000060081482,5016,0.0,0.0
2023-08-17 14:30:00-04:00,0.5162420272827148,0.5178999900817871,0.5099999904632568,0.5099999904632568,11901,0.0,0.0
2023-08-17 15:30:00-04:00,0.512499988079071,0.5126000046730042,0.5098999738693237,0.5098999738693237,34385,0.0,0.0
2023-08-18 09:30:00-04:00,0.49900001287460327,0.5098999738693237,0.48399999737739563,0.4950000047683716,344873,0.0,0.0
2023-08-18 10:30:00-04:00,0.4950000047683716,0.5246999859809875,0.4950000047683716,0.5199999809265137,187907,0.0,0.0
2023-08-18 11:30:00-04:00,0.5199999809265137,0.5248000025749207,0.5052000284194946,0.5052000284194946,61200,0.0,0.0
2023-08-18 12:30:00-04:00,0.5052000284194946,0.5205000042915344,0.5052000284194946,0.505299985408783,33506,0.0,0.0
2023-08-18 13:30:00-04:00,0.505299985408783,0.5159990191459656,0.5052000284194946,0.5052000284194946,6679,0.0,0.0
2023-08-18 14:30:00-04:00,0.5055999755859375,0.5139999985694885,0.5009999871253967,0.5019999742507935,42930,0.0,0.0
2023-08-18 15:30:00-04:00,0.5019999742507935,0.515999972820282,0.5019999742507935,0.5041999816894531,40831,0.0,0.0
2023-08-21 09:30:00-04:00,0.5,0.5350000262260437,0.5,0.5024009943008423,368660,0.0,0.0
2023-08-21 10:30:00-04:00,0.5098000168800354,0.5098000168800354,0.5023999810218811,0.5098000168800354,49495,0.0,0.0
2023-08-21 11:30:00-04:00,0.5026000142097473,0.5098000168800354,0.5026000142097473,0.5048990249633789,88417,0.0,0.0
2023-08-21 12:30:00-04:00,0.5026000142097473,0.5049999952316284,0.5026000142097473,0.5037999749183655,20395,0.0,0.0
2023-08-21 13:30:00-04:00,0.5037999749183655,0.5099989771842957,0.5024999976158142,0.5027999877929688,35198,0.0,0.0
2023-08-21 14:30:00-04:00,0.5027999877929688,0.5099999904632568,0.5,0.5005999803543091,67078,0.0,0.0
2023-08-21 15:30:00-04:00,0.5,0.5095999836921692,0.5,0.5,43848,0.0,0.0
2023-08-22 09:30:00-04:00,0.5019999742507935,0.534500002861023,0.5009999871253967,0.5296000242233276,277887,0.0,0.0
2023-08-22 10:30:00-04:00,0.5198000073432922,0.5296000242233276,0.5120000243186951,0.5236989855766296,33360,0.0,0.0
2023-08-22 11:30:00-04:00,0.5117009878158569,0.5210000276565552,0.5116000175476074,0.5180000066757202,23931,0.0,0.0
2023-08-22 12:30:00-04:00,0.5160999894142151,0.5198000073432922,0.5138999819755554,0.5138999819755554,18929,0.0,0.0
2023-08-22 13:30:00-04:00,0.5151000022888184,0.5196999907493591,0.5005000233650208,0.5187000036239624,41735,0.0,0.0
2023-08-22 14:30:00-04:00,0.5180000066757202,0.5189999938011169,0.5019999742507935,0.5189999938011169,53140,0.0,0.0
2023-08-22 15:30:00-04:00,0.5130000114440918,0.5189999938011169,0.5070000290870667,0.515999972820282,31848,0.0,0.0
2023-08-23 09:30:00-04:00,0.5199999809265137,0.6100000143051147,0.5109999775886536,0.5939000248908997,494397,0.0,0.0
2023-08-23 10:30:00-04:00,0.589900016784668,0.6047030091285706,0.574999988079071,0.574999988079071,165482,0.0,0.0
2023-08-23 11:30:00-04:00,0.5775009989738464,0.5853009819984436,0.574999988079071,0.5853000283241272,64446,0.0,0.0
2023-08-23 12:30:00-04:00,0.5874000191688538,0.5996000170707703,0.5874000191688538,0.5912500023841858,69574,0.0,0.0
2023-08-23 13:30:00-04:00,0.5912489891052246,0.5924999713897705,0.574999988079071,0.5769500136375427,108015,0.0,0.0
2023-08-23 14:30:00-04:00,0.574999988079071,0.5751000046730042,0.5710999965667725,0.574999988079071,16758,0.0,0.0
2023-08-23 15:30:00-04:00,0.5710999965667725,0.5778999924659729,0.5609999895095825,0.5773000121116638,27004,0.0,0.0
2023-08-24 09:30:00-04:00,0.6000000238418579,0.6019999980926514,0.5659999847412109,0.5701000094413757,62701,0.0,0.0
2023-08-24 10:30:00-04:00,0.5701000094413757,0.5799000263214111,0.5461999773979187,0.5493999719619751,18325,0.0,0.0
2023-08-24 11:30:00-04:00,0.5493999719619751,0.5494999885559082,0.5099999904632568,0.5490000247955322,108454,0.0,0.0
2023-08-24 12:30:00-04:00,0.5397999882698059,0.5490000247955322,0.5149999856948853,0.52920001745224,45910,0.0,0.0
2023-08-24 13:30:00-04:00,0.5299000144004822,0.5317999720573425,0.5252000093460083,0.5300999879837036,11341,0.0,0.0
2023-08-24 14:30:00-04:00,0.530489981174469,0.5400999784469604,0.5271999835968018,0.5292999744415283,42609,0.0,0.0
2023-08-24 15:30:00-04:00,0.5370000004768372,0.5600000023841858,0.52920001745224,0.5554999709129333,14851,0.0,0.0
2023-08-25 09:30:00-04:00,0.5842000246047974,0.5842000246047974,0.5220000147819519,0.5402500033378601,42161,0.0,0.0
2023-08-25 10:30:00-04:00,0.5299999713897705,0.5454000234603882,0.5299999713897705,0.5450000166893005,75660,0.0,0.0
2023-08-25 11:30:00-04:00,0.5453000068664551,0.5543500185012817,0.5386999845504761,0.5493000149726868,5388,0.0,0.0
2023-08-25 12:30:00-04:00,0.5590000152587891,0.5598999857902527,0.5400000214576721,0.5400000214576721,7483,0.0,0.0
2023-08-25 13:30:00-04:00,0.5400000214576721,0.5458999872207642,0.5400000214576721,0.5400000214576721,4725,0.0,0.0
2023-08-25 14:30:00-04:00,0.5400000214576721,0.5533999800682068,0.5400000214576721,0.5468000173568726,11625,0.0,0.0
2023-08-25 15:30:00-04:00,0.5471500158309937,0.5486000180244446,0.5410000085830688,0.5486000180244446,18341,0.0,0.0
2023-08-28 09:30:00-04:00,0.5440000295639038,0.5600000023841858,0.5322009921073914,0.5416650176048279,55484,0.0,0.0
2023-08-28 10:30:00-04:00,0.555899977684021,0.5684000253677368,0.5300999879837036,0.5300999879837036,38032,0.0,0.0
2023-08-28 11:30:00-04:00,0.5410000085830688,0.5511999726295471,0.5300999879837036,0.5300999879837036,28855,0.0,0.0
2023-08-28 12:30:00-04:00,0.5299999713897705,0.5572999715805054,0.5299999713897705,0.5299999713897705,75053,0.0,0.0
2023-08-28 13:30:00-04:00,0.5321360230445862,0.5526999831199646,0.5299999713897705,0.5526999831199646,43763,0.0,0.0
2023-08-28 14:30:00-04:00,0.5450000166893005,0.5526999831199646,0.534500002861023,0.5374000072479248,12542,0.0,0.0
2023-08-28 15:30:00-04:00,0.5411999821662903,0.5479999780654907,0.531000018119812,0.5329999923706055,42014,0.0,0.0
2023-08-29 09:30:00-04:00,0.5267000198364258,0.550000011920929,0.5199999809265137,0.5410000085830688,44917,0.0,0.0
2023-08-29 10:30:00-04:00,0.5361999869346619,0.5400000214576721,0.5184000134468079,0.5304999947547913,66433,0.0,0.0
2023-08-29 11:30:00-04:00,0.5396999716758728,0.5396999716758728,0.531499981880188,0.5367500185966492,3314,0.0,0.0
2023-08-29 12:30:00-04:00,0.5385000109672546,0.5498999953269958,0.5384010076522827,0.5413500070571899,26603,0.0,0.0
2023-08-29 13:30:00-04:00,0.5413500070571899,0.5426999926567078,0.5400000214576721,0.5412999987602234,9455,0.0,0.0
2023-08-29 14:30:00-04:00,0.5414000153541565,0.5454999804496765,0.5299999713897705,0.5299999713897705,17237,0.0,0.0
2023-08-29 15:30:00-04:00,0.5318499803543091,0.5399990081787109,0.5309000015258789,0.5321000218391418,10233,0.0,0.0
2023-08-30 09:30:00-04:00,0.53329998254776,0.539900004863739,0.5299999713897705,0.5388000011444092,16075,0.0,0.0
2023-08-30 10:30:00-04:00,0.5346999764442444,0.5498999953269958,0.5241010189056396,0.5450000166893005,63361,0.0,0.0
2023-08-30 11:30:00-04:00,0.5473999977111816,0.5498999953269958,0.5450000166893005,0.5473999977111816,27830,0.0,0.0
2023-08-30 12:30:00-04:00,0.5498999953269958,0.5498999953269958,0.5450000166893005,0.5457000136375427,5288,0.0,0.0
2023-08-30 13:30:00-04:00,0.5457000136375427,0.550000011920929,0.5443000197410583,0.5450000166893005,10953,0.0,0.0
2023-08-30 14:30:00-04:00,0.5461999773979187,0.5583000183105469,0.5450000166893005,0.5517500042915344,19977,0.0,0.0
2023-08-30 15:30:00-04:00,0.5533999800682068,0.5558000206947327,0.550000011920929,0.550000011920929,38072,0.0,0.0
2023-08-31 09:30:00-04:00,0.5600000023841858,0.5600000023841858,0.5339999794960022,0.5400000214576721,63146,0.0,0.0
2023-08-31 10:30:00-04:00,0.539900004863739,0.5559989809989929,0.531000018119812,0.5445510149002075,22757,0.0,0.0
2023-08-31 11:30:00-04:00,0.535099983215332,0.5529999732971191,0.5350000262260437,0.5392000079154968,41635,0.0,0.0
2023-08-31 12:30:00-04:00,0.5460000038146973,0.550000011920929,0.5320000052452087,0.5400000214576721,58548,0.0,0.0
2023-08-31 13:30:00-04:00,0.5400000214576721,0.5449000000953674,0.5310999751091003,0.5360000133514404,56487,0.0,0.0
2023-08-31 14:30:00-04:00,0.5360000133514404,0.5429999828338623,0.5350000262260437,0.5382000207901001,60033,0.0,0.0
2023-08-31 15:30:00-04:00,0.5382999777793884,0.5414000153541565,0.5289999842643738,0.531000018119812,34050,0.0,0.0
2023-09-01 09:30:00-04:00,0.550000011920929,0.550000011920929,0.5300999879837036,0.5352500081062317,25579,0.0,0.0
2023-09-01 10:30:00-04:00,0.5352500081062317,0.5422999858856201,0.5311999917030334,0.5375999808311462,12065,0.0,0.0
2023-09-01 11:30:00-04:00,0.5423499941825867,0.5447059869766235,0.5353999733924866,0.5376999974250793,15455,0.0,0.0
2023-09-01 12:30:00-04:00,0.5376999974250793,0.5400000214576721,0.5299999713897705,0.536050021648407,7927,0.0,0.0
2023-09-01 13:30:00-04:00,0.5360000133514404,0.5389999747276306,0.5289000272750854,0.5300999879837036,55108,0.0,0.0
2023-09-01 14:30:00-04:00,0.5339000225067139,0.5339000225067139,0.5213000178337097,0.5325000286102295,103343,0.0,0.0
2023-09-01 15:30:00-04:00,0.5320000052452087,0.5400000214576721,0.5249999761581421,0.5400000214576721,21616,0.0,0.0
2023-09-05 09:30:00-04:00,0.5386999845504761,0.5699999928474426,0.5382009744644165,0.5649999976158142,75501,0.0,0.0
2023-09-05 10:30:00-04:00,0.5649999976158142,0.5799999833106995,0.5600000023841858,0.5600000023841858,129182,0.0,0.0
2023-09-05 11:30:00-04:00,0.5600000023841858,0.5659999847412109,0.5600000023841858,0.5600000023841858,19357,0.0,0.0
2023-09-05 12:30:00-04:00,0.5600000023841858,0.5644999742507935,0.5429999828338623,0.5429999828338623,30653,0.0,0.0
2023-09-05 13:30:00-04:00,0.5429999828338623,0.5569999814033508,0.5411999821662903,0.5412999987602234,6477,0.0,0.0
2023-09-05 14:30:00-04:00,0.5412999987602234,0.550000011920929,0.5400000214576721,0.5400000214576721,50226,0.0,0.0
2023-09-05 15:30:00-04:00,0.5400000214576721,0.5448989868164062,0.5332000255584717,0.5403000116348267,20858,0.0,0.0
2023-09-06 09:30:00-04:00,0.5526999831199646,0.5526999831199646,0.5299999713897705,0.5347999930381775,64620,0.0,0.0
2023-09-06 10:30:00-04:00,0.5299999713897705,0.5346999764442444,0.5217000246047974,0.5239999890327454,23165,0.0,0.0
2023-09-06 11:30:00-04:00,0.5239999890327454,0.5270000100135803,0.5239999890327454,0.526199996471405,6689,0.0,0.0
2023-09-06 12:30:00-04:00,0.526199996471405,0.526199996471405,0.5139999985694885,0.5180000066757202,36029,0.0,0.0
2023-09-06 13:30:00-04:00,0.5180000066757202,0.5232499837875366,0.5180000066757202,0.5232499837875366,13353,0.0,0.0
2023-09-06 14:30:00-04:00,0.5242999792098999,0.5270000100135803,0.5199999809265137,0.5232999920845032,4171,0.0,0.0
2023-09-06 15:30:00-04:00,0.5230000019073486,0.5300999879837036,0.5199999809265137,0.5299999713897705,22570,0.0,0.0
2023-09-07 09:30:00-04:00,0.5299999713897705,0.5304999947547913,0.5099999904632568,0.5131000280380249,74060,0.0,0.0
2023-09-07 10:30:00-04:00,0.5152999758720398,0.5227000117301941,0.5133000016212463,0.521399974822998,40043,0.0,0.0
2023-09-07 11:30:00-04:00,0.5212000012397766,0.527999997138977,0.5199999809265137,0.5228000283241272,31682,0.0,0.0
2023-09-07 12:30:00-04:00,0.5228000283241272,0.5289999842643738,0.5199999809265137,0.5202000141143799,30563,0.0,0.0
2023-09-07 13:30:00-04:00,0.5202000141143799,0.528099000453949,0.5202000141143799,0.5210000276565552,12497,0.0,0.0
2023-09-07 14:30:00-04:00,0.5210000276565552,0.5245000123977661,0.5199999809265137,0.5199999809265137,25918,0.0,0.0
2023-09-07 15:30:00-04:00,0.5199999809265137,0.5267999768257141,0.5199999809265137,0.5267999768257141,15412,0.0,0.0
2023-09-08 09:30:00-04:00,0.5299999713897705,0.5300999879837036,0.5139999985694885,0.5253999829292297,59391,0.0,0.0
2023-09-08 10:30:00-04:00,0.5253000259399414,0.5253999829292297,0.5156999826431274,0.5218999981880188,9213,0.0,0.0
2023-09-08 11:30:00-04:00,0.5199999809265137,0.5235900282859802,0.5199999809265137,0.5199999809265137,20233,0.0,0.0
2023-09-08 12:30:00-04:00,0.5199999809265137,0.5231000185012817,0.5177000164985657,0.5231000185012817,14979,0.0,0.0
2023-09-08 13:30:00-04:00,0.5188000202178955,0.5218999981880188,0.5141000151634216,0.5141000151634216,27340,0.0,0.0
2023-09-08 14:30:00-04:00,0.5141000151634216,0.5159000158309937,0.5099999904632568,0.5149999856948853,29758,0.0,0.0
2023-09-08 15:30:00-04:00,0.5149999856948853,0.5153999924659729,0.5112000107765198,0.5153999924659729,6298,0.0,0.0
2023-09-11 09:30:00-04:00,0.5299999713897705,0.539900004863739,0.5194000005722046,0.5199999809265137,112688,0.0,0.0
2023-09-11 10:30:00-04:00,0.5199999809265137,0.5289999842643738,0.5149999856948853,0.517300009727478,69061,0.0,0.0
2023-09-11 11:30:00-04:00,0.517300009727478,0.5203999876976013,0.5009999871253967,0.5011000037193298,192440,0.0,0.0
2023-09-11 12:30:00-04:00,0.5080999732017517,0.5139999985694885,0.4909999966621399,0.4975000023841858,72726,0.0,0.0
2023-09-11 13:30:00-04:00,0.4950000047683716,0.5,0.4909999966621399,0.492000013589859,127337,0.0,0.0
2023-09-11 14:30:00-04:00,0.5048999786376953,0.5048999786376953,0.492900013923645,0.5006499886512756,50253,0.0,0.0
2023-09-11 15:30:00-04:00,0.5,0.5040000081062317,0.4921010136604309,0.5,66078,0.0,0.0
2023-09-12 09:30:00-04:00,0.5205000042915344,0.5450000166893005,0.5,0.5012999773025513,1047973,0.0,0.0
2023-09-12 10:30:00-04:00,0.5056999921798706,0.5199000239372253,0.5012000203132629,0.51419997215271,154304,0.0,0.0
2023-09-12 11:30:00-04:00,0.5142499804496765,0.5299999713897705,0.5085999965667725,0.5210000276565552,205652,0.0,0.0
2023-09-12 12:30:00-04:00,0.5249000191688538,0.5296000242233276,0.5202000141143799,0.5256999731063843,64182,0.0,0.0
2023-09-12 13:30:00-04:00,0.5224000215530396,0.527999997138977,0.5084999799728394,0.5084999799728394,141863,0.0,0.0
2023-09-12 14:30:00-04:00,0.5084999799728394,0.5249999761581421,0.5084999799728394,0.5170000195503235,33853,0.0,0.0
2023-09-12 15:30:00-04:00,0.5170000195503235,0.519798994064331,0.5101000070571899,0.5115000009536743,76699,0.0,0.0
2023-09-13 09:30:00-04:00,0.5230000019073486,0.5353999733924866,0.5101000070571899,0.5299999713897705,106259,0.0,0.0
2023-09-13 10:30:00-04:00,0.5249009728431702,0.529899001121521,0.5110999941825867,0.516700029373169,159885,0.0,0.0
2023-09-13 11:30:00-04:00,0.516700029373169,0.5177000164985657,0.5116000175476074,0.5141000151634216,39474,0.0,0.0
2023-09-13 12:30:00-04:00,0.5141000151634216,0.5182999968528748,0.5078999996185303,0.510200023651123,93081,0.0,0.0
2023-09-13 13:30:00-04:00,0.5113000273704529,0.5187000036239624,0.5070000290870667,0.5156000256538391,55733,0.0,0.0
2023-09-13 14:30:00-04:00,0.5164999961853027,0.5299999713897705,0.5148100256919861,0.5264000296592712,94049,0.0,0.0
2023-09-13 15:30:00-04:00,0.5249000191688538,0.5263500213623047,0.5109999775886536,0.5139999985694885,72120,0.0,0.0
2023-09-14 09:30:00-04:00,0.5350000262260437,0.5350000262260437,0.5,0.5062999725341797,189809,0.0,0.0
2023-09-14 10:30:00-04:00,0.5167999863624573,0.5271000266075134,0.5020999908447266,0.5170000195503235,149061,0.0,0.0
2023-09-14 11:30:00-04:00,0.5239999890327454,0.5299999713897705,0.5131000280380249,0.5289999842643738,41737,0.0,0.0
2023-09-14 12:30:00-04:00,0.5293999910354614,0.5299999713897705,0.5174999833106995,0.5265499949455261,65428,0.0,0.0
2023-09-14 13:30:00-04:00,0.5281000137329102,0.5350000262260437,0.5200999975204468,0.5300999879837036,114679,0.0,0.0
2023-09-14 14:30:00-04:00,0.5303999781608582,0.5394999980926514,0.5152999758720398,0.5249999761581421,119800,0.0,0.0
2023-09-14 15:30:00-04:00,0.5200999975204468,0.5201500058174133,0.5049999952316284,0.5180000066757202,109239,0.0,0.0
2023-09-15 09:30:00-04:00,0.5180000066757202,0.5299000144004822,0.5076000094413757,0.5080000162124634,195526,0.0,0.0
2023-09-15 10:30:00-04:00,0.5080000162124634,0.5163999795913696,0.5080000162124634,0.5080999732017517,119672,0.0,0.0
2023-09-15 11:30:00-04:00,0.5080000162124634,0.5108000040054321,0.5080000162124634,0.5108000040054321,63676,0.0,0.0
2023-09-15 12:30:00-04:00,0.5099999904632568,0.5138999819755554,0.5080000162124634,0.511900007724762,88244,0.0,0.0
2023-09-15 13:30:00-04:00,0.513700008392334,0.5202999711036682,0.5101000070571899,0.5175999999046326,184163,0.0,0.0
2023-09-15 14:30:00-04:00,0.5177000164985657,0.5199999809265137,0.5166000127792358,0.516700029373169,73825,0.0,0.0
2023-09-15 15:30:00-04:00,0.516700029373169,0.5210000276565552,0.508400022983551,0.5210000276565552,91290,0.0,0.0
2023-09-18 09:30:00-04:00,0.5199999809265137,0.5199999809265137,0.5012000203132629,0.5024999976158142,92314,0.0,0.0
2023-09-18 10:30:00-04:00,0.5030999779701233,0.5037000179290771,0.5016000270843506,0.5022000074386597,15895,0.0,0.0
2023-09-18 11:30:00-04:00,0.5016000270843506,0.5023000240325928,0.492900013923645,0.4957999885082245,61271,0.0,0.0
2023-09-18 12:30:00-04:00,0.4957999885082245,0.5011900067329407,0.4943999946117401,0.5011900067329407,32114,0.0,0.0
2023-09-18 13:30:00-04:00,0.49889999628067017,0.499099999666214,0.49000000953674316,0.4977000057697296,56043,0.0,0.0
2023-09-18 14:30:00-04:00,0.4977000057697296,0.5059990286827087,0.4977000057697296,0.49869999289512634,31360,0.0,0.0
2023-09-18 15:30:00-04:00,0.5019999742507935,0.503000020980835,0.4984999895095825,0.49900001287460327,31954,0.0,0.0
2023-09-19 09:30:00-04:00,0.49000000953674316,0.4999000132083893,0.47099998593330383,0.48010000586509705,179733,0.0,0.0
2023-09-19 10:30:00-04:00,0.47999998927116394,0.5,0.47999998927116394,0.48170000314712524,55399,0.0,0.0
2023-09-19 11:30:00-04:00,0.48170000314712524,0.4828000068664551,0.48089998960494995,0.48249998688697815,20850,0.0,0.0
2023-09-19 12:30:00-04:00,0.48170000314712524,0.48890000581741333,0.4779999852180481,0.4781000018119812,40880,0.0,0.0
2023-09-19 13:30:00-04:00,0.478300005197525,0.5138999819755554,0.4781000018119812,0.4796000123023987,150326,0.0,0.0
2023-09-19 14:30:00-04:00,0.4796000123023987,0.48570001125335693,0.4796000123023987,0.48500001430511475,47029,0.0,0.0
2023-09-19 15:30:00-04:00,0.48500001430511475,0.48969998955726624,0.47999998927116394,0.47999998927116394,73979,0.0,0.0
2023-09-20 09:30:00-04:00,0.4894999861717224,0.49000000953674316,0.4717000126838684,0.4830999970436096,58358,0.0,0.0
2023-09-20 10:30:00-04:00,0.4830999970436096,0.49000000953674316,0.4830999970436096,0.4837000072002411,43306,0.0,0.0
2023-09-20 11:30:00-04:00,0.483599990606308,0.4848000109195709,0.483599990606308,0.4848000109195709,25596,0.0,0.0
2023-09-20 12:30:00-04:00,0.4849010109901428,0.4851999878883362,0.483599990606308,0.483599990606308,27348,0.0,0.0
2023-09-20 13:30:00-04:00,0.483599990606308,0.48590001463890076,0.483599990606308,0.483599990606308,26788,0.0,0.0
2023-09-20 14:30:00-04:00,0.483599990606308,0.4837000072002411,0.47099998593330383,0.47130000591278076,177404,0.0,0.0
2023-09-20 15:30:00-04:00,0.4772000014781952,0.47999998927116394,0.47130000591278076,0.47519999742507935,32427,0.0,0.0
2023-09-21 09:30:00-04:00,0.4814999997615814,0.49549999833106995,0.47099998593330383,0.47999998927116394,48164,0.0,0.0
2023-09-21 10:30:00-04:00,0.47999998927116394,0.5019999742507935,0.4740009903907776,0.47600001096725464,38809,0.0,0.0
2023-09-21 11:30:00-04:00,0.47510001063346863,0.48899999260902405,0.47510001063346863,0.48170000314712524,10335,0.0,0.0
2023-09-21 12:30:00-04:00,0.48170000314712524,0.49470001459121704,0.48170000314712524,0.4848000109195709,32299,0.0,0.0
2023-09-21 13:30:00-04:00,0.4848000109195709,0.4880000054836273,0.48170000314712524,0.48399999737739563,125678,0.0,0.0
2023-09-21 14:30:00-04:00,0.48399999737739563,0.4875999987125397,0.4697999954223633,0.4747999906539917,225423,0.0,0.0
2023-09-21 15:30:00-04:00,0.4708000123500824,0.4763000011444092,0.4602000117301941,0.47620001435279846,57761,0.0,0.0
2023-09-22 09:30:00-04:00,0.47999998927116394,0.47999998927116394,0.46299999952316284,0.4645000100135803,70033,0.0,0.0
2023-09-22 10:30:00-04:00,0.4652000069618225,0.47999998927116394,0.4645000100135803,0.47189998626708984,90195,0.0,0.0
2023-09-22 11:30:00-04:00,0.47119998931884766,0.4745990037918091,0.4645000100135803,0.46560001373291016,51221,0.0,0.0
2023-09-22 12:30:00-04:00,0.46470001339912415,0.4659000039100647,0.46459999680519104,0.46540001034736633,21004,0.0,0.0
2023-09-22 13:30:00-04:00,0.4650000035762787,0.46790000796318054,0.4650000035762787,0.4668999910354614,13312,0.0,0.0
2023-09-22 14:30:00-04:00,0.4666000008583069,0.4668999910354614,0.45500001311302185,0.46000000834465027,202625,0.0,0.0
2023-09-22 15:30:00-04:00,0.4586000144481659,0.4625000059604645,0.4560000002384186,0.4584999978542328,64214,0.0,0.0
2023-09-25 09:30:00-04:00,0.453000009059906,0.4657000005245209,0.44999998807907104,0.46004998683929443,130454,0.0,0.0
2023-09-25 10:30:00-04:00,0.460099995136261,0.47999998927116394,0.46000000834465027,0.47999998927116394,71679,0.0,0.0
2023-09-25 11:30:00-04:00,0.4865509867668152,0.4865509867668152,0.46309998631477356,0.46560001373291016,36005,0.0,0.0
2023-09-25 12:30:00-04:00,0.46560001373291016,0.4812000095844269,0.46560001373291016,0.48019999265670776,71612,0.0,0.0
2023-09-25 13:30:00-04:00,0.48019999265670776,0.48080000281333923,0.4645000100135803,0.47099998593330383,67380,0.0,0.0
2023-09-25 14:30:00-04:00,0.4699999988079071,0.4799000024795532,0.4650000035762787,0.47049999237060547,26654,0.0,0.0
2023-09-25 15:30:00-04:00,0.4700999855995178,0.47780001163482666,0.46970000863075256,0.47110000252723694,28085,0.0,0.0
2023-09-26 09:30:00-04:00,0.4634999930858612,0.4788999855518341,0.4634999930858612,0.4684999883174896,27943,0.0,0.0
2023-09-26 10:30:00-04:00,0.46880000829696655,0.49000000953674316,0.4555000066757202,0.45750001072883606,103399,0.0,0.0
2023-09-26 11:30:00-04:00,0.4579870104789734,0.4627000093460083,0.4579870104789734,0.4596000015735626,29896,0.0,0.0
2023-09-26 12:30:00-04:00,0.45509999990463257,0.45559999346733093,0.45500001311302185,0.45509999990463257,79474,0.0,0.0
2023-09-26 13:30:00-04:00,0.45559999346733093,0.4584999978542328,0.4551999866962433,0.45649999380111694,47668,0.0,0.0
2023-09-26 14:30:00-04:00,0.45649999380111694,0.4565500020980835,0.4519999921321869,0.45339998602867126,39026,0.0,0.0
2023-09-26 15:30:00-04:00,0.45350000262260437,0.460999995470047,0.4519999921321869,0.460999995470047,54913,0.0,0.0
2023-09-27 09:30:00-04:00,0.47999998927116394,0.48240000009536743,0.46129998564720154,0.4629000127315521,182657,0.0,0.0
2023-09-27 10:30:00-04:00,0.4629000127315521,0.47679999470710754,0.461899995803833,0.4742000102996826,100781,0.0,0.0
2023-09-27 11:30:00-04:00,0.4699999988079071,0.4754999876022339,0.46299999952316284,0.46650001406669617,82630,0.0,0.0
2023-09-27 12:30:00-04:00,0.46630001068115234,0.47110000252723694,0.461899995803833,0.46841299533843994,21378,0.0,0.0
2023-09-27 13:30:00-04:00,0.46860000491142273,0.4754999876022339,0.461899995803833,0.4754999876022339,35951,0.0,0.0
2023-09-27 14:30:00-04:00,0.4754999876022339,0.4754999876022339,0.4645000100135803,0.46889999508857727,95886,0.0,0.0
2023-09-27 15:30:00-04:00,0.46639999747276306,0.47540000081062317,0.46459999680519104,0.46639999747276306,20495,0.0,0.0
2023-09-28 09:30:00-04:00,0.47530001401901245,0.47530001401901245,0.4611000120639801,0.4643999934196472,31462,0.0,0.0
2023-09-28 10:30:00-04:00,0.4643999934196472,0.47110000252723694,0.4611000120639801,0.46950000524520874,60724,0.0,0.0
2023-09-28 11:30:00-04:00,0.46950000524520874,0.4722999930381775,0.46779999136924744,0.4702000021934509,62475,0.0,0.0
2023-09-28 12:30:00-04:00,0.46950000524520874,0.48100000619888306,0.46880000829696655,0.48080000281333923,69393,0.0,0.0
2023-09-28 13:30:00-04:00,0.4819999933242798,0.49399998784065247,0.4819999933242798,0.4860000014305115,84296,0.0,0.0
2023-09-28 14:30:00-04:00,0.4832000136375427,0.48989999294281006,0.4729999899864197,0.4846999943256378,8700,0.0,0.0
2023-09-28 15:30:00-04:00,0.4846999943256378,0.49000000953674316,0.48100000619888306,0.48590001463890076,65872,0.0,0.0
2023-09-29 09:30:00-04:00,0.5080000162124634,0.5199999809265137,0.5034999847412109,0.5123999714851379,111081,0.0,0.0
2023-09-29 10:30:00-04:00,0.512499988079071,0.5163999795913696,0.508279025554657,0.5113000273704529,34144,0.0,0.0
2023-09-29 11:30:00-04:00,0.5112000107765198,0.5113999843597412,0.5091000199317932,0.5109999775886536,21110,0.0,0.0
2023-09-29 12:30:00-04:00,0.5109999775886536,0.5123000144958496,0.5001000165939331,0.5001999735832214,107511,0.0,0.0
2023-09-29 13:30:00-04:00,0.5001999735832214,0.5001999735832214,0.4805000126361847,0.482699990272522,70250,0.0,0.0
2023-09-29 14:30:00-04:00,0.4828999936580658,0.48989999294281006,0.47380000352859497,0.4787999987602234,86195,0.0,0.0
2023-09-29 15:30:00-04:00,0.4788999855518341,0.4830000102519989,0.4699999988079071,0.47290000319480896,95009,0.0,0.0
2023-10-02 09:30:00-04:00,0.5023999810218811,0.5023999810218811,0.47999998927116394,0.49000000953674316,141740,0.0,0.0
2023-10-02 10:30:00-04:00,0.4805000126361847,0.48989999294281006,0.4805000126361847,0.48500001430511475,15999,0.0,0.0
2023-10-02 11:30:00-04:00,0.48500001430511475,0.49459999799728394,0.48500001430511475,0.48539999127388,30679,0.0,0.0
2023-10-02 12:30:00-04:00,0.4941999912261963,0.4941999912261963,0.4810999929904938,0.48750001192092896,49085,0.0,0.0
2023-10-02 13:30:00-04:00,0.4810999929904938,0.49390000104904175,0.4810999929904938,0.48374998569488525,28757,0.0,0.0
2023-10-02 14:30:00-04:00,0.48374998569488525,0.49399998784065247,0.48159998655319214,0.4934000074863434,51523,0.0,0.0
2023-10-02 15:30:00-04:00,0.4819999933242798,0.4934000074863434,0.48170000314712524,0.48500001430511475,53395,0.0,0.0
2023-10-03 09:30:00-04:00,0.48339998722076416,0.4921000003814697,0.47699999809265137,0.47699999809265137,45116,0.0,0.0
2023-10-03 10:30:00-04:00,0.47699999809265137,0.48980000615119934,0.4729999899864197,0.4729999899864197,13623,0.0,0.0
2023-10-03 11:30:00-04:00,0.4729999899864197,0.48980000615119934,0.4729999899864197,0.48980000615119934,43728,0.0,0.0
2023-10-03 12:30:00-04:00,0.48980000615119934,0.49000000953674316,0.47609999775886536,0.47620001435279846,5100,0.0,0.0
2023-10-03 13:30:00-04:00,0.476500004529953,0.48899999260902405,0.47620001435279846,0.4787999987602234,9611,0.0,0.0
2023-10-03 14:30:00-04:00,0.4787999987602234,0.4860999882221222,0.4763000011444092,0.48500001430511475,15417,0.0,0.0
2023-10-03 15:30:00-04:00,0.47999998927116394,0.48980000615119934,0.47609999775886536,0.4828999936580658,85189,0.0,0.0
2023-10-04 09:30:00-04:00,0.5,0.5,0.4749999940395355,0.4749999940395355,58227,0.0,0.0
2023-10-04 10:30:00-04:00,0.4797999858856201,0.4799000024795532,0.46170100569725037,0.4724999964237213,36926,0.0,0.0
2023-10-04 11:30:00-04:00,0.4724999964237213,0.4749000072479248,0.4652000069618225,0.4700010120868683,24549,0.0,0.0
2023-10-04 12:30:00-04:00,0.46540001034736633,0.46994999051094055,0.45989999175071716,0.46000000834465027,28867,0.0,0.0
2023-10-04 13:30:00-04:00,0.4603999853134155,0.46480000019073486,0.4560000002384186,0.45980000495910645,34393,0.0,0.0
2023-10-04 14:30:00-04:00,0.46000000834465027,0.47119998931884766,0.4560000002384186,0.4650000035762787,73209,0.0,0.0
2023-10-04 15:30:00-04:00,0.4699000120162964,0.4699000120162964,0.46560001373291016,0.46650001406669617,31806,0.0,0.0
2023-10-05 09:30:00-04:00,0.4699999988079071,0.47690001130104065,0.4650999903678894,0.4650999903678894,31705,0.0,0.0
2023-10-05 10:30:00-04:00,0.46970000863075256,0.46970000863075256,0.460999995470047,0.4650000035762787,40876,0.0,0.0
2023-10-05 11:30:00-04:00,0.46880000829696655,0.46889999508857727,0.4607999920845032,0.4650999903678894,31740,0.0,0.0
2023-10-05 12:30:00-04:00,0.4650999903678894,0.46650001406669617,0.4650000035762787,0.4650999903678894,24973,0.0,0.0
2023-10-05 13:30:00-04:00,0.4650999903678894,0.46639999747276306,0.4650000035762787,0.4657999873161316,18040,0.0,0.0
2023-10-05 14:30:00-04:00,0.4652000069618225,0.4681999981403351,0.4650999903678894,0.4661000072956085,29270,0.0,0.0
2023-10-05 15:30:00-04:00,0.4660100042819977,0.4681999981403351,0.4650999903678894,0.4681999981403351,110333,0.0,0.0
2023-10-06 09:30:00-04:00,0.4560000002384186,0.46880000829696655,0.45100000500679016,0.4514000117778778,92883,0.0,0.0
2023-10-06 10:30:00-04:00,0.4514000117778778,0.46299999952316284,0.44999998807907104,0.44999998807907104,21168,0.0,0.0
2023-10-06 11:30:00-04:00,0.44999998807907104,0.45809999108314514,0.44999998807907104,0.4569999873638153,49753,0.0,0.0
2023-10-06 12:30:00-04:00,0.4569999873638153,0.45809999108314514,0.4569999873638153,0.4580000042915344,24913,0.0,0.0
2023-10-06 13:30:00-04:00,0.4627000093460083,0.4699999988079071,0.46000000834465027,0.4611000120639801,39495,0.0,0.0
2023-10-06 14:30:00-04:00,0.4611000120639801,0.4611000120639801,0.4580000042915344,0.45809999108314514,43112,0.0,0.0
2023-10-06 15:30:00-04:00,0.4580000042915344,0.4611000120639801,0.4580000042915344,0.45809999108314514,13341,0.0,0.0
2023-10-09 09:30:00-04:00,0.4580000042915344,0.46000000834465027,0.4336000084877014,0.4404999911785126,117708,0.0,0.0
2023-10-09 10:30:00-04:00,0.4404999911785126,0.44739899039268494,0.4404999911785126,0.44110000133514404,20519,0.0,0.0
2023-10-09 11:30:00-04:00,0.44279998540878296,0.4429999887943268,0.44110000133514404,0.44119998812675476,9443,0.0,0.0
2023-10-09 12:30:00-04:00,0.44119998812675476,0.44119998812675476,0.43540000915527344,0.4375999867916107,47423,0.0,0.0
2023-10-09 13:30:00-04:00,0.4375999867916107,0.4468989968299866,0.4352000057697296,0.43950000405311584,67938,0.0,0.0
2023-10-09 14:30:00-04:00,0.4383000135421753,0.44190001487731934,0.4374000132083893,0.43970000743865967,31926,0.0,0.0
2023-10-09 15:30:00-04:00,0.43970000743865967,0.4413999915122986,0.43700000643730164,0.4390999972820282,12143,0.0,0.0
2023-10-10 09:30:00-04:00,0.45089998841285706,0.4595000147819519,0.43700000643730164,0.45500001311302185,40934,0.0,0.0
2023-10-10 10:30:00-04:00,0.45500001311302185,0.46700000762939453,0.45500001311302185,0.4618000090122223,88560,0.0,0.0
2023-10-10 11:30:00-04:00,0.4593999981880188,0.46239998936653137,0.4593999981880188,0.460099995136261,16331,0.0,0.0
2023-10-10 12:30:00-04:00,0.46050000190734863,0.4634999930858612,0.45509999990463257,0.45879998803138733,13740,0.0,0.0
2023-10-10 13:30:00-04:00,0.462799996137619,0.46700000762939453,0.4593999981880188,0.46050000190734863,26057,0.0,0.0
2023-10-10 14:30:00-04:00,0.46050000190734863,0.46380001306533813,0.46050000190734863,0.4609000086784363,11292,0.0,0.0
2023-10-10 15:30:00-04:00,0.460999995470047,0.4708000123500824,0.4609000086784363,0.4699999988079071,26551,0.0,0.0
2023-10-11 09:30:00-04:00,0.4778999984264374,0.4778999984264374,0.45489999651908875,0.4690000116825104,189849,0.0,0.0
2023-10-11 10:30:00-04:00,0.4690000116825104,0.4738999903202057,0.46709999442100525,0.4706000089645386,47079,0.0,0.0
2023-10-11 11:30:00-04:00,0.47099998593330383,0.4738999903202057,0.4708000123500824,0.4713999927043915,35747,0.0,0.0
2023-10-11 12:30:00-04:00,0.4713999927043915,0.4713999927043915,0.46709999442100525,0.46889999508857727,84074,0.0,0.0
2023-10-11 13:30:00-04:00,0.46790000796318054,0.46790000796318054,0.4620000123977661,0.4620000123977661,40755,0.0,0.0
2023-10-11 14:30:00-04:00,0.460999995470047,0.4643999934196472,0.45500001311302185,0.4609000086784363,22760,0.0,0.0
2023-10-11 15:30:00-04:00,0.4587000012397766,0.46939998865127563,0.4587000012397766,0.4643000066280365,58631,0.0,0.0
2023-10-12 09:30:00-04:00,0.4699999988079071,0.4699999988079071,0.4399999976158142,0.4456999897956848,159982,0.0,0.0
2023-10-12 10:30:00-04:00,0.4447000026702881,0.4577000141143799,0.4410000145435333,0.44359999895095825,50407,0.0,0.0
2023-10-12 11:30:00-04:00,0.44200000166893005,0.445499986410141,0.4399999976158142,0.4406000077724457,92656,0.0,0.0
2023-10-12 12:30:00-04:00,0.4406000077724457,0.4406000077724457,0.4316999912261963,0.4325999915599823,55137,0.0,0.0
2023-10-12 13:30:00-04:00,0.43209999799728394,0.4415000081062317,0.4300000071525574,0.4399999976158142,48980,0.0,0.0
2023-10-12 14:30:00-04:00,0.44040000438690186,0.44699999690055847,0.4350000023841858,0.4350000023841858,64643,0.0,0.0
2023-10-12 15:30:00-04:00,0.4350000023841858,0.43560001254081726,0.4300000071525574,0.4300000071525574,35910,0.0,0.0
2023-10-13 09:30:00-04:00,0.44600000977516174,0.44600000977516174,0.41999998688697815,0.4259999990463257,129058,0.0,0.0
2023-10-13 10:30:00-04:00,0.4259999990463257,0.42669999599456787,0.3959999978542328,0.4043999910354614,424748,0.0,0.0
2023-10-13 11:30:00-04:00,0.40459999442100525,0.4165000021457672,0.40450000762939453,0.414000004529953,1432352,0.0,0.0
2023-10-13 12:30:00-04:00,0.41429999470710754,0.42149001359939575,0.414000004529953,0.41440001130104065,87209,0.0,0.0
2023-10-13 13:30:00-04:00,0.414000004529953,0.41449999809265137,0.40149998664855957,0.40470001101493835,28522,0.0,0.0
2023-10-13 14:30:00-04:00,0.4043999910354614,0.40470001101493835,0.39430001378059387,0.39559999108314514,122708,0.0,0.0
2023-10-13 15:30:00-04:00,0.3952000141143799,0.4049000144004822,0.3952000141143799,0.39570000767707825,118836,0.0,0.0
2023-10-16 09:30:00-04:00,0.3986999988555908,0.41999998688697815,0.38999998569488525,0.4030500054359436,135713,0.0,0.0
2023-10-16 10:30:00-04:00,0.3962000012397766,0.40310001373291016,0.38999998569488525,0.38999998569488525,28593,0.0,0.0
2023-10-16 11:30:00-04:00,0.39010000228881836,0.396699994802475,0.38999998569488525,0.396699994802475,33785,0.0,0.0
2023-10-16 12:30:00-04:00,0.4000000059604645,0.4000000059604645,0.3978999853134155,0.39980000257492065,34591,0.0,0.0
2023-10-16 13:30:00-04:00,0.39959999918937683,0.4000000059604645,0.3995000123977661,0.39959999918937683,23142,0.0,0.0
2023-10-16 14:30:00-04:00,0.39959999918937683,0.3996500074863434,0.3813999891281128,0.3813999891281128,69726,0.0,0.0
2023-10-16 15:30:00-04:00,0.3815000057220459,0.392300009727478,0.3799999952316284,0.392300009727478,114932,0.0,0.0
2023-10-17 09:30:00-04:00,0.38449999690055847,0.4000000059604645,0.38109999895095825,0.3968999981880188,85683,0.0,0.0
2023-10-17 10:30:00-04:00,0.3939000070095062,0.39989998936653137,0.3901999890804291,0.390500009059906,19592,0.0,0.0
2023-10-17 11:30:00-04:00,0.3952000141143799,0.39980000257492065,0.390500009059906,0.39399999380111694,21705,0.0,0.0
2023-10-17 12:30:00-04:00,0.3968000113964081,0.39980000257492065,0.39340001344680786,0.39419999718666077,24277,0.0,0.0
2023-10-17 13:30:00-04:00,0.39419999718666077,0.39980000257492065,0.39329999685287476,0.39399999380111694,35503,0.0,0.0
2023-10-17 14:30:00-04:00,0.39399999380111694,0.39969998598098755,0.3847000002861023,0.38940000534057617,72320,0.0,0.0
2023-10-17 15:30:00-04:00,0.38940000534057617,0.39399999380111694,0.38940000534057617,0.39399999380111694,12094,0.0,0.0
2023-10-18 09:30:00-04:00,0.3937000036239624,0.39945799112319946,0.3799999952316284,0.38999998569488525,56183,0.0,0.0
2023-10-18 10:30:00-04:00,0.399399995803833,0.399399995803833,0.3885999917984009,0.3912000060081482,63302,0.0,0.0
2023-10-18 11:30:00-04:00,0.3910999894142151,0.39959999918937683,0.38940000534057617,0.38989999890327454,34888,0.0,0.0
2023-10-18 12:30:00-04:00,0.3894999921321869,0.39492499828338623,0.38499999046325684,0.39399999380111694,16193,0.0,0.0
2023-10-18 13:30:00-04:00,0.3869999945163727,0.39249899983406067,0.38109999895095825,0.38960000872612,161865,0.0,0.0
2023-10-18 14:30:00-04:00,0.38960000872612,0.4000000059604645,0.3700000047683716,0.3806000053882599,142324,0.0,0.0
2023-10-18 15:30:00-04:00,0.3806000053882599,0.38999998569488525,0.3714999854564667,0.38029998540878296,32439,0.0,0.0
2023-10-19 09:30:00-04:00,0.38109999895095825,0.38109999895095825,0.36000001430511475,0.36000001430511475,151049,0.0,0.0
2023-10-19 10:30:00-04:00,0.3610000014305115,0.3700000047683716,0.35510000586509705,0.3614000082015991,172276,0.0,0.0
2023-10-19 11:30:00-04:00,0.3626999855041504,0.36419999599456787,0.3578999936580658,0.3578999936580658,20264,0.0,0.0
2023-10-19 12:30:00-04:00,0.35749998688697815,0.35899999737739563,0.3564999997615814,0.35690000653266907,35433,0.0,0.0
2023-10-19 13:30:00-04:00,0.3569999933242798,0.35899999737739563,0.3564999997615814,0.35899999737739563,44546,0.0,0.0
2023-10-19 14:30:00-04:00,0.3589000105857849,0.3702000081539154,0.3573000133037567,0.36239999532699585,66301,0.0,0.0
2023-10-19 15:30:00-04:00,0.3626999855041504,0.36550000309944153,0.3578999936580658,0.36250001192092896,81616,0.0,0.0
2023-10-20 09:30:00-04:00,0.361299991607666,0.382999986410141,0.36000001430511475,0.3653999865055084,75055,0.0,0.0
2023-10-20 10:30:00-04:00,0.3653999865055084,0.36844998598098755,0.35740000009536743,0.35740000009536743,54608,0.0,0.0
2023-10-20 11:30:00-04:00,0.35740000009536743,0.3619000017642975,0.35109999775886536,0.35109999775886536,93326,0.0,0.0
2023-10-20 12:30:00-04:00,0.35109999775886536,0.36000001430511475,0.35109999775886536,0.35109999775886536,25325,0.0,0.0
2023-10-20 13:30:00-04:00,0.35109999775886536,0.36079999804496765,0.3499999940395355,0.353300005197525,70299,0.0,0.0
2023-10-20 14:30:00-04:00,0.353300005197525,0.36000001430511475,0.3529999852180481,0.3529999852180481,22789,0.0,0.0
2023-10-20 15:30:00-04:00,0.3529999852180481,0.3610000014305115,0.3499999940395355,0.3562000095844269,50695,0.0,0.0
2023-10-23 09:30:00-04:00,0.35269999504089355,0.36000001430511475,0.3499999940395355,0.3564000129699707,99843,0.0,0.0
2023-10-23 10:30:00-04:00,0.3603000044822693,0.3603000044822693,0.35199999809265137,0.35510000586509705,43602,0.0,0.0
2023-10-23 11:30:00-04:00,0.3575499951839447,0.36090001463890076,0.3549000024795532,0.35499998927116394,69902,0.0,0.0
2023-10-23 12:30:00-04:00,0.3610000014305115,0.3610000014305115,0.3549000024795532,0.3562000095844269,16151,0.0,0.0
2023-10-23 13:30:00-04:00,0.3560999929904938,0.36079999804496765,0.351500004529953,0.351500004529953,26242,0.0,0.0
2023-10-23 14:30:00-04:00,0.35019999742507935,0.35670000314712524,0.35019999742507935,0.3521000146865845,25402,0.0,0.0
2023-10-23 15:30:00-04:00,0.3515999913215637,0.35499998927116394,0.3499999940395355,0.3499999940395355,41591,0.0,0.0
2023-10-24 09:30:00-04:00,0.3499999940395355,0.3702999949455261,0.3440000116825104,0.36000001430511475,163023,0.0,0.0
2023-10-24 10:30:00-04:00,0.3450999855995178,0.37400001287460327,0.3440000116825104,0.3449999988079071,58883,0.0,0.0
2023-10-24 11:30:00-04:00,0.3499999940395355,0.35339999198913574,0.3440000116825104,0.34529998898506165,49618,0.0,0.0
2023-10-24 12:30:00-04:00,0.3452000021934509,0.3517000079154968,0.3440000116825104,0.3477500081062317,12982,0.0,0.0
2023-10-24 13:30:00-04:00,0.3440000116825104,0.35100001096725464,0.3400000035762787,0.3400000035762787,80363,0.0,0.0
2023-10-24 14:30:00-04:00,0.3447999954223633,0.34940001368522644,0.3312000036239624,0.3400000035762787,70660,0.0,0.0
2023-10-24 15:30:00-04:00,0.3366999924182892,0.3458000123500824,0.33500000834465027,0.33550000190734863,40618,0.0,0.0
2023-10-25 09:30:00-04:00,0.35499998927116394,0.35899999737739563,0.33000001311302185,0.33009999990463257,218096,0.0,0.0
2023-10-25 10:30:00-04:00,0.33009999990463257,0.33660000562667847,0.32339999079704285,0.33090001344680786,67081,0.0,0.0
2023-10-25 11:30:00-04:00,0.33090001344680786,0.34779998660087585,0.33000001311302185,0.34389999508857727,59902,0.0,0.0
2023-10-25 12:30:00-04:00,0.34769999980926514,0.34779998660087585,0.3402000069618225,0.3420499861240387,24415,0.0,0.0
2023-10-25 13:30:00-04:00,0.3402000069618225,0.34389999508857727,0.3328000009059906,0.3328000009059906,65357,0.0,0.0
2023-10-25 14:30:00-04:00,0.33899998664855957,0.3499999940395355,0.3328010141849518,0.3397499918937683,75910,0.0,0.0
2023-10-25 15:30:00-04:00,0.3395000100135803,0.33994999527931213,0.33000001311302185,0.3310000002384186,71391,0.0,0.0
2023-10-26 09:30:00-04:00,0.3499999940395355,0.3499999940395355,0.33009999990463257,0.3303000032901764,65730,0.0,0.0
2023-10-26 10:30:00-04:00,0.33454999327659607,0.33880001306533813,0.33009999990463257,0.3303999900817871,44438,0.0,0.0
2023-10-26 11:30:00-04:00,0.3303999900817871,0.33799999952316284,0.3303999900817871,0.3343999981880188,45500,0.0,0.0
2023-10-26 12:30:00-04:00,0.3345000147819519,0.3499999940395355,0.3345000147819519,0.3366999924182892,57931,0.0,0.0
2023-10-26 13:30:00-04:00,0.3433000147342682,0.3499000072479248,0.33660000562667847,0.34049999713897705,138716,0.0,0.0
2023-10-26 14:30:00-04:00,0.34049999713897705,0.3440000116825104,0.3352000117301941,0.3353999853134155,37114,0.0,0.0
2023-10-26 15:30:00-04:00,0.3353999853134155,0.34200000762939453,0.3353999853134155,0.33570000529289246,26325,0.0,0.0
2023-10-27 09:30:00-04:00,0.33799999952316284,0.34325000643730164,0.32339999079704285,0.32339999079704285,173785,0.0,0.0
2023-10-27 10:30:00-04:00,0.32339999079704285,0.3345000147819519,0.32339999079704285,0.32899999618530273,66341,0.0,0.0
2023-10-27 11:30:00-04:00,0.32850000262260437,0.3345000147819519,0.328000009059906,0.3330000042915344,45182,0.0,0.0
2023-10-27 12:30:00-04:00,0.3285999894142151,0.3337000012397766,0.328000009059906,0.32820001244544983,151582,0.0,0.0
2023-10-27 13:30:00-04:00,0.32820001244544983,0.3328999876976013,0.22349999845027924,0.31029999256134033,270845,0.0,0.0
2023-10-27 14:30:00-04:00,0.3109999895095825,0.3292999863624573,0.3109999895095825,0.3109999895095825,66352,0.0,0.0
2023-10-27 15:30:00-04:00,0.3109999895095825,0.3199999928474426,0.3109999895095825,0.31200000643730164,62076,0.0,0.0
2023-10-30 09:30:00-04:00,0.33329999446868896,0.3465000092983246,0.32109999656677246,0.3287000060081482,112804,0.0,0.0
2023-10-30 10:30:00-04:00,0.3246999979019165,0.33550000190734863,0.3246999979019165,0.3327000141143799,50685,0.0,0.0
2023-10-30 11:30:00-04:00,0.3327000141143799,0.33399999141693115,0.3314000070095062,0.33180001378059387,36765,0.0,0.0
2023-10-30 12:30:00-04:00,0.33180001378059387,0.33340001106262207,0.33000001311302185,0.33000001311302185,73823,0.0,0.0
2023-10-30 13:30:00-04:00,0.33009999990463257,0.33009999990463257,0.3215000033378601,0.32190001010894775,56047,0.0,0.0
2023-10-30 14:30:00-04:00,0.32190001010894775,0.33000001311302185,0.32190001010894775,0.33000001311302185,50257,0.0,0.0
2023-10-30 15:30:00-04:00,0.33000001311302185,0.3330000042915344,0.3231000006198883,0.3296000063419342,59919,0.0,0.0
2023-10-31 09:30:00-04:00,0.3346000015735626,0.3393000066280365,0.31690001487731934,0.3215000033378601,64170,0.0,0.0
2023-10-31 10:30:00-04:00,0.3215000033378601,0.3303000032901764,0.32100000977516174,0.32190001010894775,43749,0.0,0.0
2023-10-31 11:30:00-04:00,0.3255999982357025,0.3384000062942505,0.3199999928474426,0.32010000944137573,45368,0.0,0.0
2023-10-31 12:30:00-04:00,0.32795000076293945,0.3330000042915344,0.3199000060558319,0.32019999623298645,14480,0.0,0.0
2023-10-31 13:30:00-04:00,0.32315000891685486,0.32600000500679016,0.31940001249313354,0.3199000060558319,23982,0.0,0.0
2023-10-31 14:30:00-04:00,0.3199000060558319,0.34599998593330383,0.3199000060558319,0.3303999900817871,144279,0.0,0.0
2023-10-31 15:30:00-04:00,0.33799999952316284,0.39969998598098755,0.33000001311302185,0.38999998569488525,76287,0.0,0.0
2023-11-01 09:30:00-04:00,0.38999998569488525,0.38999998569488525,0.3659999966621399,0.3668999969959259,133829,0.0,0.0
2023-11-01 10:30:00-04:00,0.3666999936103821,0.3799000084400177,0.3666999936103821,0.36834999918937683,16913,0.0,0.0
2023-11-01 11:30:00-04:00,0.3668000102043152,0.375900000333786,0.34950000047683716,0.36000001430511475,87830,0.0,0.0
2023-11-01 12:30:00-04:00,0.3608990013599396,0.3610000014305115,0.35030001401901245,0.35600000619888306,99031,0.0,0.0
2023-11-01 13:30:00-04:00,0.35100001096725464,0.3564999997615814,0.34380000829696655,0.35600000619888306,33957,0.0,0.0
2023-11-01 14:30:00-04:00,0.34904998540878296,0.35429999232292175,0.34380000829696655,0.3499999940395355,46900,0.0,0.0
2023-11-01 15:30:00-04:00,0.3499999940395355,0.3560999929904938,0.3499999940395355,0.352400004863739,33066,0.0,0.0
2023-11-02 09:30:00-04:00,0.34709998965263367,0.36649999022483826,0.34709998965263367,0.3520109951496124,166368,0.0,0.0
2023-11-02 10:30:00-04:00,0.3520500063896179,0.36000001430511475,0.35199999809265137,0.35690000653266907,227340,0.0,0.0
2023-11-02 11:30:00-04:00,0.3521000146865845,0.35989999771118164,0.35199999809265137,0.3522000014781952,115857,0.0,0.0
2023-11-02 12:30:00-04:00,0.352400004863739,0.352400004863739,0.35199999809265137,0.3522000014781952,38412,0.0,0.0
2023-11-02 13:30:00-04:00,0.3521000146865845,0.352400004863739,0.34950000047683716,0.3513999879360199,185301,0.0,0.0
2023-11-02 14:30:00-04:00,0.35131001472473145,0.3521000146865845,0.34970998764038086,0.3500500023365021,111568,0.0,0.0
2023-11-02 15:30:00-04:00,0.35010001063346863,0.3529999852180481,0.3499000072479248,0.3499000072479248,84497,0.0,0.0
2023-11-03 09:30:00-04:00,0.35740000009536743,0.3671000003814697,0.35100001096725464,0.35920000076293945,202588,0.0,0.0
2023-11-03 10:30:00-04:00,0.35920101404190063,0.36579999327659607,0.3591099977493286,0.3593499958515167,65562,0.0,0.0
2023-11-03 11:30:00-04:00,0.3596000075340271,0.36000001430511475,0.34950000047683716,0.35475000739097595,291412,0.0,0.0
2023-11-03 12:30:00-04:00,0.35475000739097595,0.35999900102615356,0.34950000047683716,0.35245001316070557,44110,0.0,0.0
2023-11-03 13:30:00-04:00,0.35499900579452515,0.35499998927116394,0.3499000072479248,0.35269999504089355,65826,0.0,0.0
2023-11-03 14:30:00-04:00,0.3513999879360199,0.35269999504089355,0.3513999879360199,0.35269999504089355,62398,0.0,0.0
2023-11-03 15:30:00-04:00,0.352649986743927,0.36570000648498535,0.34950000047683716,0.3580000102519989,175052,0.0,0.0
2023-11-06 09:30:00-05:00,0.36399999260902405,0.4000000059604645,0.3610000014305115,0.38495001196861267,374136,0.0,0.0
2023-11-06 10:30:00-05:00,0.3849000036716461,0.39750000834465027,0.3799999952316284,0.38999998569488525,205781,0.0,0.0
2023-11-06 11:30:00-05:00,0.38999998569488525,0.3919999897480011,0.3822000026702881,0.3822000026702881,66366,0.0,0.0
2023-11-06 12:30:00-05:00,0.3822000026702881,0.3936989903450012,0.3822000026702881,0.3901999890804291,20868,0.0,0.0
2023-11-06 13:30:00-05:00,0.3903999924659729,0.4000000059604645,0.3903000056743622,0.3928999900817871,94783,0.0,0.0
2023-11-06 14:30:00-05:00,0.3928999900817871,0.4099999964237213,0.3928999900817871,0.40334999561309814,89445,0.0,0.0
2023-11-06 15:30:00-05:00,0.40290001034736633,0.40290001034736633,0.39570000767707825,0.4018999934196472,64038,0.0,0.0
2023-11-07 09:30:00-05:00,0.4129999876022339,0.4129999876022339,0.38499999046325684,0.38499999046325684,130552,0.0,0.0
2023-11-07 10:30:00-05:00,0.38499999046325684,0.39980000257492065,0.38499999046325684,0.38600000739097595,39212,0.0,0.0
2023-11-07 11:30:00-05:00,0.38600000739097595,0.39239999651908875,0.362199991941452,0.3659999966621399,73049,0.0,0.0
2023-11-07 12:30:00-05:00,0.3659999966621399,0.3734000027179718,0.3610000014305115,0.3619999885559082,26557,0.0,0.0
2023-11-07 13:30:00-05:00,0.3619999885559082,0.38999998569488525,0.3619999885559082,0.37209999561309814,64773,0.0,0.0
2023-11-07 14:30:00-05:00,0.3721500039100647,0.3776000142097473,0.3716000020503998,0.3767000138759613,48136,0.0,0.0
2023-11-07 15:30:00-05:00,0.3767000138759613,0.38269999623298645,0.3732999861240387,0.37929999828338623,53837,0.0,0.0
2023-11-08 09:30:00-05:00,0.3736000061035156,0.38420000672340393,0.3610000014305115,0.3799999952316284,87629,0.0,0.0
2023-11-08 10:30:00-05:00,0.3799999952316284,0.3799999952316284,0.3652999997138977,0.36640000343322754,31591,0.0,0.0
2023-11-08 11:30:00-05:00,0.3662000000476837,0.36739999055862427,0.36579999327659607,0.3659000098705292,20669,0.0,0.0
2023-11-08 12:30:00-05:00,0.3659999966621399,0.3659999966621399,0.36579999327659607,0.3659999966621399,9987,0.0,0.0
2023-11-08 13:30:00-05:00,0.3659000098705292,0.38109999895095825,0.3659000098705292,0.37389999628067017,39134,0.0,0.0
2023-11-08 14:30:00-05:00,0.37389999628067017,0.3962000012397766,0.3677999973297119,0.38029998540878296,161398,0.0,0.0
2023-11-08 15:30:00-05:00,0.3803499937057495,0.3849000036716461,0.3732999861240387,0.37880000472068787,45122,0.0,0.0
2023-11-09 09:30:00-05:00,0.3747999966144562,0.3799000084400177,0.357699990272522,0.367000013589859,69089,0.0,0.0
2023-11-09 10:30:00-05:00,0.367000013589859,0.37380000948905945,0.3598000109195709,0.367900013923645,85897,0.0,0.0
2023-11-09 11:30:00-05:00,0.3596000075340271,0.3677999973297119,0.3513000011444092,0.3677999973297119,19440,0.0,0.0
2023-11-09 12:30:00-05:00,0.36059999465942383,0.3700000047683716,0.35120001435279846,0.3540000021457672,46482,0.0,0.0
2023-11-09 13:30:00-05:00,0.3549500107765198,0.3549500107765198,0.351859986782074,0.352400004863739,76692,0.0,0.0
2023-11-09 14:30:00-05:00,0.352400004863739,0.35249999165534973,0.3400000035762787,0.34779998660087585,59474,0.0,0.0
2023-11-09 15:30:00-05:00,0.3521000146865845,0.3521000146865845,0.34779998660087585,0.351500004529953,26264,0.0,0.0
2023-11-10 09:30:00-05:00,0.353300005197525,0.353300005197525,0.320499986410141,0.320499986410141,207003,0.0,0.0
2023-11-10 10:30:00-05:00,0.3208000063896179,0.33320000767707825,0.3206000030040741,0.32519999146461487,92759,0.0,0.0
2023-11-10 11:30:00-05:00,0.32510000467300415,0.3314000070095062,0.3149999976158142,0.3176000118255615,121707,0.0,0.0
2023-11-10 12:30:00-05:00,0.31850001215934753,0.3237999975681305,0.31679999828338623,0.320499986410141,40550,0.0,0.0
2023-11-10 13:30:00-05:00,0.32269999384880066,0.32829999923706055,0.31709998846054077,0.32199999690055847,67992,0.0,0.0
2023-11-10 14:30:00-05:00,0.31949999928474426,0.33000001311302185,0.31949999928474426,0.3269999921321869,31332,0.0,0.0
2023-11-10 15:30:00-05:00,0.32705000042915344,0.3294999897480011,0.31790000200271606,0.31790000200271606,95664,0.0,0.0
2023-11-13 09:30:00-05:00,0.3248000144958496,0.3391000032424927,0.3190000057220459,0.32739999890327454,256852,0.0,0.0
2023-11-13 10:30:00-05:00,0.3273000121116638,0.34040001034736633,0.32510000467300415,0.3316499888896942,69565,0.0,0.0
2023-11-13 11:30:00-05:00,0.3305000066757202,0.3328999876976013,0.3260999917984009,0.3303999900817871,28661,0.0,0.0
2023-11-13 12:30:00-05:00,0.33044999837875366,0.3305000066757202,0.3303999900817871,0.3303999900817871,47436,0.0,0.0
2023-11-13 13:30:00-05:00,0.3303999900817871,0.3305000066757202,0.33009999990463257,0.3301500082015991,14447,0.0,0.0
2023-11-13 14:30:00-05:00,0.33009999990463257,0.3409000039100647,0.33000001311302185,0.3370499908924103,416858,0.0,0.0
2023-11-13 15:30:00-05:00,0.3370000123977661,0.33845001459121704,0.32670000195503235,0.32899999618530273,86604,0.0,0.0
2023-11-14 09:30:00-05:00,0.33000001311302185,0.3440000116825104,0.31060001254081726,0.328000009059906,264474,0.0,0.0
2023-11-14 10:30:00-05:00,0.3199999928474426,0.3249000012874603,0.3199999928474426,0.3224000036716461,44943,0.0,0.0
2023-11-14 11:30:00-05:00,0.3199999928474426,0.3248000144958496,0.3199999928474426,0.32199999690055847,28500,0.0,0.0
2023-11-14 12:30:00-05:00,0.32199999690055847,0.3249000012874603,0.3199999928474426,0.3226499855518341,50744,0.0,0.0
2023-11-14 13:30:00-05:00,0.3230000138282776,0.3246999979019165,0.32199999690055847,0.32199999690055847,73789,0.0,0.0
2023-11-14 14:30:00-05:00,0.32339999079704285,0.32589998841285706,0.32199999690055847,0.322299987077713,82832,0.0,0.0
2023-11-14 15:30:00-05:00,0.3199999928474426,0.3230000138282776,0.31610000133514404,0.3208000063896179,74248,0.0,0.0
2023-11-15 09:30:00-05:00,0.3199999928474426,0.3499999940395355,0.3199999928474426,0.34200000762939453,169758,0.0,0.0
2023-11-15 10:30:00-05:00,0.34200000762939453,0.34389999508857727,0.3353999853134155,0.33774998784065247,65324,0.0,0.0
2023-11-15 11:30:00-05:00,0.3353999853134155,0.3700000047683716,0.3353999853134155,0.36419999599456787,276431,0.0,0.0
2023-11-15 12:30:00-05:00,0.36500000953674316,0.3698999881744385,0.35269999504089355,0.3582499921321869,228292,0.0,0.0
2023-11-15 13:30:00-05:00,0.35899999737739563,0.3799000084400177,0.3529999852180481,0.37485000491142273,173231,0.0,0.0
2023-11-15 14:30:00-05:00,0.3799000084400177,0.39500001072883606,0.3607009947299957,0.3828499913215637,210798,0.0,0.0
2023-11-15 15:30:00-05:00,0.3828999996185303,0.39100000262260437,0.3774000108242035,0.3799999952316284,98594,0.0,0.0
2023-11-16 09:30:00-05:00,0.3700000047683716,0.3799999952316284,0.3700000047683716,0.3753499984741211,114133,0.0,0.0
2023-11-16 10:30:00-05:00,0.3797000050544739,0.39100000262260437,0.3720000088214874,0.3847000002861023,101695,0.0,0.0
2023-11-16 11:30:00-05:00,0.3878999948501587,0.3878999948501587,0.3799999952316284,0.38019999861717224,73924,0.0,0.0
2023-11-16 12:30:00-05:00,0.38054999709129333,0.3878990113735199,0.3799999952316284,0.38499999046325684,17286,0.0,0.0
2023-11-16 13:30:00-05:00,0.3869999945163727,0.39100000262260437,0.3747999966144562,0.38199999928474426,123744,0.0,0.0
2023-11-16 14:30:00-05:00,0.38199999928474426,0.38199999928474426,0.3747999966144562,0.38040000200271606,42264,0.0,0.0
2023-11-16 15:30:00-05:00,0.37779998779296875,0.38989999890327454,0.37700000405311584,0.3774999976158142,97653,0.0,0.0
2023-11-17 09:30:00-05:00,0.3700000047683716,0.3869999945163727,0.3700000047683716,0.3725000023841858,44858,0.0,0.0
2023-11-17 10:30:00-05:00,0.3725000023841858,0.383899986743927,0.3659999966621399,0.36834999918937683,203695,0.0,0.0
2023-11-17 11:30:00-05:00,0.3700000047683716,0.38359999656677246,0.3666999936103821,0.38359999656677246,57205,0.0,0.0
2023-11-17 12:30:00-05:00,0.38350000977516174,0.38350000977516174,0.37549999356269836,0.3822000026702881,64358,0.0,0.0
2023-11-17 13:30:00-05:00,0.3822000026702881,0.38600000739097595,0.38199999928474426,0.3824999928474426,113985,0.0,0.0
2023-11-17 14:30:00-05:00,0.38499999046325684,0.40610000491142273,0.3824999928474426,0.4059999883174896,287384,0.0,0.0
2023-11-17 15:30:00-05:00,0.40610000491142273,0.40610000491142273,0.39500001072883606,0.4050000011920929,179622,0.0,0.0
2023-11-20 09:30:00-05:00,0.41609999537467957,0.44999998807907104,0.41609999537467957,0.44999998807907104,347267,0.0,0.0
2023-11-20 10:30:00-05:00,0.45750001072883606,0.4860000014305115,0.45750001072883606,0.46540001034736633,256882,0.0,0.0
2023-11-20 11:30:00-05:00,0.46549999713897705,0.4699999988079071,0.4505000114440918,0.45524999499320984,85078,0.0,0.0
2023-11-20 12:30:00-05:00,0.45989999175071716,0.4620029926300049,0.4357999861240387,0.4546999931335449,120666,0.0,0.0
2023-11-20 13:30:00-05:00,0.4546999931335449,0.4797999858856201,0.45010000467300415,0.4715000092983246,227790,0.0,0.0
2023-11-20 14:30:00-05:00,0.4729999899864197,0.48500001430511475,0.4663499891757965,0.4699000120162964,137779,0.0,0.0
2023-11-20 15:30:00-05:00,0.4699000120162964,0.4749999940395355,0.46299999952316284,0.4742000102996826,84722,0.0,0.0
2023-11-21 09:30:00-05:00,0.48899999260902405,0.48899999260902405,0.4699999988079071,0.4763999879360199,203799,0.0,0.0
2023-11-21 10:30:00-05:00,0.47999998927116394,0.5,0.4699999988079071,0.49595001339912415,122943,0.0,0.0
2023-11-21 11:30:00-05:00,0.4959999918937683,0.5066999793052673,0.46549999713897705,0.478300005197525,174456,0.0,0.0
2023-11-21 12:30:00-05:00,0.48249998688697815,0.5044999718666077,0.48249998688697815,0.5023999810218811,136209,0.0,0.0
2023-11-21 13:30:00-05:00,0.5,0.5,0.47839999198913574,0.4878000020980835,63968,0.0,0.0
2023-11-21 14:30:00-05:00,0.48559999465942383,0.49000000953674316,0.47999998927116394,0.48100000619888306,48701,0.0,0.0
2023-11-21 15:30:00-05:00,0.48100000619888306,0.48590001463890076,0.44999998807907104,0.4749999940395355,59334,0.0,0.0
2023-11-22 09:30:00-05:00,0.5,0.5059999823570251,0.47450000047683716,0.4968999922275543,155683,0.0,0.0
2023-11-22 10:30:00-05:00,0.4968999922275543,0.4968999922275543,0.4715000092983246,0.48010000586509705,73059,0.0,0.0
2023-11-22 11:30:00-05:00,0.48100000619888306,0.48969998955726624,0.4715000092983246,0.4715000092983246,38943,0.0,0.0
2023-11-22 12:30:00-05:00,0.4790000021457672,0.4893999993801117,0.4715000092983246,0.48475000262260437,130086,0.0,0.0
2023-11-22 13:30:00-05:00,0.4893999993801117,0.49000000953674316,0.48010000586509705,0.49000000953674316,152816,0.0,0.0
2023-11-22 14:30:00-05:00,0.49000000953674316,0.5,0.48100000619888306,0.49994999170303345,143587,0.0,0.0
2023-11-22 15:30:00-05:00,0.5,0.5,0.48989999294281006,0.4999000132083893,120465,0.0,0.0
2023-11-24 09:30:00-05:00,0.49140000343322754,0.4948999881744385,0.4699999988079071,0.4819999933242798,146753,0.0,0.0
2023-11-24 10:30:00-05:00,0.4821999967098236,0.49480000138282776,0.47099998593330383,0.47999998927116394,62379,0.0,0.0
2023-11-24 11:30:00-05:00,0.48500001430511475,0.48510000109672546,0.4595000147819519,0.4634000062942505,57551,0.0,0.0
2023-11-27 09:30:00-05:00,0.4715000092983246,0.4749000072479248,0.450300008058548,0.450300008058548,93617,0.0,0.0
2023-11-27 10:30:00-05:00,0.45660001039505005,0.46299999952316284,0.4505999982357025,0.45399999618530273,16175,0.0,0.0
2023-11-27 11:30:00-05:00,0.4625999927520752,0.4627000093460083,0.45399999618530273,0.45829999446868896,46880,0.0,0.0
2023-11-27 12:30:00-05:00,0.45829999446868896,0.4625000059604645,0.4309999942779541,0.4350000023841858,103704,0.0,0.0
2023-11-27 13:30:00-05:00,0.4309999942779541,0.43299999833106995,0.41100001335144043,0.43299999833106995,52261,0.0,0.0
2023-11-27 14:30:00-05:00,0.4325990080833435,0.4544000029563904,0.431100994348526,0.44999998807907104,35423,0.0,0.0
2023-11-27 15:30:00-05:00,0.45329999923706055,0.4544999897480011,0.4311000108718872,0.44999998807907104,122461,0.0,0.0
2023-11-28 09:30:00-05:00,0.4300000071525574,0.4359999895095825,0.42100000381469727,0.4311000108718872,78889,0.0,0.0
2023-11-28 10:30:00-05:00,0.4311999976634979,0.5,0.4311999976634979,0.4702000021934509,177582,0.0,0.0
2023-11-28 11:30:00-05:00,0.4846000075340271,0.49000000953674316,0.4625999927520752,0.47870001196861267,88070,0.0,0.0
2023-11-28 12:30:00-05:00,0.4729999899864197,0.5,0.47200000286102295,0.4900999963283539,179114,0.0,0.0
2023-11-28 13:30:00-05:00,0.4900999963283539,0.5149000287055969,0.4900999963283539,0.5149000287055969,178747,0.0,0.0
2023-11-28 14:30:00-05:00,0.5116999745368958,0.5199999809265137,0.5059999823570251,0.5098000168800354,123230,0.0,0.0
2023-11-28 15:30:00-05:00,0.5098000168800354,0.5180000066757202,0.5059999823570251,0.5153999924659729,92481,0.0,0.0
2023-11-29 09:30:00-05:00,0.5320000052452087,0.550000011920929,0.5271000266075134,0.5281999707221985,320393,0.0,0.0
2023-11-29 10:30:00-05:00,0.527999997138977,0.5490000247955322,0.5212000012397766,0.5212000012397766,44362,0.0,0.0
2023-11-29 11:30:00-05:00,0.5223000049591064,0.548799991607666,0.5199999809265137,0.5200999975204468,34100,0.0,0.0
2023-11-29 12:30:00-05:00,0.5259000062942505,0.5299000144004822,0.5200999975204468,0.5210000276565552,72712,0.0,0.0
2023-11-29 13:30:00-05:00,0.5205000042915344,0.5286999940872192,0.5205000042915344,0.5205000042915344,62864,0.0,0.0
2023-11-29 14:30:00-05:00,0.527899980545044,0.5401999950408936,0.5205000042915344,0.532800018787384,83398,0.0,0.0
2023-11-29 15:30:00-05:00,0.5349000096321106,0.5349000096321106,0.5200999975204468,0.5200999975204468,27431,0.0,0.0
2023-11-30 09:30:00-05:00,0.5339000225067139,0.5339000225067139,0.46540001034736633,0.4796000123023987,139847,0.0,0.0
2023-11-30 10:30:00-05:00,0.4747999906539917,0.49939998984336853,0.4699999988079071,0.4812000095844269,179360,0.0,0.0
2023-11-30 11:30:00-05:00,0.4812000095844269,0.4959999918937683,0.4779999852180481,0.4779999852180481,107230,0.0,0.0
2023-11-30 12:30:00-05:00,0.4779999852180481,0.47999998927116394,0.4733000099658966,0.4796000123023987,61193,0.0,0.0
2023-11-30 13:30:00-05:00,0.4733000099658966,0.4796000123023987,0.4700999855995178,0.4706000089645386,37943,0.0,0.0
2023-11-30 14:30:00-05:00,0.47049999237060547,0.4749999940395355,0.4410000145435333,0.4410000145435333,221712,0.0,0.0
2023-11-30 15:30:00-05:00,0.43959999084472656,0.45899999141693115,0.43959999084472656,0.4496999979019165,88735,0.0,0.0
2023-12-01 09:30:00-05:00,0.4447999894618988,0.44999998807907104,0.41999998688697815,0.44999998807907104,155189,0.0,0.0
2023-12-01 10:30:00-05:00,0.4399999976158142,0.44999998807907104,0.4300000071525574,0.4390999972820282,51181,0.0,0.0
2023-12-01 11:30:00-05:00,0.4302000105381012,0.4399999976158142,0.4302000105381012,0.4387109875679016,23544,0.0,0.0
2023-12-01 12:30:00-05:00,0.43869999051094055,0.4499000012874603,0.43700000643730164,0.44020000100135803,38285,0.0,0.0
2023-12-01 13:30:00-05:00,0.4449000060558319,0.4496999979019165,0.43950000405311584,0.44449999928474426,12853,0.0,0.0
2023-12-01 14:30:00-05:00,0.43950000405311584,0.4494999945163727,0.43700000643730164,0.4399999976158142,22196,0.0,0.0
2023-12-01 15:30:00-05:00,0.4447000026702881,0.4512999951839447,0.4350000023841858,0.44999998807907104,25415,0.0,0.0
2023-12-04 09:30:00-05:00,0.47369998693466187,0.47369998693466187,0.4429999887943268,0.4429999887943268,109034,0.0,0.0
2023-12-04 10:30:00-05:00,0.4415000081062317,0.4499000012874603,0.4401000142097473,0.44200000166893005,40711,0.0,0.0
2023-12-04 11:30:00-05:00,0.44020000100135803,0.46000000834465027,0.4399999976158142,0.4438000023365021,60884,0.0,0.0
2023-12-04 12:30:00-05:00,0.4438000023365021,0.44839999079704285,0.4399999976158142,0.4399999976158142,51472,0.0,0.0
2023-12-04 13:30:00-05:00,0.4399999976158142,0.45500001311302185,0.4399999976158142,0.45100000500679016,48356,0.0,0.0
2023-12-04 14:30:00-05:00,0.4519999921321869,0.45500001311302185,0.4431999921798706,0.44999998807907104,35980,0.0,0.0
2023-12-04 15:30:00-05:00,0.44999998807907104,0.45989999175071716,0.44999998807907104,0.45989999175071716,24382,0.0,0.0
2023-12-05 09:30:00-05:00,0.4399999976158142,0.455251008272171,0.4350000023841858,0.45249900221824646,121634,0.0,0.0
2023-12-05 10:30:00-05:00,0.44999998807907104,0.45500001311302185,0.4449999928474426,0.4499500095844269,31281,0.0,0.0
2023-12-05 11:30:00-05:00,0.4449999928474426,0.454800009727478,0.4449999928474426,0.44999998807907104,32953,0.0,0.0
2023-12-05 12:30:00-05:00,0.44999998807907104,0.4546000063419342,0.44600000977516174,0.4523000121116638,56663,0.0,0.0
2023-12-05 13:30:00-05:00,0.452349990606308,0.4546000063419342,0.4399999976158142,0.4544999897480011,87839,0.0,0.0
2023-12-05 14:30:00-05:00,0.4474000036716461,0.4544999897480011,0.44020000100135803,0.44999998807907104,70866,0.0,0.0
2023-12-05 15:30:00-05:00,0.44999998807907104,0.4546999931335449,0.44029998779296875,0.44029998779296875,76287,0.0,0.0
2023-12-06 09:30:00-05:00,0.4399999976158142,0.4399999976158142,0.41100001335144043,0.41499999165534973,160930,0.0,0.0
2023-12-06 10:30:00-05:00,0.41449999809265137,0.4399999976158142,0.41449999809265137,0.4399000108242035,50216,0.0,0.0
2023-12-06 11:30:00-05:00,0.4230000078678131,0.46000000834465027,0.4230000078678131,0.45010000467300415,321348,0.0,0.0
2023-12-06 12:30:00-05:00,0.45989999175071716,0.4699999988079071,0.44609999656677246,0.45010000467300415,198499,0.0,0.0
2023-12-06 13:30:00-05:00,0.4525499939918518,0.45500001311302185,0.44609999656677246,0.4514999985694885,59457,0.0,0.0
2023-12-06 14:30:00-05:00,0.44999998807907104,0.45190000534057617,0.4399999976158142,0.44255000352859497,106636,0.0,0.0
2023-12-06 15:30:00-05:00,0.4429999887943268,0.4429999887943268,0.4260999858379364,0.42899999022483826,117715,0.0,0.0
2023-12-07 09:30:00-05:00,0.4426000118255615,0.4426000118255615,0.41499999165534973,0.4172999858856201,139105,0.0,0.0
2023-12-07 10:30:00-05:00,0.4169999957084656,0.41999998688697815,0.40700000524520874,0.4092000126838684,129634,0.0,0.0
2023-12-07 11:30:00-05:00,0.4092000126838684,0.4099999964237213,0.4083999991416931,0.4090999960899353,72341,0.0,0.0
2023-12-07 12:30:00-05:00,0.4092000126838684,0.4300000071525574,0.4050000011920929,0.4074999988079071,219243,0.0,0.0
2023-12-07 13:30:00-05:00,0.40744999051094055,0.4099999964237213,0.38999998569488525,0.3959999978542328,228649,0.0,0.0
2023-12-07 14:30:00-05:00,0.39989998936653137,0.4050000011920929,0.382099986076355,0.39980000257492065,416581,0.0,0.0
2023-12-07 15:30:00-05:00,0.39980000257492065,0.39989998936653137,0.3968999981880188,0.39800000190734863,57100,0.0,0.0
2023-12-08 09:30:00-05:00,0.41499999165534973,0.41999998688697815,0.3849000036716461,0.3874000012874603,256441,0.0,0.0
2023-12-08 10:30:00-05:00,0.38999998569488525,0.38999998569488525,0.36500000953674316,0.3781000077724457,203734,0.0,0.0
2023-12-08 11:30:00-05:00,0.3779999911785126,0.3799999952316284,0.3732999861240387,0.3734000027179718,72521,0.0,0.0
2023-12-08 12:30:00-05:00,0.3736000061035156,0.3846000134944916,0.3734999895095825,0.3846000134944916,184238,0.0,0.0
2023-12-08 13:30:00-05:00,0.38830000162124634,0.4004000127315521,0.387800008058548,0.39410001039505005,466379,0.0,0.0
2023-12-08 14:30:00-05:00,0.39399999380111694,0.4246000051498413,0.3939000070095062,0.41990000009536743,312440,0.0,0.0
2023-12-08 15:30:00-05:00,0.4198499917984009,0.42500001192092896,0.4047999978065491,0.41999998688697815,126193,0.0,0.0
2023-12-11 09:30:00-05:00,0.42500001192092896,0.4300000071525574,0.3799999952316284,0.3815000057220459,3063445,0.0,0.0
2023-12-11 10:30:00-05:00,0.3856000006198883,0.38656800985336304,0.36039999127388,0.3801000118255615,1225197,0.0,0.0
2023-12-11 11:30:00-05:00,0.3801000118255615,0.4099999964237213,0.3799999952316284,0.382999986410141,185759,0.0,0.0
2023-12-11 12:30:00-05:00,0.38349899649620056,0.3848010003566742,0.37040001153945923,0.37275001406669617,171697,0.0,0.0
2023-12-11 13:30:00-05:00,0.37049999833106995,0.3882000148296356,0.3702999949455261,0.3799999952316284,259396,0.0,0.0
2023-12-11 14:30:00-05:00,0.37755000591278076,0.38109999895095825,0.3702000081539154,0.3799999952316284,203476,0.0,0.0
2023-12-11 15:30:00-05:00,0.3799999952316284,0.3801000118255615,0.3668999969959259,0.3682999908924103,232283,0.0,0.0
2023-12-12 09:30:00-05:00,0.36000001430511475,0.38100001215934753,0.3377000093460083,0.34630000591278076,525850,0.0,0.0
2023-12-12 10:30:00-05:00,0.34599998593330383,0.34630000591278076,0.3310000002384186,0.33799999952316284,374639,0.0,0.0
2023-12-12 11:30:00-05:00,0.33799999952316284,0.35910001397132874,0.33000001311302185,0.35899999737739563,423615,0.0,0.0
2023-12-12 12:30:00-05:00,0.35910001397132874,0.35910001397132874,0.3400000035762787,0.3499999940395355,126143,0.0,0.0
2023-12-12 13:30:00-05:00,0.3499999940395355,0.3587000072002411,0.34459999203681946,0.3499999940395355,157703,0.0,0.0
2023-12-12 14:30:00-05:00,0.34529998898506165,0.36559998989105225,0.3400000035762787,0.36010000109672546,186419,0.0,0.0
2023-12-12 15:30:00-05:00,0.36010000109672546,0.3675000071525574,0.34880000352859497,0.3492000102996826,145782,0.0,0.0
2023-12-13 09:30:00-05:00,0.35499998927116394,0.38999998569488525,0.35499998927116394,0.36800000071525574,761858,0.0,0.0
2023-12-13 10:30:00-05:00,0.3799999952316284,0.39969998598098755,0.3675000071525574,0.390500009059906,300445,0.0,0.0
2023-12-13 11:30:00-05:00,0.38999998569488525,0.4050000011920929,0.3831000030040741,0.39500001072883606,672972,0.0,0.0
2023-12-13 12:30:00-05:00,0.39500001072883606,0.4099999964237213,0.39500001072883606,0.39500001072883606,338138,0.0,0.0
2023-12-13 13:30:00-05:00,0.4000000059604645,0.40799999237060547,0.39500001072883606,0.4000000059604645,647092,0.0,0.0
2023-12-13 14:30:00-05:00,0.4032999873161316,0.4058000147342682,0.4000000059604645,0.4049000144004822,200702,0.0,0.0
2023-12-13 15:30:00-05:00,0.4050000011920929,0.4074999988079071,0.3824999928474426,0.3824999928474426,403179,0.0,0.0
2023-12-14 09:30:00-05:00,0.4097999930381775,0.4099999964237213,0.38100001215934753,0.3930000066757202,306116,0.0,0.0
2023-12-14 10:30:00-05:00,0.3839769959449768,0.4000000059604645,0.3839769959449768,0.398499995470047,84520,0.0,0.0
2023-12-14 11:30:00-05:00,0.39899998903274536,0.4099999964237213,0.39899998903274536,0.4043000042438507,153114,0.0,0.0
2023-12-14 12:30:00-05:00,0.4059000015258789,0.40639999508857727,0.38999998569488525,0.40119999647140503,200044,0.0,0.0
2023-12-14 13:30:00-05:00,0.4012010097503662,0.40400001406669617,0.39800000190734863,0.4009999930858612,100165,0.0,0.0
2023-12-14 14:30:00-05:00,0.3982999920845032,0.40369999408721924,0.3982999920845032,0.40119999647140503,76641,0.0,0.0
2023-12-14 15:30:00-05:00,0.4016000032424927,0.40230000019073486,0.3995000123977661,0.40230000019073486,132880,0.0,0.0
2023-12-15 09:30:00-05:00,0.4099999964237213,0.413085013628006,0.38499999046325684,0.3921000063419342,196692,0.0,0.0
2023-12-15 10:30:00-05:00,0.3921000063419342,0.40149998664855957,0.38999998569488525,0.3922010064125061,495821,0.0,0.0
2023-12-15 11:30:00-05:00,0.3930000066757202,0.39989998936653137,0.38999998569488525,0.39879998564720154,93044,0.0,0.0
2023-12-15 12:30:00-05:00,0.3935999870300293,0.4009999930858612,0.3935000002384186,0.4009999930858612,271519,0.0,0.0
2023-12-15 13:30:00-05:00,0.4000000059604645,0.40299999713897705,0.39410001039505005,0.3953999876976013,241263,0.0,0.0
2023-12-15 14:30:00-05:00,0.3953999876976013,0.40810298919677734,0.3953999876976013,0.4066999852657318,344154,0.0,0.0
2023-12-15 15:30:00-05:00,0.4066999852657318,0.40799999237060547,0.38499999046325684,0.4020000100135803,320224,0.0,0.0
2023-12-18 09:30:00-05:00,0.4000999927520752,0.41499999165534973,0.39399999380111694,0.4043000042438507,163521,0.0,0.0
2023-12-18 10:30:00-05:00,0.4043000042438507,0.41999998688697815,0.39590099453926086,0.4020499885082245,278347,0.0,0.0
2023-12-18 11:30:00-05:00,0.4059999883174896,0.4059999883174896,0.39809998869895935,0.4000000059604645,186946,0.0,0.0
2023-12-18 12:30:00-05:00,0.39980000257492065,0.40049999952316284,0.39969998598098755,0.40015000104904175,320010,0.0,0.0
2023-12-18 13:30:00-05:00,0.4002000093460083,0.4002000093460083,0.39399999380111694,0.4000000059604645,237283,0.0,0.0
2023-12-18 14:30:00-05:00,0.4000000059604645,0.4000999927520752,0.3995000123977661,0.3999989926815033,47230,0.0,0.0
2023-12-18 15:30:00-05:00,0.39989998936653137,0.4000000059604645,0.39879998564720154,0.4000000059604645,105089,0.0,0.0
2023-12-19 09:30:00-05:00,0.41339999437332153,0.41370001435279846,0.39100000262260437,0.4000000059604645,121273,0.0,0.0
2023-12-19 10:30:00-05:00,0.39890000224113464,0.4000000059604645,0.3880000114440918,0.39010000228881836,159970,0.0,0.0
2023-12-19 11:30:00-05:00,0.38999998569488525,0.3919000029563904,0.37229999899864197,0.3862000107765198,268021,0.0,0.0
2023-12-19 12:30:00-05:00,0.3808000087738037,0.39500001072883606,0.3774999976158142,0.3939000070095062,119607,0.0,0.0
2023-12-19 13:30:00-05:00,0.39399999380111694,0.4000000059604645,0.3905999958515167,0.39250001311302185,79746,0.0,0.0
2023-12-19 14:30:00-05:00,0.3924500048160553,0.3968000113964081,0.3873000144958496,0.3873000144958496,74688,0.0,0.0
2023-12-19 15:30:00-05:00,0.3873000144958496,0.40799999237060547,0.3873000144958496,0.40799999237060547,172971,0.0,0.0
2023-12-20 09:30:00-05:00,0.3783999979496002,0.39989998936653137,0.3783999979496002,0.388700008392334,251739,0.0,0.0
2023-12-20 10:30:00-05:00,0.39500001072883606,0.39500001072883606,0.38429999351501465,0.3889999985694885,45548,0.0,0.0
2023-12-20 11:30:00-05:00,0.3889000117778778,0.3889999985694885,0.3813000023365021,0.3813000023365021,35066,0.0,0.0
2023-12-20 12:30:00-05:00,0.3813000023365021,0.38510000705718994,0.376800000667572,0.3772999942302704,241388,0.0,0.0
2023-12-20 13:30:00-05:00,0.3779999911785126,0.38269999623298645,0.37310099601745605,0.3812499940395355,199247,0.0,0.0
2023-12-20 14:30:00-05:00,0.38260000944137573,0.38350000977516174,0.3700999915599823,0.37689998745918274,142155,0.0,0.0
2023-12-20 15:30:00-05:00,0.3750999867916107,0.3788999915122986,0.3711000084877014,0.373199999332428,57579,0.0,0.0
2023-12-21 09:30:00-05:00,0.3700000047683716,0.3939000070095062,0.36000001430511475,0.38989999890327454,454123,0.0,0.0
2023-12-21 10:30:00-05:00,0.38989999890327454,0.38989999890327454,0.375,0.3762499988079071,108674,0.0,0.0
2023-12-21 11:30:00-05:00,0.3774999976158142,0.3799999952316284,0.37049999833106995,0.3785000145435333,51343,0.0,0.0
2023-12-21 12:30:00-05:00,0.37700000405311584,0.3799999952316284,0.37700000405311584,0.3785000145435333,65286,0.0,0.0
2023-12-21 13:30:00-05:00,0.37700000405311584,0.38830000162124634,0.37700000405311584,0.3811500072479248,84089,0.0,0.0
2023-12-21 14:30:00-05:00,0.37779998779296875,0.4083000123500824,0.37779998779296875,0.4050000011920929,213164,0.0,0.0
2023-12-21 15:30:00-05:00,0.40724998712539673,0.476500004529953,0.40299999713897705,0.4555000066757202,1644729,0.0,0.0
2023-12-22 09:30:00-05:00,0.4724000096321106,0.47999998927116394,0.4410000145435333,0.4415000081062317,248453,0.0,0.0
2023-12-22 10:30:00-05:00,0.4415000081062317,0.4449999928474426,0.4300000071525574,0.4366999864578247,70215,0.0,0.0
2023-12-22 11:30:00-05:00,0.4366999864578247,0.45509999990463257,0.4366999864578247,0.4546999931335449,135840,0.0,0.0
2023-12-22 12:30:00-05:00,0.4546999931335449,0.4697990119457245,0.44999998807907104,0.4562999904155731,201186,0.0,0.0
2023-12-22 13:30:00-05:00,0.45570001006126404,0.46480000019073486,0.4514999985694885,0.460099995136261,38707,0.0,0.0
2023-12-22 14:30:00-05:00,0.460099995136261,0.46480000019073486,0.4505000114440918,0.4505000114440918,92684,0.0,0.0
2023-12-22 15:30:00-05:00,0.4505000114440918,0.46000000834465027,0.44130000472068787,0.4438000023365021,66444,0.0,0.0
2023-12-26 09:30:00-05:00,0.4699999988079071,0.4699999988079071,0.44440099596977234,0.4591499865055084,408630,0.0,0.0
2023-12-26 10:30:00-05:00,0.45829999446868896,0.4659999907016754,0.4537000060081482,0.45730000734329224,209990,0.0,0.0
2023-12-26 11:30:00-05:00,0.45730000734329224,0.46000000834465027,0.4410000145435333,0.453000009059906,201095,0.0,0.0
2023-12-26 12:30:00-05:00,0.45010000467300415,0.4596000015735626,0.44999998807907104,0.45809999108314514,117221,0.0,0.0
2023-12-26 13:30:00-05:00,0.45210000872612,0.459199994802475,0.44999998807907104,0.4544999897480011,129829,0.0,0.0
2023-12-26 14:30:00-05:00,0.4544999897480011,0.45840001106262207,0.44999998807907104,0.4544999897480011,154786,0.0,0.0
2023-12-26 15:30:00-05:00,0.4544999897480011,0.4569999873638153,0.4481000006198883,0.45010000467300415,268911,0.0,0.0
2023-12-27 09:30:00-05:00,0.46000000834465027,0.4796999990940094,0.45890000462532043,0.45890000462532043,436853,0.0,0.0
2023-12-27 10:30:00-05:00,0.4580000042915344,0.46239998936653137,0.44200000166893005,0.4509499967098236,387044,0.0,0.0
2023-12-27 11:30:00-05:00,0.45249998569488525,0.47099998593330383,0.4521999955177307,0.454800009727478,82115,0.0,0.0
2023-12-27 12:30:00-05:00,0.4544000029563904,0.4713999927043915,0.4544000029563904,0.460999995470047,174155,0.0,0.0
2023-12-27 13:30:00-05:00,0.4544000029563904,0.46790000796318054,0.44999998807907104,0.45500001311302185,110887,0.0,0.0
2023-12-27 14:30:00-05:00,0.45559999346733093,0.4777989983558655,0.450300008058548,0.4740999937057495,217678,0.0,0.0
2023-12-27 15:30:00-05:00,0.47369998693466187,0.47450000047683716,0.46000000834465027,0.4690000116825104,162024,0.0,0.0
2023-12-28 09:30:00-05:00,0.4700999855995178,0.5299999713897705,0.4700999855995178,0.5080000162124634,365667,0.0,0.0
2023-12-28 10:30:00-05:00,0.5090000033378601,0.5099999904632568,0.47200000286102295,0.49470001459121704,312846,0.0,0.0
2023-12-28 11:30:00-05:00,0.4952999949455261,0.5099999904632568,0.49230000376701355,0.5055000185966492,209268,0.0,0.0
2023-12-28 12:30:00-05:00,0.5011000037193298,0.5199999809265137,0.5011000037193298,0.5128999948501587,175506,0.0,0.0
2023-12-28 13:30:00-05:00,0.5149999856948853,0.5396999716758728,0.5149999856948853,0.5263500213623047,260509,0.0,0.0
2023-12-28 14:30:00-05:00,0.5289989709854126,0.5289999842643738,0.5199999809265137,0.5263000130653381,134371,0.0,0.0
2023-12-28 15:30:00-05:00,0.5289999842643738,0.5396999716758728,0.5285000205039978,0.5393000245094299,151726,0.0,0.0
2023-12-29 09:30:00-05:00,0.5335000157356262,0.550000011920929,0.5335000157356262,0.5449000000953674,241672,0.0,0.0
2023-12-29 10:30:00-05:00,0.5410000085830688,0.5450000166893005,0.5300999879837036,0.535099983215332,681095,0.0,0.0
2023-12-29 11:30:00-05:00,0.535099983215332,0.5467000007629395,0.535099983215332,0.5461000204086304,147342,0.0,0.0
2023-12-29 12:30:00-05:00,0.550000011920929,0.5899999737739563,0.5461000204086304,0.5899999737739563,306926,0.0,0.0
2023-12-29 13:30:00-05:00,0.5809999704360962,0.6191999912261963,0.5800999999046326,0.5902000069618225,337970,0.0,0.0
2023-12-29 14:30:00-05:00,0.6000000238418579,0.6279000043869019,0.5900999903678894,0.6140000224113464,199660,0.0,0.0
2023-12-29 15:30:00-05:00,0.6074010133743286,0.625,0.6074010133743286,0.625,122534,0.0,0.0
2024-01-02 09:30:00-05:00,0.6793000102043152,0.7400000095367432,0.6600000262260437,0.7204999923706055,786113,0.0,0.0
2024-01-02 10:30:00-05:00,0.7204999923706055,0.7400000095367432,0.6837000250816345,0.699999988079071,389250,0.0,0.0
2024-01-02 11:30:00-05:00,0.699999988079071,0.7099000215530396,0.6899499893188477,0.7099000215530396,183943,0.0,0.0
2024-01-02 12:30:00-05:00,0.7099000215530396,0.7199000120162964,0.699999988079071,0.7006999850273132,226736,0.0,0.0
2024-01-02 13:30:00-05:00,0.708899974822998,0.708899974822998,0.6456000208854675,0.6456000208854675,308775,0.0,0.0
2024-01-02 14:30:00-05:00,0.6600000262260437,0.6665999889373779,0.6251000165939331,0.6370999813079834,232313,0.0,0.0
2024-01-02 15:30:00-05:00,0.6456000208854675,0.6456000208854675,0.6251000165939331,0.6251999735832214,136368,0.0,0.0
2024-01-03 09:30:00-05:00,0.6345000267028809,0.6480000019073486,0.5633000135421753,0.5924999713897705,651236,0.0,0.0
2024-01-03 10:30:00-05:00,0.5910000205039978,0.5910000205039978,0.5800999999046326,0.5874999761581421,86447,0.0,0.0
2024-01-03 11:30:00-05:00,0.5898000001907349,0.6000000238418579,0.5874999761581421,0.5978999733924866,136263,0.0,0.0
2024-01-03 12:30:00-05:00,0.5978000164031982,0.5989000201225281,0.5799999833106995,0.5857999920845032,69779,0.0,0.0
2024-01-03 13:30:00-05:00,0.5857999920845032,0.5858500003814697,0.5799999833106995,0.585349977016449,64321,0.0,0.0
2024-01-03 14:30:00-05:00,0.5853999853134155,0.5989000201225281,0.5853000283241272,0.5917999744415283,84473,0.0,0.0
2024-01-03 15:30:00-05:00,0.5899999737739563,0.593999981880188,0.5849999785423279,0.5849999785423279,47674,0.0,0.0
2024-01-04 09:30:00-05:00,0.6100000143051147,0.6100000143051147,0.5878000259399414,0.5989999771118164,252094,0.0,0.0
2024-01-04 10:30:00-05:00,0.5945990085601807,0.6075999736785889,0.574999988079071,0.6057000160217285,137161,0.0,0.0
2024-01-04 11:30:00-05:00,0.6001999974250793,0.6238999962806702,0.5999000072479248,0.6162999868392944,73839,0.0,0.0
2024-01-04 12:30:00-05:00,0.6162999868392944,0.6581000089645386,0.6100000143051147,0.6565999984741211,193330,0.0,0.0
2024-01-04 13:30:00-05:00,0.6565999984741211,0.6748999953269958,0.6455000042915344,0.6650000214576721,250146,0.0,0.0
2024-01-04 14:30:00-05:00,0.6650999784469604,0.6743999719619751,0.6507999897003174,0.6579999923706055,82602,0.0,0.0
2024-01-04 15:30:00-05:00,0.6499999761581421,0.6650000214576721,0.6478000283241272,0.657800018787384,136665,0.0,0.0
2024-01-05 09:30:00-05:00,0.6499999761581421,0.6870999932289124,0.6061000227928162,0.6360999941825867,498231,0.0,0.0
2024-01-05 10:30:00-05:00,0.6360499858856201,0.6514999866485596,0.6305000185966492,0.6402000188827515,49512,0.0,0.0
2024-01-05 11:30:00-05:00,0.6402000188827515,0.6478000283241272,0.6100000143051147,0.6104999780654907,97263,0.0,0.0
2024-01-05 12:30:00-05:00,0.6129999756813049,0.6299999952316284,0.593999981880188,0.6298999786376953,85103,0.0,0.0
2024-01-05 13:30:00-05:00,0.6159999966621399,0.6298999786376953,0.6050999760627747,0.6182000041007996,50150,0.0,0.0
2024-01-05 14:30:00-05:00,0.6116999983787537,0.6205999851226807,0.6105999946594238,0.6129999756813049,33599,0.0,0.0
2024-01-05 15:30:00-05:00,0.6132000088691711,0.6248999834060669,0.6019999980926514,0.6025000214576721,122372,0.0,0.0
2024-01-08 09:30:00-05:00,0.6899999976158142,0.7099000215530396,0.6119999885559082,0.6119999885559082,863722,0.0,0.0
2024-01-08 10:30:00-05:00,0.6119999885559082,0.6119999885559082,0.5110999941825867,0.550000011920929,814405,0.0,0.0
2024-01-08 11:30:00-05:00,0.5509999990463257,0.6399000287055969,0.5400000214576721,0.6325989961624146,744216,0.0,0.0
2024-01-08 12:30:00-05:00,0.6348999738693237,0.6800000071525574,0.6299999952316284,0.6748989820480347,424316,0.0,0.0
2024-01-08 13:30:00-05:00,0.672510027885437,0.6775000095367432,0.6610000133514404,0.6697999835014343,243595,0.0,0.0
2024-01-08 14:30:00-05:00,0.6626999974250793,0.6717000007629395,0.6610999703407288,0.6650000214576721,92782,0.0,0.0
2024-01-08 15:30:00-05:00,0.6650000214576721,0.6700000166893005,0.6547499895095825,0.6614999771118164,198769,0.0,0.0
2024-01-09 09:30:00-05:00,0.6599000096321106,0.6600000262260437,0.6299999952316284,0.6484000086784363,165769,0.0,0.0
2024-01-09 10:30:00-05:00,0.6412000060081482,0.6499999761581421,0.6320000290870667,0.6326000094413757,63098,0.0,0.0
2024-01-09 11:30:00-05:00,0.6326000094413757,0.6549000144004822,0.6309999823570251,0.6548900008201599,283807,0.0,0.0
2024-01-09 12:30:00-05:00,0.6546000242233276,0.6700000166893005,0.6500999927520752,0.6689000129699707,95570,0.0,0.0
2024-01-09 13:30:00-05:00,0.6690000295639038,0.6699000000953674,0.660099983215332,0.6627500057220459,136468,0.0,0.0
2024-01-09 14:30:00-05:00,0.6621000170707703,0.6669999957084656,0.625,0.6439999938011169,259419,0.0,0.0
2024-01-09 15:30:00-05:00,0.6439999938011169,0.6561999917030334,0.6439999938011169,0.6503999829292297,297047,0.0,0.0
2024-01-10 09:30:00-05:00,0.6680999994277954,0.6680999994277954,0.6399999856948853,0.6499999761581421,137732,0.0,0.0
2024-01-10 10:30:00-05:00,0.6460000276565552,0.6499000191688538,0.6299999952316284,0.630050003528595,141798,0.0,0.0
2024-01-10 11:30:00-05:00,0.6299999952316284,0.6424999833106995,0.625,0.6315000057220459,112783,0.0,0.0
2024-01-10 12:30:00-05:00,0.6315000057220459,0.6315000057220459,0.6150000095367432,0.6170009970664978,54751,0.0,0.0
2024-01-10 13:30:00-05:00,0.6179999709129333,0.6376000046730042,0.6110000014305115,0.6371999979019165,104464,0.0,0.0
2024-01-10 14:30:00-05:00,0.6373000144958496,0.6489999890327454,0.6259999871253967,0.6394000053405762,82528,0.0,0.0
2024-01-10 15:30:00-05:00,0.6388999819755554,0.6399000287055969,0.6320000290870667,0.6320000290870667,87901,0.0,0.0
2024-01-11 09:30:00-05:00,0.6373000144958496,0.6488000154495239,0.5799999833106995,0.5902000069618225,294098,0.0,0.0
2024-01-11 10:30:00-05:00,0.5902000069618225,0.614300012588501,0.585099995136261,0.6061499714851379,106718,0.0,0.0
2024-01-11 11:30:00-05:00,0.6098999977111816,0.6172000169754028,0.590399980545044,0.6071500182151794,83954,0.0,0.0
2024-01-11 12:30:00-05:00,0.5989999771118164,0.6172999739646912,0.5989999771118164,0.6102499961853027,7340,0.0,0.0
2024-01-11 13:30:00-05:00,0.6032999753952026,0.6467000246047974,0.5989999771118164,0.6430500149726868,123380,0.0,0.0
2024-01-11 14:30:00-05:00,0.6431000232696533,0.6890000104904175,0.6376000046730042,0.6732500195503235,719088,0.0,0.0
2024-01-11 15:30:00-05:00,0.6729999780654907,0.6743990182876587,0.6499999761581421,0.659600019454956,151939,0.0,0.0
2024-01-12 09:30:00-05:00,0.6744999885559082,0.6820999979972839,0.660099983215332,0.6698989868164062,162330,0.0,0.0
2024-01-12 10:30:00-05:00,0.6601999998092651,0.6700000166893005,0.6501010060310364,0.6622499823570251,172448,0.0,0.0
2024-01-12 11:30:00-05:00,0.6622499823570251,0.6644999980926514,0.6499999761581421,0.6599000096321106,107653,0.0,0.0
2024-01-12 12:30:00-05:00,0.6510999798774719,0.6510999798774719,0.6299999952316284,0.6360499858856201,96359,0.0,0.0
2024-01-12 13:30:00-05:00,0.6399999856948853,0.6399999856948853,0.6309999823570251,0.6399000287055969,104241,0.0,0.0
2024-01-12 14:30:00-05:00,0.6399000287055969,0.6399999856948853,0.6310399770736694,0.6399000287055969,55154,0.0,0.0
2024-01-12 15:30:00-05:00,0.6377000212669373,0.6399999856948853,0.6215000152587891,0.6216999888420105,221733,0.0,0.0
2024-01-16 09:30:00-05:00,0.6535999774932861,0.6545000076293945,0.6000000238418579,0.6200000047683716,202038,0.0,0.0
2024-01-16 10:30:00-05:00,0.6269999742507935,0.6297000050544739,0.6019999980926514,0.6019999980926514,77878,0.0,0.0
2024-01-16 11:30:00-05:00,0.6113510131835938,0.6198999881744385,0.6019999980926514,0.6075000166893005,71290,0.0,0.0
2024-01-16 12:30:00-05:00,0.6100000143051147,0.6198999881744385,0.6000000238418579,0.6100000143051147,76716,0.0,0.0
2024-01-16 13:30:00-05:00,0.6050999760627747,0.6189000010490417,0.6050000190734863,0.6086000204086304,47771,0.0,0.0
2024-01-16 14:30:00-05:00,0.6100000143051147,0.6197999715805054,0.6072099804878235,0.616798996925354,18471,0.0,0.0
2024-01-16 15:30:00-05:00,0.6079999804496765,0.6159999966621399,0.5954999923706055,0.6147000193595886,111957,0.0,0.0
2024-01-17 09:30:00-05:00,0.5920000076293945,0.6079999804496765,0.5705000162124634,0.5849999785423279,248150,0.0,0.0
2024-01-17 10:30:00-05:00,0.5799999833106995,0.5899999737739563,0.5730000138282776,0.5845500230789185,56394,0.0,0.0
2024-01-17 11:30:00-05:00,0.582099974155426,0.5889999866485596,0.5759999752044678,0.5800999999046326,42675,0.0,0.0
2024-01-17 12:30:00-05:00,0.5800999999046326,0.5849000215530396,0.5561000108718872,0.5669999718666077,117004,0.0,0.0
2024-01-17 13:30:00-05:00,0.5690000057220459,0.5690000057220459,0.5561000108718872,0.5601000189781189,63683,0.0,0.0
2024-01-17 14:30:00-05:00,0.5640000104904175,0.5680000185966492,0.5534999966621399,0.5601009726524353,41050,0.0,0.0
2024-01-17 15:30:00-05:00,0.5609999895095825,0.5950000286102295,0.5600000023841858,0.5950000286102295,129226,0.0,0.0
2024-01-18 09:30:00-05:00,0.5753999948501587,0.5976999998092651,0.5753999948501587,0.5902000069618225,106401,0.0,0.0
2024-01-18 10:30:00-05:00,0.5901989936828613,0.6000000238418579,0.5759999752044678,0.5759999752044678,49133,0.0,0.0
2024-01-18 11:30:00-05:00,0.574999988079071,0.5895000100135803,0.574999988079071,0.5817999839782715,18331,0.0,0.0
2024-01-18 12:30:00-05:00,0.5817999839782715,0.5892000198364258,0.5605000257492065,0.5609999895095825,80184,0.0,0.0
2024-01-18 13:30:00-05:00,0.5674999952316284,0.5892000198364258,0.5619999766349792,0.5851410031318665,280256,0.0,0.0
2024-01-18 14:30:00-05:00,0.5892000198364258,0.5939000248908997,0.585099995136261,0.5864999890327454,56433,0.0,0.0
2024-01-18 15:30:00-05:00,0.5863999724388123,0.6093000173568726,0.5838500261306763,0.6093000173568726,219559,0.0,0.0
2024-01-19 09:30:00-05:00,0.5989999771118164,0.6100000143051147,0.5716000199317932,0.5891000032424927,141869,0.0,0.0
2024-01-19 10:30:00-05:00,0.5805000066757202,0.6000000238418579,0.5720009803771973,0.5899999737739563,170854,0.0,0.0
2024-01-19 11:30:00-05:00,0.5879999995231628,0.5879999995231628,0.5716000199317932,0.583299994468689,84284,0.0,0.0
2024-01-19 12:30:00-05:00,0.5833500027656555,0.5867000222206116,0.5745999813079834,0.5809999704360962,47733,0.0,0.0
2024-01-19 13:30:00-05:00,0.5810099840164185,0.5995000004768372,0.5770000219345093,0.5874999761581421,64669,0.0,0.0
2024-01-19 14:30:00-05:00,0.5899999737739563,0.6045989990234375,0.585099995136261,0.5953999757766724,72889,0.0,0.0
2024-01-19 15:30:00-05:00,0.5992000102996826,0.5992000102996826,0.5899999737739563,0.5947999954223633,46132,0.0,0.0
2024-01-22 09:30:00-05:00,0.5910000205039978,0.5999000072479248,0.5751000046730042,0.5812000036239624,97694,0.0,0.0
2024-01-22 10:30:00-05:00,0.5809999704360962,0.5989999771118164,0.5802000164985657,0.5895509719848633,23454,0.0,0.0
2024-01-22 11:30:00-05:00,0.5827000141143799,0.5960000157356262,0.5799999833106995,0.5956000089645386,67190,0.0,0.0
2024-01-22 12:30:00-05:00,0.5830000042915344,0.593999981880188,0.5830000042915344,0.5849999785423279,21642,0.0,0.0
2024-01-22 13:30:00-05:00,0.5860000252723694,0.5878000259399414,0.5799999833106995,0.5799999833106995,27175,0.0,0.0
2024-01-22 14:30:00-05:00,0.5800999999046326,0.5857999920845032,0.5705999732017517,0.5751000046730042,36801,0.0,0.0
2024-01-22 15:30:00-05:00,0.5799999833106995,0.5922999978065491,0.5774999856948853,0.5799999833106995,261191,0.0,0.0
2024-01-23 09:30:00-05:00,0.5727999806404114,0.5989000201225281,0.5609999895095825,0.5899999737739563,117173,0.0,0.0
2024-01-23 10:30:00-05:00,0.5816500186920166,0.5889999866485596,0.5534999966621399,0.5799000263214111,42354,0.0,0.0
2024-01-23 11:30:00-05:00,0.5710999965667725,0.5801029801368713,0.5710999965667725,0.5789999961853027,17767,0.0,0.0
2024-01-23 12:30:00-05:00,0.5789999961853027,0.5795999765396118,0.5720000267028809,0.5778999924659729,17200,0.0,0.0
2024-01-23 13:30:00-05:00,0.5753999948501587,0.5874999761581421,0.5746260285377502,0.5846999883651733,45235,0.0,0.0
2024-01-23 14:30:00-05:00,0.5874999761581421,0.5874999761581421,0.5759999752044678,0.5799999833106995,22723,0.0,0.0
2024-01-23 15:30:00-05:00,0.5850989818572998,0.5852000117301941,0.574999988079071,0.574999988079071,12909,0.0,0.0
2024-01-24 09:30:00-05:00,0.574999988079071,0.5871000289916992,0.5547999739646912,0.5559999942779541,133639,0.0,0.0
2024-01-24 10:30:00-05:00,0.5559999942779541,0.5697000026702881,0.5559999942779541,0.5611000061035156,51696,0.0,0.0
2024-01-24 11:30:00-05:00,0.5611000061035156,0.5745000243186951,0.5611000061035156,0.5649999976158142,194055,0.0,0.0
2024-01-24 12:30:00-05:00,0.5613999962806702,0.5799999833106995,0.5613999962806702,0.5640000104904175,32605,0.0,0.0
2024-01-24 13:30:00-05:00,0.5649999976158142,0.5797989964485168,0.5633999705314636,0.5789999961853027,26497,0.0,0.0
2024-01-24 14:30:00-05:00,0.5659999847412109,0.5774999856948853,0.5655999779701233,0.5770000219345093,43479,0.0,0.0
2024-01-24 15:30:00-05:00,0.5701000094413757,0.5764999985694885,0.5699999928474426,0.5709999799728394,18282,0.0,0.0
2024-01-25 09:30:00-05:00,0.5605000257492065,0.5672230124473572,0.550000011920929,0.5514000058174133,58212,0.0,0.0
2024-01-25 10:30:00-05:00,0.5555999875068665,0.5600000023841858,0.5521000027656555,0.5600000023841858,16182,0.0,0.0
2024-01-25 11:30:00-05:00,0.5649999976158142,0.5846800208091736,0.553600013256073,0.5699999928474426,57028,0.0,0.0
2024-01-25 12:30:00-05:00,0.5699999928474426,0.5699999928474426,0.5582000017166138,0.5649999976158142,17751,0.0,0.0
2024-01-25 13:30:00-05:00,0.5649999976158142,0.5740000009536743,0.5537999868392944,0.5644999742507935,66111,0.0,0.0
2024-01-25 14:30:00-05:00,0.5640000104904175,0.5839999914169312,0.5609999895095825,0.566100001335144,96425,0.0,0.0
2024-01-25 15:30:00-05:00,0.565500020980835,0.5763999819755554,0.5609999895095825,0.573199987411499,29131,0.0,0.0
2024-01-26 09:30:00-05:00,0.5699999928474426,0.5778999924659729,0.5410000085830688,0.5410000085830688,295214,0.0,0.0
2024-01-26 10:30:00-05:00,0.5414000153541565,0.5717999935150146,0.5414000153541565,0.5568000078201294,74196,0.0,0.0
2024-01-26 11:30:00-05:00,0.5568000078201294,0.5799999833106995,0.5505009889602661,0.5507000088691711,20250,0.0,0.0
2024-01-26 12:30:00-05:00,0.5600000023841858,0.5795999765396118,0.5504999756813049,0.5524500012397766,20189,0.0,0.0
2024-01-26 13:30:00-05:00,0.5541999936103821,0.5543000102043152,0.5489000082015991,0.5522000193595886,64799,0.0,0.0
2024-01-26 14:30:00-05:00,0.5541999936103821,0.579200029373169,0.5529999732971191,0.5540000200271606,17246,0.0,0.0
2024-01-26 15:30:00-05:00,0.5699999928474426,0.5699999928474426,0.5529999732971191,0.5529999732971191,13301,0.0,0.0
2024-01-29 09:30:00-05:00,0.5649999976158142,0.5680000185966492,0.5350000262260437,0.5546000003814697,57962,0.0,0.0
2024-01-29 10:30:00-05:00,0.5547000169754028,0.5600000023841858,0.550000011920929,0.5554999709129333,31901,0.0,0.0
2024-01-29 11:30:00-05:00,0.5600000023841858,0.5600000023841858,0.5504000186920166,0.5530999898910522,27475,0.0,0.0
2024-01-29 12:30:00-05:00,0.5558000206947327,0.560699999332428,0.5504000186920166,0.5600000023841858,23674,0.0,0.0
2024-01-29 13:30:00-05:00,0.5608000159263611,0.5608000159263611,0.5450999736785889,0.5491999983787537,39277,0.0,0.0
2024-01-29 14:30:00-05:00,0.545199990272522,0.5605999827384949,0.5350000262260437,0.5598999857902527,132326,0.0,0.0
2024-01-29 15:30:00-05:00,0.555109977722168,0.5605999827384949,0.5550000071525574,0.5605999827384949,35496,0.0,0.0
2024-01-30 09:30:00-05:00,0.5600000023841858,0.5669999718666077,0.5400000214576721,0.5400000214576721,69097,0.0,0.0
2024-01-30 10:30:00-05:00,0.5400000214576721,0.5547990202903748,0.5307000279426575,0.5320000052452087,40781,0.0,0.0
2024-01-30 11:30:00-05:00,0.5320000052452087,0.5406000018119812,0.5210000276565552,0.5249999761581421,123528,0.0,0.0
2024-01-30 12:30:00-05:00,0.5249999761581421,0.5249999761581421,0.5109999775886536,0.5149999856948853,193640,0.0,0.0
2024-01-30 13:30:00-05:00,0.5149999856948853,0.5389999747276306,0.5149999856948853,0.5189999938011169,49782,0.0,0.0
2024-01-30 14:30:00-05:00,0.5189999938011169,0.5450000166893005,0.5189999938011169,0.5323500037193298,124313,0.0,0.0
2024-01-30 15:30:00-05:00,0.5350000262260437,0.5419999957084656,0.5239999890327454,0.5289999842643738,28642,0.0,0.0
2024-01-31 09:30:00-05:00,0.5400000214576721,0.5400000214576721,0.521399974822998,0.5350000262260437,64199,0.0,0.0
2024-01-31 10:30:00-05:00,0.5350000262260437,0.5475000143051147,0.5220000147819519,0.5475000143051147,21111,0.0,0.0
2024-01-31 11:30:00-05:00,0.539900004863739,0.5450000166893005,0.5320000052452087,0.5440000295639038,3719,0.0,0.0
2024-01-31 12:30:00-05:00,0.5400000214576721,0.5600000023841858,0.5400000214576721,0.5550000071525574,35873,0.0,0.0
2024-01-31 13:30:00-05:00,0.5576000213623047,0.5600000023841858,0.5450000166893005,0.5529999732971191,67290,0.0,0.0
2024-01-31 14:30:00-05:00,0.546999990940094,0.5590000152587891,0.5450000166893005,0.5450000166893005,23985,0.0,0.0
2024-01-31 15:30:00-05:00,0.5450000166893005,0.5519999861717224,0.5360000133514404,0.550000011920929,40500,0.0,0.0
2024-02-01 09:30:00-05:00,0.5600000023841858,0.5600000023841858,0.5320000052452087,0.5410000085830688,81851,0.0,0.0
2024-02-01 10:30:00-05:00,0.5423499941825867,0.550000011920929,0.5410000085830688,0.550000011920929,302938,0.0,0.0
2024-02-01 11:30:00-05:00,0.550000011920929,0.5598000288009644,0.550000011920929,0.5530499815940857,60953,0.0,0.0
2024-02-01 12:30:00-05:00,0.5503000020980835,0.5600000023841858,0.5503000020980835,0.5598999857902527,27423,0.0,0.0
2024-02-01 13:30:00-05:00,0.5598999857902527,0.5649999976158142,0.5526000261306763,0.5625,52726,0.0,0.0
2024-02-01 14:30:00-05:00,0.5601000189781189,0.5623499751091003,0.5509999990463257,0.5551000237464905,70187,0.0,0.0
2024-02-01 15:30:00-05:00,0.5533999800682068,0.5590000152587891,0.5514000058174133,0.5565000176429749,20322,0.0,0.0
2024-02-02 09:30:00-05:00,0.551800012588501,0.5598999857902527,0.5410000085830688,0.5450000166893005,76714,0.0,0.0
2024-02-02 10:30:00-05:00,0.5548999905586243,0.5550000071525574,0.5419999957084656,0.5450000166893005,24248,0.0,0.0
2024-02-02 11:30:00-05:00,0.5450000166893005,0.5548999905586243,0.5419999957084656,0.5490000247955322,44407,0.0,0.0
2024-02-02 12:30:00-05:00,0.5509999990463257,0.5547000169754028,0.5419999957084656,0.5419999957084656,29110,0.0,0.0
2024-02-02 13:30:00-05:00,0.5419999957084656,0.5541999936103821,0.5419999957084656,0.5516499876976013,10870,0.0,0.0
2024-02-02 14:30:00-05:00,0.5450000166893005,0.550000011920929,0.5421010255813599,0.5421010255813599,27543,0.0,0.0
2024-02-02 15:30:00-05:00,0.5419999957084656,0.550000011920929,0.5419999957084656,0.550000011920929,23884,0.0,0.0
2024-02-05 09:30:00-05:00,0.5383999943733215,0.5400000214576721,0.5149999856948853,0.5400000214576721,131989,0.0,0.0
2024-02-05 10:30:00-05:00,0.520101010799408,0.531499981880188,0.520101010799408,0.5230000019073486,36980,0.0,0.0
2024-02-05 11:30:00-05:00,0.5230000019073486,0.5313000082969666,0.5230000019073486,0.531000018119812,16339,0.0,0.0
2024-02-05 12:30:00-05:00,0.531000018119812,0.5314000248908997,0.5239999890327454,0.5245260000228882,21727,0.0,0.0
2024-02-05 13:30:00-05:00,0.5249999761581421,0.5299999713897705,0.5230000019073486,0.5235900282859802,9858,0.0,0.0
2024-02-05 14:30:00-05:00,0.5241000056266785,0.5282999873161316,0.5199999809265137,0.5222499966621399,43519,0.0,0.0
2024-02-05 15:30:00-05:00,0.5234000086784363,0.5245000123977661,0.5149999856948853,0.5230000019073486,25784,0.0,0.0
2024-02-06 09:30:00-05:00,0.5210000276565552,0.550000011920929,0.5199999809265137,0.5249999761581421,54185,0.0,0.0
2024-02-06 10:30:00-05:00,0.5249999761581421,0.5400000214576721,0.5199999809265137,0.5350000262260437,23330,0.0,0.0
2024-02-06 11:30:00-05:00,0.5350000262260437,0.5600000023841858,0.5274999737739563,0.5509999990463257,68778,0.0,0.0
2024-02-06 12:30:00-05:00,0.5509999990463257,0.5699999928474426,0.5400000214576721,0.5404999852180481,73040,0.0,0.0
2024-02-06 13:30:00-05:00,0.5580000281333923,0.5587000250816345,0.5482000112533569,0.5587000250816345,29141,0.0,0.0
2024-02-06 14:30:00-05:00,0.5587000250816345,0.5698999762535095,0.5490000247955322,0.5690000057220459,38749,0.0,0.0
2024-02-06 15:30:00-05:00,0.5690000057220459,0.5698999762535095,0.5519999861717224,0.5577999949455261,24759,0.0,0.0
2024-02-07 09:30:00-05:00,0.5699999928474426,0.5889999866485596,0.5562999844551086,0.5626500248908997,594623,0.0,0.0
2024-02-07 10:30:00-05:00,0.5604000091552734,0.5648999810218811,0.5400000214576721,0.5429999828338623,118083,0.0,0.0
2024-02-07 11:30:00-05:00,0.5429999828338623,0.5597000122070312,0.5410000085830688,0.541100025177002,35779,0.0,0.0
2024-02-07 12:30:00-05:00,0.550000011920929,0.5597000122070312,0.541100025177002,0.5504000186920166,23890,0.0,0.0
2024-02-07 13:30:00-05:00,0.541100025177002,0.5587999820709229,0.541100025177002,0.5504500269889832,48842,0.0,0.0
2024-02-07 14:30:00-05:00,0.5412999987602234,0.5597000122070312,0.5412999987602234,0.541700005531311,2668,0.0,0.0
2024-02-07 15:30:00-05:00,0.5428000092506409,0.5540000200271606,0.5415999889373779,0.5429999828338623,59472,0.0,0.0
2024-02-08 09:30:00-05:00,0.5464000105857849,0.5770000219345093,0.5210000276565552,0.5210999846458435,233862,0.0,0.0
2024-02-08 10:30:00-05:00,0.5289490222930908,0.5400000214576721,0.5236999988555908,0.5364500284194946,11518,0.0,0.0
2024-02-08 11:30:00-05:00,0.5400000214576721,0.5400000214576721,0.5300999879837036,0.5300999879837036,35039,0.0,0.0
2024-02-08 12:30:00-05:00,0.5307999849319458,0.5400000214576721,0.5299999713897705,0.5300999879837036,6727,0.0,0.0
2024-02-08 13:30:00-05:00,0.5302000045776367,0.5541999936103821,0.5302000045776367,0.531000018119812,51881,0.0,0.0
2024-02-08 14:30:00-05:00,0.5303000211715698,0.5548999905586243,0.5303000211715698,0.5400000214576721,24637,0.0,0.0
2024-02-08 15:30:00-05:00,0.5400099754333496,0.5403000116348267,0.5313000082969666,0.5313000082969666,9726,0.0,0.0
2024-02-09 09:30:00-05:00,0.5299999713897705,0.5598999857902527,0.5236999988555908,0.550000011920929,38464,0.0,0.0
2024-02-09 10:30:00-05:00,0.5397999882698059,0.5497999787330627,0.5300999879837036,0.5396000146865845,42638,0.0,0.0
2024-02-09 11:30:00-05:00,0.545799970626831,0.5590000152587891,0.5396000146865845,0.5449000000953674,31834,0.0,0.0
2024-02-09 12:30:00-05:00,0.544950008392334,0.5598000288009644,0.5404000282287598,0.5598000288009644,56247,0.0,0.0
2024-02-09 13:30:00-05:00,0.5598000288009644,0.5598000288009644,0.550000011920929,0.5569999814033508,27129,0.0,0.0
2024-02-09 14:30:00-05:00,0.5535500049591064,0.5569999814033508,0.5396000146865845,0.5396999716758728,168608,0.0,0.0
2024-02-09 15:30:00-05:00,0.5400999784469604,0.550000011920929,0.5400999784469604,0.5450000166893005,9478,0.0,0.0
2024-02-12 09:30:00-05:00,0.5699999928474426,0.5699999928474426,0.5353000164031982,0.5497999787330627,223956,0.0,0.0
2024-02-12 10:30:00-05:00,0.5498999953269958,0.5580000281333923,0.5440000295639038,0.5529999732971191,160956,0.0,0.0
2024-02-12 11:30:00-05:00,0.5589990019798279,0.5698999762535095,0.5559999942779541,0.5698999762535095,189833,0.0,0.0
2024-02-12 12:30:00-05:00,0.5698999762535095,0.5799000263214111,0.5619999766349792,0.5702009797096252,144044,0.0,0.0
2024-02-12 13:30:00-05:00,0.5774999856948853,0.5774999856948853,0.5720000267028809,0.5753999948501587,62911,0.0,0.0
2024-02-12 14:30:00-05:00,0.5753999948501587,0.597599983215332,0.5720999836921692,0.5899999737739563,64011,0.0,0.0
2024-02-12 15:30:00-05:00,0.5900999903678894,0.5989999771118164,0.5831999778747559,0.5899999737739563,100888,0.0,0.0
2024-02-13 09:30:00-05:00,0.5799999833106995,0.6000000238418579,0.550000011920929,0.5680000185966492,223053,0.0,0.0
2024-02-13 10:30:00-05:00,0.5751000046730042,0.6039999723434448,0.5751000046730042,0.6028000116348267,134764,0.0,0.0
2024-02-13 11:30:00-05:00,0.6033499836921692,0.6044999957084656,0.5802000164985657,0.5820000171661377,129000,0.0,0.0
2024-02-13 12:30:00-05:00,0.6000000238418579,0.6000000238418579,0.5800999999046326,0.5845999717712402,24488,0.0,0.0
2024-02-13 13:30:00-05:00,0.5829499959945679,0.5853000283241272,0.5609999895095825,0.5750880241394043,82984,0.0,0.0
2024-02-13 14:30:00-05:00,0.5699999928474426,0.5888990163803101,0.5640000104904175,0.5857999920845032,93843,0.0,0.0
2024-02-13 15:30:00-05:00,0.5784500241279602,0.5867000222206116,0.5712000131607056,0.5799999833106995,47602,0.0,0.0
2024-02-14 09:30:00-05:00,0.5799999833106995,0.5899999737739563,0.5649999976158142,0.5702000260353088,74668,0.0,0.0
2024-02-14 10:30:00-05:00,0.5720000267028809,0.5892999768257141,0.5720000267028809,0.5799000263214111,5855,0.0,0.0
2024-02-14 11:30:00-05:00,0.5799999833106995,0.5879999995231628,0.5759999752044678,0.5799999833106995,29292,0.0,0.0
2024-02-14 12:30:00-05:00,0.5799999833106995,0.5819000005722046,0.5720000267028809,0.5759999752044678,33365,0.0,0.0
2024-02-14 13:30:00-05:00,0.5769000053405762,0.5776000022888184,0.5720000267028809,0.5720999836921692,45264,0.0,0.0
2024-02-14 14:30:00-05:00,0.5720999836921692,0.5819000005722046,0.5699999928474426,0.5752000212669373,42073,0.0,0.0
2024-02-14 15:30:00-05:00,0.578499972820282,0.5819000005722046,0.578499972820282,0.5809000134468079,41668,0.0,0.0
2024-02-15 09:30:00-05:00,0.5649999976158142,0.6000000238418579,0.5649999976158142,0.5808950066566467,140297,0.0,0.0
2024-02-15 10:30:00-05:00,0.5976999998092651,0.5976999998092651,0.5800999999046326,0.5865499973297119,35811,0.0,0.0
2024-02-15 11:30:00-05:00,0.589900016784668,0.597100019454956,0.5701000094413757,0.5799999833106995,147114,0.0,0.0
2024-02-15 12:30:00-05:00,0.577049970626831,0.5885000228881836,0.5741000175476074,0.5842000246047974,77867,0.0,0.0
2024-02-15 13:30:00-05:00,0.5799000263214111,0.5885000228881836,0.5701000094413757,0.5734999775886536,106607,0.0,0.0
2024-02-15 14:30:00-05:00,0.5760999917984009,0.5884000062942505,0.5740000009536743,0.5741000175476074,42624,0.0,0.0
2024-02-15 15:30:00-05:00,0.5741000175476074,0.5837000012397766,0.5741000175476074,0.579200029373169,38354,0.0,0.0
2024-02-16 09:30:00-05:00,0.5799999833106995,0.5989999771118164,0.5701000094413757,0.5824009776115417,126949,0.0,0.0
2024-02-16 10:30:00-05:00,0.5819000005722046,0.5888000130653381,0.5759999752044678,0.5844500064849854,23214,0.0,0.0
2024-02-16 11:30:00-05:00,0.5800999999046326,0.5898000001907349,0.5800999999046326,0.5898000001907349,37724,0.0,0.0
2024-02-16 12:30:00-05:00,0.5898000001907349,0.5898000001907349,0.5809000134468079,0.5898000001907349,22130,0.0,0.0
2024-02-16 13:30:00-05:00,0.589909017086029,0.5950000286102295,0.5809000134468079,0.5950000286102295,54449,0.0,0.0
2024-02-16 14:30:00-05:00,0.5949500203132629,0.6031000018119812,0.5925999879837036,0.6022499799728394,157207,0.0,0.0
2024-02-16 15:30:00-05:00,0.6015999913215637,0.6028000116348267,0.5799999833106995,0.5964000225067139,50581,0.0,0.0
2024-02-20 09:30:00-05:00,0.6100000143051147,0.6100000143051147,0.5600000023841858,0.5601000189781189,163541,0.0,0.0
2024-02-20 10:30:00-05:00,0.5748999714851379,0.5748999714851379,0.5360000133514404,0.5550000071525574,364692,0.0,0.0
2024-02-20 11:30:00-05:00,0.5550000071525574,0.5600000023841858,0.5410000085830688,0.553600013256073,133466,0.0,0.0
2024-02-20 12:30:00-05:00,0.5518500208854675,0.5534999966621399,0.5400000214576721,0.5490000247955322,152249,0.0,0.0
2024-02-20 13:30:00-05:00,0.5491999983787537,0.5508999824523926,0.5400000214576721,0.5494999885559082,88749,0.0,0.0
2024-02-20 14:30:00-05:00,0.5490099787712097,0.5548999905586243,0.5455999970436096,0.550000011920929,31094,0.0,0.0
2024-02-20 15:30:00-05:00,0.5450999736785889,0.5569999814033508,0.5396000146865845,0.550000011920929,62388,0.0,0.0
2024-02-21 09:30:00-05:00,0.5400000214576721,0.5659000277519226,0.5099999904632568,0.5217999815940857,179308,0.0,0.0
2024-02-21 10:30:00-05:00,0.5217999815940857,0.5392000079154968,0.5109999775886536,0.5390999913215637,109722,0.0,0.0
2024-02-21 11:30:00-05:00,0.5210999846458435,0.5389999747276306,0.5109999775886536,0.5260000228881836,24337,0.0,0.0
2024-02-21 12:30:00-05:00,0.5225499868392944,0.5260000228881836,0.5110999941825867,0.5199000239372253,61589,0.0,0.0
2024-02-21 13:30:00-05:00,0.51910001039505,0.5260000228881836,0.5059999823570251,0.5189999938011169,52793,0.0,0.0
2024-02-21 14:30:00-05:00,0.5149000287055969,0.5260000228881836,0.5,0.5149999856948853,72677,0.0,0.0
2024-02-21 15:30:00-05:00,0.5189999938011169,0.5260000228881836,0.5099999904632568,0.5260000228881836,60564,0.0,0.0
2024-02-22 09:30:00-05:00,0.527999997138977,0.5550000071525574,0.5199999809265137,0.5501000285148621,268913,0.0,0.0
2024-02-22 10:30:00-05:00,0.552299976348877,0.5544999837875366,0.5307000279426575,0.5490000247955322,36388,0.0,0.0
2024-02-22 11:30:00-05:00,0.5489000082015991,0.5598999857902527,0.5311999917030334,0.5400000214576721,178125,0.0,0.0
2024-02-22 12:30:00-05:00,0.5529000163078308,0.5529000163078308,0.5400009751319885,0.550000011920929,11195,0.0,0.0
2024-02-22 13:30:00-05:00,0.5572829842567444,0.5600000023841858,0.5419999957084656,0.5421000123023987,76390,0.0,0.0
2024-02-22 14:30:00-05:00,0.5559999942779541,0.5569999814033508,0.5311999917030334,0.5400000214576721,106731,0.0,0.0
2024-02-22 15:30:00-05:00,0.5465999841690063,0.5562999844551086,0.5320000052452087,0.5329999923706055,8578,0.0,0.0
2024-02-23 09:30:00-05:00,0.550000011920929,0.550000011920929,0.5239999890327454,0.539900004863739,113924,0.0,0.0
2024-02-23 10:30:00-05:00,0.5350000262260437,0.539900004863739,0.5242000222206116,0.5321499705314636,111312,0.0,0.0
2024-02-23 11:30:00-05:00,0.5393999814987183,0.539900004863739,0.524399995803833,0.5353500247001648,40574,0.0,0.0
2024-02-23 12:30:00-05:00,0.5350000262260437,0.5389000177383423,0.5299999713897705,0.536998987197876,93798,0.0,0.0
2024-02-23 13:30:00-05:00,0.535099983215332,0.5385000109672546,0.5313000082969666,0.5374000072479248,32299,0.0,0.0
2024-02-23 14:30:00-05:00,0.5370100140571594,0.5400000214576721,0.5249999761581421,0.5389999747276306,31668,0.0,0.0
2024-02-23 15:30:00-05:00,0.5397499799728394,0.5400000214576721,0.5271999835968018,0.534500002861023,42650,0.0,0.0
2024-02-26 09:30:00-05:00,0.5317000150680542,0.5429999828338623,0.5205000042915344,0.5210999846458435,43450,0.0,0.0
2024-02-26 10:30:00-05:00,0.5212000012397766,0.550000011920929,0.5210999846458435,0.550000011920929,134370,0.0,0.0
2024-02-26 11:30:00-05:00,0.5450000166893005,0.550000011920929,0.5401099920272827,0.5498999953269958,16165,0.0,0.0
2024-02-26 12:30:00-05:00,0.5450999736785889,0.550000011920929,0.5404999852180481,0.550000011920929,8321,0.0,0.0
2024-02-26 13:30:00-05:00,0.5407999753952026,0.553600013256073,0.5407999753952026,0.5491999983787537,112708,0.0,0.0
2024-02-26 14:30:00-05:00,0.5525000095367432,0.5699999928474426,0.5490999817848206,0.5612999796867371,97425,0.0,0.0
2024-02-26 15:30:00-05:00,0.5698999762535095,0.5698999762535095,0.5530999898910522,0.5617499947547913,65909,0.0,0.0
2024-02-27 09:30:00-05:00,0.5550000071525574,0.5879999995231628,0.5410000085830688,0.5575000047683716,125496,0.0,0.0
2024-02-27 10:30:00-05:00,0.5640000104904175,0.5879999995231628,0.5550000071525574,0.5601000189781189,71002,0.0,0.0
2024-02-27 11:30:00-05:00,0.5699999928474426,0.5799000263214111,0.5600000023841858,0.574999988079071,9335,0.0,0.0
2024-02-27 12:30:00-05:00,0.574999988079071,0.5799000263214111,0.5611000061035156,0.5770000219345093,55180,0.0,0.0
2024-02-27 13:30:00-05:00,0.5680999755859375,0.5799000263214111,0.5612000226974487,0.5701000094413757,165172,0.0,0.0
2024-02-27 14:30:00-05:00,0.5789999961853027,0.5870000123977661,0.5724999904632568,0.586899995803833,248009,0.0,0.0
2024-02-27 15:30:00-05:00,0.5870000123977661,0.5950999855995178,0.580299973487854,0.5860999822616577,123221,0.0,0.0
2024-02-28 09:30:00-05:00,0.5995000004768372,0.6000000238418579,0.5763000249862671,0.5856000185012817,73325,0.0,0.0
2024-02-28 10:30:00-05:00,0.5820000171661377,0.5995000004768372,0.5813000202178955,0.5995000004768372,18522,0.0,0.0
2024-02-28 11:30:00-05:00,0.6000000238418579,0.6000000238418579,0.5849999785423279,0.5954999923706055,75712,0.0,0.0
2024-02-28 12:30:00-05:00,0.585099995136261,0.6000000238418579,0.5849999785423279,0.5999000072479248,33529,0.0,0.0
2024-02-28 13:30:00-05:00,0.5929999947547913,0.6039999723434448,0.5870010256767273,0.6039999723434448,262764,0.0,0.0
2024-02-28 14:30:00-05:00,0.6039999723434448,0.6039999723434448,0.5870000123977661,0.5871000289916992,87745,0.0,0.0
2024-02-28 15:30:00-05:00,0.5989999771118164,0.5989999771118164,0.5870000123977661,0.5885000228881836,19932,0.0,0.0
2024-02-29 09:30:00-05:00,0.6039999723434448,0.6399999856948853,0.6000000238418579,0.6274499893188477,563344,0.0,0.0
2024-02-29 10:30:00-05:00,0.6324999928474426,0.6399999856948853,0.6202999949455261,0.6312999725341797,213015,0.0,0.0
2024-02-29 11:30:00-05:00,0.6312999725341797,0.637499988079071,0.6150000095367432,0.637499988079071,77692,0.0,0.0
2024-02-29 12:30:00-05:00,0.637499988079071,0.637499988079071,0.6200000047683716,0.6302000284194946,54405,0.0,0.0
2024-02-29 13:30:00-05:00,0.6325500011444092,0.6349989771842957,0.6010000109672546,0.6274009943008423,100170,0.0,0.0
2024-02-29 14:30:00-05:00,0.6348999738693237,0.6348999738693237,0.5899999737739563,0.6013000011444092,94404,0.0,0.0
2024-02-29 15:30:00-05:00,0.6157000064849854,0.6226000189781189,0.5899999737739563,0.611050009727478,110386,0.0,0.0
2024-03-01 09:30:00-05:00,0.6215999722480774,0.6308000087738037,0.6029999852180481,0.6200000047683716,72736,0.0,0.0
2024-03-01 10:30:00-05:00,0.6119999885559082,0.6288999915122986,0.6000000238418579,0.621999979019165,97492,0.0,0.0
2024-03-01 11:30:00-05:00,0.6220999956130981,0.625,0.6025000214576721,0.6169999837875366,35029,0.0,0.0
2024-03-01 12:30:00-05:00,0.6248990297317505,0.6399999856948853,0.620199978351593,0.6399999856948853,110908,0.0,0.0
2024-03-01 13:30:00-05:00,0.6399999856948853,0.6959999799728394,0.6399999856948853,0.675599992275238,632710,0.0,0.0
2024-03-01 14:30:00-05:00,0.675599992275238,0.6850000023841858,0.6700000166893005,0.6700999736785889,202447,0.0,0.0
2024-03-01 15:30:00-05:00,0.675000011920929,0.6798999905586243,0.6499999761581421,0.6583999991416931,173006,0.0,0.0
2024-03-04 09:30:00-05:00,0.7045000195503235,0.7200000286102295,0.6800000071525574,0.7099000215530396,559899,0.0,0.0
2024-03-04 10:30:00-05:00,0.699999988079071,0.7149999737739563,0.6995000243186951,0.7149999737739563,0,0.0,0.0
2024-03-04 11:30:00-05:00,0.7103000283241272,0.7200000286102295,0.6913999915122986,0.7049999833106995,222693,0.0,0.0
2024-03-04 12:30:00-05:00,0.7049000263214111,0.7049999833106995,0.6800000071525574,0.7049000263214111,84343,0.0,0.0
2024-03-04 13:30:00-05:00,0.7009999752044678,0.7049000263214111,0.6901999711990356,0.6970000267028809,56136,0.0,0.0
2024-03-04 14:30:00-05:00,0.6970000267028809,0.699999988079071,0.6941999793052673,0.6980999708175659,38144,0.0,0.0
2024-03-04 15:30:00-05:00,0.6996999979019165,0.6998999714851379,0.6801999807357788,0.6899999976158142,507737,0.0,0.0
2024-03-05 09:30:00-05:00,0.699999988079071,0.7197999954223633,0.6899999976158142,0.6930000185966492,178327,0.0,0.0
2024-03-05 10:30:00-05:00,0.6974999904632568,0.7049999833106995,0.6800000071525574,0.6899999976158142,37483,0.0,0.0
2024-03-05 11:30:00-05:00,0.6899999976158142,0.6899999976158142,0.6500999927520752,0.6599000096321106,550,0.0,0.0
2024-03-05 12:30:00-05:00,0.6697999835014343,0.6699000000953674,0.6499999761581421,0.6676999926567078,9892,0.0,0.0
2024-03-05 13:30:00-05:00,0.6597999930381775,0.6694999933242798,0.6252999901771545,0.6689000129699707,16322,0.0,0.0
2024-03-05 14:30:00-05:00,0.6485000252723694,0.6690000295639038,0.6485000252723694,0.6485999822616577,41223,0.0,0.0
2024-03-05 15:30:00-05:00,0.6485000252723694,0.6686999797821045,0.6485000252723694,0.6625000238418579,154799,0.0,0.0
2024-03-06 09:30:00-05:00,0.5600000023841858,0.5960000157356262,0.5600000023841858,0.575501024723053,957423,0.0,0.0
2024-03-06 10:30:00-05:00,0.57669997215271,0.5799999833106995,0.5371000170707703,0.5690000057220459,0,0.0,0.0
2024-03-06 11:30:00-05:00,0.5490000247955322,0.5989999771118164,0.5,0.5899999737739563,608317,0.0,0.0
2024-03-06 12:30:00-05:00,0.5885000228881836,0.6119999885559082,0.5699999928474426,0.5898000001907349,213861,0.0,0.0
2024-03-06 13:30:00-05:00,0.5845000147819519,0.5889999866485596,0.5551999807357788,0.5889000296592712,79388,0.0,0.0
2024-03-06 14:30:00-05:00,0.5873000025749207,0.5936999917030334,0.5630000233650208,0.5849999785423279,73084,0.0,0.0
2024-03-06 15:30:00-05:00,0.5825999975204468,0.5834000110626221,0.5551999807357788,0.5600000023841858,1094002,0.0,0.0
2024-03-07 09:30:00-05:00,0.5799000263214111,0.6293990015983582,0.5601000189781189,0.5899999737739563,219986,0.0,0.0
2024-03-07 10:30:00-05:00,0.5799999833106995,0.6087999939918518,0.5799999833106995,0.5999000072479248,86633,0.0,0.0
2024-03-07 11:30:00-05:00,0.5899999737739563,0.6000000238418579,0.5800999999046326,0.5800999999046326,151038,0.0,0.0
2024-03-07 12:30:00-05:00,0.5800999999046326,0.6119999885559082,0.5800999999046326,0.5982999801635742,110757,0.0,0.0
2024-03-07 13:30:00-05:00,0.5924999713897705,0.6100000143051147,0.5924999713897705,0.5950000286102295,63395,0.0,0.0
2024-03-07 14:30:00-05:00,0.5950000286102295,0.6000000238418579,0.5849999785423279,0.5949500203132629,33939,0.0,0.0
2024-03-07 15:30:00-05:00,0.5899999737739563,0.6098999977111816,0.5849999785423279,0.5950000286102295,47866,0.0,0.0
2024-03-08 09:30:00-05:00,0.5800999999046326,0.6100000143051147,0.5799999833106995,0.6098999977111816,129207,0.0,0.0
2024-03-08 10:30:00-05:00,0.6054999828338623,0.6100000143051147,0.5900999903678894,0.5900999903678894,101996,0.0,0.0
2024-03-08 11:30:00-05:00,0.5960000157356262,0.6000000238418579,0.5900999903678894,0.5975000262260437,63868,0.0,0.0
2024-03-08 12:30:00-05:00,0.6000000238418579,0.6098999977111816,0.5950999855995178,0.5996000170707703,44812,0.0,0.0
2024-03-08 13:30:00-05:00,0.6010500192642212,0.6093999743461609,0.5899999737739563,0.5899999737739563,96142,0.0,0.0
2024-03-08 14:30:00-05:00,0.5999000072479248,0.609000027179718,0.5950000286102295,0.609000027179718,53749,0.0,0.0
2024-03-08 15:30:00-05:00,0.6019999980926514,0.6100000143051147,0.6000000238418579,0.6044999957084656,111917,0.0,0.0
2024-03-11 09:30:00-04:00,5.880000114440918,6.735099792480469,5.730000019073486,5.989999771118164,51332,0.0,0.0
2024-03-11 10:30:00-04:00,6.0,6.094399929046631,5.849999904632568,5.894999980926514,19309,0.0,0.0
2024-03-11 11:30:00-04:00,5.840000152587891,5.889999866485596,5.400000095367432,5.570000171661377,41155,0.0,0.0
2024-03-11 12:30:00-04:00,5.579999923706055,5.672299861907959,5.579999923706055,5.630000114440918,16804,0.0,0.0
2024-03-11 13:30:00-04:00,5.610000133514404,5.610000133514404,5.489999771118164,5.545000076293945,6922,0.0,0.0
2024-03-11 14:30:00-04:00,5.550000190734863,5.699999809265137,5.400000095367432,5.400000095367432,55097,0.0,0.0
2024-03-11 15:30:00-04:00,5.360000133514404,5.53000020980835,5.28000020980835,5.440000057220459,10332,0.0,0.0
2024-03-12 09:30:00-04:00,5.380000114440918,5.949999809265137,5.380000114440918,5.869999885559082,111330,0.0,0.0
2024-03-12 10:30:00-04:00,5.795000076293945,5.940000057220459,5.730000019073486,5.739999771118164,25656,0.0,0.0
2024-03-12 11:30:00-04:00,5.699999809265137,5.78000020980835,5.510000228881836,5.699999809265137,19298,0.0,0.0
2024-03-12 12:30:00-04:00,5.7221999168396,5.7221999168396,5.429999828338623,5.429999828338623,4242,0.0,0.0
2024-03-12 13:30:00-04:00,5.485000133514404,5.489999771118164,5.25,5.320000171661377,8589,0.0,0.0
2024-03-12 14:30:00-04:00,5.309999942779541,5.380000114440918,5.099999904632568,5.099999904632568,10411,0.0,0.0
2024-03-12 15:30:00-04:00,5.12939977645874,5.300000190734863,5.050099849700928,5.289999961853027,0,0.0,0.0
2024-03-13 09:30:00-04:00,5.300000190734863,5.369999885559082,5.050000190734863,5.21999979019165,39978,0.0,0.0
2024-03-13 10:30:00-04:00,5.190100193023682,5.210000038146973,4.920000076293945,5.140100002288818,21917,0.0,0.0
2024-03-13 11:30:00-04:00,5.139999866485596,5.199999809265137,4.96999979019165,5.199999809265137,20819,0.0,0.0
2024-03-13 12:30:00-04:00,5.199999809265137,5.21999979019165,5.050000190734863,5.050000190734863,12028,0.0,0.0
2024-03-13 13:30:00-04:00,5.019999980926514,5.050000190734863,4.909999847412109,4.979899883270264,22690,0.0,0.0
2024-03-13 14:30:00-04:00,4.96999979019165,4.979700088500977,4.789999961853027,4.885000228881836,33283,0.0,0.0
2024-03-13 15:30:00-04:00,4.869999885559082,4.880000114440918,4.789999961853027,4.829999923706055,29813,0.0,0.0
2024-03-14 09:30:00-04:00,4.800000190734863,4.860000133514404,4.244999885559082,4.459799766540527,136931,0.0,0.0
2024-03-14 10:30:00-04:00,4.489999771118164,4.607500076293945,4.420000076293945,4.420000076293945,23408,0.0,0.0
2024-03-14 11:30:00-04:00,4.449999809265137,4.541800022125244,4.445000171661377,4.47730016708374,8221,0.0,0.0
2024-03-14 12:30:00-04:00,4.465700149536133,4.465700149536133,4.370100021362305,4.393199920654297,32686,0.0,0.0
2024-03-14 13:30:00-04:00,4.400100231170654,4.409999847412109,4.263500213623047,4.269999980926514,10960,0.0,0.0
2024-03-14 14:30:00-04:00,4.269999980926514,4.388199806213379,4.25,4.260000228881836,12139,0.0,0.0
2024-03-14 15:30:00-04:00,4.260000228881836,4.429999828338623,4.25,4.360000133514404,14818,0.0,0.0
2024-03-15 09:30:00-04:00,4.489999771118164,4.699900150299072,4.489999771118164,4.518199920654297,14042,0.0,0.0
2024-03-15 10:30:00-04:00,4.559999942779541,4.588600158691406,4.326000213623047,4.329999923706055,5884,0.0,0.0
2024-03-15 11:30:00-04:00,4.340700149536133,4.449999809265137,4.329999923706055,4.449999809265137,5201,0.0,0.0
2024-03-15 12:30:00-04:00,4.445000171661377,4.460000038146973,4.380000114440918,4.394199848175049,2397,0.0,0.0
2024-03-15 13:30:00-04:00,4.400000095367432,4.559800148010254,4.400000095367432,4.55679988861084,3054,0.0,0.0
2024-03-15 14:30:00-04:00,4.480000019073486,4.519999980926514,4.370100021362305,4.440000057220459,5675,0.0,0.0
2024-03-15 15:30:00-04:00,4.5,4.570000171661377,4.474400043487549,4.570000171661377,6897,0.0,0.0
2024-03-18 09:30:00-04:00,4.670000076293945,4.795000076293945,4.510000228881836,4.795000076293945,22761,0.0,0.0
2024-03-18 10:30:00-04:00,4.699999809265137,4.914999961853027,4.650000095367432,4.914999961853027,23477,0.0,0.0
2024-03-18 11:30:00-04:00,4.864999771118164,5.039899826049805,4.730000019073486,4.739999771118164,22772,0.0,0.0
2024-03-18 12:30:00-04:00,4.840000152587891,4.90910005569458,4.699999809265137,4.699999809265137,14790,0.0,0.0
2024-03-18 13:30:00-04:00,4.664100170135498,4.739999771118164,4.599999904632568,4.610000133514404,6465,0.0,0.0
2024-03-18 14:30:00-04:00,4.570000171661377,4.610000133514404,4.550000190734863,4.570000171661377,5527,0.0,0.0
2024-03-18 15:30:00-04:00,4.579999923706055,4.590000152587891,4.550000190734863,4.550000190734863,2658,0.0,0.0
2024-03-19 09:30:00-04:00,4.550000190734863,4.808000087738037,4.550000190734863,4.808000087738037,40181,0.0,0.0
2024-03-19 10:30:00-04:00,4.809999942779541,5.0,4.739999771118164,4.809999942779541,26019,0.0,0.0
2024-03-19 11:30:00-04:00,4.849999904632568,4.96999979019165,4.849999904632568,4.96999979019165,8944,0.0,0.0
2024-03-19 12:30:00-04:00,4.912499904632568,4.999000072479248,4.9019999504089355,4.989999771118164,4053,0.0,0.0
2024-03-19 13:30:00-04:00,4.909999847412109,5.039000034332275,4.900000095367432,4.909999847412109,3908,0.0,0.0
2024-03-19 14:30:00-04:00,5.008999824523926,5.099999904632568,4.949999809265137,5.050000190734863,8480,0.0,0.0
2024-03-19 15:30:00-04:00,5.006499767303467,5.139999866485596,5.006499767303467,5.099999904632568,14397,0.0,0.0
2024-03-20 09:30:00-04:00,5.059999942779541,5.079999923706055,4.860000133514404,5.019999980926514,19277,0.0,0.0
2024-03-20 10:30:00-04:00,4.980100154876709,5.249899864196777,4.914999961853027,5.199999809265137,25831,0.0,0.0
2024-03-20 11:30:00-04:00,5.197999954223633,5.197999954223633,5.050000190734863,5.050000190734863,8560,0.0,0.0
2024-03-20 12:30:00-04:00,5.079999923706055,5.079999923706055,4.96999979019165,4.96999979019165,4610,0.0,0.0
2024-03-20 13:30:00-04:00,4.982699871063232,5.25,4.909999847412109,5.190100193023682,19001,0.0,0.0
2024-03-20 14:30:00-04:00,5.130000114440918,5.329999923706055,5.110000133514404,5.329999923706055,16461,0.0,0.0
2024-03-20 15:30:00-04:00,5.329999923706055,5.329999923706055,5.21999979019165,5.239999771118164,10142,0.0,0.0
2024-03-21 09:30:00-04:00,5.289999961853027,5.485000133514404,5.036600112915039,5.130000114440918,15438,0.0,0.0
2024-03-21 10:30:00-04:00,5.039999961853027,5.250100135803223,5.039999961853027,5.1041998863220215,15488,0.0,0.0
2024-03-21 11:30:00-04:00,5.159999847412109,5.219699859619141,5.146900177001953,5.146900177001953,7892,0.0,0.0
2024-03-21 12:30:00-04:00,5.099999904632568,5.099999904632568,5.010000228881836,5.020500183105469,5239,0.0,0.0
2024-03-21 13:30:00-04:00,5.073299884796143,5.076300144195557,5.073299884796143,5.076300144195557,1759,0.0,0.0
2024-03-21 14:30:00-04:00,5.074999809265137,5.099999904632568,5.03000020980835,5.070000171661377,19739,0.0,0.0
2024-03-21 15:30:00-04:00,5.079999923706055,5.079999923706055,5.03000020980835,5.03000020980835,7778,0.0,0.0
2024-03-22 09:30:00-04:00,5.050000190734863,5.150000095367432,5.050000190734863,5.070099830627441,11495,0.0,0.0
2024-03-22 10:30:00-04:00,5.090000152587891,5.090000152587891,5.034999847412109,5.034999847412109,4761,0.0,0.0
2024-03-22 11:30:00-04:00,5.0756001472473145,5.0756001472473145,5.0,5.0,7382,0.0,0.0
2024-03-22 12:30:00-04:00,4.900000095367432,4.929999828338623,4.820000171661377,4.820099830627441,12170,0.0,0.0
2024-03-22 13:30:00-04:00,4.843999862670898,4.929999828338623,4.769999980926514,4.929999828338623,14423,0.0,0.0
2024-03-22 14:30:00-04:00,4.920100212097168,5.110000133514404,4.920000076293945,5.090000152587891,10666,0.0,0.0
2024-03-22 15:30:00-04:00,5.021999835968018,5.039999961853027,4.925000190734863,4.925000190734863,7159,0.0,0.0
2024-03-25 09:30:00-04:00,5.050000190734863,5.070000171661377,4.970099925994873,4.974999904632568,5022,0.0,0.0
2024-03-25 10:30:00-04:00,4.9653000831604,4.96999979019165,4.889999866485596,4.900000095367432,7975,0.0,0.0
2024-03-25 11:30:00-04:00,4.900000095367432,4.980000019073486,4.900000095367432,4.960000038146973,14139,0.0,0.0
2024-03-25 12:30:00-04:00,4.949999809265137,4.980000019073486,4.929999828338623,4.980000019073486,37264,0.0,0.0
2024-03-25 13:30:00-04:00,5.0,5.059899806976318,5.0,5.034999847412109,4845,0.0,0.0
2024-03-25 14:30:00-04:00,5.050000190734863,5.170000076293945,5.039999961853027,5.050099849700928,22950,0.0,0.0
2024-03-25 15:30:00-04:00,5.110000133514404,5.179999828338623,5.110000133514404,5.179999828338623,4313,0.0,0.0
2024-03-26 09:30:00-04:00,5.210000038146973,5.389999866485596,5.198500156402588,5.360000133514404,3886,0.0,0.0
2024-03-26 10:30:00-04:00,5.349999904632568,5.510000228881836,5.349999904632568,5.5,16542,0.0,0.0
2024-03-26 11:30:00-04:00,5.530799865722656,5.550000190734863,5.480000019073486,5.519999980926514,9472,0.0,0.0
2024-03-26 12:30:00-04:00,5.500699996948242,5.500699996948242,5.358399868011475,5.360000133514404,8133,0.0,0.0
2024-03-26 13:30:00-04:00,5.369999885559082,5.372499942779541,5.300000190734863,5.300000190734863,2564,0.0,0.0
2024-03-26 14:30:00-04:00,5.320000171661377,5.409999847412109,5.289999961853027,5.409999847412109,10173,0.0,0.0
2024-03-26 15:30:00-04:00,5.400000095367432,5.400000095367432,5.300000190734863,5.309999942779541,6330,0.0,0.0
2024-03-27 09:30:00-04:00,5.409999847412109,5.434999942779541,5.340099811553955,5.400000095367432,13416,0.0,0.0
2024-03-27 10:30:00-04:00,5.46999979019165,5.619999885559082,5.46999979019165,5.510000228881836,11815,0.0,0.0
2024-03-27 11:30:00-04:00,5.480000019073486,5.519999980926514,5.460000038146973,5.5,5015,0.0,0.0
2024-03-27 12:30:00-04:00,5.449999809265137,5.449999809265137,5.369999885559082,5.449999809265137,7000,0.0,0.0
2024-03-27 13:30:00-04:00,5.449999809265137,5.465000152587891,5.380000114440918,5.385000228881836,8427,0.0,0.0
2024-03-27 14:30:00-04:00,5.380000114440918,5.5,5.340000152587891,5.369999885559082,24935,0.0,0.0
2024-03-27 15:30:00-04:00,5.329999923706055,5.409999847412109,5.300000190734863,5.320000171661377,27379,0.0,0.0
2024-03-28 09:30:00-04:00,5.329999923706055,5.355000019073486,5.110000133514404,5.305099964141846,20911,0.0,0.0
2024-03-28 10:30:00-04:00,5.329899787902832,5.369999885559082,5.282199859619141,5.355000019073486,9875,0.0,0.0
2024-03-28 11:30:00-04:00,5.380000114440918,5.40500020980835,5.340000152587891,5.40500020980835,7827,0.0,0.0
2024-03-28 12:30:00-04:00,5.409999847412109,5.430200099945068,5.369999885559082,5.400000095367432,5946,0.0,0.0
2024-03-28 13:30:00-04:00,5.394999980926514,5.400000095367432,5.289999961853027,5.380000114440918,19117,0.0,0.0
2024-03-28 14:30:00-04:00,5.300000190734863,5.349999904632568,5.289999961853027,5.315000057220459,5117,0.0,0.0
2024-03-28 15:30:00-04:00,5.311999797821045,5.349999904632568,5.300000190734863,5.300000190734863,11515,0.0,0.0
2024-04-01 09:30:00-04:00,5.380000114440918,5.429999828338623,5.25,5.283299922943115,35905,0.0,0.0
2024-04-01 10:30:00-04:00,5.300000190734863,5.379899978637695,5.209799766540527,5.340000152587891,5493,0.0,0.0
2024-04-01 11:30:00-04:00,5.364999771118164,5.550000190734863,5.360000133514404,5.550000190734863,13233,0.0,0.0
2024-04-01 12:30:00-04:00,5.519999980926514,5.703999996185303,5.510000228881836,5.670000076293945,16988,0.0,0.0
2024-04-01 13:30:00-04:00,5.664999961853027,6.255000114440918,5.664999961853027,6.248000144958496,71006,0.0,0.0
2024-04-01 14:30:00-04:00,6.260000228881836,6.400000095367432,6.020699977874756,6.400000095367432,45499,0.0,0.0
2024-04-01 15:30:00-04:00,6.400000095367432,6.429999828338623,6.28000020980835,6.360000133514404,38000,0.0,0.0
2024-04-02 09:30:00-04:00,6.0,6.28000020980835,5.730000019073486,5.929900169372559,31824,0.0,0.0
2024-04-02 10:30:00-04:00,5.9934000968933105,6.689899921417236,5.989999771118164,6.510000228881836,90127,0.0,0.0
2024-04-02 11:30:00-04:00,6.629899978637695,7.070000171661377,6.629899978637695,6.789999961853027,102641,0.0,0.0
2024-04-02 12:30:00-04:00,6.800000190734863,6.849999904632568,6.53000020980835,6.65500020980835,33829,0.0,0.0
2024-04-02 13:30:00-04:00,6.683800220489502,6.683800220489502,6.420000076293945,6.550000190734863,26132,0.0,0.0
2024-04-02 14:30:00-04:00,6.550000190734863,6.581600189208984,6.360000133514404,6.433599948883057,20485,0.0,0.0
2024-04-02 15:30:00-04:00,6.440000057220459,6.489999771118164,6.429999828338623,6.449999809265137,16415,0.0,0.0
2024-04-03 09:30:00-04:00,6.400000095367432,7.239999771118164,6.400000095367432,6.724999904632568,105338,0.0,0.0
2024-04-03 10:30:00-04:00,6.730000019073486,6.909999847412109,6.730000019073486,6.789999961853027,16505,0.0,0.0
2024-04-03 11:30:00-04:00,6.784999847412109,6.799900054931641,6.520100116729736,6.650000095367432,32011,0.0,0.0
2024-04-03 12:30:00-04:00,6.71999979019165,6.829999923706055,6.644999980926514,6.829999923706055,13742,0.0,0.0
2024-04-03 13:30:00-04:00,6.764999866485596,6.968999862670898,6.650000095367432,6.769999980926514,32066,0.0,0.0
2024-04-03 14:30:00-04:00,6.730000019073486,6.78000020980835,6.579999923706055,6.579999923706055,41725,0.0,0.0
2024-04-03 15:30:00-04:00,6.570000171661377,6.630000114440918,6.570000171661377,6.630000114440918,8969,0.0,0.0
2024-04-04 09:30:00-04:00,6.639999866485596,6.880000114440918,6.630000114440918,6.71999979019165,32631,0.0,0.0
2024-04-04 10:30:00-04:00,6.699999809265137,6.71999979019165,6.449999809265137,6.619999885559082,14588,0.0,0.0
2024-04-04 11:30:00-04:00,6.609899997711182,6.609899997711182,6.510000228881836,6.519999980926514,15125,0.0,0.0
2024-04-04 12:30:00-04:00,6.519999980926514,6.650000095367432,6.489999771118164,6.510000228881836,38487,0.0,0.0
2024-04-04 13:30:00-04:00,6.494999885559082,6.53380012512207,6.300000190734863,6.409999847412109,13304,0.0,0.0
2024-04-04 14:30:00-04:00,6.369999885559082,6.550000190734863,6.309299945831299,6.489999771118164,17445,0.0,0.0
2024-04-04 15:30:00-04:00,6.449999809265137,6.58489990234375,6.420000076293945,6.514999866485596,10740,0.0,0.0
2024-04-05 09:30:00-04:00,6.519999980926514,6.519999980926514,6.230000019073486,6.369999885559082,27563,0.0,0.0
2024-04-05 10:30:00-04:00,6.300000190734863,6.449999809265137,6.21999979019165,6.320099830627441,55823,0.0,0.0
2024-04-05 11:30:00-04:00,6.300000190734863,6.460000038146973,6.300000190734863,6.349999904632568,5709,0.0,0.0
2024-04-05 12:30:00-04:00,6.360099792480469,6.400000095367432,6.320000171661377,6.34499979019165,3041,0.0,0.0
2024-04-05 13:30:00-04:00,6.300000190734863,6.316400051116943,6.264900207519531,6.300000190734863,4548,0.0,0.0
2024-04-05 14:30:00-04:00,6.309999942779541,6.355400085449219,6.201700210571289,6.355400085449219,15788,0.0,0.0
2024-04-05 15:30:00-04:00,6.320000171661377,6.5,6.320000171661377,6.5,9039,0.0,0.0
2024-04-08 09:30:00-04:00,6.489999771118164,6.510000228881836,6.312300205230713,6.43179988861084,45210,0.0,0.0
2024-04-08 10:30:00-04:00,6.429999828338623,6.429999828338623,6.200099945068359,6.200099945068359,8767,0.0,0.0
2024-04-08 11:30:00-04:00,6.329999923706055,6.329999923706055,6.239999771118164,6.270699977874756,2895,0.0,0.0
2024-04-08 12:30:00-04:00,6.309999942779541,6.329999923706055,6.28000020980835,6.329999923706055,1633,0.0,0.0
2024-04-08 13:30:00-04:00,6.267899990081787,6.309999942779541,6.267899990081787,6.309999942779541,1431,0.0,0.0
2024-04-08 14:30:00-04:00,6.28000020980835,6.28000020980835,6.28000020980835,6.28000020980835,200,0.0,0.0
2024-04-08 15:30:00-04:00,6.2600998878479,6.394999980926514,6.260000228881836,6.340000152587891,12951,0.0,0.0
2024-04-09 09:30:00-04:00,6.320000171661377,6.389999866485596,6.151000022888184,6.235000133514404,20599,0.0,0.0
2024-04-09 10:30:00-04:00,6.170199871063232,6.28000020980835,6.170199871063232,6.184999942779541,38261,0.0,0.0
2024-04-09 11:30:00-04:00,6.230000019073486,6.230000019073486,6.230000019073486,6.230000019073486,1194,0.0,0.0
2024-04-09 12:30:00-04:00,6.21999979019165,6.300000190734863,6.21999979019165,6.264999866485596,6782,0.0,0.0
2024-04-09 13:30:00-04:00,6.28000020980835,6.28000020980835,6.241700172424316,6.241700172424316,2837,0.0,0.0
2024-04-09 14:30:00-04:00,6.150000095367432,6.230000019073486,6.150000095367432,6.176300048828125,4155,0.0,0.0
2024-04-09 15:30:00-04:00,6.139999866485596,6.159999847412109,6.039999961853027,6.130000114440918,12357,0.0,0.0
2024-04-10 09:30:00-04:00,6.019999980926514,6.070000171661377,5.71999979019165,6.059999942779541,23848,0.0,0.0
2024-04-10 10:30:00-04:00,6.006199836730957,6.099999904632568,6.0,6.0,9357,0.0,0.0
2024-04-10 11:30:00-04:00,5.940000057220459,5.986700057983398,5.920000076293945,5.96999979019165,2354,0.0,0.0
2024-04-10 12:30:00-04:00,6.005000114440918,6.005000114440918,5.900000095367432,5.900000095367432,6119,0.0,0.0
2024-04-10 13:30:00-04:00,5.840000152587891,5.880000114440918,5.820000171661377,5.820000171661377,9788,0.0,0.0
2024-04-10 14:30:00-04:00,5.820000171661377,6.099999904632568,5.748799800872803,5.849299907684326,13044,0.0,0.0
2024-04-10 15:30:00-04:00,5.8024001121521,5.880000114440918,5.760000228881836,5.880000114440918,6822,0.0,0.0
2024-04-11 09:30:00-04:00,5.889999866485596,5.889999866485596,5.619999885559082,5.737299919128418,14041,0.0,0.0
2024-04-11 10:30:00-04:00,5.710000038146973,5.820000171661377,5.699999809265137,5.78000020980835,5915,0.0,0.0
2024-04-11 11:30:00-04:00,5.849999904632568,5.880000114440918,5.75,5.820000171661377,74796,0.0,0.0
2024-04-11 12:30:00-04:00,5.840000152587891,5.849999904632568,5.824999809265137,5.849999904632568,2425,0.0,0.0
2024-04-11 13:30:00-04:00,5.864999771118164,5.894999980926514,5.860000133514404,5.869999885559082,4985,0.0,0.0
2024-04-11 14:30:00-04:00,5.900000095367432,5.909999847412109,5.860000133514404,5.885000228881836,6895,0.0,0.0
2024-04-11 15:30:00-04:00,5.90500020980835,5.965000152587891,5.90500020980835,5.934999942779541,6017,0.0,0.0
2024-04-12 09:30:00-04:00,5.889999866485596,6.0,5.889999866485596,5.929999828338623,1768,0.0,0.0
2024-04-12 10:30:00-04:00,5.875,5.875,5.699999809265137,5.711599826812744,21669,0.0,0.0
2024-04-12 11:30:00-04:00,5.78000020980835,5.78000020980835,5.639999866485596,5.699999809265137,52615,0.0,0.0
2024-04-12 12:30:00-04:00,5.730000019073486,5.730000019073486,5.730000019073486,5.730000019073486,1045,0.0,0.0
2024-04-12 13:30:00-04:00,5.675000190734863,5.704999923706055,5.630099773406982,5.704999923706055,4793,0.0,0.0
2024-04-12 14:30:00-04:00,5.760000228881836,5.869999885559082,5.759300231933594,5.815000057220459,3606,0.0,0.0
2024-04-12 15:30:00-04:00,5.820000171661377,5.849999904632568,5.710000038146973,5.710000038146973,9198,0.0,0.0
2024-04-15 09:30:00-04:00,5.760000228881836,5.919899940490723,5.699999809265137,5.710000038146973,0,0.0,0.0
2024-04-15 10:30:00-04:00,5.699999809265137,5.699999809265137,5.559999942779541,5.559999942779541,5309,0.0,0.0
2024-04-15 11:30:00-04:00,5.53000020980835,5.559999942779541,5.53000020980835,5.554999828338623,1340,0.0,0.0
2024-04-15 12:30:00-04:00,5.541999816894531,5.550000190734863,5.48360013961792,5.550000190734863,13910,0.0,0.0
2024-04-15 13:30:00-04:00,5.579999923706055,5.579999923706055,5.420000076293945,5.420000076293945,11063,0.0,0.0
2024-04-15 14:30:00-04:00,5.449999809265137,5.5,5.429999828338623,5.439899921417236,11239,0.0,0.0
2024-04-15 15:30:00-04:00,5.474999904632568,5.539999961853027,5.460000038146973,5.510000228881836,6710,0.0,0.0
2024-04-16 09:30:00-04:00,5.499000072479248,5.499100208282471,5.300000190734863,5.300000190734863,11483,0.0,0.0
2024-04-16 10:30:00-04:00,5.309999942779541,5.364999771118164,5.204999923706055,5.289999961853027,7342,0.0,0.0
2024-04-16 11:30:00-04:00,5.340000152587891,5.349999904632568,5.230000019073486,5.320000171661377,3079,0.0,0.0
2024-04-16 12:30:00-04:00,5.260000228881836,5.335000038146973,5.25,5.2947001457214355,3578,0.0,0.0
2024-04-16 13:30:00-04:00,5.255000114440918,5.260000228881836,5.215000152587891,5.21999979019165,2303,0.0,0.0
2024-04-16 14:30:00-04:00,5.21999979019165,5.309999942779541,5.170000076293945,5.239999771118164,9914,0.0,0.0
2024-04-16 15:30:00-04:00,5.340000152587891,5.360000133514404,5.275000095367432,5.360000133514404,2098,0.0,0.0
2024-04-17 09:30:00-04:00,5.28000020980835,5.369999885559082,5.239999771118164,5.309999942779541,11531,0.0,0.0
2024-04-17 10:30:00-04:00,5.304999828338623,5.304999828338623,5.304999828338623,5.304999828338623,550,0.0,0.0
2024-04-17 11:30:00-04:00,5.201399803161621,5.201399803161621,5.201399803161621,5.201399803161621,369,0.0,0.0
2024-04-17 12:30:00-04:00,5.25,5.25,5.230500221252441,5.230500221252441,1529,0.0,0.0
2024-04-17 13:30:00-04:00,5.239999771118164,5.25,5.21999979019165,5.239999771118164,1086,0.0,0.0
2024-04-17 14:30:00-04:00,5.300000190734863,5.300000190734863,5.25,5.28000020980835,6693,0.0,0.0
2024-04-17 15:30:00-04:00,5.25,5.320000171661377,5.224999904632568,5.269999980926514,10301,0.0,0.0
2024-04-18 09:30:00-04:00,5.289999961853027,5.289999961853027,5.190000057220459,5.190000057220459,10953,0.0,0.0
2024-04-18 10:30:00-04:00,5.274499893188477,5.289999961853027,5.199999809265137,5.239999771118164,2135,0.0,0.0
2024-04-18 11:30:00-04:00,5.199999809265137,5.269899845123291,5.199999809265137,5.239999771118164,11354,0.0,0.0
2024-04-18 12:30:00-04:00,5.25,5.25,5.159999847412109,5.229599952697754,2105,0.0,0.0
2024-04-18 13:30:00-04:00,5.159999847412109,5.230000019073486,5.106500148773193,5.199999809265137,37754,0.0,0.0
2024-04-18 14:30:00-04:00,5.210000038146973,5.210000038146973,5.149899959564209,5.150000095367432,3537,0.0,0.0
2024-04-18 15:30:00-04:00,5.179999828338623,5.190000057220459,5.079999923706055,5.079999923706055,21463,0.0,0.0
2024-04-19 09:30:00-04:00,5.130000114440918,5.150000095367432,5.119999885559082,5.119999885559082,2303,0.0,0.0
2024-04-19 10:30:00-04:00,5.090000152587891,5.210000038146973,5.079999923706055,5.184999942779541,43756,0.0,0.0
2024-04-19 11:30:00-04:00,5.170000076293945,5.170000076293945,5.0100998878479,5.074999809265137,8031,0.0,0.0
2024-04-19 13:30:00-04:00,5.05109977722168,5.058199882507324,5.000400066375732,5.058199882507324,1808,0.0,0.0
2024-04-19 14:30:00-04:00,5.070000171661377,5.070000171661377,5.070000171661377,5.070000171661377,1560,0.0,0.0
2024-04-19 15:30:00-04:00,5.105000019073486,5.159999847412109,5.050000190734863,5.159999847412109,6013,0.0,0.0
2024-04-22 09:30:00-04:00,5.070000171661377,5.25,4.900000095367432,4.949999809265137,23725,0.0,0.0
2024-04-22 10:30:00-04:00,4.960000038146973,5.150000095367432,4.800000190734863,4.809999942779541,4896,0.0,0.0
2024-04-22 11:30:00-04:00,4.800000190734863,4.920000076293945,4.71999979019165,4.889999866485596,41339,0.0,0.0
2024-04-22 12:30:00-04:00,4.909999847412109,4.980000019073486,4.860099792480469,4.980000019073486,14011,0.0,0.0
2024-04-22 13:30:00-04:00,4.960000038146973,5.065000057220459,4.960000038146973,5.0100998878479,3301,0.0,0.0
2024-04-22 14:30:00-04:00,5.105000019073486,5.105000019073486,5.039999961853027,5.065000057220459,1609,0.0,0.0
2024-04-22 15:30:00-04:00,5.019999980926514,5.059999942779541,4.989999771118164,5.0,6472,0.0,0.0
2024-04-23 09:30:00-04:00,5.079999923706055,5.249899864196777,5.079999923706055,5.15500020980835,2767,0.0,0.0
2024-04-23 10:30:00-04:00,5.110099792480469,5.150000095367432,5.110099792480469,5.150000095367432,1768,0.0,0.0
2024-04-23 11:30:00-04:00,5.150000095367432,5.150000095367432,5.150000095367432,5.150000095367432,1111,0.0,0.0
2024-04-23 12:30:00-04:00,5.199999809265137,5.260000228881836,5.139999866485596,5.139999866485596,6923,0.0,0.0
2024-04-23 13:30:00-04:00,5.150000095367432,5.349999904632568,5.150000095367432,5.315199851989746,2038,0.0,0.0
2024-04-23 14:30:00-04:00,5.330100059509277,5.400000095367432,5.330100059509277,5.380000114440918,2593,0.0,0.0
2024-04-23 15:30:00-04:00,5.367199897766113,5.460000038146973,5.367199897766113,5.420000076293945,4598,0.0,0.0
2024-04-24 09:30:00-04:00,5.360000133514404,5.434999942779541,5.20419979095459,5.309999942779541,7282,0.0,0.0
2024-04-24 10:30:00-04:00,5.199999809265137,5.199999809265137,5.010000228881836,5.010000228881836,1864,0.0,0.0
2024-04-24 11:30:00-04:00,5.119999885559082,5.119999885559082,4.864999771118164,4.954999923706055,3022,0.0,0.0
2024-04-24 12:30:00-04:00,4.980000019073486,5.0,4.909999847412109,4.909999847412109,11269,0.0,0.0
2024-04-24 13:30:00-04:00,4.909999847412109,5.03000020980835,4.909999847412109,4.96999979019165,31452,0.0,0.0
2024-04-24 14:30:00-04:00,4.974899768829346,5.0,4.929999828338623,4.949999809265137,0,0.0,0.0
2024-04-24 15:30:00-04:00,4.974999904632568,4.974999904632568,4.880000114440918,4.889999866485596,64535,0.0,0.0
2024-04-25 09:30:00-04:00,4.880000114440918,4.889999866485596,4.619999885559082,4.871600151062012,34835,0.0,0.0
2024-04-25 10:30:00-04:00,4.75,4.79449987411499,4.650000095367432,4.690000057220459,4353,0.0,0.0
2024-04-25 11:30:00-04:00,4.621300220489502,4.730000019073486,4.619999885559082,4.700099945068359,3545,0.0,0.0
2024-04-25 12:30:00-04:00,4.715000152587891,4.715000152587891,4.610000133514404,4.679999828338623,7208,0.0,0.0
2024-04-25 13:30:00-04:00,4.644999980926514,4.820000171661377,4.625,4.789999961853027,11317,0.0,0.0
2024-04-25 14:30:00-04:00,4.820000171661377,4.96999979019165,4.695000171661377,4.96999979019165,7977,0.0,0.0
2024-04-25 15:30:00-04:00,4.860000133514404,4.889999866485596,4.860000133514404,4.880000114440918,1629,0.0,0.0
2024-04-26 09:30:00-04:00,4.949999809265137,5.190000057220459,4.949999809265137,5.119999885559082,12044,0.0,0.0
2024-04-26 10:30:00-04:00,5.050000190734863,5.050000190734863,4.950099945068359,5.0,2718,0.0,0.0
2024-04-26 11:30:00-04:00,5.159999847412109,5.159999847412109,5.065000057220459,5.090000152587891,3281,0.0,0.0
2024-04-26 12:30:00-04:00,5.010799884796143,5.085000038146973,5.010799884796143,5.085000038146973,264,0.0,0.0
2024-04-26 13:30:00-04:00,5.050300121307373,5.090000152587891,4.880000114440918,4.900000095367432,8969,0.0,0.0
2024-04-26 14:30:00-04:00,5.005000114440918,5.03000020980835,4.949999809265137,4.960000038146973,10506,0.0,0.0
2024-04-26 15:30:00-04:00,4.985000133514404,5.079999923706055,4.960000038146973,5.0,10654,0.0,0.0
2024-04-29 09:30:00-04:00,5.010000228881836,5.355000019073486,4.909999847412109,5.25,14225,0.0,0.0
2024-04-29 10:30:00-04:00,5.25,5.579999923706055,5.15500020980835,5.329999923706055,27972,0.0,0.0
2024-04-29 11:30:00-04:00,5.369999885559082,5.394999980926514,5.324999809265137,5.360000133514404,5098,0.0,0.0
2024-04-29 12:30:00-04:00,5.34499979019165,5.460000038146973,5.300000190734863,5.349999904632568,31755,0.0,0.0
2024-04-29 13:30:00-04:00,5.349999904632568,5.449999809265137,5.260000228881836,5.449999809265137,2637,0.0,0.0
2024-04-29 14:30:00-04:00,5.401000022888184,5.460000038146973,5.314300060272217,5.375,7212,0.0,0.0
2024-04-29 15:30:00-04:00,5.375,5.510000228881836,5.309999942779541,5.480000019073486,13035,0.0,0.0
2024-04-30 09:30:00-04:00,5.489999771118164,5.489999771118164,5.289999961853027,5.320000171661377,32322,0.0,0.0
2024-04-30 10:30:00-04:00,5.409999847412109,5.409999847412109,5.230000019073486,5.230000019073486,2236,0.0,0.0
2024-04-30 11:30:00-04:00,5.230000019073486,5.230000019073486,5.210000038146973,5.210000038146973,4358,0.0,0.0
2024-04-30 12:30:00-04:00,5.099999904632568,5.2519001960754395,5.099999904632568,5.239999771118164,1570,0.0,0.0
2024-04-30 13:30:00-04:00,5.309999942779541,5.309999942779541,5.130000114440918,5.25,3007,0.0,0.0
2024-04-30 14:30:00-04:00,5.119999885559082,5.279799938201904,5.119999885559082,5.159999847412109,3805,0.0,0.0
2024-04-30 15:30:00-04:00,5.205100059509277,5.349999904632568,5.205100059509277,5.349999904632568,14085,0.0,0.0
2024-05-01 09:30:00-04:00,5.284999847412109,5.475800037384033,5.21999979019165,5.320000171661377,15177,0.0,0.0
2024-05-01 10:30:00-04:00,5.309999942779541,5.3694000244140625,5.170000076293945,5.170000076293945,8358,0.0,0.0
2024-05-01 11:30:00-04:00,5.019999980926514,5.210000038146973,5.010000228881836,5.150000095367432,31022,0.0,0.0
2024-05-01 12:30:00-04:00,5.150000095367432,5.189499855041504,5.150000095367432,5.189499855041504,897,0.0,0.0
2024-05-01 13:30:00-04:00,5.150000095367432,5.204999923706055,5.150000095367432,5.199999809265137,4984,0.0,0.0
2024-05-01 14:30:00-04:00,5.28000020980835,5.385000228881836,5.239999771118164,5.361199855804443,12232,0.0,0.0
2024-05-01 15:30:00-04:00,5.340000152587891,5.430099964141846,5.329999923706055,5.329999923706055,13340,0.0,0.0
2024-05-02 09:30:00-04:00,5.46999979019165,5.479899883270264,5.269999980926514,5.479899883270264,6388,0.0,0.0
2024-05-02 11:30:00-04:00,5.28000020980835,5.289999961853027,5.215000152587891,5.289999961853027,921,0.0,0.0
2024-05-02 12:30:00-04:00,5.300000190734863,5.315400123596191,5.300000190734863,5.315400123596191,4502,0.0,0.0
2024-05-02 13:30:00-04:00,5.280099868774414,5.280099868774414,5.280099868774414,5.280099868774414,841,0.0,0.0
2024-05-02 14:30:00-04:00,5.380000114440918,5.380000114440918,5.380000114440918,5.380000114440918,2320,0.0,0.0
2024-05-02 15:30:00-04:00,5.309999942779541,5.340000152587891,5.210100173950195,5.239999771118164,9045,0.0,0.0
2024-05-03 09:30:00-04:00,5.420000076293945,5.420000076293945,5.099999904632568,5.210000038146973,40623,0.0,0.0
2024-05-03 10:30:00-04:00,5.209000110626221,5.489999771118164,5.209000110626221,5.449999809265137,22088,0.0,0.0
2024-05-03 11:30:00-04:00,5.5,5.5,5.360000133514404,5.40500020980835,758,0.0,0.0
2024-05-03 12:30:00-04:00,5.4558000564575195,5.46999979019165,5.401100158691406,5.46999979019165,4166,0.0,0.0
2024-05-03 13:30:00-04:00,5.3059000968933105,5.3059000968933105,5.3059000968933105,5.3059000968933105,2255,0.0,0.0
2024-05-03 14:30:00-04:00,5.304999828338623,5.420000076293945,5.304999828338623,5.420000076293945,5593,0.0,0.0
2024-05-03 15:30:00-04:00,5.449999809265137,5.510000228881836,5.420000076293945,5.425000190734863,6557,0.0,0.0
2024-05-06 09:30:00-04:00,5.53000020980835,5.53000020980835,5.400000095367432,5.449900150299072,15724,0.0,0.0
2024-05-06 10:30:00-04:00,5.400000095367432,5.449900150299072,5.400000095367432,5.425000190734863,5844,0.0,0.0
2024-05-06 11:30:00-04:00,5.403600215911865,5.4390997886657715,5.403500080108643,5.4390997886657715,5501,0.0,0.0
2024-05-06 12:30:00-04:00,5.40500020980835,5.40500020980835,5.40500020980835,5.40500020980835,385,0.0,0.0
2024-05-06 13:30:00-04:00,5.429999828338623,5.489999771118164,5.429999828338623,5.489999771118164,5935,0.0,0.0
2024-05-06 15:30:00-04:00,5.445000171661377,5.460000038146973,5.434999942779541,5.460000038146973,6471,0.0,0.0
2024-05-07 09:30:00-04:00,5.489999771118164,5.489999771118164,5.389999866485596,5.420000076293945,7506,0.0,0.0
2024-05-07 10:30:00-04:00,5.409999847412109,5.420000076293945,5.409999847412109,5.410299777984619,4686,0.0,0.0
2024-05-07 11:30:00-04:00,5.300000190734863,5.369999885559082,5.264999866485596,5.264999866485596,13754,0.0,0.0
2024-05-07 12:30:00-04:00,5.269999980926514,5.300099849700928,5.241600036621094,5.300099849700928,9881,0.0,0.0
2024-05-07 13:30:00-04:00,5.324999809265137,5.324999809265137,5.289999961853027,5.289999961853027,12342,0.0,0.0
2024-05-07 14:30:00-04:00,5.284299850463867,5.284299850463867,5.210000038146973,5.210000038146973,6607,0.0,0.0
2024-05-07 15:30:00-04:00,5.315199851989746,5.315199851989746,5.199999809265137,5.210000038146973,7766,0.0,0.0
2024-05-08 09:30:00-04:00,5.289999961853027,5.315000057220459,5.090000152587891,5.090000152587891,7068,0.0,0.0
2024-05-08 10:30:00-04:00,5.179999828338623,5.179999828338623,5.179999828338623,5.179999828338623,1345,0.0,0.0
2024-05-08 11:30:00-04:00,5.090099811553955,5.119999885559082,5.0,5.054999828338623,6134,0.0,0.0
2024-05-08 12:30:00-04:00,5.099999904632568,5.204999923706055,5.099999904632568,5.204999923706055,4570,0.0,0.0
2024-05-08 14:30:00-04:00,5.059999942779541,5.169000148773193,5.050099849700928,5.119999885559082,3696,0.0,0.0
2024-05-08 15:30:00-04:00,5.184999942779541,5.230999946594238,5.184999942779541,5.230000019073486,12653,0.0,0.0
2024-05-09 09:30:00-04:00,5.25,5.25,5.230000019073486,5.230000019073486,1688,0.0,0.0
2024-05-09 10:30:00-04:00,5.224999904632568,5.251200199127197,5.135000228881836,5.239999771118164,8404,0.0,0.0
2024-05-09 11:30:00-04:00,5.199999809265137,5.199999809265137,5.199999809265137,5.199999809265137,776,0.0,0.0
2024-05-09 13:30:00-04:00,5.230000019073486,5.25,5.150000095367432,5.150000095367432,2325,0.0,0.0
2024-05-09 14:30:00-04:00,5.150000095367432,5.150000095367432,5.150000095367432,5.150000095367432,989,0.0,0.0
2024-05-09 15:30:00-04:00,5.230000019073486,5.28000020980835,5.230000019073486,5.28000020980835,4315,0.0,0.0
2024-05-10 09:30:00-04:00,5.197199821472168,5.289999961853027,5.158199787139893,5.260000228881836,13266,0.0,0.0
2024-05-10 10:30:00-04:00,5.260000228881836,5.260000228881836,5.111199855804443,5.111199855804443,5758,0.0,0.0
2024-05-10 11:30:00-04:00,5.150000095367432,5.329999923706055,5.150000095367432,5.170000076293945,8852,0.0,0.0
2024-05-10 13:30:00-04:00,5.269999980926514,5.289999961853027,5.269999980926514,5.289999961853027,1327,0.0,0.0
2024-05-10 14:30:00-04:00,5.260000228881836,5.260000228881836,5.2459001541137695,5.2459001541137695,2565,0.0,0.0
2024-05-10 15:30:00-04:00,5.269999980926514,5.28000020980835,5.2617998123168945,5.28000020980835,2782,0.0,0.0
2024-05-13 09:30:00-04:00,5.25,5.499899864196777,5.192500114440918,5.469900131225586,0,0.0,0.0
2024-05-13 10:30:00-04:00,5.369999885559082,5.369999885559082,5.309999942779541,5.309999942779541,2214,0.0,0.0
2024-05-13 11:30:00-04:00,5.28000020980835,5.28000020980835,5.220900058746338,5.255199909210205,6973,0.0,0.0
2024-05-13 12:30:00-04:00,5.269999980926514,5.28000020980835,5.269999980926514,5.28000020980835,2191,0.0,0.0
2024-05-13 13:30:00-04:00,5.20989990234375,5.349899768829346,5.090000152587891,5.349899768829346,13275,0.0,0.0
2024-05-13 14:30:00-04:00,5.156400203704834,5.224999904632568,5.139999866485596,5.139999866485596,1762,0.0,0.0
2024-05-13 15:30:00-04:00,5.159999847412109,5.284999847412109,5.159999847412109,5.284999847412109,1447,0.0,0.0
2024-05-14 09:30:00-04:00,5.210000038146973,5.2399001121521,5.019999980926514,5.100100040435791,5208,0.0,0.0
2024-05-14 10:30:00-04:00,5.179999828338623,5.179999828338623,5.179999828338623,5.179999828338623,582,0.0,0.0
2024-05-14 11:30:00-04:00,5.135000228881836,5.179999828338623,5.135000228881836,5.179999828338623,1984,0.0,0.0
2024-05-14 12:30:00-04:00,5.130000114440918,5.210000038146973,5.130000114440918,5.210000038146973,6139,0.0,0.0
2024-05-14 13:30:00-04:00,5.279399871826172,5.279399871826172,5.279399871826172,5.279399871826172,398,0.0,0.0
2024-05-14 14:30:00-04:00,5.130099773406982,5.164999961853027,5.130000114440918,5.164999961853027,9428,0.0,0.0
2024-05-14 15:30:00-04:00,5.179999828338623,5.300000190734863,5.179999828338623,5.230000019073486,2803,0.0,0.0
2024-05-15 09:30:00-04:00,5.269999980926514,5.289999961853027,5.151299953460693,5.2484002113342285,5194,0.0,0.0
2024-05-15 10:30:00-04:00,5.170000076293945,5.300000190734863,5.170000076293945,5.264999866485596,4298,0.0,0.0
2024-05-15 11:30:00-04:00,5.364999771118164,5.400000095367432,5.270100116729736,5.400000095367432,5073,0.0,0.0
2024-05-15 12:30:00-04:00,5.447000026702881,5.447000026702881,5.348100185394287,5.385200023651123,1699,0.0,0.0
2024-05-15 13:30:00-04:00,5.372600078582764,5.374800205230713,5.372600078582764,5.374800205230713,888,0.0,0.0
2024-05-15 14:30:00-04:00,5.269999980926514,5.317800045013428,5.269999980926514,5.269999980926514,4595,0.0,0.0
2024-05-15 15:30:00-04:00,5.389999866485596,5.409999847412109,5.215000152587891,5.222400188446045,1994,0.0,0.0
2024-05-16 09:30:00-04:00,5.289999961853027,5.400000095367432,5.199999809265137,5.239999771118164,13007,0.0,0.0
2024-05-16 10:30:00-04:00,5.309999942779541,5.309999942779541,5.295000076293945,5.295000076293945,1070,0.0,0.0
2024-05-16 12:30:00-04:00,5.312099933624268,5.312099933624268,5.312099933624268,5.312099933624268,2095,0.0,0.0
2024-05-16 13:30:00-04:00,5.349999904632568,5.349999904632568,5.349999904632568,5.349999904632568,2252,0.0,0.0
2024-05-16 14:30:00-04:00,5.414999961853027,5.429999828338623,5.329999923706055,5.349999904632568,2116,0.0,0.0
2024-05-16 15:30:00-04:00,5.480000019073486,5.480000019073486,5.329999923706055,5.449999809265137,4892,0.0,0.0
2024-05-17 09:30:00-04:00,5.380000114440918,5.460000038146973,5.239999771118164,5.300099849700928,4453,0.0,0.0
2024-05-17 10:30:00-04:00,5.380000114440918,5.380000114440918,5.28000020980835,5.28000020980835,3299,0.0,0.0
2024-05-17 11:30:00-04:00,5.300000190734863,5.300000190734863,5.300000190734863,5.300000190734863,2818,0.0,0.0
2024-05-17 12:30:00-04:00,5.329999923706055,5.329999923706055,5.329999923706055,5.329999923706055,2070,0.0,0.0
2024-05-17 13:30:00-04:00,5.25,5.25,5.25,5.25,866,0.0,0.0
2024-05-17 14:30:00-04:00,5.329999923706055,5.329999923706055,5.295000076293945,5.320000171661377,7274,0.0,0.0
2024-05-17 15:30:00-04:00,5.320000171661377,5.349999904632568,5.25,5.25,4824,0.0,0.0
2024-05-20 09:30:00-04:00,5.21999979019165,5.259900093078613,5.135000228881836,5.25,0,0.0,0.0
2024-05-20 10:30:00-04:00,5.179999828338623,5.241799831390381,5.139999866485596,5.241799831390381,3811,0.0,0.0
2024-05-20 11:30:00-04:00,5.150000095367432,5.169899940490723,5.139999866485596,5.169899940490723,1780,0.0,0.0
2024-05-20 12:30:00-04:00,5.144999980926514,5.249899864196777,5.130000114440918,5.130000114440918,2193,0.0,0.0
2024-05-20 13:30:00-04:00,5.159999847412109,5.276800155639648,5.159999847412109,5.179999828338623,21674,0.0,0.0
2024-05-20 15:30:00-04:00,5.179999828338623,5.269999980926514,5.159999847412109,5.159999847412109,3844,0.0,0.0
2024-05-21 09:30:00-04:00,5.239999771118164,5.239999771118164,5.164999961853027,5.180099964141846,2650,0.0,0.0
2024-05-21 10:30:00-04:00,5.223400115966797,5.223400115966797,5.220399856567383,5.220399856567383,2610,0.0,0.0
2024-05-21 11:30:00-04:00,5.199999809265137,5.228700160980225,5.199999809265137,5.228700160980225,369,0.0,0.0
2024-05-21 12:30:00-04:00,5.220099925994873,5.220099925994873,4.730000019073486,5.179999828338623,47658,0.0,0.0
2024-05-21 13:30:00-04:00,5.059999942779541,5.059999942779541,4.949999809265137,5.019999980926514,4003,0.0,0.0
2024-05-21 14:30:00-04:00,5.0,5.050099849700928,5.0,5.050099849700928,3192,0.0,0.0
2024-05-21 15:30:00-04:00,5.050000190734863,5.150000095367432,5.050000190734863,5.150000095367432,8235,0.0,0.0
2024-05-22 09:30:00-04:00,5.099999904632568,5.110000133514404,4.889999866485596,4.934999942779541,9171,0.0,0.0
2024-05-22 10:30:00-04:00,4.920000076293945,4.994100093841553,4.920000076293945,4.960000038146973,3949,0.0,0.0
2024-05-22 11:30:00-04:00,5.0,5.0,4.90500020980835,5.0,27181,0.0,0.0
2024-05-22 12:30:00-04:00,4.990099906921387,4.990099906921387,4.849999904632568,4.920000076293945,14952,0.0,0.0
2024-05-22 13:30:00-04:00,4.93310022354126,4.93310022354126,4.75,4.75,12331,0.0,0.0
2024-05-22 14:30:00-04:00,4.809999942779541,4.989999771118164,4.809999942779541,4.985000133514404,11288,0.0,0.0
2024-05-22 15:30:00-04:00,4.989999771118164,5.070000171661377,4.849999904632568,4.849999904632568,21719,0.0,0.0
2024-05-23 09:30:00-04:00,4.800000190734863,4.969799995422363,4.800000190734863,4.900000095367432,7164,0.0,0.0
2024-05-23 10:30:00-04:00,4.879000186920166,4.949999809265137,4.879000186920166,4.900000095367432,3580,0.0,0.0
2024-05-23 11:30:00-04:00,4.820000171661377,4.829999923706055,4.710000038146973,4.710000038146973,15693,0.0,0.0
2024-05-23 12:30:00-04:00,4.769999980926514,4.769999980926514,4.741499900817871,4.741499900817871,788,0.0,0.0
2024-05-23 13:30:00-04:00,4.730000019073486,4.789999961853027,4.71999979019165,4.789999961853027,9099,0.0,0.0
2024-05-23 14:30:00-04:00,4.690000057220459,4.80210018157959,4.670000076293945,4.777200222015381,4960,0.0,0.0
2024-05-23 15:30:00-04:00,4.679999828338623,4.760000228881836,4.670100212097168,4.760000228881836,1367,0.0,0.0
2024-05-24 09:30:00-04:00,4.710000038146973,4.710000038146973,4.269999980926514,4.400000095367432,66421,0.0,0.0
2024-05-24 10:30:00-04:00,4.369999885559082,4.489999771118164,4.250400066375732,4.360000133514404,31937,0.0,0.0
2024-05-24 11:30:00-04:00,4.389999866485596,4.500199794769287,4.364999771118164,4.429900169372559,20149,0.0,0.0
2024-05-24 12:30:00-04:00,4.460100173950195,4.46019983291626,4.389999866485596,4.409999847412109,20071,0.0,0.0
2024-05-24 13:30:00-04:00,4.409900188446045,4.409900188446045,4.300000190734863,4.300000190734863,13955,0.0,0.0
2024-05-24 14:30:00-04:00,4.28000020980835,4.4197001457214355,4.269999980926514,4.329999923706055,12598,0.0,0.0
2024-05-24 15:30:00-04:00,4.300000190734863,4.349999904632568,4.159999847412109,4.159999847412109,22194,0.0,0.0
2024-05-28 09:30:00-04:00,4.230000019073486,4.380000114440918,4.110000133514404,4.269999980926514,33334,0.0,0.0
2024-05-28 10:30:00-04:00,4.230000019073486,4.269999980926514,4.230000019073486,4.25,6266,0.0,0.0
2024-05-28 11:30:00-04:00,4.250100135803223,4.250100135803223,4.139999866485596,4.21999979019165,12379,0.0,0.0
2024-05-28 12:30:00-04:00,4.167200088500977,4.235000133514404,4.130099773406982,4.210000038146973,8370,0.0,0.0
2024-05-28 13:30:00-04:00,4.199999809265137,4.259300231933594,4.059999942779541,4.059999942779541,12239,0.0,0.0
2024-05-28 14:30:00-04:00,4.074999809265137,4.099999904632568,4.070000171661377,4.099999904632568,15154,0.0,0.0
2024-05-28 15:30:00-04:00,4.119999885559082,4.199999809265137,4.070000171661377,4.070000171661377,4859,0.0,0.0
2024-05-29 09:30:00-04:00,4.130000114440918,4.130000114440918,3.799999952316284,3.8949999809265137,281719,0.0,0.0
2024-05-29 10:30:00-04:00,3.8499999046325684,4.084400177001953,3.8499999046325684,3.9800000190734863,15794,0.0,0.0
2024-05-29 11:30:00-04:00,3.981800079345703,4.010000228881836,3.930000066757202,4.0,10576,0.0,0.0
2024-05-29 12:30:00-04:00,3.990299940109253,4.03000020980835,3.9809999465942383,3.985599994659424,15374,0.0,0.0
2024-05-29 13:30:00-04:00,3.994999885559082,4.159900188446045,3.9820001125335693,4.159900188446045,28087,0.0,0.0
2024-05-29 14:30:00-04:00,4.090000152587891,4.125,3.9200000762939453,3.934000015258789,34696,0.0,0.0
2024-05-29 15:30:00-04:00,4.050000190734863,4.090000152587891,3.9800000190734863,4.054999828338623,16428,0.0,0.0
2024-05-30 09:30:00-04:00,3.890000104904175,4.0,3.819999933242798,3.934999942779541,15247,0.0,0.0
2024-05-30 10:30:00-04:00,3.9200000762939453,3.9200000762939453,3.8949999809265137,3.9049999713897705,2326,0.0,0.0
2024-05-30 11:30:00-04:00,3.880000114440918,3.930000066757202,3.8703999519348145,3.930000066757202,2203,0.0,0.0
2024-05-30 12:30:00-04:00,3.930000066757202,3.9800000190734863,3.930000066757202,3.9800000190734863,8876,0.0,0.0
2024-05-30 13:30:00-04:00,3.953000068664551,3.953000068664551,3.930000066757202,3.930000066757202,785,0.0,0.0
2024-05-30 14:30:00-04:00,3.9790000915527344,4.090000152587891,3.9790000915527344,4.090000152587891,6766,0.0,0.0
2024-05-30 15:30:00-04:00,4.019999980926514,4.099999904632568,4.010000228881836,4.039999961853027,7422,0.0,0.0
2024-05-31 09:30:00-04:00,4.059999942779541,4.119999885559082,4.01039981842041,4.09499979019165,8748,0.0,0.0
2024-05-31 10:30:00-04:00,4.125999927520752,4.199999809265137,4.119999885559082,4.189199924468994,6432,0.0,0.0
2024-05-31 11:30:00-04:00,4.179999828338623,4.300000190734863,4.119999885559082,4.300000190734863,12060,0.0,0.0
2024-05-31 12:30:00-04:00,4.289999961853027,4.349999904632568,4.181000232696533,4.289899826049805,14105,0.0,0.0
2024-05-31 13:30:00-04:00,4.269999980926514,4.295000076293945,4.199999809265137,4.281599998474121,12574,0.0,0.0
2024-05-31 14:30:00-04:00,4.264999866485596,4.315000057220459,4.239999771118164,4.289999961853027,13790,0.0,0.0
2024-05-31 15:30:00-04:00,4.255000114440918,4.300000190734863,4.25,4.300000190734863,6302,0.0,0.0
2024-06-03 09:30:00-04:00,4.75,7.880000114440918,4.679999828338623,7.050000190734863,4808547,0.0,0.0
2024-06-03 10:30:00-04:00,7.090000152587891,7.28000020980835,6.260000228881836,6.420000076293945,7105130,0.0,0.0
2024-06-03 11:30:00-04:00,6.400000095367432,7.920000076293945,6.03000020980835,7.920000076293945,3076718,0.0,0.0
2024-06-03 12:30:00-04:00,8.199999809265137,8.819999694824219,7.329999923706055,7.738999843597412,8441160,0.0,0.0
2024-06-03 13:30:00-04:00,7.730000019073486,7.929900169372559,6.96999979019165,7.420000076293945,3269485,0.0,0.0
2024-06-03 14:30:00-04:00,7.400000095367432,8.009900093078613,7.179999828338623,7.480100154876709,3016511,0.0,0.0
2024-06-03 15:30:00-04:00,7.510000228881836,7.650000095367432,7.079999923706055,7.302800178527832,876247,0.0,0.0
2024-06-04 09:30:00-04:00,7.340000152587891,8.1899995803833,7.0320000648498535,7.321199893951416,1012954,0.0,0.0
2024-06-04 10:30:00-04:00,7.34499979019165,7.919899940490723,7.130000114440918,7.21999979019165,418225,0.0,0.0
2024-06-04 11:30:00-04:00,7.260000228881836,7.275000095367432,6.800000190734863,7.150000095367432,111048,0.0,0.0
2024-06-04 12:30:00-04:00,7.150000095367432,7.269999980926514,7.114999771118164,7.135000228881836,45992,0.0,0.0
2024-06-04 13:30:00-04:00,7.119999885559082,7.159999847412109,7.026899814605713,7.074999809265137,32450,0.0,0.0
2024-06-04 14:30:00-04:00,7.079999923706055,7.130000114440918,6.690000057220459,6.71999979019165,87071,0.0,0.0
2024-06-04 15:30:00-04:00,6.730000019073486,6.929999828338623,6.730000019073486,6.795000076293945,90212,0.0,0.0
2024-06-05 09:30:00-04:00,6.96999979019165,7.239999771118164,6.710000038146973,6.809999942779541,121250,0.0,0.0
2024-06-05 10:30:00-04:00,6.929999828338623,6.989999771118164,6.699999809265137,6.869999885559082,85405,0.0,0.0
2024-06-05 11:30:00-04:00,6.869999885559082,6.869999885559082,6.210000038146973,6.389999866485596,103559,0.0,0.0
2024-06-05 12:30:00-04:00,6.389999866485596,6.760000228881836,6.260000228881836,6.730000019073486,50646,0.0,0.0
2024-06-05 13:30:00-04:00,6.699999809265137,6.730000019073486,6.480000019073486,6.650000095367432,28534,0.0,0.0
2024-06-05 14:30:00-04:00,6.650000095367432,6.690000057220459,6.349999904632568,6.510000228881836,60881,0.0,0.0
2024-06-05 15:30:00-04:00,6.519999980926514,6.619900226593018,6.46999979019165,6.550000190734863,34681,0.0,0.0
2024-06-06 09:30:00-04:00,6.559999942779541,6.599899768829346,6.269999980926514,6.460000038146973,43383,0.0,0.0
2024-06-06 10:30:00-04:00,6.46999979019165,6.710000038146973,6.46999979019165,6.710000038146973,21143,0.0,0.0
2024-06-06 11:30:00-04:00,6.710000038146973,6.710000038146973,6.519999980926514,6.684999942779541,23900,0.0,0.0
2024-06-06 12:30:00-04:00,6.730599880218506,6.730599880218506,6.5,6.510000228881836,30382,0.0,0.0
2024-06-06 13:30:00-04:00,6.539999961853027,6.619999885559082,6.460000038146973,6.460000038146973,6731,0.0,0.0
2024-06-06 14:30:00-04:00,6.440000057220459,6.445000171661377,6.090000152587891,6.175000190734863,48077,0.0,0.0
2024-06-06 15:30:00-04:00,6.21999979019165,6.419899940490723,6.179999828338623,6.380000114440918,28242,0.0,0.0
2024-06-07 09:30:00-04:00,6.21999979019165,6.21999979019165,6.090400218963623,6.199999809265137,19376,0.0,0.0
2024-06-07 10:30:00-04:00,6.159999847412109,6.239999771118164,6.060999870300293,6.060999870300293,11371,0.0,0.0
2024-06-07 11:30:00-04:00,6.116199970245361,6.339900016784668,6.030099868774414,6.21999979019165,18853,0.0,0.0
2024-06-07 12:30:00-04:00,6.239999771118164,6.260000228881836,6.210000038146973,6.21999979019165,7947,0.0,0.0
2024-06-07 13:30:00-04:00,6.25,6.28000020980835,6.170000076293945,6.210000038146973,12952,0.0,0.0
2024-06-07 14:30:00-04:00,6.210000038146973,6.210000038146973,6.100100040435791,6.130000114440918,7877,0.0,0.0
2024-06-07 15:30:00-04:00,6.144999980926514,6.224999904632568,6.130000114440918,6.139999866485596,23550,0.0,0.0
2024-06-10 09:30:00-04:00,6.159999847412109,6.190000057220459,6.050000190734863,6.099999904632568,13280,0.0,0.0
2024-06-10 10:30:00-04:00,6.190000057220459,6.489999771118164,6.190000057220459,6.21999979019165,26163,0.0,0.0
2024-06-10 11:30:00-04:00,6.3084001541137695,6.360000133514404,6.25,6.298999786376953,13875,0.0,0.0
2024-06-10 12:30:00-04:00,6.21999979019165,6.289899826049805,6.195000171661377,6.195000171661377,6714,0.0,0.0
2024-06-10 13:30:00-04:00,6.17080020904541,6.210000038146973,6.114999771118164,6.175000190734863,15503,0.0,0.0
2024-06-10 14:30:00-04:00,6.179999828338623,6.179999828338623,6.119999885559082,6.119999885559082,17113,0.0,0.0
2024-06-10 15:30:00-04:00,6.110000133514404,6.150000095367432,6.090000152587891,6.105000019073486,22035,0.0,0.0
2024-06-11 09:30:00-04:00,6.139999866485596,6.210000038146973,6.059999942779541,6.150000095367432,27390,0.0,0.0
2024-06-11 10:30:00-04:00,6.110000133514404,6.45989990234375,6.090000152587891,6.389999866485596,26309,0.0,0.0
2024-06-11 11:30:00-04:00,6.380000114440918,6.670000076293945,6.380000114440918,6.589300155639648,22809,0.0,0.0
2024-06-11 12:30:00-04:00,6.5,6.519999980926514,6.34499979019165,6.439899921417236,11917,0.0,0.0
2024-06-11 13:30:00-04:00,6.429999828338623,6.619999885559082,6.429999828338623,6.445000171661377,43610,0.0,0.0
2024-06-11 14:30:00-04:00,6.46999979019165,6.550000190734863,6.425000190734863,6.534999847412109,40486,0.0,0.0
2024-06-11 15:30:00-04:00,6.519999980926514,6.570000171661377,6.489999771118164,6.53000020980835,40791,0.0,0.0
2024-06-12 09:30:00-04:00,6.980000019073486,8.0,6.730000019073486,7.78000020980835,750006,0.0,0.0
2024-06-12 10:30:00-04:00,7.830999851226807,8.949999809265137,7.830999851226807,8.199999809265137,1306774,0.0,0.0
2024-06-12 11:30:00-04:00,8.161700248718262,8.29990005493164,7.454999923706055,7.550000190734863,481739,0.0,0.0
2024-06-12 12:30:00-04:00,7.550000190734863,7.690000057220459,7.300000190734863,7.554999828338623,93521,0.0,0.0
2024-06-12 13:30:00-04:00,7.539999961853027,7.550000190734863,6.980000019073486,7.110000133514404,99422,0.0,0.0
2024-06-12 14:30:00-04:00,7.129899978637695,7.150000095367432,6.630000114440918,6.639999866485596,219136,0.0,0.0
2024-06-12 15:30:00-04:00,6.630099773406982,7.210000038146973,6.630000114440918,6.860000133514404,223469,0.0,0.0
2024-06-13 09:30:00-04:00,7.289999961853027,7.289999961853027,6.900000095367432,7.099999904632568,123428,0.0,0.0
2024-06-13 10:30:00-04:00,7.09499979019165,7.105000019073486,6.960000038146973,6.977700233459473,95100,0.0,0.0
2024-06-13 11:30:00-04:00,7.03000020980835,7.070000171661377,6.980000019073486,6.980000019073486,36534,0.0,0.0
2024-06-13 12:30:00-04:00,6.949999809265137,7.050000190734863,6.860000133514404,7.012499809265137,32515,0.0,0.0
2024-06-13 13:30:00-04:00,7.011000156402588,7.135000228881836,6.930099964141846,7.135000228881836,25960,0.0,0.0
2024-06-13 14:30:00-04:00,7.099999904632568,7.130000114440918,7.010000228881836,7.125,27181,0.0,0.0
2024-06-13 15:30:00-04:00,7.099999904632568,7.149899959564209,7.040800094604492,7.099999904632568,72555,0.0,0.0
2024-06-14 09:30:00-04:00,7.070000171661377,7.190000057220459,7.0106000900268555,7.105000019073486,69456,0.0,0.0
2024-06-14 10:30:00-04:00,7.139999866485596,7.239999771118164,7.090000152587891,7.164999961853027,27190,0.0,0.0
2024-06-14 11:30:00-04:00,7.130000114440918,7.130000114440918,6.519999980926514,7.058800220489502,213132,0.0,0.0
2024-06-14 12:30:00-04:00,7.059999942779541,7.199999809265137,6.980000019073486,7.119999885559082,64453,0.0,0.0
2024-06-14 13:30:00-04:00,7.119999885559082,7.15500020980835,7.0,7.09499979019165,56642,0.0,0.0
2024-06-14 14:30:00-04:00,7.129899978637695,7.130000114440918,7.050000190734863,7.070000171661377,55556,0.0,0.0
2024-06-14 15:30:00-04:00,7.090000152587891,7.130000114440918,7.065000057220459,7.090000152587891,81717,0.0,0.0
2024-06-17 09:30:00-04:00,7.019999980926514,7.110000133514404,6.949999809265137,6.985000133514404,48274,0.0,0.0
2024-06-17 10:30:00-04:00,6.980000019073486,7.059999942779541,6.980000019073486,7.025000095367432,20941,0.0,0.0
2024-06-17 11:30:00-04:00,6.989999771118164,7.0,6.849999904632568,6.871600151062012,46598,0.0,0.0
2024-06-17 12:30:00-04:00,6.869999885559082,6.96999979019165,6.769999980926514,6.914999961853027,36049,0.0,0.0
2024-06-17 13:30:00-04:00,6.920100212097168,6.960000038146973,6.880000114440918,6.960000038146973,5797,0.0,0.0
2024-06-17 14:30:00-04:00,6.909999847412109,6.909999847412109,6.690299987792969,6.800000190734863,25535,0.0,0.0
2024-06-17 15:30:00-04:00,6.800000190734863,6.824999809265137,6.659999847412109,6.75,61543,0.0,0.0
2024-06-18 09:30:00-04:00,6.699999809265137,6.730000019073486,6.585000038146973,6.599999904632568,25923,0.0,0.0
2024-06-18 10:30:00-04:00,6.599999904632568,6.599999904632568,6.260000228881836,6.340000152587891,45225,0.0,0.0
2024-06-18 11:30:00-04:00,6.340000152587891,6.340000152587891,6.079999923706055,6.119999885559082,42686,0.0,0.0
2024-06-18 12:30:00-04:00,6.119999885559082,6.199999809265137,6.099999904632568,6.15500020980835,9276,0.0,0.0
2024-06-18 13:30:00-04:00,6.164999961853027,6.199999809265137,6.059999942779541,6.164999961853027,23274,0.0,0.0
2024-06-18 14:30:00-04:00,6.190000057220459,6.255000114440918,6.150000095367432,6.21999979019165,24258,0.0,0.0
2024-06-18 15:30:00-04:00,6.255000114440918,6.260000228881836,6.019999980926514,6.034999847412109,52620,0.0,0.0
2024-06-20 09:30:00-04:00,5.769999980926514,6.090000152587891,5.75,5.942999839782715,74658,0.0,0.0
2024-06-20 10:30:00-04:00,5.9096999168396,5.919899940490723,5.820400238037109,5.880000114440918,27420,0.0,0.0
2024-06-20 11:30:00-04:00,5.851500034332275,5.940000057220459,5.851500034332275,5.880000114440918,10394,0.0,0.0
2024-06-20 12:30:00-04:00,5.873000144958496,5.873000144958496,5.829999923706055,5.849999904632568,19113,0.0,0.0
2024-06-20 13:30:00-04:00,5.864999771118164,5.920000076293945,5.860000133514404,5.91540002822876,5104,0.0,0.0
2024-06-20 14:30:00-04:00,5.880000114440918,5.934999942779541,5.822400093078613,5.9105000495910645,20696,0.0,0.0
2024-06-20 15:30:00-04:00,5.909999847412109,6.019999980926514,5.909999847412109,5.929999828338623,28026,0.0,0.0
2024-06-21 09:30:00-04:00,6.010000228881836,6.010000228881836,5.800000190734863,5.849999904632568,33556,0.0,0.0
2024-06-21 10:30:00-04:00,5.84499979019165,5.920000076293945,5.810100078582764,5.900000095367432,21432,0.0,0.0
2024-06-21 11:30:00-04:00,5.860000133514404,5.880000114440918,5.840000152587891,5.880000114440918,3637,0.0,0.0
2024-06-21 12:30:00-04:00,5.869999885559082,5.9197001457214355,5.850100040435791,5.9197001457214355,3945,0.0,0.0
2024-06-21 13:30:00-04:00,5.889999866485596,5.909999847412109,5.801000118255615,5.84499979019165,14244,0.0,0.0
2024-06-21 14:30:00-04:00,5.84499979019165,5.869999885559082,5.800000190734863,5.800000190734863,21606,0.0,0.0
2024-06-21 15:30:00-04:00,5.800000190734863,5.920000076293945,5.800000190734863,5.869999885559082,26205,0.0,0.0
2024-06-24 09:30:00-04:00,5.960000038146973,6.130000114440918,5.800000190734863,5.980000019073486,51388,0.0,0.0
2024-06-24 10:30:00-04:00,5.949999809265137,6.240300178527832,5.940000057220459,6.170000076293945,23280,0.0,0.0
2024-06-24 11:30:00-04:00,6.15500020980835,6.15500020980835,5.926799774169922,5.96999979019165,14565,0.0,0.0
2024-06-24 12:30:00-04:00,5.980000019073486,6.03000020980835,5.929999828338623,6.03000020980835,10173,0.0,0.0
2024-06-24 13:30:00-04:00,6.070000171661377,6.070000171661377,5.949999809265137,5.949999809265137,7358,0.0,0.0
2024-06-24 14:30:00-04:00,5.940000057220459,5.940000057220459,5.829999923706055,5.869999885559082,20775,0.0,0.0
2024-06-24 15:30:00-04:00,5.894999980926514,5.960000038146973,5.885000228881836,5.960000038146973,21482,0.0,0.0
2024-06-25 09:30:00-04:00,5.940000057220459,5.949999809265137,5.813499927520752,5.869999885559082,45734,0.0,0.0
2024-06-25 10:30:00-04:00,5.914999961853027,5.940000057220459,5.809999942779541,5.809999942779541,5917,0.0,0.0
2024-06-25 11:30:00-04:00,5.840000152587891,5.900000095367432,5.7505998611450195,5.78000020980835,27700,0.0,0.0
2024-06-25 12:30:00-04:00,5.75,5.75,5.644999980926514,5.679999828338623,9486,0.0,0.0
2024-06-25 13:30:00-04:00,5.683000087738037,5.809999942779541,5.659999847412109,5.739999771118164,6378,0.0,0.0
2024-06-25 14:30:00-04:00,5.760000228881836,5.775000095367432,5.699999809265137,5.730000019073486,12094,0.0,0.0
2024-06-25 15:30:00-04:00,5.739999771118164,5.75,5.699999809265137,5.699999809265137,14231,0.0,0.0
2024-06-26 09:30:00-04:00,5.730000019073486,5.849999904632568,5.420100212097168,5.698599815368652,102478,0.0,0.0
2024-06-26 10:30:00-04:00,5.619999885559082,5.679999828338623,5.519999980926514,5.639999866485596,98262,0.0,0.0
2024-06-26 11:30:00-04:00,5.670000076293945,5.690000057220459,5.5100998878479,5.630000114440918,9516,0.0,0.0
2024-06-26 12:30:00-04:00,5.619999885559082,5.659999847412109,5.489999771118164,5.5,17771,0.0,0.0
2024-06-26 13:30:00-04:00,5.559999942779541,5.610000133514404,5.550000190734863,5.610000133514404,11523,0.0,0.0
2024-06-26 14:30:00-04:00,5.619999885559082,5.650000095367432,5.519999980926514,5.519999980926514,10184,0.0,0.0
2024-06-26 15:30:00-04:00,5.519999980926514,5.570000171661377,5.480000019073486,5.539999961853027,22899,0.0,0.0
2024-06-27 09:30:00-04:00,5.619999885559082,5.619999885559082,5.400000095367432,5.400000095367432,26957,0.0,0.0
2024-06-27 10:30:00-04:00,5.427999973297119,5.542500019073486,5.369999885559082,5.496500015258789,20785,0.0,0.0
2024-06-27 11:30:00-04:00,5.46999979019165,5.5,5.460000038146973,5.5,4490,0.0,0.0
2024-06-27 12:30:00-04:00,5.525000095367432,5.550000190734863,5.449999809265137,5.460000038146973,16694,0.0,0.0
2024-06-27 13:30:00-04:00,5.440000057220459,5.579999923706055,5.440000057220459,5.46999979019165,12798,0.0,0.0
2024-06-27 14:30:00-04:00,5.53000020980835,5.565000057220459,5.46999979019165,5.480000019073486,14119,0.0,0.0
2024-06-27 15:30:00-04:00,5.533299922943115,5.533299922943115,5.449999809265137,5.46999979019165,35909,0.0,0.0
2024-06-28 09:30:00-04:00,5.550000190734863,5.920000076293945,5.320899963378906,5.400000095367432,22162,0.0,0.0
2024-06-28 10:30:00-04:00,5.375,5.389999866485596,5.139999866485596,5.230000019073486,95792,0.0,0.0
2024-06-28 11:30:00-04:00,5.159999847412109,5.315899848937988,5.159999847412109,5.284999847412109,48051,0.0,0.0
2024-06-28 12:30:00-04:00,5.316100120544434,5.425000190734863,5.269999980926514,5.400000095367432,11350,0.0,0.0
2024-06-28 13:30:00-04:00,5.380000114440918,5.400000095367432,5.320000171661377,5.329999923706055,5703,0.0,0.0
2024-06-28 14:30:00-04:00,5.380000114440918,5.389999866485596,5.309999942779541,5.335000038146973,14603,0.0,0.0
2024-06-28 15:30:00-04:00,5.369999885559082,5.480000019073486,5.369999885559082,5.420000076293945,21254,0.0,0.0
2024-07-01 09:30:00-04:00,5.449999809265137,5.449999809265137,5.190000057220459,5.300000190734863,64649,0.0,0.0
2024-07-01 10:30:00-04:00,5.349899768829346,5.360000133514404,5.28000020980835,5.300000190734863,4311,0.0,0.0
2024-07-01 11:30:00-04:00,5.199999809265137,5.389999866485596,5.199999809265137,5.389999866485596,7617,0.0,0.0
2024-07-01 12:30:00-04:00,5.349999904632568,5.400000095367432,5.28000020980835,5.310100078582764,66333,0.0,0.0
2024-07-01 13:30:00-04:00,5.326200008392334,5.400000095367432,5.310999870300293,5.349999904632568,6844,0.0,0.0
2024-07-01 14:30:00-04:00,5.364999771118164,5.400000095367432,5.340000152587891,5.369999885559082,8736,0.0,0.0
2024-07-01 15:30:00-04:00,5.340000152587891,5.414999961853027,5.340000152587891,5.389999866485596,18146,0.0,0.0
2024-07-02 09:30:00-04:00,5.380000114440918,5.420000076293945,5.195000171661377,5.289999961853027,24409,0.0,0.0
2024-07-02 10:30:00-04:00,5.260000228881836,5.276299953460693,5.229700088500977,5.25,16842,0.0,0.0
2024-07-02 11:30:00-04:00,5.21999979019165,5.25,5.21999979019165,5.239999771118164,7306,0.0,0.0
2024-07-02 12:30:00-04:00,5.26200008392334,5.26200008392334,5.079999923706055,5.090000152587891,43952,0.0,0.0
2024-07-02 13:30:00-04:00,5.090000152587891,5.150000095367432,5.090000152587891,5.150000095367432,11071,0.0,0.0
2024-07-02 14:30:00-04:00,5.120100021362305,5.179999828338623,5.099999904632568,5.119999885559082,7985,0.0,0.0
2024-07-02 15:30:00-04:00,5.099999904632568,5.170000076293945,5.070000171661377,5.170000076293945,30453,0.0,0.0
2024-07-03 09:30:00-04:00,5.119999885559082,5.260000228881836,5.079999923706055,5.150000095367432,17969,0.0,0.0
2024-07-03 10:30:00-04:00,5.1579999923706055,5.1579999923706055,5.050000190734863,5.079999923706055,11864,0.0,0.0
2024-07-03 11:30:00-04:00,5.079999923706055,5.110000133514404,5.039999961853027,5.050000190734863,11382,0.0,0.0
2024-07-05 09:30:00-04:00,5.03000020980835,5.159999847412109,4.880000114440918,4.949999809265137,2459,0.0,0.0
2024-07-05 10:30:00-04:00,4.96999979019165,4.980000019073486,4.809999942779541,4.929999828338623,89529,0.0,0.0
2024-07-05 11:30:00-04:00,4.929999828338623,4.96999979019165,4.864999771118164,4.889999866485596,16096,0.0,0.0
2024-07-05 12:30:00-04:00,4.889999866485596,4.909999847412109,4.849999904632568,4.860000133514404,16861,0.0,0.0
2024-07-05 13:30:00-04:00,4.849999904632568,4.960000038146973,4.809999942779541,4.914999961853027,25887,0.0,0.0
2024-07-05 14:30:00-04:00,4.889999866485596,5.070000171661377,4.869999885559082,5.070000171661377,38901,0.0,0.0
2024-07-05 15:30:00-04:00,5.045000076293945,5.059999942779541,4.960000038146973,5.039999961853027,20849,0.0,0.0
2024-07-08 09:30:00-04:00,5.139999866485596,5.210000038146973,4.920100212097168,5.039999961853027,69352,0.0,0.0
2024-07-08 10:30:00-04:00,5.039999961853027,5.070000171661377,4.949999809265137,4.985000133514404,31025,0.0,0.0
2024-07-08 11:30:00-04:00,4.974999904632568,4.980000019073486,4.873300075531006,4.873300075531006,16729,0.0,0.0
2024-07-08 12:30:00-04:00,4.900000095367432,4.920000076293945,4.880000114440918,4.889999866485596,8481,0.0,0.0
2024-07-08 13:30:00-04:00,4.889999866485596,4.989999771118164,4.889999866485596,4.960000038146973,10819,0.0,0.0
2024-07-08 14:30:00-04:00,4.980000019073486,5.0,4.849999904632568,4.889999866485596,13832,0.0,0.0
2024-07-08 15:30:00-04:00,4.900000095367432,4.920000076293945,4.860000133514404,4.860000133514404,26485,0.0,0.0
2024-07-09 09:30:00-04:00,4.880000114440918,4.940000057220459,4.820000171661377,4.820000171661377,18220,0.0,0.0
2024-07-09 10:30:00-04:00,4.813600063323975,4.960000038146973,4.813600063323975,4.920000076293945,42431,0.0,0.0
2024-07-09 11:30:00-04:00,4.940000057220459,5.03000020980835,4.929999828338623,5.0,6922,0.0,0.0
2024-07-09 12:30:00-04:00,5.019999980926514,5.070000171661377,5.019999980926514,5.039999961853027,6720,0.0,0.0
2024-07-09 13:30:00-04:00,5.010000228881836,5.059999942779541,4.970099925994873,5.039999961853027,18894,0.0,0.0
2024-07-09 14:30:00-04:00,5.0100998878479,5.039999961853027,4.980000019073486,4.980000019073486,10437,0.0,0.0
2024-07-09 15:30:00-04:00,4.980000019073486,5.039999961853027,4.980000019073486,5.010000228881836,19551,0.0,0.0
2024-07-10 09:30:00-04:00,4.949999809265137,5.099100112915039,4.920000076293945,4.974999904632568,55011,0.0,0.0
2024-07-10 10:30:00-04:00,4.965000152587891,5.045000076293945,4.940000057220459,5.010000228881836,15245,0.0,0.0
2024-07-10 11:30:00-04:00,5.019999980926514,5.070000171661377,4.989999771118164,5.045000076293945,17331,0.0,0.0
2024-07-10 12:30:00-04:00,5.045000076293945,5.057499885559082,4.989999771118164,5.005000114440918,19535,0.0,0.0
2024-07-10 13:30:00-04:00,5.002500057220459,5.03000020980835,4.989999771118164,5.019999980926514,5927,0.0,0.0
2024-07-10 14:30:00-04:00,5.010000228881836,5.074999809265137,5.010000228881836,5.059999942779541,15209,0.0,0.0
2024-07-10 15:30:00-04:00,5.054999828338623,5.079999923706055,5.019999980926514,5.050000190734863,28075,0.0,0.0
2024-07-11 09:30:00-04:00,5.099999904632568,5.25,5.059999942779541,5.107399940490723,25423,0.0,0.0
2024-07-11 10:30:00-04:00,5.117000102996826,5.170000076293945,5.070099830627441,5.114999771118164,20472,0.0,0.0
2024-07-11 11:30:00-04:00,5.114999771118164,5.125,5.020599842071533,5.074999809265137,15068,0.0,0.0
2024-07-11 12:30:00-04:00,5.090000152587891,5.119999885559082,5.059999942779541,5.090000152587891,9896,0.0,0.0
2024-07-11 13:30:00-04:00,5.079999923706055,5.170000076293945,5.079999923706055,5.159999847412109,7399,0.0,0.0
2024-07-11 14:30:00-04:00,5.170000076293945,5.179999828338623,5.050000190734863,5.059999942779541,14396,0.0,0.0
2024-07-11 15:30:00-04:00,5.070000171661377,5.159999847412109,5.070000171661377,5.141200065612793,16498,0.0,0.0
2024-07-12 09:30:00-04:00,5.139999866485596,5.195000171661377,5.019999980926514,5.119999885559082,26218,0.0,0.0
2024-07-12 10:30:00-04:00,5.164999961853027,5.360000133514404,5.139999866485596,5.275000095367432,52834,0.0,0.0
2024-07-12 11:30:00-04:00,5.276000022888184,5.329999923706055,5.239999771118164,5.25,79011,0.0,0.0
2024-07-12 12:30:00-04:00,5.25,5.25,5.159999847412109,5.159999847412109,10539,0.0,0.0
2024-07-12 13:30:00-04:00,5.159999847412109,5.255000114440918,5.159999847412109,5.204999923706055,18436,0.0,0.0
2024-07-12 14:30:00-04:00,5.215000152587891,5.21999979019165,5.079999923706055,5.100100040435791,35359,0.0,0.0
2024-07-12 15:30:00-04:00,5.105000019073486,5.150000095367432,5.090099811553955,5.119999885559082,12101,0.0,0.0
2024-07-15 09:30:00-04:00,5.150000095367432,5.150000095367432,4.989999771118164,5.010000228881836,12749,0.0,0.0
2024-07-15 10:30:00-04:00,5.026000022888184,5.102499961853027,4.989999771118164,5.090000152587891,11197,0.0,0.0
2024-07-15 11:30:00-04:00,5.09499979019165,5.169899940490723,5.065000057220459,5.09499979019165,16556,0.0,0.0
2024-07-15 12:30:00-04:00,5.079999923706055,5.137499809265137,5.039999961853027,5.099999904632568,9905,0.0,0.0
2024-07-15 13:30:00-04:00,5.099999904632568,5.170000076293945,5.079999923706055,5.130000114440918,10299,0.0,0.0
2024-07-15 14:30:00-04:00,5.139999866485596,5.175000190734863,5.130000114440918,5.130000114440918,16848,0.0,0.0
2024-07-15 15:30:00-04:00,5.110000133514404,5.170000076293945,5.099999904632568,5.119999885559082,22402,0.0,0.0
2024-07-16 09:30:00-04:00,5.119999885559082,5.260000228881836,5.099999904632568,5.190000057220459,27103,0.0,0.0
2024-07-16 10:30:00-04:00,5.181000232696533,5.225800037384033,5.135000228881836,5.15500020980835,23735,0.0,0.0
2024-07-16 11:30:00-04:00,5.135000228881836,5.329999923706055,5.135000228881836,5.28000020980835,36740,0.0,0.0
2024-07-16 12:30:00-04:00,5.289999961853027,5.380000114440918,5.289999961853027,5.380000114440918,23791,0.0,0.0
2024-07-16 13:30:00-04:00,5.380000114440918,5.567999839782715,5.380000114440918,5.534999847412109,48211,0.0,0.0
2024-07-16 14:30:00-04:00,5.534999847412109,5.570000171661377,5.440100193023682,5.460000038146973,33651,0.0,0.0
2024-07-16 15:30:00-04:00,5.460000038146973,5.554999828338623,5.460000038146973,5.550000190734863,20612,0.0,0.0
2024-07-17 09:30:00-04:00,5.610000133514404,5.840000152587891,5.5,5.619999885559082,100543,0.0,0.0
2024-07-17 10:30:00-04:00,5.614999771118164,5.675000190734863,5.534999847412109,5.545000076293945,20706,0.0,0.0
2024-07-17 11:30:00-04:00,5.545000076293945,5.577099800109863,5.514999866485596,5.539999961853027,14473,0.0,0.0
2024-07-17 12:30:00-04:00,5.510000228881836,5.53000020980835,5.464000225067139,5.480000019073486,11942,0.0,0.0
2024-07-17 13:30:00-04:00,5.410999774932861,5.434999942779541,5.389999866485596,5.434999942779541,3918,0.0,0.0
2024-07-17 14:30:00-04:00,5.429999828338623,5.570000171661377,5.382900238037109,5.570000171661377,15571,0.0,0.0
2024-07-17 15:30:00-04:00,5.550000190734863,5.569900035858154,5.5,5.53000020980835,24762,0.0,0.0
2024-07-18 09:30:00-04:00,5.46999979019165,5.659999847412109,5.449999809265137,5.570000171661377,11425,0.0,0.0
2024-07-18 10:30:00-04:00,5.550000190734863,5.559999942779541,5.510000228881836,5.539899826049805,15771,0.0,0.0
2024-07-18 11:30:00-04:00,5.510000228881836,5.53000020980835,5.349999904632568,5.420000076293945,11477,0.0,0.0
2024-07-18 12:30:00-04:00,5.449999809265137,5.510000228881836,5.449999809265137,5.489999771118164,4186,0.0,0.0
2024-07-18 13:30:00-04:00,5.46999979019165,5.46999979019165,5.389999866485596,5.389999866485596,6302,0.0,0.0
2024-07-18 14:30:00-04:00,5.360000133514404,5.440000057220459,5.360000133514404,5.400000095367432,15038,0.0,0.0
2024-07-18 15:30:00-04:00,5.440000057220459,5.460000038146973,5.409999847412109,5.420000076293945,7452,0.0,0.0
2024-07-19 09:30:00-04:00,5.360000133514404,5.514999866485596,5.28000020980835,5.28000020980835,10824,0.0,0.0
2024-07-19 10:30:00-04:00,5.349999904632568,5.389999866485596,5.239999771118164,5.239999771118164,5637,0.0,0.0
2024-07-19 11:30:00-04:00,5.260000228881836,5.349999904632568,5.260000228881836,5.340000152587891,4817,0.0,0.0
2024-07-19 12:30:00-04:00,5.264999866485596,5.264999866485596,5.264999866485596,5.264999866485596,217,0.0,0.0
2024-07-19 13:30:00-04:00,5.289999961853027,5.289999961853027,5.119999885559082,5.170000076293945,11662,0.0,0.0
2024-07-19 14:30:00-04:00,5.170000076293945,5.25,5.170000076293945,5.210000038146973,6540,0.0,0.0
2024-07-19 15:30:00-04:00,5.235000133514404,5.25,5.139999866485596,5.139999866485596,13577,0.0,0.0
2024-07-22 09:30:00-04:00,5.119999885559082,5.269999980926514,4.989999771118164,5.050099849700928,26613,0.0,0.0
2024-07-22 10:30:00-04:00,5.079999923706055,5.239999771118164,5.079999923706055,5.210000038146973,8045,0.0,0.0
2024-07-22 11:30:00-04:00,5.159999847412109,5.159999847412109,5.139999866485596,5.139999866485596,1435,0.0,0.0
2024-07-22 12:30:00-04:00,5.15500020980835,5.164999961853027,5.099999904632568,5.164999961853027,11924,0.0,0.0
2024-07-22 13:30:00-04:00,5.175000190734863,5.190000057220459,5.150000095367432,5.150000095367432,1852,0.0,0.0
2024-07-22 14:30:00-04:00,5.159999847412109,5.195000171661377,5.070000171661377,5.195000171661377,10424,0.0,0.0
2024-07-22 15:30:00-04:00,5.195000171661377,5.195000171661377,5.139999866485596,5.15500020980835,8875,0.0,0.0
2024-07-23 09:30:00-04:00,5.079999923706055,5.243599891662598,5.079999923706055,5.1143999099731445,9938,0.0,0.0
2024-07-23 10:30:00-04:00,5.146999835968018,5.164999961853027,5.099999904632568,5.127500057220459,8634,0.0,0.0
2024-07-23 11:30:00-04:00,5.111499786376953,5.179999828338623,5.111499786376953,5.150000095367432,12140,0.0,0.0
2024-07-23 12:30:00-04:00,5.149700164794922,5.159999847412109,5.135000228881836,5.144999980926514,7135,0.0,0.0
2024-07-23 13:30:00-04:00,5.159999847412109,5.170000076293945,5.139999866485596,5.159999847412109,2554,0.0,0.0
2024-07-23 14:30:00-04:00,5.15500020980835,5.25,5.15500020980835,5.199999809265137,8020,0.0,0.0
2024-07-23 15:30:00-04:00,5.21999979019165,5.21999979019165,5.15500020980835,5.195000171661377,13106,0.0,0.0
2024-07-24 09:30:00-04:00,5.190000057220459,5.329999923706055,5.190000057220459,5.264999866485596,8939,0.0,0.0
2024-07-24 10:30:00-04:00,5.265999794006348,5.289999961853027,5.21999979019165,5.25,15692,0.0,0.0
2024-07-24 11:30:00-04:00,5.25,5.269999980926514,5.25,5.264999866485596,5067,0.0,0.0
2024-07-24 12:30:00-04:00,5.260000228881836,5.260000228881836,5.230000019073486,5.239999771118164,6722,0.0,0.0
2024-07-24 13:30:00-04:00,5.244999885559082,5.264999866485596,5.21999979019165,5.21999979019165,5413,0.0,0.0
2024-07-24 14:30:00-04:00,5.170000076293945,5.21999979019165,5.170000076293945,5.21999979019165,6898,0.0,0.0
2024-07-24 15:30:00-04:00,5.159999847412109,5.159999847412109,5.059999942779541,5.130000114440918,21071,0.0,0.0
2024-07-25 09:30:00-04:00,4.989999771118164,5.25,4.989999771118164,5.199999809265137,35152,0.0,0.0
2024-07-25 10:30:00-04:00,5.164999961853027,5.239999771118164,5.119999885559082,5.239999771118164,22457,0.0,0.0
2024-07-25 11:30:00-04:00,5.199999809265137,5.300000190734863,5.199999809265137,5.269999980926514,8746,0.0,0.0
2024-07-25 12:30:00-04:00,5.2895002365112305,5.2895002365112305,5.239999771118164,5.239999771118164,5492,0.0,0.0
2024-07-25 13:30:00-04:00,5.244999885559082,5.260000228881836,5.150000095367432,5.190000057220459,14481,0.0,0.0
2024-07-25 14:30:00-04:00,5.190999984741211,5.190999984741211,5.099999904632568,5.15500020980835,11374,0.0,0.0
2024-07-25 15:30:00-04:00,5.150000095367432,5.170000076293945,5.110000133514404,5.110000133514404,10161,0.0,0.0
2024-07-26 09:30:00-04:00,5.170000076293945,5.224999904632568,5.1020002365112305,5.1020002365112305,8655,0.0,0.0
2024-07-26 10:30:00-04:00,5.125999927520752,5.156000137329102,5.099999904632568,5.125,24138,0.0,0.0
2024-07-26 11:30:00-04:00,5.140999794006348,5.199999809265137,5.09499979019165,5.105000019073486,18428,0.0,0.0
2024-07-26 12:30:00-04:00,5.105000019073486,5.179999828338623,5.105000019073486,5.139999866485596,8832,0.0,0.0
2024-07-26 13:30:00-04:00,5.139999866485596,5.1793999671936035,5.119999885559082,5.159999847412109,4910,0.0,0.0
2024-07-26 14:30:00-04:00,5.139999866485596,5.139999866485596,5.09499979019165,5.139999866485596,12420,0.0,0.0
2024-07-26 15:30:00-04:00,5.135000228881836,5.159999847412109,5.090000152587891,5.090000152587891,16291,0.0,0.0
2024-07-29 09:30:00-04:00,5.139999866485596,5.159999847412109,5.119999885559082,5.119999885559082,20039,0.0,0.0
2024-07-29 10:30:00-04:00,5.050000190734863,5.159999847412109,5.025599956512451,5.125,14373,0.0,0.0
2024-07-29 11:30:00-04:00,5.130000114440918,5.130000114440918,5.090000152587891,5.125,3328,0.0,0.0
2024-07-29 12:30:00-04:00,5.090000152587891,5.135000228881836,5.090000152587891,5.119999885559082,4086,0.0,0.0
2024-07-29 13:30:00-04:00,5.105000019073486,5.135000228881836,5.105000019073486,5.135000228881836,1401,0.0,0.0
2024-07-29 14:30:00-04:00,5.130000114440918,5.199999809265137,5.119999885559082,5.179999828338623,11798,0.0,0.0
2024-07-29 15:30:00-04:00,5.199999809265137,5.230000019073486,5.170000076293945,5.199999809265137,19686,0.0,0.0
2024-07-30 09:30:00-04:00,5.210000038146973,5.300000190734863,5.190999984741211,5.28000020980835,49072,0.0,0.0
2024-07-30 10:30:00-04:00,5.276000022888184,5.380000114440918,5.179999828338623,5.369999885559082,50793,0.0,0.0
2024-07-30 11:30:00-04:00,5.340000152587891,5.449999809265137,5.269999980926514,5.315000057220459,14032,0.0,0.0
2024-07-30 12:30:00-04:00,5.302000045776367,5.302000045776367,5.21999979019165,5.25,55673,0.0,0.0
2024-07-30 13:30:00-04:00,5.244999885559082,5.264999866485596,5.210000038146973,5.215000152587891,16218,0.0,0.0
2024-07-30 14:30:00-04:00,5.230000019073486,5.230000019073486,5.144999980926514,5.195199966430664,19521,0.0,0.0
2024-07-30 15:30:00-04:00,5.190000057220459,5.380000114440918,5.159999847412109,5.360000133514404,46423,0.0,0.0
2024-07-31 09:30:00-04:00,5.400000095367432,5.414999961853027,5.309999942779541,5.349999904632568,19564,0.0,0.0
2024-07-31 10:30:00-04:00,5.348999977111816,5.409999847412109,5.348999977111816,5.380000114440918,6524,0.0,0.0
2024-07-31 11:30:00-04:00,5.320000171661377,5.320000171661377,5.309999942779541,5.309999942779541,4383,0.0,0.0
2024-07-31 12:30:00-04:00,5.304999828338623,5.329999923706055,5.304999828338623,5.329999923706055,4264,0.0,0.0
2024-07-31 13:30:00-04:00,5.320000171661377,5.320000171661377,5.289999961853027,5.300000190734863,6483,0.0,0.0
2024-07-31 14:30:00-04:00,5.289999961853027,5.309999942779541,5.099999904632568,5.119900226593018,35104,0.0,0.0
2024-07-31 15:30:00-04:00,5.119900226593018,5.119900226593018,5.050000190734863,5.070000171661377,17587,0.0,0.0
2024-08-01 09:30:00-04:00,5.033899784088135,5.111000061035156,4.894999980926514,4.920000076293945,28629,0.0,0.0
2024-08-01 10:30:00-04:00,4.971700191497803,5.119999885559082,4.949999809265137,5.059999942779541,9160,0.0,0.0
2024-08-01 11:30:00-04:00,5.039999961853027,5.039999961853027,4.989999771118164,5.019999980926514,6051,0.0,0.0
2024-08-01 12:30:00-04:00,5.019999980926514,5.019999980926514,5.010000228881836,5.010000228881836,632,0.0,0.0
2024-08-01 13:30:00-04:00,4.980000019073486,5.019999980926514,4.949999809265137,4.960000038146973,9013,0.0,0.0
2024-08-01 14:30:00-04:00,4.960000038146973,4.989999771118164,4.909999847412109,4.949999809265137,21192,0.0,0.0
2024-08-01 15:30:00-04:00,4.909999847412109,5.059999942779541,4.869999885559082,5.059000015258789,24691,0.0,0.0
2024-08-02 09:30:00-04:00,4.929999828338623,5.03000020980835,4.889999866485596,4.890100002288818,23162,0.0,0.0
2024-08-02 10:30:00-04:00,4.914000034332275,4.914000034332275,4.830900192260742,4.830900192260742,10779,0.0,0.0
2024-08-02 11:30:00-04:00,4.860000133514404,4.925000190734863,4.829999923706055,4.869999885559082,12811,0.0,0.0
2024-08-02 12:30:00-04:00,4.880000114440918,4.914999961853027,4.869999885559082,4.914999961853027,7687,0.0,0.0
2024-08-02 13:30:00-04:00,4.914999961853027,4.914999961853027,4.679999828338623,4.735000133514404,38337,0.0,0.0
2024-08-02 14:30:00-04:00,4.710000038146973,4.719399929046631,4.635000228881836,4.699999809265137,22596,0.0,0.0
2024-08-02 15:30:00-04:00,4.6981000900268555,4.71999979019165,4.639999866485596,4.690000057220459,21955,0.0,0.0
2024-08-05 09:30:00-04:00,4.414000034332275,4.480000019073486,4.309999942779541,4.425000190734863,75614,0.0,0.0
2024-08-05 10:30:00-04:00,4.431700229644775,4.565000057220459,4.409999847412109,4.554999828338623,11263,0.0,0.0
2024-08-05 11:30:00-04:00,4.610000133514404,4.659999847412109,4.579999923706055,4.579999923706055,4793,0.0,0.0
2024-08-05 12:30:00-04:00,4.599999904632568,4.599999904632568,4.53000020980835,4.550000190734863,12502,0.0,0.0
2024-08-05 13:30:00-04:00,4.550000190734863,4.550000190734863,4.449999809265137,4.480000019073486,10774,0.0,0.0
2024-08-05 14:30:00-04:00,4.434999942779541,4.440000057220459,4.369999885559082,4.389999866485596,14429,0.0,0.0
2024-08-05 15:30:00-04:00,4.369999885559082,4.389999866485596,4.349999904632568,4.360000133514404,15726,0.0,0.0
2024-08-06 09:30:00-04:00,4.360000133514404,4.369999885559082,4.289999961853027,4.369999885559082,14091,0.0,0.0
2024-08-06 10:30:00-04:00,4.379000186920166,4.409999847412109,4.369999885559082,4.380000114440918,9268,0.0,0.0
2024-08-06 11:30:00-04:00,4.3867998123168945,4.389999866485596,4.369999885559082,4.369999885559082,3550,0.0,0.0
2024-08-06 12:30:00-04:00,4.369999885559082,4.449999809265137,4.369999885559082,4.449999809265137,5137,0.0,0.0
2024-08-06 13:30:00-04:00,4.449999809265137,4.519999980926514,4.412199974060059,4.504799842834473,29318,0.0,0.0
2024-08-06 14:30:00-04:00,4.5,4.5,4.389999866485596,4.389999866485596,3386,0.0,0.0
2024-08-06 15:30:00-04:00,4.400000095367432,4.40500020980835,4.349999904632568,4.349999904632568,7904,0.0,0.0
2024-08-07 09:30:00-04:00,4.46999979019165,4.46999979019165,4.34499979019165,4.369999885559082,25567,0.0,0.0
2024-08-07 10:30:00-04:00,4.34499979019165,4.414999961853027,4.34499979019165,4.414999961853027,7557,0.0,0.0
2024-08-07 11:30:00-04:00,4.389999866485596,4.389999866485596,4.335000038146973,4.349999904632568,2383,0.0,0.0
2024-08-07 12:30:00-04:00,4.389999866485596,4.389999866485596,4.329999923706055,4.349999904632568,4846,0.0,0.0
2024-08-07 13:30:00-04:00,4.355100154876709,4.409900188446045,4.349999904632568,4.359000205993652,9112,0.0,0.0
2024-08-07 14:30:00-04:00,4.349999904632568,4.349999904632568,4.300000190734863,4.329999923706055,6270,0.0,0.0
2024-08-07 15:30:00-04:00,4.360000133514404,4.389999866485596,4.329999923706055,4.389999866485596,13480,0.0,0.0
2024-08-08 09:30:00-04:00,4.309999942779541,4.397500038146973,4.309999942779541,4.397500038146973,4727,0.0,0.0
2024-08-08 10:30:00-04:00,4.379000186920166,4.429999828338623,4.309999942779541,4.394999980926514,20301,0.0,0.0
2024-08-08 11:30:00-04:00,4.389999866485596,4.389999866485596,4.329999923706055,4.349999904632568,6355,0.0,0.0
2024-08-08 12:30:00-04:00,4.369999885559082,4.389999866485596,4.369999885559082,4.380000114440918,1890,0.0,0.0
2024-08-08 13:30:00-04:00,4.394999980926514,4.394999980926514,4.369999885559082,4.369999885559082,1474,0.0,0.0
2024-08-08 14:30:00-04:00,4.369999885559082,4.409900188446045,4.199999809265137,4.199999809265137,56303,0.0,0.0
2024-08-08 15:30:00-04:00,4.199999809265137,4.260000228881836,4.170000076293945,4.199999809265137,7437,0.0,0.0
2024-08-09 09:30:00-04:00,4.21999979019165,4.25,4.050000190734863,4.110000133514404,21551,0.0,0.0
2024-08-09 10:30:00-04:00,4.135000228881836,4.175000190734863,4.110000133514404,4.110000133514404,10887,0.0,0.0
2024-08-09 11:30:00-04:00,4.105000019073486,4.139999866485596,4.105000019073486,4.139999866485596,14313,0.0,0.0
2024-08-09 12:30:00-04:00,4.164999961853027,4.169899940490723,4.130000114440918,4.130000114440918,7336,0.0,0.0
2024-08-09 13:30:00-04:00,4.130000114440918,4.150000095367432,4.110099792480469,4.139999866485596,7893,0.0,0.0
2024-08-09 14:30:00-04:00,4.110000133514404,4.150000095367432,4.110000133514404,4.150000095367432,9473,0.0,0.0
2024-08-09 15:30:00-04:00,4.139999866485596,4.139999866485596,3.890000104904175,3.940000057220459,33677,0.0,0.0
2024-08-12 09:30:00-04:00,4.150000095367432,4.150000095367432,3.9700000286102295,4.085000038146973,17528,0.0,0.0
2024-08-12 10:30:00-04:00,4.050000190734863,4.300000190734863,4.048999786376953,4.179999828338623,32204,0.0,0.0
2024-08-12 11:30:00-04:00,4.175000190734863,4.179999828338623,4.146999835968018,4.159999847412109,4039,0.0,0.0
2024-08-12 12:30:00-04:00,4.159999847412109,4.159999847412109,4.139999866485596,4.139999866485596,1581,0.0,0.0
2024-08-12 13:30:00-04:00,4.139999866485596,4.139999866485596,4.129700183868408,4.130000114440918,1804,0.0,0.0
2024-08-12 14:30:00-04:00,4.085000038146973,4.114999771118164,4.085000038146973,4.114999771118164,2596,0.0,0.0
2024-08-12 15:30:00-04:00,4.114999771118164,4.114999771118164,4.050000190734863,4.090000152587891,18206,0.0,0.0
2024-08-13 09:30:00-04:00,4.135000228881836,4.224999904632568,4.135000228881836,4.190000057220459,6475,0.0,0.0
2024-08-13 10:30:00-04:00,4.124000072479248,4.182499885559082,4.124000072479248,4.164999961853027,1122,0.0,0.0
2024-08-13 11:30:00-04:00,4.099999904632568,4.15500020980835,4.099999904632568,4.139999866485596,5115,0.0,0.0
2024-08-13 12:30:00-04:00,4.140999794006348,4.15500020980835,4.140999794006348,4.15500020980835,2329,0.0,0.0
2024-08-13 13:30:00-04:00,4.159999847412109,4.159999847412109,4.159999847412109,4.159999847412109,640,0.0,0.0
2024-08-13 14:30:00-04:00,4.150000095367432,4.150000095367432,4.150000095367432,4.150000095367432,2099,0.0,0.0
2024-08-13 15:30:00-04:00,4.150000095367432,4.150000095367432,4.070000171661377,4.099999904632568,8885,0.0,0.0
2024-08-14 09:30:00-04:00,4.079999923706055,4.119999885559082,3.9100000858306885,4.014999866485596,0,0.0,0.0
2024-08-14 10:30:00-04:00,4.0,4.0,3.9600000381469727,3.9600000381469727,3513,0.0,0.0
2024-08-14 11:30:00-04:00,3.990000009536743,4.03000020980835,3.990000009536743,4.03000020980835,6958,0.0,0.0
2024-08-14 12:30:00-04:00,3.950000047683716,3.990000009536743,3.950000047683716,3.990000009536743,16171,0.0,0.0
2024-08-14 13:30:00-04:00,4.0,4.0,3.9700000286102295,3.9700000286102295,1185,0.0,0.0
2024-08-14 14:30:00-04:00,3.970099925994873,4.0,3.970099925994873,3.9800000190734863,4801,0.0,0.0
2024-08-14 15:30:00-04:00,3.984999895095825,3.984999895095825,3.950000047683716,3.9600000381469727,8367,0.0,0.0
2024-08-15 09:30:00-04:00,4.050000190734863,4.059999942779541,3.9000000953674316,3.9000000953674316,19016,0.0,0.0
2024-08-15 10:30:00-04:00,3.934999942779541,4.0,3.9003000259399414,4.0,15627,0.0,0.0
2024-08-15 11:30:00-04:00,3.984999895095825,4.005099773406982,3.9600000381469727,3.9600000381469727,2904,0.0,0.0
2024-08-15 12:30:00-04:00,3.950000047683716,3.9899001121520996,3.924999952316284,3.9800000190734863,11736,0.0,0.0
2024-08-15 13:30:00-04:00,3.9899001121520996,4.005000114440918,3.930000066757202,3.930000066757202,6790,0.0,0.0
2024-08-15 14:30:00-04:00,3.9700000286102295,4.019999980926514,3.9700000286102295,3.9700000286102295,9835,0.0,0.0
2024-08-15 15:30:00-04:00,3.9700000286102295,3.9800000190734863,3.930000066757202,3.950000047683716,16952,0.0,0.0
2024-08-16 09:30:00-04:00,4.0,4.020599842071533,3.950000047683716,3.950000047683716,10617,0.0,0.0
2024-08-16 10:30:00-04:00,4.019999980926514,4.019999980926514,4.019999980926514,4.019999980926514,1329,0.0,0.0
2024-08-16 11:30:00-04:00,4.089900016784668,4.089900016784668,4.0,4.034999847412109,10027,0.0,0.0
2024-08-16 12:30:00-04:00,4.025000095367432,4.045599937438965,4.010000228881836,4.010000228881836,11248,0.0,0.0
2024-08-16 13:30:00-04:00,4.019999980926514,4.050000190734863,4.019999980926514,4.034999847412109,4454,0.0,0.0
2024-08-16 14:30:00-04:00,4.034999847412109,4.050000190734863,4.034999847412109,4.039999961853027,2180,0.0,0.0
2024-08-16 15:30:00-04:00,4.010000228881836,4.010000228881836,3.9600000381469727,3.990000009536743,31014,0.0,0.0
2024-08-19 09:30:00-04:00,3.9800000190734863,4.010000228881836,3.9500999450683594,3.9900999069213867,4890,0.0,0.0
2024-08-19 10:30:00-04:00,4.025000095367432,4.0493998527526855,3.9976000785827637,4.025000095367432,2538,0.0,0.0
2024-08-19 11:30:00-04:00,4.008399963378906,4.025000095367432,4.000100135803223,4.025000095367432,1219,0.0,0.0
2024-08-19 12:30:00-04:00,4.0289998054504395,4.034200191497803,4.0,4.014999866485596,2169,0.0,0.0
2024-08-19 13:30:00-04:00,4.014999866485596,4.090000152587891,4.014999866485596,4.090000152587891,15690,0.0,0.0
2024-08-19 14:30:00-04:00,4.090000152587891,4.130000114440918,4.090000152587891,4.110000133514404,5575,0.0,0.0
2024-08-19 15:30:00-04:00,4.114999771118164,4.159999847412109,4.110099792480469,4.150000095367432,7566,0.0,0.0
2024-08-20 09:30:00-04:00,4.289999961853027,4.369999885559082,4.199999809265137,4.320000171661377,19006,0.0,0.0
2024-08-20 10:30:00-04:00,4.320000171661377,4.349999904632568,4.300000190734863,4.329999923706055,4834,0.0,0.0
2024-08-20 11:30:00-04:00,4.315499782562256,4.315499782562256,4.264999866485596,4.264999866485596,1628,0.0,0.0
2024-08-20 12:30:00-04:00,4.260000228881836,4.260000228881836,4.21999979019165,4.21999979019165,6783,0.0,0.0
2024-08-20 13:30:00-04:00,4.239999771118164,4.239999771118164,4.21999979019165,4.21999979019165,2446,0.0,0.0
2024-08-20 14:30:00-04:00,4.224999904632568,4.224999904632568,4.215199947357178,4.215199947357178,1284,0.0,0.0
2024-08-20 15:30:00-04:00,4.210000038146973,4.210000038146973,4.119999885559082,4.210000038146973,21977,0.0,0.0
2024-08-21 09:30:00-04:00,4.309999942779541,4.329999923706055,4.244999885559082,4.260000228881836,9190,0.0,0.0
2024-08-21 10:30:00-04:00,4.28000020980835,4.300000190734863,4.244999885559082,4.284999847412109,14498,0.0,0.0
2024-08-21 11:30:00-04:00,4.284999847412109,4.349999904632568,4.25,4.25,7599,0.0,0.0
2024-08-21 12:30:00-04:00,4.2596001625061035,4.2596001625061035,4.199999809265137,4.2083001136779785,7987,0.0,0.0
2024-08-21 13:30:00-04:00,4.150899887084961,4.21999979019165,4.150899887084961,4.21999979019165,7696,0.0,0.0
2024-08-21 14:30:00-04:00,4.21999979019165,4.21999979019165,4.190000057220459,4.21999979019165,1787,0.0,0.0
2024-08-21 15:30:00-04:00,4.210000038146973,4.260000228881836,4.199999809265137,4.260000228881836,12439,0.0,0.0
2024-08-22 09:30:00-04:00,4.260000228881836,4.260000228881836,4.135300159454346,4.150700092315674,26230,0.0,0.0
2024-08-22 10:30:00-04:00,4.179999828338623,4.179999828338623,4.179999828338623,4.179999828338623,5540,0.0,0.0
2024-08-22 11:30:00-04:00,4.15500020980835,4.15500020980835,4.150000095367432,4.150000095367432,5490,0.0,0.0
2024-08-22 12:30:00-04:00,4.170000076293945,4.170000076293945,4.170000076293945,4.170000076293945,1257,0.0,0.0
2024-08-22 13:30:00-04:00,4.144000053405762,4.150000095367432,4.070000171661377,4.110000133514404,10340,0.0,0.0
2024-08-22 14:30:00-04:00,4.09499979019165,4.119999885559082,4.074999809265137,4.119999885559082,6243,0.0,0.0
2024-08-22 15:30:00-04:00,4.139999866485596,4.139999866485596,4.070000171661377,4.110000133514404,9610,0.0,0.0
2024-08-23 09:30:00-04:00,4.139999866485596,4.199999809265137,4.130000114440918,4.139999866485596,12008,0.0,0.0
2024-08-23 10:30:00-04:00,4.164999961853027,4.25,4.111000061035156,4.210100173950195,15100,0.0,0.0
2024-08-23 11:30:00-04:00,4.204999923706055,4.204999923706055,4.204999923706055,4.204999923706055,1595,0.0,0.0
2024-08-23 12:30:00-04:00,4.199999809265137,4.214000225067139,4.180200099945068,4.210000038146973,4117,0.0,0.0
2024-08-23 13:30:00-04:00,4.209199905395508,4.209199905395508,4.159999847412109,4.159999847412109,6555,0.0,0.0
2024-08-23 14:30:00-04:00,4.190000057220459,4.210000038146973,4.190000057220459,4.195000171661377,5481,0.0,0.0
2024-08-23 15:30:00-04:00,4.170000076293945,4.190000057220459,4.170000076293945,4.170000076293945,3556,0.0,0.0
2024-08-26 09:30:00-04:00,4.269999980926514,4.269999980926514,4.130000114440918,4.130000114440918,0,0.0,0.0
2024-08-26 10:30:00-04:00,4.130000114440918,4.190000057220459,4.110000133514404,4.150000095367432,7768,0.0,0.0
2024-08-26 11:30:00-04:00,4.187900066375732,4.199999809265137,4.179999828338623,4.179999828338623,1083,0.0,0.0
2024-08-26 12:30:00-04:00,4.195000171661377,4.210000038146973,4.195000171661377,4.210000038146973,1114,0.0,0.0
2024-08-26 13:30:00-04:00,4.215000152587891,4.215000152587891,4.215000152587891,4.215000152587891,389,0.0,0.0
2024-08-26 14:30:00-04:00,4.199999809265137,4.199999809265137,4.190000057220459,4.199999809265137,3113,0.0,0.0
2024-08-26 15:30:00-04:00,4.179999828338623,4.21999979019165,4.179999828338623,4.21999979019165,8507,0.0,0.0
2024-08-27 09:30:00-04:00,4.21999979019165,4.329899787902832,4.207499980926514,4.25,8969,0.0,0.0
2024-08-27 10:30:00-04:00,4.235000133514404,4.289999961853027,4.190000057220459,4.190000057220459,3468,0.0,0.0
2024-08-27 11:30:00-04:00,4.21999979019165,4.21999979019165,4.179999828338623,4.179999828338623,2535,0.0,0.0
2024-08-27 12:30:00-04:00,4.150000095367432,4.178599834442139,4.099999904632568,4.178599834442139,2225,0.0,0.0
2024-08-27 13:30:00-04:00,4.164999961853027,4.179999828338623,4.164999961853027,4.179999828338623,2845,0.0,0.0
2024-08-27 14:30:00-04:00,4.190000057220459,4.199999809265137,4.179999828338623,4.199999809265137,11104,0.0,0.0
2024-08-27 15:30:00-04:00,4.199999809265137,4.199999809265137,4.170000076293945,4.184999942779541,4475,0.0,0.0
2024-08-28 09:30:00-04:00,4.139999866485596,4.230000019073486,4.110000133514404,4.170000076293945,9400,0.0,0.0
2024-08-28 10:30:00-04:00,4.199999809265137,4.199999809265137,4.139999866485596,4.139999866485596,4063,0.0,0.0
2024-08-28 11:30:00-04:00,4.130000114440918,4.130000114440918,4.09499979019165,4.110000133514404,5578,0.0,0.0
2024-08-28 12:30:00-04:00,4.130000114440918,4.159999847412109,4.130000114440918,4.144999980926514,3965,0.0,0.0
2024-08-28 13:30:00-04:00,4.130000114440918,4.139999866485596,4.099999904632568,4.099999904632568,4429,0.0,0.0
2024-08-28 14:30:00-04:00,4.099999904632568,4.139999866485596,4.099999904632568,4.139999866485596,1834,0.0,0.0
2024-08-28 15:30:00-04:00,4.139999866485596,4.190000057220459,4.137199878692627,4.190000057220459,11647,0.0,0.0
2024-08-29 09:30:00-04:00,4.170000076293945,4.234499931335449,4.139999866485596,4.215000152587891,3569,0.0,0.0
2024-08-29 10:30:00-04:00,4.25,4.28000020980835,4.25,4.260000228881836,6165,0.0,0.0
2024-08-29 11:30:00-04:00,4.269999980926514,4.460000038146973,4.269999980926514,4.460000038146973,17807,0.0,0.0
2024-08-29 12:30:00-04:00,4.445000171661377,4.451000213623047,4.400000095367432,4.420000076293945,14004,0.0,0.0
2024-08-29 13:30:00-04:00,4.420000076293945,4.480000019073486,4.409999847412109,4.449999809265137,10707,0.0,0.0
2024-08-29 14:30:00-04:00,4.460000038146973,4.505000114440918,4.429999828338623,4.454999923706055,17824,0.0,0.0
2024-08-29 15:30:00-04:00,4.440000057220459,4.449999809265137,4.400000095367432,4.449999809265137,10010,0.0,0.0
2024-08-30 09:30:00-04:00,4.489999771118164,4.489999771118164,4.360000133514404,4.360000133514404,3468,0.0,0.0
2024-08-30 10:30:00-04:00,4.364999771118164,4.364999771118164,4.2600998878479,4.320000171661377,7409,0.0,0.0
2024-08-30 11:30:00-04:00,4.28000020980835,4.289999961853027,4.175000190734863,4.199999809265137,38750,0.0,0.0
2024-08-30 12:30:00-04:00,4.199999809265137,4.199999809265137,4.099999904632568,4.130000114440918,33303,0.0,0.0
2024-08-30 13:30:00-04:00,4.190000057220459,4.25,4.150000095367432,4.199999809265137,3798,0.0,0.0
2024-08-30 14:30:00-04:00,4.190100193023682,4.239999771118164,4.190100193023682,4.199999809265137,4927,0.0,0.0
2024-08-30 15:30:00-04:00,4.170000076293945,4.239999771118164,4.170000076293945,4.230000019073486,8771,0.0,0.0
2024-09-03 09:30:00-04:00,4.079999923706055,4.269999980926514,4.0655999183654785,4.150000095367432,15065,0.0,0.0
2024-09-03 10:30:00-04:00,4.099999904632568,4.099999904632568,3.984999895095825,4.059999942779541,10646,0.0,0.0
2024-09-03 11:30:00-04:00,4.025000095367432,4.025000095367432,4.019999980926514,4.019999980926514,3205,0.0,0.0
2024-09-03 12:30:00-04:00,4.025000095367432,4.025000095367432,3.997499942779541,3.997499942779541,5208,0.0,0.0
2024-09-03 13:30:00-04:00,4.005000114440918,4.005000114440918,3.9800000190734863,3.9800000190734863,6043,0.0,0.0
2024-09-03 14:30:00-04:00,3.9700000286102295,3.9700000286102295,3.9600000381469727,3.9600000381469727,6102,0.0,0.0
2024-09-03 15:30:00-04:00,3.950000047683716,3.9600000381469727,3.9000000953674316,3.934000015258789,22486,0.0,0.0
2024-09-04 09:30:00-04:00,3.940000057220459,3.950000047683716,3.869999885559082,3.869999885559082,13431,0.0,0.0
2024-09-04 10:30:00-04:00,3.8701000213623047,4.0,3.869999885559082,3.98009991645813,18097,0.0,0.0
2024-09-04 11:30:00-04:00,3.9600000381469727,3.9649999141693115,3.9000000953674316,3.9000000953674316,3880,0.0,0.0
2024-09-04 12:30:00-04:00,3.880000114440918,3.9000000953674316,3.819999933242798,3.8350000381469727,10464,0.0,0.0
2024-09-04 13:30:00-04:00,3.8499999046325684,3.8499999046325684,3.799999952316284,3.8080999851226807,9134,0.0,0.0
2024-09-04 14:30:00-04:00,3.799999952316284,3.799999952316284,3.7200000286102295,3.7200000286102295,21307,0.0,0.0
2024-09-04 15:30:00-04:00,3.748699903488159,3.8299999237060547,3.748699903488159,3.759999990463257,19082,0.0,0.0
2024-09-05 09:30:00-04:00,3.930000066757202,3.943000078201294,3.609999895095825,3.7200000286102295,88587,0.0,0.0
2024-09-05 10:30:00-04:00,3.680000066757202,3.7200000286102295,3.6500000953674316,3.700000047683716,4927,0.0,0.0
2024-09-05 11:30:00-04:00,3.6923999786376953,3.7699999809265137,3.6923999786376953,3.759999990463257,4906,0.0,0.0
2024-09-05 12:30:00-04:00,3.75,3.799299955368042,3.75,3.7850000858306885,2887,0.0,0.0
2024-09-05 13:30:00-04:00,3.759999990463257,3.799999952316284,3.759999990463257,3.7899999618530273,3834,0.0,0.0
2024-09-05 14:30:00-04:00,3.7750000953674316,3.805000066757202,3.75,3.7899999618530273,6337,0.0,0.0
2024-09-05 15:30:00-04:00,3.7799999713897705,3.7899999618530273,3.740000009536743,3.7799999713897705,21280,0.0,0.0
2024-09-06 09:30:00-04:00,3.8399999141693115,3.890000104904175,3.704400062561035,3.7200000286102295,25862,0.0,0.0
2024-09-06 10:30:00-04:00,3.7200000286102295,3.740000009536743,3.615000009536743,3.6500000953674316,21539,0.0,0.0
2024-09-06 11:30:00-04:00,3.6500000953674316,3.75,3.640000104904175,3.7200000286102295,6889,0.0,0.0
2024-09-06 12:30:00-04:00,3.7200000286102295,3.759999990463257,3.7100000381469727,3.759999990463257,1590,0.0,0.0
2024-09-06 13:30:00-04:00,3.759999990463257,3.7692999839782715,3.7100000381469727,3.740000009536743,3051,0.0,0.0
2024-09-06 14:30:00-04:00,3.7300000190734863,3.8350000381469727,3.7300000190734863,3.809999942779541,12269,0.0,0.0
2024-09-06 15:30:00-04:00,3.809999942779541,3.809999942779541,3.740000009536743,3.759999990463257,10629,0.0,0.0
2024-09-09 09:30:00-04:00,3.809999942779541,3.8299999237060547,3.7699999809265137,3.7950000762939453,9811,0.0,0.0
2024-09-09 10:30:00-04:00,3.819999933242798,3.859999895095825,3.7699999809265137,3.859999895095825,2592,0.0,0.0
2024-09-09 11:30:00-04:00,3.869999885559082,4.010000228881836,3.869999885559082,3.990000009536743,9158,0.0,0.0
2024-09-09 12:30:00-04:00,4.0,4.0395002365112305,3.9600000381469727,4.0,14900,0.0,0.0
2024-09-09 13:30:00-04:00,3.9700000286102295,3.9999001026153564,3.869999885559082,3.880000114440918,14445,0.0,0.0
2024-09-09 14:30:00-04:00,3.859999895095825,3.9200000762939453,3.859999895095825,3.9049999713897705,8490,0.0,0.0
2024-09-09 15:30:00-04:00,3.9049999713897705,3.940000057220459,3.9000000953674316,3.9100000858306885,12763,0.0,0.0
2024-09-10 09:30:00-04:00,3.950000047683716,3.950000047683716,3.859999895095825,3.859999895095825,2853,0.0,0.0
2024-09-10 10:30:00-04:00,3.859999895095825,3.884999990463257,3.825000047683716,3.884999990463257,6241,0.0,0.0
2024-09-10 11:30:00-04:00,3.869999885559082,3.869999885559082,3.809999942779541,3.825000047683716,9906,0.0,0.0
2024-09-10 12:30:00-04:00,3.825000047683716,3.884999990463257,3.825000047683716,3.884999990463257,2354,0.0,0.0
2024-09-10 13:30:00-04:00,3.869999885559082,3.940000057220459,3.869999885559082,3.940000057220459,8515,0.0,0.0
2024-09-10 14:30:00-04:00,3.940000057220459,3.940000057220459,3.8928000926971436,3.9149999618530273,4563,0.0,0.0
2024-09-10 15:30:00-04:00,3.9200000762939453,3.9200000762939453,3.880000114440918,3.890000104904175,7653,0.0,0.0
2024-09-11 09:30:00-04:00,3.8464999198913574,3.880000114440918,3.7899999618530273,3.7899999618530273,0,0.0,0.0
2024-09-11 10:30:00-04:00,3.759999990463257,3.805000066757202,3.7300000190734863,3.805000066757202,13560,0.0,0.0
2024-09-11 11:30:00-04:00,3.880000114440918,3.9000000953674316,3.850100040435791,3.9000000953674316,4500,0.0,0.0
2024-09-11 12:30:00-04:00,3.859999895095825,3.859999895095825,3.821500062942505,3.8350000381469727,3442,0.0,0.0
2024-09-11 13:30:00-04:00,3.8450000286102295,3.865000009536743,3.8299999237060547,3.8299999237060547,3006,0.0,0.0
2024-09-11 14:30:00-04:00,3.869999885559082,3.879499912261963,3.859999895095825,3.869999885559082,3049,0.0,0.0
2024-09-11 15:30:00-04:00,3.8499999046325684,3.8499999046325684,3.8299999237060547,3.8499999046325684,3507,0.0,0.0
2024-09-12 09:30:00-04:00,3.869999885559082,3.9200000762939453,3.8550000190734863,3.8550000190734863,0,0.0,0.0
2024-09-12 10:30:00-04:00,3.890000104904175,3.890000104904175,3.880000114440918,3.880000114440918,1655,0.0,0.0
2024-09-12 11:30:00-04:00,3.880000114440918,3.880000114440918,3.8499999046325684,3.865000009536743,3970,0.0,0.0
2024-09-12 12:30:00-04:00,3.869999885559082,3.9000000953674316,3.869999885559082,3.8977999687194824,3930,0.0,0.0
2024-09-12 13:30:00-04:00,3.9049999713897705,3.9200000762939453,3.9000000953674316,3.9000000953674316,4228,0.0,0.0
2024-09-12 14:30:00-04:00,3.880000114440918,3.880000114440918,3.880000114440918,3.880000114440918,3070,0.0,0.0
2024-09-12 15:30:00-04:00,3.884999990463257,3.890000104904175,3.869999885559082,3.890000104904175,6883,0.0,0.0
2024-09-13 09:30:00-04:00,3.890000104904175,3.9000000953674316,3.8399999141693115,3.869999885559082,13164,0.0,0.0
2024-09-13 10:30:00-04:00,3.8550000190734863,3.9660000801086426,3.8420000076293945,3.9660000801086426,6264,0.0,0.0
2024-09-13 11:30:00-04:00,3.9649999141693115,4.03000020980835,3.950000047683716,4.010000228881836,16007,0.0,0.0
2024-09-13 12:30:00-04:00,3.9700000286102295,3.996999979019165,3.9700000286102295,3.9700000286102295,2567,0.0,0.0
2024-09-13 13:30:00-04:00,3.990000009536743,4.005000114440918,3.9800000190734863,3.9800000190734863,4164,0.0,0.0
2024-09-13 14:30:00-04:00,4.010000228881836,4.010000228881836,3.9700000286102295,3.9800000190734863,2796,0.0,0.0
2024-09-13 15:30:00-04:00,3.990000009536743,4.099999904632568,3.9700000286102295,3.990000009536743,27121,0.0,0.0
2024-09-16 09:30:00-04:00,4.039999961853027,4.059999942779541,3.9200000762939453,3.9200000762939453,0,0.0,0.0
2024-09-16 10:30:00-04:00,3.930000066757202,4.0,3.930000066757202,3.990000009536743,2102,0.0,0.0
2024-09-16 11:30:00-04:00,3.9600000381469727,4.014999866485596,3.9600000381469727,3.989799976348877,7402,0.0,0.0
2024-09-16 12:30:00-04:00,4.0,4.019999980926514,3.9800000190734863,4.019999980926514,8868,0.0,0.0
2024-09-16 13:30:00-04:00,3.9800000190734863,3.990000009536743,3.950000047683716,3.950000047683716,6992,0.0,0.0
2024-09-16 14:30:00-04:00,3.9600000381469727,3.9600000381469727,3.950000047683716,3.950000047683716,1014,0.0,0.0
2024-09-16 15:30:00-04:00,3.950000047683716,4.019999980926514,3.950000047683716,3.9700000286102295,5611,0.0,0.0
2024-09-17 09:30:00-04:00,4.0,4.029900074005127,3.9711999893188477,3.984999895095825,13005,0.0,0.0
2024-09-17 10:30:00-04:00,3.984999895095825,4.03000020980835,3.984999895095825,4.03000020980835,5423,0.0,0.0
2024-09-17 11:30:00-04:00,4.039999961853027,4.054999828338623,4.03000020980835,4.050000190734863,5145,0.0,0.0
2024-09-17 12:30:00-04:00,4.045000076293945,4.050000190734863,4.03000020980835,4.045000076293945,14934,0.0,0.0
2024-09-17 13:30:00-04:00,4.045000076293945,4.119999885559082,4.044600009918213,4.119999885559082,28673,0.0,0.0
2024-09-17 14:30:00-04:00,4.129799842834473,4.1975998878479,4.099999904632568,4.099999904632568,33942,0.0,0.0
2024-09-17 15:30:00-04:00,4.070000171661377,4.085000038146973,4.03000020980835,4.059999942779541,14663,0.0,0.0
2024-09-18 09:30:00-04:00,4.150000095367432,4.159999847412109,4.070000171661377,4.070000171661377,7064,0.0,0.0
2024-09-18 10:30:00-04:00,4.050000190734863,4.119999885559082,4.049900054931641,4.059999942779541,5919,0.0,0.0
2024-09-18 11:30:00-04:00,4.059999942779541,4.070000171661377,4.03000020980835,4.039999961853027,9046,0.0,0.0
2024-09-18 12:30:00-04:00,4.034999847412109,4.079999923706055,4.034999847412109,4.065000057220459,11744,0.0,0.0
2024-09-18 13:30:00-04:00,4.070000171661377,4.139999866485596,4.045000076293945,4.099999904632568,15066,0.0,0.0
2024-09-18 14:30:00-04:00,4.105000019073486,4.105000019073486,4.010000228881836,4.039999961853027,6300,0.0,0.0
2024-09-18 15:30:00-04:00,4.039999961853027,4.059999942779541,4.019999980926514,4.03000020980835,6449,0.0,0.0
2024-09-19 09:30:00-04:00,4.071899890899658,4.170000076293945,4.071899890899658,4.105000019073486,11316,0.0,0.0
2024-09-19 10:30:00-04:00,4.119999885559082,4.119999885559082,4.020199775695801,4.070000171661377,25500,0.0,0.0
2024-09-19 11:30:00-04:00,4.059999942779541,4.088900089263916,4.039999961853027,4.074999809265137,6884,0.0,0.0
2024-09-19 12:30:00-04:00,4.074999809265137,4.079999923706055,4.059999942779541,4.079999923706055,10152,0.0,0.0
2024-09-19 13:30:00-04:00,4.070000171661377,4.072000026702881,3.990000009536743,3.994999885559082,8803,0.0,0.0
2024-09-19 14:30:00-04:00,4.010000228881836,4.029200077056885,3.9800000190734863,4.0,10375,0.0,0.0
2024-09-19 15:30:00-04:00,3.990000009536743,3.990000009536743,3.940000057220459,3.950000047683716,7722,0.0,0.0
2024-09-20 09:30:00-04:00,3.9000000953674316,3.9449000358581543,3.869999885559082,3.890000104904175,34481,0.0,0.0
2024-09-20 10:30:00-04:00,3.930000066757202,3.9848999977111816,3.9200000762939453,3.934999942779541,6580,0.0,0.0
2024-09-20 11:30:00-04:00,3.9200000762939453,3.940000057220459,3.9000000953674316,3.9000000953674316,2892,0.0,0.0
2024-09-20 12:30:00-04:00,3.9000000953674316,3.9000000953674316,3.819999933242798,3.849900007247925,34263,0.0,0.0
2024-09-20 13:30:00-04:00,3.8550000190734863,3.8550000190734863,3.740000009536743,3.7699999809265137,30581,0.0,0.0
2024-09-20 14:30:00-04:00,3.7699999809265137,3.799999952316284,3.7699999809265137,3.7899999618530273,12357,0.0,0.0
2024-09-20 15:30:00-04:00,3.799999952316284,3.809999942779541,3.6500000953674316,3.7000999450683594,63902,0.0,0.0
2024-09-23 09:30:00-04:00,3.700000047683716,3.700000047683716,3.5,3.5850000381469727,55663,0.0,0.0
2024-09-23 10:30:00-04:00,3.5850000381469727,3.629300117492676,3.549999952316284,3.609999895095825,20408,0.0,0.0
2024-09-23 11:30:00-04:00,3.5820000171661377,3.5899999141693115,3.509999990463257,3.509999990463257,29054,0.0,0.0
2024-09-23 12:30:00-04:00,3.5,3.5099000930786133,3.430000066757202,3.5,18520,0.0,0.0
2024-09-23 13:30:00-04:00,3.4800000190734863,3.4800000190734863,3.4700000286102295,3.478100061416626,1733,0.0,0.0
2024-09-23 14:30:00-04:00,3.494999885559082,3.5199999809265137,3.4600000381469727,3.4649999141693115,9481,0.0,0.0
2024-09-23 15:30:00-04:00,3.4549999237060547,3.4549999237060547,3.4000000953674316,3.4100000858306885,15981,0.0,0.0
2024-09-24 09:30:00-04:00,3.413800001144409,3.4549999237060547,3.3399999141693115,3.4549999237060547,36710,0.0,0.0
2024-09-24 10:30:00-04:00,3.450000047683716,3.4600000381469727,3.4200000762939453,3.4600000381469727,5590,0.0,0.0
2024-09-24 11:30:00-04:00,3.440000057220459,3.440000057220459,3.430000066757202,3.430000066757202,3029,0.0,0.0
2024-09-24 12:30:00-04:00,3.4200000762939453,3.4200000762939453,3.4100000858306885,3.4200000762939453,4987,0.0,0.0
2024-09-24 14:30:00-04:00,3.4000000953674316,3.4030001163482666,3.380000114440918,3.3994998931884766,6353,0.0,0.0
2024-09-24 15:30:00-04:00,3.390000104904175,3.390000104904175,3.380000114440918,3.380000114440918,4173,0.0,0.0
2024-09-25 09:30:00-04:00,3.440000057220459,3.529900074005127,3.4000000953674316,3.4000000953674316,28023,0.0,0.0
2024-09-25 10:30:00-04:00,3.3601999282836914,3.3977999687194824,3.3601999282836914,3.369999885559082,10279,0.0,0.0
2024-09-25 11:30:00-04:00,3.390000104904175,3.390000104904175,3.3350000381469727,3.3499999046325684,10590,0.0,0.0
2024-09-25 12:30:00-04:00,3.3499999046325684,3.350100040435791,3.325000047683716,3.3299999237060547,25243,0.0,0.0
2024-09-25 13:30:00-04:00,3.3299999237060547,3.3350000381469727,3.309999942779541,3.309999942779541,13994,0.0,0.0
2024-09-25 14:30:00-04:00,3.309999942779541,3.3499999046325684,3.309999942779541,3.3350000381469727,26266,0.0,0.0
2024-09-25 15:30:00-04:00,3.3350000381469727,3.3399999141693115,3.299999952316284,3.305000066757202,36087,0.0,0.0
2024-09-26 09:30:00-04:00,3.309999942779541,3.3550000190734863,3.309999942779541,3.3299999237060547,24471,0.0,0.0
2024-09-26 10:30:00-04:00,3.309999942779541,3.3399999141693115,3.309999942779541,3.324199914932251,11704,0.0,0.0
2024-09-26 11:30:00-04:00,3.319999933242798,3.325000047683716,3.309999942779541,3.3169000148773193,4697,0.0,0.0
2024-09-26 12:30:00-04:00,3.309999942779541,3.309999942779541,3.2850000858306885,3.299999952316284,5933,0.0,0.0
2024-09-26 13:30:00-04:00,3.2950000762939453,3.3157999515533447,3.2799999713897705,3.305000066757202,5488,0.0,0.0
2024-09-26 14:30:00-04:00,3.309999942779541,3.319999933242798,3.2809998989105225,3.309999942779541,4604,0.0,0.0
2024-09-26 15:30:00-04:00,3.299999952316284,3.315000057220459,3.2899999618530273,3.2950000762939453,5062,0.0,0.0
2024-09-27 09:30:00-04:00,3.309999942779541,3.3550000190734863,3.301500082015991,3.3550000190734863,14657,0.0,0.0
2024-09-27 10:30:00-04:00,3.356100082397461,3.4200000762939453,3.3550000190734863,3.384999990463257,8807,0.0,0.0
2024-09-27 11:30:00-04:00,3.384999990463257,3.4049999713897705,3.369999885559082,3.4000000953674316,4452,0.0,0.0
2024-09-27 12:30:00-04:00,3.4000000953674316,3.4100000858306885,3.4000000953674316,3.4100000858306885,4424,0.0,0.0
2024-09-27 13:30:00-04:00,3.4100000858306885,3.4433999061584473,3.4100000858306885,3.424999952316284,11470,0.0,0.0
2024-09-27 14:30:00-04:00,3.424999952316284,3.440000057220459,3.410099983215332,3.430000066757202,2840,0.0,0.0
2024-09-27 15:30:00-04:00,3.430000066757202,3.430000066757202,3.319999933242798,3.359999895095825,28072,0.0,0.0
