Datetime,Open,High,Low,Close,Volume,Dividends,Stock Splits
2022-09-29 09:30:00-04:00,26.200000762939453,26.280000686645508,26.049999237060547,26.049999237060547,0,0.0,0.0
2022-09-29 10:30:00-04:00,26.020000457763672,26.049999237060547,25.760000228881836,25.889999389648438,9747,0.0,0.0
2022-09-29 11:30:00-04:00,25.889999389648438,26.03499984741211,25.809999465942383,25.809999465942383,4665,0.0,0.0
2022-09-29 12:30:00-04:00,25.81999969482422,25.953399658203125,25.81999969482422,25.820100784301758,2095,0.0,0.0
2022-09-29 13:30:00-04:00,26.057899475097656,26.057899475097656,25.6299991607666,25.700000762939453,2729,0.0,0.0
2022-09-29 14:30:00-04:00,25.690000534057617,25.75,25.579999923706055,25.75,12477,0.0,0.0
2022-09-29 15:30:00-04:00,25.75,25.75,25.655000686645508,25.68000030517578,6369,0.0,0.0
2022-09-30 09:30:00-04:00,26.079999923706055,26.350000381469727,25.790000915527344,25.989999771118164,0,0.0,0.0
2022-09-30 10:30:00-04:00,25.72010040283203,26.045000076293945,25.72010040283203,25.879899978637695,2926,0.0,0.0
2022-09-30 11:30:00-04:00,26.020000457763672,26.045000076293945,25.736099243164062,25.736099243164062,675,0.0,0.0
2022-09-30 12:30:00-04:00,26.3700008392334,26.3700008392334,25.719999313354492,25.970500946044922,11521,0.0,0.0
2022-09-30 13:30:00-04:00,25.950000762939453,26.25,25.75,26.170000076293945,12350,0.0,0.0
2022-09-30 14:30:00-04:00,26.15999984741211,26.479999542236328,25.979999542236328,26.420000076293945,12925,0.0,0.0
2022-09-30 15:30:00-04:00,26.40999984741211,26.899999618530273,26.200000762939453,26.510000228881836,17616,0.0,0.0
2022-10-03 09:30:00-04:00,26.440000534057617,26.889999389648438,26.360000610351562,26.889999389648438,6957,0.0,0.0
2022-10-03 10:30:00-04:00,26.889999389648438,26.940000534057617,26.75,26.75,9916,0.0,0.0
2022-10-03 11:30:00-04:00,26.75,26.81999969482422,26.471399307250977,26.471399307250977,2843,0.0,0.0
2022-10-03 12:30:00-04:00,26.465700149536133,26.739999771118164,26.465700149536133,26.739999771118164,1442,0.0,0.0
2022-10-03 13:30:00-04:00,26.610000610351562,26.784099578857422,26.610000610351562,26.704999923706055,2368,0.0,0.0
2022-10-03 14:30:00-04:00,26.675399780273438,26.790000915527344,26.592599868774414,26.700000762939453,4915,0.0,0.0
2022-10-03 15:30:00-04:00,26.56999969482422,26.780000686645508,26.56999969482422,26.75,7621,0.0,0.0
2022-10-04 09:30:00-04:00,26.770000457763672,27.103500366210938,26.600000381469727,27.030000686645508,0,0.0,0.0
2022-10-04 10:30:00-04:00,27.030000686645508,27.030000686645508,26.723800659179688,26.742300033569336,804,0.0,0.0
2022-10-04 11:30:00-04:00,26.905099868774414,26.905099868774414,26.650100708007812,26.675800323486328,2101,0.0,0.0
2022-10-04 12:30:00-04:00,26.813800811767578,26.813800811767578,26.813800811767578,26.813800811767578,322,0.0,0.0
2022-10-04 13:30:00-04:00,26.774999618530273,26.84320068359375,26.719999313354492,26.84320068359375,1651,0.0,0.0
2022-10-04 14:30:00-04:00,26.75,27.010000228881836,26.75,27.0,4171,0.0,0.0
2022-10-04 15:30:00-04:00,26.989999771118164,27.030000686645508,26.959999084472656,27.030000686645508,4122,0.0,0.0
2022-10-05 09:30:00-04:00,26.850000381469727,26.850000381469727,26.58609962463379,26.58609962463379,0,0.0,0.0
2022-10-05 10:30:00-04:00,26.739999771118164,26.890600204467773,26.5408992767334,26.790000915527344,4527,0.0,0.0
2022-10-05 11:30:00-04:00,26.84000015258789,26.889999389648438,26.84000015258789,26.889999389648438,1619,0.0,0.0
2022-10-05 12:30:00-04:00,26.775299072265625,26.775299072265625,26.775299072265625,26.775299072265625,302,0.0,0.0
2022-10-05 13:30:00-04:00,26.93000030517578,26.93000030517578,26.809999465942383,26.819900512695312,1187,0.0,0.0
2022-10-05 14:30:00-04:00,26.90999984741211,27.09000015258789,26.773500442504883,27.06999969482422,8623,0.0,0.0
2022-10-05 15:30:00-04:00,27.03499984741211,27.079999923706055,26.989999771118164,27.079999923706055,1733,0.0,0.0
2022-10-06 09:30:00-04:00,27.06999969482422,27.06999969482422,26.709400177001953,26.850000381469727,0,0.0,0.0
2022-10-06 10:30:00-04:00,26.76919937133789,26.959999084472656,26.76919937133789,26.82270050048828,2552,0.0,0.0
2022-10-06 11:30:00-04:00,26.75,26.889999389648438,26.58930015563965,26.709999084472656,35379,0.0,0.0
2022-10-06 12:30:00-04:00,26.86079978942871,26.879199981689453,26.700000762939453,26.700000762939453,2701,0.0,0.0
2022-10-06 13:30:00-04:00,26.850000381469727,26.8700008392334,26.700000762939453,26.700000762939453,4701,0.0,0.0
2022-10-06 14:30:00-04:00,26.6299991607666,26.68090057373047,26.450000762939453,26.540000915527344,8676,0.0,0.0
2022-10-06 15:30:00-04:00,26.639999389648438,26.670000076293945,26.475000381469727,26.600000381469727,6956,0.0,0.0
2022-10-07 09:30:00-04:00,26.5,26.85059928894043,26.360000610351562,26.360000610351562,0,0.0,0.0
2022-10-07 10:30:00-04:00,26.479999542236328,26.510000228881836,26.329999923706055,26.37529945373535,4873,0.0,0.0
2022-10-07 11:30:00-04:00,26.38249969482422,26.469999313354492,26.38249969482422,26.398300170898438,590,0.0,0.0
2022-10-07 12:30:00-04:00,26.39069938659668,26.469999313354492,26.06999969482422,26.100000381469727,22106,0.0,0.0
2022-10-07 13:30:00-04:00,26.0,26.010000228881836,25.75,25.75,8400,0.0,0.0
2022-10-07 14:30:00-04:00,25.899999618530273,25.899999618530273,25.290000915527344,25.309999465942383,42423,0.0,0.0
2022-10-07 15:30:00-04:00,25.350000381469727,25.950000762939453,25.200000762939453,25.34000015258789,51250,0.0,0.0
2022-10-10 09:30:00-04:00,25.450000762939453,25.489999771118164,25.1299991607666,25.260000228881836,0,0.0,0.0
2022-10-10 10:30:00-04:00,25.299999237060547,25.299999237060547,24.760000228881836,24.989999771118164,43691,0.0,0.0
2022-10-10 11:30:00-04:00,24.979999542236328,25.14889907836914,24.920000076293945,25.0,30365,0.0,0.0
2022-10-10 12:30:00-04:00,24.93000030517578,25.1200008392334,24.93000030517578,25.100000381469727,53934,0.0,0.0
2022-10-10 13:30:00-04:00,25.100000381469727,25.149999618530273,25.010000228881836,25.030000686645508,13493,0.0,0.0
2022-10-10 14:30:00-04:00,25.030000686645508,25.155000686645508,25.0,25.040000915527344,15404,0.0,0.0
2022-10-10 15:30:00-04:00,25.040000915527344,25.170000076293945,25.0,25.0,17454,0.0,0.0
2022-10-11 09:30:00-04:00,25.049999237060547,25.149999618530273,25.049999237060547,25.149999618530273,0,0.0,0.0
2022-10-11 10:30:00-04:00,25.200000762939453,25.43000030517578,25.149999618530273,25.28339958190918,4775,0.0,0.0
2022-10-11 11:30:00-04:00,25.350000381469727,25.600000381469727,25.31999969482422,25.350000381469727,9292,0.0,0.0
2022-10-11 13:30:00-04:00,25.59760093688965,25.59760093688965,25.299999237060547,25.31399917602539,6890,0.0,0.0
2022-10-11 14:30:00-04:00,25.317399978637695,25.479999542236328,25.299999237060547,25.399999618530273,4865,0.0,0.0
2022-10-11 15:30:00-04:00,25.350000381469727,25.5,25.299999237060547,25.5,3422,0.0,0.0
2022-10-12 09:30:00-04:00,25.299999237060547,25.299999237060547,25.20330047607422,25.20330047607422,0,0.0,0.0
2022-10-12 10:30:00-04:00,25.260000228881836,25.399999618530273,25.200000762939453,25.209999084472656,5075,0.0,0.0
2022-10-12 11:30:00-04:00,25.299999237060547,25.489999771118164,25.299999237060547,25.489999771118164,1736,0.0,0.0
2022-10-12 12:30:00-04:00,25.350000381469727,25.350000381469727,25.350000381469727,25.350000381469727,514,0.0,0.0
2022-10-12 13:30:00-04:00,25.385000228881836,25.440000534057617,25.350000381469727,25.394399642944336,5340,0.0,0.0
2022-10-12 14:30:00-04:00,25.3700008392334,25.5,25.3700008392334,25.469600677490234,3740,0.0,0.0
2022-10-12 15:30:00-04:00,25.360000610351562,25.489999771118164,25.360000610351562,25.489999771118164,1130,0.0,0.0
2022-10-13 09:30:00-04:00,25.360000610351562,25.429899215698242,25.200000762939453,25.429899215698242,0,0.0,0.0
2022-10-13 10:30:00-04:00,25.292499542236328,25.488800048828125,25.25,25.399999618530273,2138,0.0,0.0
2022-10-13 11:30:00-04:00,25.3799991607666,25.420000076293945,25.360000610351562,25.420000076293945,721,0.0,0.0
2022-10-13 12:30:00-04:00,25.397300720214844,25.420000076293945,25.397300720214844,25.420000076293945,2561,0.0,0.0
2022-10-13 13:30:00-04:00,25.420000076293945,25.459999084472656,25.389999389648438,25.420000076293945,1850,0.0,0.0
2022-10-13 14:30:00-04:00,25.440000534057617,25.739999771118164,25.440000534057617,25.565000534057617,2515,0.0,0.0
2022-10-13 15:30:00-04:00,25.537500381469727,25.690000534057617,25.537500381469727,25.690000534057617,10837,0.0,0.0
2022-10-14 09:30:00-04:00,25.770000457763672,25.770000457763672,25.471099853515625,25.4950008392334,0,0.0,0.0
2022-10-14 10:30:00-04:00,25.600000381469727,25.739999771118164,25.600000381469727,25.604999542236328,3303,0.0,0.0
2022-10-14 11:30:00-04:00,25.53499984741211,25.678499221801758,25.510000228881836,25.52549934387207,4677,0.0,0.0
2022-10-14 12:30:00-04:00,25.65760040283203,25.67970085144043,25.549999237060547,25.571399688720703,9185,0.0,0.0
2022-10-14 13:30:00-04:00,25.63640022277832,25.63640022277832,25.56999969482422,25.600000381469727,1739,0.0,0.0
2022-10-14 14:30:00-04:00,25.549999237060547,25.59749984741211,25.5,25.510000228881836,2416,0.0,0.0
2022-10-14 15:30:00-04:00,25.520000457763672,25.520000457763672,25.520000457763672,25.520000457763672,749,0.0,0.0
2022-10-17 09:30:00-04:00,25.61009979248047,25.61009979248047,25.479999542236328,25.5,0,0.0,0.0
2022-10-17 10:30:00-04:00,25.399999618530273,25.420000076293945,25.309999465942383,25.420000076293945,8803,0.0,0.0
2022-10-17 11:30:00-04:00,25.329999923706055,25.700000762939453,25.29680061340332,25.5,4308,0.0,0.0
2022-10-17 12:30:00-04:00,25.450000762939453,25.690000534057617,25.450000762939453,25.690000534057617,2401,0.0,0.0
2022-10-17 13:30:00-04:00,25.62969970703125,25.68000030517578,25.5,25.679000854492188,6941,0.0,0.0
2022-10-17 14:30:00-04:00,25.615800857543945,25.615800857543945,25.513599395751953,25.575000762939453,2982,0.0,0.0
2022-10-17 15:30:00-04:00,25.6072998046875,25.649999618530273,25.51799964904785,25.600000381469727,1585,0.0,0.0
2022-10-18 09:30:00-04:00,25.6200008392334,25.6200008392334,25.510000228881836,25.559999465942383,0,0.0,0.0
2022-10-18 10:30:00-04:00,25.541000366210938,25.56170082092285,25.5,25.524999618530273,1857,0.0,0.0
2022-10-18 11:30:00-04:00,25.600000381469727,25.600000381469727,25.499799728393555,25.499799728393555,2091,0.0,0.0
2022-10-18 12:30:00-04:00,25.465599060058594,25.469999313354492,25.450000762939453,25.450000762939453,1661,0.0,0.0
2022-10-18 13:30:00-04:00,25.666500091552734,25.675199508666992,25.534500122070312,25.675199508666992,1571,0.0,0.0
2022-10-18 15:30:00-04:00,25.700000762939453,25.700000762939453,25.420000076293945,25.420000076293945,7818,0.0,0.0
2022-10-19 09:30:00-04:00,25.40999984741211,25.65679931640625,25.40999984741211,25.58810043334961,0,0.0,0.0
2022-10-19 11:30:00-04:00,25.467300415039062,25.567800521850586,25.420000076293945,25.420000076293945,4766,0.0,0.0
2022-10-19 12:30:00-04:00,25.43000030517578,25.56999969482422,25.400100708007812,25.559999465942383,1227,0.0,0.0
2022-10-19 13:30:00-04:00,25.420000076293945,25.510000228881836,25.399999618530273,25.510000228881836,1592,0.0,0.0
2022-10-19 14:30:00-04:00,25.423999786376953,25.579599380493164,25.399999618530273,25.399999618530273,1455,0.0,0.0
2022-10-19 15:30:00-04:00,25.450000762939453,25.450000762939453,25.25,25.290000915527344,6114,0.0,0.0
2022-10-20 09:30:00-04:00,25.40999984741211,25.600000381469727,25.253599166870117,25.27910041809082,0,0.0,0.0
2022-10-20 10:30:00-04:00,25.48699951171875,25.48699951171875,25.25,25.25,3270,0.0,0.0
2022-10-20 12:30:00-04:00,25.270000457763672,25.270000457763672,25.110000610351562,25.174999237060547,1524,0.0,0.0
2022-10-20 13:30:00-04:00,25.15999984741211,25.297199249267578,25.1299991607666,25.200000762939453,3595,0.0,0.0
2022-10-20 14:30:00-04:00,25.200000762939453,25.30500030517578,25.1200008392334,25.30500030517578,17588,0.0,0.0
2022-10-20 15:30:00-04:00,25.1200008392334,25.40999984741211,25.1200008392334,25.40999984741211,1387,0.0,0.0
2022-10-21 09:30:00-04:00,25.389999389648438,25.4960994720459,25.100000381469727,25.200000762939453,0,0.0,0.0
2022-10-21 10:30:00-04:00,25.100000381469727,25.461299896240234,25.049999237060547,25.194299697875977,7282,0.0,0.0
2022-10-21 11:30:00-04:00,25.049999237060547,25.242900848388672,25.020000457763672,25.19499969482422,7356,0.0,0.0
2022-10-21 12:30:00-04:00,25.149999618530273,25.449899673461914,25.049999237060547,25.219999313354492,6926,0.0,0.0
2022-10-21 13:30:00-04:00,25.200000762939453,25.227100372314453,25.139999389648438,25.139999389648438,2115,0.0,0.0
2022-10-21 14:30:00-04:00,25.09000015258789,25.199899673461914,25.020000457763672,25.104999542236328,4606,0.0,0.0
2022-10-21 15:30:00-04:00,25.079999923706055,25.350000381469727,25.010000228881836,25.190000534057617,11334,0.0,0.0
2022-10-24 09:30:00-04:00,25.15999984741211,25.287099838256836,25.100000381469727,25.149999618530273,4452,0.0,0.0
2022-10-24 10:30:00-04:00,25.150100708007812,25.374900817871094,25.059999465942383,25.25,14841,0.0,0.0
2022-10-24 11:30:00-04:00,25.2450008392334,25.373199462890625,25.2450008392334,25.280000686645508,3934,0.0,0.0
2022-10-24 12:30:00-04:00,25.2189998626709,25.25,25.2189998626709,25.25,2274,0.0,0.0
2022-10-24 13:30:00-04:00,25.190000534057617,25.296199798583984,25.190000534057617,25.296199798583984,2551,0.0,0.0
2022-10-24 14:30:00-04:00,25.217199325561523,25.389999389648438,25.217199325561523,25.220699310302734,3084,0.0,0.0
2022-10-24 15:30:00-04:00,25.256900787353516,25.338600158691406,25.256900787353516,25.270000457763672,2101,0.0,0.0
2022-10-25 09:30:00-04:00,25.260000228881836,25.35700035095215,25.166400909423828,25.299999237060547,0,0.0,0.0
2022-10-25 10:30:00-04:00,25.3351993560791,25.389999389648438,25.3351993560791,25.389999389648438,1038,0.0,0.0
2022-10-25 11:30:00-04:00,25.3700008392334,25.3700008392334,25.329999923706055,25.329999923706055,1928,0.0,0.0
2022-10-25 12:30:00-04:00,25.350000381469727,26.239999771118164,25.329999923706055,26.239999771118164,14467,0.0,0.0
2022-10-25 13:30:00-04:00,25.700000762939453,26.192100524902344,25.450000762939453,25.450000762939453,1954,0.0,0.0
2022-10-25 14:30:00-04:00,25.450000762939453,25.864999771118164,25.450000762939453,25.5,2483,0.0,0.0
2022-10-25 15:30:00-04:00,25.684999465942383,25.709999084472656,25.559999465942383,25.649999618530273,1433,0.0,0.0
2022-10-26 09:30:00-04:00,25.790000915527344,25.8799991607666,25.449399948120117,25.8799991607666,0,0.0,0.0
2022-10-26 10:30:00-04:00,25.899999618530273,25.959299087524414,25.770000457763672,25.770000457763672,6792,0.0,0.0
2022-10-26 11:30:00-04:00,25.854999542236328,25.93000030517578,25.854999542236328,25.93000030517578,0,0.0,0.0
2022-10-26 12:30:00-04:00,25.940000534057617,25.959999084472656,25.899999618530273,25.899999618530273,9891,0.0,0.0
2022-10-26 13:30:00-04:00,25.9512996673584,25.9512996673584,25.9512996673584,25.9512996673584,532,0.0,0.0
2022-10-26 14:30:00-04:00,25.850000381469727,25.850000381469727,25.559999465942383,25.780000686645508,4994,0.0,0.0
2022-10-26 15:30:00-04:00,25.320600509643555,25.799999237060547,25.320600509643555,25.799999237060547,3038,0.0,0.0
2022-10-27 09:30:00-04:00,25.479999542236328,25.75,25.450000762939453,25.479999542236328,0,0.0,0.0
2022-10-27 10:30:00-04:00,25.649999618530273,25.649999618530273,25.549999237060547,25.549999237060547,3365,0.0,0.0
2022-10-27 11:30:00-04:00,25.549999237060547,25.655000686645508,25.549999237060547,25.649999618530273,1753,0.0,0.0
2022-10-27 12:30:00-04:00,25.655000686645508,25.655000686645508,25.655000686645508,25.655000686645508,1123,0.0,0.0
2022-10-27 13:30:00-04:00,25.559999465942383,25.63990020751953,25.5,25.63990020751953,5585,0.0,0.0
2022-10-27 14:30:00-04:00,25.540000915527344,25.610000610351562,25.53499984741211,25.559999465942383,2081,0.0,0.0
2022-10-27 15:30:00-04:00,25.672399520874023,25.672399520874023,25.672399520874023,25.672399520874023,251,0.0,0.0
2022-10-28 09:30:00-04:00,25.690000534057617,25.700000762939453,25.579999923706055,25.579999923706055,0,0.0,0.0
2022-10-28 10:30:00-04:00,25.700000762939453,25.71739959716797,25.600000381469727,25.670000076293945,6616,0.0,0.0
2022-10-28 11:30:00-04:00,25.6200008392334,25.729999542236328,25.612600326538086,25.612600326538086,1072,0.0,0.0
2022-10-28 12:30:00-04:00,25.642900466918945,25.712799072265625,25.56209945678711,25.712799072265625,2753,0.0,0.0
2022-10-28 13:30:00-04:00,25.463199615478516,25.70359992980957,25.463199615478516,25.579200744628906,1965,0.0,0.0
2022-10-28 14:30:00-04:00,25.533599853515625,25.614999771118164,25.520099639892578,25.520099639892578,2650,0.0,0.0
2022-10-28 15:30:00-04:00,25.5,25.68000030517578,25.5,25.68000030517578,1695,0.0,0.0
2022-10-31 09:30:00-04:00,25.579999923706055,25.763500213623047,25.500600814819336,25.604900360107422,0,0.0,0.0
2022-10-31 10:30:00-04:00,25.76300048828125,25.76300048828125,25.76300048828125,25.76300048828125,311,0.0,0.0
2022-10-31 11:30:00-04:00,25.530099868774414,25.70170021057129,25.530099868774414,25.70170021057129,549,0.0,0.0
2022-10-31 12:30:00-04:00,25.630699157714844,25.718299865722656,25.510000228881836,25.590900421142578,3247,0.0,0.0
2022-10-31 13:30:00-04:00,25.55030059814453,25.7721004486084,25.510000228881836,25.54360008239746,2892,0.0,0.0
2022-10-31 14:30:00-04:00,25.510000228881836,25.649999618530273,25.329999923706055,25.329999923706055,10012,0.0,0.0
2022-10-31 15:30:00-04:00,25.565000534057617,25.790000915527344,25.280000686645508,25.790000915527344,2274,0.0,0.0
2022-11-01 09:30:00-04:00,25.68000030517578,25.68000030517578,25.5,25.510000228881836,0,0.0,0.0
2022-11-01 10:30:00-04:00,25.77589988708496,25.77589988708496,25.510000228881836,25.52790069580078,2889,0.0,0.0
2022-11-01 11:30:00-04:00,25.652999877929688,25.652999877929688,25.616899490356445,25.637300491333008,1274,0.0,0.0
2022-11-01 12:30:00-04:00,25.56999969482422,25.640600204467773,25.5,25.5,4886,0.0,0.0
2022-11-01 13:30:00-04:00,25.604999542236328,25.614200592041016,25.56999969482422,25.56999969482422,4394,0.0,0.0
2022-11-01 14:30:00-04:00,25.56999969482422,25.799999237060547,25.530000686645508,25.65999984741211,8142,0.0,0.0
2022-11-01 15:30:00-04:00,25.65999984741211,25.799999237060547,25.540000915527344,25.799999237060547,4515,0.0,0.0
2022-11-02 09:30:00-04:00,25.780000686645508,25.780000686645508,25.719999313354492,25.719999313354492,0,0.0,0.0
2022-11-02 10:30:00-04:00,25.639999389648438,25.639999389648438,25.639999389648438,25.639999389648438,623,0.0,0.0
2022-11-02 11:30:00-04:00,25.639999389648438,25.639999389648438,25.639999389648438,25.639999389648438,292,0.0,0.0
2022-11-02 12:30:00-04:00,25.66860008239746,25.66860008239746,25.635000228881836,25.635000228881836,850,0.0,0.0
2022-11-02 13:30:00-04:00,25.52989959716797,25.75,25.52989959716797,25.581199645996094,3584,0.0,0.0
2022-11-02 14:30:00-04:00,25.690099716186523,25.690099716186523,25.510000228881836,25.510000228881836,3240,0.0,0.0
2022-11-02 15:30:00-04:00,25.469999313354492,25.520000457763672,25.450000762939453,25.450000762939453,4052,0.0,0.0
2022-11-03 09:30:00-04:00,25.43000030517578,25.520000457763672,25.35810089111328,25.43000030517578,0,0.0,0.0
2022-11-03 10:30:00-04:00,25.420000076293945,25.424999237060547,25.3700008392334,25.3700008392334,1850,0.0,0.0
2022-11-03 11:30:00-04:00,25.3700008392334,25.3700008392334,25.280000686645508,25.309999465942383,3813,0.0,0.0
2022-11-03 12:30:00-04:00,25.31999969482422,25.31999969482422,25.31999969482422,25.31999969482422,344,0.0,0.0
2022-11-03 13:30:00-04:00,25.31999969482422,25.40999984741211,25.309999465942383,25.40999984741211,1920,0.0,0.0
2022-11-03 14:30:00-04:00,25.347900390625,25.43000030517578,25.347900390625,25.39780044555664,1967,0.0,0.0
2022-11-03 15:30:00-04:00,25.440000534057617,25.440000534057617,25.362199783325195,25.3700008392334,1638,0.0,0.0
2022-11-04 09:30:00-04:00,25.329999923706055,25.575000762939453,25.329999923706055,25.575000762939453,0,0.0,0.0
2022-11-04 10:30:00-04:00,25.3700008392334,25.64579963684082,25.350000381469727,25.413700103759766,2801,0.0,0.0
2022-11-04 11:30:00-04:00,25.420000076293945,25.559900283813477,25.420000076293945,25.485000610351562,3156,0.0,0.0
2022-11-04 12:30:00-04:00,25.549999237060547,25.649999618530273,25.399999618530273,25.475000381469727,2179,0.0,0.0
2022-11-04 13:30:00-04:00,25.389999389648438,25.549999237060547,25.350000381469727,25.360000610351562,8886,0.0,0.0
2022-11-04 14:30:00-04:00,25.350000381469727,25.539899826049805,25.350000381469727,25.539899826049805,5165,0.0,0.0
2022-11-04 15:30:00-04:00,25.350000381469727,25.540000915527344,25.350000381469727,25.40999984741211,2858,0.0,0.0
2022-11-07 09:30:00-05:00,25.3799991607666,25.704200744628906,25.3799991607666,25.704200744628906,0,0.0,0.0
2022-11-07 10:30:00-05:00,25.700000762939453,25.775699615478516,25.514999389648438,25.520000457763672,2212,0.0,0.0
2022-11-07 11:30:00-05:00,25.52750015258789,25.52750015258789,25.38920021057129,25.415000915527344,1312,0.0,0.0
2022-11-07 12:30:00-05:00,25.479999542236328,25.529800415039062,25.469999313354492,25.469999313354492,1167,0.0,0.0
2022-11-07 13:30:00-05:00,25.469999313354492,25.539899826049805,25.399999618530273,25.469999313354492,5072,0.0,0.0
2022-11-07 14:30:00-05:00,25.420000076293945,25.475000381469727,25.420000076293945,25.450000762939453,3638,0.0,0.0
2022-11-07 15:30:00-05:00,25.670000076293945,25.670000076293945,25.480199813842773,25.549999237060547,3037,0.0,0.0
2022-11-08 09:30:00-05:00,25.690000534057617,25.690000534057617,25.422300338745117,25.690000534057617,0,0.0,0.0
2022-11-08 10:30:00-05:00,25.625,25.725000381469727,25.625,25.649999618530273,3009,0.0,0.0
2022-11-08 11:30:00-05:00,25.70050048828125,25.739999771118164,25.649999618530273,25.739999771118164,1960,0.0,0.0
2022-11-08 12:30:00-05:00,25.668699264526367,25.799999237060547,25.668699264526367,25.780000686645508,2058,0.0,0.0
2022-11-08 13:30:00-05:00,25.729999542236328,25.735000610351562,25.72249984741211,25.735000610351562,2073,0.0,0.0
2022-11-08 14:30:00-05:00,25.698999404907227,25.725000381469727,25.698999404907227,25.725000381469727,859,0.0,0.0
2022-11-08 15:30:00-05:00,25.69860076904297,25.75,25.69860076904297,25.75,1338,0.0,0.0
2022-11-09 09:30:00-05:00,25.725000381469727,25.940000534057617,25.713600158691406,25.72170066833496,0,0.0,0.0
2022-11-09 10:30:00-05:00,25.719999313354492,25.860000610351562,25.719999313354492,25.849300384521484,6097,0.0,0.0
2022-11-09 11:30:00-05:00,25.84000015258789,25.850000381469727,25.799999237060547,25.845300674438477,1492,0.0,0.0
2022-11-09 12:30:00-05:00,25.729999542236328,25.780500411987305,25.729999542236328,25.77090072631836,825,0.0,0.0
2022-11-09 13:30:00-05:00,25.749300003051758,26.020000457763672,25.749300003051758,25.900100708007812,11563,0.0,0.0
2022-11-09 14:30:00-05:00,25.959999084472656,25.959999084472656,25.899499893188477,25.899499893188477,1656,0.0,0.0
2022-11-09 15:30:00-05:00,26.010000228881836,26.020000457763672,25.730100631713867,25.950000762939453,11260,0.0,0.0
2022-11-10 09:30:00-05:00,25.822999954223633,26.330400466918945,25.822999954223633,26.030000686645508,0,0.0,0.0
2022-11-10 10:30:00-05:00,25.739999771118164,26.079999923706055,25.65060043334961,25.940000534057617,6282,0.0,0.0
2022-11-10 11:30:00-05:00,26.06999969482422,26.122100830078125,25.810100555419922,25.810100555419922,2699,0.0,0.0
2022-11-10 12:30:00-05:00,25.969999313354492,25.969999313354492,25.969999313354492,25.969999313354492,361,0.0,0.0
2022-11-10 13:30:00-05:00,26.049999237060547,26.049999237060547,25.940000534057617,25.940000534057617,3713,0.0,0.0
2022-11-10 14:30:00-05:00,25.90999984741211,26.219999313354492,25.850000381469727,26.139999389648438,4927,0.0,0.0
2022-11-10 15:30:00-05:00,26.010000228881836,26.219999313354492,26.010000228881836,26.049999237060547,3456,0.0,0.0
2022-11-11 09:30:00-05:00,26.299999237060547,26.299999237060547,26.229999542236328,26.25550079345703,0,0.0,0.0
2022-11-11 10:30:00-05:00,26.450000762939453,26.450000762939453,26.215200424194336,26.215200424194336,747,0.0,0.0
2022-11-11 11:30:00-05:00,26.385000228881836,26.690000534057617,26.247800827026367,26.247800827026367,9072,0.0,0.0
2022-11-11 12:30:00-05:00,26.579999923706055,26.690000534057617,26.3799991607666,26.3799991607666,6201,0.0,0.0
2022-11-11 13:30:00-05:00,26.437299728393555,26.609800338745117,26.420000076293945,26.43000030517578,4443,0.0,0.0
2022-11-11 14:30:00-05:00,26.440000534057617,26.440000534057617,26.43000030517578,26.43000030517578,1884,0.0,0.0
2022-11-11 15:30:00-05:00,26.25320053100586,26.270000457763672,26.25320053100586,26.270000457763672,553,0.0,0.0
2022-11-14 09:30:00-05:00,26.260000228881836,26.66990089416504,26.260000228881836,26.299999237060547,0,0.0,0.0
2022-11-14 10:30:00-05:00,26.420000076293945,26.559999465942383,26.35059928894043,26.35059928894043,2727,0.0,0.0
2022-11-14 11:30:00-05:00,26.399999618530273,26.50429916381836,26.280000686645508,26.314300537109375,2822,0.0,0.0
2022-11-14 12:30:00-05:00,26.299999237060547,26.350000381469727,26.08009910583496,26.22760009765625,6737,0.0,0.0
2022-11-14 13:30:00-05:00,26.193700790405273,26.235000610351562,26.1200008392334,26.235000610351562,4380,0.0,0.0
2022-11-14 14:30:00-05:00,26.010000228881836,26.19499969482422,26.010000228881836,26.1299991607666,1827,0.0,0.0
2022-11-14 15:30:00-05:00,26.059999465942383,26.229999542236328,26.0,26.229999542236328,1615,0.0,0.0
2022-11-15 09:30:00-05:00,26.139999389648438,26.59000015258789,26.064199447631836,26.396900177001953,0,0.0,0.0
2022-11-15 10:30:00-05:00,26.399999618530273,26.556900024414062,26.149999618530273,26.360000610351562,12930,0.0,0.0
2022-11-15 11:30:00-05:00,26.360000610351562,26.360000610351562,26.100000381469727,26.100000381469727,7824,0.0,0.0
2022-11-15 12:30:00-05:00,26.1299991607666,26.1299991607666,26.1299991607666,26.1299991607666,3063,0.0,0.0
2022-11-15 13:30:00-05:00,26.010000228881836,26.010000228881836,26.010000228881836,26.010000228881836,719,0.0,0.0
2022-11-15 14:30:00-05:00,26.256399154663086,26.6200008392334,26.000099182128906,26.049999237060547,5045,0.0,0.0
2022-11-15 15:30:00-05:00,26.295299530029297,26.295299530029297,26.0,26.0,3131,0.0,0.0
2022-11-16 09:30:00-05:00,26.040000915527344,26.244300842285156,26.040000915527344,26.244300842285156,0,0.0,0.0
2022-11-16 10:30:00-05:00,26.1200008392334,26.239999771118164,26.0,26.142000198364258,4873,0.0,0.0
2022-11-16 11:30:00-05:00,26.06999969482422,26.06999969482422,26.06999969482422,26.06999969482422,382,0.0,0.0
2022-11-16 12:30:00-05:00,26.235000610351562,26.40999984741211,26.040000915527344,26.040000915527344,4212,0.0,0.0
2022-11-16 13:30:00-05:00,26.030000686645508,26.05030059814453,25.961299896240234,26.00909996032715,5177,0.0,0.0
2022-11-16 14:30:00-05:00,25.95009994506836,26.040000915527344,25.816999435424805,26.040000915527344,3429,0.0,0.0
2022-11-16 15:30:00-05:00,26.059999465942383,26.059999465942383,25.900100708007812,25.93000030517578,1331,0.0,0.0
2022-11-17 09:30:00-05:00,25.979999542236328,26.235000610351562,25.979999542236328,26.049999237060547,0,0.0,0.0
2022-11-17 10:30:00-05:00,26.11750030517578,26.11750030517578,26.0,26.0,1214,0.0,0.0
2022-11-17 11:30:00-05:00,26.15999984741211,26.15999984741211,26.0,26.093799591064453,3007,0.0,0.0
2022-11-17 12:30:00-05:00,26.1072998046875,26.1072998046875,26.010000228881836,26.010000228881836,669,0.0,0.0
2022-11-17 13:30:00-05:00,26.177799224853516,26.177799224853516,26.0,26.118000030517578,2147,0.0,0.0
2022-11-17 14:30:00-05:00,26.020000457763672,26.100000381469727,25.809999465942383,25.809999465942383,8637,0.0,0.0
2022-11-17 15:30:00-05:00,25.906200408935547,25.979999542236328,25.790000915527344,25.790000915527344,4667,0.0,0.0
2022-11-18 09:30:00-05:00,25.920000076293945,26.292600631713867,25.899999618530273,25.989999771118164,0,0.0,0.0
2022-11-18 10:30:00-05:00,26.094999313354492,26.094999313354492,26.03809928894043,26.03809928894043,781,0.0,0.0
2022-11-18 11:30:00-05:00,26.03499984741211,26.03499984741211,25.90999984741211,26.001800537109375,4353,0.0,0.0
2022-11-18 12:30:00-05:00,25.955699920654297,26.0,25.90999984741211,25.90999984741211,3365,0.0,0.0
2022-11-18 13:30:00-05:00,25.90999984741211,26.079999923706055,25.899999618530273,26.06999969482422,5139,0.0,0.0
2022-11-18 14:30:00-05:00,25.90999984741211,25.989999771118164,25.770000457763672,25.770000457763672,5179,0.0,0.0
2022-11-18 15:30:00-05:00,25.670000076293945,25.959999084472656,25.670000076293945,25.959999084472656,3154,0.0,0.0
2022-11-21 09:30:00-05:00,26.1299991607666,26.239999771118164,25.697900772094727,26.079999923706055,0,0.0,0.0
2022-11-21 10:30:00-05:00,26.149999618530273,26.155399322509766,25.706100463867188,25.706100463867188,3592,0.0,0.0
2022-11-21 11:30:00-05:00,26.170000076293945,26.329999923706055,25.649999618530273,25.994199752807617,9391,0.0,0.0
2022-11-21 12:30:00-05:00,25.92490005493164,25.92530059814453,25.854999542236328,25.877199172973633,4369,0.0,0.0
2022-11-21 13:30:00-05:00,25.940000534057617,25.940000534057617,25.86210060119629,25.940000534057617,4276,0.0,0.0
2022-11-21 14:30:00-05:00,25.920000076293945,26.135299682617188,25.900999069213867,26.135299682617188,10643,0.0,0.0
2022-11-21 15:30:00-05:00,26.16550064086914,26.16550064086914,26.0,26.0,3787,0.0,0.0
2022-11-22 09:30:00-05:00,26.239999771118164,26.360599517822266,25.95009994506836,26.350000381469727,0,0.0,0.0
2022-11-22 10:30:00-05:00,26.350000381469727,26.43000030517578,26.151599884033203,26.360000610351562,7370,0.0,0.0
2022-11-22 11:30:00-05:00,26.299999237060547,26.319900512695312,25.950000762939453,26.175100326538086,3201,0.0,0.0
2022-11-22 12:30:00-05:00,26.27090072631836,26.27090072631836,26.145000457763672,26.145000457763672,837,0.0,0.0
2022-11-22 13:30:00-05:00,26.139999389648438,26.139999389648438,26.03219985961914,26.03219985961914,1804,0.0,0.0
2022-11-22 14:30:00-05:00,26.190000534057617,26.450000762939453,26.174999237060547,26.36720085144043,16675,0.0,0.0
2022-11-22 15:30:00-05:00,26.399999618530273,26.399999618530273,26.350000381469727,26.350000381469727,3047,0.0,0.0
2022-11-23 09:30:00-05:00,26.302900314331055,26.469999313354492,26.302900314331055,26.459999084472656,0,0.0,0.0
2022-11-23 10:30:00-05:00,26.510000228881836,26.529699325561523,26.350099563598633,26.407400131225586,3527,0.0,0.0
2022-11-23 11:30:00-05:00,26.360000610351562,26.540000915527344,26.360000610351562,26.540000915527344,2377,0.0,0.0
2022-11-23 12:30:00-05:00,26.395000457763672,26.5,26.395000457763672,26.450000762939453,1165,0.0,0.0
2022-11-23 13:30:00-05:00,26.40180015563965,26.479999542236328,26.369400024414062,26.469999313354492,3437,0.0,0.0
2022-11-23 14:30:00-05:00,26.43280029296875,26.600000381469727,26.415000915527344,26.502099990844727,8525,0.0,0.0
2022-11-23 15:30:00-05:00,26.423500061035156,26.573999404907227,26.389999389648438,26.56999969482422,1810,0.0,0.0
2022-11-25 09:30:00-05:00,26.540000915527344,26.540000915527344,26.1299991607666,26.424400329589844,0,0.0,0.0
2022-11-25 10:30:00-05:00,26.484100341796875,26.484100341796875,26.219200134277344,26.399999618530273,1879,0.0,0.0
2022-11-25 11:30:00-05:00,26.350500106811523,26.579999923706055,26.239999771118164,26.579999923706055,3838,0.0,0.0
2022-11-28 09:30:00-05:00,26.540000915527344,26.65999984741211,26.292299270629883,26.482099533081055,6808,0.0,0.0
2022-11-28 10:30:00-05:00,26.315000534057617,26.465999603271484,26.315000534057617,26.465999603271484,647,0.0,0.0
2022-11-28 12:30:00-05:00,26.479900360107422,26.479900360107422,26.25629997253418,26.34000015258789,861,0.0,0.0
2022-11-28 13:30:00-05:00,26.3799991607666,26.68000030517578,26.3799991607666,26.44499969482422,17457,0.0,0.0
2022-11-28 14:30:00-05:00,26.34160041809082,26.58060073852539,26.255300521850586,26.255300521850586,3044,0.0,0.0
2022-11-28 15:30:00-05:00,26.402299880981445,26.649999618530273,26.402299880981445,26.649999618530273,683,0.0,0.0
2022-11-29 09:30:00-05:00,26.450000762939453,26.46500015258789,26.09000015258789,26.46500015258789,0,0.0,0.0
2022-11-29 10:30:00-05:00,26.440000534057617,26.440000534057617,26.440000534057617,26.440000534057617,106,0.0,0.0
2022-11-29 11:30:00-05:00,26.632200241088867,26.632200241088867,26.5,26.5,665,0.0,0.0
2022-11-29 12:30:00-05:00,26.518600463867188,26.518600463867188,26.48979949951172,26.48979949951172,2401,0.0,0.0
2022-11-29 13:30:00-05:00,26.524999618530273,26.589000701904297,26.389999389648438,26.459999084472656,5490,0.0,0.0
2022-11-29 14:30:00-05:00,26.405000686645508,26.48579978942871,26.309999465942383,26.43000030517578,12350,0.0,0.0
2022-11-29 15:30:00-05:00,26.420000076293945,26.440000534057617,26.170000076293945,26.170000076293945,5588,0.0,0.0
2022-11-30 09:30:00-05:00,26.309999465942383,26.399999618530273,26.08989906311035,26.399999618530273,0,0.0,0.0
2022-11-30 10:30:00-05:00,26.20330047607422,26.280000686645508,26.20330047607422,26.280000686645508,9534,0.0,0.0
2022-11-30 11:30:00-05:00,26.280000686645508,26.290000915527344,26.0,26.010000228881836,13484,0.0,0.0
2022-11-30 12:30:00-05:00,26.09000015258789,26.09000015258789,25.829999923706055,25.829999923706055,10391,0.0,0.0
2022-11-30 13:30:00-05:00,26.1299991607666,26.1299991607666,25.639999389648438,25.65999984741211,26113,0.0,0.0
2022-11-30 14:30:00-05:00,25.670000076293945,25.770000457763672,25.520000457763672,25.6200008392334,46170,0.0,0.0
2022-11-30 15:30:00-05:00,25.6200008392334,25.815000534057617,25.549999237060547,25.739999771118164,50331,0.0,0.0
2022-12-01 09:30:00-05:00,25.799999237060547,26.0,25.66230010986328,25.670000076293945,12979,0.0,0.0
2022-12-01 10:30:00-05:00,25.670000076293945,25.760000228881836,25.670000076293945,25.729999542236328,9222,0.0,0.0
2022-12-01 11:30:00-05:00,25.770000457763672,25.81999969482422,25.649999618530273,25.670000076293945,20933,0.0,0.0
2022-12-01 12:30:00-05:00,25.690000534057617,25.799999237060547,25.68000030517578,25.729999542236328,8140,0.0,0.0
2022-12-01 13:30:00-05:00,25.729999542236328,25.7903995513916,25.700000762939453,25.74970054626465,26370,0.0,0.0
2022-12-01 14:30:00-05:00,25.721099853515625,25.828800201416016,25.719999313354492,25.770000457763672,17321,0.0,0.0
2022-12-01 15:30:00-05:00,25.770000457763672,25.80500030517578,25.739999771118164,25.780000686645508,8521,0.0,0.0
2022-12-02 09:30:00-05:00,25.690000534057617,25.850000381469727,25.6200008392334,25.770000457763672,28145,0.0,0.0
2022-12-02 10:30:00-05:00,25.639999389648438,25.84869956970215,25.639999389648438,25.84869956970215,18663,0.0,0.0
2022-12-02 11:30:00-05:00,25.829999923706055,25.975000381469727,25.829999923706055,25.90250015258789,5346,0.0,0.0
2022-12-02 12:30:00-05:00,25.850000381469727,25.98419952392578,25.850000381469727,25.915000915527344,4157,0.0,0.0
2022-12-02 13:30:00-05:00,25.93000030517578,25.988000869750977,25.850000381469727,25.950000762939453,10390,0.0,0.0
2022-12-02 14:30:00-05:00,25.950000762939453,25.999900817871094,25.860000610351562,25.920000076293945,8106,0.0,0.0
2022-12-02 15:30:00-05:00,25.899999618530273,25.969999313354492,25.860000610351562,25.899999618530273,4834,0.0,0.0
2022-12-05 09:30:00-05:00,25.90999984741211,25.982900619506836,25.81999969482422,25.850000381469727,0,0.0,0.0
2022-12-05 10:30:00-05:00,25.924999237060547,25.931800842285156,25.850000381469727,25.860000610351562,3576,0.0,0.0
2022-12-05 11:30:00-05:00,25.850099563598633,25.968599319458008,25.729999542236328,25.968599319458008,9791,0.0,0.0
2022-12-05 12:30:00-05:00,25.864999771118164,25.979999542236328,25.864999771118164,25.979999542236328,1322,0.0,0.0
2022-12-05 13:30:00-05:00,25.829999923706055,25.829999923706055,25.670000076293945,25.752300262451172,6584,0.0,0.0
2022-12-05 14:30:00-05:00,25.690000534057617,25.81999969482422,25.650699615478516,25.68000030517578,5997,0.0,0.0
2022-12-05 15:30:00-05:00,25.68000030517578,25.715499877929688,25.579999923706055,25.579999923706055,7218,0.0,0.0
2022-12-06 09:30:00-05:00,25.719999313354492,25.876399993896484,25.600000381469727,25.764999389648438,11469,0.0,0.0
2022-12-06 10:30:00-05:00,25.670000076293945,25.764999389648438,25.600000381469727,25.63640022277832,7558,0.0,0.0
2022-12-06 11:30:00-05:00,25.610000610351562,25.713899612426758,25.530000686645508,25.559999465942383,4314,0.0,0.0
2022-12-06 12:30:00-05:00,25.566999435424805,25.566999435424805,25.479999542236328,25.520000457763672,10266,0.0,0.0
2022-12-06 13:30:00-05:00,25.540000915527344,25.59000015258789,25.510000228881836,25.520000457763672,3962,0.0,0.0
2022-12-06 14:30:00-05:00,25.520000457763672,25.63610076904297,25.5,25.559999465942383,4778,0.0,0.0
2022-12-06 15:30:00-05:00,25.549999237060547,25.690000534057617,25.549999237060547,25.670000076293945,0,0.0,0.0
2022-12-07 09:30:00-05:00,25.600000381469727,25.809799194335938,25.600000381469727,25.7450008392334,3676,0.0,0.0
2022-12-07 10:30:00-05:00,25.746999740600586,25.74839973449707,25.670000076293945,25.709999084472656,3013,0.0,0.0
2022-12-07 11:30:00-05:00,25.68000030517578,25.700000762939453,25.6200008392334,25.690000534057617,2132,0.0,0.0
2022-12-07 12:30:00-05:00,25.700000762939453,25.8799991607666,25.645000457763672,25.75,11657,0.0,0.0
2022-12-07 13:30:00-05:00,25.850000381469727,25.850000381469727,25.6471004486084,25.760000228881836,3749,0.0,0.0
2022-12-07 14:30:00-05:00,25.68000030517578,25.7450008392334,25.641000747680664,25.7450008392334,7130,0.0,0.0
2022-12-07 15:30:00-05:00,25.78809928894043,25.850000381469727,25.649999618530273,25.649999618530273,2295,0.0,0.0
2022-12-08 09:30:00-05:00,25.700000762939453,25.899999618530273,25.56999969482422,25.8700008392334,0,0.0,0.0
2022-12-08 10:30:00-05:00,25.760000228881836,25.833999633789062,25.709999084472656,25.739999771118164,4314,0.0,0.0
2022-12-08 11:30:00-05:00,25.709999084472656,25.799999237060547,25.709999084472656,25.765399932861328,5451,0.0,0.0
2022-12-08 12:30:00-05:00,25.770000457763672,25.7716007232666,25.674999237060547,25.7716007232666,6704,0.0,0.0
2022-12-08 13:30:00-05:00,25.700000762939453,25.700000762939453,25.600000381469727,25.600000381469727,6936,0.0,0.0
2022-12-08 14:30:00-05:00,25.600000381469727,25.622900009155273,25.530000686645508,25.540000915527344,9422,0.0,0.0
2022-12-08 15:30:00-05:00,25.540000915527344,25.58989906311035,25.520000457763672,25.520000457763672,3444,0.0,0.0
2022-12-09 09:30:00-05:00,25.56999969482422,25.59000015258789,25.479999542236328,25.59000015258789,11209,0.0,0.0
2022-12-09 10:30:00-05:00,25.600000381469727,25.63319969177246,25.530000686645508,25.530000686645508,1632,0.0,0.0
2022-12-09 11:30:00-05:00,25.530000686645508,25.600000381469727,25.530000686645508,25.600000381469727,3689,0.0,0.0
2022-12-09 12:30:00-05:00,25.649999618530273,25.649999618530273,25.549999237060547,25.549999237060547,2302,0.0,0.0
2022-12-09 13:30:00-05:00,25.61079978942871,25.61079978942871,25.549999237060547,25.575000762939453,3463,0.0,0.0
2022-12-09 14:30:00-05:00,25.594999313354492,25.609899520874023,25.520000457763672,25.530000686645508,13242,0.0,0.0
2022-12-09 15:30:00-05:00,25.511999130249023,25.520000457763672,25.43000030517578,25.440000534057617,14702,0.0,0.0
2022-12-12 09:30:00-05:00,25.5,25.56999969482422,25.420000076293945,25.450000762939453,0,0.0,0.0
2022-12-12 10:30:00-05:00,25.469999313354492,25.489999771118164,25.450000762939453,25.479999542236328,3415,0.0,0.0
2022-12-12 11:30:00-05:00,25.50119972229004,25.534799575805664,25.440000534057617,25.486000061035156,2927,0.0,0.0
2022-12-12 12:30:00-05:00,25.49839973449707,25.49839973449707,25.454999923706055,25.454999923706055,4013,0.0,0.0
2022-12-12 13:30:00-05:00,25.50950050354004,25.50950050354004,25.439199447631836,25.5,3213,0.0,0.0
2022-12-12 14:30:00-05:00,25.510000228881836,25.670000076293945,25.459999084472656,25.649999618530273,20296,0.0,0.0
2022-12-12 15:30:00-05:00,25.649999618530273,25.719999313354492,25.57550048828125,25.690000534057617,7639,0.0,0.0
2022-12-13 09:30:00-05:00,25.860000610351562,25.900400161743164,25.67530059814453,25.81879997253418,0,0.0,0.0
2022-12-13 10:30:00-05:00,25.760000228881836,25.889999389648438,25.760000228881836,25.8799991607666,5645,0.0,0.0
2022-12-13 11:30:00-05:00,25.825000762939453,25.899999618530273,25.760000228881836,25.899999618530273,7807,0.0,0.0
2022-12-13 12:30:00-05:00,25.899999618530273,26.0,25.868099212646484,25.969999313354492,3476,0.0,0.0
2022-12-13 13:30:00-05:00,26.0,26.06999969482422,25.899999618530273,26.049999237060547,6014,0.0,0.0
2022-12-13 14:30:00-05:00,26.030000686645508,26.079999923706055,26.00550079345703,26.06999969482422,22290,0.0,0.0
2022-12-13 15:30:00-05:00,26.06999969482422,26.200000762939453,25.989999771118164,26.020000457763672,13747,0.0,0.0
2022-12-14 09:30:00-05:00,26.100000381469727,26.239999771118164,26.049999237060547,26.149999618530273,0,0.0,0.0
2022-12-14 10:30:00-05:00,26.149999618530273,26.219999313354492,26.111499786376953,26.171199798583984,5014,0.0,0.0
2022-12-14 11:30:00-05:00,26.115100860595703,26.184999465942383,26.115100860595703,26.131099700927734,1608,0.0,0.0
2022-12-14 12:30:00-05:00,26.184999465942383,26.239999771118164,26.184999465942383,26.219999313354492,1068,0.0,0.0
2022-12-14 13:30:00-05:00,26.200000762939453,26.349899291992188,26.1200008392334,26.23550033569336,9923,0.0,0.0
2022-12-14 14:30:00-05:00,26.32990074157715,26.32990074157715,26.18000030517578,26.19809913635254,5460,0.0,0.0
2022-12-14 15:30:00-05:00,26.350000381469727,26.389999389648438,26.04949951171875,26.350000381469727,4560,0.0,0.0
2022-12-15 09:30:00-05:00,25.93000030517578,25.940000534057617,25.554899215698242,25.9325008392334,0,0.0,0.0
2022-12-15 10:30:00-05:00,25.938400268554688,25.938400268554688,25.730100631713867,25.799999237060547,3206,0.0,0.0
2022-12-15 11:30:00-05:00,25.84000015258789,25.844200134277344,25.540000915527344,25.540000915527344,2486,0.0,0.0
2022-12-15 12:30:00-05:00,25.6200008392334,25.739999771118164,25.600000381469727,25.725000381469727,3363,0.0,0.0
2022-12-15 13:30:00-05:00,25.849000930786133,25.849000930786133,25.684600830078125,25.763599395751953,2829,0.0,0.0
2022-12-15 14:30:00-05:00,25.8700008392334,25.8799991607666,25.728900909423828,25.804899215698242,3965,0.0,0.0
2022-12-15 15:30:00-05:00,25.729999542236328,25.780000686645508,25.600000381469727,25.690000534057617,3926,0.0,0.0
2022-12-16 09:30:00-05:00,25.56999969482422,25.65999984741211,25.399999618530273,25.65999984741211,0,0.0,0.0
2022-12-16 10:30:00-05:00,25.600000381469727,25.72319984436035,25.600000381469727,25.72319984436035,802,0.0,0.0
2022-12-16 11:30:00-05:00,25.610000610351562,25.729900360107422,25.603599548339844,25.603599548339844,1487,0.0,0.0
2022-12-16 12:30:00-05:00,25.671899795532227,25.689899444580078,25.47100067138672,25.598600387573242,1294,0.0,0.0
2022-12-16 13:30:00-05:00,25.530000686645508,25.608999252319336,25.48699951171875,25.48699951171875,2924,0.0,0.0
2022-12-16 14:30:00-05:00,25.540000915527344,25.729900360107422,25.530000686645508,25.729900360107422,2979,0.0,0.0
2022-12-16 15:30:00-05:00,25.559999465942383,25.729999542236328,25.540000915527344,25.729999542236328,3643,0.0,0.0
2022-12-19 09:30:00-05:00,25.600000381469727,25.8700008392334,25.503700256347656,25.540199279785156,0,0.0,0.0
2022-12-19 10:30:00-05:00,25.829999923706055,25.84000015258789,25.529499053955078,25.559999465942383,7203,0.0,0.0
2022-12-19 11:30:00-05:00,25.55120086669922,25.75749969482422,25.55120086669922,25.56999969482422,2385,0.0,0.0
2022-12-19 12:30:00-05:00,25.753599166870117,25.753599166870117,25.56999969482422,25.642000198364258,1606,0.0,0.0
2022-12-19 13:30:00-05:00,25.559999465942383,25.731800079345703,25.530000686645508,25.56999969482422,4489,0.0,0.0
2022-12-19 14:30:00-05:00,25.506900787353516,25.780000686645508,25.506900787353516,25.56999969482422,6876,0.0,0.0
2022-12-19 15:30:00-05:00,25.59000015258789,25.670000076293945,25.56999969482422,25.59000015258789,1157,0.0,0.0
2022-12-20 09:30:00-05:00,25.350000381469727,25.540700912475586,25.350000381469727,25.540000915527344,0,0.0,0.0
2022-12-20 10:30:00-05:00,25.679100036621094,25.729999542236328,25.5,25.5,7480,0.0,0.0
2022-12-20 11:30:00-05:00,25.478599548339844,25.489999771118164,25.420000076293945,25.469999313354492,7365,0.0,0.0
2022-12-20 12:30:00-05:00,25.549999237060547,25.55030059814453,25.5,25.55030059814453,2559,0.0,0.0
2022-12-20 13:30:00-05:00,25.5,25.664600372314453,25.5,25.600000381469727,2807,0.0,0.0
2022-12-20 14:30:00-05:00,25.614999771118164,25.614999771118164,25.399999618530273,25.399999618530273,5670,0.0,0.0
2022-12-20 15:30:00-05:00,25.399999618530273,25.5,25.3799991607666,25.5,10306,0.0,0.0
2022-12-21 09:30:00-05:00,25.5,25.68000030517578,25.423200607299805,25.56999969482422,0,0.0,0.0
2022-12-21 10:30:00-05:00,25.579999923706055,25.68000030517578,25.487300872802734,25.584299087524414,4076,0.0,0.0
2022-12-21 11:30:00-05:00,25.626300811767578,25.729700088500977,25.520000457763672,25.6200008392334,2250,0.0,0.0
2022-12-21 12:30:00-05:00,25.5,25.68000030517578,25.5,25.670000076293945,4430,0.0,0.0
2022-12-21 13:30:00-05:00,25.65999984741211,25.70599937438965,25.649999618530273,25.690000534057617,5651,0.0,0.0
2022-12-21 14:30:00-05:00,25.7106990814209,25.77630043029785,25.508899688720703,25.70159912109375,3328,0.0,0.0
2022-12-21 15:30:00-05:00,25.685400009155273,25.700000762939453,25.61829948425293,25.65999984741211,1139,0.0,0.0
2022-12-22 09:30:00-05:00,25.729999542236328,25.75,25.610000610351562,25.634700775146484,9155,0.0,0.0
2022-12-22 10:30:00-05:00,25.655000686645508,25.66990089416504,25.549999237060547,25.66990089416504,1853,0.0,0.0
2022-12-22 11:30:00-05:00,25.524999618530273,25.66990089416504,25.399999618530273,25.5049991607666,16179,0.0,0.0
2022-12-22 12:30:00-05:00,25.67639923095703,25.67639923095703,25.395000457763672,25.540000915527344,6654,0.0,0.0
2022-12-22 13:30:00-05:00,25.559999465942383,25.701200485229492,25.530000686645508,25.639999389648438,4706,0.0,0.0
2022-12-22 14:30:00-05:00,25.684999465942383,25.709999084472656,25.44260025024414,25.639999389648438,7696,0.0,0.0
2022-12-22 15:30:00-05:00,25.40999984741211,25.63759994506836,25.40999984741211,25.5,6623,0.0,0.0
2022-12-23 09:30:00-05:00,25.56999969482422,25.658899307250977,25.420000076293945,25.440000534057617,0,0.0,0.0
2022-12-23 10:30:00-05:00,25.599000930786133,25.6018009185791,25.599000930786133,25.6018009185791,1613,0.0,0.0
2022-12-23 11:30:00-05:00,25.549999237060547,25.549999237060547,25.5,25.5,1683,0.0,0.0
2022-12-23 12:30:00-05:00,25.565000534057617,25.59749984741211,25.399999618530273,25.399999618530273,7201,0.0,0.0
2022-12-23 13:30:00-05:00,25.454999923706055,25.4950008392334,25.389999389648438,25.420000076293945,1899,0.0,0.0
2022-12-23 14:30:00-05:00,25.485000610351562,25.524799346923828,25.40999984741211,25.469999313354492,2640,0.0,0.0
2022-12-23 15:30:00-05:00,25.469999313354492,25.5,25.40999984741211,25.450000762939453,3102,0.0,0.0
2022-12-27 09:30:00-05:00,25.469999313354492,25.53499984741211,25.350000381469727,25.450000762939453,0,0.0,0.0
2022-12-27 10:30:00-05:00,25.360000610351562,25.41469955444336,25.316499710083008,25.316499710083008,4320,0.0,0.0
2022-12-27 11:30:00-05:00,25.376800537109375,25.376800537109375,25.260000228881836,25.350000381469727,4729,0.0,0.0
2022-12-27 12:30:00-05:00,25.299999237060547,25.319499969482422,25.18000030517578,25.219999313354492,5086,0.0,0.0
2022-12-27 13:30:00-05:00,25.275999069213867,25.312299728393555,25.239999771118164,25.290000915527344,2422,0.0,0.0
2022-12-27 14:30:00-05:00,25.25,25.309999465942383,25.25,25.260000228881836,2685,0.0,0.0
2022-12-27 15:30:00-05:00,25.299999237060547,25.299999237060547,25.170000076293945,25.170000076293945,7049,0.0,0.0
2022-12-28 09:30:00-05:00,25.239999771118164,25.260000228881836,25.18000030517578,25.246599197387695,0,0.0,0.0
2022-12-28 10:30:00-05:00,25.209999084472656,25.26140022277832,25.100000381469727,25.110000610351562,9678,0.0,0.0
2022-12-28 11:30:00-05:00,25.149999618530273,25.25,25.100000381469727,25.17770004272461,20500,0.0,0.0
2022-12-28 12:30:00-05:00,25.110000610351562,25.188100814819336,25.049999237060547,25.163299560546875,8245,0.0,0.0
2022-12-28 13:30:00-05:00,25.199899673461914,25.199899673461914,25.06999969482422,25.071300506591797,9977,0.0,0.0
2022-12-28 14:30:00-05:00,25.199100494384766,25.199100494384766,25.08009910583496,25.145200729370117,7300,0.0,0.0
2022-12-28 15:30:00-05:00,25.149999618530273,25.149999618530273,25.079999923706055,25.079999923706055,1468,0.0,0.0
2022-12-29 09:30:00-05:00,25.170000076293945,25.469900131225586,25.150100708007812,25.200000762939453,0,0.0,0.0
2022-12-29 10:30:00-05:00,25.260000228881836,25.437599182128906,25.150100708007812,25.25,8758,0.0,0.0
2022-12-29 11:30:00-05:00,25.15999984741211,25.28499984741211,25.15999984741211,25.210599899291992,4124,0.0,0.0
2022-12-29 12:30:00-05:00,25.260000228881836,25.374300003051758,25.170000076293945,25.248300552368164,6853,0.0,0.0
2022-12-29 13:30:00-05:00,25.170000076293945,25.260000228881836,25.170000076293945,25.18720054626465,4624,0.0,0.0
2022-12-29 14:30:00-05:00,25.219999313354492,25.258899688720703,25.180099487304688,25.25320053100586,7324,0.0,0.0
2022-12-29 15:30:00-05:00,25.260000228881836,25.290000915527344,25.239999771118164,25.239999771118164,0,0.0,0.0
2022-12-30 09:30:00-05:00,25.479999542236328,25.629899978637695,25.350799560546875,25.450000762939453,24315,0.0,0.0
2022-12-30 10:30:00-05:00,25.3700008392334,25.610000610351562,25.334199905395508,25.59000015258789,18061,0.0,0.0
2022-12-30 11:30:00-05:00,25.600000381469727,25.700000762939453,25.45439910888672,25.700000762939453,13044,0.0,0.0
2022-12-30 12:30:00-05:00,25.700000762939453,25.780000686645508,25.670000076293945,25.700000762939453,4776,0.0,0.0
2022-12-30 13:30:00-05:00,25.75,25.940000534057617,25.709999084472656,25.940000534057617,11757,0.0,0.0
2022-12-30 14:30:00-05:00,25.891000747680664,25.920000076293945,25.770000457763672,25.845199584960938,8861,0.0,0.0
2022-12-30 15:30:00-05:00,25.853900909423828,26.020000457763672,25.809999465942383,25.940000534057617,15273,0.0,0.0
2023-01-03 09:30:00-05:00,26.06999969482422,26.114999771118164,25.823400497436523,26.114999771118164,13068,0.0,0.0
2023-01-03 10:30:00-05:00,26.0,26.110000610351562,25.853099822998047,25.853099822998047,4221,0.0,0.0
2023-01-03 11:30:00-05:00,25.920000076293945,26.04990005493164,25.90999984741211,26.0,3857,0.0,0.0
2023-01-03 12:30:00-05:00,25.96809959411621,26.049999237060547,25.915000915527344,25.940000534057617,2111,0.0,0.0
2023-01-03 13:30:00-05:00,26.059999465942383,26.06999969482422,25.979999542236328,25.979999542236328,3659,0.0,0.0
2023-01-03 14:30:00-05:00,26.010000228881836,26.06999969482422,25.989999771118164,26.06999969482422,3940,0.0,0.0
2023-01-03 15:30:00-05:00,26.0,26.06999969482422,26.0,26.059999465942383,2368,0.0,0.0
2023-01-04 09:30:00-05:00,26.09000015258789,26.09000015258789,25.998300552368164,25.998300552368164,0,0.0,0.0
2023-01-04 10:30:00-05:00,26.010000228881836,26.065000534057617,26.010000228881836,26.065000534057617,3151,0.0,0.0
2023-01-04 11:30:00-05:00,26.09000015258789,26.1200008392334,26.06999969482422,26.079999923706055,4438,0.0,0.0
2023-01-04 12:30:00-05:00,26.075000762939453,26.1200008392334,26.075000762939453,26.084999084472656,2942,0.0,0.0
2023-01-04 13:30:00-05:00,26.139999389648438,26.159900665283203,26.098600387573242,26.1299991607666,7173,0.0,0.0
2023-01-04 14:30:00-05:00,26.1299991607666,26.15999984741211,26.110000610351562,26.139999389648438,13703,0.0,0.0
2023-01-04 15:30:00-05:00,26.124099731445312,26.190000534057617,26.1200008392334,26.15999984741211,3532,0.0,0.0
2023-01-05 09:30:00-05:00,26.09000015258789,26.209999084472656,25.936199188232422,26.1200008392334,0,0.0,0.0
2023-01-05 10:30:00-05:00,26.079999923706055,26.145000457763672,26.0049991607666,26.020000457763672,1700,0.0,0.0
2023-01-05 11:30:00-05:00,26.106000900268555,26.229999542236328,26.083599090576172,26.165000915527344,2434,0.0,0.0
2023-01-05 12:30:00-05:00,26.190000534057617,26.190000534057617,26.110000610351562,26.1200008392334,4411,0.0,0.0
2023-01-05 13:30:00-05:00,26.212900161743164,26.219999313354492,26.18269920349121,26.219999313354492,4569,0.0,0.0
2023-01-05 14:30:00-05:00,26.239999771118164,26.259899139404297,26.100000381469727,26.100000381469727,6384,0.0,0.0
2023-01-05 15:30:00-05:00,26.15999984741211,26.229900360107422,25.736000061035156,26.049999237060547,27026,0.0,0.0
2023-01-06 09:30:00-05:00,26.149999618530273,26.174999237060547,26.0,26.090099334716797,0,0.0,0.0
2023-01-06 10:30:00-05:00,26.090099334716797,26.18199920654297,26.030000686645508,26.149999618530273,2355,0.0,0.0
2023-01-06 11:30:00-05:00,26.289899826049805,26.289899826049805,26.040000915527344,26.040000915527344,3652,0.0,0.0
2023-01-06 12:30:00-05:00,26.139999389648438,26.170000076293945,26.06999969482422,26.06999969482422,3190,0.0,0.0
2023-01-06 13:30:00-05:00,26.159500122070312,26.31999969482422,26.149999618530273,26.299999237060547,5428,0.0,0.0
2023-01-06 14:30:00-05:00,26.239999771118164,26.338300704956055,26.219999313354492,26.31999969482422,7506,0.0,0.0
2023-01-06 15:30:00-05:00,26.171199798583984,26.34000015258789,26.097299575805664,26.34000015258789,2364,0.0,0.0
2023-01-09 09:30:00-05:00,26.290000915527344,26.450000762939453,26.239999771118164,26.450000762939453,0,0.0,0.0
2023-01-09 10:30:00-05:00,26.235000610351562,26.449899673461914,26.21820068359375,26.21820068359375,3278,0.0,0.0
2023-01-09 11:30:00-05:00,26.270000457763672,26.270000457763672,26.079999923706055,26.270000457763672,2183,0.0,0.0
2023-01-09 12:30:00-05:00,26.280000686645508,26.43000030517578,26.170000076293945,26.299999237060547,17574,0.0,0.0
2023-01-09 13:30:00-05:00,26.329999923706055,26.362199783325195,26.000099182128906,26.290000915527344,3715,0.0,0.0
2023-01-09 14:30:00-05:00,26.135000228881836,26.360000610351562,26.135000228881836,26.25320053100586,3314,0.0,0.0
2023-01-09 15:30:00-05:00,26.290000915527344,26.360000610351562,26.244600296020508,26.360000610351562,3851,0.0,0.0
2023-01-10 09:30:00-05:00,26.350000381469727,26.43000030517578,26.350000381469727,26.43000030517578,0,0.0,0.0
2023-01-10 10:30:00-05:00,26.200000762939453,26.26849937438965,26.071300506591797,26.26849937438965,6262,0.0,0.0
2023-01-10 11:30:00-05:00,25.97010040283203,26.18000030517578,25.97010040283203,26.18000030517578,1549,0.0,0.0
2023-01-10 12:30:00-05:00,26.277099609375,26.277099609375,26.200000762939453,26.241100311279297,621,0.0,0.0
2023-01-10 13:30:00-05:00,26.260000228881836,26.299999237060547,26.209999084472656,26.299999237060547,3879,0.0,0.0
2023-01-10 14:30:00-05:00,26.278200149536133,26.329999923706055,26.2549991607666,26.329999923706055,2224,0.0,0.0
2023-01-10 15:30:00-05:00,26.329999923706055,26.389999389648438,26.31999969482422,26.389999389648438,3970,0.0,0.0
2023-01-11 09:30:00-05:00,26.479999542236328,26.479999542236328,26.260000228881836,26.299999237060547,0,0.0,0.0
2023-01-11 10:30:00-05:00,26.309999465942383,26.309999465942383,26.120100021362305,26.309999465942383,1397,0.0,0.0
2023-01-11 11:30:00-05:00,26.30500030517578,26.413799285888672,26.260000228881836,26.329999923706055,2871,0.0,0.0
2023-01-11 12:30:00-05:00,26.329999923706055,26.367399215698242,26.13360023498535,26.299999237060547,2928,0.0,0.0
2023-01-11 13:30:00-05:00,26.343299865722656,26.42009925842285,26.100000381469727,26.15999984741211,12736,0.0,0.0
2023-01-11 14:30:00-05:00,26.170000076293945,26.200000762939453,26.079999923706055,26.1299991607666,4092,0.0,0.0
2023-01-11 15:30:00-05:00,26.15999984741211,26.170000076293945,25.559999465942383,25.81999969482422,40567,0.0,0.0
2023-01-12 09:30:00-05:00,26.0,26.04640007019043,25.790000915527344,25.829999923706055,5207,0.0,0.0
2023-01-12 10:30:00-05:00,25.790000915527344,26.079999923706055,25.65999984741211,25.989999771118164,10178,0.0,0.0
2023-01-12 11:30:00-05:00,25.690000534057617,25.912500381469727,25.670000076293945,25.719999313354492,6110,0.0,0.0
2023-01-12 12:30:00-05:00,25.700000762939453,25.92639923095703,25.6200008392334,25.6200008392334,11586,0.0,0.0
2023-01-12 13:30:00-05:00,25.6299991607666,25.78499984741211,25.600000381469727,25.78499984741211,8905,0.0,0.0
2023-01-12 14:30:00-05:00,25.78499984741211,25.790000915527344,25.669200897216797,25.690000534057617,9352,0.0,0.0
2023-01-12 15:30:00-05:00,25.693500518798828,25.69499969482422,25.649999618530273,25.649999618530273,10836,0.0,0.0
2023-01-13 09:30:00-05:00,25.649999618530273,25.846900939941406,25.530000686645508,25.71500015258789,0,0.0,0.0
2023-01-13 10:30:00-05:00,25.71500015258789,25.79990005493164,25.551300048828125,25.56999969482422,4577,0.0,0.0
2023-01-13 11:30:00-05:00,25.665000915527344,25.799999237060547,25.469999313354492,25.530000686645508,30305,0.0,0.0
2023-01-13 12:30:00-05:00,25.59000015258789,25.600000381469727,25.530000686645508,25.56999969482422,13425,0.0,0.0
2023-01-13 13:30:00-05:00,25.600000381469727,25.600000381469727,25.459999084472656,25.485000610351562,58480,0.0,0.0
2023-01-13 14:30:00-05:00,25.479999542236328,25.514999389648438,25.450000762939453,25.450000762939453,29884,0.0,0.0
2023-01-13 15:30:00-05:00,25.459999084472656,25.520000457763672,25.450000762939453,25.450000762939453,20253,0.0,0.0
2023-01-17 09:30:00-05:00,25.56999969482422,25.903900146484375,25.459999084472656,25.579999923706055,26061,0.0,0.0
2023-01-17 10:30:00-05:00,25.600000381469727,25.850000381469727,25.549999237060547,25.690000534057617,5213,0.0,0.0
2023-01-17 11:30:00-05:00,25.549999237060547,25.740800857543945,25.530000686645508,25.600000381469727,5943,0.0,0.0
2023-01-17 12:30:00-05:00,25.600000381469727,25.639999389648438,25.600000381469727,25.639999389648438,958,0.0,0.0
2023-01-17 13:30:00-05:00,25.549999237060547,25.639999389648438,25.5,25.510000228881836,9354,0.0,0.0
2023-01-17 14:30:00-05:00,25.5,25.6299991607666,25.5,25.6299991607666,2733,0.0,0.0
2023-01-17 15:30:00-05:00,25.530099868774414,25.56999969482422,25.530000686645508,25.549999237060547,1894,0.0,0.0
2023-01-18 09:30:00-05:00,25.639999389648438,25.774999618530273,25.600000381469727,25.639999389648438,0,0.0,0.0
2023-01-18 10:30:00-05:00,25.639999389648438,25.670000076293945,25.549999237060547,25.575700759887695,7848,0.0,0.0
2023-01-18 11:30:00-05:00,25.56999969482422,25.6200008392334,25.559999465942383,25.56999969482422,3893,0.0,0.0
2023-01-18 12:30:00-05:00,25.778799057006836,25.778799057006836,25.559999465942383,25.614999771118164,2662,0.0,0.0
2023-01-18 13:30:00-05:00,25.614999771118164,25.639999389648438,25.510000228881836,25.552499771118164,7784,0.0,0.0
2023-01-18 14:30:00-05:00,25.540000915527344,25.549999237060547,25.510000228881836,25.540000915527344,2681,0.0,0.0
2023-01-18 15:30:00-05:00,25.5,25.549999237060547,25.459999084472656,25.489999771118164,8856,0.0,0.0
2023-01-19 09:30:00-05:00,25.59000015258789,25.611400604248047,25.54640007019043,25.611400604248047,0,0.0,0.0
2023-01-19 10:30:00-05:00,25.71419906616211,25.71419906616211,25.5,25.604000091552734,1904,0.0,0.0
2023-01-19 11:30:00-05:00,25.549999237060547,25.644699096679688,25.510000228881836,25.549999237060547,3902,0.0,0.0
2023-01-19 12:30:00-05:00,25.6299991607666,25.737600326538086,25.47010040283203,25.47010040283203,12352,0.0,0.0
2023-01-19 13:30:00-05:00,25.559999465942383,25.579999923706055,25.459999084472656,25.520000457763672,10379,0.0,0.0
2023-01-19 14:30:00-05:00,25.562299728393555,25.563199996948242,25.520000457763672,25.540000915527344,1681,0.0,0.0
2023-01-19 15:30:00-05:00,25.579999923706055,25.579999923706055,25.5,25.510000228881836,1753,0.0,0.0
2023-01-20 09:30:00-05:00,25.56999969482422,25.639999389648438,25.56999969482422,25.600000381469727,0,0.0,0.0
2023-01-20 10:30:00-05:00,25.565000534057617,25.600000381469727,25.520000457763672,25.530000686645508,5550,0.0,0.0
2023-01-20 11:30:00-05:00,25.53350067138672,25.559999465942383,25.510000228881836,25.510000228881836,3106,0.0,0.0
2023-01-20 12:30:00-05:00,25.500099182128906,25.510000228881836,25.500099182128906,25.510000228881836,888,0.0,0.0
2023-01-20 13:30:00-05:00,25.549999237060547,25.57080078125,25.5,25.559999465942383,3533,0.0,0.0
2023-01-20 14:30:00-05:00,25.600000381469727,25.666400909423828,25.530000686645508,25.579999923706055,10249,0.0,0.0
2023-01-20 15:30:00-05:00,25.6205997467041,25.670000076293945,25.530000686645508,25.530000686645508,9146,0.0,0.0
2023-01-23 09:30:00-05:00,25.610000610351562,25.84000015258789,25.59000015258789,25.764400482177734,3363,0.0,0.0
2023-01-23 10:30:00-05:00,25.700000762939453,25.79990005493164,25.600000381469727,25.610000610351562,6793,0.0,0.0
2023-01-23 11:30:00-05:00,25.645000457763672,25.799999237060547,25.600000381469727,25.732999801635742,12449,0.0,0.0
2023-01-23 12:30:00-05:00,25.75,25.795400619506836,25.6299991607666,25.649999618530273,8011,0.0,0.0
2023-01-23 13:30:00-05:00,25.665000915527344,25.704999923706055,25.6299991607666,25.6299991607666,3595,0.0,0.0
2023-01-23 14:30:00-05:00,25.690000534057617,25.774999618530273,25.6200008392334,25.729999542236328,11491,0.0,0.0
2023-01-23 15:30:00-05:00,25.709999084472656,25.75,25.6299991607666,25.639999389648438,10103,0.0,0.0
2023-01-24 09:30:00-05:00,25.75,25.75,25.559999465942383,25.6200008392334,14646,0.0,0.0
2023-01-24 10:30:00-05:00,25.700000762939453,25.700000762939453,25.6299991607666,25.649700164794922,1834,0.0,0.0
2023-01-24 11:30:00-05:00,25.739999771118164,25.739999771118164,25.6299991607666,25.6830997467041,5073,0.0,0.0
2023-01-24 12:30:00-05:00,25.710100173950195,25.710100173950195,25.6299991607666,25.639999389648438,3279,0.0,0.0
2023-01-24 13:30:00-05:00,25.639999389648438,25.709999084472656,25.6299991607666,25.65999984741211,8810,0.0,0.0
2023-01-24 14:30:00-05:00,25.639999389648438,25.690000534057617,25.579999923706055,25.579999923706055,9647,0.0,0.0
2023-01-24 15:30:00-05:00,25.594999313354492,25.610000610351562,25.559999465942383,25.559999465942383,0,0.0,0.0
2023-01-25 09:30:00-05:00,25.540000915527344,25.56999969482422,25.450000762939453,25.53499984741211,10437,0.0,0.0
2023-01-25 10:30:00-05:00,25.524999618530273,25.576799392700195,25.479999542236328,25.53499984741211,7477,0.0,0.0
2023-01-25 11:30:00-05:00,25.549999237060547,25.584800720214844,25.5,25.520000457763672,5856,0.0,0.0
2023-01-25 12:30:00-05:00,25.57229995727539,25.57229995727539,25.57229995727539,25.57229995727539,380,0.0,0.0
2023-01-25 13:30:00-05:00,25.553300857543945,25.553300857543945,25.549999237060547,25.549999237060547,533,0.0,0.0
2023-01-25 14:30:00-05:00,25.549999237060547,25.559999465942383,25.510000228881836,25.530000686645508,7261,0.0,0.0
2023-01-25 15:30:00-05:00,25.510000228881836,25.524999618530273,25.459999084472656,25.479999542236328,3928,0.0,0.0
2023-01-26 09:30:00-05:00,25.530000686645508,25.549999237060547,25.5049991607666,25.549999237060547,0,0.0,0.0
2023-01-26 10:30:00-05:00,25.565000534057617,25.649099349975586,25.510000228881836,25.559999465942383,3534,0.0,0.0
2023-01-26 11:30:00-05:00,25.642900466918945,25.719999313354492,25.510000228881836,25.56999969482422,8040,0.0,0.0
2023-01-26 12:30:00-05:00,25.600000381469727,25.642000198364258,25.56999969482422,25.56999969482422,4242,0.0,0.0
2023-01-26 13:30:00-05:00,25.549999237060547,25.59000015258789,25.520000457763672,25.545000076293945,36651,0.0,0.0
2023-01-26 14:30:00-05:00,25.549999237060547,25.549999237060547,25.510000228881836,25.520000457763672,4443,0.0,0.0
2023-01-26 15:30:00-05:00,25.530000686645508,25.540000915527344,25.510000228881836,25.510000228881836,6007,0.0,0.0
2023-01-27 09:30:00-05:00,25.549999237060547,25.6299991607666,25.510000228881836,25.584999084472656,0,0.0,0.0
2023-01-27 10:30:00-05:00,25.56999969482422,25.575000762939453,25.549999237060547,25.549999237060547,901,0.0,0.0
2023-01-27 11:30:00-05:00,25.549999237060547,25.704999923706055,25.530000686645508,25.6299991607666,72631,0.0,0.0
2023-01-27 12:30:00-05:00,25.6200008392334,25.665000915527344,25.610000610351562,25.61009979248047,6452,0.0,0.0
2023-01-27 13:30:00-05:00,25.56999969482422,25.610000610351562,25.559999465942383,25.579999923706055,2335,0.0,0.0
2023-01-27 14:30:00-05:00,25.549999237060547,25.581100463867188,25.540000915527344,25.540000915527344,4741,0.0,0.0
2023-01-27 15:30:00-05:00,25.549999237060547,25.600000381469727,25.540000915527344,25.540000915527344,10101,0.0,0.0
2023-01-30 09:30:00-05:00,25.59000015258789,25.68000030517578,25.559999465942383,25.559999465942383,0,0.0,0.0
2023-01-30 10:30:00-05:00,25.601699829101562,25.729900360107422,25.585599899291992,25.65999984741211,2509,0.0,0.0
2023-01-30 11:30:00-05:00,25.593799591064453,25.674999237060547,25.593799591064453,25.674999237060547,5347,0.0,0.0
2023-01-30 12:30:00-05:00,25.68790054321289,25.75,25.670000076293945,25.75,4280,0.0,0.0
2023-01-30 13:30:00-05:00,25.75,25.795000076293945,25.725000381469727,25.78499984741211,7008,0.0,0.0
2023-01-30 14:30:00-05:00,25.78499984741211,25.850000381469727,25.75,25.825000762939453,4792,0.0,0.0
2023-01-30 15:30:00-05:00,25.844999313354492,25.844999313354492,25.700000762939453,25.700000762939453,18231,0.0,0.0
2023-01-31 09:30:00-05:00,25.8700008392334,25.940000534057617,25.860000610351562,25.899999618530273,0,0.0,0.0
2023-01-31 10:30:00-05:00,25.92799949645996,25.940000534057617,25.860000610351562,25.920000076293945,5132,0.0,0.0
2023-01-31 11:30:00-05:00,25.93000030517578,25.959999084472656,25.8799991607666,25.8799991607666,3479,0.0,0.0
2023-01-31 12:30:00-05:00,25.8700008392334,25.8700008392334,25.700199127197266,25.841699600219727,2536,0.0,0.0
2023-01-31 13:30:00-05:00,25.799999237060547,25.839500427246094,25.799999237060547,25.834999084472656,2663,0.0,0.0
2023-01-31 14:30:00-05:00,25.826000213623047,25.849899291992188,25.739999771118164,25.780000686645508,4426,0.0,0.0
2023-01-31 15:30:00-05:00,25.729999542236328,25.799999237060547,25.674999237060547,25.674999237060547,11218,0.0,0.0
2023-02-01 09:30:00-05:00,25.790000915527344,25.950000762939453,25.700000762939453,25.770000457763672,0,0.0,0.0
2023-02-01 10:30:00-05:00,25.749900817871094,25.8799991607666,25.749900817871094,25.850000381469727,1821,0.0,0.0
2023-02-01 11:30:00-05:00,25.86319923400879,25.86319923400879,25.844999313354492,25.854999542236328,2961,0.0,0.0
2023-02-01 12:30:00-05:00,25.84600067138672,25.874900817871094,25.84600067138672,25.874900817871094,578,0.0,0.0
2023-02-01 13:30:00-05:00,25.854999542236328,25.889999389648438,25.81999969482422,25.84000015258789,5641,0.0,0.0
2023-02-01 14:30:00-05:00,25.84000015258789,26.046899795532227,25.780000686645508,26.046899795532227,10995,0.0,0.0
2023-02-01 15:30:00-05:00,25.850000381469727,25.850000381469727,25.850000381469727,25.850000381469727,300,0.0,0.0
2023-02-02 09:30:00-05:00,26.059999465942383,26.059999465942383,26.020000457763672,26.020000457763672,2175,0.0,0.0
2023-02-02 10:30:00-05:00,26.1200008392334,26.1200008392334,26.0,26.010000228881836,3888,0.0,0.0
2023-02-02 11:30:00-05:00,26.147600173950195,26.17009925842285,25.949100494384766,26.153200149536133,3104,0.0,0.0
2023-02-02 12:30:00-05:00,26.114999771118164,26.135000228881836,26.114999771118164,26.135000228881836,822,0.0,0.0
2023-02-02 13:30:00-05:00,26.093900680541992,26.093900680541992,26.010000228881836,26.090999603271484,1718,0.0,0.0
2023-02-02 14:30:00-05:00,26.101600646972656,26.101600646972656,26.0,26.082799911499023,3678,0.0,0.0
2023-02-02 15:30:00-05:00,25.979999542236328,26.149999618530273,25.979999542236328,25.9950008392334,1578,0.0,0.0
2023-02-03 09:30:00-05:00,26.09000015258789,26.15559959411621,25.959999084472656,26.049999237060547,0,0.0,0.0
2023-02-03 10:30:00-05:00,26.049999237060547,26.132600784301758,26.049999237060547,26.074800491333008,1332,0.0,0.0
2023-02-03 11:30:00-05:00,26.09440040588379,26.149999618530273,26.09440040588379,26.149999618530273,1707,0.0,0.0
2023-02-03 12:30:00-05:00,26.079999923706055,26.079999923706055,25.963600158691406,26.059999465942383,1888,0.0,0.0
2023-02-03 13:30:00-05:00,25.950000762939453,26.13129997253418,25.8799991607666,25.8799991607666,1562,0.0,0.0
2023-02-03 14:30:00-05:00,25.975000381469727,26.0,25.84000015258789,25.979999542236328,7077,0.0,0.0
2023-02-03 15:30:00-05:00,25.81999969482422,25.8700008392334,25.81999969482422,25.850000381469727,2704,0.0,0.0
2023-02-06 09:30:00-05:00,25.8700008392334,25.8700008392334,25.739999771118164,25.739999771118164,0,0.0,0.0
2023-02-06 10:30:00-05:00,25.72010040283203,25.889999389648438,25.719999313354492,25.770000457763672,13837,0.0,0.0
2023-02-06 11:30:00-05:00,25.832799911499023,25.832799911499023,25.75,25.809999465942383,2776,0.0,0.0
2023-02-06 12:30:00-05:00,25.78499984741211,25.809999465942383,25.775400161743164,25.790000915527344,3437,0.0,0.0
2023-02-06 13:30:00-05:00,25.790000915527344,25.80500030517578,25.760000228881836,25.777000427246094,3980,0.0,0.0
2023-02-06 14:30:00-05:00,25.780000686645508,25.799999237060547,25.75,25.75160026550293,5485,0.0,0.0
2023-02-06 15:30:00-05:00,25.729999542236328,25.809999465942383,25.719999313354492,25.809999465942383,2678,0.0,0.0
2023-02-07 09:30:00-05:00,25.72879981994629,25.75,25.684499740600586,25.709999084472656,0,0.0,0.0
2023-02-07 10:30:00-05:00,25.764999389648438,25.764999389648438,25.723400115966797,25.723400115966797,2663,0.0,0.0
2023-02-07 11:30:00-05:00,25.799999237060547,25.825000762939453,25.75,25.75,7520,0.0,0.0
2023-02-07 12:30:00-05:00,25.719999313354492,26.045900344848633,25.700000762939453,25.850000381469727,6752,0.0,0.0
2023-02-07 13:30:00-05:00,25.690000534057617,25.920299530029297,25.690000534057617,25.920299530029297,2721,0.0,0.0
2023-02-07 14:30:00-05:00,25.799999237060547,25.799999237060547,25.799999237060547,25.799999237060547,207,0.0,0.0
2023-02-07 15:30:00-05:00,25.689599990844727,25.906400680541992,25.65999984741211,25.65999984741211,938,0.0,0.0
2023-02-08 09:30:00-05:00,25.850000381469727,25.850000381469727,25.700000762939453,25.75,0,0.0,0.0
2023-02-08 10:30:00-05:00,25.739999771118164,25.75,25.735000610351562,25.735000610351562,7539,0.0,0.0
2023-02-08 11:30:00-05:00,25.749900817871094,25.75,25.719999313354492,25.74169921875,9637,0.0,0.0
2023-02-08 12:30:00-05:00,25.75,25.75,25.739999771118164,25.739999771118164,3129,0.0,0.0
2023-02-08 13:30:00-05:00,25.743900299072266,25.743900299072266,25.739999771118164,25.739999771118164,793,0.0,0.0
2023-02-08 14:30:00-05:00,25.739999771118164,25.75,25.739999771118164,25.739999771118164,5836,0.0,0.0
2023-02-08 15:30:00-05:00,25.73200035095215,25.75,25.725000381469727,25.75,1994,0.0,0.0
2023-02-09 09:30:00-05:00,25.829999923706055,25.975000381469727,25.735000610351562,25.735000610351562,0,0.0,0.0
2023-02-09 10:30:00-05:00,25.72410011291504,25.75,25.65999984741211,25.719999313354492,4626,0.0,0.0
2023-02-09 11:30:00-05:00,25.725000381469727,25.75,25.725000381469727,25.739999771118164,3504,0.0,0.0
2023-02-09 12:30:00-05:00,25.717100143432617,25.749900817871094,25.717100143432617,25.73310089111328,3527,0.0,0.0
2023-02-09 13:30:00-05:00,25.739999771118164,25.739999771118164,25.729999542236328,25.729999542236328,965,0.0,0.0
2023-02-09 14:30:00-05:00,25.719999313354492,25.729999542236328,25.700000762939453,25.70800018310547,1787,0.0,0.0
2023-02-09 15:30:00-05:00,25.709999084472656,25.738300323486328,25.68000030517578,25.68000030517578,2275,0.0,0.0
2023-02-10 09:30:00-05:00,25.790000915527344,25.790000915527344,25.75,25.780000686645508,0,0.0,0.0
2023-02-10 10:30:00-05:00,25.719999313354492,25.835599899291992,25.719900131225586,25.835599899291992,1107,0.0,0.0
2023-02-10 11:30:00-05:00,25.75320053100586,25.797800064086914,25.729999542236328,25.790000915527344,1707,0.0,0.0
2023-02-10 12:30:00-05:00,25.74340057373047,25.809999465942383,25.74340057373047,25.809999465942383,1116,0.0,0.0
2023-02-10 13:30:00-05:00,25.79159927368164,25.84000015258789,25.785999298095703,25.813100814819336,3552,0.0,0.0
2023-02-10 14:30:00-05:00,25.795000076293945,25.84000015258789,25.75,25.84000015258789,3319,0.0,0.0
2023-02-10 15:30:00-05:00,25.889999389648438,25.889999389648438,25.799999237060547,25.799999237060547,392,0.0,0.0
2023-02-13 09:30:00-05:00,25.899999618530273,25.899999618530273,25.809999465942383,25.88990020751953,0,0.0,0.0
2023-02-13 10:30:00-05:00,25.94499969482422,25.94499969482422,25.809999465942383,25.819900512695312,1026,0.0,0.0
2023-02-13 11:30:00-05:00,25.920000076293945,25.950000762939453,25.920000076293945,25.950000762939453,1793,0.0,0.0
2023-02-13 12:30:00-05:00,25.950000762939453,26.000900268554688,25.899999618530273,25.915000915527344,4884,0.0,0.0
2023-02-13 13:30:00-05:00,26.0,26.0,25.8700008392334,25.969999313354492,3909,0.0,0.0
2023-02-13 15:30:00-05:00,25.969999313354492,25.969999313354492,25.84000015258789,25.899999618530273,2371,0.0,0.0
2023-02-14 09:30:00-05:00,26.040000915527344,26.040000915527344,25.989999771118164,25.989999771118164,0,0.0,0.0
2023-02-14 10:30:00-05:00,26.09000015258789,26.1299991607666,25.93560028076172,26.010000228881836,3784,0.0,0.0
2023-02-14 11:30:00-05:00,26.010000228881836,26.1299991607666,25.906999588012695,25.906999588012695,3757,0.0,0.0
2023-02-14 12:30:00-05:00,26.045000076293945,26.045000076293945,26.020000457763672,26.03499984741211,1350,0.0,0.0
2023-02-14 13:30:00-05:00,26.020000457763672,26.16670036315918,26.010000228881836,26.024999618530273,5954,0.0,0.0
2023-02-14 14:30:00-05:00,26.040000915527344,26.099899291992188,26.030000686645508,26.048500061035156,2188,0.0,0.0
2023-02-14 15:30:00-05:00,25.997100830078125,26.09000015258789,25.997100830078125,26.09000015258789,0,0.0,0.0
2023-02-15 09:30:00-05:00,26.100000381469727,26.100000381469727,26.049999237060547,26.049999237060547,4758,0.0,0.0
2023-02-15 10:30:00-05:00,26.100000381469727,26.100000381469727,26.014699935913086,26.014699935913086,679,0.0,0.0
2023-02-15 12:30:00-05:00,26.010000228881836,26.059999465942383,26.010000228881836,26.039899826049805,3686,0.0,0.0
2023-02-15 13:30:00-05:00,26.0,26.016000747680664,25.989999771118164,25.989999771118164,2716,0.0,0.0
2023-02-15 14:30:00-05:00,26.016000747680664,26.049999237060547,26.016000747680664,26.049999237060547,1120,0.0,0.0
2023-02-15 15:30:00-05:00,26.049999237060547,26.100000381469727,26.049999237060547,26.100000381469727,1453,0.0,0.0
2023-02-16 09:30:00-05:00,26.049999237060547,26.049999237060547,25.969999313354492,25.986299514770508,0,0.0,0.0
2023-02-16 10:30:00-05:00,26.065000534057617,26.065000534057617,25.959999084472656,25.959999084472656,1000,0.0,0.0
2023-02-16 11:30:00-05:00,26.031999588012695,26.079999923706055,25.996000289916992,26.03969955444336,1743,0.0,0.0
2023-02-16 12:30:00-05:00,26.055999755859375,26.079999923706055,25.979999542236328,26.030000686645508,3261,0.0,0.0
2023-02-16 13:30:00-05:00,26.149999618530273,26.15999984741211,26.059999465942383,26.15999984741211,489,0.0,0.0
2023-02-16 14:30:00-05:00,26.0,26.162599563598633,25.959999084472656,26.149999618530273,7695,0.0,0.0
2023-02-16 15:30:00-05:00,26.04129981994629,26.139999389648438,26.0,26.139999389648438,1863,0.0,0.0
2023-02-17 09:30:00-05:00,26.040000915527344,26.104700088500977,26.040000915527344,26.1018009185791,0,0.0,0.0
2023-02-17 10:30:00-05:00,25.969999313354492,26.139999389648438,25.960399627685547,26.139999389648438,2704,0.0,0.0
2023-02-17 11:30:00-05:00,26.139999389648438,26.139999389648438,26.071699142456055,26.084999084472656,3255,0.0,0.0
2023-02-17 12:30:00-05:00,26.065000534057617,26.079999923706055,25.950000762939453,25.959999084472656,20569,0.0,0.0
2023-02-17 13:30:00-05:00,25.95599937438965,26.099899291992188,25.950000762939453,26.084699630737305,11763,0.0,0.0
2023-02-17 14:30:00-05:00,26.079999923706055,26.085399627685547,26.030099868774414,26.085399627685547,933,0.0,0.0
2023-02-17 15:30:00-05:00,26.100000381469727,26.100000381469727,26.100000381469727,26.100000381469727,127,0.0,0.0
2023-02-21 09:30:00-05:00,26.100000381469727,26.100000381469727,25.90399932861328,25.90399932861328,0,0.0,0.0
2023-02-21 10:30:00-05:00,25.899999618530273,26.0,25.815000534057617,25.94499969482422,3971,0.0,0.0
2023-02-21 11:30:00-05:00,25.899999618530273,25.950000762939453,25.899999618530273,25.899999618530273,1356,0.0,0.0
2023-02-21 12:30:00-05:00,25.899999618530273,25.920000076293945,25.8799991607666,25.8799991607666,2392,0.0,0.0
2023-02-21 13:30:00-05:00,25.909900665283203,25.90999984741211,25.829999923706055,25.84000015258789,3557,0.0,0.0
2023-02-21 14:30:00-05:00,25.8705997467041,25.8799991607666,25.799999237060547,25.84670066833496,7163,0.0,0.0
2023-02-21 15:30:00-05:00,25.810100555419922,25.810100555419922,25.810100555419922,25.810100555419922,963,0.0,0.0
2023-02-22 09:30:00-05:00,25.889999389648438,25.91950035095215,25.799999237060547,25.799999237060547,0,0.0,0.0
2023-02-22 10:30:00-05:00,25.854999542236328,25.885400772094727,25.850000381469727,25.850000381469727,975,0.0,0.0
2023-02-22 11:30:00-05:00,25.8700008392334,25.920000076293945,25.8700008392334,25.920000076293945,2163,0.0,0.0
2023-02-22 12:30:00-05:00,25.914100646972656,26.020000457763672,25.899999618530273,26.020000457763672,2559,0.0,0.0
2023-02-22 13:30:00-05:00,26.012399673461914,26.075000762939453,26.010000228881836,26.010000228881836,2616,0.0,0.0
2023-02-22 14:30:00-05:00,26.049999237060547,26.049999237060547,26.030000686645508,26.030000686645508,665,0.0,0.0
2023-02-22 15:30:00-05:00,26.04800033569336,26.04800033569336,25.95009994506836,26.040000915527344,2193,0.0,0.0
2023-02-23 10:30:00-05:00,26.152599334716797,26.152599334716797,25.92009925842285,26.100000381469727,1801,0.0,0.0
2023-02-23 11:30:00-05:00,26.1299991607666,26.1299991607666,26.06999969482422,26.110000610351562,1152,0.0,0.0
2023-02-23 12:30:00-05:00,26.09000015258789,26.100000381469727,26.069599151611328,26.09000015258789,1384,0.0,0.0
2023-02-23 13:30:00-05:00,26.09000015258789,26.100000381469727,26.049999237060547,26.049999237060547,5974,0.0,0.0
2023-02-23 14:30:00-05:00,26.110000610351562,26.110000610351562,26.09000015258789,26.09000015258789,523,0.0,0.0
2023-02-23 15:30:00-05:00,26.09000015258789,26.09000015258789,26.04829978942871,26.09000015258789,1710,0.0,0.0
2023-02-24 09:30:00-05:00,26.020000457763672,26.110000610351562,25.97279930114746,26.100000381469727,0,0.0,0.0
2023-02-24 10:30:00-05:00,26.100000381469727,26.100000381469727,26.049999237060547,26.049999237060547,707,0.0,0.0
2023-02-24 11:30:00-05:00,26.09000015258789,26.100000381469727,26.010000228881836,26.100000381469727,4111,0.0,0.0
2023-02-24 12:30:00-05:00,26.09000015258789,26.09000015258789,26.014999389648438,26.014999389648438,6437,0.0,0.0
2023-02-24 13:30:00-05:00,26.014999389648438,26.030000686645508,26.0,26.030000686645508,1250,0.0,0.0
2023-02-24 14:30:00-05:00,26.014999389648438,26.030000686645508,26.009000778198242,26.030000686645508,3574,0.0,0.0
2023-02-24 15:30:00-05:00,26.030000686645508,26.030000686645508,26.011600494384766,26.030000686645508,2237,0.0,0.0
2023-02-27 09:30:00-05:00,26.0,26.171100616455078,25.950000762939453,26.075000762939453,0,0.0,0.0
2023-02-27 10:30:00-05:00,26.05139923095703,26.165000915527344,26.05139923095703,26.09000015258789,1224,0.0,0.0
2023-02-27 11:30:00-05:00,26.01810073852539,26.094999313354492,26.01810073852539,26.06999969482422,1990,0.0,0.0
2023-02-27 12:30:00-05:00,26.07080078125,26.18000030517578,26.07080078125,26.079999923706055,4611,0.0,0.0
2023-02-27 13:30:00-05:00,26.110000610351562,26.125,26.110000610351562,26.1200008392334,936,0.0,0.0
2023-02-27 14:30:00-05:00,26.09280014038086,26.139999389648438,26.07159996032715,26.128400802612305,2589,0.0,0.0
2023-02-27 15:30:00-05:00,26.125,26.18000030517578,26.020000457763672,26.18000030517578,3644,0.0,0.0
2023-02-28 09:30:00-05:00,26.170000076293945,26.170000076293945,26.000099182128906,26.049999237060547,1413,0.0,0.0
2023-02-28 10:30:00-05:00,26.040000915527344,26.189899444580078,26.0,26.189899444580078,1338,0.0,0.0
2023-02-28 11:30:00-05:00,26.065000534057617,26.1200008392334,26.065000534057617,26.100000381469727,628,0.0,0.0
2023-02-28 12:30:00-05:00,26.087799072265625,26.087799072265625,26.059999465942383,26.07939910888672,895,0.0,0.0
2023-02-28 13:30:00-05:00,26.05500030517578,26.05500030517578,26.05500030517578,26.05500030517578,659,0.0,0.0
2023-02-28 14:30:00-05:00,26.0,26.1299991607666,26.0,26.109500885009766,3347,0.0,0.0
2023-02-28 15:30:00-05:00,26.15999984741211,26.280000686645508,26.100000381469727,26.280000686645508,9197,0.0,0.0
2023-03-01 09:30:00-05:00,26.190000534057617,26.190000534057617,26.06999969482422,26.079999923706055,0,0.0,0.0
2023-03-01 10:30:00-05:00,26.15999984741211,26.15999984741211,26.15999984741211,26.15999984741211,1154,0.0,0.0
2023-03-01 11:30:00-05:00,26.155399322509766,26.15999984741211,26.155399322509766,26.15999984741211,950,0.0,0.0
2023-03-01 13:30:00-05:00,26.050100326538086,26.215900421142578,26.050100326538086,26.215900421142578,1569,0.0,0.0
2023-03-01 14:30:00-05:00,26.25,26.43000030517578,26.239999771118164,26.43000030517578,3358,0.0,0.0
2023-03-01 15:30:00-05:00,26.43000030517578,26.43000030517578,26.0,26.389999389648438,6131,0.0,0.0
2023-03-02 09:30:00-05:00,26.149999618530273,26.319900512695312,26.149999618530273,26.319900512695312,0,0.0,0.0
2023-03-02 10:30:00-05:00,26.149999618530273,26.149999618530273,26.049999237060547,26.049999237060547,1592,0.0,0.0
2023-03-02 11:30:00-05:00,26.311500549316406,26.311500549316406,26.311500549316406,26.311500549316406,356,0.0,0.0
2023-03-02 12:30:00-05:00,26.229999542236328,26.261600494384766,26.219999313354492,26.261600494384766,1295,0.0,0.0
2023-03-02 13:30:00-05:00,26.209999084472656,26.209999084472656,26.05120086669922,26.06999969482422,918,0.0,0.0
2023-03-02 14:30:00-05:00,26.149999618530273,26.280000686645508,26.149999618530273,26.184999465942383,2947,0.0,0.0
2023-03-02 15:30:00-05:00,26.305999755859375,26.40959930419922,26.299999237060547,26.40959930419922,3397,0.0,0.0
2023-03-03 09:30:00-05:00,26.260000228881836,26.260000228881836,26.260000228881836,26.260000228881836,0,0.0,0.0
2023-03-03 10:30:00-05:00,26.262100219726562,26.280000686645508,26.250099182128906,26.260299682617188,5234,0.0,0.0
2023-03-03 11:30:00-05:00,26.250099182128906,26.346500396728516,26.250099182128906,26.346500396728516,3991,0.0,0.0
2023-03-03 12:30:00-05:00,26.309999465942383,26.350000381469727,26.100000381469727,26.184999465942383,9809,0.0,0.0
2023-03-03 13:30:00-05:00,26.33989906311035,26.33989906311035,26.18000030517578,26.25,4245,0.0,0.0
2023-03-03 14:30:00-05:00,26.225000381469727,26.305400848388672,26.225000381469727,26.305400848388672,869,0.0,0.0
2023-03-03 15:30:00-05:00,26.24049949645996,26.24049949645996,26.170000076293945,26.190000534057617,1582,0.0,0.0
2023-03-06 09:30:00-05:00,26.209999084472656,26.209999084472656,26.209999084472656,26.209999084472656,0,0.0,0.0
2023-03-06 10:30:00-05:00,26.209999084472656,26.35569953918457,26.023799896240234,26.35569953918457,1287,0.0,0.0
2023-03-06 11:30:00-05:00,26.420000076293945,26.420000076293945,26.280000686645508,26.280000686645508,1672,0.0,0.0
2023-03-06 12:30:00-05:00,26.34000015258789,26.34000015258789,26.280000686645508,26.31999969482422,3419,0.0,0.0
2023-03-06 13:30:00-05:00,26.38559913635254,26.38559913635254,26.2450008392334,26.31999969482422,4559,0.0,0.0
2023-03-06 14:30:00-05:00,26.280000686645508,26.310800552368164,26.280000686645508,26.280000686645508,2177,0.0,0.0
2023-03-06 15:30:00-05:00,26.25,26.260000228881836,26.25,26.25,785,0.0,0.0
2023-03-07 09:30:00-05:00,26.309999465942383,26.309999465942383,26.25,26.25,0,0.0,0.0
2023-03-07 10:30:00-05:00,26.209999084472656,26.21500015258789,26.1205997467041,26.149999618530273,3808,0.0,0.0
2023-03-07 11:30:00-05:00,26.226600646972656,26.29360008239746,26.226600646972656,26.280000686645508,2399,0.0,0.0
2023-03-07 12:30:00-05:00,26.250699996948242,26.250699996948242,26.250699996948242,26.250699996948242,316,0.0,0.0
2023-03-07 13:30:00-05:00,26.235000610351562,26.270000457763672,26.15999984741211,26.15999984741211,1530,0.0,0.0
2023-03-07 14:30:00-05:00,26.20509910583496,26.22559928894043,26.149999618530273,26.149999618530273,1502,0.0,0.0
2023-03-07 15:30:00-05:00,26.149999618530273,26.149999618530273,26.1200008392334,26.1200008392334,1422,0.0,0.0
2023-03-08 09:30:00-05:00,26.18000030517578,26.243999481201172,26.087400436401367,26.087400436401367,0,0.0,0.0
2023-03-08 10:30:00-05:00,26.262800216674805,26.262800216674805,26.1200008392334,26.1200008392334,1077,0.0,0.0
2023-03-08 11:30:00-05:00,26.049999237060547,26.260299682617188,26.049999237060547,26.170000076293945,4724,0.0,0.0
2023-03-08 12:30:00-05:00,26.065099716186523,26.065099716186523,26.065099716186523,26.065099716186523,1078,0.0,0.0
2023-03-08 13:30:00-05:00,25.979999542236328,26.218799591064453,25.979999542236328,26.17449951171875,2130,0.0,0.0
2023-03-08 14:30:00-05:00,26.155000686645508,26.155000686645508,26.100400924682617,26.100400924682617,909,0.0,0.0
2023-03-08 15:30:00-05:00,26.040000915527344,26.040000915527344,26.010000228881836,26.010000228881836,908,0.0,0.0
2023-03-09 09:30:00-05:00,26.126100540161133,26.126100540161133,26.126100540161133,26.126100540161133,0,0.0,0.0
2023-03-09 10:30:00-05:00,26.089799880981445,26.100000381469727,26.020000457763672,26.030000686645508,6063,0.0,0.0
2023-03-09 11:30:00-05:00,26.094999313354492,26.100000381469727,25.989999771118164,25.989999771118164,3318,0.0,0.0
2023-03-09 12:30:00-05:00,26.014999389648438,26.049999237060547,26.010000228881836,26.049999237060547,2618,0.0,0.0
2023-03-09 13:30:00-05:00,26.0,26.0,26.0,26.0,342,0.0,0.0
2023-03-09 14:30:00-05:00,26.06439971923828,26.06999969482422,25.950000762939453,25.950000762939453,3868,0.0,0.0
2023-03-09 15:30:00-05:00,25.90999984741211,25.90999984741211,25.809999465942383,25.81999969482422,2341,0.0,0.0
2023-03-10 09:30:00-05:00,26.213899612426758,26.213899612426758,25.809999465942383,25.8700008392334,0,0.0,0.0
2023-03-10 10:30:00-05:00,25.809999465942383,25.809999465942383,25.809999465942383,25.809999465942383,1293,0.0,0.0
2023-03-10 11:30:00-05:00,25.905000686645508,25.920000076293945,25.809999465942383,25.829999923706055,3944,0.0,0.0
2023-03-10 12:30:00-05:00,25.809999465942383,25.860000610351562,25.799999237060547,25.84000015258789,5366,0.0,0.0
2023-03-10 13:30:00-05:00,25.849899291992188,25.937400817871094,25.809999465942383,25.860000610351562,3459,0.0,0.0
2023-03-10 14:30:00-05:00,25.941299438476562,25.949899673461914,25.860000610351562,25.92140007019043,2113,0.0,0.0
2023-03-10 15:30:00-05:00,25.860000610351562,25.950000762939453,25.799999237060547,25.950000762939453,6752,0.0,0.0
2023-03-13 09:30:00-04:00,25.639999389648438,25.649999618530273,25.576200485229492,25.576200485229492,20278,0.0,0.0
2023-03-13 10:30:00-04:00,25.619600296020508,26.045799255371094,25.617000579833984,25.684600830078125,5378,0.0,0.0
2023-03-13 11:30:00-04:00,26.029600143432617,26.049999237060547,25.729999542236328,25.799999237060547,3795,0.0,0.0
2023-03-13 12:30:00-04:00,25.799999237060547,25.81999969482422,25.729999542236328,25.790000915527344,5146,0.0,0.0
2023-03-13 13:30:00-04:00,25.798599243164062,25.798999786376953,25.700000762939453,25.785600662231445,2944,0.0,0.0
2023-03-13 14:30:00-04:00,25.700000762939453,25.725000381469727,25.700000762939453,25.709999084472656,2020,0.0,0.0
2023-03-13 15:30:00-04:00,25.75,25.75,25.75,25.75,1546,0.0,0.0
2023-03-14 09:30:00-04:00,25.836700439453125,26.140100479125977,25.836700439453125,26.139999389648438,0,0.0,0.0
2023-03-14 10:30:00-04:00,26.139999389648438,26.139999389648438,25.900100708007812,26.024999618530273,9059,0.0,0.0
2023-03-14 11:30:00-04:00,25.93000030517578,26.08989906311035,25.90329933166504,25.9950008392334,7110,0.0,0.0
2023-03-14 12:30:00-04:00,25.9950008392334,26.09000015258789,25.899999618530273,26.09000015258789,1127,0.0,0.0
2023-03-14 13:30:00-04:00,26.0,26.000600814819336,26.0,26.000600814819336,2179,0.0,0.0
2023-03-14 14:30:00-04:00,25.979999542236328,25.989999771118164,25.975000381469727,25.975000381469727,1299,0.0,0.0
2023-03-14 15:30:00-04:00,25.975000381469727,25.975000381469727,25.899999618530273,25.899999618530273,2768,0.0,0.0
2023-03-15 09:30:00-04:00,25.899999618530273,25.90999984741211,25.6466007232666,25.668800354003906,0,0.0,0.0
2023-03-15 10:30:00-04:00,25.68000030517578,25.709999084472656,25.636499404907227,25.68000030517578,46281,0.0,0.0
2023-03-15 11:30:00-04:00,25.6200008392334,25.664499282836914,25.551000595092773,25.551000595092773,7162,0.0,0.0
2023-03-15 12:30:00-04:00,25.62070083618164,25.679899215698242,25.559999465942383,25.679899215698242,2057,0.0,0.0
2023-03-15 13:30:00-04:00,25.638200759887695,25.68000030517578,25.559999465942383,25.616100311279297,3549,0.0,0.0
2023-03-15 14:30:00-04:00,25.68000030517578,25.700000762939453,25.626800537109375,25.700000762939453,10752,0.0,0.0
2023-03-15 15:30:00-04:00,25.665000915527344,25.690000534057617,25.6200008392334,25.620100021362305,5769,0.0,0.0
2023-03-16 09:30:00-04:00,25.149999618530273,25.75,25.149999618530273,25.582000732421875,7400,0.0,0.0
2023-03-16 10:30:00-04:00,25.579999923706055,25.600000381469727,25.360000610351562,25.580799102783203,10938,0.0,0.0
2023-03-16 11:30:00-04:00,25.6648006439209,25.68000030517578,25.6200008392334,25.647899627685547,2057,0.0,0.0
2023-03-16 12:30:00-04:00,25.649900436401367,25.649999618530273,25.649900436401367,25.649999618530273,1655,0.0,0.0
2023-03-16 13:30:00-04:00,25.649999618530273,25.649999618530273,25.481199264526367,25.639999389648438,2891,0.0,0.0
2023-03-16 14:30:00-04:00,25.635000228881836,25.670000076293945,25.566299438476562,25.639999389648438,4151,0.0,0.0
2023-03-16 15:30:00-04:00,25.639999389648438,25.649999618530273,25.350000381469727,25.450000762939453,6045,0.0,0.0
2023-03-17 09:30:00-04:00,25.510000228881836,25.510000228881836,25.43000030517578,25.43000030517578,0,0.0,0.0
2023-03-17 10:30:00-04:00,25.297500610351562,25.3799991607666,25.25,25.34000015258789,3026,0.0,0.0
2023-03-17 11:30:00-04:00,25.35689926147461,25.625,25.35689926147461,25.600000381469727,5050,0.0,0.0
2023-03-17 12:30:00-04:00,25.48430061340332,25.48430061340332,25.479999542236328,25.479999542236328,1002,0.0,0.0
2023-03-17 13:30:00-04:00,25.464000701904297,25.5,25.450000762939453,25.5,763,0.0,0.0
2023-03-17 14:30:00-04:00,25.549999237060547,25.549999237060547,25.450000762939453,25.540000915527344,581,0.0,0.0
2023-03-17 15:30:00-04:00,25.39539909362793,25.39539909362793,25.351999282836914,25.351999282836914,427,0.0,0.0
2023-03-20 09:30:00-04:00,25.420000076293945,25.499900817871094,25.290000915527344,25.299999237060547,0,0.0,0.0
2023-03-20 10:30:00-04:00,25.315500259399414,25.360000610351562,25.299999237060547,25.299999237060547,4353,0.0,0.0
2023-03-20 11:30:00-04:00,25.34000015258789,25.34000015258789,25.285999298095703,25.319799423217773,6156,0.0,0.0
2023-03-20 12:30:00-04:00,25.34000015258789,25.34000015258789,25.329999923706055,25.329999923706055,1554,0.0,0.0
2023-03-20 13:30:00-04:00,25.329999923706055,25.405000686645508,25.329999923706055,25.405000686645508,2899,0.0,0.0
2023-03-20 14:30:00-04:00,25.40999984741211,25.489999771118164,25.350000381469727,25.489999771118164,2426,0.0,0.0
2023-03-20 15:30:00-04:00,25.31999969482422,25.320100784301758,25.25,25.25,2611,0.0,0.0
2023-03-21 09:30:00-04:00,25.399999618530273,25.576000213623047,25.270099639892578,25.479999542236328,0,0.0,0.0
2023-03-21 10:30:00-04:00,25.399999618530273,25.479999542236328,25.29010009765625,25.360000610351562,3000,0.0,0.0
2023-03-21 11:30:00-04:00,25.600000381469727,25.66550064086914,25.43000030517578,25.43000030517578,1580,0.0,0.0
2023-03-21 12:30:00-04:00,25.38559913635254,25.600000381469727,25.38559913635254,25.600000381469727,2349,0.0,0.0
2023-03-21 13:30:00-04:00,25.600000381469727,25.600000381469727,25.43000030517578,25.540000915527344,2125,0.0,0.0
2023-03-21 14:30:00-04:00,25.514999389648438,25.600000381469727,25.420000076293945,25.420000076293945,2865,0.0,0.0
2023-03-21 15:30:00-04:00,25.489999771118164,25.499799728393555,25.300100326538086,25.300100326538086,1251,0.0,0.0
2023-03-22 09:30:00-04:00,25.399999618530273,25.485000610351562,25.321699142456055,25.485000610351562,0,0.0,0.0
2023-03-22 10:30:00-04:00,25.485000610351562,25.489999771118164,25.43000030517578,25.489999771118164,1985,0.0,0.0
2023-03-22 11:30:00-04:00,25.5,25.5,25.479900360107422,25.479900360107422,3144,0.0,0.0
2023-03-22 12:30:00-04:00,25.45870018005371,25.45870018005371,25.45870018005371,25.45870018005371,432,0.0,0.0
2023-03-22 14:30:00-04:00,25.541099548339844,25.541099548339844,25.541099548339844,25.541099548339844,349,0.0,0.0
2023-03-22 15:30:00-04:00,25.59000015258789,25.59000015258789,25.5,25.540000915527344,3126,0.0,0.0
2023-03-23 09:30:00-04:00,25.510000228881836,25.600000381469727,25.5,25.54990005493164,0,0.0,0.0
2023-03-23 10:30:00-04:00,25.399700164794922,25.549999237060547,25.399700164794922,25.41390037536621,2778,0.0,0.0
2023-03-23 11:30:00-04:00,25.549999237060547,25.549999237060547,25.440000534057617,25.520000457763672,6407,0.0,0.0
2023-03-23 12:30:00-04:00,25.43630027770996,25.519899368286133,25.41699981689453,25.41699981689453,9673,0.0,0.0
2023-03-23 13:30:00-04:00,25.5,25.520000457763672,25.399999618530273,25.471200942993164,2594,0.0,0.0
2023-03-23 14:30:00-04:00,25.450000762939453,25.57159996032715,25.36009979248047,25.57159996032715,11575,0.0,0.0
2023-03-23 15:30:00-04:00,25.559999465942383,25.56999969482422,25.3700008392334,25.3700008392334,2968,0.0,0.0
2023-03-24 09:30:00-04:00,25.520000457763672,25.884700775146484,25.520000457763672,25.628000259399414,0,0.0,0.0
2023-03-24 10:30:00-04:00,25.68000030517578,25.68000030517578,25.599899291992188,25.649999618530273,7454,0.0,0.0
2023-03-24 11:30:00-04:00,25.55150032043457,25.68000030517578,25.549999237060547,25.56559944152832,7041,0.0,0.0
2023-03-24 12:30:00-04:00,25.68000030517578,25.68000030517578,25.61370086669922,25.627599716186523,3205,0.0,0.0
2023-03-24 13:30:00-04:00,25.68000030517578,25.68000030517578,25.531400680541992,25.570100784301758,8138,0.0,0.0
2023-03-24 14:30:00-04:00,25.649999618530273,25.649999618530273,25.561599731445312,25.561599731445312,1412,0.0,0.0
2023-03-24 15:30:00-04:00,25.649999618530273,25.690000534057617,25.649999618530273,25.68000030517578,6724,0.0,0.0
2023-03-27 09:30:00-04:00,25.719999313354492,25.985300064086914,25.700000762939453,25.774999618530273,0,0.0,0.0
2023-03-27 10:30:00-04:00,25.57550048828125,26.040000915527344,25.57550048828125,25.739999771118164,1881,0.0,0.0
2023-03-27 11:30:00-04:00,25.625,25.722400665283203,25.5,25.649900436401367,7141,0.0,0.0
2023-03-27 12:30:00-04:00,25.639999389648438,25.770000457763672,25.552900314331055,25.68000030517578,3856,0.0,0.0
2023-03-27 13:30:00-04:00,25.655000686645508,25.749900817871094,25.54010009765625,25.68000030517578,5096,0.0,0.0
2023-03-27 14:30:00-04:00,25.684999465942383,25.79990005493164,25.530000686645508,25.639999389648438,13671,0.0,0.0
2023-03-27 15:30:00-04:00,25.6299991607666,25.68000030517578,25.53030014038086,25.68000030517578,3423,0.0,0.0
2023-03-28 09:30:00-04:00,25.68000030517578,25.68000030517578,25.617799758911133,25.65130043029785,0,0.0,0.0
2023-03-28 10:30:00-04:00,25.679899215698242,25.679899215698242,25.549999237060547,25.6117000579834,2657,0.0,0.0
2023-03-28 11:30:00-04:00,25.610000610351562,25.610000610351562,25.584999084472656,25.586200714111328,6111,0.0,0.0
2023-03-28 12:30:00-04:00,25.559999465942383,25.674999237060547,25.549999237060547,25.622499465942383,3271,0.0,0.0
2023-03-28 13:30:00-04:00,25.6299991607666,25.6299991607666,25.59000015258789,25.59000015258789,1380,0.0,0.0
2023-03-28 14:30:00-04:00,25.541500091552734,25.598600387573242,25.541500091552734,25.559999465942383,3717,0.0,0.0
2023-03-28 15:30:00-04:00,25.553199768066406,25.600000381469727,25.520000457763672,25.600000381469727,973,0.0,0.0
2023-03-29 09:30:00-04:00,25.729999542236328,25.940000534057617,25.61009979248047,25.940000534057617,0,0.0,0.0
2023-03-29 10:30:00-04:00,25.6343994140625,25.870800018310547,25.6299991607666,25.7549991607666,1984,0.0,0.0
2023-03-29 11:30:00-04:00,25.721599578857422,25.844999313354492,25.721599578857422,25.799999237060547,3320,0.0,0.0
2023-03-29 13:30:00-04:00,25.790000915527344,25.899999618530273,25.790000915527344,25.899999618530273,3124,0.0,0.0
2023-03-29 14:30:00-04:00,25.979999542236328,26.065000534057617,25.510000228881836,25.6299991607666,8323,0.0,0.0
2023-03-29 15:30:00-04:00,25.549999237060547,25.549999237060547,25.399999618530273,25.440000534057617,8794,0.0,0.0
2023-03-30 09:30:00-04:00,25.5,25.600000381469727,25.350000381469727,25.399999618530273,0,0.0,0.0
2023-03-30 10:30:00-04:00,25.399999618530273,25.399999618530273,25.3700008392334,25.399900436401367,8691,0.0,0.0
2023-03-30 11:30:00-04:00,25.399999618530273,25.399999618530273,25.3700008392334,25.3799991607666,8121,0.0,0.0
2023-03-30 12:30:00-04:00,25.3799991607666,25.487199783325195,25.3799991607666,25.3799991607666,7290,0.0,0.0
2023-03-30 13:30:00-04:00,25.3700008392334,25.3799991607666,25.360000610351562,25.360000610351562,7815,0.0,0.0
2023-03-30 14:30:00-04:00,25.360000610351562,25.3799991607666,25.34000015258789,25.360000610351562,6277,0.0,0.0
2023-03-30 15:30:00-04:00,25.360000610351562,25.3799991607666,25.34000015258789,25.3799991607666,17413,0.0,0.0
2023-03-31 09:30:00-04:00,25.579999923706055,25.739999771118164,25.389999389648438,25.719999313354492,0,0.0,0.0
2023-03-31 10:30:00-04:00,25.559999465942383,25.920000076293945,25.530000686645508,25.620100021362305,11180,0.0,0.0
2023-03-31 11:30:00-04:00,25.920000076293945,25.920000076293945,25.559999465942383,25.700000762939453,31203,0.0,0.0
2023-03-31 12:30:00-04:00,25.6299991607666,25.75,25.600000381469727,25.6299991607666,12028,0.0,0.0
2023-03-31 13:30:00-04:00,25.600000381469727,25.739999771118164,25.549999237060547,25.700000762939453,4398,0.0,0.0
2023-03-31 14:30:00-04:00,25.610000610351562,25.652099609375,25.5,25.5,18422,0.0,0.0
2023-03-31 15:30:00-04:00,25.549999237060547,26.209999084472656,25.450000762939453,26.209999084472656,60381,0.0,0.0
2023-04-03 09:30:00-04:00,26.079999923706055,26.270000457763672,26.06999969482422,26.260000228881836,16355,0.0,0.0
2023-04-03 10:30:00-04:00,26.079299926757812,26.239999771118164,26.059999465942383,26.239999771118164,3109,0.0,0.0
2023-04-03 11:30:00-04:00,26.229999542236328,26.360000610351562,26.07040023803711,26.209999084472656,19787,0.0,0.0
2023-04-03 12:30:00-04:00,26.29990005493164,26.29990005493164,26.1299991607666,26.1299991607666,6021,0.0,0.0
2023-04-03 13:30:00-04:00,26.139999389648438,26.149999618530273,26.1299991607666,26.14229965209961,1279,0.0,0.0
2023-04-03 14:30:00-04:00,26.219999313354492,26.25,26.1299991607666,26.209999084472656,1837,0.0,0.0
2023-04-03 15:30:00-04:00,26.260000228881836,26.299999237060547,26.200000762939453,26.229999542236328,4424,0.0,0.0
2023-04-04 09:30:00-04:00,26.15999984741211,26.280000686645508,26.15999984741211,26.270000457763672,0,0.0,0.0
2023-04-04 10:30:00-04:00,26.172399520874023,26.239999771118164,26.139999389648438,26.143199920654297,979,0.0,0.0
2023-04-04 11:30:00-04:00,26.219999313354492,26.259899139404297,26.160400390625,26.218299865722656,7544,0.0,0.0
2023-04-04 12:30:00-04:00,26.229999542236328,26.25,26.209999084472656,26.25,1617,0.0,0.0
2023-04-04 13:30:00-04:00,26.25,26.309999465942383,26.229999542236328,26.280000686645508,10194,0.0,0.0
2023-04-04 14:30:00-04:00,26.290000915527344,26.299999237060547,26.229999542236328,26.24370002746582,4061,0.0,0.0
2023-04-04 15:30:00-04:00,26.26930046081543,26.309999465942383,26.2450008392334,26.299999237060547,3086,0.0,0.0
2023-04-05 09:30:00-04:00,26.19179916381836,26.19179916381836,26.19179916381836,26.19179916381836,0,0.0,0.0
2023-04-05 10:30:00-04:00,26.200000762939453,26.29789924621582,26.172000885009766,26.209999084472656,2704,0.0,0.0
2023-04-05 11:30:00-04:00,26.268600463867188,26.309999465942383,26.1914005279541,26.2367000579834,8304,0.0,0.0
2023-04-05 12:30:00-04:00,26.200000762939453,26.309999465942383,26.200000762939453,26.299999237060547,8663,0.0,0.0
2023-04-05 13:30:00-04:00,26.299999237060547,26.360000610351562,26.280099868774414,26.31999969482422,5758,0.0,0.0
2023-04-05 14:30:00-04:00,26.323200225830078,26.375,26.290000915527344,26.375,6316,0.0,0.0
2023-04-05 15:30:00-04:00,26.379899978637695,26.3799991607666,26.280000686645508,26.3700008392334,3778,0.0,0.0
2023-04-06 09:30:00-04:00,26.190000534057617,26.31999969482422,26.190000534057617,26.31999969482422,0,0.0,0.0
2023-04-06 10:30:00-04:00,26.29960060119629,26.31999969482422,26.09429931640625,26.270000457763672,2515,0.0,0.0
2023-04-06 11:30:00-04:00,26.215499877929688,26.3700008392334,26.209999084472656,26.299999237060547,2272,0.0,0.0
2023-04-06 12:30:00-04:00,26.299999237060547,26.315000534057617,26.299999237060547,26.309799194335938,1054,0.0,0.0
2023-04-06 13:30:00-04:00,26.33049964904785,26.33049964904785,26.325000762939453,26.325000762939453,589,0.0,0.0
2023-04-06 14:30:00-04:00,26.3799991607666,26.3799991607666,26.295299530029297,26.295299530029297,4172,0.0,0.0
2023-04-06 15:30:00-04:00,26.378799438476562,26.389999389648438,26.280000686645508,26.329999923706055,5171,0.0,0.0
2023-04-10 09:30:00-04:00,26.239999771118164,26.3700008392334,26.18000030517578,26.3700008392334,0,0.0,0.0
2023-04-10 10:30:00-04:00,26.379899978637695,26.3799991607666,26.379899978637695,26.3799991607666,444,0.0,0.0
2023-04-10 11:30:00-04:00,26.329999923706055,26.34000015258789,26.270000457763672,26.315000534057617,2019,0.0,0.0
2023-04-10 12:30:00-04:00,26.280099868774414,26.341699600219727,26.280099868774414,26.341699600219727,910,0.0,0.0
2023-04-10 13:30:00-04:00,26.34000015258789,26.350000381469727,26.331300735473633,26.331300735473633,2364,0.0,0.0
2023-04-10 14:30:00-04:00,26.34000015258789,26.34000015258789,26.25,26.258499145507812,3324,0.0,0.0
2023-04-10 15:30:00-04:00,26.32110023498535,26.350000381469727,26.32110023498535,26.350000381469727,2532,0.0,0.0
2023-04-11 09:30:00-04:00,26.170000076293945,26.299999237060547,26.170000076293945,26.299999237060547,0,0.0,0.0
2023-04-11 10:30:00-04:00,26.239999771118164,26.299999237060547,26.190099716186523,26.210100173950195,7146,0.0,0.0
2023-04-11 11:30:00-04:00,26.324899673461914,26.324899673461914,26.280000686645508,26.31999969482422,2273,0.0,0.0
2023-04-11 12:30:00-04:00,26.31999969482422,26.31999969482422,26.31999969482422,26.31999969482422,618,0.0,0.0
2023-04-11 13:30:00-04:00,26.350000381469727,26.3799991607666,26.299999237060547,26.31999969482422,8226,0.0,0.0
2023-04-11 14:30:00-04:00,26.3799991607666,26.3799991607666,26.209999084472656,26.26650047302246,8982,0.0,0.0
2023-04-11 15:30:00-04:00,26.309999465942383,26.34000015258789,26.100000381469727,26.34000015258789,7955,0.0,0.0
2023-04-12 09:30:00-04:00,26.3799991607666,26.3799991607666,26.25,26.345399856567383,0,0.0,0.0
2023-04-12 10:30:00-04:00,26.299999237060547,26.3799991607666,26.260000228881836,26.360000610351562,8909,0.0,0.0
2023-04-12 11:30:00-04:00,26.360000610351562,26.469999313354492,26.315000534057617,26.440000534057617,9392,0.0,0.0
2023-04-12 12:30:00-04:00,26.440000534057617,26.459999084472656,26.40999984741211,26.440000534057617,2599,0.0,0.0
2023-04-12 13:30:00-04:00,26.469999313354492,26.5,26.360000610351562,26.454999923706055,6252,0.0,0.0
2023-04-12 14:30:00-04:00,26.485000610351562,26.549999237060547,26.42650032043457,26.479999542236328,1626,0.0,0.0
2023-04-12 15:30:00-04:00,26.452899932861328,26.559999465942383,26.452899932861328,26.549999237060547,2989,0.0,0.0
2023-04-13 09:30:00-04:00,26.549999237060547,26.549999237060547,26.350000381469727,26.42930030822754,0,0.0,0.0
2023-04-13 10:30:00-04:00,26.400100708007812,26.579999923706055,26.400100708007812,26.514999389648438,5465,0.0,0.0
2023-04-13 11:30:00-04:00,26.390100479125977,26.639999389648438,26.390100479125977,26.6200008392334,1711,0.0,0.0
2023-04-13 12:30:00-04:00,26.6200008392334,26.648000717163086,26.6200008392334,26.648000717163086,558,0.0,0.0
2023-04-13 13:30:00-04:00,26.739999771118164,26.739999771118164,26.40999984741211,26.40999984741211,2394,0.0,0.0
2023-04-13 14:30:00-04:00,26.479999542236328,26.709199905395508,26.479999542236328,26.709199905395508,1651,0.0,0.0
2023-04-13 15:30:00-04:00,26.479999542236328,26.6200008392334,26.479999542236328,26.56999969482422,3346,0.0,0.0
2023-04-14 09:30:00-04:00,26.670000076293945,26.670000076293945,26.65519905090332,26.65519905090332,0,0.0,0.0
2023-04-14 10:30:00-04:00,26.700000762939453,26.700000762939453,26.444400787353516,26.475000381469727,2850,0.0,0.0
2023-04-14 11:30:00-04:00,26.313199996948242,26.6200008392334,26.313199996948242,26.479999542236328,3243,0.0,0.0
2023-04-14 13:30:00-04:00,26.600000381469727,26.639999389648438,26.549999237060547,26.639999389648438,4838,0.0,0.0
2023-04-14 14:30:00-04:00,26.617700576782227,26.700000762939453,26.459999084472656,26.459999084472656,2642,0.0,0.0
2023-04-14 15:30:00-04:00,26.459999084472656,26.62380027770996,26.459999084472656,26.479999542236328,2964,0.0,0.0
2023-04-17 09:30:00-04:00,26.6299991607666,26.6299991607666,26.360000610351562,26.360000610351562,0,0.0,0.0
2023-04-17 10:30:00-04:00,26.625,26.630300521850586,26.400100708007812,26.600000381469727,1661,0.0,0.0
2023-04-17 11:30:00-04:00,26.649900436401367,26.649999618530273,26.399999618530273,26.40999984741211,12908,0.0,0.0
2023-04-17 12:30:00-04:00,26.40999984741211,26.459999084472656,26.3799991607666,26.399999618530273,19983,0.0,0.0
2023-04-17 13:30:00-04:00,26.347900390625,26.399999618530273,26.347900390625,26.399999618530273,1189,0.0,0.0
2023-04-17 14:30:00-04:00,26.382299423217773,26.399999618530273,26.350000381469727,26.399999618530273,6951,0.0,0.0
2023-04-17 15:30:00-04:00,26.399999618530273,26.399999618530273,26.350000381469727,26.38360023498535,2825,0.0,0.0
2023-04-18 09:30:00-04:00,26.360000610351562,26.679000854492188,26.350000381469727,26.520000457763672,0,0.0,0.0
2023-04-18 10:30:00-04:00,26.3705997467041,26.4419002532959,26.3705997467041,26.43000030517578,1738,0.0,0.0
2023-04-18 11:30:00-04:00,26.43000030517578,26.520000457763672,26.360000610351562,26.443300247192383,2500,0.0,0.0
2023-04-18 12:30:00-04:00,26.440000534057617,26.63990020751953,26.440000534057617,26.63990020751953,1615,0.0,0.0
2023-04-18 13:30:00-04:00,26.62299919128418,26.62299919128418,26.399999618530273,26.405000686645508,15508,0.0,0.0
2023-04-18 14:30:00-04:00,26.439699172973633,26.549999237060547,26.439699172973633,26.549999237060547,2573,0.0,0.0
2023-04-18 15:30:00-04:00,26.500699996948242,26.52829933166504,26.399999618530273,26.40999984741211,10333,0.0,0.0
2023-04-19 09:30:00-04:00,26.420000076293945,26.59000015258789,26.399999618530273,26.399999618530273,0,0.0,0.0
2023-04-19 10:30:00-04:00,26.381399154663086,26.381399154663086,26.28499984741211,26.28499984741211,1062,0.0,0.0
2023-04-19 11:30:00-04:00,26.399999618530273,26.399999618530273,26.219999313354492,26.306299209594727,4055,0.0,0.0
2023-04-19 12:30:00-04:00,26.38089942932129,26.399999618530273,26.299999237060547,26.299999237060547,2636,0.0,0.0
2023-04-19 13:30:00-04:00,26.3799991607666,26.399999618530273,26.295000076293945,26.295000076293945,6175,0.0,0.0
2023-04-19 14:30:00-04:00,26.30500030517578,26.30500030517578,26.30500030517578,26.30500030517578,549,0.0,0.0
2023-04-19 15:30:00-04:00,26.389999389648438,26.399999618530273,26.32110023498535,26.399999618530273,1452,0.0,0.0
2023-04-20 09:30:00-04:00,26.459999084472656,26.459999084472656,26.459999084472656,26.459999084472656,0,0.0,0.0
2023-04-20 10:30:00-04:00,26.362199783325195,26.3700008392334,26.1200008392334,26.1200008392334,1109,0.0,0.0
2023-04-20 11:30:00-04:00,26.26300048828125,26.399999618530273,26.170000076293945,26.399999618530273,1145,0.0,0.0
2023-04-20 12:30:00-04:00,26.334999084472656,26.399999618530273,26.334999084472656,26.399999618530273,1021,0.0,0.0
2023-04-20 13:30:00-04:00,26.280000686645508,26.389999389648438,26.280000686645508,26.389999389648438,1370,0.0,0.0
2023-04-20 14:30:00-04:00,26.389999389648438,26.399999618530273,26.20009994506836,26.389999389648438,1238,0.0,0.0
2023-04-20 15:30:00-04:00,26.314199447631836,26.397199630737305,26.302000045776367,26.397199630737305,1260,0.0,0.0
2023-04-21 09:30:00-04:00,26.520000457763672,26.593900680541992,26.49049949645996,26.593900680541992,0,0.0,0.0
2023-04-21 10:30:00-04:00,26.599899291992188,26.679899215698242,26.5,26.540000915527344,6734,0.0,0.0
2023-04-21 11:30:00-04:00,26.584999084472656,26.639999389648438,26.5,26.603500366210938,5884,0.0,0.0
2023-04-21 12:30:00-04:00,26.625,26.689300537109375,26.600000381469727,26.689300537109375,5974,0.0,0.0
2023-04-21 13:30:00-04:00,26.655000686645508,26.690000534057617,26.600000381469727,26.600000381469727,5637,0.0,0.0
2023-04-21 14:30:00-04:00,26.530000686645508,26.59000015258789,26.40999984741211,26.40999984741211,12196,0.0,0.0
2023-04-21 15:30:00-04:00,26.518999099731445,26.518999099731445,26.190000534057617,26.329999923706055,11371,0.0,0.0
2023-04-24 09:30:00-04:00,26.3700008392334,26.670000076293945,26.170000076293945,26.375,3469,0.0,0.0
2023-04-24 10:30:00-04:00,26.517499923706055,26.55470085144043,26.309999465942383,26.329999923706055,927,0.0,0.0
2023-04-24 11:30:00-04:00,26.41080093383789,26.499900817871094,26.250099182128906,26.499900817871094,3465,0.0,0.0
2023-04-24 12:30:00-04:00,26.290000915527344,26.290000915527344,26.290000915527344,26.290000915527344,665,0.0,0.0
2023-04-24 13:30:00-04:00,26.290000915527344,26.399999618530273,26.290000915527344,26.399999618530273,1290,0.0,0.0
2023-04-24 14:30:00-04:00,26.31130027770996,26.3799991607666,26.31130027770996,26.329999923706055,2547,0.0,0.0
2023-04-24 15:30:00-04:00,26.364999771118164,26.364999771118164,26.280000686645508,26.360000610351562,0,0.0,0.0
2023-04-25 09:30:00-04:00,26.200000762939453,26.389999389648438,26.200000762939453,26.36750030517578,2986,0.0,0.0
2023-04-25 10:30:00-04:00,26.367599487304688,26.59000015258789,26.350000381469727,26.415000915527344,3571,0.0,0.0
2023-04-25 11:30:00-04:00,26.399999618530273,26.459299087524414,26.240100860595703,26.271400451660156,2888,0.0,0.0
2023-04-25 12:30:00-04:00,26.360000610351562,26.399999618530273,26.260000228881836,26.260000228881836,4437,0.0,0.0
2023-04-25 13:30:00-04:00,26.209999084472656,26.295000076293945,26.209999084472656,26.219999313354492,977,0.0,0.0
2023-04-25 14:30:00-04:00,26.200000762939453,26.290000915527344,26.200000762939453,26.290000915527344,1367,0.0,0.0
2023-04-25 15:30:00-04:00,26.276199340820312,26.31999969482422,26.15999984741211,26.15999984741211,1394,0.0,0.0
2023-04-26 09:30:00-04:00,26.200000762939453,26.291400909423828,26.200000762939453,26.21500015258789,0,0.0,0.0
2023-04-26 10:30:00-04:00,26.21500015258789,26.329999923706055,26.15559959411621,26.299999237060547,3350,0.0,0.0
2023-04-26 11:30:00-04:00,26.298999786376953,26.31999969482422,26.263099670410156,26.263099670410156,1434,0.0,0.0
2023-04-26 12:30:00-04:00,26.139999389648438,26.329999923706055,26.105499267578125,26.329999923706055,2062,0.0,0.0
2023-04-26 13:30:00-04:00,26.209999084472656,26.209999084472656,26.15999984741211,26.170000076293945,532,0.0,0.0
2023-04-26 14:30:00-04:00,26.100000381469727,26.209999084472656,26.06999969482422,26.209999084472656,8934,0.0,0.0
2023-04-26 15:30:00-04:00,26.145000457763672,26.315000534057617,26.1200008392334,26.315000534057617,2121,0.0,0.0
2023-04-27 09:30:00-04:00,26.229999542236328,26.56999969482422,26.229999542236328,26.31999969482422,0,0.0,0.0
2023-04-27 10:30:00-04:00,26.150100708007812,26.32990074157715,26.150100708007812,26.25,2395,0.0,0.0
2023-04-27 11:30:00-04:00,26.25,26.329999923706055,26.200000762939453,26.264999389648438,5823,0.0,0.0
2023-04-27 12:30:00-04:00,26.32990074157715,26.329999923706055,26.25,26.25,1742,0.0,0.0
2023-04-27 13:30:00-04:00,26.299999237060547,26.299999237060547,26.20210075378418,26.20210075378418,1093,0.0,0.0
2023-04-27 14:30:00-04:00,26.264999389648438,26.270000457763672,26.22319984436035,26.22319984436035,1298,0.0,0.0
2023-04-27 15:30:00-04:00,26.260000228881836,26.299999237060547,26.22010040283203,26.299999237060547,0,0.0,0.0
2023-04-28 09:30:00-04:00,26.236799240112305,26.236799240112305,26.22010040283203,26.22010040283203,884,0.0,0.0
2023-04-28 10:30:00-04:00,26.25,26.261699676513672,26.1200008392334,26.200000762939453,1805,0.0,0.0
2023-04-28 11:30:00-04:00,26.264999389648438,26.344999313354492,26.21500015258789,26.344999313354492,1350,0.0,0.0
2023-04-28 12:30:00-04:00,26.2450008392334,26.47249984741211,26.2450008392334,26.350000381469727,3585,0.0,0.0
2023-04-28 13:30:00-04:00,26.209999084472656,26.42889976501465,26.209999084472656,26.229999542236328,3195,0.0,0.0
2023-04-28 14:30:00-04:00,26.360000610351562,26.3799991607666,26.239599227905273,26.360000610351562,2063,0.0,0.0
2023-04-28 15:30:00-04:00,26.309999465942383,26.3799991607666,26.239999771118164,26.350000381469727,1794,0.0,0.0
2023-05-01 09:30:00-04:00,26.25,26.260000228881836,26.149999618530273,26.161500930786133,7050,0.0,0.0
2023-05-01 10:30:00-04:00,26.165000915527344,26.165000915527344,26.079999923706055,26.122499465942383,0,0.0,0.0
2023-05-01 11:30:00-04:00,26.229999542236328,26.235000610351562,26.079999923706055,26.229999542236328,11657,0.0,0.0
2023-05-01 12:30:00-04:00,26.154399871826172,26.154399871826172,26.080799102783203,26.149999618530273,1434,0.0,0.0
2023-05-01 13:30:00-04:00,26.200000762939453,26.200000762939453,26.170000076293945,26.170000076293945,2069,0.0,0.0
2023-05-01 14:30:00-04:00,26.165000915527344,26.229999542236328,26.165000915527344,26.209999084472656,2207,0.0,0.0
2023-05-01 15:30:00-04:00,26.170000076293945,26.25,26.170000076293945,26.229999542236328,2559,0.0,0.0
2023-05-02 09:30:00-04:00,26.09000015258789,26.249900817871094,26.09000015258789,26.117700576782227,0,0.0,0.0
2023-05-02 10:30:00-04:00,26.237300872802734,26.270000457763672,26.149999618530273,26.149999618530273,15064,0.0,0.0
2023-05-02 11:30:00-04:00,26.200000762939453,26.249900817871094,26.150999069213867,26.150999069213867,1457,0.0,0.0
2023-05-02 12:30:00-04:00,26.200000762939453,26.215299606323242,26.16360092163086,26.16360092163086,2722,0.0,0.0
2023-05-02 13:30:00-04:00,26.18000030517578,26.239999771118164,26.18000030517578,26.200000762939453,10342,0.0,0.0
2023-05-02 14:30:00-04:00,26.149999618530273,26.249900817871094,26.100000381469727,26.139999389648438,7513,0.0,0.0
2023-05-02 15:30:00-04:00,26.1299991607666,26.25,26.1299991607666,26.239999771118164,4262,0.0,0.0
2023-05-03 09:30:00-04:00,26.170000076293945,26.25,26.153099060058594,26.209999084472656,0,0.0,0.0
2023-05-03 10:30:00-04:00,26.225000381469727,26.225000381469727,26.100000381469727,26.1697998046875,8554,0.0,0.0
2023-05-03 11:30:00-04:00,26.1210994720459,26.16189956665039,26.10059928894043,26.10059928894043,1917,0.0,0.0
2023-05-03 12:30:00-04:00,26.1299991607666,26.190000534057617,26.1299991607666,26.190000534057617,3937,0.0,0.0
2023-05-03 13:30:00-04:00,26.190000534057617,26.229700088500977,26.166000366210938,26.166000366210938,957,0.0,0.0
2023-05-03 14:30:00-04:00,26.239999771118164,26.239999771118164,26.15999984741211,26.204999923706055,1415,0.0,0.0
2023-05-03 15:30:00-04:00,26.200000762939453,26.249900817871094,26.0,26.0,0,0.0,0.0
2023-05-04 09:30:00-04:00,26.0,26.046100616455078,25.8799991607666,25.8799991607666,3650,0.0,0.0
2023-05-04 10:30:00-04:00,25.850000381469727,25.920000076293945,25.75,25.899999618530273,8992,0.0,0.0
2023-05-04 11:30:00-04:00,25.900100708007812,25.927799224853516,25.823699951171875,25.823699951171875,1584,0.0,0.0
2023-05-04 12:30:00-04:00,25.82939910888672,25.82939910888672,25.739999771118164,25.78499984741211,1381,0.0,0.0
2023-05-04 13:30:00-04:00,25.760000228881836,25.760000228881836,25.739999771118164,25.739999771118164,1752,0.0,0.0
2023-05-04 14:30:00-04:00,25.706499099731445,25.770000457763672,25.649999618530273,25.770000457763672,2267,0.0,0.0
2023-05-04 15:30:00-04:00,25.69499969482422,25.700000762939453,25.6299991607666,25.649999618530273,2593,0.0,0.0
2023-05-05 09:30:00-04:00,25.790000915527344,25.940000534057617,25.690000534057617,25.923900604248047,0,0.0,0.0
2023-05-05 10:30:00-04:00,25.913400650024414,25.913400650024414,25.690099716186523,25.81999969482422,1726,0.0,0.0
2023-05-05 11:30:00-04:00,25.690000534057617,25.940000534057617,25.690000534057617,25.940000534057617,1714,0.0,0.0
2023-05-05 13:30:00-04:00,25.875,25.875,25.875,25.875,413,0.0,0.0
2023-05-05 14:30:00-04:00,25.950000762939453,25.950000762939453,25.81839942932129,25.81999969482422,1524,0.0,0.0
2023-05-05 15:30:00-04:00,25.8799991607666,25.8799991607666,25.799999237060547,25.799999237060547,0,0.0,0.0
2023-05-08 09:30:00-04:00,25.729999542236328,25.729999542236328,25.56999969482422,25.59000015258789,2846,0.0,0.0
2023-05-08 10:30:00-04:00,25.790000915527344,25.899999618530273,25.700000762939453,25.899999618530273,4172,0.0,0.0
2023-05-08 11:30:00-04:00,25.773000717163086,25.773000717163086,25.773000717163086,25.773000717163086,0,0.0,0.0
2023-05-08 12:30:00-04:00,25.770000457763672,25.816999435424805,25.770000457763672,25.816999435424805,8930,0.0,0.0
2023-05-08 13:30:00-04:00,25.850000381469727,25.940000534057617,25.850000381469727,25.923799514770508,1373,0.0,0.0
2023-05-08 14:30:00-04:00,25.770000457763672,25.799999237060547,25.770000457763672,25.799999237060547,609,0.0,0.0
2023-05-08 15:30:00-04:00,25.65999984741211,25.65999984741211,25.65999984741211,25.65999984741211,1165,0.0,0.0
2023-05-09 09:30:00-04:00,25.850000381469727,25.850000381469727,25.71269989013672,25.84600067138672,0,0.0,0.0
2023-05-09 10:30:00-04:00,25.68000030517578,25.8439998626709,25.610000610351562,25.633800506591797,2380,0.0,0.0
2023-05-09 11:30:00-04:00,25.639999389648438,25.729999542236328,25.6200008392334,25.729999542236328,4061,0.0,0.0
2023-05-09 12:30:00-04:00,25.71500015258789,25.780000686645508,25.71500015258789,25.780000686645508,432,0.0,0.0
2023-05-09 13:30:00-04:00,25.647600173950195,25.780000686645508,25.549999237060547,25.610000610351562,8436,0.0,0.0
2023-05-09 14:30:00-04:00,25.732500076293945,25.732500076293945,25.6299991607666,25.700000762939453,2601,0.0,0.0
2023-05-09 15:30:00-04:00,25.821800231933594,25.821800231933594,25.68000030517578,25.790000915527344,4315,0.0,0.0
2023-05-10 09:30:00-04:00,25.850000381469727,25.93000030517578,25.818300247192383,25.93000030517578,0,0.0,0.0
2023-05-10 10:30:00-04:00,25.924699783325195,25.945199966430664,25.850000381469727,25.945199966430664,1426,0.0,0.0
2023-05-10 11:30:00-04:00,25.771299362182617,25.93000030517578,25.75,25.856000900268555,1840,0.0,0.0
2023-05-10 12:30:00-04:00,25.93000030517578,25.93000030517578,25.864599227905273,25.864599227905273,748,0.0,0.0
2023-05-10 13:30:00-04:00,25.892900466918945,25.892900466918945,25.892900466918945,25.892900466918945,936,0.0,0.0
2023-05-10 15:30:00-04:00,25.8700008392334,25.920000076293945,25.770000457763672,25.780000686645508,4173,0.0,0.0
2023-05-11 09:30:00-04:00,25.75,25.770000457763672,25.610000610351562,25.649999618530273,4377,0.0,0.0
2023-05-11 10:30:00-04:00,25.6200008392334,25.6200008392334,25.579999923706055,25.579999923706055,3599,0.0,0.0
2023-05-11 11:30:00-04:00,25.579999923706055,25.649999618530273,25.520000457763672,25.635499954223633,4327,0.0,0.0
2023-05-11 12:30:00-04:00,25.649999618530273,25.649999618530273,25.6299991607666,25.649999618530273,3060,0.0,0.0
2023-05-11 13:30:00-04:00,25.649999618530273,25.649999618530273,25.6299991607666,25.6299991607666,1563,0.0,0.0
2023-05-11 14:30:00-04:00,25.6299991607666,25.649999618530273,25.610000610351562,25.649999618530273,3183,0.0,0.0
2023-05-11 15:30:00-04:00,25.649999618530273,25.8799991607666,25.635000228881836,25.649999618530273,3992,0.0,0.0
2023-05-12 09:30:00-04:00,25.649999618530273,25.829999923706055,25.649999618530273,25.829999923706055,0,0.0,0.0
2023-05-12 10:30:00-04:00,25.81999969482422,25.84000015258789,25.770000457763672,25.84000015258789,1946,0.0,0.0
2023-05-12 11:30:00-04:00,25.809999465942383,25.934999465942383,25.70639991760254,25.799999237060547,2917,0.0,0.0
2023-05-12 12:30:00-04:00,25.860000610351562,25.860000610351562,25.860000610351562,25.860000610351562,1665,0.0,0.0
2023-05-12 13:30:00-04:00,25.7007999420166,25.889999389648438,25.7007999420166,25.889999389648438,1085,0.0,0.0
2023-05-12 14:30:00-04:00,25.8799991607666,25.950000762939453,25.8799991607666,25.940000534057617,2691,0.0,0.0
2023-05-12 15:30:00-04:00,25.940000534057617,25.950000762939453,25.93000030517578,25.938600540161133,1203,0.0,0.0
2023-05-15 09:30:00-04:00,25.940000534057617,25.940000534057617,25.799999237060547,25.889999389648438,0,0.0,0.0
2023-05-15 10:30:00-04:00,25.850000381469727,25.915000915527344,25.829999923706055,25.915000915527344,6552,0.0,0.0
2023-05-15 11:30:00-04:00,25.8887996673584,25.950000762939453,25.850500106811523,25.905000686645508,2052,0.0,0.0
2023-05-15 12:30:00-04:00,25.899999618530273,25.899999618530273,25.75,25.864999771118164,4812,0.0,0.0
2023-05-15 13:30:00-04:00,25.864999771118164,25.864999771118164,25.864999771118164,25.864999771118164,431,0.0,0.0
2023-05-15 14:30:00-04:00,25.8700008392334,25.8700008392334,25.780000686645508,25.809999465942383,2458,0.0,0.0
2023-05-15 15:30:00-04:00,25.799999237060547,25.889999389648438,25.690000534057617,25.690000534057617,2609,0.0,0.0
2023-05-16 09:30:00-04:00,25.799999237060547,25.799999237060547,25.799999237060547,25.799999237060547,0,0.0,0.0
2023-05-16 10:30:00-04:00,25.760000228881836,25.780000686645508,25.729999542236328,25.739999771118164,1631,0.0,0.0
2023-05-16 11:30:00-04:00,25.700000762939453,25.739999771118164,25.700000762939453,25.739999771118164,2281,0.0,0.0
2023-05-16 12:30:00-04:00,25.725000381469727,25.790000915527344,25.725000381469727,25.790000915527344,2029,0.0,0.0
2023-05-16 13:30:00-04:00,25.75,25.790000915527344,25.729999542236328,25.729999542236328,1821,0.0,0.0
2023-05-16 14:30:00-04:00,25.729999542236328,25.729999542236328,25.6200008392334,25.65999984741211,5070,0.0,0.0
2023-05-16 15:30:00-04:00,25.68720054626465,25.68720054626465,25.600000381469727,25.600000381469727,917,0.0,0.0
2023-05-17 09:30:00-04:00,25.896299362182617,25.896299362182617,25.639999389648438,25.756799697875977,0,0.0,0.0
2023-05-17 10:30:00-04:00,25.959999084472656,25.959999084472656,25.742900848388672,25.742900848388672,2882,0.0,0.0
2023-05-17 11:30:00-04:00,25.81999969482422,25.93939971923828,25.81999969482422,25.934999465942383,2131,0.0,0.0
2023-05-17 12:30:00-04:00,25.967500686645508,25.967500686645508,25.94499969482422,25.94499969482422,686,0.0,0.0
2023-05-17 13:30:00-04:00,25.96500015258789,25.989999771118164,25.860000610351562,25.8927001953125,3264,0.0,0.0
2023-05-17 14:30:00-04:00,25.850000381469727,25.860000610351562,25.75189971923828,25.799999237060547,5661,0.0,0.0
2023-05-17 15:30:00-04:00,25.799999237060547,25.799999237060547,25.799999237060547,25.799999237060547,702,0.0,0.0
2023-05-18 09:30:00-04:00,25.670000076293945,25.966999053955078,25.670000076293945,25.81999969482422,0,0.0,0.0
2023-05-18 10:30:00-04:00,25.905000686645508,25.9950008392334,25.905000686645508,25.969999313354492,3111,0.0,0.0
2023-05-18 11:30:00-04:00,26.019899368286133,26.019899368286133,25.858299255371094,25.93000030517578,2575,0.0,0.0
2023-05-18 12:30:00-04:00,25.920000076293945,25.969999313354492,25.920000076293945,25.969999313354492,3832,0.0,0.0
2023-05-18 13:30:00-04:00,25.975000381469727,25.975000381469727,25.75,25.90999984741211,12466,0.0,0.0
2023-05-18 14:30:00-04:00,25.920000076293945,26.0,25.90999984741211,25.920000076293945,1188,0.0,0.0
2023-05-18 15:30:00-04:00,25.920000076293945,26.030000686645508,25.860000610351562,25.989999771118164,1067,0.0,0.0
2023-05-19 10:30:00-04:00,25.895000457763672,26.030000686645508,25.790000915527344,25.875,1848,0.0,0.0
2023-05-19 11:30:00-04:00,25.934999465942383,26.019899368286133,25.889999389648438,25.947099685668945,3591,0.0,0.0
2023-05-19 12:30:00-04:00,25.954999923706055,25.969999313354492,25.93000030517578,25.969999313354492,1914,0.0,0.0
2023-05-19 13:30:00-04:00,25.93000030517578,25.94879913330078,25.795000076293945,25.795000076293945,1748,0.0,0.0
2023-05-19 14:30:00-04:00,25.850000381469727,25.899999618530273,25.850000381469727,25.899999618530273,662,0.0,0.0
2023-05-19 15:30:00-04:00,25.854999542236328,26.02750015258789,25.797500610351562,26.02750015258789,1255,0.0,0.0
2023-05-22 09:30:00-04:00,25.899999618530273,26.049999237060547,25.81999969482422,25.81999969482422,2527,0.0,0.0
2023-05-22 10:30:00-04:00,25.760000228881836,25.81999969482422,25.760000228881836,25.79599952697754,3296,0.0,0.0
2023-05-22 11:30:00-04:00,25.806400299072266,25.81999969482422,25.799999237060547,25.814599990844727,8775,0.0,0.0
2023-05-22 12:30:00-04:00,25.809999465942383,25.81999969482422,25.809999465942383,25.815000534057617,4039,0.0,0.0
2023-05-22 13:30:00-04:00,25.81999969482422,25.81999969482422,25.809999465942383,25.809999465942383,4871,0.0,0.0
2023-05-22 14:30:00-04:00,25.790000915527344,25.790000915527344,25.774900436401367,25.774900436401367,546,0.0,0.0
2023-05-22 15:30:00-04:00,25.794099807739258,25.801000595092773,25.79400062561035,25.795000076293945,0,0.0,0.0
2023-05-23 09:30:00-04:00,25.789600372314453,25.959999084472656,25.789600372314453,25.905000686645508,13602,0.0,0.0
2023-05-23 10:30:00-04:00,25.829999923706055,26.021299362182617,25.799999237060547,25.829999923706055,7375,0.0,0.0
2023-05-23 11:30:00-04:00,25.81999969482422,25.915000915527344,25.809999465942383,25.812299728393555,5616,0.0,0.0
2023-05-23 12:30:00-04:00,25.819900512695312,25.829999923706055,25.78700065612793,25.78700065612793,8834,0.0,0.0
2023-05-23 13:30:00-04:00,25.790000915527344,25.81999969482422,25.700000762939453,25.700000762939453,2343,0.0,0.0
2023-05-23 14:30:00-04:00,25.81999969482422,25.81999969482422,25.753000259399414,25.753000259399414,1070,0.0,0.0
2023-05-23 15:30:00-04:00,25.774999618530273,25.799999237060547,25.719999313354492,25.799999237060547,5578,0.0,0.0
2023-05-24 09:30:00-04:00,25.770000457763672,25.836000442504883,25.760000228881836,25.760000228881836,0,0.0,0.0
2023-05-24 10:30:00-04:00,25.890199661254883,25.983999252319336,25.783199310302734,25.8799991607666,16861,0.0,0.0
2023-05-24 11:30:00-04:00,25.915800094604492,25.915800094604492,25.825599670410156,25.864999771118164,1178,0.0,0.0
2023-05-24 12:30:00-04:00,25.857500076293945,25.87929916381836,25.809999465942383,25.864999771118164,2904,0.0,0.0
2023-05-24 13:30:00-04:00,25.854000091552734,25.854000091552734,25.809999465942383,25.809999465942383,2343,0.0,0.0
2023-05-24 14:30:00-04:00,25.81999969482422,25.81999969482422,25.809999465942383,25.81999969482422,2049,0.0,0.0
2023-05-24 15:30:00-04:00,25.799999237060547,25.889999389648438,25.799999237060547,25.889999389648438,4979,0.0,0.0
2023-05-25 09:30:00-04:00,25.889999389648438,25.889999389648438,25.6875,25.6875,0,0.0,0.0
2023-05-25 10:30:00-04:00,25.75,25.81999969482422,25.690000534057617,25.78499984741211,2274,0.0,0.0
2023-05-25 11:30:00-04:00,25.809999465942383,25.809999465942383,25.764400482177734,25.799999237060547,754,0.0,0.0
2023-05-25 12:30:00-04:00,25.77120018005371,25.809999465942383,25.77120018005371,25.809799194335938,2734,0.0,0.0
2023-05-25 13:30:00-04:00,25.81999969482422,25.81999969482422,25.81999969482422,25.81999969482422,323,0.0,0.0
2023-05-25 14:30:00-04:00,25.81999969482422,25.81999969482422,25.799999237060547,25.819900512695312,5104,0.0,0.0
2023-05-25 15:30:00-04:00,25.719999313354492,25.81999969482422,25.719999313354492,25.81999969482422,712,0.0,0.0
2023-05-26 09:30:00-04:00,25.729999542236328,25.899999618530273,25.729999542236328,25.8799991607666,0,0.0,0.0
2023-05-26 10:30:00-04:00,25.8700008392334,25.8700008392334,25.8700008392334,25.8700008392334,1496,0.0,0.0
2023-05-26 11:30:00-04:00,25.989999771118164,25.989999771118164,25.989999771118164,25.989999771118164,980,0.0,0.0
2023-05-26 12:30:00-04:00,25.864999771118164,25.875699996948242,25.864999771118164,25.864999771118164,2534,0.0,0.0
2023-05-26 13:30:00-04:00,25.864999771118164,25.864999771118164,25.864999771118164,25.864999771118164,817,0.0,0.0
2023-05-26 14:30:00-04:00,25.864999771118164,25.889999389648438,25.860000610351562,25.889999389648438,3211,0.0,0.0
2023-05-26 15:30:00-04:00,25.889999389648438,25.920000076293945,25.889999389648438,25.889999389648438,1446,0.0,0.0
2023-05-30 09:30:00-04:00,25.809999465942383,25.84000015258789,25.747800827026367,25.81999969482422,0,0.0,0.0
2023-05-30 10:30:00-04:00,25.770000457763672,25.814699172973633,25.75,25.814699172973633,1706,0.0,0.0
2023-05-30 11:30:00-04:00,25.800600051879883,25.81999969482422,25.799999237060547,25.809999465942383,4378,0.0,0.0
2023-05-30 12:30:00-04:00,25.799999237060547,25.81999969482422,25.799999237060547,25.819900512695312,3279,0.0,0.0
2023-05-30 13:30:00-04:00,25.809999465942383,25.809999465942383,25.799999237060547,25.799999237060547,872,0.0,0.0
2023-05-30 14:30:00-04:00,25.81999969482422,25.829999923706055,25.770000457763672,25.81999969482422,11112,0.0,0.0
2023-05-30 15:30:00-04:00,25.825000762939453,25.864999771118164,25.809999465942383,25.809999465942383,4880,0.0,0.0
2023-05-31 09:30:00-04:00,25.760000228881836,25.903200149536133,25.760000228881836,25.899999618530273,0,0.0,0.0
2023-05-31 10:30:00-04:00,25.899999618530273,25.989999771118164,25.899999618530273,25.989999771118164,1814,0.0,0.0
2023-05-31 11:30:00-04:00,25.940000534057617,25.979999542236328,25.850000381469727,25.934999465942383,4668,0.0,0.0
2023-05-31 12:30:00-04:00,25.934999465942383,25.969999313354492,25.8799991607666,25.899999618530273,5261,0.0,0.0
2023-05-31 13:30:00-04:00,25.924999237060547,25.93400001525879,25.8799991607666,25.899999618530273,9223,0.0,0.0
2023-05-31 14:30:00-04:00,25.920000076293945,25.950000762939453,25.81999969482422,25.920000076293945,10522,0.0,0.0
2023-05-31 15:30:00-04:00,25.829999923706055,26.1299991607666,25.825000762939453,26.1299991607666,25111,0.0,0.0
2023-06-01 09:30:00-04:00,26.079999923706055,26.079999923706055,26.0310001373291,26.0310001373291,943,0.0,0.0
2023-06-01 10:30:00-04:00,26.139999389648438,26.329999923706055,26.139999389648438,26.30500030517578,3079,0.0,0.0
2023-06-01 11:30:00-04:00,26.31999969482422,26.389999389648438,26.25,26.34779930114746,6954,0.0,0.0
2023-06-01 12:30:00-04:00,26.25,26.34000015258789,26.25,26.34000015258789,276,0.0,0.0
2023-06-01 13:30:00-04:00,26.260000228881836,26.364999771118164,26.260000228881836,26.364999771118164,2205,0.0,0.0
2023-06-01 14:30:00-04:00,26.360000610351562,26.389999389648438,26.329999923706055,26.360000610351562,3449,0.0,0.0
2023-06-01 15:30:00-04:00,26.360000610351562,26.389999389648438,26.27120018005371,26.329999923706055,851,0.0,0.0
2023-06-02 09:30:00-04:00,26.341400146484375,26.479999542236328,26.34000015258789,26.399999618530273,0,0.0,0.0
2023-06-02 10:30:00-04:00,26.385000228881836,26.5,26.337499618530273,26.337499618530273,925,0.0,0.0
2023-06-02 11:30:00-04:00,26.31999969482422,26.479999542236328,26.31999969482422,26.459999084472656,2965,0.0,0.0
2023-06-02 12:30:00-04:00,26.442399978637695,26.459999084472656,26.299999237060547,26.299999237060547,5183,0.0,0.0
2023-06-02 13:30:00-04:00,26.405000686645508,26.530000686645508,26.355199813842773,26.411399841308594,3639,0.0,0.0
2023-06-02 14:30:00-04:00,26.4950008392334,26.4950008392334,26.4950008392334,26.4950008392334,357,0.0,0.0
2023-06-02 15:30:00-04:00,26.540000915527344,26.549999237060547,26.510000228881836,26.510000228881836,1986,0.0,0.0
2023-06-05 09:30:00-04:00,26.420000076293945,26.49169921875,26.420000076293945,26.49169921875,0,0.0,0.0
2023-06-05 10:30:00-04:00,26.375,26.56599998474121,26.375,26.540000915527344,1201,0.0,0.0
2023-06-05 11:30:00-04:00,26.489999771118164,26.5,26.464099884033203,26.464099884033203,1369,0.0,0.0
2023-06-05 12:30:00-04:00,26.450000762939453,26.540000915527344,26.42799949645996,26.498899459838867,2102,0.0,0.0
2023-06-05 13:30:00-04:00,26.540000915527344,26.559999465942383,26.530000686645508,26.549400329589844,2821,0.0,0.0
2023-06-05 14:30:00-04:00,26.559999465942383,26.559999465942383,26.535200119018555,26.549999237060547,1159,0.0,0.0
2023-06-05 15:30:00-04:00,26.53809928894043,26.559999465942383,26.420000076293945,26.559999465942383,4430,0.0,0.0
2023-06-06 09:30:00-04:00,26.499000549316406,26.543800354003906,26.499000549316406,26.510000228881836,0,0.0,0.0
2023-06-06 10:30:00-04:00,26.600000381469727,26.600000381469727,26.510099411010742,26.510099411010742,1199,0.0,0.0
2023-06-06 11:30:00-04:00,26.635000228881836,26.635000228881836,26.579999923706055,26.579999923706055,1461,0.0,0.0
2023-06-06 12:30:00-04:00,26.6200008392334,26.639999389648438,26.550899505615234,26.600000381469727,9557,0.0,0.0
2023-06-06 13:30:00-04:00,26.614999771118164,26.639999389648438,26.59000015258789,26.59000015258789,2168,0.0,0.0
2023-06-06 14:30:00-04:00,26.57029914855957,26.639999389648438,26.57029914855957,26.59000015258789,2252,0.0,0.0
2023-06-06 15:30:00-04:00,26.639999389648438,26.639999389648438,26.6200008392334,26.6200008392334,0,0.0,0.0
2023-06-07 09:30:00-04:00,26.510000228881836,26.565000534057617,26.510000228881836,26.565000534057617,1464,0.0,0.0
2023-06-07 10:30:00-04:00,26.531200408935547,26.610000610351562,26.531200408935547,26.58930015563965,1994,0.0,0.0
2023-06-07 11:30:00-04:00,26.690000534057617,26.690000534057617,26.649999618530273,26.649999618530273,1472,0.0,0.0
2023-06-07 12:30:00-04:00,26.66160011291504,26.700000762939453,26.600000381469727,26.600000381469727,5176,0.0,0.0
2023-06-07 13:30:00-04:00,26.59000015258789,26.59000015258789,26.59000015258789,26.59000015258789,1560,0.0,0.0
2023-06-07 14:30:00-04:00,26.559999465942383,26.59000015258789,26.530000686645508,26.540000915527344,2240,0.0,0.0
2023-06-07 15:30:00-04:00,26.549999237060547,26.6299991607666,26.450000762939453,26.469999313354492,0,0.0,0.0
2023-06-08 09:30:00-04:00,26.5,26.5,26.32430076599121,26.3799991607666,1185,0.0,0.0
2023-06-08 10:30:00-04:00,26.350000381469727,26.399999618530273,26.350000381469727,26.389999389648438,1345,0.0,0.0
2023-06-08 11:30:00-04:00,26.34000015258789,26.399999618530273,26.34000015258789,26.399999618530273,3757,0.0,0.0
2023-06-08 12:30:00-04:00,26.399999618530273,26.399999618530273,26.399999618530273,26.399999618530273,2178,0.0,0.0
2023-06-08 13:30:00-04:00,26.399999618530273,26.399999618530273,26.38719940185547,26.399999618530273,1604,0.0,0.0
2023-06-08 14:30:00-04:00,26.399999618530273,26.399999618530273,26.395000457763672,26.395000457763672,1113,0.0,0.0
2023-06-08 15:30:00-04:00,26.395000457763672,26.399999618530273,26.375,26.375,2256,0.0,0.0
2023-06-09 09:30:00-04:00,26.219999313354492,26.59589958190918,26.219999313354492,26.299999237060547,0,0.0,0.0
2023-06-09 10:30:00-04:00,26.309999465942383,26.424999237060547,26.299999237060547,26.424999237060547,2229,0.0,0.0
2023-06-09 11:30:00-04:00,26.525299072265625,26.553300857543945,26.350000381469727,26.3799991607666,2432,0.0,0.0
2023-06-09 12:30:00-04:00,26.3799991607666,26.457799911499023,26.26959991455078,26.299999237060547,2039,0.0,0.0
2023-06-09 13:30:00-04:00,26.299999237060547,26.510000228881836,26.299999237060547,26.5,4479,0.0,0.0
2023-06-09 14:30:00-04:00,26.471099853515625,26.471099853515625,26.471099853515625,26.471099853515625,257,0.0,0.0
2023-06-09 15:30:00-04:00,26.510000228881836,26.530000686645508,26.399999618530273,26.530000686645508,2044,0.0,0.0
2023-06-12 09:30:00-04:00,26.449800491333008,26.639999389648438,26.329999923706055,26.597999572753906,0,0.0,0.0
2023-06-12 10:30:00-04:00,26.610000610351562,26.649999618530273,26.33009910583496,26.530000686645508,5162,0.0,0.0
2023-06-12 11:30:00-04:00,26.544700622558594,26.6200008392334,26.402700424194336,26.610000610351562,2797,0.0,0.0
2023-06-12 12:30:00-04:00,26.6200008392334,26.670000076293945,26.6200008392334,26.670000076293945,1626,0.0,0.0
2023-06-12 13:30:00-04:00,26.719999313354492,26.729999542236328,26.63249969482422,26.674999237060547,1546,0.0,0.0
2023-06-12 14:30:00-04:00,26.739999771118164,26.739999771118164,26.600000381469727,26.600000381469727,7544,0.0,0.0
2023-06-12 15:30:00-04:00,26.600000381469727,26.700000762939453,26.309999465942383,26.649999618530273,0,0.0,0.0
2023-06-13 09:30:00-04:00,26.524999618530273,26.670000076293945,26.200000762939453,26.200000762939453,9035,0.0,0.0
2023-06-13 10:30:00-04:00,26.239999771118164,26.399999618530273,26.1200008392334,26.270000457763672,14668,0.0,0.0
2023-06-13 11:30:00-04:00,26.170000076293945,26.25,26.020000457763672,26.229999542236328,8779,0.0,0.0
2023-06-13 12:30:00-04:00,26.100099563598633,26.200000762939453,26.030000686645508,26.110000610351562,20351,0.0,0.0
2023-06-13 13:30:00-04:00,26.100000381469727,26.139999389648438,25.989999771118164,26.0,44213,0.0,0.0
2023-06-13 14:30:00-04:00,26.010000228881836,26.09000015258789,25.889999389648438,25.989999771118164,11918,0.0,0.0
2023-06-13 15:30:00-04:00,26.030000686645508,26.149999618530273,25.979999542236328,26.079999923706055,30265,0.0,0.0
2023-06-14 09:30:00-04:00,25.75,25.764999389648438,25.670000076293945,25.68000030517578,8416,0.0,0.0
2023-06-14 10:30:00-04:00,25.719999313354492,25.730199813842773,25.649999618530273,25.690000534057617,10135,0.0,0.0
2023-06-14 11:30:00-04:00,25.649999618530273,25.75,25.549999237060547,25.649999618530273,14732,0.0,0.0
2023-06-14 12:30:00-04:00,25.649999618530273,25.670000076293945,25.559999465942383,25.670000076293945,6573,0.0,0.0
2023-06-14 13:30:00-04:00,25.670000076293945,25.68000030517578,25.600000381469727,25.610000610351562,4700,0.0,0.0
2023-06-14 14:30:00-04:00,25.6200008392334,25.68000030517578,25.56130027770996,25.56130027770996,12178,0.0,0.0
2023-06-14 15:30:00-04:00,25.579999923706055,25.670000076293945,25.540000915527344,25.559999465942383,15267,0.0,0.0
2023-06-15 09:30:00-04:00,25.6200008392334,25.6200008392334,25.5,25.585800170898438,6819,0.0,0.0
2023-06-15 10:30:00-04:00,25.520000457763672,25.641399383544922,25.514999389648438,25.56999969482422,7404,0.0,0.0
2023-06-15 11:30:00-04:00,25.690000534057617,25.780000686645508,25.59000015258789,25.770000457763672,9183,0.0,0.0
2023-06-15 12:30:00-04:00,25.729999542236328,25.770000457763672,25.649999618530273,25.69499969482422,3707,0.0,0.0
2023-06-15 13:30:00-04:00,25.69499969482422,25.729999542236328,25.649999618530273,25.700000762939453,7694,0.0,0.0
2023-06-15 14:30:00-04:00,25.670000076293945,25.711599349975586,25.6200008392334,25.6299991607666,6690,0.0,0.0
2023-06-15 15:30:00-04:00,25.6299991607666,25.739999771118164,25.604999542236328,25.604999542236328,9977,0.0,0.0
2023-06-16 09:30:00-04:00,25.690000534057617,25.889999389648438,25.545000076293945,25.770000457763672,0,0.0,0.0
2023-06-16 10:30:00-04:00,25.729999542236328,25.836299896240234,25.709999084472656,25.760000228881836,10268,0.0,0.0
2023-06-16 11:30:00-04:00,25.760000228881836,25.84000015258789,25.700000762939453,25.700000762939453,16565,0.0,0.0
2023-06-16 12:30:00-04:00,25.700000762939453,25.770000457763672,25.700000762939453,25.735000610351562,2628,0.0,0.0
2023-06-16 13:30:00-04:00,25.735000610351562,25.760000228881836,25.649999618530273,25.674999237060547,4180,0.0,0.0
2023-06-16 14:30:00-04:00,25.690000534057617,25.763999938964844,25.639999389648438,25.729999542236328,14635,0.0,0.0
2023-06-16 15:30:00-04:00,25.729999542236328,25.739999771118164,25.639999389648438,25.670000076293945,19642,0.0,0.0
2023-06-20 09:30:00-04:00,25.65999984741211,25.879600524902344,25.649999618530273,25.75,0,0.0,0.0
2023-06-20 10:30:00-04:00,25.649999618530273,25.79330062866211,25.649999618530273,25.655000686645508,1644,0.0,0.0
2023-06-20 11:30:00-04:00,25.780000686645508,25.780000686645508,25.670000076293945,25.670000076293945,525,0.0,0.0
2023-06-20 12:30:00-04:00,25.700000762939453,25.829999923706055,25.65999984741211,25.735000610351562,3275,0.0,0.0
2023-06-20 13:30:00-04:00,25.65999984741211,25.700000762939453,25.565000534057617,25.665000915527344,6598,0.0,0.0
2023-06-20 14:30:00-04:00,25.71619987487793,25.71619987487793,25.3799991607666,25.510000228881836,34581,0.0,0.0
2023-06-20 15:30:00-04:00,25.494600296020508,25.59000015258789,25.440000534057617,25.459999084472656,2467,0.0,0.0
2023-06-21 09:30:00-04:00,25.469999313354492,25.5049991607666,25.469999313354492,25.5,0,0.0,0.0
2023-06-21 10:30:00-04:00,25.5049991607666,25.5049991607666,25.420000076293945,25.420000076293945,1540,0.0,0.0
2023-06-21 11:30:00-04:00,25.479999542236328,25.600000381469727,25.43000030517578,25.5,15167,0.0,0.0
2023-06-21 12:30:00-04:00,25.549999237060547,25.594999313354492,25.389999389648438,25.389999389648438,14656,0.0,0.0
2023-06-21 13:30:00-04:00,25.440000534057617,25.510000228881836,25.3700008392334,25.5,4175,0.0,0.0
2023-06-21 14:30:00-04:00,25.450000762939453,25.559999465942383,25.420000076293945,25.420000076293945,7408,0.0,0.0
2023-06-21 15:30:00-04:00,25.489999771118164,25.73900032043457,25.420000076293945,25.450000762939453,3973,0.0,0.0
2023-06-22 09:30:00-04:00,25.450000762939453,25.540000915527344,25.399999618530273,25.540000915527344,0,0.0,0.0
2023-06-22 10:30:00-04:00,25.510000228881836,25.548999786376953,25.420000076293945,25.450000762939453,5367,0.0,0.0
2023-06-22 11:30:00-04:00,25.450000762939453,25.510000228881836,25.420000076293945,25.440000534057617,7072,0.0,0.0
2023-06-22 12:30:00-04:00,25.46500015258789,25.47920036315918,25.420000076293945,25.42009925842285,5589,0.0,0.0
2023-06-22 13:30:00-04:00,25.454999923706055,25.479999542236328,25.41990089416504,25.469999313354492,6850,0.0,0.0
2023-06-22 14:30:00-04:00,25.479999542236328,25.631200790405273,25.479999542236328,25.5,5813,0.0,0.0
2023-06-22 15:30:00-04:00,25.5,25.520000457763672,25.5,25.520000457763672,382,0.0,0.0
2023-06-23 09:30:00-04:00,25.520000457763672,25.6200008392334,25.520000457763672,25.559999465942383,1003,0.0,0.0
2023-06-23 10:30:00-04:00,25.5,25.5,25.5,25.5,526,0.0,0.0
2023-06-23 11:30:00-04:00,25.510000228881836,25.596099853515625,25.510000228881836,25.596099853515625,1662,0.0,0.0
2023-06-23 12:30:00-04:00,25.600000381469727,25.7450008392334,25.559999465942383,25.649999618530273,3821,0.0,0.0
2023-06-23 13:30:00-04:00,25.639999389648438,25.700000762939453,25.549999237060547,25.700000762939453,967,0.0,0.0
2023-06-23 14:30:00-04:00,25.68000030517578,25.68000030517578,25.589000701904297,25.600000381469727,2367,0.0,0.0
2023-06-26 09:30:00-04:00,25.65999984741211,25.760000228881836,25.65999984741211,25.760000228881836,0,0.0,0.0
2023-06-26 10:30:00-04:00,25.75,25.759899139404297,25.68000030517578,25.68000030517578,1942,0.0,0.0
2023-06-26 11:30:00-04:00,25.68000030517578,25.71739959716797,25.65850067138672,25.65850067138672,3208,0.0,0.0
2023-06-26 12:30:00-04:00,25.719999313354492,25.77050018310547,25.719999313354492,25.77050018310547,1094,0.0,0.0
2023-06-26 13:30:00-04:00,25.719999313354492,25.768400192260742,25.690000534057617,25.735000610351562,1263,0.0,0.0
2023-06-26 14:30:00-04:00,25.723499298095703,25.760000228881836,25.709999084472656,25.729999542236328,4103,0.0,0.0
2023-06-26 15:30:00-04:00,25.689199447631836,25.808799743652344,25.689199447631836,25.753999710083008,6014,0.0,0.0
2023-06-27 09:30:00-04:00,25.6200008392334,25.795000076293945,25.5,25.64590072631836,0,0.0,0.0
2023-06-27 10:30:00-04:00,25.850000381469727,25.850000381469727,25.639999389648438,25.739999771118164,3127,0.0,0.0
2023-06-27 11:30:00-04:00,25.670000076293945,25.757299423217773,25.643699645996094,25.720500946044922,2034,0.0,0.0
2023-06-27 12:30:00-04:00,25.709999084472656,25.774999618530273,25.700000762939453,25.74839973449707,3404,0.0,0.0
2023-06-27 13:30:00-04:00,25.764999389648438,25.764999389648438,25.642499923706055,25.7549991607666,478,0.0,0.0
2023-06-27 14:30:00-04:00,25.729999542236328,25.795000076293945,25.620100021362305,25.795000076293945,3732,0.0,0.0
2023-06-27 15:30:00-04:00,25.642799377441406,25.790000915527344,25.642799377441406,25.78499984741211,2048,0.0,0.0
2023-06-28 09:30:00-04:00,25.709999084472656,25.824399948120117,25.690000534057617,25.824399948120117,1187,0.0,0.0
2023-06-28 10:30:00-04:00,25.770000457763672,25.780000686645508,25.69499969482422,25.780000686645508,2770,0.0,0.0
2023-06-28 11:30:00-04:00,25.739999771118164,25.773700714111328,25.6200008392334,25.773700714111328,3103,0.0,0.0
2023-06-28 12:30:00-04:00,25.719999313354492,25.829999923706055,25.58009910583496,25.719999313354492,7750,0.0,0.0
2023-06-28 13:30:00-04:00,25.65999984741211,25.75,25.649999618530273,25.75,2210,0.0,0.0
2023-06-28 14:30:00-04:00,25.653799057006836,25.81999969482422,25.653799057006836,25.81999969482422,5101,0.0,0.0
2023-06-28 15:30:00-04:00,25.81999969482422,25.934999465942383,25.777000427246094,25.920000076293945,9129,0.0,0.0
2023-06-29 09:30:00-04:00,25.75,25.75,25.670000076293945,25.729999542236328,0,0.0,0.0
2023-06-29 10:30:00-04:00,25.780000686645508,25.780000686645508,25.729999542236328,25.729999542236328,656,0.0,0.0
2023-06-29 11:30:00-04:00,25.780000686645508,25.780000686645508,25.649999618530273,25.73310089111328,1115,0.0,0.0
2023-06-29 13:30:00-04:00,25.77720069885254,25.77720069885254,25.77720069885254,25.77720069885254,695,0.0,0.0
2023-06-29 14:30:00-04:00,25.725000381469727,25.725000381469727,25.725000381469727,25.725000381469727,933,0.0,0.0
2023-06-29 15:30:00-04:00,25.799999237060547,25.850000381469727,25.780000686645508,25.84000015258789,2265,0.0,0.0
2023-06-30 09:30:00-04:00,26.09000015258789,26.09000015258789,25.770099639892578,25.91950035095215,20682,0.0,0.0
2023-06-30 10:30:00-04:00,25.840099334716797,25.840099334716797,25.84000015258789,25.84000015258789,2033,0.0,0.0
2023-06-30 11:30:00-04:00,25.932100296020508,25.989999771118164,25.890399932861328,25.989999771118164,2252,0.0,0.0
2023-06-30 12:30:00-04:00,25.989999771118164,26.059999465942383,25.888999938964844,26.059999465942383,8535,0.0,0.0
2023-06-30 13:30:00-04:00,26.049999237060547,26.1200008392334,26.020099639892578,26.100000381469727,5261,0.0,0.0
2023-06-30 14:30:00-04:00,26.100000381469727,26.100000381469727,26.03070068359375,26.09000015258789,1629,0.0,0.0
2023-06-30 15:30:00-04:00,26.100000381469727,26.260000228881836,26.045000076293945,26.260000228881836,16798,0.0,0.0
2023-07-03 09:30:00-04:00,26.200000762939453,26.200000762939453,26.145000457763672,26.145000457763672,1376,0.0,0.0
2023-07-03 10:30:00-04:00,26.200000762939453,26.276899337768555,26.177900314331055,26.276899337768555,6209,0.0,0.0
2023-07-03 11:30:00-04:00,26.260000228881836,26.260000228881836,26.110000610351562,26.110000610351562,1715,0.0,0.0
2023-07-05 09:30:00-04:00,26.110000610351562,26.110000610351562,25.90290069580078,26.055200576782227,0,0.0,0.0
2023-07-05 10:30:00-04:00,26.260000228881836,26.260000228881836,26.239999771118164,26.239999771118164,871,0.0,0.0
2023-07-05 11:30:00-04:00,26.0,26.0,25.954599380493164,26.0,1671,0.0,0.0
2023-07-05 12:30:00-04:00,26.030000686645508,26.148000717163086,25.990100860595703,25.990100860595703,2558,0.0,0.0
2023-07-05 13:30:00-04:00,26.234899520874023,26.234899520874023,26.04759979248047,26.04759979248047,1343,0.0,0.0
2023-07-05 14:30:00-04:00,26.10580062866211,26.174999237060547,26.040000915527344,26.100000381469727,4354,0.0,0.0
2023-07-05 15:30:00-04:00,26.110000610351562,26.260000228881836,25.84000015258789,25.90999984741211,10494,0.0,0.0
2023-07-06 09:30:00-04:00,25.8799991607666,25.8799991607666,25.8799991607666,25.8799991607666,0,0.0,0.0
2023-07-06 10:30:00-04:00,26.110000610351562,26.110000610351562,25.8799991607666,25.899999618530273,1205,0.0,0.0
2023-07-06 11:30:00-04:00,25.81800079345703,26.028600692749023,25.81800079345703,25.93000030517578,2787,0.0,0.0
2023-07-06 12:30:00-04:00,25.83989906311035,25.94029998779297,25.81999969482422,25.81999969482422,1283,0.0,0.0
2023-07-06 13:30:00-04:00,25.829999923706055,25.91990089416504,25.799999237060547,25.799999237060547,2090,0.0,0.0
2023-07-06 14:30:00-04:00,25.799999237060547,26.149900436401367,25.799999237060547,25.809999465942383,1020,0.0,0.0
2023-07-06 15:30:00-04:00,25.940000534057617,25.940000534057617,25.81999969482422,25.81999969482422,331,0.0,0.0
2023-07-07 09:30:00-04:00,26.0,26.200000762939453,25.886999130249023,26.030000686645508,0,0.0,0.0
2023-07-07 11:30:00-04:00,26.107999801635742,26.107999801635742,26.023000717163086,26.06570053100586,2434,0.0,0.0
2023-07-07 12:30:00-04:00,26.09670066833496,26.139999389648438,26.09000015258789,26.1299991607666,1706,0.0,0.0
2023-07-07 13:30:00-04:00,26.09000015258789,26.18000030517578,26.0,26.18000030517578,2467,0.0,0.0
2023-07-07 14:30:00-04:00,26.149999618530273,26.149999618530273,26.059999465942383,26.09830093383789,1630,0.0,0.0
2023-07-07 15:30:00-04:00,26.059999465942383,26.100000381469727,26.059999465942383,26.079999923706055,830,0.0,0.0
2023-07-10 09:30:00-04:00,25.979999542236328,26.229999542236328,25.979999542236328,26.229999542236328,0,0.0,0.0
2023-07-10 10:30:00-04:00,26.170000076293945,26.200000762939453,26.110599517822266,26.110599517822266,2365,0.0,0.0
2023-07-10 11:30:00-04:00,26.229999542236328,26.229999542236328,26.100000381469727,26.100000381469727,631,0.0,0.0
2023-07-10 12:30:00-04:00,26.190000534057617,26.190000534057617,26.162399291992188,26.162399291992188,1474,0.0,0.0
2023-07-10 13:30:00-04:00,26.139999389648438,26.18000030517578,25.899999618530273,26.15999984741211,6152,0.0,0.0
2023-07-10 14:30:00-04:00,26.09000015258789,26.219999313354492,26.09000015258789,26.15999984741211,4202,0.0,0.0
2023-07-10 15:30:00-04:00,26.15999984741211,26.209999084472656,26.100000381469727,26.1200008392334,0,0.0,0.0
2023-07-11 09:30:00-04:00,26.200000762939453,26.200000762939453,26.048599243164062,26.048599243164062,505,0.0,0.0
2023-07-11 10:30:00-04:00,26.100000381469727,26.200000762939453,26.059999465942383,26.139999389648438,4003,0.0,0.0
2023-07-11 11:30:00-04:00,26.100000381469727,26.100000381469727,26.100000381469727,26.100000381469727,1215,0.0,0.0
2023-07-11 13:30:00-04:00,26.104999542236328,26.13990020751953,26.08530044555664,26.104999542236328,3150,0.0,0.0
2023-07-11 14:30:00-04:00,26.097999572753906,26.100000381469727,26.089799880981445,26.089799880981445,2176,0.0,0.0
2023-07-11 15:30:00-04:00,26.100000381469727,26.170000076293945,26.100000381469727,26.154499053955078,2706,0.0,0.0
2023-07-12 09:30:00-04:00,26.110000610351562,26.11009979248047,26.100000381469727,26.11009979248047,0,0.0,0.0
2023-07-12 10:30:00-04:00,26.1299991607666,26.15999984741211,26.100000381469727,26.1299991607666,4881,0.0,0.0
2023-07-12 11:30:00-04:00,26.1299991607666,26.15999984741211,26.020000457763672,26.020000457763672,3069,0.0,0.0
2023-07-12 13:30:00-04:00,26.149999618530273,26.158899307250977,26.149999618530273,26.158899307250977,832,0.0,0.0
2023-07-12 14:30:00-04:00,26.1299991607666,26.1299991607666,26.040000915527344,26.040000915527344,3008,0.0,0.0
2023-07-12 15:30:00-04:00,26.059999465942383,26.170000076293945,26.059999465942383,26.170000076293945,1973,0.0,0.0
2023-07-13 09:30:00-04:00,25.959999084472656,26.05500030517578,25.959999084472656,26.05500030517578,1139,0.0,0.0
2023-07-13 11:30:00-04:00,26.1299991607666,26.1299991607666,25.93000030517578,26.04490089416504,2826,0.0,0.0
2023-07-13 12:30:00-04:00,26.0,26.170000076293945,25.93000030517578,26.100000381469727,0,0.0,0.0
2023-07-13 13:30:00-04:00,26.135000228881836,26.170000076293945,26.100099563598633,26.100099563598633,11006,0.0,0.0
2023-07-13 14:30:00-04:00,26.160900115966797,26.229999542236328,26.100000381469727,26.149999618530273,5588,0.0,0.0
2023-07-13 15:30:00-04:00,26.1200008392334,26.200000762939453,26.1200008392334,26.170000076293945,1504,0.0,0.0
2023-07-14 09:30:00-04:00,26.09000015258789,26.09000015258789,26.09000015258789,26.09000015258789,0,0.0,0.0
2023-07-14 10:30:00-04:00,26.09000015258789,26.139999389648438,26.09000015258789,26.139999389648438,628,0.0,0.0
2023-07-14 11:30:00-04:00,26.172100067138672,26.172100067138672,26.049999237060547,26.157699584960938,3354,0.0,0.0
2023-07-14 12:30:00-04:00,26.149999618530273,26.15999984741211,26.094999313354492,26.094999313354492,1162,0.0,0.0
2023-07-14 13:30:00-04:00,26.094999313354492,26.1200008392334,26.049999237060547,26.049999237060547,2998,0.0,0.0
2023-07-14 14:30:00-04:00,26.040000915527344,26.100000381469727,25.989999771118164,25.990100860595703,1654,0.0,0.0
2023-07-14 15:30:00-04:00,26.041000366210938,26.041900634765625,25.979999542236328,26.0,1099,0.0,0.0
2023-07-17 09:30:00-04:00,26.0,26.06999969482422,25.979999542236328,26.0,0,0.0,0.0
2023-07-17 10:30:00-04:00,25.989999771118164,26.014999389648438,25.979999542236328,26.0,2806,0.0,0.0
2023-07-17 11:30:00-04:00,25.979999542236328,26.010000228881836,25.799999237060547,25.882400512695312,4964,0.0,0.0
2023-07-17 12:30:00-04:00,25.899999618530273,25.93000030517578,25.84000015258789,25.84000015258789,4697,0.0,0.0
2023-07-17 13:30:00-04:00,25.860000610351562,25.860000610351562,25.799999237060547,25.850000381469727,7361,0.0,0.0
2023-07-17 14:30:00-04:00,25.889999389648438,25.90999984741211,25.889999389648438,25.90999984741211,704,0.0,0.0
2023-07-17 15:30:00-04:00,25.90999984741211,25.93000030517578,25.90999984741211,25.93000030517578,0,0.0,0.0
2023-07-18 10:30:00-04:00,25.950000762939453,25.979999542236328,25.90999984741211,25.979999542236328,3708,0.0,0.0
2023-07-18 11:30:00-04:00,26.0093994140625,26.040000915527344,26.0,26.0,1792,0.0,0.0
2023-07-18 12:30:00-04:00,25.992000579833984,26.040000915527344,25.920000076293945,25.920000076293945,1803,0.0,0.0
2023-07-18 13:30:00-04:00,25.965200424194336,26.057600021362305,25.899999618530273,26.057600021362305,1226,0.0,0.0
2023-07-18 14:30:00-04:00,26.0,26.0,25.961999893188477,25.971900939941406,803,0.0,0.0
2023-07-18 15:30:00-04:00,26.039499282836914,26.168699264526367,26.039499282836914,26.1200008392334,4667,0.0,0.0
2023-07-19 09:30:00-04:00,26.100000381469727,26.100000381469727,25.979999542236328,26.011199951171875,0,0.0,0.0
2023-07-19 10:30:00-04:00,26.06999969482422,26.082399368286133,25.990100860595703,26.049999237060547,1683,0.0,0.0
2023-07-19 11:30:00-04:00,26.024799346923828,26.049999237060547,26.022499084472656,26.049999237060547,4237,0.0,0.0
2023-07-19 12:30:00-04:00,26.05500030517578,26.100000381469727,26.049999237060547,26.100000381469727,3730,0.0,0.0
2023-07-19 13:30:00-04:00,26.100000381469727,26.159900665283203,26.079999923706055,26.100000381469727,1716,0.0,0.0
2023-07-19 14:30:00-04:00,26.06999969482422,26.06999969482422,26.0,26.0,2252,0.0,0.0
2023-07-19 15:30:00-04:00,26.024999618530273,26.024999618530273,25.969999313354492,25.989999771118164,1773,0.0,0.0
2023-07-20 09:30:00-04:00,26.030000686645508,26.079999923706055,25.950000762939453,25.950000762939453,0,0.0,0.0
2023-07-20 10:30:00-04:00,25.809999465942383,26.127300262451172,25.799999237060547,25.969999313354492,6465,0.0,0.0
2023-07-20 11:30:00-04:00,25.81999969482422,25.81999969482422,25.81999969482422,25.81999969482422,661,0.0,0.0
2023-07-20 12:30:00-04:00,25.81999969482422,26.13990020751953,25.809999465942383,26.100000381469727,3996,0.0,0.0
2023-07-20 13:30:00-04:00,26.0,26.139999389648438,26.0,26.139999389648438,480,0.0,0.0
2023-07-20 14:30:00-04:00,25.97010040283203,26.000099182128906,25.97010040283203,26.000099182128906,556,0.0,0.0
2023-07-20 15:30:00-04:00,26.0,26.100000381469727,25.889999389648438,25.889999389648438,2924,0.0,0.0
2023-07-21 09:30:00-04:00,25.979999542236328,26.129899978637695,25.86319923400879,25.86319923400879,0,0.0,0.0
2023-07-21 10:30:00-04:00,26.060400009155273,26.060400009155273,25.985000610351562,25.985000610351562,1424,0.0,0.0
2023-07-21 11:30:00-04:00,26.054899215698242,26.065000534057617,25.880300521850586,25.96419906616211,3012,0.0,0.0
2023-07-21 12:30:00-04:00,25.854900360107422,25.854900360107422,25.850000381469727,25.850000381469727,738,0.0,0.0
2023-07-21 14:30:00-04:00,25.97949981689453,26.050500869750977,25.97949981689453,26.040000915527344,2328,0.0,0.0
2023-07-21 15:30:00-04:00,26.0,26.100000381469727,26.0,26.040000915527344,798,0.0,0.0
2023-07-24 09:30:00-04:00,26.079999923706055,26.1200008392334,26.079999923706055,26.100000381469727,0,0.0,0.0
2023-07-24 10:30:00-04:00,26.1299991607666,26.149999618530273,26.100000381469727,26.115699768066406,6857,0.0,0.0
2023-07-24 11:30:00-04:00,26.100000381469727,26.100000381469727,26.024999618530273,26.024999618530273,6180,0.0,0.0
2023-07-24 12:30:00-04:00,26.084999084472656,26.084999084472656,26.020000457763672,26.020000457763672,2192,0.0,0.0
2023-07-24 13:30:00-04:00,26.132600784301758,26.132600784301758,26.132600784301758,26.132600784301758,404,0.0,0.0
2023-07-24 14:30:00-04:00,26.09000015258789,26.099899291992188,26.030000686645508,26.04360008239746,3154,0.0,0.0
2023-07-24 15:30:00-04:00,26.076400756835938,26.076400756835938,26.020000457763672,26.020000457763672,450,0.0,0.0
2023-07-25 09:30:00-04:00,26.020000457763672,26.020000457763672,26.020000457763672,26.020000457763672,0,0.0,0.0
2023-07-25 10:30:00-04:00,26.06999969482422,26.100000381469727,26.049999237060547,26.049999237060547,3350,0.0,0.0
2023-07-25 11:30:00-04:00,26.137800216674805,26.137800216674805,26.049999237060547,26.057100296020508,2488,0.0,0.0
2023-07-25 12:30:00-04:00,26.110599517822266,26.137800216674805,26.110599517822266,26.137800216674805,7630,0.0,0.0
2023-07-25 13:30:00-04:00,26.1200008392334,26.149999618530273,26.06999969482422,26.149999618530273,2637,0.0,0.0
2023-07-25 14:30:00-04:00,26.149999618530273,26.149999618530273,26.06999969482422,26.100000381469727,3801,0.0,0.0
2023-07-25 15:30:00-04:00,26.13990020751953,26.13990020751953,26.09000015258789,26.09000015258789,0,0.0,0.0
2023-07-26 09:30:00-04:00,26.1299991607666,26.139999389648438,26.100000381469727,26.100000381469727,1566,0.0,0.0
2023-07-26 10:30:00-04:00,26.109500885009766,26.1200008392334,26.05139923095703,26.1200008392334,1089,0.0,0.0
2023-07-26 11:30:00-04:00,26.139999389648438,26.25,26.139999389648438,26.238000869750977,3914,0.0,0.0
2023-07-26 12:30:00-04:00,26.229999542236328,26.239999771118164,26.200000762939453,26.200000762939453,3249,0.0,0.0
2023-07-26 13:30:00-04:00,26.219999313354492,26.219999313354492,26.17919921875,26.17919921875,1098,0.0,0.0
2023-07-26 14:30:00-04:00,26.18000030517578,26.25,26.0935001373291,26.229999542236328,7281,0.0,0.0
2023-07-26 15:30:00-04:00,26.239999771118164,26.239999771118164,26.172399520874023,26.172399520874023,2352,0.0,0.0
2023-07-27 09:30:00-04:00,26.1200008392334,26.249799728393555,26.1200008392334,26.209999084472656,0,0.0,0.0
2023-07-27 10:30:00-04:00,26.209999084472656,26.209999084472656,26.190000534057617,26.209999084472656,992,0.0,0.0
2023-07-27 11:30:00-04:00,26.20989990234375,26.209999084472656,26.190000534057617,26.190000534057617,4499,0.0,0.0
2023-07-27 12:30:00-04:00,26.209999084472656,26.209999084472656,26.149999618530273,26.149999618530273,586,0.0,0.0
2023-07-27 13:30:00-04:00,26.149999618530273,26.149999618530273,26.046600341796875,26.052900314331055,2832,0.0,0.0
2023-07-27 14:30:00-04:00,26.040000915527344,26.1299991607666,26.0310001373291,26.074399948120117,1614,0.0,0.0
2023-07-27 15:30:00-04:00,26.04949951171875,26.04949951171875,26.04010009765625,26.04010009765625,567,0.0,0.0
2023-07-28 09:30:00-04:00,26.049999237060547,26.05500030517578,26.0,26.0,0,0.0,0.0
2023-07-28 10:30:00-04:00,25.959999084472656,25.989999771118164,25.860000610351562,25.979999542236328,2966,0.0,0.0
2023-07-28 11:30:00-04:00,25.940000534057617,25.95199966430664,25.8799991607666,25.8799991607666,2677,0.0,0.0
2023-07-28 12:30:00-04:00,25.979900360107422,25.979999542236328,25.889999389648438,25.889999389648438,13784,0.0,0.0
2023-07-28 13:30:00-04:00,25.899999618530273,25.915000915527344,25.8799991607666,25.889999389648438,3543,0.0,0.0
2023-07-28 14:30:00-04:00,25.889999389648438,25.90999984741211,25.8799991607666,25.899999618530273,2302,0.0,0.0
2023-07-28 15:30:00-04:00,25.93000030517578,25.93000030517578,25.8700008392334,25.899999618530273,1360,0.0,0.0
2023-07-31 09:30:00-04:00,25.969999313354492,26.0,25.950000762939453,26.0,0,0.0,0.0
2023-07-31 10:30:00-04:00,26.0,26.0,25.971200942993164,26.0,3942,0.0,0.0
2023-07-31 11:30:00-04:00,25.979999542236328,26.010000228881836,25.969999313354492,26.0,12062,0.0,0.0
2023-07-31 12:30:00-04:00,26.059999465942383,26.059999465942383,26.059999465942383,26.059999465942383,140,0.0,0.0
2023-07-31 13:30:00-04:00,26.040000915527344,26.049999237060547,26.035400390625,26.035400390625,1071,0.0,0.0
2023-07-31 14:30:00-04:00,26.0,26.09000015258789,26.0,26.079999923706055,1529,0.0,0.0
2023-07-31 15:30:00-04:00,26.079999923706055,26.200000762939453,26.079999923706055,26.200000762939453,2904,0.0,0.0
2023-08-01 09:30:00-04:00,26.059999465942383,26.079999923706055,26.049999237060547,26.049999237060547,816,0.0,0.0
2023-08-01 10:30:00-04:00,26.25,26.25,25.984100341796875,26.014999389648438,3609,0.0,0.0
2023-08-01 11:30:00-04:00,26.135000228881836,26.135000228881836,25.969999313354492,26.09000015258789,11673,0.0,0.0
2023-08-01 12:30:00-04:00,26.09000015258789,26.09000015258789,25.948400497436523,25.948400497436523,2242,0.0,0.0
2023-08-01 13:30:00-04:00,26.090200424194336,26.090200424194336,26.0,26.0,2050,0.0,0.0
2023-08-01 14:30:00-04:00,26.045000076293945,26.045000076293945,25.979999542236328,26.020000457763672,2994,0.0,0.0
2023-08-01 15:30:00-04:00,25.94260025024414,26.0,25.94260025024414,26.0,1596,0.0,0.0
2023-08-02 09:30:00-04:00,25.989999771118164,25.989999771118164,25.920000076293945,25.920000076293945,0,0.0,0.0
2023-08-02 10:30:00-04:00,25.989999771118164,25.989999771118164,25.950000762939453,25.950000762939453,2229,0.0,0.0
2023-08-02 11:30:00-04:00,25.93000030517578,26.04360008239746,25.929899215698242,26.04360008239746,3465,0.0,0.0
2023-08-02 12:30:00-04:00,26.010000228881836,26.051599502563477,26.0,26.0,904,0.0,0.0
2023-08-02 13:30:00-04:00,26.03499984741211,26.044099807739258,26.0,26.044099807739258,616,0.0,0.0
2023-08-02 14:30:00-04:00,26.05030059814453,26.05030059814453,26.040000915527344,26.040000915527344,516,0.0,0.0
2023-08-02 15:30:00-04:00,26.06999969482422,26.06999969482422,26.06999969482422,26.06999969482422,0,0.0,0.0
2023-08-03 09:30:00-04:00,26.010000228881836,26.010000228881836,25.899999618530273,25.950000762939453,1129,0.0,0.0
2023-08-03 10:30:00-04:00,25.905000686645508,25.979900360107422,25.905000686645508,25.979900360107422,10887,0.0,0.0
2023-08-03 11:30:00-04:00,25.950000762939453,26.03190040588379,25.899900436401367,25.899999618530273,34200,0.0,0.0
2023-08-03 12:30:00-04:00,25.860000610351562,25.899999618530273,25.860000610351562,25.889999389648438,1446,0.0,0.0
2023-08-03 13:30:00-04:00,25.875,25.875,25.85059928894043,25.875,1618,0.0,0.0
2023-08-03 14:30:00-04:00,25.889999389648438,25.899999618530273,25.889999389648438,25.899999618530273,671,0.0,0.0
2023-08-03 15:30:00-04:00,25.899900436401367,25.899999618530273,25.860000610351562,25.875,3968,0.0,0.0
2023-08-04 09:30:00-04:00,25.90999984741211,25.96500015258789,25.84000015258789,25.8700008392334,0,0.0,0.0
2023-08-04 10:30:00-04:00,25.860000610351562,25.983699798583984,25.84000015258789,25.875900268554688,6869,0.0,0.0
2023-08-04 11:30:00-04:00,25.860000610351562,25.968000411987305,25.850000381469727,25.889999389648438,5102,0.0,0.0
2023-08-04 12:30:00-04:00,25.889999389648438,25.90999984741211,25.8700008392334,25.8700008392334,6513,0.0,0.0
2023-08-04 13:30:00-04:00,25.87700080871582,25.925800323486328,25.87700080871582,25.899999618530273,2242,0.0,0.0
2023-08-04 14:30:00-04:00,25.899999618530273,25.940000534057617,25.8700008392334,25.940000534057617,2228,0.0,0.0
2023-08-04 15:30:00-04:00,25.899999618530273,25.899999618530273,25.860000610351562,25.860000610351562,861,0.0,0.0
2023-08-07 09:30:00-04:00,25.93000030517578,25.985000610351562,25.8700008392334,25.98200035095215,0,0.0,0.0
2023-08-07 10:30:00-04:00,25.889999389648438,25.950000762939453,25.850000381469727,25.8799991607666,3039,0.0,0.0
2023-08-07 11:30:00-04:00,25.884199142456055,26.08810043334961,25.884199142456055,25.920000076293945,2564,0.0,0.0
2023-08-07 12:30:00-04:00,25.920000076293945,25.920000076293945,25.920000076293945,25.920000076293945,1589,0.0,0.0
2023-08-07 13:30:00-04:00,25.8700008392334,25.891300201416016,25.860000610351562,25.860000610351562,3281,0.0,0.0
2023-08-07 14:30:00-04:00,25.8700008392334,25.913400650024414,25.850000381469727,25.850000381469727,2986,0.0,0.0
2023-08-07 15:30:00-04:00,25.861600875854492,25.861600875854492,25.84000015258789,25.84000015258789,2401,0.0,0.0
2023-08-08 09:30:00-04:00,25.850000381469727,25.975000381469727,25.850000381469727,25.975000381469727,0,0.0,0.0
2023-08-08 10:30:00-04:00,25.934999465942383,25.934999465942383,25.899999618530273,25.899999618530273,529,0.0,0.0
2023-08-08 11:30:00-04:00,25.959999084472656,25.959999084472656,25.86009979248047,25.940000534057617,10356,0.0,0.0
2023-08-08 12:30:00-04:00,25.934999465942383,25.959999084472656,25.899999618530273,25.920000076293945,3515,0.0,0.0
2023-08-08 13:30:00-04:00,25.959999084472656,26.0,25.87929916381836,25.88170051574707,1673,0.0,0.0
2023-08-08 14:30:00-04:00,25.920000076293945,25.93000030517578,25.84000015258789,25.84000015258789,8209,0.0,0.0
2023-08-08 15:30:00-04:00,25.8700008392334,25.885000228881836,25.84000015258789,25.84000015258789,927,0.0,0.0
2023-08-09 09:30:00-04:00,25.860000610351562,25.860000610351562,25.860000610351562,25.860000610351562,0,0.0,0.0
2023-08-09 10:30:00-04:00,25.860000610351562,25.8700008392334,25.84000015258789,25.8700008392334,1580,0.0,0.0
2023-08-09 11:30:00-04:00,25.87820053100586,25.927400588989258,25.854299545288086,25.854299545288086,4101,0.0,0.0
2023-08-09 12:30:00-04:00,25.864999771118164,25.864999771118164,25.864999771118164,25.864999771118164,577,0.0,0.0
2023-08-09 13:30:00-04:00,25.850000381469727,25.850000381469727,25.850000381469727,25.850000381469727,653,0.0,0.0
2023-08-09 14:30:00-04:00,25.8700008392334,25.889999389648438,25.860000610351562,25.889999389648438,1437,0.0,0.0
2023-08-09 15:30:00-04:00,25.860000610351562,25.892799377441406,25.850000381469727,25.8700008392334,1169,0.0,0.0
2023-08-10 09:30:00-04:00,25.93000030517578,26.024999618530273,25.93000030517578,26.024999618530273,0,0.0,0.0
2023-08-10 10:30:00-04:00,25.9950008392334,25.9950008392334,25.850000381469727,25.924999237060547,1009,0.0,0.0
2023-08-10 11:30:00-04:00,25.8700008392334,25.9950008392334,25.850000381469727,25.860000610351562,4477,0.0,0.0
2023-08-10 12:30:00-04:00,25.9950008392334,25.9950008392334,25.899999618530273,25.899999618530273,750,0.0,0.0
2023-08-10 13:30:00-04:00,25.899999618530273,25.95989990234375,25.899999618530273,25.93000030517578,2189,0.0,0.0
2023-08-10 14:30:00-04:00,25.959999084472656,25.959999084472656,25.93000030517578,25.93000030517578,427,0.0,0.0
2023-08-10 15:30:00-04:00,25.985000610351562,25.989900588989258,25.8799991607666,25.8799991607666,811,0.0,0.0
2023-08-11 09:30:00-04:00,25.860000610351562,25.920000076293945,25.860000610351562,25.920000076293945,0,0.0,0.0
2023-08-11 10:30:00-04:00,25.8799991607666,25.94499969482422,25.8799991607666,25.940000534057617,1297,0.0,0.0
2023-08-11 11:30:00-04:00,25.940000534057617,25.979999542236328,25.88010025024414,25.959199905395508,1890,0.0,0.0
2023-08-11 12:30:00-04:00,25.979999542236328,25.989999771118164,25.904699325561523,25.904699325561523,1619,0.0,0.0
2023-08-11 13:30:00-04:00,25.986000061035156,26.03619956970215,25.91010093688965,25.920000076293945,1386,0.0,0.0
2023-08-11 14:30:00-04:00,25.940000534057617,25.985000610351562,25.940000534057617,25.960500717163086,885,0.0,0.0
2023-08-11 15:30:00-04:00,25.950000762939453,26.039899826049805,25.899999618530273,25.969999313354492,605,0.0,0.0
2023-08-14 09:30:00-04:00,26.030000686645508,26.1299991607666,25.8700008392334,26.1299991607666,0,0.0,0.0
2023-08-14 10:30:00-04:00,25.889999389648438,25.90999984741211,25.87299919128418,25.87299919128418,723,0.0,0.0
2023-08-14 11:30:00-04:00,25.934999465942383,26.0,25.934999465942383,26.0,2305,0.0,0.0
2023-08-14 13:30:00-04:00,25.989999771118164,26.087900161743164,25.966899871826172,25.966899871826172,2660,0.0,0.0
2023-08-14 14:30:00-04:00,26.030000686645508,26.030000686645508,26.027799606323242,26.027799606323242,894,0.0,0.0
2023-08-14 15:30:00-04:00,26.020000457763672,26.09000015258789,26.020000457763672,26.09000015258789,470,0.0,0.0
2023-08-15 09:30:00-04:00,26.059999465942383,26.059999465942383,26.059999465942383,26.059999465942383,0,0.0,0.0
2023-08-15 10:30:00-04:00,26.088199615478516,26.088199615478516,26.010000228881836,26.010000228881836,1409,0.0,0.0
2023-08-15 11:30:00-04:00,26.079999923706055,26.079999923706055,26.069900512695312,26.069900512695312,1780,0.0,0.0
2023-08-15 12:30:00-04:00,26.0,26.06170082092285,26.0,26.06170082092285,802,0.0,0.0
2023-08-15 13:30:00-04:00,26.0,26.0,26.0,26.0,414,0.0,0.0
2023-08-15 14:30:00-04:00,26.06999969482422,26.06999969482422,26.020999908447266,26.020999908447266,2195,0.0,0.0
2023-08-15 15:30:00-04:00,26.079999923706055,26.089500427246094,26.040000915527344,26.040000915527344,0,0.0,0.0
2023-08-16 09:30:00-04:00,25.969999313354492,26.09239959716797,25.969999313354492,26.09239959716797,1990,0.0,0.0
2023-08-16 10:30:00-04:00,26.041099548339844,26.041099548339844,26.010000228881836,26.010000228881836,637,0.0,0.0
2023-08-16 11:30:00-04:00,26.049999237060547,26.049999237060547,26.0,26.0,1924,0.0,0.0
2023-08-16 12:30:00-04:00,25.93000030517578,25.979999542236328,25.93000030517578,25.94499969482422,2989,0.0,0.0
2023-08-16 13:30:00-04:00,25.93000030517578,25.93000030517578,25.93000030517578,25.93000030517578,1411,0.0,0.0
2023-08-16 14:30:00-04:00,25.969999313354492,25.969999313354492,25.920000076293945,25.920000076293945,1340,0.0,0.0
2023-08-16 15:30:00-04:00,25.989999771118164,25.989999771118164,25.989999771118164,25.989999771118164,138,0.0,0.0
2023-08-17 09:30:00-04:00,25.8799991607666,25.93000030517578,25.8799991607666,25.899999618530273,4205,0.0,0.0
2023-08-17 10:30:00-04:00,25.920000076293945,25.940000534057617,25.8799991607666,25.93000030517578,1884,0.0,0.0
2023-08-17 11:30:00-04:00,25.90999984741211,25.924400329589844,25.889999389648438,25.899999618530273,2721,0.0,0.0
2023-08-17 12:30:00-04:00,25.899999618530273,25.899999618530273,25.899999618530273,25.899999618530273,568,0.0,0.0
2023-08-17 13:30:00-04:00,25.899999618530273,25.93429946899414,25.899999618530273,25.899999618530273,1344,0.0,0.0
2023-08-17 14:30:00-04:00,25.90999984741211,25.934999465942383,25.8799991607666,25.934999465942383,3468,0.0,0.0
2023-08-17 15:30:00-04:00,25.899999618530273,26.040000915527344,25.8799991607666,25.90999984741211,0,0.0,0.0
2023-08-18 09:30:00-04:00,25.90999984741211,25.954999923706055,25.90999984741211,25.90999984741211,1017,0.0,0.0
2023-08-18 10:30:00-04:00,25.920000076293945,25.975000381469727,25.90999984741211,25.950000762939453,6323,0.0,0.0
2023-08-18 11:30:00-04:00,25.90999984741211,25.975000381469727,25.899999618530273,25.949899673461914,5739,0.0,0.0
2023-08-18 12:30:00-04:00,25.969999313354492,25.98539924621582,25.969999313354492,25.98539924621582,763,0.0,0.0
2023-08-18 13:30:00-04:00,25.98419952392578,26.049999237060547,25.972999572753906,26.013099670410156,3462,0.0,0.0
2023-08-18 14:30:00-04:00,26.010000228881836,26.010000228881836,26.010000228881836,26.010000228881836,1461,0.0,0.0
2023-08-18 15:30:00-04:00,25.959999084472656,25.959999084472656,25.959999084472656,25.959999084472656,100,0.0,0.0
2023-08-21 09:30:00-04:00,26.040000915527344,26.040000915527344,25.975900650024414,25.975900650024414,0,0.0,0.0
2023-08-21 10:30:00-04:00,26.0,26.012300491333008,25.959999084472656,25.989999771118164,1155,0.0,0.0
2023-08-21 11:30:00-04:00,25.958900451660156,26.020000457763672,25.958900451660156,25.967300415039062,2449,0.0,0.0
2023-08-21 12:30:00-04:00,26.016199111938477,26.016199111938477,25.979999542236328,25.979999542236328,2056,0.0,0.0
2023-08-21 13:30:00-04:00,25.99020004272461,26.020000457763672,25.989999771118164,26.020000457763672,840,0.0,0.0
2023-08-21 14:30:00-04:00,25.989999771118164,26.010000228881836,25.989999771118164,26.005599975585938,2477,0.0,0.0
2023-08-21 15:30:00-04:00,25.989999771118164,26.0,25.979999542236328,26.0,1769,0.0,0.0
2023-08-22 09:30:00-04:00,25.989999771118164,26.0,25.989999771118164,25.998699188232422,0,0.0,0.0
2023-08-22 12:30:00-04:00,25.98259925842285,25.98259925842285,25.98259925842285,25.98259925842285,658,0.0,0.0
2023-08-22 14:30:00-04:00,26.040000915527344,26.040000915527344,25.969999313354492,25.97010040283203,2034,0.0,0.0
2023-08-22 15:30:00-04:00,25.964399337768555,26.040000915527344,25.964399337768555,26.020000457763672,2132,0.0,0.0
2023-08-23 09:30:00-04:00,26.040000915527344,26.040000915527344,26.040000915527344,26.040000915527344,0,0.0,0.0
2023-08-23 10:30:00-04:00,26.039899826049805,26.039899826049805,25.989999771118164,25.989999771118164,1862,0.0,0.0
2023-08-23 11:30:00-04:00,26.02389907836914,26.030000686645508,26.0,26.0,873,0.0,0.0
2023-08-23 12:30:00-04:00,26.014999389648438,26.014999389648438,25.979999542236328,25.979999542236328,4274,0.0,0.0
2023-08-23 13:30:00-04:00,25.967100143432617,25.989999771118164,25.959999084472656,25.989999771118164,1238,0.0,0.0
2023-08-23 14:30:00-04:00,25.989999771118164,26.0,25.970199584960938,25.970199584960938,1386,0.0,0.0
2023-08-23 15:30:00-04:00,25.980100631713867,25.980100631713867,25.950000762939453,25.979999542236328,1835,0.0,0.0
2023-08-24 09:30:00-04:00,25.989999771118164,26.014999389648438,25.850000381469727,26.014999389648438,0,0.0,0.0
2023-08-24 10:30:00-04:00,26.012500762939453,26.012500762939453,25.931100845336914,26.003000259399414,1813,0.0,0.0
2023-08-24 11:30:00-04:00,25.966800689697266,25.966800689697266,25.88010025024414,25.88010025024414,3741,0.0,0.0
2023-08-24 13:30:00-04:00,25.88010025024414,25.978599548339844,25.88010025024414,25.978599548339844,1208,0.0,0.0
2023-08-24 14:30:00-04:00,25.9414005279541,25.9414005279541,25.9414005279541,25.9414005279541,494,0.0,0.0
2023-08-24 15:30:00-04:00,25.95330047607422,25.95330047607422,25.899999618530273,25.899999618530273,0,0.0,0.0
2023-08-25 09:30:00-04:00,25.920000076293945,25.920000076293945,25.889999389648438,25.903400421142578,1638,0.0,0.0
2023-08-25 10:30:00-04:00,25.889999389648438,25.94499969482422,25.889999389648438,25.94499969482422,1319,0.0,0.0
2023-08-25 11:30:00-04:00,25.961999893188477,25.974700927734375,25.961999893188477,25.974700927734375,668,0.0,0.0
2023-08-25 12:30:00-04:00,25.96500015258789,25.96500015258789,25.950000762939453,25.96150016784668,1103,0.0,0.0
2023-08-25 13:30:00-04:00,25.94499969482422,25.96500015258789,25.920000076293945,25.96500015258789,3162,0.0,0.0
2023-08-25 14:30:00-04:00,25.989500045776367,25.989500045776367,25.989500045776367,25.989500045776367,610,0.0,0.0
2023-08-25 15:30:00-04:00,25.920000076293945,25.989999771118164,25.90999984741211,25.90999984741211,1281,0.0,0.0
2023-08-28 09:30:00-04:00,25.959999084472656,25.959999084472656,25.959999084472656,25.959999084472656,0,0.0,0.0
2023-08-28 10:30:00-04:00,25.959999084472656,25.969999313354492,25.959999084472656,25.969999313354492,1141,0.0,0.0
2023-08-28 12:30:00-04:00,25.950000762939453,25.950000762939453,25.950000762939453,25.950000762939453,579,0.0,0.0
2023-08-28 13:30:00-04:00,26.0,26.030000686645508,25.989999771118164,26.0,2213,0.0,0.0
2023-08-28 14:30:00-04:00,26.014999389648438,26.020000457763672,26.0,26.010099411010742,1291,0.0,0.0
2023-08-28 15:30:00-04:00,26.030000686645508,26.030000686645508,26.010000228881836,26.010000228881836,1178,0.0,0.0
2023-08-29 09:30:00-04:00,25.920000076293945,26.0,25.920000076293945,26.0,0,0.0,0.0
2023-08-29 10:30:00-04:00,26.030000686645508,26.09000015258789,26.020000457763672,26.020000457763672,2181,0.0,0.0
2023-08-29 11:30:00-04:00,26.010099411010742,26.037599563598633,26.010099411010742,26.019800186157227,1154,0.0,0.0
2023-08-29 12:30:00-04:00,26.049999237060547,26.049999237060547,26.010000228881836,26.010000228881836,813,0.0,0.0
2023-08-29 13:30:00-04:00,26.079999923706055,26.079999923706055,26.020000457763672,26.04560089111328,2146,0.0,0.0
2023-08-29 15:30:00-04:00,26.040000915527344,26.049999237060547,26.0,26.0,0,0.0,0.0
2023-08-30 09:30:00-04:00,26.08989906311035,26.08989906311035,25.950000762939453,26.023399353027344,4023,0.0,0.0
2023-08-30 10:30:00-04:00,25.950000762939453,26.049999237060547,25.950000762939453,26.049999237060547,1965,0.0,0.0
2023-08-30 11:30:00-04:00,26.050199508666992,26.06999969482422,26.050199508666992,26.06999969482422,376,0.0,0.0
2023-08-30 12:30:00-04:00,26.09000015258789,26.100000381469727,26.059999465942383,26.100000381469727,2076,0.0,0.0
2023-08-30 13:30:00-04:00,26.05739974975586,26.05739974975586,26.05739974975586,26.05739974975586,600,0.0,0.0
2023-08-30 14:30:00-04:00,26.050100326538086,26.09000015258789,26.049999237060547,26.09000015258789,6980,0.0,0.0
2023-08-30 15:30:00-04:00,26.083599090576172,26.1200008392334,26.083599090576172,26.1200008392334,0,0.0,0.0
2023-08-31 09:30:00-04:00,26.110000610351562,26.125,26.110000610351562,26.125,1500,0.0,0.0
2023-08-31 10:30:00-04:00,26.149999618530273,26.190000534057617,26.079999923706055,26.190000534057617,3196,0.0,0.0
2023-08-31 11:30:00-04:00,26.170000076293945,26.38330078125,26.170000076293945,26.213899612426758,7791,0.0,0.0
2023-08-31 12:30:00-04:00,26.3700008392334,26.3799991607666,26.265600204467773,26.3700008392334,3504,0.0,0.0
2023-08-31 13:30:00-04:00,26.3700008392334,26.3700008392334,26.30500030517578,26.34000015258789,6531,0.0,0.0
2023-08-31 14:30:00-04:00,26.344999313354492,26.360000610351562,26.280000686645508,26.280000686645508,5385,0.0,0.0
2023-08-31 15:30:00-04:00,26.264999389648438,26.40999984741211,26.06999969482422,26.31999969482422,7655,0.0,0.0
2023-09-01 09:30:00-04:00,26.200000762939453,26.200000762939453,26.100000381469727,26.199899673461914,622,0.0,0.0
2023-09-01 10:30:00-04:00,26.125200271606445,26.165800094604492,26.11669921875,26.165800094604492,490,0.0,0.0
2023-09-01 11:30:00-04:00,26.132699966430664,26.140499114990234,26.132699966430664,26.140499114990234,1061,0.0,0.0
2023-09-01 12:30:00-04:00,26.18000030517578,26.18000030517578,26.15839958190918,26.15839958190918,1520,0.0,0.0
2023-09-01 13:30:00-04:00,26.129600524902344,26.145000457763672,26.1200008392334,26.145000457763672,1071,0.0,0.0
2023-09-01 14:30:00-04:00,26.12019920349121,26.170000076293945,26.12019920349121,26.167200088500977,1799,0.0,0.0
2023-09-01 15:30:00-04:00,26.167200088500977,26.200000762939453,26.145000457763672,26.200000762939453,2446,0.0,0.0
2023-09-05 09:30:00-04:00,26.110000610351562,26.110000610351562,26.110000610351562,26.110000610351562,0,0.0,0.0
2023-09-05 10:30:00-04:00,26.18000030517578,26.200000762939453,26.17449951171875,26.18000030517578,1421,0.0,0.0
2023-09-05 11:30:00-04:00,26.118499755859375,26.118499755859375,26.118499755859375,26.118499755859375,418,0.0,0.0
2023-09-05 12:30:00-04:00,26.200000762939453,26.200000762939453,26.120100021362305,26.120100021362305,417,0.0,0.0
2023-09-05 13:30:00-04:00,26.155000686645508,26.155000686645508,26.11009979248047,26.11009979248047,1855,0.0,0.0
2023-09-05 14:30:00-04:00,26.156099319458008,26.199899673461914,26.149999618530273,26.149999618530273,2126,0.0,0.0
2023-09-05 15:30:00-04:00,26.18000030517578,26.200000762939453,26.15999984741211,26.200000762939453,0,0.0,0.0
2023-09-06 09:30:00-04:00,26.1200008392334,26.236499786376953,26.1200008392334,26.232799530029297,7628,0.0,0.0
2023-09-06 10:30:00-04:00,26.170000076293945,26.170000076293945,26.170000076293945,26.170000076293945,623,0.0,0.0
2023-09-06 11:30:00-04:00,26.20949935913086,26.260000228881836,26.20949935913086,26.239999771118164,2067,0.0,0.0
2023-09-06 12:30:00-04:00,26.259899139404297,26.259899139404297,26.239999771118164,26.25550079345703,963,0.0,0.0
2023-09-06 13:30:00-04:00,26.229999542236328,26.239999771118164,26.209999084472656,26.219999313354492,2711,0.0,0.0
2023-09-06 14:30:00-04:00,26.219999313354492,26.25,26.010000228881836,26.030000686645508,21468,0.0,0.0
2023-09-06 15:30:00-04:00,26.030000686645508,26.049999237060547,25.959999084472656,25.9950008392334,23980,0.0,0.0
2023-09-07 09:30:00-04:00,25.989999771118164,25.989999771118164,25.959999084472656,25.959999084472656,3268,0.0,0.0
2023-09-07 10:30:00-04:00,25.950000762939453,25.969999313354492,25.849899291992188,25.8700008392334,4770,0.0,0.0
2023-09-07 11:30:00-04:00,25.889999389648438,25.969999313354492,25.780000686645508,25.81999969482422,12839,0.0,0.0
2023-09-07 12:30:00-04:00,25.809999465942383,25.809999465942383,25.709999084472656,25.741199493408203,8658,0.0,0.0
2023-09-07 13:30:00-04:00,25.71500015258789,25.799999237060547,25.69969940185547,25.770000457763672,13681,0.0,0.0
2023-09-07 14:30:00-04:00,25.760000228881836,25.799999237060547,25.649999618530273,25.670000076293945,16389,0.0,0.0
2023-09-07 15:30:00-04:00,25.690000534057617,25.76799964904785,25.6299991607666,25.68000030517578,0,0.0,0.0
2023-09-08 09:30:00-04:00,25.75,25.950000762939453,25.690000534057617,25.770000457763672,7278,0.0,0.0
2023-09-08 10:30:00-04:00,25.799999237060547,25.875,25.770000457763672,25.770000457763672,6118,0.0,0.0
2023-09-08 11:30:00-04:00,25.770000457763672,25.795000076293945,25.690000534057617,25.690000534057617,29035,0.0,0.0
2023-09-08 12:30:00-04:00,25.690000534057617,25.709999084472656,25.639999389648438,25.639999389648438,5954,0.0,0.0
2023-09-08 13:30:00-04:00,25.639999389648438,25.729999542236328,25.639999389648438,25.65999984741211,2910,0.0,0.0
2023-09-08 14:30:00-04:00,25.670000076293945,25.7549991607666,25.65999984741211,25.7549991607666,12264,0.0,0.0
2023-09-08 15:30:00-04:00,25.729999542236328,25.799999237060547,25.719999313354492,25.719999313354492,18253,0.0,0.0
2023-09-11 09:30:00-04:00,25.790000915527344,25.920000076293945,25.760000228881836,25.760000228881836,0,0.0,0.0
2023-09-11 10:30:00-04:00,25.850000381469727,25.899999618530273,25.81999969482422,25.8799991607666,2454,0.0,0.0
2023-09-11 11:30:00-04:00,25.861000061035156,25.920000076293945,25.809999465942383,25.858699798583984,3577,0.0,0.0
2023-09-11 12:30:00-04:00,25.850000381469727,25.90999984741211,25.81999969482422,25.81999969482422,731,0.0,0.0
2023-09-11 13:30:00-04:00,25.850000381469727,25.854999542236328,25.809999465942383,25.854999542236328,1153,0.0,0.0
2023-09-11 14:30:00-04:00,25.870500564575195,25.870500564575195,25.809999465942383,25.809999465942383,2736,0.0,0.0
2023-09-11 15:30:00-04:00,25.799999237060547,25.90999984741211,25.799999237060547,25.860000610351562,2953,0.0,0.0
2023-09-12 09:30:00-04:00,25.770000457763672,25.940000534057617,25.770000457763672,25.940000534057617,0,0.0,0.0
2023-09-12 10:30:00-04:00,25.860000610351562,25.950000762939453,25.81999969482422,25.950000762939453,5735,0.0,0.0
2023-09-12 11:30:00-04:00,25.889999389648438,25.959999084472656,25.885000228881836,25.940000534057617,2416,0.0,0.0
2023-09-12 12:30:00-04:00,26.099899291992188,26.099899291992188,25.950000762939453,25.950000762939453,932,0.0,0.0
2023-09-12 13:30:00-04:00,25.950000762939453,26.010000228881836,25.920000076293945,25.933700561523438,5720,0.0,0.0
2023-09-12 14:30:00-04:00,25.90999984741211,26.15999984741211,25.899999618530273,25.899999618530273,3667,0.0,0.0
2023-09-12 15:30:00-04:00,26.010000228881836,26.018600463867188,25.957000732421875,26.0,2696,0.0,0.0
2023-09-13 09:30:00-04:00,25.90999984741211,26.049999237060547,25.899999618530273,25.9606990814209,1843,0.0,0.0
2023-09-13 10:30:00-04:00,26.0,26.0,25.998699188232422,25.998699188232422,1119,0.0,0.0
2023-09-13 11:30:00-04:00,26.010000228881836,26.010000228881836,26.0,26.010000228881836,1648,0.0,0.0
2023-09-13 12:30:00-04:00,25.966400146484375,26.0049991607666,25.950000762939453,25.959999084472656,1523,0.0,0.0
2023-09-13 13:30:00-04:00,26.0049991607666,26.0049991607666,25.950000762939453,25.950000762939453,1938,0.0,0.0
2023-09-13 14:30:00-04:00,25.979999542236328,26.0,25.899999618530273,26.0,1942,0.0,0.0
2023-09-13 15:30:00-04:00,25.93000030517578,25.969999313354492,25.899999618530273,25.899999618530273,0,0.0,0.0
2023-09-14 09:30:00-04:00,25.94070053100586,25.950000762939453,25.904499053955078,25.92009925842285,1593,0.0,0.0
2023-09-14 10:30:00-04:00,25.93000030517578,25.989999771118164,25.920000076293945,25.950000762939453,3049,0.0,0.0
2023-09-14 11:30:00-04:00,25.97599983215332,26.049999237060547,25.920000076293945,26.003000259399414,2765,0.0,0.0
2023-09-14 12:30:00-04:00,26.03499984741211,26.03499984741211,26.010000228881836,26.010000228881836,880,0.0,0.0
2023-09-14 13:30:00-04:00,26.049999237060547,26.059999465942383,25.941999435424805,25.941999435424805,3345,0.0,0.0
2023-09-14 14:30:00-04:00,26.032100677490234,26.032100677490234,25.959999084472656,25.99020004272461,5283,0.0,0.0
2023-09-14 15:30:00-04:00,26.008800506591797,26.008800506591797,25.959999084472656,25.959999084472656,2083,0.0,0.0
2023-09-15 09:30:00-04:00,25.56999969482422,25.692899703979492,25.56999969482422,25.6299991607666,0,0.0,0.0
2023-09-15 10:30:00-04:00,25.65999984741211,25.68000030517578,25.6200008392334,25.6200008392334,3027,0.0,0.0
2023-09-15 11:30:00-04:00,25.6299991607666,25.68000030517578,25.618000030517578,25.68000030517578,1221,0.0,0.0
2023-09-15 12:30:00-04:00,25.59239959716797,25.69499969482422,25.59239959716797,25.690000534057617,3572,0.0,0.0
2023-09-15 13:30:00-04:00,25.690000534057617,25.75,25.675199508666992,25.709999084472656,3460,0.0,0.0
2023-09-15 14:30:00-04:00,25.70009994506836,25.729999542236328,25.70009994506836,25.729999542236328,1036,0.0,0.0
2023-09-15 15:30:00-04:00,25.780000686645508,25.8700008392334,25.780000686645508,25.8700008392334,5534,0.0,0.0
2023-09-18 09:30:00-04:00,25.75,25.75,25.700000762939453,25.739999771118164,0,0.0,0.0
2023-09-18 10:30:00-04:00,25.780000686645508,25.860000610351562,25.780000686645508,25.78019905090332,2256,0.0,0.0
2023-09-18 11:30:00-04:00,25.8700008392334,25.8700008392334,25.709999084472656,25.802900314331055,2877,0.0,0.0
2023-09-18 12:30:00-04:00,25.881099700927734,25.881099700927734,25.881099700927734,25.881099700927734,862,0.0,0.0
2023-09-18 13:30:00-04:00,25.844999313354492,25.899999618530273,25.799999237060547,25.849300384521484,7610,0.0,0.0
2023-09-18 14:30:00-04:00,25.8700008392334,25.889999389648438,25.8700008392334,25.8799991607666,1201,0.0,0.0
2023-09-18 15:30:00-04:00,25.8799991607666,25.8799991607666,25.81999969482422,25.8700008392334,1603,0.0,0.0
2023-09-19 10:30:00-04:00,25.850000381469727,25.875,25.832799911499023,25.832799911499023,1563,0.0,0.0
2023-09-19 11:30:00-04:00,25.860000610351562,25.899999618530273,25.84000015258789,25.8700008392334,3136,0.0,0.0
2023-09-19 12:30:00-04:00,25.860000610351562,25.889999389648438,25.860000610351562,25.8799991607666,1353,0.0,0.0
2023-09-19 13:30:00-04:00,25.864500045776367,25.899999618530273,25.850000381469727,25.850000381469727,3122,0.0,0.0
2023-09-19 14:30:00-04:00,25.850000381469727,25.850000381469727,25.81999969482422,25.850000381469727,1965,0.0,0.0
2023-09-19 15:30:00-04:00,25.844999313354492,25.8700008392334,25.820100784301758,25.8700008392334,1539,0.0,0.0
2023-09-20 09:30:00-04:00,25.829999923706055,25.969999313354492,25.829999923706055,25.854999542236328,1633,0.0,0.0
2023-09-20 10:30:00-04:00,25.868900299072266,25.899999618530273,25.729999542236328,25.899999618530273,3955,0.0,0.0
2023-09-20 11:30:00-04:00,25.700000762939453,25.8789005279541,25.700000762939453,25.8789005279541,8099,0.0,0.0
2023-09-20 12:30:00-04:00,25.75,25.75,25.719999313354492,25.72010040283203,2711,0.0,0.0
2023-09-20 13:30:00-04:00,25.719999313354492,25.72170066833496,25.690000534057617,25.72170066833496,1438,0.0,0.0
2023-09-20 14:30:00-04:00,25.709999084472656,25.719999313354492,25.709999084472656,25.709999084472656,1929,0.0,0.0
2023-09-20 15:30:00-04:00,25.74530029296875,25.780000686645508,25.65999984741211,25.65999984741211,2477,0.0,0.0
2023-09-21 09:30:00-04:00,25.59000015258789,25.727399826049805,25.479999542236328,25.645000457763672,9133,0.0,0.0
2023-09-21 10:30:00-04:00,25.559999465942383,25.65519905090332,25.559999465942383,25.610000610351562,2562,0.0,0.0
2023-09-21 11:30:00-04:00,25.58880043029785,25.670000076293945,25.58880043029785,25.649999618530273,26544,0.0,0.0
2023-09-21 12:30:00-04:00,25.6200008392334,25.649999618530273,25.610200881958008,25.610200881958008,735,0.0,0.0
2023-09-21 13:30:00-04:00,25.65999984741211,25.65999984741211,25.610000610351562,25.613500595092773,2851,0.0,0.0
2023-09-21 14:30:00-04:00,25.64859962463379,25.649999618530273,25.610000610351562,25.610000610351562,5629,0.0,0.0
2023-09-21 15:30:00-04:00,25.600000381469727,25.6200008392334,25.600000381469727,25.600000381469727,6327,0.0,0.0
2023-09-22 09:30:00-04:00,25.770000457763672,25.770000457763672,25.600000381469727,25.709999084472656,9537,0.0,0.0
2023-09-22 10:30:00-04:00,25.698999404907227,25.698999404907227,25.649999618530273,25.649999618530273,1392,0.0,0.0
2023-09-22 11:30:00-04:00,25.703899383544922,25.74489974975586,25.65999984741211,25.739999771118164,3467,0.0,0.0
2023-09-22 12:30:00-04:00,25.770000457763672,25.810800552368164,25.75,25.75,687,0.0,0.0
2023-09-22 13:30:00-04:00,25.750200271606445,25.75029945373535,25.690000534057617,25.690000534057617,2464,0.0,0.0
2023-09-22 14:30:00-04:00,25.68000030517578,25.70989990234375,25.670000076293945,25.670000076293945,3387,0.0,0.0
2023-09-22 15:30:00-04:00,25.67020034790039,25.67020034790039,25.600000381469727,25.600000381469727,3204,0.0,0.0
2023-09-25 09:30:00-04:00,25.729999542236328,25.729999542236328,25.600000381469727,25.610000610351562,0,0.0,0.0
2023-09-25 10:30:00-04:00,25.65999984741211,25.678800582885742,25.649999618530273,25.665000915527344,4758,0.0,0.0
2023-09-25 11:30:00-04:00,25.672100067138672,25.672399520874023,25.610000610351562,25.6200008392334,3498,0.0,0.0
2023-09-25 12:30:00-04:00,25.631500244140625,25.63990020751953,25.600099563598633,25.600099563598633,3754,0.0,0.0
2023-09-25 13:30:00-04:00,25.6200008392334,25.6200008392334,25.619600296020508,25.619600296020508,1258,0.0,0.0
2023-09-25 14:30:00-04:00,25.6200008392334,25.62350082397461,25.489999771118164,25.524999618530273,10351,0.0,0.0
2023-09-25 15:30:00-04:00,25.469999313354492,25.579999923706055,25.420000076293945,25.579999923706055,0,0.0,0.0
2023-09-26 09:30:00-04:00,25.5049991607666,25.58989906311035,25.5049991607666,25.58989906311035,1744,0.0,0.0
2023-09-26 10:30:00-04:00,25.639999389648438,25.639999389648438,25.479999542236328,25.479999542236328,1937,0.0,0.0
2023-09-26 11:30:00-04:00,25.655799865722656,25.655799865722656,25.479999542236328,25.565000534057617,1122,0.0,0.0
2023-09-26 12:30:00-04:00,25.5,25.572399139404297,25.469999313354492,25.5,11907,0.0,0.0
2023-09-26 13:30:00-04:00,25.459999084472656,25.620800018310547,25.399999618530273,25.542999267578125,7785,0.0,0.0
2023-09-26 14:30:00-04:00,25.5,25.59819984436035,25.450000762939453,25.55500030517578,5463,0.0,0.0
2023-09-26 15:30:00-04:00,25.5,25.67639923095703,25.469999313354492,25.469999313354492,4523,0.0,0.0
2023-09-27 09:30:00-04:00,25.579999923706055,25.700000762939453,25.3799991607666,25.440000534057617,0,0.0,0.0
2023-09-27 10:30:00-04:00,25.460100173950195,25.549999237060547,25.460100173950195,25.485000610351562,4285,0.0,0.0
2023-09-27 11:30:00-04:00,25.579999923706055,25.579999923706055,25.399999618530273,25.40999984741211,9998,0.0,0.0
2023-09-27 12:30:00-04:00,25.420000076293945,25.45050048828125,25.3799991607666,25.3799991607666,7968,0.0,0.0
2023-09-27 13:30:00-04:00,25.364999771118164,25.459999084472656,25.309999465942383,25.43000030517578,10904,0.0,0.0
2023-09-27 14:30:00-04:00,25.450000762939453,25.5049991607666,25.415700912475586,25.5049991607666,3566,0.0,0.0
2023-09-27 15:30:00-04:00,25.489999771118164,25.549999237060547,25.40999984741211,25.549999237060547,6181,0.0,0.0
2023-09-28 09:30:00-04:00,25.5,25.54319953918457,25.43000030517578,25.530000686645508,2710,0.0,0.0
2023-09-28 10:30:00-04:00,25.549999237060547,25.549999237060547,25.549999237060547,25.549999237060547,964,0.0,0.0
2023-09-28 11:30:00-04:00,25.649999618530273,25.668699264526367,25.514999389648438,25.56999969482422,4577,0.0,0.0
2023-09-28 12:30:00-04:00,25.59000015258789,25.71500015258789,25.420000076293945,25.709999084472656,27073,0.0,0.0
2023-09-28 13:30:00-04:00,25.674800872802734,25.761499404907227,25.65060043334961,25.68000030517578,3780,0.0,0.0
2023-09-28 14:30:00-04:00,25.670000076293945,25.709999084472656,25.670000076293945,25.704999923706055,5641,0.0,0.0
2023-09-28 15:30:00-04:00,25.709999084472656,25.709999084472656,25.670000076293945,25.670000076293945,5662,0.0,0.0
2023-09-29 09:30:00-04:00,25.709999084472656,25.809999465942383,25.709999084472656,25.737300872802734,2759,0.0,0.0
2023-09-29 10:30:00-04:00,25.81999969482422,25.81999969482422,25.709999084472656,25.719999313354492,12847,0.0,0.0
2023-09-29 11:30:00-04:00,25.719999313354492,25.780000686645508,25.70009994506836,25.739999771118164,1702,0.0,0.0
2023-09-29 12:30:00-04:00,25.719999313354492,25.75,25.670000076293945,25.75,4563,0.0,0.0
2023-09-29 13:30:00-04:00,25.695899963378906,25.75,25.610000610351562,25.65999984741211,4806,0.0,0.0
2023-09-29 14:30:00-04:00,25.610000610351562,25.690000534057617,25.610000610351562,25.6200008392334,6903,0.0,0.0
2023-09-29 15:30:00-04:00,25.699899673461914,25.699899673461914,25.239999771118164,25.354999542236328,43510,0.0,0.0
2023-10-02 09:30:00-04:00,25.43000030517578,25.749900817871094,25.299999237060547,25.609699249267578,32655,0.0,0.0
2023-10-02 10:30:00-04:00,25.454999923706055,25.559999465942383,25.350000381469727,25.43000030517578,2006,0.0,0.0
2023-10-02 11:30:00-04:00,25.350000381469727,25.459999084472656,25.350000381469727,25.459999084472656,2748,0.0,0.0
2023-10-02 12:30:00-04:00,25.350000381469727,25.40999984741211,25.299999237060547,25.3799991607666,6742,0.0,0.0
2023-10-02 13:30:00-04:00,25.605199813842773,25.605199813842773,25.31999969482422,25.31999969482422,6463,0.0,0.0
2023-10-02 14:30:00-04:00,25.299999237060547,25.371000289916992,25.280000686645508,25.318899154663086,4646,0.0,0.0
2023-10-02 15:30:00-04:00,25.302000045776367,25.34000015258789,25.290000915527344,25.309999465942383,4066,0.0,0.0
2023-10-03 09:30:00-04:00,25.299999237060547,25.395299911499023,25.094999313354492,25.190000534057617,0,0.0,0.0
2023-10-03 10:30:00-04:00,25.18000030517578,25.256900787353516,24.954999923706055,25.040700912475586,22410,0.0,0.0
2023-10-03 11:30:00-04:00,25.049999237060547,25.191099166870117,25.049999237060547,25.100000381469727,8979,0.0,0.0
2023-10-03 12:30:00-04:00,25.1200008392334,25.286800384521484,25.06999969482422,25.099700927734375,8204,0.0,0.0
2023-10-03 13:30:00-04:00,25.100000381469727,25.129899978637695,25.0,25.016700744628906,12425,0.0,0.0
2023-10-03 14:30:00-04:00,25.01919937133789,25.145000457763672,25.010000228881836,25.145000457763672,8894,0.0,0.0
2023-10-03 15:30:00-04:00,25.145000457763672,25.155000686645508,25.040000915527344,25.040000915527344,4483,0.0,0.0
2023-10-04 09:30:00-04:00,25.149999618530273,25.395000457763672,25.149999618530273,25.149999618530273,0,0.0,0.0
2023-10-04 10:30:00-04:00,25.149999618530273,25.239999771118164,25.110000610351562,25.239999771118164,6016,0.0,0.0
2023-10-04 11:30:00-04:00,25.299999237060547,25.34000015258789,25.15999984741211,25.221099853515625,5249,0.0,0.0
2023-10-04 12:30:00-04:00,25.18000030517578,25.229999542236328,25.18000030517578,25.190000534057617,1152,0.0,0.0
2023-10-04 13:30:00-04:00,25.18000030517578,25.18000030517578,25.049999237060547,25.09000015258789,12388,0.0,0.0
2023-10-04 14:30:00-04:00,25.104999542236328,25.190000534057617,25.09869956970215,25.190000534057617,3114,0.0,0.0
2023-10-04 15:30:00-04:00,25.147499084472656,25.190000534057617,25.100000381469727,25.18000030517578,4876,0.0,0.0
2023-10-05 09:30:00-04:00,25.15999984741211,25.16860008239746,25.15999984741211,25.16860008239746,1555,0.0,0.0
2023-10-05 10:30:00-04:00,25.100000381469727,25.200000762939453,25.100000381469727,25.190000534057617,2553,0.0,0.0
2023-10-05 11:30:00-04:00,25.100000381469727,25.165199279785156,25.100000381469727,25.15999984741211,5932,0.0,0.0
2023-10-05 12:30:00-04:00,25.110000610351562,25.1299991607666,25.100000381469727,25.1299991607666,1845,0.0,0.0
2023-10-05 13:30:00-04:00,25.16069984436035,25.16069984436035,25.110000610351562,25.149999618530273,7824,0.0,0.0
2023-10-05 14:30:00-04:00,25.1466007232666,25.172399520874023,25.100000381469727,25.100000381469727,12258,0.0,0.0
2023-10-05 15:30:00-04:00,25.149999618530273,25.149999618530273,25.100000381469727,25.1200008392334,2568,0.0,0.0
2023-10-06 09:30:00-04:00,25.09000015258789,25.125,25.040000915527344,25.09000015258789,9038,0.0,0.0
2023-10-06 10:30:00-04:00,25.170000076293945,25.170000076293945,25.059999465942383,25.1200008392334,3396,0.0,0.0
2023-10-06 11:30:00-04:00,25.18000030517578,25.270000457763672,25.18000030517578,25.219999313354492,12065,0.0,0.0
2023-10-06 12:30:00-04:00,25.25,25.25,25.209999084472656,25.25,699,0.0,0.0
2023-10-06 13:30:00-04:00,25.219999313354492,25.219999313354492,25.18000030517578,25.190000534057617,3526,0.0,0.0
2023-10-06 14:30:00-04:00,25.190000534057617,25.194799423217773,25.100000381469727,25.100000381469727,17440,0.0,0.0
2023-10-06 15:30:00-04:00,25.100000381469727,25.100000381469727,25.049999237060547,25.049999237060547,8719,0.0,0.0
2023-10-09 09:30:00-04:00,25.100000381469727,25.229999542236328,25.100000381469727,25.190000534057617,5737,0.0,0.0
2023-10-09 10:30:00-04:00,25.190000534057617,25.190000534057617,25.162799835205078,25.162799835205078,1377,0.0,0.0
2023-10-09 11:30:00-04:00,25.200000762939453,25.229999542236328,25.18000030517578,25.190000534057617,2295,0.0,0.0
2023-10-09 12:30:00-04:00,25.190000534057617,25.208999633789062,25.18000030517578,25.190000534057617,1335,0.0,0.0
2023-10-09 13:30:00-04:00,25.18000030517578,25.329999923706055,25.18000030517578,25.30389976501465,8047,0.0,0.0
2023-10-09 14:30:00-04:00,25.25,25.25,25.200000762939453,25.229999542236328,2039,0.0,0.0
2023-10-09 15:30:00-04:00,25.229999542236328,25.229999542236328,25.18000030517578,25.18000030517578,1536,0.0,0.0
2023-10-10 09:30:00-04:00,25.229999542236328,25.359699249267578,25.229999542236328,25.280000686645508,1933,0.0,0.0
2023-10-10 10:30:00-04:00,25.270000457763672,25.280000686645508,25.219999313354492,25.219999313354492,1996,0.0,0.0
2023-10-10 11:30:00-04:00,25.360000610351562,25.360000610351562,25.28350067138672,25.28350067138672,4360,0.0,0.0
2023-10-10 12:30:00-04:00,25.28380012512207,25.399999618530273,25.28380012512207,25.365699768066406,8324,0.0,0.0
2023-10-10 13:30:00-04:00,25.375,25.399999618530273,25.354000091552734,25.3799991607666,2004,0.0,0.0
2023-10-10 14:30:00-04:00,25.334999084472656,25.3700008392334,25.334999084472656,25.34000015258789,1022,0.0,0.0
2023-10-10 15:30:00-04:00,25.311800003051758,25.3700008392334,25.311800003051758,25.360000610351562,1848,0.0,0.0
2023-10-11 09:30:00-04:00,25.360000610351562,25.549999237060547,25.32550048828125,25.40999984741211,1951,0.0,0.0
2023-10-11 10:30:00-04:00,25.40369987487793,25.43000030517578,25.40369987487793,25.43000030517578,1324,0.0,0.0
2023-10-11 11:30:00-04:00,25.479999542236328,25.489999771118164,25.3700008392334,25.3700008392334,3148,0.0,0.0
2023-10-11 12:30:00-04:00,25.3700008392334,25.40999984741211,25.299999237060547,25.299999237060547,2018,0.0,0.0
2023-10-11 13:30:00-04:00,25.32990074157715,25.329999923706055,25.260000228881836,25.329999923706055,1091,0.0,0.0
2023-10-11 14:30:00-04:00,25.340499877929688,25.340499877929688,25.329999923706055,25.329999923706055,536,0.0,0.0
2023-10-11 15:30:00-04:00,25.350500106811523,25.389999389648438,25.34000015258789,25.389999389648438,31753,0.0,0.0
2023-10-12 10:30:00-04:00,25.34000015258789,25.399999618530273,25.31999969482422,25.325599670410156,6085,0.0,0.0
2023-10-12 11:30:00-04:00,25.33009910583496,25.37380027770996,25.149999618530273,25.37380027770996,7237,0.0,0.0
2023-10-12 12:30:00-04:00,25.274999618530273,25.274999618530273,25.19700050354004,25.19700050354004,2050,0.0,0.0
2023-10-12 13:30:00-04:00,25.235000610351562,25.25,25.1200008392334,25.1200008392334,6533,0.0,0.0
2023-10-12 14:30:00-04:00,25.151899337768555,25.229999542236328,25.15019989013672,25.229999542236328,1010,0.0,0.0
2023-10-12 15:30:00-04:00,25.15999984741211,25.21940040588379,25.149999618530273,25.149999618530273,3295,0.0,0.0
2023-10-13 09:30:00-04:00,25.190000534057617,25.219999313354492,25.190000534057617,25.219999313354492,0,0.0,0.0
2023-10-13 10:30:00-04:00,25.31719970703125,25.36520004272461,25.190000534057617,25.25,968,0.0,0.0
2023-10-13 11:30:00-04:00,25.398099899291992,25.457599639892578,25.299999237060547,25.299999237060547,2795,0.0,0.0
2023-10-13 12:30:00-04:00,25.3700008392334,25.439899444580078,25.149999618530273,25.149999618530273,2736,0.0,0.0
2023-10-13 13:30:00-04:00,25.149999618530273,25.155000686645508,25.100000381469727,25.110000610351562,6596,0.0,0.0
2023-10-13 14:30:00-04:00,25.1299991607666,25.270000457763672,25.110000610351562,25.1299991607666,6819,0.0,0.0
2023-10-13 15:30:00-04:00,25.299999237060547,25.309999465942383,25.139999389648438,25.15999984741211,2420,0.0,0.0
2023-10-16 09:30:00-04:00,25.229999542236328,25.229999542236328,25.15999984741211,25.190000534057617,0,0.0,0.0
2023-10-16 10:30:00-04:00,25.359699249267578,25.359699249267578,25.23200035095215,25.23200035095215,2224,0.0,0.0
2023-10-16 11:30:00-04:00,25.209999084472656,25.209999084472656,25.182600021362305,25.182600021362305,1549,0.0,0.0
2023-10-16 12:30:00-04:00,25.188899993896484,25.188899993896484,25.149999618530273,25.170000076293945,2219,0.0,0.0
2023-10-16 13:30:00-04:00,25.260000228881836,25.260000228881836,25.049999237060547,25.204700469970703,21450,0.0,0.0
2023-10-16 14:30:00-04:00,25.209999084472656,25.209999084472656,25.15999984741211,25.15999984741211,1957,0.0,0.0
2023-10-16 15:30:00-04:00,25.15999984741211,25.204999923706055,25.15049934387207,25.204999923706055,4130,0.0,0.0
2023-10-17 09:30:00-04:00,25.149999618530273,25.200000762939453,25.100000381469727,25.170000076293945,0,0.0,0.0
2023-10-17 10:30:00-04:00,25.149999618530273,25.174999237060547,25.149999618530273,25.170000076293945,809,0.0,0.0
2023-10-17 11:30:00-04:00,25.165000915527344,25.219999313354492,25.165000915527344,25.200000762939453,2485,0.0,0.0
2023-10-17 12:30:00-04:00,25.18000030517578,25.18000030517578,25.100000381469727,25.100000381469727,4183,0.0,0.0
2023-10-17 13:30:00-04:00,25.1200008392334,25.125,25.049999237060547,25.124300003051758,10037,0.0,0.0
2023-10-17 14:30:00-04:00,25.169099807739258,25.169099807739258,25.097299575805664,25.097299575805664,914,0.0,0.0
2023-10-17 15:30:00-04:00,25.08009910583496,25.09000015258789,25.059999465942383,25.06999969482422,1927,0.0,0.0
2023-10-18 09:30:00-04:00,25.059999465942383,25.13599967956543,25.059999465942383,25.13599967956543,0,0.0,0.0
2023-10-18 10:30:00-04:00,25.149999618530273,25.149999618530273,25.078800201416016,25.078800201416016,3971,0.0,0.0
2023-10-18 11:30:00-04:00,25.115999221801758,25.15999984741211,25.090299606323242,25.1200008392334,2753,0.0,0.0
2023-10-18 12:30:00-04:00,25.079999923706055,25.125,25.06999969482422,25.125,3794,0.0,0.0
2023-10-18 13:30:00-04:00,25.09000015258789,25.100000381469727,25.030000686645508,25.060100555419922,11647,0.0,0.0
2023-10-18 14:30:00-04:00,25.084999084472656,25.084999084472656,25.030000686645508,25.03499984741211,9282,0.0,0.0
2023-10-18 15:30:00-04:00,25.020000457763672,25.049999237060547,25.020000457763672,25.028499603271484,4475,0.0,0.0
2023-10-19 09:30:00-04:00,25.06999969482422,25.319900512695312,25.059999465942383,25.156400680541992,4756,0.0,0.0
2023-10-19 10:30:00-04:00,25.100000381469727,25.181299209594727,25.100000381469727,25.170000076293945,2224,0.0,0.0
2023-10-19 11:30:00-04:00,25.204299926757812,25.20490074157715,25.174999237060547,25.199199676513672,0,0.0,0.0
2023-10-19 12:30:00-04:00,25.110000610351562,25.190000534057617,25.059999465942383,25.139999389648438,11281,0.0,0.0
2023-10-19 13:30:00-04:00,25.170000076293945,25.200000762939453,25.14590072631836,25.161500930786133,2917,0.0,0.0
2023-10-19 14:30:00-04:00,25.149999618530273,25.170000076293945,25.1200008392334,25.135000228881836,9745,0.0,0.0
2023-10-19 15:30:00-04:00,25.149999618530273,25.149999618530273,25.059999465942383,25.068599700927734,4353,0.0,0.0
2023-10-20 09:30:00-04:00,25.06999969482422,25.100000381469727,25.059999465942383,25.059999465942383,0,0.0,0.0
2023-10-20 10:30:00-04:00,25.236799240112305,25.236799240112305,25.125,25.125,2097,0.0,0.0
2023-10-20 11:30:00-04:00,25.149999618530273,25.204999923706055,25.1200008392334,25.19499969482422,2505,0.0,0.0
2023-10-20 12:30:00-04:00,25.155000686645508,25.16990089416504,25.149999618530273,25.149999618530273,1727,0.0,0.0
2023-10-20 13:30:00-04:00,25.150100708007812,25.150100708007812,25.100000381469727,25.100000381469727,6195,0.0,0.0
2023-10-20 14:30:00-04:00,25.1200008392334,25.139999389648438,25.1200008392334,25.139999389648438,1300,0.0,0.0
2023-10-20 15:30:00-04:00,25.1200008392334,25.1200008392334,25.100000381469727,25.100000381469727,3513,0.0,0.0
2023-10-23 09:30:00-04:00,25.1299991607666,25.139999389648438,25.1299991607666,25.139999389648438,0,0.0,0.0
2023-10-23 10:30:00-04:00,25.190000534057617,25.219999313354492,25.13010025024414,25.21500015258789,6384,0.0,0.0
2023-10-23 11:30:00-04:00,25.1968994140625,25.25,25.15999984741211,25.18000030517578,4488,0.0,0.0
2023-10-23 12:30:00-04:00,25.18000030517578,25.199899673461914,25.149999618530273,25.186599731445312,5705,0.0,0.0
2023-10-23 13:30:00-04:00,25.165000915527344,25.229999542236328,25.165000915527344,25.200000762939453,4514,0.0,0.0
2023-10-23 14:30:00-04:00,25.209999084472656,25.239999771118164,25.15999984741211,25.219999313354492,3055,0.0,0.0
2023-10-23 15:30:00-04:00,25.219999313354492,25.2362003326416,25.170000076293945,25.200000762939453,3080,0.0,0.0
2023-10-24 09:30:00-04:00,25.15999984741211,25.270000457763672,25.15999984741211,25.215299606323242,0,0.0,0.0
2023-10-24 10:30:00-04:00,25.239999771118164,25.27680015563965,25.239999771118164,25.27680015563965,3061,0.0,0.0
2023-10-24 11:30:00-04:00,25.25,25.299999237060547,25.25,25.298900604248047,3669,0.0,0.0
2023-10-24 12:30:00-04:00,25.309900283813477,25.329999923706055,25.309900283813477,25.329999923706055,707,0.0,0.0
2023-10-24 13:30:00-04:00,25.3700008392334,25.3700008392334,25.270000457763672,25.315000534057617,3117,0.0,0.0
2023-10-24 14:30:00-04:00,25.27039909362793,25.323999404907227,25.25,25.299999237060547,4540,0.0,0.0
2023-10-24 15:30:00-04:00,25.305999755859375,25.329999923706055,25.25,25.25,2247,0.0,0.0
2023-10-25 09:30:00-04:00,25.309999465942383,25.309999465942383,25.295000076293945,25.295000076293945,0,0.0,0.0
2023-10-25 10:30:00-04:00,25.250099182128906,25.290000915527344,25.250099182128906,25.282699584960938,1031,0.0,0.0
2023-10-25 11:30:00-04:00,25.283700942993164,25.329999923706055,25.250099182128906,25.28499984741211,5448,0.0,0.0
2023-10-25 12:30:00-04:00,25.25,25.31999969482422,25.25,25.31999969482422,4287,0.0,0.0
2023-10-25 13:30:00-04:00,25.239999771118164,25.25,25.219999313354492,25.25,1979,0.0,0.0
2023-10-25 14:30:00-04:00,25.239900588989258,25.239999771118164,25.149999618530273,25.18000030517578,4483,0.0,0.0
2023-10-25 15:30:00-04:00,25.149999618530273,25.169200897216797,25.100000381469727,25.110000610351562,1504,0.0,0.0
2023-10-26 09:30:00-04:00,25.100000381469727,25.219999313354492,25.100000381469727,25.110000610351562,0,0.0,0.0
2023-10-26 10:30:00-04:00,25.121299743652344,25.159000396728516,25.1200008392334,25.134599685668945,4550,0.0,0.0
2023-10-26 11:30:00-04:00,25.1299991607666,25.18000030517578,25.079999923706055,25.100000381469727,10522,0.0,0.0
2023-10-26 12:30:00-04:00,25.100000381469727,25.149999618530273,25.100000381469727,25.135000228881836,2542,0.0,0.0
2023-10-26 13:30:00-04:00,25.135000228881836,25.190399169921875,25.135000228881836,25.190399169921875,1543,0.0,0.0
2023-10-26 14:30:00-04:00,25.270000457763672,25.270000457763672,25.100000381469727,25.100000381469727,1870,0.0,0.0
2023-10-26 15:30:00-04:00,25.110000610351562,25.219999313354492,25.110000610351562,25.110000610351562,2318,0.0,0.0
2023-10-27 09:30:00-04:00,25.1200008392334,25.25,25.1200008392334,25.25,0,0.0,0.0
2023-10-27 10:30:00-04:00,25.299999237060547,25.350000381469727,25.070100784301758,25.350000381469727,2450,0.0,0.0
2023-10-27 11:30:00-04:00,25.20210075378418,25.295799255371094,25.20210075378418,25.258399963378906,3055,0.0,0.0
2023-10-27 12:30:00-04:00,25.191999435424805,25.2947998046875,25.15999984741211,25.15999984741211,1813,0.0,0.0
2023-10-27 13:30:00-04:00,25.235000610351562,25.305099487304688,25.235000610351562,25.239999771118164,1337,0.0,0.0
2023-10-27 14:30:00-04:00,25.21500015258789,25.260000228881836,25.200000762939453,25.20009994506836,9552,0.0,0.0
2023-10-27 15:30:00-04:00,25.200000762939453,25.280000686645508,25.19499969482422,25.229999542236328,3701,0.0,0.0
2023-10-30 09:30:00-04:00,25.18000030517578,25.359899520874023,25.18000030517578,25.200000762939453,0,0.0,0.0
2023-10-30 10:30:00-04:00,25.33139991760254,25.33139991760254,25.209999084472656,25.210100173950195,2569,0.0,0.0
2023-10-30 11:30:00-04:00,25.299999237060547,25.299999237060547,25.210899353027344,25.248300552368164,7544,0.0,0.0
2023-10-30 12:30:00-04:00,25.209999084472656,25.229999542236328,25.209999084472656,25.229999542236328,1397,0.0,0.0
2023-10-30 13:30:00-04:00,25.244800567626953,25.244800567626953,25.225099563598633,25.225099563598633,679,0.0,0.0
2023-10-30 14:30:00-04:00,25.25,25.25,25.1299991607666,25.170400619506836,8030,0.0,0.0
2023-10-30 15:30:00-04:00,25.184999465942383,25.25,25.184999465942383,25.229999542236328,5981,0.0,0.0
2023-10-31 09:30:00-04:00,25.239999771118164,25.289899826049805,25.1200008392334,25.289899826049805,0,0.0,0.0
2023-10-31 10:30:00-04:00,25.209999084472656,25.209999084472656,25.15999984741211,25.15999984741211,1604,0.0,0.0
2023-10-31 11:30:00-04:00,25.145000457763672,25.16990089416504,25.079999923706055,25.139999389648438,9564,0.0,0.0
2023-10-31 12:30:00-04:00,25.09000015258789,25.10610008239746,25.09000015258789,25.09000015258789,1655,0.0,0.0
2023-10-31 13:30:00-04:00,25.1200008392334,25.15999984741211,25.100000381469727,25.120399475097656,5057,0.0,0.0
2023-10-31 14:30:00-04:00,25.1299991607666,25.15999984741211,25.1200008392334,25.15999984741211,7421,0.0,0.0
2023-10-31 15:30:00-04:00,25.15999984741211,25.229999542236328,25.1200008392334,25.229999542236328,42676,0.0,0.0
2023-11-01 09:30:00-04:00,25.200000762939453,25.3799991607666,25.200000762939453,25.3799991607666,0,0.0,0.0
2023-11-01 10:30:00-04:00,25.350000381469727,25.399999618530273,25.190000534057617,25.190000534057617,7130,0.0,0.0
2023-11-01 11:30:00-04:00,25.350000381469727,25.440000534057617,25.299999237060547,25.299999237060547,10073,0.0,0.0
2023-11-01 12:30:00-04:00,25.348100662231445,25.37179946899414,25.299999237060547,25.34000015258789,5067,0.0,0.0
2023-11-01 13:30:00-04:00,25.34000015258789,25.3799991607666,25.34000015258789,25.354999542236328,1622,0.0,0.0
2023-11-01 14:30:00-04:00,25.43000030517578,25.450000762939453,25.3976993560791,25.405500411987305,4114,0.0,0.0
2023-11-01 15:30:00-04:00,25.440000534057617,25.450000762939453,25.350000381469727,25.350000381469727,3460,0.0,0.0
2023-11-02 09:30:00-04:00,25.440000534057617,25.77989959716797,25.3799991607666,25.500099182128906,0,0.0,0.0
2023-11-02 10:30:00-04:00,25.690000534057617,25.690000534057617,25.489999771118164,25.625,3382,0.0,0.0
2023-11-02 11:30:00-04:00,25.59000015258789,25.700000762939453,25.426599502563477,25.600000381469727,4241,0.0,0.0
2023-11-02 12:30:00-04:00,25.639999389648438,25.639999389648438,25.510000228881836,25.510000228881836,1716,0.0,0.0
2023-11-02 13:30:00-04:00,25.579999923706055,25.621400833129883,25.56999969482422,25.59000015258789,2956,0.0,0.0
2023-11-02 14:30:00-04:00,25.59000015258789,25.59000015258789,25.41010093688965,25.579999923706055,3366,0.0,0.0
2023-11-02 15:30:00-04:00,25.590099334716797,25.599899291992188,25.450000762939453,25.450000762939453,2898,0.0,0.0
2023-11-03 09:30:00-04:00,25.520000457763672,25.549999237060547,25.5,25.5,0,0.0,0.0
2023-11-03 10:30:00-04:00,25.43000030517578,25.594499588012695,25.200000762939453,25.530000686645508,2842,0.0,0.0
2023-11-03 11:30:00-04:00,25.571500778198242,25.7185001373291,25.571500778198242,25.71619987487793,4550,0.0,0.0
2023-11-03 12:30:00-04:00,25.709999084472656,25.719999313354492,25.68000030517578,25.719999313354492,5956,0.0,0.0
2023-11-03 13:30:00-04:00,25.719999313354492,25.719999313354492,25.690000534057617,25.71980094909668,2470,0.0,0.0
2023-11-03 14:30:00-04:00,25.719999313354492,25.719999313354492,25.641700744628906,25.719900131225586,8081,0.0,0.0
2023-11-03 15:30:00-04:00,25.709999084472656,25.719999313354492,25.670000076293945,25.68000030517578,5093,0.0,0.0
2023-11-06 09:30:00-05:00,25.68000030517578,25.68000030517578,25.559999465942383,25.559999465942383,0,0.0,0.0
2023-11-06 10:30:00-05:00,25.694799423217773,25.729999542236328,25.684999465942383,25.729999542236328,554,0.0,0.0
2023-11-06 11:30:00-05:00,25.500099182128906,25.722200393676758,25.500099182128906,25.670000076293945,1377,0.0,0.0
2023-11-06 12:30:00-05:00,25.665000915527344,25.713300704956055,25.34000015258789,25.475000381469727,6346,0.0,0.0
2023-11-06 13:30:00-05:00,25.532800674438477,25.6299991607666,25.5,25.610000610351562,4168,0.0,0.0
2023-11-06 14:30:00-05:00,25.540000915527344,25.629899978637695,25.520000457763672,25.520000457763672,3233,0.0,0.0
2023-11-06 15:30:00-05:00,25.440000534057617,25.479999542236328,25.440000534057617,25.469999313354492,7001,0.0,0.0
2023-11-07 09:30:00-05:00,25.450000762939453,25.510000228881836,25.350000381469727,25.510000228881836,0,0.0,0.0
2023-11-07 10:30:00-05:00,25.40999984741211,25.499900817871094,25.36840057373047,25.36840057373047,1517,0.0,0.0
2023-11-07 11:30:00-05:00,25.469999313354492,25.479999542236328,25.430999755859375,25.430999755859375,4750,0.0,0.0
2023-11-07 12:30:00-05:00,25.33009910583496,25.33009910583496,25.33009910583496,25.33009910583496,250,0.0,0.0
2023-11-07 13:30:00-05:00,25.429800033569336,25.455299377441406,25.350099563598633,25.36009979248047,2745,0.0,0.0
2023-11-07 14:30:00-05:00,25.424999237060547,25.450300216674805,25.3799991607666,25.389999389648438,1697,0.0,0.0
2023-11-07 15:30:00-05:00,25.3700008392334,25.489999771118164,25.350000381469727,25.3700008392334,4261,0.0,0.0
2023-11-08 09:30:00-05:00,25.35070037841797,25.700000762939453,25.35070037841797,25.62380027770996,1328,0.0,0.0
2023-11-08 10:30:00-05:00,25.700000762939453,25.700000762939453,25.440099716186523,25.50779914855957,1125,0.0,0.0
2023-11-08 11:30:00-05:00,25.65999984741211,25.65999984741211,25.45009994506836,25.45009994506836,1519,0.0,0.0
2023-11-08 12:30:00-05:00,25.568899154663086,25.57979965209961,25.559999465942383,25.559999465942383,1099,0.0,0.0
2023-11-08 13:30:00-05:00,25.527999877929688,25.6200008392334,25.527999877929688,25.586599349975586,1153,0.0,0.0
2023-11-08 14:30:00-05:00,25.636600494384766,25.649999618530273,25.579999923706055,25.649999618530273,1297,0.0,0.0
2023-11-08 15:30:00-05:00,25.510000228881836,25.579999923706055,25.510000228881836,25.540000915527344,1608,0.0,0.0
2023-11-09 09:30:00-05:00,25.690000534057617,25.690000534057617,25.440000534057617,25.440000534057617,0,0.0,0.0
2023-11-09 10:30:00-05:00,25.459999084472656,25.56999969482422,25.440000534057617,25.440000534057617,3487,0.0,0.0
2023-11-09 11:30:00-05:00,25.440000534057617,25.6200008392334,25.440000534057617,25.6200008392334,1925,0.0,0.0
2023-11-09 12:30:00-05:00,25.531999588012695,25.531999588012695,25.420000076293945,25.420000076293945,1518,0.0,0.0
2023-11-09 13:30:00-05:00,25.47439956665039,25.47439956665039,25.207199096679688,25.309999465942383,3037,0.0,0.0
2023-11-09 14:30:00-05:00,25.235000610351562,25.243999481201172,25.170000076293945,25.20009994506836,2311,0.0,0.0
2023-11-09 15:30:00-05:00,25.209999084472656,25.260000228881836,25.18000030517578,25.190000534057617,3571,0.0,0.0
2023-11-10 09:30:00-05:00,25.31999969482422,25.3518009185791,25.170000076293945,25.3518009185791,1658,0.0,0.0
2023-11-10 10:30:00-05:00,25.31999969482422,25.360000610351562,25.290000915527344,25.299999237060547,1888,0.0,0.0
2023-11-10 11:30:00-05:00,25.299999237060547,25.329999923706055,25.295000076293945,25.309099197387695,1094,0.0,0.0
2023-11-10 12:30:00-05:00,25.385000228881836,25.385000228881836,25.31369972229004,25.31369972229004,2038,0.0,0.0
2023-11-10 13:30:00-05:00,25.290000915527344,25.351900100708008,25.280000686645508,25.280000686645508,1922,0.0,0.0
2023-11-10 15:30:00-05:00,25.350000381469727,25.350000381469727,25.350000381469727,25.350000381469727,102,0.0,0.0
2023-11-13 09:30:00-05:00,25.299999237060547,25.449899673461914,25.290000915527344,25.290000915527344,0,0.0,0.0
2023-11-13 10:30:00-05:00,25.290000915527344,25.390100479125977,25.290000915527344,25.389799118041992,1053,0.0,0.0
2023-11-13 11:30:00-05:00,25.378799438476562,25.399999618530273,25.299999237060547,25.350000381469727,2661,0.0,0.0
2023-11-13 12:30:00-05:00,25.350000381469727,25.38599967956543,25.314800262451172,25.379600524902344,3434,0.0,0.0
2023-11-13 13:30:00-05:00,25.350000381469727,25.540000915527344,25.350000381469727,25.540000915527344,5113,0.0,0.0
2023-11-13 14:30:00-05:00,25.514999389648438,25.540000915527344,25.514999389648438,25.540000915527344,1420,0.0,0.0
2023-11-13 15:30:00-05:00,25.510000228881836,25.6299991607666,25.489999771118164,25.610000610351562,1862,0.0,0.0
2023-11-14 09:30:00-05:00,25.700000762939453,25.781600952148438,25.690000534057617,25.781600952148438,4468,0.0,0.0
2023-11-14 10:30:00-05:00,25.68000030517578,25.68000030517578,25.6200008392334,25.645000457763672,2502,0.0,0.0
2023-11-14 11:30:00-05:00,25.699899673461914,25.699899673461914,25.590099334716797,25.63610076904297,1387,0.0,0.0
2023-11-14 12:30:00-05:00,25.61009979248047,25.68000030517578,25.61009979248047,25.68000030517578,3674,0.0,0.0
2023-11-14 13:30:00-05:00,25.68000030517578,25.68000030517578,25.603900909423828,25.603900909423828,2024,0.0,0.0
2023-11-14 14:30:00-05:00,25.600000381469727,25.690000534057617,25.600000381469727,25.690000534057617,2455,0.0,0.0
2023-11-14 15:30:00-05:00,25.649099349975586,25.780000686645508,25.649099349975586,25.780000686645508,5288,0.0,0.0
2023-11-15 09:30:00-05:00,25.670000076293945,25.670000076293945,25.56999969482422,25.56999969482422,1059,0.0,0.0
2023-11-15 10:30:00-05:00,25.620100021362305,25.780000686645508,25.56999969482422,25.700000762939453,6567,0.0,0.0
2023-11-15 11:30:00-05:00,25.741300582885742,25.741300582885742,25.540000915527344,25.719999313354492,3072,0.0,0.0
2023-11-15 12:30:00-05:00,25.600000381469727,25.600000381469727,25.600000381469727,25.600000381469727,164,0.0,0.0
2023-11-15 13:30:00-05:00,25.633699417114258,25.719999313354492,25.633699417114258,25.719999313354492,2695,0.0,0.0
2023-11-15 14:30:00-05:00,25.645000457763672,25.719999313354492,25.559999465942383,25.56999969482422,4020,0.0,0.0
2023-11-15 15:30:00-05:00,25.700000762939453,25.700000762939453,25.6299991607666,25.6299991607666,847,0.0,0.0
2023-11-16 09:30:00-05:00,25.625,25.67180061340332,25.625,25.67180061340332,1982,0.0,0.0
2023-11-16 10:30:00-05:00,25.635000228881836,25.635000228881836,25.55500030517578,25.55500030517578,2377,0.0,0.0
2023-11-16 11:30:00-05:00,25.55500030517578,25.55500030517578,25.510000228881836,25.520000457763672,2042,0.0,0.0
2023-11-16 12:30:00-05:00,25.610000610351562,25.610000610351562,25.510000228881836,25.510000228881836,702,0.0,0.0
2023-11-16 13:30:00-05:00,25.59000015258789,25.61009979248047,25.59000015258789,25.610000610351562,2031,0.0,0.0
2023-11-16 14:30:00-05:00,25.652299880981445,25.652299880981445,25.610000610351562,25.610000610351562,1053,0.0,0.0
2023-11-16 15:30:00-05:00,25.6200008392334,25.700000762939453,25.6200008392334,25.6200008392334,0,0.0,0.0
2023-11-17 09:30:00-05:00,25.719999313354492,25.780000686645508,25.510000228881836,25.780000686645508,2158,0.0,0.0
2023-11-17 10:30:00-05:00,25.75,25.780000686645508,25.729999542236328,25.729999542236328,3030,0.0,0.0
2023-11-17 11:30:00-05:00,25.764999389648438,25.764999389648438,25.739999771118164,25.760000228881836,4013,0.0,0.0
2023-11-17 12:30:00-05:00,25.739999771118164,25.75,25.719999313354492,25.729999542236328,1769,0.0,0.0
2023-11-17 13:30:00-05:00,25.729999542236328,25.729999542236328,25.710100173950195,25.729999542236328,826,0.0,0.0
2023-11-17 14:30:00-05:00,25.718000411987305,25.739999771118164,25.65999984741211,25.700000762939453,4569,0.0,0.0
2023-11-17 15:30:00-05:00,25.719999313354492,25.729999542236328,25.719999313354492,25.729999542236328,741,0.0,0.0
2023-11-20 09:30:00-05:00,25.522600173950195,25.649999618530273,25.522600173950195,25.54960060119629,0,0.0,0.0
2023-11-20 10:30:00-05:00,25.700000762939453,25.780000686645508,25.600000381469727,25.690000534057617,3823,0.0,0.0
2023-11-20 11:30:00-05:00,25.690000534057617,25.77989959716797,25.62030029296875,25.649999618530273,3854,0.0,0.0
2023-11-20 12:30:00-05:00,25.610000610351562,25.649999618530273,25.600000381469727,25.6200008392334,3663,0.0,0.0
2023-11-20 13:30:00-05:00,25.674999237060547,25.780000686645508,25.6299991607666,25.6299991607666,6248,0.0,0.0
2023-11-20 14:30:00-05:00,25.639999389648438,25.770000457763672,25.60070037841797,25.700000762939453,4021,0.0,0.0
2023-11-20 15:30:00-05:00,25.65999984741211,25.664400100708008,25.655899047851562,25.655899047851562,1377,0.0,0.0
2023-11-21 09:30:00-05:00,25.649999618530273,25.747699737548828,25.6299991607666,25.649999618530273,0,0.0,0.0
2023-11-21 10:30:00-05:00,25.6200008392334,25.739999771118164,25.56049919128418,25.68000030517578,11734,0.0,0.0
2023-11-21 11:30:00-05:00,25.729999542236328,25.739999771118164,25.719999313354492,25.719999313354492,1225,0.0,0.0
2023-11-21 12:30:00-05:00,25.739999771118164,25.739999771118164,25.690200805664062,25.729999542236328,2464,0.0,0.0
2023-11-21 13:30:00-05:00,25.729999542236328,25.780000686645508,25.690000534057617,25.75,20317,0.0,0.0
2023-11-21 14:30:00-05:00,25.780000686645508,25.780000686645508,25.760000228881836,25.780000686645508,4298,0.0,0.0
2023-11-21 15:30:00-05:00,25.71500015258789,25.780000686645508,25.65530014038086,25.770000457763672,5587,0.0,0.0
2023-11-22 09:30:00-05:00,25.770000457763672,25.780000686645508,25.611299514770508,25.718700408935547,0,0.0,0.0
2023-11-22 10:30:00-05:00,25.71500015258789,25.780000686645508,25.649999618530273,25.760000228881836,5724,0.0,0.0
2023-11-22 11:30:00-05:00,25.714000701904297,25.75,25.714000701904297,25.730199813842773,4017,0.0,0.0
2023-11-22 12:30:00-05:00,25.75,25.75,25.75,25.75,766,0.0,0.0
2023-11-22 13:30:00-05:00,25.7549991607666,25.7549991607666,25.7549991607666,25.7549991607666,345,0.0,0.0
2023-11-22 14:30:00-05:00,25.700000762939453,25.760000228881836,25.690000534057617,25.75,2543,0.0,0.0
2023-11-22 15:30:00-05:00,25.764999389648438,25.780000686645508,25.75,25.764999389648438,2214,0.0,0.0
2023-11-24 09:30:00-05:00,25.610000610351562,25.770000457763672,25.579999923706055,25.75,0,0.0,0.0
2023-11-24 10:30:00-05:00,25.770000457763672,25.860000610351562,25.750099182128906,25.860000610351562,9166,0.0,0.0
2023-11-24 11:30:00-05:00,25.850000381469727,25.860000610351562,25.850000381469727,25.860000610351562,1026,0.0,0.0
2023-11-27 09:30:00-05:00,25.743600845336914,25.799999237060547,25.678800582885742,25.755199432373047,4425,0.0,0.0
2023-11-27 10:30:00-05:00,25.764999389648438,25.77989959716797,25.75,25.750099182128906,3817,0.0,0.0
2023-11-27 11:30:00-05:00,25.760000228881836,25.770599365234375,25.75,25.770599365234375,8083,0.0,0.0
2023-11-27 12:30:00-05:00,25.7716007232666,25.7716007232666,25.75,25.750099182128906,3443,0.0,0.0
2023-11-27 13:30:00-05:00,25.75,25.84000015258789,25.749900817871094,25.84000015258789,12238,0.0,0.0
2023-11-27 14:30:00-05:00,25.83989906311035,25.83989906311035,25.69499969482422,25.739999771118164,8042,0.0,0.0
2023-11-27 15:30:00-05:00,25.718299865722656,25.739999771118164,25.709999084472656,25.729999542236328,1423,0.0,0.0
2023-11-28 09:30:00-05:00,25.700000762939453,25.729999542236328,25.649099349975586,25.700000762939453,7155,0.0,0.0
2023-11-28 10:30:00-05:00,25.700000762939453,25.799999237060547,25.69099998474121,25.770000457763672,6266,0.0,0.0
2023-11-28 11:30:00-05:00,25.753599166870117,25.799999237060547,25.739999771118164,25.739999771118164,2655,0.0,0.0
2023-11-28 12:30:00-05:00,25.760000228881836,25.78179931640625,25.739999771118164,25.780000686645508,3502,0.0,0.0
2023-11-28 13:30:00-05:00,25.781999588012695,25.790000915527344,25.760000228881836,25.764699935913086,2266,0.0,0.0
2023-11-28 14:30:00-05:00,25.819700241088867,25.819700241088867,25.819700241088867,25.819700241088867,371,0.0,0.0
2023-11-28 15:30:00-05:00,25.84000015258789,25.84000015258789,25.803300857543945,25.829999923706055,2220,0.0,0.0
2023-11-29 09:30:00-05:00,25.790000915527344,25.829999923706055,25.790000915527344,25.81999969482422,0,0.0,0.0
2023-11-29 10:30:00-05:00,25.829999923706055,25.864999771118164,25.799999237060547,25.864999771118164,4937,0.0,0.0
2023-11-29 11:30:00-05:00,25.84000015258789,25.889999389648438,25.84000015258789,25.8799991607666,7251,0.0,0.0
2023-11-29 12:30:00-05:00,25.844999313354492,25.889999389648438,25.844999313354492,25.8799991607666,1137,0.0,0.0
2023-11-29 13:30:00-05:00,25.889999389648438,25.925899505615234,25.8799991607666,25.90999984741211,7642,0.0,0.0
2023-11-29 14:30:00-05:00,25.93000030517578,25.940000534057617,25.899999618530273,25.915000915527344,3837,0.0,0.0
2023-11-29 15:30:00-05:00,25.921899795532227,25.979999542236328,25.920000076293945,25.969999313354492,4376,0.0,0.0
2023-11-30 09:30:00-05:00,25.989999771118164,26.0,25.979999542236328,26.0,2829,0.0,0.0
2023-11-30 10:30:00-05:00,26.010000228881836,26.040000915527344,25.969999313354492,25.969999313354492,6479,0.0,0.0
2023-11-30 11:30:00-05:00,26.039899826049805,26.040000915527344,26.01129913330078,26.040000915527344,1550,0.0,0.0
2023-11-30 12:30:00-05:00,26.022300720214844,26.040000915527344,26.010000228881836,26.040000915527344,4515,0.0,0.0
2023-11-30 13:30:00-05:00,26.024999618530273,26.049999237060547,25.969999313354492,25.989999771118164,4377,0.0,0.0
2023-11-30 14:30:00-05:00,26.020000457763672,26.020000457763672,25.80470085144043,25.80470085144043,3018,0.0,0.0
2023-11-30 15:30:00-05:00,25.80229949951172,26.229999542236328,25.80229949951172,26.219999313354492,17155,0.0,0.0
2023-12-01 09:30:00-05:00,26.149999618530273,26.21940040588379,26.149999618530273,26.209999084472656,5195,0.0,0.0
2023-12-01 10:30:00-05:00,26.239999771118164,26.299999237060547,26.207000732421875,26.207000732421875,6099,0.0,0.0
2023-12-01 11:30:00-05:00,26.25,26.25,26.20009994506836,26.236000061035156,5576,0.0,0.0
2023-12-01 12:30:00-05:00,26.210100173950195,26.230899810791016,26.1200008392334,26.230899810791016,5382,0.0,0.0
2023-12-01 13:30:00-05:00,26.190000534057617,26.25,26.190000534057617,26.219999313354492,3304,0.0,0.0
2023-12-01 14:30:00-05:00,26.219999313354492,26.239999771118164,26.190000534057617,26.20009994506836,6226,0.0,0.0
2023-12-01 15:30:00-05:00,26.209999084472656,26.239999771118164,26.200000762939453,26.239999771118164,2578,0.0,0.0
2023-12-04 09:30:00-05:00,26.1200008392334,26.231599807739258,26.1200008392334,26.149999618530273,0,0.0,0.0
2023-12-04 10:30:00-05:00,26.1200008392334,26.1200008392334,26.00429916381836,26.06999969482422,3304,0.0,0.0
2023-12-04 11:30:00-05:00,26.06999969482422,26.156099319458008,26.010000228881836,26.010000228881836,12345,0.0,0.0
2023-12-04 12:30:00-05:00,26.110000610351562,26.15999984741211,26.010000228881836,26.010000228881836,2256,0.0,0.0
2023-12-04 13:30:00-05:00,26.133100509643555,26.133100509643555,26.030000686645508,26.048200607299805,1766,0.0,0.0
2023-12-04 14:30:00-05:00,26.116300582885742,26.154399871826172,26.0226993560791,26.13800048828125,2717,0.0,0.0
2023-12-04 15:30:00-05:00,26.040000915527344,26.18000030517578,26.040000915527344,26.18000030517578,4305,0.0,0.0
2023-12-05 09:30:00-05:00,26.040000915527344,26.059999465942383,26.040000915527344,26.059999465942383,0,0.0,0.0
2023-12-05 10:30:00-05:00,26.149999618530273,26.162099838256836,26.125,26.125,1396,0.0,0.0
2023-12-05 11:30:00-05:00,26.15999984741211,26.170000076293945,26.15999984741211,26.170000076293945,1428,0.0,0.0
2023-12-05 12:30:00-05:00,26.139999389648438,26.18000030517578,26.100000381469727,26.179899215698242,3187,0.0,0.0
2023-12-05 13:30:00-05:00,26.18000030517578,26.25,26.09000015258789,26.100299835205078,4096,0.0,0.0
2023-12-05 14:30:00-05:00,26.155000686645508,26.155000686645508,26.1200008392334,26.1200008392334,1375,0.0,0.0
2023-12-05 15:30:00-05:00,26.15999984741211,26.15999984741211,26.15999984741211,26.15999984741211,301,0.0,0.0
2023-12-06 09:30:00-05:00,26.100000381469727,26.200000762939453,26.06999969482422,26.06999969482422,0,0.0,0.0
2023-12-06 10:30:00-05:00,26.06999969482422,26.149999618530273,26.06999969482422,26.084999084472656,3952,0.0,0.0
2023-12-06 11:30:00-05:00,26.17099952697754,26.219999313354492,26.079999923706055,26.100000381469727,6494,0.0,0.0
2023-12-06 12:30:00-05:00,26.110000610351562,26.110000610351562,26.059999465942383,26.059999465942383,10250,0.0,0.0
2023-12-06 13:30:00-05:00,26.030000686645508,26.08989906311035,26.0,26.020000457763672,8300,0.0,0.0
2023-12-06 14:30:00-05:00,26.020000457763672,26.171300888061523,25.989999771118164,26.008800506591797,11476,0.0,0.0
2023-12-06 15:30:00-05:00,26.001699447631836,26.001699447631836,25.959999084472656,25.959999084472656,2564,0.0,0.0
2023-12-07 09:30:00-05:00,26.059999465942383,26.059999465942383,26.059999465942383,26.059999465942383,326,0.0,0.0
2023-12-07 10:30:00-05:00,26.100000381469727,26.149999618530273,26.059999465942383,26.149999618530273,1806,0.0,0.0
2023-12-07 11:30:00-05:00,26.07309913635254,26.149999618530273,26.07309913635254,26.145000457763672,2143,0.0,0.0
2023-12-07 12:30:00-05:00,26.149999618530273,26.15999984741211,26.139999389648438,26.15999984741211,2009,0.0,0.0
2023-12-07 13:30:00-05:00,26.135000228881836,26.15999984741211,26.135000228881836,26.15999984741211,1157,0.0,0.0
2023-12-07 14:30:00-05:00,26.184999465942383,26.239999771118164,26.170000076293945,26.170000076293945,3803,0.0,0.0
2023-12-07 15:30:00-05:00,26.219999313354492,26.219999313354492,26.146099090576172,26.200000762939453,1270,0.0,0.0
2023-12-08 09:30:00-05:00,26.260000228881836,26.299999237060547,26.084999084472656,26.133100509643555,0,0.0,0.0
2023-12-08 10:30:00-05:00,26.262800216674805,26.262800216674805,26.09000015258789,26.100000381469727,6422,0.0,0.0
2023-12-08 11:30:00-05:00,26.19219970703125,26.229999542236328,26.100000381469727,26.207000732421875,4571,0.0,0.0
2023-12-08 12:30:00-05:00,26.16819953918457,26.171600341796875,26.16819953918457,26.171600341796875,630,0.0,0.0
2023-12-08 13:30:00-05:00,26.260000228881836,26.27199935913086,26.260000228881836,26.27199935913086,1074,0.0,0.0
2023-12-08 14:30:00-05:00,26.260000228881836,26.290000915527344,26.260000228881836,26.260000228881836,1590,0.0,0.0
2023-12-08 15:30:00-05:00,26.280000686645508,26.290000915527344,26.280000686645508,26.290000915527344,201,0.0,0.0
2023-12-11 09:30:00-05:00,26.08099937438965,26.204999923706055,26.08099937438965,26.204999923706055,1920,0.0,0.0
2023-12-11 10:30:00-05:00,26.219999313354492,26.290000915527344,26.200000762939453,26.290000915527344,3116,0.0,0.0
2023-12-11 11:30:00-05:00,26.260000228881836,26.260000228881836,26.210100173950195,26.229999542236328,2000,0.0,0.0
2023-12-11 12:30:00-05:00,26.28499984741211,26.289600372314453,26.26490020751953,26.289600372314453,1394,0.0,0.0
2023-12-11 13:30:00-05:00,26.279300689697266,26.360000610351562,26.279300689697266,26.359899520874023,6034,0.0,0.0
2023-12-11 14:30:00-05:00,26.34000015258789,26.360000610351562,26.325000762939453,26.325000762939453,1565,0.0,0.0
2023-12-11 15:30:00-05:00,26.309999465942383,26.3700008392334,26.299999237060547,26.360000610351562,2385,0.0,0.0
2023-12-12 09:30:00-05:00,25.979999542236328,26.389999389648438,25.979999542236328,26.3799991607666,5154,0.0,0.0
2023-12-12 10:30:00-05:00,26.3799991607666,26.40999984741211,26.344999313354492,26.40999984741211,2521,0.0,0.0
2023-12-12 11:30:00-05:00,26.43000030517578,26.43000030517578,26.389999389648438,26.389999389648438,1171,0.0,0.0
2023-12-12 12:30:00-05:00,26.35890007019043,26.360000610351562,26.059999465942383,26.059999465942383,1306,0.0,0.0
2023-12-12 13:30:00-05:00,26.382999420166016,26.401399612426758,26.21139907836914,26.21139907836914,3044,0.0,0.0
2023-12-12 14:30:00-05:00,26.22100067138672,26.299999237060547,26.219999313354492,26.219999313354492,2570,0.0,0.0
2023-12-12 15:30:00-05:00,26.20009994506836,26.280000686645508,26.20009994506836,26.280000686645508,0,0.0,0.0
2023-12-13 09:30:00-05:00,25.93000030517578,25.93000030517578,25.829999923706055,25.91189956665039,3657,0.0,0.0
2023-12-13 10:30:00-05:00,25.850000381469727,25.850000381469727,25.739999771118164,25.824899673461914,4066,0.0,0.0
2023-12-13 11:30:00-05:00,25.90290069580078,25.924400329589844,25.799999237060547,25.860000610351562,1962,0.0,0.0
2023-12-13 12:30:00-05:00,25.860000610351562,25.90999984741211,25.800100326538086,25.860000610351562,2022,0.0,0.0
2023-12-13 13:30:00-05:00,25.882600784301758,26.200000762939453,25.851499557495117,26.200000762939453,7544,0.0,0.0
2023-12-13 14:30:00-05:00,26.209999084472656,26.219999313354492,26.09000015258789,26.145299911499023,5322,0.0,0.0
2023-12-13 15:30:00-05:00,26.15999984741211,26.219999313354492,26.15999984741211,26.219999313354492,1066,0.0,0.0
2023-12-14 09:30:00-05:00,26.1299991607666,26.149999618530273,25.971900939941406,26.098800659179688,0,0.0,0.0
2023-12-14 10:30:00-05:00,26.16900062561035,26.16900062561035,26.024499893188477,26.1471004486084,3286,0.0,0.0
2023-12-14 11:30:00-05:00,26.148399353027344,26.148399353027344,25.989999771118164,25.989999771118164,7186,0.0,0.0
2023-12-14 12:30:00-05:00,25.989999771118164,25.989999771118164,25.82200050354004,25.875200271606445,1880,0.0,0.0
2023-12-14 13:30:00-05:00,25.923900604248047,25.923900604248047,25.809999465942383,25.920000076293945,4066,0.0,0.0
2023-12-14 14:30:00-05:00,25.93000030517578,25.950000762939453,25.809999465942383,25.913799285888672,6916,0.0,0.0
2023-12-14 15:30:00-05:00,25.934999465942383,25.949899673461914,25.920000076293945,25.948999404907227,0,0.0,0.0
2023-12-15 09:30:00-05:00,25.799999237060547,25.799999237060547,25.75,25.760000228881836,9850,0.0,0.0
2023-12-15 10:30:00-05:00,25.770000457763672,25.790000915527344,25.560699462890625,25.600000381469727,9884,0.0,0.0
2023-12-15 11:30:00-05:00,25.600000381469727,25.74810028076172,25.540000915527344,25.540000915527344,26282,0.0,0.0
2023-12-15 12:30:00-05:00,25.540000915527344,25.567800521850586,25.520000457763672,25.549999237060547,2863,0.0,0.0
2023-12-15 13:30:00-05:00,25.55500030517578,25.556400299072266,25.469999313354492,25.49799919128418,8808,0.0,0.0
2023-12-15 14:30:00-05:00,25.5,25.520000457763672,25.469999313354492,25.5,9996,0.0,0.0
2023-12-15 15:30:00-05:00,25.5,25.510000228881836,25.469999313354492,25.507999420166016,9927,0.0,0.0
2023-12-18 09:30:00-05:00,25.5,25.649999618530273,25.5,25.610000610351562,8955,0.0,0.0
2023-12-18 10:30:00-05:00,25.577499389648438,25.649999618530273,25.513700485229492,25.59910011291504,8021,0.0,0.0
2023-12-18 11:30:00-05:00,25.520000457763672,25.59000015258789,25.40999984741211,25.40999984741211,14179,0.0,0.0
2023-12-18 12:30:00-05:00,25.43000030517578,25.450000762939453,25.40999984741211,25.40999984741211,3225,0.0,0.0
2023-12-18 13:30:00-05:00,25.40999984741211,25.43000030517578,25.399999618530273,25.40999984741211,2210,0.0,0.0
2023-12-18 14:30:00-05:00,25.40999984741211,25.40999984741211,25.31999969482422,25.31999969482422,11234,0.0,0.0
2023-12-18 15:30:00-05:00,25.40290069580078,25.40290069580078,25.3700008392334,25.3799991607666,2279,0.0,0.0
2023-12-19 09:30:00-05:00,25.489999771118164,25.545000076293945,25.43000030517578,25.459999084472656,0,0.0,0.0
2023-12-19 10:30:00-05:00,25.550199508666992,25.554000854492188,25.450000762939453,25.450000762939453,2237,0.0,0.0
2023-12-19 11:30:00-05:00,25.450000762939453,25.450000762939453,25.399999618530273,25.439899444580078,4045,0.0,0.0
2023-12-19 12:30:00-05:00,25.420000076293945,25.449899673461914,25.399999618530273,25.399999618530273,7717,0.0,0.0
2023-12-19 13:30:00-05:00,25.424999237060547,25.43079948425293,25.34000015258789,25.375,4248,0.0,0.0
2023-12-19 14:30:00-05:00,25.360000610351562,25.399999618530273,25.34000015258789,25.37969970703125,6823,0.0,0.0
2023-12-19 15:30:00-05:00,25.389999389648438,25.399999618530273,25.389999389648438,25.399999618530273,3949,0.0,0.0
2023-12-20 09:30:00-05:00,25.309999465942383,25.5,25.309999465942383,25.420000076293945,13096,0.0,0.0
2023-12-20 10:30:00-05:00,25.43000030517578,25.450000762939453,25.399999618530273,25.399999618530273,13390,0.0,0.0
2023-12-20 11:30:00-05:00,25.432100296020508,25.44099998474121,25.3700008392334,25.403200149536133,3460,0.0,0.0
2023-12-20 12:30:00-05:00,25.382299423217773,25.40999984741211,25.350000381469727,25.360000610351562,10850,0.0,0.0
2023-12-20 13:30:00-05:00,25.395000457763672,25.395000457763672,25.380300521850586,25.380300521850586,430,0.0,0.0
2023-12-20 14:30:00-05:00,25.406700134277344,25.409900665283203,25.329999923706055,25.34000015258789,7912,0.0,0.0
2023-12-20 15:30:00-05:00,25.377899169921875,25.405500411987305,25.350000381469727,25.360000610351562,4491,0.0,0.0
2023-12-21 09:30:00-05:00,25.399999618530273,25.5,25.360000610351562,25.40999984741211,10655,0.0,0.0
2023-12-21 10:30:00-05:00,25.43600082397461,25.450000762939453,25.401199340820312,25.450000762939453,9309,0.0,0.0
2023-12-21 11:30:00-05:00,25.43000030517578,25.43000030517578,25.399999618530273,25.409700393676758,7948,0.0,0.0
2023-12-21 12:30:00-05:00,25.3799991607666,25.40999984741211,25.350000381469727,25.385000228881836,17862,0.0,0.0
2023-12-21 13:30:00-05:00,25.3799991607666,25.40999984741211,25.360000610351562,25.3799991607666,6855,0.0,0.0
2023-12-21 14:30:00-05:00,25.38050079345703,25.399999618530273,25.3799991607666,25.399999618530273,1852,0.0,0.0
2023-12-21 15:30:00-05:00,25.3799991607666,25.40999984741211,25.3700008392334,25.40999984741211,11425,0.0,0.0
2023-12-22 09:30:00-05:00,25.3700008392334,25.549999237060547,25.3700008392334,25.5,11748,0.0,0.0
2023-12-22 10:30:00-05:00,25.556800842285156,25.700000762939453,25.469999313354492,25.530500411987305,10281,0.0,0.0
2023-12-22 11:30:00-05:00,25.479999542236328,25.639999389648438,25.459999084472656,25.479999542236328,6877,0.0,0.0
2023-12-22 12:30:00-05:00,25.55500030517578,25.627899169921875,25.479999542236328,25.627899169921875,5959,0.0,0.0
2023-12-22 13:30:00-05:00,25.479999542236328,25.534099578857422,25.479999542236328,25.534099578857422,2877,0.0,0.0
2023-12-22 14:30:00-05:00,25.5,25.5,25.3700008392334,25.38010025024414,14544,0.0,0.0
2023-12-22 15:30:00-05:00,25.3799991607666,25.420000076293945,25.3799991607666,25.399999618530273,6636,0.0,0.0
2023-12-26 09:30:00-05:00,25.469999313354492,25.549999237060547,25.399999618530273,25.43000030517578,0,0.0,0.0
2023-12-26 10:30:00-05:00,25.5,25.71419906616211,25.43000030517578,25.434999465942383,12434,0.0,0.0
2023-12-26 11:30:00-05:00,25.43000030517578,25.43199920654297,25.399999618530273,25.420000076293945,12758,0.0,0.0
2023-12-26 12:30:00-05:00,25.420000076293945,25.440000534057617,25.389999389648438,25.389999389648438,14839,0.0,0.0
2023-12-26 13:30:00-05:00,25.389999389648438,25.41819953918457,25.3799991607666,25.399999618530273,7744,0.0,0.0
2023-12-26 14:30:00-05:00,25.389999389648438,25.420000076293945,25.389999389648438,25.399999618530273,17648,0.0,0.0
2023-12-26 15:30:00-05:00,25.40999984741211,25.40999984741211,25.3799991607666,25.389999389648438,7935,0.0,0.0
2023-12-27 09:30:00-05:00,25.399999618530273,25.450000762939453,25.350000381469727,25.3799991607666,5697,0.0,0.0
2023-12-27 10:30:00-05:00,25.40999984741211,25.450000762939453,25.360000610351562,25.415000915527344,17706,0.0,0.0
2023-12-27 11:30:00-05:00,25.389999389648438,25.40999984741211,25.3799991607666,25.38010025024414,21002,0.0,0.0
2023-12-27 12:30:00-05:00,25.3799991607666,25.3966007232666,25.360000610351562,25.389999389648438,5806,0.0,0.0
2023-12-27 13:30:00-05:00,25.385000228881836,25.389999389648438,25.3700008392334,25.3700008392334,7532,0.0,0.0
2023-12-27 14:30:00-05:00,25.399499893188477,25.399499893188477,25.3799991607666,25.381799697875977,833,0.0,0.0
2023-12-27 15:30:00-05:00,25.385000228881836,25.399999618530273,25.370100021362305,25.385000228881836,4133,0.0,0.0
2023-12-28 09:30:00-05:00,25.440000534057617,25.469999313354492,25.399999618530273,25.415000915527344,0,0.0,0.0
2023-12-28 10:30:00-05:00,25.420000076293945,25.450000762939453,25.3799991607666,25.3799991607666,10982,0.0,0.0
2023-12-28 11:30:00-05:00,25.389999389648438,25.399999618530273,25.375,25.3799991607666,2989,0.0,0.0
2023-12-28 12:30:00-05:00,25.3799991607666,25.38089942932129,25.299999237060547,25.31999969482422,11338,0.0,0.0
2023-12-28 13:30:00-05:00,25.31999969482422,25.360000610351562,25.309999465942383,25.360000610351562,5529,0.0,0.0
2023-12-28 14:30:00-05:00,25.344999313354492,25.360000610351562,25.31999969482422,25.33989906311035,11731,0.0,0.0
2023-12-28 15:30:00-05:00,25.34000015258789,25.350000381469727,25.31999969482422,25.31999969482422,14927,0.0,0.0
2023-12-29 09:30:00-05:00,25.389999389648438,25.649900436401367,25.350000381469727,25.350000381469727,18577,0.0,0.0
2023-12-29 10:30:00-05:00,25.395000457763672,25.395000457763672,25.329999923706055,25.329999923706055,3360,0.0,0.0
2023-12-29 11:30:00-05:00,25.360000610351562,25.389999389648438,25.34000015258789,25.3700008392334,6752,0.0,0.0
2023-12-29 12:30:00-05:00,25.3700008392334,25.38010025024414,25.350000381469727,25.350000381469727,4511,0.0,0.0
2023-12-29 13:30:00-05:00,25.364999771118164,25.364999771118164,25.350000381469727,25.360000610351562,8212,0.0,0.0
2023-12-29 14:30:00-05:00,25.364999771118164,25.378599166870117,25.260000228881836,25.347900390625,20690,0.0,0.0
2023-12-29 15:30:00-05:00,25.334999084472656,25.360000610351562,25.25,25.260000228881836,45550,0.0,0.0
2024-01-02 09:30:00-05:00,25.290000915527344,25.389999389648438,25.270000457763672,25.3799991607666,28739,0.0,0.0
2024-01-02 10:30:00-05:00,25.360000610351562,25.3700008392334,25.280000686645508,25.3700008392334,22688,0.0,0.0
2024-01-02 11:30:00-05:00,25.360000610351562,25.360000610351562,25.290000915527344,25.290000915527344,10107,0.0,0.0
2024-01-02 12:30:00-05:00,25.290000915527344,25.31999969482422,25.280000686645508,25.309999465942383,13146,0.0,0.0
2024-01-02 13:30:00-05:00,25.290000915527344,25.309900283813477,25.290000915527344,25.292699813842773,3389,0.0,0.0
2024-01-02 14:30:00-05:00,25.299999237060547,25.303699493408203,25.229999542236328,25.280000686645508,13619,0.0,0.0
2024-01-02 15:30:00-05:00,25.274999618530273,25.274999618530273,25.239999771118164,25.25,5218,0.0,0.0
2024-01-03 09:30:00-05:00,25.260000228881836,25.260000228881836,25.200000762939453,25.219999313354492,8177,0.0,0.0
2024-01-03 10:30:00-05:00,25.209999084472656,25.268199920654297,25.170000076293945,25.209999084472656,14332,0.0,0.0
2024-01-03 11:30:00-05:00,25.209999084472656,25.299999237060547,25.209999084472656,25.299999237060547,11425,0.0,0.0
2024-01-03 12:30:00-05:00,25.299999237060547,25.479900360107422,25.280000686645508,25.389999389648438,10833,0.0,0.0
2024-01-03 13:30:00-05:00,25.360000610351562,25.381500244140625,25.280000686645508,25.3700008392334,12527,0.0,0.0
2024-01-03 14:30:00-05:00,25.3700008392334,25.395000457763672,25.34000015258789,25.3799991607666,6828,0.0,0.0
2024-01-03 15:30:00-05:00,25.3700008392334,25.3700008392334,25.309999465942383,25.360000610351562,880,0.0,0.0
2024-01-04 09:30:00-05:00,25.329999923706055,25.43000030517578,25.329999923706055,25.43000030517578,2733,0.0,0.0
2024-01-04 10:30:00-05:00,25.399999618530273,25.399999618530273,25.397300720214844,25.397300720214844,652,0.0,0.0
2024-01-04 11:30:00-05:00,25.39299964904785,25.47279930114746,25.39299964904785,25.41010093688965,2380,0.0,0.0
2024-01-04 12:30:00-05:00,25.360000610351562,25.3799991607666,25.360000610351562,25.3799991607666,1349,0.0,0.0
2024-01-04 13:30:00-05:00,25.3799991607666,25.43000030517578,25.360000610351562,25.40999984741211,5544,0.0,0.0
2024-01-04 14:30:00-05:00,25.40999984741211,25.40999984741211,25.3799991607666,25.399999618530273,2568,0.0,0.0
2024-01-04 15:30:00-05:00,25.3700008392334,25.389999389648438,25.350000381469727,25.350000381469727,4868,0.0,0.0
2024-01-05 09:30:00-05:00,25.43000030517578,25.540000915527344,25.43000030517578,25.450000762939453,23337,0.0,0.0
2024-01-05 10:30:00-05:00,25.5,25.54290008544922,25.454999923706055,25.459999084472656,4116,0.0,0.0
2024-01-05 11:30:00-05:00,25.43000030517578,25.43000030517578,25.34000015258789,25.34000015258789,11219,0.0,0.0
2024-01-05 12:30:00-05:00,25.350000381469727,25.378700256347656,25.350000381469727,25.378700256347656,2477,0.0,0.0
2024-01-05 13:30:00-05:00,25.3799991607666,25.40999984741211,25.375,25.40999984741211,5837,0.0,0.0
2024-01-05 14:30:00-05:00,25.419599533081055,25.420000076293945,25.360000610351562,25.36210060119629,4461,0.0,0.0
2024-01-05 15:30:00-05:00,25.399999618530273,25.420000076293945,25.3700008392334,25.399999618530273,7376,0.0,0.0
2024-01-08 09:30:00-05:00,25.40999984741211,25.440000534057617,25.40999984741211,25.43000030517578,4333,0.0,0.0
2024-01-08 10:30:00-05:00,25.440000534057617,25.480300903320312,25.399999618530273,25.43000030517578,12630,0.0,0.0
2024-01-08 11:30:00-05:00,25.440000534057617,25.492799758911133,25.40239906311035,25.40239906311035,6079,0.0,0.0
2024-01-08 12:30:00-05:00,25.399999618530273,25.43000030517578,25.399999618530273,25.420000076293945,1299,0.0,0.0
2024-01-08 13:30:00-05:00,25.427200317382812,25.454999923706055,25.382299423217773,25.43000030517578,11334,0.0,0.0
2024-01-08 14:30:00-05:00,25.41010093688965,25.43000030517578,25.37070083618164,25.407499313354492,9340,0.0,0.0
2024-01-08 15:30:00-05:00,25.420000076293945,25.427600860595703,25.3799991607666,25.390600204467773,2616,0.0,0.0
2024-01-09 09:30:00-05:00,25.389999389648438,25.415000915527344,25.3799991607666,25.399999618530273,0,0.0,0.0
2024-01-09 10:30:00-05:00,25.393999099731445,25.450000762939453,25.3799991607666,25.44770050048828,9567,0.0,0.0
2024-01-09 11:30:00-05:00,25.40850067138672,25.44580078125,25.40850067138672,25.424999237060547,2593,0.0,0.0
2024-01-09 12:30:00-05:00,25.423500061035156,25.440000534057617,25.423500061035156,25.440000534057617,2392,0.0,0.0
2024-01-09 13:30:00-05:00,25.399999618530273,25.43950080871582,25.3799991607666,25.415000915527344,4340,0.0,0.0
2024-01-09 14:30:00-05:00,25.389999389648438,25.415300369262695,25.389999389648438,25.389999389648438,2052,0.0,0.0
2024-01-09 15:30:00-05:00,25.389999389648438,25.420000076293945,25.389999389648438,25.399999618530273,3685,0.0,0.0
2024-01-10 09:30:00-05:00,25.450000762939453,25.459999084472656,25.43000030517578,25.450000762939453,2939,0.0,0.0
2024-01-10 10:30:00-05:00,25.479999542236328,25.549999237060547,25.461299896240234,25.479999542236328,14857,0.0,0.0
2024-01-10 11:30:00-05:00,25.479999542236328,25.479999542236328,25.479900360107422,25.479900360107422,2287,0.0,0.0
2024-01-10 12:30:00-05:00,25.471200942993164,25.479999542236328,25.43000030517578,25.454999923706055,3797,0.0,0.0
2024-01-10 13:30:00-05:00,25.450000762939453,25.479999542236328,25.450000762939453,25.479999542236328,1905,0.0,0.0
2024-01-10 14:30:00-05:00,25.47209930419922,25.479999542236328,25.459999084472656,25.474899291992188,5382,0.0,0.0
2024-01-10 15:30:00-05:00,25.46980094909668,25.46980094909668,25.423099517822266,25.459999084472656,0,0.0,0.0
2024-01-11 09:30:00-05:00,25.459999084472656,25.46809959411621,25.3799991607666,25.440000534057617,11003,0.0,0.0
2024-01-11 10:30:00-05:00,25.489999771118164,25.489999771118164,25.350000381469727,25.360000610351562,9058,0.0,0.0
2024-01-11 11:30:00-05:00,25.3700008392334,25.405000686645508,25.350000381469727,25.395000457763672,3461,0.0,0.0
2024-01-11 12:30:00-05:00,25.40999984741211,25.458900451660156,25.3799991607666,25.450000762939453,3192,0.0,0.0
2024-01-11 13:30:00-05:00,25.450000762939453,25.450000762939453,25.420000076293945,25.420000076293945,3957,0.0,0.0
2024-01-11 14:30:00-05:00,25.439899444580078,25.469999313354492,25.420000076293945,25.440200805664062,9946,0.0,0.0
2024-01-12 09:30:00-05:00,25.510000228881836,25.510000228881836,25.4950008392334,25.4950008392334,1278,0.0,0.0
2024-01-12 10:30:00-05:00,25.452299118041992,25.459999084472656,25.399999618530273,25.440000534057617,9792,0.0,0.0
2024-01-12 11:30:00-05:00,25.45870018005371,25.469999313354492,25.40999984741211,25.420000076293945,4489,0.0,0.0
2024-01-12 12:30:00-05:00,25.42959976196289,25.469999313354492,25.42959976196289,25.469999313354492,1502,0.0,0.0
2024-01-12 13:30:00-05:00,25.469999313354492,25.498600006103516,25.469999313354492,25.489999771118164,2490,0.0,0.0
2024-01-12 14:30:00-05:00,25.475000381469727,25.520000457763672,25.475000381469727,25.520000457763672,3114,0.0,0.0
2024-01-12 15:30:00-05:00,25.523399353027344,25.549999237060547,25.520000457763672,25.549999237060547,7056,0.0,0.0
2024-01-16 09:30:00-05:00,25.549999237060547,25.719900131225586,25.530000686645508,25.719900131225586,0,0.0,0.0
2024-01-16 10:30:00-05:00,25.610000610351562,25.686500549316406,25.549999237060547,25.579999923706055,5353,0.0,0.0
2024-01-16 11:30:00-05:00,25.56999969482422,25.56999969482422,25.459999084472656,25.485000610351562,5664,0.0,0.0
2024-01-16 12:30:00-05:00,25.479999542236328,25.483400344848633,25.469999313354492,25.483400344848633,4221,0.0,0.0
2024-01-16 13:30:00-05:00,25.458200454711914,25.489999771118164,25.450000762939453,25.46619987487793,1671,0.0,0.0
2024-01-16 14:30:00-05:00,25.43000030517578,25.522499084472656,25.416500091552734,25.485000610351562,10474,0.0,0.0
2024-01-16 15:30:00-05:00,25.45199966430664,25.530000686645508,25.45199966430664,25.489999771118164,4929,0.0,0.0
2024-01-17 09:30:00-05:00,25.450000762939453,25.56599998474121,25.440000534057617,25.514999389648438,0,0.0,0.0
2024-01-17 10:30:00-05:00,25.450000762939453,25.4950008392334,25.43000030517578,25.4950008392334,6664,0.0,0.0
2024-01-17 11:30:00-05:00,25.450000762939453,25.489999771118164,25.40999984741211,25.40999984741211,6913,0.0,0.0
2024-01-17 12:30:00-05:00,25.485000610351562,25.485000610351562,25.3799991607666,25.434999465942383,13528,0.0,0.0
2024-01-17 13:30:00-05:00,25.420000076293945,25.420000076293945,25.399999618530273,25.420000076293945,3540,0.0,0.0
2024-01-17 14:30:00-05:00,25.420000076293945,25.479900360107422,25.400999069213867,25.479900360107422,6849,0.0,0.0
2024-01-17 15:30:00-05:00,25.440000534057617,25.559999465942383,25.440000534057617,25.475000381469727,4196,0.0,0.0
2024-01-18 09:30:00-05:00,25.5,25.5,25.487899780273438,25.489999771118164,0,0.0,0.0
2024-01-18 10:30:00-05:00,25.479999542236328,25.5,25.475000381469727,25.489999771118164,1974,0.0,0.0
2024-01-18 11:30:00-05:00,25.489999771118164,25.489999771118164,25.3700008392334,25.399999618530273,7342,0.0,0.0
2024-01-18 12:30:00-05:00,25.399999618530273,25.430400848388672,25.389999389648438,25.420000076293945,6859,0.0,0.0
2024-01-18 13:30:00-05:00,25.420000076293945,25.469999313354492,25.420000076293945,25.469999313354492,4635,0.0,0.0
2024-01-18 14:30:00-05:00,25.469999313354492,25.489999771118164,25.43000030517578,25.489999771118164,10400,0.0,0.0
2024-01-18 15:30:00-05:00,25.489999771118164,25.600000381469727,25.489900588989258,25.579999923706055,27356,0.0,0.0
2024-01-19 09:30:00-05:00,25.469999313354492,25.579999923706055,25.469999313354492,25.553300857543945,0,0.0,0.0
2024-01-19 10:30:00-05:00,25.520000457763672,25.549999237060547,25.520000457763672,25.549999237060547,1791,0.0,0.0
2024-01-19 11:30:00-05:00,25.56999969482422,25.59000015258789,25.549999237060547,25.59000015258789,2490,0.0,0.0
2024-01-19 12:30:00-05:00,25.570100784301758,25.65959930419922,25.570100784301758,25.649999618530273,3701,0.0,0.0
2024-01-19 13:30:00-05:00,25.6299991607666,25.700000762939453,25.6299991607666,25.684999465942383,2707,0.0,0.0
2024-01-19 14:30:00-05:00,25.712400436401367,25.729999542236328,25.709999084472656,25.709999084472656,2675,0.0,0.0
2024-01-19 15:30:00-05:00,25.719999313354492,25.719999313354492,25.69540023803711,25.719999313354492,773,0.0,0.0
2024-01-22 09:30:00-05:00,25.670000076293945,25.68000030517578,25.56999969482422,25.56999969482422,0,0.0,0.0
2024-01-22 10:30:00-05:00,25.579999923706055,25.6200008392334,25.559999465942383,25.600000381469727,8372,0.0,0.0
2024-01-22 11:30:00-05:00,25.594999313354492,25.6200008392334,25.549999237060547,25.610000610351562,22572,0.0,0.0
2024-01-22 12:30:00-05:00,25.670000076293945,25.670000076293945,25.56999969482422,25.56999969482422,3429,0.0,0.0
2024-01-22 13:30:00-05:00,25.579999923706055,25.610000610351562,25.520000457763672,25.530000686645508,10752,0.0,0.0
2024-01-22 14:30:00-05:00,25.559999465942383,25.600000381469727,25.520000457763672,25.530000686645508,22662,0.0,0.0
2024-01-22 15:30:00-05:00,25.530000686645508,25.600000381469727,25.530000686645508,25.59510040283203,8077,0.0,0.0
2024-01-23 09:30:00-05:00,25.579999923706055,25.579999923706055,25.51490020751953,25.549999237060547,0,0.0,0.0
2024-01-23 10:30:00-05:00,25.541500091552734,25.541500091552734,25.510099411010742,25.532499313354492,1883,0.0,0.0
2024-01-23 11:30:00-05:00,25.530000686645508,25.549999237060547,25.520000457763672,25.54669952392578,5977,0.0,0.0
2024-01-23 12:30:00-05:00,25.540000915527344,25.540000915527344,25.520000457763672,25.520000457763672,1996,0.0,0.0
2024-01-23 13:30:00-05:00,25.530000686645508,25.530000686645508,25.510000228881836,25.520000457763672,5266,0.0,0.0
2024-01-23 14:30:00-05:00,25.52989959716797,25.55500030517578,25.510000228881836,25.52829933166504,16160,0.0,0.0
2024-01-23 15:30:00-05:00,25.53849983215332,25.549999237060547,25.520000457763672,25.540000915527344,2153,0.0,0.0
2024-01-24 09:30:00-05:00,25.579999923706055,25.579999923706055,25.579999923706055,25.579999923706055,0,0.0,0.0
2024-01-24 10:30:00-05:00,25.550500869750977,25.59000015258789,25.550500869750977,25.56999969482422,2306,0.0,0.0
2024-01-24 11:30:00-05:00,25.59000015258789,25.59000015258789,25.530000686645508,25.552499771118164,3678,0.0,0.0
2024-01-24 12:30:00-05:00,25.59000015258789,25.59000015258789,25.57509994506836,25.57509994506836,1420,0.0,0.0
2024-01-24 13:30:00-05:00,25.579700469970703,25.579700469970703,25.530099868774414,25.56999969482422,1571,0.0,0.0
2024-01-24 14:30:00-05:00,25.530000686645508,25.56999969482422,25.530000686645508,25.569900512695312,3513,0.0,0.0
2024-01-24 15:30:00-05:00,25.55500030517578,25.55500030517578,25.55500030517578,25.55500030517578,430,0.0,0.0
2024-01-25 09:30:00-05:00,25.579999923706055,25.649999618530273,25.579999923706055,25.639999389648438,6764,0.0,0.0
2024-01-25 10:30:00-05:00,25.6299991607666,25.6299991607666,25.6200008392334,25.6200008392334,1748,0.0,0.0
2024-01-25 11:30:00-05:00,25.60460090637207,25.65999984741211,25.60460090637207,25.649999618530273,2990,0.0,0.0
2024-01-25 12:30:00-05:00,25.649999618530273,25.649999618530273,25.6299991607666,25.639999389648438,5463,0.0,0.0
2024-01-25 13:30:00-05:00,25.63479995727539,25.700000762939453,25.62969970703125,25.690000534057617,5791,0.0,0.0
2024-01-25 14:30:00-05:00,25.649999618530273,25.729999542236328,25.636999130249023,25.636999130249023,4661,0.0,0.0
2024-01-25 15:30:00-05:00,25.621999740600586,25.68000030517578,25.610000610351562,25.68000030517578,6702,0.0,0.0
2024-01-26 10:30:00-05:00,25.630599975585938,25.690000534057617,25.6299991607666,25.690000534057617,1758,0.0,0.0
2024-01-26 11:30:00-05:00,25.639999389648438,25.669700622558594,25.610000610351562,25.669700622558594,3926,0.0,0.0
2024-01-26 12:30:00-05:00,25.6299991607666,25.665000915527344,25.6299991607666,25.649999618530273,6499,0.0,0.0
2024-01-26 13:30:00-05:00,25.690000534057617,25.690000534057617,25.68000030517578,25.68000030517578,6341,0.0,0.0
2024-01-26 14:30:00-05:00,25.690000534057617,25.710100173950195,25.684999465942383,25.700000762939453,2270,0.0,0.0
2024-01-26 15:30:00-05:00,25.70949935913086,25.809999465942383,25.700000762939453,25.799999237060547,6075,0.0,0.0
2024-01-29 09:30:00-05:00,25.81999969482422,25.81999969482422,25.68000030517578,25.739999771118164,1848,0.0,0.0
2024-01-29 10:30:00-05:00,25.790000915527344,25.790000915527344,25.649999618530273,25.649999618530273,1445,0.0,0.0
2024-01-29 11:30:00-05:00,25.693599700927734,25.70840072631836,25.65369987487793,25.70840072631836,1464,0.0,0.0
2024-01-29 12:30:00-05:00,25.770000457763672,25.8700008392334,25.717500686645508,25.829999923706055,13842,0.0,0.0
2024-01-29 13:30:00-05:00,25.889999389648438,25.889999389648438,25.810100555419922,25.825000762939453,6510,0.0,0.0
2024-01-29 14:30:00-05:00,25.84000015258789,25.889999389648438,25.829999923706055,25.889999389648438,5635,0.0,0.0
2024-01-29 15:30:00-05:00,25.829999923706055,25.889999389648438,25.829999923706055,25.8799991607666,2278,0.0,0.0
2024-01-30 09:30:00-05:00,25.829999923706055,25.899999618530273,25.760000228881836,25.86989974975586,0,0.0,0.0
2024-01-30 10:30:00-05:00,25.84000015258789,25.850000381469727,25.84000015258789,25.850000381469727,1922,0.0,0.0
2024-01-30 11:30:00-05:00,25.85219955444336,25.85219955444336,25.800100326538086,25.84000015258789,2372,0.0,0.0
2024-01-30 12:30:00-05:00,25.820100784301758,25.93000030517578,25.709999084472656,25.857500076293945,5241,0.0,0.0
2024-01-30 13:30:00-05:00,25.829099655151367,25.889999389648438,25.829099655151367,25.8700008392334,3291,0.0,0.0
2024-01-30 14:30:00-05:00,25.920000076293945,25.920000076293945,25.79050064086914,25.864999771118164,4246,0.0,0.0
2024-01-30 15:30:00-05:00,25.928800582885742,25.928800582885742,25.860000610351562,25.90999984741211,842,0.0,0.0
2024-01-31 09:30:00-05:00,25.860000610351562,25.889999389648438,25.84000015258789,25.84000015258789,0,0.0,0.0
2024-01-31 10:30:00-05:00,25.84000015258789,25.864999771118164,25.839000701904297,25.864999771118164,1470,0.0,0.0
2024-01-31 11:30:00-05:00,25.850000381469727,25.850000381469727,25.799999237060547,25.850000381469727,1913,0.0,0.0
2024-01-31 13:30:00-05:00,25.85099983215332,25.85099983215332,25.850099563598633,25.850099563598633,949,0.0,0.0
2024-01-31 14:30:00-05:00,25.860000610351562,25.940000534057617,25.850000381469727,25.850000381469727,7082,0.0,0.0
2024-01-31 15:30:00-05:00,25.850000381469727,25.850000381469727,25.56999969482422,25.729999542236328,3305,0.0,0.0
2024-02-01 09:30:00-05:00,25.739999771118164,25.813400268554688,25.700000762939453,25.738399505615234,0,0.0,0.0
2024-02-01 10:30:00-05:00,25.71179962158203,25.770000457763672,25.6200008392334,25.6200008392334,3563,0.0,0.0
2024-02-01 11:30:00-05:00,25.56999969482422,25.742000579833984,25.56999969482422,25.742000579833984,4229,0.0,0.0
2024-02-01 12:30:00-05:00,25.760000228881836,25.760000228881836,25.760000228881836,25.760000228881836,206,0.0,0.0
2024-02-01 13:30:00-05:00,25.770000457763672,25.77989959716797,25.680099487304688,25.760000228881836,3648,0.0,0.0
2024-02-01 14:30:00-05:00,25.769899368286133,25.769899368286133,25.620899200439453,25.719999313354492,9041,0.0,0.0
2024-02-01 15:30:00-05:00,25.7450008392334,25.75,25.729999542236328,25.729999542236328,0,0.0,0.0
2024-02-02 09:30:00-05:00,25.68000030517578,25.774900436401367,25.649999618530273,25.739999771118164,5851,0.0,0.0
2024-02-02 10:30:00-05:00,25.800500869750977,25.800500869750977,25.729999542236328,25.729999542236328,2353,0.0,0.0
2024-02-02 11:30:00-05:00,25.674999237060547,25.690000534057617,25.65999984741211,25.661300659179688,1728,0.0,0.0
2024-02-02 12:30:00-05:00,25.68000030517578,25.690000534057617,25.649999618530273,25.68000030517578,7128,0.0,0.0
2024-02-02 13:30:00-05:00,25.649999618530273,25.699899673461914,25.649999618530273,25.674999237060547,6636,0.0,0.0
2024-02-02 14:30:00-05:00,25.68000030517578,25.700000762939453,25.658700942993164,25.68000030517578,4686,0.0,0.0
2024-02-02 15:30:00-05:00,25.68000030517578,25.75,25.68000030517578,25.733200073242188,19083,0.0,0.0
2024-02-05 09:30:00-05:00,25.559999465942383,25.610000610351562,25.559999465942383,25.579999923706055,0,0.0,0.0
2024-02-05 10:30:00-05:00,25.579999923706055,25.679899215698242,25.579999923706055,25.579999923706055,3024,0.0,0.0
2024-02-05 11:30:00-05:00,25.6200008392334,25.62529945373535,25.6200008392334,25.62529945373535,1220,0.0,0.0
2024-02-05 12:30:00-05:00,25.64069938659668,25.659500122070312,25.602399826049805,25.659500122070312,3010,0.0,0.0
2024-02-05 13:30:00-05:00,25.616300582885742,25.65999984741211,25.59000015258789,25.6200008392334,11133,0.0,0.0
2024-02-05 14:30:00-05:00,25.59000015258789,25.638399124145508,25.56999969482422,25.59000015258789,4451,0.0,0.0
2024-02-05 15:30:00-05:00,25.549999237060547,25.6200008392334,25.549999237060547,25.610000610351562,9176,0.0,0.0
2024-02-06 09:30:00-05:00,25.709999084472656,25.709999084472656,25.6299991607666,25.6299991607666,0,0.0,0.0
2024-02-06 10:30:00-05:00,25.780000686645508,25.780000686645508,25.780000686645508,25.780000686645508,778,0.0,0.0
2024-02-06 11:30:00-05:00,25.674999237060547,25.68000030517578,25.649999618530273,25.674999237060547,1718,0.0,0.0
2024-02-06 12:30:00-05:00,25.60099983215332,25.697799682617188,25.60099983215332,25.697799682617188,2188,0.0,0.0
2024-02-06 13:30:00-05:00,25.700000762939453,25.700000762939453,25.700000762939453,25.700000762939453,1120,0.0,0.0
2024-02-06 14:30:00-05:00,25.709999084472656,25.749900817871094,25.570499420166016,25.570499420166016,2459,0.0,0.0
2024-02-06 15:30:00-05:00,25.71820068359375,25.75,25.68000030517578,25.687000274658203,7565,0.0,0.0
2024-02-07 09:30:00-05:00,25.770000457763672,25.770000457763672,25.770000457763672,25.770000457763672,0,0.0,0.0
2024-02-07 10:30:00-05:00,25.639999389648438,25.670000076293945,25.61949920654297,25.660600662231445,4017,0.0,0.0
2024-02-07 11:30:00-05:00,25.700000762939453,25.700000762939453,25.68000030517578,25.68000030517578,465,0.0,0.0
2024-02-07 12:30:00-05:00,25.690000534057617,25.699899673461914,25.65999984741211,25.699899673461914,3775,0.0,0.0
2024-02-07 13:30:00-05:00,25.670000076293945,25.700000762939453,25.670000076293945,25.68670082092285,2278,0.0,0.0
2024-02-07 14:30:00-05:00,25.69809913635254,25.69809913635254,25.68000030517578,25.68000030517578,2961,0.0,0.0
2024-02-07 15:30:00-05:00,25.700000762939453,25.700000762939453,25.6200008392334,25.700000762939453,1005,0.0,0.0
2024-02-08 09:30:00-05:00,25.75,25.75,25.729999542236328,25.729999542236328,0,0.0,0.0
2024-02-08 10:30:00-05:00,25.729999542236328,25.756000518798828,25.729999542236328,25.756000518798828,1098,0.0,0.0
2024-02-08 11:30:00-05:00,25.710899353027344,25.710899353027344,25.709999084472656,25.709999084472656,830,0.0,0.0
2024-02-08 12:30:00-05:00,25.709999084472656,25.739999771118164,25.700000762939453,25.729999542236328,4207,0.0,0.0
2024-02-08 13:30:00-05:00,25.729999542236328,25.78890037536621,25.729999542236328,25.78890037536621,1380,0.0,0.0
2024-02-08 14:30:00-05:00,25.7549991607666,25.77199935913086,25.747100830078125,25.770999908447266,1872,0.0,0.0
2024-02-08 15:30:00-05:00,25.760000228881836,25.809999465942383,25.729999542236328,25.790000915527344,8331,0.0,0.0
2024-02-09 09:30:00-05:00,25.81999969482422,25.83989906311035,25.81999969482422,25.83989906311035,0,0.0,0.0
2024-02-09 10:30:00-05:00,25.78849983215332,25.84000015258789,25.78849983215332,25.84000015258789,1518,0.0,0.0
2024-02-09 11:30:00-05:00,25.83300018310547,25.84000015258789,25.77050018310547,25.834699630737305,2224,0.0,0.0
2024-02-09 12:30:00-05:00,25.940000534057617,25.969900131225586,25.8799991607666,25.969900131225586,2535,0.0,0.0
2024-02-09 13:30:00-05:00,25.940900802612305,25.940900802612305,25.940900802612305,25.940900802612305,664,0.0,0.0
2024-02-09 14:30:00-05:00,25.94179916381836,25.94179916381836,25.90999984741211,25.90999984741211,3467,0.0,0.0
2024-02-09 15:30:00-05:00,25.889999389648438,25.90999984741211,25.889999389648438,25.899999618530273,557,0.0,0.0
2024-02-12 09:30:00-05:00,25.90999984741211,25.90999984741211,25.880699157714844,25.880699157714844,0,0.0,0.0
2024-02-12 10:30:00-05:00,25.8799991607666,25.922100067138672,25.850000381469727,25.899999618530273,4854,0.0,0.0
2024-02-12 11:30:00-05:00,25.90999984741211,25.93000030517578,25.8971004486084,25.93000030517578,3948,0.0,0.0
2024-02-12 12:30:00-05:00,25.949899673461914,25.969999313354492,25.920000076293945,25.969999313354492,2658,0.0,0.0
2024-02-12 13:30:00-05:00,25.969999313354492,26.0,25.90999984741211,25.969999313354492,4785,0.0,0.0
2024-02-12 14:30:00-05:00,26.0,26.0,25.986600875854492,25.989999771118164,2417,0.0,0.0
2024-02-12 15:30:00-05:00,25.990100860595703,26.0,25.989999771118164,25.989999771118164,1354,0.0,0.0
2024-02-13 09:30:00-05:00,25.90999984741211,25.999900817871094,25.90999984741211,25.999900817871094,0,0.0,0.0
2024-02-13 10:30:00-05:00,25.91010093688965,25.941699981689453,25.899999618530273,25.941699981689453,2573,0.0,0.0
2024-02-13 11:30:00-05:00,25.899999618530273,25.9689998626709,25.899999618530273,25.938600540161133,2368,0.0,0.0
2024-02-13 12:30:00-05:00,25.934999465942383,25.969999313354492,25.934999465942383,25.969900131225586,1091,0.0,0.0
2024-02-13 13:30:00-05:00,25.969999313354492,25.979999542236328,25.899999618530273,25.900100708007812,2601,0.0,0.0
2024-02-13 14:30:00-05:00,25.969900131225586,25.969900131225586,25.730100631713867,25.889999389648438,1725,0.0,0.0
2024-02-13 15:30:00-05:00,25.850000381469727,25.850000381469727,25.809999465942383,25.84000015258789,0,0.0,0.0
2024-02-14 09:30:00-05:00,25.78700065612793,25.819000244140625,25.78700065612793,25.819000244140625,1295,0.0,0.0
2024-02-14 10:30:00-05:00,25.93000030517578,25.93000030517578,25.82659912109375,25.93000030517578,2950,0.0,0.0
2024-02-14 11:30:00-05:00,25.950000762939453,25.979999542236328,25.950000762939453,25.979999542236328,2395,0.0,0.0
2024-02-14 12:30:00-05:00,25.940000534057617,25.999900817871094,25.93000030517578,25.989200592041016,8618,0.0,0.0
2024-02-14 14:30:00-05:00,25.93000030517578,26.0,25.93000030517578,25.975000381469727,6232,0.0,0.0
2024-02-14 15:30:00-05:00,26.01460075378418,26.020000457763672,26.01460075378418,26.020000457763672,0,0.0,0.0
2024-02-15 10:30:00-05:00,25.98550033569336,25.98550033569336,25.98550033569336,25.98550033569336,1035,0.0,0.0
2024-02-15 11:30:00-05:00,26.020000457763672,26.079999923706055,26.020000457763672,26.079999923706055,1891,0.0,0.0
2024-02-15 13:30:00-05:00,26.08009910583496,26.1200008392334,26.079999923706055,26.1200008392334,2278,0.0,0.0
2024-02-15 14:30:00-05:00,26.125,26.135799407958984,26.125,26.130300521850586,2704,0.0,0.0
2024-02-15 15:30:00-05:00,26.139999389648438,26.139999389648438,26.100000381469727,26.139999389648438,2874,0.0,0.0
2024-02-16 09:30:00-05:00,26.15999984741211,26.15999984741211,26.045000076293945,26.079999923706055,0,0.0,0.0
2024-02-16 10:30:00-05:00,26.09000015258789,26.09000015258789,25.960100173950195,25.960100173950195,3195,0.0,0.0
2024-02-16 11:30:00-05:00,26.030000686645508,26.06999969482422,26.021099090576172,26.04159927368164,1069,0.0,0.0
2024-02-16 12:30:00-05:00,26.0,26.010000228881836,26.0,26.010000228881836,408,0.0,0.0
2024-02-16 13:30:00-05:00,26.0,26.055299758911133,26.0,26.040000915527344,1396,0.0,0.0
2024-02-16 14:30:00-05:00,26.040000915527344,26.07659912109375,26.040000915527344,26.052000045776367,1810,0.0,0.0
2024-02-16 15:30:00-05:00,26.05940055847168,26.100000381469727,26.05940055847168,26.100000381469727,473,0.0,0.0
2024-02-20 09:30:00-05:00,26.100000381469727,26.100000381469727,25.959999084472656,25.959999084472656,0,0.0,0.0
2024-02-20 10:30:00-05:00,25.996700286865234,25.996700286865234,25.959999084472656,25.989999771118164,3346,0.0,0.0
2024-02-20 11:30:00-05:00,25.99090003967285,26.0,25.93000030517578,25.973400115966797,4022,0.0,0.0
2024-02-20 12:30:00-05:00,25.973400115966797,26.0,25.973400115966797,25.999900817871094,2372,0.0,0.0
2024-02-20 13:30:00-05:00,25.989999771118164,25.989999771118164,25.975000381469727,25.975000381469727,964,0.0,0.0
2024-02-20 14:30:00-05:00,26.0,26.0,25.961299896240234,25.961299896240234,678,0.0,0.0
2024-02-20 15:30:00-05:00,25.960100173950195,25.960100173950195,25.960100173950195,25.960100173950195,0,0.0,0.0
2024-02-21 09:30:00-05:00,25.899999618530273,25.899999618530273,25.899999618530273,25.899999618530273,402,0.0,0.0
2024-02-21 10:30:00-05:00,25.969900131225586,25.969999313354492,25.969900131225586,25.969999313354492,1130,0.0,0.0
2024-02-21 11:30:00-05:00,26.059999465942383,26.07990074157715,25.899999618530273,25.970500946044922,7190,0.0,0.0
2024-02-21 12:30:00-05:00,26.021499633789062,26.021499633789062,26.021499633789062,26.021499633789062,1721,0.0,0.0
2024-02-21 13:30:00-05:00,26.06999969482422,26.06999969482422,25.850000381469727,25.850000381469727,1647,0.0,0.0
2024-02-21 14:30:00-05:00,25.959999084472656,25.959999084472656,25.8700008392334,25.8700008392334,1531,0.0,0.0
2024-02-21 15:30:00-05:00,25.922000885009766,25.9950008392334,25.922000885009766,25.938899993896484,0,0.0,0.0
2024-02-22 09:30:00-05:00,25.979999542236328,26.059999465942383,25.979999542236328,26.0216007232666,1900,0.0,0.0
2024-02-22 11:30:00-05:00,26.075000762939453,26.100000381469727,26.075000762939453,26.095199584960938,5716,0.0,0.0
2024-02-22 12:30:00-05:00,26.139999389648438,26.139999389648438,26.1200008392334,26.1200008392334,2741,0.0,0.0
2024-02-22 13:30:00-05:00,26.1299991607666,26.170000076293945,26.1299991607666,26.170000076293945,1614,0.0,0.0
2024-02-22 14:30:00-05:00,26.170000076293945,26.170000076293945,26.149999618530273,26.155000686645508,3332,0.0,0.0
2024-02-22 15:30:00-05:00,26.1299991607666,26.1299991607666,26.1299991607666,26.1299991607666,626,0.0,0.0
2024-02-23 09:30:00-05:00,26.049999237060547,26.079999923706055,26.049999237060547,26.05109977722168,1179,0.0,0.0
2024-02-23 10:30:00-05:00,26.15999984741211,26.170000076293945,26.139999389648438,26.155000686645508,4275,0.0,0.0
2024-02-23 11:30:00-05:00,26.170000076293945,26.170000076293945,26.156400680541992,26.156400680541992,575,0.0,0.0
2024-02-23 12:30:00-05:00,26.15999984741211,26.15999984741211,26.110000610351562,26.115299224853516,5209,0.0,0.0
2024-02-23 13:30:00-05:00,26.15999984741211,26.15999984741211,26.143999099731445,26.155000686645508,2117,0.0,0.0
2024-02-23 14:30:00-05:00,26.15999984741211,26.18000030517578,26.149999618530273,26.155000686645508,4793,0.0,0.0
2024-02-23 15:30:00-05:00,26.18000030517578,26.18000030517578,26.149999618530273,26.18000030517578,2577,0.0,0.0
2024-02-26 09:30:00-05:00,26.110000610351562,26.179000854492188,26.110000610351562,26.179000854492188,0,0.0,0.0
2024-02-26 10:30:00-05:00,26.139999389648438,26.139999389648438,26.139999389648438,26.139999389648438,284,0.0,0.0
2024-02-26 11:30:00-05:00,26.11989974975586,26.11989974975586,26.0,26.040000915527344,4057,0.0,0.0
2024-02-26 12:30:00-05:00,26.151399612426758,26.170000076293945,26.01759910583496,26.01759910583496,4172,0.0,0.0
2024-02-26 13:30:00-05:00,26.0,26.0,26.0,26.0,1087,0.0,0.0
2024-02-26 14:30:00-05:00,26.089799880981445,26.170000076293945,26.089799880981445,26.149999618530273,2105,0.0,0.0
2024-02-26 15:30:00-05:00,26.155000686645508,26.170000076293945,26.155000686645508,26.170000076293945,1220,0.0,0.0
2024-02-27 09:30:00-05:00,26.155099868774414,26.155099868774414,26.040000915527344,26.04010009765625,5287,0.0,0.0
2024-02-27 10:30:00-05:00,26.049999237060547,26.06999969482422,26.040000915527344,26.040000915527344,3076,0.0,0.0
2024-02-27 11:30:00-05:00,26.12700080871582,26.170000076293945,26.0,26.170000076293945,2147,0.0,0.0
2024-02-27 12:30:00-05:00,26.149999618530273,26.156200408935547,26.050100326538086,26.156200408935547,1471,0.0,0.0
2024-02-27 13:30:00-05:00,26.110000610351562,26.110000610351562,26.049999237060547,26.060199737548828,2212,0.0,0.0
2024-02-27 14:30:00-05:00,26.059999465942383,26.059999465942383,25.931800842285156,25.931800842285156,2639,0.0,0.0
2024-02-27 15:30:00-05:00,26.010000228881836,26.065500259399414,26.0,26.0,1966,0.0,0.0
2024-02-28 09:30:00-05:00,26.010000228881836,26.010000228881836,25.89430046081543,26.0,0,0.0,0.0
2024-02-28 10:30:00-05:00,26.020000457763672,26.110000610351562,25.989999771118164,26.110000610351562,3689,0.0,0.0
2024-02-28 11:30:00-05:00,26.090299606323242,26.170000076293945,26.090299606323242,26.170000076293945,1230,0.0,0.0
2024-02-28 12:30:00-05:00,26.170000076293945,26.170000076293945,26.139999389648438,26.155000686645508,1242,0.0,0.0
2024-02-28 13:30:00-05:00,26.1658992767334,26.18000030517578,26.152700424194336,26.18000030517578,3110,0.0,0.0
2024-02-28 14:30:00-05:00,26.190000534057617,26.190000534057617,26.167999267578125,26.190000534057617,1345,0.0,0.0
2024-02-28 15:30:00-05:00,26.1299991607666,26.18000030517578,26.114999771118164,26.149999618530273,4074,0.0,0.0
2024-02-29 09:30:00-05:00,26.09000015258789,26.14150047302246,25.93000030517578,26.010000228881836,7709,0.0,0.0
2024-02-29 10:30:00-05:00,26.020000457763672,26.125,26.000099182128906,26.06999969482422,3447,0.0,0.0
2024-02-29 11:30:00-05:00,26.056400299072266,26.149999618530273,26.056400299072266,26.136499404907227,2594,0.0,0.0
2024-02-29 12:30:00-05:00,26.139999389648438,26.149999618530273,26.062400817871094,26.110000610351562,7526,0.0,0.0
2024-02-29 13:30:00-05:00,26.13990020751953,26.139999389648438,26.09000015258789,26.13990020751953,1726,0.0,0.0
2024-02-29 14:30:00-05:00,26.100000381469727,26.149999618530273,26.09000015258789,26.139999389648438,2374,0.0,0.0
2024-02-29 15:30:00-05:00,26.18000030517578,26.18000030517578,26.110300064086914,26.18000030517578,6201,0.0,0.0
2024-03-01 10:30:00-05:00,26.049999237060547,26.05739974975586,26.049999237060547,26.05739974975586,867,0.0,0.0
2024-03-01 11:30:00-05:00,26.030000686645508,26.07509994506836,26.0,26.060800552368164,4182,0.0,0.0
2024-03-01 12:30:00-05:00,26.010000228881836,26.014999389648438,25.964599609375,26.014999389648438,1128,0.0,0.0
2024-03-01 13:30:00-05:00,26.069900512695312,26.069900512695312,26.020099639892578,26.068899154663086,2602,0.0,0.0
2024-03-01 14:30:00-05:00,26.09000015258789,26.100000381469727,26.059999465942383,26.059999465942383,1650,0.0,0.0
2024-03-01 15:30:00-05:00,25.959999084472656,26.09779930114746,25.959999084472656,26.020000457763672,3950,0.0,0.0
2024-03-04 09:30:00-05:00,25.979999542236328,26.004600524902344,25.950000762939453,25.979999542236328,0,0.0,0.0
2024-03-04 10:30:00-05:00,25.99519920349121,26.0,25.95009994506836,25.95009994506836,5433,0.0,0.0
2024-03-04 11:30:00-05:00,26.045000076293945,26.045000076293945,26.045000076293945,26.045000076293945,682,0.0,0.0
2024-03-04 12:30:00-05:00,26.071699142456055,26.071699142456055,26.045000076293945,26.060699462890625,1844,0.0,0.0
2024-03-04 14:30:00-05:00,26.079999923706055,26.099899291992188,26.010000228881836,26.099899291992188,571,0.0,0.0
2024-03-04 15:30:00-05:00,26.100000381469727,26.100000381469727,26.059999465942383,26.059999465942383,0,0.0,0.0
2024-03-05 09:30:00-05:00,26.08449935913086,26.08449935913086,26.079999923706055,26.079999923706055,931,0.0,0.0
2024-03-05 10:30:00-05:00,26.099899291992188,26.200000762939453,26.079999923706055,26.104999542236328,12512,0.0,0.0
2024-03-05 11:30:00-05:00,26.046199798583984,26.146299362182617,26.046199798583984,26.100000381469727,2059,0.0,0.0
2024-03-05 12:30:00-05:00,26.135000228881836,26.209999084472656,26.135000228881836,26.190000534057617,1909,0.0,0.0
2024-03-05 14:30:00-05:00,26.219999313354492,26.219999313354492,26.219999313354492,26.219999313354492,492,0.0,0.0
2024-03-05 15:30:00-05:00,26.229900360107422,26.270000457763672,26.210899353027344,26.270000457763672,8311,0.0,0.0
2024-03-06 09:30:00-05:00,26.280000686645508,26.299999237060547,26.220600128173828,26.2893009185791,0,0.0,0.0
2024-03-06 10:30:00-05:00,26.280000686645508,26.290000915527344,26.251399993896484,26.290000915527344,0,0.0,0.0
2024-03-06 11:30:00-05:00,26.280000686645508,26.290000915527344,26.24489974975586,26.282499313354492,7324,0.0,0.0
2024-03-06 12:30:00-05:00,26.289899826049805,26.289899826049805,26.289899826049805,26.289899826049805,397,0.0,0.0
2024-03-06 13:30:00-05:00,26.270000457763672,26.270000457763672,26.245399475097656,26.245399475097656,1307,0.0,0.0
2024-03-06 14:30:00-05:00,26.269899368286133,26.270000457763672,26.260000228881836,26.264999389648438,2006,0.0,0.0
2024-03-06 15:30:00-05:00,26.260000228881836,26.28499984741211,26.260000228881836,26.280000686645508,0,0.0,0.0
2024-03-07 09:30:00-05:00,26.290000915527344,26.34000015258789,26.289899826049805,26.325000762939453,6078,0.0,0.0
2024-03-07 10:30:00-05:00,26.329999923706055,26.34000015258789,26.295000076293945,26.295000076293945,2220,0.0,0.0
2024-03-07 11:30:00-05:00,26.33970069885254,26.34000015258789,26.325000762939453,26.325000762939453,1947,0.0,0.0
2024-03-07 12:30:00-05:00,26.327800750732422,26.34000015258789,26.309999465942383,26.318899154663086,1822,0.0,0.0
2024-03-07 13:30:00-05:00,26.31999969482422,26.329999923706055,26.299999237060547,26.329999923706055,1479,0.0,0.0
2024-03-07 14:30:00-05:00,26.31999969482422,26.34000015258789,26.309999465942383,26.31999969482422,14562,0.0,0.0
2024-03-07 15:30:00-05:00,26.34000015258789,26.350000381469727,26.34000015258789,26.350000381469727,1466,0.0,0.0
2024-03-08 09:30:00-05:00,26.350000381469727,26.350000381469727,26.325000762939453,26.34000015258789,0,0.0,0.0
2024-03-08 10:30:00-05:00,26.350000381469727,26.3700008392334,26.350000381469727,26.3700008392334,988,0.0,0.0
2024-03-08 11:30:00-05:00,26.365100860595703,26.3700008392334,26.350000381469727,26.369800567626953,3281,0.0,0.0
2024-03-08 12:30:00-05:00,26.3700008392334,26.3700008392334,26.360000610351562,26.360000610351562,6191,0.0,0.0
2024-03-08 13:30:00-05:00,26.344999313354492,26.345199584960938,26.31329917907715,26.31329917907715,3555,0.0,0.0
2024-03-08 14:30:00-05:00,26.325000762939453,26.334999084472656,26.309999465942383,26.309999465942383,2587,0.0,0.0
2024-03-08 15:30:00-05:00,26.31999969482422,26.350000381469727,26.290000915527344,26.350000381469727,2551,0.0,0.0
2024-03-11 09:30:00-04:00,26.329999923706055,26.329999923706055,26.299999237060547,26.299999237060547,0,0.0,0.0
2024-03-11 10:30:00-04:00,26.27790069580078,26.389999389648438,26.27790069580078,26.300100326538086,4251,0.0,0.0
2024-03-11 11:30:00-04:00,26.3700008392334,26.40999984741211,26.350900650024414,26.3700008392334,4189,0.0,0.0
2024-03-11 12:30:00-04:00,26.389999389648438,26.43000030517578,26.389999389648438,26.43000030517578,2465,0.0,0.0
2024-03-11 13:30:00-04:00,26.40999984741211,26.40999984741211,26.364999771118164,26.364999771118164,1870,0.0,0.0
2024-03-11 14:30:00-04:00,26.350000381469727,26.389999389648438,26.18000030517578,26.21929931640625,7446,0.0,0.0
2024-03-11 15:30:00-04:00,26.260000228881836,26.389999389648438,26.209999084472656,26.299999237060547,0,0.0,0.0
2024-03-12 09:30:00-04:00,26.309999465942383,26.309999465942383,26.309999465942383,26.309999465942383,1503,0.0,0.0
2024-03-12 10:30:00-04:00,26.325000762939453,26.325000762939453,26.204999923706055,26.21500015258789,1893,0.0,0.0
2024-03-12 11:30:00-04:00,26.350000381469727,26.350000381469727,26.149999618530273,26.165000915527344,7306,0.0,0.0
2024-03-12 12:30:00-04:00,26.23889923095703,26.253999710083008,26.170000076293945,26.253999710083008,2917,0.0,0.0
2024-03-12 13:30:00-04:00,26.25,26.25,26.235000610351562,26.25,1365,0.0,0.0
2024-03-12 14:30:00-04:00,26.280000686645508,26.38909912109375,26.270000457763672,26.359800338745117,9506,0.0,0.0
2024-03-12 15:30:00-04:00,26.329999923706055,26.329999923706055,26.329999923706055,26.329999923706055,0,0.0,0.0
2024-03-13 09:30:00-04:00,26.360000610351562,26.469999313354492,26.299999237060547,26.40999984741211,6079,0.0,0.0
2024-03-13 10:30:00-04:00,26.359399795532227,26.398000717163086,26.359399795532227,26.386899948120117,1711,0.0,0.0
2024-03-13 11:30:00-04:00,26.450000762939453,26.450000762939453,26.420000076293945,26.440500259399414,6225,0.0,0.0
2024-03-13 12:30:00-04:00,26.425100326538086,26.469999313354492,26.42009925842285,26.469999313354492,2586,0.0,0.0
2024-03-13 13:30:00-04:00,26.450000762939453,26.450000762939453,26.430099487304688,26.44499969482422,2072,0.0,0.0
2024-03-13 14:30:00-04:00,26.450000762939453,26.454999923706055,26.39150047302246,26.424400329589844,3023,0.0,0.0
2024-03-13 15:30:00-04:00,26.389999389648438,26.4424991607666,26.18000030517578,26.25,0,0.0,0.0
2024-03-14 09:30:00-04:00,26.0,26.0,25.881799697875977,25.881799697875977,1328,0.0,0.0
2024-03-14 10:30:00-04:00,25.780000686645508,25.799999237060547,25.75,25.750099182128906,5212,0.0,0.0
2024-03-14 11:30:00-04:00,25.809999465942383,25.81999969482422,25.809999465942383,25.81999969482422,1124,0.0,0.0
2024-03-14 12:30:00-04:00,25.81800079345703,25.853900909423828,25.8174991607666,25.853900909423828,1603,0.0,0.0
2024-03-14 13:30:00-04:00,25.825000762939453,25.860000610351562,25.790000915527344,25.799999237060547,2675,0.0,0.0
2024-03-14 14:30:00-04:00,25.850000381469727,25.969999313354492,25.799999237060547,25.84000015258789,6841,0.0,0.0
2024-03-14 15:30:00-04:00,25.8700008392334,25.959999084472656,25.8700008392334,25.8799991607666,2527,0.0,0.0
2024-03-15 09:30:00-04:00,25.851699829101562,25.989999771118164,25.850099563598633,25.850099563598633,1401,0.0,0.0
2024-03-15 10:30:00-04:00,25.920000076293945,25.920000076293945,25.875699996948242,25.875699996948242,955,0.0,0.0
2024-03-15 11:30:00-04:00,25.889999389648438,25.917200088500977,25.855600357055664,25.917200088500977,1607,0.0,0.0
2024-03-15 12:30:00-04:00,25.984399795532227,26.014999389648438,25.90239906311035,25.93000030517578,3265,0.0,0.0
2024-03-15 14:30:00-04:00,25.999900817871094,25.999900817871094,25.992799758911133,25.992799758911133,596,0.0,0.0
2024-03-15 15:30:00-04:00,25.934999465942383,25.979900360107422,25.934999465942383,25.979900360107422,15740,0.0,0.0
2024-03-18 09:30:00-04:00,26.040000915527344,26.040000915527344,26.020000457763672,26.030000686645508,0,0.0,0.0
2024-03-18 10:30:00-04:00,26.079999923706055,26.1200008392334,26.029300689697266,26.037500381469727,5140,0.0,0.0
2024-03-18 11:30:00-04:00,26.03499984741211,26.049999237060547,26.03499984741211,26.049999237060547,1462,0.0,0.0
2024-03-18 12:30:00-04:00,26.03499984741211,26.06999969482422,26.03499984741211,26.06999969482422,1820,0.0,0.0
2024-03-18 13:30:00-04:00,26.028600692749023,26.0314998626709,26.028600692749023,26.0314998626709,1352,0.0,0.0
2024-03-18 14:30:00-04:00,26.06599998474121,26.1200008392334,26.06599998474121,26.11989974975586,2295,0.0,0.0
2024-03-18 15:30:00-04:00,26.1200008392334,26.170000076293945,26.1200008392334,26.170000076293945,2879,0.0,0.0
2024-03-19 09:30:00-04:00,26.147499084472656,26.147499084472656,26.110000610351562,26.110000610351562,3219,0.0,0.0
2024-03-19 10:30:00-04:00,26.11009979248047,26.209999084472656,26.11009979248047,26.209999084472656,4201,0.0,0.0
2024-03-19 11:30:00-04:00,26.20989990234375,26.339000701904297,26.190000534057617,26.339000701904297,5880,0.0,0.0
2024-03-19 12:30:00-04:00,26.295700073242188,26.360000610351562,26.295700073242188,26.350000381469727,4114,0.0,0.0
2024-03-19 13:30:00-04:00,26.353300094604492,26.353300094604492,26.353300094604492,26.353300094604492,1508,0.0,0.0
2024-03-19 14:30:00-04:00,26.350099563598633,26.399999618530273,26.350099563598633,26.3799991607666,4602,0.0,0.0
2024-03-19 15:30:00-04:00,26.40999984741211,26.43000030517578,26.399999618530273,26.43000030517578,4732,0.0,0.0
2024-03-20 09:30:00-04:00,26.290000915527344,26.420000076293945,26.1299991607666,26.1299991607666,4120,0.0,0.0
2024-03-20 10:30:00-04:00,26.441699981689453,26.441699981689453,26.440000534057617,26.440000534057617,777,0.0,0.0
2024-03-20 11:30:00-04:00,26.434499740600586,26.540000915527344,26.434499740600586,26.4950008392334,3619,0.0,0.0
2024-03-20 12:30:00-04:00,26.42009925842285,26.540000915527344,26.42009925842285,26.530000686645508,6895,0.0,0.0
2024-03-20 13:30:00-04:00,26.5,26.524999618530273,26.450000762939453,26.524999618530273,2433,0.0,0.0
2024-03-20 14:30:00-04:00,26.524999618530273,26.545000076293945,26.479999542236328,26.545000076293945,8359,0.0,0.0
2024-03-20 15:30:00-04:00,26.52560043334961,26.600000381469727,26.510000228881836,26.600000381469727,8557,0.0,0.0
2024-03-21 09:30:00-04:00,26.545000076293945,26.6299991607666,26.540000915527344,26.5575008392334,6372,0.0,0.0
2024-03-21 10:30:00-04:00,26.530000686645508,26.530000686645508,26.391000747680664,26.40999984741211,12216,0.0,0.0
2024-03-21 11:30:00-04:00,26.399999618530273,26.5,26.399999618530273,26.450000762939453,7646,0.0,0.0
2024-03-21 12:30:00-04:00,26.39189910888672,26.399999618530273,26.32229995727539,26.329999923706055,3487,0.0,0.0
2024-03-21 13:30:00-04:00,26.393699645996094,26.393699645996094,26.3700008392334,26.3700008392334,863,0.0,0.0
2024-03-21 14:30:00-04:00,26.375,26.377500534057617,26.375,26.377500534057617,1200,0.0,0.0
2024-03-21 15:30:00-04:00,26.360000610351562,26.360000610351562,26.360000610351562,26.360000610351562,519,0.0,0.0
2024-03-22 09:30:00-04:00,26.3700008392334,26.3700008392334,26.280000686645508,26.280000686645508,844,0.0,0.0
2024-03-22 11:30:00-04:00,26.295000076293945,26.295000076293945,26.239999771118164,26.239999771118164,2910,0.0,0.0
2024-03-22 12:30:00-04:00,26.2549991607666,26.2549991607666,26.25,26.25,2708,0.0,0.0
2024-03-22 13:30:00-04:00,26.280000686645508,26.34000015258789,26.274999618530273,26.31999969482422,4862,0.0,0.0
2024-03-22 14:30:00-04:00,26.270999908447266,26.280099868774414,26.229999542236328,26.229999542236328,2251,0.0,0.0
2024-03-22 15:30:00-04:00,26.299999237060547,26.351299285888672,26.290000915527344,26.350000381469727,2873,0.0,0.0
2024-03-25 09:30:00-04:00,26.274999618530273,26.274999618530273,26.149999618530273,26.149999618530273,0,0.0,0.0
2024-03-25 11:30:00-04:00,26.309999465942383,26.309999465942383,26.280000686645508,26.299999237060547,1239,0.0,0.0
2024-03-25 12:30:00-04:00,26.309999465942383,26.31999969482422,26.30500030517578,26.30500030517578,4255,0.0,0.0
2024-03-25 14:30:00-04:00,26.190000534057617,26.260000228881836,26.190000534057617,26.260000228881836,1525,0.0,0.0
2024-03-25 15:30:00-04:00,26.190000534057617,26.190000534057617,26.190000534057617,26.190000534057617,653,0.0,0.0
2024-03-26 09:30:00-04:00,26.107999801635742,26.149999618530273,26.100000381469727,26.1200008392334,5416,0.0,0.0
2024-03-26 10:30:00-04:00,26.1299991607666,26.1299991607666,26.02910041809082,26.030099868774414,3918,0.0,0.0
2024-03-26 11:30:00-04:00,26.065000534057617,26.100000381469727,26.065000534057617,26.06999969482422,3382,0.0,0.0
2024-03-26 12:30:00-04:00,26.083099365234375,26.083099365234375,26.06999969482422,26.072200775146484,1098,0.0,0.0
2024-03-26 13:30:00-04:00,26.059999465942383,26.059999465942383,26.040000915527344,26.049999237060547,3817,0.0,0.0
2024-03-26 14:30:00-04:00,26.027799606323242,26.027799606323242,26.027799606323242,26.027799606323242,316,0.0,0.0
2024-03-26 15:30:00-04:00,26.020000457763672,26.040000915527344,26.0,26.040000915527344,2752,0.0,0.0
2024-03-27 09:30:00-04:00,26.049999237060547,26.06999969482422,25.96500015258789,25.96500015258789,10686,0.0,0.0
2024-03-27 10:30:00-04:00,25.989999771118164,26.0,25.950000762939453,25.950000762939453,4506,0.0,0.0
2024-03-27 11:30:00-04:00,25.991300582885742,25.991300582885742,25.979999542236328,25.989999771118164,2190,0.0,0.0
2024-03-27 12:30:00-04:00,25.989999771118164,25.989999771118164,25.989999771118164,25.989999771118164,200,0.0,0.0
2024-03-27 13:30:00-04:00,26.0,26.020000457763672,25.990100860595703,25.990100860595703,7052,0.0,0.0
2024-03-27 14:30:00-04:00,25.9950008392334,26.0,25.979999542236328,25.979999542236328,5281,0.0,0.0
2024-03-27 15:30:00-04:00,25.964000701904297,25.989999771118164,25.940099716186523,25.989999771118164,1642,0.0,0.0
2024-03-28 09:30:00-04:00,26.1299991607666,26.237699508666992,26.06999969482422,26.100000381469727,14998,0.0,0.0
2024-03-28 10:30:00-04:00,26.0,26.15999984741211,25.979999542236328,26.010000228881836,9317,0.0,0.0
2024-03-28 11:30:00-04:00,26.010000228881836,26.100000381469727,25.899999618530273,26.020000457763672,14066,0.0,0.0
2024-03-28 12:30:00-04:00,26.010000228881836,26.053800582885742,25.969999313354492,26.010000228881836,5204,0.0,0.0
2024-03-28 13:30:00-04:00,26.0,26.0,25.9950008392334,26.0,2836,0.0,0.0
2024-03-28 14:30:00-04:00,25.996700286865234,26.02669906616211,25.996700286865234,26.0,3148,0.0,0.0
2024-03-28 15:30:00-04:00,25.950000762939453,25.950000762939453,25.760000228881836,25.760000228881836,11288,0.0,0.0
2024-04-01 09:30:00-04:00,25.799999237060547,25.899999618530273,25.75,25.770000457763672,0,0.0,0.0
2024-04-01 10:30:00-04:00,25.809999465942383,25.850000381469727,25.760000228881836,25.760000228881836,8501,0.0,0.0
2024-04-01 11:30:00-04:00,25.75160026550293,25.799999237060547,25.700000762939453,25.725000381469727,24507,0.0,0.0
2024-04-01 12:30:00-04:00,25.700000762939453,25.979999542236328,25.700000762939453,25.979999542236328,22734,0.0,0.0
2024-04-01 13:30:00-04:00,25.8700008392334,25.899999618530273,25.709999084472656,25.729999542236328,15916,0.0,0.0
2024-04-01 14:30:00-04:00,25.729999542236328,25.75,25.649999618530273,25.649999618530273,18205,0.0,0.0
2024-04-01 15:30:00-04:00,25.649999618530273,25.65999984741211,25.649999618530273,25.649999618530273,19890,0.0,0.0
2024-04-02 09:30:00-04:00,25.6299991607666,25.81999969482422,25.579999923706055,25.75,12486,0.0,0.0
2024-04-02 10:30:00-04:00,25.76729965209961,25.76729965209961,25.649999618530273,25.709999084472656,7986,0.0,0.0
2024-04-02 11:30:00-04:00,25.646299362182617,25.7549991607666,25.6299991607666,25.690000534057617,15711,0.0,0.0
2024-04-02 12:30:00-04:00,25.690000534057617,25.700000762939453,25.620100021362305,25.620100021362305,6915,0.0,0.0
2024-04-02 13:30:00-04:00,25.65999984741211,25.65999984741211,25.649999618530273,25.659900665283203,1323,0.0,0.0
2024-04-02 14:30:00-04:00,25.655099868774414,25.770000457763672,25.6200008392334,25.6200008392334,10384,0.0,0.0
2024-04-02 15:30:00-04:00,25.635000228881836,25.65999984741211,25.610000610351562,25.610000610351562,4303,0.0,0.0
2024-04-03 09:30:00-04:00,25.649999618530273,25.700000762939453,25.649999618530273,25.700000762939453,1145,0.0,0.0
2024-04-03 10:30:00-04:00,25.700000762939453,25.790000915527344,25.700000762939453,25.734600067138672,2733,0.0,0.0
2024-04-03 11:30:00-04:00,25.7278995513916,25.762100219726562,25.65999984741211,25.65999984741211,7655,0.0,0.0
2024-04-03 12:30:00-04:00,25.65999984741211,25.670000076293945,25.649999618530273,25.649999618530273,3727,0.0,0.0
2024-04-03 13:30:00-04:00,25.670000076293945,25.670000076293945,25.6200008392334,25.639999389648438,5465,0.0,0.0
2024-04-03 14:30:00-04:00,25.649999618530273,25.66939926147461,25.6299991607666,25.6299991607666,6134,0.0,0.0
2024-04-03 15:30:00-04:00,25.649999618530273,25.65999984741211,25.649999618530273,25.649999618530273,3373,0.0,0.0
2024-04-04 09:30:00-04:00,25.700000762939453,25.780000686645508,25.700000762939453,25.780000686645508,5128,0.0,0.0
2024-04-04 10:30:00-04:00,25.760000228881836,25.80299949645996,25.760000228881836,25.770000457763672,1371,0.0,0.0
2024-04-04 11:30:00-04:00,25.790000915527344,25.850000381469727,25.790000915527344,25.799999237060547,3170,0.0,0.0
2024-04-04 12:30:00-04:00,25.770000457763672,25.770000457763672,25.649999618530273,25.649999618530273,26013,0.0,0.0
2024-04-04 13:30:00-04:00,25.641700744628906,25.649999618530273,25.600000381469727,25.649999618530273,5348,0.0,0.0
2024-04-04 14:30:00-04:00,25.655000686645508,25.655000686645508,25.631200790405273,25.649999618530273,6152,0.0,0.0
2024-04-04 15:30:00-04:00,25.655000686645508,25.65999984741211,25.649999618530273,25.65999984741211,8446,0.0,0.0
2024-04-05 09:30:00-04:00,25.700000762939453,25.80500030517578,25.700000762939453,25.80500030517578,9693,0.0,0.0
2024-04-05 10:30:00-04:00,25.795000076293945,25.90999984741211,25.687700271606445,25.700000762939453,23366,0.0,0.0
2024-04-05 11:30:00-04:00,25.700000762939453,25.75,25.700000762939453,25.729999542236328,6375,0.0,0.0
2024-04-05 12:30:00-04:00,25.732900619506836,25.732900619506836,25.70009994506836,25.709999084472656,10230,0.0,0.0
2024-04-05 13:30:00-04:00,25.700000762939453,25.75,25.659900665283203,25.659900665283203,12185,0.0,0.0
2024-04-05 14:30:00-04:00,25.65999984741211,25.670000076293945,25.649999618530273,25.65999984741211,11431,0.0,0.0
2024-04-05 15:30:00-04:00,25.670000076293945,25.700000762939453,25.65999984741211,25.700000762939453,4194,0.0,0.0
2024-04-08 09:30:00-04:00,25.670000076293945,25.670000076293945,25.670000076293945,25.670000076293945,1671,0.0,0.0
2024-04-08 10:30:00-04:00,25.63010025024414,25.649999618530273,25.63010025024414,25.649999618530273,1814,0.0,0.0
2024-04-08 11:30:00-04:00,25.639999389648438,25.659900665283203,25.549999237060547,25.56999969482422,12940,0.0,0.0
2024-04-08 12:30:00-04:00,25.690000534057617,25.690000534057617,25.690000534057617,25.690000534057617,3265,0.0,0.0
2024-04-08 13:30:00-04:00,25.6830997467041,25.6830997467041,25.6830997467041,25.6830997467041,430,0.0,0.0
2024-04-08 14:30:00-04:00,25.670000076293945,25.690000534057617,25.670000076293945,25.690000534057617,3162,0.0,0.0
2024-04-08 15:30:00-04:00,25.6299991607666,25.690000534057617,25.6299991607666,25.690000534057617,1629,0.0,0.0
2024-04-09 09:30:00-04:00,25.700000762939453,25.729999542236328,25.659000396728516,25.70490074157715,2596,0.0,0.0
2024-04-09 10:30:00-04:00,25.700000762939453,25.700000762939453,25.650800704956055,25.650800704956055,1595,0.0,0.0
2024-04-09 11:30:00-04:00,25.709999084472656,25.709999084472656,25.65999984741211,25.709999084472656,4054,0.0,0.0
2024-04-09 12:30:00-04:00,25.700000762939453,25.700000762939453,25.670000076293945,25.670000076293945,3015,0.0,0.0
2024-04-09 13:30:00-04:00,25.684999465942383,25.684999465942383,25.684999465942383,25.684999465942383,701,0.0,0.0
2024-04-09 14:30:00-04:00,25.67009925842285,25.69499969482422,25.67009925842285,25.68000030517578,3135,0.0,0.0
2024-04-09 15:30:00-04:00,25.700000762939453,25.700000762939453,25.68000030517578,25.68000030517578,588,0.0,0.0
2024-04-10 09:30:00-04:00,25.68000030517578,25.68000030517578,25.610000610351562,25.610000610351562,5442,0.0,0.0
2024-04-10 10:30:00-04:00,25.610000610351562,25.610000610351562,25.559999465942383,25.559999465942383,3545,0.0,0.0
2024-04-10 11:30:00-04:00,25.58989906311035,25.58989906311035,25.549999237060547,25.549999237060547,6899,0.0,0.0
2024-04-10 12:30:00-04:00,25.549999237060547,25.559900283813477,25.520000457763672,25.559900283813477,12334,0.0,0.0
2024-04-10 13:30:00-04:00,25.549999237060547,25.56999969482422,25.540000915527344,25.549999237060547,3273,0.0,0.0
2024-04-10 14:30:00-04:00,25.549999237060547,25.68000030517578,25.549999237060547,25.600000381469727,5032,0.0,0.0
2024-04-11 09:30:00-04:00,25.6200008392334,25.6200008392334,25.559999465942383,25.559999465942383,2848,0.0,0.0
2024-04-11 10:30:00-04:00,25.59000015258789,25.59000015258789,25.579999923706055,25.5846004486084,1863,0.0,0.0
2024-04-11 11:30:00-04:00,25.5846004486084,25.614999771118164,25.5846004486084,25.610000610351562,3011,0.0,0.0
2024-04-11 12:30:00-04:00,25.559999465942383,25.579999923706055,25.559999465942383,25.579999923706055,1532,0.0,0.0
2024-04-11 13:30:00-04:00,25.579999923706055,25.59000015258789,25.549999237060547,25.59000015258789,5577,0.0,0.0
2024-04-11 14:30:00-04:00,25.59000015258789,25.629899978637695,25.559999465942383,25.629899978637695,2147,0.0,0.0
2024-04-11 15:30:00-04:00,25.59000015258789,25.6299991607666,25.59000015258789,25.6200008392334,2336,0.0,0.0
2024-04-12 09:30:00-04:00,25.559999465942383,25.649999618530273,25.559999465942383,25.600000381469727,5117,0.0,0.0
2024-04-12 10:30:00-04:00,25.6200008392334,25.6299991607666,25.6200008392334,25.62969970703125,1749,0.0,0.0
2024-04-12 11:30:00-04:00,25.62820053100586,25.6299991607666,25.613100051879883,25.620100021362305,5190,0.0,0.0
2024-04-12 12:30:00-04:00,25.648399353027344,25.648399353027344,25.59000015258789,25.600000381469727,3199,0.0,0.0
2024-04-12 13:30:00-04:00,25.59000015258789,25.630699157714844,25.559999465942383,25.630699157714844,4124,0.0,0.0
2024-04-12 14:30:00-04:00,25.610000610351562,25.610000610351562,25.610000610351562,25.610000610351562,525,0.0,0.0
2024-04-12 15:30:00-04:00,25.629899978637695,25.6299991607666,25.600000381469727,25.6299991607666,6770,0.0,0.0
2024-04-15 09:30:00-04:00,25.56999969482422,25.56999969482422,25.510000228881836,25.510000228881836,8120,0.0,0.0
2024-04-15 10:30:00-04:00,25.517900466918945,25.517900466918945,25.469999313354492,25.469999313354492,15670,0.0,0.0
2024-04-15 11:30:00-04:00,25.469999313354492,25.469999313354492,25.440000534057617,25.440000534057617,13056,0.0,0.0
2024-04-15 12:30:00-04:00,25.44499969482422,25.459999084472656,25.43000030517578,25.440000534057617,14658,0.0,0.0
2024-04-15 13:30:00-04:00,25.440000534057617,25.5,25.440000534057617,25.479999542236328,4121,0.0,0.0
2024-04-15 14:30:00-04:00,25.49449920654297,25.49449920654297,25.469900131225586,25.469900131225586,17998,0.0,0.0
2024-04-15 15:30:00-04:00,25.4689998626709,25.5,25.450000762939453,25.493799209594727,5655,0.0,0.0
2024-04-16 09:30:00-04:00,25.479999542236328,25.549999237060547,25.45009994506836,25.549999237060547,6700,0.0,0.0
2024-04-16 10:30:00-04:00,25.55340003967285,25.579999923706055,25.50510025024414,25.56999969482422,4674,0.0,0.0
2024-04-16 11:30:00-04:00,25.57309913635254,25.575000762939453,25.540000915527344,25.540000915527344,4222,0.0,0.0
2024-04-16 12:30:00-04:00,25.549999237060547,25.549999237060547,25.540000915527344,25.540000915527344,677,0.0,0.0
2024-04-16 13:30:00-04:00,25.56060028076172,25.56999969482422,25.5,25.540000915527344,12156,0.0,0.0
2024-04-16 14:30:00-04:00,25.545000076293945,25.549999237060547,25.5,25.531099319458008,4783,0.0,0.0
2024-04-16 15:30:00-04:00,25.530000686645508,25.530000686645508,25.530000686645508,25.530000686645508,780,0.0,0.0
2024-04-17 09:30:00-04:00,25.690000534057617,25.690000534057617,25.6299991607666,25.6299991607666,3273,0.0,0.0
2024-04-17 10:30:00-04:00,25.625,25.6299991607666,25.603500366210938,25.6299991607666,1398,0.0,0.0
2024-04-17 11:30:00-04:00,25.670000076293945,25.68000030517578,25.6200008392334,25.655000686645508,1964,0.0,0.0
2024-04-17 12:30:00-04:00,25.639999389648438,25.690000534057617,25.639999389648438,25.690000534057617,1303,0.0,0.0
2024-04-17 13:30:00-04:00,25.6200008392334,25.68000030517578,25.6200008392334,25.639999389648438,1856,0.0,0.0
2024-04-17 14:30:00-04:00,25.670000076293945,25.679800033569336,25.618600845336914,25.639999389648438,1608,0.0,0.0
2024-04-17 15:30:00-04:00,25.68000030517578,25.68000030517578,25.649999618530273,25.649999618530273,1750,0.0,0.0
2024-04-18 09:30:00-04:00,25.700000762939453,25.700000762939453,25.649999618530273,25.670000076293945,5062,0.0,0.0
2024-04-18 10:30:00-04:00,25.66990089416504,25.66990089416504,25.610000610351562,25.610000610351562,2665,0.0,0.0
2024-04-18 11:30:00-04:00,25.609800338745117,25.6299991607666,25.579999923706055,25.59670066833496,8514,0.0,0.0
2024-04-18 12:30:00-04:00,25.59000015258789,25.59000015258789,25.549999237060547,25.549999237060547,7245,0.0,0.0
2024-04-18 13:30:00-04:00,25.569900512695312,25.599899291992188,25.540000915527344,25.56999969482422,7963,0.0,0.0
2024-04-18 14:30:00-04:00,25.56999969482422,25.670000076293945,25.559999465942383,25.579999923706055,13991,0.0,0.0
2024-04-18 15:30:00-04:00,25.6200008392334,25.635000228881836,25.579999923706055,25.594999313354492,5258,0.0,0.0
2024-04-19 09:30:00-04:00,25.649999618530273,25.649999618530273,25.6200008392334,25.6200008392334,1981,0.0,0.0
2024-04-19 10:30:00-04:00,25.6299991607666,25.6299991607666,25.610000610351562,25.610000610351562,508,0.0,0.0
2024-04-19 11:30:00-04:00,25.649999618530273,25.649999618530273,25.600000381469727,25.600000381469727,1188,0.0,0.0
2024-04-19 12:30:00-04:00,25.6299991607666,25.63640022277832,25.6299991607666,25.6299991607666,2284,0.0,0.0
2024-04-19 13:30:00-04:00,25.610000610351562,25.6299991607666,25.610000610351562,25.6299991607666,1495,0.0,0.0
2024-04-19 14:30:00-04:00,25.61370086669922,25.6200008392334,25.610000610351562,25.6200008392334,1776,0.0,0.0
2024-04-19 15:30:00-04:00,25.6200008392334,25.639999389648438,25.6200008392334,25.6200008392334,1758,0.0,0.0
2024-04-22 09:30:00-04:00,25.65999984741211,25.65999984741211,25.610000610351562,25.62179946899414,0,0.0,0.0
2024-04-22 10:30:00-04:00,25.649999618530273,25.649999618530273,25.649999618530273,25.649999618530273,1163,0.0,0.0
2024-04-22 11:30:00-04:00,25.649599075317383,25.670000076293945,25.649599075317383,25.670000076293945,5304,0.0,0.0
2024-04-22 12:30:00-04:00,25.719900131225586,25.719900131225586,25.68000030517578,25.68000030517578,1352,0.0,0.0
2024-04-22 13:30:00-04:00,25.68000030517578,25.68000030517578,25.649999618530273,25.649999618530273,1496,0.0,0.0
2024-04-22 14:30:00-04:00,25.649999618530273,25.689899444580078,25.639999389648438,25.684999465942383,5616,0.0,0.0
2024-04-22 15:30:00-04:00,25.719900131225586,25.719900131225586,25.6299991607666,25.6299991607666,2507,0.0,0.0
2024-04-23 09:30:00-04:00,25.6200008392334,25.799999237060547,25.6200008392334,25.799999237060547,4677,0.0,0.0
2024-04-23 10:30:00-04:00,25.780000686645508,25.79990005493164,25.770000457763672,25.77750015258789,3390,0.0,0.0
2024-04-23 11:30:00-04:00,25.790000915527344,25.790000915527344,25.760799407958984,25.770000457763672,1094,0.0,0.0
2024-04-23 12:30:00-04:00,25.790000915527344,25.84000015258789,25.790000915527344,25.84000015258789,1186,0.0,0.0
2024-04-23 13:30:00-04:00,25.84000015258789,25.84000015258789,25.820100784301758,25.84000015258789,1517,0.0,0.0
2024-04-23 14:30:00-04:00,25.799999237060547,25.799999237060547,25.770000457763672,25.770000457763672,3167,0.0,0.0
2024-04-23 15:30:00-04:00,25.770000457763672,25.78499984741211,25.760000228881836,25.770000457763672,3100,0.0,0.0
2024-04-24 09:30:00-04:00,25.729999542236328,25.778900146484375,25.729999542236328,25.729999542236328,1673,0.0,0.0
2024-04-24 10:30:00-04:00,25.65999984741211,25.65999984741211,25.600000381469727,25.600000381469727,11569,0.0,0.0
2024-04-24 11:30:00-04:00,25.639999389648438,25.690000534057617,25.639999389648438,25.690000534057617,2764,0.0,0.0
2024-04-24 12:30:00-04:00,25.68000030517578,25.719999313354492,25.649999618530273,25.700000762939453,7597,0.0,0.0
2024-04-24 13:30:00-04:00,25.700000762939453,25.700000762939453,25.657400131225586,25.690000534057617,2808,0.0,0.0
2024-04-24 14:30:00-04:00,25.84000015258789,25.84000015258789,25.729999542236328,25.739999771118164,0,0.0,0.0
2024-04-24 15:30:00-04:00,25.719999313354492,25.725000381469727,25.700000762939453,25.700000762939453,29476,0.0,0.0
2024-04-25 09:30:00-04:00,25.649999618530273,25.649999618530273,25.59000015258789,25.59000015258789,6192,0.0,0.0
2024-04-25 10:30:00-04:00,25.6018009185791,25.6018009185791,25.601499557495117,25.601499557495117,846,0.0,0.0
2024-04-25 11:30:00-04:00,25.649599075317383,25.649599075317383,25.549999237060547,25.569900512695312,14212,0.0,0.0
2024-04-25 12:30:00-04:00,25.520000457763672,25.59000015258789,25.520000457763672,25.547700881958008,8281,0.0,0.0
2024-04-25 13:30:00-04:00,25.583599090576172,25.583599090576172,25.540000915527344,25.542699813842773,4884,0.0,0.0
2024-04-25 14:30:00-04:00,25.54450035095215,25.582300186157227,25.54450035095215,25.582300186157227,811,0.0,0.0
2024-04-25 15:30:00-04:00,25.594999313354492,25.594999313354492,25.56999969482422,25.56999969482422,2116,0.0,0.0
2024-04-26 09:30:00-04:00,25.56999969482422,25.6200008392334,25.56999969482422,25.610000610351562,3258,0.0,0.0
2024-04-26 10:30:00-04:00,25.577199935913086,25.59510040283203,25.577199935913086,25.59510040283203,451,0.0,0.0
2024-04-26 11:30:00-04:00,25.585500717163086,25.610000610351562,25.585500717163086,25.59939956665039,1275,0.0,0.0
2024-04-26 12:30:00-04:00,25.629899978637695,25.629899978637695,25.605100631713867,25.605100631713867,765,0.0,0.0
2024-04-26 13:30:00-04:00,25.580299377441406,25.609699249267578,25.579999923706055,25.579999923706055,1122,0.0,0.0
2024-04-26 14:30:00-04:00,25.57550048828125,25.57550048828125,25.559999465942383,25.56999969482422,2233,0.0,0.0
2024-04-26 15:30:00-04:00,25.56999969482422,25.56999969482422,25.540000915527344,25.55500030517578,4608,0.0,0.0
2024-04-29 09:30:00-04:00,25.56999969482422,25.690000534057617,25.520099639892578,25.549999237060547,0,0.0,0.0
2024-04-29 10:30:00-04:00,25.59000015258789,25.59000015258789,25.59000015258789,25.59000015258789,434,0.0,0.0
2024-04-29 11:30:00-04:00,25.624399185180664,25.649999618530273,25.59000015258789,25.61009979248047,7724,0.0,0.0
2024-04-29 13:30:00-04:00,25.642499923706055,25.642499923706055,25.630199432373047,25.630300521850586,1314,0.0,0.0
2024-04-29 14:30:00-04:00,25.59000015258789,25.649999618530273,25.59000015258789,25.635499954223633,3378,0.0,0.0
2024-04-29 15:30:00-04:00,25.649999618530273,25.670000076293945,25.639999389648438,25.639999389648438,2551,0.0,0.0
2024-04-30 09:30:00-04:00,25.6200008392334,25.75,25.610000610351562,25.700000762939453,16296,0.0,0.0
2024-04-30 10:30:00-04:00,25.655000686645508,25.655000686645508,25.62849998474121,25.62849998474121,562,0.0,0.0
2024-04-30 11:30:00-04:00,25.666000366210938,25.675600051879883,25.650100708007812,25.650100708007812,3015,0.0,0.0
2024-04-30 12:30:00-04:00,25.65999984741211,25.670000076293945,25.620399475097656,25.649999618530273,3546,0.0,0.0
2024-04-30 13:30:00-04:00,25.6299991607666,25.6299991607666,25.6299991607666,25.6299991607666,882,0.0,0.0
2024-04-30 14:30:00-04:00,25.610000610351562,25.614999771118164,25.600000381469727,25.610000610351562,10453,0.0,0.0
2024-04-30 15:30:00-04:00,25.649999618530273,25.649999618530273,25.639999389648438,25.649999618530273,5506,0.0,0.0
2024-05-01 09:30:00-04:00,25.670000076293945,25.670000076293945,25.61009979248047,25.649999618530273,1839,0.0,0.0
2024-05-01 10:30:00-04:00,25.673799514770508,25.719999313354492,25.6200008392334,25.670000076293945,5859,0.0,0.0
2024-05-01 11:30:00-04:00,25.65999984741211,25.727399826049805,25.65999984741211,25.65999984741211,2072,0.0,0.0
2024-05-01 12:30:00-04:00,25.69499969482422,25.71489906311035,25.69499969482422,25.71489906311035,2545,0.0,0.0
2024-05-01 13:30:00-04:00,25.719999313354492,25.790000915527344,25.65999984741211,25.764999389648438,9560,0.0,0.0
2024-05-01 14:30:00-04:00,25.790000915527344,25.799999237060547,25.719999313354492,25.719999313354492,5518,0.0,0.0
2024-05-01 15:30:00-04:00,25.700000762939453,25.805200576782227,25.700000762939453,25.75,2212,0.0,0.0
2024-05-02 09:30:00-04:00,25.719999313354492,25.719999313354492,25.719999313354492,25.719999313354492,1722,0.0,0.0
2024-05-02 10:30:00-04:00,25.670000076293945,25.82990074157715,25.670000076293945,25.82990074157715,5606,0.0,0.0
2024-05-02 11:30:00-04:00,25.711700439453125,25.760299682617188,25.710399627685547,25.7549991607666,2946,0.0,0.0
2024-05-02 12:30:00-04:00,25.7549991607666,25.780000686645508,25.719999313354492,25.780000686645508,9469,0.0,0.0
2024-05-02 13:30:00-04:00,25.809099197387695,25.809099197387695,25.790000915527344,25.790000915527344,1549,0.0,0.0
2024-05-02 14:30:00-04:00,25.789899826049805,25.829999923706055,25.770200729370117,25.775100708007812,3323,0.0,0.0
2024-05-02 15:30:00-04:00,25.729999542236328,25.729999542236328,25.690000534057617,25.690000534057617,2452,0.0,0.0
2024-05-03 09:30:00-04:00,25.84000015258789,25.850000381469727,25.739999771118164,25.809200286865234,9011,0.0,0.0
2024-05-03 10:30:00-04:00,25.780000686645508,25.79560089111328,25.780000686645508,25.780000686645508,1418,0.0,0.0
2024-05-03 11:30:00-04:00,25.790000915527344,25.799999237060547,25.787900924682617,25.787900924682617,3221,0.0,0.0
2024-05-03 12:30:00-04:00,25.799999237060547,25.808900833129883,25.760000228881836,25.766199111938477,4053,0.0,0.0
2024-05-03 13:30:00-04:00,25.770000457763672,25.809999465942383,25.770000457763672,25.809900283813477,5357,0.0,0.0
2024-05-03 15:30:00-04:00,25.799999237060547,25.799999237060547,25.799999237060547,25.799999237060547,1834,0.0,0.0
2024-05-06 09:30:00-04:00,25.799999237060547,25.81999969482422,25.799999237060547,25.81999969482422,1625,0.0,0.0
2024-05-06 10:30:00-04:00,25.81999969482422,25.8799991607666,25.774999618530273,25.849899291992188,14402,0.0,0.0
2024-05-06 11:30:00-04:00,25.760000228881836,25.799999237060547,25.760000228881836,25.783899307250977,824,0.0,0.0
2024-05-06 12:30:00-04:00,25.84000015258789,25.869800567626953,25.83009910583496,25.860000610351562,1377,0.0,0.0
2024-05-06 13:30:00-04:00,25.854999542236328,25.875200271606445,25.829999923706055,25.841899871826172,4692,0.0,0.0
2024-05-06 14:30:00-04:00,25.84000015258789,25.84000015258789,25.760000228881836,25.760000228881836,6765,0.0,0.0
2024-05-06 15:30:00-04:00,25.799999237060547,25.799999237060547,25.760000228881836,25.760000228881836,3157,0.0,0.0
2024-05-07 09:30:00-04:00,25.850000381469727,25.850000381469727,25.815000534057617,25.815000534057617,3681,0.0,0.0
2024-05-07 10:30:00-04:00,25.815000534057617,25.826900482177734,25.815000534057617,25.826900482177734,1946,0.0,0.0
2024-05-07 11:30:00-04:00,25.810100555419922,25.850000381469727,25.809999465942383,25.810100555419922,1936,0.0,0.0
2024-05-07 12:30:00-04:00,25.809999465942383,25.813499450683594,25.760000228881836,25.778400421142578,3649,0.0,0.0
2024-05-07 13:30:00-04:00,25.790000915527344,25.790000915527344,25.709999084472656,25.709999084472656,2797,0.0,0.0
2024-05-07 14:30:00-04:00,25.780000686645508,25.788000106811523,25.75,25.774999618530273,5072,0.0,0.0
2024-05-07 15:30:00-04:00,25.764999389648438,25.809999465942383,25.764999389648438,25.809999465942383,5684,0.0,0.0
2024-05-08 09:30:00-04:00,25.739999771118164,25.864200592041016,25.71940040588379,25.71940040588379,0,0.0,0.0
2024-05-08 10:30:00-04:00,25.799999237060547,25.8700008392334,25.799999237060547,25.8700008392334,2190,0.0,0.0
2024-05-08 11:30:00-04:00,25.783599853515625,25.789100646972656,25.78339958190918,25.789100646972656,2110,0.0,0.0
2024-05-08 12:30:00-04:00,25.789199829101562,25.799999237060547,25.780000686645508,25.792800903320312,8921,0.0,0.0
2024-05-08 13:30:00-04:00,25.782499313354492,25.799999237060547,25.734800338745117,25.734800338745117,7278,0.0,0.0
2024-05-08 14:30:00-04:00,25.729999542236328,25.790000915527344,25.719999313354492,25.770000457763672,10124,0.0,0.0
2024-05-08 15:30:00-04:00,25.753599166870117,25.770000457763672,25.75,25.760000228881836,3905,0.0,0.0
2024-05-09 09:30:00-04:00,25.75,25.76959991455078,25.75,25.76959991455078,1941,0.0,0.0
2024-05-09 10:30:00-04:00,25.790000915527344,25.829999923706055,25.760000228881836,25.760000228881836,4437,0.0,0.0
2024-05-09 11:30:00-04:00,25.859899520874023,25.859899520874023,25.825000762939453,25.825000762939453,4463,0.0,0.0
2024-05-09 12:30:00-04:00,25.8346004486084,25.860000610351562,25.8346004486084,25.860000610351562,1277,0.0,0.0
2024-05-09 13:30:00-04:00,25.850000381469727,25.889999389648438,25.850000381469727,25.889999389648438,1657,0.0,0.0
2024-05-09 14:30:00-04:00,25.8799991607666,25.90999984741211,25.87529945373535,25.909900665283203,2372,0.0,0.0
2024-05-09 15:30:00-04:00,25.8799991607666,25.899900436401367,25.860000610351562,25.889999389648438,1994,0.0,0.0
2024-05-10 09:30:00-04:00,25.81999969482422,25.885000228881836,25.81999969482422,25.885000228881836,909,0.0,0.0
2024-05-10 10:30:00-04:00,25.829999923706055,25.869699478149414,25.82040023803711,25.850000381469727,1425,0.0,0.0
2024-05-10 11:30:00-04:00,25.884700775146484,25.884700775146484,25.84000015258789,25.84000015258789,5536,0.0,0.0
2024-05-10 12:30:00-04:00,25.834999084472656,25.850000381469727,25.834999084472656,25.840099334716797,5327,0.0,0.0
2024-05-10 13:30:00-04:00,25.81999969482422,25.850000381469727,25.81999969482422,25.850000381469727,885,0.0,0.0
2024-05-10 14:30:00-04:00,25.84000015258789,25.850000381469727,25.81999969482422,25.849899291992188,4912,0.0,0.0
2024-05-10 15:30:00-04:00,25.850000381469727,25.850000381469727,25.809999465942383,25.809999465942383,9351,0.0,0.0
2024-05-13 09:30:00-04:00,25.85059928894043,25.937599182128906,25.85059928894043,25.937599182128906,0,0.0,0.0
2024-05-13 10:30:00-04:00,25.92959976196289,25.950000762939453,25.846900939941406,25.846900939941406,7092,0.0,0.0
2024-05-13 11:30:00-04:00,25.920000076293945,25.920000076293945,25.920000076293945,25.920000076293945,437,0.0,0.0
2024-05-13 12:30:00-04:00,25.89419937133789,25.89419937133789,25.89419937133789,25.89419937133789,1730,0.0,0.0
2024-05-13 13:30:00-04:00,25.920000076293945,25.93000030517578,25.895000457763672,25.895000457763672,2557,0.0,0.0
2024-05-13 14:30:00-04:00,25.950000762939453,25.950000762939453,25.85919952392578,25.860000610351562,976,0.0,0.0
2024-05-13 15:30:00-04:00,25.949899673461914,25.950000762939453,25.873300552368164,25.908100128173828,2951,0.0,0.0
2024-05-14 09:30:00-04:00,25.885000228881836,25.885000228881836,25.860000610351562,25.863800048828125,2161,0.0,0.0
2024-05-14 10:30:00-04:00,25.936100006103516,25.940000534057617,25.93000030517578,25.940000534057617,1432,0.0,0.0
2024-05-14 11:30:00-04:00,25.829999923706055,25.969999313354492,25.829999923706055,25.969999313354492,10139,0.0,0.0
2024-05-14 12:30:00-04:00,25.93000030517578,25.989999771118164,25.93000030517578,25.989999771118164,2275,0.0,0.0
2024-05-14 13:30:00-04:00,25.899999618530273,25.899999618530273,25.850000381469727,25.850000381469727,2736,0.0,0.0
2024-05-14 14:30:00-04:00,25.920000076293945,26.15239906311035,25.920000076293945,26.0,3144,0.0,0.0
2024-05-14 15:30:00-04:00,26.0,26.059999465942383,25.890100479125977,25.989999771118164,3104,0.0,0.0
2024-05-15 09:30:00-04:00,26.139999389648438,26.200000762939453,26.079999923706055,26.200000762939453,2442,0.0,0.0
2024-05-15 10:30:00-04:00,26.049999237060547,26.05590057373047,26.049999237060547,26.05590057373047,3538,0.0,0.0
2024-05-15 11:30:00-04:00,26.049999237060547,26.179899215698242,26.0393009185791,26.100000381469727,2326,0.0,0.0
2024-05-15 12:30:00-04:00,26.1200008392334,26.139999389648438,26.1200008392334,26.139999389648438,1729,0.0,0.0
2024-05-15 13:30:00-04:00,26.1299991607666,26.1299991607666,26.110300064086914,26.110300064086914,1519,0.0,0.0
2024-05-15 14:30:00-04:00,26.139999389648438,26.139999389648438,26.09000015258789,26.09000015258789,5275,0.0,0.0
2024-05-15 15:30:00-04:00,26.114999771118164,26.1200008392334,26.09000015258789,26.100000381469727,7243,0.0,0.0
2024-05-16 09:30:00-04:00,26.18000030517578,26.18000030517578,26.002300262451172,26.011499404907227,0,0.0,0.0
2024-05-16 10:30:00-04:00,26.06999969482422,26.075000762939453,26.000099182128906,26.075000762939453,2830,0.0,0.0
2024-05-16 11:30:00-04:00,26.049999237060547,26.064300537109375,25.986400604248047,26.020000457763672,3940,0.0,0.0
2024-05-16 12:30:00-04:00,26.045400619506836,26.045400619506836,26.045400619506836,26.045400619506836,654,0.0,0.0
2024-05-16 13:30:00-04:00,26.03499984741211,26.03499984741211,25.97130012512207,25.97130012512207,1394,0.0,0.0
2024-05-16 14:30:00-04:00,25.986400604248047,25.986400604248047,25.969999313354492,25.969999313354492,8867,0.0,0.0
2024-05-16 15:30:00-04:00,25.959999084472656,26.023099899291992,25.959999084472656,26.021699905395508,4632,0.0,0.0
2024-05-17 09:30:00-04:00,26.18000030517578,26.18000030517578,26.040000915527344,26.059999465942383,1457,0.0,0.0
2024-05-17 11:30:00-04:00,26.040000915527344,26.040000915527344,26.040000915527344,26.040000915527344,1461,0.0,0.0
2024-05-17 12:30:00-04:00,26.06999969482422,26.06999969482422,26.06999969482422,26.06999969482422,211,0.0,0.0
2024-05-17 13:30:00-04:00,26.053699493408203,26.053699493408203,26.010000228881836,26.042600631713867,1271,0.0,0.0
2024-05-17 14:30:00-04:00,26.036100387573242,26.059999465942383,26.036100387573242,26.049999237060547,3148,0.0,0.0
2024-05-17 15:30:00-04:00,26.010400772094727,26.048500061035156,25.92009925842285,25.93000030517578,2431,0.0,0.0
2024-05-20 09:30:00-04:00,25.95009994506836,25.959999084472656,25.899999618530273,25.950000762939453,3132,0.0,0.0
2024-05-20 10:30:00-04:00,25.950000762939453,25.950000762939453,25.860000610351562,25.88050079345703,2030,0.0,0.0
2024-05-20 12:30:00-04:00,25.8528995513916,25.8528995513916,25.8528995513916,25.8528995513916,193,0.0,0.0
2024-05-20 13:30:00-04:00,25.899999618530273,25.940000534057617,25.899999618530273,25.940000534057617,1667,0.0,0.0
2024-05-20 14:30:00-04:00,25.949899673461914,25.949899673461914,25.949899673461914,25.949899673461914,1092,0.0,0.0
2024-05-20 15:30:00-04:00,25.90999984741211,25.940000534057617,25.889999389648438,25.940000534057617,1929,0.0,0.0
2024-05-21 09:30:00-04:00,25.950000762939453,25.950000762939453,25.90999984741211,25.90999984741211,5977,0.0,0.0
2024-05-21 10:30:00-04:00,25.899999618530273,25.899999618530273,25.88949966430664,25.88949966430664,9758,0.0,0.0
2024-05-21 11:30:00-04:00,25.8799991607666,25.8799991607666,25.860000610351562,25.860000610351562,1754,0.0,0.0
2024-05-21 12:30:00-04:00,25.870800018310547,25.870800018310547,25.81999969482422,25.859800338745117,13821,0.0,0.0
2024-05-21 13:30:00-04:00,25.84000015258789,25.8700008392334,25.82309913635254,25.82309913635254,6627,0.0,0.0
2024-05-21 14:30:00-04:00,25.846200942993164,25.869800567626953,25.790000915527344,25.799999237060547,11377,0.0,0.0
2024-05-21 15:30:00-04:00,25.799999237060547,25.8799991607666,25.799999237060547,25.8799991607666,3438,0.0,0.0
2024-05-22 09:30:00-04:00,25.8700008392334,25.8700008392334,25.8700008392334,25.8700008392334,1274,0.0,0.0
2024-05-22 10:30:00-04:00,25.8700008392334,25.8700008392334,25.850000381469727,25.850000381469727,2939,0.0,0.0
2024-05-22 11:30:00-04:00,25.850000381469727,25.850000381469727,25.804500579833984,25.81800079345703,7443,0.0,0.0
2024-05-22 12:30:00-04:00,25.81599998474121,25.84000015258789,25.799999237060547,25.799999237060547,4859,0.0,0.0
2024-05-22 13:30:00-04:00,25.819700241088867,25.83489990234375,25.799999237060547,25.82900047302246,6550,0.0,0.0
2024-05-22 14:30:00-04:00,25.799999237060547,25.829999923706055,25.799999237060547,25.800100326538086,925,0.0,0.0
2024-05-22 15:30:00-04:00,25.834999084472656,25.850000381469727,25.809999465942383,25.809999465942383,3951,0.0,0.0
2024-05-23 09:30:00-04:00,25.799999237060547,25.8435001373291,25.770000457763672,25.809999465942383,7609,0.0,0.0
2024-05-23 10:30:00-04:00,25.780000686645508,25.809999465942383,25.770000457763672,25.774999618530273,4268,0.0,0.0
2024-05-23 11:30:00-04:00,25.760000228881836,25.802099227905273,25.75,25.802099227905273,13592,0.0,0.0
2024-05-23 12:30:00-04:00,25.760000228881836,25.760000228881836,25.730100631713867,25.730100631713867,8991,0.0,0.0
2024-05-23 13:30:00-04:00,25.739999771118164,25.739999771118164,25.670000076293945,25.719999313354492,12215,0.0,0.0
2024-05-23 14:30:00-04:00,25.722400665283203,25.722400665283203,25.722400665283203,25.722400665283203,956,0.0,0.0
2024-05-23 15:30:00-04:00,25.75,25.759000778198242,25.719999313354492,25.719999313354492,2441,0.0,0.0
2024-05-24 09:30:00-04:00,25.760000228881836,25.799999237060547,25.75,25.75,3068,0.0,0.0
2024-05-24 10:30:00-04:00,25.770000457763672,25.799999237060547,25.760099411010742,25.79990005493164,4185,0.0,0.0
2024-05-24 11:30:00-04:00,25.805700302124023,25.809999465942383,25.760000228881836,25.809999465942383,1484,0.0,0.0
2024-05-24 12:30:00-04:00,25.84000015258789,25.84000015258789,25.84000015258789,25.84000015258789,741,0.0,0.0
2024-05-24 13:30:00-04:00,25.84000015258789,25.84000015258789,25.81999969482422,25.825000762939453,2564,0.0,0.0
2024-05-24 14:30:00-04:00,25.860000610351562,25.860000610351562,25.860000610351562,25.860000610351562,453,0.0,0.0
2024-05-24 15:30:00-04:00,25.850000381469727,25.850000381469727,25.850000381469727,25.850000381469727,337,0.0,0.0
2024-05-28 09:30:00-04:00,25.860000610351562,25.860000610351562,25.75,25.78499984741211,16125,0.0,0.0
2024-05-28 10:30:00-04:00,25.75,25.75,25.75,25.75,382,0.0,0.0
2024-05-28 11:30:00-04:00,25.756500244140625,25.799999237060547,25.709999084472656,25.719999313354492,8464,0.0,0.0
2024-05-28 12:30:00-04:00,25.700000762939453,25.719999313354492,25.69499969482422,25.719999313354492,6777,0.0,0.0
2024-05-28 13:30:00-04:00,25.69499969482422,25.709999084472656,25.68000030517578,25.691299438476562,7207,0.0,0.0
2024-05-28 14:30:00-04:00,25.68000030517578,25.699899673461914,25.68000030517578,25.690000534057617,3806,0.0,0.0
2024-05-28 15:30:00-04:00,25.690000534057617,25.700000762939453,25.690000534057617,25.690000534057617,3681,0.0,0.0
2024-05-29 09:30:00-04:00,25.639999389648438,25.670799255371094,25.639999389648438,25.670799255371094,1113,0.0,0.0
2024-05-29 10:30:00-04:00,25.70989990234375,25.70989990234375,25.65999984741211,25.67009925842285,5963,0.0,0.0
2024-05-29 11:30:00-04:00,25.68000030517578,25.690000534057617,25.670000076293945,25.690000534057617,1125,0.0,0.0
2024-05-29 12:30:00-04:00,25.649999618530273,25.700000762939453,25.6200008392334,25.659000396728516,3864,0.0,0.0
2024-05-29 13:30:00-04:00,25.649999618530273,25.700000762939453,25.639999389648438,25.639999389648438,2253,0.0,0.0
2024-05-29 14:30:00-04:00,25.696800231933594,25.709999084472656,25.639999389648438,25.709999084472656,5976,0.0,0.0
2024-05-29 15:30:00-04:00,25.670000076293945,25.700000762939453,25.655000686645508,25.65999984741211,4350,0.0,0.0
2024-05-30 09:30:00-04:00,25.700000762939453,25.700000762939453,25.700000762939453,25.700000762939453,545,0.0,0.0
2024-05-30 10:30:00-04:00,25.700000762939453,25.700000762939453,25.68000030517578,25.68000030517578,2047,0.0,0.0
2024-05-30 11:30:00-04:00,25.712799072265625,25.715099334716797,25.68950080871582,25.70039939880371,1677,0.0,0.0
2024-05-30 12:30:00-04:00,25.700000762939453,25.719999313354492,25.700000762939453,25.715700149536133,816,0.0,0.0
2024-05-30 13:30:00-04:00,25.739900588989258,25.739900588989258,25.700000762939453,25.700000762939453,1705,0.0,0.0
2024-05-30 14:30:00-04:00,25.709999084472656,25.709999084472656,25.696699142456055,25.696699142456055,4421,0.0,0.0
2024-05-30 15:30:00-04:00,25.684999465942383,25.709999084472656,25.679899215698242,25.709999084472656,4211,0.0,0.0
2024-05-31 09:30:00-04:00,25.690000534057617,25.690000534057617,25.690000534057617,25.690000534057617,0,0.0,0.0
2024-05-31 10:30:00-04:00,25.741500854492188,25.82990074157715,25.741500854492188,25.770000457763672,2899,0.0,0.0
2024-05-31 11:30:00-04:00,25.82990074157715,26.0,25.780000686645508,26.0,7811,0.0,0.0
2024-05-31 12:30:00-04:00,25.979999542236328,26.040000915527344,25.881099700927734,26.040000915527344,4398,0.0,0.0
2024-05-31 13:30:00-04:00,26.040000915527344,26.100000381469727,26.040000915527344,26.100000381469727,5450,0.0,0.0
2024-05-31 14:30:00-04:00,26.1299991607666,26.139999389648438,26.060100555419922,26.139999389648438,6251,0.0,0.0
2024-05-31 15:30:00-04:00,26.139999389648438,26.489999771118164,26.050100326538086,26.350000381469727,62151,0.0,0.0
2024-06-03 09:30:00-04:00,26.299999237060547,26.315000534057617,26.050100326538086,26.299999237060547,16684,0.0,0.0
2024-06-03 10:30:00-04:00,26.270000457763672,26.3799991607666,26.232099533081055,26.350000381469727,9925,0.0,0.0
2024-06-03 11:30:00-04:00,26.333499908447266,26.389999389648438,26.333499908447266,26.360000610351562,19663,0.0,0.0
2024-06-03 12:30:00-04:00,26.360000610351562,26.399999618530273,26.31999969482422,26.34000015258789,18138,0.0,0.0
2024-06-03 13:30:00-04:00,26.30500030517578,26.360000610351562,26.260000228881836,26.264999389648438,28802,0.0,0.0
2024-06-03 14:30:00-04:00,26.334999084472656,26.360000610351562,26.150100708007812,26.22010040283203,17324,0.0,0.0
2024-06-03 15:30:00-04:00,26.239999771118164,26.239999771118164,26.19499969482422,26.19499969482422,7826,0.0,0.0
2024-06-04 09:30:00-04:00,26.1299991607666,26.309099197387695,26.1299991607666,26.309099197387695,3183,0.0,0.0
2024-06-04 10:30:00-04:00,26.280000686645508,26.280000686645508,26.229999542236328,26.229999542236328,928,0.0,0.0
2024-06-04 11:30:00-04:00,26.239999771118164,26.239999771118164,26.23110008239746,26.23110008239746,5145,0.0,0.0
2024-06-04 13:30:00-04:00,26.260000228881836,26.270000457763672,26.25,26.270000457763672,1101,0.0,0.0
2024-06-04 14:30:00-04:00,26.280000686645508,26.280000686645508,26.25,26.25,1202,0.0,0.0
2024-06-04 15:30:00-04:00,26.219999313354492,26.219999313354492,26.152000427246094,26.152000427246094,2997,0.0,0.0
2024-06-05 09:30:00-04:00,26.1200008392334,26.224599838256836,26.1200008392334,26.224599838256836,0,0.0,0.0
2024-06-05 10:30:00-04:00,26.219999313354492,26.219999313354492,26.18000030517578,26.18000030517578,1123,0.0,0.0
2024-06-05 11:30:00-04:00,26.28190040588379,26.28190040588379,26.200000762939453,26.249000549316406,1303,0.0,0.0
2024-06-05 12:30:00-04:00,26.239999771118164,26.239999771118164,26.170000076293945,26.170000076293945,5230,0.0,0.0
2024-06-05 13:30:00-04:00,26.18000030517578,26.18000030517578,26.12070083618164,26.12070083618164,3659,0.0,0.0
2024-06-05 14:30:00-04:00,26.1299991607666,26.209999084472656,26.120100021362305,26.209999084472656,1564,0.0,0.0
2024-06-05 15:30:00-04:00,26.225000381469727,26.239999771118164,26.210100173950195,26.239999771118164,3224,0.0,0.0
2024-06-06 09:30:00-04:00,26.219999313354492,26.2549991607666,26.209999084472656,26.2549991607666,2248,0.0,0.0
2024-06-06 10:30:00-04:00,26.270000457763672,26.299999237060547,26.257699966430664,26.268299102783203,2552,0.0,0.0
2024-06-06 11:30:00-04:00,26.299999237060547,26.299999237060547,26.219999313354492,26.219999313354492,2254,0.0,0.0
2024-06-06 12:30:00-04:00,26.25469970703125,26.25469970703125,26.249900817871094,26.249900817871094,1906,0.0,0.0
2024-06-06 13:30:00-04:00,26.260000228881836,26.29990005493164,26.260000228881836,26.29990005493164,3897,0.0,0.0
2024-06-06 14:30:00-04:00,26.295000076293945,26.299999237060547,26.295000076293945,26.295000076293945,2306,0.0,0.0
2024-06-06 15:30:00-04:00,26.270000457763672,26.270700454711914,26.239999771118164,26.241500854492188,3386,0.0,0.0
2024-06-07 09:30:00-04:00,26.229999542236328,26.229999542236328,26.170000076293945,26.170000076293945,3623,0.0,0.0
2024-06-07 10:30:00-04:00,26.260000228881836,26.269399642944336,26.260000228881836,26.261899948120117,724,0.0,0.0
2024-06-07 11:30:00-04:00,26.31999969482422,26.34000015258789,26.24970054626465,26.329999923706055,4130,0.0,0.0
2024-06-07 12:30:00-04:00,26.280000686645508,26.34000015258789,26.242700576782227,26.34000015258789,3637,0.0,0.0
2024-06-07 13:30:00-04:00,26.329999923706055,26.360000610351562,26.329999923706055,26.359899520874023,4970,0.0,0.0
2024-06-07 14:30:00-04:00,26.360000610351562,26.38990020751953,26.329999923706055,26.3700008392334,7857,0.0,0.0
2024-06-07 15:30:00-04:00,26.360000610351562,26.37019920349121,26.360000610351562,26.37019920349121,5059,0.0,0.0
2024-06-10 09:30:00-04:00,26.360000610351562,26.360000610351562,26.344999313354492,26.344999313354492,1940,0.0,0.0
2024-06-10 10:30:00-04:00,26.329999923706055,26.329999923706055,26.239999771118164,26.239999771118164,1161,0.0,0.0
2024-06-10 11:30:00-04:00,26.3799991607666,26.389999389648438,26.299999237060547,26.309999465942383,3729,0.0,0.0
2024-06-10 13:30:00-04:00,26.31570053100586,26.360000610351562,26.31570053100586,26.360000610351562,1663,0.0,0.0
2024-06-10 14:30:00-04:00,26.320100784301758,26.344999313354492,26.31999969482422,26.344999313354492,6138,0.0,0.0
2024-06-10 15:30:00-04:00,26.270000457763672,26.270000457763672,26.270000457763672,26.270000457763672,320,0.0,0.0
2024-06-11 09:30:00-04:00,26.290000915527344,26.290000915527344,26.290000915527344,26.290000915527344,1187,0.0,0.0
2024-06-11 10:30:00-04:00,26.325000762939453,26.325000762939453,26.325000762939453,26.325000762939453,593,0.0,0.0
2024-06-11 11:30:00-04:00,26.299999237060547,26.299999237060547,26.290300369262695,26.290300369262695,2834,0.0,0.0
2024-06-11 12:30:00-04:00,26.350000381469727,26.389999389648438,26.350000381469727,26.35099983215332,19059,0.0,0.0
2024-06-11 13:30:00-04:00,26.309999465942383,26.344999313354492,26.293100357055664,26.31999969482422,5569,0.0,0.0
2024-06-11 14:30:00-04:00,26.31999969482422,26.350000381469727,26.314899444580078,26.314899444580078,2017,0.0,0.0
2024-06-12 09:30:00-04:00,26.360000610351562,26.389999389648438,26.25,26.375,7266,0.0,0.0
2024-06-12 10:30:00-04:00,26.31999969482422,26.399999618530273,26.31999969482422,26.3799991607666,4314,0.0,0.0
2024-06-12 11:30:00-04:00,26.440000534057617,26.440000534057617,26.440000534057617,26.440000534057617,1672,0.0,0.0
2024-06-12 12:30:00-04:00,26.434099197387695,26.440000534057617,26.370800018310547,26.4237003326416,2724,0.0,0.0
2024-06-12 13:30:00-04:00,26.423200607299805,26.423200607299805,26.33989906311035,26.360000610351562,3492,0.0,0.0
2024-06-12 14:30:00-04:00,26.31999969482422,26.40999984741211,26.299999237060547,26.40999984741211,2047,0.0,0.0
2024-06-12 15:30:00-04:00,26.31999969482422,26.35700035095215,26.299999237060547,26.34000015258789,3732,0.0,0.0
2024-06-13 09:30:00-04:00,25.975000381469727,25.975000381469727,25.850000381469727,25.850000381469727,3129,0.0,0.0
2024-06-13 10:30:00-04:00,25.84000015258789,25.959999084472656,25.829999923706055,25.829999923706055,4079,0.0,0.0
2024-06-13 11:30:00-04:00,25.969999313354492,25.978200912475586,25.899999618530273,25.978200912475586,2168,0.0,0.0
2024-06-13 12:30:00-04:00,25.94499969482422,25.95159912109375,25.889999389648438,25.95159912109375,4065,0.0,0.0
2024-06-13 13:30:00-04:00,25.899999618530273,25.899999618530273,25.899999618530273,25.899999618530273,346,0.0,0.0
2024-06-13 14:30:00-04:00,25.94219970703125,25.94499969482422,25.899999618530273,25.94499969482422,2327,0.0,0.0
2024-06-13 15:30:00-04:00,25.889999389648438,25.889999389648438,25.889999389648438,25.889999389648438,1334,0.0,0.0
2024-06-14 09:30:00-04:00,25.899999618530273,25.899999618530273,25.829999923706055,25.889999389648438,1313,0.0,0.0
2024-06-14 10:30:00-04:00,25.885000228881836,25.885000228881836,25.799999237060547,25.854999542236328,1671,0.0,0.0
2024-06-14 11:30:00-04:00,25.799999237060547,25.819900512695312,25.75,25.780000686645508,9609,0.0,0.0
2024-06-14 12:30:00-04:00,25.729999542236328,25.73579978942871,25.729999542236328,25.729999542236328,2557,0.0,0.0
2024-06-14 13:30:00-04:00,25.75,25.75,25.709999084472656,25.709999084472656,1212,0.0,0.0
2024-06-14 14:30:00-04:00,25.690000534057617,25.726900100708008,25.649999618530273,25.649999618530273,7941,0.0,0.0
2024-06-14 15:30:00-04:00,25.697399139404297,25.697399139404297,25.697399139404297,25.697399139404297,282,0.0,0.0
2024-06-17 09:30:00-04:00,25.649999618530273,25.690000534057617,25.649999618530273,25.690000534057617,2101,0.0,0.0
2024-06-17 10:30:00-04:00,25.641799926757812,25.75,25.641799926757812,25.709999084472656,14828,0.0,0.0
2024-06-17 11:30:00-04:00,25.735000610351562,25.735000610351562,25.700000762939453,25.726900100708008,10972,0.0,0.0
2024-06-17 12:30:00-04:00,25.719999313354492,25.725400924682617,25.639999389648438,25.639999389648438,15253,0.0,0.0
2024-06-17 13:30:00-04:00,25.690000534057617,25.700000762939453,25.639999389648438,25.639999389648438,2587,0.0,0.0
2024-06-17 14:30:00-04:00,25.639999389648438,25.700000762939453,25.639999389648438,25.674999237060547,19225,0.0,0.0
2024-06-17 15:30:00-04:00,25.670400619506836,25.700000762939453,25.670400619506836,25.700000762939453,4012,0.0,0.0
2024-06-18 09:30:00-04:00,25.700000762939453,25.799100875854492,25.700000762939453,25.799100875854492,3079,0.0,0.0
2024-06-18 10:30:00-04:00,25.760000228881836,25.770000457763672,25.698299407958984,25.698299407958984,5372,0.0,0.0
2024-06-18 11:30:00-04:00,25.704999923706055,25.729999542236328,25.68000030517578,25.690000534057617,7644,0.0,0.0
2024-06-18 12:30:00-04:00,25.674999237060547,25.700000762939453,25.674999237060547,25.700000762939453,6313,0.0,0.0
2024-06-18 13:30:00-04:00,25.67009925842285,25.700000762939453,25.67009925842285,25.699899673461914,2588,0.0,0.0
2024-06-18 14:30:00-04:00,25.68000030517578,25.700000762939453,25.68000030517578,25.700000762939453,5402,0.0,0.0
2024-06-18 15:30:00-04:00,25.69499969482422,25.69499969482422,25.670000076293945,25.670000076293945,1165,0.0,0.0
2024-06-20 09:30:00-04:00,25.780000686645508,25.84000015258789,25.700000762939453,25.70989990234375,14287,0.0,0.0
2024-06-20 10:30:00-04:00,25.670000076293945,25.690000534057617,25.670000076293945,25.68000030517578,1495,0.0,0.0
2024-06-20 11:30:00-04:00,25.680200576782227,25.690000534057617,25.680200576782227,25.68899917602539,1846,0.0,0.0
2024-06-20 12:30:00-04:00,25.690000534057617,25.690000534057617,25.665000915527344,25.669200897216797,2464,0.0,0.0
2024-06-20 13:30:00-04:00,25.66990089416504,25.670000076293945,25.660200119018555,25.660200119018555,2921,0.0,0.0
2024-06-20 14:30:00-04:00,25.670000076293945,25.670000076293945,25.594999313354492,25.600000381469727,29199,0.0,0.0
2024-06-20 15:30:00-04:00,25.600000381469727,25.600000381469727,25.595199584960938,25.600000381469727,6786,0.0,0.0
2024-06-21 09:30:00-04:00,25.600000381469727,25.639999389648438,25.600000381469727,25.600000381469727,13688,0.0,0.0
2024-06-21 10:30:00-04:00,25.6200008392334,25.6200008392334,25.600000381469727,25.610000610351562,8198,0.0,0.0
2024-06-21 11:30:00-04:00,25.600000381469727,25.6200008392334,25.600000381469727,25.614299774169922,10913,0.0,0.0
2024-06-21 12:30:00-04:00,25.600000381469727,25.604999542236328,25.600000381469727,25.604999542236328,2327,0.0,0.0
2024-06-21 13:30:00-04:00,25.614999771118164,25.614999771118164,25.600000381469727,25.600000381469727,1638,0.0,0.0
2024-06-21 14:30:00-04:00,25.59000015258789,25.600000381469727,25.59000015258789,25.599899291992188,6514,0.0,0.0
2024-06-21 15:30:00-04:00,25.596500396728516,25.600000381469727,25.579999923706055,25.579999923706055,5694,0.0,0.0
2024-06-24 09:30:00-04:00,25.649999618530273,25.68000030517578,25.600000381469727,25.600000381469727,10694,0.0,0.0
2024-06-24 10:30:00-04:00,25.610000610351562,25.610000610351562,25.600000381469727,25.600000381469727,3550,0.0,0.0
2024-06-24 11:30:00-04:00,25.604999542236328,25.610000610351562,25.600000381469727,25.604999542236328,7018,0.0,0.0
2024-06-24 12:30:00-04:00,25.600000381469727,25.607099533081055,25.600000381469727,25.600000381469727,2913,0.0,0.0
2024-06-24 13:30:00-04:00,25.604999542236328,25.609899520874023,25.600000381469727,25.609899520874023,9393,0.0,0.0
2024-06-24 14:30:00-04:00,25.604999542236328,25.609899520874023,25.600000381469727,25.604999542236328,23082,0.0,0.0
2024-06-24 15:30:00-04:00,25.604999542236328,25.604999542236328,25.600000381469727,25.600000381469727,1618,0.0,0.0
2024-06-25 09:30:00-04:00,25.610000610351562,25.649999618530273,25.610000610351562,25.649999618530273,4326,0.0,0.0
2024-06-25 10:30:00-04:00,25.684999465942383,25.709999084472656,25.635000228881836,25.649999618530273,3323,0.0,0.0
2024-06-25 11:30:00-04:00,25.670000076293945,25.670000076293945,25.640100479125977,25.665000915527344,2145,0.0,0.0
2024-06-25 12:30:00-04:00,25.68000030517578,25.68000030517578,25.64739990234375,25.64739990234375,4666,0.0,0.0
2024-06-25 13:30:00-04:00,25.640199661254883,25.662099838256836,25.639999389648438,25.662099838256836,1512,0.0,0.0
2024-06-25 14:30:00-04:00,25.690000534057617,25.72760009765625,25.690000534057617,25.70989990234375,6969,0.0,0.0
2024-06-25 15:30:00-04:00,25.700000762939453,25.729900360107422,25.69499969482422,25.69499969482422,9311,0.0,0.0
2024-06-26 09:30:00-04:00,25.700000762939453,25.78499984741211,25.700000762939453,25.78499984741211,1536,0.0,0.0
2024-06-26 10:30:00-04:00,25.726699829101562,25.770000457763672,25.649999618530273,25.7450008392334,7727,0.0,0.0
2024-06-26 11:30:00-04:00,25.700599670410156,25.770000457763672,25.700000762939453,25.770000457763672,3445,0.0,0.0
2024-06-26 12:30:00-04:00,25.739999771118164,25.770000457763672,25.719999313354492,25.770000457763672,1174,0.0,0.0
2024-06-26 13:30:00-04:00,25.710100173950195,25.770000457763672,25.709999084472656,25.7450008392334,7471,0.0,0.0
2024-06-26 14:30:00-04:00,25.765399932861328,25.8700008392334,25.71419906616211,25.85919952392578,9922,0.0,0.0
2024-06-26 15:30:00-04:00,25.860000610351562,25.860000610351562,25.84000015258789,25.84000015258789,1376,0.0,0.0
2024-06-27 09:30:00-04:00,25.93000030517578,25.93000030517578,25.84000015258789,25.899999618530273,2473,0.0,0.0
2024-06-27 10:30:00-04:00,25.8700008392334,25.899999618530273,25.81999969482422,25.899999618530273,536,0.0,0.0
2024-06-27 11:30:00-04:00,25.90999984741211,25.920000076293945,25.81999969482422,25.8799991607666,3867,0.0,0.0
2024-06-27 12:30:00-04:00,25.860000610351562,25.920000076293945,25.860000610351562,25.920000076293945,2192,0.0,0.0
2024-06-27 13:30:00-04:00,25.820100784301758,25.899999618530273,25.81999969482422,25.81999969482422,1005,0.0,0.0
2024-06-27 14:30:00-04:00,25.81999969482422,25.859699249267578,25.81999969482422,25.850000381469727,3525,0.0,0.0
2024-06-27 15:30:00-04:00,25.860000610351562,25.940000534057617,25.860000610351562,25.940000534057617,3395,0.0,0.0
2024-06-28 09:30:00-04:00,26.0,26.02899932861328,25.889999389648438,25.889999389648438,27029,0.0,0.0
2024-06-28 10:30:00-04:00,25.899999618530273,26.010000228881836,25.899900436401367,25.945199966430664,4976,0.0,0.0
2024-06-28 11:30:00-04:00,25.94610023498535,25.94610023498535,25.84000015258789,25.940000534057617,6033,0.0,0.0
2024-06-28 12:30:00-04:00,25.910400390625,25.910400390625,25.910400390625,25.910400390625,594,0.0,0.0
2024-06-28 13:30:00-04:00,25.999900817871094,25.999900817871094,25.979999542236328,25.999900817871094,1385,0.0,0.0
2024-06-28 14:30:00-04:00,25.959999084472656,25.989999771118164,25.927400588989258,25.927400588989258,1158,0.0,0.0
2024-06-28 15:30:00-04:00,25.959999084472656,26.07990074157715,25.959999084472656,26.0,4139,0.0,0.0
2024-07-01 10:30:00-04:00,25.96269989013672,25.96269989013672,25.81999969482422,25.947099685668945,7460,0.0,0.0
2024-07-01 11:30:00-04:00,25.86009979248047,25.892099380493164,25.86009979248047,25.875,3105,0.0,0.0
2024-07-01 12:30:00-04:00,25.850099563598633,25.924100875854492,25.850000381469727,25.921600341796875,2123,0.0,0.0
2024-07-01 14:30:00-04:00,25.870100021362305,25.936899185180664,25.870100021362305,25.936899185180664,2398,0.0,0.0
2024-07-01 15:30:00-04:00,25.940000534057617,25.940000534057617,25.850000381469727,25.850000381469727,604,0.0,0.0
2024-07-02 09:30:00-04:00,25.860000610351562,25.924999237060547,25.860000610351562,25.924999237060547,5671,0.0,0.0
2024-07-02 10:30:00-04:00,25.924999237060547,25.950000762939453,25.924999237060547,25.950000762939453,276,0.0,0.0
2024-07-02 11:30:00-04:00,25.948999404907227,25.998199462890625,25.92099952697754,25.975000381469727,2215,0.0,0.0
2024-07-02 12:30:00-04:00,25.940000534057617,25.975000381469727,25.940000534057617,25.975000381469727,346,0.0,0.0
2024-07-02 13:30:00-04:00,25.975000381469727,25.999900817871094,25.975000381469727,25.979999542236328,2271,0.0,0.0
2024-07-02 14:30:00-04:00,26.0,26.0,25.959999084472656,25.975000381469727,5483,0.0,0.0
2024-07-02 15:30:00-04:00,25.951200485229492,25.951200485229492,25.920000076293945,25.920000076293945,1231,0.0,0.0
2024-07-03 09:30:00-04:00,25.951900482177734,25.951900482177734,25.951900482177734,25.951900482177734,288,0.0,0.0
2024-07-03 10:30:00-04:00,25.969999313354492,26.010000228881836,25.920000076293945,25.9783992767334,8230,0.0,0.0
2024-07-03 11:30:00-04:00,25.954999923706055,25.954999923706055,25.953699111938477,25.953699111938477,1563,0.0,0.0
2024-07-03 12:30:00-04:00,25.95400047302246,26.0,25.95400047302246,26.0,3009,0.0,0.0
2024-07-05 09:30:00-04:00,25.940000534057617,25.940000534057617,25.940000534057617,25.940000534057617,0,0.0,0.0
2024-07-05 10:30:00-04:00,25.957000732421875,25.957000732421875,25.8700008392334,25.8700008392334,3237,0.0,0.0
2024-07-05 11:30:00-04:00,25.894899368286133,25.899999618530273,25.889999389648438,25.899999618530273,1292,0.0,0.0
2024-07-05 12:30:00-04:00,25.88159942626953,25.88159942626953,25.860000610351562,25.860000610351562,604,0.0,0.0
2024-07-05 13:30:00-04:00,25.899999618530273,25.899999618530273,25.860000610351562,25.860000610351562,2318,0.0,0.0
2024-07-05 14:30:00-04:00,25.889999389648438,25.889999389648438,25.889999389648438,25.889999389648438,798,0.0,0.0
2024-07-05 15:30:00-04:00,25.899999618530273,25.940000534057617,25.895000457763672,25.899999618530273,1489,0.0,0.0
2024-07-08 09:30:00-04:00,25.8700008392334,25.8799991607666,25.8700008392334,25.8799991607666,1090,0.0,0.0
2024-07-08 10:30:00-04:00,25.889999389648438,25.899999618530273,25.8799991607666,25.889999389648438,7800,0.0,0.0
2024-07-08 11:30:00-04:00,25.889999389648438,25.889999389648438,25.850000381469727,25.850000381469727,4906,0.0,0.0
2024-07-08 12:30:00-04:00,25.844999313354492,25.850000381469727,25.844999313354492,25.844999313354492,3568,0.0,0.0
2024-07-08 13:30:00-04:00,25.844999313354492,25.844999313354492,25.84000015258789,25.844999313354492,1632,0.0,0.0
2024-07-08 14:30:00-04:00,25.843599319458008,25.850000381469727,25.81999969482422,25.81999969482422,1610,0.0,0.0
2024-07-08 15:30:00-04:00,25.81999969482422,25.979999542236328,25.81999969482422,25.979999542236328,8824,0.0,0.0
2024-07-09 09:30:00-04:00,25.90999984741211,25.90999984741211,25.820100784301758,25.829999923706055,4169,0.0,0.0
2024-07-09 10:30:00-04:00,25.978599548339844,26.0,25.978599548339844,26.0,674,0.0,0.0
2024-07-09 11:30:00-04:00,25.834999084472656,25.93000030517578,25.83009910583496,25.83009910583496,4831,0.0,0.0
2024-07-09 12:30:00-04:00,25.885000228881836,25.899999618530273,25.854999542236328,25.899999618530273,2949,0.0,0.0
2024-07-09 13:30:00-04:00,25.870899200439453,25.870899200439453,25.850000381469727,25.860000610351562,1468,0.0,0.0
2024-07-09 14:30:00-04:00,25.850000381469727,25.854999542236328,25.825000762939453,25.825000762939453,5478,0.0,0.0
2024-07-09 15:30:00-04:00,25.81999969482422,25.81999969482422,25.81999969482422,25.81999969482422,1050,0.0,0.0
2024-07-10 09:30:00-04:00,25.84000015258789,25.8799991607666,25.84000015258789,25.8799991607666,930,0.0,0.0
2024-07-10 10:30:00-04:00,25.8700008392334,25.8700008392334,25.8700008392334,25.8700008392334,4642,0.0,0.0
2024-07-10 12:30:00-04:00,25.860000610351562,25.860000610351562,25.860000610351562,25.860000610351562,173,0.0,0.0
2024-07-10 13:30:00-04:00,25.8700008392334,25.8700008392334,25.850000381469727,25.860000610351562,2265,0.0,0.0
2024-07-10 14:30:00-04:00,25.8799991607666,25.8799991607666,25.850000381469727,25.850000381469727,713,0.0,0.0
2024-07-10 15:30:00-04:00,25.850000381469727,25.86090087890625,25.84000015258789,25.84000015258789,1694,0.0,0.0
2024-07-11 09:30:00-04:00,25.83009910583496,26.0,25.83009910583496,25.981300354003906,4162,0.0,0.0
2024-07-11 10:30:00-04:00,25.96500015258789,26.0,25.96500015258789,26.0,1319,0.0,0.0
2024-07-11 11:30:00-04:00,25.969999313354492,25.979999542236328,25.934999465942383,25.934999465942383,1030,0.0,0.0
2024-07-11 12:30:00-04:00,25.93000030517578,25.93000030517578,25.93000030517578,25.93000030517578,780,0.0,0.0
2024-07-11 13:30:00-04:00,25.950000762939453,25.979999542236328,25.950000762939453,25.979999542236328,2200,0.0,0.0
2024-07-11 14:30:00-04:00,25.959999084472656,25.959999084472656,25.959999084472656,25.959999084472656,368,0.0,0.0
2024-07-11 15:30:00-04:00,25.975000381469727,26.0,25.969999313354492,26.0,4092,0.0,0.0
2024-07-12 09:30:00-04:00,25.950000762939453,26.024499893188477,25.950000762939453,26.0,4570,0.0,0.0
2024-07-12 10:30:00-04:00,26.014999389648438,26.040000915527344,26.007299423217773,26.019800186157227,975,0.0,0.0
2024-07-12 11:30:00-04:00,26.00830078125,26.03459930419922,26.00830078125,26.030000686645508,2271,0.0,0.0
2024-07-12 12:30:00-04:00,26.0,26.000099182128906,26.0,26.000099182128906,1114,0.0,0.0
2024-07-12 13:30:00-04:00,26.010000228881836,26.010000228881836,26.0,26.000099182128906,2523,0.0,0.0
2024-07-12 14:30:00-04:00,26.0,26.0,26.0,26.0,444,0.0,0.0
2024-07-15 09:30:00-04:00,26.09000015258789,26.09000015258789,25.9950008392334,25.9950008392334,0,0.0,0.0
2024-07-15 10:30:00-04:00,26.049999237060547,26.049999237060547,26.049999237060547,26.049999237060547,538,0.0,0.0
2024-07-15 11:30:00-04:00,26.010099411010742,26.019500732421875,26.0049991607666,26.0049991607666,11327,0.0,0.0
2024-07-15 12:30:00-04:00,26.020000457763672,26.020000457763672,25.979999542236328,25.979999542236328,926,0.0,0.0
2024-07-15 13:30:00-04:00,25.983699798583984,26.042200088500977,25.93000030517578,26.042200088500977,8172,0.0,0.0
2024-07-15 14:30:00-04:00,26.040000915527344,26.049999237060547,25.99020004272461,26.010000228881836,2866,0.0,0.0
2024-07-15 15:30:00-04:00,25.989999771118164,26.046600341796875,25.989999771118164,26.046600341796875,2937,0.0,0.0
2024-07-16 09:30:00-04:00,25.959999084472656,26.006999969482422,25.959999084472656,26.006999969482422,2045,0.0,0.0
2024-07-16 10:30:00-04:00,26.09000015258789,26.09000015258789,26.06999969482422,26.06999969482422,2124,0.0,0.0
2024-07-16 11:30:00-04:00,26.07430076599121,26.07430076599121,26.050100326538086,26.065000534057617,1284,0.0,0.0
2024-07-16 12:30:00-04:00,26.049999237060547,26.07990074157715,26.049999237060547,26.06570053100586,5839,0.0,0.0
2024-07-16 13:30:00-04:00,26.06570053100586,26.06570053100586,26.06570053100586,26.06570053100586,5265,0.0,0.0
2024-07-16 14:30:00-04:00,26.059999465942383,26.06999969482422,26.01020050048828,26.06999969482422,9498,0.0,0.0
2024-07-17 09:30:00-04:00,26.0,26.049999237060547,26.0,26.049999237060547,5813,0.0,0.0
2024-07-17 10:30:00-04:00,26.049999237060547,26.049999237060547,26.049999237060547,26.049999237060547,921,0.0,0.0
2024-07-17 11:30:00-04:00,26.06599998474121,26.06599998474121,26.06599998474121,26.06599998474121,250,0.0,0.0
2024-07-17 12:30:00-04:00,26.077699661254883,26.077699661254883,26.049999237060547,26.049999237060547,5101,0.0,0.0
2024-07-17 13:30:00-04:00,26.050100326538086,26.14539909362793,26.049999237060547,26.14539909362793,15610,0.0,0.0
2024-07-17 14:30:00-04:00,26.149999618530273,26.200000762939453,26.100099563598633,26.200000762939453,16367,0.0,0.0
2024-07-17 15:30:00-04:00,26.200000762939453,26.200000762939453,26.15999984741211,26.200000762939453,3200,0.0,0.0
2024-07-18 09:30:00-04:00,26.200000762939453,26.200000762939453,26.155000686645508,26.155000686645508,3980,0.0,0.0
2024-07-18 10:30:00-04:00,26.170000076293945,26.18000030517578,26.139999389648438,26.139999389648438,2193,0.0,0.0
2024-07-18 11:30:00-04:00,26.140100479125977,26.15239906311035,26.140100479125977,26.15239906311035,1345,0.0,0.0
2024-07-18 12:30:00-04:00,26.149999618530273,26.149999618530273,26.110000610351562,26.149499893188477,2880,0.0,0.0
2024-07-18 13:30:00-04:00,26.157699584960938,26.157699584960938,26.142499923706055,26.149999618530273,2537,0.0,0.0
2024-07-18 14:30:00-04:00,26.149999618530273,26.15999984741211,26.107799530029297,26.107799530029297,906,0.0,0.0
2024-07-18 15:30:00-04:00,26.125,26.139999389648438,26.104000091552734,26.104000091552734,3265,0.0,0.0
2024-07-19 09:30:00-04:00,26.100000381469727,26.103099822998047,26.09000015258789,26.09000015258789,7579,0.0,0.0
2024-07-19 10:30:00-04:00,26.100000381469727,26.100000381469727,26.049999237060547,26.049999237060547,524,0.0,0.0
2024-07-19 11:30:00-04:00,26.050100326538086,26.1200008392334,26.050100326538086,26.1200008392334,3067,0.0,0.0
2024-07-19 12:30:00-04:00,26.136899948120117,26.149900436401367,26.1299991607666,26.149900436401367,1942,0.0,0.0
2024-07-19 13:30:00-04:00,26.100000381469727,26.1299991607666,26.100000381469727,26.1200008392334,3133,0.0,0.0
2024-07-19 14:30:00-04:00,26.1200008392334,26.1200008392334,26.100000381469727,26.11989974975586,1409,0.0,0.0
2024-07-19 15:30:00-04:00,26.1299991607666,26.1299991607666,26.1200008392334,26.1200008392334,1317,0.0,0.0
2024-07-22 09:30:00-04:00,26.062000274658203,26.100000381469727,26.062000274658203,26.100000381469727,3537,0.0,0.0
2024-07-22 10:30:00-04:00,26.1299991607666,26.1299991607666,26.06999969482422,26.09000015258789,5843,0.0,0.0
2024-07-22 11:30:00-04:00,26.079999923706055,26.079999923706055,26.079999923706055,26.079999923706055,1042,0.0,0.0
2024-07-22 12:30:00-04:00,26.051799774169922,26.051799774169922,26.051799774169922,26.051799774169922,1403,0.0,0.0
2024-07-22 14:30:00-04:00,26.06999969482422,26.08639907836914,26.06999969482422,26.06999969482422,3434,0.0,0.0
2024-07-22 15:30:00-04:00,26.071699142456055,26.071699142456055,26.059999465942383,26.059999465942383,0,0.0,0.0
2024-07-23 09:30:00-04:00,26.110000610351562,26.110000610351562,26.079999923706055,26.084999084472656,3385,0.0,0.0
2024-07-23 10:30:00-04:00,26.059999465942383,26.09000015258789,26.059999465942383,26.09000015258789,681,0.0,0.0
2024-07-23 11:30:00-04:00,26.084999084472656,26.084999084472656,26.07159996032715,26.07159996032715,1638,0.0,0.0
2024-07-23 12:30:00-04:00,26.079999923706055,26.079999923706055,26.079999923706055,26.079999923706055,1965,0.0,0.0
2024-07-23 13:30:00-04:00,26.059999465942383,26.094999313354492,26.059999465942383,26.094999313354492,5051,0.0,0.0
2024-07-23 14:30:00-04:00,26.110000610351562,26.219999313354492,26.110000610351562,26.18560028076172,21328,0.0,0.0
2024-07-23 15:30:00-04:00,26.190000534057617,26.200000762939453,26.184999465942383,26.190000534057617,4756,0.0,0.0
2024-07-24 09:30:00-04:00,26.09000015258789,26.100000381469727,26.09000015258789,26.100000381469727,1268,0.0,0.0
2024-07-24 10:30:00-04:00,26.110000610351562,26.1200008392334,26.110000610351562,26.1200008392334,2691,0.0,0.0
2024-07-24 11:30:00-04:00,26.170000076293945,26.170000076293945,26.04010009765625,26.100000381469727,9053,0.0,0.0
2024-07-24 12:30:00-04:00,26.040000915527344,26.040000915527344,26.040000915527344,26.040000915527344,307,0.0,0.0
2024-07-24 13:30:00-04:00,26.079999923706055,26.10140037536621,26.049999237060547,26.083799362182617,2061,0.0,0.0
2024-07-24 14:30:00-04:00,26.086599349975586,26.086599349975586,26.06999969482422,26.06999969482422,562,0.0,0.0
2024-07-24 15:30:00-04:00,26.045799255371094,26.065000534057617,26.040000915527344,26.040000915527344,2798,0.0,0.0
2024-07-25 09:30:00-04:00,26.1200008392334,26.1200008392334,26.09000015258789,26.100000381469727,5370,0.0,0.0
2024-07-25 10:30:00-04:00,26.06999969482422,26.100000381469727,26.0,26.038000106811523,5413,0.0,0.0
2024-07-25 11:30:00-04:00,26.075000762939453,26.09980010986328,26.040000915527344,26.040000915527344,1681,0.0,0.0
2024-07-25 12:30:00-04:00,25.980100631713867,26.103599548339844,25.980100631713867,26.0,3712,0.0,0.0
2024-07-25 13:30:00-04:00,26.0,26.06999969482422,25.970699310302734,25.970699310302734,4306,0.0,0.0
2024-07-25 14:30:00-04:00,25.969999313354492,26.007299423217773,25.969999313354492,25.979799270629883,4865,0.0,0.0
2024-07-25 15:30:00-04:00,26.0,26.010000228881836,26.0,26.010000228881836,612,0.0,0.0
2024-07-26 09:30:00-04:00,26.09000015258789,26.09000015258789,26.079599380493164,26.079599380493164,449,0.0,0.0
2024-07-26 10:30:00-04:00,26.07830047607422,26.07830047607422,26.06999969482422,26.06999969482422,2079,0.0,0.0
2024-07-26 11:30:00-04:00,26.049999237060547,26.049999237060547,26.049999237060547,26.049999237060547,2174,0.0,0.0
2024-07-26 12:30:00-04:00,26.028900146484375,26.049999237060547,26.028900146484375,26.049999237060547,2598,0.0,0.0
2024-07-26 13:30:00-04:00,26.075899124145508,26.075899124145508,26.075899124145508,26.075899124145508,254,0.0,0.0
2024-07-26 14:30:00-04:00,26.059999465942383,26.059999465942383,26.059999465942383,26.059999465942383,1753,0.0,0.0
2024-07-29 09:30:00-04:00,26.020000457763672,26.049999237060547,25.924999237060547,26.049999237060547,2666,0.0,0.0
2024-07-29 10:30:00-04:00,25.969999313354492,25.989999771118164,25.969999313354492,25.989999771118164,1926,0.0,0.0
2024-07-29 11:30:00-04:00,25.97570037841797,26.04990005493164,25.959999084472656,26.04990005493164,9921,0.0,0.0
2024-07-29 12:30:00-04:00,25.969999313354492,26.03350067138672,25.969999313354492,25.969999313354492,901,0.0,0.0
2024-07-29 13:30:00-04:00,26.0,26.0,25.969999313354492,25.99049949645996,1074,0.0,0.0
2024-07-29 14:30:00-04:00,25.969999313354492,25.97100067138672,25.969999313354492,25.969999313354492,1186,0.0,0.0
2024-07-30 10:30:00-04:00,25.969999313354492,26.020000457763672,25.969999313354492,26.01759910583496,1697,0.0,0.0
2024-07-30 11:30:00-04:00,26.040000915527344,26.045000076293945,26.040000915527344,26.040000915527344,1778,0.0,0.0
2024-07-30 12:30:00-04:00,26.027799606323242,26.07349967956543,26.027799606323242,26.030000686645508,2230,0.0,0.0
2024-07-30 13:30:00-04:00,26.05500030517578,26.0757999420166,26.030899047851562,26.040000915527344,1903,0.0,0.0
2024-07-30 14:30:00-04:00,26.030099868774414,26.03030014038086,26.030099868774414,26.03030014038086,620,0.0,0.0
2024-07-30 15:30:00-04:00,26.049999237060547,26.049999237060547,26.049999237060547,26.049999237060547,0,0.0,0.0
2024-07-31 09:30:00-04:00,26.000099182128906,26.000099182128906,25.95009994506836,25.95009994506836,3486,0.0,0.0
2024-07-31 10:30:00-04:00,25.950000762939453,25.96500015258789,25.90999984741211,25.945100784301758,8349,0.0,0.0
2024-07-31 11:30:00-04:00,25.889999389648438,25.915000915527344,25.700000762939453,25.799999237060547,22108,0.0,0.0
2024-07-31 12:30:00-04:00,25.75,25.809999465942383,25.700000762939453,25.700000762939453,7218,0.0,0.0
2024-07-31 13:30:00-04:00,25.700000762939453,25.829999923706055,25.700000762939453,25.799999237060547,17303,0.0,0.0
2024-07-31 14:30:00-04:00,25.815000534057617,25.8799991607666,25.809999465942383,25.8799991607666,15781,0.0,0.0
2024-07-31 15:30:00-04:00,25.8799991607666,25.8799991607666,25.690000534057617,25.690000534057617,45592,0.0,0.0
2024-08-01 09:30:00-04:00,25.75,25.84000015258789,25.709999084472656,25.739999771118164,11131,0.0,0.0
2024-08-01 10:30:00-04:00,25.739999771118164,25.739999771118164,25.739999771118164,25.739999771118164,4351,0.0,0.0
2024-08-01 11:30:00-04:00,25.719999313354492,25.81999969482422,25.709999084472656,25.760000228881836,5143,0.0,0.0
2024-08-01 12:30:00-04:00,25.811800003051758,25.811800003051758,25.70009994506836,25.788999557495117,962,0.0,0.0
2024-08-01 13:30:00-04:00,25.78499984741211,25.78499984741211,25.78499984741211,25.78499984741211,737,0.0,0.0
2024-08-01 14:30:00-04:00,25.75,25.784799575805664,25.75,25.780000686645508,2380,0.0,0.0
2024-08-01 15:30:00-04:00,25.780000686645508,25.780000686645508,25.729999542236328,25.729999542236328,1916,0.0,0.0
2024-08-02 09:30:00-04:00,25.719999313354492,25.75,25.6299991607666,25.6299991607666,26517,0.0,0.0
2024-08-02 10:30:00-04:00,25.690000534057617,25.700000762939453,25.649999618530273,25.65999984741211,3060,0.0,0.0
2024-08-02 11:30:00-04:00,25.709999084472656,25.727699279785156,25.70800018310547,25.709999084472656,11545,0.0,0.0
2024-08-02 12:30:00-04:00,25.729900360107422,25.734800338745117,25.709999084472656,25.709999084472656,5761,0.0,0.0
2024-08-02 13:30:00-04:00,25.709999084472656,25.709999084472656,25.661300659179688,25.709999084472656,2347,0.0,0.0
2024-08-02 14:30:00-04:00,25.709999084472656,25.709999084472656,25.709999084472656,25.709999084472656,1431,0.0,0.0
2024-08-02 15:30:00-04:00,25.68000030517578,25.696800231933594,25.68000030517578,25.690000534057617,1572,0.0,0.0
2024-08-05 09:30:00-04:00,25.4950008392334,25.6200008392334,25.40999984741211,25.611499786376953,27745,0.0,0.0
2024-08-05 10:30:00-04:00,25.549999237060547,25.639999389648438,25.538000106811523,25.610000610351562,4846,0.0,0.0
2024-08-05 11:30:00-04:00,25.6299991607666,25.6299991607666,25.59000015258789,25.59000015258789,4242,0.0,0.0
2024-08-05 12:30:00-04:00,25.59000015258789,25.601299285888672,25.530000686645508,25.59000015258789,9396,0.0,0.0
2024-08-05 13:30:00-04:00,25.600000381469727,25.610000610351562,25.541099548339844,25.56999969482422,4105,0.0,0.0
2024-08-05 14:30:00-04:00,25.584999084472656,25.60059928894043,25.530000686645508,25.600000381469727,6942,0.0,0.0
2024-08-05 15:30:00-04:00,25.600000381469727,25.600000381469727,25.600000381469727,25.600000381469727,3488,0.0,0.0
2024-08-06 09:30:00-04:00,25.600000381469727,25.68000030517578,25.530000686645508,25.68000030517578,2241,0.0,0.0
2024-08-06 10:30:00-04:00,25.709999084472656,25.71929931640625,25.559999465942383,25.559999465942383,3221,0.0,0.0
2024-08-06 11:30:00-04:00,25.629899978637695,25.729400634765625,25.612199783325195,25.690000534057617,3718,0.0,0.0
2024-08-06 12:30:00-04:00,25.71619987487793,25.71619987487793,25.670000076293945,25.70989990234375,3180,0.0,0.0
2024-08-06 13:30:00-04:00,25.729999542236328,25.84000015258789,25.709999084472656,25.780000686645508,4622,0.0,0.0
2024-08-06 14:30:00-04:00,25.796499252319336,25.860000610351562,25.780000686645508,25.809999465942383,2832,0.0,0.0
2024-08-06 15:30:00-04:00,25.709999084472656,25.709999084472656,25.700000762939453,25.700000762939453,1032,0.0,0.0
2024-08-07 09:30:00-04:00,25.75,25.7903995513916,25.674699783325195,25.674699783325195,2441,0.0,0.0
2024-08-07 10:30:00-04:00,25.751399993896484,25.751399993896484,25.751399993896484,25.751399993896484,825,0.0,0.0
2024-08-07 11:30:00-04:00,25.790000915527344,25.82830047607422,25.790000915527344,25.82830047607422,1918,0.0,0.0
2024-08-07 12:30:00-04:00,25.829999923706055,25.86199951171875,25.829999923706055,25.860000610351562,3752,0.0,0.0
2024-08-07 13:30:00-04:00,25.765300750732422,25.816099166870117,25.765300750732422,25.816099166870117,1140,0.0,0.0
2024-08-07 14:30:00-04:00,25.790000915527344,25.87070083618164,25.790000915527344,25.814699172973633,1485,0.0,0.0
2024-08-07 15:30:00-04:00,25.850000381469727,25.850000381469727,25.790000915527344,25.790000915527344,1755,0.0,0.0
2024-08-08 09:30:00-04:00,25.879600524902344,25.8799991607666,25.879600524902344,25.8799991607666,1165,0.0,0.0
2024-08-08 10:30:00-04:00,26.110000610351562,26.110000610351562,26.110000610351562,26.110000610351562,1240,0.0,0.0
2024-08-08 11:30:00-04:00,26.030000686645508,26.03499984741211,26.030000686645508,26.03499984741211,984,0.0,0.0
2024-08-08 12:30:00-04:00,26.030000686645508,26.040000915527344,25.93000030517578,25.93000030517578,2068,0.0,0.0
2024-08-08 13:30:00-04:00,25.989999771118164,26.010000228881836,25.957700729370117,25.983200073242188,4050,0.0,0.0
2024-08-08 14:30:00-04:00,25.969999313354492,25.969999313354492,25.90999984741211,25.93000030517578,2548,0.0,0.0
2024-08-08 15:30:00-04:00,25.979999542236328,25.979999542236328,25.940000534057617,25.979999542236328,822,0.0,0.0
2024-08-09 09:30:00-04:00,25.899999618530273,25.899999618530273,25.899999618530273,25.899999618530273,949,0.0,0.0
2024-08-09 10:30:00-04:00,26.09000015258789,26.09000015258789,25.93000030517578,25.93000030517578,1109,0.0,0.0
2024-08-09 11:30:00-04:00,26.07990074157715,26.07990074157715,25.899999618530273,25.934999465942383,2451,0.0,0.0
2024-08-09 12:30:00-04:00,25.934999465942383,25.934999465942383,25.799999237060547,25.802000045776367,2119,0.0,0.0
2024-08-09 13:30:00-04:00,25.868600845336914,25.8700008392334,25.868600845336914,25.8700008392334,1356,0.0,0.0
2024-08-12 09:30:00-04:00,25.969999313354492,25.979999542236328,25.770099639892578,25.979999542236328,1291,0.0,0.0
2024-08-12 10:30:00-04:00,25.8799991607666,25.8799991607666,25.809999465942383,25.809999465942383,865,0.0,0.0
2024-08-12 11:30:00-04:00,25.885000228881836,26.0,25.780000686645508,25.969999313354492,4666,0.0,0.0
2024-08-12 12:30:00-04:00,25.760000228881836,25.760000228881836,25.760000228881836,25.760000228881836,507,0.0,0.0
2024-08-12 13:30:00-04:00,25.82229995727539,25.82229995727539,25.82229995727539,25.82229995727539,295,0.0,0.0
2024-08-12 14:30:00-04:00,25.852399826049805,25.852399826049805,25.780000686645508,25.780000686645508,2008,0.0,0.0
2024-08-12 15:30:00-04:00,25.809999465942383,25.809999465942383,25.68000030517578,25.68000030517578,4478,0.0,0.0
2024-08-13 09:30:00-04:00,25.799999237060547,25.820899963378906,25.670000076293945,25.68000030517578,10948,0.0,0.0
2024-08-13 10:30:00-04:00,25.690000534057617,25.690000534057617,25.649999618530273,25.649999618530273,11376,0.0,0.0
2024-08-13 11:30:00-04:00,25.709999084472656,25.709999084472656,25.6200008392334,25.63789939880371,8354,0.0,0.0
2024-08-13 12:30:00-04:00,25.639999389648438,25.684999465942383,25.635000228881836,25.684999465942383,5348,0.0,0.0
2024-08-13 13:30:00-04:00,25.639999389648438,25.639999389648438,25.6299991607666,25.630199432373047,1784,0.0,0.0
2024-08-13 14:30:00-04:00,25.68000030517578,25.700000762939453,25.6200008392334,25.659900665283203,10971,0.0,0.0
2024-08-13 15:30:00-04:00,25.635000228881836,25.65999984741211,25.6200008392334,25.6299991607666,4512,0.0,0.0
2024-08-14 09:30:00-04:00,25.650100708007812,25.780000686645508,25.650100708007812,25.780000686645508,1104,0.0,0.0
2024-08-14 10:30:00-04:00,25.86750030517578,25.86750030517578,25.709999084472656,25.75790023803711,3066,0.0,0.0
2024-08-14 11:30:00-04:00,25.690000534057617,25.709999084472656,25.6200008392334,25.6200008392334,10958,0.0,0.0
2024-08-14 12:30:00-04:00,25.610000610351562,25.649999618530273,25.549999237060547,25.600000381469727,10092,0.0,0.0
2024-08-14 13:30:00-04:00,25.579999923706055,25.639999389648438,25.56999969482422,25.610000610351562,2329,0.0,0.0
2024-08-14 14:30:00-04:00,25.570100784301758,25.629899978637695,25.570100784301758,25.59980010986328,4290,0.0,0.0
2024-08-14 15:30:00-04:00,25.610000610351562,25.670000076293945,25.610000610351562,25.670000076293945,6596,0.0,0.0
2024-08-15 09:30:00-04:00,25.6200008392334,25.68000030517578,25.6200008392334,25.679899215698242,6194,0.0,0.0
2024-08-15 10:30:00-04:00,25.65999984741211,25.670000076293945,25.6200008392334,25.6200008392334,2904,0.0,0.0
2024-08-15 11:30:00-04:00,25.6200008392334,25.639999389648438,25.610000610351562,25.639999389648438,1214,0.0,0.0
2024-08-15 12:30:00-04:00,25.610000610351562,25.809900283813477,25.57029914855957,25.57029914855957,35318,0.0,0.0
2024-08-15 13:30:00-04:00,25.6200008392334,25.649700164794922,25.600000381469727,25.600000381469727,1908,0.0,0.0
2024-08-15 14:30:00-04:00,25.636699676513672,25.679899215698242,25.600000381469727,25.649999618530273,2396,0.0,0.0
2024-08-15 15:30:00-04:00,25.610000610351562,25.6200008392334,25.610000610351562,25.610000610351562,2104,0.0,0.0
2024-08-16 09:30:00-04:00,25.6200008392334,25.90329933166504,25.6200008392334,25.6299991607666,11366,0.0,0.0
2024-08-16 10:30:00-04:00,25.760000228881836,25.760000228881836,25.65999984741211,25.709199905395508,14380,0.0,0.0
2024-08-16 11:30:00-04:00,25.704999923706055,25.704999923706055,25.610000610351562,25.610000610351562,8790,0.0,0.0
2024-08-16 12:30:00-04:00,25.610000610351562,25.638900756835938,25.610000610351562,25.610000610351562,3430,0.0,0.0
2024-08-16 13:30:00-04:00,25.610000610351562,25.649999618530273,25.610000610351562,25.649999618530273,11644,0.0,0.0
2024-08-16 14:30:00-04:00,25.6200008392334,25.65999984741211,25.6200008392334,25.6200008392334,11810,0.0,0.0
2024-08-16 15:30:00-04:00,25.6299991607666,25.649999618530273,25.6200008392334,25.649999618530273,7598,0.0,0.0
2024-08-19 09:30:00-04:00,25.670000076293945,25.704999923706055,25.670000076293945,25.700000762939453,0,0.0,0.0
2024-08-19 10:30:00-04:00,25.700000762939453,25.700000762939453,25.6200008392334,25.649999618530273,9641,0.0,0.0
2024-08-19 11:30:00-04:00,25.6200008392334,25.649999618530273,25.6200008392334,25.6299991607666,6300,0.0,0.0
2024-08-19 12:30:00-04:00,25.6200008392334,25.649999618530273,25.6200008392334,25.6200008392334,7579,0.0,0.0
2024-08-19 13:30:00-04:00,25.6200008392334,25.629100799560547,25.6200008392334,25.6200008392334,3408,0.0,0.0
2024-08-19 14:30:00-04:00,25.63129997253418,25.63129997253418,25.621999740600586,25.6299991607666,2271,0.0,0.0
2024-08-19 15:30:00-04:00,25.610000610351562,25.64240074157715,25.610000610351562,25.639999389648438,22289,0.0,0.0
2024-08-20 09:30:00-04:00,25.610000610351562,25.66990089416504,25.610000610351562,25.65999984741211,0,0.0,0.0
2024-08-20 10:30:00-04:00,25.6299991607666,25.649999618530273,25.6200008392334,25.6299991607666,5858,0.0,0.0
2024-08-20 11:30:00-04:00,25.6299991607666,25.690000534057617,25.6200008392334,25.6200008392334,43751,0.0,0.0
2024-08-20 12:30:00-04:00,25.6200008392334,25.639999389648438,25.6200008392334,25.625,4627,0.0,0.0
2024-08-20 13:30:00-04:00,25.6299991607666,25.637500762939453,25.614099502563477,25.6200008392334,21414,0.0,0.0
2024-08-20 14:30:00-04:00,25.639999389648438,25.719999313354492,25.62929916381836,25.635000228881836,44213,0.0,0.0
2024-08-20 15:30:00-04:00,25.649999618530273,25.649999618530273,25.635000228881836,25.649999618530273,4993,0.0,0.0
2024-08-21 09:30:00-04:00,25.670000076293945,25.670000076293945,25.610000610351562,25.621000289916992,38829,0.0,0.0
2024-08-21 10:30:00-04:00,25.6200008392334,25.6299991607666,25.61400032043457,25.6200008392334,15786,0.0,0.0
2024-08-21 11:30:00-04:00,25.6299991607666,25.635000228881836,25.6200008392334,25.6299991607666,36619,0.0,0.0
2024-08-21 12:30:00-04:00,25.631000518798828,25.639999389648438,25.620500564575195,25.621000289916992,5336,0.0,0.0
2024-08-21 13:30:00-04:00,25.631999969482422,25.639999389648438,25.6200008392334,25.6299991607666,6964,0.0,0.0
2024-08-21 14:30:00-04:00,25.6299991607666,25.639999389648438,25.6200008392334,25.6299991607666,22410,0.0,0.0
2024-08-21 15:30:00-04:00,25.620100021362305,25.649999618530273,25.6200008392334,25.6200008392334,13663,0.0,0.0
2024-08-22 09:30:00-04:00,25.649999618530273,25.649999618530273,25.610000610351562,25.6200008392334,0,0.0,0.0
2024-08-22 10:30:00-04:00,25.6299991607666,25.6299991607666,25.614999771118164,25.614999771118164,1509,0.0,0.0
2024-08-22 11:30:00-04:00,25.6200008392334,25.649999618530273,25.614999771118164,25.6476993560791,10752,0.0,0.0
2024-08-22 12:30:00-04:00,25.639999389648438,25.649999618530273,25.639999389648438,25.649999618530273,2818,0.0,0.0
2024-08-22 13:30:00-04:00,25.647199630737305,25.649999618530273,25.639999389648438,25.649999618530273,2605,0.0,0.0
2024-08-22 14:30:00-04:00,25.65999984741211,25.700000762939453,25.65999984741211,25.690000534057617,6494,0.0,0.0
2024-08-22 15:30:00-04:00,25.69499969482422,25.69499969482422,25.649999618530273,25.649999618530273,4650,0.0,0.0
2024-08-23 09:30:00-04:00,25.649999618530273,25.799999237060547,25.649999618530273,25.770000457763672,0,0.0,0.0
2024-08-23 10:30:00-04:00,25.739999771118164,25.782800674438477,25.70009994506836,25.730499267578125,5063,0.0,0.0
2024-08-23 11:30:00-04:00,25.725000381469727,25.739999771118164,25.700000762939453,25.739999771118164,2795,0.0,0.0
2024-08-23 12:30:00-04:00,25.729999542236328,25.75,25.729999542236328,25.75,4822,0.0,0.0
2024-08-23 13:30:00-04:00,25.749900817871094,25.749900817871094,25.729999542236328,25.729999542236328,1396,0.0,0.0
2024-08-23 14:30:00-04:00,25.729999542236328,25.729999542236328,25.719999313354492,25.719999313354492,820,0.0,0.0
2024-08-23 15:30:00-04:00,25.739999771118164,25.739999771118164,25.68000030517578,25.68000030517578,6994,0.0,0.0
2024-08-26 09:30:00-04:00,25.75,25.790000915527344,25.719999313354492,25.759899139404297,0,0.0,0.0
2024-08-26 10:30:00-04:00,25.75469970703125,25.75469970703125,25.709999084472656,25.709999084472656,2421,0.0,0.0
2024-08-26 11:30:00-04:00,25.719999313354492,25.75,25.718900680541992,25.74090003967285,10613,0.0,0.0
2024-08-26 12:30:00-04:00,25.719999313354492,25.759899139404297,25.719999313354492,25.747600555419922,1703,0.0,0.0
2024-08-26 13:30:00-04:00,25.75,25.75,25.739999771118164,25.7450008392334,1906,0.0,0.0
2024-08-26 14:30:00-04:00,25.760000228881836,25.760000228881836,25.719999313354492,25.729999542236328,5978,0.0,0.0
2024-08-26 15:30:00-04:00,25.719999313354492,25.719999313354492,25.719999313354492,25.719999313354492,1141,0.0,0.0
2024-08-27 09:30:00-04:00,25.770000457763672,25.81999969482422,25.770000457763672,25.78499984741211,0,0.0,0.0
2024-08-27 11:30:00-04:00,25.809900283813477,25.809900283813477,25.780000686645508,25.79990005493164,3310,0.0,0.0
2024-08-27 12:30:00-04:00,25.790000915527344,25.796899795532227,25.790000915527344,25.790199279785156,3100,0.0,0.0
2024-08-27 13:30:00-04:00,25.780000686645508,25.789899826049805,25.75,25.777999877929688,3226,0.0,0.0
2024-08-27 14:30:00-04:00,25.780000686645508,25.78499984741211,25.780000686645508,25.78499984741211,2829,0.0,0.0
2024-08-27 15:30:00-04:00,25.780000686645508,25.780000686645508,25.760000228881836,25.760000228881836,5344,0.0,0.0
2024-08-28 09:30:00-04:00,25.770000457763672,25.770000457763672,25.760400772094727,25.760400772094727,1640,0.0,0.0
2024-08-28 10:30:00-04:00,25.790000915527344,25.81999969482422,25.770000457763672,25.81999969482422,2376,0.0,0.0
2024-08-28 11:30:00-04:00,25.790000915527344,25.790000915527344,25.790000915527344,25.790000915527344,363,0.0,0.0
2024-08-28 12:30:00-04:00,25.770000457763672,25.770000457763672,25.760000228881836,25.760000228881836,1742,0.0,0.0
2024-08-28 13:30:00-04:00,25.760000228881836,25.7893009185791,25.760000228881836,25.770000457763672,2394,0.0,0.0
2024-08-28 14:30:00-04:00,25.75,25.79290008544922,25.75,25.777299880981445,5625,0.0,0.0
2024-08-28 15:30:00-04:00,25.770000457763672,25.770000457763672,25.729999542236328,25.729999542236328,946,0.0,0.0
2024-08-29 09:30:00-04:00,25.75,25.780000686645508,25.75,25.780000686645508,0,0.0,0.0
2024-08-29 10:30:00-04:00,25.780000686645508,25.780000686645508,25.75,25.75,3525,0.0,0.0
2024-08-29 11:30:00-04:00,25.75,25.752899169921875,25.741600036621094,25.741600036621094,2555,0.0,0.0
2024-08-29 12:30:00-04:00,25.739999771118164,25.809999465942383,25.739999771118164,25.809999465942383,6988,0.0,0.0
2024-08-29 13:30:00-04:00,25.809999465942383,25.8700008392334,25.799999237060547,25.8700008392334,5648,0.0,0.0
2024-08-29 14:30:00-04:00,25.899999618530273,25.899999618530273,25.84000015258789,25.860000610351562,6531,0.0,0.0
2024-08-29 15:30:00-04:00,25.84000015258789,25.85460090637207,25.809999465942383,25.809999465942383,5770,0.0,0.0
2024-08-30 09:30:00-04:00,25.860000610351562,25.950000762939453,25.860000610351562,25.8799991607666,28223,0.0,0.0
2024-08-30 10:30:00-04:00,25.8700008392334,25.949899673461914,25.809999465942383,25.850000381469727,3447,0.0,0.0
2024-08-30 11:30:00-04:00,25.819400787353516,25.8799991607666,25.819400787353516,25.8700008392334,2095,0.0,0.0
2024-08-30 12:30:00-04:00,25.86989974975586,25.86989974975586,25.82509994506836,25.82509994506836,4178,0.0,0.0
2024-08-30 13:30:00-04:00,25.850000381469727,25.86989974975586,25.850000381469727,25.86989974975586,4205,0.0,0.0
2024-08-30 14:30:00-04:00,25.860000610351562,25.875,25.860000610351562,25.8700008392334,4835,0.0,0.0
2024-08-30 15:30:00-04:00,25.84000015258789,25.8700008392334,25.770000457763672,25.770000457763672,9489,0.0,0.0
2024-09-03 09:30:00-04:00,25.799999237060547,25.829999923706055,25.799999237060547,25.829999923706055,2155,0.0,0.0
2024-09-03 10:30:00-04:00,25.799699783325195,25.815000534057617,25.790000915527344,25.815000534057617,3249,0.0,0.0
2024-09-03 11:30:00-04:00,25.825000762939453,25.825000762939453,25.809999465942383,25.809999465942383,2330,0.0,0.0
2024-09-03 12:30:00-04:00,25.829999923706055,25.829999923706055,25.829999923706055,25.829999923706055,633,0.0,0.0
2024-09-03 13:30:00-04:00,25.81999969482422,25.81999969482422,25.81999969482422,25.81999969482422,581,0.0,0.0
2024-09-03 14:30:00-04:00,25.81999969482422,25.84000015258789,25.790000915527344,25.81999969482422,5750,0.0,0.0
2024-09-03 15:30:00-04:00,25.81999969482422,25.824399948120117,25.790000915527344,25.790000915527344,3265,0.0,0.0
2024-09-04 09:30:00-04:00,25.790000915527344,25.889999389648438,25.790000915527344,25.889999389648438,1718,0.0,0.0
2024-09-04 10:30:00-04:00,25.876399993896484,25.876399993896484,25.876399993896484,25.876399993896484,1056,0.0,0.0
2024-09-04 11:30:00-04:00,25.899999618530273,25.920000076293945,25.8799991607666,25.920000076293945,2923,0.0,0.0
2024-09-04 12:30:00-04:00,25.8700008392334,25.90999984741211,25.8700008392334,25.90999984741211,2931,0.0,0.0
2024-09-04 13:30:00-04:00,25.90999984741211,25.9153995513916,25.899999618530273,25.899999618530273,2885,0.0,0.0
2024-09-04 15:30:00-04:00,25.899999618530273,25.899999618530273,25.899999618530273,25.899999618530273,1676,0.0,0.0
2024-09-05 09:30:00-04:00,25.90999984741211,25.950000762939453,25.90999984741211,25.950000762939453,3700,0.0,0.0
2024-09-05 10:30:00-04:00,26.037500381469727,26.037500381469727,25.870100021362305,26.00979995727539,12078,0.0,0.0
2024-09-05 11:30:00-04:00,26.010000228881836,26.010000228881836,25.920000076293945,25.920000076293945,1140,0.0,0.0
2024-09-05 12:30:00-04:00,26.0,26.009899139404297,26.0,26.009899139404297,4005,0.0,0.0
2024-09-05 13:30:00-04:00,25.950000762939453,25.979999542236328,25.8799991607666,25.8799991607666,15272,0.0,0.0
2024-09-05 14:30:00-04:00,25.8799991607666,25.890100479125977,25.860000610351562,25.890100479125977,6732,0.0,0.0
2024-09-05 15:30:00-04:00,25.894500732421875,25.894500732421875,25.84000015258789,25.84000015258789,1717,0.0,0.0
2024-09-06 09:30:00-04:00,25.84000015258789,25.9064998626709,25.84000015258789,25.889999389648438,4750,0.0,0.0
2024-09-06 10:30:00-04:00,25.918500900268555,25.920000076293945,25.850500106811523,25.850500106811523,2944,0.0,0.0
2024-09-06 11:30:00-04:00,25.8799991607666,25.889999389648438,25.86750030517578,25.8799991607666,1358,0.0,0.0
2024-09-06 12:30:00-04:00,25.875,25.89739990234375,25.859500885009766,25.89739990234375,3316,0.0,0.0
2024-09-06 13:30:00-04:00,25.860000610351562,25.90999984741211,25.860000610351562,25.889999389648438,2418,0.0,0.0
2024-09-06 14:30:00-04:00,25.889999389648438,25.889999389648438,25.860000610351562,25.860000610351562,1152,0.0,0.0
2024-09-09 09:30:00-04:00,25.809999465942383,25.8700008392334,25.809999465942383,25.8700008392334,8090,0.0,0.0
2024-09-09 10:30:00-04:00,25.850099563598633,25.91990089416504,25.850099563598633,25.91990089416504,1638,0.0,0.0
2024-09-09 11:30:00-04:00,25.899999618530273,25.93000030517578,25.899999618530273,25.93000030517578,5108,0.0,0.0
2024-09-09 12:30:00-04:00,25.920000076293945,25.950000762939453,25.920000076293945,25.950000762939453,3406,0.0,0.0
2024-09-09 13:30:00-04:00,25.959999084472656,25.959999084472656,25.959999084472656,25.959999084472656,304,0.0,0.0
2024-09-09 14:30:00-04:00,25.966800689697266,25.969999313354492,25.920000076293945,25.920000076293945,5190,0.0,0.0
2024-09-09 15:30:00-04:00,25.950000762939453,25.959999084472656,25.950000762939453,25.959999084472656,1271,0.0,0.0
2024-09-10 09:30:00-04:00,26.010000228881836,26.010000228881836,26.010000228881836,26.010000228881836,0,0.0,0.0
2024-09-10 10:30:00-04:00,25.93000030517578,25.9778995513916,25.93000030517578,25.9778995513916,4407,0.0,0.0
2024-09-10 11:30:00-04:00,25.940000534057617,25.959999084472656,25.912599563598633,25.912599563598633,4358,0.0,0.0
2024-09-10 12:30:00-04:00,26.0,26.0,26.0,26.0,179,0.0,0.0
2024-09-10 14:30:00-04:00,25.989999771118164,25.989999771118164,25.95709991455078,25.95709991455078,2548,0.0,0.0
2024-09-10 15:30:00-04:00,25.979999542236328,26.059999465942383,25.979999542236328,26.059999465942383,4107,0.0,0.0
2024-09-11 09:30:00-04:00,26.06999969482422,26.06999969482422,25.95009994506836,25.979999542236328,2413,0.0,0.0
2024-09-11 10:30:00-04:00,26.0,26.099300384521484,26.0,26.099300384521484,12301,0.0,0.0
2024-09-11 11:30:00-04:00,26.09000015258789,26.09000015258789,26.06999969482422,26.06999969482422,4439,0.0,0.0
2024-09-11 12:30:00-04:00,26.079999923706055,26.09000015258789,26.020000457763672,26.020000457763672,6402,0.0,0.0
2024-09-11 13:30:00-04:00,26.045000076293945,26.09000015258789,26.045000076293945,26.09000015258789,4069,0.0,0.0
2024-09-11 14:30:00-04:00,26.060100555419922,26.099899291992188,26.060100555419922,26.099899291992188,0,0.0,0.0
2024-09-12 09:30:00-04:00,26.100000381469727,26.100000381469727,26.030000686645508,26.070100784301758,4046,0.0,0.0
2024-09-12 10:30:00-04:00,26.09000015258789,26.09000015258789,26.06999969482422,26.06999969482422,0,0.0,0.0
2024-09-12 11:30:00-04:00,26.040000915527344,26.09000015258789,26.040000915527344,26.04010009765625,20456,0.0,0.0
2024-09-12 12:30:00-04:00,26.09000015258789,26.09000015258789,26.059999465942383,26.059999465942383,3652,0.0,0.0
2024-09-12 13:30:00-04:00,26.079299926757812,26.100000381469727,26.079299926757812,26.09000015258789,3567,0.0,0.0
2024-09-12 14:30:00-04:00,26.084999084472656,26.1299991607666,26.084999084472656,26.1299991607666,3254,0.0,0.0
2024-09-12 15:30:00-04:00,26.1299991607666,26.139999389648438,26.1200008392334,26.1299991607666,1871,0.0,0.0
2024-09-13 09:30:00-04:00,26.1299991607666,26.139999389648438,26.100000381469727,26.139999389648438,3019,0.0,0.0
2024-09-13 10:30:00-04:00,26.1466007232666,26.1466007232666,26.100000381469727,26.126399993896484,6458,0.0,0.0
2024-09-13 11:30:00-04:00,26.1200008392334,26.139400482177734,26.100000381469727,26.100000381469727,2780,0.0,0.0
2024-09-13 12:30:00-04:00,26.110000610351562,26.1200008392334,26.100000381469727,26.100000381469727,5085,0.0,0.0
2024-09-13 13:30:00-04:00,26.110000610351562,26.110000610351562,26.06999969482422,26.06999969482422,7144,0.0,0.0
2024-09-13 14:30:00-04:00,26.104999542236328,26.104999542236328,26.059999465942383,26.08880043029785,3407,0.0,0.0
2024-09-13 15:30:00-04:00,26.100000381469727,26.100000381469727,26.070199966430664,26.070199966430664,3190,0.0,0.0
2024-09-16 09:30:00-04:00,25.510000228881836,25.670000076293945,25.510000228881836,25.614999771118164,11718,0.0,0.0
2024-09-16 10:30:00-04:00,25.6200008392334,25.6200008392334,25.56999969482422,25.610000610351562,4388,0.0,0.0
2024-09-16 11:30:00-04:00,25.600000381469727,25.6200008392334,25.600000381469727,25.6200008392334,2426,0.0,0.0
2024-09-16 12:30:00-04:00,25.600099563598633,25.614999771118164,25.600000381469727,25.610599517822266,3397,0.0,0.0
2024-09-16 13:30:00-04:00,25.610000610351562,25.6299991607666,25.610000610351562,25.625,5745,0.0,0.0
2024-09-16 14:30:00-04:00,25.639999389648438,25.639999389648438,25.600000381469727,25.6200008392334,11436,0.0,0.0
2024-09-16 15:30:00-04:00,25.6299991607666,25.65999984741211,25.6299991607666,25.65999984741211,4490,0.0,0.0
2024-09-17 09:30:00-04:00,25.670000076293945,25.670000076293945,25.6200008392334,25.670000076293945,7759,0.0,0.0
2024-09-17 10:30:00-04:00,25.700000762939453,25.709999084472656,25.700000762939453,25.709999084472656,4509,0.0,0.0
2024-09-17 11:30:00-04:00,25.71500015258789,25.747900009155273,25.71500015258789,25.729999542236328,3960,0.0,0.0
2024-09-17 12:30:00-04:00,25.649999618530273,25.69580078125,25.649999618530273,25.69580078125,2434,0.0,0.0
2024-09-17 13:30:00-04:00,25.700000762939453,25.75,25.684999465942383,25.75,5091,0.0,0.0
2024-09-17 14:30:00-04:00,25.736900329589844,25.739999771118164,25.736900329589844,25.739999771118164,2577,0.0,0.0
2024-09-17 15:30:00-04:00,25.739999771118164,25.739999771118164,25.719999313354492,25.7367000579834,2109,0.0,0.0
2024-09-18 09:30:00-04:00,25.690000534057617,25.739999771118164,25.655000686645508,25.65999984741211,7452,0.0,0.0
2024-09-18 10:30:00-04:00,25.725000381469727,25.725000381469727,25.665000915527344,25.70829963684082,3144,0.0,0.0
2024-09-18 11:30:00-04:00,25.709699630737305,25.709699630737305,25.67140007019043,25.681900024414062,1277,0.0,0.0
2024-09-18 12:30:00-04:00,25.650100708007812,25.68000030517578,25.650100708007812,25.68000030517578,812,0.0,0.0
2024-09-18 13:30:00-04:00,25.71660041809082,25.809999465942383,25.71660041809082,25.760000228881836,7039,0.0,0.0
2024-09-18 14:30:00-04:00,25.756200790405273,25.780000686645508,25.699399948120117,25.699399948120117,4280,0.0,0.0
2024-09-18 15:30:00-04:00,25.729999542236328,25.75,25.729999542236328,25.75,802,0.0,0.0
2024-09-19 09:30:00-04:00,25.700000762939453,25.799999237060547,25.611900329589844,25.78059959411621,12029,0.0,0.0
2024-09-19 10:30:00-04:00,25.761999130249023,25.79990005493164,25.700000762939453,25.760000228881836,10179,0.0,0.0
2024-09-19 11:30:00-04:00,25.780000686645508,25.790000915527344,25.719999313354492,25.764999389648438,7699,0.0,0.0
2024-09-19 12:30:00-04:00,25.780000686645508,25.799999237060547,25.729999542236328,25.799999237060547,0,0.0,0.0
2024-09-19 13:30:00-04:00,25.799999237060547,25.808000564575195,25.75830078125,25.808000564575195,37205,0.0,0.0
2024-09-19 14:30:00-04:00,25.809999465942383,25.84000015258789,25.809999465942383,25.810100555419922,5607,0.0,0.0
2024-09-19 15:30:00-04:00,25.809999465942383,25.829999923706055,25.809999465942383,25.829999923706055,3729,0.0,0.0
2024-09-20 09:30:00-04:00,25.829999923706055,25.829999923706055,25.722400665283203,25.764999389648438,0,0.0,0.0
2024-09-20 10:30:00-04:00,25.799999237060547,25.83989906311035,25.799999237060547,25.82990074157715,2842,0.0,0.0
2024-09-20 11:30:00-04:00,25.800600051879883,25.800600051879883,25.800600051879883,25.800600051879883,542,0.0,0.0
2024-09-20 12:30:00-04:00,25.82990074157715,25.82990074157715,25.815000534057617,25.815000534057617,3159,0.0,0.0
2024-09-20 13:30:00-04:00,25.799999237060547,25.819000244140625,25.790000915527344,25.819000244140625,4279,0.0,0.0
2024-09-20 14:30:00-04:00,25.815000534057617,25.8700008392334,25.80780029296875,25.8700008392334,2903,0.0,0.0
2024-09-20 15:30:00-04:00,25.8700008392334,25.899999618530273,25.860000610351562,25.860000610351562,24978,0.0,0.0
2024-09-23 09:30:00-04:00,25.899999618530273,26.099899291992188,25.84000015258789,25.864999771118164,0,0.0,0.0
2024-09-23 10:30:00-04:00,25.84000015258789,25.84000015258789,25.84000015258789,25.84000015258789,11897,0.0,0.0
2024-09-23 11:30:00-04:00,25.899999618530273,25.899999618530273,25.84000015258789,25.877399444580078,6818,0.0,0.0
2024-09-23 12:30:00-04:00,25.854999542236328,25.8927001953125,25.84630012512207,25.84630012512207,2544,0.0,0.0
2024-09-23 13:30:00-04:00,25.881999969482422,25.899999618530273,25.8799991607666,25.8799991607666,5861,0.0,0.0
2024-09-23 14:30:00-04:00,25.887500762939453,25.950000762939453,25.887500762939453,25.940000534057617,6820,0.0,0.0
2024-09-23 15:30:00-04:00,25.94879913330078,25.94879913330078,25.94879913330078,25.94879913330078,548,0.0,0.0
2024-09-24 09:30:00-04:00,25.8700008392334,25.95989990234375,25.8700008392334,25.95989990234375,0,0.0,0.0
2024-09-24 10:30:00-04:00,25.90999984741211,25.959999084472656,25.90999984741211,25.959999084472656,4367,0.0,0.0
2024-09-24 11:30:00-04:00,25.985000610351562,26.019899368286133,25.974300384521484,26.01959991455078,5628,0.0,0.0
2024-09-24 13:30:00-04:00,26.008399963378906,26.010000228881836,26.008399963378906,26.010000228881836,939,0.0,0.0
2024-09-24 14:30:00-04:00,25.973499298095703,26.020000457763672,25.973499298095703,26.014999389648438,3738,0.0,0.0
2024-09-24 15:30:00-04:00,26.024999618530273,26.09000015258789,26.024999618530273,26.09000015258789,3725,0.0,0.0
2024-09-25 09:30:00-04:00,26.09000015258789,26.09000015258789,26.082500457763672,26.088199615478516,3572,0.0,0.0
2024-09-25 10:30:00-04:00,26.036699295043945,26.08989906311035,26.010099411010742,26.06999969482422,4657,0.0,0.0
2024-09-25 11:30:00-04:00,26.059999465942383,26.059999465942383,26.03809928894043,26.03809928894043,5457,0.0,0.0
2024-09-25 12:30:00-04:00,26.055999755859375,26.059999465942383,25.940000534057617,25.940000534057617,7844,0.0,0.0
2024-09-25 13:30:00-04:00,25.979999542236328,25.980100631713867,25.979999542236328,25.980100631713867,1724,0.0,0.0
2024-09-25 14:30:00-04:00,25.96500015258789,25.997100830078125,25.950000762939453,25.950000762939453,2307,0.0,0.0
2024-09-25 15:30:00-04:00,25.954999923706055,25.978599548339844,25.93000030517578,25.93000030517578,995,0.0,0.0
2024-09-26 09:30:00-04:00,26.06879997253418,26.06999969482422,26.0049991607666,26.0049991607666,2159,0.0,0.0
2024-09-26 10:30:00-04:00,25.954999923706055,25.954999923706055,25.954999923706055,25.954999923706055,2147,0.0,0.0
2024-09-26 11:30:00-04:00,25.979999542236328,26.010000228881836,25.979999542236328,26.010000228881836,1644,0.0,0.0
2024-09-26 12:30:00-04:00,25.969999313354492,26.0093994140625,25.969999313354492,26.0093994140625,5582,0.0,0.0
2024-09-26 13:30:00-04:00,25.979999542236328,26.049999237060547,25.979999542236328,26.049999237060547,3255,0.0,0.0
2024-09-26 14:30:00-04:00,26.06999969482422,26.08989906311035,26.020000457763672,26.040000915527344,7715,0.0,0.0
2024-09-26 15:30:00-04:00,26.079999923706055,26.079999923706055,26.06999969482422,26.06999969482422,1211,0.0,0.0
2024-09-27 09:30:00-04:00,26.079999923706055,26.11989974975586,26.049999237060547,26.049999237060547,5336,0.0,0.0
2024-09-27 10:30:00-04:00,26.049999237060547,26.1299991607666,26.049999237060547,26.100000381469727,9424,0.0,0.0
2024-09-27 11:30:00-04:00,26.049999237060547,26.049999237060547,26.028400421142578,26.028400421142578,515,0.0,0.0
2024-09-27 12:30:00-04:00,26.05500030517578,26.096399307250977,26.05500030517578,26.06999969482422,4703,0.0,0.0
2024-09-27 13:30:00-04:00,26.091299057006836,26.149999618530273,26.049999237060547,26.149999618530273,7520,0.0,0.0
2024-09-27 14:30:00-04:00,26.1200008392334,26.18000030517578,26.110000610351562,26.18000030517578,6879,0.0,0.0
2024-09-27 15:30:00-04:00,26.190000534057617,26.239999771118164,26.16710090637207,26.200000762939453,7357,0.0,0.0
