Datetime,Open,High,Low,Close,Volume,Dividends,Stock Splits,Capital Gains
2022-09-29 09:30:00-04:00,36.939998626708984,36.939998626708984,36.2599983215332,36.279998779296875,0,0.0,0.0,0.0
2022-09-29 10:30:00-04:00,36.25,36.31999969482422,36.25,36.31999969482422,3366,0.0,0.0,0.0
2022-09-29 11:30:00-04:00,36.3578987121582,36.36109924316406,36.339698791503906,36.339698791503906,2481,0.0,0.0,0.0
2022-09-29 12:30:00-04:00,36.34659957885742,36.34659957885742,36.209999084472656,36.209999084472656,297,0.0,0.0,0.0
2022-09-29 13:30:00-04:00,36.20000076293945,36.20000076293945,36.09989929199219,36.119998931884766,1471,0.0,0.0,0.0
2022-09-29 14:30:00-04:00,36.15999984741211,36.20000076293945,36.130001068115234,36.20000076293945,2162,0.0,0.0,0.0
2022-09-29 15:30:00-04:00,36.27000045776367,36.43000030517578,36.27000045776367,36.43000030517578,3693,0.0,0.0,0.0
2022-09-30 09:30:00-04:00,36.13999938964844,36.50790023803711,36.13999938964844,36.50790023803711,0,0.0,0.0,0.0
2022-09-30 10:30:00-04:00,36.54499816894531,36.645198822021484,36.54499816894531,36.645198822021484,778,0.0,0.0,0.0
2022-09-30 11:30:00-04:00,36.7234992980957,36.7234992980957,36.45000076293945,36.45000076293945,3210,0.0,0.0,0.0
2022-09-30 12:30:00-04:00,36.439998626708984,36.51499938964844,36.439998626708984,36.5,2904,0.0,0.0,0.0
2022-09-30 13:30:00-04:00,36.571800231933594,36.571800231933594,36.28390121459961,36.28390121459961,2357,0.0,0.0,0.0
2022-09-30 14:30:00-04:00,36.15570068359375,36.15570068359375,36.119998931884766,36.119998931884766,2869,0.0,0.0,0.0
2022-09-30 15:30:00-04:00,36.0099983215332,36.0099983215332,35.95000076293945,35.95000076293945,301,0.0,0.0,0.0
2022-10-03 09:30:00-04:00,36.40999984741211,36.40999984741211,36.15999984741211,36.15999984741211,647,0.0,0.0,0.0
2022-10-03 10:30:00-04:00,36.83000183105469,36.9900016784668,36.7599983215332,36.9900016784668,9419,0.0,0.0,0.0
2022-10-03 11:30:00-04:00,36.970001220703125,36.98860168457031,36.88999938964844,36.911800384521484,7554,0.0,0.0,0.0
2022-10-03 12:30:00-04:00,36.869998931884766,37.02000045776367,36.869998931884766,37.02000045776367,3410,0.0,0.0,0.0
2022-10-03 13:30:00-04:00,37.0,37.08000183105469,36.98500061035156,37.08000183105469,1981,0.0,0.0,0.0
2022-10-03 14:30:00-04:00,37.11000061035156,37.16999816894531,37.099998474121094,37.099998474121094,1075,0.0,0.0,0.0
2022-10-03 15:30:00-04:00,37.04100036621094,37.119998931884766,36.95000076293945,36.97909927368164,7492,0.0,0.0,0.0
2022-10-04 09:30:00-04:00,37.47999954223633,38.16999816894531,37.47999954223633,38.060001373291016,7553,0.0,0.0,0.0
2022-10-04 10:30:00-04:00,38.04999923706055,38.21839904785156,38.04999923706055,38.21839904785156,1454,0.0,0.0,0.0
2022-10-04 11:30:00-04:00,38.18000030517578,38.18980026245117,38.18000030517578,38.18980026245117,345,0.0,0.0,0.0
2022-10-04 12:30:00-04:00,38.220001220703125,38.2599983215332,37.9900016784668,37.9900016784668,2703,0.0,0.0,0.0
2022-10-04 13:30:00-04:00,37.97869873046875,38.060001373291016,37.97869873046875,38.060001373291016,1608,0.0,0.0,0.0
2022-10-04 14:30:00-04:00,38.02000045776367,38.16999816894531,38.02000045776367,38.07339859008789,6024,0.0,0.0,0.0
2022-10-04 15:30:00-04:00,38.130001068115234,38.29999923706055,38.121700286865234,38.29999923706055,1706,0.0,0.0,0.0
2022-10-05 09:30:00-04:00,37.900001525878906,37.900001525878906,37.68000030517578,37.68000030517578,0,0.0,0.0,0.0
2022-10-05 10:30:00-04:00,37.67900085449219,37.750701904296875,37.59000015258789,37.72840118408203,23927,0.0,0.0,0.0
2022-10-05 11:30:00-04:00,37.779998779296875,37.88420104980469,37.65959930419922,37.88420104980469,7053,0.0,0.0,0.0
2022-10-05 12:30:00-04:00,37.915000915527344,38.07870101928711,37.869998931884766,38.07870101928711,1904,0.0,0.0,0.0
2022-10-05 13:30:00-04:00,38.005001068115234,38.0620002746582,37.959999084472656,38.05550003051758,247475,0.0,0.0,0.0
2022-10-05 14:30:00-04:00,38.044498443603516,38.06999969482422,38.044498443603516,38.06999969482422,784,0.0,0.0,0.0
2022-10-05 15:30:00-04:00,38.148799896240234,38.148799896240234,37.83000183105469,37.83000183105469,9009,0.0,0.0,0.0
2022-10-06 09:30:00-04:00,37.81999969482422,37.945499420166016,37.7327995300293,37.7327995300293,0,0.0,0.0,0.0
2022-10-06 10:30:00-04:00,37.93119812011719,37.93119812011719,37.93119812011719,37.93119812011719,708,0.0,0.0,0.0
2022-10-06 11:30:00-04:00,37.737998962402344,37.737998962402344,37.737998962402344,37.737998962402344,243,0.0,0.0,0.0
2022-10-06 12:30:00-04:00,37.885501861572266,37.885501861572266,37.81949996948242,37.81949996948242,964,0.0,0.0,0.0
2022-10-06 13:30:00-04:00,37.720001220703125,37.72990036010742,37.672298431396484,37.709999084472656,6852,0.0,0.0,0.0
2022-10-06 14:30:00-04:00,37.69499969482422,37.720001220703125,37.628700256347656,37.628700256347656,980,0.0,0.0,0.0
2022-10-06 15:30:00-04:00,37.7599983215332,37.7599983215332,37.68000030517578,37.696800231933594,838,0.0,0.0,0.0
2022-10-07 09:30:00-04:00,37.400001525878906,37.400001525878906,36.939998626708984,36.939998626708984,0,0.0,0.0,0.0
2022-10-07 10:30:00-04:00,37.09519958496094,37.09519958496094,36.97169876098633,36.97169876098633,3179,0.0,0.0,0.0
2022-10-07 11:30:00-04:00,36.93220138549805,36.93220138549805,36.93220138549805,36.93220138549805,230,0.0,0.0,0.0
2022-10-07 12:30:00-04:00,36.779998779296875,36.779998779296875,36.779998779296875,36.779998779296875,2183,0.0,0.0,0.0
2022-10-07 13:30:00-04:00,36.8296012878418,36.8296012878418,36.77000045776367,36.79439926147461,548,0.0,0.0,0.0
2022-10-07 14:30:00-04:00,36.76499938964844,36.78499984741211,36.76499938964844,36.78499984741211,385,0.0,0.0,0.0
2022-10-07 15:30:00-04:00,36.74589920043945,36.77669906616211,36.720001220703125,36.7599983215332,622,0.0,0.0,0.0
2022-10-10 09:30:00-04:00,36.939998626708984,37.081199645996094,36.939998626708984,37.081199645996094,0,0.0,0.0,0.0
2022-10-10 10:30:00-04:00,37.189998626708984,37.189998626708984,37.099998474121094,37.125,1472,0.0,0.0,0.0
2022-10-10 12:30:00-04:00,36.79999923706055,36.79999923706055,36.79999923706055,36.79999923706055,297,0.0,0.0,0.0
2022-10-10 13:30:00-04:00,36.974998474121094,37.222599029541016,36.96500015258789,37.064998626708984,2532,0.0,0.0,0.0
2022-10-10 14:30:00-04:00,37.07170104980469,37.07170104980469,37.060001373291016,37.060001373291016,363,0.0,0.0,0.0
2022-10-10 15:30:00-04:00,37.09000015258789,37.09000015258789,37.02000045776367,37.09000015258789,544,0.0,0.0,0.0
2022-10-11 09:30:00-04:00,36.86000061035156,36.900001525878906,36.86000061035156,36.900001525878906,6725,0.0,0.0,0.0
2022-10-11 10:30:00-04:00,37.040000915527344,37.22919845581055,37.040000915527344,37.16999816894531,4337,0.0,0.0,0.0
2022-10-11 13:30:00-04:00,37.5098991394043,37.5098991394043,37.459999084472656,37.459999084472656,5530,0.0,0.0,0.0
2022-10-11 14:30:00-04:00,37.470001220703125,37.52000045776367,36.959999084472656,36.959999084472656,2969,0.0,0.0,0.0
2022-10-11 15:30:00-04:00,37.189998626708984,37.400001525878906,37.18000030517578,37.400001525878906,770,0.0,0.0,0.0
2022-10-12 09:30:00-04:00,37.29999923706055,37.29999923706055,36.900001525878906,37.04499816894531,9528,0.0,0.0,0.0
2022-10-12 10:30:00-04:00,37.063201904296875,37.167598724365234,37.0,37.167598724365234,6525,0.0,0.0,0.0
2022-10-12 11:30:00-04:00,37.1150016784668,37.20560073852539,37.078800201416016,37.20560073852539,924,0.0,0.0,0.0
2022-10-12 12:30:00-04:00,37.17919921875,37.17919921875,37.17919921875,37.17919921875,411,0.0,0.0,0.0
2022-10-12 13:30:00-04:00,37.130001068115234,37.130001068115234,37.130001068115234,37.130001068115234,797,0.0,0.0,0.0
2022-10-12 14:30:00-04:00,37.14720153808594,37.14720153808594,37.14720153808594,37.14720153808594,421,0.0,0.0,0.0
2022-10-12 15:30:00-04:00,37.15409851074219,37.209999084472656,37.060001373291016,37.060001373291016,0,0.0,0.0,0.0
2022-10-13 09:30:00-04:00,36.220001220703125,36.779998779296875,36.220001220703125,36.60169982910156,3096,0.0,0.0,0.0
2022-10-13 10:30:00-04:00,36.7400016784668,37.47990036010742,36.7400016784668,37.47990036010742,615,0.0,0.0,0.0
2022-10-13 11:30:00-04:00,37.3390007019043,37.62580108642578,37.3390007019043,37.55870056152344,2346,0.0,0.0,0.0
2022-10-13 13:30:00-04:00,37.97650146484375,37.97650146484375,37.90999984741211,37.90999984741211,1249,0.0,0.0,0.0
2022-10-13 15:30:00-04:00,37.92679977416992,38.029998779296875,37.92679977416992,37.99869918823242,604,0.0,0.0,0.0
2022-10-14 09:30:00-04:00,38.209999084472656,38.286800384521484,37.630001068115234,37.630001068115234,0,0.0,0.0,0.0
2022-10-14 10:30:00-04:00,37.76210021972656,37.76210021972656,37.63999938964844,37.63999938964844,1085,0.0,0.0,0.0
2022-10-14 11:30:00-04:00,37.5099983215332,37.52669906616211,37.380001068115234,37.5099983215332,924,0.0,0.0,0.0
2022-10-14 12:30:00-04:00,37.5,37.619998931884766,37.439998626708984,37.439998626708984,1206,0.0,0.0,0.0
2022-10-14 13:30:00-04:00,37.470001220703125,37.52000045776367,37.34000015258789,37.34000015258789,2409,0.0,0.0,0.0
2022-10-14 14:30:00-04:00,37.310001373291016,37.400001525878906,37.29999923706055,37.36000061035156,1693,0.0,0.0,0.0
2022-10-14 15:30:00-04:00,37.43000030517578,37.43000030517578,37.27190017700195,37.27190017700195,1960,0.0,0.0,0.0
2022-10-17 09:30:00-04:00,37.400001525878906,38.29999923706055,37.400001525878906,38.29999923706055,0,0.0,0.0,0.0
2022-10-17 10:30:00-04:00,38.130001068115234,38.218299865722656,38.130001068115234,38.218299865722656,394,0.0,0.0,0.0
2022-10-17 11:30:00-04:00,38.183998107910156,38.229000091552734,38.183998107910156,38.189998626708984,1439,0.0,0.0,0.0
2022-10-17 12:30:00-04:00,38.129600524902344,38.129600524902344,38.099998474121094,38.099998474121094,592,0.0,0.0,0.0
2022-10-17 13:30:00-04:00,38.147701263427734,38.147701263427734,38.060001373291016,38.060001373291016,1222,0.0,0.0,0.0
2022-10-17 14:30:00-04:00,38.10499954223633,38.10499954223633,38.060001373291016,38.060001373291016,564,0.0,0.0,0.0
2022-10-17 15:30:00-04:00,38.20000076293945,38.20000076293945,38.15330123901367,38.15330123901367,102,0.0,0.0,0.0
2022-10-18 09:30:00-04:00,38.810001373291016,39.15999984741211,38.810001373291016,38.894798278808594,0,0.0,0.0,0.0
2022-10-18 10:30:00-04:00,38.810001373291016,38.810001373291016,38.625,38.630001068115234,736,0.0,0.0,0.0
2022-10-18 11:30:00-04:00,38.46099853515625,38.595001220703125,38.46099853515625,38.595001220703125,2500,0.0,0.0,0.0
2022-10-18 12:30:00-04:00,38.67250061035156,38.744998931884766,38.67250061035156,38.744998931884766,1596,0.0,0.0,0.0
2022-10-18 13:30:00-04:00,38.82849884033203,38.82849884033203,38.82849884033203,38.82849884033203,555,0.0,0.0,0.0
2022-10-18 14:30:00-04:00,38.59000015258789,38.59000015258789,38.53070068359375,38.53070068359375,318,0.0,0.0,0.0
2022-10-18 15:30:00-04:00,38.65999984741211,38.72819900512695,38.650001525878906,38.68840026855469,0,0.0,0.0,0.0
2022-10-19 09:30:00-04:00,38.41999816894531,38.41999816894531,38.41999816894531,38.41999816894531,265,0.0,0.0,0.0
2022-10-19 10:30:00-04:00,38.59149932861328,38.59149932861328,38.45000076293945,38.45000076293945,605,0.0,0.0,0.0
2022-10-19 11:30:00-04:00,38.39500045776367,38.43220138549805,38.39500045776367,38.43220138549805,5726,0.0,0.0,0.0
2022-10-19 12:30:00-04:00,38.1349983215332,38.1349983215332,37.970001220703125,37.970298767089844,1199,0.0,0.0,0.0
2022-10-19 13:30:00-04:00,37.939998626708984,38.165000915527344,37.932498931884766,38.150001525878906,3697,0.0,0.0,0.0
2022-10-19 14:30:00-04:00,38.06999969482422,38.26129913330078,38.06999969482422,38.26129913330078,1353,0.0,0.0,0.0
2022-10-19 15:30:00-04:00,38.19169998168945,38.29999923706055,38.189998626708984,38.29999923706055,306,0.0,0.0,0.0
2022-10-20 09:30:00-04:00,38.2599983215332,38.529998779296875,38.099998474121094,38.529998779296875,10290,0.0,0.0,0.0
2022-10-20 11:30:00-04:00,38.313899993896484,38.313899993896484,38.313899993896484,38.313899993896484,1161,0.0,0.0,0.0
2022-10-20 12:30:00-04:00,37.833499908447266,37.833499908447266,37.69049835205078,37.75550079345703,3311,0.0,0.0,0.0
2022-10-20 13:30:00-04:00,37.729698181152344,37.765499114990234,37.729698181152344,37.73619842529297,1677,0.0,0.0,0.0
2022-10-20 14:30:00-04:00,37.52000045776367,37.525001525878906,37.52000045776367,37.525001525878906,290,0.0,0.0,0.0
2022-10-20 15:30:00-04:00,37.599998474121094,37.599998474121094,37.540000915527344,37.58000183105469,2101,0.0,0.0,0.0
2022-10-21 09:30:00-04:00,37.63999938964844,37.97999954223633,37.625,37.910099029541016,0,0.0,0.0,0.0
2022-10-21 10:30:00-04:00,37.904998779296875,37.904998779296875,37.904998779296875,37.904998779296875,275,0.0,0.0,0.0
2022-10-21 11:30:00-04:00,38.02320098876953,38.21500015258789,38.02320098876953,38.21500015258789,1484,0.0,0.0,0.0
2022-10-21 12:30:00-04:00,38.150001525878906,38.45000076293945,38.150001525878906,38.45000076293945,2095,0.0,0.0,0.0
2022-10-21 13:30:00-04:00,38.435001373291016,38.53499984741211,38.435001373291016,38.514400482177734,778,0.0,0.0,0.0
2022-10-21 14:30:00-04:00,38.53499984741211,38.6349983215332,38.5,38.6349983215332,1480,0.0,0.0,0.0
2022-10-21 15:30:00-04:00,38.65549850463867,38.68000030517578,38.56060028076172,38.650001525878906,915,0.0,0.0,0.0
2022-10-24 09:30:00-04:00,38.779998779296875,38.994998931884766,38.779998779296875,38.994998931884766,0,0.0,0.0,0.0
2022-10-24 11:30:00-04:00,38.97999954223633,39.0,38.97999954223633,39.0,1371,0.0,0.0,0.0
2022-10-24 12:30:00-04:00,38.930999755859375,38.95119857788086,38.84000015258789,38.84000015258789,3800,0.0,0.0,0.0
2022-10-24 13:30:00-04:00,38.81999969482422,38.939998626708984,38.81999969482422,38.939998626708984,877,0.0,0.0,0.0
2022-10-24 14:30:00-04:00,38.939998626708984,39.02009963989258,38.939998626708984,39.02009963989258,560,0.0,0.0,0.0
2022-10-24 15:30:00-04:00,38.99399948120117,39.01499938964844,38.939998626708984,38.959999084472656,3783,0.0,0.0,0.0
2022-10-25 09:30:00-04:00,38.81999969482422,39.20000076293945,38.79999923706055,39.20000076293945,0,0.0,0.0,0.0
2022-10-25 10:30:00-04:00,39.359901428222656,39.535400390625,39.30630111694336,39.535400390625,3327,0.0,0.0,0.0
2022-10-25 11:30:00-04:00,39.588199615478516,39.709999084472656,39.588199615478516,39.650001525878906,66516,0.0,0.0,0.0
2022-10-25 12:30:00-04:00,39.619300842285156,39.619300842285156,39.472900390625,39.472900390625,4528,0.0,0.0,0.0
2022-10-25 13:30:00-04:00,39.4900016784668,39.5,39.45209884643555,39.47760009765625,2091,0.0,0.0,0.0
2022-10-25 14:30:00-04:00,39.5,39.5099983215332,39.47629928588867,39.480201721191406,4127,0.0,0.0,0.0
2022-10-25 15:30:00-04:00,39.599998474121094,39.630001068115234,39.52000045776367,39.52000045776367,3142,0.0,0.0,0.0
2022-10-26 09:30:00-04:00,39.709999084472656,39.880001068115234,39.52000045776367,39.75510025024414,0,0.0,0.0,0.0
2022-10-26 10:30:00-04:00,40.03049850463867,40.03049850463867,40.03049850463867,40.03049850463867,265,0.0,0.0,0.0
2022-10-26 11:30:00-04:00,40.20690155029297,40.25,40.20690155029297,40.25,682,0.0,0.0,0.0
2022-10-26 12:30:00-04:00,40.07500076293945,40.08000183105469,40.04079818725586,40.08000183105469,4712,0.0,0.0,0.0
2022-10-26 13:30:00-04:00,39.98500061035156,40.11000061035156,39.98500061035156,40.11000061035156,1952,0.0,0.0,0.0
2022-10-26 14:30:00-04:00,39.81060028076172,39.81060028076172,39.81060028076172,39.81060028076172,163,0.0,0.0,0.0
2022-10-26 15:30:00-04:00,39.88999938964844,39.88999938964844,39.71969985961914,39.71969985961914,15029,0.0,0.0,0.0
2022-10-27 09:30:00-04:00,40.06999969482422,40.47999954223633,40.06999969482422,40.47999954223633,0,0.0,0.0,0.0
2022-10-27 10:30:00-04:00,40.345001220703125,40.41999816894531,40.345001220703125,40.41999816894531,584,0.0,0.0,0.0
2022-10-27 11:30:00-04:00,40.5098991394043,40.5098991394043,40.5098991394043,40.5098991394043,759,0.0,0.0,0.0
2022-10-27 12:30:00-04:00,40.53160095214844,40.69940185546875,40.5099983215332,40.61000061035156,3697,0.0,0.0,0.0
2022-10-27 13:30:00-04:00,40.560001373291016,40.560001373291016,40.412200927734375,40.412200927734375,2900,0.0,0.0,0.0
2022-10-27 14:30:00-04:00,40.33000183105469,40.34320068359375,40.06999969482422,40.1254997253418,10311,0.0,0.0,0.0
2022-10-27 15:30:00-04:00,40.09000015258789,40.099998474121094,40.0099983215332,40.0099983215332,5611,0.0,0.0,0.0
2022-10-28 09:30:00-04:00,40.11000061035156,40.51919937133789,40.11000061035156,40.349998474121094,0,0.0,0.0,0.0
2022-10-28 10:30:00-04:00,40.45159912109375,40.529998779296875,40.439998626708984,40.439998626708984,3360,0.0,0.0,0.0
2022-10-28 11:30:00-04:00,40.560001373291016,40.560001373291016,40.541500091552734,40.541500091552734,399,0.0,0.0,0.0
2022-10-28 12:30:00-04:00,40.86000061035156,40.86000061035156,40.814998626708984,40.814998626708984,315,0.0,0.0,0.0
2022-10-28 13:30:00-04:00,40.84000015258789,40.84000015258789,40.77000045776367,40.79999923706055,5704,0.0,0.0,0.0
2022-10-28 14:30:00-04:00,40.81999969482422,40.95000076293945,40.81999969482422,40.91999816894531,838,0.0,0.0,0.0
2022-10-28 15:30:00-04:00,40.939998626708984,40.97999954223633,40.849998474121094,40.86989974975586,4381,0.0,0.0,0.0
2022-10-31 09:30:00-04:00,40.66999816894531,40.66999816894531,40.66999816894531,40.66999816894531,0,0.0,0.0,0.0
2022-10-31 10:30:00-04:00,40.76240158081055,40.76240158081055,40.76240158081055,40.76240158081055,534,0.0,0.0,0.0
2022-10-31 11:30:00-04:00,40.90999984741211,41.0,40.90999984741211,41.0,1950,0.0,0.0,0.0
2022-10-31 12:30:00-04:00,40.86050033569336,40.91999816894531,40.8484001159668,40.91999816894531,2501,0.0,0.0,0.0
2022-10-31 13:30:00-04:00,40.97999954223633,40.994998931884766,40.90829849243164,40.9656982421875,7904,0.0,0.0,0.0
2022-10-31 15:30:00-04:00,41.0099983215332,41.0099983215332,40.849998474121094,40.86000061035156,6135,0.0,0.0,0.0
2022-11-01 09:30:00-04:00,41.15999984741211,41.15999984741211,40.93000030517578,40.93000030517578,0,0.0,0.0,0.0
2022-11-01 10:30:00-04:00,40.849998474121094,40.93000030517578,40.849998474121094,40.900001525878906,1584,0.0,0.0,0.0
2022-11-01 11:30:00-04:00,40.94089889526367,41.119998931884766,40.915000915527344,40.9901008605957,1032,0.0,0.0,0.0
2022-11-01 12:30:00-04:00,41.04399871826172,41.2495002746582,41.04399871826172,41.22959899902344,2370,0.0,0.0,0.0
2022-11-01 13:30:00-04:00,41.21900177001953,41.2593994140625,41.06999969482422,41.10499954223633,1799,0.0,0.0,0.0
2022-11-01 14:30:00-04:00,41.04499816894531,41.09989929199219,40.977500915527344,40.977500915527344,4360,0.0,0.0,0.0
2022-11-01 15:30:00-04:00,41.0,41.049400329589844,41.0,41.00709915161133,1677,0.0,0.0,0.0
2022-11-02 09:30:00-04:00,40.880001068115234,40.880001068115234,40.60499954223633,40.60499954223633,0,0.0,0.0,0.0
2022-11-02 10:30:00-04:00,40.64500045776367,40.64500045776367,40.64500045776367,40.64500045776367,983,0.0,0.0,0.0
2022-11-02 11:30:00-04:00,40.68000030517578,40.68000030517578,40.68000030517578,40.68000030517578,358,0.0,0.0,0.0
2022-11-02 13:30:00-04:00,40.77000045776367,41.13999938964844,40.77000045776367,41.040000915527344,145941,0.0,0.0,0.0
2022-11-02 14:30:00-04:00,41.31999969482422,41.31999969482422,40.040000915527344,40.040000915527344,1468,0.0,0.0,0.0
2022-11-02 15:30:00-04:00,40.09989929199219,40.09989929199219,39.977500915527344,39.977500915527344,0,0.0,0.0,0.0
2022-11-03 09:30:00-04:00,39.30099868774414,39.375,39.30099868774414,39.375,774,0.0,0.0,0.0
2022-11-03 10:30:00-04:00,39.54600143432617,39.599998474121094,39.494998931884766,39.529998779296875,5905,0.0,0.0,0.0
2022-11-03 11:30:00-04:00,39.724998474121094,39.76969909667969,39.724998474121094,39.76969909667969,713,0.0,0.0,0.0
2022-11-03 12:30:00-04:00,39.81999969482422,39.81999969482422,39.81999969482422,39.81999969482422,6271,0.0,0.0,0.0
2022-11-03 13:30:00-04:00,39.869998931884766,39.869998931884766,39.869998931884766,39.869998931884766,190,0.0,0.0,0.0
2022-11-03 14:30:00-04:00,39.89929962158203,39.89929962158203,39.84000015258789,39.84700012207031,19195,0.0,0.0,0.0
2022-11-03 15:30:00-04:00,39.81999969482422,39.81999969482422,39.650001525878906,39.650001525878906,3991,0.0,0.0,0.0
2022-11-04 09:30:00-04:00,40.04999923706055,40.59000015258789,40.04999923706055,40.59000015258789,0,0.0,0.0,0.0
2022-11-04 10:30:00-04:00,40.529998779296875,40.584999084472656,40.529998779296875,40.584999084472656,310,0.0,0.0,0.0
2022-11-04 11:30:00-04:00,40.1713981628418,40.1713981628418,40.1713981628418,40.1713981628418,129,0.0,0.0,0.0
2022-11-04 12:30:00-04:00,39.91999816894531,40.03200149536133,39.91999816894531,40.005001068115234,4303,0.0,0.0,0.0
2022-11-04 13:30:00-04:00,40.020999908447266,40.0531005859375,39.98500061035156,39.98500061035156,980,0.0,0.0,0.0
2022-11-04 14:30:00-04:00,40.16999816894531,40.38999938964844,40.15810012817383,40.349998474121094,2472,0.0,0.0,0.0
2022-11-04 15:30:00-04:00,40.52199935913086,40.52199935913086,40.470001220703125,40.470001220703125,322,0.0,0.0,0.0
2022-11-07 09:30:00-05:00,40.720001220703125,40.790000915527344,40.41999816894531,40.54600143432617,0,0.0,0.0,0.0
2022-11-07 10:30:00-05:00,40.500099182128906,40.55500030517578,40.5,40.55500030517578,12598,0.0,0.0,0.0
2022-11-07 11:30:00-05:00,40.584999084472656,40.584999084472656,40.44499969482422,40.5099983215332,3945,0.0,0.0,0.0
2022-11-07 12:30:00-05:00,40.54199981689453,40.55500030517578,40.459999084472656,40.55500030517578,1305,0.0,0.0,0.0
2022-11-07 13:30:00-05:00,40.53300094604492,40.86949920654297,40.53300094604492,40.849998474121094,2651,0.0,0.0,0.0
2022-11-07 14:30:00-05:00,40.886199951171875,40.886199951171875,40.8468017578125,40.866600036621094,1522,0.0,0.0,0.0
2022-11-07 15:30:00-05:00,40.880001068115234,40.880001068115234,40.84000015258789,40.84389877319336,4044,0.0,0.0,0.0
2022-11-08 09:30:00-05:00,40.90480041503906,40.90480041503906,40.90480041503906,40.90480041503906,0,0.0,0.0,0.0
2022-11-08 10:30:00-05:00,41.14799880981445,41.2400016784668,41.14799880981445,41.2400016784668,5834,0.0,0.0,0.0
2022-11-08 12:30:00-05:00,41.099998474121094,41.099998474121094,40.85499954223633,40.85499954223633,2068,0.0,0.0,0.0
2022-11-08 13:30:00-05:00,40.72999954223633,40.790000915527344,40.650001525878906,40.709999084472656,8505,0.0,0.0,0.0
2022-11-08 14:30:00-05:00,40.63249969482422,40.79999923706055,40.63249969482422,40.79999923706055,4634,0.0,0.0,0.0
2022-11-08 15:30:00-05:00,40.95840072631836,40.95840072631836,40.75,40.7599983215332,2879,0.0,0.0,0.0
2022-11-09 09:30:00-05:00,40.461700439453125,40.7599983215332,40.461700439453125,40.7599983215332,0,0.0,0.0,0.0
2022-11-09 10:30:00-05:00,40.50600051879883,40.50600051879883,40.50600051879883,40.50600051879883,957,0.0,0.0,0.0
2022-11-09 11:30:00-05:00,40.584598541259766,40.599998474121094,40.584598541259766,40.599998474121094,362,0.0,0.0,0.0
2022-11-09 12:30:00-05:00,40.41999816894531,40.470001220703125,40.41999816894531,40.459999084472656,2231,0.0,0.0,0.0
2022-11-09 13:30:00-05:00,40.2599983215332,40.290000915527344,40.236900329589844,40.236900329589844,1135,0.0,0.0,0.0
2022-11-09 14:30:00-05:00,40.18989944458008,40.18989944458008,40.04999923706055,40.04999923706055,706,0.0,0.0,0.0
2022-11-09 15:30:00-05:00,40.0807991027832,40.14649963378906,40.0099983215332,40.07600021362305,3590,0.0,0.0,0.0
2022-11-10 09:30:00-05:00,41.47999954223633,41.93000030517578,41.33000183105469,41.93000030517578,0,0.0,0.0,0.0
2022-11-10 10:30:00-05:00,41.880001068115234,42.15999984741211,41.849998474121094,42.119998931884766,3961,0.0,0.0,0.0
2022-11-10 11:30:00-05:00,42.06999969482422,42.06999969482422,42.00640106201172,42.00640106201172,816,0.0,0.0,0.0
2022-11-10 12:30:00-05:00,41.849998474121094,41.849998474121094,41.72760009765625,41.78020095825195,3655,0.0,0.0,0.0
2022-11-10 13:30:00-05:00,41.917301177978516,42.0463981628418,41.917301177978516,42.0099983215332,87312,0.0,0.0,0.0
2022-11-10 14:30:00-05:00,42.02000045776367,42.060001373291016,42.02000045776367,42.060001373291016,206,0.0,0.0,0.0
2022-11-10 15:30:00-05:00,42.090999603271484,42.10499954223633,42.067901611328125,42.0984001159668,6118,0.0,0.0,0.0
2022-11-11 09:30:00-05:00,42.310001373291016,42.587501525878906,42.18000030517578,42.587501525878906,0,0.0,0.0,0.0
2022-11-11 10:30:00-05:00,42.40999984741211,42.40999984741211,42.40999984741211,42.40999984741211,726,0.0,0.0,0.0
2022-11-11 11:30:00-05:00,42.21500015258789,42.334999084472656,42.21500015258789,42.334999084472656,564,0.0,0.0,0.0
2022-11-11 12:30:00-05:00,42.26150131225586,42.26150131225586,42.18000030517578,42.2400016784668,2219,0.0,0.0,0.0
2022-11-11 13:30:00-05:00,42.23500061035156,42.35499954223633,42.189998626708984,42.35499954223633,1743,0.0,0.0,0.0
2022-11-11 14:30:00-05:00,42.470001220703125,42.470001220703125,42.25,42.25,1981,0.0,0.0,0.0
2022-11-11 15:30:00-05:00,42.33000183105469,42.36989974975586,42.209999084472656,42.21080017089844,6505,0.0,0.0,0.0
2022-11-14 09:30:00-05:00,42.040000915527344,42.130001068115234,41.88999938964844,42.119998931884766,0,0.0,0.0,0.0
2022-11-14 11:30:00-05:00,42.162498474121094,42.162498474121094,42.162498474121094,42.162498474121094,345,0.0,0.0,0.0
2022-11-14 13:30:00-05:00,42.29890060424805,42.29890060424805,42.29890060424805,42.29890060424805,667,0.0,0.0,0.0
2022-11-14 14:30:00-05:00,42.25,42.25,42.099998474121094,42.130001068115234,24758,0.0,0.0,0.0
2022-11-14 15:30:00-05:00,42.13999938964844,42.13999938964844,41.889400482177734,41.889400482177734,1043,0.0,0.0,0.0
2022-11-15 09:30:00-05:00,42.470001220703125,42.599998474121094,42.25,42.529998779296875,0,0.0,0.0,0.0
2022-11-15 10:30:00-05:00,42.70000076293945,42.73400115966797,42.59000015258789,42.61000061035156,3251,0.0,0.0,0.0
2022-11-15 11:30:00-05:00,42.739898681640625,42.739898681640625,42.68259811401367,42.685001373291016,3320,0.0,0.0,0.0
2022-11-15 12:30:00-05:00,42.73419952392578,42.73419952392578,42.39789962768555,42.407901763916016,10303,0.0,0.0,0.0
2022-11-15 13:30:00-05:00,42.308101654052734,42.40999984741211,42.2599983215332,42.40999984741211,3629,0.0,0.0,0.0
2022-11-15 14:30:00-05:00,42.38999938964844,42.38999938964844,42.38999938964844,42.38999938964844,1499,0.0,0.0,0.0
2022-11-15 15:30:00-05:00,42.3849983215332,42.459999084472656,42.34000015258789,42.439998626708984,2025,0.0,0.0,0.0
2022-11-16 09:30:00-05:00,42.279998779296875,42.279998779296875,41.900001525878906,41.900001525878906,0,0.0,0.0,0.0
2022-11-16 10:30:00-05:00,41.96500015258789,41.96500015258789,41.86009979248047,41.86009979248047,1470,0.0,0.0,0.0
2022-11-16 11:30:00-05:00,41.97140121459961,42.01639938354492,41.93000030517578,41.99250030517578,1485,0.0,0.0,0.0
2022-11-16 12:30:00-05:00,41.92649841308594,42.01139831542969,41.92649841308594,41.95000076293945,1036,0.0,0.0,0.0
2022-11-16 13:30:00-05:00,41.85499954223633,41.85499954223633,41.849998474121094,41.849998474121094,1521,0.0,0.0,0.0
2022-11-16 14:30:00-05:00,41.90999984741211,41.93600082397461,41.84000015258789,41.84000015258789,1499,0.0,0.0,0.0
2022-11-16 15:30:00-05:00,41.880001068115234,41.96989822387695,41.849998474121094,41.88650131225586,5707,0.0,0.0,0.0
2022-11-17 09:30:00-05:00,41.459999084472656,41.459999084472656,41.275001525878906,41.349998474121094,0,0.0,0.0,0.0
2022-11-17 10:30:00-05:00,41.404998779296875,41.404998779296875,41.30099868774414,41.30099868774414,1484,0.0,0.0,0.0
2022-11-17 11:30:00-05:00,41.349998474121094,41.349998474121094,41.349998474121094,41.349998474121094,475,0.0,0.0,0.0
2022-11-17 12:30:00-05:00,41.665000915527344,41.66999816894531,41.665000915527344,41.66999816894531,1059,0.0,0.0,0.0
2022-11-17 13:30:00-05:00,41.66999816894531,41.66999816894531,41.593299865722656,41.63999938964844,2183,0.0,0.0,0.0
2022-11-17 14:30:00-05:00,41.70970153808594,41.70970153808594,41.64500045776367,41.64500045776367,1071,0.0,0.0,0.0
2022-11-17 15:30:00-05:00,41.63999938964844,41.849998474121094,41.63999938964844,41.837501525878906,4808,0.0,0.0,0.0
2022-11-18 09:30:00-05:00,42.279998779296875,42.41999816894531,42.209999084472656,42.209999084472656,0,0.0,0.0,0.0
2022-11-18 10:30:00-05:00,42.33140182495117,42.33140182495117,42.18069839477539,42.18069839477539,2053,0.0,0.0,0.0
2022-11-18 11:30:00-05:00,42.15999984741211,42.1697998046875,41.97999954223633,42.04990005493164,4543,0.0,0.0,0.0
2022-11-18 13:30:00-05:00,42.10499954223633,42.10499954223633,42.06669998168945,42.09120178222656,923,0.0,0.0,0.0
2022-11-18 14:30:00-05:00,42.04499816894531,42.179901123046875,42.02109909057617,42.09000015258789,2853,0.0,0.0,0.0
2022-11-18 15:30:00-05:00,42.172000885009766,42.22999954223633,42.172000885009766,42.22999954223633,455,0.0,0.0,0.0
2022-11-21 09:30:00-05:00,42.06999969482422,42.189998626708984,42.029998779296875,42.060001373291016,0,0.0,0.0,0.0
2022-11-21 10:30:00-05:00,42.074501037597656,42.074501037597656,42.060001373291016,42.06999969482422,2760,0.0,0.0,0.0
2022-11-21 11:30:00-05:00,42.04069900512695,42.150001525878906,42.04069900512695,42.1150016784668,2647,0.0,0.0,0.0
2022-11-21 12:30:00-05:00,42.209999084472656,42.320499420166016,42.209999084472656,42.297698974609375,1843,0.0,0.0,0.0
2022-11-21 13:30:00-05:00,42.25,42.25590133666992,42.15999984741211,42.15999984741211,1118,0.0,0.0,0.0
2022-11-21 14:30:00-05:00,42.16999816894531,42.16999816894531,42.09049987792969,42.1349983215332,2142,0.0,0.0,0.0
2022-11-21 15:30:00-05:00,42.12990188598633,42.25,42.12990188598633,42.25,0,0.0,0.0,0.0
2022-11-22 09:30:00-05:00,42.52000045776367,42.58000183105469,42.52000045776367,42.55500030517578,1292,0.0,0.0,0.0
2022-11-22 10:30:00-05:00,42.72999954223633,42.7599983215332,42.55500030517578,42.55500030517578,1415,0.0,0.0,0.0
2022-11-22 11:30:00-05:00,42.529998779296875,42.529998779296875,42.5,42.5,334,0.0,0.0,0.0
2022-11-22 12:30:00-05:00,42.540000915527344,42.540000915527344,42.540000915527344,42.540000915527344,423,0.0,0.0,0.0
2022-11-22 13:30:00-05:00,42.654300689697266,42.654300689697266,42.654300689697266,42.654300689697266,511,0.0,0.0,0.0
2022-11-22 14:30:00-05:00,42.665000915527344,42.70500183105469,42.665000915527344,42.70500183105469,1044,0.0,0.0,0.0
2022-11-22 15:30:00-05:00,42.7943000793457,42.7943000793457,42.75,42.77280044555664,1236,0.0,0.0,0.0
2022-11-23 09:30:00-05:00,42.54290008544922,42.69499969482422,42.54290008544922,42.69499969482422,0,0.0,0.0,0.0
2022-11-23 10:30:00-05:00,42.77000045776367,42.77000045776367,42.74530029296875,42.74530029296875,499,0.0,0.0,0.0
2022-11-23 11:30:00-05:00,42.57830047607422,42.59299850463867,42.57830047607422,42.59299850463867,1071,0.0,0.0,0.0
2022-11-23 12:30:00-05:00,42.53730010986328,42.53730010986328,42.459999084472656,42.505001068115234,2275,0.0,0.0,0.0
2022-11-23 13:30:00-05:00,42.4901008605957,42.72999954223633,42.4901008605957,42.72999954223633,340,0.0,0.0,0.0
2022-11-23 14:30:00-05:00,42.59000015258789,42.60929870605469,42.59000015258789,42.599998474121094,1886,0.0,0.0,0.0
2022-11-23 15:30:00-05:00,42.5984001159668,42.65999984741211,42.5984001159668,42.64099884033203,2268,0.0,0.0,0.0
2022-11-25 09:30:00-05:00,42.68000030517578,42.814998626708984,42.68000030517578,42.814998626708984,0,0.0,0.0,0.0
2022-11-25 10:30:00-05:00,42.89500045776367,42.915000915527344,42.89500045776367,42.915000915527344,344,0.0,0.0,0.0
2022-11-25 11:30:00-05:00,42.86289978027344,42.959999084472656,42.86289978027344,42.93299865722656,2392,0.0,0.0,0.0
2022-11-25 12:30:00-05:00,42.91120147705078,42.91120147705078,42.84159851074219,42.84159851074219,501,0.0,0.0,0.0
2022-11-28 09:30:00-05:00,42.47249984741211,42.57490158081055,42.46699905395508,42.529998779296875,1534,0.0,0.0,0.0
2022-11-28 10:30:00-05:00,42.584999084472656,42.584999084472656,42.439998626708984,42.439998626708984,3365,0.0,0.0,0.0
2022-11-28 11:30:00-05:00,42.47460174560547,42.53499984741211,42.440101623535156,42.53499984741211,3072,0.0,0.0,0.0
2022-11-28 12:30:00-05:00,42.50419998168945,42.528900146484375,42.4099006652832,42.4099006652832,2555,0.0,0.0,0.0
2022-11-28 13:30:00-05:00,42.349998474121094,42.349998474121094,42.2588996887207,42.2588996887207,2057,0.0,0.0,0.0
2022-11-28 14:30:00-05:00,42.20000076293945,42.209999084472656,42.19889831542969,42.209999084472656,589,0.0,0.0,0.0
2022-11-28 15:30:00-05:00,42.06999969482422,42.18000030517578,42.06999969482422,42.167999267578125,9023,0.0,0.0,0.0
2022-11-29 09:30:00-05:00,42.209999084472656,42.340999603271484,42.209999084472656,42.340999603271484,1356,0.0,0.0,0.0
2022-11-29 10:30:00-05:00,42.41999816894531,42.41999816894531,42.2681999206543,42.2681999206543,1376,0.0,0.0,0.0
2022-11-29 11:30:00-05:00,42.22800064086914,42.22800064086914,42.22800064086914,42.22800064086914,604,0.0,0.0,0.0
2022-11-29 12:30:00-05:00,42.30189895629883,42.314998626708984,42.290000915527344,42.314998626708984,549,0.0,0.0,0.0
2022-11-29 13:30:00-05:00,42.25450134277344,42.314998626708984,42.25450134277344,42.314998626708984,1522,0.0,0.0,0.0
2022-11-29 14:30:00-05:00,42.203399658203125,42.290000915527344,42.203399658203125,42.26499938964844,15691,0.0,0.0,0.0
2022-11-29 15:30:00-05:00,42.290000915527344,42.29999923706055,42.2400016784668,42.279998779296875,13666,0.0,0.0,0.0
2022-11-30 09:30:00-05:00,42.27000045776367,42.27000045776367,41.782100677490234,41.782100677490234,0,0.0,0.0,0.0
2022-11-30 10:30:00-05:00,41.85960006713867,41.85960006713867,41.85960006713867,41.85960006713867,489,0.0,0.0,0.0
2022-11-30 11:30:00-05:00,41.88059997558594,41.88059997558594,41.88059997558594,41.88059997558594,196,0.0,0.0,0.0
2022-11-30 12:30:00-05:00,41.75,41.849998474121094,41.75,41.820899963378906,874,0.0,0.0,0.0
2022-11-30 13:30:00-05:00,41.84000015258789,42.45000076293945,41.84000015258789,42.45000076293945,1368,0.0,0.0,0.0
2022-11-30 14:30:00-05:00,42.63309860229492,42.779998779296875,42.63309860229492,42.7599983215332,3015,0.0,0.0,0.0
2022-11-30 15:30:00-05:00,42.760799407958984,43.03630065917969,42.760799407958984,42.970001220703125,1966,0.0,0.0,0.0
2022-12-01 09:30:00-05:00,43.11000061035156,43.11000061035156,42.87919998168945,42.87919998168945,0,0.0,0.0,0.0
2022-12-01 10:30:00-05:00,42.75450134277344,42.97999954223633,42.75450134277344,42.94110107421875,3913,0.0,0.0,0.0
2022-12-01 11:30:00-05:00,42.94499969482422,42.94499969482422,42.869998931884766,42.869998931884766,2426,0.0,0.0,0.0
2022-12-01 12:30:00-05:00,42.93000030517578,42.93000030517578,42.93000030517578,42.93000030517578,396,0.0,0.0,0.0
2022-12-01 13:30:00-05:00,42.792598724365234,42.869998931884766,42.79010009765625,42.869998931884766,2924,0.0,0.0,0.0
2022-12-01 14:30:00-05:00,42.91999816894531,42.970001220703125,42.91999816894531,42.93370056152344,3625,0.0,0.0,0.0
2022-12-01 15:30:00-05:00,42.92449951171875,42.97999954223633,42.8849983215332,42.8849983215332,2465,0.0,0.0,0.0
2022-12-02 09:30:00-05:00,42.38999938964844,42.86000061035156,42.38999938964844,42.86000061035156,0,0.0,0.0,0.0
2022-12-02 10:30:00-05:00,42.86000061035156,42.86000061035156,42.834999084472656,42.834999084472656,626,0.0,0.0,0.0
2022-12-02 12:30:00-05:00,42.91130065917969,42.92919921875,42.894500732421875,42.92919921875,1646,0.0,0.0,0.0
2022-12-02 13:30:00-05:00,42.98500061035156,43.0099983215332,42.98500061035156,43.0099983215332,2881,0.0,0.0,0.0
2022-12-02 14:30:00-05:00,43.27000045776367,43.27000045776367,43.27000045776367,43.27000045776367,336,0.0,0.0,0.0
2022-12-02 15:30:00-05:00,43.15999984741211,43.15999984741211,43.040000915527344,43.04999923706055,79809,0.0,0.0,0.0
2022-12-05 09:30:00-05:00,42.54999923706055,42.54999923706055,42.29999923706055,42.40999984741211,0,0.0,0.0,0.0
2022-12-05 10:30:00-05:00,42.4119987487793,42.43439865112305,42.4119987487793,42.43000030517578,2054,0.0,0.0,0.0
2022-12-05 11:30:00-05:00,42.179100036621094,42.179100036621094,42.179100036621094,42.179100036621094,474,0.0,0.0,0.0
2022-12-05 12:30:00-05:00,42.18000030517578,42.18550109863281,42.18000030517578,42.18550109863281,926,0.0,0.0,0.0
2022-12-05 13:30:00-05:00,42.22999954223633,42.2400016784668,42.127498626708984,42.127498626708984,2794,0.0,0.0,0.0
2022-12-05 14:30:00-05:00,42.149898529052734,42.19879913330078,42.118900299072266,42.118900299072266,12797,0.0,0.0,0.0
2022-12-05 15:30:00-05:00,42.209999084472656,42.279998779296875,42.13999938964844,42.27000045776367,4475,0.0,0.0,0.0
2022-12-06 09:30:00-05:00,42.209999084472656,42.25,42.06999969482422,42.06999969482422,2579,0.0,0.0,0.0
2022-12-06 10:30:00-05:00,41.993099212646484,41.993099212646484,41.9900016784668,41.9900016784668,760,0.0,0.0,0.0
2022-12-06 11:30:00-05:00,41.87350082397461,41.87350082397461,41.87350082397461,41.87350082397461,166,0.0,0.0,0.0
2022-12-06 12:30:00-05:00,41.97999954223633,41.97999954223633,41.85449981689453,41.85449981689453,663,0.0,0.0,0.0
2022-12-06 13:30:00-05:00,41.79999923706055,41.816200256347656,41.7400016784668,41.75,3496,0.0,0.0,0.0
2022-12-06 14:30:00-05:00,41.709999084472656,41.790000915527344,41.65679931640625,41.75,6743,0.0,0.0,0.0
2022-12-06 15:30:00-05:00,41.7400016784668,41.91830062866211,41.7400016784668,41.91830062866211,0,0.0,0.0,0.0
2022-12-07 09:30:00-05:00,41.79999923706055,42.0,41.78499984741211,41.994998931884766,1771,0.0,0.0,0.0
2022-12-07 10:30:00-05:00,41.9900016784668,42.16999816894531,41.97999954223633,42.16999816894531,10690,0.0,0.0,0.0
2022-12-07 11:30:00-05:00,41.93000030517578,41.93000030517578,41.91999816894531,41.91999816894531,357,0.0,0.0,0.0
2022-12-07 12:30:00-05:00,42.025001525878906,42.06999969482422,42.025001525878906,42.04610061645508,641,0.0,0.0,0.0
2022-12-07 13:30:00-05:00,41.97850036621094,41.97850036621094,41.8203010559082,41.86000061035156,2173,0.0,0.0,0.0
2022-12-07 14:30:00-05:00,41.9630012512207,41.9630012512207,41.709999084472656,41.709999084472656,7090,0.0,0.0,0.0
2022-12-07 15:30:00-05:00,41.790000915527344,41.81990051269531,41.75,41.78300094604492,4299,0.0,0.0,0.0
2022-12-08 09:30:00-05:00,41.939998626708984,42.220001220703125,41.810001373291016,42.220001220703125,0,0.0,0.0,0.0
2022-12-08 10:30:00-05:00,42.209999084472656,42.22999954223633,41.974998474121094,41.974998474121094,2389,0.0,0.0,0.0
2022-12-08 11:30:00-05:00,41.9900016784668,42.040000915527344,41.9900016784668,42.0,838,0.0,0.0,0.0
2022-12-08 12:30:00-05:00,41.959999084472656,41.9900016784668,41.93000030517578,41.95500183105469,2095,0.0,0.0,0.0
2022-12-08 13:30:00-05:00,42.029998779296875,42.08000183105469,41.814998626708984,41.900001525878906,3836,0.0,0.0,0.0
2022-12-08 14:30:00-05:00,41.82500076293945,41.900001525878906,41.81999969482422,41.85810089111328,1344,0.0,0.0,0.0
2022-12-08 15:30:00-05:00,41.86000061035156,41.959999084472656,41.779998779296875,41.89630126953125,1779,0.0,0.0,0.0
2022-12-09 09:30:00-05:00,41.66999816894531,41.85900115966797,41.650001525878906,41.74399948120117,0,0.0,0.0,0.0
2022-12-09 10:30:00-05:00,41.722599029541016,41.90999984741211,41.70500183105469,41.73590087890625,4826,0.0,0.0,0.0
2022-12-09 11:30:00-05:00,41.80500030517578,41.89500045776367,41.80500030517578,41.84000015258789,9723,0.0,0.0,0.0
2022-12-09 12:30:00-05:00,41.77000045776367,41.77000045776367,41.70109939575195,41.724998474121094,1119,0.0,0.0,0.0
2022-12-09 13:30:00-05:00,41.63999938964844,41.63999938964844,41.63999938964844,41.63999938964844,231,0.0,0.0,0.0
2022-12-09 14:30:00-05:00,41.64939880371094,41.70500183105469,41.64939880371094,41.682899475097656,4325,0.0,0.0,0.0
2022-12-09 15:30:00-05:00,41.599998474121094,41.599998474121094,41.50510025024414,41.50510025024414,1317,0.0,0.0,0.0
2022-12-12 09:30:00-05:00,41.529998779296875,41.529998779296875,41.290000915527344,41.45000076293945,5764,0.0,0.0,0.0
2022-12-12 10:30:00-05:00,41.41999816894531,41.505001068115234,41.41999816894531,41.505001068115234,1010,0.0,0.0,0.0
2022-12-12 11:30:00-05:00,41.630001068115234,41.665000915527344,41.560001373291016,41.64979934692383,3083,0.0,0.0,0.0
2022-12-12 12:30:00-05:00,41.65999984741211,41.685001373291016,41.62200164794922,41.62200164794922,556,0.0,0.0,0.0
2022-12-12 13:30:00-05:00,41.619998931884766,41.75,41.619998931884766,41.720001220703125,2581,0.0,0.0,0.0
2022-12-12 14:30:00-05:00,41.66999816894531,41.8849983215332,41.66999816894531,41.8849983215332,4945,0.0,0.0,0.0
2022-12-12 15:30:00-05:00,41.84000015258789,41.880001068115234,41.84000015258789,41.85599899291992,1310,0.0,0.0,0.0
2022-12-13 09:30:00-05:00,43.060001373291016,43.10499954223633,42.54999923706055,42.54999923706055,6713,0.0,0.0,0.0
2022-12-13 10:30:00-05:00,42.5,42.5,42.29999923706055,42.29999923706055,804,0.0,0.0,0.0
2022-12-13 11:30:00-05:00,42.39500045776367,42.39500045776367,42.02330017089844,42.079200744628906,3210,0.0,0.0,0.0
2022-12-13 12:30:00-05:00,42.04499816894531,42.04499816894531,41.98910140991211,42.02000045776367,2126,0.0,0.0,0.0
2022-12-13 13:30:00-05:00,42.16899871826172,42.20500183105469,42.11000061035156,42.125,1612,0.0,0.0,0.0
2022-12-13 14:30:00-05:00,42.095001220703125,42.25,41.924598693847656,42.04999923706055,4515,0.0,0.0,0.0
2022-12-13 15:30:00-05:00,42.150001525878906,42.150001525878906,41.993099212646484,41.993099212646484,8791,0.0,0.0,0.0
2022-12-14 09:30:00-05:00,41.939998626708984,42.06949996948242,41.939998626708984,41.95000076293945,0,0.0,0.0,0.0
2022-12-14 10:30:00-05:00,42.060001373291016,42.25,42.060001373291016,42.22629928588867,3026,0.0,0.0,0.0
2022-12-14 11:30:00-05:00,42.150001525878906,42.20000076293945,42.150001525878906,42.20000076293945,960,0.0,0.0,0.0
2022-12-14 12:30:00-05:00,42.16999816894531,42.16999816894531,42.09000015258789,42.12540054321289,875,0.0,0.0,0.0
2022-12-14 13:30:00-05:00,42.22999954223633,42.22999954223633,41.7400016784668,41.76499938964844,4185,0.0,0.0,0.0
2022-12-14 14:30:00-05:00,41.619998931884766,41.83000183105469,41.6150016784668,41.83000183105469,1906,0.0,0.0,0.0
2022-12-14 15:30:00-05:00,41.75130081176758,41.75130081176758,41.630001068115234,41.67340087890625,616,0.0,0.0,0.0
2022-12-15 09:30:00-05:00,41.459999084472656,41.459999084472656,40.9900016784668,41.0,0,0.0,0.0,0.0
2022-12-15 10:30:00-05:00,41.029998779296875,41.06999969482422,40.671600341796875,40.685001373291016,10800,0.0,0.0,0.0
2022-12-15 11:30:00-05:00,40.70000076293945,40.775001525878906,40.70000076293945,40.76060104370117,1655,0.0,0.0,0.0
2022-12-15 12:30:00-05:00,40.84000015258789,40.84000015258789,40.68000030517578,40.68000030517578,5944,0.0,0.0,0.0
2022-12-15 13:30:00-05:00,40.63999938964844,40.63999938964844,40.540000915527344,40.56999969482422,2446,0.0,0.0,0.0
2022-12-15 14:30:00-05:00,40.58000183105469,40.80500030517578,40.58000183105469,40.720001220703125,3365,0.0,0.0,0.0
2022-12-15 15:30:00-05:00,40.7932014465332,40.7932014465332,40.61000061035156,40.67850112915039,0,0.0,0.0,0.0
2022-12-16 09:30:00-05:00,40.290000915527344,40.49259948730469,40.20899963378906,40.20899963378906,3516,0.0,0.0,0.0
2022-12-16 10:30:00-05:00,40.220001220703125,40.33369827270508,40.220001220703125,40.33369827270508,1610,0.0,0.0,0.0
2022-12-16 11:30:00-05:00,40.2599983215332,40.2599983215332,40.069000244140625,40.069000244140625,3057,0.0,0.0,0.0
2022-12-16 12:30:00-05:00,40.07500076293945,40.08869934082031,39.970699310302734,40.08869934082031,2689,0.0,0.0,0.0
2022-12-16 13:30:00-05:00,40.09000015258789,40.11989974975586,40.09000015258789,40.11989974975586,931,0.0,0.0,0.0
2022-12-16 14:30:00-05:00,40.079498291015625,40.27000045776367,40.07500076293945,40.27000045776367,17542,0.0,0.0,0.0
2022-12-16 15:30:00-05:00,40.290000915527344,40.369300842285156,40.27000045776367,40.32929992675781,1341,0.0,0.0,0.0
2022-12-19 09:30:00-05:00,40.369998931884766,40.40999984741211,40.224998474121094,40.40999984741211,0,0.0,0.0,0.0
2022-12-19 11:30:00-05:00,40.12289810180664,40.19300079345703,40.1083984375,40.13079833984375,4386,0.0,0.0,0.0
2022-12-19 12:30:00-05:00,40.15119934082031,40.15119934082031,40.06999969482422,40.111000061035156,1971,0.0,0.0,0.0
2022-12-19 13:30:00-05:00,40.003501892089844,40.003501892089844,39.89500045776367,39.89500045776367,7167,0.0,0.0,0.0
2022-12-19 14:30:00-05:00,39.86000061035156,39.86000061035156,39.79999923706055,39.86000061035156,1169,0.0,0.0,0.0
2022-12-19 15:30:00-05:00,39.880001068115234,39.959999084472656,39.880001068115234,39.94340133666992,1058,0.0,0.0,0.0
2022-12-20 09:30:00-05:00,39.959999084472656,40.064998626708984,39.869998931884766,40.064998626708984,0,0.0,0.0,0.0
2022-12-20 10:30:00-05:00,40.09000015258789,40.09000015258789,40.04159927368164,40.04159927368164,1596,0.0,0.0,0.0
2022-12-20 11:30:00-05:00,40.05939865112305,40.14820098876953,40.04999923706055,40.14820098876953,1564,0.0,0.0,0.0
2022-12-20 12:30:00-05:00,40.059898376464844,40.150001525878906,40.059898376464844,40.130401611328125,1141,0.0,0.0,0.0
2022-12-20 13:30:00-05:00,40.249000549316406,40.25,40.13669967651367,40.16460037231445,5460,0.0,0.0,0.0
2022-12-20 14:30:00-05:00,40.13180160522461,40.13999938964844,40.033199310302734,40.040000915527344,3373,0.0,0.0,0.0
2022-12-20 15:30:00-05:00,40.06610107421875,40.150001525878906,40.02000045776367,40.04100036621094,2975,0.0,0.0,0.0
2022-12-21 09:30:00-05:00,40.439998626708984,40.584999084472656,40.439998626708984,40.54499816894531,0,0.0,0.0,0.0
2022-12-21 10:30:00-05:00,40.658199310302734,40.79999923706055,40.658199310302734,40.790000915527344,5439,0.0,0.0,0.0
2022-12-21 11:30:00-05:00,40.79999923706055,40.79999923706055,40.72140121459961,40.72140121459961,1697,0.0,0.0,0.0
2022-12-21 12:30:00-05:00,40.77519989013672,40.84000015258789,40.77519989013672,40.779998779296875,1160,0.0,0.0,0.0
2022-12-21 13:30:00-05:00,40.790000915527344,40.83000183105469,40.775001525878906,40.83000183105469,7136,0.0,0.0,0.0
2022-12-21 14:30:00-05:00,40.77330017089844,40.80780029296875,40.70930099487305,40.720001220703125,4423,0.0,0.0,0.0
2022-12-21 15:30:00-05:00,40.720001220703125,40.738800048828125,40.720001220703125,40.738800048828125,784,0.0,0.0,0.0
2022-12-22 09:30:00-05:00,40.06769943237305,40.09000015258789,40.03919982910156,40.060001373291016,0,0.0,0.0,0.0
2022-12-22 10:30:00-05:00,40.11000061035156,40.11000061035156,40.04990005493164,40.04990005493164,1410,0.0,0.0,0.0
2022-12-22 11:30:00-05:00,40.01499938964844,40.01499938964844,39.933998107910156,39.933998107910156,1338,0.0,0.0,0.0
2022-12-22 12:30:00-05:00,39.7484016418457,39.76240158081055,39.720001220703125,39.76240158081055,3946,0.0,0.0,0.0
2022-12-22 13:30:00-05:00,39.7599983215332,39.79909896850586,39.74020004272461,39.79909896850586,3157,0.0,0.0,0.0
2022-12-22 14:30:00-05:00,39.8849983215332,40.268001556396484,39.8849983215332,40.268001556396484,5001,0.0,0.0,0.0
2022-12-22 15:30:00-05:00,40.2599983215332,40.272701263427734,40.24800109863281,40.272701263427734,1968,0.0,0.0,0.0
2022-12-23 09:30:00-05:00,40.11000061035156,40.150001525878906,39.97999954223633,40.119998931884766,0,0.0,0.0,0.0
2022-12-23 10:30:00-05:00,40.130001068115234,40.15999984741211,40.125,40.15999984741211,825,0.0,0.0,0.0
2022-12-23 11:30:00-05:00,40.290000915527344,40.319000244140625,40.290000915527344,40.30459976196289,2690,0.0,0.0,0.0
2022-12-23 12:30:00-05:00,40.260101318359375,40.33000183105469,40.260101318359375,40.33000183105469,759,0.0,0.0,0.0
2022-12-23 13:30:00-05:00,40.35900115966797,40.35900115966797,40.349998474121094,40.349998474121094,933,0.0,0.0,0.0
2022-12-23 14:30:00-05:00,40.35499954223633,40.400001525878906,40.35499954223633,40.35499954223633,1571,0.0,0.0,0.0
2022-12-23 15:30:00-05:00,40.41899871826172,40.45899963378906,40.38999938964844,40.45159912109375,1723,0.0,0.0,0.0
2022-12-27 09:30:00-05:00,40.560001373291016,40.68000030517578,40.30500030517578,40.68000030517578,0,0.0,0.0,0.0
2022-12-27 10:30:00-05:00,40.63999938964844,40.650001525878906,40.560001373291016,40.560001373291016,2299,0.0,0.0,0.0
2022-12-27 11:30:00-05:00,40.560001373291016,40.619998931884766,40.53990173339844,40.53990173339844,1865,0.0,0.0,0.0
2022-12-27 12:30:00-05:00,40.540000915527344,40.599998474121094,40.452999114990234,40.58000183105469,1974,0.0,0.0,0.0
2022-12-27 13:30:00-05:00,40.53670120239258,40.53670120239258,40.31999969482422,40.31999969482422,3747,0.0,0.0,0.0
2022-12-27 14:30:00-05:00,40.30009841918945,40.5,40.28499984741211,40.5,3676,0.0,0.0,0.0
2022-12-27 15:30:00-05:00,40.459999084472656,40.540000915527344,40.380001068115234,40.47999954223633,0,0.0,0.0,0.0
2022-12-28 09:30:00-05:00,40.59000015258789,40.599998474121094,40.2400016784668,40.2400016784668,5946,0.0,0.0,0.0
2022-12-28 10:30:00-05:00,40.099998474121094,40.099998474121094,39.86000061035156,39.90999984741211,1777,0.0,0.0,0.0
2022-12-28 11:30:00-05:00,39.89189910888672,39.89189910888672,39.72999954223633,39.72999954223633,3952,0.0,0.0,0.0
2022-12-28 12:30:00-05:00,39.810001373291016,40.02000045776367,39.810001373291016,39.94499969482422,15977,0.0,0.0,0.0
2022-12-28 13:30:00-05:00,39.854400634765625,39.854400634765625,39.75809860229492,39.75809860229492,3250,0.0,0.0,0.0
2022-12-28 14:30:00-05:00,39.8484001159668,39.8484001159668,39.59000015258789,39.63629913330078,3274,0.0,0.0,0.0
2022-12-28 15:30:00-05:00,39.69110107421875,39.69110107421875,39.58000183105469,39.62179946899414,3320,0.0,0.0,0.0
2022-12-29 09:30:00-05:00,39.869998931884766,40.31999969482422,39.869998931884766,40.27000045776367,0,0.0,0.0,0.0
2022-12-29 10:30:00-05:00,40.33000183105469,40.36000061035156,40.20500183105469,40.29999923706055,6371,0.0,0.0,0.0
2022-12-29 11:30:00-05:00,40.29349899291992,40.52000045776367,40.29349899291992,40.509700775146484,6322,0.0,0.0,0.0
2022-12-29 12:30:00-05:00,40.5265998840332,40.56039810180664,40.48419952392578,40.49800109863281,4781,0.0,0.0,0.0
2022-12-29 13:30:00-05:00,40.474998474121094,40.504398345947266,40.474998474121094,40.5,5675,0.0,0.0,0.0
2022-12-29 14:30:00-05:00,40.477298736572266,40.499900817871094,40.310001373291016,40.31999969482422,9498,0.0,0.0,0.0
2022-12-29 15:30:00-05:00,40.29999923706055,40.45500183105469,40.29999923706055,40.43510055541992,2963,0.0,0.0,0.0
2022-12-30 09:30:00-05:00,40.150001525878906,40.34000015258789,40.04999923706055,40.329498291015625,0,0.0,0.0,0.0
2022-12-30 10:30:00-05:00,40.28900146484375,40.310001373291016,40.190101623535156,40.22999954223633,7827,0.0,0.0,0.0
2022-12-30 11:30:00-05:00,40.150001525878906,40.2400016784668,40.130001068115234,40.2400016784668,35494,0.0,0.0,0.0
2022-12-30 12:30:00-05:00,40.28329849243164,40.28329849243164,40.2400016784668,40.2400016784668,1644,0.0,0.0,0.0
2022-12-30 13:30:00-05:00,40.095001220703125,40.13999938964844,40.040000915527344,40.040000915527344,5600,0.0,0.0,0.0
2022-12-30 14:30:00-05:00,40.060001373291016,40.060001373291016,39.939998626708984,40.0098991394043,1529,0.0,0.0,0.0
2022-12-30 15:30:00-05:00,40.102901458740234,40.209999084472656,40.102901458740234,40.209999084472656,1533,0.0,0.0,0.0
2023-01-03 09:30:00-05:00,40.43000030517578,40.75,40.27000045776367,40.290000915527344,0,0.0,0.0,0.0
2023-01-03 11:30:00-05:00,40.220001220703125,40.220001220703125,40.220001220703125,40.220001220703125,1949,0.0,0.0,0.0
2023-01-03 12:30:00-05:00,40.21500015258789,40.21500015258789,40.21500015258789,40.21500015258789,212,0.0,0.0,0.0
2023-01-03 13:30:00-05:00,40.39500045776367,40.39500045776367,40.224998474121094,40.224998474121094,2061,0.0,0.0,0.0
2023-01-03 14:30:00-05:00,40.15999984741211,40.39899826049805,40.15999984741211,40.31999969482422,1197,0.0,0.0,0.0
2023-01-03 15:30:00-05:00,40.38990020751953,40.43989944458008,40.34870147705078,40.37590026855469,1643,0.0,0.0,0.0
2023-01-04 09:30:00-05:00,40.790000915527344,40.82550048828125,40.75,40.75,0,0.0,0.0,0.0
2023-01-04 10:30:00-05:00,40.91699981689453,40.974998474121094,40.91699981689453,40.974998474121094,2799,0.0,0.0,0.0
2023-01-04 11:30:00-05:00,41.23429870605469,41.23429870605469,41.16999816894531,41.16999816894531,3142,0.0,0.0,0.0
2023-01-04 12:30:00-05:00,41.095001220703125,41.095001220703125,41.06999969482422,41.089698791503906,535,0.0,0.0,0.0
2023-01-04 13:30:00-05:00,41.23500061035156,41.23500061035156,41.209999084472656,41.209999084472656,44055,0.0,0.0,0.0
2023-01-04 14:30:00-05:00,40.8849983215332,41.099998474121094,40.8849983215332,41.099998474121094,677,0.0,0.0,0.0
2023-01-04 15:30:00-05:00,40.95000076293945,41.08000183105469,40.85499954223633,41.04010009765625,0,0.0,0.0,0.0
2023-01-05 09:30:00-05:00,40.84000015258789,40.84000015258789,40.529998779296875,40.61000061035156,1785,0.0,0.0,0.0
2023-01-05 10:30:00-05:00,40.689998626708984,40.689998626708984,40.66999816894531,40.66999816894531,295,0.0,0.0,0.0
2023-01-05 11:30:00-05:00,40.650001525878906,40.75,40.650001525878906,40.67499923706055,914,0.0,0.0,0.0
2023-01-05 12:30:00-05:00,40.724998474121094,40.724998474121094,40.687198638916016,40.687198638916016,914,0.0,0.0,0.0
2023-01-05 13:30:00-05:00,40.845001220703125,40.86389923095703,40.7599983215332,40.7599983215332,1614,0.0,0.0,0.0
2023-01-05 14:30:00-05:00,40.935001373291016,40.935001373291016,40.935001373291016,40.935001373291016,749,0.0,0.0,0.0
2023-01-05 15:30:00-05:00,40.809898376464844,40.809898376464844,40.7599983215332,40.797401428222656,0,0.0,0.0,0.0
2023-01-06 09:30:00-05:00,41.166500091552734,41.33829879760742,41.09000015258789,41.33829879760742,5285,0.0,0.0,0.0
2023-01-06 10:30:00-05:00,41.7400016784668,41.76860046386719,41.71549987792969,41.71549987792969,1333,0.0,0.0,0.0
2023-01-06 11:30:00-05:00,41.86989974975586,41.86989974975586,41.859901428222656,41.859901428222656,347,0.0,0.0,0.0
2023-01-06 12:30:00-05:00,41.75669860839844,41.75669860839844,41.689998626708984,41.689998626708984,431,0.0,0.0,0.0
2023-01-06 13:30:00-05:00,41.79999923706055,41.81999969482422,41.79999923706055,41.81999969482422,812,0.0,0.0,0.0
2023-01-06 14:30:00-05:00,41.93000030517578,41.97999954223633,41.90999984741211,41.90999984741211,8856,0.0,0.0,0.0
2023-01-06 15:30:00-05:00,41.921199798583984,41.954498291015625,41.869998931884766,41.93000030517578,1584,0.0,0.0,0.0
2023-01-09 09:30:00-05:00,42.209999084472656,42.25,42.0,42.25,0,0.0,0.0,0.0
2023-01-09 10:30:00-05:00,42.22999954223633,42.459999084472656,42.22999954223633,42.459999084472656,10839,0.0,0.0,0.0
2023-01-09 11:30:00-05:00,42.40999984741211,42.45000076293945,42.36000061035156,42.41999816894531,2804,0.0,0.0,0.0
2023-01-09 12:30:00-05:00,42.38999938964844,42.404998779296875,42.38999938964844,42.38999938964844,743,0.0,0.0,0.0
2023-01-09 13:30:00-05:00,42.22999954223633,42.22999954223633,42.16999816894531,42.20000076293945,1990,0.0,0.0,0.0
2023-01-09 14:30:00-05:00,42.150001525878906,42.150001525878906,42.04999923706055,42.04999923706055,879,0.0,0.0,0.0
2023-01-09 15:30:00-05:00,42.0,42.060001373291016,41.970001220703125,42.02000045776367,2840,0.0,0.0,0.0
2023-01-10 09:30:00-05:00,41.93000030517578,42.1349983215332,41.93000030517578,42.1349983215332,0,0.0,0.0,0.0
2023-01-10 10:30:00-05:00,42.040000915527344,42.13999938964844,41.95000076293945,42.13999938964844,1114,0.0,0.0,0.0
2023-01-10 11:30:00-05:00,42.279998779296875,42.279998779296875,42.279998779296875,42.279998779296875,239,0.0,0.0,0.0
2023-01-10 12:30:00-05:00,42.329898834228516,42.37269973754883,42.290000915527344,42.36000061035156,1739,0.0,0.0,0.0
2023-01-10 13:30:00-05:00,42.400001525878906,42.52000045776367,42.400001525878906,42.52000045776367,3490,0.0,0.0,0.0
2023-01-10 14:30:00-05:00,42.529998779296875,42.529998779296875,42.459999084472656,42.47999954223633,1947,0.0,0.0,0.0
2023-01-10 15:30:00-05:00,42.63999938964844,42.63999938964844,42.59000015258789,42.59000015258789,485,0.0,0.0,0.0
2023-01-11 09:30:00-05:00,42.869998931884766,42.970001220703125,42.869998931884766,42.970001220703125,0,0.0,0.0,0.0
2023-01-11 10:30:00-05:00,42.86000061035156,42.880001068115234,42.86000061035156,42.880001068115234,784,0.0,0.0,0.0
2023-01-11 11:30:00-05:00,42.92499923706055,42.92499923706055,42.92499923706055,42.92499923706055,286,0.0,0.0,0.0
2023-01-11 12:30:00-05:00,42.98500061035156,43.0,42.98500061035156,43.0,622,0.0,0.0,0.0
2023-01-11 13:30:00-05:00,42.98500061035156,43.002498626708984,42.90999984741211,42.95000076293945,6685,0.0,0.0,0.0
2023-01-11 14:30:00-05:00,42.939998626708984,43.09230041503906,42.939998626708984,43.08000183105469,1788,0.0,0.0,0.0
2023-01-11 15:30:00-05:00,43.023399353027344,43.130001068115234,42.992000579833984,43.09510040283203,0,0.0,0.0,0.0
2023-01-12 09:30:00-05:00,43.18000030517578,43.36000061035156,43.0,43.235801696777344,1896,0.0,0.0,0.0
2023-01-12 10:30:00-05:00,43.319000244140625,43.319000244140625,43.24610137939453,43.24610137939453,688,0.0,0.0,0.0
2023-01-12 11:30:00-05:00,43.244598388671875,43.43000030517578,43.244598388671875,43.43000030517578,1527,0.0,0.0,0.0
2023-01-12 12:30:00-05:00,43.47999954223633,43.5099983215332,43.38999938964844,43.38999938964844,602,0.0,0.0,0.0
2023-01-12 13:30:00-05:00,43.45000076293945,43.505001068115234,43.45000076293945,43.505001068115234,1274,0.0,0.0,0.0
2023-01-12 14:30:00-05:00,43.46580123901367,43.51499938964844,43.409698486328125,43.41999816894531,2255,0.0,0.0,0.0
2023-01-12 15:30:00-05:00,43.369998931884766,43.46820068359375,43.369998931884766,43.46820068359375,1059,0.0,0.0,0.0
2023-01-13 09:30:00-05:00,43.290000915527344,43.349998474121094,43.13999938964844,43.349998474121094,0,0.0,0.0,0.0
2023-01-13 10:30:00-05:00,43.43000030517578,43.4900016784668,43.43000030517578,43.47010040283203,1279,0.0,0.0,0.0
2023-01-13 11:30:00-05:00,43.55400085449219,43.57500076293945,43.55400085449219,43.57500076293945,358,0.0,0.0,0.0
2023-01-13 12:30:00-05:00,43.595001220703125,43.68870162963867,43.595001220703125,43.68870162963867,1210,0.0,0.0,0.0
2023-01-13 13:30:00-05:00,43.78950119018555,43.78950119018555,43.7041015625,43.731998443603516,2483,0.0,0.0,0.0
2023-01-13 14:30:00-05:00,43.689998626708984,43.725399017333984,43.674800872802734,43.71500015258789,2598,0.0,0.0,0.0
2023-01-13 15:30:00-05:00,43.769500732421875,43.849998474121094,43.709999084472656,43.77000045776367,2356,0.0,0.0,0.0
2023-01-17 09:30:00-05:00,43.689998626708984,43.81999969482422,43.650001525878906,43.81999969482422,0,0.0,0.0,0.0
2023-01-17 10:30:00-05:00,43.7130012512207,43.7130012512207,43.58000183105469,43.58000183105469,923,0.0,0.0,0.0
2023-01-17 11:30:00-05:00,43.58380126953125,43.58380126953125,43.58380126953125,43.58380126953125,510,0.0,0.0,0.0
2023-01-17 12:30:00-05:00,43.619998931884766,43.619998931884766,43.619998931884766,43.619998931884766,340,0.0,0.0,0.0
2023-01-17 13:30:00-05:00,43.625,43.650001525878906,43.52000045776367,43.52000045776367,10541,0.0,0.0,0.0
2023-01-17 14:30:00-05:00,43.52009963989258,43.59000015258789,43.52009963989258,43.59000015258789,952,0.0,0.0,0.0
2023-01-17 15:30:00-05:00,43.59000015258789,43.650001525878906,43.58000183105469,43.59429931640625,2205,0.0,0.0,0.0
2023-01-18 09:30:00-05:00,43.77000045776367,44.0,43.720001220703125,44.0,0,0.0,0.0,0.0
2023-01-18 10:30:00-05:00,43.67499923706055,43.67499923706055,43.5171012878418,43.5171012878418,846,0.0,0.0,0.0
2023-01-18 11:30:00-05:00,43.41999816894531,43.41999816894531,43.31010055541992,43.360599517822266,763,0.0,0.0,0.0
2023-01-18 12:30:00-05:00,43.25400161743164,43.27989959716797,43.084999084472656,43.2599983215332,3043,0.0,0.0,0.0
2023-01-18 13:30:00-05:00,43.38740158081055,43.38740158081055,43.19499969482422,43.19499969482422,818,0.0,0.0,0.0
2023-01-18 14:30:00-05:00,43.150001525878906,43.1599006652832,43.13079833984375,43.1599006652832,490,0.0,0.0,0.0
2023-01-18 15:30:00-05:00,43.076900482177734,43.076900482177734,42.976898193359375,42.976898193359375,934,0.0,0.0,0.0
2023-01-19 09:30:00-05:00,42.689998626708984,42.689998626708984,42.435001373291016,42.5099983215332,0,0.0,0.0,0.0
2023-01-19 10:30:00-05:00,42.5,42.5,42.5,42.5,321,0.0,0.0,0.0
2023-01-19 11:30:00-05:00,42.52000045776367,42.56999969482422,42.52000045776367,42.54290008544922,1101,0.0,0.0,0.0
2023-01-19 12:30:00-05:00,42.5099983215332,42.60499954223633,42.488800048828125,42.60499954223633,1399,0.0,0.0,0.0
2023-01-19 13:30:00-05:00,42.76499938964844,42.78900146484375,42.650001525878906,42.650001525878906,3101,0.0,0.0,0.0
2023-01-19 14:30:00-05:00,42.78519821166992,42.78519821166992,42.77939987182617,42.77939987182617,1446,0.0,0.0,0.0
2023-01-19 15:30:00-05:00,42.68790054321289,42.68790054321289,42.634300231933594,42.634300231933594,1764,0.0,0.0,0.0
2023-01-20 09:30:00-05:00,42.79999923706055,42.79999923706055,42.540000915527344,42.564998626708984,0,0.0,0.0,0.0
2023-01-20 10:30:00-05:00,43.010101318359375,43.07279968261719,43.010101318359375,43.07279968261719,3777,0.0,0.0,0.0
2023-01-20 11:30:00-05:00,43.060001373291016,43.084999084472656,43.0,43.0,5056,0.0,0.0,0.0
2023-01-20 12:30:00-05:00,43.03499984741211,43.03499984741211,42.97990036010742,42.97990036010742,1931,0.0,0.0,0.0
2023-01-20 13:30:00-05:00,43.114200592041016,43.17499923706055,43.09149932861328,43.17499923706055,1256,0.0,0.0,0.0
2023-01-20 14:30:00-05:00,43.32600021362305,43.32600021362305,43.32600021362305,43.32600021362305,398,0.0,0.0,0.0
2023-01-20 15:30:00-05:00,43.35499954223633,43.38990020751953,43.31999969482422,43.357601165771484,1162,0.0,0.0,0.0
2023-01-23 09:30:00-05:00,43.58000183105469,43.595001220703125,43.58000183105469,43.595001220703125,0,0.0,0.0,0.0
2023-01-23 10:30:00-05:00,43.70000076293945,43.91999816894531,43.66999816894531,43.880001068115234,4989,0.0,0.0,0.0
2023-01-23 11:30:00-05:00,43.849998474121094,43.90999984741211,43.790000915527344,43.84000015258789,2375,0.0,0.0,0.0
2023-01-23 12:30:00-05:00,43.849998474121094,43.9900016784668,43.849998474121094,43.9900016784668,1137,0.0,0.0,0.0
2023-01-23 13:30:00-05:00,43.970001220703125,44.040000915527344,43.75,43.75,1109,0.0,0.0,0.0
2023-01-23 14:30:00-05:00,43.75,43.75,43.55799865722656,43.650001525878906,7095,0.0,0.0,0.0
2023-01-23 15:30:00-05:00,43.810001373291016,43.86000061035156,43.810001373291016,43.82680130004883,0,0.0,0.0,0.0
2023-01-24 09:30:00-05:00,43.61389923095703,43.689998626708984,43.415000915527344,43.689998626708984,2863,0.0,0.0,0.0
2023-01-24 10:30:00-05:00,43.720001220703125,43.75,43.720001220703125,43.720001220703125,2212,0.0,0.0,0.0
2023-01-24 11:30:00-05:00,43.7672004699707,43.7672004699707,43.66999816894531,43.66999816894531,2890,0.0,0.0,0.0
2023-01-24 12:30:00-05:00,43.67499923706055,43.720001220703125,43.660701751708984,43.660701751708984,2292,0.0,0.0,0.0
2023-01-24 13:30:00-05:00,43.76409912109375,43.76409912109375,43.650901794433594,43.675201416015625,1148,0.0,0.0,0.0
2023-01-24 14:30:00-05:00,43.698001861572266,43.725101470947266,43.64500045776367,43.64500045776367,9784,0.0,0.0,0.0
2023-01-24 15:30:00-05:00,43.54999923706055,43.650001525878906,43.54999923706055,43.59000015258789,0,0.0,0.0,0.0
2023-01-25 09:30:00-05:00,43.27000045776367,43.27000045776367,42.984901428222656,43.18000030517578,5662,0.0,0.0,0.0
2023-01-25 10:30:00-05:00,43.119998931884766,43.25,43.119998931884766,43.237701416015625,2267,0.0,0.0,0.0
2023-01-25 11:30:00-05:00,43.359901428222656,43.36949920654297,43.3302001953125,43.3302001953125,1657,0.0,0.0,0.0
2023-01-25 12:30:00-05:00,43.426998138427734,43.549400329589844,43.426998138427734,43.549400329589844,723,0.0,0.0,0.0
2023-01-25 13:30:00-05:00,43.56999969482422,43.61000061035156,43.564998626708984,43.58000183105469,3345,0.0,0.0,0.0
2023-01-25 14:30:00-05:00,43.58000183105469,43.66999816894531,43.58000183105469,43.66999816894531,6039,0.0,0.0,0.0
2023-01-25 15:30:00-05:00,43.71900177001953,43.7599983215332,43.68600082397461,43.713600158691406,1906,0.0,0.0,0.0
2023-01-26 09:30:00-05:00,43.9900016784668,44.02000045776367,43.709999084472656,43.709999084472656,0,0.0,0.0,0.0
2023-01-26 10:30:00-05:00,43.59550094604492,43.63999938964844,43.400001525878906,43.52000045776367,5345,0.0,0.0,0.0
2023-01-26 11:30:00-05:00,43.5525016784668,43.5525016784668,43.5525016784668,43.5525016784668,2909,0.0,0.0,0.0
2023-01-26 12:30:00-05:00,43.648101806640625,43.648101806640625,43.648101806640625,43.648101806640625,335,0.0,0.0,0.0
2023-01-26 13:30:00-05:00,43.66830062866211,43.66830062866211,43.66830062866211,43.66830062866211,333,0.0,0.0,0.0
2023-01-26 14:30:00-05:00,43.650699615478516,43.720001220703125,43.650001525878906,43.720001220703125,4186,0.0,0.0,0.0
2023-01-26 15:30:00-05:00,43.63010025024414,43.79999923706055,43.63010025024414,43.79359817504883,1111,0.0,0.0,0.0
2023-01-27 09:30:00-05:00,43.79999923706055,43.869998931884766,43.79999923706055,43.869998931884766,1018,0.0,0.0,0.0
2023-01-27 10:30:00-05:00,43.939998626708984,43.939998626708984,43.76100158691406,43.81949996948242,1801,0.0,0.0,0.0
2023-01-27 11:30:00-05:00,43.919700622558594,43.939998626708984,43.919700622558594,43.939998626708984,1009,0.0,0.0,0.0
2023-01-27 12:30:00-05:00,44.018699645996094,44.07899856567383,44.018699645996094,44.058998107910156,428,0.0,0.0,0.0
2023-01-27 13:30:00-05:00,44.013099670410156,44.189998626708984,44.013099670410156,44.189998626708984,2313,0.0,0.0,0.0
2023-01-27 14:30:00-05:00,44.209999084472656,44.209999084472656,44.209999084472656,44.209999084472656,1185,0.0,0.0,0.0
2023-01-27 15:30:00-05:00,44.099998474121094,44.11840057373047,44.099998474121094,44.11840057373047,171,0.0,0.0,0.0
2023-01-30 09:30:00-05:00,43.86000061035156,44.20000076293945,43.849998474121094,44.14229965209961,7072,0.0,0.0,0.0
2023-01-30 10:30:00-05:00,44.13999938964844,44.150001525878906,44.018798828125,44.02000045776367,4207,0.0,0.0,0.0
2023-01-30 11:30:00-05:00,44.04999923706055,44.060001373291016,44.029998779296875,44.029998779296875,578,0.0,0.0,0.0
2023-01-30 12:30:00-05:00,44.09920120239258,44.15999984741211,44.0099983215332,44.15999984741211,3901,0.0,0.0,0.0
2023-01-30 13:30:00-05:00,44.06850051879883,44.099998474121094,44.02000045776367,44.09000015258789,3129,0.0,0.0,0.0
2023-01-30 14:30:00-05:00,44.01940155029297,44.02000045776367,43.91999816894531,43.93090057373047,2231,0.0,0.0,0.0
2023-01-30 15:30:00-05:00,43.94499969482422,43.97999954223633,43.83000183105469,43.83000183105469,4207,0.0,0.0,0.0
2023-01-31 09:30:00-05:00,44.18000030517578,44.30910110473633,44.060001373291016,44.30910110473633,0,0.0,0.0,0.0
2023-01-31 10:30:00-05:00,44.499900817871094,44.540000915527344,44.499900817871094,44.540000915527344,2332,0.0,0.0,0.0
2023-01-31 11:30:00-05:00,44.571998596191406,44.5984992980957,44.571998596191406,44.58000183105469,1069,0.0,0.0,0.0
2023-01-31 12:30:00-05:00,44.62950134277344,44.659000396728516,44.599998474121094,44.61000061035156,1096,0.0,0.0,0.0
2023-01-31 13:30:00-05:00,44.66999816894531,44.779998779296875,44.65999984741211,44.77000045776367,29356,0.0,0.0,0.0
2023-01-31 14:30:00-05:00,44.779998779296875,44.84000015258789,44.720001220703125,44.77000045776367,22150,0.0,0.0,0.0
2023-01-31 15:30:00-05:00,44.790000915527344,45.04999923706055,44.75,44.97999954223633,19987,0.0,0.0,0.0
2023-02-01 09:30:00-05:00,44.90999984741211,44.9651985168457,44.869998931884766,44.9651985168457,0,0.0,0.0,0.0
2023-02-01 10:30:00-05:00,44.82500076293945,44.90999984741211,44.82500076293945,44.90999984741211,610,0.0,0.0,0.0
2023-02-01 11:30:00-05:00,44.87289810180664,44.87289810180664,44.80500030517578,44.80500030517578,906,0.0,0.0,0.0
2023-02-01 12:30:00-05:00,44.90999984741211,44.90999984741211,44.87089920043945,44.87089920043945,405,0.0,0.0,0.0
2023-02-01 13:30:00-05:00,44.959999084472656,44.959999084472656,44.90800094604492,44.90800094604492,3759,0.0,0.0,0.0
2023-02-01 14:30:00-05:00,44.78900146484375,45.73400115966797,44.77000045776367,45.73400115966797,5188,0.0,0.0,0.0
2023-02-01 15:30:00-05:00,45.79290008544922,46.0,45.650001525878906,45.7400016784668,2490,0.0,0.0,0.0
2023-02-02 09:30:00-05:00,46.0099983215332,46.2599983215332,46.0099983215332,46.2599983215332,0,0.0,0.0,0.0
2023-02-02 10:30:00-05:00,46.740699768066406,46.740699768066406,46.643699645996094,46.643699645996094,834,0.0,0.0,0.0
2023-02-02 11:30:00-05:00,46.61000061035156,46.67359924316406,46.61000061035156,46.67359924316406,3198,0.0,0.0,0.0
2023-02-02 12:30:00-05:00,46.62620162963867,46.810001373291016,46.62620162963867,46.68000030517578,990,0.0,0.0,0.0
2023-02-02 13:30:00-05:00,46.724998474121094,46.8380012512207,46.724998474121094,46.8380012512207,528,0.0,0.0,0.0
2023-02-02 14:30:00-05:00,46.57500076293945,46.57500076293945,46.3380012512207,46.3380012512207,529,0.0,0.0,0.0
2023-02-02 15:30:00-05:00,46.540000915527344,46.790000915527344,46.540000915527344,46.790000915527344,0,0.0,0.0,0.0
2023-02-03 09:30:00-05:00,46.2599983215332,46.36000061035156,46.2599983215332,46.36000061035156,2666,0.0,0.0,0.0
2023-02-03 10:30:00-05:00,46.79999923706055,46.83000183105469,46.709999084472656,46.72999954223633,2432,0.0,0.0,0.0
2023-02-03 11:30:00-05:00,46.78219985961914,46.7859992980957,46.78219985961914,46.7859992980957,739,0.0,0.0,0.0
2023-02-03 12:30:00-05:00,46.88999938964844,46.88999938964844,46.75,46.75,690,0.0,0.0,0.0
2023-02-03 13:30:00-05:00,46.465999603271484,46.55979919433594,46.465999603271484,46.53030014038086,10765,0.0,0.0,0.0
2023-02-03 14:30:00-05:00,46.507301330566406,46.507301330566406,46.507301330566406,46.507301330566406,156,0.0,0.0,0.0
2023-02-03 15:30:00-05:00,46.5,46.54999923706055,46.459999084472656,46.515899658203125,1968,0.0,0.0,0.0
2023-02-06 09:30:00-05:00,46.25,46.25,45.68000030517578,45.68000030517578,2686,0.0,0.0,0.0
2023-02-06 10:30:00-05:00,45.58000183105469,45.79999923706055,45.58000183105469,45.79999923706055,1088,0.0,0.0,0.0
2023-02-06 11:30:00-05:00,45.84000015258789,45.84000015258789,45.720001220703125,45.779998779296875,3672,0.0,0.0,0.0
2023-02-06 12:30:00-05:00,45.78799819946289,45.78799819946289,45.78799819946289,45.78799819946289,356,0.0,0.0,0.0
2023-02-06 13:30:00-05:00,45.7599983215332,45.84619903564453,45.7599983215332,45.80500030517578,977,0.0,0.0,0.0
2023-02-06 14:30:00-05:00,45.79999923706055,45.809200286865234,45.744998931884766,45.7599983215332,6554,0.0,0.0,0.0
2023-02-06 15:30:00-05:00,45.72819900512695,45.8390007019043,45.720001220703125,45.794498443603516,0,0.0,0.0,0.0
2023-02-07 09:30:00-05:00,45.77000045776367,45.77000045776367,45.470001220703125,45.470001220703125,3750,0.0,0.0,0.0
2023-02-07 10:30:00-05:00,45.38999938964844,45.50149917602539,45.38999938964844,45.487998962402344,1787,0.0,0.0,0.0
2023-02-07 11:30:00-05:00,45.52000045776367,45.63999938964844,45.52000045776367,45.63999938964844,3379,0.0,0.0,0.0
2023-02-07 12:30:00-05:00,45.751399993896484,46.00400161743164,45.751399993896484,45.82400131225586,4066,0.0,0.0,0.0
2023-02-07 13:30:00-05:00,45.47999954223633,45.47999954223633,45.459999084472656,45.459999084472656,582,0.0,0.0,0.0
2023-02-07 14:30:00-05:00,45.849998474121094,45.88999938964844,45.790000915527344,45.88999938964844,1068,0.0,0.0,0.0
2023-02-07 15:30:00-05:00,45.89500045776367,46.042301177978516,45.88100051879883,46.040000915527344,1765,0.0,0.0,0.0
2023-02-08 09:30:00-05:00,45.81999969482422,45.81999969482422,45.5723991394043,45.73540115356445,2050,0.0,0.0,0.0
2023-02-08 10:30:00-05:00,45.584999084472656,45.584999084472656,45.27000045776367,45.27000045776367,2528,0.0,0.0,0.0
2023-02-08 11:30:00-05:00,45.310001373291016,45.40999984741211,45.25,45.40999984741211,1657,0.0,0.0,0.0
2023-02-08 12:30:00-05:00,45.349998474121094,45.5,45.349998474121094,45.41999816894531,9424,0.0,0.0,0.0
2023-02-08 13:30:00-05:00,45.36000061035156,45.36000061035156,45.17580032348633,45.17580032348633,75014,0.0,0.0,0.0
2023-02-08 14:30:00-05:00,45.209999084472656,45.209999084472656,45.0901985168457,45.0901985168457,1666,0.0,0.0,0.0
2023-02-08 15:30:00-05:00,45.2400016784668,45.274200439453125,45.144798278808594,45.20000076293945,7405,0.0,0.0,0.0
2023-02-09 09:30:00-05:00,45.42259979248047,45.42259979248047,45.380001068115234,45.380001068115234,668,0.0,0.0,0.0
2023-02-09 10:30:00-05:00,45.27399826049805,45.27399826049805,45.09000015258789,45.09000015258789,1674,0.0,0.0,0.0
2023-02-09 11:30:00-05:00,45.040000915527344,45.04999923706055,44.93600082397461,44.95100021362305,2641,0.0,0.0,0.0
2023-02-09 12:30:00-05:00,44.78499984741211,44.78499984741211,44.78499984741211,44.78499984741211,357,0.0,0.0,0.0
2023-02-09 13:30:00-05:00,44.79140090942383,44.79140090942383,44.70500183105469,44.70500183105469,1345,0.0,0.0,0.0
2023-02-09 14:30:00-05:00,44.599998474121094,44.64500045776367,44.54199981689453,44.54199981689453,1435,0.0,0.0,0.0
2023-02-09 15:30:00-05:00,44.48500061035156,44.68000030517578,44.48500061035156,44.556400299072266,1221,0.0,0.0,0.0
2023-02-10 09:30:00-05:00,44.33000183105469,44.560001373291016,44.31999969482422,44.560001373291016,0,0.0,0.0,0.0
2023-02-10 10:30:00-05:00,44.54999923706055,44.54999923706055,44.51499938964844,44.51499938964844,769,0.0,0.0,0.0
2023-02-10 11:30:00-05:00,44.51559829711914,44.51559829711914,44.45000076293945,44.45000076293945,1618,0.0,0.0,0.0
2023-02-10 12:30:00-05:00,44.45000076293945,44.66999816894531,44.45000076293945,44.66999816894531,2006,0.0,0.0,0.0
2023-02-10 13:30:00-05:00,44.57870101928711,44.57870101928711,44.57870101928711,44.57870101928711,288,0.0,0.0,0.0
2023-02-10 14:30:00-05:00,44.59000015258789,44.63999938964844,44.560001373291016,44.63999938964844,2957,0.0,0.0,0.0
2023-02-10 15:30:00-05:00,44.72999954223633,44.72999954223633,44.65999984741211,44.68510055541992,1700,0.0,0.0,0.0
2023-02-13 09:30:00-05:00,44.79999923706055,44.79999923706055,44.7400016784668,44.7400016784668,816,0.0,0.0,0.0
2023-02-13 10:30:00-05:00,44.974998474121094,44.974998474121094,44.974998474121094,44.974998474121094,289,0.0,0.0,0.0
2023-02-13 11:30:00-05:00,45.066001892089844,45.066001892089844,45.066001892089844,45.066001892089844,360,0.0,0.0,0.0
2023-02-13 12:30:00-05:00,45.13140106201172,45.14500045776367,45.084999084472656,45.121498107910156,3490,0.0,0.0,0.0
2023-02-13 13:30:00-05:00,45.205101013183594,45.27000045776367,45.205101013183594,45.2400016784668,2561,0.0,0.0,0.0
2023-02-13 14:30:00-05:00,45.20500183105469,45.255001068115234,45.189998626708984,45.255001068115234,2231,0.0,0.0,0.0
2023-02-13 15:30:00-05:00,45.2401008605957,45.380001068115234,45.2401008605957,45.369998931884766,4389,0.0,0.0,0.0
2023-02-14 09:30:00-05:00,45.220001220703125,45.37799835205078,44.86539840698242,45.37799835205078,0,0.0,0.0,0.0
2023-02-14 10:30:00-05:00,44.86000061035156,45.09000015258789,44.86000061035156,44.959999084472656,2282,0.0,0.0,0.0
2023-02-14 11:30:00-05:00,44.779998779296875,44.93000030517578,44.779998779296875,44.93000030517578,1567,0.0,0.0,0.0
2023-02-14 12:30:00-05:00,45.02190017700195,45.266998291015625,45.02000045776367,45.2400016784668,2244,0.0,0.0,0.0
2023-02-14 13:30:00-05:00,45.1875,45.1875,45.1875,45.1875,143,0.0,0.0,0.0
2023-02-14 14:30:00-05:00,45.32500076293945,45.32500076293945,45.316001892089844,45.316001892089844,524,0.0,0.0,0.0
2023-02-14 15:30:00-05:00,45.369998931884766,45.369998931884766,45.209999084472656,45.27000045776367,1541,0.0,0.0,0.0
2023-02-15 09:30:00-05:00,45.0,45.04899978637695,44.945098876953125,45.04899978637695,1220,0.0,0.0,0.0
2023-02-15 10:30:00-05:00,45.249900817871094,45.28580093383789,45.19200134277344,45.19200134277344,978,0.0,0.0,0.0
2023-02-15 11:30:00-05:00,45.31129837036133,45.369998931884766,45.280399322509766,45.280399322509766,1432,0.0,0.0,0.0
2023-02-15 12:30:00-05:00,45.296600341796875,45.439998626708984,45.296600341796875,45.38999938964844,32207,0.0,0.0,0.0
2023-02-15 13:30:00-05:00,45.40999984741211,45.54999923706055,45.40999984741211,45.54999923706055,1142,0.0,0.0,0.0
2023-02-15 14:30:00-05:00,45.6150016784668,45.63199996948242,45.6150016784668,45.63199996948242,943,0.0,0.0,0.0
2023-02-15 15:30:00-05:00,45.5802001953125,45.68000030517578,45.5802001953125,45.6442985534668,1139,0.0,0.0,0.0
2023-02-16 09:30:00-05:00,45.09000015258789,45.349098205566406,45.09000015258789,45.349098205566406,0,0.0,0.0,0.0
2023-02-16 10:30:00-05:00,45.52000045776367,45.678001403808594,45.52000045776367,45.678001403808594,1307,0.0,0.0,0.0
2023-02-16 11:30:00-05:00,45.73080062866211,45.73080062866211,45.73080062866211,45.73080062866211,152,0.0,0.0,0.0
2023-02-16 12:30:00-05:00,45.935001373291016,45.935001373291016,45.79999923706055,45.79999923706055,878,0.0,0.0,0.0
2023-02-16 13:30:00-05:00,45.90999984741211,45.90999984741211,45.849998474121094,45.869998931884766,1672,0.0,0.0,0.0
2023-02-16 14:30:00-05:00,45.89099884033203,45.89099884033203,45.630001068115234,45.630001068115234,37000,0.0,0.0,0.0
2023-02-16 15:30:00-05:00,45.619998931884766,45.65010070800781,45.529998779296875,45.58089828491211,4320,0.0,0.0,0.0
2023-02-17 09:30:00-05:00,45.5099983215332,45.56679916381836,45.320098876953125,45.56679916381836,2225,0.0,0.0,0.0
2023-02-17 10:30:00-05:00,45.549598693847656,45.6150016784668,45.448699951171875,45.448699951171875,837,0.0,0.0,0.0
2023-02-17 11:30:00-05:00,45.349998474121094,45.505001068115234,45.349998474121094,45.505001068115234,1785,0.0,0.0,0.0
2023-02-17 12:30:00-05:00,45.5,45.59550094604492,45.45000076293945,45.5099983215332,10245,0.0,0.0,0.0
2023-02-17 13:30:00-05:00,45.540000915527344,45.59000015258789,45.52000045776367,45.58000183105469,849,0.0,0.0,0.0
2023-02-17 14:30:00-05:00,45.599998474121094,45.70100021362305,45.599998474121094,45.654998779296875,1990,0.0,0.0,0.0
2023-02-17 15:30:00-05:00,45.619998931884766,45.709999084472656,45.619998931884766,45.650001525878906,5043,0.0,0.0,0.0
2023-02-21 09:30:00-05:00,45.220001220703125,45.220001220703125,44.74599838256836,44.74599838256836,0,0.0,0.0,0.0
2023-02-21 10:30:00-05:00,44.650001525878906,44.689998626708984,44.619998931884766,44.633201599121094,2840,0.0,0.0,0.0
2023-02-21 11:30:00-05:00,44.47090148925781,44.47090148925781,44.369998931884766,44.384498596191406,1186,0.0,0.0,0.0
2023-02-21 12:30:00-05:00,44.36159896850586,44.40999984741211,44.29999923706055,44.29999923706055,2317,0.0,0.0,0.0
2023-02-21 13:30:00-05:00,44.25210189819336,44.29800033569336,44.18000030517578,44.22999954223633,2404,0.0,0.0,0.0
2023-02-21 14:30:00-05:00,44.29999923706055,44.35020065307617,44.29999923706055,44.31100082397461,1710,0.0,0.0,0.0
2023-02-21 15:30:00-05:00,44.33000183105469,44.349998474121094,44.20000076293945,44.2400016784668,2711,0.0,0.0,0.0
2023-02-22 09:30:00-05:00,44.349998474121094,44.540000915527344,44.349998474121094,44.540000915527344,0,0.0,0.0,0.0
2023-02-22 10:30:00-05:00,44.37540054321289,44.45000076293945,44.37540054321289,44.45000076293945,404,0.0,0.0,0.0
2023-02-22 11:30:00-05:00,44.469600677490234,44.5099983215332,44.469600677490234,44.5099983215332,3903,0.0,0.0,0.0
2023-02-22 12:30:00-05:00,44.56999969482422,44.56999969482422,44.56999969482422,44.56999969482422,1260,0.0,0.0,0.0
2023-02-22 13:30:00-05:00,44.56999969482422,44.58000183105469,44.549198150634766,44.549198150634766,1607,0.0,0.0,0.0
2023-02-22 14:30:00-05:00,44.404998779296875,44.404998779296875,44.190101623535156,44.329898834228516,10347,0.0,0.0,0.0
2023-02-22 15:30:00-05:00,44.25,44.40999984741211,44.22999954223633,44.40999984741211,2154,0.0,0.0,0.0
2023-02-23 09:30:00-05:00,44.650001525878906,44.807498931884766,44.650001525878906,44.66999816894531,0,0.0,0.0,0.0
2023-02-23 10:30:00-05:00,44.619998931884766,44.619998931884766,44.36000061035156,44.36000061035156,992,0.0,0.0,0.0
2023-02-23 11:30:00-05:00,44.29999923706055,44.29999923706055,44.08000183105469,44.08000183105469,1152,0.0,0.0,0.0
2023-02-23 12:30:00-05:00,44.119998931884766,44.209999084472656,44.119998931884766,44.18000030517578,1375,0.0,0.0,0.0
2023-02-23 13:30:00-05:00,44.21989822387695,44.38999938964844,44.21989822387695,44.38999938964844,3980,0.0,0.0,0.0
2023-02-23 14:30:00-05:00,44.47999954223633,44.5,44.47999954223633,44.48939895629883,676,0.0,0.0,0.0
2023-02-23 15:30:00-05:00,44.529998779296875,44.61000061035156,44.529998779296875,44.61000061035156,364,0.0,0.0,0.0
2023-02-24 09:30:00-05:00,44.209999084472656,44.209999084472656,43.88999938964844,43.94499969482422,0,0.0,0.0,0.0
2023-02-24 10:30:00-05:00,43.905799865722656,44.040000915527344,43.905799865722656,44.040000915527344,1536,0.0,0.0,0.0
2023-02-24 11:30:00-05:00,44.07500076293945,44.095001220703125,44.07500076293945,44.095001220703125,714,0.0,0.0,0.0
2023-02-24 12:30:00-05:00,44.04669952392578,44.04669952392578,44.04669952392578,44.04669952392578,452,0.0,0.0,0.0
2023-02-24 13:30:00-05:00,43.994998931884766,44.09000015258789,43.96009826660156,44.09000015258789,2235,0.0,0.0,0.0
2023-02-24 14:30:00-05:00,44.0625,44.22999954223633,44.0625,44.22999954223633,3200,0.0,0.0,0.0
2023-02-24 15:30:00-05:00,44.189998626708984,44.24300003051758,44.084999084472656,44.20000076293945,2216,0.0,0.0,0.0
2023-02-27 09:30:00-05:00,44.599998474121094,44.849998474121094,44.4900016784668,44.849998474121094,6283,0.0,0.0,0.0
2023-02-27 10:30:00-05:00,44.59000015258789,44.62649917602539,44.54999923706055,44.62649917602539,2065,0.0,0.0,0.0
2023-02-27 11:30:00-05:00,44.52000045776367,44.52000045776367,44.459999084472656,44.476200103759766,1586,0.0,0.0,0.0
2023-02-27 12:30:00-05:00,44.47990036010742,44.47990036010742,44.40999984741211,44.43000030517578,2594,0.0,0.0,0.0
2023-02-27 13:30:00-05:00,44.42499923706055,44.42499923706055,44.41859817504883,44.41859817504883,341,0.0,0.0,0.0
2023-02-27 14:30:00-05:00,44.38800048828125,44.38800048828125,44.22589874267578,44.22589874267578,1098,0.0,0.0,0.0
2023-02-27 15:30:00-05:00,44.278900146484375,44.36000061035156,44.214500427246094,44.290000915527344,1983,0.0,0.0,0.0
2023-02-28 09:30:00-05:00,44.38999938964844,44.608001708984375,44.376800537109375,44.5099983215332,0,0.0,0.0,0.0
2023-02-28 10:30:00-05:00,44.555301666259766,44.74020004272461,44.4739990234375,44.74020004272461,794,0.0,0.0,0.0
2023-02-28 11:30:00-05:00,44.595001220703125,44.595001220703125,44.595001220703125,44.595001220703125,318,0.0,0.0,0.0
2023-02-28 12:30:00-05:00,44.63949966430664,44.65520095825195,44.60499954223633,44.65520095825195,1418,0.0,0.0,0.0
2023-02-28 13:30:00-05:00,44.640098571777344,44.70500183105469,44.640098571777344,44.70500183105469,1263,0.0,0.0,0.0
2023-02-28 14:30:00-05:00,44.55799865722656,44.55799865722656,44.55799865722656,44.55799865722656,111,0.0,0.0,0.0
2023-02-28 15:30:00-05:00,44.439998626708984,44.5099983215332,44.33000183105469,44.33000183105469,1823,0.0,0.0,0.0
2023-03-01 09:30:00-05:00,44.29999923706055,44.55400085449219,44.29999923706055,44.423500061035156,2928,0.0,0.0,0.0
2023-03-01 10:30:00-05:00,44.41999816894531,44.41999816894531,44.209999084472656,44.21659851074219,4107,0.0,0.0,0.0
2023-03-01 11:30:00-05:00,44.328399658203125,44.597999572753906,44.328399658203125,44.597999572753906,3169,0.0,0.0,0.0
2023-03-01 12:30:00-05:00,44.58000183105469,44.599700927734375,44.529998779296875,44.529998779296875,1772,0.0,0.0,0.0
2023-03-01 13:30:00-05:00,44.469600677490234,44.47529983520508,44.389198303222656,44.389198303222656,3571,0.0,0.0,0.0
2023-03-01 14:30:00-05:00,44.4099006652832,44.45000076293945,44.33000183105469,44.440101623535156,1960,0.0,0.0,0.0
2023-03-01 15:30:00-05:00,44.54949951171875,44.56999969482422,44.525001525878906,44.53499984741211,1087,0.0,0.0,0.0
2023-03-02 09:30:00-05:00,44.290000915527344,44.290000915527344,44.244998931884766,44.2510986328125,0,0.0,0.0,0.0
2023-03-02 10:30:00-05:00,44.40999984741211,44.40999984741211,44.349998474121094,44.400001525878906,805,0.0,0.0,0.0
2023-03-02 11:30:00-05:00,44.38199996948242,44.38199996948242,44.38199996948242,44.38199996948242,330,0.0,0.0,0.0
2023-03-02 12:30:00-05:00,44.40959930419922,44.41830062866211,44.36000061035156,44.36000061035156,949,0.0,0.0,0.0
2023-03-02 13:30:00-05:00,44.40999984741211,44.61940002441406,44.40999984741211,44.61940002441406,751,0.0,0.0,0.0
2023-03-02 14:30:00-05:00,44.599998474121094,44.6171989440918,44.58000183105469,44.6171989440918,1678,0.0,0.0,0.0
2023-03-02 15:30:00-05:00,44.72999954223633,44.72999954223633,44.65999984741211,44.66680145263672,530,0.0,0.0,0.0
2023-03-03 09:30:00-05:00,44.810001373291016,44.810001373291016,44.79999923706055,44.79999923706055,0,0.0,0.0,0.0
2023-03-03 11:30:00-05:00,45.044898986816406,45.08000183105469,45.00740051269531,45.02000045776367,5699,0.0,0.0,0.0
2023-03-03 12:30:00-05:00,45.109901428222656,45.109901428222656,45.109901428222656,45.109901428222656,170,0.0,0.0,0.0
2023-03-03 13:30:00-05:00,45.11199951171875,45.13990020751953,45.07780075073242,45.13990020751953,2082,0.0,0.0,0.0
2023-03-03 14:30:00-05:00,45.11180114746094,45.1968994140625,45.11180114746094,45.15999984741211,3226,0.0,0.0,0.0
2023-03-03 15:30:00-05:00,45.16999816894531,45.16999816894531,45.11000061035156,45.133399963378906,5624,0.0,0.0,0.0
2023-03-06 09:30:00-05:00,45.209999084472656,45.209999084472656,44.90879821777344,44.90879821777344,0,0.0,0.0,0.0
2023-03-06 10:30:00-05:00,44.677398681640625,44.689998626708984,44.625,44.625,1713,0.0,0.0,0.0
2023-03-06 11:30:00-05:00,44.6161003112793,44.6161003112793,44.420101165771484,44.420101165771484,1205,0.0,0.0,0.0
2023-03-06 12:30:00-05:00,44.29869842529297,44.29869842529297,44.25,44.25,580,0.0,0.0,0.0
2023-03-06 13:30:00-05:00,44.125,44.14979934692383,44.125,44.14979934692383,386,0.0,0.0,0.0
2023-03-06 14:30:00-05:00,44.040199279785156,44.04990005493164,43.96799850463867,43.982601165771484,5163,0.0,0.0,0.0
2023-03-06 15:30:00-05:00,44.11000061035156,44.1245002746582,44.11000061035156,44.1245002746582,1713,0.0,0.0,0.0
2023-03-07 09:30:00-05:00,44.13999938964844,44.220001220703125,43.95000076293945,43.95000076293945,0,0.0,0.0,0.0
2023-03-07 10:30:00-05:00,43.96889877319336,43.96889877319336,43.83000183105469,43.83000183105469,574,0.0,0.0,0.0
2023-03-07 11:30:00-05:00,43.818599700927734,43.869998931884766,43.818599700927734,43.86000061035156,969,0.0,0.0,0.0
2023-03-07 13:30:00-05:00,43.78519821166992,43.78519821166992,43.68560028076172,43.68560028076172,914,0.0,0.0,0.0
2023-03-07 14:30:00-05:00,43.6416015625,43.7327995300293,43.6416015625,43.7327995300293,728,0.0,0.0,0.0
2023-03-07 15:30:00-05:00,43.79499816894531,43.840301513671875,43.75339889526367,43.75339889526367,0,0.0,0.0,0.0
2023-03-08 09:30:00-05:00,43.7400016784668,43.900001525878906,43.7400016784668,43.79240036010742,907,0.0,0.0,0.0
2023-03-08 10:30:00-05:00,43.906898498535156,43.915000915527344,43.902198791503906,43.902198791503906,547,0.0,0.0,0.0
2023-03-08 11:30:00-05:00,43.81529998779297,43.969600677490234,43.81529998779297,43.89799880981445,805,0.0,0.0,0.0
2023-03-08 13:30:00-05:00,43.62900161743164,43.63999938964844,43.61000061035156,43.63999938964844,998,0.0,0.0,0.0
2023-03-08 14:30:00-05:00,43.69990158081055,43.69990158081055,43.6442985534668,43.6442985534668,1090,0.0,0.0,0.0
2023-03-08 15:30:00-05:00,43.8307991027832,43.939998626708984,43.8307991027832,43.900001525878906,0,0.0,0.0,0.0
2023-03-09 09:30:00-05:00,43.93000030517578,43.93000030517578,43.5620002746582,43.5620002746582,995,0.0,0.0,0.0
2023-03-09 10:30:00-05:00,43.540000915527344,43.540000915527344,43.540000915527344,43.540000915527344,688,0.0,0.0,0.0
2023-03-09 11:30:00-05:00,43.43000030517578,43.47999954223633,43.375,43.46649932861328,3402,0.0,0.0,0.0
2023-03-09 12:30:00-05:00,43.45000076293945,43.45000076293945,43.33169937133789,43.36000061035156,846,0.0,0.0,0.0
2023-03-09 13:30:00-05:00,43.209999084472656,43.244998931884766,43.189998626708984,43.189998626708984,873,0.0,0.0,0.0
2023-03-09 14:30:00-05:00,43.14500045776367,43.14500045776367,43.119998931884766,43.119998931884766,314,0.0,0.0,0.0
2023-03-09 15:30:00-05:00,43.06999969482422,43.06999969482422,42.900001525878906,42.900001525878906,0,0.0,0.0,0.0
2023-03-10 09:30:00-05:00,42.720001220703125,42.720001220703125,42.130001068115234,42.40999984741211,2879,0.0,0.0,0.0
2023-03-10 10:30:00-05:00,42.1150016784668,42.470001220703125,42.10419845581055,42.470001220703125,0,0.0,0.0,0.0
2023-03-10 11:30:00-05:00,42.279998779296875,42.314998626708984,42.0,42.0,6867,0.0,0.0,0.0
2023-03-10 12:30:00-05:00,42.079898834228516,42.079898834228516,41.93000030517578,41.93000030517578,2301,0.0,0.0,0.0
2023-03-10 13:30:00-05:00,41.44599914550781,41.69710159301758,41.44599914550781,41.69710159301758,553,0.0,0.0,0.0
2023-03-10 14:30:00-05:00,41.829898834228516,41.829898834228516,41.670101165771484,41.670101165771484,2020,0.0,0.0,0.0
2023-03-10 15:30:00-05:00,41.65999984741211,41.779998779296875,41.65999984741211,41.75,1374,0.0,0.0,0.0
2023-03-13 09:30:00-04:00,41.029998779296875,41.029998779296875,40.58000183105469,40.58000183105469,0,0.0,0.0,0.0
2023-03-13 10:30:00-04:00,40.58000183105469,41.28179931640625,40.58000183105469,41.28179931640625,15407,0.0,0.0,0.0
2023-03-13 11:30:00-04:00,41.470001220703125,41.470001220703125,41.05849838256836,41.05849838256836,4094,0.0,0.0,0.0
2023-03-13 12:30:00-04:00,40.77299880981445,40.8849983215332,40.7599983215332,40.8849983215332,2765,0.0,0.0,0.0
2023-03-13 13:30:00-04:00,41.02989959716797,41.02989959716797,41.02989959716797,41.02989959716797,581,0.0,0.0,0.0
2023-03-13 14:30:00-04:00,41.02000045776367,41.02000045776367,41.02000045776367,41.02000045776367,192,0.0,0.0,0.0
2023-03-13 15:30:00-04:00,40.81999969482422,40.849998474121094,40.77000045776367,40.77000045776367,596,0.0,0.0,0.0
2023-03-14 09:30:00-04:00,41.849998474121094,41.8650016784668,41.849998474121094,41.8650016784668,1728,0.0,0.0,0.0
2023-03-14 10:30:00-04:00,41.93989944458008,42.06999969482422,41.83000183105469,42.06999969482422,2931,0.0,0.0,0.0
2023-03-14 11:30:00-04:00,42.06990051269531,42.06990051269531,41.95000076293945,41.95000076293945,1070,0.0,0.0,0.0
2023-03-14 12:30:00-04:00,41.762001037597656,41.762001037597656,41.34199905395508,41.378501892089844,1592,0.0,0.0,0.0
2023-03-14 13:30:00-04:00,41.27000045776367,41.3036003112793,41.27000045776367,41.3036003112793,305,0.0,0.0,0.0
2023-03-14 14:30:00-04:00,41.2400016784668,41.2599983215332,41.0099983215332,41.05849838256836,3769,0.0,0.0,0.0
2023-03-14 15:30:00-04:00,41.29600143432617,41.310001373291016,41.29600143432617,41.310001373291016,336,0.0,0.0,0.0
2023-03-15 09:30:00-04:00,40.369998931884766,40.567501068115234,40.369998931884766,40.567501068115234,3562,0.0,0.0,0.0
2023-03-15 11:30:00-04:00,40.529998779296875,40.529998779296875,40.2400016784668,40.30220031738281,1540,0.0,0.0,0.0
2023-03-15 12:30:00-04:00,40.290000915527344,40.290000915527344,40.03499984741211,40.16999816894531,2748,0.0,0.0,0.0
2023-03-15 13:30:00-04:00,40.30149841308594,40.30149841308594,40.30149841308594,40.30149841308594,608,0.0,0.0,0.0
2023-03-15 15:30:00-04:00,40.599998474121094,40.849998474121094,40.599998474121094,40.849998474121094,0,0.0,0.0,0.0
2023-03-16 09:30:00-04:00,40.46799850463867,40.47999954223633,40.349998474121094,40.349998474121094,1465,0.0,0.0,0.0
2023-03-16 10:30:00-04:00,40.50450134277344,41.0099983215332,40.50450134277344,41.0099983215332,1847,0.0,0.0,0.0
2023-03-16 11:30:00-04:00,41.029998779296875,41.099998474121094,41.029998779296875,41.099998474121094,1377,0.0,0.0,0.0
2023-03-16 12:30:00-04:00,41.47990036010742,41.47990036010742,41.34000015258789,41.34000015258789,380,0.0,0.0,0.0
2023-03-16 13:30:00-04:00,41.39699935913086,41.39699935913086,41.37120056152344,41.37120056152344,433,0.0,0.0,0.0
2023-03-16 14:30:00-04:00,41.409000396728516,41.409000396728516,41.409000396728516,41.409000396728516,347,0.0,0.0,0.0
2023-03-16 15:30:00-04:00,41.400001525878906,41.400001525878906,41.380001068115234,41.400001525878906,155,0.0,0.0,0.0
2023-03-17 09:30:00-04:00,40.86000061035156,40.86000061035156,40.86000061035156,40.86000061035156,0,0.0,0.0,0.0
2023-03-17 10:30:00-04:00,40.540000915527344,40.540000915527344,40.400001525878906,40.5099983215332,1483,0.0,0.0,0.0
2023-03-17 11:30:00-04:00,40.34000015258789,40.395599365234375,40.30009841918945,40.395599365234375,957,0.0,0.0,0.0
2023-03-17 12:30:00-04:00,40.614898681640625,40.614898681640625,40.45000076293945,40.45000076293945,4214,0.0,0.0,0.0
2023-03-17 13:30:00-04:00,40.380001068115234,40.380001068115234,40.209999084472656,40.209999084472656,712,0.0,0.0,0.0
2023-03-17 14:30:00-04:00,40.231998443603516,40.279998779296875,40.209999084472656,40.2400016784668,2132,0.0,0.0,0.0
2023-03-17 15:30:00-04:00,40.37810134887695,40.37810134887695,40.2599983215332,40.260501861572266,1377,0.0,0.0,0.0
2023-03-20 09:30:00-04:00,40.619998931884766,40.89799880981445,40.619998931884766,40.89799880981445,3186,0.0,0.0,0.0
2023-03-20 10:30:00-04:00,41.04759979248047,41.04759979248047,41.04759979248047,41.04759979248047,578,0.0,0.0,0.0
2023-03-20 12:30:00-04:00,40.83000183105469,40.83000183105469,40.83000183105469,40.83000183105469,921,0.0,0.0,0.0
2023-03-20 13:30:00-04:00,40.83000183105469,40.83000183105469,40.75,40.75,1657,0.0,0.0,0.0
2023-03-20 14:30:00-04:00,40.582401275634766,40.67580032348633,40.582401275634766,40.67580032348633,555,0.0,0.0,0.0
2023-03-20 15:30:00-04:00,40.630001068115234,40.665000915527344,40.630001068115234,40.6515998840332,793,0.0,0.0,0.0
2023-03-21 09:30:00-04:00,41.470001220703125,41.6244010925293,41.3849983215332,41.3849983215332,0,0.0,0.0,0.0
2023-03-21 10:30:00-04:00,41.48500061035156,41.48500061035156,41.48500061035156,41.48500061035156,247,0.0,0.0,0.0
2023-03-21 11:30:00-04:00,41.36000061035156,41.38999938964844,41.36000061035156,41.3650016784668,714,0.0,0.0,0.0
2023-03-21 12:30:00-04:00,41.279998779296875,41.31999969482422,41.279998779296875,41.31999969482422,693,0.0,0.0,0.0
2023-03-21 13:30:00-04:00,41.26900100708008,41.26900100708008,41.26900100708008,41.26900100708008,165,0.0,0.0,0.0
2023-03-21 14:30:00-04:00,41.20000076293945,41.26089859008789,41.20000076293945,41.26089859008789,1367,0.0,0.0,0.0
2023-03-21 15:30:00-04:00,41.285099029541016,41.30630111694336,41.285099029541016,41.30630111694336,0,0.0,0.0,0.0
2023-03-22 09:30:00-04:00,41.189998626708984,41.46500015258789,41.1619987487793,41.40999984741211,1385,0.0,0.0,0.0
2023-03-22 10:30:00-04:00,41.459999084472656,41.46989822387695,41.447200775146484,41.459999084472656,8087,0.0,0.0,0.0
2023-03-22 11:30:00-04:00,41.150001525878906,41.18000030517578,41.099998474121094,41.15999984741211,5285,0.0,0.0,0.0
2023-03-22 12:30:00-04:00,41.15999984741211,41.15999984741211,41.130001068115234,41.130001068115234,1430,0.0,0.0,0.0
2023-03-22 13:30:00-04:00,41.13999938964844,41.177101135253906,41.13999938964844,41.177101135253906,646,0.0,0.0,0.0
2023-03-22 14:30:00-04:00,41.099998474121094,41.099998474121094,40.785400390625,40.985198974609375,2601,0.0,0.0,0.0
2023-03-22 15:30:00-04:00,40.869998931884766,40.869998931884766,40.36000061035156,40.36000061035156,873,0.0,0.0,0.0
2023-03-23 09:30:00-04:00,40.63610076904297,40.63610076904297,40.59280014038086,40.59280014038086,0,0.0,0.0,0.0
2023-03-23 10:30:00-04:00,40.689998626708984,40.880001068115234,40.689998626708984,40.880001068115234,542,0.0,0.0,0.0
2023-03-23 11:30:00-04:00,40.7400016784668,40.7400016784668,40.5099983215332,40.5099983215332,3405,0.0,0.0,0.0
2023-03-23 12:30:00-04:00,40.48210144042969,40.48210144042969,40.310001373291016,40.310001373291016,759,0.0,0.0,0.0
2023-03-23 13:30:00-04:00,40.23699951171875,40.25,40.121700286865234,40.18000030517578,1455,0.0,0.0,0.0
2023-03-23 14:30:00-04:00,39.88999938964844,39.97999954223633,39.88999938964844,39.97999954223633,435,0.0,0.0,0.0
2023-03-24 09:30:00-04:00,39.90999984741211,39.90999984741211,39.591400146484375,39.630001068115234,1766,0.0,0.0,0.0
2023-03-24 10:30:00-04:00,39.820098876953125,39.820098876953125,39.61000061035156,39.61000061035156,730,0.0,0.0,0.0
2023-03-24 11:30:00-04:00,39.9364013671875,40.09000015258789,39.9364013671875,40.03099822998047,1448,0.0,0.0,0.0
2023-03-24 12:30:00-04:00,40.05849838256836,40.130001068115234,40.05849838256836,40.130001068115234,3513,0.0,0.0,0.0
2023-03-24 13:30:00-04:00,40.040000915527344,40.25,40.040000915527344,40.25,622,0.0,0.0,0.0
2023-03-24 14:30:00-04:00,40.19670104980469,40.31999969482422,40.18000030517578,40.22999954223633,3356,0.0,0.0,0.0
2023-03-24 15:30:00-04:00,40.23500061035156,40.290000915527344,40.23500061035156,40.290000915527344,292,0.0,0.0,0.0
2023-03-27 09:30:00-04:00,40.58000183105469,40.67169952392578,40.45000076293945,40.45000076293945,2258,0.0,0.0,0.0
2023-03-27 10:30:00-04:00,40.421600341796875,40.421600341796875,40.334999084472656,40.334999084472656,792,0.0,0.0,0.0
2023-03-27 12:30:00-04:00,40.51919937133789,40.599998474121094,40.51919937133789,40.599998474121094,1438,0.0,0.0,0.0
2023-03-27 13:30:00-04:00,40.59000015258789,40.59000015258789,40.59000015258789,40.59000015258789,625,0.0,0.0,0.0
2023-03-27 14:30:00-04:00,40.689998626708984,40.689998626708984,40.68000030517578,40.68000030517578,504,0.0,0.0,0.0
2023-03-27 15:30:00-04:00,40.70000076293945,40.70000076293945,40.56489944458008,40.56489944458008,918,0.0,0.0,0.0
2023-03-28 09:30:00-04:00,40.5,40.899898529052734,40.5,40.899898529052734,0,0.0,0.0,0.0
2023-03-28 11:30:00-04:00,40.72999954223633,40.72999954223633,40.65010070800781,40.653499603271484,3435,0.0,0.0,0.0
2023-03-28 12:30:00-04:00,40.65800094604492,40.65800094604492,40.5,40.5,907,0.0,0.0,0.0
2023-03-28 13:30:00-04:00,40.4900016784668,40.4900016784668,40.43069839477539,40.43069839477539,496,0.0,0.0,0.0
2023-03-28 14:30:00-04:00,40.47999954223633,40.60070037841797,40.47999954223633,40.560001373291016,26881,0.0,0.0,0.0
2023-03-28 15:30:00-04:00,40.53160095214844,40.654998779296875,40.53160095214844,40.654998779296875,209,0.0,0.0,0.0
2023-03-29 09:30:00-04:00,41.08000183105469,41.08000183105469,40.869998931884766,40.869998931884766,0,0.0,0.0,0.0
2023-03-29 10:30:00-04:00,40.88999938964844,40.88999938964844,40.65999984741211,40.689998626708984,3173,0.0,0.0,0.0
2023-03-29 11:30:00-04:00,40.720001220703125,40.720001220703125,40.720001220703125,40.720001220703125,393,0.0,0.0,0.0
2023-03-29 12:30:00-04:00,40.71500015258789,40.71500015258789,40.63999938964844,40.6859016418457,1120,0.0,0.0,0.0
2023-03-29 13:30:00-04:00,40.63999938964844,40.63999938964844,40.63999938964844,40.63999938964844,252,0.0,0.0,0.0
2023-03-29 14:30:00-04:00,40.689998626708984,40.689998626708984,40.689998626708984,40.689998626708984,564,0.0,0.0,0.0
2023-03-29 15:30:00-04:00,40.79499816894531,40.84000015258789,40.779998779296875,40.811798095703125,488,0.0,0.0,0.0
2023-03-30 09:30:00-04:00,41.189998626708984,41.262001037597656,41.08869934082031,41.1150016784668,0,0.0,0.0,0.0
2023-03-30 10:30:00-04:00,41.099998474121094,41.099998474121094,41.000099182128906,41.025299072265625,1943,0.0,0.0,0.0
2023-03-30 11:30:00-04:00,40.840999603271484,40.880001068115234,40.840999603271484,40.880001068115234,1526,0.0,0.0,0.0
2023-03-30 12:30:00-04:00,40.83000183105469,40.83000183105469,40.77000045776367,40.779998779296875,816,0.0,0.0,0.0
2023-03-30 13:30:00-04:00,40.75,40.799400329589844,40.75,40.799400329589844,389,0.0,0.0,0.0
2023-03-30 14:30:00-04:00,40.80329895019531,40.80329895019531,40.68230056762695,40.71440124511719,1589,0.0,0.0,0.0
2023-03-30 15:30:00-04:00,40.81999969482422,40.81999969482422,40.75,40.76380157470703,0,0.0,0.0,0.0
2023-03-31 09:30:00-04:00,41.15999984741211,41.220001220703125,41.07820129394531,41.220001220703125,2582,0.0,0.0,0.0
2023-03-31 10:30:00-04:00,41.20000076293945,41.459999084472656,41.189998626708984,41.459999084472656,2885,0.0,0.0,0.0
2023-03-31 11:30:00-04:00,41.43000030517578,41.43000030517578,41.399898529052734,41.40999984741211,4072,0.0,0.0,0.0
2023-03-31 12:30:00-04:00,41.400001525878906,41.400001525878906,41.279998779296875,41.279998779296875,1734,0.0,0.0,0.0
2023-03-31 13:30:00-04:00,41.28900146484375,41.31999969482422,41.24800109863281,41.31999969482422,7487,0.0,0.0,0.0
2023-03-31 14:30:00-04:00,41.24100112915039,41.310001373291016,41.230201721191406,41.310001373291016,9614,0.0,0.0,0.0
2023-03-31 15:30:00-04:00,41.37860107421875,41.56999969482422,41.3567008972168,41.56999969482422,2401,0.0,0.0,0.0
2023-04-03 09:30:00-04:00,41.689998626708984,41.730098724365234,41.689998626708984,41.730098724365234,957,0.0,0.0,0.0
2023-04-03 10:30:00-04:00,41.630001068115234,41.630001068115234,41.351898193359375,41.351898193359375,356,0.0,0.0,0.0
2023-04-03 11:30:00-04:00,41.31999969482422,41.31999969482422,41.31999969482422,41.31999969482422,626,0.0,0.0,0.0
2023-04-03 12:30:00-04:00,41.36650085449219,41.36650085449219,41.36650085449219,41.36650085449219,536,0.0,0.0,0.0
2023-04-03 13:30:00-04:00,41.33000183105469,41.37730026245117,41.33000183105469,41.37730026245117,1514,0.0,0.0,0.0
2023-04-03 14:30:00-04:00,41.4463005065918,41.54990005493164,41.4463005065918,41.52799987792969,2105,0.0,0.0,0.0
2023-04-03 15:30:00-04:00,41.59260177612305,41.630001068115234,41.59000015258789,41.630001068115234,671,0.0,0.0,0.0
2023-04-04 09:30:00-04:00,41.75,41.75,41.099300384521484,41.107601165771484,0,0.0,0.0,0.0
2023-04-04 10:30:00-04:00,41.000999450683594,41.000999450683594,41.0,41.0,1023,0.0,0.0,0.0
2023-04-04 11:30:00-04:00,40.78900146484375,40.78900146484375,40.7599983215332,40.7599983215332,930,0.0,0.0,0.0
2023-04-04 12:30:00-04:00,40.72999954223633,40.72999954223633,40.72999954223633,40.72999954223633,194,0.0,0.0,0.0
2023-04-04 13:30:00-04:00,40.821998596191406,40.849998474121094,40.77000045776367,40.77899932861328,6763,0.0,0.0,0.0
2023-04-04 14:30:00-04:00,40.77000045776367,40.775001525878906,40.689998626708984,40.691001892089844,9222,0.0,0.0,0.0
2023-04-04 15:30:00-04:00,40.81999969482422,40.84000015258789,40.81999969482422,40.81999969482422,3476,0.0,0.0,0.0
2023-04-05 09:30:00-04:00,40.54999923706055,40.54999923706055,40.430999755859375,40.430999755859375,0,0.0,0.0,0.0
2023-04-05 10:30:00-04:00,40.5015983581543,40.5015983581543,40.349998474121094,40.349998474121094,428,0.0,0.0,0.0
2023-04-05 11:30:00-04:00,40.33000183105469,40.33000183105469,40.29999923706055,40.29999923706055,94398,0.0,0.0,0.0
2023-04-05 12:30:00-04:00,40.290000915527344,40.38999938964844,40.255001068115234,40.38999938964844,2200,0.0,0.0,0.0
2023-04-05 14:30:00-04:00,40.37030029296875,40.42660140991211,40.345001220703125,40.42660140991211,914,0.0,0.0,0.0
2023-04-05 15:30:00-04:00,40.492000579833984,40.540000915527344,40.492000579833984,40.540000915527344,424,0.0,0.0,0.0
2023-04-06 09:30:00-04:00,40.599998474121094,40.599998474121094,40.400001525878906,40.400001525878906,0,0.0,0.0,0.0
2023-04-06 10:30:00-04:00,40.45000076293945,40.45000076293945,40.380001068115234,40.43000030517578,520,0.0,0.0,0.0
2023-04-06 11:30:00-04:00,40.36259841918945,40.400001525878906,40.36259841918945,40.400001525878906,733,0.0,0.0,0.0
2023-04-06 12:30:00-04:00,40.459999084472656,40.459999084472656,40.459999084472656,40.459999084472656,549,0.0,0.0,0.0
2023-04-06 13:30:00-04:00,40.38999938964844,40.38999938964844,40.38999938964844,40.38999938964844,139,0.0,0.0,0.0
2023-04-06 14:30:00-04:00,40.48550033569336,40.5099983215332,40.423301696777344,40.423301696777344,2797,0.0,0.0,0.0
2023-04-06 15:30:00-04:00,40.415000915527344,40.45000076293945,40.361698150634766,40.45000076293945,1004,0.0,0.0,0.0
2023-04-10 09:30:00-04:00,40.38999938964844,40.810001373291016,40.38999938964844,40.80009841918945,0,0.0,0.0,0.0
2023-04-10 10:30:00-04:00,40.9827995300293,40.9827995300293,40.959999084472656,40.959999084472656,789,0.0,0.0,0.0
2023-04-10 11:30:00-04:00,40.84000015258789,40.85499954223633,40.65800094604492,40.65800094604492,1515,0.0,0.0,0.0
2023-04-10 12:30:00-04:00,40.782501220703125,40.88999938964844,40.782501220703125,40.88999938964844,898,0.0,0.0,0.0
2023-04-10 13:30:00-04:00,40.84669876098633,40.93989944458008,40.79999923706055,40.93989944458008,2059,0.0,0.0,0.0
2023-04-10 14:30:00-04:00,40.922000885009766,40.986000061035156,40.877498626708984,40.92499923706055,5368,0.0,0.0,0.0
2023-04-10 15:30:00-04:00,40.93130111694336,41.0099983215332,40.922698974609375,40.93840026855469,11786,0.0,0.0,0.0
2023-04-11 09:30:00-04:00,41.20000076293945,41.30500030517578,41.20000076293945,41.30500030517578,0,0.0,0.0,0.0
2023-04-11 10:30:00-04:00,41.31159973144531,41.34989929199219,41.189998626708984,41.34989929199219,1491,0.0,0.0,0.0
2023-04-11 12:30:00-04:00,41.5276985168457,41.54800033569336,41.5276985168457,41.54800033569336,801,0.0,0.0,0.0
2023-04-11 13:30:00-04:00,41.53139877319336,41.61000061035156,41.53139877319336,41.58789825439453,9782,0.0,0.0,0.0
2023-04-11 14:30:00-04:00,41.63999938964844,41.689998626708984,41.599998474121094,41.619998931884766,4574,0.0,0.0,0.0
2023-04-11 15:30:00-04:00,41.44200134277344,41.44200134277344,41.42129898071289,41.42129898071289,803,0.0,0.0,0.0
2023-04-12 09:30:00-04:00,41.86000061035156,41.86000061035156,41.369998931884766,41.369998931884766,0,0.0,0.0,0.0
2023-04-12 10:30:00-04:00,41.27000045776367,41.279998779296875,41.22779846191406,41.279998779296875,584,0.0,0.0,0.0
2023-04-12 11:30:00-04:00,41.244998931884766,41.349998474121094,41.244998931884766,41.32500076293945,3598,0.0,0.0,0.0
2023-04-12 12:30:00-04:00,41.31999969482422,41.415000915527344,41.31999969482422,41.38999938964844,2393,0.0,0.0,0.0
2023-04-12 13:30:00-04:00,41.439998626708984,41.5,41.349998474121094,41.45000076293945,6466,0.0,0.0,0.0
2023-04-12 14:30:00-04:00,41.225399017333984,41.22999954223633,41.12200164794922,41.13999938964844,4091,0.0,0.0,0.0
2023-04-12 15:30:00-04:00,41.150001525878906,41.189998626708984,41.127899169921875,41.127899169921875,2397,0.0,0.0,0.0
2023-04-13 09:30:00-04:00,41.279998779296875,41.279998779296875,41.127201080322266,41.14189910888672,0,0.0,0.0,0.0
2023-04-13 10:30:00-04:00,41.27799987792969,41.27799987792969,41.275299072265625,41.275299072265625,711,0.0,0.0,0.0
2023-04-13 11:30:00-04:00,41.33000183105469,41.38999938964844,41.33000183105469,41.38999938964844,352,0.0,0.0,0.0
2023-04-13 12:30:00-04:00,41.439998626708984,41.529998779296875,41.439998626708984,41.529998779296875,1224,0.0,0.0,0.0
2023-04-13 13:30:00-04:00,41.487998962402344,41.56999969482422,41.487998962402344,41.5,1966,0.0,0.0,0.0
2023-04-13 14:30:00-04:00,41.54169845581055,41.59000015258789,41.52000045776367,41.52000045776367,7954,0.0,0.0,0.0
2023-04-13 15:30:00-04:00,41.5099983215332,41.529998779296875,41.48619842529297,41.52000045776367,989,0.0,0.0,0.0
2023-04-14 09:30:00-04:00,41.599998474121094,41.88999938964844,41.58000183105469,41.58000183105469,0,0.0,0.0,0.0
2023-04-14 10:30:00-04:00,41.58000183105469,41.58000183105469,41.29800033569336,41.31999969482422,2858,0.0,0.0,0.0
2023-04-14 11:30:00-04:00,41.33000183105469,41.33000183105469,41.19169998168945,41.25,1727,0.0,0.0,0.0
2023-04-14 12:30:00-04:00,41.18000030517578,41.25,41.15999984741211,41.220001220703125,968,0.0,0.0,0.0
2023-04-14 13:30:00-04:00,41.13999938964844,41.20000076293945,41.040000915527344,41.189998626708984,3811,0.0,0.0,0.0
2023-04-14 14:30:00-04:00,41.22999954223633,41.2400016784668,41.18000030517578,41.209999084472656,1834,0.0,0.0,0.0
2023-04-14 15:30:00-04:00,41.23910140991211,41.279998779296875,41.23910140991211,41.279998779296875,3094,0.0,0.0,0.0
2023-04-17 09:30:00-04:00,41.36000061035156,41.48759841918945,41.36000061035156,41.48759841918945,0,0.0,0.0,0.0
2023-04-17 10:30:00-04:00,41.380001068115234,41.428199768066406,41.380001068115234,41.41999816894531,2002,0.0,0.0,0.0
2023-04-17 11:30:00-04:00,41.285499572753906,41.38999938964844,41.285499572753906,41.31050109863281,1964,0.0,0.0,0.0
2023-04-17 12:30:00-04:00,41.38750076293945,41.41999816894531,41.36000061035156,41.37860107421875,1840,0.0,0.0,0.0
2023-04-17 13:30:00-04:00,41.40999984741211,41.40999984741211,41.34989929199219,41.34989929199219,1217,0.0,0.0,0.0
2023-04-17 14:30:00-04:00,41.599998474121094,41.599998474121094,41.529998779296875,41.529998779296875,575,0.0,0.0,0.0
2023-04-17 15:30:00-04:00,41.55500030517578,41.55500030517578,41.52000045776367,41.53379821777344,1785,0.0,0.0,0.0
2023-04-18 09:30:00-04:00,41.75,41.75,41.4640998840332,41.5,0,0.0,0.0,0.0
2023-04-18 10:30:00-04:00,41.45109939575195,41.45109939575195,41.40999984741211,41.439998626708984,1848,0.0,0.0,0.0
2023-04-18 11:30:00-04:00,41.315799713134766,41.38999938964844,41.29999923706055,41.38999938964844,2412,0.0,0.0,0.0
2023-04-18 12:30:00-04:00,41.38999938964844,41.38999938964844,41.34000015258789,41.34000015258789,2504,0.0,0.0,0.0
2023-04-18 13:30:00-04:00,41.310001373291016,41.31999969482422,41.242000579833984,41.268798828125,3438,0.0,0.0,0.0
2023-04-18 14:30:00-04:00,41.331600189208984,41.38999938964844,41.28779983520508,41.290000915527344,1779,0.0,0.0,0.0
2023-04-18 15:30:00-04:00,41.36989974975586,41.42100143432617,41.36000061035156,41.42100143432617,2102,0.0,0.0,0.0
2023-04-19 09:30:00-04:00,41.223201751708984,41.2400016784668,41.18000030517578,41.2400016784668,0,0.0,0.0,0.0
2023-04-19 11:30:00-04:00,41.33380126953125,41.33380126953125,41.33380126953125,41.33380126953125,856,0.0,0.0,0.0
2023-04-19 12:30:00-04:00,41.440399169921875,41.440399169921875,41.440399169921875,41.440399169921875,357,0.0,0.0,0.0
2023-04-19 13:30:00-04:00,41.54899978637695,41.619998931884766,41.54899978637695,41.619998931884766,24871,0.0,0.0,0.0
2023-04-19 14:30:00-04:00,41.609901428222656,41.668399810791016,41.589698791503906,41.62080001831055,2222,0.0,0.0,0.0
2023-04-19 15:30:00-04:00,41.54999923706055,41.54999923706055,41.5099983215332,41.54629898071289,1775,0.0,0.0,0.0
2023-04-20 09:30:00-04:00,41.36000061035156,41.36000061035156,41.36000061035156,41.36000061035156,0,0.0,0.0,0.0
2023-04-20 10:30:00-04:00,41.54999923706055,41.54999923706055,41.52000045776367,41.52000045776367,3757,0.0,0.0,0.0
2023-04-20 11:30:00-04:00,41.3583984375,41.39860153198242,41.3583984375,41.38600158691406,1925,0.0,0.0,0.0
2023-04-20 12:30:00-04:00,41.349998474121094,41.43259811401367,41.349998474121094,41.43259811401367,951,0.0,0.0,0.0
2023-04-20 13:30:00-04:00,41.47999954223633,41.47999954223633,41.40999984741211,41.40999984741211,13093,0.0,0.0,0.0
2023-04-20 14:30:00-04:00,41.33000183105469,41.33000183105469,41.27000045776367,41.27000045776367,3660,0.0,0.0,0.0
2023-04-20 15:30:00-04:00,41.29899978637695,41.3760986328125,41.279998779296875,41.3760986328125,1481,0.0,0.0,0.0
2023-04-21 09:30:00-04:00,41.52000045776367,41.52000045776367,41.279998779296875,41.291900634765625,0,0.0,0.0,0.0
2023-04-21 10:30:00-04:00,41.055999755859375,41.189998626708984,41.055999755859375,41.14899826049805,736,0.0,0.0,0.0
2023-04-21 11:30:00-04:00,41.2400016784668,41.2400016784668,41.15999984741211,41.15999984741211,541,0.0,0.0,0.0
2023-04-21 12:30:00-04:00,41.13999938964844,41.13999938964844,41.13999938964844,41.13999938964844,875,0.0,0.0,0.0
2023-04-21 13:30:00-04:00,41.14500045776367,41.33000183105469,41.14500045776367,41.33000183105469,2525,0.0,0.0,0.0
2023-04-21 14:30:00-04:00,41.28969955444336,41.28969955444336,41.22209930419922,41.22999954223633,1920,0.0,0.0,0.0
2023-04-21 15:30:00-04:00,41.27000045776367,41.292701721191406,41.25,41.25,0,0.0,0.0,0.0
2023-04-24 09:30:00-04:00,41.310001373291016,41.34000015258789,41.26499938964844,41.34000015258789,1988,0.0,0.0,0.0
2023-04-24 10:30:00-04:00,41.13990020751953,41.13990020751953,41.13990020751953,41.13990020751953,0,0.0,0.0,0.0
2023-04-24 11:30:00-04:00,41.046600341796875,41.08539962768555,41.03070068359375,41.03070068359375,4743,0.0,0.0,0.0
2023-04-24 12:30:00-04:00,41.119998931884766,41.119998931884766,41.0880012512207,41.0880012512207,2630,0.0,0.0,0.0
2023-04-24 13:30:00-04:00,41.18989944458008,41.18989944458008,41.18989944458008,41.18989944458008,385,0.0,0.0,0.0
2023-04-24 14:30:00-04:00,41.11000061035156,41.21659851074219,41.109901428222656,41.21659851074219,0,0.0,0.0,0.0
2023-04-25 09:30:00-04:00,40.810001373291016,40.810001373291016,40.689998626708984,40.689998626708984,1616,0.0,0.0,0.0
2023-04-25 10:30:00-04:00,40.601200103759766,40.69779968261719,40.601200103759766,40.670101165771484,2006,0.0,0.0,0.0
2023-04-25 11:30:00-04:00,40.5900993347168,40.5900993347168,40.589900970458984,40.589900970458984,633,0.0,0.0,0.0
2023-04-25 12:30:00-04:00,40.27939987182617,40.29499816894531,40.27939987182617,40.29499816894531,668,0.0,0.0,0.0
2023-04-25 13:30:00-04:00,40.28499984741211,40.34600067138672,40.28499984741211,40.34600067138672,3377,0.0,0.0,0.0
2023-04-25 14:30:00-04:00,40.22999954223633,40.22999954223633,40.22999954223633,40.22999954223633,1004,0.0,0.0,0.0
2023-04-25 15:30:00-04:00,40.36000061035156,40.36000061035156,40.220001220703125,40.220001220703125,497,0.0,0.0,0.0
2023-04-26 09:30:00-04:00,40.08000183105469,40.1349983215332,40.08000183105469,40.12810134887695,3049,0.0,0.0,0.0
2023-04-26 10:30:00-04:00,40.079898834228516,40.130001068115234,40.079898834228516,40.130001068115234,1214,0.0,0.0,0.0
2023-04-26 11:30:00-04:00,40.0452995300293,40.0452995300293,40.0452995300293,40.0452995300293,323,0.0,0.0,0.0
2023-04-26 12:30:00-04:00,39.9900016784668,39.9900016784668,39.9900016784668,39.9900016784668,322,0.0,0.0,0.0
2023-04-26 13:30:00-04:00,39.974998474121094,39.974998474121094,39.8114013671875,39.83359909057617,7333,0.0,0.0,0.0
2023-04-26 14:30:00-04:00,39.82500076293945,39.82500076293945,39.665000915527344,39.6963005065918,2664,0.0,0.0,0.0
2023-04-26 15:30:00-04:00,39.62009811401367,39.77000045776367,39.619998931884766,39.75400161743164,3998,0.0,0.0,0.0
2023-04-27 09:30:00-04:00,39.93000030517578,39.93000030517578,39.81999969482422,39.880001068115234,0,0.0,0.0,0.0
2023-04-27 11:30:00-04:00,39.960899353027344,40.11000061035156,39.960899353027344,40.08219909667969,2082,0.0,0.0,0.0
2023-04-27 12:30:00-04:00,40.09000015258789,40.09000015258789,40.08000183105469,40.08000183105469,1302,0.0,0.0,0.0
2023-04-27 13:30:00-04:00,40.21120071411133,40.21120071411133,40.21120071411133,40.21120071411133,343,0.0,0.0,0.0
2023-04-27 14:30:00-04:00,40.28969955444336,40.28969955444336,40.25,40.27510070800781,908,0.0,0.0,0.0
2023-04-27 15:30:00-04:00,40.25659942626953,40.279998779296875,40.25659942626953,40.279998779296875,0,0.0,0.0,0.0
2023-04-28 09:30:00-04:00,40.29999923706055,40.7599983215332,40.29999923706055,40.7599983215332,2294,0.0,0.0,0.0
2023-04-28 10:30:00-04:00,40.599998474121094,40.665199279785156,40.599998474121094,40.665199279785156,2383,0.0,0.0,0.0
2023-04-28 11:30:00-04:00,40.661800384521484,40.661800384521484,40.619998931884766,40.64500045776367,2943,0.0,0.0,0.0
2023-04-28 12:30:00-04:00,40.625,40.64789962768555,40.58000183105469,40.58000183105469,1278,0.0,0.0,0.0
2023-04-28 13:30:00-04:00,40.65660095214844,40.65660095214844,40.499000549316406,40.499000549316406,3291,0.0,0.0,0.0
2023-04-28 14:30:00-04:00,40.474998474121094,40.54990005493164,40.474998474121094,40.529998779296875,2522,0.0,0.0,0.0
2023-04-28 15:30:00-04:00,40.59629821777344,40.59629821777344,40.54999923706055,40.54999923706055,590,0.0,0.0,0.0
2023-05-01 09:30:00-04:00,40.860599517822266,40.9390983581543,40.804298400878906,40.804298400878906,0,0.0,0.0,0.0
2023-05-01 10:30:00-04:00,40.91230010986328,40.91230010986328,40.689998626708984,40.69219970703125,1151,0.0,0.0,0.0
2023-05-01 11:30:00-04:00,40.67610168457031,40.755001068115234,40.66999816894531,40.755001068115234,2733,0.0,0.0,0.0
2023-05-01 12:30:00-04:00,40.8031005859375,40.8031005859375,40.749000549316406,40.749000549316406,1003,0.0,0.0,0.0
2023-05-01 13:30:00-04:00,40.56570053100586,40.56880187988281,40.56570053100586,40.56880187988281,590,0.0,0.0,0.0
2023-05-01 14:30:00-04:00,40.470001220703125,40.599998474121094,40.43000030517578,40.599998474121094,0,0.0,0.0,0.0
2023-05-02 09:30:00-04:00,40.38999938964844,40.38999938964844,40.07500076293945,40.07500076293945,444,0.0,0.0,0.0
2023-05-02 10:30:00-04:00,39.47999954223633,39.4900016784668,39.400001525878906,39.400001525878906,5394,0.0,0.0,0.0
2023-05-02 11:30:00-04:00,39.52899932861328,39.529998779296875,39.43360137939453,39.45000076293945,0,0.0,0.0,0.0
2023-05-02 12:30:00-04:00,39.689998626708984,39.689998626708984,39.689998626708984,39.689998626708984,15288,0.0,0.0,0.0
2023-05-02 13:30:00-04:00,39.724998474121094,39.744998931884766,39.720001220703125,39.744998931884766,795,0.0,0.0,0.0
2023-05-02 14:30:00-04:00,39.88999938964844,39.95989990234375,39.88999938964844,39.95920181274414,760,0.0,0.0,0.0
2023-05-02 15:30:00-04:00,39.84000015258789,39.95500183105469,39.84000015258789,39.939998626708984,3184,0.0,0.0,0.0
2023-05-03 09:30:00-04:00,40.279998779296875,40.31999969482422,40.18000030517578,40.26210021972656,0,0.0,0.0,0.0
2023-05-03 10:30:00-04:00,40.31999969482422,40.31999969482422,40.0099983215332,40.0099983215332,1159,0.0,0.0,0.0
2023-05-03 11:30:00-04:00,40.099998474121094,40.099998474121094,40.099998474121094,40.099998474121094,282,0.0,0.0,0.0
2023-05-03 12:30:00-04:00,40.2400016784668,40.2400016784668,40.19070053100586,40.19070053100586,551,0.0,0.0,0.0
2023-05-03 13:30:00-04:00,40.2400016784668,40.2400016784668,40.150001525878906,40.150001525878906,2547,0.0,0.0,0.0
2023-05-03 15:30:00-04:00,39.738800048828125,39.738800048828125,39.605201721191406,39.68000030517578,8094,0.0,0.0,0.0
2023-05-04 09:30:00-04:00,39.43000030517578,39.43000030517578,39.0,39.0,0,0.0,0.0,0.0
2023-05-04 10:30:00-04:00,38.86000061035156,38.900001525878906,38.84000015258789,38.900001525878906,2384,0.0,0.0,0.0
2023-05-04 11:30:00-04:00,38.900001525878906,38.93000030517578,38.810001373291016,38.900001525878906,14206,0.0,0.0,0.0
2023-05-04 12:30:00-04:00,39.030399322509766,39.15999984741211,39.030399322509766,39.15999984741211,781,0.0,0.0,0.0
2023-05-04 13:30:00-04:00,39.13999938964844,39.150001525878906,39.06399917602539,39.08000183105469,3022,0.0,0.0,0.0
2023-05-04 14:30:00-04:00,38.970001220703125,39.13999938964844,38.939998626708984,39.029998779296875,4443,0.0,0.0,0.0
2023-05-04 15:30:00-04:00,39.06999969482422,39.06999969482422,39.03089904785156,39.03089904785156,0,0.0,0.0,0.0
2023-05-05 09:30:00-04:00,39.7599983215332,39.7599983215332,39.7599983215332,39.7599983215332,1257,0.0,0.0,0.0
2023-05-05 10:30:00-04:00,39.79999923706055,39.79999923706055,39.77000045776367,39.77000045776367,1280,0.0,0.0,0.0
2023-05-05 11:30:00-04:00,39.869998931884766,39.880001068115234,39.8390007019043,39.880001068115234,1395,0.0,0.0,0.0
2023-05-05 12:30:00-04:00,39.79999923706055,39.849998474121094,39.78120040893555,39.849998474121094,3600,0.0,0.0,0.0
2023-05-05 13:30:00-04:00,39.89149856567383,39.929901123046875,39.89149856567383,39.924198150634766,739,0.0,0.0,0.0
2023-05-05 14:30:00-04:00,40.1150016784668,40.1150016784668,40.097999572753906,40.097999572753906,1461,0.0,0.0,0.0
2023-05-05 15:30:00-04:00,40.08000183105469,40.08000183105469,40.04899978637695,40.04899978637695,0,0.0,0.0,0.0
2023-05-08 09:30:00-04:00,40.22999954223633,40.22999954223633,39.94940185546875,39.96969985961914,1623,0.0,0.0,0.0
2023-05-08 10:30:00-04:00,39.96730041503906,39.96730041503906,39.96730041503906,39.96730041503906,0,0.0,0.0,0.0
2023-05-08 11:30:00-04:00,39.86000061035156,39.86000061035156,39.79999923706055,39.79999923706055,3384,0.0,0.0,0.0
2023-05-08 12:30:00-04:00,39.839900970458984,39.839900970458984,39.7400016784668,39.7400016784668,956,0.0,0.0,0.0
2023-05-08 13:30:00-04:00,39.790000915527344,39.790000915527344,39.7400016784668,39.7400016784668,826,0.0,0.0,0.0
2023-05-08 14:30:00-04:00,39.9286003112793,39.9286003112793,39.9286003112793,39.9286003112793,666,0.0,0.0,0.0
2023-05-08 15:30:00-04:00,39.900001525878906,39.93000030517578,39.869998931884766,39.93000030517578,661,0.0,0.0,0.0
2023-05-09 09:30:00-04:00,39.66999816894531,39.66999816894531,39.575801849365234,39.597801208496094,0,0.0,0.0,0.0
2023-05-09 10:30:00-04:00,39.6526985168457,39.67499923706055,39.6526985168457,39.67499923706055,1188,0.0,0.0,0.0
2023-05-09 11:30:00-04:00,39.650901794433594,39.67499923706055,39.630001068115234,39.669498443603516,1216,0.0,0.0,0.0
2023-05-09 12:30:00-04:00,39.63999938964844,39.720001220703125,39.63999938964844,39.6890983581543,549,0.0,0.0,0.0
2023-05-09 13:30:00-04:00,39.720001220703125,39.720001220703125,39.720001220703125,39.720001220703125,247,0.0,0.0,0.0
2023-05-09 14:30:00-04:00,39.73500061035156,39.75,39.7338981628418,39.7338981628418,1551,0.0,0.0,0.0
2023-05-09 15:30:00-04:00,39.7400016784668,39.7400016784668,39.63999938964844,39.68000030517578,654,0.0,0.0,0.0
2023-05-10 09:30:00-04:00,39.86989974975586,39.86989974975586,39.864200592041016,39.864200592041016,0,0.0,0.0,0.0
2023-05-10 11:30:00-04:00,39.63010025024414,39.63010025024414,39.63010025024414,39.63010025024414,346,0.0,0.0,0.0
2023-05-10 12:30:00-04:00,39.56919860839844,39.56919860839844,39.474998474121094,39.5,1423,0.0,0.0,0.0
2023-05-10 13:30:00-04:00,39.419498443603516,39.56999969482422,39.419498443603516,39.56999969482422,523,0.0,0.0,0.0
2023-05-10 14:30:00-04:00,39.59000015258789,39.6708984375,39.59000015258789,39.619998931884766,0,0.0,0.0,0.0
2023-05-10 15:30:00-04:00,39.81999969482422,39.84000015258789,39.720001220703125,39.77000045776367,8191,0.0,0.0,0.0
2023-05-11 09:30:00-04:00,39.560001373291016,39.619998931884766,39.42499923706055,39.470001220703125,0,0.0,0.0,0.0
2023-05-11 10:30:00-04:00,39.39970016479492,39.43000030517578,39.33330154418945,39.36000061035156,1523,0.0,0.0,0.0
2023-05-11 11:30:00-04:00,39.45000076293945,39.45000076293945,39.41999816894531,39.41999816894531,514,0.0,0.0,0.0
2023-05-11 12:30:00-04:00,39.459999084472656,39.459999084472656,39.349998474121094,39.349998474121094,952,0.0,0.0,0.0
2023-05-11 14:30:00-04:00,39.45500183105469,39.45500183105469,39.410099029541016,39.410099029541016,273,0.0,0.0,0.0
2023-05-11 15:30:00-04:00,39.47999954223633,39.5099983215332,39.47999954223633,39.4900016784668,450,0.0,0.0,0.0
2023-05-12 09:30:00-04:00,39.54999923706055,39.54999923706055,39.54999923706055,39.54999923706055,0,0.0,0.0,0.0
2023-05-12 10:30:00-04:00,39.39500045776367,39.39500045776367,39.35499954223633,39.35499954223633,761,0.0,0.0,0.0
2023-05-12 11:30:00-04:00,39.3307991027832,39.36000061035156,39.26789855957031,39.26789855957031,0,0.0,0.0,0.0
2023-05-12 12:30:00-04:00,39.25149917602539,39.349998474121094,39.223899841308594,39.349998474121094,2566,0.0,0.0,0.0
2023-05-12 13:30:00-04:00,39.32500076293945,39.36000061035156,39.19499969482422,39.25,1406,0.0,0.0,0.0
2023-05-12 14:30:00-04:00,39.209999084472656,39.39500045776367,39.209999084472656,39.39500045776367,1503,0.0,0.0,0.0
2023-05-15 09:30:00-04:00,39.576698303222656,39.630001068115234,39.576698303222656,39.630001068115234,0,0.0,0.0,0.0
2023-05-15 10:30:00-04:00,39.68000030517578,39.68000030517578,39.68000030517578,39.68000030517578,274,0.0,0.0,0.0
2023-05-15 11:30:00-04:00,39.68000030517578,39.70000076293945,39.63010025024414,39.665000915527344,1966,0.0,0.0,0.0
2023-05-15 12:30:00-04:00,39.90620040893555,39.90620040893555,39.85459899902344,39.85459899902344,788,0.0,0.0,0.0
2023-05-15 13:30:00-04:00,39.81999969482422,39.81999969482422,39.75,39.75,1891,0.0,0.0,0.0
2023-05-15 14:30:00-04:00,39.720001220703125,39.79999923706055,39.720001220703125,39.7599983215332,6610,0.0,0.0,0.0
2023-05-15 15:30:00-04:00,39.7599983215332,39.81999969482422,39.7400016784668,39.78340148925781,2645,0.0,0.0,0.0
2023-05-16 09:30:00-04:00,39.66999816894531,39.66999816894531,39.25,39.25,2643,0.0,0.0,0.0
2023-05-16 10:30:00-04:00,39.31999969482422,39.439998626708984,39.310001373291016,39.369998931884766,3137,0.0,0.0,0.0
2023-05-16 11:30:00-04:00,39.439998626708984,39.47999954223633,39.40999984741211,39.40999984741211,2196,0.0,0.0,0.0
2023-05-16 12:30:00-04:00,39.40999984741211,39.52000045776367,39.400001525878906,39.52000045776367,2600,0.0,0.0,0.0
2023-05-16 13:30:00-04:00,39.389198303222656,39.389198303222656,39.29999923706055,39.33169937133789,504,0.0,0.0,0.0
2023-05-16 14:30:00-04:00,39.38999938964844,39.38999938964844,39.38999938964844,39.38999938964844,505,0.0,0.0,0.0
2023-05-16 15:30:00-04:00,39.40010070800781,39.40010070800781,39.2599983215332,39.2599983215332,4125,0.0,0.0,0.0
2023-05-17 09:30:00-04:00,39.470001220703125,39.470001220703125,39.43899917602539,39.43899917602539,0,0.0,0.0,0.0
2023-05-17 10:30:00-04:00,39.57500076293945,39.689998626708984,39.57500076293945,39.689998626708984,1860,0.0,0.0,0.0
2023-05-17 11:30:00-04:00,39.834999084472656,39.834999084472656,39.834999084472656,39.834999084472656,933,0.0,0.0,0.0
2023-05-17 12:30:00-04:00,40.15999984741211,40.15999984741211,40.117801666259766,40.117801666259766,342,0.0,0.0,0.0
2023-05-17 13:30:00-04:00,40.19990158081055,40.19990158081055,40.112098693847656,40.112098693847656,398,0.0,0.0,0.0
2023-05-17 14:30:00-04:00,40.154598236083984,40.189998626708984,40.154598236083984,40.189998626708984,1407,0.0,0.0,0.0
2023-05-17 15:30:00-04:00,40.15999984741211,40.220001220703125,40.15999984741211,40.189998626708984,0,0.0,0.0,0.0
2023-05-18 09:30:00-04:00,40.13999938964844,40.150001525878906,39.97809982299805,40.150001525878906,0,0.0,0.0,0.0
2023-05-18 10:30:00-04:00,40.3286018371582,40.3286018371582,40.28499984741211,40.28499984741211,2947,0.0,0.0,0.0
2023-05-18 11:30:00-04:00,40.37200164794922,40.37200164794922,40.260799407958984,40.260799407958984,2985,0.0,0.0,0.0
2023-05-18 12:30:00-04:00,40.150001525878906,40.29999923706055,40.130001068115234,40.27000045776367,1198,0.0,0.0,0.0
2023-05-18 13:30:00-04:00,40.200199127197266,40.220001220703125,40.200199127197266,40.220001220703125,901,0.0,0.0,0.0
2023-05-18 14:30:00-04:00,40.380001068115234,40.470001220703125,40.380001068115234,40.41460037231445,1983,0.0,0.0,0.0
2023-05-18 15:30:00-04:00,40.529998779296875,40.66999816894531,40.52000045776367,40.56999969482422,2506,0.0,0.0,0.0
2023-05-19 09:30:00-04:00,40.573001861572266,40.573001861572266,40.53990173339844,40.53990173339844,0,0.0,0.0,0.0
2023-05-19 10:30:00-04:00,40.44729995727539,40.4900016784668,40.44729995727539,40.4900016784668,1466,0.0,0.0,0.0
2023-05-19 11:30:00-04:00,40.023399353027344,40.18000030517578,40.023399353027344,40.18000030517578,1165,0.0,0.0,0.0
2023-05-19 12:30:00-04:00,40.184898376464844,40.184898376464844,40.184898376464844,40.184898376464844,881,0.0,0.0,0.0
2023-05-19 13:30:00-04:00,40.130001068115234,40.130001068115234,40.064998626708984,40.064998626708984,400,0.0,0.0,0.0
2023-05-19 14:30:00-04:00,40.09149932861328,40.173301696777344,40.09149932861328,40.161598205566406,1382,0.0,0.0,0.0
2023-05-19 15:30:00-04:00,40.19499969482422,40.19499969482422,40.19499969482422,40.19499969482422,0,0.0,0.0,0.0
2023-05-22 09:30:00-04:00,40.27989959716797,40.27989959716797,40.20500183105469,40.20500183105469,833,0.0,0.0,0.0
2023-05-22 10:30:00-04:00,40.24879837036133,40.27000045776367,40.19499969482422,40.27000045776367,3125,0.0,0.0,0.0
2023-05-22 11:30:00-04:00,40.4900016784668,40.4900016784668,40.4900016784668,40.4900016784668,625,0.0,0.0,0.0
2023-05-22 12:30:00-04:00,40.48550033569336,40.50189971923828,40.48550033569336,40.50189971923828,1107,0.0,0.0,0.0
2023-05-22 13:30:00-04:00,40.41999816894531,40.5098991394043,40.41999816894531,40.447200775146484,1068,0.0,0.0,0.0
2023-05-22 14:30:00-04:00,40.56999969482422,40.56999969482422,40.380001068115234,40.380001068115234,0,0.0,0.0,0.0
2023-05-23 09:30:00-04:00,40.41999816894531,40.63999938964844,40.224998474121094,40.63999938964844,2429,0.0,0.0,0.0
2023-05-23 10:30:00-04:00,40.810001373291016,40.810001373291016,40.65739822387695,40.7400016784668,1723,0.0,0.0,0.0
2023-05-23 11:30:00-04:00,40.80509948730469,40.83000183105469,40.65999984741211,40.65999984741211,7079,0.0,0.0,0.0
2023-05-23 12:30:00-04:00,40.69499969482422,40.69499969482422,40.66999816894531,40.66999816894531,1027,0.0,0.0,0.0
2023-05-23 13:30:00-04:00,40.599998474121094,40.599998474121094,40.44020080566406,40.44020080566406,629,0.0,0.0,0.0
2023-05-23 14:30:00-04:00,40.439998626708984,40.47999954223633,40.404998779296875,40.47999954223633,1562,0.0,0.0,0.0
2023-05-23 15:30:00-04:00,40.433799743652344,40.433799743652344,40.380001068115234,40.380001068115234,2609,0.0,0.0,0.0
2023-05-24 09:30:00-04:00,40.06999969482422,40.06999969482422,39.70500183105469,39.70500183105469,0,0.0,0.0,0.0
2023-05-24 10:30:00-04:00,39.792999267578125,39.84000015258789,39.792999267578125,39.810001373291016,1169,0.0,0.0,0.0
2023-05-24 11:30:00-04:00,39.755001068115234,39.77859878540039,39.667999267578125,39.697200775146484,3761,0.0,0.0,0.0
2023-05-24 12:30:00-04:00,39.62110137939453,39.72999954223633,39.62110137939453,39.650001525878906,3468,0.0,0.0,0.0
2023-05-24 13:30:00-04:00,39.654998779296875,39.654998779296875,39.654998779296875,39.654998779296875,0,0.0,0.0,0.0
2023-05-24 14:30:00-04:00,39.679901123046875,39.78010177612305,39.679901123046875,39.78010177612305,13845,0.0,0.0,0.0
2023-05-24 15:30:00-04:00,39.760101318359375,39.760101318359375,39.70000076293945,39.70000076293945,0,0.0,0.0,0.0
2023-05-25 09:30:00-04:00,39.599998474121094,39.68000030517578,39.58000183105469,39.67570114135742,0,0.0,0.0,0.0
2023-05-25 10:30:00-04:00,39.31050109863281,39.31050109863281,39.224998474121094,39.224998474121094,1550,0.0,0.0,0.0
2023-05-25 11:30:00-04:00,39.150001525878906,39.150001525878906,39.14500045776367,39.14500045776367,420,0.0,0.0,0.0
2023-05-25 12:30:00-04:00,39.2775993347168,39.37799835205078,39.249900817871094,39.37799835205078,585,0.0,0.0,0.0
2023-05-25 13:30:00-04:00,39.38999938964844,39.38999938964844,39.37929916381836,39.37929916381836,505,0.0,0.0,0.0
2023-05-25 14:30:00-04:00,39.33440017700195,39.33440017700195,39.33440017700195,39.33440017700195,1742,0.0,0.0,0.0
2023-05-25 15:30:00-04:00,39.443199157714844,39.459999084472656,39.380001068115234,39.40330123901367,0,0.0,0.0,0.0
2023-05-26 09:30:00-04:00,39.470001220703125,39.58000183105469,39.467498779296875,39.54669952392578,2747,0.0,0.0,0.0
2023-05-26 10:30:00-04:00,39.5984992980957,39.5984992980957,39.579898834228516,39.579898834228516,1245,0.0,0.0,0.0
2023-05-26 12:30:00-04:00,39.779998779296875,39.779998779296875,39.68159866333008,39.68159866333008,897,0.0,0.0,0.0
2023-05-26 13:30:00-04:00,39.66999816894531,39.72560119628906,39.656700134277344,39.65999984741211,2256,0.0,0.0,0.0
2023-05-26 14:30:00-04:00,39.709999084472656,39.71979904174805,39.709999084472656,39.71979904174805,401,0.0,0.0,0.0
2023-05-26 15:30:00-04:00,39.7239990234375,39.89500045776367,39.7224006652832,39.7224006652832,638,0.0,0.0,0.0
2023-05-30 09:30:00-04:00,39.810001373291016,39.810001373291016,39.5,39.5,0,0.0,0.0,0.0
2023-05-30 10:30:00-04:00,39.52989959716797,39.52989959716797,39.4192008972168,39.4192008972168,1380,0.0,0.0,0.0
2023-05-30 11:30:00-04:00,39.474998474121094,39.51959991455078,39.44620132446289,39.44620132446289,2286,0.0,0.0,0.0
2023-05-30 12:30:00-04:00,39.505001068115234,39.505001068115234,39.505001068115234,39.505001068115234,838,0.0,0.0,0.0
2023-05-30 13:30:00-04:00,39.45000076293945,39.52000045776367,39.45000076293945,39.52000045776367,677,0.0,0.0,0.0
2023-05-30 14:30:00-04:00,39.540000915527344,39.540000915527344,39.45140075683594,39.5,2018,0.0,0.0,0.0
2023-05-30 15:30:00-04:00,39.560001373291016,39.560001373291016,39.47999954223633,39.5099983215332,1410,0.0,0.0,0.0
2023-05-31 09:30:00-04:00,39.369998931884766,39.369998931884766,38.939998626708984,38.939998626708984,0,0.0,0.0,0.0
2023-05-31 10:30:00-04:00,38.8494987487793,38.8494987487793,38.779998779296875,38.810001373291016,1019,0.0,0.0,0.0
2023-05-31 11:30:00-04:00,38.67499923706055,38.7318000793457,38.67499923706055,38.7318000793457,3625,0.0,0.0,0.0
2023-05-31 12:30:00-04:00,38.74340057373047,38.74340057373047,38.74340057373047,38.74340057373047,206,0.0,0.0,0.0
2023-05-31 14:30:00-04:00,38.949501037597656,38.949501037597656,38.845001220703125,38.845001220703125,1278,0.0,0.0,0.0
2023-05-31 15:30:00-04:00,38.970001220703125,38.970001220703125,38.880001068115234,38.880001068115234,536,0.0,0.0,0.0
2023-06-01 09:30:00-04:00,38.959999084472656,38.959999084472656,38.77000045776367,38.869998931884766,1891,0.0,0.0,0.0
2023-06-01 10:30:00-04:00,39.1599006652832,39.18090057373047,39.08000183105469,39.18090057373047,1196,0.0,0.0,0.0
2023-06-01 11:30:00-04:00,39.2599983215332,39.3296012878418,39.2599983215332,39.290000915527344,672,0.0,0.0,0.0
2023-06-01 12:30:00-04:00,39.268001556396484,39.27000045776367,39.268001556396484,39.27000045776367,539,0.0,0.0,0.0
2023-06-01 13:30:00-04:00,39.242000579833984,39.2943000793457,39.242000579833984,39.2943000793457,2447,0.0,0.0,0.0
2023-06-01 14:30:00-04:00,39.290000915527344,39.29499816894531,39.219398498535156,39.27730178833008,3020,0.0,0.0,0.0
2023-06-01 15:30:00-04:00,39.25,39.279998779296875,39.220001220703125,39.220001220703125,935,0.0,0.0,0.0
2023-06-02 09:30:00-04:00,39.74729919433594,40.10499954223633,39.74729919433594,40.10499954223633,0,0.0,0.0,0.0
2023-06-02 10:30:00-04:00,40.24810028076172,40.24810028076172,40.24810028076172,40.24810028076172,451,0.0,0.0,0.0
2023-06-02 11:30:00-04:00,40.5,40.5,40.43949890136719,40.43949890136719,657,0.0,0.0,0.0
2023-06-02 12:30:00-04:00,40.63999938964844,40.63999938964844,40.63999938964844,40.63999938964844,589,0.0,0.0,0.0
2023-06-02 13:30:00-04:00,40.760799407958984,40.837501525878906,40.7577018737793,40.7577018737793,1774,0.0,0.0,0.0
2023-06-02 14:30:00-04:00,40.84299850463867,40.90999984741211,40.84299850463867,40.90999984741211,858,0.0,0.0,0.0
2023-06-02 15:30:00-04:00,40.939998626708984,40.95500183105469,40.91999816894531,40.95500183105469,1148,0.0,0.0,0.0
2023-06-05 09:30:00-04:00,40.86000061035156,40.99380111694336,40.16999816894531,40.16999816894531,0,0.0,0.0,0.0
2023-06-05 10:30:00-04:00,40.16999816894531,40.28990173339844,40.16999816894531,40.28990173339844,345,0.0,0.0,0.0
2023-06-05 11:30:00-04:00,40.375,40.470001220703125,40.33000183105469,40.400001525878906,2369,0.0,0.0,0.0
2023-06-05 12:30:00-04:00,40.529998779296875,40.529998779296875,40.451698303222656,40.479698181152344,1541,0.0,0.0,0.0
2023-06-05 13:30:00-04:00,40.38199996948242,40.38199996948242,40.326900482177734,40.326900482177734,1456,0.0,0.0,0.0
2023-06-05 14:30:00-04:00,40.2400016784668,40.25,40.21200180053711,40.21200180053711,3578,0.0,0.0,0.0
2023-06-05 15:30:00-04:00,40.29999923706055,40.310001373291016,40.26499938964844,40.290000915527344,2597,0.0,0.0,0.0
2023-06-06 09:30:00-04:00,40.15999984741211,41.02000045776367,40.15999984741211,41.02000045776367,0,0.0,0.0,0.0
2023-06-06 10:30:00-04:00,41.084598541259766,41.38100051879883,41.07500076293945,41.38100051879883,1615,0.0,0.0,0.0
2023-06-06 11:30:00-04:00,41.56999969482422,41.56999969482422,41.56999969482422,41.56999969482422,444,0.0,0.0,0.0
2023-06-06 12:30:00-04:00,41.40999984741211,41.40999984741211,41.359901428222656,41.359901428222656,1230,0.0,0.0,0.0
2023-06-06 13:30:00-04:00,41.38059997558594,41.38059997558594,41.29999923706055,41.29999923706055,1829,0.0,0.0,0.0
2023-06-06 14:30:00-04:00,41.3849983215332,41.45000076293945,41.3849983215332,41.439998626708984,28991,0.0,0.0,0.0
2023-06-06 15:30:00-04:00,41.5,41.56999969482422,41.459999084472656,41.459999084472656,4486,0.0,0.0,0.0
2023-06-07 09:30:00-04:00,41.779998779296875,42.3849983215332,41.779998779296875,42.2494010925293,0,0.0,0.0,0.0
2023-06-07 10:30:00-04:00,42.33649826049805,42.40999984741211,42.22999954223633,42.40999984741211,2010,0.0,0.0,0.0
2023-06-07 11:30:00-04:00,42.45500183105469,42.459999084472656,42.36309814453125,42.439998626708984,1064,0.0,0.0,0.0
2023-06-07 12:30:00-04:00,42.494998931884766,42.529998779296875,42.494998931884766,42.529998779296875,356,0.0,0.0,0.0
2023-06-07 13:30:00-04:00,42.3849983215332,42.55839920043945,42.3849983215332,42.55839920043945,1268,0.0,0.0,0.0
2023-06-07 14:30:00-04:00,42.599998474121094,42.65999984741211,42.599998474121094,42.630001068115234,5082,0.0,0.0,0.0
2023-06-07 15:30:00-04:00,42.66339874267578,42.70000076293945,42.64039993286133,42.64039993286133,1466,0.0,0.0,0.0
2023-06-08 09:30:00-04:00,42.560001373291016,42.560001373291016,42.119998931884766,42.119998931884766,0,0.0,0.0,0.0
2023-06-08 10:30:00-04:00,42.157798767089844,42.157798767089844,42.00299835205078,42.00299835205078,2223,0.0,0.0,0.0
2023-06-08 11:30:00-04:00,42.25740051269531,42.290000915527344,42.14139938354492,42.259300231933594,2791,0.0,0.0,0.0
2023-06-08 12:30:00-04:00,42.329898834228516,42.47930145263672,42.329898834228516,42.47930145263672,576,0.0,0.0,0.0
2023-06-08 13:30:00-04:00,42.39979934692383,42.39979934692383,42.339500427246094,42.339500427246094,1249,0.0,0.0,0.0
2023-06-08 14:30:00-04:00,42.46500015258789,42.46500015258789,42.37730026245117,42.37730026245117,1374,0.0,0.0,0.0
2023-06-08 15:30:00-04:00,42.37810134887695,42.37810134887695,42.33829879760742,42.37810134887695,2000,0.0,0.0,0.0
2023-06-09 09:30:00-04:00,42.14310073852539,42.23640060424805,42.08000183105469,42.23640060424805,0,0.0,0.0,0.0
2023-06-09 10:30:00-04:00,42.220001220703125,42.32899856567383,41.9900016784668,41.9900016784668,2571,0.0,0.0,0.0
2023-06-09 11:30:00-04:00,42.03889846801758,42.04499816894531,42.03889846801758,42.04499816894531,1159,0.0,0.0,0.0
2023-06-09 12:30:00-04:00,42.040000915527344,42.060001373291016,41.9900016784668,41.9900016784668,2228,0.0,0.0,0.0
2023-06-09 14:30:00-04:00,41.98059844970703,42.0099983215332,41.98059844970703,42.0088005065918,1518,0.0,0.0,0.0
2023-06-12 09:30:00-04:00,42.119998931884766,42.29999923706055,42.02000045776367,42.189998626708984,8010,0.0,0.0,0.0
2023-06-12 10:30:00-04:00,42.040000915527344,42.040000915527344,41.9900016784668,42.02799987792969,482,0.0,0.0,0.0
2023-06-12 11:30:00-04:00,42.0989990234375,42.119998931884766,42.0989990234375,42.119998931884766,1693,0.0,0.0,0.0
2023-06-12 12:30:00-04:00,42.125,42.125,42.125,42.125,316,0.0,0.0,0.0
2023-06-12 13:30:00-04:00,42.03499984741211,42.13999938964844,42.03499984741211,42.12799835205078,4964,0.0,0.0,0.0
2023-06-12 15:30:00-04:00,42.16999816894531,42.16999816894531,42.06570053100586,42.06570053100586,818,0.0,0.0,0.0
2023-06-13 09:30:00-04:00,42.209999084472656,42.720001220703125,42.130001068115234,42.720001220703125,8138,0.0,0.0,0.0
2023-06-13 10:30:00-04:00,42.71989822387695,42.71989822387695,42.486698150634766,42.52000045776367,1323,0.0,0.0,0.0
2023-06-13 11:30:00-04:00,42.47999954223633,42.519901275634766,42.45500183105469,42.519901275634766,2035,0.0,0.0,0.0
2023-06-13 12:30:00-04:00,42.53889846801758,42.598201751708984,42.53889846801758,42.598201751708984,1193,0.0,0.0,0.0
2023-06-13 13:30:00-04:00,42.45000076293945,42.45000076293945,42.45000076293945,42.45000076293945,249,0.0,0.0,0.0
2023-06-13 14:30:00-04:00,42.578800201416016,42.578800201416016,42.578800201416016,42.578800201416016,167,0.0,0.0,0.0
2023-06-13 15:30:00-04:00,42.560001373291016,42.560001373291016,42.4900016784668,42.4900016784668,0,0.0,0.0,0.0
2023-06-14 09:30:00-04:00,42.599998474121094,42.81999969482422,42.470001220703125,42.470001220703125,8151,0.0,0.0,0.0
2023-06-14 10:30:00-04:00,42.5099983215332,42.59389877319336,42.5099983215332,42.59389877319336,1346,0.0,0.0,0.0
2023-06-14 12:30:00-04:00,42.566001892089844,42.566001892089844,42.47119903564453,42.529998779296875,754,0.0,0.0,0.0
2023-06-14 13:30:00-04:00,42.3849983215332,42.3849983215332,42.3849983215332,42.3849983215332,481,0.0,0.0,0.0
2023-06-14 14:30:00-04:00,42.28670120239258,42.394798278808594,42.28670120239258,42.36589813232422,1502,0.0,0.0,0.0
2023-06-14 15:30:00-04:00,42.13560104370117,42.13560104370117,42.13560104370117,42.13560104370117,0,0.0,0.0,0.0
2023-06-15 09:30:00-04:00,42.19499969482422,42.2599983215332,42.19499969482422,42.2400016784668,10082,0.0,0.0,0.0
2023-06-15 10:30:00-04:00,42.179901123046875,42.179901123046875,42.13999938964844,42.13999938964844,690,0.0,0.0,0.0
2023-06-15 11:30:00-04:00,42.2510986328125,42.2510986328125,42.1859016418457,42.1859016418457,933,0.0,0.0,0.0
2023-06-15 12:30:00-04:00,42.21780014038086,42.21780014038086,42.20000076293945,42.21620178222656,716,0.0,0.0,0.0
2023-06-15 13:30:00-04:00,42.34000015258789,42.349998474121094,42.34000015258789,42.34000015258789,4890,0.0,0.0,0.0
2023-06-15 14:30:00-04:00,42.45880126953125,42.52000045776367,42.45880126953125,42.52000045776367,2224,0.0,0.0,0.0
2023-06-15 15:30:00-04:00,42.59000015258789,42.59000015258789,42.51300048828125,42.51300048828125,3795,0.0,0.0,0.0
2023-06-16 09:30:00-04:00,42.66999816894531,42.66999816894531,42.334999084472656,42.34000015258789,1524,0.0,0.0,0.0
2023-06-16 10:30:00-04:00,42.20000076293945,42.20000076293945,42.04999923706055,42.04999923706055,450,0.0,0.0,0.0
2023-06-16 11:30:00-04:00,42.15599822998047,42.15599822998047,42.064998626708984,42.13819885253906,1312,0.0,0.0,0.0
2023-06-16 12:30:00-04:00,42.27000045776367,42.27000045776367,42.27000045776367,42.27000045776367,374,0.0,0.0,0.0
2023-06-16 13:30:00-04:00,42.12030029296875,42.17499923706055,42.12030029296875,42.17499923706055,553,0.0,0.0,0.0
2023-06-16 14:30:00-04:00,42.11000061035156,42.11000061035156,42.09090042114258,42.09090042114258,2672,0.0,0.0,0.0
2023-06-16 15:30:00-04:00,42.22999954223633,42.25,42.22999954223633,42.25,235,0.0,0.0,0.0
2023-06-20 09:30:00-04:00,42.11000061035156,42.11000061035156,41.974998474121094,42.094200134277344,0,0.0,0.0,0.0
2023-06-20 10:30:00-04:00,41.88999938964844,41.88999938964844,41.88999938964844,41.88999938964844,11889,0.0,0.0,0.0
2023-06-20 12:30:00-04:00,42.08000183105469,42.08000183105469,42.08000183105469,42.08000183105469,257,0.0,0.0,0.0
2023-06-20 14:30:00-04:00,42.06999969482422,42.080501556396484,42.0015983581543,42.0015983581543,0,0.0,0.0,0.0
2023-06-21 09:30:00-04:00,41.72999954223633,41.98500061035156,41.72999954223633,41.98500061035156,1525,0.0,0.0,0.0
2023-06-21 10:30:00-04:00,42.029998779296875,42.12200164794922,42.029998779296875,42.12200164794922,427,0.0,0.0,0.0
2023-06-21 11:30:00-04:00,42.14540100097656,42.14540100097656,42.14540100097656,42.14540100097656,443,0.0,0.0,0.0
2023-06-21 12:30:00-04:00,42.10820007324219,42.10820007324219,42.099998474121094,42.099998474121094,1916,0.0,0.0,0.0
2023-06-21 13:30:00-04:00,42.18009948730469,42.20859909057617,42.18009948730469,42.20859909057617,693,0.0,0.0,0.0
2023-06-21 14:30:00-04:00,42.33319854736328,42.33319854736328,42.222801208496094,42.222801208496094,1388,0.0,0.0,0.0
2023-06-21 15:30:00-04:00,42.15999984741211,42.18080139160156,42.099700927734375,42.099700927734375,586,0.0,0.0,0.0
2023-06-22 09:30:00-04:00,42.08000183105469,42.08000183105469,41.560001373291016,41.63010025024414,2517,0.0,0.0,0.0
2023-06-22 10:30:00-04:00,41.77360153198242,41.77360153198242,41.56999969482422,41.56999969482422,1680,0.0,0.0,0.0
2023-06-22 11:30:00-04:00,41.675899505615234,41.675899505615234,41.675899505615234,41.675899505615234,500,0.0,0.0,0.0
2023-06-22 12:30:00-04:00,41.65610122680664,41.65610122680664,41.600101470947266,41.600101470947266,1081,0.0,0.0,0.0
2023-06-22 13:30:00-04:00,41.63990020751953,41.63990020751953,41.59000015258789,41.607601165771484,1413,0.0,0.0,0.0
2023-06-22 14:30:00-04:00,41.71500015258789,41.71500015258789,41.685298919677734,41.685298919677734,2230,0.0,0.0,0.0
2023-06-22 15:30:00-04:00,41.56999969482422,41.599998474121094,41.565799713134766,41.5797004699707,1587,0.0,0.0,0.0
2023-06-23 09:30:00-04:00,41.20000076293945,41.35499954223633,41.189998626708984,41.30379867553711,6693,0.0,0.0,0.0
2023-06-23 10:30:00-04:00,41.380001068115234,41.380001068115234,41.119998931884766,41.14950180053711,2442,0.0,0.0,0.0
2023-06-23 11:30:00-04:00,41.119998931884766,41.149898529052734,41.119998931884766,41.119998931884766,511,0.0,0.0,0.0
2023-06-23 12:30:00-04:00,41.169498443603516,41.169498443603516,41.06999969482422,41.128299713134766,50353,0.0,0.0,0.0
2023-06-23 13:30:00-04:00,41.14500045776367,41.189998626708984,41.02690124511719,41.06269836425781,4009,0.0,0.0,0.0
2023-06-23 14:30:00-04:00,40.9807014465332,40.9807014465332,40.79999923706055,40.79999923706055,1000,0.0,0.0,0.0
2023-06-23 15:30:00-04:00,40.810001373291016,40.81999969482422,40.79999923706055,40.808799743652344,2160,0.0,0.0,0.0
2023-06-26 09:30:00-04:00,41.310001373291016,41.310001373291016,41.16630172729492,41.16630172729492,0,0.0,0.0,0.0
2023-06-26 10:30:00-04:00,41.02000045776367,41.02000045776367,41.02000045776367,41.02000045776367,1446,0.0,0.0,0.0
2023-06-26 11:30:00-04:00,41.194400787353516,41.22249984741211,41.130001068115234,41.130001068115234,918,0.0,0.0,0.0
2023-06-26 12:30:00-04:00,41.02289962768555,41.21139907836914,41.02289962768555,41.181400299072266,2344,0.0,0.0,0.0
2023-06-26 13:30:00-04:00,41.18000030517578,41.22439956665039,41.18000030517578,41.22439956665039,502,0.0,0.0,0.0
2023-06-26 14:30:00-04:00,41.2400016784668,41.29999923706055,41.22019958496094,41.288700103759766,1665,0.0,0.0,0.0
2023-06-26 15:30:00-04:00,41.28379821777344,41.310001373291016,41.279998779296875,41.279998779296875,3313,0.0,0.0,0.0
2023-06-27 09:30:00-04:00,41.150001525878906,41.45000076293945,41.150001525878906,41.439998626708984,1405,0.0,0.0,0.0
2023-06-27 10:30:00-04:00,41.469200134277344,41.66999816894531,41.469200134277344,41.66999816894531,543,0.0,0.0,0.0
2023-06-27 11:30:00-04:00,41.67850112915039,41.7599983215332,41.6150016784668,41.7599983215332,1583,0.0,0.0,0.0
2023-06-27 12:30:00-04:00,41.80500030517578,41.80500030517578,41.80500030517578,41.80500030517578,304,0.0,0.0,0.0
2023-06-27 13:30:00-04:00,41.8400993347168,41.88990020751953,41.78020095825195,41.83169937133789,2357,0.0,0.0,0.0
2023-06-27 14:30:00-04:00,41.810001373291016,41.810001373291016,41.775001525878906,41.775001525878906,1442,0.0,0.0,0.0
2023-06-27 15:30:00-04:00,41.8291015625,41.880001068115234,41.76850128173828,41.76850128173828,0,0.0,0.0,0.0
2023-06-28 09:30:00-04:00,41.709999084472656,41.709999084472656,41.55569839477539,41.55569839477539,4805,0.0,0.0,0.0
2023-06-28 10:30:00-04:00,41.540000915527344,41.63999938964844,41.540000915527344,41.58000183105469,1693,0.0,0.0,0.0
2023-06-28 11:30:00-04:00,41.64899826049805,41.66999816894531,41.60499954223633,41.60499954223633,2019,0.0,0.0,0.0
2023-06-28 12:30:00-04:00,41.58000183105469,41.60499954223633,41.52000045776367,41.60499954223633,3349,0.0,0.0,0.0
2023-06-28 13:30:00-04:00,41.709999084472656,41.709999084472656,41.667598724365234,41.667598724365234,249,0.0,0.0,0.0
2023-06-28 14:30:00-04:00,41.685001373291016,41.71969985961914,41.650001525878906,41.71969985961914,1457,0.0,0.0,0.0
2023-06-28 15:30:00-04:00,41.720001220703125,41.75,41.702301025390625,41.702301025390625,0,0.0,0.0,0.0
2023-06-29 09:30:00-04:00,41.83000183105469,42.40999984741211,41.83000183105469,42.40999984741211,2179,0.0,0.0,0.0
2023-06-29 10:30:00-04:00,42.41999816894531,42.41999816894531,42.23500061035156,42.255001068115234,1979,0.0,0.0,0.0
2023-06-29 11:30:00-04:00,42.209999084472656,42.39619827270508,42.209999084472656,42.39500045776367,3893,0.0,0.0,0.0
2023-06-29 12:30:00-04:00,42.392398834228516,42.392398834228516,42.392398834228516,42.392398834228516,394,0.0,0.0,0.0
2023-06-29 13:30:00-04:00,42.44499969482422,42.44499969482422,42.29610061645508,42.32500076293945,1404,0.0,0.0,0.0
2023-06-29 14:30:00-04:00,42.37839889526367,42.43000030517578,42.34000015258789,42.375,3551,0.0,0.0,0.0
2023-06-29 15:30:00-04:00,42.3650016784668,42.439998626708984,42.3650016784668,42.41999816894531,2834,0.0,0.0,0.0
2023-06-30 09:30:00-04:00,42.790000915527344,42.790000915527344,42.48500061035156,42.56779861450195,0,0.0,0.0,0.0
2023-06-30 10:30:00-04:00,42.450199127197266,42.450199127197266,42.450199127197266,42.450199127197266,627,0.0,0.0,0.0
2023-06-30 11:30:00-04:00,42.55910110473633,42.55910110473633,42.55910110473633,42.55910110473633,277,0.0,0.0,0.0
2023-06-30 12:30:00-04:00,42.697601318359375,42.697601318359375,42.697601318359375,42.697601318359375,742,0.0,0.0,0.0
2023-06-30 13:30:00-04:00,42.611698150634766,42.611698150634766,42.611698150634766,42.611698150634766,571,0.0,0.0,0.0
2023-06-30 14:30:00-04:00,42.564998626708984,42.61040115356445,42.564998626708984,42.61040115356445,771,0.0,0.0,0.0
2023-06-30 15:30:00-04:00,42.54010009765625,42.54010009765625,42.43000030517578,42.43000030517578,1624,0.0,0.0,0.0
2023-07-03 09:30:00-04:00,42.349998474121094,42.70000076293945,42.349998474121094,42.672000885009766,6842,0.0,0.0,0.0
2023-07-03 10:30:00-04:00,42.73970031738281,42.77000045776367,42.66510009765625,42.665401458740234,2597,0.0,0.0,0.0
2023-07-03 11:30:00-04:00,42.68080139160156,42.76029968261719,42.66849899291992,42.670799255371094,2710,0.0,0.0,0.0
2023-07-05 09:30:00-04:00,42.619998931884766,42.619998931884766,42.130001068115234,42.310001373291016,4952,0.0,0.0,0.0
2023-07-05 10:30:00-04:00,42.22999954223633,42.29499816894531,42.20000076293945,42.20000076293945,813,0.0,0.0,0.0
2023-07-05 11:30:00-04:00,42.29999923706055,42.29999923706055,42.29999923706055,42.29999923706055,1664,0.0,0.0,0.0
2023-07-05 12:30:00-04:00,42.2400016784668,42.2400016784668,42.1864013671875,42.1864013671875,1311,0.0,0.0,0.0
2023-07-05 13:30:00-04:00,42.2400016784668,42.25830078125,42.20840072631836,42.20840072631836,10838,0.0,0.0,0.0
2023-07-05 14:30:00-04:00,42.130001068115234,42.220001220703125,42.130001068115234,42.19620132446289,2659,0.0,0.0,0.0
2023-07-05 15:30:00-04:00,42.19260025024414,42.19260025024414,42.0364990234375,42.0364990234375,292,0.0,0.0,0.0
2023-07-06 09:30:00-04:00,41.58000183105469,41.595001220703125,41.36000061035156,41.36000061035156,1456,0.0,0.0,0.0
2023-07-06 10:30:00-04:00,41.16899871826172,41.16899871826172,41.10499954223633,41.11109924316406,5275,0.0,0.0,0.0
2023-07-06 11:30:00-04:00,41.119998931884766,41.24829864501953,41.119998931884766,41.2400016784668,1444,0.0,0.0,0.0
2023-07-06 12:30:00-04:00,41.27040100097656,41.345001220703125,41.27040100097656,41.345001220703125,1046,0.0,0.0,0.0
2023-07-06 13:30:00-04:00,41.37929916381836,41.37929916381836,41.37929916381836,41.37929916381836,221,0.0,0.0,0.0
2023-07-06 14:30:00-04:00,41.52009963989258,41.52009963989258,41.43000030517578,41.46009826660156,4071,0.0,0.0,0.0
2023-07-06 15:30:00-04:00,41.4900016784668,41.54389953613281,41.45000076293945,41.54389953613281,0,0.0,0.0,0.0
2023-07-07 09:30:00-04:00,41.63999938964844,41.76900100708008,41.63999938964844,41.76900100708008,1813,0.0,0.0,0.0
2023-07-07 10:30:00-04:00,41.79999923706055,41.84000015258789,41.779998779296875,41.84000015258789,4294,0.0,0.0,0.0
2023-07-07 11:30:00-04:00,42.040000915527344,42.04999923706055,41.969398498535156,42.00749969482422,1691,0.0,0.0,0.0
2023-07-07 12:30:00-04:00,42.040000915527344,42.22999954223633,42.040000915527344,42.22999954223633,3118,0.0,0.0,0.0
2023-07-07 13:30:00-04:00,42.189998626708984,42.189998626708984,42.084999084472656,42.099998474121094,1927,0.0,0.0,0.0
2023-07-07 14:30:00-04:00,42.099998474121094,42.11000061035156,42.0,42.0,2484,0.0,0.0,0.0
2023-07-07 15:30:00-04:00,42.03900146484375,42.03900146484375,41.817501068115234,41.817501068115234,2481,0.0,0.0,0.0
2023-07-10 09:30:00-04:00,41.77000045776367,42.29499816894531,41.77000045776367,42.29499816894531,1994,0.0,0.0,0.0
2023-07-10 10:30:00-04:00,42.2599983215332,42.356998443603516,42.218299865722656,42.23759841918945,1914,0.0,0.0,0.0
2023-07-10 11:30:00-04:00,42.209999084472656,42.27830123901367,42.186798095703125,42.186798095703125,917,0.0,0.0,0.0
2023-07-10 12:30:00-04:00,42.20000076293945,42.20000076293945,42.20000076293945,42.20000076293945,342,0.0,0.0,0.0
2023-07-10 13:30:00-04:00,42.24440002441406,42.25,42.24440002441406,42.25,1092,0.0,0.0,0.0
2023-07-10 14:30:00-04:00,42.18730163574219,42.2400016784668,42.18730163574219,42.189998626708984,807,0.0,0.0,0.0
2023-07-10 15:30:00-04:00,42.2599983215332,42.2599983215332,42.2599983215332,42.2599983215332,210,0.0,0.0,0.0
2023-07-11 09:30:00-04:00,42.45000076293945,42.810001373291016,42.45000076293945,42.810001373291016,1106,0.0,0.0,0.0
2023-07-11 10:30:00-04:00,42.690799713134766,42.75,42.64360046386719,42.64360046386719,1861,0.0,0.0,0.0
2023-07-11 11:30:00-04:00,42.60499954223633,42.689998626708984,42.60499954223633,42.65999984741211,2176,0.0,0.0,0.0
2023-07-11 12:30:00-04:00,42.70970153808594,42.720001220703125,42.689998626708984,42.720001220703125,14187,0.0,0.0,0.0
2023-07-11 13:30:00-04:00,42.767398834228516,42.78950119018555,42.767398834228516,42.78950119018555,707,0.0,0.0,0.0
2023-07-11 14:30:00-04:00,42.763999938964844,42.87099838256836,42.763999938964844,42.87099838256836,3443,0.0,0.0,0.0
2023-07-11 15:30:00-04:00,42.86819839477539,42.939998626708984,42.86819839477539,42.939998626708984,0,0.0,0.0,0.0
2023-07-12 09:30:00-04:00,43.53310012817383,43.592498779296875,43.45920181274414,43.5099983215332,3168,0.0,0.0,0.0
2023-07-12 10:30:00-04:00,43.52000045776367,43.52000045776367,43.4900016784668,43.4900016784668,933,0.0,0.0,0.0
2023-07-12 11:30:00-04:00,43.459999084472656,43.459999084472656,43.4026985168457,43.4026985168457,661,0.0,0.0,0.0
2023-07-12 12:30:00-04:00,43.40079879760742,43.49660110473633,43.380001068115234,43.49660110473633,2087,0.0,0.0,0.0
2023-07-12 13:30:00-04:00,43.47990036010742,43.529998779296875,43.47990036010742,43.529998779296875,6258,0.0,0.0,0.0
2023-07-12 14:30:00-04:00,43.53990173339844,43.540000915527344,43.47999954223633,43.519901275634766,2359,0.0,0.0,0.0
2023-07-12 15:30:00-04:00,43.470001220703125,43.470001220703125,43.349998474121094,43.36000061035156,1001,0.0,0.0,0.0
2023-07-13 09:30:00-04:00,43.4900016784668,43.589900970458984,43.400001525878906,43.5099983215332,0,0.0,0.0,0.0
2023-07-13 10:30:00-04:00,43.59000015258789,43.61000061035156,43.5099983215332,43.51499938964844,10579,0.0,0.0,0.0
2023-07-13 11:30:00-04:00,43.525001525878906,43.57339859008789,43.5,43.57339859008789,1396,0.0,0.0,0.0
2023-07-13 12:30:00-04:00,43.61000061035156,43.61000061035156,43.597999572753906,43.60499954223633,7595,0.0,0.0,0.0
2023-07-13 13:30:00-04:00,43.59000015258789,43.599998474121094,43.56809997558594,43.5890007019043,1616,0.0,0.0,0.0
2023-07-13 14:30:00-04:00,43.57500076293945,43.659000396728516,43.57500076293945,43.630001068115234,1093,0.0,0.0,0.0
2023-07-13 15:30:00-04:00,43.65999984741211,43.720001220703125,43.64350128173828,43.65510177612305,2102,0.0,0.0,0.0
2023-07-14 09:30:00-04:00,43.630001068115234,43.630001068115234,43.630001068115234,43.630001068115234,213,0.0,0.0,0.0
2023-07-14 10:30:00-04:00,42.95000076293945,43.14979934692383,42.94599914550781,43.14979934692383,3289,0.0,0.0,0.0
2023-07-14 11:30:00-04:00,43.04499816894531,43.119998931884766,43.04499816894531,43.099998474121094,0,0.0,0.0,0.0
2023-07-14 12:30:00-04:00,43.16999816894531,43.16999816894531,43.13999938964844,43.13999938964844,5113,0.0,0.0,0.0
2023-07-14 13:30:00-04:00,43.26729965209961,43.26729965209961,43.2322998046875,43.24919891357422,4107,0.0,0.0,0.0
2023-07-14 14:30:00-04:00,43.21200180053711,43.21200180053711,43.15999984741211,43.20940017700195,2610,0.0,0.0,0.0
2023-07-14 15:30:00-04:00,43.25,43.27000045776367,43.25,43.27000045776367,226,0.0,0.0,0.0
2023-07-17 09:30:00-04:00,43.209999084472656,43.400001525878906,43.209999084472656,43.369998931884766,0,0.0,0.0,0.0
2023-07-17 10:30:00-04:00,43.44900131225586,43.499900817871094,43.38999938964844,43.45899963378906,1631,0.0,0.0,0.0
2023-07-17 11:30:00-04:00,43.529998779296875,43.599998474121094,43.52899932861328,43.59000015258789,3623,0.0,0.0,0.0
2023-07-17 12:30:00-04:00,43.599998474121094,43.619998931884766,43.579898834228516,43.619998931884766,989,0.0,0.0,0.0
2023-07-17 13:30:00-04:00,43.61000061035156,43.63330078125,43.595001220703125,43.63330078125,2589,0.0,0.0,0.0
2023-07-17 14:30:00-04:00,43.5817985534668,43.59000015258789,43.57500076293945,43.58000183105469,2673,0.0,0.0,0.0
2023-07-17 15:30:00-04:00,43.540000915527344,43.540000915527344,43.5,43.5,0,0.0,0.0,0.0
2023-07-18 09:30:00-04:00,43.92599868774414,43.92599868774414,43.92599868774414,43.92599868774414,2382,0.0,0.0,0.0
2023-07-18 10:30:00-04:00,43.939998626708984,43.959999084472656,43.939998626708984,43.959999084472656,1195,0.0,0.0,0.0
2023-07-18 11:30:00-04:00,43.84479904174805,43.86859893798828,43.83000183105469,43.83000183105469,4578,0.0,0.0,0.0
2023-07-18 12:30:00-04:00,43.849998474121094,43.849998474121094,43.849998474121094,43.849998474121094,478,0.0,0.0,0.0
2023-07-18 13:30:00-04:00,43.89929962158203,43.999298095703125,43.89929962158203,43.999298095703125,1567,0.0,0.0,0.0
2023-07-18 14:30:00-04:00,44.040000915527344,44.040000915527344,44.0099983215332,44.0099983215332,1653,0.0,0.0,0.0
2023-07-18 15:30:00-04:00,44.04899978637695,44.09619903564453,44.025001525878906,44.09619903564453,0,0.0,0.0,0.0
2023-07-19 09:30:00-04:00,44.31999969482422,44.380001068115234,44.310001373291016,44.31999969482422,3139,0.0,0.0,0.0
2023-07-19 10:30:00-04:00,44.269500732421875,44.269500732421875,44.119998931884766,44.119998931884766,3127,0.0,0.0,0.0
2023-07-19 11:30:00-04:00,44.2599983215332,44.33000183105469,44.22999954223633,44.31999969482422,5367,0.0,0.0,0.0
2023-07-19 12:30:00-04:00,44.27000045776367,44.369998931884766,44.20109939575195,44.31999969482422,3481,0.0,0.0,0.0
2023-07-19 13:30:00-04:00,44.38999938964844,44.38999938964844,44.31999969482422,44.31999969482422,3009,0.0,0.0,0.0
2023-07-19 14:30:00-04:00,44.29999923706055,44.47999954223633,44.29999923706055,44.47999954223633,3115,0.0,0.0,0.0
2023-07-19 15:30:00-04:00,44.439998626708984,44.529998779296875,44.400001525878906,44.459999084472656,23477,0.0,0.0,0.0
2023-07-20 09:30:00-04:00,44.47999954223633,44.47999954223633,44.08000183105469,44.08000183105469,12096,0.0,0.0,0.0
2023-07-20 10:30:00-04:00,44.109901428222656,44.25,44.109901428222656,44.18980026245117,3201,0.0,0.0,0.0
2023-07-20 11:30:00-04:00,44.20220184326172,44.339900970458984,44.20220184326172,44.339900970458984,860,0.0,0.0,0.0
2023-07-20 12:30:00-04:00,44.29570007324219,44.29570007324219,44.263099670410156,44.263099670410156,902,0.0,0.0,0.0
2023-07-20 13:30:00-04:00,44.28900146484375,44.28900146484375,44.20000076293945,44.20000076293945,1375,0.0,0.0,0.0
2023-07-20 14:30:00-04:00,44.3650016784668,44.40999984741211,44.349998474121094,44.349998474121094,5786,0.0,0.0,0.0
2023-07-20 15:30:00-04:00,44.349998474121094,44.400001525878906,44.349998474121094,44.380001068115234,2567,0.0,0.0,0.0
2023-07-21 09:30:00-04:00,44.70000076293945,44.70000076293945,44.70000076293945,44.70000076293945,925,0.0,0.0,0.0
2023-07-21 10:30:00-04:00,44.36000061035156,44.470001220703125,44.321998596191406,44.327598571777344,1999,0.0,0.0,0.0
2023-07-21 11:30:00-04:00,44.369598388671875,44.369598388671875,44.369598388671875,44.369598388671875,227,0.0,0.0,0.0
2023-07-21 12:30:00-04:00,44.36989974975586,44.36989974975586,44.25,44.25,4683,0.0,0.0,0.0
2023-07-21 13:30:00-04:00,44.34989929199219,44.34989929199219,44.32320022583008,44.32320022583008,1476,0.0,0.0,0.0
2023-07-21 14:30:00-04:00,44.27000045776367,44.27000045776367,44.27000045776367,44.27000045776367,409,0.0,0.0,0.0
2023-07-21 15:30:00-04:00,44.150001525878906,44.150001525878906,44.10879898071289,44.10879898071289,236,0.0,0.0,0.0
2023-07-24 09:30:00-04:00,44.220001220703125,44.220001220703125,44.220001220703125,44.220001220703125,782,0.0,0.0,0.0
2023-07-24 10:30:00-04:00,44.2781982421875,44.2781982421875,44.2781982421875,44.2781982421875,246,0.0,0.0,0.0
2023-07-24 11:30:00-04:00,44.375301361083984,44.4900016784668,44.36949920654297,44.4900016784668,8805,0.0,0.0,0.0
2023-07-24 13:30:00-04:00,44.583099365234375,44.61000061035156,44.529998779296875,44.55500030517578,2538,0.0,0.0,0.0
2023-07-24 14:30:00-04:00,44.529998779296875,44.540000915527344,44.500999450683594,44.500999450683594,1698,0.0,0.0,0.0
2023-07-24 15:30:00-04:00,44.46110153198242,44.51350021362305,44.46110153198242,44.51350021362305,0,0.0,0.0,0.0
2023-07-25 09:30:00-04:00,44.4900016784668,44.58000183105469,44.4900016784668,44.58000183105469,1874,0.0,0.0,0.0
2023-07-25 10:30:00-04:00,44.743900299072266,44.743900299072266,44.743900299072266,44.743900299072266,408,0.0,0.0,0.0
2023-07-25 11:30:00-04:00,44.70500183105469,44.7400016784668,44.70500183105469,44.7400016784668,730,0.0,0.0,0.0
2023-07-25 12:30:00-04:00,44.6431999206543,44.73899841308594,44.6431999206543,44.712100982666016,2367,0.0,0.0,0.0
2023-07-25 13:30:00-04:00,44.76499938964844,44.808998107910156,44.76499938964844,44.808998107910156,846,0.0,0.0,0.0
2023-07-25 14:30:00-04:00,44.83000183105469,44.83000183105469,44.790000915527344,44.790000915527344,933,0.0,0.0,0.0
2023-07-25 15:30:00-04:00,44.52000045776367,44.619998931884766,44.52000045776367,44.52000045776367,143,0.0,0.0,0.0
2023-07-26 09:30:00-04:00,44.43000030517578,44.86000061035156,44.43000030517578,44.86000061035156,5065,0.0,0.0,0.0
2023-07-26 10:30:00-04:00,44.92900085449219,44.92900085449219,44.77000045776367,44.86000061035156,2421,0.0,0.0,0.0
2023-07-26 11:30:00-04:00,44.849998474121094,44.91999816894531,44.77790069580078,44.91999816894531,5829,0.0,0.0,0.0
2023-07-26 12:30:00-04:00,44.93000030517578,44.93000030517578,44.83399963378906,44.83399963378906,2430,0.0,0.0,0.0
2023-07-26 13:30:00-04:00,44.790000915527344,44.86000061035156,44.779998779296875,44.84000015258789,2230,0.0,0.0,0.0
2023-07-26 14:30:00-04:00,44.83000183105469,45.09000015258789,44.814998626708984,44.851600646972656,3916,0.0,0.0,0.0
2023-07-26 15:30:00-04:00,44.929901123046875,45.0,44.90999984741211,44.91999816894531,2855,0.0,0.0,0.0
2023-07-27 09:30:00-04:00,45.119998931884766,45.119998931884766,44.93000030517578,44.93000030517578,2127,0.0,0.0,0.0
2023-07-27 10:30:00-04:00,44.939998626708984,44.939998626708984,44.939998626708984,44.939998626708984,406,0.0,0.0,0.0
2023-07-27 11:30:00-04:00,44.84000015258789,44.895999908447266,44.84000015258789,44.895999908447266,961,0.0,0.0,0.0
2023-07-27 12:30:00-04:00,45.0099983215332,45.0099983215332,44.899898529052734,44.899898529052734,1426,0.0,0.0,0.0
2023-07-27 13:30:00-04:00,44.77000045776367,44.77000045776367,44.75,44.75,702,0.0,0.0,0.0
2023-07-27 15:30:00-04:00,44.45320129394531,44.46609878540039,44.36000061035156,44.46609878540039,2189,0.0,0.0,0.0
2023-07-28 09:30:00-04:00,44.654998779296875,44.70000076293945,44.654998779296875,44.70000076293945,0,0.0,0.0,0.0
2023-07-28 10:30:00-04:00,44.77080154418945,44.79999923706055,44.750099182128906,44.750099182128906,1020,0.0,0.0,0.0
2023-07-28 11:30:00-04:00,44.75,44.75,44.711299896240234,44.711299896240234,281,0.0,0.0,0.0
2023-07-28 12:30:00-04:00,44.72999954223633,44.72999954223633,44.66640090942383,44.67509841918945,1255,0.0,0.0,0.0
2023-07-28 13:30:00-04:00,44.63999938964844,44.66999816894531,44.57229995727539,44.650001525878906,5348,0.0,0.0,0.0
2023-07-28 14:30:00-04:00,44.61000061035156,44.6963996887207,44.61000061035156,44.65999984741211,1138,0.0,0.0,0.0
2023-07-31 09:30:00-04:00,44.70000076293945,45.049400329589844,44.70000076293945,44.966800689697266,0,0.0,0.0,0.0
2023-07-31 10:30:00-04:00,44.849998474121094,44.849998474121094,44.849998474121094,44.849998474121094,1936,0.0,0.0,0.0
2023-07-31 11:30:00-04:00,44.959999084472656,44.9656982421875,44.959999084472656,44.9656982421875,1100,0.0,0.0,0.0
2023-07-31 12:30:00-04:00,44.95589828491211,44.95589828491211,44.895999908447266,44.895999908447266,559,0.0,0.0,0.0
2023-07-31 13:30:00-04:00,44.959999084472656,44.959999084472656,44.880001068115234,44.8911018371582,1540,0.0,0.0,0.0
2023-07-31 14:30:00-04:00,44.86000061035156,44.86000061035156,44.86000061035156,44.86000061035156,449,0.0,0.0,0.0
2023-07-31 15:30:00-04:00,44.93000030517578,44.93000030517578,44.93000030517578,44.93000030517578,0,0.0,0.0,0.0
2023-08-01 09:30:00-04:00,44.599998474121094,44.599998474121094,44.529998779296875,44.529998779296875,647,0.0,0.0,0.0
2023-08-01 10:30:00-04:00,44.599998474121094,44.599998474121094,44.5901985168457,44.5901985168457,793,0.0,0.0,0.0
2023-08-01 11:30:00-04:00,44.65729904174805,44.669898986816406,44.560001373291016,44.59709930419922,1695,0.0,0.0,0.0
2023-08-01 12:30:00-04:00,44.649898529052734,44.66910171508789,44.649898529052734,44.66910171508789,2059,0.0,0.0,0.0
2023-08-01 13:30:00-04:00,44.75,44.767398834228516,44.709999084472656,44.709999084472656,2869,0.0,0.0,0.0
2023-08-01 14:30:00-04:00,44.82440185546875,44.82440185546875,44.753299713134766,44.753299713134766,1036,0.0,0.0,0.0
2023-08-01 15:30:00-04:00,44.788299560546875,44.83000183105469,44.788299560546875,44.81269836425781,646,0.0,0.0,0.0
2023-08-02 09:30:00-04:00,44.25,44.27000045776367,44.11000061035156,44.229000091552734,5242,0.0,0.0,0.0
2023-08-02 10:30:00-04:00,44.06779861450195,44.06779861450195,44.06779861450195,44.06779861450195,693,0.0,0.0,0.0
2023-08-02 11:30:00-04:00,44.25899887084961,44.25899887084961,44.1890983581543,44.1890983581543,1376,0.0,0.0,0.0
2023-08-02 12:30:00-04:00,44.38999938964844,44.38999938964844,44.310001373291016,44.310001373291016,2388,0.0,0.0,0.0
2023-08-02 13:30:00-04:00,44.35029983520508,44.380001068115234,44.32509994506836,44.32509994506836,1595,0.0,0.0,0.0
2023-08-02 14:30:00-04:00,44.33449935913086,44.33449935913086,44.257198333740234,44.257198333740234,2642,0.0,0.0,0.0
2023-08-02 15:30:00-04:00,44.310001373291016,44.33000183105469,44.27000045776367,44.27000045776367,0,0.0,0.0,0.0
2023-08-03 09:30:00-04:00,44.060001373291016,44.060001373291016,44.060001373291016,44.060001373291016,1072,0.0,0.0,0.0
2023-08-03 10:30:00-04:00,44.10139846801758,44.11000061035156,44.10139846801758,44.11000061035156,3230,0.0,0.0,0.0
2023-08-03 11:30:00-04:00,44.244998931884766,44.25,44.189998626708984,44.25,1070,0.0,0.0,0.0
2023-08-03 12:30:00-04:00,44.41889953613281,44.41889953613281,44.41889953613281,44.41889953613281,462,0.0,0.0,0.0
2023-08-03 13:30:00-04:00,44.40060043334961,44.40060043334961,44.36000061035156,44.36000061035156,1396,0.0,0.0,0.0
2023-08-03 14:30:00-04:00,44.38999938964844,44.38999938964844,44.31999969482422,44.31999969482422,1970,0.0,0.0,0.0
2023-08-03 15:30:00-04:00,44.400001525878906,44.400001525878906,44.33610153198242,44.33610153198242,601,0.0,0.0,0.0
2023-08-04 09:30:00-04:00,44.34000015258789,44.34000015258789,44.310001373291016,44.310001373291016,762,0.0,0.0,0.0
2023-08-04 10:30:00-04:00,44.459999084472656,44.494998931884766,44.45500183105469,44.494998931884766,914,0.0,0.0,0.0
2023-08-04 11:30:00-04:00,44.52000045776367,44.55860137939453,44.52000045776367,44.55860137939453,790,0.0,0.0,0.0
2023-08-04 12:30:00-04:00,44.6974983215332,44.6974983215332,44.6974983215332,44.6974983215332,900,0.0,0.0,0.0
2023-08-04 13:30:00-04:00,44.650001525878906,44.650001525878906,44.349998474121094,44.349998474121094,695,0.0,0.0,0.0
2023-08-04 14:30:00-04:00,44.31999969482422,44.334999084472656,44.31999969482422,44.334999084472656,1096,0.0,0.0,0.0
2023-08-04 15:30:00-04:00,44.2588005065918,44.28179931640625,44.2588005065918,44.28179931640625,1669,0.0,0.0,0.0
2023-08-07 09:30:00-04:00,44.500099182128906,44.500099182128906,44.500099182128906,44.500099182128906,0,0.0,0.0,0.0
2023-08-07 10:30:00-04:00,44.5,44.619998931884766,44.5,44.619998931884766,1706,0.0,0.0,0.0
2023-08-07 11:30:00-04:00,44.55099868774414,44.55099868774414,44.54499816894531,44.54499816894531,1292,0.0,0.0,0.0
2023-08-07 13:30:00-04:00,44.52199935913086,44.53499984741211,44.52199935913086,44.53499984741211,282,0.0,0.0,0.0
2023-08-07 14:30:00-04:00,44.5619010925293,44.569698333740234,44.54999923706055,44.569698333740234,942,0.0,0.0,0.0
2023-08-07 15:30:00-04:00,44.52399826049805,44.58150100708008,44.52399826049805,44.58150100708008,489,0.0,0.0,0.0
2023-08-08 09:30:00-04:00,44.119998931884766,44.119998931884766,43.61989974975586,43.655601501464844,0,0.0,0.0,0.0
2023-08-08 10:30:00-04:00,43.69879913330078,43.81999969482422,43.69879913330078,43.77000045776367,3292,0.0,0.0,0.0
2023-08-08 11:30:00-04:00,43.7400016784668,43.8650016784668,43.7400016784668,43.8650016784668,1492,0.0,0.0,0.0
2023-08-08 12:30:00-04:00,43.849998474121094,43.905799865722656,43.849998474121094,43.905799865722656,3496,0.0,0.0,0.0
2023-08-08 13:30:00-04:00,44.07500076293945,44.07500076293945,44.07500076293945,44.07500076293945,175,0.0,0.0,0.0
2023-08-08 14:30:00-04:00,44.082298278808594,44.099998474121094,44.082298278808594,44.099998474121094,3180,0.0,0.0,0.0
2023-08-08 15:30:00-04:00,44.20220184326172,44.20220184326172,44.1879997253418,44.20220184326172,208,0.0,0.0,0.0
2023-08-09 09:30:00-04:00,44.18000030517578,44.18000030517578,44.00960159301758,44.019901275634766,0,0.0,0.0,0.0
2023-08-09 10:30:00-04:00,44.087398529052734,44.087398529052734,43.910099029541016,43.910099029541016,498,0.0,0.0,0.0
2023-08-09 11:30:00-04:00,43.87419891357422,43.917598724365234,43.80950164794922,43.917598724365234,1317,0.0,0.0,0.0
2023-08-09 12:30:00-04:00,43.93280029296875,44.06990051269531,43.93280029296875,44.06990051269531,1934,0.0,0.0,0.0
2023-08-09 14:30:00-04:00,44.10449981689453,44.10449981689453,44.01300048828125,44.01300048828125,0,0.0,0.0,0.0
2023-08-10 09:30:00-04:00,44.18000030517578,44.34000015258789,44.18000030517578,44.34000015258789,2115,0.0,0.0,0.0
2023-08-10 11:30:00-04:00,44.05500030517578,44.05500030517578,43.93989944458008,44.000999450683594,1223,0.0,0.0,0.0
2023-08-10 12:30:00-04:00,43.874000549316406,43.874000549316406,43.744998931884766,43.744998931884766,1989,0.0,0.0,0.0
2023-08-10 13:30:00-04:00,43.681400299072266,43.69419860839844,43.663700103759766,43.69419860839844,725,0.0,0.0,0.0
2023-08-10 14:30:00-04:00,43.72999954223633,43.88999938964844,43.72999954223633,43.77000045776367,690,0.0,0.0,0.0
2023-08-10 15:30:00-04:00,43.70199966430664,43.779998779296875,43.70199966430664,43.77000045776367,0,0.0,0.0,0.0
2023-08-11 09:30:00-04:00,43.68000030517578,43.77000045776367,43.68000030517578,43.7400016784668,1711,0.0,0.0,0.0
2023-08-11 10:30:00-04:00,43.998600006103516,43.998600006103516,43.802799224853516,43.802799224853516,1093,0.0,0.0,0.0
2023-08-11 11:30:00-04:00,43.75,43.814998626708984,43.75,43.814998626708984,506,0.0,0.0,0.0
2023-08-11 12:30:00-04:00,43.7400016784668,43.77000045776367,43.7400016784668,43.77000045776367,1410,0.0,0.0,0.0
2023-08-11 13:30:00-04:00,43.810001373291016,43.810001373291016,43.730201721191406,43.7599983215332,2064,0.0,0.0,0.0
2023-08-11 14:30:00-04:00,43.774898529052734,43.873199462890625,43.774898529052734,43.82210159301758,351,0.0,0.0,0.0
2023-08-11 15:30:00-04:00,43.7599983215332,43.7599983215332,43.75339889526367,43.75339889526367,177,0.0,0.0,0.0
2023-08-14 09:30:00-04:00,43.529998779296875,43.529998779296875,43.35240173339844,43.35240173339844,4199,0.0,0.0,0.0
2023-08-14 10:30:00-04:00,43.380001068115234,43.474998474121094,43.380001068115234,43.474998474121094,216,0.0,0.0,0.0
2023-08-14 11:30:00-04:00,43.54629898071289,43.57500076293945,43.54629898071289,43.560001373291016,3826,0.0,0.0,0.0
2023-08-14 12:30:00-04:00,43.54999923706055,43.62990188598633,43.532100677490234,43.54859924316406,1164,0.0,0.0,0.0
2023-08-14 13:30:00-04:00,43.59000015258789,43.59000015258789,43.56999969482422,43.58000183105469,1010,0.0,0.0,0.0
2023-08-14 14:30:00-04:00,43.54010009765625,43.54010009765625,43.54010009765625,43.54010009765625,449,0.0,0.0,0.0
2023-08-14 15:30:00-04:00,43.640201568603516,43.65999984741211,43.640201568603516,43.65999984741211,0,0.0,0.0,0.0
2023-08-15 09:30:00-04:00,43.38999938964844,43.38999938964844,43.32350158691406,43.32350158691406,1301,0.0,0.0,0.0
2023-08-15 10:30:00-04:00,43.16429901123047,43.16429901123047,43.16429901123047,43.16429901123047,373,0.0,0.0,0.0
2023-08-15 11:30:00-04:00,43.18389892578125,43.20429992675781,43.18389892578125,43.20429992675781,2822,0.0,0.0,0.0
2023-08-15 12:30:00-04:00,43.099998474121094,43.149200439453125,43.070098876953125,43.149200439453125,3434,0.0,0.0,0.0
2023-08-15 13:30:00-04:00,43.13999938964844,43.13999938964844,43.13999938964844,43.13999938964844,156,0.0,0.0,0.0
2023-08-15 14:30:00-04:00,43.15850067138672,43.15850067138672,43.150001525878906,43.150001525878906,1204,0.0,0.0,0.0
2023-08-15 15:30:00-04:00,43.130001068115234,43.130001068115234,43.130001068115234,43.130001068115234,22666,0.0,0.0,0.0
2023-08-16 09:30:00-04:00,43.37990188598633,43.37990188598633,43.34590148925781,43.34590148925781,1058,0.0,0.0,0.0
2023-08-16 10:30:00-04:00,43.17499923706055,43.17499923706055,43.154998779296875,43.154998779296875,696,0.0,0.0,0.0
2023-08-16 11:30:00-04:00,43.10499954223633,43.13999938964844,43.09040069580078,43.09040069580078,2444,0.0,0.0,0.0
2023-08-16 12:30:00-04:00,43.06919860839844,43.06919860839844,43.06919860839844,43.06919860839844,109,0.0,0.0,0.0
2023-08-16 13:30:00-04:00,43.02050018310547,43.02050018310547,43.0099983215332,43.019798278808594,1674,0.0,0.0,0.0
2023-08-16 14:30:00-04:00,43.025001525878906,43.03310012817383,42.84080123901367,42.84080123901367,2443,0.0,0.0,0.0
2023-08-16 15:30:00-04:00,42.88999938964844,42.88999938964844,42.78620147705078,42.78620147705078,0,0.0,0.0,0.0
2023-08-17 09:30:00-04:00,42.96900177001953,42.96900177001953,42.96900177001953,42.96900177001953,1120,0.0,0.0,0.0
2023-08-17 10:30:00-04:00,42.900001525878906,42.900001525878906,42.79990005493164,42.79990005493164,989,0.0,0.0,0.0
2023-08-17 11:30:00-04:00,42.833900451660156,42.93000030517578,42.7599983215332,42.902000427246094,1226,0.0,0.0,0.0
2023-08-17 12:30:00-04:00,42.900001525878906,42.900001525878906,42.89860153198242,42.89860153198242,773,0.0,0.0,0.0
2023-08-17 13:30:00-04:00,42.83919906616211,42.83919906616211,42.753501892089844,42.753501892089844,833,0.0,0.0,0.0
2023-08-17 14:30:00-04:00,42.60390090942383,42.628501892089844,42.540000915527344,42.540000915527344,2290,0.0,0.0,0.0
2023-08-17 15:30:00-04:00,42.559200286865234,42.559200286865234,42.54999923706055,42.54999923706055,0,0.0,0.0,0.0
2023-08-18 09:30:00-04:00,42.29999923706055,42.515098571777344,42.29999923706055,42.515098571777344,1115,0.0,0.0,0.0
2023-08-18 10:30:00-04:00,42.599998474121094,42.72999954223633,42.599998474121094,42.72999954223633,2720,0.0,0.0,0.0
2023-08-18 11:30:00-04:00,42.703800201416016,42.74150085449219,42.703800201416016,42.74150085449219,527,0.0,0.0,0.0
2023-08-18 12:30:00-04:00,42.729400634765625,42.7400016784668,42.701900482177734,42.70500183105469,2634,0.0,0.0,0.0
2023-08-18 13:30:00-04:00,42.755001068115234,42.755001068115234,42.755001068115234,42.755001068115234,347,0.0,0.0,0.0
2023-08-18 14:30:00-04:00,42.779998779296875,42.779998779296875,42.779998779296875,42.779998779296875,348,0.0,0.0,0.0
2023-08-18 15:30:00-04:00,42.75,42.75,42.72999954223633,42.72999954223633,228,0.0,0.0,0.0
2023-08-21 09:30:00-04:00,42.75,42.77000045776367,42.60499954223633,42.63999938964844,0,0.0,0.0,0.0
2023-08-21 10:30:00-04:00,42.52009963989258,42.56999969482422,42.487098693847656,42.487098693847656,857,0.0,0.0,0.0
2023-08-21 11:30:00-04:00,42.48500061035156,42.48500061035156,42.344200134277344,42.344200134277344,498,0.0,0.0,0.0
2023-08-21 12:30:00-04:00,42.381900787353516,42.40599822998047,42.381900787353516,42.40599822998047,995,0.0,0.0,0.0
2023-08-21 13:30:00-04:00,42.5099983215332,42.5099983215332,42.5099983215332,42.5099983215332,592,0.0,0.0,0.0
2023-08-21 14:30:00-04:00,42.45930099487305,42.540000915527344,42.45930099487305,42.540000915527344,3419,0.0,0.0,0.0
2023-08-21 15:30:00-04:00,42.56999969482422,42.58000183105469,42.529998779296875,42.529998779296875,0,0.0,0.0,0.0
2023-08-22 09:30:00-04:00,42.650001525878906,42.650001525878906,42.4900016784668,42.4900016784668,1391,0.0,0.0,0.0
2023-08-22 11:30:00-04:00,42.33570098876953,42.38999938964844,42.22999954223633,42.22999954223633,2694,0.0,0.0,0.0
2023-08-22 12:30:00-04:00,42.29999923706055,42.29999923706055,42.20500183105469,42.220001220703125,10736,0.0,0.0,0.0
2023-08-22 13:30:00-04:00,42.249900817871094,42.28879928588867,42.249900817871094,42.27000045776367,1268,0.0,0.0,0.0
2023-08-22 14:30:00-04:00,42.327999114990234,42.327999114990234,42.277099609375,42.277099609375,610,0.0,0.0,0.0
2023-08-22 15:30:00-04:00,42.29999923706055,42.29999923706055,42.279998779296875,42.279998779296875,0,0.0,0.0,0.0
2023-08-23 10:30:00-04:00,42.299198150634766,42.299198150634766,42.299198150634766,42.299198150634766,290,0.0,0.0,0.0
2023-08-23 11:30:00-04:00,42.499000549316406,42.52880096435547,42.46820068359375,42.52880096435547,1497,0.0,0.0,0.0
2023-08-23 12:30:00-04:00,42.56999969482422,42.619998931884766,42.56999969482422,42.619998931884766,466,0.0,0.0,0.0
2023-08-23 13:30:00-04:00,42.63990020751953,42.63990020751953,42.625,42.625,1725,0.0,0.0,0.0
2023-08-23 14:30:00-04:00,42.63999938964844,42.63999938964844,42.63999938964844,42.63999938964844,12416,0.0,0.0,0.0
2023-08-23 15:30:00-04:00,42.66999816894531,42.66999816894531,42.654998779296875,42.654998779296875,216,0.0,0.0,0.0
2023-08-24 09:30:00-04:00,42.5099983215332,42.93769836425781,42.5099983215332,42.93769836425781,0,0.0,0.0,0.0
2023-08-24 10:30:00-04:00,42.72639846801758,42.72639846801758,42.630001068115234,42.630001068115234,1736,0.0,0.0,0.0
2023-08-24 11:30:00-04:00,42.4734992980957,42.49340057373047,42.4734992980957,42.49340057373047,2281,0.0,0.0,0.0
2023-08-24 12:30:00-04:00,42.45989990234375,42.45989990234375,42.43000030517578,42.43000030517578,563,0.0,0.0,0.0
2023-08-24 13:30:00-04:00,42.428001403808594,42.43000030517578,42.428001403808594,42.43000030517578,1621,0.0,0.0,0.0
2023-08-24 14:30:00-04:00,42.5099983215332,42.513099670410156,42.49700164794922,42.513099670410156,594,0.0,0.0,0.0
2023-08-24 15:30:00-04:00,42.509700775146484,42.509700775146484,42.40999984741211,42.40999984741211,0,0.0,0.0,0.0
2023-08-25 09:30:00-04:00,42.599998474121094,42.599998474121094,42.349998474121094,42.349998474121094,522,0.0,0.0,0.0
2023-08-25 10:30:00-04:00,42.31999969482422,42.31999969482422,42.04499816894531,42.21500015258789,2243,0.0,0.0,0.0
2023-08-25 11:30:00-04:00,42.36000061035156,42.36000061035156,42.22999954223633,42.35499954223633,4843,0.0,0.0,0.0
2023-08-25 12:30:00-04:00,42.3849983215332,42.40999984741211,42.275001525878906,42.275001525878906,1651,0.0,0.0,0.0
2023-08-25 13:30:00-04:00,42.298301696777344,42.53580093383789,42.26409912109375,42.53580093383789,1644,0.0,0.0,0.0
2023-08-25 14:30:00-04:00,42.56999969482422,42.56999969482422,42.5,42.540000915527344,3366,0.0,0.0,0.0
2023-08-25 15:30:00-04:00,42.4900016784668,42.5,42.36000061035156,42.38650131225586,973,0.0,0.0,0.0
2023-08-28 10:30:00-04:00,42.869998931884766,42.919898986816406,42.854400634765625,42.86750030517578,902,0.0,0.0,0.0
2023-08-28 11:30:00-04:00,42.82929992675781,42.82929992675781,42.76470184326172,42.76470184326172,976,0.0,0.0,0.0
2023-08-28 12:30:00-04:00,42.84769821166992,42.88639831542969,42.84769821166992,42.88639831542969,948,0.0,0.0,0.0
2023-08-28 13:30:00-04:00,42.88999938964844,42.88999938964844,42.772499084472656,42.772499084472656,1026,0.0,0.0,0.0
2023-08-28 14:30:00-04:00,42.779998779296875,42.79999923706055,42.779998779296875,42.79999923706055,2566,0.0,0.0,0.0
2023-08-28 15:30:00-04:00,42.904998779296875,42.90999984741211,42.84000015258789,42.84000015258789,929,0.0,0.0,0.0
2023-08-29 09:30:00-04:00,42.84000015258789,42.891998291015625,42.84000015258789,42.891998291015625,0,0.0,0.0,0.0
2023-08-29 10:30:00-04:00,43.060001373291016,43.060001373291016,43.02669906616211,43.02669906616211,562,0.0,0.0,0.0
2023-08-29 11:30:00-04:00,43.119998931884766,43.22999954223633,43.119998931884766,43.1974983215332,5667,0.0,0.0,0.0
2023-08-29 12:30:00-04:00,43.2400016784668,43.25,43.2400016784668,43.25,2101,0.0,0.0,0.0
2023-08-29 13:30:00-04:00,43.251800537109375,43.251800537109375,43.25,43.25,433,0.0,0.0,0.0
2023-08-29 14:30:00-04:00,43.310001373291016,43.349998474121094,43.310001373291016,43.349998474121094,0,0.0,0.0,0.0
2023-08-30 09:30:00-04:00,43.220001220703125,43.29999923706055,43.19200134277344,43.29999923706055,1936,0.0,0.0,0.0
2023-08-30 10:30:00-04:00,43.40999984741211,43.44499969482422,43.384498596191406,43.44499969482422,1540,0.0,0.0,0.0
2023-08-30 11:30:00-04:00,43.463401794433594,43.463401794433594,43.463401794433594,43.463401794433594,1039,0.0,0.0,0.0
2023-08-30 12:30:00-04:00,43.56999969482422,43.56999969482422,43.47669982910156,43.5098991394043,501,0.0,0.0,0.0
2023-08-30 13:30:00-04:00,43.494998931884766,43.5,43.404998779296875,43.404998779296875,1631,0.0,0.0,0.0
2023-08-30 14:30:00-04:00,43.470001220703125,43.5,43.4114990234375,43.4114990234375,3885,0.0,0.0,0.0
2023-08-30 15:30:00-04:00,43.40999984741211,43.40999984741211,43.375,43.394500732421875,0,0.0,0.0,0.0
2023-08-31 09:30:00-04:00,43.5,43.63999938964844,43.5,43.599998474121094,2037,0.0,0.0,0.0
2023-08-31 10:30:00-04:00,43.349998474121094,43.589298248291016,43.349998474121094,43.589298248291016,890,0.0,0.0,0.0
2023-08-31 11:30:00-04:00,43.47999954223633,43.5,43.47999954223633,43.5,429,0.0,0.0,0.0
2023-08-31 12:30:00-04:00,43.369998931884766,43.459999084472656,43.369998931884766,43.459999084472656,428,0.0,0.0,0.0
2023-08-31 13:30:00-04:00,43.427398681640625,43.479000091552734,43.404998779296875,43.404998779296875,3421,0.0,0.0,0.0
2023-08-31 14:30:00-04:00,43.34080123901367,43.34080123901367,43.34080123901367,43.34080123901367,163,0.0,0.0,0.0
2023-08-31 15:30:00-04:00,43.358001708984375,43.36000061035156,43.279998779296875,43.279998779296875,0,0.0,0.0,0.0
2023-09-01 09:30:00-04:00,43.54999923706055,43.70000076293945,43.54999923706055,43.689998626708984,1590,0.0,0.0,0.0
2023-09-01 10:30:00-04:00,43.895301818847656,43.895301818847656,43.81869888305664,43.82500076293945,1940,0.0,0.0,0.0
2023-09-01 11:30:00-04:00,43.77000045776367,43.77000045776367,43.77000045776367,43.77000045776367,619,0.0,0.0,0.0
2023-09-01 12:30:00-04:00,43.849998474121094,43.849998474121094,43.77870178222656,43.79499816894531,6502,0.0,0.0,0.0
2023-09-01 13:30:00-04:00,43.79999923706055,43.817501068115234,43.79999923706055,43.817501068115234,896,0.0,0.0,0.0
2023-09-01 15:30:00-04:00,43.755401611328125,43.77090072631836,43.755401611328125,43.77090072631836,254,0.0,0.0,0.0
2023-09-05 09:30:00-04:00,43.30500030517578,43.30500030517578,42.79999923706055,42.79999923706055,488,0.0,0.0,0.0
2023-09-05 10:30:00-04:00,42.790000915527344,42.86159896850586,42.790000915527344,42.86159896850586,690,0.0,0.0,0.0
2023-09-05 11:30:00-04:00,42.75,42.81919860839844,42.75,42.81919860839844,476,0.0,0.0,0.0
2023-09-05 12:30:00-04:00,42.819000244140625,42.819000244140625,42.65599822998047,42.65610122680664,4932,0.0,0.0,0.0
2023-09-05 13:30:00-04:00,42.709999084472656,42.713600158691406,42.68619918823242,42.68939971923828,1039,0.0,0.0,0.0
2023-09-05 14:30:00-04:00,42.67499923706055,42.67499923706055,42.647098541259766,42.668701171875,1021,0.0,0.0,0.0
2023-09-05 15:30:00-04:00,42.68000030517578,42.68000030517578,42.630001068115234,42.630001068115234,301,0.0,0.0,0.0
2023-09-06 09:30:00-04:00,42.709999084472656,42.782100677490234,42.709999084472656,42.782100677490234,866,0.0,0.0,0.0
2023-09-06 10:30:00-04:00,42.567100524902344,42.599998474121094,42.567100524902344,42.599998474121094,916,0.0,0.0,0.0
2023-09-06 11:30:00-04:00,42.31999969482422,42.31999969482422,42.220001220703125,42.220001220703125,477648,0.0,0.0,0.0
2023-09-06 12:30:00-04:00,42.267398834228516,42.267398834228516,42.267398834228516,42.267398834228516,235,0.0,0.0,0.0
2023-09-06 13:30:00-04:00,42.2599983215332,42.310001373291016,42.2599983215332,42.310001373291016,920,0.0,0.0,0.0
2023-09-06 15:30:00-04:00,42.37910079956055,42.400001525878906,42.37910079956055,42.39500045776367,0,0.0,0.0,0.0
2023-09-07 09:30:00-04:00,42.2599983215332,42.2599983215332,41.959999084472656,41.959999084472656,1362,0.0,0.0,0.0
2023-09-07 10:30:00-04:00,41.88999938964844,41.94499969482422,41.88999938964844,41.94499969482422,391,0.0,0.0,0.0
2023-09-07 11:30:00-04:00,42.04759979248047,42.04999923706055,42.04759979248047,42.04999923706055,2050,0.0,0.0,0.0
2023-09-07 12:30:00-04:00,42.09590148925781,42.13990020751953,42.05229949951172,42.099998474121094,2401,0.0,0.0,0.0
2023-09-07 13:30:00-04:00,42.11000061035156,42.11000061035156,42.060001373291016,42.08000183105469,1534,0.0,0.0,0.0
2023-09-07 14:30:00-04:00,42.031700134277344,42.09000015258789,42.02000045776367,42.06999969482422,0,0.0,0.0,0.0
2023-09-07 15:30:00-04:00,42.0713996887207,42.130001068115234,42.040000915527344,42.040000915527344,66,0.0,0.0,0.0
2023-09-08 09:30:00-04:00,41.86399841308594,41.86399841308594,41.86399841308594,41.86399841308594,315,0.0,0.0,0.0
2023-09-08 10:30:00-04:00,42.03459930419922,42.14500045776367,42.03459930419922,42.14500045776367,843,0.0,0.0,0.0
2023-09-08 11:30:00-04:00,42.150001525878906,42.15999984741211,42.09109878540039,42.13999938964844,1877,0.0,0.0,0.0
2023-09-08 12:30:00-04:00,42.18000030517578,42.18000030517578,42.07569885253906,42.07569885253906,336,0.0,0.0,0.0
2023-09-08 13:30:00-04:00,42.09000015258789,42.099998474121094,42.032901763916016,42.032901763916016,1091,0.0,0.0,0.0
2023-09-08 14:30:00-04:00,42.05500030517578,42.08890151977539,42.03010177612305,42.04389953613281,1919,0.0,0.0,0.0
2023-09-08 15:30:00-04:00,42.05329895019531,42.05329895019531,42.005001068115234,42.04999923706055,3883,0.0,0.0,0.0
2023-09-11 09:30:00-04:00,42.25,42.36000061035156,42.189998626708984,42.2599983215332,3772,0.0,0.0,0.0
2023-09-11 11:30:00-04:00,42.138999938964844,42.150001525878906,42.060001373291016,42.13999938964844,6292,0.0,0.0,0.0
2023-09-11 12:30:00-04:00,42.15999984741211,42.15999984741211,42.14540100097656,42.14540100097656,586,0.0,0.0,0.0
2023-09-11 13:30:00-04:00,42.20500183105469,42.25,42.18000030517578,42.25,1347,0.0,0.0,0.0
2023-09-11 14:30:00-04:00,42.095001220703125,42.130001068115234,42.095001220703125,42.109901428222656,2548,0.0,0.0,0.0
2023-09-11 15:30:00-04:00,42.129798889160156,42.13999938964844,42.04999923706055,42.099998474121094,0,0.0,0.0,0.0
2023-09-12 09:30:00-04:00,42.040000915527344,42.2494010925293,42.0,42.113399505615234,994,0.0,0.0,0.0
2023-09-12 10:30:00-04:00,42.1349983215332,42.16999816894531,42.05400085449219,42.13169860839844,1521,0.0,0.0,0.0
2023-09-12 11:30:00-04:00,42.154998779296875,42.22999954223633,42.154998779296875,42.220001220703125,1412,0.0,0.0,0.0
2023-09-12 12:30:00-04:00,42.2504997253418,42.27000045776367,42.22060012817383,42.27000045776367,1965,0.0,0.0,0.0
2023-09-12 13:30:00-04:00,42.2400016784668,42.25,42.22999954223633,42.25,5659,0.0,0.0,0.0
2023-09-12 14:30:00-04:00,42.119998931884766,42.150001525878906,42.099998474121094,42.11989974975586,997,0.0,0.0,0.0
2023-09-12 15:30:00-04:00,42.099998474121094,42.13999938964844,42.06999969482422,42.130001068115234,0,0.0,0.0,0.0
2023-09-13 10:30:00-04:00,41.97999954223633,42.0,41.97999954223633,41.9900016784668,1878,0.0,0.0,0.0
2023-09-13 11:30:00-04:00,41.95000076293945,41.95000076293945,41.90999984741211,41.90999984741211,2731,0.0,0.0,0.0
2023-09-13 12:30:00-04:00,41.9900016784668,41.9900016784668,41.93000030517578,41.93000030517578,661,0.0,0.0,0.0
2023-09-13 13:30:00-04:00,41.91109848022461,41.94929885864258,41.79999923706055,41.79999923706055,7093,0.0,0.0,0.0
2023-09-13 14:30:00-04:00,41.709999084472656,41.7400016784668,41.689998626708984,41.689998626708984,2413,0.0,0.0,0.0
2023-09-13 15:30:00-04:00,41.790000915527344,41.84000015258789,41.790000915527344,41.84000015258789,485,0.0,0.0,0.0
2023-09-14 09:30:00-04:00,42.189998626708984,42.43000030517578,42.189998626708984,42.29999923706055,3900,0.0,0.0,0.0
2023-09-14 10:30:00-04:00,42.29999923706055,42.48500061035156,42.29999923706055,42.41849899291992,3190,0.0,0.0,0.0
2023-09-14 11:30:00-04:00,42.481300354003906,42.481300354003906,42.437599182128906,42.437599182128906,1280,0.0,0.0,0.0
2023-09-14 12:30:00-04:00,42.47249984741211,42.499900817871094,42.44369888305664,42.499900817871094,1830,0.0,0.0,0.0
2023-09-14 13:30:00-04:00,42.52439880371094,42.52439880371094,42.48979949951172,42.48979949951172,1127,0.0,0.0,0.0
2023-09-14 14:30:00-04:00,42.59000015258789,42.59000015258789,42.54999923706055,42.54999923706055,24799,0.0,0.0,0.0
2023-09-14 15:30:00-04:00,42.52899932861328,42.63999938964844,42.52899932861328,42.63999938964844,0,0.0,0.0,0.0
2023-09-15 09:30:00-04:00,42.56999969482422,42.56999969482422,42.45000076293945,42.45000076293945,1010,0.0,0.0,0.0
2023-09-15 10:30:00-04:00,42.26839828491211,42.26839828491211,42.26839828491211,42.26839828491211,367,0.0,0.0,0.0
2023-09-15 11:30:00-04:00,42.22999954223633,42.279998779296875,42.22999954223633,42.2400016784668,726,0.0,0.0,0.0
2023-09-15 12:30:00-04:00,42.20000076293945,42.20000076293945,42.20000076293945,42.20000076293945,151,0.0,0.0,0.0
2023-09-15 13:30:00-04:00,42.209999084472656,42.28990173339844,42.209999084472656,42.2489013671875,4503,0.0,0.0,0.0
2023-09-15 14:30:00-04:00,42.2775993347168,42.35070037841797,42.2775993347168,42.35070037841797,4413,0.0,0.0,0.0
2023-09-15 15:30:00-04:00,42.33000183105469,42.34000015258789,42.33000183105469,42.34000015258789,486,0.0,0.0,0.0
2023-09-18 09:30:00-04:00,42.310001373291016,42.32379913330078,42.185001373291016,42.185001373291016,1564,0.0,0.0,0.0
2023-09-18 10:30:00-04:00,42.35240173339844,42.36000061035156,42.34370040893555,42.34370040893555,1889,0.0,0.0,0.0
2023-09-18 11:30:00-04:00,42.30910110473633,42.30910110473633,42.279998779296875,42.279998779296875,1032,0.0,0.0,0.0
2023-09-18 12:30:00-04:00,42.29010009765625,42.310001373291016,42.283199310302734,42.283199310302734,862,0.0,0.0,0.0
2023-09-18 13:30:00-04:00,42.212398529052734,42.22249984741211,42.20880126953125,42.22249984741211,2092,0.0,0.0,0.0
2023-09-18 14:30:00-04:00,42.220001220703125,42.220001220703125,42.170101165771484,42.18000030517578,3623,0.0,0.0,0.0
2023-09-18 15:30:00-04:00,42.19499969482422,42.19499969482422,42.119998931884766,42.119998931884766,1012,0.0,0.0,0.0
2023-09-19 09:30:00-04:00,42.130001068115234,42.38999938964844,42.060001373291016,42.060001373291016,8644,0.0,0.0,0.0
2023-09-19 10:30:00-04:00,42.190101623535156,42.190101623535156,42.15119934082031,42.15119934082031,2751,0.0,0.0,0.0
2023-09-19 11:30:00-04:00,42.040000915527344,42.040000915527344,42.000701904296875,42.000701904296875,502,0.0,0.0,0.0
2023-09-19 12:30:00-04:00,42.04990005493164,42.04990005493164,42.0099983215332,42.03499984741211,1817,0.0,0.0,0.0
2023-09-19 13:30:00-04:00,42.095001220703125,42.1150016784668,42.06999969482422,42.09000015258789,8898,0.0,0.0,0.0
2023-09-19 14:30:00-04:00,42.100101470947266,42.12409973144531,42.08000183105469,42.099998474121094,1816,0.0,0.0,0.0
2023-09-19 15:30:00-04:00,42.130001068115234,42.16999816894531,42.08000183105469,42.08789825439453,0,0.0,0.0,0.0
2023-09-20 09:30:00-04:00,42.37990188598633,42.599998474121094,42.37990188598633,42.53070068359375,1660,0.0,0.0,0.0
2023-09-20 11:30:00-04:00,42.52000045776367,42.529998779296875,42.52000045776367,42.529998779296875,1683,0.0,0.0,0.0
2023-09-20 12:30:00-04:00,42.52989959716797,42.52989959716797,42.43009948730469,42.43389892578125,2075,0.0,0.0,0.0
2023-09-20 14:30:00-04:00,42.410099029541016,42.410099029541016,42.110198974609375,42.150001525878906,2076,0.0,0.0,0.0
2023-09-20 15:30:00-04:00,42.08890151977539,42.08890151977539,41.93000030517578,41.93000030517578,0,0.0,0.0,0.0
2023-09-21 09:30:00-04:00,41.599998474121094,41.599998474121094,41.420101165771484,41.420101165771484,1143,0.0,0.0,0.0
2023-09-21 10:30:00-04:00,41.599998474121094,41.599998474121094,41.5099983215332,41.5099983215332,2844,0.0,0.0,0.0
2023-09-21 11:30:00-04:00,41.634498596191406,41.63999938964844,41.62300109863281,41.63999938964844,1151,0.0,0.0,0.0
2023-09-21 13:30:00-04:00,41.65800094604492,41.65800094604492,41.64500045776367,41.64500045776367,1259,0.0,0.0,0.0
2023-09-21 14:30:00-04:00,41.63249969482422,41.63249969482422,41.57680130004883,41.57680130004883,2101,0.0,0.0,0.0
2023-09-21 15:30:00-04:00,41.529998779296875,41.529998779296875,41.45130157470703,41.45130157470703,2683,0.0,0.0,0.0
2023-09-22 09:30:00-04:00,41.540000915527344,41.63999938964844,41.479400634765625,41.479400634765625,2569,0.0,0.0,0.0
2023-09-22 11:30:00-04:00,41.439998626708984,41.439998626708984,41.34000015258789,41.38999938964844,2356,0.0,0.0,0.0
2023-09-22 12:30:00-04:00,41.46500015258789,41.46500015258789,41.40999984741211,41.40999984741211,975,0.0,0.0,0.0
2023-09-22 13:30:00-04:00,41.380001068115234,41.380001068115234,41.29790115356445,41.29790115356445,1234,0.0,0.0,0.0
2023-09-22 14:30:00-04:00,41.28499984741211,41.42499923706055,41.2400016784668,41.42499923706055,878,0.0,0.0,0.0
2023-09-22 15:30:00-04:00,41.40999984741211,41.40999984741211,41.23500061035156,41.24489974975586,890,0.0,0.0,0.0
2023-09-25 09:30:00-04:00,40.91999816894531,41.140201568603516,40.91999816894531,41.140201568603516,11783,0.0,0.0,0.0
2023-09-25 10:30:00-04:00,41.0989990234375,41.25,41.0989990234375,41.25,8759,0.0,0.0,0.0
2023-09-25 11:30:00-04:00,41.279998779296875,41.279998779296875,41.279998779296875,41.279998779296875,256,0.0,0.0,0.0
2023-09-25 12:30:00-04:00,41.41999816894531,41.42169952392578,41.34000015258789,41.34000015258789,1292,0.0,0.0,0.0
2023-09-25 13:30:00-04:00,41.31999969482422,41.38999938964844,41.31999969482422,41.38999938964844,1005,0.0,0.0,0.0
2023-09-25 14:30:00-04:00,41.33000183105469,41.33000183105469,41.21269989013672,41.33000183105469,1229,0.0,0.0,0.0
2023-09-25 15:30:00-04:00,41.31999969482422,41.31999969482422,41.290000915527344,41.31999969482422,2506,0.0,0.0,0.0
2023-09-26 09:30:00-04:00,41.06999969482422,41.16999816894531,40.9995002746582,40.9995002746582,4458,0.0,0.0,0.0
2023-09-26 10:30:00-04:00,41.08570098876953,41.08570098876953,40.96009826660156,40.96009826660156,898,0.0,0.0,0.0
2023-09-26 11:30:00-04:00,40.894500732421875,40.894500732421875,40.86159896850586,40.86159896850586,1221,0.0,0.0,0.0
2023-09-26 12:30:00-04:00,40.86259841918945,40.86259841918945,40.86259841918945,40.86259841918945,327,0.0,0.0,0.0
2023-09-26 13:30:00-04:00,40.72999954223633,40.76499938964844,40.700401306152344,40.700401306152344,1605,0.0,0.0,0.0
2023-09-26 14:30:00-04:00,40.775001525878906,40.775001525878906,40.720001220703125,40.720001220703125,971,0.0,0.0,0.0
2023-09-26 15:30:00-04:00,40.747501373291016,40.790000915527344,40.66999816894531,40.66999816894531,1284,0.0,0.0,0.0
2023-09-27 09:30:00-04:00,40.880001068115234,40.880001068115234,40.880001068115234,40.880001068115234,1854,0.0,0.0,0.0
2023-09-27 10:30:00-04:00,41.13990020751953,41.220001220703125,41.06999969482422,41.1348991394043,1712,0.0,0.0,0.0
2023-09-27 11:30:00-04:00,41.150001525878906,41.150001525878906,41.027000427246094,41.027000427246094,559,0.0,0.0,0.0
2023-09-27 12:30:00-04:00,40.91999816894531,40.93000030517578,40.826900482177734,40.826900482177734,736,0.0,0.0,0.0
2023-09-27 13:30:00-04:00,40.869998931884766,40.97999954223633,40.869998931884766,40.959999084472656,1360,0.0,0.0,0.0
2023-09-27 14:30:00-04:00,41.037200927734375,41.168800354003906,41.037200927734375,41.15330123901367,3050,0.0,0.0,0.0
2023-09-27 15:30:00-04:00,41.179500579833984,41.179500579833984,40.99409866333008,41.0099983215332,1281,0.0,0.0,0.0
2023-09-28 09:30:00-04:00,41.029998779296875,41.2666015625,41.029998779296875,41.189998626708984,2261,0.0,0.0,0.0
2023-09-28 11:30:00-04:00,41.53519821166992,41.568199157714844,41.53519821166992,41.568199157714844,1112,0.0,0.0,0.0
2023-09-28 12:30:00-04:00,41.60210037231445,41.63750076293945,41.573299407958984,41.594600677490234,1303,0.0,0.0,0.0
2023-09-28 13:30:00-04:00,41.456600189208984,41.51449966430664,41.456600189208984,41.51449966430664,1298,0.0,0.0,0.0
2023-09-28 14:30:00-04:00,41.40999984741211,41.609901428222656,41.40999984741211,41.595001220703125,6670,0.0,0.0,0.0
2023-09-28 15:30:00-04:00,41.59000015258789,41.59000015258789,41.459999084472656,41.459999084472656,0,0.0,0.0,0.0
2023-09-29 09:30:00-04:00,41.70000076293945,41.76559829711914,41.64250183105469,41.72999954223633,6641,0.0,0.0,0.0
2023-09-29 10:30:00-04:00,41.630001068115234,41.630001068115234,41.56999969482422,41.56999969482422,549,0.0,0.0,0.0
2023-09-29 11:30:00-04:00,41.45000076293945,41.58000183105469,41.45000076293945,41.58000183105469,1521,0.0,0.0,0.0
2023-09-29 12:30:00-04:00,41.56999969482422,41.56999969482422,41.533199310302734,41.53609848022461,2856,0.0,0.0,0.0
2023-09-29 13:30:00-04:00,41.339900970458984,41.339900970458984,41.22010040283203,41.22010040283203,2962,0.0,0.0,0.0
2023-09-29 14:30:00-04:00,41.279998779296875,41.40079879760742,41.279998779296875,41.36000061035156,4175,0.0,0.0,0.0
2023-09-29 15:30:00-04:00,41.250099182128906,41.250301361083984,41.189998626708984,41.189998626708984,2449,0.0,0.0,0.0
2023-10-02 09:30:00-04:00,41.09000015258789,41.09000015258789,40.54999923706055,40.814998626708984,0,0.0,0.0,0.0
2023-10-02 10:30:00-04:00,40.693199157714844,40.79990005493164,40.693199157714844,40.79990005493164,1096,0.0,0.0,0.0
2023-10-02 11:30:00-04:00,40.810001373291016,40.810001373291016,40.58000183105469,40.58000183105469,5395,0.0,0.0,0.0
2023-10-02 12:30:00-04:00,40.529998779296875,40.68000030517578,40.529998779296875,40.68000030517578,765,0.0,0.0,0.0
2023-10-02 13:30:00-04:00,40.61000061035156,40.719600677490234,40.58359909057617,40.58359909057617,6014,0.0,0.0,0.0
2023-10-02 15:30:00-04:00,40.560001373291016,40.650001525878906,40.560001373291016,40.650001525878906,3510,0.0,0.0,0.0
2023-10-03 09:30:00-04:00,40.4900016784668,40.5,40.400001525878906,40.400001525878906,3519,0.0,0.0,0.0
2023-10-03 11:30:00-04:00,40.12110137939453,40.1692008972168,40.06169891357422,40.1692008972168,8131,0.0,0.0,0.0
2023-10-03 12:30:00-04:00,40.19499969482422,40.19499969482422,40.12779998779297,40.12779998779297,344,0.0,0.0,0.0
2023-10-03 13:30:00-04:00,40.0281982421875,40.0281982421875,39.93000030517578,39.93000030517578,3339,0.0,0.0,0.0
2023-10-03 14:30:00-04:00,39.999900817871094,40.03990173339844,39.97420120239258,40.03990173339844,671,0.0,0.0,0.0
2023-10-03 15:30:00-04:00,40.09000015258789,40.09000015258789,40.040000915527344,40.040000915527344,203,0.0,0.0,0.0
2023-10-04 09:30:00-04:00,40.08000183105469,40.150001525878906,39.810001373291016,39.810001373291016,6658,0.0,0.0,0.0
2023-10-04 10:30:00-04:00,39.70000076293945,39.70000076293945,39.70000076293945,39.70000076293945,219,0.0,0.0,0.0
2023-10-04 11:30:00-04:00,40.068199157714844,40.068199157714844,40.068199157714844,40.068199157714844,324,0.0,0.0,0.0
2023-10-04 12:30:00-04:00,40.130001068115234,40.130001068115234,40.130001068115234,40.130001068115234,341,0.0,0.0,0.0
2023-10-04 13:30:00-04:00,39.965301513671875,39.965301513671875,39.965301513671875,39.965301513671875,556,0.0,0.0,0.0
2023-10-04 14:30:00-04:00,40.02000045776367,40.14059829711914,40.02000045776367,40.14059829711914,2017,0.0,0.0,0.0
2023-10-04 15:30:00-04:00,40.18000030517578,40.20000076293945,40.09000015258789,40.09000015258789,0,0.0,0.0,0.0
2023-10-05 09:30:00-04:00,40.189998626708984,40.189998626708984,40.172401428222656,40.172401428222656,783,0.0,0.0,0.0
2023-10-05 10:30:00-04:00,40.02000045776367,40.02000045776367,40.02000045776367,40.02000045776367,289,0.0,0.0,0.0
2023-10-05 11:30:00-04:00,39.95000076293945,39.95000076293945,39.894798278808594,39.894798278808594,646,0.0,0.0,0.0
2023-10-05 13:30:00-04:00,39.959999084472656,40.09870147705078,39.93000030517578,40.09870147705078,1123,0.0,0.0,0.0
2023-10-05 14:30:00-04:00,40.060001373291016,40.20000076293945,40.060001373291016,40.11199951171875,1633,0.0,0.0,0.0
2023-10-05 15:30:00-04:00,40.13890075683594,40.190101623535156,40.06999969482422,40.06999969482422,0,0.0,0.0,0.0
2023-10-06 09:30:00-04:00,39.86000061035156,39.95000076293945,39.619998931884766,39.619998931884766,13411,0.0,0.0,0.0
2023-10-06 10:30:00-04:00,39.97999954223633,39.97999954223633,39.97999954223633,39.97999954223633,339,0.0,0.0,0.0
2023-10-06 11:30:00-04:00,40.5,40.5099983215332,40.5,40.5099983215332,710,0.0,0.0,0.0
2023-10-06 12:30:00-04:00,40.220001220703125,40.36000061035156,40.220001220703125,40.28879928588867,5101,0.0,0.0,0.0
2023-10-06 13:30:00-04:00,40.324501037597656,40.394500732421875,40.289798736572266,40.373199462890625,4643,0.0,0.0,0.0
2023-10-06 14:30:00-04:00,40.43239974975586,40.46500015258789,40.29999923706055,40.29999923706055,2021,0.0,0.0,0.0
2023-10-06 15:30:00-04:00,40.34000015258789,40.34000015258789,40.224998474121094,40.224998474121094,429,0.0,0.0,0.0
2023-10-09 09:30:00-04:00,39.97999954223633,40.179901123046875,39.97999954223633,40.179901123046875,1524,0.0,0.0,0.0
2023-10-09 10:30:00-04:00,40.22999954223633,40.349300384521484,40.22999954223633,40.349300384521484,1002,0.0,0.0,0.0
2023-10-09 11:30:00-04:00,40.345001220703125,40.365501403808594,40.319801330566406,40.365501403808594,2159,0.0,0.0,0.0
2023-10-09 12:30:00-04:00,40.39059829711914,40.39059829711914,40.307498931884766,40.307498931884766,899,0.0,0.0,0.0
2023-10-09 13:30:00-04:00,40.665000915527344,40.665000915527344,40.665000915527344,40.665000915527344,180,0.0,0.0,0.0
2023-10-09 14:30:00-04:00,40.67369842529297,40.67369842529297,40.599998474121094,40.599998474121094,878,0.0,0.0,0.0
2023-10-09 15:30:00-04:00,40.595001220703125,40.595001220703125,40.540000915527344,40.540000915527344,0,0.0,0.0,0.0
2023-10-10 11:30:00-04:00,41.109901428222656,41.130001068115234,41.0703010559082,41.130001068115234,1323,0.0,0.0,0.0
2023-10-10 12:30:00-04:00,41.15919876098633,41.15919876098633,40.99039840698242,41.02909851074219,1539,0.0,0.0,0.0
2023-10-10 13:30:00-04:00,41.037498474121094,41.037498474121094,41.037498474121094,41.037498474121094,219,0.0,0.0,0.0
2023-10-10 14:30:00-04:00,41.08000183105469,41.08000183105469,41.0,41.0,662,0.0,0.0,0.0
2023-10-10 15:30:00-04:00,40.97999954223633,40.97999954223633,40.84000015258789,40.84000015258789,1553,0.0,0.0,0.0
2023-10-11 09:30:00-04:00,40.93000030517578,41.15129852294922,40.89080047607422,41.15129852294922,1820,0.0,0.0,0.0
2023-10-11 10:30:00-04:00,40.873600006103516,40.873600006103516,40.76860046386719,40.76860046386719,663,0.0,0.0,0.0
2023-10-11 11:30:00-04:00,40.7505989074707,40.7505989074707,40.599998474121094,40.599998474121094,534,0.0,0.0,0.0
2023-10-11 13:30:00-04:00,40.6349983215332,40.6349983215332,40.6349983215332,40.6349983215332,103,0.0,0.0,0.0
2023-10-11 14:30:00-04:00,40.76850128173828,40.84939956665039,40.730098724365234,40.84939956665039,0,0.0,0.0,0.0
2023-10-12 09:30:00-04:00,40.869998931884766,40.869998931884766,40.369998931884766,40.369998931884766,1719,0.0,0.0,0.0
2023-10-12 10:30:00-04:00,40.40810012817383,40.40810012817383,40.2401008605957,40.240299224853516,2055,0.0,0.0,0.0
2023-10-12 11:30:00-04:00,40.28990173339844,40.38999938964844,40.28990173339844,40.36249923706055,1887,0.0,0.0,0.0
2023-10-12 12:30:00-04:00,40.349998474121094,40.380001068115234,40.1150016784668,40.12990188598633,5798,0.0,0.0,0.0
2023-10-12 13:30:00-04:00,39.92789840698242,39.97999954223633,39.8744010925293,39.97999954223633,775,0.0,0.0,0.0
2023-10-12 14:30:00-04:00,39.974998474121094,40.015201568603516,39.974998474121094,40.015201568603516,2136,0.0,0.0,0.0
2023-10-12 15:30:00-04:00,40.108001708984375,40.130001068115234,40.09040069580078,40.10309982299805,668,0.0,0.0,0.0
2023-10-13 09:30:00-04:00,40.33000183105469,40.33000183105469,40.01940155029297,40.01940155029297,4012,0.0,0.0,0.0
2023-10-13 10:30:00-04:00,40.119998931884766,40.119998931884766,39.93009948730469,39.95000076293945,1398,0.0,0.0,0.0
2023-10-13 11:30:00-04:00,39.92259979248047,39.94089889526367,39.92259979248047,39.94089889526367,630,0.0,0.0,0.0
2023-10-13 12:30:00-04:00,39.93669891357422,39.93669891357422,39.839900970458984,39.839900970458984,1898,0.0,0.0,0.0
2023-10-13 13:30:00-04:00,39.77439880371094,39.790000915527344,39.77439880371094,39.779998779296875,2274,0.0,0.0,0.0
2023-10-13 14:30:00-04:00,39.779998779296875,39.779998779296875,39.77000045776367,39.77000045776367,945,0.0,0.0,0.0
2023-10-13 15:30:00-04:00,39.79999923706055,39.83000183105469,39.790000915527344,39.83000183105469,233,0.0,0.0,0.0
2023-10-16 09:30:00-04:00,40.04999923706055,40.37070083618164,40.04999923706055,40.36000061035156,0,0.0,0.0,0.0
2023-10-16 10:30:00-04:00,40.619998931884766,40.619998931884766,40.619998931884766,40.619998931884766,426,0.0,0.0,0.0
2023-10-16 11:30:00-04:00,40.529998779296875,40.529998779296875,40.47999954223633,40.5,219347,0.0,0.0,0.0
2023-10-16 12:30:00-04:00,40.53900146484375,40.540000915527344,40.47439956665039,40.47439956665039,1993,0.0,0.0,0.0
2023-10-16 13:30:00-04:00,40.56740188598633,40.597599029541016,40.5004997253418,40.5004997253418,1110,0.0,0.0,0.0
2023-10-16 14:30:00-04:00,40.47999954223633,40.540000915527344,40.47999954223633,40.540000915527344,863,0.0,0.0,0.0
2023-10-16 15:30:00-04:00,40.50559997558594,40.50559997558594,40.45000076293945,40.45000076293945,3394,0.0,0.0,0.0
2023-10-17 09:30:00-04:00,40.34000015258789,41.0,40.34000015258789,41.0,2330,0.0,0.0,0.0
2023-10-17 10:30:00-04:00,40.91999816894531,41.029998779296875,40.91999816894531,41.029998779296875,3441,0.0,0.0,0.0
2023-10-17 11:30:00-04:00,41.0609016418457,41.172401428222656,41.0609016418457,41.172401428222656,1164,0.0,0.0,0.0
2023-10-17 12:30:00-04:00,41.15679931640625,41.168399810791016,41.15679931640625,41.168399810791016,492,0.0,0.0,0.0
2023-10-17 13:30:00-04:00,41.11000061035156,41.11000061035156,41.11000061035156,41.11000061035156,45340,0.0,0.0,0.0
2023-10-17 14:30:00-04:00,41.040000915527344,41.11000061035156,41.040000915527344,41.067100524902344,7624,0.0,0.0,0.0
2023-10-17 15:30:00-04:00,41.0,41.0,41.0,41.0,212,0.0,0.0,0.0
2023-10-18 09:30:00-04:00,40.65999984741211,40.65999984741211,40.38759994506836,40.38759994506836,1789,0.0,0.0,0.0
2023-10-18 10:30:00-04:00,40.380001068115234,40.380401611328125,40.380001068115234,40.380401611328125,416,0.0,0.0,0.0
2023-10-18 11:30:00-04:00,40.45500183105469,40.45500183105469,40.38999938964844,40.38999938964844,2871,0.0,0.0,0.0
2023-10-18 12:30:00-04:00,40.400001525878906,40.54999923706055,40.39619827270508,40.54499816894531,2040,0.0,0.0,0.0
2023-10-18 13:30:00-04:00,40.50320053100586,40.50320053100586,40.50320053100586,40.50320053100586,455,0.0,0.0,0.0
2023-10-18 14:30:00-04:00,40.43000030517578,40.43000030517578,40.31169891357422,40.31169891357422,3626,0.0,0.0,0.0
2023-10-18 15:30:00-04:00,40.27730178833008,40.29999923706055,40.20560073852539,40.22999954223633,3660,0.0,0.0,0.0
2023-10-19 09:30:00-04:00,40.220001220703125,40.220001220703125,40.04899978637695,40.11000061035156,6923,0.0,0.0,0.0
2023-10-19 10:30:00-04:00,40.00130081176758,40.00130081176758,40.00130081176758,40.00130081176758,440,0.0,0.0,0.0
2023-10-19 11:30:00-04:00,40.310001373291016,40.310001373291016,40.22999954223633,40.29999923706055,10491,0.0,0.0,0.0
2023-10-19 12:30:00-04:00,40.130001068115234,40.290000915527344,39.97999954223633,40.2598991394043,7416,0.0,0.0,0.0
2023-10-19 13:30:00-04:00,39.91999816894531,39.91999816894531,39.91999816894531,39.91999816894531,335,0.0,0.0,0.0
2023-10-19 14:30:00-04:00,39.86000061035156,39.86000061035156,39.602699279785156,39.602699279785156,0,0.0,0.0,0.0
2023-10-20 09:30:00-04:00,39.65999984741211,39.68600082397461,39.630001068115234,39.68600082397461,2015,0.0,0.0,0.0
2023-10-20 10:30:00-04:00,39.400001525878906,39.52170181274414,39.400001525878906,39.52170181274414,1121,0.0,0.0,0.0
2023-10-20 11:30:00-04:00,39.38999938964844,39.38999938964844,39.369998931884766,39.369998931884766,511,0.0,0.0,0.0
2023-10-20 12:30:00-04:00,39.52000045776367,39.53499984741211,39.4901008605957,39.4901008605957,1736,0.0,0.0,0.0
2023-10-20 13:30:00-04:00,39.497798919677734,39.505001068115234,39.497798919677734,39.505001068115234,2773,0.0,0.0,0.0
2023-10-20 14:30:00-04:00,39.29999923706055,39.29999923706055,39.29999923706055,39.29999923706055,452,0.0,0.0,0.0
2023-10-20 15:30:00-04:00,39.34000015258789,39.34000015258789,39.18000030517578,39.18000030517578,4345,0.0,0.0,0.0
2023-10-23 09:30:00-04:00,39.099998474121094,39.29999923706055,38.935001373291016,39.24259948730469,5227,0.0,0.0,0.0
2023-10-23 10:30:00-04:00,39.11940002441406,39.11940002441406,39.11940002441406,39.11940002441406,495,0.0,0.0,0.0
2023-10-23 11:30:00-04:00,39.23809814453125,39.26959991455078,39.187400817871094,39.187400817871094,2159,0.0,0.0,0.0
2023-10-23 12:30:00-04:00,39.29909896850586,39.29909896850586,39.29909896850586,39.29909896850586,407,0.0,0.0,0.0
2023-10-23 13:30:00-04:00,39.29759979248047,39.29759979248047,39.150001525878906,39.150001525878906,6278,0.0,0.0,0.0
2023-10-23 14:30:00-04:00,39.16490173339844,39.20090103149414,38.95940017700195,38.95940017700195,3307,0.0,0.0,0.0
2023-10-23 15:30:00-04:00,38.900001525878906,38.970001220703125,38.847999572753906,38.86000061035156,0,0.0,0.0,0.0
2023-10-24 09:30:00-04:00,39.18000030517578,39.20500183105469,39.18000030517578,39.20500183105469,3085,0.0,0.0,0.0
2023-10-24 10:30:00-04:00,39.267601013183594,39.32899856567383,39.22999954223633,39.22999954223633,733,0.0,0.0,0.0
2023-10-24 11:30:00-04:00,39.06829833984375,39.06999969482422,38.95000076293945,38.95000076293945,1347,0.0,0.0,0.0
2023-10-24 12:30:00-04:00,38.94729995727539,38.95180130004883,38.89500045776367,38.89500045776367,1046,0.0,0.0,0.0
2023-10-24 13:30:00-04:00,38.9390983581543,39.0,38.9390983581543,39.0,1563,0.0,0.0,0.0
2023-10-24 14:30:00-04:00,39.0,39.04890060424805,39.0,39.02360153198242,2957,0.0,0.0,0.0
2023-10-24 15:30:00-04:00,39.067298889160156,39.067298889160156,39.0099983215332,39.04999923706055,1026,0.0,0.0,0.0
2023-10-25 09:30:00-04:00,38.810001373291016,38.84000015258789,38.52000045776367,38.57360076904297,0,0.0,0.0,0.0
2023-10-25 10:30:00-04:00,38.7599983215332,38.78879928588867,38.7599983215332,38.78879928588867,833,0.0,0.0,0.0
2023-10-25 11:30:00-04:00,38.79999923706055,38.81999969482422,38.61000061035156,38.679901123046875,8991,0.0,0.0,0.0
2023-10-25 12:30:00-04:00,38.65330123901367,38.65330123901367,38.54999923706055,38.56999969482422,2277,0.0,0.0,0.0
2023-10-25 13:30:00-04:00,38.56999969482422,38.709999084472656,38.56990051269531,38.709999084472656,5128,0.0,0.0,0.0
2023-10-25 14:30:00-04:00,38.66130065917969,38.726200103759766,38.66130065917969,38.69729995727539,1020,0.0,0.0,0.0
2023-10-25 15:30:00-04:00,38.7400016784668,38.7400016784668,38.63999938964844,38.63999938964844,0,0.0,0.0,0.0
2023-10-26 09:30:00-04:00,38.709999084472656,38.84000015258789,38.70000076293945,38.84000015258789,3613,0.0,0.0,0.0
2023-10-26 10:30:00-04:00,39.099998474121094,39.099998474121094,38.951900482177734,38.951900482177734,3240,0.0,0.0,0.0
2023-10-26 11:30:00-04:00,38.970001220703125,38.970001220703125,38.727901458740234,38.727901458740234,3803,0.0,0.0,0.0
2023-10-26 12:30:00-04:00,38.79180145263672,38.79180145263672,38.79180145263672,38.79180145263672,402,0.0,0.0,0.0
2023-10-26 13:30:00-04:00,38.93989944458008,38.939998626708984,38.93989944458008,38.939998626708984,719,0.0,0.0,0.0
2023-10-26 14:30:00-04:00,38.9817008972168,39.02899932861328,38.97999954223633,39.0099983215332,2675,0.0,0.0,0.0
2023-10-26 15:30:00-04:00,38.80179977416992,38.880001068115234,38.797698974609375,38.81999969482422,0,0.0,0.0,0.0
2023-10-27 09:30:00-04:00,38.84989929199219,38.84989929199219,38.72999954223633,38.72999954223633,2980,0.0,0.0,0.0
2023-10-27 11:30:00-04:00,38.80500030517578,38.80500030517578,38.720001220703125,38.720001220703125,1812,0.0,0.0,0.0
2023-10-27 12:30:00-04:00,38.669898986816406,38.669898986816406,38.5,38.51319885253906,3749,0.0,0.0,0.0
2023-10-27 13:30:00-04:00,38.52000045776367,38.52000045776367,38.4994010925293,38.4994010925293,624,0.0,0.0,0.0
2023-10-27 14:30:00-04:00,38.46200180053711,38.540000915527344,38.46200180053711,38.5,4756,0.0,0.0,0.0
2023-10-27 15:30:00-04:00,38.540000915527344,38.540000915527344,38.470001220703125,38.515499114990234,4138,0.0,0.0,0.0
2023-10-30 09:30:00-04:00,38.810001373291016,39.05009841918945,38.67499923706055,38.67499923706055,10954,0.0,0.0,0.0
2023-10-30 10:30:00-04:00,38.70000076293945,38.70000076293945,38.70000076293945,38.70000076293945,540,0.0,0.0,0.0
2023-10-30 11:30:00-04:00,38.72209930419922,38.72209930419922,38.66999816894531,38.66999816894531,422,0.0,0.0,0.0
2023-10-30 12:30:00-04:00,38.70000076293945,38.70650100708008,38.619998931884766,38.66999816894531,2254,0.0,0.0,0.0
2023-10-30 13:30:00-04:00,38.790000915527344,38.880001068115234,38.7599983215332,38.84000015258789,14287,0.0,0.0,0.0
2023-10-30 14:30:00-04:00,38.90999984741211,38.9901008605957,38.869998931884766,38.97999954223633,3333,0.0,0.0,0.0
2023-10-30 15:30:00-04:00,38.93000030517578,38.93000030517578,38.81999969482422,38.86000061035156,0,0.0,0.0,0.0
2023-10-31 09:30:00-04:00,38.88999938964844,38.9099006652832,38.689998626708984,38.845401763916016,7273,0.0,0.0,0.0
2023-10-31 10:30:00-04:00,38.970001220703125,39.03990173339844,38.970001220703125,39.029998779296875,1869,0.0,0.0,0.0
2023-10-31 11:30:00-04:00,38.95640182495117,38.95640182495117,38.874900817871094,38.90999984741211,5316,0.0,0.0,0.0
2023-10-31 12:30:00-04:00,38.900001525878906,38.900001525878906,38.900001525878906,38.900001525878906,2120,0.0,0.0,0.0
2023-10-31 13:30:00-04:00,38.87260055541992,38.88999938964844,38.81999969482422,38.81999969482422,2538,0.0,0.0,0.0
2023-10-31 14:30:00-04:00,38.83000183105469,38.98809814453125,38.83000183105469,38.98809814453125,766,0.0,0.0,0.0
2023-10-31 15:30:00-04:00,38.939998626708984,38.97999954223633,38.939998626708984,38.970001220703125,791,0.0,0.0,0.0
2023-11-01 09:30:00-04:00,39.08000183105469,39.08000183105469,38.78499984741211,39.07500076293945,3010,0.0,0.0,0.0
2023-11-01 10:30:00-04:00,39.15999984741211,39.189998626708984,38.97710037231445,38.97710037231445,2835,0.0,0.0,0.0
2023-11-01 11:30:00-04:00,38.959999084472656,39.03739929199219,38.959999084472656,39.03739929199219,1749,0.0,0.0,0.0
2023-11-01 12:30:00-04:00,38.9734001159668,38.9734001159668,38.91999816894531,38.91999816894531,2936,0.0,0.0,0.0
2023-11-01 13:30:00-04:00,38.935001373291016,38.952999114990234,38.869998931884766,38.952999114990234,4319,0.0,0.0,0.0
2023-11-01 14:30:00-04:00,39.040000915527344,39.14500045776367,38.83000183105469,39.13999938964844,9106,0.0,0.0,0.0
2023-11-01 15:30:00-04:00,39.220001220703125,39.279998779296875,39.18000030517578,39.209999084472656,0,0.0,0.0,0.0
2023-11-02 09:30:00-04:00,39.650001525878906,39.79999923706055,39.650001525878906,39.68000030517578,4632,0.0,0.0,0.0
2023-11-02 10:30:00-04:00,39.78900146484375,39.88999938964844,39.77000045776367,39.869998931884766,2380,0.0,0.0,0.0
2023-11-02 11:30:00-04:00,39.88990020751953,39.88990020751953,39.720001220703125,39.720001220703125,2293,0.0,0.0,0.0
2023-11-02 12:30:00-04:00,39.85900115966797,39.94990158081055,39.83000183105469,39.94990158081055,1158,0.0,0.0,0.0
2023-11-02 13:30:00-04:00,40.05110168457031,40.05110168457031,40.05110168457031,40.05110168457031,630,0.0,0.0,0.0
2023-11-02 14:30:00-04:00,40.06290054321289,40.13999938964844,40.06290054321289,40.130001068115234,4218,0.0,0.0,0.0
2023-11-02 15:30:00-04:00,40.119998931884766,40.25,40.119998931884766,40.25,1019,0.0,0.0,0.0
2023-11-03 09:30:00-04:00,40.880001068115234,41.18000030517578,40.880001068115234,41.18000030517578,1184,0.0,0.0,0.0
2023-11-03 10:30:00-04:00,41.06999969482422,41.1150016784668,41.06999969482422,41.1150016784668,3383,0.0,0.0,0.0
2023-11-03 11:30:00-04:00,41.099998474121094,41.244998931884766,41.099998474121094,41.18000030517578,3120,0.0,0.0,0.0
2023-11-03 12:30:00-04:00,41.18000030517578,41.20130157470703,41.130001068115234,41.130001068115234,4316,0.0,0.0,0.0
2023-11-03 13:30:00-04:00,41.22999954223633,41.279998779296875,41.22999954223633,41.2588005065918,1362,0.0,0.0,0.0
2023-11-03 14:30:00-04:00,41.349998474121094,41.43009948730469,41.349998474121094,41.40999984741211,5585,0.0,0.0,0.0
2023-11-03 15:30:00-04:00,41.31999969482422,41.31999969482422,41.220001220703125,41.25,1393,0.0,0.0,0.0
2023-11-06 09:30:00-05:00,41.290000915527344,41.290000915527344,40.956298828125,40.956298828125,5986,0.0,0.0,0.0
2023-11-06 10:30:00-05:00,40.989898681640625,40.989898681640625,40.93000030517578,40.93000030517578,2164,0.0,0.0,0.0
2023-11-06 11:30:00-05:00,40.954898834228516,41.03350067138672,40.954898834228516,41.0,2824,0.0,0.0,0.0
2023-11-06 12:30:00-05:00,40.96889877319336,40.9900016784668,40.9286003112793,40.9286003112793,3490,0.0,0.0,0.0
2023-11-06 13:30:00-05:00,40.900001525878906,40.916099548339844,40.87179946899414,40.87179946899414,2956,0.0,0.0,0.0
2023-11-06 14:30:00-05:00,40.941200256347656,41.0099983215332,40.90999984741211,40.97129821777344,2178,0.0,0.0,0.0
2023-11-06 15:30:00-05:00,40.9734001159668,40.98899841308594,40.93000030517578,40.97269821166992,4400,0.0,0.0,0.0
2023-11-07 09:30:00-05:00,40.7599983215332,40.7599983215332,40.54199981689453,40.64500045776367,0,0.0,0.0,0.0
2023-11-07 10:30:00-05:00,40.709999084472656,40.709999084472656,40.709999084472656,40.709999084472656,134,0.0,0.0,0.0
2023-11-07 11:30:00-05:00,40.68130111694336,40.68130111694336,40.55459976196289,40.55459976196289,1323,0.0,0.0,0.0
2023-11-07 12:30:00-05:00,40.527801513671875,40.527801513671875,40.5099983215332,40.5099983215332,1791,0.0,0.0,0.0
2023-11-07 13:30:00-05:00,40.59000015258789,40.61940002441406,40.5620002746582,40.61940002441406,1515,0.0,0.0,0.0
2023-11-07 14:30:00-05:00,40.540000915527344,40.65999984741211,40.540000915527344,40.65999984741211,2195,0.0,0.0,0.0
2023-11-07 15:30:00-05:00,40.60449981689453,40.66999816894531,40.54999923706055,40.54999923706055,0,0.0,0.0,0.0
2023-11-08 09:30:00-05:00,40.61000061035156,40.650001525878906,40.4900016784668,40.540000915527344,5360,0.0,0.0,0.0
2023-11-08 10:30:00-05:00,40.40999984741211,40.429100036621094,40.32500076293945,40.32500076293945,1581,0.0,0.0,0.0
2023-11-08 11:30:00-05:00,40.349998474121094,40.400001525878906,40.249298095703125,40.25080108642578,2001,0.0,0.0,0.0
2023-11-08 12:30:00-05:00,40.25,40.279998779296875,40.25,40.279998779296875,1011,0.0,0.0,0.0
2023-11-08 13:30:00-05:00,40.34809875488281,40.34809875488281,40.34809875488281,40.34809875488281,474,0.0,0.0,0.0
2023-11-08 14:30:00-05:00,40.33100128173828,40.33100128173828,40.33000183105469,40.3302001953125,909,0.0,0.0,0.0
2023-11-08 15:30:00-05:00,40.279998779296875,40.33000183105469,40.279998779296875,40.33000183105469,1529,0.0,0.0,0.0
2023-11-09 09:30:00-05:00,40.540000915527344,40.540000915527344,40.35100173950195,40.369998931884766,2729,0.0,0.0,0.0
2023-11-09 10:30:00-05:00,40.27000045776367,40.291099548339844,40.22999954223633,40.286598205566406,4211,0.0,0.0,0.0
2023-11-09 11:30:00-05:00,40.35020065307617,40.35020065307617,40.35020065307617,40.35020065307617,500,0.0,0.0,0.0
2023-11-09 12:30:00-05:00,40.18000030517578,40.18000030517578,40.18000030517578,40.18000030517578,158,0.0,0.0,0.0
2023-11-09 13:30:00-05:00,40.07619857788086,40.07619857788086,39.897499084472656,39.93000030517578,1635,0.0,0.0,0.0
2023-11-09 14:30:00-05:00,39.859901428222656,39.86000061035156,39.80009841918945,39.86000061035156,2393,0.0,0.0,0.0
2023-11-09 15:30:00-05:00,39.875999450683594,39.90999984741211,39.8401985168457,39.90999984741211,0,0.0,0.0,0.0
2023-11-10 09:30:00-05:00,40.099998474121094,40.099998474121094,39.84920120239258,39.95029830932617,2926,0.0,0.0,0.0
2023-11-10 10:30:00-05:00,39.92499923706055,39.92499923706055,39.92499923706055,39.92499923706055,132,0.0,0.0,0.0
2023-11-10 11:30:00-05:00,39.88930130004883,39.999298095703125,39.88930130004883,39.999298095703125,3122,0.0,0.0,0.0
2023-11-10 12:30:00-05:00,40.20500183105469,40.231300354003906,40.20500183105469,40.209999084472656,683,0.0,0.0,0.0
2023-11-10 13:30:00-05:00,40.28950119018555,40.43000030517578,40.28950119018555,40.43000030517578,3148,0.0,0.0,0.0
2023-11-10 14:30:00-05:00,40.380001068115234,40.38999938964844,40.320098876953125,40.36000061035156,3287,0.0,0.0,0.0
2023-11-10 15:30:00-05:00,40.36000061035156,40.36000061035156,40.290000915527344,40.31999969482422,642,0.0,0.0,0.0
2023-11-13 09:30:00-05:00,40.040000915527344,40.08369827270508,40.040000915527344,40.08369827270508,6315,0.0,0.0,0.0
2023-11-13 10:30:00-05:00,40.11140060424805,40.17879867553711,40.11140060424805,40.17879867553711,700,0.0,0.0,0.0
2023-11-13 11:30:00-05:00,40.329498291015625,40.369998931884766,40.31999969482422,40.369998931884766,2991,0.0,0.0,0.0
2023-11-13 12:30:00-05:00,40.3390007019043,40.3390007019043,40.3390007019043,40.3390007019043,1393,0.0,0.0,0.0
2023-11-13 13:30:00-05:00,40.310001373291016,40.369998931884766,40.29119873046875,40.34000015258789,1347,0.0,0.0,0.0
2023-11-13 14:30:00-05:00,40.32160186767578,40.36909866333008,40.30099868774414,40.32500076293945,2844,0.0,0.0,0.0
2023-11-13 15:30:00-05:00,40.35960006713867,40.35960006713867,40.22999954223633,40.22999954223633,0,0.0,0.0,0.0
2023-11-14 09:30:00-05:00,41.2599983215332,41.849998474121094,41.2599983215332,41.849998474121094,2855,0.0,0.0,0.0
2023-11-14 10:30:00-05:00,42.22019958496094,42.22019958496094,42.22019958496094,42.22019958496094,503,0.0,0.0,0.0
2023-11-14 11:30:00-05:00,42.09000015258789,42.09000015258789,42.06100082397461,42.080101013183594,2192,0.0,0.0,0.0
2023-11-14 12:30:00-05:00,42.13999938964844,42.13999938964844,42.13999938964844,42.13999938964844,31994,0.0,0.0,0.0
2023-11-14 13:30:00-05:00,42.244998931884766,42.26580047607422,42.16999816894531,42.20500183105469,10566,0.0,0.0,0.0
2023-11-14 14:30:00-05:00,42.22999954223633,42.38990020751953,42.22999954223633,42.38990020751953,929,0.0,0.0,0.0
2023-11-14 15:30:00-05:00,42.369998931884766,42.40999984741211,42.3650016784668,42.40999984741211,0,0.0,0.0,0.0
2023-11-15 09:30:00-05:00,42.4900016784668,42.689998626708984,42.41999816894531,42.599998474121094,3572,0.0,0.0,0.0
2023-11-15 10:30:00-05:00,42.95500183105469,42.98500061035156,42.95500183105469,42.98500061035156,1199,0.0,0.0,0.0
2023-11-15 11:30:00-05:00,42.81999969482422,42.81999969482422,42.70000076293945,42.81650161743164,2843,0.0,0.0,0.0
2023-11-15 12:30:00-05:00,42.84000015258789,42.84000015258789,42.56999969482422,42.56999969482422,1700,0.0,0.0,0.0
2023-11-15 13:30:00-05:00,42.69919967651367,42.69919967651367,42.559600830078125,42.559600830078125,2288,0.0,0.0,0.0
2023-11-15 14:30:00-05:00,42.63359832763672,42.650001525878906,42.54999923706055,42.650001525878906,2760,0.0,0.0,0.0
2023-11-15 15:30:00-05:00,42.619998931884766,42.65999984741211,42.59349822998047,42.599998474121094,6501,0.0,0.0,0.0
2023-11-16 09:30:00-05:00,42.599998474121094,42.599998474121094,42.05030059814453,42.05030059814453,1795,0.0,0.0,0.0
2023-11-16 10:30:00-05:00,42.03519821166992,42.03519821166992,42.03519821166992,42.03519821166992,497,0.0,0.0,0.0
2023-11-16 11:30:00-05:00,41.962398529052734,42.01499938964844,41.91419982910156,41.99359893798828,8808,0.0,0.0,0.0
2023-11-16 12:30:00-05:00,42.04999923706055,42.04999923706055,41.970001220703125,42.029998779296875,872,0.0,0.0,0.0
2023-11-16 13:30:00-05:00,41.90010070800781,42.00899887084961,41.90010070800781,41.94499969482422,5671,0.0,0.0,0.0
2023-11-16 14:30:00-05:00,42.08060073852539,42.099998474121094,42.07500076293945,42.099998474121094,1190,0.0,0.0,0.0
2023-11-16 15:30:00-05:00,42.099998474121094,42.099998474121094,41.979400634765625,41.979400634765625,1896,0.0,0.0,0.0
2023-11-17 09:30:00-05:00,42.470001220703125,42.470001220703125,42.369998931884766,42.369998931884766,2059,0.0,0.0,0.0
2023-11-17 10:30:00-05:00,42.556400299072266,42.70000076293945,42.5166015625,42.5166015625,1468,0.0,0.0,0.0
2023-11-17 11:30:00-05:00,42.40999984741211,42.5099983215332,42.40999984741211,42.5099983215332,4390,0.0,0.0,0.0
2023-11-17 12:30:00-05:00,42.521400451660156,42.521400451660156,42.521400451660156,42.521400451660156,397,0.0,0.0,0.0
2023-11-17 13:30:00-05:00,42.55500030517578,42.589900970458984,42.52000045776367,42.52000045776367,1886,0.0,0.0,0.0
2023-11-17 14:30:00-05:00,42.525001525878906,42.54999923706055,42.52000045776367,42.54999923706055,1070,0.0,0.0,0.0
2023-11-17 15:30:00-05:00,42.529998779296875,42.560001373291016,42.529998779296875,42.560001373291016,502,0.0,0.0,0.0
2023-11-20 09:30:00-05:00,42.369998931884766,42.415000915527344,42.31999969482422,42.415000915527344,1777,0.0,0.0,0.0
2023-11-20 10:30:00-05:00,42.47679901123047,42.52899932861328,42.47420120239258,42.47420120239258,5220,0.0,0.0,0.0
2023-11-20 11:30:00-05:00,42.506099700927734,42.540000915527344,42.46500015258789,42.467498779296875,7225,0.0,0.0,0.0
2023-11-20 12:30:00-05:00,42.46500015258789,42.51499938964844,42.45000076293945,42.5,1295,0.0,0.0,0.0
2023-11-20 13:30:00-05:00,42.53969955444336,42.53969955444336,42.45439910888672,42.45439910888672,2895,0.0,0.0,0.0
2023-11-20 14:30:00-05:00,42.47999954223633,42.58000183105469,42.461700439453125,42.540000915527344,7000,0.0,0.0,0.0
2023-11-20 15:30:00-05:00,42.560001373291016,42.61000061035156,42.506099700927734,42.560001373291016,0,0.0,0.0,0.0
2023-11-21 09:30:00-05:00,42.52000045776367,42.52000045776367,42.22480010986328,42.29999923706055,6208,0.0,0.0,0.0
2023-11-21 10:30:00-05:00,42.290000915527344,42.45000076293945,42.290000915527344,42.380001068115234,2076,0.0,0.0,0.0
2023-11-21 11:30:00-05:00,42.29999923706055,42.32899856567383,42.26089859008789,42.26089859008789,2502,0.0,0.0,0.0
2023-11-21 12:30:00-05:00,42.29949951171875,42.369998931884766,42.27000045776367,42.28900146484375,2317,0.0,0.0,0.0
2023-11-21 13:30:00-05:00,42.299198150634766,42.29999923706055,42.244998931884766,42.2599983215332,1340,0.0,0.0,0.0
2023-11-21 14:30:00-05:00,42.2400016784668,42.25,42.20000076293945,42.20000076293945,5485,0.0,0.0,0.0
2023-11-21 15:30:00-05:00,42.20000076293945,42.20009994506836,42.150001525878906,42.18000030517578,3119,0.0,0.0,0.0
2023-11-22 09:30:00-05:00,42.400001525878906,42.540000915527344,42.349998474121094,42.459999084472656,4627,0.0,0.0,0.0
2023-11-22 10:30:00-05:00,42.47990036010742,42.47990036010742,42.450401306152344,42.450401306152344,348,0.0,0.0,0.0
2023-11-22 11:30:00-05:00,42.39580154418945,42.45880126953125,42.39580154418945,42.40999984741211,829,0.0,0.0,0.0
2023-11-22 12:30:00-05:00,42.325401306152344,42.325401306152344,42.22999954223633,42.31159973144531,60615,0.0,0.0,0.0
2023-11-22 13:30:00-05:00,42.34989929199219,42.359901428222656,42.279998779296875,42.30720138549805,6413,0.0,0.0,0.0
2023-11-22 14:30:00-05:00,42.292999267578125,42.310001373291016,42.257198333740234,42.27000045776367,1091,0.0,0.0,0.0
2023-11-22 15:30:00-05:00,42.35070037841797,42.36000061035156,42.342899322509766,42.342899322509766,1158,0.0,0.0,0.0
2023-11-24 09:30:00-05:00,42.45000076293945,42.510799407958984,42.45000076293945,42.48360061645508,3365,0.0,0.0,0.0
2023-11-24 10:30:00-05:00,42.57929992675781,42.57929992675781,42.47999954223633,42.47999954223633,15906,0.0,0.0,0.0
2023-11-24 11:30:00-05:00,42.43040084838867,42.439998626708984,42.3921012878418,42.40999984741211,3527,0.0,0.0,0.0
2023-11-27 09:30:00-05:00,42.380001068115234,42.380001068115234,42.11000061035156,42.2599983215332,4297,0.0,0.0,0.0
2023-11-27 10:30:00-05:00,42.29999923706055,42.29999923706055,42.29999923706055,42.29999923706055,403,0.0,0.0,0.0
2023-11-27 11:30:00-05:00,42.349998474121094,42.362098693847656,42.29010009765625,42.29010009765625,2308,0.0,0.0,0.0
2023-11-27 12:30:00-05:00,42.33190155029297,42.36069869995117,42.31010055541992,42.36069869995117,1555,0.0,0.0,0.0
2023-11-27 13:30:00-05:00,42.400001525878906,42.44900131225586,42.38100051879883,42.44900131225586,2398,0.0,0.0,0.0
2023-11-27 14:30:00-05:00,42.450801849365234,42.450801849365234,42.39780044555664,42.41999816894531,1730,0.0,0.0,0.0
2023-11-28 09:30:00-05:00,42.45000076293945,42.45000076293945,42.23500061035156,42.2599983215332,1019,0.0,0.0,0.0
2023-11-28 10:30:00-05:00,42.40829849243164,42.5,42.40829849243164,42.465301513671875,435,0.0,0.0,0.0
2023-11-28 11:30:00-05:00,42.521400451660156,42.529598236083984,42.380699157714844,42.380699157714844,6478,0.0,0.0,0.0
2023-11-28 12:30:00-05:00,42.40999984741211,42.41999816894531,42.227699279785156,42.239898681640625,17466,0.0,0.0,0.0
2023-11-28 13:30:00-05:00,42.30870056152344,42.30870056152344,42.22010040283203,42.26499938964844,2629,0.0,0.0,0.0
2023-11-28 14:30:00-05:00,42.31999969482422,42.36000061035156,42.290000915527344,42.36000061035156,7004,0.0,0.0,0.0
2023-11-28 15:30:00-05:00,42.29880142211914,42.315799713134766,42.2599983215332,42.2599983215332,0,0.0,0.0,0.0
2023-11-29 09:30:00-05:00,42.439998626708984,42.81740188598633,42.439998626708984,42.57500076293945,3924,0.0,0.0,0.0
2023-11-29 10:30:00-05:00,42.5619010925293,42.5619010925293,42.459999084472656,42.535701751708984,2163,0.0,0.0,0.0
2023-11-29 11:30:00-05:00,42.47999954223633,42.529998779296875,42.47999954223633,42.529998779296875,1786,0.0,0.0,0.0
2023-11-29 12:30:00-05:00,42.560001373291016,42.56999969482422,42.560001373291016,42.56999969482422,652,0.0,0.0,0.0
2023-11-29 13:30:00-05:00,42.57469940185547,42.59000015258789,42.54499816894531,42.560001373291016,1864,0.0,0.0,0.0
2023-11-29 14:30:00-05:00,42.45009994506836,42.494998931884766,42.39500045776367,42.39500045776367,1334,0.0,0.0,0.0
2023-11-29 15:30:00-05:00,42.32360076904297,42.38779830932617,42.31999969482422,42.36000061035156,0,0.0,0.0,0.0
2023-11-30 09:30:00-05:00,42.36989974975586,42.48500061035156,42.167598724365234,42.46009826660156,10121,0.0,0.0,0.0
2023-11-30 10:30:00-05:00,42.47999954223633,42.63990020751953,42.40999984741211,42.61000061035156,34691,0.0,0.0,0.0
2023-11-30 11:30:00-05:00,42.58000183105469,42.58430099487305,42.369998931884766,42.369998931884766,3262,0.0,0.0,0.0
2023-11-30 12:30:00-05:00,42.44430160522461,42.49850082397461,42.41630172729492,42.49850082397461,5198,0.0,0.0,0.0
2023-11-30 13:30:00-05:00,42.41999816894531,42.470001220703125,42.41999816894531,42.470001220703125,1799,0.0,0.0,0.0
2023-11-30 14:30:00-05:00,42.54990005493164,42.54990005493164,42.459999084472656,42.4900016784668,4329,0.0,0.0,0.0
2023-12-01 09:30:00-05:00,42.4900016784668,42.79069900512695,42.41999816894531,42.79069900512695,9581,0.0,0.0,0.0
2023-12-01 10:30:00-05:00,42.922000885009766,43.099998474121094,42.79999923706055,43.099998474121094,5236,0.0,0.0,0.0
2023-12-01 11:30:00-05:00,43.17499923706055,43.474998474121094,43.17499923706055,43.474998474121094,6915,0.0,0.0,0.0
2023-12-01 12:30:00-05:00,43.489498138427734,43.595001220703125,43.489498138427734,43.595001220703125,1099,0.0,0.0,0.0
2023-12-01 13:30:00-05:00,43.52000045776367,43.529998779296875,43.505001068115234,43.51089859008789,1114,0.0,0.0,0.0
2023-12-01 14:30:00-05:00,43.529300689697266,43.560001373291016,43.51499938964844,43.560001373291016,4008,0.0,0.0,0.0
2023-12-01 15:30:00-05:00,43.63999938964844,43.7400016784668,43.63999938964844,43.7400016784668,1391,0.0,0.0,0.0
2023-12-04 09:30:00-05:00,43.59000015258789,44.10309982299805,43.59000015258789,43.9276008605957,9400,0.0,0.0,0.0
2023-12-04 10:30:00-05:00,43.939998626708984,44.027801513671875,43.939998626708984,43.9900016784668,3004,0.0,0.0,0.0
2023-12-04 11:30:00-05:00,43.956600189208984,44.129398345947266,43.956600189208984,44.12770080566406,1821,0.0,0.0,0.0
2023-12-04 12:30:00-05:00,44.20000076293945,44.23350143432617,44.190101623535156,44.196800231933594,906,0.0,0.0,0.0
2023-12-04 13:30:00-05:00,44.060001373291016,44.12459945678711,44.049400329589844,44.12459945678711,1254,0.0,0.0,0.0
2023-12-04 14:30:00-05:00,44.14189910888672,44.25,44.14080047607422,44.20000076293945,3199,0.0,0.0,0.0
2023-12-04 15:30:00-05:00,44.15999984741211,44.220001220703125,44.109901428222656,44.220001220703125,1006,0.0,0.0,0.0
2023-12-05 09:30:00-05:00,44.150001525878906,44.150001525878906,43.7400016784668,43.832000732421875,10218,0.0,0.0,0.0
2023-12-05 10:30:00-05:00,43.778099060058594,43.90409851074219,43.778099060058594,43.880001068115234,2978,0.0,0.0,0.0
2023-12-05 11:30:00-05:00,43.875,43.875,43.875,43.875,863,0.0,0.0,0.0
2023-12-05 12:30:00-05:00,43.720001220703125,43.83000183105469,43.720001220703125,43.7681999206543,3119,0.0,0.0,0.0
2023-12-05 13:30:00-05:00,43.724998474121094,43.7599983215332,43.724998474121094,43.7599983215332,1563,0.0,0.0,0.0
2023-12-05 14:30:00-05:00,43.72999954223633,43.790000915527344,43.72600173950195,43.72600173950195,4067,0.0,0.0,0.0
2023-12-05 15:30:00-05:00,43.65829849243164,43.7400016784668,43.65829849243164,43.689998626708984,2671,0.0,0.0,0.0
2023-12-06 09:30:00-05:00,44.0,44.559898376464844,44.0,44.5,1555,0.0,0.0,0.0
2023-12-06 10:30:00-05:00,44.36000061035156,44.36000061035156,44.22999954223633,44.22999954223633,925,0.0,0.0,0.0
2023-12-06 11:30:00-05:00,44.09000015258789,44.16640090942383,44.09000015258789,44.16640090942383,1350,0.0,0.0,0.0
2023-12-06 12:30:00-05:00,44.04209899902344,44.04209899902344,44.04209899902344,44.04209899902344,373,0.0,0.0,0.0
2023-12-06 13:30:00-05:00,44.10499954223633,44.10499954223633,43.970001220703125,43.970001220703125,4995,0.0,0.0,0.0
2023-12-06 14:30:00-05:00,44.04999923706055,44.04999923706055,43.75080108642578,43.75080108642578,4184,0.0,0.0,0.0
2023-12-06 15:30:00-05:00,43.689998626708984,43.790000915527344,43.689998626708984,43.71609878540039,5664,0.0,0.0,0.0
2023-12-07 09:30:00-05:00,43.790000915527344,43.87519836425781,43.63999938964844,43.87519836425781,1550,0.0,0.0,0.0
2023-12-07 10:30:00-05:00,44.03310012817383,44.04600143432617,44.02349853515625,44.02349853515625,508,0.0,0.0,0.0
2023-12-07 11:30:00-05:00,44.004600524902344,44.0260009765625,44.0,44.0,718,0.0,0.0,0.0
2023-12-07 12:30:00-05:00,44.03010177612305,44.08000183105469,44.03010177612305,44.06999969482422,1816,0.0,0.0,0.0
2023-12-07 13:30:00-05:00,44.09000015258789,44.148399353027344,44.08000183105469,44.13629913330078,4068,0.0,0.0,0.0
2023-12-07 14:30:00-05:00,44.13999938964844,44.15999984741211,44.11600112915039,44.13479995727539,2979,0.0,0.0,0.0
2023-12-07 15:30:00-05:00,44.1963996887207,44.1963996887207,44.060001373291016,44.1963996887207,1136,0.0,0.0,0.0
2023-12-08 09:30:00-05:00,44.3849983215332,44.53499984741211,44.31460189819336,44.53499984741211,1177,0.0,0.0,0.0
2023-12-08 10:30:00-05:00,44.31010055541992,44.31010055541992,44.310001373291016,44.310001373291016,1509,0.0,0.0,0.0
2023-12-08 11:30:00-05:00,44.18000030517578,44.220001220703125,44.10499954223633,44.19340133666992,2683,0.0,0.0,0.0
2023-12-08 12:30:00-05:00,44.20000076293945,44.27080154418945,44.16999816894531,44.27080154418945,3201,0.0,0.0,0.0
2023-12-08 13:30:00-05:00,44.32550048828125,44.32550048828125,44.32550048828125,44.32550048828125,195,0.0,0.0,0.0
2023-12-08 14:30:00-05:00,44.385398864746094,44.386600494384766,44.32120132446289,44.386600494384766,1779,0.0,0.0,0.0
2023-12-08 15:30:00-05:00,44.402099609375,44.43000030517578,44.326698303222656,44.326698303222656,2292,0.0,0.0,0.0
2023-12-11 09:30:00-05:00,44.312599182128906,44.312599182128906,44.312599182128906,44.312599182128906,0,0.0,0.0,0.0
2023-12-11 10:30:00-05:00,44.279300689697266,44.310001373291016,44.279300689697266,44.30009841918945,1011,0.0,0.0,0.0
2023-12-11 11:30:00-05:00,44.427398681640625,44.45000076293945,44.427398681640625,44.45000076293945,684,0.0,0.0,0.0
2023-12-11 12:30:00-05:00,44.45309829711914,44.54499816894531,44.45199966430664,44.54499816894531,910,0.0,0.0,0.0
2023-12-11 13:30:00-05:00,44.499900817871094,44.499900817871094,44.499900817871094,44.499900817871094,169,0.0,0.0,0.0
2023-12-11 14:30:00-05:00,44.52000045776367,44.5890007019043,44.48500061035156,44.48500061035156,4954,0.0,0.0,0.0
2023-12-11 15:30:00-05:00,44.459999084472656,44.47999954223633,44.459999084472656,44.47999954223633,1001,0.0,0.0,0.0
2023-12-12 09:30:00-05:00,44.540000915527344,44.540000915527344,44.22999954223633,44.290000915527344,2507,0.0,0.0,0.0
2023-12-12 10:30:00-05:00,44.33000183105469,44.33000183105469,44.27000045776367,44.27000045776367,7136,0.0,0.0,0.0
2023-12-12 11:30:00-05:00,44.2682991027832,44.290000915527344,44.2682991027832,44.290000915527344,1067,0.0,0.0,0.0
2023-12-12 12:30:00-05:00,44.30030059814453,44.37969970703125,44.30030059814453,44.37969970703125,2687,0.0,0.0,0.0
2023-12-12 13:30:00-05:00,44.40999984741211,44.419898986816406,44.3849983215332,44.394798278808594,11983,0.0,0.0,0.0
2023-12-12 14:30:00-05:00,44.43000030517578,44.4900016784668,44.380001068115234,44.470001220703125,3987,0.0,0.0,0.0
2023-12-12 15:30:00-05:00,44.443199157714844,44.45000076293945,44.31999969482422,44.349998474121094,0,0.0,0.0,0.0
2023-12-13 09:30:00-05:00,44.41999816894531,44.41999816894531,44.20000076293945,44.20000076293945,3392,0.0,0.0,0.0
2023-12-13 10:30:00-05:00,44.18000030517578,44.31999969482422,44.18000030517578,44.25529861450195,3332,0.0,0.0,0.0
2023-12-13 11:30:00-05:00,44.150001525878906,44.18050003051758,44.10749816894531,44.10749816894531,2292,0.0,0.0,0.0
2023-12-13 12:30:00-05:00,44.029998779296875,44.029998779296875,43.96609878540039,43.96609878540039,1790,0.0,0.0,0.0
2023-12-13 13:30:00-05:00,44.0,44.83000183105469,43.926300048828125,44.79999923706055,14820,0.0,0.0,0.0
2023-12-13 14:30:00-05:00,44.83000183105469,45.525001525878906,44.81800079345703,45.329898834228516,8821,0.0,0.0,0.0
2023-12-13 15:30:00-05:00,45.59000015258789,45.689998626708984,45.5099983215332,45.66429901123047,18201,0.0,0.0,0.0
2023-12-14 09:30:00-05:00,46.33000183105469,46.95000076293945,46.33000183105469,46.70220184326172,12349,0.0,0.0,0.0
2023-12-14 10:30:00-05:00,46.766998291015625,46.869998931884766,46.62710189819336,46.822898864746094,5119,0.0,0.0,0.0
2023-12-14 11:30:00-05:00,46.9099006652832,47.04990005493164,46.86000061035156,47.011199951171875,4401,0.0,0.0,0.0
2023-12-14 12:30:00-05:00,47.029998779296875,47.029998779296875,46.787601470947266,46.787601470947266,3719,0.0,0.0,0.0
2023-12-14 13:30:00-05:00,46.79999923706055,46.79999923706055,46.6077995300293,46.68000030517578,6092,0.0,0.0,0.0
2023-12-14 14:30:00-05:00,47.029998779296875,47.029998779296875,47.00019836425781,47.029998779296875,503,0.0,0.0,0.0
2023-12-14 15:30:00-05:00,47.09000015258789,47.097801208496094,46.962799072265625,46.962799072265625,2116,0.0,0.0,0.0
2023-12-15 09:30:00-05:00,47.08000183105469,47.099998474121094,46.73929977416992,46.78879928588867,4140,0.0,0.0,0.0
2023-12-15 10:30:00-05:00,46.90999984741211,46.90999984741211,46.880001068115234,46.880001068115234,3013,0.0,0.0,0.0
2023-12-15 11:30:00-05:00,46.81999969482422,46.83000183105469,46.81999969482422,46.83000183105469,479,0.0,0.0,0.0
2023-12-15 12:30:00-05:00,46.7599983215332,46.7599983215332,46.58110046386719,46.58110046386719,1430,0.0,0.0,0.0
2023-12-15 13:30:00-05:00,46.59000015258789,46.619598388671875,46.40010070800781,46.52399826049805,3334,0.0,0.0,0.0
2023-12-15 14:30:00-05:00,46.47930145263672,46.650001525878906,46.47930145263672,46.650001525878906,3400,0.0,0.0,0.0
2023-12-15 15:30:00-05:00,46.58000183105469,46.58000183105469,46.54999923706055,46.56129837036133,1602,0.0,0.0,0.0
2023-12-18 09:30:00-05:00,46.790000915527344,46.83000183105469,46.61000061035156,46.65999984741211,2801,0.0,0.0,0.0
2023-12-18 10:30:00-05:00,46.6150016784668,46.66999816894531,46.5099983215332,46.619998931884766,4108,0.0,0.0,0.0
2023-12-18 11:30:00-05:00,46.61000061035156,46.61000061035156,46.57500076293945,46.61000061035156,1194,0.0,0.0,0.0
2023-12-18 12:30:00-05:00,46.580101013183594,46.63999938964844,46.470001220703125,46.470001220703125,1580,0.0,0.0,0.0
2023-12-18 13:30:00-05:00,46.5099983215332,46.5099983215332,46.400001525878906,46.400001525878906,6768,0.0,0.0,0.0
2023-12-18 14:30:00-05:00,46.3931999206543,46.572601318359375,46.3931999206543,46.5099983215332,7642,0.0,0.0,0.0
2023-12-18 15:30:00-05:00,46.5099983215332,46.54999923706055,46.5,46.5098991394043,4407,0.0,0.0,0.0
2023-12-19 09:30:00-05:00,46.880001068115234,47.18989944458008,46.880001068115234,47.10969924926758,3252,0.0,0.0,0.0
2023-12-19 10:30:00-05:00,47.154998779296875,47.290000915527344,47.154998779296875,47.290000915527344,1632,0.0,0.0,0.0
2023-12-19 11:30:00-05:00,47.138301849365234,47.150001525878906,47.130001068115234,47.130001068115234,14081,0.0,0.0,0.0
2023-12-19 12:30:00-05:00,47.2599983215332,47.2599983215332,47.22570037841797,47.22570037841797,2403,0.0,0.0,0.0
2023-12-19 13:30:00-05:00,47.34189987182617,47.38999938964844,47.34189987182617,47.38999938964844,2742,0.0,0.0,0.0
2023-12-19 14:30:00-05:00,47.37200164794922,47.415000915527344,47.31999969482422,47.415000915527344,10751,0.0,0.0,0.0
2023-12-19 15:30:00-05:00,47.421199798583984,47.44580078125,47.41999816894531,47.439998626708984,3048,0.0,0.0,0.0
2023-12-20 09:30:00-05:00,47.2599983215332,47.709999084472656,47.2599983215332,47.709999084472656,864,0.0,0.0,0.0
2023-12-20 10:30:00-05:00,47.880001068115234,47.880001068115234,47.83000183105469,47.86000061035156,1003,0.0,0.0,0.0
2023-12-20 11:30:00-05:00,47.86000061035156,47.86000061035156,47.849998474121094,47.859901428222656,990,0.0,0.0,0.0
2023-12-20 12:30:00-05:00,47.9900016784668,47.9900016784668,47.86000061035156,47.86000061035156,1573,0.0,0.0,0.0
2023-12-20 13:30:00-05:00,47.92179870605469,47.959999084472656,47.8848991394043,47.8848991394043,3474,0.0,0.0,0.0
2023-12-20 14:30:00-05:00,47.869998931884766,47.869998931884766,47.09000015258789,47.11000061035156,2969,0.0,0.0,0.0
2023-12-20 15:30:00-05:00,47.052799224853516,47.052799224853516,46.84550094604492,46.84550094604492,1112,0.0,0.0,0.0
2023-12-21 09:30:00-05:00,47.060001373291016,47.290000915527344,47.060001373291016,47.2598991394043,2943,0.0,0.0,0.0
2023-12-21 10:30:00-05:00,47.209999084472656,47.34000015258789,47.190101623535156,47.29650115966797,4345,0.0,0.0,0.0
2023-12-21 11:30:00-05:00,47.27000045776367,47.27000045776367,47.0099983215332,47.0099983215332,9600,0.0,0.0,0.0
2023-12-21 12:30:00-05:00,47.09000015258789,47.099998474121094,47.09000015258789,47.095001220703125,752,0.0,0.0,0.0
2023-12-21 13:30:00-05:00,47.15950012207031,47.18220138549805,47.078800201416016,47.150001525878906,5673,0.0,0.0,0.0
2023-12-21 14:30:00-05:00,47.19969940185547,47.25,47.19969940185547,47.2400016784668,4577,0.0,0.0,0.0
2023-12-21 15:30:00-05:00,47.3557014465332,47.470001220703125,47.3557014465332,47.439998626708984,0,0.0,0.0,0.0
2023-12-22 09:30:00-05:00,47.52000045776367,47.72999954223633,47.52000045776367,47.68000030517578,4322,0.0,0.0,0.0
2023-12-22 10:30:00-05:00,47.709999084472656,47.709999084472656,47.529998779296875,47.529998779296875,1558,0.0,0.0,0.0
2023-12-22 11:30:00-05:00,47.59000015258789,47.59000015258789,47.59000015258789,47.59000015258789,362,0.0,0.0,0.0
2023-12-22 12:30:00-05:00,47.738800048828125,47.769901275634766,47.738800048828125,47.744998931884766,942,0.0,0.0,0.0
2023-12-22 13:30:00-05:00,47.75559997558594,47.790000915527344,47.540000915527344,47.540000915527344,1923,0.0,0.0,0.0
2023-12-22 14:30:00-05:00,47.42499923706055,47.68000030517578,47.42499923706055,47.63999938964844,10783,0.0,0.0,0.0
2023-12-22 15:30:00-05:00,47.68000030517578,47.68000030517578,47.58000183105469,47.630001068115234,2391,0.0,0.0,0.0
2023-12-26 09:30:00-05:00,47.66999816894531,47.80910110473633,47.66999816894531,47.80910110473633,0,0.0,0.0,0.0
2023-12-26 10:30:00-05:00,47.77000045776367,47.849998474121094,47.77000045776367,47.849998474121094,318,0.0,0.0,0.0
2023-12-26 11:30:00-05:00,47.84450149536133,48.01530075073242,47.84450149536133,48.01530075073242,1033,0.0,0.0,0.0
2023-12-26 12:30:00-05:00,48.02519989013672,48.12670135498047,48.02519989013672,48.12670135498047,1448,0.0,0.0,0.0
2023-12-26 13:30:00-05:00,48.159698486328125,48.16699981689453,48.159698486328125,48.16699981689453,1324,0.0,0.0,0.0
2023-12-26 14:30:00-05:00,48.13999938964844,48.209999084472656,48.11000061035156,48.20709991455078,2683,0.0,0.0,0.0
2023-12-26 15:30:00-05:00,48.140098571777344,48.18000030517578,48.130001068115234,48.130001068115234,1538,0.0,0.0,0.0
2023-12-27 09:30:00-05:00,48.060001373291016,48.189998626708984,48.060001373291016,48.189998626708984,3858,0.0,0.0,0.0
2023-12-27 10:30:00-05:00,48.20000076293945,48.20000076293945,47.94779968261719,48.025001525878906,1582,0.0,0.0,0.0
2023-12-27 11:30:00-05:00,48.05929946899414,48.15999984741211,48.02109909057617,48.15999984741211,1317,0.0,0.0,0.0
2023-12-27 12:30:00-05:00,48.15999984741211,48.36000061035156,48.05009841918945,48.259498596191406,3337,0.0,0.0,0.0
2023-12-27 13:30:00-05:00,48.287601470947266,48.29999923706055,48.058101654052734,48.11000061035156,3659,0.0,0.0,0.0
2023-12-27 14:30:00-05:00,48.150001525878906,48.18000030517578,48.072898864746094,48.072898864746094,1585,0.0,0.0,0.0
2023-12-27 15:30:00-05:00,48.1072998046875,48.1072998046875,48.029998779296875,48.069400787353516,3579,0.0,0.0,0.0
2023-12-28 09:30:00-05:00,47.90999984741211,48.16999816894531,47.89500045776367,48.141998291015625,0,0.0,0.0,0.0
2023-12-28 10:30:00-05:00,48.130001068115234,48.130001068115234,47.89080047607422,47.97999954223633,20034,0.0,0.0,0.0
2023-12-28 11:30:00-05:00,47.93479919433594,48.02000045776367,47.93479919433594,47.97169876098633,1319,0.0,0.0,0.0
2023-12-28 12:30:00-05:00,47.97999954223633,47.97999954223633,47.890899658203125,47.890899658203125,1262,0.0,0.0,0.0
2023-12-28 13:30:00-05:00,47.900001525878906,47.97330093383789,47.900001525878906,47.97330093383789,3975,0.0,0.0,0.0
2023-12-28 14:30:00-05:00,47.93980026245117,47.95000076293945,47.880001068115234,47.90739822387695,2678,0.0,0.0,0.0
2023-12-28 15:30:00-05:00,47.93000030517578,47.970001220703125,47.880001068115234,47.90810012817383,0,0.0,0.0,0.0
2023-12-29 09:30:00-05:00,47.90999984741211,47.93000030517578,47.77299880981445,47.7943000793457,6230,0.0,0.0,0.0
2023-12-29 10:30:00-05:00,47.667999267578125,47.71849822998047,47.489898681640625,47.489898681640625,3118,0.0,0.0,0.0
2023-12-29 11:30:00-05:00,47.48830032348633,47.5099983215332,47.41379928588867,47.48820114135742,3315,0.0,0.0,0.0
2023-12-29 12:30:00-05:00,47.47999954223633,47.630001068115234,47.45220184326172,47.630001068115234,3520,0.0,0.0,0.0
2023-12-29 13:30:00-05:00,47.5989990234375,47.5989990234375,47.52009963989258,47.578399658203125,1093,0.0,0.0,0.0
2023-12-29 14:30:00-05:00,47.53030014038086,47.629398345947266,47.53030014038086,47.540000915527344,782,0.0,0.0,0.0
2023-12-29 15:30:00-05:00,47.630001068115234,47.630001068115234,47.439998626708984,47.439998626708984,3175,0.0,0.0,0.0
2024-01-02 09:30:00-05:00,47.2400016784668,47.402000427246094,47.2400016784668,47.402000427246094,3928,0.0,0.0,0.0
2024-01-02 10:30:00-05:00,47.3849983215332,47.3849983215332,47.31999969482422,47.349998474121094,4278,0.0,0.0,0.0
2024-01-02 11:30:00-05:00,47.52000045776367,47.59000015258789,47.52000045776367,47.59000015258789,2717,0.0,0.0,0.0
2024-01-02 12:30:00-05:00,47.61000061035156,47.61000061035156,47.52360153198242,47.52360153198242,3953,0.0,0.0,0.0
2024-01-02 13:30:00-05:00,47.44710159301758,47.44710159301758,47.2599983215332,47.2599983215332,46774,0.0,0.0,0.0
2024-01-02 14:30:00-05:00,47.27000045776367,47.27000045776367,47.09000015258789,47.09000015258789,15410,0.0,0.0,0.0
2024-01-02 15:30:00-05:00,47.12889862060547,47.275001525878906,47.04999923706055,47.275001525878906,2569,0.0,0.0,0.0
2024-01-03 09:30:00-05:00,46.560001373291016,46.599998474121094,46.560001373291016,46.599998474121094,859,0.0,0.0,0.0
2024-01-03 10:30:00-05:00,46.65999984741211,46.709999084472656,46.40010070800781,46.65999984741211,19368,0.0,0.0,0.0
2024-01-03 11:30:00-05:00,46.70000076293945,46.70500183105469,46.584999084472656,46.649898529052734,1174,0.0,0.0,0.0
2024-01-03 12:30:00-05:00,46.66899871826172,46.71879959106445,46.630001068115234,46.71879959106445,5914,0.0,0.0,0.0
2024-01-03 13:30:00-05:00,46.689998626708984,46.70000076293945,46.459999084472656,46.68939971923828,2209,0.0,0.0,0.0
2024-01-03 14:30:00-05:00,46.70500183105469,46.70500183105469,46.06999969482422,46.099998474121094,8594,0.0,0.0,0.0
2024-01-03 15:30:00-05:00,46.15999984741211,46.22999954223633,46.077701568603516,46.130001068115234,10955,0.0,0.0,0.0
2024-01-04 09:30:00-05:00,46.150001525878906,46.34000015258789,46.150001525878906,46.29199981689453,3535,0.0,0.0,0.0
2024-01-04 10:30:00-05:00,46.33060073852539,46.34989929199219,46.310001373291016,46.3385009765625,1884,0.0,0.0,0.0
2024-01-04 11:30:00-05:00,46.22679901123047,46.22679901123047,46.18989944458008,46.18989944458008,1503,0.0,0.0,0.0
2024-01-04 12:30:00-05:00,46.04999923706055,46.10179901123047,46.03379821777344,46.04999923706055,2764,0.0,0.0,0.0
2024-01-04 13:30:00-05:00,46.13999938964844,46.13999938964844,46.13999938964844,46.13999938964844,2056,0.0,0.0,0.0
2024-01-04 14:30:00-05:00,46.04999923706055,46.150001525878906,46.04999923706055,46.12799835205078,4534,0.0,0.0,0.0
2024-01-04 15:30:00-05:00,46.15999984741211,46.15999984741211,45.970001220703125,46.02429962158203,0,0.0,0.0,0.0
2024-01-05 09:30:00-05:00,45.869998931884766,46.31999969482422,45.77000045776367,46.269500732421875,11077,0.0,0.0,0.0
2024-01-05 10:30:00-05:00,46.26499938964844,46.349998474121094,46.23929977416992,46.23929977416992,9580,0.0,0.0,0.0
2024-01-05 11:30:00-05:00,46.13529968261719,46.13529968261719,45.93009948730469,45.93009948730469,32891,0.0,0.0,0.0
2024-01-05 12:30:00-05:00,45.959999084472656,46.04999923706055,45.90919876098633,46.02000045776367,4229,0.0,0.0,0.0
2024-01-05 13:30:00-05:00,46.11989974975586,46.16999816894531,46.066200256347656,46.16999816894531,2051,0.0,0.0,0.0
2024-01-05 14:30:00-05:00,46.000099182128906,46.09000015258789,45.820098876953125,45.9567985534668,2399,0.0,0.0,0.0
2024-01-05 15:30:00-05:00,45.920101165771484,45.9900016784668,45.920101165771484,45.970001220703125,1956,0.0,0.0,0.0
2024-01-08 09:30:00-05:00,45.880001068115234,46.021400451660156,45.775001525878906,46.021400451660156,4849,0.0,0.0,0.0
2024-01-08 10:30:00-05:00,46.04100036621094,46.150001525878906,46.04100036621094,46.119998931884766,8084,0.0,0.0,0.0
2024-01-08 11:30:00-05:00,46.1349983215332,46.19900131225586,46.03020095825195,46.03020095825195,2468,0.0,0.0,0.0
2024-01-08 12:30:00-05:00,46.06999969482422,46.13999938964844,46.06999969482422,46.13999938964844,2193,0.0,0.0,0.0
2024-01-08 13:30:00-05:00,46.06999969482422,46.21900177001953,46.06999969482422,46.21900177001953,9038,0.0,0.0,0.0
2024-01-08 14:30:00-05:00,46.279998779296875,46.31999969482422,46.21200180053711,46.22999954223633,3201,0.0,0.0,0.0
2024-01-08 15:30:00-05:00,46.349998474121094,46.349998474121094,46.2400016784668,46.349998474121094,9197,0.0,0.0,0.0
2024-01-09 09:30:00-05:00,45.970001220703125,45.970001220703125,45.560001373291016,45.68000030517578,4148,0.0,0.0,0.0
2024-01-09 10:30:00-05:00,45.720001220703125,45.779998779296875,45.67789840698242,45.779998779296875,8078,0.0,0.0,0.0
2024-01-09 11:30:00-05:00,45.83000183105469,45.900001525878906,45.81999969482422,45.87990188598633,4517,0.0,0.0,0.0
2024-01-09 12:30:00-05:00,45.93000030517578,45.93080139160156,45.75,45.75,8635,0.0,0.0,0.0
2024-01-09 13:30:00-05:00,45.790000915527344,45.89500045776367,45.77000045776367,45.77000045776367,11273,0.0,0.0,0.0
2024-01-09 14:30:00-05:00,45.810001373291016,45.849998474121094,45.75,45.81869888305664,8448,0.0,0.0,0.0
2024-01-09 15:30:00-05:00,45.79999923706055,45.81999969482422,45.7400016784668,45.782798767089844,1636,0.0,0.0,0.0
2024-01-10 09:30:00-05:00,45.720001220703125,45.86000061035156,45.59000015258789,45.689998626708984,12138,0.0,0.0,0.0
2024-01-10 10:30:00-05:00,45.86909866333008,45.86909866333008,45.790000915527344,45.81439971923828,1090,0.0,0.0,0.0
2024-01-10 11:30:00-05:00,45.81850051879883,45.827999114990234,45.790000915527344,45.79999923706055,1469,0.0,0.0,0.0
2024-01-10 12:30:00-05:00,45.81999969482422,45.849998474121094,45.75,45.80659866333008,10765,0.0,0.0,0.0
2024-01-10 13:30:00-05:00,45.810001373291016,45.86000061035156,45.779998779296875,45.86000061035156,2367,0.0,0.0,0.0
2024-01-10 14:30:00-05:00,45.900001525878906,45.930599212646484,45.7400016784668,45.77000045776367,6596,0.0,0.0,0.0
2024-01-10 15:30:00-05:00,45.72999954223633,45.89030075073242,45.72999954223633,45.89030075073242,0,0.0,0.0,0.0
2024-01-11 09:30:00-05:00,45.900001525878906,45.900001525878906,45.34000015258789,45.415000915527344,8267,0.0,0.0,0.0
2024-01-11 10:30:00-05:00,45.41999816894531,45.46500015258789,45.279998779296875,45.308998107910156,4022,0.0,0.0,0.0
2024-01-11 11:30:00-05:00,45.349998474121094,45.349998474121094,45.349998474121094,45.349998474121094,44070,0.0,0.0,0.0
2024-01-11 12:30:00-05:00,45.349998474121094,45.56010055541992,45.332000732421875,45.56010055541992,2113,0.0,0.0,0.0
2024-01-11 13:30:00-05:00,45.55839920043945,45.55839920043945,45.52000045776367,45.52000045776367,1664,0.0,0.0,0.0
2024-01-11 14:30:00-05:00,45.59000015258789,45.689998626708984,45.584999084472656,45.584999084472656,1500,0.0,0.0,0.0
2024-01-11 15:30:00-05:00,45.68560028076172,45.75,45.61940002441406,45.72999954223633,31191,0.0,0.0,0.0
2024-01-12 09:30:00-05:00,46.09000015258789,46.20000076293945,45.97079849243164,45.97079849243164,0,0.0,0.0,0.0
2024-01-12 10:30:00-05:00,45.66400146484375,45.70500183105469,45.66400146484375,45.70500183105469,485,0.0,0.0,0.0
2024-01-12 11:30:00-05:00,45.709999084472656,45.709999084472656,45.560001373291016,45.560001373291016,1642,0.0,0.0,0.0
2024-01-12 12:30:00-05:00,45.61289978027344,45.630001068115234,45.61289978027344,45.630001068115234,1114,0.0,0.0,0.0
2024-01-12 13:30:00-05:00,45.70880126953125,45.752601623535156,45.6515007019043,45.712799072265625,3997,0.0,0.0,0.0
2024-01-12 14:30:00-05:00,45.75,45.75,45.52000045776367,45.52000045776367,1861,0.0,0.0,0.0
2024-01-12 15:30:00-05:00,45.630001068115234,45.72999954223633,45.56999969482422,45.72999954223633,4430,0.0,0.0,0.0
2024-01-16 09:30:00-05:00,45.45000076293945,45.45000076293945,45.099998474121094,45.349998474121094,10128,0.0,0.0,0.0
2024-01-16 10:30:00-05:00,45.29499816894531,45.359901428222656,45.18000030517578,45.18000030517578,5038,0.0,0.0,0.0
2024-01-16 11:30:00-05:00,45.27000045776367,45.29999923706055,45.220001220703125,45.26499938964844,5707,0.0,0.0,0.0
2024-01-16 12:30:00-05:00,45.19499969482422,45.2599983215332,45.166500091552734,45.2599983215332,3776,0.0,0.0,0.0
2024-01-16 13:30:00-05:00,45.06999969482422,45.11949920654297,45.06999969482422,45.06999969482422,992,0.0,0.0,0.0
2024-01-16 14:30:00-05:00,45.15999984741211,45.15999984741211,45.099998474121094,45.1150016784668,1047,0.0,0.0,0.0
2024-01-16 15:30:00-05:00,45.04999923706055,45.131900787353516,45.04999923706055,45.131900787353516,0,0.0,0.0,0.0
2024-01-17 09:30:00-05:00,44.75,45.0,44.52000045776367,45.0,7316,0.0,0.0,0.0
2024-01-17 10:30:00-05:00,44.83599853515625,44.9098014831543,44.80120086669922,44.86520004272461,4870,0.0,0.0,0.0
2024-01-17 11:30:00-05:00,44.91360092163086,44.93989944458008,44.838401794433594,44.869998931884766,3064,0.0,0.0,0.0
2024-01-17 12:30:00-05:00,44.779998779296875,44.79999923706055,44.779998779296875,44.790000915527344,1159,0.0,0.0,0.0
2024-01-17 13:30:00-05:00,44.70009994506836,44.790000915527344,44.661800384521484,44.75,1865,0.0,0.0,0.0
2024-01-17 14:30:00-05:00,44.78960037231445,44.79999923706055,44.720001220703125,44.720001220703125,1587,0.0,0.0,0.0
2024-01-17 15:30:00-05:00,44.849998474121094,44.90760040283203,44.80550003051758,44.907501220703125,0,0.0,0.0,0.0
2024-01-18 09:30:00-05:00,45.279998779296875,45.279998779296875,45.171600341796875,45.21139907836914,3705,0.0,0.0,0.0
2024-01-18 10:30:00-05:00,45.25,45.25,45.1254997253418,45.150001525878906,2248,0.0,0.0,0.0
2024-01-18 11:30:00-05:00,45.13999938964844,45.24689865112305,44.967098236083984,44.990699768066406,4077,0.0,0.0,0.0
2024-01-18 13:30:00-05:00,44.95000076293945,45.26539993286133,44.95000076293945,45.26539993286133,5030,0.0,0.0,0.0
2024-01-18 14:30:00-05:00,45.220001220703125,45.43000030517578,45.220001220703125,45.43000030517578,3280,0.0,0.0,0.0
2024-01-19 09:30:00-05:00,45.540000915527344,45.540000915527344,45.119998931884766,45.16939926147461,4220,0.0,0.0,0.0
2024-01-19 10:30:00-05:00,45.09410095214844,45.12009811401367,45.09410095214844,45.12009811401367,924,0.0,0.0,0.0
2024-01-19 11:30:00-05:00,45.0900993347168,45.240699768066406,45.0900993347168,45.23500061035156,3054,0.0,0.0,0.0
2024-01-19 12:30:00-05:00,45.22999954223633,45.47999954223633,45.22999954223633,45.46590042114258,1598,0.0,0.0,0.0
2024-01-19 13:30:00-05:00,45.547698974609375,45.709598541259766,45.540000915527344,45.709598541259766,2163,0.0,0.0,0.0
2024-01-19 14:30:00-05:00,45.72990036010742,45.72990036010742,45.68000030517578,45.717201232910156,2174,0.0,0.0,0.0
2024-01-19 15:30:00-05:00,45.689998626708984,45.75,45.68000030517578,45.75,1249,0.0,0.0,0.0
2024-01-22 09:30:00-05:00,46.0,46.52000045776367,46.0,46.52000045776367,3916,0.0,0.0,0.0
2024-01-22 10:30:00-05:00,46.460601806640625,46.460601806640625,46.369998931884766,46.400001525878906,1118,0.0,0.0,0.0
2024-01-22 11:30:00-05:00,46.459999084472656,46.473899841308594,46.391700744628906,46.391700744628906,1670,0.0,0.0,0.0
2024-01-22 12:30:00-05:00,46.41450119018555,46.41450119018555,46.29999923706055,46.29999923706055,1356,0.0,0.0,0.0
2024-01-22 13:30:00-05:00,46.439998626708984,46.44599914550781,46.33000183105469,46.349998474121094,1671,0.0,0.0,0.0
2024-01-22 14:30:00-05:00,46.379398345947266,46.517799377441406,46.379398345947266,46.5,6170,0.0,0.0,0.0
2024-01-22 15:30:00-05:00,46.61000061035156,46.61000061035156,46.540000915527344,46.59000015258789,1296,0.0,0.0,0.0
2024-01-23 09:30:00-05:00,46.84000015258789,46.93000030517578,46.84000015258789,46.859798431396484,0,0.0,0.0,0.0
2024-01-23 10:30:00-05:00,46.66999816894531,46.66999816894531,46.47999954223633,46.47999954223633,5363,0.0,0.0,0.0
2024-01-23 11:30:00-05:00,46.4900016784668,46.52000045776367,46.415000915527344,46.451499938964844,5295,0.0,0.0,0.0
2024-01-23 12:30:00-05:00,46.39139938354492,46.45859909057617,46.39139938354492,46.45130157470703,1643,0.0,0.0,0.0
2024-01-23 13:30:00-05:00,46.44960021972656,46.52989959716797,46.44960021972656,46.5,0,0.0,0.0,0.0
2024-01-23 14:30:00-05:00,46.544700622558594,46.637001037597656,46.512901306152344,46.637001037597656,19050,0.0,0.0,0.0
2024-01-23 15:30:00-05:00,46.45000076293945,46.474998474121094,46.439998626708984,46.464599609375,3897,0.0,0.0,0.0
2024-01-24 09:30:00-05:00,46.869998931884766,46.869998931884766,46.57509994506836,46.57509994506836,8457,0.0,0.0,0.0
2024-01-24 10:30:00-05:00,46.65959930419922,46.65959930419922,46.650001525878906,46.650001525878906,606,0.0,0.0,0.0
2024-01-24 11:30:00-05:00,46.64849853515625,46.64849853515625,46.589900970458984,46.589900970458984,1383,0.0,0.0,0.0
2024-01-24 12:30:00-05:00,46.59989929199219,46.59989929199219,46.349998474121094,46.36000061035156,2458,0.0,0.0,0.0
2024-01-24 13:30:00-05:00,46.37419891357422,46.37419891357422,46.150001525878906,46.22100067138672,2399,0.0,0.0,0.0
2024-01-24 14:30:00-05:00,46.210201263427734,46.2400016784668,46.12820053100586,46.190101623535156,2285,0.0,0.0,0.0
2024-01-24 15:30:00-05:00,46.18330001831055,46.18330001831055,46.099998474121094,46.15330123901367,873,0.0,0.0,0.0
2024-01-25 09:30:00-05:00,46.54999923706055,46.75,46.54999923706055,46.75,0,0.0,0.0,0.0
2024-01-25 10:30:00-05:00,46.646400451660156,46.646400451660156,46.58000183105469,46.59000015258789,971,0.0,0.0,0.0
2024-01-25 11:30:00-05:00,46.492698669433594,46.492698669433594,46.35710144042969,46.35710144042969,3162,0.0,0.0,0.0
2024-01-25 12:30:00-05:00,46.349998474121094,46.52109909057617,46.31399917602539,46.52109909057617,4945,0.0,0.0,0.0
2024-01-25 13:30:00-05:00,46.45920181274414,46.57109832763672,46.38999938964844,46.57109832763672,6938,0.0,0.0,0.0
2024-01-25 14:30:00-05:00,46.63869857788086,46.63869857788086,46.54079818725586,46.619998931884766,3219,0.0,0.0,0.0
2024-01-25 15:30:00-05:00,46.590599060058594,46.726898193359375,46.590599060058594,46.726898193359375,0,0.0,0.0,0.0
2024-01-26 09:30:00-05:00,46.91999816894531,47.189998626708984,46.91999816894531,46.940101623535156,1266,0.0,0.0,0.0
2024-01-26 10:30:00-05:00,46.96039962768555,47.06990051269531,46.96039962768555,46.964599609375,3185,0.0,0.0,0.0
2024-01-26 11:30:00-05:00,46.83000183105469,46.849998474121094,46.81999969482422,46.81999969482422,962,0.0,0.0,0.0
2024-01-26 12:30:00-05:00,46.766700744628906,46.766700744628906,46.677398681640625,46.70000076293945,709,0.0,0.0,0.0
2024-01-26 13:30:00-05:00,46.69499969482422,46.72999954223633,46.69499969482422,46.72999954223633,515,0.0,0.0,0.0
2024-01-26 14:30:00-05:00,46.77000045776367,46.79999923706055,46.720001220703125,46.73500061035156,4835,0.0,0.0,0.0
2024-01-26 15:30:00-05:00,46.734901428222656,46.79999923706055,46.734901428222656,46.79999923706055,641,0.0,0.0,0.0
2024-01-29 09:30:00-05:00,46.869998931884766,46.869998931884766,46.650001525878906,46.75,3050,0.0,0.0,0.0
2024-01-29 10:30:00-05:00,46.869998931884766,46.869998931884766,46.85200119018555,46.85200119018555,602,0.0,0.0,0.0
2024-01-29 11:30:00-05:00,46.754798889160156,46.754798889160156,46.754798889160156,46.754798889160156,678,0.0,0.0,0.0
2024-01-29 12:30:00-05:00,46.85820007324219,46.9099006652832,46.85820007324219,46.9099006652832,660,0.0,0.0,0.0
2024-01-29 13:30:00-05:00,46.8400993347168,46.8400993347168,46.8400993347168,46.8400993347168,265,0.0,0.0,0.0
2024-01-29 14:30:00-05:00,46.97999954223633,47.22999954223633,46.97999954223633,47.22999954223633,1248,0.0,0.0,0.0
2024-01-29 15:30:00-05:00,47.220001220703125,47.2400016784668,47.144901275634766,47.2400016784668,0,0.0,0.0,0.0
2024-01-30 09:30:00-05:00,47.22999954223633,47.22999954223633,46.93410110473633,46.93410110473633,4278,0.0,0.0,0.0
2024-01-30 10:30:00-05:00,46.999000549316406,47.0890007019043,46.999000549316406,47.081298828125,3221,0.0,0.0,0.0
2024-01-30 11:30:00-05:00,47.078800201416016,47.209999084472656,47.078800201416016,47.189998626708984,2267,0.0,0.0,0.0
2024-01-30 12:30:00-05:00,47.119998931884766,47.15999984741211,47.04999923706055,47.15999984741211,18151,0.0,0.0,0.0
2024-01-30 13:30:00-05:00,47.189998626708984,47.27000045776367,47.189998626708984,47.27000045776367,893,0.0,0.0,0.0
2024-01-30 14:30:00-05:00,47.29899978637695,47.310001373291016,47.2401008605957,47.310001373291016,2348,0.0,0.0,0.0
2024-01-30 15:30:00-05:00,47.263301849365234,47.27000045776367,47.220001220703125,47.220001220703125,0,0.0,0.0,0.0
2024-01-31 09:30:00-05:00,47.15999984741211,47.15999984741211,46.939998626708984,46.95100021362305,14617,0.0,0.0,0.0
2024-01-31 10:30:00-05:00,47.025001525878906,47.02560043334961,47.025001525878906,47.02560043334961,985,0.0,0.0,0.0
2024-01-31 11:30:00-05:00,46.9197998046875,47.029998779296875,46.9197998046875,46.939998626708984,1988,0.0,0.0,0.0
2024-01-31 12:30:00-05:00,46.97480010986328,47.014801025390625,46.92499923706055,46.92499923706055,910,0.0,0.0,0.0
2024-01-31 13:30:00-05:00,46.959999084472656,46.970001220703125,46.790000915527344,46.790000915527344,999,0.0,0.0,0.0
2024-01-31 14:30:00-05:00,46.84040069580078,46.84040069580078,46.400001525878906,46.52750015258789,12225,0.0,0.0,0.0
2024-01-31 15:30:00-05:00,46.412899017333984,46.412899017333984,46.06999969482422,46.06999969482422,0,0.0,0.0,0.0
2024-02-01 09:30:00-05:00,46.31999969482422,46.470001220703125,46.16999816894531,46.29999923706055,53313,0.0,0.0,0.0
2024-02-01 10:30:00-05:00,46.36249923706055,46.36249923706055,45.740501403808594,45.8494987487793,5153,0.0,0.0,0.0
2024-02-01 11:30:00-05:00,45.91999816894531,46.22520065307617,45.91999816894531,46.15010070800781,3209,0.0,0.0,0.0
2024-02-01 12:30:00-05:00,46.21500015258789,46.37009811401367,46.18000030517578,46.245601654052734,7085,0.0,0.0,0.0
2024-02-01 13:30:00-05:00,46.400001525878906,46.41999816894531,46.400001525878906,46.41999816894531,526,0.0,0.0,0.0
2024-02-01 14:30:00-05:00,46.36330032348633,46.57059860229492,46.34000015258789,46.439998626708984,3339,0.0,0.0,0.0
2024-02-01 15:30:00-05:00,46.472900390625,46.61000061035156,46.472900390625,46.61000061035156,5198,0.0,0.0,0.0
2024-02-02 09:30:00-05:00,46.09000015258789,46.09989929199219,45.900001525878906,45.987300872802734,5070,0.0,0.0,0.0
2024-02-02 10:30:00-05:00,46.0099983215332,46.119998931884766,46.0099983215332,46.119998931884766,1073,0.0,0.0,0.0
2024-02-02 11:30:00-05:00,46.29999923706055,46.32720184326172,46.20000076293945,46.20000076293945,3911,0.0,0.0,0.0
2024-02-02 12:30:00-05:00,46.18000030517578,46.18000030517578,46.18000030517578,46.18000030517578,1548,0.0,0.0,0.0
2024-02-02 13:30:00-05:00,46.42359924316406,46.42359924316406,46.42359924316406,46.42359924316406,447,0.0,0.0,0.0
2024-02-02 14:30:00-05:00,46.45920181274414,46.47999954223633,46.415000915527344,46.47999954223633,2727,0.0,0.0,0.0
2024-02-02 15:30:00-05:00,46.3849983215332,46.40570068359375,46.310001373291016,46.310001373291016,1383,0.0,0.0,0.0
2024-02-05 09:30:00-05:00,45.849998474121094,45.849998474121094,45.38869857788086,45.38869857788086,2258,0.0,0.0,0.0
2024-02-05 10:30:00-05:00,45.439998626708984,45.56999969482422,45.37409973144531,45.5,2268,0.0,0.0,0.0
2024-02-05 11:30:00-05:00,45.500099182128906,45.650001525878906,45.5,45.650001525878906,2536,0.0,0.0,0.0
2024-02-05 12:30:00-05:00,45.7400016784668,45.779998779296875,45.64509963989258,45.7494010925293,1948,0.0,0.0,0.0
2024-02-05 13:30:00-05:00,45.65999984741211,45.779998779296875,45.65999984741211,45.75,3179,0.0,0.0,0.0
2024-02-05 14:30:00-05:00,45.787899017333984,45.88999938964844,45.660099029541016,45.660099029541016,3326,0.0,0.0,0.0
2024-02-05 15:30:00-05:00,45.781700134277344,45.781700134277344,45.63999938964844,45.63999938964844,0,0.0,0.0,0.0
2024-02-06 09:30:00-05:00,45.470001220703125,45.900001525878906,45.470001220703125,45.900001525878906,4717,0.0,0.0,0.0
2024-02-06 10:30:00-05:00,46.00360107421875,46.00360107421875,45.91189956665039,45.93960189819336,1123,0.0,0.0,0.0
2024-02-06 11:30:00-05:00,45.96160125732422,45.96160125732422,45.900001525878906,45.900001525878906,1298,0.0,0.0,0.0
2024-02-06 12:30:00-05:00,45.91999816894531,45.91999816894531,45.88999938964844,45.900001525878906,2244,0.0,0.0,0.0
2024-02-06 13:30:00-05:00,45.901100158691406,45.95560073852539,45.89759826660156,45.95560073852539,3100,0.0,0.0,0.0
2024-02-06 14:30:00-05:00,45.7599983215332,45.85110092163086,45.74420166015625,45.83369827270508,6271,0.0,0.0,0.0
2024-02-06 15:30:00-05:00,45.810001373291016,45.86000061035156,45.779998779296875,45.86000061035156,0,0.0,0.0,0.0
2024-02-07 09:30:00-05:00,45.97999954223633,45.97999954223633,45.580501556396484,45.654998779296875,2517,0.0,0.0,0.0
2024-02-07 10:30:00-05:00,45.79999923706055,45.79999923706055,45.65399932861328,45.74760055541992,1437,0.0,0.0,0.0
2024-02-07 11:30:00-05:00,45.65999984741211,45.689998626708984,45.65999984741211,45.689998626708984,385,0.0,0.0,0.0
2024-02-07 12:30:00-05:00,45.689998626708984,45.849700927734375,45.689998626708984,45.849700927734375,1760,0.0,0.0,0.0
2024-02-07 13:30:00-05:00,45.9099006652832,45.9099006652832,45.83000183105469,45.88650131225586,1592,0.0,0.0,0.0
2024-02-07 14:30:00-05:00,45.869998931884766,45.939998626708984,45.856998443603516,45.900001525878906,1705,0.0,0.0,0.0
2024-02-07 15:30:00-05:00,45.85350036621094,45.85350036621094,45.75,45.7599983215332,825,0.0,0.0,0.0
2024-02-08 09:30:00-05:00,45.86000061035156,46.11000061035156,45.810001373291016,46.11000061035156,916,0.0,0.0,0.0
2024-02-08 10:30:00-05:00,46.069698333740234,46.10499954223633,46.0099983215332,46.0099983215332,813,0.0,0.0,0.0
2024-02-08 11:30:00-05:00,45.99079895019531,46.03300094604492,45.99079895019531,46.03300094604492,933,0.0,0.0,0.0
2024-02-08 12:30:00-05:00,46.124900817871094,46.268001556396484,46.124900817871094,46.21070098876953,2224,0.0,0.0,0.0
2024-02-08 13:30:00-05:00,46.354400634765625,46.400001525878906,46.29119873046875,46.395198822021484,1626,0.0,0.0,0.0
2024-02-08 14:30:00-05:00,46.308101654052734,46.396400451660156,46.308101654052734,46.320098876953125,2912,0.0,0.0,0.0
2024-02-08 15:30:00-05:00,46.374900817871094,46.41999816894531,46.34000015258789,46.41999816894531,0,0.0,0.0,0.0
2024-02-09 09:30:00-05:00,46.56999969482422,46.56999969482422,46.32500076293945,46.349998474121094,3466,0.0,0.0,0.0
2024-02-09 10:30:00-05:00,46.39540100097656,46.39540100097656,46.36069869995117,46.36069869995117,2018,0.0,0.0,0.0
2024-02-09 11:30:00-05:00,46.37189865112305,46.372100830078125,46.37189865112305,46.372100830078125,669,0.0,0.0,0.0
2024-02-09 12:30:00-05:00,46.55590057373047,46.79999923706055,46.55590057373047,46.79999923706055,1897,0.0,0.0,0.0
2024-02-09 13:30:00-05:00,46.790000915527344,46.8911018371582,46.790000915527344,46.8911018371582,2442,0.0,0.0,0.0
2024-02-09 14:30:00-05:00,46.720298767089844,46.9099006652832,46.720001220703125,46.869998931884766,1269,0.0,0.0,0.0
2024-02-09 15:30:00-05:00,46.869998931884766,46.90999984741211,46.81999969482422,46.90999984741211,1093,0.0,0.0,0.0
2024-02-12 09:30:00-05:00,46.95000076293945,47.439998626708984,46.95000076293945,47.439998626708984,819,0.0,0.0,0.0
2024-02-12 10:30:00-05:00,47.5099983215332,47.5099983215332,47.5099983215332,47.5099983215332,546,0.0,0.0,0.0
2024-02-12 11:30:00-05:00,47.70220184326172,47.70220184326172,47.68090057373047,47.68090057373047,902,0.0,0.0,0.0
2024-02-12 12:30:00-05:00,47.60940170288086,47.78179931640625,47.60940170288086,47.78179931640625,687,0.0,0.0,0.0
2024-02-12 13:30:00-05:00,47.825401306152344,47.832000732421875,47.689998626708984,47.689998626708984,1435,0.0,0.0,0.0
2024-02-12 14:30:00-05:00,47.779998779296875,47.81999969482422,47.71009826660156,47.720001220703125,3399,0.0,0.0,0.0
2024-02-12 15:30:00-05:00,47.72610092163086,47.84000015258789,47.72610092163086,47.75,1402,0.0,0.0,0.0
2024-02-13 09:30:00-05:00,46.61000061035156,46.61000061035156,46.0,46.04759979248047,2813,0.0,0.0,0.0
2024-02-13 10:30:00-05:00,46.150699615478516,46.48789978027344,46.10900115966797,46.3651008605957,3695,0.0,0.0,0.0
2024-02-13 11:30:00-05:00,46.42919921875,46.46500015258789,46.329898834228516,46.329898834228516,1783,0.0,0.0,0.0
2024-02-13 12:30:00-05:00,46.27470016479492,46.27470016479492,46.18299865722656,46.18299865722656,747,0.0,0.0,0.0
2024-02-13 13:30:00-05:00,46.17399978637695,46.189998626708984,45.905601501464844,45.959999084472656,7003,0.0,0.0,0.0
2024-02-13 14:30:00-05:00,45.99570083618164,45.99570083618164,45.63629913330078,45.70500183105469,4657,0.0,0.0,0.0
2024-02-13 15:30:00-05:00,45.74639892578125,45.87620162963867,45.74639892578125,45.87620162963867,734,0.0,0.0,0.0
2024-02-14 09:30:00-05:00,46.19499969482422,46.34280014038086,46.19499969482422,46.2400016784668,5220,0.0,0.0,0.0
2024-02-14 10:30:00-05:00,46.279998779296875,46.279998779296875,46.08000183105469,46.209999084472656,1679,0.0,0.0,0.0
2024-02-14 11:30:00-05:00,46.148799896240234,46.26810073852539,46.0,46.23500061035156,2723,0.0,0.0,0.0
2024-02-14 12:30:00-05:00,46.232398986816406,46.36000061035156,46.21080017089844,46.329200744628906,4551,0.0,0.0,0.0
2024-02-14 13:30:00-05:00,46.310001373291016,46.52870178222656,46.310001373291016,46.52870178222656,2905,0.0,0.0,0.0
2024-02-14 14:30:00-05:00,46.595001220703125,46.720001220703125,46.595001220703125,46.720001220703125,1769,0.0,0.0,0.0
2024-02-14 15:30:00-05:00,46.69969940185547,46.69969940185547,46.61000061035156,46.619998931884766,0,0.0,0.0,0.0
2024-02-15 09:30:00-05:00,46.900001525878906,47.43299865722656,46.900001525878906,47.394100189208984,1963,0.0,0.0,0.0
2024-02-15 10:30:00-05:00,47.167301177978516,47.20930099487305,47.166500091552734,47.20930099487305,1917,0.0,0.0,0.0
2024-02-15 11:30:00-05:00,47.290000915527344,47.33039855957031,47.23870086669922,47.33039855957031,3406,0.0,0.0,0.0
2024-02-15 12:30:00-05:00,47.369998931884766,47.5099983215332,47.295501708984375,47.470001220703125,7026,0.0,0.0,0.0
2024-02-15 13:30:00-05:00,47.75,47.7599983215332,47.709999084472656,47.72999954223633,1718,0.0,0.0,0.0
2024-02-15 14:30:00-05:00,47.78499984741211,47.78499984741211,47.78499984741211,47.78499984741211,152,0.0,0.0,0.0
2024-02-15 15:30:00-05:00,47.81999969482422,47.81999969482422,47.73619842529297,47.79999923706055,6330,0.0,0.0,0.0
2024-02-16 09:30:00-05:00,47.43000030517578,47.619998931884766,47.25830078125,47.51499938964844,0,0.0,0.0,0.0
2024-02-16 10:30:00-05:00,47.45000076293945,47.45000076293945,47.45000076293945,47.45000076293945,132,0.0,0.0,0.0
2024-02-16 11:30:00-05:00,47.649898529052734,47.689998626708984,47.560001373291016,47.6609001159668,2640,0.0,0.0,0.0
2024-02-16 12:30:00-05:00,47.709999084472656,47.709999084472656,47.650001525878906,47.650001525878906,329,0.0,0.0,0.0
2024-02-16 13:30:00-05:00,47.70090103149414,47.70090103149414,47.70090103149414,47.70090103149414,499,0.0,0.0,0.0
2024-02-16 14:30:00-05:00,47.68000030517578,47.68000030517578,47.61000061035156,47.61000061035156,565,0.0,0.0,0.0
2024-02-16 15:30:00-05:00,47.4900016784668,47.5,47.40999984741211,47.40999984741211,1566,0.0,0.0,0.0
2024-02-20 09:30:00-05:00,47.189998626708984,47.2400016784668,46.81999969482422,47.2400016784668,9097,0.0,0.0,0.0
2024-02-20 10:30:00-05:00,47.189998626708984,47.20069885253906,47.189998626708984,47.189998626708984,1007,0.0,0.0,0.0
2024-02-20 11:30:00-05:00,47.080101013183594,47.14670181274414,46.970001220703125,46.970001220703125,3764,0.0,0.0,0.0
2024-02-20 12:30:00-05:00,47.0,47.06840133666992,46.9900016784668,46.9900016784668,3933,0.0,0.0,0.0
2024-02-20 13:30:00-05:00,46.93000030517578,47.029998779296875,46.93000030517578,46.94499969482422,70881,0.0,0.0,0.0
2024-02-20 14:30:00-05:00,46.940101623535156,47.01499938964844,46.939998626708984,46.98500061035156,1329,0.0,0.0,0.0
2024-02-20 15:30:00-05:00,47.0099983215332,47.0099983215332,46.900001525878906,46.96670150756836,0,0.0,0.0,0.0
2024-02-21 09:30:00-05:00,47.0,47.06669998168945,46.937801361083984,46.937801361083984,1477,0.0,0.0,0.0
2024-02-21 10:30:00-05:00,46.99959945678711,47.119998931884766,46.99959945678711,47.09000015258789,2492,0.0,0.0,0.0
2024-02-21 11:30:00-05:00,46.97999954223633,46.97999954223633,46.97999954223633,46.97999954223633,250,0.0,0.0,0.0
2024-02-21 12:30:00-05:00,47.029300689697266,47.06999969482422,46.96500015258789,47.06999969482422,3434,0.0,0.0,0.0
2024-02-21 13:30:00-05:00,47.06999969482422,47.099998474121094,46.90760040283203,46.90760040283203,2569,0.0,0.0,0.0
2024-02-21 14:30:00-05:00,46.869998931884766,46.88010025024414,46.760501861572266,46.790000915527344,3124,0.0,0.0,0.0
2024-02-21 15:30:00-05:00,46.900001525878906,47.040000915527344,46.900001525878906,47.040000915527344,0,0.0,0.0,0.0
2024-02-22 09:30:00-05:00,47.119998931884766,47.119998931884766,46.88140106201172,46.92900085449219,2765,0.0,0.0,0.0
2024-02-22 10:30:00-05:00,46.85499954223633,46.99679946899414,46.85499954223633,46.97999954223633,1990,0.0,0.0,0.0
2024-02-22 11:30:00-05:00,46.999000549316406,47.099998474121094,46.94219970703125,47.099998474121094,1581,0.0,0.0,0.0
2024-02-22 12:30:00-05:00,47.11000061035156,47.11000061035156,46.9734001159668,46.9734001159668,2710,0.0,0.0,0.0
2024-02-22 13:30:00-05:00,47.07899856567383,47.220001220703125,47.07899856567383,47.220001220703125,2661,0.0,0.0,0.0
2024-02-22 14:30:00-05:00,47.084999084472656,47.099998474121094,47.0255012512207,47.08000183105469,7749,0.0,0.0,0.0
2024-02-22 15:30:00-05:00,47.20000076293945,47.20000076293945,47.18000030517578,47.18000030517578,0,0.0,0.0,0.0
2024-02-23 09:30:00-05:00,47.08000183105469,47.150001525878906,46.92499923706055,47.150001525878906,2528,0.0,0.0,0.0
2024-02-23 11:30:00-05:00,47.15999984741211,47.427398681640625,47.15999984741211,47.375,115374,0.0,0.0,0.0
2024-02-23 12:30:00-05:00,47.290000915527344,47.359798431396484,47.290000915527344,47.349998474121094,8510,0.0,0.0,0.0
2024-02-23 13:30:00-05:00,47.400001525878906,47.41899871826172,47.2150993347168,47.2150993347168,2803,0.0,0.0,0.0
2024-02-23 14:30:00-05:00,47.2599983215332,47.2599983215332,47.209999084472656,47.244998931884766,1937,0.0,0.0,0.0
2024-02-23 15:30:00-05:00,47.220001220703125,47.25,47.16999816894531,47.20000076293945,1546,0.0,0.0,0.0
2024-02-26 09:30:00-05:00,47.099998474121094,47.31999969482422,47.099998474121094,47.1796989440918,0,0.0,0.0,0.0
2024-02-26 10:30:00-05:00,47.20000076293945,47.20000076293945,47.13010025024414,47.13010025024414,2786,0.0,0.0,0.0
2024-02-26 11:30:00-05:00,47.12009811401367,47.150001525878906,47.12009811401367,47.130001068115234,1352,0.0,0.0,0.0
2024-02-26 12:30:00-05:00,47.06999969482422,47.09000015258789,47.0629997253418,47.06999969482422,2822,0.0,0.0,0.0
2024-02-26 13:30:00-05:00,46.929100036621094,47.0099983215332,46.90999984741211,47.0,6232,0.0,0.0,0.0
2024-02-26 14:30:00-05:00,47.04629898071289,47.209999084472656,47.04629898071289,47.15010070800781,1632,0.0,0.0,0.0
2024-02-26 15:30:00-05:00,47.209999084472656,47.209999084472656,47.08000183105469,47.08000183105469,0,0.0,0.0,0.0
2024-02-27 09:30:00-05:00,47.27000045776367,47.415199279785156,47.2599983215332,47.279998779296875,3698,0.0,0.0,0.0
2024-02-27 10:30:00-05:00,47.380001068115234,47.44990158081055,47.380001068115234,47.41999816894531,1279,0.0,0.0,0.0
2024-02-27 11:30:00-05:00,47.38999938964844,47.45000076293945,47.349998474121094,47.35200119018555,3256,0.0,0.0,0.0
2024-02-27 12:30:00-05:00,47.380001068115234,47.38999938964844,47.33000183105469,47.37990188598633,1258,0.0,0.0,0.0
2024-02-27 13:30:00-05:00,47.28860092163086,47.29499816894531,47.244998931884766,47.25,1457,0.0,0.0,0.0
2024-02-27 14:30:00-05:00,47.2599983215332,47.267398834228516,47.17839813232422,47.25640106201172,4305,0.0,0.0,0.0
2024-02-27 15:30:00-05:00,47.37990188598633,47.400001525878906,47.3567008972168,47.3567008972168,0,0.0,0.0,0.0
2024-02-28 09:30:00-05:00,47.06999969482422,47.06999969482422,46.846500396728516,47.0276985168457,4768,0.0,0.0,0.0
2024-02-28 10:30:00-05:00,47.13819885253906,47.13819885253906,47.10499954223633,47.10499954223633,298,0.0,0.0,0.0
2024-02-28 11:30:00-05:00,47.099998474121094,47.13999938964844,47.08000183105469,47.10499954223633,2842,0.0,0.0,0.0
2024-02-28 12:30:00-05:00,47.10499954223633,47.13999938964844,47.10499954223633,47.13999938964844,555,0.0,0.0,0.0
2024-02-28 13:30:00-05:00,47.189998626708984,47.198299407958984,47.06999969482422,47.10940170288086,1842,0.0,0.0,0.0
2024-02-28 14:30:00-05:00,47.064998626708984,47.119998931884766,47.03030014038086,47.03179931640625,2007,0.0,0.0,0.0
2024-02-28 15:30:00-05:00,47.025001525878906,47.040000915527344,46.94620132446289,46.9994010925293,3236,0.0,0.0,0.0
2024-02-29 09:30:00-05:00,47.540000915527344,47.79999923706055,47.540000915527344,47.62990188598633,4181,0.0,0.0,0.0
2024-02-29 10:30:00-05:00,47.56999969482422,47.619998931884766,47.54999923706055,47.584999084472656,2580,0.0,0.0,0.0
2024-02-29 11:30:00-05:00,47.463199615478516,47.463199615478516,47.41999816894531,47.41999816894531,1279,0.0,0.0,0.0
2024-02-29 12:30:00-05:00,47.49869918823242,47.49869918823242,47.49869918823242,47.49869918823242,590,0.0,0.0,0.0
2024-02-29 13:30:00-05:00,47.45500183105469,47.45500183105469,47.45500183105469,47.45500183105469,476,0.0,0.0,0.0
2024-02-29 14:30:00-05:00,47.505001068115234,47.5099983215332,47.5,47.5099983215332,1429,0.0,0.0,0.0
2024-02-29 15:30:00-05:00,47.54999923706055,47.685001373291016,47.54999923706055,47.599998474121094,1156,0.0,0.0,0.0
2024-03-01 09:30:00-05:00,47.84000015258789,47.84000015258789,47.33000183105469,47.47050094604492,14882,0.0,0.0,0.0
2024-03-01 10:30:00-05:00,47.75,47.75,47.72999954223633,47.72999954223633,1765,0.0,0.0,0.0
2024-03-01 11:30:00-05:00,47.62670135498047,47.64400100708008,47.62670135498047,47.630001068115234,1217,0.0,0.0,0.0
2024-03-01 12:30:00-05:00,47.689998626708984,47.689998626708984,47.54999923706055,47.54999923706055,3315,0.0,0.0,0.0
2024-03-01 13:30:00-05:00,47.54999923706055,47.720001220703125,47.51390075683594,47.720001220703125,0,0.0,0.0,0.0
2024-03-01 14:30:00-05:00,47.709999084472656,47.709999084472656,47.595001220703125,47.595001220703125,25773,0.0,0.0,0.0
2024-03-01 15:30:00-05:00,47.60409927368164,47.65999984741211,47.56999969482422,47.619998931884766,1907,0.0,0.0,0.0
2024-03-04 09:30:00-05:00,47.56999969482422,48.02000045776367,47.56999969482422,47.74190139770508,2502,0.0,0.0,0.0
2024-03-04 10:30:00-05:00,47.845001220703125,47.845001220703125,47.775001525878906,47.775001525878906,374,0.0,0.0,0.0
2024-03-04 11:30:00-05:00,47.87419891357422,47.89500045776367,47.8650016784668,47.87540054321289,1583,0.0,0.0,0.0
2024-03-04 12:30:00-05:00,47.84000015258789,47.93000030517578,47.84000015258789,47.902000427246094,2721,0.0,0.0,0.0
2024-03-04 13:30:00-05:00,47.86640167236328,47.86640167236328,47.775001525878906,47.810001373291016,1749,0.0,0.0,0.0
2024-03-04 14:30:00-05:00,47.779998779296875,47.779998779296875,47.744998931884766,47.75,1274,0.0,0.0,0.0
2024-03-04 15:30:00-05:00,47.67150115966797,47.67150115966797,47.619998931884766,47.650001525878906,7255,0.0,0.0,0.0
2024-03-05 09:30:00-05:00,47.459999084472656,47.84000015258789,47.459999084472656,47.720001220703125,3908,0.0,0.0,0.0
2024-03-05 10:30:00-05:00,47.78990173339844,47.82500076293945,47.720001220703125,47.77000045776367,16318,0.0,0.0,0.0
2024-03-05 11:30:00-05:00,47.7963981628418,47.88999938964844,47.7963981628418,47.869998931884766,1843,0.0,0.0,0.0
2024-03-05 12:30:00-05:00,47.880001068115234,47.880001068115234,47.84000015258789,47.84000015258789,889,0.0,0.0,0.0
2024-03-05 13:30:00-05:00,47.79999923706055,47.79999923706055,47.79999923706055,47.79999923706055,458,0.0,0.0,0.0
2024-03-05 14:30:00-05:00,47.75310134887695,47.75310134887695,47.75310134887695,47.75310134887695,390,0.0,0.0,0.0
2024-03-05 15:30:00-05:00,47.48529815673828,47.58869934082031,47.48529815673828,47.57210159301758,13810,0.0,0.0,0.0
2024-03-06 09:30:00-05:00,47.810001373291016,47.810001373291016,47.529998779296875,47.58000183105469,0,0.0,0.0,0.0
2024-03-06 10:30:00-05:00,47.77980041503906,47.77980041503906,47.77980041503906,47.77980041503906,509,0.0,0.0,0.0
2024-03-06 11:30:00-05:00,47.72999954223633,47.84000015258789,47.65999984741211,47.67169952392578,1709,0.0,0.0,0.0
2024-03-06 12:30:00-05:00,47.80500030517578,47.80500030517578,47.70930099487305,47.70930099487305,1063,0.0,0.0,0.0
2024-03-06 13:30:00-05:00,47.619998931884766,47.64970016479492,47.55289840698242,47.64970016479492,2215,0.0,0.0,0.0
2024-03-06 14:30:00-05:00,47.65999984741211,47.67879867553711,47.612300872802734,47.65999984741211,0,0.0,0.0,0.0
2024-03-07 09:30:00-05:00,48.11119842529297,48.119998931884766,48.099998474121094,48.11000061035156,747,0.0,0.0,0.0
2024-03-07 10:30:00-05:00,48.129600524902344,48.129600524902344,48.07740020751953,48.07740020751953,1956,0.0,0.0,0.0
2024-03-07 11:30:00-05:00,47.9900016784668,48.060001373291016,47.9900016784668,48.04499816894531,5112,0.0,0.0,0.0
2024-03-07 12:30:00-05:00,48.060001373291016,48.060001373291016,48.060001373291016,48.060001373291016,964,0.0,0.0,0.0
2024-03-07 13:30:00-05:00,48.1150016784668,48.1150016784668,48.094398498535156,48.094398498535156,579,0.0,0.0,0.0
2024-03-07 14:30:00-05:00,48.06119918823242,48.079498291015625,47.95009994506836,47.95009994506836,3377,0.0,0.0,0.0
2024-03-07 15:30:00-05:00,48.04930114746094,48.04930114746094,48.01459884643555,48.01459884643555,0,0.0,0.0,0.0
2024-03-08 09:30:00-05:00,48.43000030517578,48.565101623535156,48.43000030517578,48.565101623535156,2498,0.0,0.0,0.0
2024-03-08 10:30:00-05:00,48.459999084472656,48.52000045776367,48.45000076293945,48.52000045776367,1799,0.0,0.0,0.0
2024-03-08 11:30:00-05:00,48.36000061035156,48.36000061035156,48.2599983215332,48.2599983215332,885,0.0,0.0,0.0
2024-03-08 13:30:00-05:00,48.09000015258789,48.09000015258789,48.06999969482422,48.06999969482422,498,0.0,0.0,0.0
2024-03-08 14:30:00-05:00,48.29990005493164,48.33000183105469,48.18470001220703,48.18470001220703,974,0.0,0.0,0.0
2024-03-08 15:30:00-05:00,48.179901123046875,48.179901123046875,48.09000015258789,48.15999984741211,901,0.0,0.0,0.0
2024-03-11 09:30:00-04:00,48.04999923706055,48.04999923706055,47.77159881591797,47.849998474121094,0,0.0,0.0,0.0
2024-03-11 10:30:00-04:00,47.83000183105469,47.84989929199219,47.72999954223633,47.84989929199219,4387,0.0,0.0,0.0
2024-03-11 11:30:00-04:00,47.810001373291016,47.95000076293945,47.810001373291016,47.939998626708984,9092,0.0,0.0,0.0
2024-03-11 12:30:00-04:00,47.903900146484375,47.97829818725586,47.903900146484375,47.970001220703125,3640,0.0,0.0,0.0
2024-03-11 13:30:00-04:00,47.910499572753906,47.917999267578125,47.90330123901367,47.90330123901367,1432,0.0,0.0,0.0
2024-03-11 14:30:00-04:00,47.95000076293945,48.0,47.95000076293945,47.9900016784668,4195,0.0,0.0,0.0
2024-03-11 15:30:00-04:00,47.98469924926758,48.060001373291016,47.96500015258789,48.02909851074219,0,0.0,0.0,0.0
2024-03-12 09:30:00-04:00,48.0099983215332,48.0099983215332,47.779998779296875,47.94070053100586,4175,0.0,0.0,0.0
2024-03-12 10:30:00-04:00,48.07590103149414,48.10770034790039,48.05699920654297,48.10770034790039,638,0.0,0.0,0.0
2024-03-12 11:30:00-04:00,48.07500076293945,48.11000061035156,47.81100082397461,47.81100082397461,4743,0.0,0.0,0.0
2024-03-12 12:30:00-04:00,47.790000915527344,47.834999084472656,47.77000045776367,47.77000045776367,1973,0.0,0.0,0.0
2024-03-12 13:30:00-04:00,47.86259841918945,47.86259841918945,47.849998474121094,47.849998474121094,1120,0.0,0.0,0.0
2024-03-12 14:30:00-04:00,47.849998474121094,47.90999984741211,47.849998474121094,47.90999984741211,1497,0.0,0.0,0.0
2024-03-12 15:30:00-04:00,47.87120056152344,47.959999084472656,47.87120056152344,47.932701110839844,0,0.0,0.0,0.0
2024-03-13 09:30:00-04:00,48.130001068115234,48.19499969482422,48.130001068115234,48.150001525878906,1447,0.0,0.0,0.0
2024-03-13 11:30:00-04:00,48.14500045776367,48.152000427246094,48.13600158691406,48.13600158691406,677,0.0,0.0,0.0
2024-03-13 12:30:00-04:00,48.119998931884766,48.20000076293945,48.119998931884766,48.16999816894531,12990,0.0,0.0,0.0
2024-03-13 13:30:00-04:00,48.189998626708984,48.209999084472656,48.16999816894531,48.209999084472656,1356,0.0,0.0,0.0
2024-03-13 14:30:00-04:00,48.11840057373047,48.13999938964844,48.08000183105469,48.13999938964844,1459,0.0,0.0,0.0
2024-03-13 15:30:00-04:00,48.01499938964844,48.09000015258789,47.95000076293945,48.040000915527344,6547,0.0,0.0,0.0
2024-03-14 09:30:00-04:00,47.88999938964844,47.901798248291016,47.479000091552734,47.479000091552734,3454,0.0,0.0,0.0
2024-03-14 10:30:00-04:00,47.58000183105469,47.61000061035156,47.34000015258789,47.345001220703125,1904,0.0,0.0,0.0
2024-03-14 11:30:00-04:00,47.39860153198242,47.5099983215332,47.39860153198242,47.45899963378906,2110,0.0,0.0,0.0
2024-03-14 12:30:00-04:00,47.46900177001953,47.47999954223633,47.31999969482422,47.33000183105469,1971,0.0,0.0,0.0
2024-03-14 13:30:00-04:00,47.2400016784668,47.45000076293945,47.2400016784668,47.343299865722656,4148,0.0,0.0,0.0
2024-03-14 14:30:00-04:00,47.3489990234375,47.349998474121094,47.08919906616211,47.08919906616211,4865,0.0,0.0,0.0
2024-03-14 15:30:00-04:00,47.130001068115234,47.38999938964844,47.130001068115234,47.38999938964844,1295,0.0,0.0,0.0
2024-03-15 09:30:00-04:00,47.52000045776367,47.52000045776367,47.52000045776367,47.52000045776367,434,0.0,0.0,0.0
2024-03-15 10:30:00-04:00,47.54999923706055,47.572898864746094,47.45000076293945,47.45000076293945,1793,0.0,0.0,0.0
2024-03-15 11:30:00-04:00,47.50859832763672,47.527198791503906,47.40010070800781,47.410099029541016,3230,0.0,0.0,0.0
2024-03-15 12:30:00-04:00,47.40449905395508,47.40449905395508,47.30009841918945,47.30009841918945,2866,0.0,0.0,0.0
2024-03-15 13:30:00-04:00,47.38999938964844,47.40999984741211,47.38999938964844,47.404998779296875,2558,0.0,0.0,0.0
2024-03-15 14:30:00-04:00,47.401798248291016,47.4901008605957,47.401798248291016,47.47999954223633,2756,0.0,0.0,0.0
2024-03-15 15:30:00-04:00,47.45000076293945,47.45000076293945,47.439998626708984,47.439998626708984,203,0.0,0.0,0.0
2024-03-18 09:30:00-04:00,47.529998779296875,47.529998779296875,47.31999969482422,47.35770034790039,0,0.0,0.0,0.0
2024-03-18 10:30:00-04:00,47.36000061035156,47.5,47.36000061035156,47.470001220703125,3533,0.0,0.0,0.0
2024-03-18 11:30:00-04:00,47.52909851074219,47.52909851074219,47.440101623535156,47.440101623535156,2023,0.0,0.0,0.0
2024-03-18 12:30:00-04:00,47.5099983215332,47.51969909667969,47.5,47.5,1097,0.0,0.0,0.0
2024-03-18 13:30:00-04:00,47.47949981689453,47.47949981689453,47.42369842529297,47.45500183105469,6173,0.0,0.0,0.0
2024-03-18 14:30:00-04:00,47.459999084472656,47.459999084472656,47.36240005493164,47.36240005493164,2761,0.0,0.0,0.0
2024-03-18 15:30:00-04:00,47.369998931884766,47.380001068115234,47.218299865722656,47.25,3105,0.0,0.0,0.0
2024-03-19 09:30:00-04:00,47.11000061035156,47.44820022583008,47.11000061035156,47.28969955444336,2305,0.0,0.0,0.0
2024-03-19 10:30:00-04:00,47.25,47.41999816894531,47.25,47.41999816894531,1413,0.0,0.0,0.0
2024-03-19 11:30:00-04:00,47.470001220703125,47.5099983215332,47.470001220703125,47.5,2617,0.0,0.0,0.0
2024-03-19 12:30:00-04:00,47.64500045776367,47.64500045776367,47.56999969482422,47.58000183105469,2391,0.0,0.0,0.0
2024-03-19 13:30:00-04:00,47.62699890136719,47.62699890136719,47.62699890136719,47.62699890136719,157,0.0,0.0,0.0
2024-03-19 14:30:00-04:00,47.61000061035156,47.61000061035156,47.580101013183594,47.60969924926758,1341,0.0,0.0,0.0
2024-03-19 15:30:00-04:00,47.62689971923828,47.62879943847656,47.5900993347168,47.5900993347168,1063,0.0,0.0,0.0
2024-03-20 09:30:00-04:00,47.54999923706055,47.54999923706055,47.45000076293945,47.45000076293945,3271,0.0,0.0,0.0
2024-03-20 10:30:00-04:00,47.560001373291016,47.70000076293945,47.560001373291016,47.70000076293945,1206,0.0,0.0,0.0
2024-03-20 11:30:00-04:00,47.619998931884766,47.619998931884766,47.619998931884766,47.619998931884766,446,0.0,0.0,0.0
2024-03-20 12:30:00-04:00,47.619998931884766,47.619998931884766,47.56999969482422,47.56999969482422,1983,0.0,0.0,0.0
2024-03-20 13:30:00-04:00,48.04999923706055,48.05270004272461,47.83000183105469,47.84000015258789,1625,0.0,0.0,0.0
2024-03-20 14:30:00-04:00,47.90999984741211,48.34000015258789,47.90999984741211,48.34000015258789,3527,0.0,0.0,0.0
2024-03-20 15:30:00-04:00,48.380001068115234,48.41999816894531,48.380001068115234,48.400001525878906,2172,0.0,0.0,0.0
2024-03-21 09:30:00-04:00,48.68000030517578,48.87459945678711,48.5531005859375,48.87459945678711,3559,0.0,0.0,0.0
2024-03-21 10:30:00-04:00,48.8911018371582,49.01850128173828,48.869998931884766,48.88079833984375,12067,0.0,0.0,0.0
2024-03-21 11:30:00-04:00,48.91999816894531,48.970001220703125,48.87110137939453,48.90060043334961,11759,0.0,0.0,0.0
2024-03-21 12:30:00-04:00,48.845001220703125,48.94990158081055,48.845001220703125,48.939998626708984,1135,0.0,0.0,0.0
2024-03-21 13:30:00-04:00,48.959999084472656,49.0,48.95000076293945,49.0,1570,0.0,0.0,0.0
2024-03-21 14:30:00-04:00,48.96500015258789,49.06999969482422,48.96500015258789,49.06999969482422,279,0.0,0.0,0.0
2024-03-21 15:30:00-04:00,49.064998626708984,49.064998626708984,48.994998931884766,49.0,2612,0.0,0.0,0.0
2024-03-22 09:30:00-04:00,49.040000915527344,49.040000915527344,48.69390106201172,48.709999084472656,3071,0.0,0.0,0.0
2024-03-22 10:30:00-04:00,48.540000915527344,48.540000915527344,48.53010177612305,48.53010177612305,1207,0.0,0.0,0.0
2024-03-22 11:30:00-04:00,48.5099983215332,48.56999969482422,48.5099983215332,48.56999969482422,3703,0.0,0.0,0.0
2024-03-22 13:30:00-04:00,48.55009841918945,48.567100524902344,48.53099822998047,48.567100524902344,1411,0.0,0.0,0.0
2024-03-22 14:30:00-04:00,48.56999969482422,48.59000015258789,48.45000076293945,48.45000076293945,3768,0.0,0.0,0.0
2024-03-22 15:30:00-04:00,48.40010070800781,48.40010070800781,48.400001525878906,48.400001525878906,4665,0.0,0.0,0.0
2024-03-25 09:30:00-04:00,48.45000076293945,48.63999938964844,48.45000076293945,48.63999938964844,3434,0.0,0.0,0.0
2024-03-25 10:30:00-04:00,48.58000183105469,48.62179946899414,48.579898834228516,48.5900993347168,1988,0.0,0.0,0.0
2024-03-25 11:30:00-04:00,48.619998931884766,48.629398345947266,48.599998474121094,48.629398345947266,994,0.0,0.0,0.0
2024-03-25 12:30:00-04:00,48.584999084472656,48.584999084472656,48.584999084472656,48.584999084472656,387,0.0,0.0,0.0
2024-03-25 13:30:00-04:00,48.58409881591797,48.58409881591797,48.58409881591797,48.58409881591797,438,0.0,0.0,0.0
2024-03-25 14:30:00-04:00,48.540000915527344,48.56999969482422,48.540000915527344,48.560001373291016,2002,0.0,0.0,0.0
2024-03-25 15:30:00-04:00,48.540000915527344,48.540000915527344,48.540000915527344,48.540000915527344,1397,0.0,0.0,0.0
2024-03-26 09:30:00-04:00,48.77000045776367,48.77000045776367,48.52000045776367,48.52000045776367,6013,0.0,0.0,0.0
2024-03-26 10:30:00-04:00,48.54999923706055,48.54999923706055,48.5099983215332,48.5099983215332,685,0.0,0.0,0.0
2024-03-26 11:30:00-04:00,48.43000030517578,48.51499938964844,48.43000030517578,48.51499938964844,1144,0.0,0.0,0.0
2024-03-26 12:30:00-04:00,48.5099983215332,48.540000915527344,48.500999450683594,48.540000915527344,2823,0.0,0.0,0.0
2024-03-26 13:30:00-04:00,48.56999969482422,48.56999969482422,48.48500061035156,48.55500030517578,1014,0.0,0.0,0.0
2024-03-26 14:30:00-04:00,48.56999969482422,48.56999969482422,48.50210189819336,48.529998779296875,1722,0.0,0.0,0.0
2024-03-26 15:30:00-04:00,48.505001068115234,48.505001068115234,48.404998779296875,48.404998779296875,963,0.0,0.0,0.0
2024-03-27 09:30:00-04:00,48.689998626708984,48.999698638916016,48.689998626708984,48.92499923706055,0,0.0,0.0,0.0
2024-03-27 10:30:00-04:00,49.053001403808594,49.119598388671875,48.984100341796875,49.11000061035156,1923,0.0,0.0,0.0
2024-03-27 11:30:00-04:00,49.09000015258789,49.13019943237305,49.064998626708984,49.064998626708984,1958,0.0,0.0,0.0
2024-03-27 12:30:00-04:00,49.060001373291016,49.064998626708984,49.060001373291016,49.064998626708984,626,0.0,0.0,0.0
2024-03-27 13:30:00-04:00,49.11989974975586,49.13990020751953,49.11009979248047,49.11009979248047,2168,0.0,0.0,0.0
2024-03-27 14:30:00-04:00,49.1416015625,49.189998626708984,49.130001068115234,49.189998626708984,2341,0.0,0.0,0.0
2024-03-27 15:30:00-04:00,49.279998779296875,49.279998779296875,49.220699310302734,49.220699310302734,1041,0.0,0.0,0.0
2024-03-28 09:30:00-04:00,49.47999954223633,49.559600830078125,49.435001373291016,49.51499938964844,3012,0.0,0.0,0.0
2024-03-28 10:30:00-04:00,49.65919876098633,49.65999984741211,49.650001525878906,49.650001525878906,3330,0.0,0.0,0.0
2024-03-28 11:30:00-04:00,49.79999923706055,49.79999923706055,49.7400016784668,49.77000045776367,1130,0.0,0.0,0.0
2024-03-28 12:30:00-04:00,49.67210006713867,49.67210006713867,49.67210006713867,49.67210006713867,293,0.0,0.0,0.0
2024-03-28 13:30:00-04:00,49.64500045776367,49.689998626708984,49.54290008544922,49.54290008544922,5345,0.0,0.0,0.0
2024-03-28 14:30:00-04:00,49.560001373291016,49.560001373291016,49.560001373291016,49.560001373291016,336,0.0,0.0,0.0
2024-03-28 15:30:00-04:00,49.595001220703125,49.63999938964844,49.595001220703125,49.63999938964844,2101,0.0,0.0,0.0
2024-04-01 09:30:00-04:00,49.869998931884766,49.989898681640625,49.380001068115234,49.380001068115234,0,0.0,0.0,0.0
2024-04-01 10:30:00-04:00,49.474998474121094,49.474998474121094,49.36000061035156,49.36000061035156,1628,0.0,0.0,0.0
2024-04-01 11:30:00-04:00,49.35499954223633,49.36000061035156,49.290000915527344,49.31999969482422,3682,0.0,0.0,0.0
2024-04-01 12:30:00-04:00,49.29999923706055,49.309600830078125,49.26499938964844,49.309600830078125,2128,0.0,0.0,0.0
2024-04-01 13:30:00-04:00,49.25749969482422,49.25749969482422,49.19329833984375,49.249900817871094,1709,0.0,0.0,0.0
2024-04-01 14:30:00-04:00,49.20500183105469,49.239898681640625,49.16400146484375,49.239898681640625,5796,0.0,0.0,0.0
2024-04-01 15:30:00-04:00,49.209999084472656,49.232200622558594,49.15010070800781,49.20000076293945,4638,0.0,0.0,0.0
2024-04-02 09:30:00-04:00,48.83000183105469,48.849998474121094,48.66999816894531,48.70050048828125,11479,0.0,0.0,0.0
2024-04-02 10:30:00-04:00,48.59000015258789,48.630001068115234,48.53929901123047,48.53929901123047,2774,0.0,0.0,0.0
2024-04-02 11:30:00-04:00,48.5,48.5,48.28010177612305,48.37990188598633,7235,0.0,0.0,0.0
2024-04-02 12:30:00-04:00,48.27799987792969,48.27799987792969,48.27799987792969,48.27799987792969,463,0.0,0.0,0.0
2024-04-02 13:30:00-04:00,48.25,48.30820083618164,48.209999084472656,48.30820083618164,3038,0.0,0.0,0.0
2024-04-02 14:30:00-04:00,48.30329895019531,48.380001068115234,48.30329895019531,48.380001068115234,3326,0.0,0.0,0.0
2024-04-02 15:30:00-04:00,48.40999984741211,48.45000076293945,48.40999984741211,48.45000076293945,3530,0.0,0.0,0.0
2024-04-03 09:30:00-04:00,48.380001068115234,48.63999938964844,48.36000061035156,48.62779998779297,5275,0.0,0.0,0.0
2024-04-03 10:30:00-04:00,48.7599983215332,48.77989959716797,48.724998474121094,48.724998474121094,1603,0.0,0.0,0.0
2024-04-03 11:30:00-04:00,48.810001373291016,48.810001373291016,48.665000915527344,48.665000915527344,1095,0.0,0.0,0.0
2024-04-03 12:30:00-04:00,48.755001068115234,48.779998779296875,48.755001068115234,48.779998779296875,2376,0.0,0.0,0.0
2024-04-03 13:30:00-04:00,48.7599983215332,48.7599983215332,48.71500015258789,48.718101501464844,2126,0.0,0.0,0.0
2024-04-03 14:30:00-04:00,48.73500061035156,48.75910186767578,48.61199951171875,48.61199951171875,4768,0.0,0.0,0.0
2024-04-03 15:30:00-04:00,48.63999938964844,48.720001220703125,48.63999938964844,48.70000076293945,1649,0.0,0.0,0.0
2024-04-04 09:30:00-04:00,49.15999984741211,49.15999984741211,48.96480178833008,49.00019836425781,4361,0.0,0.0,0.0
2024-04-04 10:30:00-04:00,49.04999923706055,49.108299255371094,48.970001220703125,48.970001220703125,1998,0.0,0.0,0.0
2024-04-04 11:30:00-04:00,49.029701232910156,49.04899978637695,48.97370147705078,49.02000045776367,1773,0.0,0.0,0.0
2024-04-04 12:30:00-04:00,49.02000045776367,49.02000045776367,48.970001220703125,48.970001220703125,2972,0.0,0.0,0.0
2024-04-04 13:30:00-04:00,48.97990036010742,48.97990036010742,48.76499938964844,48.76499938964844,635,0.0,0.0,0.0
2024-04-04 14:30:00-04:00,48.54990005493164,48.54990005493164,48.32040023803711,48.349998474121094,3311,0.0,0.0,0.0
2024-04-04 15:30:00-04:00,48.15999984741211,48.290000915527344,48.15999984741211,48.220001220703125,45688,0.0,0.0,0.0
2024-04-05 09:30:00-04:00,48.189998626708984,48.27830123901367,48.189998626708984,48.24850082397461,1880,0.0,0.0,0.0
2024-04-05 10:30:00-04:00,48.28900146484375,48.319000244140625,48.21500015258789,48.308998107910156,1825,0.0,0.0,0.0
2024-04-05 11:30:00-04:00,48.41999816894531,48.529998779296875,48.41999816894531,48.52899932861328,3503,0.0,0.0,0.0
2024-04-05 12:30:00-04:00,48.569000244140625,48.569000244140625,48.47650146484375,48.47890090942383,4501,0.0,0.0,0.0
2024-04-05 13:30:00-04:00,48.37950134277344,48.409000396728516,48.37950134277344,48.380001068115234,1949,0.0,0.0,0.0
2024-04-05 14:30:00-04:00,48.400001525878906,48.400001525878906,48.34000015258789,48.38999938964844,1262,0.0,0.0,0.0
2024-04-05 15:30:00-04:00,48.40999984741211,48.45000076293945,48.400001525878906,48.45000076293945,7067,0.0,0.0,0.0
2024-04-08 09:30:00-04:00,48.6869010925293,48.6869010925293,48.51969909667969,48.55500030517578,0,0.0,0.0,0.0
2024-04-08 10:30:00-04:00,48.77000045776367,48.77000045776367,48.77000045776367,48.77000045776367,237,0.0,0.0,0.0
2024-04-08 11:30:00-04:00,48.73609924316406,48.73609924316406,48.650299072265625,48.71070098876953,5562,0.0,0.0,0.0
2024-04-08 12:30:00-04:00,48.735599517822266,48.84989929199219,48.735599517822266,48.77519989013672,4021,0.0,0.0,0.0
2024-04-08 13:30:00-04:00,48.79999923706055,48.79999923706055,48.79999923706055,48.79999923706055,327,0.0,0.0,0.0
2024-04-08 14:30:00-04:00,48.79999923706055,48.849998474121094,48.750301361083984,48.783199310302734,4267,0.0,0.0,0.0
2024-04-09 09:30:00-04:00,48.86000061035156,48.86000061035156,48.83620071411133,48.83620071411133,1779,0.0,0.0,0.0
2024-04-09 10:30:00-04:00,48.43009948730469,48.43009948730469,48.43009948730469,48.43009948730469,811,0.0,0.0,0.0
2024-04-09 11:30:00-04:00,48.56999969482422,48.71989822387695,48.56829833984375,48.642601013183594,4030,0.0,0.0,0.0
2024-04-09 13:30:00-04:00,48.6609992980957,48.689998626708984,48.6609992980957,48.689998626708984,1269,0.0,0.0,0.0
2024-04-09 14:30:00-04:00,48.67279815673828,48.76499938964844,48.61989974975586,48.76499938964844,1553,0.0,0.0,0.0
2024-04-09 15:30:00-04:00,48.84000015258789,48.84000015258789,48.790000915527344,48.790000915527344,961,0.0,0.0,0.0
2024-04-10 09:30:00-04:00,48.02000045776367,48.02000045776367,47.65999984741211,47.7400016784668,5462,0.0,0.0,0.0
2024-04-10 10:30:00-04:00,47.744998931884766,47.7484016418457,47.744998931884766,47.7484016418457,932,0.0,0.0,0.0
2024-04-10 11:30:00-04:00,47.72990036010742,47.72990036010742,47.57500076293945,47.595001220703125,1089,0.0,0.0,0.0
2024-04-10 12:30:00-04:00,47.573699951171875,47.59000015258789,47.349998474121094,47.45000076293945,4638,0.0,0.0,0.0
2024-04-10 13:30:00-04:00,47.2599983215332,47.35649871826172,47.2599983215332,47.310001373291016,2089,0.0,0.0,0.0
2024-04-10 14:30:00-04:00,47.334999084472656,48.77790069580078,47.2400016784668,47.4984016418457,1905,0.0,0.0,0.0
2024-04-10 15:30:00-04:00,47.45000076293945,47.51499938964844,47.38999938964844,47.51499938964844,2677,0.0,0.0,0.0
2024-04-11 09:30:00-04:00,47.709999084472656,47.709999084472656,47.536598205566406,47.549800872802734,3508,0.0,0.0,0.0
2024-04-11 10:30:00-04:00,47.372398376464844,47.372398376464844,47.372398376464844,47.372398376464844,666,0.0,0.0,0.0
2024-04-11 11:30:00-04:00,47.36009979248047,47.63999938964844,47.36009979248047,47.569801330566406,3765,0.0,0.0,0.0
2024-04-11 12:30:00-04:00,47.51900100708008,47.69889831542969,47.410099029541016,47.69889831542969,622,0.0,0.0,0.0
2024-04-11 13:30:00-04:00,47.611698150634766,47.77000045776367,47.611698150634766,47.75,4183,0.0,0.0,0.0
2024-04-11 14:30:00-04:00,47.720001220703125,47.720001220703125,47.62269973754883,47.64500045776367,1438,0.0,0.0,0.0
2024-04-11 15:30:00-04:00,47.63999938964844,47.63999938964844,47.63999938964844,47.63999938964844,418,0.0,0.0,0.0
2024-04-12 09:30:00-04:00,47.369998931884766,47.369998931884766,47.369998931884766,47.369998931884766,1461,0.0,0.0,0.0
2024-04-12 10:30:00-04:00,47.20000076293945,47.2400016784668,47.12799835205078,47.20090103149414,6028,0.0,0.0,0.0
2024-04-12 11:30:00-04:00,47.268798828125,47.268798828125,47.209999084472656,47.22999954223633,1766,0.0,0.0,0.0
2024-04-12 12:30:00-04:00,47.09400177001953,47.09400177001953,47.09400177001953,47.09400177001953,494,0.0,0.0,0.0
2024-04-12 13:30:00-04:00,47.04010009765625,47.06999969482422,47.04010009765625,47.06999969482422,994,0.0,0.0,0.0
2024-04-12 14:30:00-04:00,46.95000076293945,46.97990036010742,46.880001068115234,46.90999984741211,1303,0.0,0.0,0.0
2024-04-12 15:30:00-04:00,46.90829849243164,47.0,46.900001525878906,47.0,4339,0.0,0.0,0.0
2024-04-15 09:30:00-04:00,47.27000045776367,47.458900451660156,47.27000045776367,47.310001373291016,1269,0.0,0.0,0.0
2024-04-15 10:30:00-04:00,46.98809814453125,47.01499938964844,46.80070114135742,46.83000183105469,3500,0.0,0.0,0.0
2024-04-15 11:30:00-04:00,46.940101623535156,47.0099983215332,46.940101623535156,47.0099983215332,1048,0.0,0.0,0.0
2024-04-15 12:30:00-04:00,46.851600646972656,46.851600646972656,46.68439865112305,46.68439865112305,806,0.0,0.0,0.0
2024-04-15 13:30:00-04:00,46.65999984741211,46.7484016418457,46.6349983215332,46.7484016418457,2271,0.0,0.0,0.0
2024-04-15 14:30:00-04:00,46.630001068115234,46.630001068115234,46.560001373291016,46.560001373291016,1536,0.0,0.0,0.0
2024-04-15 15:30:00-04:00,46.55799865722656,46.66830062866211,46.55799865722656,46.66830062866211,2354,0.0,0.0,0.0
2024-04-16 09:30:00-04:00,46.439998626708984,46.439998626708984,46.138099670410156,46.279998779296875,2631,0.0,0.0,0.0
2024-04-16 10:30:00-04:00,46.290000915527344,46.3650016784668,46.25,46.3650016784668,1070,0.0,0.0,0.0
2024-04-16 11:30:00-04:00,46.435001373291016,46.529998779296875,46.435001373291016,46.529998779296875,1223,0.0,0.0,0.0
2024-04-16 12:30:00-04:00,46.65610122680664,46.65610122680664,46.65610122680664,46.65610122680664,325,0.0,0.0,0.0
2024-04-16 13:30:00-04:00,46.41999816894531,46.7400016784668,46.400001525878906,46.43000030517578,7697,0.0,0.0,0.0
2024-04-16 14:30:00-04:00,46.54999923706055,46.70000076293945,46.540000915527344,46.70000076293945,3442,0.0,0.0,0.0
2024-04-16 15:30:00-04:00,46.619998931884766,46.68000030517578,46.619998931884766,46.68000030517578,1315,0.0,0.0,0.0
2024-04-17 09:30:00-04:00,46.869998931884766,46.869998931884766,46.66999816894531,46.70320129394531,0,0.0,0.0,0.0
2024-04-17 10:30:00-04:00,46.69990158081055,46.69990158081055,46.63610076904297,46.67319869995117,1221,0.0,0.0,0.0
2024-04-17 11:30:00-04:00,46.459999084472656,46.459999084472656,46.400001525878906,46.400001525878906,944,0.0,0.0,0.0
2024-04-17 12:30:00-04:00,46.279998779296875,46.53499984741211,46.279998779296875,46.53499984741211,775,0.0,0.0,0.0
2024-04-17 13:30:00-04:00,46.52000045776367,46.559898376464844,46.52000045776367,46.52000045776367,1538,0.0,0.0,0.0
2024-04-17 14:30:00-04:00,46.470001220703125,46.59989929199219,46.26070022583008,46.26070022583008,1332,0.0,0.0,0.0
2024-04-17 15:30:00-04:00,46.28499984741211,46.36989974975586,46.28499984741211,46.36989974975586,207,0.0,0.0,0.0
2024-04-18 09:30:00-04:00,46.43000030517578,46.439998626708984,46.34510040283203,46.400001525878906,0,0.0,0.0,0.0
2024-04-18 10:30:00-04:00,46.737098693847656,46.82500076293945,46.737098693847656,46.82500076293945,531,0.0,0.0,0.0
2024-04-18 11:30:00-04:00,46.7400016784668,46.7400016784668,46.66999816894531,46.66999816894531,9405,0.0,0.0,0.0
2024-04-18 12:30:00-04:00,46.617698669433594,46.617698669433594,46.617698669433594,46.617698669433594,563,0.0,0.0,0.0
2024-04-18 13:30:00-04:00,46.39440155029297,46.39440155029297,46.39440155029297,46.39440155029297,339,0.0,0.0,0.0
2024-04-18 14:30:00-04:00,46.244998931884766,46.28499984741211,46.16999816894531,46.28499984741211,2676,0.0,0.0,0.0
2024-04-18 15:30:00-04:00,46.369998931884766,46.369998931884766,46.34000015258789,46.34000015258789,694,0.0,0.0,0.0
2024-04-19 09:30:00-04:00,46.95000076293945,46.95000076293945,46.810001373291016,46.810001373291016,285,0.0,0.0,0.0
2024-04-19 10:30:00-04:00,46.776798248291016,46.84149932861328,46.74150085449219,46.790000915527344,4996,0.0,0.0,0.0
2024-04-19 11:30:00-04:00,46.900001525878906,46.900001525878906,46.67559814453125,46.67559814453125,1316,0.0,0.0,0.0
2024-04-19 12:30:00-04:00,46.689998626708984,46.869998931884766,46.689998626708984,46.869998931884766,2502,0.0,0.0,0.0
2024-04-19 13:30:00-04:00,46.83089828491211,46.880001068115234,46.83089828491211,46.880001068115234,4582,0.0,0.0,0.0
2024-04-19 14:30:00-04:00,46.731300354003906,46.810001373291016,46.68560028076172,46.77870178222656,3237,0.0,0.0,0.0
2024-04-22 09:30:00-04:00,47.2400016784668,47.2400016784668,46.95949935913086,46.95949935913086,8439,0.0,0.0,0.0
2024-04-22 10:30:00-04:00,47.130001068115234,47.130001068115234,47.130001068115234,47.130001068115234,910,0.0,0.0,0.0
2024-04-22 11:30:00-04:00,47.00519943237305,47.150001525878906,46.97010040283203,47.150001525878906,33946,0.0,0.0,0.0
2024-04-22 12:30:00-04:00,47.15999984741211,47.15999984741211,47.15999984741211,47.15999984741211,0,0.0,0.0,0.0
2024-04-22 13:30:00-04:00,47.32509994506836,47.43989944458008,47.32509994506836,47.43989944458008,1996,0.0,0.0,0.0
2024-04-22 14:30:00-04:00,47.43239974975586,47.43239974975586,47.2681999206543,47.3114013671875,5313,0.0,0.0,0.0
2024-04-22 15:30:00-04:00,47.27989959716797,47.27989959716797,47.27989959716797,47.27989959716797,191,0.0,0.0,0.0
2024-04-23 09:30:00-04:00,47.220001220703125,47.65999984741211,47.220001220703125,47.64059829711914,5142,0.0,0.0,0.0
2024-04-23 10:30:00-04:00,47.7599983215332,47.79999923706055,47.7599983215332,47.79999923706055,4333,0.0,0.0,0.0
2024-04-23 11:30:00-04:00,47.7661018371582,47.7661018371582,47.7661018371582,47.7661018371582,279,0.0,0.0,0.0
2024-04-23 12:30:00-04:00,47.78099822998047,47.78099822998047,47.78099822998047,47.78099822998047,573,0.0,0.0,0.0
2024-04-23 13:30:00-04:00,47.95000076293945,48.02000045776367,47.95000076293945,47.971500396728516,4403,0.0,0.0,0.0
2024-04-23 14:30:00-04:00,48.005001068115234,48.005001068115234,47.88999938964844,47.88999938964844,4759,0.0,0.0,0.0
2024-04-23 15:30:00-04:00,47.880001068115234,47.9099006652832,47.86000061035156,47.86000061035156,5489,0.0,0.0,0.0
2024-04-24 09:30:00-04:00,47.7400016784668,47.744998931884766,47.47999954223633,47.69889831542969,3027,0.0,0.0,0.0
2024-04-24 10:30:00-04:00,47.68000030517578,47.68000030517578,47.4807014465332,47.4807014465332,1914,0.0,0.0,0.0
2024-04-24 11:30:00-04:00,47.47999954223633,47.505001068115234,47.41999816894531,47.505001068115234,2063,0.0,0.0,0.0
2024-04-24 12:30:00-04:00,47.52000045776367,47.560001373291016,47.44889831542969,47.551998138427734,3229,0.0,0.0,0.0
2024-04-24 13:30:00-04:00,47.68899917602539,47.68899917602539,47.61000061035156,47.64860153198242,1679,0.0,0.0,0.0
2024-04-24 14:30:00-04:00,47.616798400878906,47.650001525878906,47.599998474121094,47.630401611328125,1402,0.0,0.0,0.0
2024-04-24 15:30:00-04:00,47.66999816894531,47.790000915527344,47.66999816894531,47.790000915527344,657,0.0,0.0,0.0
2024-04-25 09:30:00-04:00,47.68000030517578,47.68000030517578,47.10960006713867,47.10960006713867,0,0.0,0.0,0.0
2024-04-25 10:30:00-04:00,47.099998474121094,47.15950012207031,47.05009841918945,47.05009841918945,1414,0.0,0.0,0.0
2024-04-25 11:30:00-04:00,47.16999816894531,47.18000030517578,47.16999816894531,47.18000030517578,917,0.0,0.0,0.0
2024-04-25 12:30:00-04:00,47.19889831542969,47.21929931640625,47.19889831542969,47.21929931640625,4928,0.0,0.0,0.0
2024-04-25 13:30:00-04:00,47.249900817871094,47.279998779296875,47.231201171875,47.231201171875,3621,0.0,0.0,0.0
2024-04-25 14:30:00-04:00,47.426300048828125,47.426300048828125,47.38999938964844,47.38999938964844,674,0.0,0.0,0.0
2024-04-25 15:30:00-04:00,47.39509963989258,47.39509963989258,47.33000183105469,47.36899948120117,1635,0.0,0.0,0.0
2024-04-26 09:30:00-04:00,47.38999938964844,47.72990036010742,47.38999938964844,47.72990036010742,2473,0.0,0.0,0.0
2024-04-26 10:30:00-04:00,47.619998931884766,47.619998931884766,47.619998931884766,47.619998931884766,752,0.0,0.0,0.0
2024-04-26 11:30:00-04:00,47.584999084472656,47.61040115356445,47.55950164794922,47.61040115356445,1138,0.0,0.0,0.0
2024-04-26 12:30:00-04:00,47.65999984741211,47.679901123046875,47.65999984741211,47.6609992980957,1178,0.0,0.0,0.0
2024-04-26 13:30:00-04:00,47.659000396728516,47.66999816894531,47.59000015258789,47.59000015258789,2072,0.0,0.0,0.0
2024-04-26 14:30:00-04:00,47.63999938964844,47.69990158081055,47.599998474121094,47.62329864501953,2204,0.0,0.0,0.0
2024-04-26 15:30:00-04:00,47.5989990234375,47.5989990234375,47.56700134277344,47.58000183105469,1138,0.0,0.0,0.0
2024-04-29 09:30:00-04:00,47.7400016784668,47.83000183105469,47.679100036621094,47.7400016784668,5763,0.0,0.0,0.0
2024-04-29 10:30:00-04:00,47.740699768066406,47.740699768066406,47.73899841308594,47.73899841308594,1002,0.0,0.0,0.0
2024-04-29 11:30:00-04:00,47.65700149536133,47.7599983215332,47.619998931884766,47.7599983215332,5934,0.0,0.0,0.0
2024-04-29 12:30:00-04:00,47.82899856567383,47.82899856567383,47.720001220703125,47.72999954223633,1710,0.0,0.0,0.0
2024-04-29 13:30:00-04:00,47.75,47.790000915527344,47.717201232910156,47.779998779296875,1597,0.0,0.0,0.0
2024-04-29 14:30:00-04:00,47.660099029541016,47.77000045776367,47.560001373291016,47.65999984741211,3401,0.0,0.0,0.0
2024-04-29 15:30:00-04:00,47.650001525878906,47.7400016784668,47.650001525878906,47.720001220703125,8959,0.0,0.0,0.0
2024-04-30 09:30:00-04:00,47.400001525878906,47.400001525878906,47.15010070800781,47.15010070800781,7951,0.0,0.0,0.0
2024-04-30 10:30:00-04:00,47.1599006652832,47.1599006652832,46.99720001220703,47.07500076293945,1808,0.0,0.0,0.0
2024-04-30 11:30:00-04:00,47.06990051269531,47.06990051269531,46.96189880371094,47.03739929199219,1692,0.0,0.0,0.0
2024-04-30 12:30:00-04:00,46.959999084472656,46.959999084472656,46.94820022583008,46.94820022583008,1241,0.0,0.0,0.0
2024-04-30 14:30:00-04:00,46.8400993347168,46.88999938964844,46.8400993347168,46.88999938964844,1334,0.0,0.0,0.0
2024-04-30 15:30:00-04:00,46.861000061035156,46.880001068115234,46.84000015258789,46.84000015258789,2107,0.0,0.0,0.0
2024-05-01 09:30:00-04:00,46.81999969482422,46.81999969482422,46.540000915527344,46.540000915527344,10432,0.0,0.0,0.0
2024-05-01 10:30:00-04:00,46.505001068115234,46.635501861572266,46.494998931884766,46.549400329589844,8300,0.0,0.0,0.0
2024-05-01 11:30:00-04:00,46.54999923706055,46.59000015258789,46.52000045776367,46.523101806640625,2405,0.0,0.0,0.0
2024-05-01 12:30:00-04:00,46.650001525878906,46.650001525878906,46.599998474121094,46.619998931884766,1262,0.0,0.0,0.0
2024-05-01 13:30:00-04:00,46.6349983215332,46.6349983215332,46.6349983215332,46.6349983215332,811,0.0,0.0,0.0
2024-05-01 14:30:00-04:00,46.724998474121094,47.36000061035156,46.724998474121094,47.154998779296875,1633,0.0,0.0,0.0
2024-05-01 15:30:00-04:00,47.05080032348633,47.08000183105469,46.612998962402344,46.612998962402344,2517,0.0,0.0,0.0
2024-05-02 09:30:00-04:00,47.04999923706055,47.04999923706055,46.99140167236328,46.99140167236328,1239,0.0,0.0,0.0
2024-05-02 10:30:00-04:00,46.974998474121094,46.974998474121094,46.939998626708984,46.939998626708984,2990,0.0,0.0,0.0
2024-05-02 11:30:00-04:00,47.132999420166016,47.165000915527344,47.132999420166016,47.165000915527344,2610,0.0,0.0,0.0
2024-05-02 12:30:00-04:00,47.22010040283203,47.279998779296875,47.20000076293945,47.279998779296875,1636,0.0,0.0,0.0
2024-05-02 13:30:00-04:00,47.29999923706055,47.33000183105469,47.23809814453125,47.289798736572266,20422,0.0,0.0,0.0
2024-05-02 14:30:00-04:00,47.399898529052734,47.400001525878906,47.372100830078125,47.39500045776367,9657,0.0,0.0,0.0
2024-05-02 15:30:00-04:00,47.35499954223633,47.38999938964844,47.31990051269531,47.38999938964844,2375,0.0,0.0,0.0
2024-05-03 09:30:00-04:00,48.060001373291016,48.060001373291016,47.63999938964844,47.68980026245117,0,0.0,0.0,0.0
2024-05-03 10:30:00-04:00,47.78850173950195,47.78850173950195,47.62080001831055,47.66320037841797,5449,0.0,0.0,0.0
2024-05-03 11:30:00-04:00,47.7599983215332,47.7599983215332,47.58000183105469,47.7599983215332,4709,0.0,0.0,0.0
2024-05-03 12:30:00-04:00,47.75,47.75,47.69660186767578,47.69660186767578,2836,0.0,0.0,0.0
2024-05-03 13:30:00-04:00,47.790000915527344,47.79899978637695,47.75,47.77259826660156,4275,0.0,0.0,0.0
2024-05-03 14:30:00-04:00,47.78900146484375,47.78900146484375,47.65010070800781,47.65010070800781,4309,0.0,0.0,0.0
2024-05-03 15:30:00-04:00,47.64500045776367,47.71900177001953,47.64500045776367,47.71900177001953,1403,0.0,0.0,0.0
2024-05-06 09:30:00-04:00,48.029998779296875,48.308998107910156,48.029998779296875,48.26499938964844,5292,0.0,0.0,0.0
2024-05-06 10:30:00-04:00,48.29999923706055,48.29999923706055,47.7041015625,48.22999954223633,2357,0.0,0.0,0.0
2024-05-06 11:30:00-04:00,48.22999954223633,48.290000915527344,48.19929885864258,48.290000915527344,1116,0.0,0.0,0.0
2024-05-06 12:30:00-04:00,48.290000915527344,48.290000915527344,48.20090103149414,48.27000045776367,2046,0.0,0.0,0.0
2024-05-06 13:30:00-04:00,48.255001068115234,48.279998779296875,48.255001068115234,48.27579879760742,1654,0.0,0.0,0.0
2024-05-06 14:30:00-04:00,48.29399871826172,48.29399871826172,48.18000030517578,48.18000030517578,3121,0.0,0.0,0.0
2024-05-06 15:30:00-04:00,48.18539810180664,48.229000091552734,48.18000030517578,48.189998626708984,1924,0.0,0.0,0.0
2024-05-07 09:30:00-04:00,48.36000061035156,48.56999969482422,48.36000061035156,48.5099983215332,4070,0.0,0.0,0.0
2024-05-07 10:30:00-04:00,48.55500030517578,48.55500030517578,48.54999923706055,48.54999923706055,386,0.0,0.0,0.0
2024-05-07 11:30:00-04:00,48.619998931884766,48.709999084472656,48.61199951171875,48.709999084472656,3592,0.0,0.0,0.0
2024-05-07 12:30:00-04:00,48.67499923706055,48.720001220703125,48.59000015258789,48.59000015258789,4583,0.0,0.0,0.0
2024-05-07 13:30:00-04:00,48.54999923706055,48.54999923706055,48.472599029541016,48.472599029541016,5228,0.0,0.0,0.0
2024-05-07 14:30:00-04:00,48.4900016784668,48.4900016784668,48.470001220703125,48.470001220703125,1386,0.0,0.0,0.0
2024-05-07 15:30:00-04:00,48.470001220703125,48.470001220703125,48.29999923706055,48.29999923706055,2973,0.0,0.0,0.0
2024-05-08 09:30:00-04:00,48.10820007324219,48.10820007324219,48.10820007324219,48.10820007324219,899,0.0,0.0,0.0
2024-05-08 10:30:00-04:00,48.198299407958984,48.19929885864258,48.17610168457031,48.19929885864258,614,0.0,0.0,0.0
2024-05-08 11:30:00-04:00,48.266998291015625,48.266998291015625,48.25749969482422,48.2599983215332,1350,0.0,0.0,0.0
2024-05-08 12:30:00-04:00,48.223201751708984,48.223201751708984,48.223201751708984,48.223201751708984,1404,0.0,0.0,0.0
2024-05-08 13:30:00-04:00,48.2400016784668,48.28110122680664,48.2400016784668,48.28110122680664,1681,0.0,0.0,0.0
2024-05-08 14:30:00-04:00,48.315799713134766,48.31999969482422,48.29499816894531,48.29499816894531,1979,0.0,0.0,0.0
2024-05-08 15:30:00-04:00,48.380001068115234,48.380001068115234,48.380001068115234,48.380001068115234,437,0.0,0.0,0.0
2024-05-09 09:30:00-04:00,48.59000015258789,48.68259811401367,48.5,48.68259811401367,0,0.0,0.0,0.0
2024-05-09 10:30:00-04:00,48.80270004272461,48.80270004272461,48.80270004272461,48.80270004272461,576,0.0,0.0,0.0
2024-05-09 11:30:00-04:00,48.690101623535156,48.75,48.690101623535156,48.75,472,0.0,0.0,0.0
2024-05-09 12:30:00-04:00,48.7599983215332,48.819000244140625,48.72999954223633,48.819000244140625,2074,0.0,0.0,0.0
2024-05-09 13:30:00-04:00,48.819698333740234,48.819698333740234,48.73500061035156,48.73500061035156,1318,0.0,0.0,0.0
2024-05-09 14:30:00-04:00,48.808998107910156,48.91899871826172,48.775001525878906,48.91899871826172,179405,0.0,0.0,0.0
2024-05-09 15:30:00-04:00,49.01499938964844,49.069000244140625,49.01499938964844,49.069000244140625,818,0.0,0.0,0.0
2024-05-10 09:30:00-04:00,49.130001068115234,49.130001068115234,48.724998474121094,48.724998474121094,6103,0.0,0.0,0.0
2024-05-10 11:30:00-04:00,48.65999984741211,48.66999816894531,48.650001525878906,48.650001525878906,2232,0.0,0.0,0.0
2024-05-10 12:30:00-04:00,48.64500045776367,48.64590072631836,48.57680130004883,48.57680130004883,3140,0.0,0.0,0.0
2024-05-10 13:30:00-04:00,48.599998474121094,48.619998931884766,48.599998474121094,48.619998931884766,1353,0.0,0.0,0.0
2024-05-10 14:30:00-04:00,48.612998962402344,48.72990036010742,48.61000061035156,48.69499969482422,1970,0.0,0.0,0.0
2024-05-10 15:30:00-04:00,48.72999954223633,48.75,48.72999954223633,48.75,1460,0.0,0.0,0.0
2024-05-13 09:30:00-04:00,49.02000045776367,49.15869903564453,49.02000045776367,49.15869903564453,2214,0.0,0.0,0.0
2024-05-13 10:30:00-04:00,49.0900993347168,49.130001068115234,49.07500076293945,49.08000183105469,4811,0.0,0.0,0.0
2024-05-13 11:30:00-04:00,49.023399353027344,49.06549835205078,48.920101165771484,48.920101165771484,1957,0.0,0.0,0.0
2024-05-13 12:30:00-04:00,48.97679901123047,48.97679901123047,48.97679901123047,48.97679901123047,331,0.0,0.0,0.0
2024-05-13 13:30:00-04:00,48.92399978637695,48.939998626708984,48.910400390625,48.939998626708984,2576,0.0,0.0,0.0
2024-05-13 14:30:00-04:00,48.93960189819336,48.95000076293945,48.92499923706055,48.95000076293945,1010,0.0,0.0,0.0
2024-05-13 15:30:00-04:00,48.91999816894531,48.91999816894531,48.832000732421875,48.842201232910156,948,0.0,0.0,0.0
2024-05-14 09:30:00-04:00,49.33000183105469,49.33000183105469,49.16999816894531,49.25,2803,0.0,0.0,0.0
2024-05-14 10:30:00-04:00,49.13999938964844,49.267398834228516,49.13999938964844,49.224998474121094,2903,0.0,0.0,0.0
2024-05-14 11:30:00-04:00,49.220001220703125,49.220001220703125,49.119998931884766,49.138999938964844,3206,0.0,0.0,0.0
2024-05-14 12:30:00-04:00,49.125,49.1693000793457,49.06999969482422,49.099998474121094,5641,0.0,0.0,0.0
2024-05-14 13:30:00-04:00,49.14680099487305,49.16999816894531,49.102298736572266,49.16999816894531,5335,0.0,0.0,0.0
2024-05-14 14:30:00-04:00,49.25,49.25,49.16999816894531,49.16999816894531,1336,0.0,0.0,0.0
2024-05-14 15:30:00-04:00,49.185001373291016,49.220001220703125,49.15999984741211,49.220001220703125,1525,0.0,0.0,0.0
2024-05-15 09:30:00-04:00,49.560001373291016,49.560001373291016,49.25149917602539,49.25149917602539,3220,0.0,0.0,0.0
2024-05-15 10:30:00-04:00,49.3400993347168,49.43000030517578,49.3400993347168,49.43000030517578,570,0.0,0.0,0.0
2024-05-15 11:30:00-04:00,49.410099029541016,49.410099029541016,49.39500045776367,49.39500045776367,577,0.0,0.0,0.0
2024-05-15 12:30:00-04:00,49.42470169067383,49.464298248291016,49.398101806640625,49.4390983581543,5467,0.0,0.0,0.0
2024-05-15 13:30:00-04:00,49.36000061035156,49.36000061035156,49.25,49.314998626708984,1053,0.0,0.0,0.0
2024-05-15 14:30:00-04:00,49.334999084472656,49.388099670410156,49.315101623535156,49.388099670410156,2466,0.0,0.0,0.0
2024-05-15 15:30:00-04:00,49.36000061035156,49.40999984741211,49.349998474121094,49.400001525878906,591,0.0,0.0,0.0
2024-05-16 09:30:00-04:00,49.349998474121094,49.349998474121094,49.209999084472656,49.22629928588867,1837,0.0,0.0,0.0
2024-05-16 10:30:00-04:00,49.268798828125,49.29650115966797,49.268798828125,49.28919982910156,1049,0.0,0.0,0.0
2024-05-16 11:30:00-04:00,49.268699645996094,49.268699645996094,49.20109939575195,49.20500183105469,1981,0.0,0.0,0.0
2024-05-16 12:30:00-04:00,49.203399658203125,49.290000915527344,49.18159866333008,49.290000915527344,14086,0.0,0.0,0.0
2024-05-16 13:30:00-04:00,49.2598991394043,49.2598991394043,49.20000076293945,49.20500183105469,2811,0.0,0.0,0.0
2024-05-16 14:30:00-04:00,49.20759963989258,49.309600830078125,49.20759963989258,49.309600830078125,2612,0.0,0.0,0.0
2024-05-16 15:30:00-04:00,49.22990036010742,49.29499816894531,49.220001220703125,49.225399017333984,7369,0.0,0.0,0.0
2024-05-17 09:30:00-04:00,49.22999954223633,49.24800109863281,49.1349983215332,49.24800109863281,0,0.0,0.0,0.0
2024-05-17 10:30:00-04:00,49.160099029541016,49.160099029541016,49.15999984741211,49.15999984741211,565,0.0,0.0,0.0
2024-05-17 11:30:00-04:00,49.130001068115234,49.23189926147461,49.130001068115234,49.189998626708984,2306,0.0,0.0,0.0
2024-05-17 12:30:00-04:00,49.18000030517578,49.18000030517578,49.17499923706055,49.17499923706055,1401,0.0,0.0,0.0
2024-05-17 14:30:00-04:00,49.15010070800781,49.22999954223633,49.15010070800781,49.22999954223633,2169,0.0,0.0,0.0
2024-05-17 15:30:00-04:00,49.20709991455078,49.220001220703125,49.20140075683594,49.220001220703125,938,0.0,0.0,0.0
2024-05-20 09:30:00-04:00,49.25,49.25,49.22140121459961,49.22140121459961,0,0.0,0.0,0.0
2024-05-20 10:30:00-04:00,49.21009826660156,49.42789840698242,49.21009826660156,49.42789840698242,2655,0.0,0.0,0.0
2024-05-20 11:30:00-04:00,49.31999969482422,49.31999969482422,49.279998779296875,49.310001373291016,1057,0.0,0.0,0.0
2024-05-20 12:30:00-04:00,49.3202018737793,49.358699798583984,49.29999923706055,49.29999923706055,3387,0.0,0.0,0.0
2024-05-20 13:30:00-04:00,49.185001373291016,49.20000076293945,49.185001373291016,49.20000076293945,1131,0.0,0.0,0.0
2024-05-20 14:30:00-04:00,49.2400016784668,49.26810073852539,49.16590118408203,49.22200012207031,3118,0.0,0.0,0.0
2024-05-20 15:30:00-04:00,49.135101318359375,49.135101318359375,49.12900161743164,49.12900161743164,600,0.0,0.0,0.0
2024-05-21 09:30:00-04:00,49.04999923706055,49.059600830078125,48.959999084472656,49.059600830078125,8402,0.0,0.0,0.0
2024-05-21 10:30:00-04:00,49.0,49.016998291015625,49.0,49.016998291015625,913,0.0,0.0,0.0
2024-05-21 11:30:00-04:00,49.00320053100586,49.019901275634766,48.93330001831055,48.96900177001953,2774,0.0,0.0,0.0
2024-05-21 12:30:00-04:00,49.0,49.08000183105469,48.974998474121094,49.07899856567383,2337,0.0,0.0,0.0
2024-05-21 13:30:00-04:00,49.04999923706055,49.0890007019043,49.04499816894531,49.069000244140625,3453,0.0,0.0,0.0
2024-05-21 14:30:00-04:00,49.040000915527344,49.069000244140625,49.02989959716797,49.04899978637695,1240,0.0,0.0,0.0
2024-05-21 15:30:00-04:00,49.08000183105469,49.08000183105469,49.064998626708984,49.08000183105469,729,0.0,0.0,0.0
2024-05-22 09:30:00-04:00,48.939998626708984,48.939998626708984,48.83300018310547,48.83300018310547,876,0.0,0.0,0.0
2024-05-22 10:30:00-04:00,48.792598724365234,48.84000015258789,48.792598724365234,48.84000015258789,1430,0.0,0.0,0.0
2024-05-22 11:30:00-04:00,48.70000076293945,48.810001373291016,48.70000076293945,48.80590057373047,3511,0.0,0.0,0.0
2024-05-22 12:30:00-04:00,48.810001373291016,48.810001373291016,48.810001373291016,48.810001373291016,555,0.0,0.0,0.0
2024-05-22 13:30:00-04:00,48.779998779296875,48.779998779296875,48.70000076293945,48.70000076293945,608,0.0,0.0,0.0
2024-05-22 14:30:00-04:00,48.41669845581055,48.5099983215332,48.41669845581055,48.472198486328125,1363,0.0,0.0,0.0
2024-05-22 15:30:00-04:00,48.50080108642578,48.50080108642578,48.50080108642578,48.50080108642578,560,0.0,0.0,0.0
2024-05-23 09:30:00-04:00,48.720001220703125,48.720001220703125,48.31840133666992,48.31840133666992,0,0.0,0.0,0.0
2024-05-23 10:30:00-04:00,48.2400016784668,48.37080001831055,48.194400787353516,48.37080001831055,4532,0.0,0.0,0.0
2024-05-23 11:30:00-04:00,48.255001068115234,48.255001068115234,48.255001068115234,48.255001068115234,1010,0.0,0.0,0.0
2024-05-23 12:30:00-04:00,48.357398986816406,48.357398986816406,48.142398834228516,48.142398834228516,2980,0.0,0.0,0.0
2024-05-23 13:30:00-04:00,48.13999938964844,48.13999938964844,48.010799407958984,48.010799407958984,2551,0.0,0.0,0.0
2024-05-23 14:30:00-04:00,47.86000061035156,47.9474983215332,47.849998474121094,47.9474983215332,3026,0.0,0.0,0.0
2024-05-23 15:30:00-04:00,48.00899887084961,48.00899887084961,47.88750076293945,47.95500183105469,5051,0.0,0.0,0.0
2024-05-24 09:30:00-04:00,48.29999923706055,48.29999923706055,48.165000915527344,48.27000045776367,9090,0.0,0.0,0.0
2024-05-24 11:30:00-04:00,48.310001373291016,48.37900161743164,48.29930114746094,48.369998931884766,6303,0.0,0.0,0.0
2024-05-24 12:30:00-04:00,48.37900161743164,48.37900161743164,48.33000183105469,48.33060073852539,2469,0.0,0.0,0.0
2024-05-24 13:30:00-04:00,48.37900161743164,48.37990188598633,48.31999969482422,48.36899948120117,1179,0.0,0.0,0.0
2024-05-24 14:30:00-04:00,48.3489990234375,48.3489990234375,48.247501373291016,48.247501373291016,777,0.0,0.0,0.0
2024-05-24 15:30:00-04:00,48.35900115966797,48.46900177001953,48.33539962768555,48.46900177001953,1696,0.0,0.0,0.0
2024-05-28 09:30:00-04:00,48.66999816894531,48.66999816894531,48.48899841308594,48.48899841308594,3212,0.0,0.0,0.0
2024-05-28 10:30:00-04:00,48.45899963378906,48.56999969482422,48.41999816894531,48.569000244140625,3328,0.0,0.0,0.0
2024-05-28 11:30:00-04:00,48.55979919433594,48.56999969482422,48.47079849243164,48.52899932861328,2023,0.0,0.0,0.0
2024-05-28 12:30:00-04:00,48.529598236083984,48.57899856567383,48.44900131225586,48.44900131225586,2393,0.0,0.0,0.0
2024-05-28 13:30:00-04:00,48.369998931884766,48.380001068115234,48.2400016784668,48.2400016784668,6589,0.0,0.0,0.0
2024-05-28 14:30:00-04:00,48.11000061035156,48.18899917602539,48.10710144042969,48.17499923706055,2665,0.0,0.0,0.0
2024-05-28 15:30:00-04:00,48.189998626708984,48.22999954223633,48.189998626708984,48.22999954223633,2958,0.0,0.0,0.0
2024-05-29 09:30:00-04:00,47.650001525878906,47.81999969482422,47.650001525878906,47.810001373291016,6203,0.0,0.0,0.0
2024-05-29 10:30:00-04:00,47.810001373291016,47.810001373291016,47.6870002746582,47.689998626708984,3300,0.0,0.0,0.0
2024-05-29 11:30:00-04:00,47.685001373291016,47.75,47.60110092163086,47.749000549316406,3892,0.0,0.0,0.0
2024-05-29 12:30:00-04:00,47.665000915527344,47.70000076293945,47.6349983215332,47.69810104370117,1690,0.0,0.0,0.0
2024-05-29 13:30:00-04:00,47.65999984741211,47.6890983581543,47.6150016784668,47.619998931884766,2540,0.0,0.0,0.0
2024-05-29 14:30:00-04:00,47.549198150634766,47.65999984741211,47.549198150634766,47.63999938964844,3693,0.0,0.0,0.0
2024-05-29 15:30:00-04:00,47.57899856567383,47.57899856567383,47.57899856567383,47.57899856567383,170,0.0,0.0,0.0
2024-05-30 09:30:00-04:00,47.75,48.02000045776367,47.75,48.0,0,0.0,0.0,0.0
2024-05-30 10:30:00-04:00,48.13990020751953,48.149898529052734,48.13990020751953,48.149898529052734,1677,0.0,0.0,0.0
2024-05-30 11:30:00-04:00,48.189998626708984,48.25,48.150001525878906,48.220001220703125,1303,0.0,0.0,0.0
2024-05-30 12:30:00-04:00,48.2400016784668,48.2599983215332,48.209999084472656,48.209999084472656,727,0.0,0.0,0.0
2024-05-30 13:30:00-04:00,48.27000045776367,48.27000045776367,48.18119812011719,48.18119812011719,1945,0.0,0.0,0.0
2024-05-30 14:30:00-04:00,48.220001220703125,48.27989959716797,48.220001220703125,48.27989959716797,3082,0.0,0.0,0.0
2024-05-30 15:30:00-04:00,48.180999755859375,48.27000045776367,48.11000061035156,48.27000045776367,2003,0.0,0.0,0.0
2024-05-31 09:30:00-04:00,48.43000030517578,48.61000061035156,48.43000030517578,48.52259826660156,0,0.0,0.0,0.0
2024-05-31 10:30:00-04:00,48.510101318359375,48.540000915527344,48.510101318359375,48.540000915527344,1345,0.0,0.0,0.0
2024-05-31 11:30:00-04:00,48.58000183105469,48.589900970458984,48.58000183105469,48.589900970458984,1384,0.0,0.0,0.0
2024-05-31 12:30:00-04:00,48.5,48.54499816894531,48.480098724365234,48.54499816894531,5240,0.0,0.0,0.0
2024-05-31 13:30:00-04:00,48.739200592041016,48.739200592041016,48.662601470947266,48.662601470947266,3941,0.0,0.0,0.0
2024-05-31 14:30:00-04:00,48.65999984741211,48.68000030517578,48.65999984741211,48.66999816894531,2242,0.0,0.0,0.0
2024-05-31 15:30:00-04:00,48.7599983215332,48.900001525878906,48.7599983215332,48.900001525878906,1680,0.0,0.0,0.0
2024-06-03 09:30:00-04:00,49.25,49.25,48.90660095214844,48.90660095214844,1705,0.0,0.0,0.0
2024-06-03 10:30:00-04:00,48.709999084472656,48.709999084472656,48.61790084838867,48.61790084838867,1969,0.0,0.0,0.0
2024-06-03 11:30:00-04:00,48.61000061035156,48.61000061035156,48.439998626708984,48.439998626708984,1664,0.0,0.0,0.0
2024-06-03 12:30:00-04:00,48.439998626708984,48.494998931884766,48.392799377441406,48.392799377441406,1864,0.0,0.0,0.0
2024-06-03 13:30:00-04:00,48.5369987487793,48.5369987487793,48.5,48.5,676,0.0,0.0,0.0
2024-06-03 14:30:00-04:00,48.612098693847656,48.619998931884766,48.560001373291016,48.581600189208984,2372,0.0,0.0,0.0
2024-06-03 15:30:00-04:00,48.599998474121094,48.638999938964844,48.599998474121094,48.638999938964844,908,0.0,0.0,0.0
2024-06-04 09:30:00-04:00,48.279998779296875,48.279998779296875,48.15129852294922,48.18000030517578,2708,0.0,0.0,0.0
2024-06-04 10:30:00-04:00,48.15119934082031,48.16999816894531,48.08000183105469,48.08000183105469,1438,0.0,0.0,0.0
2024-06-04 11:30:00-04:00,47.91999816894531,47.940101623535156,47.875,47.9202995300293,4342,0.0,0.0,0.0
2024-06-04 12:30:00-04:00,47.935001373291016,47.935001373291016,47.856201171875,47.856201171875,950,0.0,0.0,0.0
2024-06-04 13:30:00-04:00,47.85169982910156,47.9900016784668,47.85169982910156,47.9900016784668,1246,0.0,0.0,0.0
2024-06-04 14:30:00-04:00,47.9827995300293,48.019798278808594,47.9827995300293,48.019798278808594,8141,0.0,0.0,0.0
2024-06-04 15:30:00-04:00,47.83000183105469,47.849998474121094,47.83000183105469,47.849998474121094,2799,0.0,0.0,0.0
2024-06-05 09:30:00-04:00,48.16999816894531,48.16999816894531,47.87699890136719,47.88999938964844,12368,0.0,0.0,0.0
2024-06-05 10:30:00-04:00,47.8400993347168,47.900001525878906,47.8400993347168,47.900001525878906,923,0.0,0.0,0.0
2024-06-05 11:30:00-04:00,48.09000015258789,48.10850143432617,48.09000015258789,48.10850143432617,418,0.0,0.0,0.0
2024-06-05 12:30:00-04:00,48.128700256347656,48.1702995300293,48.095001220703125,48.13999938964844,3071,0.0,0.0,0.0
2024-06-05 13:30:00-04:00,48.09000015258789,48.130001068115234,48.09000015258789,48.119998931884766,719,0.0,0.0,0.0
2024-06-05 14:30:00-04:00,48.11759948730469,48.189998626708984,48.10499954223633,48.10499954223633,5031,0.0,0.0,0.0
2024-06-05 15:30:00-04:00,48.099998474121094,48.11000061035156,48.099998474121094,48.11000061035156,103251,0.0,0.0,0.0
2024-06-06 09:30:00-04:00,47.97999954223633,47.982398986816406,47.880001068115234,47.880001068115234,1436,0.0,0.0,0.0
2024-06-06 10:30:00-04:00,47.814998626708984,47.849998474121094,47.810001373291016,47.8306999206543,1252,0.0,0.0,0.0
2024-06-06 11:30:00-04:00,47.85260009765625,47.85260009765625,47.7400016784668,47.7400016784668,3993,0.0,0.0,0.0
2024-06-06 12:30:00-04:00,47.73659896850586,47.82899856567383,47.72010040283203,47.82899856567383,4929,0.0,0.0,0.0
2024-06-06 13:30:00-04:00,47.845001220703125,47.845001220703125,47.619998931884766,47.68000030517578,1694,0.0,0.0,0.0
2024-06-06 14:30:00-04:00,47.72999954223633,47.83000183105469,47.72999954223633,47.814998626708984,4454,0.0,0.0,0.0
2024-06-06 15:30:00-04:00,47.78450012207031,47.78499984741211,47.775001525878906,47.78499984741211,1423,0.0,0.0,0.0
2024-06-07 09:30:00-04:00,47.400001525878906,47.63999938964844,47.400001525878906,47.63999938964844,0,0.0,0.0,0.0
2024-06-07 10:30:00-04:00,47.59000015258789,47.59000015258789,47.59000015258789,47.59000015258789,112,0.0,0.0,0.0
2024-06-07 11:30:00-04:00,47.345001220703125,47.400001525878906,47.31999969482422,47.400001525878906,2975,0.0,0.0,0.0
2024-06-07 12:30:00-04:00,47.334999084472656,47.40999984741211,47.334999084472656,47.40999984741211,2453,0.0,0.0,0.0
2024-06-07 13:30:00-04:00,47.34000015258789,47.34000015258789,47.22010040283203,47.279998779296875,3521,0.0,0.0,0.0
2024-06-07 14:30:00-04:00,47.35960006713867,47.400001525878906,47.3202018737793,47.3202018737793,61924,0.0,0.0,0.0
2024-06-10 09:30:00-04:00,47.060001373291016,47.060001373291016,47.060001373291016,47.060001373291016,0,0.0,0.0,0.0
2024-06-10 10:30:00-04:00,47.119998931884766,47.119998931884766,47.119998931884766,47.119998931884766,699,0.0,0.0,0.0
2024-06-10 11:30:00-04:00,47.125,47.25899887084961,47.096500396728516,47.25899887084961,5470,0.0,0.0,0.0
2024-06-10 12:30:00-04:00,47.240299224853516,47.26900100708008,47.18109893798828,47.26900100708008,1795,0.0,0.0,0.0
2024-06-10 13:30:00-04:00,47.309898376464844,47.334999084472656,47.29499816894531,47.29499816894531,2748,0.0,0.0,0.0
2024-06-10 14:30:00-04:00,47.3650016784668,47.380001068115234,47.3203010559082,47.380001068115234,1348,0.0,0.0,0.0
2024-06-10 15:30:00-04:00,47.319000244140625,47.34000015258789,47.319000244140625,47.34000015258789,937,0.0,0.0,0.0
2024-06-11 09:30:00-04:00,47.06999969482422,47.06999969482422,46.86000061035156,46.86000061035156,0,0.0,0.0,0.0
2024-06-11 10:30:00-04:00,46.88479995727539,46.926998138427734,46.88479995727539,46.926998138427734,969,0.0,0.0,0.0
2024-06-11 11:30:00-04:00,47.01750183105469,47.08000183105469,46.970001220703125,47.00379943847656,4051,0.0,0.0,0.0
2024-06-11 12:30:00-04:00,47.120399475097656,47.120399475097656,47.019901275634766,47.019901275634766,4315,0.0,0.0,0.0
2024-06-11 13:30:00-04:00,47.07680130004883,47.209999084472656,47.070098876953125,47.20000076293945,1535,0.0,0.0,0.0
2024-06-11 14:30:00-04:00,47.19990158081055,47.19990158081055,47.11009979248047,47.15999984741211,2384,0.0,0.0,0.0
2024-06-11 15:30:00-04:00,47.087100982666016,47.189998626708984,47.087100982666016,47.189998626708984,7377,0.0,0.0,0.0
2024-06-12 09:30:00-04:00,48.189998626708984,48.58000183105469,48.189998626708984,48.58000183105469,3831,0.0,0.0,0.0
2024-06-12 10:30:00-04:00,48.32460021972656,48.35150146484375,48.32460021972656,48.35150146484375,453,0.0,0.0,0.0
2024-06-12 11:30:00-04:00,48.31529998779297,48.31529998779297,48.2599983215332,48.2599983215332,1228,0.0,0.0,0.0
2024-06-12 12:30:00-04:00,48.190101623535156,48.249298095703125,48.18000030517578,48.18000030517578,6286,0.0,0.0,0.0
2024-06-12 13:30:00-04:00,48.20130157470703,48.20130157470703,48.1963005065918,48.1963005065918,517,0.0,0.0,0.0
2024-06-12 14:30:00-04:00,47.90520095825195,48.040000915527344,47.86309814453125,47.86309814453125,1186,0.0,0.0,0.0
2024-06-12 15:30:00-04:00,47.72600173950195,47.84000015258789,47.72600173950195,47.790000915527344,3518,0.0,0.0,0.0
2024-06-13 10:30:00-04:00,47.11280059814453,47.214900970458984,47.11000061035156,47.11000061035156,1156,0.0,0.0,0.0
2024-06-13 11:30:00-04:00,47.14799880981445,47.154998779296875,47.07500076293945,47.07500076293945,1384,0.0,0.0,0.0
2024-06-13 12:30:00-04:00,47.16999816894531,47.16999816894531,47.16999816894531,47.16999816894531,270,0.0,0.0,0.0
2024-06-13 13:30:00-04:00,47.23720169067383,47.24129867553711,47.23720169067383,47.24129867553711,600,0.0,0.0,0.0
2024-06-13 15:30:00-04:00,47.310001373291016,47.361000061035156,47.29999923706055,47.361000061035156,2523,0.0,0.0,0.0
2024-06-14 09:30:00-04:00,46.900001525878906,46.900001525878906,46.45000076293945,46.45000076293945,3850,0.0,0.0,0.0
2024-06-14 10:30:00-04:00,46.474998474121094,46.474998474121094,46.459999084472656,46.459999084472656,745,0.0,0.0,0.0
2024-06-14 11:30:00-04:00,46.54999923706055,46.54999923706055,46.4203987121582,46.505001068115234,14065,0.0,0.0,0.0
2024-06-14 12:30:00-04:00,46.54899978637695,46.54899978637695,46.54899978637695,46.54899978637695,326,0.0,0.0,0.0
2024-06-14 13:30:00-04:00,46.52040100097656,46.52899932861328,46.43259811401367,46.45000076293945,2521,0.0,0.0,0.0
2024-06-14 14:30:00-04:00,46.467498779296875,46.559898376464844,46.45309829711914,46.505001068115234,2670,0.0,0.0,0.0
2024-06-14 15:30:00-04:00,46.540000915527344,46.569000244140625,46.494998931884766,46.569000244140625,1510,0.0,0.0,0.0
2024-06-17 09:30:00-04:00,46.400001525878906,46.560001373291016,46.400001525878906,46.5099983215332,3274,0.0,0.0,0.0
2024-06-17 10:30:00-04:00,46.400001525878906,46.4390983581543,46.400001525878906,46.4390983581543,864,0.0,0.0,0.0
2024-06-17 11:30:00-04:00,46.4109992980957,46.599998474121094,46.4109992980957,46.599998474121094,3330,0.0,0.0,0.0
2024-06-17 12:30:00-04:00,46.685001373291016,46.73500061035156,46.66999816894531,46.73500061035156,1373,0.0,0.0,0.0
2024-06-17 13:30:00-04:00,46.7400016784668,47.02000045776367,46.7400016784668,47.02000045776367,1063,0.0,0.0,0.0
2024-06-17 14:30:00-04:00,46.9208984375,46.959999084472656,46.9109992980957,46.959999084472656,1551,0.0,0.0,0.0
2024-06-17 15:30:00-04:00,47.0,47.000999450683594,46.997501373291016,47.000999450683594,844,0.0,0.0,0.0
2024-06-18 09:30:00-04:00,47.20000076293945,47.27000045776367,47.09000015258789,47.09000015258789,0,0.0,0.0,0.0
2024-06-18 10:30:00-04:00,47.15010070800781,47.20000076293945,47.09000015258789,47.189998626708984,9414,0.0,0.0,0.0
2024-06-18 11:30:00-04:00,47.140098571777344,47.338600158691406,47.140098571777344,47.338600158691406,2247,0.0,0.0,0.0
2024-06-18 12:30:00-04:00,47.30500030517578,47.30500030517578,47.20109939575195,47.20899963378906,1334,0.0,0.0,0.0
2024-06-18 13:30:00-04:00,47.25,47.258201599121094,47.21080017089844,47.21080017089844,2287,0.0,0.0,0.0
2024-06-18 14:30:00-04:00,47.22999954223633,47.22999954223633,47.13999938964844,47.13999938964844,3243,0.0,0.0,0.0
2024-06-18 15:30:00-04:00,47.17900085449219,47.17900085449219,47.09189987182617,47.159000396728516,3309,0.0,0.0,0.0
2024-06-20 09:30:00-04:00,47.0,47.30160140991211,46.90999984741211,47.30160140991211,0,0.0,0.0,0.0
2024-06-20 10:30:00-04:00,47.214599609375,47.239200592041016,47.19969940185547,47.239200592041016,3709,0.0,0.0,0.0
2024-06-20 11:30:00-04:00,47.154998779296875,47.16999816894531,47.04999923706055,47.111900329589844,3205,0.0,0.0,0.0
2024-06-20 12:30:00-04:00,47.11000061035156,47.11000061035156,47.11000061035156,47.11000061035156,191,0.0,0.0,0.0
2024-06-20 13:30:00-04:00,47.02989959716797,47.029998779296875,47.0010986328125,47.029998779296875,1789,0.0,0.0,0.0
2024-06-20 14:30:00-04:00,47.095001220703125,47.130001068115234,46.98270034790039,46.98270034790039,1349,0.0,0.0,0.0
2024-06-20 15:30:00-04:00,47.01499938964844,47.01499938964844,46.98500061035156,46.99620056152344,1562,0.0,0.0,0.0
2024-06-21 09:30:00-04:00,46.970001220703125,46.970001220703125,46.897499084472656,46.897499084472656,1569,0.0,0.0,0.0
2024-06-21 10:30:00-04:00,46.911800384521484,46.95750045776367,46.911800384521484,46.95750045776367,502,0.0,0.0,0.0
2024-06-21 11:30:00-04:00,46.95159912109375,46.97999954223633,46.93579864501953,46.97999954223633,1230,0.0,0.0,0.0
2024-06-21 12:30:00-04:00,46.96099853515625,46.96099853515625,46.95000076293945,46.95000076293945,1469,0.0,0.0,0.0
2024-06-21 13:30:00-04:00,46.95000076293945,47.0,46.93370056152344,46.96110153198242,1892,0.0,0.0,0.0
2024-06-21 14:30:00-04:00,46.902801513671875,46.96500015258789,46.902801513671875,46.94499969482422,1127,0.0,0.0,0.0
2024-06-21 15:30:00-04:00,46.95500183105469,46.959999084472656,46.93000030517578,46.959999084472656,553,0.0,0.0,0.0
2024-06-24 09:30:00-04:00,47.16999816894531,47.16999816894531,47.16999816894531,47.16999816894531,0,0.0,0.0,0.0
2024-06-24 10:30:00-04:00,47.51430130004883,47.70109939575195,47.51430130004883,47.70109939575195,2075,0.0,0.0,0.0
2024-06-24 11:30:00-04:00,47.54999923706055,47.599998474121094,47.54410171508789,47.599998474121094,1231,0.0,0.0,0.0
2024-06-24 12:30:00-04:00,47.57500076293945,47.57500076293945,47.470001220703125,47.470001220703125,1104,0.0,0.0,0.0
2024-06-24 13:30:00-04:00,47.46910095214844,47.46910095214844,47.46910095214844,47.46910095214844,310,0.0,0.0,0.0
2024-06-24 14:30:00-04:00,47.60490036010742,47.60490036010742,47.60490036010742,47.60490036010742,1194,0.0,0.0,0.0
2024-06-24 15:30:00-04:00,47.54999923706055,47.54999923706055,47.41999816894531,47.41999816894531,1812,0.0,0.0,0.0
2024-06-25 09:30:00-04:00,46.96500015258789,46.96500015258789,46.915000915527344,46.95000076293945,1803,0.0,0.0,0.0
2024-06-25 10:30:00-04:00,46.86869812011719,46.86869812011719,46.777198791503906,46.777198791503906,1714,0.0,0.0,0.0
2024-06-25 11:30:00-04:00,46.701698303222656,46.72999954223633,46.65010070800781,46.692100524902344,2324,0.0,0.0,0.0
2024-06-25 12:30:00-04:00,46.69329833984375,46.739898681640625,46.64099884033203,46.739898681640625,6049,0.0,0.0,0.0
2024-06-25 13:30:00-04:00,46.7400016784668,46.790000915527344,46.72269821166992,46.77000045776367,2323,0.0,0.0,0.0
2024-06-25 14:30:00-04:00,46.79999923706055,46.79999923706055,46.72129821777344,46.72999954223633,3429,0.0,0.0,0.0
2024-06-25 15:30:00-04:00,46.76850128173828,46.76850128173828,46.76850128173828,46.76850128173828,919,0.0,0.0,0.0
2024-06-26 09:30:00-04:00,46.599998474121094,46.60499954223633,46.47999954223633,46.599998474121094,0,0.0,0.0,0.0
2024-06-26 10:30:00-04:00,46.55500030517578,46.57310104370117,46.5099983215332,46.52000045776367,1891,0.0,0.0,0.0
2024-06-26 11:30:00-04:00,46.55500030517578,46.739898681640625,46.55500030517578,46.630001068115234,2312,0.0,0.0,0.0
2024-06-26 12:30:00-04:00,46.63999938964844,46.650001525878906,46.570098876953125,46.6150016784668,3912,0.0,0.0,0.0
2024-06-26 13:30:00-04:00,46.595001220703125,46.595001220703125,46.51499938964844,46.59000015258789,1540,0.0,0.0,0.0
2024-06-26 14:30:00-04:00,46.59000015258789,46.63999938964844,46.560001373291016,46.595001220703125,2832,0.0,0.0,0.0
2024-06-26 15:30:00-04:00,46.60499954223633,46.720001220703125,46.570098876953125,46.720001220703125,4333,0.0,0.0,0.0
2024-06-27 09:30:00-04:00,46.81999969482422,46.81999969482422,46.63999938964844,46.63999938964844,0,0.0,0.0,0.0
2024-06-27 10:30:00-04:00,46.71799850463867,46.77009963989258,46.61830139160156,46.61830139160156,4830,0.0,0.0,0.0
2024-06-27 11:30:00-04:00,46.55500030517578,46.59000015258789,46.55500030517578,46.566001892089844,2049,0.0,0.0,0.0
2024-06-27 12:30:00-04:00,46.589900970458984,46.66999816894531,46.560001373291016,46.66999816894531,2276,0.0,0.0,0.0
2024-06-27 13:30:00-04:00,46.568599700927734,46.619998931884766,46.47999954223633,46.47999954223633,1339,0.0,0.0,0.0
2024-06-27 14:30:00-04:00,46.55329895019531,46.61000061035156,46.55329895019531,46.61000061035156,1339,0.0,0.0,0.0
2024-06-27 15:30:00-04:00,46.69599914550781,46.7599983215332,46.66999816894531,46.756099700927734,6146,0.0,0.0,0.0
2024-06-28 09:30:00-04:00,47.20000076293945,47.20500183105469,47.20000076293945,47.20500183105469,13411,0.0,0.0,0.0
2024-06-28 10:30:00-04:00,47.34510040283203,47.34550094604492,47.150001525878906,47.150001525878906,4744,0.0,0.0,0.0
2024-06-28 11:30:00-04:00,47.16899871826172,47.16899871826172,47.080101013183594,47.080101013183594,2991,0.0,0.0,0.0
2024-06-28 12:30:00-04:00,47.09000015258789,47.132999420166016,47.06999969482422,47.09000015258789,5537,0.0,0.0,0.0
2024-06-28 13:30:00-04:00,47.0099983215332,47.0099983215332,46.90999984741211,46.95500183105469,75277,0.0,0.0,0.0
2024-06-28 14:30:00-04:00,46.900001525878906,46.93000030517578,46.78889846801758,46.78889846801758,8301,0.0,0.0,0.0
2024-06-28 15:30:00-04:00,47.09000015258789,47.14899826049805,47.09000015258789,47.14899826049805,1543,0.0,0.0,0.0
2024-07-01 09:30:00-04:00,47.209999084472656,47.209999084472656,46.77000045776367,46.77000045776367,7467,0.0,0.0,0.0
2024-07-01 10:30:00-04:00,46.68989944458008,46.70000076293945,46.53860092163086,46.53860092163086,43781,0.0,0.0,0.0
2024-07-01 11:30:00-04:00,46.53499984741211,46.65999984741211,46.53099822998047,46.6150016784668,18995,0.0,0.0,0.0
2024-07-01 12:30:00-04:00,46.599998474121094,46.72740173339844,46.58000183105469,46.72740173339844,3926,0.0,0.0,0.0
2024-07-01 13:30:00-04:00,46.6510009765625,46.72999954223633,46.630001068115234,46.630001068115234,8390,0.0,0.0,0.0
2024-07-01 14:30:00-04:00,46.630001068115234,46.630001068115234,46.560001373291016,46.56449890136719,15399,0.0,0.0,0.0
2024-07-01 15:30:00-04:00,46.59000015258789,46.619998931884766,46.58100128173828,46.619998931884766,1654,0.0,0.0,0.0
2024-07-02 09:30:00-04:00,46.720001220703125,46.8650016784668,46.720001220703125,46.83000183105469,2810,0.0,0.0,0.0
2024-07-02 10:30:00-04:00,46.755001068115234,46.81119918823242,46.755001068115234,46.779998779296875,1977,0.0,0.0,0.0
2024-07-02 11:30:00-04:00,46.834999084472656,46.869998931884766,46.83000183105469,46.83000183105469,1946,0.0,0.0,0.0
2024-07-02 12:30:00-04:00,46.849998474121094,46.849998474121094,46.8036003112793,46.8036003112793,1741,0.0,0.0,0.0
2024-07-02 13:30:00-04:00,46.78499984741211,46.875,46.7411994934082,46.84920120239258,3735,0.0,0.0,0.0
2024-07-02 14:30:00-04:00,46.87260055541992,46.952999114990234,46.84000015258789,46.952999114990234,6439,0.0,0.0,0.0
2024-07-02 15:30:00-04:00,46.929901123046875,46.929901123046875,46.849998474121094,46.88999938964844,5389,0.0,0.0,0.0
2024-07-03 09:30:00-04:00,47.0,47.01559829711914,46.902099609375,47.01559829711914,4603,0.0,0.0,0.0
2024-07-03 10:30:00-04:00,47.10430145263672,47.10430145263672,46.900001525878906,46.98500061035156,1639,0.0,0.0,0.0
2024-07-03 11:30:00-04:00,46.994598388671875,47.02000045776367,46.96799850463867,46.9900016784668,6234,0.0,0.0,0.0
2024-07-03 12:30:00-04:00,46.959999084472656,46.959999084472656,46.91379928588867,46.93000030517578,1684,0.0,0.0,0.0
2024-07-05 09:30:00-04:00,46.900001525878906,46.93000030517578,46.720001220703125,46.720001220703125,0,0.0,0.0,0.0
2024-07-05 10:30:00-04:00,46.47990036010742,46.54999923706055,46.4724006652832,46.487998962402344,2997,0.0,0.0,0.0
2024-07-05 11:30:00-04:00,46.4900016784668,46.4900016784668,46.390098571777344,46.390098571777344,9174,0.0,0.0,0.0
2024-07-05 12:30:00-04:00,46.3849983215332,46.438499450683594,46.350101470947266,46.369998931884766,39396,0.0,0.0,0.0
2024-07-05 13:30:00-04:00,46.41999816894531,46.41999816894531,46.40520095825195,46.40520095825195,702,0.0,0.0,0.0
2024-07-05 14:30:00-04:00,46.369998931884766,46.46110153198242,46.369998931884766,46.43989944458008,3695,0.0,0.0,0.0
2024-07-05 15:30:00-04:00,46.38159942626953,46.50749969482422,46.38159942626953,46.40999984741211,1345,0.0,0.0,0.0
2024-07-08 09:30:00-04:00,46.77000045776367,46.92499923706055,46.77000045776367,46.90999984741211,0,0.0,0.0,0.0
2024-07-08 10:30:00-04:00,46.7963981628418,46.93450164794922,46.7963981628418,46.88199996948242,2781,0.0,0.0,0.0
2024-07-08 11:30:00-04:00,46.78499984741211,46.78499984741211,46.66999816894531,46.68880081176758,2011,0.0,0.0,0.0
2024-07-08 12:30:00-04:00,46.689998626708984,46.71820068359375,46.68000030517578,46.68000030517578,1334,0.0,0.0,0.0
2024-07-08 13:30:00-04:00,46.64509963989258,46.64509963989258,46.63999938964844,46.63999938964844,1454,0.0,0.0,0.0
2024-07-08 14:30:00-04:00,46.619998931884766,46.619998931884766,46.619998931884766,46.619998931884766,1881,0.0,0.0,0.0
2024-07-08 15:30:00-04:00,46.63999938964844,46.650001525878906,46.5968017578125,46.5968017578125,1558,0.0,0.0,0.0
2024-07-09 09:30:00-04:00,46.58000183105469,46.58000183105469,46.33000183105469,46.33000183105469,2977,0.0,0.0,0.0
2024-07-09 10:30:00-04:00,46.33000183105469,46.413299560546875,46.25410079956055,46.2755012512207,6634,0.0,0.0,0.0
2024-07-09 11:30:00-04:00,46.35020065307617,46.40060043334961,46.35020065307617,46.40060043334961,962,0.0,0.0,0.0
2024-07-09 12:30:00-04:00,46.38999938964844,46.4739990234375,46.38010025024414,46.43920135498047,1315,0.0,0.0,0.0
2024-07-09 13:30:00-04:00,46.35499954223633,46.35499954223633,46.280799865722656,46.280799865722656,2064,0.0,0.0,0.0
2024-07-09 14:30:00-04:00,46.272098541259766,46.272098541259766,46.19599914550781,46.19599914550781,3264,0.0,0.0,0.0
2024-07-09 15:30:00-04:00,46.15999984741211,46.18000030517578,46.15999984741211,46.18000030517578,989,0.0,0.0,0.0
2024-07-10 09:30:00-04:00,46.380001068115234,46.47999954223633,46.290000915527344,46.38999938964844,6001,0.0,0.0,0.0
2024-07-10 10:30:00-04:00,46.40999984741211,46.459999084472656,46.310001373291016,46.459999084472656,5020,0.0,0.0,0.0
2024-07-10 11:30:00-04:00,46.5,46.54499816894531,46.5,46.54499816894531,776,0.0,0.0,0.0
2024-07-10 12:30:00-04:00,46.54800033569336,46.59000015258789,46.529998779296875,46.529998779296875,1130,0.0,0.0,0.0
2024-07-10 13:30:00-04:00,46.48400115966797,46.525001525878906,46.48400115966797,46.5,5271,0.0,0.0,0.0
2024-07-10 14:30:00-04:00,46.540000915527344,46.599998474121094,46.529998779296875,46.599998474121094,2682,0.0,0.0,0.0
2024-07-10 15:30:00-04:00,46.56999969482422,46.7400016784668,46.56999969482422,46.7400016784668,1868,0.0,0.0,0.0
2024-07-11 09:30:00-04:00,47.58000183105469,48.12730026245117,47.42380142211914,48.12730026245117,0,0.0,0.0,0.0
2024-07-11 10:30:00-04:00,48.289398193359375,48.38130187988281,48.273399353027344,48.286800384521484,5636,0.0,0.0,0.0
2024-07-11 11:30:00-04:00,48.27000045776367,48.31999969482422,48.130001068115234,48.1693000793457,5634,0.0,0.0,0.0
2024-07-11 12:30:00-04:00,48.130001068115234,48.250999450683594,48.095001220703125,48.250999450683594,4093,0.0,0.0,0.0
2024-07-11 13:30:00-04:00,48.275001525878906,48.30500030517578,48.275001525878906,48.30099868774414,2905,0.0,0.0,0.0
2024-07-11 14:30:00-04:00,48.31589889526367,48.31650161743164,48.25920104980469,48.31650161743164,5857,0.0,0.0,0.0
2024-07-11 15:30:00-04:00,48.36000061035156,48.439998626708984,48.36000061035156,48.369998931884766,4849,0.0,0.0,0.0
2024-07-12 09:30:00-04:00,48.79999923706055,49.0,48.760101318359375,49.0,0,0.0,0.0,0.0
2024-07-12 10:30:00-04:00,49.11309814453125,49.11309814453125,49.0192985534668,49.04050064086914,4191,0.0,0.0,0.0
2024-07-12 11:30:00-04:00,48.963199615478516,48.995601654052734,48.835899353027344,48.91490173339844,4797,0.0,0.0,0.0
2024-07-12 12:30:00-04:00,48.810001373291016,48.86109924316406,48.79999923706055,48.854698181152344,3813,0.0,0.0,0.0
2024-07-12 13:30:00-04:00,48.86949920654297,48.929298400878906,48.84360122680664,48.875,8250,0.0,0.0,0.0
2024-07-12 14:30:00-04:00,48.849998474121094,48.92430114746094,48.849998474121094,48.922298431396484,10314,0.0,0.0,0.0
2024-07-12 15:30:00-04:00,48.900001525878906,48.904998779296875,48.79999923706055,48.79999923706055,2682,0.0,0.0,0.0
2024-07-15 09:30:00-04:00,49.11000061035156,49.599998474121094,49.08000183105469,49.599998474121094,6954,0.0,0.0,0.0
2024-07-15 10:30:00-04:00,49.644500732421875,49.80500030517578,49.53239822387695,49.80500030517578,4731,0.0,0.0,0.0
2024-07-15 11:30:00-04:00,49.80500030517578,49.92190170288086,49.77000045776367,49.77000045776367,4291,0.0,0.0,0.0
2024-07-15 12:30:00-04:00,49.709999084472656,49.72809982299805,49.599998474121094,49.65999984741211,12896,0.0,0.0,0.0
2024-07-15 13:30:00-04:00,49.56010055541992,49.749000549316406,49.56010055541992,49.749000549316406,6999,0.0,0.0,0.0
2024-07-15 14:30:00-04:00,49.709999084472656,49.756900787353516,49.64619827270508,49.75,15559,0.0,0.0,0.0
2024-07-15 15:30:00-04:00,49.7599983215332,49.7599983215332,49.5,49.529998779296875,3251,0.0,0.0,0.0
2024-07-16 09:30:00-04:00,49.959999084472656,50.59920120239258,49.869998931884766,50.400001525878906,11180,0.0,0.0,0.0
2024-07-16 10:30:00-04:00,50.4192008972168,50.720001220703125,50.4192008972168,50.720001220703125,1374,0.0,0.0,0.0
2024-07-16 11:30:00-04:00,50.69049835205078,50.81949996948242,50.619998931884766,50.81949996948242,4529,0.0,0.0,0.0
2024-07-16 12:30:00-04:00,50.7599983215332,50.84000015258789,50.724998474121094,50.84000015258789,16475,0.0,0.0,0.0
2024-07-16 13:30:00-04:00,50.849998474121094,50.96500015258789,50.849998474121094,50.88999938964844,6325,0.0,0.0,0.0
2024-07-16 14:30:00-04:00,50.939998626708984,51.17499923706055,50.935001373291016,51.14910125732422,6321,0.0,0.0,0.0
2024-07-16 15:30:00-04:00,51.20500183105469,51.319000244140625,51.18000030517578,51.319000244140625,7117,0.0,0.0,0.0
2024-07-17 09:30:00-04:00,50.970001220703125,51.77000045776367,50.970001220703125,51.537899017333984,9912,0.0,0.0,0.0
2024-07-17 10:30:00-04:00,51.375,51.38999938964844,51.210201263427734,51.38999938964844,2698,0.0,0.0,0.0
2024-07-17 11:30:00-04:00,51.42449951171875,51.496299743652344,51.380001068115234,51.38010025024414,5638,0.0,0.0,0.0
2024-07-17 12:30:00-04:00,51.357601165771484,51.400001525878906,51.244998931884766,51.244998931884766,2774,0.0,0.0,0.0
2024-07-17 13:30:00-04:00,51.334999084472656,51.474998474121094,51.29999923706055,51.474998474121094,4807,0.0,0.0,0.0
2024-07-17 14:30:00-04:00,51.407100677490234,51.540000915527344,51.407100677490234,51.529998779296875,2558,0.0,0.0,0.0
2024-07-17 15:30:00-04:00,51.54990005493164,51.58000183105469,51.31999969482422,51.31999969482422,5689,0.0,0.0,0.0
2024-07-18 09:30:00-04:00,51.18000030517578,51.99660110473633,51.18000030517578,51.99660110473633,4562,0.0,0.0,0.0
2024-07-18 10:30:00-04:00,51.834999084472656,51.834999084472656,51.834999084472656,51.834999084472656,523,0.0,0.0,0.0
2024-07-18 11:30:00-04:00,51.58000183105469,51.58000183105469,51.29899978637695,51.29899978637695,3562,0.0,0.0,0.0
2024-07-18 12:30:00-04:00,51.30720138549805,51.45000076293945,51.30720138549805,51.380001068115234,918,0.0,0.0,0.0
2024-07-18 13:30:00-04:00,51.29719924926758,51.29719924926758,50.90999984741211,50.90999984741211,9000,0.0,0.0,0.0
2024-07-18 14:30:00-04:00,50.86709976196289,50.86709976196289,50.70000076293945,50.70000076293945,1304,0.0,0.0,0.0
2024-07-18 15:30:00-04:00,50.77000045776367,50.900001525878906,50.755001068115234,50.849998474121094,8929,0.0,0.0,0.0
2024-07-19 09:30:00-04:00,50.650001525878906,50.720001220703125,50.650001525878906,50.720001220703125,1090,0.0,0.0,0.0
2024-07-19 10:30:00-04:00,50.709999084472656,50.75,50.46500015258789,50.46500015258789,1741,0.0,0.0,0.0
2024-07-19 11:30:00-04:00,50.459999084472656,50.676998138427734,50.459999084472656,50.676998138427734,710,0.0,0.0,0.0
2024-07-19 12:30:00-04:00,50.59000015258789,50.59000015258789,50.52000045776367,50.52000045776367,1994,0.0,0.0,0.0
2024-07-19 13:30:00-04:00,50.5369987487793,50.5369987487793,50.4900016784668,50.51499938964844,2855,0.0,0.0,0.0
2024-07-19 14:30:00-04:00,50.45000076293945,50.58000183105469,50.45000076293945,50.560001373291016,2895,0.0,0.0,0.0
2024-07-19 15:30:00-04:00,50.54999923706055,50.56060028076172,50.5,50.52000045776367,6703,0.0,0.0,0.0
2024-07-22 09:30:00-04:00,50.66999816894531,50.66999816894531,50.189998626708984,50.30500030517578,0,0.0,0.0,0.0
2024-07-22 10:30:00-04:00,50.34339904785156,50.600799560546875,50.34339904785156,50.600799560546875,2699,0.0,0.0,0.0
2024-07-22 11:30:00-04:00,50.59000015258789,50.619598388671875,50.570499420166016,50.570499420166016,6303,0.0,0.0,0.0
2024-07-22 12:30:00-04:00,50.77000045776367,50.790000915527344,50.75,50.770599365234375,3985,0.0,0.0,0.0
2024-07-22 13:30:00-04:00,50.77000045776367,50.779998779296875,50.755001068115234,50.77000045776367,4618,0.0,0.0,0.0
2024-07-22 14:30:00-04:00,50.849998474121094,51.079898834228516,50.849998474121094,51.000099182128906,6801,0.0,0.0,0.0
2024-07-22 15:30:00-04:00,51.119998931884766,51.150001525878906,51.09809875488281,51.13999938964844,0,0.0,0.0,0.0
2024-07-23 09:30:00-04:00,51.02000045776367,51.38159942626953,50.849998474121094,51.37860107421875,7781,0.0,0.0,0.0
2024-07-23 10:30:00-04:00,51.415000915527344,51.46500015258789,51.15999984741211,51.2307014465332,5493,0.0,0.0,0.0
2024-07-23 11:30:00-04:00,51.35900115966797,51.35900115966797,51.23720169067383,51.29999923706055,2858,0.0,0.0,0.0
2024-07-23 12:30:00-04:00,51.290000915527344,51.380001068115234,51.2599983215332,51.36000061035156,19393,0.0,0.0,0.0
2024-07-23 13:30:00-04:00,51.33000183105469,51.52000045776367,51.310001373291016,51.5099983215332,2269,0.0,0.0,0.0
2024-07-23 14:30:00-04:00,51.58000183105469,51.68000030517578,51.560001373291016,51.68000030517578,9159,0.0,0.0,0.0
2024-07-23 15:30:00-04:00,51.589900970458984,51.61000061035156,51.45000076293945,51.4900016784668,3462,0.0,0.0,0.0
2024-07-24 09:30:00-04:00,51.130001068115234,51.4640007019043,51.06520080566406,51.25389862060547,6214,0.0,0.0,0.0
2024-07-24 10:30:00-04:00,51.29999923706055,51.470001220703125,51.18000030517578,51.18000030517578,10144,0.0,0.0,0.0
2024-07-24 11:30:00-04:00,51.320098876953125,51.419498443603516,51.320098876953125,51.38999938964844,2014,0.0,0.0,0.0
2024-07-24 12:30:00-04:00,51.400001525878906,51.43000030517578,51.1349983215332,51.1349983215332,5335,0.0,0.0,0.0
2024-07-24 13:30:00-04:00,51.13999938964844,51.220001220703125,50.959999084472656,50.9650993347168,3094,0.0,0.0,0.0
2024-07-24 14:30:00-04:00,50.91999816894531,50.91999816894531,50.689998626708984,50.689998626708984,12464,0.0,0.0,0.0
2024-07-24 15:30:00-04:00,50.666500091552734,50.779998779296875,50.459999084472656,50.5099983215332,3575,0.0,0.0,0.0
2024-07-25 09:30:00-04:00,50.560001373291016,50.95750045776367,50.560001373291016,50.95750045776367,0,0.0,0.0,0.0
2024-07-25 10:30:00-04:00,51.2599983215332,51.599998474121094,51.12160110473633,51.560001373291016,10239,0.0,0.0,0.0
2024-07-25 11:30:00-04:00,51.540000915527344,51.81999969482422,51.540000915527344,51.81999969482422,2967,0.0,0.0,0.0
2024-07-25 12:30:00-04:00,51.81999969482422,51.919898986816406,51.81999969482422,51.869998931884766,23528,0.0,0.0,0.0
2024-07-25 13:30:00-04:00,51.84000015258789,51.84000015258789,51.64099884033203,51.69960021972656,12368,0.0,0.0,0.0
2024-07-25 14:30:00-04:00,51.6510009765625,51.709999084472656,51.439998626708984,51.66999816894531,22054,0.0,0.0,0.0
2024-07-25 15:30:00-04:00,51.6150016784668,51.650001525878906,51.43000030517578,51.43000030517578,11244,0.0,0.0,0.0
2024-07-26 09:30:00-04:00,52.0,52.20500183105469,51.9900016784668,51.9900016784668,3801,0.0,0.0,0.0
2024-07-26 10:30:00-04:00,51.779998779296875,51.779998779296875,51.61000061035156,51.71500015258789,5587,0.0,0.0,0.0
2024-07-26 11:30:00-04:00,51.810001373291016,52.01890182495117,51.72999954223633,51.97909927368164,10937,0.0,0.0,0.0
2024-07-26 12:30:00-04:00,51.97999954223633,52.08000183105469,51.97999954223633,52.06079864501953,3459,0.0,0.0,0.0
2024-07-26 13:30:00-04:00,51.97999954223633,51.9900016784668,51.970001220703125,51.9827995300293,2008,0.0,0.0,0.0
2024-07-26 14:30:00-04:00,51.939701080322266,52.063899993896484,51.91999816894531,52.03499984741211,12016,0.0,0.0,0.0
2024-07-26 15:30:00-04:00,52.0099983215332,52.119998931884766,51.96260070800781,52.099998474121094,3281,0.0,0.0,0.0
2024-07-29 09:30:00-04:00,52.25,52.25,51.900001525878906,51.900001525878906,0,0.0,0.0,0.0
2024-07-29 10:30:00-04:00,51.83000183105469,51.83000183105469,51.7322998046875,51.819000244140625,2357,0.0,0.0,0.0
2024-07-29 11:30:00-04:00,51.65760040283203,51.869998931884766,51.65760040283203,51.810001373291016,8418,0.0,0.0,0.0
2024-07-29 12:30:00-04:00,51.77000045776367,51.77000045776367,51.650001525878906,51.66999816894531,2700,0.0,0.0,0.0
2024-07-29 13:30:00-04:00,51.60960006713867,51.66999816894531,51.58000183105469,51.66999816894531,4706,0.0,0.0,0.0
2024-07-29 14:30:00-04:00,51.68899917602539,52.58000183105469,51.66999816894531,51.790000915527344,4701,0.0,0.0,0.0
2024-07-29 15:30:00-04:00,51.86899948120117,51.87900161743164,51.810001373291016,51.84000015258789,12251,0.0,0.0,0.0
2024-07-30 09:30:00-04:00,51.900001525878906,52.212501525878906,51.900001525878906,52.13999938964844,6385,0.0,0.0,0.0
2024-07-30 10:30:00-04:00,52.1599006652832,52.19839859008789,51.994998931884766,52.03499984741211,2144,0.0,0.0,0.0
2024-07-30 11:30:00-04:00,51.9900016784668,52.040000915527344,51.98270034790039,51.9828987121582,2938,0.0,0.0,0.0
2024-07-30 12:30:00-04:00,52.04999923706055,52.04999923706055,52.029998779296875,52.029998779296875,1041,0.0,0.0,0.0
2024-07-30 13:30:00-04:00,52.02000045776367,52.130001068115234,52.02000045776367,52.130001068115234,7414,0.0,0.0,0.0
2024-07-30 14:30:00-04:00,52.08000183105469,52.189998626708984,52.060001373291016,52.189998626708984,4120,0.0,0.0,0.0
2024-07-30 15:30:00-04:00,52.22999954223633,52.29999923706055,52.20000076293945,52.220001220703125,0,0.0,0.0,0.0
2024-07-31 09:30:00-04:00,52.2400016784668,52.38999938964844,51.970001220703125,51.970001220703125,0,0.0,0.0,0.0
2024-07-31 10:30:00-04:00,52.2400016784668,52.33190155029297,52.22999954223633,52.2400016784668,1971,0.0,0.0,0.0
2024-07-31 11:30:00-04:00,52.459999084472656,52.63909912109375,52.459999084472656,52.63909912109375,1780,0.0,0.0,0.0
2024-07-31 12:30:00-04:00,52.62110137939453,52.62110137939453,52.525001525878906,52.525001525878906,4078,0.0,0.0,0.0
2024-07-31 13:30:00-04:00,52.41999816894531,52.450199127197266,52.33000183105469,52.33000183105469,0,0.0,0.0,0.0
2024-07-31 14:30:00-04:00,52.462100982666016,53.099998474121094,52.462100982666016,53.099998474121094,17522,0.0,0.0,0.0
2024-07-31 15:30:00-04:00,52.589900970458984,52.61249923706055,52.589900970458984,52.61249923706055,2863,0.0,0.0,0.0
2024-08-01 09:30:00-04:00,52.44499969482422,52.44499969482422,51.72010040283203,51.72010040283203,1984,0.0,0.0,0.0
2024-08-01 10:30:00-04:00,51.380001068115234,51.380001068115234,50.71009826660156,50.73249816894531,21411,0.0,0.0,0.0
2024-08-01 11:30:00-04:00,50.782501220703125,50.782501220703125,50.5900993347168,50.73500061035156,2324,0.0,0.0,0.0
2024-08-01 12:30:00-04:00,50.68000030517578,50.68000030517578,50.61899948120117,50.61899948120117,2541,0.0,0.0,0.0
2024-08-01 13:30:00-04:00,50.534698486328125,50.54209899902344,50.522701263427734,50.54209899902344,2949,0.0,0.0,0.0
2024-08-01 14:30:00-04:00,50.5,50.53499984741211,50.38999938964844,50.53499984741211,4609,0.0,0.0,0.0
2024-08-01 15:30:00-04:00,50.54199981689453,50.690101623535156,50.54199981689453,50.66999816894531,1140,0.0,0.0,0.0
2024-08-02 09:30:00-04:00,49.34000015258789,49.34000015258789,48.880001068115234,48.880001068115234,0,0.0,0.0,0.0
2024-08-02 10:30:00-04:00,48.93880081176758,48.93880081176758,48.79999923706055,48.90019989013672,4803,0.0,0.0,0.0
2024-08-02 11:30:00-04:00,48.84960174560547,49.097999572753906,48.84960174560547,49.02009963989258,4069,0.0,0.0,0.0
2024-08-02 12:30:00-04:00,49.16419982910156,49.16419982910156,49.16419982910156,49.16419982910156,756,0.0,0.0,0.0
2024-08-02 13:30:00-04:00,49.084999084472656,49.179100036621094,48.8911018371582,49.179100036621094,15139,0.0,0.0,0.0
2024-08-02 14:30:00-04:00,49.111000061035156,49.16999816894531,49.06999969482422,49.16999816894531,2487,0.0,0.0,0.0
2024-08-02 15:30:00-04:00,49.209999084472656,49.209999084472656,49.119998931884766,49.119998931884766,1818,0.0,0.0,0.0
2024-08-05 09:30:00-04:00,47.02000045776367,47.38999938964844,46.5,47.16999816894531,0,0.0,0.0,0.0
2024-08-05 10:30:00-04:00,47.029998779296875,47.579898834228516,47.029998779296875,47.579898834228516,7161,0.0,0.0,0.0
2024-08-05 11:30:00-04:00,47.56809997558594,48.04999923706055,47.56809997558594,48.04999923706055,2451,0.0,0.0,0.0
2024-08-05 12:30:00-04:00,47.815101623535156,47.815101623535156,47.63999938964844,47.69990158081055,2478,0.0,0.0,0.0
2024-08-05 13:30:00-04:00,47.66999816894531,47.779998779296875,47.5807991027832,47.5807991027832,1983,0.0,0.0,0.0
2024-08-05 14:30:00-04:00,47.709999084472656,47.709999084472656,47.41999816894531,47.525001525878906,9137,0.0,0.0,0.0
2024-08-05 15:30:00-04:00,47.56999969482422,47.650001525878906,47.51499938964844,47.61000061035156,3632,0.0,0.0,0.0
2024-08-06 09:30:00-04:00,47.779998779296875,48.121498107910156,47.56999969482422,48.121498107910156,0,0.0,0.0,0.0
2024-08-06 10:30:00-04:00,48.0,48.456199645996094,47.814998626708984,47.814998626708984,2643,0.0,0.0,0.0
2024-08-06 11:30:00-04:00,47.84049987792969,48.16999816894531,47.84049987792969,48.16999816894531,2014,0.0,0.0,0.0
2024-08-06 12:30:00-04:00,48.130001068115234,48.2599983215332,48.080101013183594,48.220001220703125,4272,0.0,0.0,0.0
2024-08-06 13:30:00-04:00,48.37699890136719,48.37699890136719,48.30009841918945,48.36000061035156,1184,0.0,0.0,0.0
2024-08-06 14:30:00-04:00,48.440101623535156,48.609901428222656,48.14500045776367,48.14500045776367,1035,0.0,0.0,0.0
2024-08-06 15:30:00-04:00,48.220001220703125,48.26499938964844,48.04999923706055,48.04999923706055,2843,0.0,0.0,0.0
2024-08-07 09:30:00-04:00,48.70000076293945,48.70000076293945,48.279998779296875,48.279998779296875,0,0.0,0.0,0.0
2024-08-07 10:30:00-04:00,48.29999923706055,48.499900817871094,48.23500061035156,48.2599983215332,3292,0.0,0.0,0.0
2024-08-07 11:30:00-04:00,48.40999984741211,48.40999984741211,48.099998474121094,48.18899917602539,1676,0.0,0.0,0.0
2024-08-07 12:30:00-04:00,48.23659896850586,48.23659896850586,47.970001220703125,47.970001220703125,1477,0.0,0.0,0.0
2024-08-07 13:30:00-04:00,47.668399810791016,47.70000076293945,47.529998779296875,47.529998779296875,3712,0.0,0.0,0.0
2024-08-07 14:30:00-04:00,47.494998931884766,47.70000076293945,47.45009994506836,47.70000076293945,9491,0.0,0.0,0.0
2024-08-07 15:30:00-04:00,47.68000030517578,47.7599983215332,47.52000045776367,47.52000045776367,0,0.0,0.0,0.0
2024-08-08 09:30:00-04:00,48.09000015258789,48.099998474121094,48.02000045776367,48.040000915527344,0,0.0,0.0,0.0
2024-08-08 10:30:00-04:00,48.150001525878906,48.25469970703125,48.12120056152344,48.12120056152344,3115,0.0,0.0,0.0
2024-08-08 11:30:00-04:00,48.1609992980957,48.1609992980957,48.11000061035156,48.1349983215332,5252,0.0,0.0,0.0
2024-08-08 12:30:00-04:00,48.00279998779297,48.123199462890625,47.97010040283203,48.123199462890625,2694,0.0,0.0,0.0
2024-08-08 13:30:00-04:00,48.349700927734375,48.349700927734375,48.220001220703125,48.279998779296875,4342,0.0,0.0,0.0
2024-08-08 14:30:00-04:00,48.31169891357422,48.369998931884766,48.26060104370117,48.369998931884766,4548,0.0,0.0,0.0
2024-08-08 15:30:00-04:00,48.30500030517578,48.30500030517578,48.30500030517578,48.30500030517578,1022,0.0,0.0,0.0
2024-08-09 09:30:00-04:00,48.36000061035156,48.36000061035156,48.36000061035156,48.36000061035156,0,0.0,0.0,0.0
2024-08-09 10:30:00-04:00,48.248199462890625,48.29999923706055,48.248199462890625,48.29999923706055,1506,0.0,0.0,0.0
2024-08-09 11:30:00-04:00,48.16429901123047,48.16429901123047,48.04999923706055,48.09000015258789,2440,0.0,0.0,0.0
2024-08-09 12:30:00-04:00,48.18000030517578,48.22999954223633,48.18000030517578,48.22999954223633,1699,0.0,0.0,0.0
2024-08-09 13:30:00-04:00,48.29899978637695,48.29899978637695,48.20159912109375,48.20159912109375,985,0.0,0.0,0.0
2024-08-09 14:30:00-04:00,48.21989822387695,48.27000045776367,48.21989822387695,48.2599983215332,2293,0.0,0.0,0.0
2024-08-09 15:30:00-04:00,48.27799987792969,48.29999923706055,48.27799987792969,48.29999923706055,917,0.0,0.0,0.0
2024-08-12 09:30:00-04:00,48.2400016784668,48.2400016784668,47.959999084472656,48.11000061035156,22426,0.0,0.0,0.0
2024-08-12 10:30:00-04:00,48.0171012878418,48.130001068115234,47.9010009765625,47.9010009765625,3133,0.0,0.0,0.0
2024-08-12 11:30:00-04:00,47.872501373291016,47.970001220703125,47.815101623535156,47.880001068115234,3300,0.0,0.0,0.0
2024-08-12 12:30:00-04:00,47.87990188598633,47.87990188598633,47.73500061035156,47.790000915527344,5471,0.0,0.0,0.0
2024-08-12 13:30:00-04:00,47.845001220703125,47.91999816894531,47.845001220703125,47.900001525878906,5353,0.0,0.0,0.0
2024-08-12 14:30:00-04:00,47.8849983215332,47.95000076293945,47.85100173950195,47.93000030517578,6537,0.0,0.0,0.0
2024-08-12 15:30:00-04:00,47.93000030517578,47.93000030517578,47.779998779296875,47.810001373291016,4252,0.0,0.0,0.0
2024-08-13 09:30:00-04:00,48.150001525878906,48.20000076293945,47.94649887084961,47.94649887084961,2621,0.0,0.0,0.0
2024-08-13 10:30:00-04:00,47.91999816894531,48.09130096435547,47.91999816894531,48.06999969482422,2975,0.0,0.0,0.0
2024-08-13 11:30:00-04:00,48.060001373291016,48.189998626708984,48.029998779296875,48.189998626708984,1177,0.0,0.0,0.0
2024-08-13 12:30:00-04:00,48.33219909667969,48.37009811401367,48.33219909667969,48.37009811401367,1637,0.0,0.0,0.0
2024-08-13 13:30:00-04:00,48.290000915527344,48.43149948120117,48.290000915527344,48.41999816894531,1490,0.0,0.0,0.0
2024-08-13 14:30:00-04:00,48.429100036621094,48.5,48.429100036621094,48.47999954223633,6691,0.0,0.0,0.0
2024-08-13 15:30:00-04:00,48.5099983215332,48.685001373291016,48.494998931884766,48.58000183105469,9052,0.0,0.0,0.0
2024-08-14 09:30:00-04:00,48.720001220703125,48.720001220703125,48.29010009765625,48.46989822387695,6601,0.0,0.0,0.0
2024-08-14 10:30:00-04:00,48.25579833984375,48.36000061035156,48.25579833984375,48.3401985168457,1899,0.0,0.0,0.0
2024-08-14 11:30:00-04:00,48.50630187988281,48.54999923706055,48.255001068115234,48.255001068115234,3043,0.0,0.0,0.0
2024-08-14 12:30:00-04:00,48.33000183105469,48.380001068115234,48.31999969482422,48.32680130004883,1303,0.0,0.0,0.0
2024-08-14 13:30:00-04:00,48.2400016784668,48.29999923706055,48.2400016784668,48.29999923706055,3109,0.0,0.0,0.0
2024-08-14 14:30:00-04:00,48.39500045776367,48.45000076293945,48.32749938964844,48.32749938964844,4441,0.0,0.0,0.0
2024-08-14 15:30:00-04:00,48.3650016784668,48.400001525878906,48.3650016784668,48.400001525878906,821,0.0,0.0,0.0
2024-08-15 09:30:00-04:00,49.310001373291016,49.5546989440918,49.189998626708984,49.189998626708984,0,0.0,0.0,0.0
2024-08-15 10:30:00-04:00,49.29499816894531,49.66230010986328,49.29499816894531,49.6593017578125,3338,0.0,0.0,0.0
2024-08-15 11:30:00-04:00,49.57740020751953,49.68000030517578,49.5099983215332,49.68000030517578,3596,0.0,0.0,0.0
2024-08-15 12:30:00-04:00,49.709999084472656,49.7400016784668,49.64630126953125,49.70500183105469,6560,0.0,0.0,0.0
2024-08-15 13:30:00-04:00,49.689998626708984,49.689998626708984,49.625,49.625,1331,0.0,0.0,0.0
2024-08-15 14:30:00-04:00,49.61819839477539,49.61819839477539,49.5713005065918,49.5713005065918,1021,0.0,0.0,0.0
2024-08-15 15:30:00-04:00,49.54499816894531,49.54499816894531,49.5099983215332,49.5099983215332,851,0.0,0.0,0.0
2024-08-16 09:30:00-04:00,49.40999984741211,49.849998474121094,49.40999984741211,49.79999923706055,3417,0.0,0.0,0.0
2024-08-16 10:30:00-04:00,49.560001373291016,49.560001373291016,49.435001373291016,49.439998626708984,4881,0.0,0.0,0.0
2024-08-16 11:30:00-04:00,49.52859878540039,49.619998931884766,49.44160079956055,49.599998474121094,1139,0.0,0.0,0.0
2024-08-16 12:30:00-04:00,49.61000061035156,49.689998626708984,49.61000061035156,49.63999938964844,894,0.0,0.0,0.0
2024-08-16 13:30:00-04:00,49.63999938964844,49.650001525878906,49.56010055541992,49.56010055541992,1332,0.0,0.0,0.0
2024-08-16 14:30:00-04:00,49.650001525878906,49.650001525878906,49.630001068115234,49.64899826049805,1589,0.0,0.0,0.0
2024-08-16 15:30:00-04:00,49.58000183105469,49.619998931884766,49.58000183105469,49.619998931884766,16607,0.0,0.0,0.0
2024-08-19 09:30:00-04:00,49.619998931884766,49.869998931884766,49.619998931884766,49.709999084472656,0,0.0,0.0,0.0
2024-08-19 10:30:00-04:00,49.84000015258789,49.93000030517578,49.810001373291016,49.90999984741211,3284,0.0,0.0,0.0
2024-08-19 11:30:00-04:00,49.875,49.926998138427734,49.864898681640625,49.864898681640625,2544,0.0,0.0,0.0
2024-08-19 12:30:00-04:00,49.88999938964844,49.93000030517578,49.88750076293945,49.88750076293945,3294,0.0,0.0,0.0
2024-08-19 13:30:00-04:00,49.91999816894531,49.9390983581543,49.916500091552734,49.916500091552734,1716,0.0,0.0,0.0
2024-08-19 14:30:00-04:00,49.94499969482422,49.97999954223633,49.88669967651367,49.88669967651367,2073,0.0,0.0,0.0
2024-08-19 15:30:00-04:00,49.880001068115234,49.888301849365234,49.830501556396484,49.830501556396484,1256,0.0,0.0,0.0
2024-08-20 09:30:00-04:00,49.849998474121094,49.849998474121094,49.5099983215332,49.5099983215332,3030,0.0,0.0,0.0
2024-08-20 10:30:00-04:00,49.51900100708008,49.51900100708008,49.31999969482422,49.350101470947266,3290,0.0,0.0,0.0
2024-08-20 11:30:00-04:00,49.36869812011719,49.399898529052734,49.29999923706055,49.29999923706055,3082,0.0,0.0,0.0
2024-08-20 12:30:00-04:00,49.290000915527344,49.29999923706055,49.290000915527344,49.29999923706055,873,0.0,0.0,0.0
2024-08-20 13:30:00-04:00,49.26490020751953,49.40999984741211,49.26490020751953,49.38999938964844,10276,0.0,0.0,0.0
2024-08-20 14:30:00-04:00,49.400001525878906,49.43000030517578,49.400001525878906,49.43000030517578,2685,0.0,0.0,0.0
2024-08-20 15:30:00-04:00,49.419898986816406,49.419898986816406,49.3390007019043,49.3390007019043,830,0.0,0.0,0.0
2024-08-21 09:30:00-04:00,49.68000030517578,49.68000030517578,49.44150161743164,49.44150161743164,0,0.0,0.0,0.0
2024-08-21 10:30:00-04:00,49.560001373291016,49.619998931884766,49.5099983215332,49.580101013183594,2366,0.0,0.0,0.0
2024-08-21 11:30:00-04:00,49.65330123901367,49.65330123901367,49.57500076293945,49.58000183105469,1199,0.0,0.0,0.0
2024-08-21 12:30:00-04:00,49.7400016784668,49.7400016784668,49.7400016784668,49.7400016784668,20594,0.0,0.0,0.0
2024-08-21 13:30:00-04:00,49.74319839477539,49.79499816894531,49.74319839477539,49.78730010986328,1972,0.0,0.0,0.0
2024-08-21 14:30:00-04:00,49.80179977416992,49.80179977416992,49.78499984741211,49.79999923706055,3402,0.0,0.0,0.0
2024-08-21 15:30:00-04:00,49.86000061035156,49.880001068115234,49.86000061035156,49.880001068115234,1066,0.0,0.0,0.0
2024-08-22 09:30:00-04:00,49.83000183105469,49.85749816894531,49.608001708984375,49.67890167236328,4539,0.0,0.0,0.0
2024-08-22 10:30:00-04:00,49.570098876953125,49.78900146484375,49.570098876953125,49.65909957885742,4240,0.0,0.0,0.0
2024-08-22 11:30:00-04:00,49.630001068115234,49.7599983215332,49.630001068115234,49.7599983215332,2833,0.0,0.0,0.0
2024-08-22 12:30:00-04:00,49.79399871826172,49.79999923706055,49.647098541259766,49.689998626708984,2929,0.0,0.0,0.0
2024-08-22 13:30:00-04:00,49.599998474121094,49.67499923706055,49.55379867553711,49.61000061035156,4863,0.0,0.0,0.0
2024-08-22 14:30:00-04:00,49.65190124511719,49.7599983215332,49.65190124511719,49.720001220703125,19681,0.0,0.0,0.0
2024-08-22 15:30:00-04:00,49.679901123046875,49.679901123046875,49.5099983215332,49.599998474121094,6883,0.0,0.0,0.0
2024-08-23 09:30:00-04:00,49.880001068115234,50.630001068115234,49.880001068115234,50.4900016784668,0,0.0,0.0,0.0
2024-08-23 10:30:00-04:00,50.7599983215332,51.0099983215332,50.7599983215332,50.987098693847656,2864,0.0,0.0,0.0
2024-08-23 11:30:00-04:00,51.2489013671875,51.2489013671875,50.90999984741211,50.91999816894531,8711,0.0,0.0,0.0
2024-08-23 12:30:00-04:00,51.00019836425781,51.00019836425781,50.84669876098633,50.84669876098633,704,0.0,0.0,0.0
2024-08-23 13:30:00-04:00,50.97330093383789,50.994998931884766,50.95000076293945,50.98720169067383,2521,0.0,0.0,0.0
2024-08-23 14:30:00-04:00,50.96500015258789,50.992000579833984,50.86000061035156,50.95429992675781,6418,0.0,0.0,0.0
2024-08-23 15:30:00-04:00,50.98529815673828,51.029998779296875,50.959999084472656,51.029998779296875,3799,0.0,0.0,0.0
2024-08-26 09:30:00-04:00,51.470001220703125,51.535701751708984,51.43000030517578,51.475101470947266,3130,0.0,0.0,0.0
2024-08-26 10:30:00-04:00,51.61000061035156,51.61000061035156,51.382999420166016,51.382999420166016,1576,0.0,0.0,0.0
2024-08-26 11:30:00-04:00,51.100799560546875,51.27899932861328,51.100799560546875,51.27899932861328,3550,0.0,0.0,0.0
2024-08-26 12:30:00-04:00,51.25,51.400001525878906,51.25,51.368099212646484,4650,0.0,0.0,0.0
2024-08-26 13:30:00-04:00,51.36000061035156,51.36000061035156,51.209999084472656,51.209999084472656,6066,0.0,0.0,0.0
2024-08-26 14:30:00-04:00,51.268001556396484,51.32899856567383,51.22999954223633,51.27000045776367,5953,0.0,0.0,0.0
2024-08-26 15:30:00-04:00,51.21900177001953,51.21900177001953,51.06999969482422,51.08000183105469,2321,0.0,0.0,0.0
2024-08-27 09:30:00-04:00,50.79999923706055,50.79999923706055,50.55500030517578,50.66999816894531,0,0.0,0.0,0.0
2024-08-27 10:30:00-04:00,50.689998626708984,50.81999969482422,50.662498474121094,50.662498474121094,2848,0.0,0.0,0.0
2024-08-27 11:30:00-04:00,50.64500045776367,50.67499923706055,50.64500045776367,50.65119934082031,2774,0.0,0.0,0.0
2024-08-27 12:30:00-04:00,50.599998474121094,50.71989822387695,50.580101013183594,50.709999084472656,4071,0.0,0.0,0.0
2024-08-27 13:30:00-04:00,50.82500076293945,50.82640075683594,50.779998779296875,50.779998779296875,1698,0.0,0.0,0.0
2024-08-27 14:30:00-04:00,50.87009811401367,50.87009811401367,50.83000183105469,50.849998474121094,1356,0.0,0.0,0.0
2024-08-27 15:30:00-04:00,50.81999969482422,50.83000183105469,50.77159881591797,50.775001525878906,2288,0.0,0.0,0.0
2024-08-28 09:30:00-04:00,50.68000030517578,50.68000030517578,50.56999969482422,50.66999816894531,6145,0.0,0.0,0.0
2024-08-28 10:30:00-04:00,50.71910095214844,50.849998474121094,50.619998931884766,50.619998931884766,2706,0.0,0.0,0.0
2024-08-28 11:30:00-04:00,50.679901123046875,50.679901123046875,50.41999816894531,50.41999816894531,3374,0.0,0.0,0.0
2024-08-28 12:30:00-04:00,50.53739929199219,50.54010009765625,50.53559875488281,50.53900146484375,1367,0.0,0.0,0.0
2024-08-28 13:30:00-04:00,50.5275993347168,50.54890060424805,50.31999969482422,50.31999969482422,3761,0.0,0.0,0.0
2024-08-28 14:30:00-04:00,50.260101318359375,50.58000183105469,50.260101318359375,50.58000183105469,8768,0.0,0.0,0.0
2024-08-28 15:30:00-04:00,50.52000045776367,50.52000045776367,50.470001220703125,50.470001220703125,1337,0.0,0.0,0.0
2024-08-29 09:30:00-04:00,50.7400016784668,50.8291015625,50.46500015258789,50.709999084472656,5715,0.0,0.0,0.0
2024-08-29 11:30:00-04:00,50.904998779296875,51.0614013671875,50.904998779296875,51.0614013671875,2430,0.0,0.0,0.0
2024-08-29 12:30:00-04:00,51.029998779296875,51.08000183105469,51.0,51.04759979248047,2122,0.0,0.0,0.0
2024-08-29 13:30:00-04:00,51.040000915527344,51.16999816894531,51.040000915527344,51.16999816894531,434,0.0,0.0,0.0
2024-08-29 14:30:00-04:00,50.88869857788086,50.939998626708984,50.849998474121094,50.939998626708984,2133,0.0,0.0,0.0
2024-08-29 15:30:00-04:00,50.720001220703125,50.79999923706055,50.720001220703125,50.79999923706055,1291,0.0,0.0,0.0
2024-08-30 09:30:00-04:00,50.900001525878906,50.900001525878906,50.900001525878906,50.900001525878906,369,0.0,0.0,0.0
2024-08-30 10:30:00-04:00,50.922401428222656,50.93989944458008,50.9099006652832,50.9099006652832,2785,0.0,0.0,0.0
2024-08-30 11:30:00-04:00,50.6599006652832,50.68000030517578,50.600101470947266,50.600101470947266,3181,0.0,0.0,0.0
2024-08-30 12:30:00-04:00,50.439998626708984,50.551700592041016,50.439998626708984,50.5099983215332,1983,0.0,0.0,0.0
2024-08-30 13:30:00-04:00,50.55500030517578,50.749900817871094,50.55500030517578,50.69820022583008,2853,0.0,0.0,0.0
2024-08-30 14:30:00-04:00,50.75,50.755001068115234,50.75,50.755001068115234,515,0.0,0.0,0.0
2024-08-30 15:30:00-04:00,50.91999816894531,51.150001525878906,50.91999816894531,51.150001525878906,1293,0.0,0.0,0.0
2024-09-03 09:30:00-04:00,50.75,50.75,50.189998626708984,50.238399505615234,0,0.0,0.0,0.0
2024-09-03 10:30:00-04:00,50.124000549316406,50.124000549316406,50.124000549316406,50.124000549316406,2064,0.0,0.0,0.0
2024-09-03 11:30:00-04:00,50.2400016784668,50.2400016784668,50.119998931884766,50.119998931884766,2400,0.0,0.0,0.0
2024-09-03 12:30:00-04:00,50.060001373291016,50.069801330566406,50.0,50.04999923706055,6013,0.0,0.0,0.0
2024-09-03 13:30:00-04:00,49.91999816894531,49.929901123046875,49.919898986816406,49.929901123046875,596,0.0,0.0,0.0
2024-09-03 14:30:00-04:00,49.880001068115234,49.900001525878906,49.849998474121094,49.88990020751953,1489,0.0,0.0,0.0
2024-09-03 15:30:00-04:00,49.849998474121094,49.869998931884766,49.775001525878906,49.869998931884766,2601,0.0,0.0,0.0
2024-09-04 09:30:00-04:00,49.80860137939453,49.80860137939453,49.619998931884766,49.79010009765625,1589,0.0,0.0,0.0
2024-09-04 10:30:00-04:00,49.869998931884766,50.09000015258789,49.869998931884766,49.94810104370117,9595,0.0,0.0,0.0
2024-09-04 11:30:00-04:00,49.79999923706055,49.808101654052734,49.685001373291016,49.79499816894531,4156,0.0,0.0,0.0
2024-09-04 12:30:00-04:00,49.80500030517578,49.849998474121094,49.71009826660156,49.71139907836914,2683,0.0,0.0,0.0
2024-09-04 13:30:00-04:00,49.65999984741211,49.65999984741211,49.532100677490234,49.630001068115234,7069,0.0,0.0,0.0
2024-09-04 14:30:00-04:00,49.53179931640625,49.540000915527344,49.466800689697266,49.466800689697266,3129,0.0,0.0,0.0
2024-09-04 15:30:00-04:00,49.529998779296875,49.529998779296875,49.529998779296875,49.529998779296875,860,0.0,0.0,0.0
2024-09-05 09:30:00-04:00,49.779998779296875,49.779998779296875,49.395198822021484,49.49100112915039,2541,0.0,0.0,0.0
2024-09-05 10:30:00-04:00,49.540000915527344,49.540000915527344,49.191001892089844,49.191001892089844,1915,0.0,0.0,0.0
2024-09-05 11:30:00-04:00,49.15999984741211,49.15999984741211,49.11000061035156,49.13999938964844,1054,0.0,0.0,0.0
2024-09-05 12:30:00-04:00,49.211299896240234,49.244998931884766,49.211299896240234,49.244998931884766,1159,0.0,0.0,0.0
2024-09-05 13:30:00-04:00,49.275001525878906,49.350101470947266,49.275001525878906,49.350101470947266,1418,0.0,0.0,0.0
2024-09-05 14:30:00-04:00,49.400001525878906,49.400001525878906,49.2400016784668,49.2400016784668,2300,0.0,0.0,0.0
2024-09-05 15:30:00-04:00,49.275001525878906,49.275001525878906,49.20500183105469,49.23939895629883,3173,0.0,0.0,0.0
2024-09-06 09:30:00-04:00,49.189998626708984,49.4989013671875,49.09989929199219,49.09989929199219,0,0.0,0.0,0.0
2024-09-06 10:30:00-04:00,48.810001373291016,48.810001373291016,48.50389862060547,48.50389862060547,1124,0.0,0.0,0.0
2024-09-06 11:30:00-04:00,48.544898986816406,48.55509948730469,48.48500061035156,48.50859832763672,3063,0.0,0.0,0.0
2024-09-06 12:30:00-04:00,48.501800537109375,48.689998626708984,48.41999816894531,48.689998626708984,5733,0.0,0.0,0.0
2024-09-06 13:30:00-04:00,48.64899826049805,48.64899826049805,48.5531005859375,48.5531005859375,1389,0.0,0.0,0.0
2024-09-06 14:30:00-04:00,48.334999084472656,48.59000015258789,48.334999084472656,48.59000015258789,1069,0.0,0.0,0.0
2024-09-06 15:30:00-04:00,48.54999923706055,48.560001373291016,48.47760009765625,48.560001373291016,4415,0.0,0.0,0.0
2024-09-09 09:30:00-04:00,48.560001373291016,48.65999984741211,48.459999084472656,48.65999984741211,0,0.0,0.0,0.0
2024-09-09 10:30:00-04:00,48.570499420166016,48.570499420166016,48.52479934692383,48.52479934692383,1492,0.0,0.0,0.0
2024-09-09 11:30:00-04:00,48.619998931884766,48.810001373291016,48.59669876098633,48.79759979248047,5358,0.0,0.0,0.0
2024-09-09 12:30:00-04:00,48.77349853515625,48.82899856567383,48.7599983215332,48.77000045776367,2683,0.0,0.0,0.0
2024-09-09 13:30:00-04:00,48.688201904296875,48.688201904296875,48.58000183105469,48.5989990234375,1874,0.0,0.0,0.0
2024-09-09 14:30:00-04:00,48.59000015258789,48.619998931884766,48.52410125732422,48.52410125732422,1221,0.0,0.0,0.0
2024-09-09 15:30:00-04:00,48.5,48.5099983215332,48.400001525878906,48.400001525878906,4288,0.0,0.0,0.0
2024-09-10 09:30:00-04:00,48.41999816894531,48.41999816894531,48.153099060058594,48.153099060058594,0,0.0,0.0,0.0
2024-09-10 10:30:00-04:00,48.17499923706055,48.17499923706055,48.17499923706055,48.17499923706055,463,0.0,0.0,0.0
2024-09-10 11:30:00-04:00,48.060001373291016,48.060001373291016,47.93000030517578,47.93000030517578,929,0.0,0.0,0.0
2024-09-10 12:30:00-04:00,47.91999816894531,47.91999816894531,47.91999816894531,47.91999816894531,316,0.0,0.0,0.0
2024-09-10 13:30:00-04:00,48.11949920654297,48.130001068115234,48.11949920654297,48.130001068115234,824,0.0,0.0,0.0
2024-09-10 14:30:00-04:00,48.244998931884766,48.27000045776367,48.23500061035156,48.27000045776367,1158,0.0,0.0,0.0
2024-09-10 15:30:00-04:00,48.189998626708984,48.34000015258789,48.16999816894531,48.34000015258789,3768,0.0,0.0,0.0
2024-09-11 09:30:00-04:00,48.150001525878906,48.150001525878906,47.75,47.75,0,0.0,0.0,0.0
2024-09-11 10:30:00-04:00,47.349998474121094,47.35499954223633,47.334999084472656,47.35499954223633,2018,0.0,0.0,0.0
2024-09-11 11:30:00-04:00,47.630001068115234,47.64860153198242,47.45690155029297,47.64860153198242,7481,0.0,0.0,0.0
2024-09-11 12:30:00-04:00,47.79999923706055,47.79999923706055,47.782501220703125,47.79999923706055,977,0.0,0.0,0.0
2024-09-11 13:30:00-04:00,48.03139877319336,48.03139877319336,47.95000076293945,47.9900016784668,0,0.0,0.0,0.0
2024-09-11 14:30:00-04:00,47.9900016784668,48.18000030517578,47.9900016784668,48.1510009765625,25933,0.0,0.0,0.0
2024-09-11 15:30:00-04:00,48.23789978027344,48.25,48.099998474121094,48.220001220703125,4271,0.0,0.0,0.0
2024-09-12 09:30:00-04:00,48.29999923706055,48.41999816894531,48.07389831542969,48.398101806640625,0,0.0,0.0,0.0
2024-09-12 10:30:00-04:00,48.51499938964844,48.650001525878906,48.4900016784668,48.650001525878906,5945,0.0,0.0,0.0
2024-09-12 11:30:00-04:00,48.66999816894531,48.66999816894531,48.470001220703125,48.52000045776367,4156,0.0,0.0,0.0
2024-09-12 12:30:00-04:00,48.491798400878906,48.70899963378906,48.45640182495117,48.62620162963867,2258,0.0,0.0,0.0
2024-09-12 13:30:00-04:00,48.758201599121094,48.900001525878906,48.68000030517578,48.68000030517578,785,0.0,0.0,0.0
2024-09-12 14:30:00-04:00,48.63999938964844,48.66999816894531,48.619998931884766,48.64500045776367,5921,0.0,0.0,0.0
2024-09-12 15:30:00-04:00,48.66999816894531,48.70000076293945,48.61000061035156,48.70000076293945,6180,0.0,0.0,0.0
2024-09-13 09:30:00-04:00,49.220001220703125,49.63999938964844,49.220001220703125,49.63999938964844,4326,0.0,0.0,0.0
2024-09-13 10:30:00-04:00,49.66999816894531,49.75,49.560001373291016,49.59000015258789,1601,0.0,0.0,0.0
2024-09-13 11:30:00-04:00,49.685001373291016,49.95000076293945,49.685001373291016,49.95000076293945,6776,0.0,0.0,0.0
2024-09-13 12:30:00-04:00,49.849998474121094,49.86000061035156,49.810001373291016,49.810001373291016,2159,0.0,0.0,0.0
2024-09-13 13:30:00-04:00,49.732398986816406,49.732398986816406,49.70000076293945,49.70000076293945,570,0.0,0.0,0.0
2024-09-13 14:30:00-04:00,49.6515998840332,49.720001220703125,49.62839889526367,49.62839889526367,2321,0.0,0.0,0.0
2024-09-13 15:30:00-04:00,49.720001220703125,49.869998931884766,49.720001220703125,49.869998931884766,2277,0.0,0.0,0.0
2024-09-16 09:30:00-04:00,50.060001373291016,50.25,50.040000915527344,50.040000915527344,0,0.0,0.0,0.0
2024-09-16 10:30:00-04:00,49.92499923706055,49.970001220703125,49.845001220703125,49.89820098876953,5732,0.0,0.0,0.0
2024-09-16 11:30:00-04:00,49.845001220703125,50.06999969482422,49.845001220703125,50.06999969482422,9294,0.0,0.0,0.0
2024-09-16 12:30:00-04:00,50.13999938964844,50.13999938964844,50.04130172729492,50.04130172729492,1603,0.0,0.0,0.0
2024-09-16 13:30:00-04:00,50.099998474121094,50.099998474121094,50.029998779296875,50.099998474121094,1635,0.0,0.0,0.0
2024-09-16 14:30:00-04:00,50.095001220703125,50.15999984741211,50.077701568603516,50.11000061035156,4534,0.0,0.0,0.0
2024-09-16 15:30:00-04:00,50.099998474121094,50.209999084472656,50.099998474121094,50.20000076293945,2485,0.0,0.0,0.0
2024-09-17 09:30:00-04:00,50.540000915527344,50.814998626708984,50.540000915527344,50.814998626708984,2267,0.0,0.0,0.0
2024-09-17 10:30:00-04:00,51.06999969482422,51.26900100708008,51.06999969482422,51.24789810180664,4016,0.0,0.0,0.0
2024-09-17 11:30:00-04:00,51.25859832763672,51.33000183105469,51.11000061035156,51.11000061035156,2374,0.0,0.0,0.0
2024-09-17 12:30:00-04:00,51.09370040893555,51.09370040893555,50.76499938964844,50.81999969482422,0,0.0,0.0,0.0
2024-09-17 13:30:00-04:00,50.86000061035156,50.91999816894531,50.75699996948242,50.88999938964844,12483,0.0,0.0,0.0
2024-09-17 14:30:00-04:00,50.81999969482422,50.81999969482422,50.81999969482422,50.81999969482422,913,0.0,0.0,0.0
2024-09-17 15:30:00-04:00,50.720001220703125,50.84000015258789,50.66999816894531,50.83000183105469,1431,0.0,0.0,0.0
2024-09-18 09:30:00-04:00,50.90299987792969,51.02000045776367,50.77299880981445,50.77299880981445,1655,0.0,0.0,0.0
2024-09-18 10:30:00-04:00,50.729801177978516,50.89739990234375,50.70000076293945,50.80500030517578,21218,0.0,0.0,0.0
2024-09-18 11:30:00-04:00,50.79999923706055,50.79999923706055,50.70000076293945,50.74959945678711,2742,0.0,0.0,0.0
2024-09-18 12:30:00-04:00,50.72999954223633,50.77000045776367,50.689998626708984,50.689998626708984,563,0.0,0.0,0.0
2024-09-18 13:30:00-04:00,50.77000045776367,51.619998931884766,50.75,51.619998931884766,2076,0.0,0.0,0.0
2024-09-18 14:30:00-04:00,51.72999954223633,51.970001220703125,51.099998474121094,51.36000061035156,9378,0.0,0.0,0.0
2024-09-18 15:30:00-04:00,51.029998779296875,51.029998779296875,50.849998474121094,50.849998474121094,6770,0.0,0.0,0.0
2024-09-19 09:30:00-04:00,51.970001220703125,51.970001220703125,51.34000015258789,51.38999938964844,5146,0.0,0.0,0.0
2024-09-19 10:30:00-04:00,51.650001525878906,51.650001525878906,51.37189865112305,51.5,3581,0.0,0.0,0.0
2024-09-19 11:30:00-04:00,51.4984016418457,51.60929870605469,51.4385986328125,51.5806999206543,3207,0.0,0.0,0.0
2024-09-19 12:30:00-04:00,51.71670150756836,51.7400016784668,51.68199920654297,51.68199920654297,476,0.0,0.0,0.0
2024-09-19 13:30:00-04:00,51.650001525878906,51.75189971923828,51.57979965209961,51.57979965209961,5355,0.0,0.0,0.0
2024-09-19 14:30:00-04:00,51.66600036621094,51.720001220703125,51.560001373291016,51.560001373291016,15747,0.0,0.0,0.0
2024-09-19 15:30:00-04:00,51.56999969482422,51.63999938964844,51.56850051879883,51.63999938964844,9011,0.0,0.0,0.0
2024-09-20 09:30:00-04:00,51.470001220703125,51.470001220703125,51.224998474121094,51.400001525878906,0,0.0,0.0,0.0
2024-09-20 10:30:00-04:00,51.362098693847656,51.375,51.220001220703125,51.2400016784668,3271,0.0,0.0,0.0
2024-09-20 11:30:00-04:00,51.13970184326172,51.40909957885742,51.13970184326172,51.35499954223633,7266,0.0,0.0,0.0
2024-09-20 12:30:00-04:00,51.349998474121094,51.439998626708984,51.349998474121094,51.439998626708984,4154,0.0,0.0,0.0
2024-09-20 13:30:00-04:00,51.43000030517578,51.43000030517578,51.2963981628418,51.2963981628418,6039,0.0,0.0,0.0
2024-09-20 14:30:00-04:00,51.22999954223633,51.239898681640625,51.13010025024414,51.194400787353516,3854,0.0,0.0,0.0
2024-09-20 15:30:00-04:00,51.259700775146484,51.310001373291016,51.08000183105469,51.16999816894531,4338,0.0,0.0,0.0
2024-09-23 09:30:00-04:00,51.34000015258789,51.345001220703125,51.242401123046875,51.242401123046875,0,0.0,0.0,0.0
2024-09-23 10:30:00-04:00,51.154998779296875,51.19499969482422,50.959999084472656,50.98320007324219,3313,0.0,0.0,0.0
2024-09-23 11:30:00-04:00,51.0099983215332,51.04499816894531,50.94129943847656,51.0,1874,0.0,0.0,0.0
2024-09-23 12:30:00-04:00,50.95009994506836,51.06999969482422,50.95009994506836,51.064998626708984,3726,0.0,0.0,0.0
2024-09-23 13:30:00-04:00,51.220001220703125,51.220001220703125,51.099998474121094,51.169898986816406,2717,0.0,0.0,0.0
2024-09-23 14:30:00-04:00,51.145599365234375,51.20000076293945,51.099998474121094,51.16999816894531,7798,0.0,0.0,0.0
2024-09-23 15:30:00-04:00,51.20000076293945,51.20000076293945,51.130001068115234,51.130001068115234,2066,0.0,0.0,0.0
2024-09-24 09:30:00-04:00,51.2599983215332,51.436798095703125,51.2599983215332,51.41550064086914,0,0.0,0.0,0.0
2024-09-24 10:30:00-04:00,51.404998779296875,51.43000030517578,51.17499923706055,51.43000030517578,2016,0.0,0.0,0.0
2024-09-24 11:30:00-04:00,51.275001525878906,51.36669921875,51.2599983215332,51.33000183105469,3168,0.0,0.0,0.0
2024-09-24 12:30:00-04:00,51.36000061035156,51.4197998046875,51.36000061035156,51.4197998046875,451,0.0,0.0,0.0
2024-09-24 13:30:00-04:00,51.45009994506836,51.45009994506836,51.3849983215332,51.3849983215332,5545,0.0,0.0,0.0
2024-09-24 14:30:00-04:00,51.41999816894531,51.459999084472656,51.3650016784668,51.38999938964844,3150,0.0,0.0,0.0
2024-09-24 15:30:00-04:00,51.43989944458008,51.43989944458008,51.369998931884766,51.369998931884766,0,0.0,0.0,0.0
2024-09-25 09:30:00-04:00,51.34000015258789,51.34000015258789,50.99250030517578,51.03499984741211,9029,0.0,0.0,0.0
2024-09-25 10:30:00-04:00,51.079898834228516,51.10770034790039,50.96500015258789,50.96500015258789,1429,0.0,0.0,0.0
2024-09-25 11:30:00-04:00,50.919700622558594,50.919700622558594,50.81769943237305,50.849998474121094,4209,0.0,0.0,0.0
2024-09-25 12:30:00-04:00,50.744300842285156,50.77539825439453,50.67499923706055,50.70000076293945,3981,0.0,0.0,0.0
2024-09-25 13:30:00-04:00,50.619998931884766,50.709999084472656,50.619998931884766,50.709999084472656,7247,0.0,0.0,0.0
2024-09-25 14:30:00-04:00,50.72999954223633,50.8140983581543,50.724098205566406,50.74440002441406,5079,0.0,0.0,0.0
2024-09-25 15:30:00-04:00,50.77000045776367,50.77000045776367,50.65769958496094,50.66999816894531,2100,0.0,0.0,0.0
2024-09-26 09:30:00-04:00,51.02000045776367,51.289398193359375,51.02000045776367,51.02320098876953,7139,0.0,0.0,0.0
2024-09-26 11:30:00-04:00,51.15850067138672,51.15850067138672,51.09000015258789,51.099998474121094,2434,0.0,0.0,0.0
2024-09-26 12:30:00-04:00,51.071800231933594,51.15999984741211,51.03499984741211,51.03499984741211,4004,0.0,0.0,0.0
2024-09-26 13:30:00-04:00,51.13930130004883,51.15999984741211,51.05009841918945,51.09989929199219,3897,0.0,0.0,0.0
2024-09-26 14:30:00-04:00,51.096900939941406,51.096900939941406,51.05500030517578,51.060001373291016,1055,0.0,0.0,0.0
2024-09-26 15:30:00-04:00,51.02000045776367,51.060001373291016,51.02000045776367,51.029998779296875,1508,0.0,0.0,0.0
2024-09-27 09:30:00-04:00,51.47999954223633,51.510799407958984,51.3849983215332,51.510799407958984,6753,0.0,0.0,0.0
2024-09-27 10:30:00-04:00,51.67839813232422,51.889198303222656,51.67839813232422,51.889198303222656,864,0.0,0.0,0.0
2024-09-27 11:30:00-04:00,51.79999923706055,51.79999923706055,51.584999084472656,51.61790084838867,1555,0.0,0.0,0.0
2024-09-27 12:30:00-04:00,51.525001525878906,51.525001525878906,51.439998626708984,51.48699951171875,1693,0.0,0.0,0.0
2024-09-27 13:30:00-04:00,51.4031982421875,51.43000030517578,51.279998779296875,51.279998779296875,3346,0.0,0.0,0.0
2024-09-27 14:30:00-04:00,51.39400100708008,51.39400100708008,51.39400100708008,51.39400100708008,533,0.0,0.0,0.0
2024-09-27 15:30:00-04:00,51.25630187988281,51.388301849365234,51.25630187988281,51.380001068115234,3397,0.0,0.0,0.0
